Bengali,Chakma,Tense
তুমি উপর্যুপরি তাকিে থেকো না,𑄖𑄪𑄃𑄨 𑄃𑄪𑄢𑄴𑄉𑄪𑄟𑄳𑄠 𑄉𑄧𑄢𑄨 𑄚𑄧 𑄗𑄬𑄃𑄨𑄌𑄴,Present
তোমার আমার ভ লাগবে না,𑄖𑄧 𑄟𑄪𑄠𑄮 𑄞𑄌𑄴 𑄚𑄧 𑄡𑄬𑄝𑄧 𑄞𑄧𑄌𑄴,Future
কোন জনে সাতকা চিন্তা না করলে,𑄇𑄧𑄚𑄧 𑄎𑄧𑄚𑄬 𑄥𑄖𑄴𑄇𑄟𑄴 𑄚𑄧 𑄞𑄝𑄨𑄣𑄬𑄠𑄳𑄠𑄧,Past
কথা বলতে বলতে তোমার ভালো লাগে,𑄇𑄧𑄙 𑄇𑄧𑄚𑄖𑄴 𑄖𑄧 𑄞𑄏𑄬,Present
"বন্ধু,তারুম জঙ্গল থেকে উঠে গেলে","𑄥𑄧𑄚𑄴𑄞𑄪𑄃𑄨, 𑄖𑄢𑄪𑄟𑄴 𑄏𑄢𑄴 𑄃𑄪𑄘𑄨 𑄡𑄬𑄣𑄬𑄠𑄳𑄠𑄧",Past
দৌাদৌি করলে,𑄍𑄧𑄢-𑄍𑄧𑄢𑄨 𑄥𑄏 𑄦𑄧𑄣𑄬𑄠𑄳𑄠𑄧,Past
"প্রাণটা বাজাবো,তোমার সে","𑄛𑄧𑄢𑄚𑄴 𑄝𑄎𑄬 𑄌𑄬𑄃𑄨𑄟𑄴, 𑄖𑄧𑄢𑄴 𑄥𑄬",Future
"আগের মতো, রং ভরা পিঁপা","𑄃𑄉𑄧 𑄙𑄧𑄇𑄴, 𑄢𑄧𑄋𑄴 𑄞𑄧𑄢𑄧𑄚𑄴 𑄛𑄨𑄢𑄮𑄚𑄴",Present
রংচঙে আনার জন্য ফিরে,𑄢𑄧𑄋𑄴𑄌𑄧𑄇𑄴𑄥𑄧𑄇𑄳𑄠𑄬 𑄃𑄚𑄨𑄝𑄢𑄴 𑄜𑄨𑄢𑄬।,Present
ধনপুটি,𑄙𑄧𑄚𑄴𑄛𑄪𑄘𑄨!,Present
".তারুম জঙ্গল নেই,ব","𑄖𑄢𑄪𑄟𑄴 𑄏𑄢𑄴 𑄚𑄬𑄃𑄨, 𑄞𑄝𑄧𑄢𑄴",Present
"কেন বানাবে সুগন্ধি,ব কাপ","𑄇𑄬𑄚𑄬 𑄝𑄚𑄬𑄝𑄬 𑄥𑄮𑄌𑄴𑄎𑄬𑄇𑄴, 𑄝𑄧 𑄇𑄘𑄨",Future
"চ গাছ,সীালের পাশে একনাগাে ফুল আছে","𑄌𑄧 𑄉𑄌𑄴, 𑄥𑄨𑄣𑄴 𑄇𑄧𑄢𑄮𑄃𑄨 𑄃 𑄚𑄇𑄴𑄥𑄜𑄪𑄣𑄧 𑄉𑄌𑄴 𑄚𑄬𑄃𑄨",Present
বানাতে পারবে না বিে,𑄝𑄚𑄬 𑄚𑄧 𑄛𑄢𑄨𑄝𑄬 𑄝𑄨𑄠𑄮𑄋𑄴।,Future
ওই মেেটা পাহাে সব চে দিল,𑄃𑄧𑄃𑄨 𑄟𑄬𑄠𑄬 𑄟𑄪𑄢𑄮𑄖𑄴 𑄝𑄨𑄎𑄮𑄢𑄴 𑄌𑄢𑄳𑄦𑄬 𑄘𑄨𑄣𑄪𑄋𑄴,Past
তোমার সে বানানোর শখ আছে,𑄖𑄧 𑄥𑄬 𑄝𑄚𑄬𑄝𑄢𑄴 𑄥𑄧𑄌𑄴𑄛𑄧𑄘𑄧𑄢𑄴 𑄥𑄪𑄚𑄴𑄎𑄪𑄇𑄴।,Present
".নিঃশব্দ করে ঘুমাই যাও,চিন্তা করিও না মনে","𑄚𑄨𑄛𑄧𑄢𑄴𑄞 𑄉𑄧𑄢𑄨 𑄊𑄪𑄟𑄴 𑄡, 𑄌𑄨𑄘𑄬 𑄚𑄧 𑄃𑄚𑄨𑄌𑄴 𑄟𑄧𑄚𑄧𑄖𑄴",Present
ধরে ধরে বেঁধে থাকতে পারবে না সে,"𑄙𑄧𑄢𑄴𑄡𑄮 𑄙𑄧𑄢𑄨 𑄝𑄌𑄴𑄎𑄬 𑄛𑄬𑄝𑄬 𑄚𑄧 𑄗𑄬𑄝𑄧 𑄇𑄧𑄚𑄧 𑄃𑄪𑄚𑄧,",Future
.পুেতে মনের ইচ্ছা পূরণ করতে পারবে,𑄛𑄪𑄢𑄬𑄃𑄨 𑄛𑄢𑄨𑄝𑄬 𑄟𑄧𑄚𑄧𑄢𑄴 𑄃𑄃𑄧𑄱𑄌𑄴।,Future
দক্ষিণ পশ্চিম থেকে,𑄘𑄧𑄉𑄨𑄚𑄴 𑄛𑄧𑄎𑄨𑄟𑄬𑄖𑄴𑄖𑄪𑄚𑄴,Present
কালো মেে দৌে আসছে,𑄇𑄣 𑄟𑄬𑄉𑄬 𑄙𑄉𑄨 𑄃𑄚𑄬𑄢𑄴,Present
এক জাতী বুনো ফল যা সবজি হিসেবে ব্যবহৃত হ,𑄦𑄨𑄣𑄧𑄢𑄴 𑄦𑄬𑄭𑄣𑄴 𑄃𑄉𑄌𑄴𑄥𑄚𑄴,Present
"কি হবে,কি হবে","𑄇𑄨 𑄦𑄧𑄞𑄧, 𑄇𑄨 𑄉𑄧𑄢𑄨𑄝𑄧𑄋𑄴",Future
বািটা দুা দেখলে ভাঙা ভাঙা,𑄊𑄧𑄢𑄴 𑄘𑄪𑄠𑄢𑄴 𑄌𑄬𑄣𑄬 𑄞𑄋 𑄞𑄋।,Present
বাঁশের কলা বলে আজকে,𑄝𑄘𑄨𑄠𑄳𑄠 𑄇𑄧𑄠𑄴𑄘𑄬 𑄃𑄎𑄨,Present
মুরগীর গািটা ডাকতেছে,𑄇𑄪𑄟𑄮𑄎𑄧 𑄉𑄌𑄴𑄍𑄪 𑄘𑄉𑄨 𑄇𑄧𑄢𑄴,Present
কেলা কথা গুলো আসে কেন?,𑄇𑄬𑄣𑄳𑄠 𑄇𑄧𑄙𑄚𑄨 𑄃𑄬𑄌𑄳𑄠𑄬 𑄇𑄨 𑄇𑄧𑄌𑄴?,Present
৮১০৩. সাল,"𑄷𑅄𑄾𑄹 𑄥𑄣𑄧𑄖𑄴,",Present
সে মুরগিটা কেটে দিল,𑄥𑄬 𑄇𑄪𑄟𑄮𑄎𑄧 𑄉𑄌𑄴𑄍𑄱 𑄇𑄝𑄨 𑄘𑄨𑄣𑄇𑄴,Past
সে ছোট ছেলে-মেে,𑄥𑄬 𑄌𑄨𑄉𑄮𑄚𑄴 𑄉𑄏𑄬-𑄝𑄎𑄬,Present
১. তার মানে আর মানে না ২. তার মানে নাই,𑄖𑄚𑄴 𑄚𑄧 𑄟𑄚𑄬𑄢𑄴 𑄃𑄢𑄴।,Present
যে গাছের ফুল থেকে ফল বের হ,𑄡𑄬 𑄉𑄏𑄧 𑄜𑄪𑄣𑄧𑄖𑄴𑄪𑄚𑄴 𑄜𑄧𑄣𑄴 𑄙𑄪𑄢𑄨,Present
এক জাতী গাছ,"𑄃𑄪𑄘𑄨𑄝𑄇𑄴 𑄚𑄪𑄠𑄱 𑄉𑄧𑄢𑄨 𑄉𑄌𑄴,",Present
এই গাছটি হাত দিলে,𑄥𑄬 𑄉𑄌𑄴𑄥𑄪𑄚𑄴 𑄦𑄖𑄴 𑄘𑄨𑄣𑄬,Past
ব ব হেছে এমন,𑄘𑄋𑄴𑄘𑄋𑄳𑄠𑄬 𑄦𑄧𑄞𑄧 𑄦𑄨𑄣𑄴 𑄌𑄘𑄨𑄉𑄋𑄴।,Present
মনে হ আমি তোমার জন্য অপেক্ষা করছি,𑄞𑄝𑄨 𑄌𑄧 𑄝𑄪𑄏𑄨 𑄌𑄧 𑄟𑄪𑄢𑄧𑄖𑄴𑄛𑄪𑄢𑄨,Present
মেেদের নাচতে হবে,𑄟𑄨𑄣𑄬 𑄎𑄖𑄴𑄖𑄱 𑄝𑄎 𑄛𑄧𑄢𑄨𑄝𑄧,Future
এখানে আমার বাবা থাকেন,𑄃𑄨𑄠𑄚𑄴 𑄟𑄧𑄢𑄴 𑄝𑄬𑄉𑄧 𑄃𑄨𑄙𑄪 𑄖𑄪𑄘𑄨।,Present
কি হেছে তোমার,"𑄇𑄨 𑄦𑄧𑄣𑄧 𑄎𑄪𑄟𑄴𑄴𑄟𑄧𑄝𑄨 𑄖𑄧𑄢𑄴,",Present
.শুধু চোখ মেলে তাকিে থাকে,𑄝𑄚 𑄌𑄮𑄇𑄴 𑄛𑄬𑄣𑄳𑄦𑄬 𑄛𑄬𑄣𑄳𑄦𑄬 𑄌𑄬𑄃𑄨 𑄃𑄊𑄧𑄌𑄴,Present
নাচা না করে চোখ লাল করে তাকানো,𑄚𑄧 𑄣𑄧𑄢𑄬 𑄚𑄧 𑄌𑄧𑄢𑄬 𑄌𑄮𑄇𑄴 𑄢𑄋,Present
চোখের পাতা একনাগাে করো,𑄌𑄮𑄉𑄧 𑄛𑄘 𑄃𑄬𑄇𑄴 𑄚𑄧 𑄉𑄧𑄢𑄧𑄌𑄴।,Present
কি হেছে তোমার মাথা,𑄇𑄨 𑄦𑄧𑄠𑄬 𑄖𑄧𑄢𑄴 𑄞𑄋𑄨 𑄇𑄧।,Present
তোমরা আমাদের তেরটা ভাইদের এক বোন,"𑄖𑄪𑄃𑄨 𑄃𑄟𑄳𑄦 𑄖𑄬𑄢𑄧𑄝𑄱 𑄞𑄬𑄃𑄨𑄠𑄮𑄢𑄴 𑄃𑄬𑄇𑄴𑄇𑄱 𑄝𑄮𑄚𑄴,",Present
কত ব নাগাল পেলাম তোমাকে,𑄇𑄧𑄙𑄧𑄇𑄴 𑄙𑄢𑄎𑄬 𑄛𑄬𑄣𑄧𑄋𑄴 𑄖𑄧𑄢𑄬,Past
জীবন বেঁচে থাকে,𑄎𑄨𑄁𑄇𑄚𑄨 𑄝𑄎𑄨 𑄗𑄇𑄴𑄇𑄬,Present
তোমাকে আমি দুঃখ দিতে চাই না,𑄖𑄧𑄢𑄬 𑄃𑄟𑄨 𑄘𑄪𑄇𑄴 𑄘𑄨𑄝𑄢𑄴 𑄚𑄧 𑄌𑄬𑄃𑄨।,Present
বার বার তোমাকে নিে যাই,𑄝𑄢𑄴 𑄉𑄧𑄢𑄧𑄋𑄴 𑄖𑄧𑄟𑄢𑄬 𑄚𑄨𑄚𑄬𑄃𑄨,Present
"পৃথিবীতে কেউ নেই, কার কথা আছে না","𑄛𑄨𑄖𑄴𑄗𑄨𑄟𑄨 𑄝𑄨𑄎𑄧𑄉𑄧𑄖𑄴, 𑄇𑄢𑄧 𑄇𑄧𑄝𑄣𑄧𑄖𑄴 𑄚𑄬𑄃𑄨 𑄖𑄬𑄢𑄧 𑄞𑄬𑄃𑄨।",Present
তোমরা ভে ভে মার খাও,𑄖𑄪𑄟𑄨 𑄞𑄬𑄃𑄨𑄠𑄬 𑄞𑄬𑄃𑄨𑄠𑄬 𑄉𑄧𑄢𑄧𑄢𑄴 𑄟𑄢 𑄟𑄢𑄨।,Present
গাঙে গেলে ঝাু মরে,𑄉𑄋𑄧𑄖𑄴 𑄡𑄬𑄣𑄬 𑄏𑄝𑄧𑄚𑄴 𑄟𑄧𑄢𑄬,Present
"এখানে গেলে বাতাস, বাু",𑄃𑄨𑄌𑄴𑄇𑄪𑄣𑄧𑄖𑄴 𑄡𑄬𑄣𑄬 𑄞𑄬𑄌𑄴𑄍𑄚𑄴,Present
পাহাের পাতা কাটা যা না,𑄘𑄢𑄴𑄝𑄱 𑄛𑄘 𑄇𑄧𑄎 𑄡𑄬𑄃𑄨 𑄚𑄧 𑄛𑄢𑄧𑄋𑄴,Present
ভিন্ন জাতের ভে,𑄞𑄨𑄚𑄴 𑄎𑄖𑄴𑄖𑄱 𑄘𑄧𑄢𑄬।,Present
.নিঃশব্দ কোনো জাগা,𑄚𑄨𑄛𑄧𑄢𑄴𑄞 𑄚𑄬𑄃𑄨 𑄟𑄧𑄢𑄴 𑄇𑄧𑄚𑄧 𑄎𑄉𑄖𑄴,Present
ভাঙা কলকি দিে তোমাদেরকে ডাকতেছি,𑄞𑄋𑄨 𑄇𑄧𑄣𑄪𑄋𑄴 𑄖𑄧𑄟𑄢𑄬,Present
এবার তোমরা কি গরিব,𑄃𑄬𑄝𑄢𑄴 𑄖𑄪𑄟𑄨 𑄇𑄨 𑄉𑄧𑄢𑄨𑄝?,Present
তোমাদের নানিের বোন,𑄚𑄧𑄠𑄴 𑄦𑄢𑄬𑄝 𑄖𑄧𑄟 𑄚𑄮𑄚𑄨𑄠𑄬 𑄝𑄮𑄚𑄴,Present
পাহাের চূা,𑄟𑄪𑄃𑄨 𑄌𑄋𑄴𑄟,Present
বাঙালিতে আছে নাকি আমি বাঙালি,𑄝𑄁𑄣𑄘𑄬𑄏𑄧𑄖𑄴 𑄃𑄊𑄧𑄁 𑄞𑄨𑄣𑄨 𑄚𑄧𑄠𑄴 𑄟𑄪𑄃𑄨 𑄝𑄋𑄣𑄨,Present
এখান থেকে বেশি ব চিনেছি আমি,𑄃𑄨𑄖𑄴𑄪𑄚𑄴 𑄝𑄬𑄌𑄴 𑄘𑄋𑄧𑄢𑄴 𑄌𑄨𑄚𑄴𑄛𑄧𑄌𑄳𑄠𑄬 𑄟𑄪𑄃𑄨 𑄎𑄪𑄟𑄴𑄧 𑄎𑄘𑄨,Present
এক জাতী বুনো ফল যা সবজি হিসেবে ব্যবহৃত হ,𑄦𑄨𑄣𑄴 𑄌𑄘𑄨𑄉𑄋𑄧𑄢𑄴 𑄃𑄘𑄨𑄝𑄥𑄨।,Present
মুখে আছে ভাত,𑄟𑄪𑄃𑄨 𑄃𑄊𑄬 𑄞𑄌𑄴।,Present
আমি আছি উপরে,𑄟𑄪𑄃𑄨 𑄃𑄊𑄬 𑄃𑄧𑄏𑄛𑄖𑄴।,Present
.আমার মুখে হাসি,𑄟𑄪𑄃𑄨 𑄴 𑄃𑄊𑄬 𑄢𑄨𑄘𑄨𑄥𑄪𑄙𑄮𑄟𑄴।,Present
আমি আছি একা,𑄟𑄪𑄃𑄨 𑄃𑄊𑄬 𑄃𑄣𑄳𑄠𑄇𑄴।,Present
সবগুলো আমি তোমার থেকে আলাদা,𑄝𑄬𑄇𑄴𑄈𑄚𑄨 𑄟𑄪𑄭 𑄖𑄧𑄟𑄖𑄴𑄪𑄚𑄴 𑄃𑄣𑄘।,Present
"তুমি কেন বার বার আসা যাওা করো,পিঁপা থেকে দূরে দূরে কথা বলতেছ","𑄖𑄪𑄃𑄧 𑄇𑄨𑄖𑄴𑄬 𑄝𑄢𑄴𑄝𑄋𑄚𑄬, 𑄛𑄨𑄢𑄳𑄦𑄨𑄖𑄴𑄪𑄚𑄴 𑄛𑄨𑄢𑄳𑄦𑄨 𑄇𑄮𑄭 𑄡𑄧𑄢𑄴",Present
বাঙালিতে যারা আছে আমরা সবাই বাঙালি,𑄝𑄁𑄣𑄘𑄬𑄏𑄧𑄖𑄴 𑄡𑄢 𑄃𑄊𑄨 𑄃𑄟𑄨 𑄝𑄬𑄇𑄴𑄪𑄚𑄴 𑄝𑄋𑄣𑄨।,Present
পাহাে আসলাম শাকের জাত,"𑄟𑄪𑄭 𑄃𑄬𑄣𑄪𑄁 𑄥𑄥𑄧𑄇𑄴 𑄎𑄖𑄴,",Past
আমার দেশ এসেছে,𑄘𑄬𑄌𑄴 𑄃𑄬𑄣𑄧 𑄟𑄧𑄢𑄴।,Present
সম নদীকে এখন আমি রেছি,𑄥𑄧𑄟𑄧𑄠𑄧𑄢𑄴 𑄉𑄧𑄋𑄢𑄬 𑄃𑄨𑄇𑄳𑄠𑄬 𑄟𑄪𑄭 𑄢𑄧𑄚𑄴𑄦𑄨𑄚𑄴,Present
সেকারণে কি তোমরা আংটা বাঁকা করে তাকা?,𑄥𑄬𑄚𑄬 𑄇𑄨 𑄖𑄪𑄟𑄨 𑄃𑄧𑄚𑄴𑄥𑄪𑄢𑄴 𑄝𑄬𑄋 𑄌𑄮𑄉𑄬 𑄌𑄬𑄝?,Present
"রণক্ষেত্র না, যুদ্ধক্ষেত্র","𑄢𑄧𑄚𑄴𑄦𑄨𑄚𑄴 𑄚𑄧𑄠𑄴,",Present
আমার রোদ পোহাতে ইচ্ছে করে,𑄢𑄧𑄚𑄴 𑄇𑄝𑄬 𑄟𑄧𑄢𑄴।,Present
"আমার তো ভাই আছে,তোমার ভাই","𑄟𑄧𑄢𑄴𑄃𑄮 𑄘𑄧 𑄣𑄮 𑄃𑄊𑄬, 𑄃𑄊𑄬 𑄖𑄧𑄟 𑄥𑄚𑄴",Present
"চোখ,কান,হাতের পা যাওা যা তোমার","𑄌𑄮𑄇𑄴, 𑄇𑄚𑄴, 𑄦𑄖𑄴 𑄗𑄬𑄋𑄴 𑄡 𑄖𑄧𑄟𑄢𑄴 𑄃𑄊𑄬।",Present
"শুধু আমি বোই করি, কথা শুধু কাকে রাখি না","𑄝𑄚 𑄚𑄧𑄠𑄴 𑄟𑄪𑄭 𑄝𑄬𑄎𑄧𑄝𑄚𑄴, 𑄇𑄧𑄙 𑄘𑄨𑄚𑄬𑄭 𑄇𑄢𑄧𑄢𑄬 𑄚𑄧 𑄗𑄧𑄉𑄁।",Present
পাহাের চূা,𑄟𑄪𑄭 𑄌𑄋𑄴𑄟।,Present
যত দিন থাকবে কেক দিন থাকবে কেকদিন,"𑄡𑄬𑄘𑄧𑄇𑄴 𑄘𑄨𑄚𑄴 𑄗𑄬𑄝𑄧 𑄇𑄬𑄃𑄮𑄇𑄳𑄢𑄧𑄓𑄧𑄁, 𑄜𑄪𑄢𑄮𑄟𑄮𑄚𑄴, 𑄃𑄣𑄪𑄖𑄨𑄣",Future
"এত করে চেে,মিঁষি,সখী,ফেনি","𑄡𑄬𑄘𑄧𑄇𑄴 𑄉𑄧𑄋𑄬𑄝𑄧 𑄌𑄬𑄋𑄬, 𑄟𑄨𑄋𑄨𑄚𑄨, 𑄥𑄧𑄁𑄈𑄧, 𑄜𑄬𑄚𑄨,",Present
"মািটা অনেক ব,এত দিন পর্যন্ত থাকবো","𑄟𑄖𑄟𑄪𑄦𑄪𑄢𑄨 𑄃 𑄝𑄧𑄢𑄴𑄉𑄁, 𑄥𑄬𑄘𑄧𑄇𑄴 𑄘𑄨𑄚𑄴 𑄥𑄧𑄁 𑄗𑄬𑄭𑄟𑄴,",Future
.সুসুে ও জাগা নাাচাা করতেছে,"𑄥𑄪𑄚𑄧 𑄥𑄪𑄚𑄧 𑄃𑄧𑄱 𑄎𑄘𑄧𑄢𑄴 𑄚𑄚𑄪 𑄇𑄮𑄣𑄬𑄠𑄳𑄠,",Present
তোমাদের বাসা কত পা আছে,𑄖𑄧𑄟 𑄉𑄨𑄢𑄨𑄖𑄴 𑄇𑄧𑄙𑄧𑄇𑄴 𑄛𑄧𑄢𑄨 𑄃𑄊𑄧𑄚𑄴,Present
নেই এমন নদীর মাছের হা,𑄚𑄬𑄃𑄨𑄠𑄳𑄠 𑄚𑄘𑄧𑄋𑄴𑄍𑄢 𑄟𑄚𑄴𑄎𑄮𑄢𑄴 𑄦𑄢𑄴,Present
গাঙে ডুবে গেল চোখের পানি,𑄉𑄋𑄴 𑄝𑄮𑄃𑄨 𑄡𑄬𑄣𑄧 𑄌𑄮𑄉𑄧 𑄛𑄚𑄨𑄠𑄬,Past
তার অভ্যাস তুমি কি পর?,𑄖𑄢𑄴 𑄃𑄨𑄎𑄬𑄛𑄴 𑄖𑄪𑄟𑄨 𑄇𑄨 𑄛𑄧𑄢𑄴?,Present
ভেঙে দো কেক,𑄞𑄋𑄨 𑄘𑄨𑄝 𑄇𑄧𑄙𑄧𑄇𑄴-,Present
সুন্দর সোনার টুকরা,"𑄘𑄮𑄣𑄴 𑄥𑄮𑄚𑄢𑄴 𑄥𑄧𑄋𑄴𑄥𑄢𑄴,",Present
ভেঙে গেল কেক,𑄞𑄋𑄨 𑄉𑄬𑄣𑄧 𑄇𑄧𑄙𑄧𑄇𑄴-,Past
"স্বপ্ন দেখা,আসা","𑄥𑄧𑄝𑄧𑄚𑄧𑄢𑄴 𑄢𑄬𑄉, 𑄃𑄏 𑄃 𑄇𑄮𑄌𑄴𑄛𑄚।",Present
আরও কত?,𑄃𑄢𑄴 𑄇𑄧𑄙𑄧𑄇𑄴?,Present
ধনপুতুল থেকে কেটে নিে যাওা রাধাকে,𑄙𑄧𑄚𑄴𑄛𑄪𑄘𑄨𑄖𑄴𑄖𑄪𑄚𑄴 𑄇𑄢𑄨 𑄚𑄨𑄝 𑄢𑄙𑄟𑄧𑄚𑄧𑄢𑄬,Present
তার রাগ তুমি কি দিবে?,𑄖𑄢𑄴 𑄃𑄨𑄎𑄬𑄛𑄴 𑄖𑄪𑄟𑄨 𑄇𑄨 𑄘𑄨𑄝?,Future
.ও লারগুলো সুঁচালো,𑄃𑄧𑄱 𑄣𑄧𑄢𑄴𑄝𑄱𑄃𑄪𑄚𑄴 𑄥𑄪𑄚𑄧-,Past
"তুমি জঙ্গল পরিষ্কার করো, সুন্দর করো মন","𑄖𑄪𑄟𑄨 𑄏𑄢𑄨 𑄜𑄬𑄣𑄧 𑄦𑄞𑄨𑄣𑄳𑄠𑄌𑄴, 𑄖𑄧𑄚𑄧𑄇𑄴 𑄉𑄧𑄢𑄧 𑄟𑄧𑄚𑄴",Present
".গবাদিপশু,ভাতের পাছাটা পঁচা","𑄉𑄪𑄌𑄴 𑄘𑄪𑄃𑄧, 𑄞𑄖𑄴𑄟𑄧𑄎 𑄛𑄪𑄚𑄧𑄖𑄴 𑄝𑄚𑄧",Present
তারা হিল মাটি পরিষ্কার করতেছে,𑄦𑄨𑄣𑄧𑄢𑄴 𑄟𑄘𑄨 𑄈𑄧𑄎𑄣𑄴 𑄝𑄟𑄴 𑄝𑄪𑄏𑄮𑄘𑄮𑄇𑄴 𑄖𑄢।,Present
"বাির সুতে করা লেং, সাত নাল সুতা ছিঁেছে","𑄊𑄧𑄢𑄧 𑄥𑄪𑄖𑄴𑄖𑄪𑄢𑄬 𑄉𑄧𑄢𑄧 𑄣𑄬𑄋𑄴, 𑄥𑄖𑄴 𑄚𑄣𑄴 𑄥𑄪𑄘𑄧 𑄍𑄨𑄚𑄧",Present
এখান থেকে দূরে হলেও তারা দৌাদৌি করে,𑄃𑄨𑄖𑄴𑄧𑄱 𑄇𑄪𑄘𑄪𑄟𑄴 𑄦𑄧𑄣𑄬𑄠𑄮 𑄎𑄘𑄧𑄢𑄴 𑄥𑄪𑄖𑄴𑄖𑄪𑄢𑄪 𑄖𑄢,Present
না দেখলেও দা-মাা পে,𑄚𑄧 𑄘𑄬𑄊𑄬𑄃𑄮 𑄘𑄧𑄠𑄬-𑄟𑄬𑄠𑄳𑄦𑄬 𑄛𑄧𑄢𑄳𑄦𑄢𑄴 𑄖𑄬𑄝𑄨𑄣𑄴 𑄃𑄨𑄢𑄧,Present
কিছুক্ষণ পর পর দৌাদৌি করা,𑄃𑄬𑄉𑄟𑄧𑄚𑄬 𑄎𑄘𑄧𑄢𑄴' 𑄥𑄪𑄖𑄴𑄖𑄪𑄢𑄪𑄢𑄬 𑄚𑄨𑄟𑄎𑄢 𑄉𑄧𑄢𑄧।,Present
কি আর লেখা,𑄇𑄨 𑄃𑄢𑄴 𑄣𑄨𑄊𑄨𑄟𑄴,Present
কি আরও লিখবো?,𑄇𑄨 𑄃𑄢𑄴 𑄣𑄨𑄊𑄨𑄟𑄴?,Future
আমি ভাত খাই না,𑄟𑄪𑄠𑄧𑄖𑄴 𑄞𑄌𑄴 𑄚𑄬𑄃𑄨।,Present
কলম খুলতে পারি না হাত দিে,𑄇𑄧𑄣𑄧𑄟𑄴 𑄙𑄪𑄢𑄨 𑄚𑄧 𑄛𑄢𑄧𑄁 𑄦𑄖𑄴 𑄉𑄨𑄢𑄴𑄉𑄨𑄢𑄃𑄨।,Present
চোখের পানি কিছু দেখতেছি না,𑄌𑄮𑄉𑄧𑄛𑄚𑄨𑄠𑄬 𑄇𑄨𑄌𑄴𑄍𑄪 𑄚𑄧 𑄘𑄬𑄊𑄧𑄋𑄴।,Present
শুধু রোদ পোহা,"𑄝𑄚 𑄢𑄧𑄚𑄴 𑄇𑄝𑄬,",Present
চোখ বন্ধ করে কান্না,"𑄌𑄮𑄇𑄴 𑄗𑄬𑄚𑄬𑄃𑄨 𑄇𑄚𑄴,",Present
মুখ থেকে গন্ধ বের হওা,𑄟𑄪 𑄗𑄬𑄚𑄬𑄃𑄨 𑄝𑄪𑄛𑄴।,Present
আমরা কি মানুষ?,𑄃𑄟𑄨 𑄇𑄨 𑄟𑄚𑄪𑄌𑄴?,Present
মানুষ কথা বললে মেজাজ খারাপ,𑄟𑄚𑄪𑄌𑄴 𑄇𑄧𑄣𑄬 𑄃𑄨𑄥𑄳𑄦𑄧𑄢𑄴 𑄝𑄬𑄎𑄢𑄴,Present
এক লোক কথা বললে তুমি বিরক্ত হও,𑄃𑄧 𑄟𑄚𑄪𑄌𑄴 𑄇𑄧𑄣𑄬 𑄖𑄪𑄃𑄨 𑄝𑄬𑄎𑄢𑄴।,Present
কোন দিন ভালো হ না,𑄇𑄧𑄚𑄧 𑄘𑄨𑄚𑄴 𑄞𑄣 𑄚𑄧 𑄃𑄧𑄝𑄧𑄋𑄴,Present
যোগা না করে আমাদের সাথে যোগা,𑄡𑄪𑄚𑄨 𑄚𑄧 𑄝𑄧𑄘𑄧𑄣𑄬 𑄃𑄟𑄳𑄦 𑄈𑄌𑄴𑄎𑄬𑄇𑄴𑄈𑄚𑄨।,Present
ওই গাঙের পানিগুলো কি শুনতেছো?,𑄃𑄰 𑄎𑄘𑄧𑄢𑄴 𑄣𑄮𑄢𑄴𑄝𑄱𑄃𑄪𑄚𑄴 𑄥𑄪𑄚𑄧𑄢𑄴𑄚𑄨?,Present
এই হিল জঙ্গলটা ডাকিও,"𑄃𑄰 𑄦𑄬𑄃𑄨𑄣𑄴 𑄏𑄢𑄚𑄨 𑄘𑄉𑄨 𑄇𑄧𑄢𑄴,",Present
ঐ কাপের পানিটা ডেকে যা,"𑄃𑄰 𑄇𑄛𑄴𑄖𑄬 𑄙𑄬𑄝𑄝𑄱 𑄘𑄉𑄨 𑄡𑄢𑄴,",Present
ফানুসটা কানে কানে বলে যা,"𑄜𑄃𑄮𑄚𑄧𑄢𑄴 𑄝𑄮𑄃𑄨𑄠𑄬𑄢𑄚𑄴 𑄇𑄚𑄬 𑄇𑄚𑄬 𑄇𑄮𑄃𑄨 𑄡𑄢𑄴,",Present
উে উে যতগুলো বই আছে সেগুলো রাখার নেই,𑄃𑄪𑄎𑄬 𑄡𑄧 𑄃𑄪𑄎𑄬 𑄡𑄧 𑄝𑄮𑄃𑄨 𑄗𑄬𑄝𑄢𑄴 𑄚𑄬𑄃𑄨𑄘𑄧 𑄃𑄧𑄇𑄴𑄖𑄧।,Present
জাতটা আছে বেইনটাতে,𑄎𑄖𑄴𑄖𑄱 𑄃𑄊𑄬 𑄝𑄬𑄚𑄣𑄖𑄴।,Present
"বিে, পাকিস্তান তোমাকে বািেছে ৫০ বছর","𑄝𑄳𑄢𑄨𑄑𑄨𑄌𑄴, 𑄛𑄇𑄨𑄥𑄴𑄖𑄚𑄴 𑄖𑄮𑄢𑄬𑄃𑄨 𑄝𑄋𑄴𑄣 𑄻𑄶 𑄝𑄧𑄏𑄧𑄢𑄴",Present
জাগা পাথরটি একটু একটু ঢালু,𑄎𑄘𑄧𑄢𑄴 𑄛𑄖𑄴𑄗𑄧𑄣𑄨 𑄃𑄬𑄟𑄴 𑄃𑄬𑄚𑄴 𑄣𑄢𑄴𑄟𑄢𑄴,Present
চেের দফা গুলো শেষ হ না,"𑄌𑄬𑄢𑄴 𑄘𑄧𑄜 𑄘𑄝𑄨 𑄚𑄧 𑄜𑄬𑄣𑄧𑄋𑄴 𑄃𑄬𑄡𑄧,",Present
"জাতিটা হলো কা কা, ভেদ করা","𑄎𑄖𑄴𑄖𑄱 𑄦𑄧𑄣𑄧 𑄇𑄧𑄖𑄴𑄖 𑄇𑄧𑄖𑄴𑄖, 𑄞𑄬𑄘 𑄞𑄬𑄘",Present
আমার মন ভালো করার কি আছে?,𑄌𑄨𑄖𑄴 𑄎𑄪𑄢𑄬𑄝𑄢𑄴 𑄟𑄧𑄚𑄴 𑄉𑄧𑄣𑄬𑄝𑄢𑄴 𑄇𑄨 𑄃𑄊𑄬 𑄃𑄟𑄢𑄴?,Present
উে উে যত বই রাখার আছে তো,𑄃𑄪𑄎𑄬 𑄡𑄧 𑄃𑄪𑄎𑄬 𑄡𑄧 𑄝𑄮𑄃𑄨 𑄗𑄬𑄝𑄢𑄴 𑄚𑄬𑄃𑄨 𑄘𑄧 𑄃𑄧𑄇𑄴𑄖𑄧।,Present
"ভুই সাপগুলো শেষ হে গেল, ব পাখানা যে পেল","𑄞𑄪𑄃𑄨 𑄥𑄉𑄨𑄚𑄴 𑄙𑄪𑄝𑄨 𑄡𑄬𑄣𑄧, 𑄝𑄧𑄢𑄴 𑄛𑄧𑄢𑄧𑄋𑄴 𑄡𑄬𑄃𑄨 𑄛𑄬𑄣𑄧𑄋𑄴",Past
ভাত একটার সুতা দিে রে গেল,"𑄞𑄌𑄴 𑄃𑄮𑄇𑄴𑄮𑄢𑄴 𑄥𑄦𑄨𑄖𑄳𑄠𑄧 𑄢𑄨𑄘𑄨 𑄥𑄪𑄘𑄮𑄟𑄴 𑄦𑄏𑄨 𑄡𑄬𑄣𑄧,",Past
মনের মতো হবে কেমনে?,𑄟𑄧𑄚𑄴 𑄝𑄮𑄏𑄬𑄝𑄧𑄋𑄴 𑄇𑄨𑄋𑄨𑄢𑄨?,Present
"ছোট ছাটা লুকিে গেল, পাহাের পাহাের নাা হলো","𑄌𑄨𑄉𑄮𑄚𑄴 𑄍𑄧𑄢𑄳𑄦 𑄟𑄪𑄢𑄨 𑄡𑄬𑄣𑄧, 𑄟𑄮𑄚𑄴 𑄟𑄪𑄢𑄳𑄦𑄧 𑄚𑄙 𑄦𑄧𑄣𑄧",Past
বেইন-বেইন খেলার গ্রাম,𑄝𑄬𑄋𑄴𑄉𑄧𑄟-𑄝𑄬𑄋𑄴𑄉𑄧𑄟𑄨 𑄥𑄢𑄨𑄣𑄇𑄴 𑄃𑄘𑄟𑄴,Present
.ভ করল সুকুন পালে কি হবে?,𑄞𑄧𑄢𑄨𑄣𑄧 𑄥𑄪𑄇𑄪𑄚𑄧 𑄛𑄣𑄬 𑄝𑄎𑄨𑄝𑄧𑄋𑄴 𑄇𑄨𑄋𑄨𑄢𑄨?,Present
এই পাহাের পাহাগুলো ডাকতেছে,𑄃𑄧𑄃𑄨 𑄟𑄮𑄧𑄚𑄴 𑄟𑄪𑄢𑄳𑄦𑄧𑄃𑄪𑄚𑄴 𑄘𑄉𑄧𑄘𑄧𑄚𑄴,Present
ওই জঙ্গলটা পরিষ্কার করে দাও,𑄃𑄧𑄃𑄨 𑄏𑄢𑄚𑄨 𑄘𑄉𑄬𑄢𑄴,Present
এত ব ব ব অসুখ,𑄃𑄬𑄡𑄧 𑄃𑄬𑄡𑄧 𑄃𑄨𑄢𑄪𑄇𑄴 𑄡𑄪𑄉𑄧𑄢𑄴 𑄚𑄪𑄠𑄮 𑄛𑄨𑄢𑄳𑄦𑄨,Present
"কাকা, বো, তোমাদের মিল আছে",𑄇𑄇𑄳𑄠𑄬 (𑄞𑄬𑄣) 𑄖𑄧𑄟𑄢𑄴 𑄎𑄪𑄉𑄧𑄣𑄴 𑄃𑄧𑄃𑄨 𑄃𑄊𑄬।,Present
"কোথা যাবে,কি গরীব তাা না করে","𑄇𑄪𑄙𑄪 𑄡𑄬𑄝, 𑄇𑄨 𑄉𑄧𑄢𑄨𑄝 𑄌𑄨𑄚𑄴𑄘𑄬 𑄚𑄧 𑄉𑄧𑄢𑄨",Present
"বুো মা-বাবা, বাি ঘর টিকলো না","𑄝𑄪𑄢𑄳𑄦𑄧 𑄟-𑄝𑄛𑄴, 𑄊𑄧𑄢𑄴 𑄉𑄨𑄢𑄨 𑄚𑄧 𑄢𑄨𑄚𑄨",Past
"পাহাে পদচিহ্ন পেল,লম্বা পথ পেল","𑄟𑄪𑄎𑄪𑄋𑄬 𑄈𑄪𑄌𑄴 𑄛𑄬𑄣𑄧, 𑄣𑄧𑄖𑄴 𑄘𑄪𑄃𑄧",Past
.পুে লাল বেল আনতে যাচ্ছি,𑄛𑄪𑄉𑄧 𑄢𑄋 𑄝𑄬𑄣𑄴 𑄃𑄚𑄨𑄝𑄢𑄴 𑄍𑄨𑄚𑄨।,Present
"তোমরা মানুষ,তোমরা দেবতা","𑄖𑄪𑄟𑄨 𑄟𑄚𑄪𑄌𑄴, 𑄖𑄪𑄟𑄨 𑄘𑄬𑄝𑄬𑄘(𑄘𑄬𑄝𑄧𑄖),",Present
তোমরা ব ব পাথর,"𑄖𑄪𑄟𑄨𑄠𑄳𑄠𑄧 𑄘𑄬𑄏𑄧𑄢𑄴 𑄎𑄘𑄧𑄢𑄴 𑄛𑄖𑄴𑄗𑄧𑄣𑄨,",Present
"তোমরা মানুষ,তোমরা ধনপিঁপা-রামন","𑄖𑄪𑄟𑄨 𑄦𑄪𑄚𑄪𑄟𑄚𑄴, 𑄖𑄪𑄟𑄨 𑄙𑄧𑄚𑄴𑄛𑄪𑄘𑄨 - 𑄢𑄙𑄟𑄧𑄚𑄴",Present
"আগুন, বিচ্চুন, সিব-নাা","𑄝𑄧𑄢𑄴𑄟, 𑄝𑄨𑄌𑄴𑄪𑄚𑄧, 𑄥𑄨𑄝𑄴 - 𑄚𑄢𑄠𑄧𑄚𑄴,",Present
তোমাদেরও আছে সেই তেজ,𑄖𑄧𑄟𑄢𑄴𑄃𑄮 𑄃𑄊𑄬 𑄥𑄬 𑄖𑄬𑄎𑄴𑄍𑄚𑄨।,Present
এক জাতী মানুষ,𑄇𑄨𑄋𑄨𑄢𑄨 𑄟𑄚𑄪𑄌𑄴 𑄇𑄮𑄟𑄴,Present
"কোথা আছি, কোথা থাকবো",𑄇𑄪𑄙𑄪 𑄃𑄊𑄨; 𑄇𑄪𑄙𑄪 𑄗𑄬𑄝𑄧𑄋𑄴,Future
"নেই পথ বেঁচে থাকার,","𑄚𑄬𑄃𑄨 𑄛𑄧𑄖𑄳𑄠𑄧 𑄝𑄎𑄨 𑄗𑄬𑄝𑄢𑄴,",Present
.পদে পদে থাকতে পারে না,𑄛𑄧𑄘𑄬 𑄊𑄘𑄬 𑄚𑄧 𑄛𑄢𑄬 𑄝𑄬𑄢𑄳𑄦𑄬𑄃𑄨,Present
.নিচে পার গন্ধ,𑄚𑄨𑄊𑄨𑄣𑄬 𑄛𑄧𑄎𑄝𑄌𑄴।,Present
এই খেলাটি জুে পার জন্য করা হ,𑄎𑄘𑄧𑄢𑄴 𑄃𑄧𑄙𑄨𑄉𑄢𑄴 𑄛𑄬𑄝𑄢𑄴 𑄚𑄋𑄬 𑄃𑄬 𑄈𑄢,Present
ভে ভে মারামারি,𑄞𑄬𑄃𑄨𑄠𑄬 𑄞𑄬𑄃𑄨𑄠𑄬 𑄟𑄢𑄟𑄢𑄨,Present
একটি ছোট শিশু খেলা করছে,𑄃𑄨𑄃𑄚𑄴𑄘𑄧 𑄌𑄨𑄉𑄮𑄚𑄴 𑄉𑄪𑄢𑄮 𑄈𑄢,Present
.আংটা সুতা নিে রান্না করা,𑄃𑄢𑄋𑄴 𑄥𑄪𑄠𑄮𑄣𑄴 𑄚𑄨𑄣 𑄇𑄢𑄨।,Present
সারাদিন রাত থাকে না,𑄘𑄨𑄚𑄴-𑄢𑄬𑄖𑄴 𑄃𑄝𑄋𑄴 𑄚𑄬𑄃𑄨 𑄉𑄧𑄢𑄨,Present
"এত ব বাঙালি, এত ব বাঙালি","𑄃𑄬𑄖𑄴𑄧𑄚𑄴 𑄝𑄋𑄣𑄴 𑄖𑄧𑄛𑄴𑄬 𑄖𑄧𑄛𑄴𑄬 𑄏𑄇𑄴𑄝𑄪𑄘𑄨,",Present
তুমি আছাা করে,𑄖𑄪𑄟𑄨 𑄃𑄊𑄧 𑄢𑄬𑄚-𑄢𑄬𑄚𑄨 𑄉𑄧𑄢𑄨,Present
আমার মেদগুলো কোথা আছে,𑄟𑄳𑄦 𑄟𑄬𑄘𑄬𑄚𑄨 𑄟𑄪𑄠𑄧𑄱𑄖𑄴 𑄇𑄬𑄚𑄬,Present
হাসিখুসি তোমরা?,𑄦𑄎𑄨 𑄜𑄪𑄘𑄬𑄝 𑄖𑄪𑄟𑄨?,Present
ধিে যাওার মতো চোখ নেই,𑄙𑄳𑄠𑄚𑄨 𑄉𑄳𑄠𑄠𑄬𑄚𑄨𑄢𑄴 𑄌𑄮𑄇𑄴 𑄚𑄬𑄃𑄨,Present
সত্য কথা বলতে পারে না,"𑄥𑄧𑄖𑄳𑄠𑄧 𑄇𑄧𑄙 𑄇𑄮𑄃𑄨 𑄚𑄧 𑄛𑄢𑄬,",Present
বাি থেকে বের হে দৌাদৌি,𑄊𑄧𑄢𑄧𑄖𑄴𑄪𑄚𑄴 𑄣𑄟𑄨𑄣𑄬 𑄘𑄧𑄢𑄴𑄘𑄧𑄢𑄴 𑄗𑄧𑄢𑄴𑄗𑄧𑄢𑄴,Present
অসুুস্থ হওা,𑄃𑄧𑄚𑄴𑄥𑄪𑄢𑄴 𑄗𑄠𑄴 𑄌𑄨𑄘𑄬।,Present
বাির পাশ দিে গ্রাম পার হে যাচ্ছে,𑄊𑄧𑄢𑄴 𑄛𑄪𑄢𑄬𑄢𑄴 𑄃𑄘𑄟𑄴 𑄛𑄪𑄢𑄬𑄢𑄴,Present
শক্ত হেছে জুমের মানুষগুলো,"𑄈𑄧𑄢𑄧𑄣𑄴𑄮 𑄦𑄧𑄘𑄧𑄚𑄴 𑄎𑄪𑄟𑄴𑄮𑄃𑄪𑄚𑄴,",Present
.কাউকে নিে বুক ভ করে থাকা,𑄈𑄢𑄬 𑄚𑄨𑄚𑄬𑄃𑄨 𑄝𑄪𑄇𑄴 𑄘𑄧𑄢𑄧 𑄉𑄧𑄢𑄨 𑄗𑄚,Present
তাদের কোনো সুোল,𑄚𑄬𑄃𑄨 𑄖𑄢𑄢𑄴 𑄇𑄧𑄚𑄧 𑄥𑄪𑄠𑄮𑄣𑄴।,Present
রাজহাঁসের ন্যাকা,𑄢𑄎𑄴𑄚𑄨𑄖𑄨 𑄚𑄋𑄬-,Present
.সমান সমান মা-র বুক ভরা,𑄥𑄧𑄖𑄴 𑄥𑄧𑄖𑄴 𑄟-𑄢𑄴 𑄝𑄪𑄇𑄴 𑄥𑄢𑄣𑄳𑄠,Present
তারা দিে দে না,𑄘𑄨𑄊𑄨𑄚𑄬𑄠𑄳𑄠𑄧 𑄚𑄧 𑄘𑄬𑄊𑄧𑄚𑄴 𑄖𑄢,Present
তোমাকে কেন মানুষ বলি?,𑄖𑄧𑄟𑄢𑄬 𑄇𑄨𑄋𑄨𑄢𑄨 𑄟𑄚𑄪𑄌𑄴 𑄇𑄮𑄟𑄴?,Present
.এটা সম ঘুরে ঘুরে,𑄃𑄨𑄃𑄚𑄴 𑄥𑄟𑄎𑄧𑄖𑄴 𑄊𑄪𑄢𑄨 𑄜𑄨𑄢𑄨,Present
বাির দরজা বন্ধ করে দেওা,"𑄊𑄧𑄢𑄧 𑄥𑄪𑄖𑄴𑄢𑄪 𑄞𑄩𑄝𑄨𑄥𑄧𑄚𑄴,",Present
তাদেরকে খুব ভালো করে চিনবে,𑄖𑄢𑄢𑄬 𑄝𑄬𑄉𑄬 𑄌𑄨𑄚𑄨 𑄖𑄧,Future
কুিে ফেলবে না কোনো দিন,𑄇𑄪𑄢𑄨 𑄚𑄧 𑄜𑄬𑄣𑄬𑄝 𑄇𑄧𑄚𑄧 𑄘𑄨𑄚𑄴।,Future
কি সুন্দর হিল চাটাই,𑄇𑄨 𑄘𑄮𑄣𑄴 𑄦𑄨𑄣𑄴 𑄌𑄘𑄨𑄉𑄋𑄴,Present
.কতগুলো গেেছে?,𑄂;𑄇𑄧𑄚𑄴 𑄉𑄮𑄎𑄬𑄚𑄬 𑄝𑄚𑄬𑄣𑄧?,Present
এত চাং বুক ভরে না,𑄡𑄬𑄘𑄧𑄇𑄴 𑄌𑄋𑄴 𑄝𑄪𑄇𑄴 𑄚𑄧 𑄞𑄧𑄢𑄬,Present
একনাগাে তাকানোর আওাজ আছে,𑄂;𑄃𑄬𑄇𑄴 𑄢𑄨𑄚𑄨 𑄌𑄬𑄝𑄢𑄴 𑄃𑄃𑄧𑄱𑄌𑄴 𑄃𑄬𑄡𑄬।,Present
ছা গাঙের পানিতে,𑄍𑄧𑄢𑄳𑄦 𑄉𑄋𑄴 𑄥𑄉𑄧𑄢𑄧 𑄛𑄚𑄨𑄖𑄴,Present
.নানা ধরনের মানুষ খেলা করে।,𑄂;𑄚𑄚𑄋𑄴 𑄛𑄧𑄢𑄚𑄴𑄝𑄧𑄣 𑄈𑄢 𑄇𑄧𑄚𑄴,Present
কে খাওা না খাওা,𑄇𑄧𑄚𑄴𑄚 𑄎𑄮𑄉𑄠𑄴 𑄈𑄚 𑄝𑄨𑄚,Present
.বাই ব বাচ্চাটি হাসছে।,𑄂;𑄝𑄮𑄃𑄨 𑄝𑄮𑄃𑄨 𑄃𑄧𑄚𑄴𑄥𑄪𑄢𑄴 𑄟𑄪𑄃𑄨 𑄞𑄝𑄧𑄋𑄴।,Present
গাছে বাঁশে ফুল ফোটে,𑄉𑄏𑄬 𑄝𑄏𑄬 𑄜𑄪𑄣𑄬 𑄜𑄉𑄮𑄢𑄬,Present
.পজ্জোমাা খেলা,𑄂;𑄛𑄧𑄖𑄴𑄖𑄛𑄧𑄖𑄴𑄖𑄨 𑄈𑄬𑄣𑄚𑄴 𑄈𑄢,Present
দুই চোখ মেলে তাকিে থাকে,𑄘𑄨 𑄌𑄮𑄇𑄴 𑄟𑄨𑄣𑄨 𑄌𑄬𑄃𑄨 𑄗𑄋𑄴,Present
মনের ইচ্ছা পূরণ হওা,𑄂;𑄌𑄨𑄖𑄴𑄖𑄚𑄴 𑄡𑄃𑄨 𑄎𑄪𑄢𑄬।,Present
হেলো হেলো ব্যাঙ বনের মধ্যে অনেক ফুল,𑄦𑄬𑄭𑄣𑄴 𑄦𑄬𑄭𑄣𑄴 𑄖𑄢𑄪𑄟𑄴 𑄝𑄧𑄚𑄧 𑄥𑄬𑄢𑄬 𑄥𑄬𑄢𑄬 𑄚𑄚𑄋𑄴 𑄜𑄪𑄣𑄴,Present
.পিপিে পিপিে বাতাস বেছে,"𑄂;𑄛𑄨𑄝𑄨𑄢𑄴 𑄛𑄨𑄝𑄨𑄢𑄴 𑄝𑄮𑄃𑄨𑄠𑄬𑄢𑄬 𑄚𑄎𑄧𑄚𑄴,",Present
ছোট ছোট করে,𑄌𑄨𑄉𑄮𑄚𑄴 𑄌𑄨𑄎𑄨 𑄡𑄨𑄇𑄴𑄈𑄬 𑄉𑄧𑄢𑄨,Present
.কেরাংজু দোলনা দোলে,𑄂;𑄇𑄬𑄢𑄬𑄁𑄎𑄪 𑄘𑄮𑄣𑄧𑄚𑄧𑄖𑄴 𑄘𑄪𑄣𑄧𑄚𑄴।,Present
.আকাশে তারা ভাসে,𑄃𑄉𑄏𑄧𑄖𑄴 𑄖𑄢 𑄟𑄬𑄣,Present
.পুে দেখতে হ খেলা,"𑄂;𑄛𑄪𑄚𑄧𑄋𑄴 𑄌𑄚𑄬 𑄦𑄧𑄠𑄴 𑄈𑄢,",Present
রংধনুর রঙে সাজা,𑄢𑄚𑄴𑄎𑄪𑄚𑄨𑄠𑄬 𑄢𑄧𑄋𑄬 𑄥𑄎𑄠𑄴,Present
.গবাদিপশু,𑄂;𑄉𑄧𑄘 𑄃𑄉𑄌𑄴𑄥𑄚𑄴।,Present
এই পৃথিবীতে সবটা,𑄃𑄬 𑄛𑄨𑄖𑄴𑄗𑄨𑄟𑄨𑄖𑄴 𑄉𑄧𑄘,Present
.চানাটা রোদ পতেছে,𑄂;𑄌𑄚𑄚𑄴 𑄝𑄬𑄣𑄚𑄴 𑄛𑄳𑄦𑄧𑄢𑄴 𑄉𑄧𑄢𑄬,Present
তাদের ইজিকে কথা দেওা,𑄚𑄧 𑄝𑄪𑄏𑄧𑄋𑄴 𑄖𑄢𑄢𑄴 𑄃𑄨𑄎𑄨𑄢𑄬 𑄇𑄧𑄙,Present
আমার মাথা ঘুরতেছে,𑄂;𑄟𑄙 𑄟𑄧𑄢𑄴 𑄊𑄪𑄢𑄨 𑄃𑄪𑄘𑄬।,Present
আমার আাআি দেখ,𑄃𑄧𑄱 𑄟𑄧𑄢𑄴 𑄃𑄃𑄧𑄱𑄎𑄧𑄢𑄴 𑄘𑄬𑄌𑄴𑄍𑄚𑄴,Present
.সবাই তোমাকে পছন্দ করে,"𑄂;𑄝𑄬𑄇𑄴𑄇𑄪𑄚𑄬 𑄖𑄧𑄢𑄬 𑄇𑄮𑄌𑄴𑄛𑄚𑄴,",Present
সবাই তোমার বন্ধু,𑄝𑄬𑄇𑄴𑄇𑄪𑄚𑄬 𑄎𑄧𑄚𑄧𑄟𑄚𑄴 𑄖𑄧 𑄝𑄪𑄉𑄧𑄖𑄴,Present
কুস্তি লড়ার ইচ্ছা,𑄂;𑄝𑄎𑄨 𑄗𑄬𑄝𑄢𑄴 𑄌𑄚𑄴।,Present
সারাজীবন বেঁচে থাকার ইচ্ছা,𑄎𑄧𑄚𑄧𑄟𑄚𑄴 𑄝𑄎𑄨 𑄗𑄬𑄝𑄢𑄴 𑄌𑄚𑄴,Present
.মন সুে গান,"𑄂;𑄟𑄧𑄚𑄧𑄢𑄴 𑄥𑄪𑄉𑄬 𑄉𑄨𑄖𑄴 𑄉𑄚𑄴,",Present
.পোরাটি মন ভালো করে ধুেছে,𑄛𑄬𑄃𑄨𑄇𑄴𑄇𑄪𑄚𑄬 𑄟𑄧𑄚𑄧𑄢𑄴 𑄥𑄪𑄉𑄬 𑄙𑄪𑄠𑄮,Present
.মেে উে যাওা,𑄂;𑄟𑄨𑄣𑄨 𑄃𑄪𑄢𑄳𑄦𑄨 𑄃𑄪𑄢𑄳𑄦𑄨 𑄡𑄚𑄴।,Present
জীবনটা কুলি করো না,𑄎𑄧𑄚𑄧𑄟𑄚𑄴 𑄇𑄪𑄣𑄨 𑄚𑄧 𑄉𑄧𑄢𑄧𑄌𑄴,Present
তোমার যে জিনিস আছে সেটা দা,𑄂;𑄖𑄧𑄢𑄴 𑄡𑄨𑄠𑄬𑄚𑄴 𑄃𑄊𑄬 𑄥𑄨𑄠𑄬𑄚𑄴 𑄘𑄧𑄠𑄮𑄌𑄴,Present
আমাদের সবাইকে,𑄃𑄟𑄳𑄦𑄢𑄬 𑄖𑄪𑄃𑄨 𑄝𑄬𑄇𑄴𑄇𑄪𑄚𑄧𑄢𑄬,Present
রাত হলে নানা ধরনের পোকা গিে গিে,𑄢𑄬𑄖𑄴𑄖𑄪 𑄃𑄬𑄣𑄬 𑄚𑄚𑄋𑄴 𑄛𑄪𑄉𑄬 𑄎𑄪𑄉𑄬,Present
.অনেক মন ভালো লাগে,"𑄂;𑄘𑄧𑄉𑄧𑄢𑄧𑄚𑄴 𑄟𑄧𑄚𑄧 𑄥𑄪𑄉𑄬,",Present
সবাইকে চাঁচা তুমি,𑄝𑄬𑄇𑄴𑄇𑄪𑄚𑄧𑄢𑄬 𑄌𑄌𑄴 𑄖𑄪𑄃𑄨,Present
".সুঁচালো,সুঁচালো",𑄂;𑄥𑄪𑄉𑄬 𑄃𑄢𑄴 𑄘𑄪𑄉𑄬।,Present
গাছের ফাঁকা বই,𑄉𑄏𑄧 𑄈𑄪𑄣𑄪𑄋𑄧𑄖𑄴 𑄝𑄮𑄃𑄨,Present
.পোরাটা কুল খোলেনা,"𑄂;𑄛𑄬𑄎𑄝𑄮 𑄇𑄪𑄣𑄴 𑄈𑄪𑄣𑄃𑄨,",Present
ভোর হে ভোর হেছে,𑄛𑄳𑄦𑄧𑄢𑄴 𑄦𑄧𑄠𑄬 𑄛𑄳𑄦𑄧𑄢𑄴 𑄦𑄧𑄠𑄬,Present
ঘুম থেকে উঠার সম,𑄂;𑄊𑄪𑄟𑄧𑄖𑄴𑄖𑄪𑄚𑄴 𑄃𑄪𑄘𑄧 𑄃𑄪𑄘𑄧।,Present
ছোট কুকুরটি চিরিে চারা রোপণ করছে,𑄌𑄨𑄉𑄮𑄚𑄴 𑄛𑄬𑄃𑄨𑄇𑄴𑄪𑄚𑄬 𑄌𑄨𑄢𑄨𑄋𑄴 𑄌𑄢𑄋𑄴 𑄘𑄧𑄉𑄧𑄢𑄧𑄚𑄴,Present
লাঙল দিে হেঁটে যাওা,"𑄦𑄣𑄳𑄠 𑄟𑄚𑄴𑄥𑄳𑄠 𑄦𑄣𑄧𑄖𑄴 𑄡𑄘𑄧𑄚𑄴,",Present
মেে ছেলে মনের ইচ্ছে পূরণ করে,𑄟𑄨𑄣𑄬 𑄟𑄧𑄢𑄧𑄖𑄴 𑄟𑄧𑄚𑄧𑄢𑄴 𑄥𑄪𑄉𑄬,Present
.ভাই-বোনেরা জমিতে কাজ করতেছে,𑄂;𑄞𑄪𑄠𑄮 𑄟𑄘𑄧𑄖𑄴 𑄇𑄟𑄴 𑄉𑄧𑄖𑄴𑄗𑄧𑄚𑄴।,Present
আমাদের বািটা,𑄃𑄟𑄳𑄦 𑄃𑄃𑄮𑄎𑄧𑄢𑄴 𑄘𑄬𑄌𑄴𑄍𑄚𑄴,Present
.সবাই তাাতাি বাি,"𑄂;𑄉𑄏𑄬 𑄝𑄏𑄬 𑄝𑄬𑄇𑄴𑄈𑄚𑄴,",Present
মনে মনে চাংমাহ্ চাং,𑄟𑄧𑄚𑄬 𑄟𑄧𑄚𑄬 𑄢𑄨𑄚𑄨 𑄌𑄋𑄴,Present
আমার চোখের পলক ফেলতে পারিনা,𑄂;𑄃𑄟𑄳𑄦 𑄘𑄬𑄌𑄴𑄍𑄚𑄧𑄢𑄴 𑄙𑄧𑄇𑄳𑄠𑄬 𑄚𑄧 𑄘𑄧 𑄛𑄋𑄴।,Present
গাছে বাঁশে ভরা,𑄉𑄏𑄬 𑄝𑄏𑄬 𑄞𑄧𑄢,Present
.আমি তো মলা করি,"𑄂;𑄟𑄮𑄚𑄴 𑄟𑄪𑄢𑄳𑄦𑄧 𑄉𑄧𑄢𑄳𑄦,",Present
মন বসতেছে এই দেশে,𑄟𑄧𑄚𑄧𑄢𑄴 𑄥𑄪𑄉𑄬 𑄃𑄬 𑄘𑄬𑄏𑄧𑄖𑄴,Present
মানুষ বেঁচে থাকতে পারা,𑄂;𑄎𑄧𑄚𑄧𑄟𑄚𑄴 𑄝𑄎𑄨 𑄗𑄬𑄃𑄨 𑄛𑄢।,Present
".পাহাের দুঃখ, মনের দুঃখ হািেছে","𑄛𑄧𑄢𑄴𑄝𑄱, 𑄞𑄏𑄬 𑄘𑄪𑄃𑄧 𑄟𑄧𑄚𑄧 𑄘𑄪𑄇𑄴 𑄦𑄞𑄨𑄣𑄳𑄠𑄌𑄴",Present
"১. আগ্রহ হওা, আগ্রহ করা ২. আগ্রহ করা",𑄙𑄢𑄴 𑄉𑄧𑄢𑄴 𑄟𑄧𑄚𑄴,Present
এক জাতী মাটি,𑄦𑄨𑄣𑄮𑄢𑄴 𑄟𑄘𑄨 𑄝𑄧𑄣,Present
বুঝছো তো মুরগীর দল,𑄝𑄪𑄏𑄮𑄘𑄮𑄇𑄴 𑄥𑄪𑄉𑄪𑄚𑄧𑄢𑄴 𑄘𑄧𑄣𑄴।,Present
জাগা কচ্ছপগুলো মার খাওার জন্য প্রস্তুত,𑄎𑄘𑄧𑄢𑄴 𑄥𑄧𑄖𑄴𑄪𑄢𑄪𑄃𑄪𑄚𑄧𑄢𑄬 𑄟𑄢𑄧 𑄖𑄬𑄉𑄧,Present
ঘুম আসতেছে না,𑄊𑄪𑄟𑄴 𑄡𑄬𑄝𑄢𑄴 𑄚𑄬𑄭 𑄃𑄧𑄇𑄴𑄖𑄧,Present
একটু একটু করে একটু একটু করে লবনাক্ত ভাত বানাতে হ,𑄃𑄬𑄉𑄌𑄨𑄖𑄴𑄬 𑄃𑄬𑄉𑄟𑄧𑄚𑄬 𑄣𑄟𑄧 𑄞𑄖𑄴 𑄟𑄮𑄎 𑄛𑄪𑄚𑄧𑄢𑄴 𑄝𑄚𑄨,Present
জাতটা উত্তোলনের কাজে,𑄎𑄖𑄴𑄮 𑄃𑄪𑄖𑄴𑄘𑄮𑄢𑄴 𑄇𑄟𑄧𑄖𑄴।,Present
৯ আগস্ট ২০১৮,𑄿 𑄃𑄉𑄧𑄥𑄴𑄑𑄴 𑄸𑄶𑄷𑄾,Present
এক জাতী বুনো ফল,𑄘𑄪𑄉𑄧𑄢𑄴 𑄣𑄟,Present
এক জাতী সবজি,𑄃𑄂 𑄟 𑄦𑄨𑄣𑄴𑄌𑄘𑄨𑄉𑄋𑄴!,Present
জনে জনে তোমার বুদ্ধ,𑄎𑄧𑄚𑄧𑄟𑄴 𑄎𑄧𑄚𑄧𑄟𑄴 𑄖𑄧 𑄝𑄪𑄉𑄧𑄖𑄴,Present
কেন এত ভে ভে রাত কাটানো,𑄇𑄨𑄖𑄴𑄖𑄬 𑄃𑄬𑄙𑄧𑄇𑄴 𑄞𑄬𑄃𑄨𑄠𑄬 𑄞𑄬𑄃𑄨𑄠𑄬 𑄢𑄬𑄚 𑄢𑄬𑄚𑄨,Present
যাদের চলে যাবার কথা এক পদে,𑄡𑄢 𑄌𑄧𑄣𑄨𑄝𑄢𑄴 𑄇𑄧𑄙 𑄃𑄬𑄇𑄴 𑄛𑄧𑄘𑄬,Present
তাদের দলটা মারা মারি,𑄖𑄢 𑄉𑄧𑄖𑄴𑄖𑄧𑄚𑄴 𑄟𑄢 𑄟𑄢𑄨।,Present
বজ্রপাতের আওাজ বাজাচ্ছে কাপের তলা,"𑄘𑄬𑄝𑄚𑄬 𑄘𑄬𑄝𑄚𑄬 𑄇𑄮𑄣𑄴 𑄝𑄎𑄬 𑄇𑄝𑄨 𑄛𑄬𑄣𑄴𑄣𑄮𑄚𑄴 𑄝𑄠𑄬𑄌𑄴 𑄟𑄪𑄃𑄪𑄎𑄧,",Present
মগের কুকি থেকে কাটা মাংস খেে পাতলা হেছে চামা,𑄟𑄧𑄉𑄴 𑄇𑄪𑄇𑄨𑄖𑄴𑄖𑄪𑄚𑄴 𑄇𑄝𑄚𑄴 𑄈𑄬𑄃𑄨 𑄣𑄬𑄋𑄴 𑄦𑄧𑄠𑄬 𑄌𑄋𑄴𑄟 𑄎𑄖𑄴𑄖𑄱।,Present
কাপ দিে চামা দিে নিল চাকমারা,"𑄇𑄛𑄴𑄖𑄬 𑄉𑄧𑄙 𑄇𑄢𑄨 𑄚𑄨𑄣𑄧 𑄌𑄋𑄴𑄟𑄃𑄪𑄚𑄧𑄢𑄴 𑄝𑄧𑄣𑄴,",Past
"ছিঁচকাঁদুনে বার্মা, ত্রিপুরা, মিজোরামে আসা","𑄍𑄨𑄘𑄨 𑄛𑄧𑄢𑄴𑄣𑄧𑄋𑄴 𑄝𑄢𑄴𑄟, 𑄖𑄨𑄝𑄨𑄢𑄬, 𑄟𑄨𑄎𑄮𑄢𑄟𑄴 𑄃 𑄃𑄢𑄪𑄚𑄌𑄧𑄣𑄴।",Present
"জ্বরটা শুধু আসতেছে,একটু পর জ্বরটা উঠে",𑄎𑄧𑄘𑄧𑄢𑄴 𑄛𑄖𑄴𑄖𑄧𑄣𑄨 𑄃𑄬𑄟𑄴.𑄃𑄬𑄚𑄴. 𑄣𑄢𑄴𑄟 𑄖𑄨𑄘𑄨 𑄃𑄪𑄘𑄨,Present
"দেশকুলের জুম্মদেরকে এক করে,মাছি ডাকলে আসে","𑄘𑄬𑄌𑄴𑄇𑄪𑄣𑄧𑄢𑄴 𑄎𑄪𑄟𑄴𑄧𑄃𑄪𑄚𑄧𑄢𑄬 𑄃𑄬𑄇𑄴 𑄉𑄧𑄢𑄨, 𑄟𑄉𑄨𑄣𑄧 𑄃𑄧𑄙𑄨𑄉𑄢𑄴",Present
.বাঙালি আওাজগুলো এখানে মার খায়।,𑄝𑄁𑄣𑄘𑄬𑄏𑄧 𑄃𑄃𑄮𑄠𑄟𑄨 𑄣𑄨𑄉𑄬 𑄃𑄨𑄎𑄴𑄧𑄱𑄖𑄴 𑄟𑄢𑄨 𑄦𑄨𑄣𑄴𑄌𑄘𑄨𑄉𑄋𑄧𑄖𑄴,Present
বাঁশটা স্বর্গে দেখতে দেখতে জাল পেল,𑄝𑄋𑄴𑄣 𑄥𑄧𑄢𑄴𑄉𑄢𑄬 𑄘𑄬𑄏𑄬 𑄝𑄨𑄘𑄬𑄏𑄬 𑄎𑄣𑄴 𑄛𑄬𑄣𑄬𑄣𑄧,Past
ভাগ করে দিল লম্বা লাঠি,"𑄞𑄇𑄴 𑄉𑄧𑄢𑄨 𑄘𑄨𑄣𑄴 𑄣𑄟𑄴𑄝 𑄝𑄙𑄨,",Past
এই পাে হারিে গেল,"𑄃𑄬 𑄣𑄢𑄳𑄦𑄬𑄖𑄴 𑄦𑄢𑄬𑄣𑄧𑄋𑄴 𑄎𑄘𑄧𑄢𑄴 𑄘𑄮𑄇𑄴𑄘𑄧𑄇𑄳𑄠𑄬,",Past
"প্রচুর নাচা, জবুথবু","𑄃𑄧𑄎𑄧𑄣𑄴 𑄚𑄧𑄇𑄴𑄈𑄧𑄖𑄳𑄢𑄧, 𑄎𑄪𑄟𑄴 𑄎𑄧𑄘𑄧𑄢𑄴 𑄛𑄖𑄴𑄖𑄧𑄣𑄨।",Present
জাগা হাল ধরিে সে বাঁশটা সা করলো,"𑄎𑄘𑄧𑄢𑄴 𑄦𑄣𑄴 𑄙𑄧𑄢𑄨 𑄛𑄖𑄴𑄖𑄧𑄣𑄨 𑄥𑄧𑄚𑄴𑄖𑄪 𑄝𑄋𑄴𑄣 𑄥𑄧𑄢𑄴𑄇𑄢𑄴𑄣𑄮𑄃𑄨 𑄉𑄧𑄢𑄨𑄣𑄧 𑄌𑄪𑄇𑄴𑄖𑄨,",Past
সে চুক্তি না মানার ফলে,𑄥𑄬 𑄌𑄪𑄇𑄴𑄖𑄨 𑄚𑄧 𑄟𑄚𑄨𑄣𑄮 𑄝𑄚𑄬𑄣𑄧 𑄃𑄨𑄃𑄪𑄛𑄨𑄓𑄨𑄃𑄬𑄜𑄴 𑄈𑄨𑄥 𑄛𑄳𑄢𑄧𑄥𑄨𑄖𑄴।,Present
.তার থেকে ধরে নিয়ে ভে ভে বেঁচে গেল কোল,"𑄥𑄨𑄖𑄴𑄖𑄪𑄚𑄴 𑄙𑄧𑄢𑄨 𑄚𑄪𑄠𑄮 𑄉𑄧𑄢𑄨 𑄞𑄬𑄃𑄨𑄠𑄬 𑄞𑄬𑄃𑄨𑄠𑄬 𑄝𑄎𑄨 𑄉𑄬𑄣𑄧 𑄇𑄮𑄣𑄴,",Past
"আজকে চেঙে,মিঙি,কাজলং পানি নাচা করে না","𑄃𑄨𑄇𑄳𑄠𑄬 𑄌𑄬𑄋𑄬, 𑄟𑄨𑄋𑄨𑄚𑄨, 𑄇𑄎𑄣𑄧𑄁 𑄛𑄚𑄨 𑄚𑄧 𑄉𑄧𑄋𑄢𑄴 𑄉𑄧𑄋𑄬 𑄡𑄃𑄨 𑄣𑄮।",Present
.আকাশে অনেক অনেক কালো মেঘ,𑄃𑄉𑄏𑄧𑄖𑄴 𑄝𑄧𑄚 𑄝𑄧𑄚 𑄇𑄣 𑄟𑄬𑄇𑄴,Present
.মলার মধ্যে তারা গোসল করবে,𑄟𑄬𑄉𑄧 𑄥𑄬𑄢𑄬 𑄖𑄢𑄃𑄪𑄚𑄴 𑄎𑄧𑄣𑄨𑄝𑄇𑄴।,Future
"হিংসুটে, সীল সাদারা বিঝুর পথ","𑄦𑄪𑄁𑄈𑄋𑄴, 𑄥𑄨𑄣𑄧 𑄥𑄘𑄢 𑄝𑄨𑄎𑄮𑄣𑄴 𑄛𑄧𑄖𑄴",Present
.নতুন রোগীগুলো লম্বা লম্বা হাঁটতেছে,𑄚𑄪𑄠𑄱 𑄛𑄨𑄢𑄳𑄦𑄨𑄃𑄪𑄚𑄴 𑄉𑄧𑄎𑄋𑄴 𑄉𑄧𑄎𑄋𑄴 𑄦𑄘𑄨𑄝𑄇𑄴।,Present
"পেটে ভাত নেই, বািতে ভাত নেই","𑄛𑄬𑄘𑄧𑄖𑄴 𑄞𑄖𑄴 𑄚𑄬𑄃𑄨, 𑄚𑄬𑄃𑄨 𑄊𑄧𑄢𑄴",Present
সে কি আছে?,𑄖𑄬 𑄇𑄨 𑄃𑄧𑄠𑄬?,Present
তুমি তো তাদের সাথে যাবে,𑄖𑄪𑄃𑄨 𑄘𑄧 𑄖𑄢 𑄥𑄣𑄳𑄠𑄋𑄧𑄖𑄴 𑄣𑄪𑄟𑄨𑄝𑄇𑄴।,Future
.এত কালো মেে উঠলে বমি করে,"𑄡𑄬𑄙𑄧𑄇𑄴 𑄇𑄣 𑄟𑄬𑄇𑄴𑄌𑄉 𑄃𑄪𑄘𑄨𑄣𑄬 𑄃𑄪𑄘𑄮𑄇𑄴,",Present
এত বিদ্যুৎ চমকানি,"𑄡𑄬𑄙𑄧𑄇𑄴 𑄏𑄨𑄟𑄨𑄣𑄚𑄨 𑄏𑄨𑄟𑄨𑄣𑄮𑄇𑄴,",Present
আমাদের তো বই রাখার সম নেই,𑄃𑄟𑄳𑄦 𑄘𑄧 𑄝𑄮𑄃𑄨 𑄗𑄬𑄝𑄢𑄴 𑄥𑄧𑄟𑄧𑄠𑄴 𑄚𑄬𑄃𑄨।,Present
হেলে দুলে যা,𑄦𑄣𑄬𑄠𑄳𑄠 𑄝𑄬𑄣𑄴 𑄦𑄣𑄬 𑄡𑄢𑄴,Present
সম তো বই রাখার নাই,𑄥𑄧𑄟𑄧𑄠𑄴 𑄘𑄧 𑄚𑄬𑄃𑄨 𑄝𑄮𑄃𑄨 𑄗𑄬𑄝𑄢𑄴।,Present
ব্যাঙের মলা দিে বাতাস বছে,𑄞𑄘𑄧 𑄟𑄏𑄳𑄠 𑄘𑄬𑄝 𑄟𑄬𑄉𑄧𑄥𑄚𑄴,Present
দৌাদৌি করতেছে,𑄂;𑄙𑄝 𑄘𑄨𑄝𑄧𑄋𑄴 𑄎𑄘𑄧𑄢𑄴 𑄇𑄟𑄧𑄖𑄴,Present
সে আর থাকতে পারবে না আর পরতে হবে,𑄚𑄧 𑄗𑄬𑄝𑄧𑄧𑄋𑄴 𑄃𑄢𑄴 𑄣𑄬𑄂𑄟𑄴 𑄛𑄧𑄢𑄨,Future
আমি এবার আসবো,𑄂;𑄃𑄟𑄨 𑄃𑄬𑄝𑄢𑄧𑄖𑄴।,Future
আঙুল গুো করে দেখতেছি,𑄃𑄋𑄪𑄣𑄴 𑄉𑄮𑄘𑄬𑄃𑄨 𑄘𑄬𑄊𑄬 𑄘𑄨𑄝𑄧𑄋𑄴,Present
".দুধের বান্দা,দুধের বান্দা","𑄂;𑄘𑄪𑄣𑄧𑄙𑄧𑄌𑄳𑄠 𑄝𑄧𑄚𑄴𑄘𑄢𑄬,",Present
.খাওা লাগে না,𑄂;𑄈𑄧𑄢𑄝𑄨 𑄚𑄧 𑄣𑄉𑄬।,Present
বািটা ধরার কাজ,𑄝𑄇𑄴𑄛𑄘𑄨 𑄙𑄧𑄢𑄧 𑄎𑄘𑄧𑄢𑄴 𑄇𑄟𑄴,Present
.ওপরের ভাই-বোনেরা কেমন?,𑄃𑄧𑄱 𑄛𑄧𑄢𑄴𑄝𑄱 𑄞𑄬𑄃𑄨-𑄝𑄮𑄚𑄴 𑄣𑄧𑄇𑄴?,Present
"কি বুঝছো,কি বুঝবে?","𑄇𑄨 𑄝𑄪𑄏𑄧𑄢𑄴, 𑄇𑄨 𑄞𑄝𑄧𑄢𑄴?",Future
বই রাখার কোনো স্থান নেই,𑄝𑄮𑄃𑄨 𑄗𑄬𑄝𑄢𑄴 𑄚𑄬𑄃𑄨 𑄘𑄧 𑄃𑄧𑄇𑄴𑄖𑄧।,Present
বাকপটু ধরার কাজে,𑄝𑄇𑄴𑄛𑄘𑄨 𑄙𑄧𑄢𑄧 𑄎𑄘𑄧𑄢𑄴 𑄇𑄟𑄧𑄖𑄴।,Present
এক জাতী মাছ,𑄜𑄃𑄮𑄚𑄴 𑄌𑄮𑄖𑄴 𑄟𑄌𑄴 𑄃𑄬𑄣𑄬,Present
গাছের পাতা ঝরে যা,"𑄏𑄪𑄢𑄨 𑄡𑄠𑄴 𑄉𑄏𑄧 𑄛𑄘,",Present
সুসুি যাওা,𑄥𑄪𑄉𑄬𑄃𑄨 𑄡𑄠𑄴 𑄍𑄧𑄢-𑄍𑄧𑄢𑄨।,Present
সুো করে গেল আমার সব জিনিসপত্র,𑄥𑄪𑄉𑄬𑄃𑄨 𑄡𑄬𑄣𑄧 𑄃𑄟𑄢𑄴 𑄝𑄬𑄇𑄴𑄈𑄚𑄨-,Past
"ভাত,ওাক্কর,মিষ্টি,মিষ্টি","𑄞𑄌𑄴, 𑄃𑄧𑄱𑄇𑄴𑄮𑄢𑄴, 𑄥𑄦𑄨𑄖𑄳𑄠𑄧, 𑄢𑄨𑄘𑄨 𑄥𑄪𑄘𑄮𑄟𑄴𑄃𑄚𑄨।",Present
কি আছে বুক ভরার?,𑄇𑄨 𑄃𑄊𑄬 𑄝𑄪𑄇𑄴 𑄞𑄧𑄢𑄬𑄝𑄢𑄴?,Present
কোকিলরা ডেকে যা,𑄇𑄮𑄇𑄨𑄣𑄴𑄠𑄳𑄠𑄧 𑄘𑄉𑄨 𑄡𑄢𑄴,Present
এক জাতী গাছ,"𑄦𑄬𑄃𑄨𑄣𑄴 𑄉𑄏𑄧𑄖𑄴 𑄝𑄮𑄃𑄨,",Present
.আকাশে উঠছে কালো মেে,𑄃𑄉𑄏𑄧𑄖𑄴 𑄃𑄪𑄖𑄴𑄬 𑄇𑄣 𑄟𑄬𑄇𑄴,Present
বিালের মুখ বো নেই,"𑄝𑄬𑄣𑄧 𑄟𑄪 𑄝𑄬𑄘 𑄚𑄬𑄃𑄨,",Present
পৃথিবীটা হলো জো,𑄛𑄨𑄖𑄴𑄗𑄨𑄟𑄨𑄃𑄚𑄴 𑄦𑄧𑄣𑄧 𑄎𑄮𑄣𑄴।,Present
.কি আছে বুক বাঁধার?,𑄇𑄨 𑄃𑄊𑄬 𑄝𑄪𑄇𑄴 𑄝𑄚𑄨𑄝𑄢𑄴?,Present
.এটা উঠে না,𑄃𑄨𑄃𑄚𑄴 𑄃𑄪𑄝𑄚𑄴 𑄚𑄧 𑄞𑄝𑄨,Present
.সার বুদ্ধি তুলে,"𑄥𑄢𑄴 𑄝𑄪𑄘𑄴𑄙𑄨 𑄎𑄉𑄬 𑄖𑄪𑄣𑄨,",Present
চোর বোর থেকে বের হে,𑄌𑄬𑄢𑄴 𑄝𑄬𑄢𑄧 𑄞𑄨𑄘𑄨𑄢𑄬𑄖𑄴𑄪𑄚𑄴 𑄚𑄨𑄉𑄨𑄣𑄨,Present
জাগা ভালো করে কাজ করা,𑄎𑄘𑄧𑄢𑄴 𑄞𑄣𑄬𑄘𑄨 𑄇𑄟𑄧𑄖𑄴 𑄣𑄟𑄨।,Present
"মনের জ্বালা, মনের জ্বালা",𑄛𑄧𑄢𑄚𑄧 𑄖𑄪𑄘𑄨,Present
পুকুরটা না দেখে আর থাকা যা না,𑄘𑄨𑄊𑄨𑄝𑄢𑄴 𑄚𑄧 𑄌𑄬𑄃𑄨 𑄃𑄢𑄴,Present
কোন মা বুক খালি করলো,𑄇𑄧𑄚𑄧 𑄟 𑄝𑄪𑄇𑄴 𑄥𑄢𑄣𑄳𑄠𑄬 𑄃𑄮𑄇𑄴,Past
কোন নানিের বোন অসুস্থ হে পা,𑄇𑄧𑄚𑄧 𑄚𑄮𑄚𑄨𑄠𑄬 𑄝𑄮𑄚𑄧𑄢𑄴 𑄣𑄋𑄳𑄠𑄬 𑄛𑄧𑄢𑄳𑄦,Present
বুক ভাঙা মরা কী যেন,"𑄝𑄪𑄇𑄴 𑄞𑄋 𑄟𑄧𑄢 𑄇𑄨𑄎𑄬𑄇𑄴,",Present
বুক চেপে ধরে কান্না করা,𑄝𑄪𑄇𑄴 𑄌𑄝𑄧𑄢𑄬 𑄌𑄝𑄧𑄢𑄬 𑄇𑄚𑄚𑄢𑄴 𑄘𑄬𑄇𑄴।,Present
দিঘিটা দেখতেছি না,𑄘𑄨𑄊𑄨𑄝𑄢𑄴 𑄚𑄧 𑄌𑄬𑄃𑄨-,Present
ননিেবোনের স্বপ্ন ভাঙা গল্প,𑄚𑄮𑄚𑄨𑄠𑄬 𑄝𑄮𑄚𑄧𑄢𑄴 𑄥𑄧𑄝𑄧𑄚𑄴 𑄞𑄋 𑄉𑄧𑄣𑄴𑄛𑄧,Present
কোন চিটিংবাজ লোক দৌাদৌি করছে,"𑄇𑄧𑄚𑄧 𑄌𑄨𑄎𑄨𑄢𑄴 𑄎𑄨𑄋𑄴𑄇𑄚𑄨 𑄘𑄪𑄉𑄧𑄢𑄴 𑄣𑄟,",Present
কোন নানি ভাই বোনার জন্য হাত দিেছে,𑄇𑄧𑄚𑄧 𑄚𑄮𑄚𑄨𑄠𑄬 𑄞𑄬𑄃𑄨 𑄝𑄮𑄚𑄧𑄢𑄴 𑄦𑄞𑄨𑄣𑄳𑄠𑄌𑄴,Present
কোন মারের আওাজ নেই এমন কথা,𑄇𑄧𑄚𑄧 𑄟𑄢𑄴 𑄝𑄪𑄇𑄴 𑄃𑄋𑄪𑄚𑄨 𑄇𑄧𑄙।,Present
দিলে পৃথিবীটা দেখে,𑄘𑄨𑄣𑄬 𑄛𑄧𑄖𑄴𑄗𑄚𑄴 𑄘𑄬𑄊𑄬𑄃𑄨-,Present
ও জুম্মদের পাথরটা ব,"𑄃𑄮 𑄎𑄪𑄟𑄴𑄧 𑄎𑄘𑄧𑄢𑄴 𑄛𑄖𑄴𑄗𑄧𑄣𑄨 𑄘𑄋𑄧𑄢𑄴 𑄟𑄚𑄬𑄃𑄨,",Present
জাগা কচ্ছপরা দিনে যা,𑄎𑄘𑄧𑄢𑄴 𑄇𑄪-𑄃𑄚𑄴𑄘𑄢𑄴 𑄘𑄨𑄚𑄧𑄖𑄴 𑄎𑄠𑄴 𑄗𑄬𑄃𑄨,Present
পাহাে আগে বুক দিে দো,𑄟𑄪𑄎𑄪𑄋𑄬 𑄃𑄇𑄴𑄮𑄃𑄨 𑄝𑄪𑄇𑄴 𑄛𑄘𑄨 𑄘𑄳𑄠𑄨,Present
না দৌাদৌি করলে শান্তি আসে এখানে,𑄚𑄧 𑄘𑄧𑄢𑄘𑄳𑄠 𑄜𑄪𑄂 𑄉𑄧𑄢𑄨𑄣𑄬 𑄎𑄪𑄟𑄴𑄧 𑄎𑄘𑄧 𑄃𑄨𑄙𑄪 𑄘𑄚𑄴;,Present
সে মন্ত্রটা দিে জুম্মরা এসেছে,𑄥𑄬 𑄜𑄪𑄂-𑄟𑄧𑄚𑄴𑄖𑄳𑄢𑄧𑄣𑄮𑄃𑄨 𑄃𑄬𑄌𑄳𑄠𑄬 𑄎𑄪𑄟𑄴𑄧𑄃𑄪𑄚𑄴,Present
হাত দিে পদচিহ্ন অনুসরণ করতে হ,𑄦𑄙𑄧𑄘𑄧𑄚𑄴 𑄖𑄧 𑄛𑄧𑄢𑄬𑄠𑄳𑄠 𑄛𑄧𑄘𑄧 𑄙𑄪𑄢𑄨।,Present
যাদেরকে যাওা হ সে মন্ত্র দিে,𑄡𑄢𑄢𑄬 𑄡𑄬𑄣𑄬 𑄥𑄬 𑄜𑄪𑄂-𑄟𑄧𑄚𑄴𑄖𑄳𑄢𑄧 𑄘𑄨,Present
তাদের চোর ভাগে ভাত আছে,"𑄖𑄢𑄘𑄧 𑄌𑄬𑄢𑄴 𑄞𑄉𑄬 𑄞𑄇𑄴 𑄃𑄧𑄃𑄨 𑄃𑄊𑄧𑄚𑄴,",Present
রেনা-রেনি কোলকুজ করে,𑄢𑄬𑄚-𑄢𑄬𑄚𑄨 𑄇𑄮𑄣𑄴-𑄇𑄪𑄎𑄳𑄠 𑄉𑄧𑄢𑄨।,Present
এটি ব হাত,𑄃𑄨𑄃𑄚𑄴 𑄘𑄋𑄧𑄢𑄴 𑄦𑄞𑄨𑄣𑄳𑄠𑄌𑄴।,Present
পুকুরটা দেখা যা না,𑄘𑄨𑄊𑄨𑄝𑄢𑄴 𑄚𑄧 𑄌𑄬𑄃𑄨,Present
জাত ভাই মারা মারি,𑄎𑄖𑄴 𑄞𑄬𑄃𑄨𑄠𑄬 𑄟𑄢 𑄟𑄢𑄨𑄖𑄴,Present
কোনো এক জাতী পাখি লাফিে লাফিে যাচ্ছে,"𑄇𑄧𑄚𑄧 𑄞𑄬𑄃𑄨 𑄇𑄬𑄋𑄴𑄉𑄧𑄣𑄴 𑄙𑄪𑄝𑄧 𑄣𑄘𑄨 𑄘𑄨 𑄟𑄧𑄢𑄮𑄇𑄴,",Present
বাপ ভাইের লাল লাল,𑄝𑄛𑄴 𑄞𑄬𑄃𑄨𑄠𑄮𑄢𑄴 𑄢𑄋 𑄣𑄮𑄠𑄬,Present
মেদবহুল বুক,𑄟𑄬𑄘𑄨𑄚𑄨 𑄝𑄪𑄇𑄴 𑄞𑄏𑄨 𑄡𑄮𑄇𑄴।,Present
রাতের বেলা ঘুম আসতেছে,𑄚𑄨𑄥𑄨 𑄢𑄬𑄘𑄮𑄖𑄴 𑄊𑄪𑄟𑄴 𑄃𑄧𑄇𑄴𑄖𑄧𑄖𑄴,Present
কোন বাপ শুধু হাসি দে,"𑄇𑄧𑄚𑄧 𑄝𑄛𑄴 𑄞𑄬𑄃𑄨 𑄦𑄎𑄨 𑄡𑄮𑄇𑄴,",Present
কোন ভের বন্দুকের গুলিতে,𑄇𑄧𑄚𑄧 𑄞𑄬𑄃𑄨𑄠𑄮𑄢𑄴 𑄝𑄧𑄚𑄴𑄘𑄪𑄇𑄧𑄢𑄴 𑄉𑄪𑄣𑄨𑄖𑄴,Present
বুক ভরে খাওা,𑄝𑄪𑄇𑄴 𑄞𑄬𑄘 𑄞𑄬𑄘 𑄃𑄮𑄇𑄴।,Present
দিঘির দিকে তাকিে আছি,𑄘𑄨𑄊𑄨𑄨𑄝𑄢𑄴 𑄌𑄬𑄃𑄨 𑄃𑄟𑄨,Present
হেলাম পাহাে আছে,𑄦𑄬𑄭𑄣𑄴 𑄟𑄮𑄚𑄴 𑄟𑄪𑄢𑄧𑄖𑄴 𑄃𑄉𑄧 𑄥𑄚𑄴,Present
জুমের সুতাগুলো বেঁধে রাখো,"𑄎𑄪𑄟𑄧 𑄥𑄪𑄘𑄮𑄉𑄧𑄣 𑄜𑄪𑄘𑄨 𑄗𑄮𑄇𑄴,",Present
তেরটা বাপ-মা বোন,𑄖𑄬𑄢𑄮𑄝𑄱 𑄝𑄛𑄴 𑄞𑄬𑄃𑄨-𑄟 𑄝𑄮𑄚𑄧𑄢𑄴,Present
আলুগুলো দুলিে দুলিে নিে আসো,𑄃𑄣𑄪𑄣𑄴𑄣𑄧𑄱 𑄘𑄪𑄣𑄪𑄣𑄴𑄣𑄧𑄱 𑄃𑄧𑄖𑄣𑄨𑄠𑄬 𑄇𑄮𑄌𑄴𑄛𑄚𑄣𑄧𑄃𑄨।,Present
৮১০৮.০৮.১৮. বাবুছরা থেকে ফিরে,𑄸𑄷/𑄶𑄾/𑄷𑄾(𑄝𑄝𑄪𑄍𑄧𑄢𑄖𑄴𑄖𑄪𑄚𑄴 𑄜𑄨𑄢𑄨),Present
তুমি আমার মনটা ভ করো,𑄖𑄪𑄃𑄨 𑄖𑄧 𑄟𑄧𑄚𑄚𑄴 𑄘𑄧𑄢𑄧 𑄉𑄧𑄢𑄴,Present
".মানুষে কূলে কূল নেই, পথ নেই","𑄟𑄚𑄬𑄃𑄨 𑄇𑄪𑄣𑄧𑄖𑄴 𑄥𑄧𑄖𑄳𑄠𑄧 𑄚𑄬𑄃𑄨, 𑄚𑄬𑄃𑄨 𑄛𑄧𑄖𑄳𑄠𑄧",Present
.সপথ ফিরে আসার জন্য দৌাদৌি করো,𑄥𑄧𑄖𑄳𑄠𑄧 𑄛𑄧𑄖𑄳𑄠𑄧 𑄜𑄨𑄢𑄨 𑄃𑄚𑄨𑄝𑄢𑄴 𑄚𑄪𑄠𑄱𑄉𑄧𑄢𑄨 𑄣𑄢𑄬𑄃𑄨 𑄉𑄧𑄢𑄴।,Present
রাধারমণে তাাতাি প্রাণ দিল বলি,𑄢𑄙𑄟𑄧𑄚𑄬 𑄥𑄧𑄖𑄳𑄠𑄧 𑄣𑄢𑄳𑄦𑄬𑄖𑄴 𑄛𑄧𑄢𑄚𑄴 𑄘𑄨𑄣𑄧 𑄝𑄧𑄣𑄨,Past
তার মতো করে এক দিন সকাল হেছে,𑄖 𑄙𑄧𑄇𑄳𑄠𑄬 𑄣𑄧𑄢𑄳𑄦𑄬𑄃𑄨 𑄉𑄧𑄢𑄨 𑄃𑄬𑄇𑄴 𑄘𑄨𑄚𑄴 𑄃𑄧𑄝𑄧𑄋𑄴 𑄝𑄨𑄎𑄧𑄠𑄨।,Present
জাগিে উে ধনপুদি,𑄎𑄉𑄨 𑄃𑄪𑄘𑄧 𑄙𑄧𑄚𑄴𑄛𑄪𑄘𑄨,Present
আবার চোখের পানি,𑄃𑄢𑄴 𑄚𑄧𑄠𑄴 𑄌𑄮𑄉𑄧 𑄛𑄚𑄨,Present
রাধাকৃষ্ণের কথা,𑄢𑄙𑄟𑄧𑄚𑄬 𑄇𑄮𑄃𑄨 𑄡𑄨𑄠𑄬 𑄇𑄧𑄙𑄚𑄨,Present
বেশি বেশি পালন করে,𑄃𑄧𑄇𑄴𑄈𑄧𑄢𑄬 𑄃𑄧𑄇𑄴𑄈𑄧𑄢𑄬 𑄛𑄣𑄧𑄚𑄴 𑄉𑄧𑄢𑄨।,Present
"এই জাগা আমার, আমার এই মাটি","𑄃𑄬 𑄎𑄉 𑄃𑄟𑄢𑄴, 𑄃𑄟𑄢𑄴 𑄃𑄬 𑄟𑄘𑄨",Present
গাছটাকে চে দাও,𑄉𑄌𑄴𑄍𑄪𑄚𑄧𑄢𑄬 𑄌𑄧,Present
একনাগাে,"𑄃𑄬𑄇𑄴 𑄃𑄧𑄇𑄴𑄖𑄧𑄖𑄴,",Present
.ফুলে পাগোে একটি শিশু লাফালাফি করছে।,𑄜𑄪𑄣𑄬 𑄛𑄉𑄮𑄢𑄬 𑄛𑄬𑄃𑄨𑄉𑄧 𑄇𑄨𑄏𑄨𑄇𑄴 𑄈𑄎𑄉𑄬 𑄃𑄧𑄙𑄧𑄇𑄴,Present
এক লাফে?,𑄃𑄬𑄇𑄴 𑄃𑄧𑄇𑄴𑄖𑄧𑄖𑄴?,Present
পাতার ফুল ঝুিে যে না করা হ,𑄛𑄘 𑄜𑄪𑄣𑄴 𑄏𑄪𑄢𑄨 𑄡𑄬𑄃𑄨 𑄚𑄪𑄠𑄱 𑄉𑄧𑄢𑄨 𑄇𑄮𑄢𑄴 𑄃𑄪𑄘𑄬।,Present
তুমি তো সেই ধনপুি,"𑄖𑄪𑄃𑄨 𑄘𑄧 𑄥𑄬𑄃𑄨 𑄙𑄧𑄚𑄴𑄛𑄪𑄘𑄨,",Present
.আার দুই ভাগ না করে পে যাওা,𑄃𑄎𑄢𑄴 𑄘𑄪𑄉𑄧𑄖𑄴 𑄚𑄧 𑄛𑄧𑄢𑄧𑄌𑄴 𑄞𑄋𑄨,Present
ভ পাে উঠছে,𑄘𑄧𑄢𑄧 𑄟𑄘𑄨 𑄜𑄪𑄢𑄨 𑄃𑄪𑄘𑄮𑄌𑄴,Present
".নতুন স্বপ্ন,নতুন আশা","𑄚𑄪𑄠𑄱 𑄥𑄧𑄝𑄧𑄚𑄴, 𑄚𑄪𑄠𑄱 𑄃𑄏 𑄝𑄪𑄉𑄧𑄖𑄴 𑄝𑄚𑄨।",Present
তোমাকে আমার মুখে গািে রাখবো,𑄖𑄧𑄟𑄢𑄬 𑄟𑄪𑄃𑄨 𑄃𑄨𑄙𑄮𑄖𑄴 𑄉𑄘𑄬 𑄖𑄮𑄟𑄴,Future
"মিচি,কাজলং, চেঙে গাঙ যত দিন হবে","𑄟𑄨𑄋𑄨𑄚𑄨, 𑄇𑄎𑄣𑄧𑄁, 𑄌𑄬𑄋𑄬 𑄉𑄋𑄴 𑄡𑄬𑄙𑄧𑄇𑄴 𑄘𑄨𑄚𑄴 𑄉𑄧𑄋𑄬𑄝𑄧",Future
"মাথা তুলবো,আবোল তাবোল,কুঁচকানো,কুঁচকানো","𑄥𑄨𑄢𑄬 𑄖𑄪𑄣𑄨𑄝𑄧, 𑄃𑄣𑄪𑄖𑄨𑄣, 𑄇𑄬𑄃𑄧𑄱𑄇𑄳𑄢𑄧𑄓𑄧𑄁, 𑄜𑄪𑄢𑄮𑄟𑄮𑄚𑄴।",Future
এখানে তুলে দিব,𑄃𑄨𑄙𑄮𑄖𑄴 𑄖𑄪𑄣𑄨 𑄘𑄨𑄚𑄴 𑄉𑄧𑄋𑄬𑄟𑄴,Future
যোগা এখন বৃষ্টি পরতেছে,"𑄡𑄪𑄚𑄨 𑄃𑄬𑄡𑄬 𑄏𑄧𑄢𑄴 𑄝𑄮𑄃𑄨𑄠𑄬𑄢𑄴,",Present
পৃথিবীতে নাচ হলে কোনো দিন কুিে পাবো না,𑄛𑄨𑄖𑄴𑄗𑄨𑄟𑄨 𑄚𑄌𑄴 𑄦𑄧𑄣𑄬𑄠𑄳𑄠𑄧 𑄇𑄧𑄚𑄧 𑄘𑄨𑄚𑄴 𑄇𑄪𑄢𑄨 𑄚𑄧 𑄛𑄬𑄣𑄬𑄟𑄴।,Future
মন ভালো করে চিন্তা করতেছে,"𑄟𑄧𑄚𑄧 𑄥𑄪𑄚𑄴𑄙𑄪𑄇𑄧𑄖𑄴 𑄡𑄧𑄖𑄧𑄚𑄴 𑄉𑄧𑄢𑄨 𑄌𑄨𑄘𑄧𑄖𑄴,",Present
লিকলিকে রাখ সোনা দিে তোমার নাম,𑄣𑄨𑄊𑄨 𑄗𑄮𑄟𑄴 𑄥𑄮𑄚 𑄃𑄮𑄇𑄴𑄇𑄮𑄢𑄴𑄣𑄮𑄃𑄨 𑄖𑄧𑄟 𑄚𑄋𑄚𑄨।,Present
কুাশা পেেছে এমন জীবন,𑄇𑄮𑄢𑄬𑄠𑄳𑄠 𑄛𑄬𑄘𑄬𑄠𑄳𑄠 𑄎𑄨𑄋𑄴𑄇𑄚𑄨,Present
পাে থাপ্প মারলে মাথা নেই,𑄗𑄬𑄋𑄧𑄖𑄴 𑄗𑄚𑄨𑄣𑄬 𑄟𑄙𑄖𑄴 𑄚𑄬𑄃𑄨,Present
মা ভাতটা রান্না করতেছে,𑄟 𑄞𑄌𑄴𑄍𑄚𑄴 𑄇𑄮𑄌𑄴𑄛𑄬𑄚𑄬𑄃𑄨,Present
তোমরা পৃথিবীতে ব মানুষ,𑄖𑄪𑄟𑄨 𑄘𑄧 𑄛𑄨𑄖𑄴𑄗𑄨𑄟𑄨𑄖𑄴 𑄘𑄋𑄧𑄢𑄴 𑄟𑄚𑄴𑄝𑄧𑄣 𑄟𑄚𑄬𑄃𑄨।,Present
তোদেরকে নিে বুক ভরে,𑄖𑄧𑄟𑄢𑄬 𑄚𑄨𑄚𑄬𑄃𑄨 𑄝𑄪𑄇𑄴 𑄞𑄧𑄢𑄬,Present
হাজার হাজার দুলহাা সামারে একসাথে থাকতে পারেনা,𑄦𑄎𑄢𑄴 𑄦𑄎𑄢𑄴 𑄘𑄪𑄣𑄧𑄙𑄧𑄌𑄳𑄠 𑄥𑄟𑄢𑄬 𑄜𑄉𑄧𑄖𑄴 𑄚𑄧 𑄥𑄧𑄟𑄬,Present
একটু একটু করে একটু একটু করে,𑄃𑄬𑄉𑄌𑄨𑄖𑄴𑄖𑄬 𑄃𑄬𑄉𑄟𑄧𑄚𑄬 𑄚𑄨𑄉𑄪𑄌𑄴 𑄚𑄨𑄉𑄪𑄌𑄴 𑄉𑄧𑄢𑄨,Present
আনানি লবনাক্ত ভ খেে মনের ইচ্ছা পূরণ করে,𑄃𑄚𑄪𑄚𑄨 𑄚𑄪𑄚𑄴𑄍𑄮 𑄞𑄧𑄖𑄴 𑄈𑄬𑄃𑄨 𑄣𑄢𑄳𑄦𑄬𑄃𑄨 𑄉𑄧𑄢𑄧𑄢𑄴 𑄟𑄧𑄚𑄬 𑄛𑄧𑄢𑄚𑄬।,Present
মুখ বাঁকা করে কথা বলে,𑄟𑄪𑄃𑄨 𑄝𑄨𑄌𑄴𑄥𑄬𑄌𑄴 𑄉𑄧𑄢𑄧𑄋𑄴,Present
তুমি কেন বাঁশে লাফিেছো?,"𑄖𑄪𑄟𑄨 𑄛𑄢𑄨𑄝 𑄥𑄣𑄳𑄠𑄋𑄧𑄖𑄴 𑄣𑄪𑄟𑄨 𑄇𑄨𑄖𑄴𑄖𑄬𑄃𑄨,",Present
.লোবনাক্ত লালচষা তোমাকে সহ্য করতে পারে না,𑄣𑄮𑄛𑄴 𑄣𑄣𑄧𑄌𑄴 𑄖𑄧𑄟𑄢𑄬 𑄚𑄧 𑄛𑄢𑄬 𑄟𑄳𑄦𑄧 𑄉𑄧𑄢𑄨।,Present
রাতের অন্ধকারে ঘুম ভেঙে যা,𑄚𑄨𑄥𑄨 𑄢𑄬𑄘𑄮𑄖𑄴 𑄊𑄪𑄟𑄴 𑄞𑄋𑄨 𑄡𑄠𑄴,Present
"দাঁি, দাঁিে তোমাকে মনে পে","𑄘𑄙, 𑄘𑄨𑄊𑄨𑄣𑄬 𑄖𑄧𑄢𑄬 𑄥𑄧𑄝𑄧𑄚𑄬,",Present
কোন হ্রদে ফেলে যাওা হলে,𑄇𑄧𑄚𑄴 𑄥𑄉𑄧𑄢𑄧𑄖𑄴 𑄜𑄬𑄣𑄬 𑄡𑄬𑄣𑄬,Present
তোমরা আমাকে,𑄖𑄪𑄃𑄨 𑄃𑄟𑄢𑄬।,Present
বেনে পোা পোা করলে,𑄝𑄬𑄚𑄴𑄚𑄬 𑄛𑄮𑄖𑄳𑄠 𑄛𑄮𑄜𑄁 𑄘𑄧𑄉𑄧𑄢𑄨𑄣𑄬,Past
এখানে উঠতে হবে তোমাকে,"𑄃𑄨𑄙𑄮𑄖𑄴 𑄃𑄪𑄙𑄬 𑄖𑄧𑄢𑄬,",Future
কি পাপ করেছো তুমি আমাকে,𑄇𑄨 𑄛𑄛𑄬 𑄉𑄮𑄎𑄬𑄚𑄴 𑄖𑄪𑄃𑄨 𑄃𑄟𑄢𑄬,Present
এখন আমি পেট মরা দাি,𑄃𑄨𑄇𑄴𑄇𑄬 𑄃𑄟𑄨 𑄛𑄨𑄖𑄴𑄖𑄮 𑄟𑄧𑄢 𑄘𑄙,Present
"তুমি থাকো না,তুমি থাকো না","𑄖𑄪𑄃𑄨 𑄚𑄧 𑄗𑄬𑄚𑄬𑄃𑄨,",Present
মারমারা আমাকে মিষ্টি পিিেছে,𑄟𑄚𑄴𑄌𑄳𑄠 𑄃𑄟𑄢𑄬 𑄥𑄧𑄌𑄴 𑄛𑄨𑄠𑄮𑄚𑄴,Present
ভে ভে কোল বেজে দে,𑄞𑄬𑄃𑄨𑄠𑄬 𑄞𑄬𑄃𑄨𑄠𑄬 𑄇𑄮𑄣𑄴 𑄝𑄎𑄬𑄃𑄨 𑄘𑄮𑄚𑄴।,Present
জাগা জমি সহ সম্পত্তি হারালাম,𑄎𑄉 𑄎𑄧𑄟𑄨 𑄥𑄳𑄦𑄧-𑄥𑄧𑄟𑄴𑄛𑄧𑄖𑄴𑄨 𑄦𑄢𑄬𑄣𑄧𑄁,Past
বোনটিকে ঝাু দিতেছে,"𑄝𑄮𑄚𑄪𑄚𑄧𑄢𑄬 𑄏𑄝𑄘𑄧𑄚𑄴 𑄝𑄧𑄁𑄛𑄘𑄢𑄬,",Present
.কোনো আবর্জনা নেই।,𑄇𑄧𑄚𑄧 𑄇𑄨𑄗𑄳𑄠 𑄚𑄨𑄛𑄧𑄢𑄴𑄞 𑄚𑄬𑄃𑄨,Present
এত করে সাজানো কেন?,𑄃𑄬𑄙𑄧𑄇𑄴𑄇𑄬 𑄉𑄧𑄢𑄨 𑄝𑄎𑄚 𑄇𑄬𑄚𑄬?,Present
"এত ধাক্কা খেলাম,আার খেলাম","𑄃𑄬𑄙𑄧𑄇𑄴 𑄙𑄪𑄌𑄴 𑄈𑄬𑄣𑄧𑄋𑄴, 𑄃𑄎𑄢𑄴 𑄈𑄬𑄣𑄧𑄋𑄴",Past
এত উপরে উঠে না,"𑄃𑄬𑄡𑄧 𑄃𑄪𑄌𑄴 𑄚𑄧 𑄝𑄧𑄎𑄬,",Present
কত ব ব করে কুিেছে,𑄇𑄧 𑄝𑄱 𑄡𑄧𑄇𑄴𑄇𑄬 𑄇𑄪𑄢𑄨𑄝𑄱 𑄘𑄙,Present
এখানে উঠতে হবে তোমাকে,𑄃𑄨𑄙𑄮𑄖𑄴 𑄃𑄪𑄘𑄬 𑄖𑄧𑄢𑄬।,Future
মা প্রতিদিন চোখের পানি পে,𑄟𑄳𑄦𑄟𑄳𑄦 𑄚𑄨𑄖𑄴𑄖𑄱 𑄙𑄢 𑄙𑄢 𑄌𑄮𑄉𑄧 𑄛𑄚𑄨,Present
বুক চেপে ধরে কান্না,"𑄝𑄪𑄇𑄴 𑄌𑄝𑄧𑄢𑄬 𑄌𑄝𑄧𑄢𑄬 𑄇𑄚𑄬,",Present
কাউকে কিছু বুঝাতে পারিনা,𑄇𑄢𑄧𑄢𑄬 𑄇𑄨𑄌𑄴𑄪 𑄝𑄪𑄏𑄬𑄃𑄨 𑄚𑄧 𑄛𑄢𑄨,Present
.শুধু মেইল খেে,𑄝𑄚 𑄟𑄬𑄭𑄣𑄴 𑄈𑄬𑄘𑄧 𑄟𑄉𑄬।,Present
কোথা পেছো?,𑄇𑄪𑄙𑄪 𑄛𑄧𑄢𑄨 𑄢𑄪𑄠𑄮𑄚𑄴?,Present
একটা করে জুম করিও,𑄃𑄬𑄇𑄴𑄈𑄚 𑄉𑄧𑄢𑄨 𑄎𑄪𑄟𑄚𑄴𑄠𑄳𑄠𑄧,Present
হরিণের চূা দিে যাচ্ছে,𑄦𑄧𑄢𑄨𑄋𑄴 𑄌𑄮𑄋𑄧𑄢 𑄘𑄧𑄉𑄧𑄢𑄨 𑄡𑄘𑄧𑄚𑄴।,Present
দৌাদৌি তুমি ফিরে আসো,𑄘𑄙 𑄖𑄪𑄃𑄨 𑄜𑄨𑄢𑄨 𑄃𑄠𑄴,Present
.সাথে নিে আসো রাধাকে,"𑄣𑄧𑄉𑄬 𑄃𑄚𑄨𑄌𑄴 𑄢𑄙𑄟𑄧𑄚𑄧𑄢𑄬,",Present
জুমের জাতটাকে কূলে নাও,𑄎𑄪𑄟𑄴𑄟𑄱 𑄎𑄖𑄴𑄖𑄱𑄢𑄬 𑄇𑄪𑄣𑄧𑄖𑄴 𑄣𑄧,Present
মামা আমাকে হাসি ফোটাও,𑄟𑄟𑄳𑄦 𑄟𑄪𑄠𑄖𑄴 𑄦𑄎𑄨 𑄜𑄪𑄘𑄬 𑄘𑄬।,Present
জনম জুে,𑄎𑄧𑄚𑄧𑄟𑄴 𑄘𑄪𑄉𑄨,Present
"ও বাবা ভাই, জাত ভাই","𑄃𑄧𑄱 𑄝𑄛𑄴 𑄞𑄬𑄃𑄨, 𑄎𑄖𑄴 𑄞𑄬𑄃𑄨𑄣𑄧𑄇𑄴,",Present
.মা বুক আলগা করে,𑄟 𑄝𑄪𑄇𑄴 𑄥𑄢𑄣𑄳𑄠 𑄉𑄧𑄢𑄨,Present
জাত ভাইরা রানী করে,𑄎𑄖𑄴 𑄝𑄮𑄚𑄪𑄚𑄴 𑄢𑄚𑄨 𑄉𑄧𑄢𑄨,Present
"কি দো,কি দো","𑄇𑄨 𑄘𑄬𑄊𑄧𑄢𑄴, 𑄇𑄨 𑄥𑄮𑄚𑄧𑄢𑄴",Present
"তোমরা,নতুন রোগীদেরকে?","𑄖𑄪𑄟𑄨, 𑄚𑄪𑄠𑄮 𑄛𑄨𑄢𑄳𑄦𑄨𑄃𑄪𑄚𑄧𑄢𑄬?",Present
ভে ভে মারা,𑄞𑄬𑄃𑄨𑄠𑄬 𑄞𑄬𑄃𑄨𑄠𑄬 𑄟𑄢-𑄟𑄢𑄨,Present
হিল চাদিগা লাল নালা,"𑄦𑄨𑄣𑄴 𑄌𑄘𑄨𑄉𑄋𑄴 𑄣𑄮 𑄚𑄣𑄬,",Present
মা বোন চা চা করছে দুই চোখে,𑄟 𑄝𑄮𑄚𑄧𑄢𑄴 𑄌𑄬𑄢𑄋𑄴 𑄌𑄬𑄢𑄋𑄴 𑄘𑄨 𑄌𑄮𑄉𑄧𑄖𑄴𑄛𑄚𑄨𑄖𑄴,Present
পাহাের চুক্তিতে ভাজি ভাজি আছে,𑄛𑄢𑄴𑄝𑄧𑄖𑄳𑄠𑄧 𑄌𑄪𑄇𑄴𑄖𑄨 𑄞𑄎𑄨 𑄞𑄎𑄨 𑄃𑄊𑄬।,Present
.এটা কি সমস্যা?,𑄃𑄨𑄃𑄚𑄴 𑄇𑄨 𑄎𑄘𑄧𑄢𑄴 𑄇𑄮𑄌𑄴𑄛𑄚?,Present
"না,দোল প্রেত","𑄚, 𑄘𑄬𑄌𑄴 𑄛𑄳𑄢𑄬𑄖𑄳𑄠𑄃𑄨?",Present
"দোল, দোল","𑄘𑄬𑄊𑄧𑄢𑄴,",Past
"বলির মাটি নাা হলো, জুম কাটা হলো","𑄝𑄧𑄣𑄨 𑄟𑄘𑄨 𑄚𑄙 𑄦𑄧𑄣𑄧, 𑄎𑄪𑄟𑄴 𑄇𑄝𑄨",Past
আছার দিে যা তোমাকে,"𑄃𑄎𑄢𑄴 𑄘𑄪𑄉𑄬 𑄎𑄨𑄋𑄴𑄇𑄚𑄨 𑄖𑄮𑄢𑄬𑄃𑄨,",Present
খাওার সম এদিক সেদিক যাওা,𑄈𑄬𑄝𑄢𑄴 𑄃𑄧𑄇𑄴𑄖𑄧 𑄃𑄨𑄚𑄴𑄘𑄨 𑄃𑄪𑄚𑄴𑄘𑄨 𑄝𑄧 𑄡𑄘𑄬 𑄡𑄘𑄬,Present
পুো-ঝিি মতো লিখতেছে কেন?,𑄛𑄪𑄠𑄮-𑄏𑄨 𑄦𑄨𑄋𑄨𑄢𑄨 𑄣𑄬𑄊 𑄥𑄬𑄊𑄬𑄃𑄨?,Present
যে পরিমাণ সে পরিমাণ,𑄡𑄬 𑄝𑄧𑄎𑄧𑄋𑄴 𑄥𑄬 𑄝𑄧𑄎𑄧𑄋𑄴,Present
যে পাে যে পা,𑄡𑄬 𑄘𑄪𑄉𑄨 𑄥𑄬 𑄘𑄪𑄉𑄨,Present
নেই কোনো ভালো,𑄚𑄬𑄃𑄨 𑄇𑄧𑄚𑄧 𑄞𑄣𑄬𑄘𑄨,Present
আমরা অনেক জনমে যাবো,𑄃𑄟𑄨 𑄃𑄧𑄣𑄧𑄋𑄴 𑄎𑄧𑄚𑄧𑄟𑄴 𑄘𑄪𑄉𑄨।,Future
ফিরে যাওা,𑄜𑄨𑄢𑄨 𑄃𑄬𑄎𑄧,Present
"চেঙে,মিি, কাজল, কাজল,বা","𑄌𑄬𑄋𑄬, 𑄟𑄨𑄋𑄨𑄚𑄩, 𑄇𑄎𑄧𑄣𑄧𑄋𑄴, 𑄝𑄧𑄢𑄴𑄉𑄋𑄴-",Present
মাছ ধরার চাঁই,"𑄥𑄧𑄋𑄴𑄈𑄧, 𑄟𑄖𑄟𑄪𑄈𑄪𑄢𑄩",Present
ব ব করে কোথা যাচ্ছে,𑄌𑄧𑄢𑄴 𑄌𑄧𑄢𑄴 𑄎𑄧𑄢𑄴 𑄎𑄧𑄢𑄴 𑄉𑄪𑄢𑄨 𑄇𑄪𑄙𑄪 𑄎𑄧𑄢𑄴,Present
"বোইগিরি,রাধামন-সেটিং","𑄝𑄨𑄎𑄨𑄠𑄴𑄉𑄨𑄢𑄨, 𑄢𑄙𑄟𑄧𑄚𑄴 - 𑄥𑄨𑄝𑄴𑄌𑄧𑄢𑄧𑄚𑄴",Present
.নতুন করে জনম নেবো এই পৃথিবীতে,𑄚𑄪𑄠𑄮 𑄉𑄧𑄢𑄨 𑄎𑄧𑄚𑄧𑄟𑄴 𑄣𑄧𑄉𑄨 𑄃𑄬 𑄘𑄬𑄎𑄧𑄖𑄴 𑄃𑄬 𑄎𑄘𑄧𑄖𑄴,Future
জাতকে আদর করে,𑄎𑄖𑄴𑄮𑄢𑄬 𑄃𑄬𑄢𑄚𑄴 𑄉𑄧𑄢𑄧𑄉𑄨।,Present
বিস্ম - রাধামন যত দিন আসতেছে,𑄝𑄨𑄎𑄧𑄠𑄴𑄉𑄨𑄢𑄨 - 𑄢𑄙𑄟𑄧𑄚𑄴 𑄡𑄧𑄇𑄴𑄇𑄬 𑄃𑄬𑄣𑄧 𑄃𑄟𑄧𑄣𑄴,Present
হেলে দুলে পাহাে অনেক ব পাহাে দাঁিে আছে,"𑄦𑄬𑄭𑄣𑄴 𑄦𑄬𑄭𑄣𑄴𑄴 𑄟𑄮𑄚𑄴-𑄟𑄪𑄢𑄧𑄖𑄴 𑄚𑄚𑄋𑄴 𑄛𑄬𑄭𑄉𑄬 𑄖𑄪𑄣𑄨 𑄘𑄇𑄴 𑄥𑄪𑄢𑄴,",Present
গাছে গাছে ফুল ফোটে,𑄉𑄏𑄬 𑄉𑄏𑄬 𑄗𑄪𑄛𑄴 𑄗𑄪𑄛𑄴 𑄜𑄪𑄘𑄨𑄘𑄇𑄴 𑄜𑄪𑄣𑄴,Present
এই দোল এই দোল হাসিটা গেল,𑄃𑄬 𑄘𑄬𑄎𑄧𑄢𑄴 𑄃𑄬 𑄎𑄘𑄧𑄢𑄴 𑄦𑄎𑄨 𑄉𑄬𑄣𑄧 𑄥𑄪𑄇𑄴-,Past
তুমি যাওা/যাওা,"𑄣𑄢𑄴𑄟 𑄖𑄪"" 𑄡𑄬𑄚"" 𑄣𑄪𑄉𑄨।",Present
"এক দিন আসলাম রাজা,হওালাম প্রজা","𑄃𑄬𑄇𑄴 𑄘𑄨𑄚𑄴 𑄃𑄬𑄣𑄧𑄁 𑄢𑄎, 𑄦𑄧𑄣𑄧𑄁 𑄛𑄳𑄢𑄧𑄎 𑄃𑄬𑄣𑄧𑄁 𑄛𑄳𑄢𑄧𑄎-",Past
এত তিত্তির খোল আমরা,𑄃𑄬𑄌𑄳𑄠𑄬 𑄖𑄨𑄚𑄴𑄚𑄪 𑄈𑄬𑄘𑄇𑄴𑄖𑄪𑄇𑄴 𑄃𑄟𑄨,Present
এই দুঃখ সহ্য করতে পারে না,"𑄃𑄬 𑄘𑄪𑄇𑄴 𑄝𑄪𑄇𑄴 𑄍𑄨𑄢𑄨 𑄚𑄧 𑄛𑄢𑄬 𑄘𑄬𑄊𑄬""",Present
বো বসলে বাি থেকে বিাল বের হ,𑄝𑄬𑄚𑄳𑄠 𑄣𑄟𑄨𑄣𑄬 𑄊𑄧𑄢𑄧𑄖𑄴𑄖𑄪𑄚𑄴 𑄝𑄬𑄣𑄳𑄠 𑄣𑄌𑄴 𑄃𑄧𑄃𑄨 𑄃𑄬𑄎𑄨 𑄜𑄨𑄢𑄨।,Present
তুমি আমার জন্য কী করতেছো,𑄖𑄪𑄃𑄧 𑄟𑄪𑄃𑄨 𑄇𑄨𑄖𑄴𑄖𑄬 𑄃𑄧𑄣𑄧𑄢𑄴𑄴,Present
"আমার ছেলে আছে,রান্না আছে","𑄟𑄧𑄢𑄴𑄠𑄳𑄠𑄧 𑄣𑄮 𑄃𑄊𑄬, 𑄃𑄊𑄬 𑄢𑄧𑄚𑄴",Present
"দুই চোখ,কান, হাত পা","𑄘𑄨𑄝𑄬 𑄌𑄮𑄇𑄴, 𑄇𑄚𑄴, 𑄦𑄖𑄴 𑄗𑄬𑄋𑄴",Present
আমি তো মানুষ না,𑄟𑄪𑄃𑄨𑄠𑄳𑄠 𑄘𑄧 𑄟𑄚𑄪𑄌𑄴।,Present
আমি তোমার সাথে মেলামেশা করি না,"𑄟𑄪𑄃𑄨𑄠𑄳𑄠 𑄖𑄧𑄟𑄥𑄚𑄴 𑄉𑄠𑄴𑄉𑄧𑄘𑄧𑄢𑄬 𑄚𑄧𑄠𑄴,",Present
".বুদ্ধি শক্তি নেই, জনে জনে","𑄝𑄪𑄘𑄴𑄙𑄨 𑄝𑄧𑄣𑄴 𑄚𑄬𑄃𑄨, 𑄎𑄧𑄚𑄬 𑄙𑄧𑄚𑄬𑄦𑄨𑄚𑄴।",Present
আমি তো মানুষ,𑄟𑄪𑄃𑄨𑄠𑄮 𑄘𑄧 𑄟𑄚𑄪𑄌𑄴।,Present
"রাজানগরের বিাল হাত,রাঙ্গুনি কারি নিে নিল","𑄢𑄎𑄚𑄧𑄉𑄧𑄢𑄴 𑄝𑄨𑄝𑄨𑄢𑄴 𑄦𑄖𑄴, 𑄢𑄋𑄴𑄉𑄪𑄚𑄨𑄠 𑄇𑄢𑄨 𑄚𑄨𑄣",Past
লক্ষীরা কিছু বলে না,𑄣𑄧𑄇𑄴𑄈𑄨 𑄉𑄪𑄢𑄧𑄥𑄚𑄴 𑄇𑄨𑄌𑄴𑄍𑄪 𑄚𑄧 𑄇𑄮𑄃𑄨,Present
.আকাশের দুঃখ বুো বেঁধে আসলাম,𑄃𑄎𑄢𑄮 𑄘𑄪𑄇𑄴 𑄝𑄪𑄉𑄧𑄖𑄴 𑄝𑄚𑄨 𑄃𑄬𑄣𑄪𑄋𑄴,Past
"মার্বেল খেলা, হিল খেলা","𑄟𑄧𑄢𑄪𑄣𑄳𑄠 𑄘𑄬𑄎𑄧𑄖𑄴, 𑄦𑄨𑄣𑄴 𑄌𑄘𑄬𑄉𑄋𑄧𑄖𑄴।",Present
"কত রোদ পে,কত রোদ পোহা","𑄇𑄧𑄙𑄧𑄇𑄴 𑄢𑄧𑄚𑄴 𑄘𑄪𑄉𑄬, 𑄇𑄬𑄌𑄳𑄠 𑄚𑄣𑄴 𑄈𑄉𑄢𑄣𑄮𑄃𑄨 𑄣𑄢𑄳𑄦𑄬𑄃𑄨 𑄉𑄧𑄢𑄨",Present
অনাবাদি জমি চাষ করছে,𑄃𑄧𑄚𑄝𑄘𑄨 𑄎𑄧𑄟𑄨 𑄝𑄕𑄬𑄣𑄪𑄋𑄴 𑄞𑄪𑄃𑄨।,Present
অন্ধকার পাে জুম করে,𑄃𑄚𑄴𑄙𑄢𑄴 𑄟𑄮𑄚𑄴 𑄎𑄪𑄟𑄴 𑄇𑄝𑄨,Present
সেগুলো তোমার চোখের পলক,𑄥𑄨𑄃𑄚𑄨𑄠𑄳𑄠𑄧 𑄖𑄧𑄟𑄢𑄴 𑄌𑄮𑄉𑄧𑄥𑄣𑄴!,Present
কাপের দাগটা ধুে দিল,𑄇𑄛𑄴𑄖𑄬 𑄉𑄧𑄙 𑄝𑄚𑄨 𑄙𑄪𑄝𑄬𑄃𑄨 𑄘𑄨𑄣,Past
ছিঁা পা যেদিকে চোখ পে,"𑄍𑄨𑄘𑄨 𑄛𑄧𑄢𑄴𑄣𑄧𑄋𑄴 𑄡𑄨𑄚𑄴𑄘𑄨 𑄌𑄮𑄉𑄧 𑄛𑄳𑄦𑄧𑄢𑄴 𑄘𑄬𑄊𑄬,",Present
পরানটা তোমাকে পতেছে,"𑄛𑄧𑄢𑄚𑄴 𑄖𑄮𑄢𑄬 𑄛𑄧𑄢𑄬,",Present
এক ঝটকা বাতাস,𑄃𑄬𑄇𑄴 𑄙𑄪𑄝𑄧 𑄝𑄌𑄴 𑄃𑄧𑄣𑄧𑄋𑄴 𑄜𑄢𑄧𑄇𑄴।,Present
"কি গেলা নো, মিজোরাম, ত্রিপুরাতে ভারত","𑄇𑄨𑄠𑄮 𑄉𑄬𑄣𑄧𑄋𑄴 𑄚𑄬𑄜, 𑄟𑄨𑄎𑄮𑄢𑄟𑄴, 𑄖𑄨𑄝𑄨𑄢𑄬 𑄞𑄢𑄧𑄖𑄴,",Present
.কোন কিছু পার সমে,𑄇𑄨𑄠𑄮 𑄗𑄬𑄣𑄧𑄋𑄴 𑄘𑄬𑄌𑄴𑄇𑄪𑄣𑄧𑄖𑄴।,Present
"নেে মেে, বেে বেে, বেে বেে","𑄚𑄬𑄉𑄬 𑄟𑄮𑄉𑄬, 𑄝𑄝𑄬 𑄛𑄪𑄘𑄬, 𑄞𑄬𑄃𑄨𑄠𑄬 𑄞𑄬𑄃𑄨𑄠𑄬,",Present
তুমি এখনো জাগ্রত হনা?,𑄖𑄪𑄃𑄧 𑄖𑄨𑄖𑄴𑄗𑄨 𑄚𑄧 𑄦𑄧𑄠𑄴?,Present
"চেঙে,ফ্যানি,মেে প্রভৃতির নিে রান্না করে","𑄌𑄬𑄋𑄬𑄃𑄨, 𑄇𑄎𑄣𑄧𑄋𑄴, 𑄜𑄬𑄚𑄨, 𑄟𑄧𑄋𑄨𑄚𑄨𑄇𑄪𑄢𑄴 𑄚𑄨𑄣 𑄇𑄢𑄨।",Present
.সাবানটা কবার গাে পেছে?,𑄥𑄣𑄬𑄚𑄴 𑄇𑄧𑄙𑄧𑄇𑄴 𑄃𑄢𑄴 𑄉𑄠𑄴 𑄥𑄧𑄠𑄮𑄚?,Present
চোখের পলকে মামাকে ঝাু দেওা,"𑄌𑄮𑄉𑄧 𑄟𑄪𑄎𑄪𑄋𑄬 𑄟𑄟𑄳𑄦𑄢𑄬 𑄏𑄝𑄘𑄧𑄚𑄴,",Present
নিে বাঁশটা ধরে নিে যাওা,𑄚𑄮𑄚𑄩𑄠𑄬 𑄝𑄚𑄴𑄚𑄮𑄢𑄬 𑄙𑄧𑄢𑄨 𑄚𑄬𑄡𑄘𑄧𑄚,Present
পিতাকে বেঁধে নিে যাচ্ছে,𑄝𑄝𑄳𑄦𑄢𑄬 𑄝𑄚𑄨 𑄚𑄬𑄡𑄘𑄧𑄚𑄴,Present
পাহাের নািে বোইে দো,𑄘𑄙 𑄃𑄧 𑄚𑄮𑄚𑄨𑄠𑄬 𑄞𑄬𑄃𑄨𑄝𑄮𑄢𑄬 𑄎𑄬𑄣𑄧𑄖𑄴 𑄘𑄬𑄘𑄧𑄚𑄴।,Present
ভো ভো শব্দ করে দো,𑄞𑄬𑄃𑄨𑄠𑄬 𑄞𑄬𑄃𑄨𑄠𑄬 𑄇𑄮𑄌𑄴𑄎𑄬 𑄝𑄎𑄬𑄃𑄨 𑄘𑄬𑄘𑄧𑄚𑄴।,Present
তুমি কি আমার জন্য অপেক্ষা করতেছো?,𑄖𑄪𑄃𑄨 𑄟𑄪𑄃𑄨 𑄇𑄨𑄖𑄖𑄬 𑄃𑄧𑄣𑄧𑄢𑄴?,Present
দূরের পাহাি পথ যা প্রতিদিন,𑄘𑄪𑄉𑄧𑄢𑄴 𑄛𑄚𑄴𑄎𑄣𑄨 𑄛𑄳𑄦𑄧𑄢𑄧𑄋𑄴 𑄘𑄨𑄚𑄴𑄛𑄧𑄖𑄴𑄖𑄨,Present
আমরা বুদ্ধ পাের পাশে কুিকুি করে,𑄃𑄟𑄧𑄚𑄧𑄢𑄴 𑄝𑄪𑄉𑄧𑄖𑄴 𑄛𑄢𑄴 𑄇𑄪𑄢𑄨 𑄇𑄪𑄢𑄨।,Present
ব মানুষ দেখতেছি এইটা,"𑄘𑄋𑄧𑄢𑄴 𑄟𑄚𑄴𑄝𑄧𑄣 𑄟𑄚𑄪𑄌𑄴 𑄘𑄬𑄊𑄧𑄋𑄴 𑄖𑄨𑄉𑄪𑄌𑄳𑄠 𑄃𑄨𑄘𑄪,",Present
কত ব আসতেছে তারা আমার এখানে,𑄇𑄧𑄙𑄧𑄇𑄴 𑄃𑄃𑄧𑄱𑄎𑄨 𑄖𑄢 𑄟𑄧 𑄃𑄨𑄘𑄪।,Present
তাদেরকে দেখিে পথ হারান,𑄖𑄢𑄢𑄬𑄠𑄳𑄠𑄧 𑄘𑄬𑄊𑄧𑄋𑄴 𑄛𑄧𑄖𑄴 𑄦𑄢𑄚𑄴,Present
একটা দুগা মানে পথের সা,𑄃𑄬𑄇𑄴𑄧𑄱 𑄘𑄪𑄉𑄧𑄢𑄴 𑄟𑄚𑄬𑄃𑄨 𑄛𑄧𑄖𑄴𑄮 𑄥𑄚𑄴।,Present
যাদের বিপদের সুরাহা হবে তারা থাকবে,𑄡𑄢 𑄘𑄪𑄉𑄧𑄢𑄴 𑄥𑄪𑄘𑄮𑄟𑄴 𑄟𑄧𑄎𑄨𑄟𑄴 𑄗𑄚𑄴,Future
তার তো নিজের পাে হাঁটতেছে,𑄖𑄢𑄴𑄠𑄳𑄠𑄧 𑄘𑄧 𑄝𑄬𑄉𑄬 𑄚𑄨𑄎𑄧𑄢𑄬 𑄦𑄇𑄧𑄢𑄬𑄠𑄳𑄠𑄧𑄚𑄴,Present
দৌাদৌি,𑄘𑄪𑄉𑄧𑄢𑄴 𑄝𑄉𑄳𑄠𑄧 𑄃𑄨𑄘𑄪।,Present
আমার পাগলের মতো মন,𑄟𑄧𑄢𑄴 𑄃𑄧𑄖𑄣𑄨𑄠𑄬 𑄟𑄧𑄚𑄚𑄴,Present
এত ব আংটা,𑄃𑄬𑄙𑄧𑄇𑄴 𑄘𑄪𑄉𑄧𑄢𑄴 𑄃𑄋𑄢,Present
যেখানে সেখানে পা,𑄡𑄨𑄠𑄮𑄗𑄨𑄠𑄮 𑄥𑄣𑄳𑄠𑄬𑄋𑄧𑄖𑄴 𑄟𑄪𑄃𑄨,Present
তুমি হাত দিে বুক পরিষ্কার করো,𑄖𑄪𑄠𑄮 𑄦𑄘𑄧𑄋𑄴 𑄝𑄪𑄇𑄴 𑄇𑄟𑄧𑄢𑄬 𑄇𑄟𑄧𑄢𑄬।,Present
এই মেেটা চোখের পলক হেছে,𑄃𑄬 𑄟𑄬𑄠𑄬𑄝𑄧𑄣 𑄌𑄮𑄉𑄧𑄖𑄴 𑄦𑄧𑄠𑄧𑄖𑄴 𑄃𑄬𑄇𑄴𑄎𑄧𑄚𑄴,Present
"এই ভাঙা জুমের বািটা,","𑄝𑄌𑄴𑄎𑄬 𑄃𑄊𑄬 𑄃𑄰 𑄞𑄋 𑄎𑄪𑄟𑄧 𑄊𑄧𑄢𑄧𑄖,𑄴",Present
দৌাদৌি করে যা,𑄘𑄪𑄉𑄧𑄢𑄴 𑄉𑄧𑄘 𑄞𑄋𑄨 𑄡𑄃𑄨,Present
নদীর স্রোতের মতো ভেসে যা,𑄙𑄬𑄢𑄴 𑄙𑄳𑄦𑄬𑄢𑄬 𑄚𑄣𑄴 𑄝𑄬𑄃𑄨 𑄡𑄃𑄨 𑄘𑄨 𑄌𑄮𑄉𑄧𑄖𑄴।,Present
নানা রঙের মানুষ,"𑄚𑄚𑄋𑄴 𑄙𑄧𑄇𑄴, 𑄚𑄚𑄋𑄴 𑄢𑄧𑄋𑄴 𑄟𑄚𑄪𑄌𑄴",Present
"নানা ধরনের মন, নানা ধরনের চো","𑄚𑄚𑄋𑄴 𑄟𑄧𑄚𑄴, 𑄚𑄚𑄋𑄴 𑄌𑄬𑄢𑄬𑄋-",Present
পৃথিবীতে সবাই লুচ্চামি করে আছে,𑄛𑄨𑄖𑄴𑄗𑄨𑄟𑄨𑄖𑄴 𑄣𑄪𑄙𑄪𑄁𑄟𑄧𑄢 𑄉𑄧𑄢𑄨 𑄛𑄧𑄢𑄨 𑄃𑄊𑄬 𑄝𑄬𑄇𑄴।,Present
কি আওাজ আছে তাদের,𑄇𑄨 𑄃𑄃𑄧𑄱𑄌𑄴 𑄃𑄊𑄬 𑄖𑄢𑄢𑄴,Present
এখানে কি মন আছে?,𑄌𑄨𑄖𑄴 𑄚𑄬𑄃𑄨 𑄥𑄧𑄟𑄧𑄠𑄧𑄢𑄴 𑄃𑄨𑄙𑄪?,Present
দা নেই এই পৃথিবীতে তুমিও আছো,𑄘𑄧𑄠𑄬 𑄚𑄬𑄃𑄨 𑄃𑄬 𑄛𑄨𑄖𑄴𑄗𑄨𑄖𑄴 𑄖𑄪𑄠𑄮 𑄃𑄊𑄬 𑄣𑄋𑄴,Present
.অতিরিক্ত মন কেমন করে আছে,𑄃𑄧𑄖𑄣𑄨𑄠𑄬 𑄌𑄨𑄖𑄴𑄘𑄨𑄊𑄧𑄣𑄴 𑄇𑄮𑄌𑄴𑄛𑄚 𑄃𑄬𑄡𑄧 𑄃𑄊𑄬।,Present
.ওটা না বুক ভেদ করা,"𑄃𑄧𑄱𑄇𑄴 𑄚 𑄝𑄪𑄇𑄴 𑄞𑄬𑄘 𑄞𑄬𑄘,",Present
.ওই না পাের পাতা কানা কানা,𑄃𑄧𑄱𑄇𑄴 𑄚 𑄗𑄬𑄋𑄧 𑄛𑄘 𑄇𑄚 𑄇𑄚,Present
তুমি তো পাখানা করতে হবে,𑄖𑄪𑄃𑄧 𑄘𑄧 𑄦𑄙 𑄛𑄧𑄢𑄨𑄝𑄧,Future
তোমার মাথা পাখানা করতে হবে,𑄖𑄪𑄃𑄧 𑄟𑄪𑄎𑄪𑄋𑄬 𑄈𑄪𑄌𑄴 𑄜𑄬𑄣 𑄛𑄧𑄢𑄨𑄝𑄧,Future
যতক্ষন শরীরে এক ফোটা থাকে,𑄡𑄧𑄘𑄧𑄇𑄴𑄇𑄧𑄚𑄴 𑄇𑄨𑄠𑄬𑄖𑄴 𑄃𑄬𑄇𑄴 𑄜𑄪𑄘𑄧 𑄣𑄮 𑄗𑄠𑄴।,Present
"চ, আমল করে নিে চ!","𑄌𑄧, 𑄃𑄟𑄧𑄣𑄴 𑄉𑄧𑄢𑄨 𑄢𑄨𑄚𑄨 𑄌𑄧!",Present
লাঠি দিে আমাদের মা-বাি রেছে,𑄣𑄪𑄠𑄱 𑄛𑄨𑄚𑄴𑄎𑄪𑄢𑄧𑄖𑄴 𑄞𑄨𑄘𑄨𑄢𑄬 𑄃𑄟 𑄟-𑄝𑄝𑄧𑄢𑄴 𑄢𑄧𑄖𑄴𑄖𑄧𑄚𑄧 𑄃𑄚𑄨,Present
"ছানো ছিটানো,মরা কিসিম ফেলা","𑄍𑄧𑄖𑄴𑄜𑄧𑄘𑄢𑄴, 𑄟𑄧𑄢 𑄇𑄨𑄎𑄬𑄇𑄴 𑄜𑄬𑄣𑄢𑄴,",Present
আগুনে পে দূরে যেতে হ,𑄃𑄉𑄪𑄚𑄧𑄖𑄴 𑄛𑄧𑄌𑄴𑄎𑄬 𑄘𑄪𑄢𑄧 𑄥𑄚𑄴 𑄉𑄧𑄢𑄬𑄢𑄴,Present
সে কাঠগুলো শক্ত,𑄥𑄬 𑄢𑄧𑄖𑄴𑄖𑄧𑄚𑄧𑄃𑄚𑄨 𑄢𑄧𑄇𑄴𑄈𑄬 𑄉𑄧𑄢𑄨𑄝𑄧𑄋𑄴,Present
তত ব শরীর থাকে,"𑄡𑄧𑄘𑄧𑄇𑄴𑄈𑄧𑄚𑄴 𑄇𑄨𑄠𑄬𑄖𑄴 𑄘𑄧𑄟𑄴 𑄗𑄠𑄴,",Present
"একনাগাে বৃষ্টি,কালকে বৃষ্টি","𑄃𑄬𑄡𑄮𑄇𑄴 𑄚 𑄏𑄧𑄢𑄴, 𑄇𑄣𑄴 𑄝𑄮𑄎𑄬𑄇𑄴",Present
ভূমিধস হেছে নাকি পাহাের মানুষ,𑄘𑄧𑄁𑄉 𑄞𑄋𑄮𑄇𑄴 𑄚 𑄟𑄮𑄚𑄴-𑄟𑄪𑄢𑄳𑄦𑄧,Present
এক জাতী রাত,𑄣𑄟𑄮𑄇𑄴 𑄚 𑄃𑄚𑄴𑄙𑄢𑄴 𑄢𑄬𑄖𑄴,Present
"তুমি তো পাহাে উঠে যাবে, পাচ হাত বানিে","𑄖𑄪𑄃𑄧 𑄘𑄧 𑄟𑄪𑄎𑄪𑄋𑄬 𑄃𑄪𑄎𑄬𑄝𑄧𑄁, 𑄛𑄌𑄴 𑄦𑄖𑄳𑄠𑄢𑄴 𑄝𑄚𑄨",Future
নদীর নাঙে পেে কি এত কী,𑄘𑄪𑄉𑄧𑄢𑄴 𑄚𑄋𑄬 𑄛𑄬𑄃𑄨𑄇𑄱 𑄇𑄨 𑄃𑄬𑄙𑄧𑄇𑄴,Present
মনের ব্যথা সহ্য করতে পারে না,"𑄟𑄧𑄚𑄧𑄢𑄴 𑄖𑄨𑄢𑄮𑄌𑄴 𑄚𑄧 𑄛𑄢𑄬 𑄛𑄪𑄢𑄬"",",Present
কি পাহাে পাহাে বুো,𑄇𑄨 𑄟𑄮𑄚𑄴 𑄟𑄪𑄢𑄳𑄦𑄧𑄖𑄴 𑄥𑄧𑄁 𑄝𑄪𑄃𑄨𑄠𑄮𑄖𑄴,Present
উে ঘুরে ফিরে আসে,𑄃𑄪𑄢𑄳𑄦𑄨 𑄊𑄪𑄢𑄨 𑄃𑄧𑄚𑄴𑄥𑄪𑄢𑄴 𑄜𑄨𑄢𑄨 𑄃𑄬𑄡𑄬-,Present
"বিভিন্ন রকমে, নানান রকমে",𑄚𑄚𑄋𑄴 𑄙𑄧𑄉𑄬 𑄚𑄚𑄋𑄴 𑄚𑄋𑄬,Present
.শীত আসতেছে,𑄥𑄨𑄓𑄧𑄢𑄴 𑄃 𑄖𑄨𑄖𑄴𑄣𑄨 𑄝𑄬𑄎𑄬।,Present
"ঘরে ঘরে বাি থাকে,এত ব ব আছে","𑄊𑄧𑄢𑄬 𑄊𑄧𑄢𑄬 𑄝𑄳𑄦 𑄗𑄠𑄴, 𑄃𑄬𑄡𑄬 𑄉𑄧𑄢𑄴𑄝 𑄝𑄬𑄎𑄬,",Present
"ব্যাঙের বোই জুমে জুমে, সবুজ পাহাে জুমে","𑄞𑄧𑄋𑄨 𑄝𑄬𑄢𑄳𑄦𑄃𑄨 𑄎𑄪𑄟𑄬 𑄎𑄪𑄟𑄬, 𑄦𑄬𑄣𑄴 𑄟𑄮𑄚𑄴-𑄟𑄪𑄢𑄳𑄦𑄧𑄖𑄴,",Present
তার অনেক কুবুদ্ধি আছে,𑄚𑄚𑄋𑄴 𑄇𑄪𑄥𑄧𑄣 𑄇𑄪𑄝𑄪𑄘𑄴𑄙𑄨 𑄃𑄊𑄬 𑄖𑄢𑄴,Present
.দিে যাওার জাগা বৌদ্ধ ভিক্ষুরা বাস করে,𑄘𑄨 𑄡𑄠𑄴 𑄊𑄢𑄬 𑄊𑄧𑄢𑄬 𑄝𑄬𑄘𑄧𑄟𑄴 𑄟𑄚𑄬𑄃𑄨 𑄝𑄪𑄉𑄧𑄖𑄴।,Present
সারাদিন শুে শুে রাতটাও ধরে না,𑄘𑄨𑄚𑄴𑄚𑄮 𑄃𑄬𑄣𑄬 𑄌𑄨𑄘𑄬 𑄌𑄨𑄘𑄬𑄠𑄴 𑄢𑄬𑄖𑄴𑄖𑄱 𑄚𑄧 𑄙𑄧𑄢𑄬 𑄊𑄪𑄟𑄴,Present
কখন এই ধোঁা শেষ হেছে ধোঁা,𑄇𑄧𑄇𑄴𑄇𑄬 𑄃𑄬𑄡𑄬 𑄇𑄨 𑄉𑄧𑄢𑄬 𑄝𑄪𑄉𑄧𑄖𑄴 𑄗𑄠𑄴 𑄙𑄪𑄟𑄴 𑄙𑄪𑄟𑄴।,Present
"চেঙে,মিিনি,কাজলং চামাটা সহজে সরানো যা না","𑄌𑄬𑄋𑄬, 𑄟𑄨𑄋𑄨𑄚𑄨, 𑄇𑄎𑄣𑄧𑄋𑄴 𑄌𑄉𑄣𑄖𑄴 𑄚𑄧 𑄥𑄧𑄢𑄬𑄢𑄴 𑄃𑄬 𑄘𑄧𑄎",Present
.সুঁচালো যুগ,"𑄥𑄪𑄚𑄧 𑄡𑄨𑄠𑄬 𑄥𑄧𑄖𑄳𑄠𑄧 𑄡𑄪𑄉𑄧𑄖𑄴,",Present
.সে পোকামাকের মতো দেখতে এক জাতী পাখি,𑄥𑄨𑄚𑄴𑄘𑄨 𑄛𑄪𑄎𑄧 𑄉𑄧𑄢𑄨 𑄢𑄧𑄇𑄴𑄈𑄬 𑄛𑄨𑄠𑄬 𑄥𑄳𑄢𑄨𑄝𑄧𑄇𑄴𑄥𑄧 𑄢𑄎।,Present
.আকাশে কালো মেেরা ব ব,"𑄃𑄉𑄎𑄧𑄖𑄴 𑄚𑄬𑄃𑄨 𑄇𑄣 𑄟𑄬𑄇𑄴 𑄃𑄧𑄚𑄴𑄥𑄪𑄢𑄴 𑄝𑄃𑄨 𑄝𑄧𑄢𑄴 𑄝𑄧,",Present
ব ব থেকে বাতাস পতেছে কে জানে,"𑄝𑄧𑄢𑄴 𑄝𑄧𑄖𑄴𑄖𑄪𑄚𑄴 𑄃𑄬𑄢𑄚𑄴 𑄛𑄬𑄝𑄢𑄴 𑄇𑄧𑄚𑄬 𑄇𑄨 𑄟𑄧𑄚𑄬𑄢𑄴,",Present
কোন ভ থেকে সাথীরা বের হে আসবে,"𑄇𑄧𑄚𑄴 𑄞𑄚𑄴𑄖𑄬𑄖𑄴𑄖𑄪𑄚𑄴 𑄥𑄟𑄨𑄚𑄨 𑄃𑄧𑄣𑄬 𑄃 𑄥𑄫𑄖𑄳𑄢𑄧 𑄥𑄪𑄚𑄨𑄝𑄬𑄇𑄴,",Future
বো বো লোক মেেকে বোতে নিে যাচ্ছে,𑄝𑄬𑄚𑄳𑄠 𑄝𑄬𑄣𑄳𑄠 𑄝𑄧𑄎𑄧𑄚𑄴 𑄖𑄬𑄟𑄴𑄟𑄋𑄧𑄖𑄴 𑄚𑄬𑄉𑄬 𑄟𑄮𑄉𑄬।,Present
আমরা এক ঝাক জুম ফুল কুেছি,𑄃𑄟𑄨 𑄃𑄬𑄇𑄴 𑄏𑄇𑄴 𑄎𑄪𑄟𑄧 𑄜𑄪𑄣𑄧 𑄇𑄪𑄢𑄨,Present
.পঁচে পা পাে,𑄛𑄧𑄣𑄴𑄣 𑄛𑄪𑄣𑄴𑄣𑄨 𑄟𑄮𑄚𑄴 𑄟𑄪𑄢𑄧𑄖𑄴,Present
হেলাম হেলাম শব্দ করে বাতাস নো,𑄦𑄬𑄃𑄨𑄣𑄴 𑄦𑄬𑄃𑄨𑄣𑄴 𑄖𑄢𑄪𑄟𑄴 𑄏𑄢𑄬।,Present
উপরে যাওা চামা গাছটা পাহাের মাথা,𑄃𑄪𑄎𑄬 𑄡𑄬𑄝𑄧 𑄌𑄋𑄴𑄟 𑄥𑄦𑄨𑄖𑄳𑄠𑄧 𑄛𑄧𑄖𑄨𑄇 𑄟𑄪𑄎𑄪𑄋𑄬।,Present
.পূর্ণিমা মাসের আলো আঁধারি ফিরে আসতেছে।,𑄛𑄪𑄢𑄧𑄚𑄧 𑄥𑄪𑄘𑄨𑄚𑄴 𑄥𑄪𑄟𑄙𑄚𑄴 𑄜𑄨𑄢𑄨 𑄃𑄚𑄨𑄝𑄢𑄴 𑄙𑄢𑄎𑄬।,Present
এখন তো তার মা নেই,𑄃𑄨𑄇𑄳𑄠𑄬 𑄘𑄧 𑄚𑄬𑄃𑄨 𑄖𑄢𑄪𑄟𑄴 𑄝𑄧𑄚𑄴,Present
শীলের কাপ থেকে পানি বের হ না,𑄥𑄨𑄣𑄧 𑄇𑄛𑄧𑄖𑄴𑄖𑄪𑄚𑄴 𑄚𑄧 𑄗𑄬𑄝𑄃𑄨 𑄛𑄚𑄨,Present
ছেঁা ছেঁা হলো চাটা,𑄍𑄧𑄢 𑄍𑄧𑄢𑄨 𑄦𑄧𑄣𑄧 𑄌𑄎,Present
মাটি হলো নািভুি,𑄟𑄘𑄨 𑄦𑄧𑄣𑄧 𑄚𑄙।,Past
পার সম রাত,𑄛𑄧𑄢 𑄇𑄧𑄝𑄣𑄧 𑄎𑄪𑄟𑄴𑄟𑄧 𑄎𑄘𑄧𑄢𑄴 𑄃𑄚𑄴𑄘𑄢𑄴 𑄢𑄬𑄖𑄴।,Present
"ভাবি,পথ মুছতে হেছে","𑄞𑄝𑄨, 𑄛𑄧𑄖𑄳𑄠𑄬 𑄃𑄟𑄧𑄣𑄴 𑄛𑄧𑄢𑄬𑄣𑄴𑄣𑄨।",Present
গরিব মানুষ মানুষ নাাচাা করতেছে,𑄉𑄧𑄢𑄨𑄝𑄧 𑄛𑄪𑄠𑄮 𑄟𑄚𑄧𑄝𑄬𑄚𑄴𑄘𑄳𑄢𑄧 𑄚𑄢𑄠𑄧𑄚𑄴 𑄣𑄢𑄴𑄟,Present
.লবনাক্ত করে দো,"𑄣𑄧 𑄛𑄥𑄴 𑄉𑄧𑄌𑄳𑄠 𑄘𑄬,",Present
বাঁশের দোল দিে এসেছি,𑄝𑄋𑄴𑄣 𑄘𑄬𑄏𑄢𑄴 𑄃𑄤𑄟𑄨𑄣𑄨𑄉𑄬,Present
এক জাতী মাছ,𑄃𑄨𑄌𑄴𑄎𑄮𑄖𑄴 𑄟𑄎𑄳𑄠 𑄘𑄬।,Present
এখানে পেে ন্যাকা বাবু,𑄃𑄨𑄌𑄴𑄎𑄮𑄖𑄴 𑄛𑄬𑄚𑄬𑄃𑄨 𑄣𑄢𑄴𑄟 𑄝𑄝𑄪,Present
কেলেজ বাচ্চাগুলো ব হছে,𑄇𑄬𑄣𑄬𑄎𑄧 𑄛𑄱𑄃𑄪𑄚𑄴 𑄎𑄧𑄙𑄬𑄣𑄧,Present
একটি গ্রামের রাস্তা নাই করে,𑄃𑄬𑄇𑄴𑄇𑄚𑄴 𑄃𑄘𑄟𑄴 𑄝𑄖𑄴 𑄚𑄬𑄃𑄨 𑄉𑄧𑄢𑄨,Present
ভেলা দিে বোনো,𑄞𑄥𑄧𑄚𑄴 𑄘𑄨 𑄘𑄨 𑄝𑄬𑄢𑄬𑄣𑄧।,Present
"সে পানিতে কোন দাগ দিল না,এইবারে আসবো","𑄥𑄬 𑄞𑄥𑄧𑄚𑄧𑄖𑄴 𑄇𑄮𑄃𑄨 𑄘𑄨𑄣𑄧𑄘𑄬 𑄚𑄧 𑄘𑄧𑄢𑄋𑄴 𑄃𑄬𑄣𑄴.𑄃𑄬𑄟𑄴 𑄎𑄨,",Future
ফানুস থেকে হিলচোপা বের হচ্ছে,𑄝𑄋𑄴𑄣𑄘𑄬𑄎𑄧𑄖𑄴𑄖𑄪𑄚𑄴 𑄦𑄨𑄣𑄴𑄌𑄘𑄨𑄉𑄋𑄚𑄴,Present
এক জাতী সবজি,𑄃𑄚𑄨𑄝𑄧𑄋𑄴 𑄍𑄨𑄚𑄨 𑄃𑄬𑄝𑄢𑄴 𑄃𑄟𑄨।,Present
শেষ হে যাওা,𑄗𑄪𑄟𑄴 𑄦𑄧𑄞𑄧,Present
.পাহাের শেষ সম সম,"𑄛𑄧𑄘𑄴 𑄗𑄪𑄟𑄴 𑄥𑄋𑄪 𑄘𑄪𑄃𑄧𑄢𑄧𑄖𑄴,",Present
কথা শেষ হে যাওার সম,"𑄇𑄧𑄙 𑄗𑄟𑄴 𑄚𑄚𑄪 𑄘𑄪𑄃𑄧𑄢𑄧𑄖𑄴,",Present
জুম্মদের দুঃখগুলো শেষ হবে কোথা,𑄎𑄪𑄟𑄴𑄧𑄃𑄪𑄚𑄧𑄢𑄴 𑄘𑄪𑄇𑄴𑄈𑄚𑄨 𑄗𑄪𑄚𑄴 𑄃𑄧𑄞𑄧 𑄇𑄪𑄙𑄪-,Future
পাহাের চুকি নাকি পূর্ণিমা পূর্ণিমা,𑄛𑄢𑄴𑄝𑄧𑄖𑄳𑄠𑄧 𑄌𑄪𑄇𑄴𑄖𑄴𑄨 𑄚 𑄛𑄪𑄢𑄴𑄕𑄧𑄥𑄳𑄦𑄠𑄧𑄖𑄴𑄧 𑄥𑄥𑄧𑄚𑄧𑄖𑄴?,Present
"শেষ হওা, শেষ হওা","𑄗𑄪𑄟𑄴 𑄃𑄧𑄞𑄧,",Present
.এত ব ব বই পতেছি,𑄃𑄬𑄟 𑄃𑄬𑄚𑄴 𑄣𑄢𑄴𑄟 𑄝𑄧𑄭𑄛𑄴𑄣𑄧𑄝𑄨𑄇𑄴 𑄌𑄬𑄘𑄧𑄚𑄧𑄖𑄴।,Present
গত রাতে স্বপ্নে দেখলাম,𑄉𑄬𑄣𑄴𑄣𑄬 𑄢𑄬𑄘𑄮𑄖𑄴 𑄥𑄧𑄝𑄧𑄚𑄬 𑄘𑄬𑄊𑄨𑄣𑄪𑄋𑄴,Past
সুন্দর একটা মেে,"𑄘𑄮𑄣𑄴 𑄃𑄬𑄇𑄴𑄇𑄱 𑄛𑄧𑄢𑄨 𑄟𑄨𑄣𑄬,",Present
আমার কাকা,𑄟𑄧 𑄇𑄠𑄴 𑄃𑄬𑄚𑄳𑄠𑄃𑄨,Present
চুল বেে পরতেছে,𑄌𑄪𑄣𑄴 𑄝𑄬𑄢𑄳𑄦𑄬 𑄥𑄬𑄣𑄋𑄴 𑄉𑄧𑄢𑄨 𑄛𑄧𑄢𑄨𑄣𑄧।,Present
"দুই চোখ লাল,লুি ঝুি পরতে হবে","𑄘𑄨 𑄌𑄮𑄇𑄴 𑄢𑄋, 𑄣𑄪 𑄏𑄪𑄢𑄳𑄦𑄨 𑄛𑄧𑄢𑄨𑄨𑄝𑄧 𑄛𑄢",Future
"প্রচুর চোখের পানি,খাওা প্যান্ট ভিজে গেছে","𑄙𑄢 𑄙𑄢 𑄌𑄮𑄉𑄧 𑄛𑄚𑄨, 𑄈𑄘𑄨 𑄛𑄬𑄃𑄨𑄌𑄴 𑄞𑄨𑄎𑄬",Present
চোখের পানি পে পে,𑄌𑄮𑄉𑄧 𑄛𑄚𑄨 𑄛𑄪𑄎𑄮𑄘𑄬 𑄛𑄪𑄎𑄮𑄘𑄬,Present
"শুধু কান্না,কোনো শব্দ নেই,কথা","𑄝𑄚 𑄇𑄚𑄬𑄢𑄴, 𑄇𑄧𑄚𑄧 𑄢𑄧 𑄚𑄬𑄃𑄨, 𑄚𑄬𑄃𑄨 𑄇𑄧𑄙।",Present
তোমার কি হ?,𑄖𑄧𑄢𑄴 𑄇𑄨 𑄦𑄧𑄠𑄬?,Present
"কোন জো নেই,শুধু দেখে তাই","𑄇𑄧𑄚𑄧 𑄎𑄮𑄛𑄴 𑄚𑄬𑄃𑄨, 𑄝𑄚 𑄌𑄬𑄃𑄨 𑄖𑄃𑄨।",Present
কত পা মাটি উঠল,𑄝𑄣𑄧𑄇𑄴𑄇𑄧𑄚𑄴 𑄛𑄧𑄢𑄴 𑄟𑄘𑄨 𑄃𑄪𑄘𑄨𑄣𑄧,Past
.পৃথিবীটা ঘিরিে উঠল,𑄊𑄨𑄢𑄴𑄊𑄨𑄢𑄬𑄃𑄨 𑄃𑄪𑄘𑄨𑄣𑄧 𑄛𑄨𑄖𑄴𑄗𑄨𑄟𑄨।,Past
তোমাদের কি লজ্জা নেই?,𑄖𑄧𑄟𑄢𑄴 𑄇𑄨 𑄣𑄌𑄴 𑄚𑄬𑄃𑄨?,Present
আমাকে এত বেঁধে দিল কেন!,𑄟𑄧𑄢𑄬 𑄝𑄚𑄬𑄣 𑄃𑄬𑄘𑄧𑄇𑄳𑄠𑄬!,Past
.যেগুলো সব নেওা করে,𑄎𑄨𑄋𑄴𑄇𑄚𑄨 𑄝𑄬𑄇𑄴 𑄚𑄨𑄣 𑄇𑄢𑄨।,Present
. আসতেছে এক বান,𑄃𑄬𑄖𑄴𑄗𑄬 𑄃𑄬𑄣𑄧 𑄃𑄬𑄇𑄴 𑄝𑄟𑄴,Present
সুে সুে আলুগুলো দৌাদৌি দেখি,𑄥𑄪𑄉𑄬 𑄘𑄪𑄉𑄬 𑄃𑄣𑄪𑄣𑄴𑄣𑄱 𑄘𑄪𑄣𑄪𑄣𑄴𑄣𑄱 𑄘𑄬𑄊𑄨,Present
রামদা দিে শীল দিে যাওা,𑄖𑄉𑄧𑄣𑄴 𑄙𑄢𑄚𑄳𑄠 𑄥𑄨𑄣𑄴𑄠𑄳𑄠𑄧 𑄡𑄚𑄴 𑄉𑄧𑄣𑄨।,Present
"পাহাের পা, পাহাের গা","𑄛𑄧𑄖𑄴𑄖𑄨𑄇𑄴 𑄟𑄮𑄚𑄴-𑄟𑄪𑄢𑄳𑄦𑄧, 𑄛𑄧𑄖𑄴𑄖𑄨𑄇𑄴 𑄍𑄧𑄢𑄳𑄦-𑄉𑄋𑄴",Present
.ফুলে আছে তরমুজের জঙ্গল,"𑄥𑄎𑄨 𑄃𑄊𑄬 𑄦𑄬𑄃𑄨𑄣𑄴 𑄖𑄢𑄪𑄟𑄴 𑄏𑄢𑄴,",Present
বিভিন্ন ধরনের পাখির ডাক,𑄚𑄚𑄋𑄴 𑄛𑄬𑄃𑄨𑄈𑄧 𑄃𑄪𑄝𑄧 𑄉𑄨𑄘𑄧 𑄥𑄪𑄢𑄬,Present
ছোট ছার শব্দ,𑄌𑄨𑄉𑄮𑄚𑄴 𑄍𑄧𑄢𑄳𑄦 𑄙𑄪𑄘𑄪𑄇𑄴 𑄉𑄪𑄎𑄪𑄢𑄧𑄚𑄨𑄖𑄴,Present
.খেে দিে চোখ ভিজে যা,𑄈𑄪𑄎𑄨𑄠𑄬 𑄘𑄨 𑄌𑄮𑄇𑄴 𑄞𑄨𑄎𑄨 𑄡𑄠𑄴।,Present
"পোর গিরা, ধুধুক গুঁি","𑄛𑄬𑄃𑄨𑄈𑄧𑄢𑄴 𑄉𑄨𑄘𑄧𑄢𑄴, 𑄙𑄪𑄘𑄪𑄇𑄴 𑄉𑄪𑄎𑄪𑄢𑄧𑄚𑄨,",Present
ন্যাংটা গরুটা নাচতেছে,"𑄚𑄋𑄬𑄣𑄧 𑄛𑄨𑄘𑄨𑄖𑄴 𑄉𑄧𑄢𑄪𑄌𑄧𑄢𑄚𑄳𑄠 𑄝𑄎𑄨 𑄥𑄪𑄢𑄴,",Present
সূর্য ডোবার সম এক জাতী পোকা,𑄝𑄬𑄣𑄴 𑄙𑄪𑄝𑄧𑄚𑄨 𑄥𑄎𑄧𑄚𑄳𑄠 𑄃𑄧𑄇𑄴𑄖𑄧,Present
পূর্ণিমা জুন মাসের সম,𑄛𑄪𑄢𑄴𑄚𑄨𑄟 𑄎𑄪𑄚𑄧 𑄛𑄳𑄦𑄧𑄢𑄴 𑄥𑄧𑄟𑄢𑄴 𑄃𑄧𑄃𑄨,Present
"চিঙে, খেংরং রগুি বেে যা","𑄌𑄨𑄋𑄬, 𑄈𑄬𑄁𑄉𑄧𑄢𑄧𑄋𑄴 𑄢𑄧 𑄉𑄪𑄎𑄪𑄢𑄨 𑄝𑄬𑄃𑄨 𑄡𑄠𑄴",Present
এই পাের থেকে এই পাে,𑄃𑄬 𑄟𑄪𑄢𑄳𑄦𑄧𑄖𑄴𑄖𑄪𑄚𑄴 𑄃𑄧𑄃𑄨 𑄟𑄪𑄢𑄳𑄦𑄧𑄖𑄴।,Present
সে র নাই এখন,𑄥𑄬 𑄢𑄧 𑄚𑄬𑄃𑄨 𑄃𑄨𑄇𑄳𑄠𑄬!,Present
গাছের পাতাও নো যা না,𑄉𑄏𑄧 𑄛𑄘𑄠𑄳𑄠𑄧 𑄚𑄧 𑄣𑄧𑄢𑄬!,Present
কি অভাব আছে?,𑄇𑄨 𑄉𑄧𑄢𑄨𑄝𑄢𑄴 𑄃𑄊𑄬?,Present
তারা ভে,𑄖𑄢 𑄘𑄧𑄢𑄬।,Present
চোখ বন্ধ করলে তাকিে থাকা,𑄌𑄮𑄇𑄴 𑄛𑄬𑄣𑄳𑄦𑄬 𑄛𑄬𑄣𑄳𑄦𑄬 𑄌𑄬𑄃𑄨 𑄗𑄚 𑄝𑄘𑄬।,Present
"বাা, দুাআিভাবে","𑄝𑄚𑄳𑄦, 𑄘𑄪𑄉𑄬 𑄃𑄧𑄉𑄧𑄟𑄚𑄬",Present
চোখের পলকের সাা,𑄌𑄮𑄖𑄴 𑄟𑄎𑄳𑄠 𑄥𑄧𑄚𑄴𑄈𑄧𑄣 𑄥𑄚𑄴,Present
"আঙি যা,শুধু আঙি","𑄃𑄋𑄨 𑄡𑄧𑄠𑄴, 𑄝𑄚 𑄃𑄋𑄬𑄢𑄴",Present
এক জাতী বুনো ফল,𑄃𑄏-𑄥𑄧𑄝𑄧𑄚𑄴 𑄞𑄧𑄖𑄴𑄖𑄨 𑄉𑄮𑄣।,Present
এত দোল বানিে,𑄃𑄬𑄡𑄧 𑄘𑄬𑄌𑄴𑄥𑄚𑄴 𑄝𑄚𑄬𑄃𑄨,Present
তোমরা যে যে কোনটা বিশ্বাস করো,𑄖𑄪𑄟𑄨 𑄡𑄬 𑄡𑄬 𑄡𑄨𑄃𑄚𑄴 𑄇𑄧 𑄞𑄬𑄃𑄨,Present
আমরা সবাই মুখ বাঁকা করি,𑄃𑄟𑄨 𑄝𑄬𑄇𑄴𑄇𑄪𑄚𑄬 𑄎𑄧𑄙 𑄌𑄬𑄃𑄨,Present
দোর জন্য মঙ্গলকর,𑄘𑄬𑄏𑄧 𑄃 𑄎𑄘𑄧𑄢𑄴 𑄟𑄧𑄋𑄴𑄉𑄧𑄣𑄧𑄖𑄳𑄠𑄃𑄨,Present
দূরে থাকা বাদে কিছুই নেই,𑄥𑄧𑄋𑄴 𑄗𑄚 𑄝𑄘𑄬 𑄇𑄨𑄌𑄴𑄍𑄪 𑄚𑄬𑄃𑄨।,Present
যেরকম থাকবে সেভাবে থাকবে,"𑄡𑄬𑄘𑄧𑄇𑄴 𑄗𑄬𑄝𑄧 𑄞𑄬𑄃𑄨,",Future
সবার থেকে চোখগুলো ব,𑄝𑄬𑄇𑄴𑄇𑄪𑄚𑄧𑄖𑄴𑄖𑄪𑄚𑄴 𑄘𑄬𑄌𑄮𑄥𑄚𑄴 𑄘𑄋𑄧𑄢𑄴,Present
তার উপরে নেই,𑄖 𑄃𑄪𑄉𑄪𑄢𑄬 𑄚𑄬𑄃𑄨।,Present
দোলের পাশ দিে বাতাস বে,𑄘𑄬𑄏𑄧 𑄃 𑄎𑄘𑄧𑄢𑄴𑄣𑄃𑄨 𑄝𑄬𑄉𑄧𑄢𑄴 𑄥𑄧𑄁 𑄌𑄬𑄃𑄨,Present
এক জাতী ব মঙ্গল,𑄥𑄧𑄇𑄳𑄠𑄬 𑄃𑄧𑄞𑄧 𑄘𑄬𑄏𑄧𑄢𑄴 𑄟𑄧𑄋𑄴𑄉𑄧𑄣𑄴,Present
.সে সারা কিছুই নাই,𑄥𑄨𑄃𑄚𑄴 𑄥𑄢 𑄇𑄨𑄌𑄴𑄍𑄪 𑄚𑄬𑄃𑄨।,Present
"জাতি, ধর্ম, দল গুঁতানো","𑄎𑄖𑄴, 𑄙𑄧𑄢𑄴𑄟𑄧, 𑄘𑄧𑄣𑄴 𑄉𑄪𑄖𑄴𑄖𑄨",Present
"কোন চিনে না থাকলে,কোন চিনে না থাকলে","𑄇𑄧𑄚𑄧 𑄌𑄨𑄚𑄴𑄛𑄧𑄌𑄳𑄠𑄬 𑄚𑄧 𑄗𑄬𑄣𑄬,",Present
সবাই উপরের দিকে তাকাচ্ছে,𑄝𑄬𑄇𑄴𑄇𑄪𑄚𑄧𑄢𑄴 𑄃𑄪𑄉𑄪𑄢𑄬 𑄘𑄬𑄌𑄴𑄥𑄚𑄴 𑄥𑄧𑄖𑄳𑄠𑄧,Present
এখানে রাত কাটানো,𑄃𑄨𑄙𑄮𑄖𑄴 𑄢𑄊𑄧 𑄞𑄬𑄃𑄨।,Present
চিটিংবাজ কিছুই নেই,"𑄌𑄨𑄘𑄬 𑄉𑄧𑄢𑄨𑄝𑄢𑄴 𑄇𑄨𑄌𑄴𑄍𑄪 𑄚𑄬𑄃𑄨,",Present
. মানে সাথে সাথে ভালো করে থাকা যা,𑄟𑄚𑄬𑄃𑄨 𑄣𑄧𑄉𑄬 𑄉𑄧𑄟𑄴 𑄚𑄨𑄛𑄧𑄢𑄴𑄞 𑄗𑄬𑄣𑄬,Present
দেশ ভালো হেছে,𑄘𑄬𑄏𑄧𑄢𑄴 𑄞𑄣𑄬𑄘𑄨 𑄞𑄬𑄃𑄨।,Present
এত ব ব করে যাওা,𑄃𑄬𑄡𑄧 𑄝𑄬𑄉𑄬 𑄟𑄨𑄣𑄨 𑄘𑄪𑄣𑄨,Present
আকাশটা উে যাচ্ছে,𑄘𑄬𑄏𑄧𑄢𑄴 𑄃 𑄎𑄘𑄧𑄢𑄴 𑄞𑄣𑄬𑄘𑄨𑄣𑄃𑄨,Present
সুন্দর একটি দেশ বানিে,𑄘𑄮𑄣𑄴 𑄃𑄬𑄇𑄴𑄇𑄚𑄴 𑄘𑄬𑄌𑄴 𑄝𑄚𑄬𑄃𑄨।,Present
কত হাসিখুসি দিনগুলো কেটে যা,𑄇𑄧𑄘𑄧𑄇𑄴 𑄦𑄎𑄨 𑄇𑄧𑄘𑄧𑄇𑄴 𑄈𑄪𑄎𑄨 𑄇𑄘𑄬 𑄡𑄢𑄴 𑄘𑄨𑄚𑄴,Present
সুে-সুে কেে থাকে,𑄥𑄪𑄉𑄬-𑄘𑄪𑄉𑄬 𑄇𑄠𑄴 𑄗𑄬𑄃𑄨,Present
দশ ভাগ এগারটা জাতটা সুন্দর,𑄘𑄧𑄌𑄴 𑄞𑄌𑄴 𑄃𑄬𑄉𑄢𑄧𑄝𑄱 𑄎𑄖𑄴 𑄉𑄧𑄋𑄚𑄴 𑄘𑄮𑄣𑄴 𑄎𑄨𑄋𑄴𑄇𑄚𑄨।,Present
পুরো দিন কাজ করে,𑄉𑄧𑄘 𑄘𑄨𑄚𑄴𑄮 𑄝𑄇𑄧𑄖𑄴 𑄇𑄟𑄴 𑄉𑄧𑄢𑄨,Present
সাজসরঞ্জাম পে রাত হলে,𑄥𑄎𑄧𑄚𑄳𑄠 𑄣𑄟𑄨𑄣𑄬 𑄢𑄬𑄖𑄴 𑄦𑄧𑄣𑄬,Present
থাপ্পে আগুন জ্বালানোর কথা,𑄗𑄌𑄴𑄥𑄣𑄧𑄖𑄴 𑄃𑄉𑄪𑄚𑄴 𑄎𑄣𑄨 𑄚𑄚𑄋𑄴 𑄇𑄧𑄙𑄠𑄴,Present
আলুগুলো দুলিে দুলিে পে,"𑄃𑄣𑄪𑄣𑄴𑄮 𑄘𑄪𑄣𑄪𑄣𑄴𑄮 𑄃𑄬𑄉𑄢𑄧 𑄞𑄬𑄃𑄨𑄠𑄬 𑄖𑄬𑄟𑄴𑄟𑄋𑄴 𑄉𑄧𑄢𑄧𑄚𑄴,",Present
মা মেেদের হিলচোপ কীভাবে মুক্তি পাবে?,𑄟 𑄟𑄬𑄘𑄬𑄚𑄨 𑄦𑄨𑄣𑄴𑄌𑄘𑄨𑄉𑄋𑄴 𑄇𑄬𑄚𑄬 𑄛𑄬𑄝𑄧 𑄟𑄪𑄇𑄴𑄖𑄨?,Future
"এক জুমে জুম করে,এক গাঙের পানি খেে","𑄃𑄬𑄇𑄴 𑄎𑄪𑄟𑄴𑄌𑄝𑄧𑄖𑄴 𑄎𑄪𑄟𑄴 𑄇𑄝𑄨, 𑄃𑄬𑄇𑄴 𑄉𑄋𑄧𑄢𑄴 𑄛𑄚𑄨 𑄈𑄬𑄃𑄨",Present
কথা বলতে বলতে দুইজনে ধাক্কা খাইলে,𑄇𑄧𑄙𑄝𑄖𑄴𑄖𑄃𑄨 𑄙𑄧𑄢𑄃𑄧𑄌𑄳𑄠𑄬 𑄥𑄧𑄁 𑄥𑄧𑄟𑄢𑄬 𑄈𑄪𑄌𑄴 𑄛𑄬𑄣𑄬𑄃𑄨,Past
জাগ্রত হে যাওাটা সামনে আসতেছে,𑄎𑄉𑄬 𑄎𑄧𑄙𑄠𑄴 𑄡𑄘𑄧𑄚𑄴 𑄟𑄪𑄎𑄪𑄋𑄬 𑄃𑄇𑄴𑄮𑄃𑄨𑄠𑄬।,Present
এত এক সমে অন্যের কাছ থেকে হাত দিে এইটা,𑄃𑄬𑄙𑄧𑄇𑄳𑄠𑄬 𑄃𑄬𑄇𑄴 𑄃𑄧𑄇𑄴𑄖𑄧𑄖𑄴 𑄃𑄧𑄭𑄛𑄢𑄧𑄖𑄴𑄪𑄚𑄴 𑄜𑄪𑄘𑄧 𑄦𑄋𑄢 𑄃𑄪𑄢𑄳𑄦𑄨 𑄃𑄬𑄃𑄨,Present
.১০ নভেম্বর এই দিন জঙ্গল পরিষ্কার হবে।,𑄷𑄶 𑄚𑄧𑄞𑄬𑄟𑄴𑄝𑄧𑄢𑄴 𑄃𑄬 𑄘𑄨𑄚𑄴 𑄎𑄘𑄧𑄢𑄴 𑄛𑄖𑄴𑄖𑄧𑄣𑄨 𑄃𑄬𑄟𑄴 𑄃𑄬𑄚𑄴 𑄣𑄢𑄴𑄟𑄢𑄬,Future
একটু একটু হেঁটে যাওা,𑄃𑄬𑄟𑄴 𑄃𑄬𑄚𑄴 𑄣𑄢𑄴𑄟 𑄦𑄎𑄨 𑄡𑄚-,Present
.ছোট ব মেে গেল,"𑄌𑄨𑄋𑄬-𑄙𑄪𑄘𑄪𑄇𑄴 𑄈𑄬𑄁𑄉𑄧𑄢𑄧𑄋𑄴 𑄢𑄧 𑄟𑄨𑄣𑄬𑄃𑄨 𑄉𑄬𑄣𑄴,",Past
হেলো হেলো পাে অনেক কিচিে আছে,𑄦𑄬𑄃𑄨𑄣𑄴 𑄦𑄬𑄃𑄨𑄣𑄴 𑄟𑄮𑄚𑄴-𑄟𑄪𑄢𑄧𑄖𑄴 𑄚𑄚𑄋𑄴 𑄛𑄬𑄃𑄨𑄈𑄧 𑄇𑄨𑄌𑄨𑄇𑄴 𑄈𑄎𑄇𑄴,Present
"অন্ধকারে বের হে আসা, টর্চের আলো পা","𑄃𑄚𑄴𑄘𑄢𑄴 𑄢𑄬𑄘𑄮𑄖𑄴 𑄝𑄬𑄢𑄬𑄌𑄴 𑄇𑄚𑄚𑄨, 𑄑𑄧𑄘𑄬𑄇𑄴 𑄏𑄧𑄇𑄴 𑄛𑄧𑄢𑄚",Present
জুা জাগাটা পরিষ্কার হলো,𑄎𑄪𑄟𑄴𑄧 𑄎𑄘𑄧𑄢𑄴 𑄌𑄨𑄘𑄬 𑄊𑄮𑄢𑄴 𑄊𑄮𑄢𑄴 𑄦𑄧𑄣𑄧।,Past
জাগা কোন দিন মঙ্গলবার,𑄎𑄘𑄧𑄢𑄴 𑄇𑄪 𑄘𑄨𑄚𑄴 𑄷𑄶 𑄚𑄧𑄞𑄬𑄟𑄴𑄝𑄧𑄢𑄴-,Present
"ছোট ছা, ছোট জুা কান্না করতে করতে যাচ্ছে","𑄌𑄨𑄉𑄮𑄚𑄴 𑄍𑄧𑄢𑄳𑄦, 𑄌𑄨𑄉𑄮𑄚𑄴 𑄎𑄪𑄢𑄳𑄦𑄨 𑄇𑄚𑄧𑄘𑄬 𑄇𑄚𑄧𑄘𑄬 𑄥𑄪𑄉𑄬𑄃𑄨 𑄡𑄬𑄣𑄴",Present
হেলে দুলে পাহাের কূল হলো তার কুল,𑄦𑄬𑄃𑄨𑄣𑄴 𑄦𑄬𑄃𑄨𑄣𑄴 𑄟𑄮𑄚𑄴 𑄟𑄪𑄢𑄳𑄦𑄧 𑄦𑄧𑄣𑄧 𑄖𑄇𑄴 𑄇𑄪𑄣𑄴;,Present
জাতটা হলো ভেদা ভেদা- ছিন্নভিন্ন,𑄎𑄖𑄴𑄮 𑄦𑄧𑄣𑄧 𑄞𑄬𑄘 𑄞𑄬𑄘-𑄍𑄨𑄖𑄳𑄢𑄨𑄋𑄴 𑄛𑄖𑄳𑄢𑄋𑄴𑄴,Present
একটি শীলের নিচে একটি কাঁকা,𑄃𑄬𑄇𑄴𑄮 𑄥𑄨𑄣𑄧𑄖𑄴 𑄖𑄧𑄣𑄬 𑄃𑄬𑄇𑄴𑄮 𑄇𑄋𑄢,Present
"কার কথা কে শুনে,আাআি করে","𑄇𑄢𑄴 𑄇𑄧𑄙 𑄇𑄧𑄚𑄴𑄚 𑄥𑄪𑄚𑄬, 𑄃𑄊𑄧𑄚𑄴 𑄢𑄬𑄚 𑄢𑄬𑄚𑄨 𑄉𑄧𑄢𑄨।",Present
"মা বাবা,এই কুমাটা ফেলে দাও","𑄟 𑄝𑄛𑄴, 𑄃𑄨𑄖𑄴𑄮 𑄇𑄪𑄘𑄨𑄟𑄴 𑄜𑄬𑄣𑄬",Present
"আগুনটা দাউ দাউ করে জ্বলতেছে, নাাচাা করলে","𑄃𑄊𑄧𑄚𑄴 𑄏𑄢𑄬 𑄎𑄢𑄬, 𑄚𑄋𑄬𑄣𑄬 𑄚𑄋𑄬𑄣𑄬",Present
রিছাং তাং পাহাের পা ভেঙে ভেঙে,𑄢𑄨𑄏𑄬𑄁 𑄖𑄚𑄴𑄏𑄋𑄴 𑄟𑄮𑄚𑄴 𑄟𑄪𑄢𑄳𑄦𑄧 𑄞𑄋𑄨 𑄞𑄋𑄨,Present
খরার মধ্যে পা,𑄈𑄧𑄢𑄚𑄴 𑄃𑄧𑄃𑄨 𑄎𑄪𑄢𑄨𑄖𑄴 𑄣𑄟𑄨,Present
হাতের তালুতে খাওা পানি,𑄦𑄘𑄧 𑄇𑄮𑄉𑄣𑄮𑄃𑄨 𑄈𑄘𑄧𑄚𑄴 𑄛𑄚𑄨।,Present
জীবনে সব সুখ ই,𑄎𑄨𑄁𑄇𑄚𑄨 𑄝𑄬𑄇𑄴 𑄥𑄪𑄇𑄴 𑄃𑄨𑄢𑄨,Present
এক জাতী বুনো ফল,𑄉𑄪𑄎𑄨 𑄚𑄨𑄣𑄇𑄴 𑄝𑄪𑄚𑄴𑄘𑄪𑄇𑄴 𑄉𑄪𑄣𑄨,Present
"মাকপুা,ভাই-বোনের সম","𑄟𑄮𑄇𑄴 𑄛𑄪𑄠𑄮, 𑄞𑄬𑄃𑄨-𑄝𑄮𑄚𑄴 𑄥𑄧𑄁𑄥𑄧𑄟𑄎𑄳𑄠",Present
এত ব করে,𑄃𑄨𑄖𑄴𑄮𑄇𑄪𑄘𑄪𑄟𑄴 𑄖𑄳𑄦𑄬𑄇𑄴 𑄉𑄧𑄢𑄨,Present
"রোদে পে, ঝরে পে","𑄢𑄮𑄘𑄬 𑄛𑄪𑄢𑄨, 𑄏𑄧𑄢𑄬 𑄞𑄨𑄏𑄨",Present
শীল সাদা রঙের পদে,𑄥𑄨𑄣𑄧 𑄥𑄘𑄢 𑄞𑄨𑄎𑄮𑄣𑄴 𑄛𑄧𑄘𑄬,Present
পাহাের গভীরে হাত দিে হেঁটে যাওা,𑄦𑄘𑄧𑄚𑄴 𑄖𑄢 𑄚𑄨𑄝𑄨𑄣𑄨 𑄦𑄋𑄢 𑄛𑄧𑄘𑄬𑄚𑄴𑄘𑄨।,Present
ভাতের পানি বেশি পে না পেটে,𑄞𑄖𑄴 𑄛𑄚𑄨 𑄃𑄧𑄇𑄴𑄖𑄧𑄟𑄧𑄎𑄨𑄟𑄴 𑄚𑄧 𑄛𑄧𑄢𑄬 𑄛𑄬𑄘𑄧𑄖𑄴,Present
"কলা গাছ, তার শাক খেে জীবনটা ভরপুর","𑄇𑄧𑄣 𑄉𑄌𑄴, 𑄥𑄨𑄠𑄮𑄚𑄴 𑄥𑄇𑄴 𑄈𑄬𑄃𑄨 𑄎𑄨𑄁𑄇𑄚𑄨 𑄖𑄮𑄢𑄘𑄧𑄚𑄴।",Present
". পোকা, পোকা মাাই করতে পারে না তাদের","𑄛𑄪𑄇𑄴, 𑄎𑄪𑄇𑄴 𑄟𑄧𑄎 𑄛𑄪𑄉𑄨𑄠𑄬 𑄚𑄧 𑄛𑄢𑄧𑄚𑄴 𑄖𑄢𑄢𑄬 𑄘𑄮𑄋𑄬",Present
তারা কে?,𑄖𑄢 𑄇𑄧𑄚𑄴𑄚?,Present
কি তারা উঠতেছে,𑄇𑄨 𑄖𑄢𑄢𑄴 𑄃𑄪𑄘𑄨𑄌𑄴?,Present
চামা পোকা সব কাপ ছেেছে,𑄌𑄋𑄴𑄟 𑄎𑄘𑄧𑄢𑄴 𑄟𑄧𑄢𑄧𑄚𑄴 𑄇𑄝𑄪𑄇𑄴 𑄇𑄛𑄴𑄖𑄬 𑄉𑄧𑄘 𑄝𑄚𑄨,Present
"তেতো হ না,রাত-দিন আলো নেই করে","𑄖𑄨𑄖𑄴𑄖𑄨 𑄚𑄧 𑄃𑄧𑄃𑄨, 𑄢𑄬𑄖𑄴-𑄘𑄨𑄚𑄴 𑄃𑄞𑄚𑄴 𑄚𑄬𑄃𑄨 𑄉𑄧𑄢𑄨",Present
বাঙালি আর্মি আনি,𑄝𑄋𑄣𑄴 𑄃𑄢𑄴𑄟𑄨 𑄃𑄚𑄨;,Present
হাি নিে যাওা জমি,𑄦𑄢𑄨 𑄚𑄨𑄣𑄇𑄴 𑄎𑄪𑄟𑄴𑄧 𑄎𑄘𑄧𑄢𑄴 𑄞𑄫𑄃𑄨 𑄎𑄧𑄟𑄨।,Present
সেখান থেকে মাংস পার জন্য মানুষ হলো সাি বাহিনী,𑄥𑄨𑄖𑄴𑄪𑄚𑄴 𑄦𑄬𑄢𑄚𑄴 𑄛𑄬𑄝𑄖𑄴𑄬 𑄎𑄧𑄚𑄧𑄟𑄴 𑄦𑄧𑄣𑄧 𑄥𑄚𑄴𑄖𑄨 𑄝𑄦𑄨𑄨𑄚𑄨,Present
তাদের সাা বাহিনী,𑄖𑄢 𑄥𑄚𑄴𑄖𑄨 𑄝𑄦𑄨𑄚𑄨।,Present
"তারা উঠছে,ফিরে যাওার জাগা জমি","𑄖𑄢𑄢𑄴 𑄃𑄪𑄘𑄨𑄌𑄴, 𑄜𑄨𑄢𑄨 𑄛𑄬𑄝𑄢𑄴 𑄎𑄉 𑄎𑄧𑄟𑄨",Present
এক জাতী বুনো ফল যা সবজি হিসেবে ব্যবহৃত হ,𑄃𑄎𑄢𑄴 𑄘𑄪𑄉𑄧 𑄛𑄬𑄢𑄥𑄚𑄨𑄖𑄴𑄪𑄚𑄴 𑄃𑄬𑄢𑄚𑄴 𑄛𑄬𑄝𑄢𑄴 𑄎𑄪𑄟𑄴𑄧 𑄎𑄖𑄨।,Present
জুম্মদের মুক্তির সনদ আনার ইচ্ছা,𑄎𑄪𑄟𑄴𑄧 𑄎𑄘𑄧𑄢𑄴 𑄟𑄪𑄇𑄴𑄖𑄨𑄢𑄴 𑄥𑄧𑄚𑄧𑄘𑄴 𑄃𑄚𑄨𑄝𑄢𑄴 𑄍𑄨𑄚𑄨।,Present
উুমুা আকাশও ভাসে না,𑄃𑄪𑄢𑄴𑄉𑄪𑄟𑄳𑄠 𑄘𑄬𑄝 𑄥𑄚𑄴 𑄚𑄧 𑄟𑄘𑄧𑄌𑄴,Present
"না বোলা,শুধু কাপে হুক্কা দে","𑄚𑄧 𑄝𑄪𑄣𑄧𑄢𑄴, 𑄝𑄚 𑄇𑄚𑄴𑄎𑄝𑄖𑄴 𑄘𑄝 𑄘𑄨",Present
এক জাতী বুনো ফল যা সবজি হিসেবে ব্যবহৃত হ,𑄥𑄚𑄞𑄪𑄢𑄧𑄖𑄴 𑄝𑄮𑄎𑄨,Present
.নিচু নিচু অবস্থা,𑄚𑄨𑄉𑄪𑄌𑄴 𑄚𑄨𑄉𑄪𑄌𑄴 𑄗𑄚𑄧𑄢𑄴।,Present
"চোখ বন্ধ করলে লাল, চুলকানো","𑄌𑄮𑄇𑄴 𑄌𑄬𑄣𑄬 𑄢𑄋, 𑄌𑄪𑄣𑄴 𑄌𑄬𑄣𑄬 𑄎𑄬𑄙𑄢",Present
কী এত পানি?,𑄇𑄨 𑄃𑄬𑄙𑄧𑄇𑄴 𑄃𑄞𑄨𑄣𑄳𑄠𑄌𑄴?,Present
কখন মা,𑄇𑄧𑄝𑄬 𑄟?,Present
আমি তো ছোট হেছি,𑄃𑄟𑄨 𑄘𑄧 𑄍𑄝𑄣𑄧𑄇𑄴 𑄦𑄧𑄠𑄬𑄃𑄨,Present
পাহাের শিরামৈথুন করতে পারে,𑄦𑄬𑄘𑄮 𑄥𑄨𑄢𑄬 𑄟𑄮𑄎𑄪𑄢𑄨 𑄛𑄢𑄨,Present
তোমার কেন এত রাগ?,𑄖𑄧𑄢𑄴 𑄇𑄨 𑄃𑄬𑄙𑄧𑄇𑄴 𑄇𑄨𑄖𑄴𑄬 𑄌𑄨𑄘𑄬?,Present
শুনা থাপ্পের তামাটে ভেঙে,𑄥𑄪𑄚𑄨 𑄗𑄉𑄧 𑄇𑄧𑄋𑄴 𑄖𑄟𑄢𑄬 𑄞𑄋𑄨,Present
আমার বুো করা কথা,"𑄟𑄧 𑄝𑄪𑄉𑄧𑄢𑄴 𑄉𑄧𑄢𑄬𑄋𑄧 𑄇𑄧𑄙𑄚𑄨,",Present
বালক হলেও ব কথা না,𑄍𑄝𑄣𑄧𑄇𑄴 𑄃𑄧𑄃𑄨𑄠𑄮 𑄘𑄋𑄧𑄢𑄴 𑄇𑄧𑄙 𑄚𑄧𑄠𑄴-,Present
তুমি তো পাহাে পার সম অনেক ব পাও,"𑄖𑄪𑄟𑄨 𑄘𑄧 𑄦𑄎𑄬 𑄜𑄬𑄣𑄧𑄢𑄴 𑄎𑄧𑄘𑄧𑄢𑄴 𑄛𑄏 , 𑄢𑄨𑄘𑄨𑄥𑄪𑄘𑄮𑄟𑄚𑄨।",Present
আমার সাথে কথা বলে না,𑄟𑄧 𑄞𑄏𑄬 𑄚𑄧 𑄟𑄘𑄧,Present
আমার হাতে বুননে পিনন নেই,𑄟𑄧 𑄦𑄘𑄬 𑄝𑄪𑄚𑄴𑄚𑄬 𑄛𑄨𑄚𑄮𑄚𑄴 𑄚𑄧 𑄢𑄬𑄚𑄧,Present
.পরের জিনিসপত্র ভালো লাগে,𑄛𑄧𑄢𑄧 𑄘𑄧𑄢𑄧𑄛𑄴𑄃𑄚𑄨 𑄉𑄧𑄟𑄴 𑄞𑄝𑄧,Present
এখান থেকে বেশি পাহাি কি থাকতে পারে!,𑄃𑄨𑄖𑄴𑄖𑄪𑄚𑄴 𑄝𑄬𑄌𑄴 𑄦𑄞𑄨𑄣𑄳𑄠𑄌𑄴 𑄇𑄨 𑄗𑄬𑄃𑄨 𑄛𑄢𑄬!,Present
আমাকে তুমি ভেঙ্গে বলো,𑄟𑄧𑄢𑄬 𑄖𑄪𑄟𑄨 𑄞𑄋𑄨 𑄇𑄧।,Present
"তোমার বাবা নেই,তুমিও তো নেই","𑄖𑄧 𑄝𑄝𑄳𑄦 𑄚𑄬𑄃𑄨, 𑄖𑄪𑄠𑄮 𑄘𑄧-",Present
রানী গর্ভবতী হে জীবনে ব করল তোমাকে,𑄢𑄚𑄨 𑄛𑄨𑄘𑄨 𑄎𑄨𑄁𑄇𑄚𑄨𑄖𑄴 𑄘𑄋𑄧𑄢𑄴 𑄉𑄧𑄣𑄴𑄮𑄋𑄴 𑄖𑄧𑄟𑄢𑄬।,Past
তোমার চোখের পলকের নিচে,𑄖𑄧𑄟 𑄌𑄮𑄉𑄧𑄖𑄴 𑄖𑄧𑄣𑄬,Present
বাির পাতা পরিষ্কার নেই,𑄊𑄧𑄢𑄴 𑄛𑄘 𑄙𑄪𑄎𑄨 𑄚𑄬𑄃𑄨 𑄟𑄎𑄢,Present
তুমি তো বুঝবে না,𑄖𑄪𑄃𑄧 𑄘𑄧 𑄖𑄪𑄟𑄨 𑄚𑄧 𑄝𑄪𑄏𑄢𑄴,Future
তোমরাও ওই যে যাচ্ছো ছো,𑄖𑄪𑄟𑄨𑄠𑄮 𑄃𑄧𑄃𑄨 𑄡𑄬𑄣 𑄍𑄬𑄖𑄳𑄢,Present
এখন আমি কাকে নিে বুক বানাবো,𑄃𑄨𑄇𑄳𑄠𑄬 𑄟𑄪𑄃𑄨 𑄇𑄢𑄬 𑄚𑄨𑄚𑄬𑄃𑄨 𑄝𑄪𑄇𑄴 𑄝𑄚𑄨𑄟𑄴?,Future
কার আশা দিন কাটাবে?,𑄇 𑄃𑄏𑄠𑄴 𑄘𑄨𑄚𑄴 𑄖𑄮𑄢𑄬𑄟𑄴?,Future
তোমার ভাবি থাকে,𑄖𑄮𑄟𑄢𑄬 𑄞𑄝𑄨 𑄗𑄬𑄚𑄬𑄃𑄨,Present
কি তুমি ভুল করছো?,𑄇𑄨 𑄟𑄪𑄃𑄨 𑄞𑄪𑄣𑄴 𑄉𑄧𑄌𑄴𑄍𑄮𑄋𑄴?,Present
"কথা দাও,তুমি আমাকে কি বুক বেঁধে দিবে?","𑄇𑄧𑄙𑄬 𑄌𑄋𑄴,𑄖𑄪𑄟𑄨 𑄟𑄧𑄢𑄬 𑄇𑄨 𑄝𑄪𑄇𑄴 𑄝𑄚𑄨 𑄘𑄨𑄝?",Future
".না,আমি চাঁদের আলো দেখি","𑄚, 𑄟𑄪𑄃𑄨 𑄌𑄧𑄚𑄴𑄘𑄧𑄞𑄌𑄴 𑄟𑄘𑄧𑄋𑄧𑄢𑄴।",Present
"আমার দোষ, সব আমার দোষ","𑄟𑄧𑄢𑄴 𑄘𑄪𑄌𑄴, 𑄝𑄬𑄇𑄴 𑄟𑄧𑄢𑄴 𑄘𑄪𑄌𑄴",Present
আমার কাপটা ভালো,𑄟𑄧 𑄇𑄝𑄣𑄚𑄴 𑄉𑄧𑄟𑄴 𑄃𑄧𑄘𑄧,Present
পার মতো লেখা পা যা না,"𑄛𑄧𑄢𑄧 𑄞𑄏𑄬 𑄣𑄬𑄊 𑄥𑄨𑄊𑄨 𑄚𑄧 𑄛𑄬𑄘,",Present
নিজের মতো নিজের মতো,𑄚𑄨𑄎𑄧 𑄞𑄏𑄬 𑄚𑄨𑄎𑄧 𑄦𑄧𑄢𑄧𑄉𑄬,Present
"ভেষজ, কবিরাজি",𑄥𑄦𑄨𑄖𑄳𑄠𑄧 𑄌𑄧𑄌𑄴𑄡 𑄉𑄧𑄢𑄨,Present
জীবনে আরও একটা নাগা কি দুঃখ?,𑄎𑄨𑄁𑄇𑄚𑄨 𑄃𑄢𑄧 𑄃𑄬𑄇𑄴𑄈𑄚𑄴 𑄚𑄋𑄴 𑄇𑄨 𑄘𑄪𑄇𑄴?,Present
আমল করে ভাব,𑄃𑄟𑄧𑄣𑄴 𑄉𑄧𑄢𑄨 𑄞𑄝𑄧𑄋𑄴,Present
আঙুল পাপি,𑄃𑄋𑄪𑄣𑄧 𑄛𑄛𑄴 𑄉𑄪𑄚𑄧𑄋𑄴,Present
"জো,বিো,গুণ, ভাগ সব করে চা","𑄡𑄮𑄇𑄴, 𑄝𑄨𑄠𑄮𑄇𑄴, 𑄉𑄪𑄚𑄴, 𑄞𑄇𑄴 𑄝𑄬𑄇𑄴 𑄉𑄧𑄢𑄨 𑄌𑄋𑄴",Present
কোনো কিছু মেলে না,𑄇𑄧𑄚𑄧 𑄇𑄨𑄌𑄴𑄍𑄪 𑄟𑄬𑄣𑄬𑄃𑄨 𑄚𑄧 𑄛𑄢𑄧𑄋𑄴।,Present
এক জাতী গাছ নিে যাচ্ছে,"𑄞𑄝𑄧𑄋𑄴 𑄉𑄌𑄴𑄃𑄪𑄚𑄴 𑄚𑄨𑄚𑄬𑄃𑄨,",Present
তারা তো আমার বোন,𑄖𑄢𑄤𑄧 𑄘𑄧 𑄟𑄧 𑄥𑄚𑄴!,Present
এক লাফে ফুলিে যাওা,𑄃𑄬𑄇𑄴 𑄈𑄬𑄝𑄧𑄖𑄴 𑄜𑄪𑄣𑄬 𑄛𑄉𑄮𑄢𑄬,Present
.পাখিগুলো লাফিে লাফিে হাসছে।,𑄛𑄬𑄃𑄨𑄈𑄧 𑄇𑄨𑄎𑄨𑄇𑄴 𑄈𑄎𑄉𑄬 𑄜𑄉𑄮𑄚𑄧𑄢𑄴 𑄟𑄨𑄘𑄬 𑄦𑄎𑄨𑄠𑄬,Present
.স্বামী-স্ত্রী একই চেহারা,𑄥𑄖𑄴𑄟𑄎𑄳𑄠 𑄉𑄪𑄢𑄧 𑄙𑄧𑄇𑄴;,Present
এক জাতী বুনো ফল যা সবজি হিসেবে ব্যবহৃত হ,𑄃𑄧𑄚𑄴𑄥𑄪𑄢𑄴 𑄝𑄨𑄏𑄪 𑄎𑄧𑄉𑄧𑄢𑄳𑄦 𑄢𑄪𑄎𑄨 𑄏𑄧𑄢𑄬।,Present
আরও একবার?,𑄃𑄢𑄴 𑄃𑄬𑄇𑄴 𑄃𑄧𑄇𑄴𑄖𑄧𑄖𑄴?,Present
কী থাকে তার,𑄇𑄩 𑄗𑄠𑄴 𑄖𑄢𑄴?,Present
".পাতা,ফুল ফল ফুটে যা","𑄛𑄘, 𑄜𑄪𑄣𑄴 𑄜𑄧𑄣𑄴 𑄏𑄪𑄢𑄨 𑄡𑄬𑄃𑄨",Present
পিঁপা সহ্য করার ক্ষমতা নেই,𑄛𑄨𑄉𑄨𑄢𑄬 𑄎𑄬𑄢𑄬𑄝𑄢𑄴 𑄝𑄧 𑄚𑄬𑄃𑄨।,Present
"সালান,কি আছে বেঁচে থাকে?","𑄥𑄣𑄬𑄚𑄴, 𑄇𑄨 𑄃𑄏𑄠𑄴 𑄝𑄎𑄨 𑄗𑄠𑄴?",Present
ফাকিঁ দো খরা,𑄜𑄉𑄮𑄚𑄴 𑄌𑄮𑄖𑄴 𑄟𑄎𑄳𑄠 𑄙𑄋𑄴𑄙𑄋𑄳𑄠 𑄈𑄧𑄢𑄚𑄧𑄖𑄴,Present
ডালের আছা সব বুো করে,𑄘𑄣𑄧𑄢𑄴 𑄃𑄏 𑄥𑄧𑄝𑄧𑄚𑄴 𑄝𑄪𑄉𑄧𑄖𑄴 𑄝𑄚𑄨,Present
ত্রিপুরাটা টিকে থাকে,𑄖𑄨𑄉𑄪𑄌𑄳𑄠 𑄗𑄃𑄨 𑄗𑄨𑄠𑄬।,Present
.এই বাচ্চাটার নাম কি জীবন?,𑄃𑄨𑄃𑄚𑄧𑄢𑄴 𑄚𑄋𑄴 𑄇𑄨 𑄎𑄨𑄁𑄇𑄚𑄨?,Present
".যেকে নিে বো করে,","𑄡𑄨𑄠𑄬𑄚𑄧𑄢𑄬 𑄚𑄨𑄚𑄬𑄃𑄨 𑄝𑄢𑄴 𑄉𑄧𑄢𑄨,",Present
দুই চোখে স্বপ্ন বুনে,"𑄘𑄨 𑄌𑄮𑄉𑄧𑄖𑄴 𑄥𑄧𑄝𑄧𑄚𑄴 𑄝𑄪𑄚𑄨 𑄚𑄨𑄃𑄣𑄴𑄏𑄨 𑄉𑄧𑄢𑄨,",Present
মুষলধারে বৃষ্টি,𑄊𑄪𑄢𑄴𑄊𑄪𑄌𑄳𑄠 𑄝𑄢𑄨𑄏𑄬 𑄏𑄧𑄢𑄧𑄖𑄴,Present
সে স্বপ্ন সেই আশা,𑄥𑄬 𑄥𑄧𑄝𑄧𑄚𑄴 𑄥𑄬 𑄃𑄏,Present
"ভূমিধস হে যাওা, মিশে যাওা বালুচরে","𑄙𑄧𑄁𑄉 𑄞𑄋𑄨 𑄡𑄠𑄴, 𑄟𑄨𑄎𑄨 𑄡𑄠𑄴 𑄜𑄪𑄖𑄴𑄬 𑄝𑄣𑄪𑄌𑄧𑄢𑄧𑄖𑄴।",Present
.এই নাকটা কি জীবন?,𑄃𑄨𑄃𑄚𑄧 𑄚𑄋𑄴 𑄇𑄨 𑄎𑄨𑄁𑄇𑄚𑄨?,Present
.নাক থেকে রক্ত পতেছে,𑄚𑄪𑄃𑄨 𑄏𑄧𑄢𑄬 𑄇𑄮𑄢𑄴 𑄃𑄪𑄘𑄬,Present
পিঠটা হেলে পে,𑄛𑄨𑄖𑄴𑄖𑄨𑄟𑄨𑄃𑄚𑄴 𑄦𑄬𑄣𑄬 𑄥𑄎𑄬,Present
গাে গাে ফুল ফোটে,𑄉𑄎𑄬 𑄉𑄎𑄬 𑄜𑄪𑄣𑄴 𑄜𑄪𑄘𑄮𑄚𑄴,Present
নানা ধরনের গিঁট সুরে,𑄚𑄚𑄋𑄴 𑄛𑄬𑄃𑄨𑄈𑄧 𑄉𑄨𑄘𑄧 𑄥𑄪𑄢𑄬,Present
জেগে উঠে মা মেদবহুল,𑄎𑄉𑄨 𑄃𑄪𑄘𑄬 𑄟 𑄟𑄬𑄘𑄬𑄚𑄨,Present
এক জাতী সবজি,𑄃𑄨𑄃𑄚𑄧𑄢𑄴 𑄚𑄋𑄴 𑄎𑄨𑄁𑄇𑄚𑄨।,Present
হিল তো এখন,"𑄦𑄨𑄣𑄧𑄖𑄴 𑄘𑄧 𑄃𑄨𑄇𑄳𑄠𑄬,",Present
"জঙ্গল নেই,ফুল নেই,পেেছে সে গিঁটের সুর","𑄏𑄢𑄴 𑄚𑄬𑄃𑄨, 𑄜𑄪𑄣𑄴 𑄚𑄬𑄃𑄨, 𑄚𑄬𑄃𑄨 𑄛𑄬𑄃𑄨𑄉𑄧 𑄥𑄬 𑄉𑄨𑄘𑄧 𑄥𑄪𑄢𑄴",Present
"গাঙে পানি নেই, কোকিলের ডাক","𑄉𑄋𑄧𑄖𑄴 𑄛𑄚𑄨 𑄚𑄬𑄃𑄨, 𑄚𑄬𑄃𑄨 𑄇𑄮𑄇𑄨𑄣𑄧 𑄇𑄪 𑄇𑄪",Present
সে কি হচ্ছে?,𑄖𑄬 𑄇𑄨 𑄃𑄧𑄃𑄨𑄠𑄬𑄪?,Present
তুমি তো আমাদের এখানে,𑄖𑄪𑄃𑄨 𑄘𑄧 𑄃𑄬𑄡𑄧𑄢𑄴 𑄃𑄟 𑄥𑄨𑄘𑄪।,Present
গাঙে পূজা করার জন্য পাহাের পাহাটা ভেঙে ভেঙে,𑄉𑄧𑄋 𑄟𑄢𑄬 𑄛𑄪𑄎𑄨𑄝𑄢𑄴 𑄟𑄮𑄚𑄴 𑄟𑄪𑄢𑄳𑄦𑄧 𑄞𑄋𑄨 𑄞𑄋𑄨,Present
"যে ফুল তুলতে সাত গাঙ, তের নদীর সাঁকো","𑄡𑄬𑄃𑄨𑄟𑄴 𑄜𑄪𑄣𑄴 𑄖𑄮𑄉 𑄥𑄖𑄴 𑄉𑄋𑄴, 𑄖𑄬𑄢𑄧 𑄙𑄬𑄝 𑄥𑄎𑄪𑄢𑄨",Present
তুমি কিছুতেই ফুল পাও না,𑄖𑄪𑄃𑄧 𑄡𑄪𑄚𑄨 𑄚𑄧 𑄛𑄋𑄴 𑄜𑄪𑄣𑄴-,Present
কাগজটির ফুল আছে তোমার সেখানে,𑄇𑄉𑄧𑄎𑄮𑄢𑄴 𑄜𑄪𑄣𑄴 𑄃𑄊𑄳𑄦𑄬 𑄉𑄮𑄎𑄬𑄟𑄴 𑄖𑄧 𑄥𑄨𑄘𑄪,Present
ব মানুষ মানেই উনমানুষ যেন সুন্দর,𑄝𑄧𑄢𑄴 𑄟𑄉𑄨𑄟𑄴 𑄟𑄚𑄬𑄃𑄨 𑄃𑄪𑄚𑄧𑄢𑄴 𑄟𑄚𑄚𑄨 𑄡𑄬𑄚𑄴 𑄃𑄧𑄠𑄴 𑄘𑄮𑄣𑄴।,Present
চুক্তি তুমি!,𑄌𑄪𑄇𑄴𑄖𑄨 𑄖𑄪𑄃𑄨!,Present
চাকমাদের এক জাতী লালবেল,"𑄈𑄳𑄦𑄨𑄣𑄧𑄢𑄴 𑄚𑄪𑄃𑄧 𑄢𑄋𑄝𑄬𑄣𑄴,",Present
জন তোমার ২ ডিসেম্বর ১৯৯৭,𑄎𑄧𑄚𑄧𑄟𑄴 𑄖𑄧𑄢𑄴 𑄸 𑄓𑄨𑄥𑄬𑄟𑄴𑄝𑄧𑄢𑄴 𑄷𑄿𑄿𑄽,Past
ঢোল বাজিে নাচতেছে,𑄙𑄪𑄣𑄬 𑄙𑄧𑄉𑄧𑄢𑄬 𑄚𑄧𑄇𑄴𑄝𑄌𑄳𑄠𑄬 𑄟𑄚𑄬𑄃𑄨 𑄦𑄘𑄬,Present
আগুনের লেলিহান শিখা পতেছে,"𑄝𑄧𑄢𑄴𑄟 𑄝𑄨𑄥𑄴𑄚𑄪 𑄥𑄨𑄝𑄴 𑄚𑄢𑄠𑄧𑄚𑄴 𑄝𑄧𑄏𑄧𑄚𑄬,",Present
তোমার বািটা ছিঁে দিল,𑄣𑄨𑄊𑄨 𑄘𑄨𑄣𑄇𑄴 𑄖𑄧 𑄞𑄇𑄴𑄉𑄮।,Past
"খীাল গাছ বাজতেছে,নানা ধরনের পোকা","𑄈𑄳𑄦𑄨𑄣𑄧𑄢𑄴 𑄉𑄌𑄴 𑄝𑄎𑄬, 𑄚𑄚𑄋𑄴 𑄛𑄧𑄥𑄪 𑄛𑄧𑄇𑄴𑄈𑄳𑄦𑄨",Present
"চেঙে,মিিনি,কাঁকা,কাঁকা সঙ্খের মুখটি খালি হে আছে","𑄌𑄬𑄋𑄬, 𑄟𑄨𑄋𑄨𑄚𑄨, 𑄇𑄎𑄣𑄧𑄋𑄴 𑄥𑄧𑄋𑄴𑄈𑄧 𑄟𑄖𑄟𑄪𑄈𑄪𑄢𑄨 𑄃 𑄜𑄬𑄚𑄨 𑄝𑄪𑄉𑄧𑄖𑄴",Present
তোমার জনমের পুরে যাওা যা,𑄈𑄪𑄎𑄨𑄠𑄬 𑄖𑄪𑄝𑄴𑄣𑄴 𑄝𑄬𑄃𑄨 𑄡𑄠𑄴 𑄖𑄧 𑄎𑄧𑄚𑄧𑄟𑄴 𑄛𑄪𑄢𑄬।,Present
".আসবাব নেই বলে,লং পাহাের মানুষ বলা হ","𑄃𑄧𑄙𑄨𑄉𑄢𑄴 𑄚𑄬𑄃𑄨 𑄟𑄚𑄬𑄃𑄨𑄠𑄬, 𑄣𑄬𑄋𑄴 𑄦𑄘𑄪𑄢𑄴 𑄛𑄧𑄢𑄚𑄴 𑄝𑄧𑄣𑄠𑄬",Present
"রাত হলো,বিকাল হলো মনে হ","𑄢𑄬𑄋𑄴 𑄘𑄨𑄣𑄇𑄴, 𑄃𑄪𑄝𑄧𑄉𑄨𑄘𑄬 𑄞𑄧𑄢𑄨 𑄖𑄪𑄣𑄨𑄣𑄇𑄴 𑄌𑄨𑄖𑄴 𑄇𑄢𑄨𑄠𑄬।",Past
জুম্মদের ধুধুক খেে বেে,𑄎𑄪𑄟𑄴𑄧𑄃𑄪𑄚𑄧𑄢𑄬 𑄙𑄪𑄘𑄪𑄇𑄴 𑄈𑄬𑄋𑄴𑄉𑄧𑄢𑄧𑄋𑄴 𑄌𑄨𑄋𑄬 𑄝𑄬𑄃𑄨 𑄝𑄬𑄃𑄨,Present
গ্রামে গ্রামে গিে রেঙে উঠা,𑄃𑄘𑄟𑄬 𑄃𑄘𑄟𑄬 𑄉𑄨𑄘𑄬 𑄢𑄬𑄋𑄬 𑄖𑄪𑄣𑄧𑄚𑄴 𑄞𑄧𑄢𑄨।,Present
.চামা চামা করে সারা বছর অতিবাহিত হ,"𑄌𑄘𑄬 𑄌𑄘𑄬 𑄇𑄪𑄢𑄨 𑄝𑄧𑄏𑄧𑄢𑄴 𑄃𑄧𑄣𑄬,",Present
কাঁকার মুখে এখনো আগুন না পলে,𑄇𑄇𑄢𑄇𑄴 𑄟𑄪𑄈𑄧𑄖𑄴 𑄃𑄎𑄨 𑄚𑄧 𑄜𑄪𑄘𑄬𑄣𑄬!,Present
শুধু কাগজ আছে,"𑄝𑄚 𑄇𑄉𑄮𑄎𑄧𑄖𑄴 𑄃𑄊𑄧𑄌𑄴,",Present
মাঝে মাঝে সাা সাা করবে,𑄇𑄣𑄬 𑄇𑄣𑄬 𑄥𑄇𑄴𑄈𑄳𑄦𑄨 𑄃𑄧𑄃𑄨 𑄖𑄬𑄝𑄬।,Future
তোমাকে খুঁজতে সাহায্য করতে এক দল রওনা হেছে,"𑄖𑄧𑄢𑄬 𑄢𑄧𑄇𑄴𑄈𑄳𑄦𑄬 𑄉𑄧𑄢𑄨𑄝𑄖𑄴𑄬 𑄃𑄬𑄇𑄴 𑄏𑄇𑄴 𑄣𑄧𑄢𑄴𑄝𑄮 𑄣𑄧𑄢𑄧𑄘𑄧𑄚𑄴,",Present
খিালের সুন্দর আভা ফিরে আনবে,𑄈𑄳𑄦𑄨𑄣𑄮𑄢𑄴 𑄘𑄮𑄣𑄴 𑄃𑄞 𑄜𑄨𑄢𑄬 𑄃𑄚𑄨𑄝𑄖𑄴𑄖𑄬।,Future
জুম্মরা ধুধুক খেে বেে,𑄎𑄪𑄟𑄴𑄧𑄃𑄪𑄚𑄬 𑄙𑄪𑄘𑄪𑄇𑄴 𑄈𑄬𑄁𑄉𑄧𑄢𑄧𑄁 𑄌𑄨𑄋𑄬 𑄝𑄬𑄃𑄨 𑄝𑄬𑄃𑄨,Present
".এলোমেলো,দুলিে দুলিে বছর চলে","𑄃𑄬𑄌𑄳𑄠𑄬, 𑄌𑄘𑄬 𑄌𑄘𑄬 𑄇𑄪𑄢𑄨 𑄝𑄧𑄏𑄧𑄢𑄴 𑄃𑄧𑄣𑄬",Present
কার মুখে এখনো ফুটে নাই,𑄇𑄢𑄧𑄢𑄴 𑄟𑄪𑄠𑄧𑄖𑄴 𑄃𑄎𑄨 𑄚𑄧 𑄜𑄪𑄘𑄬𑄣𑄬!,Present
শুধু কাগজ আছে,"𑄝𑄚 𑄇𑄉𑄧𑄎𑄧𑄖𑄴 𑄃𑄊𑄧𑄌𑄴,",Present
তোমাকে দেখার মতো গরিব এক ঝাঁক কুকুর দৌাচ্ছে,𑄖𑄧𑄢𑄬 𑄢𑄧𑄇𑄴𑄈𑄳𑄦𑄬 𑄉𑄧𑄢𑄨𑄝𑄢𑄴 𑄃𑄬𑄇𑄴 𑄏𑄇𑄴 𑄣𑄧𑄢𑄴𑄳𑄦𑄝𑄮 𑄣𑄧𑄢𑄧𑄘𑄧𑄚𑄴,Present
নািভুি মানুষ সাদা পরিধান করে,𑄚𑄬𑄃𑄨𑄠𑄬 𑄚𑄙 𑄘𑄪𑄉𑄨 𑄟𑄚𑄪𑄎𑄧𑄢𑄴 𑄣𑄪𑄉𑄧𑄢𑄴 𑄥𑄘 𑄝𑄧𑄘𑄧𑄣𑄬𑄝𑄖𑄴𑄠𑄬।,Present
হাত দিে পানির নাচা করবো না,𑄦𑄘𑄨𑄝𑄧𑄧𑄁 𑄃𑄧𑄚𑄴𑄥𑄪𑄢𑄴 𑄛𑄚𑄨 𑄚𑄣𑄧𑄥𑄚𑄴 𑄚𑄧 𑄌𑄬𑄝𑄧𑄁 𑄛𑄨𑄌𑄴𑄬 𑄜𑄨𑄢𑄨,Future
.আমরা সবুজ মাঠে স্বপ্ন দেখবো।,𑄃𑄪𑄢𑄬𑄝𑄧𑄁 𑄦𑄬𑄣𑄴 𑄃𑄉𑄏𑄧𑄖𑄴 𑄥𑄧𑄝𑄧𑄚𑄧𑄢𑄴 𑄊𑄪𑄖𑄨।,Future
.দোলের স্রোতের মতো মন নাচতেছে।,"𑄘𑄬𑄏𑄧𑄢𑄴 𑄎𑄘𑄧𑄢𑄴 𑄌𑄨𑄖𑄴 𑄇𑄧𑄣𑄴𑄎𑄳𑄠 𑄦𑄋𑄨 𑄡𑄢𑄴 𑄃𑄪𑄘𑄨𑄣𑄧 𑄥𑄉𑄧𑄢𑄴𑄖𑄴 𑄖𑄪𑄝𑄮𑄣𑄴,",Present
.আগে কালো মেে কি সপ্নের শিমের নাল কি নিব?,𑄃𑄉𑄧𑄏𑄧𑄖𑄴 𑄇𑄣 𑄟𑄬𑄇𑄴 𑄘𑄨𑄊𑄨 𑄇𑄨 𑄥𑄧𑄝𑄧𑄚𑄧𑄢𑄴 𑄊𑄪𑄖𑄨 𑄥𑄪𑄘𑄮 𑄚𑄣𑄴 𑄇𑄨 𑄍𑄨𑄚𑄨𑄝𑄧𑄁?,Future
হিমাল দিে পাহাের পাহা ভেঙে ফেলব,"𑄦𑄨𑄟𑄣𑄧𑄠𑄴 𑄟𑄮𑄚𑄴 𑄞𑄋𑄨𑄝𑄧𑄁 𑄥𑄖𑄴 𑄙𑄧𑄎𑄳𑄠𑄬 𑄖𑄬𑄢𑄴 𑄉𑄋𑄴 𑄘𑄨𑄋𑄨𑄝𑄧𑄁,",Future
.কাল বস বৃষ্টি আসলে আসে,𑄇𑄣𑄴 𑄝𑄮𑄎𑄬𑄉𑄧𑄢𑄴 𑄏𑄧𑄢𑄴 𑄃𑄬𑄣𑄬 𑄃𑄬𑄡𑄮𑄇𑄴,Present
পাহাে পাহাে পাহাে পাহািে পাহািে পাহািে পাহািে বসবো,𑄣𑄬𑄋𑄬 𑄣𑄬𑄋𑄬 𑄜𑄮𑄝𑄬 𑄜𑄮𑄝𑄬 𑄦𑄧𑄣𑄬𑄠𑄪 𑄟𑄪𑄎𑄪𑄋𑄬 𑄈𑄪𑄌𑄴 𑄜𑄬𑄣𑄬𑄝𑄧𑄁।,Future
"কোনো রাত ঠিক না,কোনো রাত","𑄇𑄧𑄚𑄧 𑄢𑄬𑄖𑄴 𑄗𑄨𑄘𑄧 𑄚𑄧𑄠𑄴, 𑄇𑄧𑄚𑄧 𑄃𑄚𑄴𑄙𑄢𑄴𑄠𑄪;",Present
ধরে ধরে সাহসবান হওা যাবে চোখের পলক,𑄙𑄧𑄢𑄴𑄡𑄳𑄠𑄧 𑄙𑄧𑄢𑄧 𑄥𑄦𑄧𑄥𑄴 𑄝𑄚𑄧 𑄘𑄨𑄊𑄨𑄝𑄧𑄁 𑄛𑄳𑄦𑄧𑄢𑄧 𑄟𑄪।,Future
"বৃষ্টি,বইের আলো আর কত কি করা যা","𑄏𑄧𑄢𑄴, 𑄝𑄮𑄭𑄠𑄬𑄢𑄴 𑄃 𑄃𑄚𑄴𑄙𑄢𑄴 𑄢𑄬𑄖𑄴 𑄃𑄢𑄧 𑄇𑄧𑄘𑄧𑄇𑄴 𑄇𑄨 𑄉𑄧𑄟𑄨 𑄡𑄮𑄇𑄴",Present
তুমি সপ্নের ঘুর্ণিবািটা দেখবো না,𑄖𑄪𑄃𑄧 𑄚𑄧 𑄍𑄨𑄚𑄨𑄝𑄧𑄁 𑄥𑄧𑄝𑄧𑄚𑄧𑄢𑄴 𑄊𑄪𑄖𑄨𑄢𑄴 𑄥𑄪𑄘𑄮𑄚𑄣𑄴,Future
ছানো ছিটানো করে হেঁটে যাবো,𑄥𑄖𑄴𑄚𑄣𑄴 𑄥𑄪𑄘𑄮𑄣𑄧𑄃𑄨 𑄝𑄬𑄢𑄬𑄠𑄴 𑄦𑄘𑄨 𑄡𑄬𑄝𑄧𑄁 𑄟𑄪𑄎𑄪𑄋𑄬।,Future
ঘুম যে আসতেছে না,𑄊𑄪𑄟𑄴 𑄡𑄬 𑄚𑄧 𑄛𑄢𑄧𑄁,Present
আাআিভাবে বাতাস আসতেছে,𑄃𑄎𑄢𑄴 𑄃𑄎𑄢𑄴 𑄃𑄧𑄟𑄬𑄠𑄳𑄠 𑄃𑄧𑄌𑄨𑄖𑄴,Present
.আমাকে অসুখে পে,𑄟𑄧𑄢𑄬 𑄃𑄧𑄚𑄴𑄥𑄪𑄢𑄴 𑄢𑄮𑄉𑄧𑄚𑄨 𑄉𑄧𑄢𑄬;,Present
আমি ঘুমাতে পারতেছি না,𑄟𑄪𑄭 𑄊𑄪𑄟𑄴 𑄡𑄬 𑄚𑄧 𑄛𑄢𑄧𑄁।,Present
আমার দুই চোখ হে হেছে,𑄟𑄧𑄢𑄴 𑄘𑄳𑄦𑄨𑄝𑄬 𑄦𑄧𑄢𑄚𑄳𑄠 𑄌𑄮𑄇𑄴,Present
এদিকে করে অনেকগুলো নদী উে উঠছে,𑄃𑄬𑄉𑄧𑄖𑄴 𑄉𑄧𑄢𑄨 𑄇𑄪𑄥𑄧𑄝𑄧𑄚𑄴 𑄘𑄨𑄊𑄨 𑄃𑄪𑄉𑄪𑄢𑄨 𑄃𑄪𑄘𑄧𑄁;,Present
মাছরাঙাটা আমার কাছে আছে,𑄟𑄚𑄴𑄎𑄮𑄢𑄴 𑄥𑄨𑄚𑄴𑄘𑄬𑄝𑄌𑄴 𑄃𑄊𑄬 𑄟𑄧𑄢𑄴!,Present
কে এই কথা বলে?,𑄇𑄧𑄚𑄴𑄚 𑄇𑄧𑄝𑄧 𑄃𑄬 𑄇𑄧𑄙 𑄟𑄨𑄎𑄬?,Present
চোখ মেলে কত স্বপ্ন দেখি আমি,𑄌𑄮𑄇𑄴 𑄟𑄨𑄣𑄨 𑄇𑄧𑄘𑄧𑄇𑄴 𑄥𑄧𑄝𑄧𑄚𑄴 𑄘𑄬𑄊𑄧𑄁 𑄖𑄨𑄉𑄪𑄌𑄳𑄠!,Present
দেখে দেখে যাও,"𑄘𑄬𑄊𑄧𑄁 𑄃 𑄞𑄋𑄨 𑄡𑄠𑄴,",Present
ভেঙে যাওা আর আন্দোলন করি,𑄞𑄋𑄨 𑄡𑄠𑄴 𑄃𑄢𑄧 𑄃𑄢𑄴𑄉𑄚𑄨 𑄉𑄧𑄢𑄧𑄁।,Present
স্বপ্ন ভাঙা জাগা দিন কেটে যা,𑄥𑄧𑄝𑄧𑄚𑄴 𑄞𑄋𑄚 𑄎𑄧𑄢𑄚𑄖𑄴 𑄘𑄨𑄚𑄴 𑄇𑄘𑄨 𑄡𑄠𑄴;,Present
সে মুখে কাজ করে,𑄥𑄬𑄚𑄬 𑄟𑄪𑄭 𑄇𑄟𑄧 𑄝𑄇𑄧𑄖𑄴,Present
সূর্য অস্ত যাওার সম কালো মেঘের মধ্যে ডুবে যা,𑄝𑄬𑄣𑄚𑄴 𑄡𑄪𑄚𑄨 𑄊𑄪𑄢𑄴𑄊𑄪𑄌𑄳𑄠 𑄇𑄣 𑄟𑄬𑄊𑄧 𑄥𑄬𑄢𑄬 𑄙𑄪𑄝𑄨 𑄡𑄠𑄴,Present
তার মানে কি লেই নেই?,𑄖𑄢𑄴 𑄟𑄚𑄬 𑄇𑄨 𑄣𑄬𑄚𑄴 𑄚𑄬𑄭?,Present
সাগরের ঢেউে পাহাের পা খাওা,𑄥𑄉𑄧𑄢𑄧𑄢𑄴 𑄖𑄪𑄝𑄮𑄣𑄴 𑄥𑄉𑄧𑄢𑄧𑄖𑄴 𑄛𑄢𑄧𑄖𑄴 𑄦𑄝𑄧𑄢𑄴 𑄈𑄠𑄴,Present
তার মানে কি উঠবে না?,𑄖𑄢𑄴 𑄟𑄚𑄬 𑄇𑄨 𑄖𑄪𑄝𑄮𑄣𑄴 𑄚𑄧 𑄃𑄪𑄘𑄨𑄝𑄧?,Future
যত ব হ তুমি কি চুপ করে থাকো,"𑄡𑄧𑄇𑄳𑄠𑄬 𑄃𑄃𑄮𑄌𑄳𑄠 𑄦𑄧𑄠𑄴 𑄥𑄧𑄇𑄳𑄠𑄬 𑄇𑄨 𑄖𑄪𑄭 𑄌𑄨𑄃𑄮𑄟𑄳𑄠 𑄉𑄧𑄢𑄨 𑄗𑄌𑄴,",Present
বর্ষা আর উঠবে না?,𑄎𑄪𑄚𑄚𑄴 𑄃𑄢𑄧 𑄚𑄧 𑄃𑄪𑄘𑄨𑄝𑄧?,Future
.ঘোর ঘিে তারা পানি নিে যাচ্ছে,"𑄊𑄪𑄢𑄴𑄊𑄪𑄌𑄳𑄠 𑄃𑄚𑄴𑄘𑄢𑄧𑄖𑄴 𑄖𑄢 𑄎𑄧𑄣𑄧𑄚𑄴, 𑄎𑄧𑄣𑄧𑄚𑄴 𑄏𑄨𑄟𑄨𑄖𑄴 𑄏𑄨𑄟𑄨𑄖𑄴 𑄎𑄪𑄚𑄨।",Present
"হিলে অন্ধকার রাত,কোনো আলো নেই","𑄦𑄨𑄣𑄧𑄖𑄴 𑄃𑄚𑄴𑄘𑄢𑄴 𑄢𑄬𑄖𑄴 𑄃𑄨𑄇𑄳𑄠𑄬, 𑄚𑄬𑄭 𑄇𑄧𑄚𑄧 𑄢𑄧 𑄌𑄧",Present
সেই অন্ধকার রাতে তারা আর তোমরা,𑄥𑄬 𑄃𑄚𑄴𑄘𑄢𑄴 𑄢𑄬𑄘𑄮 𑄖𑄢 𑄃 𑄎𑄪𑄚𑄨 𑄖𑄪𑄟𑄨।,Present
"তোমরা রাতে ঘুমাবে,রাত বেলা পাহারা দিবে","𑄖𑄪𑄟𑄨 𑄢𑄊𑄬𑄝, 𑄢𑄬𑄖𑄴𑄮 𑄛𑄳𑄦𑄧𑄢𑄴 𑄍𑄨𑄘𑄨 𑄘𑄨𑄝",Future
ভোরের আলো হওা যা,𑄛𑄳𑄦𑄧𑄢𑄴 𑄃𑄧𑄝𑄧 𑄈𑄟𑄇𑄴𑄇𑄠𑄴 𑄇𑄬𑄣𑄳𑄠।,Present
"এই আশা বুক ভরে,সবগুলো বুনবো মাগো","𑄃𑄬 𑄃𑄏𑄠𑄴 𑄝𑄪𑄇𑄴 𑄞𑄧𑄢𑄬, 𑄥𑄧𑄝𑄧𑄚𑄴 𑄝𑄪𑄚𑄧𑄁 𑄟𑄉𑄧𑄢𑄧𑄇𑄧 𑄥𑄚𑄴",Future
"তোমাদের তেজে, তোমাদের কথা বো লাল বেল","𑄖𑄧𑄟 𑄖𑄬𑄎𑄬, 𑄖𑄧𑄟 𑄝𑄧𑄣𑄬 𑄘𑄬𑄊𑄨𑄟𑄴 𑄝𑄬𑄚𑄳𑄠 𑄢𑄋 𑄝𑄬𑄣𑄴।",Present
সে পাহাের কাজ করতেছে,𑄥𑄬𑄚𑄬 𑄟𑄪𑄭 𑄃𑄚𑄴𑄥𑄪𑄢𑄴 𑄇𑄟𑄧 𑄝𑄇𑄧𑄖𑄴।,Present
জাতিটিকে মনে পে,𑄎𑄖𑄴𑄮𑄢𑄬 𑄞𑄝𑄨 𑄗𑄉𑄧,Present
সূর্য ডোবার সম ফানুসটা ফিরালো,𑄢𑄨𑄖𑄴 𑄊𑄪𑄢𑄨 𑄝𑄢𑄨𑄎𑄬 𑄃𑄬𑄡𑄬𑄢𑄴 𑄜𑄉𑄮𑄚𑄧 𑄃𑄞 𑄜𑄨𑄢𑄨𑄣𑄧,Past
চিটিংবাজ আরও এই পৃথিবীতে থাকতে হবে,𑄌𑄨𑄘𑄬 𑄌𑄧𑄌𑄴𑄡 𑄇𑄨 𑄉𑄧𑄢𑄨𑄝𑄧 𑄃𑄢𑄴 𑄃𑄬 𑄛𑄨𑄖𑄴𑄨𑄟𑄨𑄖𑄴 𑄝𑄎𑄘𑄧 𑄛𑄧𑄢𑄨𑄝𑄧।,Future
কুজোলি আমার মা এখানে,𑄇𑄪𑄎𑄮𑄣𑄨 𑄟𑄧𑄢𑄴 𑄖𑄮𑄟 𑄃𑄨𑄙𑄪-,Present
দেখতে সুন্দর না হওা,𑄘𑄳𑄦𑄬𑄚𑄴 𑄝𑄋𑄴 𑄚𑄧 𑄦𑄣𑄬𑄭,Present
জাতিটিকে মনে পে,𑄎𑄖𑄴𑄮𑄢𑄬 𑄞𑄝𑄨 𑄗𑄉𑄧।,Present
কলা দেখে মলা দেখে ভ পা,𑄇𑄧𑄣 𑄘𑄬𑄊𑄬𑄭 𑄟𑄧𑄣 𑄘𑄬𑄊𑄬𑄭 𑄞𑄬𑄢𑄬𑄝𑄢𑄴 𑄌𑄬𑄝𑄇𑄴 𑄇𑄧𑄙𑄧𑄇𑄴,Present
কলার মলা লোভে পে জাতকে মনে পে,𑄇𑄧𑄣 𑄟𑄧𑄣 𑄣𑄮𑄞𑄮𑄖𑄴 𑄚𑄧 𑄛𑄧𑄢𑄨 𑄎𑄖𑄴𑄮𑄢𑄬 𑄞𑄝𑄨 𑄗𑄉𑄧।,Present
"বৃষ্টি আসবে,বৃষ্টি আসবে,এখন অন্ধকার নামা","𑄏𑄧𑄢𑄴 𑄃𑄬𑄝𑄧, 𑄝𑄮𑄠𑄬𑄢𑄴 𑄃𑄬𑄝𑄧, 𑄃𑄬𑄝𑄧 𑄃𑄚𑄴𑄙𑄢𑄴 𑄣𑄟𑄨",Future
তুমি হাজার জনের মধ্যে আমার জন্য হাজার জন অপেক্ষা করবে,𑄖𑄪𑄃𑄧 𑄗𑄬𑄝𑄧𑄁 𑄦𑄎𑄢𑄴 𑄘𑄪𑄉𑄧𑄖𑄴 𑄎𑄖𑄴𑄮𑄢𑄬 𑄞𑄝𑄨।,Future
ভাইার লোহার বিালের মুখে জুতা পে বাতাস বের হ,𑄞𑄬𑄭𑄠𑄮𑄢𑄴 𑄣𑄮𑄠𑄬 𑄝𑄨𑄎𑄮𑄣𑄴 𑄃𑄧𑄞𑄧 𑄟𑄪𑄏𑄪𑄋𑄬 𑄛𑄧𑄖𑄴𑄗𑄚𑄴 𑄌𑄮𑄉𑄧 𑄛𑄨𑄚𑄠𑄬 𑄝𑄚𑄴,Present
তুমি তো আমার সাথে যাবে না,𑄖𑄪𑄃𑄧 𑄘𑄧 𑄃𑄟𑄢𑄴 𑄦𑄘 𑄛𑄧𑄢𑄨𑄝𑄧 𑄃𑄬𑄢𑄴 𑄝𑄘𑄬 𑄚𑄬𑄭 𑄇𑄧𑄚𑄧 𑄃𑄪𑄝𑄧𑄠𑄴।,Future
".নিঃশব্দ মুক্ত হতে পারতেছি না,কি পূর্ণ হেছে সে",𑄚𑄧 𑄃𑄧𑄝𑄧 𑄟𑄪𑄇𑄴𑄖𑄴𑄨 𑄛𑄢𑄴𑄝𑄧𑄖𑄳𑄠𑄧 𑄌𑄪𑄇𑄴𑄖𑄴𑄨 𑄇𑄨 𑄛𑄪𑄢𑄴𑄕𑄧𑄥𑄠𑄧𑄖𑄴𑄧 𑄥𑄥𑄧𑄚𑄧𑄖𑄴,Present
সব পাহাে নদী পবো এরকম দেখতেছি,𑄝𑄬𑄇𑄴 𑄘𑄪𑄉𑄧𑄖𑄴𑄪𑄚𑄴 𑄥𑄧𑄢𑄚𑄴 𑄛𑄬𑄝𑄧𑄁 𑄃𑄬𑄟𑄴 𑄃𑄬𑄚𑄴 𑄣𑄢𑄴𑄟 𑄌𑄬𑄘𑄧𑄚𑄧𑄖𑄴।,Present
তোমাদেরও আছে বেগের তাপ,𑄖𑄮𑄟𑄢𑄴𑄃𑄮 𑄃𑄊𑄬 𑄝𑄬𑄉𑄧𑄢𑄴 𑄖𑄬𑄌𑄴𑄃𑄚𑄨,Present
"এই মেেগুলো দাগ দো, ওই ঝাি দে","𑄃𑄧𑄃𑄨 𑄟𑄨𑄚𑄴 𑄟𑄪𑄢𑄳𑄦𑄧𑄃𑄪𑄚𑄴 𑄘𑄉𑄧𑄘𑄚𑄴, 𑄃𑄧𑄃𑄨 𑄏𑄢𑄚𑄨 𑄘𑄉𑄬𑄢𑄴",Present
এত ব ব দিন অতিবাহিত হওা,𑄃𑄬𑄡𑄧 𑄃𑄬𑄡𑄧 𑄃𑄮 𑄃𑄨𑄢𑄪𑄇𑄴 𑄘𑄨𑄚𑄧𑄢𑄴 𑄚𑄪𑄃𑄧 𑄛𑄨𑄢𑄳𑄦𑄨,Present
কাকে তোমাদের বন্ধু হে আছে,𑄇𑄇𑄳𑄠𑄬 𑄖𑄧𑄟𑄢𑄴 𑄎𑄪𑄉𑄧𑄣𑄴 𑄃𑄧𑄃𑄨 𑄃𑄊𑄬।,Present
"এই বাি, চোখ বুজিে তাকাা, চোখ বুজিে চার","𑄃𑄧𑄃𑄨 𑄘𑄬𑄊𑄧𑄢𑄴, 𑄌𑄮𑄇𑄴 𑄌𑄮𑄇𑄴 𑄘𑄬𑄝𑄇𑄣, 𑄌𑄮𑄇𑄴 𑄛𑄨𑄎𑄨 𑄛𑄨𑄎𑄨 𑄢𑄨𑄚𑄨 𑄌𑄢𑄴",Present
"দাঁত ভারি, ঝগা ঝগা করতেছে","𑄘𑄖𑄴 𑄞𑄨𑄢𑄬𑄢𑄴, 𑄏𑄧𑄣𑄴𑄉 𑄏𑄧𑄣𑄴𑄉 𑄝𑄮𑄃𑄨𑄠𑄬𑄢𑄴 𑄝𑄢𑄴",Present
বুক না ফাটার শব্দ,𑄝𑄪𑄇𑄴 𑄚𑄧 𑄝𑄚𑄬𑄢𑄴 𑄇𑄢𑄧𑄢𑄴।,Present
মা মেেগুলো তাাতাি দেখে আছে তোমার,𑄟 𑄟𑄬𑄘𑄬𑄚𑄨 𑄌𑄬𑄭 𑄃𑄊𑄬 𑄖𑄧𑄟 𑄇𑄨𑄖𑄴𑄬,Present
"কোথা যাবো,কি গরিবা চিন্তা না করে","𑄇𑄪𑄙𑄪 𑄡𑄬𑄝, 𑄇𑄨 𑄉𑄧𑄢𑄨𑄝 𑄌𑄨𑄘𑄬 𑄚𑄧 𑄉𑄧𑄢𑄨",Present
"বুো মা-বাবা, বাির ঘর নেই","𑄝𑄪𑄢𑄳𑄦𑄧 𑄟-𑄝𑄛𑄴, 𑄊𑄧𑄢𑄴 𑄉𑄨𑄢𑄨 𑄚𑄧 𑄢𑄨𑄚;",Present
"পাহাে টোকা দিলে,লা যাওা","𑄟𑄪𑄏𑄪𑄋𑄬 𑄈𑄪𑄌𑄴 𑄣𑄬𑄣𑄬𑄭, 𑄣𑄧𑄢𑄴 𑄘𑄪𑄃𑄧",Present
.পুো লাল বেলানি আনার জন্য নিে যাচ্ছে,𑄛𑄪𑄜𑄮 𑄢𑄋 𑄝𑄬𑄣𑄚𑄴 𑄃𑄚𑄨𑄝𑄢𑄴 𑄍𑄨𑄚𑄨।,Present
"তোমরা মানুষ,তোমরা দেবতা","𑄖𑄪𑄟𑄨 𑄟𑄚𑄪𑄌𑄴, 𑄖𑄪𑄟𑄨 𑄘𑄬𑄝𑄧𑄘",Present
তুমিও ব ব পাথর,𑄖𑄪𑄟𑄨𑄃𑄮 𑄘𑄬𑄏𑄧𑄢𑄴 𑄎𑄘𑄧𑄢𑄴 𑄛𑄖𑄴𑄗𑄧𑄣𑄨;,Present
"তোমরা হনুমান,তোমরা ধনপিঁপা-কল্পনা","𑄖𑄪𑄟𑄨 𑄦𑄧𑄚𑄪𑄟𑄚𑄴, 𑄖𑄪𑄟𑄨 𑄙𑄧𑄚𑄴𑄛𑄪𑄘𑄨-𑄇𑄧𑄣𑄴𑄛𑄧𑄚",Present
"তোমরা রাধামন-সিবেচা,মার বিাল-নারাা","𑄖𑄪𑄟𑄨 𑄢𑄙𑄟𑄧𑄚𑄴-𑄥𑄨𑄝𑄴𑄌𑄧𑄢𑄧𑄚𑄴, 𑄝𑄧𑄢𑄴𑄟 𑄝𑄨𑄌𑄴𑄚𑄪 - 𑄚𑄢𑄠𑄧𑄚𑄴,",Present
তোমাদেরও আছে বেগের তাপ,𑄖𑄮𑄟𑄢𑄴𑄃𑄮 𑄃𑄊𑄬 𑄝𑄬𑄉𑄧𑄢𑄴 𑄖𑄬𑄌𑄴𑄃𑄚𑄨।,Present
কি বিচি তোমার,𑄇𑄨 𑄝𑄨𑄎𑄬𑄢𑄴 𑄖𑄧𑄢𑄴?,Present
কি ধরনের বিচি গোা,𑄇𑄨 𑄙𑄧𑄇𑄳𑄠 𑄝𑄨𑄎𑄬𑄢𑄴 𑄉𑄮𑄎𑄬𑄚𑄴,Present
কি কি বিচি,𑄇𑄨𑄠𑄚𑄴 𑄇𑄨 𑄝𑄨𑄎𑄬𑄢𑄴?,Present
.কাঁকার বাসা অনেক ব,𑄇𑄨𑄠𑄬 𑄗𑄚𑄴 𑄃𑄧𑄎𑄧𑄣𑄴 𑄃𑄧𑄎𑄣𑄴 𑄝𑄨𑄣𑄴𑄑𑄨𑄋𑄧𑄖𑄴,Present
কেন তাাতাি হেছে,𑄇𑄨𑄠𑄬 𑄗𑄚𑄴 𑄙𑄁𑄉𑄛𑄘𑄢𑄧𑄖𑄴।,Present
.কেন খেে না পেে ক্ষুধা লাগে,𑄇𑄨𑄠𑄬 𑄈𑄬𑄭 𑄚𑄧 𑄛𑄬𑄭 𑄛𑄬𑄖𑄴 𑄃𑄋𑄪𑄘𑄚𑄴,Present
.খেে না খাওা ভাত,𑄈𑄬𑄭 𑄚𑄧 𑄛𑄚𑄴 𑄞𑄖𑄴।,Present
".থাওা,দুলের দাগ দিে ফুর্তি করে","𑄗𑄃𑄮𑄠𑄳𑄠, 𑄘𑄪𑄣𑄧 𑄙𑄧𑄌𑄳𑄠 𑄜𑄪𑄢𑄴𑄖𑄨 𑄉𑄧𑄢𑄧𑄚𑄴",Present
.সোনার রঙের কোট,"𑄥𑄮𑄚 𑄢𑄪𑄛𑄧 𑄇𑄨𑄠𑄬𑄖𑄴,",Present
শরীরটা কাঁপতেছে,𑄇𑄨𑄠𑄮𑄢𑄴 𑄇𑄨𑄠𑄬𑄖𑄴 𑄚𑄬𑄭 𑄇𑄛𑄧𑄢𑄴,Present
লজ্জাবতী লতা,𑄣𑄎𑄬 𑄟𑄪 𑄙𑄉𑄨 𑄗𑄚𑄴।,Present
চোখ ব্যথা করে ব্যথা করে - বাি,𑄌𑄮𑄉𑄬 𑄖𑄧𑄚𑄴𑄖𑄧𑄚𑄠𑄴 𑄛 𑄉𑄢𑄳𑄦𑄨 - 𑄊𑄧𑄢𑄴,Present
ধন সুন্দর অভাব নেই,𑄙𑄧𑄚𑄴 𑄘𑄮𑄣𑄧𑄘𑄧𑄢𑄴 𑄃𑄧𑄞𑄝𑄴 𑄚𑄬𑄭,Present
শরীরটা ডুবে যা পানির তলা,𑄇𑄨𑄠𑄬 𑄊𑄪𑄟𑄴 𑄡𑄚𑄴 𑄏𑄪𑄝𑄮𑄢𑄧𑄖𑄴 𑄖𑄧𑄣𑄬,Present
পাের নিচে মাটি নেই,𑄗𑄬𑄋𑄧𑄖𑄴 𑄖𑄧𑄣𑄬 𑄟𑄘𑄨 𑄚𑄬𑄭।,Present
কেন পালা আসে কুকুর,𑄇𑄨𑄠𑄬 𑄛𑄣𑄚𑄴 𑄃𑄃𑄮𑄎𑄬 𑄇𑄪𑄉𑄪𑄢𑄴,Present
হাজার টাকা কিনে,𑄣𑄈𑄴 𑄖𑄬𑄋𑄘𑄨 𑄇𑄨𑄚𑄨,Present
.কেন পান ঔষধি কিনবেন?,𑄇𑄨𑄠𑄬 𑄚𑄧 𑄛𑄚𑄴 𑄘𑄢𑄪 𑄇𑄨𑄚𑄨𑄝𑄢𑄴,Future
কোন করা-কুি,𑄇𑄧𑄚𑄧 𑄇𑄧𑄢-𑄇𑄪𑄢𑄨।,Present
নানা ধরনের তরকারি দিে খাওার সম দা,𑄚𑄚𑄋𑄴 𑄝𑄝𑄧𑄖𑄳𑄠𑄠𑄴 𑄈𑄬𑄝𑄢𑄴 𑄘𑄧𑄢𑄘𑄛𑄴,Present
খেে না শেষ করে দো,𑄈𑄬𑄭 𑄚𑄧 𑄜𑄪𑄢𑄬𑄌𑄚 𑄜𑄣𑄬𑄬 𑄘𑄬𑄘𑄧𑄚𑄴,Present
কেন আরও দিন ভোর হেছে,𑄇𑄨𑄠𑄮 𑄃𑄢𑄧 𑄘𑄨𑄚𑄴 𑄖𑄮𑄢𑄘𑄧𑄚𑄴।,Present
পৃথিবীটা ব ব ব,𑄛𑄨𑄖𑄴𑄨𑄟𑄨 𑄝𑄪𑄉𑄧𑄖𑄴 𑄘𑄋𑄧𑄢𑄴 𑄛𑄧𑄢𑄚𑄴 𑄝𑄧𑄣𑄖𑄴,Present
.এটা কি দেখতেছি!,𑄃𑄨𑄠𑄚𑄴 𑄇𑄨 𑄙𑄧𑄇𑄳𑄠 𑄃𑄨𑄚𑄴𑄎𑄬𑄝𑄴!,Present
না বুঝে ফুটবল খেলোা,𑄚𑄧 𑄝𑄪𑄏𑄧𑄁 𑄖𑄧𑄢𑄴𑄣𑄨𑄣 𑄈𑄬𑄣,Present
পাহােও এক জাতী পাখি,𑄟𑄪𑄭𑄃𑄮 𑄃𑄬𑄇𑄴𑄱 𑄝𑄧𑄎𑄧𑄋𑄴 𑄟𑄚𑄬𑄭।,Present
"পাহাের কান,পাহাের কান","𑄟𑄮𑄚𑄴 𑄇𑄚𑄬𑄢𑄴, 𑄍𑄧𑄢 𑄇𑄚𑄬𑄢𑄴 𑄇𑄚𑄬𑄢𑄴 𑄌𑄘𑄨𑄉𑄋𑄴",Present
চোর কেকটা মরা কলার আগা,𑄌𑄬𑄢𑄮 𑄇𑄨𑄗𑄳𑄠 𑄟𑄧𑄢 𑄇𑄏𑄬𑄇𑄴 𑄝𑄮𑄟𑄢𑄴 𑄃𑄉𑄌𑄴 𑄛𑄘𑄣𑄴।,Present
রাতের অন্ধকারে বোর কানগুলো ঝগা করতেছে,"𑄢𑄬𑄖𑄴𑄮 𑄃𑄧𑄣𑄬 𑄝𑄬𑄢𑄬𑄌𑄴 𑄇𑄚𑄧𑄚𑄴 𑄏𑄧𑄇𑄴 𑄛𑄧𑄢𑄧𑄚𑄴 𑄖𑄧𑄘𑄬𑄇𑄴,",Present
জাগাটা বন্ধ করে দাও,𑄎𑄘𑄧𑄢𑄴 𑄛𑄖𑄴𑄧𑄣𑄨 𑄘𑄉𑄨 𑄇𑄧𑄢𑄴,Present
হিল চাদিার মানুষরা আরাম করে,𑄦𑄨𑄣𑄴 𑄌𑄘𑄨𑄉𑄋𑄧𑄢𑄴 𑄘𑄪𑄈𑄳𑄠𑄬 𑄟𑄚𑄬𑄃𑄪𑄚𑄴 𑄃𑄧𑄣𑄧𑄢𑄴 𑄉𑄧𑄢𑄨,Present
এই দেশটা ছেে যাওা থেকে দূরে যাচ্ছে,𑄃𑄬 𑄘𑄬𑄌𑄴 𑄍𑄢𑄨 𑄙𑄬𑄭 𑄡𑄘𑄧𑄚𑄴 𑄞𑄢𑄧𑄘𑄧𑄖𑄴।,Present
"ভুি হেছে, বাগান হারিেছে বািতে","𑄞𑄪𑄭 𑄦𑄢𑄬𑄣𑄇𑄴, 𑄝𑄉𑄚𑄴 𑄦𑄢𑄬𑄣𑄇𑄴 𑄦𑄢𑄬𑄣𑄇𑄴 𑄊𑄧𑄢𑄧 𑄞𑄨𑄘𑄬;",Present
এদিকে এদিক দিে ভাত পে না,𑄃𑄨𑄚𑄴𑄘𑄨 𑄃𑄪𑄚𑄴𑄘𑄨 𑄘𑄬 𑄘𑄳𑄠 𑄛𑄬𑄘𑄧𑄖𑄴 𑄞𑄖𑄴 𑄚𑄧 𑄛𑄧𑄢𑄧𑄚𑄴।,Present
আর্মির তসা বাঙালি তসা জাতী ভাই,𑄃𑄢𑄴𑄟𑄨 𑄖𑄧𑄌𑄳𑄠 𑄝𑄋𑄣𑄴 𑄖𑄧𑄌𑄳𑄠 𑄖𑄧𑄌𑄳𑄠 𑄎𑄖𑄴 𑄞𑄬𑄠𑄮𑄢𑄴;,Present
বুক বানানোর কি আছে?,𑄝𑄪𑄇𑄴 𑄝𑄚𑄨𑄝𑄢𑄴 𑄇𑄨 𑄃𑄊𑄬?,Present
এত শক্ত মাথা কেমনে টেকা যা,𑄃𑄬𑄙𑄧𑄇𑄴 𑄖𑄧𑄌𑄳𑄠 𑄟𑄙𑄖𑄴 𑄉𑄧𑄢𑄨 𑄇𑄬𑄚𑄬 𑄖𑄧𑄢𑄚 𑄛𑄧𑄢𑄚𑄴।,Present
সেকারণে তারা এই দেশ ছেে চলে যা,𑄥𑄬𑄚𑄬 𑄖𑄢 𑄃𑄬 𑄘𑄬𑄌𑄴 𑄍𑄢𑄨 𑄙𑄬𑄭 𑄡𑄘𑄧𑄚𑄴।,Present
আমার চেহারা নেই,𑄃𑄟𑄢𑄴 𑄌𑄬𑄘𑄧𑄚𑄴 𑄚𑄬𑄭।,Present
.কেন এত পাথর ভেে?,𑄇𑄨𑄖𑄴𑄬 𑄃𑄬𑄙𑄧𑄇𑄴 𑄛𑄖𑄴𑄧𑄢𑄴 𑄞𑄬𑄭?,Present
নিজের জাগা নিজে ভাব,"𑄚𑄨𑄎𑄧 𑄎𑄋 𑄚𑄨𑄎𑄬 𑄞𑄝𑄧𑄢𑄴,",Present
নিজের লেজে কি দৌাদৌি করে,𑄚𑄨𑄎𑄧 𑄧𑄣𑄨𑄖𑄳𑄠𑄃𑄨 𑄇𑄨 𑄣𑄢𑄬𑄠𑄴 𑄉𑄧𑄢𑄧𑄢𑄴?,Present
জাতটা আছে অন্ধকারে,𑄎𑄖𑄴𑄮 𑄃𑄊𑄬 𑄃𑄚𑄴𑄙𑄢𑄧𑄖𑄴।,Present
কে এই কাজটা করতেছে?,𑄇𑄢𑄴𑄖𑄳𑄠𑄃𑄨 𑄃𑄬 𑄣𑄢𑄳𑄦𑄬𑄠𑄴?,Present
.ফুলটি ওই ফোটার জন্য সুগন্ধি বের হচ্ছে।,𑄜𑄪𑄣𑄴 𑄃𑄧𑄭 𑄜𑄪𑄘𑄨𑄝𑄢𑄴 𑄌𑄬𑄭 𑄖𑄪𑄟𑄴𑄝𑄌𑄴 𑄍𑄨𑄘𑄨𑄝𑄖𑄳𑄠𑄃𑄨,Present
তারা এই জোার জন্য ভ পাে যাচ্ছে,𑄖𑄢 𑄃𑄧𑄭 𑄎𑄳𑄦𑄧𑄣𑄨𑄝𑄢𑄴 𑄌𑄬𑄭 𑄝𑄬𑄉𑄧𑄢𑄬 𑄛𑄳𑄦𑄧𑄢𑄴 𑄘𑄨𑄝𑄖𑄳𑄠,Present
রাতের বেলা ভাত খাওা হ,𑄃𑄚𑄴𑄙𑄢𑄴 𑄟𑄬𑄘𑄬𑄚𑄨𑄖𑄴 𑄝𑄮𑄟𑄴𑄝 𑄎𑄣𑄬𑄭,Present
.আমরা নতুন পাখানা করি,𑄃𑄟𑄨 𑄚𑄪𑄃𑄧 𑄛𑄨𑄢𑄳𑄦𑄨 𑄇𑄟𑄴𑄝।,Present
পাহাে আমরা দ্রুত পাহাে যাচ্ছি,𑄦𑄘𑄨 𑄃𑄟𑄨 𑄝𑄬𑄉𑄬 𑄟𑄨𑄣𑄬𑄨 𑄟𑄪𑄎𑄪𑄋𑄧𑄢𑄴 𑄘𑄨𑄚𑄧𑄢𑄴,Present
সুন্দর পা জীবন কাটানো,𑄘𑄮𑄣𑄴 𑄛𑄮𑄖𑄴𑄮𑄖𑄳𑄠 𑄎𑄨𑄁𑄇𑄚𑄨 𑄉𑄧𑄋𑄬𑄝𑄢𑄴।,Present
ভাপ উার সম ব হেছে,𑄞𑄛𑄴 𑄃𑄪𑄘𑄬𑄢𑄴 𑄇𑄧𑄎𑄧𑄟 𑄖𑄪𑄢𑄪𑄚𑄧 𑄝𑄪𑄉𑄧𑄖𑄴,Present
কত অন্ধকার রাত তোমাকে দেখলাম,𑄇𑄧𑄙𑄧𑄇𑄴 𑄃𑄚𑄴𑄙𑄢𑄴 𑄢𑄬𑄖𑄴 𑄖𑄮𑄢𑄬 𑄃𑄬𑄣𑄧𑄁,Past
"চাদিগা হারিেছি, বাদ দিছি","𑄌𑄘𑄨𑄉𑄋𑄴 𑄦𑄢𑄬𑄣𑄧𑄁, 𑄝𑄧𑄢𑄴𑄉𑄋𑄴 𑄘𑄨𑄣𑄧 𑄙𑄪𑄝𑄬",Present
ছিঁাবোর্ডে ছিঁে পলাম অনেক দেশে,𑄍𑄨𑄗𑄳𑄠 𑄝𑄮𑄭𑄠𑄬𑄢𑄧𑄖𑄴 𑄍𑄨𑄘𑄨 𑄛𑄧𑄢𑄴𑄣𑄧𑄁 𑄚𑄚𑄚𑄴 𑄘𑄬𑄏𑄧𑄖𑄴,Present
তুমি দৌাদৌি করো আর শেষ নেই,𑄖𑄪𑄃𑄧 𑄘𑄪𑄉𑄧𑄢𑄴 𑄣𑄟 𑄃𑄬𑄡𑄧 𑄗𑄪𑄟𑄴 𑄚𑄬𑄭।,Present
.সুগন্ধি বাতাস দিে আমরা দৌা,𑄥𑄪𑄉𑄧𑄢𑄴 𑄃𑄏𑄠𑄴 𑄦𑄘𑄨 𑄃𑄟𑄨 𑄝𑄬𑄉𑄬𑄟𑄨𑄣𑄨,Present
আমরা অনেক ব ব হাঁটাব,𑄏𑄧𑄢𑄴 𑄃𑄬𑄡𑄮𑄇𑄴 𑄃𑄬𑄡𑄮𑄇𑄴 𑄝𑄮𑄭𑄠𑄬𑄢𑄴 𑄦𑄘𑄨𑄝𑄧𑄁 𑄃𑄟𑄨,Future
পাহাে পদচিহ্ন পেলে পিছনে তাকাবো না,𑄟𑄪𑄎𑄪𑄋𑄬 𑄈𑄪𑄌𑄴 𑄛𑄬𑄣𑄬𑄝𑄧𑄁 𑄛𑄨𑄌𑄴𑄬 𑄜𑄨𑄢𑄨 𑄚𑄧 𑄌𑄬𑄝𑄧𑄁,Future
.বাচ্চাটি বজ্রপাতের সম বজ্রপাতের শব্দ করছে।,𑄉𑄪𑄎𑄪𑄢𑄮𑄇𑄴 𑄘𑄬𑄝 𑄝𑄮𑄟𑄮𑄇𑄴 𑄃𑄉𑄌𑄴 𑄏𑄨𑄟𑄨𑄘𑄮𑄖𑄴 𑄜𑄬𑄣𑄮𑄇𑄴 𑄃𑄉𑄏𑄧 𑄝𑄌𑄴,Present
লাঠি দিে ভালো কাজ হবে না আর,𑄣𑄧𑄖𑄴 𑄘𑄨𑄣𑄧𑄁 𑄎𑄘𑄧𑄢𑄴 𑄞𑄣𑄬𑄘𑄨 𑄇𑄟𑄧𑄖𑄴 𑄚𑄧 𑄃𑄪𑄘𑄨𑄝𑄧𑄁 𑄃𑄢𑄴,Future
যখন তখন আমাদের সাথে আসতে হবে না,𑄡𑄧𑄘𑄧𑄇𑄴𑄧𑄚𑄴 𑄚𑄧 𑄛𑄬𑄝𑄧𑄁 𑄃𑄟𑄳𑄦 𑄃𑄢𑄁 𑄃𑄧𑄙𑄨𑄉𑄢𑄴।,Future
পাহাে আমরা একসাথে পাহাে যাচ্ছি,𑄦𑄘𑄨 𑄃𑄟𑄨 𑄝𑄬𑄉𑄬 𑄟𑄨𑄣𑄨 𑄟𑄪𑄎𑄪𑄋𑄧𑄢𑄴 𑄘𑄨𑄚𑄧𑄢𑄴,Present
সুন্দর রাস্তা দিে জীবন কাটানো,𑄘𑄮𑄣𑄴 𑄛𑄮𑄖𑄴𑄛𑄖𑄳𑄠 𑄎𑄨𑄁𑄇𑄚𑄨 𑄉𑄧𑄋𑄬𑄝𑄢𑄴।,Present
এক বুক দুঃখ,𑄃𑄬𑄇𑄴 𑄝𑄪𑄇𑄴 𑄦𑄞𑄨𑄣𑄳𑄠𑄌𑄴 𑄃 𑄃𑄬𑄇𑄴 𑄝𑄪𑄇𑄴 𑄘𑄪𑄇𑄴,Present
মরামরা করে জীবনটা শেষ হলো,𑄟𑄧𑄢𑄟𑄧𑄎𑄳𑄠 𑄉𑄧𑄢𑄨 𑄞𑄪𑄉𑄨𑄣𑄮𑄃𑄨 𑄎𑄨𑄁𑄇𑄚𑄨 𑄖𑄮𑄢𑄋𑄧𑄢𑄴,Past
ডান দিকে তাকালে মন ভালো হ না,𑄘𑄬𑄚𑄬 𑄌𑄬𑄣𑄬 𑄌𑄨𑄖𑄴 𑄚𑄧 𑄎𑄪𑄢𑄠𑄴 𑄝𑄋𑄬 𑄌𑄬𑄣𑄬 𑄌𑄨𑄖𑄴 𑄚𑄧 𑄞𑄨𑄎𑄬,Present
শুধু ব ব ব,𑄝𑄚 𑄛𑄋𑄧𑄢𑄴 𑄣𑄁𑄣𑄋𑄳𑄠,Present
এত ব ব ভাব,𑄃𑄧𑄇𑄴𑄖𑄧 𑄃𑄧𑄇𑄴𑄖𑄧 𑄃𑄟𑄧𑄇𑄴 𑄃𑄧𑄭 𑄞𑄝𑄧𑄁,Present
এই জীবন বৃথা,𑄃𑄬 𑄎𑄨𑄁𑄇𑄚𑄨 𑄝𑄨𑄜𑄧𑄣𑄬।,Present
.সমুদ্রে লাল বেলা,𑄥𑄯𑄭𑄢𑄧𑄎𑄧𑄉𑄧𑄘𑄧𑄖𑄴 𑄟𑄧𑄙𑄳𑄠𑄬 𑄢𑄋 𑄝𑄬𑄣𑄚𑄴,Present
ঘুরাফেরা করার জন্য পাখানা করা,"𑄊𑄪𑄢𑄬𑄢𑄴 𑄛𑄨𑄖𑄴𑄨𑄟𑄨𑄃𑄚𑄧𑄢𑄴 𑄌𑄬𑄢𑄮 𑄛𑄣,",Present
বেগের কলকে বেল পরতে হ,𑄝𑄬𑄉𑄧 𑄇𑄧𑄝𑄣𑄧𑄖𑄴 𑄝𑄬𑄣𑄧 𑄍𑄧𑄘𑄧𑄇𑄴 𑄛𑄧𑄢𑄬,Present
আমি তো সেই দানাটা পেলাম না,𑄟𑄪𑄭 𑄘𑄧 𑄚𑄧 𑄛𑄬𑄣𑄪𑄁 𑄥𑄬 𑄘𑄚 𑄦𑄞।,Past
একটা সম আসার সম মরা মুখ করে পে গেলাম,𑄃𑄬𑄇𑄴𑄈 𑄥𑄧𑄉𑄧𑄢𑄴 𑄃𑄏𑄠𑄴 𑄟𑄧𑄢 𑄛𑄬𑄘𑄬𑄢 𑄉𑄧𑄢𑄨 𑄛𑄣𑄬𑄣𑄪𑄁 𑄖𑄬𑄢𑄧𑄝𑄱 𑄛𑄱,Past
পাহাের সুোর বদলে চোখের পানি খাওা যা মনে হ,𑄛𑄬𑄣𑄪𑄁 𑄥𑄪𑄉𑄧 𑄝𑄧𑄘𑄧𑄣𑄬 𑄙𑄢 𑄙𑄢 𑄌𑄮𑄉𑄧 𑄛𑄚𑄨𑄠𑄳𑄠 𑄞𑄎𑄨 𑄡𑄢𑄴 𑄛𑄢𑄴𑄝𑄧𑄖𑄳𑄠𑄧 𑄌𑄪𑄇𑄴𑄖𑄨,Present
পাহাে পাহাের ঘাস ধরে আসলাম,𑄟𑄮𑄚𑄴 𑄟𑄪𑄢𑄳𑄦𑄧 𑄞𑄪𑄭 𑄥𑄉𑄨𑄚𑄴 𑄦𑄢𑄬𑄣𑄪𑄁 𑄉𑄌𑄴 𑄙𑄧𑄢𑄴𑄣𑄬 𑄉𑄌𑄴 𑄃𑄧𑄎𑄧𑄢𑄬𑄢𑄴,Past
মুরগীর পালক দিে দিনও তুমি তাাতাি পার না,𑄇𑄪𑄟𑄮𑄎𑄧 𑄉𑄏𑄧 𑄜𑄨𑄝𑄬𑄇𑄴 𑄘𑄨𑄚𑄳𑄠𑄠𑄴𑄃𑄮 𑄖𑄪𑄃𑄧 𑄖𑄚𑄴 𑄚𑄧 𑄟𑄚𑄬𑄢𑄴।,Present
চিন্তা করতে করতে দুই চোখের পাতা এক নেই,𑄞𑄝𑄧𑄘𑄬 𑄞𑄝𑄧𑄘𑄬 𑄘𑄨 𑄌𑄮𑄉𑄧 𑄛𑄘 𑄃𑄬𑄇𑄴 𑄚𑄬𑄭।,Present
ভালো করে কেক বৃষ্টি পবে,𑄉𑄧𑄟𑄨 𑄡𑄬𑄝𑄧 𑄇𑄧𑄙𑄧𑄇𑄴 𑄏𑄧𑄢𑄴!,Future
"কুকি ভ, মিজো ভ, বাঙাল আর্মির ভ","𑄇𑄪𑄇𑄨 𑄘𑄧𑄢𑄴, 𑄟𑄨𑄎𑄨𑄣𑄨𑄇𑄴 𑄘𑄧𑄢𑄴, 𑄝𑄋𑄣𑄴 𑄃𑄢𑄴𑄟𑄨 𑄘𑄧𑄢𑄴",Present
গুঁো বাহিনী আর মুষল বাহিনী ভ পাে দিল,𑄉𑄪𑄇𑄴𑄢𑄪𑄇𑄴 𑄝𑄦𑄨𑄚𑄨 𑄃 𑄟𑄪𑄇𑄮𑄥𑄴 𑄝𑄦𑄨𑄚𑄨 𑄘𑄧𑄢𑄴 𑄖𑄮𑄢𑄬 𑄘𑄨𑄣𑄪𑄁,Past
একটা জাতের ভাই ভ পেলাম,𑄃𑄨𑄇𑄳𑄠𑄬 𑄎𑄖𑄴 𑄞𑄬𑄭 𑄘𑄧𑄢𑄴 𑄣𑄉𑄧𑄖𑄴 𑄛𑄬𑄣𑄪𑄁।,Past
সব ভে এই ভটা ব,𑄝𑄬𑄇𑄴 𑄘𑄧𑄢𑄧𑄖𑄴𑄪 𑄃𑄬 𑄘𑄧𑄢𑄚𑄴 𑄘𑄋𑄧𑄢𑄴,Present
বাির দোল,𑄊𑄧𑄢𑄧 𑄥𑄧𑄖𑄴𑄪𑄢𑄪 𑄝𑄨𑄞𑄨𑄥𑄧𑄚𑄴।,Past
.আকাশের কালো মেঘগুলো বিদ্যুৎ চমকাচ্ছে।,𑄃𑄉𑄏𑄧𑄢𑄴 𑄣𑄧𑄇𑄴𑄈𑄧 𑄇𑄮𑄖𑄨 𑄖𑄢𑄥𑄚𑄴 𑄃𑄧𑄚𑄴𑄥𑄪𑄢𑄴 𑄏𑄨𑄟𑄨𑄖𑄴 𑄏𑄨𑄟𑄨𑄖𑄴 𑄎𑄧𑄣𑄧𑄌𑄴 𑄟𑄧 𑄝𑄪𑄉𑄧𑄖𑄴,Present
জুমের বীজগুলো ফোটার সম বেঁচে থাকে,𑄎𑄪𑄟𑄧 𑄥𑄪𑄘𑄧𑄉𑄮𑄣 𑄜𑄪𑄘𑄬𑄥𑄚𑄴 𑄜𑄪𑄘𑄨 𑄗𑄬𑄘𑄬 𑄟𑄧𑄖𑄴𑄨𑄇𑄴 𑄟𑄚𑄬𑄭𑄃𑄮 𑄝𑄪𑄉𑄧𑄖𑄴।,Present
হারিে হারিে কথা বলে যে,𑄦𑄧𑄢𑄴 𑄦𑄧𑄢𑄬 𑄟𑄘𑄬 𑄡𑄬𑄘𑄬 𑄥𑄪𑄞𑄪𑄣𑄴 𑄌𑄋𑄴𑄟 𑄞𑄏𑄬।,Present
"গাছের চারা এসেছে,গাছের চারা গুলো এসেছে, পাহাের পাহাের চারা","𑄉𑄏𑄧 𑄖𑄢𑄪𑄟𑄴 𑄃𑄬𑄣𑄧, 𑄃𑄬𑄣𑄧 𑄍𑄧𑄢𑄍𑄧𑄢𑄨, 𑄟𑄮𑄚𑄴 𑄟𑄪𑄢𑄳𑄦𑄧 𑄦𑄬𑄭𑄣𑄴 𑄖𑄢𑄪𑄟𑄴",Present
পিপিে পিপিে গাছের ছালে ধন পুিেছে,𑄛𑄨𑄝𑄨𑄢𑄴 𑄛𑄨𑄝𑄨𑄢𑄴 𑄝𑄮𑄭𑄠𑄬𑄢𑄧 𑄚𑄣𑄧𑄖𑄴 𑄉𑄏𑄧 𑄍𑄝𑄖𑄴 𑄙𑄧𑄚𑄴𑄛𑄪𑄘𑄨𑄘𑄊𑄨,Present
রাধাকৃষ্ণের লেলিে দো ধনপুি,𑄢𑄙𑄟𑄧𑄚𑄬 𑄣𑄬𑄊𑄨𑄘𑄧 𑄙𑄧𑄚𑄴𑄛𑄪𑄘𑄨𑄢𑄬 𑄌𑄨𑄘𑄨।,Present
তুমি এলে কেকদিন তোমাকে রিবেং থেকে তুলে নিই,"𑄖𑄪𑄭 𑄃𑄬𑄣𑄬 𑄇𑄧𑄙𑄧𑄇𑄴 𑄟𑄘𑄬𑄘𑄇𑄴 𑄖𑄧𑄢𑄬 𑄢𑄨𑄝𑄬𑄋𑄧𑄖𑄴𑄪𑄚𑄴 𑄍𑄉𑄨 𑄖𑄪𑄣𑄨,",Present
তুমি এলে কত সুখ,𑄖𑄪𑄭 𑄃𑄬𑄣𑄬 𑄇𑄧𑄙𑄧𑄇𑄴 𑄥𑄪𑄉𑄨।,Present
.লবনাক্ত জঙ্গল নেই এরকম জঙ্গল এই আরসা হলো,𑄦𑄬𑄭𑄣𑄴 𑄖𑄢𑄪𑄟𑄴 𑄏𑄢𑄴 𑄚𑄬𑄭 𑄘𑄋𑄴𑄙𑄋𑄳𑄠𑄬 𑄃𑄧𑄭 𑄃𑄢𑄴𑄥𑄣𑄴𑄮 𑄦𑄧𑄣𑄧,Past
তোমাকে না চিনে সব মেে উঠে গেল,𑄖𑄧𑄢𑄬 𑄚𑄧 𑄌𑄨𑄚𑄧𑄚𑄴 𑄃𑄨𑄢𑄪𑄇𑄴 𑄛𑄨𑄢𑄳𑄦𑄨 𑄃𑄪𑄘𑄨 𑄡𑄬𑄣𑄧 𑄝𑄬𑄇𑄴 𑄘𑄧𑄬𑄪𑄠 𑄟𑄬𑄠𑄳𑄠;,Past
জাতী জাগাটা ধরে ভেদ করতে হবে,𑄎𑄖𑄴𑄮 𑄎𑄋𑄢𑄬 𑄙𑄧𑄢𑄨 𑄞𑄬𑄘𑄧𑄚𑄴 𑄃𑄧𑄭 𑄢𑄧𑄦𑄮 𑄛𑄧𑄢𑄧𑄟𑄴,Future
.আকাশে তুমি আগুন জ্বালাও,𑄃𑄧𑄏𑄛𑄖𑄴 𑄖𑄪𑄭 𑄃𑄉𑄧𑄌𑄴 𑄟𑄧𑄋𑄴𑄌 𑄉𑄧𑄢𑄨।,Present
কষ্টে সৃষ্টে তুমি অনেক পারদর্শী,𑄘𑄪𑄈𑄳𑄠𑄬 𑄦𑄧𑄢𑄧𑄇𑄴 𑄃𑄧𑄏𑄛𑄖𑄴 𑄖𑄪𑄭 𑄞𑄢𑄨 𑄟𑄬𑄙𑄃𑄮𑄠𑄨𑄚𑄨,Present
এত হেলাফেলা করা আমাদের উচিত না,𑄃𑄬𑄙𑄧𑄇𑄴 𑄦𑄬𑄣𑄜𑄬𑄣 𑄉𑄧𑄢𑄚 𑄛𑄧𑄢𑄴𑄃𑄮 𑄃𑄟𑄳𑄦𑄢𑄬 𑄚𑄧 𑄡𑄬𑄣𑄬 𑄃𑄨𑄢𑄨।,Present
সম খেে কেকটা পা,𑄥𑄧𑄟𑄧𑄇𑄴 𑄈𑄬𑄭 𑄇𑄧𑄋𑄧𑄢𑄴 𑄟𑄪𑄭-,Present
না শেষ হে শরীরে এক ফোটা কালো থাকে,𑄚𑄧 𑄥𑄢𑄨𑄟𑄴 𑄇𑄨𑄠𑄬𑄖𑄴 𑄃𑄬𑄇𑄴 𑄜𑄪𑄘𑄧 𑄣𑄮 𑄗𑄇𑄴𑄬,Present
কত ব তোমার অসুখ সেরে উঠবে,𑄇𑄧𑄖𑄪𑄇𑄴 𑄖𑄧 𑄛𑄨𑄢𑄳𑄦𑄬 𑄥𑄢𑄨 𑄘𑄨 𑄥𑄨𑄘𑄨 𑄘𑄨𑄟𑄴,Future
আমি একা একা কাজ করি,"𑄃𑄧𑄚𑄨𑄇𑄬𑄖𑄴 𑄝𑄧𑄚𑄴𑄘 𑄟𑄪𑄠𑄬 𑄟𑄪𑄠𑄬,",Present
".সব সম ভালো দিন, ভালো ভাগ্য এখনো আছে","𑄥𑄧𑄇𑄳𑄠𑄬 𑄥𑄪 𑄘𑄨𑄚𑄴, 𑄥𑄪 𑄟𑄙𑄚𑄴 𑄃𑄬𑄞𑄧 𑄜𑄨𑄢𑄨।",Present
ভেদন -রহো মারমা মেধাও পরবো -কতুক-নিঃসঙ্গ- বন্ধু,𑄞𑄬𑄘𑄧𑄚𑄴 - 𑄢𑄧𑄦𑄮 𑄟𑄧𑄋𑄴𑄌 𑄟𑄬𑄙𑄃𑄮𑄠𑄨𑄚𑄨 𑄛𑄧𑄢𑄧𑄟𑄴 - 𑄇𑄧𑄖𑄪𑄇𑄴- 𑄃𑄧𑄚𑄨𑄇𑄬𑄖𑄴 - 𑄝𑄧𑄚𑄴𑄘 -,Future
"কোথা গেল ঘিলে খেলা,গুো খেলা,পাহাের খেলা","𑄇𑄪𑄙𑄪 𑄡𑄬𑄣𑄧 𑄊𑄨𑄣𑄬 𑄈𑄢, 𑄉𑄪𑄘𑄪 𑄈𑄢, 𑄛𑄧𑄖𑄴𑄨 𑄈𑄢 𑄃 𑄢𑄧𑄁 𑄙𑄧𑄁।",Past
কোথা গেল বল,𑄇𑄪𑄙𑄪 𑄡𑄬𑄣𑄧 𑄎𑄧𑄙 𑄝𑄧𑄣𑄴,Past
কোথা গেল সে,𑄇𑄪𑄙𑄪 𑄡𑄬𑄣𑄧 𑄘𑄨𑄃𑄮𑄚𑄴 𑄥𑄨𑄃𑄮𑄚𑄴,Past
কোথা গেল বাির মিষ্টি গন্ধ,𑄇𑄪𑄙𑄪 𑄡𑄬𑄣𑄧 𑄊𑄧𑄢𑄧 𑄥𑄪𑄇𑄴?,Past
এত ব জঙ্গল,𑄃𑄬𑄡𑄧 𑄣𑄟𑄨 𑄝𑄉𑄧𑄖𑄴,Present
নিজে নিজে যাওা যা,𑄚𑄨𑄎𑄬 𑄦𑄋𑄨 𑄡 𑄃𑄊𑄬 𑄝𑄪𑄉𑄧𑄖𑄴,Present
ছিঁা দিে ঘর,𑄍𑄨𑄘𑄨 𑄘𑄨 𑄊𑄧𑄢𑄬 𑄊𑄧𑄢𑄴।,Present
মেইলে পা মেইলে হেঁটে আসলাম,𑄟𑄬𑄭𑄣𑄧𑄢𑄴 𑄛𑄧𑄢𑄴 𑄟𑄬𑄭𑄣𑄴 𑄦𑄘𑄨 𑄃𑄬𑄣𑄧𑄁,Past
পাহাের পাহাের শিরা,𑄟𑄮𑄚𑄴 𑄟𑄪𑄢𑄳𑄦𑄧 𑄞𑄈𑄨 𑄍𑄧𑄢 𑄉𑄋𑄴 𑄍𑄨𑄢𑄨।,Present
"ফোঁে ফোঁে, নেচে নেচে","𑄜𑄮𑄝𑄬 𑄜𑄮𑄝𑄬, 𑄣𑄬𑄋𑄬 𑄣𑄬𑄋𑄬",Present
"বৃষ্টিতে ভিজে,রোদে পে","𑄏𑄧𑄢𑄧𑄖𑄴 𑄞𑄨𑄎𑄨, 𑄢𑄮𑄘𑄧𑄖𑄴 𑄛𑄪𑄢𑄨;",Present
ও ভাই-বোনেরা লক,𑄃𑄮 𑄞𑄬𑄭-𑄞𑄮𑄚𑄴 𑄣𑄧𑄇𑄴!,Present
এক জাতী জুতা আর স্যান্ডেল পে,𑄃𑄬𑄎𑄧 𑄦𑄘𑄨 𑄃𑄢𑄧 𑄚𑄪𑄃𑄧 𑄛𑄧𑄘𑄬,Present
.সা বেশি না,𑄥𑄣𑄳𑄠𑄋𑄧𑄖𑄴 𑄡𑄧𑄘𑄧𑄇𑄴𑄧𑄚𑄴 𑄚𑄧 𑄣𑄪𑄟𑄨।,Present
পাহাের চূা দিে পাহাে যাওা,𑄛𑄮𑄖𑄳𑄠 𑄘𑄧𑄉𑄧𑄢𑄬𑄢𑄴 𑄟𑄮𑄚𑄴 𑄝𑄮𑄉,Present
এক জাতী লাল বেলা,𑄃𑄪𑄘𑄨𑄝𑄧 𑄛𑄪𑄉𑄬𑄘𑄨 𑄢𑄋 𑄝𑄬𑄣𑄚𑄴,Present
ফাকিঁ দো ফিরবে,𑄜𑄉𑄮𑄚𑄧 𑄦𑄞 𑄜𑄨𑄢𑄨𑄝𑄧,Future
. জুমে শসা ফোটার শব্দ,𑄎𑄪𑄟𑄧𑄖𑄴 𑄥𑄧𑄘𑄧𑄢𑄧𑄇𑄴 𑄜𑄪𑄘𑄨𑄝𑄇𑄴।,Present
.পোা পোার শব্দ,𑄛𑄮𑄖𑄳𑄠 𑄛𑄮𑄝𑄁 𑄘𑄧𑄉𑄧𑄖𑄴𑄧𑄚𑄴,Present
সূর্য ডোবার সম কেটেছে,𑄛𑄳𑄦𑄧𑄢𑄴 𑄜𑄘𑄨 𑄃𑄬𑄝𑄢𑄴 𑄇𑄏𑄬𑄣𑄧,Present
যাত্রাপথ ঠিক করে,𑄡𑄖𑄳𑄢 𑄝𑄧𑄌𑄧𑄚𑄴 𑄗𑄨𑄇𑄴 𑄉𑄧𑄢𑄨,Present
বাগানে বানরটা লাফিে মিশে,𑄝𑄉𑄧𑄖𑄴 𑄣𑄟𑄨𑄝𑄧𑄁 𑄝𑄬𑄉𑄬 𑄟𑄨𑄣𑄨।,Present
ব ব করে,𑄎𑄘𑄧𑄢𑄴 𑄥𑄨𑄋𑄮𑄢𑄴 𑄘𑄧𑄢𑄧 𑄉𑄧𑄢𑄨,Present
.বাঙালিতে হিল জুতা,𑄝𑄁𑄣𑄘𑄬𑄏𑄧𑄖𑄴 𑄦𑄨𑄣𑄴 𑄌𑄘𑄨𑄉𑄋𑄴,Present
.পালাে সাদা ইরুি,𑄛𑄣𑄖𑄴 𑄙𑄧𑄣𑄳𑄠𑄧 𑄃𑄨𑄢𑄪𑄇𑄴 𑄛𑄨𑄢𑄨।,Present
.পুরাতন দিন সম ঠিক আছে,𑄛𑄪𑄢𑄧𑄚𑄨 𑄘𑄨𑄚𑄴 𑄟𑄙𑄚𑄴 𑄥𑄧𑄖𑄳𑄠𑄧 𑄡𑄪𑄇𑄴,Present
বািতে বান এসেছে বাতাস,𑄊𑄧𑄢𑄧𑄖𑄴 𑄝𑄚𑄳𑄠 𑄃𑄬𑄣𑄧 𑄝𑄬𑄉𑄧𑄢𑄴 𑄥𑄪𑄇𑄴।,Present
সে দিন গুলো এখানে তুলে,𑄥𑄬 𑄘𑄨𑄚𑄪𑄚𑄴 𑄃𑄨𑄙𑄮𑄖𑄴 𑄖𑄪𑄣𑄨,Present
.পাহাে পাহাে রেং দিে,𑄛𑄣𑄖𑄴 𑄣𑄟𑄨𑄣𑄇𑄴 𑄢𑄬𑄁 𑄘𑄨।,Present
জুমের ধানের সাদা রং,𑄎𑄪𑄟𑄧 𑄙𑄚𑄴 𑄍𑄧𑄢 𑄙𑄧𑄣𑄳𑄠𑄧 𑄢𑄧𑄁,Present
.পুিটা শেষ হে গেল,𑄛𑄪𑄇𑄴𑄘𑄇𑄴 𑄍𑄝 𑄉𑄬𑄣𑄴 𑄛𑄪𑄢𑄨,Past
বুক ভাঙা অসুখ,𑄝𑄪𑄇𑄴 𑄞𑄋 𑄛𑄪𑄢𑄧𑄚𑄴 𑄛𑄨𑄢𑄨।,Present
ধারিে পে গেল,𑄙𑄢𑄧𑄚𑄨 𑄥𑄣𑄧𑄖𑄴 𑄅𑄮𑄖𑄴 𑄛𑄧𑄢𑄨𑄣𑄧,Past
জ্বরটা সেরে উঠল,𑄃𑄨𑄢𑄪𑄇𑄴 𑄛𑄨𑄢𑄨 𑄎𑄉𑄨 𑄃𑄪𑄘𑄨𑄣𑄧।,Past
বৃষ্টি পে যাবে,𑄏𑄧𑄢𑄴 𑄝𑄮𑄭𑄠𑄬𑄢𑄴 𑄉𑄧𑄋𑄬𑄝𑄧,Future
লাল নালা বেে যাওা,𑄣𑄮 𑄚𑄣𑄴 𑄝𑄬𑄭 𑄡𑄬𑄝𑄧।,Present
ডেকের কেকটি পিি,𑄘𑄉𑄨 𑄇𑄧𑄢𑄴 𑄃𑄨𑄢𑄪𑄇𑄴 𑄛𑄨𑄢𑄨-,Present
ব ব করে,𑄎𑄘𑄧𑄢𑄴 𑄥𑄨𑄋𑄮𑄢𑄴 𑄘𑄧𑄢𑄧 𑄉𑄧𑄢𑄨।,Present
১.০৮/২০২২,𑄹𑄷/𑄶𑄾/𑄸𑄶𑄸𑄸,Present
আমরা নতুন যুগের সূচনা করবো,𑄃𑄟𑄨 𑄚𑄪𑄃𑄧 𑄡𑄪𑄉𑄧𑄢𑄴 𑄚𑄪𑄃𑄧 𑄉𑄬𑄁𑄈𑄪𑄣𑄨,Future
.নতুন যুগের নাচা,𑄚𑄪𑄃𑄧 𑄡𑄪𑄉𑄧𑄢𑄴 𑄚𑄪𑄃𑄧 𑄉𑄬𑄁𑄈𑄪𑄣𑄨।,Present
ছাালা চিল এই পাহাে আমার ভ করছে,𑄍𑄢𑄣𑄳𑄠 𑄌𑄨𑄣𑄴 𑄃𑄧𑄃𑄨 𑄟𑄮𑄚𑄴 𑄟𑄪𑄢𑄳𑄦𑄧 𑄞𑄧𑄋𑄨𑄝𑄧𑄁,Present
"দুঃখ বাবা-মা,মা-ভাই চিন্তা করবো","𑄘𑄪𑄇𑄳𑄠 𑄝𑄛𑄴-𑄞𑄬𑄭, 𑄟-𑄞𑄮𑄚𑄴 𑄉𑄧𑄚𑄨𑄝𑄧𑄁,",Future
বেগের কাা থেকে বাতাস আসতেছে,𑄝𑄬𑄉𑄧𑄢𑄴 𑄇𑄠𑄴 𑄗𑄬𑄭 𑄃𑄧𑄖𑄣𑄨𑄠𑄬 𑄇𑄮𑄌𑄴𑄛𑄚𑄣𑄮𑄃𑄨,Present
চোখের পানি শেষ করে দিব,𑄌𑄮𑄉𑄧𑄛𑄚𑄨 𑄛𑄪𑄎𑄨 𑄘𑄨𑄝𑄧𑄁।,Future
.আার ডোবার মধ্যে,𑄃𑄎𑄢𑄴 𑄘𑄪𑄉𑄧𑄢𑄴 𑄥𑄬𑄢𑄬,Present
.সমান জোার রেং তুলি,"𑄥𑄧𑄁 𑄎𑄮𑄠𑄢𑄬 𑄢𑄬𑄁 𑄖𑄪𑄣𑄨,",Present
.সাথে সাথে পদচিহ্ন পাওা,𑄥𑄧𑄁 𑄥𑄧𑄟𑄢𑄬 𑄈𑄪𑄌𑄴 𑄛𑄬𑄣𑄬𑄝𑄃𑄁,Present
দেশের লোকের কথা ভাবি,"𑄘𑄬𑄏𑄧𑄢𑄴 𑄎𑄘𑄧𑄢𑄴 𑄇𑄧𑄙 𑄞𑄝𑄨,",Present
পাহাে যেতে হ,𑄟𑄪𑄎𑄪𑄋𑄧𑄖𑄴 𑄡𑄢𑄴 𑄡𑄨𑄠𑄬𑄚𑄴 𑄛𑄧𑄢𑄬,Present
অনেক বছর পর জিতে যাওয়া রাম লালমাা দিে বািতে ফিরল,𑄞𑄣𑄧𑄇𑄴 𑄝𑄧𑄎𑄧𑄢𑄴 𑄛𑄧𑄢𑄴 𑄎𑄨𑄖𑄴𑄮 𑄢𑄟𑄬 𑄢𑄋𑄟𑄖𑄳𑄠𑄖𑄴𑄪𑄚𑄴 𑄝𑄨.𑄃𑄬.𑄃𑄧𑄚𑄢𑄧𑄌𑄴 𑄥𑄬𑄌𑄴 𑄉𑄧𑄢𑄨 𑄊𑄧𑄢𑄧𑄖𑄴 𑄜𑄨𑄢𑄨𑄣𑄧।,Past
পাহাের চূা দিে গ্রামে যাওা যা,𑄈𑄉𑄢 𑄍𑄧𑄢𑄨 𑄟𑄮𑄚𑄴𑄖𑄧𑄣 𑄃𑄘𑄟𑄧𑄖𑄴।,Present
. কুলিার শব্দ করে বাতাস বের হ,𑄇𑄪𑄣𑄨𑄢𑄟𑄴 𑄇𑄢𑄴𑄝𑄌𑄴𑄡𑄳𑄠 𑄚𑄨𑄘𑄪𑄇𑄴𑄖𑄪𑄇𑄴 𑄃𑄤𑄧𑄧𑄢𑄴 𑄛𑄪𑄃𑄧।,Present
"অনেক পূজা-আা করে সে, তাকে পে","𑄃𑄧𑄚𑄬𑄇𑄴 𑄛𑄫𑄎𑄧-𑄃𑄢𑄙𑄧𑄚 𑄉𑄧𑄢𑄨 𑄖𑄬, 𑄖𑄢𑄬 𑄛𑄨𑄠𑄧𑄚𑄴।",Present
লেখা পা-পা সাথে ছাত্ররা রাজনিতী করতেছে,𑄣𑄬𑄊 𑄛𑄧𑄢-𑄛𑄧𑄢 𑄣𑄧𑄉𑄬 𑄍𑄖𑄳𑄢 𑄢𑄎𑄧𑄚𑄨𑄖𑄩 𑄉𑄧𑄖𑄴𑄧।,Present
.সেটা করতে আসা যা না,𑄥𑄨𑄖𑄳𑄠𑄭 𑄉𑄧𑄢𑄧𑄖𑄴 𑄃𑄬𑄡𑄚 𑄚𑄧'𑄃𑄧𑄠𑄴।,Present
আজকে দিনকাল ভালো মনে হ বািতে রোগী নেই,𑄃𑄨𑄌𑄳𑄠 𑄘𑄨𑄚𑄴𑄟𑄙𑄚𑄴 𑄉𑄧𑄟𑄴 𑄦𑄨𑄖𑄳𑄠𑄭 𑄊𑄧𑄢𑄧𑄖𑄴 𑄛𑄨𑄢𑄧𑄘𑄬 𑄝𑄧𑄢𑄟𑄧𑄖𑄴 𑄚𑄬𑄭।,Present
ছ/সাের বছর লালমাা থাকতে সে ছবি দেখতেছে,"𑄍𑄧/𑄥𑄖𑄴 𑄝𑄧𑄎𑄧𑄢𑄴 𑄢𑄋𑄟𑄖𑄳𑄠 𑄗𑄇𑄴𑄇𑄬 𑄗𑄇𑄴𑄇𑄬 𑄟𑄮𑄚𑄴𑄖𑄧𑄣 𑄃𑄘𑄟𑄚𑄴 𑄖𑄬, 𑄍𑄧𑄝𑄨 𑄥𑄚𑄳𑄠 𑄘𑄬𑄊𑄬𑄢𑄴।",Present
সব বদলে গেছে,𑄝𑄬𑄇𑄴 𑄝𑄧𑄘𑄧𑄣𑄨 𑄡𑄨𑄠𑄬।,Present
সূর্য ডোবার সম,𑄝𑄬𑄣𑄚𑄴 𑄥𑄧𑄇𑄴𑄇𑄬 𑄓𑄪𑄝𑄧𑄁 𑄓𑄪𑄝𑄧𑄁।,Present
"পালিে যাওা, পালিে যাওা","𑄦𑄘𑄨 𑄟𑄎𑄧, 𑄛𑄨𑄣𑄁 𑄇𑄣𑄴।",Present
পাহাের দুই পাশ দিে হেঁটে যেতে হ,𑄚𑄋𑄬𑄣𑄴 𑄘𑄨𑄊𑄧𑄣𑄩 𑄦𑄙𑄧𑄘𑄬 𑄦𑄙𑄧𑄘𑄬 𑄖 𑄘𑄨'𑄉𑄣𑄴 𑄝𑄬𑄭 𑄑𑄬𑄛𑄴 𑄑𑄬𑄛𑄴 𑄉𑄟𑄴 𑄎𑄪𑄢𑄨 𑄛𑄧𑄢𑄬𑄢𑄴।,Present
.পানি পার সমে তার পাঁচটা পে যা,𑄜𑄨𑄝𑄨𑄢𑄴 𑄜𑄨𑄛𑄨𑄢𑄴 𑄝𑄮𑄠𑄬𑄢𑄬 𑄖' 𑄛𑄌𑄴 𑄛𑄧𑄢𑄚𑄴 𑄏𑄪𑄢𑄬 𑄡𑄢𑄴।,Present
এত ব ব করে তাকে দৌাদৌি করতে হ না,"𑄃𑄬𑄘𑄧𑄇𑄴 𑄃𑄧𑄢𑄚𑄴 𑄖𑄳𑄠𑄪𑄃𑄧 𑄖𑄢𑄬 𑄦𑄧𑄢𑄚𑄴 𑄉𑄧𑄢𑄨 𑄚𑄧' 𑄛𑄢𑄴𑄴𑄴𑄴𑄴𑄴𑄴𑄴𑄴𑄴𑄴𑄴𑄴𑄴𑄬 ,𑄦𑄪𑄝𑄧 𑄉𑄧𑄟𑄴 𑄣𑄉𑄬𑄢𑄴।",Present
সে সমে কমলা পতি' আর তার স্ত্রী ধনবি বিে পে যা,𑄥𑄬 𑄃𑄧𑄇𑄴𑄖𑄧𑄖𑄴 𑄇𑄧𑄟𑄧𑄣 𑄛𑄧𑄖𑄨' 𑄃 𑄖'𑄏𑄨 𑄙𑄧𑄚𑄧𑄝𑄨 𑄝𑄢 𑄝𑄚 𑄦𑄨𑄡𑄬𑄦𑄨𑄡𑄧𑄌𑄳𑄠 𑄛𑄧𑄢𑄨 𑄡𑄨𑄠𑄳𑄠 ।,Present
এই বছর আগের মতো ধনবিে দুই ভাগ হে গেল যতগুলো রাম,𑄃𑄬𑄭 𑄃𑄧𑄇𑄴𑄖𑄧𑄖𑄴 𑄃𑄘𑄨𑄇𑄳𑄠 𑄉𑄧𑄢𑄨 𑄙𑄧𑄚𑄧𑄝𑄨𑄢𑄬 𑄘𑄨𑄊𑄩 𑄞𑄝𑄧𑄚 𑄢𑄬𑄡𑄳𑄠𑄖𑄴 𑄓𑄪𑄝𑄨 𑄉𑄬𑄣𑄧 𑄡𑄨𑄖𑄴𑄖𑄮 𑄢𑄟𑄬।,Past
".আকাশে ডুব ডুব করে মেঘ ভেসে যা, ঝাক ঝাঁক করে বািতে ফিরে যা","𑄃𑄉𑄎𑄧𑄖𑄴 𑄓𑄪𑄝𑄴 𑄓𑄪𑄝𑄴 𑄟𑄬𑄊𑄧 𑄍𑄉 𑄇𑄧𑄖𑄴𑄖 𑄇𑄧𑄖𑄴𑄖 𑄉𑄧𑄢𑄩 𑄞𑄎𑄨 𑄡𑄢𑄴, 𑄏𑄇𑄴𑄏𑄇𑄴 𑄛𑄬𑄭𑄇𑄴 𑄦𑄨𑄎𑄨𑄇𑄴 𑄦𑄎𑄇𑄴 𑄉𑄧𑄢𑄨 𑄊𑄧𑄢𑄧𑄖𑄴 𑄜𑄨𑄢𑄨𑄘𑄧𑄚𑄴 𑄡𑄘𑄧𑄚𑄴।",Present
কাজে যাওা মানুষরা গর্ত করে বািতে ফিরে,𑄇𑄟𑄴𑄟𑄮 𑄟𑄚𑄴𑄌𑄳𑄠 𑄉𑄘𑄨 𑄉𑄪𑄘𑄠𑄴 𑄥𑄁𑄥𑄋𑄳𑄠 𑄉𑄧𑄢𑄨 𑄊𑄧𑄢𑄧𑄖𑄴 𑄜𑄨𑄢𑄧𑄘𑄧𑄚𑄴।,Present
"গিরিত বাির মেেরা পাহাের পানি হা করে,মাথা চুক চুক করে পানি আনে","𑄉𑄨𑄢𑄨𑄖𑄳𑄠 𑄊𑄧𑄢𑄧 𑄟𑄨𑄣𑄬𑄃𑄪𑄚𑄴 𑄗𑄬𑄛𑄴𑄗𑄬𑄛𑄳𑄠 𑄛𑄚𑄨 𑄦𑄪𑄟𑄴 𑄇𑄧𑄢𑄧𑄖𑄴, 𑄟𑄙𑄖𑄴 𑄌𑄪𑄇𑄴𑄌𑄪𑄇𑄳𑄠 𑄛𑄨𑄣𑄬𑄣𑄮𑄭 𑄛𑄚𑄨 𑄃𑄚𑄧𑄘𑄧𑄚𑄴।",Present
এক জাতী সবজি যা সবজি হিসেবে ব্যবহৃত হ,𑄥𑄧𑄇𑄳𑄠 𑄥𑄎𑄧 𑄣𑄟𑄨 𑄬𑄧𑄎𑄬𑄢𑄴।,Present
এক জাতী মেে জুম থেকে ফিরে আসলো,𑄎𑄨𑄖𑄴𑄖𑄮𑄢𑄟𑄧 𑄟'𑄝𑄪 𑄎𑄪𑄟𑄧𑄖𑄴𑄖𑄪𑄚𑄴 𑄜𑄨𑄢𑄨 𑄃𑄬𑄣𑄧।,Past
"জেদী-এই মা,আজকে","𑄎𑄨𑄖𑄴𑄖𑄮𑄢𑄟𑄴:- 𑄃𑄬𑄘𑄧 𑄟, 𑄃𑄨𑄇𑄳𑄠।",Present
".সে আমাকে জিজ্ঞাসা করল,সে আমাকে জিজ্ঞেস করল,মা-ছেলে সবাই মিলে ভালো আছে?","(𑄖'𑄟𑄢𑄬 𑄌𑄬𑄣𑄁-𑄌𑄪𑄣𑄧𑄁 𑄉𑄧𑄢𑄴𑄣𑄧) 𑄖𑄬, 𑄟'𑄝𑄬𑄇𑄴𑄇𑄪𑄚𑄬 𑄉𑄃𑄪𑄣𑄨 𑄉𑄧𑄟𑄴 𑄃𑄊𑄧?",Past
ভালোভাবে এসেছো তো?,𑄘𑄮𑄣𑄬 𑄃𑄬𑄌𑄴𑄌𑄮𑄥𑄧 𑄝'𑄙𑄧𑄚𑄴?,Present
".আবা হাত দিে যাও,মা?","𑄃 𑄝𑄦 𑄦𑄘𑄪 𑄡𑄨𑄠𑄳𑄠, 𑄟?",Present
তোমার বাবা শুধু মদের নেশা করে,𑄖𑄧'𑄝𑄛𑄬 𑄝𑄚 𑄟𑄧𑄘𑄧 𑄦𑄚 𑄝𑄎𑄧 𑄘𑄨𑄘𑄳𑄠।,Present
"বইের বািতে পিরিা,কারবারি করো","𑄝𑄮𑄘𑄳𑄠 𑄊𑄧𑄢𑄧𑄖𑄴 𑄛𑄨𑄢𑄨𑄣𑄳𑄠, 𑄇𑄢𑄴𑄝𑄢𑄨 𑄉𑄧𑄢𑄴 𑄞𑄋।",Present
সাজানো গোছানো এই বািটা,𑄥𑄎𑄳𑄠 𑄖'𑄝𑄛𑄧𑄢𑄬 𑄃𑄬𑄭 𑄊𑄧𑄢𑄚𑄴𑄘𑄮।,Present
শুধু মদ খাওা,𑄝𑄚 𑄟𑄧𑄘𑄧 𑄦𑄚!,Present
এত ব হেছে এই দরজাটা বন্ধ করতে হবে,𑄃𑄬𑄘𑄧𑄇𑄴 𑄦𑄧𑄁𑄉𑄬 𑄃𑄨𑄎𑄮𑄢𑄚𑄴 𑄥𑄮𑄢𑄴 𑄉𑄧𑄢𑄨 𑄝𑄢𑄴।,Future
জেতা রামকে তার মা জুম থেকে জুর আলু কুড়িয়ে নিে গেছে,𑄎𑄨𑄖𑄴𑄖𑄮 𑄢𑄟𑄧𑄢𑄬 𑄖'𑄟 𑄎𑄪𑄟𑄧𑄖𑄴𑄖𑄪𑄚𑄴 𑄎𑄪𑄢𑄧 𑄃𑄣𑄪 𑄇𑄬𑄝𑄖𑄳𑄠 𑄚𑄬𑄉𑄬𑄣𑄳𑄠 𑄘𑄨𑄠𑄳𑄠।,Present
.এই মাাটা শুধু আজকে গািে নিে গেল,𑄃 𑄟'𑄝𑄢 𑄝𑄚 𑄃𑄨𑄌𑄴𑄬𑄘𑄳𑄠 𑄉𑄝𑄪𑄢𑄨𑄬𑄮𑄢 𑄚𑄧'𑄌𑄨𑄚𑄨𑄣𑄪𑄋𑄴।,Past
তার মা বলল- তুমি সেই গািটা কীলক করো?,𑄖 𑄟'𑄦𑄧𑄣𑄧:- 𑄖𑄪𑄭 𑄥𑄬 𑄉𑄝𑄪𑄢𑄨𑄣𑄮 𑄦𑄨 𑄣𑄧𑄇𑄴𑄜𑄇𑄴?,Past
লেখা-পা লেখা পার পর বৌ বািতে তুলবো,𑄣𑄬𑄊 - 𑄛𑄧𑄢 𑄥𑄨𑄇𑄴𑄈𑄮𑄌𑄴 𑄣𑄬𑄊 𑄛𑄌𑄴𑄍𑄬 𑄝𑄯 𑄊𑄧𑄢𑄧𑄖𑄴 𑄖𑄪𑄣𑄨𑄝𑄧𑄁।,Future
তার মা হগুলো ভালোভাবে ধরে না,𑄖 𑄟 𑄦𑄧𑄙𑄚𑄨 𑄣𑄮𑄭 𑄎𑄨𑄖𑄴𑄖𑄮𑄢𑄟𑄧𑄢𑄴 𑄝𑄪𑄉𑄧 𑄚𑄧'𑄞𑄢𑄬।,Present
সে রাস্তায় পার সমে পাশের মেেদের চাল-চলতে পারে না,"𑄖𑄬, 𑄥𑄧𑄦𑄧𑄢𑄧𑄖𑄴 𑄣𑄬𑄊 𑄛𑄧𑄢 𑄥𑄨𑄇𑄴𑄈𑄬 𑄥𑄧𑄦𑄧𑄢𑄧 𑄟𑄨𑄣𑄬 𑄃𑄪𑄚𑄧𑄢𑄴 𑄌𑄣𑄴 - 𑄌𑄧𑄣𑄧𑄚𑄴 𑄉𑄪𑄎𑄨 𑄣𑄮𑄭 𑄚𑄧'𑄛𑄢𑄬।",Present
গ্রামের ছেলে-মেেরা একসাথে খাবার খেে যা,"𑄃𑄘𑄟𑄧𑄢𑄴 𑄛𑄪𑄃𑄧 𑄃𑄘𑄟𑄧𑄢𑄴 𑄥𑄧𑄟𑄌𑄴, 𑄥𑄧𑄁𑄌𑄴𑄇𑄳𑄢𑄨𑄖𑄨 𑄈𑄪𑄃𑄪𑄝𑄴 𑄝𑄪𑄉𑄧 𑄞𑄪𑄢𑄨 𑄡𑄠𑄴।",Present
সে ভাবে গ্রামের মেেদের চাল-চাল বোচ্ছে,"𑄖𑄬, 𑄞𑄝𑄬 𑄥𑄧𑄦𑄧𑄢𑄧 𑄟𑄨𑄣𑄬𑄃𑄪𑄚𑄧𑄢𑄴 𑄌𑄣𑄴 - 𑄌𑄧𑄣𑄧𑄚𑄴 𑄝𑄢𑄝𑄨𑄉𑄨𑄘𑄨।",Present
.হওাচার সম কি দোষ আসবে মা?,"𑄦𑄧𑄣𑄧:-𑄚𑄧'""𑄌𑄨𑄚𑄧𑄋𑄴𑄢𑄧 𑄘𑄧'𑄛𑄪𑄎𑄧𑄢𑄴 𑄉𑄧𑄢𑄴𑄣𑄳𑄠 𑄦𑄨 𑄘𑄪𑄌𑄴 𑄃𑄬𑄝𑄧 𑄚𑄨𑄚 𑄟?",Future
"আমার চোখ থেকে কান্না, তার থেকে লেখা পাচ্ছি বৌ পার জন্য","𑄃𑄟𑄧𑄚𑄧𑄢𑄴 𑄌𑄮𑄉𑄧 𑄗𑄬𑄚𑄬𑄭 𑄇𑄚𑄴, 𑄥𑄨𑄖𑄴𑄖𑄳𑄠𑄭 𑄣𑄬𑄊 𑄛𑄌𑄴𑄍𑄳𑄠 𑄝𑄯 𑄛𑄬𑄝𑄢𑄴 𑄌𑄁।",Present
তোমার মুখ কমলা রঙের মেেটা ধনবি দিেছে,𑄃 𑄖𑄧' 𑄟𑄪𑄎𑄨 𑄇𑄧𑄟𑄧𑄣 𑄛𑄪𑄘𑄨 𑄏𑄨𑄝𑄪 𑄙𑄧𑄚𑄧𑄝𑄨 𑄘𑄳𑄠।,Present
তার বাপকে জঙ্গলের মধ্যে মেরে ফেললো,𑄖' 𑄝𑄛𑄴𑄝𑄪𑄢𑄬 𑄏𑄢𑄴𑄝𑄮 𑄃𑄪𑄚𑄬 𑄟𑄢𑄬 𑄛𑄬𑄣𑄴𑄣𑄧𑄚𑄴।,Past
বোইটির ছিদ্র দিে লেখা শেষ হছে,𑄝𑄬𑄎𑄢𑄨 𑄥𑄨𑄖𑄴𑄖𑄪 𑄙𑄪𑄢𑄩 𑄣𑄬𑄊 𑄛𑄧𑄢𑄠𑄳𑄠𑄪 𑄗𑄪𑄟𑄴 𑄃𑄧𑄠𑄳𑄠।,Present
একটা মাছ এইটা না গেলে ভাত খেতে হ না,𑄃𑄨𑄇𑄳𑄠 𑄟𑄚𑄴𑄌𑄮 𑄃𑄨𑄘𑄪 𑄚𑄧' 𑄉𑄬𑄣𑄬 𑄞𑄖𑄴 𑄛𑄬𑄘𑄧𑄖𑄴 𑄚𑄧' 𑄛𑄧𑄢𑄬।,Present
তোমার বাবা বিঝুর সম এক কেজি ধান দিে বদনাম করছে,𑄖𑄧' 𑄝𑄛𑄬 𑄝𑄨𑄏𑄪 𑄃𑄧𑄇𑄴𑄖𑄧𑄖𑄴 𑄃𑄬𑄇𑄴𑄝𑄢𑄬𑄋𑄴 𑄙𑄚𑄴 𑄘𑄨𑄚𑄳𑄠𑄭 𑄝𑄧𑄘𑄧𑄚𑄟𑄴 𑄉𑄧𑄖𑄴𑄧𑄚𑄴 𑄃𑄧𑄚𑄴 𑄝𑄨𑄣𑄬 𑄖𑄧' 𑄟𑄪𑄎𑄨 𑄣𑄮𑄭 𑄛𑄉𑄧𑄣𑄴𑄘𑄳𑄠।,Present
জিতে যাওা রাম সেই কথাটা শুনে আর বেঁচে থাকল না,𑄎𑄨𑄖𑄴𑄖𑄮 𑄢𑄟𑄬 𑄥𑄬 𑄦𑄧𑄙 𑄥𑄪𑄚 𑄚𑄬𑄭 𑄖' 𑄟𑄧𑄚𑄚𑄴 𑄃𑄢𑄧 𑄝𑄬𑄎𑄧 𑄃𑄇𑄴𑄇𑄮𑄭 𑄉𑄬𑄣𑄧 𑄙𑄧𑄚𑄧 𑄝𑄨 𑄃𑄨𑄚𑄴𑄘𑄨 ।,Past
বাচ্চার কাছ থেকে ধন বিে নিতে হ,𑄌𑄨𑄉𑄧𑄚𑄧𑄖𑄴𑄖𑄪𑄚𑄴 𑄙𑄪𑄢𑄨 𑄙𑄧𑄚𑄧𑄝𑄨 𑄣𑄮𑄭 𑄥𑄧𑄁 𑄛𑄧𑄖𑄴𑄖𑄇𑄴।,Present
একসাথে স্কুলে যাওা,𑄥𑄧𑄁 𑄥𑄧𑄟𑄢𑄬 𑄃𑄨𑄇𑄴𑄪𑄣𑄧𑄖𑄴 𑄡𑄬𑄘𑄇𑄴 - 𑄃𑄬𑄘𑄇𑄴।,Present
"ঘিলে,নাকটা হাওা খেলো","𑄊𑄨𑄣𑄬 , 𑄚𑄔𑄬𑄋𑄴 𑄦𑄢 𑄈𑄬𑄣𑄬𑄘𑄇𑄴।",Past
.রান্না জুমের চূা দিে এক জাতী ফুল ছানো হ,𑄢𑄕𑄳𑄠 𑄎𑄪𑄟𑄧𑄖𑄴𑄪𑄚𑄴𑄴 𑄍𑄧𑄘𑄧𑄢𑄧𑄇𑄴 𑄜𑄪𑄣𑄴 𑄖𑄪𑄣𑄨 𑄉𑄎𑄧 𑄍𑄝𑄖𑄴 𑄝𑄮𑄭 𑄜𑄪𑄣𑄴 𑄍𑄧𑄢 𑄉𑄙𑄬 𑄘𑄇𑄴,Present
. এগুলো তার ধীরে ধীরে উপরে উঠে গেল।,𑄃𑄨𑄠𑄚𑄨 𑄖𑄢𑄴 𑄣𑄢𑄬 𑄣𑄢𑄬 𑄃𑄫𑄘𑄮𑄖𑄴 𑄃𑄪𑄘𑄨 𑄌𑄨𑄇𑄮𑄚𑄴 𑄇𑄣𑄧𑄖𑄴 𑄜𑄨𑄢𑄨 𑄉𑄬𑄣𑄴 ।,Past
একটি নিম করে মাথা ধুে যাচ্ছে,𑄃𑄬𑄉𑄧 𑄚𑄨𑄟𑄮𑄚𑄴 𑄉𑄧𑄢𑄨 𑄦𑄨 𑄞𑄝𑄬𑄢𑄴।,Present
এই আগে তার মা-বাবা গরম পানি দিেছিল,𑄃𑄬𑄭 𑄃𑄇𑄴𑄖𑄴𑄧 𑄖 𑄟'𑄇𑄧𑄣𑄧:- 𑄝'𑄙𑄧𑄚𑄴 𑄉𑄧𑄢𑄧𑄟𑄴 𑄛𑄚𑄨𑄠𑄚𑄴 𑄚𑄮𑄭 𑄉𑄖𑄴𑄮𑄃𑄨।,Past
"রাতের বেলা, কুলিমে বািতে ফিরল","𑄢𑄬𑄘𑄧, 𑄇𑄪𑄣𑄨𑄢𑄟𑄬 𑄊𑄧𑄢𑄧𑄖𑄴 𑄜𑄨𑄢𑄨𑄣𑄧।",Past
এক সমে ভাত খাওা,𑄃𑄬𑄉𑄧 𑄥𑄧𑄟𑄢𑄬 𑄞𑄘𑄧 𑄈𑄬𑄣𑄇𑄴।,Present
তার ভাতিজা খাওার জন্য টেবিলে বসে টিফিনবাক্সটি নিে গেল,𑄖 𑄃𑄤𑄎𑄧𑄢𑄴 𑄛𑄪𑄃𑄧 𑄎𑄨𑄖𑄴𑄖𑄮𑄢𑄟𑄬 𑄣𑄮𑄌𑄨𑄋𑄮𑄖𑄴 𑄗𑄚 𑄈𑄚 𑄛𑄮𑄘𑄳𑄠𑄚𑄬 𑄝𑄘𑄧 𑄛𑄨𑄎𑄮𑄢𑄴 𑄉𑄧𑄢𑄴𑄣𑄴𑄧।,Past
"তিন মা-বাবা একসাথে কথা বলতেছে,পুে,তুমি আমার জন্য একটা লজ্জাবোধ করো","𑄖𑄨𑄚𑄴 𑄟-𑄝𑄛𑄴 𑄛𑄪𑄘𑄬 𑄚𑄚𑄋𑄴 𑄇𑄧𑄙 𑄝𑄖𑄴𑄖𑄠𑄴 𑄇𑄪𑄣𑄨𑄢𑄟𑄬 𑄇𑄧𑄣𑄧 :- ""𑄛𑄪𑄖𑄴, 𑄖𑄪𑄃𑄨 𑄟𑄧𑄢𑄴 𑄃𑄨𑄇𑄴𑄇𑄮𑄧 𑄚𑄨𑄘𑄪𑄇𑄴𑄖𑄪𑄇𑄴𑄳𑄠 𑄃𑄤𑄧𑄎𑄮𑄢𑄴 𑄛𑄪𑄃𑄧।",Present
"এত ব করে কথা বলতে পার,যতদূর পর্যন্ত মনে হ তুমি আমার সাথে টেক্কা দিতে পারবে","𑄃𑄎 𑄉𑄧𑄢𑄧𑄁 𑄟𑄧'𑄇𑄧𑄙𑄚𑄨 𑄝𑄪𑄏𑄨 𑄛𑄢𑄧𑄢𑄴, 𑄦𑄧𑄙𑄧𑄇𑄴 𑄘𑄪𑄉𑄬 𑄦𑄧𑄌𑄴𑄑𑄧 𑄟𑄚𑄴𑄬 - 𑄟𑄪𑄢𑄴 𑄞𑄋𑄨 𑄞𑄋𑄨 𑄃𑄨𑄌𑄳𑄠 𑄖𑄧𑄢𑄬 𑄡𑄨𑄖𑄴𑄖𑄪𑄢𑄴 𑄛𑄢𑄨 𑄣𑄬𑄊 - 𑄛𑄧𑄢 𑄥𑄬𑄊𑄬𑄢𑄴।",Future
এগুলো আমাদের বািতে আছে সেগুলো আমার সহ্য হ না,𑄃𑄨𑄠𑄚𑄴 𑄃𑄟 𑄊𑄧𑄢𑄴-𑄥𑄧𑄁𑄥𑄢𑄧𑄖𑄴 𑄟𑄬𑄖𑄴 𑄖𑄧𑄢𑄴 𑄦𑄨 𑄥𑄧𑄞𑄧𑄚𑄴 𑄃𑄊𑄬 𑄥𑄨𑄠𑄚𑄴 𑄟𑄪𑄭 𑄃𑄧𑄉𑄧𑄢𑄴 𑄚𑄧'𑄛𑄋𑄴।,Present
"আমার বিশ্বাস আমি এক কালে রাজা হবো,তিন বছর থাকবো","𑄟𑄧𑄢𑄴 𑄝𑄨𑄌𑄴𑄥𑄬𑄌𑄴 𑄃𑄟𑄨 𑄃𑄬𑄇𑄴 𑄇𑄣𑄬 𑄢𑄎 𑄃𑄬𑄣𑄧𑄁 𑄟𑄖𑄴𑄖𑄧𑄢𑄴 𑄃𑄬𑄌𑄳𑄠 𑄞𑄋 𑄞𑄋 𑄊𑄧𑄢𑄴, 𑄖𑄨𑄚𑄴𑄚𑄮 𑄦𑄬𑄘𑄇𑄴𑄖𑄪𑄇𑄴।",Future
এই তিন হাজার টাকা থেকে তোমাকে আমি নাচা করলাম,𑄃𑄬𑄭 𑄖𑄨𑄚𑄴𑄚𑄮 𑄦𑄬𑄘𑄇𑄴𑄗𑄪𑄇𑄧𑄖𑄴𑄪𑄚𑄴 𑄖𑄧𑄢𑄬 𑄃𑄟𑄨 𑄚𑄧𑄇𑄴𑄈𑄧𑄖𑄳𑄢𑄧 𑄝𑄚𑄬𑄣𑄧𑄁।,Past
".তোমাকে এত ব করে দেখতেছি, আমাদের মাথা ব আছে","𑄃𑄨𑄌𑄳𑄠 𑄖𑄧𑄢𑄬 𑄃𑄬𑄘𑄧𑄇𑄳𑄠 𑄉𑄧𑄢𑄨 𑄘𑄨𑄊𑄩𑄚𑄬𑄭 𑄝𑄢𑄴 𑄉𑄧𑄢𑄨 𑄛𑄢𑄨 , 𑄃𑄟 𑄟𑄪' 𑄛𑄨𑄦𑄴𑄢𑄴 𑄃𑄧𑄠𑄳𑄠।",Present
"আজু মেে একটা কথা বলল,বিালটা কোন পাছা কুিে মারলে তিন বছর পর খেতে হ","𑄃𑄎𑄪 𑄟𑄢𑄬 𑄃𑄬𑄇𑄴𑄇𑄚𑄴 𑄇𑄧𑄙 𑄦𑄮𑄭𑄠𑄬 ""𑄝𑄨𑄣𑄴𑄣𑄮 𑄇𑄪𑄌𑄪 𑄛𑄪𑄚𑄴 𑄇𑄝𑄨 𑄇𑄝𑄨 𑄣𑄉𑄬𑄣𑄬 𑄖𑄨𑄚𑄴 𑄝𑄧𑄎𑄧𑄢𑄴 𑄛𑄧𑄢𑄬 𑄈𑄬𑄭 𑄛𑄢𑄬''।",Past
".আকাশে,বিালটা কোন কিছু খেে পতে তিন বছর পর্যন্ত পাছা বাঁকা করতে হ","(𑄃𑄧𑄖𑄴𑄗𑄖𑄴, 𑄝𑄨𑄣𑄴𑄣𑄮 𑄇𑄪𑄌𑄪 𑄈𑄬𑄭𑄛𑄖𑄴𑄬 𑄖𑄨𑄚𑄴 𑄝𑄧𑄎𑄧𑄢𑄴 𑄥𑄧𑄁 𑄛𑄪𑄚𑄴 𑄇𑄝𑄨 𑄇𑄝𑄨 𑄣𑄉 𑄛𑄧𑄢𑄬 ) 𑄃𑄨𑄢𑄪𑄇𑄴 𑄡𑄪𑄉𑄧𑄖𑄴 𑄥𑄬 𑄇𑄧𑄙 𑄃𑄧𑄚𑄧 𑄟𑄬𑄖𑄴 𑄚𑄬𑄭।",Present
এখনকার দিনে সেই বিালটা কোন পৃথিবীটাকে দেখিেছে,𑄃𑄨𑄢𑄪𑄇𑄴 𑄡𑄪𑄉𑄧𑄖𑄴 𑄥𑄬 𑄝𑄨𑄣𑄴𑄣𑄮 𑄇𑄪𑄌𑄪 𑄛𑄨𑄖𑄴𑄨𑄟𑄨𑄠𑄚𑄧𑄢𑄬 𑄚𑄬𑄖𑄳𑄢𑄨𑄖𑄧 𑄙𑄬𑄓𑄧𑄚𑄴।,Present
"আমাদের কাল,এখন আমাদের কাল","𑄃𑄟 𑄇𑄣𑄴 𑄥𑄬𑄌𑄴, 𑄃𑄨𑄇𑄴𑄈𑄬 𑄖𑄧𑄟 𑄇𑄣𑄴 ।",Present
"তুমি সেটা পাবে না,সে পৃথিবীটাকে সেটা পাবে","𑄖𑄪𑄟𑄨 𑄦𑄨 𑄛𑄬𑄝 𑄥𑄨𑄠𑄚𑄴 𑄚𑄧𑄠𑄴, 𑄦𑄨 𑄘𑄨'𑄛𑄢𑄨𑄝 𑄛𑄨𑄖𑄴𑄨𑄟𑄨𑄠𑄚𑄧𑄢𑄬 𑄥𑄨𑄠𑄚𑄴 𑄞𑄝𑄨𑄝।",Future
তোমরা পারবে নাকি সিলিংেও যাও,𑄖𑄪𑄟𑄨 𑄛𑄢𑄨𑄝 𑄛𑄨𑄖𑄴𑄨𑄟𑄨𑄠𑄚𑄧𑄬𑄮 𑄥𑄎𑄬।,Present
এই কথাগুলো বলে কুলিটাঘুমিে পলো,𑄃𑄬𑄭 𑄇𑄧𑄙𑄚𑄨 𑄦𑄮𑄭𑄚𑄬𑄭 𑄇𑄪𑄣𑄨𑄢𑄟𑄬 𑄊𑄪𑄟𑄧𑄖𑄴 𑄛𑄧𑄢𑄴𑄣𑄧।,Present
এক দিনে জিতেরা তাদের বািে উঠার সম মাথা বালিশ দিে বসে আছে,𑄃𑄬𑄇𑄴 𑄘𑄨𑄚𑄬 𑄎𑄨𑄖𑄴𑄖𑄮𑄢𑄟𑄬 𑄖𑄢 𑄊𑄧𑄢𑄧𑄖𑄴 𑄃𑄫𑄏𑄮𑄢𑄧 𑄟𑄙𑄖𑄴 𑄛𑄨𑄎𑄪𑄟𑄧 𑄝𑄌𑄴𑄍𑄪 𑄃𑄬𑄣𑄚𑄴 𑄘𑄨𑄚𑄳𑄠𑄭 𑄉𑄠𑄴 𑄉𑄠𑄴 𑄝𑄧𑄭 𑄃𑄉𑄬 ।,Present
"চোর মানুষরাই চা,অমল-নীজ,পালিে পালিে মো","𑄌𑄬𑄢𑄮 𑄦𑄨𑄖𑄴𑄖𑄳𑄠𑄭 𑄢𑄨𑄚𑄨 𑄌𑄠𑄴, 𑄃𑄧𑄎𑄧𑄣𑄴 - 𑄚𑄩𑄎𑄧, 𑄛𑄧𑄣𑄴𑄣-𑄛𑄪𑄣𑄴𑄨 𑄟𑄮𑄚𑄴-𑄟𑄪𑄢𑄧।",Present
এক জাতী বুনো ফল যা সবজি হিসেবে ব্যবহৃত হ,𑄉𑄌𑄴-𑄝𑄎𑄧 𑄖𑄢𑄪𑄟𑄴।,Present
.নানাং ফুল ফোটার সম বইটি পতেছে।,𑄚𑄚𑄁 𑄜𑄪𑄣𑄴 𑄜𑄪𑄘𑄨 𑄜𑄨𑄝𑄨𑄢𑄴 𑄜𑄨𑄝𑄨𑄢𑄴 𑄝𑄮𑄃𑄨𑄠𑄬𑄢𑄬 𑄔𑄪𑄣𑄧𑄘𑄧𑄚𑄴।,Present
ঝাঁক ঝাঁক পা পাখিগুলো সেই ফুলটি মনে পে ঘুরে বোচ্ছে,𑄏𑄇𑄴 𑄏𑄇𑄴 𑄛𑄧𑄖𑄴𑄖𑄛𑄧𑄖𑄴𑄨 𑄃 𑄞𑄮𑄟𑄧𑄢𑄃𑄪𑄚𑄬 𑄥𑄬 𑄜𑄪𑄣𑄧𑄖𑄴 𑄛𑄪𑄢𑄨 𑄟𑄧𑄚𑄬 𑄟𑄧𑄚𑄴𑄡𑄧𑄇𑄴𑄇 𑄉𑄪𑄢𑄨 𑄃𑄪𑄢𑄨 𑄃𑄪𑄢𑄨 𑄝𑄬𑄢𑄘𑄧𑄚𑄴।,Present
".আকাশে নীল চাঁদ,ডুবডুব মেেরা এক টুকরো জমিতে আর এক টুকরো জমিতে","𑄃𑄉𑄎𑄧𑄖𑄴 𑄢𑄨𑄚𑄨 𑄌𑄭 -𑄃𑄬𑄃𑄨𑄣𑄴 𑄃𑄉𑄌𑄴, 𑄓𑄪𑄝𑄴 𑄓𑄪𑄝𑄴 𑄟𑄬𑄉𑄧 𑄌𑄊 𑄇𑄧𑄖𑄴𑄖 𑄇𑄧𑄖𑄴𑄖 𑄉𑄢𑄨 𑄞𑄎𑄨 𑄡𑄢𑄴 𑄛𑄨𑄖𑄴𑄗𑄨𑄟𑄨 𑄃𑄬𑄇𑄴 𑄇𑄧𑄕𑄖𑄴𑄪 𑄃𑄢𑄧 𑄃𑄬𑄇𑄴 𑄇𑄧𑄕𑄖𑄴।",Present
পাহাে মারা যাওা মানুষরা পাহাে হেঁটে যেতে যেতে মনে পে যা,𑄗𑄬𑄚𑄴𑄕𑄳𑄠 𑄟𑄧𑄢𑄨 𑄃 𑄚𑄚𑄁 𑄛𑄬𑄭𑄇𑄴 𑄓𑄪𑄃𑄧 𑄡𑄉𑄢𑄬 𑄡𑄉𑄢𑄬 𑄣𑄬𑄎𑄧 𑄣𑄢𑄬 𑄣𑄢𑄬 𑄟𑄧𑄚𑄬 𑄡𑄨𑄚𑄴𑄘𑄨 𑄃𑄧𑄠𑄴 𑄥𑄨𑄚𑄴𑄘𑄨 𑄃𑄪𑄢𑄨 𑄡𑄘𑄧𑄚𑄴।,Present
জ্যেঠীটা তার বাবাের কথা ধনবিকে নিে যাচ্ছে,𑄎𑄨𑄖𑄴𑄖𑄮𑄢𑄟𑄬 𑄞𑄝𑄬𑄢𑄴 𑄖 𑄝𑄛𑄧𑄢𑄴 𑄇𑄧𑄙 𑄃 𑄙𑄧𑄚𑄧𑄝𑄨𑄢𑄬 𑄚𑄨𑄚𑄳𑄠𑄭।,Present
এখন সে গুো করবে,𑄃𑄨𑄇𑄳𑄠 𑄖𑄬 𑄦𑄨 𑄉𑄪𑄢𑄨𑄝𑄧!,Future
ধনবিে পে যাবে গাছটির চারাগুলো ভালোভাবে উঠতে পারবে না,𑄙𑄧𑄚𑄧𑄝𑄨𑄢𑄬 𑄛𑄪𑄘𑄧-𑄝𑄮 𑄦𑄨𑄎𑄬𑄝𑄬 𑄉𑄎𑄨 𑄣𑄮𑄭 𑄚𑄧'𑄛𑄢𑄨𑄝𑄇𑄴 𑄃𑄨𑄠𑄚𑄴 𑄦𑄟𑄇𑄴𑄇𑄭।,Future
মনে হ সে যেকারো জন্য হ,𑄦𑄨𑄋𑄨𑄢𑄨 𑄞𑄋𑄨 𑄃𑄧𑄝𑄧 𑄖𑄬 𑄡𑄬𑄙𑄧𑄚𑄧𑄝𑄨𑄢𑄬 𑄦𑄮𑄌𑄴𑄛𑄠𑄴।,Present
এই প্রথম সে তাাতাি আসলো,𑄃𑄬𑄭 𑄃𑄇𑄴𑄖𑄴𑄧 𑄖𑄢𑄪𑄟𑄬 𑄃𑄬𑄣𑄧।,Past
"সে,আগে নাকি?","𑄖𑄬, 𑄃𑄇𑄴𑄇𑄬 𑄡𑄬𑄘𑄧𑄁?",Present
আসা যাওা করতে করতে তারা পিনোন ধনবি ডেকেছে,𑄃𑄬𑄌𑄳𑄠 𑄖𑄢𑄢𑄴 𑄛𑄨𑄔𑄬 𑄈' 𑄝𑄧𑄣𑄚𑄴𑄬 𑄛𑄨𑄠𑄮𑄚𑄴 𑄙𑄧𑄚𑄧𑄝𑄨 𑄘𑄉𑄨𑄓𑄪।,Present
".ঢাকা খেে দৌাদৌি করিও না,যেভাবে বলি","𑄔𑄝 𑄈𑄬𑄭 𑄣𑄧𑄉𑄨, 𑄡𑄬𑄘𑄧𑄁 𑄟𑄦𑄬।",Present
মাটি দিে মাটিতে যাবো,𑄟𑄘𑄨𑄠𑄬 𑄟𑄘𑄨𑄠𑄬 𑄡𑄬𑄝𑄧𑄁𑄉𑄳𑄠 ।,Future
.ফাঁদে মিটিং আছে যেতে যেতে সারিে মিশে যেতে পারবো।,𑄜𑄠𑄚𑄴𑄓𑄧 𑄟𑄨𑄑𑄨𑄁 𑄃𑄊𑄬 𑄡𑄘𑄨 𑄡𑄘𑄨 𑄥𑄢𑄨 𑄛𑄢𑄴𑄣𑄴𑄬 𑄟𑄨𑄑𑄨𑄋𑄮𑄖𑄴 𑄃𑄬𑄎𑄣𑄴 𑄘𑄨 𑄛𑄢𑄨𑄟𑄴𑄮।,Future
তারা দুইজন মিলে একটি লাঠি দিে হেঁটে যাচ্ছে মাটির বািতে,𑄖𑄢 𑄘𑄨'𑄎𑄧𑄚𑄬 𑄚𑄚𑄋𑄴 𑄉𑄧𑄛𑄬 𑄥𑄧𑄛𑄬 𑄕𑄋𑄬𑄣𑄴𑄘𑄨𑄊𑄧𑄣𑄨 𑄃𑄬𑄋 𑄝𑄬𑄋 𑄛𑄧𑄘𑄬 𑄃𑄦𑄴𑄘 𑄓𑄧𑄢𑄴𑄣𑄇𑄴 𑄙𑄧𑄚𑄧𑄝𑄨 𑄘𑄉𑄨𑄘𑄪 𑄟𑄮𑄚𑄧 𑄊𑄧𑄢𑄧𑄖𑄴।,Present
"সমাজ, দোল, গ্রাম ভালো করে কথা বলে সেই বািে নামল","𑄥𑄧𑄟𑄎𑄧𑄢𑄴, 𑄘𑄬𑄎𑄧𑄢𑄴, 𑄃𑄘𑄟𑄧𑄢𑄴 𑄞𑄣𑄬𑄘𑄨 𑄦𑄨𑄋𑄨𑄢𑄨 𑄃𑄬𑄝𑄧 𑄥𑄬 𑄛𑄮𑄭𑄘𑄳𑄠𑄚𑄬 𑄇𑄧𑄙 𑄃𑄧𑄙𑄬 𑄃𑄧𑄙𑄬 𑄙𑄧𑄚𑄧𑄝𑄨 𑄘𑄉𑄨 𑄊𑄧𑄢𑄧𑄖𑄴 𑄣𑄪𑄟𑄨𑄣𑄇𑄴।",Past
এখানে ধনবিালের শান্তি নেই,𑄃𑄨𑄚𑄴𑄘𑄨 𑄙𑄧𑄚𑄧𑄝𑄨𑄢𑄴 𑄛𑄧𑄢𑄚𑄴 𑄖𑄨𑄙𑄧 𑄚𑄬𑄭।,Present
এক জাতী ব অজগরকে দিে দিে যাচ্ছে,𑄝𑄣𑄇𑄴 𑄝𑄧𑄎𑄧𑄢𑄴 𑄛𑄧𑄢𑄴 𑄎𑄨𑄖𑄴𑄖𑄮𑄢𑄟𑄧𑄢𑄬 𑄘𑄨𑄊𑄨।,Present
.সাঙু দুার ফাঁক দিে ফোটা ফোটা পানি আছে।,𑄥𑄋𑄪 𑄘𑄪𑄃𑄧𑄢𑄧 𑄗𑄟𑄪𑄣𑄪𑄇𑄴 𑄦𑄪𑄖𑄴𑄨𑄝𑄪𑄖𑄴 𑄑𑄬𑄛𑄴 𑄑𑄬𑄛𑄳𑄠 𑄛𑄚𑄨 𑄢𑄊𑄬𑄠𑄳𑄠 ।,Present
মনে মনে চিন্তা করলে ভালো হবে,𑄟𑄧𑄚𑄬 𑄟𑄧𑄚𑄬 𑄞𑄝𑄬𑄢𑄴 𑄦𑄨 𑄦𑄮𑄭𑄟𑄴।,Future
সে আমার সাথে থাকবে নাকি?,"𑄖𑄬,𑄦𑄨 𑄟𑄧𑄢𑄬 𑄃𑄊𑄧 𑄥𑄚𑄴 𑄦𑄮𑄌𑄴𑄛𑄬𑄝𑄧𑄚𑄨?",Future
সে তো লেখা পার সম দক্ষ,𑄖𑄬 𑄘𑄧' 𑄣𑄬𑄊𑄧-𑄛𑄧𑄢 𑄥𑄨𑄊𑄨 𑄓𑄋𑄧𑄢𑄴 𑄃𑄧𑄠𑄳𑄠।,Present
"লাজে লাজে নাকের পানি হেছে,সবগুলো এক সাথে নিে আসি","𑄣𑄎𑄬𑄭 𑄣𑄎𑄬𑄭 𑄚𑄮𑄚𑄴𑄳𑄠𑄥𑄨𑄣𑄧 𑄎𑄪𑄢𑄧 𑄛𑄚𑄨 𑄦𑄪𑄖𑄴𑄨, 𑄝𑄬𑄎𑄮𑄚𑄴 𑄃 𑄔𑄝 𑄝𑄏𑄬𑄭 𑄃𑄚𑄨 𑄘𑄨𑄠𑄴।",Present
".নাুটা পিন,হািটা এই মাথা হবে ধনগুলো আরও বেশি সুন্দর লাগে","𑄚𑄳𑄠𑄪𑄃𑄧 𑄛𑄨𑄚𑄮𑄚𑄴, 𑄦𑄘𑄨 𑄃 𑄟𑄙𑄖𑄴 𑄦𑄧𑄝𑄁 𑄝𑄚𑄨 𑄙𑄧𑄚𑄧𑄝𑄨 𑄃𑄢𑄧 𑄝𑄬𑄌𑄴 𑄘𑄮𑄣𑄴 𑄣𑄉𑄬𑄢𑄴।",Future
.তাকে অমাবস্যার জ্যোৎস্না লাজে মুখ ফেরা,𑄖𑄢𑄬 𑄘𑄨𑄊𑄨𑄣𑄬 𑄛𑄪𑄢𑄴𑄚𑄨𑄟 𑄎𑄪𑄚𑄚𑄴 𑄣𑄎𑄬 𑄟𑄪 𑄜𑄬𑄢𑄠𑄴।,Present
"ধনবি মা বলে,তুমি কথা দাও","𑄙𑄧𑄚𑄧𑄝𑄨 𑄟𑄝𑄪 𑄇𑄧𑄣𑄧:- 𑄝'𑄙𑄧𑄚𑄴, 𑄖𑄪𑄟𑄨 𑄇𑄧𑄘 𑄦𑄧'।",Present
তারা তিনজন ধীরে ধীরে গল্প করতেছে,𑄖𑄢 𑄖𑄨𑄚𑄴 𑄎𑄧𑄚𑄬 𑄣𑄢𑄬 𑄣𑄢𑄬 𑄉𑄧𑄛𑄴 𑄥𑄧𑄛𑄴 𑄘𑄬𑄘𑄧𑄚𑄴।,Present
এই পৃথিবীতে জঙ্গলটা সবচেে বেশি নিে নিল,𑄃𑄬𑄭 𑄃𑄧𑄇𑄴𑄖𑄧𑄖𑄴 𑄏𑄢𑄴𑄝𑄮𑄃𑄪𑄚𑄴 𑄣𑄪𑄟𑄨 𑄎𑄨𑄖𑄴𑄖𑄮𑄢𑄟𑄧𑄢𑄬 𑄝𑄚𑄨 𑄚𑄨𑄣𑄇𑄴।,Past
ধনবি আর তার মা চুল বোই করে লম্বা লম্বা করে কাটতে পারে না,𑄙𑄧𑄚𑄧𑄝𑄨 𑄃 𑄖 𑄟𑄝𑄪 𑄌𑄪𑄣𑄴 𑄝𑄬𑄢𑄳𑄠𑄭 𑄣𑄟𑄴𑄝 𑄥𑄬𑄣𑄁 𑄉𑄧𑄢𑄨 𑄛𑄪𑄢𑄨 𑄖𑄳𑄠𑄪𑄃𑄧 𑄢𑄧𑄇𑄴𑄬 𑄉𑄧𑄢𑄨 𑄚𑄧'𑄛𑄢𑄧𑄚𑄴।,Present
সে কেন এত ব হেছে?,𑄦𑄨 𑄃𑄧𑄝𑄧 𑄎𑄨𑄖𑄴𑄖𑄮𑄢𑄟𑄧 𑄎𑄨𑄋𑄴𑄦𑄚𑄨?,Present
.সে নাকি ধনবি গিেছে?,𑄦𑄨 𑄃𑄧𑄝𑄧 𑄙𑄧𑄚𑄧𑄝𑄨 𑄎𑄨𑄁𑄦𑄚𑄨?,Present
.সে কেন পাহাের তলানিে যাচ্ছ?,𑄦𑄨 𑄃𑄧𑄝𑄧 𑄟𑄮𑄚𑄴 𑄖𑄧𑄣 𑄃𑄘𑄟𑄧𑄢𑄴?,Present
ধনবি একটা গোা পৃথিবীতে আলো দিচ্ছে,𑄙𑄧𑄚𑄧𑄝𑄨 𑄃𑄨𑄇𑄳𑄠 𑄉𑄮𑄘 𑄛𑄨𑄖𑄴𑄗𑄨𑄟𑄨𑄠𑄚𑄴 𑄃𑄚𑄴𑄙𑄢𑄴 𑄘𑄬𑄊𑄬𑄢𑄴 ।,Present
দুই চোখে দুই চোখের পানি,𑄘𑄨' 𑄌𑄮𑄉𑄧𑄖𑄴 𑄙𑄢 𑄙𑄢 𑄌𑄮𑄉𑄧 𑄛𑄚𑄨।,Present
তার শরীরে ঘা আছে,𑄖' 𑄌𑄨𑄘𑄮𑄖𑄴 𑄊 𑄃𑄠𑄳𑄠 𑄌𑄨𑄟𑄴𑄌𑄨𑄟𑄳𑄠 𑄘𑄪𑄣𑄪𑄊𑄧𑄖𑄴।,Present
. ফোটা ফোটা লালা পরতেছে,𑄑𑄬𑄛𑄴 𑄑𑄬𑄛𑄴 𑄣𑄮 𑄏𑄧𑄢𑄬𑄢𑄴।,Present
এই তো বাঁচো!,𑄃𑄬𑄭 𑄖𑄮 𑄝𑄌𑄴𑄖𑄧𑄝𑄧𑄖!,Present
এই তো সম,𑄃𑄬𑄭 𑄖𑄮 𑄥𑄧𑄟𑄧𑄠𑄴!,Present
তার আছে যা মুখে আছে তার জন্য,𑄃𑄬𑄢𑄴 𑄃𑄊𑄬 𑄡 𑄟𑄪𑄦𑄧𑄖𑄴 𑄃𑄎𑄨 𑄖𑄢𑄴 𑄃𑄨𑄇𑄳𑄠... .. ... ...!,Present
কালো মলা সে মালা ভাজিবে,𑄇𑄣 𑄟𑄮𑄢𑄧𑄋𑄧𑄖𑄴 𑄦𑄨 𑄟𑄣 𑄞𑄎𑄨𑄝𑄪,Future
"পে যাওার টুল,উপরের লেখাগুলো আমার একটা কথা","𑄛𑄧𑄢𑄨𑄠𑄬 𑄣𑄧𑄉𑄧, 𑄃𑄪𑄉𑄪𑄢𑄬𑄘𑄨 𑄣𑄬𑄊𑄠𑄚𑄴 𑄟𑄧𑄢𑄴 𑄃𑄬𑄇𑄴𑄇𑄚𑄴 𑄃𑄬𑄇𑄴 𑄝𑄌𑄳𑄠 𑄇𑄧𑄙।",Present
.কালা মেেতে মালা বিক্রি করে বা কালো মেঘ ছেে লাল হে,"""𑄇𑄣 𑄟𑄮𑄢𑄧𑄋𑄧𑄖𑄴 𑄟𑄣 𑄞𑄎𑄬 𑄝 𑄇𑄣 𑄟𑄬𑄊𑄧 𑄍𑄬𑄢𑄬 𑄢𑄋 𑄝𑄬𑄣𑄴 𑄦𑄎𑄬।",Present
"এগুলো আমি প্রতিদিন মনে পে বসিে বসিে ভাবতেছি,কালকে আমার পাশে পেলে কোথা যাবো?","𑄃𑄨𑄠𑄚𑄴 𑄟𑄪𑄃𑄨 𑄃𑄨𑄢𑄪𑄇𑄴 𑄘𑄨𑄚𑄧𑄢𑄴 𑄛𑄧𑄢𑄨𑄌𑄴𑄗𑄨𑄖𑄨 𑄘𑄨𑄚𑄴 𑄟𑄙𑄚𑄴 𑄞𑄝𑄴 𑄖𑄪𑄣𑄨 𑄝𑄧'𑄚𑄨𑄏𑄬𑄖𑄴 𑄛𑄬𑄣𑄬 𑄇𑄧𑄙𑄪𑄁 𑄌𑄁 ""𑄇𑄣 𑄟𑄮𑄢𑄧𑄋𑄧𑄖𑄴 𑄦𑄨 𑄟𑄣 𑄞𑄎𑄨𑄝𑄪''?",Present
".এই পৃথিবীতে অনেক সুন্দর দিন আসে, সেজেগুজে রাত হ","𑄃𑄬𑄌𑄳𑄠 𑄎𑄧𑄉𑄧𑄖𑄧𑄢𑄴 𑄥𑄪𑄘𑄧𑄟𑄬 𑄘𑄨𑄚𑄴 𑄃𑄬𑄎𑄬, 𑄥𑄎𑄧 𑄣𑄟𑄨 𑄢𑄬𑄖𑄴 𑄃𑄧𑄠𑄴।",Present
এক জাতী বানরের মাথা লাল বো পরে,𑄛𑄧𑄖𑄴𑄨𑄇𑄴 𑄝𑄬𑄚𑄴𑄚𑄳𑄠 𑄛𑄪𑄉𑄧 𑄟𑄮𑄚𑄧 𑄟𑄙𑄖𑄴 𑄢𑄋 𑄝𑄬𑄣𑄴 𑄦𑄎𑄬।,Present
".পঁচে পে গান,বুো বুো ফুল ফোটে","𑄛𑄬𑄭𑄉𑄬 𑄉𑄩𑄘𑄧 𑄉𑄚𑄴, 𑄗𑄪𑄛𑄴 𑄗𑄪𑄛𑄴 𑄜𑄪𑄣𑄴 𑄜𑄪𑄘𑄧𑄚𑄴 𑄉𑄎𑄬 𑄉𑄎𑄬।",Present
".পোাপোা ডাকলে,গ্রামের সবাই ঘুম ভেঙে জুমের পাে হেঁটে যা","𑄛𑄮𑄖𑄳𑄠 𑄛𑄮𑄝𑄋𑄴 𑄓𑄉𑄨𑄣𑄬, 𑄝𑄬𑄚𑄴𑄚𑄳𑄠 𑄢𑄘 𑄓𑄇𑄧𑄖𑄴 𑄃𑄘𑄟𑄧𑄢𑄴 𑄚𑄳𑄠𑄪𑄃𑄧 𑄝𑄯 𑄊𑄪𑄟𑄴 𑄞𑄋𑄨 𑄎𑄪𑄟𑄧 𑄢𑄕𑄳𑄠 𑄢𑄩𑄛𑄴 𑄢𑄩𑄛𑄴 𑄛𑄧𑄘𑄬 𑄇𑄪𑄟𑄴𑄮 𑄦𑄧𑄢𑄧𑄖𑄴 𑄉𑄧𑄢𑄨 𑄈𑄪𑄎𑄨 𑄟𑄧𑄚𑄬 𑄉𑄋𑄴𑄦𑄧𑄖𑄴 𑄡𑄚𑄴।",Present
.মাতলামি করে কেন গান করেন?,𑄟𑄖𑄴𑄧𑄢𑄴 𑄃𑄇𑄴𑄇𑄧𑄢𑄨 𑄥𑄚𑄴 𑄛𑄬𑄭𑄈𑄬 𑄦𑄨 𑄉𑄩𑄘𑄧 𑄉𑄚𑄴?,Present
.গাে গাে কি ফুল ফোটে?,𑄉𑄎𑄬 𑄉𑄎𑄬 𑄗𑄪𑄛𑄴 𑄗𑄪𑄛𑄴 𑄦𑄨 𑄜𑄪𑄣𑄴 𑄜𑄪𑄘𑄧𑄚𑄴?,Present
.স্বামী-স্ত্রী মিলে গাঙে যাওা,𑄚 𑄦𑄨 𑄚𑄳𑄠𑄪𑄃𑄧 𑄝𑄪𑄎𑄨 𑄈𑄪𑄎𑄨 𑄟𑄧𑄚𑄬 𑄉𑄋𑄴𑄦𑄧𑄖𑄴 𑄡𑄠𑄴?,Present
".এত ব দুঃখ,এত দুঃখ","𑄚𑄬𑄭 𑄃𑄨𑄇𑄳𑄠 𑄥𑄬 𑄉𑄩𑄘𑄧,𑄥𑄬 𑄉𑄨𑄘𑄧 𑄥𑄪𑄢𑄴।",Present
থোকা থোকা ফুল উঠতেছে না,𑄗𑄪𑄛𑄴 𑄗𑄪𑄛𑄴 𑄜𑄪𑄣𑄴 𑄚𑄧'𑄜𑄪𑄘𑄧𑄚𑄴 ।,Present
".নাকটা বুজিে থাকে,এক বুো গাঙে যাওা","𑄚𑄳𑄠𑄪𑄃𑄧 𑄝𑄪𑄎𑄨 𑄌𑄨𑄘𑄬 𑄗𑄠𑄴, 𑄃𑄬𑄉𑄧 𑄝𑄪𑄉𑄧 𑄌𑄨𑄘𑄬𑄣𑄮 𑄉𑄋𑄧𑄖𑄴 𑄡𑄚𑄴।",Present
গাঙ থেকে ফিরলে তার পাের বামে পানি পে যাবে না,𑄉𑄋𑄧𑄖𑄴𑄪𑄚𑄴 𑄜𑄨𑄢𑄨𑄣𑄬 𑄖'𑄛𑄧𑄢𑄚𑄳𑄠 𑄥𑄋𑄪 𑄘𑄪𑄃𑄧𑄢𑄧 𑄛𑄨𑄎𑄪𑄟𑄧 𑄝𑄌𑄴𑄥𑄪 𑄃𑄨𑄚𑄴𑄘𑄨 𑄛𑄚𑄨 𑄦𑄪𑄟𑄴𑄧 𑄙𑄪𑄢𑄨𑄘𑄨 𑄛𑄬𑄝𑄧 𑄚𑄨 𑄚𑄧 𑄛𑄬𑄝𑄧 𑄚 𑄦𑄨 𑄥𑄢 𑄎𑄧𑄚𑄧𑄟𑄧𑄖𑄳𑄠 𑄦𑄎𑄨 𑄎𑄬𑄝𑄧।,Future
এত চিটিংবাজ করে আমাদের মা বোন,𑄃𑄬𑄘𑄧𑄇𑄳𑄠 𑄌𑄨𑄘𑄬𑄣𑄰 𑄎𑄨𑄁𑄦𑄚𑄨 𑄉𑄧𑄋𑄬 𑄘𑄬𑄘𑄚𑄴 𑄃𑄟 𑄟 𑄝𑄮𑄚𑄪𑄚𑄴।,Present
বুক দিে জীবন চলতেছে,𑄝𑄪𑄇𑄴 𑄘𑄨𑄝𑄬𑄘𑄨𑄛𑄳𑄠 𑄉𑄧𑄢𑄨 𑄎𑄩𑄋𑄴𑄦𑄚𑄨 𑄛𑄢𑄴 𑄉𑄧𑄖𑄴𑄧𑄚𑄴।,Present
আজকে এগুলো চোখের কথা না,𑄃𑄎𑄧𑄣𑄬 𑄃𑄨𑄠𑄚𑄨 𑄌𑄮𑄉𑄧 𑄞𑄌𑄴𑄌𑄳𑄠 𑄇𑄧𑄙 𑄚𑄧𑄠𑄴।,Present
.পথের পাশে একটা ঘটনা ঘটে গেছে।,𑄛𑄧𑄖𑄴𑄧𑄟𑄧 𑄊𑄧𑄑𑄧𑄚 𑄉𑄧𑄘𑄨 𑄡𑄢𑄴 𑄦𑄨𑄣𑄴𑄌𑄘𑄬𑄉𑄋𑄴𑄦𑄧𑄖𑄴।,Present
আসা যাওা একটা ঘটনা ২০০৭ সালে ব্রীজের ঢালে গিে বসলে সাথে সাথে মাথা ঘুরে যা,𑄃𑄬𑄥𑄕𑄳𑄠 𑄃𑄬𑄇𑄴𑄇𑄚𑄴 𑄊𑄧𑄑𑄧𑄚 𑄸𑄶𑄶𑄽 𑄥𑄣𑄧𑄖𑄴 𑄘𑄨𑄊𑄨𑄚𑄣 𑄎𑄮𑄢 𑄝𑄳𑄢𑄨𑄎𑄧 𑄌𑄉𑄣𑄧𑄖𑄴 𑄎𑄚𑄪𑄠𑄢𑄨 𑄛𑄧𑄣𑄴𑄣𑄬 𑄥𑄛𑄴𑄖𑄖𑄴 𑄉𑄧𑄘𑄨 𑄡𑄨𑄠𑄳𑄠 ।,Present
এই অবস্থাটা হেছে ভালো,𑄃𑄬 𑄊𑄧𑄑𑄧𑄚 𑄦𑄧𑄠𑄧𑄖𑄴 𑄥𑄪𑄚𑄴𑄚𑄧।,Present
"আমাদের স্বপ্নগুলো পাশ কেটে চলে যা, বুক ভরা সুখ হে যা না","𑄦𑄟𑄇𑄴𑄇𑄭 𑄎𑄨𑄁𑄦𑄚𑄨 𑄉𑄧𑄋𑄢𑄬 𑄘𑄨𑄇𑄴𑄇𑄪𑄚𑄴 𑄃𑄟 𑄥𑄧𑄝𑄧𑄚𑄚𑄨 𑄟𑄪𑄦𑄪𑄖𑄴𑄖𑄳𑄠𑄭 𑄜𑄢𑄧𑄇𑄴 𑄃𑄭 𑄞𑄋𑄨 𑄡𑄠𑄴, 𑄝𑄪𑄇𑄴 𑄞𑄧𑄢 𑄃𑄎 𑄙𑄧𑄋𑄴𑄥𑄧 𑄃𑄧𑄭 𑄡𑄠𑄴 𑄘𑄨𑄚𑄴 𑄉𑄧𑄟𑄨 𑄚𑄧'𑄡𑄘𑄬।",Present
.ঠিক সম করে একটি শিশু চরতেছে।,𑄗𑄨𑄇𑄴 𑄥𑄨𑄇𑄴𑄇𑄳𑄠 𑄉𑄧𑄢𑄨 𑄞𑄋𑄨 𑄉𑄬𑄣𑄧 𑄌𑄧𑄢𑄧𑄚𑄴 𑄚𑄋𑄬 𑄃𑄬𑄇𑄴𑄇𑄪 𑄛𑄪𑄃𑄧𑄢𑄴 𑄥𑄧𑄝𑄧𑄚𑄴।,Present
".যেখানে তার জাগা আছে,যেখানে ঘুমা,সেইখানে কজন লোক আগে থেকে কথা বলে দিছে","𑄡𑄬 𑄃𑄧𑄇𑄴𑄖𑄧𑄖𑄴 𑄖𑄢𑄴 𑄎𑄮𑄢 𑄥𑄪𑄉𑄧𑄣𑄧𑄁 𑄥𑄬𑄌𑄴, 𑄡𑄬 𑄃𑄧𑄇𑄴𑄖𑄧𑄖𑄴 𑄊𑄪𑄟𑄧𑄖𑄴 𑄛𑄪𑄢𑄨𑄝𑄢𑄴, 𑄥𑄬 𑄃𑄇𑄴𑄖𑄧𑄖𑄴 𑄇𑄧𑄠𑄬𑄇𑄴𑄎𑄧𑄚𑄴 𑄟𑄚𑄴𑄌𑄳𑄠 𑄇𑄧𑄙 𑄃𑄉𑄬 𑄉𑄧𑄢𑄨 𑄘𑄉𑄨 𑄚𑄬𑄠𑄳𑄠𑄭 𑄎𑄧𑄚𑄧𑄟𑄧𑄖𑄳𑄠𑄭 𑄛𑄨𑄖𑄴𑄗𑄨𑄟𑄩 𑄝𑄪𑄉𑄧𑄖𑄴𑄪𑄚𑄴 𑄝𑄨𑄘𑄬𑄠𑄴 𑄘𑄳𑄠𑄪𑄚𑄴।",Present
.ছেলেরা ২.৫ জনের সমান ভাগ করে দিে সারাদিন যে স্বপ্ন দেখেছি তা সব ভেঙে গেল,𑄝𑄬𑄌𑄢𑄭 𑄃𑄧𑄚𑄳𑄠𑄧 𑄷𑄶/𑄻 𑄎𑄧𑄚𑄧𑄢𑄴 𑄥𑄚𑄴 𑄥𑄪𑄇𑄴 𑄘𑄪𑄉𑄧𑄢𑄴 𑄇𑄠𑄴 𑄇𑄪𑄠𑄴 𑄗𑄬𑄭 𑄘𑄨'𑄘𑄨𑄚𑄧𑄢𑄴 𑄎𑄨𑄋𑄴𑄦𑄚𑄨 𑄉𑄧𑄋𑄬 𑄘𑄨𑄝𑄖𑄳𑄠 𑄡𑄬 𑄥𑄧𑄝𑄧𑄚𑄴 𑄃𑄎 𑄝𑄬𑄇𑄴 𑄞𑄋𑄨 𑄉𑄬𑄣𑄧।,Past
.এইটা কি তার?,𑄃𑄨𑄇𑄳𑄠 𑄦𑄨 𑄃𑄧𑄝𑄧 𑄖𑄢𑄴?,Present
সে বুা,𑄥𑄬 𑄝𑄮𑄚𑄴𑄚𑄪।,Present
বািতে ফিরে যাওা বাকি আছে,𑄊𑄧𑄢𑄧𑄖𑄴 𑄜𑄨𑄢𑄨 𑄡𑄚 𑄝𑄘𑄬 𑄦𑄨 𑄃𑄉𑄬।,Present
তার বাবা-মা একসাথে পূজা করে কেন?,"𑄖 𑄟𑄳𑄦 - 𑄝𑄛𑄴𑄛𑄪𑄚𑄴 𑄡𑄪𑄚𑄨 𑄛𑄪𑄎𑄮𑄢𑄴 𑄉𑄧𑄢𑄧𑄚𑄴 ""𑄎𑄧𑄟𑄬𑄭 𑄘𑄉𑄨 𑄦𑄪𑄘𑄪''?",Present
জো দিে না,𑄎𑄮𑄛𑄴 𑄘𑄨 𑄚𑄧𑄛𑄢𑄬।,Present
দুই চাকার মধ্যে চাচা পানি,𑄘𑄨'𑄌𑄮𑄉𑄧 𑄝𑄬𑄭 𑄌𑄬𑄢𑄋𑄴 𑄌𑄬𑄢𑄋𑄴 𑄛𑄚𑄨।,Present
".হওা যা না,হেঁচা আছে","𑄦𑄧𑄝𑄢𑄴 𑄚𑄧 𑄛𑄋𑄧𑄢𑄴 𑄥𑄬 𑄝𑄮𑄚𑄴𑄚𑄪 𑄦𑄪𑄘𑄪 𑄃𑄉𑄬 𑄃𑄨𑄇𑄳𑄠, 𑄦𑄬𑄚𑄴𑄎𑄚𑄴 𑄃𑄊𑄬।",Present
হামাগুি দিে লাফিে যা,𑄦𑄟𑄇𑄴𑄇𑄭 𑄃𑄬𑄇𑄴 𑄝𑄪𑄇𑄴 𑄃𑄝𑄨𑄣𑄳𑄠𑄎𑄧 𑄝𑄪𑄉𑄧𑄢𑄴𑄉𑄮𑄢𑄬𑄋𑄧𑄖𑄴 𑄝𑄚𑄨 𑄎𑄨𑄁𑄦𑄚𑄨 𑄉𑄧𑄋𑄬 𑄘𑄬𑄢𑄴।,Present
"হা বোন,তুমি চোখের পলক ফেলিও না","𑄦𑄳𑄠𑄀 𑄝𑄮𑄚𑄴, 𑄖𑄪𑄭 𑄚𑄧'𑄇𑄚𑄨𑄌𑄴 𑄃𑄝𑄨𑄣𑄳𑄠𑄎𑄧 𑄚𑄧'𑄦𑄬𑄌𑄴।",Present
"পাহাের কালি পূজা করলে যা, কপাল কালিমা পরতে হ","𑄦𑄘𑄧 𑄇𑄣𑄨 𑄛𑄪𑄎𑄨𑄣𑄬 𑄡𑄠𑄴, 𑄇𑄧𑄛𑄣𑄧 𑄇𑄣𑄨 𑄞𑄪𑄎 𑄛𑄧𑄢𑄬।",Present
মনে করো এটা তোমার আগের জনের কর্মের ফল,𑄟𑄧𑄚𑄬 𑄉𑄧𑄢𑄴 𑄃𑄨𑄠𑄚𑄴 𑄖𑄧𑄢𑄴 𑄃𑄉𑄧 𑄎𑄧𑄚𑄧𑄟𑄧𑄢𑄴 𑄇𑄧𑄢𑄴𑄟𑄧 𑄜𑄧𑄣𑄴।,Present
এই পৃথিবীতে শুধু তোমার গা,𑄃𑄬𑄭 𑄛𑄨𑄖𑄴𑄗𑄩𑄟𑄨𑄖𑄴 𑄝𑄚 𑄖𑄧𑄢𑄴 𑄉𑄧𑄘𑄨 𑄚𑄧𑄠𑄴।,Present
তোমার বোন আাআি করে রাত করতেছে,𑄖𑄧 𑄥𑄚𑄴 𑄃𑄎𑄢𑄴 𑄃𑄎𑄢𑄴 𑄟 𑄝𑄮𑄚𑄴 𑄃𑄧𑄉𑄪𑄢𑄴 𑄥𑄉𑄧𑄢𑄧𑄖𑄴 𑄛𑄪𑄢𑄨 𑄃𑄤𑄧𑄌𑄳𑄠 𑄢𑄬𑄖𑄴 𑄉𑄧𑄋𑄬 𑄘𑄬𑄘𑄧𑄚𑄴।,Present
তাদের কলিজাটা দেখে পাহাের ময়লাগুলো ছেে যা,𑄖𑄢𑄢𑄴 𑄦𑄨𑄖𑄴𑄖𑄳𑄠 𑄌𑄬𑄭 𑄟𑄮𑄚𑄴𑄛 𑄘𑄪𑄉𑄧𑄉𑄚𑄨 𑄍𑄬𑄭 𑄉𑄧𑄢𑄴।,Present
". যারা তোমার আপনজন হবে না,তোমরা তাদের জন্য চিন্তা করো - চলে যাও না","𑄡𑄢 𑄖𑄮𑄟 𑄥𑄧𑄞𑄧𑄚𑄚𑄨 𑄛𑄧𑄖𑄴𑄧𑄟𑄬 𑄦𑄧𑄝𑄖𑄳𑄠 𑄚𑄧'𑄘𑄳𑄠𑄪𑄚𑄴, 𑄖𑄪𑄭 𑄖𑄢𑄖𑄴𑄬 𑄟𑄰𑄖𑄴𑄖𑄳𑄢𑄨 𑄞𑄝𑄧𑄚 𑄉𑄧𑄢𑄴 - 𑄉𑄬𑄭𑄣𑄴 𑄚𑄧' 𑄘𑄨𑄌𑄴।",Present
এগুলো আমার কোমাগুলো সেগুলো,𑄃𑄨𑄠𑄚𑄴 𑄟𑄧𑄢𑄴 𑄇𑄮𑄎𑄪𑄣𑄨 𑄖𑄮𑄟 𑄥𑄨𑄘𑄪।,Present
"আমার এই লেখা আমাদের জাগা পেছে, কিন্তু তার আগের ঝগাটা অনেক সুন্দর","𑄟𑄧𑄢𑄴 𑄃𑄬𑄭 𑄣𑄬𑄊𑄚𑄴 𑄃𑄟 𑄎𑄘𑄧𑄢𑄴 𑄛𑄎 𑄛𑄰𑄱𑄘𑄳𑄠𑄚𑄬, 𑄖𑄧𑄝𑄬 𑄖'𑄃𑄉𑄬 𑄥𑄬𑄎𑄧 𑄇𑄪𑄌𑄴𑄎𑄳𑄠 𑄃𑄉𑄬 𑄞𑄋𑄚 𑄘𑄮𑄣𑄴।",Present
মনে হ আমি কবি না-নই কবি,𑄦𑄨𑄖𑄴𑄖𑄳𑄠𑄭 𑄟𑄪𑄃𑄨 𑄦𑄧𑄚𑄧 𑄇𑄧𑄝𑄨 𑄚𑄧𑄠𑄴-𑄚𑄧𑄠𑄴 𑄇𑄖𑄳𑄠(𑄣𑄬𑄈𑄧𑄇𑄴)।,Present
.সে পার মতো কালো চামা বেশি হবে আমার,𑄥𑄨𑄖𑄳𑄠𑄭 𑄛𑄧𑄢𑄮𑄠 𑄣𑄧𑄇𑄧𑄢𑄴 𑄃𑄨𑄘𑄪 𑄦𑄬𑄟 𑄌𑄁 𑄡𑄪𑄚𑄨 𑄝𑄬𑄌𑄴 𑄦𑄧𑄟𑄴 𑄃𑄧𑄠𑄴 𑄟𑄧'𑄣𑄬𑄊𑄖𑄴।,Future
কথা আছে সামনে সামনে যাওা জীবনটা,𑄇𑄧𑄙 𑄃𑄊𑄬 𑄟𑄪𑄎𑄪𑄋𑄬 𑄃𑄇𑄴𑄇𑄰𑄱 𑄡𑄚 𑄎𑄨𑄝𑄧𑄚𑄧𑄢𑄴 𑄛𑄎।,Present
.একজনে যাওা এখানে জীবনে সুখ- হাসি,𑄃𑄇𑄴𑄇𑄰𑄱 𑄡𑄚 𑄃𑄨𑄠𑄧𑄖𑄴 𑄃𑄊𑄬 𑄎𑄨𑄝𑄧𑄚𑄧𑄢𑄴 𑄥𑄪𑄇𑄴 - 𑄦𑄎𑄨।,Present
পাহাের কথা সবসম বলে,𑄟𑄪𑄣𑄪𑄇𑄴 𑄇𑄧𑄙 𑄃𑄧𑄣𑄧𑄘𑄳𑄠 𑄎𑄨𑄋𑄴𑄦𑄚𑄨 𑄖𑄧𑄎𑄨𑄟𑄴𑄛𑄪𑄢𑄴।,Present
.পঁচে পা বা লেপ পে থাকা জীবন না,𑄛𑄨𑄌𑄴𑄎𑄬 𑄛𑄪𑄢𑄨 𑄝 𑄣𑄬𑄟𑄴 𑄛𑄪𑄢𑄨 𑄗𑄚 𑄎𑄨𑄝𑄧𑄚𑄴 𑄚𑄧𑄠𑄴।,Present
"জীবনে পাা না,লম্বা না","𑄎𑄨𑄝𑄧𑄚𑄧𑄢𑄴 𑄛𑄎𑄠𑄳𑄠 𑄚𑄧𑄠𑄴,𑄣𑄧𑄇𑄴𑄈𑄳𑄠 𑄚𑄧𑄠𑄴।",Present
বেশি ব হওা ভালো,𑄝𑄧𑄢𑄧𑄁 𑄝𑄧𑄌𑄴 𑄡𑄚 𑄘𑄮𑄣𑄴।,Present
"মানুষরা সিিে দিে যা,দো ভালো করে দেখা, দেখে চলে যাওা জীবনে অনেক সুখ","𑄟𑄚𑄪𑄌𑄴 𑄥𑄨𑄢𑄨𑄖𑄨 𑄥𑄬𑄢 𑄎𑄩𑄝𑄴 𑄦𑄨𑄎𑄬𑄝𑄬 𑄥𑄧𑄟𑄌𑄴, 𑄘𑄬𑄌𑄴 𑄞𑄣𑄬𑄘𑄨𑄖𑄳𑄠𑄭 𑄡 𑄥𑄬𑄘𑄟𑄬 𑄇𑄪𑄣𑄭 𑄘𑄬𑄊𑄚, 𑄘𑄬𑄊𑄬𑄭 𑄡𑄚𑄖𑄴 𑄃𑄉𑄬 𑄎𑄨𑄝𑄧𑄚𑄧𑄢𑄴 𑄥𑄪𑄚𑄴𑄎𑄪𑄇𑄴।",Present
সে বাপ-বেই লক,𑄖𑄬 𑄝𑄛𑄴-𑄞𑄬𑄭 𑄣𑄧𑄇𑄴!,Present
"তোমরা চূা পাপি,মোরত পাপি পাে একনাগাে হাঁটবে নাকি?","𑄖𑄪𑄟𑄨 𑄌𑄧 𑄃𑄟𑄧𑄣𑄴 𑄉𑄪𑄢𑄨, 𑄟𑄪𑄢𑄧𑄖𑄴 𑄛𑄪𑄢𑄨 𑄝𑄪𑄉𑄧𑄖𑄴 𑄦𑄘𑄧 𑄘𑄨𑄚𑄳𑄠𑄭 𑄃𑄬𑄇𑄴𑄝𑄢𑄴 𑄦𑄨 𑄞𑄝𑄨𑄝?",Future
সহজে চিন্তা করা,𑄦𑄟𑄇𑄴𑄇𑄭 𑄞𑄝𑄧𑄚 𑄃𑄪𑄌𑄨𑄖𑄴।,Present
"না থাকলে চলে যাওা ভালো,নিচে লাফ দিবো","𑄚𑄧 𑄃𑄧𑄣𑄬 𑄎𑄬𑄘 𑄝𑄘𑄬 𑄥𑄧𑄢𑄴𑄉𑄧,𑄚𑄨𑄢𑄴𑄝𑄕𑄧 𑄣𑄝𑄴 𑄉𑄢𑄨𑄝𑄧𑄋𑄴।",Future
. যারা আসা যাওা করতেছে তারা হিসু করতেছে।,𑄡𑄢 𑄃𑄬𑄌𑄳𑄠 𑄘𑄬𑄌𑄴 - 𑄎𑄖𑄴 𑄃𑄬𑄢𑄚𑄴 𑄉𑄧𑄢𑄨𑄝𑄖𑄳𑄠 𑄣𑄢𑄬𑄭 𑄉𑄧𑄖𑄴𑄧𑄚𑄴 𑄖𑄢 𑄦𑄨 𑄥𑄧𑄖𑄴𑄖𑄨 𑄥𑄧𑄖𑄴𑄖𑄨 𑄘𑄬𑄌𑄴 𑄎𑄖𑄴 𑄦𑄮𑄌𑄴𑄛𑄬𑄚𑄳𑄠𑄠𑄴 𑄉𑄧𑄖𑄴𑄖𑄧𑄚𑄴?,Present
ঘর থেকে বের হে যাওার সম অনেক ব জিনিস বের হ,𑄘𑄬𑄊𑄧𑄢𑄴 𑄎𑄖𑄴𑄪 𑄃𑄧𑄖𑄴𑄧𑄟𑄚𑄴 𑄣𑄬𑄁 𑄃𑄧𑄣𑄧।,Present
"বোই-বোইনটা যে মানুষরা দেখে না,পাহাের পাহািটা দেখে আসি,যে মানুষটা পাহাের পাে পাহািে আসে,যে মানুষটা পাহাের পাে পাহািে আসে","𑄞𑄬𑄭𑄠𑄬-𑄞𑄬𑄭𑄠𑄬, 𑄟𑄢𑄟𑄢𑄨 𑄘𑄮𑄣 - 𑄘𑄪𑄣𑄨, 𑄢𑄪𑄉𑄧-𑄢𑄪𑄉𑄳𑄠𑄖𑄴𑄪𑄚𑄴 𑄡𑄬 𑄟𑄚𑄬𑄝𑄪 𑄚𑄧' 𑄘𑄨𑄇𑄴𑄇𑄳𑄠 𑄎𑄨𑄚𑄨𑄥𑄚𑄴 𑄘𑄬𑄊𑄬𑄠𑄬,𑄚𑄧'𑄥𑄪𑄚𑄴𑄚𑄳𑄠 𑄇𑄧𑄙𑄠𑄚𑄴 𑄥𑄪𑄚𑄬𑄠𑄬, 𑄛𑄮-𑄍 𑄥𑄚𑄳𑄠 𑄛𑄣𑄬 𑄃𑄚𑄳𑄠, 𑄡𑄬 𑄟𑄚𑄬𑄝𑄪 𑄌𑄋𑄴𑄟 𑄎𑄘𑄧𑄢𑄴 𑄟𑄢𑄧𑄚𑄴 𑄇𑄝𑄪𑄇𑄴 𑄦𑄛𑄴𑄖𑄳𑄠 𑄉𑄧𑄘 𑄛𑄰𑄘𑄳𑄠𑄚𑄬 𑄛𑄳𑄢𑄧𑄖𑄨𑄝𑄘𑄧 𑄉𑄧𑄌𑄴𑄍𑄬,",Present
তিন বছর গেলো হাত,𑄖𑄨𑄚𑄴 𑄝𑄧𑄎𑄧𑄢𑄴 𑄎𑄬𑄣𑄴 𑄦𑄖𑄳𑄠।,Past
"বেগ থেকে বেশি ব ব কথা বলে জঙ্গল থেকে বের হে আসবে, সেই পাহাের পাশ দিে হেঁটে যাওার সম সে পাহাের পাশ দিে যাচ্ছে","𑄝𑄬𑄉𑄧𑄖𑄴𑄪𑄚𑄴 𑄝𑄬𑄌𑄴 𑄟𑄪𑄣𑄪𑄇𑄴 𑄇𑄧𑄙 𑄃𑄧𑄣𑄧𑄘𑄳𑄠 𑄎𑄘𑄧𑄢𑄴 𑄃𑄬𑄢𑄚𑄧𑄖𑄳𑄠𑄭 𑄥𑄪𑄘𑄴𑄧 𑄙𑄧𑄚𑄴 𑄢𑄎 𑄛𑄪𑄃𑄧 𑄞𑄧𑄉𑄧𑄝𑄚𑄴 𑄝𑄪𑄘𑄴𑄧 𑄥𑄚𑄴 𑄎𑄨𑄋𑄴𑄦𑄚𑄨 𑄝𑄬𑄉𑄧 𑄥𑄪𑄉𑄧 𑄃𑄨𑄢𑄨 𑄃𑄖𑄳𑄠𑄢𑄴 𑄉𑄧𑄎𑄨𑄣𑄰 𑄏𑄢𑄧𑄖𑄴 𑄌𑄧𑄟𑄴𑄟𑄬, 𑄥𑄬 𑄎𑄘𑄧𑄢𑄴 𑄛𑄖𑄴𑄧𑄣𑄨𑄝𑄪𑄢𑄬 𑄃𑄢𑄬𑄣𑄧𑄁 𑄃𑄧𑄚𑄧 𑄇𑄨𑄌𑄴𑄍𑄪 𑄚𑄧'𑄞𑄝𑄨,𑄉𑄧𑄟𑄴 𑄝𑄕𑄳𑄠 𑄌𑄨𑄚𑄴𑄖𑄳𑄠 𑄚𑄧'𑄉𑄧𑄢𑄨 𑄎𑄖𑄴𑄪𑄢𑄬 𑄝𑄪𑄉𑄧 𑄌𑄬𑄭 𑄣𑄖𑄴𑄬𑄣𑄇𑄴।",Present
"মা-বাবা,বাবা-ভাই কানে না শুনে লাফাচ্ছে","𑄟-𑄝𑄮𑄚𑄴, 𑄝𑄛𑄴-𑄝𑄬𑄭 𑄇𑄚𑄬 𑄣𑄇𑄴-𑄘𑄪𑄉𑄧𑄖𑄴 𑄜𑄬𑄣𑄬 𑄣𑄇𑄴।",Present
.এটা কি আমাদের জাগা?,𑄃𑄨𑄠𑄚𑄴 𑄦𑄨 𑄃𑄟 𑄎𑄘𑄧𑄢𑄴 𑄛𑄎?,Present
না জাতেরও পাহাে আাআি নিেছে,𑄚 𑄎𑄖𑄴𑄮𑄬𑄮 𑄟𑄪𑄎𑄪𑄋𑄬 𑄃𑄇𑄴𑄮𑄃𑄨 𑄚𑄬𑄡𑄬𑄚𑄭?,Present
এক জাতী মাছ,𑄥𑄧𑄢𑄴𑄝𑄧𑄚𑄌𑄴!,Present
.এত করে বোই মারা কে ছিঁে দো,𑄃𑄬 𑄥𑄚𑄳𑄠 𑄉𑄧𑄢𑄨 𑄞𑄬𑄭𑄠𑄬 𑄝𑄬𑄭𑄠𑄬 𑄟𑄢𑄚 𑄇𑄧𑄚𑄴𑄚 𑄥𑄨𑄇𑄴𑄈𑄳𑄠 𑄘𑄨𑄠𑄳𑄠?,Present
আমি চিন্তা করি না আমার মানুষও না,𑄟𑄪𑄃𑄨 𑄞𑄝𑄴 𑄝𑄘𑄨 𑄚𑄧𑄠𑄴 𑄟𑄧𑄃 𑄟𑄚𑄪𑄌𑄴𑄤𑄧 𑄚𑄧𑄠𑄴।,Present
.তুমি কেন আমার প্রাণটা কান্না করতেছে?আমার প্রাণটা কান্না করতেছে কেন?,𑄖𑄳𑄠𑄪𑄃𑄧 𑄟𑄧𑄢𑄴 𑄛𑄧𑄢𑄚𑄚𑄴 𑄇𑄚𑄨 𑄇𑄚𑄨 𑄛𑄪𑄎𑄮𑄢𑄴 𑄉𑄧𑄢𑄬 𑄟𑄚𑄪𑄌𑄴 𑄃𑄬𑄘𑄧𑄇𑄴 𑄌𑄨𑄖𑄴 𑄚𑄬𑄭 - 𑄟𑄳𑄠𑄠𑄬 𑄚𑄬𑄭 𑄃𑄧𑄣𑄇𑄴 𑄦𑄨𑄋𑄴𑄢𑄨 ?,Present
".কবা এরা কবা না, জাত ভাই এই না জেনেই মারা গেছে।","""𑄇𑄧𑄝 𑄃𑄬𑄢 𑄇𑄧𑄝𑄠𑄳𑄠 𑄚𑄧'𑄈𑄚𑄴"" 𑄎𑄖𑄴 𑄞𑄬𑄭 𑄃𑄰 𑄚𑄭 𑄞𑄬𑄭 𑄟𑄢𑄚 𑄞𑄨𑄎𑄧𑄠𑄴 𑄥𑄧𑄁𑄈𑄧 𑄝𑄎𑄬𑄢𑄴।",Present
"ভারী অসুখ কথা, জাতি এক জাতী মানুষ,ঘুষি খা,অতিরিক্ত হলে তাকে ঘুষ খা,অতিরিক্ত হলে তাকে পিে দে,অতিরিক্ত হলে তাকে পতে হ,অতিরিক্ত হলে তাকে পিে দে,অতিরিক্ত হলে তাকে কষ্ট দে","𑄞𑄢𑄨 𑄛𑄨𑄢𑄬 𑄇𑄧𑄙, 𑄞𑄢𑄨 𑄖𑄧𑄍𑄳𑄠 𑄇𑄧𑄙 𑄡𑄢 𑄘𑄬𑄌𑄴 𑄃𑄫𑄘𑄧𑄢𑄧𑄖𑄳𑄠, 𑄎𑄖𑄴 𑄃𑄬𑄢𑄚𑄧𑄖𑄳𑄠, 𑄘𑄬𑄌𑄴 𑄃 𑄎𑄖𑄴 𑄟𑄧𑄁𑄣𑄧𑄖𑄳𑄠 𑄃𑄖𑄳𑄠𑄢𑄴 𑄘𑄧𑄌𑄴𑄎𑄮𑄚𑄴, 𑄖𑄢 𑄡𑄪𑄚𑄨 𑄌𑄧𑄢𑄨𑄖𑄳𑄢𑄧 𑄦𑄨𑄚𑄴 𑄦𑄧𑄚𑄴, 𑄔𑄬𑄁 𑄝𑄎𑄨 𑄉𑄧𑄢𑄧𑄚𑄴, 𑄊𑄪𑄌𑄴 𑄈𑄚𑄴, 𑄘𑄪𑄢𑄴𑄝𑄧𑄣𑄴, 𑄚𑄨𑄢𑄛𑄧𑄢𑄙𑄧 𑄟𑄚𑄬𑄭 𑄃𑄪𑄚𑄧𑄢𑄬 𑄛𑄬𑄢𑄎𑄚𑄴 𑄘𑄳𑄠𑄪𑄚𑄴, 𑄦𑄧𑄟𑄧𑄖 𑄃𑄧𑄛𑄧𑄝𑄳𑄠𑄧𑄝𑄧𑄦𑄢𑄴 𑄉𑄧𑄢𑄧𑄚𑄴।",Present
এক পাটিকাা পাখি দিে বদনাম শোনা যা,𑄃𑄬𑄌𑄳𑄠 𑄛𑄑𑄨𑄇𑄢𑄴𑄟𑄨 𑄛𑄮𑄱𑄱𑄭𑄘𑄳𑄠𑄚𑄬 𑄉𑄧𑄘𑄬𑄣𑄴 𑄉𑄧𑄘𑄬𑄣𑄴 𑄝𑄧𑄘𑄧𑄚𑄟𑄴 𑄥𑄪𑄚 𑄡𑄠𑄴।,Present
". যারা দেশ ভালো করে নিজেদের কাজে অবহেলা করে, তাদের শক্ত হওা উচিত","𑄡𑄢 𑄘𑄬𑄌𑄴 𑄎𑄖𑄴 𑄞𑄣𑄬𑄘𑄨 𑄛𑄧𑄝𑄨𑄖𑄳𑄢𑄧 𑄚𑄋𑄬 𑄚𑄨𑄎𑄧 𑄇𑄟𑄧𑄖𑄴 𑄦𑄬𑄣𑄛𑄬𑄣 𑄉𑄧𑄢𑄧𑄚𑄴, 𑄖𑄢𑄢𑄴 𑄇𑄧𑄒𑄮𑄢𑄴 𑄥𑄌𑄴𑄖𑄨 𑄦𑄧𑄚 𑄃𑄪𑄌𑄨𑄖𑄴।",Present
মনে হ তারা এই মলা পছন্দ করে না,𑄟𑄖𑄴𑄧𑄢𑄴 𑄖𑄢𑄢𑄴 𑄃𑄬 𑄟𑄧𑄃𑄛𑄛𑄧𑄢𑄴 𑄛𑄳𑄢𑄠𑄴𑄥𑄨𑄌𑄴𑄖𑄴𑄧 𑄚𑄬𑄭।,Present
"যারা অবাক হ তারা বেশি হারিে যা, সেটার মীমাংসা কি?","𑄡𑄢 𑄃𑄧𑄝𑄇𑄴 𑄞𑄢𑄨 𑄉𑄧𑄟𑄴,𑄖𑄢 𑄎𑄪𑄚𑄨 𑄝𑄬𑄌𑄴 𑄦𑄢𑄛𑄴 𑄦𑄧𑄚𑄴 𑄥𑄣𑄬𑄚𑄴, 𑄥𑄨𑄠𑄚𑄧𑄢𑄴 𑄟𑄨𑄟𑄁𑄥 𑄦𑄨 ?",Present
"যে সাপটা নিে ভাই-বোনের সাথে ভূতে পাওা যা,","𑄡𑄬 𑄥𑄧𑄥𑄳𑄠𑄝𑄪 𑄣𑄰𑄮 𑄞 𑄖𑄴 𑄓𑄛𑄚𑄴, 𑄥𑄬 𑄥𑄧𑄥𑄳𑄠 𑄝𑄪𑄢𑄬 𑄡𑄪𑄚𑄨 𑄞𑄫𑄖𑄬 𑄛𑄠𑄴 ?",Present
"এই জাতিটা এমন এক রাত করতেছে যে রাতে কোনো পোকা বের হনা, যে রাতে তারা নেই","𑄃𑄬𑄌𑄳𑄠 𑄎𑄖𑄴𑄪 𑄃𑄬𑄟𑄧𑄚𑄴 𑄃𑄬𑄇𑄴 𑄢𑄬𑄖𑄴 𑄉𑄧𑄋𑄬 𑄘𑄬𑄢𑄴 𑄡𑄬 𑄢𑄬𑄘𑄮𑄖𑄴 𑄃𑄧𑄚𑄧 𑄛𑄪𑄇𑄴 𑄎𑄪𑄇𑄴 𑄚𑄧'𑄓𑄧𑄉𑄧𑄢𑄧𑄚𑄴, 𑄡𑄬 𑄢𑄬𑄘𑄮𑄖𑄴 𑄃𑄧𑄚𑄧 𑄖𑄢 𑄚𑄬𑄭।",Present
"শুধু শুধু কালো মেঘ,ঝিঝিরিঝিরি আলো,অপর রেছে,নাই পাা,পাহাের পোকা-উগল","𑄝𑄚 𑄝𑄧𑄚 𑄝𑄧𑄚 𑄇𑄣 𑄟𑄬𑄊𑄧, 𑄏𑄨𑄟𑄨𑄖𑄴 𑄏𑄨𑄟𑄨𑄖𑄴 𑄏𑄨𑄟𑄨𑄣𑄚𑄨, 𑄃𑄧𑄚𑄧 𑄢𑄧'𑄚𑄬𑄭,𑄚𑄬𑄭 𑄛𑄬𑄢𑄇𑄴 - 𑄃𑄪𑄢𑄴𑄉𑄪𑄟𑄳𑄠 ।",Present
".সে ভূপেন হাজারিকা সুর তুলে কিন্তু এক মুহুর্তে রাজা আসলো গাে, থাপ্প দিে আসলো টিনি, তাাতাি এসেছে সে, তাাতাি আসতেছে টিনি, তাাতাি আসলো সে","𑄥𑄨𑄖𑄴𑄖𑄳𑄠𑄭 𑄞𑄫𑄛𑄬𑄚𑄴 𑄦𑄎𑄢𑄨𑄇 𑄥𑄪𑄢𑄴 𑄖𑄪𑄣𑄬 𑄃𑄧𑄗𑄧𑄌𑄧 𑄃𑄬𑄇𑄴 𑄃𑄧𑄇𑄴𑄖𑄧𑄖𑄴 𑄢𑄎 𑄃𑄬𑄣𑄧𑄁 𑄛𑄳𑄢𑄎 𑄃𑄫𑄠𑄬𑄭, 𑄛𑄳𑄢𑄎 𑄃𑄬𑄣𑄧𑄁 𑄊𑄝𑄪𑄢𑄴 𑄃𑄫𑄠𑄬𑄭, 𑄗𑄉𑄧𑄠𑄳𑄠 𑄃𑄬𑄣𑄧𑄁 𑄃𑄬𑄍𑄳𑄠 𑄖𑄨𑄚𑄴𑄚𑄪, 𑄖𑄨𑄚𑄴𑄚𑄪 𑄦𑄬𑄘𑄇𑄴𑄖𑄪𑄇𑄴 𑄘𑄬𑄌𑄴 𑄞𑄎𑄨 𑄡𑄢𑄴 𑄞𑄬𑄭𑄠𑄬 𑄞𑄬𑄭𑄠𑄬 𑄣𑄢𑄬𑄖𑄴।",Past
"আেলং জমি, বাগান ঘর কিছু","𑄃𑄢𑄬𑄣𑄧𑄁 𑄞𑄫𑄭 , 𑄝𑄉𑄚𑄴 𑄊𑄧𑄢𑄴 𑄝𑄬𑄉𑄧 𑄇𑄨𑄍𑄪।",Present
"এই ছেলে,মুরের একজাতী ছেলে","𑄃𑄬𑄭𑄣𑄴 𑄟𑄮𑄚𑄴, 𑄟𑄪𑄢𑄧 𑄃𑄧𑄣𑄇𑄴 𑄖𑄇𑄴𑄇𑄪𑄣𑄴 - 𑄃𑄧𑄥𑄨𑄌𑄨।",Present
".তরকারিটা হাজার টাকার সুর তুলে,সেটা কি সত্যি?","𑄖𑄳𑄠𑄪𑄃𑄧 𑄞𑄫𑄛𑄬𑄚𑄴 𑄦𑄎𑄢𑄨𑄇 𑄥𑄪𑄢𑄴 𑄖𑄪𑄣𑄬,"" 𑄥𑄨𑄠𑄚𑄴 𑄦𑄨 𑄥𑄧𑄟𑄴𑄞𑄧𑄝𑄴 ?",Present
কেন আমাদের সমাজে মৌলবাদি ভাইরা আছে মনে হ,𑄇𑄢𑄧𑄚𑄴 𑄃𑄟 𑄥𑄧𑄟𑄎𑄧𑄖𑄴 𑄟𑄯𑄣𑄧𑄝𑄘𑄨 𑄞𑄭𑄢𑄌𑄴 𑄃𑄉𑄧𑄚𑄴 𑄝𑄨𑄣𑄨 𑄟𑄧𑄚𑄬 𑄃𑄧𑄠𑄴।,Present
. যার ফলে জুা বলে এত বাধা- বিঘ্ন,𑄡𑄢𑄴 𑄜𑄧𑄣𑄬 𑄎𑄪𑄟𑄴𑄧 𑄣𑄳𑄠𑄕𑄧𑄓𑄧 𑄥𑄧𑄁𑄉𑄳𑄢𑄟𑄧𑄖𑄴 𑄃𑄬𑄖𑄧 𑄝𑄙 - 𑄛𑄬𑄢𑄟𑄢𑄴।,Present
জাতটা কম বলে সেই পাহাের বুোটা একদিনও আসে না,𑄎𑄖𑄴𑄖𑄮 𑄣𑄭 𑄥𑄬 𑄔𑄬𑄋𑄴𑄢𑄴 𑄝𑄪𑄉𑄧𑄖𑄴 𑄃𑄧𑄚𑄧 𑄘𑄨𑄚𑄴 𑄃𑄝𑄨𑄣𑄳𑄠𑄌𑄴 𑄚𑄬𑄭।,Present
পাথর গলন করে তবুও তাদের মনগুলো গললো না,𑄛𑄗𑄧𑄢𑄴 𑄉𑄧𑄣𑄧𑄚𑄴 𑄖𑄳𑄠𑄪𑄃𑄧 𑄖𑄢 𑄟𑄧𑄚𑄚𑄨 𑄖𑄳𑄠𑄪𑄃𑄧 𑄚𑄧'𑄉𑄧𑄣𑄬 ।,Past
"এই পৃথিবীতে মানুষরা কখনো কুকুরকে মিশিে খা না,ছাগলের হে একদিন ফুল ফোটে","𑄃𑄬𑄭 𑄛𑄨𑄖𑄴𑄗𑄨𑄟𑄩𑄖𑄴 𑄟𑄚𑄪𑄌𑄧𑄢𑄴 𑄞𑄉𑄳𑄠𑄖𑄴 𑄡𑄨𑄇𑄴𑄇𑄬 𑄇𑄪𑄉𑄪𑄢𑄬 𑄟𑄨𑄙𑄬 𑄚𑄧'𑄈𑄠𑄴 , 𑄘𑄪𑄉𑄧 - 𑄦𑄧𑄌𑄴𑄑𑄧 𑄛𑄬𑄢𑄥𑄢𑄴 𑄃𑄉𑄬 𑄥𑄨𑄇𑄴𑄇𑄬 𑄃𑄬𑄇𑄴𑄘𑄨𑄚𑄴 𑄏𑄨𑄉𑄬 𑄜𑄪𑄣𑄴 𑄜𑄪𑄘𑄧𑄚𑄴।",Present
. কারণ মানুষের ভাগ এক সান্তনা জগৎ আছে।,𑄇𑄢𑄧𑄚𑄴 𑄟𑄚𑄧𑄝𑄴 𑄞𑄉𑄳𑄠𑄖𑄴 𑄃𑄬𑄇𑄴 𑄥𑄚𑄴𑄖𑄧𑄚 𑄎𑄧𑄉𑄧𑄖𑄴 𑄃𑄉𑄬।,Present
"মানুষ সিমে নেই দুলিে,সত্তির পাে একদিন বুো হে আসে","𑄟𑄚𑄪𑄌𑄴 𑄥𑄨𑄟𑄬 𑄚𑄬𑄭 𑄘𑄪𑄉𑄧𑄖𑄴, 𑄥𑄧𑄖𑄧 𑄛𑄬𑄢𑄥𑄚𑄨𑄖𑄴 𑄃𑄬𑄇𑄴𑄘𑄨𑄚𑄴 𑄝𑄪𑄉𑄧𑄖𑄴 𑄃𑄎 𑄎𑄉𑄬।",Present
. হওার সম স্থির হ না,𑄦𑄧𑄚𑄧 𑄘𑄪𑄉𑄧 𑄦𑄧𑄌𑄴𑄑𑄧 𑄗𑄨𑄘𑄧𑄝𑄴𑄧𑄢𑄨 𑄚𑄧𑄠𑄴।,Present
এক দিন সংবীর যোদ্ধারা আমাদের গ্রামের মানুষদের আশীর্বাদ করছে,𑄃𑄬𑄇𑄴 𑄘𑄨𑄚𑄴 𑄥𑄧𑄠𑄧𑄁 𑄝𑄩𑄢𑄴 𑄥𑄬𑄚𑄛𑄧𑄖𑄨 𑄢𑄙𑄟𑄧𑄚𑄴 𑄃 𑄟𑄧𑄃𑄛𑄪𑄢𑄪𑄌𑄴 𑄎𑄪𑄟𑄴𑄧 𑄎𑄘𑄧𑄢𑄴 𑄛𑄖𑄴𑄗𑄧𑄣𑄨 𑄣𑄢𑄴𑄟 𑄎𑄖𑄴𑄮𑄢𑄬 𑄃𑄪𑄘𑄴𑄮𑄢𑄴 𑄉𑄧𑄢𑄨𑄝𑄖𑄳𑄠 𑄚𑄳𑄠𑄪𑄃𑄧 𑄉𑄪𑄢𑄨 𑄃𑄟 𑄎𑄘𑄧𑄢𑄴 𑄎𑄧𑄚𑄧𑄟𑄴 𑄚𑄨𑄝𑄇𑄴।,Present
.সমান পাের মাথা লাল বো,𑄥𑄧𑄇𑄴𑄇𑄬 𑄛𑄪𑄉𑄧 𑄟𑄮𑄚𑄴 𑄟𑄙𑄖𑄴 𑄢𑄋 𑄝𑄬𑄣𑄴 𑄃𑄎𑄨𑄝𑄪।,Present
হিল পাহাের পাহাটা একটু একটু করে মুছতে হবে,𑄦𑄨𑄣𑄧𑄢𑄴 𑄟𑄮𑄚𑄴 𑄟𑄪𑄢𑄧 𑄚𑄳𑄠𑄪𑄃𑄧 𑄉𑄧𑄢𑄨 𑄥𑄎𑄨𑄝𑄪 ।,Future
চর চর করে পানি করবে,𑄌𑄧𑄢𑄴 𑄌𑄧𑄢𑄴 𑄉𑄪𑄢𑄨 𑄏𑄪𑄢𑄨 𑄛𑄚𑄨 𑄉𑄧𑄋𑄬𑄝𑄧।,Future
".সবসম আলো নিভে যাবে,শুধু চাং যাওার জাগাটা শুরু করবে,এই জাগা আমার মনটা রেছে","𑄥𑄧𑄇𑄴𑄇𑄬 𑄢𑄧𑄚𑄴𑄎𑄨𑄖𑄴 𑄘𑄬𑄝𑄚𑄬 𑄚𑄳𑄠𑄪𑄃𑄧 𑄉𑄪𑄢𑄨 𑄥𑄪𑄢𑄴 𑄖𑄪𑄣𑄨 𑄉𑄬𑄝𑄧,""𑄚𑄧' 𑄌𑄁 𑄡𑄬𑄝𑄢𑄴 𑄎𑄉𑄚𑄴 𑄥𑄢𑄨/ 𑄃𑄨𑄘𑄪 𑄃𑄉𑄧𑄁 𑄎𑄧𑄚𑄧𑄟𑄚𑄴 𑄉𑄪𑄢𑄨/ 𑄃𑄬𑄭 𑄎𑄉𑄚𑄧𑄖𑄴 𑄢𑄰𑄠𑄬𑄘𑄳𑄠 𑄟𑄧' 𑄟𑄧𑄚𑄚𑄴 𑄎𑄪𑄢𑄨-𑄥𑄪𑄢𑄨""।",Future
সে আগের চাইতে অনেক বদলে গেছে,𑄃𑄬𑄎𑄧 𑄛𑄧𑄢𑄨𑄝𑄧𑄢𑄴𑄖𑄧𑄚𑄴 𑄛𑄧𑄘𑄬 𑄃𑄦𑄴𑄘𑄨,Present
মন একটি স্মৃতি,𑄟𑄧𑄚𑄴 𑄃𑄬𑄇𑄴𑄇𑄚𑄴 𑄟𑄬𑄟𑄮𑄢𑄨।,Present
".এই স্মৃতিটা ট্রাক্টরে করে,চিনে পে নাচিে","𑄃𑄬 𑄟𑄬𑄟𑄮𑄢𑄨 𑄖𑄧𑄗𑄳𑄠 𑄛𑄳𑄢𑄡𑄪𑄇𑄴𑄖𑄨 𑄡𑄪𑄉𑄧𑄖𑄴 𑄓𑄋𑄧𑄢𑄴 𑄃𑄬𑄇𑄴𑄇𑄚𑄴 𑄘𑄧𑄢𑄴𑄇𑄢𑄨 𑄚𑄋𑄴, 𑄌𑄨𑄚𑄴 𑄛𑄧𑄌𑄴𑄍𑄬 𑄚𑄋𑄴 ।",Present
.নাচা পাখানা নেই,𑄚𑄧'𑄌𑄨𑄚𑄧𑄚𑄴 𑄛'𑄟𑄚𑄪𑄌𑄴 𑄚𑄬𑄭।,Present
"এই মেমোরিতে গান,ছবি,গেম ইত্যাদি অনেক ভালো-বানে যাওা যা,এখন সেই থাকবে","𑄃𑄬𑄭 𑄟𑄬𑄟𑄮𑄢𑄨𑄖𑄴 𑄉𑄚𑄴,𑄍𑄧𑄝𑄨,𑄉𑄬𑄟𑄴𑄥𑄧 𑄚𑄚𑄋𑄴 𑄇𑄨𑄎𑄪 𑄉𑄧𑄟𑄴 - 𑄝𑄚𑄳𑄠 𑄣𑄮𑄓𑄧 𑄉𑄧𑄢 𑄡𑄠𑄴, 𑄃𑄧𑄇𑄴𑄇𑄧𑄢𑄴 𑄃𑄰 𑄗𑄬𑄝𑄧।",Future
"ভালো লাগিে রিবেং থেকে সুতা বের করে আসা যা,সেটার জন্য মনটা ছটফট করতেছে,","𑄉𑄧𑄟𑄴 𑄣𑄉𑄨 𑄢𑄨𑄝𑄬𑄋𑄧𑄖𑄴𑄪𑄚𑄴 𑄍𑄉𑄨 𑄍𑄪𑄉𑄠𑄴 𑄃𑄤𑄧𑄎𑄬 𑄣𑄮𑄓𑄧 𑄉𑄧𑄢 𑄃𑄧𑄠𑄳𑄠, 𑄥𑄨𑄠𑄚𑄴 𑄦𑄟𑄇𑄴𑄇𑄭 𑄃𑄬𑄇𑄴𑄝𑄢𑄴 𑄝𑄳𑄠𑄝𑄧𑄦𑄢𑄴 𑄉𑄧𑄢𑄨𑄝𑄢𑄴 𑄟𑄧𑄚𑄧𑄖𑄴 𑄃𑄧𑄖𑄣𑄨𑄠𑄬 𑄙𑄢𑄎𑄧, 𑄌𑄨𑄖𑄴 𑄘𑄨𑄉𑄮𑄣𑄴 𑄇𑄮𑄎𑄪𑄣𑄩।",Present
"ভালো ও,বাাবাি ও মনের দুঃখ শুনাও","𑄉𑄧𑄟𑄴 𑄤𑄧𑄇𑄴,𑄝𑄚𑄳𑄠 𑄤𑄧𑄇𑄴 𑄟𑄧𑄚𑄧 𑄖𑄨𑄢𑄮𑄌𑄴 𑄥𑄪𑄚𑄴𑄥𑄪𑄇𑄴 𑄤𑄧𑄇𑄴।",Present
"এত ব পৃথিবীতে চোখ মেলে তাকালে দেখা যা, পানি ব হলে দেখা যা","𑄃𑄬𑄌𑄳𑄠 𑄉𑄮𑄘 𑄛𑄨𑄖𑄴𑄗𑄨𑄟𑄨 𑄦𑄨𑄖𑄴𑄖𑄬 𑄌𑄮𑄉𑄧 𑄟𑄨𑄣𑄨𑄣𑄬 𑄘𑄬𑄊 𑄡𑄠𑄴, 𑄎𑄧𑄣𑄴𑄝𑄠𑄪 𑄛𑄧𑄢𑄨𑄝𑄢𑄴𑄖𑄧𑄚𑄴, 𑄛𑄳𑄢𑄇𑄨𑄢𑄨𑄖𑄨 𑄘𑄪𑄢𑄴𑄡𑄮𑄉𑄧, 𑄃𑄧𑄢𑄴𑄗𑄧𑄚𑄨𑄖𑄨 𑄟𑄧𑄚𑄴𑄘, 𑄥𑄧𑄟𑄌𑄧𑄢𑄴 𑄘𑄪𑄢𑄴𑄡𑄮𑄉𑄧 𑄝 𑄟𑄚𑄪𑄌𑄴 𑄥𑄨𑄢𑄨𑄖𑄴𑄖𑄨 𑄘𑄪𑄢𑄴𑄡𑄮𑄉𑄧।",Present
"পৃথিবীতে অনেক ধরনের দাবানল,বাাবাি, খরার সম বন্যা হ","𑄛𑄨𑄖𑄴𑄖𑄨𑄟𑄨𑄖𑄴 𑄚𑄚𑄋𑄴 𑄦𑄨𑄖𑄴𑄖𑄬 𑄘𑄝𑄚𑄧𑄣𑄴, 𑄝𑄧𑄚𑄳𑄠, 𑄈𑄧𑄢 𑄃 𑄟𑄬𑄛𑄮 𑄃𑄇𑄴𑄇𑄳𑄢𑄧𑄟𑄧𑄚𑄴 𑄥𑄚𑄳𑄠 𑄛𑄳𑄢𑄇𑄨𑄢𑄨𑄖𑄨 𑄘𑄪𑄢𑄴𑄡𑄮𑄉𑄧 𑄉𑄧𑄟𑄨 𑄡𑄢𑄴।",Present
"রাসিা, ইউক্রেন,পাকিা,আফসোস প্রভৃতির মধ্যে পালিে যাওার সম পালিে যাওার সমে পালিে যাওার সম কত ব বন্যা হেছে","𑄢𑄥𑄨𑄠, 𑄃𑄨𑄃𑄪𑄇𑄳𑄢𑄬𑄚𑄴, 𑄛𑄇𑄨𑄌𑄴𑄖𑄚𑄴, 𑄃𑄜𑄧𑄉𑄚𑄨𑄌𑄴𑄖𑄚𑄴 𑄥𑄧𑄟𑄪𑄖𑄴𑄧 𑄚𑄚𑄋𑄴 𑄘𑄬𑄎𑄧𑄖𑄴 𑄦𑄬𑄖𑄴-𑄦𑄬𑄖𑄴𑄖𑄨 𑄣𑄇𑄴 𑄣𑄇𑄴 𑄃𑄬𑄇𑄧𑄢𑄴 𑄘𑄝𑄚𑄧𑄣𑄧𑄖𑄴 𑄛𑄪𑄢𑄨 𑄡𑄨𑄠𑄳𑄠 𑄃 𑄛𑄚𑄨 𑄝𑄚𑄬 𑄦𑄧𑄠𑄴 𑄦𑄧𑄖𑄨 𑄃𑄧𑄠𑄳𑄠।",Present
বিচার ৩. ভালো রপ্তানি দো ভালো না করে গরিবিে নিে যাচ্ছে,𑄝𑄨𑄌𑄴𑄥𑄧 𑄹𑄠𑄴 𑄉𑄧𑄟𑄴 𑄢𑄧𑄛𑄴𑄖𑄚𑄨 𑄘𑄬𑄌𑄴 𑄢𑄥𑄨𑄠 𑄉𑄧𑄟𑄴 𑄢𑄧𑄛𑄖𑄚𑄨 𑄚𑄧' 𑄉𑄧𑄢𑄨𑄝𑄢𑄴 𑄚𑄨𑄥𑄬𑄌𑄴 𑄉𑄧𑄌𑄴𑄍𑄬।,Present
.১৩/০৮/১০ জন লোকের কণ্ঠ,(𑄷𑄹/𑄶𑄾/𑄷𑄶 𑄇𑄣𑄬𑄢𑄴 𑄇𑄧𑄚𑄴𑄒𑄧),Present
.একজন লোক সামনে বিপদের সমও লাফাচ্ছে,𑄃 𑄟𑄚𑄪𑄌𑄴 𑄥𑄨𑄢𑄨𑄌𑄴𑄖𑄧 𑄘𑄪𑄢𑄴𑄡𑄮𑄉𑄧 𑄤𑄧 𑄗𑄨𑄝𑄪𑄢𑄪𑄇𑄴 𑄚𑄬𑄭।,Present
".অন্যেরা সুন্দর ঘর দিে আসার সমে সেই বািটা ভেঙে দে, ভেঙে দোর সম পাহাের ধান বািে দে","𑄃𑄧𑄚𑄧 𑄃𑄬𑄉𑄧 𑄥𑄪𑄉𑄨 𑄘𑄮𑄣𑄴 𑄊𑄧𑄢𑄴 𑄥𑄧𑄁𑄥𑄢𑄴 𑄘𑄳𑄠𑄪𑄃𑄧𑄢𑄧𑄖𑄴 𑄃𑄬𑄚𑄳𑄠𑄭 𑄟𑄪𑄦𑄪𑄢𑄴𑄖𑄬 𑄥𑄬 𑄊𑄧𑄢𑄴 𑄥𑄧𑄁𑄥𑄢𑄴 𑄞𑄋𑄨 𑄘𑄬𑄠𑄴, 𑄞𑄋𑄨 𑄘𑄬𑄠𑄴 𑄟𑄧𑄚𑄧 𑄃𑄧𑄖𑄣𑄨𑄠𑄬 𑄥𑄧𑄞𑄧𑄚𑄴, 𑄜𑄬𑄣𑄬 𑄘𑄬𑄠𑄴 𑄟𑄪𑄎𑄪𑄋𑄴𑄢𑄴 𑄘𑄨𑄚𑄧𑄢𑄴 𑄝𑄨𑄎𑄧 𑄙𑄚𑄧𑄢𑄴 𑄝𑄢𑄬𑄁 𑄪 𑄙𑄨𑄋𑄨𑄢𑄨।",Present
.পজ্জো রাত-দিন এই দুর্যোগ থেকে রেহাই পাওা যা না,𑄛𑄪𑄖𑄴𑄖𑄧𑄇𑄴 𑄢𑄬𑄘𑄧 - 𑄘𑄨𑄚𑄴 𑄃𑄬 𑄘𑄪𑄢𑄴𑄡𑄮𑄉𑄧𑄖𑄴𑄪𑄚𑄴 𑄢𑄧𑄇𑄴𑄇𑄬 𑄚𑄧'𑄛𑄚𑄴।,Present
"সারাদিন করলে রাত হে যা,রাত হলে দিে যা","𑄘𑄨𑄚𑄴 𑄉𑄧𑄋𑄬 𑄘𑄨𑄣𑄬 𑄢𑄬𑄖𑄴𑄖𑄮 𑄣𑄮 𑄌𑄨𑄘𑄬, 𑄢𑄬𑄖𑄴 𑄉𑄧𑄋𑄬 𑄘𑄨𑄣𑄬 𑄘𑄨𑄚𑄴𑄪 𑄣𑄰 𑄌𑄨𑄘𑄬।",Present
এখনকার মতো কত ব হেছে মাটিটা-বোই করে যাওা,𑄃𑄨𑄇𑄴𑄈𑄬 𑄃𑄬𑄉𑄧 𑄦𑄧𑄚𑄴 𑄌𑄪𑄇𑄴𑄌𑄪𑄇𑄳𑄠 𑄇𑄪-𑄘𑄨𑄚𑄴 𑄟𑄙𑄚𑄴 𑄝𑄪𑄉𑄧 𑄘𑄨𑄞𑄬𑄘𑄨𑄛𑄴𑄛𑄳𑄠 - 𑄝𑄬'𑄥𑄪𑄚𑄴𑄎𑄪𑄇𑄴 𑄉𑄪𑄢𑄨 𑄎𑄨𑄋𑄴𑄦𑄚𑄨 𑄖𑄮𑄢𑄘𑄧𑄚𑄴।,Present
"সে,এত ব ব ভুল -চিম","𑄖𑄬, 𑄃𑄨𑄢𑄪𑄇𑄴 𑄛𑄳𑄢𑄧𑄢𑄧𑄎𑄧𑄢𑄴𑄟𑄧 𑄘𑄨𑄇𑄴𑄇𑄞𑄪𑄣𑄴 - 𑄌𑄨𑄤𑄧𑄟𑄳𑄠।",Present
". নেই জানমাল নিরাপত্তা নেই,বং পাহাে মানুষ মরে গেছে,কুকুরের মৃতদেহ থেকে গন্ধ বের হ","𑄚𑄬𑄭 𑄎𑄚𑄴 𑄟𑄣𑄧 𑄚𑄨𑄢𑄛𑄧𑄖𑄴𑄖 𑄚𑄬𑄭 𑄝𑄨𑄌𑄬𑄢𑄴 𑄃𑄍𑄢𑄴, 𑄝𑄧𑄁 𑄛𑄘𑄢𑄬 𑄟𑄚𑄪𑄌𑄧𑄢𑄴 𑄟𑄧𑄢, 𑄇𑄪𑄉𑄪𑄢𑄧 𑄟𑄧𑄢𑄖𑄴𑄪𑄚𑄴 𑄃𑄙𑄧𑄁।",Present
সে কি প্রমত্ত?,"𑄖𑄬, 𑄚𑄳𑄠𑄪𑄃𑄧 𑄛𑄳𑄢𑄧𑄎𑄧𑄢𑄴𑄟𑄧?",Present
এই ছোট পৃথিবীর কথা,𑄃𑄨𑄠𑄚𑄴 𑄉𑄮𑄘 𑄛𑄨𑄖𑄴𑄗𑄨𑄟𑄨 𑄇𑄧𑄙।,Present
.২০০লা সালে হেসোা পাখিগুলো একটির পর আরেকটি আসতেছে।,𑄸𑄶𑄶𑅄 𑄥𑄣𑄧𑄖𑄴 𑄦𑄧𑄥𑄧𑄖𑄴𑄖𑄪𑄚𑄴 𑄥𑄮𑄠𑄚𑄴 𑄛𑄳𑄢𑄢𑄪 𑄝𑄢𑄴𑄓𑄧 𑄝𑄳𑄠𑄘𑄨 𑄸𑄶𑄷𑄶 𑄥𑄣𑄧𑄖𑄴 𑄃𑄬𑄚𑄴𑄑𑄳𑄢𑄇𑄴 𑄃𑄨𑄝𑄧𑄣 𑄝𑄳𑄠𑄙𑄨 𑄘𑄬𑄊 𑄡𑄨𑄠𑄳𑄠 𑄉𑄧𑄢𑄪𑄖𑄴𑄖𑄪𑄚𑄴 𑄡𑄨𑄠𑄬𑄚𑄴 𑄃𑄬𑄎𑄧 𑄚𑄨𑄟𑄪𑄣𑄴 𑄉𑄧𑄢𑄨 𑄚𑄧'𑄛𑄖𑄴𑄧𑄚𑄴।,Present
"যে মানুষরা সহজে এই বাসা ধরে, সে এগুলো খেলে","𑄡 𑄟𑄚𑄪𑄌𑄧𑄢𑄴 𑄃𑄨𑄘𑄪 𑄥𑄧𑄦𑄧𑄎𑄬 𑄃𑄬𑄭 𑄝𑄳𑄠𑄙𑄨 𑄙𑄧𑄢𑄬 , 𑄥𑄬 𑄃𑄬𑄢 𑄈𑄬𑄣𑄬।",Past
.তরকারিটা শুধু খাওার জন্য আসে,𑄖𑄳𑄠𑄪𑄃𑄧 𑄎𑄚𑄨 𑄛𑄢𑄨 𑄚𑄬𑄭 𑄃𑄬𑄭 𑄃𑄬𑄢 𑄈𑄬𑄭 𑄪𑄈𑄚𑄴 𑄃𑄤𑄧𑄎𑄬।,Present
".মানুষ মানুষ,জীবন যাপন করতেছে","""𑄟𑄚𑄪𑄌𑄴 𑄟𑄚𑄪𑄌𑄧𑄖𑄴𑄬 , 𑄎𑄨𑄝𑄧𑄚𑄴 𑄎𑄨𑄝𑄧𑄚𑄧𑄖𑄴𑄬""।",Present
"এই সোনার কথা জনমে পর মা- মুখ থেকে শুনে, হনা তো","𑄃𑄬𑄭 𑄥𑄮𑄚 𑄇𑄧𑄙𑄠𑄚𑄴 𑄎𑄧𑄚𑄧𑄟𑄴 𑄃𑄧𑄚𑄢𑄴 𑄛𑄧𑄢𑄴 𑄟- 𑄟𑄪𑄦𑄧𑄖𑄴𑄪𑄚𑄴 𑄥𑄪𑄚𑄨, 𑄦𑄮𑄣𑄴-𑄦𑄪𑄌𑄴𑄎𑄬 𑄚𑄧' 𑄉𑄧𑄌𑄴𑄎𑄮।",Present
মানুষরা ব কথা না বলে এত ব কথা বলতেছে যে মানুষদের সাথে কথা বলতেছে,"𑄟𑄚𑄴𑄌𑄮𑄬𑄮 𑄓𑄋𑄧𑄢𑄴 𑄇𑄧𑄙 𑄚𑄧'𑄦𑄰𑄮𑄠𑄴, 𑄌𑄪𑄢𑄴-𑄔𑄬𑄁 𑄚𑄧'𑄉𑄧𑄌𑄴𑄍𑄮 𑄃𑄬𑄘𑄧𑄇𑄳𑄠 𑄚𑄚𑄋𑄴 𑄞𑄣𑄬𑄘𑄨 𑄃𑄫𑄛𑄧𑄘𑄬𑄌𑄴 𑄥𑄨𑄇𑄴𑄈𑄬 𑄇𑄧𑄙 𑄟'𑄟𑄪𑄦𑄧𑄖𑄴𑄖𑄪𑄚𑄴 𑄛𑄨𑄠𑄳𑄠𑄭।",Present
".যাওার সম আসতেছে,অপরিষ্কার হেছে","𑄡 𑄃𑄣 𑄃𑄪𑄘𑄧𑄘𑄨𑄚𑄴 𑄃𑄡𑄢𑄴𑄡𑄳𑄠 𑄛𑄳𑄢𑄘𑄨𑄝𑄴, 𑄃𑄧𑄟𑄫𑄣𑄳𑄠 𑄢𑄧𑄖𑄴𑄖𑄧𑄚𑄴।",Present
.তরকারির কারণে এত দুর্যোগ?,𑄖𑄳𑄠𑄪𑄃𑄧 𑄦𑄨𑄖𑄴𑄖𑄬𑄭 𑄃𑄬𑄘𑄧𑄇𑄴 𑄘𑄪𑄢𑄴𑄡𑄮𑄉𑄧 ?,Present
এই কেন?,𑄃𑄬𑄭 𑄇𑄢𑄧𑄚𑄴 𑄦𑄨?,Present
"তার কারণ হচ্ছে আগে থেকে সবুজ ঘাসের উপর দিে থাকা পাখি,পাহাে পাহাে লালা পতেছে","𑄖𑄢𑄴 𑄇𑄢𑄧𑄚𑄴 𑄬𑄧𑄢𑄴 𑄃𑄉𑄬 𑄦𑄮𑄭 𑄃𑄧𑄠𑄳𑄠 𑄥𑄮𑄠𑄚𑄴 𑄛𑄳𑄢𑄪𑄢𑄪 𑄝𑄢𑄴𑄓𑄧 𑄃 𑄃𑄬𑄚𑄴𑄑𑄳𑄢𑄇𑄴 𑄝𑄳𑄠𑄙𑄨 𑄃𑄧𑄣𑄬𑄠𑄪 𑄥𑄬 𑄥𑄪𑄉𑄧𑄢𑄴 𑄃 𑄉𑄪𑄢𑄪 ,𑄦𑄌𑄴 𑄃𑄬𑄢 𑄘𑄨𑄉𑄨𑄣𑄬 𑄗𑄬𑄛𑄴 𑄗𑄬𑄛𑄴 𑄣𑄬𑄖𑄴𑄮 𑄏𑄪𑄢𑄨 𑄛𑄧𑄬 𑄎𑄖𑄴𑄉𑄧𑄖𑄴 𑄃𑄤𑄧𑄎𑄧𑄢𑄴 𑄈𑄬𑄝𑄢𑄴 𑄃𑄬𑄢।",Present
"সে,আসবাবপত্রের যে দুর্যোগ চলতেছে জাতটা আর টিকবে না","𑄖𑄬, 𑄃𑄬𑄌𑄳𑄠 𑄥𑄧𑄟𑄎𑄧𑄢𑄴 𑄡𑄬 𑄘𑄪𑄢𑄴𑄡𑄮𑄉𑄧 𑄌𑄧𑄣𑄬𑄢𑄴 𑄎𑄖𑄴 𑄉𑄧𑄖𑄧 𑄛𑄎 𑄇𑄧𑄣𑄬 𑄝𑄧𑄎𑄧𑄁 𑄚𑄧' 𑄃𑄧𑄝𑄧।",Future
সে এখন কথা বলতেছে বািতে,"𑄖𑄬, 𑄃𑄨𑄇𑄳𑄠 𑄇𑄧𑄙 𑄦𑄧𑄖𑄴𑄬 𑄊𑄧𑄢𑄧𑄖𑄴 𑄦𑄧𑄘𑄧𑄇𑄴𑄇𑄧𑄚𑄴 𑄛'𑄗𑄬𑄭।",Present
বেশি ভাগ সমে বাির বো পরতে হবে,𑄝𑄬𑄌𑄴 𑄞𑄉𑄧 𑄥𑄧𑄟𑄧𑄠𑄴 𑄊𑄧𑄢𑄧 𑄝𑄬𑄮 𑄛𑄧𑄢𑄨𑄝𑄬𑄌𑄴𑄍𑄮𑄭 𑄣𑄪𑄘𑄪𑄛𑄪𑄘𑄪।,Future
জীবন তোসংগ্রাম,𑄎𑄨𑄝𑄧𑄚𑄴 𑄖𑄮 𑄥𑄧𑄁𑄉𑄳𑄢𑄟𑄴।,Present
পাহাের দুই সেকেন্ড আমাদের সাথেসাথে থাকে,𑄛𑄧𑄖𑄴𑄖𑄨𑄇𑄴 𑄥𑄬𑄇𑄬𑄚𑄴𑄓𑄧 𑄃𑄟𑄖𑄴𑄪𑄚𑄴 𑄥𑄧𑄋𑄴𑄉𑄳𑄢𑄟𑄴 𑄉𑄧𑄢𑄨 𑄝𑄎𑄨 𑄗'𑄛𑄧𑄬𑄮 𑄛𑄨𑄖𑄴𑄗𑄨𑄟𑄩𑄖𑄴 𑄝𑄪𑄉𑄧𑄖𑄴।,Present
বেজি ভাগ করে বাির বাইরে নানা ধরনের মানুষ যে কোন কাজ করে,𑄝𑄬𑄎𑄨 𑄞𑄉𑄧 𑄥𑄧𑄟𑄧𑄠𑄴 𑄊𑄧𑄢𑄴 𑄝𑄢𑄬 𑄚𑄚𑄋𑄴 𑄎𑄧𑄚𑄬 𑄚𑄚𑄋𑄴 𑄟𑄚𑄴𑄌𑄳𑄠 𑄡𑄬 𑄇𑄮𑄚𑄧 𑄇𑄟𑄴 𑄦𑄧𑄢𑄧𑄌𑄴 𑄉𑄧𑄢𑄨 𑄎𑄩𑄋𑄴𑄦𑄚𑄨 𑄖𑄮𑄢𑄚𑄴।,Present
বেগ পা কাজের সম,𑄝𑄬𑄉𑄧 𑄛𑄧𑄢𑄚𑄴 𑄝𑄧𑄣 𑄇𑄧𑄢𑄴𑄟𑄬 𑄃𑄧𑄙𑄨𑄚𑄴।,Present
".সে বাির থেকে যত ব হেছে,মার-মার, এমন-হেনা, মদ-জুা প্রভৃতির সম যত ব হেছে, শুধু বাি- সংসার নষ্ট করে","𑄖𑄬 𑄊𑄧𑄢𑄧𑄖𑄴𑄪𑄚𑄴 𑄡𑄧𑄇𑄳𑄠 𑄝𑄢𑄴 𑄦𑄧𑄝𑄧𑄁 𑄘𑄨𑄊𑄨 𑄟𑄢 - 𑄟𑄢𑄨, 𑄦𑄮𑄣𑄴- 𑄇𑄪𑄌𑄴𑄎𑄳𑄠, 𑄦𑄬𑄚𑄧-𑄦𑄬𑄚𑄨, 𑄟𑄧𑄘𑄧 - 𑄎𑄪𑄠, 𑄥𑄨𑄚𑄣𑄴-𑄝𑄮𑄚𑄬𑄣𑄴 𑄃 𑄔𑄬𑄁 - 𑄝𑄎𑄨 𑄥𑄚𑄴 𑄚𑄚𑄋𑄴 𑄇𑄪-𑄦𑄌𑄴𑄡𑄳𑄠𑄇𑄴 𑄥𑄧𑄟𑄌𑄴 𑄞𑄣𑄬𑄘𑄨 𑄚𑄧𑄠𑄴 𑄝𑄧𑄢𑄧𑄁 𑄊𑄧𑄢𑄴-𑄥𑄧𑄁𑄥𑄢𑄴 𑄃𑄧𑄥𑄚𑄴𑄖𑄨 𑄝𑄳𑄦 𑄝𑄚𑄬।",Present
".সম কম হেছে, তবুও হাত দিে কাজ করতে হ","𑄥𑄧𑄟𑄌𑄴 𑄃𑄧𑄠𑄴 𑄦𑄣𑄪𑄇𑄴, 𑄃𑄧𑄠𑄴 𑄦𑄎𑄧𑄢𑄴 𑄎𑄚𑄨 𑄛𑄢𑄧𑄚𑄴 𑄇𑄪𑄥𑄧𑄁𑄌𑄴𑄇𑄢𑄴 𑄖𑄳𑄠𑄪𑄃𑄧 𑄥𑄧𑄥𑄌𑄴 𑄦𑄧𑄢𑄮𑄣𑄧𑄣𑄮 𑄃𑄧𑄠𑄴 𑄃𑄬𑄘𑄧𑄇𑄳𑄠 𑄇𑄟𑄴 𑄉𑄧𑄢𑄧𑄚𑄴।",Present
মা-বাবা সুঁচালো হাত উঠা না,𑄟𑄳𑄦-𑄝𑄛𑄧𑄢𑄴 𑄥𑄪𑄥𑄨𑄇𑄴𑄈𑄬 𑄦𑄧𑄙 𑄃𑄫𑄘𑄮𑄖𑄴 𑄚𑄧'𑄖𑄪𑄣𑄧𑄚𑄴।,Present
". কথা আছে, কানের পোকা, অন্য মা-বাবাও দেখতে পারেনা এই বাচ্চাটাকে","𑄇𑄧𑄙 𑄃𑄉𑄬 ""𑄣𑄬𑄋𑄮 𑄛𑄪𑄖𑄴, 𑄇𑄚𑄧 𑄛𑄪𑄖𑄴"" 𑄃𑄧𑄚𑄧 𑄟𑄳𑄦-𑄝𑄛𑄬 𑄚𑄧' 𑄌𑄚𑄴 𑄃𑄬𑄭 𑄛𑄪𑄝𑄮 𑄟𑄧𑄢𑄮𑄇𑄴-𑄝𑄌𑄮𑄇𑄴।",Present
তাদের জনমে দাতা বাদে সবাই সে সমে গুরু,𑄖𑄢 𑄎𑄧𑄚𑄧𑄟𑄴 𑄘𑄖 𑄝𑄘𑄬𑄠𑄳𑄠𑄪 𑄥𑄨𑄇𑄴𑄈𑄬 𑄉𑄪𑄢𑄪 - 𑄘𑄨𑄇𑄴𑄈𑄬 𑄉𑄪𑄢𑄪।,Present
সে এত কেন আসা-ফেলা,"𑄖𑄬, 𑄃𑄬𑄘𑄧𑄇𑄴 𑄦𑄨𑄖𑄴𑄖𑄬 𑄃𑄬𑄘𑄧𑄇𑄴 𑄃𑄬𑄣-𑄜𑄬𑄣?",Present
এক জাতী বুনো শাক,𑄃𑄧𑄠𑄧𑄚𑄧𑄖𑄴 𑄖𑄧𑄠𑄧𑄚𑄧𑄖𑄴 𑄣𑄬𑄣𑄧𑄚𑄴 𑄛𑄘 𑄏𑄋𑄣𑄳𑄠 𑄥𑄇𑄴।,Present
".কেন বাির বারে পতে হবে তরুণ মনে, যার ফলে তরুণরা কোন সমে যেতে পারবে না","𑄇𑄢𑄧𑄚𑄴 𑄊𑄧𑄢𑄧 𑄝𑄢𑄬 𑄛𑄧𑄢𑄨𑄝𑄬𑄌𑄴 𑄝𑄪𑄉𑄧𑄖𑄴 𑄌𑄨𑄘𑄧𑄖𑄴, 𑄟𑄬𑄟𑄮𑄢𑄨𑄖𑄴 𑄃 𑄟𑄧𑄉𑄧𑄎𑄧𑄖𑄴 𑄣𑄮𑄓𑄧 𑄃𑄧𑄠𑄴, 𑄡𑄢𑄴 𑄜𑄧𑄣𑄬 𑄌𑄨𑄘𑄬𑄚𑄧𑄢𑄴 𑄇𑄧𑄚𑄘𑄨 𑄛𑄧𑄦𑄴𑄢𑄴 𑄘𑄨𑄊𑄨, 𑄥𑄧𑄟𑄌𑄴 𑄃𑄧𑄞𑄣𑄬𑄘𑄨 𑄎𑄚𑄨 𑄛𑄢𑄨𑄚𑄳𑄠𑄭 𑄃𑄪𑄣𑄴𑄣𑄮 𑄉𑄧𑄢𑄨 𑄥𑄧𑄟𑄎𑄧𑄢𑄴 𑄦𑄪𑄖𑄨 𑄝𑄬𑄌𑄴 𑄉𑄖𑄴𑄧𑄚𑄴।",Future
নুটা এত বেও সেই পদে থাকতে পারে না,𑄚𑄳𑄠𑄪𑄃𑄧 𑄃 𑄃𑄨𑄢𑄪𑄇𑄴 𑄛𑄳𑄢𑄧𑄎𑄧𑄢𑄴𑄟𑄧𑄬𑄮 𑄥𑄬 𑄛𑄧𑄘𑄬 𑄃𑄘𑄙𑄬 𑄦𑄧𑄚𑄧 𑄃𑄘𑄧𑄁 𑄚𑄬𑄭 𑄦𑄟𑄇𑄴𑄇𑄭।,Present
কুলি যুগ হেছে এমন যুগ যে যুগ হোক না কেন এখন বুো হেছে,"𑄇𑄪𑄣𑄨 𑄡𑄪𑄉𑄧 𑄃 𑄦𑄮𑄠𑄳𑄠𑄉𑄪𑄣𑄧 𑄡𑄪𑄉𑄧 𑄡𑄬 𑄡𑄪𑄉𑄧 𑄦𑄮𑄭 𑄚 𑄇𑄬𑄚𑄴 𑄃𑄨𑄢𑄪𑄇𑄴 𑄡𑄪𑄉𑄧𑄖𑄴 "" 𑄝𑄪𑄢𑄧 𑄦𑄧𑄙 𑄇𑄪𑄢𑄧 𑄉𑄪""।",Present
.ঈর্ষার কুকুরটি গোঙাচ্ছে।,"𑄃𑄨𑄌𑄳𑄠 𑄉𑄮𑄘 𑄥𑄧𑄟𑄌𑄴 𑄉𑄮𑄋𑄣𑄪𑄘𑄨, 𑄉𑄮𑄋𑄣𑄪𑄘𑄨 𑄦𑄨𑄣𑄴𑄌𑄘𑄬𑄉𑄁।",Present
পাগাটা বাচ্চাটাকে পতেছে,𑄛𑄉𑄧𑄎𑄳𑄠 𑄃 𑄛𑄧𑄢𑄴𑄌𑄣𑄴𑄮 𑄙𑄧𑄌𑄴𑄏𑄬 𑄎𑄖𑄴𑄮𑄢𑄬।,Present
একটি শীলের নিচে একটি হাা,𑄃𑄬𑄇𑄴𑄮 𑄥𑄨𑄣𑄧𑄖𑄴 𑄖𑄧𑄣𑄬 𑄃𑄬𑄇𑄴𑄪 𑄦𑄋𑄢।,Present
আরও কথা হলো তার সুনাম নেই,𑄃𑄢𑄧 𑄇𑄧𑄙 𑄦𑄬𑄃𑄪 𑄥𑄪𑄚𑄧𑄥𑄪𑄚𑄨 𑄚𑄬𑄭।,Present
".কথা আছে,কথা আছে,ব ব গরীবের ভ আছে","𑄇𑄧𑄙 𑄃𑄉𑄬,𑄚𑄳𑄠𑄪𑄃𑄧 𑄃 𑄃𑄨𑄢𑄪𑄇𑄴 𑄛𑄳𑄢𑄧𑄎𑄢𑄴𑄟𑄧 𑄘𑄬𑄌𑄴-𑄎𑄘𑄧𑄢𑄴 𑄟𑄪𑄎𑄪𑄋𑄧𑄢𑄴 𑄘𑄨𑄚𑄧𑄢𑄴 𑄃𑄎,𑄎𑄖𑄴 𑄖𑄧𑄎𑄨𑄟𑄴𑄛𑄪𑄢𑄧 𑄉𑄧𑄢𑄨𑄝𑄢𑄴 𑄓𑄋𑄧𑄢𑄴 𑄃𑄖𑄳𑄠𑄢𑄴।",Present
"সে,আতারটা যোগা না-ও বাজা সেই পাহাটা-অতিরিক্ত কাজে যাবে?","𑄥𑄬, 𑄃𑄖𑄳𑄠𑄢𑄚𑄴 𑄡𑄪𑄚𑄨 𑄞𑄋 𑄃𑄧𑄠𑄴-𑄃𑄧𑄠𑄴 𑄝𑄎𑄧𑄁 𑄥𑄬 𑄛𑄉𑄧𑄏𑄳𑄠 ,𑄥𑄬 𑄛𑄧𑄢𑄴𑄥𑄣𑄴𑄮 - 𑄃𑄙𑄧𑄁 𑄇𑄎𑄬𑄝𑄧 𑄦𑄧𑄚𑄴𑄚?",Future
"সে বাপ-বেই,মা-বোন লক","𑄖𑄬, 𑄝𑄛𑄴 -𑄞𑄬𑄭 ,𑄟𑄳𑄦-𑄝𑄮𑄚𑄴 𑄣𑄧𑄇𑄴!",Present
"তোমরা দোলের জাতটা ঢাক,বশ এসেছে","𑄖𑄪𑄟𑄨 𑄘𑄬𑄉𑄧𑄢𑄴 𑄎𑄖𑄴𑄪 𑄔𑄇𑄴, 𑄝𑄧𑄌𑄴 𑄡𑄬𑄘𑄧 𑄃𑄡𑄨𑄠𑄬।",Present
"এক কালে রাজা আসলাম,পুার সমে দাস হলাম","𑄃𑄬𑄇𑄴 𑄇𑄣𑄬 𑄢𑄎 𑄃𑄬𑄣𑄧𑄁, 𑄛𑄳𑄢𑄎 𑄃𑄧𑄠𑄳𑄠 𑄛𑄳𑄢𑄎 𑄃𑄬𑄣𑄧𑄁 𑄘𑄥𑄨 𑄃𑄪𑄠𑄬𑄭 ।",Past
এক জাতী বুনো ফল যা সবজি হিসেবে ব্যবহৃত হ,𑄒𑄉𑄠𑄬 𑄃𑄬𑄣𑄧𑄁 𑄃𑄨𑄌𑄳𑄠 𑄖𑄨𑄚𑄴𑄚𑄪 𑄦𑄬𑄘𑄇𑄴𑄖𑄪𑄇𑄴।,Present
"এগুলোদিঘির পাথরগুলো মুক্তির দূত হেছে,আমরা দরিদ্র,আমার ভিক্ষা করার কিছুই নেই","𑄃𑄨𑄠𑄚𑄨 𑄘𑄨𑄊𑄨 𑄎𑄘𑄧𑄢𑄴 𑄛𑄖𑄴𑄗𑄪𑄣𑄨 𑄟𑄪𑄇𑄴𑄖𑄨𑄢𑄴 𑄘𑄫𑄖𑄴 𑄣𑄢𑄴𑄟𑄳𑄦 𑄦𑄮𑄭𑄠𑄬,""𑄃𑄟𑄨 𑄚𑄨𑄢𑄬𑄖𑄨𑄖𑄴𑄖𑄳𑄠 , 𑄃𑄟𑄢𑄴 𑄝𑄢𑄴 𑄉𑄧𑄢𑄨𑄝𑄢𑄴 𑄇𑄨𑄎𑄪 𑄚𑄬𑄭।",Present
এক কথা বললে সাত কথা উঠে,𑄃𑄬𑄇𑄴 𑄇𑄧𑄙 𑄃𑄪𑄘𑄨𑄣𑄬 𑄥𑄖𑄴 𑄇𑄧𑄙 𑄃𑄪𑄘𑄬।,Present
.আমি একটি বড় লাল লেখা লিখেছি।,𑄟𑄪𑄭 𑄃𑄬𑄇𑄴𑄪 𑄉𑄧𑄢𑄴𑄛𑄧 𑄣𑄮𑄭 𑄣𑄬𑄊𑄠𑄚𑄴 𑄥𑄬𑄌𑄴 𑄉𑄧𑄢𑄨𑄘𑄪𑄁 𑄌𑄁।,Present
এক গ্রাম থেকে দুই গ্রামে আসা,𑄃𑄬𑄉𑄧 𑄃𑄘𑄟𑄧𑄖𑄴 𑄘𑄨𑄞𑄬𑄭 𑄃𑄬𑄣𑄇𑄴।,Present
এক লোক মদ খেে আরেক লোক মার ধর করে,𑄃𑄬𑄇𑄴 𑄎𑄧𑄚𑄬 𑄟𑄧𑄘𑄧 𑄈𑄠𑄴 𑄃 𑄟𑄮𑄇𑄴 𑄛𑄪𑄃𑄧 𑄃𑄪𑄉𑄪𑄢𑄬 𑄖𑄨𑄉𑄪𑄌𑄳𑄠 𑄟𑄢𑄴-𑄙𑄧𑄢𑄴 𑄉𑄧𑄢𑄨𑄘𑄪।,Present
"অনৈক্য এক বোই বাি উঠেছে,ভে জ্বর হেছে","𑄃𑄧𑄚𑄳𑄠 𑄃𑄬𑄇𑄴 𑄞𑄬𑄭𑄠𑄬 𑄊𑄧𑄢𑄴𑄉𑄨𑄢𑄨 𑄃𑄪𑄚𑄧𑄚𑄬𑄭, 𑄞𑄧𑄢𑄧𑄚𑄴 𑄛𑄨𑄢𑄧𑄚𑄴-𑄖𑄧𑄎𑄨𑄟𑄴𑄛𑄪𑄢𑄴।",Present
"বাই, বাই",𑄓𑄋𑄧𑄢𑄴 𑄝𑄳𑄠𑄥𑄠𑄨।,Present
.মাছটা চ্যাপ্টা করে হেছে বাবা-মা এক পার পর থেকে,𑄟𑄚𑄴𑄌𑄳𑄠 𑄛𑄎𑄨𑄣𑄴 𑄉𑄧𑄢𑄨 𑄦𑄧𑄙𑄇𑄴 𑄟𑄳𑄦-𑄝𑄛𑄧𑄢𑄴 𑄘𑄨'𑄝𑄬 𑄛𑄪𑄃𑄧 𑄃𑄬𑄇𑄴 𑄛𑄧𑄢𑄨𑄝𑄬𑄥𑄧𑄖𑄴𑄪𑄚𑄴 𑄍𑄝𑄧𑄣𑄧𑄇𑄴 𑄃𑄰𑄚𑄠𑄴 𑄖𑄢𑄢𑄴 𑄟𑄧𑄙𑄳𑄠𑄧 𑄃𑄉𑄌𑄴-𑄛𑄖𑄣𑄴 𑄜𑄢𑄧𑄇𑄴।,Present
"ডাঙর ভোটা পূজা করা হলো,সে মদ খাওার জন্য","𑄓𑄋𑄧𑄢𑄴 𑄞𑄬𑄭𑄝𑄪𑄪𑄖𑄴𑄪𑄚𑄴 𑄛𑄪𑄎𑄮𑄢𑄴 𑄉𑄧𑄢 𑄦𑄧𑄣𑄧, 𑄖𑄬 𑄟𑄧𑄘𑄧 𑄈𑄭 𑄦𑄨𑄖𑄴𑄖𑄬𑄭 ?",Present
সে হচ্ছে জাগা ভাগ হে যাওা,"𑄖𑄬 𑄦𑄧𑄣𑄧 ""𑄎𑄘𑄧𑄢𑄴 𑄛𑄎 𑄦𑄪𑄘𑄪 𑄡𑄠𑄴 ?",Present
আমাদের বািটা এল মদের মদ খেে ভে আছে,𑄃𑄟 𑄝𑄳𑄦𑄝𑄳𑄦 𑄃𑄬𑄣𑄧 𑄟𑄧𑄘𑄧 𑄇𑄪𑄢𑄴 𑄟𑄧𑄘𑄧 𑄈𑄬𑄭 𑄔𑄬𑄁 𑄝𑄎𑄨 𑄉𑄧𑄖𑄴𑄧 𑄖 𑄟𑄮𑄇𑄴 𑄛𑄪𑄃𑄧 𑄟𑄢𑄨𑄘𑄪।,Present
"সে,আমি কেন এত ব হই?","𑄖𑄬, 𑄟𑄪𑄭 𑄃 𑄃𑄧𑄚𑄳𑄠 𑄇𑄨𑄎𑄪 𑄦𑄨 𑄃𑄰 𑄛𑄢𑄧𑄁?",Present
অনাত্মী ভাই তার পাশে,𑄃𑄧𑄚𑄳𑄠 𑄞𑄬𑄭𑄝𑄪 𑄖 𑄝𑄨𑄛𑄧𑄢𑄨𑄖𑄴।,Present
সে তার বাপকে ভ দে,"𑄖𑄬,𑄦𑄧𑄣𑄧"" 𑄖'𑄞𑄣𑄬𑄘𑄨 𑄇𑄢𑄧𑄚𑄴 𑄖 𑄝𑄛𑄬।",Present
"আমরা যত ব ব মদ খেে খেেছি,মার,তাাতাি করে দিই","𑄃𑄟𑄨 𑄡𑄧𑄇𑄳𑄠 𑄚𑄝𑄣𑄧𑄇𑄴 𑄃𑄬𑄣𑄧𑄁 𑄥𑄧𑄇𑄳𑄠 𑄝𑄳𑄦𑄝𑄳𑄦 𑄟𑄧𑄘𑄧 𑄈𑄬𑄭 𑄔𑄬𑄁 𑄝𑄎𑄨 𑄉𑄨𑄖𑄴𑄧,𑄟𑄢𑄬, 𑄖𑄌𑄳𑄠-𑄛𑄬𑄢𑄥𑄢𑄴 𑄘𑄬𑄠𑄴।",Present
"সে,আমি আর মদ খাই না,বাাটা ভালো হবে না","𑄖𑄬,𑄟𑄪𑄭 𑄗𑄨𑄉𑄧 𑄉𑄧𑄌𑄴𑄍𑄮𑄁 𑄟𑄧𑄘𑄧 𑄚𑄧'𑄈𑄬𑄭𑄟, 𑄝𑄳𑄦𑄝𑄳𑄦 𑄥𑄚𑄴 𑄚𑄧'𑄦𑄯𑄟𑄴।",Future
"সে,আমি মদ খাই না,ঢং করে নাচি","𑄖𑄬, 𑄟𑄪𑄭 𑄟𑄧𑄘𑄧 𑄚𑄧' 𑄈𑄁, 𑄔𑄬𑄁 𑄝𑄎𑄨 𑄚𑄧'𑄉𑄧𑄢𑄧𑄁।",Present
একটা আমি ব বছি,"𑄃𑄨𑄇𑄳𑄠 𑄟𑄪𑄭 𑄃𑄬𑄇𑄴𑄇𑄪 𑄓𑄋𑄧𑄢𑄴 𑄝𑄳𑄠𑄝𑄴𑄥𑄠𑄨""।",Present
পৃথিবীতে একটু আলো,𑄛𑄨𑄖𑄴𑄗𑄨𑄟𑄨 𑄃𑄧𑄣𑄧𑄘𑄬 𑄃𑄬𑄇𑄴𑄇𑄚𑄴 𑄃𑄣𑄟𑄴।,Present
".আবোল তাবোল মনে পা,মনে পে আমি বুো হবো","𑄃𑄣𑄟𑄧𑄖𑄴 𑄚𑄚𑄋𑄴 𑄌𑄨𑄖𑄴 𑄎𑄪𑄢𑄧𑄚𑄨, 𑄟𑄧𑄚𑄴 𑄉𑄪𑄣𑄧𑄚𑄨 𑄜𑄪𑄣𑄬 𑄃𑄟𑄨𑄎𑄬 𑄝𑄪𑄉𑄧 𑄃𑄟𑄪𑄢𑄩 𑄃𑄬𑄎𑄬।",Future
সে এই পৃথিবীতে অনেক ধরনের মানুষ আছে,"𑄖𑄬 , 𑄃𑄬𑄭 𑄛𑄨𑄖𑄴𑄗𑄨𑄟𑄨𑄖𑄴 𑄚𑄚𑄋𑄴 𑄥𑄳𑄢𑄬𑄚𑄩 𑄟𑄚𑄪𑄌𑄴 𑄃𑄊𑄧𑄚𑄴।",Present
এই গল্পটা ঠিক সেভাবে দে,𑄃𑄬𑄭 𑄉𑄧𑄣𑄴𑄛𑄧𑄝𑄪 𑄗𑄨𑄉𑄧 𑄥𑄨𑄠𑄚𑄴 𑄥𑄨𑄇𑄴𑄇𑄬 𑄘𑄬𑄠𑄴।,Present
.নেওা ভালো করে মনে পে দিন কাটানো,𑄚𑄬𑄖𑄨𑄝𑄌𑄧𑄇𑄴 𑄌𑄨𑄘𑄬𑄌𑄧𑄌𑄴𑄍𑄖𑄴𑄪𑄚𑄴 𑄚𑄨𑄎𑄬𑄢𑄬 𑄃𑄬𑄢𑄚𑄴 𑄉𑄪𑄢𑄨 𑄃𑄨𑄖𑄨𑄝𑄌𑄧𑄇𑄴 𑄌𑄬𑄘𑄧𑄚𑄴 𑄟𑄬𑄟𑄮𑄢𑄨𑄖𑄴 𑄟𑄧𑄉𑄧𑄎𑄧𑄖𑄴 𑄣𑄮𑄓𑄧 𑄉𑄧𑄢𑄨 𑄚𑄳𑄠𑄪𑄃𑄧 𑄦𑄨𑄎𑄪 𑄞𑄣𑄬𑄘𑄨 𑄃𑄝𑄨𑄌𑄴𑄇𑄢𑄴 𑄉𑄧𑄢𑄨 𑄘𑄨'𑄘𑄨𑄚𑄧𑄢𑄴 𑄟𑄚𑄬𑄭 𑄎𑄨𑄝𑄧𑄚𑄴 𑄛𑄮𑄖𑄴𑄛𑄮𑄖𑄴𑄖𑄳𑄠 𑄉𑄢𑄚 𑄘𑄧𑄢𑄧𑄇𑄢𑄴।,Present
সে উপরে রেছে মনে হ সে অনেক ভালো আছে,"𑄖𑄬,𑄃𑄫𑄘𑄮𑄖𑄴 𑄢𑄊𑄬𑄝 𑄪 𑄥𑄧𑄌𑄬𑄘𑄧𑄚𑄴 𑄟𑄧𑄚𑄧𑄢𑄴 𑄌𑄨𑄚𑄴𑄖𑄬 𑄉𑄧𑄢𑄚 𑄝𑄧𑄣𑄴 𑄃𑄊𑄬।",Present
".সবগুলো মন দিে পাওা যা, আর ফেলে দিতে পারে।","𑄥𑄧𑄌𑄬𑄘𑄧𑄚𑄴 𑄟𑄧𑄚𑄴 𑄉𑄪𑄎𑄨𑄣𑄮𑄭 𑄛𑄬𑄮, 𑄃 𑄜𑄬𑄣𑄬𑄠𑄳𑄠𑄪 𑄘𑄨' 𑄛𑄢𑄬।",Present
.মানুষটা সব গুছিে নিতে পারে।,𑄟𑄖𑄴𑄧𑄢𑄴 𑄃𑄧𑄌𑄬𑄘𑄧𑄚𑄴 𑄟𑄧𑄚𑄴 𑄝𑄚 𑄉𑄪𑄎𑄨 𑄣𑄰 𑄛𑄢𑄬।,Present
.যেটা গুছিে নাও সেটা ভালো না,𑄃 𑄡𑄨𑄠𑄚𑄴 𑄉𑄪𑄎𑄨 𑄣𑄧𑄠𑄴 𑄥𑄨𑄠𑄚𑄴 𑄉𑄧𑄟𑄴-𑄝𑄚𑄳𑄠 𑄝𑄨𑄌𑄬𑄢𑄴 𑄚𑄧'𑄉𑄧𑄢𑄬।,Present
"সে,তোমার মন ভালো করে ফুল বািে","𑄖𑄬, 𑄟𑄧𑄚𑄴 𑄃𑄧𑄣𑄧𑄘𑄬 𑄖𑄧𑄢𑄴 𑄥𑄎𑄨𑄠𑄬 𑄜𑄪𑄣𑄴 𑄝𑄉𑄚𑄴।",Present
সেখানে তোমার সুন্দর সুন্দর ফুল ফুটে থাকবে,𑄥𑄨𑄠𑄮𑄖𑄴 𑄖𑄧𑄢𑄴 𑄘𑄮𑄣𑄴 𑄘𑄮𑄣𑄴 𑄜𑄪𑄣𑄴𑄜𑄪𑄘𑄨 𑄗𑄬𑄝𑄇𑄴।,Future
". যাওার সম দুই পা জুে যাবে,যাওা যাবে মনে হ","𑄡 𑄘𑄨𑄊𑄨𑄣𑄬 𑄘𑄨'𑄌𑄮𑄉𑄧 𑄎𑄪𑄢𑄬𑄭 𑄡𑄬𑄝𑄧, 𑄡𑄬𑄝𑄧 𑄟𑄧𑄚𑄴 𑄉𑄮𑄣𑄨।",Future
তেতুলের বিচির সুগন্ধ,𑄖𑄨𑄉𑄌𑄳𑄠 𑄍𑄨𑄘𑄨𑄝𑄧 𑄖𑄪𑄟𑄴𑄝𑄌𑄴।,Present
সে আর আমি চোরগা একটা ফুল বাগান বানাবো,"𑄖𑄬, 𑄟𑄪𑄭𑄠𑄳𑄠𑄪 𑄌𑄬𑄢𑄬𑄌𑄴𑄑 𑄉𑄢𑄨𑄟𑄴 𑄖𑄧'𑄥𑄚𑄴 𑄘𑄮𑄣𑄴 𑄃𑄬𑄇𑄴𑄇𑄚𑄴 𑄜𑄪𑄣𑄴 𑄝𑄉𑄚𑄴 𑄥𑄎𑄬𑄟𑄴 ।",Future
"একটা বাচ্চা সুন্দর একটা পৃথিবীতে যাক, সুন্দর চেহারা বেে যাক","𑄃𑄨𑄇𑄳𑄠 𑄉𑄪𑄢𑄨 𑄘𑄮𑄣𑄴 𑄃𑄬𑄇𑄴𑄇𑄚𑄴 𑄛𑄨𑄖𑄴𑄗𑄨𑄟𑄨 𑄎𑄧𑄚𑄧𑄟𑄴 𑄤𑄧𑄇𑄴, 𑄘𑄮𑄣𑄴 𑄃𑄞 𑄝𑄬𑄭 𑄡𑄮𑄇𑄴।",Present
আমরা আমাদের ভাই-বোনের মতো হবো,𑄃𑄧𑄟𑄧𑄣𑄬 𑄃𑄟 𑄞𑄬𑄭𑄃𑄪𑄚𑄧𑄢𑄴 𑄌𑄬𑄘𑄧𑄚𑄴 𑄃𑄬𑄝𑄧,Future
"গুো কপাল,সুোর কপাল","""𑄉𑄪𑄭𑄠𑄧 𑄇𑄧𑄛𑄣𑄴, 𑄥𑄪𑄢𑄪𑄋𑄧𑄖𑄴, 𑄝𑄚𑄴𑄘𑄧𑄢𑄧 𑄇𑄧𑄛𑄣𑄴 𑄑𑄢𑄬𑄋𑄧𑄖𑄴""।",Present
আসা যাওার সম আমাদের হিল চূাটা তেতো হেছে,𑄃𑄬𑄌𑄳𑄠 𑄃𑄟 𑄦𑄨𑄣𑄴 𑄌𑄘𑄬𑄉𑄋𑄧𑄢𑄴𑄴 𑄃𑄪𑄚𑄴 𑄖𑄨𑄚𑄴𑄪 𑄦𑄬𑄘𑄇𑄴 𑄖𑄪𑄇𑄴।,Present
"যুগের যুগ ধরে নানা ধরনের তসা,পাহাের পাে পাহাি পা ও","𑄡𑄪𑄉𑄧 𑄡𑄪𑄉𑄧 𑄙𑄪𑄢𑄨 𑄚𑄚𑄁 𑄖𑄧𑄌𑄳𑄠, 𑄛𑄬𑄢𑄥𑄚𑄨 𑄦𑄘𑄬 𑄦𑄘𑄬 𑄞𑄬𑄘 𑄞𑄬𑄘 𑄤𑄧𑄠𑄳𑄠𑄭।",Present
লাল কালো মুখও দুই কাপ,𑄢𑄋 𑄇𑄣 𑄟𑄪'𑄤𑄰 𑄘𑄨𑄉𑄧 𑄇𑄞𑄪𑄣𑄴।,Present
"মনের জ্বালা, জ্বালা",𑄟𑄧𑄚𑄚𑄨 𑄌𑄨𑄤𑄧𑄟𑄳𑄠।,Present
"বাবা দো দশ টাকা জিতে,বাগান হারিে কুনি,গোনা গুনি,রুখা পাে কালো পাে মাথা লুকাবো,পাহাের পাশে কালো পাে মাথা লুকাবো,পাহাের পাশে কালো মুখে মাথা লুকাবো,পাহাের পাশে কালো মুখে মাথা লুকাবো,পাহাের পাশে কালো মুখে মাথা লুকিে আছে","𑄝𑄛𑄴 𑄘𑄬𑄙 𑄌𑄯𑄘𑄴𑄧 𑄛𑄪𑄢𑄪𑄌𑄴 𑄞𑄪𑄭, 𑄝𑄉𑄚𑄴 𑄦𑄢𑄬𑄭 𑄇𑄮𑄕 - 𑄇𑄪𑄕𑄨, 𑄉𑄮𑄕 -𑄉𑄪𑄚𑄨, 𑄢𑄪𑄇𑄴𑄈𑄁 𑄛𑄧𑄘𑄬 𑄇𑄣 𑄟𑄪𑄢𑄧𑄖𑄴 𑄟𑄙 𑄣𑄪𑄉𑄳𑄠𑄭 𑄖𑄧𑄌𑄳𑄠, 𑄛𑄬𑄢𑄥𑄚𑄨𑄖𑄴𑄪𑄚𑄴 𑄝𑄎𑄨𑄝𑄖𑄳𑄠𑄭।",Present
"তুমি দুার সিমে নেই, শেষ হে গেছে","𑄖𑄪𑄃𑄧 𑄘𑄪𑄉𑄧𑄢𑄴 𑄥𑄨𑄟𑄬 𑄚𑄬𑄭, 𑄚𑄬𑄭 𑄙𑄪𑄡𑄨।",Present
কথা আছে এরা খেে বাঘের ভে কলিজা খেে বাঘের মতো লাগে,"𑄇𑄧𑄙 𑄃𑄉𑄬 ""𑄃𑄬𑄢 𑄈𑄬𑄭𑄠𑄬 𑄝𑄊𑄧 𑄓𑄧𑄢𑄬 𑄌𑄨𑄖𑄴 𑄈𑄬𑄭𑄠𑄬 𑄝𑄊𑄧 𑄣𑄉𑄧𑄖𑄴 𑄛𑄠𑄴""।",Present
"আরও বেশি বিপদ আসতেছে, আর বেশি বিপদ আসতেছে",𑄃𑄢𑄧 𑄝𑄬𑄌𑄴 𑄘𑄪𑄉𑄧 𑄃𑄬𑄣𑄧 𑄎𑄪𑄟𑄴𑄧 𑄃𑄪𑄚𑄧𑄢𑄴 𑄎𑄩𑄁𑄦𑄚𑄨𑄖𑄴 𑄃𑄧𑄥𑄪𑄇𑄬 𑄝𑄨𑄥𑄪𑄈𑄬 𑄦𑄧𑄘𑄧𑄇𑄴 𑄃𑄧𑄛𑄧𑄘𑄬 𑄃𑄧𑄊𑄘𑄬 𑄟𑄪𑄢𑄨 𑄡𑄨𑄠𑄧𑄚𑄴।,Present
"অনেক অনেক লোক গাছ থেকে বাঁশ-গাছ কেটে চলে গেল,পুে এই সব গুঁো করে জঙ্গল কেটে যাচ্ছে","𑄃𑄧𑄚𑄧 𑄃𑄧𑄚𑄧 𑄎𑄧𑄚𑄬 𑄉𑄌𑄴-𑄝𑄌𑄴 𑄣𑄰 𑄣𑄢𑄬𑄭 𑄉𑄧𑄖𑄴𑄬 𑄟𑄧𑄢𑄨 𑄉𑄬𑄣𑄇𑄴, 𑄛𑄪𑄋𑄴𑄉𑄪 𑄃𑄧𑄭 𑄝𑄬𑄥𑄪𑄚𑄴𑄎𑄪𑄇𑄴 𑄉𑄪𑄢𑄨 𑄃𑄬𑄇𑄴 𑄝𑄪𑄉𑄧 𑄃𑄝𑄨𑄣𑄳𑄠𑄌𑄴, 𑄦𑄧𑄚𑄴 𑄦𑄨𑄎𑄨𑄦𑄨𑄌𑄳𑄠 𑄉𑄪𑄢𑄨 𑄎𑄩𑄋𑄴𑄦𑄚𑄨 𑄉𑄧𑄋𑄘𑄧𑄚𑄴 𑄦𑄨𑄣𑄧𑄢𑄴 𑄟𑄚𑄬𑄃𑄪𑄚𑄴।",Present
. সালেন একটু চোখ বাঁকা করে দেখে,𑄥𑄣𑄬𑄚𑄴 𑄃𑄬𑄇𑄴𑄇 𑄌𑄮𑄉𑄧𑄣𑄬𑄎𑄧𑄚𑄴𑄘𑄨 𑄛𑄨𑄎𑄬 𑄛𑄨𑄢𑄨 𑄌𑄬𑄭 -,Present
১.৮৫ সালে আমি আগে ৫ বছর বড় ছিলাম,𑄷𑅄𑄾𑄻 𑄥𑄣𑄴 𑄟𑄪𑄭 𑄥𑄧𑄇𑄴𑄇𑄬 𑄻 𑄝𑄧𑄎𑄧𑄌𑄳𑄠 𑄉𑄪𑄢𑄧 𑄃𑄬𑄣𑄪𑄁।,Past
ঘিলে হাাতে দাদা সমের কান্তি (যেটা হাত দিে) ঘুরে বো,𑄊𑄨𑄣𑄬 𑄦𑄢 𑄦𑄝𑄖𑄴𑄖𑄬 𑄘𑄘 𑄥𑄧𑄢𑄧𑄖𑄴 𑄇𑄚𑄴𑄖𑄨 (𑄎𑄬𑄖𑄴𑄖 𑄦𑄪𑄖𑄴 𑄞𑄬𑄭) 𑄘𑄉𑄨𑄘𑄪 𑄝𑄬𑄢 𑄡𑄨𑄠𑄧𑄋𑄴।,Present
হাত দিে মা আমাকে পেট দিে দািে,𑄦𑄇𑄴𑄇𑄚𑄴 𑄛𑄧𑄢𑄬 𑄟𑄳𑄦 𑄟𑄧𑄢𑄬 𑄛𑄬𑄘 𑄥𑄢𑄨 𑄥𑄢𑄨 𑄓𑄉𑄬𑄢𑄴।,Present
"রংধনুর পাে বাঙালি, আর্মিরা হামাগুি দিচ্ছে","𑄢𑄧𑄚𑄴𑄎𑄧𑄚𑄴 𑄟𑄪𑄚𑄨 𑄇𑄢𑄴𑄝𑄢𑄨 𑄛𑄢𑄖𑄴 𑄝𑄋𑄣𑄬, 𑄃𑄢𑄴𑄟𑄨𑄠𑄬 𑄌𑄋𑄟𑄳𑄦 𑄦𑄝𑄧𑄘𑄧𑄚𑄴।",Present
শোনা বািটা ফেলে দিলাম,𑄥𑄪𑄚𑄨 𑄊𑄧𑄢𑄴 𑄟𑄧𑄇𑄳𑄠 𑄘𑄨𑄣𑄪𑄁 𑄙𑄝।,Past
পাহাে যাওার সম বাচ্চা হেছে,𑄟𑄳𑄦𑄠𑄪 𑄦𑄧𑄚𑄴 𑄦𑄨𑄎𑄬𑄦𑄨𑄌𑄴𑄡𑄬 𑄉𑄪𑄢𑄨 𑄟𑄬𑄮 𑄦𑄧𑄎 𑄃𑄬𑄎𑄬𑄢𑄴।,Present
"প্রাণটা স্থির নেই,চুলের আগা উঠে","𑄛𑄧𑄢𑄚𑄴 𑄗𑄨𑄘𑄧 𑄚𑄬𑄭, 𑄌𑄪𑄣𑄧 𑄃𑄉𑄖𑄴 𑄃𑄪𑄖𑄴𑄬।",Present
"পরানটা ব ব,বুো মাথা,সুো মাথা,সুি পা যা না","𑄛𑄧𑄢𑄚𑄴 𑄝𑄨𑄢𑄪𑄁 𑄝𑄨𑄢𑄪𑄁, 𑄝𑄪𑄉𑄧𑄖𑄴 𑄌𑄨𑄇𑄪𑄖𑄴-𑄌𑄇𑄖𑄴, 𑄥𑄪𑄣𑄭𑄚𑄨 𑄛𑄧𑄢𑄭 𑄃𑄧𑄉𑄢𑄴 𑄚𑄧' 𑄛𑄋𑄧𑄢𑄴।",Present
দ্রুত চলে যাওা,𑄝𑄬𑄉𑄬 𑄙𑄬𑄭 𑄡𑄘𑄧𑄚𑄴।,Present
"পাহাে পাহাে মা-বোনেরা, বাবা-বোইন ছাগলটাকে নিে যাচ্ছে","𑄦𑄣𑄴𑄣𑄮𑄁 𑄝𑄪𑄇𑄴𑄇𑄬 𑄝𑄪𑄇𑄴𑄇𑄬 𑄟𑄳𑄦-𑄝𑄮𑄚𑄪𑄚𑄴, 𑄝𑄛𑄴-𑄝𑄬𑄭𑄠𑄪𑄚𑄴 𑄉𑄪𑄢𑄪-𑄍𑄉𑄧𑄣𑄴 𑄓𑄨𑄋𑄨𑄢𑄬 𑄚𑄬𑄡𑄘𑄧𑄚𑄴।",Present
সে দিন হলো ১. সে রাত হলো ২. সে দিন হলো বৃহস্পতিবার,𑄥𑄬 𑄘𑄨𑄚𑄴 𑄃𑄬𑄣𑄧 𑄷𑅄 𑄥𑄬 𑄓𑄨𑄥𑄬𑄟𑄴𑄝𑄧𑄢𑄴 𑄷𑅄𑄾𑄻 𑄃𑄨𑄁𑄢𑄬𑄎𑄨।,Past
.ওল জোা হেছে হেছে পুা/চামা ফেলতে ফেলতে কালো জঙ্গলে পলো,𑄤𑄧𑄣𑄴 𑄎𑄮𑄣𑄴 𑄃𑄧𑄭 𑄦𑄨𑄠𑄳𑄠 𑄦𑄨𑄠𑄳𑄠 𑄛𑄪𑄃𑄧/𑄌 𑄜𑄬𑄣𑄬𑄭 𑄑𑄬𑄛𑄴 𑄑𑄬𑄛𑄴 𑄌𑄮𑄉𑄧 𑄛𑄚𑄨 𑄜𑄬𑄣𑄬 𑄜𑄬𑄣𑄬 𑄇𑄣 𑄏𑄢𑄧𑄖𑄴 𑄛𑄪𑄣𑄴𑄣𑄬𑄧𑄪𑄚𑄴।,Present
আমরা পাহাে গেলাম আরু ডাকতেছি,𑄃𑄟𑄨 𑄙𑄬𑄭 𑄉𑄬𑄣𑄧𑄁 𑄃𑄎𑄪 𑄘𑄉𑄨𑄙𑄪(𑄟 𑄇𑄪𑄣𑄬𑄚𑄴𑄘𑄨)।,Present
"আাআি, বোই এত ভে ভে আছে","𑄃𑄎𑄪𑄣𑄮𑄭, 𑄝𑄬𑄝𑄬 𑄃𑄬𑄘𑄧𑄇𑄴𑄧𑄚𑄴 𑄘𑄧𑄢𑄴𑄛𑄰𑄢𑄬 𑄘𑄧𑄢𑄴𑄛𑄰𑄢𑄬 𑄃𑄊𑄚𑄴।",Present
আাআি আসতেই তারা আর পাহাে পে না,𑄃𑄊 𑄃𑄬𑄎𑄬𑄢𑄴 𑄚 𑄟𑄪𑄘𑄧 𑄃𑄬𑄎𑄬𑄢𑄴 𑄖𑄢𑄠𑄳𑄠𑄪 𑄃𑄧𑄉𑄧𑄢𑄴 𑄚𑄧' 𑄛𑄘𑄧𑄚𑄴।,Present
পদচিহ্ন অনুসরণ করে থাকা,𑄛𑄧𑄘𑄧 𑄦𑄨𑄖𑄴𑄬 𑄌𑄬𑄭 𑄗𑄚𑄴।,Present
সে মলার বুো পার জন্য আমাকে তালা দো,𑄥𑄬𑄌𑄴 𑄟𑄬𑄌𑄴 𑄝𑄪𑄉𑄧 𑄛𑄧𑄢𑄭 𑄃𑄟𑄢𑄬 𑄖𑄣𑄌𑄴 𑄉𑄧𑄢 𑄃𑄬𑄝𑄢𑄴 𑄃𑄧𑄇𑄴𑄖𑄴𑄧 𑄃𑄟𑄨 𑄖𑄢 𑄃𑄨𑄘𑄪 𑄞𑄬𑄘 𑄘𑄨𑄠𑄮𑄭।,Present
.শুধু সে এইটা করে?,𑄝𑄚 𑄦𑄨 𑄃𑄨𑄠𑄚𑄴 𑄚𑄰 𑄥𑄬𑄌𑄴. . . . . . . . . .?,Present
সে ভালো হেছে মনে হ,𑄥𑄬 𑄦𑄧𑄚𑄴 𑄥𑄪𑄎𑄧𑄇𑄳𑄠 𑄦𑄧𑄙 𑄦𑄧𑄣𑄬 𑄃𑄬𑅄𑄧 𑄦𑄨𑄠𑄬 𑄦𑄬𑄌𑄴𑄥𑄚𑄨 𑄃𑄪𑄝𑄧 𑄃𑄪𑄝𑄧 𑄃𑄧𑄠𑄴।,Present
"অনেক অনেক জারজ হাত উে উঠছে,সাথে সাথে উো উঠছে","𑄝𑄧𑄚 𑄝𑄧𑄚 𑄎𑄢𑄧 𑄦𑄘 𑄃𑄪𑄘𑄧𑄚𑄴, 𑄎𑄇𑄧𑄖𑄴 𑄎𑄇𑄧𑄖𑄴 𑄃𑄪𑄉𑄪𑄢𑄨 𑄃𑄪𑄘𑄧𑄁 𑄃𑄬𑄎𑄧।",Present
সে কালো বিজের আর্মি থেকে মা-বাি উঠে,𑄥𑄬 𑄇𑄣 𑄝𑄨𑄎𑄧𑄉𑄧𑄢𑄴 𑄃𑄢𑄴𑄟𑄨𑄖𑄴𑄪𑄚𑄴 𑄟𑄳𑄦-𑄝𑄳𑄦𑄝𑄳𑄦 𑄃𑄪𑄙𑄬 𑄃𑄪𑄠𑄧𑄚𑄴।,Present
.উঠা যাওা মানুষ নেই,𑄃𑄪𑄙𑄬 𑄚𑄧' 𑄦𑄧𑄚𑄴 𑄛𑄢 𑄟𑄚𑄪𑄌𑄴 𑄚𑄬𑄭।,Present
উে উে পবিত্র মাটি চতেছি,𑄃𑄪𑄙𑄬 𑄃𑄪𑄠𑄬 𑄛𑄧𑄝𑄨𑄖𑄴𑄳𑄢 𑄟𑄳𑄦-𑄞𑄫𑄟𑄨 𑄦𑄨𑄣𑄴𑄌𑄘𑄬𑄉𑄁।,Present
আমাদের বািগুলো আগুন দিে দে,𑄾 𑄝𑄢𑄴 𑄃𑄟 𑄃𑄘𑄟𑄧 𑄊𑄧𑄢𑄚𑄨 𑄃𑄉𑄪𑄚𑄴 𑄝𑄎𑄬 𑄘𑄨𑄠𑄳𑄠 𑄃𑄪𑄠𑄳𑄠।,Present
তার পরে যে যেখানে পতে পারে সেখানে ছিঁে পে থাকতে হ,𑄖' 𑄛𑄧𑄢𑄬 𑄡𑄬 𑄡𑄨𑄠𑄮𑄖𑄴 𑄛𑄧𑄢𑄚𑄴 𑄖𑄮𑄢𑄬 𑄛𑄢𑄬 𑄥𑄨𑄠𑄮𑄖𑄴 𑄍𑄨𑄘𑄨 𑄛𑄧𑄌𑄴𑄍𑄮𑄚𑄴 𑄚𑄚𑄋𑄴 𑄦𑄨𑄖𑄴𑄬𑄖𑄴।,Present
ঝিদু ডেকে ভে ভে গেলে আমরাও যা না,"𑄏𑄨𑄘𑄪 𑄘𑄉𑄨 𑄞𑄢𑄧𑄘𑄧𑄖𑄴 𑄞𑄢𑄧𑄘𑄧𑄖𑄴 𑄉𑄬𑄣𑄬𑄠𑄳𑄠𑄪 𑄃𑄟𑄨 𑄚𑄧' 𑄡𑄬𑄭 , 𑄚𑄨𑄎𑄧 𑄘𑄬𑄌𑄴 𑄍𑄢𑄨।",Present
.যে দেশে বেশি ব ব হেছে সেটা বাাবাি হলো,"""𑄡𑄬 𑄘𑄬𑄎𑄧𑄖𑄴 𑄎𑄧𑄢𑄴𑄟𑄧 𑄥𑄬 𑄘𑄬𑄎𑄧𑄖𑄴 𑄟𑄧𑄢𑄚𑄴"" 𑄃𑄨𑄠𑄚𑄴 𑄝𑄳𑄦𑄝𑄳𑄦𑄢𑄴 𑄦𑄧𑄙𑄃𑄬𑄣𑄧।",Past
.চওা চওা চোখের পানি সে দিন চলতেছে হাত দিে,𑄌𑄬𑄢𑄁 𑄌𑄬𑄢𑄁 𑄌𑄮𑄉𑄧 𑄛𑄚𑄨𑄠𑄬 𑄥𑄬 𑄘𑄨𑄚𑄴 𑄦𑄨𑄖𑄴𑄮 𑄦𑄘𑄪𑄟𑄴𑄮𑄃𑄨 𑄎𑄬𑄙 𑄜𑄢𑄧𑄇𑄴 𑄃𑄰 𑄛𑄧𑄌𑄴𑄍𑄬।,Present
আজ না আসার সম আমার পছন্দ হেছে,𑄃𑄎 𑄚𑄧' 𑄃𑄬𑄣𑄧 𑄘𑄬𑄊 𑄃𑄧𑄝𑄧𑄁 𑄦𑄨𑄖𑄴𑄮 𑄦𑄪𑄘𑄪𑄟𑄴𑄮𑄃𑄨।,Present
আমরা কালো পাে আসলাম,𑄃𑄟𑄨 𑄗𑄬𑄭 𑄉𑄬𑄣𑄧𑄁 𑄇𑄣 𑄟𑄮𑄚𑄧𑄖𑄴 𑄃𑄎𑄪 𑄘𑄉𑄨𑄘𑄪।,Past
পাহাের গ্রামে নিজের জমি রেখে কালো পাহাের জুম করতেছে,𑄛𑄃𑄣 𑄃𑄘𑄟𑄧𑄖𑄴 𑄚𑄨𑄎𑄧 𑄞𑄪𑄭 𑄎𑄧𑄟𑄨 𑄜𑄬𑄣𑄬 𑄝𑄳𑄦𑄝𑄳𑄦 𑄇𑄣 𑄟𑄮𑄚𑄴 𑄎𑄢𑄴 𑄎𑄪𑄟𑄴 𑄇𑄝𑄙 𑄧𑄢𑄴𑄣𑄴𑄧।,Present
এই জঙ্গলে জুম কাটার জন্য বাঁশ বসানো হ,𑄃𑄬𑄭 𑄏𑄢𑄧𑄖𑄴 𑄎𑄪𑄟𑄴 𑄇𑄝𑄧𑄘𑄳𑄠 𑄝𑄳𑄦𑄝𑄳𑄦 𑄒𑄬𑄦𑄧𑄖𑄴 𑄝𑄌𑄴 𑄝𑄧𑄎𑄬𑄠𑄳𑄠।,Present
লাল হলুদ ভে গেল নাকের কাছে,𑄢𑄋 𑄣𑄮 𑄞𑄨𑄎𑄨 𑄉𑄬𑄣𑄴 𑄚𑄖𑄴 𑄞𑄫𑄭।,Past
পাহাের চাপ খেে পাহাের রগ কেটে যা,𑄟𑄳𑄦 𑄝𑄌𑄴𑄌𑄪𑄢𑄨 𑄗𑄮𑄉𑄘𑄳𑄠 𑄃𑄏𑄢𑄴 𑄈𑄬𑄭 𑄝𑄋𑄬𑄘𑄨 𑄦𑄘𑄧 𑄢𑄧𑄉𑄧 𑄇𑄝 𑄡𑄨𑄠𑄳𑄠।,Present
.সে হাত দিে ব জিনিস ধরতো,𑄃𑄬𑅄𑄧 𑄥𑄬 𑄦𑄖𑄴𑄗𑄚𑄴𑄮 𑄓𑄋𑄧𑄢𑄴 𑄎𑄨𑄚𑄨𑄌𑄴 𑄙𑄧𑄢𑄴𑄖𑄳𑄠 𑄦𑄧𑄌𑄴𑄖𑄧 𑄃𑄧𑄠𑄴।,Past
আমাদের গ্রামের মানুষরা ভালুক থেকে কামি খেে আসছে,"𑄃𑄟 𑄇𑄠𑄴 𑄃𑄘𑄟𑄴 ""𑄎𑄚𑄴𑄘𑄨 𑄟𑄪𑄢𑄧"" 𑄛𑄳𑄢𑄬𑄟𑄴𑄖𑄧𑄣 𑄝𑄛𑄴 𑄝𑄌𑄴 𑄇𑄝 𑄡𑄬𑄭𑄚𑄬𑄭 𑄞𑄣𑄪𑄇𑄧𑄖𑄴𑄪𑄚𑄴 𑄇𑄟𑄧𑄢𑄴 𑄈𑄬𑄭 𑄃𑄇𑄣𑄬 𑄟𑄪𑄢𑄨 𑄛𑄨𑄠𑄳𑄠।",Present
এগুলো আমার দুচোখের মধ্যে দেখা যা,𑄃𑄨𑄠𑄚𑄨 𑄟𑄧𑄢𑄴 𑄘𑄨' 𑄌𑄮𑄉𑄬 𑄘𑄨𑄇𑄴𑄇𑄬 𑄊𑄧𑄑𑄧𑄚।,Present
"একটা বাচ্চা হেছে বাবা,ভাই-বোন চলে গেল","𑄃𑄨𑄇𑄳𑄠 𑄉𑄪𑄢𑄨 𑄦𑄧𑄘𑄧𑄇𑄴 𑄝𑄛𑄴 - 𑄞𑄬𑄭, 𑄟𑄳𑄦-𑄝𑄮𑄚𑄴 𑄟𑄪𑄚𑄨 𑄉𑄬𑄣𑄇𑄴, 𑄛𑄪𑄋𑄴𑄉𑄪 𑄃𑄧𑄭 𑄝𑄪𑄉𑄧 𑄘𑄨𑄝𑄬𑄘𑄨𑄛𑄴𑄝𑄬 𑄉𑄪𑄢𑄨 𑄎𑄨𑄁𑄦𑄚𑄨 𑄖𑄮𑄢𑄘𑄧𑄚𑄴।",Past
. যারা ভার বহন করছে তাদের কথা বুো করে দেখার নাই,𑄃 𑄡𑄢 𑄞𑄢𑄧𑄘𑄧𑄖𑄴 𑄥𑄧𑄢𑄧𑄕𑄖𑄴𑄗𑄨 𑄡𑄨𑄠𑄧𑄚𑄴 𑄖𑄢𑄢𑄴 𑄘𑄪𑄉𑄧 𑄇𑄧𑄙 𑄝𑄪𑄉𑄧 𑄍𑄨𑄢𑄨 𑄘𑄬𑄊𑄬𑄝𑄢𑄴 𑄚𑄧𑄠𑄴।,Present
খেে না পেে পেট ভরে রুা,𑄈𑄬𑄭 𑄚𑄧' 𑄛𑄬𑄚𑄳𑄠𑄭 𑄛𑄬𑄘𑄧 𑄃𑄋𑄪𑄘𑄬 𑄃𑄋𑄪𑄘𑄬 𑄢𑄪𑄃𑄪𑄚𑄴।,Present
সেখান থেকে বেশি করে পানি উঠতেছে,𑄥𑄨𑄖𑄴𑄪𑄚𑄴 𑄝𑄬𑄌𑄴 𑄇𑄧𑄢𑄪𑄚𑄴 𑄃𑄬𑄣𑄧 𑄃𑄪𑄘𑄧𑄞𑄌𑄴𑄖𑄴𑄧 𑄎𑄨𑄋𑄴𑄦𑄚𑄨।,Present
.সকালে তেল দিে সুন্দর হ এমন জিনিস ভাবার জো নেই,𑄥𑄧𑄘𑄬𑄎𑄧𑄖𑄴 𑄖𑄬𑄣𑄬𑄠𑄳𑄠𑄪 𑄥𑄪𑄉𑄧 𑄦𑄨 𑄎𑄨𑄚𑄨𑄌𑄴 𑄞𑄝𑄨𑄝𑄢𑄴 𑄎𑄪 𑄚𑄬𑄭।,Present
আলুর গাে পুিে যে পোকা আছে,𑄃𑄣𑄪 𑄉𑄘𑄧𑄖𑄴 𑄛𑄪𑄢𑄨 𑄟𑄪𑄢𑄨 𑄡𑄨𑄠𑄧𑄚𑄴 𑄝𑄨𑄎𑄧𑄉𑄧 𑄃𑄊𑄬।,Present
".সরনার্থীদেরকে ভারত সকা দিে চুি দিে, যারা নিজ জমি থেকে জমি নিে আসে,তারা পাহাের পাশ দিে হেঁটে যাচ্ছে,মরা মলা পাহাের পাশ দিে হেঁটে আসে, যারা নিজ জমি থেকে পাহািে আসে,তারা নিজেদের জমি ফেলে দিে ঘুরে ঘুরে রে থাকে","𑄥𑄧𑄢𑄧𑄚𑄢𑄴𑄗𑄩𑄃𑄪𑄚𑄧𑄢𑄬 𑄞𑄢𑄧𑄖𑄧 𑄥𑄧𑄢𑄴𑄇𑄌𑄳𑄠 𑄘𑄨' 𑄃𑄬𑄇𑄴𑄇 𑄚𑄉𑄧𑄖𑄴 𑄌𑄪𑄟𑄬 𑄘𑄨𑄣𑄬𑄠𑄳𑄠𑄪, 𑄡𑄢 𑄥𑄧𑄘𑄬𑄎𑄧𑄖𑄴 𑄃𑄬𑄣𑄇𑄴, 𑄡𑄢 𑄚𑄨𑄎𑄧 𑄞𑄫𑄫𑄭 𑄎𑄧𑄟𑄨 𑄜𑄬𑄣𑄬 𑄢𑄪𑄇𑄴𑄇𑄋𑄧𑄖𑄴 𑄟𑄙 𑄣𑄪𑄊𑄳𑄠𑄠𑄪𑄚𑄴 𑄖𑄢 𑄌𑄪𑄇𑄴 𑄌𑄪𑄇𑄴, 𑄟𑄧𑄢 𑄟𑄧𑄌𑄳𑄠 𑄝𑄪𑄉𑄨 𑄣𑄰 𑄷𑄻-𑄸𑄶 𑄇𑄨.𑄟𑄨. 𑄛𑄧𑄘𑄧 𑄟𑄯𑄚𑄴-𑄟𑄪𑄢𑄴 𑄞𑄋𑄨 𑄍𑄧𑄢 𑄉𑄋𑄴 𑄍𑄨𑄢𑄨 𑄜𑄮𑄛𑄬 𑄜𑄮𑄛𑄬 𑄃𑄘 𑄦𑄧𑄣𑄮𑄘𑄧 𑄝𑄨𑄎𑄨 𑄘𑄨' 𑄃𑄬𑄇𑄴𑄇𑄚𑄴 𑄝𑄎𑄢𑄴 𑄝𑄬𑄌𑄴 𑄉𑄧𑄢𑄴𑄣𑄴𑄬 𑄥𑄚𑄴𑄖𑄨 𑄝𑄦𑄩𑄚𑄨 𑄝𑄎𑄢𑄴 𑄦𑄮𑄭 𑄦𑄮𑄭 𑄦𑄢𑄨 𑄢𑄊𑄚𑄴, 𑄘𑄧𑄊𑄬 𑄚𑄧' 𑄃𑄧𑄣𑄬 𑄟𑄢𑄴 𑄛𑄨𑄖𑄴 𑄉𑄧𑄢𑄨 𑄦𑄎𑄡𑄧𑄖𑄴 𑄔𑄮𑄉𑄬 𑄘𑄳𑄠𑄪𑄚𑄴।",Present
বাজারে সামাদ দুই আঙুল দিে একটি হাত দিে,𑄝𑄎𑄢𑄧𑄖𑄴 𑄥𑄟𑄘𑄬 𑄘𑄨' 𑄃𑄋𑄪𑄣𑄴𑄬 𑄃𑄬𑄇𑄴𑄇𑄚𑄴 𑄦𑄉𑄮𑄌𑄴 𑄘𑄳𑄠𑄪𑄚𑄴।,Present
এখানে ওখানে সেটা দিে আসতে হ,𑄃𑄬𑄖𑄴𑄬 𑄥𑄧𑄣𑄖𑄴 𑄥𑄨𑄠𑄚𑄴 𑄘𑄨' 𑄃𑄬𑄡 𑄛𑄧𑄢𑄬।,Present
হারিে গেলে শুধু রোদে পে থাকে,𑄦𑄢𑄬𑄣𑄬 𑄝𑄇𑄴𑄝𑄇𑄴𑄈𑄬 𑄛𑄉𑄚 𑄢𑄮𑄘𑄧𑄖𑄴 𑄃𑄪𑄝𑄧𑄖𑄴 𑄛𑄪𑄚𑄴𑄘𑄪𑄢𑄨 𑄉𑄧𑄢𑄨 𑄢𑄊𑄚𑄴।,Present
নানা ধরনের মাছ দিে,𑄚𑄚𑄋𑄴 𑄟𑄌𑄴𑄖𑄨 𑄘𑄳𑄠𑄪𑄚𑄴।,Present
পাহাে পাহাে হেঁটে গেলে তাদের ভাগ্য বেশি হ না,𑄟𑄪𑄣𑄪𑄇𑄴 𑄇𑄧𑄙 𑄃𑄧𑄣𑄘𑄬 𑄛𑄑𑄨 𑄥𑄧𑄌𑄴𑄥𑄧𑄖𑄳𑄢𑄧 𑄣𑄢𑄬𑄭𑄠𑄧𑄖𑄴 𑄃𑄪𑄘𑄧𑄝𑄌𑄴𑄖𑄪 𑄝 𑄥𑄧𑄘𑄬𑄎𑄧𑄖𑄴 𑄢𑄧𑄠𑄬 𑄟𑄚𑄬𑄭𑄃𑄪𑄚𑄧𑄢𑄴 𑄞𑄫𑄟𑄨𑄇 𑄝𑄬𑄌𑄴 𑄗𑄚𑄢𑄴 𑄛𑄧𑄢𑄴𑄠𑄳𑄠𑄪 𑄖𑄢 𑄇𑄧𑄛𑄣𑄧𑄖𑄴 𑄛𑄢𑄴𑄝𑄧𑄖𑄴𑄖𑄳𑄠𑄧 𑄌𑄪𑄇𑄴𑄖𑄨𑄖𑄴 𑄣𑄬𑄊 𑄗𑄬𑄣𑄬𑄠𑄳𑄠𑄪 𑄃𑄬𑅄𑄧 𑄃𑄬𑄇𑄴 𑄇𑄚 𑄛𑄧𑄠𑄴𑄥𑄬 𑄃𑄧𑄚𑄪𑄘𑄚𑄴 𑄚𑄧' 𑄎𑄪𑄑𑄬।,Present
পাহাি ও নেই,𑄛𑄤𑄧𑄖𑄴𑄨 𑄤𑄧 𑄚𑄬𑄭।,Present
.পারভাতের মতো আমি পাহাে দৌাদৌি করিও না,𑄛𑄢𑄴𑄝𑄧𑄖𑄴𑄖𑄳𑄠𑄧 𑄌𑄪𑄇𑄴𑄖𑄨 𑄝𑄬𑄉𑄧𑄢𑄴 𑄟𑄪' 𑄛𑄮𑄖𑄛𑄮𑄖𑄳𑄠 𑄉𑄪𑄢𑄨 𑄘𑄨𑄣𑄬𑄠𑄳𑄠𑄪 𑄃𑄨𑄢𑄪𑄇𑄴 𑄘𑄨𑄚𑄧𑄢𑄴 𑄛𑄧𑄢𑄨𑄖𑄴𑄖𑄨𑄖𑄨 𑄈𑄪𑄃𑄪𑄝𑄴 𑄝𑄬-𑄥𑄪𑄚𑄴𑄎𑄪𑄇𑄴 𑄉𑄧𑄢𑄬𑄢𑄴।,Present
তাদের এইটা,𑄘𑄪𑄉𑄧𑄉𑄚𑄴 𑄖𑄢𑄢𑄴 𑄃𑄨𑄠𑄚𑄴।,Present
.আসারা তাদের কাছ থেকে অনেক চাঁদা নিে থাকে,𑄃𑄬𑄌𑄳𑄠 𑄖𑄢𑄖𑄴𑄪𑄚𑄴 𑄚𑄚𑄋𑄴 𑄛𑄮𑄭𑄘𑄳𑄠𑄚𑄬 𑄌𑄀𑄘 𑄘𑄝𑄨 𑄉𑄧𑄢𑄧𑄚𑄴।,Present
.এ জুম কাটা বাধা দিে কাটা যা না,𑄃 𑄎𑄪𑄟𑄴 𑄇𑄝𑄚 𑄝𑄙 𑄘𑄳𑄠𑄪𑄚𑄴 𑄇𑄝𑄳𑄠 𑄎𑄪𑄟𑄴 𑄉𑄧𑄢𑄨 𑄚𑄧' 𑄛𑄚𑄴।,Present
"সে,হেঁচকির মতো থাকবে?","𑄖𑄬, 𑄦𑄬𑄋𑄴𑄢𑄨 𑄝𑄎𑄨𑄝𑄧𑄁 𑄦𑄨𑄋𑄴𑄢𑄨 ?",Future
.এ যুগের মানুষরা চুক্তি করে না বলে বিভিন্ন সমের ডাল থেকে ঢেঁা বের করবে,𑄃𑄬𑄌𑄳𑄠 𑄥𑄧𑄢𑄴𑄇𑄌𑄳𑄠 𑄛𑄢𑄴𑄝𑄧𑄖𑄴𑄖𑄳𑄠𑄧 𑄌𑄪𑄇𑄴𑄖𑄨 𑄝𑄌𑄴𑄖𑄧𑄝𑄠𑄧𑄚𑄴 𑄚𑄧' 𑄉𑄧𑄢𑄚𑄢𑄴 𑄇𑄢𑄧𑄕𑄬 𑄚𑄚𑄋𑄴 𑄥𑄧𑄟𑄧𑄥𑄳𑄠 𑄔𑄬𑄣𑄖𑄴𑄪𑄚𑄴 𑄔𑄬𑄣 𑄎𑄧𑄚𑄧𑄟𑄴 𑄃𑄧𑄢𑄴।,Future
"পাহাে চূা আগুন জ্বলতেছে,অনেকগুলো কালো ধোঁার জন্য পাগল হেছে","𑄛𑄢'𑄝𑄧𑄖𑄳𑄠𑄧 𑄌𑄧𑄖𑄴𑄑𑄧𑄉𑄳𑄢𑄟𑄧𑄖𑄴 𑄃𑄉𑄪𑄚𑄴 𑄎𑄧𑄣𑄬𑄢𑄴, 𑄝𑄧𑄚 𑄝𑄧𑄚 𑄇𑄣 𑄙𑄪𑄟𑄧 𑄘𑄬𑄝𑄝𑄪𑄢𑄬 𑄛𑄉𑄧𑄣𑄴 𑄉𑄧𑄌𑄴𑄡𑄳𑄠।",Present
".আকাশে বজ্রপাত হেছে, ১৪৪ ধারা জারি, ৮৫০ জন সেনা সমে আসা আর্মির সাথে যুদ্ধ করতেছে","𑄃𑄳𑄠𑄬𑄃𑄨𑄣𑄴 𑄃𑄉𑄌𑄴 𑄦𑄧𑄣𑄧𑄖𑄳𑄠 𑄃𑄧𑄭 𑄃𑄬𑄎𑄬𑄢𑄴 𑄇𑄢𑄴𑄞𑄨𑄃𑄪(𑄥𑄚𑄴𑄙𑄳𑄠 𑄃𑄭𑄚𑄴), 𑄷𑄺𑄺 𑄙𑄢 𑄎𑄢𑄨, 𑄾𑄶𑅄𑄶 𑄘𑄧𑄥𑄧𑄇𑄴 𑄥𑄚𑄴 𑄃𑄬𑅄𑄧 𑄥𑄟𑄧𑄢𑄨𑄇𑄴 𑄥𑄥𑄧𑄚𑄬 𑄃𑄬𑄌𑄳𑄠 𑄃𑄢𑄴𑄟𑄨𑄃𑄪𑄚𑄧𑄢𑄴 𑄝𑄪𑄪𑄪𑄣𑄬𑄑𑄧𑄢𑄴 𑄟𑄳𑄦 - 𑄝𑄮𑄚𑄧𑄢𑄴 𑄝𑄪𑄉𑄧 𑄞𑄬𑄘 𑄞𑄬𑄘 𑄉𑄧𑄢𑄬।",Present
".২০০৩ সালে আগের চাইতে অনেক নরম মাটি হেছে, ২ ফুট পাহাের মাটি ৩ ফুট দিে হেঁটে যাওার জন্য ৩ ফুট বািে আসলাম,বুো মাথা ভেঙে দাও","𑄸𑄶𑄶𑄹 𑄥𑄣𑄧𑄖𑄴 𑄃𑄉𑄧𑄥𑄧𑄑𑄧 𑄟𑄧𑄦𑄣𑄴 𑄍𑄧𑄢𑄨 𑄛𑄧𑄢 𑄟𑄘𑄨 𑄦𑄬𑄢𑄴 𑄃𑄪𑄘𑄧𑄘𑄬 𑄚𑄧' 𑄃𑄪𑄘𑄧𑄘𑄬 𑄸𑄶𑄷𑄶 𑄥𑄣𑄧𑄖𑄴 𑄷𑅄-𑄸𑄶 𑄜𑄬𑄛𑄴𑄝𑄳𑄢𑄧𑄧𑄠𑄢𑄨 𑄝𑄊𑄬 𑄦𑄑𑄧, 𑄸𑄼 𑄜𑄬𑄛𑄴𑄝𑄳𑄢𑄧𑄧𑄠𑄢𑄨 𑄦𑄉𑄢𑄍𑄃𑄢𑄨 𑄹𑄶𑄶 𑄃𑄧𑄙𑄨𑄇𑄴 𑄊𑄧𑄢𑄧𑄖𑄴 𑄃𑄉𑄚𑄴 (𑄘𑄨' 𑄠𑄚𑄴 𑄦𑄨𑄠𑄧𑄁 𑄥𑄧𑄟𑄪𑄖𑄴𑄧), 𑄝𑄪𑄘𑄴𑄧 𑄟𑄪𑄖𑄴𑄖𑄨 𑄞𑄋𑄨 𑄘𑄳𑄠𑄪𑄚𑄴।",Present
বুো স্বামী গুলো ৭ জন চামা আর্মির বুলেট পেছে,𑄝𑄪𑄘𑄴𑄧 𑄛𑄧𑄖𑄨 𑄥𑄧𑄟𑄪𑄖𑄴𑄧 𑄽 𑄎𑄧𑄚𑄴 𑄌𑄋𑄴𑄟𑄳𑄦 𑄃𑄢𑄴𑄟𑄨𑄃𑄪𑄚𑄧𑄢𑄴 𑄝𑄪𑄣𑄬𑄑𑄧𑄢𑄴 𑄛𑄧𑄢𑄚𑄴 𑄘𑄨'𑄛𑄨𑄠𑄧𑄚𑄴।,Present
"তার পেছনে সেই চাকমারা জুমের কাটা দিে দে, কাটতে পাওা যা না","𑄃𑄬𑄢𑄧 𑄨𑄞𑄨𑄘𑄨𑄢𑄬 𑄥𑄨𑄘𑄪 𑄌𑄁𑄟𑄳𑄦𑄃𑄪𑄚𑄧𑄢𑄬 𑄎𑄪𑄟𑄴 𑄇𑄝 𑄝𑄙 𑄘𑄳𑄠𑄪𑄚𑄴, 𑄇𑄝𑄨 𑄚𑄧' 𑄛𑄚𑄴।",Present
সে বাাবাি করে,𑄖𑄬 𑄝𑄎𑄚 𑄦𑄨𑄋𑄴𑄢𑄨 ?,Present
.নিঃসঙ্গতার পদ দেখলে ভ লাগে নাকি?,𑄃𑄧𑄚𑄴𑄖𑄧𑄖𑄴 𑄝𑄎𑄨𑄝𑄢𑄴 𑄛𑄧𑄘𑄧 𑄘𑄬𑄊𑄬𑄭 𑄘𑄬𑄚 𑄘𑄧𑄢𑄴𑄇𑄢𑄴 𑄚𑄧𑄡𑄴 𑄦𑄨 ?,Present
বেগরা আগে নিজের জাগা জমি হারিে বাঁধতো এখন মাথা নিচু করে,𑄝𑄬𑄉𑄧𑄢 𑄃𑄉𑄬 𑄚𑄨𑄎𑄧𑄢𑄴 𑄎𑄉 𑄎𑄧𑄟𑄨 𑄦𑄢𑄬𑄭 𑄝𑄙𑄳𑄠 𑄃𑄧𑄭𑄛𑄨𑄠𑄧𑄚𑄴 𑄢𑄨𑄎𑄬𑄝𑄴 𑄎𑄢𑄧𑄖𑄴 𑄟𑄙 𑄣𑄪𑄉𑄬𑄠𑄪𑄚𑄴।,Past
".কথা আছে,বলতে গেলে এক কথা,ডাকলে তিন কথা,ডাকলে তিন কথা","𑄇𑄧𑄙 𑄃𑄊𑄬, ""𑄌𑄪𑄢𑄬 𑄚𑄨𑄣𑄬 𑄌𑄬𑄢𑄴 𑄃𑄬𑄇𑄴 𑄇𑄪𑄚𑄴, 𑄓𑄇𑄨𑄘𑄬 𑄚𑄨𑄣𑄬 𑄖𑄨𑄚𑄴 𑄇𑄪𑄚𑄴 𑄃 𑄃𑄉𑄪𑄚𑄬 𑄚𑄨𑄣𑄬 𑄌𑄬𑄢𑄴 𑄇𑄪𑄚𑄴।",Present
".এই বেগের সাথে কলা খেে পা, সেই জাগা কবর দেওা হ",""" 𑄃𑄬𑄌𑄳𑄠 𑄝𑄬𑄉𑄧 𑄇𑄨𑄎𑄪 𑄦𑄢𑄬𑄭 𑄇𑄧𑄣 𑄈𑄬𑄭 𑄛𑄧𑄢𑄚𑄴 𑄖𑄮𑄢𑄘𑄧𑄚𑄴, 𑄥𑄬 𑄎𑄉𑄖𑄴 𑄎𑄪𑄟 𑄇𑄝 𑄝𑄙।",Present
. সালেনটা খুব খারাপ ব্যবহার,𑄥𑄣𑄬𑄚𑄴 𑄃𑄨𑄠𑄚𑄴 𑄃𑄧𑄟𑄚𑄴𑄝𑄨𑄇𑄴 𑄃𑄌𑄧𑄢𑄧𑄚𑄴 𑄦𑄟𑄇𑄴𑄇𑄭।,Present
"সে, ব ভাই-বোনেরা আমি তোমাকে অনেক কষ্ট দিেছি","𑄖𑄬, 𑄝𑄧𑄢𑄴 𑄞𑄬𑄭𑄠𑄪𑄚𑄴 𑄟𑄪𑄭 𑄖𑄮𑄟𑄢𑄬 𑄇𑄪𑄎𑄮𑄣𑄨 𑄉𑄧𑄎𑄁 𑄃𑄬𑄇𑄴𑄝𑄢𑄴 𑄖𑄪𑄟𑄨 𑄦𑄨 𑄝𑄪𑄎𑄨𑄝𑄢𑄴 𑄌𑄧' 𑄃𑄟 𑄎𑄘𑄧𑄢𑄴 𑄘𑄪𑄇𑄴𑄈𑄚𑄨।",Present
কটা ভাত খাওা,𑄇𑄧𑄠𑄴 𑄖𑄧𑄌𑄳𑄠 𑄈𑄬𑄝𑄇𑄴।,Present
জাগা ভাইার তসা না অন্য জাগা তসা,𑄎𑄘𑄧 𑄞𑄬𑄭𑄠𑄮𑄢𑄴 𑄖𑄧𑄌𑄳𑄠 𑄚 𑄃𑄧𑄚𑄳𑄠𑄧 𑄎𑄘𑄧𑄢𑄴 𑄖𑄧𑄌𑄳𑄠।,Present
".যে মা বোন দুধ খেে খা, যে বাপ-বোন দুধ খেে খা, সেই বাপ-বোনের দুধটা খা, ব ব দুধ খা, ব ডিঙর ডিঙর নদীর তীরে দৌাদৌি করে,সে বাপ-বোনের দুধ খা,এত ব ব দুধ খেেছে,এত ব দুধ খেেছে,এত ব দুধ খেে পাহাের মধ্যে পাহাের দুধ খা, যে বাপ-বোনের দুধ খা,এত ব ব বে পে পে","𑄡𑄬 𑄟𑄳𑄦 𑄪 𑄝𑄮𑄚𑄪𑄚𑄴 𑄖𑄧𑄌𑄳𑄠 𑄛𑄬𑄢𑄥𑄚𑄨 𑄈𑄘𑄧𑄚𑄴, 𑄡𑄬 𑄝𑄛𑄧𑄢𑄴 - 𑄞𑄬𑄭𑄠𑄬 𑄛𑄬𑄢𑄥𑄢𑄴 𑄈𑄘𑄧𑄚𑄴 ,𑄥𑄬 𑄟𑄳𑄦 𑄪- 𑄝𑄮𑄚𑄧𑄢𑄴 𑄝𑄪𑄉𑄧𑄢𑄴 𑄣𑄮 (𑄘𑄪𑄙𑄧) 𑄈𑄬𑄭, 𑄥𑄬 𑄝𑄛𑄧𑄢𑄴 -𑄞𑄬𑄭𑄠𑄧𑄢𑄴 𑄛𑄨𑄘𑄨𑄖𑄴 𑄇𑄚𑄖𑄴 𑄥𑄪𑄢𑄨 𑄥𑄪𑄢𑄨 𑄚𑄝𑄣𑄧𑄇𑄧𑄖𑄴𑄪𑄚𑄴 𑄍𑄝𑄧𑄣𑄧𑄇𑄴, 𑄓𑄋𑄧𑄢𑄴 𑄓𑄨𑄋𑄧𑄢𑄴 𑄃𑄰 𑄎𑄘𑄧𑄢𑄴 𑄟𑄪𑄇𑄴𑄖𑄨𑄖𑄳𑄠𑄭 𑄣𑄢𑄬𑄭 𑄉𑄧𑄢𑄧𑄢𑄴 𑄘𑄮𑄮𑄣𑄴 𑄇𑄧𑄙 𑄖𑄳𑄠𑄪𑄃𑄧 𑄦𑄨𑄖𑄴𑄖𑄬𑄭 𑄝𑄪𑄏𑄨𑄝𑄢𑄴 𑄌𑄬𑄢𑄌𑄴𑄑 𑄚𑄧' 𑄉𑄧𑄢𑄧𑄢𑄴 𑄖𑄢𑄢𑄴 𑄘𑄪𑄉𑄧𑄇𑄚𑄨 ?",Present
".লবনাক্ত কথা আছে,লবনাক্ত কথা উঠলে গাে গুো করে","𑄘𑄉𑄧 𑄇𑄧𑄙𑄖𑄴 𑄃𑄊𑄬 ""𑄣𑄪𑄢𑄧 𑄥𑄪𑄉𑄧𑄢𑄴 𑄥𑄣𑄧𑄖𑄴 𑄃𑄪𑄘𑄨𑄣𑄬 𑄊𑄪𑄉𑄧 𑄉𑄫𑄊𑄨 𑄓𑄋𑄧𑄢𑄴 𑄃𑄧𑄠𑄴""।",Present
"এক জাতী ভাই, সহজে দেখা যা না","𑄥𑄧𑄇𑄳𑄠 𑄎𑄖𑄴 𑄞𑄬𑄭 , 𑄦𑄨𑄖𑄴𑄮𑄦𑄘𑄪𑄟𑄴 𑄚𑄧' 𑄌𑄨𑄚𑄧𑄚𑄴।",Present
"নো - নাা, বুো কথা গুলো আমল দে না","𑄚𑄬𑄠𑄳𑄠 - 𑄚𑄙, 𑄝𑄪𑄢𑄧 - 𑄝𑄪𑄢𑄨 𑄇𑄧𑄙𑄚𑄨 𑄃𑄟𑄧𑄣𑄴 𑄚𑄧' 𑄘𑄳𑄠𑄪𑄚𑄴।",Present
সে ভাঙা ভাঙা কথা গুলো সহ্য করতে পারতেছে না বলে শুধু ভালো করে আসতেছে,𑄥𑄬 𑄞𑄋 𑄞𑄋 𑄇𑄧𑄙𑄚𑄨 𑄎𑄧𑄢 𑄚𑄧' 𑄝𑄧𑄖𑄴𑄖𑄬 𑄃𑄪𑄛𑄧𑄘𑄬𑄌𑄴 𑄡𑄪𑄚𑄨 𑄃𑄟𑄧𑄣𑄴 𑄉𑄧𑄖𑄴𑄖𑄇𑄴 𑄎𑄖𑄴𑄪 𑄃𑄬𑄇𑄴𑄇 𑄃𑄧𑄣𑄬𑄠𑄪 𑄞𑄣𑄬𑄘𑄨 𑄃𑄬𑄣𑄫𑄚𑄴 𑄦𑄟𑄇𑄴𑄇𑄭।,Present
"কষ্টেসৃষ্টে বাবা-ছেলেরা গ্রামে অনেক দিন আছে, আছে একা একা কাজ করার অনেক শখ আছে","𑄘𑄪𑄇𑄴𑄈𑄬 𑄝𑄛𑄴-𑄞𑄬𑄭𑄠𑄪𑄚𑄴 𑄥𑄧𑄦𑄧𑄎𑄧 𑄥𑄧𑄣𑄧𑄢𑄴 𑄃𑄧𑄣𑄬𑄠𑄪 𑄎𑄖𑄴𑄖𑄮𑄖𑄳𑄠 𑄝𑄨𑄢𑄬𑄖𑄴 𑄃𑄬𑄇𑄴𑄇𑄚𑄴 𑄗𑄚𑄴 𑄃𑄊𑄬, 𑄃𑄊𑄬 𑄃𑄖𑄣𑄨𑄠𑄬 𑄦𑄮𑄌𑄴𑄛𑄚 𑄃 𑄞𑄧𑄇𑄴𑄖𑄨 𑄥𑄧𑄢𑄧𑄘𑄧𑄙 𑄝𑄨𑄎𑄮𑄢𑄴 𑄇𑄪𑄢𑄧 𑄇𑄝𑄨 𑄇𑄝𑄬𑄠𑄬 𑄝𑄨𑄎𑄧𑄉𑄧 𑄃𑄊𑄬।",Present
.মানুষরা শুধু আমাদের political leaders সেগুলো বোঝে না,𑄟𑄖𑄴𑄖𑄧𑄢𑄴 𑄃𑄟 𑄢𑄎𑄧𑄚𑄨𑄖𑄨 𑄌𑄬𑄣𑄃𑄪𑄚𑄴 𑄥𑄨𑄠𑄚𑄨 𑄚𑄧' 𑄝𑄪𑄎𑄧𑄚𑄴।,Present
পাহাে হেঁটে ভালো করে কামাতে হ না,𑄚𑄋𑄬 𑄑𑄋𑄬 𑄝𑄰𑄙𑄳𑄠 𑄞𑄬𑄭 𑄉𑄪𑄚𑄬 𑄟𑄧𑄚𑄴𑄖𑄧𑄢𑄬 𑄨𑄇𑄌𑄴𑄎𑄪 𑄚𑄬𑄭।,Present
কত ব ব মানুষ এখানে আসবে,𑄬𑄧𑄇𑄴 𑄘𑄨𑄚𑄴 𑄝𑄬𑄉𑄧𑄢𑄴 𑄥𑄪𑄞𑄧 𑄝𑄪𑄘𑄴𑄨 𑄃𑄨𑄘𑄮𑄖𑄴 𑄃𑄪𑄘𑄨𑄝𑄧।,Future
"যে কপালের ঘাম পে যাচ্ছে, সেই ঘামের সাথে মিশে যাবে এক দিন","𑄡𑄬,𑄇𑄧𑄛𑄣𑄧𑄢𑄴 𑄊𑄟𑄴 𑄏𑄧𑄢𑄬 𑄎𑄘𑄧𑄢𑄴 𑄃𑄬𑄢𑄚𑄧𑄖𑄳𑄠𑄭 𑄘𑄪𑄇𑄴𑄇𑄬 𑄎𑄖𑄴 𑄞𑄬𑄭𑄠𑄪𑄚𑄬 𑄌𑄀𑄘 𑄘𑄬𑄘𑄧𑄚𑄴, 𑄥𑄬 𑄊𑄟𑄴 𑄡𑄪𑄚𑄨 𑄥𑄨𑄥𑄨 𑄃𑄧𑄠𑄴 𑄃𑄬𑄇𑄴 𑄘𑄨𑄚𑄴 ""𑄎𑄪𑄟𑄴𑄟𑄧 𑄣𑄳𑄠𑄚𑄴𑄓𑄧"" 𑄛𑄬𑄝𑄧𑄋𑄴 𑄦𑄟𑄇𑄴𑄇𑄭।",Future
.সেটা হেছে,𑄦𑄨 𑄦𑄧𑄘𑄧 𑄡𑄢𑄴 𑄦𑄨𑄣𑄴𑄌𑄘𑄬𑄉𑄋𑄴,Present
"পাহাের চূা,রাঙামাা দিে দৌাদৌি করিও না","𑄦𑄉𑄢 𑄍𑄧𑄢𑄨, 𑄢𑄋𑄟𑄖𑄳𑄠 𑄃 𑄝𑄚𑄴𑄘𑄧𑄢𑄴 𑄝𑄧𑄚𑄴 𑄃𑄬𑄭 𑄖𑄨𑄚𑄴𑄚𑄪 𑄎𑄬𑄣𑄢𑄬 𑄦𑄨𑄣𑄴𑄌𑄘𑄬𑄉𑄋𑄴 𑄝 𑄎𑄪𑄟𑄴𑄧 𑄣𑄳𑄠𑄚𑄴𑄓𑄧 𑄦𑄮𑄭।",Present
এক কালে এই দেশে সুদিন সুদিন আসলো - আলু গুলো দুলিে দুলিে আসলাম,"𑄃𑄬𑄇𑄴 𑄇𑄣𑄬 𑄃𑄬𑄭 𑄘𑄬𑄎𑄧𑄖𑄴 𑄥𑄪𑄘𑄨𑄚𑄴 𑄥𑄪𑄟𑄙𑄚𑄴 𑄃𑄬𑄣𑄧 - 𑄃𑄬𑄣𑄧 𑄃𑄣𑄪𑄣𑄴𑄮 𑄘𑄪𑄣𑄪𑄣𑄴𑄮, 𑄝𑄨𑄌𑄴𑄥𑄬𑄌𑄴 𑄃 𑄦𑄮𑄌𑄴𑄛𑄚𑄠𑄴 𑄖𑄎𑄨𑄟𑄴𑄛𑄪𑄢𑄴।",Past
".যে গিঁটটা এখানে গাে লাগতেছে, সেই গিঁটটা একটু একটু করে ঘুরতেছে","𑄡𑄬 𑄎𑄨𑄁𑄦𑄚𑄨 𑄈𑄪𑄭𑄝 𑄃𑄨𑄘𑄮𑄖𑄴 𑄉𑄘𑄬 𑄢𑄉𑄬𑄝𑄢𑄴, 𑄥𑄬 𑄌𑄨𑄇𑄮𑄚𑄴 𑄥𑄪𑄘𑄧 𑄚𑄣𑄬 𑄝𑄬𑄢𑄝𑄬𑄍𑄳𑄠 𑄎𑄨𑄁𑄦𑄚𑄨।",Present
"দুঃখ আছে নাকি,চিরযৌবনী সে কালো জাগা বসে আছে","𑄘𑄪𑄉𑄧 𑄃𑄢𑄬 𑄃𑄧𑄠𑄴, 𑄌𑄨𑄘𑄬 𑄌𑄧𑄢𑄴𑄡 𑄦𑄨 𑄎𑄨𑄚𑄨𑄌𑄴 𑄃𑄧𑄉𑄧𑄢𑄴𑄚𑄧' 𑄛𑄬𑄘𑄇𑄴 𑄥𑄬 𑄇𑄣𑄧𑄢𑄴 𑄉𑄝𑄪𑄡𑄳𑄠 𑄛𑄳𑄢𑄧𑄎𑄧𑄢𑄴𑄟𑄧 𑄃𑄪𑄚𑄬।",Present
নাাচাা করলো অভাব অনটন,𑄚𑄧' 𑄘𑄧 𑄃𑄬𑄣𑄧 𑄃𑄧𑄞𑄝𑄴 𑄃𑄧𑄚𑄧𑄑𑄧𑄚𑄴।,Past
দুই পার মাটি ফাটা-চোখে মাছ -হাতে মাছ রেখে মাঠে দাঁিে দিন কাটানো,"𑄘𑄨' 𑄛𑄧𑄌𑄴𑄡𑄳𑄠 𑄟𑄙𑄚𑄴 𑄜𑄉𑄮𑄚𑄴 - 𑄌𑄮𑄖𑄴 𑄟𑄏𑄳𑄠 𑄃𑄧𑄇𑄴𑄖𑄧𑄖𑄴 𑄟𑄍𑄴 - 𑄦𑄋𑄢 𑄗𑄮𑄉𑄬𑄭 𑄝 𑄉𑄎𑄧 𑄍𑄝𑄖𑄴 𑄊𑄩𑄣𑄬 , 𑄚𑄔𑄬𑄁 𑄦𑄢 𑄈𑄬𑄣𑄬 𑄈𑄬𑄣𑄬 𑄘𑄩𑄘𑄬 𑄢𑄬𑄋𑄬 𑄘𑄨𑄚𑄴 𑄢𑄊𑄬𑄘𑄇𑄴।",Present
পাহাে আসার সম পাহাে আসা,𑄟𑄮𑄚𑄴 - 𑄟𑄪𑄢𑄴 𑄃𑄬𑄣𑄇𑄴 𑄃𑄉𑄝𑄴 - 𑄝𑄧𑄣।,Present
দৌাদৌি করে আসলো সে,𑄍𑄧𑄢 𑄪 𑄍𑄧𑄢𑄨 𑄃𑄬𑄣𑄧 𑄎𑄣𑄝𑄴𑄧𑄢𑄴 ।,Past
".পাখির মতো হািে দিন সুর হ, রাত সুর হে আসা নানিদের গল্প শুনা","𑄛𑄬𑄭𑄈𑄧 𑄦𑄨𑄎𑄨𑄇𑄴 𑄦𑄎𑄇𑄬 𑄘𑄨𑄚𑄴 𑄥𑄪𑄢𑄪 𑄃𑄧𑄠𑄴, 𑄢𑄬𑄖𑄴 𑄥𑄪𑄢𑄪 𑄃𑄧𑄠𑄴 𑄃𑄎𑄪 𑄚𑄚𑄪 𑄛𑄧𑄎𑄴𑄧𑄚𑄴 𑄥𑄪𑄚𑄨 𑄥𑄪𑄚𑄨।",Present
পাহাে পাহাে চার শব্দ,"𑄟𑄮𑄚𑄴 𑄟𑄪𑄢𑄧 𑄙𑄪𑄘𑄪𑄇𑄴, 𑄦𑄬𑄋𑄴𑄉𑄧𑄢𑄧𑄁 𑄤𑄠𑄖𑄬 𑄤𑄧𑄠𑄖𑄬 𑄌𑄨𑄋𑄬 𑄢𑄧'𑄠𑄬 𑄟𑄮𑄚𑄴 - 𑄟𑄪𑄢𑄧 𑄉𑄪𑄎𑄪𑄢𑄨𑄘𑄇𑄴।",Present
.ন্যাকামো করতে করতে পেে গেল সে,𑄚𑄔𑄬𑄁 𑄛𑄧𑄖𑄴𑄨 𑄛𑄧𑄖𑄴𑄨 𑄛𑄬𑄭𑄈𑄧 𑄥𑄚𑄴 𑄃𑄬𑄣𑄧 𑄃𑄪𑄣𑄧𑄟𑄧𑄖𑄴𑄧 𑄎𑄨𑄁𑄦𑄚𑄨।,Past
নেই ধরা বাধা,𑄚𑄬𑄭 𑄙𑄧𑄢 𑄝𑄙।,Present
দৌাদৌি করে নাাচাি করে ভাত তুলতে হ,𑄖𑄪𑄗𑄪𑄢𑄴 𑄖𑄪𑄗𑄪𑄢𑄴 𑄊𑄪𑄢𑄨 𑄊𑄪𑄢𑄨 𑄚𑄋𑄬𑄣𑄴 𑄛𑄨𑄘𑄬 𑄛𑄨𑄘𑄬 𑄃𑄪𑄝𑄧 𑄉𑄩𑄘𑄬 𑄞𑄪𑄢𑄨 𑄖𑄪𑄣𑄨𑄘𑄇𑄴।,Present
সে রংধনুতে সুর তুলে যা,𑄥𑄨𑄖𑄴𑄖𑄳𑄠𑄭 𑄢𑄧𑄚𑄴𑄎𑄨𑄖𑄴 𑄘𑄬𑄝𑄚𑄬 𑄥𑄪𑄢𑄴 𑄖𑄪𑄣𑄨 𑄉𑄠𑄴:-,Present
আমার আগের জনমটা ভুলে এই জাগা রেছে,𑄚𑄧' 𑄌𑄁 𑄡𑄬𑄝𑄢𑄴 𑄎𑄉𑄚𑄴 𑄍𑄢𑄨 𑄃𑄨𑄘𑄪 𑄃𑄉𑄧𑄋𑄴 𑄎𑄧𑄚𑄧𑄟𑄚𑄴 𑄉𑄪𑄢𑄨 𑄃𑄬𑄭 𑄎𑄉𑄚𑄧𑄖𑄴 𑄢𑄧𑄃𑄨𑄠𑄬𑄘𑄬 𑄟𑄧- 𑄟𑄧𑄚𑄚𑄴 . . . . . . . . .।,Present
ঘি বেশি যার হিল চুলকাচ্ছে,𑄊𑄨 𑄃𑄧𑄘𑄧 𑄡𑄢𑄴 𑄦𑄨𑄣𑄴 𑄌𑄘𑄬𑄉𑄋𑄴 ?,Present
"পাহাের চূা - তাকল, ছা ছিে আসা পানি","𑄟𑄮𑄚𑄴 - 𑄟𑄪𑄢𑄴 𑄓𑄋𑄴𑄓𑄋𑄳𑄠 - 𑄖𑄇𑄴𑄇𑄪𑄣𑄴, 𑄍𑄧𑄢 𑄪 𑄍𑄧𑄢𑄨 𑄃𑄧𑄭 𑄃𑄬𑄣𑄧 𑄍𑄡 𑄚𑄬𑄭 𑄛𑄚𑄨।",Present
"১. বেগ ওইটা, ২. বেগ ওইটা",𑄝𑄬𑄉𑄧 𑄃𑄰 𑄃𑄬𑄣𑄧 𑄎𑄧𑄉𑄧𑄣।,Present
এক জাতী বুনো ফল,𑄥𑄧𑄟𑄌𑄴 𑄃𑄰 𑄃𑄬𑄣𑄧 𑄦𑄣𑄪𑄇𑄴।,Present
ভে ভে বিশ্বাস নেই-ঠিকঠাক নেই,𑄞𑄬𑄭𑄠𑄬 𑄞𑄬𑄭𑄠𑄬 𑄝𑄨𑄌𑄴𑄥𑄬𑄌𑄴 𑄚𑄬𑄭 - 𑄚𑄬𑄭 𑄗𑄨𑄉𑄧 𑄃𑄭𑄚𑄴𑄇𑄚𑄪𑄚𑄴।,Present
ভূতে ভর করল - উন্ত হিলের মাথা - যে পাে মানুষরা ঘোরাফেরা করে,𑄎𑄘𑄧𑄢𑄴 𑄢𑄌𑄴𑄚𑄰𑄖𑄨𑄇𑄴 𑄤𑄧𑄣𑄧 𑄤𑄧𑄣𑄴𑄎𑄮𑄣𑄴 - 𑄃𑄪𑄣𑄧𑄟𑄧𑄖𑄴𑄧 𑄝𑄧𑄘𑄧𑄣𑄨 𑄊𑄬𑄣𑄧 𑄦𑄨𑄣𑄧𑄢𑄴 𑄔𑄧𑄇𑄴 - 𑄡𑄨𑄠𑄳𑄠 𑄝𑄧𑄘𑄧𑄣𑄨 𑄟𑄚𑄴𑄌𑄮𑄢𑄴 𑄟𑄧𑄚𑄴।,Past
একটি খুঁটির নিচে একটি আংটা,𑄃𑄨𑄇𑄴𑄇𑄪 𑄥𑄩𑄣𑄧𑄖𑄴 𑄖𑄧𑄣𑄬 𑄃𑄨𑄇𑄴𑄇𑄪 𑄃𑄋𑄢।,Present
এক জাতী বুনো লতা,𑄌𑄘𑄬𑄉𑄋𑄴 𑄃𑄧𑄣𑄧 𑄦𑄢𑄮𑄣𑄴𑄮।,Present
কোমরের সুতা ভেঙে গেছে,𑄦𑄨𑄣𑄧𑄢𑄴 𑄎𑄧𑄙 𑄉𑄬𑄣𑄧 𑄞𑄋𑄨।,Present
১.লম্বা ২.তারিখে ২.বছরে এক দল আর দুই ভাগে ভাগ হেছে ওই পাহাড়ের ঢালুতে হেঁটে হেঁটে,𑄷𑅄𑅄𑄽 𑄥𑄣𑄧𑄖𑄴 𑄸𑄢 𑄓𑄨𑄥𑄬𑄟𑄴𑄝𑄧𑄢𑄴 𑄛𑄢𑄴𑄝𑄖𑄴𑄳𑄠 𑄌𑄪𑄇𑄴𑄖𑄨 𑄛𑄧𑄢𑄴 𑄃𑄨𑄃𑄫𑄛𑄨𑄓𑄨𑄃𑄬𑄜𑄧 𑄚𑄋𑄬 𑄃𑄬𑄇𑄴 𑄎𑄧𑄙(𑄥𑄧𑄁𑄉𑄧𑄒𑄧𑄚𑄴) 𑄃 𑄖' 𑄛𑄧𑄢𑄬 𑄸𑄶𑄶𑄽 𑄥𑄣𑄧𑄖𑄴 𑄸𑄢 𑄓𑄨𑄥𑄬𑄟𑄴𑄝𑄧𑄢𑄧𑄖𑄴 𑄎𑄬.𑄃𑄬𑄥𑄧.𑄃𑄬𑄥𑄧 𑄘𑄨'𑄞𑄉𑄬 𑄞𑄉𑄧 𑄃𑄰 𑄃𑄨𑄌𑄳𑄠 𑄦𑄨𑄣𑄴 𑄌𑄘𑄬𑄉𑄋𑄧𑄖𑄴 𑄣𑄢𑄬𑄭 𑄌𑄧𑄣𑄬𑄢𑄴 𑄞𑄬𑄭𑄠𑄬 𑄞𑄬𑄭𑄠𑄬।,Present
এক জাতী বুো লোক রোদ পোহাচ্ছে,𑄦𑄨𑄣𑄧𑄢𑄴 𑄝𑄪𑄉𑄧𑄖𑄴 𑄣𑄟𑄨 𑄃𑄬𑄣𑄧 𑄃𑄚𑄴𑄘𑄢𑄴 𑄢𑄬𑄖𑄴।,Present
"হিস্যু করার ভাগ, হিস্যু করবা",𑄦𑄨𑄡𑄬𑄚𑄨 𑄎𑄘𑄧𑄢𑄴 𑄞𑄉𑄳𑄠𑄧 𑄦𑄨 𑄃𑄧𑄝𑄧 !,Future
".মাদীটা একটি কথা বলতেছে,মাছের মাথা থেকে পঁচা গন্ধ বের হ","𑄟𑄤𑄧𑄥𑄬𑄖𑄪𑄋𑄬 𑄃𑄬𑄇𑄴𑄇𑄚𑄴 𑄇𑄧𑄙 𑄈𑄪𑄃𑄪𑄝𑄴 𑄘𑄮𑄣𑄬 𑄦𑄮𑄭𑄠𑄬, ""𑄟𑄍𑄧 𑄛𑄧𑄧𑄌𑄧𑄚𑄴 𑄟𑄗 𑄦𑄧𑄖𑄬 𑄎𑄖𑄴 𑄛𑄧𑄌𑄧𑄚𑄴 𑄚𑄬𑄖 𑄦𑄧𑄖𑄬""।",Present
.সে আমাদের সাথে যাবে নাকি?,𑄥𑄣𑄬𑄚𑄴 𑄃𑄟 𑄎𑄪𑄟𑄴𑄟𑄧 𑄎𑄖𑄴𑄖𑄪 𑄦𑄨 𑄝𑄧𑄌𑄴 𑄡𑄬𑄝𑄧𑄁 ?,Future
যুগে যুগে আমাদের চোলগুলো এক ও পারে না -পাা পাওা,𑄡𑄪𑄉𑄬 𑄡𑄪𑄉𑄬 𑄃𑄟 𑄌𑄬𑄣𑄃𑄪𑄚𑄬 𑄃𑄬𑄇𑄴 𑄤𑄰 𑄚𑄧' 𑄛𑄢𑄧𑄚𑄴 - 𑄚𑄧' 𑄛𑄖𑄴𑄧𑄚𑄴।,Present
সেখানে নদীর বন্যা বেশি হ,𑄥𑄨𑄖𑄳𑄠𑄭 𑄎𑄘𑄧𑄢𑄴 𑄘𑄪𑄉𑄧 𑄘𑄫𑄢𑄴𑄘𑄪𑄥 𑄝𑄬𑄌𑄴 𑄞𑄢𑄨 𑄡𑄢𑄴।,Present
.সত্তি তাাতাি বাচ্চা প্রসব করে?,𑄥𑄧𑄖𑄴𑄖𑄨 𑄦𑄨 𑄎𑄪𑄟𑄴𑄟𑄧 𑄎𑄖𑄴𑄖𑄪 𑄛𑄪𑄌𑄨 𑄡𑄢𑄴 ?,Present
এত ব ব কাপ চে,𑄃𑄬𑄘𑄧𑄇𑄳𑄠 𑄚𑄚𑄁 𑄛𑄨𑄎𑄮𑄢𑄴 𑄦𑄨𑄣𑄧𑄢𑄴 𑄖𑄧𑄢𑄪𑄚𑄧 𑄝𑄪𑄉𑄧𑄖𑄴 𑄈𑄪𑄃𑄪𑄝𑄴 𑄖𑄪𑄝𑄮𑄣𑄴 𑄃𑄪𑄘𑄬।,Present
.উঠে পে প্রতিদিন পাহাের মাথা বো লাল,𑄃𑄪𑄘𑄬 𑄛𑄧𑄖𑄴𑄗𑄨 𑄘𑄨𑄚𑄴 𑄟𑄮𑄚𑄧 𑄟𑄙𑄖𑄴 𑄝𑄬𑄚𑄳𑄠 𑄢𑄋 𑄝𑄬𑄣𑄴।,Present
"মাা,জুম্মদের সম ভালো না","𑄟𑄖𑄴𑄖𑄧𑄢𑄴, 𑄎𑄪𑄟𑄴𑄟𑄧 𑄎𑄘𑄧𑄢𑄴 𑄛𑄧𑄦𑄧𑄢𑄴 𑄚𑄧' 𑄃𑄧𑄠𑄴।",Present
একটি শিশু জুমের রিপ রিপ দিে গাঙে পানি আসতেছে,𑄃𑄬𑄉𑄧 𑄝𑄪𑄉𑄪 𑄌𑄨𑄘𑄬𑄣𑄮 𑄎𑄪𑄟𑄧 𑄢𑄨𑄛𑄴 𑄢𑄨𑄛𑄴 𑄛𑄧𑄘𑄬 𑄉𑄋𑄧𑄖𑄴 𑄛𑄚𑄨 𑄃𑄧𑄏 𑄡𑄠𑄴 𑄦𑄨𑄣𑄧𑄢𑄴 𑄚𑄳𑄠𑄪𑄃𑄧 𑄝𑄮।,Present
"গোদা পৃথিবীটা করতে করতে ক্লান্ত হে যা,জুম্ম জাতিটা ডুবে যা","𑄉𑄮𑄘 𑄛𑄨𑄖𑄴𑄗𑄨𑄟𑄩𑄠𑄚𑄴 𑄉𑄩𑄘𑄬 𑄢𑄬𑄋𑄬 𑄟𑄪𑄎𑄪𑄋𑄬 𑄧𑄇𑄴𑄇𑄮𑄠𑄴 𑄡𑄢𑄴, 𑄎𑄪𑄟𑄴𑄟𑄧 𑄎𑄖𑄴𑄖𑄪 𑄞𑄎𑄨 𑄡𑄢𑄴 𑄉𑄋𑄴𑄦𑄧 𑄣𑄟𑄪𑄚𑄨।",Present
বাঙালিরা যখন হাজার মুখে সোনার বাংলা গিেছে তখন আমরা মারামারি করি,𑄝𑄋𑄣𑄪𑄚𑄬 𑄡𑄧𑄇𑄴𑄇𑄬 𑄣𑄈𑄮 𑄇𑄧𑄚𑄴𑄒𑄬 𑄥𑄮𑄚𑄢𑄴 𑄝𑄁𑄣 𑄉𑄨𑄠𑄮𑄚𑄴 𑄥𑄧𑄇𑄳𑄠 𑄃𑄟𑄨 𑄟𑄢 𑄟𑄢𑄨 𑄉𑄧𑄢𑄨𑄢𑄴 ।,Present
.এটা কি আমাদের পাহাের চেহারা?,𑄃𑄨𑄠𑄚𑄴 𑄦𑄨 𑄃𑄟 𑄛𑄎 𑄔𑄧𑄇𑄴 ?,Present
. সালেনটা কি হিলে গেছে?,𑄥𑄣𑄬𑄚𑄴 𑄦𑄨 𑄉𑄧𑄘𑄨 𑄡𑄢𑄴 𑄦𑄨𑄣𑄧𑄖𑄴 ?,Present
যে বাঁশ দিে গোদা শুকর ভ যা সেই বাঁশটা দিে আমরা বসবো,𑄡𑄬 𑄝𑄚𑄴 𑄟𑄢𑄴𑄣𑄬 𑄉𑄮𑄘 𑄥𑄪𑄖𑄴𑄖𑄪𑄢𑄪 𑄞𑄧𑄌𑄴 𑄡𑄬𑄝𑄢𑄴 𑄦𑄧𑄙 𑄥𑄬 𑄝𑄚𑄴𑄚𑄪𑄣𑄰 𑄃𑄟𑄨 𑄟𑄪𑄢𑄨𑄢𑄴 ।,Future
একটি গ্রামের অর্শ বন্ধ নাে এক ভাবে থাকে,𑄃𑄬𑄉𑄧 𑄃𑄘𑄟𑄧𑄖𑄴 𑄃𑄧𑄢𑄴𑄥𑄧 𑄗𑄟 𑄚𑄋𑄬 𑄃𑄬𑄇𑄴 𑄟𑄚𑄬𑄭 𑄗𑄬𑄘𑄧 ।,Present
সে পাহাের পাশে সুন্দর করে রামদাটা ভেঙে দিতে পারে,𑄖𑄬 𑄈𑄪𑄃𑄪𑄝𑄴 𑄘𑄮𑄣𑄬 𑄘𑄣𑄬 𑄥𑄪𑄢𑄴 𑄖𑄪𑄣𑄨 𑄢𑄟𑄠𑄧𑄚𑄴 𑄛𑄧𑄢𑄨 𑄛𑄬𑄮 𑄃 𑄞𑄋𑄨 𑄘𑄨' 𑄛𑄢𑄬 𑄃𑄬𑄇𑄴𑄇𑄧𑄢𑄬 𑄘𑄬𑄊𑄧𑄁 𑄘𑄬𑄊𑄧𑄁 𑄉𑄧𑄢𑄨 ।,Present
সেখান থেকে মাছ ধরতে আসলে অনেক অনেক মানুষ তার এই রামাটা শুনে যা,𑄥𑄨𑄖𑄴𑄖𑄳𑄠𑄭 𑄥𑄌𑄴 𑄣𑄟𑄨 𑄃𑄬𑄣𑄬 𑄏𑄇𑄴 𑄏𑄇𑄴 𑄟𑄚𑄪𑄌𑄴 𑄖' 𑄃𑄨𑄘𑄪 𑄢𑄟𑄠𑄧𑄚𑄴 𑄥𑄪𑄚 𑄡𑄚𑄴 ।,Present
এক দিন শতান দেবতার মন্ত্র থেকে শুনা যা,𑄃𑄬𑄇𑄴 𑄘𑄨𑄚𑄴 𑄥𑄧𑄠𑄧𑄋𑄴 𑄘𑄬𑄝𑄧 𑄢𑄎𑄧 𑄃𑄨𑄚𑄴𑄘𑄳𑄢𑄧 𑄃𑄪𑄘𑄮𑄚𑄧𑄖𑄴𑄖𑄪𑄚𑄴 𑄥𑄪𑄚𑄨 𑄗𑄠𑄴 ।,Present
দিন যাওা মাছ যাওার সমে সূর্য অস্ত যাচ্ছে,𑄘𑄨𑄚𑄴 𑄡𑄠𑄴 𑄟𑄌𑄴 𑄡𑄠𑄴 𑄃𑄬𑄘𑄧𑄇𑄳𑄠 𑄉𑄪𑄢𑄨 𑄗𑄨𑄇𑄴 𑄃𑄬𑄇𑄴 𑄘𑄨𑄚𑄬 𑄃𑄧𑄢𑄴𑄥𑄧𑄗𑄟 𑄌𑄮𑄉𑄧𑄖𑄴 𑄙𑄧𑄢 𑄛𑄧𑄌𑄳𑄠 𑄘𑄬𑄝𑄧 𑄢𑄎𑄧 𑄃𑄨𑄚𑄴𑄘𑄳𑄢𑄧 ।,Present
সূর্য অস্ত যাওার সমে চিনে না দেখলেও তার চিনে পা দে,𑄃𑄨𑄚𑄴𑄘𑄳𑄢𑄳𑄢𑄳𑄢𑄳𑄢𑄳𑄢𑄳𑄢𑄧 𑄛𑄧𑄖𑄴𑄧𑄟𑄬 𑄌𑄨𑄚𑄴𑄛𑄧𑄌𑄳𑄠 𑄘𑄨𑄘𑄧 𑄚𑄧' 𑄌𑄬𑄣𑄬𑄠𑄪 𑄥𑄬𑄎𑄬 𑄖' 𑄌𑄨𑄚𑄴 𑄛𑄧𑄌𑄳𑄠 𑄘𑄨𑄠𑄳𑄠।,Present
".এই পূজাটা করতেছো,তুমি কি বস হও?","𑄃 𑄛𑄪𑄎𑄮𑄢𑄴 𑄉𑄧𑄢𑄴𑄣𑄴𑄧 , ""𑄃𑄧𑄢𑄴𑄥𑄧𑄗𑄟 𑄖𑄪𑄃𑄨 𑄦𑄨 𑄝𑄧𑄢𑄴 𑄥𑄌𑄴 ?",Present
"সে,স্বামী-স্ত্রী একসাথে থাকে না","𑄖𑄬, 𑄞𑄝𑄨 𑄌𑄨𑄚𑄴𑄘𑄬 𑄦𑄧𑄣𑄧, ""𑄟𑄧𑄢𑄴 𑄡𑄬𑄚𑄴 𑄦𑄧𑄚𑄧 𑄥𑄪𑄖𑄴𑄖𑄪𑄢𑄪 𑄚𑄧' 𑄗𑄚𑄴 ।",Present
এই বরনটা আমি চাং,"𑄃𑄬𑄭 𑄝𑄧𑄢𑄚𑄴 𑄟𑄪𑄭 𑄌𑄁 ""।",Present
"ইন্দ্র হলো,এই বরটা দিতে পারবো না","𑄃𑄨𑄚𑄴𑄘𑄳𑄢𑄧 𑄦𑄧𑄣𑄧, ""𑄃𑄬𑄭 𑄝𑄧𑄢𑄚𑄴 𑄘𑄨' 𑄚𑄧-𑄛𑄢𑄨𑄟𑄴।",Future
তবে এই বাঁশটা দিে দিলাম,𑄖𑄧𑄝𑄬 𑄃𑄬𑄭 𑄝𑄚𑄴𑄚𑄪 𑄘𑄨𑄣𑄪𑄁।,Past
এই বাঁশটা কাটলে তোমার পাছাটা একদম ভ পাবে,𑄃𑄬𑄭 𑄝𑄚𑄴𑄚𑄪 𑄟𑄢𑄴𑄣𑄬 𑄖𑄧'𑄥𑄪𑄖𑄴𑄖𑄪𑄢𑄪 𑄡𑄨𑄘𑄪 𑄗𑄬𑄝𑄇𑄴 𑄝𑄬𑄉𑄧 𑄞𑄧𑄌𑄴 𑄡𑄬𑄝𑄇𑄴।,Future
".এই জুটিটা হেছে পাহাের পাে,তোমার বুোটা লাগবে","𑄃 𑄡𑄪𑄚𑄨 𑄦𑄧𑄚𑄧 𑄥𑄪𑄖𑄴𑄖𑄪𑄢𑄪 𑄚𑄧' 𑄗𑄧𑄚𑄴 𑄌𑄣𑄬𑄚𑄴 𑄛𑄨𑄢𑄨 𑄃𑄬𑄭 𑄖𑄧' 𑄝𑄪𑄉𑄧𑄖𑄴 𑄣𑄉𑄨𑄝𑄧 ""।",Future
.এইটা হওা দেবতা লুকিে গেল,𑄃𑄨𑄠𑄚𑄴 𑄦𑄮𑄃𑄨 𑄘𑄬𑄝𑄧𑄢𑄎𑄧 𑄃𑄨𑄚𑄴𑄘𑄳𑄢𑄧 𑄣𑄪𑄉𑄨 𑄉𑄬𑄣𑄧।,Past
দিন যাওার সম অনেক ব হে গেল বালক ব,𑄘𑄨𑄚𑄴 𑄡𑄢𑄴 𑄝𑄧𑄎𑄧𑄢𑄴 𑄡𑄢𑄴 𑄃𑄨𑄇𑄳𑄠 𑄉𑄪𑄢𑄨 𑄝𑄨𑄘𑄨 𑄉𑄬𑄣𑄧 𑄝𑄣𑄧𑄇𑄴 𑄝𑄧𑄎𑄧𑄢𑄴 ।,Past
তার পাছাটা ছোট হছে,𑄃𑄧𑄢𑄴𑄥𑄧𑄗𑄟 𑄌𑄨𑄚𑄴𑄘𑄬 𑄉𑄧𑄢𑄬 𑄖' 𑄥𑄪𑄖𑄴𑄖𑄪𑄢𑄪 𑄦𑄧𑄚𑄴𑄚 𑄃𑄧𑄭 𑄛𑄢𑄬।,Present
হে আছে,𑄦𑄪𑄘𑄪 𑄃𑄊𑄧𑄚𑄴 ।,Present
.কাপ ছাার জন্য মনের ইচ্ছা পূরণ হচ্ছে।,𑄈𑄪𑄃𑄪𑄝𑄴 𑄍𑄉𑄨 𑄌𑄬𑄝𑄢𑄴 𑄟𑄧𑄚𑄧𑄢𑄴 𑄃𑄧𑄖𑄣𑄨𑄠𑄬 𑄙𑄢𑄌𑄴 ।,Present
".বাবা,রান্না করে না দেখে কি তার সুতরু?","𑄟𑄖𑄴𑄧𑄢𑄴, 𑄗𑄮𑄉𑄬𑄠𑄴 𑄚𑄧' 𑄘𑄬𑄊𑄬 𑄦𑄧𑄚𑄴𑄚 𑄖' 𑄥𑄪𑄖𑄴𑄖𑄪𑄢𑄪 ?",Present
এক দিন তার বািে একটা দিঘি চিবুেছে এখন আমার পাছাটা ওইটা পারে,𑄃𑄬𑄇𑄴 𑄘𑄨𑄚𑄴 𑄖' 𑄊𑄧𑄢𑄧 𑄣𑄠𑄴 𑄉𑄧𑄎𑄧𑄖𑄴 𑄃𑄨𑄇𑄴𑄇𑄪 '𑄇𑄧' 𑄘𑄨𑄊𑄨 𑄌𑄨𑄚𑄴𑄘𑄬 𑄉𑄧𑄢𑄬𑄢𑄴 𑄃𑄨𑄝𑄬 𑄟𑄧𑄢𑄴 𑄥𑄪𑄖𑄴𑄖𑄪𑄢𑄪 𑄃𑄰 𑄛𑄢𑄬 ।,Present
"মনে হ সে,আমাদের গ্রামের জুম থেকে ধান খেে দে","𑄦𑄨𑄖𑄳𑄠𑄭 𑄖𑄬, 𑄃𑄟 𑄌𑄯𑄘𑄧𑄙𑄧 𑄛𑄪𑄢𑄪𑄥𑄧𑄢𑄴 𑄎𑄪𑄟𑄧𑄖𑄴𑄗𑄪𑄚𑄴 𑄙𑄚𑄴 𑄈𑄬𑄭 𑄘𑄨𑄠𑄳𑄠 ।",Present
এই ভাই সেই বাঁশটা মারলো,𑄃𑄨𑄠𑄚𑄴 𑄞𑄝𑄨 𑄥𑄬 𑄝𑄚𑄴𑄚𑄪 𑄟𑄢𑄴𑄣𑄧 ।,Past
.মনে হ একজন মানুষ সারাদিন সেলাই করতে পারে না।,𑄟𑄖𑄴𑄖𑄧𑄢𑄴 '𑄇𑄧'𑄃𑄨𑄇𑄴𑄇𑄪 𑄃𑄧𑄚𑄧 𑄘𑄨𑄚𑄴𑄴 𑄟𑄚𑄪𑄌𑄧𑄢𑄴 𑄥𑄪𑄖𑄴𑄖𑄪𑄢𑄪 𑄃𑄰 𑄚𑄧'𑄛𑄢𑄬 ।,Present
কবুত না লাগিে ছোট পাের সুুগুলো না খেে এই বুোটা পিছন ফিরে গেল,𑄇𑄧' 𑄝𑄪𑄖𑄴 𑄚𑄧' 𑄣𑄉𑄨 𑄌𑄬𑄢𑄮 𑄟𑄪𑄇𑄴𑄇𑄬 𑄉𑄪𑄢𑄨 𑄥𑄪𑄖𑄴𑄗𑄪𑄢𑄪 𑄚𑄧' 𑄛𑄬𑄭 𑄜𑄨𑄢𑄨 𑄃𑄬𑄭 𑄖' 𑄝𑄪𑄉𑄧𑄖𑄴 𑄣𑄉𑄨 𑄟𑄪𑄢𑄨 𑄉𑄬𑄣𑄧 ।,Past
আমাদের জুা জাতিটা এই অর্শ শেষ হলে সব শেষ হে যা,𑄃𑄟 𑄎𑄪𑄟𑄴𑄟𑄧 𑄎𑄖𑄴𑄗𑄪 𑄔𑄧𑄇𑄴 𑄃𑄬𑄭 𑄃𑄧𑄢𑄴𑄥𑄧 𑄗𑄟 𑄟𑄚𑄬𑄭𑄝𑄪 𑄥𑄚𑄴 𑄥𑄧𑄖𑄴𑄖𑄨 𑄥𑄧𑄖𑄴𑄖𑄨 𑄃𑄧𑄘𑄧 𑄡𑄢𑄴।,Present
জুম্মদের ঘামের ন্যা স্যান্ডেল দিে হেঁটে আসা মানুষদের সাথে কথা বলতেছে - জাত ভাই,𑄎𑄪𑄟𑄴𑄟𑄧 𑄎𑄘𑄧𑄢𑄴 𑄊𑄟𑄧 𑄑𑄬𑄋𑄣𑄰 𑄦𑄨𑄚𑄴𑄚𑄳𑄠 𑄃𑄖𑄴𑄳𑄠𑄢𑄴 𑄥𑄪𑄖𑄴𑄗𑄪𑄢𑄪 𑄟𑄧𑄇𑄴𑄇𑄳𑄠 𑄚𑄧' 𑄖𑄇𑄨 𑄃𑄬𑄌𑄳𑄠 𑄎𑄪𑄟𑄴𑄟𑄧 𑄎𑄘𑄧𑄢𑄴 𑄟𑄧𑄇𑄴𑄇𑄬 𑄖𑄇𑄴 𑄃𑄰 𑄃𑄊𑄬 𑄪- 𑄎𑄖𑄴 𑄞𑄬𑄭 𑄟𑄪𑄢𑄨 𑄡𑄬𑄢𑄴 ।,Present
ভে ভে এসেছে,𑄞𑄧𑄌𑄴 𑄡𑄬𑄘𑄧𑄋𑄴 𑄃𑄡𑄨𑄠𑄴𑄬 ।,Present
এক জাতী পাখি,𑄦𑄨𑄣𑄴 𑄌𑄘𑄬𑄉𑄋𑄧𑄢𑄴 𑄃𑄝𑄨𑄣𑄳𑄠𑄌𑄴,Present
"হে যাওার সম পেট ভরে এসেছে,রুা,চিমা","𑄦𑄧𑄙𑄧 𑄡𑄪𑄉𑄧 𑄦𑄧𑄘𑄧 𑄇𑄣𑄴 𑄖𑄧𑄌𑄳𑄠 - 𑄛𑄬𑄢𑄥𑄚𑄨 𑄞𑄮𑄉𑄧 𑄉𑄧𑄢𑄨 𑄃𑄬𑄖𑄴𑄖𑄳𑄠 𑄃𑄬𑄖𑄴𑄖𑄳𑄠 𑄃𑄬𑄌𑄳𑄠 𑄎𑄪𑄟𑄴𑄟𑄧 𑄎𑄖𑄴𑄪 𑄞𑄬𑄘 𑄞𑄬𑄘, 𑄢𑄪𑄉𑄮𑄚𑄨, 𑄌𑄨𑄤𑄧𑄟𑄳𑄠 ।",Present
এক কালে জঙ্গল হে গেলে পাহাে জঙ্গল হ,𑄃𑄬𑄇𑄴 𑄇𑄣𑄬 𑄎𑄘𑄧𑄢𑄴 𑄦𑄧𑄙 𑄦𑄧𑄣𑄬 𑄦𑄠𑄮𑄋𑄴 𑄉𑄪𑄎𑄪𑄢𑄨𑄘𑄧 𑄟𑄘𑄨𑄖𑄴 𑄞𑄫𑄎𑄮𑄣𑄴 𑄞𑄬𑄘𑄧 ।,Present
রাজা বিজ গিে তার স্ত্রীর সাথে সুন্দর করে খাওার জন্য অনেক ব কথা বলতেছে,𑄢𑄎 𑄝𑄨𑄎𑄧𑄠𑄴 𑄉𑄨𑄢𑄨 𑄖' 𑄥𑄬𑄚 𑄛𑄧𑄖𑄨 𑄢𑄙𑄟𑄧𑄚𑄴 𑄃 𑄢𑄎 𑄥𑄬𑄢𑄴 𑄘𑄮𑄣𑄧𑄖𑄴 𑄈𑄀 𑄖' 𑄥𑄬𑄚𑄛𑄧𑄖𑄨 𑄢𑄧𑄚𑄴𑄖𑄪 𑄘𑄬𑄝𑄚𑄴𑄣𑄰 𑄥𑄧 - 𑄥𑄧𑄉𑄧𑄢𑄴 𑄘𑄬𑄌𑄴 𑄎𑄧𑄠𑄴 𑄉𑄧𑄌𑄴𑄎𑄮𑄚𑄴 ।,Present
সে জাতের চাংমা জাতী সাত সাগরের পানিতে ডুবে যাচ্ছে,𑄥𑄬 𑄎𑄖𑄴 𑄌𑄋𑄴𑄟 𑄎𑄖𑄴 𑄥𑄖𑄴 𑄥𑄉𑄧𑄢𑄴 𑄖𑄬𑄢𑄴 𑄘𑄬𑄝𑄖𑄴 𑄓𑄪𑄝𑄧𑄋𑄴 𑄓𑄪𑄝𑄧𑄋𑄴 ।,Present
যারা দোলের ভাগ দিে চলে আসে তারা তিন ভাগে ভাগ করে এই রাতটি -তিন ভাগে ভাগ করে,𑄡𑄢 𑄘𑄬𑄌𑄴 𑄎𑄘𑄧𑄢𑄴 𑄞𑄉𑄳𑄠𑄧 𑄛𑄧𑄢𑄨𑄝𑄧𑄢𑄴𑄖𑄧𑄚𑄴 𑄉𑄧𑄢𑄨𑄝𑄖𑄳𑄠 𑄣𑄢𑄬𑄭 𑄉𑄧𑄢𑄴𑄖𑄧𑄚𑄴 𑄖𑄢 𑄃𑄬𑄌𑄳𑄠 𑄘𑄨 - 𑄖𑄨𑄚𑄴 𑄞𑄉𑄬 𑄞𑄉𑄧 𑄃𑄰 𑄢𑄬𑄚 - 𑄢𑄬𑄚𑄨 𑄉𑄪𑄢𑄨 𑄃𑄊𑄧𑄚𑄴 ।,Present
ভে ভে আছে,𑄞𑄊𑄬 𑄪 𑄟𑄮𑄏𑄬 𑄃𑄣𑄴 ।,Present
"এইটা দুগ,এইটা এইটা আসলাম","𑄃𑄨𑄠𑄚𑄴 𑄘𑄪𑄉𑄴𑄧, 𑄃𑄨𑄠𑄚𑄴 𑄃𑄨𑄠𑄚𑄴 𑄃𑄝𑄨𑄣𑄳𑄠𑄌𑄴 ।",Past
"দুপা ফাঁক করে, কপাল পা বাবা - ভাই -বোনেরা আসার সম অনেক ব হেছে, হ - হ","𑄘𑄪𑄉𑄨 𑄎𑄧𑄚𑄧𑄟𑄴 𑄘𑄪𑄉𑄨, 𑄇𑄧𑄛𑄣𑄴 𑄛𑄧𑄢 𑄝𑄛𑄴 - 𑄞𑄬𑄭, 𑄟𑄳𑄦 - 𑄝𑄮𑄚𑄪𑄚𑄴 𑄃𑄬𑄌𑄳𑄠 𑄃𑄧𑄣𑄇𑄴 𑄃𑄧𑄝 𑄪 𑄃𑄧𑄝, 𑄦𑄧𑄞 - 𑄦𑄧𑄞 ।",Present
জুম্ম জাতি সব দিক কাপ দিে কাপ দিে,𑄎𑄪𑄟𑄴𑄧 𑄎𑄖𑄴𑄪 𑄃𑄧𑄣𑄧 𑄘𑄨𑄇𑄴 𑄇𑄞𑄪𑄣𑄴 - 𑄤𑄧𑄣𑄴𑄎𑄮𑄣𑄴 ।,Present
হিল চূা জামা-প্যান্ট,𑄦𑄨𑄣𑄴 𑄌𑄘𑄬𑄉𑄁 𑄃𑄧𑄥𑄪𑄇𑄴 - 𑄣𑄬𑄋𑄴 ।,Present
"এত ব হওা দিন মাা করে দো মানুষগুলোও মনে হ না,রেতেও মনে নেই","𑄃𑄬𑄘𑄧𑄇𑄳𑄠 𑄦𑄧𑄚𑄴𑄌𑄪𑄇𑄴𑄌𑄪𑄇𑄳𑄠 𑄘𑄨𑄚𑄴 𑄟𑄙𑄚𑄴 𑄉𑄧𑄋𑄬 𑄘𑄬𑄘𑄧𑄚𑄴 𑄚𑄚𑄪𑄚𑄬𑄭(𑄃𑄧𑄙𑄨𑄇𑄢𑄴𑄦𑄩𑄚𑄴) 𑄟𑄚𑄬𑄭𑄃𑄪𑄚𑄴 𑄘𑄨𑄚𑄴𑄪𑄬𑄮 𑄟𑄧𑄚𑄬 𑄃𑄧𑄠𑄴 𑄡𑄪𑄉𑄧,𑄢𑄬𑄖𑄴𑄪𑄬𑄮 𑄟𑄧𑄚𑄬 𑄃𑄧𑄠𑄴 𑄥𑄧𑄖𑄝𑄴𑄘𑄨 ।",Present
বোর বাি থেকে বের হে বোর বািতে ফিরে যাওা যা না,𑄝𑄬𑄚𑄳𑄠 𑄊𑄧𑄢𑄧𑄖𑄴𑄪𑄚𑄴 𑄣𑄟𑄨𑄣𑄬 𑄝𑄬𑄣𑄳𑄠 𑄊𑄧𑄢𑄧𑄖𑄴 𑄜𑄨𑄢𑄨 𑄝𑄢𑄴 𑄃𑄎 𑄚𑄧' 𑄗𑄠𑄴 ।,Present
"আমরা পাহাে পাহাে,বুো পাে","𑄃𑄟𑄨𑄎𑄬 𑄛𑄧𑄢𑄚𑄴 𑄌𑄮𑄉𑄧 𑄌𑄮𑄉𑄧, 𑄝𑄪𑄉𑄧 𑄘𑄨𑄝𑄬𑄘𑄨𑄛𑄴𑄛𑄬 ।",Present
সূর্য ডোবার সমে মা বোন দুপা ফাঁক করে কথা বলে,"𑄥𑄌𑄴 𑄣𑄟𑄨𑄣𑄬 𑄃𑄧𑄚𑄴𑄚 𑄓𑄉𑄬𑄢𑄴 𑄢𑄧' 𑄟𑄳𑄦 𑄪 𑄝𑄮𑄚𑄧𑄢𑄴 𑄘𑄨'𑄇𑄚𑄧𑄖𑄴 𑄃𑄧𑄚𑄴𑄥𑄪𑄢𑄴 𑄥𑄪𑄚𑄬 ""𑄘𑄪𑄃𑄧𑄢𑄴 𑄦𑄪𑄣𑄧""।",Present
"সারাদিন ভোর হেছে,রাত বেলা মা বোন মরা হেছে","𑄘𑄨𑄚𑄴 𑄥𑄪𑄢𑄪 𑄃𑄧𑄠𑄴 𑄝𑄪𑄣𑄬𑄑𑄧𑄢𑄴 𑄢𑄧'𑄣𑄰, 𑄢𑄬𑄖𑄴 𑄖𑄮𑄢𑄘𑄧𑄚𑄴 𑄟𑄳𑄦 𑄪 𑄝𑄮𑄚𑄧𑄢𑄴 𑄟𑄧𑄢 𑄦𑄨𑄎𑄬𑄇𑄴 ।",Present
পাহাের নিচের অংশটা জুে আছে,𑄘𑄨𑄚𑄴𑄪 𑄃𑄧𑄣𑄬 𑄦𑄚𑄴𑄡𑄝 𑄎𑄪𑄬𑄮 𑄃𑄬𑄎𑄬 ।,Present
উপরে-তুতে পানি নেই আমাদের বোন,𑄃𑄪𑄘𑄮𑄖𑄴 - 𑄗𑄪𑄘𑄮𑄖𑄴 𑄛𑄚𑄨 𑄚𑄬𑄭 𑄃𑄟 𑄎𑄘𑄧𑄢𑄴 𑄟𑄳𑄦 𑄪 𑄝𑄮𑄚𑄧𑄢𑄴 ।,Present
এত ব করে চলে যাওার সম বাচ্চা নিে যাচ্ছে,𑄃𑄬𑄚𑄳𑄠 𑄢𑄧𑄇𑄴𑄬 𑄉𑄪𑄢𑄨𑄝𑄇𑄴 𑄡𑄢𑄴 𑄡𑄢𑄴 𑄃𑄤𑄧𑄎𑄧𑄢𑄴 𑄚𑄮𑄚𑄨𑄠𑄬 𑄛𑄪/𑄚𑄬𑄇𑄴 ।,Present
.সে মানত করে ভে এখানে গেলে .,𑄦𑄨 𑄟𑄚𑄧𑄌𑄴 𑄉𑄧𑄖𑄴𑄧𑄚𑄴 𑄃𑄧𑄚𑄴 𑄞𑄚𑄴𑄖𑄬 𑄃𑄨𑄘𑄪 𑄉𑄬𑄣𑄬 . . . . . . .।,Past
এত ছোট চূা চূা বেে যাচ্ছে কথা বলতে বলতে,𑄃𑄬𑄘𑄧𑄇𑄳𑄠 𑄌𑄨𑄘𑄬 𑄌𑄢𑄴𑄧𑄡𑄳𑄠 𑄖𑄨𑄉𑄪𑄌𑄳𑄠 𑄖𑄪𑄝𑄮𑄣𑄴 𑄝𑄬𑄭 𑄡𑄢𑄴 𑄇𑄧𑄎𑄧𑄟 𑄖𑄪𑄢𑄪𑄚𑄪 𑄝𑄪𑄉𑄧𑄖𑄴 ।,Present
সূর্য ডোবার সম মনটা বুে আসে,𑄝𑄬𑄣𑄚𑄴 𑄓𑄪𑄝𑄨𑄣𑄬 𑄦𑄪𑄣𑄪𑄋𑄴 𑄝𑄪𑄘𑄨 𑄃𑄬𑄎𑄬 𑄌𑄨𑄖𑄴𑄊𑄨𑄣𑄬 ।,Present
.এটা যেন আজকের দিনের রীতি,𑄃𑄨𑄠𑄚𑄴 𑄡𑄬𑄚𑄴 𑄃𑄨𑄢𑄪𑄇𑄴 𑄘𑄨𑄚𑄧𑄢𑄴 𑄢𑄩𑄖𑄨𑄥𑄪𑄘𑄪𑄟𑄴 ।,Present
"সে,এত ব ব আসতেছে,এক পালে রাজা আসতেছে,আরও কোন নাগাে মানুষ নাই,অমল এই পাহাে তেন্নে হাঁটতেছে","𑄖𑄬, 𑄃𑄬𑄌𑄳𑄠 𑄝𑄬𑄉𑄧𑄢𑄴 𑄃𑄝𑄨𑄣𑄳𑄠𑄌𑄴, 𑄃𑄬𑄇𑄴 𑄦𑄣𑄬 𑄢𑄎 𑄃𑄬𑄣𑄧𑄋𑄴 𑄛𑄳𑄢𑄧𑄎 𑄃𑄧𑄠𑄳𑄠𑄭, 𑄛𑄳𑄢𑄧𑄎 𑄃𑄬𑄣𑄧𑄋𑄴 - 𑄚𑄬𑄭𑄠𑄳𑄠 𑄚𑄙 𑄃𑄧𑄠𑄳𑄠𑄭, 𑄃𑄧𑄣𑄧𑄁 𑄃𑄬𑄌𑄳𑄠 𑄖𑄨𑄚𑄴𑄪 𑄦𑄬𑄘𑄇𑄴𑄖𑄪𑄇𑄴 ।",Present
অসমান-হওা জাত,𑄃𑄧𑄥𑄧𑄦𑄠𑄴 - 𑄎𑄨𑄟𑄴𑄨 𑄎𑄪𑄟𑄴𑄧 𑄎𑄖𑄴𑄗𑄪 ।,Present
"চাকমাদের মরণের কাপটা ভেঙে দিল হিলসেগাের বুোটা, সেটেলার বাঙালিটা হারিে নিল ভুই- জমি, বাগান-বাি","𑄌𑄋𑄴𑄟 𑄎𑄘𑄧𑄢𑄴 𑄟𑄧𑄢𑄧𑄚𑄴 𑄇𑄞𑄪𑄇𑄴 𑄇𑄛𑄴𑄖𑄬 𑄉𑄧𑄘𑄠𑄚𑄴 𑄞𑄋𑄨 𑄘𑄨𑄣𑄧 𑄦𑄨𑄣𑄴𑄌𑄘𑄬𑄉𑄋𑄧𑄢𑄴 𑄝𑄪𑄉𑄧𑄢𑄴 𑄃𑄧𑄖𑄣𑄨𑄠𑄬 𑄥𑄧𑄞𑄧𑄚𑄴, 𑄥𑄬𑄑𑄬𑄣𑄢𑄴 𑄝𑄋𑄣𑄪𑄚𑄬 𑄦𑄢𑄨 𑄚𑄨𑄣𑄇𑄴 𑄞𑄪𑄭-𑄎𑄧𑄟𑄨, 𑄝𑄉𑄚𑄴-𑄝𑄉𑄨𑄌 ।",Past
আমাদের চাকমারা বোলতা গুলো হািে নিে যাচ্ছে,𑄃𑄟 𑄢𑄌𑄴𑄚𑄩𑄖𑄨 𑄝𑄧𑄣 𑄌𑄬𑄣𑄃𑄪𑄚𑄬 𑄦𑄢𑄨 𑄚𑄬𑄡𑄘𑄧𑄚𑄴 𑄎𑄪𑄟𑄴𑄧 𑄎𑄘𑄧𑄢𑄴 𑄛𑄧𑄢𑄚𑄴 ।,Present
এক জাতী ফল যা সবজি হিসেবে ব্যবহৃত হ,𑄦𑄨𑄣𑄴𑄌𑄘𑄬𑄉𑄋𑄴 𑄦𑄧𑄣𑄧 𑄇𑄪𑄢𑄧𑄣𑄴𑄮 ।,Present
সে দুপা ফাঁক করে পাখানা করে চোখের পানি ফেলতেছে,𑄖𑄬 𑄘𑄨'𑄃𑄘𑄪𑄖𑄴 𑄘𑄨' 𑄦𑄘𑄧 𑄪𑄟𑄙 𑄚𑄨𑄊𑄪𑄢𑄨 𑄝𑄮𑄭 𑄌𑄬𑄢𑄋𑄴 𑄌𑄬𑄢𑄋𑄴 𑄌𑄮𑄉𑄧 𑄛𑄚𑄨 𑄑𑄬𑄛𑄴 𑄑𑄬𑄛𑄴 𑄏𑄧𑄢𑄬 𑄟𑄳𑄦 𑄟𑄬𑄘𑄨𑄚𑄨 𑄝𑄪𑄉𑄧𑄖𑄴 ।,Present
.ওর জাগাটা নিে যাওার সম তুমি পেলে কি হবে?,"""𑄤𑄧 𑄎𑄘𑄧𑄢𑄴 𑄛𑄖𑄴𑄗𑄪𑄣𑄨 𑄚𑄮𑄚𑄨𑄠𑄳𑄠 𑄣𑄢𑄴𑄟 𑄖𑄪𑄭 𑄛𑄬𑄣𑄬 𑄉𑄬𑄣𑄬 𑄦𑄪𑄘𑄪 ?",Future
.ফিরে আসার সম এক মাইল দূরে আছি আমি,"𑄜𑄨𑄢𑄨 𑄃𑄠𑄴 𑄦𑄨𑄣𑄧𑄖𑄴 𑄝𑄪𑄉𑄧𑄖𑄴 𑄃-𑄢𑄧 𑄃𑄬𑄇𑄴𑄝𑄢𑄴 𑄣𑄧' 𑄦𑄧𑄢𑄧𑄖𑄴 𑄎𑄪𑄟𑄴𑄧 𑄎𑄖𑄴𑄗𑄪""।",Present
.এলোমেলো হিলের উপর দিে লেংটি,𑄃𑄬𑄌𑄳𑄠 𑄦𑄨𑄣𑄴𑄌𑄘𑄬𑄉𑄋𑄧𑄢𑄴 𑄜𑄨𑄢𑄨𑄣𑄴𑄬 - 𑄣𑄬𑄋𑄴 ।,Present
পাহাের মাটিটা নরম হে আসছে,𑄟𑄮𑄚𑄴 𑄟𑄪𑄢𑄴 𑄃𑄧𑄭 𑄃𑄬𑄣𑄇𑄴 𑄖𑄇𑄴𑄇𑄪𑄣𑄴 𑄍𑄧𑄢 𑄉𑄋𑄴 𑄃𑄧𑄣𑄧 𑄍𑄡 ।,Present
".আংসা জুমে ধান, মরিচ,গা,সুঁচালো উঠে না","𑄃𑄊𑄧 𑄥𑄚𑄴 𑄎𑄪𑄟𑄧𑄖𑄴 𑄙𑄚𑄴, 𑄟𑄧𑄢𑄨𑄌𑄴, 𑄉𑄧𑄡𑄳𑄠, 𑄥𑄪𑄘𑄧 𑄃𑄪𑄖𑄴𑄛𑄧𑄚𑄴𑄧 𑄚𑄧' 𑄃𑄧𑄠𑄴 ।",Present
এত ছোট করে পা,𑄃𑄬𑄘𑄧𑄇𑄳𑄠 𑄉𑄪𑄢𑄨 𑄦𑄨𑄋𑄴𑄢𑄨 𑄛𑄧𑄢𑄚𑄴 𑄖𑄮𑄢𑄚 ?,Present
.নিজের দেশ থেকে বের হওার সমে মানুষরা যুদ্ধ করার জন্য তেস কুলে ফিরে আসলো।,𑄚𑄨𑄎𑄧 𑄘𑄬𑄌𑄴 𑄍𑄢𑄨 𑄖𑄨𑄝𑄨𑄢𑄬 𑄢𑄬𑄡𑄳𑄠𑄖𑄴 (𑄞𑄢𑄧𑄖𑄴) 𑄝𑄢𑄧/𑄖𑄬𑄢𑄧 𑄝𑄧𑄎𑄧𑄢𑄴 𑄥𑄧𑄁 𑄥𑄧𑄢𑄧𑄚𑄖𑄴𑄗𑄨 𑄟𑄚𑄴𑄝𑄬𑄖𑄧𑄢𑄴 𑄎𑄨𑄋𑄴𑄦𑄚𑄨 𑄖𑄮𑄢𑄬 𑄛𑄳𑄠𑄇𑄬𑄌𑄴 𑄌𑄪𑄇𑄴𑄖𑄨 𑄟𑄮𑄖𑄝𑄬𑄇𑄴 𑄖𑄬𑄌𑄴 𑄇𑄪𑄣𑄧𑄖𑄴 𑄜𑄨𑄢𑄨 𑄃𑄬𑄣𑄇𑄴 ।,Past
.নিজের জমি ফেরত না দিে লবনাক্ত ভাত খেে ওই বািেঘুমিে ঘুমাইও না,𑄚𑄨𑄎𑄧 𑄞𑄪𑄭 𑄎𑄉 𑄎𑄧𑄟𑄨 𑄜𑄨𑄢𑄨 𑄚𑄧' 𑄛𑄚𑄴 𑄟𑄨𑄠𑄚𑄴 𑄃𑄬𑄘𑄧𑄇𑄴 𑄘𑄪𑄉𑄴𑄧 𑄚𑄧𑄠𑄴 𑄘𑄪𑄉𑄧𑄉𑄚𑄴 𑄃𑄨𑄠𑄚𑄴 𑄉𑄮𑄘 𑄘𑄨𑄚𑄴𑄚𑄪 𑄢𑄮𑄘𑄬 𑄛𑄪𑄢𑄨 𑄏𑄧𑄬𑄮 𑄞𑄨𑄏𑄨 𑄃𑄧𑄢𑄚𑄴 𑄃𑄰 𑄊𑄧𑄢𑄧𑄖𑄴 𑄃𑄚𑄪𑄚𑄨 𑄚𑄪𑄚𑄴𑄌𑄮 𑄞𑄖𑄴 𑄈𑄬𑄭 𑄢𑄬𑄖𑄴𑄖𑄪 𑄛𑄪𑄢𑄨 𑄚𑄨𑄛𑄧𑄢𑄴𑄝 𑄉𑄪𑄢𑄨 𑄊𑄪𑄟𑄚𑄴 𑄛𑄧𑄢𑄡𑄧𑄚𑄧𑄖𑄴 𑄡𑄬 𑄚𑄧' 𑄛𑄘𑄧𑄚𑄴 ।,Present
".যে বাচ্চাটা দস মাছ দস খাওার সমে আছে,বুো ভাত খেে নাবাল থেকে লালা খেে আসছে।","𑄡𑄬 𑄛𑄪𑄃𑄧𑄬𑄮 𑄘𑄧𑄌𑄴 𑄟𑄌𑄴 𑄘𑄧𑄌𑄴 𑄘𑄨𑄚𑄴 𑄛𑄬𑄘𑄧𑄖𑄴 𑄢𑄊𑄬𑄭, 𑄝𑄪𑄉𑄧𑄢𑄴 𑄣𑄮 𑄈𑄝𑄬𑄠𑄴 𑄚𑄝𑄣𑄧𑄖𑄴𑄪𑄚𑄴 𑄍𑄝𑄧𑄣𑄧𑄇𑄴 𑄉𑄧𑄌𑄴𑄍𑄮𑄚𑄴 𑄥𑄬 𑄛𑄪𑄃𑄧 𑄃𑄬𑄌𑄳𑄠 𑄟𑄳𑄦𑄢𑄴 𑄝𑄪𑄉𑄧𑄖𑄴 𑄣𑄘𑄨 𑄟𑄖𑄴𑄧𑄚𑄴 ।",Present
যে মা আগে থেকে ধরে নিে এসেছে সে মা বৃদ্ধ হে যাচ্ছে,𑄡𑄬 𑄟𑄳𑄦 𑄛𑄧𑄢𑄚𑄬 𑄟𑄇𑄴𑄇𑄬 𑄙𑄧𑄢𑄧𑄛𑄴𑄠𑄚𑄴 𑄚𑄧' 𑄈𑄬𑄭 𑄛𑄪𑄃𑄧 𑄍𑄢𑄬 𑄈𑄝𑄬𑄠𑄬 𑄥𑄬 𑄛𑄪𑄃𑄧 𑄃𑄬𑄌𑄳𑄠 𑄟𑄳𑄦' 𑄝𑄪𑄢𑄬 𑄢𑄚𑄨 𑄉𑄧𑄖𑄴𑄧𑄚𑄴।,Present
".যে মানুষরা মাটিতে থাকে না,ছাে থাকা মানুষদের উপর পানি ছেে আসে","𑄡𑄬, 𑄟𑄳𑄦' 𑄟𑄘𑄨𑄖𑄴 𑄚𑄧' 𑄗𑄧𑄠𑄴 𑄛𑄨𑄛𑄨𑄢𑄬 𑄇𑄟𑄢𑄚𑄴, 𑄍𑄡𑄖𑄴 𑄚𑄧' 𑄗𑄧𑄠𑄴 𑄜𑄨𑄢𑄬 𑄛𑄬𑄝𑄧 𑄞𑄝𑄨 𑄚𑄮𑄚𑄨𑄠𑄳𑄠 𑄉𑄧𑄢𑄨 𑄛𑄣𑄬 𑄃𑄚𑄴𑄚𑄬 𑄥𑄬 𑄛𑄨𑄃𑄧 𑄃𑄬𑄌𑄳𑄠 𑄟𑄳𑄦'𑄢𑄴 𑄘𑄨' 𑄌𑄮𑄉𑄧𑄖𑄴 𑄙𑄢 𑄙𑄢 𑄛𑄚𑄨 𑄏𑄧𑄬𑄮 𑄘𑄬𑄘𑄧𑄚𑄴।",Present
.যে বাবা ছোট কাজ করে তার পাে গুলি করতেছে।,𑄡𑄬 𑄝𑄛𑄬 𑄢𑄧𑄚𑄴 𑄘𑄪𑄉𑄧𑄉𑄧 𑄇𑄟𑄬𑄠𑄬 𑄑𑄬𑄋 𑄛𑄧𑄠𑄴𑄥𑄬 𑄘𑄘𑄬 𑄞𑄋𑄨 𑄚𑄧' 𑄈𑄬𑄭 𑄣𑄬𑄊 𑄛𑄧𑄢 𑄥𑄨𑄊𑄬𑄠𑄳𑄠 𑄥𑄬 𑄛𑄪𑄃𑄧 𑄃𑄬𑄌𑄳𑄠 𑄝𑄛𑄴𑄛𑄪𑄢𑄬 𑄉𑄪𑄣𑄨 𑄉𑄧𑄖𑄴𑄗𑄬 𑄃𑄘𑄧𑄋𑄴 𑄚𑄬।,Present
"যে ডাগ দিে কথা বলে একদিন আমাদের নানি সোনা দিে ঘুরতেছে, সেই ডাগ - সেই কেকটা মাথা নিচু আছে","𑄡𑄬 𑄓𑄉𑄬 𑄪 𑄇𑄧𑄘𑄧𑄉𑄨𑄠𑄬 𑄃𑄬𑄇𑄴𑄘𑄨𑄚𑄴 𑄃𑄟 𑄚𑄮𑄚𑄨𑄠𑄬 𑄥𑄮𑄚 𑄛𑄪𑄃𑄧 - 𑄍𑄃𑄪𑄚𑄴 𑄦𑄮𑄭 𑄝𑄉𑄨𑄚𑄨(𑄝𑄢𑄴) 𑄉𑄧𑄖𑄴𑄧,𑄥𑄬 𑄓𑄉𑄧 - 𑄥𑄬 𑄇𑄧𑄙𑄧𑄉𑄨 𑄟𑄙 𑄚𑄨𑄉𑄪𑄢𑄨 𑄃𑄊𑄬।",Present
"সে, কবি ব ব হেছে","𑄖𑄬, 𑄇𑄧𑄝𑄨 𑄘𑄋𑄴𑄉𑄪 𑄚𑄪𑄃𑄧𑄢𑄟𑄬 𑄦𑄮𑄭 𑄡𑄨𑄠𑄬",Present
"প্রচুর পাগা নিজের পাগি দিে দিন পেছে,পাহাের পাশ দিে গেলে পথ নেই",𑄃𑄧𑄎𑄧𑄣𑄴 𑄛𑄉𑄪𑄌𑄳𑄠 𑄚𑄨𑄎𑄧 𑄏𑄪𑄛𑄴 𑄘𑄨𑄚𑄴 𑄘𑄨𑄚𑄴 𑄛𑄧𑄢𑄬𑄣𑄴𑄨 𑄇𑄪𑄣𑄨 𑄡𑄪𑄉𑄧 𑄇𑄪𑄣𑄨 𑄡𑄪𑄉𑄖𑄴 𑄥𑄧𑄖𑄳𑄠𑄧 𑄚𑄬𑄭 𑄝𑄪𑄉𑄧 𑄍𑄨𑄢𑄨 𑄘𑄬𑄊𑄬𑄣𑄬𑄠𑄳𑄠𑄪 𑄛𑄧𑄖𑄳𑄠𑄧 𑄚𑄬𑄭।,Present
যে হিচাটা কেকজনকে ধরে নিে আসলো,𑄡𑄬 𑄦𑄨𑄢𑄴𑄌𑄘𑄬𑄉𑄋𑄴 𑄬𑄧𑄇𑄴 𑄇𑄢𑄬 𑄗𑄬𑄝𑄴𑄗𑄬𑄭𑄛𑄳𑄠 𑄃𑄬𑄣𑄧।,Past
গাে গাে ফুল পে হেঁটে যাওার সম যে হিলটা দেখা যা,𑄉𑄎𑄬 𑄉𑄎𑄬 𑄜𑄪𑄣𑄴 𑄜𑄪𑄘𑄨 𑄛𑄨𑄝𑄨𑄢𑄴 𑄛𑄨𑄝𑄨𑄢𑄴 𑄝𑄮𑄭𑄠𑄬𑄢𑄬 𑄘𑄪𑄣𑄨 𑄘𑄪𑄣𑄨 𑄗𑄬𑄘𑄇𑄴 𑄥𑄬 𑄦𑄨𑄣𑄴 𑄌𑄘𑄬𑄉𑄋𑄴 𑄃𑄊𑄧 𑄔𑄧𑄇𑄳𑄠 𑄚𑄬𑄭।,Present
"যে রাতে ভাত খাওার জন্য ব ব করে ভাত খাওা হ, যে দিনে আলুগুলো দিে ভাত খাওা হ, যে দিনে আলুগুলো ব করে দো হ, যে দিনে আলুগুলো দুলিে দো হ","𑄡𑄬 𑄢𑄬𑄖𑄴 𑄛𑄮𑄖𑄴 𑄛𑄮𑄖𑄴𑄖𑄳𑄠𑄧 𑄎𑄪𑄚𑄧𑄛𑄧𑄦𑄴𑄢𑄧𑄖𑄴 𑄃𑄨𑄎𑄮𑄢𑄧𑄖𑄴 𑄝𑄮𑄭 𑄘𑄪𑄙𑄪𑄇𑄴, 𑄦𑄬𑄋𑄴𑄉𑄧𑄢𑄧𑄋𑄴, 𑄌𑄨𑄋𑄬 𑄝𑄬𑄭 𑄉𑄧𑄝𑄬 𑄥𑄧𑄝𑄬 𑄃𑄧𑄘𑄧𑄙𑄬𑄇𑄴 𑄢𑄬𑄖𑄴 𑄢𑄊𑄬𑄘𑄇𑄴, 𑄡𑄬 𑄘𑄨𑄚𑄧𑄖𑄴 𑄃𑄣𑄪𑄣𑄴𑄮 - 𑄘𑄪𑄣𑄪𑄣𑄴𑄮, 𑄃𑄎𑄨 𑄢𑄧𑄋𑄬 𑄘𑄨𑄚𑄴 𑄉𑄧𑄋𑄬 𑄘𑄨𑄘𑄇𑄴 𑄃 𑄦𑄮𑄌𑄴𑄛𑄚 𑄥𑄪𑄘𑄧 𑄚𑄣𑄬 𑄝𑄬𑄢𑄝𑄬𑄌𑄳𑄠 𑄃𑄬𑄣𑄧 𑄥𑄬 𑄘𑄨𑄚𑄴 𑄥𑄬 𑄇𑄣𑄴 𑄃𑄨𑄇𑄴𑄇𑄬 𑄚𑄬𑄭।",Present
". যে রাতে অনেক রাত হ, যে রাত, সেই রাত, সেই রাত, সেই রাত, সেই রাত, সেই রাত, সেই রাত, সেই রাত","𑄡𑄬 𑄢𑄬𑄖𑄴 𑄛𑄬𑄭𑄇𑄧 𑄦𑄨𑄎𑄨𑄇𑄴 𑄦𑄎𑄇𑄬 𑄛𑄧𑄦𑄧𑄢𑄴 𑄃𑄧𑄘𑄧, 𑄡𑄬 𑄢𑄬𑄖𑄴 𑄃𑄎𑄪 𑄚𑄚𑄪 𑄛𑄧𑄌𑄴𑄎𑄧𑄚𑄴 𑄥𑄪𑄚𑄨 𑄥𑄪𑄚𑄨 𑄊𑄪𑄟𑄴 𑄡𑄬𑄘𑄧𑄋𑄴, 𑄥𑄬 𑄘𑄨𑄚𑄴,𑄥𑄬 𑄢𑄬𑄖𑄴, 𑄥𑄬 𑄉𑄨𑄘𑄧 𑄥𑄪𑄢𑄴 𑄃𑄨𑄇𑄴𑄇𑄬 𑄚𑄬𑄭।",Present
". আছে,শুধু আছে এক বুো আম","𑄃𑄊𑄬, 𑄝𑄚 𑄃𑄊𑄬 𑄃𑄬𑄇𑄴 𑄝𑄪𑄉𑄧 𑄃𑄝𑄨𑄣𑄳𑄠𑄌𑄴।",Present
এক দিন কালো মেে না থাকলে বো লাল হবে,𑄃𑄬𑄇𑄴 𑄘𑄨𑄚𑄴 𑄇𑄣 𑄟𑄬𑄇𑄴 𑄚𑄧'𑄗𑄬𑄝𑄧 𑄝𑄬𑄚𑄴𑄳𑄠 𑄢𑄋 𑄝𑄬𑄣𑄴 𑄃𑄎𑄨𑄝𑄪,Future
"এক দিন চামা জাতী কথা বলে হাত ধুেছি, মাটিতে ভূমিকম্প হচ্ছে","𑄃𑄬𑄇𑄴 𑄘𑄨𑄚𑄴 𑄌𑄋𑄴𑄟𑄳𑄦 𑄎𑄘𑄧𑄢𑄴 𑄇𑄧𑄙 𑄇𑄧𑄣𑄬 𑄦𑄠𑄮𑄁 𑄉𑄎𑄪𑄢𑄨𑄙𑄧, 𑄟𑄙𑄨𑄖𑄴 𑄞𑄪𑄎𑄮𑄣𑄴 𑄝𑄬𑄙𑄧।",Present
"রাজা বিজ গিে তার সেনাপতিকে আরাকানে খেে দো হেছে, আর রাজা বিজের সমে তাকে তিন বার বোতে হ","𑄢𑄎 𑄝𑄨𑄎𑄧𑄠𑄴 𑄉𑄨𑄢𑄨 𑄖' 𑄥𑄬𑄚𑄛𑄧𑄖𑄨 𑄢𑄙𑄟𑄧𑄚𑄴𑄣𑄮𑄭 𑄃𑄢𑄇𑄚𑄴 𑄢𑄬𑄡𑄳𑄠 𑄎𑄧𑄠𑄴 𑄉𑄧𑄌𑄴𑄌𑄬, 𑄃 𑄢𑄎 𑄥𑄬𑄢𑄴𑄘𑄮𑄣𑄧𑄖𑄴 𑄈𑄀 𑄖' 𑄥𑄬𑄚𑄛𑄧𑄖𑄨 𑄢𑄧𑄚𑄴𑄖𑄪 𑄘𑄬𑄝𑄚𑄴𑄣𑄮𑄱𑄭 𑄃𑄨𑄁𑄢𑄬𑄌𑄴𑄌𑄪𑄚𑄧𑄢𑄬 𑄖𑄨𑄚𑄴 𑄖𑄨𑄚𑄴 𑄝𑄢𑄴 𑄤𑄧𑄘𑄬𑄭 𑄘𑄨𑄠𑄳𑄠।",Present
"মানুষ,আমরা পাগল হে হরিণের সমে বসে আছি","𑄟𑄖𑄴𑄧𑄢𑄴, 𑄃𑄬𑄌𑄳𑄠 𑄃𑄟𑄨 𑄛𑄉𑄧𑄣𑄴𑄳𑄠 𑄝𑄎𑄧 𑄥𑄚𑄴 𑄃𑄧𑄉𑄪𑄢𑄴 𑄘𑄧𑄌𑄴𑄎𑄬𑄖𑄴 𑄃𑄧𑄚𑄴𑄥𑄪𑄢𑄴 𑄞𑄎𑄨 𑄝𑄎𑄨 𑄃𑄉𑄨।",Present
.করালে পুে যাওার সম কোনো মাথা রাখতে পারে না,𑄉𑄧𑄣𑄴𑄬𑄖𑄴 𑄛𑄪𑄢𑄨 𑄘𑄨𑄇𑄴 𑄇𑄞𑄪𑄣𑄴 𑄃𑄰 𑄇𑄧𑄚𑄧 𑄦𑄨𑄖𑄴𑄳𑄠 𑄇𑄮𑄣𑄬 𑄚𑄧'𑄛𑄢𑄨𑄢।,Present
এ-আবোল তাবোল কথা বলতেছে সবাই,"𑄃𑄬-𑄃𑄝𑄨𑄣𑄬𑄌𑄴 𑄃𑄬𑄌𑄴𑄳𑄠 𑄝𑄬𑄇𑄴𑄪𑄚𑄧𑄢𑄴, 𑄦𑄨𑄣𑄴𑄌𑄘𑄬𑄉𑄋𑄧𑄢𑄴।",Present
জাগা থেকে মুক্তি নেওার জন্য যে political দলগুলো আছে তারা একনাগাে চলে যা,𑄎𑄘𑄧𑄢𑄴 𑄟𑄪𑄇𑄴𑄖𑄨 𑄚𑄋𑄬 𑄡𑄬 𑄢𑄌𑄴𑄚𑄰𑄖𑄨𑄇𑄴 𑄘𑄧𑄣𑄴𑄃𑄪𑄚𑄴 𑄖𑄢 𑄃𑄧𑄇𑄴𑄖𑄧𑄖𑄴 𑄃𑄬𑄇𑄴 𑄃𑄰 𑄚𑄧'𑄛𑄢𑄧𑄚𑄴 𑄝 𑄃𑄬𑄇𑄴 𑄃𑄧𑄣𑄬𑄠𑄳𑄠𑄪 𑄛𑄧𑄢𑄬 𑄞𑄋𑄨 𑄡𑄤𑄴।,Present
"৮১২০. দশ দিনে দাঙ্গা,কামিনীমোহন দিে এক দলের লিডারের কথা,তার এক লাঠি আমি দিে আছি","𑄷𑅄𑄸𑄶 𑄘𑄧𑄥𑄧𑄇𑄧𑄖𑄴 𑄘𑄋𑄴𑄉, 𑄇𑄟𑄨𑄚𑄨 𑄟𑄮𑄦𑄧𑄚𑄴 𑄘𑄬𑄝𑄚𑄬 𑄃 𑄇𑄧𑄁𑄉𑄳𑄢𑄬𑄌𑄴 𑄚𑄬𑄖𑄃𑄪𑄚𑄧𑄢𑄴 𑄇𑄧𑄙-𑄝𑄖𑄴𑄖' 𑄖' 𑄃𑄬𑄇𑄴 𑄣𑄬𑄊𑄖𑄴 𑄃𑄟𑄨 𑄘𑄨𑄊𑄨",Present
".এইগুলো বাদ দিে সবসম কথা বলে, সেই আকাশের কোল ঘেষে কথা বলে","𑄃 𑄃𑄨𑄠𑄚𑄨 𑄝𑄘𑄬𑄠𑄳𑄠𑄪 𑄝𑄨𑄎𑄧𑄉𑄧𑄖𑄴 𑄛𑄮𑄖𑄴𑄛𑄮𑄖𑄴𑄳𑄠 𑄉𑄧𑄢𑄨, 𑄥𑄬 𑄘𑄬𑄝𑄚𑄧𑄢𑄴 𑄇𑄮𑄣𑄴-𑄇𑄮𑄎𑄳𑄠 𑄇𑄧𑄙।",Present
৮১২১. বছর পূর্তির সমে বাঙালীদের দলপতিরা পাহাের উপর বসে চামার সমে আসলো,"𑄷𑅄𑄽𑄷 𑄥𑄧𑄚𑄧𑄖𑄴 𑄝𑄋𑄣𑄘𑄬𑄌𑄴 𑄥𑄙𑄨𑄚𑄧𑄖 𑄣𑄢𑄬𑄭𑄠𑄧𑄖𑄴 𑄢𑄎 𑄖𑄳𑄢𑄨𑄘𑄨𑄛𑄴 𑄢𑄠𑄴 𑄛𑄇𑄨𑄌𑄴𑄖𑄚𑄧𑄢𑄴 𑄛𑄧𑄇𑄴𑄧 𑄃 𑄢𑄎 𑄟𑄧𑄁 𑄛𑄪𑄢𑄪 𑄌𑄭 𑄌𑄯𑄙𑄪𑄢𑄨, 𑄘𑄁𑄉𑄪, 𑄌𑄢𑄪 𑄝𑄨𑄇𑄌𑄴 𑄌𑄇𑄴𑄟 𑄥𑄧𑄟𑄪𑄖𑄖𑄪 𑄝𑄪𑄦𑄪𑄖𑄴 𑄌𑄋𑄴𑄟𑄳𑄦 𑄟𑄪𑄇𑄴𑄖𑄴𑄨 𑄡𑄪𑄖𑄴𑄘𑄧𑄖𑄴 𑄃𑄬𑄎𑄣𑄴 𑄘𑄳𑄠𑄪𑄚𑄴।",Past
".জুম্মদের পাহাে পাহাের মানুষরা এক করলে,এত ব পাহাে পাহাের মানুষরা এক করলে,লম্বা পাহাের মানুষরা এক করলে,তারা পাহাের গাে লাফিে লাফিে নামল","𑄎𑄪𑄟𑄴𑄧 𑄎𑄘𑄧𑄢𑄴 𑄛𑄖𑄴𑄧𑄣𑄨 𑄟𑄧𑄃𑄚𑄴 𑄚𑄬𑄖 𑄃𑄬𑄟𑄴. 𑄃𑄬𑄚𑄴. 𑄣𑄢𑄴𑄟 𑄉𑄮𑄘 𑄦𑄨𑄣𑄴 𑄌𑄘𑄬𑄉𑄋𑄧 𑄟𑄚𑄬𑄃𑄪𑄚𑄧𑄢𑄬 𑄃𑄬𑄇𑄴 𑄉𑄧𑄣𑄴𑄬𑄠𑄳𑄠𑄪 𑄷𑅄𑄾𑄶 𑄘𑄧𑄥𑄧𑄇𑄧 𑄛𑄧𑄢𑄬 𑄣𑄟𑄴𑄝-𑄝𑄙𑄨 𑄞𑄇𑄴 𑄃𑄰 𑄃𑄬𑄟𑄴. 𑄃𑄬𑄚𑄴. 𑄣𑄢𑄴𑄟𑄢𑄬(𑄓𑄨𑄥𑄬𑄟𑄴𑄝𑄧𑄢𑄴 𑄷𑄶, 𑄷𑅄𑄾𑄹) 𑄌𑄬𑄢𑄴 𑄇𑄪-𑄌𑄧𑄇𑄴𑄢𑄨 𑄉𑄨𑄢𑄨-𑄛𑄳𑄢𑄧𑄇𑄌𑄴-𑄘𑄬𑄝𑄬𑄚𑄴-𑄛𑄧𑄣𑄌𑄴𑄘𑄉𑄨 𑄟𑄬𑄮 𑄜𑄬𑄣𑄬𑄭 𑄎𑄘𑄧𑄢𑄴 𑄃𑄚𑄴𑄘𑄢𑄴 𑄢𑄬𑄖𑄴, 𑄖𑄢𑄚𑄬𑄭 𑄃𑄉𑄌𑄴 𑄉𑄪𑄎𑄪𑄢𑄨 𑄉𑄎𑄪𑄢𑄨 𑄣𑄟𑄨𑄨 𑄃𑄬𑄣𑄧।",Past
".সে শুে গেল,পুে গেল","𑄥𑄧𑄘𑄬 𑄥𑄧𑄖𑄴 𑄎𑄪𑄟𑄴𑄧 𑄟𑄪𑄢𑄨 𑄉𑄬𑄣𑄇𑄴, 𑄛𑄪𑄋𑄴𑄉𑄪 𑄃𑄧𑄣𑄇𑄴।",Past
".সেটা পেছে ২তারিখে,দুইদিন পেছে,হাতির দলটা পিছন ফিরে যা,অমুক পাের মানুষরা পাে যা,অমুক পািে যা,অমুক পািে যা,অমুক পািে যা,অমুক পািে যাচ্ছে","𑄥𑄨𑄠𑄚𑄴 𑄛𑄧𑄢𑄬 𑄷𑅄𑅄𑄽, 𑄸𑄓𑄨𑄥𑄬𑄟𑄴𑄝𑄧𑄢𑄴 𑄛: 𑄌𑄪𑄇𑄴𑄖𑄴𑄨 𑄃𑄧𑄣𑄬, 𑄌𑄪𑄇𑄴𑄖𑄴𑄨 𑄛𑄧𑄇𑄴𑄈𑄧-𑄝𑄨𑄛𑄧𑄇𑄴𑄈𑄧 𑄞𑄇𑄴 𑄃𑄰 𑄃𑄬𑅄𑄧 𑄥𑄧𑄁 𑄘𑄮𑄣𑄴 𑄘𑄮𑄣𑄴 𑄣𑄬𑄊 𑄛𑄌𑄴𑄎𑄬, 𑄦𑄧𑄎𑄣𑄴 𑄥𑄬𑄚 𑄎𑄖𑄴 𑄞𑄬𑄭𑄠𑄳𑄠𑄪𑄚𑄴 𑄟𑄪𑄢𑄨 𑄡𑄘𑄧𑄚𑄴, 𑄃𑄧𑄙𑄧𑄇𑄴 𑄛𑄪𑄋𑄴𑄉𑄪 𑄃𑄰 𑄟𑄚𑄧𑄝𑄬𑄖𑄧𑄢𑄴 𑄎𑄩𑄋𑄴𑄦𑄚𑄨 𑄖𑄮𑄢𑄘𑄧𑄚𑄴।",Present
জেলে-চাষে কত জাতের বোই পে আছে,𑄎𑄬𑄣𑄴-𑄦𑄎𑄡𑄧𑄖𑄴 𑄇𑄧𑄘𑄧𑄇𑄴 𑄎𑄖𑄴 𑄞𑄬𑄭 𑄛𑄪𑄢𑄨 𑄃𑄉𑄧𑄚𑄴 𑄃𑄇𑄪𑄣𑄧𑄖।,Present
এই পৃথিবীতে বেগের শব্দ,𑄃𑄬𑄭 𑄃𑄇𑄴𑄖𑄧𑄖𑄴 𑄝𑄬𑄉𑄧𑄢𑄴 𑄙𑄪𑄚𑄴𑄘𑄪𑄇𑄴!,Present
এক দিন- রাত-বিকাল বাঙালি সম,𑄃𑄬𑄌𑄳𑄠 𑄘𑄨𑄚𑄴 - 𑄢𑄬𑄖𑄴 𑄃𑄞𑄋𑄴 𑄚𑄬𑄭 𑄉𑄪𑄢𑄨 𑄥𑄧𑄘𑄬-𑄥𑄧𑄖𑄴 𑄝𑄋𑄣𑄴 𑄃𑄬𑄖𑄴𑄧𑄚𑄴।,Present
"৮১৫১. কুঁজো হে থাকা পাহাের টিলা,পাহাের ছোট পাহাের টিলা,পাহাের ছোট পাহাের পাহাে হাজার হাজার লোক জড়ো হে আছে","𑄸𑄻𑅄 𑄚𑄧𑄁 𑄘𑄇𑄴𑄇𑄪𑄛𑄴𑄳𑄠 𑄟𑄪𑄃𑄪𑄎𑄧 𑄇𑄮𑄘𑄟𑄪𑄚𑄣𑄧𑄖𑄴 𑄹𑄶𑄶 𑄘𑄨𑄢𑄨, 𑄝𑄝𑄪 𑄍𑄧𑄢 𑄥𑄅𑄙𑄓𑄧𑄚 𑄑𑄨𑄣, 𑄟𑄬𑄢𑄪𑄁 𑄸𑄾 𑄚𑄧𑄁 𑄢𑄬𑄋𑄴𑄇𑄢𑄴𑄡𑄳𑄠 𑄟𑄪𑄃𑄪𑄎𑄧,𑄸𑅄 𑄚𑄧𑄁 𑄍𑄮𑄑𑄧 𑄟𑄬𑄢𑄪𑄁 𑄟𑄪𑄃𑄪𑄎𑄧 𑄥𑄧𑄟𑄪𑄖𑄴𑄪 𑄦𑄎𑄢𑄴 𑄦𑄎𑄢𑄴 𑄥𑄧𑄟𑄪𑄖𑄴𑄪 𑄦𑄎𑄢𑄴 𑄦𑄎𑄢𑄴 𑄥𑄧𑄢𑄧𑄕𑄖𑄴𑄩 𑄝𑄋𑄣𑄴 𑄃𑄢𑄴𑄟𑄨𑄃𑄪𑄚𑄧𑄢𑄴 𑄃𑄬𑄎𑄣𑄬 𑄦𑄨𑄣𑄧𑄢𑄴 𑄎𑄪𑄟𑄴𑄧𑄃𑄪𑄚𑄴 𑄎𑄉-𑄎𑄪𑄟𑄨 𑄃𑄢𑄨 𑄣𑄧𑄘𑄧𑄚।",Present
".বাির জাগাটা ফেনী নদী,চেে,মিে,স্বামী-স্ত্রী আরও বেশি ব হেছে","𑄞𑄘𑄧 𑄎𑄉 𑄜𑄬𑄚𑄩 𑄉𑄁, 𑄌𑄬𑄋𑄬, 𑄟𑄨𑄋𑄨𑄚𑄨, 𑄇𑄎𑄣𑄧𑄁 𑄇𑄪𑄣𑄴 𑄥𑄧𑄟𑄨𑄖𑄖𑄪 𑄦𑄨𑄣𑄴𑄌𑄘𑄬𑄉𑄋𑄧 𑄘𑄮𑄣𑄴 𑄘𑄮𑄣𑄴 𑄝𑄬𑄇𑄴 𑄎𑄉𑄚𑄨 𑄃𑄢𑄬𑄭 𑄡𑄬𑄢𑄴𑄣𑄰 𑄢𑄎𑄚𑄧𑄓𑄉𑄓𑄧𑄢𑄴, 𑄢𑄕𑄩𑄦𑄖𑄴-𑄝𑄨𑄝𑄨𑄦𑄖𑄴, 𑄇𑄬𑄘𑄤𑄢𑄴𑄟𑄢, 𑄟𑄚𑄬𑄇𑄴𑄍𑄓𑄧𑄢𑄨 𑄔𑄃 𑄜𑄬𑄕𑄩 𑄉𑄋𑄴 𑄡𑄨𑄇𑄴𑄈𑄬 𑄉𑄪𑄢𑄨 𑄃𑄢𑄬𑄭 𑄡𑄨𑄠𑄬𑄭।",Present
"একটু একটু পোরা, পাহা-মুরগাগুলো আরও একটু করে চালগুলো বেঁধে রাখবো","𑄃 𑄃𑄬-𑄃𑄬𑄇𑄴𑄇 𑄃𑄬𑄇𑄴𑄇 𑄛𑄬𑄢𑄚𑄨, 𑄟𑄮𑄚𑄴-𑄟𑄪𑄢𑄧𑄔𑄃𑄪𑄚𑄴 𑄡𑄪𑄚𑄨 𑄃𑄢𑄬𑄭 𑄌𑄣𑄬𑄚𑄴 𑄝𑄎𑄨 𑄝𑄧𑄁 𑄦𑄨𑄋𑄨𑄢𑄨?",Future
এই দুঃখ আমরা ভুলতে পারবো না,𑄃𑄬𑄭 𑄘𑄪𑄇𑄴𑄇𑄚𑄴 𑄚𑄧'𑄝𑄪𑄎𑄨 𑄃𑄟𑄨-𑄃𑄟 𑄢𑄌𑄴𑄚𑄩𑄖𑄨 𑄌𑄬𑄣𑄃𑄪𑄚𑄬।,Future
স্বর্গে যাওার কথা বলতে বলতে নিজের আলু কুানো (সবাই নাা) বাদে আর কিছু দেখতে হ না,𑄎𑄘𑄧𑄢𑄴 𑄟𑄪𑄇𑄴𑄖𑄨 𑄇𑄧𑄙 𑄦𑄮𑄱𑄭 𑄦𑄮𑄱𑄭 𑄚𑄨𑄎𑄧 𑄃𑄣𑄪 𑄇𑄪𑄢𑄧𑄚(𑄝𑄬𑄇𑄴𑄇𑄪𑄚𑄬 𑄚𑄧𑄤𑄴) 𑄝𑄘𑄬 𑄇𑄨𑄎𑄪 𑄌𑄮𑄉𑄧𑄖𑄴 𑄚𑄧' 𑄛𑄧𑄢𑄬𑄢।,Present
"আমি তাদের সাথে যেতে পছন্দ করি না,নাাচাা করে তারা তাদের মৌলিক কাজ করতেছে","𑄟𑄪𑄭 𑄦𑄮𑄟𑄴 𑄖𑄢 𑄎𑄘𑄧𑄢𑄴 𑄟𑄪𑄇𑄴𑄖𑄴𑄨 𑄚𑄧'𑄌𑄚𑄴, 𑄚𑄧'𑄌𑄚𑄴 𑄎𑄘𑄧𑄢𑄴 𑄞𑄣𑄬𑄘𑄨 𑄖𑄢 𑄖𑄢𑄢𑄴 𑄟𑄯𑄣𑄨𑄇𑄴 𑄃𑄙𑄨𑄇𑄢𑄴 𑄖𑄧𑄎𑄨𑄟𑄴𑄛𑄪𑄢𑄧 𑄉𑄧𑄖𑄴𑄧𑄚𑄴।",Present
আর্মিরা চিৎকার করে আসতেছে,𑄃𑄢𑄴𑄟𑄨𑄃𑄪𑄚𑄧𑄬𑄮 𑄌𑄨𑄖𑄴𑄘𑄨𑄊𑄮𑄣𑄴 𑄉𑄧𑄢𑄨 𑄃𑄬𑄎𑄣𑄴 𑄘𑄬𑄘𑄧𑄚𑄴।,Present
"সব সম আমরা গ্রামের কথা ভাবি, আসা যাওা করে মারামারি, দোলান দোলাই না","𑄥𑄧𑄖𑄴𑄨 𑄡𑄪𑄚𑄨 𑄃𑄟𑄨 𑄎𑄘𑄧𑄢𑄴 𑄇𑄧𑄙 𑄞𑄝𑄨𑄘𑄧𑄁, 𑄃𑄬𑄌𑄴𑄳𑄠 𑄞𑄬𑄭𑄠𑄬 𑄞𑄬𑄭𑄠𑄬 𑄟𑄢𑄟𑄢𑄨, 𑄘𑄮𑄣-𑄘𑄮𑄣𑄨 𑄚𑄧'𑄉𑄖𑄴𑄧𑄋𑄴।",Present
"বিদা দাওা দিনে দেখা যা, আর্মিরা সব দৌাদৌি করতেছে",𑄝𑄨𑄘𑄨 𑄡𑄨𑄠𑄳𑄠 𑄘𑄨𑄚𑄧𑄖𑄴 𑄘𑄬𑄊 𑄡𑄨𑄠𑄳𑄠 𑄷𑅄𑄾𑅄 𑄃𑄨𑄁𑄢𑄬𑄎𑄨𑄖𑄴 𑄚𑄨𑄢𑄴𑄝𑄌𑄧𑄚𑄧𑄖𑄴 𑄝𑄬𑄇𑄴 𑄙𑄝𑄦𑄘𑄨 𑄣𑄢𑄬𑄠𑄳𑄠𑄚𑄴 𑄃𑄢𑄴𑄟𑄨𑄃𑄪𑄚𑄬।,Present
নামী-দামি জুম্মরা বস সুবিধা দিে শান্তিপূর্ণ আন্দোলনগুলো শেষ করে দিল,𑄚𑄟𑄩-𑄘𑄟𑄩 𑄎𑄪𑄟𑄴𑄧𑄃𑄪𑄚𑄧𑄬𑄮 𑄝𑄳𑄠𑄧𑄥𑄖𑄴 𑄃𑄬𑄎𑄣𑄴 𑄃 𑄚𑄚𑄋𑄴 𑄉𑄮𑄛𑄧𑄚𑄴 𑄥𑄪𑄝𑄨𑄙𑄬 𑄘𑄨𑄚𑄳𑄠𑄭 𑄎𑄨𑄟𑄴𑄧 𑄎𑄘𑄧𑄢𑄴 𑄟𑄪𑄇𑄴𑄖𑄴𑄨 𑄃𑄚𑄴𑄘𑄮𑄣𑄧𑄚𑄚𑄧𑄢𑄬 𑄟𑄪𑄎𑄪𑄋𑄬 𑄘𑄬𑄠𑄣𑄴 𑄘𑄳𑄠𑄪𑄚𑄴।,Past
".মাতলা,জুম্মদের সাথে জুেও ওই পাহািটা চুক চুক করতেছে","𑄟𑄖𑄴𑄧𑄢𑄴, 𑄎𑄪𑄟𑄴𑄧 𑄎𑄘𑄧𑄢𑄴 𑄥𑄧𑄁 𑄎𑄪𑄠𑄬𑄮 𑄝𑄙𑄳𑄠𑄧 𑄃𑄰 𑄛𑄨𑄠𑄧𑄚𑄴 𑄛𑄢𑄴𑄝𑄧𑄖𑄴𑄳𑄠 𑄌𑄪𑄇𑄴𑄖𑄴𑄨 𑄉𑄧𑄖𑄴𑄬।",Present
"সে,বাবা-মা লক্ষী,মা-বোন লক্ষী","𑄖𑄬, 𑄝𑄛𑄴-𑄞𑄬𑄭, 𑄟-𑄝𑄮𑄚𑄴 𑄣𑄧𑄇𑄴!",Present
".জাগা ভালো করে দেখার জন্য,পৃথিবীর বুো মানুষরা একনাগাে ঘুরতেছে, কালো মেেটা আর থাকবে না","𑄎𑄘𑄧𑄢𑄴 𑄞𑄣𑄬𑄘𑄨𑄖𑄳𑄠, 𑄎𑄘𑄧𑄢𑄴 𑄟𑄪𑄇𑄴𑄖𑄴𑄨𑄖𑄳𑄠𑄭, 𑄛𑄨𑄖𑄴𑄨𑄟𑄩 𑄝𑄪𑄉𑄧𑄖𑄴 𑄎𑄪𑄟𑄴𑄧 𑄎𑄖𑄴𑄪 𑄗𑄨𑄘𑄧𑄝𑄧𑄢𑄨𑄖𑄳𑄠𑄭 𑄃𑄟𑄖𑄴𑄪𑄚𑄴 𑄃-𑄢𑄧 𑄃𑄬𑄇𑄴𑄝𑄢𑄴 𑄎𑄧𑄙 𑄃𑄰𑄚𑄭 𑄣𑄢𑄬𑄭 𑄉𑄪𑄢𑄨 𑄛𑄢𑄴𑄣𑄴𑄬 𑄃𑄬𑄇𑄴𑄘𑄨𑄚𑄴 𑄛𑄪𑄉𑄧 𑄟𑄮𑄚𑄧 𑄟𑄙𑄖𑄴 𑄝𑄬𑄚𑄴𑄳𑄠 𑄢𑄋 𑄝𑄬𑄣𑄴 𑄃𑄎𑄨𑄝𑄪, 𑄇𑄣 𑄟𑄬𑄇𑄴 𑄚𑄧' 𑄗𑄬𑄝𑄧।",Future
".এত ব করে কোণাকুণি,ঘোর-ঘোর করে যে অনেক লম্বা মানুষ আছে তাকে তুলে আনতে হবে","𑄃 𑄡𑄬 𑄡𑄬𑄁𑄢𑄨 𑄛𑄢𑄨 𑄇𑄮𑄕-𑄇𑄪𑄕𑄨, 𑄊𑄧𑄕-𑄊𑄪𑄕𑄨 𑄍𑄬𑄬𑄮 𑄡𑄬 𑄃𑄧𑄖𑄴𑄙𑄬𑄇𑄴 𑄣𑄋𑄴𑄖 𑄟𑄚𑄪𑄌𑄴 𑄃𑄉𑄧𑄚𑄴 𑄖𑄢𑄬𑄮 𑄖𑄪𑄣𑄨 𑄃𑄚 𑄛𑄧𑄢𑄨𑄝 ...।",Future
সপ্নের বীজ -বীজগুলো রোপণ করার সম আছে,𑄥𑄧𑄝𑄧𑄚𑄧𑄢𑄴 𑄝𑄨𑄌𑄴 - 𑄝𑄩𑄎𑄨𑄘𑄨 𑄌𑄢𑄬𑄭 𑄟𑄪𑄎𑄪𑄋𑄬 𑄃𑄇𑄴𑄇𑄮𑄭 𑄡𑄬𑄭,Present
"হা ভাঙা দুগা হেছো, পাহাের পাে হেঁটে হেঁটে,পাহাের পাে হেঁটে,পাহাের পাে হেঁটে,পাহাের পাে করে,পাহাের পাে হেঁটে","𑄦𑄢𑄴 𑄞𑄋 𑄘𑄪𑄉𑄧 𑄦𑄧𑄌𑄴𑄑𑄧𑄠𑄚𑄧𑄢𑄬 𑄥𑄧𑄡𑄳𑄠𑄧 𑄉𑄮𑄢𑄨, 𑄟𑄮𑄚𑄴 - 𑄟𑄪𑄢𑄴 𑄞𑄋𑄨, 𑄍𑄧𑄢 𑄉𑄋𑄴 𑄍𑄨𑄢𑄨 𑄃𑄧𑄚𑄞𑄘𑄬 𑄣𑄢𑄬𑄭 𑄉𑄮𑄢𑄨, 𑄟𑄙𑄉𑄟𑄴 𑄑𑄬𑄋𑄧𑄖𑄴 𑄜𑄬𑄣𑄬, 𑄃𑄚𑄴𑄘𑄢𑄴 𑄢𑄬𑄘𑄮𑄖𑄴 𑄑𑄬𑄋𑄴𑄦𑄧 𑄛𑄚𑄨 𑄚𑄧' 𑄥𑄪𑄇𑄠𑄴 𑄥𑄧𑄁 𑄟𑄮𑄚𑄴 - 𑄟𑄪𑄢𑄧 𑄛𑄢𑄨, 𑄜𑄮𑄛𑄬 𑄜𑄮𑄛𑄬, 𑄣𑄬𑄋𑄬 𑄣𑄬𑄋𑄬 𑄎𑄘𑄧𑄢𑄴 𑄃𑄬𑄢𑄚𑄧𑄖𑄳𑄠𑄭 𑄣𑄢𑄬𑄭 𑄉𑄪𑄌𑄴𑄍𑄧𑄚𑄴।",Present
"সুন্দর মেে,পুে,ঝি,বুোর মা-বাবা সবকিছু ফেলে অন্ধকারে বািেছে","𑄘𑄮𑄣𑄴 𑄟𑄮𑄇𑄴, 𑄛𑄪𑄃𑄧, 𑄏𑄨, 𑄝𑄪𑄢𑄧 𑄟𑄳𑄦-𑄝𑄛𑄴 𑄦𑄨𑄖𑄴𑄮𑄦𑄘𑄪𑄟𑄴𑄧 𑄜𑄬𑄣𑄬 𑄃𑄧𑄉𑄪𑄢𑄴 𑄃𑄚𑄴𑄙𑄢𑄴 𑄏𑄢𑄧𑄖𑄴 𑄝𑄳𑄦' 𑄝𑄚𑄴𑄚𑄮𑄚𑄴।",Present
"পার গাড়ির সারি, গরল পার শব্দ করে মিলিে উঠছে","𑄛𑄧𑄢 𑄑𑄬𑄝𑄨𑄢𑄴 𑄥𑄢𑄨, 𑄉𑄧𑄢𑄧𑄌𑄧𑄢𑄴 𑄛𑄧𑄢𑄨𑄇𑄴𑄇𑄬 𑄜𑄬𑄣𑄬 𑄎𑄘𑄧𑄢𑄴 𑄟𑄪𑄇𑄴𑄖𑄴𑄨 𑄟𑄨𑄍𑄨𑄣𑄴 𑄟𑄨𑄑𑄨𑄋𑄴𑄦𑄧𑄖𑄴 𑄥𑄧𑄢𑄨𑄖𑄴 𑄃𑄪𑄠𑄧𑄚𑄴।",Present
হাত থেকে মনে হ এইগুলো?,𑄦𑄖𑄴𑄪𑄚𑄴 𑄟𑄧𑄚𑄬 𑄇𑄧𑄠𑄴 𑄃𑄨𑄠𑄚𑄨?,Present
"কাপিা করার দিনে,নিজের বািটা সেলাই করে","𑄇𑄳𑄠𑄛𑄨𑄑𑄣𑄨𑄎𑄧𑄟𑄧𑄢𑄴 𑄡𑄪𑄉𑄧𑄖𑄴, 𑄚𑄨𑄎𑄧 𑄞𑄧𑄝𑄨𑄥𑄧𑄖𑄴𑄧 𑄥𑄬𑄌𑄴 𑄉𑄧𑄢𑄨𑄚𑄬𑄭।",Present
আমাদের গ্রামের বিালগুলো সেগুলো খুব সহজে গুো করে নিল,𑄃𑄟 𑄎𑄘𑄧𑄢𑄴 𑄝𑄨𑄢𑄴 𑄥𑄬𑄚𑄃𑄪𑄚𑄴 𑄥𑄨𑄠𑄚𑄴 𑄈𑄪𑄝𑄴 𑄥𑄧𑄦𑄧𑄎𑄬 𑄉𑄪𑄎𑄨 𑄣𑄪𑄠𑄧𑄚𑄴।,Past
".কেন তাদের চোখে একটি স্বপ্ন আসলো,হিলে নীল রঙের আলো ফুটতেছে","𑄇𑄢𑄧𑄚𑄴 𑄖𑄢𑄢𑄴 𑄌𑄮𑄉𑄧𑄖𑄴 𑄃𑄬𑄇𑄴𑄇𑄚𑄴 𑄥𑄧𑄝𑄧𑄚𑄴 𑄃𑄬𑄣𑄧 𑄎𑄘𑄧𑄢𑄴 𑄞𑄉𑄳𑄠𑄧𑄉𑄎𑄧𑄖𑄴, 𑄦𑄨𑄣𑄧𑄖𑄴 𑄚𑄪𑄃𑄧 𑄢𑄋 𑄝𑄬𑄣𑄧𑄢𑄴 𑄛𑄧𑄦𑄧𑄢𑄴 𑄜𑄪𑄘𑄬𑄝𑄢𑄴।",Present
মুখে একটা ভে থাকা মাটিটা পরিষ্কার করা,𑄟𑄪𑄦𑄧𑄖𑄴 𑄃𑄬𑄇𑄴𑄇𑄚𑄴 𑄞𑄌𑄴 𑄟𑄳𑄦-𑄞𑄫𑄟𑄨 𑄦𑄨𑄣𑄴𑄌𑄘𑄬𑄉𑄋𑄴𑄦𑄧𑄢𑄬 𑄢𑄦 𑄪 𑄛𑄢 𑄘𑄧𑄥𑄖𑄴𑄪𑄚𑄴 𑄟𑄪𑄇𑄴𑄖𑄧 𑄉𑄧𑄢𑄚।,Present
"এই তো সহোদর, এই তো পাহাে চলা","𑄃𑄬𑄭 𑄖𑄮 𑄥𑄧𑄞𑄧𑄚𑄴, 𑄃𑄬𑄭 𑄖𑄮 𑄛𑄧𑄘𑄧 𑄌𑄧𑄣।",Present
"সে, তার দল থেকে ২রা ডিসেম্বর একটি জাগা স্থির করে নিল","𑄖𑄬, 𑄥𑄬 𑄙𑄢𑄘𑄨𑄊𑄧𑄣𑄨𑄖𑄴𑄪𑄚𑄴 𑄷𑅄𑅄𑄽 𑄥𑄣𑄴 𑄸𑄢 𑄓𑄨𑄥𑄬𑄟𑄴𑄝𑄧𑄢𑄴 𑄘𑄨𑄚𑄴𑄪 𑄝𑄨𑄎𑄧𑄉𑄧𑄖𑄴 𑄛𑄘𑄖𑄴𑄓𑄋𑄧𑄢𑄴 𑄃𑄬𑄇𑄴𑄇𑄚𑄴 𑄎𑄉 𑄗𑄨𑄘𑄧𑄝𑄴𑄧𑄢𑄨 𑄉𑄧𑄢𑄨 𑄚𑄨𑄣𑄧।",Past
"সহা হেছে বীর সেনাগুলো,বিস্ম হেছে সে,বিস্ম হেছে সে,নাাচা করে দেব-দেবতাগুলো","𑄥𑄧𑄦𑄩𑄘𑄧 𑄃𑄧𑄠𑄳𑄠 𑄝𑄩𑄢𑄴 𑄥𑄬𑄚𑄃𑄪𑄚𑄴 𑄥𑄙𑄪𑄝𑄘𑄧 𑄎𑄚𑄬 𑄣𑄇𑄴, 𑄛𑄖𑄴𑄖𑄪𑄢𑄪𑄖𑄪𑄢𑄪 𑄎𑄚𑄬𑄃𑄪𑄚𑄴 𑄝𑄧𑄢𑄴𑄟𑄳𑄦, 𑄝𑄨𑄌𑄴𑄕𑄪, 𑄥𑄨𑄝𑄴, 𑄚𑄢𑄠𑄧𑄚𑄴, 𑄃𑄨𑄚𑄴𑄘𑄳𑄢𑄧𑄢𑄧 𑄥𑄧𑄟𑄪𑄖𑄴𑄧 𑄝𑄬𑄉𑄧 𑄓𑄋𑄧𑄢𑄴 𑄓𑄋𑄧𑄢𑄴 𑄘𑄬𑄝𑄧-𑄘𑄬𑄝𑄨𑄃𑄪𑄚𑄴।",Present
.দুই কোটি বাঙালীর সাথে পালিে আসা সাত জন সৈন্য খুব সহজে পাচ্ছে,𑄷𑄸 𑄇𑄮𑄑𑄨 𑄝𑄋𑄣𑄧 𑄣𑄧𑄉𑄬 𑄟𑄖𑄴𑄖𑄳𑄢𑄧𑄢𑄧 𑄥𑄖𑄴 𑄣𑄇𑄴 𑄟𑄚𑄬𑄭𑄠𑄬 𑄣𑄧𑄢𑄚 𑄃𑄚𑄪𑄘𑄧𑄢𑄴 𑄃𑄧𑄣𑄬𑄠𑄪 𑄟𑄖𑄴𑄖𑄧𑄢𑄴 𑄥𑄨𑄠𑄚𑄴 𑄣𑄢𑄴𑄟𑄳𑄦 𑄝𑄩𑄢𑄴 𑄥𑄬𑄚𑄃𑄪𑄚𑄴 𑄈𑄪𑄝𑄴 𑄥𑄧𑄦𑄧𑄎𑄬 𑄛𑄌𑄴𑄍𑄪𑄚𑄴।,Present
এগুলো সব শেষ হেছে,𑄃𑄨𑄠𑄚𑄨 𑄃𑄬𑄇𑄴𑄥𑄧𑄟𑄧𑄠𑄴 𑄝𑄬𑄇𑄴 𑄥𑄧𑄝𑄧𑄚𑄴 𑄃𑄬𑄣𑄧।,Present
এই গাছটি অনেক বে উঠে,𑄃𑄬 𑄃𑄧𑄇𑄴𑄖𑄴𑄧 𑄞𑄫𑄛𑄬𑄚𑄴 𑄦𑄎𑄢𑄨𑄇 𑄉𑄚𑄴𑄚𑄪 𑄈𑄪𑄝𑄴 𑄃𑄨𑄘𑄮𑄖𑄴 𑄃𑄪𑄘𑄬𑄢𑄴।,Present
"তার গািে সুন্দর ফুল ফুটবে,গাে গাে ফুল ফুটবে,নতুন মনের মানুষ জেগে উঠবে","𑄖' 𑄉𑄚𑄴𑄚𑄪 "" 𑄖𑄬, 𑄟𑄮𑄚𑄴 𑄟𑄪𑄢𑄧 𑄘𑄬𑄎𑄧𑄖𑄴 𑄘𑄮𑄣𑄴 𑄃𑄞 𑄝𑄬𑄭 𑄡𑄬𑄝𑄧, 𑄉𑄎𑄬 𑄉𑄎𑄬 𑄜𑄪𑄣𑄴 𑄜𑄪𑄘𑄨𑄝𑄇𑄴, 𑄛𑄬𑄉𑄬 𑄉𑄩𑄖𑄴 𑄥𑄮𑄚𑄬𑄝𑄇𑄴, 𑄚𑄪𑄃𑄧 𑄟𑄧𑄚𑄧𑄢𑄴 𑄟𑄚𑄪𑄌𑄴 𑄎𑄉𑄨 𑄃𑄪𑄘𑄨𑄝𑄇𑄴।",Future
.মনে হ পৃথিবীটা এত ব না,𑄟𑄖𑄴𑄧𑄢𑄴 𑄛𑄨𑄖𑄴𑄗𑄨𑄟𑄨 𑄔𑄧𑄇𑄴 𑄃𑄬𑄘𑄧𑄇𑄳𑄠 𑄚𑄧' 𑄃𑄧𑄠𑄴।,Present
বেগ থেকে বেশি ভ হেছে এখানে ভে ভে,𑄝𑄬𑄉𑄧𑄖𑄴𑄖𑄪𑄚𑄴 𑄝𑄬𑄌𑄴 𑄘𑄪𑄉𑄧 𑄦𑄧𑄙 𑄃𑄧𑄣𑄧 𑄃𑄨𑄘𑄪 𑄞𑄬𑄭𑄠𑄬 𑄞𑄬𑄭𑄠𑄬 𑄢𑄪𑄉𑄧𑄢𑄪𑄉𑄳𑄠।,Present
২. ডিসেম্বর এক ডাকে শাকগুলো চলে যা আর এক ডাকে কালো চামা চলে,𑄸𑄢 𑄓𑄨𑄥𑄬𑄟𑄴𑄝𑄧𑄢𑄴 𑄃𑄬𑄇𑄴 𑄘𑄉𑄨 𑄥𑄚𑄴𑄖𑄨 𑄌𑄪𑄇𑄴𑄖𑄴𑄨 𑄦𑄨𑄎𑄬𑄝𑄬 𑄘𑄬𑄊𑄧𑄚𑄴 𑄃 𑄃𑄬𑄇𑄴 𑄘𑄉𑄨 𑄇𑄣 𑄌𑄪𑄇𑄴𑄖𑄴𑄨 𑄦𑄨𑄎𑄬𑄝𑄬 𑄘𑄬𑄊𑄧𑄚𑄴।,Present
"এখান থেকে ব ব মানুষ নিে আসলাম, জোরে জোরে, জোরে, জোরে","𑄃𑄨𑄖𑄴𑄪𑄚𑄴 𑄎𑄘𑄧𑄢𑄴 𑄝𑄪𑄉𑄧𑄖𑄴 𑄎𑄧𑄚𑄧𑄟𑄴 𑄣𑄪𑄠𑄳𑄠 𑄌𑄨𑄤𑄧𑄟𑄳𑄠, 𑄓𑄧𑄢𑄴 - 𑄓𑄧𑄢𑄴, 𑄗𑄧𑄢𑄴- 𑄗𑄧𑄢𑄴।",Past
"একটি উদাহরন দিলে বুঝা যা,২০০৬ সালে ২ ডিসেম্বর মঙ্গল বাির বো দুইজনে হাত বেঁধে মাথা গুলি করে","𑄬𑄧𑄇𑄴𑄇𑄚𑄴 𑄃𑄪𑄘𑄦𑄧𑄢𑄧𑄚𑄴 𑄘𑄨𑄣𑄬 𑄝𑄪𑄏 𑄡𑄬𑄝, 𑄸𑄶𑄶𑄼 𑄥𑄣𑄧𑄖𑄴 𑄷𑄻 𑄓𑄨𑄥𑄬𑄟𑄴𑄝𑄧𑄢𑄴 𑄟𑄧𑄋𑄴𑄉𑄧𑄣𑄴 𑄝𑄢𑄴 𑄝𑄬𑄚𑄳𑄠 𑄾 𑄑 𑄷𑄻 𑄟𑄨𑄚𑄨𑄖𑄴 𑄃𑄧𑄇𑄴𑄖𑄴𑄧 𑄘𑄨𑄊𑄩𑄚𑄣 𑄡𑄪𑄝𑄧 𑄥𑄧𑄟𑄨𑄖𑄨 𑄥𑄧𑄞𑄛𑄧𑄖𑄨 𑄢𑄨𑄁𑄇𑄪 𑄟𑄧𑄕𑄨𑄢𑄬 𑄝𑄋𑄬 𑄛𑄨𑄌𑄴𑄎𑄬 𑄘𑄨' 𑄦𑄘𑄧 𑄝𑄚𑄨 𑄌𑄬𑄠𑄢𑄧𑄖𑄴 𑄝𑄧𑄎𑄬𑄭 𑄟𑄙𑄖𑄴 𑄉𑄪𑄣𑄨 𑄉𑄧𑄌𑄴𑄎𑄮𑄚𑄴।",Present
অনেক লুকোচুরি খেলা সে তাকে গ্রাহ্য করে না,𑄦𑄧𑄘𑄧𑄇𑄴 𑄖𑄪𑄘𑄩 𑄉𑄪𑄢𑄨 𑄛𑄧𑄢𑄚𑄴 𑄞𑄨𑄇𑄴𑄇𑄬 𑄥𑄬𑄠𑄳𑄠 𑄖𑄪𑄃𑄧 𑄖𑄢𑄬 𑄦𑄬𑄟 𑄚𑄧' 𑄉𑄧𑄢𑄧𑄚𑄴।,Present
"৮১১৮. রাত হলে যতগুলো চামা নিে আসা যা,সবগুলো রিংকুনি আসতেছে সেই চামার জন্য","𑄸𑄾 𑄚𑄧𑄁 𑄢𑄬𑄁𑄇𑄡𑄳𑄠 𑄟𑄪𑄃𑄪𑄡𑄧𑄖𑄴 𑄡𑄧𑄇𑄳𑄠 𑄥𑄬𑄑𑄬𑄣𑄢𑄴 𑄝𑄋𑄣𑄪𑄚𑄴 𑄷𑄻𑄶 𑄃𑄬𑄇𑄧𑄢𑄴 𑄌𑄋𑄴𑄟𑄃𑄪𑄚𑄧𑄢𑄴 𑄎𑄉𑄖𑄴 𑄌 𑄝𑄉𑄚𑄴 𑄛𑄳𑄢𑄧𑄇𑄧𑄣𑄴𑄛𑄧 𑄦𑄘𑄧𑄖𑄴 𑄣𑄪𑄠𑄧𑄚𑄴, 𑄥𑄧𑄇𑄳𑄠𑄧 𑄢𑄨𑄁𑄇𑄪𑄟𑄪𑄚𑄨 𑄃𑄬𑄎𑄣𑄬 𑄥𑄨𑄘𑄪𑄇𑄧 𑄌𑄋𑄴𑄟𑄃𑄪𑄚𑄬 𑄛𑄳𑄢𑄧𑄖𑄨𑄝𑄘𑄧 𑄉𑄧𑄌𑄴𑄍𑄪𑄚𑄴।",Present
হ এটা তার দোষ,𑄦𑄧𑄠𑄧𑄘𑄧 𑄃𑄨𑄠𑄚𑄴 𑄖' 𑄘𑄪𑄌𑄴।,Present
.এটা কি তার দোষ নাকি?,𑄃 𑄃𑄨𑄠𑄚𑄴 𑄡𑄪𑄚𑄨 𑄖' 𑄘𑄪𑄌𑄴 𑄃𑄧𑄠𑄴 𑄥𑄬𑄖𑄪𑄪 - 𑄢𑄨𑄖𑄪 𑄖𑄢𑄢𑄴 𑄦𑄨 𑄘𑄪𑄌𑄴?,Present
".মানুষটা বাপের আদর,ভ পাওা প্রত্যেকদিন পাওা যা না","𑄎𑄧𑄚𑄧𑄟𑄧𑄖𑄳𑄠𑄭 𑄝𑄛𑄧𑄢𑄴 𑄃𑄘𑄧𑄢𑄴,𑄦𑄮𑄌𑄴𑄛𑄚 𑄃𑄧𑄚𑄧𑄘𑄨𑄚𑄴 𑄚𑄧' 𑄛𑄬𑄝𑄇𑄴।",Present
বাপ-চাচাকে দিতে পারবো না,𑄝𑄛𑄧𑄢𑄴 𑄌𑄨𑄚𑄴𑄛𑄪𑄌𑄴𑄍𑄬 𑄘𑄨' 𑄚𑄧 - 𑄛𑄢𑄨𑄝𑄇𑄴।,Future
".এটা চংরা ছিে,মার ইউনিে সবচেে বেশি ঘটনা ঘটে না","𑄃𑄨𑄠𑄚𑄴 𑄌𑄧𑄁𑄢 𑄍𑄧𑄢𑄨, 𑄟𑄬𑄢𑄪𑄁 𑄃𑄨𑄃𑄪𑄚𑄨𑄠𑄧𑄧𑄖𑄴 𑄛𑄧𑄖𑄴𑄧𑄟𑄧 𑄊𑄧𑄑𑄧𑄚 𑄃𑄧𑄣𑄬𑄠𑄪 𑄦𑄨𑄣𑄴 𑄌𑄘𑄬𑄉𑄋𑄧𑄢𑄴 𑄚𑄪𑄃𑄧 𑄦𑄧𑄚𑄧 𑄊𑄧𑄑𑄧𑄚 𑄚𑄧𑄠𑄴।",Present
.পাহাের চুকি পা ১. পাহাের নিচ থেকে দৌাদৌি করে আসতেছে,𑄛𑄢𑄴𑄝𑄧𑄖𑄳𑄠𑄧 𑄌𑄪𑄇𑄴𑄖𑄴𑄨 𑄛𑄧𑄢 𑄴𑄷𑅄𑅄𑄾 𑄥𑄣𑄧𑄖𑄴𑄪𑄚𑄴 𑄙𑄪𑄢𑄨 𑄚𑄪𑄃𑄧 𑄉𑄪𑄢𑄨 𑄌𑄧𑄣𑄨 𑄃𑄬𑄎𑄬𑄢𑄴।,Present
.তার পরে ১৪ ফেব্রি ২০০৭ সালে চংরা চরিে আসার সম পাহাের পাশে দৌাদৌি করতে করতে মাথা ঘুরে গেল,𑄖' 𑄛𑄧𑄢𑄬 𑄷𑄺 𑄜𑄬𑄝𑄳𑄢𑄧𑄠𑄢𑄨 𑄸𑄶𑄶𑄽 𑄥𑄣𑄧𑄖𑄴 𑄌𑄧𑄋𑄴𑄢 𑄌𑄧𑄢𑄨 𑄃𑄡𑄳𑄠𑄟 𑄍𑄧𑄢 𑄞𑄨𑄘𑄨𑄬𑄮 𑄟𑄪𑄣𑄧 𑄝𑄛𑄴 𑄚𑄋𑄬 𑄘𑄪𑄉𑄧𑄢𑄴 𑄉𑄨𑄢𑄨𑄖𑄴𑄖𑄨 𑄝𑄧𑄣 𑄟𑄚𑄬𑄭 𑄟𑄪𑄢𑄨 𑄉𑄬𑄣𑄧 𑄢𑄴 𑄉𑄪𑄣𑄨𑄖𑄴।,Past
চারু বিালের চামা দিে মানুষ আহত হ,𑄌𑄢𑄪 𑄝𑄨𑄇𑄌𑄴 𑄌𑄋𑄴𑄟 𑄃 𑄘𑄪𑄣𑄣𑄴 𑄌𑄋𑄴𑄟 𑄚𑄋𑄬 𑄘𑄨' 𑄎𑄧𑄚𑄴 𑄃𑄦𑄧𑄖𑄧 𑄃𑄪𑄠𑄧𑄚𑄴।,Present
চারু মনে লাগলে পুংটা ওই সাত সাগরের মধ্যে ডুবে থাকে,𑄌𑄢𑄪 𑄛𑄧𑄢𑄚𑄬 𑄝𑄎𑄨𑄣𑄬𑄠𑄪 𑄛𑄪𑄋𑄴𑄉𑄪 𑄃𑄰 𑄥𑄖𑄴 𑄥𑄉𑄧𑄢𑄴 𑄖𑄬𑄢𑄴 𑄘𑄬𑄝𑄖𑄴 𑄓𑄪𑄝𑄧𑄁 𑄓𑄪𑄝𑄧𑄁 𑄉𑄧𑄢𑄨 𑄃𑄊𑄬।,Present
.আবোল তাবোল কথা বলতে বলতে দিন কেটে যাচ্ছে,𑄃 𑄟𑄪𑄣𑄧𑄝𑄛𑄧𑄢𑄴 𑄖𑄨𑄚𑄴𑄪 𑄛𑄪𑄃𑄧 - 𑄏𑄨 𑄥𑄬 𑄥𑄬𑄖𑄪/𑄢𑄨𑄖𑄪 𑄥𑄚𑄴 𑄃𑄰 𑄃𑄇𑄪𑄣𑄴 𑄥𑄉𑄧𑄢𑄧𑄖𑄴 𑄘𑄨𑄚𑄴 𑄇𑄣𑄴 𑄖𑄮𑄢𑄘𑄧𑄚𑄴।,Present
.এটা এখনকার দিনে পতেছে।,𑄃𑄨𑄠𑄚𑄴 𑄃𑄨𑄢𑄪𑄇𑄴 𑄡𑄪𑄉𑄧𑄖𑄴 𑄛𑄢𑄴𑄝𑄧𑄖𑄳𑄠𑄧 𑄌𑄧𑄖𑄴𑄑𑄧𑄉𑄳𑄢𑄟𑄧𑄢𑄴 𑄛𑄧𑄢𑄨𑄌𑄴𑄖𑄨𑄖𑄨।,Present
"গোদা হিলসে অনেক মা - বোন ব ব হেছে তার, জাগা ব বই পেছে ব ব লেখা পেছে ব ব লেখা পাচ্ছে","𑄉𑄮𑄘 𑄦𑄨𑄣𑄴𑄌𑄘𑄬𑄉𑄋𑄧𑄦𑄧𑄖𑄴 𑄦𑄧𑄘𑄧𑄇𑄴 𑄟𑄳𑄦 - 𑄝𑄮𑄚𑄬 𑄢𑄚𑄨 𑄦𑄧𑄘𑄧𑄚𑄴 𑄟𑄳𑄦 𑄦𑄢𑄢𑄴 𑄖' 𑄃𑄤𑄧𑄎𑄮𑄢𑄴 𑄛𑄪𑄃𑄧, 𑄎𑄖𑄴𑄖𑄪 𑄦𑄢𑄢𑄴 𑄘𑄮𑄣𑄴 𑄘𑄮𑄣𑄴 𑄣𑄬𑄊 𑄛𑄌𑄴𑄍𑄬 𑄎𑄘𑄧𑄢𑄴 𑄚𑄧𑄇𑄴𑄇𑄧𑄖𑄧𑄢𑄧 𑄪 𑄡𑄪𑄘𑄴𑄧 𑄛𑄌𑄴𑄌𑄬 𑄝𑄪𑄉𑄧𑄢𑄴 𑄛𑄘 𑄝𑄚𑄳𑄠 𑄛𑄪𑄃𑄧/𑄍।",Present
চুক্তির সম একজনের কাছ থেকে অন্যজন সহজে পে না,𑄌𑄪𑄇𑄴𑄖𑄨 𑄛𑄧𑄇𑄴𑄇𑄧 𑄃 𑄝𑄨𑄛𑄧𑄇𑄴𑄇𑄧 𑄦𑄘𑄧𑄖𑄴𑄖𑄪𑄚𑄴 𑄃𑄧𑄚𑄧 𑄎𑄧𑄚𑄬 𑄢𑄧𑄇𑄴𑄇𑄬 𑄚𑄧' 𑄛𑄘𑄧𑄚𑄴।,Present
নানা ধরনের তরকারি হেছে,𑄚𑄚𑄋𑄴 𑄝𑄝𑄧𑄖𑄳𑄠 𑄖𑄧𑄌𑄳𑄠 𑄛𑄬𑄢𑄥𑄚𑄨 𑄃 𑄦𑄧𑄠𑄴𑄢𑄚𑄨 𑄦𑄧𑄘𑄧𑄚𑄴।,Present
.সে এই চুক্তিটা বেেছে নিচ পর্যন্ত,𑄥𑄨𑄖𑄴𑄖𑄳𑄠𑄭 𑄃𑄬𑄭 𑄌𑄪𑄇𑄴𑄖𑄨𑄝𑄪𑄢𑄬 𑄃𑄧𑄥𑄚𑄴𑄖𑄨 𑄌𑄪𑄇𑄴𑄖𑄨 𑄝𑄨𑄣𑄨𑄚𑄴 𑄖𑄧𑄣𑄴 𑄝𑄨𑄌𑄴 𑄉𑄧𑄢𑄧𑄚𑄴 𑄃𑄧𑄚𑄧𑄎𑄧𑄚𑄬।,Present
. তবে চুক্তির বাকি অংশটা না থাকা ভালো,𑄖𑄧𑄝𑄬 𑄌𑄪𑄇𑄴𑄖𑄨 𑄝𑄌𑄴𑄖𑄧𑄝𑄠𑄧𑄚𑄴 𑄃𑄧𑄚 𑄃𑄪𑄌𑄨𑄖𑄴 𑄦𑄟𑄇𑄴𑄇𑄭।,Present
তুমি জাতী স্বপ্নে দেখা এক দিন জঙ্গলের মধ্যে কালো মেঘ নিে হেঁটে যাবে,𑄖𑄪𑄃𑄧 𑄎𑄖𑄴𑄖𑄪 𑄥𑄧𑄝𑄧𑄚𑄬 𑄘𑄬𑄊𑄬 𑄃𑄬𑄇𑄴 𑄘𑄨𑄚𑄴 𑄎𑄘𑄧𑄢𑄴 𑄞𑄉𑄳𑄠𑄧𑄉𑄎𑄧𑄖𑄴 𑄇𑄣 𑄟𑄬𑄊𑄧 𑄍𑄨𑄢𑄨 𑄢𑄋 𑄝𑄬𑄣𑄴 𑄃𑄪𑄘𑄨𑄝𑄪 𑄣𑄧𑄇𑄴𑄇𑄧 𑄇𑄮𑄑𑄨 𑄖𑄢 𑄛𑄳𑄢𑄚𑄴 𑄈𑄪𑄣𑄨 𑄦𑄎𑄨𑄝𑄇𑄴।,Future
.আকাশে উজ্জ্বল লাল বেল পতেছে,𑄃𑄉𑄎𑄧𑄖𑄴 𑄛𑄮𑄖𑄴𑄛𑄮𑄖𑄳𑄠 𑄢𑄋 𑄝𑄬𑄣𑄧 𑄛𑄧𑄦𑄛𑄢𑄴 𑄜𑄪𑄘𑄨𑄝।,Present
রাম -লম্বা চেহারা করে লাফানো স্থির হে আছে,𑄢𑄟𑄴 - 𑄣𑄇𑄴𑄇𑄧𑄚𑄴 𑄌𑄚𑄴 𑄞𑄬𑄭𑄠𑄬 𑄞𑄬𑄭𑄠𑄬 𑄮𑄌𑄴𑄛𑄚 𑄗𑄨𑄘𑄧𑄝𑄴𑄧𑄢𑄨 𑄃𑄧𑄝𑄧।,Present
পাথুরে পাে জমা থাকা পানি ওই যাবে,𑄦𑄨𑄢𑄴𑄌𑄘𑄬𑄉𑄋𑄧𑄢𑄴 𑄟𑄮𑄚𑄧 𑄛' 𑄎𑄧𑄟 𑄃𑄧𑄠𑄳𑄠 𑄘𑄪𑄉𑄧𑄇𑄚𑄨 𑄛𑄚𑄨 𑄃𑄰 𑄡𑄬𑄝𑄧।,Future
আমি আসার সম স্বপ্ন দেখি জঙ্গলটা একদিনও থাকবে না,𑄟𑄪𑄭𑄠𑄳𑄠𑄪 𑄃𑄎𑄝𑄘𑄨 𑄃 𑄥𑄧𑄝𑄧𑄚𑄬 𑄘𑄬𑄊𑄧𑄋𑄴 𑄉𑄪𑄢𑄴𑄉𑄌𑄳𑄠 𑄃𑄚𑄴𑄘𑄢𑄴 𑄃𑄬𑄇𑄴𑄘𑄨𑄚𑄴 𑄚𑄧' 𑄗𑄬𑄝𑄧।,Future
.আকাশের দুধগুলো ঝগাতে ঝগা করতেছে।,"𑄃𑄎𑄢𑄴 𑄘𑄪𑄉𑄧𑄖𑄴𑄪𑄚𑄴 𑄏𑄇𑄬 𑄏𑄇𑄬 𑄥𑄨𑄇𑄴𑄈𑄨𑄖𑄧 𑄦𑄧𑄘𑄧𑄚𑄴 𑄃𑄟 𑄎𑄘𑄧𑄢𑄴 𑄛𑄪𑄃𑄧/𑄏𑄨𑄃𑄪𑄚𑄴, 𑄃𑄊𑄧𑄖𑄴𑄪𑄚𑄴 𑄝𑄬𑄌𑄴 𑄌𑄬𑄘𑄧𑄚𑄴 𑄃𑄬𑄭 𑄡𑄨𑄠𑄬 𑄝𑄪𑄏𑄨 𑄛𑄖𑄴𑄧𑄚𑄴, 𑄎𑄧𑄙 𑄦𑄧𑄘𑄧𑄚𑄴।",Present
এই কাজটা শেষ হ না,𑄃 𑄥𑄨𑄇𑄴𑄈𑄨𑄖𑄧 𑄃𑄧𑄣𑄬 𑄚𑄧' 𑄃𑄧𑄝𑄧।,Present
.সে সেটা ছিঁা দিে বুো পাহাের বুোটা পাহাে যাচ্ছে,𑄥𑄬 𑄥𑄨𑄇𑄴𑄈𑄚𑄧𑄢𑄬 𑄍𑄨𑄘𑄨 𑄘𑄨' 𑄛𑄪𑄢𑄨𑄝𑄪 𑄛𑄦𑄢𑄴 𑄝𑄪𑄉𑄧𑄖𑄴 𑄦𑄨𑄣𑄴𑄌𑄘𑄬𑄉𑄋𑄧𑄦𑄧 𑄟𑄚𑄬𑄭𑄃𑄪𑄚𑄧𑄢𑄴 𑄃𑄨𑄘𑄪।,Present
"অনেক সমে আছে যাওার সম দুঃখ দে, পরশ্রীকাতর করে দে","𑄃𑄧𑄚𑄬𑄇𑄴 𑄥𑄨𑄇𑄴𑄇𑄬 𑄃𑄊𑄬 𑄎𑄖𑄴𑄖𑄪𑄢𑄬 𑄘𑄪𑄉𑄧 𑄘𑄬𑄠𑄴, 𑄛𑄧𑄢𑄴 𑄉𑄪𑄢𑄨 𑄘𑄬𑄠𑄴।",Present
সমাজ থেকে দূরে যাওা,𑄥𑄧𑄟𑄎𑄧𑄖𑄴𑄪𑄚𑄴 𑄜𑄢𑄧𑄇𑄴 𑄃𑄰 𑄡𑄚𑄴।,Present
সে এখানে আর মূল নেই,𑄥𑄬 𑄥𑄨𑄇𑄴𑄈𑄬 𑄃𑄧𑄚𑄧 𑄟𑄫𑄣𑄳𑄠𑄧 𑄚𑄬𑄭।,Present
".নিলুঝি,নিমুলি,অতিরিক্ত টাকা নিে নতুন মানুষ জন্ম নিবে -মুরের সামনে","𑄚𑄨𑄃𑄣𑄴𑄏𑄨, 𑄚𑄨𑄟𑄪𑄣𑄨, 𑄃𑄧𑄖𑄣𑄨𑄠𑄬 𑄦𑄮𑄌𑄴𑄛𑄚 𑄚𑄨𑄚𑄬𑄭 𑄚𑄪𑄃𑄧 𑄟𑄧𑄚𑄧𑄢𑄴 𑄚𑄪𑄃𑄧 𑄟𑄚𑄪𑄌𑄴 𑄎𑄧𑄚𑄧𑄟𑄴 𑄣𑄧𑄘𑄮𑄇𑄴 𑄟𑄮𑄚𑄴 - 𑄟𑄪𑄢𑄧 𑄘𑄬𑄎𑄧𑄖𑄴 𑄦𑄨𑄣𑄴𑄌𑄘𑄬𑄉𑄋𑄧𑄦𑄧𑄖𑄴।",Future
"পাহাে আসা যা, অবিচার সহ্য করতে হবে","𑄟𑄪𑄎𑄪𑄋𑄬 𑄃𑄇𑄴𑄇𑄮𑄭 𑄡𑄬𑄝𑄇𑄴 𑄝𑄬𑄉𑄧 𑄃𑄧𑄚𑄴𑄚𑄭, 𑄃𑄧𑄝𑄨𑄌𑄢𑄴 𑄛𑄬𑄢𑄥𑄚𑄨 𑄛𑄳𑄢𑄧𑄖𑄨𑄝𑄘𑄧 𑄎𑄚𑄬𑄝𑄖𑄴𑄬।",Future
হিল ঢালুতে দুঃখ হ না,𑄦𑄨𑄣𑄴 𑄌𑄘𑄬𑄉𑄋𑄴𑄦𑄧𑄖𑄴 𑄘𑄪𑄉𑄧 𑄦𑄧𑄌𑄴𑄒𑄧 𑄚𑄧' 𑄗𑄬𑄝𑄧।,Present
অন হওার সম স্থির হ না,𑄃𑄧𑄚𑄧 𑄦𑄧𑄌𑄴𑄒𑄧 𑄘𑄪𑄉𑄧 𑄗𑄨𑄘𑄧𑄝𑄴𑄧𑄢𑄨 𑄚𑄧𑄠𑄴।,Present
"পাহাে পাহাে বো আছে, অনেক দিন হিল জুতা পরে আছে,পেকে গান শুনতেছি","𑄟𑄪𑄎𑄪𑄋𑄬 𑄛𑄮𑄖𑄴𑄛𑄮𑄖𑄳𑄠𑄧 𑄝𑄬𑄚𑄳𑄠 𑄝𑄬𑄣𑄴𑄝𑄌𑄴𑄡𑄬 𑄃𑄊𑄬, 𑄛𑄧𑄖𑄴𑄖𑄨𑄇𑄴 𑄘𑄨𑄚𑄴 𑄦𑄨𑄣𑄴 𑄌𑄘𑄬𑄉𑄋𑄴 𑄝𑄪𑄉𑄧𑄖𑄴 𑄛𑄧𑄦𑄧𑄢𑄴 𑄃𑄧𑄠𑄴, 𑄛𑄬𑄭𑄇𑄬 𑄉𑄩𑄖𑄴 𑄥𑄪𑄚𑄚𑄴।",Present
"আমি আমার জন ভূমিধসে দেখতেছি,আমাদের জীবনটা এত চূা করে দিতে পারিনা","𑄟𑄪𑄭𑄠𑄳𑄠𑄧 𑄃𑄟𑄧𑄚𑄧𑄢𑄴 𑄎𑄧𑄚𑄧𑄟𑄴 𑄞𑄫𑄟𑄨 𑄦𑄨𑄣𑄴 𑄌𑄘𑄬𑄉𑄋𑄧𑄦𑄧𑄢𑄴 𑄦𑄨𑄖𑄴𑄖𑄬 𑄌𑄬𑄭 𑄥𑄧𑄝𑄧𑄚𑄴 𑄘𑄬𑄊𑄧𑄋, 𑄃𑄟 𑄎𑄩𑄁𑄦𑄚𑄨 𑄃 𑄥𑄧𑄁 𑄌𑄴𑄇𑄨𑄢𑄨𑄢𑄬 𑄃𑄟𑄨 𑄥𑄬𑄌𑄴 𑄉𑄧𑄢𑄨 𑄘𑄨' 𑄚𑄧 𑄛𑄢𑄨।",Present
হিল চামা দিে আমার স্বপ্ন দেখে সেই স্বপ্ন গুলো ভুলে যাবো,𑄦𑄨𑄣𑄴 𑄌𑄘𑄬𑄉𑄋𑄴 𑄃𑄟𑄬𑄮 𑄥𑄧𑄝𑄧𑄚𑄴 𑄘𑄬𑄊𑄠𑄴 𑄥𑄬 𑄥𑄧𑄝𑄧𑄚𑄧𑄢𑄴 𑄝𑄩𑄌𑄴 𑄝𑄨𑄎𑄨𑄘𑄨 𑄌𑄢𑄬𑄭 𑄟𑄪𑄎𑄪𑄋𑄬 𑄃𑄇𑄴𑄇𑄮𑄭 𑄡𑄬𑄭 𑄡𑄬𑄝𑄧𑄋।,Future
.কিছু তসা করতে হবে,𑄦𑄧𑄘𑄧𑄇𑄴 𑄖𑄧𑄌𑄳𑄠 𑄉𑄧𑄟𑄨 𑄡𑄬𑄝𑄧,Future
"হামাগুি দিে যাওা, আজকের দিনে চাকমারা তিন ভাগে ভাগ হ","𑄦𑄟𑄇𑄴𑄇𑄭 𑄦𑄮𑄭 𑄡𑄠𑄴, 𑄃𑄨𑄢𑄪𑄇𑄴 𑄘𑄨𑄚𑄧𑄢𑄴 𑄌𑄋𑄴𑄟 𑄎𑄖𑄴𑄖𑄮 𑄖𑄨𑄚𑄴 𑄞𑄉𑄬 𑄜𑄢𑄧𑄇𑄴।",Present
.পুরাতন আমল থেকে বের হে আসা বিভিন্ন ধরনের পাহাের মধ্য দিে এক রাস্তা এসে স্থির হে আছে,𑄛𑄪𑄢𑄧𑄚𑄨 𑄃𑄟𑄧𑄣𑄧𑄖𑄴𑄪𑄚𑄴 𑄙𑄪𑄢𑄨 𑄚𑄚𑄋𑄴 𑄢𑄎𑄧𑄚𑄰𑄖𑄨𑄇𑄴 𑄃𑄪𑄘𑄧𑄚𑄴𑄘𑄨 𑄛𑄧𑄢𑄧𑄚𑄴𑄘𑄨 𑄙𑄢𑄘𑄨𑄊𑄧𑄣𑄨 𑄛𑄧𑄢𑄨𑄝𑄧𑄢𑄴𑄖𑄧𑄚𑄧 𑄛𑄧𑄘𑄧 𑄙𑄪𑄢𑄨 𑄟𑄪𑄎𑄪𑄋𑄬 𑄃𑄪𑄎𑄘𑄬 𑄃𑄪𑄎𑄘𑄬 𑄃𑄬𑄇𑄴 𑄃𑄧𑄇𑄴𑄖𑄧𑄖𑄴 𑄌𑄘𑄬𑄉𑄋𑄴𑄦𑄧𑄖𑄴 𑄃𑄬𑄚𑄭 𑄗𑄨𑄘𑄧𑄝𑄴𑄧𑄢𑄨 𑄃𑄪𑄠𑄧𑄚𑄴।,Present
মনে হ এই সমস্যা বেশি সম লাগে না,𑄟𑄖𑄴𑄧𑄢𑄴 𑄃𑄬 𑄗𑄨𑄘𑄧𑄝𑄴𑄧𑄢𑄨 𑄥𑄬𑄌𑄴 𑄃𑄧𑄘𑄬 𑄝𑄬𑄌𑄴 𑄥𑄧𑄟𑄧𑄠𑄴 𑄚𑄧' 𑄣𑄉𑄬।,Present
তাদের একটি গোষ্ঠী এক সমে অনেক কারণে মূল ভূমি থেকে দূরে যা,𑄖𑄢𑄢𑄴 𑄃𑄬𑄇𑄴𑄇𑄪 𑄃𑄧𑄁𑄥𑄧 𑄃𑄬𑄇𑄴 𑄥𑄧𑄟𑄧𑄠𑄴 𑄚𑄚𑄋𑄴 𑄇𑄢𑄧𑄕𑄬 𑄟𑄫𑄣𑄴 𑄞𑄫 - 𑄈𑄧𑄚𑄴𑄘𑄧𑄖𑄴𑄪𑄚𑄴 𑄃𑄧𑄚𑄳𑄠𑄧 𑄦𑄨𑄖𑄳𑄠𑄭 𑄙𑄬𑄭 𑄡𑄬𑄭 𑄛𑄨𑄠𑄧𑄚𑄴।,Present
বিালের সমে অনেক চামা গিে পে যা,𑄝𑄨𑄢𑄨𑄑𑄨𑄌𑄴 𑄥𑄥𑄧𑄚𑄟𑄧𑄣𑄧𑄖𑄴 𑄝𑄨𑄋𑄴𑄥𑄧𑄖𑄝𑄴𑄘𑄨 𑄥𑄦𑄘𑄧𑄖𑄴 𑄝𑄪𑄦𑄪𑄖𑄴 𑄌𑄋𑄴𑄟 𑄉𑄨𑄢𑄨 𑄃𑄙𑄬 𑄃𑄎𑄬 𑄢𑄬𑄡𑄳𑄠𑄖𑄴 𑄙𑄬𑄭 𑄡𑄨𑄃𑄪𑄚𑄴।,Present
তার পেছনে আছে রাজনৈতিক কারণ,𑄖'𑄛𑄬𑄍𑄧𑄚𑄬 𑄃𑄬𑄣𑄧 𑄢𑄌𑄴𑄚𑄰𑄖𑄨𑄇𑄴 𑄇𑄢𑄧𑄚𑄴।,Present
ভারত- পাকিস্তান ভাগ না করে হিলচামা করে এসেছে চামাগুলো,𑄞𑄢𑄧𑄖𑄴 - 𑄛𑄇𑄨𑄌𑄴𑄖𑄚𑄴 𑄞𑄉𑄧 𑄚𑄧' 𑄃𑄧𑄝𑄢𑄴 𑄃𑄊𑄬𑄘𑄨 𑄦𑄨𑄣𑄴 𑄌𑄘𑄬𑄉𑄋𑄴 𑄃𑄬𑄣𑄧 𑄌𑄋𑄟𑄃𑄪𑄚𑄧𑄢𑄴 𑄌𑄉𑄣।,Present
মোট লোক ৪. মোট জন,𑄟𑄮𑄑𑄧 𑄎𑄧𑄚𑄧𑄥𑄧𑄁𑄈𑄳𑄠 𑅄𑄻 𑄃𑄬𑄣𑄇𑄴 𑄌𑄋𑄴𑄟।,Present
এই চাকমারা রাত হলে পাকিস্তান থেকে বের হে যা,𑄃𑄬𑄭 𑄌𑄋𑄴𑄟𑄃𑄪𑄚𑄧𑄢𑄴 𑄢𑄬𑄡𑄳𑄠𑄧𑄠𑄚𑄴 𑄷𑅄𑄺𑄾 𑄥𑄣𑄧𑄖𑄴 𑄛𑄇𑄨𑄌𑄴𑄖𑄚𑄧𑄢𑄴 𑄞𑄉𑄬 𑄛𑄧𑄣𑄴𑄬 𑄝𑄧𑄦𑄪𑄖𑄴 𑄌𑄋𑄴𑄟 𑄥𑄧𑄢𑄴𑄇𑄢𑄨 𑄇𑄧𑄢𑄴𑄟𑄧𑄌𑄢𑄨 𑄞𑄢𑄧𑄘𑄧𑄖𑄴 𑄙𑄬𑄭 𑄡𑄨𑄠𑄧𑄚𑄴।,Present
এই পথ দিে যাওার সম তারা অনেক ব পাহাের পাশ দিে যা এবং চামাগুলো নষ্ট হে যা,𑄌𑄋𑄟 𑄛𑄧𑄖𑄴𑄖𑄧𑄟𑄧 𑄉𑄳𑄢𑄎𑄪𑄠𑄬𑄖𑄴 𑄡𑄟𑄨𑄚𑄨 𑄇𑄪𑄟𑄢𑄴 𑄘𑄬𑄝𑄚𑄴 𑄃𑄬𑄟𑄴.𑄝𑄨.𑄝𑄨.𑄃𑄬𑄌𑄴 𑄚𑄨𑄢𑄴𑄟𑄧𑄣𑄴 𑄌𑄧𑄚𑄴𑄘𑄧𑄢𑄧 𑄘𑄬𑄝𑄚𑄴 𑄃 𑄛𑄧𑄖𑄴𑄧𑄟𑄧 𑄚𑄨𑄙𑄪𑄇𑄴𑄖𑄪𑄇𑄴 𑄃𑄭.𑄥𑄨.𑄃𑄬𑄌𑄴 𑄃𑄧𑄜𑄨𑄥𑄢𑄴 𑄟𑄪𑄇𑄪𑄣𑄴 𑄇𑄚𑄴𑄖𑄨 𑄈𑄩𑄥 𑄃𑄬𑄭 𑄓𑄋𑄧𑄢𑄴 𑄓𑄋𑄧𑄢𑄴 𑄥𑄧𑄇𑄴𑄈𑄨𑄖𑄧 𑄟𑄚𑄬𑄭𑄃𑄪𑄚𑄴 𑄘𑄬𑄌𑄴 𑄍𑄢𑄨 𑄡𑄚𑄢𑄴 𑄌𑄋𑄴𑄟𑄃𑄪𑄚𑄧𑄢𑄴 𑄝𑄨𑄢𑄬𑄑𑄧 𑄃𑄧𑄛𑄫𑄢𑄧𑄚𑄨𑄠𑄴 𑄦𑄧𑄖𑄨 𑄃𑄧𑄠𑄳𑄠।,Present
তাদের পাহাের হাঁিগুলো ধীরে ধীরে ঘুরতেছে,𑄖𑄢𑄢𑄴 𑄦𑄨𑄖𑄴𑄮𑄦𑄘𑄪𑄟𑄧𑄃𑄪𑄚𑄧 𑄣𑄢𑄬 𑄣𑄢𑄬 𑄑𑄨𑄝𑄨𑄢𑄬 𑄢𑄬𑄡𑄳𑄠𑄖𑄴 𑄗𑄨𑄘𑄧𑄝𑄴𑄧𑄢𑄨𑄃𑄪𑄠𑄧𑄚𑄴।,Present
". যারা স্বর্গে এসেছে তাদের অনেক ক্ষুধা,পোরা,হওাগুলো হেছে এই আধামরা","𑄃 𑄡𑄢 𑄥𑄧𑄘𑄬𑄎𑄧𑄖𑄴 𑄃𑄬𑄣𑄇𑄴 𑄖𑄢 𑄚𑄚𑄋𑄴 𑄖𑄧𑄌𑄳𑄠, 𑄛𑄬𑄢𑄥𑄚𑄨, 𑄦𑄧𑄠𑄴𑄢𑄚𑄨 𑄃𑄪𑄠𑄧𑄚𑄨 𑄃𑄰 𑄃𑄙𑄟𑄧𑄢।",Present
".বিজাতী দেখতে যাওা যা:""১.বিজাতী দেখতে হ না","𑄝𑄨𑄎𑄧𑄉𑄧𑄖𑄴 𑄘𑄬𑄊 𑄡𑄭 ""𑄷𑅄𑄻𑄷 𑄥𑄣𑄧𑄖𑄴 𑄎𑄬𑄣 𑄥𑄬𑄚𑄥𑄢𑄴𑄥𑄧 𑄢𑄨𑄛𑄮𑄑𑄧𑄖𑄴 𑄦𑄰𑄮𑄠𑄬 𑄃𑄬𑄭 𑄎𑄬𑄣𑄖𑄴 𑄃𑄧𑄢𑄴𑄗𑄧𑄚𑄰𑄖𑄨𑄇𑄴 𑄃𑄧𑄝𑄧𑄥𑄧𑄖 𑄦𑄪𑄎𑄨 𑄦𑄧𑄝𑄢𑄴 𑄚𑄧𑄠𑄴।",Present
.পরের হাতে সব কার্বার,𑄝𑄧𑄦𑄨𑄢𑄉𑄧𑄖𑄧 𑄃𑄪𑄚𑄧𑄢𑄴 𑄦𑄘𑄧𑄖𑄴 𑄝𑄬𑄇𑄴 𑄇𑄢𑄴𑄝𑄢𑄴( )।,Present
এই জেলায় ৬৬-ান বাজার আছে এবং এই গ্রামে কেকজন আদিবাসী দোকানদার আছে,𑄃𑄬𑄭 𑄎𑄬𑄣𑄖𑄴 𑄼𑄼-𑄠𑄚𑄴 𑄝𑄎𑄢𑄴 𑄃𑄊𑄬 𑄃𑄬𑄭 𑄟𑄧𑄘𑄧𑄙𑄳𑄠𑄧 𑄈𑄪𑄃𑄪𑄝𑄴 𑄇𑄠𑄬𑄇𑄴𑄎𑄧𑄚𑄴 𑄃𑄘𑄨𑄝𑄥𑄩 𑄘𑄮𑄇𑄚𑄧𑄢𑄴 𑄚𑄚𑄪।,Present
ফেরিওালারা সব চিটাগা থেকে এসেছে,"𑄜𑄬𑄢𑄨𑄤𑄧𑄠𑄣𑄨𑄃𑄪𑄚𑄧 𑄝𑄬𑄇𑄴 𑄌𑄨𑄘𑄉𑄋𑄧𑄖𑄴𑄪𑄚𑄴 𑄃𑄨𑄌𑄳𑄠 𑄝𑄋𑄣𑄴""।",Present
". হিল বাজারগুলো ধীরে ধীরে উঠতেছে,আদিবাসিরা এসে তাদের মালাগুলো সহজে পরিধান করতে পারে না","𑄦𑄨𑄣𑄧𑄢𑄴 𑄝𑄎𑄢𑄚𑄨 𑄣𑄢𑄬 𑄣𑄢𑄬 𑄝𑄋𑄣𑄨 𑄇𑄢𑄴𑄝𑄢𑄴𑄃𑄪𑄚𑄬 𑄎𑄧𑄙 𑄃𑄪𑄠𑄧𑄚𑄴, 𑄃𑄘𑄨𑄝𑄥𑄨 𑄃𑄪𑄚𑄬 𑄖𑄢 𑄟𑄣𑄚𑄨 𑄃𑄧𑄎𑄬-𑄃𑄧𑄎𑄧 𑄘𑄟𑄴 𑄚𑄧' 𑄛𑄚𑄴।",Present
এই বাচ্চাটা একজন পর্যাে বসেছে,𑄃𑄬𑄭 𑄛𑄮𑄘𑄳𑄠𑄚𑄬 𑄃𑄬𑄇𑄴𑄎𑄧𑄚𑄴 𑄛𑄧𑄢𑄴𑄡𑄧𑄝𑄬𑄇𑄴𑄈𑄬 𑄣𑄨𑄇𑄴𑄈𑄬 ,Present
".বাঙালিরা মদ পান করতেছে কানে কানে,চুপ করে কথা বলে,ফল-মূল,নানা জিনিসপত্রের দাম থেকে বেশি নাাচা করে","""𑄝𑄋𑄣𑄨 𑄇𑄢𑄴𑄝𑄢𑄴𑄃𑄪𑄚𑄬 𑄟𑄧𑄘𑄧𑄙𑄳𑄠𑄧 𑄇𑄚𑄬 𑄇𑄚𑄬, 𑄌𑄪𑄛𑄬 𑄌𑄪𑄛𑄬 𑄥𑄧𑄣𑄴𑄣 𑄃𑄬𑄣𑄧 𑄃𑄘𑄨𑄝𑄥𑄨𑄃𑄪𑄚𑄧𑄖𑄖𑄖𑄪𑄚𑄴 𑄖𑄮𑄚𑄴-𑄛𑄖𑄴, 𑄜𑄧𑄣𑄴 - 𑄟𑄫𑄣𑄴, 𑄚𑄚𑄋𑄴 𑄟𑄣𑄟𑄣𑄴 𑄥𑄧𑄣𑄴𑄣 𑄘𑄟𑄧𑄖𑄴𑄖𑄪𑄚𑄴 𑄝𑄬𑄌𑄴 𑄘𑄟𑄬 𑄚𑄧' 𑄇𑄨𑄚𑄬𑄚।",Present
এই বাজারের দর থেকে অনেক কমে,𑄃𑄬𑄘𑄟𑄴 𑄝𑄎𑄢𑄧 𑄘𑄧𑄢𑄧𑄖𑄴𑄖𑄪𑄚𑄴 𑄝𑄧𑄦𑄪𑄖𑄴 𑄇𑄧𑄟𑄬।,Present
আদার অসমান বাজারে ৫/৫ টাকা বিক্রি করে একটি বাঙালি দোকানে বসে আছে।,𑄃𑄘𑄢𑄴 𑄃𑄧𑄎𑄧 𑄘𑄟𑄴 𑄝𑄎𑄢𑄧 𑄘𑄧𑄢𑄴 𑄃𑄬𑄣𑄧 𑄛𑄧𑄖𑄴𑄖𑄨𑄇𑄴 𑄥𑄬𑄢𑄴 𑄻/- 𑄑𑄬𑄋 𑄥𑄧𑄇𑄳𑄠𑄧 𑄝𑄚𑄴𑄘𑄧𑄢𑄴𑄝𑄚𑄴 𑄝𑄎𑄢𑄧𑄖𑄴 𑄃𑄬𑄇𑄴 𑄃𑄘𑄨𑄝𑄥𑄩 𑄻/- 𑄑𑄬𑄋 𑄟𑄧𑄕𑄧 𑄘𑄧𑄢𑄬 𑄃𑄬𑄇𑄴𑄇𑄪 𑄝𑄋𑄣𑄨 𑄘𑄮𑄇𑄚𑄧𑄖𑄴 𑄝𑄨𑄌𑄴𑄎𑄳𑄠𑄧।,Present
এদিক ওদিক না দেখলে বিশ্বাস হ না,𑄃𑄨𑄡𑄚𑄴 𑄘𑄨𑄌𑄮𑄉𑄬 𑄚𑄧' 𑄘𑄬𑄣𑄬 𑄝𑄨𑄌𑄴𑄥𑄬𑄌𑄴 𑄚𑄧' 𑄃𑄬𑄡𑄬।,Present
আমি নিজে বাজারে যাে দেখলাম এক আদিবাসী মেে ১০০০ টাকা দিে এক বাঙালি থেকে বিেছি,𑄟𑄪𑄭 𑄚𑄨𑄎𑄬 𑄝𑄎𑄢𑄧𑄖𑄴 𑄡𑄬𑄚𑄳𑄠𑄭 𑄘𑄨𑄇𑄴𑄈𑄪𑄋𑄴 𑄃𑄬𑄇𑄴 𑄃𑄘𑄨𑄝𑄥𑄩 𑄟𑄨𑄣𑄬 𑄷𑄶𑄶 𑄇𑄈𑄪𑄎𑄨 𑄸𑄶 𑄑𑄬𑄋 𑄘𑄨𑄚𑄳𑄠𑄭 𑄃𑄬𑄇𑄴 𑄝𑄋𑄣𑄧𑄖𑄴𑄖𑄪𑄚𑄴 𑄝𑄨𑄌𑄳𑄠।,Past
পাঁচ টাকা পে বাঙালি একটা বাজনিে ৭৫% টাকা দিে বিচা,"𑄻 𑄟𑄨𑄚𑄨𑄖𑄴 𑄛𑄧𑄢𑄬 𑄝𑄋𑄣𑄳𑄠 𑄃 𑄃𑄬𑄇𑄴 𑄝𑄎𑄧𑄚𑄳𑄠𑄖𑄴𑄪𑄚𑄴 𑄽𑄻% 𑄑𑄬𑄋 𑄘𑄨𑄚𑄳𑄠𑄭 𑄝𑄨𑄌𑄳𑄠""।",Present
.১.৭৮ সালে ১. ইকোনমিক এন্ড পলিটিকাল মানুষরা চত গ্রামে কলকা কাটতে আসে।,𑄷𑅄𑄽𑄾 𑄥𑄣𑄧𑄖𑄴 𑄷𑅄 𑄃𑄬𑄛𑄳𑄢𑄨𑄣𑄴 𑄃𑄨𑄇𑄧𑄚𑄧𑄟𑄨𑄇𑄴 𑄃𑄬𑄚𑄴𑄓𑄧 𑄛𑄧𑄣𑄨𑄑𑄨𑄇𑄬𑄣𑄴 𑄃𑄪𑄃𑄨 𑄇𑄧𑄣𑄨𑄖𑄴 𑄦𑄮𑄃𑄨 𑄃𑄧𑄠𑄳𑄠 𑄛𑄢𑄴𑄝𑄧𑄖𑄳𑄠𑄧 𑄌𑄧𑄖𑄴𑄑𑄧𑄉𑄳𑄢𑄟𑄧𑄖𑄴 𑄇𑄧𑄣𑄴𑄇𑄢𑄴𑄈𑄚 𑄗𑄨𑄘𑄧𑄝𑄴𑄧𑄢𑄨 𑄃𑄚𑄢𑄴 𑄧𑄘𑄨𑄝𑄥𑄩𑄃𑄪𑄚𑄧𑄢𑄴 𑄃𑄧𑄚𑄧 𑄣𑄞𑄧 𑄚𑄧' 𑄃𑄠𑄴।,Present
. কারণ সেখানে সব বাসিন্দাকে নিে যাওা হ,𑄇𑄢𑄧𑄚𑄴 𑄥𑄨𑄠𑄧𑄖𑄴 𑄝𑄬𑄇𑄴 𑄛𑄧𑄘𑄨𑄖𑄴𑄖𑄚𑄨𑄖𑄴 𑄃𑄧𑄃𑄘𑄨𑄝𑄥𑄨𑄧𑄪𑄚𑄧𑄢𑄬 𑄚𑄨𑄠𑄮𑄉𑄧 𑄘𑄨' 𑄃𑄧𑄠𑄳𑄠।,Present
এখানে কল-কা করা মানে অনিমদেরকে তাাতাি দো আর তেলাপোকাদেরকে তাাতাি দে,𑄃𑄨𑄠𑄧𑄖𑄴 𑄇𑄧𑄣𑄴-𑄇𑄢𑄴 𑄈𑄚 𑄝𑄧𑄎𑄚 𑄟𑄚𑄬 𑄃𑄧𑄃𑄘𑄨𑄝𑄥𑄨𑄃𑄪𑄚𑄧𑄢𑄬 𑄌𑄇𑄢𑄨 𑄘𑄬𑄚 𑄃 𑄃𑄘𑄨𑄝𑄥𑄨𑄃𑄪𑄚𑄧𑄢𑄬 𑄖𑄧𑄌𑄳𑄠 - 𑄛𑄬𑄢𑄥𑄚𑄨 𑄝𑄢𑄬 𑄘𑄬𑄚।,Present
.যেমন: চাঁদের আলো দিে আসা লোকগুলোর মধ্যে ৪০ জন,𑄡𑄬𑄟𑄧𑄚𑄴 : 𑄌𑄧𑄚𑄴𑄘𑄳𑄢𑄧𑄊𑄧𑄚𑄢𑄴 𑄇𑄉𑄧𑄎𑄧𑄢𑄴 𑄇𑄢𑄴𑄈𑄚 𑄍𑄧' 𑄃𑄎𑄢𑄴 𑄦𑄟𑄴𑄪(𑄥𑄳𑄢𑄧𑄟𑄨𑄇𑄴)𑄃𑄪𑄚𑄧𑄢𑄴 𑄟𑄧𑄙𑄳𑄠𑄬 𑄃𑄘𑄨𑄝𑄥𑄩 𑄝𑄚 𑄺𑄶 𑄎𑄧𑄚𑄴।,Present
১.০৩-০৪. সারত পার হওা চূা দিে চূা পার হওার সম এই তিন জন মিলিটারি কেলটা শক্ত হেছে,"𑄷𑅄𑄽𑄹 -𑄽𑄺 𑄥𑄢𑄧𑄖𑄴 𑄛𑄢𑄴𑄝𑄧𑄖𑄳𑄠𑄧 𑄌𑄧𑄖𑄴𑄉𑄳𑄢𑄧𑄟𑄧𑄖𑄴 𑄘𑄨𑄊𑄩𑄚𑄣, 𑄢𑄪𑄟 𑄃 𑄃𑄣𑄩𑄇𑄧𑄘𑄧𑄟𑄴 𑄃𑄬𑄭 𑄖𑄨𑄚𑄚𑄴 𑄟𑄨𑄣𑄨𑄑𑄢𑄨 𑄇𑄳𑄠𑄚𑄴𑄑𑄧𑄣𑄴𑄟𑄬𑄚𑄴𑄑𑄧 𑄗𑄨𑄘𑄧𑄝𑄴𑄧𑄢𑄩 𑄉𑄧𑄢 𑄃𑄧𑄠𑄳𑄠 𑄥𑄪𑄢𑄪 𑄣𑄢𑄬𑄭 𑄦𑄧𑄣।",Present
বিল্ডিংে অনেক কালো মেঘ পেছে,𑄦𑄨𑄣𑄴𑄌𑄘𑄬𑄉𑄋𑄧𑄖𑄴 𑄝𑄨𑄢𑄬𑄖𑄴 𑄇𑄣 𑄟𑄬𑄊𑄧𑄌𑄉𑄎𑄧𑄚𑄧𑄟𑄴 𑄣𑄪𑄠𑄳𑄠।,Present
".রাঙামাা,হাগাের মাঠে চাচা করিে প্রধান কোাটা,তিনটা বি.ডি.আরের দল,তিনটা বি.ডি.র দল,মালসীতে একটা এন্টিক","𑄢𑄋𑄟𑄖𑄳𑄠, 𑄦𑄉𑄢𑄍𑄧𑄢𑄨, 𑄘𑄨𑄊𑄩𑄚𑄣 𑄃 𑄝𑄚𑄴𑄘𑄧𑄢𑄴𑄝𑄚𑄧𑄖𑄴 𑄌𑄬𑄢𑄚𑄴 𑄝𑄳𑄢𑄨𑄉𑄬𑄖𑄴 𑄦𑄬𑄓𑄧 𑄇𑄮𑄠𑄑𑄢𑄴, 𑄢𑄪𑄟 𑄃 𑄃𑄣𑄨𑄇𑄧𑄘𑄧𑄟𑄴 𑄘𑄨'𑄠𑄚𑄴 𑄉𑄳𑄠𑄢𑄨𑄥𑄧𑄚𑄴, 𑄛𑄧𑄖𑄴𑄖𑄨𑄇𑄴 𑄃𑄪𑄛𑄧𑄎𑄬𑄣𑄖𑄴 𑄥𑄬𑄚𑄍𑄃𑄪𑄚𑄨,𑄇𑄛𑄴𑄖𑄖𑄴 𑄘𑄨'𑄠𑄚𑄴 𑄉𑄚𑄴 𑄞𑄮𑄖𑄴, 𑄝𑄚𑄴𑄘𑄧𑄢𑄴𑄝𑄚𑄴, 𑄇𑄛𑄴𑄖𑄭 𑄃 𑄉𑄪𑄭𑄟𑄢𑄖𑄴 𑄛𑄌𑄴𑄥𑄚𑄴 𑄢𑄨𑄎𑄨𑄤𑄧𑄚𑄳𑄠𑄣𑄴 𑄦𑄬𑄓𑄧 𑄇𑄮𑄠𑄑𑄢𑄴, 𑄸𑄹-𑄠𑄚𑄴 𑄃𑄢𑄴𑄟𑄨 𑄎𑄮𑄚𑄴, 𑄖𑄨𑄚𑄚𑄴 𑄝𑄨.𑄓𑄨.𑄃𑄢𑄴 𑄎𑄮𑄚𑄴, 𑄟𑄣𑄴𑄍𑄧𑄢𑄨𑄖𑄴 𑄃𑄬𑄇𑄴𑄇𑄚𑄴 𑄃𑄬𑄚𑄴𑄑𑄨 𑄉𑄬𑄢𑄨𑄣 𑄑𑄳𑄢𑄬𑄚𑄨𑄋𑄴 𑄥𑄬𑄚𑄴𑄑𑄢𑄴 𑄌𑄣𑄪 𑄃𑄧𑄠𑄳𑄠।",Present
"এই বাদে ২.৫-টা আর্মি কাম্প,১০-টা বিাল কাম আছে","𑄃𑄬 𑄝𑄘𑄬 𑄸𑄹𑄶-𑄠𑄚𑄴 𑄃𑄢𑄴𑄟𑄨 𑄇𑄳𑄠𑄟𑄴𑄛𑄧, 𑄷𑄶𑄶-𑄠𑄚𑄴 𑄝𑄨.𑄓.𑄨𑄃𑄢𑄴 𑄇𑄳𑄠𑄟𑄴𑄛𑄧 𑄃 𑄾𑄶-𑄠𑄚𑄴 𑄛𑄪𑄣𑄨𑄌𑄴 𑄇𑄳𑄠𑄟𑄴𑄛𑄧 𑄗𑄨𑄘𑄧𑄝𑄴𑄧𑄢𑄨 𑄃𑄧𑄠𑄳𑄠।",Present
এই সম আরও বারি যা,𑄃𑄬 𑄥𑄧𑄁𑄈𑄳𑄠𑄧 𑄃𑄢𑄧 𑄝𑄢𑄨 𑄡𑄨𑄠𑄳𑄠।,Present
. পুরো পাে চামাটা ফুটে আছে।,𑄉𑄧𑄘 𑄛𑄢𑄴𑄝𑄧𑄖𑄳𑄠𑄧 𑄌𑄟𑄴𑄟𑄪 𑄃𑄪𑄣𑄴 𑄥𑄚𑄴 𑄜𑄪𑄘𑄨 𑄃𑄊𑄬 𑄇𑄳𑄠𑄟𑄚𑄨।,Present
যার চামা তাকে হাত দিে হাত দিে রাখা,𑄡 𑄌𑄋𑄴𑄟𑄳𑄦 𑄃𑄪𑄚𑄧𑄢𑄬 𑄦𑄟𑄟𑄙𑄖𑄴 𑄦𑄌𑄴𑄌𑄳𑄠 𑄉𑄌𑄴 𑄉𑄧𑄢𑄨 𑄢𑄊𑄚।,Present
".শুধু সেটা না,এইটার ফুলগুলো বোনার জন্য লাল করে দো হ","𑄝𑄚 𑄥𑄨𑄠𑄚𑄴 𑄚𑄧𑄠𑄴, 𑄃𑄬𑄭 𑄥𑄨𑄘𑄨𑄢𑄬 𑄛𑄪𑄇𑄴𑄈𑄪𑄚𑄬 𑄝𑄮𑄚𑄧𑄢𑄴 𑄣𑄮𑄠𑄬 𑄢𑄋 𑄉𑄧𑄢𑄨 𑄘𑄳𑄠𑄪𑄚𑄴 𑄟-𑄞𑄫𑄟𑄨।",Present
ভেে ভে পে গেল মো,𑄞𑄬𑄭𑄠𑄬 𑄣𑄮𑄭𑄠𑄬 𑄞𑄨𑄎𑄨 𑄘𑄳𑄠𑄪𑄚𑄴 𑄟𑄮𑄚𑄴 - 𑄟𑄪𑄢𑄴।,Past
"এল মেে আর ভাই-বোনেরা চোখে পরতেছে,বাা নেই","𑄃𑄬𑅄𑄧 𑄟-𑄝𑄮𑄚𑄧𑄢𑄴 𑄘𑄨' 𑄌𑄮𑄉𑄧𑄖𑄴 𑄝𑄢𑄨𑄏𑄬 𑄣𑄟𑄬, 𑄝𑄚𑄴 𑄃𑄧𑄠𑄴।",Present
সাপ গুলো বাঁশ নিে জাল নিে যাচ্ছে- বেঁধে যাচ্ছে,𑄥𑄥𑄧𑄇𑄴 𑄉𑄮𑄌𑄴𑄒𑄨𑄃𑄪𑄚𑄧𑄢𑄴 𑄝𑄧𑄌𑄴 𑄚𑄬𑄡𑄬𑄚 𑄎𑄣𑄴 𑄝𑄪𑄚𑄧𑄚 𑄃𑄬𑄎𑄧 𑄗𑄪𑄟𑄴 𑄚𑄧𑄃𑄧𑄠𑄴 - 𑄝𑄚𑄨 𑄡𑄘𑄧𑄚𑄴।,Present
"মিজো মিজো ইু নিে সেট করল,আবোল তাবোল কথা বলে","𑄟𑄨𑄎𑄬 𑄟𑄨𑄎𑄬 𑄃𑄨𑄥𑄳𑄠𑄪 𑄚𑄨𑄚𑄬𑄭 𑄥𑄬𑄑𑄬𑄣𑄢𑄴 𑄝𑄋𑄣𑄪𑄚𑄬 𑄦𑄧𑄢𑄴𑄖𑄣𑄴, 𑄃𑄝𑄧𑄢𑄮𑄙𑄧, 𑄙𑄧𑄢𑄴𑄟𑄧𑄊𑄖𑄴, 𑄟𑄨𑄌𑄨𑄣𑄴-𑄟𑄨𑄑𑄨𑄋𑄴 𑄉𑄧𑄢𑄧𑄚𑄴।",Past
বুো সাপ দেখা,𑄝𑄪𑄞𑄬 𑄥𑄧𑄞𑄧𑄚𑄴 𑄘𑄬𑄊𑄚।,Present
.হওা যা না,𑄦𑄮𑄭 𑄚𑄧' 𑄛𑄢𑄬।,Present
"দাগে হে যা যা,মনে রাখলে গুণ করে","𑄘𑄉𑄬 𑄦𑄮𑄭 𑄡𑄨𑄠𑄧𑄚𑄴 𑄞𑄋𑄨 𑄃𑄧𑄣𑄬 𑄢𑄧𑄚𑄴 𑄉𑄧𑄢𑄬, 𑄟𑄧𑄚𑄧𑄖𑄴 𑄗𑄮𑄣𑄬 𑄉𑄪𑄚𑄴 𑄉𑄧𑄢𑄬।",Present
"সে,বুো হওা সুন্দর","𑄖𑄬, 𑄝𑄪𑄉𑄧𑄖𑄴 𑄢𑄊𑄚 𑄘𑄮𑄣𑄴।",Present
"এই তসা বুদ্ধটা বানাই,নিজের মনে লাল বিাল বিেছে এই আসা","𑄃𑄬𑄭 𑄖𑄧𑄌𑄳𑄠 𑄝𑄪𑄉𑄧𑄖𑄴 𑄝𑄚𑄨, 𑄃𑄛𑄧𑄚𑄴 𑄟𑄧𑄚𑄬 𑄎𑄩𑄋𑄴𑄦𑄚𑄨 𑄖𑄮𑄢𑄘𑄧𑄚𑄴 𑄃𑄬𑄇𑄴𑄘𑄨𑄚𑄴 𑄛𑄪𑄉𑄧 𑄟𑄮𑄚𑄧𑄖𑄴 𑄝𑄬𑄚𑄳𑄠 𑄢𑄋 𑄝𑄬𑄣𑄴 𑄃𑄎𑄨𑄝𑄪 𑄃𑄬𑄭 𑄃𑄎𑄠𑄴।",Present
জেগে থাকা ভাই-বোনেরা লক,𑄎𑄉𑄨𑄃𑄪𑄘𑄧 𑄞𑄬𑄭-𑄝𑄮𑄚𑄴 𑄣𑄧𑄇𑄴!,Present
"আরাকান, আরাকান, খোল ইত্যাদি বিভিন্ন দেশের চাকমারা যা","𑄃𑄢𑄇𑄚𑄴, 𑄃𑄧𑄇𑄴𑄥𑄘𑄬𑄌𑄴, 𑄈𑄬𑄠𑄁𑄘𑄬𑄌𑄴 𑄥𑄧𑄟𑄪𑄖𑄴𑄧 𑄚𑄚𑄋𑄴 𑄘𑄬𑄎𑄧 𑄌𑄋𑄴𑄟𑄃𑄪𑄚𑄬 𑄎𑄧𑄠𑄴 𑄉𑄧𑄌𑄴𑄌𑄧𑄚𑄴।",Present
এক জাতী মানুষ এক জাতী মানুষ,𑄥𑄙𑄨𑄚𑄴𑄘𑄬𑄎𑄧𑄢𑄴 𑄥𑄙𑄨𑄚𑄴 𑄟𑄚𑄪𑄌𑄴 𑄃 𑄥𑄥𑄧𑄇𑄴 𑄎𑄖𑄴 𑄃𑄬𑄣𑄇𑄴।,Present
প্রতিযোগিতা করে উঠে যা যা,𑄡𑄪𑄘𑄧𑄙𑄧 𑄉𑄪𑄢𑄨 𑄉𑄪𑄢𑄨 𑄃𑄪𑄎𑄬𑄠𑄴 𑄡𑄨𑄠𑄧𑄚𑄴 𑄘𑄬𑄎𑄬-𑄝𑄨𑄘𑄬𑄎𑄬।,Present
.সুগন্ধি বাদেদুগা হবে না,𑄥𑄪𑄉𑄧 𑄝𑄘𑄬 𑄘𑄪𑄉𑄧𑄢𑄴 𑄦𑄧𑄝𑄧𑄢𑄴 𑄚𑄧' 𑄛𑄬𑄘𑄇𑄴।,Future
"৮১০২. ভাতে এক তৃতী লবনাক্ত গন্ধ যাওা যা, যে গুলো পান করে সেগুলো খেতে হ না",𑄷𑄽𑄽𑄼 𑄥𑄣𑄧𑄖𑄴 𑄞𑄘𑄧 𑄢𑄘𑄧 𑄃𑄧𑄣𑄬 𑄉𑄮𑄘 𑄝𑄋𑄴𑄣𑄖𑄴 𑄃𑄬𑄇𑄴 𑄖𑄳𑄢𑄨𑄖𑄨𑄠𑄋𑄴𑄥𑄧 𑄥𑄚𑄪𑄌𑄴 𑄡𑄇𑄳𑄠𑄬 𑄟𑄪𑄢𑄨 𑄡𑄨𑄡𑄧𑄚𑄴 𑄥𑄧𑄇𑄳𑄠𑄬 𑄦𑄨𑄣𑄧𑄢𑄴 𑄟𑄚𑄬𑄭𑄃𑄪𑄚𑄬 𑄚𑄧' 𑄈𑄬𑄭 𑄗𑄬𑄭 𑄚𑄧' 𑄛𑄚𑄴।,Present
.তার পরে ১. তার পরে ২. বগল ফেটে পে গেল,𑄖' 𑄛𑄧𑄢𑄬 𑄷𑅄𑄺𑄹 𑄥𑄣𑄧𑄖𑄴 𑄞𑄘𑄧𑄢𑄖𑄴𑄪𑄠𑄳𑄠𑄪 𑄝𑄧𑄉𑄧𑄣𑄧 𑄍𑄬𑄢𑄬𑄘𑄨 𑄛𑄘𑄬 𑄘𑄳𑄠𑄪𑄚𑄴।,Past
"এইগুলো আমার না,এইগুলো বিলিে দিে যেগুলো বিে করা হ সেগুলো বিে করা হ","𑄃𑄬𑄭 𑄗𑄧𑄖𑄳𑄠𑄧 𑄟𑄧𑄢𑄴 𑄚𑄧𑄠𑄴, 𑄃𑄨𑄠𑄚𑄨 𑄣𑄨𑄊𑄨 𑄡𑄨𑄠𑄧𑄚𑄴 𑄝𑄳𑄢𑄨𑄑𑄨𑄌𑄴 𑄃𑄟𑄧𑄣𑄧𑄢𑄴 𑄎𑄬𑄣𑄢𑄴 𑄥𑄥𑄧𑄚𑄴 𑄇𑄧𑄢𑄴𑄖 𑄥𑄪𑄛𑄢𑄨𑄑𑄬𑄚𑄴𑄓𑄧𑄚𑄴𑄑𑄧 𑄃 𑄓𑄬𑄛𑄪𑄑𑄨 𑄇𑄧𑄟𑄨𑄥𑄧𑄚𑄢𑄴𑄃𑄪𑄚𑄬।",Present
আমাদের জাতী জমিটা কালো মেঘে ঢেকে গেছে,𑄟𑄖𑄴𑄧𑄢𑄴 𑄃𑄬𑄌𑄳𑄠𑄬 𑄃𑄟 𑄎𑄧𑄚𑄧𑄟𑄴 𑄞𑄫𑄫𑄫𑄫𑄟𑄨 𑄇𑄣 𑄟𑄬𑄊𑄧 𑄔𑄇𑄨 𑄡𑄨𑄠𑄬।,Present
হিল মানবটা কাটাছো,𑄦𑄨𑄣𑄧𑄢𑄴 𑄟𑄚𑄬𑄧𑄭𑄃𑄪𑄚𑄴 𑄇𑄑𑄥𑄬𑄋𑄮𑄣𑄧𑄖𑄴 𑄊𑄨𑄌𑄴𑄍𑄬।,Present
আমরা একজাতী জাতি,𑄃𑄟𑄨 𑄃𑄧𑄙𑄨𑄦𑄨𑄚𑄴 𑄎𑄖𑄴।,Present
আমাদের বোন লাল হেছে,𑄃𑄟 𑄝𑄮𑄚𑄧𑄢𑄴 𑄣𑄮 𑄢𑄋 𑄃𑄧𑄠𑄬 𑄥𑄧𑄘𑄬𑄌𑄴।,Present
ভো রোদ পে যা,𑄞𑄬𑄭𑄠𑄬 𑄣𑄮𑄠𑄬 𑄟𑄮𑄚𑄴 𑄟𑄪𑄢𑄧 𑄞𑄨𑄎𑄨 𑄡𑄨𑄠𑄧𑄚𑄴।,Present
"আমাদের বাবা মারা গেছে, মা বোন মরে গেছে","𑄃𑄟 𑄝𑄛𑄴 𑄞𑄬𑄭𑄠𑄧𑄢𑄴, 𑄟 𑄪 𑄝𑄮𑄚𑄧𑄢𑄴 𑄟𑄧𑄢 𑄦𑄨𑄎𑄬𑄇𑄬 𑄉𑄮𑄘 𑄦𑄨𑄣𑄴𑄌𑄘𑄬𑄉𑄋𑄴 𑄉𑄪𑄎𑄪𑄢𑄨 𑄃𑄪𑄘𑄬𑄢𑄴।",Present
"চোখের পলকে আমাদের বোনকে ঝাু দেওা, আমাদের ভাইকে বোইে দেওা","𑄌𑄮𑄉𑄧𑄢𑄴 𑄟𑄪𑄎𑄪𑄋𑄬 𑄃𑄟 𑄝𑄮𑄚𑄧𑄢𑄬 𑄏𑄛𑄘𑄧𑄚𑄴, 𑄃𑄟 𑄞𑄬𑄭𑄠𑄳𑄠𑄪𑄚𑄧𑄢𑄬 𑄝𑄬𑄠𑄴𑄚𑄬𑄖𑄴𑄖𑄮𑄭 𑄝𑄬𑄚𑄴𑄚𑄘𑄧𑄚𑄴।",Present
ভাঙা পা মানুষরা আমাদের পূর্ব দিকের জমি দখল করছে,𑄞𑄋 𑄛𑄧𑄠𑄴𑄥𑄬𑄃𑄪𑄚𑄬 𑄇𑄢𑄨 𑄚𑄬𑄡𑄘𑄧𑄚𑄴 𑄃𑄟 𑄛𑄫𑄢𑄴𑄝𑄧 𑄛𑄫𑄢𑄪𑄥𑄧𑄢𑄴 𑄞𑄫𑄭-𑄎𑄧𑄟𑄨।,Present
একটা বাচ্চা আমাদের সাথে যাবে না,𑄃𑄨𑄇𑄳𑄠𑄬 𑄉𑄪𑄢𑄨 𑄃𑄟 𑄎𑄧𑄖𑄧 𑄟𑄚𑄬𑄭𑄃𑄪𑄚𑄬 𑄚𑄬𑄠𑄳𑄠 𑄚𑄙 𑄃𑄪𑄠𑄧𑄚𑄴।,Future
খেে না পেে চলে যা,𑄈𑄬𑄭 𑄚𑄧' 𑄛𑄬𑄚𑄳𑄠𑄭 𑄟𑄪𑄢𑄨 𑄡𑄘𑄧𑄚𑄴।,Present
আসা আমাদের দলের ভাইটা পৃথিবীতে বেঁচে থাকতে পারবে না সেটা আনতে,𑄃𑄬𑄌𑄳𑄠𑄬 𑄃𑄟 𑄎𑄘𑄧𑄢𑄴 𑄞𑄬𑄭𑄃𑄪𑄚𑄴 𑄛𑄨𑄖𑄴𑄗𑄩𑄟𑄨 𑄝𑄪𑄉𑄧𑄖𑄴 𑄝𑄎𑄨 𑄗𑄬𑄭 𑄛𑄢𑄨𑄝𑄇𑄴 𑄚 𑄚𑄧' 𑄛𑄢𑄨𑄝𑄇𑄴 𑄥𑄨𑄠𑄚𑄴 𑄃𑄚𑄨𑄌𑄴𑄥𑄧𑄖𑄴।,Future
হিল চামা বাদে পৃথিবীতে আর কোনো জাগা নেই,𑄦𑄨𑄣𑄴 𑄌𑄘𑄬𑄉𑄋𑄴 𑄝𑄘𑄬 𑄛𑄨𑄖𑄴𑄗𑄨𑄟𑄩𑄖𑄴 𑄦𑄮𑄚𑄧 𑄦𑄨𑄖𑄴𑄖𑄬𑄭 𑄃𑄬𑄇𑄴 𑄥𑄧𑄥𑄳𑄠𑄧 𑄛 𑄎𑄉 𑄚𑄬𑄭।,Present
এক জাতী মানুষ পৃথিবীতে টিকতে পারে না,𑄢𑄎𑄧𑄚𑄰𑄖𑄨𑄇𑄴 𑄃𑄧𑄙𑄨𑄇𑄢𑄴 𑄍𑄢 𑄃𑄧𑄚𑄧 𑄎𑄖𑄴 𑄛𑄨𑄖𑄴𑄗𑄨𑄟𑄩 𑄝𑄪𑄉𑄧𑄖𑄴 𑄗𑄨𑄊𑄩 𑄚𑄧𑄛𑄢𑄬।,Present
হিল মানুষরা রাজনৈতিক সম চুক্তি করতেছে,𑄦𑄨𑄣𑄧𑄢𑄴 𑄟𑄚𑄬𑄭𑄃𑄪𑄚𑄧𑄢𑄴 𑄢𑄎𑄧𑄚𑄰𑄖𑄨𑄇𑄴 𑄃𑄙𑄨𑄇𑄢𑄴 𑄛𑄧𑄖𑄴𑄗𑄧𑄟𑄧 𑄥𑄧𑄚𑄧𑄘𑄧 𑄛𑄢𑄴𑄝𑄧𑄖𑄳𑄠𑄧 𑄌𑄪𑄇𑄴𑄖𑄨 𑄃𑄬𑄌𑄳𑄠𑄬 𑄛𑄧𑄘𑄧𑄘𑄧𑄣𑄨𑄖𑄴।,Present
"সে,জাগা ঘুম থেকে ওঠা ভাই-বোনের তালিকা","𑄖𑄬, 𑄎𑄉𑄨 𑄃𑄪𑄘𑄧 𑄞𑄬𑄭-𑄝𑄮𑄚𑄴 𑄣𑄧𑄇𑄴!",Present
পাহাের চামা খেে মানুষরা দুঃখগুলো ভুলে যা,𑄛𑄬𑄢𑄥𑄚𑄨 𑄖𑄧𑄌𑄳𑄠 𑄈𑄬𑄭𑄠𑄬 𑄟𑄚𑄬𑄭𑄃𑄪𑄚𑄧𑄢𑄴 𑄘𑄪𑄉𑄧𑄇𑄚𑄨 𑄟𑄪𑄢𑄧𑄖𑄴 𑄛𑄪𑄢𑄨 𑄞𑄝𑄨 𑄌𑄧।,Present
তরকারির জাগা মানুষরা এখন জাগা আলু খেে অন বে দিন রাখে,𑄖𑄮𑄟 𑄎𑄘𑄧 𑄟𑄚𑄬𑄃𑄪𑄚𑄴 𑄃𑄬𑄏𑄧 𑄎𑄢𑄴 𑄃𑄣𑄪 𑄈𑄬𑄭 𑄈𑄬𑄭 𑄃𑄧𑄚𑄧 𑄝𑄞𑄧𑄖𑄳𑄠𑄭 𑄘𑄨𑄚𑄴 𑄗𑄮𑄢𑄘𑄧𑄚𑄴।,Present
তোমরা গ্রামের মানুষদের সাথে মিশিে দিন-কাল করে দে,𑄖𑄪𑄟𑄨 𑄘𑄬𑄊𑄧𑄢𑄴 𑄃𑄘𑄟𑄧𑄖𑄴 𑄚𑄬𑄠𑄳𑄠 𑄟𑄚𑄬𑄃𑄪𑄚𑄴 𑄦𑄨𑄨𑄋𑄴𑄢𑄨 𑄘𑄨𑄚𑄴 - 𑄇𑄣𑄴 𑄉𑄧𑄋𑄬 𑄘𑄬𑄙𑄧𑄚𑄴।,Present
সাজসরঞ্জাম নিতে আসলে কেরোসিনের চূা ঝাপসা করে দেখা যা,𑄥𑄎𑄧𑄚𑄳𑄠 𑄣𑄟𑄨 𑄃𑄬𑄣𑄬 𑄇𑄬𑄢𑄮𑄥𑄨𑄚𑄧 𑄌𑄬𑄢𑄇𑄴 𑄟𑄧𑄢 𑄟𑄧𑄢 𑄉𑄧𑄢𑄨 𑄎𑄧𑄣𑄧𑄘𑄬 𑄘𑄬𑄊 𑄡𑄠𑄴।,Present
হিি হিি ভাত খাওা,𑄦𑄨𑄠𑄳𑄠 𑄦𑄨𑄠𑄳𑄠 𑄝𑄬𑄣𑄧 𑄛𑄧𑄦𑄴𑄢𑄧𑄖𑄴 𑄞𑄖𑄴 𑄈𑄚𑄴।,Present
চাকমাদের চোখের পানির বুো সাদা হলেও তাদের কপালে নেই,𑄌𑄋𑄴𑄟𑄃𑄪𑄚𑄧𑄢𑄴 𑄌𑄮𑄉𑄧𑄛𑄚𑄨 𑄝𑄪𑄉𑄧𑄢𑄴 𑄣𑄮 𑄇𑄛𑄴𑄖𑄬 𑄉𑄮𑄘 𑄝𑄨𑄘𑄳𑄠𑄪𑄖𑄴 𑄖𑄢𑄢𑄴 𑄇𑄧𑄛𑄣𑄧𑄖𑄴 𑄚𑄬𑄭।,Present
"বাি নেই,দেশ নেই, জাগা নেই মানুষের দিন","𑄊𑄧𑄢𑄴 𑄚𑄬𑄭, 𑄘𑄬𑄌𑄴 𑄚𑄬𑄭, 𑄎𑄉 𑄚𑄬𑄭 𑄟𑄚𑄬𑄭𑄃𑄪𑄚𑄴 𑄘𑄨𑄚𑄴 𑄘𑄨𑄚𑄴 𑄝𑄢𑄧𑄘𑄧𑄚𑄴।",Present
"আসা যাওা করে তাদের গ্রামের পাশ দিে যাচ্ছে,সুঁচালো কাজ,নরক তুমি","𑄃𑄬𑄌𑄳𑄠 𑄖𑄢 𑄃𑄘𑄟𑄴 𑄌𑄢𑄨 𑄡𑄘𑄧𑄚𑄴 𑄚𑄢𑄬𑄍𑄧𑄢𑄨, 𑄥𑄪𑄇𑄧𑄚𑄧𑄍𑄧𑄢𑄨 𑄉𑄧𑄁𑄉𑄢𑄟𑄴, 𑄚𑄧𑄚𑄴𑄘𑄧𑄢𑄟𑄴 𑄖𑄪𑄟𑄴।",Present
আমাদের পূর্ব প্রজন্ম অনেক কষ্ট করে জে আছে,𑄃𑄟 𑄛𑄫𑄢𑄴𑄝𑄧 𑄛𑄪𑄢𑄪𑄌𑄴𑄥𑄪𑄚𑄬 𑄃𑄧𑄘𑄧𑄇𑄴 𑄥𑄪𑄉𑄬 𑄎𑄨𑄋𑄴𑄦𑄚𑄨 𑄗𑄮𑄢𑄬𑄃𑄪𑄚𑄴।,Present
এগুলো সেগুলো চোখে পে,𑄃𑄬𑄌𑄳𑄠 𑄥𑄨𑄠𑄚𑄨 𑄘𑄨' 𑄌𑄮𑄉𑄧𑄖𑄴 𑄝𑄎𑄬।,Present
"শুধু অভাব অনটন, বোই বোইন, মারামারি,ফাঁদে নেওা নেই","𑄚𑄬𑄭 𑄃𑄧𑄚𑄧 𑄃𑄧𑄞𑄝𑄴 𑄃𑄧𑄚𑄧𑄑𑄧𑄚𑄴, 𑄞𑄬𑄬𑄭𑄠𑄬 𑄞𑄬𑄭𑄠𑄬 𑄢𑄪𑄉𑄧𑄢𑄪𑄉𑄳𑄠, 𑄟𑄢𑄟𑄢𑄨, 𑄙𑄪𑄢𑄨 𑄚𑄬𑄡𑄚𑄬𑄡𑄨 𑄚𑄬𑄭।",Present
.নেওার মতো মানসিকতা- এল আলুটা দুলে দুলে যাচ্ছে,"𑄚𑄬𑄭 𑄃𑄧𑄚𑄧 𑄦𑄨𑄋𑄴𑄥𑄬 𑄦𑄨𑄋𑄴𑄥𑄨, 𑄢𑄬𑄚𑄢𑄬𑄚𑄨𑄟𑄧𑄚𑄴 𑄟𑄚𑄧𑄥𑄨𑄇𑄧𑄖 - 𑄃𑄬𑄣𑄧 𑄃𑄣𑄪𑄣𑄴𑄣𑄮 𑄘𑄪𑄣𑄧𑄣𑄴𑄣𑄮 𑄎𑄨𑄋𑄴𑄦𑄚𑄨।",Present
"এক জন মানুষ বন্দী করতে পারে, তসা-পোরা আর আলাদা করতে পারে না","𑄃𑄬𑄇𑄴 𑄎𑄧𑄚𑄴 𑄟𑄚𑄪𑄌𑄧𑄢𑄬 𑄝𑄧𑄚𑄴𑄘𑄨 𑄉𑄧𑄢𑄨 𑄛𑄢𑄬, 𑄖𑄧𑄌𑄳𑄠-𑄛𑄬𑄢𑄥𑄚𑄨 𑄃 𑄜𑄢𑄧𑄇𑄴 𑄉𑄧𑄢𑄨 𑄛𑄢𑄬 𑄟𑄖𑄴𑄧𑄢𑄴 𑄖𑄢𑄴 𑄃𑄘𑄧𑄢𑄴𑄥𑄧, 𑄚𑄩𑄖𑄨 𑄃 𑄖𑄬, 𑄡𑄬 𑄥𑄧𑄋𑄴𑄉𑄳𑄢𑄟𑄧𑄢𑄴 𑄛𑄳𑄢𑄧𑄖𑄨𑄇𑄴 𑄥𑄨𑄠𑄚𑄴 𑄙𑄧𑄁𑄥𑄧 𑄉𑄮𑄢𑄨 𑄚𑄧' 𑄛𑄢𑄬।",Present
বিেতে যোগ দেওার সম সাথীরা এক সারিতে দাঁড়িয়ে আছে,𑄝𑄳𑄢𑄨𑄑𑄨𑄌𑄴 𑄞𑄢𑄧𑄘𑄧𑄖𑄴 𑄥𑄙𑄨𑄚𑄴 𑄥𑄧𑄋𑄴𑄉𑄳𑄢𑄟𑄨𑄃𑄪𑄚𑄬𑄮 𑄃𑄨𑄋𑄴𑄢𑄬𑄌𑄴 𑄥𑄥𑄧𑄇𑄴𑄇𑄪𑄚𑄬 𑄦𑄧𑄙𑄇𑄴 𑄥𑄧𑄚𑄴𑄖𑄳𑄢𑄥𑄨।,Present
.সমান সমান করে কাজ করার সম তারা সবাই বদনাম করে,𑄥𑄧𑄥𑄧𑄌𑄴𑄖𑄧𑄢𑄧 𑄣𑄢𑄬𑄭 𑄌𑄧𑄣𑄇𑄣𑄨𑄚𑄴 𑄖𑄮𑄟 𑄎𑄘𑄧𑄢𑄴 𑄃𑄧𑄙𑄨𑄇𑄢𑄴 𑄇𑄟𑄨𑄃𑄪𑄚𑄢𑄬 𑄥𑄥𑄧𑄇𑄴𑄉𑄯𑄌𑄴𑄒𑄨 𑄥𑄧𑄚𑄴𑄖𑄬𑄢𑄥𑄩 𑄦𑄰 𑄝𑄧𑄘𑄧𑄚𑄟𑄴 𑄉𑄧𑄖𑄴𑄖𑄇𑄴।,Present
.মিডিেতে প্রকাশ করা,𑄟𑄨𑄓𑄨𑄠𑄖𑄴 𑄜𑄧𑄉𑄧𑄘𑄋𑄴 𑄉𑄧𑄖𑄴𑄖𑄇𑄴।,Present
".মানুষরা তো তোমার জন্য কাজ করতেছে,কাজে সাহায্য করতেছে","𑄟𑄖𑄴𑄧𑄢𑄴 𑄖𑄮𑄟 𑄎𑄘𑄧𑄢𑄴 𑄃𑄧𑄙𑄨𑄇𑄢𑄴 𑄇𑄟𑄩𑄃𑄪𑄚𑄬 𑄎𑄘𑄧𑄢𑄴 𑄃𑄬𑄢𑄚𑄧𑄖𑄴𑄬, 𑄎𑄘𑄧𑄢𑄴 𑄟𑄪𑄇𑄴𑄖𑄨𑄖𑄬𑄭 𑄥𑄥𑄧𑄇𑄴𑄉𑄯𑄌𑄴𑄒𑄩𑄢𑄴 𑄝𑄨𑄢𑄪𑄘𑄧𑄘𑄬 𑄣𑄢𑄬𑄭 𑄉𑄧𑄌𑄴𑄍𑄧𑄚𑄴।",Present
".তোমা জাতির মানুষদের জীবন কষ্ট,তরকারি,জা-পর্যা বেগের সম চিন্তা করতে হ","𑄖𑄮𑄟 𑄎𑄘𑄧𑄢𑄴 𑄟𑄚𑄬𑄃𑄪𑄚𑄧𑄢𑄴 𑄎𑄩𑄝𑄧𑄚𑄧𑄢𑄴 𑄘𑄪𑄉𑄧, 𑄖𑄧𑄌𑄳𑄠, 𑄃𑄎,𑄥𑄧𑄞𑄧𑄚𑄴 𑄎𑄩𑄝𑄧𑄚𑄴 𑄥𑄧𑄁𑄉𑄳𑄢𑄟𑄴, 𑄎𑄧𑄠𑄴 - 𑄛𑄧𑄢𑄎𑄧𑄠𑄴 𑄝𑄬𑄉𑄧 𑄃𑄟𑄧𑄣𑄴 𑄉𑄧𑄢𑄨 𑄞𑄝𑄨𑄝𑄢𑄴 𑄃𑄧𑄇𑄴𑄖𑄧 𑄃𑄨𑄌𑄳𑄠।",Present
"সে,জাগা উঠে","𑄖𑄬, 𑄎𑄉𑄨 𑄃𑄪𑄘𑄧।",Present
ভেতরের নািভুিটা তাাতাি বের হ,𑄃𑄀𑄢𑄬 𑄚𑄘𑄨𑄚𑄴 𑄖𑄚𑄳𑄠𑄝𑄨,Present
.তুলনা শাক পা দিলে তরকারি লাগে,𑄖𑄪𑄣𑄳𑄠 𑄥𑄋𑄪 𑄛𑄢𑄴𑄎𑄳𑄠 𑄘𑄨𑄣𑄬 𑄇𑄢𑄴 𑄣𑄉𑄧।,Present
.তান্যেবি গাঙে যাওার সম পরিষ্কার করে আনে সাবানের থাল,𑄖𑄚𑄳𑄠𑄝𑄨 𑄉𑄋𑄧𑄖𑄴 𑄡𑄠𑄴 𑄟𑄎𑄨 𑄃𑄚𑄬 𑄥𑄧𑄚𑄢𑄴 𑄗𑄣𑄴,Present
রগে ভে সব গুলো এক হেছে,𑄢𑄧𑄎𑄬 𑄞𑄧𑄢𑄨 𑄛𑄪𑄢 𑄃𑄧𑄠𑄳𑄠 𑄝𑄳𑄦𑄬 𑄖𑄚𑄳𑄠𑄝𑄨 𑄡𑄪𑄝𑄧𑄇𑄴𑄇𑄣𑄴।,Present
.তান্যেবি পে তেল দো এক জাতী মাছ,𑄖𑄚𑄳𑄠𑄝𑄨𑄠𑄬 𑄃𑄪𑄢𑄳𑄦𑄬 𑄛𑄨𑄚𑄬 𑄖𑄬𑄣𑄴𑄘𑄨 𑄟𑄘 𑄃𑄎𑄪𑄢𑄬,Present
তার আচরণে পাগল সে গ্রামের লোক,𑄖𑄢𑄴 𑄡𑄮𑄝𑄧𑄚𑄬 𑄛𑄉𑄧𑄣𑄴 𑄃𑄧𑄚𑄬𑄃𑄨 𑄥𑄬 𑄃𑄘𑄟𑄧𑄢𑄴 𑄉𑄞𑄪𑄢𑄬।,Present
.তান্যেবি পান খেে মধুটা মিষ্টি করে,𑄖𑄚𑄳𑄠𑄝𑄨𑄠𑄬 𑄛𑄚𑄴 𑄈𑄠𑄴 𑄟𑄧𑄙𑄪𑄡𑄧𑄥𑄴𑄒𑄨 𑄟𑄮𑄟𑄴 𑄉𑄧𑄢𑄬,Present
কুমার আরিা পান নিে যাচ্ছে যুবক,𑄇𑄪𑄇𑄨𑄍𑄧𑄢𑄢𑄴 𑄃𑄢𑄳𑄦𑄨𑄋𑄴 𑄛𑄚𑄴 𑄃𑄚𑄨 𑄘𑄬𑄘𑄧𑄚𑄴 𑄉𑄞𑄪𑄢𑄬।,Present
তাাতাি ভাত খাওার জন্য দালি ফেলে ভাত খাবো,𑄖𑄚𑄳𑄠𑄝𑄨𑄠𑄬 𑄞𑄖𑄴 𑄢𑄚𑄬 𑄘𑄣𑄨 𑄜𑄬𑄣𑄬𑄃𑄨 𑄞𑄘𑄧𑄟𑄪,Future
.তান্যেবি ভালো হলে সব গািে লাগবে,𑄖𑄚𑄳𑄠𑄝𑄨𑄠𑄬 𑄃𑄧𑄥𑄪𑄇𑄴 𑄦𑄧𑄣𑄬 𑄝𑄬𑄇𑄴 𑄉𑄞𑄪𑄢𑄴𑄣𑄧𑄉𑄬 𑄌𑄪𑄙𑄮𑄟𑄪।,Future
.তরকারি দিে ভাত খাওা এত ব ব তরকারি,𑄖𑄚𑄳𑄠𑄝𑄨𑄠𑄬 𑄞𑄖𑄴 𑄈𑄠𑄴 𑄃𑄨𑄖𑄴𑄖𑄪𑄇𑄴 𑄃𑄨𑄖𑄴𑄖𑄪𑄇𑄴 𑄃𑄪𑄣𑄪𑄖𑄮𑄚𑄴,Present
.গািটা না খেে সবাই গািেছে,𑄉𑄞𑄪𑄢𑄴𑄣𑄧𑄉𑄬 𑄚𑄧 𑄈𑄬𑄃𑄨 𑄈𑄝𑄠𑄴 𑄝𑄬𑄇𑄴𑄈𑄪𑄚𑄧𑄢𑄴 𑄖𑄬 𑄉𑄪𑄢𑄧𑄝𑄮𑄚𑄴।,Present
.তার বো দিে হুক্কা খা,𑄖𑄚𑄳𑄠𑄝𑄨𑄠𑄬 𑄙𑄪𑄚𑄴𑄘𑄧 𑄈𑄠𑄴 𑄘𑄝 𑄟𑄘𑄬 𑄛𑄧𑄘𑄮𑄣𑄧𑄖𑄴,Present
মদটা ভরে আছে সাদা পলিথিনে,𑄟𑄧𑄘𑄧𑄢𑄧𑄎𑄨 𑄞𑄧𑄢𑄬𑄃𑄨 𑄗𑄧𑄃𑄨𑄠𑄬 𑄙𑄪𑄛𑄴 𑄜𑄧𑄑𑄨𑄉𑄧𑄢𑄴 𑄝𑄧𑄘𑄧𑄣𑄧𑄖𑄴।,Present
.তান্যেবি পান খেে পানশে হলো।,𑄖𑄚𑄳𑄠𑄝𑄨𑄠𑄬 𑄛𑄚𑄴 𑄈𑄠𑄴 𑄛𑄚𑄧𑄣𑄧𑄉𑄬 𑄝𑄧𑄖𑄴𑄖𑄍𑄣𑄴,Past
লাঠি দিে তাাতাি তাকে মেরে ফেলল,𑄉𑄞𑄪𑄢𑄴𑄣𑄧𑄉𑄬 𑄝𑄎𑄬𑄃𑄨 𑄜𑄬𑄣𑄳𑄠𑄚𑄴 𑄖𑄚𑄳𑄠𑄝𑄨𑄢𑄬 𑄟𑄬𑄃𑄨𑄠𑄬 𑄎𑄣𑄴।,Past
.তান্যেবি বেইনগুলো বোর তলা বদলা,𑄖𑄚𑄳𑄠𑄝𑄨𑄠𑄬 𑄝𑄬𑄚𑄴𑄝𑄪𑄚𑄬 𑄝𑄬𑄚𑄧𑄖𑄴 𑄖𑄧𑄣𑄬 𑄝𑄧𑄘𑄧𑄣,Present
.তান্যেবিকে পাহাের তলা ধরে নিে যাওা যাবে।,𑄖𑄚𑄳𑄠𑄝𑄨𑄢𑄬 𑄙𑄧𑄢𑄨 𑄚𑄨𑄝𑄇𑄴 𑄇𑄬𑄢𑄬𑄖𑄴𑄇𑄝 𑄟𑄮𑄚𑄴 𑄖𑄧𑄣।,Future
.তান্যেবিে ফুল তুলে আমটি পরিষ্কার করেছে।,𑄖𑄚𑄳𑄠𑄝𑄨𑄠𑄬 𑄜𑄪𑄣𑄴 𑄖𑄪𑄣𑄬 𑄃𑄣𑄟𑄧𑄖𑄴𑄖𑄪𑄚𑄴 𑄥𑄝𑄋𑄴 𑄉𑄌𑄴,Present
ব চামা আসলে কথা গুলো কেরা করে,𑄝𑄮 𑄌 𑄃𑄬𑄣𑄬 𑄇𑄧𑄙 𑄘𑄨𑄘𑄧𑄋𑄴 𑄤𑄧 𑄖𑄚𑄳𑄠𑄝𑄨 𑄇𑄬𑄏𑄚𑄴 𑄛𑄌𑄴।,Present
.তান্যেবি বাঁশের বো দিে কুল পাতিলে লবনাক্ত তরকারি তৈরি করে,𑄖𑄚𑄳𑄠𑄝𑄨𑄠𑄬 𑄝𑄢 𑄝𑄚𑄬 𑄇𑄪𑄣𑄧 𑄛𑄨𑄘𑄨𑄖𑄴 𑄖𑄣𑄴 𑄢𑄉𑄠𑄴,Present
.ব চাা এবার বললে সে চোখ বাঁকা করে,𑄝𑄮 𑄌 𑄃𑄬𑄝𑄢𑄴 𑄇𑄧𑄣𑄬 𑄖 𑄟𑄢𑄬 𑄖𑄬 𑄌𑄮𑄇𑄴 𑄛𑄉𑄠𑄴।,Past
.তান্যেবি নদী যাওার সম সাদা করে,𑄖𑄚𑄳𑄠𑄝𑄨𑄠𑄬 𑄉𑄋𑄧𑄖𑄴 𑄡𑄠𑄴 𑄇𑄧𑄖𑄴𑄖𑄨𑄝𑄱 𑄗𑄧𑄠𑄴 𑄙𑄪𑄛𑄴 𑄉𑄧𑄢𑄨,Present
গািে সাথে খাপ খাওা নেই এমন খেলা চুপ করে,𑄉𑄞𑄪𑄢𑄴 𑄣𑄧𑄉𑄬 𑄈𑄛𑄴𑄘𑄨 𑄃𑄊𑄧𑄚𑄴 𑄈𑄉𑄢 𑄘𑄪𑄝𑄧𑄖𑄴 𑄌𑄪𑄛𑄴 𑄉𑄧𑄢𑄨।,Present
.তার বোটা বুো করে সেই দিনও জুে থাকে,𑄖𑄚𑄳𑄠𑄝𑄨𑄠𑄬 𑄝𑄪𑄢𑄴 𑄟𑄢𑄬 𑄥𑄬𑄛𑄴𑄛𑄪𑄠 𑄘𑄨𑄚𑄬𑄃𑄨 𑄡𑄪𑄁 𑄉𑄧𑄢𑄨,Present
ইে মািে এত ব ব করে,𑄃𑄨𑄎𑄬 𑄟𑄎𑄬 𑄙𑄝 𑄃𑄬𑄖𑄴𑄖𑄧𑄚𑄴 𑄖𑄚𑄳𑄠𑄝𑄨𑄢𑄬 𑄣𑄮𑄞𑄴 𑄉𑄧𑄢𑄨।,Present
তাাতাি সাজুকে বুো করে নিচে নিে যা,𑄖𑄚𑄳𑄠𑄝𑄨𑄠𑄬 𑄥𑄎𑄪𑄢𑄬 𑄝𑄪𑄉𑄧𑄖𑄴 𑄖𑄧𑄣𑄬 𑄈𑄪𑄟𑄴 𑄘𑄨𑄚𑄬𑄃𑄨,Present
গাছের সাথে পাখানা খেে যাওা অনেক সুন্দর,𑄉𑄞𑄪𑄢𑄴 𑄣𑄧𑄉𑄬 𑄟𑄪𑄌𑄴𑄍𑄱 𑄈𑄬𑄃𑄨 𑄡𑄚𑄴 𑄃𑄧𑄟𑄧𑄇𑄧𑄘𑄧 𑄘𑄮𑄣𑄴 𑄇𑄬𑄚𑄬𑄃𑄨।,Present
.তার বিালটা সুঁচালো জামা দিে চূা দিল,𑄖𑄚𑄳𑄠𑄝𑄨𑄠𑄬 𑄥𑄪𑄘 𑄇𑄘𑄬 𑄌𑄧𑄢𑄴𑄇𑄖𑄴 𑄘𑄨𑄣𑄧 𑄟𑄧𑄣𑄴𑄊𑄧𑄢,Past
চূা ফুলের সুগন্ধ নিে রে যা,𑄌𑄧𑄟𑄴𑄝𑄜𑄪𑄣𑄧𑄢𑄴 𑄝𑄳𑄦𑄌𑄴 𑄚𑄨𑄉𑄨𑄣𑄬 𑄢𑄪𑄝𑄬 𑄢𑄧𑄋𑄬 𑄘𑄧𑄣𑄇𑄧𑄢।,Present
.তার বোটা মাটিতে গিে খেেছি,𑄖𑄚𑄳𑄠𑄝𑄨𑄠𑄬 𑄝𑄨𑄌𑄴𑄍𑄮𑄚𑄧𑄖𑄴 𑄡𑄠𑄴 𑄈𑄘𑄨𑄖𑄴 𑄉𑄮𑄎𑄬𑄃𑄨 𑄈𑄬𑄁𑄉𑄧𑄢𑄧𑄁,Present
তালে তালে নাচতে নাচতে স্বর্গে উঠে স্বর্গ রাজা,𑄖𑄣𑄬 𑄖𑄣𑄬 𑄚𑄎𑄨 𑄃𑄪𑄘𑄬 𑄥𑄧𑄢𑄴𑄉𑄧 𑄢𑄎 𑄃𑄨𑄚𑄴𑄘𑄳𑄢𑄧𑄢𑄧𑄁।,Present
.তান্যেবি ঘুমাই যা ফুলের মলা দিে,𑄖𑄚𑄳𑄠𑄝𑄨𑄠𑄬 𑄊𑄪𑄟𑄴 𑄡𑄠𑄴 𑄑𑄋𑄬𑄃𑄨 𑄜𑄪𑄣𑄧 𑄟𑄧𑄎𑄧𑄢𑄨,Present
.তান্যেবিকে দেখতে হ হরিণের মতো,𑄖𑄚𑄳𑄠𑄝𑄨𑄢𑄬 𑄌𑄬𑄘𑄧 𑄡𑄬𑄃𑄨𑄠𑄬 𑄦𑄧𑄢𑄨𑄌𑄴𑄌𑄧𑄚𑄴𑄘𑄳𑄢𑄧 𑄌𑄮𑄙𑄪𑄢𑄨।,Present
তাাতাি বেইনটা উঠতেছে কাপের তলানি,𑄖𑄚𑄳𑄠𑄝𑄨𑄠𑄬 𑄝𑄬𑄃𑄨𑄚𑄳𑄠 𑄃𑄪𑄘𑄬 𑄇𑄝𑄢𑄴 𑄌𑄮𑄝𑄧𑄢𑄴 𑄥𑄮𑄢𑄴𑄉𑄧𑄢𑄨,Present
গরুগুলো ব ব করে হাসছে,𑄉𑄮𑄎𑄬𑄚𑄧𑄖𑄴𑄖𑄪𑄚𑄴 𑄝𑄧𑄢𑄴 𑄟𑄉𑄬 𑄦𑄎𑄧𑄁 𑄦𑄎𑄧𑄁 𑄟𑄪 𑄉𑄧𑄢𑄨।,Present
তাাতাি বো যাওা অনেক ব বিল দিল,𑄖𑄚𑄳𑄠𑄝𑄨𑄠𑄬 𑄝𑄬𑄢𑄳𑄦𑄬𑄘𑄧 𑄡𑄠𑄴 𑄇𑄧𑄖𑄴𑄖 𑄘𑄨𑄣𑄧 𑄟𑄧𑄖𑄴𑄖𑄧 𑄝𑄨𑄣𑄴,Past
তার কুটুমটা এখানে দিে গেল,𑄖 𑄇𑄪𑄘𑄪𑄟𑄴𑄟𑄮 𑄃𑄨𑄘𑄪 𑄉𑄬𑄣𑄧 𑄉𑄳𑄠𑄬𑄖𑄨 𑄉𑄪𑄖𑄴𑄖𑄨 𑄌𑄬𑄉𑄮𑄦𑄨𑄣𑄴।,Past
.তান্যেবি ফিরে আসলো বাির কাজে,𑄖𑄚𑄳𑄠𑄝𑄨𑄠𑄬 𑄜𑄨𑄢𑄨 𑄃𑄬𑄣𑄧 𑄊𑄧𑄢𑄧 𑄇𑄟𑄧𑄖𑄴 𑄘𑄨𑄣𑄧 𑄟𑄧𑄚𑄴,Past
.তার বিচির চামা হলো বুির গাে অনেক ধন,𑄖𑄚𑄳𑄠𑄝𑄨𑄢𑄬 𑄝𑄮 𑄌 𑄃𑄬𑄣𑄧 𑄝𑄪𑄢𑄨 𑄊𑄘𑄧𑄢𑄴 𑄇𑄧𑄟𑄧𑄣𑄴 𑄙𑄧𑄚𑄴।,Present
তার কথাগুলো মনে পে,𑄖𑄚𑄳𑄠𑄝𑄨𑄠𑄬 𑄇𑄧𑄙 𑄥𑄪𑄚𑄨 𑄟𑄧𑄚𑄬 𑄟𑄧𑄚𑄬 𑄟𑄧𑄚𑄴 𑄇𑄚𑄬,Present
ব করার সম কথা দিল সে,𑄝𑄮 𑄘𑄨𑄝𑄖𑄴𑄖𑄬 𑄇𑄧𑄙 𑄘𑄨𑄣𑄇𑄴 𑄖 𑄝𑄝𑄬 𑄃 𑄟𑄠𑄬।,Past
.তান্যেবি রানা যাওার সম সুঁচালো দাঁিটা টানলো,𑄖𑄚𑄳𑄠𑄝𑄨 𑄢𑄚𑄳𑄠𑄖𑄴 𑄡𑄠𑄴 𑄥𑄪𑄉𑄧𑄢𑄨 𑄘𑄘𑄨 𑄑𑄚𑄬𑄢𑄴𑄣𑄮𑄃𑄨,Past
.পুরাতন কথা গুলো মনে পতেছে,𑄛𑄪𑄢𑄧𑄚𑄨 𑄇𑄧𑄙 𑄃𑄨𑄘𑄮𑄖𑄴 𑄖𑄪𑄣𑄨 𑄉𑄪𑄎𑄪𑄢𑄨 𑄉𑄪𑄎𑄪𑄢𑄨 𑄇𑄚𑄬𑄢𑄴𑄣𑄮𑄃𑄨।,Present
.তান্যেবি ফলের চারাগুলো ভালো করে পরিষ্কার করে।,𑄖𑄚𑄳𑄠𑄝𑄨𑄠𑄬 𑄜𑄧𑄣𑄴 𑄌𑄢𑄃𑄨 𑄘𑄮𑄣𑄬 𑄘𑄮𑄣𑄬 𑄌𑄋𑄚𑄴 𑄘𑄨,Present
"গাির সাথে কে যেন কথা বলতেছে, আলোন করতেছে",𑄉𑄞𑄪𑄢𑄴 𑄣𑄧𑄉𑄬 𑄇𑄮 𑄇𑄨 𑄉𑄧𑄖𑄴𑄖𑄧𑄚𑄴 𑄝𑄮 𑄌 𑄃𑄬𑄣𑄬 𑄘𑄨𑄝𑄇𑄴 𑄞𑄋𑄧𑄚𑄴𑄘𑄨।,Present
গািে দো ভালো করে কোন কিছু ভেঙ্গে যা,𑄉𑄞𑄪𑄢𑄴 𑄘𑄘 𑄝𑄢𑄬𑄁 𑄝𑄪𑄚𑄬 𑄘𑄮𑄣𑄬 𑄘𑄮𑄣𑄬 𑄇𑄪𑄚𑄴 𑄞𑄋𑄬,Present
আজকে কথা বললে সাথে সাথে মন ভেঙে যা,𑄃𑄎𑄧𑄣𑄴 𑄇𑄧𑄙 𑄇𑄧𑄙𑄧 𑄉𑄬𑄣𑄬 𑄥𑄧𑄁𑄉𑄨 𑄞𑄬𑄃𑄨𑄠𑄬 𑄟𑄧𑄚𑄴 𑄞𑄋𑄬।,Present
.তান্যেবিে ভাত খাওার জন্য যা কলা খাওা,𑄖𑄚𑄳𑄠𑄝𑄨𑄠𑄬 𑄢𑄚𑄳𑄠𑄖𑄴 𑄡𑄠𑄴 𑄢𑄚𑄨 𑄈𑄃𑄨𑄉𑄰 𑄇𑄧𑄣 𑄉𑄌𑄴,Present
.তান্যেবিার পাশ দিে যা না,𑄖𑄚𑄳𑄠𑄝𑄨𑄠𑄬 𑄇𑄪𑄢𑄬 𑄡𑄬𑄃𑄨 𑄚𑄧 𑄛𑄢𑄬 𑄞𑄪𑄢𑄪𑄁 𑄞𑄪𑄢𑄪𑄁 𑄛𑄧𑄎 𑄝𑄌𑄴।,Present
.তার বোটা সারাদিন মাটিতে পে থাকে,𑄖𑄚𑄳𑄠𑄝𑄨𑄠𑄬 𑄍𑄧𑄢 𑄃𑄨𑄏𑄬 𑄘𑄨𑄚𑄴𑄚𑄮𑄠 𑄃𑄨𑄎𑄬 𑄟𑄎𑄬 𑄃𑄬𑄇𑄴 𑄇𑄪𑄢𑄪𑄟𑄴,Present
.তান্যেবিকে সুন্দর সুন্দর কথা বলে এক সুর,𑄖𑄚𑄳𑄠𑄝𑄨𑄢𑄬 𑄘𑄮𑄣𑄴 𑄘𑄮𑄣𑄴 𑄇𑄧𑄚𑄴𑄘𑄬 𑄛𑄪𑄚𑄬 𑄟𑄧𑄙𑄠𑄴 𑄃𑄬𑄇𑄴 𑄥𑄪𑄢𑄪𑄁।,Present
.তার বিে জুম করলে চার মাা ঘুরে যা,𑄖𑄚𑄳𑄠𑄝𑄨𑄠𑄬 𑄎𑄪𑄟𑄴 𑄍𑄪𑄣𑄬 𑄌𑄢𑄳𑄦𑄨 𑄟𑄙𑄧𑄠𑄴 𑄊𑄪𑄖𑄴𑄖𑄬 𑄡𑄧𑄠𑄴,Present
.তান্যেবিকে কাজ করার জন্য কেকদিন যেতে হ,𑄖𑄚𑄳𑄠𑄝𑄨𑄢𑄬 𑄇𑄟𑄴𑄟𑄱 𑄇𑄧𑄚𑄴𑄘𑄬 𑄃𑄪𑄖𑄴𑄖𑄬 𑄝𑄧𑄖𑄴𑄖𑄬 𑄘𑄨𑄚𑄴𑄚𑄱 𑄡𑄠𑄴।,Present
.তান্যেবিে বািতে এসে শুে থাকলাম,𑄖𑄚𑄳𑄠𑄝𑄨𑄠𑄬 𑄊𑄧𑄢𑄧𑄖𑄴 𑄃𑄬𑄡𑄬 𑄌𑄪𑄘𑄱 𑄝𑄪𑄉𑄨 𑄝𑄢𑄬𑄋𑄱,Past
. লাফিে লাফিে দৌে এসেছে হরিণটা,𑄜𑄢𑄴𑄣𑄬𑄃𑄨 𑄜𑄣𑄴𑄣𑄬𑄃𑄨 𑄙𑄝 𑄃𑄬𑄡𑄬 𑄍𑄧𑄢𑄴(𑄥𑄬𑄣𑄴) 𑄈𑄬𑄭𑄠𑄬 𑄦𑄧𑄢𑄨𑄋𑄱।,Present
তাাতাি পিনন পরিধান করে নেওা জামা পরিধান করে চামা করবে,𑄖𑄚𑄳𑄠𑄝𑄨𑄠𑄬 𑄛𑄨𑄚𑄧𑄚𑄴 𑄛𑄨𑄚𑄬 𑄚𑄬𑄠𑄬𑄖𑄴 𑄉𑄪𑄎𑄬𑄃𑄨 𑄌𑄝𑄮𑄉𑄨,Future
.লম্বা পথ না চিনে সে বিপদের কথা বলবে কি?,𑄣𑄌𑄴 𑄥𑄧𑄢𑄧𑄟𑄴 𑄚𑄧 𑄌𑄨𑄚𑄬 𑄖𑄬 𑄘𑄪𑄉𑄧𑄢𑄴 𑄇𑄧𑄙 𑄇𑄧𑄝𑄧 𑄇𑄨?,Future
.তান্যেবিে ঘুম যা তেল পে,𑄖𑄚𑄳𑄠𑄝𑄨𑄠𑄬 𑄊𑄪𑄟𑄴 𑄡𑄠𑄴 𑄖𑄬𑄣𑄳𑄠𑄛𑄪𑄉𑄬 𑄊𑄪𑄢𑄴𑄇𑄢𑄬,Present
সঙ্গীরা ঘুমা ভাত রান্না করার সম চুরি করে,𑄥𑄧𑄁𑄥𑄟𑄎𑄳𑄠 𑄊𑄪𑄟𑄧𑄖𑄴 𑄛𑄧𑄢𑄴𑄣𑄳𑄠 𑄞𑄖𑄴 𑄖𑄮𑄚𑄚𑄨 𑄌𑄪𑄢𑄴 𑄉𑄧𑄢𑄬।,Present
.তান্যেবি বেইন বুনে বোইনের নিচে গিেছে,𑄖𑄚𑄳𑄠𑄝𑄨𑄠𑄬 𑄝𑄬𑄚𑄴 𑄝𑄪𑄚𑄬 𑄝𑄬𑄚𑄧𑄖𑄴 𑄖𑄧𑄣𑄬 𑄒𑄪𑄢𑄴𑄌𑄪𑄟,Present
আগাছাটি কোন রকমে ফুল তুলছে,𑄃𑄧𑄎𑄎𑄮𑄝𑄱 𑄇𑄧𑄚𑄧𑄟𑄧𑄘𑄬 𑄜𑄪𑄣𑄴𑄖𑄪𑄣𑄧𑄚 𑄖𑄢𑄴 𑄒𑄪𑄟।,Present
.তরকারিটা গাঙে যাওার সম মাছের শীল,𑄖𑄚𑄳𑄠𑄝𑄨𑄠𑄬 𑄉𑄋𑄧𑄖𑄴 𑄡𑄠𑄴 𑄈𑄘𑄨𑄖𑄴𑄖𑄧𑄣𑄬 𑄟𑄌𑄴𑄍𑄱 𑄥𑄨𑄣𑄴,Present
ভরে যাওার সম তাকে কাপ দিে কাত করা হ,𑄞𑄧𑄢𑄧𑄚𑄴 𑄛𑄨𑄢𑄧𑄚𑄴 𑄇𑄧𑄚𑄴𑄘𑄬 𑄖𑄢𑄬 𑄇𑄝𑄧𑄢𑄴 𑄃𑄪𑄣𑄴𑄣𑄳𑄠 𑄇𑄖𑄴𑄖𑄧𑄱𑄠 𑄌𑄨𑄣𑄴।,Present
তাাতাি মাা করে কেকটা গ্রামে যা,𑄖𑄚𑄳𑄠𑄝𑄨𑄠𑄬 𑄟𑄚𑄳𑄠 𑄉𑄧𑄢𑄬 𑄇𑄧𑄘𑄧𑄣𑄴𑄛𑄪𑄢𑄧𑄖𑄴 𑄡𑄬𑄝𑄖𑄳𑄠𑄃𑄨,Present
যুবক সাথে সাথে দৌড় প্রতিযোগিতা করছে।,𑄉𑄞𑄪 𑄟𑄧𑄢𑄧𑄘𑄧 𑄣𑄧𑄉𑄬 𑄣𑄧𑄉𑄬 𑄖𑄨𑄚𑄋𑄴 𑄜𑄣𑄋𑄴 𑄃𑄝𑄘𑄳𑄠𑄃𑄨।,Present
.তান্যেবিে চুলে কালো হাদি পেছে,𑄖𑄚𑄳𑄠𑄝𑄨𑄠𑄬 𑄌𑄪𑄣𑄴 𑄃𑄀𑄎𑄪𑄢𑄬 𑄃𑄪𑄉𑄪𑄢𑄴 𑄇𑄣 𑄈𑄘𑄨 𑄛𑄳𑄦𑄬𑄌𑄴,Present
তার মাথা চুল আছে কোন ছাগল তার কাছ থেকে চুলগুলো নিে এসেছে,𑄖𑄚𑄳𑄠𑄝𑄨𑄖𑄴𑄖𑄪𑄚𑄴 𑄌𑄪𑄣𑄴 𑄃𑄊𑄬 𑄇𑄧𑄚𑄴 𑄍𑄉𑄧𑄣𑄧𑄘𑄢𑄨 𑄥𑄨𑄖𑄴𑄖𑄪𑄚𑄴 𑄝𑄳𑄦𑄬𑄌𑄴।,Present
তার বোইে বািতে যাওার সম একটা কাপ পে যা,𑄖𑄚𑄳𑄠𑄝𑄨𑄠𑄬 𑄊𑄧𑄢𑄧𑄖𑄴 𑄡𑄠𑄴 𑄃𑄨𑄎𑄮𑄢𑄴 𑄎𑄧𑄉 𑄈𑄪𑄟𑄴 𑄛𑄨𑄣,Present
.তান্যেবিকে সুন্দর সুন্দর বলে রাজার হাতদুম মিলে,𑄖𑄚𑄳𑄠𑄝𑄨𑄢𑄬 𑄘𑄮𑄣𑄴 𑄘𑄮𑄣𑄴 𑄇𑄧𑄚𑄴𑄘𑄬 𑄢𑄎𑄢𑄴 𑄦𑄘𑄧𑄢𑄴 𑄓𑄪𑄟𑄧 𑄟𑄨𑄣।,Present
তার কথাগুলো মনে পে ঘন ঘন,𑄖𑄚𑄳𑄠𑄝𑄨𑄠𑄬 𑄇𑄧𑄙 𑄥𑄪𑄚𑄨 𑄟𑄧𑄚𑄬 𑄞𑄝𑄬 𑄊𑄧𑄚𑄧 𑄊𑄧𑄚𑄴,Present
.গািটা লাঙলের ভাংচি না শুনে হাসছে।,𑄉𑄞𑄪𑄢𑄴 𑄣𑄧𑄉𑄧𑄢𑄴 𑄞𑄋𑄧𑄚𑄴𑄘𑄨 𑄚𑄧 𑄥𑄪𑄚𑄨𑄣𑄧 𑄇𑄧𑄟𑄧𑄣𑄴𑄙𑄧𑄚𑄴।,Present
.তান্যেবি কথা বলে নরম পাত উঠা,𑄖𑄚𑄳𑄠𑄝𑄨𑄠𑄬 𑄇𑄧𑄙 𑄇𑄧𑄠𑄴 𑄚𑄧𑄢𑄧𑄟𑄴 𑄛𑄘𑄧𑄣𑄴 𑄃𑄪𑄖𑄴𑄖𑄚𑄨,Present
.তান্যেবিে হাত দো সবগুলো,𑄖𑄚𑄳𑄠𑄝𑄨𑄠𑄬 𑄦𑄎𑄬𑄢𑄴 𑄥𑄪𑄚𑄨 𑄙𑄧𑄢𑄴𑄝𑄚𑄳𑄦 𑄝𑄬𑄇𑄴𑄇𑄚𑄨।,Present
.তার বিালের বোাল যেতে ইচ্ছে করছে।,𑄖𑄚𑄳𑄠𑄝𑄨𑄠𑄬 𑄝𑄮 𑄡𑄬𑄝𑄢𑄴 𑄟𑄧𑄚𑄴𑄚𑄧 𑄃𑄬𑄝𑄬𑄣𑄴 𑄉𑄧𑄣𑄳𑄠𑄧 𑄘𑄮𑄣𑄴,Present
কুিে তাাতাি বরফে কমলগুলো নিে মিললো,𑄇𑄪𑄢𑄳𑄦𑄨 𑄖𑄢𑄨𑄇𑄴 𑄟𑄊𑄧 𑄎𑄢𑄧𑄖𑄴 𑄇𑄧𑄟𑄧𑄣𑄴𑄙𑄧𑄚𑄴 𑄣𑄧𑄃𑄨 𑄟𑄨𑄣𑄧𑄚𑄴 𑄤𑄧𑄣𑄴।,Past
গাের দাঁতগুলো পোকা খেেছে,𑄉𑄞𑄪𑄢𑄴 𑄘𑄙 𑄛𑄬𑄃𑄨𑄇𑄴 𑄛𑄪𑄎𑄬 𑄛𑄬𑄚𑄴𑄎𑄪𑄢𑄧𑄖𑄴𑄖𑄪𑄚𑄴 𑄇𑄬𑄢𑄴 𑄈𑄬𑄢𑄠𑄴,Present
এক সমে উে যাওার পর কানে দাদা পে,𑄃𑄬𑄇𑄴 𑄃𑄧𑄇𑄴𑄖𑄧𑄖𑄴 𑄃𑄪𑄢𑄳𑄦𑄨 𑄡𑄨𑄠𑄬 𑄇𑄚𑄬 𑄘𑄘 𑄖𑄢𑄴 𑄛𑄧𑄢𑄠𑄴।,Present
চাকমাদের এক ধরনের কথা,𑄌𑄋𑄴𑄟𑄳𑄦 𑄃𑄬𑄇𑄴 𑄝𑄌𑄳𑄠 𑄇𑄧𑄙,Present
তোবি: ব ব চামা চামা,𑄗𑄮𑄝𑄨𑄠𑄬: 𑄘𑄋𑄴𑄉𑄪 𑄃𑄨𑄚𑄴𑄎𑄬𑄝𑄴 𑄌𑄋𑄴𑄟𑄳𑄦 𑄌𑄢𑄪,Present
"আরও, আরও, আরও",𑄃𑄢𑄧 𑄇𑄪𑄘𑄪𑄟𑄴।,Present
উঠানে ধান চাষ করা,𑄃𑄚𑄴𑄘𑄢𑄧𑄖𑄴 𑄙𑄚𑄴 𑄇𑄪𑄎𑄧𑄚।,Present
অপরিচ্ছন্ন হেছে,𑄃𑄎𑄝𑄬𑄢𑄴 𑄚𑄧 𑄦𑄨𑄠𑄬।,Present
এক জাতী মাছ,𑄃𑄙𑄧 𑄇𑄪𑄢𑄨 𑄊𑄘𑄧'𑄟𑄌𑄴।,Present
.অতিরিক্ত পথ,𑄃𑄙𑄨𑄇𑄳𑄠 𑄛𑄧𑄣𑄴𑄣𑄚𑄴।,Present
একজন দঙিা গুরু,𑄃 𑄘𑄧𑄋𑄬𑄠𑄳𑄠 𑄉𑄪𑄢𑄪।,Present
এক জাতী ফুল,𑄃𑄣𑄨𑄉𑄖𑄴𑄬 𑄟𑄣𑄬𑄭 𑄜𑄪𑄣𑄴।,Present
এক জাতী শাক,𑄃𑄟𑄨𑄣𑄬𑄠𑄳𑄠 𑄥𑄨𑄉𑄮𑄝𑄴 𑄥𑄇𑄴।,Present
আমটি ভর্তা,𑄃𑄟𑄧𑄖𑄴𑄧𑄣𑄴 𑄝𑄙𑄨।,Present
অব্য পদ,𑄃𑄳𑄦𑄙𑄬 𑄦𑄪𑄌𑄴𑄦𑄪𑄎𑄚।,Present
বজ্রপাতের শব্দ,𑄃𑄏𑄢𑄴 𑄝𑄚𑄴 𑄥𑄧𑄦𑄧𑄥𑄳𑄢𑄧 𑄝𑄚𑄴।,Present
আগুনটা দাউ দাউ করে জ্বলতেছে,𑄃𑄉𑄪𑄚𑄧𑄖𑄴 𑄘𑄳𑄠𑄨 𑄘𑄪𑄢𑄴।,Present
এদিকে দিে দিে তরকারি,𑄃 𑄤𑄧𑄣𑄮𑄖𑄴 𑄘𑄨𑄠𑄳𑄠 𑄖𑄮𑄚𑄴।,Present
গ্রাম ঘুরে যাওা,𑄃𑄘𑄋 𑄃𑄪𑄢𑄚।,Present
এক কামে গা খাওা,𑄃𑄬𑄇𑄴𑄮 𑄇𑄟𑄧𑄢𑄧𑄖𑄴 𑄉𑄧𑄌𑄳𑄠 𑄛𑄌𑄳𑄠।,Present
এগুলো বেশি করে,𑄃𑄬𑄢 𑄇𑄪𑄘𑄧 𑄉𑄧𑄢𑄴।,Present
এক কামে গিে পা,𑄃𑄬𑄇𑄴𑄮 𑄇𑄟𑄧𑄢𑄧𑄧𑄖𑄴 𑄉𑄧𑄌𑄳𑄠 𑄛𑄧𑄢𑄚।,Present
কানা ছিদ্র করে দো,𑄇𑄚 𑄃𑄪𑄉𑄪𑄢𑄬𑄘𑄨 𑄝𑄝𑄬𑄃𑄨 𑄘𑄬𑄚।,Present
কানে না শোনা,𑄇𑄚𑄬 𑄥𑄨𑄋𑄬 𑄝𑄚।,Present
.কেকটা পোকা খেেছে,𑄇𑄧𑄢 𑄛𑄪𑄇𑄴 𑄈𑄨𑄠𑄳𑄠 𑄇𑄪𑄢𑄧𑄝𑄮।,Present
কাঁকার খোলস খুলে দো,𑄇𑄋𑄢 𑄟𑄧𑄎 𑄜𑄘𑄨 𑄘𑄬𑄚।,Present
এক জাতী ফল যা সবজি হিসেবে ব্যবহৃত হ,𑄇𑄪𑄟𑄧𑄢𑄧 𑄖𑄮𑄚𑄧 𑄃𑄨𑄎𑄬।,Present
কুালের মুখে একটা পা পা,𑄇𑄪𑄢𑄧 𑄟𑄪𑄤𑄧𑄖𑄴 𑄃𑄨𑄎𑄬 𑄛𑄧𑄌𑄳𑄠 𑄛𑄢।,Present
এক জাতী বুনো ফল,𑄇𑄪𑄢𑄧 𑄌𑄧𑄢 𑄝𑄨𑄣𑄬𑄃𑄨।,Present
".কুটির আগা দেখছেন তারা,কুটির আগার কাঁটা","𑄇𑄪𑄘𑄪 𑄃𑄉𑄌𑄴 𑄌𑄚𑄴 𑄖𑄢, 𑄇𑄪𑄘𑄪 𑄛𑄪𑄚𑄧 𑄇𑄬𑄌𑄴 𑄜𑄧𑄢।",Present
"এক জাতী শাক,কিোর পিপা","𑄇𑄨𑄠𑄮𑄢𑄴 𑄝𑄪𑄉𑄧𑄢𑄴 𑄥𑄌𑄴, 𑄇𑄨𑄠𑄮𑄢𑄴 𑄛𑄨𑄘𑄧 𑄥𑄌𑄴।",Present
কচু পাতার পানি,𑄇𑄧𑄎𑄪 𑄛𑄘 𑄛𑄚𑄨।,Present
কান গরু চরানো,𑄇𑄚𑄴 𑄉𑄧𑄢𑄪 𑄌𑄧𑄢𑄚।,Present
এক জাতী কুকুর,𑄇𑄨𑄠𑄧𑄋𑄴 𑄊𑄧𑄢𑄧 𑄇𑄪𑄉𑄪𑄢𑄴।,Present
গাছ থেকে পা পা,𑄉𑄎𑄧𑄖𑄴𑄪𑄚𑄴 𑄦𑄧𑄣 𑄛𑄧𑄌𑄳𑄠 𑄛𑄢।,Present
লাঠি দিে মারা,𑄉𑄙𑄨 𑄝𑄪𑄢𑄴 𑄟𑄢𑄨 𑄃𑄪𑄘𑄚।,Present
গানজামা কাপ ছিঁে দেওা,𑄉𑄚𑄴𑄎 𑄇𑄚𑄨 𑄝𑄨𑄎𑄨 𑄘𑄬𑄚।,Present
এক জাতী গাছ,𑄉𑄠𑄴 𑄌𑄬𑄣 𑄉𑄠𑄴 𑄥𑄨𑄋𑄴।,Present
গা গাছ দিে বাগানে যাওা,𑄉𑄧𑄢𑄴 𑄉𑄡𑄳𑄠 𑄝𑄉𑄧𑄖𑄴 𑄛𑄢𑄚।,Present
ঘা আছে এমন পোকা পা,𑄊 𑄚𑄬𑄭 𑄉𑄪𑄢𑄨 𑄛𑄪𑄇𑄴 𑄛𑄧𑄢𑄚।,Present
বাির ইঁদুরে বোনো,𑄊𑄧𑄢𑄧 𑄃𑄪𑄚𑄴𑄘𑄪𑄢𑄬 𑄝𑄬𑄢𑄴 𑄇𑄟𑄢𑄚।,Present
বাির উন্দুটা উঠতেছে আর পরতেছে,𑄊𑄧𑄢𑄧 𑄃𑄪𑄚𑄴𑄘𑄪𑄝𑄮 𑄃𑄪𑄙𑄬𑄢𑄴 𑄃𑄢𑄴 𑄛𑄧𑄢𑄬𑄢𑄴।,Present
বািতে খিল খিল শব্দ,𑄊𑄧𑄢𑄧𑄖𑄴 𑄈𑄨𑄣𑄴𑄈𑄨𑄣𑄚𑄨।,Present
এক জাতী মরিচ,𑄌𑄨𑄉𑄧𑄚𑄴 𑄟𑄧𑄢𑄢𑄨𑄌𑄴 𑄏𑄣𑄴 𑄝𑄬𑄌𑄴।,Present
ছেঁা লাগলে রক্ত পে না,𑄌𑄨𑄚𑄴𑄘𑄬𑄣𑄬 𑄣𑄮 𑄚𑄧 𑄛𑄧𑄢𑄬।,Present
চোখের তেল দিে কান্না করা,𑄌𑄮𑄉𑄧𑄖𑄴 𑄖𑄬𑄣𑄴 𑄘𑄨𑄚𑄬 𑄇𑄚𑄚।,Present
কাঠ দিে বানানো,𑄌𑄘𑄢 𑄣𑄉𑄧𑄖𑄴 𑄛𑄚।,Present
চোখ বন্ধ করা,𑄌𑄮𑄉𑄧𑄘𑄨 𑄎𑄪𑄚𑄨 𑄘𑄬𑄉𑄚।,Present
চূা মাটিতে আছে খাওা,𑄌𑄪𑄉𑄮𑄚𑄧 𑄟𑄘𑄨𑄖𑄴 𑄃𑄏𑄢𑄴 𑄈𑄚।,Present
চিটা কানটা ঝাপসা দেখা,𑄌𑄨𑄘𑄬𑄚𑄧 𑄇𑄚𑄘𑄨 𑄛𑄳𑄦𑄧𑄢𑄴 𑄘𑄬𑄊𑄚।,Present
ছোট আকারের এক জাতী সাপ ধরতে পারা,𑄌𑄨𑄉𑄧𑄚𑄴 𑄉𑄪𑄢𑄧 𑄛𑄬𑄭𑄉𑄧 𑄝𑄳𑄦 𑄥𑄛𑄴 𑄛𑄨𑄠𑄬 𑄛𑄢।,Present
এক জাতী বুনো ফল,𑄌𑄧𑄋𑄴𑄢 𑄃𑄙𑄣𑄨।,Present
চোখের পলকের মধ্যে বানর মেে,𑄌𑄮𑄇𑄧 𑄇𑄪𑄢𑄬 𑄝𑄚𑄴𑄘𑄧𑄢𑄴 𑄟𑄏𑄨।,Present
লাফিে পা,𑄏𑄪𑄛𑄧 𑄥𑄬𑄢𑄬 𑄛𑄮𑄢𑄮𑄣𑄴।,Present
ঝিঙে ফুল,𑄏𑄨𑄉𑄬 𑄜𑄪𑄣𑄴।,Present
জঙ্গলের চোখ,𑄏𑄢𑄴𑄝𑄮 𑄌𑄮𑄇𑄴।,Present
জঙ্গলি মন,𑄏𑄢𑄴𑄝𑄮 𑄟𑄧𑄚𑄴।,Present
এক জাতী মাছ,𑄖𑄬𑄣𑄳𑄠 𑄃𑄨𑄎𑄬𑄛𑄴।,Present
এক জাতী বুনো ফল যা সবজি হিসেবে ব্যবহৃত হ,𑄖𑄪𑄉𑄪𑄚𑄧 𑄝𑄌𑄴।,Present
এক জাতী পোকা,𑄖𑄪𑄌𑄳𑄠 𑄛𑄪𑄇𑄴।,Present
ত্রিপুরা ছেলে,𑄖𑄨𑄝𑄨𑄢𑄬𑄋𑄴 𑄉𑄪𑄃𑄨।,Present
তার হাতের বালা,𑄖 𑄦𑄘𑄧𑄖𑄴 𑄘𑄧𑄞𑄇𑄙𑄨।,Present
তার থেকে আরও বাঁশ পাওা,𑄖𑄧𑄘𑄖𑄴 𑄃𑄢𑄴 𑄝𑄌𑄳𑄠 𑄛𑄢।,Present
ত্রিপুরা মেে,𑄖𑄨𑄝𑄨𑄢𑄬 𑄟𑄨𑄣𑄬 𑄣𑄨𑄋𑄴।,Present
ত্রিপুরা জাতি,𑄖𑄨𑄝𑄨𑄢𑄬 𑄉𑄧𑄢𑄴𑄝।,Present
থালা পানি দো,𑄗𑄣𑄧𑄖𑄴 𑄛𑄚𑄨 𑄘𑄨𑄠𑄳𑄠 𑄛𑄢।,Present
পাের ফাকেঁ হাত দিে নাচ,𑄗𑄬𑄋𑄴 𑄜𑄘 𑄚𑄘𑄬𑄋𑄴।,Present
দুম্ম মেে,𑄘𑄪𑄟𑄴 𑄟𑄨𑄣𑄬 𑄟𑄪।,Present
দুইজনে মেশা,𑄘𑄧𑄎𑄧𑄚𑄬 𑄟𑄨𑄣𑄚।,Present
এক জাতী বুনো ফল,𑄘𑄧𑄎𑄧 𑄝𑄢 𑄃𑄬𑄉𑄢𑄧।,Present
দাদোই থেকে বর,𑄘𑄘𑄧𑄖𑄴𑄪𑄚𑄴 𑄥𑄟𑄬 𑄝𑄧𑄢𑄧।,Present
শক্ত আাবাি,𑄘𑄘𑄬 𑄃𑄳𑄠𑄢 𑄝𑄠𑄴।,Present
ধান নেই এমন জঙ্গল,𑄙𑄚𑄴 𑄚𑄬𑄭 𑄦𑄬𑄢𑄴 𑄏𑄢𑄏𑄢𑄨।,Present
এক জাতী বুনো লতা,𑄙𑄧𑄣𑄭 𑄝𑄝𑄧 𑄉𑄨𑄢𑄨𑄖𑄴𑄨।,Present
বালুচরে হাঁটা,𑄙𑄪𑄣𑄳𑄠 𑄌𑄧𑄢𑄧𑄖𑄴 𑄦𑄘𑄚।,Present
ঢালু জমিতে বাঁশ পা,𑄙𑄬𑄣𑄴 𑄃𑄩𑄙𑄨𑄖𑄴 𑄝𑄌𑄳𑄠 𑄛𑄢।,Present
এক জাতী বুনো ফল,𑄙𑄬𑄣𑄴 𑄝𑄘𑄧𑄣𑄧 𑄉𑄪𑄣𑄨।,Present
bdmean,𑄚,Present
নালা খাা কুকুর,𑄚𑄧𑄣 𑄇𑄬𑄌𑄴 𑄈𑄨𑄠𑄳𑄠 𑄇𑄪𑄉𑄪𑄢𑄴।,Present
এক জাতী বিষধর সাপ,𑄚𑄧' 𑄃𑄇𑄳𑄠 𑄇𑄪𑄢𑄧 𑄝𑄨𑄌𑄴।,Present
নাক কাটলে ছাা বের হ,𑄚𑄇𑄴 𑄇𑄝𑄨𑄣𑄬 𑄍𑄟𑄴𑄟𑄮 𑄝𑄧𑄢𑄬।,Present
নাচিে নাচিে,𑄚' 𑄛𑄨𑄘𑄬 𑄦' 𑄛𑄨𑄘𑄬।,Present
নাতি-নাদি দেখতেছি আমি,𑄚𑄘𑄨𑄚𑄴 𑄘𑄬𑄈𑄳𑄠 𑄟𑄪।,Present
নীল ঘািে যাওা,𑄚𑄨𑄣𑄧 𑄊 𑄃𑄢𑄧𑄖𑄴 𑄘𑄪𑄎𑄚।,Present
নাকের ফোঁা,𑄚𑄇𑄧 𑄘𑄪𑄠𑄮𑄢𑄧 𑄜𑄧𑄢।,Present
নলাক মুনি বিে,𑄚𑄧𑄣𑄇𑄴 𑄟𑄪𑄚𑄨 𑄝𑄨𑄘𑄴𑄘𑄬।,Present
"মাটিতে কিছু নেই,সব বদলে যাওা","𑄛𑄨𑄖𑄴𑄖𑄨𑄟𑄨𑄖𑄴 𑄇𑄧𑄚𑄧 𑄇𑄨𑄌𑄴𑄍𑄪 𑄚𑄬𑄃𑄨 𑄃𑄧𑄣𑄧𑄢𑄴, 𑄝𑄬𑄇𑄴 𑄝𑄧𑄘𑄧𑄣𑄨 𑄡𑄠𑄴।",Present
এক সমে ঝাুে ঘুরে ঘুরে জীবন কাটানো,𑄃𑄬𑄇𑄴 𑄃𑄧𑄇𑄴𑄖𑄧𑄖𑄴 𑄏𑄉𑄬 𑄏𑄉𑄬 𑄏𑄢𑄬 𑄏𑄢𑄬 𑄊𑄪𑄢𑄨 𑄏𑄢𑄧𑄖𑄴 𑄜𑄧𑄣𑄴-𑄟𑄪𑄣𑄴 𑄈𑄬𑄃𑄨 𑄎𑄨𑄁𑄇𑄚𑄨 𑄉𑄧𑄋𑄬𑄘𑄇𑄴।,Present
"আগুন জ্বালানো যা না,কাঁকা মাছ,হাতে খেে জীবন ভরপুর","𑄃𑄉𑄪𑄚𑄴 𑄎𑄣𑄨 𑄚𑄧 𑄎𑄚𑄨𑄘𑄇𑄴, 𑄇𑄎 𑄟𑄌𑄴, 𑄦𑄢𑄬 𑄈𑄬𑄃𑄨 𑄎𑄨𑄁𑄇𑄚𑄨 𑄖𑄮𑄢𑄬𑄘𑄇𑄴।",Present
মানুষরা ধীরে ধীরে টেকনোলজির যুগে পা দিে যা,𑄟𑄖𑄴𑄖𑄧𑄢𑄴 𑄃𑄬𑄌𑄳𑄠 𑄣𑄢𑄬 𑄣𑄢𑄬 𑄖𑄧𑄗𑄳𑄠𑄧 𑄛𑄳𑄢𑄧𑄡𑄪𑄇𑄴𑄖𑄨 𑄡𑄪𑄉𑄧𑄖𑄴 𑄗𑄬𑄋𑄴 𑄘𑄳𑄠𑄪𑄚𑄴।,Present
এই যাত্রাপথটা একটা গ্রাম,𑄃𑄬 𑄡𑄉𑄧𑄖𑄴 𑄛𑄨𑄖𑄴𑄖𑄨𑄟𑄨𑄠𑄚𑄴 𑄃𑄬𑄇𑄴𑄈𑄚𑄴 𑄃𑄘𑄟𑄴।,Present
এই গ্রামের এক জন অন্য জনের সাথে কথা বলতেছে বা বুোটা কথা বলতেছে,𑄃𑄬 𑄃𑄘𑄟𑄧𑄚𑄧𑄢𑄴 𑄃𑄬𑄇𑄴𑄎𑄧𑄚𑄴𑄘𑄮𑄃𑄨 𑄃𑄢𑄧 𑄃𑄬𑄇𑄴𑄎𑄧𑄚𑄬 𑄟𑄘𑄟𑄘𑄨 𑄉𑄧𑄖𑄴𑄖𑄬 𑄝 𑄝𑄪𑄉𑄧𑄢𑄴 𑄃𑄧𑄖𑄣𑄨𑄠𑄬 𑄞𑄛𑄴 𑄜𑄧𑄉𑄧𑄘𑄋𑄴 𑄉𑄧𑄖𑄴𑄖𑄬 𑄣𑄉𑄬 𑄞𑄌𑄴।,Present
"সে বাস,চামাবাস আসতে আসতে ক্লান্ত হে গেল","𑄥𑄬 𑄞𑄌𑄴, 𑄌𑄋𑄴𑄟 𑄞𑄌𑄴 𑄃𑄬𑄌𑄳𑄠 𑄌𑄋𑄴𑄣 𑄃 𑄌𑄋𑄴𑄣𑄨 𑄃𑄧𑄃𑄨 𑄡𑄬𑄣𑄧।",Past
ভে ভে অনেক ব কাজ করছে,𑄞𑄌𑄴 𑄢𑄧𑄇𑄴𑄈𑄬 𑄉𑄧𑄢𑄚 𑄝𑄬𑄉𑄧𑄖𑄴𑄖𑄪𑄚𑄴 𑄝𑄬𑄌𑄴 𑄘𑄋𑄧𑄢𑄴 𑄇𑄟𑄴 𑄢𑄌𑄴𑄖𑄳𑄢𑄧𑄢𑄴।,Present
".মাতে যে রোদ পেছে, সেই রোদ পার সমে একটা লজ্জাবোধ করলো",𑄟𑄖𑄴𑄖𑄧𑄢𑄴 𑄡𑄬 𑄢𑄧𑄌𑄴𑄖𑄳𑄢𑄧 𑄞𑄏𑄧𑄖𑄳𑄠𑄃𑄨 𑄣𑄢𑄳𑄦𑄬𑄃𑄨 𑄉𑄧𑄢𑄨 𑄣𑄮 𑄘𑄨𑄚𑄬𑄃𑄨 𑄃𑄬𑄇𑄴𑄈𑄚𑄴 𑄢𑄌𑄴𑄖𑄳𑄢𑄧 𑄛𑄬𑄣𑄧𑄁 𑄥𑄬 𑄢𑄌𑄴𑄖𑄳𑄢𑄧𑄢𑄴 𑄃𑄧𑄚𑄳𑄠𑄧 𑄎𑄘𑄧𑄢𑄴 𑄞𑄌𑄴 𑄌𑄋𑄴𑄣 𑄃 𑄌𑄋𑄴𑄣𑄨 𑄦𑄧𑄚𑄢𑄴 𑄃𑄬𑄇𑄴𑄈𑄚𑄴 𑄣𑄎𑄧𑄢𑄴 𑄇𑄧𑄙।,Past
ভাই-বোনেরা এইটা নিে অনেক ব কাজ করছে,𑄞𑄌𑄴 𑄇𑄧𑄠𑄚𑄴 𑄃𑄨𑄠𑄚𑄴 𑄚𑄨𑄚𑄬𑄃𑄨 𑄝𑄧𑄦𑄪𑄖𑄴 𑄉𑄧𑄝𑄬𑄥𑄧𑄚 𑄉𑄧𑄌𑄴𑄍𑄮𑄚𑄴 𑄘𑄋𑄧𑄢𑄴 𑄘𑄋𑄧𑄢𑄴 𑄎𑄧𑄙𑄠𑄳𑄠।,Present
.তার মধ্যে মেেটা সাঁতার কাটতেছে।,𑄥𑄬 𑄥𑄬𑄢𑄬 𑄥𑄟𑄢𑄴 𑄃𑄨𑄚𑄴𑄃𑄬𑄥𑄴𑄑𑄨𑄑𑄨𑄃𑄪𑄑𑄴 𑄃𑄧𑄝𑄴 𑄣𑄨𑄁𑄉𑄪𑄃𑄨𑄥𑄴𑄑𑄨𑄇𑄴𑄥𑄴 𑄉𑄧𑄝𑄬𑄥𑄧𑄚𑄃𑄚𑄴 𑄝𑄬𑄉𑄧𑄖𑄴𑄖𑄪𑄚𑄴 𑄘𑄋𑄧𑄢𑄴।,Present
তাদের কেকটা গরুর পেটে ভাত আছে ৬৯০৯.,𑄖𑄢 𑄇𑄧𑄙𑄧𑄚𑄴 𑄉𑄮𑄘 𑄛𑄨𑄖𑄴𑄖𑄨𑄟𑄨𑄖𑄴 𑄞𑄌𑄴 𑄃𑄊𑄬 𑄼𑄿𑄶𑄿𑄃𑄚𑄴।,Present
এই বছর বৃষ্টি পেছে,𑄃𑄬 𑄃𑄨𑄎𑄬𑄛𑄴 𑄸𑄶𑄶𑄿 𑄥𑄣𑄧𑄖𑄴।,Present
.এই মাসের পোার সমে তার মাথা ছিঁা দিে বস মদ পেছে।,𑄃 𑄞𑄏𑄧𑄢𑄴 𑄛𑄮𑄃𑄮𑄘𑄳𑄠𑄚𑄬 𑄖𑄧𑄗𑄳𑄠𑄧 𑄍𑄨𑄘𑄨 𑄘𑄨𑄠𑄳𑄠 𑄃𑄮𑄠𑄬𑄝𑄴𑄥𑄃𑄨𑄑𑄴 𑄃𑄬𑄗𑄴𑄚𑄮𑄣𑄧𑄉𑄴 𑄟𑄧𑄘𑄬 𑄃𑄨𑄢𑄪𑄇𑄴 𑄛𑄨𑄖𑄴𑄖𑄨𑄟𑄨𑄖𑄴 𑄝𑄎𑄨 𑄃𑄊𑄬 𑄽𑄶𑄿𑄽 𑄃𑄚𑄴 𑄞𑄌𑄴।,Present
. ইউনেস্কোর মদে এই সতের জনের মধ্যে সবচেে বেশি ভাত থাকবে না,𑄃𑄨𑄃𑄪𑄚𑄬𑄥𑄴𑄇𑄮 𑄟𑄧𑄘𑄬 𑄃𑄬 𑄥𑄧𑄖𑄝𑄴𑄘𑄨𑄖𑄴 𑄛𑄨𑄖𑄴𑄖𑄨𑄟𑄨𑄖𑄴𑄖𑄪𑄚𑄴 𑄃𑄧𑄢𑄴𑄙𑄬𑄇𑄧𑄖𑄴𑄖𑄪𑄚𑄴 𑄝𑄬𑄌𑄴 𑄞𑄌𑄴 𑄝𑄎𑄨 𑄚𑄧 𑄗𑄬𑄝𑄧।,Future
"কেকটি বিালের মদে, তাই ২১৫ সালে বাঁশটা ফেটে যাবে","𑄇𑄧𑄣𑄧𑄟𑄴𑄝𑄨𑄠 𑄝𑄨𑄌𑄴𑄥𑄧𑄝𑄨𑄘𑄳𑄠𑄣𑄧𑄠𑄧𑄢𑄴 𑄟𑄧𑄘𑄬, 𑄃𑄬𑄡𑄬𑄖𑄴𑄖𑄬 𑄸𑄷𑄷𑄻 𑄥𑄣𑄧𑄖𑄴 𑄝𑄌𑄴 𑄞𑄎𑄨 𑄗𑄬𑄝𑄧 𑄝𑄚 𑄼𑄶𑄶𑄃𑄚𑄴।",Future
আগুনটা একটু নাচা করা,𑄃𑄢𑄴𑄉𑄚𑄨 𑄃𑄮𑄇𑄴 𑄚𑄪𑄃𑄧 𑄉𑄬𑄁𑄈𑄪𑄣𑄨 𑄦𑄘𑄚:,Present
বসে ২২২ সালে হেছে৫১ বছর এখন,𑄝𑄧𑄁𑄘𑄬𑄏𑄧𑄖𑄴 𑄸𑄶𑄸𑄸 𑄥𑄣𑄧𑄖𑄴 𑄃𑄧𑄃𑄨 𑄡𑄬𑄣𑄧 𑄻𑄷 𑄝𑄧𑄏𑄧𑄢𑄴 𑄃𑄨𑄠𑄧𑄖𑄴।,Present
এই দেশ এইকোন দিন ভাবতে পারবো না,𑄃𑄬 𑄟𑄙𑄚𑄴 𑄃𑄬𑄭 𑄇𑄧𑄚𑄧 𑄘𑄨𑄚𑄴 𑄞𑄝𑄨 𑄚𑄧 𑄛𑄢𑄨 𑄃𑄟𑄳𑄦𑄢𑄴 𑄛𑄧𑄇𑄴 𑄘𑄇𑄴 𑄍𑄝 𑄛𑄧𑄢𑄨 𑄡𑄬𑄝𑄧।,Future
এই মুহুর্তে ভুপেন হাজারিকা গানটি বেশি করে এখানে উঠে,𑄃𑄬 𑄃𑄧𑄇𑄴𑄖𑄧𑄖𑄴 𑄞𑄪𑄛𑄬𑄚𑄴 𑄦𑄎𑄢𑄨𑄇 𑄉𑄚𑄴𑄚𑄮 𑄞𑄢𑄨 𑄉𑄧𑄢𑄨 𑄃𑄨𑄙𑄮𑄖𑄴 𑄃𑄪𑄘𑄬𑄢𑄴-,Present
হিল চূা আমাদের সম এত ব হে গেল,𑄦𑄨𑄣𑄴 𑄌𑄘𑄨𑄉𑄋𑄧𑄖𑄴 𑄃𑄟𑄳𑄦 𑄘𑄧𑄇𑄴𑄠𑄳𑄠𑄧 𑄃𑄬𑄙𑄧𑄇𑄳𑄠 𑄃𑄧𑄃𑄨 𑄡𑄬𑄣𑄧।,Past
বাংলা নববর্ষে ৮১২০.বাঙালিদের দল থেকে ৩. বিদা দিে গেল,𑄝𑄁𑄣𑄘𑄬𑄌𑄴 𑄥𑄙𑄨𑄚𑄧𑄖𑄴 𑄻𑄷 𑄝𑄧𑄏𑄧𑄢𑄴 𑄃 𑄛𑄧𑄢𑄴𑄝𑄧𑄖𑄳𑄠𑄧 𑄌𑄪𑄇𑄴𑄖𑄨 𑄸𑄻 𑄝𑄨𑄘𑄨 𑄡𑄬𑄣𑄧।,Past
".বাসস্থান পেলাম না, পেলাম না আশা","𑄚𑄧 𑄛𑄬𑄣𑄧𑄁 𑄞𑄏𑄧𑄢𑄴 𑄃𑄧𑄙𑄨𑄉𑄢𑄴, 𑄚𑄧 𑄛𑄬𑄣𑄧𑄁 𑄥𑄙𑄨𑄚𑄧𑄖।",Past
বোর থেকে ঝাঁক ঝাঁক বাঙালি মিলে সব পরিষ্কার করে নিল,𑄝𑄢𑄬𑄖𑄴𑄖𑄪𑄚𑄴 𑄏𑄇𑄴 𑄏𑄇𑄴 𑄥𑄬𑄑𑄬𑄣𑄢𑄴 𑄝𑄋𑄣𑄴 𑄥𑄧𑄟𑄬 𑄃𑄪𑄎𑄪 𑄥𑄪𑄢𑄪𑄋𑄳𑄠 𑄎𑄪𑄟𑄴𑄟𑄧 𑄎𑄖𑄴𑄖𑄪𑄚𑄴 𑄍𑄧𑄣𑄬 𑄝𑄧𑄣𑄬 𑄇𑄪𑄎𑄧𑄣𑄬 𑄝𑄬𑄇𑄴 𑄇𑄢𑄨 𑄣𑄧𑄘𑄧𑄚𑄴।,Past
"সব সম্পত্তি, বেঁচে থাকার ইচ্ছা","𑄝𑄬𑄇𑄴 𑄥𑄧𑄠𑄴𑄥𑄧𑄟𑄴𑄛𑄧𑄖𑄴𑄖𑄨, 𑄝𑄎𑄨 𑄗𑄬𑄝𑄢𑄴 𑄃𑄢𑄨𑄠𑄚𑄨।",Present
"হিল শুার মানুষরা ভুই, ভাত, শাক,হাওা হাসছে","𑄦𑄨𑄣𑄧𑄢𑄴 𑄥𑄪𑄙𑄪𑄢𑄪𑄋𑄮 𑄟𑄚𑄬𑄃𑄪𑄚𑄧𑄢𑄴 𑄞𑄪𑄃𑄨, 𑄞𑄌𑄴, 𑄥𑄇𑄴, 𑄦𑄎𑄨 𑄃 𑄝𑄎𑄨 𑄗𑄬𑄝𑄢𑄴 𑄥𑄧𑄝𑄧𑄚𑄴।",Present
মা ভাত থেকে বেশি মিষ্টি আর কিছু নেই,𑄟 𑄞𑄏𑄧𑄖𑄴𑄖𑄪𑄚𑄴 𑄝𑄬𑄌𑄴 𑄟𑄨𑄙𑄬 𑄃𑄢𑄴 𑄇𑄨𑄌𑄴𑄍𑄪 𑄚𑄬𑄃𑄨।,Present
"কি বিপদের কথা,বর্ষার সমে লাল পার জন্য যে দেশ, সেই দেশে ভাতগুলো আসে না","𑄇𑄨 𑄘𑄪𑄉𑄧𑄢𑄴 𑄇𑄧𑄙, 𑄞𑄏𑄧𑄢𑄴 𑄣𑄢𑄳𑄦𑄬𑄠𑄧𑄖𑄴 𑄣𑄮-𑄛𑄧𑄢𑄚𑄴 𑄃𑄪𑄖𑄴𑄥𑄧𑄢𑄴𑄉𑄧 𑄉𑄧𑄌𑄴𑄍𑄬 𑄡𑄬 𑄘𑄬𑄌𑄴, 𑄥𑄬 𑄘𑄬𑄏𑄧𑄖𑄴 𑄃𑄧𑄚𑄳𑄠𑄧 𑄞𑄌𑄴𑄍𑄚𑄨 𑄃𑄬𑄌𑄳𑄠 𑄦𑄬𑄣𑄜𑄬𑄣।",Present
.নতুন দেশের পাহাের পাহাের মানুষরা কাপের ত্রিকোণা দিে পাহাে দিে যাচ্ছে,𑄐𑄪𑄚𑄨𑄃𑄮 𑄘𑄬𑄏𑄧𑄢𑄴 𑄛𑄌𑄴𑄍𑄪 𑄃𑄘𑄨𑄝𑄥𑄨𑄃𑄪𑄚𑄧𑄢𑄴 𑄞𑄏𑄧𑄢𑄴 𑄝𑄧𑄃𑄨 𑄛𑄳𑄢𑄇𑄴-𑄛𑄳𑄢𑄗𑄧𑄟𑄨𑄇𑄴 - 𑄇𑄬𑄣𑄌𑄴 𑄖𑄳𑄢𑄨𑄖𑄴 𑄥𑄧𑄁 𑄘𑄨𑄠𑄳𑄠 𑄦𑄧𑄠𑄴 𑄸𑄶𑄷𑄽 - 𑄸𑄶𑄸𑄸 𑄥𑄣𑄧𑄢𑄴 𑄥𑄧𑄁।,Present
.মানুষরা নানারকম আমে ফেঁসে যা,𑄟𑄖𑄴𑄖𑄧𑄢𑄴 𑄚𑄚𑄚𑄴 𑄃𑄟𑄴𑄣 𑄞𑄬𑄎𑄣𑄧𑄖𑄳𑄠 𑄖𑄢 𑄛𑄧𑄢𑄨 𑄚𑄧 𑄛𑄘𑄧𑄚𑄴।,Present
".ও নতুন দিনের সূচনা করে,আবার পাহাে যাওা যা না,আমরা পাহাে নেমে যাবো","𑄃𑄮 𑄚𑄪𑄃𑄧 𑄘𑄨𑄚𑄧𑄢𑄴 𑄚𑄪𑄃𑄧 𑄉𑄬𑄁𑄈𑄪𑄣𑄨, 𑄃𑄢𑄴 𑄦𑄞𑄨𑄣𑄳𑄠𑄌𑄴 𑄚𑄧𑄠𑄴, 𑄃𑄟𑄨 𑄣𑄟𑄨 𑄟𑄘𑄧𑄖𑄴 𑄃𑄬𑄝𑄢𑄧𑄖𑄴।",Future
"ভাত নেই এমন মানুষের সাথে সম্পর্ক নেই,সুযোগ নেই","𑄞𑄌𑄴 𑄚𑄬𑄃𑄨 𑄟𑄚𑄬 𑄥𑄧𑄁𑄥𑄴𑄇𑄳𑄢𑄨𑄖𑄨 𑄚𑄬𑄃𑄨, 𑄚𑄬𑄃𑄨 𑄥𑄪𑄚𑄴𑄎𑄪𑄇𑄴।",Present
সে নিজের ভে আমাদের থেকে ব কাজ করতে হবে,𑄥𑄬𑄚𑄬 𑄚𑄨𑄎𑄧 𑄞𑄧𑄌𑄴𑄍𑄚𑄧𑄖𑄳𑄠 𑄃𑄟𑄳𑄦𑄖𑄴𑄖𑄪𑄚𑄴 𑄘𑄋𑄧𑄢𑄴 𑄇𑄟𑄴 𑄉𑄧𑄢 𑄛𑄧𑄢𑄨𑄝𑄧।,Future
"স্বর্গে মানুষের মুখগুলো একা একা থাকে না,নিজের গরজে সবাই এখানে লুকিয়ে থাকল","𑄥𑄧𑄢𑄴𑄉𑄢𑄧 𑄟𑄪𑄃𑄧 𑄇𑄨𑄗𑄳𑄠 𑄌𑄬𑄃𑄨 𑄚𑄧 𑄗𑄬𑄚𑄬𑄃𑄨 𑄚𑄨𑄎𑄧 𑄃𑄃𑄮𑄎𑄬, 𑄚𑄨𑄎𑄧𑄢𑄴 𑄉𑄧𑄢𑄧𑄎𑄬 𑄃𑄪𑄎𑄬 𑄃𑄬𑄝𑄢𑄴 𑄝𑄬𑄇𑄴𑄇𑄪𑄚𑄧𑄢𑄴 𑄃𑄨𑄙𑄪 𑄇𑄪𑄎𑄮𑄣𑄨 𑄗𑄬𑄣𑄧।",Past
কানে না শোনা,𑄥𑄪𑄚𑄚𑄪 𑄃𑄨𑄚𑄴𑄎𑄬𑄝𑄴 𑄌𑄋𑄴𑄟,Present
. আসতেছে অনেক,𑄃𑄬𑄖𑄴𑄗𑄬 𑄃𑄬𑄣𑄧 𑄝𑄬𑄙𑄧𑄇𑄳𑄠𑄬।,Present
সে এখন অনেক নাছো,𑄖𑄬 𑄃𑄨𑄇𑄴𑄇𑄬 𑄞𑄢𑄨 𑄚𑄙।,Present
মারমাদের বািতে কাজ না করলে তার পেটে ভাত পরে না,𑄟𑄚𑄴𑄌𑄮 𑄊𑄧𑄢𑄧𑄖𑄴 𑄇𑄟𑄴 𑄚𑄧 𑄉𑄧𑄢𑄴𑄣𑄬 𑄖 𑄛𑄬𑄘𑄧𑄖𑄴 𑄞𑄖𑄴 𑄚𑄧 𑄛𑄧𑄢𑄬।,Present
প্রতিদিন খাওা,𑄘𑄨𑄚𑄬 𑄃𑄚𑄨 𑄘𑄨𑄚𑄬 𑄈𑄠𑄴।,Present
তার বািটা বন্ধ হেছে/আসছে,𑄃𑄉𑄬𑄘𑄨 𑄖𑄢𑄴 𑄊𑄧𑄢𑄴 𑄉𑄨𑄢𑄨𑄖𑄴𑄖𑄨 𑄘𑄧𑄛𑄴𑄘𑄧𑄝 𑄃𑄬𑄣𑄧/ 𑄃𑄬𑄣𑄧 𑄗𑄚𑄬𑄗𑄧𑄟𑄧𑄉𑄬।,Present
যে হাত দে সেটা পাওা যা,𑄡𑄨𑄠𑄬𑄚𑄴 𑄦𑄖𑄴 𑄘𑄬 𑄥𑄨𑄠𑄚𑄴 𑄛𑄠𑄴।,Present
তার একনাগাে নাচ করার জাগাটা সব গুো হলো,𑄖𑄢𑄴 𑄃𑄬𑄇𑄴𑄇𑄱 𑄉𑄧𑄢𑄨 𑄚𑄙𑄪𑄇𑄴𑄖𑄪𑄇𑄳𑄠 𑄏𑄨 𑄃𑄧𑄥𑄪𑄇𑄴 𑄦𑄧𑄚𑄢𑄴 𑄎𑄉𑄎𑄧𑄟𑄨 𑄝𑄬𑄇𑄴 𑄝𑄨𑄎𑄨 𑄛𑄬𑄣𑄧।,Past
তাদের গ্রামের মানুষরা ব ব করে চলে,𑄖𑄢 𑄃𑄘𑄟𑄧𑄖𑄴 𑄝𑄬𑄉𑄬 𑄎𑄧𑄁𑄎𑄧𑄁 𑄉𑄧𑄢𑄨 𑄌𑄧𑄣𑄧𑄘𑄧𑄚𑄴।,Present
বোর বািটা বন্ধ হেছে,𑄝𑄬𑄉𑄧 𑄊𑄧𑄢𑄴 𑄉𑄨𑄢𑄨 𑄗𑄚𑄬𑄗𑄧𑄟𑄧𑄉𑄬।,Present
"সবাই যখন থাকে,সবাইকে সালাম দে",𑄝𑄬𑄙𑄧𑄇𑄳𑄠𑄬 𑄡𑄧𑄇𑄴𑄇𑄬 𑄗𑄉𑄧𑄠𑄳𑄠 𑄃𑄬𑄣𑄧 𑄝𑄬𑄇𑄴𑄇𑄪𑄚𑄧𑄢𑄬 𑄛𑄢𑄴𑄎𑄢𑄴 𑄌𑄣𑄬 𑄘𑄬।,Present
কোন লোক বিপদে পলে রাতে দৌে আসতে পারে,𑄇𑄧𑄚𑄧 𑄎𑄧𑄚𑄬 𑄗𑄬𑄉𑄧𑄖𑄴 𑄛𑄧𑄢𑄴𑄣𑄬 𑄢𑄖𑄬 𑄡𑄨𑄁𑄢𑄨 𑄛𑄢𑄬 𑄃𑄬𑄎𑄣𑄴 𑄘𑄨𑄘𑄧।,Present
এত সুন্দর একটা গ্রাম বানালো,𑄃𑄬𑄙𑄧𑄇𑄳𑄠𑄬 𑄉𑄧𑄢𑄨 𑄘𑄮𑄣𑄴 𑄃𑄬𑄇𑄴𑄈𑄚𑄴 𑄃𑄘𑄟𑄴 𑄝𑄚𑄨𑄣𑄇𑄴।,Past
কোন জনে টাকা খরচ করতে না পারলে অনেক লোক এখানে টাকা চা,𑄇𑄧𑄚𑄧 𑄎𑄧𑄚𑄬 𑄖𑄬𑄋 𑄘𑄪𑄇𑄳𑄠𑄬 𑄌𑄉𑄪𑄢𑄨 𑄙𑄧𑄢𑄨 𑄚𑄧 𑄛𑄢𑄨𑄣𑄬 𑄝𑄬𑄙𑄧𑄇𑄳𑄠𑄬 𑄃𑄨𑄙𑄪 𑄖𑄬𑄋 𑄌 𑄃𑄬𑄘𑄇𑄴।,Present
"এত ব, এত ব",𑄃 𑄝𑄬𑄙𑄧𑄇𑄳𑄠𑄬𑄠𑄳𑄠𑄧 𑄖𑄠𑄴𑄘𑄳𑄠 𑄛𑄧𑄇𑄴𑄇𑄬 𑄚 𑄚𑄧 𑄉𑄧𑄢𑄬।,Present
এখন গ্রামের মানুষরা দ্রুত জাগা যাচ্ছে,𑄃𑄨𑄇𑄴𑄇𑄬 𑄃𑄘𑄟𑄳𑄠𑄃𑄪𑄚𑄴 𑄝𑄬𑄉𑄬 𑄌𑄉𑄪𑄢𑄨 𑄝𑄧𑄣 𑄃 𑄎𑄉𑄎𑄟𑄨𑄠𑄬 𑄗𑄬𑄛𑄴𑄗𑄬𑄛𑄳𑄠।,Present
"তার তো মাথা টোকা দিলে পাে নেই, পাে টোকা দিলে মাথা নেই","𑄖𑄢𑄴 𑄘𑄧 𑄟𑄙𑄖𑄴 𑄖𑄚𑄨𑄣𑄬 𑄗𑄬𑄋𑄧𑄖𑄴 𑄚𑄬𑄃𑄨, 𑄗𑄬𑄋𑄧𑄖𑄴 𑄖𑄚𑄨𑄣𑄬 𑄟𑄙𑄖𑄴 𑄚𑄬𑄃𑄨।",Present
কথা আছে- করে ব ব হেছে,"𑄇𑄧𑄙 𑄃𑄊𑄬- 𑄉𑄧𑄢𑄬𑄋𑄴 𑄟𑄧𑄢𑄮𑄁𑄋𑄮 𑄌𑄧𑄢𑄴 𑄦𑄧𑄠𑄴, 𑄌𑄧𑄢𑄴 𑄟𑄧𑄢𑄮𑄁𑄋𑄮 𑄉𑄧𑄢𑄬𑄋𑄴 𑄦𑄧𑄠𑄴।",Present
এখন তার ঝিিটা সব হাত ঝািেছে,𑄃𑄨𑄇𑄴𑄇𑄬 𑄝𑄬𑄙𑄧𑄇𑄳𑄠𑄬 𑄖 𑄏𑄨𑄝𑄱𑄢𑄬 𑄌𑄨𑄇𑄨𑄥𑄳𑄠 𑄉𑄧𑄖𑄴𑄖𑄬 𑄉𑄧𑄖𑄴𑄖𑄬 𑄝𑄬𑄇𑄴 𑄦𑄖𑄴 𑄏𑄢 𑄦𑄧𑄣𑄧।,Present
সে তার ঝিিে বাজতে পারে না,𑄃 𑄖 𑄏𑄨𑄝𑄱𑄢𑄬𑄠𑄳𑄠𑄧 𑄝𑄎𑄬 𑄚𑄧 𑄛𑄢𑄬।,Present
ধনে জনে সব নাচ হলো,𑄙𑄧𑄚𑄬 𑄎𑄧𑄚𑄬 𑄝𑄬𑄇𑄴 𑄚𑄌𑄴 𑄦𑄧𑄣𑄧।,Past
আজকে মেেদের বািতে কাজ না করলে পেটে ভাত পারে না,𑄃𑄨𑄇𑄴𑄇𑄬 𑄟𑄚𑄴𑄎𑄮𑄢𑄴 𑄊𑄧𑄢𑄧𑄖𑄴 𑄇𑄟𑄴 𑄚𑄧 𑄉𑄧𑄢𑄨𑄣𑄬 𑄛𑄬𑄘𑄧𑄖𑄴 𑄞𑄖𑄴 𑄚𑄧 𑄛𑄢𑄬।,Present
তাকে এখন কেউ দা করে নাই,𑄖𑄢𑄬 𑄃𑄨𑄇𑄴𑄇𑄬 𑄇𑄧𑄚𑄧 𑄎𑄧𑄚𑄬 𑄘𑄧𑄠𑄬 𑄉𑄧𑄢𑄨𑄠𑄬 𑄚𑄬𑄃𑄨।,Past
গ্রামের মানুষরা অনেক ব বছর গ্রামে থাকে না,𑄃𑄘𑄟𑄳𑄠 𑄟𑄚𑄪𑄌𑄴𑄃𑄪𑄚𑄴 𑄛𑄧𑄖𑄴𑄖𑄨𑄇𑄴 𑄝𑄧𑄎𑄧𑄢𑄴 𑄃𑄘𑄟𑄧 𑄇𑄨𑄠𑄮𑄋𑄧𑄖𑄴 𑄚𑄧 𑄃𑄧𑄃𑄨 𑄛𑄧𑄢𑄧 𑄃𑄘𑄟𑄧 𑄇𑄨𑄠𑄮𑄋𑄧𑄖𑄴 𑄘𑄚𑄴 𑄙𑄧𑄢𑄴𑄟𑄧 𑄃 𑄛𑄧𑄖𑄴𑄖𑄨𑄇𑄴 𑄝𑄧𑄏𑄧𑄢𑄴 𑄎𑄨𑄘𑄬𑄎𑄨𑄖𑄴𑄢𑄬 𑄉𑄧𑄢𑄨 𑄇𑄧𑄒𑄨𑄚𑄴 𑄌𑄨𑄝𑄧𑄢𑄴 𑄘𑄚𑄴 𑄉𑄧𑄢𑄨 𑄘𑄳𑄠𑄪𑄚𑄴।,Present
.লবনাক্ত টাকা দান করে,𑄣𑄇𑄴 𑄣𑄇𑄴 𑄖𑄬𑄋 𑄘𑄚𑄴 𑄉𑄧𑄢𑄧𑄚𑄴।,Present
তাদের কাকা সবাইকে একটু দেখে না,𑄖𑄢𑄢𑄴 𑄇𑄠𑄴 𑄝𑄬𑄙𑄧𑄇𑄳𑄠𑄬𑄢𑄬 𑄃𑄬𑄇𑄴𑄇𑄠𑄳𑄠𑄧 𑄌𑄮𑄊𑄧𑄖𑄴 𑄚𑄧 𑄝𑄎𑄚𑄴।,Present
"তবুও, তবুও, তবুও তাদের কাজে অনেক ব লাগে",𑄃𑄧𑄗𑄧𑄌𑄧 𑄃𑄧𑄠𑄧𑄚𑄧𑄖𑄴 - 𑄖𑄧𑄠𑄧𑄚𑄧𑄖𑄴 𑄖𑄢𑄢𑄴 𑄇𑄟𑄧𑄖𑄴 𑄝𑄬𑄙𑄧𑄇𑄳𑄠𑄬 𑄣𑄉𑄬।,Present
"গুরুজন হলে অনেক,বুো হলে অনেক,এইটা করো,ওটা করো","𑄉𑄪𑄢𑄧𑄝𑄱 𑄦𑄧𑄣𑄬 𑄝𑄬𑄙𑄧𑄇𑄳𑄠𑄬, 𑄝𑄪𑄢𑄧𑄝𑄱 𑄦𑄧𑄣𑄬 𑄝𑄬𑄙𑄧𑄇𑄳𑄠𑄬, 𑄃𑄨𑄠𑄚𑄴 𑄉𑄧𑄢𑄴, 𑄃𑄪𑄝𑄚𑄴 𑄉𑄧𑄢𑄴।",Present
"জুের কাবা,ছাগলের কাবা সবগুলো সমান করে পাওা যা","𑄎𑄪𑄢𑄧 𑄇𑄝, 𑄍𑄉𑄧𑄣𑄴 𑄇𑄝 𑄝𑄬𑄇𑄴𑄇𑄚𑄨 𑄝𑄬𑄙𑄧𑄇𑄳𑄠𑄬 𑄉𑄧𑄢𑄨 𑄛𑄠𑄴।",Present
কোথা গেলে সব বল করে তাকে দে,𑄇𑄨𑄠𑄮𑄋𑄧𑄖𑄴 𑄉𑄬𑄣𑄬 𑄝𑄬𑄇𑄴 𑄝𑄧𑄣𑄧 𑄇𑄟𑄚𑄨 𑄖𑄢𑄬 𑄝𑄎𑄬 𑄘𑄨𑄘𑄇𑄴।,Present
.রেক পানি করে যে মেশিনটা বেজে যা,𑄢𑄇𑄴 𑄛𑄚𑄨 𑄉𑄧𑄢𑄨 𑄡𑄬 𑄡𑄨𑄠𑄬𑄚𑄴 𑄝𑄎𑄬 𑄘𑄳𑄠𑄪𑄚𑄴 𑄥𑄨𑄠𑄚𑄴 𑄉𑄧𑄢𑄬।,Present
এক দিন সব মনে মনে হাত দিে চা-এইটা কটা?,𑄃𑄬𑄇𑄴𑄘𑄨𑄚𑄴 𑄝𑄬𑄙𑄧𑄇𑄳𑄠𑄬 𑄟𑄧𑄚𑄬 𑄟𑄧𑄚𑄬 𑄦𑄞𑄨𑄣𑄳𑄠𑄌𑄴 𑄈𑄢𑄴- 𑄃𑄂 𑄃𑄨𑄠𑄚𑄴 𑄇𑄧𑄠𑄴 𑄟𑄚𑄬𑄃𑄨 𑄎𑄨𑄁𑄇𑄚𑄨!,Present
.আমি যখন খোল করি কাউকে কুলি করিও না,𑄟𑄪𑄃𑄨 𑄡𑄧𑄇𑄴𑄇𑄬 𑄈𑄬𑄃𑄨 𑄘𑄬𑄃𑄨 𑄛𑄌𑄴𑄍𑄮𑄁 𑄥𑄧𑄇𑄴𑄇𑄬 𑄇𑄢𑄧𑄢𑄬 𑄇𑄪𑄣𑄨 𑄚𑄧 𑄉𑄧𑄢𑄧𑄁।,Present
সে পাহািটা এখন পা,𑄥𑄬 𑄛𑄦𑄮𑄖𑄴𑄖𑄨 𑄃𑄨𑄇𑄴𑄇𑄬 𑄛𑄋𑄧𑄢𑄴।,Present
.যেকে আমি সাথে সাথে আসলাম,𑄡𑄢𑄬 𑄡𑄨𑄋𑄨𑄢𑄨 𑄛𑄢𑄧𑄁 𑄃𑄬𑄎𑄣𑄴 𑄘𑄨𑄣𑄪𑄁।,Past
এখন আমার কারো আসার সম কথা শুনতে ইচ্ছে করে না,𑄃𑄨𑄇𑄴𑄇𑄬 𑄟𑄧𑄢𑄴 𑄚𑄬𑄃𑄨 𑄇𑄢𑄧𑄢𑄴 𑄃𑄬𑄎𑄣𑄴 𑄛𑄚 𑄘𑄪𑄢𑄧 𑄇𑄧𑄙 𑄚𑄋𑄴𑄠𑄳𑄠𑄧 𑄚𑄧 𑄊𑄨𑄚𑄧𑄚𑄴।,Present
".মানুষ বেশি কাউকে ব কথা বলে না,গেও না","𑄟𑄖𑄴𑄖𑄧𑄢𑄴 𑄝𑄬𑄙𑄧𑄇𑄳𑄠𑄬 𑄇𑄢𑄧𑄢𑄬 𑄝𑄧𑄢𑄴 𑄇𑄧𑄙 𑄚𑄧 𑄇𑄧𑄠𑄴, 𑄉𑄬𑄃𑄨𑄣𑄴 𑄚𑄧 𑄘𑄬।",Present
শুধু নিজের ভাগ দো,𑄝𑄚 𑄚𑄨𑄎𑄧 𑄞𑄉𑄳𑄠𑄧𑄢𑄬 𑄘𑄪𑄌𑄴 𑄘𑄬।,Present
"ক,টাকা-পয়সা সব শেষ করে দো যা না","𑄇𑄧𑄠𑄴, 𑄖𑄬𑄋 𑄛𑄧𑄠𑄴𑄎𑄬𑄃𑄪𑄚𑄴 𑄡𑄪𑄚𑄨 𑄟𑄚𑄴𑄎𑄮𑄢𑄬 𑄚𑄧 𑄘𑄨𑄚𑄬𑄃𑄨 𑄝𑄬𑄁𑄉𑄧𑄖𑄴 𑄎𑄧𑄟 𑄘𑄨𑄘𑄪𑄁 𑄙𑄮𑄃𑄨 𑄙𑄮𑄃𑄨 𑄈𑄬𑄘𑄪𑄁 𑄈𑄬𑄃𑄨 𑄚𑄧 𑄛𑄪𑄢𑄬𑄣𑄪𑄋𑄪𑄚𑄴।",Present
এত করে রাতে ঘুমাইলে দুইজনে হাত দিে ভাত খা,𑄃𑄬𑄙𑄧𑄇𑄳𑄠 𑄉𑄧𑄢𑄨 𑄢𑄬𑄖𑄴 𑄊𑄪𑄟𑄧𑄖𑄴 𑄛𑄧𑄢𑄨𑄣𑄬 𑄘𑄳𑄦𑄨 𑄚𑄬𑄇𑄴 𑄟𑄮𑄉𑄬 𑄦𑄞𑄨𑄣𑄳𑄠𑄌𑄴 𑄈𑄚𑄴।,Present
এক দিন হলো কি!,𑄃𑄬𑄇𑄴𑄘𑄨𑄚𑄴 𑄦𑄧𑄣𑄧 𑄇𑄨!,Past
পাশ থেকে একটা ধাক্কা আসলো,𑄥𑄳𑄦𑄧𑄢𑄴𑄉𑄧𑄖𑄴𑄖𑄪𑄚𑄴 𑄃𑄬𑄇𑄴𑄇𑄱 𑄘𑄪𑄖𑄴 𑄃𑄬𑄣𑄧।,Past
"সে এলাকার মানুষদের ডেকে বলো-তোমরা অনেক বছর ধর্ম করো,কুালের গর্তটা বন্ধ করে দাও","𑄥𑄬 𑄃𑄘𑄣𑄟𑄳𑄠𑄃𑄪𑄚𑄧𑄢𑄬 𑄘𑄉𑄨 𑄇𑄧𑄣𑄧- 𑄖𑄪𑄟𑄨𑄘𑄧 𑄛𑄧𑄖𑄴𑄖𑄨𑄇𑄴 𑄝𑄧𑄏𑄧𑄢𑄴 𑄘𑄚𑄴 𑄙𑄧𑄢𑄴𑄟𑄧 𑄉𑄧𑄢𑄧, 𑄇𑄪𑄢𑄧 𑄥𑄪𑄉𑄧𑄢𑄴 𑄚𑄧 𑄇𑄝𑄧, 𑄥𑄬𑄚𑄧𑄖𑄳𑄠 𑄥𑄳𑄦𑄧𑄢𑄴𑄉𑄧 𑄛𑄧𑄖𑄴𑄖𑄚𑄴 𑄈𑄪𑄣𑄧 𑄘𑄨𑄠𑄳𑄠 𑄦𑄧𑄠𑄳𑄠।",Present
এখন তোমরা সৈকতে যেতে পারবে,𑄃𑄨𑄇𑄴𑄇𑄬 𑄖𑄪𑄟𑄨 𑄥𑄳𑄦𑄧𑄢𑄴𑄉𑄧𑄖𑄴 𑄡𑄬𑄃𑄨 𑄛𑄢𑄨𑄝।,Future
এই কথা শুনে গ্রামের মানুষরা খুশি,𑄃𑄬 𑄇𑄧𑄙 𑄥𑄪𑄚𑄨 𑄃𑄘𑄟𑄳𑄠𑄃𑄪𑄚𑄴 𑄈𑄪𑄎𑄨।,Present
.শুধু অনেক গুলো ছানা ভুে বুো করে আছে।,𑄝𑄚 𑄝𑄬𑄙𑄧𑄇𑄳𑄠𑄬 𑄍𑄚 𑄞𑄪𑄢𑄧𑄖𑄴 𑄝𑄮𑄃𑄨 𑄘𑄝𑄝𑄱 𑄇𑄚𑄴𑄎𑄝𑄖𑄴 𑄘𑄨𑄚𑄬𑄃𑄨 𑄃𑄟𑄧𑄇𑄴 𑄉𑄧𑄢𑄨 𑄝𑄮𑄃𑄨 𑄃𑄊𑄬।,Present
সবাই দৌাদৌি করতেছে তার থেকে যে আলাদা,"𑄝𑄬𑄇𑄴𑄇𑄪𑄚𑄬 𑄙𑄝 𑄘𑄬𑄘𑄧𑄚𑄴 𑄖𑄖𑄴𑄖𑄪𑄚𑄴 𑄡𑄬 𑄃𑄇𑄴𑄇𑄧𑄣𑄴, 𑄖𑄖𑄴𑄖𑄪𑄚𑄴 𑄡𑄬 𑄃𑄇𑄴𑄇𑄧𑄣𑄴 𑄉𑄧𑄢𑄨।",Present
এখানে তারা অনেক ধর্ম পালন করতেছে,𑄃𑄨𑄚𑄴𑄘𑄨 𑄖𑄢 𑄇𑄧𑄖𑄴𑄖𑄧𑄟𑄚𑄴 𑄙𑄢𑄴𑄟𑄨𑄇𑄴 𑄛𑄧𑄢𑄨𑄇𑄴𑄈𑄬 𑄉𑄧𑄢𑄨𑄝𑄖𑄴𑄖𑄬 𑄥𑄧𑄠𑄧𑄁 𑄉𑄮𑄎𑄬𑄚𑄬 𑄣𑄟𑄴𑄟𑄬।,Present
পাহাের কেকটা মরা গরুকে বোই দিল,𑄛𑄧𑄘𑄧 𑄇𑄠𑄴 𑄃𑄬𑄇𑄴𑄇𑄱 𑄟𑄧𑄢 𑄉𑄧𑄢𑄪𑄣𑄮𑄃𑄨 𑄝𑄬𑄘 𑄘𑄨𑄣𑄧।,Past
তাদের চোখে দেখা যা-পুে এক বুো লোক গরুটাকে তুলতে চার হাজার টাকা পারে না,𑄖𑄢 𑄌𑄮𑄊𑄬𑄘𑄨 𑄘𑄬𑄊𑄧𑄚𑄴- 𑄛𑄪𑄘𑄧𑄖𑄴𑄖𑄪𑄚𑄴 𑄃𑄬𑄇𑄴𑄇𑄱 𑄝𑄪𑄢𑄮 𑄟𑄚𑄪𑄌𑄴 𑄇𑄎𑄨 𑄙𑄧𑄢𑄨𑄚𑄬𑄃𑄨 𑄉𑄧𑄢𑄪𑄝𑄱𑄢𑄬 𑄖𑄚𑄨 𑄖𑄪𑄣𑄨𑄝𑄢𑄴 𑄌𑄢𑄴 𑄟𑄖𑄴𑄖𑄧𑄢𑄴 𑄚𑄧 𑄛𑄢𑄬𑄢𑄴।,Present
কার শক্তি পেলে গরুটিকে উঠান থেকে তুলে নিতে পারবে কিন্তু কেউ মনে করে না,𑄇𑄢𑄧𑄢𑄴 𑄝𑄧𑄣𑄴 𑄛𑄬𑄣𑄬 𑄉𑄧𑄢𑄪𑄝𑄱𑄢𑄬 𑄛𑄪𑄘𑄮𑄖𑄴𑄖𑄪𑄚𑄴 𑄖𑄪𑄣𑄨 𑄛𑄢𑄨𑄝𑄧 𑄟𑄖𑄴𑄖𑄧𑄢𑄴 𑄇𑄧𑄚𑄧 𑄎𑄧𑄚𑄬 𑄖𑄢 𑄝𑄧𑄣𑄴 𑄘𑄨𑄝𑄢𑄴 𑄉𑄧𑄢𑄧𑄌𑄴 𑄟𑄧𑄚𑄬 𑄚𑄧 𑄉𑄧𑄢𑄧𑄚𑄴।,Future
শুধু পাশের মেেকে দৌে দে,𑄝𑄚 𑄥𑄳𑄦𑄧𑄢𑄴𑄉𑄧 𑄟𑄧𑄇𑄴𑄇𑄬 𑄙𑄝 𑄘𑄬𑄘𑄧𑄚𑄴।,Present
বোই করে তারা দুইজনে সেখানে পৌঁছে গেল,𑄝𑄬𑄉𑄧 𑄥𑄬𑄎𑄬 𑄝𑄬𑄙𑄧𑄇𑄳𑄠𑄬𑄘𑄊𑄨 𑄖𑄢 𑄘𑄳𑄦𑄨 𑄎𑄧𑄚𑄬 𑄥𑄨𑄡𑄮𑄖𑄴 𑄣𑄪𑄟𑄨𑄣𑄇𑄴।,Past
"তারা দেখতেছে একদল বুো মানুষ একটা গরু ধরে তুলছে, তুলতে পারে না দিঘিটা কীজানি করে যে তারা বুঝবে","𑄖𑄢𑄠𑄳𑄠𑄧 𑄘𑄬𑄊𑄧𑄘𑄧𑄚𑄴 𑄃𑄬𑄇𑄴𑄇𑄱 𑄝𑄪𑄢𑄧 𑄟𑄚𑄪𑄌𑄴 𑄃𑄬𑄇𑄴𑄇𑄱 𑄉𑄧𑄢𑄪 𑄇𑄎𑄨 𑄙𑄧𑄢𑄨 𑄛𑄪𑄘𑄮𑄖𑄴𑄖𑄪𑄚𑄴 𑄖𑄪𑄣𑄨𑄝𑄢𑄴 𑄌𑄢𑄴, 𑄖𑄪𑄣𑄨 𑄚𑄧 𑄛𑄢𑄬𑄢𑄴 𑄘𑄨𑄊𑄨 𑄇𑄨𑄎𑄬𑄈𑄨𑄎𑄳𑄠 𑄉𑄧𑄢𑄨 𑄡𑄬𑄃𑄨 𑄖𑄢 𑄝𑄪𑄎𑄳𑄠𑄢𑄬 𑄝𑄧𑄣𑄴 𑄘𑄨𑄣𑄇𑄴।",Future
তারা বল পেে বুজা গরুটাকে পাের থেকে তুলতে পারল,𑄖𑄢𑄢𑄴 𑄝𑄧𑄣𑄴 𑄛𑄬𑄚𑄬𑄃𑄨 𑄝𑄪𑄎𑄳𑄠 𑄉𑄧𑄢𑄪𑄝𑄱𑄢𑄬 𑄛𑄧𑄘𑄮𑄖𑄴𑄖𑄪𑄚𑄴 𑄖𑄪𑄣𑄨 𑄛𑄢𑄨𑄣𑄧।,Past
বুোটা তাদেরকে আশীর্বাদ করলো,𑄝𑄪𑄎𑄳𑄠 𑄖𑄢𑄢𑄬 𑄝𑄧𑄢𑄴 𑄘𑄨𑄣𑄧।,Past
.আবোল তাবোল কথা বলে বািতে ফিরে যাও,𑄃 𑄇𑄧𑄣𑄧 𑄖𑄪𑄟𑄨 𑄥𑄳𑄦𑄧𑄢𑄴𑄉𑄧𑄖𑄴 𑄚𑄧 𑄡𑄨𑄠𑄮 𑄊𑄧𑄢𑄧𑄖𑄴 𑄜𑄨𑄢𑄨 𑄡𑄧।,Present
তাদের বাির কথা ফিরে আসলো,𑄖𑄢 𑄝𑄎𑄳𑄠 𑄇𑄧𑄙𑄣𑄮𑄃𑄨 𑄊𑄧𑄢𑄧𑄖𑄴 𑄜𑄨𑄢𑄨 𑄃𑄬𑄣𑄇𑄴।,Past
এখানে যারা রাস্তায় যাচ্ছে তারা মাঝপথে রাত নেমে আসলো,𑄃𑄨𑄚𑄴𑄘𑄨 𑄡𑄢 𑄥𑄳𑄦𑄧𑄢𑄴𑄉𑄧𑄖𑄴 𑄡𑄘𑄧𑄚𑄴 𑄖𑄢𑄢𑄴 𑄃𑄙 𑄛𑄧𑄘𑄧𑄖𑄴 𑄊𑄪𑄢𑄴𑄊𑄌𑄳𑄠 𑄃𑄚𑄴𑄙𑄢𑄴 𑄢𑄬𑄖𑄴 𑄣𑄟𑄨 𑄃𑄬𑄣𑄧।,Past
ব ব,𑄝𑄧𑄢𑄴 𑄝𑄮𑄃𑄨𑄠𑄬𑄢𑄴 𑄝𑄳𑄦𑄢𑄴।,Present
১. চোখ বন্ধ করা; ২. চোখ বন্ধ করা,𑄌𑄮𑄇𑄇𑄴 𑄌𑄮𑄇𑄴 𑄘𑄬𑄝𑄇𑄣।,Present
"এক জাতী বোমা,পেটের টিলিে কাটার সম","𑄃𑄉𑄌𑄴 𑄝𑄮𑄟𑄢𑄴, 𑄛𑄬𑄘𑄧 𑄖𑄨𑄣𑄮𑄃𑄨 𑄇𑄝𑄬 𑄥𑄧𑄁।",Present
সবাই যে যেদিকে চোখের পলক পে গেল,𑄝𑄬𑄇𑄴𑄇𑄪𑄚𑄬 𑄡𑄬 𑄡𑄨𑄚𑄴𑄘𑄨 𑄌𑄮𑄉𑄧 𑄛𑄳𑄦𑄧𑄢𑄴 𑄘𑄬𑄊𑄬 𑄛𑄧𑄢𑄚𑄴 𑄖𑄮𑄢𑄬𑄝𑄖𑄴𑄖𑄬 𑄙𑄬𑄃𑄨 𑄉𑄬𑄣𑄇𑄴।,Past
"নেে মেে আলাদা, বেে-বেে ঘুরে বেে গ্রামে ফিরে আসলো","𑄚𑄬𑄉𑄬 𑄟𑄮𑄉𑄬 𑄜𑄢𑄧𑄇𑄴, 𑄝𑄝𑄬-𑄛𑄪𑄘𑄬, 𑄟-𑄏𑄨𑄠𑄬 𑄦𑄢𑄦𑄢𑄨 𑄦𑄮𑄃𑄨 𑄥𑄬𑄎𑄬 𑄝𑄬𑄉𑄬 𑄃𑄘𑄟𑄧𑄖𑄴 𑄜𑄨𑄢𑄨 𑄃𑄬𑄣𑄇𑄴।",Past
কাছাকাছি যাওা তাদের সেখানে শেষ হলো,𑄥𑄳𑄦𑄧𑄢𑄴𑄉𑄧𑄖𑄴 𑄡𑄚 𑄖𑄢𑄢𑄴 𑄥𑄨𑄠𑄮𑄖𑄴 𑄗𑄪𑄟𑄴 𑄦𑄧𑄣𑄧।,Past
বািে ফিরে নানান অসুবিধার মধ্যে তাদের বািটা রে গেল,𑄊𑄧𑄢𑄧𑄖𑄴 𑄜𑄨𑄢𑄨 𑄚𑄚𑄚𑄴 𑄃𑄧𑄥𑄇𑄴-𑄝𑄨𑄥𑄪𑄉𑄬 𑄖𑄢𑄢𑄴 𑄊𑄧𑄢𑄴 𑄉𑄨𑄢𑄨𑄖𑄴𑄖𑄨 𑄢𑄧𑄎𑄖𑄴𑄖𑄣𑄬 𑄛𑄧𑄢𑄨 𑄡𑄬𑄣𑄧।,Past
সবাই ডুবে আছে,𑄝𑄬𑄇𑄴𑄇𑄪𑄚𑄴 𑄙𑄬𑄝𑄣𑄳𑄠 𑄦𑄮𑄃𑄨 𑄃𑄊𑄧𑄚𑄴।,Present
সব পরিষ্কার করে সুন্দর সংসার হেছে,𑄝𑄬𑄙𑄇𑄳𑄠𑄬 𑄉𑄮𑄎𑄬𑄚𑄧 𑄝𑄧𑄢𑄬 𑄘𑄮𑄣𑄴 𑄥𑄧𑄁𑄥𑄢𑄴 𑄗𑄨𑄘𑄧 𑄦𑄧𑄣𑄧 𑄃𑄊𑄧𑄥𑄚𑄴।,Present
.সুঁচালো দুই পাচা,𑄥𑄪𑄚𑄚𑄪 𑄘𑄨𑄛𑄧𑄚 𑄌𑄋𑄴𑄟,Present
আগে পার পর: না মাটিতে থাকলে নীল গুো করে মাটি,𑄃𑄉𑄧 𑄛𑄧𑄠𑄴𑄙𑄬 𑄛𑄧𑄢𑄴: 𑄚𑄧 𑄟𑄘𑄨 𑄗𑄬𑄣𑄬 𑄚𑄨𑄣𑄮𑄌𑄴 𑄉𑄪𑄢𑄨 𑄉𑄪𑄢𑄨 𑄟𑄘𑄠𑄴।,Present
"যেখানে সেখানে, যেখানে সেখানে কিছুই বলে না","𑄡𑄨𑄙𑄪 𑄡𑄬𑄘𑄧𑄥𑄖𑄴, 𑄡𑄬 𑄉𑄧𑄖𑄴𑄧𑄥𑄖𑄴 𑄇𑄨𑄌𑄴𑄪 𑄚𑄧 𑄇𑄧𑄠𑄴।",Present
".হাবা বাির কাজ করে না,টাকা উপার্জন করে না","𑄦𑄝 𑄊𑄧𑄢𑄧 𑄇𑄟𑄴 𑄚𑄧 𑄉𑄧𑄢𑄬, 𑄖𑄬𑄋 𑄛𑄧𑄠𑄴𑄎𑄳𑄠 𑄚𑄧 𑄇𑄟𑄠𑄴।",Present
খরচ বহন করতে পারে না,𑄈𑄧𑄢𑄧𑄌𑄴 𑄝𑄨𑄢𑄮𑄌𑄴 𑄘𑄨 𑄚𑄧𑄛𑄢𑄬।,Present
মাটি থেকে বের হে যাওা যা,𑄟𑄐𑄴𑄎𑄮𑄖𑄴𑄪𑄚𑄴 𑄣𑄪𑄣𑄧𑄁 𑄉𑄪𑄢𑄨 𑄉𑄪𑄢𑄨 𑄇𑄠𑄴।,Present
রোদ পোহানো,𑄢𑄧𑄖𑄴𑄝𑄧𑄣𑄴 𑄗𑄬𑄚𑄬𑄭।,Present
কাজে যাওার সম থেকে মেেটা নিে বেঁচে থাকা,𑄇𑄟𑄬𑄝𑄢𑄴 𑄥𑄬𑄘𑄟𑄴 𑄗𑄬𑄚𑄬𑄭 𑄇𑄨𑄖𑄴𑄬 𑄟𑄐𑄴𑄎𑄮 𑄘𑄮𑄠𑄬 𑄚𑄨𑄚𑄬 𑄝𑄎𑄨 𑄗𑄚।,Present
লেলিে দেওা মা এগুলো সহ্য করতে পারে না,𑄣𑄬𑄝𑄴𑄣𑄬𑄝𑄨 𑄟 𑄥𑄨𑄠𑄚𑄨 𑄥𑄧𑄌𑄴𑄎𑄳𑄠𑄧 𑄉𑄪𑄢𑄨 𑄚𑄧 𑄛𑄢𑄬।,Present
.দেখলে রোদ উঠে,𑄘𑄬𑄊𑄨𑄣𑄬 𑄢𑄇𑄴 𑄃𑄪𑄘𑄬।,Present
"তার স্বামী সাথে সাথে তার স্ত্রীকে কাজ করতে দে,মা আর ছেলে একসাথে কাজ করে","𑄖 𑄚𑄬𑄇𑄴𑄱 𑄣𑄧𑄉𑄬 𑄣𑄧𑄉𑄬 𑄖 𑄚𑄬𑄇𑄴𑄱𑄢𑄬 𑄡𑄨𑄉𑄪𑄌𑄚 𑄇𑄟𑄴 𑄝𑄎𑄬 𑄘𑄳𑄠𑄪𑄚𑄴, 𑄟𑄘𑄧 𑄃𑄎𑄠𑄴 𑄇𑄟𑄴 𑄈𑄚𑄴 𑄥𑄨𑄉𑄪𑄚𑄧𑄢𑄬 𑄝𑄧𑄎𑄧𑄁 𑄇𑄧𑄙 𑄇𑄮𑄃𑄨𑄠𑄬 𑄣𑄬𑄝𑄴𑄣𑄬𑄝𑄨 𑄟।",Present
"সে তাকে অনেক জন মানুষ দিতে পারে না, ঘৃণা করে","𑄥𑄬𑄚𑄧𑄖𑄳𑄠𑄬 𑄖𑄢𑄬 𑄞𑄣𑄧𑄇𑄴 𑄎𑄧𑄚𑄴 𑄟𑄚𑄴𑄎𑄳𑄠 𑄘𑄬𑄭 𑄚𑄧 𑄛𑄢𑄧𑄚𑄴, 𑄇𑄮𑄌𑄴 𑄚𑄧 𑄛𑄚𑄴।",Present
শুনতেছি তাকে নাকি জুে পেলে ছারবে না,𑄥𑄪𑄚𑄴𑄬𑄘𑄬 𑄖𑄢𑄬 𑄞𑄬𑄣𑄬 𑄎𑄪 𑄛𑄬𑄣𑄬 𑄚𑄧 𑄍𑄢𑄨𑄝𑄇𑄴 𑄃𑄬𑄇𑄴𑄘𑄊𑄨𑄠𑄳𑄠।,Future
তরকারিটা তাাতাি আছে,𑄖𑄮𑄣𑄳𑄠 𑄖𑄮𑄉𑄬 𑄖𑄮𑄉𑄬 𑄃𑄊𑄧𑄚𑄴।,Present
একটা জুা পেলে একটাও ছারবে না,𑄃𑄬𑄇𑄴𑄈𑄚 𑄎𑄪 𑄛𑄬𑄣𑄬 𑄃𑄬𑄇𑄴 𑄚𑄧𑄇𑄴𑄇𑄪𑄚𑄨𑄃𑄮 𑄚𑄧 𑄍𑄢𑄨𑄝𑄇𑄴।,Future
সে কথাগুলো ভাবতে ভাবতে অনেক ব ব কথা বলতেছে,𑄥𑄬 𑄇𑄧𑄙𑄚𑄨 𑄞𑄝𑄧𑄘𑄬 𑄞𑄝𑄧𑄘𑄬 𑄃𑄙𑄨𑄇𑄳𑄠 𑄉𑄪𑄢𑄨 𑄎𑄧𑄠𑄴𑄎𑄮𑄉𑄢𑄴 𑄥𑄪𑄚𑄮𑄣𑄧।,Present
"ধর,মার,দুই যাওা","𑄙𑄧𑄢𑄧, 𑄟𑄢𑄧, 𑄘𑄪𑄃𑄮 𑄉𑄧𑄖𑄴𑄧𑄚𑄴।",Present
পাটা মাথার কাছে রেখে কান বন্ধ করে তার স্বামীর কথা শুনতেছে,𑄛𑄮𑄎𑄳𑄠𑄖𑄴𑄪𑄚𑄴 𑄥𑄨𑄢𑄬𑄝𑄱 𑄃𑄣𑄧𑄇𑄴 𑄉𑄪𑄢𑄨𑄚𑄬 𑄇𑄚𑄴 𑄛𑄘𑄨 𑄥𑄪𑄚𑄨 𑄗𑄬𑄚𑄬𑄭 𑄌𑄃𑄨𑄘𑄨 𑄖 𑄚𑄬𑄇𑄴𑄱 𑄢𑄧𑄝𑄱 𑄥𑄪𑄚𑄬।,Present
বাঁশটা ফেটে গেছে,𑄞𑄇𑄴𑄝𑄇𑄴 𑄜𑄇𑄴𑄜𑄪𑄇𑄴 𑄘𑄬 𑄘𑄨 𑄉𑄧𑄖𑄴𑄧𑄚𑄴।,Present
দৌে দৌে ঘর থেকে বের হে গেল,𑄙𑄝 𑄙𑄝 𑄛𑄮𑄎𑄳𑄠𑄖𑄴𑄪𑄚𑄴 𑄃𑄪𑄘𑄨𑄚𑄬 𑄊𑄧𑄢𑄧 𑄞𑄨𑄘𑄨𑄢𑄬𑄖𑄴𑄪𑄚𑄴 𑄚𑄨𑄊𑄨𑄣𑄮।,Past
ধনগুলো ডাকার পরেও ভালোভাবে ঘুমিে গেল না,𑄙𑄧𑄚𑄧𑄉𑄪𑄣𑄮𑄢𑄬 𑄘𑄉𑄨𑄝𑄢𑄴 𑄌𑄬𑄚𑄬𑄃𑄮 𑄝𑄬𑄦𑄣𑄴 𑄉𑄪𑄢𑄨 𑄊𑄪𑄟𑄴 𑄡𑄢𑄴 𑄇𑄨𑄚𑄬 𑄚𑄧 𑄘𑄉𑄨𑄣𑄧।,Past
গাে গাে খাদি ছেে দিল অন্ধকারে,𑄉𑄠𑄴 𑄉𑄠𑄴 𑄈𑄘𑄨 𑄍𑄢 𑄙𑄝 𑄘𑄨𑄣𑄴 𑄃𑄚𑄴𑄙𑄢𑄬 𑄝𑄚𑄴𑄘𑄢𑄬।,Past
লেলিে দেওার সমে সে পাে দৌে গেল,𑄣𑄬𑄝𑄴𑄣𑄬𑄝𑄨 𑄟 𑄃𑄚𑄴𑄙𑄢𑄬 𑄝𑄚𑄴𑄙𑄢𑄬 𑄢𑄧 𑄃𑄪𑄚𑄴 𑄃𑄪𑄘𑄨𑄌𑄴 𑄉𑄪𑄢𑄨 𑄉𑄪𑄢𑄨 𑄥𑄬 𑄟𑄪𑄇𑄳𑄠𑄬 𑄙𑄝 𑄘𑄨𑄚𑄬 𑄣𑄪𑄋𑄨𑄣𑄮𑄉𑄮𑄃𑄨।,Past
.যেন চামা দিে পাহাের পাশে কজন লোক গাদাগাদি করে আছে,𑄡𑄬𑄚𑄬 𑄌𑄠𑄴𑄘𑄨 𑄛𑄪𑄖𑄪𑄣𑄨 𑄟 𑄘𑄊𑄨 𑄊𑄧𑄢𑄧 𑄛𑄨𑄎𑄬𑄚𑄴𑄘𑄨 𑄈𑄟 𑄟𑄪𑄇𑄳𑄠𑄬 𑄎𑄉𑄚𑄧𑄖𑄴 𑄇𑄧𑄠𑄬𑄇𑄴 𑄎𑄧𑄚𑄴 𑄘𑄧𑄣𑄟𑄧𑄎 𑄉𑄪𑄢𑄨 𑄃𑄊𑄧𑄚𑄴।,Present
কার সাথে তরকারি নিে যাওা যা,𑄇𑄢𑄧𑄣𑄮𑄃𑄨 𑄇𑄧𑄚𑄴𑄚 𑄇𑄮𑄎𑄳𑄠𑄝𑄇𑄬𑄣𑄇𑄴 𑄇𑄧𑄚𑄴𑄚 𑄇𑄢𑄨 𑄣𑄧𑄘𑄧𑄚𑄴𑄘𑄨 𑄟𑄳𑄦𑄬𑄖𑄴 𑄛 𑄡𑄢𑄴।,Present
".শুধু তার ছেলের রুাগুলো শুনতেছে,ও দাদা,আমি শুনতেছি না","𑄝𑄚 𑄖 𑄚𑄬𑄇𑄴𑄮 𑄢𑄪𑄝𑄮𑄉𑄪𑄣𑄮 𑄢𑄧𑄝𑄮 𑄥𑄪𑄚𑄬𑄘𑄬, 𑄃𑄮 𑄘, 𑄟𑄪𑄃𑄨 𑄚𑄧 𑄣𑄧𑄁𑄉𑄧।",Present
আমাকে কেন জিজ্ঞাসা করতেছে,𑄟𑄧𑄢𑄬 𑄇𑄨𑄖𑄴𑄬 𑄥𑄪𑄙𑄮 𑄥𑄪𑄙𑄮 𑄟𑄢𑄧𑄖𑄴𑄬।,Present
তোরা হলুদ তরকারির বাচ্চা,𑄖𑄪𑄃𑄨 𑄣𑄮𑄠𑄮𑄥𑄳𑄠𑄬 𑄇𑄖𑄴𑄮𑄢𑄴 𑄝𑄌𑄴𑄌।,Present
.না হলে এখানে মেরে ফেলব,𑄚𑄧 𑄦𑄧𑄣𑄬 𑄃𑄨𑄠𑄮𑄖𑄴 𑄟𑄢𑄬 𑄜𑄬𑄣𑄬𑄟𑄴 𑄖𑄧𑄢𑄬 𑄬𑄧𑄌𑄳𑄠𑄬।,Future
লেলিে দেওা মা মনে হ তার ছেলেকে ধরে মেরে ফেলছে,𑄣𑄬𑄝𑄴𑄣𑄬𑄝𑄨 𑄟 𑄝𑄪𑄏𑄨 𑄛𑄢𑄨𑄣𑄧 𑄖 𑄚𑄬𑄇𑄴𑄧𑄱𑄢𑄬 𑄙𑄧𑄚 𑄝𑄝𑄬 𑄟𑄢𑄬𑄖𑄴𑄬।,Present
দৌে সেখানে যাওা যা না,𑄙𑄝 𑄥𑄨𑄠𑄮𑄖𑄴 𑄡𑄬𑄚𑄬 𑄌𑄠𑄴𑄘𑄨 𑄙𑄧𑄚 𑄝𑄝𑄬 𑄚𑄧 𑄎𑄨𑄝𑄮।,Present
তুমি তো ভোলাভালা মার খাও,𑄖𑄪𑄃𑄮 𑄞𑄮𑄣𑄠𑄳𑄠 𑄟𑄳𑄦𑄬𑄢𑄴 𑄈𑄢𑄴।,Present
"লেলিে দেওা বাচ্চাটাকে কুজোলি করে বল,কি হেছে?","𑄣𑄬𑄝𑄴𑄣𑄬𑄝𑄨 𑄟 𑄙𑄧𑄚𑄝𑄝𑄧𑄢𑄬 𑄇𑄪𑄎𑄮𑄣𑄨 𑄉𑄪𑄢𑄨 𑄇𑄧𑄣𑄧, 𑄃 𑄘, 𑄇𑄨 𑄦𑄧𑄠𑄬𑄘𑄬?",Present
.সে কোন ধনী বুো থেকে রুোগুলো চুরি করার জন্য এক পাতিলে লেলিেছিল।,𑄥𑄨𑄠𑄚𑄴 𑄇𑄮𑄚𑄬 𑄙𑄧𑄚𑄝𑄛𑄴 𑄝𑄪𑄉𑄮𑄖𑄴𑄧𑄣𑄬𑄖𑄴𑄪𑄚𑄴 𑄢𑄪𑄝𑄮𑄉𑄪𑄣𑄮𑄢𑄬 𑄗𑄚𑄨𑄝𑄖𑄴𑄬 𑄡𑄬𑄚𑄬 𑄙𑄧𑄚𑄝𑄝𑄬 𑄃𑄬𑄇𑄴𑄮 𑄗𑄬𑄣𑄖𑄴 𑄣𑄬𑄝𑄴𑄣𑄬𑄝𑄨 𑄟𑄢𑄬 𑄃𑄪𑄢𑄬 𑄛𑄬𑄣𑄬𑄠𑄳𑄠𑄉𑄮𑄃𑄨।,Past
আর রুাগুলোকে বকা দেওা হ,𑄃𑄢𑄧 𑄢𑄪𑄝𑄮𑄉𑄪𑄣𑄮𑄢𑄬 𑄞𑄇𑄴𑄪𑄝𑄇𑄴 𑄘𑄳𑄠𑄬 𑄙𑄧𑄎𑄳𑄠𑄬।,Present
লেলিে দেওার সম একটা পাহাের পাশ দিে এক ছেলে পাহািে দৌে গেল,𑄣𑄬𑄝𑄴𑄣𑄬𑄝𑄨 𑄟 𑄝𑄨𑄎𑄨𑄢𑄬 𑄝𑄎𑄢𑄠𑄴 𑄃𑄬𑄇𑄴𑄈𑄚𑄴 𑄛𑄢 𑄘𑄢𑄴𑄝𑄱 𑄣𑄮𑄃𑄨𑄚𑄬 𑄙𑄧𑄚𑄝𑄝𑄧 𑄇𑄋𑄬𑄣𑄧 𑄌𑄬𑄃 𑄙𑄧𑄢𑄧 𑄟𑄧𑄢𑄧 𑄉𑄪𑄢𑄨 𑄟𑄪𑄉𑄮𑄢𑄴 𑄘𑄨𑄣𑄮।,Past
পাহাের ধনগুলো ব ব করে বুোদের কাছ থেকে নিে আসলো মানুষগুলো,𑄟𑄪𑄉𑄮𑄢𑄧𑄖𑄴 𑄙𑄧𑄚𑄝𑄝𑄬 𑄇𑄬𑄋𑄧𑄢𑄴 𑄞𑄬𑄋𑄧𑄢𑄴 𑄉𑄪𑄢𑄨 𑄴𑄟𑄘𑄪 𑄈𑄮𑄘 𑄉𑄧𑄢𑄬𑄖𑄴𑄬 𑄥𑄧𑄣𑄖𑄴 𑄢𑄪𑄝𑄮𑄉𑄪𑄣𑄮𑄢𑄬 𑄝𑄪𑄉𑄮𑄖𑄧𑄣𑄬𑄖𑄴𑄪𑄚𑄴 𑄚𑄨𑄊𑄨𑄣𑄬 𑄃𑄚𑄨𑄣𑄇𑄴 𑄟𑄚𑄪𑄌𑄴𑄪𑄚𑄬।,Past
".রুাগুলো রান্না করে খাওার জন্য বললে,এইটা কি কাজ করো তুমি?","𑄢𑄪𑄝𑄮𑄉𑄪𑄣𑄮 𑄖𑄮𑄘𑄬𑄠𑄳𑄠 𑄖𑄮𑄘𑄬𑄠𑄳𑄠 𑄉𑄧𑄢𑄨 𑄣𑄬𑄝𑄴𑄣𑄬𑄝𑄨 𑄟𑄢𑄬 𑄇𑄧𑄣𑄧, 𑄃𑄨𑄠𑄚𑄴 𑄇𑄨 𑄇𑄟𑄴 𑄉𑄪𑄢𑄨𑄣𑄬𑄘𑄬 𑄣𑄬𑄝𑄴𑄣𑄬𑄝𑄨 𑄟 𑄖𑄪𑄃𑄨?",Past
আমাকে মনে পে মেরে ফেলবে,𑄟𑄧𑄢𑄬 𑄟𑄧𑄚𑄬 𑄇𑄧𑄣𑄬 𑄟𑄢𑄬 𑄜𑄬𑄣𑄮𑄇𑄴।,Future
"লেলিে দেওা মাার শব্দ,যেটা তোমাকে দেখতেছি","𑄣𑄬𑄝𑄴𑄣𑄬𑄝𑄨 𑄟 𑄢𑄧 𑄘𑄋𑄧𑄢𑄴 𑄉𑄪𑄢𑄨 𑄇𑄧𑄣𑄧, 𑄡𑄬 𑄃𑄧𑄝𑄧 𑄃𑄮𑄇𑄴 𑄖𑄬 𑄖𑄧𑄢𑄬 𑄟𑄖𑄴𑄬 𑄟𑄪𑄃𑄨 𑄇𑄨 𑄌𑄬𑄃 𑄗𑄬𑄘𑄁।",Present
যে বাচ্চাটা কিছুই বোঝে না,𑄡𑄬 𑄉𑄪𑄢𑄨𑄝𑄮 𑄉𑄮𑄢𑄮𑄇𑄴 𑄇𑄨𑄌𑄴𑄪 𑄚𑄧 𑄘𑄧𑄢𑄋𑄴।,Present
. কেন রুাগুলো তার ছেলেকে সেই কথাগুলো বলল আর ভ পােও হাত দিে ধরলো না?,𑄇𑄨𑄖𑄴𑄬 𑄢𑄪𑄝𑄮𑄉𑄪𑄣𑄮 𑄖 𑄟𑄮𑄇𑄴𑄮𑄢𑄬 𑄥𑄬 𑄇𑄧𑄙𑄠𑄚𑄴 𑄇𑄧𑄣𑄧 𑄃𑄢𑄧 𑄎𑄨𑄚𑄨𑄝𑄢𑄴 𑄞𑄧 𑄗𑄬𑄚𑄬𑄃𑄮 𑄇𑄨𑄖𑄴𑄬 𑄙𑄧𑄚𑄝𑄝𑄧𑄢𑄬 𑄦𑄖𑄳𑄠𑄢𑄴 𑄚𑄧 𑄙𑄧𑄢𑄴𑄣𑄧?,Past
ধুুুুুুুে হলো গ্রামের কুকুর,𑄙𑄧𑄝𑄝𑄝𑄬 𑄦𑄧𑄣𑄧𑄘𑄬 𑄃𑄘𑄟𑄧𑄢𑄴 𑄇𑄪𑄎𑄪𑄢𑄮 𑄥𑄬𑄢।,Present
সে গ্রামের আলো নিে যাচ্ছে,𑄃𑄘𑄟𑄧𑄖𑄴 𑄊𑄪𑄣𑄴 𑄖𑄪𑄣𑄨𑄠𑄳𑄠𑄝𑄱 𑄦𑄧𑄣𑄧𑄘𑄬 𑄖𑄬।,Present
কিছুক্ষণ পর পর মানুষরা আসতে পারে,𑄈𑄇𑄳𑄠 𑄟𑄚𑄪𑄌𑄴𑄃𑄪𑄚𑄴 𑄎𑄮𑄘𑄬 𑄛𑄢𑄬।,Present
সে শুধু ভালো কাজগুলো ভালো করে করতে পারে,𑄖𑄬 𑄌𑄬𑄣𑄬 𑄉𑄧𑄟𑄴 𑄇𑄟𑄚𑄨𑄃𑄮 𑄘𑄮𑄣𑄬 𑄥𑄬𑄢𑄬 𑄛𑄢𑄬।,Present
.না দেখলে যেহেতু ভালো হবে সেটার বিদ্যুৎ চমকানি তার ভালো লাগে না,𑄚𑄧 𑄌𑄬𑄣𑄬 𑄡𑄧𑄘𑄧𑄃𑄨 𑄉𑄧𑄟𑄴 𑄃𑄮𑄇𑄴 𑄥𑄨𑄠𑄚𑄴 𑄏𑄨𑄟𑄨𑄘𑄮𑄖𑄴 𑄝𑄧𑄎𑄧𑄁 𑄉𑄪𑄢𑄨 𑄘𑄬𑄘𑄬 𑄖𑄢𑄴 𑄥𑄧𑄟𑄧𑄠𑄴 𑄚𑄧 𑄣𑄉𑄬।,Present
গ্রামের গািে থাকা মানুষদের মাথা রেখে দেওা,𑄃𑄘𑄟𑄧𑄢𑄴 𑄉𑄞𑄪𑄎𑄳𑄠 𑄣𑄧𑄇𑄴𑄃𑄪𑄚𑄧𑄢𑄬 𑄟𑄪𑄙𑄮 𑄞𑄨𑄘𑄨𑄢𑄬 𑄢𑄊𑄠𑄴।,Present
তত ব মানুষ তাকে চোখে পে,𑄥𑄬𑄚𑄧𑄖𑄴𑄬 𑄟𑄪𑄢𑄪𑄝𑄴𑄨𑄃𑄪𑄚𑄴 𑄖𑄢𑄬 𑄌𑄮𑄉𑄧𑄖𑄴 𑄝𑄎𑄬 𑄛𑄚𑄴।,Present
.না হলে গািে থাকা ছেলেরা সব গুো করে দে,𑄚𑄧 𑄦𑄧𑄣𑄬 𑄉𑄞𑄪𑄎𑄳𑄠 𑄟𑄧𑄢𑄧𑄖𑄴𑄪𑄚𑄧𑄢𑄬 𑄃𑄪𑄌𑄴𑄇𑄚𑄨 𑄘𑄨𑄚𑄬 𑄝𑄬𑄇𑄴 𑄍𑄢𑄚𑄘 𑄉𑄪𑄢𑄨 𑄘𑄬।,Present
.যেকে বলা হেছে সে হচ্ছে বোকা,𑄡𑄢𑄬 𑄇𑄮𑄃𑄨𑄠𑄬 𑄛𑄬𑄘𑄬 𑄛𑄬𑄘𑄬 𑄝𑄪𑄘𑄴𑄙𑄨।,Present
সে কেন রুাগুলো ধরে মার খেলো?,𑄖𑄬 𑄇𑄨𑄖𑄴𑄬 𑄢𑄪𑄝𑄮𑄉𑄪𑄣𑄮 𑄙𑄧𑄚𑄝𑄝𑄧𑄖𑄴𑄪𑄚𑄴 𑄟𑄳𑄦𑄬𑄢𑄴 𑄈𑄬𑄣𑄧?,Past
ধনে নাকি জুা খেলা পারদর্শী,𑄙𑄧𑄚𑄝𑄝𑄬 𑄞𑄬𑄣𑄬 𑄎𑄪 𑄈𑄢 𑄃𑄧𑄢𑄴।,Present
টাকাগুলো রুোটার হাতে বেজে যা,𑄖𑄬𑄋𑄃𑄪𑄚𑄴 𑄢𑄪𑄝𑄮𑄉𑄪𑄣𑄧 𑄦𑄘𑄧𑄖𑄴 𑄢𑄊 𑄝𑄎𑄬 𑄘𑄨𑄠𑄳𑄠।,Present
"এখানে মদ খা,ওখানে খেলা হ","𑄃𑄨𑄚𑄴𑄘𑄨 𑄟𑄧𑄘𑄴 𑄈𑄠𑄴, 𑄃𑄪𑄚𑄴𑄘𑄨 𑄈𑄢 𑄦𑄧𑄠𑄴।",Present
.পঁচে পা পা লাভ,𑄛𑄧𑄣𑄳𑄠 𑄛𑄧𑄣𑄳𑄠 𑄣𑄞𑄴 𑄉𑄮𑄌𑄴𑄬।,Present
পিে খাওা সহজ পতেছে,𑄛𑄧𑄢𑄬𑄘𑄨 𑄈𑄝 𑄥𑄪𑄢𑄪 𑄉𑄧𑄌𑄴𑄬।,Present
খাা খাা করে কেক টাকা খাওার পর মদের গন্ধ পাওা যা না,𑄈𑄝𑄘𑄬 𑄈𑄝𑄘𑄬 𑄇𑄧𑄈𑄳𑄠𑄬 𑄠𑄬 𑄖𑄬𑄋𑄃𑄪𑄚𑄴 𑄈𑄝𑄬 𑄜𑄪𑄢𑄬𑄣𑄧 𑄟𑄧𑄘𑄧 𑄟𑄖𑄴𑄧𑄣𑄬 𑄟𑄳𑄦𑄬𑄖𑄴 𑄚𑄧 𑄛𑄠𑄴।,Present
আরও খেলা যতগুলো রুা আছে ততগুলো আগুনে পে যা,𑄃𑄢𑄧 𑄈𑄢 𑄃𑄝𑄖𑄴𑄬 𑄡𑄬𑄚𑄬 𑄡𑄧𑄇𑄳𑄠𑄬 𑄢𑄪𑄝𑄧𑄉𑄪𑄣𑄮 𑄖𑄬𑄋 𑄚𑄬𑄃𑄨 𑄇𑄮𑄠𑄬 𑄥𑄧𑄇𑄳𑄠𑄬 𑄃𑄉𑄪𑄚𑄴-𑄛𑄚𑄨𑄠𑄬 𑄢𑄇𑄴 𑄃𑄪𑄘𑄨 𑄡𑄨𑄠𑄳𑄠।,Present
.লম্বা রুাগুলো উপরে ফেলছে,"𑄚𑄧 𑄎𑄨𑄚𑄬𑄖𑄴𑄬, 𑄢𑄇𑄴𑄈𑄚𑄴 𑄢𑄪𑄝𑄮𑄉𑄪𑄣𑄮 𑄃𑄪𑄉𑄪𑄢𑄬 𑄜𑄬𑄣 𑄙𑄧𑄌𑄴𑄬।",Present
কত টাকা নাকি সে খা না,𑄇𑄧𑄠𑄴𑄘𑄨 𑄖𑄬𑄋 𑄞𑄬𑄣𑄬 𑄖𑄬 𑄚𑄧 𑄈𑄝𑄠𑄴।,Present
.রুাগুলো চূা রেখে দে,𑄢𑄪𑄝𑄮𑄉𑄪𑄣𑄮 𑄌𑄪𑄢𑄴𑄉𑄪𑄢𑄨 𑄥𑄧𑄢𑄬 𑄗𑄮𑄠𑄬𑄘𑄬।,Present
এই সেই বাচ্চাগুলোকে মেরে মেরে টাকা উপার্জন করে,𑄃𑄬 𑄥𑄬𑄚𑄬 𑄢𑄪𑄝𑄮𑄉𑄪𑄣𑄮𑄢𑄬 𑄟𑄢𑄨 𑄟𑄢𑄨 𑄖𑄬𑄋 𑄟𑄉𑄬𑄢𑄴।,Present
লেলিে দিে তার স্বামী রাতে মদ খেে চলে গেলে তার স্ত্রীর আর কাজ করার ইচ্ছা নেই,𑄣𑄬𑄝𑄴𑄣𑄬𑄝𑄨 𑄟 𑄈𑄧𑄝𑄧𑄢𑄴 𑄛𑄠𑄴𑄘𑄨 𑄖 𑄚𑄬𑄇𑄴𑄱 𑄢𑄬𑄘𑄬 𑄘𑄨𑄚𑄬 𑄟𑄧𑄘𑄴 𑄈𑄬𑄃𑄨 𑄈𑄬𑄃𑄨 𑄟𑄮𑄇𑄴 𑄛𑄮 𑄖𑄣𑄌𑄴 𑄚𑄬𑄃𑄨 𑄉𑄪𑄢𑄨 𑄗𑄬𑄣𑄬𑄃𑄮 𑄌𑄪𑄢𑄴𑄉𑄪𑄢𑄨𑄝𑄢𑄴 𑄥𑄚𑄴 𑄇𑄟𑄴 𑄉𑄧𑄢𑄨𑄝𑄢𑄴 𑄌𑄨𑄉𑄮𑄚𑄴 𑄟𑄧𑄚𑄴 𑄚𑄬𑄃𑄨।,Present
সহং ভগবান বললেও সে বিশ্বাস করবে না,𑄥𑄳𑄦𑄧𑄠𑄧𑄁 𑄞𑄧𑄉𑄧𑄝𑄚𑄬 𑄃𑄬𑄚𑄬𑄭 𑄇𑄧𑄣𑄬𑄃𑄮 𑄖𑄬 𑄝𑄨𑄌𑄴𑄎𑄬𑄌𑄴 𑄚𑄧 𑄉𑄪𑄢𑄨𑄝𑄧।,Future
ধোঁার জন্য পাহাে কি লেলিে হুমকি দে,𑄙𑄧𑄚𑄝𑄚𑄬 𑄟𑄪𑄉𑄮𑄢𑄴 𑄇𑄬𑄚𑄬 𑄣𑄬𑄝𑄴𑄣𑄬𑄝𑄨 𑄟𑄢𑄬 𑄦𑄪𑄟𑄧𑄇𑄨 𑄘𑄬𑄢𑄴।,Present
তোমাকে একদিন চাংমাহ্ দেখি,𑄖𑄧𑄢𑄬 𑄃𑄬𑄇𑄴𑄘𑄨𑄚𑄴 𑄌𑄋𑄴।,Present
তোমাকে এত বিপদের মধ্যে ফেলব তোমার চোদ্দোগুা এলেও তোমাকে পাত্তা দিবো না,𑄖𑄧𑄢𑄬 𑄃𑄬𑄟𑄧𑄚𑄴 𑄝𑄨𑄛𑄧𑄘𑄧𑄖𑄴 𑄜𑄬𑄣𑄬𑄟𑄴 𑄖𑄧 𑄌𑄮𑄘𑄴𑄮𑄉𑄪𑄌𑄴𑄖𑄨𑄠𑄳𑄠 𑄃𑄬𑄣𑄬𑄃𑄮 𑄖𑄧𑄢𑄬 𑄝𑄎𑄬 𑄛𑄖𑄴𑄖𑄇𑄴 𑄚𑄧𑄠𑄴।,Future
তোমার জীবনে যোগা দাঁত লাগে দিন পার করার জন্য যা না,𑄖𑄧 𑄎𑄨𑄋𑄴𑄇𑄚𑄨𑄠𑄚𑄧𑄖𑄴 𑄎𑄪𑄘𑄨 𑄘𑄇𑄴 𑄣𑄉𑄬 𑄘𑄨𑄚 𑄧 𑄛𑄢𑄧𑄁 𑄥𑄣𑄬𑄚𑄴 𑄟𑄪𑄃𑄨 𑄙𑄧𑄚𑄝𑄛𑄴 𑄚𑄧𑄠𑄴।,Present
আমার নাঙে একটা কুকুর পূজা করছে,𑄟𑄧 𑄚𑄋𑄬 𑄃𑄬𑄇𑄴𑄱 𑄇𑄪𑄉𑄪𑄢𑄴 𑄛𑄪𑄎𑄨𑄌𑄴।,Present
লেলিে দেওা মাা তার ছেলেকে পুতুলি মাের সাথে নিে যাচ্ছে,𑄣𑄬𑄝𑄴𑄣𑄬𑄝𑄨 𑄟 𑄖 𑄚𑄬𑄇𑄴𑄱𑄢𑄬 𑄛𑄪𑄖𑄪𑄣𑄨 𑄟 𑄘𑄊𑄨 𑄊𑄧𑄢𑄧 𑄞𑄨𑄘𑄨𑄢𑄬 𑄚𑄨𑄚𑄬𑄃𑄨 𑄌𑄠𑄴𑄘𑄨 𑄚𑄇𑄴 𑄟𑄪 𑄢𑄋 𑄃𑄧𑄃𑄨 𑄃𑄊𑄬।,Present
পানি পতেছে,𑄙𑄬𑄢𑄴𑄙𑄬𑄌𑄳𑄠𑄬 𑄉𑄪𑄢𑄨 𑄣𑄮 𑄛𑄧𑄢𑄬𑄢𑄴।,Present
চোখের কাজলের কালো দাগগুলো আর দেখা যা না,𑄌𑄮𑄉𑄮 𑄈𑄧𑄛𑄴 𑄜𑄪𑄣𑄨 𑄇𑄣 𑄘𑄇𑄴 𑄟𑄪𑄢𑄨 𑄌𑄮𑄇𑄴𑄮𑄚𑄴 𑄘𑄬𑄊 𑄚𑄧 𑄡𑄠𑄴 𑄃𑄢𑄴।,Present
লাঠি দিে পূজা করো যে বািতে,"𑄣𑄮𑄠𑄚𑄨 𑄛𑄪𑄎𑄨 𑄘𑄨𑄚𑄬 𑄇𑄧𑄣𑄧, 𑄡𑄬𑄃𑄨 𑄊𑄧𑄢𑄧𑄖𑄴।",Present
উম্ উম্ পানি দিে ধুে দিলাম,𑄃𑄪𑄟𑄴 𑄃𑄪𑄟𑄴 𑄛𑄚𑄨𑄣𑄮𑄃𑄨 𑄙𑄮𑄃𑄨 𑄘𑄨𑄘𑄪𑄁 𑄟𑄣𑄬𑄚𑄴।,Past
"লেলিেবি মা তার ছেলেকে নিে বািতে যাওার সম পুতুল দিে দৌে যাচ্ছে, বোন তোমাকে নিয়ে চিন্তা করছে","𑄣𑄬𑄝𑄴𑄣𑄬𑄝𑄨 𑄟 𑄖 𑄚𑄬𑄇𑄴𑄱𑄢𑄬 𑄚𑄨𑄚𑄬 𑄊𑄧𑄢𑄧 𑄟𑄪𑄈𑄳𑄠𑄬 𑄡𑄬𑄝𑄢𑄴 𑄥𑄧𑄣𑄖𑄴 𑄛𑄪𑄖𑄪𑄣𑄨 𑄟 𑄣𑄬𑄝𑄴𑄣𑄬𑄝𑄨 𑄟𑄢𑄬 𑄝𑄢𑄖𑄴 𑄙𑄪𑄢𑄨 𑄇𑄧𑄣𑄧, 𑄝𑄮𑄚𑄴 𑄖𑄧𑄢𑄬 𑄚𑄨𑄚𑄬 𑄌𑄨𑄘𑄬 𑄉𑄧𑄢𑄧𑄋𑄧𑄢𑄴।",Present
অকৃতকার্য হওার পর থেকে তুমি তার উপরে আর টিকতে পারবে না,𑄃𑄧𑄣𑄧𑄢𑄴 𑄉𑄪𑄢𑄨 𑄗𑄬𑄚𑄬 𑄙𑄧𑄚𑄝𑄝𑄧𑄖𑄴𑄪𑄚𑄴 𑄝𑄎𑄨 𑄚𑄧 𑄛𑄢𑄬 𑄃𑄬𑄌𑄳𑄠𑄬 𑄖𑄪𑄃𑄨 𑄖 𑄃𑄪𑄉𑄪𑄢𑄬 𑄦𑄖𑄌 𑄖𑄪𑄣𑄴𑄮𑄌𑄴।,Future
.কেন যে সেই কেনাটা উপরে উঠে,𑄇𑄨𑄏𑄬𑄚𑄨 𑄥𑄬 𑄇𑄬𑄚𑄝𑄱 𑄖𑄧𑄖𑄴𑄪𑄚𑄴 𑄇𑄬𑄚𑄬 𑄃𑄪𑄎𑄮𑄣𑄴 𑄉𑄧𑄢𑄬।,Present
"ভারী দাঁিা, উে চুল","𑄞𑄢𑄨 𑄘𑄢𑄋𑄧𑄢𑄴, 𑄃𑄪𑄎𑄬 𑄌𑄪𑄣𑄨𑄌𑄴।",Present
"লেলিে দেওার শব্দ, কী যে অবস্থা","𑄣𑄬𑄝𑄴𑄣𑄬𑄝𑄨 𑄟 𑄇𑄧𑄣𑄧, 𑄃 𑄇𑄨 𑄉𑄧𑄖𑄴𑄧।",Present
.কিছু গুো করতে পারবে না,𑄇𑄨𑄌𑄴𑄪 𑄉𑄪𑄢𑄨 𑄚𑄧 𑄛𑄢𑄨𑄝𑄧।,Future
নাচা,𑄚𑄧 𑄘𑄧𑄢𑄋𑄴।,Present
"আমার কথা, সেই কথা গুলো লেলিে দেওার পরেও মনে হ না","𑄟𑄖𑄴𑄧𑄢𑄴, 𑄥𑄬 𑄇𑄧𑄙𑄠𑄚𑄴 𑄣𑄬𑄝𑄴𑄣𑄬𑄝𑄨 𑄟 𑄟𑄪𑄠𑄬𑄘𑄨 𑄇𑄧𑄣𑄬𑄃𑄮 𑄟𑄧𑄚𑄚𑄬 𑄚𑄧 𑄇𑄧𑄠𑄴।",Present
.সে ঠিক পুতুলের মতো মেেকে দেখতেছে,𑄖𑄬𑄃𑄮 𑄗𑄨𑄇𑄴 𑄛𑄪𑄖𑄪𑄣𑄨 𑄟 𑄙𑄧𑄇𑄳𑄠𑄬𑄚𑄴 𑄌𑄨𑄘𑄬 𑄉𑄧𑄢𑄬𑄢𑄴।,Present
গাতে ধরা মানুষটাকে পাইলেও ভ পা,𑄉𑄧𑄋𑄧𑄖𑄴 𑄙𑄧𑄚𑄝𑄝𑄧𑄢𑄬 𑄟𑄪𑄉𑄮𑄢𑄬𑄣𑄬𑄃𑄮 𑄃𑄨𑄇𑄳𑄠𑄬 𑄘𑄧𑄢𑄢𑄴।,Present
তার বোটা জুে ফেলে,𑄖 𑄇𑄬𑄚𑄝𑄱 𑄎𑄪𑄘𑄨 𑄖 𑄚𑄬𑄇𑄴𑄱 𑄃𑄪𑄉𑄪𑄢𑄨 𑄜𑄬𑄣𑄠𑄴।,Present
আজলে ধনে কি কেনা উঠবে?,𑄃𑄎𑄧𑄣𑄬 𑄙𑄧𑄚𑄝𑄝𑄬 𑄇𑄨 𑄇𑄬𑄚 𑄃𑄪𑄉𑄪𑄢𑄬𑄝𑄧?,Future
কার উকুন কিনে ফেলবে?,𑄇 𑄃𑄪𑄉𑄪𑄢𑄨 𑄇𑄬𑄚 𑄜𑄬𑄣𑄬𑄝𑄧?,Future
লেলিে দেওা মা তার নাতিকে নিে বািে যাচ্ছে আর চোখগুলো ধুে নিল,𑄣𑄬𑄝𑄴𑄣𑄬𑄝𑄨 𑄟 𑄖 𑄚𑄬𑄇𑄴𑄱 𑄢𑄪𑄝𑄮𑄉𑄪𑄣𑄮𑄢𑄬 𑄚𑄨𑄚𑄬 𑄊𑄧𑄢𑄧𑄖𑄴 𑄡𑄬𑄚𑄬 𑄌𑄪𑄣𑄮 𑄎𑄳𑄦𑄣𑄬𑄃𑄨 𑄃𑄪𑄟𑄴 𑄃𑄪𑄟𑄴 𑄛𑄚𑄨 𑄘𑄨𑄚𑄬 𑄚𑄇𑄴 𑄟𑄪 𑄌𑄮𑄉𑄧 𑄘𑄮𑄣 𑄙𑄮𑄃𑄨 𑄘𑄨𑄣𑄧।,Past
ভাত দিে তরকারিটা খাওা হেছে,𑄞𑄖𑄴 𑄘𑄨𑄝𑄬 𑄈𑄝𑄬𑄚𑄬 𑄛𑄳𑄠𑄢𑄥𑄨𑄑𑄟𑄧𑄣𑄴 𑄈 𑄝𑄎𑄬𑄃𑄪 𑄘𑄨𑄣𑄧।,Present
সে পরে ঘুম থেকে উঠে গেল,𑄥𑄬 𑄛𑄧𑄢𑄬𑄚𑄴𑄘𑄨 𑄊𑄪𑄟𑄮𑄖𑄴 𑄛𑄪𑄢𑄨𑄣𑄇𑄴।,Past
এক লেজা ঘুম পে না পে রোদ পোহাতেছে,𑄃𑄬𑄇𑄴 𑄣𑄬𑄎 𑄊𑄪𑄟𑄴 𑄛𑄘𑄬 𑄚 𑄧𑄛𑄘𑄬 𑄢𑄘 𑄘𑄇𑄴 𑄇𑄢𑄧𑄘𑄧𑄚𑄴।,Present
চোখ বন্ধ করতে না করতে মুখে ভাত পে,𑄌𑄮𑄉𑄬 𑄃𑄨𑄢𑄨 𑄚𑄧 𑄘𑄬𑄢𑄴 𑄖𑄪𑄃𑄮 𑄟𑄧𑄚𑄬 𑄚𑄧 𑄇𑄧𑄃𑄨𑄠𑄬 𑄉𑄪𑄢𑄨 𑄊𑄪𑄟𑄮𑄖𑄴𑄪𑄚𑄴 𑄃𑄪𑄘𑄨𑄚𑄬𑄃𑄨 𑄟𑄪 𑄙𑄮𑄚𑄬𑄃𑄨 𑄞𑄖𑄴,Present
.তরকারি পাতিলের তলানি দিে লেলিে আছে।,𑄖𑄮𑄚𑄴 𑄢𑄚 𑄙𑄪𑄢𑄨𑄣𑄧 𑄣𑄬𑄝𑄴𑄣𑄬𑄝𑄨 𑄟।,Present
".পুা ঝিি আর চুরি করতে পারে না,সুো ঝিিে কাজে যাওা লাগবে",𑄛𑄪𑄃𑄧 𑄏𑄨 𑄃𑄢𑄧 𑄣𑄪𑄢𑄳𑄦𑄨𑄌𑄪𑄢𑄳𑄦𑄨 𑄚𑄧 𑄛𑄎𑄳𑄠𑄬 𑄥𑄮𑄃𑄮𑄢𑄴𑄝𑄱𑄢𑄬 𑄈𑄝𑄬 𑄘𑄝𑄬 𑄇𑄟𑄧𑄖𑄴 𑄡 𑄛𑄪𑄢𑄨𑄝𑄧।,Future
.সে আগের চাইতে দুই বছর বেছে।,𑄥𑄬𑄚𑄧𑄖𑄴𑄬 𑄃𑄬𑄇𑄴𑄥𑄧𑄟𑄢𑄬 𑄘𑄨𑄝𑄧𑄎𑄳𑄠 𑄞𑄘𑄧 𑄥𑄌𑄴𑄪𑄃𑄮 𑄢𑄚𑄨 𑄗𑄧𑄣𑄧।,Present
উন্দু ধনগুলো ঘুম থেকে উঠে তার ব ব কাপগুলো নিে অন্ধকারে তাাতাি কুড়িয়ে নিল,𑄃𑄪𑄚𑄴𑄘𑄨 𑄙𑄧𑄚𑄧𑄉𑄪𑄣𑄮𑄃𑄮 𑄊𑄪𑄟𑄧𑄖𑄴𑄪𑄚𑄴 𑄃𑄪𑄘𑄨 𑄖 𑄝𑄝𑄧𑄢𑄴 𑄊𑄪-𑄟𑄪𑄘𑄮 𑄇𑄝𑄧𑄢𑄴𑄃𑄚𑄨 𑄚𑄨𑄚𑄬 𑄃𑄚𑄴𑄙𑄢𑄴 𑄃𑄚𑄴𑄙𑄢𑄴 𑄗𑄉𑄧𑄘𑄬 𑄉𑄋𑄧𑄖𑄴 𑄡𑄬𑄌𑄚 𑄙𑄮𑄭 𑄃𑄚𑄨𑄣𑄧𑄉𑄮𑄃𑄨।,Past
সে পে দুই দিে ভাত খেে চলে গেল,𑄥𑄬 𑄛𑄧𑄢𑄬𑄚𑄴𑄘𑄨 𑄘𑄨 𑄘𑄨𑄃𑄮𑄢𑄴 𑄞𑄮𑄎𑄬 𑄘𑄨𑄝𑄬 𑄘𑄨𑄝𑄬 𑄞𑄖𑄴 𑄈𑄬𑄭 𑄦𑄮𑄣𑄮𑄖𑄴 𑄣𑄉𑄬𑄝𑄖𑄴𑄬 𑄣𑄧𑄖𑄴 𑄘𑄨𑄣𑄇𑄴।,Past
ধনগুলো রাতের বেলা কি ঘিে পে যা কিছুই জানা যা না,𑄙𑄧𑄚𑄧𑄉𑄪𑄣𑄮 𑄢𑄬𑄘𑄮 𑄞𑄨𑄘𑄨𑄢𑄬 𑄇𑄨 𑄊𑄧𑄘𑄧𑄚 𑄊𑄪𑄘𑄨 𑄡𑄨𑄠𑄬 𑄇𑄨𑄌𑄴𑄪 𑄈𑄧𑄝𑄧𑄢𑄴 𑄚𑄧 𑄛𑄠𑄴।,Present
কাজে যাওার সম লেলিে গেলে সে খবর পেল,𑄇𑄟𑄧𑄖𑄴 𑄡𑄘𑄬 𑄥𑄧𑄣𑄖𑄴 𑄣𑄬𑄝𑄴𑄣𑄬𑄝𑄨 𑄟 𑄥𑄪𑄚𑄬𑄣𑄬 𑄖𑄬 𑄈𑄧𑄝𑄧𑄢𑄴 𑄛𑄬𑄣𑄧।,Past
"ভে ভে, তার ভে মার খেে চামা পে","𑄞𑄬𑄭 𑄃𑄧𑄣𑄬 𑄞𑄬𑄭, 𑄖 𑄞𑄬𑄭𑄝𑄱 𑄟𑄬𑄢𑄴 𑄈𑄬𑄠𑄳𑄠 𑄥𑄪𑄚𑄨𑄚𑄬 𑄌𑄟𑄴 𑄛𑄮𑄢𑄢𑄴।",Present
তার ভে আমাকে ডাকিও না,"𑄖 𑄞𑄪𑄎𑄨𑄢𑄬 𑄇𑄧𑄣𑄧, 𑄟𑄧𑄢𑄬 𑄇𑄨𑄖𑄴𑄬 𑄚𑄧 𑄘𑄉𑄧𑄌𑄴।",Present
আমি খবর পেলাম আধামরা তাকে খাওাবো,𑄟𑄪𑄃𑄨 𑄈𑄧𑄝𑄧𑄢𑄴 𑄃𑄙𑄟𑄧𑄢 𑄦𑄧𑄠𑄴 𑄥𑄧𑄁 𑄙𑄧𑄚𑄝𑄝𑄧𑄢𑄬 𑄈𑄝𑄬 𑄘𑄨𑄘𑄪𑄁।,Future
সস পা দিে একটু মারে,𑄥𑄧𑄌𑄴 𑄛𑄠𑄴 𑄞𑄨𑄣𑄨 𑄃𑄬𑄇𑄴𑄬𑄢𑄬 𑄟𑄢𑄬𑄖𑄴𑄬।,Present
ভালো হেছে পাহাের দাগ,𑄉𑄧𑄟𑄴 𑄦𑄧𑄠𑄳𑄠𑄘𑄬 𑄟𑄪𑄉𑄮𑄢𑄴 𑄘𑄧𑄌𑄳𑄠𑄬।,Present
ভালো কাজ করেছো,𑄉𑄧𑄟𑄴 𑄇𑄟𑄴 𑄉𑄧𑄌𑄴𑄮𑄌𑄨।,Present
দুই দেওার ভে সেই বাচ্চাটি কাজে নামল,𑄘𑄨 𑄘𑄨𑄤𑄧𑄢𑄴 𑄞𑄮𑄎𑄬 𑄥𑄬 𑄛𑄮𑄃𑄨𑄘𑄳𑄠𑄚𑄬 𑄇𑄧𑄙 𑄇𑄮𑄃𑄨 𑄇𑄮𑄃𑄨 𑄇𑄟𑄧𑄖𑄴 𑄣𑄪𑄟𑄨𑄣𑄇𑄴𑄮𑄃𑄨।,Past
.নিলচি গুঁে লাগা এবং এক সাথে হুক্কা দিে খাওা,𑄚𑄨𑄦𑄣𑄴𑄌𑄨 𑄉𑄪𑄢𑄨 𑄦𑄮𑄣𑄮𑄖𑄴 𑄣𑄉𑄚 𑄃𑄢𑄧 𑄃𑄬𑄇𑄴 𑄥𑄧𑄟𑄢𑄬 𑄝𑄮𑄃𑄨𑄚𑄬 𑄘𑄝 𑄞𑄇𑄴𑄎𑄪𑄇𑄴 𑄉𑄪𑄢𑄨 𑄈𑄚𑄴।,Present
.সেদিক থেকে দৌাদৌি করে কজন লোক দাবা খেলছে এবং পোাবাি করেছে তাদেরকে।,𑄥𑄨𑄘𑄨𑄇𑄳𑄠𑄉𑄪𑄢𑄨 𑄙𑄉𑄙𑄇𑄳𑄠 𑄝𑄮𑄃𑄨𑄚𑄬 𑄘𑄝 𑄈𑄘𑄬 𑄥𑄧𑄣𑄖𑄴 𑄇𑄧𑄠𑄬𑄇𑄴 𑄎𑄧𑄚𑄴 𑄉𑄞𑄪𑄎𑄳𑄠 𑄃𑄢𑄧 𑄛𑄮𑄢𑄴𑄝𑄛𑄳𑄠𑄬 𑄥𑄨𑄠𑄮𑄖𑄴 𑄡𑄬𑄚𑄬 𑄖𑄢𑄢𑄬 𑄇𑄧𑄙 𑄃𑄊𑄬 𑄉𑄪𑄢𑄨 𑄘𑄉𑄨𑄣𑄇𑄴।,Present
".সত্যি,কোনো কথা না বলে পাহাড়ের পাদদেশ থেকে পাহািে যাওার জন্য পাহাের মুখ থেকে পাহাি বের হলো","𑄟𑄖𑄴𑄧𑄢𑄴, 𑄇𑄧𑄚𑄧 𑄇𑄧𑄙 𑄚𑄧 𑄇𑄮𑄃𑄨𑄚𑄬 𑄃𑄪𑄘𑄮𑄟𑄴𑄙𑄪𑄟𑄧 𑄉𑄏𑄧𑄖𑄴𑄪𑄚𑄴 𑄦𑄧𑄣 𑄛𑄮𑄎𑄳𑄠 𑄛𑄢 𑄉𑄪𑄢𑄨 𑄘𑄨 𑄘𑄨𑄤𑄧𑄢𑄴 𑄞𑄮𑄎𑄧𑄢𑄬 𑄛𑄨𑄌𑄳𑄠𑄬 𑄦𑄘𑄬 𑄝𑄚𑄨 𑄃𑄘𑄟𑄧 𑄟𑄪𑄈𑄳𑄠𑄬 𑄚𑄬𑄎 𑄙𑄪𑄢𑄨𑄣𑄇𑄴।",Past
"লেলিে দেওা মা এবং ধনগুলো চিন্তা করে কূল নাই,তারা কি দোষ করল","𑄣𑄬𑄝𑄴𑄣𑄬𑄝𑄨 𑄟 𑄃𑄢𑄧 𑄙𑄧𑄚𑄧𑄉𑄪𑄣𑄮 𑄞𑄝𑄨𑄚𑄬 𑄇𑄪𑄣𑄴 𑄚𑄧 𑄛𑄘𑄧𑄚𑄴, 𑄖𑄢 𑄇𑄨 𑄘𑄪𑄌𑄴 𑄉𑄪𑄢𑄨𑄣𑄇𑄴।",Past
". আলামত নিে পাংপাং করে কলা খাচ্ছে,তারা দুইজনে বিে করতে অনেক ব ব লাগে","𑄃𑄣𑄟𑄧𑄖𑄴 𑄣𑄪𑄟𑄬𑄚𑄬 𑄛𑄁𑄛𑄁 𑄉𑄪𑄢𑄨 𑄞𑄋𑄨 𑄇𑄧𑄣𑄇𑄴, 𑄖𑄢 𑄘𑄨 𑄘𑄨𑄤𑄧𑄢𑄴 𑄞𑄮𑄎𑄬𑄢𑄬 𑄝𑄬𑄙𑄧𑄇𑄳𑄠𑄬 𑄉𑄪𑄢𑄨 𑄣𑄉𑄧𑄖𑄴 𑄛𑄨𑄠𑄮𑄚𑄴𑄘𑄮𑄃𑄨।",Present
তাদের নাকি বিদ্যুৎ আছে,𑄖𑄢𑄖𑄴 𑄞𑄬𑄣𑄬 𑄃𑄃𑄨𑄛𑄃𑄨 𑄃𑄊𑄬।,Present
.সে নাকি লেলিে দিবে মনে করে বািতে থাকে না,𑄥𑄬𑄚𑄧𑄖𑄳𑄠𑄬 𑄞𑄬𑄣𑄬 𑄣𑄬𑄝𑄴𑄣𑄬𑄝𑄨 𑄝𑄝𑄬 𑄟𑄧𑄚𑄧 𑄘𑄪𑄉𑄬 𑄊𑄧𑄢𑄧𑄖𑄴 𑄚𑄧 𑄗𑄠𑄴।,Present
.মাছের বািতে মদ খেে পেট ভরে থাকে,𑄟𑄚𑄴𑄎𑄮𑄢𑄴 𑄊𑄧𑄢𑄬 𑄊𑄧𑄢𑄬 𑄟𑄧𑄘𑄴 𑄈𑄬𑄭 𑄈𑄬𑄭 𑄛𑄪𑄢𑄳𑄦𑄨 𑄗𑄠𑄴।,Present
ধনগুলো সাথে সাথে নেওা যা না,𑄙𑄧𑄚𑄧𑄉𑄪𑄣𑄮 𑄥𑄬𑄚𑄧𑄖𑄴𑄬 𑄟𑄮𑄇𑄴 𑄚𑄧 𑄣𑄧𑄖𑄬𑄴।,Present
রাত হলে বাি থেকে বের হ না,𑄢𑄬𑄘𑄮𑄖𑄴 𑄦𑄧𑄣𑄬 𑄊𑄧𑄢𑄧𑄖𑄴𑄪𑄚𑄴 𑄚𑄧 𑄌𑄖𑄴𑄢𑄠𑄴।,Present
অনেক লোক নাকি তাদেরকে বিদা দিচ্ছে,𑄞𑄣𑄧𑄇𑄴 𑄎𑄧𑄚𑄴 𑄟𑄚𑄴𑄎𑄳𑄠 𑄞𑄬𑄣𑄬 𑄖𑄢𑄢𑄬 𑄝𑄬𑄌𑄧𑄣𑄌𑄧𑄣𑄴 𑄉𑄧𑄖𑄴𑄬 𑄘𑄬𑄇𑄴𑄮𑄚𑄴।,Present
দুই দুইটা ভাত খেে বুঝতে পারলাম এইটা কার মা,𑄘𑄨 𑄘𑄨𑄤𑄧𑄢𑄴 𑄞𑄮𑄎𑄬 𑄝𑄪𑄎𑄨 𑄛𑄢𑄨𑄣𑄇𑄴 𑄃𑄨𑄠𑄚𑄴 𑄇𑄢𑄴 𑄟𑄇𑄴।,Past
".বাবা,এত ব মাটিতে যে ধন ব করবে সেটা মা ভুলে যাবে না","𑄟𑄖𑄴𑄧𑄢𑄴, 𑄃𑄬𑄙𑄇𑄴 𑄡𑄘𑄨 𑄟𑄘𑄨 𑄡𑄬 𑄙𑄧𑄚𑄝𑄝𑄬 𑄇𑄬𑄚 𑄃𑄪𑄎𑄮𑄣𑄴 𑄉𑄪𑄢𑄨𑄝𑄱 𑄥𑄨𑄠𑄚𑄴 𑄣𑄬𑄝𑄴𑄣𑄬𑄝𑄨 𑄟 𑄞𑄪𑄣𑄬𑄃𑄮 𑄚𑄧 𑄞𑄝𑄬।",Future
যাওা যাওা,"𑄡𑄃𑄨 𑄃𑄮𑄇𑄴, 𑄇𑄨 𑄃𑄢𑄴 𑄉𑄧𑄢𑄚।",Present
লেলিে দেওা মাা করে,𑄣𑄬𑄝𑄴𑄣𑄬𑄝𑄨 𑄟 𑄟𑄧𑄚𑄚𑄴 𑄙𑄧𑄢𑄧 𑄉𑄪𑄢𑄨𑄃𑄊𑄬।,Present
.নিজের শরীরে এত ময়লা আছে কেন?,𑄚𑄨𑄎𑄮 𑄇𑄨𑄠𑄬𑄖𑄴 𑄡𑄬𑄇𑄳𑄠𑄬 𑄛𑄬𑄢𑄴𑄉 𑄚𑄬𑄃𑄨 𑄖𑄬 𑄇𑄨 𑄘𑄧𑄢𑄚?,Present
সে কি চিন্তা করা,𑄖𑄬 𑄇𑄨 𑄌𑄨𑄘𑄬 𑄉𑄧𑄢𑄚?,Present
আর হলদে ধনে তাকে যে কেনা ছাদে দেখা যা সেটা খুব জানা যা,𑄃𑄢𑄧 𑄦𑄧𑄣𑄧𑄘𑄬 𑄙𑄧𑄚𑄝𑄝𑄬 𑄖𑄢𑄬 𑄡𑄬 𑄇𑄬𑄚 𑄃𑄪𑄉𑄪𑄢𑄬𑄝𑄖𑄴𑄬 𑄙𑄧𑄟𑄳𑄠𑄬 𑄥𑄨𑄠𑄚𑄴 𑄝𑄬𑄉𑄬 𑄈𑄧𑄝𑄧𑄢𑄴 𑄛𑄚𑄴।,Present
আর তারা অনেক কেরা সেগুলো খবর পাওা,𑄃𑄢𑄧 𑄖𑄢 𑄃𑄇𑄴𑄧𑄣𑄴 𑄇𑄬𑄏𑄚𑄳𑄠 𑄥𑄨𑄠𑄚𑄨 𑄈𑄧𑄝𑄧𑄢𑄴 𑄛𑄚𑄴।,Present
"যত ব ব কথা, রংচঙে কথা, রংচঙে কথা বলে মানুষরা যে দোষ করে না মনে করে","𑄡𑄧𑄘𑄧𑄃𑄨 𑄟𑄨𑄎𑄬 𑄝𑄧𑄚𑄴𑄚𑄋𑄴 𑄘𑄬𑄘𑄮𑄇𑄴, 𑄢𑄧𑄁𑄌𑄧𑄁 𑄟𑄨𑄚𑄬𑄚𑄬 𑄇𑄧𑄙 𑄥𑄬𑄖𑄳𑄢 𑄉𑄮𑄢𑄮𑄘𑄮𑄇𑄴 𑄟𑄚𑄴𑄎𑄳𑄠 𑄡𑄬 𑄝𑄨𑄌𑄴𑄥𑄬𑄌𑄴 𑄚𑄧 𑄉𑄪𑄢𑄨𑄝𑄇𑄴 𑄞𑄨𑄣𑄨 𑄣𑄬𑄝𑄴𑄣𑄬𑄝𑄨 𑄟 𑄟𑄧𑄚𑄬 𑄉𑄧𑄢𑄬।",Present
সে দিন সূর্য ডোবার সম কোনো কথা বলার সম ছিলনা,𑄥𑄬 𑄘𑄨𑄚𑄴𑄬 𑄝𑄬𑄣𑄳𑄠 𑄟𑄙𑄚𑄴 𑄇𑄧𑄚𑄧 𑄇𑄧𑄙 𑄇𑄧𑄝𑄢𑄴 𑄎𑄪 𑄚𑄧 𑄘𑄨𑄚𑄬 𑄝𑄨𑄎𑄬𑄢𑄧𑄖𑄴 𑄝𑄮𑄎𑄬𑄣𑄇𑄴।,Past
চোখ বন্ধ না করে গ্রামের কেকজন লোক তাদের সাথে যোগ দিল,𑄌𑄮𑄇𑄴 𑄗𑄬𑄛𑄧𑄖𑄴 𑄚𑄧 𑄉𑄧𑄌𑄴𑄬 𑄉𑄪𑄢𑄨 𑄃𑄘𑄟𑄧𑄢𑄴 𑄇𑄧𑄠𑄬𑄇𑄴𑄮 𑄟𑄚𑄴𑄎𑄳𑄠 𑄖𑄢𑄖𑄬 𑄚𑄨𑄚𑄬 𑄟𑄨𑄎𑄬 𑄟𑄨𑄎𑄬 𑄉𑄪𑄢𑄨 𑄥𑄳𑄦𑄇𑄴𑄈𑄨 𑄘𑄨𑄣𑄇𑄴।,Past
".এত ব ব কথা বলতেছে, মাথা দিে যা, দুচোখের পানি পে যা","𑄃𑄬𑄙𑄧𑄇𑄳𑄠𑄬 𑄉𑄪𑄢𑄨 𑄇𑄧𑄣𑄇𑄴 𑄃𑄧𑄉𑄧𑄟𑄚𑄬 𑄣𑄬𑄝𑄴𑄣𑄬𑄝𑄨 𑄟 𑄝𑄪𑄉𑄧𑄖𑄴 𑄣𑄖𑄴𑄗𑄣𑄖𑄴𑄗𑄨 𑄉𑄧𑄢𑄬𑄢𑄴, 𑄖𑄧𑄘 𑄊𑄳𑄦𑄬𑄖𑄴 𑄘𑄨 𑄡𑄢𑄴, 𑄘𑄨 𑄌𑄮𑄉𑄧𑄖𑄴𑄪𑄚𑄴 𑄖𑄬𑄛𑄴𑄖𑄬𑄛𑄴 𑄌𑄮𑄉𑄧 𑄛𑄚𑄨 𑄏𑄧𑄢𑄬𑄢𑄴।",Present
আরও ধনগুলো রাগে গিেছে,𑄃𑄢𑄧 𑄙𑄧𑄚𑄧𑄉𑄪𑄣𑄮 𑄢𑄉𑄬 𑄃𑄧𑄉𑄧𑄟𑄚𑄬 𑄉𑄨𑄢𑄴𑄉𑄨𑄢𑄢𑄴।,Present
মনে হ মনে হ যে বাঁশটা পানিতে পে গেলে মেেকে মেরে ফেলবে,𑄞𑄝𑄬𑄖𑄴𑄬 𑄝𑄚𑄳𑄠𑄖𑄴𑄪𑄚𑄴 𑄥𑄧𑄢𑄚𑄴 𑄛𑄬𑄣𑄬 𑄟𑄧𑄢𑄴𑄣𑄬 𑄟𑄧𑄢𑄧𑄁 𑄝𑄎𑄨𑄣𑄬 𑄝𑄎𑄧𑄁 𑄟𑄨𑄎𑄬 𑄥𑄳𑄦𑄇𑄴𑄈𑄨𑄃𑄪𑄚𑄧𑄢𑄬 𑄟𑄢𑄬 𑄛𑄬𑄣𑄬𑄝𑄧।,Future
.সেখানে তাদের মাটি বা পানি পাওার কোন জাগা নেই,𑄟𑄖𑄴𑄧𑄢𑄴 𑄖𑄢 𑄟𑄘𑄨𑄝𑄢𑄴 𑄝 𑄥𑄧𑄢𑄚𑄴 𑄛𑄬𑄝𑄢𑄴 𑄎𑄧𑄚𑄧 𑄎𑄪 𑄚𑄬𑄃𑄨।,Present
লেলিে দেওার পর তার স্ত্রী আর ছেলের মধ্যে কোনো সম্পর্ক নেই,𑄣𑄬𑄝𑄴𑄣𑄬𑄝𑄨 𑄝𑄝𑄬 𑄃𑄬𑄚𑄬𑄭 𑄗𑄮𑄘𑄬𑄠𑄴 𑄗𑄮𑄘𑄬𑄠𑄴 𑄇𑄧𑄣𑄧𑄉𑄨 𑄖 𑄟𑄮𑄇𑄴𑄮𑄢𑄴 𑄃 𑄖 𑄞𑄬𑄭𑄝𑄱𑄢𑄴 𑄟𑄧𑄙𑄳𑄠𑄬 𑄇𑄧𑄚𑄧,Present
আইল নেই,𑄃𑄃𑄨𑄛𑄃𑄨 𑄚𑄬𑄃𑄨।,Past
কোন দিন সেনাটা দেখতে পারা যা না,𑄇𑄧𑄚𑄧𑄘𑄨𑄚𑄴 𑄥𑄬𑄚𑄚𑄳𑄠 𑄌𑄬𑄠𑄬𑄇𑄴 𑄚𑄧 𑄛𑄠𑄴।,Present
.তারা মেেকে মেে বলে,𑄖𑄢𑄢𑄬 𑄟𑄨𑄎𑄬 𑄝𑄧𑄚𑄴𑄚𑄋𑄴 𑄘𑄬𑄘𑄧𑄚𑄴𑄘𑄬।,Present
"ধনে যে এক যোগার দিে বলে, তুমি মেদবহুল হও","𑄙𑄧𑄚𑄝𑄝𑄬 𑄡𑄬𑄇𑄳𑄠𑄬 𑄃𑄬𑄇𑄴 𑄎𑄮𑄉𑄢𑄴 𑄘𑄨𑄚𑄬 𑄇𑄧𑄣𑄧, 𑄖𑄪𑄃𑄨 𑄟𑄬𑄘𑄬𑄢 𑄈𑄧𑄝𑄧𑄢𑄴 𑄛𑄌𑄴।",Present
রাতের বেলা মদ খেে সুন্দর করে থাক,𑄢𑄬𑄘𑄬 𑄘𑄨𑄚𑄬 𑄟𑄧𑄘𑄴 𑄈𑄬𑄭 𑄥𑄪𑄚𑄴𑄘𑄪𑄣𑄴 𑄉𑄪𑄢𑄨 𑄛𑄪𑄢𑄳𑄦𑄨 𑄗𑄌𑄴।,Present
তোমার ভাইকে নিে তোমার ভাই সংসার করতে পারবে নাকি?,𑄖𑄧 𑄟𑄮𑄇𑄴𑄮𑄢𑄬 𑄚𑄨𑄚𑄬 𑄖𑄧 𑄞𑄬𑄭𑄝𑄱 𑄥𑄧𑄁𑄥𑄢𑄴 𑄉𑄪𑄢𑄨 𑄈𑄖𑄴𑄬 𑄃𑄪𑄘𑄮 𑄛𑄌𑄴𑄚𑄨?,Future
ধোঁাবাি খেে শামুকের খোলস থেকে বের হে আসলো,𑄙𑄧𑄚𑄝𑄝𑄧𑄖𑄴𑄪𑄚𑄴 𑄎𑄮𑄉𑄢𑄴 𑄈𑄬𑄃𑄨𑄚𑄬 𑄣𑄬𑄝𑄴𑄣𑄬𑄝𑄨 𑄝𑄝𑄬 𑄙𑄪𑄢𑄨 𑄃𑄚𑄳𑄠𑄬 𑄃𑄧𑄉𑄧𑄣𑄧𑄉𑄧 𑄥𑄚𑄴 𑄗𑄧𑄝 𑄝𑄪𑄘𑄨 𑄉𑄬𑄣𑄧।,Past
লেলিে দেওা মাের কথাগুলো সাথে সাথে মেনে নিল না,𑄣𑄬𑄝𑄴𑄣𑄬𑄝𑄨 𑄟 𑄃 𑄙𑄧𑄚𑄧𑄉𑄪𑄣𑄮 𑄇𑄧𑄙𑄚𑄨 𑄟𑄨𑄎𑄬 𑄥𑄳𑄦𑄇𑄴𑄈𑄨 𑄘𑄨𑄠𑄳𑄠𑄃𑄪𑄚𑄧𑄢𑄴 𑄇𑄧𑄙 𑄣𑄧𑄉𑄬 𑄝𑄮𑄢𑄬 𑄚𑄧 𑄃𑄬𑄣𑄧।,Past
বেশি মদ খেে মানুষরা মদ খেে খেলা করতেছে,"𑄝𑄬𑄌𑄴𑄞𑄇𑄴 𑄉𑄞𑄪𑄎𑄳𑄠, 𑄃𑄘𑄟𑄳𑄠 𑄃𑄢𑄴 𑄟𑄧𑄘𑄴 𑄈𑄬𑄠𑄳𑄠 𑄎𑄪 𑄈𑄢 𑄦𑄧𑄠𑄬 𑄟𑄚𑄪𑄌𑄴𑄪𑄚𑄴 𑄙𑄧𑄚𑄝𑄝𑄧 𑄘𑄧𑄣𑄧𑄖𑄴 𑄞𑄨𑄎𑄳𑄠।",Present
.যেগুলো লেলিে দেওার সম কথাও বলতে পারে না,𑄡𑄨𑄉𑄪𑄚𑄬 𑄣𑄬𑄝𑄴𑄣𑄬𑄝𑄨 𑄟 𑄛𑄧𑄇𑄴𑄈𑄬 𑄥𑄨𑄉𑄪𑄚𑄬𑄃𑄮 𑄘𑄧𑄢𑄬 𑄇𑄧𑄚𑄧 𑄇𑄧𑄙 𑄇𑄮𑄃𑄨 𑄚𑄧 𑄛𑄢𑄧𑄚𑄴।,Present
গ্রামের কার্জগুলো পাশ কেটে চলে যাওার জন্য ধনগুলো শুধু এদিক সেদিক করে,𑄃𑄘𑄟𑄧 𑄇𑄢𑄴𑄝𑄎𑄳𑄠𑄃𑄮 𑄟𑄪𑄏𑄪𑄋𑄬𑄘𑄨 𑄟𑄬𑄟𑄴𑄝𑄢𑄴 𑄉𑄨𑄢𑄨 𑄉𑄧𑄢𑄨𑄝𑄖𑄴𑄬 𑄙𑄧𑄚𑄧𑄉𑄪𑄣𑄮 𑄝𑄝𑄧 𑄇𑄧𑄙 𑄟𑄧𑄎𑄨𑄟𑄴 𑄖𑄨𑄉𑄪𑄖𑄴 𑄖𑄨𑄉𑄪𑄖𑄴 𑄉𑄧𑄢𑄬।,Present
ধোঁাটা হাতে না থাকলে সে কোনদিন মেে হতে পারে না,𑄙𑄧𑄚𑄝𑄝𑄧𑄢𑄬 𑄦𑄘𑄧𑄖𑄴 𑄚𑄧 𑄢𑄊𑄬𑄣𑄬 𑄖𑄬 𑄇𑄧𑄚𑄧𑄘𑄨𑄚𑄴 𑄟𑄬𑄟𑄴𑄝𑄢𑄴 𑄃𑄧𑄃𑄨 𑄛𑄖𑄴𑄧 𑄚𑄧𑄠𑄴।,Present
সে লেলিে দেওার সম দুঃখ পেল,𑄥𑄬𑄚𑄧𑄖𑄳𑄠 𑄣𑄬𑄝𑄴𑄣𑄬𑄝𑄨 𑄟 𑄇𑄧𑄝𑄣𑄧𑄖𑄴 𑄘𑄪𑄇𑄴 𑄃𑄬𑄣𑄧।,Past
.সে দুইজনে চুল কেটে দুইজনে গ্রামে ঘুরে বো,𑄥𑄬𑄎𑄬𑄘𑄨 𑄘𑄨𑄋𑄨𑄢𑄨 𑄘𑄨𑄣𑄇𑄴 - 𑄘𑄳𑄦𑄨 𑄎𑄧𑄚𑄧𑄢𑄬 𑄖𑄨𑄚𑄴 𑄜𑄉𑄣𑄉𑄪𑄢𑄨 𑄌𑄪𑄣𑄴 𑄇𑄝𑄨 𑄘𑄨𑄚𑄬 𑄃𑄘𑄟𑄧𑄖𑄴 𑄙𑄬𑄚𑄴𑄘𑄬𑄢 𑄘𑄨𑄚𑄬 𑄣𑄮𑄃𑄨 𑄝𑄬𑄢𑄚।,Present
.যেটা দিে দৌা দিল সেটা সাথে সাথে শেষ হলো,𑄡𑄨𑄠𑄚𑄴 𑄘𑄨𑄋𑄨𑄢𑄨 (𑄢𑄠𑄴) 𑄘𑄨𑄣𑄇𑄴 𑄥𑄨𑄠𑄚𑄴 𑄣𑄧𑄉𑄬 𑄣𑄧𑄉𑄬 𑄥𑄬𑄢𑄬𑄣𑄇𑄴।,Past
চুল কাটতে কাটতে টাকা গুলো গুো করে বের করে দিল,𑄌𑄪𑄣𑄴 𑄇𑄝𑄨𑄘𑄨𑄚𑄬𑄃𑄨 𑄙𑄬𑄚𑄴𑄘𑄬𑄢 𑄘𑄨𑄚𑄬𑄃𑄨 𑄖𑄬𑄋 𑄉𑄢𑄳𑄦𑄨 𑄉𑄪𑄚𑄮𑄃𑄢𑄴 𑄙𑄪𑄢𑄨𑄚𑄬𑄃𑄨 𑄃𑄨𑄢𑄨 𑄘𑄨𑄣𑄇𑄴।,Past
লেলিে দিবে নাকি তার মা আর ভাতিজার কাছ থেকে মন পেল না,𑄣𑄬𑄝𑄴𑄣𑄬𑄝𑄨 𑄝𑄝𑄬 𑄚 𑄖 𑄟𑄮𑄉𑄧𑄖𑄴𑄪𑄚𑄴 𑄚 𑄞𑄬𑄭𑄃𑄮𑄖𑄴𑄪𑄚𑄴 𑄇𑄢𑄧𑄖𑄴𑄪𑄚𑄴 𑄟𑄧𑄚𑄴 𑄚𑄧 𑄛𑄬𑄣𑄧 𑄃𑄢𑄴।,Past
"দুইজনে কলা খাওা ভালো, মদ না খেে বািতে মেেরা ভালো হ না","𑄘𑄪𑄃𑄮𑄎𑄧𑄚𑄬 𑄇𑄧𑄣𑄇𑄳𑄠 𑄖𑄪𑄃𑄨 𑄎𑄪𑄚𑄨 𑄉𑄧𑄟𑄴 𑄦𑄧𑄘𑄬, 𑄟𑄧𑄘𑄴 𑄞𑄋𑄴 𑄚𑄧 𑄈𑄬 𑄊𑄧𑄢𑄧𑄖𑄴 𑄟𑄮𑄇𑄴 𑄛𑄪𑄃𑄨 𑄏𑄨 𑄃𑄎 𑄉𑄪𑄢𑄨𑄚𑄬𑄃𑄨 𑄗𑄬𑄘𑄬 𑄥𑄣𑄬𑄚𑄴 𑄇𑄬𑄣𑄳𑄠 𑄞𑄬𑄎𑄣𑄚𑄴 𑄚𑄧 𑄦𑄧𑄘𑄧।",Present
.আসবাবপত্রটি আনতে হ না,𑄃𑄬𑄌𑄳𑄠𑄬 𑄥𑄧𑄢𑄧𑄡𑄧𑄚𑄴𑄖𑄳𑄢𑄧 𑄃𑄚𑄴 𑄚𑄧 𑄦𑄧𑄘𑄧।,Present
তর্জনি দিে সবাই দৌে গেলাম,𑄖𑄧𑄢𑄴𑄣𑄃𑄨 𑄃𑄬𑄌𑄳𑄠𑄬 𑄉𑄮𑄘 𑄝𑄬𑄇𑄴𑄪𑄚𑄬 𑄘𑄪𑄉𑄮𑄖𑄴 𑄛𑄪𑄢𑄳𑄦𑄨𑄣𑄧𑄁।,Past
.মানুষ সম্মান হারিেছে,𑄟𑄚𑄴 𑄥𑄧𑄟𑄴𑄟𑄚𑄴 𑄦𑄢𑄬𑄣𑄧𑄁।,Present
বো ভোর হে ধনগুলো আগা গিে যাচ্ছে,𑄝𑄬𑄚𑄳𑄠 𑄛𑄳𑄦𑄧𑄢𑄴 𑄃𑄮𑄚𑄬 𑄙𑄧𑄚𑄧𑄉𑄪𑄣𑄮 𑄉𑄬𑄣𑄧 𑄃𑄉𑄢𑄬 𑄇𑄖𑄴𑄮𑄚𑄴 𑄉𑄪𑄢𑄨𑄝𑄖𑄴𑄬।,Present
লেলিে দেওা মাার পরে বাবা বাির মুখ,𑄣𑄬𑄝𑄴𑄣𑄬𑄝𑄨 𑄟 𑄉𑄬𑄣𑄧 𑄛𑄪𑄃𑄧 𑄏𑄨 𑄣𑄮𑄃𑄨𑄚𑄬 𑄟 𑄝𑄝𑄧 𑄊𑄧𑄢𑄧 𑄟𑄪𑄈𑄳𑄠𑄬।,Present
লেলিে দেওার সমে সুঁচালো মুখ করে তাকিে থাকল,𑄣𑄬𑄝𑄴𑄣𑄬𑄝𑄨 𑄝𑄝𑄬 𑄥𑄨𑄋𑄮𑄝 𑄘𑄪𑄃𑄮𑄢𑄧𑄖𑄴 𑄗𑄠𑄬𑄚𑄬 𑄥𑄪𑄙𑄮𑄟𑄪 𑄉𑄪𑄢𑄨 𑄌𑄬 𑄗𑄬𑄣𑄧।,Past
উন্দু বুজিে খুক খুক করে কাশি খা,𑄃𑄪𑄚𑄴𑄘𑄨 𑄝𑄪𑄎𑄳𑄠𑄬 𑄈𑄪𑄇𑄴𑄈𑄪𑄣𑄪𑄇𑄴 𑄈𑄪𑄇𑄴𑄈𑄪𑄣𑄪𑄇𑄴 𑄉𑄪𑄢𑄨 𑄈𑄎𑄬𑄢𑄴।,Present
.মাছের দলা ফেলার সম ঢাকনাটা বন্ধ করার কিছুই নেই,𑄟𑄉𑄧 𑄘𑄧𑄣 𑄜𑄬𑄣𑄬𑄝𑄢𑄴 𑄍𑄬𑄭𑄃𑄮 𑄇𑄧𑄘𑄧𑄢𑄝𑄱 𑄝𑄝𑄬 𑄘𑄨𑄝𑄢𑄴 𑄇𑄨𑄠𑄮𑄃𑄨 𑄚𑄬𑄃𑄨।,Present
লেলিে দেওার সম আমি এই পথের দিকে তাকিে আছি,"𑄣𑄬𑄝𑄴𑄣𑄬𑄝𑄨 𑄝𑄝𑄬 𑄃𑄚𑄴𑄙𑄎𑄳𑄠𑄬 𑄟𑄪 𑄃𑄧𑄃𑄨 𑄛𑄧𑄙𑄧 𑄇𑄨𑄗𑄳𑄠 𑄌𑄬 𑄃𑄊𑄬, 𑄃𑄨𑄚𑄴𑄘𑄨 𑄝𑄪𑄎𑄳𑄠𑄬 𑄙𑄧𑄉𑄬𑄢𑄴।",Present
মেঘের পিঠা,𑄟𑄬𑄊𑄧 𑄛𑄨𑄙𑄬,Present
শুনে শুনে আমরা চাংমাা,𑄥𑄪𑄚𑄚𑄪 𑄃𑄣𑄮𑄟𑄧𑄠𑄴 𑄌𑄋𑄴𑄟,Present
খাওার মনে হ মেঘের পিঠা,𑄈𑄬𑄝𑄢𑄴 𑄟𑄧𑄚𑄬 𑄦𑄧𑄠𑄴 𑄟𑄬𑄊𑄧 𑄛𑄨𑄙𑄬,Present
সনাের চোঙা,𑄥𑄧𑄚𑄢𑄴 𑄌𑄨𑄎𑄨𑄖𑄴𑄖𑄪𑄚𑄴।,Present
মেেটা মাটিতে পে আছে,"𑄟𑄬𑄇𑄴𑄈𑄚𑄨 𑄢𑄧𑄃𑄨𑄠𑄬 𑄃𑄉𑄏𑄧𑄖𑄴,",Present
দূরের জিনিস,𑄘𑄪𑄢𑄮𑄖𑄴 𑄟𑄘𑄨𑄖𑄴𑄖𑄪𑄚𑄴।,Present
"এক দিন এসেছে তেকোণা, একদিন এসেছে তেকোণা","𑄃𑄬𑄇𑄴𑄘𑄨𑄚𑄴 𑄃𑄬𑄣𑄧 𑄖𑄬𑄚𑄴𑄖𑄬𑄋𑄪𑄢𑄨,",Present
নীলপিঠ করে,𑄚𑄨𑄣𑄧 𑄛𑄨𑄘𑄨𑄖𑄴 𑄉𑄧𑄢𑄨।,Present
ছোট ছোট মেেকে,𑄌𑄨𑄎𑄨 𑄌𑄬𑄣𑄧𑄉𑄮𑄃𑄨 𑄟𑄬𑄇𑄴𑄈𑄚𑄨𑄢𑄬,Present
পাে পাে,𑄦𑄙𑄧𑄖𑄴 𑄙𑄪𑄢𑄨 𑄙𑄪𑄢𑄨।,Present
স্যান্ডেলের চূা দিে মেঘের দেশে যাওা,𑄥𑄧𑄚𑄢𑄴 𑄌𑄨𑄎𑄨𑄢𑄴 𑄞𑄢𑄨 𑄙𑄛𑄴 𑄟𑄬𑄊𑄧 𑄘𑄬𑄏𑄧𑄖𑄴 𑄡𑄬𑄝𑄢𑄴।,Present
কি সুন্দর মেে,𑄇𑄨 𑄘𑄮𑄣𑄴 𑄟𑄬𑄇𑄴𑄈𑄚𑄨।,Present
"লাল মেে,রাঙা মেে, সাদা মেে","𑄢𑄋 𑄟𑄬𑄇𑄴, 𑄢𑄋𑄧𑄌𑄳𑄠𑄬 𑄟𑄬𑄇𑄴, 𑄙𑄪𑄛𑄴 𑄟𑄬𑄇𑄴, 𑄙𑄮𑄣𑄮𑄌𑄳𑄠𑄬 𑄟𑄬𑄇𑄴।",Present
তত ব সাদা খাটে বসলে অনেক সুখ পাওা যা,𑄥𑄬𑄟𑄬𑄖𑄴 𑄖𑄪𑄣𑄧 𑄙𑄧𑄇𑄴 𑄙𑄪𑄛𑄴 𑄙𑄪𑄛𑄴 𑄟𑄬𑄇𑄴𑄈𑄚𑄨𑄖𑄴 𑄉𑄪𑄌𑄴𑄍𑄬𑄣𑄬 𑄞𑄢𑄨 𑄥𑄪𑄇𑄴 𑄃𑄧𑄞𑄧 𑄛𑄢 𑄛𑄠𑄴।,Present
.সে শুধু কালো চুক চুক করে মেেকে দিতে পারে।,𑄟𑄖𑄴𑄖𑄧𑄢𑄴 𑄇𑄣 𑄌𑄪𑄇𑄴 𑄌𑄪𑄇𑄴 𑄟𑄬𑄇𑄴𑄈𑄚𑄨𑄖𑄴 𑄖𑄬 𑄘𑄬𑄃𑄨 𑄚𑄧 𑄛𑄢𑄬।,Present
একনাগাে ঝগা বইে সংসারটা নেচে নেচে দে,𑄃𑄬𑄇𑄴𑄈 𑄃𑄧𑄣𑄬 𑄏𑄧𑄣𑄴𑄉 𑄝𑄮𑄃𑄨𑄠𑄬𑄢𑄴 𑄃𑄬𑄚𑄬𑄃𑄨 𑄥𑄧𑄁𑄥𑄢𑄚𑄴 𑄏𑄨𑄚𑄴𑄘𑄪𑄢𑄪𑄇𑄴 𑄈𑄨𑄚𑄴𑄘𑄪𑄢𑄪𑄇𑄴 𑄉𑄧𑄢𑄨 𑄘𑄳𑄠।,Present
তার সাথে এখন ব ব ভূমিকম্প,𑄥𑄬 𑄣𑄧𑄉𑄬 𑄃𑄬𑄡𑄧𑄚𑄴 𑄝𑄧𑄢𑄴 𑄝𑄧𑄢𑄴 𑄘𑄬𑄝 𑄛𑄬𑄢𑄇𑄴।,Present
.মাটির পোকা ও কালো রঙের মেেগুলো ভালো না লাগলেও ভালো লাগে,𑄟𑄖𑄴𑄖𑄧𑄢𑄴 𑄛𑄬𑄢𑄇𑄴 𑄃 𑄇𑄣 𑄇𑄣 𑄟𑄬𑄇𑄴 𑄌𑄇𑄴𑄃𑄪𑄚𑄴 𑄉𑄧𑄟𑄴 𑄚𑄧 𑄣𑄉𑄨𑄣𑄬𑄃𑄮 𑄉𑄧𑄟𑄴 𑄣𑄉𑄨𑄘𑄧 𑄎𑄢𑄚𑄨।,Present
. হাত কালো হে বৃষ্টিতে ভিজলে ভালো লাগে,𑄦𑄖𑄴 𑄇𑄣 𑄦𑄧𑄠𑄴 𑄥𑄧𑄁 𑄏𑄧𑄢𑄳𑄦𑄧𑄖𑄴 𑄞𑄨𑄎𑄨𑄘𑄬 𑄉𑄧𑄟𑄴 𑄣𑄉𑄬 𑄇𑄚𑄚𑄨 𑄘𑄨𑄝𑄬 𑄃𑄋𑄪𑄣𑄬 𑄇𑄇𑄴𑄇𑄬 𑄙𑄨𑄝𑄬 𑄘𑄨𑄚𑄬𑄃𑄨 𑄃 𑄇𑄇𑄴𑄇𑄬 𑄚𑄙𑄬𑄚𑄬 𑄥𑄪𑄚𑄨 𑄗𑄇𑄴𑄇𑄬।,Present
".জুনি শীল পেছে,সে খুশি হে পে","𑄡𑄪𑄚𑄨 𑄥𑄨𑄣𑄴 𑄛𑄧𑄢𑄳𑄦𑄧𑄚𑄴, 𑄥𑄣𑄬 𑄈𑄪𑄎𑄨𑄠𑄬 𑄛𑄧𑄢𑄚𑄴 𑄥𑄧𑄌𑄴𑄌𑄧𑄘𑄠𑄴।",Present
"তার মা বলে,সে সুইচটা খেললে জীবনটা ভালো লাগে না","𑄖 𑄟𑄟𑄳𑄦 𑄇𑄧𑄠𑄴, 𑄥𑄬 𑄥𑄨𑄣𑄪𑄚𑄴 𑄈𑄬𑄣𑄬 𑄞𑄨𑄣𑄬 𑄎𑄨𑄁𑄇𑄚𑄨𑄃𑄚𑄴 𑄥𑄬𑄞𑄇𑄎𑄬 𑄚𑄧 𑄙𑄧𑄢𑄬।",Present
বেশি করে সীল পলে ছিঁে পে বািে যাওা যা,𑄝𑄬𑄌𑄴 𑄉𑄧𑄢𑄨 𑄥𑄨𑄣𑄴 𑄛𑄧𑄢𑄴𑄣𑄬 𑄥𑄨𑄣𑄪𑄚𑄴 𑄜𑄣𑄴𑄣𑄬 𑄜𑄣𑄴𑄣𑄬 𑄊𑄧𑄢𑄧𑄖𑄴 𑄥𑄧𑄟𑄚𑄴𑄘𑄨।,Present
খাওার কথা খাওা লাগবে,𑄈𑄚 𑄇𑄧𑄙𑄇𑄴 𑄈𑄬𑄝𑄬 .....,Future
আমি তোমাকে দিলে আমার ভালো লাগে,𑄟𑄪𑄠𑄮𑄖𑄴 𑄘𑄨𑄣𑄬 𑄟𑄪𑄠𑄮𑄝𑄬𑄘 𑄥𑄳𑄦𑄧𑄚𑄴 𑄟𑄧𑄢𑄬।,Present
কি মজা!,𑄇𑄨 𑄥𑄪𑄠𑄮𑄖𑄴!,Present
চিঝির মতো সিলিং এত উঁচুতে কেন বসাতেছো?,𑄌𑄨𑄏𑄨 𑄞𑄝𑄬 𑄥𑄨𑄣𑄪𑄚𑄴 𑄥𑄬𑄖𑄴𑄖𑄧𑄟𑄚𑄴 𑄥𑄪𑄠𑄮𑄖𑄴 𑄃 𑄟𑄬𑄇𑄴𑄈𑄚𑄨 𑄇𑄧𑄖𑄴𑄖𑄧𑄟𑄚𑄴 𑄥𑄪𑄠𑄮𑄖𑄴 𑄃𑄧𑄞𑄧 𑄇𑄨𑄏𑄬𑄚𑄨?,Present
".আমি চিন্তা করি,যেভাবে জীবনটা কেটেছে তার জন্য কাঁদতেছে","𑄦𑄟𑄨𑄎𑄬 𑄞𑄝𑄬, 𑄡𑄪𑄚𑄨 𑄛𑄬𑄃𑄨𑄇𑄴 𑄃𑄧𑄘𑄧 𑄖𑄬 𑄎𑄨𑄁𑄇𑄚𑄨𑄃𑄚𑄴 𑄟𑄬𑄊𑄬 𑄟𑄬𑄊𑄬 𑄞𑄧𑄋𑄨 𑄞𑄧𑄋𑄨 𑄇𑄘𑄬 𑄘𑄨𑄣𑄪𑄚𑄴।",Present
মাটিতে নামতে পারলাম না,𑄟𑄘𑄨𑄖𑄴 𑄚𑄧 𑄣𑄟𑄨𑄣𑄪𑄚𑄴।,Past
"পেট ভরে খাওা হলে মেে খাওা, এই মেেটার থেকে -ও মেেটা ঘুরে বেে থাকল","𑄛𑄬𑄖𑄴 𑄛𑄪𑄢𑄨𑄣𑄬 𑄟𑄬𑄇𑄴 𑄈𑄬𑄣𑄪𑄚𑄴, 𑄃𑄬 𑄟𑄬𑄇𑄴 𑄌𑄉𑄖𑄴𑄖𑄪𑄚𑄴 ...𑄃𑄪 𑄟𑄬𑄇𑄴 𑄌𑄉𑄧𑄖𑄴 𑄝𑄬𑄢𑄳𑄦𑄬 𑄝𑄬𑄢𑄳𑄦𑄬𑄃𑄨 𑄗𑄬𑄣𑄪𑄚𑄴।",Past
এক দিন চিঝি পাে বরফে বসে আছে,𑄃𑄬𑄇𑄴𑄘𑄨𑄚𑄴 𑄌𑄨𑄏𑄨 𑄟𑄮𑄚𑄧 𑄛𑄨𑄘𑄨𑄖𑄴 𑄃𑄨𑄎𑄧𑄢𑄧𑄖𑄴 𑄝𑄮𑄃𑄨 𑄃𑄊𑄬।,Present
পাহাে হঠাৎ করে একটা ঝাঁকি উঠল,𑄟𑄪𑄏𑄪𑄋𑄮𑄖𑄴 𑄜𑄪𑄢𑄪𑄢𑄪𑄖𑄴 𑄉𑄧𑄢𑄨 𑄃𑄬𑄇𑄴𑄇𑄱 𑄖𑄬𑄚𑄴𑄖𑄬𑄋𑄪𑄢𑄨 𑄃𑄪𑄢𑄳𑄦𑄨 𑄃𑄬𑄣𑄧।,Past
লাল রঙের চোখগুলো ধুেছে,𑄢𑄋 𑄌𑄨𑄇𑄴 𑄌𑄨𑄇𑄴 𑄘𑄨𑄃𑄚𑄴 𑄙𑄪𑄠𑄮।,Present
শরীরটা লাল,𑄇𑄨𑄠𑄬𑄃𑄚𑄴 𑄢𑄋𑄀।,Present
লেংটি বানানো,𑄣𑄬𑄌𑄴𑄃𑄚𑄴 𑄝𑄚𑄴𑄝𑄚𑄴।,Present
.মাটির চোখগুলো সবুজ,𑄟𑄖𑄴𑄖𑄧𑄢𑄴 𑄌𑄮𑄇𑄴𑄇𑄪𑄚𑄴 𑄦𑄬𑄣𑄴 𑄌𑄪𑄇𑄴𑄌𑄪𑄇𑄴।,Present
ট্রাক্টরটা এদিক সেদিক ঘুরতে পারে,𑄉𑄧𑄖𑄴𑄖𑄧𑄚𑄝𑄱 𑄇𑄇𑄴𑄇𑄬 𑄃𑄨𑄚𑄴𑄘𑄨 𑄇𑄇𑄴𑄇𑄬 𑄃𑄪𑄚𑄴𑄘𑄨 𑄊𑄪𑄢𑄬 𑄛𑄢𑄬।,Present
ব ব চোখ,𑄝𑄧𑄢𑄴𑄳𑄦 𑄝𑄧𑄢𑄴𑄳𑄦 𑄘𑄨𑄝𑄬 𑄌𑄮𑄇𑄴।,Present
এল দা সে পা চিঝিেছে,𑄃𑄬𑄣𑄧 𑄘𑄧 𑄃𑄬𑄣𑄧 𑄖𑄬 𑄚𑄧𑄠𑄴 𑄛 𑄌𑄨𑄏𑄨𑄢𑄬 𑄇𑄧𑄖𑄴𑄖𑄬,Present
এক জাতী হাম,𑄌𑄨𑄎𑄨 𑄃𑄬𑄝𑄳𑄢𑄬 𑄦𑄟𑄧𑄇𑄴!,Present
"ওমা,সে কি ভালো কথা বলে","𑄃𑄮𑄟, 𑄖𑄬 𑄇𑄨 𑄘𑄮𑄣𑄬 𑄇𑄧𑄙 𑄇𑄧𑄠𑄴।",Present
চট করে বুদ্ধি বের হওা,𑄌𑄨𑄎𑄨 𑄥𑄮𑄢𑄮𑄖𑄴 𑄉𑄧𑄢𑄨 𑄝𑄪𑄘𑄴𑄙𑄨 𑄚𑄨𑄉𑄨𑄣𑄬𑄣𑄧।,Present
সে কল,𑄖𑄬 𑄇𑄧𑄣𑄧..........,Present
"ব, আমার সাথে তোমার যোগা আছে","........𑄞𑄝𑄧𑄋𑄧𑄢𑄴, 𑄟𑄧𑄢𑄴𑄃𑄮 𑄡𑄪𑄚𑄨 𑄖𑄧𑄟 𑄥𑄚𑄴𑄚𑄬 𑄘𑄪𑄠𑄮 𑄗𑄬𑄘𑄧।",Present
সে কি গরল?,: 𑄖𑄬 𑄇𑄨 𑄉𑄮𑄢𑄴𑄣𑄨𑄚𑄴?,Present
কি গুো করলাম,: 𑄇𑄨 𑄉𑄮𑄢𑄴𑄣𑄪𑄋𑄪𑄚𑄴.........।,Past
.এখানে উঠে তার মেেকে খাওার শখ,𑄃𑄩𑄙𑄮𑄖𑄴 𑄃𑄪𑄘𑄨𑄣𑄧 𑄖𑄢𑄴 𑄘𑄧 𑄟𑄬𑄇𑄴 𑄈𑄬𑄝𑄢𑄴 𑄙𑄛𑄴।,Present
মেঘের দেশে যাওা,𑄟𑄬𑄊𑄧 𑄘𑄬𑄏𑄧𑄖𑄴 𑄡𑄬𑄝𑄢𑄴 𑄃𑄃𑄮𑄧𑄌𑄴।,Present
এক আঙুল দিে মেে কথা বলে,"𑄃𑄬𑄇𑄴𑄇𑄱 𑄃𑄋𑄪𑄣𑄴𑄣𑄮𑄃𑄨 𑄟𑄬𑄇𑄴𑄊𑄚𑄨 𑄘𑄬𑄊𑄬𑄃𑄨 𑄘𑄨𑄚𑄬𑄃𑄨 𑄇𑄧𑄣𑄧,",Present
.উ উ উ উ করে পানিতে পলাম,..... 𑄃𑄪 𑄃𑄪 𑄃𑄪 ........ 𑄟𑄬𑄇𑄴𑄇𑄚𑄨𑄖𑄴 𑄉𑄬𑄣𑄪𑄋𑄪𑄚𑄴 𑄃𑄠𑄴।,Present
"তেকোণাটা কল,আমি বেশি উঠতে পারি না","𑄖𑄬𑄚𑄴𑄖𑄬𑄋𑄪𑄢𑄨𑄝𑄱 𑄇𑄧𑄣𑄧, 𑄟𑄪𑄃𑄨 𑄝𑄬𑄌𑄴 𑄃𑄪𑄢𑄳𑄦𑄨 𑄚𑄧 𑄛𑄢𑄧𑄋𑄴 𑄃𑄪𑄖𑄴𑄖𑄪𑄚𑄴।",Present
পাহাের নিচে তালা দো,𑄟𑄪𑄃𑄨 𑄃𑄉𑄎𑄧𑄢𑄴 𑄖𑄧𑄣𑄬 𑄖𑄣𑄖𑄴 𑄃𑄪𑄢𑄳𑄦𑄧𑄁।,Present
তুমি যাওা চাইলে আমি তোমাকে নাছোাচাা করে দিতে পারবো,𑄖𑄪𑄃𑄨 𑄡𑄬𑄝𑄢𑄴 𑄌𑄬𑄣𑄬 𑄟𑄪𑄃𑄨 𑄖𑄧𑄢𑄬 𑄚𑄘𑄬𑄋𑄴𑄇𑄪𑄖𑄴𑄖𑄨𑄝𑄮𑄣𑄧𑄃𑄨 𑄃𑄬𑄉𑄧𑄖𑄴𑄖𑄧𑄢𑄴 𑄉𑄪𑄢𑄨 𑄘𑄨 𑄛𑄢𑄨𑄟𑄴।,Future
সে আমার উপর দিে উঠতে পারবে,𑄖𑄬 𑄟𑄧 𑄃𑄪𑄉𑄪𑄢𑄬𑄚𑄴𑄘𑄨𑄠𑄳𑄠𑄧 𑄃𑄪𑄢𑄳𑄦𑄨 𑄛𑄢𑄨𑄟𑄴।,Future
চিজওালা ভাজি,𑄌𑄨𑄎𑄨𑄤𑄧 𑄢𑄎𑄨 𑄤𑄧𑄣𑄴।,Present
দেখতে দেখতে তেন্নেটা অনেক ব,𑄘𑄬𑄇𑄴𑄈𑄬 𑄘𑄬𑄇𑄴𑄈𑄬 𑄖𑄬𑄚𑄴𑄖𑄬𑄋𑄪𑄢𑄨𑄝𑄱 𑄝𑄨𑄢𑄬𑄖𑄴 𑄤𑄧𑄣𑄴।,Present
তার পিঠে,𑄌𑄨𑄎𑄨 𑄃𑄪𑄘𑄨𑄣𑄧 𑄖 𑄛𑄨𑄘𑄨𑄖𑄴।,Present
".যেদিকে যা,যেদিকে যা",𑄡𑄘𑄧𑄚𑄴 𑄡𑄬 𑄡𑄘𑄧𑄚𑄴 𑄃𑄪𑄢𑄳𑄦𑄨।,Present
.যাওাযাওা করতে করতে...নারিকেলের মতো দেখতে,𑄡𑄘𑄬 𑄡𑄘𑄬 𑄡𑄘𑄬𑄃𑄨 .... 𑄚𑄘𑄬𑄋𑄴𑄇𑄪𑄖𑄴𑄖𑄨𑄝𑄮𑄣𑄧𑄃𑄨 𑄘𑄬𑄊।,Present
"নাক থেকে গন্ধ বের হওার শব্দ, তুমি কোথা যাবে?","𑄚𑄘𑄬𑄋𑄴𑄇𑄪𑄖𑄴𑄖𑄨𑄝𑄱𑄃𑄨 𑄇𑄧𑄣𑄧, 𑄃 𑄖𑄪𑄟𑄨 𑄇𑄪𑄙𑄪 𑄡𑄬𑄝?",Present
"তেন্নেটা মাটি উঠতেছে,এই মাটিটা তোমার দিতে হ","𑄖𑄬𑄚𑄴𑄖𑄬𑄋𑄪𑄢𑄨𑄝𑄱 𑄟𑄘𑄨 𑄃𑄪𑄘𑄨𑄣𑄧, 𑄃𑄨𑄀 ...... 𑄖𑄧 𑄃𑄨𑄘𑄪 𑄘𑄳𑄠𑄬 𑄡𑄬𑄖𑄴𑄖𑄬𑄃𑄨।",Present
তাকে সবগুলো ভেঙ্গে কলাই বানানো হ,𑄖𑄢𑄬 𑄝𑄬𑄇𑄴𑄇𑄚𑄨 𑄞𑄋𑄨 𑄇𑄧𑄣𑄇𑄴।,Present
এইবারে টিউমারটা উঠে গেল,𑄃𑄬𑄝𑄢𑄧𑄖𑄴 𑄌𑄨𑄎𑄨 𑄃𑄪𑄘𑄨𑄣𑄮 𑄚𑄘𑄬𑄋𑄴𑄇𑄪𑄖𑄴𑄖𑄨𑄝𑄱 𑄛𑄨𑄘𑄨𑄖𑄴।,Past
সে কত ব,𑄥𑄬 𑄇𑄨 𑄉𑄧𑄋𑄴!,Present
কানের চুলগুলো বাতাসে উতেছে,𑄇𑄚𑄴𑄎𑄝 𑄌𑄪𑄣𑄚𑄨 𑄝𑄮𑄃𑄨𑄠𑄬𑄢𑄬 𑄃𑄪𑄢𑄬𑄢𑄴।,Present
তার পরে আরেকজন উঠলো,𑄖𑄢𑄴 𑄛𑄧𑄢𑄬 𑄃𑄪𑄘𑄨𑄣𑄮 𑄖𑄧𑄘𑄬𑄇𑄴𑄇𑄮 𑄛𑄨𑄘𑄨𑄖𑄴।,Past
".সে নেওা নেওা করতেছে,বিালের বিালকে",𑄖𑄧𑄘𑄬𑄇𑄴𑄇𑄮 𑄚𑄬𑄡𑄘𑄬 𑄚𑄬𑄡𑄘𑄬𑄃𑄨.... 𑄘𑄨𑄣𑄧𑄉𑄮𑄃𑄨 𑄝𑄢𑄴𑄉𑄨 𑄛𑄬𑄃𑄨𑄇𑄴𑄇𑄮𑄢𑄬।,Present
.সে বার বার টোকাই দিে দিল,𑄖𑄬 𑄝𑄢𑄴𑄉𑄨 𑄛𑄬𑄃𑄨𑄇𑄴𑄇𑄮𑄃𑄨 𑄘𑄨𑄣𑄧𑄉𑄮𑄃𑄨 𑄙𑄧𑄞𑄥𑄨𑄣𑄴𑄣𑄮𑄢𑄬।,Past
"সাদা শার্টটা ক,আমি তো বেশি মলা খেে থাকি","𑄙𑄧𑄞𑄥𑄨𑄣𑄴𑄣𑄮 𑄇𑄧𑄠𑄴, 𑄟𑄪𑄃𑄨 𑄘𑄧 𑄝𑄬𑄌𑄴𑄞𑄇𑄴 𑄟𑄬𑄇𑄴 𑄈𑄬 𑄈𑄬 𑄗𑄁।",Present
আমি তোমাকে আজকে মেঘের সামনে নিে যাবো,𑄟𑄪𑄃𑄨 𑄖𑄧𑄢𑄬 𑄃𑄨𑄇𑄴𑄇𑄨𑄢𑄬 𑄟𑄬𑄊𑄧 𑄘𑄬𑄎𑄧𑄖𑄴 𑄣𑄪𑄟𑄬 𑄘𑄨𑄟𑄴𑄟𑄮𑄃𑄨।,Future
সে ছোট ধবলের পিঠে করে হেঁটে যা,𑄖𑄬 𑄌𑄨𑄎𑄨 𑄙𑄧𑄞𑄥𑄨𑄣𑄴𑄣𑄮 𑄛𑄨𑄘𑄨𑄖𑄴 𑄉𑄢𑄨 𑄡𑄘𑄬 𑄡𑄘𑄬 𑄡𑄘𑄬𑄃𑄨 ,Present
এক মেেটা উঠতেছে,𑄃𑄬𑄇𑄴𑄇𑄧𑄢𑄬 𑄟𑄬𑄇𑄴𑄇𑄧𑄚𑄳𑄠𑄝𑄱 𑄃𑄪𑄘𑄧𑄚𑄧𑄖𑄴।,Present
মেেটা পিছন ফিরে আসে,𑄟𑄬𑄇𑄴𑄇𑄧𑄚𑄳𑄠𑄝𑄱 𑄛𑄨𑄖𑄴𑄘𑄨 𑄃𑄪𑄘𑄮𑄚𑄴 𑄥𑄪𑄢𑄬𑄢𑄴।,Present
উপরে কোনো আবর্জনা নেই,𑄃𑄪𑄘𑄧𑄚𑄧𑄖𑄴 𑄇𑄧𑄚𑄧 𑄜𑄬𑄎 𑄚𑄬𑄃𑄨।,Present
ভালোভাবে দেখার মতো কোন শীল,𑄉𑄧𑄟𑄬 𑄌𑄃𑄨𑄘𑄨 𑄇𑄧𑄚𑄴 𑄥𑄨𑄣𑄴।,Present
আকাশটা ঝ দিলে তারা পে,𑄘𑄬𑄝𑄝𑄮 𑄏𑄧𑄢𑄴 𑄘𑄨𑄣𑄬 𑄡𑄨𑄃𑄪𑄚𑄴 𑄖𑄢𑄳𑄦𑄃𑄨𑄘𑄪 𑄛𑄧𑄢𑄧𑄚𑄴।,Present
মনের ইচ্ছা পূরণ করে নাও,𑄟𑄧𑄚𑄬 𑄇𑄧𑄖𑄴𑄖𑄬 𑄛𑄬𑄘𑄬 𑄛𑄬𑄘𑄬 𑄦𑄎𑄪𑄣𑄴 𑄉𑄧𑄢𑄨 𑄉𑄧𑄢𑄨 𑄣𑄧।,Present
.লবনাক্ত করতে পারা,𑄣𑄌𑄴 𑄉𑄧𑄢𑄬 𑄛𑄢।,Present
মেেটাকে বিে করল,𑄟𑄬𑄇𑄴𑄇𑄧𑄚𑄳𑄠𑄝𑄮𑄢𑄬 𑄢𑄨𑄚𑄨 𑄌𑄬𑄣𑄧।,Past
"মেেটি খবং বানি,মেঘের খাদি,মেঘের পিনন","𑄟𑄬𑄇𑄴𑄇𑄮𑄃𑄨 𑄈𑄧𑄝𑄧𑄋𑄴 𑄝𑄚𑄴𑄚𑄬, 𑄟𑄬𑄊𑄧𑄢𑄴 𑄈𑄘𑄨, 𑄟𑄬𑄊𑄧𑄢𑄴 𑄛𑄨𑄚𑄮𑄚𑄴।",Present
. পিনোনের চামাগুলো রেছে,𑄛𑄨𑄚𑄮𑄚𑄧𑄢𑄴 𑄌𑄝𑄪𑄉𑄨𑄝𑄮 𑄢𑄚𑄴𑄎𑄪𑄚𑄨𑄣𑄮𑄃𑄨 𑄝𑄪𑄚𑄳𑄠।,Present
খাদি পোরাগুলো রোদে দিে বোনা হলে সেগুলো একটু ছোট,𑄈𑄘𑄨 𑄛𑄬𑄣𑄪𑄚𑄴 𑄢𑄚𑄴𑄎𑄪𑄚𑄨𑄣𑄮𑄃𑄩 𑄝𑄪𑄚𑄳𑄠 𑄦𑄧𑄣𑄬𑄠𑄪 𑄥𑄨𑄃𑄪𑄚𑄴 𑄃𑄬𑄇𑄴𑄇 𑄌𑄨𑄉𑄮𑄚𑄴 𑄌𑄨𑄉𑄮𑄚𑄴।,Present
ভরা বিালটা পানির খাটিা পেল,𑄞𑄧𑄢𑄧𑄚𑄴 𑄞𑄨𑄢𑄮𑄚𑄴 𑄟𑄬𑄇𑄴𑄇𑄧𑄚𑄳𑄠𑄝𑄱 𑄝𑄪𑄇𑄴𑄇𑄱 𑄎𑄧𑄣𑄬𑄢𑄴 𑄈𑄘𑄨 𑄛𑄬𑄣𑄪𑄚𑄴𑄘𑄮𑄃𑄨।,Past
"মেঘ গাছ,মেঘের বাজ,মেঘরা বাি","𑄟𑄬𑄊𑄧𑄢𑄴 𑄉𑄌𑄴, 𑄟𑄬𑄊𑄧𑄢𑄴 𑄝𑄌𑄴, 𑄟𑄬𑄊𑄧𑄢' 𑄊𑄧𑄢𑄴।",Present
যেদিকে যা সেখানে সুন্দর,𑄡𑄨𑄚𑄴𑄘𑄨 𑄌𑄃𑄨 𑄥𑄨𑄚𑄴𑄘𑄨 𑄘𑄮𑄣𑄴!,Present
এক জাতী গাছ,𑄃𑄪𑄘𑄮𑄚𑄧𑄢𑄴 𑄘𑄧𑄉𑄨𑄚𑄴 𑄙𑄉𑄬𑄘𑄨 𑄝𑄧𑄢𑄬𑄖𑄴 𑄉𑄌𑄴।,Present
ঝুিটা ফোটা ফোটা করে,𑄏𑄪𑄢𑄳𑄦𑄨 𑄛𑄧𑄖𑄴𑄖𑄧𑄚𑄴 𑄜𑄪𑄇𑄴 𑄜𑄪𑄇𑄴 𑄉𑄧𑄢𑄨।,Present
এই সেই মেেটা অনেক কষ্ট পাচ্ছে,𑄃𑄬 𑄥𑄨𑄃𑄪𑄚𑄴 𑄟𑄬𑄇𑄴𑄇𑄧𑄚𑄳𑄠𑄝𑄮 𑄥𑄪𑄢𑄬𑄖𑄴𑄖𑄬।,Present
যারা যারা গাছ কাটতে যাচ্ছে তাদের বেশিরভাগই যাচ্ছে,𑄡𑄨𑄃𑄪𑄚𑄴 𑄡𑄨𑄃𑄪𑄚𑄴 𑄉𑄌𑄴 𑄛𑄉𑄚 𑄃 𑄟𑄧𑄎𑄧𑄘𑄧𑄚𑄴 𑄥𑄨𑄃𑄪𑄚𑄴 𑄡𑄚𑄬 𑄎𑄧𑄣𑄧𑄘𑄧𑄚𑄴!,Present
.ধবলটা মেেটাকে একটা ঝুি দিল,𑄙𑄧𑄞𑄥𑄨𑄣𑄴𑄣𑄱 𑄟𑄬𑄇𑄴𑄇𑄧𑄚𑄳𑄠𑄝𑄱𑄢𑄬 𑄃𑄬𑄇𑄴𑄇𑄮 𑄏𑄪 𑄏𑄪 𑄘𑄨𑄣𑄧।,Past
মেেটাকে ঝুিে দিল,𑄟𑄬𑄇𑄴𑄇𑄧𑄚𑄳𑄠𑄝𑄮𑄢𑄬𑄠𑄪 𑄏𑄪 𑄏𑄪 𑄘𑄨𑄣𑄧।,Past
তাকে মেঘের পিঠা খাওার জন্য তোমার এখানে আছে,𑄖𑄢𑄬 𑄟𑄬𑄊𑄧 𑄛𑄨𑄙𑄬 𑄈𑄝𑄬𑄝𑄖𑄴𑄖𑄬 𑄖𑄧 𑄃𑄨𑄘𑄪 𑄃𑄚𑄴𑄚𑄪𑄋𑄴।,Present
ভালো হে আসো বলে দৌে গেল,𑄉𑄧𑄟𑄴 𑄃𑄧𑄠𑄬 𑄃𑄃𑄨 𑄇𑄮𑄃𑄨𑄚𑄬𑄃𑄨 𑄙𑄝 𑄡𑄬𑄃𑄨 𑄃𑄎 𑄉𑄧𑄢𑄨 𑄙𑄧𑄢𑄨𑄣𑄧𑄉𑄨।,Past
এত সমে উঠতে উঠতে শরীরটা জুেছে,𑄃𑄬𑄙𑄧𑄇𑄴𑄇𑄧𑄚𑄴 𑄥𑄧𑄁 𑄃𑄉𑄎𑄬 𑄃𑄉𑄎𑄬 𑄃𑄪𑄖𑄴𑄖𑄬 𑄃𑄪𑄖𑄴𑄖𑄬 𑄇𑄨𑄠𑄬𑄃𑄚𑄴 𑄉𑄧𑄘 𑄎𑄪𑄢𑄬𑄠𑄬।,Present
মেেটি তার বািতে বসে আছে,𑄟𑄬𑄇𑄴𑄇𑄪𑄟𑄮𑄢𑄨 𑄃𑄎𑄉𑄧𑄢𑄨 𑄖 𑄊𑄧𑄢𑄧𑄢𑄴 𑄥𑄚𑄖𑄴 𑄝𑄧𑄎𑄬𑄣𑄧𑄮𑄃𑄨।,Present
একটি মেে একটি মেেকে বুো করে দিল,𑄃𑄬𑄇𑄴𑄇𑄚𑄴 𑄟𑄬𑄇𑄴𑄇𑄮𑄃𑄨 𑄝𑄪𑄚𑄳𑄠 𑄝𑄪𑄢𑄴𑄉𑄨 𑄘𑄨𑄣𑄧𑄉𑄨।,Past
কলা পাতা দিে এনে দিল উম্ মেঘের পিঠা,𑄇𑄧𑄣𑄛𑄘𑄣𑄮𑄃𑄨 𑄃𑄚𑄨 𑄘𑄨𑄣𑄧 𑄃𑄪𑄟𑄴𑄃𑄪𑄟𑄴 𑄟𑄬𑄊𑄧𑄢𑄴 𑄛𑄨𑄙𑄬।,Past
একটু একটু ভাপ উঠতেছে,𑄃𑄬𑄇𑄴𑄇 𑄃𑄬𑄇𑄴𑄇 𑄞𑄛𑄴 𑄃𑄪𑄢𑄳𑄦𑄧𑄘𑄧𑄚𑄴।,Present
আমার থেকে ভ পা,𑄎𑄢𑄣𑄳𑄠𑄬 𑄟𑄪𑄠𑄧𑄖𑄴𑄖𑄪𑄚𑄴 𑄞𑄛𑄴 𑄃𑄪𑄢𑄳𑄦𑄬 𑄛𑄢।,Present
১. খেলে সুস্বাদু ২. খেলে সুস্বাদু,𑄈𑄬𑄣𑄬 𑄥𑄮𑄠𑄧𑄖𑄴।,Present
আমার সাথে মিশে যাওা,𑄟𑄪𑄠𑄮𑄖𑄴 𑄞𑄧𑄢𑄬𑄣𑄬 𑄉𑄧𑄣𑄨 𑄡𑄚𑄴।,Present
এখন খেলে আর খাওার ইচ্ছা করে,𑄃𑄨𑄇𑄴𑄇𑄬 𑄈𑄬𑄣𑄬 𑄃𑄢𑄧 𑄈𑄬𑄝𑄢𑄴 𑄟𑄧𑄚𑄬 𑄇𑄧𑄠𑄴।,Present
দুইজনে মেঘপিঁপা খা,𑄘𑄨 𑄎𑄧𑄚𑄬 𑄟𑄬𑄊𑄧 𑄛𑄨𑄘𑄬 𑄈𑄘𑄧𑄚𑄴 𑄃 𑄉𑄧𑄛𑄴 𑄟𑄖𑄴𑄖𑄧𑄚𑄴।,Present
".মেেটি তাকে বলে,আমরা ঝর্ণা যেগুলো ফেলে দিই সেগুলো সেলাই করে দে","𑄟𑄬𑄇𑄴𑄇𑄪𑄟𑄮𑄢𑄨 𑄖𑄢𑄬 𑄇𑄧𑄠𑄴, 𑄃𑄟𑄨 𑄃𑄪𑄘𑄮𑄚𑄴 𑄥𑄪𑄢𑄨𑄚𑄬 𑄡𑄨𑄠𑄬𑄚𑄨 𑄜𑄬𑄣𑄬 𑄘𑄨𑄃𑄨 𑄖𑄧𑄟 𑄃𑄨𑄘𑄪 𑄥𑄨𑄃𑄚𑄨 𑄥𑄨𑄣𑄴 𑄇𑄧𑄚𑄴𑄘𑄬 𑄌𑄳𑄠𑄬।",Present
".আমরা মেেরা মাথা গুো করলে কিছুক্ষণ পর পানি বের হ, আর পানি নিে গেলে তোমার মাথা ঝ পে","𑄃 𑄃𑄟𑄃𑄨𑄘𑄪 𑄟𑄨𑄣𑄬𑄃𑄪𑄚𑄬 𑄟𑄙𑄊𑄪𑄎𑄨 𑄜𑄪𑄢𑄬𑄣𑄬 𑄡𑄬𑄇𑄴𑄇𑄬 𑄌𑄪𑄣𑄚𑄨 𑄝𑄎𑄳𑄠𑄚𑄴, 𑄛𑄚𑄨 𑄚𑄨𑄠𑄨𑄢𑄬𑄚𑄴 𑄥𑄬𑄇𑄴𑄇𑄬 𑄖𑄧𑄟 𑄥𑄨𑄘𑄪 𑄏𑄧𑄢𑄴 𑄛𑄧𑄢𑄬𑄘𑄬।",Present
স্যান্ডেলের চিঁচি শুনে আর কী আছে,𑄥𑄧𑄚𑄢𑄴 𑄌𑄨𑄎𑄨 𑄥𑄪𑄚𑄨 𑄗𑄠𑄴 𑄃 𑄈𑄟𑄧𑄇𑄴 𑄃𑄧𑄠𑄴।,Present
"মেেটা তাকে বলে,তোমার যত দিন মনে থাকবে আমার সাথে থাকতে পারবে","𑄟𑄬𑄇𑄴𑄇𑄪𑄟𑄧𑄢𑄨 𑄖𑄢𑄬 𑄇𑄧𑄠𑄴, 𑄖𑄧𑄢𑄴 𑄡𑄬𑄘𑄧𑄇𑄴 𑄘𑄨𑄚𑄴 𑄟𑄧𑄚𑄬 𑄃𑄧𑄠𑄴 𑄟𑄧 𑄣𑄧𑄉𑄬 𑄗𑄬𑄃𑄨 𑄛𑄢𑄨𑄝𑄬।",Future
"পাহাের পাহাটা পরে যা, যে গািে","𑄈𑄪𑄪𑄛𑄴 𑄦𑄇𑄴𑄇𑄧𑄚𑄴 𑄛𑄧𑄢𑄬 𑄟𑄬𑄇𑄴𑄇𑄪𑄟𑄧𑄢𑄨𑄝𑄮 𑄇𑄧𑄠𑄴𑄘𑄨, 𑄡𑄬𑄃𑄨 𑄉𑄘𑄨𑄠𑄮𑄃𑄨।",Present
পাহা আর মাথা ঘুর্ণিবাি,𑄟𑄪𑄃𑄨 𑄃𑄢𑄧 𑄟𑄙 𑄊𑄪𑄎𑄨 𑄛𑄬𑄟𑄴𑄟𑄮𑄃𑄨।,Present
মেঘের পাহাের মধ্যে জুে আছে,𑄟𑄬𑄊𑄧𑄢𑄴 𑄟𑄪𑄢𑄮 𑄃 𑄟𑄪𑄢𑄮 𑄥𑄬𑄢𑄬 𑄎𑄪𑄢𑄳𑄦𑄨।,Present
সব মেেদের বানানো,𑄝𑄬𑄇𑄴 𑄟𑄬𑄇𑄴𑄇𑄮𑄃𑄨 𑄝𑄚𑄬𑄠𑄬।,Present
সে জাগা তগলক,𑄥𑄬 𑄎𑄪𑄢𑄳𑄦𑄨𑄖𑄴 𑄖𑄉𑄧𑄣𑄧𑄇𑄴।,Present
রামদার নিচে দুইজনে গািে,𑄖𑄉𑄧𑄣𑄧𑄇𑄴 𑄖𑄧𑄣𑄬 𑄘𑄨𑄎𑄧𑄚𑄬 𑄉𑄘𑄧𑄘𑄧𑄚𑄴।,Present
"পানীেও মেঘ, সাওানটাও মেঘ","𑄛𑄚𑄧𑄠𑄬𑄚𑄨𑄠𑄮 𑄟𑄬𑄊𑄧𑄢𑄴, 𑄥𑄤𑄧𑄚𑄚𑄴𑄠𑄪 𑄟𑄬𑄊𑄧𑄢𑄴।",Present
.মেেটা শুধু তোমাকে পাহাের দুলে দুলে দে,𑄟𑄬𑄇𑄴𑄇𑄪𑄟𑄧𑄢𑄨 𑄇𑄧𑄠𑄴𑄘𑄨 𑄃𑄠𑄴 𑄌𑄨𑄇𑄴𑄇𑄮 𑄖𑄧𑄢𑄬 𑄥𑄤𑄧𑄚𑄴𑄘𑄮𑄃𑄨 𑄙𑄪𑄣𑄨 𑄙𑄪𑄣𑄨 𑄉𑄙𑄬 𑄘𑄮𑄋𑄴।,Present
"নেই, কি আছে?","𑄚𑄬𑄃𑄨, 𑄃 𑄇𑄨 𑄃𑄪𑄠𑄬?",Present
ছোট ঘুম থেকে জেগে উঠল,𑄌𑄨𑄎𑄨 𑄊𑄪𑄟𑄧𑄖𑄴𑄖𑄪𑄚𑄴 𑄎𑄉𑄨𑄣𑄧।,Past
বিনি চামা দিে তার মা এসেছে,𑄢𑄨𑄚𑄨 𑄌𑄠𑄴𑄘𑄨 𑄖𑄟𑄴𑄟 𑄃𑄎𑄉𑄧𑄢𑄨 𑄃𑄊𑄬।,Present
ছাদে চাটাই দিে প্রস্তুত মেেটি আছে,𑄃𑄪𑄖𑄴𑄖𑄚𑄨𑄣𑄮𑄃𑄨 𑄌𑄠𑄴𑄘𑄨 𑄃𑄬𑄝𑄧 𑄟𑄬𑄇𑄴 𑄛𑄨𑄙𑄬𑄢𑄴 𑄥𑄮𑄖𑄴 𑄝𑄏𑄨 𑄃𑄊𑄬।,Present
"অনেক বছর পর জিতে আসা রাম লালমাাই করে বািতে ফিরে গেল, কুস্তি করতে করতে বািতে ফিরে গেল","𑄞𑄣𑄧𑄇𑄴 𑄝𑄧𑄎𑄧𑄢𑄴 𑄛𑄧𑄢𑄴 𑄎𑄨𑄖𑄴𑄮 𑄢𑄟𑄬 𑄢𑄋𑄟𑄖𑄴𑄳𑄠𑄖𑄴𑄪𑄚𑄴 𑄝𑄨.𑄃𑄬.𑄃𑄧𑄚𑄢𑄧𑄥𑄴 𑄥𑄬𑄌𑄴 𑄉𑄧𑄢𑄨 𑄊𑄧𑄢𑄧𑄖𑄴 𑄜𑄨𑄢𑄨𑄣𑄧, 𑄈𑄉𑄢𑄍𑄧𑄢𑄨 𑄟𑄮𑄚𑄴𑄖𑄧𑄣 𑄃𑄘𑄟𑄧𑄖𑄴।",Past
কুলিরা বাতাস দিে এক পশলা বৃষ্টি পেছে,𑄇𑄪𑄣𑄨𑄢𑄟𑄴 𑄇𑄢𑄴𑄝𑄌𑄴𑄡𑄳𑄠 𑄚𑄨𑄘𑄪𑄇𑄴𑄖𑄪𑄇𑄴 𑄃𑄬𑄇𑄴𑄇𑄮 𑄃𑄃𑄮𑄧𑄎𑄧𑄢𑄴 𑄛𑄪𑄃𑄧।,Present
সে অনেক পূজা-আা করে তাকে পে,"𑄝𑄪𑄦𑄪𑄖𑄴 𑄛𑄫𑄎𑄧-𑄃𑄢𑄙𑄧𑄚 𑄉𑄧𑄢𑄨 𑄖𑄬, 𑄖𑄢𑄬 𑄛𑄨𑄠𑄧𑄚𑄴।",Present
লেখা পার সাথে ছাত্র রাজনীতি করছে,𑄣𑄬𑄊 𑄛𑄧𑄢 𑄣𑄧𑄉𑄬 𑄍𑄖𑄳𑄢𑄧 𑄢𑄎𑄴𑄚𑄨𑄖𑄨 𑄉𑄧𑄖𑄴𑄧।,Present
সেখানে বািতে আসা যা না,𑄥𑄨𑄖𑄳𑄠𑄭 𑄊𑄧𑄢𑄧𑄖𑄴 𑄃𑄬𑄡𑄚 𑄚𑄧 𑄃𑄧𑄠𑄴।,Present
আজকাল দিন ভালো নাকি বািতে ফিরতেছি,𑄃𑄨𑄌𑄳𑄠 𑄘𑄨𑄚𑄴𑄟𑄙𑄚𑄴 𑄉𑄧𑄟𑄴 𑄇𑄨𑄗𑄳𑄠𑄠𑄴 𑄊𑄧𑄢𑄧𑄖𑄴 𑄜𑄨𑄢𑄧𑄘𑄬 𑄝𑄧𑄢𑄟𑄧𑄖𑄴 𑄚𑄬𑄭।,Present
ছ/সাা বছর লালমাা দেখে সে ছবি তুলছে,"𑄍𑄧/𑄥𑄖𑄴 𑄝𑄧𑄏𑄧𑄢𑄴 𑄢𑄋𑄟𑄖𑄳𑄠 𑄗𑄇𑄴𑄇𑄬 𑄗𑄇𑄴𑄇𑄬 𑄟𑄮𑄚𑄴𑄖𑄧𑄣 𑄃𑄘𑄟𑄚𑄴 𑄖𑄬, 𑄍𑄧𑄝𑄨 𑄥𑄚𑄳𑄠 𑄘𑄬𑄊𑄬𑄢𑄴।",Present
সূর্য ডোবার সম,𑄝𑄬𑄣𑄚𑄴 𑄥𑄧𑄇𑄴𑄇𑄬 𑄘𑄪𑄝𑄧𑄁 𑄘𑄪𑄝𑄧𑄁।,Present
"এক জাতী মাছ,পিঁপা মাছ","𑄇𑄘𑄨 𑄟𑄌𑄴, 𑄛𑄨𑄣𑄁 𑄇𑄣𑄴।",Present
.নাঙেল পাে দুই পাে গাছ পরতেছে,𑄚𑄋𑄬𑄣𑄴 𑄘𑄨𑄊𑄧𑄣𑄩 𑄦𑄘𑄧𑄘𑄬 𑄃 𑄘𑄨𑄉𑄣𑄴 𑄝𑄬𑄭 𑄖𑄬𑄛𑄴 𑄖𑄬𑄛𑄴 𑄉𑄟𑄴 𑄏𑄪𑄢𑄨 𑄛𑄧𑄢𑄬𑄢𑄴।,Present
পাহাের পাে পাহাের পাখানা হে যা,𑄜𑄨𑄝𑄨𑄢𑄴 𑄜𑄨𑄛𑄨𑄢𑄴 𑄟𑄨𑄘𑄬 𑄟𑄨𑄘𑄬 𑄝𑄮𑄠𑄬𑄢𑄬 𑄖 𑄛𑄌𑄴 𑄛𑄧𑄢𑄚𑄴 𑄏𑄪𑄢𑄬 𑄡𑄢𑄴।,Present
"এত হরন তাকে করো না, তার মাথা ভালো লাগে","𑄃𑄬𑄘𑄧𑄇𑄴 𑄦𑄧𑄢𑄚𑄴 𑄖𑄳𑄠𑄪𑄃𑄧 𑄖𑄢𑄬 𑄃𑄧𑄢𑄚𑄴 𑄉𑄧𑄢𑄨 𑄚𑄧 𑄛𑄬𑄮, 𑄖𑄢𑄴 𑄈𑄪𑄛𑄴 𑄉𑄧𑄟𑄴 𑄣𑄉𑄬𑄢𑄴।",Present
.সে মুখে কমলা পিে আছে আর তার স্ত্রী ধনবি বিচি পে গেছে,𑄥𑄬 𑄃𑄧𑄇𑄴𑄖𑄧𑄖𑄴 𑄇𑄧𑄟𑄧𑄣 𑄛𑄪𑄘𑄨 𑄃 𑄖 𑄏𑄨 𑄙𑄧𑄚𑄧𑄝𑄨 𑄝𑄢 𑄝𑄚 𑄇𑄨𑄎𑄬𑄈𑄨𑄎𑄳𑄠 𑄛𑄧𑄢𑄨 𑄡𑄨𑄠𑄳𑄠।,Present
এই বছর আগে ধনবিে দিে ভে দৌে গেল রাম,𑄃𑄬 𑄃𑄧𑄇𑄴𑄖𑄧𑄖𑄴 𑄃𑄘𑄨𑄇𑄳𑄠 𑄉𑄧𑄢𑄨 𑄙𑄧𑄚𑄧𑄝𑄨𑄢𑄬 𑄘𑄨𑄨𑄊𑄨 𑄞𑄝𑄧𑄚 𑄢𑄬𑄡𑄳𑄠𑄧𑄖𑄴 𑄘𑄪𑄝𑄨 𑄉𑄬𑄣𑄧 𑄎𑄨𑄖𑄴𑄖𑄮 𑄢𑄟𑄬।,Past
".আকাশে সাদা সাদা মেে ভেসে যা, ঝাক ঝাঁক করে বািতে ফিরে","𑄃𑄉𑄏𑄧𑄖𑄴 𑄙𑄪𑄛𑄴 𑄙𑄪𑄛𑄴 𑄟𑄬𑄇𑄴𑄴𑄌𑄉 𑄇𑄧𑄖𑄴𑄖 𑄇𑄧𑄖𑄴𑄖 𑄉𑄧𑄢𑄨 𑄞𑄎𑄨 𑄡𑄢𑄴, 𑄏𑄇𑄴𑄏𑄇𑄴 𑄛𑄬𑄭𑄇𑄴 𑄇𑄨𑄎𑄨𑄇𑄴 𑄇𑄎𑄇𑄴 𑄉𑄧𑄢𑄨 𑄊𑄧𑄢𑄧𑄖𑄴 𑄜𑄨𑄢𑄨𑄘𑄧𑄚𑄴𑄴।",Present
কর্মঠ মানুষরা গাছের ফাঁকা দিে বািতে ফিরে,𑄇𑄟𑄴𑄟𑄮 𑄟𑄚𑄴𑄌𑄳𑄠𑄬 𑄉𑄘𑄨 𑄉𑄪𑄘𑄠𑄴 𑄥𑄁𑄥𑄋𑄳𑄠 𑄉𑄧𑄢𑄨 𑄊𑄧𑄢𑄧𑄖𑄴 𑄜𑄨𑄢𑄧𑄘𑄧𑄚𑄴।,Present
"গিরিপথ বাির মেেরা পাহাের পানি কুমা করতো,মাথা চুক চুক করে পানি আনতো","𑄉𑄨𑄢𑄨𑄖𑄴𑄨 𑄊𑄧𑄢𑄧 𑄟𑄨𑄣𑄬𑄃𑄪𑄚𑄴 𑄗𑄬𑄛𑄴𑄗𑄬𑄛𑄳𑄠 𑄛𑄚𑄨 𑄇𑄪𑄟𑄴 𑄇𑄧𑄢𑄧𑄖𑄴, 𑄟𑄙𑄖𑄴 𑄌𑄪𑄇𑄴𑄌𑄪𑄇𑄳𑄠 𑄛𑄨𑄣𑄬𑄣𑄮𑄭 𑄛𑄚𑄨 𑄃𑄚𑄧𑄘𑄧𑄚𑄴।",Past
এক জাতী শাক আসতেছে,𑄥𑄧𑄇𑄴𑄬 𑄥𑄌𑄴 𑄣𑄟𑄨 𑄃𑄬𑄎𑄬𑄢𑄴।,Present
জ্যেঠারা জুম থেকে ফিরে আসলো,𑄎𑄨𑄖𑄴𑄖𑄮𑄢𑄟𑄧 𑄟𑄳𑄦𑄝𑄱 𑄎𑄪𑄟𑄧𑄖𑄴𑄪𑄚𑄴 𑄜𑄨𑄢𑄨 𑄃𑄬𑄣𑄧।,Past
কখন লুচ্চামি করতেছে?,𑄇𑄧𑄇𑄴𑄬 𑄣𑄪𑄟𑄨𑄣𑄬 𑄝𑄳𑄦𑄙𑄧𑄚𑄴 (𑄃𑄎𑄧𑄁𑄃𑄎𑄧𑄁 𑄛𑄪𑄎𑄧𑄢𑄴 𑄉𑄧𑄢𑄴𑄣𑄧)?,Present
"জেদী: এখন মা, এখন","𑄎𑄨𑄖𑄴𑄖𑄮𑄢𑄟𑄴: 𑄃𑄬𑄘𑄧 𑄟𑄳𑄦, 𑄃𑄨𑄇𑄳𑄠।",Present
"সে তার মারে সুংসুং করতেছে,কেন সবাই গািে যাওা ভালো?","(𑄖 𑄟𑄢𑄬 𑄥𑄬𑄣𑄁-𑄥𑄪𑄣𑄧𑄁 𑄉𑄧𑄢𑄴𑄣𑄧) 𑄖𑄬, 𑄟'𑄝𑄬𑄇𑄴𑄇𑄪𑄚𑄬 𑄉𑄃𑄪𑄣𑄨 𑄉𑄧𑄟𑄴 𑄃𑄊𑄧?",Present
বাবা কোথা গিেছে,𑄃 𑄝𑄝𑄳𑄦 𑄇𑄪𑄙𑄪 𑄡𑄨𑄠𑄬 𑄟?,Present
তোমার বাবা শুধু মদ খাওা ভাত দিে,𑄖𑄧 𑄝𑄝𑄬 𑄝𑄚 𑄟𑄧𑄘𑄴 𑄈𑄚 𑄞𑄌𑄴 𑄘𑄳𑄠𑄨।,Present
"বইের বািতে রোগী, কার্ভারি বাি ভাঙা","𑄝𑄮𑄘𑄳𑄠𑄧 𑄊𑄧𑄢𑄧𑄖𑄴 𑄛𑄨𑄢𑄨𑄣𑄳𑄠, 𑄇𑄢𑄴𑄝𑄢𑄨 𑄊𑄧𑄢𑄴 𑄞𑄋।",Present
তোমার বাপকে এই বািটা দিে,𑄥𑄎𑄳𑄠𑄬 𑄖𑄧 𑄝𑄝𑄧𑄢𑄬 𑄃𑄬𑄭 𑄊𑄧𑄢𑄚𑄴𑄘𑄮𑄭।,Present
শুধু মদ খাওা,𑄝𑄚 𑄟𑄧𑄘𑄴 𑄈𑄚!,Present
এত কেকদিন এখানে কষ্ট করতে হ,𑄃𑄬𑄘𑄧𑄇𑄴 𑄇𑄧𑄁𑄋𑄬 𑄃𑄨𑄎𑄮𑄢𑄚𑄴 𑄥𑄮𑄢𑄴 𑄉𑄧𑄢𑄨𑄝𑄢𑄴।,Present
জেতা রামকে তার মা জুম থেকে জো আলু খেে দিল,𑄎𑄨𑄖𑄴𑄖𑄮 𑄢𑄟𑄧𑄢𑄬 𑄖 𑄟 𑄎𑄪𑄟𑄧𑄖𑄴𑄖𑄪𑄚𑄴 𑄎𑄪𑄢𑄧 𑄃𑄣𑄪 𑄈𑄬𑄝𑄖𑄳𑄠𑄬 𑄚𑄬𑄉𑄬𑄣𑄬 𑄘𑄳𑄠𑄨।,Past
"মা,বাি শুধু আজকে বাচ্চাটাকে দেখলাম না","𑄟, 𑄝𑄢 𑄝𑄚 𑄃𑄨𑄌𑄴𑄬𑄘𑄳𑄠𑄬 𑄉𑄞𑄪𑄢𑄨𑄢𑄬 𑄚𑄧 𑄌𑄨𑄚𑄨𑄣𑄪𑄋𑄴।",Past
তার মা জিজ্ঞেস করল: তুমি এই কুকুরটার জন্য কি লক্ষী?,𑄖 𑄟 𑄇𑄧𑄣𑄧:- 𑄖𑄪𑄭 𑄥𑄬 𑄉𑄞𑄪𑄢𑄨𑄣𑄮𑄭 𑄇𑄨 𑄣𑄧𑄇𑄴𑄜𑄧𑄇𑄴?,Past
লেখা-পা কাগজটা পার পর বৌ বািতে তুলবো,𑄣𑄬𑄊 - 𑄛𑄧𑄢𑄳𑄦 𑄥𑄨𑄇𑄴𑄈𑄮𑄌𑄴 𑄣𑄬𑄊 𑄛𑄌𑄴𑄍𑄬 𑄝𑄯 𑄊𑄧𑄢𑄧𑄖𑄴 𑄖𑄪𑄣𑄨𑄝𑄧𑄁।,Future
তার কথা গুলো ভালো করে মনে হ না,𑄖 𑄟 𑄇𑄧𑄙𑄚𑄨 𑄣𑄮𑄭 𑄎𑄨𑄖𑄴𑄖𑄮𑄢𑄟𑄧𑄢𑄴 𑄝𑄪𑄇𑄴 𑄚𑄧 𑄞𑄧𑄢𑄬।,Present
সে পাশে লেখা পা সেখানে পাশের মেেরা চাল-চলতে পারে না,"𑄖𑄬, 𑄥𑄧𑄦𑄧𑄢𑄧𑄖𑄴 𑄣𑄬𑄊 𑄛𑄧𑄢𑄳𑄦 𑄥𑄨𑄇𑄴𑄈𑄬 𑄥𑄧𑄦𑄧𑄢𑄧 𑄟𑄨𑄣𑄬 𑄃𑄪𑄚𑄧𑄢𑄴 𑄌𑄣𑄴 - 𑄌𑄧𑄣𑄧𑄚𑄴 𑄉𑄪𑄎𑄨 𑄣𑄮𑄭 𑄚𑄧 𑄛𑄢𑄬।",Present
গ্রামের ছেলে-মেেরা একসাথে পেট ভরে যা,"𑄃𑄘𑄟𑄧𑄢𑄴 𑄛𑄪𑄃𑄧 𑄃𑄘𑄟𑄧𑄢𑄴 𑄥𑄧𑄟𑄌𑄴, 𑄥𑄧𑄁𑄌𑄴𑄇𑄳𑄢𑄨𑄖𑄨 𑄈𑄪𑄃𑄪𑄛𑄴 𑄝𑄪𑄇𑄴 𑄞𑄪𑄢𑄨 𑄡𑄠𑄴।",Present
কল দিে শিস দিলে কি দোষ আসবে?,"𑄇𑄧𑄣𑄧:-𑄚𑄧 ""𑄌𑄨𑄚𑄧𑄋𑄴𑄢𑄧 𑄘𑄧 𑄛𑄪𑄎𑄧𑄢𑄴 𑄉𑄧𑄢𑄴𑄣𑄬 𑄇𑄨 𑄘𑄪𑄌𑄴 𑄃𑄬𑄝𑄧 𑄚𑄨𑄚 𑄟?",Future
"আমার চোখ থেকে কান্না, সেটার জন্য লেখা পেছি বই পতে","𑄃𑄟𑄧𑄚𑄧𑄢𑄴 𑄌𑄮𑄇𑄴 𑄗𑄬𑄚𑄬𑄭 𑄇𑄚𑄴, 𑄥𑄨𑄖𑄴𑄖𑄳𑄠𑄭 𑄣𑄬𑄊 𑄛𑄌𑄳𑄠 𑄝𑄮 𑄛𑄬𑄝𑄢𑄴 𑄌𑄁।",Present
তোমার মুখে কমলালেবু বিে দো,𑄃 𑄖𑄧 𑄟𑄪𑄎𑄨 𑄇𑄧𑄟𑄧𑄣 𑄛𑄪𑄘𑄨 𑄏𑄨𑄝𑄪 𑄙𑄧𑄚𑄧𑄝𑄨 𑄘𑄳𑄠।,Present
না চিনে বুঝছো?,𑄚𑄧 𑄌𑄨𑄚𑄧𑄌𑄴 𑄝𑄪𑄏𑄧?,Present
তার বাপকে জঙ্গলের মধ্যে মেরে ফেললো,𑄖 𑄝𑄛𑄴𑄝𑄪𑄢𑄬 𑄏𑄢𑄴𑄝𑄮𑄃𑄪𑄚𑄬 𑄟𑄢𑄬 𑄛𑄬𑄣𑄴𑄣𑄮𑄧𑄚𑄴।,Past
বোইটির পাশ দিে পা শেষ হেছে,𑄝𑄬𑄎𑄢𑄨 𑄥𑄨𑄖𑄴𑄖𑄪 𑄙𑄪𑄢𑄨 𑄣𑄬𑄊 𑄛𑄧𑄢𑄠𑄳𑄠𑄧 𑄗𑄪𑄟𑄴 𑄃𑄧𑄠𑄳𑄠𑄬।,Present
এখন মাছটা এখানে না গেলে ভাত খেতে হ না,𑄃𑄨𑄇𑄴𑄬 𑄟𑄚𑄴𑄌𑄮 𑄃𑄨𑄙𑄪 𑄚𑄧 𑄉𑄬𑄣𑄬 𑄞𑄖𑄴 𑄛𑄬𑄘𑄧𑄖𑄴 𑄚𑄧 𑄛𑄧𑄢𑄬।,Present
তোমার বাবা বিঝুর সম এক বারে ধান চাষ করতেছে কোন বিলের জন্য,𑄖𑄧 𑄝𑄝𑄬 𑄝𑄨𑄏𑄪 𑄃𑄧𑄇𑄴𑄖𑄧𑄖𑄴 𑄃𑄬𑄇𑄴𑄝𑄢𑄬𑄋𑄴 𑄙𑄚𑄴 𑄘𑄨𑄚𑄬𑄃𑄨 𑄝𑄧𑄘𑄴𑄚𑄟𑄴 𑄉𑄧𑄖𑄴𑄧𑄚𑄴 𑄇𑄧𑄚𑄴 𑄝𑄨𑄣𑄬 𑄖𑄧 𑄟𑄪𑄎𑄨𑄣𑄮𑄭 𑄛𑄉𑄧𑄣𑄴 𑄘𑄳𑄠।,Present
জেতাটা সেই কথা শুনে আর মনের মিল হলোনা তার,𑄎𑄨𑄖𑄴𑄖𑄮𑄢𑄟𑄬 𑄥𑄬 𑄇𑄧𑄙 𑄥𑄪𑄚𑄨 𑄚𑄬𑄭 𑄖 𑄟𑄧𑄚𑄚𑄴 𑄃𑄢𑄧 𑄝𑄬𑄌𑄴 𑄃𑄇𑄴𑄇𑄮𑄭 𑄉𑄬𑄣𑄧 𑄙𑄧𑄚𑄧𑄝𑄨 𑄃𑄨𑄚𑄴𑄘𑄨।,Past
"ঘিলে,নাাচা খেলে","𑄊𑄨𑄣𑄬 , 𑄚𑄔𑄬𑄋𑄴 𑄈𑄢 𑄈𑄬𑄣𑄬𑄘𑄇𑄴।",Past
.রান্না জুমের চূা দিে এক জাতী ফুল ছানো হ,𑄢𑄕𑄳𑄠𑄬 𑄎𑄪𑄟𑄧𑄖𑄴𑄪𑄚𑄴𑄴 𑄍𑄧𑄘𑄧𑄢𑄧𑄇𑄴 𑄜𑄪𑄣𑄴 𑄖𑄪𑄣𑄨 𑄉𑄏𑄧 𑄍𑄝𑄖𑄴 𑄝𑄮𑄭 𑄜𑄪𑄣𑄴 𑄍𑄧𑄢 𑄉𑄘𑄬𑄘𑄇𑄴।,Present
এগুলো তার ধীরে ধীরে এখানে ফিরে আসলো,𑄃𑄨𑄠𑄚𑄨 𑄖𑄢𑄴 𑄣𑄢𑄬 𑄣𑄢𑄬 𑄃𑄨𑄘𑄮𑄖𑄴 𑄃𑄪𑄘𑄨 𑄌𑄨𑄉𑄮𑄚𑄴 𑄇𑄣𑄧𑄖𑄴 𑄜𑄨𑄢𑄨 𑄉𑄬𑄣𑄧।,Past
.একনিম করে কি করবে!,𑄃𑄬𑄇𑄴 𑄚𑄨𑄟𑄮𑄚𑄴 𑄉𑄧𑄢𑄨 𑄇𑄨 𑄞𑄝𑄬𑄢𑄴!,Future
এই পর্যন্ত তার মা কল দিে গরম পানি দিেছে,𑄃𑄬𑄭 𑄃𑄧𑄇𑄴𑄖𑄧𑄖𑄴 𑄖 𑄟 𑄇𑄧𑄣𑄧:- 𑄝𑄳𑄦𑄙𑄧𑄚𑄴 𑄉𑄧𑄢𑄧𑄟𑄴 𑄛𑄚𑄨𑄠𑄚𑄴 𑄘𑄮𑄃𑄨 𑄉𑄖𑄴𑄮𑄃𑄨।,Present
"রাতের বেলা, কুলিে বািতে ফিরল","𑄢𑄬𑄖𑄴, 𑄇𑄪𑄣𑄨𑄢𑄟𑄬 𑄊𑄧𑄢𑄧𑄖𑄴 𑄜𑄨𑄢𑄨𑄣𑄧।",Past
এক সাথে ভাত খাওা,𑄃𑄬𑄇𑄴 𑄥𑄧𑄟𑄢𑄬 𑄞𑄖𑄴 𑄈𑄬𑄣𑄇𑄴।,Present
.তার ছেলে জোটা মাঠে দাঁিে আছে।,𑄖 𑄃𑄃𑄮𑄎𑄧𑄢𑄴 𑄛𑄪𑄃𑄧 𑄎𑄨𑄖𑄴𑄖𑄮𑄢𑄟𑄬 𑄣𑄮𑄌𑄨𑄋𑄮𑄖𑄴 𑄗𑄚 𑄈𑄚 𑄛𑄮𑄭𑄘𑄳𑄠𑄚𑄬 𑄛𑄪𑄎𑄮𑄢𑄴 𑄉𑄧𑄢𑄴𑄣𑄧।,Present
"তিন মা-বাবা কথা বলতে বলতে ক্লান্ত: ছেলে, তুমি আমার জন্য একটু অপেক্ষা করো","𑄖𑄨𑄚𑄴 𑄟-𑄝𑄛𑄴 𑄛𑄪𑄘𑄬 𑄚𑄚𑄋𑄴 𑄇𑄧𑄙 𑄝𑄖𑄴𑄖𑄠𑄴 𑄇𑄪𑄣𑄨𑄢𑄟𑄬 𑄇𑄧𑄣𑄧 :- ""𑄛𑄪𑄖𑄴, 𑄖𑄪𑄃𑄨 𑄟𑄧𑄢𑄴 𑄃𑄬𑄇𑄴𑄱 𑄚𑄨𑄘𑄪𑄇𑄴𑄖𑄪𑄇𑄳𑄠 𑄃𑄃𑄮𑄎𑄮𑄢𑄴 𑄛𑄪𑄃𑄧।",Present
"আমার কথাগুলো মনে হ, কত দুঃখ করে আমার কথাগুলো মনে পে","𑄃𑄏 𑄉𑄧𑄢𑄧𑄁 𑄟𑄧 𑄇𑄧𑄙𑄚𑄨 𑄝𑄪𑄏𑄨 𑄛𑄢𑄧𑄢𑄴, 𑄇𑄧𑄙𑄧𑄇𑄴 𑄘𑄪𑄊𑄬 𑄇𑄧𑄌𑄴𑄖𑄧 𑄟𑄮𑄚𑄴 - 𑄟𑄪𑄢𑄴 𑄞𑄋𑄨 𑄞𑄋𑄨 𑄃𑄨𑄌𑄳𑄠𑄬 𑄖𑄧𑄢𑄬 𑄡𑄨𑄖𑄴𑄖𑄪𑄢𑄴 𑄛𑄢𑄨 𑄣𑄬𑄊 - 𑄛𑄧𑄢𑄳𑄦 𑄥𑄬𑄊𑄬𑄢𑄴।",Present
এগুলো আমাদের বািতে-সংসারে কি আছে সেটা আমি জানি না,𑄃𑄨𑄠𑄚𑄴 𑄃𑄟𑄳𑄦 𑄊𑄧𑄢𑄴-𑄥𑄧𑄁𑄥𑄢𑄧𑄖𑄴 𑄟𑄬𑄭𑄖𑄴 𑄖𑄧𑄢𑄴 𑄇𑄨 𑄥𑄧𑄝𑄧𑄚𑄴 𑄃𑄊𑄬 𑄥𑄨𑄠𑄚𑄴 𑄟𑄪𑄭 𑄈𑄧𑄝𑄧𑄢𑄴 𑄚𑄧 𑄛𑄋𑄴।,Present
"আমার বন্ধু আমি এক কালে রাজা ছিলাম,তিন কালে কথা বলি","𑄟𑄧𑄢𑄴 𑄝𑄨𑄌𑄴𑄥𑄬𑄌𑄴 𑄃𑄟𑄨 𑄃𑄬𑄇𑄴 𑄇𑄣𑄬 𑄢𑄎 𑄃𑄬𑄣𑄧𑄁 𑄟𑄖𑄴𑄖𑄧𑄢𑄴 𑄃𑄬𑄌𑄳𑄠 𑄞𑄋 𑄞𑄋 𑄊𑄧𑄢𑄴, 𑄖𑄨𑄚𑄴𑄚𑄮 𑄇𑄬𑄘𑄇𑄴𑄖𑄪𑄇𑄴।",Past
এই তিন ভাগ থেকে তোমাকে আমি নাচা করলাম,𑄃𑄬 𑄖𑄨𑄚𑄴𑄚𑄮 𑄇𑄬𑄘𑄇𑄴𑄗𑄪𑄇𑄧𑄖𑄴𑄪𑄚𑄴 𑄖𑄧𑄢𑄬 𑄃𑄟𑄨 𑄚𑄧𑄇𑄴𑄈𑄧𑄖𑄳𑄢𑄧 𑄝𑄚𑄬𑄣𑄧𑄁।,Past
".তোমাকে এত ব করে দেখতেছি, আমাদের মুখ ঝাপসা হেছে","𑄃𑄨𑄌𑄳𑄠𑄬 𑄖𑄧𑄢𑄬 𑄃𑄬𑄘𑄧𑄇𑄳𑄠𑄬 𑄉𑄧𑄢𑄨 𑄘𑄨𑄊𑄩𑄚𑄬𑄭 𑄝𑄢𑄴 𑄉𑄧𑄢𑄨 𑄛𑄢𑄨, 𑄃𑄟𑄳𑄦 𑄟𑄪 𑄛𑄳𑄦𑄧𑄢𑄴 𑄃𑄧𑄠𑄬।",Present
"আমি তোমাকে একটা কথা বলতেছি,বিালটা পাছা কুচি কুচি করে কাটলে তিন বছর লাগে","𑄃𑄎𑄪 𑄟𑄧𑄢𑄬 𑄃𑄬𑄇𑄴𑄇𑄚𑄴 𑄇𑄧𑄙 𑄇𑄮𑄭𑄠𑄬 ""𑄝𑄨𑄣𑄴𑄣𑄮 𑄇𑄪𑄎𑄪 𑄛𑄪𑄚𑄴 𑄇𑄝𑄨 𑄇𑄝𑄨 𑄣𑄉𑄬𑄣𑄬 𑄖𑄨𑄚𑄴 𑄝𑄧𑄏𑄧𑄢𑄴 𑄣𑄉 𑄛𑄧𑄢𑄬 𑄈𑄬𑄭 𑄛𑄖𑄴𑄬''।",Present
".আকাশে,বিালের কুমা খেে তিন বছর পর্যন্ত পাছা গুঁো করতে হ","(𑄃𑄧𑄖𑄴𑄗𑄖𑄴, 𑄝𑄨𑄣𑄴𑄣𑄮 𑄇𑄪𑄎𑄪 𑄈𑄬𑄭𑄛𑄖𑄴𑄬 𑄖𑄨𑄚𑄴 𑄝𑄧𑄏𑄧𑄢𑄴 𑄥𑄧𑄁 𑄛𑄪𑄚𑄴 𑄇𑄝𑄨 𑄇𑄝𑄨 𑄣𑄉 𑄛𑄧𑄢𑄬 ) 𑄃𑄨𑄢𑄪𑄇𑄴 𑄡𑄪𑄉𑄧𑄖𑄴 𑄥𑄬 𑄇𑄧𑄙 𑄇𑄧𑄚𑄧 𑄟𑄬𑄭𑄖𑄴 𑄚𑄬𑄭।",Present
এখনকার দিনে সেই বাঁশটা কুচি কুচি করে পিটে দে,𑄃𑄨𑄢𑄪𑄇𑄴 𑄡𑄪𑄉𑄧𑄖𑄴 𑄥𑄬 𑄝𑄨𑄣𑄴𑄣𑄮 𑄇𑄪𑄎𑄪 𑄛𑄨𑄖𑄴𑄨𑄟𑄨𑄠𑄚𑄧𑄢𑄬 𑄚𑄬𑄖𑄳𑄢𑄨𑄖𑄴𑄧 𑄘𑄬𑄓𑄧𑄚𑄴।,Present
"তুমি কি পেে যাবে সেটা না, পৃথিবীটাকে সেটা ভাবতে হবে","𑄖𑄪𑄟𑄨 𑄇𑄨 𑄛𑄬𑄝 𑄥𑄨𑄠𑄚𑄴 𑄚𑄧𑄠𑄴, 𑄇𑄨 𑄘𑄨 𑄛𑄢𑄨𑄝 𑄛𑄨𑄖𑄴𑄨𑄟𑄨𑄠𑄚𑄧𑄢𑄬 𑄥𑄨𑄠𑄚𑄴 𑄞𑄝𑄨𑄝।",Future
তুমি পৃথিবীটাকে সাজাও,𑄖𑄪𑄟𑄨 𑄛𑄢𑄨𑄝 𑄛𑄨𑄖𑄴𑄨𑄟𑄨𑄠𑄚𑄧𑄢𑄬 𑄥𑄎𑄬𑄭।,Present
এই কথাগুলো বলতে বলতে কুলিটাঘুমিে গেল,𑄃𑄬𑄭 𑄇𑄧𑄙𑄚𑄨 𑄇𑄮𑄭𑄚𑄬 𑄇𑄪𑄣𑄨𑄢𑄟𑄬 𑄊𑄪𑄟𑄧𑄖𑄴 𑄛𑄧𑄢𑄴𑄣𑄧।,Past
এক দিনে জিতেরা তাদের বািে এসে মাথা শুে আছে,𑄃𑄬𑄇𑄴 𑄘𑄨𑄚𑄬 𑄎𑄨𑄖𑄴𑄖𑄮𑄢𑄟𑄬 𑄖𑄢 𑄊𑄧𑄢𑄧𑄖𑄴 𑄃𑄨𑄏𑄮𑄢𑄧 𑄟𑄙𑄖𑄴 𑄥𑄋𑄪 𑄘𑄪𑄠𑄧𑄱𑄢𑄧𑄖𑄴 𑄛𑄨𑄎𑄪𑄟𑄴 𑄝𑄌𑄴𑄍𑄪𑄖𑄴 𑄃𑄬𑄣𑄚𑄴 𑄘𑄨𑄚𑄠𑄴 𑄉𑄠𑄴 𑄉𑄠𑄴 𑄝𑄧𑄱𑄭 𑄃𑄊𑄬 ।,Present
"চোর কিথ্রা চা,অমল-নিজের,পলাশ-মুর","𑄌𑄬𑄢𑄮 𑄇𑄨𑄗𑄳𑄠 𑄢𑄨𑄚𑄨 𑄌𑄠𑄴, 𑄃𑄧𑄎𑄧𑄣𑄴 - 𑄚𑄨𑄎𑄧, 𑄛𑄧𑄣𑄴𑄣-𑄛𑄪𑄣𑄴𑄨 𑄟𑄮𑄚𑄴-𑄟𑄪𑄢𑄧।",Present
.নানাং ফুল ফোটার আওাজ পতেছে,𑄚𑄚𑄁 𑄜𑄪𑄣𑄴 𑄜𑄪𑄘𑄨 𑄜𑄨𑄝𑄨𑄢𑄴 𑄜𑄨𑄝𑄨𑄢𑄴 𑄝𑄮𑄃𑄨𑄠𑄬𑄢𑄬 𑄘𑄪𑄣𑄧𑄘𑄧𑄚𑄴।,Present
".আকাশে নীল আকাশ,দুপ দুপ মেে ভে ভাসে তার পৃথিবীতে","𑄃𑄉𑄏𑄧𑄖𑄴 𑄢𑄨𑄚𑄨 𑄌𑄠𑄴-𑄦𑄬𑄣𑄴 𑄃𑄉𑄌𑄴, 𑄘𑄪𑄛𑄴 𑄘𑄪𑄛𑄴 𑄟𑄬𑄇𑄴 𑄌𑄉 𑄇𑄧𑄖𑄴𑄖 𑄇𑄧𑄖𑄴𑄖 𑄉𑄧𑄢𑄨 𑄞𑄎𑄨 𑄡𑄢𑄴 𑄛𑄨𑄖𑄴𑄗𑄨𑄟𑄨 𑄃𑄬𑄇𑄴 𑄇𑄧𑄕𑄖𑄴𑄪𑄚𑄴 𑄃𑄢𑄧 𑄃𑄬𑄇𑄴 𑄇𑄧𑄕𑄖𑄴।",Present
তেন্নে মারা যাওার সম পাহাে পাহাে পে যা,𑄖𑄬𑄕𑄳𑄠 𑄟𑄧𑄢𑄨 𑄃 𑄚𑄚𑄁 𑄛𑄬𑄭𑄇𑄴 𑄘𑄪𑄃𑄧 𑄡𑄉𑄢𑄬 𑄡𑄉𑄢𑄬 𑄣𑄬𑄌𑄴 𑄣𑄢𑄬 𑄣𑄢𑄬 𑄟𑄧𑄚𑄬 𑄡𑄨𑄚𑄴𑄘𑄨 𑄇𑄧𑄠𑄴 𑄥𑄨𑄚𑄴𑄘𑄨 𑄃𑄪𑄢𑄨 𑄡𑄘𑄧𑄚𑄴।,Present
এক লোক তার বাির কথা ধনবিকে নিে যাচ্ছে,𑄎𑄨𑄖𑄴𑄖𑄮𑄢𑄟𑄬 𑄞𑄝𑄬𑄢𑄴 𑄖 𑄝𑄝𑄧𑄢𑄴 𑄇𑄧𑄙 𑄃 𑄙𑄧𑄚𑄧𑄝𑄨𑄢𑄬 𑄚𑄨𑄚𑄬𑄃𑄨।,Present
এখন সে কি গুরু,𑄃𑄨𑄇𑄳𑄠𑄬 𑄖𑄬 𑄇𑄨 𑄉𑄪𑄢𑄨𑄝𑄧!,Present
ধনবিে পোকা-মাকটা আর সহ্য করতে পারবে না,𑄙𑄧𑄚𑄧𑄝𑄨𑄢𑄬 𑄛𑄪𑄘𑄧-𑄝𑄮 𑄃𑄨𑄎𑄬𑄝𑄬 𑄉𑄧𑄎𑄨 𑄣𑄮𑄭 𑄚𑄧 𑄛𑄢𑄨𑄝𑄇𑄴 𑄃𑄨𑄠𑄚𑄴 𑄈𑄟𑄇𑄴𑄇𑄠𑄴।,Future
কেন ভেঙে বলবে সে যে ধন বিে করবে,𑄇𑄨𑄋𑄨𑄢𑄨 𑄞𑄋𑄨 𑄇𑄧𑄝𑄧 𑄖𑄬 𑄡𑄬 𑄙𑄧𑄚𑄧𑄝𑄨𑄢𑄬 𑄇𑄮𑄌𑄴𑄛𑄠𑄴।,Future
এই মুহুর্তে সে তাাতাি আসলো,𑄃𑄬𑄭 𑄃𑄧𑄇𑄴𑄖𑄧𑄖𑄴 𑄖𑄢𑄪𑄟𑄬 𑄃𑄬𑄣𑄧।,Past
"সে, কখন যাবে?","𑄖𑄬, 𑄇𑄧𑄇𑄴𑄇𑄬 𑄡𑄬𑄘𑄧𑄁?",Future
পোকামাকরা তাাতাি বের হে আসছে,𑄛𑄪𑄎𑄧𑄢𑄴 𑄉𑄧𑄧𑄢𑄴𑄣𑄧 𑄖𑄢𑄪𑄟𑄬 𑄎𑄨𑄖𑄴𑄖𑄮𑄢𑄟𑄧𑄖𑄴𑄪𑄚𑄴।,Present
তারা পিঠা খাওার জন্য পিঠা বানাইেছে,𑄃𑄬𑄌𑄳𑄠𑄬 𑄖𑄢𑄳𑄦 𑄛𑄨𑄘𑄬 𑄈 𑄝𑄧𑄣𑄚𑄳𑄠 𑄛𑄨𑄠𑄮𑄚𑄴 𑄙𑄧𑄚𑄧𑄝𑄨 𑄘𑄉𑄨𑄘𑄪।,Present
"হুক্কা খেে যা,যেকোন কিছু","𑄘𑄝 𑄈𑄬𑄭 𑄣𑄧𑄉𑄨, 𑄡𑄬𑄘𑄧𑄁 𑄟𑄣𑄬𑄚𑄴।",Present
১. বসা বা বসানো ২. বসা বা বসানো,𑄝𑄧𑄎𑄚 𑄚𑄧𑄠𑄴।,Present
মাটি দিে মাটিতে যাবে,𑄟𑄘𑄨𑄠𑄬 𑄟𑄘𑄨𑄠𑄬 𑄡𑄬𑄝𑄧𑄁𑄉𑄬।,Future
.ফাঁদে মিটিং আছে যেতে যেতে ভুলে গেলাম,𑄜𑄠𑄚𑄴𑄓𑄧 𑄟𑄨𑄑𑄨𑄁 𑄃𑄊𑄬 𑄡𑄘𑄨 𑄡𑄘𑄨 𑄥𑄢𑄨 𑄛𑄢𑄴𑄣𑄬 𑄟𑄨𑄑𑄨𑄋𑄮𑄖𑄴 𑄃𑄬𑄎𑄣𑄴 𑄘𑄨 𑄛𑄢𑄨𑄟𑄴𑄮𑄃𑄨।,Past
তারা দুই জনে মিলে একটি লাঠি নিে হেঁটে যাচ্ছে বািতে,𑄖𑄢𑄳𑄦 𑄘𑄨 𑄎𑄧𑄚𑄬 𑄚𑄚𑄋𑄴 𑄉𑄧𑄝𑄬 𑄥𑄧𑄝𑄬 𑄚𑄋𑄬𑄣𑄴𑄘𑄨𑄊𑄧𑄣𑄨 𑄃𑄬𑄋 𑄝𑄬𑄋 𑄛𑄧𑄘𑄬 𑄦𑄘 𑄙𑄧𑄢𑄴𑄣𑄇𑄴 𑄙𑄧𑄚𑄧𑄝𑄨 𑄘𑄉𑄨𑄘𑄪 𑄟𑄮𑄚𑄧 𑄊𑄧𑄢𑄧𑄖𑄴।,Present
"সমাজ, দেশ, গ্রাম ভালো করে বলতে বলতে সেই বাচ্চাটা ধনবি ডেকে বািতে নামল","𑄥𑄧𑄟𑄎𑄧𑄢𑄴, 𑄘𑄬𑄏𑄧𑄢𑄴, 𑄃𑄘𑄟𑄧𑄢𑄴 𑄞𑄣𑄬𑄘𑄨 𑄇𑄨𑄋𑄨𑄢𑄨 𑄃𑄬𑄝𑄧 𑄥𑄬 𑄛𑄮𑄃𑄨𑄘𑄳𑄠𑄚𑄬 𑄇𑄧𑄙 𑄇𑄧𑄙𑄬 𑄇𑄧𑄙𑄬 𑄙𑄧𑄚𑄧𑄝𑄨 𑄘𑄉𑄨 𑄊𑄧𑄢𑄧𑄖𑄴 𑄣𑄪𑄟𑄨𑄣𑄇𑄴।",Past
এখানে ধনবিালের প্রাণটা ঠিক নেই,𑄃𑄨𑄚𑄴𑄘𑄨 𑄙𑄧𑄚𑄧𑄝𑄨𑄢𑄴 𑄛𑄧𑄢𑄚𑄴 𑄗𑄨𑄘𑄧 𑄚𑄬𑄭।,Present
এক জাতী বুনো ফল,𑄖𑄪𑄣𑄴𑄛𑄧𑄣𑄳𑄠𑄬 𑄃𑄧𑄠𑄬।,Present
অনেক বছর পর পর অসুস্থ হে পেছে,𑄞𑄣𑄧𑄇𑄴 𑄝𑄧𑄏𑄧𑄢𑄴 𑄛𑄧𑄢𑄴 𑄎𑄨𑄖𑄴𑄖𑄮𑄢𑄟𑄧𑄢𑄬 𑄘𑄨𑄊𑄨।,Present
.সাঙু দুা পাহাের মধ্যে পানি আছে।,𑄥𑄋𑄪 𑄘𑄪𑄠𑄮𑄱𑄢𑄧𑄖𑄴 𑄖𑄟𑄪𑄣𑄪𑄇𑄴 𑄇𑄪𑄖𑄴𑄨𑄝𑄪𑄖𑄴 𑄗𑄬𑄛𑄴𑄗𑄬𑄛𑄳𑄠𑄬 𑄛𑄚𑄨 𑄢𑄊𑄬𑄠𑄳𑄠 ।,Present
মনে মনে কি বলতেছি,𑄟𑄧𑄚𑄬 𑄟𑄧𑄚𑄬 𑄞𑄝𑄬𑄢𑄴 𑄇𑄨 𑄇𑄧𑄱𑄟𑄴।,Present
সে কেন আমাকে আগে থেকে জিজ্ঞেস করবে?,"𑄖𑄬, 𑄇𑄨 𑄟𑄧𑄢𑄬 𑄃𑄉𑄧 𑄥𑄚𑄴 𑄇𑄮𑄌𑄴𑄛𑄬𑄝𑄧𑄚𑄨?",Future
সে তো লেখাপার মতো ব হেছে,𑄖𑄬 𑄘𑄧 𑄣𑄬𑄊-𑄛𑄧𑄢 𑄥𑄨𑄊𑄨 𑄘𑄋𑄧𑄢𑄴 𑄃𑄧𑄠𑄬।,Present
লাজে লাজে ঝর্ণার পানি কুটিে নিে আসি,"𑄣𑄎𑄬𑄭 𑄣𑄎𑄬𑄭 𑄚𑄮𑄚𑄳𑄠𑄥𑄨𑄣𑄧 𑄎𑄪𑄢𑄧 𑄛𑄚𑄨 𑄇𑄪𑄖𑄴𑄨, 𑄝𑄬𑄎𑄮𑄚𑄴 𑄃 𑄘𑄝 𑄝𑄎𑄬𑄭 𑄃𑄚𑄨 𑄘𑄨𑄠𑄳𑄠।",Present
".নতুন পিন,খাওা মাথা খাওা বাঁধতে আরও সুন্দর লাগে","𑄚𑄪𑄃𑄧 𑄛𑄨𑄚𑄮𑄚𑄴, 𑄈𑄘𑄨 𑄃 𑄟𑄙𑄖𑄴 𑄈𑄧𑄝𑄁 𑄝𑄚𑄨 𑄙𑄧𑄚𑄧𑄝𑄨𑄢𑄬 𑄃𑄢𑄧 𑄝𑄬𑄌𑄴 𑄘𑄮𑄣𑄴 𑄣𑄉𑄬𑄢𑄴।",Present
"ধনবি মেে কথা বলে,তুমি কথা বলো","𑄙𑄧𑄚𑄧𑄝𑄨 𑄟𑄝𑄪 𑄇𑄧𑄣𑄧:- 𑄝𑄳𑄦𑄙𑄧𑄚𑄴, 𑄖𑄪𑄟𑄨 𑄇𑄧𑄙 𑄇𑄧।",Present
মুখ সেলাই করার সম,𑄟𑄪𑄭 𑄛𑄨𑄘𑄬𑄚𑄨 𑄥𑄬𑄏𑄁।,Present
ধনবি আর তার মা চুল বোই করে লম্বা লম্বা করে কাটতে পারে না,𑄙𑄧𑄚𑄧𑄝𑄨 𑄃 𑄖 𑄟𑄝𑄪 𑄌𑄪𑄣𑄴 𑄝𑄬𑄢𑄬𑄭 𑄣𑄟𑄴𑄝 𑄥𑄬𑄣𑄁 𑄉𑄧𑄢𑄨 𑄛𑄪𑄢𑄨 𑄖𑄪𑄠𑄱 𑄢𑄧𑄇𑄴𑄬 𑄉𑄧𑄢𑄨 𑄚𑄧 𑄛𑄢𑄧𑄚𑄴।,Present
কি অব্য পদ পেতেছো?,𑄇𑄨 𑄃𑄧𑄝𑄧 𑄎𑄨𑄖𑄴𑄖𑄮𑄢𑄟𑄧 𑄎𑄨𑄋𑄴𑄇𑄚𑄨?,Present
কি ধনবি জীবন?,𑄇𑄨 𑄃𑄧𑄝𑄧 𑄙𑄧𑄚𑄧𑄝𑄨 𑄎𑄨𑄁𑄇𑄚𑄨?,Present
কি নিচ পর্যন্ত যাচ্ছ?,𑄇𑄨 𑄃𑄧𑄝𑄧 𑄟𑄮𑄚𑄴 𑄖𑄧𑄣 𑄃𑄘𑄟𑄧𑄢𑄴?,Present
ধনবি এই পৃথিবীটা অন্ধকার দেখতেছে,𑄙𑄧𑄚𑄧𑄝𑄨 𑄃𑄨𑄇𑄳𑄠𑄬 𑄉𑄮𑄘 𑄛𑄨𑄖𑄴𑄗𑄨𑄟𑄨𑄠𑄚𑄴 𑄃𑄚𑄴𑄙𑄢𑄴 𑄘𑄬𑄊𑄬𑄢𑄴 ।,Present
দুই চোখে দুই চোখের পানি,𑄘𑄨 𑄌𑄮𑄉𑄧𑄖𑄴 𑄙𑄢 𑄙𑄢 𑄌𑄮𑄉𑄧 𑄛𑄚𑄨।,Present
তার শরীরে ক্ষত হেছে,𑄖 𑄌𑄨𑄘𑄮𑄖𑄴 𑄊 𑄦𑄧𑄠𑄬 𑄌𑄨𑄟𑄴𑄌𑄨𑄟𑄳𑄠𑄬 𑄘𑄪𑄣𑄪𑄊𑄧𑄖𑄴।,Present
একটু একটু বৃষ্টি পতেছে,𑄖𑄬𑄛𑄴 𑄖𑄬𑄛𑄴 𑄣𑄮 𑄏𑄧𑄢𑄬𑄢𑄴।,Present
এই তো বাঁচো!,𑄃𑄬 𑄖𑄮 𑄝𑄌𑄴𑄖𑄧𑄝𑄧𑄖!,Present
"এখন নিজের ভাত,নিজের লেখা সিকি","𑄃𑄬𑄡𑄧 𑄚𑄨𑄎𑄧 𑄞𑄌𑄴, 𑄚𑄨𑄎𑄧 𑄣𑄬𑄊 𑄥𑄨𑄊𑄨",Present
". কিতাবে লেখা আছে,চামা অক্ষরে লেখা আছে,চামা বর্ণমালার সম পাহাে পাহাের চূা পাহাের পাশ দিে হেঁটে যাচ্ছে,চামার পাশে বসে আছে","𑄇𑄨𑄖𑄝𑄧𑄖𑄴 𑄣𑄬𑄊 𑄃𑄊𑄬, 𑄌𑄋𑄴𑄟 𑄃𑄮𑄇𑄴𑄇𑄮𑄢𑄪𑄚𑄴 𑄝𑄎𑄬 𑄢𑄊𑄬𑄝𑄖𑄴𑄖𑄬 𑄷𑄿𑄻𑄿 𑄈𑄨 𑄚𑄮𑄠𑄢𑄟𑄴 𑄌𑄋𑄴𑄟, 𑄦𑄧𑄢𑄧𑄇𑄨𑄥𑄮𑄢𑄴 𑄌𑄋𑄴𑄟𑄖𑄴𑄖𑄪𑄚𑄴 𑄙𑄪𑄢𑄨 𑄦𑄪𑄖𑄴𑄖𑄪𑄢𑄴 𑄘𑄧𑄥𑄧𑄇𑄧𑄖𑄴 𑄥𑄪𑄛𑄳𑄢𑄨𑄠𑄧 𑄖𑄣𑄪𑄇𑄴𑄘𑄢𑄴, 𑄚𑄧𑄚𑄙𑄧𑄚𑄴 𑄌𑄋𑄴𑄟, 𑄥𑄳𑄢𑄨𑄟𑄧𑄖𑄴 𑄥𑄳𑄢𑄧𑄘𑄴𑄙𑄣𑄧𑄁𑄇𑄢𑄴 𑄞𑄚𑄴𑄖𑄬, 𑄦𑄎𑄨 𑄘𑄧𑄥𑄧𑄉𑄧𑄖𑄴 𑄇𑄧𑄣𑄴𑄇𑄘𑄖𑄴 𑄥𑄳𑄢𑄨𑄟𑄚𑄬𑄠 “𑄌𑄋𑄴𑄟 𑄃𑄊𑄧𑄢𑄴𑄖𑄢”, 𑄚𑄧𑄝𑄴𑄝𑄧𑄃𑄨 𑄘𑄧𑄥𑄧𑄉𑄧𑄖𑄴 𑄃𑄚𑄧𑄚𑄴𑄘𑄧 𑄟𑄮𑄦𑄧𑄚𑄴 𑄌𑄋𑄴𑄟, 𑄝𑄨𑄁𑄥𑄧 𑄥𑄧𑄖𑄝𑄴𑄘𑄨𑄖𑄴 𑄌𑄋𑄴𑄟 𑄥𑄦𑄨𑄖𑄳𑄠𑄧 𑄝𑄳𑄦 𑄃𑄨𑄢𑄪𑄇𑄴 𑄚𑄋𑄴𑄚𑄮𑄠𑄢𑄟𑄴 𑄌𑄋𑄴𑄟 𑄥𑄦𑄨𑄖𑄳𑄠𑄧 𑄥𑄧𑄁𑄥𑄧𑄘𑄴 𑄃𑄬𑄇𑄮𑄇𑄱 𑄎𑄧𑄙𑄠𑄳𑄠𑄧 𑄌𑄋𑄴𑄟 𑄥𑄦𑄨𑄖𑄳𑄠𑄧 𑄛𑄧𑄖𑄳𑄢𑄨𑄇 𑄨 𑄚𑄋𑄬 𑄃𑄬𑄇𑄴𑄇𑄱 𑄟𑄳𑄠𑄉𑄎𑄨𑄚𑄴 𑄜𑄧𑄉𑄧𑄘𑄋𑄨 𑄉𑄧𑄬𑄨𑄣𑄬 𑄥𑄦𑄨𑄖𑄳𑄠𑄧 𑄌𑄧𑄌𑄴𑄡 𑄃𑄢𑄧 𑄘𑄧𑄛𑄴𑄘𑄧𑄝 𑄦𑄧𑄠𑄴।",Present
এক চামা শাকের চামা দিে বাঙালি একটাও নেই,𑄃𑄨𑄢𑄪𑄇𑄴 𑄌𑄋𑄴𑄟 𑄥𑄦𑄨𑄖𑄳𑄠𑄧 𑄛𑄧𑄖𑄳𑄢𑄨𑄇 𑄌𑄘𑄨 𑄝𑄁𑄣 𑄃𑄮𑄇𑄴𑄇𑄮𑄢𑄴 𑄃 𑄝𑄁𑄣 𑄞𑄏𑄧𑄢𑄴 𑄟𑄎𑄢 𑄚𑄬𑄃𑄨।,Present
.আকাশের কথা বলতে গেলে মনে হ চুক্তির পর চামাগুলো বেশি আসতেছে,𑄃𑄎𑄧𑄣𑄴 𑄇𑄧𑄙 𑄇𑄧𑄙𑄧 𑄉𑄬𑄣𑄬 𑄛𑄢𑄴𑄝𑄧𑄖𑄳𑄠𑄧 𑄌𑄪𑄇𑄴𑄖𑄨 𑄛𑄧𑄢𑄴 𑄌𑄋𑄴𑄟 𑄞𑄌𑄴𑄍𑄮𑄃𑄨 𑄥𑄦𑄨𑄖𑄳𑄠𑄧 𑄌𑄧𑄌𑄴𑄠 𑄃𑄉𑄧𑄖𑄴𑄖𑄪𑄚𑄴 𑄝𑄬𑄌𑄴 𑄃𑄇𑄴𑄇𑄮𑄃𑄨 𑄡𑄨𑄠𑄳𑄠।,Present
এখন মনে পলে আমরা কম্পিউটারে একজন চাকমার ছবি লিখতে পারি,𑄃𑄨𑄇𑄴𑄇𑄬 𑄟𑄧𑄚𑄬 𑄇𑄧𑄣𑄬 𑄃𑄟𑄨 𑄇𑄧𑄟𑄴𑄛𑄨𑄃𑄪𑄑𑄢𑄧𑄖𑄴 𑄃 𑄃𑄪𑄢𑄴𑄝𑄮𑄖𑄘𑄬 𑄌𑄋𑄴𑄟 𑄃𑄮𑄇𑄴𑄇𑄮 𑄃 𑄌𑄋𑄴𑄟 𑄞𑄏𑄬 𑄥𑄦𑄨𑄖𑄳𑄠𑄧 𑄌𑄧𑄌𑄴𑄡 𑄝 𑄣𑄬𑄊 𑄣𑄬𑄊𑄨 𑄉𑄧𑄢𑄨 𑄛𑄢𑄨𑄢𑄴।,Present
এগুলো অবশ্যই চুক্তির ফসল হ,𑄃𑄨𑄠𑄚𑄴 𑄈𑄟𑄇𑄴𑄇𑄠𑄴 𑄌𑄪𑄇𑄴𑄖𑄨 𑄜𑄧𑄥𑄧𑄣𑄴 𑄦𑄮𑄃𑄨 𑄡𑄠𑄴।,Present
"সমে অনেক সাা যাওা যা,পাহাের চামা দিে হেঁটে যাওা,পাহাের চামা দিে যাওা যা,পাহাের চামা দিে যাওার সমে চামা করার জন্য চামা করে এসেছে","𑄥𑄧𑄟𑄢𑄬 𑄚𑄚𑄚𑄴 𑄥𑄦𑄨𑄖𑄳𑄠𑄧 𑄎𑄧𑄙, 𑄘𑄋𑄧𑄢𑄴 𑄉𑄧𑄢𑄨 𑄇𑄮𑄃𑄨 𑄡𑄠𑄴 𑄈𑄉𑄢𑄍𑄧𑄢𑄨𑄖𑄴 𑄥𑄋𑄴𑄛𑄒𑄉𑄢𑄴, 𑄚𑄮𑄠𑄢𑄟𑄴 𑄌𑄋𑄴𑄟 𑄥𑄦𑄨𑄖𑄳𑄠𑄧 𑄥𑄧𑄁𑄥𑄧𑄘𑄴 𑄦𑄨𑄣𑄴 𑄌𑄘𑄨𑄉𑄋𑄴 𑄝𑄘𑄬𑄠𑄳𑄠𑄧 𑄌𑄘𑄨𑄉𑄋𑄴, 𑄔𑄇𑄖𑄴 𑄌𑄋𑄴𑄟 𑄣𑄬𑄊 𑄥𑄨𑄊𑄨𑄝𑄢𑄴 𑄇𑄮𑄢𑄴𑄥𑄴 𑄌𑄋𑄪 𑄉𑄧𑄢𑄨 𑄃𑄬𑄡𑄬𑄢𑄴।",Present
আমার একটা সার্ভে,𑄟𑄧𑄢𑄴 𑄃𑄬𑄇𑄴𑄈𑄚𑄴 𑄥𑄢𑄴𑄞𑄬:,Present
এত সুখ পাওার পর আমরা এখন ঘুমা,𑄃𑄬𑄙𑄧𑄇𑄴 𑄎𑄪 𑄛𑄚𑄢𑄴 𑄛𑄧𑄢𑄴 𑄃𑄟𑄨 𑄃𑄬𑄡𑄧 𑄊𑄪𑄟𑄧𑄖𑄴 𑄃𑄊𑄨।,Present
.সে এত ব পাহাের পাহাে ভ পাওা যা না,𑄥𑄨𑄖𑄴𑄖𑄬𑄃𑄨 𑄃𑄬𑄌𑄳𑄠 𑄝𑄬𑄉𑄧𑄢𑄴 𑄦𑄞𑄨𑄣𑄳𑄠𑄌𑄴 𑄎𑄖𑄴𑄖𑄮 𑄛𑄨𑄖𑄴𑄖𑄨𑄟𑄨𑄖𑄴 𑄞𑄧𑄌𑄴 𑄡𑄘𑄬 𑄝𑄬𑄌𑄴 𑄥𑄧𑄟𑄧𑄠𑄴 𑄚𑄧 𑄣𑄊𑄨𑄝𑄧।,Present
".কেন,আমরা ২০০৪ সাল থেকে চামা পা পর্যন্ত চামা করতে পারতাম না, চামা করতে করতে ক্লান্ত হে গেছি, চামা করতে করতে ক্লান্ত হে গেছি, চামা করতে করতে ক্লান্ত হই নি","𑄇𑄨𑄖𑄴𑄖𑄬, 𑄃𑄟𑄨 𑄸𑄶𑄶𑄺 𑄥𑄣𑄧𑄖𑄴𑄖𑄪𑄚𑄴 𑄙𑄪𑄢𑄨 𑄃𑄬𑄝𑄧 𑄥𑄧𑄁 𑄌𑄋𑄴𑄟 𑄣𑄬𑄊 𑄥𑄬𑄊𑄚𑄖𑄴𑄖𑄪𑄚𑄴 𑄃𑄨𑄠𑄢𑄴𑄃𑄮 𑄇𑄮𑄃𑄨 𑄛𑄢𑄨, 𑄃𑄟𑄨 𑄌𑄋𑄴𑄟 𑄣𑄬𑄊 𑄥𑄨𑄊𑄨 𑄎𑄖𑄴𑄖𑄪𑄢𑄬 𑄇𑄮𑄌𑄴 𑄛𑄬𑄚𑄬𑄃𑄨, 𑄌𑄉𑄪𑄢𑄨 𑄛𑄬𑄝𑄖𑄳𑄠 𑄚𑄧𑄠𑄴।",Past
কবে যে আসবে সেটা বলা হ,𑄃𑄨𑄢𑄪𑄇𑄴 𑄇𑄪𑄘𑄨𑄚𑄴 𑄟𑄙𑄚𑄬 𑄥𑄨𑄃𑄚𑄴 𑄉𑄧𑄢𑄨𑄝𑄢𑄴 𑄇𑄧𑄠𑄴।,Future
"কেন,চামা চামা দিে মানুষদের অনেক দুঃখ হ","𑄇𑄨𑄖𑄴𑄖𑄴𑄬, 𑄌𑄉𑄪𑄢𑄨 𑄝𑄧𑄣𑄝𑄘𑄬 𑄃𑄧𑄚𑄴𑄚𑄮 𑄟𑄚𑄬𑄃𑄪𑄚𑄴 𑄘𑄨𑄚𑄴 𑄇𑄣𑄴 𑄖𑄮𑄢𑄥𑄬 𑄞𑄢𑄨 𑄘𑄪𑄇𑄴 𑄦𑄧𑄢𑄴।",Present
"তাদেরকে স্বপ্নে দেখি, কোথা গিে,কি করে, কার্লোে কথা বলে","𑄖𑄢𑄢𑄬 𑄃𑄧𑄚𑄴𑄥𑄪𑄢𑄴 𑄌𑄮𑄊𑄬 𑄌𑄮𑄊𑄬 𑄢𑄊𑄚𑄴, 𑄇𑄪𑄙𑄪𑄡𑄢𑄴, 𑄇𑄨 𑄉𑄧𑄢𑄬𑄢𑄴, 𑄇𑄢𑄴𑄣𑄮𑄃𑄨 𑄇𑄧𑄙 𑄇𑄧𑄢𑄴।",Present
"না,রাঙামাা যেন কথা বলে,টাকা কোথা পেল","𑄚, 𑄢𑄋𑄟𑄖𑄳𑄠 𑄡𑄬𑄚𑄬𑄃𑄨 𑄇𑄢𑄴𑄣𑄮 𑄇𑄧𑄙 𑄇𑄧𑄢𑄴, 𑄖𑄬𑄋 𑄇𑄪𑄙𑄪 𑄛𑄬𑄣𑄧।",Past
"না, খেলা যাওা","𑄚, 𑄈𑄉𑄢𑄍𑄧𑄢𑄨𑄖𑄴 𑄡𑄢𑄴।",Present
আজকে কিছুক্ষণ পর পর সেটা কান্না করতেছে,𑄃𑄨𑄢𑄪𑄇𑄴 𑄇𑄪𑄘𑄨𑄚𑄴 𑄟𑄙𑄚𑄬 𑄥𑄨𑄃𑄚𑄴 𑄉𑄧𑄢𑄨𑄝𑄖𑄴𑄖𑄬 𑄇𑄧𑄠𑄴।,Present
চামা দিে মানুষরা সারাদিন ভাত খাওা অভ্যস্ত,𑄌𑄉𑄪𑄢𑄨 𑄝𑄧𑄣𑄝𑄘𑄬 𑄃𑄧𑄚𑄴𑄚𑄮 𑄟𑄚𑄬𑄃𑄪𑄚𑄴 𑄘𑄨𑄚𑄴𑄇𑄣𑄴 𑄖𑄮𑄢𑄘𑄧𑄚𑄴 𑄞𑄢𑄨 𑄘𑄪𑄉𑄬।,Present
.তারা চোখ বন্ধ করে রেছে,𑄖𑄢 𑄚𑄨𑄖𑄳𑄠𑄧 𑄌𑄮𑄉𑄬 𑄌𑄮𑄉𑄬 𑄢𑄊𑄚𑄴।,Present
"কোথা যাবো,কি করবো,কালকে কথা বলে,না লালিমা যা,না লুকোচুরিতে যা","𑄇𑄪𑄙𑄪𑄡𑄢𑄴, 𑄇𑄨 𑄉𑄧𑄢𑄬𑄢𑄴, 𑄇𑄢𑄴𑄣𑄮𑄃𑄨 𑄇𑄧𑄙 𑄇𑄧𑄢𑄴, 𑄚 𑄢𑄋𑄟𑄖𑄳𑄠𑄖𑄴 𑄡𑄢𑄴, 𑄚 𑄈𑄉𑄢𑄍𑄧𑄢𑄨𑄖𑄴 𑄡𑄢𑄴।",Present
"কেন চলে,টাকা কোথা পাওা যা","𑄇𑄬𑄚𑄬 𑄌𑄧𑄣𑄬𑄢𑄴, 𑄖𑄬𑄋 𑄇𑄪𑄙𑄪 𑄛𑄠𑄴 𑄚𑄚𑄋𑄚𑄴।",Present
এখানে একটু জুে পাওা বা কেনা থাকলে কথা নেই,𑄃𑄨𑄃𑄚𑄧𑄢𑄴 𑄃𑄬𑄇𑄴𑄇 𑄎𑄪 𑄛𑄬𑄣𑄬 𑄝 𑄇𑄬𑄚 𑄗𑄬𑄣𑄬 𑄇𑄧𑄙 𑄚𑄬𑄃𑄨।,Present
"বাাবাি করে কোন জনে বললে অনেক বেশি টাকা গণনা করতে হবে, না হলে প্রাণটাও বেঁচে থাকবে না","𑄝𑄢 𑄝𑄢 𑄉𑄧𑄢𑄨 𑄇𑄧𑄚𑄧 𑄎𑄧𑄚𑄬 𑄇𑄮𑄃𑄨 𑄘𑄨𑄣𑄬 𑄣𑄇𑄴 𑄣𑄇𑄴 𑄖𑄬𑄋 𑄉𑄪𑄚𑄨 𑄘𑄨 𑄛𑄬𑄝𑄬, 𑄙𑄧𑄉𑄬 𑄚𑄧 𑄦𑄧𑄣𑄬 𑄛𑄧𑄢𑄚𑄴𑄃𑄮 𑄦𑄢𑄘𑄬 𑄃𑄧𑄘𑄧𑄋𑄴 𑄚𑄬𑄃𑄨।",Future
এত দিন থেকে মানুষরা এখন ১৫/১৬ বার চামা তৈরি করে,𑄃𑄬𑄙𑄧𑄇𑄴𑄇𑄬 𑄘𑄨𑄚𑄴 𑄟𑄙𑄚𑄧𑄖𑄴𑄖𑄪𑄚𑄴 𑄟𑄚𑄪𑄌𑄴 𑄃𑄨𑄇𑄴𑄇𑄬 𑄷𑄻/𑄷𑄼 𑄣𑄇𑄴 𑄘𑄨𑄚𑄬𑄃𑄨 𑄌𑄉𑄪𑄢𑄨 𑄖𑄮𑄉𑄚𑄴।,Present
ছোট হোক ব হোক এই দাটা চামা দিে চলে যা,𑄌𑄨𑄉𑄮𑄚𑄴 𑄦𑄮𑄇𑄴 𑄘𑄋𑄧𑄢𑄴 𑄦𑄮𑄇𑄴 𑄃𑄬 𑄘𑄧𑄎𑄖𑄴𑄖𑄪𑄚𑄴 𑄌𑄉𑄪𑄢𑄨 𑄗𑄬𑄣𑄬 𑄃𑄬 𑄘𑄧𑄎𑄖𑄴𑄖𑄪𑄚𑄴 𑄝𑄎 𑄡𑄠𑄴।,Present
.এই পর্বে চুক্তি ১৮ বছর পর আমাদের বািতে লেখা শেষ হলো,𑄃𑄬𑄌𑄳𑄠 𑄛𑄧𑄢𑄴𑄝𑄧𑄖𑄳𑄠𑄧 𑄌𑄪𑄇𑄴𑄖𑄨 𑄷𑄾 𑄝𑄧𑄏𑄧𑄢𑄴 𑄛𑄧𑄢𑄴 𑄃𑄟𑄳𑄦 𑄞𑄌𑄴𑄍𑄮𑄃𑄨 𑄣𑄬𑄊 𑄥𑄨𑄊𑄚 𑄎𑄪 𑄛𑄬𑄣𑄧𑄁।,Past
এইটা একটা ব পাতিল,𑄃𑄨𑄃𑄚𑄴 𑄃𑄬𑄇𑄴𑄈𑄚𑄴 𑄘𑄋𑄧𑄢𑄴 𑄛𑄃𑄮𑄖𑄴𑄖𑄨।,Present
"একটা জাতি বেঁচে থাকার জন্য আরও শক্ত হেছে, কিছুই পেল না","𑄃𑄬𑄇𑄴𑄇𑄱 𑄎𑄖𑄴 𑄃𑄨𑄎𑄬𑄝𑄬 𑄝𑄎𑄨 𑄗𑄬𑄝𑄢𑄴 𑄃𑄢𑄧 𑄃𑄬𑄇𑄴𑄈 𑄘𑄧𑄢𑄧𑄟𑄧𑄢𑄧 𑄦𑄧𑄣𑄧, 𑄃𑄙𑄨𑄉𑄢𑄴 𑄚𑄧 𑄛𑄬𑄧𑄣𑄠𑄳𑄠𑄧।",Past
জাগা ভাত খাওার জন্য ব একটা জাগা আছে,𑄎𑄘𑄧𑄢𑄴 𑄞𑄌𑄴 𑄙𑄪𑄢𑄨 𑄢𑄊𑄬𑄝𑄢𑄴 𑄝 𑄥𑄦𑄨𑄖𑄳𑄠𑄧 𑄜𑄪𑄘𑄬 𑄖𑄪𑄣𑄨𑄝𑄢𑄴 𑄘𑄋𑄧𑄢𑄴 𑄃𑄬𑄇𑄴𑄈𑄚𑄴 𑄎𑄪।,Present
"মানুষরা নিজেদের মতো কথা বলতেছে,আমরা নিজেদের থেকে দূরে আছি,শুধু তাাতাি তাকিয়ে আছি নরকের মুখে","𑄟𑄖𑄴𑄖𑄧𑄢𑄴 𑄘𑄪𑄉𑄧 𑄇𑄧𑄙 𑄃𑄧𑄣𑄧𑄘𑄬, 𑄃𑄟𑄨 𑄃𑄟𑄳𑄦 𑄃𑄧𑄏𑄛𑄖𑄴 𑄚𑄨𑄎𑄧 𑄉𑄧𑄢𑄧𑄎𑄬, 𑄚𑄨𑄎𑄧 𑄙𑄝𑄬 𑄚𑄧 𑄥𑄨𑄊𑄬𑄢𑄴, 𑄝𑄚 𑄌𑄬𑄃𑄨 𑄃𑄊𑄨 𑄥𑄧𑄢𑄴𑄉𑄢𑄧𑄢𑄴 𑄟𑄪𑄃𑄧 𑄇𑄨𑄗𑄳𑄠।",Present
".কালকে মাছ দিবে,কালকে কারিকলে সমে আসবে","𑄇𑄧𑄟𑄧𑄣𑄬 𑄟𑄌𑄴𑄖𑄧𑄢𑄴 𑄘𑄨𑄝𑄧, 𑄇𑄧𑄟𑄧𑄣𑄬 𑄇𑄢𑄨𑄇𑄧𑄣𑄟𑄧𑄖𑄴 𑄥𑄧𑄟𑄬𑄝𑄧 𑄉𑄧𑄢𑄨।",Future
"ও বাবা-মা, মা-বোন","𑄃𑄮 𑄝𑄛𑄴-𑄞𑄬𑄃𑄨, 𑄟-𑄝𑄮𑄚𑄴𑄣𑄧𑄇𑄴!",Present
"বইে লেখা আছে, ১৯৫৮ সালে বিেতে বিেতে আমাদের বািতে আর ১৯৫৯ সালে পাকিস্তান বিেতে যোগ দিেছি","𑄇𑄨𑄖𑄝𑄧𑄖𑄴 𑄣𑄬𑄊 𑄃𑄊𑄬 𑄷𑄾𑄼𑄹 𑄥𑄣𑄧𑄖𑄴 𑄝𑄳𑄢𑄨𑄖𑄨𑄌𑄴 𑄥𑄧𑄢𑄴𑄉𑄢𑄬 𑄃 𑄷𑄿𑄻𑄿 𑄥𑄣𑄧𑄖𑄴 𑄛𑄇𑄨𑄥𑄴𑄖𑄚𑄴 𑄥𑄧𑄢𑄴𑄉𑄢𑄬 𑄃𑄟𑄢𑄬 𑄃𑄟𑄳𑄦 𑄞𑄌𑄴𑄍𑄮𑄃𑄨, 𑄃𑄟𑄳𑄦 𑄃𑄮𑄇𑄴𑄇𑄮𑄣𑄧𑄃𑄨 𑄣𑄬𑄊 𑄥𑄨𑄊𑄨𑄝𑄖𑄴𑄖𑄬 𑄎𑄪 𑄉𑄧𑄢𑄨 𑄘𑄨𑄡𑄳𑄠।",Present
শুধু আমাদের জাতের ভাই সেটা দেখার আর সুযোগ থাকল না,𑄟𑄖𑄴𑄖𑄧𑄢𑄴 𑄃𑄟𑄳𑄦 𑄎𑄖𑄴 𑄞𑄬𑄃𑄨𑄃𑄪𑄚𑄴 𑄥𑄨𑄃𑄚𑄴 𑄚𑄧 𑄌𑄚𑄢𑄴 𑄃𑄢𑄴 𑄥𑄨𑄊𑄨𑄝𑄢𑄴 𑄎𑄪 𑄚𑄧 𑄗𑄬𑄣𑄧।,Past
".এসিা ক বছর,কত ব বছর সহ্য করতে হ,তাাতাি সে লেখাপা করে","𑄃𑄬𑄌𑄳𑄠 𑄇𑄧 𑄡𑄪𑄇𑄴, 𑄇𑄧 𑄝𑄧𑄏𑄧𑄢𑄴 𑄣𑄢𑄬𑄃𑄨 𑄉𑄧𑄢𑄚𑄢𑄴 𑄛𑄧𑄢𑄴 𑄛𑄢𑄴𑄝𑄧𑄖𑄳𑄠𑄧 𑄌𑄪𑄇𑄴𑄖𑄨 𑄦𑄧𑄣𑄬 𑄥𑄬 𑄌𑄪𑄇𑄴𑄖𑄨𑄖𑄴 𑄹𑄹 𑄙𑄢 𑄝𑄨 𑄃𑄧𑄚𑄪𑄍𑄬𑄘𑄧𑄖𑄴 𑄃𑄊𑄬 𑄟 𑄞𑄌𑄴𑄍𑄮𑄃𑄨 𑄣𑄬𑄊 𑄥𑄨𑄊𑄨𑄚।",Present
সে নাাচাা করলে ২০১৭ সালে পলা প্রাক সমে মাের বই পেলাম,𑄥𑄬 𑄚𑄣𑄬 𑄸𑄶𑄷𑄽 𑄥𑄣𑄧𑄖𑄴 𑄛𑄧𑄣𑄳𑄠 𑄛𑄳𑄢𑄇𑄴 𑄛𑄳𑄢𑄃𑄨𑄗𑄧𑄟𑄨𑄉𑄧𑄖𑄴 𑄟 𑄞𑄏𑄧𑄢𑄴 𑄝𑄧𑄃𑄨 𑄛𑄬𑄣𑄧𑄁।,Past
২০২০ সালে এসে তিন জন বই পেলাম,𑄸𑄶𑄸𑄶 𑄥𑄣𑄧𑄖𑄴 𑄃𑄬𑄚𑄬𑄃𑄨 𑄖𑄳𑄢𑄨𑄖𑄴 𑄥𑄧𑄁 𑄝𑄧𑄃𑄨 𑄛𑄬𑄣𑄧𑄁।,Past
"এখন আমরা আমাদের ভাই,মন দিে তাাতাি তাা করিও না,আমার","𑄃𑄨𑄇𑄴𑄇𑄬 𑄃𑄟𑄨 𑄃𑄟𑄳𑄦 𑄃𑄮𑄇𑄴𑄇𑄮, 𑄞𑄌𑄴 𑄥𑄨𑄊𑄨𑄝𑄢𑄴 𑄉𑄧𑄢𑄧𑄌𑄴 𑄟𑄧𑄚𑄬 𑄚𑄧 𑄉𑄧𑄢𑄨 𑄥𑄨𑄃𑄚𑄧𑄢𑄴 𑄘𑄪𑄌𑄴 𑄥𑄧𑄢𑄴𑄉𑄢𑄧𑄢𑄴 𑄚𑄧𑄠𑄴, 𑄃𑄟𑄢𑄴।",Present
"আমরা খবর পেেছি,পৃথিবীতে লেখা আছে,পেটে দিে বাতাস বে পে","𑄃𑄟𑄨 𑄈𑄧𑄝𑄧𑄢𑄴 𑄛𑄬𑄃𑄨, 𑄝𑄨𑄎𑄧𑄉𑄧𑄖𑄴 𑄣𑄬𑄊 𑄃𑄊𑄬, 𑄛𑄨𑄖𑄴𑄖𑄨𑄟𑄨𑄖𑄴 𑄘𑄨𑄠𑄚𑄴 𑄞𑄏𑄧𑄢𑄴 𑄣𑄢𑄬𑄠𑄧𑄖𑄴 𑄣𑄮 𑄘𑄨 𑄛𑄨𑄠𑄧𑄚𑄴।",Present
বাঁশটা বোর জন্য ব্যবহৃত হ,𑄝𑄋𑄴𑄣 𑄃 𑄝𑄨𑄌𑄴𑄌𑄪𑄚𑄧𑄛𑄳𑄢𑄨𑄠 𑄁𑄟𑄧𑄚𑄨𑄛𑄪𑄢𑄨।,Present
বাঁশের জঙ্গলের মধ্যে খোঁজ নিে খবর নেওা যা না,𑄝𑄋𑄴𑄣 𑄞𑄏𑄧𑄢𑄴 𑄣𑄢𑄬𑄃𑄨 𑄈𑄧𑄝𑄧𑄢𑄴 𑄃𑄟𑄨 𑄛𑄬𑄣𑄬𑄠𑄳𑄠𑄧 𑄝𑄨𑄌𑄴𑄌𑄪𑄚𑄧𑄛𑄳𑄢𑄨𑄠 𑄁𑄟𑄧𑄚𑄨𑄛𑄪𑄢𑄨 𑄞𑄏𑄧𑄢𑄴 𑄣𑄢𑄳𑄦𑄬𑄃𑄨 𑄈𑄧𑄝𑄧𑄢𑄴 𑄝𑄬𑄉𑄬 𑄚𑄧 𑄛𑄬𑄃𑄨।,Present
সে কেন যে কথা বলতেছে জানিনা,𑄥𑄨𑄖𑄴𑄖𑄬 𑄃𑄮𑄠𑄧𑄖𑄴 𑄥𑄬 𑄇𑄧𑄙 𑄇𑄳𑄦𑄨𑄪 𑄇𑄧𑄝𑄢𑄴 𑄌𑄋𑄧𑄢𑄴।,Present
আসা যাওা করার সম বাম হাত দিে বািে আসি,𑄃𑄥𑄟𑄴 𑄃 𑄖𑄨𑄝𑄨𑄢𑄬 𑄝𑄨𑄌𑄴𑄌𑄪𑄚𑄧𑄛𑄳𑄢𑄨𑄠 𑄁𑄟𑄧𑄚𑄨𑄛𑄪𑄢𑄨 𑄞𑄏𑄧𑄢𑄴 𑄙𑄨𑄋𑄨𑄢𑄨 𑄛𑄬𑄝𑄖𑄳𑄠 𑄷𑄿𑄻𑄻 𑄥𑄣𑄧𑄖𑄴 𑄝𑄨𑄌𑄴𑄌𑄪𑄚𑄧𑄛𑄳𑄢𑄨𑄠 𑄁𑄟𑄧𑄚𑄨𑄛𑄪𑄢𑄨।,Present
".আসা যাওা করিও না,আমরা আমাদের মা-বোনের জন্য লেখা পাঠাবো।","𑄃𑄟𑄧𑄣𑄴 𑄉𑄧𑄢𑄨, 𑄟𑄪𑄢𑄧𑄖𑄴 𑄛𑄧𑄢𑄨 𑄞𑄝𑄨 𑄌𑄧, 𑄝𑄁𑄣 𑄥𑄧𑄢𑄴𑄉𑄢𑄬 𑄇𑄨 𑄃𑄟𑄳𑄦𑄢𑄬 𑄞𑄢𑄨 𑄇𑄮𑄌𑄴𑄛𑄬𑄚𑄬𑄃𑄨 𑄃𑄬𑄌𑄳𑄠 𑄃𑄟𑄨 𑄃𑄟𑄳𑄦 𑄟-𑄞𑄌𑄴𑄍𑄮𑄃𑄨 𑄣𑄬𑄊 𑄥𑄨𑄊𑄨𑄝𑄢𑄴 𑄎𑄪 𑄛𑄬𑄃𑄨𑄢𑄴?",Future
বিভিন্ন চামা দিে আমাকে মা ভাত দিে দিতে হ,𑄚𑄚𑄚𑄴 𑄌𑄝𑄧𑄢𑄴 𑄇𑄢𑄧𑄚𑄬 𑄃𑄟𑄢𑄬 𑄟 𑄞𑄏𑄧𑄢𑄴 𑄝𑄧𑄃𑄨 𑄘𑄨 𑄛𑄢𑄴।,Present
সেকারণে আমরা বার বার একই কাজ করি,𑄥𑄨𑄖𑄴𑄖𑄬 𑄃𑄟𑄨 𑄝𑄢𑄴𑄝𑄋𑄚𑄬 𑄇𑄪𑄎𑄮𑄣𑄨 𑄉𑄧𑄢𑄨𑄢𑄴 𑄃𑄬 𑄎𑄪𑄝𑄱 𑄇𑄟𑄧𑄖𑄴 𑄣𑄉𑄬𑄃𑄨।,Present
"সে-এই সে-নিজের ভাই,নিজের লেখা,নিজের গিঁট","𑄖𑄬 “𑄃𑄬𑄡𑄧 𑄥𑄨𑄊𑄨- 𑄚𑄨𑄎𑄧 𑄞𑄌𑄴, 𑄚𑄨𑄎𑄧 𑄣𑄬𑄊, 𑄚𑄨𑄎𑄧 𑄉𑄨𑄖𑄴”।",Present
চাংমা জাতী মানুষ নাও একনাগাে,𑄌𑄋𑄴𑄟 𑄝𑄨𑄎𑄧𑄉𑄧𑄖𑄴 𑄎𑄧𑄚𑄧𑄟𑄴 𑄣𑄧𑄢𑄴 𑄃𑄬𑄇𑄴𑄇𑄮 𑄚𑄪𑄃𑄧 𑄎𑄖𑄴।,Present
.বিচ্ছেদের হাত দিে দেখা যা,𑄝𑄨𑄎𑄧𑄉𑄧𑄢𑄴 𑄟𑄎𑄢 𑄦𑄘𑄬𑄣𑄬 𑄘𑄬𑄊 𑄡𑄠𑄴।,Present
.পুরাতন আমল থেকে চলে আসতেছে ব ব গোষ্ঠী,𑄛𑄪𑄢𑄧𑄚𑄨 𑄃𑄟𑄧𑄣𑄧𑄖𑄴𑄖𑄪𑄚𑄴 𑄙𑄧𑄢𑄨 𑄌𑄧𑄣𑄨 𑄃𑄬𑄥𑄳𑄠𑄬 𑄝𑄢𑄴𑄝𑄮 𑄌𑄋𑄴𑄟 𑄎𑄖𑄴।,Present
মাথা না নো কোনো দিন,𑄟𑄙 𑄚𑄧 𑄣𑄧𑄋𑄚𑄴 𑄇𑄧𑄚𑄧 𑄘𑄨𑄚𑄴।,Present
জাতি বুঝ না বোঝে না এমন মানুষ,𑄎𑄖𑄴 𑄚𑄧 𑄝𑄪𑄏𑄨𑄣𑄇𑄴 𑄛𑄪𑄢𑄧𑄚𑄨 𑄇𑄣𑄧𑄢𑄴 𑄦𑄃𑄧𑄇𑄴𑄈𑄧𑄢𑄴 𑄟𑄚𑄪𑄌𑄴।,Present
. মুঘল আমল খাওা/খাওা করলে ধর্ম টিকতে পারে না,𑄟𑄪𑄊𑄧𑄣𑄴 𑄃𑄟𑄧𑄣𑄧𑄖𑄴 𑄈𑄀/𑄈𑄚𑄴 𑄃𑄪𑄛𑄘𑄨 𑄣𑄧𑄣𑄬𑄠𑄳𑄠𑄧 𑄙𑄧𑄢𑄴𑄟𑄧 𑄚𑄧 𑄉𑄧𑄎𑄬𑄃𑄨 𑄚𑄧 𑄛𑄢𑄧𑄚𑄴 𑄢𑄎/𑄝𑄘𑄴𑄥।,Present
"সে কারণে বেশি রাত হলে দেখা যা,বিালগুলো চামার সম ঘুমাতে যা না","𑄥𑄬 𑄎𑄬𑄢𑄬 𑄝𑄨𑄎𑄧𑄉𑄧𑄢𑄴 𑄣𑄬𑄃𑄨𑄇𑄴 𑄦𑄙𑄬𑄣𑄬 𑄘𑄬𑄊 𑄡𑄠𑄴, 𑄝𑄳𑄢𑄨𑄑𑄨𑄌𑄴𑄃𑄪𑄚𑄬 𑄌𑄋𑄴𑄟 𑄢𑄬𑄎𑄳𑄠𑄧𑄖𑄴 𑄥𑄧𑄟𑄬𑄝𑄢𑄴 𑄚𑄧 𑄘𑄬𑄚।",Present
দীর্ঘসূত্রিতা,𑄣𑄢𑄳𑄦𑄬𑄃𑄨 𑄉𑄧𑄢𑄨𑄣𑄇𑄴 𑄷𑄸 𑄝𑄧𑄏𑄧𑄢𑄴।,Present
কৃষিকাজ করতে করতে ক্লান্ত হে গেল তারা,𑄥𑄬𑄌𑄴𑄟𑄬𑄌𑄴 𑄣𑄢𑄳𑄦𑄬𑄠𑄧𑄖𑄴 𑄦𑄧𑄘𑄨 𑄉𑄬𑄣𑄇𑄴 𑄌𑄋𑄴𑄟𑄃𑄪𑄚𑄬।,Past
টাকা দিে বিে করতে হ,𑄟𑄚𑄨 𑄣𑄧𑄃𑄨 𑄛𑄬𑄣𑄇𑄴 𑄝𑄳𑄢𑄨𑄑𑄨𑄏𑄧𑄢𑄴 𑄥𑄥𑄧𑄚𑄴।,Present
.তারা দুই মাইলের মধ্যে কোনো শব্দ করল না,𑄖𑄢𑄢𑄴 𑄘𑄨𑄊𑄧𑄣𑄴 𑄥𑄥𑄧𑄚𑄧𑄖𑄴 𑄌𑄬𑄢𑄬𑄌𑄴𑄖𑄢𑄴 𑄇𑄧𑄚𑄧 𑄃𑄪𑄚𑄧 𑄚𑄧 𑄉𑄧𑄢𑄨𑄣𑄇𑄴।,Past
তাদের ধর্ম সহজে বদলাতে পারে না,𑄖𑄳𑄠𑄪𑄃𑄧 𑄉𑄧𑄎𑄬𑄃𑄨 𑄚𑄧 𑄛𑄢𑄧𑄚𑄴 𑄖𑄢 𑄙𑄧𑄢𑄴𑄟𑄧।,Present
তাদের ধর্ম চামা নেই,𑄉𑄧𑄎𑄨 𑄚𑄧 𑄣𑄧𑄣𑄇𑄴 𑄖𑄢𑄢𑄴 𑄙𑄧𑄢𑄴𑄟𑄧 𑄌𑄋𑄴𑄟𑄃𑄪𑄚𑄬।,Present
সে ধরনের আচরণ,𑄥𑄬 𑄎𑄬𑄢𑄬 𑄘𑄬𑄌𑄴𑄞𑄇𑄴।,Present
তার পরে জনম নেওা করল বাঙালি,𑄖𑄢𑄴 𑄎𑄬𑄢𑄬 𑄎𑄧𑄚𑄧𑄟𑄴 𑄣𑄧𑄣𑄧 𑄝𑄁𑄣𑄘𑄬𑄌𑄴।,Past
পাহাের চামা শুে থাকবো,𑄟𑄪𑄢𑄧𑄣𑄳𑄠 𑄌𑄘𑄨𑄉𑄋𑄧𑄖𑄴 𑄥𑄚𑄬𑄥𑄨𑄈𑄳𑄠𑄃𑄨 𑄃𑄇𑄴𑄟𑄧𑄣𑄨𑄟𑄴 𑄌𑄋𑄴𑄟𑄃𑄪𑄚𑄬।,Future
. উপরে হলো সব কিছু,𑄃𑄪𑄎𑄧𑄚𑄴𑄘𑄨 𑄦𑄧𑄣𑄇𑄴 𑄝𑄬𑄇𑄴 𑄇𑄨𑄗𑄳𑄠।,Present
মানুষরা এক জাতী মানুষ,𑄎𑄧𑄚𑄧𑄟𑄴 𑄣𑄧𑄣𑄇𑄴 𑄉𑄪𑄖𑄳𑄠𑄬𑄝𑄧𑄣 𑄟𑄚𑄪𑄌𑄴।,Present
দেশ জাতী গরীবদের নািতে জনম নেওা মানুষরা,𑄘𑄬𑄌𑄴 𑄎𑄖𑄴 𑄃𑄪𑄖𑄴𑄘𑄮𑄢𑄴 𑄉𑄧𑄢𑄨𑄝𑄢𑄴 𑄚𑄋𑄬 𑄎𑄧𑄚𑄧𑄟𑄴 𑄣𑄧𑄣𑄧 𑄝𑄧𑄣𑄨𑄝𑄧𑄚𑄴𑄘𑄧 𑄘𑄧𑄣𑄴।,Present
২৪ বছর পর্যন্ত জঙ্গলাকীর্ণ করে চেেছে,𑄸𑄺 𑄝𑄧𑄏𑄧𑄢𑄴 𑄥𑄧𑄁 𑄏𑄢𑄬 𑄏𑄢𑄬 𑄣𑄢𑄳𑄦𑄬𑄃𑄨 𑄉𑄧𑄢𑄨 𑄌𑄬𑄣𑄇𑄴।,Present
"কথা বলতে বলতে গলা বাঁকা হেছে, তার পরে গলা বাঁকা হলো","𑄇𑄧𑄙 𑄃𑄪𑄖𑄴𑄗𑄬 𑄇𑄧𑄙 𑄃𑄪𑄙𑄬, 𑄥𑄬 𑄎𑄬𑄢𑄬 𑄞𑄇𑄴 𑄦𑄧𑄣𑄇𑄴।",Past
ভাগ থেকে আরেক ভাগ,𑄞𑄉𑄧𑄖𑄴𑄖𑄪𑄚𑄴 𑄃𑄢𑄧 𑄞𑄇𑄴।,Present
উপরে এলো হিংসুটে প্যান্ট,𑄃𑄪𑄙𑄨 𑄃𑄬𑄣𑄧 𑄦𑄨𑄁𑄎𑄬 𑄛𑄨𑄎𑄪𑄟𑄴।,Past
মানুষরা বিচার দিে বিচার দে,𑄎𑄧𑄚𑄧𑄟𑄴 𑄣𑄧𑄣𑄧 𑄝𑄨𑄌𑄴 𑄘𑄬𑄊-𑄘𑄨!,Present
দেখে যার নিত্য খুনখুনি,𑄘𑄬𑄊 𑄡𑄢𑄴 𑄚𑄨𑄖𑄴𑄖𑄮 𑄈𑄪𑄚𑄧𑄈𑄪𑄚𑄨।,Present
.লবনাক্ত খাওা,𑄣𑄮 𑄣𑄧𑄃𑄨 𑄈𑄢?,Present
.এত কম খরচে এত ব মানুষ ধরিও না!,𑄃𑄬𑄚𑄴 𑄚𑄨𑄢𑄬𑄖𑄨𑄨𑄖𑄴𑄖𑄬 𑄃𑄧𑄇𑄴𑄖𑄧𑄖𑄴 𑄟𑄙𑄟𑄪𑄇𑄴 𑄙𑄧𑄢𑄨 𑄇𑄧𑄚𑄧 𑄃𑄪𑄝𑄧𑄠𑄴 𑄚𑄧 𑄘𑄬𑄃𑄨 𑄖𑄧𑄛𑄨𑄚𑄨𑄘𑄧𑄚𑄴!,Present
মেেগুলো তক্কে তক্কে যাচ্ছে,𑄟𑄨𑄣𑄬𑄃𑄪𑄚𑄴 𑄖𑄧𑄇𑄳𑄠𑄬 𑄝𑄧𑄣 𑄣𑄧𑄘𑄧𑄚𑄴।,Present
.এত কেন জাত উপরে তোলা?,𑄃𑄬 𑄃𑄚𑄴 𑄇𑄬𑄏𑄚𑄴 𑄎𑄖𑄴 𑄃𑄪𑄖𑄴𑄘𑄮𑄢𑄴 𑄉𑄧𑄢𑄚?,Present
আরও কিছু দিন পরে চামা থেকে মানুষ নিে যাওা যাবে,𑄃𑄢𑄴 𑄇𑄨𑄏𑄪𑄘𑄨𑄚𑄴 𑄎𑄬𑄢𑄬 𑄌𑄋𑄴𑄟 𑄎𑄘𑄧𑄖𑄴 𑄎𑄧𑄚𑄧𑄟𑄴 𑄣𑄳𑄦𑄧𑄢𑄴 𑄌𑄋𑄴𑄟 𑄟𑄪𑄎𑄪𑄢𑄴𑄟𑄚𑄴।,Future
"নাকটা লম্বা না লাগিে,দাঙ্গুলা না লাগিে এই বাচ্চাটা অনেক ব ব কথা বলতেছে","𑄚𑄚𑄪𑄣𑄧𑄇𑄴, 𑄘𑄋𑄴𑄉𑄪𑄣𑄧𑄇𑄴- 𑄇𑄧𑄙𑄚𑄴 𑄇𑄚𑄴𑄥𑄪𑄇𑄴 𑄚𑄧 𑄣𑄉𑄨𑄣𑄬𑄠𑄳𑄠𑄧 𑄃𑄟𑄧𑄣𑄴 𑄉𑄧𑄢𑄨 𑄇𑄧𑄃𑄨 𑄛𑄢𑄨 𑄃𑄬 𑄛𑄮𑄃𑄨𑄘𑄳𑄠𑄚𑄬 𑄡𑄪𑄚𑄨 𑄃𑄚𑄳𑄠𑄧 𑄎𑄧𑄘𑄧𑄢𑄴 𑄝𑄨𑄎𑄧𑄉𑄧𑄢𑄴 𑄟𑄎𑄢 𑄦𑄘𑄬𑄃𑄨 𑄌𑄬𑄃𑄨।",Present
বিালের তালে দুলে দুলে বিালের সিমগুলো পতেছে সে রাতে,𑄝𑄳𑄢𑄨𑄑𑄨𑄌𑄴 𑄃𑄟𑄧𑄣𑄧𑄖𑄴 𑄞𑄢𑄧𑄘𑄧𑄖𑄴 𑄟𑄧𑄕𑄨𑄛𑄪𑄢𑄴 𑄢𑄬𑄎𑄳𑄠𑄧 𑄘𑄧𑄋𑄧𑄣𑄴 𑄚𑄬𑄡𑄚𑄢𑄴 𑄎𑄬𑄢𑄬 𑄎𑄬𑄢𑄬 𑄝𑄳𑄢𑄨𑄑𑄨𑄏𑄧𑄢𑄴 𑄥𑄧𑄭𑄚𑄳𑄠𑄧 𑄛𑄓𑄟𑄴 𑄥𑄧𑄟𑄬𑄣𑄇𑄴 𑄥𑄬 𑄢𑄬𑄎𑄳𑄠𑄧𑄖𑄴।,Present
সে পাতা গুলো মেেকে নিে যাচ্ছে,𑄥𑄬 𑄛𑄓𑄟𑄴 𑄥𑄧𑄭𑄚𑄳𑄠𑄧𑄃𑄪𑄚𑄬 𑄣𑄧𑄣𑄇𑄴 𑄟𑄧𑄚𑄨𑄛𑄧𑄢𑄨 𑄟𑄨𑄣𑄬।,Present
. তার থেকে নািভুিটা ভালো হবে।,𑄥𑄨𑄖𑄴𑄖𑄪𑄚𑄴 𑄚𑄧𑄃𑄧 𑄉𑄧𑄢𑄨 𑄎𑄧𑄚𑄧𑄟𑄴 𑄦𑄧𑄣𑄧 𑄟𑄧𑄕𑄨𑄛𑄪𑄢𑄨 𑄟𑄪𑄎𑄪𑄟𑄚𑄴।,Future
তাদের পাহাি বলে,𑄖𑄢𑄢𑄬 𑄛𑄋𑄣𑄴 𑄇𑄧𑄚𑄴।,Present
সে পাহািটা মণিপুরে অনেক বেশি পাহািেছে,𑄥𑄬 𑄟𑄪𑄎𑄪𑄢𑄴𑄟𑄚𑄴 𑄟𑄧𑄕𑄨𑄛𑄪𑄢𑄨𑄃𑄪𑄚𑄬 𑄃𑄧𑄎𑄧𑄣𑄴 𑄟𑄧𑄕𑄨𑄛𑄪𑄢𑄨𑄃𑄪𑄚𑄧𑄢𑄬 𑄘𑄉𑄧𑄚𑄴 “𑄟𑄟𑄪”।,Present
সে বাদে এসে মলাটা শেষ করল,𑄥𑄬 𑄝𑄘𑄬 𑄃𑄥𑄟𑄧𑄖𑄴𑄠𑄳𑄠𑄧 𑄃𑄦𑄧𑄟𑄨𑄠 𑄟𑄪𑄎𑄪𑄟𑄚𑄴 𑄃𑄧𑄣𑄇𑄴।,Past
"আজকে আমরা ভে ভে মারামারি করি, খুন করে মানুষরা কোথা যাবে?","𑄃𑄨𑄢𑄪𑄇𑄴 𑄇𑄣𑄬 𑄃𑄟𑄨 𑄞𑄬𑄃𑄨𑄠𑄬 𑄞𑄬𑄃𑄨𑄠𑄬 𑄟𑄢𑄟𑄢𑄨, 𑄈𑄪𑄚𑄧𑄈𑄪𑄚𑄨 𑄉𑄧𑄢𑄨 𑄎𑄧𑄚𑄧𑄟𑄴 𑄘𑄨𑄢𑄴 𑄝𑄢𑄴𑄝𑄮 𑄌𑄋𑄴𑄟 𑄎𑄘𑄧𑄖𑄴 𑄚𑄪𑄃𑄧 𑄎𑄖𑄴?",Future
.মলা ভুলে গেলে চাকমাদের দুঃখ শেষ হনা,𑄟𑄪𑄢𑄧𑄖𑄴 𑄛𑄪𑄢𑄨 𑄞𑄝𑄨𑄣𑄬 𑄘𑄬𑄊 𑄡𑄠𑄴 𑄌𑄋𑄴𑄟 𑄎𑄘𑄧𑄢𑄴 𑄘𑄪𑄇𑄴 𑄜𑄪𑄢𑄬𑄝𑄢𑄴 𑄇𑄧𑄚𑄧 𑄃𑄨𑄁𑄉𑄨𑄖𑄴 𑄚𑄬𑄃𑄨,Present
১৯৪৭ সালে ভারত আর পাকিস্তান ভাগ হওার পর আমাদের চামা যে দুঃখ পেছে,𑄷𑄿𑄺𑄽 𑄥𑄣𑄧𑄖𑄴 𑄞𑄢𑄧𑄖𑄴 𑄃 𑄛𑄇𑄨𑄥𑄴𑄖𑄚𑄴 𑄞𑄇𑄴 𑄦𑄧𑄚𑄢𑄴 𑄎𑄬𑄢𑄬𑄖𑄴𑄖𑄪𑄚𑄴 𑄙𑄧𑄢𑄨 𑄃𑄟 𑄌𑄋𑄴𑄟 𑄎𑄘𑄧 𑄇𑄧𑄝𑄣𑄧𑄖𑄴 𑄡𑄬 𑄘𑄪𑄇𑄴 𑄣𑄬𑄝𑄬𑄘𑄳𑄠 𑄡𑄬𑄠𑄳𑄠।,Present
বার বার খেতে খেতে মনে হ সে রাতের বেলা কালো ঘুঙিে দৌাদৌি করে সে কালো ঘুঙিে হেঁটে যাচ্ছে,"𑄝𑄢𑄴𑄝𑄋𑄚𑄬 𑄡𑄬𑄙𑄧𑄇𑄴 𑄝𑄢𑄴 𑄃𑄬𑄇𑄴𑄈𑄚 𑄥𑄪𑄉𑄧𑄢𑄴 𑄛𑄳𑄦𑄧𑄢𑄴 𑄝𑄬𑄘 𑄘𑄳𑄠, 𑄥𑄬 𑄛𑄳𑄦𑄧𑄢𑄧𑄢𑄴 𑄈𑄬𑄝𑄬 𑄈𑄬𑄝𑄬 𑄟𑄢𑄬 𑄝𑄪𑄘𑄧𑄙𑄧 𑄙𑄳𑄠𑄚𑄴 𑄞𑄋𑄨 𑄘𑄨𑄝𑄖𑄳𑄠𑄃𑄨 𑄃𑄇𑄳𑄢𑄧𑄟𑄚𑄴 𑄉𑄧𑄌𑄴𑄍𑄬 𑄛𑄢 𑄇𑄣 𑄊𑄪𑄢𑄴𑄊𑄌𑄳𑄠 𑄃𑄚𑄴𑄙𑄢𑄬 𑄏𑄝𑄬𑄃𑄨 𑄥𑄬 𑄛𑄳𑄦𑄧𑄢𑄴 𑄦𑄏𑄨 𑄡𑄬𑄠𑄬𑄉𑄮𑄃𑄨 𑄌𑄧𑄣𑄧𑄚𑄴𑄘𑄨 𑄊𑄧𑄣𑄮𑄚𑄴𑄘𑄨𑄖𑄴।",Present
এক দিন একটা চিঠি আসলো ১৯৬৪ সালে,𑄃𑄬𑄇𑄴𑄘𑄨𑄚𑄴 𑄃𑄬𑄇𑄴𑄇𑄱 𑄃𑄧𑄇𑄴𑄖𑄧 𑄃𑄬𑄣𑄧 𑄷𑄿𑄼𑄺 𑄥𑄣𑄧𑄢𑄴 𑄝𑄧𑄢𑄴 𑄛𑄧𑄢𑄧𑄋𑄴 𑄎𑄬𑄢𑄬।,Past
".গ্রামের মানুষদের সবাই এই উনে কে কোথা যাবে,কে কোথা থাকবে","𑄎𑄘𑄧𑄢𑄴 𑄟𑄚𑄪𑄌𑄴𑄍𑄪𑄚𑄧𑄢𑄬 𑄝𑄬-𑄃𑄪𑄘𑄨𑄌𑄴 𑄃𑄧𑄃𑄨 𑄃𑄪𑄖𑄴𑄖𑄮𑄚𑄴 𑄇𑄧𑄚𑄬 𑄇𑄪𑄙𑄪 𑄡𑄬𑄝𑄇𑄴, 𑄇𑄧𑄚𑄬 𑄇𑄪𑄙𑄪 𑄗𑄬𑄝𑄇𑄴।",Future
এখানে ব ব আকাশ দেখা যা,𑄃𑄨𑄚𑄴𑄘𑄨 𑄝𑄧𑄢𑄴 𑄛𑄧𑄢𑄧𑄋𑄧𑄢𑄴 𑄘𑄬𑄌𑄴 𑄥𑄢𑄨 𑄡𑄬𑄝𑄢𑄴 𑄉𑄧𑄋𑄴।,Present
.উপরের দিকে বাবা-চাচারা জাগা খুঁজে পাচ্ছে না,𑄃𑄪𑄚𑄴𑄘𑄨 𑄃𑄨𑄖𑄴𑄖𑄮 𑄇𑄪𑄘𑄪𑄟 𑄃 𑄝𑄛𑄴 𑄘𑄘 𑄊𑄧𑄢𑄴𑄛𑄘 𑄎𑄉 𑄥𑄢𑄨 𑄚𑄧 𑄛𑄌𑄴𑄍𑄬 𑄟𑄬𑄠𑄳𑄠।,Present
"বোই-পুি, মা-ঝি, ভাই-বোনেরা এত ব হেছে তবুও মনের দুঃখ পেতেছে না","𑄝𑄝𑄬-𑄛𑄪𑄘𑄬, 𑄟-𑄏𑄨𑄠𑄬, 𑄞𑄬𑄃𑄨𑄠𑄬 𑄞𑄬𑄃𑄨𑄠𑄬, 𑄝𑄮𑄚𑄬 𑄝𑄮𑄚𑄬 𑄃𑄨𑄖𑄴𑄖𑄮𑄇𑄪𑄘𑄪𑄟𑄴 𑄜𑄢𑄧𑄇𑄴 𑄦𑄧𑄚𑄢𑄴 𑄘𑄬𑄊𑄬𑄃𑄨 𑄚𑄧 𑄛𑄌𑄴𑄍𑄬 𑄟𑄧𑄚𑄧 𑄘𑄪𑄇𑄴।",Present
". যারা দোলের পাশে থাকে, তাদের বািতে দুঃখ তো আসেই না, তারা শুধু পাহাের পাশে দুঃখ করে","𑄡𑄨𑄃𑄪𑄚𑄴 𑄘𑄬𑄌𑄴 𑄥𑄢𑄨 𑄡𑄨𑄠𑄮𑄚𑄴 𑄘𑄧 𑄡𑄨𑄠𑄮𑄚𑄴𑄘𑄮𑄃𑄨, 𑄖𑄢𑄢𑄴 𑄇𑄧𑄝𑄣𑄧𑄖𑄴 𑄘𑄪𑄇𑄴 𑄘𑄧 𑄃𑄬𑄣𑄬𑄠𑄳𑄠𑄧 𑄃𑄬𑄣𑄧 𑄃 𑄡𑄨𑄃𑄪𑄚𑄴 𑄊𑄧𑄢𑄴𑄛𑄘 𑄎𑄉 𑄟𑄬𑄠𑄳𑄠 𑄃𑄨𑄢𑄨 𑄚𑄧 𑄛𑄢𑄨 𑄃𑄨𑄢𑄪𑄇𑄴 𑄦𑄨𑄣𑄴 𑄌𑄘𑄨𑄉𑄋𑄧𑄖𑄴 𑄢𑄧𑄣𑄇𑄴 𑄖𑄢𑄢𑄴𑄠𑄳𑄠𑄧 𑄜𑄁 𑄦𑄧𑄣𑄧 𑄚𑄪𑄃𑄧 𑄉𑄧𑄢𑄨 𑄃𑄢𑄧 𑄘𑄪𑄇𑄴।",Present
নিজের ভে মাটিতে আর শেষ নেই এমন জীবন,𑄚𑄨𑄎𑄧 𑄞𑄨𑄘𑄬 𑄟𑄘𑄨 𑄝𑄎𑄬𑄃𑄨 𑄢𑄊𑄬𑄝𑄖𑄳𑄠𑄃𑄨 𑄣𑄢𑄳𑄦𑄬 𑄃𑄬𑄡𑄧 𑄗𑄪𑄟𑄴 𑄚𑄬𑄃𑄨 𑄘𑄪𑄉𑄧𑄢𑄴 𑄎𑄨𑄁𑄇𑄚𑄨।,Present
এই রকম করে অনেক বছর গেল,𑄃𑄬 𑄙𑄧𑄇𑄳𑄠𑄬 𑄉𑄧𑄢𑄨 𑄝𑄨𑄘𑄨 𑄉𑄬𑄣𑄇𑄴 𑄞𑄣𑄮𑄇𑄴𑄇𑄮 𑄝𑄧𑄏𑄧𑄢𑄴।,Past
লেংটি পে থাকল সব কিছু,𑄣𑄳𑄦𑄬𑄟𑄴 𑄛𑄧𑄢𑄨 𑄗𑄬𑄣𑄧 𑄎𑄖𑄴𑄖𑄮 𑄝𑄬𑄇𑄴 𑄇𑄨𑄗𑄳𑄠𑄘𑄨।,Past
সে বছর পরে খুব অন্ধকার হে একটা বই পে গেল,𑄥𑄬 𑄉𑄧𑄙𑄬𑄣𑄴 𑄝𑄧𑄏𑄧𑄢𑄴 𑄎𑄬𑄢𑄬 𑄃𑄧𑄊𑄪𑄢𑄴 𑄃𑄚𑄴𑄙𑄢𑄧𑄟𑄠𑄴 𑄎𑄪𑄟𑄴𑄟𑄧 𑄎𑄘𑄧 𑄃𑄨𑄙𑄪 𑄞𑄬𑄘 𑄘𑄨𑄣𑄴 𑄃𑄬𑄇𑄴𑄇𑄱 𑄝𑄮𑄟𑄴𑄝𑄢𑄴 𑄛𑄮𑄖𑄴𑄛𑄮𑄖𑄳𑄠 𑄍𑄧𑄘𑄧𑄇𑄴 𑄍𑄨𑄘𑄨।,Past
দৌাদৌি করে মানুষের নাাচাা করতে হ,𑄎𑄘𑄧𑄢𑄴 𑄘𑄧𑄢𑄧𑄟𑄧𑄢𑄧 “𑄟𑄪𑄢𑄴𑄈𑄟𑄴” 𑄙𑄧𑄇𑄴 𑄥𑄪𑄚𑄚𑄪 𑄟𑄚𑄧𑄝𑄬𑄚𑄴𑄘𑄳𑄢𑄧 𑄚𑄢𑄠𑄧𑄚𑄴 𑄣𑄢𑄴𑄟।,Present
স্বপ্ন দেখতেছি নদী থেকে পানি পার,𑄥𑄧𑄝𑄧𑄚𑄴 𑄘𑄬𑄊𑄬𑄣𑄧 𑄘𑄪𑄉𑄧𑄖𑄴𑄖𑄪𑄚𑄴 𑄥𑄧𑄢𑄚𑄴 𑄛𑄬𑄝𑄢𑄴।,Present
জাতিটা মনে করে নদী থেকে পানি বের করতে হলে এই বান্দাটা পারবে,𑄎𑄖𑄴𑄖𑄮𑄠𑄳𑄠𑄧 𑄟𑄧𑄚𑄬 𑄉𑄧𑄢𑄨𑄣𑄧 𑄦𑄧𑄠𑄴 𑄘𑄪𑄉𑄧𑄖𑄴𑄖𑄪𑄚𑄴 𑄥𑄧𑄢𑄚𑄴 𑄛𑄬𑄝𑄢𑄴 𑄦𑄧𑄣𑄬 𑄃𑄬 𑄝𑄧𑄚𑄴𑄘𑄝𑄱 𑄛𑄢𑄨𑄝𑄧𑄘𑄬।,Future
মনে হ সংসারটা শেষ হেছে/ছেলেটা কি টিক টিক করে ফুটলো,𑄌𑄨𑄘𑄬 𑄉𑄧𑄢𑄨𑄣𑄧 𑄦𑄧𑄠𑄴𑄘𑄧 𑄥𑄧𑄁𑄥𑄢𑄚𑄬 𑄏𑄪𑄙𑄮/𑄚𑄬𑄖 𑄇𑄨 𑄖𑄨𑄉𑄪𑄌𑄳𑄠 𑄃𑄧𑄞𑄬𑄘𑄧𑄢𑄴 𑄉𑄧𑄢𑄨 𑄜𑄪𑄘𑄧𑄠𑄴 𑄚𑄨𑄚।,Past
"ঝুি তো বিপদ ঘটিে, নিজে নিজে ঝুি দিে কথা বলে","𑄏𑄪𑄙𑄮 𑄘𑄧 𑄃𑄧𑄞𑄁𑄛𑄘𑄢𑄬, 𑄚𑄨𑄎𑄧𑄢𑄬 𑄚𑄨𑄎𑄬 𑄏𑄪𑄙𑄮 𑄇𑄮𑄠𑄬 𑄍𑄥𑄉𑄧𑄢𑄴।",Present
"মানুষরা পাহাের মতো দেখতে এক জাতী প্রেতের সাথে মিশিেছে,দেশটা ভালো হেছে আমাদের সাথে","𑄟𑄖𑄴𑄖𑄧𑄢𑄴, 𑄟𑄚𑄧𑄝𑄬𑄚𑄴𑄘𑄳𑄢𑄧 𑄚𑄢𑄠𑄧𑄚𑄴 𑄣𑄢𑄴𑄟 𑄙𑄧𑄇𑄳𑄠𑄬 𑄇𑄧𑄠𑄴𑄝𑄮 𑄎𑄖𑄴 𑄛𑄳𑄢𑄬𑄖𑄳𑄠𑄃𑄨 𑄥𑄪 𑄌𑄨𑄘𑄬 𑄉𑄧𑄢𑄨𑄠𑄬, 𑄘𑄬𑄌𑄴 𑄞𑄣𑄬𑄖𑄳𑄠 𑄏𑄪𑄙𑄮 𑄃𑄟𑄳𑄦 𑄎𑄘𑄧𑄖𑄴 𑄦𑄮𑄠𑄮𑄚𑄴।",Present
.মাটির নিচের কোন চেহারা আছে?,𑄟𑄖𑄴𑄖𑄧𑄢𑄴 𑄎𑄘𑄧𑄢𑄴 𑄇𑄧𑄚𑄴 𑄙𑄧𑄇𑄳𑄠𑄬 𑄃𑄬 𑄇𑄪𑄈𑄌𑄳𑄠𑄖𑄴?,Present
"আজকে তাকে হারিেছি,কিছুক্ষণ করে মনে হ","𑄃𑄨𑄇𑄴𑄇𑄬 𑄖𑄢𑄬𑄠𑄳𑄠𑄧 𑄦𑄢𑄬𑄣𑄧𑄁 𑄃𑄎𑄚𑄴𑄘𑄖𑄴, 𑄚𑄧 𑄟𑄇𑄴𑄇𑄬 𑄉𑄧𑄢𑄨 𑄟𑄧𑄚𑄬 𑄟𑄧 𑄇𑄧𑄣𑄬𑄠𑄳𑄠𑄧।",Present
"হোঁচট খেলো আরও একবার,ঝামেলা উঠে","𑄗𑄬𑄝𑄧𑄢𑄧𑄇𑄴 𑄈𑄬𑄣𑄧 𑄃𑄢𑄧 𑄃𑄬𑄇𑄴 𑄈𑄬𑄛𑄴, 𑄎𑄘𑄧𑄢𑄴 𑄃𑄪𑄎𑄮𑄚𑄨 𑄃𑄪𑄎𑄚।",Past
ওই উে আসা আঁধারের মধ্যে এক জাতী বেল গাছ,𑄃𑄧𑄃𑄨 𑄃𑄪𑄘𑄨𑄣𑄧 𑄃𑄚𑄴𑄙𑄢𑄴 𑄎𑄘𑄧𑄢𑄴 𑄃𑄪𑄘𑄧𑄚𑄴𑄘𑄨 𑄝𑄬𑄣𑄧 𑄃𑄉𑄌𑄴।,Present
.ছাবি আলো আলো দিে অনেক বছর কেটে গেছে।,𑄍𑄝𑄨 𑄢𑄧𑄣𑄧 𑄃𑄚𑄴𑄙𑄢𑄬 𑄣𑄢𑄴𑄟𑄢𑄴—𑄃𑄬𑄙𑄧𑄇𑄴 𑄝𑄧𑄏𑄧𑄢𑄧𑄢𑄴 𑄚𑄨𑄃𑄣𑄴𑄌𑄨 𑄈𑄘𑄪𑄚𑄨𑄣𑄮𑄃𑄨 𑄝𑄚𑄬𑄠𑄳𑄠 𑄎𑄘𑄧 𑄣𑄢𑄳𑄦𑄬𑄠𑄧𑄢𑄴 𑄉𑄧𑄙 𑄃𑄢𑄴𑄉𑄚𑄨।,Present
"অন্য দিনে জাত ভূতগুলো তো বোর মানুষ,আমাদের জাতী ভূতগুলো কথা বলতেছে","𑄃𑄢𑄴 𑄃𑄨𑄢𑄪𑄇𑄴 𑄘𑄨𑄚𑄧𑄖𑄴 𑄎𑄖𑄴 𑄛𑄳𑄢𑄬𑄖𑄳𑄠𑄃𑄨 𑄘𑄧 𑄝𑄬𑄉𑄮𑄘𑄮𑄃𑄨 𑄇𑄮𑄣𑄬𑄢𑄴 𑄟𑄖𑄴𑄖𑄧𑄢𑄴, 𑄃𑄟𑄳𑄦 𑄙𑄧𑄙𑄳𑄠𑄬 𑄎𑄖𑄴 𑄛𑄳𑄢𑄬𑄖𑄳𑄠𑄃𑄪𑄚𑄧𑄢𑄴 𑄇𑄧𑄙 𑄇𑄧𑄎𑄧𑄚𑄬 𑄥𑄪𑄚𑄧𑄘𑄧𑄚𑄴।",Present
"সংসারে মানুষ রাখার জন্য আর নিজের মতো করে থাকার জন্য এত ব মানুষ আছে, কত ব মানুষ আছে",𑄥𑄧𑄁𑄥𑄢𑄧𑄖𑄴 𑄎𑄖𑄴 𑄝𑄎𑄬𑄝𑄢𑄴 𑄃 𑄚𑄨𑄎𑄧 𑄃𑄧𑄊𑄧 𑄟𑄉𑄚 𑄛𑄬𑄝𑄢𑄴 𑄣𑄢𑄳𑄦𑄬𑄠𑄧𑄖𑄴 𑄟𑄚𑄪𑄌𑄴 𑄗𑄪𑄝𑄮 𑄉𑄧𑄢𑄧𑄘𑄬 𑄡𑄬𑄚𑄬𑄃𑄨 𑄘𑄧𑄢𑄧𑄟𑄧𑄢𑄧 𑄏𑄪𑄙𑄮𑄢𑄴 𑄡𑄬𑄙𑄧𑄇𑄳𑄠𑄬 𑄉𑄧𑄢𑄧𑄌𑄴 𑄃𑄊𑄬 𑄗𑄨𑄇𑄴 𑄥𑄬𑄙𑄧𑄇𑄳𑄠𑄬 𑄟𑄚𑄴𑄌𑄪𑄢𑄴 𑄟𑄧𑄚𑄧𑄖𑄴 𑄃𑄪𑄌𑄴𑄍𑄮𑄟𑄨 𑄖𑄪𑄣𑄨 𑄘𑄬𑄘𑄬𑄠𑄳𑄠𑄧 𑄇𑄧𑄠𑄬𑄇𑄴 𑄙𑄧𑄇𑄳𑄠𑄬 𑄇𑄝𑄨𑄣𑄴 𑄟𑄚𑄪𑄌𑄴 𑄉𑄧𑄢𑄧𑄌𑄴 𑄃𑄊𑄬।,Present
"যতগুলো লেলিে যাওা কাপ, গিে গিে ওঠা কাপ","𑄡𑄬𑄙𑄧𑄇𑄳𑄠𑄬 𑄣𑄬𑄊𑄨𑄠𑄳𑄠 𑄇𑄝𑄨𑄣𑄴, 𑄉𑄨𑄖𑄴 𑄉𑄬𑄃𑄨𑄠𑄳𑄠 𑄇𑄝𑄨𑄣𑄴 𑄃𑄨𑄃𑄪𑄚𑄴।",Present
"লেলিে যাওা কাপগুলো যতগুলো করে সেলাই করে মানুষরা একটা জাগা আসে, সেখান থেকে পাখানা করে মানুষরা একটি জাগা বসে আছে",𑄣𑄬𑄊𑄩𑄠𑄳𑄠 𑄇𑄝𑄨𑄣𑄴𑄃𑄪𑄚𑄬 𑄡𑄬𑄙𑄧𑄇𑄳𑄠𑄬 𑄉𑄧𑄢𑄨 𑄖𑄢𑄢𑄴 𑄣𑄬𑄊 𑄖𑄚𑄬 𑄖𑄚𑄨𑄚𑄬𑄠𑄴 𑄟𑄚𑄴𑄎𑄮𑄢𑄬 𑄃𑄬𑄇𑄴𑄈𑄚𑄴 𑄎𑄉𑄖𑄴 𑄃𑄚𑄨 𑄗𑄪𑄝𑄮 𑄉𑄧𑄢𑄨 𑄛𑄢𑄧𑄚𑄴 𑄗𑄨𑄇𑄴 𑄥𑄨𑄖𑄴𑄖𑄪𑄚𑄴 𑄏𑄘𑄨 𑄉𑄨𑄖𑄴 𑄉𑄬𑄃𑄨𑄠𑄳𑄠 𑄇𑄝𑄨𑄣𑄴𑄃𑄪𑄚𑄬 𑄉𑄨𑄘𑄧𑄢𑄴 𑄇𑄧𑄙 𑄃 𑄥𑄪𑄢𑄧𑄢𑄴 𑄟𑄬𑄠𑄳𑄠𑄃𑄨 𑄟𑄚𑄪𑄌𑄴 𑄗𑄪𑄝𑄮 𑄃𑄧𑄃𑄨 𑄃𑄬𑄇𑄴𑄈𑄚𑄴 𑄎𑄉𑄖𑄴 𑄎𑄙 𑄝𑄧𑄘𑄧𑄚𑄴।,Present
এখনকার দিনে গিে গিেছে তো ছিে,𑄃𑄨𑄢𑄪𑄇𑄴 𑄘𑄨𑄚𑄧𑄖𑄴 𑄉𑄨𑄖𑄴 𑄉𑄬𑄃𑄨𑄠𑄳𑄠 𑄘𑄧 𑄍𑄧𑄥𑄉𑄧𑄢𑄴।,Present
"সেই গিঁটে মানুষের প্রাণের কথা হেছে, তার গলা একটা গিঁট আছে","𑄟𑄖𑄴𑄖𑄧𑄢𑄴, 𑄥𑄬 𑄉𑄨𑄘𑄧𑄖𑄴 𑄟𑄚𑄴𑄎𑄮𑄢𑄴 𑄛𑄧𑄢𑄚𑄧𑄖𑄴 𑄜𑄪𑄘𑄬 𑄛𑄢 𑄉𑄨𑄘𑄮𑄢𑄴 𑄇𑄧𑄙 𑄃 𑄛𑄧𑄢𑄚𑄴 𑄦𑄉𑄧𑄣𑄴 𑄛𑄉𑄧𑄣𑄴 𑄃𑄧𑄃𑄨 𑄃𑄪𑄘𑄬 𑄛𑄢 𑄉𑄧𑄣 𑄢𑄧 𑄇𑄧𑄠𑄴𑄝𑄱 𑄉𑄨𑄘𑄧 𑄇𑄝𑄨𑄣𑄴 𑄃𑄊𑄧𑄚𑄴।",Present
আমার বাবা যে দুটি গিে শুনালো তার গলা অনেক কম দেখা যা,𑄟𑄧 𑄃𑄨𑄎𑄬𑄝𑄬 𑄡𑄬𑄘𑄪𑄇𑄴𑄇𑄮 𑄉𑄨𑄖𑄴 𑄥𑄪𑄚𑄴𑄚𑄮𑄁 𑄃 𑄉𑄨𑄘𑄮𑄢𑄴 𑄉𑄧𑄣 𑄘𑄬𑄇𑄴𑄈𑄮𑄁 𑄃𑄨𑄢𑄪𑄇𑄴 𑄘𑄨𑄚𑄧𑄢𑄴 𑄥𑄪𑄚𑄚𑄪 𑄥𑄧𑄟𑄴𑄞𑄪𑄣𑄣𑄴 𑄌𑄋𑄴𑄟 𑄙𑄧𑄇𑄴 𑄇𑄧𑄟𑄴𑄠𑄳𑄠𑄧 𑄘𑄬𑄊 𑄡𑄨𑄠𑄬।,Past
এত তার ভে এত ব কথা বলতেছে,𑄡𑄬𑄙𑄧𑄇𑄳𑄠𑄬 𑄖𑄢𑄴 𑄉𑄧𑄘𑄧𑄢𑄴 𑄇𑄧𑄙 𑄥𑄬𑄙𑄧𑄇𑄳𑄠𑄬 𑄖 𑄉𑄧𑄣𑄢𑄴 𑄢𑄧 𑄃 𑄉𑄧𑄌𑄴𑄌𑄢।,Present
".মানুষ,হাত দিে ভাত খাওার কথা এত ব ব করে বলতেছে যে,মানুষটা ব ব করে হামাগুি দিচ্ছে","𑄟𑄖𑄴𑄖𑄧𑄢𑄴, 𑄦𑄞𑄨𑄣𑄳𑄠𑄌𑄴 𑄈𑄬𑄝𑄢𑄴 𑄇𑄧𑄙 𑄡𑄬𑄙𑄧𑄇𑄳𑄠𑄬 𑄉𑄧𑄢𑄨 𑄎𑄘𑄧𑄢𑄴 𑄇𑄧𑄝𑄣𑄧 𑄇𑄇𑄳𑄠𑄬 𑄘𑄋𑄧𑄢𑄧𑄖𑄴𑄖𑄪𑄚𑄴 𑄘𑄋𑄧𑄢𑄴 𑄏𑄪𑄙𑄮 𑄟𑄚𑄧𑄝𑄬𑄚𑄴𑄘𑄳𑄢𑄧 𑄚𑄢𑄠𑄧𑄚𑄴 𑄣𑄢𑄴𑄟𑄢𑄬 𑄦𑄢𑄬𑄠𑄬𑄃𑄨।",Present
.তার থেকে একটা ঝুি ধরে চলে গেছে।,𑄥𑄨𑄖𑄴𑄪𑄚𑄴 𑄃𑄬𑄇𑄴𑄈𑄚 𑄏𑄪𑄙𑄮 𑄙𑄧𑄉𑄬 𑄃𑄢𑄘𑄬 𑄡𑄬𑄢𑄴 𑄥𑄪𑄚𑄚𑄪 𑄥𑄧𑄟𑄴𑄞𑄪𑄣𑄣𑄴 𑄌𑄋𑄴𑄟𑄢𑄬𑄠𑄳𑄠𑄧।,Present
"তার কেকটা যে দোল আছে, দোলটা একটু হলে মনে হ না সেই গিঁটটা","𑄖𑄢𑄴 𑄇𑄧𑄠𑄬𑄇𑄴𑄇𑄱 𑄡𑄬 𑄘𑄬𑄌𑄴 𑄇𑄮𑄌𑄴𑄛𑄨𑄠𑄬, 𑄘𑄬𑄌𑄴𑄛𑄳𑄢𑄬𑄖𑄳𑄠 𑄉𑄨𑄖𑄴 𑄃𑄢𑄧 𑄥𑄬 𑄣𑄧𑄉𑄬 𑄉𑄧𑄣 𑄢𑄧 𑄃𑄏 𑄉𑄧𑄢𑄧𑄁 𑄎𑄘𑄧𑄢𑄴 𑄗𑄚𑄴 𑄗𑄬𑄣𑄬 𑄥𑄬 𑄉𑄨𑄖𑄴𑄖𑄪𑄚𑄴 𑄥𑄪𑄚𑄴𑄚𑄮, 𑄥𑄣𑄬𑄚𑄴 𑄃𑄬𑄇𑄴𑄇 𑄦𑄧𑄣𑄬𑄠𑄳𑄠𑄧 𑄟𑄧𑄚𑄴 𑄚𑄧 𑄇𑄚𑄬 𑄥𑄬 𑄉𑄨𑄖𑄴 𑄥𑄪𑄚𑄨?",Present
বাবা-মা!,𑄬 𑄝𑄛𑄴-𑄞𑄬𑄃𑄨𑄣𑄧𑄇𑄴!,Present
উনা জাগা ঝগা করলো তাদেরকে আর ফিরতে হবে না,𑄫𑄨𑄃𑄪𑄚𑄴 𑄎𑄘𑄧𑄢𑄴 𑄏𑄪𑄙𑄮 𑄦𑄢𑄬𑄣𑄧𑄁 𑄖𑄢𑄢𑄬 𑄘𑄧 𑄃𑄢𑄴 𑄜𑄨𑄢𑄨 𑄛𑄬𑄝𑄢𑄴 𑄚𑄧𑄠𑄴।,Future
".মাছেদের পেট থেকে শুধু গন্ধ বের হ, আর তার জাতের ভূতটা,জাতের ভালোর জন্য তার গিঁটগুলো আলাদা করে রেখেছে।","𑄟𑄖𑄴𑄖𑄧𑄢𑄴 𑄡𑄢𑄬 𑄃𑄬𑄞𑄧 𑄛𑄬𑄝𑄢𑄴 𑄃𑄏 𑄃𑄊𑄬 𑄎𑄘𑄧𑄢𑄴 𑄖𑄧𑄛𑄴𑄛𑄬𑄖𑄴𑄪𑄚𑄴 𑄇𑄪𑄎𑄮𑄣𑄨 𑄉𑄧𑄢𑄨𑄚𑄴, 𑄃𑄢𑄴 𑄖 𑄎𑄖𑄴 𑄛𑄳𑄢𑄬𑄖𑄳𑄠𑄃𑄨, 𑄎𑄖𑄴 𑄞𑄣𑄬𑄘𑄨𑄖𑄳𑄠𑄃𑄨 𑄖 𑄉𑄨𑄘𑄮𑄢𑄴 𑄉𑄌𑄴𑄌𑄢𑄠𑄴 𑄘𑄉𑄨 𑄃𑄬𑄇𑄴𑄈𑄚𑄧𑄖𑄴 𑄗𑄪𑄝𑄮 𑄉𑄧𑄢𑄮𑄇𑄴𑄇𑄨 𑄃𑄬 𑄞𑄬𑄃𑄨𑄠𑄬 𑄞𑄬𑄃𑄨𑄠𑄬 𑄇𑄮𑄌𑄴𑄛𑄛𑄨 𑄚𑄬𑄃𑄨, 𑄚𑄬𑄃𑄨 𑄥𑄬𑄢𑄬𑄖𑄴𑄖 𑄌𑄋𑄴𑄟𑄃𑄪𑄚𑄧𑄢𑄬।",Present
খবরটা পাওার পর তার শরীরটা একটু কাঁপতেছে,𑄈𑄧𑄝𑄧𑄢𑄴 𑄛𑄁 𑄖𑄢𑄴 𑄃𑄨𑄢𑄪𑄇𑄴 𑄎𑄨𑄁𑄇𑄚𑄨𑄢𑄴 𑄥𑄧𑄟𑄧𑄠𑄧𑄢𑄴 𑄣𑄉𑄚𑄇𑄳𑄠𑄬𑄃𑄨 𑄃𑄬𑄇𑄴𑄇𑄚 𑄖𑄢𑄖𑄋𑄧𑄌𑄳𑄠 𑄃𑄧𑄞𑄧।,Present
সে না হলে চামা দিে হেঁটে যাওার সম পাহাে পাহাে হাত দিে হেঁটে যাওার জন্য পাহাের মাথা হাত দিে হেঁটে যাওার সম চামা দিে হেঁটে যাওার জন্য তেতো হাত দিে হেঁটে যাওার সমে পাহাে হাত দিে হেঁটে যাওার জন্য পাহাে হাত দিে হেঁটে যাওার সম পাহাে হেঁটে যেতে পারে না বলে তেতো হাতপাহা,𑄃 𑄚𑄧 𑄦𑄧𑄣𑄬 𑄌𑄋𑄴𑄟 𑄎𑄠𑄴𑄮 𑄝𑄢𑄴𑄦𑄋𑄚𑄬 𑄛𑄨𑄠𑄬 𑄦𑄖𑄳𑄠𑄢𑄚𑄨 𑄃𑄧𑄇𑄴𑄖𑄧 𑄟𑄧𑄎𑄨𑄟𑄴 𑄣𑄢𑄨 𑄚𑄧 𑄎𑄚𑄢𑄴 𑄇𑄢𑄧𑄚𑄬 𑄖𑄨𑄉𑄪𑄌𑄳𑄠 𑄙𑄪𑄚𑄴𑄘𑄪𑄇𑄴 𑄈𑄬𑄃𑄨𑄝𑄢𑄴 𑄃𑄧𑄇𑄴𑄖𑄧 𑄃𑄧𑄞𑄧-,Present
প্রতিদিন বোতে হ,𑄚𑄨𑄖𑄴𑄖𑄮 𑄝𑄬𑄢𑄳𑄦𑄬 𑄛𑄁।,Present
.অঞ্চল কি ভালো?,𑄃𑄧𑄚𑄴𑄥𑄪𑄢𑄴 𑄇𑄨 𑄉𑄧𑄟𑄴 𑄇𑄧𑄦𑄇𑄴 𑄟𑄚𑄴𑄌𑄳𑄠?,Present
কোন কথা শুনতে হ,𑄇𑄪 𑄇𑄧𑄙𑄃𑄮 𑄥𑄪𑄚𑄧 𑄛𑄧𑄢𑄬 𑄇𑄨𑄏𑄪।,Present
সে কি মন ভেঙে দিবে?,𑄥𑄬𑄚𑄬 𑄇𑄨 𑄟𑄧𑄚𑄴 𑄞𑄋𑄨𑄝𑄬 𑄘𑄪𑄊𑄬?,Future
.সে কেন এত চুপ করে থাকবে?,𑄥𑄨𑄠𑄚𑄴𑄘𑄮𑄃𑄨 𑄃𑄬𑄙𑄧𑄇𑄴𑄬 𑄗𑄬𑄝𑄬 𑄚𑄨𑄉𑄪𑄢𑄨?,Future
বেইনটা ধোা সেলাই করে দো,𑄝𑄬𑄚𑄳𑄠 𑄙𑄮𑄃𑄨 𑄘𑄳𑄠 𑄥𑄨𑄢𑄧 𑄛𑄨𑄚𑄠𑄬।,Present
তোমার আমি এত ব ব করে তাকিে থাকি,𑄖𑄧 𑄟𑄪𑄠𑄚𑄴 𑄎𑄪𑄚𑄨 𑄃𑄬𑄙𑄧𑄇𑄴𑄬 𑄍𑄬𑄃𑄨 𑄃𑄈𑄢-,Present
আমার জীবনে আরাম লাগে,𑄟𑄧 𑄎𑄨𑄁𑄇𑄚𑄨𑄖𑄴 𑄥𑄢𑄣𑄳𑄠 𑄣𑄉𑄬 𑄥𑄧𑄇𑄴𑄬!,Present
. লাফিে মাথা উঁচু করে দুইজনে,𑄜𑄣𑄬𑄬 𑄟𑄙 𑄃𑄪𑄎𑄪 𑄉𑄧𑄢𑄨 𑄝𑄎𑄨 𑄘𑄳𑄦𑄨𑄎𑄧𑄚𑄬।,Present
ও আলুটিলা মন তোমাকে ডাকতেছি,"𑄃𑄮 𑄃𑄣𑄪𑄑𑄨𑄣 𑄟𑄮𑄚𑄴 𑄖𑄧𑄢𑄬 𑄘𑄉𑄨 𑄇𑄧𑄋𑄴,",Present
কত ব মানুষ তুমি সম,𑄇𑄧𑄘𑄧 𑄇𑄨𑄎𑄪𑄢𑄴 𑄥𑄇𑄴𑄈𑄨 𑄖𑄪𑄭 𑄡𑄪𑄇𑄴 𑄡𑄪𑄇𑄴 𑄥𑄧𑄁।,Present
পেলে তুমি আমাকে একটুও ভুলে যা না,𑄛𑄬𑄣𑄬 𑄖𑄪𑄭 𑄃𑄟𑄢𑄬 𑄇𑄧𑄚𑄧 𑄇𑄨𑄖𑄳𑄠𑄬𑄖𑄴 𑄚𑄧 𑄡𑄌𑄴।,Present
কোন আঝা মানুষ মারা গেল,"𑄇𑄧𑄚𑄴 𑄃𑄏𑄠𑄴 𑄉𑄧𑄢𑄧𑄢𑄴 𑄟𑄚𑄪𑄌𑄴 𑄎𑄢𑄧𑄖𑄴 𑄉𑄬𑄣𑄇𑄴,",Past
"কি আপ্যান আসলো, কি পেল?","𑄇𑄨 𑄃𑄏 𑄃𑄬𑄣𑄧 𑄇𑄨 𑄃𑄧𑄣𑄧, 𑄃 𑄇𑄨 𑄛𑄬𑄣𑄇𑄴?",Past
যখন কোনো কিছু আসলো না তখন শুধু সুখ,"𑄡𑄬𑄇𑄴𑄬 𑄇𑄧𑄚𑄧 𑄇𑄨𑄌𑄴𑄍𑄪 𑄚𑄧 𑄃𑄬𑄣𑄧 𑄇𑄨𑄘𑄨𑄇𑄳𑄠𑄬𑄚𑄴 𑄥𑄪𑄇𑄴,",Past
এখনকার মতো আগে তো শুধু দুঃখ,𑄃𑄨𑄇𑄴𑄬 𑄃𑄬𑄘𑄧𑄇𑄴 𑄃𑄉𑄬 𑄖𑄮𑄠 𑄝𑄚 𑄝𑄚 𑄘𑄪𑄇𑄴।,Present
"বাির দোল আছে,কলম নেই","𑄊𑄧𑄢𑄴 𑄘𑄮𑄢𑄴 𑄃𑄬𑄌𑄳𑄠 𑄃𑄊𑄬, 𑄇𑄬𑄣𑄳𑄠 𑄚𑄬𑄭,",Present
কী এইদিক?,𑄇𑄨𑄖𑄳𑄠𑄬𑄃𑄨 𑄃𑄨𑄘𑄨𑄇𑄳𑄠𑄬𑄚𑄴?,Present
".ও-বামা ভালো,আমরা একটু চিন্তা করি","𑄃𑄮-𑄝𑄛𑄴 𑄞𑄬𑄭𑄣𑄧𑄇𑄴, 𑄃𑄟𑄨 𑄃𑄬𑄇𑄴𑄇 𑄞𑄝𑄨 𑄌𑄬𑄭,",Present
ভে ভে বন্ধু নেই যেখানে সেখানে মারামারি,𑄞𑄬𑄭𑄠𑄬 𑄞𑄬𑄭𑄠𑄬 𑄥𑄧𑄋𑄴 𑄚𑄬𑄭 𑄡𑄨𑄠𑄪𑄖𑄴 𑄥𑄨𑄠𑄪𑄖𑄴 𑄇𑄟𑄢-𑄇𑄟𑄢𑄨,Present
বারে বসার সম একজন বসে আছেন।,𑄝𑄢𑄬 𑄞𑄨𑄘𑄨𑄢𑄬 𑄃𑄬𑄇𑄴𑄪𑄃𑄨 𑄗𑄬𑄠𑄴𑄘𑄬𑄠𑄴 𑄥𑄧𑄟𑄢𑄬-𑄥𑄧𑄟𑄮𑄢𑄨।,Present
একটা সীলের নিচে একটা কাঁকার বেগ ব আছে,"𑄃𑄬𑄇𑄴𑄮 𑄥𑄨𑄣𑄧𑄖𑄴 𑄖𑄧𑄣𑄬 𑄃𑄬𑄇𑄴𑄮 𑄇𑄋𑄢 𑄝𑄬𑄉𑄧 𑄘𑄋𑄧𑄢𑄴 𑄟𑄪𑄭,",Present
"তার উপরে সে রাজা,ঘুরতে ঘুিে রাজা বলে","𑄖 𑄃𑄪𑄉𑄪𑄢𑄬 𑄖𑄬 𑄢𑄎, 𑄊𑄪 𑄃𑄪𑄉𑄪𑄢𑄬 𑄟𑄎𑄨 𑄢𑄎 𑄇𑄧𑄚𑄴 𑄖𑄪𑄭।",Present
"বাবা-মা, ব-ছোট চিনে না","𑄟𑄠𑄴-𑄟𑄪𑄢𑄪𑄝𑄴𑄨, 𑄘𑄋𑄧𑄢𑄴-𑄌𑄨𑄉𑄮𑄚𑄴 𑄚𑄧 𑄌𑄨𑄚𑄨 𑄚𑄧 𑄟𑄚𑄨,",Present
ব ব দেখলে ছোট বাচ্চাটাকে আর দেখতে হ না,𑄘𑄋𑄧𑄢𑄴 𑄃𑄧𑄘𑄧 𑄌𑄬𑄣𑄬 𑄌𑄨𑄉𑄮𑄚𑄴 𑄤𑄛𑄧𑄢𑄬 𑄃𑄬𑄎𑄮 𑄚𑄧 𑄥𑄨𑄉𑄨।,Present
".তিননাগাে বাি,সুগন্ধিতে ভরলো","𑄖𑄨𑄚𑄴𑄮 𑄈𑄬𑄘𑄇𑄴 𑄖𑄪𑄉𑄧 𑄃𑄪𑄉𑄪𑄢𑄬 𑄊𑄧𑄢𑄴, 𑄥𑄪𑄇𑄴-𑄥𑄚𑄴𑄖𑄨𑄖𑄴 𑄃𑄬𑄣𑄧 𑄞𑄧𑄢𑄴,",Past
"এখন দোল ঘর, তোাকা অনেক ভ","𑄃𑄨𑄇𑄴𑄬 𑄘𑄣𑄚𑄴 𑄇𑄮𑄒, 𑄖𑄮𑄠𑄇𑄨𑄠 𑄃𑄬𑄘𑄧𑄇𑄴 𑄘𑄧𑄢𑄴।",Present
পিনন খাদি পরিধান করে রাত কাটানো যা না,𑄛𑄨𑄚𑄮𑄚𑄴 𑄈𑄘𑄨 𑄛𑄨𑄚𑄨 𑄚𑄧 𑄛𑄁 𑄢𑄘𑄧 𑄇𑄣𑄳𑄠 𑄘𑄨𑄚𑄧𑄖𑄴,Present
"লজ্জাবতী লতা, লজ্জাবতী লতা",𑄣𑄎𑄬 𑄥𑄧𑄢𑄧𑄟𑄬 𑄗𑄬𑄣𑄬𑄃𑄮 𑄚𑄧 𑄃𑄢𑄁 𑄃𑄨𑄎𑄴𑄧𑄖𑄴।,Present
.রাঙাখাদি পানি বেছে এখন চোখে পে,𑄢𑄋𑄈𑄘𑄨 𑄎𑄧𑄣𑄴𑄎𑄧𑄣𑄳𑄠 𑄃𑄨𑄇𑄴𑄬 𑄇𑄝𑄧𑄢𑄬 𑄌𑄮𑄝𑄧𑄢𑄬 𑄝𑄬𑄃𑄨𑄎𑄴𑄧𑄖𑄴,Present
টাকা পে পে তোমার সাথে দেখা হ না,𑄖𑄬𑄋 𑄛𑄧𑄠𑄴𑄎𑄬 𑄏𑄧𑄣𑄴𑄧𑄛𑄧𑄣𑄴𑄧 𑄖𑄮𑄠 𑄚𑄬𑄭 𑄥𑄪𑄉𑄧𑄖𑄴।,Present
পাহাের নিচ থেকে পানি বের হেছে নাকি?,𑄥𑄚𑄴𑄖𑄨 𑄃𑄧𑄝𑄢𑄴 𑄣𑄠𑄴 𑄥𑄚𑄴𑄖𑄨𑄌𑄪𑄇𑄴𑄖 𑄦𑄧𑄠𑄬𑄚𑄨 𑄝𑄥𑄴𑄖𑄧𑄝𑄠𑄧𑄚𑄴?,Present
"দুইটা জিনিস পতে পারছি না,পেবংনি আর শাক","𑄘𑄨𑄠𑄬 𑄎𑄨𑄚𑄨𑄥𑄴 𑄚𑄧 𑄛𑄬𑄢𑄴, 𑄛𑄬𑄝𑄧𑄁𑄚𑄨 𑄃𑄢𑄧 𑄥𑄠𑄧𑄖𑄴𑄧 𑄥𑄥𑄧𑄚𑄴।",Present
যা দে তার থেকে বেশি উঠতে হ,"𑄡 𑄘𑄬𑄢𑄴 𑄥𑄨𑄖𑄴𑄪𑄚𑄴 𑄝𑄬𑄌𑄴 𑄃𑄪𑄎𑄮𑄣𑄴 𑄉𑄧𑄢𑄬,",Present
বুদ্ধির লোপ পেলে লেজে ধরে না,𑄝𑄪𑄘𑄴𑄙𑄨 𑄈𑄣𑄛𑄴 𑄈𑄣𑄛𑄴 𑄣𑄬𑄎𑄧𑄖𑄴 𑄚𑄧 𑄙𑄧𑄢𑄨 𑄛𑄬𑄎𑄧𑄖𑄴 𑄙𑄧𑄢𑄬।,Present
"নিজের জাগা, নিজের বাি হলেও কান্না করতেছে","𑄚𑄨𑄎𑄧 𑄎𑄉, 𑄚𑄨𑄎𑄧 𑄊𑄧𑄢𑄴 𑄦𑄧𑄣𑄬𑄃𑄮 𑄇𑄘𑄬𑄖𑄳𑄠𑄭 𑄛𑄧𑄢𑄴𑄝𑄎𑄳𑄠 𑄎𑄨𑄁𑄇𑄚𑄨।",Present
.কুটি খেে থাকলে আমার দুঃখগুলো লেখা হ,𑄇𑄪𑄚𑄴𑄘𑄨 𑄗𑄬𑄣𑄬 𑄥𑄚𑄴𑄖𑄨 𑄃𑄧𑄝𑄧 𑄣𑄬𑄊𑄧𑄋𑄧𑄢𑄴 𑄟𑄧𑄢𑄴 𑄘𑄪𑄉𑄧 𑄇𑄧𑄙𑄚𑄨।,Present
"পাের নিচে নরম মাটি, পাের নিচে নরম মাটি","𑄗𑄬𑄋𑄧𑄖𑄴 𑄖𑄧𑄣𑄬 𑄥𑄧𑄌𑄴 𑄟𑄘𑄨, 𑄟𑄙𑄃𑄪𑄪𑄉𑄪𑄢𑄬 𑄚𑄬𑄭 𑄍𑄝,",Present
.নিচে এত ভ পেছে কেউই পারে না,"𑄚𑄨𑄖𑄨 𑄃 𑄘𑄧𑄢𑄴 𑄥𑄧𑄝𑄧𑄎𑄧𑄁𑄃𑄧𑄠𑄴 𑄚𑄧 𑄛𑄢𑄨𑄢𑄴 𑄇𑄬𑄃𑄪𑄃𑄨 𑄚𑄬𑄖,",Present
.নাা-নাা সব টাকা পতেছে,𑄚𑄳𑄠𑄠𑄴-𑄃𑄧𑄚𑄳𑄠𑄠𑄧 𑄝𑄨𑄌𑄢𑄴 𑄝𑄬𑄇𑄴 𑄖𑄬𑄋 𑄛𑄧𑄠𑄴𑄎𑄬𑄢𑄴 𑄇𑄢𑄴𑄝𑄢𑄴।,Present
যার ভাগ পরে তার পৃথিবীটা আা,𑄡𑄢𑄴 𑄞𑄉𑄧𑄖𑄴 𑄛𑄧𑄢𑄬 𑄖𑄢𑄴 𑄛𑄨𑄖𑄴𑄗𑄨𑄟𑄨𑄃𑄚𑄴 𑄃𑄚𑄴𑄘𑄢𑄴।,Present
তোমাকে আমি অনেক সম্পত্তি দিতে পারি,𑄖𑄧𑄢𑄬 𑄛𑄢𑄨 𑄇𑄧𑄘𑄧 𑄥𑄧𑄠𑄴-𑄥𑄧𑄟𑄴𑄛𑄧𑄖𑄴𑄨 𑄃𑄢𑄧 𑄛𑄢𑄴।,Present
চোখ বন্ধ করে আর কি আছে,𑄌𑄮𑄇𑄴 𑄟𑄪 𑄗𑄬𑄚𑄬𑄃𑄨 𑄃𑄮 𑄚𑄬𑄭 𑄇𑄨 𑄉𑄧𑄢𑄨𑄝𑄬 𑄃𑄢𑄴।,Present
সে সম নেই মত্তদের সাথে মারামারি করার,𑄥𑄬𑄘𑄟𑄴 𑄚𑄬𑄭 𑄟𑄧𑄖𑄴𑄪𑄚𑄴𑄠𑄳𑄠𑄧 𑄇𑄢𑄨 𑄢𑄉𑄬𑄝𑄢𑄴।,Present
এক জাতী সাপ দেখতে পারা যা না,𑄝𑄮𑄝𑄠𑄴 𑄥𑄧𑄝𑄧𑄚𑄴 𑄘𑄬𑄊𑄬 𑄛𑄢 𑄚𑄧 𑄛𑄢𑄬 𑄝𑄪𑄏𑄬𑄝𑄢𑄴।,Present
কত আর চুপ করে থাকবে মাটি না বলে?,𑄇𑄧𑄘𑄧𑄇𑄴 𑄃𑄢𑄴 𑄗𑄬𑄝𑄬 𑄚𑄧 𑄟𑄘𑄨 𑄚𑄧 𑄝𑄪𑄣𑄨 𑄌𑄪𑄛𑄴 𑄉𑄧𑄢𑄨?,Future
"জেগে উঠো,উঠা যাওা যা","𑄎𑄉𑄨 𑄖𑄪𑄣𑄧, 𑄃𑄪𑄌𑄴𑄉𑄢𑄴 𑄉𑄧𑄢𑄧 𑄎𑄮𑄉𑄢𑄴 𑄛𑄢𑄨𑄛𑄢𑄨।",Present
অনেক দিন যার শুকিেরা আসতেছে,"𑄡𑄬𑄘𑄧𑄇𑄴 𑄘𑄨𑄚𑄴 𑄡𑄢𑄴 𑄥𑄪𑄉𑄪𑄚𑄴 𑄃𑄬𑄖𑄴𑄗𑄧𑄚𑄴 𑄃𑄪𑄢𑄨𑄃𑄪𑄢𑄨,",Present
কোণাকোণি ভরে গেল গোদা খাগা,𑄇𑄮𑄚𑄇𑄮𑄚𑄨 𑄞𑄧𑄢𑄨 𑄉𑄬𑄣𑄧𑄉𑄮𑄠𑄴 𑄉𑄮𑄘 𑄈𑄉𑄢𑄍𑄪𑄢𑄨।,Past
১. তামাক ২. তামাকের কাপ,𑄝𑄃𑄪𑄚𑄴𑄚𑄧 - 𑄸𑄷,Present
.সুগন্ধি সুগন্ধযুক্ত চামা,𑄥𑄪𑄚𑄚𑄪 𑄃𑄚𑄧𑄚𑄴𑄘𑄧 𑄟𑄮𑄦𑄧𑄚𑄴 𑄌𑄋𑄴𑄟,Present
পাকিস্তান শাকের গোা,𑄛𑄇𑄨𑄥𑄴𑄖𑄚𑄧𑄢𑄴 𑄥𑄥𑄧𑄇𑄴 𑄉𑄪𑄖𑄴𑄖𑄨𑄠𑄬,Present
গরুটা ঠিক থাক,"𑄉𑄮𑄌𑄳𑄠𑄚𑄴 𑄗𑄨𑄇𑄴 𑄗𑄇𑄴,",Present
এই দেশের মানুষের কথা-বার্তা,𑄃𑄬 𑄘𑄬𑄏𑄧𑄢𑄴 𑄟 𑄇𑄧𑄙-𑄟 𑄞𑄌𑄴,Present
তাদের দল নেওা,𑄖𑄢 𑄇𑄢𑄨 𑄣𑄧𑄝𑄇𑄴।,Present
বিভিন্ন ধরনের তরকারি আছে,𑄚𑄚𑄚𑄴 𑄙𑄧𑄇𑄳𑄠𑄬 𑄖𑄧𑄌𑄳𑄠 𑄃,Present
বুোটা আছে আছে,𑄝𑄪𑄚𑄴𑄘𑄪𑄉𑄮𑄢𑄴 𑄃𑄝𑄎𑄧𑄖𑄴,Present
মনে হ এই দেশের মানুষরা,"𑄟𑄧𑄚𑄬 𑄉𑄧𑄌𑄳𑄠𑄚𑄴, 𑄃𑄬 𑄘𑄬𑄏𑄧𑄢𑄴 𑄟𑄚𑄬𑄠𑄪𑄚𑄴",Present
এগুলো পরিষ্কার করার পদ,𑄃𑄨𑄠𑄚𑄨 𑄘𑄧𑄋𑄬𑄝𑄢𑄴 𑄛𑄧𑄘𑄴।,Present
আসা যাওা বাচ্চা একদিন আসলো,𑄃𑄬𑄡𑄚𑄳𑄠 𑄉𑄪𑄢𑄨 𑄃𑄬𑄇𑄴𑄘𑄨𑄚𑄴 𑄃𑄬𑄣𑄧,Past
এক জাতী মাশরুম,𑄝𑄃𑄪𑄚𑄴𑄚𑄧 𑄃𑄬𑄉𑄮𑄌𑄴 𑄜𑄬𑄝𑄳𑄢𑄧𑄠𑄢𑄨,Present
.মার ভাই-বোনের কথা লুকাে সারাদিন,𑄟𑄢𑄴 𑄞𑄌𑄴-𑄟 𑄇𑄧𑄙 𑄣𑄪𑄉𑄬𑄃𑄨 𑄘𑄨𑄝𑄖𑄳𑄠𑄃𑄨,Present
গালি বিশেষ,𑄉𑄧𑄣𑄳𑄠𑄇𑄴 𑄷𑄺𑄺 𑄙𑄢 𑄎𑄢𑄨।,Present
এই দেশের মানুষরা এই দেশের মানুষরা,𑄃𑄬𑄃𑄨𑄚𑄴 𑄞𑄋𑄨𑄣𑄇𑄴 𑄃𑄬 𑄘𑄬𑄏𑄧𑄢𑄴 𑄟𑄚𑄬𑄠𑄪𑄚𑄬,Present
. গুরুং গুরুং বুো বাতাস আসছে,"𑄉𑄪𑄢𑄪𑄁 𑄉𑄪𑄢𑄪𑄁 𑄝𑄪𑄚𑄴𑄘𑄪𑄉𑄮𑄢𑄴 𑄃𑄝𑄎𑄧𑄖𑄴,",Present
.মা ভে আবার প্রাণ দিল,𑄟 𑄞𑄏𑄧𑄖𑄳𑄠𑄃𑄨 𑄃𑄎𑄨 𑄃𑄎𑄨 𑄛𑄧𑄢𑄚𑄴 𑄘𑄨𑄣𑄇𑄴,Past
"রফিক, সফিক, সালাম, জবরদস্ত","𑄢𑄧𑄜𑄨𑄇𑄴, 𑄥𑄧𑄜𑄨𑄇𑄴, 𑄥𑄣𑄟𑄴, 𑄎𑄧𑄝𑄴𑄝𑄧𑄢𑄴 𑄃 𑄝𑄧𑄢𑄴𑄇𑄧𑄖𑄴।",Present
চাল দো তাদের বরবাদ হ না,𑄣𑄮 𑄘𑄬𑄚 𑄖𑄢𑄢𑄴 𑄝𑄧𑄢𑄴𑄝𑄘𑄴 𑄚𑄧 𑄡𑄠𑄴,Present
"আরও,কোনো দিন যাবে না","𑄃𑄢𑄴, 𑄚𑄧 𑄡𑄬𑄝𑄧 𑄇𑄧𑄚𑄧 𑄘𑄨𑄚𑄴,",Future
তাদের পা পে গেছি আমরা,𑄖𑄢𑄢𑄴 𑄛𑄮𑄃𑄨𑄘𑄳𑄠𑄚𑄬 𑄛𑄬𑄠𑄬𑄃𑄨 𑄃𑄟𑄨,Present
এক জাতী মাছ ধরার দিন,𑄃𑄚𑄴𑄖𑄧𑄢𑄴𑄎𑄖𑄨𑄇𑄴 𑄟 𑄞𑄏𑄧𑄢𑄴 𑄘𑄨𑄚𑄴।,Present
মনের দুঃখ কথা,𑄟𑄧𑄚𑄧𑄢𑄴 𑄘𑄪𑄇𑄴 𑄇𑄧𑄙,Present
সুঁচালো চামা,𑄥𑄪𑄚𑄚𑄪 𑄛𑄳𑄢𑄧𑄉𑄧𑄖𑄨 𑄌𑄋𑄴𑄟,Present
.আমি বেশি ভালো নেই ভাই-বোনের লক্ষী,𑄟𑄪𑄃𑄨 𑄝𑄬𑄌𑄴 𑄉𑄧𑄟𑄴 𑄚𑄬𑄃𑄨 𑄞𑄬𑄃𑄨 𑄝𑄮𑄚𑄴 𑄣𑄧𑄇𑄴,Present
শুধু মনে চিন্তা করে থাকে,𑄝𑄚 𑄟𑄧𑄚𑄧𑄖𑄴 𑄌𑄨𑄘𑄬 𑄗𑄠𑄴,Present
কোথা যাবো জানিনা,𑄇𑄪𑄙𑄪 𑄡𑄬𑄟𑄴 𑄦𑄬𑄋𑄪𑄢𑄨 𑄗𑄬𑄟𑄴 𑄇𑄪𑄣𑄴 𑄚𑄧 𑄛𑄋𑄧𑄢𑄴।,Future
সম আলোচনা করলে সম নাই এমন চেহারা,𑄥𑄧𑄟𑄢𑄴 𑄖𑄮𑄉𑄬𑄣𑄬 𑄥𑄧𑄟𑄢𑄴 𑄚𑄬𑄃𑄨𑄘𑄬 𑄙𑄧𑄇𑄴,Present
কাজ করতে শক্তি নেই,"𑄇𑄟𑄧 𑄇𑄧𑄢𑄧𑄎𑄬 𑄝𑄧𑄣𑄴 𑄚𑄬𑄃𑄨𑄘𑄬 𑄥𑄚𑄴,",Present
.যেগুলো চামা দিে দেখা যা,𑄡𑄨𑄚𑄴𑄚𑄨 𑄌𑄋𑄴 𑄥𑄨𑄚𑄴𑄚𑄨 𑄟𑄪𑄃𑄨 𑄝𑄚 𑄘𑄬𑄊𑄧𑄋𑄴,Present
সবাই মার খাওা,𑄃𑄨𑄚𑄴𑄚𑄨 𑄃𑄪𑄚𑄴𑄚𑄨 𑄝𑄬𑄇𑄴𑄇𑄪𑄚𑄬 𑄟𑄬𑄢𑄴 𑄈𑄚𑄴।,Present
এক জাতী পাখি,𑄍𑄨𑄖𑄴𑄖𑄨𑄢𑄨𑄁 𑄛𑄖𑄴𑄖𑄢𑄁 𑄟𑄧 𑄎𑄖𑄴 𑄞𑄬𑄃𑄨,Present
মাটিতে পে থাকে,"𑄘𑄬𑄏𑄧𑄖𑄴 𑄝𑄨𑄘𑄬𑄏𑄧𑄖𑄴 𑄛𑄧𑄢𑄨 𑄗𑄚𑄴,",Present
".কারো খবর নেই,বলবান নেই","𑄇𑄢𑄧𑄣𑄮𑄃𑄨 𑄈𑄧𑄝𑄧𑄢 𑄈𑄧𑄝𑄧𑄢𑄴, 𑄝𑄧𑄣𑄝𑄧𑄣𑄴 𑄚𑄬𑄃𑄨",Present
কারো লাগতে কেউ পাওা যা না,𑄇𑄢𑄮 𑄣𑄉𑄧𑄖𑄴 𑄇𑄬𑄃𑄪𑄃𑄨 𑄚𑄧 𑄛𑄚𑄴।,Present
"নেই জাগা, বেঁচে থাকার আশা","𑄚𑄬𑄃𑄨 𑄎𑄉, 𑄝𑄎𑄨 𑄡𑄬𑄝𑄢𑄴 𑄃𑄧𑄙𑄨𑄉𑄢𑄴",Present
"নেই রিসটা,হওা পাওা","𑄚𑄬𑄃𑄨 𑄢𑄨𑄘𑄨𑄥𑄪𑄘𑄧𑄟𑄴, 𑄦𑄮𑄌𑄴 𑄛 𑄛𑄨,",Present
"তাকে ভ দেওা, ভ করা","𑄖𑄢𑄬 𑄖𑄬 𑄉𑄧𑄝𑄉𑄧𑄝𑄨, 𑄝𑄧𑄘𑄴𑄚𑄟𑄴 𑄉𑄧𑄢𑄚",Present
"এক দিকে দুই পা,লম্বা","𑄃𑄬𑄇𑄴𑄟𑄪𑄖𑄴𑄖𑄬 𑄘𑄳𑄦𑄨 𑄟𑄪𑄖𑄴𑄖𑄬, 𑄣𑄟𑄴𑄝𑄝𑄘𑄨।",Present
"সে বলবে একটা,ওর পরে আরেকটা","𑄖𑄬 𑄇𑄧𑄝𑄧 𑄃𑄬𑄇𑄴𑄈𑄚𑄴, 𑄃𑄪𑄖𑄬 𑄌𑄬𑄝𑄧 𑄃𑄢𑄧𑄇𑄴𑄈𑄚𑄴",Future
.যেন আমরা পাহাে তোলা ব্যাঙ,"𑄡𑄬𑄚𑄴 𑄃𑄟𑄨 𑄛𑄣𑄴𑄣𑄖𑄴 𑄖𑄪𑄣𑄳𑄠 𑄝𑄬𑄁,",Present
যেখানে সেখানে মেেরা ঘুরে বো,𑄡𑄨𑄙𑄪 𑄟𑄬𑄧𑄚 𑄇𑄧𑄠𑄴 𑄥𑄨𑄙𑄪 𑄝𑄬𑄢𑄬 𑄝𑄬𑄢𑄬 𑄗𑄚𑄴,Present
"অসুুগি, যেন ভাঙা পা","𑄃𑄧𑄥𑄪𑄉𑄨, 𑄡𑄬𑄚𑄴 𑄞𑄋 𑄃𑄙𑄪 𑄗𑄬𑄋𑄴।",Present
আজকাল সবাই কথা বলতেছে,𑄃𑄨𑄇𑄴𑄇𑄨𑄚𑄬 𑄡𑄨𑄉𑄪𑄚𑄬 𑄇𑄧𑄌𑄴𑄖𑄬 𑄝𑄨𑄌𑄴𑄖𑄬 𑄥𑄨𑄊𑄧𑄘𑄧𑄚𑄴,Present
সে চামা পেলে দেমাক,𑄥𑄨𑄊𑄨𑄣𑄬 𑄌𑄉𑄪𑄢𑄨 𑄛𑄬𑄣𑄬 𑄘𑄬𑄟𑄇𑄴,Present
"কারো বািে উঠতে হ, চাংচি নেই","𑄇𑄢𑄮 𑄊𑄧𑄢𑄧𑄖𑄴 𑄃𑄪𑄘𑄮 𑄃𑄪𑄘𑄨 , 𑄌 𑄌𑄨 𑄚𑄬𑄃𑄨",Present
"জোর করে থাকে না,গাে থাকবে","𑄎𑄧𑄙 𑄉𑄧𑄢𑄨 𑄚𑄧 𑄗𑄚𑄴, 𑄉𑄠𑄴 𑄗𑄬𑄝𑄇𑄴।",Future
বািতে উন্দুটা উঠতেছে আর পতেছে,𑄊𑄧𑄢𑄧𑄖𑄴 𑄃𑄪𑄚𑄴𑄘𑄪𑄝𑄱 𑄃𑄪𑄘𑄬𑄢𑄴 𑄃𑄢𑄴 𑄛𑄧𑄢𑄬𑄢𑄴,Present
সে শুধু এদিক সেদিক ঘুরে বো,"𑄖𑄬 𑄝𑄚 𑄉𑄧𑄛𑄴 𑄘𑄨 𑄘𑄨 𑄝𑄬𑄢𑄳𑄦𑄠𑄴,",Present
চোম নেই একটা মিষ্টি ভাত,𑄌𑄬𑄘𑄟𑄴 𑄚𑄬𑄃𑄨 𑄃𑄬𑄇𑄴𑄈𑄚 𑄟𑄨𑄙𑄬𑄉𑄪𑄣𑄨 𑄞𑄖𑄴,Present
সুমোতে ব মাছ হেছে,𑄥𑄪𑄟𑄪𑄘𑄬 𑄘𑄋𑄧𑄢𑄴 𑄟𑄍𑄳𑄠𑄧 𑄦𑄢𑄠𑄴।,Present
.সুঁচালো তরকারির চামা ১ বছর হবে,"𑄥𑄪𑄚𑄚𑄪 𑄖𑄮𑄇𑄨 𑄌𑄋𑄴𑄟, 𑄝𑄨𑄃𑄬𑄥𑄴𑄥𑄨 𑄃𑄨𑄚𑄴 𑄚𑄢𑄴𑄥𑄨𑄁 𑄷 𑄝𑄧𑄏𑄧𑄢𑄴 𑄸𑄶𑄸𑄸",Future
উঠান পরিষ্কার করা,𑄃𑄃𑄮𑄎𑄮𑄢𑄴 𑄇𑄮𑄌𑄴𑄛𑄚,Present
হেঁটে গেলে কোথা?,𑄦𑄏𑄨 𑄉𑄬𑄣𑄬 𑄇𑄪𑄙𑄪?,Past
মনে হ সে ছোট আছে,𑄌𑄨𑄘𑄮𑄖𑄴 𑄥𑄎𑄬𑄠𑄳𑄠𑄧 𑄃𑄊𑄬,Present
তোমার হাত দিে মেে দেওা ব,𑄖𑄧 𑄦𑄣𑄴𑄣𑄬𑄋𑄧𑄢𑄴 𑄟𑄬𑄠𑄳𑄠 𑄝𑄧𑄘𑄪।,Present
তোমার কোনো পদচিহ্ন,𑄚𑄬𑄃𑄨 𑄖𑄧𑄢𑄴 𑄇𑄧𑄚𑄳𑄦𑄧 𑄈𑄪𑄌𑄴,Present
"তোমার মা নেই, নেই তোমার মা","𑄚𑄬𑄃𑄨 𑄖𑄧𑄢𑄴 𑄟𑄎𑄢,",Present
রাতের বেলা ডাক পেলাম,𑄃𑄚𑄴𑄙𑄢𑄴 𑄖𑄢𑄪𑄟𑄬 𑄘𑄉𑄨 𑄛𑄬𑄣𑄢𑄴,Past
নাচা করে স্বপ্ন দেখা,𑄚𑄮𑄚𑄬𑄠𑄳𑄠𑄧 𑄥𑄧𑄝𑄧𑄚𑄧𑄢𑄴 𑄃𑄏।,Present
.পোা সূর্য অস্ত যাচ্ছে,𑄛𑄮𑄖𑄳𑄠 𑄝𑄬𑄣𑄴 𑄃𑄪𑄘𑄧𑄚𑄴𑄘𑄨𑄖𑄴,Present
মনে হ মনে হাত দিে খা,"𑄟𑄧𑄚𑄚𑄬 𑄚𑄨𑄖𑄴𑄖𑄮 𑄦𑄞𑄨𑄣𑄳𑄠𑄌𑄴 𑄈𑄠𑄴,",Present
কাপের ব টুকরো,𑄇𑄮𑄌𑄴𑄛𑄚𑄢𑄴 𑄝𑄧 𑄚𑄨𑄎𑄬𑄌𑄴𑄃𑄚𑄨,Present
বুকে ভর দিে যাও,𑄝𑄪𑄇𑄴𑄇𑄮𑄖𑄴 𑄘𑄨𑄝𑄬𑄘𑄨 𑄡𑄠𑄴।,Present
.মাা বারেং তোামুি,𑄟𑄬𑄠𑄳𑄠 𑄝𑄢𑄬𑄁 𑄖𑄧𑄠𑄮𑄁 𑄥𑄪𑄟𑄪𑄢𑄨।,Present
তোমাকে নিে একটা কবি আছে,𑄖𑄧𑄢𑄬 𑄚𑄨𑄚𑄬𑄃𑄨 𑄃𑄬𑄇𑄴𑄇𑄱 𑄇𑄧𑄝𑄨𑄘𑄬,Present
যে কবিটাতে লেখা থাকবে,𑄡𑄬 𑄇𑄧𑄝𑄨𑄘𑄬𑄝𑄱𑄖𑄴 𑄣𑄬𑄊 𑄗𑄬𑄝𑄧,Future
"শুধু তোমার কাজ, শুধু তোমার কথা",𑄝𑄚 𑄖𑄧 𑄇𑄟𑄧 𑄃 𑄖𑄧 𑄇𑄧𑄙।,Present
ফাল্গুন মাস ছিঁে যাওা,𑄜𑄉𑄪𑄚𑄧 𑄝𑄮𑄃𑄨𑄠𑄬𑄢𑄧𑄖𑄴 𑄍𑄨𑄘𑄨 𑄡𑄢𑄴,Present
মিইনি নদীর উৎসস্থল,𑄟𑄨𑄋𑄨𑄚𑄨 𑄌𑄉𑄣𑄢𑄴 𑄦𑄬𑄘𑄬 𑄃𑄉𑄢𑄬,Present
আরও ছিঁা পরতেছে,𑄃𑄢𑄧 𑄍𑄨𑄘𑄨 𑄛𑄧𑄢𑄬𑄢𑄴,Present
হিল চাদিা পাহাের পাহাে চা,𑄦𑄨𑄣𑄴 𑄌𑄘𑄨𑄋𑄧𑄢𑄴 𑄟𑄮𑄚𑄴 𑄟𑄪𑄢𑄳𑄦𑄧 𑄍𑄧𑄢𑄠𑄴 𑄍𑄧𑄢𑄠𑄴।,Present
এক জাতী বুনো ফল,𑄃𑄚𑄴𑄎𑄬𑄝𑄴 𑄘,Present
তোমরা লুকোচুরি করে,𑄖𑄪𑄃𑄨 𑄚𑄨𑄦𑄣𑄴𑄌𑄨 𑄉𑄧𑄢𑄨,Present
তোমার কাজের কথা বইে লেখা থাকবে,𑄖𑄧 𑄇𑄟𑄧𑄢𑄴 𑄇𑄧𑄙 𑄣𑄬𑄊 𑄗𑄬𑄝𑄧 𑄎𑄪𑄟𑄴𑄟𑄧 𑄝𑄨𑄎𑄧𑄉𑄧 𑄝𑄧𑄃𑄨𑄠𑄮𑄖𑄴,Future
তোমরা দেখিে যাও,𑄖𑄪𑄃𑄨 𑄘𑄬𑄊𑄬 𑄡𑄧𑄢𑄴 𑄎𑄖𑄴𑄖𑄮𑄢𑄬,Present
"নিজের ভাই,নিজের লেখা পা পথ","𑄚𑄨𑄎𑄧 𑄞𑄌𑄴, 𑄚𑄨𑄎𑄧 𑄣𑄬𑄊 𑄥𑄬𑄊𑄚𑄢𑄴 𑄛𑄧𑄖𑄴,",Present
সে তো তোমার কাজে পটু,𑄥𑄬𑄚𑄬 𑄖𑄧𑄚 𑄋𑄴 𑄖𑄧 𑄇𑄟𑄴 𑄃 𑄖𑄧 𑄇𑄧𑄙,Present
"সুঁচালো চাংমা, ভারত ৪/০৯/২০২২","𑄥𑄪𑄚𑄚𑄪 𑄢𑄨𑄚 𑄌𑄋𑄴𑄟, 𑄞𑄢𑄧𑄖𑄴 𑄺/𑄿/𑄸𑄶𑄸𑄸",Present
.নিঃশব্দ আকাশটার নিচে বসে আছে,"𑄚𑄨𑄢𑄴 𑄘𑄬𑄝𑄝𑄱 𑄖𑄧𑄣𑄬 𑄗𑄬𑄃𑄨 𑄃𑄊𑄧𑄌𑄴,",Present
রিপা এই নির্বংশ পা,"𑄢𑄨𑄛𑄴𑄢𑄨𑄛𑄴 𑄃𑄧𑄃𑄨 𑄚𑄨𑄢𑄴 𑄟𑄮𑄚𑄴,",Present
.অপরিষ্কার করে বাতাস আসতেছে,"𑄃𑄧𑄣𑄧𑄢𑄴 𑄉𑄧𑄢𑄨 𑄝𑄌𑄳𑄠𑄬𑄃𑄨 𑄃𑄊𑄧𑄌𑄴,",Present
কত যুগ থেকে,𑄇𑄧 𑄘𑄧𑄇𑄴 𑄡𑄪𑄉𑄧𑄖𑄴𑄖𑄪𑄚𑄴।,Present
আমাকে আগ্রহ করে ডাকো,"𑄙𑄢𑄮𑄌𑄴 𑄉𑄧𑄢𑄨 𑄘𑄉𑄮𑄌𑄴 𑄟𑄧𑄢𑄬,",Present
মিঠা বাতাসের শিস মারা হ,𑄟𑄨𑄙𑄬 𑄝𑄮𑄠𑄬𑄢𑄧𑄢𑄴 𑄥𑄨𑄇𑄴 𑄇𑄢𑄚 𑄣𑄮𑄃𑄨।,Present
চিক চিক করে আমাদের নিশ্বাস নাও,"𑄌𑄨𑄇𑄴𑄌𑄨𑄈𑄳𑄠 𑄃𑄟𑄖𑄴 𑄚𑄨𑄏𑄬𑄌𑄴 𑄣𑄧𑄃𑄨,",Present
"আকাশ,এগজস্ট রেছে তুমি","𑄘𑄬𑄝𑄣𑄳𑄠, 𑄃𑄬𑄉𑄟𑄧𑄚𑄴 𑄢𑄧 𑄚𑄨𑄏𑄬𑄚𑄨 𑄖𑄪𑄃𑄨।",Present
.তার উঠা নামা পাে পা,"𑄖𑄧𑄖𑄴 𑄃𑄪𑄘𑄮𑄚𑄨 𑄣𑄟𑄧𑄚𑄨𑄢𑄴 𑄦𑄘𑄧𑄖𑄴 𑄛𑄧𑄢𑄚𑄴,",Present
আমার মাথা টিউমার হছে,𑄟𑄧𑄢𑄬 𑄟𑄪𑄃𑄨 𑄎𑄢𑄬𑄣𑄪𑄁 𑄝𑄚।,Present
"তোমার মাথা গিে ঘাঁি গেছে,রান্না করা","𑄖𑄧𑄢𑄴 𑄃𑄚𑄴𑄴 𑄎𑄬𑄡𑄬 𑄊𑄚𑄴 𑄎𑄬𑄠𑄬, 𑄢𑄨𑄚𑄚,",Present
.নিঃশব্দ করে দো,𑄛𑄨𑄏𑄪𑄟𑄴 𑄉𑄧𑄢𑄨 𑄘𑄮𑄌𑄴 𑄉𑄧𑄝𑄧𑄣 𑄝𑄚।,Present
.তরকারিটা তাদের গাড়ির মধ্যে দিে যাচ্ছে,"𑄖𑄧𑄢𑄴𑄥𑄚𑄴 𑄣𑄟𑄧𑄟𑄧𑄚𑄨𑄢𑄴 𑄘𑄚𑄴𑄘𑄢𑄋𑄳𑄠 𑄖𑄢 𑄡𑄋𑄣𑄴 𑄢𑄧 𑄥𑄬𑄢𑄬,",Present
এই মনটা নরম হেছে,𑄃𑄧𑄃𑄨 𑄌𑄨𑄖𑄴 𑄘𑄨𑄊𑄮𑄣𑄴 𑄃𑄧𑄙𑄬𑄣𑄴 𑄇𑄮𑄌𑄴𑄛𑄚𑄢𑄴,Present
"বো আালে, /n banner","𑄚𑄧𑄚𑄬𑄠𑄳𑄠 𑄃𑄚𑄴𑄘𑄧𑄣𑄬,",Present
.অতিরিক্ত করে চাচিে থাকা,"𑄃𑄧𑄣𑄧𑄢𑄴 𑄉𑄧𑄢𑄨 𑄌 𑄌𑄨 𑄉𑄧𑄢𑄨 𑄝𑄌𑄳𑄠𑄬𑄃𑄨 𑄗𑄚,",Present
আমার খুব মন খারাপ হ,𑄞𑄢𑄨 𑄌𑄨𑄖𑄴 𑄞𑄨𑄎𑄨𑄘𑄬 𑄟𑄧𑄢𑄴।,Present
.অপুরন্ত মনের কাটাকুটি কাটানো হ দিনে,"𑄃𑄧𑄜𑄪𑄢𑄧𑄚𑄴𑄘𑄨 𑄟𑄧𑄚𑄴 𑄇𑄘𑄢𑄴 𑄇𑄮𑄌𑄴𑄛𑄚 𑄉𑄧𑄎𑄬𑄃𑄨 𑄘𑄨𑄚𑄬𑄃𑄨,",Present
.উদ্ধত নদীর পানি নিে আসি,"𑄃𑄪 𑄙𑄢𑄮𑄌𑄴 𑄢𑄧 𑄘𑄬𑄟𑄳𑄠 𑄚𑄨𑄢𑄴𑄟𑄮𑄚𑄴,",Present
.অতিরিক্ত করে আগুন জ্বলতেছে,"𑄃𑄧𑄣𑄧𑄢𑄴 𑄉𑄧𑄢𑄨 𑄃𑄉𑄧𑄌𑄴 𑄝𑄌𑄳𑄠𑄬𑄃𑄨,",Present
স্বপ্নে দেখলাম,𑄥𑄧𑄝𑄧𑄚𑄧𑄖𑄴 𑄘𑄨𑄣𑄪𑄁---,Past
ফাল্গুন মাস ফিরলে আবার আসবো আমি,𑄜𑄉𑄪𑄚𑄧 𑄦𑄞 𑄜𑄨𑄢𑄨𑄣𑄬 𑄃𑄢𑄧 𑄃𑄬𑄃𑄨𑄟𑄴 𑄟𑄪𑄃𑄨।,Future
আমাদের গ্রাম,𑄃𑄟𑄳𑄦 𑄃𑄘𑄟𑄚𑄴,Present
বঙ্গ মেে ২. বঙ্গ মেে,𑄝𑄧𑄁𑄉𑄧𑄟𑄨𑄖𑄳𑄢𑄧 𑄌𑄋𑄴𑄟 𑄸𑄻/𑄷𑄷/𑄸𑄶𑄸𑄸,Present
নানা জাগা নানা ছবি,𑄚𑄚𑄚𑄴 𑄎𑄉 𑄚𑄚 𑄘𑄬𑄌𑄴,Present
যেখানে সেখানে ঘুরে বোলাম,"𑄡 𑄝𑄬𑄢𑄳𑄦𑄬𑄣𑄪𑄁 𑄎𑄨𑄁𑄇𑄚𑄨𑄖𑄴,",Past
বেগ থেকে ভালো লাগে আমাদের দেশে,𑄝𑄬𑄉𑄧𑄖𑄴𑄖𑄪𑄚𑄴 𑄉𑄧𑄟𑄴 𑄣𑄉𑄬𑄘𑄬 𑄃𑄟𑄳𑄦 𑄘𑄬𑄌𑄴𑄍𑄚𑄧𑄖𑄴,Present
বেগ থেকে আমাদের জাগা মন ভিজে যা,𑄝𑄬𑄉𑄧𑄖𑄴𑄖𑄪𑄚𑄴 𑄌𑄨𑄖𑄴 𑄞𑄨𑄎𑄬𑄘𑄬 𑄃𑄟𑄳𑄦 𑄎𑄉𑄚𑄧𑄖𑄴।,Present
আমাদের গ্রামটা আমাদের জাগা,"𑄃𑄟𑄳𑄦 𑄃𑄘𑄟𑄚𑄴 𑄃𑄟𑄳𑄦 𑄎𑄉𑄃𑄚𑄴,",Present
এগুলো বাদে আমার ভালো লাগে না,𑄃𑄨𑄠𑄚𑄴 𑄝𑄘𑄬 𑄟𑄧𑄢𑄴 𑄉𑄧𑄟𑄴 𑄚𑄧 𑄣𑄉𑄬 𑄃𑄢𑄴।,Present
আমাদের গ্রামের সুন্দর বাি,"𑄃𑄟𑄳𑄦 𑄃𑄘𑄟𑄧𑄢𑄴 𑄘𑄮𑄣𑄴 𑄊𑄧𑄢𑄚𑄨,",Present
.পুে দৌাদৌি,𑄛𑄪𑄉𑄧 𑄘𑄪𑄡𑄢𑄨 𑄃𑄢𑄴 𑄘𑄬𑄚𑄴𑄥𑄨𑄡𑄢𑄨।,Present
জানালাগুলো বন্ধ করলে খোলে,"𑄎𑄚𑄣𑄃𑄪𑄚𑄴 𑄘𑄨𑄣𑄬 𑄈𑄪𑄣𑄨,",Present
জোরে জোরে বাতাস বে,𑄛𑄨𑄝𑄨𑄢𑄴 𑄛𑄨𑄝𑄨𑄢𑄴 𑄝𑄮𑄃𑄨𑄠𑄬𑄢𑄴 𑄝𑄎𑄬।,Present
".আগে থেকে ফুল বাগান,এখন ফুল বাগান","𑄃𑄉𑄬 𑄝𑄬𑄉𑄧𑄖𑄴𑄖𑄪𑄚𑄴 𑄜𑄪𑄣𑄧 𑄝𑄉𑄚𑄴,",Present
.ফুলের বাগান সমান সমান,𑄜𑄧𑄣𑄴 𑄝𑄉𑄚𑄧 𑄥𑄧𑄟𑄚𑄴 𑄥𑄧𑄟𑄚𑄴।,Present
গাে গাে মনটা আমার নাচতেছে,"𑄉𑄠𑄴 𑄉𑄠𑄴 𑄟𑄧𑄚𑄚𑄴 𑄟𑄧𑄢𑄴 𑄚𑄎𑄨 𑄃𑄪𑄘𑄬,",Present
এক জাতী ফুল,𑄌𑄬𑄢𑄮𑄇𑄨𑄗𑄳𑄠𑄘𑄨 𑄜𑄪𑄣𑄴 𑄝𑄎𑄬।,Present
গ্রামের পাশে ব্যাঙের গাঙ,"𑄃𑄘𑄟𑄧 𑄊𑄎𑄨𑄚𑄬𑄃𑄨 𑄝𑄬𑄋 𑄉𑄋𑄚𑄴,",Present
.লবনাক্ত নদীর সাথে সংযোগ আছে এমন,𑄣𑄮 𑄉𑄋𑄴 𑄛𑄪𑄎𑄴 𑄉𑄋𑄧𑄢𑄴 𑄥𑄧𑄁 𑄘𑄧𑄎𑄧𑄝𑄢𑄴।,Present
.ন্যাকামো করে এই সুন্দর গ্রাম,"𑄚𑄋𑄬 𑄘𑄟𑄬 𑄃𑄬 𑄘𑄮𑄣𑄴 𑄃𑄘𑄟𑄚𑄴,",Present
যেখানে দুং সাত জন একসাথে থাকে,"𑄡𑄨𑄙𑄪 𑄬𑄫𑄘𑄪𑄋𑄴 𑄥𑄖𑄴 𑄝𑄬𑄇𑄴 𑄥𑄧𑄟𑄢𑄪𑄚𑄴,",Present
এখানে আছে আমার সব জিনিসপত্র,𑄃𑄨𑄙𑄪 𑄃𑄊𑄧𑄚𑄴 𑄟𑄧𑄢𑄴 𑄝𑄬𑄇𑄴 𑄇𑄪𑄘𑄪𑄟𑄴𑄃𑄪𑄚𑄴।,Present
এগুলো বাদে আমার ভালো লাগে না,"𑄃𑄨𑄠𑄚𑄴 𑄝𑄘𑄬 𑄟𑄧𑄢𑄴 𑄉𑄧𑄟𑄴 𑄚𑄧 𑄣𑄉𑄬,",Present
আমাদের গ্রাম আমাদের জাগা,𑄃𑄟𑄳𑄦 𑄃𑄘𑄟𑄚𑄴 𑄃𑄟𑄳𑄦 𑄎𑄉𑄃𑄚𑄴,Present
স্বপ্ন তুমি ফিরে আসবে তো,𑄇𑄧𑄣𑄴𑄛𑄧𑄚 𑄖𑄪𑄃𑄨 𑄜𑄨𑄢𑄨 𑄃𑄬𑄞𑄬 𑄞𑄨𑄣𑄨,Future
.সুগন্ধি লেবু তালুক,𑄥𑄪𑄚𑄚𑄪 𑄥𑄮𑄦𑄬𑄣𑄴 𑄖𑄣𑄪𑄇𑄴𑄘𑄢𑄴,Present
চাদি গাঙের আলো পে যা,𑄌𑄘𑄨 𑄉𑄋𑄧𑄢𑄴 𑄃𑄞 𑄝𑄧𑄘𑄧𑄣𑄨 𑄡𑄢𑄴,Present
বেগের মনে তোমার ছবি দেখে সব মিশে যা,𑄝𑄬𑄉𑄧𑄢𑄴 𑄟𑄧𑄚𑄧𑄖𑄴 𑄖𑄧𑄢𑄴 𑄘𑄬𑄊𑄨𑄠𑄳𑄠 𑄥𑄧𑄝𑄧𑄚𑄴 𑄟𑄨𑄎𑄨 𑄡𑄢𑄴,Present
.হুক্কার মতো পানি বে যা,𑄦𑄨𑄁𑄎𑄬 𑄛𑄨𑄎𑄪𑄟𑄴 𑄛𑄚𑄨 𑄉𑄧𑄋𑄢𑄧 𑄣𑄉𑄬 𑄞𑄎𑄨 𑄡𑄢𑄴,Present
.অতিরিক্ত উঠতে হবে বলে সামনে এগিয়ে যেতে হবে,𑄃𑄧𑄇𑄴𑄖𑄧 𑄃𑄪𑄠𑄬 𑄥𑄧𑄁 𑄃𑄧𑄃𑄨𑄝𑄬 𑄎𑄧𑄙𑄝𑄧𑄣𑄬 𑄟𑄪𑄏𑄪𑄋𑄬 𑄃𑄪𑄎𑄬 𑄡𑄬𑄝𑄢𑄴,Future
যেখানে সেখানে পে থাকিও না,𑄡𑄨𑄙𑄪 𑄗𑄬𑄘𑄬𑄥𑄖𑄴 𑄣𑄪𑄉𑄬𑄃𑄨 𑄚𑄧 𑄗𑄬𑄌𑄴 𑄃𑄢𑄴।,Present
বোতে এত কল দিলেও ছোট বাচ্চারা ভ পা না,𑄝𑄬𑄎𑄖𑄴 𑄃𑄬𑄖𑄴𑄖𑄧𑄚𑄴 𑄇𑄧𑄣𑄬𑄃𑄮 𑄌𑄨𑄉𑄮𑄚𑄴 𑄉𑄪𑄢𑄧𑄃𑄪𑄚𑄴 𑄚𑄧 𑄘𑄧𑄢𑄚𑄴 𑄃𑄢,Present
জুম্মবিরা শুধু ভাত খাওার জন্য থাকে না,𑄎𑄪𑄟𑄴𑄟𑄧𑄝𑄨𑄘𑄊𑄨 𑄝𑄚 𑄞𑄖𑄴 𑄛𑄨𑄣𑄬𑄝𑄮𑄣𑄮𑄃𑄨 𑄚𑄧 𑄗𑄚𑄴 𑄃𑄢𑄴,Present
গািাগুলো আরও শক্ত হে যাবে,𑄉𑄞𑄪𑄎𑄳𑄠𑄃𑄪𑄚𑄴 𑄝𑄨𑄎𑄧𑄠𑄴 𑄉𑄨𑄢𑄨 𑄦𑄮𑄝𑄇𑄴 𑄃𑄢𑄴 𑄃𑄬𑄇𑄴𑄝𑄢𑄴,Future
কারো বািতে আর বসে থাকবে না,𑄇𑄬𑄃𑄪𑄎𑄧𑄚𑄬 𑄊𑄧𑄢𑄧 𑄇𑄮𑄚𑄖𑄴 𑄝𑄧𑄎𑄨 𑄚𑄧 𑄗𑄬𑄝𑄇𑄴 𑄃𑄢𑄴,Future
তোমার ফিরে যাওা এখন,𑄃𑄇𑄴𑄖𑄧 𑄃𑄪𑄠𑄬 𑄖𑄧𑄢𑄴 𑄜𑄨𑄢𑄨 𑄃𑄬𑄝𑄢𑄴।,Present
সভা-সমাবেশে অনেক লোক আসে,𑄟𑄨𑄑𑄨𑄁 𑄟𑄨𑄍𑄨𑄣𑄧𑄖𑄴 𑄃𑄉𑄧𑄚𑄴𑄘𑄨 𑄟𑄚𑄪𑄌𑄴 𑄃𑄬𑄃𑄨,Present
রাজকার্যে যোগ দাওা যাক,𑄢𑄎𑄴𑄛𑄧𑄘𑄧𑄖𑄴 𑄥𑄮𑄣𑄧𑄉𑄚𑄴 𑄘𑄨𑄝𑄇𑄴 𑄃𑄬𑄝𑄢𑄴।,Present
পথকলিরা ঘিলুর খবর পেে,𑄛𑄧𑄖𑄴𑄖𑄧𑄇𑄪𑄣𑄳𑄠𑄃𑄪𑄚𑄧𑄢𑄴 𑄊𑄨𑄣𑄬𑄎𑄧𑄝𑄧𑄢𑄴 𑄈𑄧𑄝𑄧𑄢𑄚𑄴 𑄛𑄬𑄃𑄨,Present
বোদের জন্য আর কোথা যে খবর পাবি না আর,𑄝𑄬𑄎𑄘𑄧𑄢𑄬 𑄘𑄧𑄢𑄬 𑄇𑄪𑄙𑄪 𑄡𑄬𑄝𑄇𑄴 𑄈𑄧𑄝𑄧𑄢𑄴 𑄚𑄧 𑄛𑄬𑄝𑄇𑄴 𑄃𑄢𑄴,Future
.শুধু তোমাকে তরকারিটা লাইে আসতেছে,𑄝𑄚 𑄖𑄧𑄢𑄬 𑄖𑄮𑄉𑄘𑄧𑄚𑄴 𑄣𑄢𑄳𑄦𑄬𑄠𑄧𑄖𑄴 𑄥𑄧𑄟𑄢𑄴।,Present
সবাই জাগা রোদ পোহাচ্ছে,𑄝𑄬𑄇𑄴𑄇𑄪𑄚𑄧𑄢𑄴 𑄎𑄘𑄧𑄢𑄴𑄣𑄠𑄴 𑄣𑄮 𑄃𑄪𑄘𑄮𑄢𑄢𑄴,Present
.অতি উে হাত দিে হাত বের করার জন্য,𑄃𑄧𑄇𑄴𑄖𑄧 𑄃𑄪𑄠𑄬 𑄚𑄪𑄃𑄧 𑄉𑄧𑄢𑄨 𑄦𑄖𑄳𑄠𑄢𑄴 𑄇𑄚𑄖𑄴 𑄣𑄧𑄝𑄢𑄴,Present
হািা রাত এবং চাটাইটা আরও শক্ত হেছে,𑄦𑄢𑄨𑄠𑄳𑄠 𑄢𑄬𑄎𑄳𑄠𑄧 𑄃𑄢𑄧 𑄌𑄘𑄨𑄉𑄋𑄴 𑄃𑄢𑄪𑄇𑄴𑄈𑄚𑄴 𑄛𑄨𑄖𑄴𑄖𑄨𑄟𑄨 𑄝𑄪𑄉𑄧𑄖𑄴,Present
দ্রুত চাঁদ ফিরে আনার জন্য,𑄝𑄬𑄉𑄬 𑄌𑄘𑄧𑄚𑄴 𑄜𑄨𑄢𑄨 𑄃𑄚𑄨𑄝𑄢𑄴,Present
শুধু অপেক্ষা করে থাকো তুমি এখন ফিরো,𑄝𑄚 𑄝𑄉𑄨 𑄃𑄉𑄬 𑄖𑄪𑄃𑄨 𑄜𑄨𑄢𑄨 𑄃𑄬𑄝𑄢𑄴।,Present
নাচা চা জীবনে অভ্যস্ত হওা,𑄚𑄮𑄠𑄢𑄟𑄴 𑄌𑄋𑄴𑄟 𑄎𑄨𑄁𑄇𑄚𑄨 𑄣𑄟,Present
সুঁচালো চামা,𑄥𑄪𑄚𑄚𑄪 𑄃𑄨𑄎𑄬𑄝𑄴 𑄌𑄋𑄴𑄟,Present
"যে পুরো জীবনে নিজের কথা চিন্তা করে না,অচেতনভাবে পালিে আছে সে","𑄡𑄬 𑄉𑄧𑄘 𑄎𑄨𑄁𑄇𑄚𑄨 𑄥𑄧𑄁 𑄚𑄨𑄎𑄧 𑄇𑄧𑄙 𑄚𑄧 𑄞𑄝𑄨 𑄌𑄋𑄴𑄟 𑄞𑄌𑄴, 𑄃𑄧𑄏𑄛𑄖𑄴, 𑄢𑄨𑄘𑄨𑄥𑄪𑄙𑄮𑄟𑄴 𑄃𑄣𑄳𑄠𑄇𑄴𑄈𑄚𑄨 𑄞𑄣𑄬𑄘𑄨 𑄛𑄧𑄘𑄧𑄖𑄴 𑄃𑄚𑄨𑄝𑄖𑄴𑄬 𑄣𑄬𑄖𑄴𑄛𑄬𑄖𑄴 𑄉𑄧𑄢𑄨 𑄢𑄧𑄠𑄬 𑄖𑄬 𑄦𑄧𑄣𑄧𑄘𑄬 𑄥𑄪𑄚𑄚𑄪 𑄚𑄪𑄠𑄮𑄢𑄟𑄴 𑄌𑄋𑄴𑄟।",Present
তার জন্ম না হলে সংসারে হনা,𑄖𑄢𑄴 𑄎𑄧𑄚𑄧𑄟𑄴 𑄚𑄧 𑄦𑄧𑄣𑄬 𑄃𑄧𑄏𑄛𑄖𑄴 𑄦𑄧𑄠𑄧𑄘𑄧 𑄦𑄏𑄨 𑄡𑄘𑄬 𑄃𑄘𑄧𑄁 𑄚𑄬𑄭।,Present
তার চূা আমরা ভালোভাবে হাঁটতে পারি,𑄖𑄢𑄴 𑄌𑄬𑄘𑄧𑄚𑄧𑄢𑄴 𑄝𑄧𑄣𑄬 𑄃𑄬𑄌𑄳𑄠𑄬 𑄃𑄟𑄨 𑄃𑄟 𑄣𑄮 𑄜𑄪𑄘𑄧 𑄃𑄧𑄏𑄛𑄖𑄴 𑄘𑄮𑄣𑄬 𑄘𑄮𑄣𑄬 𑄣𑄢𑄴𑄌𑄢𑄴 𑄉𑄧𑄢𑄨 𑄛𑄢𑄨𑄢𑄴।,Present
".শুনানো নাাচাা করতে করতে ক্লান্ত, মাার নাাচাা করতে ক্লান্ত","𑄥𑄪𑄚𑄚𑄪 𑄚𑄮𑄠𑄢𑄟𑄴 𑄌𑄋𑄴𑄟 𑄝𑄛𑄴𑄮 𑄚𑄋𑄚𑄴 𑄥𑄪𑄚𑄚𑄪 𑄥𑄪𑄇𑄳𑄢𑄧𑄟𑄧𑄕𑄨 𑄌𑄋𑄴𑄟, 𑄟𑄝𑄱 𑄚𑄋𑄚𑄴 𑄇𑄣𑄝𑄨 𑄌𑄋𑄴𑄟।",Present
তার পাের মেে একটা বাচ্চা,𑄖𑄢𑄴 𑄛𑄌𑄴𑄮 𑄏𑄨 𑄃 𑄃𑄬𑄇𑄴𑄮 𑄛𑄪𑄃𑄧।,Present
১. ১. এক জাতী বুনো ফল,𑄷।,Present
"সুঁচালো চামা, ২. সুঁচালো চাংমা","𑄥𑄪𑄚𑄚𑄪 𑄝𑄥𑄧𑄚𑄴𑄖𑄨 𑄌𑄋𑄴𑄟, 𑄸।",Present
".সুঁচালো তরকারি, ৩.সুঁচালো তরকারি","𑄥𑄪𑄚𑄚𑄪 𑄃𑄢𑄧𑄖𑄨 𑄌𑄋𑄴𑄟, 𑄹।",Present
".সুঁচালো চুমুক, ৪.সুঁচালো চামা","𑄥𑄪𑄚𑄚𑄪 𑄝𑄨𑄢𑄧𑄖𑄨 𑄌𑄋𑄴𑄟, 𑄺।",Present
".শুনানো মনের মানুষ,৫","𑄥𑄪𑄚𑄚𑄪 𑄟𑄧𑄚𑄧𑄘𑄬𑄝𑄨 𑄌𑄋𑄴𑄟, 𑄻।",Present
.সুগন্ধি কলুষ সাধনের চামা আছে।,𑄥𑄪𑄚𑄚𑄪 𑄇𑄧𑄣𑄳𑄠𑄕𑄴 𑄥𑄙𑄧𑄚𑄴 𑄌𑄋𑄴𑄟 𑄃 𑄼।,Present
কানে না শোনা এক জাতী পাখি,𑄥𑄪𑄚𑄚𑄪 𑄢𑄨𑄚 𑄘𑄬𑄝𑄨 𑄌𑄋𑄴𑄟।,Present
.শুনানো নাচার সম পাহাের পাশ দিে হেঁটে যাচ্ছে সে,𑄥𑄪𑄚𑄚𑄪 𑄚𑄮𑄠𑄢𑄟𑄴 𑄌𑄋𑄴𑄟 𑄚𑄝𑄣𑄧𑄇𑄴 𑄃𑄇𑄴𑄗𑄧 𑄉𑄮𑄟𑄬𑄖𑄴 𑄇𑄪𑄣𑄧𑄖𑄴𑄪𑄚𑄴 𑄖 𑄎𑄬𑄖𑄴𑄖 𑄥𑄪𑄚𑄚𑄪𑄥𑄛𑄳𑄠𑄬 𑄌𑄋𑄴𑄟 𑄥𑄧𑄟𑄢𑄬 𑄟𑄨𑄋𑄨𑄚𑄨 𑄌𑄉𑄣𑄖𑄴 𑄝𑄎𑄬𑄭𑄍𑄧𑄢 𑄃𑄘𑄟𑄧𑄖𑄴 𑄈𑄪𑄌𑄴 𑄘𑄨𑄣𑄧।,Present
সুঁচালো সাপে চাংমাহ্ গ্রামের মাঠে বো বো ঘুরে বো যেন মা হারানো বাচ্চাগুলোকে সাথে নিে আসে,𑄥𑄪𑄚𑄚𑄪 𑄥𑄛𑄳𑄠𑄬 𑄌𑄋𑄴𑄟 𑄉𑄮𑄟𑄬𑄖𑄴 𑄇𑄪𑄣𑄧𑄖𑄴 𑄝𑄬𑄢 𑄡𑄬𑄚𑄬𑄭 𑄟 𑄦𑄢 𑄥𑄪𑄚𑄚𑄪 𑄚𑄮𑄠𑄢𑄟𑄴 𑄌𑄋𑄴𑄟𑄘𑄊𑄨𑄢𑄬 𑄣𑄧𑄉𑄬 𑄃𑄚𑄬।,Present
সবসম এত ব করে গ্রামে গ্রামে কিছু আসলো না,𑄥𑄧𑄇𑄳𑄠𑄬 𑄃𑄬𑄙𑄧𑄇𑄳𑄠𑄬 𑄉𑄧𑄢𑄨 𑄃𑄘𑄟𑄬 𑄃𑄘𑄟𑄬 𑄇𑄨𑄠𑄮𑄋𑄴 𑄃 𑄃𑄨𑄇𑄴𑄪𑄣𑄴 𑄚𑄧 𑄃𑄬𑄣𑄧।,Past
ছোট থেকে একটা ভান্তেকে চংরাং করে গ্রামের কোন এক জঙ্গলে নিে আসলে সে ভের মতো দেখতে হ,𑄌𑄨𑄖𑄴𑄟𑄧𑄢𑄧𑄋𑄧𑄖𑄴𑄪𑄚𑄴 𑄃𑄬𑄇𑄴𑄮 𑄞𑄚𑄴𑄖𑄬𑄢𑄬 𑄌𑄧𑄁𑄢𑄍𑄧𑄢𑄨 𑄜𑄪𑄣𑄴𑄌𑄚𑄴 𑄇𑄢𑄴𑄝𑄢𑄨 𑄛𑄢 𑄃𑄘𑄟𑄧𑄖𑄴 𑄇𑄧𑄚𑄧 𑄃𑄬𑄇𑄴𑄈𑄚𑄴 𑄇𑄬𑄎𑄴𑄮𑄖𑄴 𑄜𑄁 𑄉𑄧𑄢𑄨 𑄃𑄚𑄨𑄣𑄬 𑄥𑄬 𑄞𑄚𑄴𑄖𑄬𑄝𑄱𑄣𑄮𑄭 𑄥𑄪𑄚𑄚𑄪 𑄥𑄛𑄳𑄠𑄬 𑄌𑄋𑄴𑄟𑄢𑄴 𑄘𑄬𑄊 𑄦𑄧𑄠𑄴।,Present
নানা কথা বলতে বলতে চামা সাপটা চামার সমে কথা বলতে বলতে কান্না হ,𑄚𑄚𑄋𑄴 𑄇𑄧𑄙 𑄥𑄬𑄢𑄬 𑄥𑄪𑄚𑄚𑄪 𑄥𑄛𑄳𑄠𑄬 𑄌𑄋𑄴𑄟 𑄞𑄚𑄴𑄖𑄬𑄢𑄬 𑄥𑄪𑄚𑄚𑄪 𑄚𑄮𑄠𑄢𑄟𑄧 𑄌𑄋𑄴𑄟𑄢𑄴 𑄛𑄮𑄭𑄘𑄳𑄠𑄚𑄬 𑄇𑄧𑄙 𑄇𑄧𑄚𑄢𑄴 𑄎𑄪 𑄦𑄧𑄠𑄴।,Present
ভ থেকে তার মনটা বের হে গেল,𑄞𑄚𑄴𑄖𑄬𑄖𑄴𑄪𑄚𑄴 𑄌𑄨𑄖𑄴𑄛𑄪𑄢𑄨 𑄃𑄪𑄘𑄨 𑄣𑄬𑄊 𑄥𑄬𑄊𑄬𑄝𑄖𑄴𑄬 𑄖 𑄥𑄧𑄟𑄢𑄬 𑄌𑄨𑄖𑄴𑄟𑄧𑄢𑄧𑄋𑄧𑄖𑄴 𑄚𑄨𑄣𑄧।,Past
খারাপ আর একটা বিপদ আসলো,𑄞𑄚𑄴𑄖𑄴𑄬𑄢𑄴 𑄃𑄢𑄧 𑄃𑄬𑄇𑄴𑄮 𑄉𑄪𑄢𑄧 𑄃𑄬𑄣𑄧।,Past
তার নািটা কালির মতো,𑄖 𑄚𑄋𑄚𑄴 𑄇𑄣𑄨𑄇𑄪𑄟𑄢𑄴 𑄌𑄋𑄴𑄟।,Present
কালি কুমারের চামাটা নাচা করে উঠে,𑄇𑄣𑄨 𑄇𑄪𑄟𑄢𑄴 𑄌𑄋𑄴𑄟 𑄚𑄮𑄠𑄢𑄟𑄴 𑄌𑄋𑄴𑄟𑄖𑄴𑄪𑄚𑄴 𑄝𑄧𑄎𑄚𑄴 𑄃𑄪𑄎𑄮𑄣𑄧 𑄦𑄧𑄠𑄴।,Present
"এক সাথে স্কুলে যা,খোল আছে","𑄃𑄬𑄇𑄴 𑄥𑄧𑄟𑄢𑄬 𑄃𑄨𑄇𑄴𑄪𑄣𑄧𑄖𑄴 𑄡𑄬𑄘𑄇𑄴, 𑄈𑄬𑄘𑄇𑄴 𑄃 𑄗𑄬𑄘𑄇𑄴।",Present
এখন করে তাদের ক্ল্যাচটা তেতো হলো,𑄃𑄨𑄇𑄴𑄬 𑄉𑄧𑄢𑄨 𑄖𑄢 𑄇𑄬𑄣𑄌𑄴 𑄖𑄳𑄢𑄨 𑄃𑄪𑄘𑄨𑄣𑄇𑄴।,Past
কালো রঙের চামা দিে নাাচাা করতে হ,𑄇𑄣𑄨 𑄇𑄪𑄟𑄢𑄴 𑄌𑄋𑄴𑄟𑄢𑄴 𑄥𑄧𑄣𑄴𑄣 𑄛𑄧𑄢𑄟𑄧𑄢𑄴𑄥𑄧𑄣𑄮𑄭 𑄚𑄮𑄠𑄢𑄟𑄴 𑄌𑄋𑄴𑄟 𑄌𑄧𑄣𑄨 𑄛𑄬𑄘𑄧।,Present
তার কথা না মানলে তাাতাি খাওা যা,𑄖 𑄇𑄧𑄙 𑄚𑄧 𑄟𑄚𑄨𑄣𑄬 𑄥𑄬𑄎 𑄈𑄬𑄭 𑄛𑄠𑄴।,Present
চামা অনেক ব হছে,𑄌𑄋𑄴𑄟 𑄞𑄢𑄨 𑄙𑄁 𑄃𑄬𑄣𑄧।,Present
. সম মেেরা স্কুলে যা না,𑄃𑄧𑄇𑄴𑄗𑄧 𑄟𑄧𑄎𑄨𑄟𑄴 𑄃𑄨𑄇𑄴𑄪𑄣𑄧𑄖𑄴 𑄚𑄧 𑄡𑄠𑄴।,Present
.পাহাে পলেপদে পে,𑄉𑄬𑄣𑄬𑄠𑄳𑄠𑄧 𑄛𑄧𑄘𑄧𑄖𑄴 𑄛𑄧𑄣𑄴𑄬 𑄗𑄠𑄴।,Present
এক নাগাে স্কুলে গেলে মানা করে,𑄃 𑄚𑄮𑄠𑄢𑄟𑄬 𑄃𑄨𑄇𑄴𑄪𑄣𑄧𑄖𑄴 𑄉𑄬𑄣𑄬 𑄟𑄚 𑄉𑄧𑄢𑄬।,Present
যেদিন স্কুলে যাওা হনা তখন বকাবকি করে,𑄡𑄬𑄘𑄨𑄚𑄴 𑄃𑄨𑄇𑄴𑄪𑄣𑄧𑄖𑄴 𑄡𑄚 𑄚𑄧 𑄦𑄧𑄠𑄴 𑄥𑄬𑄘𑄨𑄚𑄴 𑄙𑄬𑄁 𑄉𑄧𑄢𑄨𑄘𑄧।,Present
"কুাল চুরি,নারিকুল চুরি সবসম করে","𑄇𑄪𑄌𑄴𑄬𑄣𑄴 𑄌𑄪𑄢𑄴, 𑄚𑄢𑄨𑄇𑄪𑄣𑄴 𑄌𑄪𑄢𑄴 𑄚𑄚𑄋𑄚𑄴 𑄙𑄬𑄁 𑄉𑄧𑄢𑄬।",Present
এক দিন তাদের নদীর কথা ভে কানে পেছে,𑄃𑄬𑄇𑄴𑄘𑄨𑄚𑄴 𑄖𑄢𑄢𑄴 𑄙𑄬𑄋𑄧 𑄇𑄧𑄙𑄚𑄨 𑄞𑄚𑄴𑄖𑄬 𑄇𑄚𑄬 𑄣𑄬 𑄉𑄧𑄌𑄴𑄬।,Present
"ভে তারা দুইজনে ডাকলো,নাারাম থেকে পূজা করল সেই কথা","𑄞𑄚𑄴𑄖𑄬 𑄖𑄢 𑄘𑄨𑄎𑄧𑄢𑄬 𑄘𑄉𑄨𑄣𑄧, 𑄚𑄮𑄠𑄧𑄢𑄟𑄧𑄖𑄴𑄪𑄚𑄴 𑄛𑄪𑄎𑄮𑄢𑄴 𑄉𑄧𑄢𑄨𑄣𑄧 𑄥𑄬 𑄇𑄧𑄙।",Past
নাারমে কোনো জোা না দিে শুধু মাথার বালিশটা পে আছে,𑄚𑄮𑄠𑄢𑄧𑄟𑄬 𑄇𑄧𑄚𑄧 𑄎𑄮𑄛𑄴 𑄚𑄧 𑄘𑄨 𑄝𑄚 𑄥𑄨𑄢𑄬𑄝𑄱 𑄛𑄮𑄌𑄴𑄬 𑄛𑄮𑄌𑄴𑄬 𑄃𑄊𑄬।,Present
"তার চেহারা দেখে ভ লাগে,সে চুরি করে নাকি তুমি চুরি করো?","𑄖 𑄙𑄧𑄇𑄴 𑄝𑄪𑄏𑄨 𑄞𑄚𑄴𑄖𑄴𑄬 𑄇𑄧𑄣𑄧, 𑄖𑄬 𑄌𑄪𑄢𑄴 𑄉𑄧𑄢𑄬 𑄞𑄨𑄣𑄨𑄚𑄴 𑄖𑄪𑄭 𑄌𑄪𑄢𑄴 𑄉𑄧𑄢𑄨𑄝𑄬?",Present
বার বার আসা যাওার কথা শুনে ভে আর থাকতে ইচ্ছে করে না,𑄝𑄢𑄴𑄝𑄢𑄴 𑄖𑄢𑄢𑄴 𑄙𑄬𑄋𑄧 𑄇𑄧𑄙 𑄃 𑄃𑄨𑄇𑄴𑄪𑄣𑄧𑄖𑄴 𑄚𑄧 𑄡𑄚𑄢𑄴 𑄇𑄧𑄙 𑄥𑄪𑄚𑄨 𑄞𑄚𑄴𑄖𑄬 𑄚𑄧 𑄢𑄊𑄬𑄝𑄢𑄴 𑄟𑄧𑄚𑄴𑄎𑄪𑄇𑄴 𑄉𑄧𑄢𑄬।,Present
.সে কালিটা কানে পরিধান করছে।,𑄥𑄨𑄠𑄚𑄴 𑄇𑄣𑄨𑄇𑄪𑄟𑄢𑄧 𑄇𑄚𑄬 𑄣𑄳𑄦𑄬 𑄉𑄧𑄌𑄴𑄬।,Present
নাারমাকে ডেকে বল এবার আমাদের এখানে থাকার জাগা নেই,𑄚𑄮𑄠𑄢𑄧𑄟𑄢𑄬 𑄘𑄉𑄨 𑄇𑄧𑄣𑄧 𑄃𑄬𑄝𑄢𑄴 𑄃𑄟𑄢𑄴 𑄃𑄨𑄙𑄪 𑄗𑄬𑄝𑄢𑄴 𑄎𑄉 𑄚𑄬𑄭।,Present
ভে দৌে যাওা,𑄞𑄚𑄴𑄖𑄬 𑄙𑄝𑄬 𑄘𑄨𑄝𑄢𑄴 𑄇𑄧𑄢𑄴।,Present
এক জাতী বুনো ফল যা সবজি হিসেবে ব্যবহৃত হ,𑄚𑄮𑄠𑄢𑄟𑄧𑄢𑄴 𑄝𑄪𑄉𑄧𑄖𑄴 𑄌𑄨𑄘𑄬 𑄥𑄧𑄟𑄬𑄣𑄧।,Present
"কি গরিব,নিজের কূল পাওা যা না","𑄇𑄨 𑄉𑄧𑄢𑄨𑄝𑄧, 𑄞𑄝𑄨 𑄇𑄪𑄣𑄧 𑄚𑄧 𑄛𑄠𑄴।",Present
সে চাা পা দেখতে চা,𑄖𑄬 𑄌𑄠𑄴 𑄣𑄬𑄊 𑄛𑄧𑄢 𑄥𑄨𑄊𑄨𑄝𑄢𑄴।,Present
কালি কুমারের নািে নাাচাা করে যেতে হ,𑄇𑄣𑄨 𑄇𑄪𑄟𑄢𑄴 𑄚𑄮𑄠𑄢𑄟𑄧𑄢𑄬 𑄝𑄢𑄴 𑄝𑄢𑄴 𑄇𑄪𑄎𑄮𑄣𑄨 𑄉𑄧𑄢𑄬 𑄙𑄬𑄭 𑄡𑄬𑄝𑄢𑄴।,Present
"পারামকে বুক বেঁধে দাও,চিন্তা করিও না,তুমি শুধু আমার সাথে যাও","𑄛𑄧𑄢𑄬 𑄚𑄮𑄠𑄢𑄟𑄧𑄢𑄬 𑄝𑄪𑄇𑄴 𑄝𑄚𑄨 𑄘𑄨𑄚𑄬𑄭 𑄇𑄧𑄣𑄧, 𑄌𑄨𑄘𑄬 𑄚𑄧 𑄉𑄧𑄢𑄨𑄌𑄴, 𑄖𑄪𑄭 𑄝𑄚 𑄟𑄧 𑄥𑄧𑄟𑄢𑄬 𑄡𑄬𑄣𑄬 𑄃𑄧𑄞𑄧।",Present
.আমি সব যোগা করবো,𑄟𑄪𑄭 𑄝𑄬𑄇𑄴 𑄎𑄪𑄉𑄧𑄣𑄴 𑄉𑄧𑄢𑄨𑄟𑄴।,Future
সারাদিন চুপ করে তারা কলকা মাকার জন্য রওনা দিল,𑄘𑄨𑄚𑄴𑄛𑄪𑄢𑄴 𑄗𑄨𑄇𑄴 𑄉𑄧𑄢𑄨 𑄖𑄢 𑄇𑄧𑄣𑄴𑄇𑄖 𑄟𑄧𑄈𑄳𑄠𑄬 𑄣𑄧𑄖𑄴 𑄘𑄨𑄣𑄇𑄴 𑄞𑄚𑄴𑄖𑄬𑄖𑄴𑄪𑄚 𑄌𑄪𑄢𑄴 𑄉𑄧𑄢𑄨।,Past
এই ভে তারা পথে যাওা খবর পেল,𑄃𑄨𑄚𑄴𑄘𑄨 𑄞𑄚𑄴𑄖𑄬 𑄖𑄢 𑄙𑄬𑄭 𑄡𑄚 𑄈𑄧𑄝𑄧𑄢𑄴 𑄛𑄬𑄣𑄧।,Past
ভে ভে,𑄞𑄚𑄴𑄖𑄬 𑄌𑄨𑄘𑄬 𑄥𑄧𑄟𑄴𑄬।,Present
সব জাগা জাগা খবর দিল সে,𑄝𑄬𑄇𑄴 𑄎𑄉𑄠𑄴 𑄎𑄉𑄠𑄴 𑄈𑄧𑄝𑄧𑄢𑄴 𑄘𑄨𑄣𑄧 𑄞𑄚𑄴𑄖𑄬।,Past
কদিন পর চিতা জঙ্গল থেকে তাদেরকে ধরে নিয়ে গেল,𑄇𑄧𑄠𑄬𑄇𑄴 𑄘𑄨𑄚𑄴 𑄛𑄧𑄢𑄴 𑄌𑄨𑄖𑄉𑄁𑄝𑄧𑄚𑄴𑄘𑄧𑄢𑄧𑄖𑄴𑄪𑄚𑄴 𑄖𑄢𑄢𑄬 𑄙𑄪𑄢𑄨 𑄃𑄚𑄨 𑄞𑄚𑄴𑄖𑄬𑄢𑄬 𑄉𑄧𑄎𑄬 𑄘𑄨𑄣𑄇𑄴।,Past
একটা ভিক্ষুক আরও বেশি চিবিেছে,𑄃𑄨𑄇𑄳𑄠𑄬 𑄞𑄚𑄴𑄖𑄬𑄢𑄴 𑄃𑄢𑄧 𑄝𑄬𑄌𑄴 𑄌𑄨𑄘𑄬 𑄥𑄧𑄟𑄬𑄣𑄧।,Present
কদিন যাওার পর ভাঙা পাের থেকে যাত্রাপালা করে এক বান্দার শরীর দিে মানুষ মারা যা,𑄇𑄧𑄠𑄬𑄇𑄴 𑄘𑄨𑄚𑄴 𑄡𑄘𑄬 𑄞𑄋𑄟𑄪𑄢𑄧𑄖𑄴𑄪𑄚𑄴 𑄡𑄖𑄳𑄢𑄟𑄧𑄕𑄨 𑄚𑄋𑄬 𑄃𑄬𑄇𑄴 𑄝𑄧𑄚𑄴𑄘 𑄌𑄨𑄖𑄴𑄟𑄧𑄢𑄧𑄁 𑄇𑄨𑄠𑄮𑄋𑄧𑄖𑄴 𑄟𑄚𑄴𑄠𑄳𑄠 𑄥𑄬𑄢 𑄡𑄠𑄴।,Present
ভে তাকে বলে-এই ভে সাপটাকে মেরে দাও,𑄞𑄚𑄴𑄖𑄬 𑄖𑄢𑄬 𑄇𑄧𑄠𑄴- 𑄃𑄬 𑄉𑄪𑄢𑄧𑄝𑄧𑄢𑄬 𑄝𑄎𑄬𑄭𑄍𑄧𑄢 𑄥𑄛𑄳𑄠𑄬𑄢𑄬 𑄉𑄧𑄎𑄬 𑄘𑄨 𑄘𑄨𑄌𑄴𑄮𑄠𑄴।,Present
বািে যাওার সম সব তুলে নিল,𑄊𑄧𑄢𑄧𑄖𑄴 𑄣𑄪𑄟𑄨 𑄡𑄖𑄳𑄢𑄟𑄧𑄕𑄨 𑄚𑄮𑄠𑄢𑄟𑄧𑄖𑄴𑄪𑄚𑄴 𑄝𑄬𑄇𑄴 𑄃𑄪𑄘𑄧 𑄣𑄧𑄣𑄧।,Past
পূজা করতে করতে তার বািতে গরু চতে হবে,𑄛𑄪𑄎𑄮𑄢𑄴 𑄉𑄧𑄢𑄬𑄉𑄧𑄢𑄬 𑄖𑄢𑄴 𑄊𑄧𑄢𑄧𑄖𑄴 𑄉𑄧𑄢𑄪 𑄌𑄧𑄢 𑄗𑄬𑄝𑄧 𑄚𑄨𑄚।,Future
তার বািতে থাকার জন্য সম্মত হলো,𑄚𑄮𑄠𑄢𑄟𑄬 𑄖 𑄊𑄧𑄢𑄧𑄖𑄴 𑄗𑄬𑄝𑄢𑄴 𑄢𑄎𑄨 𑄦𑄧𑄣𑄧।,Past
"কেন, তার ডান দিকে না থাকলে কোন গাছে বাঁশ নেই","𑄇𑄨𑄖𑄴𑄬, 𑄖𑄢𑄴 𑄘𑄬𑄚𑄬 𑄌𑄬𑄣𑄬 𑄚𑄬𑄭 𑄝𑄋𑄬 𑄌𑄬𑄣𑄬 𑄇𑄧𑄚𑄧 𑄉𑄳𑄦𑄖𑄴 𑄝𑄌𑄳𑄠𑄬 𑄃𑄨𑄖𑄴𑄮𑄇𑄪𑄘𑄪𑄟𑄴 𑄚𑄬𑄭।",Present
তার জাগাটা একসাথে এনে ভে দিল,𑄖 𑄎𑄬𑄖𑄴𑄖𑄝𑄮 𑄥𑄧𑄟𑄢𑄬 𑄃𑄬𑄚𑄬𑄭 𑄞𑄚𑄴𑄖𑄬𑄢𑄬 𑄉𑄧𑄎𑄬 𑄘𑄨𑄣𑄧।,Past
এগুলো চিন্তা করে সে বািতে গরু রাখতে গেল,𑄃𑄨𑄠𑄚𑄨 𑄞𑄝𑄨 𑄖𑄬 𑄞𑄋𑄟𑄪𑄢𑄧𑄖𑄴 𑄡𑄖𑄳𑄢𑄟𑄪𑄕𑄨 𑄊𑄧𑄢𑄧𑄖𑄴 𑄉𑄧𑄢𑄪𑄌𑄧𑄢 𑄗𑄬𑄭 𑄉𑄬𑄣𑄧।,Past
সে ভাঙামুিে একটা মাছ আছে,𑄥𑄬 𑄞𑄋𑄟𑄪𑄢𑄧𑄖𑄴 𑄃𑄬𑄇𑄴𑄱 𑄟𑄌𑄴𑄖𑄧𑄢𑄴 𑄃𑄊𑄬।,Present
সে লেখাপা দিে নাচা করে সংসার থেকে বের হে গেল,𑄖𑄬 𑄣𑄬𑄊 𑄥𑄬𑄊𑄘𑄬 𑄚𑄮𑄠𑄢𑄟𑄬 𑄝𑄧𑄎𑄧𑄋𑄚𑄨 𑄙𑄪𑄢𑄨 𑄘𑄳𑄠𑄬।,Past
"এক দিন যাত্রা শুরু হেছে, সে ছেলেটাকে ডেকে পূজার নিে কি করছে","𑄃𑄬𑄇𑄴 𑄘𑄨𑄚𑄴 𑄡𑄖𑄳𑄢𑄟𑄧𑄕𑄨 𑄥𑄨𑄡𑄚𑄴 𑄈𑄧𑄝𑄧𑄢𑄴 𑄛𑄬𑄣𑄧 𑄃 𑄚𑄮𑄠𑄢𑄟𑄧𑄢𑄬 𑄘𑄉𑄨 𑄛𑄪𑄎𑄮𑄢𑄴 𑄣𑄧𑄣𑄧, 𑄖𑄬 𑄇𑄨𑄠𑄮𑄋𑄧𑄖𑄴 𑄗𑄬𑄚𑄬𑄭 𑄇𑄨 𑄉𑄧𑄌𑄴𑄬।",Present
ভে তাকে বোই করার জন্য রওনা হে গেল,𑄞𑄚𑄴𑄖𑄬 𑄖𑄢𑄬 𑄣𑄬𑄊 𑄥𑄬𑄊𑄬𑄠𑄬 𑄞𑄨𑄣𑄨𑄚𑄴 𑄇𑄧𑄣𑄬 𑄡𑄖𑄳𑄢𑄟𑄪𑄕𑄨 𑄚𑄮𑄠𑄢𑄟𑄧𑄢𑄬 𑄉𑄧𑄢𑄪𑄌𑄧𑄢𑄖𑄴𑄪 𑄥𑄧𑄢𑄚𑄴 𑄘𑄨 𑄟𑄌𑄴𑄖𑄧𑄢𑄴 𑄝𑄚𑄬𑄣𑄧।,Past
এখান থেকে আমার মনটা ব হেছে,𑄃𑄨𑄖𑄴𑄪𑄚𑄴 𑄚𑄮𑄠𑄢𑄟𑄧 𑄟𑄧𑄚𑄚𑄴 𑄘𑄋𑄧𑄢𑄴 𑄦𑄧𑄣𑄧।,Present
"জুে পেলে কবি পে,নানা ধরনের কথা বলে","𑄎𑄪 𑄛𑄬𑄣𑄬 𑄇𑄧𑄝𑄨𑄘𑄳𑄠 𑄣𑄬𑄊𑄬, 𑄚𑄚𑄋𑄴 𑄥𑄥𑄴𑄖𑄳𑄢𑄧 𑄇𑄧𑄙 𑄇𑄧𑄠𑄴।",Present
স্বপ্নে স্বপ্নে বেগের মন জ করে নিল,𑄌𑄘𑄬 𑄌𑄘𑄬 𑄝𑄬𑄉𑄧𑄢𑄴 𑄟𑄧𑄚𑄴 𑄎𑄧𑄠𑄴 𑄉𑄧𑄢𑄨 𑄚𑄨𑄣𑄧।,Past
.শুনানো যাওার সম তার স্ত্রী ফুল দিে জুতা তৈরি করার চেষ্টা করছে,𑄥𑄪𑄚𑄚𑄪 𑄡𑄖𑄳𑄢𑄟𑄧𑄕𑄨 𑄌𑄋𑄴𑄟 𑄖 𑄏𑄨 𑄜𑄪𑄣𑄬𑄥𑄳𑄦𑄧𑄢𑄨 𑄌𑄋𑄴𑄟𑄢𑄬 𑄚𑄮𑄠𑄢𑄧𑄟𑄴𑄣𑄮𑄃𑄨 𑄎𑄧𑄙𑄧𑄚𑄴 𑄝𑄚𑄨 𑄘𑄨𑄝𑄢𑄴 𑄃𑄃𑄮𑄌𑄴 𑄉𑄧𑄢𑄬।,Present
.ফুলেশা মাছটা সহজে ধরে না এমন বোই আছে,𑄜𑄪𑄣𑄬𑄥𑄳𑄦𑄧𑄢𑄨𑄢𑄴 𑄟𑄚𑄴𑄌𑄳𑄠 𑄇𑄮𑄌𑄴 𑄚𑄧 𑄛𑄨𑄠𑄳𑄠 𑄝𑄬𑄙𑄨 𑄃𑄊𑄬।,Present
তুতো নাাচাা করতে রাজি হলো,𑄖𑄪𑄃𑄧 𑄚𑄮𑄠𑄢𑄟𑄬 𑄢𑄎𑄨 𑄦𑄧𑄣𑄧।,Past
"কোথা,কেন,শুনানো যাওার সমে তাকে মাছ ধরার সম মনে হ","𑄇𑄨𑄖𑄴𑄬𑄠𑄴, 𑄥𑄪𑄚𑄚𑄪 𑄡𑄖𑄳𑄢𑄟𑄧𑄕𑄨 𑄍𑄝 𑄛𑄬𑄚𑄬𑄭 𑄃𑄨𑄇𑄳𑄠𑄬 𑄖𑄢𑄬 𑄟𑄌𑄴𑄖𑄧𑄢𑄴 𑄃𑄨𑄎𑄬𑄝𑄬 𑄌𑄨𑄚𑄧𑄚𑄴।",Present
কথা শুনে তারা দুই জন জ হেছে,𑄝𑄧𑄌𑄧𑄚𑄴 𑄌𑄬𑄭 𑄃𑄬𑄇𑄴 𑄟𑄧𑄦𑄬𑄚𑄴𑄘𑄳𑄢𑄧 𑄈𑄬𑄚𑄧𑄖𑄴 𑄖𑄢𑄢𑄴 𑄘𑄨𑄎𑄧𑄚𑄧𑄢𑄴 𑄎𑄧𑄙𑄧𑄚𑄴 𑄦𑄧𑄣𑄧।,Present
এখানে দিন দিন ফুলতেছে বোই যা,𑄃𑄨𑄚𑄴𑄘𑄨 𑄘𑄨𑄚𑄴 𑄘𑄨𑄚𑄴 𑄜𑄪𑄣𑄬𑄥𑄳𑄦𑄧𑄢𑄨 𑄝𑄬𑄙𑄨𑄠𑄚𑄴 𑄞𑄢𑄨 𑄡𑄢𑄴।,Present
একসাথে তার বিয়ে হলো,𑄥𑄧𑄟𑄢𑄬 𑄖𑄢𑄴𑄠𑄳𑄠𑄧 𑄥𑄎𑄪𑄢𑄨𑄣𑄧।,Past
. খবর পাওার পর চন্দ্রটা ছিঁা শুরু করে,𑄈𑄧𑄝𑄧𑄢𑄴 𑄛𑄬𑄣𑄧 𑄌𑄧𑄚𑄴𑄘𑄳𑄢𑄧𑄊𑄮𑄚 𑄥𑄨𑄙𑄪 𑄜𑄢𑄋𑄨 𑄌𑄨𑄇𑄨𑄖𑄴𑄥𑄳𑄠 𑄉𑄧𑄢𑄧𑄚𑄴।,Present
কতজন লোক ভালো হে আসলো,𑄃 𑄇𑄧𑄠𑄬𑄇𑄴 𑄎𑄧𑄚𑄴𑄠𑄳𑄠𑄧 𑄉𑄧𑄟𑄴 𑄃𑄧𑄭 𑄃𑄬𑄣𑄇𑄴।,Past
নাাচাা করে আবার চলে গেল,𑄚𑄮𑄠𑄢𑄟𑄬 𑄃𑄢𑄴 𑄘𑄬𑄢𑄨 𑄚𑄧 𑄉𑄧𑄢𑄨 𑄘𑄨𑄙𑄪 𑄡𑄬𑄣𑄇𑄴।,Past
ডা এস্কটা তাকে একটা পরামর্শ দিল,𑄓 𑄃𑄬𑄌𑄴𑄇𑄳𑄢𑄮𑄝𑄴 𑄖𑄢𑄬 𑄃𑄬𑄇𑄴𑄈𑄚𑄴 𑄥𑄧𑄢𑄴𑄖𑄧 𑄘𑄨𑄣𑄧।,Past
"খ্রিস্টান হতে হবে,সে,ফারাঙি শিক্ষা পাবে","𑄈𑄳𑄢𑄨𑄥𑄴𑄑𑄚𑄴 𑄃𑄧𑄭 𑄛𑄧𑄢𑄨𑄝𑄧, 𑄖𑄳𑄦𑄬,𑄜𑄢𑄋𑄨 𑄌𑄨𑄇𑄨𑄖𑄴𑄥𑄳𑄠 𑄛𑄬𑄝𑄧।",Future
শুনানো নাামাা করে সেই সত্যটা মনে হ না হলে,𑄥𑄪𑄚𑄚𑄪 𑄚𑄮𑄠𑄢𑄟𑄬 𑄥𑄬 𑄥𑄧𑄖𑄴𑄧𑄠𑄚𑄴 𑄟𑄚𑄨 𑄛𑄬𑄣𑄧 𑄟𑄧𑄚𑄬 𑄚𑄧 𑄦𑄧𑄣𑄬𑄠𑄳𑄠𑄧।,Present
এক জাতী বুনো ফল,𑄙𑄢𑄘𑄨𑄊𑄧𑄣𑄨,Present
সাপটা চাকমাদের গ্রামের এক মেে পালিে খেলছে,𑄥𑄛𑄴𑄎𑄧𑄠𑄨 𑄢𑄪𑄛𑄴𑄚 𑄌𑄋𑄴𑄟𑄝𑄁𑄣 𑄘𑄬𑄏𑄧𑄢𑄴 𑄃𑄬𑄇𑄴𑄇𑄱 𑄟𑄨𑄣𑄬 𑄗𑄬𑄋𑄴𑄝𑄮𑄣𑄴/𑄜𑄪𑄑𑄴𑄝𑄧𑄣𑄴 𑄈𑄢 𑄦𑄧𑄠𑄬।,Present
তারা বাঙালি জাতী মহিলা ফুটবল খেলছে,𑄖𑄢 𑄝𑄁𑄣𑄘𑄬𑄌𑄴 𑄎𑄖𑄨𑄠𑄧 𑄟𑄧𑄦𑄨𑄣 𑄜𑄪𑄓𑄴𑄝𑄧𑄣𑄴 𑄘𑄧𑄣𑄴 𑄃 𑄝𑄧𑄥𑄪𑄚𑄴𑄙𑄧𑄢 𑄇𑄨𑄁𑄥𑄴 𑄟𑄧𑄦𑄨𑄣 𑄜𑄪𑄓𑄴𑄝𑄧𑄣𑄴 𑄘𑄧𑄣𑄧𑄢𑄴 𑄦𑄧𑄃𑄨 𑄈𑄬𑄣𑄬।,Present
.২০২২ সালে সাফ মেে চে খেলে চাই হেছে।,𑄸𑄶𑄸𑄸 𑄈𑄳𑄢𑄨 𑄥𑄜𑄴 𑄟𑄨𑄣𑄬 𑄌𑄳𑄠𑄟𑄴𑄛𑄨𑄠𑄧𑄚𑄴𑄥𑄨𑄛𑄧𑄖𑄴 𑄝𑄁𑄣𑄘𑄬𑄏𑄨 𑄎𑄖𑄨𑄠𑄧 𑄘𑄧𑄣𑄧𑄖𑄴 𑄈𑄢 𑄈𑄬𑄣𑄬 𑄌𑄳𑄠𑄟𑄴𑄛𑄨𑄠𑄧𑄚𑄴 𑄦𑄧𑄚𑄴 𑄃 𑄖𑄢𑄢𑄬 𑄥𑄬 𑄑𑄪𑄢𑄴𑄚𑄟𑄬𑄚𑄴𑄑𑄧𑄢𑄴 𑄥𑄬𑄢 𑄉𑄮𑄣𑄴𑄢𑄧𑄇𑄴𑄇𑄬 𑄉𑄧𑄢𑄨𑄠𑄳𑄠 𑄃𑄨𑄎𑄬𑄝𑄬 𑄚𑄇𑄴𑄝𑄌𑄴 𑄦𑄧𑄠𑄴।,Present
তার কাছ থেকে জোপ দিে চামা পত্রিকা ব করে শুনাচ্ছে,𑄖𑄖𑄴𑄖𑄪𑄚𑄴 𑄎𑄮𑄛𑄴 𑄣𑄮𑄃𑄨𑄠𑄬 𑄌𑄋𑄴𑄟 𑄥𑄦𑄨𑄖𑄳𑄠𑄧 𑄛𑄧𑄖𑄳𑄢𑄨𑄇 𑄘𑄋𑄧𑄢𑄴 𑄇𑄝𑄨𑄘𑄳𑄠𑄋𑄴 𑄥𑄪𑄚𑄚𑄪 𑄃𑄨𑄚𑄴𑄎𑄬𑄝𑄴 𑄌𑄋𑄴𑄟𑄘𑄊𑄨।,Present
চাদি: পরিষ্কার করে দিবে?,𑄌𑄘𑄨: 𑄖𑄧𑄌𑄨𑄚𑄴𑄛𑄧𑄌𑄳𑄠𑄬 𑄘𑄨𑄝𑄬?,Future
.রূপনা: আমার নািভুিটা সুন্দর,𑄢𑄪𑄛𑄧𑄚: 𑄟𑄧 𑄚𑄋𑄚𑄴 𑄢𑄪𑄛𑄴𑄚 𑄌𑄋𑄴𑄟।,Present
"আমার বাবা সোনার চামা দিে ব্যবসা করে,আমার বাবা এখন নেই","𑄟𑄧 𑄝𑄝 𑄚𑄋𑄚𑄴 𑄉𑄎 𑄟𑄧𑄚𑄨 𑄌𑄋𑄴𑄟, 𑄟𑄖𑄴𑄖𑄧 𑄟𑄧 𑄝𑄝 𑄃𑄨𑄇𑄴𑄬 𑄚𑄬𑄃𑄨।",Present
বাবাকে অনেক ব করে এই পৃথিবীতে তুলতেছি,𑄝𑄝𑄢𑄬 𑄞𑄢𑄨 𑄉𑄧𑄢𑄨 𑄃𑄬 𑄃𑄧𑄇𑄴𑄖𑄧𑄖𑄴 𑄃𑄨𑄙𑄮𑄖𑄴 𑄖𑄪𑄣𑄧𑄋𑄧𑄢𑄴।,Present
আমার মামার নাম সোনার চামা,𑄟𑄧 𑄟𑄟𑄳𑄦 𑄚𑄋𑄚𑄴 𑄥𑄮𑄚 𑄌𑄋𑄴𑄟।,Present
"আমাদের গ্রামের পাশের গ্রাম,রাঙামাা গ্রামে","𑄃𑄟𑄳𑄦 𑄃𑄘𑄟𑄴 𑄞𑄪𑄃𑄨𑄠𑄮 𑄃𑄘𑄟𑄴 𑄚𑄚𑄳𑄠𑄌𑄧𑄢𑄴 𑄃𑄪𑄛𑄧𑄎𑄬𑄣, 𑄢𑄋𑄟𑄖𑄳𑄠 𑄎𑄬𑄣𑄖𑄴।",Present
চাদি: কেন বোল খেলার শখ হলো?,𑄌𑄘𑄨: 𑄇𑄬𑄚𑄬 𑄇𑄬𑄚𑄬 𑄝𑄮𑄣𑄴 𑄈𑄢 𑄈𑄬𑄣𑄬𑄝𑄢𑄴 𑄃𑄃𑄮𑄌𑄴 𑄦𑄧𑄣𑄧?,Past
রুপনা: আমি যখন ক্লাস ফাকি দিেছি তখন একটু সুযোগ পেলে একটুবোল খেলা খেলব,𑄢𑄪𑄛𑄴𑄚: 𑄟𑄪𑄃𑄨 𑄡𑄧𑄇𑄴𑄇𑄬 𑄇𑄬𑄣𑄌𑄴 𑄖𑄪-𑄖𑄳𑄢𑄨 𑄛𑄧𑄢𑄨𑄘𑄪𑄋𑄴 𑄥𑄬𑄇𑄴𑄇𑄬 𑄎𑄪 𑄛𑄬𑄣𑄬 𑄃𑄬𑄇𑄴𑄇 𑄃𑄬𑄇𑄴𑄇 𑄝𑄮𑄣𑄴 𑄈𑄢 𑄈𑄬𑄣𑄬𑄘𑄪𑄁।,Future
খেলা খেলা গাে গাে আওাজ দো,𑄈𑄬𑄣𑄘𑄬 𑄈𑄬𑄣𑄘𑄬 𑄉𑄠𑄴 𑄉𑄠𑄴 𑄃𑄃𑄮𑄌𑄴 𑄝𑄢𑄬𑄢𑄴 𑄃 𑄃𑄟𑄳𑄦 𑄃𑄨𑄇𑄴𑄇𑄪𑄣𑄮𑄢𑄴 𑄦𑄬𑄓𑄴𑄟𑄌𑄴𑄖𑄧𑄌𑄳𑄠 𑄟𑄚𑄴𑄝𑄧𑄣 𑄥𑄪𑄚𑄚𑄪 𑄥𑄧𑄁𑄇𑄧𑄢𑄴 𑄘𑄬 𑄃𑄪𑄌𑄴𑄍𑄮𑄟𑄨 𑄘𑄳𑄠।,Present
"আমার ঘর থেকে মা আর ব ভাই বের হে আসলো,তাই এখন এই পাহাে এই পাহাি","𑄃𑄢𑄧 𑄟𑄧 𑄉𑄨𑄢𑄨𑄖𑄴𑄖𑄪𑄚𑄴 𑄟𑄳𑄦 𑄃 𑄟𑄧𑄢𑄴 𑄝𑄧𑄢𑄴 𑄞𑄬𑄃𑄨𑄃𑄪𑄚𑄬 𑄃𑄬𑄎𑄣𑄴 𑄘𑄳𑄠𑄪𑄚𑄴, 𑄥𑄬𑄚𑄬 𑄃𑄬𑄌𑄳𑄠 𑄟𑄪𑄃𑄨 𑄃𑄨𑄖𑄴𑄘𑄪𑄢𑄧𑄖𑄴 𑄃𑄬𑄃𑄨 𑄛𑄌𑄴𑄌𑄪𑄋𑄴।",Past
চাদি: বোলতা হওার জন্য বোর থেকে বেশি ভালো লাগলো কেন একটা নিেছো?,𑄌𑄘𑄨: 𑄝𑄮𑄣𑄴 𑄈𑄢 𑄦𑄮𑄃𑄨𑄚𑄬𑄭 𑄝𑄬𑄉𑄧𑄖𑄴𑄖𑄪𑄚𑄴 𑄝𑄬𑄌𑄴 𑄉𑄧𑄟𑄴 𑄣𑄉𑄨𑄣𑄧 𑄃𑄬𑄙𑄧𑄇𑄳𑄠𑄬 𑄃𑄬𑄇𑄴𑄈𑄚𑄴 𑄚𑄨𑄏𑄬𑄚𑄨 𑄇𑄧𑄝𑄬?,Present
.রূপনা: আমি যতগুলো তাস খেলেছি ততগুলো মন দিে রাখার আছে।,𑄢𑄪𑄛𑄴𑄚: 𑄟𑄪𑄃𑄨 𑄡𑄬𑄇𑄴𑄈𑄚𑄨 𑄈𑄢 𑄈𑄬𑄣𑄬𑄠𑄮𑄋𑄴 𑄝𑄬𑄉𑄧𑄖𑄴𑄖𑄪𑄚𑄴 𑄝𑄬𑄌𑄴 𑄟𑄧𑄚𑄧𑄖𑄴 𑄢𑄊𑄬𑄝𑄢𑄴 𑄃𑄨𑄙𑄮𑄖𑄴 𑄉𑄘𑄬 𑄖𑄮𑄝𑄢𑄴 𑄃𑄊𑄬 𑄥𑄳𑄦𑄉𑄧𑄖𑄨𑄇𑄴 𑄚𑄬𑄛𑄣𑄴 𑄌𑄬𑄏𑄧𑄢𑄴 𑄜𑄃𑄨𑄚𑄣𑄴 𑄈𑄬𑄣𑄠𑄚𑄴।,Present
"কেন, সেই খাা গিে ট্রপি আনতে পারলাম","𑄇𑄨𑄖𑄴𑄖𑄬, 𑄥𑄬 𑄈𑄢𑄚𑄧𑄖𑄴 𑄏𑄨𑄘𑄨𑄚𑄬𑄃𑄨 𑄑𑄳𑄢𑄧𑄛𑄨 𑄃𑄚𑄨 𑄛𑄢𑄨𑄣𑄧𑄁।",Past
সেই হুমকিতে সারা গ্রামের শুনা ছিঁা শেষ হলো,𑄥𑄬 𑄘𑄧𑄟𑄢𑄬 𑄌𑄬𑄢𑄛𑄇𑄨𑄗𑄳𑄠 𑄘𑄬𑄏𑄧𑄢𑄴 𑄥𑄪𑄚𑄋𑄴 𑄍𑄨𑄘𑄨 𑄛𑄪𑄢𑄨𑄣𑄧।,Past
.সে নাকি আমার এখানে এই খোলটা শেষ করবে,𑄥𑄬𑄚𑄧𑄖𑄳𑄠𑄃𑄨 𑄚𑄨𑄏𑄬𑄨𑄚𑄨 𑄃𑄨𑄎𑄬𑄝𑄬 𑄟𑄧 𑄃𑄨𑄙𑄪 𑄃𑄬 𑄈𑄢𑄚𑄴 𑄟𑄪𑄣𑄳𑄠𑄧 𑄝𑄬𑄌𑄴।,Future
চাটাই: পাহাের দিনে তোমার আগ্রহ কি?,𑄌𑄘𑄨: 𑄟𑄪𑄏𑄪𑄋𑄧𑄢𑄴 𑄘𑄨𑄚𑄧𑄖𑄴 𑄖𑄧𑄟 𑄃𑄪𑄘𑄴𑄘𑄬𑄥𑄳𑄠𑄧 𑄇𑄨?,Present
.রূপক: সামনের দিন গুলো অনেক সুন্দর,𑄢𑄪𑄛𑄴𑄚: 𑄟𑄪𑄏𑄪𑄋𑄧𑄢𑄴 𑄘𑄨𑄚𑄪𑄚𑄴 𑄝𑄬𑄉𑄧𑄢𑄴 𑄘𑄮𑄣𑄴 𑄃𑄮𑄘𑄮𑄇𑄴।,Present
"আমি যতগুলো খেলা পারি দেখতেছি, পাহাের দিকে আমার ভাই-বোনগুলো অনেক ভালো করে খেলতে পারে এই কথাগুলো মনে হ","𑄟𑄪𑄃𑄨 𑄡𑄬𑄙𑄧𑄇𑄳𑄠𑄬 𑄈𑄢 𑄛𑄢𑄨𑄚𑄬𑄃𑄨 𑄘𑄬𑄏𑄧𑄢𑄴 𑄃 𑄎𑄘𑄧𑄢𑄬 𑄈𑄪𑄎𑄨 𑄉𑄪𑄢𑄨 𑄛𑄌𑄴𑄍𑄮𑄣𑄴, 𑄟𑄪𑄏𑄪𑄋𑄬𑄘𑄨 𑄘𑄨𑄚𑄪𑄚𑄮𑄖𑄴 𑄟𑄧 𑄉𑄪𑄢𑄧 𑄞𑄬𑄃𑄨-𑄞𑄮𑄚𑄪𑄚𑄴 𑄟𑄧𑄖𑄴𑄪𑄚𑄴 𑄝𑄬𑄌𑄴 𑄉𑄧𑄟𑄴 𑄈𑄢 𑄘𑄬𑄊𑄬𑄚𑄬𑄃𑄨 𑄘𑄬𑄏𑄧𑄢𑄬 𑄃 𑄎𑄘𑄧𑄢𑄬 𑄥𑄪𑄚𑄋𑄴 𑄢𑄊𑄬 𑄘𑄨 𑄛𑄢𑄧𑄚𑄴 𑄛𑄢 𑄃𑄬 𑄃𑄏𑄃𑄚𑄴 𑄢𑄊𑄋𑄴।",Present
"চাদি: চাকমাদেরকে তুমি সুন্দর একটা জাগা রেখেছো, এই জাগা কি কষ্ট আছে?","𑄌𑄘𑄨: 𑄌𑄋𑄴𑄟 𑄎𑄖𑄴𑄖𑄮𑄢𑄬 𑄖𑄪𑄟𑄨 𑄘𑄮𑄣𑄴 𑄃𑄬𑄇𑄴𑄈𑄚𑄴 𑄎𑄉𑄖𑄴 𑄣𑄪𑄟𑄬 𑄘𑄨𑄣, 𑄃𑄬 𑄎𑄘𑄧𑄖𑄳𑄠𑄃𑄨 𑄇𑄨 𑄉𑄧𑄢𑄨𑄝𑄢𑄴 𑄃𑄃𑄮𑄌𑄴 𑄃𑄊𑄬?",Present
".রূপনা: যতগুলো করে আমি স্বর্ণকেশী,মানিশা, অনুচিে আসা মেেদের সাথে খেলা দেখবো,সামনের দিনগুলো সুন্দর করে দেখবো","𑄢𑄪𑄛𑄴𑄚: 𑄡𑄬𑄙𑄧𑄇𑄳𑄠𑄬 𑄉𑄧𑄢𑄨𑄚𑄬𑄃𑄨 𑄟𑄪𑄃𑄨 𑄃 𑄢𑄨𑄖𑄪𑄛𑄪𑄢𑄴𑄕, 𑄟𑄧𑄚𑄨𑄌, 𑄃𑄧𑄚𑄪𑄌𑄨𑄁 𑄃 𑄃𑄚𑄃𑄨 𑄟𑄧𑄉𑄧𑄚𑄨 𑄥𑄪𑄟𑄪𑄖𑄴𑄖𑄧 𑄈𑄢 𑄘𑄬𑄊𑄬𑄃𑄨 𑄛𑄌𑄴𑄍𑄬𑄃𑄨, 𑄟𑄪𑄏𑄪𑄋𑄬 𑄘𑄨𑄚𑄪𑄚𑄴 𑄃𑄨𑄖𑄴𑄪𑄚𑄴 𑄝𑄬𑄌𑄴 𑄘𑄮𑄣𑄴 𑄘𑄮𑄣𑄴 𑄈𑄢 𑄘𑄬𑄊𑄬𑄝𑄧𑄁।",Future
পাহাে আরেকটা কাপ আনবে এই ইচ্ছাটা আছে,𑄟𑄪𑄏𑄪𑄋𑄬𑄘𑄨 𑄃𑄢𑄧 𑄃𑄬𑄇𑄴𑄇𑄮 𑄇𑄛𑄴 𑄃𑄚𑄨𑄝𑄧𑄁 𑄃𑄬 𑄃𑄏𑄠𑄚𑄴 𑄃𑄊𑄬।,Present
.অন্যরা সামনে একটা ট্র্যাক নিে আসার সম আমাদের পাহাের পাশে একটা ট্র্যাক নিে আসছে বলে মনে হ,𑄃 𑄡𑄪𑄚𑄨 𑄟𑄪𑄏𑄪𑄋𑄬𑄘𑄨 𑄃𑄬𑄇𑄴𑄇𑄱 𑄑𑄳𑄢𑄧𑄛𑄨 𑄃𑄚𑄨 𑄛𑄢𑄨𑄃𑄨 𑄘𑄬𑄏𑄧𑄢𑄴 𑄥𑄪𑄚𑄋𑄧𑄢𑄴 𑄣𑄧𑄉𑄬 𑄣𑄧𑄉𑄬 𑄃𑄟𑄳𑄦 𑄟𑄪𑄢𑄪𑄣𑄳𑄠 𑄌𑄉𑄣𑄢𑄴 𑄎𑄪𑄟𑄴𑄟𑄧 𑄎𑄖𑄴𑄖𑄮𑄠𑄳𑄠𑄧 𑄡𑄬𑄚𑄴 𑄘𑄬𑄏𑄬 𑄝𑄨𑄘𑄬𑄏𑄬 𑄘𑄧𑄢𑄧𑄟𑄧𑄢𑄧 𑄦𑄧𑄃𑄨𑄚𑄬 𑄃𑄪𑄎𑄪 𑄉𑄧𑄢𑄨 𑄗𑄨𑄠𑄳𑄠 𑄗𑄬𑄃𑄨 𑄛𑄢𑄧𑄚𑄴।,Present
এই আওাজটা আমার মনে পেছে,𑄃𑄬 𑄃𑄃𑄮𑄌𑄴𑄃𑄚𑄴 𑄟𑄧 𑄟𑄧𑄚𑄧 𑄞𑄨𑄘𑄨𑄢𑄬 𑄢𑄊𑄬𑄠𑄮𑄋𑄴।,Present
"চাদি: চাকমারা ব একটা জাতি,তারা একদল, ভাত, সহা সংগঠন আছে, এক সমে দেশ এসেছে আজকে,এই পৃথিবীতে তুমি কি হবে?","𑄌𑄘𑄨: 𑄌𑄋𑄴𑄟𑄃𑄪𑄚𑄬 𑄘𑄋𑄧𑄢𑄴 𑄃𑄬𑄇𑄴𑄇𑄱 𑄎𑄖𑄴, 𑄖𑄢𑄢𑄴 𑄃𑄮𑄇𑄴𑄇𑄮𑄢𑄴, 𑄞𑄌𑄴, 𑄥𑄦𑄨𑄖𑄳𑄠𑄧 𑄥𑄧𑄁𑄥𑄴𑄇𑄳𑄢𑄨𑄖𑄨 𑄃𑄊𑄬, 𑄃𑄬𑄇𑄴 𑄃𑄧𑄇𑄴𑄖𑄧𑄖𑄴 𑄘𑄬𑄌𑄴 𑄃𑄬𑄣𑄧 𑄃𑄨𑄇𑄴𑄇𑄬 𑄛𑄧𑄢𑄙𑄨𑄚𑄴, 𑄃𑄬 𑄛𑄮𑄃𑄨𑄘𑄳𑄠𑄚𑄬 𑄖𑄪𑄃𑄨 𑄇𑄨 𑄇𑄧𑄝𑄬?",Present
".রূপনা: চাকমারা এক জাতী জাত আছে, ভাত আছে এই চাকমাদের মধ্যে","𑄢𑄪𑄛𑄧𑄚: 𑄌𑄋𑄴𑄟 𑄃𑄬𑄇𑄴𑄇𑄱 𑄘𑄋𑄧𑄢𑄴 𑄎𑄖𑄴 𑄃𑄨𑄎𑄬𑄝𑄬 𑄡𑄬𑄟𑄬𑄚𑄴 𑄃𑄮𑄇𑄴𑄇𑄮𑄢𑄴, 𑄞𑄌𑄴 𑄃 𑄢𑄨𑄘𑄨𑄥𑄪𑄙𑄮𑄟𑄴 𑄃𑄊𑄬 𑄃𑄬 𑄛𑄮𑄃𑄨𑄘𑄳𑄠𑄚𑄬 𑄟𑄪𑄢𑄴 𑄇𑄪𑄎𑄮𑄣𑄨 𑄝𑄬𑄇𑄴𑄇𑄪𑄚𑄬 𑄎𑄧𑄙 𑄦𑄮𑄚𑄬𑄃𑄨 𑄢𑄨𑄘𑄨𑄥𑄪𑄙𑄮𑄟𑄚𑄨 𑄘𑄧𑄢𑄧𑄟𑄧𑄢𑄧 𑄉𑄪𑄢𑄨 𑄙𑄪𑄢𑄨 𑄢𑄊𑄚 𑄉𑄧𑄢𑄧𑄌𑄴 𑄃𑄊𑄬।",Present
"আমরা তাদের সাথে সাথে থাকতে পারতাম না, একদিন এই আশাটা আমার মনে থাকবে",𑄃𑄟𑄨 𑄥𑄨𑄠𑄚𑄨𑄢𑄬 𑄡𑄪𑄚𑄨 𑄙𑄪𑄢𑄨 𑄢𑄊𑄬 𑄛𑄢𑄨𑄃𑄨 𑄈𑄟𑄇𑄴𑄇𑄠𑄴 𑄃𑄬𑄇𑄴𑄘𑄨𑄚𑄴 𑄥𑄪𑄇𑄴 𑄜𑄨𑄢𑄨 𑄛𑄬𑄝𑄧𑄁 𑄃𑄬 𑄃𑄏𑄠𑄚𑄴 𑄟𑄧 𑄟𑄧𑄚𑄧𑄖𑄴 𑄃𑄊𑄬।,Future
চাদি: হিল চাদিগাে তোমার কি শখ আছে?,𑄌𑄘𑄨: 𑄦𑄨𑄣𑄴 𑄌𑄘𑄨𑄉𑄋𑄴 𑄚𑄨𑄚𑄬𑄃𑄨 𑄖𑄧𑄢𑄴 𑄇𑄨 𑄥𑄧𑄝𑄧𑄚𑄴 𑄃𑄊𑄬?,Present
. রূপনা: হিলের মাথা দিে জুম্মরা একদিন যুদ্ধ করবে,𑄢𑄪𑄛𑄴𑄚: 𑄦𑄨𑄣𑄧𑄢𑄴 𑄞𑄨𑄘𑄨𑄎𑄳𑄠 𑄟𑄪𑄢𑄪𑄣𑄳𑄠 𑄎𑄪𑄟𑄴𑄟𑄧𑄃𑄪𑄚𑄴 𑄃𑄬𑄇𑄴𑄘𑄨𑄚𑄴 𑄎𑄧𑄙 𑄘𑄬𑄊𑄬𑄝𑄇𑄴।,Future
".সেটা দেখার পর উঠে যাবে,অন্যদের সাথে মিশে যাবে","𑄥𑄨𑄇𑄴𑄈 𑄘𑄨𑄇𑄴𑄈𑄠𑄴 𑄃𑄪𑄎𑄬 𑄡𑄬𑄝𑄇𑄴, 𑄎𑄧𑄙𑄝𑄧𑄣𑄬 𑄥𑄧𑄁𑄉𑄧𑄢𑄨 𑄣𑄟𑄨𑄝𑄇𑄴।",Future
"আমাদের এই হিল বাগানে একদিন ফাকি দিবে, শুকরের বই বেে যাবে এত সুন্দর আছে আমার মনে","𑄃𑄟𑄳𑄦 𑄃𑄬 𑄦𑄨𑄣𑄴 𑄌𑄘𑄨𑄉𑄋𑄚𑄧𑄖𑄴 𑄃𑄬𑄇𑄴𑄘𑄨𑄚𑄴 𑄜𑄉𑄮𑄚𑄧 𑄦𑄞 𑄜𑄨𑄢𑄨𑄝𑄧, 𑄥𑄪𑄉𑄮𑄢𑄴 𑄝𑄮𑄃𑄨𑄠𑄬𑄢𑄴 𑄝𑄬𑄃𑄨 𑄡𑄬𑄝𑄧 𑄃𑄬𑄙𑄧𑄇𑄳𑄠𑄬 𑄘𑄮𑄣𑄴 𑄃𑄏 𑄟𑄧 𑄟𑄧𑄚𑄧𑄖𑄴 𑄃𑄧𑄚𑄴𑄥𑄪𑄢𑄴 𑄖𑄪𑄝𑄮𑄣𑄴 𑄈𑄬𑄣𑄬।",Future
চাদি: বেগ উঠে কি বলা যাবে?,𑄌𑄘𑄨: 𑄝𑄬𑄉𑄧𑄢𑄴 𑄃𑄪𑄘𑄨𑄎𑄬 𑄇𑄨𑄏𑄪 𑄇𑄮𑄃𑄨 𑄡𑄬𑄝𑄬?,Future
.রূপনা: আমার পাহাের চূা সব জুাগুলো আমার মনে পে যাচ্ছে আর মনে পতেছে যে থাকার ইচ্ছা আছে,𑄢𑄪𑄛𑄧𑄚: 𑄃𑄟𑄢𑄴 𑄟𑄪𑄢𑄪𑄣𑄳𑄠 𑄌𑄉𑄣𑄢𑄴 𑄝𑄬𑄇𑄴 𑄎𑄪𑄟𑄴𑄟𑄧𑄃𑄪𑄚𑄧𑄢𑄬 𑄟𑄧 𑄟𑄧𑄚𑄧 𑄢𑄨𑄝𑄬𑄋𑄧𑄖𑄴𑄪𑄚𑄴 𑄌𑄨𑄖𑄴 𑄘𑄨𑄊𑄮𑄣𑄴 𑄞𑄣𑄬𑄘𑄨 𑄃 𑄇𑄮𑄌𑄴𑄛𑄚 𑄎𑄚𑄋𑄧𑄢𑄴 𑄃 𑄝𑄬𑄉𑄧𑄢𑄴 𑄃𑄪𑄘𑄨𑄎𑄬 𑄃𑄬𑄇𑄴 𑄎𑄧𑄙 𑄃𑄧𑄃𑄨 𑄗𑄬𑄝𑄢𑄴 𑄇𑄪𑄎𑄮𑄣𑄨 𑄗𑄬𑄣𑄧।,Present
চাদি: এত ব তোমার সাতকা ফেলে সমে দো,𑄌𑄘𑄨: 𑄃𑄬𑄙𑄧𑄇𑄴𑄇𑄧𑄚𑄴 𑄥𑄧𑄁 𑄖𑄧𑄟𑄢𑄴 𑄥𑄖𑄴𑄇𑄟𑄴 𑄜𑄬𑄣𑄬𑄃𑄨 𑄥𑄧𑄟𑄧𑄠𑄴 𑄘𑄬𑄚𑄢𑄴 𑄖𑄧𑄟𑄢𑄬 𑄛𑄖𑄴𑄖𑄪𑄢𑄪𑄖𑄪𑄢𑄪।,Present
রূপনা: তোমাকেও প্রজাপতির মতো দেখতেছি,𑄢𑄪𑄛𑄴𑄚: 𑄖𑄧𑄟𑄢𑄬𑄃𑄮 𑄛𑄖𑄴𑄖𑄪𑄢𑄪𑄖𑄪𑄢𑄪 𑄃 𑄏𑄪 𑄏𑄪।,Present
ভের জন্য আর লজ্জা থেকে চামা পা,𑄘𑄧𑄢𑄧𑄖𑄴𑄪𑄚𑄴 𑄃 𑄣𑄎𑄧𑄖𑄴𑄪𑄚𑄴 𑄌𑄋𑄴𑄟 𑄣𑄬𑄊 𑄥𑄨𑄉𑄚,Present
"সুঁচালো চাংমাহ্, চূা তিন বছরের পর্ব","𑄥𑄪𑄚𑄚𑄪 𑄥𑄪𑄌𑄴𑄟𑄨𑄖 𑄌𑄋𑄴𑄟, 𑄌𑄧𑄖𑄴𑄧𑄉𑄳𑄢𑄟𑄴 𑄝𑄨𑄌𑄴𑄥𑄧𑄝𑄨𑄘𑄳𑄠𑄣𑄧𑄠𑄴 (𑄛𑄣𑄨 𑄖𑄨𑄚𑄴 𑄝𑄧𑄏𑄧𑄎𑄳𑄠 𑄛𑄧𑄢𑄴𑄝𑄱)।",Present
ভূমিধসে আক্রান্ত বািতে এলে চামা লেগে যা,𑄘𑄧𑄁𑄉 𑄛𑄨𑄢𑄳𑄦𑄬 𑄇𑄧𑄢𑄮𑄚𑄖𑄳𑄠𑄃𑄨 𑄊𑄧𑄢𑄧𑄖𑄴 𑄃𑄬𑄣𑄬 𑄌𑄋𑄴𑄟 𑄣𑄬𑄉 𑄥𑄨𑄊𑄨𑄝𑄢𑄴 𑄎𑄪 𑄦𑄧𑄠𑄴।,Present
"সে অনেক ব নদীর তীরে চাংমাির পাশ দিে হেঁটে যাচ্ছে,চাংমাের পাশ দিে হেঁটে যাচ্ছে",𑄖𑄬 𑄉𑄬𑄣𑄴𑄬 𑄃𑄧𑄇𑄴𑄒𑄮𑄝𑄧𑄢𑄴 𑄟𑄏𑄧𑄖𑄴 𑄌𑄋𑄴𑄟 𑄥𑄦𑄨𑄖𑄳𑄠𑄧 𑄝𑄳𑄦 𑄝𑄊𑄃𑄨𑄍𑄧𑄢𑄳𑄦𑄨 𑄃𑄪𑄛𑄧𑄎𑄬𑄣 𑄙𑄬𑄣 𑄃𑄪𑄘𑄴𑄮𑄉𑄬 𑄃𑄪𑄉𑄧𑄣𑄴𑄍𑄧𑄢𑄳𑄦𑄨 𑄚𑄧𑄝𑄧𑄎𑄮𑄖𑄨 𑄟𑄧𑄚𑄮𑄢𑄧𑄟𑄴 𑄝𑄮𑄘𑄴𑄙𑄮 𑄝𑄨𑄦𑄢𑄧𑄖𑄴 {𑄥𑄨𑄎𑄧𑄇𑄴 𑄝𑄧𑄑𑄴𑄖𑄧𑄣} 𑄌𑄋𑄴𑄟 𑄣𑄬𑄊 𑄥𑄢𑄴𑄑𑄨𑄜𑄨𑄇𑄬𑄑𑄴 𑄇𑄮𑄢𑄴𑄥𑄴 𑄜𑄁 𑄉𑄧𑄢𑄳𑄦 𑄦𑄧𑄣𑄬 𑄥𑄪𑄚𑄚𑄪 𑄥𑄪𑄌𑄴𑄟𑄨𑄖 𑄌𑄋𑄴𑄟𑄢𑄬𑄠𑄳𑄠𑄧 𑄌𑄋𑄴𑄟 𑄣𑄬𑄊 𑄥𑄨𑄊𑄨𑄝𑄢𑄴 𑄎𑄪 𑄛𑄨𑄠𑄳𑄠 ।,Present
এত ভে ভে একটা চামা পা যা,𑄃𑄬𑄘𑄧𑄇𑄴 𑄞𑄨𑄣𑄮𑄚𑄴 𑄝𑄚 𑄍𑄧𑄱𑄖𑄴𑄜𑄮𑄘𑄬 𑄍𑄧𑄱𑄖𑄴𑄜𑄮𑄘𑄬 𑄃𑄬𑄣𑄧 𑄌𑄋𑄴𑄟 𑄣𑄬𑄊 𑄥𑄨𑄊𑄨𑄝𑄢𑄴।,Present
"মাটি, জুে পাওা যা না","𑄟𑄖𑄴𑄖𑄧𑄢𑄴, 𑄎𑄪 𑄚𑄧 𑄛𑄚𑄢𑄴 𑄥𑄨𑄊𑄚 𑄚𑄧 𑄦𑄧𑄠𑄴।",Present
"সে কল দিে খবর পা,আমি কল দিে খবর পে আসি,আমাদের দলে যোগ দিে আসলাম","𑄖𑄬 𑄇𑄧𑄣𑄧 -𑄟𑄪𑄃𑄨 𑄈𑄧𑄝𑄧𑄢𑄴 𑄛𑄁, 𑄃𑄟𑄨 𑄝𑄢𑄴𑄝𑄋𑄚𑄬 𑄟-𑄞𑄌𑄴𑄍𑄮𑄃𑄨 𑄣𑄬𑄊 𑄥𑄨𑄊𑄨𑄝𑄢𑄴 𑄎𑄪 𑄛𑄚𑄢𑄴 𑄛𑄧𑄢𑄴𑄠𑄳𑄠𑄧 𑄃 𑄚𑄬𑄖𑄘𑄊𑄨 𑄃𑄧𑄣𑄨𑄛𑄴 𑄉𑄧𑄢𑄚𑄢𑄴 𑄃𑄬𑄌𑄳𑄠𑄬 𑄌𑄋𑄴𑄟 𑄎𑄖𑄴𑄮 𑄣𑄳𑄦𑄬𑄟𑄴 𑄛𑄧𑄢𑄨 𑄃𑄊𑄨 ।",Past
"হাসিখুশি যার মা-বাবা,আবোল তাবোল কথা বলে","𑄦𑄎𑄨 𑄡𑄢𑄴 𑄟-𑄞𑄌𑄴, 𑄃𑄣𑄳𑄠𑄇𑄴 𑄃 𑄢𑄨𑄘𑄨𑄥𑄪𑄙𑄮𑄟𑄚𑄨।",Present
". যেন বলতে পারতেছি, চট্রগ্রামে নিে যাওার সম চামা করার সুযোগ করে দে","𑄡𑄬𑄚𑄴 𑄇𑄮𑄃𑄨 𑄛𑄢𑄨 𑄷𑄾𑄼𑄶 𑄥𑄣𑄧𑄖𑄴 𑄝𑄳𑄢𑄨𑄑𑄨𑄎𑄬 𑄛𑄢𑄴𑄝𑄧𑄖𑄳𑄠𑄧 𑄌𑄧𑄑𑄳𑄢𑄧𑄉𑄳𑄢𑄟𑄴 𑄘𑄧𑄋𑄧𑄣𑄬 𑄚𑄬𑄡𑄚 𑄥𑄧𑄟𑄢𑄬 𑄌𑄋𑄴𑄟, 𑄟𑄢𑄴𑄟 𑄞𑄌𑄴𑄮𑄃𑄨 𑄣𑄬𑄊 𑄥𑄨𑄊𑄨𑄝𑄢𑄴 𑄎𑄪 𑄉𑄧𑄢𑄳𑄦𑄨 𑄘𑄨𑄠𑄳𑄠।",Present
.তার পর ১৯৩৭-৩৮ সালে জুে দো,𑄃𑄬𑄢𑄴 𑄛𑄧𑄢𑄴 𑄷𑄿𑄹𑄽-𑄹𑄾 𑄥𑄣𑄧𑄖𑄴𑄠𑄳𑄠𑄧 𑄎𑄪 𑄉𑄧𑄢𑄨 𑄘𑄨𑄠𑄳𑄠।,Past
.সকালে যে কাজগুলো সুন্দর করে নিে আসে সেগুলো আর করা হ না,𑄥𑄧𑄇𑄳𑄠𑄬 𑄥𑄪𑄚𑄚𑄪 𑄇𑄟𑄨𑄚𑄨 𑄟𑄮𑄦𑄧𑄚𑄴 𑄘𑄬𑄝𑄚𑄴𑄘𑄊𑄨 𑄥𑄨𑄠𑄚𑄴 𑄉𑄪𑄎𑄨 𑄚𑄧 𑄣𑄧𑄚𑄢𑄴 𑄟-𑄞𑄌𑄴𑄍𑄮𑄃𑄨 𑄣𑄬𑄊 𑄥𑄨𑄊𑄚 𑄃𑄢𑄴 𑄚𑄧 𑄦𑄧𑄠𑄴।,Present
তার পর ১৯৩৯ সালে পাকিস্তান- পাকিস্তান ভাগ হলে পাকিস্তান সার্সরা আমাকে চামা দিে দিে দিল,𑄖𑄢𑄴 𑄛𑄧𑄢𑄴 𑄷𑄿𑄹𑄿 𑄥𑄣𑄧𑄖𑄴 𑄃𑄨𑄚𑄴𑄘𑄪𑄥𑄴𑄖𑄚𑄴- 𑄛𑄇𑄨𑄥𑄴𑄖𑄚𑄴 𑄞𑄇𑄴 𑄦𑄧𑄣𑄬 𑄛𑄢𑄴𑄝𑄧𑄖𑄳𑄠𑄧 𑄌𑄧𑄑𑄳𑄢𑄧𑄉𑄳𑄢𑄟𑄴 𑄛𑄇𑄨𑄥𑄴𑄖𑄚𑄧𑄢𑄴 𑄞𑄉𑄬 𑄛𑄧𑄢𑄨𑄣𑄬 𑄛𑄇𑄨𑄥𑄴𑄖𑄚𑄴 𑄥𑄧𑄢𑄴𑄇𑄢𑄴𑄥𑄳𑄠 𑄃𑄟𑄢𑄬 𑄌𑄋𑄴𑄟 𑄣𑄬𑄊 𑄥𑄨𑄊𑄨𑄝𑄢𑄴 𑄎𑄪 𑄉𑄧𑄢𑄨 𑄘𑄨𑄣𑄧 𑄷𑄿𑄻𑄿 𑄥𑄣𑄧𑄖𑄴।,Past
.সবসম আকাশ দেখতে না চাইলেও আমরা সবসম মাের ছবি লিখতে বসবো,𑄥𑄧𑄇𑄳𑄠 𑄘𑄬𑄝𑄚𑄴𑄘𑄊𑄨 𑄚𑄧 𑄌𑄚𑄢𑄴 𑄃𑄟𑄨 𑄝𑄢𑄴𑄝𑄋𑄚𑄬 𑄟 𑄞𑄌𑄴𑄍𑄮𑄃𑄨 𑄣𑄬𑄊 𑄥𑄨𑄉𑄚 𑄣𑄳𑄦𑄬𑄟𑄴 𑄛𑄧𑄢𑄨𑄢𑄴।,Future
.১৯৯৭ সালে পার হওা চুক্তি হ,𑄷𑄿𑄿𑄽 𑄥𑄣𑄧𑄖𑄴 𑄛𑄢𑄴𑄝𑄧𑄖𑄳𑄠 𑄌𑄪𑄇𑄴𑄖𑄨 𑄦𑄧𑄠𑄴।,Present
".পাহাে যেতে পারতেছি না,চাগাে পাহাে বই পতে হ।",𑄛𑄢𑄴𑄝𑄧𑄖𑄳𑄠𑄧 𑄌𑄧𑄑𑄳𑄢𑄧𑄉𑄳𑄢𑄟𑄴 𑄌𑄪𑄇𑄴𑄖𑄨𑄖𑄴 𑄹𑄹 𑄚𑄧𑄁 𑄙𑄢𑄖𑄴 {𑄝𑄨} 𑄃𑄧𑄚𑄪𑄍𑄬𑄘𑄧𑄖𑄴 𑄛𑄢𑄴𑄝𑄧𑄖𑄳𑄠𑄧 𑄌𑄉𑄣𑄖𑄴 𑄟-𑄞𑄌𑄴𑄍𑄮𑄃𑄨 𑄣𑄬𑄊 𑄥𑄨𑄊𑄨𑄝𑄢𑄴 𑄛𑄮𑄖𑄴𑄛𑄮𑄖𑄳𑄠 𑄉𑄧𑄢𑄨 𑄣𑄬𑄊 𑄗𑄚𑄢𑄴 𑄛𑄧𑄢𑄬𑄠𑄳𑄠𑄧 𑄸𑄶𑄷𑄽 𑄥𑄣𑄧𑄖𑄴 𑄃𑄬𑄚𑄬𑄃𑄨 𑄛𑄳𑄢𑄇𑄴 𑄛𑄳𑄢𑄗𑄧𑄟𑄨𑄇𑄧𑄖𑄴 𑄝𑄧𑄃𑄨 𑄛𑄬𑄚𑄬𑄃𑄨 𑄇𑄧𑄚𑄧 𑄜𑄧𑄣𑄴 𑄚𑄬𑄃𑄨।,Present
মাচান,𑄟𑄌𑄴𑄖𑄧𑄃𑄪𑄚𑄴,Present
যেরকম মনে হ সেরকম মনে হ না এমন করে মা ভাতে কোনো তরকারি নেই,𑄡𑄬𑄟𑄬𑄚𑄴 𑄛𑄧𑄢𑄳𑄦𑄬𑄝𑄢𑄴 𑄉𑄧𑄢𑄧𑄌𑄴 𑄟𑄧𑄚𑄬 𑄚𑄧 𑄉𑄧𑄢𑄧𑄚𑄴 𑄖𑄬𑄟𑄬𑄚𑄴 𑄥𑄧𑄢𑄴𑄇𑄢𑄧𑄢𑄴 𑄇𑄧𑄚𑄧 𑄇𑄢𑄨𑄇𑄧𑄣𑄟𑄴 𑄚𑄬𑄭 𑄟 𑄞𑄏𑄧𑄢𑄴 𑄛𑄮𑄭𑄘𑄳𑄠𑄚𑄬।,Present
.এই পৃথিবী থেকে সবচেে ব কথা হলো-আমার রুম থেকে একদিন পূজা করার জন্য একটা চাংমা জাতি আসবে।,𑄃 𑄝𑄬𑄉𑄧𑄖𑄴𑄪𑄚𑄴 𑄝𑄬𑄌𑄴 𑄘𑄋𑄧𑄢𑄴 𑄇𑄧𑄙 𑄦𑄧𑄣𑄧𑄘𑄬- 𑄟𑄧𑄢𑄴 𑄢𑄪𑄟𑄴𑄟𑄬𑄖𑄴 𑄥𑄦𑄨𑄚 𑄃𑄬𑄇𑄴𑄘𑄨𑄚𑄴 𑄟𑄧𑄖𑄴𑄪𑄚𑄴 𑄛𑄪𑄎𑄮𑄢𑄴 𑄉𑄧𑄢𑄬𑄢𑄴 𑄃𑄬𑄇𑄴𑄱 𑄌𑄋𑄴𑄟 𑄎𑄖𑄴 𑄃𑄨𑄎𑄬𑄝𑄬 𑄃𑄟𑄢𑄴 𑄃𑄮𑄇𑄴𑄮𑄢𑄴 𑄃𑄊𑄧𑄚𑄴𑄚𑄨 𑄚𑄬𑄭?,Future
আমার মনে সব ভের সম একটা লেখা বেজে দে,𑄟𑄧𑄢𑄴 𑄟𑄧𑄚𑄧𑄖𑄴 𑄥𑄧𑄇𑄳𑄠 𑄘𑄧𑄢𑄴 𑄥𑄧𑄟𑄳𑄠 𑄇𑄧𑄚𑄧 𑄣𑄬𑄊 𑄝𑄎𑄬 𑄘𑄬 𑄚𑄨𑄚।,Present
".বাবা,আমি আর কান্না করিও না","𑄟𑄖𑄴𑄧𑄢𑄴, 𑄟𑄪𑄭 𑄃𑄊𑄧𑄚𑄴 𑄇𑄧𑄚 𑄥𑄧𑄟𑄢𑄬 𑄥𑄧𑄟𑄢𑄬 𑄃𑄢𑄴 𑄇𑄨𑄌𑄴𑄪 𑄛𑄪𑄎𑄮𑄢𑄴 𑄚𑄧 𑄉𑄧𑄢𑄨𑄣𑄧।",Present
আমি ভ পেলাম না এই লজ্জা থেকে,𑄟𑄪𑄭 𑄝𑄎𑄨 𑄉𑄬𑄣𑄪𑄁 𑄘𑄧𑄢𑄴 𑄃 𑄣𑄎𑄧𑄖𑄴𑄪𑄚𑄴।,Past
তুমি ভ পাওা মানুষদের সাথে কথা বলে,𑄖𑄪𑄃𑄧 𑄘𑄧𑄢𑄴 𑄗𑄠𑄴 𑄝𑄋𑄣𑄴 𑄥𑄧𑄟𑄎𑄳𑄠𑄣𑄮𑄭 𑄇𑄧𑄙 𑄇𑄧𑄣𑄬।,Present
কোন সম পার সমে কি পূজা করা হ,𑄇𑄧𑄚𑄧 𑄃 𑄃𑄧𑄏𑄛𑄘𑄧𑄢𑄴 𑄛𑄮𑄭𑄘𑄳𑄠𑄚𑄬 𑄇𑄨𑄏𑄪 𑄛𑄪𑄎𑄮𑄢𑄴 𑄉𑄧𑄢𑄧𑄚𑄴 𑄚𑄨𑄚।,Present
এই ভ থেকে আমার লজ্জা থেকে বের হে যাওা,𑄃𑄬 𑄘𑄧𑄢𑄧𑄖𑄴𑄪𑄚𑄴 𑄃 𑄣𑄎𑄧𑄖𑄴𑄪𑄚𑄴 𑄟𑄧𑄢𑄴𑄠𑄳𑄠𑄧 𑄌𑄋𑄴𑄟 𑄣𑄬𑄊 𑄥𑄨𑄊𑄚।,Present
"আমাদের অবশ্যই চাকমা ভাত,অপুে সিগানো শক্ত","𑄃𑄟𑄖𑄴𑄪𑄚 𑄴𑄈𑄟𑄇𑄴𑄇𑄃𑄨 𑄈𑄟𑄇𑄴𑄇𑄃𑄨 𑄌𑄋𑄴𑄟 𑄞𑄌𑄴, 𑄃𑄧𑄏𑄛𑄖𑄴 𑄥𑄨𑄉𑄚 𑄘𑄧𑄢𑄴𑄉𑄢𑄴-",Present
".শুনানো মিঠুন চামা,থইটা এত ব","𑄥𑄪𑄚𑄚𑄪 𑄟𑄨𑄒𑄪𑄚𑄴 𑄌𑄋𑄴𑄟, 𑄗𑄨𑄠𑄬𑄑𑄢𑄴 𑄃𑄬𑄚𑄴𑄘𑄴𑄛𑄢𑄴𑄜𑄧𑄢𑄴𑄟𑄬𑄚𑄴𑄥𑄴,",Present
জাতি কবি কেকদিন সমে ভ্রমণ করছে,𑄎𑄖𑄨𑄠𑄧 𑄇𑄧𑄝𑄨 𑄇𑄎𑄨𑄚𑄧𑄎𑄧𑄢𑄪𑄣𑄴 𑄃𑄨𑄥𑄴𑄣𑄟𑄴 𑄝𑄨𑄥𑄴𑄧𑄝𑄨𑄘𑄳𑄠𑄣𑄧𑄠𑄴,Present
আমার নাম মিছরি চাকমা,𑄟𑄧 𑄚𑄟𑄚𑄴 𑄟𑄨𑄒𑄪𑄚𑄴 𑄌𑄇𑄴𑄟।,Present
আমি জাতী কবি কাজিনের সমে বসে আছি,𑄟𑄪𑄭 𑄎𑄖𑄨𑄠𑄧 𑄇𑄧𑄝𑄨 𑄇𑄎𑄨𑄚𑄧𑄎𑄧𑄢𑄪𑄣𑄴 𑄃𑄨𑄥𑄴𑄣𑄟𑄧𑄖𑄴 𑄗𑄨𑄠𑄬𑄑𑄢𑄴 𑄃𑄬𑄚𑄴𑄘𑄴𑄛𑄢𑄴𑄜𑄧𑄢𑄴𑄟𑄬𑄚𑄴𑄥𑄴 𑄃𑄬𑄥𑄴𑄑𑄘𑄨𑄎𑄴 𑄝𑄨𑄞𑄉𑄧𑄖𑄴 𑄛𑄧𑄢𑄧𑄋𑄧𑄢𑄴।,Present
".২০২০ সালে অক্টোবর মাসে, চামা শাকের চারা দিে স্যাঁতসেঁতে মাঠে চামা করার সমে চামা করার সমে চামা লেখা হ","𑄸𑄶𑄸𑄶 𑄥𑄣𑄧𑄖𑄴 𑄃𑄧𑄇𑄴𑄑𑄮𑄝𑄧𑄢𑄴 𑄟𑄏𑄧𑄖𑄴 ""𑄌𑄋𑄴𑄟 𑄥𑄦𑄨𑄖𑄳𑄠𑄧 𑄝𑄳𑄦"" 𑄛𑄚𑄴𑄍𑄧𑄢𑄨 𑄙𑄬𑄣 𑄖𑄧𑄛𑄴𑄬𑄖𑄴𑄪𑄚𑄴 𑄥𑄚𑄴𑄖𑄨𑄛𑄪𑄢𑄴 𑄥𑄧𑄢𑄴𑄇𑄢𑄨 𑄛𑄳𑄢𑄭𑄟𑄢𑄨𑄃𑄨𑄇𑄴𑄪𑄣𑄮𑄖𑄴 𑄌𑄋𑄴𑄟 𑄣𑄬𑄊 𑄥𑄢𑄴𑄑𑄨𑄜𑄨𑄇𑄬𑄗𑄴 𑄇𑄮𑄢𑄴𑄥𑄴 𑄎𑄪𑄉𑄧𑄣𑄴 𑄉𑄧𑄢𑄴𑄣𑄬 𑄟𑄧𑄢𑄴𑄠𑄳𑄠𑄧 𑄥𑄬 𑄇𑄮𑄢𑄴𑄥𑄧𑄖𑄴 𑄌𑄋𑄴𑄟 𑄣𑄬𑄊 𑄥𑄨𑄉𑄨𑄝𑄢𑄴 𑄎𑄪 𑄦𑄧𑄠𑄴।",Present
এখন আমি চামা লেলিে পতেছি,𑄃𑄨𑄇𑄴𑄬 𑄟𑄪𑄭 𑄌𑄋𑄴𑄟 𑄣𑄬𑄊 𑄣𑄬𑄉𑄨 𑄛𑄧𑄢𑄨𑄛𑄢𑄧𑄋𑄴।,Present
সেখানে আমি চামা সাা দৌাদৌি করতে পারতাম না আর একসাথে চামা করতে পারতাম না,𑄥𑄨𑄖𑄳𑄠𑄃𑄨 𑄟𑄪𑄃𑄨 𑄌𑄋𑄴𑄟 𑄥𑄦𑄨𑄖𑄳𑄠𑄧𑄝𑄳𑄦𑄢𑄬 𑄏𑄪 𑄏𑄪 𑄃 𑄛𑄖𑄴𑄪𑄢𑄪𑄖𑄪𑄢𑄪 𑄚𑄧 𑄚𑄧𑄎𑄚𑄬𑄭 𑄗𑄬𑄭 𑄚𑄧 𑄛𑄢𑄧𑄋𑄧𑄢𑄴 𑄃 𑄥𑄧𑄟𑄢𑄬 𑄥𑄧𑄟𑄢𑄬 𑄌𑄋𑄴𑄟 𑄥𑄦𑄨𑄖𑄳𑄠𑄧 𑄝𑄳𑄦𑄝𑄮𑄢𑄴 𑄞𑄣𑄬𑄘𑄨 𑄖𑄧𑄝𑄧𑄚,Past
এই পৃথিবীতে আমাকে তুলতেছি- যারা ছোট করে আমাকে চাংমা লিখতেছে,𑄃𑄬 𑄟𑄘𑄚𑄧𑄖𑄴 𑄃𑄨𑄘𑄮𑄖𑄴 𑄖𑄪𑄣𑄧𑄋𑄧𑄢𑄴- 𑄡𑄢 𑄚𑄨𑄃𑄣𑄴𑄌𑄨 𑄉𑄧𑄢𑄨 𑄃𑄟𑄢𑄬 𑄌𑄋𑄴𑄟 𑄣𑄬𑄊 𑄥𑄬𑄊𑄬𑄣𑄇𑄴 𑄖𑄢 𑄘𑄊𑄨𑄢𑄬।,Present
চামা বা চামা ইঁদুরগুলো তাাতাি বের হে আসে,𑄌𑄋𑄴𑄟 𑄣𑄬𑄊 𑄝 𑄌𑄋𑄴𑄟 𑄦𑄧𑄢𑄧𑄇𑄴𑄪𑄚𑄴 𑄥𑄨𑄊𑄨𑄚𑄬 𑄟𑄧𑄖𑄴𑄪𑄚𑄴 𑄈𑄪𑄝𑄴 𑄉𑄧𑄟𑄴 𑄣𑄇𑄳𑄠।,Present
চামা করতে না পারা বাঙালিরা বেশি কথা বলে আপনাদের সাথে,"𑄌𑄋𑄴𑄟 𑄦𑄧𑄢𑄧𑄇𑄴𑄪𑄚𑄴 𑄚𑄧 𑄛𑄢𑄨𑄝𑄢𑄴 𑄃𑄉𑄬𑄘𑄨 𑄝𑄋𑄣𑄪𑄚𑄬 𑄝𑄬𑄌𑄴 𑄇𑄧𑄙𑄇𑄴 𑄖𑄧𑄟𑄢𑄴 𑄃𑄮𑄇𑄴𑄮𑄢𑄴, 𑄞𑄌𑄴 𑄚𑄬𑄃𑄨 𑄖𑄪𑄟𑄨 𑄃𑄪𑄛𑄧𑄎𑄖𑄨।",Present
এত ব কথা বলা,𑄃𑄬𑄙𑄧𑄇𑄴𑄬 𑄇𑄧𑄙𑄚𑄨 𑄥𑄪𑄚 𑄛𑄧𑄖𑄴𑄧।,Present
"এখন আমি বুক ফুলিে বলতে পারি আমার ভাই আছে,একটা আছে","𑄃𑄨𑄇𑄴𑄬 𑄟𑄪𑄭 𑄝𑄪𑄇𑄴 𑄜𑄪𑄣𑄬 𑄇𑄮𑄃𑄨 𑄛𑄢𑄨𑄟𑄴 𑄃𑄟𑄢𑄴 𑄞𑄌𑄴 𑄃𑄊𑄬, 𑄃𑄮𑄇𑄴𑄮𑄢𑄴 𑄃𑄊𑄧𑄚𑄴।",Present
সংস্রব থেকে বের হওা ওইটা আরও বেশি ভালো,𑄥𑄧𑄁𑄥𑄴𑄇𑄳𑄢𑄨𑄖𑄨𑄖𑄢𑄖𑄴𑄪𑄚𑄴 𑄎𑄪𑄘𑄮 𑄥𑄨𑄠𑄚𑄴 𑄝𑄪𑄎𑄧𑄘𑄬 𑄃𑄢𑄧 𑄝𑄬𑄌𑄧 𑄃𑄪𑄌𑄴𑄮 𑄃𑄧𑄣𑄧।,Present
"আবার আমরা যখন আমাদের ভাই-বোনের সাথে দেখা করতে যাব, কোনো দিন আমাদের বািটা চিনবে না",𑄃𑄢𑄴 𑄃𑄟𑄨 𑄡𑄧𑄚𑄨 𑄃𑄟 𑄞𑄌𑄴 𑄣𑄨𑄉𑄨-𑄛𑄧𑄢𑄨 𑄚𑄧 𑄎𑄚𑄨 𑄃𑄟 𑄎𑄖𑄴𑄮 𑄣𑄪𑄉𑄨 𑄡𑄬𑄝𑄧 𑄘𑄨𑄚𑄴 𑄘𑄨𑄚𑄴 𑄇𑄧𑄚𑄧 𑄌𑄨𑄚𑄴 𑄚𑄧 𑄗𑄬𑄝𑄧।,Future
সাধারণ,𑄥𑄙𑄢𑄧𑄚𑄴 𑄉𑄳𑄠𑄚𑄴,Present
.বাঙালি মোগল সুবেদার কখন চাটা গ্রামটা দং করল?,𑄝𑄁𑄣 𑄟𑄮𑄉𑄧𑄣𑄴 𑄥𑄪𑄝𑄬𑄘𑄢𑄴 𑄥𑄠𑄬𑄥𑄴𑄖 𑄈𑄚𑄴 𑄇𑄧𑄇𑄴𑄬 𑄛𑄢𑄴𑄝𑄧𑄖𑄳𑄠𑄧 𑄌𑄖𑄴𑄧𑄉𑄳𑄢𑄟𑄴 𑄘𑄧𑄋𑄧𑄣𑄴 𑄉𑄧𑄌𑄴𑄬?,Past
.১৬৬৫ সালে আরাকানি মানুষদের পরাজ করে চাষবাস করতে হ,: 𑄷𑄼𑄼𑄻 𑄈𑄳𑄢𑄨 𑄃𑄢𑄇𑄚𑄨𑄃𑄪𑄚𑄧𑄢𑄬 𑄛𑄧𑄢𑄎𑄧𑄠𑄴 𑄉𑄧𑄢𑄨 𑄛𑄢𑄴𑄝𑄧𑄖𑄳𑄠𑄧 𑄌𑄖𑄴𑄧𑄉𑄳𑄢𑄟𑄴 𑄘𑄧𑄋𑄧𑄣𑄴 𑄉𑄧𑄌𑄴𑄬।,Present
১. ২. দুই,𑄸।,Present
.বাঙালি এক চামা রাজার সুন্দর লম্ফঝম্প ক বছর হলো?,𑄟𑄮𑄉𑄧𑄣𑄴 𑄃 𑄌𑄋𑄴𑄟 𑄢𑄎𑄢𑄴 𑄘𑄮𑄣𑄴 𑄣𑄧𑄇𑄴𑄜𑄧𑄇𑄴 𑄇𑄧𑄠𑄴 𑄥𑄣𑄴 𑄥𑄧𑄁 𑄃𑄬𑄣𑄧?,Past
.১৭০৯ সালে থেকে খনন করার পর একটা চাংমা রাজা সুন্দর লুকিে আছে,: 𑄷𑄽𑄷𑄹 𑄈𑄳𑄢𑄨-𑄖𑄴𑄪𑄚𑄴 𑄙𑄪𑄢𑄨 𑄷𑄽𑄻𑄽 𑄈𑄳𑄢𑄨 𑄥𑄧𑄁 𑄃 𑄌𑄋𑄴𑄟 𑄢𑄎𑄢𑄴 𑄘𑄮𑄣𑄴 𑄣𑄧𑄇𑄴𑄜𑄧𑄇𑄴 𑄃𑄬𑄣𑄧।,Present
১. ৩. ৩.,𑄹।,Present
.পাহাের চূা গ্রামে পার প্রধান কে?,𑄛𑄢𑄴𑄝𑄧𑄖𑄳𑄠𑄧 𑄌𑄧𑄖𑄴𑄖𑄉𑄳𑄢𑄟𑄧𑄖𑄴 𑄛𑄧𑄣𑄳𑄠 𑄌𑄨𑄜𑄴 𑄇𑄧𑄚𑄴𑄚?,Present
"১. ৪. ৪. ৪. ২. ৩. (গাছের) শাখা, শাখা",𑄺।,Present
রাজা সেরমুস কখন মোগলদেরকে মেরে দিতে রাজি হলো?,𑄢𑄎 𑄥𑄬𑄢𑄴𑄟𑄪𑄥𑄴𑄖𑄧 𑄏 𑄇𑄧𑄇𑄴𑄬 𑄟𑄮𑄉𑄧𑄣𑄪𑄚𑄧𑄢𑄬 𑄚𑄟𑄬𑄟𑄖𑄳𑄢𑄧 𑄇𑄧𑄢𑄴 𑄘𑄨𑄝𑄢𑄴 𑄢𑄎𑄨 𑄦𑄧𑄣𑄧?,Past
১. বছর ২. বছর,: 𑄷𑄽𑄽𑄹 𑄈𑄳𑄢𑄨।,Present
"১. ৫. ৫. (দা, ছুরি প্রভৃতির) বাট, হাতল",𑄻।,Present
কখন বাঙালীরা চামা রোদে হাত দিল,𑄇𑄧𑄇𑄴𑄬 𑄟𑄮𑄉𑄧𑄣𑄪𑄚𑄬 𑄌𑄋𑄴𑄟 𑄢𑄬𑄎𑄳𑄠𑄧𑄖𑄴 𑄦𑄖𑄴 𑄘𑄨𑄣𑄇𑄴?,Past
এক জাতী বুনো ফল,: 𑄷𑄽𑄸𑄺 𑄈𑄳𑄢𑄨।,Present
"১. ২. ১. (দা, ছুরি প্রভৃতি) শান দেওা",𑄼।,Present
কবে বিালের সকার চাংমাহ্ ভালো লাগে না?,𑄇𑄧𑄇𑄴𑄬 𑄝𑄳𑄢𑄨𑄑𑄨𑄥𑄴 𑄥𑄧𑄢𑄴𑄇𑄢𑄧𑄢𑄴 𑄇𑄢𑄴𑄝𑄢𑄴 𑄌𑄋𑄴𑄟𑄃𑄪𑄚𑄧𑄢𑄴 𑄉𑄧𑄟𑄴 𑄚𑄧 𑄣𑄉𑄬?,Present
"১.১৭২৭. বছর, বছর",: 𑄷𑄽𑄽𑄸 𑄈𑄳𑄢𑄨,Present
"১. ১. ৩. ১. (কলা প্রভৃতির) কাঁদি, ২. (গবাদিপশু প্রভৃতির) গোা",𑄽।,Present
চত্তগ্রামে কাকে ইংরেজ সম স্থির হ?,𑄌𑄧𑄖𑄴𑄧𑄉𑄳𑄢𑄟𑄧𑄖𑄴 𑄇𑄇𑄴𑄬 𑄃𑄨𑄁𑄢𑄬𑄎𑄴 𑄥𑄧𑄥𑄧𑄚𑄴 𑄗𑄨𑄘𑄧 𑄦𑄧𑄠𑄴?,Present
"১. (দিন, রাত, সম) রাত",: 𑄷𑄽𑄼𑄶 𑄈𑄳𑄢𑄨।,Present
"১. ৮. ৮. (কলা প্রভৃতির) কাঁদি, মালা, ব্রেসলেট",𑄾।,Present
মনে হ চূা গ্রামে কখন দৌাদৌি হ,𑄛𑄢𑄴𑄝𑄧𑄖𑄳𑄠𑄧 𑄌𑄧𑄖𑄴𑄧𑄉𑄳𑄢𑄟𑄧𑄖𑄴 𑄇𑄧𑄇𑄴𑄬 𑄌𑄇𑄣𑄘𑄢𑄨 𑄌𑄣𑄪 𑄦𑄧𑄠𑄴?,Present
"১. জন্ম, জন্ম ২. জন্ম, জন্ম",: 𑄷𑄽𑄽𑄸 𑄈𑄳𑄢𑄨।,Present
"১. ১. ১. ৩. (কলা প্রভৃতির) কাঁদি, ২. (কলা প্রভৃতির) কাঁদি",𑄿।,Present
কখন চাকমারা বিালটাকে দুই ভাগ করে দিল,𑄇𑄧𑄇𑄴𑄬 𑄌𑄋𑄴𑄟𑄃𑄪𑄚𑄧𑄢𑄴 𑄞𑄨-𑄈𑄧𑄚𑄴𑄓𑄧𑄢𑄬 𑄘𑄨 𑄞𑄇𑄴 𑄉𑄧𑄢𑄨𑄝𑄢𑄴 𑄥𑄧𑄣𑄴𑄣 𑄙𑄨𑄋𑄨𑄢𑄨 𑄘𑄨𑄣𑄇𑄴?,Past
"১. জন্ম, জন্ম ২. জন্ম, জন্ম",: 𑄷𑄾𑄽𑄹 𑄈𑄳𑄢𑄨।,Present
"১. এক জাতী বুনো ফল, যা সবজি হিসেবে ব্যবহৃত হ",𑄷𑄶।,Present
কখন বিিে সিমগুলো লাল করে?,𑄇𑄧𑄇𑄴𑄬 𑄝𑄳𑄢𑄨𑄑𑄨𑄥𑄴 𑄥𑄧𑄭𑄚𑄳𑄠𑄧𑄃𑄪𑄚𑄬 𑄢𑄋𑄟𑄖𑄳𑄠 𑄘𑄧𑄋𑄧𑄣𑄴 𑄉𑄧𑄢𑄧𑄚?,Present
"১. বছর, বছর, বছর, বছর",: 𑄷𑄽𑄾𑄻 𑄈𑄳𑄢𑄨।,Present
"১. ১. ১. ১. (কলা প্রভৃতির) কাঁদি, ২. (কলা প্রভৃতির) কাঁদি",𑄷𑄷।,Present
.বিটিস সাবানটা কে হেলেদুলে করছে?,𑄝𑄳𑄢𑄨𑄑𑄨𑄥𑄴 𑄥𑄧𑄢𑄴𑄇𑄢𑄴𑄣𑄮 𑄇𑄧𑄚𑄴𑄚 𑄇𑄧𑄚𑄴𑄚 𑄣𑄢𑄳𑄦𑄬𑄠𑄴 𑄉𑄧𑄌𑄴𑄮𑄚𑄴?,Present
".সে সুন্দর করে খা,যাওা ব খা আরকি",": 𑄥𑄬𑄢𑄴 𑄘𑄮𑄣𑄧𑄖𑄴 𑄈𑄚𑄴, 𑄎𑄚𑄴 𑄝𑄧𑄇𑄴𑄥𑄧 𑄈𑄚𑄴 𑄃 𑄖𑄧𑄝𑄴𑄮𑄇𑄴 𑄈𑄚𑄴𑄘𑄊𑄨।",Present
"১. (দা, ছুরি প্রভৃতি) শান দেওা; ২. (দা, ছুরি প্রভৃতি) শান দেওা",𑄷𑄸।,Present
কার আমল বিঝু ১ মাছ ছেেছে?,𑄇𑄢𑄴 𑄃𑄟𑄧𑄣𑄧𑄖𑄴 𑄝𑄨𑄏𑄪 𑄷 𑄟𑄌𑄴 𑄍𑄪𑄖𑄨𑄬 𑄃𑄣𑄧?,Present
বিলেতি আমল,: 𑄝𑄳𑄢𑄨𑄑𑄨𑄥𑄴 𑄃𑄟𑄧𑄣𑄧𑄖𑄴।,Present
"১. ১. (দা, ছুরি প্রভৃতি) শান দেওা ২. (দা, ছুরি প্রভৃতির) শান",𑄷𑄹।,Present
কখন চাকমা রাজার সদর দপ্তর রাঙামাটিতে আনা হ?,𑄇𑄧𑄇𑄴𑄬 𑄌𑄋𑄴𑄟 𑄢𑄎𑄢𑄴 𑄥𑄧𑄘𑄧𑄢𑄴 𑄘𑄧𑄛𑄴𑄖𑄧𑄢𑄴 𑄢𑄋𑄟𑄖𑄳𑄠𑄖𑄴 𑄃𑄚 𑄦𑄧𑄠𑄬?,Present
এক জাতী বুনো ফল,𑄘𑄨 𑄣𑄟,Present
তার বিেতে সাদা কাপ,"𑄖𑄧𑄘𑄖𑄴 𑄝𑄬𑄢𑄬𑄭 𑄙𑄪𑄛𑄴 𑄇𑄝𑄧𑄢𑄴,",Present
গরুর পাে ব ব,𑄉𑄮𑄎𑄬𑄚𑄴 𑄌𑄧𑄢𑄧𑄕𑄧𑄖𑄴 𑄝𑄧𑄎𑄧𑄋𑄧𑄢𑄴।,Present
.আগে সালাম দিেছিলাম সেটা,"𑄃𑄉𑄬 𑄍𑄣𑄟𑄴 𑄘𑄳𑄠𑄪𑄋𑄴𑄴 𑄥𑄨𑄝𑄴𑄌𑄧𑄢𑄧𑄚𑄴,",Past
.মাকসা গোার দুটি চর,𑄟𑄉𑄧𑄁 𑄉𑄮𑄎𑄬𑄚𑄧𑄢𑄴 𑄘𑄨 𑄌𑄧𑄢𑄧𑄚𑄴।,Present
ছাার নিচে আছে তো,"𑄍𑄝𑄖𑄴 𑄖𑄧𑄣𑄬 𑄢𑄊𑄬 𑄘𑄧,",Present
এ কাল উত্তীর্ণ হওা তোমাকে তো,"𑄃𑄬 𑄇𑄣𑄴 𑄃𑄪𑄇𑄣𑄴 𑄖𑄮𑄢𑄬 𑄘𑄧,",Present
চিন্তা করে এসো তো!,𑄌𑄨𑄘𑄬 𑄟𑄧𑄚𑄬 𑄃𑄬𑄉 𑄃𑄮𑄇𑄴!,Present
দেবংসি পূজা করলে দূর হ না,"𑄘𑄬𑄝𑄧𑄁𑄥𑄨 𑄉𑄮𑄎𑄬𑄚𑄬 𑄚𑄧 𑄘𑄪𑄏𑄨,",Present
অব্য মানে বুঝি না,𑄃𑄧𑄝𑄪𑄌𑄴 𑄟𑄚𑄬𑄭𑄠𑄬 𑄚𑄧 𑄝𑄪𑄏𑄨।,Present
সু সু করে পানি পে যা,𑄥𑄪𑄚𑄧 𑄥𑄪𑄚𑄧𑄢𑄬 𑄛𑄮𑄢𑄴𑄝𑄧𑄠 𑄞𑄬𑄭,Present
সারাদিন তরকারি দিে যা,𑄘𑄨𑄝 𑄃𑄮𑄇𑄴𑄮𑄢𑄬 𑄖𑄮𑄢𑄨 𑄡𑄬𑄭।,Present
.গুরু সাধনা করে নাচতে হ,𑄉𑄪𑄢𑄪 𑄥𑄙𑄨 𑄚𑄋𑄴 𑄛𑄬𑄭𑄠𑄬,Present
.অন্যা গুরু পার হেছে?,𑄃𑄧𑄚 𑄉𑄪𑄢𑄪 𑄛𑄢𑄴 𑄦𑄮𑄃𑄨𑄠𑄬?,Present
আলাদা করে নিে আসিও আর জন,"𑄥𑄙𑄨 𑄃𑄚𑄧𑄁 𑄃𑄢𑄧 𑄎𑄧𑄚𑄧𑄟𑄴,",Present
এই জনমে ছাগল দান করিও,𑄥𑄧𑄉𑄧𑄣𑄴 𑄘𑄚𑄴 𑄉𑄧𑄢𑄧𑄋𑄧𑄢𑄴 𑄃𑄬 𑄎𑄧𑄚𑄧𑄟𑄴।,Present
জুে না পে কোথা পবে,𑄎𑄪𑄢𑄨 𑄚𑄧 𑄛𑄣𑄳𑄠𑄬 𑄇𑄪𑄙𑄪 𑄛𑄬𑄝𑄬,Future
না থাকলে ধন মাা করা যা,𑄚𑄧 𑄢𑄧𑄣𑄬 𑄙𑄧𑄚𑄴 𑄟𑄚𑄴 𑄥𑄙𑄧𑄚𑄬-,Present
রংধনুর মতো মানুষ ফুল দিে,𑄖𑄮𑄢𑄨𑄝𑄧 𑄟𑄚𑄬𑄭 𑄣𑄮𑄇𑄴 𑄜𑄪𑄣𑄴 𑄘𑄚𑄬।,Present
গুরু চরন পরিষ্কার করে,"𑄉𑄪𑄢𑄪 𑄌𑄧𑄢𑄧𑄚𑄴 𑄥𑄢𑄴 𑄉𑄧𑄢𑄬,",Present
বংস ধনে কি পারা যা,𑄝𑄧𑄁𑄥𑄧 𑄙𑄧𑄚𑄬 𑄇𑄨 𑄛𑄢𑄴 𑄉𑄧𑄢𑄬?,Present
একবার মনে পে,𑄃𑄬𑄉 𑄟𑄧𑄚𑄬 𑄞𑄪𑄎𑄨𑄣𑄬,Present
.সগলের তেতুলে ফল পাওা যা,𑄥𑄧𑄉𑄧𑄣𑄴 𑄖𑄨𑄗𑄳𑄠𑄧 𑄜𑄧𑄣𑄴 𑄛𑄠𑄴 𑄞𑄨𑄣𑄬,Present
দা দো সার করে,𑄘𑄧𑄠 𑄘𑄬𑄣𑄬 𑄥𑄢𑄴 𑄉𑄧𑄢𑄬,Present
.অপচ পানি সাগরে,𑄃𑄧𑄛𑄢𑄴 𑄛𑄚𑄨 𑄥𑄉𑄧𑄢𑄬-,Present
.তিন তিন বারে ভাত খেতে হ,𑄖𑄳𑄢𑄨𑄌𑄴 𑄖𑄨𑄚𑄴 𑄎𑄘𑄨 𑄞𑄌𑄴 𑄛𑄖𑄴𑄖𑄪𑄁𑄉𑄮𑄃𑄨 𑄦𑄧𑄢𑄧𑄉𑄬।,Present
যমে ধরবেন না এই কালে,𑄡𑄧𑄟𑄬 𑄚𑄧 𑄙𑄧𑄢𑄨𑄝𑄧 𑄃𑄰 𑄇𑄣𑄬।,Future
যে প্রার্থনা করে সে আশীর্বাদ পাওা,𑄡𑄬 𑄝𑄧𑄢𑄴 𑄟𑄉𑄬 𑄥𑄬 𑄝𑄧𑄢𑄴 𑄛𑄠𑄴,Present
ভগবান আশীর্বাদ করলে শেষ হ না,𑄉𑄮𑄎𑄬𑄚𑄬 𑄝𑄧𑄢𑄴 𑄘𑄨𑄣𑄬 𑄚𑄧 𑄜𑄪𑄢𑄧𑄠𑄴।,Present
গাগি মাা উঠে না,𑄉𑄮𑄎𑄬𑄚𑄧 𑄟𑄬𑄭𑄠𑄳𑄠 𑄃𑄪𑄘𑄧 𑄚𑄬𑄭,Present
পা ব্যাগ ভর দো,𑄛𑄧𑄢𑄧𑄟𑄴 𑄝𑄳𑄢𑄨𑄇𑄴𑄈𑄧 𑄞𑄧𑄢𑄴 𑄘𑄨𑄠𑄳𑄠,Present
কে তার মা?,𑄝𑄪𑄏𑄨 𑄛𑄢𑄬 𑄇𑄧𑄚𑄴𑄚 𑄖𑄢𑄴 𑄟𑄬𑄭𑄠𑄳𑄠?,Present
এক জাতী বুনো ফল,𑄥𑄧𑄉𑄧𑄣𑄴 𑄎𑄨𑄝𑄬 𑄝𑄨𑄘𑄠𑄴 𑄃𑄮𑄇𑄴,Present
মনের মতো হওা,𑄌𑄨𑄖𑄴𑄖𑄧 𑄟𑄧𑄚𑄬 𑄃𑄬𑄉 𑄃𑄮𑄇𑄴।,Present
.পজ্জোনীরা কোথা থাকে?,𑄛𑄧𑄢𑄧𑄟𑄴 𑄉𑄮𑄎𑄬𑄚𑄴 𑄇𑄪𑄙𑄪 𑄗𑄠𑄴?,Present
দৌাদৌি করলে দেখা যা না,𑄥𑄖𑄴𑄝𑄢𑄴 𑄥𑄙𑄨𑄣𑄬𑄠𑄧 𑄌𑄬𑄭 𑄚𑄧 𑄛𑄠𑄴।,Present
মাথা ধুে আনবে,𑄖𑄧𑄘 𑄥𑄙𑄨 𑄃𑄚𑄨𑄝𑄧,Future
পাপ করলে শেষ হওা,𑄛𑄧𑄢𑄧𑄟𑄴 𑄉𑄮𑄎𑄬𑄚𑄬 𑄝𑄪𑄎𑄨𑄝𑄧।,Present
.পাহাে পাহাে ডুবে গেল,𑄌𑄧𑄢𑄧𑄕𑄬 𑄍𑄣𑄋𑄬 𑄞𑄪𑄎𑄨𑄣𑄬,Past
ধর্ম সাধনা সহজে পাওা যা,𑄙𑄧𑄢𑄴𑄟𑄧 𑄥𑄙𑄧𑄚𑄚𑄴 𑄛𑄠𑄴 𑄞𑄨𑄣𑄬।,Present
সালাম দেওা,𑄥𑄣𑄟𑄴 𑄘𑄨𑄝𑄬𑄢𑄴 𑄇𑄎𑄬𑄣𑄧,Present
গিঁট দিে লাফিে,𑄉𑄨𑄖𑄴 𑄘𑄨 𑄣𑄟 𑄜𑄪𑄢𑄬𑄣𑄧।,Present
গিঁট দিে লাফিে যাবো,𑄉𑄨𑄖𑄴 𑄘𑄨 𑄣𑄟 𑄜𑄪𑄢𑄬𑄣𑄧 𑄚𑄧𑄡𑄬𑄝𑄧𑄁,Future
গরুকে ব ব করে ব করবো,𑄉𑄮𑄎𑄬𑄚𑄴 𑄥𑄧𑄟𑄴𑄪𑄉𑄬 𑄝𑄧𑄢𑄴 𑄣𑄧𑄝𑄧𑄁।,Future
ধনপুার হাল,𑄙𑄧𑄚𑄴𑄛𑄪𑄘𑄨𑄢𑄴 𑄦𑄣𑄳𑄠𑄋𑄴,Present
বাাবাি করে আগুন দো,𑄝𑄢 𑄝𑄬𑄉𑄬 𑄝𑄚𑄚𑄴𑄘𑄮𑄃𑄨,Present
বাজার গুরিা খুশিতে,𑄝𑄎𑄢𑄴 𑄉𑄮𑄢𑄨 𑄃𑄚𑄧𑄚𑄴𑄘𑄮𑄃𑄨,Present
পাহাের ঢাল দিে নৌকা বাইতে হ,𑄛𑄮𑄖𑄳𑄠 𑄘𑄧𑄉𑄧𑄣𑄳𑄠𑄧 𑄟𑄮𑄚𑄴𑄝𑄧𑄉,Present
ধন্নোটা রাধাকে ডাকলো,𑄙𑄧𑄚𑄴𑄚𑄱 𑄢𑄙𑄢𑄬 𑄘𑄉𑄨𑄣𑄧।,Past
এক জাতী সবজি,𑄝𑄧𑄢𑄴𑄉𑄨 𑄥𑄪𑄘𑄧 𑄖𑄪𑄟𑄴 𑄉𑄮𑄌𑄳𑄠,Present
বইের ভিতরে জুন মাস,𑄝𑄮𑄌𑄳𑄠𑄧𑄚𑄴 𑄃𑄨𑄎𑄮𑄢𑄧𑄖𑄴 𑄎𑄪𑄚𑄴 𑄛𑄮𑄎𑄳𑄠𑄧।,Present
পোকামাকা চামা,𑄛𑄪𑄉𑄧 𑄇𑄨𑄗𑄳𑄠 𑄌𑄚𑄧𑄚𑄴𑄘𑄨,Present
আমি বাই বাই,𑄟𑄪𑄠𑄮𑄟𑄪𑄠𑄨 𑄝𑄮𑄠𑄳𑄠𑄚𑄴𑄘𑄨,Present
সুন্দর হেছে,𑄘𑄮𑄣𑄴 𑄦𑄧𑄠𑄬𑄘𑄬 𑄛𑄳𑄦𑄧𑄢𑄬𑄘𑄨।,Present
জুন মাসের রাত,𑄎𑄪𑄚𑄧 𑄛𑄳𑄦𑄧𑄢𑄧 𑄢𑄬𑄘𑄮𑄟𑄠𑄴,Present
কা মাটি ফেটে যা,𑄇𑄮𑄌𑄳𑄠 𑄟𑄙𑄚𑄴 𑄞𑄎𑄨 𑄡𑄠𑄴।,Present
.ফুলের বিে,𑄜𑄪𑄣𑄧 𑄝𑄨𑄎𑄧𑄚𑄴 𑄝𑄨𑄎𑄨𑄚𑄬,Present
দুইজনে কথা বলে,𑄇𑄧𑄙 𑄇𑄧𑄙𑄧𑄚𑄴 𑄘𑄨𑄎𑄧𑄚𑄬।,Present
বইের ধনগুলো সজারু,𑄝𑄮𑄌𑄳𑄠𑄬 𑄙𑄧𑄚𑄴𑄚𑄱 𑄥𑄎𑄨𑄛𑄬𑄢𑄴,Present
এক জাতী সবজি যা সবজি হিসেবে ব্যবহৃত হ,𑄘𑄙 𑄢𑄙𑄢𑄬 𑄝𑄨𑄎𑄨 𑄘𑄬𑄢𑄴।,Present
দেবধর্ম মানুষরা পালন করে,𑄘𑄬𑄝𑄧 𑄙𑄧𑄢𑄴𑄟𑄧 𑄟𑄚𑄨𑄌𑄌𑄍𑄮𑄃𑄨,Present
এক জাতী ঢিল দিে দৌে যাচ্ছে,𑄥𑄧𑄌𑄴𑄌𑄬𑄇𑄴 𑄖𑄉𑄧𑄣𑄧𑄇𑄴 𑄣𑄮𑄃𑄨 𑄘𑄨𑄌𑄴𑄍𑄮𑄃𑄨।,Present
.ফুলের গাছ বোই করি,𑄜𑄪𑄣𑄧 𑄉𑄟𑄴𑄍𑄢𑄴 𑄝𑄬𑄭𑄚𑄴 𑄉𑄧𑄢𑄧𑄁,Present
সাত আঙুল খাওার শব্দ,𑄥𑄖𑄴 𑄃𑄋𑄪𑄣𑄳𑄠 𑄈𑄬𑄁𑄉𑄧𑄢𑄧𑄁।,Present
মাটিটা জঙ্গল করে দিবে,𑄟𑄨𑄘𑄨𑄋𑄳𑄠 𑄝𑄏𑄧𑄢𑄴 𑄣𑄮𑄃𑄨 𑄘𑄨𑄝𑄬।,Future
ধোঁা পরিষ্কার করে রাখবে,𑄙𑄪𑄟𑄮 𑄃𑄪𑄎𑄪 𑄗𑄮𑄃𑄨 𑄘𑄨𑄝𑄬।,Future
. ফোটা ফোটা কেটে দো,𑄜𑄪𑄚𑄨 𑄥𑄧𑄣 𑄇𑄝𑄨 𑄘𑄨𑄌𑄴।,Present
তরমুজটা বুনে দাও,𑄦𑄬𑄭𑄣𑄴 𑄥𑄟𑄴𑄟𑄱 𑄝𑄪𑄚𑄨 𑄘𑄨𑄌𑄴।,Present
পাহাের বাঁশটা দিে দৌা,𑄛𑄢𑄴𑄝𑄱 𑄝𑄏𑄧𑄢𑄴 𑄘𑄨𑄛𑄳𑄠𑄝𑄱,Present
ব কাপ দিে সেলাই করবে সে,𑄝𑄧 𑄇𑄘𑄨 𑄣𑄮𑄃𑄨 𑄘𑄨𑄝𑄬 𑄥𑄪𑄣𑄧𑄝𑄱।,Future
রাতের বেলা বিদ্যুৎ চমকানি,𑄢𑄬𑄘𑄮𑄖𑄴 𑄣𑄟𑄬𑄢𑄴 𑄎𑄪𑄚𑄧 𑄛𑄳𑄦𑄧𑄢𑄴,Present
শোনা কথা আছে আমার,𑄥𑄪𑄚𑄨𑄌𑄴 𑄘𑄙 𑄃𑄃𑄮𑄌𑄴𑄍𑄚𑄴 𑄟𑄧𑄢𑄴।,Present
ঝগা করে উড়ে যা,𑄏𑄉𑄬 𑄎𑄪𑄚𑄨 𑄃𑄪𑄢𑄨 𑄡𑄢𑄴,Present
.ফুলের হাদি পরিধান করার সম,𑄜𑄪𑄣𑄧 𑄈𑄘𑄨 𑄝𑄨𑄚𑄨𑄝𑄢𑄴।,Present
বাগানে তেগেন নদী যাবে,𑄝𑄉𑄬 𑄖𑄬𑄉𑄬 𑄉𑄋𑄴 𑄡𑄬𑄝𑄴,Future
সবসম নালা থাকবে,𑄎𑄧𑄝𑄧𑄟𑄧𑄖𑄳𑄠𑄬 𑄚𑄣𑄴 𑄗𑄬𑄝𑄧।,Future
খোল দিে পান খেলে,𑄈𑄮𑄣𑄳𑄠 𑄟𑄬𑄣𑄨 𑄛𑄚𑄴 𑄈𑄬𑄣𑄧,Past
জুন মাস শেষ হে যা,𑄎𑄪𑄚𑄧 𑄛𑄳𑄦𑄧𑄢𑄚𑄴 𑄜𑄪𑄢𑄬𑄃𑄨 𑄡𑄢𑄴,Present
কথা গুলো শেষ হ না,𑄇𑄧𑄙𑄞𑄪𑄠 𑄚𑄧 𑄜𑄪𑄢𑄢𑄴।,Present
নানারকম কথা বলতেছি,𑄚𑄚𑄚𑄴 𑄇𑄧𑄙 𑄇𑄮𑄃𑄨 𑄣𑄇𑄴,Present
সে দুই জনে ঘুমাতে গেল,𑄎𑄬𑄢𑄬 𑄘𑄨 𑄎𑄧𑄚𑄬 𑄊𑄪𑄟𑄴 𑄉𑄬𑄣𑄇𑄴।,Past
এত ব ব ফেরা,𑄃𑄧𑄎𑄧𑄚𑄨𑄢𑄴 𑄘𑄧𑄏𑄧𑄚𑄴 𑄜𑄨𑄢𑄚,Present
এক জাতী চামা,𑄃𑄢𑄴𑄡𑄳𑄠𑄧 𑄟𑄨𑄖𑄳𑄢𑄧 𑄌𑄋𑄴𑄟,Present
রাত হলে এক পাহাে এক পাহাে থাকা হ,𑄢𑄧𑄎𑄧𑄚𑄨 𑄃 𑄃𑄧𑄎𑄧𑄚𑄨𑄨𑄢𑄴 𑄊𑄧𑄢𑄴 𑄇𑄪𑄘𑄪𑄇𑄴𑄍𑄧𑄢𑄨𑄢𑄴 𑄃𑄬𑄇𑄴 𑄟𑄪𑄢𑄮 𑄃𑄘𑄟𑄧𑄖𑄴।,Present
দুইজনে কথা বললে শুধু মেে,𑄘𑄮𑄎𑄧𑄚𑄧𑄢𑄴 𑄝𑄨𑄘𑄳𑄠𑄬 𑄇𑄧𑄘𑄧 𑄉𑄬𑄣𑄬 𑄝𑄚 𑄟𑄬𑄑𑄳𑄢𑄨𑄇𑄴।,Past
এখান থেকে বেশি হবে নাকি,𑄃𑄨𑄖𑄴𑄖𑄪𑄚𑄧 𑄝𑄬𑄌𑄴 𑄦𑄧𑄝𑄧 𑄝 𑄇𑄬𑄚𑄬।,Future
দুইজনে বািটা হাল চাষ করে বছর অতিবাহিত করে,𑄘𑄮𑄎𑄧𑄚𑄧 𑄊𑄧𑄢𑄴𑄝𑄮𑄠𑄪𑄚𑄴 𑄦𑄣𑄴 𑄌𑄌𑄴 𑄉𑄧𑄢𑄨 𑄉𑄚𑄬 𑄉𑄚𑄬 𑄝𑄧𑄏𑄧𑄢𑄴 𑄜𑄬𑄣𑄚𑄴।,Present
.নিঃশব্দ জীবন দুইটা বাির নিচ দিে চলে,𑄚𑄨𑄢𑄖𑄨𑄖𑄳𑄠𑄬 𑄎𑄨𑄁𑄇𑄚𑄨 𑄘𑄨 𑄊𑄧𑄢𑄴𑄝𑄮𑄢𑄴 𑄚𑄨𑄖𑄳𑄠𑄧 𑄥𑄧𑄟𑄢𑄴 ।,Present
এখান থেকে বেশি বিদা দো তারা ধরতে পারেনা,𑄃𑄨𑄖𑄴𑄖𑄪𑄚𑄴 𑄝𑄬𑄌𑄴 𑄝𑄨𑄘𑄳𑄠𑄬 𑄥𑄨𑄉𑄬𑄝𑄢𑄴 𑄜𑄣𑄴 𑄟𑄢𑄚 𑄖𑄢𑄢𑄴 𑄝𑄧𑄣𑄬 𑄚𑄧 𑄙𑄧𑄢𑄴𑄬।,Present
"মনে হলে ধনে কুললো না, ধনে কুললে মনে হ না","𑄟𑄧𑄚𑄬 𑄇𑄧𑄣𑄬 𑄙𑄧𑄚𑄬 𑄚𑄧 𑄇𑄪𑄣𑄮𑄠𑄴, 𑄙𑄧𑄚𑄬 𑄇𑄪𑄣𑄬𑄣𑄬 𑄟𑄧𑄚𑄬 𑄚𑄧 𑄙𑄧𑄢𑄬।",Present
.সে কি আরও একটা হবে- দুইজনে বািে বসাচ্ছে,𑄥𑄬𑄖𑄳𑄠𑄬 𑄇𑄨 𑄃𑄢𑄴 𑄃𑄨𑄇𑄴𑄇𑄪 𑄦𑄧𑄝𑄧 - 𑄘𑄮𑄎𑄧𑄚𑄬 𑄊𑄧𑄢𑄴 𑄝𑄮𑄱𑄃𑄨𑄘𑄬।,Present
মলা কলেজ পে তাদের কাজ বাদে আর কি থাকবে,𑄟𑄚𑄴𑄎𑄳𑄠𑄬 𑄇𑄧𑄣𑄬𑄎𑄧𑄖𑄴 𑄛𑄧𑄖𑄴𑄖𑄬 𑄖𑄢𑄢𑄴 𑄌𑄬𑄃𑄨 𑄗𑄚 𑄇𑄟𑄴 𑄝𑄘𑄬 𑄃𑄢𑄴 𑄇𑄨 𑄗𑄬𑄝𑄧।,Future
"একজন লোক কাজ করলে শুধু একটি ঘরের কাজ করা,গ্রামের বট গাছ দিে কাজ করা,বিে দো,কিরিমিরি করা","𑄃𑄨𑄇𑄴𑄇𑄪 𑄘𑄨 𑄎𑄧𑄚𑄧 𑄇𑄟𑄴 𑄇𑄧𑄣𑄬 𑄝𑄚 𑄃𑄬𑄇𑄴𑄇 𑄃𑄪𑄇𑄴𑄇𑄪 𑄊𑄧𑄢𑄧 𑄇𑄟𑄴 𑄉𑄧𑄢𑄚, 𑄃𑄘𑄟𑄧 𑄝𑄧𑄑𑄴 𑄉𑄌𑄴𑄌𑄮 𑄉𑄧𑄢𑄖𑄴 𑄝𑄮𑄃𑄨 𑄉𑄧𑄝𑄴 𑄟𑄢𑄚, 𑄝𑄨𑄉𑄨𑄘𑄨, 𑄇𑄨𑄢𑄨𑄟𑄨𑄢𑄨 𑄉𑄧𑄢𑄚।",Present
কালি মেেরা এই শীতে কি গাে রেছে,𑄇𑄣𑄨𑄇𑄴 𑄟𑄬𑄑𑄳𑄢𑄨𑄇𑄴 𑄛𑄥𑄴 𑄎𑄟𑄬𑄠𑄧𑄢𑄴 𑄃𑄬 𑄇𑄣𑄧𑄖𑄴 𑄝𑄮 𑄟𑄨𑄣𑄬𑄚 𑄇𑄨 𑄃𑄉𑄖𑄳𑄠𑄬 𑄢𑄧𑄎𑄧𑄚𑄨 𑄇𑄧𑄢𑄬 𑄇𑄧𑄢𑄬 𑄟𑄳𑄦𑄬𑄖𑄴 𑄛𑄬𑄣𑄧।,Present
সে আর গািটা আর কুকুর হলো সবসম এক হেছে,𑄥𑄨𑄠𑄚𑄴 𑄃𑄢𑄧 𑄉𑄢𑄪 𑄦𑄧𑄣𑄧 𑄃𑄧𑄎𑄧𑄚𑄨𑄢𑄴 𑄛𑄧𑄢𑄨 𑄟𑄨𑄣𑄥𑄚𑄴 𑄌𑄬𑄢𑄇𑄴𑄝𑄧𑄣 𑄦𑄧𑄚𑄃𑄨𑄨।,Present
অসুুস্থ এই চোলটা বাজারে আরও একটু দাম উঠবে সেটা তো জানা যা,𑄃𑄧𑄎𑄧𑄚𑄨𑄢𑄴 𑄃𑄬 𑄌𑄬𑄢𑄇𑄴𑄣𑄮𑄃𑄨 𑄝𑄮 𑄝𑄎𑄢𑄧𑄖𑄴 𑄃𑄢𑄧 𑄃𑄬𑄇𑄴𑄇 𑄘𑄟𑄴 𑄅𑄎𑄬𑄝𑄧 𑄥𑄨𑄠𑄚𑄴 𑄘𑄧 𑄝𑄬𑄉𑄧𑄢𑄴 𑄎𑄚।,Future
অসুন্দরকে আমিজা বের চামা ধরে না বলে সবাই চলে যায়,𑄃𑄧𑄎𑄧𑄚𑄨𑄢𑄬 𑄃𑄟𑄨𑄎 𑄝𑄮 𑄌 𑄙𑄧𑄢𑄴 𑄣𑄇𑄴 𑄇𑄣𑄨𑄇𑄴 𑄃𑄧𑄎𑄧𑄚𑄨𑄢𑄴 𑄟𑄧𑄚𑄴 𑄚𑄧 𑄗𑄚𑄃𑄨 𑄝𑄬𑄇𑄴 𑄃𑄮𑄎𑄮𑄢𑄨 𑄡𑄢𑄴।,Present
.এটা রোদ পোহাচ্ছে,𑄃𑄨𑄠𑄚𑄴 𑄢𑄧𑄎𑄧𑄚𑄨𑄢𑄴 𑄟𑄙 𑄛𑄉𑄬 𑄘𑄬 𑄙𑄧𑄢𑄴𑄣𑄧।,Present
শীতকালের পাহাে পা যা - শীতকালের সমে টিকতে পারা যা না,𑄢𑄧𑄎𑄧𑄚𑄨 𑄟𑄪𑄢𑄮𑄖𑄴 𑄛𑄧𑄢𑄨 𑄞𑄝𑄬 - 𑄚𑄨𑄏𑄧𑄢𑄬 𑄡𑄪𑄉𑄧 𑄥𑄧𑄟𑄢𑄬 𑄎𑄪𑄠𑄬𑄃𑄨 𑄚𑄧 𑄛𑄢𑄚𑄃𑄨 𑄃𑄬 𑄇𑄣𑄴𑄳𑄦।,Present
.মনে হ সে নিজের কথা ভাবতে ভাবতে একদিন কূল পাবে,𑄟𑄧𑄚𑄴 𑄘𑄧𑄢𑄧 𑄉𑄧𑄢𑄨 𑄚𑄨𑄎𑄏𑄧𑄢𑄬 𑄎𑄪𑄠𑄬𑄃𑄨 𑄖𑄪𑄣𑄨𑄝𑄢𑄴 𑄇𑄧𑄘 𑄞𑄝𑄨 𑄞𑄝𑄨 𑄘𑄨𑄚𑄴 𑄉𑄪𑄚𑄬-𑄇𑄬𑄚𑄬 𑄃𑄧𑄇𑄪𑄣𑄴 𑄥𑄉𑄧𑄢𑄧𑄖𑄴 𑄖𑄬 𑄇𑄪𑄣𑄴 𑄛𑄬𑄝𑄧।,Future
.এত ব করে তাাতাি তাাতাি তাাতাি করতে করতে মনটা যে নরম হেছে,𑄃𑄨𑄚𑄴𑄘𑄨 𑄃𑄣𑄣𑄮-𑄘𑄪𑄣𑄧𑄣𑄮 𑄉𑄧𑄢𑄨 𑄗𑄉𑄧𑄘𑄬 𑄗𑄉𑄧𑄘𑄬 𑄘𑄨𑄠𑄚𑄴 𑄟𑄧𑄚𑄧𑄢𑄴 𑄎𑄬 𑄇𑄮𑄌𑄴 𑄛𑄳𑄦𑄛𑄨𑄢𑄴 𑄥𑄨𑄋𑄮𑄢𑄴 𑄇𑄪𑄛𑄳𑄠𑄬 𑄥𑄨𑄠𑄚𑄴 𑄃𑄬𑄘𑄧𑄇𑄴 𑄡𑄘𑄨 𑄍𑄨𑄚𑄨𑄝𑄧 𑄇𑄬𑄋𑄬𑄢𑄨।,Present
বাবা-মা সবাইকে ফেরার জন্য হাত উে দিল,𑄝𑄝𑄴 - 𑄟𑄃𑄨 𑄘𑄨𑄎𑄧𑄚𑄧𑄢𑄬 𑄜𑄨𑄢𑄬𑄝𑄢𑄴 𑄝𑄬𑄇𑄴 𑄃𑄧𑄌𑄴𑄖𑄧 𑄛𑄪𑄢𑄬𑄃𑄨 𑄦𑄖𑄴 𑄃𑄨𑄢𑄨 𑄘𑄨𑄣𑄇𑄴।,Past
দুইজনে বািে বসে আছেন - যে তুমি চুপ করে থাকলে আমরাও চুপ থাকি,𑄘𑄮𑄎𑄧𑄚𑄧 𑄊𑄧𑄢𑄧𑄖𑄴 𑄞𑄧𑄎𑄚𑄴 𑄑𑄚𑄛𑄧𑄎𑄳𑄠𑄚𑄴 𑄡𑄬𑄃𑄨 𑄝𑄝𑄴-𑄟 𑄥𑄬𑄌𑄴𑄟𑄬𑄌𑄴 𑄦𑄖𑄴 𑄅𑄞𑄧 𑄉𑄧𑄢𑄨 𑄇𑄮𑄃𑄨 𑄛𑄬𑄣𑄇𑄴 - 𑄡𑄧 𑄖𑄪𑄟𑄨 𑄥𑄪𑄉𑄬 𑄗𑄬𑄣𑄬 𑄃𑄟𑄨 𑄃𑄮 𑄥𑄪𑄊𑄨।,Present
দুই জনের বািগুলো সুসুি দিে দুটি কলা - যা দিে তোমার সংসার চলবে,𑄘𑄨 𑄎𑄧𑄚𑄧 𑄊𑄧𑄢𑄴𑄝𑄮𑄠𑄪𑄚𑄬 𑄥𑄪𑄘𑄪𑄢𑄪𑄋𑄮𑄉𑄧𑄢𑄨 𑄟𑄬𑄣 𑄥𑄨𑄢𑄬𑄃𑄨 𑄘𑄨 𑄇𑄧𑄣𑄇𑄴 - 𑄡𑄧 𑄃𑄬𑄝𑄬𑄣𑄴 𑄖𑄮𑄟 𑄥𑄧𑄁𑄥𑄢𑄴 𑄖𑄪𑄟𑄨 𑄥𑄟𑄧𑄣𑄧𑄉𑄧𑄃𑄨।,Future
একটির পর একটি কালোজাদু করতেছে,𑄃𑄨𑄇𑄴𑄇𑄪 𑄢𑄧𑄎𑄧𑄚𑄨𑄢𑄴 𑄃 𑄃𑄧𑄎𑄧𑄚𑄨𑄢𑄴 𑄇𑄣𑄴𑄳𑄦𑄇𑄘 𑄇𑄨 𑄉𑄧𑄢𑄨𑄝𑄇𑄴।,Present
"কি খেে ক্ষুধা লাগে,কেন যে ক্ষুধা লাগে","𑄇𑄨 𑄈𑄬𑄃𑄨 𑄝𑄏𑄨𑄝𑄇𑄴, 𑄇𑄬𑄚𑄬 𑄛𑄬𑄖𑄴 𑄖𑄧𑄢𑄬𑄝𑄇𑄴।",Present
. ফলে একটা করে পথ বের হেছে - কুমা কুকুর,𑄎𑄬𑄢𑄬 𑄃𑄬𑄇𑄴𑄈𑄚𑄴 𑄉𑄧𑄢𑄨 𑄛𑄧𑄖𑄴 𑄟𑄪𑄎𑄪𑄋𑄮𑄖𑄴 - 𑄇𑄪𑄟𑄴𑄝𑄧𑄚𑄨 𑄌𑄉𑄪𑄢𑄨।,Present
বাবা-মা এই বজনের জন্য একদিন বোইঘর বন্ধ করে দিল,𑄝𑄝𑄴 - 𑄟 𑄥𑄬𑄝𑄴 𑄝𑄧𑄖𑄴𑄖𑄣𑄮𑄃𑄨 𑄃𑄬𑄇𑄴𑄘𑄨𑄚𑄴 𑄝𑄬𑄚𑄳𑄠𑄬𑄟𑄙𑄚𑄴 𑄌𑄘𑄨𑄉𑄁 𑄘𑄨𑄣𑄇𑄴 𑄣𑄧𑄢𑄴।,Past
ইপিজেডের বাঁশটা এক চিনের বািে উঠছে,𑄃𑄨𑄛𑄨𑄎𑄬𑄓𑄴 𑄝𑄥𑄳𑄠𑄬 𑄝𑄳𑄦𑄟𑄧𑄖𑄴 𑄃𑄬𑄇𑄴 𑄌𑄨𑄚𑄴𑄛𑄧𑄎𑄳𑄠𑄧 𑄟𑄚𑄴𑄎𑄮 𑄊𑄧𑄢𑄧𑄖𑄴 𑄃𑄪𑄘𑄨 𑄗𑄧𑄢𑄴 𑄙𑄧𑄢𑄴𑄣𑄇𑄴।,Present
"টানাহেঁচা জীবনে জীবন, এই সমে পে থাকা মানুষরা কি আর চোখ বন্ধ করে থাকতে পারে","𑄑𑄚𑄥𑄬𑄎𑄬𑄢𑄬𑄠𑄳𑄠𑄬 𑄎𑄨𑄁𑄇𑄚𑄨, 𑄃𑄬 𑄇𑄣𑄴𑄇𑄘𑄖𑄴 𑄛𑄧𑄎𑄳𑄠𑄬 𑄟𑄚𑄴𑄎𑄮𑄢𑄬 𑄇𑄨 𑄃𑄢𑄴 𑄌𑄮𑄇𑄴 𑄟𑄬𑄣𑄨 𑄢𑄨𑄚𑄨 𑄌𑄬𑄃𑄨 𑄗𑄬𑄃𑄨 𑄛𑄢𑄬।",Present
"হাজার হোক জাতটা যে শক্তি আছে সেটা বল দিল, বুদ্ধি দিল","𑄦𑄎𑄢𑄴 𑄦𑄮𑄇𑄴 𑄎𑄖𑄴𑄞𑄬𑄃𑄨 𑄡𑄬 𑄡𑄨𑄠𑄚𑄴 𑄛𑄢𑄬 𑄥𑄨𑄠𑄚𑄴 𑄝𑄧𑄣𑄴 𑄘𑄨𑄣𑄇𑄴, 𑄝𑄪𑄘𑄴𑄙𑄨 𑄘𑄨𑄣𑄇,𑄴 𑄃𑄬𑄎𑄣𑄴 𑄘𑄨𑄣𑄇𑄴।",Past
.রান্নার সম অনেক মিষ্টি কথা বলে -মিষ্টি কথা বলতেছি,𑄢𑄧𑄎𑄧𑄚𑄨 𑄃𑄧𑄎𑄧𑄚𑄨 𑄎𑄨𑄁𑄇𑄚𑄨𑄢𑄴 𑄖𑄨𑄙𑄬 - 𑄟𑄨𑄙𑄬 𑄃𑄬𑄋𑄬𑄢𑄨 𑄛𑄮𑄣𑄳𑄠𑄬 𑄟𑄪𑄃𑄧𑄟𑄨 𑄦𑄧𑄣𑄇𑄴𑄴।,Present
প্রতিদিন ক্ষুধা লাগতেছে-দুইজন লোকের জাগা চামা মিলল,𑄘𑄨𑄚𑄴 𑄡𑄘𑄬 𑄛𑄬𑄖𑄴 𑄖𑄧𑄢𑄬𑄝𑄢𑄴 𑄎𑄪 𑄃𑄮 𑄦𑄧𑄣𑄧 - 𑄘𑄨 𑄎𑄧𑄚𑄢𑄴 𑄎𑄧𑄘 𑄇𑄪𑄟𑄴𑄝𑄧𑄚𑄨𑄖𑄴 𑄌𑄉𑄪𑄢𑄨 𑄟𑄨𑄣𑄨𑄣𑄧।,Past
বেইনটা বেশি না হলেও ক্ষুধা লাগতেছে আবার,𑄝𑄬𑄘𑄧𑄚𑄴 𑄝𑄬𑄌𑄴 𑄚𑄧 𑄦𑄧𑄣𑄬𑄃𑄮 𑄛𑄬𑄖𑄴 𑄖𑄧𑄢𑄬𑄝𑄢𑄴 𑄥𑄪𑄘𑄪𑄢𑄪𑄋𑄧 𑄃𑄢𑄴 𑄦𑄧𑄣𑄧।,Present
শীতকালের সম ভে ভে ভালো করে রোদ পোহালো,𑄢𑄧𑄎𑄧𑄚𑄨 𑄃 𑄃𑄧𑄎𑄚𑄨 𑄛𑄮𑄣𑄳𑄠𑄬 𑄛𑄮𑄣𑄳𑄠𑄬 𑄞𑄧𑄎𑄚𑄴 𑄟𑄧𑄚𑄴𑄘𑄨𑄣𑄴 𑄉𑄧𑄟𑄴 𑄉𑄧𑄢𑄨 𑄇𑄘𑄬𑄣𑄇𑄴।,Past
ধীরে ধীরে গহীন জঙ্গলের মধ্যে জাগা ধরে নাও,𑄣𑄢𑄬 𑄣𑄢𑄬 𑄉𑄧𑄞𑄨𑄚𑄴 𑄉𑄋𑄧 𑄥𑄬𑄢𑄬 𑄌𑄧𑄢𑄴 𑄎𑄉 𑄙𑄧𑄢𑄴 𑄣𑄧।,Present
এক জন বোর গাদা পেছে এবং এক জন বোর গাদা,𑄃𑄬𑄇𑄴 𑄎𑄧𑄚𑄴 𑄝𑄬𑄚𑄳𑄠𑄬 𑄉𑄘𑄖𑄴 𑄛𑄧𑄣𑄳𑄠𑄬 𑄃𑄢𑄧 𑄃𑄬𑄇𑄴 𑄎𑄧𑄚𑄴 𑄝𑄬𑄣𑄳𑄠𑄬 𑄉𑄘𑄖𑄴।,Present
অনেক অনেক এক বািে দাঁিে দেখা যা না,𑄃𑄧𑄇𑄴𑄖𑄧 𑄃𑄧𑄇𑄴𑄖𑄧 𑄃𑄬𑄇𑄴 𑄊𑄧𑄢𑄧𑄖𑄴 𑄗𑄬𑄭𑄚𑄬 𑄘𑄬𑄊𑄘𑄬𑄊𑄨 𑄚𑄧 𑄦𑄧𑄚𑄴 𑄥𑄛𑄴𑄖 𑄟𑄪𑄣𑄮 𑄥𑄧𑄁।,Present
বাজার করা এক সাথে দশ জনের কম হ,𑄝𑄎𑄢𑄴 𑄉𑄧𑄢𑄚 𑄃𑄬𑄇𑄴 𑄥𑄧𑄟𑄢𑄬 𑄘𑄧𑄏𑄧𑄚𑄴 𑄇𑄧𑄟𑄴 𑄦𑄧𑄘𑄧।,Present
খিটখিটে পরলে কাগজ দিে যা,𑄈𑄨𑄎𑄈𑄨𑄌𑄳𑄠𑄬 𑄛𑄧𑄢𑄴𑄣𑄬 𑄇𑄉𑄧𑄎𑄖𑄴 𑄣𑄨𑄉𑄨 𑄡 𑄛𑄧𑄖𑄴𑄖𑄧।,Present
আমিজা কানিে লেখা আছে-গাে যাওার আগে বাজার করে নিে আসো,"𑄃𑄟𑄨𑄎 𑄇𑄚𑄨𑄥𑄣𑄧𑄖𑄴 𑄣𑄬𑄊 𑄗𑄬𑄘𑄧 - 𑄉𑄘𑄖𑄴 𑄡𑄬𑄝𑄢𑄴 𑄃𑄉𑄬 𑄝𑄎𑄢𑄴 𑄉𑄧𑄢𑄨𑄌𑄴, 𑄃𑄨𑄠𑄚𑄴 𑄃𑄨𑄠𑄚𑄴 𑄇𑄨𑄚𑄨 𑄃𑄚𑄨𑄌𑄴।",Present
"মরিচ নেই,চামার পাতা নেই","𑄟𑄧𑄢𑄨𑄌𑄴 𑄚𑄬𑄃𑄨, 𑄌 𑄛𑄘 𑄚𑄬𑄃𑄨 .. 𑄃𑄬𑄎𑄚𑄴 𑄃𑄬𑄎𑄚𑄴 𑄉𑄧𑄢𑄨।",Present
ব ভাই-বোনেরা এই কম খরচে জীবন যাপনের জন্য দুইজনে একসাথে হেঁটে যাচ্ছে,𑄝𑄝𑄴 - 𑄞𑄬𑄃𑄨 𑄍𑄢𑄨 𑄃𑄬 𑄚𑄨𑄢𑄬𑄖𑄨𑄖𑄳𑄠𑄬 𑄎𑄨𑄁𑄇𑄚𑄨 𑄥𑄧𑄣 𑄥𑄧𑄣 𑄞𑄝𑄨 𑄞𑄝𑄨 𑄃𑄧𑄇𑄴𑄖𑄧 𑄃𑄧𑄇𑄴𑄖𑄧 𑄘𑄨 𑄎𑄧𑄚𑄬 𑄃𑄩𑄙𑄮𑄖𑄴 𑄖𑄪𑄣𑄨 𑄖𑄪𑄣𑄨 𑄝𑄳𑄦𑄧 𑄚𑄨𑄏𑄌𑄴 𑄜𑄬𑄣𑄚𑄴 𑄃 𑄟𑄪𑄎𑄪𑄋𑄮 𑄛𑄧𑄖𑄴𑄗𑄚𑄴 𑄞𑄝𑄨 𑄇𑄪𑄣𑄮𑄖𑄴 𑄞𑄨𑄢𑄨𑄝𑄢𑄴 𑄌𑄚𑄴।,Present
দুইজন লোক একসাথে গেলে অনেক বিপদ,𑄘𑄨𑄎𑄧𑄚𑄧 𑄟𑄪𑄎𑄪𑄋𑄬 𑄎𑄬𑄚𑄬 𑄃𑄧𑄇𑄪𑄣𑄴 𑄘𑄧𑄎𑄳𑄠।,Present
"এই কুলে দশ জন লাগে-টাকা এই কূলে লাগে,যেটা তাদের দোজনার নেই","𑄃𑄬𑄃𑄨𑄇𑄪𑄣𑄴 𑄘𑄧𑄎𑄳𑄠 𑄛𑄢𑄴 𑄦𑄧𑄘𑄬 𑄣𑄉𑄬-𑄖𑄬𑄋 𑄃 𑄝𑄨𑄘𑄳𑄠𑄝𑄧𑄣𑄴, 𑄡𑄨𑄠𑄚𑄴 𑄖𑄢𑄢𑄴 𑄘𑄮𑄎𑄧𑄚𑄢𑄴 𑄚𑄬𑄃𑄨।",Present
বিদা না থাকলে মরা মরা চামা চামা চামা চামা চামা চা করে জীবন,"𑄝𑄨𑄘𑄳𑄠 𑄚𑄧 𑄗𑄬𑄣𑄬 𑄚𑄧 𑄗𑄬𑄣𑄬 𑄟𑄧𑄢 𑄜𑄬𑄘𑄬𑄢 𑄌𑄉𑄪𑄢𑄨, 𑄟𑄧𑄢 𑄜𑄬𑄘𑄬𑄢 𑄌𑄉𑄪𑄢𑄨 𑄟𑄚𑄬 𑄚𑄨𑄢𑄬𑄖𑄨𑄖𑄳𑄠𑄬 𑄎𑄨𑄁𑄇𑄚𑄨।",Present
সারাদিন একা একা রুমে থাকে - ভালো রেজাল্ট না করে এই বিপদ আসতেছে!,𑄢𑄧𑄎𑄧𑄚𑄨 𑄃𑄧𑄇𑄴𑄖𑄧 𑄃𑄧𑄇𑄴𑄖𑄧 𑄉𑄃𑄨 𑄉𑄃𑄨 𑄉𑄪𑄘𑄨𑄖𑄴 𑄛𑄧𑄢𑄨 𑄞𑄝𑄬 - 𑄉𑄧𑄟𑄴 𑄝𑄨𑄘𑄳𑄠 𑄚𑄧 𑄗𑄚𑄃𑄨 𑄃𑄬𑄌𑄳𑄠𑄬 𑄃𑄬 𑄘𑄧𑄏!,Present
.ভাবতে ভাবতে কুলও জেনে নাও,𑄞𑄝𑄧𑄘𑄬 𑄞𑄝𑄧𑄘𑄬 𑄇𑄪𑄣𑄴 𑄃𑄮 𑄎𑄬𑄚𑄬 𑄜𑄬𑄣𑄧।,Present
মন শান্ত করো -এইটা ঠিক হবে,𑄟𑄧𑄚𑄴 𑄗𑄨𑄘𑄧 𑄉𑄧𑄢𑄴𑄣𑄧 - 𑄃. 𑄃𑄬. 𑄞𑄧𑄖𑄴𑄖𑄨 𑄦𑄧𑄝𑄧।,Future
"কুমি চামা, রাতের বেলা গালা গালা ক্লাস করতে হবে, এই চিন্তা মনটা তেতো হেছে","𑄇𑄪𑄟𑄴𑄝𑄨𑄚𑄨 𑄌𑄉𑄪𑄢𑄨, 𑄢𑄬𑄘𑄮 𑄇𑄧𑄣𑄬𑄎𑄧𑄖𑄴 𑄉𑄣 𑄉𑄣 𑄇𑄬𑄣𑄌𑄴 𑄉𑄧𑄢 𑄡𑄬𑄝𑄧, 𑄃𑄨𑄠𑄚𑄴 𑄞𑄝𑄨𑄚𑄬 𑄢𑄧𑄎𑄧𑄚𑄨𑄢𑄴 𑄞𑄧𑄖𑄴 𑄖𑄨 𑄦𑄧𑄣𑄧 ।",Present
তাকে দিে অজনি ও তাকে বেইন করল,𑄖𑄢𑄬 𑄘𑄬𑄃𑄨 𑄃𑄧𑄎𑄧𑄚𑄨 𑄃𑄮 𑄖𑄢𑄬 𑄝𑄬𑄋𑄬𑄣𑄧।,Past
সে তার সাথে একদিন যে ভ পেল,𑄖𑄬𑄠𑄮 𑄖 𑄥𑄧𑄟𑄢𑄬 𑄃𑄬𑄇𑄴𑄘𑄨𑄚𑄴 𑄡𑄬𑄃𑄨 𑄞𑄧𑄖𑄴𑄖𑄨 𑄦𑄧𑄣𑄧।,Past
"বেঁচে থাকলে দুইজনে পাচা করে,এইটা দুইজনে একটা নতুন জীবনে ঢুকে নেওা ধরলো","𑄎𑄨𑄢𑄬𑄚𑄴 𑄗𑄬𑄣𑄬 𑄘𑄨𑄎𑄧𑄚𑄬 𑄛𑄧𑄢𑄚𑄨 𑄞𑄋𑄌𑄪𑄢𑄧 𑄉𑄧𑄢𑄧𑄚𑄴, 𑄃𑄨𑄠𑄚𑄴 𑄘𑄨𑄎𑄧𑄚𑄢𑄬 𑄃𑄬𑄇𑄴𑄇𑄚𑄴 𑄚𑄪𑄃𑄧 𑄎𑄨𑄁𑄇𑄚𑄨𑄖𑄴 𑄎𑄬𑄚𑄬 𑄚𑄬𑄎 𑄙𑄧𑄢𑄴𑄣𑄧।",Past
"এইবারে সমাজ থেকে কম কথা বলা,আবোল তাবোল কথা বলা অনেক সুবিধা হলো","𑄃𑄬𑄝𑄢𑄧𑄖𑄴 𑄥𑄧𑄟𑄎𑄳𑄠𑄬𑄣𑄮𑄃𑄨 𑄇𑄧𑄟𑄴 𑄉𑄧𑄛𑄴 𑄟𑄢𑄚, 𑄃𑄣𑄴𑄎𑄨 𑄃𑄧𑄇𑄴𑄖𑄧 𑄜𑄬𑄣𑄚, 𑄝𑄢𑄥𑄪𑄘𑄧 𑄇𑄧𑄘 𑄟𑄬𑄣𑄚 𑄝𑄧𑄚𑄴 𑄦𑄮𑄃𑄨 𑄥𑄪𑄇𑄟𑄧𑄖𑄴 𑄃𑄧𑄇𑄴 𑄖𑄧𑄚𑄨 𑄇𑄪𑄣𑄧𑄈𑄎 𑄦𑄮 𑄙𑄧𑄢𑄴𑄣𑄧।",Past
"ভাই-বোনেরা তাদেরকে ঘৃণা করে,কোন সমে মিলে না","𑄞𑄬𑄭𑄘𑄮 𑄥𑄧𑄟𑄎𑄳𑄠𑄬 𑄖𑄢𑄢𑄬 𑄌𑄧𑄌𑄴𑄎𑄚𑄴, 𑄇𑄧𑄚𑄴 - 𑄘𑄧𑄌𑄴 𑄥𑄧𑄟𑄎𑄧𑄖𑄴 𑄚𑄧 𑄟𑄨𑄣𑄬।",Present
তারা দুজনেই সেগুলো গ্রাহ্য করে না,𑄖𑄢 𑄘𑄨𑄎𑄧𑄚𑄬 𑄥𑄨𑄠𑄚𑄨 𑄖𑄳𑄠𑄬𑄚𑄴 𑄟𑄳𑄦𑄧𑄣𑄴 𑄚𑄧 𑄉𑄧𑄢𑄧𑄚𑄴।,Present
অনেক অনেক অসুুস্থ মানুষদের কথা কানে দেওা,𑄃𑄧𑄇𑄴𑄖𑄧 𑄃𑄧𑄇𑄴𑄖𑄧 𑄃𑄧𑄎𑄧𑄚𑄨 𑄢𑄧𑄎𑄧𑄚𑄨𑄢𑄬 𑄚𑄚 𑄝𑄝𑄧𑄖𑄳𑄠𑄬 𑄇𑄧𑄘 𑄇𑄚𑄧𑄖𑄴 𑄘𑄬।,Present
শীতকালের কেকটা তরকারি কানে নিতে পারে না,𑄢𑄧𑄎𑄧𑄚𑄨 𑄥𑄬𑄇𑄳𑄠𑄬 𑄇𑄧𑄘𑄧 - 𑄟𑄚𑄴𑄎𑄮𑄢𑄴 𑄝𑄬𑄇𑄴 𑄇𑄧𑄘𑄚𑄨 𑄇𑄚𑄧𑄖𑄴 𑄞𑄧𑄢𑄬 𑄚𑄧 𑄛𑄢𑄬।,Present
সবসম কথা বলে মন ভালো করে থাকে,𑄃𑄧𑄎𑄧𑄚𑄨 𑄃𑄧𑄇𑄴𑄖𑄧 𑄃𑄧𑄇𑄴𑄖𑄧 𑄚𑄚 𑄝𑄝𑄧𑄖𑄳𑄠𑄬 𑄇𑄧𑄘 𑄥𑄪𑄚𑄨 𑄟𑄧𑄚𑄴 𑄉𑄮𑄢𑄴 𑄉𑄧𑄢𑄨 𑄗𑄠𑄴।,Present
".রাজনদেরকে এই সেই শোনো,সে সমে কথা বলে আর কি ভালো হবে!","𑄢𑄧𑄎𑄧𑄚𑄨𑄢𑄬 𑄃𑄬𑄃𑄨 𑄥𑄬𑄃𑄨 𑄥𑄪𑄚𑄮𑄠𑄴, 𑄥𑄬𑄇𑄳𑄠𑄬 𑄢𑄧𑄎𑄧𑄚𑄨 𑄇𑄧𑄘𑄧-𑄥𑄧𑄟𑄎𑄳𑄠𑄬 𑄜𑄉𑄧𑄖𑄴 𑄛𑄧𑄢𑄨 𑄝𑄧𑄎𑄧𑄁 𑄃𑄟𑄧𑄣𑄴 𑄝𑄎𑄬𑄣𑄬 𑄇𑄨 𑄉𑄧𑄟𑄴 𑄦𑄧𑄝𑄧!",Future
সামর্থ্য না থাকলে চুপ করে থাকে,𑄃𑄧𑄎𑄧𑄚𑄨 𑄚𑄧 𑄟𑄙𑄨 𑄗𑄬𑄘𑄧।,Present
.মোরগ পীা কথা বলতেছে,𑄟𑄪𑄢𑄧𑄖𑄴 𑄛𑄧𑄢𑄨 𑄢𑄧𑄎𑄧𑄚𑄨 𑄇𑄧𑄘 𑄖𑄧𑄣𑄴𑄝𑄨𑄌𑄴 𑄉𑄧𑄢𑄬।,Present
কত ব কথা বলে কাজ শেষ হে যাওা যা,𑄇𑄧𑄟𑄴 𑄇𑄧𑄘 𑄇𑄳𑄦𑄧𑄚𑄃𑄨 𑄎𑄬𑄚𑄬 𑄇𑄟𑄴 𑄥𑄨𑄘𑄴𑄙𑄨 𑄃𑄨𑄠𑄚𑄴 𑄞𑄝𑄨𑄚𑄬 𑄟𑄪𑄎𑄪𑄋𑄮 𑄛𑄧𑄗𑄴 𑄙𑄧𑄢𑄨 𑄦𑄘𑄬।,Present
বছর যেতে যেতে বেইনটা একটু বাঁকা ধরলো,𑄝𑄧𑄏𑄧𑄢𑄴 𑄡𑄘𑄬 𑄡𑄘𑄬 𑄝𑄬𑄘𑄧𑄚𑄴 𑄃𑄬𑄇𑄴𑄇 𑄝𑄢 𑄙𑄧𑄢𑄴𑄣𑄧।,Past
এক দিন অসুুস্থ মানুষদের কল-কলানি দাও,𑄃𑄬𑄇𑄴𑄘𑄨𑄚𑄴 𑄃𑄧𑄎𑄧𑄚𑄨 𑄢𑄧𑄎𑄧𑄚𑄨𑄢𑄬 𑄇𑄧𑄣𑄧 - 𑄃।,Present
বিদ্যা না থাকলে চলে না,𑄝𑄬𑄘𑄧𑄚𑄴 𑄚𑄧 𑄝𑄖𑄴𑄖𑄬 𑄚𑄧 𑄌𑄧𑄣𑄨 𑄚𑄬।,Present
এবার একটু জমা রাখো,𑄃𑄬𑄝𑄢𑄧𑄖𑄴 𑄃𑄬𑄇𑄴𑄇 𑄉𑄪𑄣𑄮𑄘𑄧𑄇𑄴 𑄎𑄧𑄟 𑄗𑄮𑄃𑄨।,Present
শীতকালে চিন্তা করে বললাম - চলতে পারবো নাকি,𑄢𑄧𑄎𑄧𑄚𑄨 𑄞𑄝𑄨 𑄌𑄬𑄃𑄨 𑄇𑄧𑄣𑄧 - 𑄌𑄧𑄣𑄨 𑄛𑄢𑄨𑄝𑄧𑄁 𑄚𑄬।,Past
.রজনী কথা শুনা অজগর কল - খেলে কি ধনে ধনে ভরপুর?,𑄢𑄧𑄎𑄧𑄚𑄨 𑄇𑄧𑄘 𑄥𑄪𑄚𑄨 𑄃𑄧𑄎𑄧𑄚𑄨 𑄇𑄧𑄣𑄧 - 𑄈𑄬𑄣𑄬 𑄇𑄨 𑄢𑄬𑄎𑄳𑄠𑄬 𑄙𑄧𑄚𑄬 𑄇𑄪𑄣𑄮𑄠𑄴!,Present
অসুুস্থ কাঠওালা ফিরে না,𑄃𑄧𑄎𑄧𑄚𑄨 𑄇𑄧𑄘𑄢𑄴 𑄎𑄮𑄝𑄴 𑄢𑄧𑄎𑄧𑄚𑄨 𑄜𑄨𑄢𑄬 𑄚𑄧 𑄛𑄢𑄴𑄣𑄧।,Present
এবার মাঝে পাঁচ জন সমে ফর্সা হেছে,𑄃𑄬𑄝𑄢𑄧𑄖𑄴 𑄟𑄏𑄬 𑄛𑄌𑄴 𑄥𑄧𑄖𑄴 𑄖𑄬𑄇𑄳𑄠𑄬 𑄙𑄧𑄌𑄴 𑄎𑄧𑄟𑄧𑄚𑄨 𑄉𑄧𑄢 𑄙𑄧𑄢𑄴𑄣𑄇𑄴।,Present
এখানে রোদ পোহাতেছে- কাজ করতে করতে চুলকাচ্ছে,𑄃𑄨𑄚𑄴𑄘𑄨 𑄢𑄧𑄎𑄧𑄚𑄨𑄢𑄴 𑄟𑄙𑄖𑄴 𑄃𑄝𑄪𑄌𑄳𑄠𑄬 - 𑄇𑄟𑄴 𑄉𑄧𑄖𑄴𑄖𑄬 𑄉𑄧𑄖𑄴𑄖𑄬 𑄇𑄝𑄨𑄣𑄴𑄠𑄚𑄴 𑄃𑄝𑄪𑄎𑄬।,Present
মানুষ কাজে-কর্মে দক্ষ হওা,𑄟𑄚𑄪𑄌𑄴 𑄇𑄟𑄬 - 𑄇𑄧𑄌𑄴𑄎𑄬 𑄛𑄁𑄇 𑄦𑄧𑄚𑄴।,Present
কাজে যাওার সম পাহাের উপর দিে যাওা যা,𑄇𑄟𑄴𑄟𑄮 𑄟𑄚𑄴𑄎𑄬 𑄦𑄝𑄬𑄣𑄮𑄘𑄧 𑄅𑄙𑄧𑄚𑄴𑄘𑄨 𑄛𑄧𑄙𑄴 𑄙𑄧𑄢𑄧𑄚𑄴।,Present
এক জাতী মাছ ধরছে - সত্তুর,𑄃𑄣𑄴𑄎𑄨 𑄃𑄬𑄇𑄴𑄎𑄧𑄚𑄴 𑄟𑄚𑄴𑄎𑄮𑄢𑄴 𑄙𑄋𑄧𑄢𑄴 - 𑄥𑄧𑄖𑄴𑄖𑄪𑄢𑄪।,Present
এগুলো মাথা রাগ করে নিজের কাজ করে দো,𑄃𑄨𑄠𑄚𑄨 𑄟𑄙𑄖𑄴 𑄢𑄉𑄬𑄃𑄨 𑄢𑄧𑄎𑄧𑄚𑄨 𑄃 𑄃𑄧𑄎𑄚𑄨 𑄚𑄨𑄎𑄧 𑄇𑄟𑄴 𑄥𑄨𑄢𑄬𑄃𑄨𑄚𑄬 𑄝𑄢𑄢𑄬 𑄃𑄮 𑄝𑄧𑄣𑄴 𑄘𑄮𑄚𑄴।,Present
সারাদিন করে যাওার পরেও তারা দুই জনের কাজ শেষ করে না,𑄘𑄨𑄚𑄴 𑄉𑄧𑄋𑄨 𑄡𑄠𑄴 𑄖𑄢 𑄘𑄨 𑄎𑄧𑄚𑄢𑄴 𑄇𑄟𑄴 𑄎𑄬𑄚𑄬 𑄚𑄧 𑄛𑄪𑄢𑄧𑄠𑄴।,Present
. এনে এনে একদিন দুইজনে পরীক্ষা দিে আসলাম,𑄃𑄬𑄚𑄬 𑄃𑄬𑄚𑄬 𑄃𑄬𑄇𑄴𑄘𑄨𑄚𑄴 𑄘𑄮𑄎𑄧𑄚𑄬 𑄛𑄧𑄢𑄨𑄇𑄴𑄈𑄬 𑄘𑄨 𑄃𑄃𑄨. 𑄃𑄬 𑄛𑄥𑄴 𑄉𑄧𑄢𑄴𑄣𑄇𑄴।,Past
ভাঙা বুক একটু দেখে জ্বর সেরে উঠলো,𑄞𑄋 𑄝𑄪𑄇𑄴 𑄃𑄬𑄇𑄴𑄇 𑄎𑄬𑄚𑄬 𑄎𑄧𑄢 𑄝𑄪𑄘𑄨𑄣𑄧।,Past
আকাশে বিদ্যুৎ চমকানো দেখল,𑄃𑄚𑄴𑄘𑄢𑄧𑄖𑄴 𑄏𑄨𑄟𑄨𑄣𑄬𑄚𑄨 𑄘𑄬𑄊 𑄘𑄨𑄣𑄧।,Past
বিদ্যুৎ চমকানির পথটি খুঁজে বের হলো,𑄏𑄨𑄟𑄨𑄣𑄬𑄚𑄨𑄖𑄴 𑄛𑄧𑄙𑄴 𑄖𑄧𑄮𑄉𑄚𑄥𑄚𑄴 𑄛𑄧𑄙𑄧 𑄙𑄪𑄢𑄴 𑄎𑄬𑄚𑄬 𑄖𑄮𑄉𑄬 𑄛𑄬𑄣𑄇𑄴।,Past
তারা দুজনেই বি. এ. ভর্তি হলো,𑄖𑄢 𑄃𑄢𑄧 𑄝𑄨. 𑄃𑄬. 𑄞𑄧𑄖𑄴𑄖𑄨 𑄦𑄧𑄣𑄇𑄴।,Past
মরা মরা আগুন দেখে ধোঁা উঠে গেল,𑄟𑄧𑄢 𑄟𑄧𑄢 𑄃𑄉𑄪𑄚𑄚𑄴 𑄎𑄬𑄚𑄬 𑄙𑄪𑄟𑄬𑄃𑄨 𑄅𑄙𑄨𑄣𑄧।,Past
বিদা নেওা ক্ষুধা লাগা,𑄝𑄨𑄘𑄳𑄠 𑄣𑄧𑄚 𑄃 𑄛𑄬𑄖𑄴 𑄖𑄧𑄢𑄚।,Present
জীবনে বিদ্যুৎ লাগে ধীরে ধীরে আর বিদ্যুৎ চমকানো হ,𑄎𑄨𑄁𑄇𑄚𑄨𑄖𑄴 𑄝𑄨𑄘𑄳𑄠𑄬 𑄇𑄨𑄖𑄳𑄠𑄬 𑄣𑄉𑄬 𑄣𑄢𑄬 𑄣𑄢𑄬 𑄃𑄢𑄧 𑄛𑄮𑄖𑄴𑄛𑄮𑄖𑄳𑄠𑄬 𑄦𑄮𑄃𑄨 𑄙𑄧𑄢𑄴𑄣𑄧।,Present
আমরা দুইজন এক সাথে থাকলে তারা খিলখিল করে - আর থাকতে গেলে সব কিছু ঠিকঠাক হবে না,𑄃𑄟𑄨𑄎𑄬 𑄘𑄨𑄎𑄧𑄚𑄬 𑄃𑄬𑄇𑄴 𑄥𑄧𑄟𑄢𑄬 𑄗𑄬𑄣𑄬 𑄖𑄢 𑄇𑄪𑄃𑄨𑄇𑄨 𑄉𑄧𑄢𑄧𑄚𑄴 - 𑄃𑄠𑄴 𑄗𑄉𑄧𑄘𑄬 𑄝𑄬𑄇𑄴 𑄇𑄨𑄖𑄳𑄠𑄚𑄴 𑄘𑄨 𑄗𑄨𑄘𑄨𑄝𑄨𑄘𑄨 𑄦𑄮𑄃𑄨 𑄚𑄧 𑄛𑄢𑄴𑄣𑄬 𑄎𑄬𑄢𑄧 𑄎𑄨𑄁𑄇𑄚𑄨 𑄦𑄧𑄝𑄧 𑄃𑄝𑄨𑄣𑄬𑄎𑄧𑄢𑄴।,Future
"ভালো কাজ ভালো চাকরি, ভালো কাজ","𑄉𑄧𑄟𑄴 𑄝𑄨𑄘𑄳𑄠 𑄉𑄧𑄟𑄴 𑄌𑄉𑄪𑄢𑄨, 𑄉𑄧𑄟𑄴 𑄌𑄉𑄪𑄢𑄨 𑄉𑄧𑄟𑄴 𑄎𑄨𑄁𑄇𑄚𑄨।",Present
এক দিন যুদ্ধ করতেছে তাদের ছেলে পার সমে শুে আছে,𑄃𑄬𑄇𑄴𑄘𑄨𑄚𑄴 𑄃𑄧𑄎𑄧𑄚𑄨 𑄇𑄧𑄢𑄧𑄖𑄴 𑄖𑄢𑄢𑄴 𑄛𑄮𑄣𑄳𑄠𑄬 𑄛𑄪𑄃𑄧 𑄃𑄧𑄎𑄧𑄣𑄬 𑄥𑄪𑄘𑄮𑄝𑄧𑄣 𑄥𑄚𑄴𑄉𑄧𑄢𑄨 𑄃𑄝𑄪𑄎𑄨𑄣𑄧𑄉𑄨।,Present
পে পে দিন কেটে গেল,𑄛𑄮𑄣𑄳𑄠𑄬 𑄛𑄮𑄣𑄳𑄠𑄬 𑄈𑄪𑄎𑄨𑄠𑄬 𑄘𑄨𑄚𑄴 𑄉𑄧𑄋𑄨 𑄉𑄬𑄣𑄧।,Past
".অন্যরা দিন দুপুরে সূর্য ডোবার সম লবণ নিে আসা, জুে আপ্প খাওা শুরু করল","𑄎𑄬𑄢𑄬 𑄘𑄨𑄚𑄴 𑄛𑄧𑄖𑄴𑄖𑄨 𑄝𑄬𑄣𑄚𑄴 𑄅𑄘𑄧𑄧𑄘𑄬 𑄥𑄧𑄥𑄉𑄧𑄢𑄴 𑄃𑄚𑄚, 𑄎𑄪𑄢𑄧𑄚 𑄃𑄝𑄧𑄢𑄴 𑄈 𑄙𑄧𑄢𑄴𑄣𑄧।",Past
জীবনে তেতো হেছে,𑄎𑄨𑄁𑄇𑄚𑄨𑄢𑄴 𑄖𑄨𑄙𑄬𑄠𑄚𑄴 𑄃𑄬𑄝𑄢𑄧𑄖𑄴 𑄃𑄢𑄧 𑄉𑄢𑄪 𑄦𑄧𑄣𑄧।,Present
এই তিতা গে ভে যা,𑄃𑄧𑄎𑄧𑄚𑄨 𑄥𑄧𑄝𑄧𑄚𑄴 𑄎𑄬𑄚𑄬 𑄃𑄬 𑄖𑄨𑄙𑄬 𑄉𑄧𑄋𑄧𑄖𑄴 𑄞𑄎𑄨 𑄡 𑄙𑄧𑄢𑄴𑄣𑄧।,Present
রগচটা বি. এই রোগটা সহ্য হলো না,𑄢𑄧𑄎𑄧𑄚𑄨 𑄝𑄨. 𑄃𑄬. 𑄛𑄨𑄢𑄨𑄇𑄴𑄈𑄬 𑄘𑄨𑄣𑄬 𑄃𑄮 𑄃𑄧𑄎𑄧𑄚𑄨𑄢𑄴 𑄚𑄧 𑄦𑄧𑄣𑄧।,Past
এত ব দিনে দুইজনে তাাতাি চেে দিে দুইজনে খেে নিল,𑄃𑄧𑄎𑄧𑄣𑄳𑄠𑄬𑄢𑄬 𑄃𑄬 𑄛𑄮𑄢𑄇𑄧𑄝𑄣𑄳𑄠𑄬 𑄘𑄨𑄚𑄮𑄖𑄴 𑄘𑄨 𑄃𑄬𑄇𑄴 𑄎𑄧𑄚𑄬 𑄌𑄬𑄃𑄨 𑄘𑄬𑄚𑄃𑄨 𑄃𑄧𑄎𑄧𑄚𑄨 𑄌𑄉𑄪𑄢𑄨𑄠𑄚𑄴 𑄇𑄧𑄚𑄧 𑄝𑄝𑄧𑄘𑄬 𑄗𑄨𑄘𑄨 𑄢𑄉𑄬𑄣𑄧।,Past
".নাগাে,তানাাতাি মানুষরা যে পথ ধরে হেঁটে যাচ্ছে","𑄚𑄉𑄚𑄇𑄳𑄠𑄬, 𑄖𑄚𑄛𑄧𑄎𑄳𑄠𑄬𑄚𑄴 𑄎𑄨𑄁𑄇𑄚𑄨 𑄣𑄮𑄇𑄴𑄘𑄮𑄇𑄳𑄠𑄬 𑄉𑄢𑄨 𑄥𑄚𑄴 𑄘𑄬𑄇𑄳𑄠𑄬𑄢𑄴 𑄥𑄬𑄇𑄳𑄠𑄬𑄢𑄴 𑄉𑄧𑄢𑄨 𑄟𑄪𑄎𑄪𑄋𑄧 𑄛𑄧𑄗𑄴 𑄙𑄧𑄢𑄨 𑄦𑄘 𑄙𑄧𑄢𑄴𑄣𑄧।",Present
এক জাতী অসুখে তেতো তেতো করে,𑄃𑄧𑄎𑄧𑄣𑄳𑄠𑄬𑄢𑄴 𑄛𑄨𑄢𑄘𑄨𑄢𑄬𑄖𑄴 𑄖𑄨𑄙𑄬𑄟𑄨𑄘𑄬𑄢𑄴 𑄖𑄪𑄢𑄴 𑄝𑄢𑄨𑄘𑄧।,Present
তুর-নাা আর বারিা - জঙ্গলের ধার আর আসে না,𑄖𑄪𑄢𑄴 𑄠𑄚𑄴 𑄃𑄢𑄧 𑄝𑄢𑄨𑄘𑄨 - 𑄎𑄧𑄚𑄨 𑄅𑄘𑄮𑄢𑄴 𑄙𑄢𑄴 𑄃 𑄟𑄚𑄴𑄎𑄮𑄢𑄴 𑄃𑄬𑄎𑄣𑄴 𑄚𑄧 𑄟𑄨𑄣𑄨𑄘𑄧।,Present
দস-সমের সম অনেক পানি পে যা,𑄘𑄧𑄥𑄴 - 𑄥𑄧𑄟𑄌𑄴 𑄇𑄨𑄖𑄳𑄠𑄬 𑄃𑄧𑄎𑄧𑄚𑄨 𑄃 𑄢𑄧𑄎𑄧𑄚𑄨 𑄈𑄧𑄚𑄴𑄘𑄧𑄢𑄬 𑄈𑄧𑄚𑄴𑄘𑄧𑄢𑄬 𑄝𑄪𑄌𑄴 𑄜𑄬𑄣𑄇𑄴।,Present
এই দুই দিনে একদিন সুখ আসলো-রজনি বি. এ. পাা করল,𑄃𑄬 𑄘𑄪𑄉𑄮 𑄘𑄨𑄚𑄮𑄖𑄴 𑄃𑄬𑄇𑄴𑄘𑄨𑄚𑄴 𑄥𑄪𑄈𑄬𑄚𑄴 𑄃𑄬𑄣𑄧 - 𑄢𑄧𑄎𑄧𑄚𑄨 𑄝𑄨. 𑄃𑄬. 𑄛𑄥𑄴 𑄉𑄧𑄢𑄴𑄣𑄧।,Past
"সমাজ, বাির বই বেশি করে মন দো ভালো হলো","𑄥𑄧𑄟𑄎𑄳𑄠𑄬, 𑄊𑄧𑄢𑄴 𑄝𑄮𑄠𑄴 𑄝𑄬𑄉𑄬 𑄟𑄧𑄚𑄴 𑄘𑄨𑄣𑄴 𑄉𑄧𑄟𑄴 𑄦𑄧𑄣𑄧।",Past
বাির বাবা-মা মাছ ধরতেছে,𑄊𑄧𑄢𑄧 𑄝𑄝𑄴-𑄟𑄠𑄪𑄚𑄬 𑄥𑄟𑄴𑄝𑄘𑄴 𑄚𑄬𑄎 𑄙𑄧𑄢𑄴𑄣𑄇𑄴।,Present
.চাকা পাহাে পাহাের বোল,"𑄌𑄉𑄪𑄢𑄨𑄖𑄴 𑄙𑄛𑄴 𑄝𑄢𑄨𑄣𑄧, 𑄝𑄬𑄖𑄧𑄚𑄴 𑄝𑄢𑄨𑄣𑄧।",Present
দুইজন লোক জালা ধরলো,𑄘𑄨 𑄎𑄧𑄚𑄧 𑄉𑄨𑄢𑄨𑄖𑄴𑄖𑄨 𑄎𑄣𑄝𑄴𑄝𑄧𑄢𑄴 𑄦𑄮 𑄙𑄧𑄢𑄴𑄣𑄧।,Past
মানুষ কম থাকা বাি-ঘর - গিরিপথ যে দিে সেটা ভরা হ,𑄎𑄧𑄚𑄴 𑄇𑄧𑄟𑄴 𑄗𑄚𑄃𑄨 𑄊𑄧𑄢𑄴 - 𑄉𑄨𑄢𑄨𑄖𑄴𑄖𑄨𑄢𑄴 𑄎𑄬 𑄅𑄚𑄧 𑄥𑄨𑄠𑄚𑄴 𑄞𑄧𑄢𑄬𑄝𑄖𑄳𑄠𑄬 𑄢𑄧𑄎𑄧𑄚𑄨 𑄟𑄝𑄮 𑄃𑄬𑄝𑄢𑄧𑄖𑄴 𑄃𑄝𑄪𑄎𑄨𑄣𑄧𑄉𑄨।,Present
এত বেকে চোখ বন্ধ করা আর বাি করা,𑄃𑄧𑄎𑄧𑄣𑄳𑄠𑄬𑄢𑄬 𑄌𑄮𑄇𑄴𑄘𑄬𑄚 𑄃 𑄊𑄧𑄢𑄴 𑄢𑄊𑄚 ।,Present
এইবারে সম একটু কম হলো,𑄃𑄬𑄝𑄢𑄧𑄖𑄴 𑄃𑄧𑄎𑄧𑄚𑄨𑄢𑄴 𑄃𑄬𑄇𑄴𑄇 𑄍𑄬𑄢𑄴 𑄦𑄧𑄣𑄧।,Past
"সে এখনো বি. বি. এ. পতেছে, এই পরীক্ষাটা দাও, আর ভালো চামা দো শুধু এই দুইটা কাজ","𑄖𑄬 𑄃𑄮 𑄝𑄨. 𑄃𑄬. 𑄛𑄧𑄢 𑄙𑄧𑄢𑄴𑄣𑄧 𑄃 𑄢𑄧𑄎𑄧𑄚𑄨 𑄃𑄬𑄟. 𑄃𑄬. 𑄛𑄧𑄢𑄨𑄇𑄴𑄈𑄬 𑄘𑄬𑄚, 𑄃𑄢𑄧 𑄉𑄧𑄟𑄴 𑄌𑄉𑄪𑄢𑄨 𑄖𑄮𑄉𑄚 𑄝𑄚 𑄃𑄬 𑄘𑄨𑄠𑄚𑄴 𑄇𑄟𑄴।",Present
.রজা নিে পালিে যাওা-পালিে যাওার সম যে কাজ আমরা করি,𑄢𑄧𑄎𑄚𑄨𑄢𑄴 𑄌𑄉𑄪𑄢𑄨𑄖𑄴 𑄙𑄛𑄴 𑄝𑄢𑄚𑄃𑄨 - 𑄝𑄬𑄉𑄧 𑄟𑄙𑄖𑄴 𑄃𑄝𑄪𑄎𑄨𑄣𑄧 𑄃𑄬𑄎𑄚𑄴 𑄇𑄟𑄴 𑄘𑄧 𑄃𑄟𑄨 𑄃𑄮 𑄉𑄧𑄢𑄨 𑄛𑄖𑄴𑄖𑄧𑄁।,Present
কালি না করে,𑄇𑄣𑄨𑄇𑄴 𑄚𑄧 𑄉𑄧𑄢𑄨 ।,Present
সে জীবনটা বদলাতে পারে না,𑄥𑄬𑄖𑄳𑄠𑄬 𑄎𑄨𑄁𑄇𑄚𑄨𑄢𑄬 𑄝𑄧𑄘𑄧𑄣𑄬 𑄚𑄧 𑄛𑄢𑄨।,Present
দ্রুত গরম হে যাবে,𑄝𑄬𑄉𑄬 𑄇𑄪𑄃𑄨𑄝𑄪𑄣𑄧 𑄉𑄧𑄢 𑄙𑄧𑄢𑄴𑄣𑄇𑄴 𑄢𑄧𑄎𑄧𑄚𑄨 𑄃𑄢𑄧 𑄃𑄇𑄴𑄇𑄮𑄃𑄨 𑄡𑄬𑄝𑄧।,Future
"রোদ পোহাতে দিতে আসলাম,এত পতেছি আমি,এত পতে আসলাম",𑄢𑄧𑄎𑄧𑄚𑄨 𑄃𑄬𑄟𑄴. 𑄃𑄬. 𑄛𑄧𑄢𑄨𑄇𑄴𑄈𑄬 𑄘𑄨 𑄃𑄬𑄟𑄴. 𑄃𑄬. 𑄛𑄥𑄴 𑄉𑄧𑄢𑄨𑄣𑄧 𑄃 𑄃𑄧𑄎𑄧𑄚𑄨 𑄝𑄨. 𑄃𑄬. 𑄛𑄧𑄢𑄨𑄇𑄴𑄈𑄬 𑄘𑄨 𑄝𑄨. 𑄃𑄬. 𑄛𑄥𑄴 𑄉𑄧𑄢𑄨𑄣𑄴।,Past
পুরো বামহাতি এই গ্রামের ঢোলটা - বাজানোর সম কিছুই হ না,"𑄉𑄧𑄘 𑄝𑄳𑄦𑄟𑄴 𑄃 𑄃𑄘𑄟𑄴 𑄙𑄪𑄣𑄪𑄟𑄪𑄣𑄪 - 𑄃𑄧𑄎𑄧𑄚𑄨, 𑄢𑄧𑄎𑄧𑄚𑄨 - 𑄘𑄪𑄇𑄴 𑄇𑄟𑄴, 𑄌𑄬𑄢𑄬𑄌𑄴𑄖𑄠𑄴 𑄇𑄨 𑄚𑄧 𑄦𑄧𑄠𑄴।",Present
নিজে নিজে ফিরতে হ,𑄚𑄨𑄎𑄧 𑄦𑄝𑄬𑄣𑄬𑄖𑄴 𑄚𑄨𑄎𑄬 𑄜𑄨𑄢 𑄛𑄧𑄢𑄬।,Present
অসুুস্থ কুাগুলো ধীরে ধীরে মেেগুলো ধরলো,"𑄃𑄧𑄎𑄧𑄚𑄨, 𑄢𑄧𑄎𑄧𑄚𑄨𑄢𑄴 𑄟𑄪𑄎𑄪𑄋𑄧 𑄇𑄪𑄠𑄮𑄚𑄨 𑄣𑄢𑄬 𑄣𑄢𑄬 𑄟𑄨𑄣𑄬𑄃𑄨 𑄡 𑄙𑄧𑄢𑄴𑄣𑄧।",Past
এবার একটু দুইজনে শুকরের আলো ধরলো,𑄃𑄬𑄝𑄢𑄧𑄖𑄴 𑄃𑄬𑄇𑄴𑄇 𑄃𑄬𑄇𑄴𑄇 𑄘𑄨𑄎𑄧𑄚𑄧 𑄥𑄧𑄁𑄥𑄢𑄧𑄖𑄴 𑄥𑄪𑄉𑄮 𑄛𑄳𑄦𑄧𑄢𑄴 𑄜𑄪𑄘𑄮 𑄙𑄧𑄢𑄴𑄣𑄧।,Past
"টাকা,বিদাে মানুষ ভালো করে চিন্তা করে","𑄖𑄬𑄋, 𑄝𑄨𑄘𑄳𑄠𑄬𑄠𑄴 𑄟𑄚𑄴 𑄎𑄮𑄢𑄴 𑄟𑄧𑄚𑄴 𑄝𑄧𑄣 𑄉𑄧𑄢𑄬।",Present
অসুুস্থ অবস্থা,𑄃𑄧𑄎𑄧𑄚𑄨 𑄃𑄢𑄧 𑄥𑄧𑄝𑄧𑄚𑄴 𑄘𑄬𑄊𑄬।,Present
শীতকালে ভালো চামা খুঁজতে খুঁজতে একদিন একটা ভালো চামা মিলল,𑄢𑄧𑄎𑄧𑄚𑄨 𑄉𑄧𑄟𑄴 𑄌𑄉𑄪𑄢𑄨 𑄖𑄮𑄉𑄘𑄬 𑄖𑄮𑄉𑄘𑄬 𑄃𑄬𑄇𑄴𑄘𑄨𑄚𑄴 𑄃𑄬𑄇𑄴𑄇𑄚𑄴 𑄉𑄧𑄟𑄴 𑄌𑄉𑄪𑄢𑄨 𑄟𑄨𑄣𑄬𑄣𑄧।,Past
"ভালো বেতন, ভালো টাকা, ভালো জীবন","𑄉𑄧𑄟𑄴 𑄝𑄬𑄖𑄧𑄚𑄴, 𑄉𑄧𑄟𑄴 𑄖𑄬𑄋, 𑄉𑄧𑄟𑄴 𑄎𑄨𑄁𑄇𑄚𑄨।",Present
"কুমি চামা সমে সমে আসলো, এবং তার মা ও নতুন জাগা গেল","𑄇𑄪𑄟𑄴𑄝𑄧𑄚𑄨 𑄌𑄉𑄪𑄢𑄨𑄠𑄚𑄴 𑄃𑄨𑄢𑄨 𑄚𑄪𑄃𑄧 𑄌𑄉𑄪𑄢𑄨𑄖𑄴 𑄥𑄧𑄟𑄬𑄣𑄧 𑄣𑄧𑄉𑄬 𑄃𑄧𑄎𑄧𑄚𑄨, 𑄃𑄧𑄎𑄧𑄣𑄳𑄠𑄬, 𑄖𑄟𑄴𑄟 𑄃𑄮 𑄚𑄪𑄃𑄧 𑄎𑄉𑄖𑄴 𑄉𑄬𑄣𑄇𑄴।",Past
".অন্যদের একটি গোষ্ঠী নেই,ছেলেটি একটু একটু চাা আর বই পা","𑄃𑄧𑄎𑄧𑄚𑄨 𑄃𑄨𑄇𑄴𑄇𑄪 𑄉𑄬𑄚𑄴𑄎𑄟𑄴 𑄚𑄬𑄃𑄨, 𑄛𑄮-𑄝𑄮 𑄃𑄬𑄇𑄴𑄇 𑄃𑄬𑄇𑄴𑄇 𑄌𑄚 𑄃 𑄛𑄬𑄛𑄢𑄴, 𑄝𑄧𑄃𑄨 𑄛𑄧𑄢𑄚।",Present
বস সাথে তার খোল করে যাওা,𑄝𑄧𑄢𑄧𑄋 𑄣𑄧𑄉𑄬 𑄖𑄢𑄴 𑄈𑄬𑄚𑄴 𑄉𑄧𑄋𑄨 𑄡𑄚𑄴।,Present
জুে পেে বি.এ. ভর্তি হলো,𑄎𑄪 𑄛𑄬𑄚𑄬 𑄝𑄨. 𑄃𑄬𑄓𑄴. 𑄞𑄧𑄖𑄴𑄖𑄨 𑄦𑄧𑄣𑄧।,Past
.কাউকে ট্রেনিং ক্লাস থেকে বের হে এই জুটিটা ধরে নিল,𑄇𑄃𑄨𑄇𑄪𑄢𑄬 𑄑𑄳𑄢𑄬𑄚𑄨𑄁 𑄇𑄧𑄣𑄬𑄌𑄴 𑄗𑄚𑄃𑄨 𑄃𑄬 𑄎𑄪𑄝𑄮 𑄖𑄬 𑄙𑄧𑄢𑄨 𑄣𑄧𑄧𑄣𑄧।,Past
. এনে এনে দিন করে যা,𑄃𑄬𑄚𑄬 𑄃𑄬𑄚𑄬 𑄘𑄨𑄚𑄴 𑄉𑄧𑄋𑄨 𑄡 𑄙𑄧𑄢𑄬।,Present
ছেলের মা স্কুলে ভ দেখানোর পর এক দিন কি যে মাথা ঝালালো সেটা সে আর বলতে পারে না,𑄛𑄮 𑄝𑄮𑄢𑄬 𑄃𑄨𑄥𑄴𑄇𑄪𑄣𑄧𑄖𑄴 𑄞𑄧𑄖𑄴𑄖𑄨 𑄉𑄧𑄢𑄨 𑄘𑄬𑄚𑄢𑄴 𑄎𑄬𑄢𑄬 𑄘𑄨 𑄃𑄬𑄇𑄴 𑄘𑄨𑄚𑄴 𑄇𑄨 𑄎𑄬 𑄟𑄙 𑄎𑄮𑄣𑄴 𑄥𑄨𑄠𑄚𑄴 𑄖𑄬 𑄝𑄘𑄬 𑄃𑄢𑄴 𑄇𑄧𑄚𑄴 𑄚 𑄇𑄮𑄃𑄨 𑄛𑄢𑄬।,Present
".পে পে ভাত খাওা,এই কুে থাকা,কি যে ঝামেলা করে শেষ হ না","𑄛𑄮𑄣𑄳𑄠𑄬 𑄛𑄮𑄣𑄳𑄠𑄬 𑄛𑄧𑄢𑄚𑄴 𑄎𑄬𑄚𑄬 𑄃𑄧𑄘𑄧𑄖𑄴 𑄚𑄬𑄃𑄨-𑄝𑄬𑄚𑄳𑄠𑄬 𑄛𑄮𑄖𑄳𑄠𑄬 𑄞𑄖𑄴 𑄢𑄚𑄚, 𑄃𑄨𑄥𑄴 𑄇𑄪𑄣𑄮𑄖𑄴 𑄚𑄬𑄎𑄚, 𑄝𑄌𑄴𑄌𑄬𑄃𑄨 𑄗𑄚, 𑄇𑄨 𑄎𑄬 𑄛𑄬𑄢𑄬𑄖𑄚𑄨 𑄇𑄮𑄃𑄨𑄚𑄬 𑄎𑄬𑄚𑄬 𑄗𑄪𑄟𑄴 𑄚𑄧 𑄦𑄧𑄠𑄴।",Present
".কালকে কুমে চামা করা তার পছন্দ, সে সব নিে নিে যা,দিন যেতে সব তার ভালো হ","𑄇𑄣𑄨𑄇𑄴 𑄇𑄪𑄟𑄴𑄝𑄧𑄚𑄨𑄖𑄴 𑄌𑄉𑄪𑄢𑄨 𑄉𑄧𑄢𑄚𑄃𑄨 𑄖𑄢𑄴 𑄟𑄧𑄚𑄴 𑄘𑄧𑄢𑄧, 𑄖𑄬 𑄟𑄪 𑄜𑄪𑄘𑄬 𑄢𑄳𑄦 𑄚𑄧 𑄉𑄧𑄢𑄬, 𑄝𑄬𑄇𑄴 𑄥𑄮𑄠𑄬 𑄚𑄬𑄎𑄠𑄴, 𑄘𑄨𑄚𑄴 𑄡𑄘𑄬 𑄝𑄬𑄇𑄴 𑄖𑄢𑄴 𑄉 𑄃𑄨𑄣𑄳𑄠𑄬 𑄦𑄧𑄠𑄴।",Present
"সে তাকে কাজে নিে আসে,সে বি.এ-র লেখা পে নিে আসে","𑄎𑄬𑄢𑄬 𑄖 𑄥𑄪𑄢𑄨𑄝𑄮 𑄖𑄢𑄬 𑄇𑄟𑄧𑄖𑄴 𑄃𑄬𑄎𑄣𑄴 𑄘𑄬, 𑄖𑄬 𑄝𑄨. 𑄃𑄬𑄓𑄴.-𑄃𑄧𑄢𑄴 𑄣𑄬𑄊𑄛𑄧𑄢 𑄌𑄣𑄬 𑄚𑄬𑄎𑄠𑄴।",Present
পরীক্ষা পাশ করতে হ,𑄛𑄧𑄢𑄨𑄇𑄴𑄈𑄬 𑄘𑄨 𑄛𑄥𑄴 𑄉𑄧𑄢𑄬।,Present
".সীেদের অভিশাপগুলো মনে পে,মনে একটা ঢোল বেজে যা","𑄥𑄨𑄚𑄳𑄠𑄬 𑄃𑄧𑄎𑄧𑄚𑄨 𑄃 𑄢𑄧𑄎𑄧𑄚𑄨 𑄘𑄮 𑄎𑄧𑄚𑄴 𑄞𑄧𑄎𑄚𑄴 𑄅𑄌𑄴𑄌𑄮, 𑄟𑄧𑄚𑄧𑄖𑄴 𑄃𑄬𑄇𑄴𑄖𑄣𑄴 𑄥𑄧𑄝𑄧𑄚𑄬 𑄙𑄪𑄝𑄴 𑄟𑄬𑄉𑄧𑄥𑄚𑄴 𑄅𑄢𑄨 𑄅𑄢𑄨 𑄡 𑄙𑄧𑄎𑄳𑄠𑄬।",Present
রগচটা কল - এবার তো তোমার দশ জন ফিরবে,𑄢𑄧𑄎𑄧𑄣𑄨 𑄇𑄧𑄣𑄧 - 𑄃𑄬𑄝𑄢𑄧𑄖𑄴 𑄘𑄧 𑄖𑄧𑄢𑄴 𑄘𑄧𑄏𑄧𑄚𑄴 𑄜𑄨𑄢𑄨𑄝𑄧।,Future
মিথ্যা কথা বলে -কিভাবে বুঝবে?,𑄃𑄧𑄎𑄚𑄨 𑄛𑄪𑄏𑄢𑄴 𑄉𑄧𑄢𑄬 - 𑄇𑄬𑄚𑄬 𑄝𑄪𑄏𑄨𑄣𑄬?,Present
রোদ পোহা আরকি,𑄢𑄧𑄎𑄧𑄚𑄨 𑄎𑄮𑄝𑄴 𑄘𑄬 - 𑄃।,Present
হাই ইস্কুলের শিক্ষক হতে পারবে,𑄦𑄃𑄨 𑄃𑄨𑄥𑄴𑄇𑄪𑄣𑄧 𑄟𑄌𑄴𑄖𑄧𑄢𑄴 𑄦𑄮𑄃𑄨 𑄛𑄢𑄨𑄝𑄬।,Future
অসুুস্থ পাে হাঁটা মানুষদেরকে বলে -,𑄃𑄧𑄎𑄧𑄚𑄨 𑄟𑄪 𑄌𑄨𑄝𑄬𑄃𑄨 𑄦𑄏𑄨𑄚𑄬 𑄢𑄧𑄎𑄧𑄚𑄨𑄢𑄬 𑄇𑄧𑄠𑄴 - 𑄃।,Present
চূা এক জনে করলে চলতে পারে,𑄌𑄉𑄪𑄢𑄨 𑄃𑄬𑄇𑄴𑄎𑄧𑄚𑄬 𑄉𑄧𑄢𑄴𑄣𑄬 𑄘𑄧 𑄌𑄧𑄣𑄨 𑄛𑄢𑄬।,Present
.রাত হলে তাকে বিশ্বাস করে না - তার সুনাম থাকে না,𑄢𑄧𑄎𑄧𑄚𑄨 𑄖𑄢𑄬 𑄝𑄪𑄏𑄬𑄃𑄨 𑄇𑄧𑄠𑄴 - 𑄥𑄨𑄈𑄳𑄠𑄬 𑄝𑄨𑄘𑄳𑄠𑄬 𑄇𑄧𑄚𑄧 𑄇𑄟𑄧𑄖𑄴 𑄚𑄧 𑄣𑄉𑄨𑄣𑄬 𑄖𑄢𑄴 𑄉𑄪𑄚𑄴 𑄚𑄧 𑄗𑄠𑄴।,Present
অসুুস্থ মানুষ থাকে না,𑄃𑄧𑄎𑄧𑄚𑄨 𑄚𑄧 𑄟𑄙𑄨 𑄗𑄠𑄴।,Present
মনে হ এত ব পরীক্ষা টিকতে না পারলে কি সার!,𑄞𑄝𑄬 𑄃𑄬𑄘𑄧𑄇𑄴 𑄘𑄪𑄉𑄬 𑄥𑄨𑄈𑄳𑄠𑄬 𑄝𑄨𑄘𑄳𑄠𑄬 𑄇𑄟𑄧𑄖𑄴 𑄣𑄉𑄬 𑄚𑄧 𑄛𑄢𑄴𑄣𑄬 𑄇𑄨 𑄥𑄢𑄴!,Present
সিঁি থেকে ধরে আসা কুকুরগুলো বাঁশের কঞ্চি দিে খাওা,𑄥𑄨𑄚𑄳𑄠𑄬𑄖𑄴𑄖𑄪𑄚𑄴 𑄙𑄧𑄢𑄨 𑄃𑄧𑄎𑄧𑄚𑄨 𑄟𑄌𑄴𑄖𑄧𑄢𑄨 𑄌𑄉𑄪𑄢𑄨 𑄝𑄧𑄉 𑄙𑄮𑄇𑄳𑄠𑄬𑄉𑄧𑄢𑄨 𑄈𑄝𑄴 𑄘𑄨 𑄗𑄠𑄴।,Present
.নিজের সাথে মিল হওা,𑄚𑄨𑄎𑄧𑄢𑄬 𑄎𑄪𑄉𑄮𑄣𑄴 𑄉𑄨𑄢𑄨 𑄗𑄧𑄠𑄴।,Present
অসুুস্থ হওা - একজন মেে নিজের কাজগুলো একদম নষ্ট হেছে,𑄃𑄧𑄎𑄧𑄚𑄨 𑄎𑄚𑄬 - 𑄃𑄬𑄇𑄴𑄎𑄧𑄚𑄴 𑄟𑄚𑄴𑄎𑄮𑄢𑄴 𑄚𑄨𑄎𑄧𑄢𑄬 𑄎𑄪𑄉𑄮𑄣𑄴 𑄉𑄧𑄢𑄚 𑄇𑄟𑄴𑄠𑄚𑄴 𑄎𑄧𑄘𑄧𑄝𑄧𑄘𑄬 𑄃𑄊𑄖𑄳𑄠𑄬।,Present
.নিজের সাথে যুদ্ধ করে সংসারে সব জানা যা না,𑄚𑄨𑄎𑄧𑄢𑄬 𑄎𑄪𑄉𑄮𑄣𑄴 𑄉𑄧𑄢𑄨 𑄚𑄧 𑄛𑄣𑄳𑄠𑄬 𑄥𑄧𑄁𑄥𑄢𑄧𑄖𑄴 𑄝𑄬𑄇𑄴 𑄎𑄬𑄚𑄬 𑄃𑄧𑄥𑄢𑄴।,Present
একা একা ঘুরে বো,𑄃𑄣𑄴𑄎𑄨 𑄦𑄧𑄣𑄬 𑄝𑄬𑄇𑄴 𑄘𑄢𑄨𑄘𑄬 𑄝𑄬𑄢𑄠𑄴।,Present
অলিভে কাচো নাক - তার এই কথাটা কানে পে,𑄃𑄧𑄣𑄨𑄞𑄬 𑄇𑄌𑄴𑄎𑄮 𑄚𑄙 - 𑄖 𑄝𑄝𑄧𑄢𑄴 𑄃𑄬 𑄇𑄧𑄘𑄠𑄚𑄴 𑄚𑄨𑄖𑄳𑄠𑄧 𑄇𑄚𑄧𑄖𑄴 𑄃𑄝𑄧𑄢𑄴 𑄈𑄠𑄴।,Present
"একদিন গ্রাম থেকে খবর আসতেছে স্কুলে এক মেে মাছ ধরছে, তাকে খুব ব লাগছে","𑄃𑄬𑄇𑄴𑄘𑄨𑄚𑄴 𑄃𑄘𑄟𑄧𑄖𑄴𑄖𑄪𑄚𑄴 𑄈𑄧𑄝𑄧𑄢𑄴 𑄃𑄬𑄎𑄬 𑄃𑄨𑄥𑄴𑄇𑄪𑄣𑄮𑄖𑄴 𑄃𑄬𑄇𑄴𑄎𑄧𑄚𑄴 𑄟𑄨𑄣𑄬 𑄟𑄌𑄴𑄖𑄧𑄢𑄴 𑄣𑄉𑄬𑄢𑄴, 𑄃𑄧𑄎𑄚𑄨𑄢𑄬 𑄝𑄬𑄉𑄬 𑄙𑄢𑄌𑄴 𑄉𑄧𑄖𑄴𑄖𑄧𑄚𑄴।",Present
আগুন থেকে শুধু আগুন বের হ,𑄢𑄧𑄎𑄧𑄚𑄨𑄣𑄮𑄃𑄨 𑄃𑄧𑄎𑄧𑄚𑄨 𑄖𑄬𑄟𑄴𑄟𑄁 𑄉𑄧𑄢𑄨𑄚𑄬 𑄎𑄧𑄢 𑄝𑄧𑄘𑄬 𑄚𑄧 𑄝𑄢𑄧𑄚𑄴।,Present
দুইজনে কোনো কূল পেল না,𑄘𑄨 𑄞𑄝𑄨𑄚𑄬 𑄎𑄧𑄚𑄬 𑄇𑄧𑄚𑄧 𑄇𑄪𑄣𑄴 𑄚𑄧 𑄛𑄬𑄣𑄇𑄴।,Past
সে পাশের গ্রামে যে থাপ্প দিে গেল,𑄎𑄬𑄢𑄬 𑄃𑄧𑄎𑄧𑄚𑄨 𑄃𑄘𑄟𑄧𑄖𑄴 𑄡𑄬𑄃𑄨 𑄗𑄧𑄇𑄴 𑄌 𑄉𑄬𑄣𑄧।,Past
"এই গ্রামে যেতে যেতে চোখের পানি পে যানা,শুধু চোখের পানি পতেছে,বিালের পানিতে সব স্যাঁত স্যাঁতে হ","𑄡𑄘𑄬 𑄡𑄘𑄬 𑄃𑄧𑄎𑄧𑄚𑄨 𑄞𑄝 𑄙𑄧𑄎𑄳𑄠 𑄃𑄬 𑄃𑄘𑄟𑄧𑄖𑄴𑄖𑄪𑄚𑄴 𑄃𑄬𑄇𑄴𑄘𑄨𑄚𑄴 𑄡𑄘𑄬 𑄌𑄮𑄊𑄮 𑄛𑄚𑄨𑄠𑄬 𑄟𑄪𑄎𑄪𑄋𑄮 𑄛𑄧𑄖𑄴𑄗𑄚𑄴 𑄚𑄧 𑄘𑄬𑄉𑄧𑄁, 𑄜𑄮𑄖𑄴 𑄜𑄮𑄖𑄳𑄠𑄬 𑄝𑄬𑄣𑄧 𑄛𑄳𑄦𑄧𑄢𑄧𑄖𑄴 𑄃𑄮 𑄝𑄬𑄇𑄴 𑄃𑄋𑄪𑄌𑄳𑄠𑄬 𑄃𑄚𑄴𑄘𑄢𑄴 𑄥𑄚𑄴 𑄣𑄇𑄳𑄠𑄬।",Present
.কালকে আবার ফিরে আসছে-এটা মনে পে মনে একটু হািে উঠল,𑄇𑄣𑄨𑄇𑄴 𑄃𑄬𑄌𑄳𑄠𑄬 𑄜𑄨𑄢𑄬𑄢𑄴 𑄃𑄢𑄧 𑄃𑄬𑄇𑄴 𑄘𑄧𑄉𑄬 - 𑄃𑄨𑄠𑄚𑄴 𑄞𑄝𑄨𑄚𑄬 𑄟𑄧𑄚𑄬 𑄟𑄧𑄚𑄬 𑄃𑄬𑄇𑄴𑄇 𑄦𑄏𑄨 𑄅𑄙𑄨𑄣𑄧।,Past
.এটা সেটা ভাবতে ভাবতে কখন চোখের পানি পে যা কে জানে,𑄃𑄨𑄠𑄚𑄴 𑄥𑄨𑄠𑄚𑄴 𑄞𑄝𑄧𑄘𑄬 𑄞𑄝𑄧𑄘𑄬 𑄇𑄧𑄇𑄴𑄈𑄬 𑄜𑄪𑄘𑄧 𑄜𑄪𑄘𑄧 𑄌𑄮𑄉𑄧 𑄛𑄚𑄨 𑄛𑄧𑄢 𑄙𑄧𑄎𑄳𑄠 𑄇𑄮𑄃𑄨 𑄚𑄧 𑄛𑄢𑄬।,Present
.সে খুব দ্রুত পাহাে গেল-সে গ্রামের লোক,𑄎𑄬𑄢𑄬 𑄝𑄬𑄉𑄬 𑄎𑄬𑄇𑄴𑄇𑄬 𑄣𑄟𑄧𑄘𑄧𑄚𑄴 𑄦𑄪𑄌𑄴 𑄦𑄧𑄣𑄧 - 𑄖𑄬 𑄃𑄘𑄟𑄧𑄖𑄴 𑄣𑄪𑄋𑄳𑄠𑄬।,Past
গ্রামের সবাই তার সাথে কথা বলতেছে,𑄃𑄘𑄟𑄧𑄖𑄴 𑄣𑄪𑄋𑄨𑄚𑄬 𑄖 𑄃𑄬𑄢𑄝𑄬𑄢 𑄝𑄬𑄇𑄴 𑄇𑄮𑄎𑄬𑄃𑄨 𑄃𑄬𑄣𑄇𑄴 - 𑄝𑄬𑄉𑄬 𑄈𑄪𑄎𑄨।,Present
পোকামাকের বাসা,𑄃𑄧𑄎𑄚𑄨𑄢𑄴 𑄝𑄳𑄦𑄚𑄨 𑄝𑄬𑄉𑄧 𑄟𑄪𑄠𑄮𑄖𑄴।,Present
অজনি শুধু জো দাও-তোমার বোর জন্য আমি এত দূরে,𑄃𑄧𑄎𑄧𑄚𑄨 𑄝𑄚 𑄎𑄮𑄝𑄴 𑄘𑄬 - 𑄖𑄮𑄟 𑄝𑄬𑄉𑄧 𑄥𑄬𑄝𑄴𑄝𑄖𑄴𑄖𑄃𑄨 𑄟𑄪𑄃𑄨 𑄃𑄬𑄖𑄴 𑄘𑄪𑄢𑄮𑄖𑄴।,Present
তার কেলে বো এসে মা-মেেদের সাথে কথা বলছে,𑄖 𑄇𑄬𑄣𑄳𑄠𑄬 𑄝𑄬𑄚𑄳𑄠𑄬 𑄃𑄨𑄌𑄴𑄇𑄪𑄣𑄮𑄖𑄴 𑄡𑄬𑄭𑄚𑄬 𑄟𑄠𑄴 - 𑄟𑄪𑄢𑄪𑄝𑄴𑄝𑄨𑄣𑄮𑄃𑄨 𑄇𑄧𑄘 𑄌𑄣𑄌𑄣𑄨 𑄦𑄧𑄣𑄧।,Present
দ্রুত বের হে আসলো এই পাখি,𑄝𑄬𑄉𑄬 𑄝𑄬𑄢𑄬 𑄇𑄧𑄢𑄬𑄃𑄨 𑄙𑄧𑄢𑄴𑄣𑄇𑄴 𑄃𑄧𑄎𑄚𑄨𑄢𑄬 𑄟𑄌𑄴𑄖𑄧𑄢𑄴 𑄃𑄬𑄃𑄨 𑄛𑄬𑄝𑄧𑄧।,Past
অজনি গ্রামের কথা ফেলতে পারতেছি না,𑄃𑄧𑄎𑄧𑄚𑄨 𑄃𑄘𑄟𑄳𑄠𑄬𑄠𑄪𑄚𑄧𑄢𑄴 𑄇𑄧𑄘 𑄜𑄬𑄣𑄬𑄃𑄨 𑄘𑄨 𑄚𑄧 𑄛𑄢𑄴𑄣𑄧।,Present
কালিকল-রজলি দিে গোসল করতে হবে,𑄇𑄣𑄨𑄇𑄴 𑄇𑄧𑄣𑄧 - 𑄢𑄧𑄎𑄧𑄣𑄨𑄣𑄮𑄃𑄨 𑄖𑄬𑄟𑄴𑄟𑄁 𑄉𑄧𑄢𑄨𑄚𑄬 𑄥𑄟𑄴𑄝𑄘𑄴 𑄘𑄧𑄝𑄧।,Future
এখানে বাতাস-রজানি চামার জাগা,𑄃𑄨𑄚𑄴𑄘𑄨 𑄞𑄝𑄬𑄢𑄴 - 𑄢𑄧𑄎𑄚𑄨 𑄌𑄉𑄪𑄢𑄨 𑄘𑄪𑄢𑄧 𑄎𑄉𑄖𑄴।,Present
"অসুুস্থ হে রেছে,কোনো ঝামেলা করে না","𑄃𑄧𑄎𑄧𑄚𑄨 𑄣𑄪𑄋𑄨𑄣𑄬 𑄢𑄧𑄎𑄧𑄚𑄨𑄣𑄮𑄃𑄨 𑄖𑄬𑄟𑄴𑄟𑄁 𑄉𑄧𑄢𑄧𑄚𑄴, 𑄇𑄧𑄚𑄧 𑄎𑄧𑄢 𑄚𑄧 𑄝𑄧𑄘𑄬।",Present
.তরকারির কল -চাং বদল করতে পারি নাকি,𑄎𑄬𑄢𑄬 𑄢𑄧𑄎𑄧𑄚𑄨 𑄇𑄧𑄣𑄧 - 𑄌𑄁 𑄝𑄧𑄘𑄧𑄣𑄨 𑄦𑄮𑄃𑄨 𑄛𑄢𑄧𑄁 𑄇𑄨𑄚।,Present
সূর্য ডোবার সম সে ভ পাে ভ পেল,𑄢𑄧𑄎𑄧𑄚𑄨 𑄝𑄧𑄘𑄧𑄣𑄨 𑄦𑄧𑄝𑄢𑄴 𑄟𑄧𑄚𑄴𑄎𑄪𑄇𑄴 𑄉𑄧𑄢𑄨 - 𑄘𑄧𑄢𑄴𑄈𑄌𑄴𑄖𑄧 𑄘𑄨𑄣𑄧।,Past
"তিন মাস যাওা, চার মাস যাওা","𑄖𑄨𑄚𑄴 𑄟𑄥𑄴 𑄡𑄠𑄴, 𑄌𑄬𑄢𑄴 𑄟𑄥𑄴 𑄡𑄠𑄴 𑄇𑄧𑄚𑄧 𑄈𑄧𑄝𑄧𑄢𑄴 𑄚𑄬𑄃𑄨।",Present
.এই গ্রামটা ঘন ঘন সম - শীত কমছে,𑄃𑄨𑄚𑄴𑄘𑄨 𑄃𑄘𑄟𑄖𑄴𑄖𑄪𑄚𑄴 𑄊𑄧𑄚𑄧 𑄊𑄧𑄚𑄧 𑄥𑄟𑄴𑄝𑄘𑄴 - 𑄃𑄧𑄎𑄧𑄚𑄨 𑄇𑄧𑄟𑄧𑄣𑄬 𑄃𑄬𑄎𑄧𑄢𑄴।,Present
অসুুস্থ শুধু একটু বিশ্রাম নাও - বিশ্রাম নাও,𑄃𑄧𑄎𑄧𑄚𑄨𑄢𑄴 𑄝𑄚 𑄃𑄬𑄇𑄴𑄇𑄚𑄴 𑄎𑄮𑄝𑄴 - 𑄏𑄘𑄨 𑄃𑄬𑄝𑄢𑄴 𑄌𑄋𑄧𑄢𑄴।,Present
অসুুস্থ হেছে তার এখানে নেই,𑄃𑄧𑄎𑄧𑄚𑄨 𑄎𑄚𑄬 𑄃𑄨𑄠𑄚𑄧𑄢𑄴 𑄉𑄧𑄟𑄴 𑄎𑄮𑄝𑄴𑄛𑄚𑄴 𑄖 𑄃𑄨𑄘𑄪 𑄚𑄬𑄃𑄨।,Present
দশজনে খাা দিে সাত জনে বদল হলো,𑄘𑄧𑄏𑄧𑄚𑄬 𑄈𑄘𑄨𑄚𑄬 𑄥𑄖𑄴 𑄟𑄥𑄴 𑄎𑄬𑄢𑄬 𑄢𑄧𑄎𑄧𑄚𑄨𑄢𑄴 𑄢𑄋𑄟𑄖𑄳𑄠𑄬 𑄝𑄧𑄘𑄧𑄣𑄨 𑄦𑄧𑄣𑄧।,Past
তিন চোর দিন পর তারা রাঙামাটিতে রওনা দিল,𑄖𑄨𑄚𑄴 𑄌𑄬𑄢𑄴 𑄘𑄨𑄚𑄴 𑄎𑄬𑄢𑄬 𑄖𑄢 𑄢𑄋𑄟𑄖𑄳𑄠𑄬 𑄟𑄮𑄇𑄳𑄠𑄬 𑄣𑄧𑄢𑄴 𑄘𑄨𑄣𑄇𑄴।,Past
"দুইজনে মন দিে,অন্যদের কথা শুনে গ্রামের মানুষরা আরও বেশি খুশি","𑄘𑄮𑄎𑄧𑄚𑄧𑄢𑄴 𑄟𑄧𑄚𑄴 𑄈𑄪𑄎𑄨, 𑄃𑄧𑄎𑄧𑄚𑄨𑄘𑄊𑄨𑄢𑄴 𑄝𑄧𑄘𑄧𑄣𑄨 𑄥𑄪𑄚𑄨𑄚𑄬 𑄃𑄘𑄟𑄳𑄠𑄬𑄠𑄪𑄚𑄴 𑄃𑄢𑄧 𑄝𑄬𑄌𑄴 𑄈𑄪𑄎𑄨।",Present
পুরো পথ হেঁটে হেঁটে আসার সম বোটা এখানে তুলে আনার মতো,𑄉𑄧𑄘 𑄛𑄧𑄖𑄴 𑄗𑄚𑄴 𑄃𑄧𑄎𑄚𑄨 𑄃𑄬𑄖𑄴𑄖𑄬 𑄃𑄬𑄖𑄴𑄖𑄬 𑄞𑄬𑄭𑄘𑄮 𑄇𑄧𑄘 𑄃𑄨𑄙𑄮𑄖𑄴 𑄖𑄪𑄣𑄨 𑄖𑄪𑄣𑄨 𑄃𑄬𑄎 𑄙𑄧𑄎𑄳𑄠𑄬।,Present
.নিজের গ্রামের ভালো কাজে তার স্ত্রী যোগ দিে আছে,𑄚𑄨𑄏𑄧 𑄃𑄘𑄟𑄧 𑄞𑄣𑄬𑄘𑄧 𑄇𑄟𑄧𑄖𑄴 𑄖𑄢𑄴 𑄎𑄨𑄚𑄨 𑄜𑄉𑄧𑄖𑄴 𑄥𑄧𑄟𑄚 𑄦𑄧𑄠𑄴 𑄥𑄨𑄠𑄚𑄧 𑄥𑄚𑄴𑄴 𑄉𑄧𑄟𑄴 𑄇𑄟𑄴 𑄇𑄨 𑄃𑄢𑄴 𑄃𑄊𑄬।,Present
.এই ছোট সমে যাদের টাকা-পয়সা নেই তারা আধা পথে লেখা শেষ হেছে,𑄃𑄨𑄚𑄴𑄘𑄨 𑄍𑄨𑄉𑄮𑄚𑄴 𑄇𑄣𑄧𑄢𑄴 𑄥𑄧𑄟𑄎𑄳𑄠𑄬𑄠𑄪𑄚𑄴 𑄡𑄢𑄢𑄴 𑄖𑄬𑄋-𑄛𑄧𑄠𑄴𑄎𑄬 𑄚𑄧 𑄗𑄚𑄃𑄨 𑄣𑄬𑄊𑄛𑄧𑄢 𑄃𑄙 𑄛𑄧𑄙𑄧𑄖𑄴 𑄗𑄪𑄟𑄴 𑄦𑄪𑄭𑄠𑄳𑄠𑄬 𑄖𑄢 𑄇𑄧𑄘 𑄞𑄝𑄨 𑄞𑄝𑄨 𑄟𑄧𑄚𑄚𑄴 𑄃𑄬𑄇𑄴𑄇 𑄌𑄨𑄉𑄪𑄖𑄴 𑄉𑄧𑄢𑄨 𑄅𑄘𑄨𑄣𑄧।,Present
.রাঙামাে যে রংগুলো আসে সেগুলো মনে পে আসে,𑄢𑄋𑄟𑄖𑄳𑄠𑄬 𑄡𑄬𑄘𑄧𑄇𑄴 𑄇𑄃𑄨 𑄃𑄬𑄎 𑄙𑄧𑄎𑄳𑄠𑄧𑄚𑄴 𑄥𑄬𑄘𑄧𑄇𑄴 𑄅𑄌𑄴𑄌𑄧 𑄃 𑄘𑄪𑄉𑄧 𑄖𑄝𑄪𑄣𑄬 𑄟𑄧𑄚𑄚𑄴 𑄎𑄬𑄚𑄬 𑄃𑄬𑄣𑄮𑄚𑄨 𑄛𑄬𑄣𑄮𑄚𑄨 𑄦𑄧𑄢𑄴 ।,Present
মনে হ মনে কত ব ব বারি পড়ছে,𑄟𑄧𑄚𑄬 𑄟𑄧𑄚𑄬 𑄥𑄧𑄥𑄉𑄧𑄢𑄴 𑄇𑄧𑄘 𑄟𑄧𑄚𑄧 𑄟𑄪𑄢𑄮𑄖𑄴 𑄃𑄬𑄃𑄨 𑄃𑄬𑄃𑄨 𑄝𑄢𑄨 𑄟𑄢 𑄙𑄧𑄎𑄳𑄠।,Present
.অন্যের পাে পে ভাবতে হ - কপাল তো না,𑄃𑄧𑄎𑄧𑄚𑄨 𑄟𑄪𑄢𑄮𑄖𑄴 𑄛𑄧𑄢𑄨 𑄞𑄝𑄨𑄚𑄬 𑄛𑄠𑄴 - 𑄇𑄧𑄝𑄣𑄴 𑄘𑄧 𑄚𑄧𑄠𑄴।,Present
চূা দিে একজন লোক অন্যজনকে ধরে নিয়ে যা,𑄌𑄬𑄌𑄴𑄖 𑄃 𑄇𑄟𑄬 𑄃𑄬𑄇𑄴𑄎𑄧𑄚𑄴 𑄟𑄚𑄴𑄎𑄮𑄢𑄬 𑄃𑄇𑄴𑄇𑄮𑄃𑄨 𑄚𑄬𑄎𑄠𑄴।,Present
সে সবসম বািে বসে কি হলো জানিনা,𑄖𑄬 𑄎𑄧𑄚𑄨 𑄃𑄧𑄣𑄧𑄢𑄴 𑄉𑄧𑄢𑄨 𑄊𑄧𑄢𑄧𑄖𑄴 𑄝𑄮𑄃𑄨 𑄗𑄬𑄘𑄧 𑄥𑄣𑄬 𑄇𑄨 𑄦𑄧𑄣𑄪𑄚𑄴।,Past
এক দিন যে দুঃখ হেছে তার ফল হলো এক মহিলা,𑄃𑄬𑄇𑄴 𑄘𑄨𑄚𑄴 𑄡𑄬 𑄘𑄪𑄇𑄴 𑄉𑄧𑄎𑄳𑄠𑄬 𑄥𑄨𑄠𑄚𑄧𑄢𑄴 𑄜𑄧𑄣𑄴 𑄃𑄨𑄇𑄴𑄇𑄪 𑄟𑄨𑄣𑄬𑄢𑄴।,Present
আসা যাওা করে লালমািে উঠল,𑄃𑄬𑄚𑄬 𑄃𑄬𑄚𑄬 𑄢𑄋𑄟𑄖𑄳𑄠𑄬𑄖𑄴 𑄣𑄪𑄟𑄨𑄣𑄇𑄴𑄇𑄨 ।,Past
স্থির হে একদিন সমের বোলের পাশ দিে যে মাছটা খাছে তার মুখে হাত দিে আসলাম,𑄗𑄨𑄘𑄧𑄝𑄨𑄘𑄧 𑄦𑄮𑄃𑄨 𑄃𑄬𑄇𑄴𑄘𑄨𑄚𑄴 𑄃𑄧𑄎𑄧𑄚𑄨 𑄝𑄬𑄚𑄳𑄠𑄬𑄉𑄧𑄢𑄨 𑄣𑄧𑄢𑄴 𑄘𑄨 𑄃𑄨𑄌𑄴𑄇𑄪𑄣𑄮𑄖𑄴 𑄡𑄬𑄃𑄨 𑄟𑄌𑄴𑄖𑄧𑄢𑄧 𑄈𑄘𑄖𑄴 𑄚𑄋𑄴 𑄣𑄨𑄉𑄨𑄣𑄧।,Past
এক জাতী মাছটি জীবনে পাহাে পাহািে নিশ্বাস ফেললো,𑄃𑄧𑄎𑄧𑄚𑄨 𑄟𑄌𑄴𑄖𑄧𑄢𑄧 𑄎𑄨𑄁𑄇𑄚𑄨𑄖𑄴 𑄥𑄨𑄚𑄳𑄠𑄬𑄖𑄴𑄖𑄪𑄚𑄴 𑄙𑄧𑄢𑄨 𑄈𑄪𑄌𑄴 𑄜𑄬𑄣𑄬𑄣𑄧।,Past
রংধনুটা বো মদ দিে ফিরে যা,𑄢𑄋𑄟𑄖𑄳𑄠𑄬𑄖𑄪𑄚𑄴 𑄝𑄬𑄚𑄳𑄠𑄬 𑄟𑄧𑄘𑄧𑄢𑄴 𑄥𑄭𑄇𑄬𑄣𑄬 𑄡𑄠𑄴 𑄃 𑄝𑄬𑄣𑄳𑄠𑄬 𑄜𑄨𑄢𑄬।,Present
সারাদিন না খেে চাচা করে ফিরে,𑄘𑄨𑄚𑄴𑄛𑄧𑄖𑄴𑄖𑄨 𑄜𑄨𑄖𑄳𑄠𑄬 𑄜𑄨𑄖𑄳𑄠𑄬 𑄌𑄬𑄢𑄧𑄝𑄣 𑄢𑄨𑄚𑄨 𑄌𑄬𑄃𑄨 𑄌𑄬𑄃𑄨 𑄜𑄨𑄢𑄬।,Present
ভোটা এখানে উঠে,𑄞𑄬𑄭𑄘𑄮 𑄇𑄧𑄘 𑄃𑄨𑄙𑄮𑄖𑄴 𑄅𑄘𑄬।,Present
বিদা দো দিনগুলো মনে পে দাও,𑄝𑄨𑄘𑄨 𑄡𑄨𑄠𑄬 𑄘𑄨𑄚𑄪𑄚𑄮 𑄇𑄧𑄘 𑄟𑄧𑄚𑄧𑄖𑄴 𑄖𑄪𑄣𑄨 𑄝𑄳𑄦𑄧 𑄚𑄨𑄏𑄌𑄴 𑄃𑄨𑄢𑄨 𑄘𑄬।,Present
দুই চোখের পলকের মধ্যে দুই চোখের পলক ধরে,𑄘𑄨 𑄌𑄮𑄊𑄮𑄖𑄴 𑄘𑄨𑄚𑄴 𑄛𑄧𑄖𑄴𑄖𑄨 𑄝𑄧𑄎𑄧𑄟𑄧𑄖𑄨 𑄝𑄧𑄘𑄧𑄣 𑄙𑄧𑄢𑄬।,Present
বদল করে কাজ করা,𑄝𑄧𑄘𑄧𑄣 𑄙𑄧𑄢𑄬 𑄉𑄨𑄢𑄨𑄖𑄴𑄖𑄨।,Present
বািতে দুইজনে টাকা রোজগার করে প্রতি বছর ফিরে,𑄊𑄧𑄢𑄧𑄖𑄴 𑄘𑄨𑄎𑄧𑄚𑄬 𑄖𑄬𑄋 𑄇𑄟𑄚𑄃𑄨 𑄝𑄧𑄏𑄧𑄢𑄴 𑄝𑄧𑄏𑄧𑄢𑄴 𑄉𑄨𑄢𑄨𑄖𑄴𑄖𑄨 𑄃𑄢𑄪𑄇𑄴 𑄜𑄨𑄢𑄬।,Present
"বিে থাকলে টাকা আসে,বিে থাকলে মানুষ","𑄝𑄨𑄘𑄳𑄠𑄬 𑄗𑄬𑄣𑄬 𑄖𑄬𑄋 𑄃𑄬𑄎𑄬, 𑄖𑄬𑄋 𑄗𑄬𑄣𑄬 𑄟𑄚𑄴।",Present
প্রতিযোগিতা এই যুগে কোনো বিশ্বাস নেই,𑄎𑄨𑄖𑄴𑄝𑄖𑄴 𑄃𑄬 𑄡𑄪𑄉𑄧𑄖𑄴 𑄝𑄨𑄘𑄳𑄠𑄬 𑄚𑄬𑄃𑄨 𑄝𑄬𑄇𑄴 𑄎𑄬𑄚𑄬 𑄃𑄚𑄴𑄘𑄢𑄴।,Present
.অন্যরা অনেক বেশি চিন্তা করে -গ্রামের মানুষদের কাজে সাহায্য করো,𑄃𑄧𑄎𑄧𑄚𑄨𑄣𑄮𑄃𑄨 𑄢𑄧𑄎𑄧𑄚𑄨 𑄃𑄧𑄇𑄴𑄖𑄧 𑄃𑄧𑄇𑄴𑄖𑄧 𑄞𑄝𑄧𑄚𑄴 - 𑄎𑄧𑄚𑄨 𑄉𑄧𑄟𑄴 𑄝𑄨𑄘𑄳𑄠𑄬 𑄣𑄮𑄃𑄨 𑄚𑄧 𑄛𑄖𑄴𑄖𑄧𑄁 𑄥𑄣𑄬 𑄃𑄘𑄟𑄴 𑄥𑄋𑄬𑄖𑄴 𑄘𑄬𑄚 𑄇𑄟𑄴 𑄃𑄝𑄧𑄢𑄴 𑄈𑄬𑄣𑄪𑄚𑄴।,Present
পাহাের দিনগুলো আরও বেশি পতেছে,𑄟𑄪𑄎𑄪𑄋𑄧 𑄘𑄨𑄚𑄪𑄚𑄴 𑄃𑄢𑄧 𑄝𑄬𑄌𑄴 𑄛𑄧𑄢 𑄇𑄧𑄝𑄣𑄳𑄠𑄬।,Present
ভালো বিদা না থাকলে পাশের দিকে গাঙে ভেসে যাওা ছাড়া কোনো কিছু নেই,𑄉𑄧𑄟𑄴 𑄝𑄨𑄘𑄳𑄠𑄬 𑄚𑄧 𑄗𑄬𑄣𑄬 𑄃𑄢𑄌𑄉𑄧 𑄙𑄧𑄇𑄴 𑄉𑄋𑄴 𑄣𑄟𑄧𑄚𑄨 𑄞𑄏𑄨 𑄡𑄚 𑄝𑄘𑄬 𑄇𑄧𑄚𑄧 𑄢𑄳𑄦 𑄚𑄬𑄃𑄨।,Present
গ্রামের মানুষরা তাদের দুইজনকে নিয়ে নানারকম কথা বলে,𑄃𑄘𑄟𑄳𑄠𑄬𑄠𑄪𑄚𑄬 𑄖𑄢 𑄘𑄨𑄎𑄧𑄚𑄧𑄢𑄬 𑄚𑄨𑄚𑄬 𑄚𑄚 𑄇𑄧𑄘 𑄖𑄪𑄣𑄧𑄛𑄢 𑄉𑄧𑄢𑄧𑄚𑄴।,Present
রজনির-অজনি গ্রামের মানুষ আমি,𑄢𑄧𑄎𑄧𑄚𑄨𑄢𑄧-𑄃𑄧𑄎𑄧𑄚𑄨𑄢𑄴 𑄝𑄳𑄦𑄚𑄨 𑄃𑄘𑄟𑄧 𑄟𑄚𑄴𑄎𑄮𑄢𑄴 𑄟𑄪𑄠𑄬 𑄟𑄪𑄠𑄬।,Present
সুসুি মানে জীবন,𑄥𑄪𑄉𑄬-𑄘𑄪𑄉𑄬 𑄟𑄚𑄬𑄃𑄨𑄠𑄧𑄢𑄴 𑄎𑄨𑄁𑄇𑄚𑄨।,Present
নিজের জীবন নিজে যাপন করতে হ,𑄚𑄨𑄎𑄧 𑄎𑄨𑄁𑄇𑄚𑄨𑄢𑄬 𑄚𑄨𑄎𑄬 𑄌𑄬𑄢𑄬𑄌𑄴𑄖 𑄉𑄧𑄢 𑄛𑄧𑄢𑄬।,Present
চোরগুণে দশ জন ফিরে,𑄌𑄬𑄢𑄬𑄌𑄴𑄖 𑄉𑄪𑄚𑄬 𑄘𑄧𑄏𑄧𑄚𑄴 𑄜𑄨𑄢𑄬।,Present
আমার হাতে আমার দা,𑄃𑄟𑄧𑄚𑄧 𑄦𑄘𑄧𑄖𑄴 𑄃𑄟𑄧𑄚𑄧 𑄘𑄧𑄏𑄧𑄚𑄴।,Present
কপাল খারাপ থাকলে পতে হ,𑄇𑄧𑄝𑄣𑄧 𑄃𑄏𑄠𑄴 𑄝𑄮𑄃𑄨 𑄗𑄬𑄣𑄬 𑄛𑄧𑄖𑄴𑄖 𑄛𑄧𑄢𑄬।,Present
এই হালে কেউ থাকে না,𑄃𑄧𑄎𑄧𑄚𑄨 𑄇𑄧𑄝𑄣𑄴 𑄃𑄏𑄠𑄴 𑄝𑄮𑄃𑄨 𑄚𑄧 𑄗𑄠𑄴 𑄇𑄬𑄃𑄨 𑄃𑄬𑄌𑄳𑄠𑄬 𑄃𑄬 𑄦𑄣𑄴 ।,Present
আমাদের বাি,𑄃𑄟 𑄊𑄧𑄢𑄴,Present
এটি আমার বাি,𑄃𑄨𑄠𑄬𑄚𑄴 𑄟𑄧 𑄊𑄧𑄢𑄴 ।,Present
বািতে মা বািে আছে,𑄊𑄧𑄢𑄧𑄖𑄴 𑄟 𑄝 𑄃 𑄌𑄨𑄎𑄨𑄘𑄉𑄨 𑄝𑄮𑄃𑄨 𑄃𑄉𑄧𑄚𑄴 ।,Present
মা ভাত রান্না করতেছে,𑄟 𑄞𑄖𑄴 𑄢𑄚𑄬𑄢𑄴 ।,Present
আমি ভাত খাবো,𑄟𑄪𑄃𑄨 𑄞𑄖𑄴 𑄈𑄬𑄟𑄴 ।,Future
ভাত খাওার জন্য হাত ধুেছি,𑄞𑄖𑄴 𑄦𑄬𑄝𑄖𑄳𑄠𑄬𑄃𑄨 𑄦𑄖𑄴 𑄙𑄧𑄋𑄧𑄢𑄴 ।,Present
সবাই ভাত খেেছে,𑄝𑄬𑄇𑄴𑄇𑄪𑄚𑄬 𑄞𑄖𑄴 𑄈𑄬𑄢𑄴 ।,Present
ছোট দোলনা ঘুমাই যা,𑄌𑄨𑄎𑄨 𑄙𑄪𑄣𑄮𑄚𑄧𑄖𑄴 𑄊𑄪𑄟𑄴 𑄡𑄢𑄴 ।,Present
ছোট পানি খাওা,𑄌𑄨𑄎𑄨 𑄛𑄚𑄨 𑄈𑄢𑄴 ।,Present
মা পানি খেে যাওা,𑄟 𑄛𑄚𑄨 𑄈𑄧𑄎 𑄡𑄢𑄴 ।,Present
বাবা জুমে যা,𑄝𑄝 𑄎𑄪𑄟𑄧𑄖𑄴 𑄡𑄢𑄴 ।,Present
পাহাে যাওা,𑄟𑄪𑄃𑄨 𑄃𑄨𑄥𑄴𑄇𑄧𑄣𑄧𑄖𑄴 𑄡𑄋𑄧𑄢𑄴 ।,Present
১. ১. ১. ১. ১. এক জাতী সবজি,𑄷,Present
১. ১. ১. এক জাতী বুনো ফল ২. এক জাতী সবজি,𑄷𑄷,Present
আমাদের বাি,𑄃𑄟 𑄊𑄧𑄢𑄚𑄨,Present
.চামা কথা ছোট বাচ্চা বুো,(𑄌𑄋𑄴𑄟 𑄇𑄧𑄙𑄠𑄴 𑄢𑄧𑄎𑄬𑄠𑄬 𑄌𑄨𑄍𑄨𑄉𑄮𑄚𑄴 𑄉𑄪𑄢𑄧 𑄝𑄮𑄃𑄨),Present
রেছে: বিেতে ব ব চামা,𑄢𑄧𑄎𑄬𑄠𑄬 : 𑄝𑄨𑄘𑄴𑄪𑄖𑄴 𑄎𑄳𑄠𑄮𑄖𑄨 𑄌𑄋𑄴𑄟,Present
ছবি আছে:চলমান ত্রিপুরা,𑄍𑄧𑄝𑄨 𑄃𑄉𑄬𑄠𑄧𑄚𑄴 : 𑄌𑄧𑄣𑄧𑄚𑄴𑄖𑄧 𑄖𑄳𑄢𑄨𑄛𑄪𑄢,Present
কাপের চামা: চামা ভরা কাপ,𑄇𑄝𑄨𑄘𑄋𑄴 : 𑄌𑄋𑄴𑄟 𑄞𑄥 𑄇𑄧𑄟𑄨𑄖𑄨,Present
পাহাি: পাহাের নািভুি,𑄚𑄋𑄴𑄦𑄨𑄚𑄨𑄢𑄴 : 𑄈𑄪𑄘𑄴𑄘𑄳𑄢 𑄚𑄳𑄢𑄨-𑄉𑄮𑄥𑄴𑄖𑄨 𑄥𑄋𑄴𑄥𑄴𑄇𑄳𑄢𑄨𑄖𑄨𑄇𑄴,Present
"অন্তর্মুখী, লুকোচুরি","𑄃𑄨𑄚𑄴𑄃𑄨𑄥𑄴𑄖𑄨𑄖𑄨𑄃𑄪𑄖𑄴, 𑄈𑄉𑄢𑄍𑄧𑄢𑄨 ।",Present
".উত্যক্তকারী,অপচ ব্যক্তি","𑄃𑄪𑄛𑄧𑄎𑄬𑄣 𑄢𑄨𑄥𑄮𑄢𑄴𑄥𑄴 𑄥𑄬𑄚𑄴𑄖𑄢𑄴,",Present
গিরা: সেভ দিে চিলগুলো,𑄉𑄨𑄢𑄮𑄎𑄴 : 𑄥𑄬𑄞𑄴 𑄘𑄳𑄠 𑄌𑄨𑄣𑄴𑄘𑄳𑄢𑄬𑄚𑄴,Present
১ নম্বর বিজ্ঞপ্তি: ২০১০,𑄷 𑄚𑄧𑄟𑄴𑄝𑄧𑄢𑄴 𑄜𑄧𑄉𑄧𑄘𑄋𑄴 : 𑄸𑄶𑄷𑄶,Present
.দুইনম্বর বিজ্ঞপ্তি:২০১৪,𑄸𑄚𑄧𑄟𑄴𑄝𑄧𑄢𑄴 𑄜𑄧𑄉𑄧𑄘𑄋𑄴 : 𑄸𑄶𑄷𑄺,Present
নেেলা: সিসুের খমতা,𑄚𑄬𑄠𑄬𑄣𑄬𑄠𑄧𑄚𑄴 : 𑄥𑄨𑄥𑄪𑄢𑄴 𑄈𑄧𑄟𑄧𑄖𑄠𑄧𑄚𑄴 𑄛𑄳𑄢𑄇𑄧𑄣𑄴𑄛𑄧,Present
রক্ষা দো চিল,𑄥𑄬𑄞𑄴 𑄘𑄳𑄠 𑄌𑄨𑄣𑄴𑄘𑄳𑄢𑄬𑄚𑄴,Present
বাি নম্বর-সে দুই. বাি নম্বর,𑄊𑄧𑄢𑄴 𑄚𑄧𑄟𑄴𑄝𑄧𑄢𑄴-𑄥 𑄨𑄘𑄧𑄝𑄴𑄣𑄨𑄃𑄪,Present
"এনো-৩৫, পদ নম্বর-৪৩","𑄃𑄬𑄚𑄴 -𑄹𑄻, 𑄛𑄧𑄘𑄧 𑄚𑄧𑄟𑄴𑄝𑄧𑄢𑄴-𑄺𑄹",Present
"গুলশাটা ২, ঢাকা-১১","𑄉𑄪𑄣𑄴𑄥𑄥𑄚𑄴-𑄸, 𑄔𑄇-𑄷𑄸𑄷𑄸",Present
আমাদের উোন পিনন,𑄃𑄟 𑄃𑄪𑄢𑄧𑄚𑄴-𑄛𑄨𑄚𑄧𑄚𑄴,Present
আমার নামটা লাল,𑄟𑄧-𑄚𑄋𑄚𑄴 𑄢𑄋𑄙𑄧𑄚𑄴 ।,Present
পাহািটা এখনো ধুতি পে দৌাচ্ছে,𑄟𑄪𑄃𑄨𑄉𑄚𑄴𑄎𑄇𑄚𑄨 𑄃-𑄃𑄎𑄪 𑄙𑄪𑄘𑄨 𑄛𑄨𑄚𑄨 𑄝𑄎𑄧𑄢𑄧𑄖𑄴 𑄡𑄬𑄢𑄴 ।,Present
বা লুঙ্গি পরে কাজে যাওা,𑄝 𑄣𑄪𑄋𑄴𑄉𑄨 𑄛𑄨𑄚𑄨 𑄇𑄟𑄧𑄖𑄴 𑄡𑄢𑄴 ।,Present
ধন পিনন পরিধান করে জুমে যাওা,𑄙𑄧𑄚𑄧 𑄛𑄨𑄚𑄧𑄚𑄴 𑄛𑄨𑄚𑄨 𑄎𑄪𑄟𑄧𑄖𑄴 𑄡𑄢𑄴 ।,Present
পাহাের কাঁকা পানি আনে,𑄟𑄪𑄎𑄨 𑄈𑄧𑄝𑄧𑄋𑄴 𑄝𑄚𑄨 𑄛𑄚𑄨 𑄃𑄚𑄬𑄣𑄴𑄣𑄮𑄃𑄨 ।,Present
পাহাের চূা বোতে এসেছে,𑄟𑄪𑄎𑄨 𑄌𑄧𑄟𑄎𑄴𑄎𑄳𑄠 𑄃𑄪𑄚𑄬 𑄝𑄬𑄢𑄬𑄝𑄖𑄴𑄖𑄳𑄠𑄃𑄨 𑄃𑄬𑄥𑄴𑄥𑄮𑄚𑄴 ।,Present
কুমা দিে রিসা পরিধান করছে,𑄈𑄪𑄟𑄴𑄖𑄭 𑄢𑄨𑄚𑄭 𑄢𑄨𑄥 𑄛𑄨𑄚𑄨𑄃𑄬𑄥𑄴𑄥𑄳𑄠𑄬 ।,Present
বেতের ঝুি পে এসেছে,𑄇𑄬𑄢𑄥𑄨𑄋𑄴 𑄗𑄧𑄝𑄪𑄃𑄨𑄋𑄴 𑄛𑄨𑄚𑄨 𑄃𑄬𑄥𑄴𑄥𑄳𑄠𑄬 ।,Present
তাদেরকে দেখতে অনেক সুন্দর লাগে,𑄖𑄢𑄢𑄬 𑄌𑄘𑄬 𑄎𑄧𑄘𑄧𑄝𑄧𑄘𑄬 𑄘𑄮𑄣𑄴 𑄣𑄉𑄬𑄢𑄴 ।,Present
আমার ছো বই,𑄟𑄧 𑄍𑄧𑄢 𑄝𑄧𑄃𑄨,Present
.পুং চামা,𑄛𑄪𑄚𑄧𑄁 𑄌𑄚𑄴,Present
শীলের নিচে এক জাতী মাছ,𑄥𑄨𑄣𑄧𑄖𑄴 𑄖𑄧𑄣𑄬 𑄖𑄪𑄙𑄨𑄁 𑄟𑄌𑄴,Present
এক জাতী মাছ,𑄉𑄪𑄎𑄪𑄢𑄨 𑄛𑄧𑄣𑄧𑄉𑄨 𑄝𑄧𑄭𑄎𑄬𑄈𑄴 𑄟𑄌𑄴 ।,Present
এক জাতী মাছ,𑄝𑄧𑄭𑄎𑄬𑄈𑄴 𑄟𑄌𑄳𑄠 𑄙𑄚𑄴 𑄇𑄧𑄎,Present
উত্তর দিক থেকে পান করার শব্দ,𑄃𑄪𑄖𑄴𑄖𑄧𑄢𑄴 𑄘𑄉𑄧𑄖𑄴 𑄛𑄚𑄴 𑄇𑄧𑄘 ।,Present
.পুে উঠার সম পাছাটা বাঁকা করে দেখতেছি,𑄛𑄪𑄉𑄬𑄘𑄨 𑄃𑄪𑄖𑄳𑄠𑄬 𑄛𑄪𑄚𑄧𑄁 𑄌𑄚𑄴 ।,Present
bdmean,।,Present
আাআি চাঁদ,𑄃𑄠𑄴 𑄃𑄠𑄴 𑄌𑄚𑄴𑄘𑄮 𑄃𑄠𑄴,Present
ছোট এইটা,𑄌𑄨𑄎𑄨 𑄃𑄨𑄘𑄪 𑄃𑄠𑄴 ।,Present
ভাত দিে দেওা,"𑄞𑄖𑄴 𑄘𑄨𑄝𑄧𑄁 𑄎𑄧𑄢 𑄎𑄧𑄢,",Present
তরকারি দুই ভাগ হেছে,𑄖𑄮𑄚𑄴 𑄘𑄨𑄝𑄧𑄁 𑄗𑄣𑄴𑄞𑄧𑄢 ।,Present
আা চাঁদ,𑄃𑄠𑄴 𑄌𑄚𑄴𑄘𑄮 𑄃𑄠𑄴,Present
আমাদের এখানে,𑄃𑄟𑄳𑄦 𑄃𑄨𑄘𑄪 𑄃𑄠𑄴 ।,Present
কালো রঙের কোঁকানো,𑄇𑄣 𑄈𑄧𑄇𑄧𑄇𑄴𑄬𑄴𑄇𑄬𑄋𑄴,Present
কালো রঙের কোঁকা,𑄇𑄣 𑄇𑄣 𑄈𑄧𑄇𑄴𑄇𑄬𑄋𑄴,Present
ছোট ছোট বাচ্চা,𑄌𑄨𑄘𑄨𑄢𑄬 𑄌𑄨𑄘𑄨𑄢𑄬 𑄉𑄪𑄃𑄨,Present
ভুক করে ঝাি দিলে,𑄞𑄪𑄇𑄴 𑄉𑄧𑄢𑄨 𑄏𑄟𑄴 𑄘𑄨𑄣𑄬𑄠𑄧,Past
তুমি নাচা করো না,𑄖𑄪𑄦𑄧 𑄚𑄧-𑄓𑄧𑄢𑄋𑄴 𑄟𑄪𑄃𑄨 ।,Present
তোমরা কি গুপ্তধন,"𑄖𑄪𑄟𑄨 𑄇𑄨 𑄖𑄧𑄉𑄧𑄢𑄴,",Present
কালো রঙের ঝুির মধ্যে,𑄇𑄣 𑄇𑄣 𑄏𑄪𑄝𑄧 𑄥𑄬𑄢𑄬,Present
বাতি জ্বালিে বোচ্ছে,𑄝𑄖𑄴𑄖𑄨 𑄎𑄣𑄬𑄠𑄴 𑄝𑄬𑄢𑄧𑄢𑄴 ।,Present
জুমে উঠার জন্য বাঁশটা,𑄎𑄪𑄟𑄧𑄖𑄴 𑄃𑄪𑄘𑄬𑄖𑄴𑄖𑄬 𑄝𑄌𑄴𑄌𑄧𑄢𑄨𑄝𑄱,Present
ধরে ধরলে চুি চুি,𑄙𑄧𑄢𑄨𑄣𑄬 𑄌𑄪𑄋𑄴 𑄌𑄪𑄋𑄨,Present
আমাদের বাচ্চাটাকে পে দিব,𑄃𑄟𑄳𑄦 𑄌𑄨𑄎𑄨𑄢𑄬 𑄛𑄨𑄚𑄬𑄃𑄨 𑄘𑄨𑄝𑄧𑄁,Future
রাবার বানানো ঝুি,𑄢𑄪𑄝𑄧𑄢𑄴 𑄝𑄚𑄬𑄠 𑄏𑄪𑄚𑄴 𑄏𑄪𑄚𑄨 ।,Present
থাপ্পের শব্দ,𑄗𑄌𑄴 𑄗𑄪𑄌𑄴 𑄗𑄬𑄌𑄴,Present
তোমার মামার বািতে যাও,𑄖𑄧-𑄟𑄟𑄪 𑄊𑄧𑄢𑄧𑄖𑄴 𑄡𑄬𑄥𑄴 ।,Present
তোমার মা-মেে সব ঘিলে,𑄖𑄧-𑄟𑄟𑄨 𑄘𑄨𑄝𑄧 𑄇𑄪𑄢𑄳𑄦𑄧 𑄊𑄨𑄣𑄬,Present
পেট ভরে খাওা,𑄛𑄬𑄑𑄴 𑄞𑄧𑄢𑄧𑄚𑄴 𑄈𑄬𑄌𑄴 ।,Present
আম পাতা,𑄃𑄟𑄴 𑄛𑄘,Present
আম পাতা লক্ষী,𑄃𑄟𑄴 𑄛𑄘 𑄣𑄧𑄇𑄴𑄈𑄧𑄚𑄴,Present
তোমাকে আমি অনেক ভালোবাসি,𑄖𑄧𑄢𑄬 𑄟𑄖𑄴𑄖𑄬 𑄇𑄧𑄘𑄧𑄇𑄴𑄈𑄧𑄚𑄴 ।,Present
আমি যে গ্রামে যাবো,𑄟𑄪𑄃𑄨 𑄡𑄬𑄟𑄴 𑄃𑄘𑄎𑄧𑄖𑄴,Future
পানি খেে পেট ভরে,𑄛𑄚𑄨 𑄈𑄬𑄟𑄴 𑄉𑄧𑄣𑄧𑄎𑄧𑄖𑄴 ।,Present
বিে করার সম বিে,𑄝𑄨𑄣𑄬𑄃𑄨 𑄉𑄧𑄢𑄬𑄢𑄴 𑄟𑄨𑄐𑄨𑄐𑄧𑄁 𑄟𑄨𑄐𑄨𑄐𑄧𑄧𑄁𑄁,Present
বিে করার শব্দ,𑄝𑄨𑄣𑄬𑄃𑄨 𑄉𑄧𑄢𑄬𑄢𑄴 𑄟𑄨𑄐𑄧𑄁 𑄟𑄨𑄐𑄧𑄁,Present
ছোট যে কোা,"𑄌𑄨𑄎𑄨 𑄡𑄬𑄠𑄬 𑄇𑄮𑄃𑄨,",Present
সিধে করে দেওা,𑄥𑄨𑄎𑄨𑄝𑄱𑄢𑄬 𑄓𑄉𑄨𑄃𑄚𑄧,Present
বিে হেছে সেলাই,𑄝𑄨𑄣𑄬𑄃𑄨 𑄟𑄢 𑄡𑄬𑄠𑄬 𑄥𑄨𑄎𑄨,Present
বজ্রপাত খেেছে,"𑄃𑄏𑄢𑄴 𑄈𑄬𑄠𑄬𑄉𑄮𑄃𑄨,",Present
জঙ্গল ভে জঙ্গল গেছে,𑄏𑄢𑄧 𑄝𑄨𑄣𑄬𑄃𑄨 𑄏𑄢𑄧𑄖𑄴 𑄡𑄬𑄠𑄬,Present
এক জাতী পাখি,𑄇𑄪𑄘𑄪 𑄛𑄬𑄝𑄧𑄉𑄮𑄃𑄨 ।,Present
.মনে হ মনের রুম যাচ্ছি,𑄟𑄧𑄚𑄧𑄚𑄮𑄊𑄮𑄊𑄧𑄢𑄧𑄢𑄧𑄖𑄧𑄖𑄴 𑄎𑄨𑄬𑄨𑄢𑄬𑄝𑄧𑄋𑄧𑄋𑄴,Present
.চাকাচাকা বো,𑄌𑄉 𑄌𑄉 𑄝𑄬𑄋𑄴 𑄛𑄨𑄘𑄳𑄠𑄬,Present
পাহাে পাহাের অসুখ,𑄦𑄘𑄨 𑄚𑄧-𑄛𑄢𑄧𑄋𑄴 𑄒𑄬𑄋𑄴 𑄛𑄨𑄢𑄬 ।,Present
পাহা না পারলে লুকিে ধর,𑄦𑄘𑄨 𑄚𑄧-𑄛𑄢𑄴𑄣𑄬 𑄣𑄪𑄘𑄨𑄇𑄴 𑄙𑄧𑄢𑄴,Present
কোথা গেলে পাহাি,𑄇𑄪𑄘𑄴𑄘𑄪𑄢𑄴 𑄉𑄬𑄣𑄬 𑄟𑄮𑄚𑄮𑄊𑄧𑄢𑄴 ।,Past
পাহাের বািতে জো হওা,𑄟𑄮𑄚𑄮 𑄊𑄧𑄢𑄧𑄖𑄴 𑄎𑄨𑄢𑄬𑄝𑄧𑄋𑄴,Present
নাচা করে ঘুরতে হবে,𑄕𑄘𑄬𑄋𑄴 𑄇𑄝𑄨 𑄊𑄪𑄢𑄬𑄝𑄧𑄋𑄴 ।,Future
মামার বািতে যে,𑄟𑄟𑄪 𑄊𑄧𑄢𑄧𑄖𑄴 𑄡𑄬𑄃𑄨 ।,Present
মামী দুই ভাত,𑄟𑄟𑄨 𑄘𑄨𑄝𑄧 𑄘𑄪𑄖𑄴𑄞𑄖𑄴,Present
পেট ভরে খাওা,𑄛𑄬𑄑𑄴 𑄞𑄧𑄢𑄧𑄚𑄴 𑄈𑄬𑄃𑄨 ।,Present
মামীর হাতের দুধ,𑄟𑄟𑄨𑄢𑄴 𑄦𑄘𑄧 𑄘𑄪𑄖𑄴𑄞𑄖𑄴,Present
.খাওা অনেক সুখ,"𑄈𑄘𑄬 𑄞𑄢𑄨 𑄥𑄪𑄠𑄧𑄘𑄴,",Present
সেই সুতাটা অনেক দিন,𑄥𑄬𑄃𑄨 𑄥𑄪𑄠𑄧𑄖𑄴𑄗𑄚𑄴 𑄞𑄣𑄧𑄇𑄴𑄈𑄧𑄚𑄴,Present
বেঁচে থাকে আমি,𑄝𑄎𑄨 𑄗𑄠𑄴 𑄟𑄪𑄠𑄧𑄖𑄴 ।,Present
এক জাতী কলার বুক,"𑄃𑄖𑄳𑄠𑄬 𑄇𑄧𑄣𑄢𑄴 𑄝𑄪𑄇𑄴,",Present
বাির উকুন মরিচ,𑄊𑄧𑄢𑄧 𑄃𑄪𑄘𑄧𑄚𑄧 𑄝𑄨𑄉𑄪𑄚𑄴 𑄟𑄧𑄢𑄨𑄌𑄴,Present
তুলে খেতে কষ্ট,𑄖𑄪𑄣𑄨 𑄈𑄘𑄬 𑄘𑄪𑄇𑄴 ।,Present
ও ছেঁা ঘুম যাও তুমি,𑄃𑄮 𑄌𑄨𑄎𑄨 𑄊𑄪𑄟𑄴 𑄡 𑄖𑄪𑄃𑄨,Present
গাঙে গেলে আনবে,𑄉𑄋𑄧𑄖𑄴 𑄉𑄬𑄣𑄬 𑄃𑄚𑄨 𑄘𑄨𑄝𑄧𑄋𑄴,Future
জুমে গেলে এনে দিব,𑄎𑄪𑄟𑄧𑄖𑄴 𑄉𑄬𑄣𑄬 𑄃𑄚𑄨 𑄘𑄨𑄝𑄧𑄋𑄴,Future
টাকা ফেরত নেওা,𑄥𑄪𑄘𑄧 𑄜𑄨𑄢𑄨𑄋𑄴 𑄙𑄧𑄢𑄨 ।,Present
জঙ্গলের মধ্যে গেলে এনে দিবে,𑄏𑄢𑄧𑄖𑄴 𑄉𑄬𑄣𑄬 𑄃𑄚𑄨 𑄘𑄨𑄝𑄧𑄋𑄴,Future
জঙ্গলের হরিণ,"𑄏𑄢𑄧 𑄦𑄧𑄢𑄨𑄋𑄴 𑄙𑄧𑄢𑄨,",Present
লক্ষী করে পা,𑄣𑄧𑄇𑄴𑄈𑄨 𑄉𑄧𑄢𑄨 𑄛𑄧𑄢𑄨 ।,Present
চূাচা,𑄢𑄧𑄗𑄧𑄗𑄴 𑄌𑄧𑄇𑄧𑄇𑄳𑄢𑄧𑄝𑄳𑄢𑄧𑄝𑄎𑄨,Present
হাত দিে যে বাজারে যা,𑄦𑄘𑄧𑄖𑄴 𑄡𑄬𑄃𑄨 𑄝𑄎𑄢𑄧𑄖𑄴 𑄡𑄬𑄃𑄨,Present
কিনে এনে ছাউনি,"𑄇𑄨𑄚𑄨 𑄃𑄚𑄨 𑄍𑄘𑄨,",Present
রথযাত্রার অনুষ্ঠানে মাতন ব্যবহৃত হ,𑄢𑄧𑄗𑄴𑄡𑄖𑄳𑄢 𑄟𑄬𑄣𑄖𑄴 𑄟𑄖𑄴𑄖𑄧𑄚𑄴,Present
গলা চেপে ধরে রাখো,𑄉𑄧𑄣𑄇𑄴 𑄦𑄝𑄮𑄃𑄨 𑄝𑄎𑄨 ।,Present
চিত্তি ছিঁচকাঁদুনে পাখি,𑄌𑄨𑄖𑄴𑄖𑄨 𑄌𑄨𑄎𑄨 𑄦𑄏𑄨-𑄈𑄪𑄏𑄨,Present
ত্রিপুরাদের এক ধরনের নাচ,"𑄖𑄨𑄝𑄪𑄢𑄪𑄇𑄴 𑄖𑄨𑄝𑄪𑄢𑄪𑄇𑄴 𑄚𑄎𑄴,",Present
সে সমে তেতো তেতো,𑄥𑄬 𑄥𑄧𑄟𑄢𑄬 𑄖𑄨𑄝𑄪𑄢𑄪𑄇𑄴 𑄖𑄨𑄝𑄪𑄢𑄪𑄇𑄴,Present
এক জাতী বুনো শাক,𑄚𑄎𑄬 𑄛𑄘𑄨 𑄦𑄎𑄴 ।,Present
তাকে টি টি ব ব করবে,𑄃𑄬𑄢𑄬 𑄖𑄨-𑄨-𑄖𑄨 𑄝𑄧𑄝𑄧𑄝𑄳𑄦𑄳𑄦𑄧𑄧,Future
.তাকে তেতো করলা,𑄃𑄬𑄢𑄬 𑄖𑄨-𑄖𑄨 𑄝𑄧𑄝𑄳𑄦𑄧,Past
এক জাতী পাখি,"𑄟𑄖𑄳𑄠𑄬 𑄛𑄬𑄉𑄮 𑄍𑄧,",Present
ডান বাম করা যা না,𑄓𑄬𑄚𑄬 𑄝𑄋𑄬 𑄚𑄧 𑄡𑄬𑄠𑄧,Present
সোজা সোজা হওা,𑄃𑄪𑄎𑄪 𑄉𑄧𑄢𑄨 𑄡𑄧 ।,Present
এক কেজি ধান,𑄃𑄬𑄇𑄴𑄃𑄢𑄨 𑄙𑄚𑄧𑄢𑄴,Present
এক জাতী চূা,"𑄘𑄨𑄃𑄢𑄨 𑄌𑄧𑄝,",Present
এক জাতী নাচ,𑄌𑄨𑄎𑄨 𑄚𑄎𑄬𑄢𑄴,Present
ধুধুক,𑄙𑄪𑄙𑄪𑄙𑄪𑄇𑄪𑄇𑄴,Present
ধুধুক নাটুকে টুকি টুকি,𑄙𑄪𑄙𑄪𑄇𑄴 𑄚𑄖𑄪𑄇𑄴 𑄑𑄪𑄑𑄪𑄇𑄴 𑄑𑄪𑄇𑄴,Present
বাঁশের বোটা শক্ত,𑄝𑄘𑄮𑄃𑄨 𑄝𑄧𑄓 𑄌𑄨𑄘𑄨𑄢 𑄙𑄪𑄝𑄴 ।,Present
"টুকরো টুকরো, টুকরো, টুকরো",𑄑𑄪𑄑𑄪𑄇𑄴 𑄑𑄪𑄇𑄴 𑄑𑄪𑄑𑄪𑄇𑄴 𑄑𑄪𑄇𑄴,Present
ধুধুক নাটুক টুকি,𑄙𑄪𑄙𑄪𑄇𑄴 𑄚𑄖𑄪𑄇𑄴 𑄑𑄪𑄑𑄪𑄇𑄴 𑄑𑄪𑄇𑄴 ।,Present
এক জাতী গাছ,𑄇𑄘𑄟𑄧𑄣 𑄉𑄌𑄴,Present
তেরাং গর্ত থেকে একটি বাগান আসলো,𑄖𑄬𑄢𑄋𑄴 𑄘𑄉𑄨𑄖𑄴𑄖𑄪𑄚𑄴 𑄃𑄬𑄇𑄴𑄇𑄚𑄴 𑄝𑄉𑄚𑄴 𑄃𑄬𑄣𑄧 ।,Past
তার মা এখন বাগানে বোচ্ছে,𑄖𑄟𑄴𑄟 𑄃 𑄖𑄬 𑄝𑄉𑄚𑄧𑄖𑄴 𑄝𑄬𑄢𑄘𑄧𑄚𑄴 ।,Present
. ঘুরতে ঘুরতে সে একটা ফল গাছ দেখতেছে।,𑄝𑄬𑄢𑄘𑄬 𑄝𑄬𑄢𑄘𑄬 𑄖𑄬 𑄃𑄬𑄇𑄴𑄇𑄱 𑄜𑄧𑄣𑄴 𑄉𑄌𑄴 𑄘𑄬𑄇𑄴𑄇𑄳𑄠 ।,Present
তেরাঙে তার মাকে জিজ্ঞেস করলো গাছটিতে কি ফল আছে,𑄖𑄬𑄢𑄋𑄬 𑄖𑄟𑄴𑄟𑄢𑄬 𑄇𑄧𑄣𑄧-𑄟 𑄌𑄘𑄬𑄃𑄨 𑄉𑄌𑄴𑄌𑄱𑄖𑄴 𑄃𑄨𑄉𑄪𑄚𑄴 𑄇𑄨 𑄜𑄧𑄣𑄴 ।,Past
তার মা কল-সে এক জাতী গাছ,𑄖𑄟𑄴𑄟 𑄇𑄧𑄣𑄧-𑄥𑄨𑄝𑄬 𑄇𑄘𑄟𑄧𑄣 𑄉𑄌𑄴 ।,Present
তারা দুইজনে মারামারি করে বািতে নিে গেল,𑄖𑄢 𑄘𑄨𑄎𑄧𑄚𑄬 𑄇𑄘𑄟𑄧𑄣 𑄈𑄬𑄣𑄇𑄴 𑄃 𑄊𑄧𑄢𑄧𑄖𑄴 𑄚𑄨𑄣𑄇𑄴 ।,Past
তেরাঙে বািতে এনে তার বাপকে খাওালো,𑄖𑄬𑄢𑄋𑄬 𑄊𑄧𑄢𑄧𑄖𑄴 𑄃𑄬𑄚𑄬𑄃𑄨 𑄖 𑄝𑄝𑄢𑄬 𑄈𑄝𑄬𑄣𑄧 ।,Past
.তার বাবা-মা তাদেরকে ভাত দিে দে,𑄗 𑄝𑄝𑄬 𑄇𑄧𑄣𑄧-𑄖𑄧 𑄥𑄧𑄟𑄎𑄳𑄠𑄃𑄪𑄚𑄧𑄢𑄬 𑄞𑄇𑄴 𑄘𑄬 ।,Present
তেরাঙে তার সমাজকে ভ করে দিল,𑄖𑄬𑄢𑄋𑄬 𑄖 𑄥𑄧𑄟𑄎𑄳𑄠𑄃𑄪𑄚𑄧𑄢𑄬 𑄞𑄇𑄴 𑄉𑄧𑄢𑄨 𑄘𑄨𑄣𑄧 ।,Past
রেছে: সাা ত্রিপুরা,𑄢𑄧𑄎𑄬𑄠𑄬 : 𑄥𑄝𑄨𑄚 𑄖𑄳𑄢𑄨𑄛𑄪𑄢,Present
ছবি আছে: মিলন জুটি ত্রিপুরা,𑄍𑄧𑄝𑄨 𑄃𑄉𑄬𑄠𑄧𑄚𑄴 : 𑄟𑄨𑄣𑄧𑄚𑄴 𑄎𑄮𑄖𑄨 𑄖𑄳𑄢𑄨𑄛𑄪𑄢,Present
নম্বর তালিকা: ২০১৪,𑄚𑄧𑄟𑄴𑄝𑄧𑄢𑄴 𑄜𑄧𑄉𑄧𑄘𑄋𑄴 : 𑄸𑄶𑄷𑄺,Present
.পঁচার বই,𑄛𑄧𑄌𑄴𑄎𑄧𑄚𑄧 𑄝𑄧𑄃𑄨,Present
.নিঃশব্দ স্বর্গে যাওা,𑄏𑄪𑄟𑄢𑄴 𑄥𑄧𑄢𑄴𑄉𑄧𑄖𑄴 𑄡𑄚 . . . . . . . . . . . . . . . . . . . . . . . . . . . . . . . . . . . . . . . . 𑄺,Present
.নিঃসঙ্গ বুদ্ধি . . .,𑄛𑄬𑄎𑄢𑄴 𑄝𑄪𑄘𑄴𑄙𑄨 . . . . . . . . . . . . . . . . . . . . . . . . . . . . . . . . . . . . . . . . . . . . . . 𑄽,Present
চূা সমাজ,𑄌𑄬𑄢𑄴 𑄥𑄧𑄟𑄎𑄳𑄠 . . . . . . . . . . . . . . . . . . . . . . . . . . . . . . . . . . . . . . . . . . . . . . 𑄷𑄶,Present
.সেটার বুদ্ধি,𑄥𑄨𑄠𑄣𑄧𑄢𑄴 𑄝𑄪𑄘𑄴𑄙𑄨 . . . . . . . . . . . . . . . . . . . . . . . . . . . . . . . . . . . . . . . . . . . . 𑄷𑄹,Present
.অন্যের কথা কান দিও না।,𑄛𑄧𑄢𑄬𑄠 𑄇𑄧𑄙𑄖𑄴 𑄇𑄚𑄴 𑄚𑄧-𑄘𑄬𑄚 . . . . . . . . . . . . . . . . . . . . . . . . . . . . . . . . . 𑄷𑄼,Present
.পাখির কুল কুল দিে শামুকের টুক পাওা যা।,𑄛𑄬𑄌𑄳𑄠 𑄇𑄪𑄣𑄴 𑄇𑄪𑄣𑄧𑄠𑄴 𑄈𑄪𑄢𑄮𑄣𑄳𑄠 𑄥𑄧𑄚𑄢𑄴 𑄑𑄪𑄇𑄴 𑄛𑄠𑄴 . . . . . . . . . . . . . . . . . . . . . 𑄷𑄿,Present
দৌাদৌি করা,𑄏𑄪𑄟𑄢𑄴 𑄥𑄧𑄢𑄴𑄉𑄧𑄖𑄴 𑄡𑄚,Present
এক জাতী বুনো ফুল,𑄉𑄬𑄣𑄴𑄣𑄬 𑄇𑄬𑄣𑄳𑄠𑄬 𑄃𑄬𑄣𑄧𑄘𑄬 𑄜𑄪𑄣𑄴 𑄝𑄨𑄏𑄪।,Present
জুমের গ্রামের মানুষরা বর্গা ফুল বিক্রি করে,𑄏𑄪𑄟 𑄃𑄘𑄟𑄳𑄠 𑄥𑄧𑄟𑄎𑄳𑄠𑄣𑄧𑄃𑄨 𑄝𑄧𑄢𑄴𑄉𑄋𑄧𑄖𑄴 𑄜𑄪𑄣𑄴 𑄞𑄎𑄬𑄠𑄬 𑄉𑄮𑄃𑄨।,Present
.ফুল ভাজার সমে জুে জুে পুরো জীবনটা জুে আছে,𑄜𑄪𑄣𑄴 𑄞𑄎𑄘𑄬 𑄥𑄧𑄣𑄖𑄴 𑄏𑄪𑄟 𑄟 𑄉𑄧𑄋𑄴𑄉𑄨𑄖𑄴𑄪𑄚𑄴 𑄦𑄖𑄴 𑄎𑄪𑄢𑄴 𑄉𑄧𑄢𑄨 𑄃𑄘𑄪 𑄇𑄪𑄝𑄨 𑄝𑄧𑄏𑄨 𑄉𑄧𑄘 𑄎𑄨𑄁𑄇𑄚𑄨𑄠𑄚𑄴 𑄥𑄪𑄉𑄬 𑄥𑄚𑄴𑄘𑄨𑄠𑄬 𑄢𑄉𑄬𑄝𑄖𑄳𑄠𑄬 𑄝𑄧𑄢𑄴 𑄟𑄇𑄳𑄠𑄬।,Present
গাঙে ফুল ভে সুগন্ধি করে আর এক সালাম দিতে পানিতে নামল,𑄉𑄋𑄧𑄖𑄴 𑄜𑄪𑄣𑄴 𑄞𑄎𑄬𑄃𑄨 𑄝𑄧𑄢𑄴𑄟𑄉𑄨 𑄜𑄪𑄢𑄬𑄣𑄬 𑄏𑄪𑄟 𑄜𑄮𑄛𑄴 𑄜𑄮𑄛𑄴 𑄉𑄧𑄢𑄨 𑄉𑄧𑄋𑄴𑄉𑄨𑄟𑄢𑄬 𑄃𑄢𑄧 𑄃𑄬𑄇𑄴 𑄥𑄣𑄟𑄴 𑄘𑄨𑄚𑄬 𑄛𑄚𑄨𑄖𑄴 𑄣𑄟𑄨 𑄉𑄘𑄨𑄣𑄧।,Past
গাি শেষ হলে কাপের কাপ পরে বািতে আসলো,𑄉𑄘𑄨 𑄜𑄪𑄢𑄬𑄣𑄬 𑄇𑄝𑄧𑄢𑄴 𑄌𑄪𑄝𑄧𑄢𑄴 𑄝𑄮𑄘𑄮𑄣𑄬𑄃𑄨 𑄊𑄧𑄢𑄧𑄖𑄴 𑄃𑄬𑄣𑄧।,Past
বািতে এনে তাকে পাঁচটা কাজ করতে বলে,𑄊𑄧𑄢𑄧𑄖𑄴 𑄃𑄬𑄚𑄬𑄃𑄨 𑄖-𑄟𑄢𑄬 𑄊𑄧𑄢𑄧 𑄛𑄌𑄴 𑄇𑄟𑄴 𑄉𑄧𑄢 𑄝𑄧𑄣𑄴 𑄘𑄬𑄢𑄴।,Present
এক জাতী পাখি,𑄃𑄬𑄌𑄳𑄠 𑄟𑄪𑄢𑄴 𑄝𑄨𑄏𑄪।,Present
জোনাকির আলো বোতে বোলটা ঘুরে বো,𑄏𑄪𑄟 𑄝𑄨𑄏𑄪𑄖𑄴 𑄝𑄬𑄢𑄬𑄝𑄖𑄳𑄠𑄬 𑄝𑄬𑄚𑄳𑄠𑄬 𑄛𑄧𑄖𑄳𑄠𑄬 𑄉𑄘𑄨𑄣𑄧𑄉𑄮𑄃𑄨।,Present
না নািভুি পরিধান করলো,𑄚𑄪𑄠𑄧 𑄚𑄪𑄠𑄧 𑄇𑄝𑄧𑄢𑄴 𑄛𑄨𑄚𑄨𑄣𑄧।,Past
গ্রামের মানুষরা ডাগিে ডাগিে থাকে,𑄃𑄘𑄟𑄳𑄠 𑄥𑄧𑄟𑄎𑄳𑄠𑄃𑄪𑄚𑄬 𑄓𑄉𑄓𑄉𑄨 𑄉𑄧𑄢𑄨 𑄗𑄪𑄝𑄬𑄣𑄇𑄴।,Present
সবাই মিলে গ্রামের ঘরে কুাকুি করা,𑄝𑄬𑄇𑄴𑄈𑄪𑄚𑄬 𑄟𑄨𑄣𑄨 𑄃𑄘𑄟𑄧𑄢𑄴 𑄊𑄧𑄢𑄬 𑄊𑄧𑄢𑄬 𑄇𑄪𑄢𑄳𑄦𑄧 𑄃𑄘𑄢𑄴 𑄘𑄬𑄘𑄬𑄚𑄘𑄮𑄃𑄨।,Present
কেকদিন বাদে জুে বািতে আসলো,𑄇𑄇𑄴𑄧𑄚𑄴 𑄝𑄘𑄬 𑄏𑄪𑄟 𑄊𑄧𑄢𑄧𑄖𑄴 𑄃𑄬𑄣𑄧𑄉𑄮𑄃𑄨।,Past
এখানে বািতে তার মা বিঝু পাজন রানী পে আছে,𑄃𑄨𑄚𑄴𑄘𑄨 𑄊𑄧𑄢𑄧𑄖𑄴 𑄖𑄟𑄴𑄟 𑄝𑄨𑄏𑄪 𑄛𑄎𑄧𑄚𑄴 𑄢𑄚𑄳𑄦𑄨 𑄛𑄪𑄢𑄬𑄃𑄨 𑄇𑄨𑄠𑄧𑄋𑄧𑄖𑄴 𑄡𑄬𑄝𑄖𑄳𑄠𑄬 𑄡𑄳𑄟𑄪𑄪𑄣𑄬𑄃𑄨 𑄃𑄊𑄬।,Present
জুমের বািতে এসে দুই-আমার মেে মারা গেল,𑄏𑄪𑄟 𑄊𑄧𑄢𑄧𑄖𑄴 𑄃𑄬𑄌𑄳𑄠𑄬 𑄟𑄧𑄖𑄴𑄧𑄢𑄴 𑄘𑄨-𑄟𑄃𑄨 𑄏𑄨𑄠𑄬 𑄇𑄨𑄠𑄧𑄋𑄧𑄖𑄴 𑄉𑄬𑄣𑄇𑄴।,Past
কোথা ভে ধর্ম কথা বলে দিল,𑄇𑄨𑄠𑄧𑄋𑄧𑄖𑄴 𑄞𑄚𑄴𑄖𑄬 𑄓𑄉𑄨 𑄙𑄧𑄢𑄴𑄟𑄧 𑄇𑄧𑄙 𑄇𑄮𑄃𑄨 𑄘𑄨𑄣𑄇𑄴।,Past
এক জাতী মিষ্টি গন্ধযুক্ত বুনো ফল,𑄏𑄪𑄟 𑄟𑄧𑄚𑄴𑄘𑄨 𑄥𑄪𑄚𑄨𑄣𑄧।,Present
ধর্ম করলে স্বর্গে যে কেউ ঢুকতে পারে,𑄙𑄧𑄢𑄴𑄟𑄧 𑄉𑄧𑄣𑄴𑄣𑄬 𑄥𑄧𑄢𑄴𑄉𑄧𑄖𑄴 𑄡𑄬𑄃𑄨 𑄛𑄢𑄬 𑄟𑄳𑄦𑄬𑄖𑄴 𑄛𑄬𑄣𑄧।,Present
ঝগা করলে স্বর্গে যাওা,𑄏𑄪𑄟𑄢𑄴 𑄟𑄧𑄚𑄧𑄖𑄴 𑄙𑄝𑄴 𑄎𑄧𑄟𑄴𑄟𑄬𑄣𑄧 𑄥𑄧𑄢𑄴𑄉𑄧𑄖𑄴 𑄡𑄬𑄝𑄢𑄴।,Present
ঝুমার শরীর থেকে বের হে বিঝুর খাওা খেতে বোতে নামল,𑄏𑄪𑄟 𑄇𑄨𑄠𑄧𑄋𑄧𑄖𑄴𑄪𑄚𑄴 𑄃𑄬𑄚𑄬𑄃𑄨 𑄥𑄧𑄟𑄎𑄳𑄠 𑄥𑄧𑄟𑄢𑄬 𑄝𑄨𑄏𑄪 𑄈𑄬𑄝𑄖𑄳𑄠𑄬 𑄝𑄬𑄢 𑄣𑄟𑄨𑄣𑄧।,Past
জুমের দিনে বোতে বোতে সাা দিে বািতে ফিরল,𑄏𑄪𑄟 𑄘𑄨𑄚𑄴𑄚𑄮𑄝𑄱 𑄝𑄬𑄢𑄘𑄬 𑄝𑄬𑄢𑄘𑄬 𑄥𑄏𑄧𑄚𑄳𑄠 𑄟𑄬𑄣𑄮𑄟𑄌𑄴 𑄉𑄧𑄢𑄨 𑄊𑄧𑄢𑄧𑄖𑄴 𑄜𑄨𑄢𑄨𑄣𑄧।,Past
সে লাফিে লাফিে ঘুম থেকে পলো,𑄖𑄬 𑄏𑄘𑄨 𑄏𑄘𑄨 𑄊𑄪𑄟𑄧𑄖𑄴 𑄛𑄧𑄣𑄴𑄣𑄧।,Present
"ঘুমিে স্বপ্ন দেখতে দেখতে কেকটা পরীকে এনে পতেছে,স্বর্গে যেও","𑄊𑄪𑄟𑄬 𑄊𑄪𑄟𑄬 𑄥𑄧𑄝𑄧𑄚𑄬 𑄘𑄬𑄉𑄬𑄖𑄬𑄴 𑄇𑄧𑄠𑄬𑄇𑄴𑄇𑄱 𑄛𑄪𑄢𑄨𑄟𑄨𑄣𑄬 𑄃𑄬𑄚𑄬𑄃𑄨 𑄛𑄧𑄉𑄮𑄘𑄨 𑄇𑄚𑄘𑄨 𑄟𑄪-𑄝𑄝𑄬𑄃𑄨 𑄏𑄪𑄟𑄢𑄬 𑄓𑄉𑄧𑄘𑄧𑄚𑄴𑄘𑄨, 𑄏𑄪𑄟-𑄃𑄠𑄴 𑄥𑄧𑄢𑄴𑄉𑄧𑄖𑄴 𑄡𑄬𑄃𑄨।",Present
"তোমরা আমাদের একজনে আরোহণ করবে,আমরা উপরে স্বর্গে যাবো","𑄖𑄪𑄃𑄨 𑄃𑄟𑄳𑄦 𑄃𑄬𑄇𑄴𑄎𑄧𑄚𑄴 𑄛𑄨𑄔𑄨𑄖𑄴 𑄃𑄪𑄘𑄨𑄝𑄬, 𑄃𑄟𑄨 𑄃𑄪𑄢𑄨 𑄥𑄧𑄢𑄴𑄉𑄧𑄖𑄴 𑄚𑄬𑄡𑄬𑄝𑄧𑄁।",Future
ঝুমকো ঘুম থেকে উঠে একটা সপ্নে পে স্বর্গে যা,𑄏𑄪𑄟𑄪 𑄊𑄪𑄟𑄧𑄖𑄴𑄪𑄚𑄴 𑄃𑄪𑄘𑄨 𑄃𑄬𑄇𑄴𑄇𑄱 𑄛𑄪𑄢𑄨𑄟𑄨𑄣𑄬 𑄛𑄨𑄔𑄨𑄖𑄴 𑄃𑄪𑄘𑄨 𑄥𑄧𑄢𑄴𑄉𑄧𑄖𑄴 𑄡𑄢𑄴।,Present
মেঘের বৃষ্টি পে তার রাত হেছে,𑄟𑄬𑄊𑄧 𑄢𑄬𑄎𑄳𑄠𑄧 𑄛𑄪𑄢𑄳𑄦𑄨 𑄡𑄬𑄃𑄨 𑄖𑄢𑄴 𑄢𑄬𑄎𑄳𑄠𑄧𑄖𑄴 𑄣𑄪𑄟𑄨𑄣𑄇𑄴𑄇𑄧𑄃𑄨।,Present
".যেন সকালে তার মা তাকে দাঁিে দিেছে,ঝিঁঝিিে মা কেকদিন ঘুমাতে যাবে","𑄡𑄬𑄚𑄴 𑄥𑄧𑄣𑄖𑄴 𑄖𑄟𑄴𑄟 𑄖𑄢𑄬 𑄓𑄉𑄬𑄢𑄴, 𑄏𑄪𑄟 𑄏𑄪𑄟 𑄃𑄪𑄖𑄴 𑄟 𑄇𑄧𑄇𑄴𑄧𑄚𑄴 𑄊𑄪𑄟𑄴 𑄡𑄬𑄝𑄬।",Future
ঝগাটে চোখ মেে চাা দো,𑄏𑄪𑄟 𑄌𑄮𑄇𑄴 𑄟𑄬𑄣𑄨 𑄌𑄠𑄴𑄘𑄬 𑄛𑄧𑄘𑄋𑄴𑄑𑄋𑄴 𑄛𑄳𑄦𑄧𑄢𑄴।,Present
এক বনে একটা কুকুর বসে আছে।,𑄃𑄬𑄇𑄴 𑄝𑄧𑄚𑄧𑄖𑄴 𑄗𑄬𑄘𑄧 𑄃𑄬𑄇𑄴𑄇𑄱 𑄇𑄬𑄚𑄨 𑄥𑄪𑄉𑄮𑄢𑄴।,Present
সে তার বািটা একটা গাছের আড়ালে লুকিয়ে আছে,𑄖𑄬 𑄖𑄢𑄴 𑄝𑄚𑄳𑄦 𑄃𑄬𑄇𑄴𑄇𑄱 𑄍𑄧 𑄣𑄧𑄃𑄨 𑄏𑄢𑄧 𑄞𑄨𑄘𑄨𑄢𑄬 𑄃𑄬𑄇𑄴𑄇𑄱 𑄉𑄘𑄧 𑄞𑄨𑄘𑄨𑄢𑄬 𑄊𑄪𑄟𑄴 𑄡𑄬𑄘𑄧।,Present
বোইনে রাত হলে সে তার ছিে খাওার খোঁজ করতেছে,𑄝𑄬𑄚𑄳𑄠𑄬 𑄛𑄳𑄦𑄧𑄢𑄴 𑄦𑄧𑄣𑄬 𑄖𑄬 𑄖 𑄍𑄧𑄝𑄱𑄢𑄬 𑄣𑄧𑄃𑄨𑄚𑄬 𑄈𑄬𑄝𑄢𑄴 𑄖𑄧𑄉 𑄣𑄟𑄨𑄘𑄧।,Present
"জঙ্গলের আলু কুচি কুচি করে খাওা,ছাতে হবে","𑄏𑄢𑄧 𑄃𑄣𑄪 𑄇𑄪𑄎𑄪 𑄈𑄪𑄢𑄨 𑄈𑄪𑄢𑄨 𑄈𑄬𑄘𑄧, 𑄍𑄧𑄝𑄱𑄢𑄬 𑄈𑄝𑄬𑄘𑄧।",Future
এক দিন শুকিে দেখ এক বাঘ মরে গেছে,𑄃𑄬𑄇𑄴𑄘𑄨𑄚𑄴 𑄥𑄪𑄠𑄧𑄢𑄨 𑄌𑄠𑄴𑄘𑄬 𑄃𑄬𑄇𑄴 𑄝𑄊𑄧𑄚𑄨 𑄟𑄧𑄢𑄨 𑄟𑄪𑄢𑄪𑄃𑄨 𑄃𑄊𑄬।,Present
বাঘের চূা তার মা দৌাদৌি করে,𑄝𑄊𑄧𑄚𑄨 𑄍𑄧𑄝𑄱 𑄖𑄟𑄴𑄟 𑄙𑄉𑄧𑄖𑄴 𑄈𑄢 𑄦𑄧𑄢𑄴।,Present
বাঘের চূা তার স্ত্রীকে নিে আসলো,𑄝𑄊𑄧 𑄌𑄧𑄝𑄱𑄢𑄬 𑄖-𑄥𑄧𑄟𑄢𑄬 𑄃𑄚𑄨𑄣𑄧।,Past
.পাখিটা দুলিে চরতেছে,𑄥𑄳𑄟𑄪𑄪𑄢𑄨 𑄘𑄨𑄝𑄳𑄠 𑄍𑄧𑄣𑄧𑄃𑄨 𑄌𑄧𑄢𑄖𑄴 𑄡𑄬𑄘𑄧।,Present
আলুর কুচি যেগুলো পাওা যা সেগুলো দুই ভাগ করে খাওা,𑄃𑄣𑄪 𑄇𑄪𑄎𑄪 𑄡𑄨𑄠𑄚𑄴 𑄛𑄠𑄴 𑄥𑄨𑄠𑄚𑄴 𑄘𑄨𑄝𑄳𑄠𑄬 𑄍𑄧𑄢𑄬 𑄞𑄉𑄴 𑄉𑄧𑄢𑄨 𑄈𑄝𑄃𑄨।,Present
"বাঘে খাওা মাংস,বাঘে খাওা কোথা পেে যাবে","𑄝𑄊𑄬 𑄈𑄚𑄴 𑄦𑄬𑄢, 𑄝𑄊𑄧 𑄍𑄧𑄝𑄮𑄃𑄨 𑄇𑄪𑄙𑄪 𑄛𑄬𑄝𑄧𑄉𑄮𑄃𑄨 𑄦𑄬𑄢।",Future
আলু-কুটি এক কামা দিে বাঘের ছানা দিে আলু-কুটি খাওা ভালো হলো,𑄃𑄣𑄪-𑄇𑄪𑄎𑄪 𑄃𑄬𑄇𑄴 𑄇𑄟𑄧𑄢𑄴 𑄘𑄨-𑄇𑄟𑄧𑄢𑄴 𑄘𑄬𑄘𑄬 𑄝𑄊𑄧 𑄍𑄧𑄝𑄮𑄃𑄨𑄠𑄧 𑄃𑄣𑄪-𑄇𑄪𑄎𑄪 𑄈𑄚 𑄘𑄧𑄢𑄧 𑄦𑄧𑄣𑄧।,Past
বুো হে শামুক মারা গেল,𑄝𑄪𑄢𑄧 𑄦𑄮𑄃𑄨𑄚𑄬 𑄥𑄳𑄟𑄪𑄪𑄢𑄨 𑄟𑄧𑄢𑄨 𑄉𑄬𑄣𑄧।,Past
শুকরের চূা বাঘের চূা বোচ্ছে,𑄥𑄪𑄉𑄮𑄢𑄧 𑄍𑄧 𑄃 𑄝𑄊𑄧 𑄍𑄧𑄝𑄱 𑄥𑄧𑄟𑄢𑄬 𑄝𑄬𑄢𑄬𑄘𑄇𑄴।,Present
বোতে বোতে আলু কুচি করে খাওা,𑄝𑄬𑄢𑄘𑄬 𑄝𑄬𑄢𑄘𑄬 𑄃𑄣𑄪 𑄇𑄪𑄎𑄪 𑄖𑄮𑄉𑄬𑄃𑄨 𑄈𑄬𑄘𑄇𑄴।,Present
খালি গাের আলুগুলো খাওা ভালো না,𑄈𑄣𑄨𑄇𑄴 𑄝𑄊𑄧 𑄍𑄧𑄝𑄮𑄢𑄴 𑄃𑄣𑄪 𑄇𑄪𑄎𑄪 𑄈𑄚 𑄃𑄩𑄣𑄴 𑄚𑄧-𑄦𑄧𑄠𑄴।,Present
এত ব করে বাঘের চূাটা খাম্বা হে উঠল,𑄃𑄬𑄚𑄴 𑄉𑄧𑄖𑄬𑄴 𑄉𑄧𑄖𑄬𑄴 𑄝𑄊𑄧 𑄍𑄧𑄝𑄱 𑄃 𑄥𑄪𑄉𑄮𑄢𑄧 𑄍𑄧𑄝𑄱 𑄈𑄢𑄴𑄇𑄮𑄌𑄳𑄠 𑄦𑄮𑄃𑄨 𑄃𑄪𑄘𑄨𑄣𑄇𑄴।,Past
খালি গাের আলুগুলো খাওার সম কিছুই সে খেেছে,𑄈𑄣𑄨𑄇𑄴 𑄝𑄊𑄧 𑄍𑄧𑄝𑄱𑄢𑄴 𑄃𑄣𑄪 𑄇𑄪𑄎𑄪 𑄈𑄚 𑄃𑄩𑄣𑄴 𑄚𑄧-𑄦𑄧𑄠𑄴 𑄇𑄪𑄚𑄨 𑄖𑄬 𑄈𑄬𑄋𑄬𑄘 𑄃 𑄥𑄪𑄉𑄮𑄢𑄧 𑄍𑄧𑄝𑄮 𑄣𑄪𑄘𑄪𑄢𑄧 𑄟𑄪𑄘𑄪𑄢𑄧।,Present
একদিন বাঘের ছা ঘুম থেকে উঠে শুকরকে স্বপ্নে দেখি,𑄃𑄬𑄇𑄴𑄘𑄨𑄚𑄴 𑄝𑄊𑄧 𑄍𑄧𑄝𑄱 𑄊𑄪𑄟𑄧𑄖𑄴𑄪𑄚𑄴 𑄃𑄪𑄘𑄨 𑄥𑄪𑄉𑄮𑄢𑄧 𑄍𑄧𑄝𑄱𑄢𑄬 𑄇𑄧𑄠𑄴 𑄃𑄬𑄌𑄳𑄠 𑄥𑄧𑄝𑄧𑄚𑄬 𑄘𑄬𑄇𑄴𑄈𑄳𑄠𑄧𑄋𑄴𑄉𑄬 𑄞𑄧𑄉𑄧𑄝𑄚𑄬 𑄇𑄧𑄠𑄬𑄘𑄬 𑄖𑄧𑄢𑄬 𑄈𑄬𑄝𑄖𑄳𑄠𑄬।,Present
শুকরের খোলসটা মলা ধরলো,𑄥𑄪𑄉𑄮𑄢𑄧 𑄍𑄧𑄝𑄱 𑄛𑄬𑄌𑄬𑄴𑄢𑄬 𑄟𑄪𑄢𑄳𑄆𑄧𑄇𑄴𑄝𑄨 𑄙𑄧𑄢𑄨𑄣𑄧𑄉𑄧𑄃𑄨।,Past
.পাখির বুদ্ধি দিে শুকরটি এখানে বিে দিল,𑄛𑄬𑄌𑄴𑄌𑄬𑄢𑄴 𑄝𑄪𑄘𑄴𑄙𑄨𑄠𑄬 𑄥𑄪𑄉𑄮𑄢𑄧 𑄍𑄧𑄝𑄮𑄃𑄨 𑄢𑄎 𑄃𑄨𑄘𑄪 𑄝𑄨𑄎𑄬𑄢𑄴 𑄘𑄨𑄣𑄧𑄉𑄮𑄃𑄨।,Past
"বিঝুর সম যে কালো রাজার কথা বলে,ভগবান ভগবান বলে আমি তোমারঝিকে নিে আসবো","𑄝𑄨𑄎𑄬𑄢𑄧𑄖𑄴 𑄡𑄬𑄃𑄨𑄚𑄬 𑄛𑄬𑄌𑄬𑄴 𑄢𑄎𑄢𑄬 𑄇𑄧𑄣𑄧𑄘𑄬, 𑄢𑄎 𑄝𑄝𑄪 𑄟𑄪𑄃𑄨 𑄃𑄬𑄌𑄳𑄠𑄬 𑄥𑄧𑄝𑄧𑄚𑄬 𑄇𑄬𑄴𑄈𑄳𑄠𑄧𑄋𑄴𑄉𑄬 𑄞𑄧𑄉𑄧𑄝𑄚𑄬 𑄇𑄧𑄖𑄬𑄴 𑄟𑄪𑄃𑄨 𑄞𑄨𑄣𑄬 𑄖𑄧-𑄏𑄨𑄝𑄮𑄢𑄬 𑄣𑄧𑄘𑄪𑄁।",Future
রাজা সেটা শুনে শুনলে সেটা করতে হবে না,𑄢𑄎 𑄥𑄨𑄠𑄬𑄚𑄴 𑄥𑄪𑄚𑄨 𑄇𑄧𑄣𑄧 𑄥𑄧𑄝𑄧𑄚𑄬 𑄘𑄬𑄣𑄬 𑄥𑄨𑄠𑄬𑄚𑄴 𑄉𑄧𑄢 𑄛𑄧𑄢𑄨𑄝𑄧 𑄞𑄨𑄣𑄨 𑄇𑄧𑄙 𑄚𑄧𑄠𑄴।,Future
বািটা তোমাকে খেে দিতে পারবে না আর আমার মেেটা নিতে হবে,𑄝𑄇𑄳𑄠𑄠𑄧 𑄖𑄧𑄢𑄬 𑄈𑄬𑄃𑄨 𑄚𑄧 𑄛𑄢𑄨𑄝𑄧 𑄃 𑄛𑄬𑄌𑄳𑄠𑄬𑄠𑄧 𑄟𑄧 𑄏𑄨𑄝𑄱 𑄣𑄧𑄃𑄨 𑄚𑄧𑄛𑄬𑄝𑄧।,Future
".সুগন্ধি,সুগন্ধি,সুগন্ধি তারা চোর সমাজ","𑄥𑄪𑄎𑄖𑄴, 𑄥𑄪𑄡𑄧𑄌𑄴, 𑄥𑄪𑄎𑄧𑄠𑄴 𑄃 𑄥𑄪𑄎𑄧𑄚𑄴 𑄖𑄢𑄳𑄦 𑄌𑄬𑄢𑄴 𑄥𑄧𑄟𑄎𑄳𑄠।",Present
তারা এক গ্রামে থাকে,𑄖𑄢𑄳𑄦 𑄃𑄬𑄇𑄴 𑄃𑄘𑄟𑄧𑄖𑄴 𑄗𑄚𑄴।,Present
তাদের চোর বাপ প্রত্যেকদিন হ,𑄖𑄢𑄳𑄦𑄢𑄴 𑄌𑄬𑄢𑄮𑄎𑄧𑄚𑄧 𑄝𑄛𑄴 𑄃𑄮𑄘𑄨𑄚𑄴 𑄦𑄮𑄠𑄧𑄚𑄴।,Present
কাঁকা পৌঁছে তারা বাপকে ভে জঙ্গলে খেেছে,𑄇𑄖𑄴𑄧𑄚𑄧𑄖𑄴 𑄡𑄬𑄃𑄨𑄚𑄬 𑄖𑄢𑄳𑄦 𑄝𑄛𑄴𑄛𑄪𑄚𑄧𑄢𑄬 𑄞𑄨𑄣𑄬 𑄏𑄢𑄧𑄖𑄴 𑄢𑄬𑄇𑄴𑄈𑄧𑄎𑄬 𑄈𑄬𑄠𑄧𑄚𑄴।,Present
তারা ব হে ঠিক করে রাতে তাদের বাবা-মা মারা যাবে,𑄖𑄢𑄳𑄦 𑄓𑄋𑄧𑄢𑄴 𑄦𑄮𑄃𑄨𑄚𑄬 𑄒𑄨𑄇𑄴 𑄉𑄧𑄢𑄨𑄣𑄇𑄴 𑄢𑄬𑄇𑄴𑄈𑄧𑄥𑄴 𑄟𑄢𑄨 𑄖𑄢𑄳𑄦𑄢𑄴 𑄝𑄛𑄴 𑄟𑄢𑄨𑄘𑄬𑄚𑄢𑄴 𑄃𑄨𑄣𑄴 𑄟𑄢𑄨𑄝𑄇𑄴।,Future
গ্রামের একটি ছিে বসা যুবতী আছে।,𑄃𑄘𑄟𑄧𑄖𑄴 𑄃𑄬𑄇𑄴𑄇𑄱 𑄍𑄧-𑄇𑄪𑄢𑄨 𑄝𑄧𑄠𑄧𑄌𑄳𑄠 𑄝𑄪𑄢𑄮 𑄟𑄨𑄣𑄬 𑄃𑄊𑄬।,Present
বুিটা রাত হলে জাগাটা পরিষ্কার হ,𑄝𑄪𑄢𑄨 𑄢𑄬𑄇𑄴𑄈𑄧𑄥𑄴𑄌𑄱 𑄗𑄠𑄴𑄘𑄬 𑄎𑄉𑄚𑄴 𑄥𑄪𑄇𑄴 𑄛𑄠𑄴।,Present
চেরা সমাজ মিলে বুিে গেল,𑄌𑄬𑄢𑄴 𑄥𑄧𑄟𑄎𑄳𑄠 𑄟𑄨𑄣𑄨 𑄝𑄪𑄢𑄨𑄃𑄨𑄙𑄪 𑄉𑄬𑄣𑄇𑄴।,Past
বুোটা পুে যাওার সম কে যেন আমার জন্য অপেক্ষা করছে,𑄝𑄪𑄢𑄨𑄖𑄴𑄪𑄚𑄴 𑄛𑄪𑄏𑄮𑄢𑄴 𑄉𑄧𑄖𑄴𑄧𑄚𑄴 𑄚𑄚𑄪𑄝𑄬 𑄚𑄚𑄪𑄝𑄬 𑄢𑄬𑄇𑄴𑄈𑄧𑄥𑄴𑄌𑄱 𑄇𑄪𑄙𑄪 𑄃𑄊𑄬 𑄃𑄟𑄢𑄬 𑄃𑄬𑄇𑄴𑄇 𑄇𑄳𑄦𑄧।,Present
বুো তাদেরকে কে ধরলো,𑄝𑄪𑄢𑄨 𑄖𑄢𑄳𑄦𑄢𑄬 𑄇𑄪𑄠𑄧 𑄙𑄧𑄣𑄴𑄣𑄧।,Past
বুো বলে সেটা অনেক দূর,𑄝𑄪𑄢𑄨 𑄇𑄧𑄠𑄴𑄘𑄬 𑄥𑄨𑄠𑄬𑄚𑄴𑄘𑄧 𑄞𑄣𑄪𑄖𑄴𑄘𑄪𑄢𑄧 𑄛𑄧𑄘𑄴।,Present
এখান থেকে সাত দিন পদ,𑄃𑄨𑄖𑄴𑄪𑄚𑄴 𑄥𑄖𑄴 𑄘𑄨𑄚𑄧𑄢𑄴 𑄛𑄧𑄘𑄴।,Present
একদিন হাঁটলে একটা পুরো গ্রাম লাগে,𑄃𑄬𑄇𑄴𑄘𑄨𑄚𑄴 𑄦𑄘𑄨𑄣𑄬 𑄃𑄬𑄇𑄴𑄈𑄚𑄴 𑄥𑄢 𑄃𑄘𑄟𑄴 𑄣𑄉𑄧𑄖𑄴 𑄛𑄠𑄴।,Present
এত করে ছাদৌি করার পর রাতে মাথা রাখার গািটা লাগে,𑄃𑄬𑄘𑄮𑄇𑄳𑄠 𑄉𑄧𑄢𑄨 𑄍𑄧𑄉𑄚𑄴 𑄥𑄢 𑄃𑄘𑄟𑄴 𑄛𑄬𑄣𑄬𑄃𑄨 𑄡𑄬𑄃𑄨𑄚𑄬 𑄥𑄖𑄴 𑄘𑄨𑄚𑄮 𑄟𑄙𑄖𑄴 𑄢𑄬𑄇𑄴𑄈𑄧𑄥𑄨 𑄗𑄬𑄝𑄢𑄴 𑄉𑄖𑄴𑄖𑄱 𑄣𑄉𑄧𑄖𑄴 𑄛𑄠𑄴𑄠𑄮𑄃𑄨।,Present
বুি মন্ত্র শুনে চোররা ভুনা বের করে দিল,𑄝𑄪𑄢𑄨 𑄟𑄧𑄚𑄴𑄘𑄨 𑄥𑄪𑄚𑄨 𑄌𑄬𑄢𑄴 𑄥𑄧𑄟𑄎𑄳𑄠 𑄞𑄪𑄙𑄨 𑄝𑄧𑄇𑄴𑄥 𑄝𑄚𑄩 𑄣𑄧𑄢𑄴 𑄘𑄨𑄣𑄇𑄴।,Past
যাওা একটা বাজার থেকে চা কিনে নিে যাওা,𑄡𑄘𑄬 𑄃𑄬𑄇𑄴𑄈𑄚𑄴 𑄝𑄎𑄢𑄧𑄖𑄴𑄪𑄚𑄴 𑄌𑄬𑄢𑄴𑄎𑄧𑄚𑄬 𑄌𑄬𑄢𑄚𑄴 𑄈𑄢 𑄇𑄨𑄚𑄨 𑄣𑄧𑄣𑄇𑄴।,Present
সব ঠিক করে এবার চাচাা করে সমাজটা চলে গেল,𑄝𑄬𑄇𑄴 𑄒𑄨𑄇𑄴𑄑𑄇𑄴 𑄉𑄧𑄢𑄨 𑄃𑄬𑄝𑄢𑄴 𑄇𑄧𑄟𑄧𑄢𑄴 𑄘𑄧𑄢𑄳𑄦𑄧 𑄉𑄧𑄢𑄨 𑄌𑄬𑄢𑄴 𑄥𑄧𑄟𑄎𑄳𑄠 𑄣𑄧𑄢𑄴 𑄘𑄨𑄣𑄇𑄴 𑄢𑄬𑄇𑄴𑄈𑄧𑄥𑄨 𑄗𑄧𑄉।,Past
তত ব মানুষরা খরগোশকে তাাতাি ডাকতেছে,𑄥𑄬𑄢𑄴 𑄥𑄧𑄟𑄎𑄳𑄠 𑄢𑄬𑄇𑄴𑄈𑄧𑄎𑄨𑄢𑄬 𑄗𑄧𑄉 𑄡𑄘𑄧𑄚𑄴 𑄃 𑄡𑄘𑄧𑄚𑄴।,Present
এক দিন পাে একটা সারা গ্রাম লাগে,𑄃𑄬𑄇𑄴𑄘𑄨𑄚𑄴 𑄦𑄘𑄨 𑄃𑄬𑄇𑄴𑄈𑄚𑄴 𑄥𑄢 𑄃𑄘𑄟𑄴 𑄣𑄉𑄧𑄖𑄴 𑄛𑄚𑄴𑄘𑄮𑄃𑄨।,Present
"সেখানে একটা সারা বািতে একজন লোক দৌাদৌি করে,তিন জনে ঘুমাতে যা","𑄥𑄨𑄠𑄧𑄖𑄴 𑄃𑄬𑄇𑄴𑄈𑄚𑄴 𑄥𑄢 𑄊𑄧𑄢𑄧𑄖𑄴 𑄛𑄣𑄴𑄣 𑄛𑄣𑄴𑄣 𑄉𑄧𑄢𑄨 𑄃𑄬𑄇𑄴𑄎𑄧𑄚𑄴 𑄃𑄬𑄇𑄴𑄎𑄧𑄚𑄴 𑄛𑄢 𑄘𑄳𑄠𑄧𑄚𑄴, 𑄖𑄨𑄚𑄴𑄎𑄧𑄚𑄴 𑄊𑄪𑄟𑄴 𑄡𑄚𑄴।",Present
এখানে রাত হলে সেখান থেকে চলে যা,𑄃𑄨𑄋𑄨𑄢𑄨 𑄛𑄳𑄦𑄧𑄢𑄴 𑄦𑄧𑄣𑄬 𑄥𑄨𑄖𑄴𑄪𑄚𑄴 𑄣𑄧𑄢𑄴 𑄘𑄳𑄠𑄧𑄚𑄴।,Present
এখন সাত দিন মাথা রেছে গািটা,𑄃𑄨𑄋𑄨𑄢𑄨 𑄥𑄖𑄴 𑄘𑄨𑄚𑄮 𑄟𑄙𑄖𑄴 𑄢𑄬𑄇𑄴𑄈𑄧𑄥𑄨 𑄉𑄘𑄧𑄇𑄪𑄢𑄬 𑄣𑄪𑄋𑄨𑄣𑄇𑄴𑄇𑄮𑄃𑄨।,Present
রাতের বেলা ঘুম থেকে জাগি,𑄢𑄬𑄇𑄴𑄈𑄧𑄎𑄨 𑄟𑄚𑄴𑄎𑄳𑄠𑄧 𑄝𑄎𑄴 𑄛𑄬𑄚𑄬𑄃𑄨 𑄊𑄪𑄟𑄮𑄖𑄴𑄪𑄚𑄴 𑄎𑄉𑄨।,Present
".মূল পাের দাঁত,টা পাের পাে কেস করে পাের পাে কেস করে চোর মানুষরা আসতেছে","𑄟𑄪𑄣𑄧 𑄛𑄢 𑄛𑄢 𑄘𑄖𑄴, 𑄑𑄇𑄴𑄇𑄱 𑄛𑄢 𑄛𑄢 𑄇𑄬𑄌𑄴 𑄉𑄧𑄢𑄨 𑄞𑄬𑄉𑄬𑄘𑄬𑄃𑄨 𑄌𑄬𑄢𑄴 𑄥𑄧𑄟𑄎𑄳𑄠 𑄟𑄪𑄇𑄳𑄠 𑄃𑄬𑄡 𑄙𑄧𑄢𑄴𑄣𑄧।",Present
চূা সমাজ চা কুা থেকে খরগোশকে ঘিলিে ধরলো,𑄌𑄬𑄢𑄴 𑄥𑄧𑄟𑄎𑄳𑄠 𑄌𑄬𑄢𑄴 𑄇𑄪𑄚𑄮𑄖𑄴𑄪𑄚𑄴 𑄢𑄬𑄇𑄴𑄈𑄧𑄎𑄨𑄢𑄬 𑄊𑄨𑄢𑄨 𑄙𑄧𑄢𑄨𑄣𑄇𑄴।,Past
কোন কিছু ফেলে দিতে পারতেছি না,𑄇𑄧𑄚𑄧 𑄝𑄝𑄧𑄘𑄬 𑄢𑄬𑄇𑄴𑄈𑄧𑄎𑄨𑄢𑄬 𑄜𑄬𑄣𑄬𑄃𑄨 𑄚𑄧-𑄛𑄖𑄴𑄧𑄚𑄴।,Present
".এই সমে বেংটা বেংটা উে যাওা কলা,ডেকে কেটে বেে যাওা কলা","𑄃𑄬𑄚𑄴 𑄥𑄧𑄣𑄖𑄴 𑄝𑄬𑄋𑄴𑄉𑄧𑄟 𑄝𑄬𑄋𑄴𑄉𑄧𑄟𑄨 𑄃𑄪𑄢𑄨 𑄡𑄘𑄬 𑄡𑄘𑄬 𑄇𑄧𑄣𑄇𑄴, 𑄓𑄬𑄚𑄬 𑄇𑄝𑄨 𑄝𑄋𑄬 𑄛𑄪𑄏𑄧।",Present
বামে কেটে নিে যাওা পোকা,𑄝𑄋𑄬 𑄇𑄝𑄨 𑄓𑄬𑄚𑄬 𑄛𑄪𑄏𑄧।,Present
চেের মানুষরা তাাতাি তাকে ভুনা করে ফেললো,𑄌𑄬𑄢𑄴 𑄥𑄧𑄟𑄎𑄳𑄠𑄠𑄴 𑄥𑄨𑄠𑄚𑄴 𑄉𑄧𑄢𑄨 𑄢𑄬𑄇𑄴𑄈𑄧𑄎𑄨𑄢𑄬 𑄞𑄪𑄙𑄪𑄟𑄴 𑄉𑄧𑄢𑄨 𑄜𑄬𑄣𑄬𑄣𑄇𑄴।,Past
.সে বুক শক্ত করে গ্রামে ফিরে আসলো,𑄖𑄳𑄦𑄬 𑄝𑄪𑄇𑄴 𑄃𑄧𑄎𑄧𑄣𑄴 𑄉𑄧𑄢𑄨 𑄃𑄘𑄟𑄧𑄖𑄴 𑄜𑄨𑄢𑄨 𑄃𑄬𑄣𑄇𑄴।,Past
এক সিাল আর সিালের মেলা,𑄃𑄬𑄇𑄴 𑄥𑄨𑄠𑄣𑄴 𑄃 𑄥𑄨𑄠𑄣𑄬𑄚𑄨 𑄟𑄬𑄣।,Present
তারা বিেতে জঙ্গলের ভালুকগুলো হাওা দিে খা,𑄖𑄢𑄳𑄦 𑄟𑄬𑄣𑄖𑄴 𑄏𑄢𑄧𑄢𑄴 𑄞𑄣𑄪𑄇𑄴𑄈𑄪𑄚𑄴 𑄦𑄬𑄟𑄚𑄴 𑄟𑄬𑄣 𑄈 𑄃𑄬𑄌𑄳𑄠𑄧𑄚𑄴।,Present
তাাতাি আর তাাতাি দুইজনে মন খুলতেছে,𑄥𑄨𑄠𑄣𑄳𑄠 𑄃 𑄥𑄨𑄠𑄣𑄧𑄚𑄨 𑄘𑄨𑄎𑄧𑄚𑄬 𑄟𑄧𑄚𑄴 𑄈𑄪𑄏𑄨𑄠𑄬 𑄝𑄬𑄢𑄚𑄴।,Present
যে রাত সে রাত,𑄡𑄨𑄠𑄧𑄖𑄴 𑄢𑄬𑄖𑄴 𑄥𑄨𑄠𑄧𑄖𑄴 𑄇𑄬𑄖𑄴।,Present
রাতের বেলা ঘুম যাওার জন্য একটা বালিশ নেই,𑄢𑄬𑄘𑄮𑄖𑄴 𑄊𑄪𑄟𑄴 𑄡𑄬𑄝𑄢𑄴 𑄃𑄬𑄇𑄴𑄈𑄚𑄴 𑄥𑄉𑄨𑄚𑄴 𑄚𑄬𑄃𑄨।,Present
এখানে তাাতাি তাাতাি তাাতাি তাাতাি বের হেছে তার কোনো শেষ নেই,𑄃𑄨𑄋𑄨𑄢𑄨 𑄗𑄉𑄧𑄘𑄬 𑄗𑄉𑄧𑄘𑄬 𑄥𑄨𑄠𑄣𑄬𑄚𑄨 𑄛𑄬𑄘𑄮𑄣𑄨 𑄦𑄮𑄠𑄬𑄘𑄬 𑄥𑄨𑄠𑄣𑄳𑄠𑄬𑄢𑄴 𑄇𑄧𑄚𑄧 𑄪𑄎𑄴 𑄚𑄬𑄃𑄨।,Present
"সে যদি আমাকে বলে,আমার একটা সাি ঠিক করতে হবে","𑄥𑄨𑄠𑄬𑄣𑄬𑄚𑄨 𑄥𑄨𑄠𑄣𑄳𑄠𑄢𑄬 𑄇𑄧𑄣𑄧, 𑄃𑄟𑄢𑄴 𑄃𑄬𑄇𑄴𑄈𑄚𑄴 𑄥𑄉𑄨𑄚𑄴 𑄒𑄨𑄇𑄴 𑄉𑄧𑄢 𑄛𑄧𑄢𑄨𑄝𑄧।",Future
আমাদের আা একনাগাে ভ করছে,𑄃𑄟𑄳𑄦 𑄃𑄙𑄪 𑄃𑄬𑄇𑄴𑄇𑄱 𑄚𑄪𑄠𑄧 𑄉𑄧𑄢𑄴𑄝 𑄃𑄬𑄡𑄬𑄢𑄴।,Present
শুনে শুনে অনেক খুচি,𑄥𑄪𑄚𑄨 𑄥𑄨𑄠𑄣𑄳𑄠 𑄝𑄨𑄢𑄑𑄴 𑄈𑄪𑄏𑄨।,Present
তারা দুইজনে জাগা খুঁজতে যাচ্ছে,𑄖𑄢𑄳𑄦 𑄘𑄨𑄎𑄧𑄚𑄬 𑄎𑄉 𑄖𑄧𑄉 𑄙𑄧𑄣𑄴𑄣𑄇𑄴।,Present
সোলটা জাগা খুঁজতে খুঁজতে একটা গাছ পেল,𑄥𑄨𑄠𑄣𑄳𑄠𑄣𑄧𑄃𑄨 𑄥𑄨𑄠𑄬𑄣𑄧𑄚𑄨 𑄎𑄉 𑄖𑄧𑄉𑄘𑄬 𑄖𑄧𑄉𑄘𑄬 𑄃𑄬𑄇𑄴𑄇𑄱 𑄝𑄨𑄢𑄴𑄝𑄨𑄌𑄳𑄠 𑄛𑄨𑄌𑄴𑄌𑄮𑄣𑄴 𑄃𑄬𑄇𑄴𑄇𑄱 𑄉𑄖𑄴 𑄛𑄬𑄣𑄇𑄴𑄇𑄮𑄃𑄨।,Past
সেখান থেকে জাগাটা খুব মনে পলো,𑄥𑄨𑄠𑄬𑄣𑄧𑄚𑄨𑄖𑄴𑄪𑄚𑄴 𑄎𑄉𑄚𑄴 𑄞𑄢𑄨 𑄟𑄧𑄚𑄧𑄖𑄴 𑄛𑄧𑄣𑄴𑄣𑄧।,Present
সেকারণে সে সারাদিন ঘুরে বো,𑄥𑄨𑄠𑄣𑄳𑄠𑄣𑄧𑄃𑄨 𑄥𑄨𑄠𑄬𑄣𑄧𑄚𑄨 𑄘𑄨𑄚𑄴𑄚𑄱 𑄝𑄬𑄢𑄚𑄴।,Present
রাত হলে গােঘুমিে যা,𑄢𑄬𑄖𑄴 𑄦𑄧𑄣𑄬 𑄉𑄖𑄴𑄖𑄱𑄖𑄴 𑄃𑄬𑄚𑄬𑄃𑄨 𑄊𑄪𑄟𑄴 𑄡𑄬𑄘𑄇𑄴।,Present
এখানে এক রাতে সেগুলো ফোটালো,𑄃𑄨𑄋𑄨𑄢𑄨 𑄃𑄬𑄇𑄴 𑄢𑄬𑄘𑄮𑄖𑄴 𑄥𑄨𑄠𑄬𑄣𑄧𑄚𑄨 𑄘𑄨𑄝𑄬 𑄍𑄧 𑄜𑄪𑄘𑄬𑄣𑄧।,Past
বোটা অন্ধকার হে সেটা চলে গেল,𑄝𑄬𑄚𑄳𑄠𑄬 𑄛𑄳𑄦𑄧𑄢𑄴 𑄦𑄮𑄃𑄨𑄚𑄬 𑄥𑄨𑄠𑄣𑄳𑄠 𑄉𑄬𑄣𑄧 𑄌𑄧𑄢𑄖𑄴।,Past
সেগুলো তার পাশে লুকিে আছে,𑄥𑄨𑄠𑄬𑄣𑄧𑄚𑄨 𑄖 𑄘𑄨𑄝𑄬 𑄍𑄧𑄣𑄧𑄃𑄨 𑄣𑄪𑄘𑄪𑄛𑄪𑄘𑄪 𑄉𑄧𑄢𑄨 𑄃𑄊𑄬।,Present
এই বোটা তার গাে উঠে আসছে,𑄃𑄨𑄚𑄴𑄘𑄨 𑄝𑄇𑄳𑄠 𑄖 𑄉𑄖𑄴𑄖𑄱 𑄟𑄧𑄚𑄧𑄖𑄴 𑄃𑄪𑄘𑄨 𑄃𑄬𑄡 𑄙𑄧𑄌𑄳𑄠𑄬।,Present
তার গাছের পাশে লুকিে কি যে বাঁশ পাওা যা,𑄖 𑄉𑄖𑄴𑄖𑄱 𑄇𑄪𑄢𑄬 𑄇𑄪𑄢𑄬 𑄣𑄪𑄟𑄨𑄣𑄬𑄉𑄨 𑄇𑄨 𑄡𑄬 𑄝𑄎𑄴 𑄛𑄠𑄴।,Present
সে বাঁশটা চুিে চুিে আসতেছে সেগুলো দেখে,𑄥𑄬𑄚𑄬 𑄝𑄎𑄴 𑄌𑄪𑄟𑄨 𑄌𑄪𑄟𑄨 𑄣𑄨𑄠𑄧𑄁 𑄣𑄨𑄠𑄧𑄁 𑄉𑄧𑄢𑄨 𑄃𑄬𑄡𑄬𑄖𑄬𑄴 𑄥𑄨𑄠𑄬𑄣𑄧𑄚𑄨 𑄘𑄬𑄉𑄨𑄣𑄧।,Present
এগুলো বাক দিে একটা বুদ্ধি বের হ,𑄥𑄨𑄠𑄬𑄣𑄧𑄚𑄨 𑄝𑄇𑄳𑄠 𑄘𑄬𑄉𑄨 𑄃𑄬𑄇𑄴𑄈𑄚𑄴 𑄝𑄪𑄘𑄴𑄙𑄨 𑄎𑄳𑄟𑄪𑄪𑄣𑄬𑄣𑄧।,Present
"কুাল সাদা,তার বাপকে বলে যাওা","𑄇𑄪𑄠𑄧 𑄙𑄧𑄣𑄳𑄠𑄧, 𑄖 𑄝𑄝𑄧𑄢𑄬 𑄇𑄧𑄠𑄧𑄁𑄉𑄬 𑄡𑄘𑄨 𑄃𑄬𑄌𑄳𑄠𑄠𑄴।",Present
বাঘ খুঁজতে এত ব ব লাগে,𑄝𑄇𑄴 𑄖𑄧𑄉𑄘𑄬 𑄃𑄬𑄘𑄧𑄇𑄴𑄈𑄧𑄚𑄴 𑄣𑄉𑄬𑄚𑄨।,Present
বািটা সেই কথাগুলো শুনে ভয়ে পে গেল,𑄝𑄇𑄳𑄠 𑄥𑄨𑄠𑄬𑄣𑄧𑄚𑄨 𑄇𑄧𑄙𑄉𑄚𑄴 𑄥𑄪𑄚𑄨 𑄓𑄧𑄢𑄬 𑄛𑄨𑄌𑄬𑄴 𑄙𑄬𑄃𑄨 𑄉𑄬𑄣𑄧।,Past
"বাঁশের ফালি দিে ফিরে আসো,কি মামা কোথা আছে","𑄝𑄇𑄳𑄠 𑄛𑄨𑄌𑄬𑄴 𑄜𑄨𑄢𑄨 𑄃𑄬𑄖𑄬𑄴 𑄥𑄧𑄣𑄖𑄴 𑄝𑄚𑄴𑄘𑄧𑄎𑄳𑄠 𑄝𑄇𑄳𑄠𑄢𑄬 𑄘𑄬𑄉𑄨 𑄇𑄧𑄣𑄧, 𑄇𑄨 𑄟𑄟𑄪 𑄇𑄪𑄖𑄴𑄪𑄚𑄴 𑄃𑄬𑄡𑄧𑄢𑄴।",Present
তোমাকে কি শুে দেখতেছি,𑄖𑄧𑄢𑄬 𑄇𑄨 𑄌𑄪𑄘𑄮𑄟𑄪 𑄘𑄬𑄉𑄧𑄋𑄧𑄖𑄬𑄴।,Present
কি হে নেওা?,𑄇𑄨 𑄦𑄮𑄠𑄬 𑄚𑄬𑄚?,Present
বো কল না-কোচ ভাগা,𑄝𑄇𑄳𑄠 𑄇𑄧𑄣𑄧 𑄚𑄧-𑄇𑄮𑄌𑄴 𑄞𑄉𑄨𑄚!,Present
"ভালুকদিন বাদে আমি জাগা যাচ্ছি,সেখানে কে এই উই আছে","𑄞𑄣𑄪𑄇𑄴𑄘𑄨𑄚𑄴 𑄝𑄘𑄬 𑄟𑄪𑄃𑄨 𑄗𑄋𑄴𑄉𑄬 𑄎𑄉𑄚𑄧𑄖𑄴 𑄡𑄋𑄧𑄖𑄬𑄴, 𑄥𑄨𑄠𑄧𑄖𑄴 𑄇𑄧𑄚𑄴𑄚 𑄃𑄬𑄃𑄨 𑄃𑄪𑄃𑄨 𑄃𑄉𑄧𑄚𑄴𑄘𑄨।",Present
মেেটা কথা বলতে বলতে তার স্বামীর নাম খুঁজতে যা,𑄟𑄨𑄣𑄬 𑄝𑄮 𑄇𑄧𑄘𑄬 𑄥𑄪𑄚𑄴𑄚𑄳𑄠𑄧𑄋𑄴 𑄉𑄧𑄃𑄨𑄘𑄬 𑄖 𑄚𑄬𑄇𑄴𑄇𑄱 𑄞𑄨𑄣𑄬 𑄝𑄇𑄴 𑄖𑄧𑄉 𑄡𑄬𑄃𑄨𑄠𑄬𑄘𑄬।,Present
.বিক্রে কি বিপদ আসতেছে,𑄇𑄨𑄚𑄬 𑄇𑄨 𑄓𑄧𑄢𑄬 𑄙𑄬𑄃𑄨 𑄃𑄬𑄡𑄧𑄋𑄧𑄖𑄬𑄴।,Present
বাঁশের বো দিে কেকটা আছে,"𑄝𑄚𑄴𑄘𑄧𑄎𑄳𑄠 𑄝𑄇𑄳𑄠𑄢𑄬 𑄇𑄧𑄠𑄴𑄘𑄬, 𑄃𑄢𑄬 𑄟𑄟𑄪 𑄖𑄧𑄖𑄴𑄪𑄚𑄴 𑄓𑄋𑄧𑄢𑄴 𑄇𑄧𑄚𑄴𑄚 𑄃𑄊𑄬𑄘𑄬।",Present
বো বলে তুমি হলে নদীর স্রোত,𑄝𑄇𑄳𑄠 𑄇𑄧𑄠𑄴𑄘𑄬 𑄞𑄉𑄬𑄚𑄴 𑄖𑄪𑄃𑄨 𑄦𑄧𑄣𑄬𑄘𑄬 𑄙𑄬𑄋𑄴।,Present
বিদা দিলে আমাকে ফেলে চলে আসবে,𑄝𑄨𑄝𑄧𑄘𑄴 𑄘𑄬𑄣𑄬 𑄦𑄧𑄣𑄬 𑄟𑄧𑄢𑄬 𑄜𑄬𑄣𑄬𑄃𑄨 𑄙𑄬𑄃𑄨 𑄃𑄬𑄝𑄬𑄉𑄮𑄃𑄨।,Future
আমি তোমার ব্যবহারটা গিে দিলে সে যাবে,𑄟𑄧-𑄣𑄬𑄌𑄴𑄌𑄚𑄴 𑄃 𑄖𑄧 𑄣𑄬𑄌𑄴𑄌𑄚𑄴 𑄉𑄬𑄖𑄴 𑄘𑄨𑄣𑄬 𑄖𑄬 𑄡𑄬𑄟𑄴𑄝𑄬।,Future
দুইজনে লেখাজোকা করে দিল,𑄘𑄨𑄎𑄧𑄚𑄬 𑄣𑄬𑄌𑄴𑄌𑄚𑄨 𑄎𑄧𑄢 𑄘𑄨𑄣𑄇𑄴।,Past
চুপ করে যাওা,𑄌𑄪𑄛𑄴 𑄌𑄪𑄛𑄴 𑄉𑄧𑄢𑄨 𑄡𑄘𑄧𑄚𑄴।,Present
"গাছটির পাশে লুকিে থাকলে সেটা দে,বাঁশিটা ভুলে ভালো করে একটা বাক এনে দে","𑄉𑄖𑄴𑄖𑄱 𑄇𑄪𑄢𑄬 𑄣𑄪𑄟𑄨𑄣𑄬𑄉𑄮𑄃𑄨 𑄥𑄨𑄠𑄬𑄣𑄧𑄚𑄨 𑄘𑄬𑄚𑄬𑄃𑄨 𑄇𑄧𑄢𑄴, 𑄝𑄚𑄴𑄘𑄧𑄎𑄳𑄠𑄢𑄬 𑄇𑄧𑄠𑄧𑄁𑄉𑄬 𑄞𑄪𑄣𑄬𑄃𑄨 𑄞𑄣𑄬𑄃𑄨 𑄃𑄬𑄇𑄴𑄇𑄱 𑄝𑄇𑄴 𑄃𑄚𑄨 𑄘𑄬𑄉𑄧𑄃𑄨।",Present
সে দো নেই,𑄖𑄬𑄠𑄧 𑄘𑄬𑄉 𑄚𑄬𑄃𑄨।,Present
শ্রবণকারী এক দৌ,𑄥𑄪𑄚𑄨 𑄝𑄇𑄳𑄠 𑄃𑄬𑄇𑄴 𑄘𑄪𑄟𑄪𑄢𑄴।,Present
লাফিে লাফানো,𑄜𑄣𑄪𑄇𑄴 𑄜𑄣𑄪𑄇𑄴 𑄜𑄣𑄴।,Present
এখানে ব ব হৃদপন্ড,𑄃𑄨𑄚𑄴𑄘𑄨 𑄝𑄚𑄴𑄘𑄧𑄎𑄳𑄠 𑄌𑄨𑄖𑄴 𑄛𑄧𑄘𑄋𑄴।,Present
পা কথা কান দো,𑄛𑄧𑄢𑄬𑄠 𑄇𑄧𑄙𑄖𑄴 𑄇𑄚𑄴 𑄚𑄧-𑄘𑄬𑄚,Present
একলোক ঠেলাগাড়ি করে অনেক দূর দিে গেল,𑄃𑄬𑄇𑄴𑄇𑄱 𑄟𑄚𑄪𑄥𑄴 𑄒𑄬𑄋 𑄇𑄟𑄬𑄝𑄖𑄳𑄠𑄬 𑄞𑄣𑄪𑄖𑄴𑄘𑄪𑄢𑄴 𑄃𑄬𑄇𑄴 𑄘𑄬𑄏𑄧𑄖𑄴 𑄉𑄬𑄣𑄧।,Past
লোকটি তার বািতে তার স্ত্রীকে একটি ছোট বাচ্চা রেখে চলে গেছে,𑄟𑄚𑄪𑄌𑄴𑄌𑄱 𑄖 𑄊𑄧𑄢𑄧𑄖𑄴 𑄖 𑄟𑄮𑄇𑄴𑄇𑄱 𑄃 𑄌𑄨𑄉𑄮𑄚𑄴 𑄃𑄬𑄇𑄴𑄇𑄱 𑄛𑄪𑄠𑄧 𑄜𑄬𑄣𑄬𑄃𑄨 𑄡𑄬𑄃𑄨𑄠𑄬।,Present
সে তার মাের সাথে যুদ্ধ করতেছে,𑄥𑄬𑄚𑄧𑄖𑄳𑄠𑄬 𑄖𑄢𑄴 𑄟𑄮𑄇𑄴𑄇𑄱 𑄃 𑄛𑄪𑄠𑄧𑄝𑄱𑄖𑄳𑄠𑄬 𑄃𑄧𑄚𑄴𑄎𑄚𑄴 𑄥𑄨𑄚𑄴𑄘𑄬 𑄉𑄧𑄢𑄬।,Present
খালি মনে প্রভু দো,𑄈𑄣𑄨𑄇𑄴 𑄟𑄧𑄚𑄚𑄧𑄢𑄬 𑄛𑄳𑄢𑄧𑄞𑄪𑄖𑄴 𑄘𑄬𑄠𑄴।,Present
ভালুকগুলো ছোট কাজে বািতে নিে আসতে না পারলে এত দূর থেকে তাাতাি আসবে না,𑄞𑄣𑄪𑄇𑄴𑄈𑄪𑄚𑄴 𑄑𑄬𑄋 𑄇𑄟𑄬𑄃𑄨 𑄊𑄧𑄢𑄧𑄖𑄴 𑄚𑄨 𑄚𑄧-𑄛𑄢𑄨𑄣𑄬 𑄃𑄬𑄖𑄴𑄘𑄪𑄢𑄴 𑄘𑄪𑄢𑄮𑄖𑄴 𑄑𑄬𑄋 𑄇𑄟𑄬𑄝𑄖𑄳𑄠𑄬 𑄃𑄬𑄡𑄚𑄉𑄚𑄴 𑄥𑄖𑄴𑄧 𑄚𑄧-𑄦𑄧𑄝𑄧।,Future
সে অনেক কাজে ডুবে যা,𑄥𑄬 𑄖𑄬 𑄚𑄚 𑄇𑄟𑄧𑄖𑄴 𑄓𑄪𑄝𑄨 𑄡𑄠𑄴।,Present
এখন থাকতে থাকতে ভালুক হেছে,𑄃𑄨𑄋𑄨𑄢𑄨 𑄗𑄉𑄧𑄘𑄬 𑄗𑄉𑄧𑄘𑄬 𑄞𑄣𑄪𑄇𑄴 𑄝𑄧𑄏𑄧𑄢𑄴 𑄦𑄧𑄣𑄧।,Present
ভালুকের মতো দেখতে এক জাতী কচু,𑄞𑄣𑄪𑄇𑄴𑄈𑄪𑄚𑄴 𑄑𑄬𑄋 𑄇𑄟𑄬𑄣𑄧।,Present
এবার বািতে ফিরবে,𑄃𑄬𑄝𑄢𑄴 𑄊𑄧𑄢𑄧𑄖𑄴 𑄜𑄨𑄢𑄨𑄝𑄧।,Future
এক জাতী বুনো ফল যা সবজি হিসেবে ব্যবহৃত হ,𑄛𑄧𑄎𑄝𑄨𑄢 𑄎𑄳𑄟𑄪𑄪𑄣𑄧𑄢𑄴।,Present
লোকটি তার স্ত্রীকে কাপচোপ নিে সকালে একটি বাজারে গেল,𑄟𑄚𑄪𑄌𑄴𑄌𑄱 𑄖 𑄟𑄮𑄇𑄴 𑄛𑄪𑄠𑄧𑄖𑄳𑄠𑄬 𑄇𑄝𑄧𑄢𑄴 𑄌𑄪𑄝𑄧𑄢𑄴 𑄃𑄚𑄨 𑄘𑄨𑄝𑄖𑄳𑄠𑄬 𑄥𑄨𑄙𑄪𑄉𑄧𑄢𑄴 𑄃𑄬𑄇𑄴𑄈𑄚𑄴 𑄝𑄎𑄢𑄧𑄖𑄴 𑄉𑄬𑄣𑄧।,Past
বাজার থেকে বিভিন্ন ধরনের জিনিসপত্র কিনে এক দৌে পে যাচ্ছে,𑄝𑄎𑄢𑄧𑄖𑄴𑄪𑄚𑄴 𑄚𑄚𑄉𑄚𑄴 𑄎𑄨𑄚𑄨𑄥𑄴 𑄇𑄨𑄚𑄴𑄘𑄬 𑄃𑄬𑄇𑄴 𑄘𑄧𑄉𑄚𑄧𑄖𑄴 𑄡𑄬𑄃𑄨 𑄘𑄬𑄉𑄬𑄉𑄧𑄃𑄨𑄘𑄬 𑄇𑄧𑄘𑄧𑄇𑄴𑄈𑄚𑄨 𑄣𑄬𑄊 𑄘𑄮𑄣𑄬𑄃𑄨 𑄣𑄬𑄊𑄨 𑄣𑄬𑄊𑄨 𑄝𑄬𑄎𑄧𑄘𑄧𑄚𑄴।,Present
.তার থেকে একটা লেখা দিে খুব ভালো লাগে,𑄥𑄨𑄠𑄧𑄖𑄴𑄪𑄚𑄴 𑄃𑄬𑄇𑄴𑄈𑄚𑄴 𑄣𑄬𑄊 𑄘𑄬𑄚𑄬𑄃𑄨 𑄞𑄢𑄨 𑄟𑄧𑄚𑄧𑄖𑄴 𑄛𑄧𑄣𑄧।,Present
.লেখাগুলো মুখে নিতে হ না,𑄣𑄬𑄊𑄉𑄚𑄴 𑄦𑄧𑄣𑄧𑄘𑄬 𑄛𑄧𑄢𑄬𑄠 𑄇𑄧𑄘𑄖𑄴 𑄇𑄚𑄴 𑄚𑄧-𑄘𑄬𑄚।,Present
সে লেখা গুলো সে কিনে নিল,𑄥𑄬 𑄣𑄬𑄊𑄉𑄚𑄴 𑄖𑄬 𑄇𑄨𑄚𑄨 𑄣𑄧𑄣𑄧।,Past
বাজার থেকে বিভিন্ন জিনিসপত্র কিনছেন,𑄝𑄎𑄢𑄧𑄖𑄴𑄪𑄚𑄴 𑄊𑄧𑄢𑄧𑄖𑄳𑄠𑄬 𑄚𑄚𑄉𑄚𑄴 𑄎𑄨𑄚𑄨𑄥𑄴 𑄇𑄨𑄚𑄨 𑄇𑄪𑄚𑄪𑄃𑄨।,Present
বািটা বের করে দিল,𑄊𑄧𑄢𑄴𑄟𑄪𑄇𑄳𑄠 𑄣𑄧𑄢𑄴 𑄘𑄨𑄣𑄧।,Past
এভাবে এভাবে তারা গ্রামে পৌঁছে গেল,𑄃𑄬𑄖𑄬𑄴 𑄃𑄬𑄖𑄬𑄴 𑄖𑄢 𑄃𑄘𑄟𑄧𑄖𑄴 𑄣𑄪𑄟𑄨𑄣𑄧𑄉𑄨।,Past
এখন তাকে দেখতেইছি না,𑄥𑄬𑄇𑄴𑄇𑄬 𑄖𑄢𑄬 𑄇𑄨𑄠𑄬𑄃𑄨 𑄚𑄧-𑄌𑄨𑄚𑄧𑄚𑄴।,Present
এক মহিলা কোথা যাচ্ছেন তা শুনে তার স্বামী পাগল হেছে,𑄃𑄬𑄇𑄴𑄘𑄊𑄨 𑄟𑄨𑄣𑄬𑄃𑄨 𑄇𑄪𑄠𑄧𑄇𑄨 𑄉𑄧𑄖𑄴𑄧𑄚𑄴𑄘𑄬 𑄥𑄪𑄚𑄬𑄘𑄬 𑄖-𑄟𑄮𑄇𑄴𑄇𑄱 𑄞𑄨𑄣𑄬 𑄛𑄧𑄢𑄴 𑄛𑄉𑄮𑄣𑄳𑄠 𑄦𑄮𑄠𑄬।,Present
.সেটা শুনে মনটা দুঃখ পেল,𑄥𑄨𑄠𑄬𑄚𑄴 𑄥𑄪𑄚𑄨 𑄞𑄢𑄨 𑄟𑄧𑄚𑄧𑄘𑄪𑄇𑄴 𑄛𑄬𑄣𑄧।,Past
সে শুধু তার স্ত্রীর কথা মনে পেছে বলে তার স্বামীকে সারাদিন বািতে দেখা যা না,𑄟𑄖𑄴𑄧𑄢𑄴 𑄖𑄬 𑄇𑄨𑄚𑄨 𑄃𑄚𑄳𑄠𑄬𑄘𑄬 𑄇𑄧𑄙𑄉𑄚𑄴 𑄟𑄧𑄚𑄧𑄖𑄴 𑄃𑄪𑄘𑄨 𑄟𑄧𑄚𑄧𑄢𑄬 𑄛𑄳𑄢𑄧𑄞𑄪𑄖𑄴 𑄘𑄨𑄚𑄬𑄃𑄨 𑄖 𑄟𑄮𑄇𑄴𑄇𑄱𑄢𑄬 𑄌𑄳𑄦𑄬𑄇𑄴 𑄘𑄨𑄝𑄖𑄳𑄠𑄬 𑄊𑄧𑄢𑄧𑄖𑄴 𑄚𑄧-𑄉𑄬𑄣𑄧।,Present
মানুষটা বািতে না-গিয়ে গেল তার বািে,𑄟𑄚𑄪𑄌𑄴𑄌𑄱 𑄊𑄧𑄢𑄧𑄖𑄴 𑄚𑄧-𑄡𑄬𑄃𑄨 𑄉𑄬𑄣𑄧𑄘𑄬 𑄖𑄬 𑄥𑄧𑄟𑄎𑄳𑄠 𑄊𑄧𑄢𑄧𑄖𑄴।,Past
.সে মদের মদে আসক্ত হেছে কেন?,𑄥𑄨𑄖𑄴𑄪𑄚𑄴 𑄟𑄧𑄘𑄬 𑄟𑄧𑄘𑄬 𑄌𑄠𑄴𑄘𑄬 𑄖-𑄟𑄮𑄇𑄴𑄇𑄱 𑄇𑄢𑄴𑄣𑄧𑄃𑄨 𑄛𑄧𑄢𑄴 𑄛𑄉𑄧𑄣𑄴 𑄚𑄬𑄚?,Present
.সে আবোল তাবোল কথা বলতেছে,𑄥𑄨𑄙𑄪 𑄚𑄚𑄉𑄚𑄴 𑄉𑄧𑄢𑄨 𑄖-𑄟𑄮𑄇𑄴𑄇𑄱 𑄝𑄦𑄨𑄚𑄨 𑄇𑄧𑄙 𑄥𑄪𑄚𑄨𑄣𑄧𑄉𑄧𑄃𑄨।,Present
তার মা হাত দিে কুাকুি করে,𑄖-𑄟𑄮𑄇𑄴𑄇𑄱 𑄦𑄥𑄴 𑄛𑄣𑄃𑄨 𑄇𑄪𑄢𑄳𑄦𑄧 𑄛𑄣𑄃𑄨।,Present
.আকাশে লাফিে লাফিে দো,"𑄃𑄬𑄘𑄢𑄬 𑄃𑄪𑄖𑄢𑄬 𑄣𑄧𑄇𑄴𑄧, 𑄌𑄨𑄇𑄴𑄧, 𑄝, 𑄘 𑄓𑄉𑄨 𑄝𑄎𑄢𑄧𑄖𑄴 𑄝𑄬𑄎 𑄝𑄎𑄬𑄃𑄨 𑄘𑄬।",Present
বাজার থেকে লবণ মরিচ কিনে আনো তো,𑄝𑄎𑄢𑄧𑄖𑄴𑄪𑄚𑄴 𑄚𑄪𑄚𑄴 𑄟𑄧𑄢𑄨𑄌𑄴 𑄟𑄨𑄎𑄬𑄣𑄴 𑄇𑄧𑄎𑄣𑄴 𑄇𑄨𑄚𑄨 𑄃𑄚 𑄝𑄎𑄬𑄃𑄨 𑄘𑄬।,Present
.স্বামী না থাকলে সে মেেকে বািতে দে,𑄚𑄬𑄇𑄴𑄇𑄱 𑄚𑄧-𑄗𑄬𑄣𑄬𑄠𑄧 𑄖𑄬 𑄟𑄨𑄣𑄬 𑄦𑄮𑄃𑄨 𑄊𑄧𑄢𑄧 𑄛𑄌𑄴 𑄇𑄟𑄴 𑄉𑄧𑄢𑄨 𑄖 𑄛𑄪𑄠𑄧𑄝𑄱𑄢𑄬 𑄃𑄨𑄇𑄴𑄇𑄪𑄣𑄧𑄖𑄴 𑄘𑄨𑄠𑄬।,Present
কেন জানি না সেগুলো বাঁকা করে বেঁধে দিবে,𑄇𑄨𑄠𑄬 𑄇𑄨𑄠𑄬 𑄥𑄨𑄠𑄬𑄚𑄨 𑄃𑄨𑄁𑄥𑄬 𑄉𑄧𑄢𑄨 𑄝𑄧𑄘𑄴𑄚𑄟𑄴 𑄑𑄋𑄬𑄃𑄨 𑄘𑄨𑄝𑄬𑄢𑄴 𑄌𑄚𑄴।,Future
লোকটি এবার সব বুঝে বািতে আসলো,𑄟𑄚𑄪𑄌𑄴𑄌𑄱 𑄃𑄬𑄝𑄢𑄴 𑄝𑄬𑄇𑄴 𑄝𑄪𑄏𑄨 𑄊𑄧𑄢𑄧𑄖𑄴 𑄃𑄬𑄣𑄧।,Past
.পাখির কুল কুল দিে সনার টুক পা,𑄛𑄬𑄌𑄳𑄠 𑄇𑄪𑄣𑄴 𑄇𑄪𑄣𑄧𑄠𑄴 𑄈𑄪𑄢𑄮𑄣𑄳𑄠 𑄥𑄧𑄚𑄢𑄴 𑄑𑄪𑄇𑄴 𑄛𑄠𑄴,Present
একনাগাে পৃথিবীতে রাত পলো,𑄃𑄬𑄇𑄴𑄝𑄢𑄴 𑄛𑄨𑄖𑄴𑄗𑄨𑄟𑄨𑄖𑄴 𑄞𑄢𑄨 𑄉𑄧𑄢𑄨 𑄞𑄘𑄧 𑄢𑄖𑄴 𑄛𑄧𑄣𑄴𑄣𑄧।,Present
.মানুষ ভাত খেে না পেলে মরে যাবে।,𑄟𑄚𑄪𑄌𑄴 𑄞𑄖𑄴 𑄈𑄬𑄃𑄨 𑄚𑄧 𑄛𑄬𑄃𑄨 𑄟𑄧𑄢𑄨𑄝𑄢𑄴 𑄃𑄧𑄇𑄴𑄖𑄧 𑄦𑄮𑄃𑄨𑄠𑄬।,Future
সে বিালটা দেবতাকে প্রণাম করার জন্য এখানে আসলো,𑄥𑄬𑄚𑄬 𑄝𑄨𑄠𑄳𑄝𑄳𑄢 𑄘𑄬𑄝𑄬𑄘 𑄥𑄧𑄢𑄴𑄉𑄧𑄖𑄴 𑄟-𑄣𑄧𑄇𑄴𑄈𑄨𑄟 𑄃𑄩𑄙𑄪 𑄉𑄬𑄣𑄧।,Past
"বিালটি মা-ছেলে একসাথে হাত জুে বললো,পৃথিবীতে খুব বেশি ভাত পেছে","𑄝𑄨𑄠𑄳𑄝𑄳𑄢 𑄟-𑄣𑄧𑄇𑄴𑄈𑄨𑄟 𑄟𑄪𑄎𑄪𑄋𑄬 𑄃𑄘𑄪𑄛𑄢𑄨 𑄦𑄖𑄴 𑄎𑄪𑄢𑄴 𑄉𑄧𑄢𑄨 𑄇𑄧𑄣𑄧, 𑄟 𑄛𑄨𑄖𑄴𑄗𑄨𑄟𑄨𑄖𑄴 𑄞𑄢𑄨 𑄉𑄧𑄢𑄨 𑄞𑄘𑄧 𑄢𑄖𑄴 𑄛𑄧𑄌𑄳𑄠𑄬।",Past
.মানুষ ভাত খেে না খেে মরে যাবে।,𑄟𑄚𑄪𑄌𑄴 𑄞𑄖𑄴 𑄈𑄬𑄃𑄨 𑄚𑄧-𑄛𑄬𑄃𑄨 𑄟𑄧𑄢𑄨𑄝𑄢𑄴 𑄃𑄧𑄇𑄴𑄖𑄧 𑄦𑄮𑄃𑄨𑄠𑄬।,Future
.তার কথা শুনে মা-বাবা শুকরকে ডেকে দিল,𑄖 𑄇𑄧𑄙 𑄥𑄪𑄚𑄨 𑄟-𑄣𑄧𑄇𑄴𑄈𑄨𑄟 𑄥𑄪𑄉𑄮𑄢𑄴𑄝𑄱𑄢𑄬 𑄓𑄉𑄨𑄣𑄧।,Past
এক জাতী শুকর লাফ দিে পৃথিবীতে লাফ দিল,𑄟-𑄣𑄧𑄇𑄴𑄈𑄨𑄟 𑄥𑄪𑄉𑄮𑄢𑄮 𑄜𑄨𑄔𑄨𑄖𑄴 𑄃𑄪𑄘𑄨 𑄛𑄨𑄖𑄴𑄗𑄨𑄟𑄨 𑄟𑄮𑄇𑄳𑄠 𑄣𑄧𑄢𑄴 𑄘𑄨𑄣𑄧।,Past
.সুঁচালো করে পাহাের পাশে একটা সাগর পলো,𑄥𑄪𑄉𑄮𑄢𑄧 𑄜𑄨𑄔𑄨𑄖𑄴 𑄉𑄧𑄢𑄨 𑄟-𑄣𑄧𑄇𑄴𑄈𑄨𑄟 𑄛𑄨𑄖𑄴𑄗𑄨𑄟𑄨 𑄟𑄮𑄇𑄳𑄠 𑄃𑄬𑄖𑄬𑄴 𑄃𑄬𑄖𑄬𑄴 𑄟𑄪𑄎𑄪𑄋𑄬 𑄃𑄬𑄇𑄴𑄈𑄚𑄴 𑄥𑄉𑄧𑄢𑄴 𑄛𑄧𑄣𑄴𑄣𑄧।,Present
শুকরটা একটা দূরে পে গেল,𑄥𑄪𑄉𑄮𑄢𑄴𑄝𑄱 𑄃𑄬𑄚𑄬 𑄃𑄬𑄇𑄴𑄇𑄱 𑄘𑄪𑄢𑄧 𑄜𑄨𑄔𑄨𑄖𑄴 𑄃𑄪𑄘𑄨𑄣𑄧।,Past
সাগর পার হওা,𑄥𑄉𑄧𑄢𑄴 𑄛𑄢𑄴 𑄦𑄧𑄣𑄇𑄴।,Present
একটা মাকসা দাঁিে স্বর্গ এই পৃথিবীতে তার হাসিটা বেে দিল,𑄃𑄬𑄇𑄴𑄇𑄱 𑄟𑄉𑄧𑄢𑄧𑄇𑄴 𑄙𑄞 𑄃𑄬𑄚𑄬𑄃𑄨 𑄥𑄧𑄢𑄴𑄉𑄧 𑄃 𑄛𑄨𑄖𑄴𑄗𑄨𑄟𑄨 𑄣𑄧𑄃𑄨 𑄖 𑄦𑄥𑄴𑄣𑄧𑄃𑄨 𑄢𑄬𑄉 𑄝𑄚𑄨𑄘𑄨𑄣𑄧।,Past
.এই মুহুর্তে একটা মেে মেে লাফিে পুরো পৃথিবীতে কথা বলতেছে,𑄃𑄬𑄚𑄴 𑄃𑄧𑄇𑄴𑄖𑄧𑄖𑄴 𑄃𑄬𑄇𑄴𑄇𑄱 𑄟𑄬 𑄟𑄬 𑄍𑄉𑄧𑄣𑄨 𑄜𑄪𑄢𑄳𑄆𑄧𑄖𑄴 𑄜𑄪𑄢𑄳𑄆𑄧𑄖𑄴 𑄉𑄧𑄢𑄨 𑄃𑄪𑄢𑄨 𑄃𑄪𑄢𑄨 𑄟-𑄣𑄧𑄇𑄴𑄈𑄨𑄟 𑄛𑄨𑄖𑄴𑄗𑄨𑄟𑄨𑄖𑄴 𑄃𑄬𑄡𑄬𑄚 𑄇𑄧𑄙𑄉𑄚𑄴 𑄛𑄨𑄖𑄴𑄗𑄨𑄟𑄨𑄢𑄴 𑄝𑄬𑄇𑄴𑄈𑄪𑄚𑄧𑄢𑄬 𑄥𑄁𑄝𑄖𑄴 𑄘𑄨𑄣𑄧𑄉𑄨।,Present
.তার থেকে ধরে পৃথিবীতে মেে মেে ধান বেে গেলে জুমে ধান বেে যা,𑄥𑄨𑄖𑄴𑄪𑄚𑄴 𑄙𑄧𑄢𑄨 𑄛𑄨𑄖𑄴𑄗𑄨𑄟𑄨𑄢𑄴 𑄟𑄚𑄴𑄎𑄳𑄠𑄬 𑄟𑄬 𑄟𑄬 𑄍𑄉𑄧𑄣𑄨 𑄙𑄚𑄧 𑄥𑄬𑄢𑄬 𑄝𑄳𑄦 𑄝𑄚𑄨𑄣𑄬 𑄎𑄪𑄟𑄧𑄖𑄴 𑄙𑄚𑄴 𑄝𑄬𑄥𑄴 𑄜𑄧𑄣𑄬 𑄞𑄨𑄣𑄨 𑄟𑄧𑄚𑄬 𑄉𑄧𑄢𑄧𑄚𑄴।,Present
.মা-ছেলে যেদিন পৃথিবীতে আসবে সে আগে রাতে পাহািে ঘুরে বো,𑄟-𑄣𑄧𑄇𑄴𑄈𑄨𑄟 𑄡𑄬𑄘𑄨𑄚𑄳𑄠 𑄛𑄨𑄖𑄴𑄗𑄨𑄟𑄨𑄖𑄴 𑄣𑄪𑄟𑄨𑄝𑄧𑄉𑄨 𑄥𑄬 𑄃𑄉𑄧 𑄢𑄬𑄘𑄮𑄖𑄴 𑄛𑄬𑄌𑄳𑄠 𑄢𑄬𑄖𑄖𑄮𑄝𑄱 𑄇𑄪𑄣𑄴 𑄇𑄪𑄣𑄬𑄠𑄴 𑄟-𑄣𑄧𑄇𑄴𑄈𑄨𑄟 𑄃𑄬𑄡𑄬𑄖𑄬𑄴 𑄇𑄬𑄣𑄬𑄴 𑄛𑄨𑄖𑄴𑄗𑄨𑄟𑄨𑄖𑄴 𑄣𑄪𑄋𑄬𑄢𑄴𑄣𑄨 𑄞𑄨𑄣𑄨 𑄇𑄧𑄃𑄨 𑄇𑄧𑄃𑄨 𑄝𑄬𑄢𑄬𑄣𑄧।,Future
কুলকুল করে ঘুরে বো পথে বোতে ঘুরতে কখন যে ঘুম হ জানিনা,𑄇𑄪𑄣𑄴 𑄇𑄪𑄣𑄬𑄠𑄴 𑄇𑄪𑄣𑄴 𑄇𑄪𑄣𑄬𑄠𑄴 𑄝𑄬𑄢𑄘𑄬 𑄝𑄬𑄢𑄘𑄬 𑄛𑄧𑄖𑄳𑄠 𑄃𑄟𑄧𑄣𑄳𑄠 𑄃𑄬𑄇𑄴𑄇 𑄎𑄨𑄢𑄬𑄃𑄨 𑄣𑄧𑄖𑄬𑄴 𑄇𑄧𑄇𑄴𑄈𑄬 𑄊𑄪𑄟𑄴 𑄡𑄬𑄃𑄨 𑄟𑄬𑄖𑄴 𑄚𑄧 𑄛𑄠𑄴।,Present
এখানে কুালটা গাছের পোকা খেে গাছ কেটে দিচ্ছে,𑄃𑄨𑄚𑄴𑄘𑄨 𑄈𑄪𑄢𑄮𑄣𑄳𑄠𑄝𑄱 𑄉𑄏𑄧 𑄛𑄪𑄇𑄴 𑄈𑄬𑄝𑄖𑄳𑄠𑄬 𑄖𑄧𑄇𑄴𑄖𑄧𑄇𑄴 𑄖𑄧𑄇𑄴𑄖𑄧𑄇𑄴 𑄉𑄧𑄢𑄨 𑄉𑄌𑄴 𑄈𑄪𑄚𑄧 𑄙𑄧𑄌𑄳𑄠𑄬।,Present
মানুষরা রাতের বেলা কুলকুল করে আর কুলকুল করে আর কথা বলতেছে যে পাখিটা তাকে সোনার টুকরো দিে খুঁজতেছে,𑄟𑄚𑄪𑄌𑄴𑄌𑄪𑄚𑄬 𑄢𑄬𑄖𑄴𑄒𑄨𑄉 𑄇𑄪𑄣𑄴 𑄇𑄪𑄣𑄬𑄠𑄴 𑄇𑄪𑄣‘ 𑄇𑄪𑄣𑄬𑄠𑄴 𑄟-𑄣𑄧𑄇𑄴𑄈𑄨𑄟 𑄃𑄬𑄡𑄬𑄖𑄬𑄴 𑄇𑄧𑄙𑄉𑄚𑄴 𑄡𑄬 𑄛𑄬𑄇𑄴𑄇𑄱 𑄇𑄧𑄃𑄨𑄠𑄬 𑄥𑄨𑄝𑄬𑄢𑄬 𑄥𑄧𑄚𑄢𑄴 𑄑𑄪𑄇𑄴 𑄘𑄨𑄝𑄖𑄳𑄠𑄬 𑄖𑄧𑄉𑄘𑄧𑄚𑄴।,Present
এই সকালে খুপাটা দিে সে রাত জাগার জন্য সংকেত দে,𑄃𑄬𑄚𑄴 𑄃𑄧𑄇𑄴𑄖𑄧𑄖𑄴 𑄈𑄪𑄢𑄮𑄣𑄳𑄠𑄝𑄱𑄢𑄬 𑄘𑄬𑄉𑄨 𑄇𑄧𑄚𑄴𑄘𑄬 𑄖𑄬𑄠𑄳𑄠 𑄢𑄬𑄖𑄴 𑄎𑄉𑄨𑄚𑄬 𑄟-𑄣𑄧𑄇𑄴𑄈𑄨𑄟 𑄃𑄬𑄡𑄬𑄖𑄬𑄴 𑄥𑄁𑄝𑄖𑄴𑄖𑄚𑄴 𑄘𑄨𑄠𑄬𑄘𑄬।,Present
সে তাকে সোনার মাথা দিে দিল,𑄖𑄳𑄦𑄬 𑄖𑄢𑄬 𑄥𑄧𑄚𑄢𑄴 𑄑𑄪𑄇𑄴 𑄟𑄙𑄖𑄴 𑄘𑄨 𑄘𑄨𑄣𑄇𑄴।,Past
.সে কেকটা পাখির পালক দিে সনার টুকরো পা,𑄥𑄬𑄚𑄬 𑄇𑄧𑄠𑄴𑄘𑄬 𑄛𑄬𑄌𑄳𑄠 𑄇𑄪𑄣𑄴 𑄇𑄪𑄣𑄧𑄠𑄴 𑄈𑄪𑄢𑄮𑄣𑄳𑄠 𑄥𑄧𑄚𑄢𑄴 𑄑𑄪𑄇𑄴 𑄛𑄠𑄴।,Present
.বাধাই বুচি।,𑄝𑄓𑄮𑄃𑄨 𑄝𑄪𑄙𑄨𑄥𑄧𑄖𑄴𑄧 . . . . . . . . . . . . . . . . . . . . . . . . . . . . . . . . . . . . . . . . 𑄺,Present
ছোট ভাই . . . . .,𑄌𑄨𑄉𑄮𑄚𑄴 𑄝𑄮 . . . . . . . . . . . . . . . . . . . . . . . . . . . . . . . . . . . . . . . . . . . . . 𑄽,Present
.অপচ কথা বলা ভালো।,𑄝𑄧𑄢𑄴𑄎𑄧𑄚𑄧 𑄇𑄧𑄙 𑄙𑄧𑄢𑄚 𑄉𑄧𑄟𑄴 . . . . . . . . . . . . . . . . . . . . . . . . . . . . . . . 𑄷𑄶,Present
". পর ভালো, . . . . .",𑄛𑄧𑄢𑄴 𑄞𑄣𑄬𑄖𑄴 . . . . . . . . . . . . . . . . . . . . . . . . . . . . . . . . . . . . . . . . . . 𑄷𑄹,Present
.নিচে পাে বৈদ্য ভাই,𑄚𑄋𑄬 𑄑𑄋𑄬 𑄝𑄰𑄘𑄳𑄠𑄧 𑄞𑄬𑄃𑄨 . . . . . . . . . . . . . . . . . . . . . . . . . . . . . . . . . .𑄷𑄼,Present
.বিে যাওা . ..,𑄞𑄥𑄴 𑄥𑄨𑄊𑄬𑄚 . . . . . . . . . . . . . . . . . . . . . . . . . . . . . . . . . . . . . . . . . .𑄷𑄿,Present
এক জাতী বুনো ফল,𑄝𑄓𑄮𑄃𑄨 𑄝𑄪𑄙𑄨𑄥𑄧𑄖𑄴𑄧,Present
জাতক বসে এক বছর কুলে আছে,𑄎𑄖𑄧𑄇𑄧𑄢𑄴 𑄝𑄪𑄙𑄨𑄥𑄧𑄖𑄴𑄧 𑄃𑄬𑄇𑄴𑄝𑄢𑄴 𑄝𑄧𑄖𑄴𑄧𑄇𑄴 𑄇𑄪𑄣𑄧𑄖𑄴 𑄎𑄧𑄚𑄴𑄟𑄬𑄠𑄬𑄉𑄨।,Present
বুো আসার সমে মা-বাবা একটা জুমের মাঝখান দিে বাঁশি বাজালো,𑄝𑄪𑄙𑄨𑄥𑄧𑄖𑄴𑄧 𑄎𑄧𑄚𑄴𑄟𑄬𑄝𑄢𑄴 𑄃𑄧𑄇𑄴𑄖𑄧 𑄃𑄬𑄣𑄬 𑄟 𑄝𑄘𑄮𑄃𑄨 𑄃𑄬𑄇𑄴 𑄇𑄝 𑄎𑄪𑄟𑄧𑄢𑄴 𑄛𑄧𑄘𑄧𑄚 𑄥𑄬𑄢𑄬 𑄝𑄳𑄦 𑄝𑄚𑄨 𑄝𑄪𑄙𑄨𑄥𑄧𑄖𑄴𑄧𑄢𑄬 𑄜𑄪𑄘𑄬𑄣𑄧।,Past
বাঁশের বো দিে মা আর বাচ্চারা মিলে খাওাচ্ছে,𑄝𑄝𑄴 𑄝𑄘𑄮𑄃𑄨 𑄟 𑄃 𑄛𑄪𑄠𑄧𑄢𑄬 𑄃𑄘𑄢𑄴 𑄖𑄮𑄉𑄬𑄃𑄨 𑄃𑄚𑄨 𑄈𑄝𑄬𑄘𑄧𑄉𑄨।,Present
এত ব করে ভালুকটা মারা গেল,𑄃𑄬𑄘𑄮𑄇𑄳𑄠 𑄉𑄧𑄢𑄨 𑄞𑄣𑄪𑄇𑄴 𑄘𑄨𑄚𑄴 𑄝𑄨𑄘𑄨 𑄉𑄬𑄣𑄧।,Past
"বুো হলে,বুো হলে,ব বসে তার মা বস করে বাির খোঁজ নেওা যা","𑄝𑄪𑄙𑄨𑄥𑄧𑄖𑄴𑄧 𑄃 𑄖𑄟𑄴𑄟 𑄃𑄬𑄇𑄬𑄴𑄚 𑄘𑄧𑄢𑄧𑄟𑄧𑄢𑄧 𑄦𑄧𑄣𑄬, 𑄝𑄝𑄴 𑄝𑄧𑄖𑄴𑄧𑄇𑄴 𑄃 𑄟 𑄝𑄘𑄮𑄃𑄨 𑄍𑄧 𑄝𑄪𑄙𑄨𑄥𑄧𑄖𑄴𑄧𑄢𑄬 𑄝𑄳𑄦 𑄞𑄨𑄘𑄨𑄢𑄬 𑄜𑄬𑄣𑄬𑄃𑄨 𑄃𑄘𑄢𑄴 𑄖𑄧𑄉 𑄡𑄬𑄘𑄇𑄴।",Present
মা বাবা এত ব ব করে যা একদিন অনেকদূরে যা,𑄟 𑄝𑄘𑄮𑄃𑄨 𑄃 𑄝𑄝𑄴 𑄝𑄘𑄮𑄃𑄨 𑄃𑄬𑄘𑄮𑄇𑄳𑄠 𑄉𑄧𑄢𑄨 𑄡𑄘𑄬 𑄡𑄘𑄬 𑄃𑄬𑄇𑄴𑄘𑄨𑄚𑄴 𑄞𑄣𑄪𑄖𑄴𑄘𑄪𑄢𑄮𑄖𑄴 𑄡𑄬𑄠𑄧𑄚𑄴।,Present
এই ভিটেটা জুম করার জন্য সকালে আর বিকালে জুমের সমে আসলো,𑄃𑄬 𑄞𑄨𑄘𑄨𑄢𑄬 𑄎𑄪𑄟𑄴 𑄝𑄧𑄣𑄝𑄱 𑄘𑄨𑄝𑄪𑄎𑄳𑄠 𑄃𑄧𑄇𑄴𑄖𑄧𑄖𑄴 𑄃𑄬𑄚𑄬𑄃𑄨 𑄇𑄝 𑄎𑄪𑄟𑄮𑄚𑄧𑄖𑄴 𑄃𑄳𑄟𑄪𑄚𑄴 𑄝𑄎𑄬𑄃𑄨 𑄘𑄨𑄣𑄧।,Past
উু উে অনেক গুলো সবুজ ঘাসে ঢাকা,𑄃𑄪𑄢𑄴 𑄃𑄪𑄢𑄬𑄃𑄨 𑄃𑄳𑄟𑄪𑄚𑄧 𑄎𑄨𑄣𑄴 𑄃𑄉𑄎𑄴 𑄝𑄨𑄚𑄴𑄘𑄢𑄴𑄣𑄧𑄃𑄨।,Present
অনেক অনেক কালো ধোঁা উঠতেছে,𑄝𑄧𑄚 𑄝𑄧𑄚 𑄇𑄣 𑄙𑄪𑄟𑄧 𑄃𑄪𑄘𑄬𑄢𑄴।,Present
.মা বাবা এদিক সেদিক দৌাদৌি করতেছে,𑄟 𑄝𑄘𑄮𑄃𑄨 𑄃 𑄝 𑄝𑄘𑄮𑄃𑄨 𑄘𑄪𑄢𑄮𑄖𑄴𑄪𑄚𑄴 𑄘𑄬𑄚𑄬𑄃𑄨 𑄈𑄧-𑄚𑄨𑄎𑄬𑄌𑄴𑄌𑄳𑄠 𑄉𑄧𑄢𑄨 𑄣𑄪𑄟𑄨𑄣𑄇𑄴𑄇𑄨।,Present
.আসলে তারা তোমার বািতে ঢুকতে পারতেছে না,𑄟𑄖𑄴𑄧𑄢𑄴 𑄖𑄢𑄳𑄦 𑄃𑄳𑄟𑄪𑄚𑄧 𑄖𑄧𑄠𑄴 𑄖𑄢𑄳𑄦 𑄝𑄳𑄦𑄝𑄱𑄖𑄴 𑄉𑄧𑄚𑄬𑄃𑄨 𑄚𑄧-𑄛𑄖𑄴𑄧𑄚𑄴।,Present
.এইদিকে এত চাঁদ কেন বািটা নিে যাচ্ছে,𑄃𑄨𑄚𑄴𑄘𑄨 𑄃𑄪𑄚𑄴𑄘𑄨 𑄞𑄢𑄨 𑄌𑄘𑄧𑄚𑄴 𑄇𑄬𑄚𑄬 𑄝𑄳𑄦𑄝𑄱𑄖𑄴𑄪𑄚𑄴 𑄍𑄧𑄝𑄱 𑄚𑄨𑄊𑄨𑄣𑄬𑄝𑄇𑄴।,Present
না! না! না!,𑄚!,Present
পাা যা না,𑄛𑄢 𑄚𑄧 𑄡𑄢𑄴।,Present
এই বাঁশটা দিে কেমনে প্রাণটা বেজে যা,𑄃𑄨𑄚𑄴𑄘𑄨 𑄝𑄘𑄮𑄃𑄨 𑄍𑄧 𑄝𑄪𑄙𑄨𑄥𑄧𑄖𑄴𑄧 𑄞𑄝𑄬𑄢𑄴 𑄇𑄬𑄚𑄬 𑄛𑄧𑄢𑄚𑄴 𑄝𑄎 𑄡𑄠𑄴।,Present
দুনিে আর ফেনা উঠে না,𑄘𑄪𑄠𑄧𑄚𑄨𑄖𑄴 𑄃𑄬𑄎𑄧 𑄜𑄮𑄢𑄴 𑄚𑄧 𑄃𑄪𑄘𑄬।,Present
সে সহজে উঠতে পারে না,𑄥𑄬𑄚𑄬 𑄃𑄪𑄢𑄨𑄠𑄧 𑄚𑄧-𑄛𑄢𑄬।,Present
পাখানা করতে না পেরে দৌাদৌি করে যাচ্ছে,𑄦𑄘𑄨𑄠𑄧 𑄚𑄧-𑄛𑄢𑄬 𑄙𑄞 𑄙𑄞 𑄦𑄘𑄨 𑄙𑄬𑄠𑄴 𑄡𑄬𑄘𑄧।,Present
সে চোখ বন্ধ করে বর্মাটা ধরে নিল,𑄥𑄬𑄚𑄬 𑄌𑄮𑄇𑄴𑄈𑄘𑄨 𑄝𑄧𑄢𑄴𑄟𑄢𑄬 𑄖𑄧𑄝𑄧𑄚 𑄉𑄧𑄢 𑄙𑄧𑄣𑄴𑄧।,Past
আগুন থেকে শুধু ধোঁা বের হ,"𑄝𑄧𑄢𑄴𑄟𑄢𑄬 𑄝𑄘𑄮𑄃𑄨 𑄝𑄪𑄙𑄨𑄥𑄧𑄖𑄴𑄧 𑄇𑄧𑄣𑄧,",Present
.দূরে যে বাঁশ-মাা,𑄘𑄪𑄢𑄮𑄖𑄴 𑄡𑄬𑄠𑄧𑄚𑄴 𑄝𑄝𑄴-𑄟।,Present
আাআি নেই,"𑄃𑄋𑄴𑄉𑄨 𑄃𑄊𑄬 𑄛𑄋𑄴𑄉𑄨 𑄚𑄬𑄃𑄨,",Present
বুোটা আছে দাঁত নেই,𑄝𑄪𑄙𑄴𑄘𑄨 𑄃𑄊𑄬 𑄌𑄧𑄇𑄴𑄖𑄨 𑄚𑄬𑄃𑄨।,Present
উন্দুমার সিংহাসন গরম হে উঠল,𑄃𑄪𑄚𑄴𑄘𑄨 𑄝𑄧𑄢𑄴𑄟 𑄥𑄨𑄁𑄦𑄥𑄧𑄚𑄴 𑄉𑄧𑄢𑄧𑄟𑄴 𑄦𑄮𑄃𑄨 𑄃𑄪𑄘𑄨𑄣𑄧।,Past
বার্মা চামাটা সবসম পে আছে,𑄝𑄧𑄢𑄴𑄟 𑄌𑄠𑄴𑄘𑄬 𑄝𑄪𑄙𑄨𑄥𑄧𑄖𑄴𑄧 𑄝𑄨𑄝𑄧𑄘𑄧𑄖𑄴 𑄛𑄧𑄢𑄨 𑄃𑄊𑄬।,Present
আগুনের তাপে দেবতার পূজা করা হ,𑄝𑄧𑄢𑄴𑄟 𑄖𑄉𑄧𑄖𑄴 𑄉𑄧𑄢𑄨 𑄝𑄧𑄢𑄴𑄥 𑄝𑄧𑄣𑄦𑄧𑄇𑄴 𑄘𑄬𑄝𑄧 𑄛𑄪𑄠𑄧𑄢𑄬 𑄃𑄩𑄘𑄮𑄖𑄴 𑄉𑄧𑄢𑄨𑄣𑄧।,Present
বস দেবতা বৃষ্টিগুলো সব শেষ করে দিল,𑄝𑄧𑄢𑄴𑄥 𑄝𑄧𑄣𑄦𑄧𑄇𑄴 𑄘𑄬𑄝𑄧𑄛𑄪𑄠𑄧 𑄏𑄧𑄢𑄴𑄃𑄚𑄨 𑄃𑄳𑄟𑄪𑄚𑄧𑄚𑄴 𑄟𑄢𑄬𑄃𑄨 𑄘𑄨𑄣𑄧।,Past
বোই গেল বাঁশটা কাটতে,𑄝𑄎𑄨 𑄉𑄬𑄣𑄧 𑄝𑄘𑄮𑄃𑄨 𑄍𑄧 𑄝𑄪𑄙𑄨𑄥𑄧𑄖𑄴𑄧।,Past
ছোট বোা,𑄌𑄨𑄉𑄮𑄚𑄴 𑄝𑄮,Present
এক বুো বাচ্চা দিে দৌা,𑄃𑄬𑄇𑄴 𑄝𑄪𑄎𑄳𑄠𑄖𑄴𑄪𑄚𑄴 𑄥𑄖𑄴𑄖𑄱 𑄛𑄪𑄠𑄧।,Present
ছানো পাতা দিে বাতাস আনে,𑄍𑄧𑄝𑄱 𑄛𑄪𑄠𑄧𑄖𑄳𑄠𑄬 𑄝𑄮 𑄃𑄚𑄳𑄠𑄬।,Present
ছোট বাচ্চা,𑄌𑄨𑄉𑄮𑄚𑄴 𑄛𑄪𑄠𑄧𑄝𑄮 𑄉𑄝𑄪𑄢𑄴।,Present
"বুোদের নাছোার বাি, ভাতে ভাতে ভাত নেই","𑄝𑄪𑄎𑄳𑄠𑄢𑄴 𑄚𑄘𑄧𑄁𑄍𑄢 𑄊𑄧𑄢𑄴 𑄉𑄨𑄢𑄨𑄖𑄴𑄨, 𑄞𑄖𑄴 𑄛𑄮𑄠𑄮𑄖𑄬𑄴 𑄗𑄣𑄴 𑄚𑄬𑄃𑄨।",Present
তরকারি তরকারির অভাব আছে,𑄖𑄮𑄚𑄴 𑄝𑄢𑄨𑄝𑄢𑄴 𑄇𑄧𑄘𑄧𑄢 𑄚𑄬𑄃𑄨।,Present
"একটা ভাত পাতিল, একটা তরকারি পাতিল","𑄃𑄬𑄇𑄴𑄇𑄱 𑄞𑄖𑄴 𑄛𑄨𑄣𑄬, 𑄃𑄬𑄇𑄴𑄇𑄱 𑄖𑄮𑄚𑄴 𑄛𑄨𑄣𑄬।",Present
কলা পাতা দিে ভাত খাওা,𑄇𑄧𑄣𑄛𑄘𑄣𑄧𑄃𑄨 𑄛𑄮𑄠𑄴𑄝𑄢𑄨 𑄞𑄖𑄴 𑄈𑄚𑄴।,Present
এক জাতী কলা পাতা দিে ভাত রান্না করা হ,𑄉𑄖𑄴𑄇𑄪𑄢𑄨 𑄇𑄧𑄣𑄛𑄘 𑄝𑄨𑄎𑄬𑄃𑄨 𑄞𑄖𑄴 𑄖𑄮𑄚𑄴 𑄛𑄨𑄣𑄬 𑄃𑄎𑄬𑄢𑄴 𑄉𑄧𑄢𑄧𑄚𑄴।,Present
একটি সমে ছোট বাচ্চাটি বোা নিে আসলো,𑄃𑄬𑄚𑄴 𑄥𑄧𑄟𑄧𑄖𑄴 𑄌𑄨𑄉𑄮𑄚𑄴 𑄛𑄪𑄠𑄧𑄝𑄮𑄖𑄳𑄠𑄬 𑄝𑄮 𑄃𑄚𑄨𑄣𑄇𑄴।,Past
ছোট বোা দিে বািটা ঘিরতেছে,𑄌𑄨𑄉𑄮𑄚𑄴 𑄝𑄮𑄝𑄮 𑄃𑄬𑄚𑄬𑄃𑄨 𑄌𑄠𑄴𑄘𑄬 𑄎𑄳𑄟𑄪𑄣𑄪𑄇𑄳𑄠 𑄊𑄧𑄢𑄴 𑄊𑄨𑄢𑄨𑄖𑄴𑄨।,Present
বািটা গাছের ডালে ঝুলে আছে,𑄊𑄧𑄢𑄚𑄴 𑄉𑄖𑄴 𑄉𑄖𑄴 𑄣𑄨𑄛𑄳𑄠-𑄛𑄪𑄌𑄳𑄠 𑄚𑄬𑄃𑄨।,Present
ধীরে ধীরে গাছ থেকে মাটি বের হ,𑄣𑄢𑄬 𑄣𑄢𑄬 𑄉𑄖𑄴𑄪𑄚𑄴 𑄟𑄘𑄨 𑄞𑄮𑄢𑄬𑄃𑄨 𑄞𑄮𑄢𑄬𑄃𑄨 𑄣𑄨𑄝𑄨𑄣𑄧।,Present
তার স্বামী তার থেকে টাকা নিে একটা জাগা কিনছে,𑄖 𑄚𑄬𑄇𑄴𑄇𑄱𑄖𑄴𑄪𑄚𑄴 𑄑𑄬𑄋 𑄣𑄧𑄃𑄨 𑄣𑄧𑄃𑄨 𑄃𑄬𑄌𑄳𑄠 𑄃𑄬𑄇𑄴𑄈𑄚 𑄉𑄨𑄢𑄨𑄖𑄴𑄨 𑄥𑄪𑄚𑄴𑄎𑄪𑄇𑄴 𑄇𑄮𑄣𑄴 𑄇𑄨𑄚𑄬।,Present
"বাির সবাইকে বলে দাও যে যে যাও,খাওা যা না","𑄊𑄧𑄢𑄧 𑄝𑄬𑄇𑄴𑄈𑄪𑄚𑄧𑄢𑄬 𑄇𑄧𑄣𑄧𑄘𑄬 𑄡𑄬 𑄡𑄨𑄘𑄪 𑄡𑄬𑄝 𑄡𑄧, 𑄈𑄣𑄳𑄠 𑄦𑄘𑄬 𑄚𑄧-𑄃𑄬𑄝।",Present
পাহাে বেজে যে কেকটা নিে আমাকে দে,𑄦𑄘𑄧𑄖𑄴 𑄝𑄎𑄬𑄃𑄨 𑄡𑄬 𑄇𑄪𑄚𑄧𑄇𑄴𑄈𑄚𑄴 𑄃𑄚𑄨𑄚𑄬 𑄟𑄧𑄢𑄬 𑄉𑄮𑄎𑄬𑄃𑄨 𑄘𑄨𑄝𑄉𑄨।,Present
.তার থেকে যে গাড়িটি যা সেটা ধরে নিে ছোট বাচ্চাটাকে ধরে নিে আসি,𑄥𑄨𑄖𑄴𑄪𑄚𑄴 𑄙𑄧𑄢𑄨 𑄡𑄬 𑄡𑄨𑄘𑄪 𑄡𑄚𑄴 𑄜𑄨𑄖𑄬𑄴 𑄌𑄨𑄉𑄮𑄚𑄴 𑄓𑄋𑄧𑄢𑄴 𑄡𑄬 𑄇𑄪𑄚𑄧𑄇𑄴𑄈𑄚𑄴 𑄦𑄘𑄧𑄖𑄴 𑄉𑄧𑄢𑄨 𑄃𑄚𑄨 𑄌𑄨𑄉𑄮𑄚𑄴 𑄝𑄮𑄝𑄮𑄢𑄬 𑄉𑄧𑄎𑄬𑄃𑄨 𑄘𑄳𑄠𑄧𑄚𑄴𑄘𑄨।,Present
এক দিন বাির সব ডাংগুলো ভেঙে যাবে,𑄃𑄬𑄇𑄴𑄘𑄨𑄚𑄴 𑄊𑄧𑄢𑄧 𑄝𑄬𑄊𑄧 𑄓𑄋𑄧𑄢𑄴 𑄞𑄬𑄃𑄨𑄝𑄮 𑄇𑄨𑄥𑄴𑄥𑄪 𑄚𑄧-𑄛𑄠𑄴।,Future
গাে করে কি আনবে ভাবছে,𑄉𑄘𑄧𑄖𑄴 𑄉𑄧𑄢𑄨 𑄇𑄨 𑄃𑄚𑄨𑄝𑄧 𑄞𑄝𑄬𑄢𑄴।,Present
চিন্তা করতে করতে মাথা বুদ্ধি আসলো,𑄞𑄝𑄧𑄘𑄬 𑄞𑄝𑄧𑄘𑄬 𑄟𑄙𑄖𑄴 𑄙𑄬𑄋𑄧 𑄝𑄪𑄘𑄴𑄙𑄨 𑄃𑄬𑄣𑄧।,Past
সে হাত দিে ভালো করে চামা দে,𑄖𑄬 𑄦𑄊𑄨𑄚𑄬 𑄘𑄮𑄣𑄬𑄃𑄨 𑄟𑄧𑄎 𑄉𑄧𑄢𑄨 𑄃𑄚𑄨 𑄌𑄪𑄉𑄮𑄚𑄴 𑄝𑄮𑄝𑄮𑄢𑄬 𑄘𑄨𑄣𑄧𑄉𑄨।,Present
ছোট বইের মতো এই ঘুিটা পেেছে,𑄌𑄨𑄉𑄮𑄚𑄴 𑄝𑄮𑄝𑄮 𑄎𑄚𑄨 𑄛𑄌𑄳𑄠𑄬 𑄃𑄨𑄠𑄚𑄴 𑄊𑄪।,Present
সে সেটা ফেলে না দিে পাহাের উপর তুলে রাখে,𑄖𑄬 𑄥𑄨𑄠𑄚𑄧𑄢𑄬 𑄜𑄬𑄣𑄬𑄃𑄨 𑄚𑄧 𑄘𑄨𑄚𑄬𑄃𑄨 𑄟𑄎 𑄃𑄳𑄟𑄪𑄪𑄢𑄬 𑄖𑄪𑄣𑄨 𑄖𑄧𑄣𑄧।,Present
"ভালুক বছর বাদে এক সমে গ্রামে ঢুলি হেছে, যার থেকে দুই বছর শাস্তি পাওা যাবে তাকে অনেক শাস্তি দেওা হবে","𑄞𑄣𑄪𑄇𑄴 𑄝𑄧𑄏𑄧𑄢𑄴 𑄝𑄘𑄬 𑄃𑄬𑄇𑄴 𑄥𑄧𑄟𑄧𑄖𑄴 𑄃𑄘𑄟𑄬 𑄃𑄘𑄟𑄬 𑄔𑄪𑄣𑄴 𑄛𑄨𑄘𑄳𑄠 𑄦𑄧𑄢𑄴, 𑄡𑄖𑄴𑄪𑄚𑄴 𑄝𑄢𑄧 𑄝𑄧𑄠𑄧𑄌𑄳𑄠 𑄊𑄪 𑄛 𑄡𑄬𑄝𑄧 𑄖𑄢𑄬 𑄃𑄧𑄘𑄴𑄙𑄬𑄇𑄴 𑄢𑄎𑄳𑄠𑄧 𑄘𑄨𑄠 𑄦𑄧𑄝𑄧।",Future
"সে ঘুিটা রাজার চোখে পে যাবে, রাজা চোখ বন্ধ করবে","𑄥𑄬 𑄊𑄪𑄠𑄚𑄴 𑄢𑄎𑄢𑄴 𑄌𑄮𑄇𑄪𑄚𑄧𑄖𑄴 𑄳𑄟𑄪𑄣𑄨 𑄘𑄨𑄚𑄬 𑄢𑄎𑄢𑄴 𑄌𑄮𑄇𑄴𑄈𑄪𑄚𑄴 𑄛𑄳𑄦𑄧𑄢𑄴 𑄦𑄧𑄝𑄇𑄴, 𑄢𑄎 𑄌𑄮𑄉𑄬𑄘𑄨 𑄘𑄬𑄝𑄧।",Future
.সেটা শুনে ছোট বাচ্চাটি দুই বছর ধরে ধোঁার পর ভালো করে আছে,𑄥𑄨𑄠𑄬𑄚𑄴 𑄥𑄪𑄚𑄨 𑄌𑄨𑄉𑄮𑄚𑄴 𑄝𑄮𑄝𑄮 𑄝𑄢𑄧 𑄝𑄧𑄏𑄧𑄢𑄴 𑄃𑄉𑄧𑄘𑄨 𑄙𑄪𑄟𑄮𑄖𑄴𑄖𑄪𑄣𑄨 𑄗𑄮𑄠 𑄊𑄪 𑄟𑄧𑄎𑄝𑄮 𑄌𑄠𑄴𑄘𑄬 𑄘𑄮𑄣𑄬𑄃𑄨 𑄃𑄊𑄬।,Present
সে তার ছেলেকে ঢোল বাজিে দিল,𑄖𑄬 𑄖 𑄚𑄬𑄇𑄴𑄇𑄮𑄢𑄬 𑄔𑄪𑄣𑄴𑄣𑄮 𑄙𑄧𑄢 𑄝𑄎𑄬𑄃𑄨 𑄘𑄨𑄣𑄧।,Past
রাজা সে ঘুর্ণিে চোখ বন্ধ করলে চোখগুলো পে যা,𑄢𑄎 𑄥𑄬 𑄊𑄪𑄠𑄧𑄚𑄴 𑄌𑄮𑄇𑄴𑄈𑄪𑄚𑄧𑄖𑄴 𑄣𑄨𑄝𑄨 𑄘𑄨𑄚𑄬𑄃𑄨 𑄌𑄮𑄇𑄴𑄈𑄪𑄚𑄴 𑄛𑄳𑄦𑄧𑄢𑄴 𑄦𑄮𑄠𑄧𑄚𑄴।,Present
ছোট বাচ্চাটি নাাচাা করে অনেক রাত লেখালো,𑄌𑄨𑄉𑄮𑄚𑄴 𑄝𑄮𑄝𑄮 𑄚𑄋𑄬 𑄢𑄎𑄠𑄴 𑄃𑄧𑄘𑄴𑄙𑄬𑄇𑄴 𑄢𑄬𑄎𑄳𑄠𑄧 𑄣𑄬𑄊𑄨 𑄘𑄨𑄣𑄧।,Past
তার থেকে জ্ঞান বের হেছে,𑄥𑄨𑄖𑄴𑄪𑄚𑄴 𑄙𑄧𑄢𑄨 𑄝𑄪𑄎𑄳𑄠𑄢𑄴 𑄉𑄨𑄢𑄨𑄖𑄴𑄨 𑄘𑄧𑄝‘𑄘𑄧𑄝 𑄦𑄧𑄣𑄧।,Present
ব কথা বলা ভালো,𑄝𑄧𑄢𑄴𑄎𑄧𑄚𑄧 𑄇𑄧𑄙 𑄙𑄧𑄢𑄚 𑄉𑄧𑄟𑄴,Present
হাঙর কূলে একটা বিশাল মাছ,𑄦𑄋𑄧𑄢𑄴 𑄇𑄪𑄣𑄧𑄖𑄴 𑄃𑄬𑄇𑄴𑄇𑄱 𑄝𑄨𑄢𑄑𑄴 𑄟𑄑𑄴।,Present
মাঠে এক জাতী পাখি খেলছে,𑄟𑄒𑄴𑄖𑄱𑄖𑄴 𑄛𑄬𑄉𑄮 𑄟𑄬𑄣 𑄛𑄧𑄎𑄳𑄠𑄬।,Present
চোর শরীর থেকে পেে যাচ্ছে,𑄌𑄬𑄢𑄮 𑄇𑄨𑄖𑄳𑄠𑄬𑄖𑄴𑄪𑄚𑄴 𑄛𑄬𑄃𑄨𑄇𑄴 𑄃𑄬𑄖𑄴𑄧𑄚𑄴।,Present
"চিলগুলো উে উে তাকা, যেন কোনো গোল হ না","𑄌𑄨𑄣𑄪𑄚𑄬 𑄃𑄪𑄢𑄨 𑄃𑄪𑄢𑄨 𑄌𑄬𑄝𑄇𑄴, 𑄡𑄬𑄚𑄴 𑄇𑄧𑄚𑄧 𑄉𑄮𑄣𑄮𑄡𑄮𑄇𑄴 𑄚𑄧-𑄦𑄧𑄠𑄴।",Present
এক জাতী পাখি,𑄣𑄟𑄴𑄝 𑄒𑄪𑄇𑄴𑄝𑄧𑄣 𑄛𑄬𑄇𑄴𑄈𑄪𑄚𑄬 𑄛𑄢𑄳𑄦 𑄘𑄨𑄝𑄇𑄴।,Present
এখানে একটা বরই গাছের নিচে একটা বাচ্চা পে আছে,𑄃𑄨𑄚𑄴𑄘𑄨 𑄃𑄬𑄇𑄴𑄇𑄱 𑄝𑄧𑄢𑄧𑄃𑄨 𑄉𑄏𑄧 𑄈𑄪𑄣𑄪𑄋𑄧 𑄞𑄨𑄘𑄨𑄢𑄬 𑄇𑄧𑄝𑄮 𑄖 𑄌𑄨𑄉𑄮𑄚𑄴 𑄍𑄧𑄝𑄮𑄣𑄧𑄃𑄨 𑄛𑄧𑄢𑄨 𑄃𑄊𑄬।,Present
"তার কো ভালো না, তার সাথে সে মেলা যা না","𑄖 𑄇𑄬𑄠 𑄉𑄧𑄟𑄴 𑄚𑄧𑄠𑄴 𑄃 𑄍𑄧𑄝𑄮𑄠𑄧 𑄌𑄨𑄉𑄮𑄚𑄴, 𑄥𑄬𑄚𑄬 𑄖𑄬 𑄟𑄬𑄣𑄖𑄴 𑄡𑄬𑄘𑄧 𑄚𑄧𑄠𑄴।",Present
".মেেটা আরেকটা ব আছে,সে মেলা চে","𑄟𑄖𑄴𑄧𑄢𑄴 𑄇𑄳𑄦𑄧𑄝𑄮𑄢𑄴 𑄃𑄢𑄬𑄇𑄴𑄇𑄱 𑄓𑄋𑄧𑄢𑄴 𑄍𑄧 𑄃𑄊𑄬𑄘𑄬, 𑄖𑄬 𑄟𑄬𑄣𑄖𑄴 𑄡𑄬𑄝𑄘𑄬 𑄌𑄢𑄴।",Present
অন্য কুকুরগুলো কুকুরটাকে নিে যাচ্ছে,𑄃𑄧𑄚𑄳𑄠𑄧 𑄛𑄬𑄇𑄴𑄈𑄪𑄚𑄬 𑄇𑄮𑄍𑄧𑄝𑄮𑄢𑄬 𑄚𑄨𑄝𑄖𑄳𑄠𑄬 𑄌𑄬𑄣𑄇𑄴।,Present
খালি পেটে কেউ কাউকে মন দিতে পারে না,𑄈𑄣𑄨𑄇𑄴 𑄇𑄳𑄦𑄧𑄝𑄮 𑄇𑄢𑄧 𑄃𑄳𑄟𑄪𑄪𑄢𑄬 𑄟𑄧𑄚𑄧 𑄛𑄳𑄢𑄧𑄞𑄪𑄖𑄴 𑄘𑄨 𑄚𑄧-𑄛𑄢𑄬।,Present
সে কারো সাথে তার বাচ্চাটাকে তাা করলো না,𑄥𑄬𑄚𑄬 𑄇𑄢𑄧 𑄥𑄧𑄟𑄢𑄬 𑄖 𑄍𑄧𑄝𑄮𑄢𑄬 𑄃𑄨𑄢𑄨 𑄚𑄧-𑄘𑄨𑄣𑄧।,Past
তার ছটা মেলা যে কান্না করে,𑄖 𑄍𑄧𑄝𑄮 𑄟𑄬𑄣𑄖𑄴 𑄡𑄬𑄝𑄖𑄳𑄠𑄬 𑄇𑄚𑄬𑄢𑄴 𑄃 𑄇𑄚𑄬𑄢𑄴।,Present
সে কেকবার কান্না করতে করতে সেখানে গেল,𑄖𑄬 𑄇𑄳𑄦𑄧𑄍𑄧𑄝𑄮𑄢𑄴 𑄇𑄚𑄚 𑄥𑄪𑄚𑄨 𑄥𑄨𑄠𑄧𑄖𑄴 𑄉𑄬𑄣𑄧।,Past
.কাটা বুঝে বুঝে তার সাথে কাজ করবে।,𑄇𑄧𑄝𑄝𑄮 𑄝𑄪𑄏𑄬𑄃𑄨 𑄝𑄪𑄏𑄪𑄃𑄨 𑄇𑄳𑄦𑄧𑄝𑄮𑄢𑄬 𑄖 𑄍𑄧𑄝𑄮 𑄖 𑄥𑄧𑄟𑄢𑄬 𑄃𑄨𑄢𑄳𑄦𑄨 𑄘𑄨𑄝𑄬𑄢𑄴 𑄇𑄟𑄴 𑄈𑄝𑄬𑄣𑄧।,Future
একজন লোক কথা বলতে বলতে উড়ে যা,𑄃𑄨𑄇𑄴𑄪 𑄇𑄧𑄝𑄝𑄮 𑄇𑄳𑄦𑄧𑄍𑄧𑄝𑄮𑄣𑄧𑄃𑄨 𑄃𑄪𑄢𑄳𑄦𑄨 𑄡𑄢𑄴।,Present
সারাদিন রোদে কেকটা বেশি পানি তাাচ্ছে,𑄘𑄨𑄝𑄪𑄎𑄳𑄠 𑄢𑄮𑄘𑄴𑄘𑄮𑄉𑄮𑄖𑄴 𑄇𑄧𑄝𑄝𑄮 𑄞𑄢𑄨 𑄛𑄚𑄨 𑄖𑄥𑄴 𑄉𑄧𑄢𑄬𑄢𑄴।,Present
পাহাের তলা বসে একটা দই বোনো দই দিে গাছের স্যাঁতসেঁতে জাগা বিশ্রাম নিতেছে,𑄃𑄳𑄟𑄪𑄪𑄪𑄢𑄧𑄖𑄴𑄪𑄚𑄴 𑄖𑄧𑄣𑄧 𑄟𑄮𑄇𑄳𑄠 𑄢𑄨𑄚𑄨 𑄌𑄠𑄴𑄘𑄬 𑄃𑄬𑄇𑄴𑄇𑄱 𑄘𑄧𑄃𑄨 𑄝𑄬𑄎𑄨𑄠 𑄘𑄧𑄃𑄨 𑄖𑄧𑄝𑄳𑄟𑄪𑄚𑄴 𑄙𑄉𑄬𑄘𑄨 𑄗𑄮𑄃𑄨𑄚𑄬 𑄉𑄏𑄧 𑄥𑄝𑄖𑄴 𑄎𑄨𑄢𑄘𑄬 𑄎𑄨𑄢𑄘𑄬 𑄎𑄪𑄢𑄬𑄢𑄴।,Present
সে ডান দিকে কবার দই খেে নিল,𑄥𑄨𑄠𑄬 𑄘𑄬𑄚𑄬𑄃𑄨 𑄇𑄧𑄝𑄝𑄮𑄢𑄴 𑄘𑄧𑄃𑄨 𑄈𑄬𑄝𑄢𑄴 𑄣𑄪𑄞𑄴 𑄦𑄧𑄣𑄧।,Past
কেকটা কেকটাকে ভাগ করে এখানে একটু বিশ্রাম নেওা,𑄇𑄧𑄝𑄝𑄱 𑄇𑄳𑄦𑄧𑄍𑄧𑄝𑄮𑄢𑄬 𑄇𑄧𑄠𑄴𑄘𑄬 𑄞𑄉𑄨𑄚𑄬 𑄃𑄨𑄠𑄧𑄖𑄴 𑄃𑄬𑄇𑄴𑄇 𑄎𑄨𑄢𑄬𑄃𑄨।,Present
.সে জুে মাটিতে নামল,𑄖𑄳𑄦𑄬 𑄎𑄪𑄥𑄴 𑄉𑄧𑄢𑄨 𑄟𑄘𑄨𑄖𑄴 𑄣𑄟𑄨𑄣𑄇𑄴।,Past
কাটা চাা দিে দইটা একদম শুে যা,𑄇𑄧𑄝𑄝𑄮 𑄌𑄠𑄴𑄘𑄬 𑄘𑄧𑄃𑄨𑄝𑄧𑄣𑄝𑄮 𑄡𑄧𑄘𑄬𑄛𑄧𑄘𑄬 𑄊𑄪𑄟𑄴 𑄡𑄢𑄴।,Present
জুে বুঝি দই খাওা ভালো,𑄎𑄪 𑄝𑄪𑄏𑄨 𑄘𑄧𑄃𑄨 𑄈 𑄙𑄧𑄌𑄳𑄠𑄬।,Present
কেকটা বাচ্চাকে কেকটা থেকে খাও,𑄇𑄳𑄦𑄧𑄍𑄧𑄝𑄮𑄢𑄬 𑄇𑄧𑄠𑄴𑄘𑄬 𑄖𑄪𑄃𑄨 𑄃𑄬𑄇𑄴𑄇𑄮𑄖𑄴𑄪𑄚𑄴 𑄈𑄳𑄦।,Present
কেকটা কথা আমি শুনব না,𑄇𑄳𑄦𑄧𑄍𑄧𑄝𑄮 𑄇𑄧𑄠𑄴 𑄟𑄪𑄃𑄨 𑄚𑄧-𑄈𑄬𑄟𑄴 𑄟𑄟𑄪।,Future
পা জিনিস ধরা ভালো না,𑄛𑄧𑄢𑄬𑄠 𑄎𑄨𑄚𑄨𑄥𑄴 𑄙𑄧𑄢𑄚 𑄉𑄧𑄟𑄴 𑄚𑄧𑄠𑄴।,Present
কবাি কলা খেলে খাওা যা না,𑄇𑄧𑄝𑄝𑄮 𑄇𑄧𑄠𑄴 𑄖𑄪𑄃𑄨 𑄈𑄬𑄣𑄬 𑄈𑄳𑄦 𑄚𑄧-𑄈𑄬𑄣𑄬 𑄚𑄬𑄃𑄨।,Present
পাহা হলে খা,𑄟𑄪𑄃𑄨 𑄦𑄧𑄣𑄬 𑄈𑄋𑄧𑄢𑄴।,Present
এই দইটা ঘুম থেকে উঠে একটা দই তোমার মুখে লেগে আছে,𑄃𑄨𑄚𑄴𑄘𑄨 𑄘𑄧𑄃𑄨𑄝𑄧𑄣𑄝𑄮 𑄊𑄪𑄟𑄧𑄖𑄴𑄪𑄚𑄴 𑄎𑄉𑄨 𑄌𑄠𑄴𑄘𑄬 𑄇𑄧𑄝𑄝𑄮 𑄃𑄬𑄇𑄴𑄇𑄱 𑄘𑄧𑄃𑄨 𑄖𑄧𑄝𑄖𑄴 𑄒𑄪𑄖𑄴 𑄝𑄪𑄢𑄬𑄃𑄨 𑄃𑄊𑄬।,Present
কেকটা ইগল মেে দাঁিে দৌা দিল,𑄇𑄧𑄝𑄝𑄱𑄢𑄬 𑄃𑄨𑄘𑄬𑄣𑄴 𑄟𑄬𑄣𑄨𑄝𑄖𑄳𑄠𑄬 𑄘𑄧𑄣 𑄖𑄧𑄉𑄘𑄬 𑄇𑄧𑄝𑄝𑄮 𑄟𑄳𑄦𑄬𑄖𑄴 𑄛𑄬𑄃𑄨 𑄏𑄪 𑄏𑄪 𑄉𑄧𑄢𑄨 𑄘𑄨𑄣𑄧 𑄘𑄪𑄟𑄪𑄢𑄴।,Past
".কেকটা লেলিেছে,সে উতে যেতে দেরি হে দইটা ভেঙে গেল","𑄇𑄳𑄦𑄧𑄍𑄧𑄝𑄮𑄘𑄧 𑄣𑄬𑄘𑄬𑄢, 𑄖𑄬 𑄃𑄪𑄢𑄨 𑄡𑄘𑄬 𑄘𑄬𑄢𑄨 𑄦𑄮𑄃𑄨 𑄘𑄧𑄃𑄨𑄝𑄧𑄣𑄝𑄮 𑄃𑄨𑄘𑄬𑄣𑄣𑄱 𑄖 𑄇𑄬𑄠𑄬𑄖𑄴 𑄣𑄉𑄨 𑄃𑄬𑄇𑄴𑄈𑄚𑄴 𑄓𑄪𑄠𑄧 𑄞𑄋𑄨 𑄉𑄬𑄣𑄧।",Past
মুরগির কোনো দোল নেই,𑄇𑄧𑄝𑄝𑄮𑄢𑄴 𑄇𑄧𑄚𑄧 𑄘𑄬𑄉 𑄚𑄬𑄃𑄨 𑄃𑄢𑄴।,Present
কেকটা রাত সমে বািতে নামল,𑄇𑄳𑄦𑄧𑄍𑄧𑄝𑄮 𑄇𑄧𑄚𑄧 𑄝𑄝𑄧𑄘𑄬 𑄢𑄬𑄖𑄴 𑄥𑄧𑄁𑄞𑄉𑄧𑄖𑄴 𑄊𑄧𑄢𑄧𑄖𑄴 𑄣𑄪𑄟𑄨𑄣𑄧𑄉𑄧𑄃𑄨।,Past
সে তার মাের সাথে কথা না বলে কথা বলতে পারে,𑄖𑄳𑄦𑄬 𑄖 𑄟 𑄇𑄧𑄠𑄴𑄘𑄬 𑄝𑄧𑄢𑄴𑄎𑄧𑄚𑄧 𑄇𑄧𑄙 𑄚𑄧-𑄥𑄪𑄚𑄨 𑄝𑄨𑄝𑄧𑄘𑄧𑄖𑄴 𑄛𑄧𑄢𑄨 𑄛𑄠𑄴।,Present
"পর ভালো, পর ভালো",𑄛𑄧𑄢𑄴 𑄞𑄣𑄬𑄖𑄴,Present
এই গ্রামে এক যুবক অনেক কাজ করে,𑄃𑄬 𑄃𑄘𑄟𑄧𑄖𑄴 𑄃𑄬𑄇𑄴 𑄉𑄝𑄪𑄎𑄳𑄠 𑄝𑄚𑄳𑄦 𑄟𑄚𑄴𑄎𑄳𑄠𑄧𑄢𑄴 𑄞𑄣𑄬𑄘𑄴 𑄇𑄟𑄴 𑄉𑄧𑄢𑄬।,Present
.খাওার কোনো কাজ নেই,𑄈𑄣𑄨𑄇𑄴 𑄚𑄨𑄎𑄧 𑄞𑄣𑄬𑄘𑄨𑄢𑄴 𑄇𑄧𑄚𑄧 𑄇𑄟𑄧𑄖𑄴 𑄚𑄬𑄃𑄨।,Present
বাির মািে তাকে কোনো কাজ করতে দে না,𑄊𑄧𑄢𑄧 𑄟𑄚𑄴𑄎𑄳𑄠𑄬 𑄖𑄢𑄬 𑄊𑄧𑄢𑄧𑄢𑄴 𑄇𑄧𑄚𑄧 𑄇𑄟𑄧𑄖𑄴 𑄚𑄧-𑄛𑄚𑄴।,Present
সে বাির মানুষরা তার উপর ভর দিে থাকে,𑄥𑄬𑄚𑄬 𑄊𑄧𑄢𑄧 𑄟𑄚𑄪𑄌𑄴𑄌𑄪𑄚𑄬 𑄖 𑄃𑄳𑄟𑄪𑄪𑄢𑄬 𑄪𑄟𑄪𑄎𑄳𑄠 𑄉𑄧𑄢𑄨 𑄗𑄚।,Present
সে ভালো হবে নাকি খোঁজ নেওা শুরু করল,𑄥𑄬𑄚𑄬 𑄖𑄬 𑄞𑄣𑄬𑄘𑄴 𑄦𑄧𑄝𑄖𑄳𑄠𑄬 𑄈𑄧𑄘 𑄖𑄧𑄉 𑄣𑄟𑄨𑄣𑄧।,Past
. যেতে যেতে এক বািে তিন ভাই একসাথে আমাদের ধনগুলো ভাগ করে না-পেে দো,𑄡𑄘𑄬 𑄡𑄘𑄬 𑄃𑄬𑄇𑄴 𑄊𑄧𑄢𑄧𑄖𑄴 𑄖𑄨𑄚𑄴 𑄞𑄬𑄃𑄨𑄠𑄬 𑄝𑄝𑄧𑄘𑄨𑄚𑄳𑄠 𑄌𑄬𑄢𑄴 𑄇𑄪𑄘𑄨 𑄙𑄧𑄚𑄴 𑄞𑄉𑄴 𑄉𑄧𑄢𑄨 𑄚𑄧-𑄛𑄖𑄴𑄧𑄚𑄴 𑄉𑄝𑄪𑄎𑄳𑄠𑄝𑄱𑄢𑄬 𑄇𑄧𑄣𑄇𑄴 𑄖𑄪𑄃𑄨 𑄡𑄬𑄇𑄬𑄴 𑄈𑄧𑄘 𑄖𑄧𑄉 𑄡𑄧𑄢𑄴 𑄃𑄟𑄳𑄦 𑄙𑄧𑄚𑄚𑄨 𑄇𑄬𑄚𑄬 𑄞𑄉𑄴 𑄉𑄧𑄢𑄨𑄝𑄧𑄁 𑄃𑄬𑄇𑄬𑄴𑄚 𑄈𑄧𑄘𑄝𑄱𑄖𑄴𑄪𑄚𑄴 𑄛𑄪𑄏𑄮𑄢𑄴 𑄉𑄧𑄢𑄨 𑄘𑄨𑄌𑄴।,Present
সেখান থেকে যেতে যেতে রাজঘরটা একটা লাগবে,𑄥𑄨𑄖𑄴𑄪𑄚𑄴 𑄡𑄘𑄬 𑄡𑄘𑄬 𑄢𑄎𑄴𑄊𑄧𑄢𑄴 𑄃𑄬𑄇𑄴𑄈𑄚𑄴 𑄣𑄉𑄧𑄖𑄴 𑄛𑄬𑄣𑄧𑄉𑄮𑄃𑄨।,Future
রাজা তাকে কল খোল করলে আমার পাকা দাঁতগুলো ভেঙে যা না,𑄢𑄎 𑄖𑄢𑄬 𑄇𑄧𑄣𑄧 𑄈𑄧𑄘𑄝𑄱 𑄣𑄉𑄧𑄖𑄴 𑄛𑄬𑄣𑄬 𑄛𑄪𑄏𑄮𑄢𑄴 𑄉𑄧𑄢𑄨 𑄘𑄨𑄌𑄴 𑄟𑄧 𑄛𑄇𑄴𑄇 𑄘𑄧𑄉𑄚𑄚𑄴 𑄇𑄨𑄉𑄧𑄣𑄳𑄠𑄬 𑄞𑄋𑄨 𑄚𑄧 𑄡𑄬𑄝𑄧।,Present
সে আসতে যেতে একটা কানের হেতে লাগলো,𑄖𑄬 𑄃 𑄡𑄘𑄬 𑄡𑄘𑄬 𑄃𑄬𑄇𑄴𑄇𑄱 𑄇𑄚𑄴 𑄦𑄬𑄃𑄨𑄖𑄴 𑄣𑄉𑄧𑄖𑄴 𑄛𑄬𑄣𑄧𑄉𑄮𑄃𑄨।,Past
"সে তাকে বলল,ও ভাই গর্ত থেকে বের হে এসো আমার চোখগুলো কেন ঝাপসা হে যাবে","𑄦𑄬𑄃𑄨𑄖𑄴𑄖𑄱 𑄖𑄢𑄬 𑄇𑄧𑄣𑄧, 𑄃𑄮 𑄞𑄃𑄨 𑄈𑄧𑄘𑄝𑄱𑄖𑄴𑄪𑄚𑄴 𑄛𑄪𑄏𑄮𑄢𑄴 𑄉𑄧𑄢𑄨 𑄘𑄨𑄌𑄴 𑄟𑄧 𑄌𑄮𑄇𑄴𑄈𑄪𑄚𑄴 𑄇𑄬𑄚𑄬 𑄛𑄳𑄦𑄧𑄢𑄴 𑄦𑄧𑄝𑄇𑄴।",Future
".গািটা যেতে যেতে কথা গুলো মনে পে,পাহাটা ধরে তিন ভাগ করে ধন ভাগ করা, সে রাজার সাথে কথা বলতে বলতে চোখ বন্ধ করে দিল","𑄉𑄝𑄪𑄎𑄳𑄠𑄝𑄱 𑄡𑄘𑄬 𑄡𑄘𑄬 𑄈𑄧𑄘𑄝𑄱 𑄣𑄉𑄧𑄖𑄴 𑄛𑄬𑄃𑄨, 𑄛𑄧𑄣𑄳𑄠𑄖𑄴𑄪𑄚𑄴 𑄙𑄧𑄢𑄨 𑄃𑄉𑄬 𑄖𑄨𑄚𑄴 𑄞𑄬𑄃𑄨𑄠𑄧𑄢𑄴 𑄙𑄧𑄚𑄴 𑄞𑄉𑄴 𑄉𑄧𑄢𑄚, 𑄖𑄳𑄦𑄬 𑄢𑄎𑄢𑄴 𑄘𑄧𑄉𑄚𑄧 𑄇𑄧𑄙 𑄃 𑄦𑄬𑄃𑄨𑄖𑄴𑄖𑄱 𑄌𑄮𑄇𑄴 𑄛𑄳𑄦𑄧𑄢𑄴 𑄦𑄧𑄚 𑄇𑄧𑄙 𑄇𑄮𑄃𑄨 𑄛𑄪𑄢𑄬𑄃𑄨 𑄈𑄧𑄘𑄝𑄱 𑄖𑄨𑄚𑄚𑄴 𑄛𑄪𑄏𑄮𑄢𑄧 𑄎𑄮𑄝𑄴 𑄘𑄨𑄚𑄬𑄃𑄨 𑄣𑄪𑄇𑄴 𑄘𑄨𑄣𑄧।",Past
ভগবান! পাহাের নিচ থেকে কেউ বের হ না,𑄈𑄧𑄘𑄠𑄴 𑄖𑄨𑄚𑄚𑄧𑄖𑄴𑄪𑄚𑄴 𑄝𑄬𑄥𑄴 𑄚𑄧-𑄈𑄧𑄚𑄴।,Present
"সে কত ব বািতে এক,দুই,তিন","𑄥𑄬𑄚𑄬 𑄇𑄧𑄚𑄴𑄘𑄬 𑄈𑄧𑄘 𑄊𑄧𑄢𑄧𑄖𑄴 𑄃𑄬𑄇𑄴, 𑄘𑄪𑄃𑄨, 𑄖𑄨𑄚𑄴।",Present
"যুবকটা ফিরে এসে তাকে বলল,ভগবান! বললে তোমার চোখগুলো সুন্দর হবে","𑄉𑄝𑄪𑄎𑄳𑄠𑄝𑄱 𑄜𑄨𑄢𑄨 𑄃𑄬𑄖𑄬𑄴 𑄦𑄬𑄖𑄴𑄖𑄱𑄢𑄬 𑄇𑄧𑄣𑄧, 𑄈𑄧𑄘 𑄇𑄧𑄃𑄨𑄠𑄬𑄘𑄬 𑄖𑄪𑄃𑄨 𑄃𑄬𑄇𑄴𑄇𑄱 𑄢𑄬𑄉 𑄘𑄨 𑄘𑄨𑄣𑄬 𑄖𑄧 𑄌𑄮𑄇𑄴𑄈𑄪𑄚𑄴 𑄛𑄳𑄦𑄧𑄢𑄴 𑄦𑄧𑄝𑄇𑄴।",Future
হাতির কলকি তুমি আমার জন্য সারাজীবন অপেক্ষা করো,𑄦𑄬𑄖𑄴𑄖𑄱 𑄇𑄧𑄣𑄧 𑄖𑄪𑄃𑄨 𑄟𑄧𑄢𑄬 𑄝𑄧𑄣𑄴𑄘𑄬 𑄟𑄪𑄃𑄨 𑄎𑄨𑄁𑄇𑄚𑄨𑄖𑄳𑄠𑄬 𑄖𑄧𑄢𑄴 𑄦𑄮𑄟𑄴।,Present
হাতির গািটা শুধু এদিক সেদিক দৌাচ্ছে,𑄦𑄬𑄖𑄴𑄖𑄮 𑄉𑄝𑄪𑄎𑄳𑄠𑄝𑄱 𑄝𑄧𑄣𑄬 𑄢𑄬𑄉𑄝𑄱 𑄘𑄨𑄚𑄬𑄃𑄨 𑄌𑄮𑄉𑄬𑄘𑄨 𑄘𑄬𑄉𑄬।,Present
গািটা পাখানা করে ফিরে,𑄉𑄝𑄪𑄎𑄳𑄠 𑄦𑄬𑄘𑄮 𑄜𑄨𑄘𑄨𑄖𑄴 𑄉𑄧𑄢𑄨 𑄜𑄨𑄢𑄬𑄢𑄴।,Present
"রাজার সাথে আমার কথা কি বলে, রাজার সাথে কথা বলে,তার সাথে একটা ছোট ঝি আছে","𑄢𑄎 𑄖𑄢𑄬 𑄈𑄧𑄘𑄝𑄮𑄃𑄨 𑄟𑄧 𑄘𑄧𑄉𑄚𑄧 𑄇𑄧𑄙 𑄇𑄨 𑄇𑄧𑄣𑄧, 𑄢𑄎𑄢𑄬 𑄇𑄧𑄣𑄧, 𑄖𑄧𑄖𑄴𑄪𑄚𑄴 𑄃𑄬𑄇𑄴𑄇𑄱 𑄉𑄝𑄪𑄢𑄴 𑄏𑄨 𑄃𑄊𑄬।",Present
মেেটা ব দিনে তোমার পাশে থাকবে,𑄏𑄨𑄝𑄱 𑄝𑄮 𑄘𑄨𑄚𑄬 𑄖𑄧 𑄘𑄧𑄉𑄚𑄴 𑄗𑄬𑄝𑄧।,Future
রাজা দেরি না করে তার মেেকে বোটা দিল,𑄢𑄎 𑄘𑄬𑄢𑄨 𑄚𑄧-𑄉𑄧𑄢𑄨 𑄉𑄝𑄪𑄎𑄳𑄠𑄖𑄳𑄠𑄬 𑄖 𑄏𑄨𑄝𑄱 𑄝𑄮 𑄘𑄨𑄣𑄧।,Past
পাহাের পাশ দিে বই নিে সে তিন বোই করে,𑄦𑄬𑄘𑄮 𑄜𑄨𑄘𑄨𑄖𑄴 𑄉𑄧𑄢𑄨 𑄝𑄮 𑄣𑄧𑄃𑄨 𑄃𑄬𑄖𑄬𑄴 𑄘𑄬𑄚𑄬𑄃𑄨 𑄖𑄨𑄚𑄴 𑄞𑄬𑄃𑄨𑄠𑄬 𑄈𑄪𑄏𑄨।,Present
"কলা খাওাটা আমাদের কথা কি বলে,কলা খাওাটা আমাদেরকে তিন ভাগ করে এক ভাগ করে দিচ্ছে","𑄇𑄧𑄣𑄇𑄴 𑄈𑄧𑄘𑄝𑄱 𑄃𑄟 𑄇𑄧𑄙 𑄇𑄨 𑄇𑄧𑄣𑄧, 𑄈𑄧𑄘𑄝𑄱 𑄖𑄧𑄟𑄢𑄬 𑄇𑄧𑄃𑄨𑄠𑄬𑄘𑄬 𑄖𑄨𑄚𑄴 𑄞𑄬𑄃𑄨𑄠𑄬 𑄃𑄬𑄇𑄴 𑄇𑄪𑄘𑄨 𑄉𑄧𑄢𑄨 𑄞𑄉𑄴 𑄉𑄧𑄢𑄨 𑄃𑄬𑄇𑄴 𑄇𑄪𑄘𑄨 𑄝𑄝 𑄚𑄋𑄬 𑄙𑄚𑄴 𑄉𑄧𑄢𑄨 𑄘𑄨𑄝𑄖𑄳𑄠𑄬।",Present
তিন ভাই এক কেজি ধন তাকে দিল,𑄖𑄨𑄚𑄴 𑄞𑄬𑄃𑄨𑄠𑄬 𑄃𑄬𑄇𑄴 𑄇𑄪𑄘𑄨 𑄙𑄧𑄚𑄴 𑄝𑄝 𑄚𑄋𑄬 𑄖𑄢𑄬 𑄘𑄨𑄣𑄇𑄴।,Past
".এটাকে বলে,যেটা পার ভালো,ভগবান করে তার ভালো","𑄃𑄨𑄠𑄚𑄧𑄢𑄬 𑄇𑄧𑄠𑄴𑄘𑄬, 𑄡𑄬 𑄉𑄧𑄢𑄬 𑄛𑄧𑄢𑄧𑄢𑄴 𑄞𑄣, 𑄞𑄧𑄉𑄧𑄝𑄚𑄬 𑄉𑄧𑄢𑄬 𑄖𑄢𑄴 𑄞𑄣।",Present
সে তার নাম হলো পর ভালো,𑄥𑄬𑄚𑄧𑄖𑄳𑄠𑄬 𑄖 𑄚𑄋𑄴 𑄦𑄧𑄣𑄧 𑄛𑄧𑄢𑄴 𑄞𑄣𑄬𑄖𑄴।,Present
.নামে মাত্র বৈদ্য,𑄚𑄋𑄬 𑄑𑄋𑄬 𑄝𑄰𑄘𑄳𑄠𑄧 𑄞𑄬𑄃𑄨,Present
এক গ্রামের একজন গিরাপুে বই নিে আসছে,𑄃𑄬𑄇𑄴 𑄃𑄘𑄟𑄧𑄢𑄴 𑄃𑄬𑄇𑄴𑄇𑄱 𑄉𑄨𑄢𑄮𑄎𑄬 𑄛𑄪𑄠𑄧𑄖𑄳𑄠𑄬 𑄝𑄮 𑄃𑄚𑄬𑄢𑄴।,Present
ব ব ব জিনিস যা দিে বািে দৌাদৌি করবে আমার বািতে,𑄝𑄮 𑄈𑄧𑄎 𑄡𑄬𑄃𑄨𑄠 𑄝𑄮 𑄝𑄢𑄬𑄃𑄨 𑄘𑄨𑄠 𑄃 𑄃𑄘𑄟𑄳𑄠 𑄟𑄧𑄠𑄴 𑄟𑄪𑄢𑄪𑄝𑄴𑄝𑄨 𑄟𑄨𑄣𑄨 𑄉𑄨𑄢𑄮𑄌𑄱 𑄊𑄧𑄢𑄧𑄖𑄴 𑄈𑄧𑄣𑄧𑄢𑄧𑄝𑄧।,Future
গর্ব করে গর্বের সাথে পিঠা খাওা,𑄉𑄧𑄢𑄴𑄝 𑄉𑄧𑄢𑄴𑄝𑄨 𑄛𑄨𑄘𑄬 𑄈𑄝𑄘𑄧𑄚𑄴।,Present
"সেখানে ছেলেরা,পিঁপাতে মেেরা পিঁিে খাচ্ছে","𑄥𑄨𑄋𑄴𑄉𑄮𑄝𑄖𑄴 𑄟𑄧𑄢𑄧𑄖𑄴𑄪𑄚𑄴, 𑄛𑄨𑄎𑄮𑄢𑄧𑄖𑄴 𑄟𑄨𑄣𑄬𑄃𑄪𑄚𑄬 𑄛𑄨𑄘𑄬 𑄈𑄘𑄧𑄚𑄴।",Present
কিছুক্ষণ পর পর মেেটা পাছা দিে তাকে খেে নিে যা,𑄈𑄇𑄴𑄧𑄚𑄴 𑄝𑄘𑄬 𑄳𑄟𑄪𑄘𑄨 𑄞𑄨𑄘𑄨𑄢𑄬 𑄝𑄮𑄝𑄮 𑄚𑄧𑄚𑄴𑄚𑄱 𑄛𑄨𑄘𑄬 𑄛𑄪𑄢𑄨 𑄃𑄬𑄇𑄴𑄇𑄱 𑄗𑄣𑄧𑄖𑄴 𑄉𑄧𑄢𑄨 𑄖-𑄝𑄪𑄎𑄨𑄢𑄬 𑄈𑄝𑄬𑄝𑄖𑄳𑄠𑄬 𑄚𑄬𑄡𑄬𑄠𑄬।,Present
তার বুঝে না ব অসুখ হেছে,𑄖‘ 𑄝𑄪𑄎𑄨 𑄚𑄪𑄠𑄧 𑄝𑄮 𑄈𑄬𑄘𑄧 𑄣𑄎𑄢𑄴।,Present
"সে কেকটা খাবে,সে কেকটা বুঝবে","𑄖𑄬 𑄇𑄧𑄠𑄴 𑄈𑄳𑄦 𑄝𑄬, 𑄖𑄬 𑄇𑄧𑄠𑄴 𑄈𑄳𑄦 𑄝𑄪𑄎𑄨।",Future
.নতুন বোাটা লজ্জা করে স্যাঁতসেঁতে করে মাথা দিল,𑄚𑄪𑄠𑄧 𑄝𑄮𑄝𑄱 𑄣𑄎𑄬𑄃𑄨 𑄣𑄎𑄬𑄃𑄨 𑄥𑄚𑄳𑄠 𑄛𑄨𑄘𑄬 𑄃𑄬𑄇𑄴𑄇𑄱 𑄟𑄪𑄠𑄧𑄖𑄴 𑄘𑄨𑄣𑄧।,Past
সাা বাতাসটা গরম গরম মুখে পেছে,𑄥𑄚𑄳𑄠 𑄛𑄨𑄘𑄬𑄝𑄱 𑄉𑄧𑄢𑄧𑄟𑄴 𑄉𑄧𑄢𑄧𑄟𑄴 𑄟𑄪𑄠𑄧𑄖𑄴 𑄞𑄮𑄢𑄬𑄠𑄬।,Present
"গরমে মুখে রাগ করতে পারে না, পাইলে পারে না","𑄉𑄧𑄢𑄧𑄟𑄬 𑄟𑄪𑄠𑄧𑄖𑄴 𑄢𑄉𑄬𑄠𑄧 𑄚𑄧-𑄛𑄢𑄬𑄢𑄴, 𑄛𑄬𑄣𑄬𑄠𑄧 𑄚𑄧-𑄛𑄢𑄬𑄢𑄴।",Present
সে সু সু করে পাইপটা লুকিে লুকিে গিে গেল,𑄥𑄬𑄚𑄬 𑄎𑄪𑄥𑄴 𑄉𑄧𑄢𑄨 𑄛𑄨𑄘𑄬𑄝𑄱 𑄟𑄪𑄢𑄬 𑄟𑄪𑄢𑄬 𑄉𑄨𑄣𑄴𑄣𑄬𑄉𑄧𑄃𑄨।,Past
পাহাটা গিললে ব্যাথা করে,𑄛𑄨𑄘𑄬𑄝𑄱 𑄉𑄨𑄣𑄨 𑄝𑄌𑄬𑄴𑄉𑄧𑄃𑄨 𑄖𑄧𑄘𑄖𑄴।,Present
.নতুন বই গুলো খেক খেক করে,𑄚𑄪𑄠𑄧 𑄝𑄮𑄝𑄱 𑄈𑄬𑄇𑄴 𑄈𑄬𑄇𑄴 𑄉𑄧𑄢𑄬𑄢𑄴।,Present
চোখগুলো ব হেছে,𑄌𑄮𑄇𑄴𑄈𑄪𑄚𑄴 𑄃𑄳𑄟𑄪𑄪𑄘𑄧 𑄦𑄮𑄠𑄧𑄚𑄴।,Present
.নাক থেকে রক্ত পে যাবে,𑄚𑄪𑄠𑄧 𑄝𑄮 𑄟𑄧𑄢𑄨𑄝𑄬𑄢𑄴 𑄘𑄧𑄎।,Future
বৈদ্যদের খোঁজাখুজি,𑄝𑄰𑄘𑄳𑄠𑄠𑄢𑄬 𑄖𑄧𑄉𑄘𑄧𑄚𑄴।,Present
বৈদ্য নেই,𑄝𑄰𑄘𑄳𑄠𑄠 𑄚𑄬𑄃𑄨।,Present
৮১২৩. প্যান্ট বৈদ্যর মন্ত্রে মুরিে পে,𑄛𑄬𑄠𑄧𑄚𑄴 𑄝𑄰𑄘𑄳𑄠𑄠 𑄳𑄟𑄪𑄢𑄧 𑄞𑄬𑄃𑄨𑄝𑄱𑄢𑄬।,Present
তাকে ডাক্তার না নিে বৈদ্যর সাথে কথা বলতেছি আমি কিছুই পারিনা,𑄖𑄢𑄬 𑄓𑄉𑄧𑄘𑄧𑄚𑄴 𑄚𑄪𑄠𑄧 𑄝𑄮𑄝𑄮 𑄏𑄢𑄨𑄝𑄖𑄳𑄠𑄬 𑄝𑄰𑄘𑄳𑄠𑄠 𑄞𑄬𑄃𑄨𑄝𑄱 𑄇𑄧𑄠𑄴𑄘𑄬 𑄟𑄪𑄃𑄨 𑄇𑄨𑄌𑄴𑄌𑄪 𑄚𑄧 𑄛𑄢𑄧𑄋𑄴।,Present
সবাই না-পালা বৈদ্য,𑄥𑄧𑄝𑄃𑄨 𑄚𑄧-𑄛𑄣𑄳𑄠𑄬𑄠𑄧 𑄝𑄰𑄘𑄳𑄠 𑄞𑄬𑄃𑄨।,Present
.কিছু কুাকুা করতে পারবে,𑄇𑄨𑄌𑄪 𑄇𑄌𑄪 𑄛𑄢𑄨𑄝𑄬 𑄃𑄠𑄴।,Future
বৈদ্যটা বোইটা ছাে নিে আসলো,𑄝𑄰𑄘𑄳𑄠𑄠 𑄞𑄬𑄃𑄨𑄝𑄱 𑄍𑄢𑄨 𑄚𑄧-𑄛𑄖𑄬𑄴 𑄃𑄬𑄡 𑄛𑄧𑄣𑄴𑄧।,Past
.সে শুধু ব ব কথা বলতেছে,𑄖𑄳𑄦𑄬 𑄚𑄪𑄠𑄧 𑄝𑄮𑄝𑄱 𑄖𑄧𑄘𑄝𑄱 𑄟𑄧𑄣𑄨 𑄟𑄧𑄣𑄨 𑄏𑄢𑄬𑄢𑄴-,Present
.নামে মাত্র বৈদ্য ভাই,"𑄚𑄋𑄬 𑄑𑄋𑄬 𑄝𑄰𑄘𑄳𑄠 𑄞𑄬𑄃𑄨,",Present
.মনে হ মনের মতো কিছু নেই,"𑄳𑄟𑄪𑄚𑄬 𑄟𑄧𑄚𑄴𑄬𑄳𑄝𑄳𑄢 𑄇𑄨𑄌𑄴𑄌𑄪 𑄚𑄬𑄃𑄨,",Present
দাদা-দিদা আসলে বুঝবে,𑄘𑄘𑄳𑄦𑄃𑄬𑄣𑄬 𑄝𑄪𑄏𑄨𑄝𑄬।,Future
.এত ব ব জঙ্গল পাে পাে গেল,𑄃𑄨𑄋𑄨𑄢𑄨 𑄖𑄧𑄘 𑄟𑄧𑄣𑄨 𑄟𑄧𑄣𑄨 𑄏𑄢𑄧𑄘𑄬 𑄏𑄢𑄧𑄘𑄬 𑄛𑄨𑄘𑄬𑄝𑄱 𑄖𑄧𑄘𑄖𑄴𑄪𑄚𑄴 𑄍𑄧𑄢𑄬𑄃𑄨 𑄉𑄬𑄣𑄧।,Past
না বইটা মনে পতেছে,𑄚𑄪𑄠𑄧 𑄝𑄮𑄝𑄮 𑄛𑄧𑄢𑄚𑄬 𑄝𑄎𑄨𑄣𑄧।,Present
সে মানুষরা কেক হাজার হলে বৈদ্য হ,𑄖𑄳𑄦𑄬 𑄟𑄚𑄪𑄌𑄴𑄌𑄪𑄚𑄬 𑄇𑄧𑄚𑄴𑄘𑄬 𑄦𑄎𑄢𑄴 𑄦𑄮𑄣𑄬 𑄝𑄰𑄘𑄳𑄠 𑄞𑄬𑄃𑄨।,Present
তবুও মা-বাবা হয়নি এমন একটা ঝি,𑄖𑄧𑄗𑄛𑄨 𑄟-𑄝𑄝𑄧𑄢𑄴 𑄚𑄧𑄚𑄬𑄠 𑄃𑄬𑄇𑄴𑄇𑄱 𑄏𑄨।,Present
". তবুও মা-কুলের কাউকে সে দেখে না,সে মা-কুলের কাউকে সে দেখে না","𑄖𑄧𑄗𑄛𑄨 𑄟 𑄇𑄪𑄣𑄧𑄢𑄴 𑄇𑄢𑄧𑄢𑄬 𑄚𑄧-𑄘𑄬𑄊𑄬, 𑄥𑄬𑄚𑄧𑄖𑄳𑄠𑄬 𑄟-𑄇𑄪𑄣𑄧𑄢𑄴 𑄇𑄢𑄧𑄢𑄬 𑄖𑄬 𑄚𑄧-𑄌𑄨𑄚𑄬।",Present
এক দিন তবুও গাে গাি দিে বািতে খেলা হ,𑄃𑄬𑄇𑄴𑄘𑄨𑄚𑄴 𑄖𑄧𑄗𑄛𑄨 𑄉𑄠𑄴 𑄉𑄠𑄴 𑄊𑄧𑄢𑄧 𑄃𑄪𑄘𑄮𑄚𑄧𑄖𑄴 𑄈𑄢 𑄦𑄧𑄢𑄴।,Present
.সে রাস্তায় একজন বৃদ্ধলোক তার বািতে দাঁড়িয়ে আছে।,𑄦𑄬𑄚𑄴 𑄃𑄧𑄇𑄴𑄖𑄧𑄖𑄴 𑄃𑄬𑄇𑄴𑄇𑄱 𑄝𑄪𑄢𑄮 𑄟𑄚𑄪𑄌𑄴 𑄖𑄢𑄳𑄦 𑄊𑄧𑄢𑄧 𑄘𑄮𑄠𑄧𑄢𑄧𑄖𑄴 𑄗𑄨𑄠𑄬𑄣𑄧𑄉𑄨।,Present
"তবুও বুো মানুষটাকে ফিরে দেখে আসলাম,সে বাির ভিতরে তার মাকে বলে","𑄖𑄧𑄗𑄛𑄨 𑄝𑄪𑄢𑄮 𑄟𑄚𑄪𑄌𑄴𑄌𑄱𑄢𑄬 𑄜𑄨𑄢𑄬𑄃𑄨 𑄛𑄉𑄬𑄃𑄨 𑄌𑄬𑄣𑄧, 𑄖𑄳𑄦𑄬 𑄊𑄧𑄢𑄧 𑄞𑄨𑄘𑄨𑄢𑄬 𑄥𑄮𑄟𑄬𑄃𑄨 𑄖𑄟𑄴𑄟𑄢𑄬 𑄇𑄧𑄣𑄧𑄉𑄧𑄃𑄨।",Past
তার মা তাাতাি আসে তাাতাি,𑄖𑄟𑄴𑄟 𑄙𑄞𑄳𑄦 𑄃𑄬𑄚𑄬𑄃𑄨 𑄌𑄠𑄴𑄘𑄬 𑄖-𑄝𑄝𑄬।,Present
তার মা তোমাকে কল দিবে,𑄖𑄟𑄴𑄟 𑄖𑄧𑄗𑄛𑄨𑄢𑄬 𑄇𑄧𑄣𑄧 𑄃𑄨𑄝𑄬 𑄖𑄧𑄢𑄴 𑄃𑄎𑄪।,Future
"তার বাবা তাকে বলে,কি বেে আসবে আমি তোমার সাথে বসবো","𑄖 𑄃𑄎𑄪 𑄖𑄢𑄬 𑄇𑄧𑄣𑄧, 𑄇𑄨 𑄝𑄬𑄝𑄬 𑄃𑄬𑄌𑄳𑄠𑄬 𑄟𑄪𑄃𑄨 𑄖𑄧𑄃𑄨𑄙𑄪 𑄚𑄪𑄠𑄧 𑄉𑄧𑄢𑄴𑄝।",Future
". তবুও তার মা-চাচারা সবসম আাআি করে দেখতেছে যে, সে সাথে সাথে চলে গেল না",𑄖𑄧𑄗𑄛𑄨 𑄖 𑄟-𑄇𑄪𑄣𑄬𑄘𑄨 𑄃𑄎𑄪𑄢𑄬 𑄃𑄝𑄘 𑄉𑄧𑄢𑄨 𑄘𑄬𑄇𑄴𑄈𑄳𑄠𑄬 𑄞𑄨𑄣𑄨 𑄃𑄎𑄪 𑄣𑄧𑄉𑄬 𑄣𑄧𑄣𑄧𑄌𑄴-𑄛𑄧𑄣𑄧𑄌𑄴 𑄚𑄧𑄠𑄴।,Present
.বোতে বোতে থাকে,𑄝𑄬𑄢𑄧 𑄃𑄚𑄴𑄘𑄧𑄣𑄬 𑄃𑄚𑄴𑄘𑄧𑄣𑄬 𑄗𑄠𑄴।,Present
তার ভাতিজাকে দািে দিে,𑄖 𑄃𑄎𑄪 𑄖𑄧𑄗𑄛𑄨𑄢𑄬 𑄓𑄉𑄬।,Present
মুখে মুখে কথা বললে কেন কথা বলে,𑄟𑄪-𑄣𑄪𑄉𑄧 𑄝𑄬𑄢𑄧𑄃𑄚𑄴𑄘𑄧𑄣𑄬 𑄗𑄬𑄣𑄬 𑄇𑄬𑄚𑄬 𑄇𑄧𑄙 𑄇𑄧𑄝𑄧𑄋𑄴।,Present
সে তো আমার সাথে থাকে,𑄃𑄠𑄴 𑄝𑄬 𑄟𑄧-𑄇𑄪𑄢𑄬 𑄃𑄠𑄴।,Present
.তবুও জীবনে না-সৃষ্টে মুখে মুখে কথা বলে,𑄖𑄧𑄗𑄛𑄨 𑄎𑄨𑄝𑄧𑄚𑄧𑄖𑄴 𑄚𑄧-𑄥𑄪𑄚𑄬 𑄟𑄪-𑄣𑄪𑄉𑄧 𑄝𑄬𑄢𑄴 𑄃 𑄃𑄪𑄘𑄮𑄚𑄧𑄖𑄴 𑄗𑄇𑄬𑄴 𑄃𑄎𑄪 𑄇𑄧𑄣𑄧𑄘𑄬 𑄚𑄪𑄠𑄧 𑄉𑄧𑄢𑄴𑄝।,Present
. তবুও লাজে লাজে আু কাটলো,𑄖𑄧𑄗𑄛𑄨 𑄣𑄎𑄬𑄃𑄨 𑄣𑄎𑄬𑄃𑄨 𑄃𑄎𑄪 𑄇𑄠𑄴 𑄃𑄬𑄣𑄧।,Past
আজ তো কল দিে তোমাদের উপরে দৌে আসলাম,"𑄃𑄎𑄪 𑄃 𑄇𑄧𑄣𑄧, 𑄖𑄧𑄟𑄳𑄦 𑄃𑄪𑄘𑄮𑄚𑄧𑄖𑄴 𑄃𑄧𑄞𑄬𑄘𑄧𑄢𑄴 𑄥𑄝𑄢𑄁 𑄘𑄬𑄣𑄪𑄋𑄴।",Past
তবুও আু এই কথাগুলো বোঝে না,𑄖𑄧𑄗𑄛𑄨 𑄃𑄎𑄪𑄢𑄴 𑄃𑄬 𑄇𑄧𑄙𑄚𑄨 𑄚𑄧-𑄝𑄪𑄏𑄬।,Present
মনে মনে এই কথাগুলো বলতে হবে,𑄟𑄧𑄚𑄬 𑄟𑄧𑄚𑄬 𑄞𑄝𑄬 𑄟𑄟𑄳𑄦𑄖𑄴𑄪𑄚𑄴 𑄃𑄎𑄪𑄢𑄴 𑄃𑄬 𑄇𑄧𑄙𑄚𑄨 𑄛𑄪𑄏𑄮𑄢𑄴 𑄉𑄧𑄢 𑄛𑄧𑄢𑄨𑄝𑄧।,Future
"কিছুক্ষণ পর,একটু পরে,আমার মাথা-আটি এনে দাও",𑄈𑄇𑄧𑄴𑄚𑄴 𑄝𑄘𑄬 𑄃𑄎𑄪 𑄖𑄧𑄗𑄛𑄨𑄢𑄬 𑄇𑄧𑄖𑄬𑄴 𑄝𑄬𑄝𑄬 𑄃𑄨𑄎𑄮𑄢𑄧𑄖𑄴𑄪𑄚𑄴 𑄟𑄧-𑄃𑄙-𑄃𑄖𑄴𑄨𑄋𑄴𑄋𑄱 𑄃𑄚𑄨 𑄘𑄬।,Present
তবুও সে সকাল থেকে ছটফট করতেছে কেন?,𑄖𑄧𑄗𑄛𑄨 𑄃𑄎𑄪𑄖𑄴𑄪𑄚𑄴 𑄛𑄪𑄏𑄮𑄢𑄴 𑄉𑄧𑄢𑄬 𑄥𑄨𑄝𑄬 𑄇𑄨 𑄃𑄎𑄪?,Present
.আবোল তাবোল তাকে তাাতাি বের করে দিল,𑄃𑄎𑄪 𑄖𑄧𑄗𑄛𑄨𑄢𑄬 𑄃𑄨𑄎𑄮𑄢𑄧𑄖𑄴 𑄚𑄨𑄚𑄬𑄃𑄨 𑄘𑄬𑄉𑄬𑄃𑄨 𑄘𑄨𑄣𑄧𑄉𑄧𑄃𑄨।,Past
সে তবুও আধা আতিঁা চিনে,𑄥𑄬𑄚𑄬 𑄖𑄧𑄗𑄛𑄨 𑄃𑄙 𑄃𑄖𑄴𑄨𑄋𑄴 𑄌𑄨𑄚𑄨 𑄛𑄣𑄳𑄠𑄧।,Present
আধা হাত দিে হাত বলা,𑄃𑄙𑄃𑄖𑄴𑄨𑄋𑄴 𑄦𑄧𑄣𑄧𑄘𑄬 𑄦𑄖𑄴 𑄝𑄧𑄣 𑄉𑄧𑄚𑄴𑄎𑄨।,Present
"জুে থাকলেও তার মা থেকে ব ব ব ভে ব হেছে,আমি তার সাথে থাকবো","𑄎𑄪𑄛𑄬𑄃𑄨 𑄖𑄧𑄗𑄛𑄨 𑄖𑄟𑄴𑄟𑄖𑄴𑄪𑄚𑄴 𑄛𑄪𑄏𑄮𑄢𑄴 𑄉𑄧𑄣𑄳𑄠𑄧 𑄉𑄧𑄢𑄴𑄝, 𑄟𑄪-𑄣𑄪𑄉𑄧𑄝𑄬𑄢𑄴, 𑄃𑄧𑄞𑄬𑄘𑄧𑄢𑄴।",Future
"তার মা তাকে একটু একটু করে বলে,বিালের খেলা আসলে তাকে বলে পাহাের বো","𑄖𑄟𑄴𑄟 𑄖𑄧𑄗𑄛𑄨𑄢𑄬 𑄃𑄬𑄇𑄴 𑄃𑄬𑄇𑄴 𑄉𑄧𑄢𑄨 𑄇𑄧𑄣𑄧, 𑄝𑄢𑄧𑄢𑄴 𑄇𑄨𑄠𑄬 𑄝𑄬𑄢𑄬𑄝𑄖𑄳𑄠𑄬 𑄃𑄬𑄣𑄬 𑄖𑄢𑄬 𑄇𑄧𑄚𑄴 𑄉𑄧𑄢𑄴𑄝, 𑄥𑄨𑄋𑄴𑄉𑄱𑄝 𑄌𑄚 𑄃 𑄛𑄨𑄎𑄮𑄢𑄮 𑄌𑄚𑄢𑄴 𑄟𑄧𑄙𑄳𑄠𑄬𑄧 𑄡𑄬 𑄝𑄬𑄢𑄉𑄚𑄴 𑄗𑄠𑄴 𑄥𑄨𑄠𑄬𑄚𑄧𑄢𑄬 𑄇𑄧𑄠𑄴 𑄟𑄪-𑄣𑄪𑄉𑄧 𑄝𑄬𑄢𑄴।",Present
আাআিভাবে কোন কিছু বেে গেলে কেকটা হবে,𑄃 𑄃𑄞𑄬𑄘𑄧𑄢𑄴 𑄦𑄧𑄣𑄧𑄘𑄬 𑄇𑄧𑄚𑄧 𑄎𑄨𑄚𑄨𑄥𑄴 𑄝𑄬𑄥𑄴 𑄦𑄧𑄣𑄬 𑄇𑄧𑄚𑄴𑄘𑄬 𑄃𑄧𑄞𑄬𑄘𑄧𑄢𑄴।,Future
এখানে তবুও ভালুকগুলো মাছ ধরছে,𑄃𑄨𑄋𑄨𑄢𑄨 𑄖𑄧𑄗𑄛𑄨 𑄞𑄣𑄪𑄇𑄴𑄈𑄪𑄚𑄴 𑄟𑄖𑄴 𑄥𑄨𑄊𑄨𑄣𑄧।,Present
.ফুলপুরি,𑄜𑄪𑄣𑄴𑄛𑄧𑄢𑄨 . . . . . . . . . . . . . . . . . . . . . . . . . . . . . . . . . . . . . . . . . . . . . 𑄺,Present
রোংটাভুি,𑄢𑄮𑄋𑄳𑄠𑄞𑄪𑄖𑄴 . . . . . . . . . . . . . . . . . . . . . . . . . . . . . . . . . . . . . . . . . . . . . 𑄽,Present
.শিউলি নাঙে এক রাজার ঝি,𑄥𑄨𑄃𑄪𑄣𑄨 𑄚𑄋𑄬 𑄃𑄬𑄇𑄴 𑄢𑄎𑄢𑄴 𑄏𑄨 . . . . . . . . . . . . . . . . . . . . . . . . . . . .𑄷𑄶,Present
.এককগা করে থাকবো।,𑄃𑄬𑄇𑄴 𑄇𑄮𑄉𑄬𑄠 𑄉𑄧𑄢𑄨 𑄘𑄧𑄣𑄨 𑄗𑄳𑄟𑄪𑄠 . . . . . . . . . . . . . . . . . . . . . . . . . 𑄷𑄹,Future
কচ্ছপটা তািে দেওা,𑄘𑄪𑄢𑄴𑄝𑄮 𑄃 𑄥𑄨𑄠𑄣𑄳𑄠 . . . . . . . . . . . . . . . . . . . . . . . . . . . . . . . . . . . . 𑄷𑄼,Present
.পানির জীবন পানির মরণ,𑄛𑄚𑄨 𑄎𑄨𑄝𑄧𑄚𑄴 𑄛𑄚𑄨 𑄟𑄧𑄢𑄧𑄚𑄴 . . . . . . . . . . . . . . . . . . . . . . . . . . . . . . . 𑄷𑄿,Present
এক জাতী ফুল,𑄜𑄪𑄣𑄴𑄛𑄧𑄢𑄨,Present
সুন্দর একটা গ্রাম,𑄘𑄮𑄣𑄴 𑄃𑄬𑄇𑄴𑄈𑄚𑄴 𑄃𑄘𑄟𑄴।,Present
গ্রামের পাশ দিে একটা পথ দিে গেছে,𑄃𑄘𑄟𑄧 𑄙𑄇𑄴𑄊𑄎𑄨 𑄃𑄬𑄇𑄴𑄈𑄚𑄴 𑄝𑄧𑄢𑄴𑄉𑄋𑄴 𑄦𑄘𑄨 𑄡𑄬𑄃𑄨𑄠𑄬।,Present
বস পাে একটা স্কুল,𑄝𑄧𑄢𑄴𑄉𑄋𑄧 𑄛𑄢𑄧𑄖𑄴 𑄃𑄬𑄇𑄴𑄈𑄚𑄴 𑄃𑄨𑄇𑄴𑄪𑄣𑄴।,Present
গাঙের পারে এক জাতী পদ,𑄉𑄋𑄧 𑄛𑄢𑄬𑄘𑄨 𑄃𑄨𑄇𑄴𑄪𑄣𑄧 𑄛𑄧𑄘𑄴।,Present
এক জাতী ফুল,𑄛𑄧𑄘𑄧 𑄛𑄎𑄢𑄖𑄴 𑄇𑄨𑄌𑄴𑄌𑄪𑄚𑄧 𑄜𑄪𑄣𑄧 𑄉𑄌𑄴।,Present
গ্রামের একটা ছোট মেে আছে,𑄃𑄘𑄟𑄧𑄖𑄴 𑄃𑄬𑄇𑄴𑄇𑄱 𑄌𑄨𑄉𑄮𑄚𑄴 𑄟𑄨𑄣𑄬 𑄍𑄧।,Present
নািভুি,𑄚𑄋𑄚𑄴 𑄟𑄨𑄖𑄣𑄨।,Present
.মেেদের দিন শেষ করে স্কুলে যাওা,𑄟𑄨𑄖𑄣𑄨 𑄘𑄨𑄚𑄴 𑄝𑄦𑄚𑄬 𑄃𑄨𑄇𑄴𑄪𑄣𑄧𑄖𑄴 𑄡𑄠𑄴।,Present
"মন্ত্রের বই মাা, লেখা আছে","𑄟𑄧𑄚𑄴𑄘𑄨 𑄝𑄧𑄃𑄨 𑄟𑄘𑄃𑄨, 𑄣𑄬𑄊 𑄥𑄨𑄊𑄬।",Present
"দুপুর হলে সবাই গোসল করে, মজা করে","𑄘𑄨𑄝𑄪𑄎𑄳𑄠 𑄃𑄨𑄇𑄴𑄪𑄣𑄴 𑄘𑄨𑄝𑄮𑄢𑄴 𑄍𑄪𑄘𑄨 𑄦𑄧𑄣𑄬 𑄝𑄬𑄇𑄴𑄈𑄪𑄚𑄬 𑄇𑄨𑄎𑄨𑄇𑄴 𑄇𑄎𑄇𑄴 𑄉𑄧𑄢𑄧𑄚𑄴, 𑄈𑄢 𑄦𑄧𑄚𑄴।",Present
এক পাশে কিছু চুরি করা গাছের শািে বসে আছে,𑄟𑄨𑄖𑄣𑄨 𑄃𑄬𑄇𑄴 𑄇𑄪𑄢𑄬 𑄇𑄨𑄌𑄴𑄌𑄪𑄚𑄧 𑄌𑄪𑄢 𑄉𑄏𑄧 𑄥𑄝𑄖𑄴 𑄡𑄬𑄃𑄨𑄚𑄬 𑄝𑄧𑄃𑄨 𑄟𑄘𑄠𑄮𑄃𑄨।,Present
এক জাতী ফুল গাছে থোকা থোকা ফুল,𑄇𑄨𑄌𑄴𑄌𑄪𑄚𑄧 𑄌𑄪𑄢 𑄜𑄪𑄣𑄴 𑄉𑄏𑄧𑄖𑄴 𑄗𑄪𑄛𑄴 𑄗𑄪𑄛𑄴 𑄜𑄪𑄣𑄴।,Present
.মেেটি বা মাির ফুলগুলো সুন্দর করে দেখতেছে,𑄟𑄨𑄖𑄣𑄨 𑄝𑄃𑄨 𑄟𑄘𑄃𑄨 𑄃 𑄜𑄪𑄣𑄪𑄚𑄴 𑄢𑄨𑄚𑄨 𑄌𑄃𑄨।,Present
.মেেটা এই রাস্তায় একটা সুন্দর মেে আছে।,𑄟𑄨𑄖𑄣𑄨 𑄃𑄬𑄚𑄴 𑄃𑄧𑄇𑄴𑄖𑄧𑄖𑄴 𑄘𑄬𑄣𑄧 𑄃𑄬𑄇𑄴𑄇𑄱 𑄘𑄮𑄣𑄴 𑄟𑄨𑄣𑄬 𑄍𑄧।,Present
শীলে ছানো মিতালিকে মা,𑄥𑄨𑄣𑄬 𑄍𑄧𑄝𑄮 𑄟𑄨𑄖𑄣𑄨𑄢𑄬 𑄟𑄘𑄢𑄴।,Present
তোমার নাম কি?,𑄖𑄧 𑄚𑄋𑄴 𑄇𑄨?,Present
"তার নািটা দৌাদৌি করতেছে, গাছের এক মেে তার নািটা দিল","𑄟𑄨𑄖𑄣𑄨 𑄖 𑄚𑄋𑄚𑄴 𑄘𑄨𑄝𑄬𑄢𑄴 𑄃𑄉𑄧𑄘𑄨, 𑄉𑄏𑄧 𑄃𑄳𑄟𑄪𑄪𑄢𑄧 𑄟𑄨𑄣𑄬 𑄍𑄧𑄝𑄮 𑄖 𑄚𑄋𑄚𑄴 𑄘𑄨𑄣𑄧।",Past
.ফুল পরী,𑄜𑄪𑄣𑄴 𑄛𑄧𑄢𑄨।,Present
যে পাহাের মাটি দিে পাহাে যোগা,𑄡𑄬 𑄟𑄧𑄚𑄴𑄘𑄨 𑄣𑄬𑄊 𑄟𑄘𑄃𑄨 𑄟𑄪𑄃𑄨 𑄖𑄢𑄴𑄣𑄧𑄃𑄨 𑄝𑄧𑄚𑄴 𑄎𑄪𑄢𑄧𑄋𑄴।,Present
.মেেটি ছেলে ঘোমটা পে একটি ঘরের মধ্যে ঢুকে গেল।,𑄟𑄨𑄖𑄣𑄨 𑄘𑄨𑄝𑄮𑄢𑄴 𑄍𑄪𑄘𑄨 𑄛𑄪𑄢𑄬𑄃𑄨 𑄃𑄨𑄇𑄴𑄪𑄣𑄧 𑄞𑄨𑄘𑄨𑄢𑄬 𑄉𑄬𑄣𑄧।,Past
তার গ্রামের মানুষদের ফুলের কথা বলে,𑄖-𑄥𑄧𑄟𑄎𑄳𑄠𑄃𑄪𑄚𑄧𑄢𑄬 𑄜𑄪𑄣𑄴𑄛𑄧𑄢𑄨 𑄇𑄧𑄙 𑄇𑄧𑄣𑄧𑄉𑄧𑄃𑄨।,Present
.ছেলেরা ছোট বলে সবাই ফুল পতেছে,𑄃𑄨𑄇𑄴𑄪𑄣𑄴 𑄍𑄪𑄘𑄨 𑄦𑄮𑄃𑄨𑄚𑄬 𑄟𑄨𑄖𑄣𑄨 𑄥𑄧𑄟𑄎𑄳𑄠𑄃𑄪𑄚𑄬 𑄏𑄇𑄴 𑄉𑄧𑄢𑄨 𑄜𑄪𑄣𑄴𑄛𑄧𑄢𑄨 𑄌𑄬𑄝𑄖𑄳𑄠𑄬 𑄃𑄬𑄣𑄇𑄴।,Present
খালিক তারা ফুল পে না,𑄈𑄣𑄨𑄇𑄴 𑄖𑄢 𑄜𑄪𑄣𑄴𑄛𑄧𑄢𑄨 𑄚𑄧 𑄘𑄬𑄉𑄧𑄚𑄴𑄘𑄨।,Present
.ফুলের মালার মধ্যে লুকিে লুকিে কথা বলে,𑄜𑄪𑄣𑄴𑄛𑄧𑄢𑄨 𑄜𑄪𑄣𑄧 𑄗𑄪𑄝𑄧 𑄥𑄬𑄢𑄬 𑄣𑄪𑄉𑄬𑄃𑄨 𑄣𑄪𑄉𑄬𑄃𑄨 𑄇𑄧𑄙 𑄇𑄧𑄠𑄴।,Present
"ক, যারা মন্দ কথা বলে তাদের সাথে সাথে কথা বলে","𑄇𑄧𑄠𑄴, 𑄡𑄢 𑄟𑄧𑄚𑄴𑄘𑄨 𑄣𑄬𑄊 𑄥𑄨𑄊𑄧𑄚𑄴, 𑄝𑄧𑄃𑄨 𑄟𑄘𑄚𑄴 𑄟𑄪𑄃𑄨 𑄖𑄢𑄢𑄴𑄣𑄧𑄃𑄨 𑄝𑄧𑄚𑄴 𑄎𑄪𑄢𑄧𑄋𑄴 𑄟𑄪𑄎𑄪𑄋𑄧-𑄟𑄪𑄎𑄪𑄋𑄨 𑄇𑄧𑄙 𑄇𑄧𑄋𑄴।",Present
"তোমরা দুইজন মিলে লিখো,বই মাা আমি তোমাদের এখানে দেখা দিবো","𑄖𑄪𑄟𑄨 𑄎𑄧𑄚𑄨 𑄟𑄧𑄚𑄴𑄘𑄨 𑄣𑄬𑄊 𑄥𑄨𑄊𑄧, 𑄝𑄧𑄃𑄨 𑄟𑄘𑄧 𑄟𑄪𑄃𑄨 𑄖𑄧𑄟𑄳𑄦 𑄃𑄨𑄙𑄪 𑄘𑄬𑄊 𑄘𑄨𑄟𑄴।",Future
"সেখান থেকে মিশিে আসা মানুষরা মিষ্টি কথা বলতেছে, লেখা বলতেছে","𑄥𑄨𑄖𑄴𑄪𑄚𑄴 𑄙𑄧𑄢𑄨 𑄟𑄨𑄖𑄣𑄨 𑄥𑄧𑄟𑄎𑄳𑄠𑄃𑄪𑄚𑄬 𑄟𑄧𑄚𑄴𑄘𑄨 𑄝𑄧𑄃𑄨 𑄟𑄘𑄚𑄴, 𑄣𑄬𑄊 𑄥𑄨𑄊𑄧𑄚𑄴।",Present
রোদ পোহানো,𑄢𑄮𑄋𑄳𑄠𑄞𑄪𑄖𑄴,Present
পুরনো আমল মানুষ কম আসতেছে,𑄛𑄪𑄢𑄮𑄚𑄴𑄘𑄨 𑄃𑄟𑄧𑄣𑄧𑄖𑄴 𑄟𑄚𑄪𑄌𑄴 𑄎𑄧𑄚𑄴 𑄇𑄧𑄟𑄴 𑄃𑄬𑄣𑄇𑄴।,Present
জঙ্গলের বো আসলো,𑄏𑄢𑄴 𑄝𑄬𑄥𑄴 𑄃𑄬𑄣𑄧।,Past
"যে জাগা মানুষ আসে না, সেই জাগা ভূত আসে","𑄡𑄬 𑄎𑄉𑄖𑄴 𑄟𑄚𑄪𑄌𑄴 𑄚𑄧 𑄃𑄬𑄣𑄇𑄴, 𑄥𑄬 𑄎𑄉𑄖𑄴 𑄞𑄪𑄖𑄴 𑄃𑄬𑄣𑄇𑄴।",Present
"ধীরে ধীরে মানুষ জঙ্গল কেটে জুম করতেছে,বাি তুলতেছে, সেই জাগা থেকে ভূতটা বের হে যাচ্ছে","𑄣𑄢𑄬 𑄣𑄢𑄬 𑄉𑄧𑄢𑄨 𑄟𑄚𑄪𑄌𑄴 𑄏𑄢𑄴 𑄇𑄝𑄨 𑄇𑄝𑄨 𑄎𑄪𑄟𑄴 𑄉𑄧𑄖𑄴𑄖𑄇𑄴, 𑄊𑄧𑄢𑄴 𑄖𑄪𑄣𑄨𑄘𑄇𑄴, 𑄥𑄬 𑄎𑄉𑄚𑄨𑄖𑄴𑄪𑄚𑄴 𑄞𑄪𑄖𑄴𑄪𑄚𑄴 𑄙𑄬𑄃𑄨 𑄡𑄬𑄘𑄇𑄴।",Present
এক জাতী গাছ,𑄈𑄣𑄨𑄇𑄴 𑄢𑄮𑄋𑄳𑄠 𑄞𑄪𑄖𑄴𑄪𑄚𑄬 𑄉𑄖𑄳𑄠।,Present
খেলা বেশি দুষ্টামি করিও না,𑄈𑄢 𑄙𑄬𑄃𑄨 𑄡𑄬𑄘𑄇𑄴 𑄚𑄧-𑄌𑄚𑄴।,Present
যেন তেন্নেকে সম করে খোল চাা করা হ,𑄡𑄬𑄚𑄬 𑄖𑄬𑄚𑄬 𑄟𑄚𑄴𑄌𑄧𑄢𑄬 𑄃𑄥𑄳𑄢𑄧𑄠𑄴 𑄉𑄧𑄢𑄨 𑄗𑄬𑄘𑄇𑄴 𑄌𑄚 𑄃 𑄚𑄚𑄉𑄚𑄴 𑄇𑄧𑄌𑄴𑄑𑄧 𑄘𑄨𑄝𑄬𑄢𑄴 𑄌𑄚𑄴।,Present
এক দিন একজন লোক তার কুকুরকে বািতে ফেলে চলে গেল,𑄃𑄬𑄇𑄴 𑄘𑄨𑄚𑄳𑄠 𑄃𑄬𑄇𑄴𑄇𑄱 𑄟𑄚𑄪𑄌𑄴 𑄖 𑄌𑄪𑄉𑄮𑄚𑄴 𑄛𑄪𑄠𑄧 𑄃𑄬𑄇𑄴𑄇𑄱 𑄃 𑄖 𑄟𑄮𑄇𑄴𑄇𑄱𑄢𑄬 𑄊𑄧𑄢𑄧𑄖𑄴 𑄜𑄬𑄣𑄬𑄃𑄨 𑄇𑄖𑄴𑄧𑄚𑄧𑄖𑄴 𑄉𑄬𑄣𑄧।,Past
সিমের চামা বাি,𑄥𑄨𑄚𑄬 𑄌𑄌𑄳𑄠𑄬 𑄊𑄧𑄢𑄴।,Present
.সে খবর পেে রোদ পোহানো মেেটা এখানে এসেছে,𑄥𑄨𑄠𑄬𑄚𑄴 𑄈𑄧𑄝𑄧𑄢𑄴 𑄛𑄬𑄃𑄨 𑄢𑄮𑄋𑄳𑄠 𑄞𑄪𑄘𑄧 𑄃𑄬𑄇𑄴𑄝𑄬𑄣𑄳𑄠𑄬 𑄟𑄨𑄣𑄬𑄝𑄱 𑄃𑄨𑄙𑄪 𑄃𑄬𑄣𑄧।,Present
.আমের ছিদ্র দিে হাত দিে আমার হাতটি কেটে দে,𑄃𑄟𑄧𑄖𑄴𑄧𑄣𑄧𑄖𑄴𑄪𑄚𑄴 𑄇𑄚 𑄥𑄬𑄢𑄬𑄘𑄨 𑄦𑄖𑄴𑄖𑄚𑄴 𑄝𑄝𑄬𑄃𑄨 𑄘𑄨𑄚𑄬𑄃𑄨 𑄇𑄧𑄠𑄴𑄘𑄬 𑄙𑄧𑄢𑄴 𑄛𑄧𑄣𑄧𑄚𑄨 𑄟𑄧-𑄦𑄖𑄴𑄖𑄚𑄴 𑄇𑄎𑄳𑄠𑄧𑄠𑄴 𑄘𑄬।,Present
মেেটা তাাতাি ঘুম থেকে উঠে একটা হাত নাাচাা করছে,𑄟𑄨𑄣𑄬𑄝𑄱 𑄖𑄘𑄖𑄧𑄋𑄧𑄢𑄨 𑄊𑄪𑄟𑄧𑄖𑄴𑄪𑄚𑄴 𑄃𑄪𑄘𑄨𑄚𑄬 𑄌𑄠𑄴𑄘𑄬 𑄃𑄬𑄇𑄴𑄈𑄚𑄴 𑄦𑄖𑄴 𑄖𑄇𑄴𑄇𑄱 𑄛𑄢 𑄛𑄢 𑄇𑄬𑄌𑄴।,Present
মেেটা ভে কি গরিব কি গরিব হেছে,𑄟𑄨𑄣𑄬𑄝𑄱 𑄓𑄧𑄢𑄬 𑄇𑄨 𑄉𑄧𑄢𑄨𑄝𑄧 𑄇𑄨 𑄚𑄧 𑄉𑄧𑄢𑄨𑄝𑄧 𑄦𑄮𑄃𑄨𑄠𑄬।,Present
"মাটিটা কেকটা, ঝাু দো","𑄞𑄪𑄖𑄴𑄗𑄱 𑄇𑄧𑄠𑄴, 𑄏𑄘𑄨 𑄇𑄎𑄳𑄠𑄧𑄠𑄴 𑄘𑄬।",Present
মেেটা ভে ভুনা হাত দিে কাজ করে,𑄟𑄨𑄣𑄬𑄝𑄱𑄠𑄴 𑄓𑄧𑄢𑄬 𑄞𑄪𑄘𑄮 𑄦𑄖𑄴𑄖𑄚𑄴 𑄇𑄎𑄳𑄠𑄧𑄠𑄴 𑄘𑄨𑄠 𑄙𑄧𑄌𑄳𑄠𑄬।,Present
"ভুনা কা,এখানে একটু সুখ পাই","𑄞𑄪𑄘𑄮 𑄇𑄧𑄠𑄴, 𑄃𑄨𑄋𑄨 𑄃𑄬𑄇𑄴𑄇𑄬𑄢𑄬 𑄥𑄪𑄇𑄴 𑄛𑄋𑄧𑄢𑄴।",Present
মেেটা কাজ দোর সম হ না,𑄟𑄨𑄣𑄬𑄝𑄱 𑄇𑄎𑄳𑄠𑄧𑄠𑄴 𑄘𑄬𑄘𑄬 𑄦𑄧𑄢𑄚𑄴 𑄞𑄪𑄘𑄮𑄢𑄴 𑄃𑄩𑄣𑄴 𑄚𑄧-𑄟𑄧𑄢𑄬।,Present
রাতের সমে ভূতে ডাকার শব্দ হবে,𑄢𑄬𑄖𑄴 𑄥𑄧𑄁𑄞𑄇𑄴 𑄥𑄧𑄁 𑄇𑄎𑄳𑄠𑄧𑄠𑄴 𑄘𑄨𑄚𑄬𑄃𑄨 𑄞𑄪𑄘𑄮 𑄇𑄧𑄣𑄧 𑄦𑄮𑄃𑄨𑄠𑄬 𑄦𑄬𑄝𑄬।,Future
ঘুম যাওা,𑄊𑄪𑄟𑄴 𑄡।,Present
আমি দিন থাকতে এই কাজটা করতে হবে,𑄟𑄪𑄃𑄨 𑄘𑄨𑄚𑄴 𑄝𑄦𑄚𑄬 𑄃𑄬𑄟𑄴 𑄇𑄎𑄳𑄠𑄧𑄠𑄴 𑄨𑄘 𑄛𑄬𑄝𑄬।,Future
ভুনা দিন শেষ হে এসেছে,𑄞𑄪𑄘𑄮 𑄘𑄨𑄚𑄴 𑄝𑄦𑄚𑄬 𑄃𑄬𑄡𑄬।,Present
মেেটা কাজ করে দো,𑄟𑄨𑄣𑄬𑄝𑄮 𑄇𑄎𑄳𑄠𑄧𑄠𑄴 𑄘𑄨-𑄛𑄠𑄴।,Present
মেেটা বাঁকা হেছে,𑄟𑄨𑄣𑄬𑄝𑄱 𑄇𑄬𑄋𑄬𑄘 𑄦𑄮𑄃𑄨𑄠𑄬।,Present
ভালুকের দিন বাদে তার স্বামী জঙ্গল থেকে বের হ,𑄞𑄣𑄪𑄇𑄴 𑄘𑄨𑄚𑄴 𑄝𑄘𑄬 𑄖-𑄚𑄬𑄇𑄴𑄇𑄱 𑄇𑄖𑄴𑄧𑄚𑄧𑄖𑄴𑄪𑄚𑄴 𑄃𑄬𑄣𑄧𑄉𑄧𑄃𑄨।,Present
"তার স্ত্রীকে কেংটা দিে কল,কি কান্না হ?","𑄖-𑄟𑄮𑄇𑄴𑄇𑄱𑄢𑄬 𑄇𑄬𑄋𑄬𑄘 𑄘𑄬𑄚𑄬𑄃𑄨 𑄇𑄧𑄣𑄧, 𑄃 𑄇𑄨 𑄇𑄬𑄋𑄬𑄘 𑄦𑄮𑄠𑄧𑄌𑄴?",Present
.অসুক হওা?,𑄃𑄧𑄥𑄪𑄇𑄴 𑄦𑄮𑄠𑄧𑄌𑄴 𑄚𑄬𑄚?,Present
মেেটা ভুনা কথা গুলো তার স্বামীকে বলে,𑄟𑄨𑄣𑄬𑄝𑄱 𑄞𑄪𑄘𑄮 𑄇𑄧𑄙𑄚𑄨 𑄖-𑄚𑄬𑄇𑄴𑄇𑄱𑄢𑄬 𑄞𑄋𑄨 𑄇𑄧𑄣𑄧।,Present
.সেটা শুনে মানুষ গুলো তাাতাি করে দেখল,𑄥𑄨𑄠𑄬𑄚𑄴 𑄥𑄪𑄚𑄨 𑄟𑄚𑄪𑄌𑄌𑄱𑄠𑄴 𑄖𑄉𑄧𑄣𑄚𑄴 𑄇𑄬𑄎𑄬𑄢𑄬𑄁 𑄇𑄬𑄎𑄬𑄢𑄬𑄁 𑄉𑄧𑄢𑄨 𑄙𑄢𑄬𑄣𑄧।,Past
এক জাতী ব ভুঁি,𑄥𑄋𑄴 𑄥𑄣𑄬 𑄃𑄬𑄌𑄳𑄠𑄬 𑄃𑄬𑄡𑄮𑄇𑄴 𑄞𑄪𑄘𑄮।,Present
ভূতে রাতের বেলা তার হাত নিে আসলো,𑄞𑄪𑄘𑄮 𑄢𑄬𑄘𑄮𑄖𑄴 𑄖 𑄃𑄧𑄇𑄴𑄖𑄧 𑄉𑄧𑄢𑄨 𑄃𑄬𑄣𑄧।,Past
"মেেটা কেরা,কি গরম গরম পা","𑄟𑄨𑄣𑄬𑄝𑄱𑄢𑄬 𑄇𑄧𑄢𑄴𑄣𑄨, 𑄇𑄨 𑄉𑄧𑄢𑄧𑄟𑄴 𑄉𑄧𑄢𑄧𑄟𑄴 𑄛𑄋𑄴।",Present
তোমার স্বামী কি আসতেছে?,𑄖𑄧 𑄚𑄬𑄇𑄴𑄇𑄱 𑄃𑄬𑄌𑄳𑄠𑄬 𑄚𑄬𑄚?,Present
মেেটা কেকটা নাচে,𑄟𑄨𑄣𑄬𑄝𑄱 𑄇𑄧𑄠𑄴 𑄚𑄘𑄬।,Present
সালিমের হাতগুলো পরিষ্কার করে দাও,𑄥𑄣𑄬𑄚𑄴 𑄙𑄧𑄢𑄴 𑄦𑄖𑄴𑄖𑄚𑄴 𑄇𑄎𑄳𑄠𑄧𑄠𑄴 𑄘𑄬।,Present
রাগ করে হাত বন্ধ করে দিল,𑄞𑄪𑄢𑄪𑄖𑄴 𑄉𑄧𑄢𑄨 𑄦𑄖𑄴𑄖𑄚𑄴 𑄝𑄝𑄬𑄃𑄨 𑄘𑄨𑄣𑄧।,Past
মেেটা আরও একটু বেঁধে দে,𑄟𑄨𑄣𑄬𑄝𑄱 𑄇𑄧𑄠𑄴 𑄃𑄢𑄧 𑄃𑄬𑄇𑄴𑄇 𑄝𑄝𑄬𑄃𑄨 𑄘𑄬।,Present
.ইন দিে তার নোটা শক্ত করে আছে,𑄃𑄨𑄚𑄴 𑄘𑄨 𑄖 𑄚𑄬𑄇𑄴𑄇𑄱 𑄖𑄉𑄧𑄣𑄚𑄴 𑄙𑄧𑄢𑄨 𑄖𑄇𑄴 𑄉𑄧𑄢𑄨 𑄃𑄊𑄬।,Present
ভুনা করার হাতটি বন্ধ করে দিল,𑄞𑄪𑄘𑄮 𑄉𑄧𑄢𑄥𑄧𑄁 𑄦𑄖𑄴𑄖𑄚𑄴 𑄝𑄝𑄬𑄃𑄨 𑄘𑄨𑄣𑄧।,Past
লোকটি এক কুে পাখানা করে দিল,𑄟𑄚𑄪𑄌𑄴𑄌𑄱𑄃𑄨 𑄃𑄬𑄇𑄴 𑄇𑄪𑄝𑄬 𑄞𑄪𑄘𑄮 𑄦𑄖𑄴𑄖𑄚𑄴 𑄥𑄨𑄚𑄬𑄃𑄨 𑄘𑄨𑄣𑄧।,Past
ভূতটা তো লাফিে দৌে দিল,"𑄞𑄪𑄘𑄮 𑄃𑄮𑄟, 𑄈𑄧𑄘 𑄉𑄧𑄢𑄨 𑄉𑄧𑄢𑄨 𑄘𑄨𑄣𑄧 𑄙𑄞।",Past
সিউলিতে এক রাজার ঝি,𑄥𑄨𑄃𑄪𑄣𑄨 𑄚𑄋𑄬 𑄃𑄬𑄇𑄴 𑄢𑄎𑄢𑄴 𑄏𑄨,Present
.সে এলো এক রাজা,𑄃𑄬𑄖𑄬𑄴 𑄃𑄬𑄣𑄧 𑄃𑄬𑄇𑄴 𑄢𑄎।,Past
তার থেকে একটা ঝি,𑄖𑄖𑄴𑄪𑄚𑄴 𑄃𑄬𑄣𑄧 𑄃𑄬𑄇𑄴𑄇𑄱 𑄏𑄨।,Present
নাকটা হলো সিউলি,𑄚𑄋𑄚𑄴 𑄦𑄧𑄣𑄧𑄘𑄬 𑄥𑄨𑄃𑄪𑄣𑄨।,Present
সিউলির রুবে অনেক সুন্দর,𑄥𑄨𑄃𑄪𑄣𑄨 𑄢𑄪𑄝𑄬 𑄢𑄧𑄋𑄬 𑄞𑄢𑄨 𑄘𑄮𑄣𑄴।,Present
সে অনেক ব হেছে,𑄥𑄨𑄃𑄪𑄣𑄨 𑄡𑄬𑄘𑄧𑄇𑄴 𑄓𑄋𑄧𑄢𑄴 𑄦𑄧𑄢𑄴 𑄥𑄬𑄘𑄧𑄇𑄴 𑄝𑄬𑄥𑄴 𑄘𑄮𑄣𑄴 𑄦𑄧𑄢𑄴।,Present
এক জাতী সিউলি,𑄇𑄧𑄎𑄧𑄟 𑄝𑄧𑄠𑄧𑄥𑄳𑄠 𑄥𑄨𑄃𑄪𑄣𑄨।,Present
তত ব ব করে,"𑄥𑄬𑄇𑄬𑄴𑄚𑄴 𑄦𑄧𑄣𑄧𑄘𑄬 𑄞𑄘𑄧 𑄃𑄢𑄧𑄃𑄪𑄢𑄨, 𑄃𑄏𑄨𑄚𑄧 𑄉𑄧𑄢 𑄉𑄧𑄢𑄨।",Present
সে ঘুম থেকে উঠে বিঝুর মতো চুল বানিে,𑄥𑄨𑄃𑄪𑄣𑄨 𑄊𑄪𑄟𑄮𑄖𑄴𑄪𑄚𑄴 𑄃𑄪𑄘𑄨 𑄃𑄎𑄪𑄢𑄨-𑄝𑄨𑄎𑄪𑄢𑄨 𑄌𑄪𑄣𑄴 𑄝𑄚𑄬𑄢𑄴।,Present
সে সমেবেলের শব্দ করে কান্না করতেছে,𑄦𑄬𑄚𑄴 𑄥𑄧𑄟𑄧𑄖𑄴 𑄝𑄬𑄣𑄧 𑄍𑄧𑄘𑄧𑄇𑄴𑄈𑄚𑄬 𑄥𑄨𑄃𑄪𑄣𑄨 𑄳𑄟𑄪𑄘𑄨𑄝𑄮𑄢𑄴 𑄜𑄧𑄉𑄧𑄘𑄨 𑄇𑄚𑄝𑄮𑄘𑄨 𑄥𑄮𑄟𑄬𑄣𑄧𑄉𑄨।,Present
সূর্য ডোবার সম সিউলটা অনেক সুন্দর,𑄝𑄬𑄣𑄧 𑄍𑄧𑄘𑄧𑄉𑄧𑄢𑄬 𑄥𑄨𑄃𑄪𑄣𑄨 𑄞𑄢𑄨 𑄘𑄮𑄣𑄴 𑄘𑄬𑄣𑄧।,Present
সে মনে মনে বিালের শব্দ করে ঠিক করলো,𑄖𑄬 𑄟𑄧𑄚𑄬 𑄟𑄧𑄚𑄬 𑄝𑄬𑄣𑄧 𑄍𑄧𑄘𑄧𑄉𑄧𑄢𑄬 𑄣𑄧𑄝𑄖𑄳𑄠𑄬 𑄒𑄨𑄇𑄴 𑄉𑄧𑄣𑄴𑄧।,Past
এখানে রাজা তার গাি দিে বোতেছে,𑄃𑄨𑄚𑄴𑄘𑄨 𑄢𑄎𑄠𑄴 𑄖 𑄉𑄝𑄪𑄢𑄴𑄏𑄨 𑄥𑄨𑄃𑄪𑄣𑄨𑄖𑄳𑄠𑄬 𑄎𑄟𑄬𑄃𑄨 𑄖𑄧𑄉𑄠𑄴।,Present
"একদিন সে তার পিতাকে কল দিল,সে মনে মনে বিাল বাজা","𑄃𑄬𑄇𑄴𑄘𑄨𑄚𑄴 𑄥𑄨𑄃𑄪𑄣𑄨 𑄖 𑄝𑄝𑄧𑄢𑄬 𑄇𑄧𑄣𑄧, 𑄖𑄬 𑄟𑄧𑄚𑄬 𑄟𑄧𑄚𑄬 𑄝𑄬𑄣𑄧 𑄍𑄧𑄘𑄧𑄉𑄧𑄢𑄬 𑄎𑄟𑄬𑄃𑄨 𑄒𑄨𑄇𑄴 𑄉𑄧𑄢𑄨 𑄖𑄮𑄠𑄬।",Past
এক দিন রাজা বাতথোককে ডাকার সমে তার ঝিিটা অসুখের কথা বলতে বলতে এখানে পৌঁছে গেল,𑄃𑄬𑄇𑄴𑄘𑄨𑄚𑄴 𑄢𑄎 𑄝𑄖𑄴𑄖𑄱 𑄛𑄬𑄇𑄴𑄇𑄱𑄢𑄬 𑄘𑄨𑄚𑄬𑄃𑄨 𑄖 𑄏𑄨𑄝𑄮𑄖𑄳𑄠𑄬 𑄎𑄟𑄬𑄃𑄨 𑄉𑄧𑄢𑄨𑄝𑄢𑄴 𑄃𑄃𑄮𑄎𑄧 𑄇𑄧𑄙𑄉𑄚𑄴 𑄝𑄬𑄣𑄧 𑄍𑄧𑄘𑄧𑄉𑄧 𑄃𑄨𑄙𑄪 𑄣𑄪𑄟𑄬𑄣𑄧𑄉𑄧𑄃𑄨।,Past
.মাছে বিালের মতো দেখতে মেেটি একটুও মন দিলো না,𑄟𑄖𑄴𑄧𑄢𑄴 𑄝𑄬𑄣𑄧 𑄍𑄧𑄘𑄧𑄉𑄬 𑄥𑄨𑄃𑄪𑄣𑄨 𑄟𑄚𑄬𑄃𑄨 𑄟𑄨𑄣𑄬 𑄇𑄪𑄚𑄨 𑄟𑄧𑄚𑄴 𑄚𑄧-𑄘𑄨𑄣𑄧।,Past
সূর্য ডোবার সম সে খুব দুঃখ পেল,𑄝𑄬𑄣𑄧 𑄍𑄧𑄘𑄧𑄉𑄧𑄢𑄴 𑄥𑄁𑄝𑄖𑄴𑄖𑄚𑄴 𑄛𑄬𑄚𑄬𑄃𑄨 𑄥𑄨𑄃𑄪𑄣𑄨 𑄞𑄢𑄨 𑄟𑄧𑄚𑄧𑄘𑄪𑄇𑄴 𑄛𑄬𑄣𑄧।,Past
.মনে হ মনের মতো ভাত-পানি দিে ঘুমাচ্ছে,𑄟𑄧𑄚𑄧𑄘𑄪𑄉𑄬 𑄥𑄨𑄃𑄪𑄣𑄨 𑄞𑄖𑄴-𑄛𑄚𑄨 𑄃𑄨𑄢𑄨 𑄇𑄝𑄧𑄢𑄴-𑄟𑄪 𑄑𑄨𑄋𑄴𑄑𑄨𑄋𑄳𑄠 𑄉𑄧𑄢𑄨 𑄊𑄪𑄟𑄮𑄖𑄴 𑄛𑄧𑄣𑄧𑄉𑄧𑄃𑄨।,Present
এখানে রাজার মন দুঃখ,𑄃𑄨𑄚𑄴𑄘𑄨 𑄢𑄎𑄢𑄴𑄠𑄧 𑄟𑄧𑄚𑄧 𑄘𑄪𑄇𑄴।,Present
রাজা কুানো হেছে,𑄢𑄎 𑄇𑄪𑄝𑄴 𑄟𑄢𑄚 𑄦𑄮𑄎𑄨𑄢𑄨 𑄡𑄬𑄃𑄨𑄠𑄬।,Present
তার কালে রাজা মারা যা,𑄖𑄢𑄴 𑄇𑄬𑄣𑄳𑄠𑄬 𑄌𑄚𑄴𑄘𑄬 𑄢𑄎𑄏𑄨 𑄟𑄢 𑄡𑄬𑄃𑄨𑄠𑄬।,Present
রাজাঝির মন্ত্রতন্ত্রে নিে গেল,𑄢𑄎𑄏𑄨 𑄥𑄧𑄝𑄥𑄣𑄧𑄖𑄴 𑄚𑄨𑄉𑄬𑄣𑄇𑄴।,Past
রোবোকার পাশে দাহ করলো,𑄢𑄪𑄝𑄮𑄇𑄪𑄢𑄴 𑄇𑄪𑄢𑄬𑄃𑄨 𑄘𑄦𑄧 𑄉𑄧𑄢𑄨𑄣𑄇𑄇𑄮𑄃𑄨।,Past
সিউলিতে রাত হলে একটা গাছের চারা উঠল,𑄥𑄨𑄃𑄪𑄣𑄨 𑄥𑄧𑄝𑄥𑄣𑄧𑄖𑄴 𑄢𑄬𑄘𑄬 𑄢𑄬𑄘𑄬 𑄃𑄬𑄇𑄴𑄇𑄱 𑄉𑄏𑄧 𑄌𑄢 𑄃𑄪𑄘𑄨𑄣𑄧।,Past
চারাটা ব হে ব একটা গাছ হলো,𑄌𑄢𑄝𑄮 𑄘𑄨𑄚𑄴𑄘𑄨𑄚𑄴 𑄓𑄋𑄧𑄢𑄴 𑄦𑄧𑄘𑄬 𑄦𑄧𑄘𑄬 𑄝𑄧𑄢𑄴 𑄃𑄬𑄇𑄴𑄇𑄱 𑄉𑄌𑄴 𑄦𑄧𑄣𑄧।,Past
গাছের নাম বলে দিল সিউলি,𑄉𑄌𑄴𑄌𑄱 𑄚𑄋𑄴 𑄝𑄮𑄎𑄬𑄃𑄨 𑄘𑄨𑄣𑄇𑄴 𑄥𑄨𑄃𑄪𑄣𑄨।,Past
গাছটি ছোট হে মাটিতে ফুল ফোটাচ্ছে,𑄉𑄌𑄴𑄌𑄱 𑄓𑄋𑄧𑄢𑄴 𑄦𑄮𑄃𑄨𑄚𑄬 𑄞𑄘𑄧 𑄃𑄪𑄢𑄧𑄃𑄪𑄢𑄨 𑄃𑄏𑄨𑄚𑄧 𑄉𑄧𑄢𑄉𑄧𑄢𑄨 𑄃𑄧𑄇𑄴𑄖𑄧𑄖𑄴 𑄜𑄪𑄣𑄴 𑄜𑄪𑄘𑄧𑄚𑄴।,Present
.মাটির ফুলগুলো পথেঘাটে ঝরে পে,𑄟𑄖𑄴𑄧𑄢𑄴 𑄜𑄪𑄣𑄪𑄚𑄴 𑄛𑄧𑄖𑄳𑄠𑄬 𑄃𑄟𑄧𑄣𑄳𑄠 𑄜𑄪𑄘𑄨 𑄢𑄮𑄘𑄮 𑄍𑄧𑄘𑄧𑄇𑄴 𑄜𑄪𑄖𑄳𑄠𑄬 𑄚𑄧-𑄜𑄪𑄖𑄳𑄠𑄬 𑄏𑄧𑄢𑄨 𑄛𑄧𑄢𑄧𑄚𑄴।,Present
.সেটা হলো জীবন যাপনের সম,𑄥𑄨𑄠𑄬𑄚𑄴 𑄦𑄧𑄣𑄧𑄘𑄬 𑄥𑄨𑄃𑄪𑄣𑄨 𑄎𑄨𑄁𑄇𑄚𑄨𑄝𑄧𑄢𑄴 𑄟𑄚𑄬𑄃𑄨 𑄣𑄧𑄉𑄧 𑄥𑄧𑄟𑄢𑄬 𑄗𑄬𑄝𑄧।,Present
খালিক বেলটা দেখা যা না,𑄈𑄣𑄨𑄇𑄴 𑄝𑄬𑄣𑄧-𑄟𑄪 𑄌𑄬𑄘𑄧 𑄚𑄧𑄠𑄴।,Present
.সে পথে আমলগুলো ফোটার আগে রোদ পতে হ,𑄥𑄬𑄚𑄬 𑄛𑄧𑄖𑄳𑄠𑄬 𑄃𑄟𑄧𑄣𑄳𑄠 𑄜𑄪𑄘𑄨 𑄢𑄮𑄘𑄮 𑄍𑄧𑄘𑄧𑄇𑄴 𑄜𑄪𑄘𑄨𑄝𑄢𑄴 𑄃𑄉𑄧𑄘𑄨 𑄏𑄧𑄢𑄨 𑄛𑄧𑄢𑄬।,Present
এক মুঠো করে গুো করে রাখবো,𑄃𑄬𑄇𑄴 𑄇𑄮𑄉𑄬𑄠 𑄉𑄧𑄢𑄨 𑄘𑄧𑄣𑄨 𑄗𑄳𑄟𑄪𑄠,Future
.সে এক বুজা,𑄃𑄬𑄖𑄬𑄴 𑄃𑄬𑄣𑄧 𑄃𑄬𑄇𑄴 𑄝𑄪𑄎𑄳𑄠।,Present
বুোটা নাচতেছে,𑄝𑄪𑄎𑄳𑄠𑄖𑄴𑄪𑄚𑄴 𑄖𑄨𑄚𑄴𑄚𑄱 𑄏𑄨।,Present
বুো ভাতে পানিতে থাকবো,𑄝𑄪𑄎𑄳𑄠 𑄞𑄘𑄬 𑄛𑄚𑄨𑄠𑄬 𑄗𑄳𑄟𑄪𑄠𑄬।,Future
বুো মানুষরা ছোট সুন্দর কথা বলতে বলতে পাখানা করে,𑄝𑄪𑄎𑄳𑄠𑄢𑄴 𑄓𑄋𑄧𑄢𑄴 𑄎𑄩𑄝𑄱 𑄉𑄝𑄪𑄢𑄴 𑄥𑄪𑄚𑄴𑄘𑄧𑄢𑄴 𑄇𑄮𑄃𑄨𑄚𑄬 𑄇𑄮𑄇𑄴𑄇𑄱 𑄚𑄘𑄧𑄁𑄍𑄢 𑄟𑄚𑄴𑄎𑄳𑄠𑄧 𑄛𑄪𑄠𑄧 𑄣𑄮𑄠𑄬 𑄉𑄮𑄃𑄨।,Present
সে খুব বেজার,𑄥𑄬𑄚𑄧𑄖𑄳𑄠𑄬 𑄞𑄢𑄨 𑄝𑄬𑄎𑄢𑄴।,Present
সে তার ব ঝিকে ফেলে দিে দিে এসেছে বািে,𑄖𑄬 𑄖 𑄓𑄋𑄧𑄢𑄴 𑄏𑄨𑄝𑄮𑄢𑄬 𑄜𑄬𑄣𑄬𑄃𑄨 𑄘𑄨𑄠𑄬 𑄃 𑄘𑄨𑄝𑄬 𑄏𑄨𑄢𑄬 𑄉𑄧𑄟𑄴 𑄗𑄳𑄟𑄪𑄠𑄬 𑄟𑄚𑄴𑄎𑄳𑄠𑄧 𑄊𑄧𑄢𑄧𑄖𑄴 𑄝𑄮 𑄘𑄨𑄠𑄬।,Present
এক দিন বুজিে একটা ম্যাজ ম্যাজ করে,𑄃𑄬𑄇𑄴𑄘𑄨𑄚𑄴 𑄝𑄪𑄎𑄳𑄠 𑄃𑄬𑄇𑄴𑄈𑄚𑄴 𑄟𑄬𑄥𑄴𑄝𑄚𑄴 𑄉𑄧𑄢𑄬𑄢𑄴।,Present
তার দুই মেেকে তারা সুসুিে বাজা,𑄖 𑄘𑄨𑄝𑄬 𑄏𑄨𑄢𑄬 𑄖𑄢𑄢𑄴 𑄥𑄮𑄢𑄴-𑄥𑄮𑄢𑄨 𑄥𑄪𑄘𑄴𑄙𑄮 𑄝𑄖𑄳𑄠𑄬𑄠𑄬।,Present
তার ব ঝিকে ব করে না,𑄟𑄖𑄴𑄧𑄢𑄴 𑄖 𑄓𑄋𑄧𑄢𑄴 𑄏𑄨𑄝𑄮𑄢𑄬 𑄚𑄧-𑄝𑄖𑄳𑄠𑄠𑄴।,Present
মা প্রাণটা বোঝে না,𑄟 𑄛𑄧𑄢𑄚𑄬 𑄚𑄧-𑄝𑄪𑄏𑄬।,Present
বুো জ্ঞান না করে পাহাের ঝিিটাকে বলা হ,𑄝𑄪𑄢𑄨 𑄝𑄪𑄎𑄳𑄠 𑄚𑄧-𑄎𑄚𑄬 𑄛𑄢 𑄓𑄋𑄧𑄢𑄴 𑄏𑄨𑄝𑄮𑄢𑄬 𑄝𑄧𑄣𑄚𑄳𑄠 𑄘𑄨𑄠𑄬।,Present
পাহাের জঙ্গল ভালো করে চিনবে না,𑄟𑄚𑄴𑄎𑄳𑄠𑄧 𑄏𑄉𑄧𑄖𑄴 𑄝𑄪𑄎𑄳𑄠 𑄚𑄧 𑄌𑄨𑄚𑄨𑄝𑄧।,Future
আমরা মা-ঝির মতো হতে পারব,𑄃𑄟𑄨 𑄟𑄠𑄴-𑄏𑄨𑄠𑄬 𑄘𑄬𑄉 𑄦𑄮𑄃𑄨 𑄛𑄢𑄨𑄝𑄧𑄁।,Future
বুজরার ডাঙিটা লুকিেছে,𑄝𑄪𑄎𑄳𑄠𑄢𑄴 𑄓𑄋𑄧𑄢𑄴 𑄏𑄨𑄝𑄱 𑄣𑄪𑄋𑄨𑄣𑄧𑄉𑄨।,Present
জুে তার মা আর ছেলে একসাথে রেছে,𑄎𑄪𑄥𑄴 𑄉𑄧𑄢𑄨 𑄖𑄟𑄴𑄟𑄢𑄬 𑄥𑄣𑄋𑄴 𑄉𑄧𑄢𑄨 𑄖𑄟𑄴𑄟 𑄥𑄧𑄟𑄢𑄬 𑄢𑄚-𑄞𑄢 𑄇𑄟𑄧𑄖𑄴 𑄃𑄝𑄧𑄢𑄴𑄈𑄬𑄣𑄧।,Present
বুোরা আর দিে গিে সব একাকার,𑄝𑄪𑄎𑄳𑄠𑄢𑄴 𑄃 𑄘𑄨𑄝𑄬 𑄏𑄨 𑄝𑄬𑄇𑄴 𑄃𑄳𑄟𑄪𑄪𑄢𑄬 𑄃𑄳𑄟𑄪𑄪𑄢𑄬 𑄉𑄧𑄢𑄴𑄝𑄦𑄘𑄨।,Present
ডাঙর ঝির কাজ করতে করতে ক্লান্ত হেছে,𑄓𑄋𑄧𑄢𑄴 𑄏𑄨 𑄟𑄬𑄥𑄴𑄝𑄚𑄧 𑄇𑄟𑄴 𑄉𑄧𑄖𑄬𑄴 𑄉𑄧𑄖𑄬𑄴 𑄦𑄣𑄪𑄉𑄧।,Present
খেে দিে বাির দরজা চুরি করে তার মাকে হত্যা করল,𑄈𑄬𑄃𑄨 𑄘𑄬𑄃𑄨 𑄊𑄧𑄢𑄴 𑄘𑄮𑄢𑄴 𑄌𑄪𑄢𑄨-𑄛𑄪𑄎𑄨 𑄦𑄢𑄨 𑄙𑄮𑄠𑄴-𑄙𑄪𑄃𑄨 𑄃𑄎𑄬𑄢𑄴 𑄝𑄨𑄎𑄬𑄢𑄴 𑄦𑄮𑄃𑄨𑄚𑄬 𑄊𑄧𑄢𑄧𑄖𑄴 𑄜𑄨𑄢𑄨𑄝𑄖𑄳𑄠𑄬 𑄖𑄟𑄴𑄟𑄢𑄬 𑄥𑄣𑄋𑄴 𑄉𑄧𑄢𑄨𑄣𑄧𑄉𑄮𑄃𑄨।,Past
"তার মা তাকে চোর আনা হাত দিে বলে,অন্যেরা নাতনিকে কিনে নিে যা","𑄖𑄟𑄴𑄟 𑄖𑄢𑄬 𑄌𑄬𑄢𑄴 𑄃𑄚 𑄦𑄘𑄧𑄖𑄴 𑄘𑄨𑄚𑄬𑄃𑄨 𑄇𑄧𑄣𑄧, 𑄃𑄳𑄟𑄨𑄪𑄚𑄴𑄘𑄮𑄃𑄨 𑄚𑄘𑄨𑄚𑄪𑄚𑄧𑄢𑄬 𑄛𑄨𑄘𑄬 𑄇𑄨𑄚𑄨 𑄚𑄨-𑄘𑄨𑄌𑄴।",Present
বুজারের ডাঙিটা যাওার সম একটা কথা বলে দিল,𑄝𑄪𑄎𑄳𑄠𑄢𑄴 𑄓𑄋𑄧𑄢𑄴 𑄏𑄨𑄝𑄱 𑄡𑄘𑄬 𑄡𑄘𑄬 𑄃𑄬𑄇𑄴𑄎𑄧𑄚𑄬 𑄃𑄬𑄇𑄴𑄇𑄱 𑄛𑄉𑄚 𑄇𑄮𑄉𑄬𑄠 𑄝𑄬𑄎𑄬𑄖𑄬𑄴 𑄘𑄬𑄣𑄧।,Past
সে চিন্তা করে-চিন্তা করে মোবাইলটা নিে যা,𑄖𑄬 𑄞𑄝𑄬𑄖𑄬𑄴 𑄛𑄨𑄘𑄬-𑄟𑄨𑄘𑄬 𑄚𑄧-𑄇𑄨𑄚𑄨 𑄇𑄮𑄉𑄬𑄠𑄬𑄝𑄱 𑄇𑄨𑄚𑄨 𑄚𑄬𑄡𑄋𑄴।,Present
"পাহাের মধ্যে কেকটা খেেছে, বিে করতে পারবো","𑄳𑄟𑄪𑄢𑄳𑄟𑄮𑄪𑄚𑄬 𑄇𑄮𑄉𑄬𑄠𑄬𑄝𑄱 𑄈𑄬𑄝𑄇𑄴, 𑄝𑄨𑄎𑄨 𑄌𑄢𑄬𑄃𑄨 𑄛𑄢𑄨𑄟𑄴।",Future
বুো ঝিিটা একটু একটু করে ধান কাটতেছে,𑄝𑄪𑄎𑄳𑄠 𑄏𑄨𑄝𑄱 𑄃𑄨𑄋𑄨𑄢𑄨 𑄇𑄮𑄉𑄬𑄠 𑄈𑄬𑄖𑄴 𑄉𑄧𑄢𑄨 𑄷𑄸 𑄝𑄧𑄏𑄧𑄢𑄴 𑄥𑄧𑄁 𑄒𑄬𑄋 𑄇𑄟𑄬𑄣𑄧।,Present
সে তার বািটা বেে রাখবে,𑄃𑄨𑄇𑄴𑄇𑄪 𑄖𑄬 𑄖 𑄝𑄝𑄧𑄖𑄴𑄪𑄚𑄴 𑄝𑄬𑄥𑄴 𑄗𑄳𑄟𑄪𑄠𑄬।,Future
পাহাের পাহাি,𑄟𑄮𑄎𑄬 𑄳𑄟𑄪𑄢𑄪𑄠𑄬 𑄘𑄧𑄝𑄴𑄘𑄧𑄝।,Present
দুধটা সিাল,𑄘𑄪𑄢𑄴𑄝𑄮 𑄃 𑄥𑄨𑄠𑄣𑄳𑄠,Past
.এলোমেলো,𑄃𑄬𑄖𑄬𑄴 𑄃𑄬𑄣𑄧 𑄃𑄬𑄇𑄴 𑄘𑄪𑄢𑄴।,Present
কদিন পর্যন্ত তার থাকা-খাওা নেই,𑄇𑄧𑄠𑄴𑄘𑄨𑄚𑄴 𑄥𑄧𑄁 𑄖𑄢𑄴 𑄗𑄚-𑄛𑄨𑄚 𑄚𑄬𑄃𑄨।,Present
এই জঙ্গলে ঘুরে বোই ও দৌা,𑄃𑄬 𑄏𑄢𑄧𑄖𑄴 𑄝𑄬𑄢𑄃𑄨 𑄃𑄮 𑄓𑄧𑄚𑄖𑄴 𑄥𑄧𑄟𑄃𑄨।,Present
কোন কিছু খাওার কিছুই নাই,𑄇𑄧𑄚𑄧 𑄇𑄨𑄖𑄳𑄠𑄬𑄖𑄴 𑄈𑄬𑄝𑄢𑄴 𑄇𑄨𑄌𑄴𑄌𑄪 𑄚𑄧-𑄛𑄠𑄴।,Present
পেট ভরে খাওার জন্য দুই চোখ বন্ধ করো,𑄛𑄬𑄑𑄴 𑄛𑄪𑄢𑄧𑄚𑄨 𑄎𑄣𑄠𑄴 𑄘𑄨-𑄌𑄮𑄇𑄴 𑄃𑄚𑄴𑄘𑄢𑄴।,Present
খুঁজতে খুঁজতে এক পাহাে একটা পাহা পেলাম,𑄖𑄧𑄉𑄘𑄬 𑄖𑄧𑄉𑄘𑄬 𑄃𑄬𑄇𑄴 𑄟𑄪𑄢𑄮 𑄟𑄙𑄖𑄴 𑄛𑄬𑄣𑄧𑄉𑄮𑄃𑄨 𑄃𑄬𑄇𑄴𑄇𑄱 𑄛𑄢𑄴𑄝𑄮 𑄘𑄪𑄢𑄴।,Past
".মলা মুখ,মাথা নেই","𑄳𑄟𑄪𑄣𑄴𑄉𑄣𑄴 𑄌𑄬𑄝𑄬𑄘𑄇𑄴, 𑄥𑄨𑄢𑄬 𑄟𑄙 𑄚𑄬𑄃𑄨।",Present
"কর্মঠ দুই-চাই ভ,লবনাক্ত","𑄇𑄟𑄧𑄢𑄴 𑄘𑄨-𑄌𑄃𑄨 𑄘𑄧𑄢𑄳𑄦𑄧, 𑄣𑄬𑄃𑄨 𑄌𑄃𑄨 𑄥𑄳𑄟𑄪𑄪𑄚𑄧।",Present
"রগচটা, রগচটা",𑄢𑄧𑄥𑄴 𑄇𑄧𑄥𑄴 𑄚𑄬𑄃𑄨।,Present
সে যখন বাচ্চাটাকে খাওার জন্য ভাতের বান নিে যাচ্ছে তখন পেট ভরে যাচ্ছে,𑄥𑄨𑄠𑄣𑄴 𑄡𑄬𑄇𑄬𑄴 𑄘𑄪𑄢𑄴𑄝𑄮𑄢𑄬 𑄈𑄬𑄝𑄢𑄴 𑄞-𑄚𑄧𑄘𑄬𑄉𑄬𑄢𑄴 𑄥𑄬𑄚𑄬 𑄛𑄬𑄑𑄴 𑄛𑄪𑄢𑄧𑄚𑄨 𑄎𑄣 𑄃 𑄞𑄢𑄨 𑄉𑄬𑄣𑄧।,Present
সে সেটা মনে পে বলে,"𑄖𑄳𑄦𑄬 𑄥𑄨𑄠𑄣𑄳𑄠 𑄟𑄧𑄚𑄧 𑄘𑄪𑄉𑄬 𑄇𑄧𑄣𑄧,",Present
.অমুকের মালার নিচে মালা,𑄃𑄳𑄟𑄪𑄪𑄢𑄬 𑄟𑄣 𑄖𑄧𑄣𑄬 𑄟𑄣,Present
মাথার মাথা নেই,"𑄥𑄨𑄢𑄬 𑄟𑄙 𑄚𑄬𑄃𑄨,",Present
কাম দিলে ভ পা,𑄇𑄟𑄧𑄢𑄴 𑄘𑄨𑄣𑄬 𑄘𑄧𑄢𑄳𑄦𑄧 𑄛𑄋𑄴,Present
.কেন খেে দো?,𑄇𑄬𑄚𑄬 𑄈𑄬𑄟𑄴𑄝𑄬 𑄌𑄬𑄃𑄨।,Present
.এই কচ্ছপটা মনে মনে কিভাবে প্রাণ বাজাবে সেটার জন্য,𑄃𑄨𑄚𑄴𑄘𑄨 𑄘𑄪𑄢𑄴𑄝𑄮 𑄟𑄧𑄚𑄬 𑄟𑄧𑄚𑄬 𑄞𑄝𑄬𑄖𑄬𑄴 𑄇𑄬𑄚𑄬 𑄛𑄧𑄢𑄚𑄴 𑄝𑄎𑄬𑄝𑄧 𑄥𑄨𑄠𑄣𑄳𑄠𑄖𑄴𑄪𑄚𑄴।,Future
কোন রকমে পানিতে যে গোসল করতে হবে,𑄇𑄧𑄚𑄧 𑄝𑄝𑄧𑄘𑄬 𑄛𑄚𑄨𑄖𑄴 𑄡𑄬𑄃𑄨 𑄛𑄣𑄳𑄠𑄬 𑄙𑄬𑄝𑄢𑄴 𑄛𑄧𑄘𑄴 𑄛 𑄡𑄬𑄝𑄧।,Future
ভাবি সেই কচ্ছপটা কল,"𑄞𑄝𑄨 𑄥𑄨𑄚𑄴𑄘𑄨 𑄘𑄪𑄢𑄴𑄝𑄮 𑄇𑄧𑄣𑄧,",Present
সে তো ভেদ করে না,𑄥𑄬𑄘𑄟𑄴 𑄚𑄬𑄃𑄨 𑄞𑄬𑄘𑄟𑄴,Present
এত ব,"𑄃𑄬𑄟𑄴𑄝 𑄦,",Present
ভিজে ভিজে খাও,𑄞𑄨𑄎𑄬𑄃𑄨 𑄞𑄨𑄎𑄬𑄃𑄨 𑄈।,Present
.দুরের কথা শুনা যা ঠিক,𑄘𑄪𑄢𑄴𑄝𑄱 𑄇𑄧𑄙𑄚𑄨 𑄥𑄪𑄚𑄨 𑄥𑄨𑄠𑄣𑄳𑄠 𑄞𑄝𑄬 𑄇𑄧𑄙 𑄒𑄨𑄇𑄴।,Present
.আজকে ভিজে খাওা লাগবে,𑄃𑄨𑄝𑄬𑄢𑄬 𑄞𑄨𑄎𑄬𑄃𑄨 𑄈𑄳𑄦 𑄛𑄧𑄢𑄨𑄝𑄧𑄘𑄬।,Future
ভিজে গেলে নরম হবে,𑄞𑄨𑄎𑄬𑄣𑄬 𑄚𑄧𑄢𑄧𑄟𑄴 𑄦𑄧𑄝𑄧।,Future
সে সেই কচ্ছপটাকে টেনে নিে পানিতে একটা ব মলা ডুবে গেল,𑄥𑄬𑄚𑄬 𑄥𑄨𑄠𑄣𑄳𑄠 𑄘𑄪𑄢𑄴𑄝𑄮𑄢𑄬 𑄑𑄚𑄨 𑄑𑄚𑄨 𑄛𑄚𑄨𑄖𑄴 𑄃𑄬𑄇𑄴𑄇𑄱 𑄝𑄧𑄢𑄴 𑄟𑄮𑄢𑄮𑄋𑄧𑄖𑄴 𑄞𑄨𑄎𑄬𑄃𑄨 𑄖𑄧𑄣𑄧𑄉𑄧𑄃𑄨।,Past
কচ্ছপটা জুে লাফিে লাফিে পানির তলা চলে গেল,"𑄘𑄪𑄢𑄴𑄝𑄮 𑄎𑄪 𑄛𑄬𑄃𑄨 𑄊𑄪𑄢𑄴 𑄊𑄪𑄢𑄴, 𑄊𑄪𑄢𑄴 𑄊𑄪𑄢𑄴 𑄉𑄧𑄢𑄨 𑄌𑄖𑄬𑄴𑄃𑄨 𑄌𑄖𑄬𑄴𑄃𑄨 𑄙𑄬𑄃𑄨 𑄉𑄬𑄣𑄧 𑄛𑄚𑄨 𑄖𑄧𑄣𑄖𑄴।",Past
পানি জীবন পানি মরণ,𑄛𑄚𑄨 𑄎𑄨𑄝𑄧𑄚𑄴 𑄛𑄚𑄨 𑄟𑄧𑄢𑄧𑄚𑄴,Present
বোইন পথ আমি আর বোইনটা ঘুম থেকে উঠে পেছি,𑄝𑄬𑄚𑄳𑄠𑄬 𑄛𑄧𑄖𑄳𑄠𑄬 𑄟𑄧𑄚𑄴𑄚 𑄃 𑄙𑄧𑄚𑄧 𑄘𑄨-𑄞𑄬𑄃𑄨-𑄞𑄮𑄚𑄴 𑄊𑄪𑄟𑄧𑄖𑄴𑄪𑄚𑄴 𑄃𑄪𑄘𑄨 𑄛𑄮𑄢𑄧 𑄛𑄢𑄧𑄖𑄴 𑄝𑄬𑄢𑄘𑄧𑄚𑄴।,Present
তাদেরকে দিে তারা গ্রামের সমে এসেছে,𑄖𑄢𑄳𑄦𑄢𑄬 𑄘𑄬𑄚𑄬𑄃𑄨 𑄖𑄢𑄳𑄦 𑄃𑄘𑄟𑄧𑄢𑄴 𑄥𑄚𑄴𑄖𑄧 𑄖𑄬𑄠𑄧 𑄛𑄮𑄢𑄮 𑄛𑄢𑄧𑄖𑄴 𑄃𑄬𑄚𑄬𑄃𑄨 𑄖𑄢𑄳𑄦 𑄥𑄧𑄟𑄢𑄬 𑄟𑄨𑄎𑄬𑄣𑄧𑄉𑄨।,Present
আমার স্বামী এক কেজি চাল দিে স্কেটিং করতেছে,𑄟𑄧𑄚𑄴𑄚 𑄃 𑄥𑄚𑄴𑄖𑄧 𑄃𑄬𑄇𑄴 𑄇𑄬𑄣𑄎𑄧𑄖𑄴 𑄳𑄝𑄳𑄢𑄨𑄖𑄨𑄠𑄧 𑄥𑄳𑄢𑄬𑄕𑄨𑄖𑄴 𑄛𑄧𑄢𑄧𑄚𑄴।,Present
ধন এক মুঠো করে হাতে নিে আসে,𑄙𑄧𑄚𑄧 𑄃𑄬𑄇𑄴𑄇𑄱 𑄝𑄮𑄣𑄴 𑄦𑄘𑄧𑄖𑄴 𑄉𑄧𑄢𑄨 𑄃𑄚𑄳𑄠𑄬।,Present
ধনলতার পাে বল খেলা হ,𑄙𑄧𑄚𑄧𑄣𑄧𑄃𑄨 𑄛𑄮𑄢𑄮 𑄛𑄢𑄧𑄖𑄴 𑄝𑄮𑄣𑄴𑄣𑄮𑄣𑄧𑄃𑄨 𑄘𑄨-𑄎𑄨𑄚𑄬 𑄈𑄢 𑄦𑄧𑄘𑄧𑄚𑄴।,Present
খেলা করতে করতে বলে পে গেল,𑄈𑄢 𑄦𑄧𑄘𑄬 𑄦𑄧𑄘𑄬 𑄝𑄧𑄣𑄴𑄣𑄱 𑄛𑄮𑄢𑄮𑄖𑄴 𑄛𑄧𑄢𑄨 𑄉𑄬𑄣𑄧𑄉𑄮𑄃𑄨।,Past
বইটা দেখতে দেখতে অনেক দূরে নিে যা,𑄝𑄮𑄣𑄴𑄣𑄱 𑄘𑄬𑄉𑄧𑄘𑄬 𑄘𑄬𑄉𑄧𑄘𑄬 𑄝𑄧𑄠𑄬𑄢𑄬 𑄘𑄪𑄢𑄮𑄖𑄴 𑄚𑄬𑄡𑄢𑄴।,Present
ধন পাকা করে পানিতে ঝাপ দিলাম,𑄙𑄧𑄚𑄧 𑄛𑄇𑄴𑄇𑄣𑄇𑄴 𑄉𑄧𑄢𑄨 𑄘𑄨𑄣𑄧 𑄛𑄚𑄨𑄖𑄴 𑄏𑄟𑄴।,Past
ধন স্যাঁতসেঁতে না খেলে পানিতে পে,𑄙𑄧𑄚𑄧 𑄥𑄎𑄪𑄢𑄨 𑄚𑄧-𑄎𑄚𑄬 𑄛𑄚𑄨𑄖𑄴 𑄔𑄪𑄝𑄬𑄢𑄴𑄣𑄧𑄃𑄨।,Present
মলাটা বেশি বেশি তার বাপকে দািে দে,𑄟𑄧𑄚𑄴𑄚 𑄇𑄨𑄎𑄬𑄇𑄴 𑄇𑄨𑄎𑄬𑄇𑄴 𑄖 𑄝𑄝𑄧𑄢𑄬 𑄓𑄉𑄬𑄢𑄴।,Present
সেইদিন দুপুরে বিালটা পানিতে পতেছে,𑄥𑄬𑄘𑄨𑄚𑄳𑄠 𑄃𑄨𑄇𑄴𑄇𑄪𑄣𑄧𑄖𑄴 𑄝𑄨𑄉𑄳𑄠𑄚𑄴 𑄥𑄢𑄬 𑄛𑄚𑄨𑄣𑄧𑄃𑄨 𑄛𑄧𑄢𑄢𑄴।,Present
".পজ্জোন হলো পানির জীবন,পানির মরণ","𑄛𑄧𑄢𑄉𑄚𑄴 𑄦𑄧𑄣𑄧𑄘𑄬 𑄛𑄚𑄨 𑄎𑄨𑄝𑄧𑄚𑄴, 𑄛𑄚𑄨 𑄟𑄧𑄢𑄧𑄚𑄴।",Present
".সারের মতো পানি খেে আমরা,পানিতে গোসল করি, পানিতে গাে গোসল করি","𑄥𑄢𑄬 𑄇𑄧𑄖𑄬𑄴 𑄛𑄚𑄨 𑄈𑄬𑄃𑄨𑄚𑄬 𑄃𑄟𑄨, 𑄛𑄚𑄨 𑄖𑄨𑄢𑄮𑄌𑄴 𑄟𑄢𑄨, 𑄛𑄚𑄨𑄣𑄧𑄃𑄨 𑄢𑄚-𑄝𑄢 𑄉𑄧𑄢𑄨, 𑄛𑄚𑄨𑄖𑄴 𑄉𑄘𑄨, 𑄛𑄚𑄨𑄖𑄴 𑄇𑄝𑄧𑄢𑄴 𑄙𑄮𑄠𑄴।",Present
মানুষ পানি না থাকলে কিছুক্ষণ পর পর বন্যা হ,𑄟𑄚𑄪𑄥𑄴 𑄛𑄚𑄨 𑄚𑄧-𑄗𑄬𑄣𑄬 𑄈𑄇𑄴𑄧𑄚𑄴 𑄚𑄧-𑄝𑄎𑄧𑄚𑄴।,Present
.সান্ত মনে মনে পানি মরে যাবে,𑄥𑄚𑄴𑄖𑄧 𑄟𑄧𑄚𑄬 𑄟𑄧𑄚𑄬 𑄞𑄝𑄬𑄖𑄬𑄴 𑄛𑄚𑄨 𑄟𑄧𑄢𑄧𑄚𑄴 𑄦𑄧𑄝𑄧।,Future
.পানির নলে মাা একটুও চলে না,𑄛𑄚𑄨 𑄚𑄧𑄣𑄬 𑄟𑄚𑄴𑄎𑄳𑄠𑄧𑄢𑄴 𑄈𑄇𑄴𑄧𑄚𑄴 𑄚𑄧 𑄌𑄧𑄣𑄬।,Present
পানিতে ডুবে যাওার শব্দ,𑄛𑄚𑄨𑄠𑄬 𑄟𑄚𑄴𑄎𑄳𑄠𑄧𑄢𑄴 𑄎𑄨𑄝𑄧𑄚𑄴 𑄝𑄎𑄠𑄴 𑄞𑄨𑄣𑄨 𑄛𑄚𑄨 𑄎𑄨𑄝𑄧𑄚𑄴।,Present
"আরেক কথা বলে,পানি দিে মানুষটাকে মেরে ফেলবে","𑄃𑄢𑄬𑄇𑄴 𑄇𑄧𑄙𑄖𑄴 𑄥𑄢𑄬 𑄇𑄧𑄖𑄬𑄴, 𑄛𑄚𑄨𑄠𑄬 𑄡𑄬𑄚𑄴 𑄟𑄚𑄪𑄎𑄧𑄢𑄬 𑄝𑄎𑄚𑄴 𑄥𑄬𑄚𑄴 𑄛𑄚𑄨 𑄟𑄚𑄴𑄎𑄳𑄠𑄧𑄢𑄬 𑄟𑄢𑄨 𑄜𑄬𑄣𑄠𑄴।",Future
একা একা পানিতে ঝাপ দিলে মানুষ মারা যা,𑄥𑄎𑄪𑄢𑄨 𑄚𑄧-𑄎𑄚𑄨𑄣𑄬 𑄛𑄚𑄨𑄖𑄴 𑄏𑄟𑄴 𑄘𑄨𑄣𑄬 𑄛𑄚𑄨𑄖𑄴 𑄓𑄪𑄝𑄨 𑄟𑄚𑄪𑄥𑄴 𑄟𑄧𑄢𑄧𑄚𑄴।,Present
"গরম পানি পে শরীর ফেটে যা, ফোঁা উঠে","𑄉𑄧𑄢𑄧𑄟𑄴 𑄛𑄚𑄨 𑄇𑄬𑄠𑄬𑄖𑄴 𑄛𑄧𑄣𑄬 𑄇𑄬𑄠𑄬 𑄦𑄬𑄢𑄬𑄃𑄨 𑄡𑄠𑄴, 𑄜𑄧𑄏 𑄃𑄪𑄘𑄬।",Present
.এই মলার পানি খেলে শরীরে অনেক অসুখ করে।,𑄃 𑄇𑄎𑄧𑄢𑄴 𑄛𑄚𑄨 𑄈𑄬𑄣𑄬 𑄚𑄚𑄋𑄴 𑄃𑄧𑄥𑄪𑄈𑄳𑄠 𑄎𑄨𑄝𑄚𑄪 𑄛𑄬𑄘𑄧𑄖𑄴 𑄡𑄬𑄃𑄨 𑄇𑄬𑄠𑄬𑄖𑄴 𑄚𑄚𑄋𑄴 𑄃𑄧𑄥𑄪𑄈𑄴 𑄉𑄧𑄢𑄨 𑄘𑄬𑄠𑄴।,Present
".সে কেকটা পানির মরণ, সান্ত পোকাটা ভালো করে বুঝালো","𑄥𑄬𑄚𑄧𑄖𑄳𑄠𑄬 𑄇𑄧𑄠𑄴𑄘𑄬 𑄛𑄚𑄨 𑄟𑄧𑄢𑄧𑄚𑄴, 𑄥𑄚𑄴𑄖𑄧 𑄛𑄧𑄢𑄉𑄚𑄴 𑄘𑄮𑄣𑄬𑄃𑄨 𑄝𑄪𑄏𑄨𑄣𑄧।",Past
জীবন-মরন এই দুই জনের পানির লার্ভা বুঝেছিল,𑄎𑄨𑄝𑄧𑄚𑄴-𑄟𑄧𑄢𑄧𑄚𑄴 𑄃𑄬𑄃𑄨 𑄘𑄨𑄠𑄬𑄚𑄧𑄢𑄴 𑄛𑄚𑄨𑄢𑄴 𑄣𑄢𑄴𑄎𑄢𑄴 𑄝𑄪𑄏𑄨 𑄛𑄢𑄨𑄣𑄧।,Past
বইের বো এক প্রজাতির মাছ,𑄝𑄱𑄠 𑄝𑄬𑄋𑄴 𑄃 𑄛𑄪𑄘𑄨 𑄟𑄌𑄴,Present
আমার মুখে একটি ছোট ছাা আসলো,𑄟𑄪𑄢𑄧 𑄌𑄬𑄢𑄬 𑄃𑄬𑄇𑄴𑄇𑄚𑄴 𑄌𑄨𑄉𑄮𑄚𑄴 𑄍𑄧𑄢 𑄃𑄬𑄣𑄧 ।,Past
খরার গরমে ছাটা সেরে গেছে,𑄈𑄧𑄢𑄚𑄳𑄠 𑄉𑄧𑄢𑄧𑄟𑄧𑄖𑄴 𑄍𑄧𑄢𑄚𑄴 𑄥𑄪𑄉𑄬 𑄡𑄬𑄃𑄨𑄠𑄬 ।,Present
বাই মাছটা পানিতে পছে,𑄝𑄱𑄃𑄝𑄬𑄋𑄴𑄃𑄪 𑄃 𑄛𑄪𑄘𑄨 𑄟𑄎𑄴𑄌𑄱 𑄛𑄚𑄨𑄖𑄴𑄖𑄬𑄃𑄨 𑄜𑄧𑄝𑄘𑄧𑄚𑄴 ।,Present
দুই-বানর চোখের পানি বেে পরলো,𑄘𑄨-𑄝𑄧𑄚𑄧𑄢𑄴 𑄌𑄱𑄉𑄬𑄘𑄨 𑄛𑄚𑄨 𑄝𑄬𑄃𑄨 𑄛𑄧𑄢𑄬𑄣𑄴𑄣𑄨 ।,Past
.পুটি মাছটা মরে যাচ্ছে,𑄛𑄪𑄘𑄨 𑄟𑄌𑄴𑄌𑄱 𑄇𑄧𑄖𑄴𑄖𑄬 𑄟𑄧𑄢𑄨 𑄡𑄋𑄧𑄣𑄴𑄣𑄮𑄃𑄨 ।,Present
বইের বো বলে-আমি মরে যাচ্ছি,𑄝𑄱𑄠 𑄝𑄬𑄋𑄴𑄋𑄮 𑄇𑄧𑄖𑄴𑄖𑄬-'𑄟𑄪𑄃𑄨𑄃𑄧 𑄟𑄧𑄢𑄨 𑄡𑄋𑄧𑄢𑄴' ।,Present
.আকাশটা হঠাৎ করে মেঘলা করলো,𑄃-𑄘𑄨𑄇𑄴𑄇𑄳𑄠 𑄉𑄧𑄢𑄨 𑄘𑄬𑄝𑄝𑄱 𑄟𑄬𑄃𑄪𑄣𑄮 𑄉𑄧𑄣𑄴𑄣𑄧 ।,Past
বইের বোটা একটা মাছ ধরার জন্য খোঁজা হছে,𑄝𑄱𑄠 𑄝𑄬𑄋𑄴 𑄃 𑄛𑄪𑄘𑄨 𑄟𑄌𑄴𑄌𑄱 𑄈𑄪𑄎𑄨 𑄦𑄧𑄣𑄇𑄴 ।,Present
তারা খুশি নাকি নাচ করছে,𑄖𑄢 𑄈𑄪𑄎𑄨𑄠𑄬 𑄚𑄎𑄧𑄘𑄧𑄚𑄴 ।,Present
দুই-বোন নাচতে নাচতে পানিতে ডুবে গেল,𑄘𑄨-𑄝𑄧𑄚𑄬 𑄚𑄎𑄧𑄘𑄬 𑄚𑄎𑄧𑄘𑄬 𑄛𑄚𑄨𑄖𑄴 𑄓𑄪𑄝𑄨𑄣𑄇𑄴𑄮𑄧𑄃𑄨 ।,Past
বানরটা ঘুরতেছে,𑄝𑄚𑄴𑄘𑄧𑄢𑄴𑄝𑄱 𑄝𑄬𑄢𑄣𑄴𑄣𑄨,Present
বানরটা হাতির বািতে বোতে এসেছে,𑄝𑄚𑄴𑄘𑄧𑄢𑄴𑄝𑄱 𑄦𑄬𑄖𑄴𑄖𑄱 𑄊𑄧𑄢𑄧𑄖𑄴 𑄝𑄬𑄢 𑄃𑄬𑄥𑄴𑄌𑄳𑄠 ।,Present
দািে দািে তারা খুঁজতেছে,𑄘𑄬𑄉 𑄦𑄮𑄃𑄨 𑄖𑄢 𑄈𑄪𑄎𑄨𑄠𑄬 𑄃𑄎𑄃𑄎𑄨 𑄉𑄧𑄖𑄴𑄖𑄧𑄚𑄴 ।,Present
তাদের গ্রাম ঘুরে চাঁদ,𑄖𑄢 𑄃𑄘𑄟𑄚𑄴 𑄊𑄪𑄢𑄨 𑄌𑄘𑄧𑄚𑄴 ।,Present
সব বািে অসুস্থ হেছে,𑄝𑄬𑄇𑄴 𑄊𑄧𑄢𑄚𑄨𑄖𑄴 𑄛𑄨𑄢𑄬𑄣𑄴𑄣𑄳𑄠 𑄘𑄬𑄉𑄨𑄣𑄇𑄴 ।,Present
বানরটা কথা বলে-তারা ঔষুধ খা না,𑄝𑄚𑄴𑄘𑄧𑄢𑄴𑄝𑄱 𑄇𑄧𑄣𑄧-𑄖𑄢 𑄘𑄢𑄪 𑄚𑄧 𑄈𑄚𑄴 ।,Present
"হেত্তো কোকিলগুলো ঔষুধও খা, ভালো করে থাকে","𑄦𑄬𑄖𑄴𑄖𑄱 𑄇𑄧𑄣𑄧-𑄃𑄪𑄉𑄪𑄚𑄬 𑄘𑄢𑄪𑄠𑄮 𑄈𑄚𑄴, 𑄉𑄧𑄟𑄮 𑄗𑄚𑄴 ।",Present
কদিন পর আবার অসুস্থ হ,𑄇𑄧𑄠𑄬𑄇𑄘𑄨𑄚𑄴 𑄝𑄘𑄬 𑄃𑄢𑄧 𑄛𑄨𑄢𑄬 𑄛𑄧𑄢𑄧𑄚𑄴 ।,Present
তাদের পাহািটা এখানে গেল,𑄖𑄢 𑄛𑄮𑄢𑄴𑄝𑄱 𑄃𑄨𑄙𑄪 𑄉𑄬𑄣𑄇𑄴 ।,Past
তারা দুইজন মিলে পানি খা,𑄖𑄢 𑄘𑄬𑄣𑄇𑄴𑄇𑄬 𑄖𑄨𑄚𑄴𑄚𑄱 𑄦𑄬𑄟𑄚𑄬 𑄛𑄚𑄨 𑄈𑄘𑄧𑄚𑄴 ।,Present
বানরটা কল-পুলের পানিটা মুছতেছে,𑄝𑄚𑄴𑄘𑄧𑄢𑄴𑄝𑄱 𑄇𑄧𑄣𑄧-𑄛𑄮𑄢𑄴𑄝𑄱 𑄛𑄚𑄨𑄠𑄚𑄴 𑄇𑄎𑄧𑄢𑄴 ।,Present
.কোন কোন জাগা থেকে পানি খা?,𑄃 𑄇𑄧𑄚𑄴 𑄇𑄧𑄚𑄴 𑄎𑄉𑄖𑄴𑄖𑄪𑄚𑄴 𑄛𑄚𑄨 𑄈𑄚𑄴 ?,Present
বানরটা কল,𑄝𑄚𑄴𑄘𑄧𑄢𑄴𑄝𑄱 𑄇𑄧𑄣𑄧 ।,Present
বানরটা কলসে পানিগুলো গরম করে খেতে হবে,𑄝𑄚𑄴𑄘𑄧𑄢𑄴𑄝𑄱 𑄇𑄧𑄣𑄧-𑄃𑄬 𑄛𑄚𑄨𑄃𑄚𑄨 𑄉𑄧𑄢𑄧𑄟𑄴 𑄉𑄧𑄢𑄨 𑄈 𑄛𑄧𑄢𑄨𑄝𑄮 ।,Future
"১. ৩. ৩. ১. ১. ১. (দা, ছুরি প্রভৃতি) শান দেওা",𑄷𑄹,Present
বানরটা আর কল-বোতে বো ভালো,𑄝𑄚𑄴𑄘𑄧𑄢𑄴𑄝𑄱 𑄃𑄢𑄧 𑄇𑄧𑄣𑄧-𑄝𑄬𑄉𑄧𑄖𑄴𑄖𑄪𑄚𑄴 𑄝𑄬𑄥𑄴 𑄉𑄧𑄟𑄴,Present
পানি হলো পান করার পানি,𑄛𑄚𑄨 𑄦𑄧𑄣𑄧 𑄛𑄠𑄬𑄝𑄧 𑄛𑄚𑄨 (𑄚𑄨𑄢𑄛𑄧𑄖𑄴)।,Present
১. ১. ১. এক জাতী বুনো ফল; ২. এক জাতী সবজি,𑄷𑄺,Present
বিদ্যুৎ চমকানো,𑄏𑄨𑄟𑄨𑄘𑄧𑄢𑄴 𑄉𑄧𑄟𑄴 𑄗𑄚,Present
"রগচটা, রগচটা",𑄢𑄧𑄎𑄬𑄠𑄬 : 𑄃𑄪𑄇𑄳𑄢𑄌𑄨𑄋𑄴 𑄟𑄢𑄴𑄟,Present
এক পাে জুম বলা আছে,𑄃𑄬𑄇𑄴𑄇𑄮 𑄟𑄮𑄚𑄧𑄖𑄴 𑄎𑄪𑄟𑄴 𑄝𑄧𑄣 𑄗𑄬𑄘𑄇𑄴 ।,Present
"তা জুমের মাা, চিটিংবাজ, মেেটা অনেক বে আসলো","𑄗 𑄎𑄪𑄟𑄧𑄖𑄴 𑄟𑄟𑄴𑄟𑄢, 𑄌𑄨𑄚𑄴𑄘𑄨𑄢𑄬, 𑄟𑄮𑄇𑄴𑄇𑄳𑄠 𑄎𑄧𑄘𑄧𑄝𑄧𑄘𑄬 𑄃𑄬𑄣𑄇𑄴 ।",Past
গুলতিগুলো দেখতে সুন্দর,𑄉𑄪𑄣𑄧𑄃𑄪𑄚𑄴 𑄘𑄬𑄉𑄨𑄌𑄚𑄃𑄨 𑄝𑄚𑄴𑄘𑄧𑄢𑄪𑄚𑄧𑄢𑄴 𑄈𑄪𑄝𑄴 𑄣𑄮𑄝𑄴 𑄃𑄧𑄣𑄧 ।,Present
.মেে শুকরগুলো চামা দিে তাদের খাওার শখ হলো,𑄟𑄮𑄇𑄴𑄇𑄬 𑄥𑄪𑄉𑄪𑄢𑄨 𑄉𑄪𑄣𑄧𑄃𑄪𑄚 𑄌𑄘𑄉𑄨𑄌𑄚𑄃𑄨 𑄖𑄢𑄢𑄴 𑄈𑄬𑄝𑄢𑄴 𑄙𑄢𑄌𑄴 𑄦𑄧𑄣𑄧 ।,Past
বানরগুলো সলাপরামর্শ করে,𑄝𑄚𑄴𑄘𑄧𑄢𑄪𑄚𑄬 𑄥𑄧𑄣𑄴𑄣 𑄉𑄧𑄣𑄴𑄣𑄇𑄴 ।,Present
ভান্ডটা মাা করে খা,"𑄞𑄚𑄴𑄘𑄧𑄢𑄪𑄚𑄬 𑄟𑄟𑄴𑄟𑄢, 𑄌𑄨𑄚𑄴𑄘𑄨𑄢𑄬 𑄌𑄪𑄢𑄴 𑄉𑄧𑄢𑄨 𑄈𑄘𑄧𑄚𑄴 ।",Present
গিরাটা জুমে জাল পলো,𑄉𑄨𑄢𑄮𑄌𑄴𑄌𑄪𑄤𑄧 𑄎𑄪𑄟𑄧𑄖𑄴 𑄎𑄣𑄴 𑄛𑄘𑄨 𑄗𑄧𑄣𑄧 ।,Present
তার জুমের বানরগুলো আসতেছে,𑄖 𑄇𑄬𑄣𑄴𑄣𑄳𑄠 𑄎𑄪𑄟𑄧𑄖𑄴 𑄝𑄚𑄴𑄘𑄧𑄢𑄪𑄚𑄴 𑄃𑄬𑄥𑄴𑄥𑄧𑄚𑄴 ।,Present
.র শুনে গিেটা বাচ্চাটাকে ধরে নিে গেল,𑄢𑄧 𑄥𑄪𑄚𑄨 𑄉𑄨𑄢𑄮𑄌𑄴𑄌𑄪𑄤𑄧 𑄟𑄪𑄉𑄮𑄢𑄴 𑄙𑄧𑄢𑄨 𑄣𑄧𑄢 𑄙𑄧𑄣𑄴𑄣𑄧 ।,Past
.ঢেে বরই একটা বানর জালিে বসলো।,𑄔𑄧𑄢𑄬 𑄝𑄧𑄢𑄬 𑄃𑄬𑄇𑄴𑄇𑄮 𑄝𑄚𑄴𑄘𑄧𑄢𑄴 𑄎𑄣𑄧𑄖𑄴 𑄝𑄎𑄨𑄣𑄧 ।,Past
.সে একদিন কুস্তি প্রতিযোগিতা করে।,𑄥𑄨𑄠𑄬𑄣𑄴𑄣𑄬 𑄃𑄬𑄇𑄴𑄘𑄨𑄚𑄳𑄠 𑄝𑄎𑄨 𑄝𑄎𑄢𑄴 ।,Present
তার বাজির শুনা ইঁদুরগুলো কেে আসলো,𑄖 𑄝𑄎𑄨 𑄢𑄧 𑄥𑄪𑄚𑄨 𑄃𑄪𑄚𑄴𑄘𑄪𑄢𑄪𑄚𑄴 𑄇𑄠𑄴 𑄃𑄬𑄣𑄇𑄴 ।,Past
.সে শুধু বেঁচে থাকবে এবং মেরে যাবে।,𑄥𑄨𑄠𑄬𑄣𑄴𑄣𑄬𑄢𑄴 𑄝𑄎𑄨 𑄢𑄧𑄝𑄱 𑄃𑄢𑄧 𑄟𑄨𑄘𑄬 𑄃𑄧𑄣𑄧 ।,Future
কুকুরটা তাাতাি খেে আসলো,𑄇𑄪𑄉𑄪𑄢𑄴𑄝𑄱 𑄃 𑄝𑄨𑄣𑄬𑄃𑄨𑄝𑄱 𑄥𑄨𑄠𑄬𑄣𑄴𑄣𑄬 𑄇𑄠𑄴 𑄃𑄬𑄣𑄇𑄴 ।,Past
.সে তাদেরকে দেখে অনেক খুশি,𑄥𑄨𑄠𑄬𑄣𑄴𑄣𑄬 𑄖𑄢𑄢𑄬 𑄘𑄬𑄉𑄨𑄚𑄬𑄃𑄨 𑄎𑄧𑄘𑄧𑄝𑄧𑄘𑄬 𑄈𑄪𑄎𑄨 𑄃𑄧𑄣𑄧 ।,Present
ইঁদুরগুলো এই বাচ্চাটাকে ঘিলিে ধরলো,𑄃𑄪𑄚𑄴𑄘𑄪𑄢𑄪𑄚𑄬 𑄇𑄪𑄉𑄪𑄢𑄴𑄝𑄱 𑄃 𑄝𑄨𑄣𑄬𑄃𑄨𑄝𑄱𑄢𑄬 𑄊𑄨𑄢𑄨 𑄙𑄧𑄢𑄴𑄣𑄇𑄴 ।,Past
তাদের দেখে কুকুরটি ঘেউ ঘেউ করতেছে।,𑄖𑄢𑄢𑄬 𑄘𑄬𑄉𑄨𑄚𑄬𑄃𑄨 𑄇𑄪𑄉𑄪𑄢𑄴𑄝𑄱 𑄃 𑄝𑄨𑄣𑄬𑄃𑄨𑄝𑄱 𑄓𑄢𑄬𑄣𑄇𑄴 ।,Present
ভীতু কুকুরটি তাাতাি চলে গেল,𑄓𑄧𑄢𑄬 𑄇𑄪𑄉𑄪𑄢𑄴𑄝𑄮 𑄃 𑄝𑄨𑄣𑄬𑄭𑄝𑄮 𑄙𑄬𑄃𑄨 𑄉𑄬𑄣𑄇𑄴 ।,Past
ইঁদুরগুলো মন ভালো করে সেটার জন্য অপেক্ষা করতেছে,𑄃𑄪𑄚𑄴𑄘𑄪𑄢𑄪𑄚𑄬 𑄟𑄧𑄚𑄧 𑄥𑄪𑄉𑄬 𑄥𑄨𑄠𑄬𑄣𑄴𑄣𑄬𑄢𑄴 𑄝𑄎𑄨 𑄢𑄧 𑄥𑄚𑄴𑄉𑄧𑄚𑄴 ।,Present
মেলা বাি,𑄟𑄬𑄣 𑄊𑄧𑄢𑄴,Present
পাহাের ঝর্ণা পতেছি,𑄟𑄪𑄃𑄨 𑄃𑄧𑄋𑄴𑄇𑄪𑄢𑄴 𑄃𑄨𑄥𑄴𑄇𑄪𑄣𑄧𑄖𑄴 𑄛𑄧𑄢𑄧𑄋𑄴 ।,Present
বোর মেলা হ,𑄝𑄬𑄝𑄬𑄢𑄴 𑄟𑄬𑄣 𑄦𑄧𑄢𑄴 ।,Present
.মেলা মা বোইটা ছোট হে এসেছে,𑄟𑄬𑄣𑄖𑄴 𑄟𑄃 𑄞𑄬𑄃𑄨𑄝𑄱 𑄌𑄨𑄉𑄧𑄚𑄴𑄌𑄚𑄬 𑄃𑄬𑄥𑄴𑄌𑄳𑄠 ।,Present
সে আমার মা,𑄖𑄬 𑄟𑄧𑄢𑄴 𑄟𑄧𑄢𑄴 𑄟𑄮𑄣𑄴𑄣𑄳𑄠 ।,Present
বাপের ব ভাইটা আমার জন্য অপেক্ষা করতেছে,𑄝𑄝𑄢𑄴 𑄓𑄋𑄧𑄢𑄴 𑄞𑄬𑄃𑄨𑄝𑄱 𑄛𑄪𑄚𑄴𑄚𑄧 𑄟𑄧𑄢𑄴 𑄎𑄬𑄖𑄴𑄖 ।,Present
যেখানে সেখানে,𑄎𑄨𑄘𑄪𑄣𑄮𑄃𑄨 𑄎𑄬𑄘𑄬𑄃𑄨 ।,Present
.আলু দিে নানু এসেছে,𑄃𑄎𑄪𑄣𑄮𑄃𑄨 𑄚𑄚𑄪 𑄃𑄬𑄥𑄴𑄌𑄱𑄚𑄴 ।,Present
বোই বোনে এসেছে,𑄝𑄬𑄝𑄬𑄣𑄮𑄃𑄨 𑄝𑄮𑄚𑄮𑄃𑄨 𑄃𑄬𑄥𑄴𑄌𑄱𑄚𑄴 ।,Present
মেলা আমাদের কুমাটা আগুন দিচ্ছে,𑄟𑄬𑄣𑄖𑄴 𑄃𑄟 𑄇𑄪𑄘𑄪𑄟𑄴𑄟𑄱𑄉𑄪𑄚𑄴 𑄃𑄬𑄥𑄴𑄌𑄱𑄚𑄴 ।,Present
বোই মেেে অনেক রং করলো,𑄝𑄬𑄝𑄬𑄃𑄨 𑄟𑄨𑄖𑄢𑄴 𑄟𑄬𑄣𑄖𑄴 𑄃𑄧𑄟𑄧𑄇𑄧𑄘𑄧 𑄢𑄧𑄋𑄴𑄘𑄧𑄋𑄴 𑄉𑄧𑄣𑄴𑄣𑄧𑄋𑄴 ।,Past
"রগচটা, রগচটা",𑄢𑄧𑄎𑄬𑄠𑄬 : 𑄉𑄮𑄛𑄨𑄚𑄗𑄴 𑄖𑄳𑄢𑄨𑄛𑄪𑄢,Present
বিালের তাাতাি এই রানাটা খুব পছন্দ,𑄝𑄨𑄎𑄪 𑄃𑄬𑄥𑄴𑄌𑄳𑄠𑄬 𑄖𑄚𑄳𑄠𑄝𑄨 𑄃 𑄢𑄚𑄳𑄠𑄝𑄨 𑄈𑄪𑄝𑄴 𑄈𑄪𑄎𑄨 ।,Present
তাাতাি ফুল তুলতেছে,𑄗𑄢 𑄝𑄨𑄎𑄪 𑄘𑄨𑄚𑄧𑄖𑄴 𑄜𑄪𑄣𑄴 𑄖𑄪𑄣𑄧𑄘𑄧𑄚𑄴 ।,Present
থারা বিজুে বািটা সুন্দর হেছে,𑄗𑄢 𑄝𑄨𑄎𑄪𑄢𑄴 𑄜𑄪𑄣𑄴𑄣𑄮𑄃𑄨 𑄊𑄧𑄢𑄴 𑄥𑄎𑄬𑄠𑄭𑄚𑄴 ।,Present
তাা বো পথে গািে পে গেল,𑄗𑄢 𑄝𑄬𑄚𑄳𑄠 𑄛𑄧𑄖𑄳𑄠𑄬 𑄉𑄘𑄨𑄚𑄳𑄠𑄃𑄨𑄚𑄱 𑄥𑄪𑄣𑄪𑄟𑄴 𑄃𑄪𑄢𑄨𑄣𑄇𑄴 ।,Past
না জামা পে মা-বাবার সাথে কিে যা,𑄚𑄱 𑄥𑄪𑄣𑄪𑄟𑄴 𑄃𑄪𑄢𑄨 𑄟-𑄝𑄝𑄧 𑄣𑄧𑄉𑄬 𑄇𑄨𑄠𑄧𑄋𑄧𑄖𑄴 𑄡𑄨𑄠𑄧𑄚𑄴 ।,Present
দুইজনে মিলে রসালো জুস খা,𑄘𑄨-𑄝𑄮𑄚𑄬 𑄥𑄧𑄟𑄎𑄳𑄠𑄃𑄪𑄚𑄴 𑄣𑄮𑄃𑄨 𑄝𑄪𑄎𑄨𑄢𑄴 𑄛𑄎𑄧𑄚𑄴 𑄈𑄘𑄧𑄚𑄴 ।,Present
.তানাার সম খাবার সম পেলে উপরে উঠে গেল।,𑄖𑄚𑄳𑄠𑄝𑄨𑄢𑄴 𑄈𑄬𑄝𑄢𑄴 𑄃𑄉𑄬𑄘𑄨 𑄛𑄬𑄣𑄬𑄖𑄧𑄖𑄮 𑄃𑄪𑄉𑄪𑄢𑄬 𑄝𑄨𑄣𑄬𑄃𑄨𑄝𑄱 𑄜𑄣𑄴𑄘𑄨𑄣𑄧 ।,Past
.তার বিচি মাটিতে পলো,𑄖𑄚𑄳𑄠𑄝𑄨𑄢𑄴 𑄛𑄬𑄣𑄬𑄖𑄴𑄖𑄮 𑄟𑄘𑄨𑄖𑄴 𑄛𑄧𑄣𑄴𑄣𑄧 ।,Present
"বিলাইটাকে মারিে নিে যাচ্ছে,বিালটা থেমে গেল","𑄝𑄨𑄣𑄬𑄃𑄨𑄝𑄱𑄢𑄬 𑄟𑄢𑄨𑄝𑄖𑄳𑄠𑄬𑄃𑄨 𑄣𑄧𑄢𑄘𑄧𑄚𑄴, 𑄝𑄨𑄣𑄬𑄃𑄨𑄝𑄱 𑄙𑄬𑄃𑄨 𑄡𑄢𑄴𑄣𑄮𑄃𑄨 ।",Past
"বিঝু, বিঝু",𑄝𑄨𑄎𑄪,Present
"রগচটা, গোঁার, গোঁার",𑄢𑄧𑄎𑄬𑄠𑄬 :,Present
১ নম্বর বিজ্ঞপ্তি: ২০০৯,𑄷 𑄚𑄧𑄟𑄴𑄝𑄧𑄢𑄴 𑄜𑄧𑄉𑄧𑄘𑄋𑄴 : 𑄸𑄶𑄶𑄿,Present
.দুই নম্বর বিজ্ঞপ্তি:২০১৪,𑄸 𑄚𑄧𑄟𑄴𑄝𑄧𑄢𑄴 𑄜𑄧𑄉𑄧𑄘𑄋𑄴 : 𑄸𑄶𑄷𑄺,Present
কি সুন্দর আমার এই চেহারা,𑄇𑄳𑄦𑄨 𑄘𑄮𑄣𑄴 𑄟𑄧 𑄃𑄬 𑄘𑄬𑄌𑄴𑄌𑄚𑄴,Present
কিছু নেই এরকম,𑄇𑄨𑄌𑄴𑄪 𑄚𑄬𑄭 𑄃𑄪𑄚𑄧,Present
এখানে পাহাে পাহাে শক্ত শক্ত পা,𑄃𑄊𑄧𑄚𑄴 𑄃𑄨𑄠𑄮𑄖𑄴 𑄟𑄪𑄢𑄳𑄦𑄧 𑄟𑄪𑄢𑄳𑄦𑄨 𑄃𑄧𑄎𑄧𑄣𑄴 𑄃𑄧𑄎𑄧𑄣𑄴 𑄟𑄮𑄚𑄴,Present
"এখানে ছা ছি, কলক, বিল, ভুই","𑄃𑄊𑄬 𑄃𑄨𑄠𑄮𑄖𑄴 𑄍𑄧𑄢 𑄍𑄧𑄢𑄨, 𑄇𑄧𑄣𑄧𑄇𑄴, 𑄝𑄨𑄣𑄴, 𑄞𑄪𑄭",Present
"গাছ, বাঁশ,ফুল,ফুল,মূলমুলি","𑄉𑄌𑄴, 𑄝𑄌𑄴, 𑄣𑄪𑄘𑄨-𑄏𑄪𑄛𑄴, 𑄜𑄪𑄣𑄴, 𑄳𑄟𑄪𑄣𑄧-𑄳𑄟𑄪𑄣𑄨",Present
"মাছ, কাঁকার,ইস, শামুক আর কত কি","𑄟𑄌𑄴, 𑄇𑄋𑄢𑄳𑄦, 𑄃𑄨𑄎𑄬, 𑄥𑄟𑄪𑄇𑄴 𑄃𑄢𑄧 𑄇𑄧𑄙𑄧𑄇𑄴 𑄇𑄨",Present
". আছে এবং পেক-মেে,অনেকগুলো পোকা-মলা","𑄃𑄊𑄧𑄚𑄴 𑄃𑄢𑄧 𑄛𑄬𑄇𑄴-𑄦𑄬𑄟𑄚𑄴, 𑄚𑄚𑄋𑄴 𑄛𑄪𑄇𑄴-𑄎𑄪𑄇𑄴",Present
". আছে গীত,সভা-সভা","𑄃𑄊𑄬 𑄉𑄩𑄖𑄴, 𑄥𑄧𑄞-𑄍𑄝",Present
আাআি রোদ,𑄃𑄊𑄧𑄚𑄴 𑄚𑄚𑄋𑄴 𑄢𑄨𑄖𑄴,Present
". আছে আর রাত-দিন, বিাল,তারা,জুন","𑄃𑄊𑄬 𑄃𑄢𑄧 𑄢𑄬𑄖𑄴-𑄘𑄨𑄚𑄴, 𑄝𑄬𑄣𑄴, 𑄖𑄢, 𑄎𑄪𑄚𑄴",Present
".আকাশে অনেক মেঘ, লাল, কালো, সাদা","𑄃𑄊𑄬 𑄝𑄧𑄠𑄬𑄢𑄴 𑄃𑄊𑄬 𑄟𑄬𑄊𑄴, 𑄢𑄋, 𑄇𑄣, 𑄙𑄪𑄛𑄴",Present
". আছে বৃষ্টি, আছে রোদ","𑄃𑄊𑄬 𑄏𑄧𑄢𑄴, 𑄃𑄊𑄬 𑄢𑄮𑄖𑄴",Present
এক জাতী ফল যা সবজি হিসেবে ব্যবহৃত হ,𑄖𑄪𑄎𑄨𑄟𑄴 𑄛𑄪𑄢𑄧 𑄝𑄬𑄇𑄴-,Present
.যেটা দেখতে পাই সেটা পাই,𑄡𑄨𑄠𑄬𑄚𑄴 𑄌𑄳𑄦𑄭 𑄥𑄨𑄠𑄬𑄚𑄴 𑄛𑄭,Present
.যেটা দেখতে সুন্দর,𑄡𑄨𑄠𑄬𑄚𑄴 𑄌𑄳𑄦𑄭 𑄥𑄨𑄠𑄬𑄚𑄴 𑄘𑄮𑄣𑄴,Present
.যেগুলো দেখে সেগুলো ঠিক হ,𑄡𑄨𑄚𑄴𑄨 𑄌𑄳𑄦𑄭 𑄥𑄨𑄚𑄴𑄨 𑄎𑄪𑄢𑄬 𑄡𑄠𑄴 𑄌𑄮𑄇𑄴,Present
মন ভরে যাওা,𑄞𑄧𑄢𑄨 𑄡𑄠𑄴 𑄟𑄧𑄚𑄴,Present
.নিবাচন শাকের ছিদ্র দিে মারে গাে,𑄚𑄨𑄢𑄴𑄝𑄚𑄴 𑄥𑄪𑄉𑄴 𑄞𑄬𑄘 𑄟𑄢𑄬 𑄉𑄢𑄳𑄦𑄬 𑄉𑄭,Present
এই মনের পাে,𑄃𑄬 𑄟𑄧𑄚𑄧 𑄟𑄪𑄢𑄮𑄖𑄴,Present
আা!,𑄃𑄈!,Present
কি সুন্দর আমার চেহারা,𑄇𑄳𑄦𑄨 𑄘𑄮𑄣𑄴 𑄟𑄧 𑄘𑄬𑄌𑄴𑄌𑄚𑄴 𑄇𑄳𑄦𑄨 𑄘𑄮𑄣𑄴।,Present
পাহাে পাহাি করে,𑄟𑄮𑄚𑄪𑄚𑄴 𑄃𑄊𑄧𑄚𑄴 𑄥𑄧𑄞 𑄉𑄧𑄢𑄳𑄦𑄨,Present
সবুজ রঙের শার্ট,𑄦𑄬𑄣𑄴 𑄢𑄧𑄁 𑄍𑄨𑄘𑄬𑄭,Present
সুর হাত দিে হাত ধরে,𑄥𑄪𑄢𑄴 𑄦𑄖𑄳𑄠𑄴 𑄦𑄙𑄬 𑄦𑄖𑄴 𑄙𑄧𑄢𑄨,Present
ডাকতেছে আমাকে সেখান থেকে,𑄘𑄉𑄧𑄘𑄧𑄚𑄴 𑄟𑄧𑄢𑄳𑄦𑄬 𑄥𑄨𑄖𑄴𑄗𑄪𑄚𑄴,Present
.নিঃশব্দ মনে তারা,𑄚𑄨𑄟𑄮𑄚𑄴 𑄟𑄧𑄚𑄬 𑄖𑄢𑄳𑄦,Present
আমাদি ভাজি,𑄃𑄟𑄘𑄨 𑄞𑄎𑄧𑄘𑄨,Present
.যেন জাদু করে,𑄡𑄬𑄚𑄴 𑄡𑄘𑄪 𑄉𑄧𑄢𑄳𑄦𑄨,Present
আমি যেখানে সেখানে থাকি,𑄟𑄧𑄡𑄨 𑄡𑄬𑄭 𑄥𑄨𑄠𑄮𑄖𑄴 𑄟𑄪𑄭,Present
কথা বলতে বলতে,𑄇𑄧𑄙 𑄇𑄧𑄋𑄳𑄦𑄧𑄢𑄴 𑄇𑄧𑄙𑄧𑄇𑄴,Present
তাদেরকে দেখে মনে হ,𑄖𑄢𑄳𑄦𑄢𑄬 𑄢𑄨𑄚𑄨 𑄌𑄳𑄦𑄬𑄭,Present
মনের ইচ্ছা পূরণ করে না এমন,𑄟𑄧𑄚𑄚𑄴 𑄦𑄎𑄬 𑄜𑄬𑄣𑄬𑄭,Present
তাদের মনের মলা,𑄖𑄢𑄳𑄦 𑄟𑄧𑄚𑄧 𑄟𑄪𑄢𑄧𑄖𑄴,Present
.কি সুখ সেটা?,𑄇𑄳𑄦𑄨 𑄥𑄪𑄈𑄴 𑄥𑄨𑄠𑄬𑄚𑄴 𑄇𑄳𑄦𑄨 𑄥𑄪𑄈𑄴।,Present
কখন উপরে উঠবে আর কখন পাহাে পাহাে শুে থাকবো,𑄡𑄬𑄇𑄴𑄈𑄬 𑄃𑄪𑄙𑄨𑄟𑄴 𑄃𑄢𑄧 𑄃𑄧𑄎𑄧𑄣𑄴 𑄟𑄮𑄚𑄧 𑄌𑄪𑄉𑄧𑄖𑄴,Future
.নিে চোর নিচে,𑄢𑄨𑄚𑄨 𑄌𑄳𑄦𑄬𑄟𑄴 𑄖𑄧𑄣𑄬𑄘𑄨,Present
ও বুক,𑄃𑄮 𑄝𑄪𑄇𑄴!,Present
কি সুখ,𑄇𑄳𑄦𑄨 𑄥𑄪𑄈𑄴!,Present
কি সুন্দর!,𑄇𑄳𑄦𑄨 𑄘𑄮𑄣𑄴!,Present
কি সভা,𑄇𑄳𑄦𑄨 𑄥𑄧𑄞!,Present
কি স্বর্গ সেটা এক,𑄇𑄳𑄦𑄨 𑄥𑄧𑄢𑄴𑄉𑄧 𑄥𑄨𑄠𑄬𑄚𑄴 𑄃𑄬𑄇𑄴 𑄃𑄢𑄧!,Present
জুে জুে হাত আসছে,𑄎𑄪𑄢𑄮 𑄎𑄪𑄢𑄮 𑄦𑄞 𑄃𑄬𑄡𑄬𑄢𑄴,Present
সূর্য ডোবার সম,𑄝𑄬𑄣𑄧 𑄍𑄧𑄧𑄘𑄧𑄇𑄴 𑄛𑄧𑄢𑄬𑄢𑄴,Present
সবুজ রঙে সেজেগুজে আছে আকাশটা,𑄦𑄬𑄣𑄴 𑄢𑄧𑄋𑄬 𑄥𑄎𑄨 𑄃𑄊𑄬 𑄘𑄬𑄝𑄝𑄮,Present
পাহাের নিচে বসে আছি,𑄟𑄮𑄚𑄧 𑄌𑄪𑄉𑄧𑄖𑄴 𑄃𑄊𑄧𑄁 𑄟𑄪𑄭 𑄉𑄏𑄧𑄖𑄴 𑄖𑄧𑄣𑄬 𑄝𑄳𑄆𑄮,Present
.উচ্ছের ধোঁার তলা দিে তাকা,𑄃𑄪𑄌𑄴𑄍𑄳𑄠𑄧𑄢𑄴 𑄙𑄪𑄟𑄪𑄣𑄴𑄪𑄇𑄴𑄧𑄳𑄆 𑄢𑄨𑄚𑄨 𑄌𑄳𑄦𑄋𑄧𑄢𑄴 𑄖𑄧𑄣𑄬𑄘𑄨,Present
দেখে মনে হ সব সুন্দর আছে,𑄘𑄬𑄊𑄧𑄋𑄧𑄢𑄴 𑄇𑄳𑄦𑄨 𑄘𑄮𑄣𑄬 𑄝𑄨𑄎𑄬 𑄃𑄊𑄧𑄚𑄴 𑄝𑄬𑄇𑄴,Present
"পাহা-মুর, গাছ-বাু","𑄟𑄮𑄚𑄴-𑄟𑄪𑄢𑄳𑄦𑄧, 𑄉𑄌𑄴-𑄝𑄌𑄴",Present
ছবি থেকে তোমাকে আমার মতো দেখতেছি,𑄍𑄧𑄝𑄨 𑄗𑄬𑄭 𑄖𑄧𑄢𑄬 𑄟𑄧𑄢𑄬 𑄃𑄉𑄬𑄠𑄳𑄠 𑄍𑄧𑄝𑄨 𑄙𑄧𑄇𑄴,Present
.যেন কোন ভূতে পুরিে,𑄡𑄬𑄚𑄴 𑄇𑄧𑄚𑄴 𑄡𑄘𑄪 𑄛𑄪𑄢𑄨𑄖𑄴,Present
তাাতাি চলে যাওার সম,𑄗𑄬𑄠𑄳𑄠 𑄃 𑄥𑄧𑄞 𑄟𑄮𑄢𑄧𑄖𑄴,Present
নদীর মোহনা এখন অনেক ব নদী,𑄞𑄎𑄧𑄋𑄧𑄢𑄴 𑄟𑄪𑄭 𑄥𑄬𑄇𑄴𑄈𑄬 𑄃𑄧𑄊𑄪𑄢𑄴 𑄚𑄨𑄢𑄴𑄝𑄚𑄧𑄖𑄴,Present
.নিঃশব্দ বাতাস,𑄚𑄨 𑄟𑄧𑄚𑄧𑄢𑄴 𑄝𑄬𑄗𑄢𑄧𑄖𑄴,Present
ইন্দ্রপুরী তো তাকে কিছুই বলে না,𑄃𑄨𑄚𑄴𑄘𑄳𑄢𑄧 𑄛𑄪𑄢𑄨 𑄘𑄧 𑄇𑄨𑄌𑄴𑄌𑄪 𑄚𑄧𑄠𑄴 𑄖𑄢𑄳𑄦𑄬 𑄌𑄳𑄦𑄬𑄣𑄬,Present
যেভাবে আছি আমি সেভাবে থাকবো,𑄡𑄬𑄚𑄴 𑄃𑄊𑄧𑄁 𑄟𑄪𑄭 𑄎𑄬𑄘𑄝𑄘𑄬 𑄚𑄨𑄢𑄴𑄝𑄚𑄧𑄖𑄴-,Future
কি সুন্দর পরিষ্কার পানি,𑄇𑄳𑄦𑄨 𑄘𑄮𑄣𑄬 𑄏𑄌𑄴 𑄘𑄬𑄢𑄴 𑄛𑄚𑄨𑄠𑄚𑄴,Present
উস্কুখুস্কুভাবে,𑄃𑄪𑄌𑄴𑄍𑄳𑄠𑄧𑄠𑄴 𑄖𑄣𑄬 𑄖𑄣𑄬,Present
মিষ্টি করে গিে গিে,𑄟𑄨𑄙𑄬 𑄙𑄬𑄉𑄬 𑄉𑄨𑄖𑄴 𑄉𑄬𑄭,Present
ছিঁা দিে মুখ বন্ধ করো,𑄍𑄨𑄘𑄨 𑄘𑄳𑄆𑄨 𑄳𑄟𑄪𑄃𑄧 𑄚𑄧𑄁,Present
আর তাাতাি,𑄃𑄢𑄧 𑄦𑄨𑄚𑄧 𑄦𑄞𑄣𑄳𑄆𑄮,Present
.মনে হ মন পা,𑄎𑄪𑄢𑄬 𑄘𑄬𑄢𑄴 𑄟𑄧𑄚𑄴-𑄛𑄧𑄢𑄚𑄴,Present
জুে দো চোখ,𑄎𑄪𑄢𑄬 𑄘𑄬𑄢𑄴 𑄌𑄮𑄇𑄴,Present
আমার প্রাণটা নিে যা,𑄇𑄢𑄳𑄦𑄨 𑄚𑄬𑄡𑄢𑄴 𑄟𑄧𑄢𑄴 𑄃𑄢𑄧 𑄟𑄧𑄚𑄚𑄴,Present
কি সুন্দর কি সুন্দর,𑄇𑄳𑄦𑄨 𑄘𑄮𑄣𑄴 𑄇𑄳𑄦𑄨 𑄘𑄮𑄣𑄴,Present
ডিঙিতে করে উপরে ওঠা মনে সুখ,𑄙𑄨𑄛𑄴𑄣𑄬𑄭 𑄃𑄪𑄙𑄬 𑄟𑄧𑄚𑄚𑄧𑄖𑄴 𑄥𑄪𑄉𑄧𑄢𑄴 𑄚𑄨𑄢𑄴𑄝𑄚𑄴।,Present
লাঠি দিে যেভাবে বো,𑄣𑄋𑄬𑄣𑄴 𑄘𑄨𑄊𑄧𑄣𑄨 𑄡𑄬𑄇𑄴𑄈𑄬 𑄝𑄬𑄢𑄬𑄟𑄴,Present
.নিচু গাছের ফাঁক দিে লাফিে,𑄚𑄨𑄥𑄪𑄣𑄨 𑄉𑄏𑄧 𑄍𑄬𑄢𑄬 𑄍𑄬𑄢𑄬,Present
কি বুক ভরে আছে ঢুলি ঢুলি,𑄇𑄳𑄦𑄨 𑄝𑄪𑄇𑄴 𑄎𑄪𑄢𑄬𑄭 𑄃𑄊𑄧𑄚𑄴 𑄔𑄪𑄣𑄨 𑄔𑄪𑄣𑄨,Present
লাল রঙের ছোপ ছোপ,𑄢𑄋 𑄢𑄋 𑄗𑄪𑄛𑄴 𑄗𑄪𑄛𑄴,Present
"সূর্য অস্ত যাওার সম, জনা মুলা,কোমা মুলা","𑄥𑄮𑄢𑄴𑄞𑄬𑄇𑄴 𑄳𑄟𑄪𑄣𑄧, 𑄎𑄧𑄊𑄧𑄚 𑄳𑄟𑄪𑄣𑄧, 𑄝𑄧𑄖𑄴𑄖 𑄳𑄟𑄪𑄣𑄧, 𑄇𑄮 𑄳𑄟𑄪𑄣𑄧,",Present
"ঘেরা আম,আমের বিচি,দেমোর মুলা,খাওা মুলা","𑄊𑄨𑄢𑄬 𑄃𑄟𑄴, 𑄃𑄬𑄟𑄬𑄣𑄬𑄇𑄴 𑄝𑄨𑄎𑄨, 𑄘𑄬𑄟𑄮𑄣𑄴 𑄳𑄟𑄪𑄣𑄧, 𑄈𑄢𑄪 𑄳𑄟𑄪𑄣𑄧,",Present
"আমটি মূল,মুরইত,হোটাল,গরং নারিকুল","𑄃𑄟𑄴𑄢 𑄳𑄟𑄪𑄣𑄧, 𑄳𑄟𑄪𑄢𑄳𑄆𑄧𑄖𑄴𑄳𑄠, 𑄦𑄮𑄖𑄴𑄳𑄠𑄣𑄴, 𑄉𑄧𑄢𑄬𑄁 𑄚𑄢𑄨𑄇𑄪𑄣𑄴",Present
আরও কত কি,𑄃𑄢𑄧 𑄇𑄧𑄙𑄧𑄇𑄴 𑄇𑄨-,Present
"লুকিে আছে নালাম,রিমকো,চবি,পপম মুলা","𑄣𑄪𑄘𑄨𑄖𑄴 𑄃𑄊𑄧𑄚𑄴 𑄚𑄧𑄣𑄟𑄴, 𑄢𑄧𑄟𑄬𑄌𑄴𑄇𑄮, 𑄌𑄧 𑄝𑄨𑄎𑄨, 𑄛𑄧𑄛𑄧𑄇𑄴 𑄳𑄟𑄪𑄣𑄧",Present
আরেক পাতিলের আম,"𑄃𑄢𑄧 𑄛𑄨𑄣𑄬 𑄳𑄟𑄪𑄣𑄧 𑄃𑄞𑄬𑄘𑄧𑄢𑄴,",Present
জো-মন ভালো আছে গাছের ফল,𑄎𑄮𑄇𑄴-𑄟𑄧𑄚𑄴 𑄎𑄪𑄢𑄬 𑄃𑄊𑄧𑄚𑄴 𑄇𑄬𑄘 𑄜𑄧𑄣𑄴,Present
লাল ডোরাকাটা করে,𑄢𑄋 𑄘𑄮𑄘𑄮𑄇𑄴𑄳𑄠 𑄉𑄧𑄢𑄳𑄦𑄨,Present
ঘিলে ঝোলে আছে ঘিলে ঝোলে,𑄊𑄨𑄣𑄬 𑄣𑄪𑄘𑄨𑄖𑄴 𑄃𑄊𑄧𑄚𑄴 𑄊𑄨𑄣𑄬𑄖𑄴 𑄖𑄇𑄴 𑄔𑄪𑄣𑄨 𑄔𑄪𑄣𑄨,Present
জাগা লালা পতেছে,𑄎𑄉𑄖𑄴 𑄣𑄬𑄖𑄴𑄧𑄳𑄠 𑄛𑄧𑄢𑄬,Present
চোখ বন্ধ করে যাওা,𑄌𑄮𑄇𑄴 𑄟𑄧𑄚𑄴 𑄎𑄪𑄢𑄬 𑄡𑄠𑄴।,Present
উপরে উঠে কোথা গিে যা বলতে পারিনা,𑄃𑄪𑄌𑄴𑄍𑄮𑄠𑄴 𑄇𑄪𑄙𑄪 𑄦𑄎𑄨 𑄡𑄁 𑄇𑄳𑄆𑄮 𑄚𑄧 𑄛𑄢𑄧𑄁 𑄚𑄨𑄎𑄬,Present
.একটু একটু করে কি খাবো,𑄘𑄨𑄇𑄴𑄇𑄝𑄪𑄣𑄧 𑄦𑄳𑄆𑄮 𑄇𑄨 𑄈𑄬𑄟𑄴,Future
কুকুন খাওা,𑄇𑄪𑄇𑄪𑄴𑄚𑄴 𑄈𑄬𑄟𑄴,Present
পানিতে ডুবে যাওা,𑄞𑄎𑄧𑄁 𑄥𑄉𑄧𑄢𑄧𑄖𑄴।,Present
কি আবার ক্ষুধা লাগা,𑄇𑄨 𑄃𑄢𑄴 𑄛𑄬𑄖𑄴 𑄛𑄧𑄢,Present
কি আরও পা-তিরা,𑄇𑄨 𑄃𑄢𑄴 𑄛𑄧𑄢𑄳𑄦𑄌𑄴-𑄖𑄨𑄢𑄮𑄌𑄴,Present
সব জাগা গিেছে,𑄝𑄬𑄇𑄴 𑄡𑄠𑄳𑄆𑄮𑄮 𑄣𑄪𑄉𑄨-,Present
হে উঠে মনটা আরও বেশি তেতো,𑄦𑄳𑄆𑄮 𑄃𑄪𑄙𑄬 𑄟𑄧𑄚𑄚𑄴 𑄃𑄢𑄧 𑄝𑄬𑄌𑄴 𑄖𑄬𑄛𑄴𑄖𑄬𑄛𑄳𑄠𑄴,Present
শক্তি ক্ষ হে উঠে কে,𑄝𑄧𑄣𑄴 𑄛𑄬𑄠𑄴𑄳𑄠 𑄦𑄳𑄆𑄮 𑄃𑄪𑄙𑄬 𑄇𑄬𑄠𑄳𑄠𑄚𑄴,Present
আমার হাত-পা শক্ত হেছে,𑄦𑄖𑄴-𑄒𑄬𑄁 𑄦𑄧𑄠𑄴 𑄘𑄧𑄢𑄳𑄦𑄧 𑄟𑄧𑄢𑄳𑄦𑄧,Present
এক জাতী ব ব গাছ,𑄇𑄧𑄎𑄧𑄟 𑄦𑄳𑄆𑄮 𑄃𑄪𑄙𑄬 𑄝𑄧𑄌𑄴,Present
. ধোঁার ধোঁা উঠতেছে শুধু উো আর উো,𑄙𑄪𑄟𑄪𑄣𑄪𑄇𑄴 𑄇𑄢𑄳𑄦𑄨 𑄃𑄪𑄙𑄬 𑄛𑄧𑄢𑄚𑄚𑄧𑄖𑄴 𑄝𑄚 𑄃𑄪𑄌𑄴𑄍𑄧 𑄃𑄢𑄴 𑄃𑄪𑄌𑄴𑄍𑄧,Present
কি সুখ এই জীবনে,𑄇𑄳𑄦𑄨 𑄥𑄪𑄈𑄴 𑄃𑄨𑄠𑄬𑄚𑄴 𑄇𑄳𑄦𑄨 𑄥𑄪𑄈𑄴,Present
কি সুন্দর আমার এই চেহারা,𑄇𑄳𑄦𑄨 𑄥𑄧𑄢𑄴𑄉𑄧 𑄟𑄧 𑄃𑄬 𑄘𑄬𑄌𑄴𑄌𑄚𑄴,Present
কোথা আছে এইগুলো?,𑄇𑄪𑄙𑄪 𑄃𑄊𑄬 𑄃𑄨𑄙𑄨𑄇𑄴𑄈𑄳𑄠𑄚𑄴?,Present
বািতে পা আর অব্য,𑄊𑄧𑄢𑄧𑄖𑄴 𑄛𑄁 𑄃𑄢𑄧 𑄃𑄧𑄞𑄬𑄘𑄧𑄢𑄴,Present
"আম, কাঁঠাল, লিচু, জাম","𑄃𑄟𑄴, 𑄇𑄖𑄴𑄗𑄮𑄣𑄴, 𑄣𑄨𑄎𑄪, 𑄎𑄟𑄴",Present
"কাঁকা, কমলা, পাের মালা, ডালিম","𑄇𑄧𑄢𑄧𑄋, 𑄇𑄧𑄟𑄧𑄣. 𑄛𑄕𑄳𑄠 𑄟𑄣, 𑄓𑄣𑄨𑄟,𑄴",Present
"কাঁঠাল, স পোা, কাবুজি, গাম","𑄇𑄧𑄚𑄴𑄘𑄣𑄴, 𑄥𑄧 𑄛𑄬𑄘, 𑄇𑄝𑄪𑄎𑄨, 𑄉𑄧𑄠𑄴𑄳𑄠𑄟𑄴,",Present
"নািকুি,সুি,কলা,আনি","𑄚𑄢𑄨𑄇𑄪𑄣𑄴, 𑄥𑄪𑄝𑄧𑄢𑄨, 𑄇𑄧𑄉𑄮𑄠𑄳𑄠, 𑄃𑄚𑄌𑄴,",Present
".সাক করা,ফাঁদ,অমল, আধা মূল","𑄥𑄇𑄴 𑄇𑄧𑄢𑄳𑄦, 𑄜𑄖𑄴𑄗𑄢𑄌𑄴, 𑄃𑄧𑄜𑄧𑄣𑄴, 𑄃𑄙 𑄳𑄟𑄪𑄣𑄧,",Present
"বরই,কলা,খাজ বিচি,বেল মুল","𑄝𑄧𑄢𑄳𑄆𑄧, 𑄇𑄧𑄣, 𑄈𑄎𑄪𑄢𑄴 𑄝𑄨𑄎𑄨, 𑄝𑄬𑄣𑄴 𑄳𑄟𑄪𑄣𑄧,",Present
তেতুলের সম এবং নানা ধরনের মলা,𑄖𑄬𑄙𑄳𑄆𑄮 𑄥𑄧𑄟𑄧𑄖𑄴 𑄃𑄢𑄧 𑄚𑄚𑄋𑄴 𑄳𑄟𑄪𑄣𑄳𑄟𑄧𑄪𑄣𑄨,Present
কোন রাত নেই এমন,𑄇𑄧𑄚𑄧 𑄢𑄖𑄴 𑄚𑄬𑄭 𑄉𑄧𑄢𑄳𑄦𑄨।,Present
সে প্রাণের বন্ধু আমার এই লুকিে গাছটি,𑄥𑄬𑄚𑄬 𑄛𑄧𑄢𑄚𑄧𑄢𑄴 𑄥𑄧𑄟𑄢𑄴 𑄟𑄧𑄢𑄴 𑄃𑄬 𑄣𑄪𑄘𑄨 𑄉𑄌𑄴𑄌𑄪𑄚𑄴,Present
তাাতাি আমার ধন,𑄗𑄢𑄳𑄦𑄭 𑄟𑄧𑄢𑄴 𑄙𑄧𑄚𑄴,Present
তারা আমার এখানে প্রাণ,𑄖𑄢𑄳𑄦𑄭 𑄟𑄧𑄢𑄴 𑄃𑄨𑄃𑄮𑄖𑄴 𑄛𑄧𑄢𑄚𑄴,Present
.তারাই আমার আপন,𑄖𑄢𑄳𑄦𑄭 𑄟𑄧𑄢𑄴 𑄥𑄧𑄘𑄧𑄢𑄴।,Present
তারা আমাকে খেে দিতেছে,𑄖𑄢𑄳𑄦𑄭 𑄘𑄬𑄘𑄧𑄚𑄴 𑄟𑄧𑄢𑄳𑄦𑄬 𑄈𑄬𑄝𑄢𑄴,Present
দো আর ওষুধ,𑄘𑄬𑄘𑄧𑄚𑄴 𑄃𑄢𑄧 𑄘𑄢𑄪,Present
দোল আর সভা-সভা,𑄘𑄬𑄘𑄧𑄚𑄴 𑄃𑄢𑄧 𑄥𑄧𑄞-𑄍𑄝,Present
দো কোর বল,𑄘𑄬𑄘𑄧𑄚𑄴 𑄇𑄬𑄠𑄳𑄠𑄖𑄴 𑄝𑄧𑄣𑄴,Present
সুে থাকার বাি,𑄥𑄪𑄊𑄬 𑄗𑄬𑄝𑄢𑄴 𑄊𑄧𑄢𑄴,Present
.কিছুই সুরাহা না করে,𑄇𑄨𑄌𑄴𑄪 𑄖𑄪𑄘𑄧 𑄚𑄬𑄭 𑄉𑄧𑄢𑄳𑄦𑄨।,Present
কে পাখানা করছে!,𑄇𑄧𑄚𑄴𑄚 𑄛𑄢𑄴 𑄃𑄨𑄙𑄨𑄇𑄴𑄈𑄳𑄠𑄚𑄴!,Present
কি আবোল তাবোল কথা দিে এই পৃথিবীতে আসলাম,𑄇𑄳𑄦𑄨 𑄞𑄬𑄉𑄮𑄖𑄳𑄠 𑄟𑄪𑄭 𑄃𑄬 𑄘𑄬𑄌𑄴𑄌𑄚𑄧𑄖𑄴 𑄛𑄬𑄣𑄪𑄁 𑄎𑄧𑄚𑄧𑄟𑄴।,Past
এত ব কথা কি বলবো!,𑄃 𑄝𑄌𑄴𑄌𑄪𑄚𑄧 𑄇𑄧𑄙 𑄇𑄨 𑄇𑄮𑄟𑄴!,Future
তারা দুই হাজার টাকার ধন,𑄖𑄢𑄳𑄦 𑄃𑄮 𑄘𑄬𑄘𑄧𑄚𑄴 𑄑𑄬𑄋 𑄙𑄧𑄚𑄴,Present
"সুখ,সমান,আা","𑄥𑄪𑄈𑄴, 𑄥𑄧𑄝𑄧𑄚𑄴, 𑄃𑄏,",Present
".সাবা,ছাবা,বেকখানি","𑄥𑄞, 𑄍𑄝, 𑄝𑄬𑄇𑄴𑄈𑄚𑄨-",Present
"দোল বাি,গৃহটি সুন্দর","𑄘𑄬𑄘𑄧𑄚𑄴 𑄊𑄧𑄢𑄴, 𑄉𑄨𑄢𑄳𑄦𑄨𑄖𑄴𑄖𑄨 𑄥𑄪𑄚𑄴𑄎𑄪𑄇𑄴",Present
"লেই কালো, চাটা,খাওা,পাছা","𑄣𑄬𑄭 𑄇𑄣𑄮𑄴𑄋𑄴, 𑄌𑄝𑄢𑄳𑄦, 𑄈𑄌𑄬𑄴𑄋𑄴, 𑄛𑄧𑄘𑄧𑄢𑄴",Present
"ইছনি, ভো, দুল,পুা,পুা,সাঁা, শামুক, শামুক","𑄃𑄨𑄌𑄴𑄍𑄧𑄚𑄨, 𑄞𑄬𑄢, 𑄘𑄪𑄣𑄧, 𑄛𑄪𑄣𑄬𑄴𑄋𑄴, 𑄥𑄟𑄴𑄮,",Present
"বো, বো, কেক,রুা, আরি, আরি","𑄝𑄬𑄢𑄴, 𑄖𑄬𑄋𑄬𑄢𑄳𑄦, 𑄇𑄧𑄝𑄧𑄇𑄴, 𑄢𑄪𑄃𑄧 𑄝𑄌𑄴, 𑄌𑄨𑄘𑄪𑄢𑄨, 𑄃𑄢𑄳𑄦𑄨,",Present
"চেে, তেরা, তেরা, কেরা, কেরা, কেরা, কেরা, কেরা, কেরা, কেরা","𑄌𑄬𑄭, 𑄖𑄬𑄢, 𑄃𑄨𑄎𑄬 𑄟𑄪𑄏𑄨, 𑄘𑄪𑄛𑄴, 𑄇𑄬𑄢𑄛𑄴, 𑄇𑄞𑄪𑄇𑄴,",Present
"আমি বুো,খাওা,চামা,দুলু,দুলু","𑄟𑄪, 𑄝𑄪𑄁, 𑄈𑄎, 𑄌𑄣𑄮𑄚𑄴, 𑄌𑄎, 𑄘𑄪𑄣𑄪𑄇𑄴,",Present
"দুধ, দিঙিে,বাঁশি,বেত,ঢোল,ঢোল","𑄘𑄪𑄣𑄴, 𑄘𑄨𑄋𑄨𑄢𑄬, 𑄝𑄢𑄬𑄁, 𑄖𑄧𑄣𑄳𑄆𑄮, 𑄝𑄬𑄖𑄴, 𑄔𑄪𑄣𑄮𑄚𑄴,",Present
"মেজবান,ফুল বারেং, পাহাের কাপ, ঝাু, দোা, দোা","𑄟𑄬𑄎𑄁, 𑄜𑄪𑄣𑄴 𑄝𑄢𑄬𑄁, 𑄒𑄬𑄁𑄘𑄳𑄠 𑄇𑄣𑄴𑄮𑄋𑄴, 𑄏𑄉, 𑄘𑄮𑄉𑄮𑄚𑄴,",Present
"আরও বো, জাগা, জাগা, আর নানা ধরনের সংসার","𑄃𑄢𑄴 𑄝𑄬𑄋, 𑄣𑄉𑄢𑄇𑄴, 𑄘𑄮𑄢𑄴, 𑄃𑄢𑄧 𑄚𑄚𑄋𑄴 𑄥𑄧𑄌𑄴𑄛𑄧𑄘𑄧𑄢𑄴",Present
কি আছে তোমার,𑄇𑄨 𑄃𑄊𑄬 𑄖𑄪𑄘𑄧!,Present
.কী আবোল তাবোল কথা আমি এই পৃথিবীতে পেেছি,𑄇𑄳𑄦𑄨 𑄞𑄬𑄉𑄮𑄖𑄳𑄠𑄴 𑄟𑄪𑄭 𑄃𑄬 𑄘𑄬𑄌𑄴𑄌𑄚𑄧𑄖𑄴 𑄛𑄬𑄠𑄮𑄁 𑄎𑄧𑄚𑄧𑄟𑄴।,Present
.এই জঙ্গলের ফুলগুলো যখন দেখবো,𑄃 𑄏𑄢𑄴𑄝𑄮 𑄜𑄪𑄣𑄪𑄚𑄴 𑄡𑄬𑄇𑄴𑄈𑄬 𑄘𑄳𑄦𑄬𑄟𑄴,Future
বেশি উপরে উঠার সম পাহাের উপরে উঠে,𑄃𑄙𑄨𑄇𑄴 𑄃𑄪𑄞𑄮𑄣𑄴𑄜𑄣𑄬 𑄝𑄪𑄉𑄧𑄖𑄴 𑄌𑄝𑄬𑄢𑄬𑄭 𑄃𑄪𑄙𑄨,Present
কেকটা পারে না,𑄇𑄳𑄦𑄳𑄆𑄮 𑄚𑄧 𑄛𑄢𑄧𑄁 𑄇𑄧𑄇𑄴𑄇𑄬 𑄇𑄧𑄁,Present
বাং কি সুন্দর,𑄝 𑄝𑄧𑄁 𑄇𑄨 𑄘𑄮𑄣𑄴-।,Present
পরানটা বন্ধ করে থাকে,𑄛𑄧𑄢𑄚𑄴 𑄝𑄏𑄨 𑄗𑄠𑄴,Present
চোখ বন্ধ করে যাওা,𑄌𑄮𑄇𑄴 𑄟𑄧𑄚𑄴 𑄎𑄪𑄢𑄬 𑄡𑄠𑄴,Present
.কি সুন্দর আছে ঢুলি ঢুলি,𑄇𑄳𑄦𑄨 𑄘𑄮𑄣𑄬 𑄃𑄊𑄧𑄚𑄴 𑄔𑄪𑄣𑄨 𑄔𑄪𑄣𑄨,Present
.পুে মেেদের মতো করে,𑄛𑄪𑄢𑄨 𑄟𑄨𑄣𑄬 𑄙𑄧𑄇𑄴 𑄉𑄧𑄢𑄳𑄦𑄨,Present
".এত ব করে এদিকে,এত ব","𑄗𑄧𑄢𑄬 𑄗𑄧𑄢𑄬 𑄃𑄨𑄚𑄴𑄘𑄨 𑄃𑄪𑄚𑄴𑄘𑄨, 𑄃𑄨𑄠𑄳𑄠𑄧𑄖𑄴 𑄪𑄝𑄧𑄖𑄴",Present
.যেন সেখান থেকে আমাকে চোখ বন্ধ করতে হ,𑄡𑄬𑄚𑄴 𑄥𑄨𑄖𑄴𑄗𑄪𑄚𑄴 𑄓𑄉𑄧𑄘𑄧𑄚𑄴 𑄟𑄧𑄢𑄳𑄦𑄬 𑄌𑄮𑄉𑄮 𑄣𑄬𑄎𑄬 𑄣𑄬𑄎𑄬,Present
"নািভুি চোখে,মেেটা ভরা হেছে","𑄚𑄧𑄘𑄨 𑄚𑄧𑄘𑄨 𑄌𑄮𑄇𑄴𑄮𑄳𑄆, 𑄟𑄬𑄠𑄳𑄠 𑄞𑄧𑄢𑄧𑄕𑄴 𑄦𑄎𑄨𑄣𑄳𑄆𑄮",Present
আমাকে নানি করে আমাকে,𑄚𑄧𑄚𑄬𑄭 𑄉𑄧𑄢𑄳𑄦𑄨 𑄟𑄧𑄢𑄳𑄦𑄬,Present
আাআিভাবে তাকানো,𑄃𑄣𑄳𑄠𑄋𑄴 𑄉𑄧𑄖𑄴𑄗𑄇𑄴 𑄌𑄳𑄦𑄘𑄧𑄚𑄴,Present
মারার ইচ্ছা আমাকে করতেছে,𑄟𑄢𑄬𑄝𑄢𑄴 𑄟𑄧𑄚𑄧 𑄖𑄨𑄢𑄮𑄌𑄴 𑄟𑄧𑄢𑄳𑄦𑄬 𑄃𑄎 𑄉𑄧𑄢𑄳𑄦𑄨।,Present
পাহােও পাগল হে কখন মাটিতে পে,𑄟𑄪𑄭𑄃𑄮 𑄛𑄉𑄧𑄣𑄴 𑄦𑄳𑄆𑄮 𑄇𑄧𑄇𑄴𑄈𑄬 𑄝𑄬𑄗𑄢𑄧𑄖𑄴,Present
পাখানা করে টিকি দিে শুেছি,𑄛𑄢𑄨 𑄃𑄚𑄨 𑄃𑄎 𑄉𑄧𑄢𑄳𑄦𑄨 𑄖𑄨𑄖𑄴𑄨 𑄉𑄧𑄢𑄳𑄦𑄨 𑄌𑄪𑄟𑄳𑄦𑄨,Present
মেেটা লং কানে ধরে থাকে,𑄳𑄟𑄪𑄎𑄬 𑄣𑄧𑄁 𑄇𑄚𑄧𑄖𑄴 𑄝𑄏𑄬 𑄗𑄧𑄁 𑄝𑄪𑄉𑄧𑄖𑄴,Present
কথা বলতে পারি না,𑄇𑄳𑄆𑄮 𑄚𑄧 𑄛𑄢𑄧𑄁 𑄚𑄨𑄎𑄬,Present
তাদের মেেটা টানাই,𑄖𑄢𑄳𑄦𑄢𑄴 𑄟𑄬𑄠𑄳𑄠 𑄑𑄚𑄴𑄮𑄳𑄆,Present
কি সুখ তার!,𑄇𑄳𑄦𑄨 𑄥𑄪𑄈𑄴 𑄥𑄨𑄠𑄬𑄚𑄴 𑄇𑄳𑄦𑄨 𑄥𑄪𑄈𑄴!,Present
সে তো বোইার জন্য এই দোলে পেেছি,𑄥𑄬𑄚𑄬 𑄘𑄧 𑄞𑄬𑄉𑄮𑄖𑄴𑄳𑄠𑄟𑄪𑄭 𑄃𑄬 𑄘𑄬𑄌𑄴𑄌𑄚𑄧𑄖𑄴 𑄛𑄬𑄠𑄳𑄠𑄧𑄁 𑄎𑄧𑄚𑄧𑄟𑄴।,Present
.এই বাির ফুলের কথা তো বলার নাই,𑄃 𑄊𑄧𑄢𑄴𑄝𑄮 𑄜𑄪𑄣𑄪𑄚𑄧 𑄇𑄧𑄙 𑄘𑄧 𑄇𑄧𑄝𑄢𑄴 𑄚𑄬𑄭-,Present
অনুর্বরগুলো কি ভালো করে সভা করে,𑄃𑄧𑄚𑄪𑄝𑄢𑄨𑄏𑄬 𑄇𑄳𑄦𑄨 𑄘𑄮𑄣𑄬 𑄥𑄧𑄞 𑄍𑄨𑄘𑄬𑄭,Present
"লাল, সাদা হলুদ, ধুুুর সবুজ","𑄢𑄋, 𑄙𑄪𑄛𑄴 𑄦𑄧𑄣𑄮𑄖𑄴𑄙𑄳𑄠, 𑄙𑄪𑄝𑄪𑄢𑄧 𑄦𑄬𑄣𑄴.",Present
"কালোজাদু,রঙোন,বুো,ছোট","𑄇𑄣𑄮𑄌𑄴𑄍𑄳𑄠, 𑄢𑄋𑄮𑄌𑄴𑄍𑄳𑄠, 𑄝𑄳𑄟𑄬𑄪𑄚𑄨, 𑄌𑄨𑄘𑄨𑄢𑄬",Present
আর নানান রঙে ফুটে,𑄃𑄢𑄧 𑄚𑄚𑄋𑄴 𑄢𑄧𑄋𑄬 𑄜𑄪𑄘𑄨,Present
আমার প্রাণটা জুে দো,𑄎𑄪𑄢𑄬 𑄘𑄳𑄠𑄧𑄚𑄴 𑄟𑄧𑄢𑄳𑄦𑄬 𑄛𑄧𑄢𑄚𑄴,Present
মনের ইচ্ছা পূরণ করে দো,𑄎𑄪𑄢𑄬 𑄘𑄳𑄠𑄧𑄚𑄴 𑄟𑄧𑄚𑄴,Present
.নরক মাটি মাটিতে হাসি দে,𑄚𑄉𑄧𑄢𑄴 𑄟𑄘𑄨 𑄟𑄘𑄨 𑄝𑄝𑄇𑄳𑄠 𑄦𑄎𑄨 𑄘𑄨,Present
আইল না মেেরা রেগা তৈরি করে,𑄃𑄭𑄣𑄴𑄳𑄠 𑄚𑄧𑄚𑄬𑄠𑄬𑄭 𑄟𑄬𑄠𑄳𑄠𑄬 𑄢𑄬𑄉 𑄝𑄚𑄨,Present
তুত বাঁশে বুে থাকে আমাকে অনেক শক্ত,𑄖𑄪𑄟𑄴 𑄝𑄏𑄧𑄖𑄴 𑄝𑄪𑄢𑄬𑄭 𑄗𑄧𑄚𑄴 𑄟𑄧𑄢𑄳𑄦𑄬 𑄃𑄧𑄊𑄪𑄢𑄴 𑄥𑄪𑄊𑄧𑄖𑄴,Present
পুরো বছর ধরে,𑄉𑄧𑄘 𑄝𑄧𑄏𑄧𑄢𑄴 𑄗𑄨𑄉𑄬-,Present
কি সুখ আমার!,𑄇𑄳𑄦𑄨 𑄥𑄪𑄈𑄴 𑄟𑄧𑄢𑄴 𑄇𑄳𑄦𑄨 𑄥𑄪𑄈𑄴!,Present
এখন আর সেই অবস্থা,𑄃𑄬𑄡𑄧𑄚𑄴 𑄃𑄢𑄧 𑄥𑄨𑄃𑄧𑄖𑄴 𑄛𑄧𑄖𑄴𑄗 𑄛𑄧𑄖𑄴𑄗𑄨,Present
"এক জাতী পোকা, ব ব পোকা","𑄟𑄪 𑄛𑄪𑄇𑄴, 𑄞𑄧𑄋𑄧𑄢 𑄃𑄢𑄧 𑄚𑄚𑄋𑄴 𑄛𑄪𑄇𑄴-𑄎𑄪𑄇𑄴",Present
মিষ্টি করে গান করে কানে কানে কথা বলে,𑄟𑄨𑄙𑄬 𑄉𑄧𑄢𑄳𑄦𑄨 𑄉𑄩𑄖𑄴 𑄉𑄬𑄭 𑄇𑄚𑄬 𑄇𑄚𑄬 𑄇𑄧𑄙 𑄇𑄳𑄆𑄮,Present
সে যেন আই পাই হেছে,𑄡𑄬𑄚𑄴 𑄃𑄭 𑄛𑄭 𑄦𑄳𑄆𑄮 𑄖𑄣𑄴𑄮𑄳𑄆 𑄖𑄬,Present
আাআি করে,𑄃𑄎 𑄃𑄌𑄴𑄳𑄠 𑄉𑄧𑄢𑄳𑄦𑄨,Present
ঠোঁটটা লম্বা হেছে,𑄌𑄪𑄟𑄮 𑄌𑄪𑄟𑄴𑄳𑄠 𑄦𑄳𑄆𑄮,Present
কোকড়ানো কাপটা দেখতেছি,𑄇𑄮𑄌𑄴 𑄛𑄛𑄳𑄦𑄨𑄠𑄚𑄴 𑄘𑄬𑄊𑄚𑄴𑄘𑄨,Present
লাফিে লাফিে,𑄣𑄁-𑄣𑄋𑄧𑄚𑄨 𑄟𑄨𑄣𑄨,Present
কি সুখ চাওা কি সুখ,𑄇𑄳𑄦𑄨 𑄥𑄪𑄈𑄴 𑄌𑄳𑄦𑄘𑄬 𑄇𑄳𑄦𑄨 𑄥𑄪𑄈𑄴,Present
ছন্নমন হওা মন তাদেরকে দেখে দেখে,𑄍𑄧𑄚𑄧 𑄟𑄧𑄚𑄧 𑄦𑄳𑄆𑄮 𑄃𑄪𑄙𑄬 𑄟𑄧𑄚𑄚𑄴 𑄖𑄢𑄳𑄦𑄢𑄬 𑄌𑄳𑄦𑄬𑄭 𑄌𑄳𑄦𑄬𑄭,Present
বেশি উেছে,𑄃𑄙𑄨𑄇𑄴 𑄃𑄪𑄌𑄴𑄍𑄮𑄠𑄴-,Present
কি সুন্দর এই দেশটা,𑄇𑄳𑄦𑄨 𑄘𑄮𑄣𑄴 𑄃𑄬 𑄘𑄬𑄌𑄴𑄌𑄚𑄴 𑄇𑄳𑄦𑄨 𑄘𑄮𑄣𑄴।,Present
"তাজেং,কেউ রাং,মেঘা,চিম্বুক,চিম্বুক, ফুরমোন","𑄖𑄎𑄨𑄚𑄴𑄓𑄧𑄁, 𑄇𑄬𑄃𑄪 𑄳𑄢𑄓𑄧𑄁, 𑄟𑄬𑄊𑄴𑄣, 𑄌𑄨𑄟𑄴𑄝𑄪𑄇𑄴, 𑄜𑄪𑄢𑄧𑄟𑄮𑄚𑄴",Present
"কেরাত কাটা,খাওার কাপ, আলুটিলে,গাে পাা পা","𑄇𑄬𑄢𑄬𑄖𑄴 𑄇𑄝, 𑄃𑄙𑄢𑄧 𑄇𑄛𑄴, 𑄃𑄣𑄪𑄑𑄨𑄣𑄬, 𑄉𑄣𑄴𑄧𑄳𑄠 𑄟𑄮𑄚𑄴",Present
"ভগবান টিলে,হাতের শিরা,দুই টিলে, বিদা দো মেে","𑄞𑄧𑄉𑄧𑄝𑄚𑄴 𑄑𑄨𑄣𑄬, 𑄦𑄬𑄘𑄧 𑄥𑄨𑄢𑄬, 𑄘𑄨 𑄑𑄨𑄣𑄬, 𑄝𑄨𑄘𑄬𑄥𑄨 𑄟𑄪𑄢𑄧",Present
"যমের চুক, পাকিস্তান টিলে, আর কত ব মানুষ","𑄡𑄧𑄟𑄧 𑄌𑄪𑄇𑄴, 𑄛𑄇𑄨𑄥𑄴𑄖𑄚𑄴 𑄑𑄨𑄣𑄬, 𑄃𑄢𑄧 𑄇𑄧𑄙𑄧𑄇𑄴 𑄟𑄮𑄚𑄧 𑄟𑄪𑄢𑄳𑄦𑄧",Present
তাদের কথা আরও কি বলবেন!,𑄖𑄢𑄳𑄦 𑄇𑄧𑄙 𑄃𑄢𑄴 𑄇𑄨 𑄇𑄮𑄟𑄴!,Future
তারা তো আমার হিরে মানুষ,𑄖𑄢𑄳𑄦𑄭 𑄘𑄧 𑄟𑄧𑄢𑄴 𑄦𑄨𑄢𑄬 𑄟𑄚𑄬𑄇𑄴,Present
তারা তো আমার বোন,𑄖𑄢𑄳𑄦𑄭 𑄘𑄧 𑄟𑄧𑄢𑄴 𑄥𑄧𑄚,Present
তারা তো আমাকে উপরে তুললো,𑄖𑄢𑄳𑄦𑄭 𑄘𑄧 𑄖𑄪𑄣𑄴𑄧𑄳𑄠𑄚𑄴 𑄟𑄧𑄢𑄳𑄦𑄬 𑄃𑄧𑄎𑄧𑄣𑄧𑄖𑄴,Past
আকাশটাও মেঘলা,𑄘𑄬𑄝𑄖𑄴𑄗𑄪𑄚𑄴𑄃𑄮 𑄃𑄧𑄎𑄧𑄣𑄧𑄖𑄴,Present
নাক থেকে রক্ত পতেছে মেদবহুল,𑄚𑄋𑄴 𑄜𑄪𑄘𑄬𑄭 𑄟𑄬𑄘𑄨𑄚𑄨𑄖𑄴।,Present
তাদের সাথে আসতেছি আমি,𑄖𑄢𑄳𑄦 𑄉𑄩𑄖𑄴𑄗𑄬𑄭 𑄃𑄬𑄌𑄴𑄧𑄳𑄠 𑄟𑄧𑄠𑄴𑄘𑄪,Present
এত হাজার হাজার টাকা হলে,𑄃𑄬𑄖𑄴𑄗𑄧𑄚𑄴 𑄣𑄈𑄴 𑄣𑄈𑄴 𑄟𑄚𑄬𑄭,Past
বোটা ভাত দিেছে,𑄝𑄢𑄴𑄞𑄮 𑄢𑄬𑄌𑄴𑄧𑄳𑄠𑄖𑄴𑄪𑄚𑄴,Present
তারা একে অপরকে বিদা দে,𑄖𑄢 𑄃𑄳𑄟𑄪𑄪𑄢𑄬 𑄃𑄪𑄙𑄨,Present
তারা সভা করে,𑄖𑄢𑄳𑄦 𑄥𑄧𑄞 𑄌𑄳𑄦𑄬𑄭,Present
তারা হাবা খেে,𑄖𑄢𑄳𑄦 𑄦𑄝 𑄈𑄬𑄭,Present
সুঙ্গটা নিজে নিজে বুো,𑄥𑄪𑄊𑄧𑄢𑄴 𑄚𑄨𑄎𑄬𑄌𑄴 𑄣𑄳𑄆𑄮 𑄝𑄪𑄉𑄧𑄖𑄴,Present
মনের ইচ্ছা পূরণ হওা,𑄟𑄧𑄚𑄧 𑄦𑄃𑄮𑄌𑄴 𑄛𑄪𑄢𑄘𑄧𑄚𑄴,Present
.উদ্ধত হেছে মনের মধ্যে,𑄃𑄪𑄌𑄴𑄍𑄳𑄠𑄮 𑄛𑄬𑄣𑄁 𑄝𑄬𑄭 𑄟𑄧𑄚𑄚𑄨𑄖𑄴,Present
পাখানা করে নেওা,𑄦𑄎𑄬 𑄚𑄬𑄘𑄧𑄚𑄴 𑄚𑄨𑄎𑄧𑄢𑄬,Present
হাত দিে চিমটি কাটতেছে,𑄦𑄎𑄧𑄘𑄧𑄚𑄴 𑄇𑄨𑄢𑄨 𑄟𑄳𑄦𑄨𑄢𑄨 𑄉𑄧𑄖𑄴𑄗𑄧𑄚𑄴,Present
ফোটা ফোটাগুলো কত বাহিনী করে,𑄜𑄪𑄘𑄮 𑄖𑄪𑄣𑄧𑄘𑄧𑄚𑄴 𑄇𑄧𑄙𑄧𑄇𑄴 𑄝𑄦𑄨𑄚𑄨 𑄉𑄧𑄢𑄳𑄦𑄨 𑄉𑄧𑄢𑄳𑄦𑄨-,Present
পাের আমি সেখান থেকে চিনতেছি,𑄛𑄋𑄳𑄦𑄧𑄢𑄴 𑄟𑄪𑄭 𑄥𑄨𑄖𑄴𑄗𑄪𑄚𑄴 𑄌𑄨𑄚𑄴𑄛𑄪𑄌𑄴𑄳𑄠,Present
"টাকা,ধন-মান","𑄑𑄬𑄋, 𑄙𑄧𑄚𑄴-𑄟𑄚𑄴",Present
"পাের নাা, মেে-দাা, আলুলো দুলোলো","𑄛𑄋𑄳𑄦𑄧𑄢𑄴 𑄚𑄋𑄴, 𑄟𑄬𑄠𑄳𑄠-𑄘𑄧𑄠𑄳𑄠, 𑄃𑄣𑄪𑄣𑄮 𑄘𑄪𑄣𑄮𑄣𑄮",Present
এক জাতী সাপ,𑄇𑄮𑄌𑄴 𑄛𑄛𑄳𑄦𑄨-𑄥𑄧𑄙𑄧𑄢𑄴 𑄃𑄢𑄧,Present
"মনের মতো, মনের মতো",𑄟𑄧𑄚𑄧 𑄢𑄬𑄉 𑄝𑄚𑄴-,Present
এখানে মনে হ কী আছে আর পার,𑄃𑄨𑄖𑄴𑄗𑄪𑄚𑄴 𑄛𑄢𑄳𑄦 𑄇𑄳𑄦𑄨 𑄃𑄊𑄬 𑄃𑄢𑄴 𑄛𑄬𑄝𑄢𑄴,Present
কি আছে আর সুখ,𑄇𑄳𑄦𑄨 𑄃𑄊𑄬 𑄃𑄢𑄴 𑄥𑄪𑄈𑄴!,Present
কি ভে আমি এই পৃথিবীতে পেেছি,𑄇𑄳𑄦𑄨 𑄞𑄬𑄤𑄮𑄖𑄴𑄳𑄠 𑄟𑄪𑄭 𑄃𑄬 𑄘𑄬𑄌𑄴𑄌𑄚𑄧𑄖𑄴 𑄛𑄬𑄠𑄳𑄠𑄧𑄁 𑄎𑄧𑄚𑄧𑄟𑄴,Present
.কি সুন্দর আমার এই চেহারাটা!,𑄇𑄳𑄦𑄨 𑄘𑄮𑄣𑄴 𑄟𑄧 𑄃𑄬 𑄘𑄬𑄌𑄴𑄌𑄚𑄴 𑄇𑄳𑄦𑄨 𑄘𑄮𑄣𑄴!,Present
বোটা যখন রোদ উঠবে,𑄝𑄬𑄚𑄴𑄳𑄠 𑄡𑄬𑄇𑄴𑄈𑄬 𑄝𑄬𑄣𑄚𑄴 𑄃𑄪𑄙𑄨𑄝𑄧,Future
চূা চা করতে হবে,𑄛𑄧𑄢𑄨𑄝𑄧 𑄌𑄬𑄢𑄴 𑄇𑄨𑄖𑄬𑄴 𑄍𑄧𑄘𑄧𑄇𑄴,Future
উদুখল মানুষরা সভা হ,𑄃𑄪𑄙𑄨𑄝𑄇𑄴 𑄟𑄮𑄚𑄴𑄟𑄪𑄢𑄳𑄦𑄧𑄃𑄪𑄚𑄴 𑄥𑄧𑄞 𑄦𑄳𑄆𑄮,Present
গাছ-বাঁশগুলো সেভাবেই থাকবে,𑄉𑄌𑄴-𑄝𑄌𑄴𑄪𑄚𑄴 𑄒𑄨𑄠𑄬𑄭 𑄗𑄬𑄝𑄇𑄴 𑄘𑄬𑄝 𑄟𑄪𑄇𑄴𑄈𑄬,Future
তার থেকে সে অনেক শক্ত,𑄖𑄖𑄴𑄗𑄪𑄚𑄴 𑄖𑄬 𑄃𑄧𑄎𑄧𑄣𑄴 𑄦𑄳𑄆𑄮,Present
এক জাতী পাখি,𑄞𑄎𑄨 𑄃𑄬𑄝𑄧 𑄟𑄬𑄊𑄴 𑄌𑄇𑄴,Present
পে যাবে ছাা,𑄛𑄧𑄢𑄨𑄝𑄧 𑄍𑄝,Future
বা হবে বৃষ্টি পে যাবে,𑄝 𑄦𑄧𑄝𑄧 𑄟𑄬𑄊𑄪𑄣𑄴𑄧𑄳𑄠 𑄛𑄧𑄢𑄨𑄝𑄧 𑄏𑄧𑄢𑄴,Future
পাহাের ধোঁার শব্দ,𑄦𑄘𑄨𑄝𑄧 𑄙𑄮𑄣𑄳𑄠𑄢𑄴 𑄏𑄪𑄀𑄖𑄴 𑄏𑄪𑄀𑄖𑄴,Present
.উচ্ছে গাছ-বাঁশগুলো ব হেছে,𑄃𑄪𑄌𑄴𑄍𑄮𑄠𑄴 𑄉𑄌𑄴-𑄝𑄌𑄴𑄍𑄪𑄚𑄴 𑄦𑄧𑄝𑄇𑄴 𑄃𑄪𑄣𑄧𑄟𑄧𑄖𑄴𑄧𑄳𑄠,Present
ধরে নিে যাওাটা একটু একটু করে জিতে,𑄙𑄧𑄢𑄨𑄝𑄇𑄴 𑄚𑄎 𑄃𑄬𑄉𑄧𑄎 𑄎𑄨𑄘𑄬 𑄎𑄨𑄖𑄬𑄴 𑄉𑄧𑄢𑄳𑄦𑄨,Present
.সে কি সুন্দর দেখতেছে,𑄇𑄳𑄦𑄨 𑄘𑄮𑄣𑄴 𑄌𑄳𑄦𑄘𑄬 𑄥𑄬𑄇𑄴𑄈𑄬,Present
কখন মন চলে যা,𑄇𑄧𑄇𑄴𑄈𑄬 𑄎𑄪𑄢𑄬 𑄡𑄠𑄴 𑄟𑄧𑄚𑄴,Present
চোখের পানি সবসম,𑄌𑄮𑄊𑄧 𑄛𑄚𑄨 𑄓𑄧𑄢𑄬 𑄝𑄳𑄦𑄬𑄭,Present
বৃষ্টি যখন বৃষ্টি হবে তোমার হবে,𑄏𑄧𑄢𑄴 𑄡𑄬𑄇𑄴𑄈𑄬 𑄕𑄨𑄃𑄧𑄟𑄴 𑄦𑄧𑄝𑄧 𑄚𑄎𑄚 𑄖𑄧 𑄦𑄧𑄝𑄧,Future
হিল ফুটিে মনের গাছ-বাচ্চু,𑄦𑄨𑄣𑄴 𑄜𑄪𑄘𑄨 𑄟𑄧𑄚𑄧𑄢𑄴 𑄉𑄌𑄴-𑄝𑄌𑄴𑄪𑄚𑄧𑄢𑄴,Present
চোরটা অন্ধকার করে ধোঁা,𑄌𑄬𑄢𑄴 𑄇𑄨𑄖𑄬𑄴 𑄃𑄚𑄴𑄙𑄢𑄴 𑄉𑄧𑄢𑄳𑄦𑄨 𑄉𑄨𑄣𑄨𑄇𑄴 𑄉𑄧𑄢𑄳𑄦𑄨 𑄙𑄪𑄟𑄧𑄠𑄴,Present
.ধরে আনবে পাহাের ভাত,𑄙𑄧𑄢𑄨𑄝𑄧 𑄟𑄮𑄚𑄧 𑄝𑄪𑄢𑄳𑄦𑄨 𑄞𑄖𑄴 𑄢𑄕,Future
"উস্কুখুস্কু হে এখন রিং চংরা, উু, ভালুক","𑄃𑄪𑄌𑄴𑄍𑄳𑄠𑄧 𑄦𑄳𑄆𑄮 𑄥𑄬𑄇𑄴𑄈𑄬 𑄪𑄢𑄨𑄁 𑄌𑄧𑄋𑄧𑄢, 𑄃𑄪𑄚𑄴𑄘𑄪𑄢𑄴, 𑄞𑄣𑄪𑄇𑄴",Present
"বাঘ, হেট, মাদী শুকর, চগা, যুগি বাঘ, যুগি বাঘ","𑄝𑄊𑄴, 𑄦𑄬𑄖𑄴, 𑄟𑄳𑄦𑄣𑄴 𑄟𑄪𑄢𑄳𑄦𑄧, 𑄌𑄧𑄉𑄧𑄘, 𑄡𑄪𑄉𑄨 𑄝𑄇𑄴",Present
"পাহা, কুা, বানর","𑄳𑄟𑄪𑄭, 𑄘𑄪𑄢𑄴, 𑄇𑄧𑄇𑄬𑄴𑄋𑄴, 𑄝𑄚𑄴𑄘𑄧𑄢𑄴",Present
"গা,কুদুক,ফিো,নর","𑄉𑄧𑄚𑄴𑄘, 𑄇𑄪𑄘𑄪𑄇𑄴, 𑄜𑄨𑄝𑄮, 𑄚𑄪𑄢𑄴",Present
"গরু,জঙ্গলের কাম,বিাল,কিন্দু বাঘ","𑄉𑄧𑄝𑄧, 𑄏𑄢𑄴𑄝𑄮 𑄇𑄳𑄟𑄪𑄪𑄢𑄴, 𑄝𑄨𑄣𑄬𑄭, 𑄇𑄨𑄚𑄴𑄘𑄪 𑄝𑄊𑄴",Present
গোার মানুষ সম আর নানা ধরনের,𑄉𑄮𑄢𑄴 𑄳𑄟𑄪𑄚𑄨 𑄥𑄧𑄟𑄧𑄖𑄴 𑄃𑄢𑄧 𑄚𑄚𑄋𑄴,Present
এক জাতী পাখি,𑄃𑄪𑄞𑄧𑄣 𑄜𑄣𑄴 𑄦𑄳𑄆𑄮 𑄛𑄬𑄇𑄴𑄈𑄪𑄚𑄴,Present
গীত গান করতে করতে নেচে নেচে,𑄉𑄩𑄖𑄴 𑄉𑄬𑄝𑄇𑄴 𑄎𑄧𑄉𑄢𑄴 𑄛𑄢𑄨 𑄖𑄨𑄚𑄬𑄁 𑄉𑄧𑄢𑄳𑄦𑄨 𑄉𑄧𑄢𑄳𑄦𑄨,Present
.কিছুই একা একা থাকতে পারতেছি না,𑄇𑄨𑄃𑄳𑄆𑄮 𑄝 𑄎𑄪𑄢𑄮𑄝𑄘𑄬 𑄗𑄚𑄴 𑄚𑄧 𑄛𑄬𑄠𑄳𑄠𑄬 𑄉𑄧𑄢𑄳𑄦𑄨,Present
"খুঁজতে খুঁজতে,মেে-মেে করে সে,-","𑄖𑄧𑄉-𑄖𑄧𑄉𑄨, 𑄟𑄬𑄉-𑄟𑄬𑄉𑄨 𑄉𑄧𑄢𑄳𑄦𑄨𑄝𑄇𑄴 𑄖𑄣𑄧𑄴𑄳𑄆 𑄖𑄬,-",Present
"এক জাতী সাপ, রিং জামুর, কালোজাম","𑄃𑄎𑄧𑄝𑄧 𑄥𑄛𑄴, 𑄪𑄢𑄨𑄁 𑄎𑄟𑄪𑄢𑄧, 𑄇𑄣 𑄎𑄟𑄪𑄢𑄧,",Present
".ফসলের জাম,তুত জাম,বাঁকা জাম,আঁকাবাঁকা,সুঁচালো নালি","𑄜𑄬𑄌𑄴𑄧𑄳𑄠 𑄎𑄟𑄪𑄢𑄧, 𑄗𑄪𑄘𑄧 𑄎𑄟𑄪𑄢𑄧, 𑄝𑄉𑄌𑄨𑄣𑄬, 𑄥𑄪𑄘𑄧𑄖𑄴 𑄚𑄧𑄣𑄨",Present
"কুলবান,ঔরল, তবা, পাহাের তবা","𑄇𑄪𑄣𑄧𑄝𑄚𑄴, 𑄃𑄧𑄢𑄳𑄦𑄧𑄣𑄴, 𑄖𑄧𑄞, 𑄟𑄮𑄚𑄴 𑄖𑄧𑄞,",Present
"উো বলা, পানা, মাছ, তরকারি","𑄃𑄪𑄢𑄴𑄝𑄧 𑄝𑄧𑄣𑄳𑄦, 𑄛𑄚𑄴𑄳𑄠, 𑄟𑄖𑄴𑄳𑄠, 𑄃𑄧𑄢𑄳𑄦𑄝𑄧𑄖𑄨",Present
.আরও অনেক বিচি বিচি বলে,𑄃𑄢𑄧 𑄚𑄚𑄋𑄴 𑄝𑄨𑄌𑄴-𑄃𑄧𑄝𑄨𑄌𑄴 𑄝𑄧𑄣 𑄥𑄝𑄬,Present
"জঙ্গলটা কুা,মুর কুা, কেতকেত, রং রাং","𑄏𑄢𑄴𑄝𑄮 𑄇𑄪𑄢𑄳𑄦𑄧, 𑄟𑄪𑄢𑄴 𑄇𑄪𑄢𑄳𑄦𑄧, 𑄇𑄬𑄖𑄴𑄇𑄬𑄖𑄴𑄳𑄠, 𑄢𑄧𑄁 𑄢𑄁,",Present
"ট্রাক্টর,ঢুক,তোক,সনাতালি","𑄢𑄨𑄌𑄴𑄮𑄣𑄴𑄳𑄠, 𑄙𑄪𑄁𑄉𑄧, 𑄖𑄧𑄘𑄬𑄇𑄴, 𑄥𑄧𑄚𑄖𑄴𑄖𑄣𑄨",Present
"বুো, বিাল, বগা","𑄝𑄢𑄴𑄉𑄨, 𑄞𑄨𑄢𑄬𑄌𑄴, 𑄥𑄳𑄠𑄬𑄢𑄴, 𑄝𑄧𑄉,",Present
"পাহাের পাখি, হািকুি, হাকুি, পাহাি","𑄟𑄮𑄚𑄴 𑄝𑄧𑄉, 𑄍𑄧𑄖𑄴𑄖 𑄛𑄬𑄇𑄴, 𑄦𑄢𑄨𑄇𑄪𑄢𑄳𑄦𑄨, 𑄦𑄬𑄖𑄴𑄙𑄉,",Present
"হগল,বুো-বুি,পেকে পে,হাতের রা","𑄦𑄧𑄉𑄧𑄣𑄧𑄇𑄴, 𑄝𑄪𑄌𑄴𑄳𑄠-𑄝𑄪𑄢𑄳𑄦𑄨, 𑄛𑄨𑄏𑄬𑄭𑄢𑄬 𑄛𑄨𑄏𑄬𑄭, 𑄦𑄖𑄴𑄗𑄳𑄠 𑄢𑄘,",Present
"কোদাল,কুা পাখি, ধুধুক, ছেঁা বাঁশ, ছেঁা বাঁশ","𑄈𑄪𑄢𑄧𑄣𑄴𑄳𑄠, 𑄇𑄪𑄠𑄴𑄳𑄠 𑄛𑄬𑄇𑄴, 𑄙𑄪𑄙𑄪𑄈𑄁, 𑄍𑄬𑄘𑄴𑄘𑄧𑄞,",Present
"চিল,পাখি,পিঁপা,পিঁপা আর নানা ধরনের পাখি","𑄌𑄨𑄣𑄴, 𑄌𑄨𑄊𑄨𑄢𑄬, 𑄛𑄬𑄎 𑄃𑄢𑄧 𑄚𑄚𑄋𑄴 𑄛𑄬𑄊𑄬",Present
কি সুন্দর ঘিে গান গেে,𑄇𑄳𑄦𑄨 𑄘𑄮𑄣𑄴 𑄘𑄮𑄣𑄴 𑄊𑄧𑄎𑄣𑄳𑄆𑄮 𑄉𑄩𑄖𑄴 𑄉𑄬𑄭,Present
"মুত্রথলি খোল,আকাশ, মাটি","𑄳𑄟𑄪𑄎𑄪𑄢𑄬 𑄖𑄪𑄣𑄨𑄝𑄇𑄴 𑄈𑄮𑄠𑄁, 𑄘𑄬𑄝, 𑄟𑄘𑄨-",Present
"পাহাের উপরে উঠে যাওা, জঙ্গল","𑄳𑄟𑄪𑄟𑄴𑄳𑄟𑄪𑄟𑄬𑄭 𑄃𑄪𑄙𑄨𑄝𑄇𑄴 𑄟𑄪𑄢𑄳𑄦𑄧 𑄟𑄪𑄢𑄳𑄦𑄨, 𑄏𑄢𑄴",Present
কি কানের সুখ পাওা যা,𑄇𑄳𑄦𑄨 𑄇𑄚𑄴 𑄥𑄪𑄈𑄴 𑄥𑄪𑄚𑄴𑄘𑄬,Present
মনের ইচ্ছা পূরণ করতে যে কোথা আছি,𑄟𑄧𑄚𑄚𑄴 𑄦𑄏𑄨 𑄡𑄬𑄭 𑄇𑄪𑄙𑄪 𑄃𑄊𑄧𑄁 𑄥𑄬𑄇𑄴𑄈𑄬,Present
বেশি উপরে উঠে যাওা,𑄃𑄙𑄨𑄇𑄴 𑄃𑄪𑄌𑄴𑄍𑄮𑄠𑄴 𑄃𑄪𑄞𑄮𑄣𑄴𑄜𑄣𑄴 𑄦𑄳𑄆𑄮।,Present
বািতে এলে বািতে আসে সবাই,𑄊𑄧𑄢𑄧𑄖𑄴 𑄃𑄬𑄣𑄬 𑄊𑄧𑄢𑄧 𑄛𑄬𑄇𑄴𑄪𑄚𑄬,Present
"জুে,জে আরও বেশি তাদের মন","𑄎𑄪𑄢𑄬, 𑄘𑄳𑄠𑄧𑄚𑄴 𑄝𑄬𑄌𑄴 𑄃𑄢𑄮 𑄖𑄢𑄳𑄦 𑄟𑄧𑄚𑄚𑄴",Present
"মেে,চনা,বো,পোরা,ফুলের গন্ধ,পোরা,পোরা","𑄟𑄧𑄚, 𑄌𑄧𑄚, 𑄝𑄧𑄢𑄧𑄕𑄩, 𑄛𑄬𑄠𑄢, 𑄜𑄪𑄣𑄴 𑄌𑄪𑄎𑄧𑄚𑄨, 𑄛𑄬𑄎,",Present
"ক, বালু, ঝুি, সুততুবি, হগলক, হগলক","𑄇𑄧, 𑄝𑄣𑄪, 𑄏𑄪𑄖𑄴𑄖𑄳𑄠𑄣𑄴 𑄟𑄧𑄚, 𑄟𑄳𑄦𑄢𑄋, 𑄥𑄪𑄘𑄧𑄖𑄴𑄪𑄝𑄨, 𑄦𑄧𑄉𑄧𑄣𑄧𑄇𑄴,",Present
"চাঁদ চরিে,অমুক, বগা,মেে ছাগল","𑄌𑄚𑄴 𑄌𑄧𑄢𑄳𑄆𑄮, 𑄃𑄳𑄟𑄪𑄪𑄢𑄳𑄦𑄨𑄇𑄴, 𑄝𑄧𑄉, 𑄟𑄬𑄟𑄬 𑄍𑄉𑄧𑄣𑄨,",Present
"তেলি পাখি,অমুুক,বাঁশি,নাাচা","𑄖𑄬𑄣𑄨 𑄞𑄨𑄢𑄬𑄌𑄴, 𑄃𑄳𑄟𑄪𑄪𑄢𑄨𑄇𑄴𑄝𑄇𑄴, 𑄝𑄣𑄴𑄳𑄦𑄳𑄠, 𑄕𑄘𑄬𑄁 𑄛𑄪𑄖𑄴𑄨,",Present
"সাদা চিটিংবাজ, কা, গোল চোখ, স্থির চোখ, চুপ করে থাকা, খোল","𑄌𑄚𑄴 𑄌𑄨𑄘𑄨𑄣𑄳𑄦𑄬, 𑄇𑄧𑄝, 𑄉𑄮𑄣𑄴 𑄌𑄮𑄙𑄧𑄢𑄨, 𑄗𑄨𑄗𑄨𑄗𑄨𑄃𑄮𑄇𑄴, 𑄈𑄧𑄚𑄴𑄎𑄧𑄚𑄴,",Present
"বাধোই, ভুই পাখি, পাতার হা, জুের পা, /n Fetch","𑄝𑄙𑄳𑄆𑄮, 𑄞𑄪𑄭 𑄛𑄬𑄇𑄴, 𑄛𑄘𑄨 𑄦𑄌𑄴, 𑄎𑄪𑄢𑄴𑄞𑄧 𑄛𑄬𑄇𑄴, 𑄘𑄮𑄇𑄴",Present
এক জাতী পাখি,𑄃𑄢𑄧 𑄇𑄧𑄙𑄧𑄇𑄴 𑄛𑄬𑄇𑄴,Present
সে সাথে আছে আর কুকুরও আছে,𑄥𑄬 𑄥𑄧𑄟𑄢𑄬 𑄃𑄊𑄧𑄚𑄴 𑄃𑄢𑄧 𑄛𑄬𑄇𑄴 𑄇𑄪𑄎𑄧𑄢𑄨,Present
কি ভালো গান শুনাচ্ছে আমাকে,𑄇𑄳𑄦𑄨 𑄘𑄮𑄣𑄬 𑄉𑄩𑄖𑄴 𑄥𑄪𑄚𑄬𑄭 𑄢𑄬𑄘𑄬-𑄘𑄨𑄚𑄬 𑄟𑄧𑄢𑄳𑄦𑄬,Present
বুো পাহাের পথ পরিষ্কার,𑄝𑄪𑄢𑄬 𑄗𑄧𑄚𑄴 𑄚𑄨𑄢𑄴𑄝𑄚𑄴 𑄥𑄪𑄊𑄧𑄖𑄴,Present
পুরো বছর চুপ করে,𑄉𑄧𑄘 𑄝𑄧𑄏𑄧𑄢𑄴 𑄗𑄨𑄉𑄬,Present
কি সুখ কি সুখ,𑄇𑄳𑄦𑄨 𑄥𑄪𑄈𑄴 𑄇𑄳𑄦𑄨 𑄥𑄪𑄈𑄴!,Present
কোথা থাকি আমি বা কোথা যাই,𑄇𑄪𑄙𑄪 𑄗𑄁 𑄟𑄪𑄭 𑄝 𑄇𑄪𑄙𑄪 𑄦𑄏𑄨 𑄡𑄁,Present
.কথা বলতে পারিনা নিজে বুে যাওা,𑄇𑄳𑄆𑄮 𑄚𑄧 𑄛𑄢𑄧𑄁 𑄚𑄨𑄎𑄬 𑄥𑄪𑄊𑄧𑄖𑄴 𑄝𑄪𑄢𑄨 𑄡𑄬𑄭।,Present
সূর্যটা যখন ডুবিে যাবে,𑄝𑄬𑄣𑄚𑄴 𑄦𑄧𑄝𑄧 𑄡𑄬𑄇𑄴𑄈𑄬 𑄓𑄪𑄝𑄧𑄁 𑄓𑄪𑄝𑄧𑄁,Future
.উদ্ধব ভাজি লাল মেঘ,𑄃𑄪𑄙𑄨𑄝𑄧 𑄞𑄎𑄨 𑄢𑄋 𑄟𑄬𑄊𑄴,Present
এক জাতী রং,𑄌𑄬𑄢𑄴 𑄇𑄨𑄖𑄬𑄴 𑄍𑄨𑄘𑄨𑄝𑄧 𑄢𑄧𑄁,Present
সুন্দর করে সব গুছাবো যে রংটা,𑄘𑄮𑄣𑄴 𑄦𑄳𑄆𑄮 𑄃𑄪𑄙𑄨𑄝𑄧 𑄝𑄬𑄇𑄴𑄈𑄚𑄴 𑄣𑄨𑄝 𑄡𑄬𑄭 𑄥𑄬 𑄢𑄧𑄋𑄚𑄴,Future
"আকাশ- মাটি, গাছ-বাঁকা,পাখি-পেকে সব উো হেছে","𑄘𑄬𑄝-𑄟𑄘𑄨, 𑄉𑄌𑄴-𑄝𑄌𑄴, 𑄛𑄬𑄇𑄴-𑄟𑄚𑄬𑄭 𑄝𑄬𑄇𑄴 𑄃𑄪𑄙𑄨𑄝𑄇𑄴 𑄥𑄎𑄨",Present
.উচ্ছে মাটি শেষ হে উে যাবে,𑄃𑄪𑄌𑄴𑄍𑄮𑄠𑄴 𑄟𑄘𑄨 𑄜𑄪𑄢𑄴 𑄟𑄢𑄨 𑄃𑄪𑄢𑄨𑄝𑄇𑄴 𑄃𑄪𑄣𑄴𑄛𑄪𑄇𑄴,Future
.উিটা ফোসকা পেছে,𑄃𑄪𑄢𑄨𑄝𑄇𑄴 𑄜𑄮𑄢𑄴 𑄝𑄧𑄣 𑄝𑄨𑄌𑄴 𑄜𑄨𑄉𑄨𑄢𑄬,Present
সেগুলো দেখে সবাই উত্তেজিত হেছে,𑄥𑄨𑄃𑄪𑄚𑄴 𑄘𑄳𑄦𑄬𑄭 𑄛𑄬𑄇𑄴𑄪𑄚𑄬 𑄎𑄧𑄘𑄧𑄝𑄧𑄘𑄬 𑄃𑄪𑄌𑄴𑄍𑄧 𑄦𑄳𑄆𑄮𑄚𑄬,Present
উে উে খাওার পর সে বেঁচে থাকবে,𑄃𑄪𑄢𑄨 𑄃𑄪𑄢𑄨 𑄈 𑄙𑄧𑄢𑄨𑄝𑄇𑄴 𑄖𑄣𑄴𑄮𑄳𑄆 𑄖𑄬 𑄎𑄨𑄖𑄴 𑄝𑄘𑄬,Future
কত ব করে নাচা করে সুন্দর মাটি,𑄇𑄨𑄏𑄨𑄇𑄴 𑄇𑄏𑄇𑄴 𑄉𑄧𑄢𑄳𑄦𑄨 𑄚𑄉𑄧𑄢𑄴 𑄟𑄘𑄨 𑄟𑄘𑄨,Present
কখন চোখ বন্ধ হ,𑄇𑄧𑄇𑄴𑄈𑄬 𑄌𑄮𑄇𑄴-𑄟𑄧𑄚𑄴 𑄎𑄪𑄢𑄬 𑄡𑄬𑄭,Present
চোখের পানি পে যাবে,𑄌𑄮𑄊𑄧 𑄛𑄚𑄨 𑄛𑄧𑄢𑄨 𑄝𑄳𑄦𑄬𑄭,Future
হেঁটে যাওা মনের ইচ্ছা বলতে পারি না,𑄦𑄏𑄨 𑄡𑄭 𑄟𑄧𑄚𑄚𑄴 𑄇𑄳𑄆𑄮 𑄚𑄧 𑄛𑄢𑄧𑄁 𑄚𑄨𑄎𑄬,Present
তাদেরকে দেখে থাক,𑄖𑄢𑄳𑄦𑄢𑄬 𑄌𑄳𑄦𑄬𑄭 𑄗𑄇𑄴𑄈𑄬।,Present
ঘাসের সম ঝুি পতেছে গাছে,𑄥𑄏𑄧 𑄃𑄧𑄇𑄴𑄗𑄧𑄖𑄴 𑄏𑄪𑄝𑄪𑄢𑄴 𑄉𑄏𑄧𑄖𑄴,Present
এখন সব গুো হেছে,𑄡𑄬𑄇𑄴𑄈𑄬 𑄝𑄬𑄇𑄴𑄈𑄪𑄚𑄴 𑄗𑄪𑄝𑄧 𑄦𑄳𑄆𑄮,Present
ঘুম আসতেছে,𑄊𑄪𑄟𑄴 𑄡𑄬𑄝𑄖𑄴𑄳𑄠 𑄃𑄬𑄞𑄇𑄴,Present
উঁচু হে নেচে নেচে,𑄃𑄪𑄌𑄴𑄍𑄳𑄠𑄧 𑄦𑄳𑄆𑄮 𑄖𑄨𑄚𑄬𑄋𑄬,Present
গান করতেছে সে,𑄉𑄚𑄧𑄢𑄴 𑄟𑄘𑄨 𑄖𑄣𑄴𑄮𑄳𑄆 𑄖𑄬,Present
কথা গুলো সুন্দর,𑄇 𑄇𑄧𑄙 𑄇𑄧𑄚𑄴𑄕 𑄥𑄪𑄚𑄬𑄢𑄴,Present
যে কথা বলে সে,𑄡 𑄇𑄧𑄙 𑄇𑄳𑄆𑄮 𑄖𑄬,Present
কি কানের সুখ শোনা যা,𑄇𑄳𑄦𑄨 𑄇𑄚𑄴 𑄥𑄪𑄈𑄴 𑄥𑄪𑄚𑄧𑄘𑄬,Present
দেখতে সুন্দর লাগে কি সুন্দর,𑄌𑄳𑄦𑄘𑄬 𑄣𑄉𑄬 𑄇𑄳𑄦𑄨 𑄘𑄮𑄣𑄴,Present
জাগা প্রাণ জুে যা,𑄎𑄉𑄖𑄴 𑄛𑄧𑄢𑄚𑄴 𑄎𑄪𑄢𑄬 𑄡𑄬𑄭,Present
চোখের পানি পে,𑄌𑄮𑄊𑄧 𑄛𑄚𑄨 𑄛𑄧𑄢𑄬 𑄝𑄳𑄦𑄬𑄭,Present
মনে হ কাউকে মনে পে,𑄟𑄧𑄚𑄧𑄖𑄴 𑄇𑄢𑄳𑄦𑄬 𑄃𑄪𑄋𑄪𑄘𑄧,Present
.সুার বুো উঠা,𑄥𑄪𑄊𑄧𑄢𑄴 𑄗𑄪𑄝𑄧𑄣𑄴 𑄃𑄪𑄙𑄨,Present
কি সুখ এই জীবনে!,𑄇𑄳𑄦𑄨 𑄥𑄪𑄈𑄴 𑄃𑄨𑄠𑄬𑄚𑄴 𑄇𑄳𑄦𑄨 𑄥𑄪𑄈𑄴!,Present
"তার বিিটাও আছে আর ভও আছে, কমরং আছে","𑄖 𑄝𑄨𑄢𑄨𑄖𑄴𑄧𑄃𑄮 𑄃𑄊𑄧𑄚𑄴 𑄃𑄢𑄧 𑄞𑄧𑄋𑄮𑄢𑄳𑄦, 𑄇𑄧𑄟𑄧𑄢𑄬𑄁 𑄃",Present
"এক জাতী পোকা, বোলতা, পাহাের পোকা, পাহাের পোকা, পাহাের পোকা","𑄇𑄪𑄟𑄧𑄌𑄴𑄍𑄳𑄠 𑄛𑄪𑄇𑄴, 𑄝𑄧𑄣𑄳𑄦, 𑄛𑄘 𑄝𑄧𑄣𑄳𑄦, 𑄟𑄖𑄴𑄳𑄠 𑄖𑄬𑄉, 𑄟𑄪 𑄛𑄪𑄇𑄴,",Present
"বেনেনি, বেইননি,পিলে বোনো,পিলে বোইন","𑄝𑄬𑄚𑄴𑄝𑄬𑄚𑄨, 𑄞𑄬𑄋𑄪𑄢𑄴, 𑄛𑄨𑄣𑄬 𑄞𑄬𑄋𑄪𑄢𑄴,",Present
সুন্দর করে উে উে গান করে আমাকে বলতেছে,𑄘𑄮𑄣𑄴 𑄉𑄧𑄢𑄳𑄦𑄨 𑄃𑄪𑄢𑄨 𑄃𑄪𑄢𑄨 𑄉𑄩𑄖𑄴 𑄉𑄳𑄦𑄬𑄭 𑄇𑄧𑄘𑄧𑄚𑄴𑄙𑄨 𑄟𑄧𑄢𑄳𑄦𑄬,Present
কি ভালো লাগে তাদের গীতে-সুগন্ধি লাগে,𑄇𑄳𑄦𑄨 𑄉𑄧𑄟𑄴 𑄣𑄉𑄬 𑄖𑄢𑄳𑄦 𑄉𑄩𑄖𑄴𑄗𑄪𑄚𑄴-𑄥𑄪𑄚𑄴𑄘𑄬 𑄣𑄉𑄬 𑄇𑄳𑄦𑄨 𑄥𑄪𑄈𑄴,Present
একা একা মন ভরে যা আমার,𑄉𑄭 𑄉𑄭 𑄟𑄧𑄚𑄚𑄴 𑄞𑄧𑄢𑄨 𑄡𑄭 𑄟𑄧𑄢𑄴।,Present
.পুে মেেে চেহারা আছে আর পথটা পুে আছে,𑄛𑄪𑄢𑄨 𑄟𑄨𑄣𑄬 𑄙𑄧𑄇𑄴 𑄃𑄊𑄧𑄚𑄴 𑄃𑄢𑄧 𑄛𑄧𑄖𑄴𑄗 𑄛𑄪𑄖𑄴𑄗𑄨,Present
"সবুজ,লাল, কালো, সাদা, চিটিংবাজ","𑄦𑄬𑄣𑄴, 𑄢𑄋, 𑄇𑄣, 𑄙𑄪𑄛𑄴, 𑄌𑄨𑄘𑄨𑄢𑄬",Present
"কালোজাদু,রঙোজা,হওা,ধুবু","𑄇𑄣𑄮𑄌𑄴𑄍𑄳𑄠, 𑄢𑄋𑄮𑄌𑄴𑄍𑄳𑄠, 𑄦𑄧𑄣𑄮𑄖𑄴𑄘𑄳𑄠, 𑄙𑄪𑄝𑄪𑄢𑄧,",Present
"বাই চাঁদের রং, চোখ","𑄝𑄳𑄟𑄬𑄪𑄚𑄨 𑄘𑄬𑄝 𑄢𑄧𑄁, 𑄌𑄮𑄌𑄴",Present
. আছে এবং তেন্নে মুরি,𑄃𑄊𑄧𑄚𑄴 𑄃𑄢𑄧 𑄖𑄬𑄚𑄴𑄧𑄳𑄠 𑄟𑄪𑄢𑄨,Present
সুন্দর করে সুন্দর করে সব গুছানো,𑄘𑄮𑄣𑄴 𑄉𑄧𑄢𑄳𑄦𑄨𑄚𑄬 𑄃𑄪𑄢𑄨 𑄃𑄪𑄢𑄨 𑄥𑄧𑄞 𑄍𑄨𑄘𑄬𑄭 𑄝𑄬𑄇𑄴𑄈𑄚𑄴,Present
কথা বলার সম সবাই চুপ করে থাকে,𑄇𑄧𑄙 𑄇𑄧𑄚𑄴𑄘𑄨 𑄟𑄧𑄣𑄴𑄮𑄳𑄆 𑄃𑄨𑄎𑄨𑄢𑄳𑄦𑄬𑄭 𑄗𑄢𑄬 𑄗𑄢𑄬,Present
.কাছে নিকটে এই লজ্জাবোধ,𑄇𑄪𑄢𑄬 𑄇𑄪𑄢𑄬 𑄃𑄬𑄭 𑄣𑄎𑄁 𑄣𑄎𑄁 𑄌𑄮𑄇𑄴𑄮𑄳𑄆,Present
কেকটা পানশে দেখতেছি,𑄇𑄮𑄌𑄴 𑄛𑄚𑄚𑄴 𑄘𑄬𑄊𑄚𑄴𑄘𑄨 𑄟𑄬𑄣𑄳𑄦𑄨-,Present
কী ভালো লাগে মনে হ,𑄇𑄳𑄦𑄨 𑄉𑄧𑄟𑄴 𑄣𑄉𑄬 𑄟𑄧𑄚𑄚𑄧𑄖𑄴,Present
এখান থেকে আর কি সুখ থাকতে পারে!,𑄃𑄨𑄖𑄴𑄗𑄪𑄚𑄴 𑄛𑄢𑄳𑄦 𑄥𑄪𑄈𑄴 𑄃𑄢𑄴 𑄇𑄨 𑄗𑄬 𑄛𑄢𑄬!,Present
কি সুন্দর আমার এই চেহারা,𑄇𑄳𑄦𑄨 𑄘𑄮𑄣𑄴 𑄟𑄧 𑄃𑄬 𑄘𑄬𑄌𑄴𑄌𑄚𑄴 𑄇𑄳𑄦𑄨 𑄘𑄮𑄣𑄴।,Present
কালো রাত করে যে,𑄇𑄣 𑄢𑄬𑄖𑄴𑄧𑄳𑄠 𑄉𑄧𑄋𑄨 𑄡𑄬𑄭,Present
সূর্য ডোবার সম,𑄝𑄬𑄣𑄧 𑄛𑄳𑄦𑄧𑄢𑄴 𑄜𑄘𑄨 𑄃𑄬𑄭,Present
.ঘুম পেলে কুকুরগুলো ঘুম থেকে বের হ,𑄗𑄚𑄴 𑄛𑄬𑄣𑄬 𑄛𑄬𑄇𑄴𑄪𑄚𑄬 𑄊𑄪𑄟𑄧𑄖𑄴𑄗𑄪𑄚𑄴,Present
জুে জুে আসা,𑄎𑄪𑄢𑄮 𑄎𑄪𑄢𑄮 𑄦𑄞 𑄃𑄬𑄣𑄬,Present
.থাপ্প পা না পাে হলে,𑄗𑄚𑄴 𑄛𑄁 𑄚𑄧 𑄛𑄁 𑄟𑄪𑄭 𑄦𑄧𑄣𑄬,Present
সেই সমে গোল চোখগুলো জুে আছে,𑄥𑄬 𑄃𑄧𑄇𑄴𑄗𑄧𑄖𑄴 𑄉𑄮𑄣𑄴 𑄌𑄮𑄙𑄪𑄢𑄨 𑄎𑄪𑄢𑄮 𑄉𑄧𑄢𑄳𑄦𑄨 𑄃𑄬𑄭,Present
কাঠঠোকরা গাছের নিচে বসে আছে,𑄇𑄧𑄚𑄴𑄘𑄣𑄴 𑄝 𑄎𑄪𑄘𑄧 𑄉𑄏𑄧𑄖𑄴 𑄏𑄪𑄝𑄧𑄖𑄴 𑄖𑄧𑄣𑄬 𑄝𑄳𑄆𑄮,Present
কি ভালো গান গিে দেখা যা,𑄇𑄨 𑄘𑄮𑄣𑄬 𑄉𑄩𑄖𑄴 𑄉𑄳𑄦𑄬𑄭 𑄘𑄬𑄊𑄨 𑄟𑄨𑄙𑄬 𑄊𑄧𑄎𑄣𑄳𑄆𑄮,Present
কি সুখ তার কি সুখ,𑄇𑄳𑄦𑄨 𑄥𑄪𑄈𑄴 𑄥𑄨𑄠𑄬𑄚𑄴 𑄇𑄳𑄦𑄨 𑄥𑄪𑄈,Present
ভালোভাবে প্রাণটা ভরে যাওা যা,𑄎𑄪𑄢𑄬 𑄡𑄭 𑄛𑄧𑄢𑄚𑄴 𑄞𑄧𑄢𑄨 𑄡𑄭 𑄝𑄪𑄇𑄴,Present
সিঝির মতো উঠে মন,𑄥𑄨𑄏𑄨 𑄦𑄳𑄆𑄮 𑄃𑄪𑄙𑄬 𑄟𑄧𑄚𑄚𑄴,Present
.নিঃসঙ্গ সুখ ভাজি এই,𑄚𑄨𑄢𑄴𑄝𑄚𑄴 𑄥𑄪𑄈𑄴 𑄞𑄎𑄨 𑄃𑄬𑄭।,Present
বেইনটা দুই ভাগ করে যা,𑄝𑄬𑄚𑄴𑄳𑄠 𑄘𑄨𑄞𑄮𑄢𑄴 𑄝𑄨𑄘𑄨 𑄡𑄬𑄭,Present
গািটা দুই ভাগ হ,𑄉𑄞𑄪𑄢𑄴 𑄘𑄨𑄞𑄮𑄢𑄴 𑄝𑄬𑄣𑄚𑄴 𑄦𑄳𑄆𑄮,Present
কার কাচা হে উঠলে বিাল,𑄇𑄢𑄴 𑄇𑄌𑄴𑄳𑄠 𑄦𑄳𑄆𑄮 𑄃𑄪𑄙𑄨𑄣𑄬 𑄝𑄬𑄣𑄧 𑄖𑄧,Past
.উমাটা ফেটে গেলে বুক,𑄃𑄪𑄟𑄪𑄌𑄴𑄍𑄳𑄠𑄭 𑄜𑄘𑄨 𑄡𑄬𑄣𑄬 𑄝𑄪𑄇𑄴,Present
সব পাখি শান্ত হেছে,𑄝𑄬𑄇𑄴 𑄛𑄬𑄇𑄴𑄈𑄪𑄚𑄴 𑄎𑄪𑄢𑄮 𑄦𑄳𑄆𑄮,Present
গীতটা তোমার করে রাখো,𑄉𑄩𑄖𑄴 𑄉𑄳𑄦𑄚𑄴 𑄖𑄧 𑄉𑄧𑄢𑄳𑄦𑄨 𑄗𑄳𑄆𑄮,Present
বাির পাশে ঝুি গাছ,𑄊𑄧𑄢𑄧 𑄇𑄪𑄢𑄬 𑄏𑄪𑄝𑄪𑄢𑄴 𑄉𑄏𑄧𑄖𑄴,Present
কি মিষ্টি কথা বলে কান ব্যাথা করে,𑄇𑄳𑄦𑄨 𑄟𑄨𑄙𑄬 𑄙𑄬𑄉𑄬 𑄇𑄚𑄴 𑄥𑄪𑄈‘ 𑄉𑄧𑄢𑄳𑄦𑄨,Present
বিভিন্ন ঘিে সুর তুলে,𑄚𑄚𑄋𑄴 𑄊𑄧𑄎𑄠𑄴 𑄥𑄪𑄢𑄧𑄖𑄴 𑄖𑄪𑄣𑄨,Present
গীত গান করে দুই বন্ধু মিলে,𑄉𑄩𑄖𑄴 𑄉𑄳𑄦𑄬𑄭 𑄘𑄧𑄚𑄴𑄙𑄨 𑄟𑄧𑄚𑄃𑄪𑄚𑄬,Present
স্বর্গে মদ খাওা যাবে,𑄥𑄧𑄢𑄴𑄉𑄧 𑄥𑄪𑄙 𑄈𑄝𑄬𑄭,Future
না না করে,𑄚𑄧𑄚𑄬𑄠𑄳𑄠 𑄚𑄧𑄚𑄬𑄠𑄳𑄠 𑄉𑄧𑄢𑄳𑄦𑄨,Present
কি সুখ সেটা কি সুখ,𑄇𑄳𑄦𑄨 𑄥𑄪𑄈𑄴 𑄥𑄨𑄠𑄬𑄚𑄴 𑄇𑄳𑄦𑄨 𑄥𑄪𑄈𑄴,Present
কখন যে প্রাণটা লেছি বের হেছে,𑄇𑄧𑄇𑄴𑄈𑄬 𑄎𑄪𑄢𑄬 𑄡𑄬𑄭 𑄛𑄧𑄢𑄚𑄴 𑄣𑄪𑄁𑄋𑄧𑄉𑄳𑄆𑄮 𑄚𑄨𑄢𑄴𑄝𑄚𑄧𑄖𑄴,Present
আমি বলতে পারি না,𑄇𑄳𑄆𑄮 𑄚𑄧 𑄛𑄢𑄧𑄁 𑄚𑄨𑄎𑄬-,Present
কি আরও রোদ,𑄇𑄳𑄦𑄨 𑄃𑄢𑄴 𑄢𑄮𑄘𑄧 𑄖𑄧,Present
কি আবার উঠতেছে,𑄇𑄳𑄦𑄨 𑄃𑄢𑄴 𑄃𑄪𑄟𑄪𑄌𑄴𑄍𑄳𑄠!,Present
সব জুে,𑄝𑄬𑄇𑄴 𑄡𑄭 𑄎𑄪𑄢𑄬।,Present
বারিে রাত যখন আসবে,𑄝𑄢𑄳𑄦𑄨𑄏𑄬 𑄢𑄨𑄖𑄴 𑄡𑄬𑄇𑄴𑄈𑄬 𑄃𑄬𑄝𑄧,Future
গিলিে কালো মেঘে,𑄉𑄨𑄣𑄨𑄇𑄴 𑄉𑄧𑄢𑄳𑄦𑄨 𑄇𑄣 𑄟𑄬𑄊𑄬,Present
বজ্রপাত পে থাকে,𑄘𑄬𑄝-𑄝𑄬𑄣𑄴 𑄣𑄪𑄉𑄬 𑄗𑄳𑄆𑄮,Present
.ঘোর ঘিে উপরের দিকে কান ফাটার শব্দ,𑄊𑄪𑄢𑄴 𑄊𑄪𑄢𑄬𑄭 𑄃𑄪𑄙𑄨 𑄃𑄪𑄙𑄨 𑄇𑄚𑄴 𑄜𑄘 𑄛𑄬𑄢𑄇𑄴 𑄇𑄢𑄳𑄦𑄨,Present
বুো ঘিলে দৌাদৌি করবে,𑄝𑄪𑄉𑄧 𑄊𑄨𑄣𑄬 𑄣𑄢𑄬 𑄘𑄨 𑄏𑄨𑄟𑄴𑄣𑄬𑄭 𑄃𑄪𑄙𑄨𑄝𑄧,Future
মুষলধারে,𑄏𑄧𑄢𑄴 𑄘𑄨𑄝𑄧 𑄃𑄧𑄊𑄪𑄢𑄴 𑄉𑄧𑄢𑄳𑄦𑄨,Present
পাহাের বেে উঠবে ছা ছুরি,𑄛𑄬𑄣𑄁 𑄝𑄳𑄦𑄬𑄭 𑄃𑄪𑄙𑄨𑄝𑄧 𑄍𑄧𑄢 𑄍𑄪𑄢𑄨,Future
চূা দিে সাদা,𑄌𑄬𑄢𑄴 𑄇𑄨𑄖𑄬𑄴 𑄦𑄧𑄝𑄧 𑄙𑄪𑄛𑄴,Present
নদী হবে ছার নালা,𑄉𑄧𑄋𑄀𑄢𑄴 𑄦𑄧𑄝𑄧 𑄍𑄧𑄢 𑄚𑄣𑄴,Future
.মোরগ উঠবে আমার কাছ থেকে,𑄖𑄪𑄝𑄮𑄣𑄴 𑄃𑄪𑄙𑄨𑄝𑄧 𑄟𑄪𑄢𑄧𑄖𑄴𑄗𑄪𑄚𑄴,Future
এক জাতী ভাজি,𑄃𑄢 𑄌𑄇𑄴 𑄃𑄬𑄞𑄇𑄴 𑄞𑄎𑄨,Present
ঘুর্ণিবাি বা ঘুর্ণিবাি,𑄊𑄪𑄣𑄴 𑄛𑄉𑄧𑄖𑄴 𑄃𑄢 𑄌𑄇𑄴 𑄃𑄪𑄙𑄨𑄝𑄇𑄴 𑄃𑄪𑄙𑄨𑄝𑄇𑄴,Present
সে ঝগা জুমে মারা যা,𑄥𑄬 𑄏𑄧𑄢𑄧𑄟𑄠𑄴 𑄎𑄪𑄟𑄴𑄢𑄚𑄳𑄆𑄮 𑄟𑄪𑄭,Present
যখন তখন তাাতাি দেখ,𑄡𑄬𑄭𑄚𑄬 𑄥𑄨𑄃𑄧𑄖𑄴 𑄗𑄬𑄟𑄳𑄆𑄮 𑄌𑄳𑄦𑄬,Present
কি চোখ জুানো,𑄇𑄳𑄦𑄨 𑄌𑄮𑄇𑄴 𑄎𑄪𑄢𑄠𑄴!,Present
মনের মতো হওা বা হওা,𑄟𑄧𑄚𑄚𑄴 𑄦𑄧𑄠𑄴 𑄖𑄨𑄚𑄬𑄁 𑄜𑄣𑄁,Present
কটা শুধু এখানে আসিও আর সেখান থেকে,𑄇𑄧𑄠𑄴 𑄝𑄚 𑄚𑄧 𑄃𑄬𑄌𑄴 𑄃𑄢𑄴 𑄥𑄨𑄖𑄴𑄗𑄪𑄚𑄴,Present
চেে থাক শুধু তাাতাি থাক,𑄌𑄳𑄦𑄬𑄭 𑄗𑄇𑄴 𑄝𑄚 𑄌𑄳𑄦𑄬𑄭 𑄗𑄇𑄴,Present
কি সুখ সেটা একটা,𑄇𑄨 𑄥𑄪𑄈𑄴 𑄥𑄨𑄠𑄬𑄚𑄴 𑄃𑄬𑄇𑄴𑄈𑄚𑄴,Present
ভেঙে কি বলতে পারে!,𑄞𑄋𑄨 𑄇𑄨 𑄇𑄳𑄆𑄮 𑄛𑄢𑄬!,Present
".সাথে সাথে ব ব বো বো,কাঁকার বো","𑄣𑄧𑄉𑄬 𑄣𑄧𑄉𑄬 𑄃𑄪𑄙𑄨𑄝𑄇𑄴 𑄓𑄳𑄟𑄪𑄪𑄢𑄨 𑄞𑄧𑄠 𑄝𑄬𑄋𑄴, 𑄇𑄧𑄢𑄴𑄇𑄪𑄢𑄨 𑄝𑄬𑄋𑄴,",Present
"ঘিলে বো, কোথা বো, ভাজা বো, গাের বো","𑄊𑄨𑄣𑄬 𑄝𑄬𑄋𑄴, 𑄇𑄪𑄙𑄪 𑄝𑄨𑄎𑄨 𑄝𑄬𑄋𑄴, 𑄞𑄎 𑄝𑄬𑄋𑄴, 𑄉𑄌𑄴 𑄝𑄬𑄋𑄴,",Present
".খাওা বো,তুতুবি বো","𑄈𑄇𑄴 𑄝𑄬𑄋𑄴, 𑄈𑄧𑄌𑄴𑄧𑄳𑄠 𑄝𑄬𑄋𑄴, 𑄗𑄪𑄛𑄴𑄖𑄪𑄝𑄨 𑄝𑄬𑄋𑄴,",Present
চোর কি ভে শুধু ব্যাঙের গান,𑄌𑄬𑄢𑄮 𑄇𑄨𑄖𑄬𑄴 𑄞𑄧𑄢𑄨 𑄃𑄪𑄙𑄬 𑄝𑄚 𑄝𑄬𑄋𑄧 𑄉𑄩𑄖𑄴,Present
কে কোথা গিে জানে,𑄇𑄖𑄴𑄗𑄪𑄚𑄴 𑄇𑄧𑄚𑄴𑄚𑄳𑄦 𑄉𑄳𑄦𑄬𑄭 𑄎𑄚𑄬 𑄘𑄮𑄣𑄬,Present
কি কান সুখ পাওা যা,𑄇𑄳𑄦𑄨 𑄇𑄚𑄴 𑄥𑄪𑄈𑄴 𑄥𑄪𑄚𑄧𑄘𑄬 𑄇𑄳𑄦𑄨 𑄇𑄚𑄴 𑄥𑄪𑄈𑄴,Present
.উচ্ছে তেং করে উঠে মনটা,𑄃𑄪𑄌𑄴𑄍𑄧𑄠𑄴 𑄖𑄨𑄚𑄬𑄁 𑄦𑄳𑄆𑄮 𑄃𑄪𑄙𑄬 𑄟𑄧𑄚𑄚𑄴,Present
মনে কেকটা শুনা থাক শুধু শুনা,𑄟𑄧𑄚𑄬 𑄇𑄧𑄠𑄴𑄘𑄳𑄠𑄬 𑄥𑄪𑄚𑄨 𑄗𑄇𑄴 𑄝𑄚 𑄥𑄪𑄚𑄨 𑄗𑄇𑄴,Present
ঘুম না যাওা রাত,𑄊𑄪𑄟𑄴 𑄚𑄧 𑄡𑄬𑄌𑄴 𑄢𑄬𑄖𑄴𑄮𑄝𑄮,Present
.এত সুখ কোথা আছে?,𑄃𑄨𑄙𑄨𑄇𑄴𑄈𑄳𑄠𑄚𑄴 𑄥𑄪𑄈𑄴 𑄇𑄨𑄟 𑄞𑄊𑄬 𑄇𑄧𑄚𑄧 𑄇𑄨𑄖𑄴𑄬:𑄗𑄖𑄴!,Present
"মাছ, কাঁকা, মাছ, শামুক, শামুক","𑄟𑄌𑄴, 𑄇𑄋𑄢𑄳𑄦, 𑄃𑄨𑄎𑄬, 𑄥𑄟𑄪𑄇𑄴",Present
"সিলো, পালি, পাহাের এক জাতী পোকা","𑄥𑄨𑄣𑄮𑄚𑄴, 𑄟𑄪𑄣𑄨, 𑄟𑄪𑄘𑄪𑄢𑄧 𑄃 𑄟𑄪𑄣𑄧 𑄝𑄨𑄎𑄨 𑄛𑄪𑄇𑄴",Present
তাদের তো বিঝু,𑄖𑄢𑄳𑄦𑄢𑄴 𑄘𑄧 𑄃𑄨𑄏𑄪 𑄝𑄨𑄏𑄪-,Present
"সব পরিষ্কার, পরিষ্কার",𑄝𑄬𑄇𑄴𑄈𑄚𑄴 𑄟𑄬𑄣𑄳𑄦 𑄈𑄧𑄣,Present
বোতে জুে বোতে এদিকে,𑄝𑄬𑄢𑄘𑄧𑄚𑄴 𑄎𑄪𑄇𑄴 𑄝𑄪𑄘𑄨 𑄃𑄨𑄚𑄴𑄘𑄨 𑄃𑄪𑄚𑄴𑄘𑄨,Present
বেশি উে তারা ভে রেং দে,𑄃𑄙𑄨𑄇𑄴 𑄃𑄪𑄌𑄴𑄍𑄧𑄠𑄴 𑄖𑄢𑄳𑄦 𑄞𑄎𑄬 𑄢𑄬𑄁 𑄘𑄨,Present
লাফ দিে উঠে কেন জানিনা,𑄜𑄣𑄴 𑄘𑄨 𑄃𑄪𑄖𑄴𑄗𑄧𑄚𑄴 𑄇𑄨𑄃𑄳𑄆𑄮 𑄇𑄨𑄃𑄳𑄆𑄮,Present
"ছা, বিল জমি থেকে","𑄍𑄧𑄢, 𑄝𑄨𑄣𑄴 𑄞𑄪𑄠𑄳𑄠𑄧𑄖𑄴𑄗𑄪𑄚𑄴",Present
দেখে কি সুন্দর লাগে,𑄌𑄳𑄦𑄘𑄬 𑄇𑄳𑄦𑄨 𑄘𑄮𑄣𑄴 𑄣𑄉𑄬,Present
কখন মনটা ভালো হে যা,𑄇𑄧𑄇𑄴𑄈𑄬 𑄟𑄧𑄚𑄴 𑄛𑄧𑄢𑄚𑄴 𑄎𑄪𑄢𑄬 𑄡𑄭 𑄃𑄪𑄌𑄴𑄍𑄧𑄠𑄴,Present
ভুিে কি দেখতেছি,𑄞𑄪𑄠𑄳𑄠𑄧 𑄇𑄨𑄖𑄬𑄴 𑄡𑄪𑄚𑄨 𑄌𑄳𑄦𑄁,Present
ভালোভাবে যাওা বা যাওা,𑄎𑄪𑄢𑄬 𑄡𑄠𑄴 𑄛𑄧𑄢𑄚𑄴,Present
সুন্দর সুন্দর ধানে শুে যাওা যা,𑄦𑄬𑄣𑄴 𑄦𑄬𑄣𑄴 𑄙𑄚𑄬 𑄎𑄪𑄢𑄬 𑄡𑄠𑄴 𑄝𑄪𑄇𑄴,Present
.মনে হ মন বসে যা,𑄞𑄧𑄢𑄨 𑄡𑄠𑄴 𑄟𑄧𑄚𑄴 𑄗𑄚𑄴 𑄛𑄠𑄴 𑄃𑄏-𑄥𑄧𑄝𑄧𑄚𑄴,Present
.উচ্ছের শেষে নাচতে হ,𑄃𑄪𑄌𑄴𑄍𑄧𑄢𑄴 𑄗𑄪𑄝𑄮𑄣𑄧𑄖𑄴 𑄚𑄎𑄨 𑄃𑄪𑄙𑄬 𑄛𑄧𑄢𑄚𑄴,Present
. ভাজির উপরে মা লক্ষী মারে,𑄞𑄎𑄨 𑄃𑄪𑄙𑄨 𑄌𑄮𑄊𑄧𑄖𑄴 𑄟 𑄣𑄧𑄇𑄴𑄈𑄨 𑄟𑄢𑄬,Present
.কি সুখ এই মনে!,𑄇𑄳𑄦𑄨 𑄥𑄪𑄈𑄴 𑄃𑄬𑄡𑄬 𑄟𑄧𑄚𑄧𑄖𑄴 𑄇𑄳𑄦𑄨 𑄥𑄪𑄈𑄴!,Present
জুমে জুমে চামা দেখি,𑄎𑄪𑄟𑄧 𑄇𑄨𑄖𑄬𑄴 𑄡𑄪𑄚𑄨 𑄌𑄳𑄦𑄁,Present
কি স্বর্গ আর সেটা,𑄇𑄳𑄦𑄨 𑄥𑄧𑄢𑄴𑄉𑄧 𑄃𑄢𑄧 𑄥𑄨𑄠𑄬𑄚𑄴!,Present
"বো,বিাল,বিাল,বিালের রাত","𑄝𑄬𑄚𑄴𑄳𑄠, 𑄝𑄬𑄣𑄴𑄳𑄠, 𑄘𑄨𑄝𑄪𑄌𑄴𑄍𑄳𑄠 𑄝 𑄢𑄬𑄘𑄮𑄢𑄴 𑄎𑄪𑄚𑄧 𑄛𑄳𑄦𑄧𑄢𑄧𑄖𑄴",Present
"যখন তখন, চুরি করে, খোল করে","𑄡𑄬𑄇𑄴𑄈𑄬 𑄎𑄪𑄢𑄳𑄦𑄨, 𑄙𑄪𑄢𑄨, 𑄈𑄧𑄠𑄁 𑄜𑄢𑄨",Present
ঝগা বাঝি জুমে,𑄏𑄧𑄣𑄴𑄊 𑄝𑄮𑄠𑄳𑄠𑄢𑄴 𑄝𑄏𑄨𑄝𑄧 𑄎𑄪𑄟𑄧𑄖𑄴,Present
ধানের চারাগুলো উে উে যাচ্ছে,𑄙𑄚𑄴 𑄉𑄌𑄴𑄍𑄪𑄚𑄴 𑄃𑄪𑄙𑄨𑄝𑄇𑄴 𑄚𑄎𑄨 𑄖𑄨𑄚𑄬𑄁 𑄜𑄣𑄁 𑄦𑄳𑄆𑄮,Present
"ঘিে যাওা,কোনদিকে","𑄊𑄧𑄌𑄴𑄍𑄳𑄠 𑄎𑄬𑄙𑄬𑄚, 𑄇𑄮𑄚𑄴",Present
".সুগন্ধি শাক,এক জাতী ফুল","𑄥𑄪𑄙𑄧, 𑄇𑄬𑄌𑄴𑄝𑄨𑄎𑄨, 𑄥𑄧𑄘𑄧𑄢𑄧𑄇𑄴 𑄜𑄪𑄣𑄧 𑄉𑄌𑄴",Present
.উচ্ছে দুলে দুলে হাসছে,𑄃𑄪𑄌𑄴𑄍𑄧𑄠𑄴 𑄔𑄪𑄣𑄨𑄝𑄇𑄴 𑄦𑄎𑄨 𑄦𑄎𑄨,Present
পাহাের চূা একটু একটু টানা,𑄟𑄪𑄭 𑄝𑄳𑄆𑄮 𑄘𑄝𑄝𑄧𑄣𑄳𑄆𑄮 𑄃𑄬𑄇𑄴𑄇 𑄃𑄬𑄇𑄴𑄇 𑄑𑄚𑄨,Present
সে মুখে হাসি দিে আছে,𑄢𑄨𑄚𑄨 𑄌𑄳𑄦𑄬𑄠𑄴 𑄥𑄬 𑄟𑄪𑄇𑄴𑄈𑄬,Present
দেখতেছি সেগুলো,𑄘𑄬𑄊𑄨𑄟𑄴 𑄥𑄨𑄠𑄬𑄚𑄨,Present
কি বুক জুে দেখিে কি বুক জুে থাকে,𑄇𑄳𑄦𑄨 𑄝𑄪𑄇𑄴 𑄎𑄪𑄢𑄠𑄴 𑄌𑄬𑄇𑄴𑄈𑄬 𑄇𑄳𑄦𑄨 𑄝𑄪𑄇𑄴 𑄎𑄪𑄢𑄠𑄴,Present
কখন আমার থেকে বের হে গেল,𑄇𑄧𑄇𑄴𑄈𑄬 𑄟𑄪𑄢𑄧𑄖𑄴𑄗𑄪𑄚𑄴 𑄃𑄪𑄙𑄬 𑄟𑄪𑄠𑄚𑄴 𑄞𑄬𑄉𑄬𑄙𑄬𑄭,Past
কী সুখ এই জীবনে?,𑄇𑄳𑄦𑄨 𑄥𑄪𑄈𑄴 𑄃𑄨𑄠𑄬𑄚𑄴 𑄇𑄳𑄦𑄨 𑄥𑄪𑄈𑄴-,Present
.এটা কি দেখতে পারে?,𑄝𑄪𑄏𑄬 𑄇𑄨 𑄘𑄬𑄊𑄬 𑄛𑄢𑄬 𑄃𑄨𑄠𑄬𑄚𑄴!,Present
এ বো বা বো জুা সমে,𑄃 𑄝𑄬𑄚𑄴𑄳𑄠 𑄝 𑄝𑄬𑄣𑄴𑄳𑄠 𑄎𑄪𑄢𑄮 𑄃𑄧𑄇𑄴𑄗𑄧𑄖𑄴,Present
জুমের ধান খেে যখন বের হবো,𑄎𑄪𑄟𑄧 𑄙𑄚𑄧 𑄍𑄬𑄢𑄬 𑄍𑄬𑄢𑄬 𑄡𑄬𑄇𑄴𑄈𑄬 𑄝𑄬𑄢𑄬𑄟𑄴,Future
"এক জাতী বুনো ফল,সুগন্ধি ফুল,কুমরো","𑄃𑄧𑄊𑄪𑄢𑄴 𑄟𑄳𑄦𑄟𑄴𑄢 𑄌𑄨𑄚𑄴𑄘𑄨𑄢𑄳𑄦, 𑄥𑄪𑄊𑄪𑄢𑄨 𑄳𑄟𑄪𑄣𑄧, 𑄇𑄪𑄟𑄴𑄪𑄢𑄮",Present
.মূল মূল আছে বেশি বেশি,"𑄳𑄟𑄪𑄣𑄧 𑄳𑄟𑄪𑄣𑄧 𑄃𑄊𑄧𑄚𑄴 𑄉𑄧𑄌𑄬𑄴 𑄉𑄧𑄌𑄬𑄴,",Present
"চাঙে আগুন দেখলে কোথা যাবো, তেতো আগুন দেখলে কোথা যাবো","𑄌𑄋𑄧𑄖𑄴 𑄃 𑄣𑄪𑄢𑄴 𑄌𑄳𑄦𑄬𑄣𑄬 𑄇𑄪𑄙𑄪 𑄳𑄟𑄪𑄣𑄧, 𑄖𑄨𑄘𑄬 𑄳𑄟𑄪𑄣𑄧, 𑄍𑄪𑄟𑄨,",Future
"ঝিঙে, কাঁকার মূল, কোকা, তেতুলের মূল","𑄏𑄨𑄉𑄬, 𑄇𑄋𑄢𑄳𑄦 𑄳𑄟𑄪𑄣𑄧, 𑄇𑄳𑄆𑄧𑄘𑄳𑄠, 𑄖𑄨𑄖𑄴𑄧𑄣𑄴 𑄳𑄟𑄪𑄣𑄧",Present
"মাটি ফালি দিে তুলছে ছাা কচু, কলা কচু","𑄟𑄘𑄨 𑄜𑄘𑄨 𑄃𑄪𑄖𑄴𑄗𑄧𑄚𑄴 𑄍𑄟𑄴𑄮 𑄇𑄧𑄎𑄪, 𑄉𑄧𑄢𑄨 𑄇𑄧𑄎𑄪, 𑄍𑄧 𑄇𑄧𑄎𑄪,",Present
"এক জাতী কচু, ওল কচু, এক জাতী আলু, এক জাতী আলু","𑄝𑄧𑄘 𑄇𑄧𑄎𑄪, 𑄃𑄪𑄣𑄴 𑄇𑄧𑄎𑄪, 𑄚𑄢𑄨𑄇𑄪𑄣𑄴 𑄇𑄧𑄎𑄪, 𑄜𑄨𑄣𑄬 𑄃𑄣𑄪, 𑄦𑄬𑄘𑄧 𑄒𑄬𑄁 𑄃𑄣𑄪",Present
"ব আলু,গুো আলু,সিমের আলু","𑄝𑄳𑄝𑄴𑄳𑄢 𑄃𑄣𑄪, 𑄊𑄪𑄘𑄨 𑄃𑄣𑄪, 𑄟𑄪 𑄃𑄣𑄪, 𑄎𑄪𑄢𑄮 𑄃𑄣𑄪, 𑄥𑄨𑄟𑄬 𑄃𑄣𑄪-",Present
"ভে ভে আছে কেকটা আলু, পান আলু, তাত আলু","𑄞𑄮𑄚 𑄞𑄮𑄚 𑄦𑄳𑄆𑄮 𑄃𑄊𑄬 𑄇𑄧𑄠𑄳𑄠𑄬𑄧𑄁 𑄃𑄣𑄪, 𑄛𑄚𑄴 𑄃𑄣𑄪, 𑄖𑄖𑄴 𑄃𑄣𑄪",Present
রাম আলু সম অনেকগুলো বুনো আলু,𑄢𑄟𑄴 𑄃𑄣𑄪 𑄥𑄧𑄟𑄧𑄖𑄴 𑄚𑄚𑄋𑄴 𑄏𑄢𑄴𑄝𑄧 𑄃𑄣𑄪 𑄣𑄪𑄘𑄨,Present
"পাহাের কচু, পাহাের কচু","𑄣𑄧𑄏 𑄣𑄧𑄏 𑄦𑄳𑄆𑄮 𑄃𑄊𑄧𑄚𑄴 𑄟𑄚𑄴 𑄇𑄧𑄎𑄪, 𑄒𑄬𑄋 𑄇𑄧𑄎𑄪, 𑄘𑄪𑄖𑄴 𑄇𑄧𑄎𑄪",Present
"মাংস কচু,বুো কচু","𑄦𑄬𑄢 𑄇𑄧𑄎𑄪, 𑄝𑄪𑄚𑄴𑄘𑄪𑄇𑄴 𑄇𑄧𑄎𑄪,",Present
গিে গিে আছে এক পাে,𑄉𑄨𑄢𑄳𑄦𑄬𑄭 𑄉𑄨𑄢𑄳𑄦𑄬𑄭 𑄙𑄧𑄢𑄨 𑄃𑄊𑄧𑄚𑄴 𑄃𑄬𑄇𑄴 𑄒𑄬𑄋𑄬 𑄒𑄨𑄠𑄬𑄭,Present
.মাকা আাশা গাছ,𑄟𑄧𑄇𑄴𑄳𑄠 𑄃 𑄙𑄉 𑄍𑄪𑄟𑄨 𑄉𑄌𑄴,Present
বস গাছ আছে বসে,𑄝𑄳𑄟𑄬𑄪𑄚𑄴 𑄉𑄏𑄧𑄖𑄴 𑄃𑄊𑄧𑄚𑄴 𑄝𑄳𑄟𑄬𑄪𑄚𑄴,Present
"ঝগাটে বইের মতো আছে মেের পাতা,আমের পাতা,মারের শাক","𑄏𑄧𑄣𑄧𑄁 𑄝𑄮𑄖𑄴𑄗𑄳𑄠 𑄦𑄳𑄆𑄮 𑄃𑄊𑄧𑄚𑄴 𑄟𑄬𑄠𑄳𑄠 𑄍𑄇𑄴, 𑄃𑄟𑄴𑄮𑄌𑄴 𑄍𑄇𑄴, 𑄟𑄢𑄳𑄦𑄬𑄌𑄴 𑄥𑄇𑄴",Present
".পুো, ফুজি, আমিলে, তেতো বেঙোল, ব বেঙোল, ব বেঙোল, ব বেঙোল","𑄛𑄪𑄏𑄮𑄇𑄴, 𑄜𑄪𑄎𑄨, 𑄃𑄟𑄨𑄣𑄬, 𑄝𑄬𑄀𑄋𑄮𑄣𑄴, 𑄖𑄨𑄘𑄬 𑄝𑄬𑄀𑄋𑄮𑄣𑄴, 𑄝𑄧𑄢𑄴 𑄝𑄬𑄀𑄋𑄮𑄣𑄴,",Present
".নাার ছাকা, লুডু ফুল,মাছের কান, তেতো তেতো","𑄚𑄢𑄬𑄌𑄴 𑄍𑄇𑄴, 𑄍𑄝𑄢𑄁, 𑄣𑄪𑄟𑄴 𑄜𑄪𑄣𑄴, 𑄟𑄖𑄴𑄳𑄠 𑄇𑄚𑄮𑄌𑄴, 𑄙𑄨𑄟𑄬 𑄖𑄨𑄘𑄬,",Present
"এক জাতী বুনো শাক,ওরোজনা পাতা দিে সালাদ বানানো হ","𑄖𑄧𑄘𑄬𑄉𑄧 𑄎𑄨𑄣𑄴 𑄍𑄇𑄴, 𑄃𑄮𑄏𑄮𑄚𑄴 𑄍𑄇𑄴 𑄃 𑄣𑄬𑄣𑄧𑄟𑄴 𑄛𑄘 𑄘𑄪𑄝𑄧",Present
"তেতো কচু,ছিঁা কচু,এক ডালের কচু,এক ডালের কচু","𑄘𑄝𑄬 𑄘𑄝𑄬 𑄃𑄊𑄬 𑄖𑄨𑄙𑄬 𑄇𑄧𑄎𑄪, 𑄍𑄨𑄃𑄮𑄚𑄴 𑄍𑄇𑄴, 𑄣𑄧𑄁𑄘𑄳𑄠 𑄇𑄧𑄎𑄪, 𑄃𑄬𑄇𑄴 𑄘𑄌𑄴𑄳𑄠 𑄇𑄧𑄎𑄪",Present
ভে ভে সাদা সাদা জামা পে আছে,𑄞𑄨𑄘𑄬𑄠𑄴 𑄞𑄨𑄘𑄬𑄠𑄴 𑄜𑄪𑄘𑄨 𑄃𑄊𑄧𑄚𑄴 𑄙𑄪𑄛𑄴 𑄙𑄪𑄛𑄴 𑄍𑄟𑄴𑄮 𑄃𑄪𑄣𑄴,Present
"মৃত গাছে ফুটে আছে গাছের মাশরুম, কেকটা খাগা মাশরুম","𑄟𑄧𑄢 𑄉𑄏𑄧𑄖𑄴 𑄜𑄪𑄘𑄨 𑄃𑄊𑄧𑄚𑄴 𑄉𑄌𑄴 𑄃𑄪𑄣𑄴, 𑄇𑄧𑄇𑄴𑄈𑄬𑄁 𑄈𑄛𑄴𑄧𑄳𑄠 𑄃𑄪𑄣𑄴,",Present
এক জাতী মাশরুম,𑄃𑄪𑄚𑄴𑄪𑄢𑄴 𑄇𑄚𑄴 𑄃𑄪𑄣𑄴-,Present
"মাটিতে পে আছে গরুটা, রিং বাশ, ছনা উল","𑄟𑄘𑄨𑄖𑄴 𑄜𑄪𑄘𑄨 𑄃𑄊𑄧𑄚𑄴 𑄉𑄧𑄢𑄪𑄖𑄴𑄱𑄇𑄴 𑄃𑄪𑄣𑄴, 𑄪𑄢𑄨𑄁 𑄝𑄥𑄴 𑄃𑄪𑄣𑄴, 𑄍𑄧𑄚 𑄃𑄪𑄣𑄴",Present
"জুমের জমিতে আছে তারা,চেঙে তারা,কলা গাছ","𑄎𑄪𑄟𑄧 𑄙𑄪𑄏𑄨 𑄘𑄧𑄚𑄖𑄴 𑄃𑄊𑄧𑄚𑄴 𑄖𑄢, 𑄌𑄬𑄋𑄬 𑄖𑄢, 𑄇𑄧𑄣 𑄉𑄌𑄴,",Present
"কলাত্তুর, ঢেঁকির ছাক, ইজে পাহাের চামা, আরও অনেক কিছু","𑄇𑄧𑄣𑄖𑄴𑄗𑄪𑄢𑄴, 𑄙𑄨𑄋𑄨 𑄍𑄇𑄴, 𑄃𑄨𑄎𑄬 𑄘𑄢𑄧 𑄍𑄇𑄴, 𑄃𑄢𑄧 𑄚𑄚𑄋𑄚𑄴",Present
জোরে জোরে বাতাস বছে,𑄛𑄨𑄝𑄨𑄢𑄴 𑄛𑄨𑄝𑄨𑄢𑄴 𑄝𑄮𑄠𑄳𑄠𑄢𑄴 𑄝𑄳𑄦𑄢𑄴,Present
ছিঁচকাঁদুনে একটু একটু,𑄍𑄨𑄇𑄴 𑄇𑄢𑄳𑄦𑄧𑄋𑄧𑄢𑄴 𑄃𑄬𑄇𑄴𑄇 𑄃𑄬𑄇𑄴𑄇,Present
হঠাৎ করে প্রাণটা ছটফট করতেছে,𑄇𑄇𑄴𑄈𑄬 𑄎𑄪𑄢𑄬 𑄡𑄬𑄠𑄳𑄠 𑄛𑄧𑄢𑄚𑄚𑄴,Present
.সুগন্ধি বুদবুদে উে ওঠা,𑄥𑄪𑄊𑄧𑄢𑄴 𑄖𑄪𑄝𑄮𑄣𑄧𑄖𑄴 𑄃𑄪𑄋𑄪𑄘𑄧 𑄇𑄢𑄳𑄦𑄨 𑄃𑄪𑄙𑄨,Present
নাচতে নাচতে মনটা নাচতেছে,𑄚𑄎𑄨 𑄃𑄪𑄙𑄬𑄢𑄴 𑄟𑄧𑄚𑄚𑄴,Present
মনের মলা,𑄟𑄧𑄚𑄧 𑄟𑄪𑄢𑄴 𑄈𑄧𑄎𑄧𑄢𑄬𑄭,Present
.কথাও কি শেষ হেছে!,𑄇𑄧𑄣𑄬𑄠𑄮 𑄇𑄨 𑄇𑄳𑄆𑄮 𑄜𑄪𑄢𑄬𑄭!,Present
সারাদিন কাজ করে,𑄘𑄨𑄚𑄴𑄮𑄝𑄳𑄠𑄧 𑄇𑄟𑄴 𑄉𑄧𑄢𑄳𑄦𑄨,Present
ভাত খেে তিত্তি করে,𑄞𑄖𑄴 𑄈𑄬𑄭 𑄖𑄨𑄖𑄴𑄨 𑄉𑄧𑄢𑄳𑄦𑄨,Present
রাতের বেলা জুার হাত ধোা হেছে,𑄢𑄬𑄘𑄮𑄢𑄴 𑄎𑄪𑄢𑄮 𑄦𑄞𑄖𑄴 𑄃𑄨𑄎𑄮𑄢𑄧𑄖𑄴 𑄝𑄳𑄆𑄮,Present
"যুক্তাক্ষর, ধুধুক, সিঙে বাশি","𑄡𑄪𑄚𑄨 𑄝𑄁 𑄈𑄬𑄁𑄉𑄳𑄢𑄧𑄁, 𑄙𑄪𑄙𑄪𑄇𑄴, 𑄥𑄨𑄋𑄬 𑄝𑄏𑄨",Present
উকুলে জুম থেকে আর এক দফা,𑄃𑄪𑄇𑄪𑄣𑄬 𑄎𑄪𑄟𑄧𑄖𑄴𑄗𑄪𑄚𑄴 𑄃𑄢𑄧 𑄃𑄬𑄇𑄴 𑄘𑄊𑄨,Present
আমাকে ধরে নিে যাবে,𑄙𑄧𑄢𑄨𑄝𑄇𑄴 𑄃𑄮𑄠𑄖𑄴 𑄟𑄧𑄢𑄳𑄦𑄬,Future
আমি দিে দিে আসবো,𑄟𑄪𑄭 𑄘𑄨𑄟𑄴 𑄎𑄮𑄛𑄴 𑄜𑄨𑄢𑄬,Future
তারা আমাকে বিদা দিবে,𑄖𑄢𑄳𑄦 𑄘𑄨𑄝𑄇𑄴 𑄟𑄧𑄢𑄳𑄦𑄬,Future
অব্য পদ,𑄃!,Present
উপরের দিকে কোথা মনটা যা,𑄃𑄪𑄌𑄴𑄍𑄧𑄖𑄴 𑄇𑄪𑄙𑄪 𑄟𑄧𑄚𑄚𑄴 𑄡𑄭 𑄦𑄏𑄨,Present
.বলতে পারে কি তাহলে!,𑄇𑄳𑄆𑄮 𑄛𑄢𑄬 𑄇𑄨 𑄥𑄬𑄇𑄴𑄈𑄬!,Present
বাজা কিছুক্ষণ পর শেষ হে যাবে,𑄝𑄎 𑄡𑄬𑄇𑄴𑄈𑄬 𑄗𑄪𑄟𑄴 𑄦𑄧𑄝𑄧,Future
রাত ভোর হবে,𑄢𑄬𑄖𑄴 𑄚𑄨𑄏𑄨 𑄦𑄧𑄝𑄧,Future
গাগি পে যাবো আজকে মনে পে,𑄉𑄧𑄌𑄬𑄴𑄳𑄠 𑄛𑄧𑄢𑄨𑄟𑄴 𑄃𑄨𑄎𑄮𑄢𑄧𑄖𑄴 𑄟𑄧𑄚𑄧𑄢𑄴 𑄃𑄪𑄌𑄴𑄍𑄧 𑄉𑄧𑄢𑄳𑄦𑄨,Future
.নিচে চামা রংধনুর মতো,𑄢𑄨𑄚𑄨 𑄌𑄳𑄦𑄬𑄟𑄴 𑄘𑄬𑄝 𑄟𑄪𑄇𑄴𑄈𑄬,Present
দেখে দেখে আছে সে,𑄘𑄬𑄊𑄧𑄁 𑄎𑄪𑄚𑄚𑄬 𑄌𑄳𑄦𑄬𑄭 𑄃𑄊𑄬 𑄥𑄬𑄇𑄴𑄈𑄬,Present
কত মন খারাপ হেছে,𑄇𑄧𑄙𑄧𑄇𑄴 𑄟𑄧𑄚𑄧𑄢𑄴 𑄙𑄢𑄎𑄬,Present
কথা ফাঁস হেছে,𑄇𑄧𑄙 𑄇𑄧𑄞𑄢𑄴 𑄟𑄧𑄣𑄴𑄮𑄳𑄆,Present
মন খোলা,𑄟𑄧𑄚𑄧 𑄙𑄨𑄝𑄬 𑄈𑄪𑄣𑄨,Present
পাহাে পাহাে ডাগা,𑄦𑄏𑄨 𑄦𑄏𑄨 𑄃𑄨𑄏𑄨𑄢𑄬𑄘𑄨 𑄓𑄉𑄨-,Present
দেখে মনে হ তারা সবাই চোখ বন্ধ করে থাকে,𑄘𑄬𑄊𑄧𑄁 𑄖𑄢𑄃𑄪𑄚𑄬𑄠𑄳𑄠𑄧 𑄓𑄉𑄧𑄘𑄧𑄚𑄴 𑄌𑄮𑄊𑄧 𑄗𑄢𑄬 𑄗𑄢𑄬,Present
কত ধন আছে যে ধন,𑄇𑄧𑄙𑄧𑄚𑄴 𑄃𑄠𑄴 𑄃𑄠𑄴 𑄡𑄬𑄭 𑄙𑄧𑄚𑄴,Present
তোমাকে মনে পে আছে,𑄝𑄌𑄴𑄍𑄬 𑄃𑄊𑄨 𑄖𑄧𑄢𑄳𑄦𑄬,Present
অনেক কথা আছে তার,𑄞𑄣𑄧𑄇𑄴𑄈𑄚𑄨 𑄇𑄧𑄙 𑄃𑄊𑄬 𑄖𑄧𑄣𑄴𑄮𑄳𑄆,Present
মনের মতো কথা বলতেছি,𑄟𑄧𑄚𑄴 𑄛𑄪𑄢𑄬𑄭 𑄇𑄧𑄝𑄧𑄁 𑄃𑄬𑄌𑄬𑄴𑄳𑄦-,Present
চেহারা জুি দিে কথা বলে,𑄘𑄬𑄊𑄧𑄁 𑄎𑄪𑄕𑄨𑄃𑄪𑄚𑄬𑄠𑄳𑄠𑄧 𑄓𑄉𑄧𑄘𑄧𑄚𑄴,Present
এখানে যে দিকে আছে,𑄃𑄨𑄚𑄴𑄘𑄨 𑄃𑄠𑄴 𑄡𑄬𑄭 𑄃𑄨𑄚𑄴𑄘𑄨 𑄃𑄠𑄴,Present
কবে যে তোমার জন্য অপেক্ষা করে আছি,𑄇𑄧𑄇𑄴𑄈𑄧𑄚𑄴 𑄦𑄧𑄣𑄧 𑄝𑄌𑄴𑄍𑄬 𑄃𑄊𑄨 𑄖𑄧𑄢𑄳𑄦𑄬,Present
মাঝে মাঝে ঘুরে বো,𑄃𑄘𑄬 𑄇𑄪𑄢𑄬 𑄊𑄪𑄢𑄨 𑄊𑄪𑄢𑄨,Present
কথা বলতে বলতে,𑄇𑄧𑄙 𑄇𑄧𑄝𑄧𑄁 𑄞𑄨𑄣𑄨-,Present
বইের মধ্যে কিছু দেখতেছ না,𑄝𑄮𑄠𑄳𑄠𑄢𑄚𑄬 𑄇𑄳𑄦𑄧𑄢𑄴 𑄇𑄨𑄌𑄴𑄍𑄪 𑄚𑄧 𑄌𑄳𑄦𑄬𑄌𑄴 𑄡𑄬𑄭,Present
আমি এসেছি তোমার সাথে,𑄟𑄪𑄭 𑄃𑄬𑄌𑄴𑄍𑄳𑄠𑄧𑄁 𑄖𑄧𑄠𑄴𑄘𑄪,Present
বিদ্যুৎ চমকানি,𑄝𑄨𑄎𑄮𑄚𑄴 𑄝𑄨𑄎𑄨 𑄘𑄧𑄋𑄧𑄢𑄴,Present
ঘুম যাও তুমি শান্ত হও,𑄊𑄪𑄟𑄴 𑄡 𑄖𑄪𑄭 𑄎𑄪𑄢𑄮 𑄉𑄧𑄢𑄳𑄦𑄨,Present
আমি তোমার জন্য অপেক্ষা করতেছি,𑄝𑄏𑄨 𑄃𑄊𑄧𑄁 𑄟𑄪𑄭 𑄖𑄧 𑄇𑄬𑄠𑄳𑄠𑄖𑄴-,Present
"হগল,পো,ধুধুুকের কথা","𑄦𑄧𑄉𑄧𑄣𑄧𑄇𑄴, 𑄛𑄬𑄎, 𑄙𑄪𑄙𑄪𑄈𑄋𑄪𑄚𑄬 𑄇𑄧𑄙𑄧𑄚𑄴",Present
"কি করতেছে,কিছুক্ষণ আছে","𑄇𑄨 𑄉𑄧𑄢𑄳𑄦𑄧𑄢𑄴, 𑄇𑄧𑄇𑄴𑄈𑄧𑄚𑄴 𑄃𑄊𑄧𑄌𑄴",Present
.আাআি গান গাইতেছে,𑄃𑄠𑄴 𑄃𑄠𑄴 𑄏𑄘𑄨-𑄉𑄩𑄖𑄴 𑄉𑄳𑄦𑄬𑄭 𑄥𑄧𑄟𑄢𑄬-,Present
"ঘুঙুর, কালো ঘুঙুর,ফিরিে,চিগিে কথা বলে","𑄊𑄪𑄋𑄪𑄢𑄧, 𑄇𑄣𑄴 𑄊𑄪𑄋𑄪𑄢𑄧, 𑄜𑄨𑄢𑄨𑄋𑄴, 𑄌𑄨𑄉𑄬𑄃𑄪𑄚𑄬 𑄇𑄧𑄙𑄧𑄚𑄴",Present
ঘুম যাে তোমরা ঘুম যাও,𑄊𑄪𑄟𑄴 𑄡 𑄞𑄬𑄭 𑄖𑄪𑄭 𑄊𑄪𑄟𑄴 𑄡,Present
কানের সুখ করে হাত দাও তোমাকে,𑄇𑄚𑄴 𑄥𑄪𑄈𑄴 𑄉𑄧𑄢𑄳𑄦𑄨 𑄦𑄘 𑄦𑄖𑄴𑄗𑄳𑄠 𑄖𑄧𑄢𑄳𑄦𑄬,Present
আমরা এদিক ওদিক ছোটাছুটি করি,𑄃𑄪𑄣𑄨 𑄓𑄉𑄨 𑄘𑄨𑄢𑄴 𑄃𑄟𑄨,Present
কি সুখ এগুলো কি সুখ,𑄇𑄳𑄦𑄨 𑄥𑄪𑄈𑄴 𑄃𑄨𑄠𑄬𑄚𑄨 𑄇𑄳𑄦𑄨 𑄥𑄪𑄈𑄴,Present
কোথা আছি আমি দেখতে পাই না,𑄇𑄪𑄙𑄪 𑄃𑄊𑄧𑄁 𑄟𑄪𑄭 𑄍𑄪𑄇𑄴 𑄚𑄧 𑄛𑄁 𑄚𑄨𑄎𑄧𑄢𑄬,Present
অব্য পদ,𑄚𑄨𑄢𑄴𑄝𑄚𑄴?,Present
না তার থেকে আরও বেশি,𑄚 𑄖𑄖𑄴𑄗𑄪𑄚𑄴 𑄃𑄢𑄧 𑄃𑄳𑄟𑄪𑄪𑄢𑄬!,Past
কি বোকা আমি এই পৃথিবীতে পেেছি,𑄇𑄳𑄦𑄨 𑄞𑄬𑄉𑄮𑄖𑄴𑄗𑄳𑄠 𑄟𑄪𑄭 𑄃𑄬 𑄘𑄬𑄌𑄴𑄌𑄚𑄧𑄖𑄴 𑄛𑄬𑄠𑄳𑄠𑄧𑄁 𑄎𑄧𑄚𑄧𑄟𑄴!,Present
বর্ষা রোদ-বৃষ্টি আসলে ফিরে,𑄝𑄢𑄳𑄦𑄨𑄏𑄬 𑄢𑄨𑄖𑄴 𑄝𑄨𑄘𑄨-𑄥𑄧𑄖𑄴 𑄢𑄨𑄖𑄴 𑄃𑄬𑄣𑄬 𑄜𑄨𑄢𑄨,Present
এক জাতী বো নদীর পানি ফোটা,𑄘𑄬𑄊𑄧𑄁 𑄝𑄬𑄚𑄴𑄳𑄠 𑄛𑄧𑄖𑄴𑄗𑄳𑄠 𑄥𑄨𑄢𑄧 𑄛𑄚𑄨 𑄜𑄪𑄘𑄧,Present
ধান বা খের আগা হেলে দুলে,𑄙𑄚𑄴 𑄝 𑄈𑄬𑄢𑄧 𑄃𑄉𑄖𑄴 𑄃𑄊𑄧𑄚𑄴 𑄔𑄪𑄣𑄨 𑄔𑄪𑄣𑄨,Present
.পুার দোল থেকে লাল বেল উে,𑄛𑄪𑄉𑄧𑄢𑄴 𑄘𑄬𑄝𑄖𑄴𑄗𑄪𑄚𑄴 𑄢𑄋 𑄝𑄬𑄣𑄴 𑄃𑄪𑄙𑄨,Present
. পলে শার্টে পা লাগে,𑄛𑄧𑄢𑄨𑄣𑄬 𑄥𑄨𑄃𑄪𑄚𑄧𑄖𑄴 𑄍𑄧𑄘𑄧𑄇𑄴,Present
সে ফোটা ফোটাগুলো,𑄏𑄨𑄣𑄨𑄇𑄴 𑄟𑄢𑄨 𑄃𑄪𑄙𑄨 𑄥𑄬 𑄜𑄪𑄘𑄧𑄃𑄪𑄚𑄴,Present
পরিবাক ঝরে পতেছে,𑄛𑄧𑄢𑄨𑄝𑄇𑄴 𑄏𑄪𑄢𑄨 𑄑𑄧𑄛𑄴 𑄑𑄧𑄛𑄴,Present
.কি চোখগুলো শান্ত হে যা,𑄇𑄳𑄦𑄨 𑄌𑄮𑄇𑄴-𑄟𑄧𑄚𑄴 𑄎𑄪𑄢𑄬 𑄡𑄠𑄴 𑄥𑄬𑄇𑄴𑄈𑄬,Present
.কোন রকমে মনে পে সুখ,𑄇𑄳𑄆𑄮 𑄚𑄧 𑄛𑄢𑄧𑄁 𑄇𑄧𑄇𑄴𑄈𑄬 𑄟𑄧𑄚𑄚𑄧𑄖𑄴 𑄞𑄎𑄨 𑄃𑄪𑄙𑄬 𑄚𑄨𑄢𑄴𑄝𑄚𑄴 𑄥𑄪𑄈𑄴।,Present
কি সুন্দর আমার এই চেহারা,𑄇𑄳𑄦𑄨 𑄘𑄮𑄣𑄴 𑄟𑄧 𑄃𑄬 𑄘𑄬𑄌𑄴𑄌𑄚𑄴 𑄇𑄳𑄦𑄨 𑄘𑄮𑄣𑄴-,Present
কোথা আছে এটা!,𑄇𑄪𑄙𑄪 𑄃𑄊𑄬 𑄃𑄨𑄙𑄨𑄇𑄴𑄈𑄳𑄠𑄚𑄴!,Present
জুমের ধানের রং ধরে- ধানের চারাগুলো ঢুলি ঢুলি,𑄎𑄪𑄟𑄧 𑄙𑄚𑄴 𑄢𑄧𑄁 𑄙𑄧𑄢𑄨-𑄙𑄚𑄴 𑄍𑄧𑄢𑄃𑄪𑄚𑄴 𑄔𑄪𑄣𑄨 𑄔𑄪𑄣𑄨,Present
এক লুকিে লুকিে,𑄃𑄊𑄧𑄚𑄴 𑄣𑄪𑄇𑄴𑄈𑄨𑄢𑄬 𑄝𑄪𑄉𑄨 𑄦𑄏𑄨 𑄦𑄏𑄨,Present
যে কোন বুো লুকিে আছে,𑄎𑄬𑄙𑄬𑄚 𑄃 𑄇𑄮𑄚𑄪𑄚𑄴𑄃𑄮 𑄝𑄪𑄉𑄨 𑄣𑄪𑄇𑄴𑄈𑄨𑄢𑄬,Present
আাআি শিরা,𑄃𑄊𑄧𑄚𑄴 𑄃𑄪𑄌𑄴𑄍𑄧𑄠 𑄥𑄨𑄢𑄬 𑄚𑄳𑄟𑄨𑄪𑄢𑄨,Present
ঘোঁৎ ঘোঁৎ শব্দ করে জুম করা,𑄊𑄮𑄌𑄴𑄍𑄳𑄠 𑄜𑄪𑄣𑄴 𑄃 𑄥𑄪𑄙𑄧 𑄝𑄘𑄚 𑄎𑄪𑄟𑄴 𑄎𑄧𑄊,Present
মেেটা ভরা হে সাদা দাঁতগুলো দেখতেছি,𑄟𑄬𑄠𑄳𑄠 𑄞𑄧𑄢𑄧𑄚𑄴 𑄦𑄏𑄨𑄣𑄳𑄆𑄮 𑄙𑄪𑄛𑄴 𑄘𑄖𑄴𑄗𑄪𑄚𑄴 𑄘𑄬𑄊𑄬𑄭,Present
ছিঁা আছে যেন সব মাখামাখি,𑄍𑄨𑄘𑄨 𑄃𑄊𑄧𑄚𑄴 𑄡𑄬𑄚𑄴 𑄝𑄬𑄇𑄴𑄈𑄚𑄴 𑄟𑄪𑄇𑄘𑄖𑄧 𑄎𑄪𑄟𑄚𑄧𑄖𑄴,Present
সে গাছটি বেে আছে,𑄥𑄬 𑄉𑄌𑄴𑄍𑄪𑄚𑄴 𑄝𑄳𑄦𑄬𑄭 𑄃𑄊𑄧𑄚𑄴,Present
"কি ভালো আর বিে, মাথা বিে","𑄇𑄳𑄦𑄨 𑄘𑄮𑄣𑄬 𑄃𑄢𑄧 𑄝𑄨𑄏𑄬, 𑄦𑄬𑄖𑄴 𑄝𑄨𑄏𑄬",Present
"কত ব বিচি বিেছে,যতগুলো ব ব পোকা","𑄇𑄧𑄖𑄴𑄇𑄖𑄴𑄳𑄠 𑄝𑄨𑄏𑄬, 𑄎𑄧𑄙𑄧𑄚 𑄃 𑄖𑄪𑄢𑄨𑄁 𑄛𑄪𑄇𑄴",Present
এক জাতী ধান গাছটা ছা ছিে,𑄛𑄬𑄇𑄴 𑄙𑄚𑄴 𑄛𑄇𑄴𑄧𑄳𑄠𑄚𑄴 𑄍𑄧𑄢 𑄍𑄧𑄢 𑄉𑄧𑄢𑄳𑄦𑄨,Present
লুকিে পা গাছ,𑄣𑄪𑄋𑄨 𑄛𑄧𑄢𑄨 𑄉𑄌𑄴,Present
.তার মতো অনেক পাখি উে এই বাসা,𑄖𑄧𑄘𑄬𑄇𑄴 𑄃 𑄚𑄚𑄋𑄴 𑄛𑄬𑄇𑄴 𑄃𑄪𑄢𑄨 𑄃𑄬𑄭 𑄥𑄨𑄃𑄧𑄖𑄴,Present
পাহাটা ঝগা করে,𑄛𑄧𑄖𑄴𑄧𑄚𑄴𑄙𑄨 𑄏𑄉𑄬 𑄏𑄇𑄴,Present
খাদিে সে ধানগুলো মনে পে,𑄈𑄘𑄧𑄚𑄴𑄙𑄨 𑄥𑄬 𑄙𑄚𑄪𑄚𑄴 𑄟𑄧𑄚𑄧 𑄥𑄪𑄊𑄬,Present
কত ব করে,𑄇𑄧𑄙𑄧𑄇𑄴 𑄃𑄪𑄌𑄴𑄍𑄧 𑄉𑄧𑄢𑄳𑄦𑄨,Present
কি সুন্দর দেখতেছি,𑄇𑄳𑄦𑄨 𑄘𑄮𑄣𑄴 𑄌𑄳𑄦𑄘𑄬 𑄇𑄳𑄦𑄨 𑄘𑄮𑄣𑄴,Present
চোখ বন্ধ করে যে লক্ষীটি আছে,𑄌𑄮𑄇𑄴 𑄟𑄧𑄚𑄴 𑄎𑄪𑄢𑄬 𑄡𑄬𑄭 𑄣𑄧𑄇𑄴𑄈𑄨 𑄃𑄝𑄪𑄎𑄨,Present
. ভাজি উঠতে অনেক লাল রং,𑄞𑄎𑄨 𑄃𑄪𑄙𑄬 𑄞𑄣𑄬𑄘𑄧𑄢𑄴 𑄢𑄋 𑄥𑄧𑄝𑄧𑄚𑄴,Present
পাে যাওা যাা যা,𑄦𑄏𑄨 𑄡𑄠𑄴 𑄘𑄪𑄊𑄧 𑄍𑄘,Present
.আকাশের উে ফুি দিে বাতাস বেছে,𑄃𑄏 𑄃𑄪𑄙𑄬 𑄜𑄪𑄢𑄴 𑄟𑄢𑄨 𑄃𑄧𑄞𑄬𑄘𑄧𑄢𑄴 𑄝𑄪𑄉𑄧𑄖𑄴,Present
.আবোল তাবোল সুখ মনে পে,𑄃𑄝𑄧𑄢𑄴 𑄈𑄠𑄨 𑄚𑄨𑄢𑄴𑄝𑄚𑄴 𑄥𑄪𑄈𑄴 𑄟𑄧𑄚𑄚𑄧𑄖𑄴,Present
.মনটা উতেছে,𑄃𑄪𑄢𑄧𑄟𑄴𑄝𑄧 𑄦𑄧𑄠𑄴 𑄟𑄧𑄚𑄚𑄴 𑄃𑄪𑄌𑄴𑄍𑄧𑄠𑄴।,Present
"কি সুখ, কি সুখ","𑄇𑄳𑄦𑄨 𑄥𑄪𑄈𑄴, 𑄇𑄳𑄦𑄨 𑄥𑄪𑄈𑄴!",Present
কচুরিপানার জাগা,𑄜𑄬𑄎 𑄇𑄧𑄎 𑄈𑄬𑄢𑄧 𑄎𑄉𑄧𑄖𑄴,Present
কি কান ভালো করে এক পাশে এক ঘি,𑄇𑄳𑄦𑄨 𑄇𑄚𑄴 𑄥𑄪𑄈𑄴 𑄉𑄧𑄢𑄳𑄦𑄨 𑄃𑄬𑄇𑄴 𑄖𑄣𑄬 𑄃𑄬𑄇𑄴 𑄊𑄧𑄎𑄠𑄴,Present
.রের ফাকিঁ দিে গান,𑄢𑄧 𑄜𑄘𑄬𑄭 𑄉𑄳𑄦𑄘𑄧𑄚𑄴 𑄉𑄩𑄖𑄴,Present
.পোরা সব সমে উপরে উঠতেছে তাদেরকে,𑄛𑄬𑄣𑄁 𑄝𑄳𑄦𑄬𑄭 𑄃𑄪𑄙𑄨 𑄃𑄪𑄌𑄴𑄍𑄧 𑄟𑄧𑄚𑄚𑄨𑄖𑄴 𑄖𑄢𑄳𑄦𑄢𑄬,Present
মুষলধারে বৃষ্টি পে গেল,𑄏𑄧𑄢𑄧 𑄢𑄨𑄖𑄴 𑄝𑄨𑄘𑄨𑄣𑄧 𑄞𑄨𑄣𑄨,Past
কি কান সুখ পাওা যা,𑄇𑄳𑄦𑄨 𑄇𑄚𑄴 𑄥𑄪𑄈𑄴 𑄥𑄪𑄚𑄴𑄘𑄬 𑄇𑄳𑄦𑄨 𑄇𑄚𑄴 𑄥𑄪𑄈𑄴,Present
"মন শান্ত হওা, শান্ত হওা",𑄟𑄧𑄚𑄴 𑄎𑄪𑄢𑄬 𑄡𑄠𑄴 𑄉𑄢𑄳𑄦𑄬 𑄉𑄭।,Present
বাির পাশ দিে হেঁচে আছে,𑄊𑄧𑄢𑄧 𑄃𑄘𑄬 𑄇𑄪𑄢𑄬 𑄦𑄬𑄎𑄣 𑄏𑄢𑄬 𑄏𑄢𑄬,Present
.উঠার বোলতা লাল হ,𑄃𑄪𑄢𑄧𑄘𑄧𑄚𑄴 𑄝𑄧𑄣𑄳𑄦 𑄢𑄋 𑄦𑄳𑄆𑄮,Present
সুর করে শব্দ করে কথা আনে,𑄥𑄪𑄢𑄧𑄖𑄴 𑄉𑄩𑄘𑄧 𑄙𑄬𑄉𑄬 𑄇𑄧𑄙𑄧𑄚𑄴 𑄃𑄚𑄬 𑄃𑄚𑄬,Present
ধাক্কা খেলাম আমরা,𑄖𑄧𑄝𑄧𑄖𑄴 𑄡𑄬𑄣𑄴𑄮𑄳𑄆 𑄃𑄟𑄨,Past
শীত আসতেছে,𑄎𑄢𑄧 𑄢𑄨𑄖𑄴 𑄃𑄬𑄡𑄬𑄢𑄴,Present
বেজার হে থেকো না তুমি,𑄝𑄬𑄎𑄢𑄴 𑄚𑄧 𑄦𑄮𑄌𑄴 𑄖𑄪𑄭,Present
"দুই যে টা টা, আর হবে দেখা","𑄘𑄨 𑄡𑄬𑄢𑄴 𑄑 𑄑, 𑄃𑄢𑄧 𑄦𑄧𑄝𑄧𑄁 𑄘𑄬𑄊",Future
কিছুক্ষণ পর্যন্ত চুপ করে থাক তুমি,𑄥𑄬𑄇𑄴𑄈𑄧𑄚𑄴 𑄥𑄧𑄁 𑄥𑄪𑄊𑄬 𑄗𑄬𑄌𑄴 𑄖𑄪𑄭,Present
কি মন শান্ত হওা!,𑄇𑄳𑄦𑄨 𑄟𑄧𑄚𑄴 𑄎𑄪𑄢𑄠𑄴!,Present
.কাঁকা ফুলের ফুলটি দেখতে সাদা,𑄇𑄬𑄌𑄴𑄳𑄠 𑄜𑄪𑄣𑄴 𑄜𑄪𑄖𑄴𑄗𑄧𑄚𑄴 𑄌𑄬𑄢𑄴 𑄇𑄨𑄖𑄬𑄴 𑄙𑄪𑄛𑄴 𑄙𑄪𑄛𑄴,Present
ন্যাকামো ন্যাকামো হাসি দিে হাসছে সে,𑄚𑄪𑄘𑄨 𑄚𑄪𑄘𑄨 𑄦𑄎𑄨 𑄘𑄨 𑄉𑄧𑄖𑄴𑄗𑄧𑄚𑄴 𑄟𑄬𑄉𑄟𑄬𑄉𑄨,Present
পাহাের পাে নেচে নেচে উঠা,𑄦𑄬𑄘𑄧𑄢𑄴 𑄦𑄞𑄠𑄴 𑄚𑄎𑄨 𑄚𑄎𑄨 𑄃𑄪𑄙𑄨,Present
বিজেে না কাপ কাপ দিে তাকিেছে সে,𑄝𑄨𑄎𑄬𑄭 𑄚𑄨 𑄇𑄮𑄌𑄴 𑄛𑄛𑄳𑄦𑄨𑄠𑄚𑄴 𑄖𑄣𑄴𑄮𑄳𑄆 𑄖𑄬,Present
ডুবিে যাওা যে মন পাগলের মতো,𑄓𑄪𑄝𑄨 𑄡𑄬𑄭 𑄟𑄧𑄚𑄧 𑄟𑄪𑄢𑄴 𑄥𑄉𑄧𑄢𑄧𑄖𑄴,Present
লুকিে থাকা কালো মেঘ,𑄣𑄪𑄉𑄨 𑄡𑄬𑄭 𑄇𑄣 𑄟𑄬𑄊𑄴 𑄘𑄬𑄝𑄖𑄴,Present
. ফোটা ফোটা সাদা মেঘ,𑄜𑄪𑄘𑄨 𑄃𑄪𑄖𑄴𑄖𑄬 𑄙𑄪𑄛𑄴 𑄟𑄬𑄊𑄴,Present
ছিঁে ছিঁে আসার শব্দ,𑄍𑄨𑄚𑄨 𑄍𑄨𑄚𑄨 𑄃𑄬𑄡𑄬𑄢𑄴 𑄦𑄏𑄨 𑄦𑄏𑄨 𑄍𑄨𑄘𑄨,Present
পুরো আকাশটা ছাা,𑄉𑄧𑄘 𑄘𑄬𑄝 𑄍𑄝𑄨,Present
ছবি হে দুইটা সাদা মেঘ,𑄘𑄬𑄊 𑄦𑄳𑄆𑄮 𑄘𑄨 𑄘𑄊𑄨𑄢𑄴 𑄇𑄬𑄌𑄴𑄳𑄠 𑄃 𑄙𑄪𑄛𑄴 𑄟𑄬𑄊𑄧𑄢𑄴,Present
রমুস খেে মনটা কেমন যেন করে,𑄢𑄧𑄟𑄪𑄌𑄴 𑄈𑄬𑄭 𑄟𑄧𑄚𑄚𑄨 𑄟𑄉𑄧𑄘𑄧𑄚𑄴 𑄚𑄉𑄧𑄢𑄴,Present
গরল হাত দিে ঢালের উপর চা চা করে,𑄉𑄧𑄢𑄧𑄘𑄧𑄚𑄴 𑄦𑄏 𑄦𑄏𑄨 𑄔𑄣𑄧𑄘𑄧𑄚𑄴 𑄇𑄮𑄌𑄴 𑄛𑄛𑄳𑄦𑄨,Present
সে সম হেছে,𑄥𑄧𑄘𑄧𑄢𑄴 𑄦𑄳𑄆𑄮 𑄖𑄣𑄴𑄮𑄳𑄆 𑄖𑄬,Present
.তার মাথা সে জুে থাকে,𑄖𑄣𑄴𑄮𑄳𑄆 𑄖𑄬 𑄝𑄧𑄚𑄴 𑄎𑄪𑄢𑄨,Present
বজ্রপাতের শব্দ,𑄘𑄬𑄝 𑄃𑄢𑄴 𑄛𑄘𑄣𑄬,Present
.চামা দিে কি সুখ?,𑄌𑄳𑄦𑄘𑄬 𑄇𑄳𑄦𑄨 𑄜𑄪𑄘𑄬 𑄥𑄪𑄈𑄴,Present
.উচ্ছে ভাজি উঠতেছে মনে হ,𑄃𑄪𑄌𑄴𑄍𑄧𑄠𑄴 𑄞𑄎𑄨 𑄃𑄪𑄙𑄬 𑄚𑄨𑄢𑄴𑄝𑄚𑄴 𑄟𑄧𑄚𑄚𑄧𑄖𑄴,Present
.তন্ন তন্ন করে যে পানি পতেছে,𑄥𑄧𑄖𑄴 𑄢𑄨𑄖𑄴 𑄝𑄨𑄘𑄨 𑄡𑄬𑄭 𑄛𑄨𑄣𑄳𑄦𑄋𑄧 𑄢𑄨𑄖𑄴 𑄃𑄬𑄭,Present
রানী কেশ পে বোই-বোই,𑄢𑄚𑄨 𑄈𑄪𑄦𑄧 𑄛𑄧𑄢𑄨 𑄝𑄬𑄚𑄴𑄳𑄠-𑄝𑄬𑄣𑄴𑄳𑄠,Present
দুঃখগুলো আমার দিন দিন হে যা,𑄘𑄪𑄇𑄴𑄇𑄚𑄨 𑄃𑄟𑄢𑄴 𑄘𑄨𑄚𑄴 𑄘𑄨𑄚𑄴 𑄦𑄳𑄆𑄮 𑄡𑄢𑄴,Present
.পরের জিনিস গুলো আলগা হেছে,𑄛𑄧𑄢𑄧 𑄎𑄨𑄚𑄨𑄌𑄴𑄍𑄚𑄨 𑄃𑄎 𑄉𑄮𑄢𑄳𑄦𑄨𑄢𑄴,Present
নিজের জিনিসপত্র গুছাও,𑄚𑄨𑄎𑄧 𑄎𑄨𑄚𑄨𑄌𑄴𑄍𑄚𑄨 𑄗𑄮𑄢𑄴 ।,Present
বোইকে দাঁিে দো এখন,𑄝𑄬𑄝𑄮𑄢𑄬 𑄓𑄊𑄨𑄢𑄴 𑄘𑄨𑄘𑄨 𑄃𑄨𑄇𑄴𑄬,Present
পাহাে পাহাের মাসি,𑄟𑄪𑄏𑄨𑄢𑄬 𑄓𑄉𑄨𑄢𑄴 𑄟𑄥𑄨,Present
মাংস পেলে সুন্দর পেে,𑄟𑄁𑄥𑄧 𑄟𑄧𑄣𑄬 𑄘𑄮𑄣𑄴 𑄛𑄳𑄦𑄬𑄢𑄴 𑄞𑄢𑄨,Present
মাংস খাওা অভ্যস্ত,𑄦𑄬𑄢 𑄇𑄧𑄣𑄬 𑄦𑄏𑄨 ।,Present
বাঙালি কথা বলে এখন,𑄝𑄋𑄣𑄧 𑄇𑄮𑄙 𑄇𑄮𑄢𑄴 𑄃𑄨𑄇𑄴𑄬,Present
এক সাথে নিে গেছে,𑄃𑄬𑄇𑄴 𑄥𑄧𑄘𑄧𑄖𑄴𑄪𑄚𑄴 𑄚𑄮𑄝𑄴𑄳𑄠𑄮𑄠𑄚𑄴,Present
নিজের জাগা ব ভাই,𑄚𑄨𑄎𑄧 𑄎𑄘𑄧𑄢𑄴 𑄞𑄏𑄨𑄢𑄴 𑄃𑄨𑄇𑄴𑄬,Present
না আরও বেশি টান,𑄚𑄳𑄠𑄬 𑄃𑄢𑄴 𑄇𑄧𑄚𑄧 𑄑𑄚𑄴 ।,Present
"ঘুষ,চুা,ঢুকি,নাকি","𑄊𑄪𑄌𑄴, 𑄌𑄪𑄢𑄴, 𑄗𑄮𑄇𑄴𑄨, 𑄚𑄮𑄇𑄴𑄨",Present
সব পরিষ্কার,𑄝𑄬𑄇𑄴𑄇𑄚𑄨 𑄥𑄨𑄊𑄨𑄣𑄧𑄋𑄴,Present
.নিজের সুন্দর মনগুলো সব ফেলে দিলাম,𑄚𑄨𑄎𑄧 𑄎𑄘𑄧𑄢𑄴 𑄘𑄮𑄣𑄴 𑄟𑄧𑄚𑄚𑄨 𑄝𑄬𑄇𑄴𑄇𑄚𑄨 𑄜𑄬𑄣𑄬 𑄘𑄨𑄣𑄧𑄋𑄴 ।,Past
".খাওা,মিষ্টি,মনে হ এখন","𑄈𑄎𑄴𑄳𑄠𑄧𑄖𑄴, 𑄥𑄪𑄙𑄧𑄟𑄴, 𑄟𑄧𑄚𑄬 𑄃𑄨𑄇𑄴𑄬",Present
সব গুলোই বাঙালি,𑄝𑄬𑄇𑄴𑄇𑄚𑄨 𑄦𑄳𑄆𑄮 𑄝𑄋𑄣𑄴,Present
. নিজে নিজে টুপি পেছে,𑄚𑄨𑄎𑄬 𑄚𑄨𑄎𑄬 𑄟𑄪𑄢𑄨𑄢𑄴 𑄦𑄬𑄝𑄬𑄣𑄴,Present
হতো এখন খারাপ,𑄦𑄧𑄣𑄧𑄋𑄴 𑄃𑄨𑄇𑄴𑄬 𑄝𑄬𑄦𑄣𑄴 ।,Past
.কিছু নেই আর,𑄇𑄨𑄌𑄴𑄪 𑄚𑄬𑄭 𑄃𑄢𑄴 𑄃𑄪𑄚𑄧,Present
"উঁচু-নিচে, থাকা-থাকা-না","𑄃𑄧𑄎𑄧𑄣𑄴 - 𑄚𑄨𑄎𑄮, 𑄗𑄃𑄮𑄠𑄳𑄠 -𑄚𑄬𑄠𑄳𑄦𑄳𑄠𑄢𑄴",Present
. লাফিে লাফিে,𑄜𑄇𑄴 𑄝𑄢𑄳𑄦𑄨𑄣𑄧 𑄘𑄪𑄚𑄧 ।,Present
বাঙালি জাতী গালি বিশেষ,𑄝𑄋𑄣𑄬 𑄡𑄪𑄚𑄨 𑄝𑄋𑄣𑄴 𑄇𑄧𑄣𑄬,Present
আর রাগে ফুলি,𑄃𑄢𑄧 𑄢𑄉𑄬 𑄃𑄪𑄘𑄨 𑄜𑄪𑄣𑄨,Present
জোা বন্ধ করে ভ করে,𑄎𑄪𑄟𑄴𑄟𑄧 𑄈𑄮𑄣𑄳𑄆𑄬 𑄘𑄧𑄢𑄳𑄦𑄧 𑄉𑄧𑄢𑄳𑄦𑄨,Present
এক জাতী বুনো ফল,𑄥𑄎𑄨 𑄦𑄮𑄟𑄳𑄦 𑄝𑄪𑄣𑄨 ।,Present
পরলেখা ভালো হলে,𑄛𑄧𑄢𑄧 𑄣𑄬𑄊𑄠𑄴 𑄇𑄖𑄴 𑄦𑄧𑄣𑄬,Past
এক জাতী ঘিন,𑄚𑄨𑄎𑄧 𑄎𑄖𑄴𑄳𑄠𑄧 𑄊𑄨𑄚𑄚𑄴,Present
কোথা থেকে কুড়িয়ে পেলাম আমরা,𑄇𑄪𑄖𑄴𑄪𑄚𑄴 𑄖𑄮𑄉𑄳𑄆𑄬 𑄛𑄬𑄣𑄧𑄁 𑄃𑄟𑄨,Past
এই আসাটা কেন?,𑄃𑄬 𑄃𑄇𑄴𑄧𑄣𑄚𑄴 𑄘𑄚𑄴 ?,Present
কেন যে হলাম আমরা,𑄇𑄨𑄖𑄴𑄳𑄠𑄳𑄆 𑄦𑄧𑄣𑄧𑄁 𑄦𑄨𑄇𑄴𑄬𑄚𑄴 𑄃𑄟𑄨,Past
কোন দিন তো হওার কথা না,𑄇𑄧𑄚𑄧 𑄘𑄨𑄚𑄴 𑄘𑄧 𑄦𑄮𑄝𑄢𑄴 𑄇𑄮𑄙 𑄚𑄧𑄠𑄴,Present
আমরা এত ব,𑄃𑄟𑄨 𑄦𑄬𑄙𑄧𑄇𑄴 𑄝𑄬𑄙𑄧𑄇𑄴!,Present
এক জাতী জাগা,𑄗𑄨𑄠𑄬𑄭 𑄎𑄉,Present
পাত না দিে আমি এই কাগজটা একবারে আনিও না,𑄛𑄖𑄴𑄪𑄋𑄴 𑄚𑄧𑄠𑄴 𑄟𑄪𑄭 𑄃𑄬 𑄇𑄮𑄙𑄚𑄴 𑄟𑄪𑄃𑄧𑄖𑄴𑄪𑄚𑄴 𑄃𑄬𑄇𑄴𑄬 𑄚𑄧 𑄃𑄚𑄨𑄌𑄴,Present
তুমি কোনো খোল মন নিেছো?,𑄛𑄖𑄴𑄬 𑄖𑄪𑄭 𑄇𑄧𑄚𑄧 𑄈𑄬𑄝𑄴 𑄟𑄧𑄚𑄚𑄴 𑄚𑄨𑄢𑄮𑄌𑄴 𑄚𑄧 𑄉𑄮𑄢𑄨𑄌𑄴 ।,Present
কত মন ভ করে আমার পছন্দ নেই,𑄇𑄧 𑄟𑄧𑄚𑄚𑄴 𑄘𑄧𑄢𑄳𑄦𑄧 𑄉𑄮𑄢𑄳𑄦 𑄨 𑄟𑄧 𑄙𑄮𑄇𑄴𑄳𑄠𑄚𑄴 𑄚𑄬𑄭 𑄝𑄪𑄣𑄨,Present
আমার অনেক শক্তি আছে সবগুলো পাে ঠেলে,𑄟𑄧𑄢𑄴 𑄥𑄬𑄖𑄴𑄧𑄟𑄚𑄴 𑄃𑄊𑄬 𑄝𑄧𑄣𑄴 𑄝𑄬𑄇𑄴𑄇𑄚𑄨 𑄛𑄢𑄧𑄁 𑄒𑄬𑄣𑄨 ।,Present
কে আর তুমি ভ করিও না আমি ভ করি,𑄇𑄧 𑄃𑄢𑄧 𑄖𑄪𑄭 𑄘𑄧𑄢𑄳𑄦𑄧 𑄉𑄮𑄢𑄳𑄦 𑄨 𑄚𑄧 𑄉𑄮𑄢𑄳𑄦𑄨𑄟𑄴 𑄟𑄪𑄭 𑄞𑄚𑄴𑄎𑄬 𑄇𑄟𑄴,Present
ভে কাজ করতে এখানে আমি আসবো না,𑄞𑄚𑄴𑄎𑄬 𑄇𑄟𑄴𑄳𑄆𑄮 𑄟𑄚𑄴𑄎𑄳𑄠𑄧 𑄃𑄨𑄙𑄪 𑄟𑄪𑄭 𑄚𑄧 𑄜𑄪𑄘𑄬𑄟𑄴 𑄚𑄋𑄴 ।,Future
হক জাগাটা বোই করে আমরা কথা বলি,𑄦𑄧𑄇𑄴 𑄎𑄋𑄣𑄚𑄴 𑄝𑄳𑄆𑄬𑄚𑄬 𑄟𑄪𑄭 𑄦𑄧𑄇𑄴 𑄇𑄮𑄙𑄚𑄴 𑄇𑄮𑄟𑄴,Present
দুঃখী মানুষ দেখলে বৌদ্ধ ভিক্ষুরা তািে থাকবে,𑄘𑄪𑄈𑄴𑄳𑄠 𑄟𑄚𑄪𑄌𑄴 𑄘𑄬𑄣𑄬 𑄝𑄪𑄉𑄧𑄖𑄴 𑄃𑄎 𑄉𑄮𑄢𑄳𑄦𑄨 𑄗𑄮𑄟𑄴 ।,Future
না করে আমি বেতুলবসি মানুষদেরও করে দিই না,𑄚𑄧 𑄉𑄮𑄢𑄳𑄦𑄨𑄟𑄴 𑄟𑄪𑄭 𑄝𑄬𑄖𑄪𑄣𑄴𑄝𑄨𑄌𑄴 𑄟𑄚𑄴𑄎𑄳𑄠𑄢𑄬𑄃𑄮 𑄉𑄧𑄗𑄴𑄬 𑄘𑄨𑄓𑄪𑄁 𑄚𑄧𑄠𑄴,Present
.সাের কোণার ভাগ না করে মিশিে কথা বলি না,𑄥𑄧𑄘𑄧𑄢𑄴 𑄃𑄣𑄴𑄉 𑄞𑄉𑄴 𑄚𑄧 𑄉𑄮𑄢𑄳𑄦𑄨𑄟𑄴 𑄟𑄨𑄎𑄬𑄠𑄚𑄴 𑄦𑄧𑄇𑄴 𑄇𑄮𑄙𑄪𑄁 𑄚𑄧𑄠𑄴 ।,Present
অন্যের টাকা চুরি করবো না-রাখা বাজি করবো না,𑄛𑄧𑄢𑄧 𑄇𑄕𑄖𑄴 𑄚𑄧 𑄌𑄮𑄢𑄳𑄦𑄨𑄟𑄴 - 𑄗𑄮𑄉 𑄝𑄎𑄨 𑄚𑄧 𑄉𑄮𑄢𑄳𑄦𑄨𑄟𑄴,Future
সে মনে করে নিজের কাজে ভর করবো,𑄥𑄨𑄏𑄨 𑄟𑄧𑄚𑄬 𑄖𑄮𑄢𑄨 𑄡𑄬𑄝𑄢𑄴 𑄚𑄨𑄎𑄧 𑄇𑄟𑄧𑄖𑄴 𑄞𑄧𑄢𑄴 𑄉𑄮𑄢𑄳𑄦𑄨𑄟𑄴 ।,Future
ব জন মানুষ আমি ভগবানকে পূজা করবো,𑄘𑄋𑄳𑄦𑄧𑄢𑄴 𑄎𑄧𑄚𑄴 𑄟𑄚𑄨𑄟𑄴 𑄃𑄳𑄦 𑄟-𑄝𑄝𑄧𑄢𑄬 𑄛𑄪𑄎𑄨𑄟𑄴,Future
"ভালো সে, ভালো সুল্লুক মনে পে রাখবো","𑄉𑄧𑄟𑄴 𑄥𑄨𑄈𑄴𑄳𑄠𑄧 , 𑄉𑄧𑄟𑄴 𑄥𑄪𑄣𑄴𑄪𑄇𑄴 𑄟𑄧𑄚𑄬 𑄛𑄎𑄨𑄠𑄬 𑄙𑄪𑄢𑄨𑄟𑄴 ।",Future
মাটিটা যতগুলো হওার হ ততগুলো হনা,𑄟𑄚𑄴𑄎𑄳𑄠 𑄡𑄨𑄇𑄴𑄬𑄚𑄴 𑄦𑄮𑄝𑄢𑄴 𑄦𑄮𑄙𑄮𑄇𑄴 𑄖𑄢𑄳𑄦𑄣𑄴𑄳𑄆𑄮 𑄚𑄧 𑄦𑄮𑄟𑄴 𑄥𑄧𑄁,Present
আমার মতো আমি কাজ করবো,𑄟𑄧 𑄙𑄮𑄇𑄴𑄳𑄠𑄚𑄴 𑄟𑄪𑄭 𑄇𑄟𑄴 𑄉𑄮𑄢𑄳𑄦𑄨𑄟𑄴 𑄟𑄧 𑄟𑄧𑄚𑄚𑄴𑄳𑄆𑄮 𑄢𑄊𑄬𑄟𑄴 𑄟𑄧𑄚𑄴 ।,Future
সোজা সোজা সরল কথা বললে মিষ্টি লাগে,𑄃𑄪𑄎𑄪 𑄃𑄪𑄎𑄪 𑄇𑄮𑄙 𑄇𑄮𑄟𑄴 𑄢𑄧𑄝𑄮 𑄉𑄮𑄢𑄳𑄦𑄨𑄟𑄴 𑄟𑄨𑄙𑄬,Present
বোর খাঁচাটা আর করবো না মনে রাখবো,𑄝𑄬𑄋 𑄇𑄮𑄋 𑄞𑄧 𑄚𑄧 𑄉𑄮𑄢𑄳𑄦𑄨𑄟𑄴 𑄟𑄧𑄚𑄚𑄴 𑄢𑄊𑄬𑄟𑄴 𑄥𑄨𑄙𑄬 ।,Future
একটা কাজ ভালো করে করার পর একটা কথা বলে,𑄃𑄨𑄇𑄴𑄬𑄚𑄴 𑄇𑄟𑄴 𑄉𑄮𑄢𑄳𑄦𑄨 𑄡𑄪𑄚𑄨 𑄃𑄨𑄇𑄴𑄬𑄚𑄴 𑄇𑄮𑄙 𑄇𑄧𑄌𑄴,Present
.আজকে সবাই এখানে হেছে,𑄘𑄬𑄞𑄬 𑄥𑄬𑄇𑄴𑄬 𑄝𑄬𑄇𑄴𑄪𑄚𑄧 𑄃𑄨𑄙𑄪 𑄦𑄮𑄠𑄧𑄌𑄴 𑄘𑄋𑄳𑄦𑄧𑄢𑄴 𑄉𑄧𑄢𑄧𑄌𑄴 ।,Present
চূাচা করতে এখন তোমাকে ব ব দেখি,𑄌𑄬𑄢𑄮𑄇𑄨𑄖𑄴𑄬 𑄥𑄬𑄇𑄴𑄬 𑄖𑄧𑄢𑄳𑄦𑄬 𑄘𑄋𑄳𑄦𑄧𑄢𑄴 𑄉𑄮𑄢𑄳𑄦𑄨 𑄘𑄬𑄊𑄧𑄘𑄧𑄚𑄴,Present
তোমার কথাগুলো এখন সবাই শুনতেছে,𑄖𑄧 𑄇𑄮𑄙𑄚𑄨 𑄥𑄬𑄇𑄴𑄬 𑄝𑄬𑄇𑄴𑄪𑄚𑄴 𑄥𑄪𑄚𑄧𑄘𑄧𑄚𑄴 𑄃𑄳𑄦 𑄙𑄧𑄢𑄧𑄘𑄧𑄚𑄴 ।,Present
না থাকো আর সেজন্য তুমি মন ভেঙে ফেলবে,𑄚𑄧 𑄗𑄬𑄌𑄴𑄴 𑄃𑄢𑄴 𑄥𑄬𑄚𑄬 𑄖𑄪𑄭 𑄞𑄋𑄨 𑄜𑄬𑄣𑄬𑄭 𑄟𑄧𑄚𑄴,Future
সে জাগাটা শক্ত করে মানুষ হেছে,𑄒𑄨𑄠𑄬𑄭 𑄎𑄉 𑄘𑄧𑄢𑄳𑄦𑄧 𑄉𑄮𑄢𑄳𑄦𑄨 𑄟𑄚𑄪𑄌𑄴 𑄦𑄮𑄝𑄢𑄴 𑄥𑄧𑄝𑄧𑄚𑄴 ।,Present
"হক/স, জাগা /পথ,ভ/প্রোজন","𑄦𑄧𑄇𑄴 = 𑄥𑄧𑄖𑄳𑄠𑄧, 𑄎𑄋𑄣𑄚𑄴 = 𑄛𑄧𑄖𑄴𑄗𑄚𑄴, 𑄉𑄧𑄢𑄧𑄌𑄴 = 𑄘𑄧𑄢𑄴𑄇𑄢𑄴 (𑄛𑄳𑄢𑄧𑄠𑄮𑄎𑄧𑄚𑄴)",Present
"গুণ, বৈশিষ্ট্য, বৈশিষ্ট্য",𑄉𑄪𑄕𑄬,Present
.যে কুলে রাজমান-রঙে দিে ফুল ফোটে।,𑄎𑄘𑄬 𑄇𑄪𑄣𑄬 𑄢𑄎𑄧𑄟𑄚𑄴-𑄢𑄧𑄋𑄬 𑄙𑄧𑄉𑄬 𑄜𑄪𑄣𑄧 𑄥𑄚𑄴,Present
যোগা না থাকে গুণ,"𑄡𑄪𑄚𑄨 𑄚𑄧 𑄗𑄠𑄴 𑄉𑄪𑄕𑄴,",Present
কি সেই রাজকুল-কি সেই গোলাপ,𑄇𑄨 𑄥𑄬𑄭 𑄢𑄎𑄧𑄇𑄪𑄣𑄴-𑄇𑄨 𑄥𑄬𑄭 𑄥𑄮𑄞 𑄜𑄪𑄣𑄴,Present
না সেটা সব গুো!,𑄚𑄧𑄠𑄴 𑄥𑄨𑄠𑄬𑄚𑄴 𑄝𑄬𑄇𑄴 𑄊𑄪𑄚𑄴!,Present
.কাঠালটা কি সুন্দর করে কাটতে হ,𑄇𑄬𑄘𑄜𑄧𑄣𑄴 𑄇𑄨 𑄘𑄮𑄣𑄴-𑄢𑄧𑄋𑄬 𑄙𑄧𑄉𑄬 𑄉𑄧𑄢𑄳𑄆 𑄃𑄮𑄣𑄴,Present
.কেন তাকে খেে দে?,𑄇𑄨𑄠𑄳𑄆𑄮 𑄖𑄢𑄳𑄦𑄬 𑄈𑄬𑄭 𑄌𑄚𑄴!,Present
অনেক মানুষ সুন্দর করে সেজেগুজে-মান দেখে যোগা,𑄃𑄧𑄊 𑄎𑄧𑄚𑄴 𑄘𑄮𑄣𑄴 𑄥𑄎𑄬-𑄟𑄚𑄴 𑄘𑄬𑄊𑄳𑄆𑄬 𑄡𑄪𑄚𑄨 𑄦𑄙𑄬,Present
তার মা!,𑄇𑄪𑄢𑄬 𑄃𑄬𑄡𑄬 𑄖𑄢𑄴 𑄟𑄚𑄴!,Present
কোন জন হলো লংকার রাজা পর মারা হ নিজে মারা,𑄇𑄪 𑄎𑄧𑄚𑄴 𑄦𑄧𑄣𑄧 𑄣𑄧𑄁𑄇𑄢𑄴 𑄢𑄎 𑄛𑄧𑄢𑄴 𑄟𑄢𑄨 𑄦𑄧𑄚𑄴 𑄚𑄨𑄎𑄬 𑄇𑄎,Present
উজ্জু কে মেরে কাকে খাবো,"𑄃𑄪𑄚𑄴𑄎𑄪𑄢𑄴 𑄇𑄢𑄳𑄦𑄬 𑄟𑄢𑄨 𑄇𑄢𑄳𑄦𑄬 𑄈𑄬𑄟𑄴,",Future
যে তাকে ভালো করে গুণ করে আর তাকে খুন করে,𑄡𑄨𑄝𑄬 𑄖𑄢𑄳𑄦𑄬 𑄉𑄧𑄢𑄳𑄦𑄬 𑄉𑄪𑄕𑄴 𑄉𑄧𑄢𑄳𑄦𑄬 𑄃𑄢𑄳𑄦𑄧 𑄖𑄢𑄳𑄦𑄬 𑄈𑄪𑄚𑄴,Present
ভোরের আলো ফোটার সম,𑄞𑄮𑄢𑄬𑄭 𑄘𑄬 𑄇𑄪𑄚𑄋𑄴 ।,Present
.যেন চূা ফুলের ছিঁা দিে তুমি বাি,𑄡𑄬𑄚𑄴 𑄌𑄧 𑄜𑄪𑄣𑄴𑄉𑄌𑄴 𑄍𑄨𑄘𑄨 𑄘𑄳𑄆𑄨 𑄖𑄪𑄟𑄴 𑄝𑄥𑄴,Present
এক জাতী মেে,𑄉𑄮𑄘 𑄝𑄪𑄇𑄴 𑄟𑄬𑄣𑄨,Present
"শেষ হেছে, গিেছে,অনেক জন মিলে মন জুে নাও","𑄜𑄪𑄢𑄨, 𑄉𑄨𑄠𑄬𑄚𑄨, 𑄃𑄧𑄊 𑄎𑄧𑄚𑄴 𑄝𑄬𑄊𑄬 𑄣𑄧𑄚𑄴 𑄎𑄪𑄢𑄬 𑄟𑄧𑄚𑄴",Present
বুো দরজা বন্ধ করো,𑄝𑄪𑄉𑄧 𑄘𑄮𑄢𑄴 𑄈𑄪𑄣𑄨 ।,Present
গুল গাছ আরও কি তার গুণ আছে,𑄉𑄪𑄣𑄧 𑄉𑄌𑄴 𑄌𑄧 𑄃𑄢𑄳𑄦𑄧 𑄇𑄨 𑄖𑄢𑄴 𑄉𑄪𑄚𑄧𑄢𑄴 𑄥𑄢𑄴,Present
লুকিে থাকে গুলতি,"𑄣𑄪𑄋𑄨 𑄗𑄠𑄴 𑄉𑄪𑄣𑄧𑄠𑄴 𑄝𑄪𑄇𑄴,",Present
.তাাতাি মরা গাছ নেই কোনো সাজাভাা,𑄗𑄠𑄴 𑄗𑄨𑄠𑄳𑄆𑄬 𑄟𑄧𑄢 𑄉𑄌𑄴 𑄚𑄬𑄭 𑄇𑄧𑄚𑄧 𑄥𑄎𑄴 𑄞𑄎𑄴,Present
তার কোন সুখ,𑄘𑄬𑄊𑄧𑄢𑄴 𑄖𑄢𑄴 𑄇𑄧𑄚𑄧 𑄥𑄪𑄊𑄴!,Present
গুণ হে হে যত নরম বুক তার,𑄉𑄪𑄕𑄬 𑄦𑄧𑄠𑄴 𑄡𑄬𑄙𑄧𑄇𑄴 𑄞𑄢𑄴 𑄚𑄧𑄢𑄧𑄟𑄴 𑄝𑄪𑄇𑄴 𑄥𑄬𑄙𑄧𑄇𑄴 𑄖𑄢𑄴,Present
.গুণে মেে হেছে,𑄉𑄪𑄕𑄬 𑄟𑄬𑄘𑄨𑄚𑄨𑄖𑄴 𑄟𑄚𑄪𑄌𑄴 𑄟𑄪𑄚𑄪𑄌𑄴 𑄦𑄧𑄠𑄴,Present
মৃত গাছ এবং অনেক লোক এক সাথে সাজছে,𑄟𑄧𑄢 𑄉𑄌𑄴 𑄃𑄢𑄴 𑄃𑄧𑄊 𑄎𑄧𑄚𑄴 𑄥𑄬𑄇𑄴 𑄥𑄎𑄴 𑄡𑄬𑄚𑄴 𑄃𑄬𑄇𑄴 𑄎𑄧𑄚𑄴,Present
ভেঙে গেলে ভাংলে তারা লাই করে না,𑄞𑄋𑄨𑄣𑄬 𑄞𑄋𑄧𑄚𑄴 𑄖𑄢𑄳𑄦 𑄣𑄪𑄋𑄨𑄠𑄬 𑄚𑄧𑄠𑄴 ।,Present
মুষল,𑄟𑄪𑄚𑄪𑄌𑄴𑄧𑄢𑄴,Present
ছাগল জন এত ব,𑄍𑄉𑄧𑄣𑄴 𑄎𑄧𑄚𑄧𑄟𑄴 𑄃𑄬𑄡𑄧𑄚𑄴 𑄡𑄨𑄃𑄪𑄚𑄴,Present
ছাগল থেকে মরণ,𑄍𑄉𑄧𑄣𑄴 𑄗𑄬𑄭𑄚𑄬 𑄟𑄧𑄢𑄧𑄚𑄴,Present
গুরু জনমে এলে গুরু,"𑄉𑄪𑄢𑄪 𑄎𑄧𑄚𑄧𑄟𑄴 𑄃𑄬𑄣𑄳𑄦𑄬 𑄉𑄪𑄢𑄪,",Present
হেমানব জনমে হ না,𑄦𑄬𑄟𑄚𑄧 𑄎𑄧𑄚𑄧𑄟𑄴 𑄃𑄬𑄣𑄳𑄦𑄬 𑄚𑄧 𑄦𑄧𑄚𑄴,Present
শিমের মলা,𑄥𑄨𑄃𑄪𑄚𑄴 𑄟𑄪𑄚𑄪𑄌𑄴𑄧𑄢𑄴,Present
মুষল দিে এক দাি,𑄟𑄪𑄚𑄪𑄌𑄴𑄧𑄢𑄴 𑄃𑄬𑄚𑄬𑄠𑄳𑄠𑄧 𑄟𑄖𑄴𑄧𑄢𑄴 𑄃𑄬𑄇𑄴 𑄘𑄊𑄨,Present
যে পুরুষটা হ,𑄡𑄬 𑄦𑄬𑄟𑄚𑄴 𑄦𑄧𑄚𑄴 ।,Present
হেমোর নেই আক্কেল-বুো,𑄦𑄬𑄟𑄚𑄧𑄢𑄴 𑄚𑄬𑄭 𑄃𑄇𑄴𑄧𑄣𑄴- 𑄝𑄪𑄘𑄴𑄨,Present
"চিন্তা করা, ভালো- মন্দ","𑄞𑄝𑄧𑄚𑄴 𑄝𑄪𑄏𑄧𑄚𑄴, 𑄉𑄧𑄟𑄴 - 𑄞𑄚𑄴𑄎𑄬",Present
"সু-দুঃখ, মেে-দোা","𑄥𑄪𑄊𑄴 - 𑄘𑄪𑄇𑄴, 𑄟𑄬𑄠𑄳𑄠- 𑄘𑄮𑄠𑄳𑄠",Present
"আলুলো দুলুলো, বো-চা, চা","𑄃𑄣𑄪𑄣𑄮 -𑄘𑄪𑄣𑄪𑄣𑄮 , 𑄝𑄬𑄢𑄚𑄴 - 𑄌𑄬𑄢𑄚𑄴,",Present
"নেই বাবা,ভাই-বোন,এখানে-কুদুম","𑄚𑄬𑄭 𑄝𑄝𑄴-𑄟, 𑄞𑄬𑄭-𑄝𑄮𑄚𑄴, 𑄃𑄨𑄖𑄴𑄳𑄠𑄧-𑄇𑄪𑄘𑄪𑄟𑄴",Present
"সমাজ-ধর্ম, নেই","𑄥𑄧𑄟𑄎𑄴 - 𑄙𑄧𑄢𑄴𑄟𑄧, 𑄚𑄬𑄭",Present
"তাদের হাত, কান্না","𑄖𑄢𑄳𑄦𑄢𑄴 𑄦𑄏𑄧𑄚𑄨, 𑄇𑄚𑄚𑄨−",Present
"না দেখে দেখার,বুঝার","𑄚𑄧 𑄌𑄚𑄴 𑄥𑄨𑄊𑄨𑄝𑄢𑄴, 𑄝𑄪𑄏𑄨𑄝𑄢𑄴 −",Present
". আছে বানলা সিঙ্গারা, ভূত, রিস","𑄃𑄊𑄬 𑄝𑄚𑄳𑄣 𑄥𑄨𑄁𑄉𑄢𑄴, 𑄛𑄳𑄢𑄬𑄖𑄴, 𑄢𑄨𑄥𑄳𑄠𑄧",Present
"কুলি,অচেতন আা","𑄇𑄪𑄣𑄨, 𑄃𑄧𑄝𑄨𑄌𑄴𑄬𑄥𑄴 𑄃 𑄓𑄧𑄢𑄴 ।",Present
. নেই তাদের মলা পা করে,𑄚𑄬𑄭 𑄖𑄢𑄳𑄦𑄢𑄴 𑄇𑄮𑄌𑄴 𑄛𑄳𑄣-𑄛𑄨 𑄉𑄧𑄢𑄧𑄚𑄴,Present
মারামারি-মেে করা শুধু নিজের,𑄟𑄢𑄟𑄢𑄨- 𑄟𑄬𑄠𑄳𑄠 𑄉𑄧𑄢𑄧𑄚𑄴 𑄝𑄕 𑄚𑄨𑄎𑄧𑄢𑄬,Present
মনে হ নিজের পেট,𑄃𑄳𑄦 𑄌𑄨𑄚𑄧𑄚𑄴 𑄚𑄨𑄎𑄧 𑄛𑄬𑄖𑄴𑄳𑄠𑄧 ।,Present
সে লোহার খাা বসে আছে,𑄥𑄬𑄚𑄬 𑄦𑄬𑄟𑄚𑄧𑄢𑄴 𑄈𑄎𑄴𑄳𑄠𑄧𑄖𑄴 𑄟𑄪𑄚𑄪𑄌𑄴𑄧𑄢𑄧𑄢𑄴 𑄗𑄬𑄣𑄬,Present
না থাকলে মেেদের গুণ,𑄚𑄧 𑄗𑄬𑄣𑄬 𑄟𑄪𑄚𑄨𑄌𑄴𑄧𑄢𑄧𑄢𑄴 𑄉𑄪𑄕𑄴-,Present
মুত্রথলি আসলে বলে না,𑄟𑄪𑄚𑄪𑄌𑄴𑄧𑄢𑄴 𑄃𑄬𑄣𑄬𑄠𑄳𑄠𑄧 𑄚𑄧 𑄇𑄧𑄚𑄴,Present
"সে মুত্রথলি,কোন কিছু","𑄥𑄨𑄝𑄬𑄢𑄬 𑄟𑄪𑄚𑄪𑄌𑄴𑄧𑄢𑄴, 𑄇𑄧𑄚𑄴",Present
"হে,না হলে হেছে আমার","𑄦𑄬𑄟𑄚𑄴, 𑄚𑄧𑄦𑄧𑄣𑄬 𑄦𑄬𑄟𑄚𑄧𑄖𑄴𑄪𑄚𑄴",Present
"নীচে, নিম্নে",𑄖𑄧𑄣𑄬 ।,Present
মুষল দিে মানুষরা বেঁচে থাকে,𑄟𑄪𑄚𑄪𑄌𑄴𑄧𑄢𑄴 𑄎𑄧𑄚𑄧𑄟𑄴 𑄦𑄬𑄣𑄬𑄠𑄳𑄠𑄧 𑄥𑄬𑄚𑄬,Present
মলা হওা ভালো না,𑄟𑄪𑄚𑄪𑄌𑄴𑄧𑄢𑄴 𑄦𑄧𑄚 𑄃𑄪𑄎𑄴𑄳𑄠𑄧 𑄚𑄧𑄠𑄴,Present
তাাতাি তার থেকে মলা বের হ,𑄗𑄜𑄧𑄢𑄬 𑄖𑄖𑄴𑄪𑄚𑄴 𑄟𑄪𑄚𑄪𑄌𑄴𑄧𑄢𑄧𑄢𑄴,Present
গুণ,𑄉𑄪𑄚𑄴 −,Present
"মনে,চিন্তা,কথা,কাজ ইত্যাদি","𑄟𑄧𑄚𑄬, 𑄌𑄨𑄘𑄬𑄠𑄴, 𑄇𑄮𑄙𑄠𑄴, 𑄇𑄟𑄬 𑄉𑄧𑄞𑄨𑄚𑄴",Present
তুমি আমার জন্য অপেক্ষা করো,𑄖𑄧𑄝𑄧𑄚𑄠𑄴 𑄟𑄚𑄬𑄠𑄧𑄢𑄴 𑄉𑄪𑄚𑄬 𑄖𑄪𑄎𑄨𑄟𑄴,Present
.পুে গেলে-সে মলা,𑄛𑄪𑄢𑄧 𑄦𑄧𑄣𑄬- 𑄥𑄨𑄝𑄬 𑄖𑄬 𑄟𑄪𑄚𑄪𑄌𑄴𑄧𑄢𑄴,Present
জন এই বানরটা হ,𑄎𑄧𑄚𑄧𑄟𑄴 𑄃𑄳𑄆𑄬 𑄟𑄪𑄚𑄪𑄌𑄴𑄧𑄢𑄴 𑄦𑄧𑄠𑄴 ।,Present
বিদ্যুৎ চমকানি থেকে সৃষ্ট বিদ্যুৎ চমকানি,𑄟𑄪𑄚𑄪𑄌𑄴𑄧𑄢𑄧𑄖𑄴𑄪𑄚𑄴 𑄎𑄖𑄴𑄳𑄠 𑄟𑄪𑄚𑄪𑄌𑄴𑄧𑄢𑄴 𑄦𑄧𑄚,Present
আরও উপরে-তার থেকে থাকে,𑄃𑄢𑄧 𑄃𑄉𑄖𑄴𑄳𑄠- 𑄖𑄖𑄴𑄪𑄚𑄴 𑄗𑄜𑄧𑄢𑄬,Present
গুণ আর নানা রকম,𑄉𑄪𑄕𑄴 𑄃𑄢𑄧 𑄚𑄚𑄚𑄴 𑄝𑄝𑄧𑄖𑄴𑄳𑄠,Present
. মানুষের গুণ বের হে স্বর্গ,𑄟𑄚𑄬𑄠𑄧𑄢𑄴 𑄉𑄪𑄕𑄴 𑄜𑄢𑄨 𑄥𑄧𑄢𑄴𑄉𑄧𑄢𑄴,Present
দেবতা ভালো করেজুে উঠে,𑄘𑄬𑄝𑄬𑄘 𑄉𑄪𑄕𑄬 𑄎𑄪𑄣𑄨 𑄃𑄪𑄘𑄨 𑄡𑄪𑄚𑄨,Present
".কথা,কাজ,মনে,মনে","𑄇𑄮𑄙𑄠𑄴, 𑄇𑄟𑄬, 𑄟𑄧𑄚𑄬, 𑄇𑄨𑄢𑄴𑄝𑄳𑄠𑄠𑄴",Present
মানুষদের ছোট করে পূজা করলে-মানলে,𑄟𑄚𑄪𑄌𑄴 𑄈𑄪𑄏𑄨 𑄦𑄳𑄆𑄮 𑄛𑄪𑄎𑄨𑄣𑄬- 𑄟𑄚𑄨𑄣𑄬,Past
সে হচ্ছে মুত্রথলি,𑄥𑄨𑄝𑄬 𑄖𑄬 𑄦𑄧𑄠𑄴 𑄟𑄪𑄚𑄪𑄌𑄴𑄧𑄢𑄧𑄖𑄴𑄪𑄚𑄴,Present
জাতি বানর,𑄎𑄖𑄴𑄳𑄠 𑄟𑄪𑄚𑄪𑄌𑄴𑄧𑄢𑄴 ।,Present
এখন পর্যন্ত সবাই আমরা,𑄃𑄬𑄡𑄧 𑄥𑄬𑄚𑄬 𑄝𑄬𑄇𑄴𑄪𑄚𑄴 𑄃𑄟𑄨,Present
"মলা হওার চেে, না","𑄟𑄪𑄚𑄪𑄌𑄴𑄧𑄢𑄴 𑄦𑄮𑄝𑄢𑄴 𑄌𑄳𑄆𑄬, 𑄚𑄧",Present
মলাটা শক্ত হেছে,𑄟𑄪𑄚𑄪𑄌𑄴𑄧𑄢𑄚𑄴 𑄇𑄮𑄌𑄴 𑄛𑄳𑄆𑄬-,Present
"বে দো জীবন, বে দো দিন","𑄝𑄮𑄘𑄮𑄣𑄬 𑄘𑄳𑄆𑄨 𑄎𑄨𑄁𑄇𑄚𑄨, 𑄝𑄮𑄘𑄮𑄣𑄬 𑄘𑄳𑄆𑄨 𑄘𑄨𑄚𑄴",Present
মেদবহুল আমাদের মা ঘুরে,𑄟𑄬𑄘𑄨𑄚𑄨 𑄃𑄟 𑄟𑄮𑄇𑄴𑄳𑄠 𑄊𑄪𑄢𑄳𑄆𑄬 ।,Present
এক জাতী বুনো ফল যা সবজি হিসেবে ব্যবহৃত হ,𑄃𑄨𑄚𑄴𑄎𑄬𑄝𑄴,Present
.ইনজেপটা আমরা সবাই দেখে শুনে রাখবো,𑄃𑄨𑄚𑄴𑄎𑄬𑄛𑄴𑄛𑄚𑄴 𑄃𑄟𑄨 𑄝𑄬𑄇𑄴𑄪𑄚𑄬 𑄌𑄳𑄆𑄬 𑄥𑄬𑄚𑄬 𑄃𑄨𑄚𑄴𑄎𑄬𑄝𑄧 𑄇𑄮𑄙 𑄇𑄳𑄆𑄮,Future
কত সালন সবাই আবার অন্তর্মুখী হ,𑄇𑄨𑄖𑄴𑄳𑄆𑄬 𑄥𑄣𑄬𑄚𑄴 𑄝𑄬𑄇𑄴𑄪𑄚𑄴 𑄃𑄢𑄧 𑄃𑄨𑄚𑄴𑄎𑄬𑄝𑄴 𑄦𑄢 𑄦𑄳𑄆𑄮 !,Present
পাহাে বানলা করা আমার পছন্দ না,𑄟𑄪𑄃𑄚𑄧𑄖𑄴 𑄝𑄚𑄳𑄣 𑄉𑄧𑄟𑄚𑄨 𑄃𑄟𑄢𑄴 𑄟𑄧𑄚𑄬 𑄟𑄖𑄴𑄧𑄢𑄴 𑄚𑄧𑄠𑄴,Present
সেই থেকে আমার ইঞ্জিনটা কিছুক্ষণ পর নষ্ট হ,𑄥𑄨𑄚𑄪𑄖𑄴𑄳𑄠𑄳𑄆 𑄃𑄟𑄢𑄴 𑄃𑄨𑄚𑄴𑄎𑄬𑄝𑄴𑄛𑄚𑄴 𑄈𑄇𑄴𑄬 𑄝𑄬𑄃𑄨𑄚𑄴𑄎𑄬𑄝𑄴 𑄦𑄧𑄠𑄴 ।,Present
পেট ভরে খাওার পর পেট ভরে খাওা,𑄛𑄬𑄝𑄢𑄴 𑄌𑄬𑄣𑄬 𑄝𑄬𑄎𑄴 𑄛𑄬𑄘𑄧𑄋𑄴 𑄌𑄳𑄆𑄬 𑄈𑄬𑄝𑄢𑄴 𑄌𑄬𑄣𑄬 𑄝𑄬𑄎𑄴,Present
সব জাগা বানগুলো নিজে নিজে গিে যা,𑄝𑄬𑄇𑄴𑄇𑄚𑄨𑄖𑄴 𑄝𑄚𑄳𑄣 𑄚𑄨𑄎𑄬 𑄎𑄨𑄘𑄨𑄝𑄢𑄴 𑄃𑄪𑄚𑄴𑄎𑄪𑄢𑄴 𑄒𑄮𑄉𑄳𑄆𑄬 𑄛𑄬𑄎𑄴 ।,Present
পিে যাওার সম তারা নিজেদের মধ্যে কথা বলে,𑄛𑄧𑄢𑄬 𑄡𑄪𑄚𑄨 𑄚𑄨𑄎𑄧𑄢𑄬 𑄒𑄮𑄉𑄚𑄴 𑄥𑄬𑄇𑄴𑄬 𑄃𑄨𑄚𑄴𑄎𑄬𑄝𑄴 𑄦𑄢 𑄇𑄳𑄆𑄮,Present
.নিজের সাথে অন্যের তুলনা করে রোদ পোহাচ্ছে।,𑄚𑄨𑄎𑄬 𑄡𑄪𑄚𑄨 𑄛𑄧𑄢𑄧𑄢𑄬 𑄒𑄮𑄉𑄳𑄆𑄬 𑄎𑄪𑄎𑄴 𑄉𑄮𑄢𑄳𑄦𑄨𑄚𑄬 𑄢𑄳𑄆𑄮 ।,Present
কোথা থাকবো আমার,𑄇𑄪𑄖𑄴𑄪𑄚𑄴 𑄗𑄬𑄝𑄧 𑄃𑄨𑄚𑄴𑄎𑄬𑄝𑄴 𑄃𑄟𑄢𑄴!,Future
গোাটা হলো প্রেত,𑄉𑄮𑄢𑄠𑄚𑄴 𑄦𑄧𑄣𑄧 𑄛𑄳𑄢𑄬𑄖𑄴,Present
ভ মনে করে সে ভালো- মন্দ করে,𑄛𑄳𑄢𑄬𑄘𑄧 𑄟𑄧𑄚𑄚𑄴 𑄚𑄧 𑄉𑄧𑄢𑄳𑄦𑄬 𑄥𑄬𑄚𑄬 𑄉𑄧𑄟𑄴-𑄞𑄚𑄴𑄎𑄬 𑄞𑄬𑄘𑄴 ।,Present
দূরের সাথে মিশিে থাকতে হ এরকম মনে হ,𑄛𑄳𑄢𑄬𑄘𑄧 𑄣𑄧𑄉𑄬 𑄇𑄪𑄣𑄨 𑄗𑄠𑄴 𑄃𑄬 𑄥𑄬𑄇𑄴𑄬 𑄦𑄧𑄠𑄴 𑄛𑄎𑄨 𑄟𑄧𑄚𑄴,Present
সে কোচ পেলে ইঞ্জিনটা বোই হ,𑄥𑄬𑄚𑄬 𑄇𑄮𑄌𑄴 𑄛𑄬𑄣𑄬𑄠𑄳𑄠𑄧 𑄃𑄨𑄚𑄴𑄎𑄬𑄝𑄴𑄛𑄚𑄴 𑄝𑄬𑄃𑄨𑄚𑄴𑄎𑄬𑄝𑄨 𑄦𑄧𑄚𑄴 ।,Present
সেগুলো যে সবাই বলতে পারে,𑄥𑄨𑄠𑄬𑄚𑄨 𑄡𑄬 𑄞𑄚𑄴𑄎𑄬 𑄝𑄬𑄇𑄴𑄇𑄚𑄴 𑄇𑄳𑄆𑄮 𑄛𑄢𑄨𑄃𑄮 𑄝𑄬𑄇𑄴𑄪𑄚𑄬,Present
.ত-কি আর হামাগুি দিে তাকে ধরছে!,𑄖𑄳𑄠𑄧 𑄇𑄨𑄠𑄳𑄠 𑄃𑄢𑄧 𑄦𑄃𑄮𑄏𑄴 𑄉𑄮𑄢𑄳𑄦𑄨 𑄢𑄊𑄬𑄭 𑄖𑄢𑄳𑄦𑄬 𑄙𑄪𑄢𑄨𑄚𑄬!,Present
"ইি দিে আমরা দুইজন প্রেত, কুলি,পাজি","𑄃𑄨𑄢𑄨 𑄘𑄨 𑄌𑄬𑄭 𑄃𑄟𑄨 𑄥𑄣𑄬𑄚𑄴 𑄛𑄳𑄢𑄬𑄖𑄴, 𑄇𑄪𑄣𑄨, 𑄛𑄎𑄨𑄃𑄚𑄴",Present
আসা যাওা না করে আমাদের বািতে আসতে হবে,𑄃𑄬𑄡𑄬𑄚𑄬 𑄚𑄧 𑄃𑄬𑄎𑄬 𑄌𑄳𑄆𑄬 𑄥𑄣𑄬𑄚𑄴 𑄃𑄟 𑄃𑄨𑄙𑄪 𑄃𑄨𑄚𑄴𑄎𑄬𑄝𑄴𑄛𑄚𑄴 ।,Future
ভূতটা এখনো মনের মতো কাম না দিে পাহাের চাা দে না,𑄛𑄳𑄢𑄬𑄖𑄴𑄳𑄠 𑄃 𑄇𑄪𑄣𑄨 𑄟𑄧𑄚𑄚𑄬 𑄚𑄧 𑄘𑄳𑄆𑄨 𑄝𑄚𑄳𑄣 𑄛𑄬𑄘𑄧 𑄌𑄠𑄴,Present
চূা চা করে সব গুো করে যা,𑄌𑄪𑄌𑄴𑄬𑄋𑄴 𑄞𑄪𑄖𑄴𑄬𑄋𑄴 𑄝𑄬𑄇𑄴 𑄉𑄮𑄢𑄳𑄦𑄨𑄚𑄬 𑄃𑄪𑄚𑄴𑄎𑄪𑄢𑄴 𑄒𑄮𑄉𑄬 𑄡𑄠𑄴 ।,Present
সেকারণে আমরা আগের চাইতে অনেক বেশি হেছি,𑄥𑄬𑄚𑄬 𑄃𑄟𑄨 𑄃𑄨𑄚𑄴𑄎𑄬𑄝𑄴 𑄦𑄢 𑄈𑄇𑄴𑄬 𑄝𑄬𑄇𑄴𑄪𑄚𑄴 𑄦𑄳𑄆𑄮,Present
যখন তখন কথা বলতেছি,𑄡𑄪𑄚𑄨𑄃𑄮 𑄃𑄟𑄨 𑄃𑄨𑄚𑄴𑄎𑄬𑄝𑄧 𑄇𑄮𑄙 𑄃𑄪𑄚𑄴𑄎𑄪𑄢𑄴 𑄟𑄧𑄃𑄧𑄖𑄴 𑄗𑄳𑄆𑄮 ।,Present
তুমি নিজে,𑄖𑄳𑄆𑄪 𑄚𑄨𑄎𑄬,Present
অনেক ভ পা চামা করে,𑄈𑄪𑄝𑄴 𑄟𑄪𑄢𑄧𑄖𑄴 𑄛𑄪𑄢𑄨 𑄌 𑄉𑄮𑄞𑄨𑄚𑄴 𑄉𑄮𑄢𑄳𑄦𑄨,Present
ভালোভাবে মন বসা,𑄘𑄮𑄣𑄬 𑄟𑄧𑄚𑄚𑄴 𑄟𑄎𑄨,Present
কামিগুলো যতগুলো তোমার করা হ,𑄇𑄟𑄚𑄨 𑄡𑄨𑄇𑄴𑄬𑄚𑄴 𑄖𑄧𑄢𑄴 𑄉𑄧𑄢𑄳𑄦𑄧𑄢𑄴 𑄎𑄨𑄋𑄴𑄇𑄚𑄨 𑄞𑄧𑄢𑄴,Present
.যত ব ব ভূমিকম্প হ,𑄡𑄧𑄢𑄴 𑄥𑄨𑄇𑄴𑄬𑄚𑄴 𑄞𑄪𑄢𑄧𑄖𑄴 𑄞𑄏𑄨 ।,Present
".যত ব সুন্দর কাজ, তত ব ভালো কাজ",𑄡𑄬𑄇𑄴𑄬 𑄉𑄧𑄢𑄧𑄌𑄴 𑄘𑄮𑄣𑄴 𑄇𑄟𑄴 𑄥𑄬𑄇𑄴𑄬 𑄛𑄥𑄴 𑄉𑄧𑄟𑄴 𑄚𑄋𑄴,Present
মনটা খুব সুন্দর,𑄟𑄧𑄚𑄚𑄴 𑄦𑄧𑄠𑄴 𑄞𑄢𑄨 𑄘𑄮𑄣𑄴,Present
"যে কেকটা করে কুাকুা, কুাকুা",𑄡𑄬𑄇𑄴𑄬 𑄉𑄧𑄢𑄧𑄌𑄴 𑄇𑄪𑄇𑄟𑄴 𑄥𑄬𑄇𑄴𑄬 𑄛𑄥𑄴 𑄇𑄪𑄚𑄋𑄴,Present
এখন তো মন ভালো হ,𑄥𑄬𑄇𑄴𑄬 𑄦𑄧𑄠𑄴 𑄟𑄧𑄚𑄚𑄴 𑄎𑄮𑄣𑄴 ।,Present
থকি-নাকি কলা কানের চা,𑄗𑄮𑄇𑄴𑄨-𑄚𑄮𑄇𑄴𑄨 𑄉𑄧𑄢𑄴 𑄛𑄧𑄢𑄧 𑄇𑄚𑄳𑄦𑄖𑄴 𑄌𑄧𑄢𑄴,Present
দুঃখ থেকে রেহাই পাবি না,𑄘𑄪𑄊𑄴 𑄝𑄘𑄬 𑄚𑄧 𑄛𑄬𑄝𑄬 𑄥𑄪𑄊𑄴,Future
চা নিজের বািটা ভালো করে পরিষ্কার করে,𑄌 𑄚𑄨𑄎𑄧 𑄊𑄧𑄢𑄴 𑄛𑄧𑄢𑄴 𑄞𑄣𑄬𑄘𑄴𑄃𑄮 𑄉𑄧𑄢𑄴,Present
তোমার কোনো খোলের দুঃখ,𑄚𑄧 𑄃𑄬𑄝𑄧 𑄖𑄧𑄢𑄴 𑄇𑄧𑄚𑄧 𑄈𑄬𑄝𑄴 𑄘𑄪𑄊𑄴 ।,Present
তুমি নিজে সবগুলো গিেছিলে ভগবান,𑄖𑄳𑄆𑄪 𑄚𑄨𑄎𑄬 𑄝𑄬𑄇𑄴𑄇𑄚𑄴- 𑄚𑄧𑄠𑄴 𑄉𑄨𑄢𑄮𑄎𑄴 𑄞𑄧𑄉𑄧𑄝𑄚𑄴,Past
সে তোমাকে কিছুই করে না,𑄖𑄬 𑄇𑄨𑄌𑄴𑄪 𑄚𑄧 𑄉𑄧𑄢𑄳𑄦𑄬 𑄖𑄧𑄢𑄳𑄦𑄬,Present
তুমি নিজে লুকিে থাকো,𑄖𑄳𑄆𑄪 𑄚𑄨𑄎𑄬 𑄣𑄪𑄇𑄴𑄈𑄨 𑄖𑄳𑄆𑄪 𑄚𑄨𑄎𑄬 𑄞𑄧𑄉𑄧𑄝𑄚𑄴,Present
তুমি সবগুলো নিজের জন্য করো,𑄖𑄳𑄆𑄪 𑄝𑄬𑄇𑄴𑄇𑄚𑄨 𑄉𑄧𑄢𑄧𑄌𑄴 𑄚𑄨𑄎𑄬 𑄚𑄨𑄎𑄧𑄢𑄬 ।,Present
এক জাতী বুনো লতা,𑄝𑄚𑄴𑄘 𑄣𑄋𑄴,Present
ধর্ম কাকে বলে?,𑄙𑄧𑄢𑄴𑄟𑄧 𑄇𑄢𑄬 𑄇𑄧𑄠𑄴 ?,Present
.পুততি বিচিটা কেন পানিতে পে গেল?,𑄛𑄪𑄖𑄴𑄨 𑄝𑄨𑄣𑄮𑄚𑄴 𑄇𑄨𑄃𑄮𑄋𑄴 𑄟𑄪𑄚𑄴𑄳𑄠𑄨𑄢𑄧𑄖𑄴 𑄡𑄬𑄣𑄬 ?,Past
গবাদি পশুর পূজা করলে?,𑄉𑄮𑄎𑄬𑄚𑄴 𑄒𑄉𑄪𑄢𑄴 𑄛𑄪𑄎𑄨𑄣𑄬 ?,Past
তারা এখানে ব ব দান দিলে,𑄖𑄢𑄳𑄦 𑄃𑄨𑄙𑄪 𑄘𑄋𑄳𑄦𑄧𑄢𑄴 𑄘𑄋𑄳𑄦𑄧𑄢𑄴 𑄘𑄚𑄴 𑄘𑄨𑄣𑄬?,Past
শীলে ধর্ম কথা শুনলে?,𑄥𑄨𑄣𑄬 𑄥𑄪𑄖𑄴𑄳𑄢𑄧 𑄙𑄧𑄢𑄴𑄟𑄧 𑄇𑄮𑄙 𑄥𑄪𑄚𑄨𑄣𑄬?,Past
.মানুষকে লম্বা লম্বা ধর্ম দেখালেন কেন?,𑄟𑄚𑄴𑄎𑄳𑄠𑄧𑄢𑄬 𑄣𑄟𑄴𑄝 𑄣𑄟𑄴𑄝 𑄙𑄧𑄢𑄴𑄟𑄧 𑄃𑄇𑄴𑄧𑄣𑄴 𑄘𑄨𑄣𑄬?,Past
ধোঁার কাজ করলে?,𑄙𑄮𑄠𑄧 𑄉𑄮𑄢𑄳𑄦𑄨 𑄛𑄧𑄘𑄴 𑄇𑄎𑄬𑄣𑄬 ?,Past
.সেটা একটুও ধর্ম না-মন যোগা,𑄥𑄨𑄠𑄬𑄚𑄴 𑄃𑄬𑄇𑄴𑄇𑄃𑄮 𑄙𑄧𑄢𑄴𑄟𑄧 𑄚𑄧𑄠𑄴- 𑄟𑄧𑄚𑄚𑄴 𑄡𑄪𑄚𑄨,Present
সেখানে হ না ফুলের সুগন্ধ শেষ হ,𑄥𑄨𑄃𑄧𑄖𑄴 𑄚𑄧 𑄦𑄧𑄠𑄴 𑄜𑄪𑄣𑄧 𑄥𑄚𑄴 𑄥𑄪𑄘𑄴𑄧 𑄥𑄋𑄴𑄉𑄧 −,Present
"যোগা থাকে সেখানে রাগ,কুটির,কুটির মন","𑄡𑄪𑄚𑄨 𑄗𑄠𑄴 𑄥𑄨𑄃𑄧𑄖𑄴 𑄥𑄮𑄟𑄬 𑄢𑄉𑄴, 𑄇𑄪𑄖𑄴𑄪𑄢𑄨 , 𑄇𑄪𑄣𑄨 𑄟𑄧𑄚𑄴",Present
.মানুষরা এখনো মনের ইচ্ছা পূরণ করতে পারে না,𑄟𑄚𑄴𑄎𑄬 𑄡𑄪𑄚𑄨 𑄟𑄧𑄚𑄧 𑄈𑄪𑄎𑄨𑄠𑄬 𑄞𑄝𑄨 𑄚𑄧 𑄛𑄢𑄧𑄚𑄴 𑄥𑄧𑄘𑄧𑄢𑄴 −,Present
যোগা থাকে সেটা আর টাকা- ধন প্রেত,𑄡𑄪𑄚𑄨 𑄗𑄠𑄴 𑄥𑄨𑄃𑄧𑄖𑄴 𑄃𑄢𑄧 𑄑𑄬𑄋 − 𑄙𑄧𑄚𑄧𑄢𑄴 𑄛𑄳𑄢𑄬𑄖𑄴,Present
সেখানে কি থাকতে পারে ধর্ম,𑄥𑄨𑄃𑄧𑄖𑄴 𑄇𑄨 𑄗𑄳𑄆𑄬 𑄛𑄢𑄬 𑄙𑄧𑄢𑄴𑄟𑄧 !,Present
না কি সেটা মলা?,𑄚𑄧𑄠𑄴 𑄇𑄨 𑄥𑄨𑄠𑄬𑄚𑄴 𑄇𑄎𑄧𑄢𑄴 ?,Present
"না দেখলে মানুষ জন,না দেখলে ফিরে যা,দুঃখ","𑄚𑄧 𑄢𑄨𑄚𑄨𑄣𑄬 𑄟𑄚𑄪𑄌𑄴 𑄎𑄧𑄚𑄴, 𑄚𑄧 𑄌𑄬𑄣𑄬 𑄜𑄨𑄢𑄨 𑄥𑄪𑄊𑄴 - 𑄘𑄪𑄊𑄴",Present
যোগা আর বুক হাে ভালো লাগে,𑄡𑄪𑄚𑄨 𑄃𑄢𑄧 𑄝𑄪𑄇𑄴 𑄦𑄋𑄬 𑄛𑄧𑄢𑄧 𑄞𑄣𑄬𑄘𑄴 𑄘𑄬𑄣𑄬,Present
বানলা নিজে প্যান্টের চামা পরে গেলে বিরক্তিবোধ করে,𑄝𑄚𑄳𑄣 𑄚𑄨𑄎𑄬 𑄛𑄬𑄝𑄢𑄴 𑄌𑄚 𑄛𑄧𑄢𑄬 𑄛𑄬𑄣𑄬 𑄝𑄬𑄎𑄢𑄴𑄴,Present
যোগা করলে পাের নিচে মানুষরা থাকে,𑄡𑄪𑄚𑄨 𑄌𑄬𑄣𑄬 𑄗𑄬𑄋𑄧𑄖𑄴 𑄖𑄧𑄣𑄬 𑄟𑄚𑄪𑄌𑄴 𑄦𑄟𑄬𑄇𑄴𑄧𑄚𑄴 𑄗𑄮𑄝𑄢𑄴,Present
.সেটা কি হতে পারে ধর্ম আরুা,𑄥𑄨𑄠𑄬𑄚𑄴 𑄇𑄨 𑄦𑄳𑄆𑄮 𑄛𑄢𑄬 𑄙𑄧𑄢𑄴𑄟𑄧𑄢𑄴 𑄃𑄢𑄪𑄉𑄴 !,Present
ধর্মী মানুষ,𑄦𑄳𑄆𑄮 𑄛𑄢𑄬 𑄙𑄧𑄢𑄴𑄟𑄧𑄢𑄴 𑄚𑄨𑄎𑄬𑄚𑄨 !,Present
. মানুষ মানুষের ধর্ম হলো মানুষের ধর্ম,𑄟𑄚𑄬𑄠𑄧𑄢𑄴 𑄟𑄪𑄢𑄴 𑄙𑄧𑄢𑄴𑄟𑄧 𑄦𑄧𑄣𑄧 𑄟𑄚𑄬𑄠𑄧𑄢𑄴 𑄝𑄚𑄴𑄳𑄢𑄣𑄋𑄴,Present
.বেঁচে যাওা-বেঁচে থাকা মনে থাকবে,𑄚𑄧 𑄝𑄬𑄝𑄧 𑄎𑄘𑄴 - 𑄝𑄬𑄎𑄘𑄴 𑄟𑄧𑄚𑄚𑄴 𑄗𑄬𑄝𑄧 𑄟𑄬𑄣𑄳𑄣𑄇𑄴,Future
কোচ পোর মানে-বোর মতো না -নিজের,𑄇𑄮𑄌𑄴 𑄛𑄬𑄝𑄧 𑄟𑄚𑄬𑄭- 𑄚𑄧 𑄝𑄬𑄝𑄧 𑄃𑄧𑄎𑄧𑄣𑄴 - 𑄚𑄨𑄎𑄮,Present
সকালে- বিকালে সবাই বুক দিে উঠবে,𑄥𑄪𑄊𑄧𑄖𑄴-𑄘𑄪𑄊𑄧𑄖𑄴 𑄝𑄬𑄇𑄴𑄪𑄚𑄧𑄣𑄴𑄣𑄳𑄆 𑄡𑄬𑄝𑄧 𑄝𑄪𑄇𑄴 𑄘𑄨 𑄃𑄪𑄎𑄳𑄆𑄬,Future
সবাই থাকার জন্য পাহাি-রুচি ঠিক করতেছে,𑄝𑄬𑄇𑄴𑄪𑄚𑄴𑄳𑄆𑄮 𑄗𑄬𑄝𑄧 𑄦𑄏𑄨-𑄢𑄪𑄎𑄨 𑄥𑄧𑄘𑄧𑄢𑄴 𑄦𑄳𑄆𑄮 𑄟𑄧𑄚𑄧𑄢𑄴,Present
"ভালো ছেলে হলে হিল,নিজের কথা বলে না","𑄞𑄧𑄎𑄧𑄟𑄚𑄴 𑄉𑄮𑄢𑄳𑄦𑄨𑄝𑄧 𑄟𑄚𑄬𑄭 𑄦𑄧𑄣𑄬 𑄦𑄧𑄎𑄧𑄣𑄴, 𑄚𑄨𑄎𑄮 𑄚𑄧 𑄇𑄳𑄆𑄮",Present
সুুক দিতে না পারলে সহ্য হ না,𑄥𑄪𑄚𑄴𑄎𑄪𑄇𑄴 𑄘𑄨 𑄚𑄧 𑄛𑄣𑄴𑄬𑄃𑄮 𑄖𑄪𑄘𑄧 𑄉𑄧𑄖𑄴𑄧 𑄚𑄧𑄠𑄴,Present
এই তাকে বলে ব বানলা,𑄃𑄬 𑄥𑄨𑄠𑄬𑄚𑄧𑄢𑄬 𑄇𑄧𑄠𑄴𑄘𑄳𑄠 𑄝𑄚𑄴𑄳𑄢𑄣𑄋𑄴,Present
এই তাকে ধর্ম বলে,𑄃𑄬 𑄥𑄨𑄠𑄬𑄚𑄧𑄢𑄬 𑄙𑄧𑄢𑄴𑄟𑄧 𑄇𑄧𑄠𑄴 ।,Present
.মানুষ আছে বন্যা ভাব-বুঝি-কোন কিছু,𑄟𑄚𑄬𑄠𑄧𑄢𑄴 𑄃𑄊𑄬 𑄝𑄚𑄳𑄣 𑄞𑄝𑄧𑄚𑄴-𑄝𑄪𑄏𑄧𑄚𑄴- 𑄇𑄧𑄚𑄧,Present
হেঁচার নেই-সেচে মানুষ,𑄦𑄬𑄟𑄚𑄧𑄢𑄴 𑄚𑄳𑄆𑄬- 𑄥𑄬𑄚𑄬 𑄟𑄚𑄬𑄠𑄬,Present
.পাহাের বন্যা ভালো-খারাপ,𑄛𑄢𑄧𑄚𑄴 𑄝𑄚𑄳𑄣 𑄉𑄧𑄟𑄴-𑄞𑄚𑄴𑄎𑄬 𑄝𑄨𑄎𑄨𑄢𑄳𑄆𑄬,Present
"তাাতাি পূজা করলে, তাাতাি মেনে নিলে","𑄖𑄢𑄳𑄣 𑄡𑄪𑄚𑄨 𑄛𑄪𑄎𑄨𑄣𑄬, 𑄖𑄢𑄳𑄣 𑄡𑄪𑄚𑄨 𑄟𑄚𑄨𑄣𑄬",Past
.মেে গেলে তার চোখের পানি পে,𑄟𑄪𑄢𑄨 𑄡𑄬𑄣𑄬 𑄡𑄪𑄚𑄨 𑄖𑄢𑄳𑄣 𑄌𑄮𑄊𑄧 𑄛𑄚𑄨 𑄜𑄬𑄣𑄬𑄣𑄬,Present
ভালো নাম নিে যাওা ভালো,𑄉𑄧𑄟𑄴 𑄚𑄋𑄴 𑄚𑄨𑄚𑄬 𑄡𑄪𑄚𑄨 𑄃𑄳𑄆𑄣𑄪𑄟𑄴 𑄎𑄧𑄝𑄧𑄚𑄴,Present
"এখন সে হ স্বর্গ, এখন সে হ স্বর্গ","𑄃𑄬𑄥𑄬𑄇𑄴𑄬 𑄖𑄬 𑄦𑄧𑄠𑄴 𑄥𑄧𑄢𑄴𑄉𑄧, 𑄥𑄬𑄇𑄴𑄬 𑄖𑄬 𑄦𑄧𑄠𑄴 𑄚𑄨𑄢𑄴𑄝𑄚𑄴 ।",Present
"ধর্ম আছে রিস,ধন প্রেত,সুগ প্রেত","𑄙𑄧𑄢𑄴𑄟𑄧𑄢𑄴 𑄗𑄠𑄴 𑄢𑄨𑄥𑄴𑄳𑄠𑄧, 𑄙𑄧𑄚𑄴 𑄛𑄳𑄢𑄬𑄖𑄴, 𑄥𑄪𑄊𑄧 𑄛𑄳𑄢𑄬𑄖𑄴 𑄥𑄬𑄚𑄬",Present
সে সহজে দেখতে পারে না-দুঘোর কীত,𑄌𑄳𑄆𑄬 𑄚𑄧 𑄛𑄢𑄬 𑄖𑄬 𑄥𑄪𑄊𑄴 - 𑄘𑄪𑄊𑄴 𑄇𑄨𑄖𑄴𑄳𑄠,Past
"বোল আর মেশিন,চিম,চামা,কুা,কুা","𑄝𑄢𑄳𑄣𑄬 𑄃𑄢𑄧 𑄃𑄨𑄁𑄉𑄢𑄴, 𑄛𑄨𑄎𑄪𑄟𑄴, 𑄌𑄪𑄢𑄴, 𑄙𑄬𑄋𑄴, 𑄇𑄪𑄣𑄨",Present
পালিে যাওা মন আর বোর মুর্খ,𑄛𑄎𑄨𑄘𑄨 𑄦𑄧𑄠𑄴 𑄟𑄧𑄚𑄚𑄴 𑄃𑄢𑄧 𑄝𑄬𑄎𑄴 𑄟𑄪𑄢𑄴,Present
সমাজ হে আর জো সুখ আসে মন থেকে,𑄥𑄧𑄟𑄎𑄴 𑄦𑄧𑄠𑄴 𑄃𑄢𑄧 𑄎𑄮𑄣𑄴 𑄥𑄪𑄊𑄴 𑄙𑄭 𑄟𑄧𑄚𑄧𑄖𑄴𑄪𑄚𑄴,Present
রাত হে যাওা যা,𑄢𑄘𑄴 𑄞𑄢𑄳𑄣𑄨 𑄦𑄳𑄆𑄮 𑄡𑄠𑄴 𑄛𑄬𑄣𑄋𑄴 𑄛𑄬𑄣𑄋𑄴,Present
এত ব না থাকলে ব হনা,𑄃𑄬𑄙𑄨𑄇𑄴𑄳𑄠𑄚𑄴 𑄦𑄧𑄠𑄴 𑄝𑄚𑄳𑄣 𑄚𑄧 𑄗𑄬𑄣𑄬 𑄝𑄚𑄴𑄳𑄢𑄣𑄋𑄴 ।,Present
এখন তো আমরা ব হেছি,𑄃𑄬𑄡𑄧 𑄃𑄬𑄝𑄢𑄴 𑄃𑄟𑄨 𑄝𑄚𑄴𑄳𑄢𑄣𑄋𑄨 𑄦𑄳𑄆𑄮,Present
মনের সব ময়লা পরিষ্কার করে সবগুলো,𑄟𑄧𑄚𑄧𑄢𑄴 𑄃𑄙𑄧𑄋𑄴 𑄇𑄎𑄧𑄢𑄴 𑄙𑄳𑄆𑄮 𑄝𑄬𑄇𑄴𑄇𑄚𑄨,Present
".সাের আলগা,অমল নিজের না করে আর ভেদ করে না","𑄥𑄧𑄘𑄧𑄢𑄴 𑄃𑄣𑄴𑄉, 𑄃𑄧𑄎𑄧𑄣𑄴 𑄚𑄨𑄎𑄮 𑄚𑄧 𑄉𑄮𑄢𑄳𑄦𑄨 𑄃𑄢𑄴 𑄞𑄬𑄘𑄴",Present
সম করে হেটে যাওা আমরা বোতে বোতে খাই,𑄥𑄧𑄁 𑄉𑄮𑄢𑄳𑄦𑄨 𑄦𑄃𑄮𑄘𑄨 𑄃𑄟𑄨 𑄝𑄬𑄊𑄬 𑄝𑄬𑄊𑄧𑄢𑄴 𑄈𑄬𑄘𑄴,Present
এক মন একমন হওা আমরা সবাই,𑄃𑄬𑄇𑄴 𑄟𑄧𑄚𑄴 𑄃𑄬𑄇𑄴𑄎𑄧𑄚𑄴 𑄦𑄳𑄆𑄮 𑄃𑄟𑄨 𑄝𑄬𑄇𑄴𑄪𑄚𑄬,Present
এক জন দুঃখ আর এক জন কান্না,𑄃𑄬𑄇𑄴 𑄎𑄧𑄚𑄧 𑄘𑄪𑄊𑄧𑄖𑄴 𑄃𑄢𑄧 𑄃𑄬𑄇𑄴 𑄎𑄧𑄚𑄴 𑄇𑄚𑄨,Present
.সুঁচালো হে সঙ্গ দো আরও ভালো,𑄥𑄪𑄊𑄨 𑄦𑄳𑄆𑄮 𑄥𑄧𑄁𑄉𑄮𑄢𑄳𑄦𑄨 𑄙𑄧𑄚𑄬 𑄃𑄢𑄴 𑄟𑄚𑄬,Present
স্বর্গটা নিে যাওা দুইজনে,𑄥𑄧𑄢𑄴𑄉𑄧𑄃𑄚𑄴 𑄃𑄚𑄨 𑄑𑄚𑄨 𑄛𑄪𑄖𑄴𑄨 𑄎𑄧𑄚𑄬 𑄎𑄧𑄚𑄬 ।,Present
আমাদের ফাকিঁ,𑄃𑄟 𑄜𑄎𑄚𑄨,Present
আমাদের দলের কোন ধোঁাটা একটু ভালো করে দেখ,𑄃𑄟 𑄜𑄎𑄚𑄨 𑄇𑄧𑄚𑄴 𑄙𑄮𑄇𑄴𑄳𑄠𑄚𑄴 𑄃𑄬𑄇𑄴𑄇 𑄘𑄮𑄣𑄬 𑄌𑄧,Present
উষর মনের মধ্যে আমার লাফ মারা লাগবে,𑄃𑄪𑄚𑄴𑄎𑄪𑄢𑄴 𑄗𑄭𑄘𑄳𑄠 𑄟𑄧𑄚𑄚𑄨𑄖𑄴 𑄃𑄟𑄢𑄴 𑄜𑄇𑄴 𑄟𑄢𑄳𑄦𑄨𑄝𑄢𑄴 𑄞𑄧 ।,Future
জুো তোষক দিে কোথা লুকিে থাকবো,𑄎𑄪 𑄖𑄮𑄉𑄬𑄚𑄬𑄭 𑄗𑄬𑄭𑄘𑄬 𑄃𑄪𑄚𑄴𑄎𑄪𑄢𑄴 𑄇𑄬𑄚𑄬 𑄛𑄧𑄢𑄧 𑄇𑄚𑄳𑄦𑄖𑄴 𑄌𑄪𑄢𑄳𑄦𑄨𑄟𑄴,Future
সুদ দো ঠকিে কেমনে চলে যাবো,𑄥𑄪𑄘𑄧 𑄘𑄳𑄆𑄨𑄚𑄬 𑄉𑄧𑄛𑄴 𑄟𑄢𑄨𑄚𑄬 𑄑𑄮𑄉𑄬 𑄇𑄬𑄚𑄬 𑄍𑄢𑄨𑄟𑄴 ।,Future
নিজে করলে দুঃখ পাওা,𑄚𑄨𑄎𑄬 𑄉𑄧𑄣𑄴𑄬 𑄘𑄪𑄊𑄴 𑄛𑄬𑄭 𑄞𑄢𑄨,Present
পিা করলে ভালো লাগে,𑄛𑄮𑄢𑄨𑄠𑄬 𑄉𑄧𑄣𑄴𑄬 𑄃𑄪𑄎𑄴𑄧 𑄛𑄬𑄭,Present
নিজের দুঃখগুলো চিন্তা করে অন্যের দুঃখগুলো কিছুই নেই,𑄚𑄨𑄎𑄧 𑄘𑄪𑄇𑄴𑄇𑄚𑄨 𑄘𑄪𑄊𑄴 𑄞𑄝𑄨 𑄛𑄧𑄢𑄧 𑄘𑄪𑄇𑄴𑄇𑄚𑄨 𑄇𑄨𑄌𑄴𑄪 𑄚𑄬𑄭 ।,Present
নিজের সুখগুলো কিছুই না অন্যের সুখগুলো বেে দেখি,𑄚𑄨𑄎𑄧 𑄥𑄪𑄇𑄴𑄇𑄚𑄨 𑄇𑄨𑄌𑄴𑄪 𑄚𑄧𑄠𑄴 𑄛𑄧𑄢𑄧 𑄥𑄪𑄇𑄴𑄇𑄚𑄨 𑄝𑄬𑄎𑄴 𑄘𑄬𑄊𑄨,Present
পার ভাই-বোনেরা কম দেখে,𑄛𑄧𑄢𑄧 𑄞𑄇𑄴𑄳𑄠𑄧 𑄃𑄪𑄚𑄴𑄎𑄪𑄢𑄴 𑄝𑄬𑄎𑄴 𑄚𑄨𑄎𑄧 𑄞𑄇𑄴𑄇𑄳𑄠𑄧 𑄇𑄧𑄟𑄴 𑄘𑄬𑄊𑄨 ।,Present
এখানে থাকলে কার লাভ হ কে জানে,𑄃𑄨𑄙𑄮𑄖𑄴 𑄚𑄧 𑄗𑄠𑄴 𑄇𑄢𑄧 𑄦𑄬𑄎𑄣𑄴 𑄇𑄖𑄴𑄗𑄪𑄚𑄴 𑄦𑄮𑄠𑄳𑄆𑄬 𑄇𑄨,Present
নিজের ভুিটা পুরে ফেললে তাকে বিে করে,𑄚𑄨𑄎𑄧 𑄞𑄪𑄘𑄨𑄝𑄮 𑄛𑄪𑄢𑄬 𑄛𑄣𑄴𑄬 𑄥𑄨𑄝𑄬𑄢𑄬 𑄝𑄚𑄬𑄭 𑄜𑄨 ।,Present
ভালো কাজ করে মনটা দেখতে সুন্দর,𑄞𑄣𑄬𑄘𑄨 𑄇𑄟𑄧𑄖𑄴 𑄜𑄣𑄴 𑄘𑄨 𑄃𑄪𑄎𑄬𑄭 𑄟𑄧𑄚𑄚𑄴 𑄘𑄬𑄊𑄬𑄭 𑄘𑄮𑄣𑄴,Present
কাজ করতে করতে কোথা যাওা যা জানিনা,𑄇𑄟𑄴𑄃𑄢𑄬𑄚𑄬 𑄇𑄪𑄘𑄴𑄪𑄢𑄴 𑄡𑄬𑄣𑄬 𑄝𑄎𑄬𑄭 𑄚𑄚𑄚𑄴 𑄎𑄮𑄣𑄴 ।,Present
তরকারিটা নিজের আলুটা যে দুই ভাগ ভেঙে যাবে,𑄇𑄪𑄢𑄳𑄣𑄨 𑄝𑄚𑄳𑄣 𑄚𑄨𑄎𑄧 𑄃𑄣𑄪𑄝𑄮 𑄡𑄨𑄠𑄬𑄚𑄴 𑄡𑄬𑄝𑄧 𑄡𑄮𑄇𑄴 𑄞𑄋𑄨,Future
.না দেখে সেখানে যেগুলো আছে সেগুলো ভালো করে কাটার আছে।,𑄚𑄧 𑄌𑄳𑄆𑄬 𑄥𑄨𑄃𑄧𑄖𑄴 𑄡𑄬𑄝𑄧𑄚𑄨 𑄇𑄧𑄚𑄧 𑄞𑄣𑄬𑄘𑄨 𑄇𑄟𑄚𑄴 𑄃𑄋𑄳𑄦𑄨 ।,Present
.কথা কথা না বলে চুপিসারে চলে যা,𑄇𑄮𑄙 𑄃𑄳𑄆𑄨𑄚𑄬 𑄇𑄮𑄙 𑄚𑄧 𑄢𑄊𑄬𑄭 𑄜𑄎 𑄉𑄮𑄢𑄳𑄦𑄨 𑄎𑄪𑄘𑄧,Present
আজকে দিনে পাহাে পাহাে মনের ইচ্ছা পূরণ করে,𑄃𑄎 𑄘𑄨𑄚𑄬 𑄛𑄎 𑄟𑄢𑄨 𑄟𑄧𑄚𑄴 𑄉𑄮𑄢𑄳𑄦𑄨 𑄘𑄨 𑄌𑄪𑄙𑄧 ।,Present
ভালো নেে শুধু বোই করে,𑄉𑄧𑄟𑄴 𑄇𑄮𑄣𑄳𑄆𑄬𑄘𑄬 𑄎𑄧𑄘𑄧𑄝𑄧𑄘𑄬 𑄃𑄢𑄧 𑄝𑄪𑄏𑄨𑄠𑄬 𑄈𑄮𑄣𑄳𑄆𑄬𑄘𑄬𑄃𑄮 𑄝𑄬𑄎𑄴 𑄉𑄮𑄢𑄳𑄦𑄨,Present
.বিালের চেে নাগর দোলাই না এরকম হ,𑄝𑄢𑄴𑄝𑄳𑄠𑄧 𑄌𑄬𑄘𑄳𑄆𑄬 𑄚𑄉𑄧𑄢𑄴 𑄔𑄣𑄨 𑄚𑄧𑄠𑄴𑄘𑄳𑄠 𑄃𑄨𑄠𑄬𑄚𑄴𑄃𑄮 𑄦𑄧𑄠𑄴 𑄉𑄮𑄢𑄳𑄦𑄨 ।,Present
একটু একটু পারা যা না বলে গালি মারে,𑄃𑄬𑄇𑄴𑄇 𑄃𑄬𑄇𑄴𑄇 𑄛𑄢𑄨 𑄚𑄧 𑄛𑄢𑄨 𑄉𑄧𑄛𑄴 𑄟𑄢𑄨𑄘𑄳𑄆𑄬 𑄖𑄣𑄴,Present
আরও একটু বেস পেলে তো ভালো হে থাকে,𑄃𑄢𑄧 𑄃𑄬𑄇𑄴𑄇 𑄝𑄬𑄎𑄴 𑄛𑄣𑄴𑄬 𑄘𑄧 𑄘𑄟𑄨 𑄦𑄳𑄆𑄮 𑄗𑄳𑄆𑄬 𑄝𑄬𑄦𑄣𑄴 ।,Present
.মেেটি একটু সুযোগ পেলে,𑄟𑄚𑄨 𑄈𑄪𑄣𑄬𑄭 𑄎𑄧𑄘𑄧𑄝𑄧𑄘𑄬 𑄃𑄬𑄇𑄴𑄇 𑄎𑄪 𑄛𑄬𑄣𑄬,Past
.মেেটা চেে গিে সেখানে চে পেলে,𑄟𑄪𑄢𑄪𑄝𑄴𑄨 𑄌𑄬𑄘𑄬𑄭 𑄉𑄬𑄎 𑄟𑄢𑄨 𑄥𑄨𑄃𑄧𑄖𑄴 𑄌𑄬𑄢𑄴 𑄛𑄬𑄣𑄬 ।,Past
নিজের ছবি না দেখে অন্যের ছবি উঠতেছে,𑄚𑄨𑄎𑄧 𑄜𑄬𑄎𑄚𑄨 𑄚𑄧 𑄘𑄬𑄊𑄨 𑄛𑄧𑄢𑄧 𑄜𑄬𑄎𑄚𑄨 𑄣𑄳𑄆𑄮,Present
বাি ঘুরতে ঘুরতে মাটিটা ফেনা হ,𑄊𑄧𑄢𑄴 𑄝𑄬𑄢𑄳𑄆𑄬𑄚𑄬 𑄇𑄪𑄖𑄴𑄪𑄢𑄨 𑄟𑄘𑄨 𑄟𑄪𑄃𑄚𑄴 𑄜𑄬𑄚 𑄦𑄳𑄆𑄮 ।,Present
সে বাি থেকে উঠে আরেকটা বািতে যাওা যা,𑄥𑄬 𑄊𑄧𑄢𑄧𑄖𑄴𑄗𑄪𑄚𑄴 𑄃𑄪𑄙𑄨 𑄃𑄳𑄆𑄬𑄚𑄬 𑄃𑄢𑄧 𑄃𑄬𑄇𑄴𑄇𑄚𑄴 𑄊𑄧𑄢𑄧𑄖𑄴 𑄡𑄳𑄆𑄬,Present
কুত্তির মাটি তাকে আর মিষ্টি করে,𑄇𑄪𑄖𑄴𑄪𑄢𑄨 𑄟𑄘𑄨 𑄥𑄨𑄝𑄬𑄢𑄬 𑄃𑄢𑄧 𑄟𑄨𑄙𑄬 𑄉𑄮𑄢𑄳𑄦𑄨𑄚𑄳𑄆𑄬 ।,Present
কোন দিন না বলে নিজের কথা গুলো মুখে পে,𑄇𑄧𑄚𑄧 𑄘𑄨𑄚𑄴 𑄚𑄧 𑄇𑄳𑄆𑄮 𑄚𑄨𑄎𑄧 𑄇𑄮𑄙𑄚𑄨 𑄟𑄳𑄆𑄪 𑄇𑄧𑄖𑄴𑄧𑄟𑄚𑄴 𑄛𑄎𑄨,Present
মিষ্টি করে কাকে খাওার সম সুন্দর করে আছে,𑄟𑄨𑄙𑄬 𑄉𑄮𑄢𑄳𑄦𑄨 𑄇𑄢𑄬 𑄈𑄋𑄧𑄢𑄴 𑄘𑄮𑄣𑄴 𑄉𑄮𑄢𑄳𑄦𑄨𑄚𑄬 𑄃𑄏𑄨 ।,Present
.নিজের দোষ অন্যের সাথে তুলনা করে ভালো করে দেখা যা,𑄚𑄨𑄎𑄧 𑄘𑄪𑄌𑄴𑄥𑄚𑄨 𑄛𑄧𑄢𑄧𑄢𑄬 𑄘𑄳𑄆𑄨𑄚𑄬 𑄥𑄙𑄪 𑄈𑄮𑄣𑄬𑄝𑄢𑄴 𑄌𑄳𑄆𑄬,Present
মিষ্টি কথা ধরা পলেও শক্ত করে থাকে,𑄟𑄨𑄎𑄬 𑄇𑄮𑄙𑄖𑄴 𑄙𑄧𑄢 𑄛𑄧𑄣𑄴𑄬𑄃𑄮 𑄘𑄘𑄧 𑄉𑄮𑄢𑄳𑄦𑄨 𑄗𑄳𑄆𑄬 ।,Present
দোষগুলো দেখলে তাকে খারাপ লাগে,𑄘𑄪𑄌𑄴𑄌𑄚𑄨 𑄇𑄨𑄃𑄳𑄆𑄮 𑄘𑄬𑄊𑄬 𑄘𑄨𑄣𑄬 𑄥𑄨𑄝𑄬𑄢𑄬 𑄝𑄬𑄎𑄢𑄴 𑄦𑄳𑄆𑄮,Present
কোজা বাঁশে সাত নাল সুতা দিে ছিঁেছে,𑄇𑄮𑄎𑄴𑄳𑄠 𑄝𑄎𑄳𑄠𑄬 𑄥𑄖𑄴 𑄚𑄣𑄴 𑄥𑄪𑄘𑄧 𑄖𑄣𑄴𑄳𑄆𑄮 𑄍𑄨𑄚𑄨 𑄣𑄳𑄆𑄮 ।,Present
বছর ছা মাস যা না আর ভালো করে মিশে,𑄝𑄧𑄎𑄧𑄢𑄴 𑄍𑄧 𑄟𑄥𑄴 𑄡𑄘𑄬 𑄚𑄧 𑄡𑄘𑄬 𑄃𑄢𑄧 𑄘𑄮𑄣𑄬 𑄟𑄨𑄣𑄨,Present
.কোচপাপি হে আর ভালো করে পাছা লিে দিে দিল,𑄇𑄮𑄌𑄴 𑄛𑄛𑄨 𑄦𑄳𑄆𑄮 𑄃𑄢𑄧 𑄘𑄮𑄣𑄬 𑄛𑄪𑄚𑄴 𑄣𑄨𑄠𑄳𑄆𑄬 𑄘𑄳𑄠𑄘𑄨 𑄉𑄮𑄢𑄳𑄦𑄨 ।,Past
.গবাদিপশু পেলে হ মিষ্টি খাওা,𑄝𑄬𑄢𑄚 𑄃 𑄉𑄧𑄛𑄴𑄛𑄚𑄨 𑄛𑄬𑄣𑄬 𑄦𑄧𑄠𑄴 𑄟𑄨𑄙𑄬 𑄈𑄪𑄟𑄴,Present
এখানে না উঠে ভাত পানি এখানে না উঠে,𑄃𑄨𑄙𑄮𑄖𑄴 𑄚𑄧 𑄃𑄪𑄘𑄬 𑄞𑄖𑄴 𑄛𑄚𑄨 𑄃𑄨𑄙𑄮𑄖𑄴 𑄚𑄧 𑄃𑄪𑄘𑄬 𑄊𑄪𑄟𑄴 ।,Present
রঙ্গ তামাশা পেলে তো আর কথা নেই,𑄢𑄧𑄋𑄴𑄉𑄧𑄃𑄚𑄨 𑄛𑄬𑄣𑄬 𑄘𑄧 𑄃𑄢𑄴 𑄇𑄮𑄙 𑄚𑄬𑄭,Present
.উবোল লাফ দিে হাত দিে বািটা আর দেখা যা না,𑄃𑄪𑄝𑄮𑄣𑄴 𑄜𑄣𑄴 𑄦𑄳𑄆𑄮𑄚𑄬 𑄦𑄙 𑄙𑄮𑄢𑄨 𑄊𑄧𑄢𑄧 𑄈𑄨𑄖𑄴𑄬 𑄃𑄢𑄴 𑄚𑄧 𑄌𑄳𑄆𑄬 ।,Present
কাজে অবহেলা করে অন্যের কাজ আর পর কাজ,𑄇𑄟𑄧𑄖𑄴 𑄉𑄮𑄢𑄳𑄦𑄨 𑄌𑄮𑄃𑄮𑄣𑄨 𑄇𑄨 𑄚𑄨𑄎𑄧 𑄇𑄟𑄴 𑄃𑄢𑄴 𑄛𑄧𑄢𑄧 𑄇𑄟𑄴,Present
.পাহাের নিচে বেশি ময়লা দেখে মাথা থেকে ঘাম বের হ না,𑄛𑄬𑄝𑄢𑄴 𑄃𑄧𑄇𑄴𑄖𑄧𑄖𑄴 𑄝𑄬𑄎𑄴 𑄌𑄳𑄆𑄬 𑄟𑄖𑄴𑄧𑄢𑄴 𑄚𑄧 𑄜𑄬𑄣𑄬𑄭𑄚𑄬 𑄊𑄟𑄴 ।,Present
জুা খেলা এবং মদের বদল দুইজনে পেেছে,𑄎𑄪 𑄈𑄬𑄢 𑄃𑄢𑄴 𑄟𑄧𑄘𑄴 𑄝𑄧𑄘𑄧𑄣𑄴𑄳𑄠𑄧 𑄡𑄪𑄚𑄨 𑄟𑄧𑄢𑄧𑄖𑄴𑄪𑄚𑄬 𑄛𑄳𑄆𑄬,Present
"এখন, সঙরাটা কুমাটা যা না","𑄥𑄬𑄇𑄴𑄬, 𑄥𑄧𑄋𑄴𑄥𑄢𑄚𑄴 𑄇𑄪𑄚𑄴𑄘𑄨 𑄞𑄏𑄨 𑄡𑄢𑄴 𑄇𑄨𑄌𑄴𑄪 𑄟𑄳𑄣𑄳𑄠𑄙𑄴 𑄚𑄧 𑄛𑄳𑄆𑄬",Present
দোকানে বলে উঠার সম না দেখে দিন কাটানো শেষ,𑄘𑄮𑄃𑄚𑄧𑄖𑄴 𑄝𑄧𑄣𑄬 𑄃𑄪𑄖𑄴𑄗𑄧𑄋𑄴 𑄚𑄧 𑄌𑄳𑄆𑄬 𑄘𑄨𑄚𑄴𑄧 𑄉𑄮𑄢𑄳𑄦𑄨 𑄗𑄪𑄟𑄴,Present
কোন কাজে নেই গিে গিে খুন,𑄇𑄧𑄚𑄧 𑄇𑄟𑄧𑄖𑄴 𑄚𑄬𑄭 𑄉𑄮𑄢𑄳𑄦𑄨 𑄑𑄬𑄋𑄃𑄪𑄚𑄴 𑄉𑄮𑄢𑄳𑄦𑄨 𑄈𑄪𑄚𑄴 ।,Present
এক টাকা কাজ করে দুই টাকা খেে ঘর পরিষ্কার করে,𑄃𑄬𑄇𑄴 𑄑𑄬𑄋 𑄇𑄟𑄳𑄆𑄬 𑄘𑄨 𑄑𑄬𑄋 𑄈𑄳𑄆𑄬 𑄉𑄮𑄢𑄳𑄦𑄨 𑄊𑄧𑄢𑄧 𑄌𑄨𑄘𑄬,Present
.স্বামী-স্ত্রী মিলে সংসার করে,𑄚𑄬𑄉𑄬 𑄟𑄮𑄉𑄬 𑄇𑄮𑄎𑄴𑄳𑄠 𑄝𑄎𑄳𑄆𑄬 𑄥𑄧𑄁𑄥𑄢𑄚𑄴 𑄉𑄮𑄢𑄳𑄦𑄨 𑄖𑄨𑄙𑄬 ।,Present
আরও কেকটা ছেঁা আছে বলে কিছু নেই,𑄃𑄢𑄧 𑄇𑄧𑄙𑄧𑄇𑄴 𑄜𑄎 𑄃𑄊𑄬 𑄇𑄳𑄆𑄮 𑄛𑄪𑄢𑄬𑄝𑄢𑄴 𑄚𑄧𑄠𑄴,Present
এত ঘুরাফেরা করলে কোনো ভালো হ না,𑄃𑄬𑄙𑄨𑄇𑄴𑄳𑄠𑄚𑄴 𑄜𑄎 𑄎𑄘𑄧𑄘𑄴 𑄗𑄬𑄣𑄬 𑄇𑄧𑄚𑄧 𑄞𑄣𑄬𑄘𑄴 𑄦𑄧𑄠𑄴!,Present
মলা দিে খবর পাওা,𑄟𑄳𑄣𑄳𑄠𑄙𑄴 = 𑄈𑄧𑄝𑄧𑄢𑄴 𑄛𑄚,Present
আমাদের ভ্রাতৃবধু,𑄃𑄟 𑄎𑄪𑄟𑄴𑄧𑄃𑄪𑄚𑄬,Present
আমাদের জুমগুলো কাত হেছে,𑄃𑄟 𑄎𑄪𑄟𑄴𑄧𑄃𑄪𑄚𑄬 𑄇𑄖𑄴 𑄦𑄳𑄆𑄮𑄚𑄬,Present
পাহাের বো,𑄛𑄬𑄣𑄧𑄋𑄴 𑄝𑄕 𑄝𑄢𑄳𑄦𑄚𑄴-,Present
এক জাতী প্রেত,𑄃𑄨𑄁𑄉𑄢𑄴 𑄃𑄢𑄧 𑄛𑄳𑄢𑄬𑄖𑄴,Present
নালার পানি নালা দিে হেঁটে যাওা,𑄚𑄧 𑄣𑄮𑄢𑄴 𑄇𑄨𑄃𑄳𑄆𑄮 𑄦𑄃𑄮𑄎𑄴 𑄉𑄮𑄢𑄳𑄦𑄨,Present
গিমসি মাথা পে,𑄉𑄮𑄞𑄨𑄚𑄴 𑄟𑄪𑄢𑄧𑄖𑄴 𑄓𑄪𑄝𑄨,Present
.আমরা কোথা আছি,𑄇𑄮𑄚𑄴𑄚 𑄃𑄟𑄨 𑄇𑄪𑄙𑄪 𑄃𑄊𑄨,Present
কোথা যাবো জানিনা,𑄇𑄪𑄙𑄪 𑄡𑄬𑄝𑄧𑄋𑄴 𑄇𑄨 𑄉𑄮𑄢𑄳𑄦𑄨𑄝𑄧𑄋𑄴,Future
আমাদের কাজ কি,𑄃𑄟 𑄇𑄟𑄚𑄴 𑄇𑄨-,Present
কি ভালো হেছে- কিছুক্ষণ পর পর,𑄇𑄨 𑄣𑄉𑄴 𑄦𑄮𑄠𑄳𑄠- 𑄇𑄨𑄇𑄴𑄬𑄚𑄴 𑄉𑄮𑄢𑄳𑄦𑄨,Present
. মানে খুলেই থাকে তুরি,𑄟𑄚𑄳𑄆𑄬 𑄈𑄮𑄣𑄳𑄆𑄬 𑄗𑄳𑄆𑄬𑄚𑄬 𑄖𑄪𑄢𑄨,Present
কত জাগা আমার,𑄇𑄧𑄝𑄧𑄋𑄴 𑄎𑄉𑄚𑄴 𑄃𑄟𑄢𑄴-,Present
কোন কাম আর কোন আপ্যান,𑄇𑄧𑄚𑄴 𑄇𑄟𑄚𑄴 𑄃𑄢𑄴 𑄇𑄧𑄚𑄴 𑄃𑄇𑄴𑄧𑄣𑄚𑄴,Present
গাগি হে গেল,𑄉𑄧𑄢𑄧𑄎𑄴 𑄦𑄮𑄠𑄳𑄠 𑄝𑄬𑄎𑄴-,Past
কী আমরা সারাদিন ফেলে রাখি,𑄇𑄪𑄝𑄮𑄚𑄴 𑄃𑄟𑄨 𑄘𑄨𑄝𑄧𑄋𑄴 𑄜𑄬𑄣𑄬,Present
কোথা যাবো,𑄇𑄪𑄝𑄮𑄚𑄴 𑄣𑄧𑄝𑄧𑄋𑄴 𑄇𑄪𑄢𑄳𑄆𑄬,Future
সুন্দর করে ছাা,𑄘𑄮𑄣𑄴 𑄉𑄮𑄢𑄨𑄚𑄬 𑄍𑄉𑄨 !,Present
বোই করে আমরা কামরা বসি,𑄝𑄬 𑄣𑄳𑄆𑄮 𑄃𑄟𑄨 𑄇𑄪𑄛𑄧𑄖𑄴𑄗𑄚𑄴,Present
চঞ্চল হেছে দুইজনে,𑄌𑄨𑄣𑄴𑄳𑄠 𑄦𑄧𑄣𑄧𑄋𑄴 𑄎𑄧𑄚𑄬 𑄎𑄧𑄚𑄬,Present
ব ব নদী,𑄦𑄧𑄣𑄧𑄋𑄴 𑄝𑄕 𑄎𑄘𑄧𑄃𑄨𑄘𑄪 𑄉𑄋𑄳𑄦𑄧𑄢𑄴,Present
"কথা, কথা বলা","𑄝𑄪𑄣𑄨, 𑄥𑄬𑄙𑄟𑄴 𑄝𑄧𑄣-",Present
নিজের গোা নিজে মুি,𑄚𑄨𑄎𑄧 𑄉𑄮𑄘𑄴𑄧𑄚 𑄚𑄨𑄎𑄬 𑄟𑄪𑄣𑄨,Present
এক জাতী গোা,𑄣𑄮-𑄦𑄬𑄢 𑄈𑄈𑄨 𑄉𑄮𑄢𑄳𑄦𑄨,Present
নিজের চামা নিজে নিে যাওা,𑄚𑄨𑄎𑄧 𑄌𑄳𑄦𑄢 𑄚𑄨𑄎𑄬 𑄣𑄪𑄉𑄬𑄝𑄢𑄴,Present
যেখানে সেখানে,𑄎𑄨𑄘𑄴𑄝𑄘𑄴 𑄙𑄪𑄢𑄨 𑄚𑄨𑄎𑄧𑄣𑄴𑄳𑄆𑄮,Present
নিজের ঘর থেকে বের হওা,𑄚𑄨𑄎𑄧 𑄞𑄨𑄙𑄬𑄖𑄴𑄪𑄚𑄴 𑄚𑄨𑄎𑄧𑄢𑄬,Present
.আবোল তাবোল চিন্তা,𑄃𑄏-𑄥𑄧𑄝𑄧𑄚𑄴 𑄟𑄧𑄚𑄧𑄝𑄧𑄣𑄴,Present
শক্তি ও ধনবল,𑄎𑄧𑄚𑄧𑄝𑄧𑄣𑄴 𑄃𑄢𑄴 𑄙𑄧𑄚𑄧𑄝𑄧𑄣𑄴,Present
সেখান থেকে ব ব জলাশ সব,𑄥𑄨𑄖𑄴𑄪𑄚𑄴 𑄘𑄋𑄳𑄦𑄧𑄢𑄴 𑄎𑄱𑄙𑄝𑄧𑄣𑄴 𑄝𑄬𑄇𑄴,Present
ভাঙার জন্য এখন আমরা চওা থেকে বের হেছি,𑄞𑄋𑄨𑄚𑄳𑄆𑄬 𑄃𑄨𑄇𑄴𑄬 𑄃𑄟𑄨 𑄌𑄨𑄃𑄮𑄚𑄧𑄖𑄴𑄪𑄚𑄴,Present
ছোট ছোট চামা লুকিে আছে এমন,𑄌𑄨𑄃𑄮𑄚𑄴 𑄦𑄳𑄆𑄮 𑄌𑄳𑄦𑄢 𑄣𑄪𑄉𑄨𑄝𑄢𑄴 𑄙𑄪𑄢𑄴𑄝𑄮𑄖 𑄴𑄡𑄳𑄆𑄬,Present
সুন্দর করে দাঁড়িয়ে আছি,𑄘𑄮𑄣𑄴 𑄉𑄮𑄢𑄳𑄦𑄨𑄚𑄬 𑄗𑄨𑄠𑄬𑄣𑄧𑄋𑄴 ।,Present
এখন শুধু আমার,𑄦𑄧𑄣𑄧 𑄝𑄕 𑄃𑄨𑄇𑄴𑄬 𑄃𑄟𑄢𑄴-,Present
কাপটা কোন ব হবে,𑄇𑄖𑄴𑄪𑄚𑄴 𑄇𑄮𑄚𑄴𑄚 𑄘𑄋𑄳𑄦𑄧𑄢𑄴 𑄦𑄧𑄝𑄧𑄋𑄴,Future
ধনের কলসির সামনে থাকবো,𑄙𑄧𑄚𑄧 𑄇𑄪𑄢𑄧𑄖𑄴 𑄥𑄪𑄊𑄧𑄖𑄴 𑄗𑄬𑄝𑄧𑄋𑄴,Future
তালা তালা ঘর তুলবো সে,"𑄖𑄣 𑄖𑄣 𑄊𑄧𑄢𑄴 𑄖𑄪𑄣𑄨𑄝𑄧𑄋𑄴, 𑄥𑄬",Future
"ছেঁা কথা,বাবে-বো,মা","𑄌𑄨𑄘𑄬𑄣𑄳𑄆𑄮 𑄎𑄘𑄧 𑄇𑄮𑄙, 𑄝𑄝𑄴-𑄞𑄳𑄆𑄬, 𑄟-",Present
ভাই-বোনের কথাগুলো সব গুো করল,𑄝𑄮𑄚𑄴 𑄘𑄬𑄏𑄧𑄢𑄴 𑄇𑄮𑄙 𑄝𑄬𑄇𑄴𑄇𑄚𑄨 𑄗𑄧𑄣𑄧𑄋𑄴,Past
"গাে, গাে",𑄉𑄢𑄬-,Present
সূর্যটাকে একদম নিজের মতো করে দেখতেছি,𑄥𑄪𑄖𑄴𑄗𑄪𑄢𑄴𑄝𑄮𑄢𑄬 𑄥𑄧𑄙𑄧𑄢𑄴 𑄉𑄮𑄢𑄳𑄦𑄨 𑄚𑄨𑄎𑄧 𑄎𑄖𑄴𑄳𑄠𑄧 𑄉𑄮𑄢𑄳𑄦𑄨𑄢𑄴 𑄛𑄧𑄢𑄴,Present
ভূতে ভে,𑄞𑄪𑄙𑄨𑄝𑄮𑄣𑄴𑄳𑄆𑄧 𑄞𑄨𑄣𑄨 ।,Present
"কখন,কাঁকা খেে, পোা খেে","𑄡𑄬𑄇𑄴𑄬, 𑄇𑄝 𑄈𑄳𑄆𑄬𑄚𑄬, 𑄛𑄮𑄢 𑄈𑄳𑄆𑄬𑄚𑄬-",Present
বাির দরজা বন্ধ হেছে,𑄊𑄧𑄢𑄴 𑄘𑄮𑄢𑄴 𑄦𑄢 𑄦𑄳𑄆𑄮𑄚𑄬,Present
হে যাওা,𑄦𑄧𑄝𑄧𑄋𑄴 𑄍𑄢𑄚𑄘-,Present
.সে কিছুক্ষণ পর পর পিছন ফিরে তাকা,𑄥𑄬𑄇𑄴𑄬 𑄖𑄬 𑄦𑄳𑄆𑄮 𑄘𑄨𑄇𑄴 𑄇𑄝𑄪𑄣𑄧,Present
কি করবো- কোথা যাবো,𑄇𑄨 𑄉𑄮𑄢𑄳𑄦𑄨𑄝𑄧𑄋𑄴- 𑄇𑄪𑄙𑄪 𑄡𑄬𑄝𑄧𑄋𑄴,Future
কোথা থাকবো জানিনা,𑄇𑄪𑄙𑄪 𑄗𑄬𑄝𑄧𑄋𑄴-𑄇𑄨 𑄈𑄬𑄝𑄧𑄋𑄴 𑄃𑄚𑄴𑄘𑄢𑄴,Future
দেখে সবগুলো,𑄘𑄬𑄊𑄨 𑄝𑄬𑄇𑄴𑄇𑄚𑄴 ।,Present
এই মুহুর্তে সে ফিরে,𑄃𑄬 𑄥𑄬𑄇𑄴𑄬 𑄖𑄬 𑄥𑄧𑄘𑄴 𑄜𑄨𑄢𑄨,Present
রাগ দেখে মার মারে,𑄢𑄉𑄴 𑄘𑄬𑄊𑄳𑄆𑄬𑄚𑄬 𑄉𑄧𑄋𑄴 𑄟𑄢𑄨,Present
জোার পাতা দিে হেঁটে যাওা,𑄎𑄮𑄠𑄢𑄴 𑄛𑄖𑄴𑄧𑄋𑄴 𑄌𑄳𑄆𑄬,Present
.সেটা শেষ হলে আবার হ,𑄥𑄨𑄠𑄬𑄚𑄴 𑄜𑄪𑄢𑄬𑄬𑄣𑄬 𑄃𑄢𑄧 𑄦𑄧𑄙𑄧𑄖𑄴,Present
যে ফিরে আসে পথে,𑄡𑄬𑄠𑄳𑄠𑄳𑄆𑄧 𑄜𑄨𑄢𑄨 𑄃𑄥𑄧 𑄛𑄧𑄘𑄧𑄖𑄴,Present
নিজের পথ নিজের পথ,𑄚𑄨𑄎𑄧 𑄛𑄧𑄖𑄴𑄗𑄚𑄴 𑄚𑄨𑄎𑄧 𑄘𑄧𑄇𑄴𑄇𑄚𑄴,Present
এক আসতে আর ভালো,𑄃𑄬𑄇𑄴 𑄃𑄬𑄉𑄬𑄟𑄬 𑄃𑄢𑄧 𑄘𑄮𑄣𑄬,Present
ভ পাে পে,𑄘𑄧𑄢𑄳𑄦𑄧 𑄉𑄮𑄢𑄳𑄦𑄨 𑄙𑄪𑄢𑄨 ।,Present
কোন ধোঁা যাইনি আমরা,𑄇𑄧𑄚𑄴 𑄙𑄮𑄇𑄴𑄳𑄠𑄚𑄴 𑄎𑄘𑄴 𑄦𑄧𑄣𑄧𑄋𑄴 𑄃𑄟𑄨,Past
কি সিকনিে হেছে কে জানে,𑄇𑄨 𑄥𑄨𑄊𑄨𑄚𑄳𑄆𑄬 𑄦𑄧𑄣𑄧𑄋𑄴 𑄇𑄖𑄴,Present
বছর আমরা বেশি দেখতেছি,𑄥𑄣𑄬𑄚𑄴 𑄃𑄟𑄨 𑄦𑄧𑄙𑄧𑄋𑄴 𑄌𑄳𑄦𑄬𑄢𑄴,Present
".তাত = সেটা,লবনাক্ত,ভ - ভাগ","𑄖𑄖𑄴 = 𑄥𑄨𑄇𑄴𑄈𑄨𑄖𑄧, 𑄣𑄉𑄴 = 𑄘𑄧𑄢𑄴𑄇𑄢𑄴 (𑄛𑄳𑄢𑄧𑄠𑄮𑄎𑄧𑄚𑄴) 𑄌𑄨𑄣𑄴𑄳𑄠 = 𑄞𑄉𑄴",Present
না থাকে আর,𑄚𑄧 𑄗𑄮𑄇𑄴 𑄃𑄢𑄴,Present
ভে আমরা সবাই চুপ করে থাকা ভালো,𑄉𑄧𑄟𑄚𑄴 𑄃𑄟𑄨 𑄝𑄬𑄇𑄴𑄪𑄚𑄬 𑄖𑄮𑄉𑄳𑄆𑄬 𑄈𑄮𑄣𑄳𑄆𑄬 𑄚𑄨𑄎𑄬𑄃𑄮 𑄉𑄧𑄟𑄴,Present
আগে আমরা ভালো করে দেখলে সবাই খুশি,𑄃𑄘𑄧𑄘𑄬 𑄃𑄟𑄨 𑄘𑄮𑄣𑄬 𑄌𑄬𑄣𑄬 𑄝𑄬𑄇𑄴𑄪𑄚𑄴 𑄛𑄎𑄨 𑄟𑄧𑄚𑄴 ।,Present
"হিংসা,রিা, প্রেত থাকলে আবার কুলি-পালিে থাকে","𑄦𑄨𑄁𑄥𑄬, 𑄢𑄨𑄥𑄴𑄳𑄠𑄧, 𑄛𑄳𑄢𑄬𑄖𑄴 𑄗𑄬𑄣𑄬 𑄗𑄬𑄣𑄬 𑄃𑄢𑄧 𑄇𑄪𑄣𑄨-𑄙𑄬𑄋𑄴",Present
.থাকলে আবার রাগ করে হাত দিে দৌা,𑄗𑄬𑄣𑄬 𑄃𑄢𑄧 𑄢𑄉𑄴 𑄇𑄪𑄖𑄴𑄪𑄢𑄨 𑄖𑄮𑄇𑄴𑄨-𑄚𑄮𑄇𑄴𑄨 𑄦𑄘𑄴-𑄒𑄬𑄋𑄴,Present
"বোই-চো, আমার সাথে কথা না বলে চুরি করে","𑄝𑄢𑄴𑄝𑄮-𑄌𑄬𑄘𑄬𑄠𑄳𑄠, 𑄟𑄘𑄧𑄋𑄴 𑄚𑄧 𑄟𑄘𑄧𑄋𑄴 𑄣𑄪𑄌𑄴𑄳𑄠𑄧 𑄃𑄢𑄧 𑄌𑄪𑄢𑄴",Present
সে সাথে থাকলে সাথে সাথে অন্যান্য কাজ করে,𑄥𑄬 𑄣𑄧𑄉𑄬 𑄗𑄬𑄣𑄬 𑄡𑄪𑄚𑄨 𑄃𑄢𑄧 𑄚𑄚𑄚𑄴 𑄝𑄝𑄧𑄖𑄴𑄳𑄠 𑄈𑄪𑄢𑄴,Present
.সেগুলো থাকলে কি সেই মনটা আরও ভালো?,𑄥𑄨𑄠𑄬𑄚𑄨 𑄗𑄬𑄣𑄬 𑄦𑄳𑄆𑄮 𑄛𑄢𑄬 𑄇𑄨 𑄥𑄬 𑄟𑄧𑄚𑄚𑄴 𑄃𑄢𑄴 𑄉𑄧𑄟𑄴 ?,Present
মনে হ সবগুলো আমার আছে আর কম,"𑄟𑄧𑄚𑄬 𑄉𑄧𑄢𑄧𑄋𑄴 𑄝𑄬𑄇𑄴𑄇𑄚𑄨 𑄃𑄟𑄢𑄴 𑄃𑄊𑄬 𑄝𑄬𑄎𑄴 𑄃𑄢𑄴 𑄇𑄧𑄟𑄴,",Present
সেখানে তো আমরা সবাই পালি,𑄥𑄨𑄚𑄪𑄖𑄴𑄳𑄠𑄳𑄆 𑄘𑄧 𑄃𑄬𑄥𑄴𑄳𑄠 𑄃𑄟𑄨 𑄦𑄮𑄠𑄳𑄆𑄬 𑄝𑄬𑄇𑄴𑄪𑄚𑄴 𑄛𑄎𑄨,Present
ভালো জিনিসপত্র পে সেগুলো সেখানে আছে,𑄉𑄧𑄟𑄴 𑄎𑄨𑄚𑄨𑄌𑄴𑄌𑄚𑄨 𑄛𑄮𑄎𑄬𑄚𑄳𑄆𑄬 𑄛𑄢𑄨 𑄘𑄨 𑄥𑄨𑄃𑄧𑄖𑄴 𑄃𑄏𑄨,Present
ভালো কাজ ভালো পথে হেছে,𑄉𑄧𑄟𑄴 𑄇𑄟𑄚𑄨 𑄉𑄮𑄢𑄳𑄦𑄨 𑄎𑄮𑄣𑄴 𑄉𑄧𑄟𑄴 𑄛𑄧𑄖𑄴𑄗𑄚𑄨𑄖𑄴 𑄦𑄮𑄠𑄳𑄠𑄳𑄆𑄧 𑄃𑄮𑄣𑄴,Present
সব গুি সুন্দর হেছে,𑄚𑄧 𑄛𑄢𑄨 𑄇𑄨𑄌𑄴𑄪 𑄉𑄮𑄢𑄳𑄦𑄨 𑄘𑄮𑄣𑄴 𑄦𑄮𑄠𑄳𑄠𑄳𑄆𑄧 𑄝𑄬𑄇𑄴𑄈𑄚𑄨 𑄃𑄮𑄣𑄮𑄏𑄮𑄣𑄴,Present
.কিছু শেষ করতে পারি না কিছু শেষ করতে পারি না,𑄚𑄧 𑄛𑄢𑄨 𑄇𑄨𑄌𑄴𑄪 𑄗𑄪𑄟𑄴 𑄉𑄮𑄢𑄳𑄦𑄨 𑄚𑄧 𑄛𑄢𑄨 𑄇𑄨𑄌𑄴𑄪 𑄚𑄋𑄴 𑄉𑄮𑄢𑄳𑄦𑄨,Present
ব হওার পরেও সবাই বুো হে যাচ্ছে,𑄘𑄋𑄳𑄦𑄧𑄢𑄴 𑄦𑄮𑄝𑄖𑄴𑄳𑄠𑄳𑄆 𑄌𑄳𑄆𑄬𑄚𑄬 𑄝𑄬𑄇𑄴𑄪𑄚𑄴 𑄎𑄃𑄮𑄣𑄪𑄇𑄴 𑄝𑄪𑄘𑄨 𑄟𑄪𑄢𑄨 ।,Present
কোথা আরও আছে আমি ভালো,𑄇𑄪𑄝𑄮𑄖𑄴 𑄃𑄢𑄴 𑄃𑄊𑄨 𑄃𑄟𑄨 𑄉𑄧𑄟𑄴 ?,Present
কোথা আরও আছে আমরা সুন্দর,𑄇𑄪𑄝𑄮𑄖𑄴 𑄃𑄢𑄴 𑄃𑄊𑄨 𑄃𑄟𑄨 𑄘𑄮𑄣𑄴 ?,Present
.নিজের থেকে একটুও সুন্দর নেই এমন বাচ্চা কেন?,𑄚𑄨𑄎𑄬 𑄃𑄬𑄇𑄴𑄇𑄃𑄮 𑄘𑄮𑄣𑄴 𑄚𑄳𑄆𑄬 𑄉𑄮𑄢𑄳𑄦𑄨 𑄇𑄨𑄖𑄴𑄳𑄆𑄬 𑄖𑄮𑄉𑄳𑄆𑄬 𑄉𑄧𑄟𑄴 𑄃𑄢𑄴 𑄘𑄮𑄣𑄴 ?,Present
সুন্দর করে পরিষ্কার করলে ভালো করে সেটা আছে,𑄘𑄮𑄣𑄴 𑄖𑄮𑄉𑄬𑄣𑄬 𑄉𑄧𑄟𑄴 𑄖𑄮𑄉𑄬𑄣𑄬 𑄥𑄨𑄠𑄬𑄚𑄴 𑄦𑄳𑄆𑄮 𑄃𑄊𑄬 𑄚𑄨𑄎𑄬,Present
.আমার চোখের পলক পতে হবে না হলে আমার চোখের পলক পে যাবে,𑄚𑄧 𑄦𑄧𑄣𑄬 𑄦𑄧𑄝𑄧 𑄇𑄧𑄚 𑄃𑄟𑄢𑄴 𑄌𑄮𑄊𑄴 𑄜𑄮𑄢𑄴 𑄛𑄮𑄢𑄳𑄆𑄬 𑄟𑄨𑄎𑄬 ;,Future
ভে যখন সব পরিষ্কার হ তখন সবার ভালো হ,𑄉𑄧𑄟𑄚𑄴 𑄡𑄬𑄇𑄴𑄬 𑄝𑄬𑄇𑄪𑄚𑄬 𑄖𑄮𑄉𑄳𑄆𑄬 𑄃𑄬𑄡𑄧 𑄝𑄬𑄇𑄴𑄪𑄚𑄴 𑄉𑄧𑄟𑄴 𑄦𑄳𑄆𑄮,Present
.পজ্জোন যতগুলো আছে মনে সবগুলো ফেলে রাখি,𑄛𑄧𑄎 𑄡𑄬𑄇𑄴𑄇𑄚𑄨 𑄃𑄊𑄬 𑄟𑄧𑄚𑄧𑄖𑄴 𑄝𑄬𑄇𑄴𑄇𑄚𑄨 𑄜𑄬𑄣𑄬 𑄗𑄳𑄆𑄮,Present
সুো হে সবাই সুন্দর হোক,𑄥𑄪𑄊𑄨 𑄦𑄳𑄆𑄮 𑄝𑄬𑄇𑄴𑄪𑄚𑄴 𑄃𑄟𑄨 𑄝𑄬𑄇𑄴𑄇𑄚𑄴 𑄦𑄮𑄇𑄴 𑄘𑄮𑄣𑄴,Present
না থাক আমার কোনো দুঃখ আর রেখো না,𑄚𑄧 𑄗𑄮𑄇𑄴 𑄃𑄟𑄢𑄴 𑄇𑄧𑄚𑄧 𑄘𑄪𑄊𑄴 𑄚𑄧 𑄗𑄮𑄇𑄴 𑄃𑄢𑄴 𑄇𑄧𑄚𑄧 𑄎𑄮𑄣𑄴 ।,Present
তাাতাি আর নাই,𑄗𑄃𑄮𑄠𑄳𑄠 𑄃𑄢𑄴 𑄚𑄬𑄠𑄳𑄠,Present
থাওাটা চাা না দিে বোই খেে,𑄗𑄃𑄮𑄠𑄳𑄠𑄝𑄮 𑄌𑄭𑄘𑄳𑄠 𑄚𑄬𑄠𑄳𑄦𑄳𑄠𑄝𑄮𑄖𑄴𑄪𑄚𑄴 𑄇𑄟𑄚𑄨 𑄝𑄬𑄎𑄴 𑄈𑄳𑄆𑄬𑄚𑄬,Present
.কেন যে বেশি পাহাি দিে কাজ করবে।,𑄇𑄬𑄚𑄬 𑄚𑄬𑄡𑄬𑄟𑄴 𑄇𑄧𑄟𑄴 𑄒𑄬𑄋𑄣𑄳𑄆𑄮 𑄇𑄟𑄚𑄴 𑄦𑄪𑄝𑄳𑄆𑄬𑄚𑄬 ।,Future
"দুঃখ কথা,রাদের কথা আর নানারকম কথা শুনে","𑄘𑄪𑄊𑄧 𑄇𑄮𑄙, 𑄢𑄘𑄧 𑄇𑄧𑄙 𑄃𑄢𑄧 𑄚𑄚𑄚𑄴 𑄇𑄮𑄙 𑄥𑄪𑄚𑄳𑄆𑄬",Present
প্রতারণা করে মন ভালো করে ভালো করে কাজ করে,𑄍𑄧𑄣𑄴 𑄙𑄪𑄢𑄨𑄚𑄬 𑄟𑄧𑄚𑄴 𑄉𑄮𑄣𑄬 𑄘𑄳𑄆𑄨 𑄘𑄮𑄣𑄬 𑄇𑄟𑄚𑄴 𑄣𑄮𑄚𑄳𑄆𑄬,Present
বুো অবস্থা মনে পে থাকে,𑄝𑄪𑄘𑄴𑄨 𑄈𑄘𑄳𑄆𑄬 𑄟𑄧𑄚𑄬 𑄟𑄧𑄚𑄬 𑄎𑄠𑄴𑄎𑄪𑄇𑄴𑄧𑄣𑄬 𑄗𑄠𑄴,Present
কত টাকা যাওার সম কম টাকা আছে,𑄇𑄨𑄎𑄪 𑄒𑄬𑄋 𑄡𑄬𑄝𑄢𑄴 𑄃𑄧𑄇𑄴𑄖𑄧𑄖𑄴 𑄇𑄧𑄟𑄴 𑄘𑄨𑄝𑄣𑄴𑄳𑄆𑄮 𑄃𑄏𑄠𑄴 ।,Present
.নোরাটা চোখ বন্ধ করে রাখে,𑄚𑄬𑄠𑄳𑄦𑄳𑄠𑄝𑄮 𑄌𑄳𑄆𑄘𑄳𑄠 𑄗𑄃𑄮𑄠𑄳𑄠𑄝𑄮𑄢𑄬 𑄇𑄬𑄚𑄬 𑄈𑄪𑄏𑄨 𑄢𑄊𑄳𑄆𑄬,Present
চূা দিে পাহাি গুলো খেে নিই,"𑄌𑄪𑄃𑄪𑄣𑄨 𑄉𑄮𑄢𑄳𑄦𑄨 𑄒𑄬𑄋𑄃𑄪𑄚𑄴 𑄈𑄬𑄟𑄴 𑄟𑄨𑄙𑄬 𑄉𑄮𑄢𑄳𑄦𑄨 𑄒𑄮𑄉𑄳𑄆𑄬 ,",Present
ঘিরা থাকলে ভালো করে পিঠ দিলে গিে পা,𑄊𑄨𑄢𑄮𑄥𑄴𑄳𑄠𑄧 𑄗𑄬𑄣𑄬 𑄘𑄮𑄣𑄬 𑄉𑄮𑄢𑄳𑄦𑄨 𑄛𑄨𑄘𑄴 𑄘𑄨𑄣𑄬 𑄉𑄮𑄢𑄳𑄦𑄨 𑄛𑄮𑄃𑄧𑄢,Present
বুোটা বেশি থাকলে ভালো হনা সে,𑄝𑄪𑄘𑄴𑄨 𑄎𑄮𑄢𑄬 𑄗𑄠𑄴 𑄘𑄮𑄣𑄬 𑄡𑄬𑄚𑄴 𑄚𑄧 𑄦𑄧𑄠𑄴 𑄖𑄬 𑄜𑄦𑄢 ।,Present
কাজ শেষ হে চলে যাওার সম এখন তো দেখা যা,𑄇𑄟𑄴 𑄜𑄪𑄢𑄳𑄆𑄬𑄚𑄬 𑄡𑄬𑄝𑄢𑄴 𑄃𑄧𑄇𑄴𑄖𑄧𑄖𑄴 𑄃𑄬𑄝𑄢𑄴 𑄘𑄬𑄊𑄬 𑄇𑄧𑄠𑄴,Present
কামানটা অনেক সুন্দর করে দে - এখন কাজ আর হ না,𑄇𑄟𑄚𑄴 𑄞𑄢𑄨 𑄘𑄮𑄣𑄴 𑄉𑄮𑄢𑄳𑄦𑄨 𑄘𑄮𑄋𑄴 - 𑄃𑄨𑄇𑄴𑄬𑄚𑄴 𑄇𑄟𑄴 𑄃𑄢𑄴 𑄚𑄧 𑄦𑄧𑄠𑄴 ।,Present
"এবার ক লুডু দিে দাও,যাও,আওা","𑄃𑄬𑄝𑄢𑄴 𑄇𑄧𑄠𑄴 𑄣𑄪𑄘𑄪𑄉𑄴 𑄉𑄮𑄢𑄳𑄦𑄨 𑄘, 𑄎𑄨𑄙𑄪, 𑄃𑄎𑄪",Present
কামে অনেক কষ্ট পেেছো আর ভিতরে গুো করে কি,𑄇𑄟𑄚𑄧𑄖𑄴 𑄞𑄢𑄨 𑄘𑄪𑄊𑄴 𑄛𑄬𑄠𑄳𑄠𑄧𑄋𑄴 𑄃𑄢𑄧 𑄃𑄨𑄚𑄴𑄎𑄬𑄝𑄴 𑄉𑄮𑄢𑄳𑄦𑄨𑄥𑄴 𑄇𑄨𑄎𑄪 ।,Present
.থাওাটা চোখগুলো কম দেখার আছে,𑄗𑄃𑄮𑄠𑄳𑄠𑄝𑄮 𑄌𑄳𑄆𑄘𑄳𑄠 𑄇𑄧𑄟𑄴 𑄘𑄨𑄝𑄢𑄴 𑄚𑄬𑄠𑄳𑄦𑄳𑄠𑄝𑄮 𑄌𑄳𑄆𑄘𑄳𑄠 𑄝𑄬𑄎𑄴,Present
বাঁশের বো দিে নানারকম পাতা হ,"𑄝𑄎𑄴𑄳𑄠𑄝𑄢𑄨 𑄦𑄧𑄠𑄴 𑄇𑄮𑄙𑄢𑄴 𑄖𑄮𑄉𑄳𑄆𑄬 𑄚𑄚𑄚𑄴 𑄛𑄬𑄎𑄴 ,",Present
. ফলে তারা দুইজনে পান করে ভালোভাবে উঠছে,𑄎𑄬𑄢𑄬 𑄖𑄢𑄳𑄦 𑄘𑄮𑄎𑄧𑄚𑄬 𑄛𑄚𑄴𑄳𑄦𑄳𑄠𑄧 𑄘𑄮𑄣𑄬 𑄃𑄪𑄘𑄧,Present
কার বুদ্ধি কাজে না লাগিে দুই জন শুে থাকে,"𑄇𑄢𑄧 𑄝𑄪𑄘𑄴𑄨 𑄇𑄟𑄧𑄖𑄴 𑄚𑄧 𑄣𑄉𑄨 𑄦𑄳𑄆𑄮 𑄗𑄚𑄴 𑄘𑄮𑄎𑄧𑄚𑄴 𑄌𑄪𑄙𑄧,",Present
এবার আলাদা হে তাকে কুত্তির মা বলে,𑄃𑄬𑄝𑄢𑄴 𑄜𑄢𑄧𑄇𑄴 𑄦𑄳𑄆𑄮𑄚𑄬 𑄖𑄢𑄳𑄦𑄬 𑄖𑄬 𑄇𑄪𑄖𑄴𑄪𑄢𑄨 𑄟𑄘 𑄙𑄧𑄢𑄧𑄚𑄴,Present
বািতে এখন সবার থেকে কম খরচে মরতে হ,𑄊𑄧𑄢𑄧𑄖𑄴 𑄃𑄬𑄝𑄢𑄴 𑄟𑄮𑄇𑄴𑄪𑄚𑄧𑄖𑄴𑄪𑄚𑄴 𑄃𑄧𑄉𑄮𑄙 𑄈𑄘𑄬 𑄟𑄧𑄢𑄧𑄚𑄴 ।,Present
আাআি,𑄃𑄇𑄴𑄧𑄣𑄚𑄬,Present
চাকমাদের ঘর সুন্দর হলে,𑄌𑄉𑄪𑄢𑄨 𑄗𑄬𑄣𑄬 𑄊𑄧𑄢𑄴 𑄘𑄮𑄣𑄴 𑄦𑄧𑄣𑄬,Past
.থাকলে টাকা ধন,𑄗𑄬𑄣𑄬 𑄑𑄬𑄋 𑄙𑄧𑄚𑄴,Present
এখন সেগুলো আক্কেল বলা,𑄃𑄨𑄇𑄴𑄬 𑄥𑄨𑄃𑄪𑄚𑄴 𑄃𑄇𑄴𑄧𑄣𑄴 𑄝𑄧𑄣,Present
"বাবু, ব আরও ভালো","𑄝𑄝𑄪, 𑄘𑄋𑄳𑄦𑄧𑄢𑄴 𑄃𑄢𑄴 𑄉𑄧𑄟𑄴 ।",Present
"এক জাতী ইঙি, প্রেত, প্রেত, পাজি","𑄦𑄮𑄙𑄮𑄇𑄴 𑄃𑄨𑄁𑄉𑄢𑄨, 𑄛𑄳𑄢𑄬𑄖𑄴𑄳𑄠, 𑄛𑄎𑄨",Present
ভালো তরকারি সবার কাছ থেকে,𑄞𑄧𑄎𑄧𑄟𑄚𑄴 𑄖𑄮𑄉𑄚𑄴 𑄝𑄬𑄇𑄴𑄪𑄚𑄧𑄖𑄴𑄪𑄚𑄴,Present
খোলা ব মানুষ বলা,𑄈𑄮𑄣𑄚𑄴 𑄘𑄋𑄳𑄦𑄧𑄢𑄴 𑄟𑄚𑄴 𑄝𑄧𑄣 ।,Present
তাদের বািটা কিছু না,𑄖𑄢𑄳𑄦 𑄝𑄢𑄳𑄦𑄃𑄪𑄚 𑄇𑄨𑄌𑄴𑄪 𑄚𑄧𑄠𑄴,Present
উন বিচি চাা,𑄃𑄪𑄚𑄴𑄳𑄠𑄧 𑄝𑄨𑄎𑄨 𑄌𑄚𑄴,Present
.আবোল তাবোল কথা বললে লাফ - লাফ,𑄃𑄇𑄴𑄧𑄣𑄴 𑄗𑄬𑄣𑄬𑄠𑄳𑄠𑄧 𑄣𑄖𑄴𑄳𑄠𑄧 - 𑄜𑄖𑄴𑄳𑄠𑄧,Past
তাদের কোনো মান নেই,𑄚𑄳𑄆𑄬 𑄖𑄢𑄳𑄦𑄢𑄴 𑄇𑄧𑄚𑄧 𑄟𑄚𑄴 ।,Present
আজকে দিনে গরম মাা,𑄃𑄨𑄇𑄴𑄬 𑄘𑄨𑄚𑄧𑄖𑄴 𑄃𑄇𑄴𑄧𑄣𑄴 𑄟𑄝𑄧𑄚𑄴,Present
"চামা, টাকা, ধন","𑄌𑄉𑄪𑄢𑄨, 𑄑𑄬𑄋, 𑄙𑄧𑄚𑄴𑄳𑄆𑄮",Present
.সুগন্ধি নেই আর গোসল করার,𑄥𑄪𑄙𑄧𑄟𑄴 𑄚𑄳𑄆𑄬 𑄃𑄢𑄴 𑄟𑄝𑄨𑄝𑄢𑄴 𑄃𑄨𑄇𑄴𑄬,Present
"আাআি, পদ, মন","𑄃𑄇𑄴𑄧𑄣, 𑄛𑄧𑄘𑄧𑄢𑄴, 𑄟𑄧𑄚𑄴𑄳𑄆𑄮 ।",Present
.মিলনের সম এখন হওা,𑄟𑄨𑄣𑄧𑄚𑄴 𑄥𑄬𑄚𑄬 𑄃𑄨𑄇𑄴𑄬 𑄝𑄚𑄳𑄦,Present
চাগা দিে আরও ধন বেছে,𑄌𑄉𑄮𑄎𑄴𑄳𑄠 𑄝𑄮𑄣𑄠𑄴 𑄃𑄢𑄴 𑄙𑄧𑄚𑄴 𑄝𑄮𑄣𑄠𑄴,Present
খাওার দো নেই তাদের,𑄈𑄬𑄝𑄢𑄴 𑄘𑄬𑄝𑄢𑄴 𑄚𑄳𑄆𑄬 𑄡𑄨𑄃𑄪𑄚𑄧𑄢𑄴,Present
.সিউার পা বেজে গেল,𑄥𑄨𑄃𑄪𑄚𑄧𑄢𑄴 𑄛𑄧𑄎 𑄝𑄎𑄬 𑄉𑄧𑄣𑄴 𑄉𑄮𑄣𑄠𑄴,Past
সব জিনিসপত্র গুছাও এখন,𑄝𑄬𑄃𑄇𑄴𑄧𑄣𑄚𑄴 𑄥𑄬𑄚𑄬 𑄢𑄎 𑄃𑄨𑄇𑄴𑄬,Present
আকা-বাকা হেছে এখন,𑄃𑄇𑄴𑄧𑄣𑄚𑄴 𑄦𑄧𑄣𑄧 𑄃𑄨𑄇𑄴𑄬 𑄥𑄬𑄚𑄬,Present
এক জাতী কুকুর,𑄘𑄋𑄧𑄢𑄴 𑄞𑄪𑄖𑄴𑄮 𑄇𑄪𑄉𑄪𑄢𑄴 ।,Present
.যেটা সে করে,𑄡𑄨𑄠𑄬𑄚𑄴 𑄈𑄪𑄏𑄨 𑄖𑄬 𑄉𑄧𑄢𑄳𑄦𑄬𑄢𑄴,Present
আাআিভাবে,𑄃𑄇𑄴𑄧𑄣𑄚𑄬 𑄓𑄧𑄢𑄴𑄬 𑄃𑄨𑄇𑄴𑄬,Present
এক দিক থেকে রাত হেছে,𑄃𑄬𑄇𑄴 𑄘𑄊𑄨 𑄟𑄖𑄴𑄧𑄢𑄴 𑄢𑄗𑄴𑄳𑄠𑄧 𑄃𑄧𑄢𑄗𑄴𑄳𑄠𑄧,Present
সবাই এখানে,𑄝𑄬𑄇𑄴𑄪𑄚𑄧 𑄃𑄨𑄙𑄪 𑄥𑄧𑄁,Present
সেগুলো এখন ছোট হেছে,𑄥𑄨𑄃𑄪𑄚𑄴𑄃𑄮 𑄃𑄨𑄇𑄴𑄬 𑄌𑄨𑄃𑄮𑄚𑄴 𑄦𑄮𑄠𑄳𑄠𑄧𑄚𑄴,Present
গণনাকারী খুব কম,𑄉𑄮𑄚𑄠𑄴 𑄞𑄢𑄨 𑄇𑄧𑄟𑄴-,Present
এই সেগুলো এখানে আসে,𑄃𑄬 𑄥𑄨𑄃𑄪𑄚𑄧 𑄃𑄨𑄙𑄪 𑄃𑄇𑄴𑄧𑄣𑄚𑄬,Present
কোন রকমে থাকা,𑄇𑄧𑄚𑄧 𑄝𑄝𑄧𑄘𑄬 𑄗𑄳𑄆𑄬,Present
বাজির রোা ধুে ধুে,𑄝𑄎𑄨 𑄢𑄮𑄠𑄳𑄠 𑄙𑄪𑄉𑄨 𑄙𑄪𑄉𑄨,Present
জাগা হলে হবে বেগ পে যাবে আমরা,𑄎𑄘𑄧 𑄟𑄧𑄙𑄴𑄬 𑄦𑄧𑄣𑄬 𑄦𑄧𑄝𑄧𑄋𑄴𑄉𑄬 𑄝𑄬𑄉𑄧 𑄜𑄬𑄣 𑄛𑄮𑄎𑄴𑄳𑄠𑄝𑄮 𑄃𑄟𑄨,Future
ছোট মন আর মলা চিন্তা করে সে চুপ করে থাকে,𑄌𑄨𑄃𑄮𑄚𑄴 𑄟𑄧𑄚𑄴 𑄃𑄢𑄴 𑄇𑄎𑄧𑄢𑄴 𑄌𑄨𑄘𑄬𑄠𑄴 𑄥𑄬𑄚𑄬 𑄗𑄳𑄆𑄬 𑄊𑄟𑄨 ।,Present
.যেগুলো গুো করার সেগুলো না করে আরও একটু যোগা,𑄡𑄨𑄠𑄬𑄚𑄴 𑄉𑄮𑄢𑄳𑄦𑄨𑄝𑄢𑄴 𑄥𑄨𑄠𑄬𑄚𑄴 𑄚𑄧 𑄉𑄮𑄢𑄳𑄦𑄨 𑄉𑄮𑄢𑄳𑄦𑄨 𑄃𑄢𑄧 𑄃𑄬𑄇𑄴𑄇𑄚𑄴 𑄎𑄪𑄘𑄧,Present
সুন্দর গোার জাগা দেখে ভ পেলাম,𑄘𑄮𑄣𑄴 𑄉𑄮𑄢𑄳𑄦𑄨𑄝𑄢𑄴 𑄎𑄉𑄚𑄧𑄖𑄴 𑄌𑄳𑄆𑄬 𑄃𑄪𑄚𑄴𑄎𑄪𑄢𑄴 𑄉𑄮𑄢𑄳𑄦𑄨 𑄖𑄪𑄘𑄧 ।,Past
কারো কথা কেন শুনা যা না,𑄇𑄢𑄳𑄦𑄧𑄢𑄴 𑄇𑄮𑄙 𑄇𑄨𑄃𑄳𑄆𑄮 𑄚𑄧 𑄥𑄪𑄚𑄨 𑄇𑄢𑄳𑄦𑄧𑄢𑄬 𑄇𑄨𑄃𑄳𑄆𑄮 𑄚𑄧 𑄢𑄨𑄚𑄨,Present
.যে কাজ করে সে সব গিেছে,𑄡 𑄈𑄪𑄏𑄨𑄣𑄮𑄠𑄴 𑄖𑄬 𑄇𑄟𑄴 𑄉𑄮𑄢𑄳𑄦𑄨 𑄈𑄮𑄣𑄳𑄆𑄬 𑄝𑄬𑄇𑄴𑄪𑄚𑄴 𑄉𑄨𑄠𑄬𑄚𑄨,Present
জাগা বো আর সুুর মলা কিছুই দেখা যা না,𑄎𑄘𑄴 𑄝𑄬𑄎𑄘𑄴 𑄃𑄢𑄴 𑄥𑄪𑄖𑄴𑄗𑄪𑄢𑄴 𑄟𑄧𑄖𑄴𑄪𑄢𑄴 𑄇𑄨𑄌𑄴𑄪 𑄌𑄨𑄚𑄴𑄮𑄋𑄴 𑄚𑄧 𑄌𑄳𑄆𑄬,Present
.ফিরঙের ধোঁাটা ঝাুে দো,𑄜𑄨𑄢𑄨𑄋𑄧 𑄙𑄮𑄇𑄴𑄳𑄠𑄚𑄴 𑄏𑄟𑄴 𑄘𑄨 𑄛𑄪𑄢𑄨 𑄞𑄪𑄙𑄨𑄝𑄮 𑄡𑄬𑄇𑄴𑄬 𑄘𑄳𑄆𑄬,Present
পাহাের পাশ দিে যাওা বাতাস দিে যা,𑄟𑄪𑄃𑄘𑄨 𑄈𑄮𑄣𑄳𑄆𑄬 𑄎𑄘𑄴 𑄇𑄮𑄌𑄴 𑄛𑄬𑄠𑄳𑄠 𑄎𑄘𑄧𑄣𑄴𑄣𑄳𑄆 𑄛𑄢𑄨 𑄟𑄪𑄢𑄨,Present
কাজ করলে কিছু নেই জাত খেে আর ধরি,𑄇𑄟𑄧𑄘𑄨 𑄌𑄬𑄣𑄬 𑄇𑄨𑄌𑄴𑄪 𑄚𑄳𑄆𑄬 𑄎𑄖𑄴𑄳𑄠𑄧 𑄈𑄳𑄆𑄬 𑄃𑄢𑄧 𑄙𑄪𑄢𑄨 ।,Present
ধর্মীরা তাাতাি দান করতেছে,𑄙𑄧𑄢𑄴𑄟𑄨𑄇𑄴𑄳𑄠𑄧 𑄌𑄬𑄘𑄳𑄆𑄬 𑄘𑄚𑄴 𑄉𑄮𑄢𑄳𑄦𑄨𑄚𑄬 𑄇𑄨𑄃𑄮𑄋𑄴 𑄟𑄪𑄚𑄴𑄘𑄨𑄢𑄧𑄢𑄴 𑄡𑄳𑄆𑄬,Present
ইন্নি দেখলে মানুষ ভে চুপ করে থাকে,𑄃𑄨𑄚𑄴𑄨 𑄌𑄬𑄣𑄬 𑄚𑄬𑄠𑄳𑄠 𑄟𑄚𑄪𑄌𑄴𑄪𑄚𑄴 𑄊𑄨𑄚𑄬 𑄛𑄨𑄘𑄴 𑄘𑄨 𑄗𑄳𑄆𑄬 ।,Present
লাঠি দিে সব গুিে উঠে,𑄣𑄃𑄧𑄖𑄴 𑄛𑄛𑄨 𑄚𑄳𑄆𑄬 𑄇𑄧𑄚𑄧 𑄇𑄨𑄌𑄴𑄪 𑄝𑄬𑄇𑄴𑄇𑄚𑄨 𑄉𑄮𑄢𑄳𑄦𑄨 𑄃𑄪𑄉𑄪𑄙𑄧,Present
কোন কিছু জানলে আমার সব ভালোগুলো বন্ধ করে দে,𑄇𑄧𑄚𑄧 𑄃𑄙𑄨𑄇𑄴 𑄝𑄪𑄏𑄧𑄣𑄳𑄆𑄮 𑄦𑄧𑄢𑄴𑄚𑄨 𑄃𑄟𑄢𑄴 𑄝𑄬𑄇𑄴 𑄞𑄣𑄬𑄖𑄴𑄖𑄚𑄨 𑄌𑄪𑄙𑄧 !,Present
সে না হলে কে এই কাজগুলো করে,𑄃 𑄚𑄧 𑄦𑄧𑄣𑄬 𑄦𑄃𑄮𑄏𑄬 𑄇𑄧𑄖𑄴𑄳𑄆𑄬 𑄃𑄬 𑄇𑄟𑄚𑄨 𑄉𑄮𑄢𑄳𑄦𑄨𑄢𑄨,Present
বাঁশটা ভালো করে দেখতে যেতে যেতে পাহা,𑄞𑄚𑄴𑄎𑄳𑄠𑄚𑄧𑄢𑄬 𑄉𑄧𑄟𑄴 𑄘𑄬𑄊𑄨𑄚𑄬 𑄎𑄨𑄘𑄬 𑄎𑄨𑄖𑄴𑄳𑄠𑄬 𑄟𑄪𑄪𑄢𑄨𑄢𑄴 !,Present
কত পাহাের পাহাগুলো উপরে তুলে,𑄇𑄨𑄖𑄴𑄳𑄠𑄳𑄆𑄬 𑄦𑄙𑄨𑄢𑄴 𑄦𑄖𑄴𑄖𑄚𑄨𑄣𑄳𑄆𑄮 𑄑𑄬𑄋𑄚𑄨 𑄃𑄪𑄉𑄪𑄢𑄬 𑄖𑄪𑄣𑄨,Present
.পাহাের পাতের মাথা অনেক ব ব বুলি,𑄛𑄪𑄚𑄴𑄘𑄪𑄢𑄨 𑄛𑄘𑄧𑄣𑄴 𑄥𑄨𑄢𑄳𑄦𑄬 𑄉𑄳𑄦𑄮𑄢𑄴 𑄦𑄳𑄆𑄮 𑄈𑄮𑄣𑄬𑄢𑄴 𑄘𑄋𑄳𑄦𑄧𑄢𑄴 𑄝𑄪𑄣𑄨 !,Present
.ছেলে মেেরা মলা শেষ হ না একটুও,𑄎𑄘𑄧 𑄞𑄳𑄆𑄬 𑄝𑄮𑄚𑄪𑄚𑄴 𑄟𑄪𑄢𑄧𑄖𑄴 𑄛𑄪𑄢𑄨 𑄦𑄧𑄠𑄴𑄚𑄬 𑄚𑄧𑄠𑄴 𑄃𑄬𑄇𑄴𑄇 𑄌𑄧,Present
জাগা বাঁধতে চাইলে ভালো করে দরজাটা বন্ধ করে নাও,𑄎𑄘𑄴 𑄝𑄎𑄬𑄝𑄢𑄴 𑄌𑄬𑄣𑄬 𑄘𑄮𑄣𑄬 𑄙𑄪𑄢𑄴𑄝𑄮 𑄖𑄮𑄮𑄉𑄬 𑄣𑄧 ।,Present
"১. ২৫শে নভেম্বর, ২০১৬",𑄸𑄻 𑄃 𑄸𑄼 𑄚𑄧𑄞𑄬𑄟𑄴𑄝𑄧𑄢𑄴 𑄸𑄶𑄷𑄼,Present
কি বলবো তোমাকে আমি বলতে পারি না,𑄇𑄨 𑄇𑄮𑄟𑄴 𑄖𑄧𑄢𑄳𑄦𑄬 𑄟𑄳𑄆𑄪 𑄚𑄧 𑄛𑄢𑄧𑄋𑄧𑄢𑄴 𑄇𑄮,Present
ব ব ব জিনিস নাকি আছে,𑄘𑄨𑄟𑄴 𑄛𑄖𑄴𑄪𑄢𑄪𑄖𑄪𑄢𑄪 𑄚𑄇𑄨 𑄃𑄉𑄴𑄟𑄧𑄁𑄉𑄧𑄣𑄴,Present
নাকি গরুটা ভালো করে জুেছে,𑄚𑄇𑄨 𑄉𑄮𑄢𑄳𑄦𑄨𑄟𑄴 𑄞𑄧𑄎𑄧𑄟𑄚𑄴 𑄎𑄪𑄢𑄨𑄚𑄬,Present
দুই হাত,𑄘𑄨 𑄦𑄙𑄴−,Present
চিন্তা করতে পারতেছি না,𑄞𑄝𑄨𑄚𑄬 𑄚𑄧 𑄛𑄋𑄧𑄢𑄴 𑄃𑄪𑄘𑄧 ।,Present
তোমরা যখন আসবেনা তখন আমি কথা বলি,𑄖𑄳𑄆𑄪 𑄡𑄧𑄚𑄨 𑄚𑄧 𑄃𑄬𑄙𑄬 𑄚𑄧 𑄦𑄮𑄙𑄪𑄋𑄴 𑄟𑄳𑄆𑄪 𑄇𑄮𑄝𑄨,Present
জীবনটা কেটে যাক আমার ইচ্ছে মতো হোক,𑄎𑄧𑄚𑄧𑄟𑄚𑄴 𑄓𑄪𑄝𑄨 𑄗𑄬𑄘𑄧 𑄟𑄧𑄢𑄴 𑄥𑄧𑄝𑄧𑄚𑄚𑄴 𑄥𑄧𑄝𑄧𑄚𑄴 𑄦𑄳𑄆𑄮,Present
নিচের দিকে বসে থাকা বুোটা আমার জন্য অপেক্ষা করতেছে,𑄃𑄧𑄙𑄧 𑄍𑄳𑄆𑄬 𑄝𑄪𑄇𑄴𑄧 𑄟𑄧𑄢𑄴 𑄖𑄪𑄎𑄧𑄢𑄴 𑄃𑄈𑄪𑄚𑄴 𑄎𑄪𑄣𑄨,Present
তুমি দিলে আমার মনটা পুরে যা,𑄖𑄳𑄆𑄪 𑄘𑄨𑄣𑄬 𑄟𑄧𑄢𑄳𑄦𑄬 𑄥𑄧𑄝𑄧𑄚𑄚𑄴 𑄛𑄪𑄢𑄳𑄆𑄬,Present
এই গিরাটা আমার মাথা লাগতেছে,𑄃𑄬 𑄉𑄨𑄢𑄴𑄉𑄨𑄥𑄴𑄳𑄠 𑄝𑄪𑄇𑄴𑄧 𑄎𑄪𑄢𑄬 𑄘𑄨𑄣𑄬 𑄟𑄧𑄢𑄴,Present
.ফুলে উঠলে মনটা কেমন যেন করে,𑄜𑄪𑄙𑄬 𑄘𑄨𑄣𑄬 𑄚𑄋𑄚𑄴 𑄖𑄳𑄆𑄪 𑄟𑄧𑄚𑄚𑄴 𑄘𑄨𑄣𑄬 𑄝𑄢𑄳𑄦𑄬,Present
বাইরে দিলে মনে হ এখানে আর শক্তি নেই,𑄝𑄢𑄳𑄦𑄬 𑄘𑄨𑄣𑄬 𑄦𑄨𑄃𑄮𑄖𑄴 𑄃 𑄖𑄪𑄎𑄨𑄟𑄴 𑄛𑄪𑄢𑄧 𑄝𑄧𑄣𑄴 ।,Present
আমি আর কথা বলতে পারবো না,𑄚𑄧 𑄓𑄮𑄢𑄬𑄟𑄴 𑄃𑄢𑄴 𑄟𑄳𑄆𑄪 𑄦𑄧𑄇𑄴 𑄇𑄧𑄙 𑄇𑄧𑄙𑄬,Future
.জের সম বুক দিে থাকে,"𑄎𑄘𑄧𑄢𑄴 𑄥𑄪𑄊𑄴 𑄘𑄪𑄊𑄧𑄖𑄴 𑄝𑄪𑄇𑄴 𑄘𑄨 𑄗𑄙𑄬,−",Present
"হেছে হেছে, নাচা করে না বলে","𑄦𑄧𑄠𑄴𑄃𑄚𑄧𑄢𑄬 𑄦𑄧𑄠𑄴, 𑄚𑄧𑄠𑄴𑄃𑄚𑄧𑄬𑄮 𑄚𑄧𑄠𑄴 𑄇𑄳𑄆𑄮",Present
তোমার মনের ইচ্ছা পূরণ করবো,𑄘𑄨𑄟𑄴 𑄖𑄧 𑄟𑄧𑄚𑄧𑄢𑄴 𑄃𑄪𑄘𑄨𑄌𑄴𑄌𑄚𑄴 𑄛𑄪𑄢𑄳𑄆𑄬,Future
এত খেে কলা,𑄥𑄬𑄟𑄧𑄇𑄴 𑄈𑄳𑄆𑄬𑄚𑄬 𑄇𑄧𑄋𑄧𑄢𑄴 ।,Present
সে আর ব ব,𑄥𑄬𑄚𑄬 𑄃𑄢𑄧 𑄌𑄋𑄧𑄢𑄴 𑄝𑄧𑄢𑄴,Present
তাদের সবার থেকে,𑄖𑄧𑄖𑄴𑄗𑄪𑄚𑄴 𑄃 𑄝𑄬𑄇𑄴𑄪𑄚𑄧𑄖𑄴𑄗𑄪𑄚𑄴,Present
আমাকে আশীর্বাদ করো,𑄘𑄳𑄠𑄧 𑄟𑄧𑄢𑄳𑄦𑄬 𑄝𑄧𑄢𑄴,Present
মাথা ঢুকানো,𑄥𑄨𑄢𑄳𑄦𑄬𑄝𑄮𑄖𑄴 𑄙𑄪𑄢𑄨 ।,Present
এখানে কোথা,𑄃𑄨𑄖𑄴𑄳𑄠𑄧 𑄇𑄪𑄘𑄪𑄟𑄴,Present
আগের দিনে মানুষরা লেখা পে নাই,𑄃𑄉𑄧 𑄘𑄨𑄚𑄧𑄖𑄴 𑄟𑄚𑄪𑄌𑄴𑄪𑄚𑄬 𑄣𑄬𑄊 𑄛𑄧𑄢𑄳𑄦 𑄚𑄧 𑄥𑄨𑄊𑄧𑄚𑄴,Present
লেখা পা সেটা কেন স্কুল পে না,𑄣𑄬𑄊 𑄛𑄧𑄢𑄳𑄦 𑄥𑄨𑄠𑄬𑄚𑄴 𑄇𑄨 𑄃𑄨𑄥𑄴𑄇𑄪𑄣𑄴 𑄛𑄪𑄎𑄴𑄧𑄚𑄴 𑄚𑄧 𑄘𑄬𑄊𑄧𑄚𑄴 ।,Present
ধর্মের জাগা কম ধর্মও তারা পালন করে,𑄙𑄧𑄢𑄴𑄟𑄧 𑄎𑄉𑄃𑄮 𑄃𑄬𑄣𑄧 𑄇𑄧𑄟𑄴 𑄙𑄧𑄢𑄴𑄟𑄧𑄃𑄮 𑄖𑄢𑄳𑄦 𑄇𑄧𑄟𑄴 𑄉𑄧𑄖𑄴𑄖𑄇𑄴,Present
.বানান শাকের পাে অনেক দেবতা দাঁিে পূজা করে,𑄝𑄚𑄳𑄦 𑄥𑄪𑄊𑄴 𑄗𑄬𑄝𑄣𑄴𑄣𑄳𑄆 𑄚𑄚𑄚𑄴 𑄘𑄬𑄝𑄬𑄘 𑄘𑄣𑄨 𑄘𑄳𑄆𑄨𑄚𑄬 𑄛𑄪𑄎𑄨𑄘𑄇𑄴 ।,Present
.ত- তো তাদের মনটা অনেক সুন্দর,𑄖𑄳𑄠𑄧 𑄘𑄧 𑄃𑄬𑄣𑄧 𑄖𑄢𑄳𑄦 𑄟𑄧𑄚𑄚𑄨 𑄥𑄬𑄇𑄴𑄬 𑄞𑄢𑄨 𑄘𑄮𑄣𑄴,Present
এই হিস্যুতে কোনো জো আসলো না,𑄃𑄬 𑄦𑄨𑄋𑄴𑄥𑄬 𑄦𑄨𑄋𑄴𑄥𑄨 𑄢𑄬𑄎𑄢𑄬𑄥𑄳𑄠𑄖𑄴 𑄚𑄧 𑄃𑄬𑄣𑄧 𑄇𑄧𑄚𑄧 𑄎𑄮𑄣𑄴 ।,Past
".আক্কেল আসতেছে,কোথাি আসতেছে, এল মেে দো","𑄃𑄇𑄴𑄮𑄣𑄳𑄠 𑄃𑄬𑄣𑄇𑄴, 𑄇𑄮𑄙𑄮𑄉𑄨 𑄃𑄬𑄣𑄇𑄴, 𑄃𑄬𑄣𑄧 𑄟𑄬𑄠𑄳𑄠 𑄘𑄮𑄠𑄳𑄠",Present
ভাগ না দিে তারা মনে থাকে আর নাই,𑄞𑄉𑄴 𑄚𑄧 𑄃𑄬𑄣𑄧 𑄖𑄢𑄳𑄦 𑄟𑄧𑄚𑄧𑄖𑄴 𑄗𑄃𑄮𑄠𑄳𑄠 𑄃𑄢𑄴 𑄚𑄬𑄠𑄳𑄠𑄳𑄦,Present
".থাওা বেশি,নো আরও বেশি সবাই চিন্তা করতেছে","𑄗𑄃𑄮𑄠𑄳𑄠 𑄃𑄮𑄙𑄮𑄇𑄴, 𑄚𑄬𑄠𑄳𑄠𑄳𑄦 𑄃𑄮𑄙𑄮𑄇𑄴 𑄝𑄬𑄇𑄴𑄪𑄚𑄴 𑄞𑄝𑄧𑄚𑄴 𑄥𑄧𑄙𑄧𑄢𑄴",Present
বো চা করতে করতে মেেটা আদর করলো,𑄝𑄬𑄢𑄚𑄴 𑄌𑄬𑄢𑄚𑄴 𑄉𑄧𑄢𑄧𑄚𑄴 𑄘𑄮𑄣𑄬 𑄃𑄬𑄣𑄧 𑄟𑄬𑄠𑄳𑄠 𑄃𑄘𑄧𑄢𑄴 ।,Past
.সুগন্ধি বুক দিে উজান পরান দিে ঢালি,𑄥𑄪𑄊𑄧𑄖𑄴 𑄘𑄪𑄊𑄧𑄖𑄴 𑄝𑄪𑄇𑄴 𑄘𑄨 𑄃𑄪𑄎𑄚𑄴 𑄛𑄧𑄢𑄚𑄴 𑄘𑄳𑄆𑄨𑄚𑄬 𑄔𑄣𑄨,Present
.কোনো খোল তারা এখানে করে না,𑄇𑄧𑄚𑄧 𑄈𑄬𑄝𑄴 𑄖𑄢𑄳𑄦 𑄃𑄨𑄖𑄴𑄳𑄠𑄧 𑄇𑄪𑄘𑄪𑄟𑄴 𑄚𑄧 𑄉𑄧𑄢𑄧𑄚𑄴 𑄝𑄪𑄉𑄧𑄖𑄴 𑄈𑄣𑄨 ।,Present
মানুষ ভালো আসলো তাদের সুখ আসলো,𑄟𑄚𑄴 𑄞𑄧𑄎𑄧𑄟𑄚𑄴 𑄃𑄬𑄣𑄧 𑄖𑄢𑄳𑄦𑄢𑄴 𑄥𑄪𑄙𑄧𑄟𑄴 𑄃𑄬𑄣𑄧 𑄘𑄮𑄣𑄴,Past
চূা চূা না করে চাচা করে চাল,𑄌𑄪𑄌𑄴𑄬𑄋𑄴 𑄞𑄪𑄖𑄴𑄗𑄬𑄋𑄴 𑄚𑄧 𑄉𑄮𑄖𑄴𑄗𑄇𑄴 𑄚𑄧 𑄉𑄮𑄖𑄴𑄗𑄇𑄴 𑄞𑄚𑄴𑄎𑄬 𑄍𑄮𑄣𑄴 ।,Present
"আরও,এখন আমরা লেখা শুরু করবো,এই,এই","𑄃𑄢𑄴; 𑄃𑄨𑄇𑄴𑄬 𑄃𑄟𑄨 𑄣𑄬𑄊 𑄥𑄧𑄊𑄨 𑄝𑄨, 𑄃𑄬, 𑄃𑄬𑄟𑄴, 𑄃𑄬 𑄦𑄳𑄆𑄮",Future
মো দো কাউকে কিছু বলতে বলে,𑄟𑄬𑄠𑄳𑄠 𑄘𑄮𑄠𑄳𑄠 𑄇𑄢𑄳𑄦𑄬 𑄇𑄧𑄠𑄴 𑄇𑄨𑄌𑄴𑄪 𑄛𑄢𑄨 𑄇𑄳𑄆𑄮 !,Present
"ছোট ব, থাকা যা না","𑄌𑄨𑄃𑄮𑄚𑄴 𑄘𑄋𑄳𑄦𑄧𑄢𑄴 , 𑄗𑄃𑄮𑄠𑄳𑄠 𑄚𑄬𑄠𑄳𑄠𑄳𑄦 𑄝𑄬𑄇𑄴𑄇𑄚𑄨 𑄃𑄨𑄇𑄴𑄬 𑄝𑄳𑄆𑄬",Present
"এখানে কোথা,সফরের তালাস নেই","𑄃𑄨𑄖𑄴𑄳𑄠𑄧 𑄇𑄪𑄘𑄪𑄟𑄴, 𑄥𑄧𑄙𑄧𑄢𑄴 𑄃𑄣𑄴𑄉 𑄖𑄣𑄥𑄴 𑄣𑄮𑄣𑄨 𑄚𑄳𑄆𑄬 ।",Present
এখন ধর্ম জাগা ভেদ করে দান ধর্ম করে,𑄃𑄨𑄇𑄴𑄬 𑄙𑄧𑄢𑄴𑄟𑄧 𑄎𑄉𑄃𑄮 𑄞𑄬𑄘𑄬𑄢𑄴 𑄌𑄬𑄘𑄬𑄢𑄴 𑄘𑄚𑄴 𑄙𑄧𑄢𑄴𑄟𑄧𑄃𑄮 𑄉𑄮𑄢𑄳𑄦𑄨,Present
পাপ ধর্ম কথা বলতে বলতে মাথা ঘুরে,𑄛𑄛𑄴 𑄙𑄧𑄢𑄴𑄟𑄧 𑄇𑄮𑄙 𑄇𑄳𑄆𑄮𑄚𑄬 𑄢𑄬𑄘𑄬 𑄘𑄨𑄚𑄬 𑄟𑄪𑄢𑄨𑄢𑄴,Present
সে কেন আমার মতো হবে?,𑄖𑄳𑄠𑄧 𑄇𑄨𑄖𑄴𑄳𑄆𑄬 𑄦𑄨𑄋𑄴𑄥𑄬 𑄛𑄨𑄎𑄪𑄟𑄴 𑄃𑄟𑄢𑄴 𑄦𑄬𑄙𑄧𑄇𑄴 𑄦𑄧𑄣𑄧 −,Future
ভালো মন রেখে কী যে খারাপ মন আসলো!,𑄉𑄧𑄟𑄴 𑄟𑄧𑄚𑄚𑄨 𑄜𑄬𑄣𑄳𑄆𑄬 𑄇𑄨𑄖𑄴𑄳𑄆𑄬 𑄇𑄎𑄧𑄢𑄴 𑄟𑄧𑄚𑄚𑄴 𑄃𑄬𑄣𑄧!,Past
.এইটা কি বর্ষাকালের ফল?,𑄃𑄨𑄠𑄬𑄚𑄴 𑄇𑄨 𑄥𑄣𑄬𑄚𑄴 𑄥𑄧𑄈𑄳𑄠𑄧𑄢𑄴 𑄜𑄧𑄣𑄴 ?,Present
.এটা কি বৌদ্ধ ধর্ম দান?,𑄃𑄨𑄠𑄬𑄚𑄴 𑄇𑄨 𑄥𑄣𑄬𑄚𑄴 𑄙𑄧𑄢𑄴𑄟𑄧𑄢𑄴 𑄘𑄚𑄴 −,Present
"নেই কি সালেতন সেখা,ধর্মে মেে দো মানা","𑄚𑄳𑄆𑄬 𑄇𑄨 𑄥𑄣𑄬𑄚𑄴 𑄥𑄨𑄈𑄳𑄠𑄧𑄖𑄴, 𑄙𑄧𑄢𑄴𑄟𑄧𑄖𑄴 𑄟𑄬𑄠𑄳𑄠 𑄘𑄮𑄠𑄳𑄠 𑄟𑄚!",Present
"নেই কি সালেন মানুষ চা,এখন কোথা চাা","𑄚𑄳𑄆𑄬 𑄇𑄨 𑄥𑄣𑄬𑄚𑄴 𑄟𑄚𑄪𑄌𑄴 𑄇𑄮𑄌𑄴𑄛𑄚, 𑄃𑄖𑄴𑄳𑄠𑄧 𑄇𑄪𑄘𑄪𑄟𑄴 𑄌𑄚 −",Present
নেই কি সালে দুঃখে বুক ভর্তি করে রাখা,𑄚𑄳𑄆𑄬 𑄇𑄨 𑄥𑄣𑄬𑄚𑄴 𑄥𑄪𑄊𑄧𑄖𑄴 𑄘𑄪𑄊𑄧𑄖𑄴 𑄝𑄪𑄇𑄴 𑄟𑄬𑄣𑄨 𑄘𑄨 𑄗𑄮𑄚 !,Present
অনেক যুগ হলে আমার হেছে,𑄃𑄧𑄇𑄴𑄬𑄚𑄴 𑄡𑄪𑄚𑄨 𑄦𑄧𑄣𑄬 𑄃𑄟𑄢𑄴 𑄦𑄮𑄠𑄳𑄠 𑄞𑄝𑄨𑄝𑄢𑄴,Present
"কেন থাকবো আমি দো, এখানে কোথা যাবো","𑄇𑄬𑄚𑄬 𑄗𑄬𑄝𑄧 𑄟𑄬𑄠𑄳𑄠 𑄘𑄮𑄠𑄳𑄠, 𑄃𑄨𑄖𑄴𑄳𑄠𑄧 𑄇𑄪𑄘𑄪𑄟𑄴 𑄃𑄟𑄢𑄴 !",Future
.নো থাকে,𑄚𑄬𑄠𑄳𑄠𑄳𑄦 𑄗𑄃𑄮𑄠𑄳𑄠,Present
.নোটা এই জীবনে মনে হ,𑄚𑄬𑄠𑄳𑄠𑄳𑄦𑄝𑄮 𑄞𑄝𑄬 𑄃𑄬 𑄎𑄨𑄋𑄴𑄇𑄚𑄨𑄖𑄴,Present
কোথা আর কোথা যাচ্ছেন,𑄇𑄪𑄙𑄪 𑄃𑄢𑄴 𑄛𑄬𑄙𑄪𑄋𑄴 𑄥𑄪𑄊𑄴,Present
কষ্টেসৃষ্টে জীবনটা যাবে,𑄘𑄪𑄊𑄬 𑄘𑄪𑄊𑄬 𑄎𑄨𑄋𑄴𑄇𑄚𑄨 𑄡𑄬𑄝𑄧,Future
কাঁকা আর দুঃখ,𑄇𑄖𑄴𑄧 𑄚𑄧𑄠𑄴 𑄃𑄢𑄴 𑄘𑄪𑄊𑄴 ।,Present
বো খেলে বিাল চিবা,𑄝𑄬𑄚𑄴𑄳𑄠 𑄈𑄬𑄣𑄬 𑄝𑄬𑄣𑄴𑄳𑄠 𑄌𑄨𑄘𑄬,Present
কোথা থেকে কামা যা,𑄇𑄪𑄖𑄴𑄪𑄚𑄴 𑄛𑄬𑄟𑄴𑄳𑄆𑄮 𑄇𑄟𑄴,Present
"আরও,কোন কাজ করলে এক টাকা","𑄃𑄢𑄴, 𑄇𑄧𑄚𑄴 𑄇𑄟𑄚𑄴𑄳𑄆𑄮 𑄘𑄨 𑄃𑄬𑄇𑄴 𑄑𑄬𑄋",Present
দো আছে সে স্বীকার করেছে,𑄘𑄬𑄚 𑄃𑄊𑄬 𑄥𑄧𑄠𑄴 𑄥𑄊𑄮𑄎𑄴𑄳𑄠,Present
কাপের পাতা দিে হাঁটা,𑄇𑄖𑄴𑄗𑄪𑄚𑄴 𑄛𑄘𑄨𑄟𑄴 𑄦𑄙𑄴,Present
এখানে থাকলে নেই,𑄃𑄨𑄖𑄴𑄳𑄠𑄧 𑄇𑄪𑄘𑄪𑄟𑄴 𑄗𑄬𑄣𑄬𑄃𑄮 𑄚𑄳𑄆𑄬,Present
. যাওা চাইলেও পাওা যা না,𑄡𑄬𑄣𑄬𑄃𑄮 𑄚𑄧 𑄛𑄠𑄴 𑄟𑄘𑄴 ।,Present
বািটা ভেঙে যাচ্ছে,𑄊𑄧𑄢𑄚𑄴 𑄦𑄮𑄠𑄳𑄠 𑄞𑄋 𑄎𑄋,Present
বাি পাতা জাগা নেই,𑄊𑄧𑄢𑄴 𑄛𑄘 𑄎𑄉 𑄚𑄳𑄆𑄬,Present
রাতের বেলা এগুলো ভাবি,𑄢𑄬𑄖𑄴𑄳𑄠𑄧 𑄃𑄬𑄣𑄬 𑄃𑄨𑄠𑄬𑄚𑄨 𑄞𑄝𑄨,Present
.উপরের দিকে নেই,𑄃𑄪𑄘𑄧 𑄣𑄊𑄧𑄖𑄴 𑄚𑄳𑄆𑄬 ।,Present
রাতের বেলা আলো ফোটার সম,𑄢𑄬𑄘𑄴 𑄘𑄨𑄚𑄴 𑄞𑄝𑄨 𑄃𑄨𑄇𑄳𑄠𑄪𑄧𑄢𑄨,Present
কোন গর্ত আর দেখা যা না,𑄇𑄧𑄚𑄧 𑄙𑄪𑄢𑄴 𑄃𑄢𑄴 𑄚𑄧 𑄘𑄬𑄊𑄨,Present
আসা যাওা যা,𑄃𑄏 𑄥𑄧𑄝𑄧𑄚𑄴 𑄡 𑄃𑄊𑄬,Present
সব গুো করে দো,𑄝𑄬𑄇𑄴𑄇𑄚𑄨 𑄃𑄨𑄢𑄨 𑄘𑄨 −,Present
কেলটা চিটিং না করে আবার শুধু চিটিং করে,𑄇𑄬𑄣𑄴𑄳𑄠 𑄌𑄨𑄘𑄬 𑄚𑄧 𑄉𑄮𑄢𑄳𑄦𑄨 𑄃𑄢𑄴 𑄝𑄚𑄳𑄦 𑄃𑄬𑄥𑄴𑄳𑄠 𑄌𑄨𑄘𑄬 𑄣𑄳𑄆𑄮,Present
আনা কিনি মাংস মাছ,𑄃𑄚𑄳𑄦𑄬 𑄇𑄨𑄚𑄨 𑄦𑄬𑄢 𑄟𑄌𑄴,Present
এক জাতী চোখ,𑄑𑄬𑄋 𑄉𑄮𑄢𑄳𑄦𑄨 𑄌𑄳𑄆𑄮 −,Present
"মদ,জগা, কানি খেে","𑄟𑄧𑄘𑄴, 𑄎𑄧𑄉𑄧𑄢𑄳𑄦 , 𑄇𑄚𑄴𑄎𑄨 𑄈𑄳𑄆𑄬",Present
এক জাতী মাটি,𑄜𑄪𑄣𑄪 𑄜𑄣 𑄞𑄌𑄴 𑄟𑄘𑄨,Present
খোলেরা বলে যা,𑄈𑄬𑄟𑄴𑄬 𑄇𑄧𑄠𑄴 𑄡 𑄛𑄢𑄧𑄋𑄴,Present
পাের আঙুলের গর্ত,𑄛𑄎𑄴 𑄃𑄋𑄪𑄣𑄴𑄳𑄆𑄮 𑄊𑄙𑄨 ।,Present
কাঠঠোকরা খেলে খেতে পারবো না,𑄇𑄬𑄣𑄴𑄳𑄠 𑄟𑄧𑄣𑄴𑄬 𑄈𑄳𑄆𑄬 𑄚𑄧 𑄛𑄬𑄟𑄴,Future
খেে খেে যাচ্ছি,𑄈𑄬 𑄈𑄳𑄆 𑄡𑄪𑄚𑄨 𑄟𑄪𑄢𑄨 𑄡𑄋𑄴𑄧,Present
এক জাতী নাচ,𑄦𑄧𑄝𑄧 𑄝𑄝𑄧 𑄚𑄋𑄴 ।,Present
.তাাতাি ভাবে কাজ করে,𑄗𑄃𑄮𑄠𑄳𑄠𑄝𑄮 𑄞𑄝𑄬 𑄇𑄧𑄚𑄴 𑄇𑄟𑄚𑄴𑄳𑄆𑄮,Present
কোথা থেকে তেতো পেেছি,𑄇𑄪𑄖𑄴𑄪𑄚𑄴 𑄑𑄬𑄋 𑄛𑄬𑄟𑄴,Present
ছোট গুি খেে সেখান থেকে,𑄌𑄨𑄟𑄮𑄢𑄴 𑄉𑄮𑄢𑄳𑄦𑄨 𑄈𑄳𑄆𑄬𑄚𑄬 𑄥𑄨𑄖𑄴𑄗𑄪𑄚𑄴,Present
কত টাকা লাগবে,𑄇𑄧𑄙𑄧𑄇𑄴 𑄑𑄬𑄋 𑄝𑄎𑄬𑄟𑄴 ।,Future
কোন ঝামেলা করলে কিছুক্ষণ পর পর জিজ্ঞাসা করলে,𑄇𑄧𑄚𑄴 𑄇𑄪𑄎𑄧𑄣𑄬 𑄇𑄨𑄇𑄴𑄬𑄚𑄴 𑄉𑄧𑄣𑄴𑄬,Past
এক টাকা দিে দুই টাকা,𑄃𑄬𑄇𑄴 𑄑𑄬𑄋𑄣𑄳𑄆𑄮 𑄘𑄧𑄎𑄴 𑄑𑄬𑄋,Present
কেন গোরিা বো,𑄇𑄬𑄚𑄳𑄦𑄬 𑄉𑄮𑄢𑄳𑄦𑄨𑄟𑄴 𑄝𑄬𑄎𑄴 ।,Present
কাউকে কিছুক্ষণ পর পর কথা বলে,𑄇𑄢𑄳𑄦𑄬 𑄇𑄨𑄇𑄴𑄬𑄚𑄴 𑄇𑄧𑄙 𑄇𑄳𑄆𑄮𑄚𑄬,Present
পাহাের পাশে রাখবো,𑄟𑄪𑄙𑄧 𑄞𑄨𑄘𑄨𑄢𑄬 𑄗𑄮𑄟𑄴,Future
জিনিসপত্র পেলে কেমনে,𑄎𑄨𑄚𑄨𑄥𑄴 𑄛𑄘𑄨 𑄛𑄬𑄣𑄳𑄦𑄬 𑄇𑄬𑄚𑄳𑄦𑄬,Past
কম প্যান্টে লোম,𑄇𑄧𑄟𑄴 𑄑𑄬𑄋𑄣𑄳𑄆𑄮 𑄣𑄮𑄟𑄴 ।,Present
আরও কীভাবে জাগা দখল করবো,𑄃𑄢𑄧 𑄇𑄬𑄚𑄳𑄦𑄬 𑄎𑄉 𑄎𑄮𑄢𑄬𑄟𑄴,Future
তাগ করে থাক,𑄖𑄉𑄴 𑄉𑄮𑄢𑄳𑄦𑄨 𑄗𑄳𑄆𑄬 𑄎𑄪,Present
গোপনে গোপনে আর থাকে,𑄟𑄪𑄢𑄬 𑄟𑄪𑄢𑄬 𑄃𑄢𑄬 𑄗𑄢𑄬,Present
উইপোকার খুটি,𑄃𑄪𑄚𑄴𑄎𑄪𑄢𑄴 𑄖𑄮𑄉𑄳𑄆 𑄈𑄪 ।,Present
বািটা তুলবো কি জানি,𑄊𑄧𑄢𑄚𑄴 𑄖𑄪𑄣𑄨𑄟𑄴 𑄇𑄨𑄇𑄴𑄳𑄠𑄪𑄧𑄢𑄨,Future
কোন দিক থেকে গোরিা,𑄇𑄧𑄚𑄴 𑄘𑄨𑄎𑄃𑄨𑄚𑄬 𑄉𑄮𑄢𑄳𑄦𑄨𑄟𑄴,Present
গিরাগুলো তাাতাি লাভ করে,𑄉𑄨𑄢𑄬𑄃𑄪𑄚𑄴 𑄗𑄳𑄆𑄮𑄚𑄬 𑄣𑄞𑄧 𑄑𑄬𑄋𑄣𑄳𑄆𑄮,Present
কোথা যেতে পারবো,𑄇𑄪𑄘𑄴𑄪𑄢𑄴 𑄃𑄪𑄞𑄬 𑄛𑄢𑄨𑄟𑄴 ।,Future
সেখানে থাকবে কত লাভ,𑄥𑄨𑄃𑄧𑄖𑄴 𑄗𑄬𑄝𑄧 𑄇𑄧𑄙𑄧𑄇𑄴 𑄣𑄞𑄴,Future
.বছরে কেক প্যান্ট,𑄝𑄧𑄏𑄧𑄢𑄬 𑄇𑄧𑄙𑄧𑄇𑄴 𑄛𑄬𑄟𑄴,Present
সেগুলো আরও কিছুক্ষণ পর পর গুো করা,𑄥𑄨𑄖𑄴𑄗𑄪𑄚𑄴𑄴 𑄃𑄢𑄧 𑄇𑄨𑄇𑄴𑄬𑄚𑄴 𑄉𑄮𑄢𑄳𑄦𑄨,Present
আরও কোথা যাবো,𑄃𑄢𑄧 𑄇𑄪𑄙𑄪 𑄡𑄬𑄟𑄴 −,Future
এখন গরুটি উতেছে,𑄃𑄨𑄇𑄴𑄬𑄚𑄴 𑄉𑄮𑄢𑄳𑄦𑄨 𑄃𑄪𑄚𑄴𑄎𑄪𑄢𑄴 𑄞𑄝𑄨,Present
এক জাতী পাখি,𑄟𑄪𑄢𑄧𑄖𑄴 𑄛𑄪𑄢𑄨 𑄢𑄳𑄆𑄮,Present
রাত হলে ঘুম আসে না,𑄢𑄬𑄖𑄴𑄳𑄠𑄧 𑄃𑄬𑄣𑄬 𑄊𑄪𑄟𑄬 𑄚𑄧 𑄙𑄧𑄢𑄬,Present
পেট ভর্তি করে খাওা,𑄛𑄬𑄞𑄢𑄴 𑄃𑄏𑄣𑄳𑄆𑄮 ।,Present
নোটা চাা দিে পেেছে,𑄚𑄬𑄠𑄳𑄠𑄝𑄮 𑄌𑄠𑄴 𑄛𑄬𑄘𑄧 𑄥𑄧𑄁,Present
থাওাটা চাা দেওা,𑄗𑄃𑄮𑄠𑄳𑄠𑄝𑄮 𑄌𑄠𑄴 𑄘𑄬𑄝,Present
সেখান থেকে তারা দুই জন,𑄥𑄨𑄚𑄪𑄖𑄴𑄳𑄠𑄳𑄆 𑄖𑄢𑄳𑄦𑄢𑄴 𑄘𑄨 𑄎𑄧𑄚𑄧𑄢𑄴,Present
না মেে মাা দো,𑄚𑄧 𑄟𑄨𑄣𑄬 𑄟𑄝𑄬 𑄎𑄮𑄉 ।,Present
লুকিে,𑄣𑄪𑄇𑄴𑄈𑄨,Present
মেেগুলো বোর বাি লুকিে আছে,𑄟𑄨𑄣𑄬𑄃𑄪𑄚𑄴 𑄞𑄨𑄣𑄬 𑄊𑄧𑄢𑄧 𑄣𑄪𑄇𑄴𑄨,Present
ঘরটি উঠতেছে,𑄉𑄨𑄢𑄨𑄖𑄴𑄗𑄨 𑄃𑄪𑄎𑄮𑄚𑄴𑄘𑄨 𑄉𑄧𑄢𑄳𑄦𑄧𑄚𑄴,Present
ব এলে তারা ছোা বািতে থাকে,𑄝𑄮 𑄃𑄬𑄣𑄬 𑄖𑄢𑄳𑄦 𑄥𑄮𑄢𑄮 𑄊𑄧𑄢𑄧𑄖𑄴,Present
.সোার সুরিটা সামনে রাখো,𑄥𑄮𑄢𑄴 𑄥𑄪𑄢𑄨 𑄥𑄪𑄊𑄧𑄖𑄴 𑄗𑄧𑄚𑄴 ।,Present
ননদ দিে আদর পাওা,𑄚𑄧𑄚𑄧𑄚𑄴 𑄘𑄨𑄃𑄮𑄢𑄴 𑄇𑄮𑄌𑄴 𑄛𑄚𑄳𑄦 𑄘𑄨,Present
বুোটা জেগে থাকে,𑄝𑄪𑄉𑄧𑄖𑄴 𑄞𑄮𑄢𑄬 𑄗𑄳𑄆𑄮,Present
বািটা সুন্দর,𑄊𑄧𑄢𑄚𑄧𑄢𑄬 𑄉𑄧𑄢𑄳𑄦𑄧𑄚𑄴 𑄘𑄮𑄣𑄴,Present
মেে দই দিে রান্না করা,𑄟𑄬𑄠𑄳𑄠 𑄘𑄮𑄠𑄳𑄠 𑄣𑄳𑄆𑄮 ।,Present
বািে যাওা হেছে,𑄊𑄧𑄢𑄧𑄖𑄴 𑄡𑄪𑄚𑄨 𑄗𑄬𑄝𑄧𑄢𑄧𑄇𑄴 𑄈𑄬𑄣𑄬,Present
ভালোভাবে সেজেগুজে নেওা,𑄘𑄮𑄣𑄬 𑄥𑄬𑄎𑄬 𑄚𑄬𑄡𑄚𑄴,Present
মেেটা দো দিে কুমা করে,𑄟𑄬𑄠𑄳𑄠 𑄘𑄳𑄆𑄨𑄚𑄬 𑄇𑄪𑄎𑄧𑄣𑄴 𑄉𑄮𑄢𑄳𑄦𑄨,Present
ভাঙাটা ভালো করে সাজানো,𑄞𑄋𑄚𑄴 𑄘𑄮𑄣𑄬 𑄥𑄎𑄚𑄴 ।,Present
.তারা সবাই নিচু হে আছে,𑄚𑄨𑄃𑄧𑄟𑄴 𑄙𑄧𑄢𑄧𑄟𑄴 𑄉𑄮𑄢𑄳𑄦𑄨 𑄖𑄢𑄳𑄦,Present
লুকিে আছে এমন,𑄣𑄪𑄇𑄴𑄈𑄨 𑄃𑄚𑄧𑄚𑄴 𑄜𑄨𑄢𑄳𑄆𑄬,Present
কেকটা বাি সংসার,𑄇𑄘𑄇𑄖𑄴𑄳𑄠 𑄊𑄧𑄢𑄴 𑄥𑄧𑄁𑄥𑄢𑄚𑄴,Present
ধনে কানায় কানায়,𑄙𑄧𑄚𑄬 𑄃𑄚𑄧𑄚𑄴 𑄞𑄮𑄢𑄳𑄆𑄬 ।,Present
.সেগুলোতে কোন বাি লুকিে নেই,𑄥𑄨𑄚𑄪𑄖𑄴𑄳𑄠𑄳𑄆 𑄇𑄧𑄚𑄴 𑄊𑄧𑄢𑄧 𑄣𑄪𑄇𑄴𑄈𑄨,Present
বািটা সুন্দর,𑄊𑄧𑄢𑄚𑄴 𑄉𑄧𑄢𑄳𑄦𑄧𑄚𑄴 𑄥𑄮𑄞,Present
পাহাি মেে নাগর দোলা,𑄦𑄏𑄨 𑄟𑄬𑄠𑄳𑄠 𑄚𑄉𑄧𑄢𑄴 𑄞𑄮𑄢𑄳𑄆𑄬,Present
.সেটা পরিষ্কার করার সম।,𑄥𑄨𑄙𑄚𑄴 𑄥𑄪𑄊𑄧𑄢𑄴 𑄦𑄞 ।,Present
আগের দিনের মেেগুলো মাা,𑄃𑄇𑄴𑄬 𑄘𑄨𑄚𑄧𑄢𑄴 𑄟𑄨𑄣𑄬𑄃𑄪𑄚𑄴 𑄟𑄖𑄴𑄧𑄢𑄴,Present
সে লুকোচুরি আর নেই,𑄥𑄬 𑄣𑄪𑄇𑄴𑄨 𑄃𑄢𑄴 𑄚𑄳𑄆𑄬,Present
.উবব করতেছে এখন,𑄃𑄪𑄝𑄮𑄘𑄴 𑄏𑄝𑄧𑄖𑄴 𑄉𑄧𑄢𑄳𑄦𑄧𑄚𑄴 𑄃𑄨𑄇𑄴𑄬,Present
শুকরের বািতে এই,𑄥𑄮𑄢𑄮 𑄊𑄧𑄢𑄧𑄖𑄴 𑄃𑄳𑄆𑄬 ।,Present
বাঁশ পানশে এখন রৌদ্র পোহাতেছে,𑄝𑄥𑄴 𑄛𑄚𑄴 𑄃𑄨𑄇𑄴𑄬 𑄥𑄮𑄢𑄴 𑄥𑄪𑄢𑄨𑄖𑄴𑄪𑄚𑄴,Present
.কাছে আসলে ঘৃণা,𑄇𑄪𑄢𑄬 𑄃𑄬𑄣𑄬 𑄊𑄨𑄚𑄚𑄴,Present
মাটি দিে এখানে সু সুি তৈরি হ,𑄟𑄚𑄴𑄎𑄴𑄳𑄠𑄧 𑄃𑄨𑄙𑄪 𑄥𑄮𑄢𑄴 𑄥𑄪𑄢𑄨 𑄞𑄨𑄣𑄨,Present
চেনা দিনটাই লাজ,𑄌𑄨𑄚𑄴 𑄘𑄨𑄝𑄣𑄴𑄣𑄳𑄆 𑄣𑄎𑄚𑄴 ।,Present
"ননদ, দেওার, বেজো, জাল","𑄚𑄧𑄚𑄧𑄚𑄴, 𑄘𑄨𑄃𑄮𑄢𑄴, 𑄞𑄬𑄎𑄪𑄢𑄴, 𑄎𑄣𑄴",Present
সবাই হওা শুরু করল,𑄝𑄬𑄇𑄴𑄪𑄚𑄴𑄳𑄆𑄮 𑄦𑄧𑄚𑄴 𑄜𑄧𑄢𑄮𑄣𑄴𑄳𑄠𑄧,Past
".হওা,মোটা হওা নিজে","𑄦𑄮𑄖𑄴𑄗, 𑄟𑄮𑄖𑄴𑄖 𑄦𑄮𑄝𑄢𑄴 𑄚𑄨𑄎𑄬",Present
কথা গুলো কোন ঝামেলা,𑄇𑄮𑄙𑄚𑄨 𑄇𑄧𑄚𑄴 𑄃𑄢𑄣𑄴𑄳𑄠𑄧 ।,Present
ব ব কথা বলে,𑄝𑄬𑄋 𑄇𑄮𑄋 𑄇𑄮𑄙 𑄇𑄳𑄆𑄮𑄚𑄬,Present
এক জাতী বুনো ফল,𑄃𑄪𑄚𑄴𑄎𑄪𑄢𑄴 𑄖𑄮𑄉𑄚𑄴 𑄎𑄮𑄣𑄴,Present
সোনার ধোঁা দিে ঘর সংসার,𑄥𑄮𑄚 𑄙𑄮𑄇𑄴𑄳𑄠𑄚𑄴 𑄊𑄧𑄢𑄴 𑄥𑄧𑄁𑄥𑄢𑄚𑄴,Present
ভেঙে গিে গেল,𑄞𑄋𑄨 𑄉𑄮𑄢𑄳𑄦𑄚𑄴 𑄦𑄮𑄣𑄴 ।,Past
বিভিন্ন ধরনের মাশরুম খাওা যা,𑄚𑄚𑄚𑄴 𑄛𑄬𑄎𑄬 𑄇𑄪𑄎𑄮𑄣𑄴 𑄙𑄪𑄢𑄨,Present
.স্বামীকে হালচাষ করতে হবে।,𑄚𑄬𑄇𑄴𑄳𑄠𑄧𑄢𑄳𑄦𑄬 𑄦𑄣𑄬𑄟𑄴𑄟𑄮 𑄉𑄮𑄢𑄳𑄦𑄨,Future
ঘোড়সওয়াররা বেলুন বানিেছে,𑄊𑄮𑄢𑄴𑄝𑄮𑄃𑄪𑄚𑄴𑄳𑄆𑄮 𑄜𑄮𑄢𑄮𑄣𑄴𑄳𑄠𑄧 𑄝𑄚𑄳𑄆𑄬,Present
বািটা নিে যাওা ইে,𑄊𑄧𑄢𑄚𑄴 𑄚𑄬𑄡𑄚𑄴 𑄃𑄨𑄢𑄨 ।,Present
সাদা সাদা বাি আসতেছে,𑄥𑄮𑄢𑄴 𑄥𑄮𑄢𑄨 𑄊𑄧𑄢𑄴 𑄃𑄨𑄢𑄨 𑄃𑄳𑄆𑄬𑄚𑄬,Present
নিজে নিজে বাি,𑄚𑄨𑄎𑄬 𑄝𑄚𑄴𑄬 𑄊𑄧𑄢𑄴,Present
সে এখন লুকিে আছে,𑄥𑄬𑄇𑄴𑄬 𑄖𑄬 𑄦𑄧𑄚𑄴 𑄣𑄪𑄇𑄴𑄈𑄨 𑄥𑄨𑄙𑄬,Present
নেওা হলে নিজের,𑄚𑄬𑄇𑄴𑄳𑄠𑄧 𑄦𑄧𑄣𑄬 𑄚𑄨𑄎𑄧𑄢𑄴 ।,Present
বাচ্চারা এখন ব ব কথা বলে,𑄛𑄮𑄝𑄳𑄠𑄧 𑄃𑄨𑄇𑄴𑄬 𑄝𑄮𑄝𑄳𑄠𑄨 𑄇𑄮𑄙𑄣𑄳𑄆𑄮,Present
নিজের ভগুলো রেখে দাও,𑄚𑄨𑄎𑄧 𑄊𑄮𑄢𑄴𑄝𑄮𑄃𑄪𑄚𑄴 𑄗𑄳𑄆𑄮,Present
সব পরিষ্কার হেছে,𑄣𑄧𑄣𑄧𑄥𑄴 𑄛𑄧𑄣𑄧𑄥𑄴 𑄦𑄧𑄠𑄴 𑄝𑄬𑄇𑄴𑄈𑄚𑄴,Present
".সোজা-সুি, ছাা ছাি","𑄥𑄮𑄢-𑄴𑄥𑄪𑄢𑄨, 𑄍𑄣-𑄍𑄣𑄨",Present
সবাই সম সৎ,𑄝𑄬𑄇𑄴𑄇𑄪𑄚𑄴𑄴𑄳𑄆𑄮 𑄦𑄧𑄚𑄴 𑄥𑄧𑄙𑄧𑄢𑄴,Present
"খাওা দাওা,টেঙা পোজ","𑄈𑄚 𑄘𑄚𑄠𑄴, 𑄑𑄬𑄋 𑄛𑄮𑄎𑄳𑄠𑄠𑄴",Present
সবকিছুতে আদর,𑄝𑄬𑄇𑄴𑄇𑄚𑄨𑄖𑄴 𑄝𑄢𑄳𑄦𑄠𑄴 𑄃𑄘𑄧𑄢𑄴 ।,Present
"নিজের বাপ,ভাই,ইত","𑄚𑄨𑄎𑄧 𑄝𑄝𑄴 𑄟, 𑄞𑄳𑄆𑄬 𑄝𑄮𑄚𑄴, 𑄃𑄨𑄖𑄴𑄳𑄠𑄧",Present
সবাই তো আলাদা,𑄝𑄬𑄇𑄴𑄪𑄚𑄴𑄳𑄆𑄮 𑄦𑄳𑄆𑄮 𑄜𑄢𑄧𑄇𑄴,Present
"মেে দো, বো চা","𑄟𑄬𑄠𑄳𑄠 𑄘𑄮𑄠𑄳𑄠, 𑄝𑄬𑄢𑄚𑄴 𑄌𑄬𑄢𑄚𑄴",Present
সবটাতে হ,𑄝𑄬𑄇𑄴𑄇𑄚𑄨𑄖𑄴 𑄦𑄧𑄠𑄴 𑄃𑄣𑄧𑄇𑄴 ।,Present
অসুখী মানুষরা নিজেদের মানুষ,𑄛𑄨𑄢𑄬 𑄛𑄮𑄖𑄴𑄮𑄇𑄴 𑄚𑄨𑄎𑄧 𑄟𑄚𑄪𑄌𑄴𑄪𑄚𑄴,Present
না দেখে ফিরে যাওা,𑄚𑄧 𑄌𑄠𑄴 𑄜𑄨𑄢𑄨 𑄚𑄧 𑄣𑄧𑄠 𑄴𑄈𑄪,Present
যে হওা হ কাল,𑄡𑄬 𑄦𑄧𑄝𑄧 𑄦𑄮𑄇𑄴 𑄇𑄣𑄴 ।,Present
"এখন গরুর মা-বাবা,ভাই-বোন","𑄃𑄨𑄇𑄴𑄬𑄚𑄴 𑄉𑄮𑄢𑄨 𑄟-𑄝𑄝𑄴, 𑄞𑄳𑄆𑄬 - 𑄝𑄮𑄚𑄴",Present
সবাই দািে আছে,𑄝𑄬𑄇𑄴𑄪𑄚𑄴𑄳𑄆𑄮 𑄗𑄳𑄆𑄬 𑄘𑄪𑄢𑄧𑄖𑄴,Present
নিজের বস টানা সবগুলো,𑄚𑄨𑄎𑄧 𑄝𑄧𑄋𑄴𑄥𑄧𑄢𑄴 𑄑𑄚𑄚𑄴 𑄝𑄬𑄇𑄴𑄇𑄚𑄴,Present
.ফেলা গাছের মাথা,𑄜𑄬𑄣𑄚𑄴 𑄉𑄢𑄳𑄆𑄬 𑄟𑄪𑄢𑄧𑄖𑄴 ।,Present
এখন সে মা-বাবা,𑄃𑄨𑄇𑄴𑄬 𑄥𑄬𑄘𑄬𑄚𑄴 𑄟- 𑄝𑄛𑄴𑄪𑄚𑄧𑄢𑄴,Present
বুো সম চিবিে,𑄝𑄪𑄉𑄧𑄖𑄴 𑄥𑄮𑄟𑄴𑄳𑄠 𑄌𑄨𑄘𑄬,Present
উভন্ত হওা বৌ নিে আসলে,𑄃𑄪𑄞𑄮𑄘𑄴 𑄦𑄧𑄝𑄧𑄚𑄨 𑄝𑄮 𑄃𑄚𑄨𑄣𑄬,Present
বস পিঠা,𑄝𑄧𑄋𑄴𑄥𑄧 𑄥𑄧𑄋𑄴𑄥𑄢𑄴 𑄞𑄨𑄙𑄬 !,Present
ব না এমন মেেগুলো মািে,𑄝𑄮 𑄚𑄧 𑄃𑄬𑄖𑄴𑄬 𑄟𑄨𑄣𑄬𑄃𑄪𑄚𑄴 𑄟𑄖𑄴𑄧𑄢𑄴,Present
এখন অনেক ভালো,𑄥𑄬𑄇𑄴𑄬 𑄞𑄢𑄨 𑄉𑄧𑄟𑄴,Present
.ব এলে কেন চূাচা করতেছে,𑄝𑄮 𑄃𑄬𑄣𑄬 𑄇𑄨𑄖𑄴𑄗𑄳𑄆𑄬 𑄌𑄪𑄌𑄴𑄬𑄋𑄴- 𑄞𑄪𑄖𑄴𑄬𑄋𑄴,Present
সব গুো হেছে,𑄝𑄬𑄇𑄴𑄇𑄚𑄨 𑄦𑄬𑄙𑄧𑄇𑄴 𑄦𑄧𑄚𑄴!,Present
দুধটা এখন কার,𑄘𑄪𑄌𑄴𑄌𑄚𑄴 𑄃𑄨𑄇𑄴𑄬 𑄇𑄢𑄴 !,Present
ব ব না তার ব মা,"𑄝𑄮 𑄝𑄳𑄠𑄧𑄢𑄴 𑄚 𑄖 𑄝𑄝𑄴- 𑄟𑄢𑄴,",Present
. তার সু সুি নেই,𑄚𑄧 𑄖 𑄥𑄮𑄢𑄴 𑄥𑄮𑄢𑄳𑄦𑄨𑄢𑄴 -,Present
নাননন দেওার জাল,𑄚 𑄚𑄧𑄚𑄧𑄚𑄴 𑄘𑄨𑄃𑄮𑄢𑄴 𑄎𑄣𑄧𑄢𑄴 !,Present
মনে হ সবার থেকে,𑄟𑄧𑄚𑄬 𑄉𑄧𑄢𑄳𑄦𑄧𑄋𑄴 𑄝𑄬𑄇𑄴𑄪𑄚𑄧𑄖𑄴𑄗𑄪𑄚𑄴,Present
.অনেক ব ব দুঃখ,𑄃𑄊𑄬 𑄌𑄨𑄃𑄮𑄚𑄴 𑄘𑄋𑄳𑄦𑄧𑄢𑄴 𑄘𑄪𑄎𑄴,Present
বািটা ব হেছে,𑄝𑄬𑄊𑄧𑄢𑄴 𑄘𑄋𑄳𑄦𑄧𑄢𑄴 𑄘𑄪𑄌𑄴𑄌𑄚𑄴 𑄦𑄧𑄣𑄧,Present
কারো থেকে বুো নেই,𑄇𑄢𑄳𑄦𑄧𑄖𑄴𑄗𑄪𑄚𑄴 𑄚𑄳𑄆𑄬 𑄝𑄪𑄌𑄴 ।,Present
সুরিটা বললে ব করতে পারে না,𑄥𑄪𑄢𑄳𑄦𑄨𑄝𑄮 𑄇𑄧𑄣𑄬 𑄝𑄮- 𑄝𑄳𑄠𑄧 𑄚𑄧 𑄝𑄪𑄏𑄬𑄢𑄴,Present
ব ব কথা বলতেছি,𑄝𑄮- 𑄝𑄳𑄠𑄧 𑄇𑄧𑄣𑄬 𑄥𑄪𑄢𑄳𑄦𑄨𑄝𑄳𑄠𑄧,Present
ননন দিে খেলে,𑄚𑄧𑄚𑄧𑄚𑄴- 𑄘𑄨𑄃𑄮𑄢𑄴 𑄎𑄣𑄬 𑄇𑄧𑄣𑄬,Past
না হলে বুঝবে না ব,𑄦𑄧𑄣𑄬 𑄚𑄧 𑄝𑄪𑄏𑄬𑄢𑄴 𑄝𑄮- 𑄝𑄳𑄠𑄧 ।,Future
এখন গরুটা পা ভেঙে যা,𑄃𑄨𑄇𑄴𑄬𑄚𑄴 𑄉𑄮𑄢𑄳𑄦𑄨 𑄗𑄬 𑄞𑄋𑄨 𑄡𑄳𑄆𑄬,Present
বািতে মেেটা ধুধুক,𑄊𑄧𑄢𑄧𑄖𑄴 𑄥𑄮𑄟𑄚𑄴 𑄙𑄪𑄙𑄪𑄇𑄋𑄴,Present
কাজে- কথা বলে সে আবার,𑄇𑄟𑄬- 𑄇𑄮𑄙𑄠𑄴 𑄖𑄣𑄴𑄳𑄆𑄮 𑄖𑄬 𑄃𑄢𑄴,Present
.কিছু খানা শাক,𑄇𑄨𑄌𑄴𑄪 𑄚𑄧 𑄈𑄠𑄴 𑄥𑄋𑄴 ।,Present
.পোরা-পোরা লাগে এখন,𑄛𑄬𑄎- 𑄛𑄬𑄥𑄳𑄠 𑄝𑄏𑄬 𑄃𑄨𑄇𑄴𑄬,Present
"কাউকে,কেউ কেউ পারে ঝাি","𑄇𑄢𑄳𑄦𑄬, -𑄇𑄮𑄚𑄴𑄚 𑄛𑄢𑄬 𑄏𑄢𑄨",Present
শেষ হে ব ফল,𑄗𑄪𑄟𑄬𑄚𑄴𑄨 𑄦𑄧𑄠𑄴 𑄘𑄋𑄳𑄦𑄧𑄢𑄴 𑄜𑄧𑄣𑄚𑄴,Present
বািটা যাওা ইে,𑄊𑄧𑄢𑄚𑄴 𑄡𑄚 𑄃𑄨𑄢𑄨 ।,Present
সুগর আছে বই নিে,𑄥𑄪𑄊𑄧𑄢𑄴 𑄃𑄏𑄠𑄴 𑄝𑄮 𑄃𑄚𑄨𑄚𑄬,Present
.ইচিরি পুি দুঃখ,𑄃𑄨𑄇𑄴𑄳𑄠𑄧𑄢𑄨 𑄛𑄪𑄢𑄨 𑄘𑄪𑄊𑄧𑄖𑄴,Present
পাহাে থাকার জাগা,𑄦𑄏𑄨- 𑄢𑄋𑄬 𑄗𑄬𑄝𑄢𑄴 𑄎𑄉𑄖𑄴,Present
কান্না করতে করতে কোমর ব্যাথা করে,𑄇𑄘𑄳𑄆𑄬 𑄘𑄪𑄊𑄧𑄢𑄴 𑄞𑄪𑄉𑄧𑄖𑄴 ।,Present
এখন আমার আছে-সমান,𑄃𑄨𑄇𑄴𑄳𑄠𑄧𑄢𑄨 𑄃𑄟𑄢𑄴 𑄃𑄏- 𑄥𑄧𑄝𑄧𑄚𑄴,Present
সব ভেঙে যাওা,𑄝𑄬𑄇𑄴𑄇𑄚𑄨 𑄡𑄠𑄴 𑄞𑄋𑄨,Present
ছেঁা হে যাওা-পা,𑄍𑄳𑄆𑄬 𑄦𑄳𑄆𑄮 𑄡𑄟𑄳𑄠𑄳𑄆𑄧 𑄣𑄧𑄣𑄧𑄎𑄴- 𑄛𑄧𑄣𑄧𑄎𑄴,Present
মেে দোা হাঁি,𑄟𑄬𑄠𑄳𑄠 𑄘𑄮𑄠𑄳𑄠 𑄦𑄋𑄨 ।,Present
.আমার কথা গুলো এখানে একদম,𑄟𑄪𑄢𑄴 𑄇𑄮𑄙𑄃𑄚𑄴 𑄃𑄨𑄃𑄮𑄖𑄴 𑄟𑄖𑄴𑄧𑄢𑄴,Present
.কিছুই দেখা যা না,𑄇𑄨𑄃𑄳𑄆𑄮 𑄍𑄉𑄨 𑄚𑄧 𑄌𑄳𑄆𑄬,Present
বাইরে থেকে সবাই ডুবে যা,𑄃𑄚𑄴𑄘𑄢𑄧𑄖𑄴 𑄗𑄳𑄆𑄬 𑄝𑄬𑄇𑄴𑄪𑄚𑄴 𑄓𑄪𑄝𑄨,Present
ব আকারের আাআি দেখি,𑄘𑄋𑄳𑄦𑄧𑄢𑄴 𑄃𑄇𑄴𑄮𑄣𑄴𑄳𑄠 𑄌𑄬𑄘𑄳𑄆𑄬 ।,Present
সেখান থেকে সব কিছু আমার,𑄥𑄨𑄃𑄧𑄖𑄴𑄪𑄚𑄴 𑄦𑄧𑄠𑄴 𑄝𑄬𑄇𑄴𑄈𑄚𑄨 𑄃𑄟𑄢𑄴,Present
না হওা ছোট অবুঝ,𑄚𑄧 𑄦𑄧𑄚 𑄌𑄨𑄃𑄮𑄚𑄴 𑄃𑄧𑄝𑄪𑄏𑄧,Present
সহা জিনিসপত্র কিছুই থাকে না,𑄥𑄳𑄦𑄧𑄃𑄧𑄚𑄴- 𑄝𑄳𑄦𑄧𑄃𑄧𑄚𑄴 𑄇𑄨𑄌𑄴𑄪 𑄚𑄧 𑄗𑄠𑄴,Present
বেশি দেখে বুঝ,𑄃𑄙𑄨𑄇𑄴 𑄌𑄬𑄘𑄳𑄆𑄬 𑄝𑄪𑄏𑄧 ।,Present
সে না ব ব বানানো,𑄥𑄬𑄚𑄬 𑄚𑄧𑄠𑄴 𑄝𑄮-𑄝𑄳𑄠𑄧 𑄝𑄚𑄳𑄦,Present
সবাই আলাদা হ,𑄝𑄬𑄇𑄴𑄪𑄚𑄴 𑄘𑄪𑄎𑄬 𑄦𑄧𑄠𑄴,Present
সহা-সবসম ক্ষমা করে দিলে,𑄥𑄳𑄦𑄧𑄃𑄧𑄚𑄴-𑄝𑄳𑄦𑄧𑄃𑄧𑄚𑄴 𑄈𑄬𑄟 𑄗𑄬𑄣𑄬,Past
এগুলো খেলা হ না,𑄃𑄨𑄠𑄬𑄚𑄨 𑄈𑄢𑄠𑄴 𑄚𑄧 𑄦𑄧𑄠𑄴 ।,Present
".নেে-নেে,সোর-সুি","𑄚𑄬𑄉𑄬-𑄟𑄮𑄉𑄬, 𑄥𑄮𑄢𑄴-𑄥𑄪𑄢𑄨",Present
"ননদ, দেওার, বিপত্নীক","𑄚𑄧𑄚𑄧𑄚𑄴, 𑄘𑄨𑄃𑄮𑄢𑄴, 𑄞𑄬𑄎𑄪𑄢𑄴𑄣𑄴𑄳𑄆𑄮",Present
"নস্যি, জাল, স্যাঁত স্যাতেঁলি","𑄚𑄧𑄚𑄴𑄥𑄮𑄥𑄴, 𑄎𑄣𑄴, 𑄥𑄣-𑄥𑄣𑄨",Present
"জী, সোওা, ছেলে-ঝিলো","𑄎𑄬𑄉𑄧𑄖𑄴, 𑄥𑄮𑄃𑄮𑄚𑄴𑄘𑄨, 𑄛𑄮-𑄏𑄨𑄣𑄳𑄆𑄮",Present
যোগা আমরা আলুলো করলাম,𑄡𑄪𑄚𑄨 𑄃𑄟𑄨 𑄃𑄣𑄪𑄣𑄮-𑄘𑄪𑄣𑄪𑄣𑄳𑄆𑄮,Past
সুঁচালো পাখানা,𑄥𑄪𑄊𑄬 𑄗𑄬𑄘𑄧𑄋𑄴 𑄌𑄳𑄆𑄬,Present
"মেে-আদর,মানুষ সম","𑄟𑄬𑄠𑄳𑄠 -𑄃𑄘𑄧𑄢𑄴, 𑄟𑄚𑄴 𑄥𑄧𑄢𑄴𑄟𑄚𑄴",Present
সমান করে দো,𑄥𑄧𑄁 𑄉𑄮𑄢𑄳𑄦𑄨𑄚𑄬 𑄘𑄨 𑄡𑄳𑄆𑄬 ।,Present
"পাহাি-রুচি, সহা বহন","𑄦𑄏𑄨-𑄢𑄪𑄎𑄨, 𑄥𑄳𑄦𑄧𑄚𑄴-𑄝𑄳𑄦𑄧𑄚𑄬",Present
তোরা সবাই সম,𑄗𑄳𑄆𑄮 𑄝𑄬𑄇𑄴𑄪𑄚𑄴 𑄥𑄧𑄙𑄧𑄢𑄴,Present
ভুল দেখলে দুঃখ ধরে না,𑄞𑄪𑄣𑄴 𑄘𑄬𑄊𑄨𑄣𑄬 𑄘𑄪𑄎𑄴 𑄚𑄧 𑄙𑄧𑄢𑄨,Present
গোরি আর আদর,𑄉𑄮𑄢𑄳𑄦𑄨 𑄃𑄢𑄧 𑄃𑄘𑄧𑄢𑄴 ।,Present
আজকে গোরি যোগা হওা হলে,𑄃𑄨𑄇𑄴𑄬𑄚𑄴 𑄉𑄮𑄢𑄳𑄦𑄨 𑄡𑄪𑄚𑄨 𑄦𑄧𑄣𑄬,Past
.হওা গেলে সুন্দর,𑄦𑄳𑄆𑄮 𑄛𑄢𑄨𑄣𑄬 𑄘𑄮𑄣𑄴,Present
.বাি সংসার,𑄚𑄧 𑄞𑄋𑄨𑄝𑄧 𑄊𑄧𑄢𑄴 𑄥𑄧𑄁𑄥𑄢𑄴,Present
আগের দিনের স্মৃতি রোমন্থন,𑄃𑄉𑄧 𑄘𑄨𑄚𑄧𑄢𑄴 𑄥𑄚𑄴 𑄉𑄮𑄢𑄳𑄦𑄨,Present
সুন্দর করে গোছানো বাি,𑄘𑄮𑄣𑄴 𑄉𑄮𑄢𑄳𑄦𑄨𑄚𑄬 𑄥𑄬𑄇𑄴𑄬 𑄊𑄧𑄢𑄚𑄴,Present
মেেটা তরকারি খাওা,𑄟𑄬𑄠𑄳𑄠𑄠𑄴 𑄃𑄪𑄘𑄨𑄝𑄧 𑄞𑄪𑄢𑄨 ।,Present
"হুক্কা, হুক্কা",𑄦𑄪𑄎𑄴,Present
আমাদের পাশে হে যে মানুষগুলো হেছে,𑄃𑄟 𑄘𑄊𑄬 𑄦𑄳𑄆𑄮 𑄡𑄬𑄠𑄳𑄠𑄧𑄚𑄴 𑄦𑄪𑄎𑄬 𑄞𑄨𑄣𑄬 𑄟𑄚𑄪𑄌𑄴,Present
".যেগুলো সেটা পাশ কেটে যা, সেগুলো পাের ফল",𑄡𑄨𑄃𑄪𑄚𑄬 𑄥𑄨𑄠𑄬𑄚𑄴 𑄙𑄪𑄢𑄨 𑄌𑄬𑄠𑄳𑄠𑄧𑄚𑄴 𑄥𑄨𑄃𑄪𑄚𑄬 𑄛𑄬𑄠𑄳𑄠𑄧𑄚𑄴 𑄜𑄧𑄣𑄴,Present
"হুক্কা খেলে,হুক্কা খেলে,হুক্কা খেলে,হুক্কা খেলে আর কি","𑄦𑄪𑄎𑄬 𑄈𑄬𑄣𑄬, 𑄦𑄪𑄎𑄬 𑄗𑄬𑄣𑄬, 𑄦𑄪𑄎𑄬 𑄌𑄬𑄣𑄬 𑄃𑄢𑄧",Present
.কিছু হনা তার কোমরের আাল,𑄇𑄨𑄌𑄴𑄪 𑄚𑄧 𑄦𑄧𑄠𑄴 𑄥𑄨𑄝𑄬𑄢𑄴 𑄞𑄨𑄣𑄬 𑄃𑄞𑄣𑄴- 𑄃𑄝𑄧𑄘𑄴 𑄃𑄬𑄣𑄬 ।,Present
উপরে বসে পাশাপাশি করে যাবে আর পাশাপাশি করে কথা বলবে,𑄃𑄪𑄙𑄬 𑄝𑄧𑄎𑄬 𑄦𑄪𑄎𑄬 𑄡𑄨𑄝𑄬 𑄃𑄢𑄧 𑄦𑄪𑄎𑄬 𑄇𑄧𑄠𑄴 𑄡𑄨𑄝𑄬,Future
মানুষ-সমানের মধ্যে সে লজ্জা- দুঃখ,"𑄟𑄚𑄴- 𑄥𑄧𑄢𑄴𑄟𑄚𑄬 𑄢𑄧𑄠𑄴 𑄖𑄬 𑄚𑄧 𑄛𑄠𑄴 𑄣𑄎𑄴- 𑄘𑄪𑄊𑄴,",Present
ধুন্দুক হে শুধু তার যেদিকে হ,𑄙𑄪𑄚𑄴𑄘𑄪𑄇𑄴𑄇𑄚𑄴 𑄦𑄧𑄠𑄴 𑄝𑄚 𑄥𑄨𑄝𑄬𑄢𑄴 𑄡𑄨𑄝𑄬 𑄦𑄪𑄎𑄴 𑄦𑄢 𑄦𑄧𑄠𑄴,Present
.সে একা একা মানুষ খাওা-আসা করে না,𑄚𑄧 𑄦𑄪𑄢𑄨𑄝 𑄃𑄝𑄣-𑄃𑄝𑄧𑄘𑄴 𑄎𑄧𑄚𑄧𑄟𑄴 𑄞𑄪𑄢𑄨 𑄖𑄢𑄴 ।,Present
.সে কেন লজ্জা পাবে?,𑄇𑄬𑄠𑄳𑄠𑄖𑄴 𑄛𑄬𑄝𑄧 𑄘𑄪𑄊𑄴 𑄖𑄬 𑄣𑄎𑄴-𑄥𑄧𑄢𑄧𑄟𑄴 𑄡𑄬𑄝𑄧,Future
মানুষ মরলে সেটা কষ্ট পাবে,𑄟𑄚𑄴 𑄦𑄢𑄬𑄝𑄧 𑄡𑄨𑄃𑄧𑄖𑄴 𑄥𑄨𑄃𑄧𑄖𑄴 𑄘𑄪𑄊𑄧𑄖𑄴 𑄗𑄬𑄝𑄧 𑄈𑄪𑄝𑄴,Future
হুক্কা খাওা হে যারা এসেছে তাদের সাথে,𑄦𑄪𑄎𑄴 𑄦𑄢 𑄦𑄮𑄠𑄳𑄠𑄧𑄚𑄴 𑄡𑄨𑄃𑄪𑄚𑄴 𑄃𑄬𑄥𑄴𑄳𑄠 𑄥𑄧𑄁 𑄡𑄢,Present
অবশ্যই তারা এই ফলাটা পেেছে,𑄈𑄟𑄇𑄴𑄇𑄳𑄆 𑄖𑄢𑄳𑄦 𑄇𑄳𑄆𑄮 𑄛𑄢𑄨𑄝𑄇𑄴 𑄃𑄬 𑄜𑄧𑄣𑄚𑄨 𑄛𑄬𑄠𑄳𑄠𑄧𑄚𑄴 ।,Present
সবাই না হে শুধু বসে থাকে,𑄝𑄬𑄦𑄪𑄎𑄴 𑄚𑄧 𑄦𑄳𑄆𑄮 𑄃𑄬𑄡𑄧 𑄥𑄬𑄚𑄬 𑄝𑄬𑄇𑄴𑄪𑄚𑄴 𑄦𑄪𑄎𑄬 𑄗𑄳𑄆𑄬,Present
সুে থাকতে ভালো করে ভালো করে জীবন কাটানো,𑄥𑄪𑄊𑄬 𑄗𑄳𑄆𑄬𑄚𑄬 𑄘𑄮𑄣𑄬 𑄉𑄮𑄋𑄳𑄆𑄬 𑄉𑄮𑄘 𑄎𑄨𑄁𑄇𑄚𑄨,Present
লজ্জা-লজ্জা আসে না আমাদের কাছে,𑄣𑄎𑄴-𑄘𑄪𑄊𑄴 𑄚𑄧 𑄃𑄬𑄡𑄮𑄇𑄴 𑄃𑄟 𑄇𑄪𑄢𑄬-𑄇𑄠𑄴,Present
এই মনটা হারিে না পে যেন তার নিজের মা,𑄚𑄧 𑄦𑄢𑄳𑄆 𑄡𑄬𑄚𑄴 𑄃𑄬 𑄟𑄧𑄚𑄚𑄬 𑄖𑄢𑄴 𑄚𑄨𑄎𑄧 𑄟𑄚𑄴,Present
জীবনটা ভালো করে কেটে যাওা যা,𑄎𑄨𑄁𑄇𑄚𑄨𑄠𑄚𑄴 𑄘𑄮𑄣𑄬 𑄇𑄘𑄳𑄆𑄬 𑄝𑄨𑄘𑄨 𑄚𑄨𑄝𑄇𑄴 𑄙𑄨𑄚𑄴,Present
মনটা ভালো থাকার জন্য সবাই মুখ খুলতেছে,𑄟𑄧𑄚𑄧 𑄥𑄪𑄊𑄬 𑄗𑄳𑄆𑄬𑄚𑄬 𑄝𑄬𑄇𑄴𑄪𑄚𑄴 𑄟𑄪𑄃𑄧𑄖𑄴 𑄜𑄪𑄘𑄳𑄆𑄬 𑄦𑄏𑄨 ।,Present
সুতরো-মিতরো,𑄥𑄪𑄖𑄴𑄪𑄢𑄴- 𑄟𑄨𑄖𑄴𑄪𑄢𑄴,Present
সুসুি করে শুধু সুসুি করিও না,𑄥𑄪𑄖𑄴𑄪𑄢𑄴-𑄟𑄨𑄖𑄴𑄪𑄢𑄴 𑄦𑄳𑄆𑄮 𑄝𑄚𑄳𑄦 𑄟𑄖𑄴𑄧𑄢𑄴 𑄥𑄪𑄖𑄴𑄪𑄢𑄴-𑄟𑄨𑄖𑄴𑄪𑄢𑄴 𑄚𑄧 𑄌𑄨𑄚𑄨,Present
কোন সুোসুো কোন মিোর কথা ভালো করে শুনা যা না,𑄇𑄮𑄚𑄴𑄚 𑄥𑄪𑄖𑄴𑄪𑄢𑄴 𑄇𑄮𑄚𑄴𑄚 𑄟𑄨𑄖𑄴𑄪𑄢𑄴 𑄇𑄮𑄃𑄳𑄆𑄮 𑄘𑄮𑄣𑄬 𑄚𑄧 𑄢𑄨𑄚𑄨 ।,Present
কাজে কথা না বলে তাকে সুতরো বলে,𑄇𑄟𑄬 𑄇𑄮𑄙𑄠𑄴 𑄥𑄁 𑄚𑄧 𑄈𑄬𑄣𑄬 𑄥𑄨𑄝𑄬𑄢𑄬 𑄥𑄪𑄖𑄴𑄪𑄢𑄴 𑄇𑄳𑄆𑄮,Present
.সবগুলো যোগা করে তাকে মিষ্টি কথা বলে,𑄝𑄬𑄇𑄴𑄇𑄚𑄨 𑄡𑄪𑄚𑄨 𑄥𑄁 𑄇𑄠𑄴 𑄟𑄧𑄚𑄚𑄴 𑄥𑄨𑄝𑄬𑄢𑄬 𑄟𑄨𑄖𑄴𑄪𑄢𑄴 𑄇𑄳𑄆𑄮 ।,Present
আরও বলেও মানুষ ভ পা না,𑄃𑄢𑄴 𑄇𑄢𑄧𑄣𑄴𑄳𑄆𑄮𑄃𑄮 𑄎𑄧𑄚𑄧𑄟𑄴 𑄞𑄪𑄢𑄨 𑄥𑄪𑄖𑄴𑄪𑄢𑄴-𑄟𑄨𑄖𑄴𑄪𑄢𑄴 𑄚𑄧 𑄢𑄧𑄠𑄴,Present
১. সুতরোটা হ মিতরো ২. সুতরোটা আর মিতরোটা একসাথে হ,𑄦𑄧𑄣𑄬- 𑄥𑄪𑄖𑄴𑄪𑄢𑄴𑄝𑄮 𑄦𑄧𑄠𑄴 𑄟𑄨𑄖𑄴𑄪𑄢𑄴 𑄃𑄢𑄧 𑄟𑄨𑄖𑄴𑄪𑄢𑄴𑄝𑄮 𑄃𑄢𑄧 𑄥𑄪𑄖𑄴𑄪𑄢𑄴 𑄦𑄧𑄠𑄴 ।,Present
কাজটা করতে বললে একটু চুপ করে থাকে তো,𑄇𑄟𑄬 𑄇𑄮𑄙𑄠𑄴 𑄡𑄬𑄇𑄴𑄧𑄚𑄴 𑄗𑄬 𑄈𑄠𑄴 𑄥𑄬𑄇𑄴𑄧𑄚𑄴 𑄝𑄚𑄳𑄦 𑄟𑄨𑄖𑄴𑄪𑄢𑄴 𑄦𑄳𑄆𑄮,Present
বেঠিক হলে সেগুলো একটু একটু করে সেলাই করতে হ,𑄝𑄬𑄇𑄪𑄠𑄬𑄥𑄴𑄳𑄠 𑄦𑄧𑄣𑄬 𑄥𑄨𑄠𑄬𑄚𑄨 𑄃𑄬𑄇𑄴𑄇 𑄥𑄬𑄇𑄴𑄬 𑄃𑄢𑄧 𑄥𑄪𑄖𑄴𑄪𑄢𑄴 𑄦𑄳𑄆𑄮 ।,Present
এখন গরুগুলো পুরনো বুিে আছে,𑄃𑄨𑄇𑄴𑄬𑄚𑄴 𑄉𑄮𑄢𑄳𑄦𑄨 𑄗𑄳𑄆𑄬 𑄃𑄪𑄟𑄮𑄢𑄚𑄴 𑄚𑄮 𑄛𑄪𑄢𑄮𑄚𑄴 𑄝𑄪𑄘𑄪𑄣𑄨,Present
ইঞ্জিন এবং জ্বালানি কাঠ দিে গিেছে,𑄃𑄨𑄁𑄉𑄢𑄴 𑄃𑄢𑄴 𑄢𑄬𑄎𑄢𑄬𑄥𑄴𑄳𑄠𑄖𑄴 𑄉𑄮𑄢𑄳𑄦𑄨 𑄘𑄧𑄣𑄘𑄮𑄣𑄨 ।,Present
মাছটা আমার পাছাটা মনে পে,𑄟𑄚𑄴𑄎𑄳𑄠 𑄞𑄛𑄴𑄧𑄚𑄴 𑄟𑄧𑄢𑄬 𑄥𑄪𑄖𑄴𑄪𑄢𑄴 𑄟𑄳𑄆𑄪 𑄞𑄝𑄧𑄋𑄧𑄢𑄴 𑄟𑄚𑄴𑄎𑄳𑄠𑄧𑄢𑄬,Present
বাঙালিটা ভাবি উস্কুখুস্কু কাউকে করে না,𑄝𑄋𑄝𑄥𑄴𑄳𑄠 𑄞𑄝𑄨 𑄃𑄪𑄚𑄴𑄎𑄪𑄢𑄴 𑄇𑄢𑄳𑄦𑄧𑄢𑄬 𑄚𑄧𑄠𑄴 𑄇𑄢𑄳𑄦𑄧𑄢𑄬 ।,Present
মিস্ত্রিটা আসলে বেশি খোঁজাখুঁজি করে কিছুই জানা যা না,𑄟𑄨𑄖𑄴𑄪𑄢𑄴𑄝𑄮 𑄃𑄬𑄣𑄬 𑄃𑄙𑄨𑄇𑄴 𑄈𑄪𑄏𑄨𑄖𑄴 𑄇𑄨𑄌𑄴𑄪 𑄈𑄧𑄝𑄧𑄢𑄴 𑄚𑄧 𑄛𑄳𑄆𑄬,Present
.কি খাবো কি খাবো জানিনা,𑄇𑄨 𑄈𑄝𑄬𑄝𑄧𑄁 𑄇𑄨 𑄉𑄮𑄢𑄳𑄦𑄨𑄝𑄧𑄁 𑄣𑄮𑄝𑄨𑄃𑄧𑄖𑄴 𑄦𑄧𑄠𑄴𑄗𑄪𑄟𑄴 𑄚𑄳𑄆𑄬 ।,Future
শুে শুে শুে শুে শুে থাকা,𑄥𑄪𑄖𑄴𑄪𑄢𑄬 𑄞𑄨𑄣𑄬 𑄥𑄪𑄖𑄴𑄪𑄢𑄴 𑄝𑄢𑄳𑄦𑄳𑄆 𑄟𑄨𑄖𑄴𑄪𑄢𑄬 𑄝𑄢𑄳𑄦𑄳𑄆 𑄟𑄨𑄖𑄴𑄪𑄢𑄴,Present
.বলতে পারা সেই কথাগুলো কী?,𑄇𑄳𑄆𑄮 𑄛𑄢𑄨𑄃𑄮 𑄥𑄬 𑄇𑄮𑄙𑄚𑄨 𑄖𑄳𑄠𑄧 𑄇𑄨𑄠𑄳𑄠 𑄃𑄟𑄨 𑄥𑄨𑄘𑄴𑄪𑄢𑄴 ?,Present
কোন কোন করে সেগুলো আমাকে একটু দে,𑄇𑄮𑄚𑄴𑄚 𑄉𑄧𑄢𑄳𑄦𑄬 𑄥𑄨𑄠𑄚𑄨 𑄃𑄟𑄢𑄬 𑄃𑄬𑄡𑄧 𑄃𑄬𑄇𑄴𑄇 𑄖𑄮𑄉𑄳𑄆𑄬,Present
পুরুষ মানুষ হলে আমাদের মন হনা একটু দেখে,"𑄉𑄮𑄢 𑄞𑄨𑄣𑄬 𑄃𑄟 𑄟𑄧𑄚𑄚𑄴 𑄦𑄧𑄠𑄴 𑄚𑄬 𑄚𑄧𑄠𑄴 𑄃𑄬𑄇𑄴𑄇 𑄌𑄳𑄆𑄬,",Present
অবশ্যই হ আমাদের মনগুলো সে করে,𑄈𑄟𑄇𑄴𑄇𑄳𑄆 𑄦𑄧𑄠𑄴 𑄃𑄟 𑄟𑄧𑄚𑄚𑄴 𑄝𑄬𑄇𑄴𑄇𑄚𑄨 𑄖𑄬 𑄉𑄧𑄢𑄳𑄦𑄬,Present
এই আমি আর গোদা কোটা তার মাকে নিে যা,𑄃𑄬 𑄟𑄪𑄠𑄧𑄚𑄴 𑄃 𑄉𑄮𑄘 𑄇𑄬𑄠𑄳𑄠𑄚𑄴 𑄖 𑄦𑄪𑄟𑄴𑄳𑄆𑄮 𑄣𑄧𑄢𑄬 ।,Present
"মনের কথা বললে আমি হাত দিে হাঁটি,টেং,চোখে করে","𑄟𑄧𑄚𑄚𑄬 𑄇𑄧𑄣𑄬 𑄟𑄪𑄠𑄚𑄬 𑄇𑄧𑄠𑄴 𑄦𑄘𑄴, 𑄑𑄬𑄁, 𑄌𑄮𑄇𑄴𑄪𑄚𑄬 𑄉𑄧𑄢𑄳𑄦𑄧𑄚𑄴",Present
এই এই গরুগুলো সবাই খেে দে,𑄃𑄬 𑄥𑄨𑄠𑄬𑄚𑄴𑄳𑄆𑄮 𑄉𑄮𑄘 𑄃𑄪𑄟𑄮𑄢𑄚𑄴 𑄝𑄬𑄇𑄴𑄪𑄚𑄬 𑄈𑄳𑄆𑄬 𑄘𑄮𑄋𑄚𑄴 ।,Present
.আমরা কেক বার ভুল করেছি তাকে,𑄃𑄟𑄨 𑄇𑄧𑄙𑄧𑄇𑄴 𑄞𑄪𑄣𑄴 𑄌𑄧 𑄖𑄢𑄳𑄦𑄬 𑄛𑄬𑄘𑄧𑄘𑄴 𑄢𑄉𑄳𑄆𑄬,Present
আরও আমরা তার থেকে দই খেে নিই,𑄃𑄢𑄧 𑄃𑄟𑄨 𑄇𑄨 𑄘𑄮𑄣𑄬 𑄖𑄖𑄴𑄗𑄪𑄚𑄴 𑄘𑄮𑄋𑄚𑄴 𑄈𑄳𑄆𑄬 ।,Present
এখন আমরা তাকে আমাদের দলে নিে আসি,𑄃𑄬𑄡𑄧 𑄃𑄟𑄨 𑄖𑄢𑄳𑄦𑄬 𑄘𑄮𑄋𑄳𑄆𑄬 𑄃𑄟 𑄙𑄮𑄇𑄴𑄳𑄠𑄚𑄴 𑄉𑄮𑄢𑄳𑄦𑄨,Present
ভালো কিছু না নিে তাকে ভ করে,𑄉𑄧𑄟𑄴 𑄇𑄨𑄖𑄴𑄬𑄘𑄨 𑄚𑄬𑄡𑄳𑄆𑄬 𑄖𑄢𑄳𑄦𑄬 𑄞𑄚𑄴𑄎𑄬𑄠𑄚𑄴 𑄣𑄳𑄆𑄮 𑄇𑄢𑄳𑄦𑄨 ।,Present
এইবার আমরা কেকজন লোক কিছু না,𑄃𑄬𑄝𑄢𑄴 𑄃𑄟𑄨 𑄇𑄳𑄆𑄮 𑄛𑄣𑄴𑄧𑄋𑄴 𑄟𑄚𑄪𑄌𑄴𑄳𑄠𑄧 𑄇𑄨𑄌𑄴𑄪 𑄚𑄧𑄠𑄴,Present
সুতার টুকরোগুলো সব আমার মনে হ,𑄥𑄪𑄖𑄴𑄪𑄢𑄴 𑄟𑄨𑄖𑄴𑄪𑄢𑄴 𑄝𑄬𑄇𑄴𑄇𑄚𑄴 𑄃𑄟𑄢𑄴 𑄃𑄬 𑄟𑄧𑄚𑄚𑄴𑄳𑄆𑄮 𑄦𑄧𑄠𑄴 ।,Present
আমিও ধীরে ধীরে ঢুকতেছি,𑄃𑄟𑄨𑄃𑄮 𑄣𑄢𑄳𑄆𑄬 𑄉𑄪𑄗𑄴𑄳𑄠𑄠𑄚𑄴,Present
আমরা সম সম বিশ্রাম নিচ্ছি,𑄃𑄟𑄨 𑄇𑄖𑄴 𑄃𑄧𑄇𑄖𑄴 𑄥𑄧𑄘𑄬𑄥𑄧𑄘𑄴,Present
.কথা কথা থাকে,𑄇𑄮𑄙𑄣𑄧 𑄃𑄏𑄠𑄴 𑄗𑄳𑄆𑄬,Present
মনে করতে পারি না আমরা,𑄟𑄧𑄚𑄬 𑄉𑄮𑄢𑄳𑄦𑄨 𑄚𑄧 𑄛𑄢𑄨 𑄃𑄟𑄨,Present
এক জাতী বুনো ফল,𑄇𑄮𑄙𑄣𑄧 𑄝𑄢𑄳𑄦 𑄡𑄳𑄆𑄬 ।,Present
এই মেে ছেলে মেে হওা,𑄃𑄳𑄆𑄬 𑄟𑄨𑄣𑄬 𑄟𑄧𑄢𑄧𑄖𑄴 𑄎𑄧𑄚𑄧𑄠𑄴 𑄦𑄧𑄚,Present
এই যে আমাদের কাজ,𑄃 𑄃𑄬 𑄡𑄬 𑄃𑄟 𑄇𑄟𑄚𑄨,Present
সব ভাগ থেকে বঞ্চিত হওা,𑄝𑄬𑄇𑄴 𑄞𑄉𑄧𑄝𑄚𑄧𑄖𑄴𑄪𑄚𑄴 𑄛𑄳𑄆𑄬𑄘𑄬 𑄇𑄳𑄆𑄮,Present
আমাদের পাপ-ধর্ম পালন,𑄃𑄟 𑄛𑄛𑄴-𑄙𑄧𑄢𑄴𑄟𑄧 𑄜𑄧𑄣𑄚𑄨 ।,Present
এক বারেও দেখা যা না,𑄃𑄬𑄇𑄴 𑄝𑄢𑄴𑄃𑄮 𑄘𑄧 𑄚𑄧 𑄌𑄳𑄆𑄬 𑄢𑄨𑄚𑄨,Present
.নতুন গোা রান্না করে,𑄚𑄨𑄃𑄪𑄥𑄴 𑄉𑄮𑄢𑄳𑄦𑄨 𑄖𑄮𑄉𑄳𑄆𑄬,Present
কত কথা সেই কথাগুলো,𑄇𑄨𑄖𑄴𑄳𑄆𑄬 𑄇𑄳𑄆𑄮 𑄥𑄬 𑄇𑄮𑄙𑄚𑄨,Present
এক সম রাত,𑄃𑄇𑄴𑄧𑄣𑄧 𑄢𑄬𑄎𑄴𑄳𑄠𑄧𑄖𑄴 𑄥𑄮𑄟𑄳𑄆𑄬 ।,Present
নিজের রুম থেকে বের হে যাওা,𑄚𑄨𑄎𑄧 𑄉𑄪𑄖𑄴𑄒𑄳𑄠𑄠𑄚𑄴 𑄥𑄪𑄟𑄪𑄢𑄨,Present
এক জাতী বুনো ফল যা সবজি হিসেবে ব্যবহৃত হ,𑄃𑄪𑄘𑄮𑄎𑄴𑄳𑄠 𑄞𑄨𑄣𑄬 𑄇𑄮𑄙𑄣𑄳𑄆𑄮,Present
মৃতদেহ শ্মশানে নিে গেলাম,𑄟𑄧𑄢 𑄛𑄨𑄚𑄴𑄘𑄪𑄇𑄴 𑄥𑄎𑄨𑄣𑄧𑄁,Past
তত পানশে হ,𑄥𑄬𑄙𑄟𑄴 𑄛𑄚𑄴𑄏 𑄦𑄳𑄆𑄮 ।,Present
"এই কাপ-চোপ,গাি,পেেছে","𑄃𑄳𑄆𑄬 𑄡𑄬 𑄇𑄝𑄧𑄢𑄴-𑄌𑄪𑄝𑄧𑄢𑄴, 𑄉𑄢𑄳𑄦𑄨 , 𑄛𑄬𑄣𑄬𑄚𑄴",Present
একটা সুঁচালো পেেছে,𑄃 𑄡𑄬𑄇𑄴𑄇𑄚𑄨 𑄥𑄪𑄚𑄴𑄎𑄪𑄇𑄴 𑄛𑄳𑄦𑄬𑄢𑄴,Present
সব পরিষ্কার করে দো,𑄝𑄬𑄇𑄴 𑄇𑄨 𑄃𑄨𑄠𑄬𑄚𑄨 𑄃𑄨𑄌𑄴𑄧𑄢𑄧𑄢𑄴 𑄘𑄚𑄴,Present
না কি মানুষ দান খেেছে?,𑄚 𑄇𑄨 𑄟𑄚𑄴𑄥𑄳𑄠𑄧𑄢𑄴 𑄘𑄚𑄴 𑄈𑄬𑄢𑄴 ?,Present
সেগুলো কামানোর জন্য মানুষরা দান করে,𑄥𑄨𑄠𑄬𑄚𑄨 𑄇𑄟𑄇𑄴𑄇𑄳𑄆 𑄟𑄚𑄴𑄥𑄳𑄠𑄧𑄢𑄴 𑄘𑄚𑄴,Present
ভগবান না,𑄞𑄧𑄉𑄧𑄝𑄚𑄧𑄢𑄴 𑄚𑄧𑄠𑄴,Present
মানুষ দেখলে অসা,𑄟𑄚𑄴𑄥𑄳𑄠 𑄌𑄬𑄣𑄬 𑄃𑄧𑄥𑄙𑄳𑄠𑄧𑄃𑄚𑄴,Present
ভালোভাবে সাধন হ,𑄘𑄮𑄣𑄬 𑄥𑄙𑄧𑄚𑄴 𑄦𑄧𑄠𑄴,Present
আমাদের মাথা এই ঘরটি,𑄃𑄟 𑄥𑄨𑄢𑄳𑄦𑄬𑄢𑄴 𑄃𑄬 𑄉𑄪𑄒𑄴𑄳𑄠𑄠𑄚𑄴,Present
যে বেশি বো চলতেছে,𑄡𑄬 𑄡𑄬𑄙𑄧𑄇𑄴 𑄝𑄬𑄎𑄴 𑄣𑄢𑄬,Present
সে এত সুন্দর করে দাঁিে আছে,𑄖𑄬 𑄥𑄬𑄙𑄧𑄇𑄴 𑄝𑄬𑄎𑄴 𑄘𑄮𑄣𑄬 𑄘𑄣𑄬,Present
সব উঠতে পারবে,𑄝𑄬𑄇𑄴𑄇𑄚𑄨 𑄃𑄪𑄞𑄬 𑄛𑄢𑄨𑄝𑄧 ।,Future
.তারা সেগুলো বুনন করে,𑄖𑄢𑄳𑄦 𑄥𑄨𑄠𑄬𑄚𑄨 𑄝𑄪𑄌𑄴𑄧𑄚𑄴 𑄇𑄨𑄚𑄳𑄆𑄬,Present
ভালো করে দো মানুষ,𑄞𑄣𑄬𑄘𑄨 𑄘𑄬𑄎𑄧 𑄟𑄚𑄪𑄌𑄴𑄪𑄚𑄴,Present
নিজের রুমগুলো একটু একটু করে গুছাও,𑄚𑄨𑄎𑄧 𑄉𑄪𑄖𑄴𑄒𑄳𑄠𑄚𑄨 𑄣𑄢𑄬 𑄣𑄢𑄳𑄆𑄬,Present
উপরে উঠতে হেছে,𑄃𑄪𑄉𑄪𑄢𑄬 𑄃𑄪𑄖𑄴𑄗𑄧𑄚𑄴 𑄝𑄬𑄉𑄧𑄖𑄴𑄗𑄪𑄚𑄴,Present
আরও আমরা কি করি,𑄃𑄢𑄴 𑄃𑄟𑄨 𑄇𑄨 𑄉𑄮𑄢𑄳𑄦𑄨𑄢𑄴 !,Present
ভগবান আছা থাকে,𑄞𑄧𑄉𑄧𑄝𑄚𑄧 𑄃𑄏𑄠𑄴 𑄗𑄳𑄆𑄬,Present
মনের ইচ্ছা পূরণ হবে,𑄟𑄧𑄚𑄧 𑄃𑄏𑄚𑄨 𑄛𑄪𑄢𑄬𑄝𑄖𑄴𑄳𑄠𑄳𑄆,Future
তার থেকে আশীর্বাদ নেওা,𑄖𑄖𑄴𑄗𑄪𑄚𑄴 𑄝𑄧𑄢𑄴 𑄟𑄊𑄨𑄚𑄬 𑄌𑄳𑄆𑄬 ।,Present
.পুরাতন কি আমাদের আশা?,𑄛𑄪𑄢𑄳𑄆 𑄇𑄨 𑄃𑄟 𑄃𑄏𑄚𑄨 !,Present
দেখে কিছু নেই,𑄌𑄬𑄣𑄬 𑄇𑄨𑄌𑄴𑄪 𑄚𑄳𑄆𑄬,Present
সে তো আমার এই জাগা,𑄥𑄬𑄚𑄬 𑄘𑄧 𑄃𑄟𑄢𑄴 𑄃𑄬 𑄘𑄧𑄎,Present
কোন ভালো নেই,𑄇𑄧𑄚𑄧 𑄞𑄣𑄬𑄘𑄴 𑄚𑄳𑄆𑄬 ।,Present
পর্যাে ভর করে,𑄛𑄧𑄢𑄧 𑄃𑄪𑄃𑄪𑄢𑄬 𑄞𑄧𑄢𑄴 𑄉𑄮𑄢𑄳𑄦𑄨𑄣𑄬,Present
কোন কী পারে,𑄇𑄮𑄚𑄴𑄚 𑄇𑄨 𑄛𑄢𑄬 !,Present
"বেইন-জুম,আলসি","𑄝𑄚𑄳𑄦 𑄃𑄨𑄁𑄥𑄬-𑄛𑄨𑄎𑄪𑄟𑄴, 𑄃𑄣𑄴𑄥𑄨𑄃𑄚𑄨",Present
গোল করে বাইরে যাওা,𑄉𑄮𑄣𑄴 𑄉𑄮𑄢𑄳𑄦𑄨𑄚𑄬 𑄝𑄢𑄳𑄦𑄬 ।,Present
"ভাব কথা,হাবা কথা","𑄞𑄝𑄧 𑄇𑄮𑄙𑄠𑄴, 𑄦𑄞 𑄇𑄮𑄙𑄠𑄴",Present
যে জাতি লাঠি দিে দৌে,𑄡𑄬 𑄎𑄖𑄴𑄳𑄠𑄧 𑄦𑄙𑄨𑄝𑄧,Present
সেই নদীর কোনো স্রোত নেই,𑄥𑄬 𑄎𑄘𑄧𑄢𑄴 𑄇𑄧𑄚𑄧 𑄢𑄮𑄇𑄴𑄳𑄠 𑄚𑄳𑄆𑄬,Present
দুকানে সেলাই করতে হবে,𑄘𑄪𑄇𑄴𑄇𑄚𑄬 𑄑𑄬𑄋𑄴𑄳𑄆𑄮 𑄊𑄘𑄨𑄝𑄧 ।,Future
আমিও ধীরে ধীরে ঢুকতেছি,𑄃𑄟𑄨𑄃𑄮 𑄣𑄢𑄳𑄆𑄬 𑄉𑄪𑄖𑄴𑄒𑄳𑄠𑄠𑄚𑄴,Present
অন্য কথা বলে না,𑄃𑄢𑄴 𑄞𑄝𑄧 𑄇𑄮𑄙𑄠𑄴 𑄚𑄧𑄠𑄴,Present
অবশ্যই আমার হবে,𑄈𑄟𑄇𑄴𑄇𑄳𑄆 𑄃𑄟𑄢𑄴 𑄦𑄧𑄝𑄧 𑄞𑄣𑄬𑄘𑄴,Future
সব গুো হেছে,𑄝𑄬𑄇𑄴 𑄉𑄮𑄢𑄨𑄝𑄧𑄁 𑄎𑄧𑄠𑄴 ।,Present
মানুষরা অনেক শুকিে,𑄟𑄳𑄦𑄎𑄧𑄚𑄴 𑄃 𑄥𑄪𑄊𑄨,Present
"মন ভালো হওা, ভালো হওা","𑄟𑄧𑄚𑄴 𑄛𑄪𑄢𑄬𑄘𑄧𑄁, 𑄥𑄪𑄊𑄨 𑄦𑄧𑄘𑄧𑄁",Present
.হওা দেখার জন্য সবাই বসে আছে।,𑄦𑄮𑄝𑄢𑄴 𑄌𑄳𑄆𑄬 𑄥𑄬𑄚𑄬 𑄝𑄬𑄊𑄬 𑄟𑄏𑄧𑄚𑄴,Present
সে উপরে কিছু পূজা করে,𑄥𑄬 𑄃𑄪𑄙𑄨𑄎𑄬 𑄇𑄨𑄃𑄮𑄋𑄴 𑄛𑄪𑄎𑄨,Present
দান-ধর্মকারী,𑄘𑄚𑄴-𑄙𑄧𑄢𑄴𑄟𑄧 𑄉𑄮𑄢𑄳𑄦𑄨,Present
শীল-সূত্র শোনা,𑄥𑄨𑄣𑄬-𑄥𑄪𑄖𑄴𑄳𑄢𑄧 𑄥𑄪𑄚𑄨,Present
"ব ব টাকা পেছে, ধন পা",𑄝𑄧𑄢𑄴 𑄟𑄊𑄨 𑄑𑄬𑄋 𑄛𑄬𑄘𑄧𑄁; 𑄙𑄧𑄚𑄴 𑄛𑄬𑄘𑄧𑄁,Present
".মানুষ হেছি,সুদূরে থাকবো,সুদূরে থাকবো","𑄟𑄳𑄦𑄎𑄧𑄚𑄴 𑄦𑄧𑄙𑄧𑄁, 𑄥𑄪𑄊𑄧𑄖𑄴 𑄗𑄬𑄘𑄧𑄁, 𑄥𑄪𑄊𑄨 𑄦𑄧𑄘𑄧𑄁",Future
"এই জনম, পরের জনম","𑄃𑄬 𑄎𑄧𑄚𑄧𑄟𑄴, 𑄛𑄧𑄢𑄧 𑄎𑄧𑄚𑄧𑄟𑄴",Present
পাহাের নরকে নির্বাণ,𑄛𑄬𑄘𑄧𑄁 𑄥𑄧𑄢𑄴𑄉𑄧-𑄚𑄨𑄢𑄴𑄝𑄚𑄴,Present
আরও অনেকগুলো,𑄃𑄢𑄧 𑄚𑄚𑄋𑄚𑄴 ।,Present
সে হাত দিে পুে যেতে পারে,𑄥𑄬𑄚𑄬 𑄦𑄃𑄮𑄎𑄬 𑄛𑄪𑄢𑄨 𑄡𑄨𑄇𑄴𑄳𑄠𑄧𑄢𑄨 𑄛𑄢𑄨,Present
"কাজে কর্মে টাকা,ধন-সম্পদ","𑄇𑄟𑄳𑄆𑄬 𑄑𑄬𑄋, 𑄙𑄧𑄚𑄴 −",Present
কর্মঠ হলেও অকর্মণ্য,𑄇𑄟𑄳𑄆𑄬𑄃𑄮 𑄦𑄧𑄣𑄬 𑄃𑄧𑄞𑄬𑄘𑄧𑄢𑄴,Present
.বাবা-মাও পেে,"𑄦𑄧𑄣𑄬 𑄝𑄛𑄴-𑄟𑄖𑄴𑄪𑄚𑄴𑄃𑄮 𑄛𑄳𑄆𑄬,",Present
"সবুজ তরকারি খেে ভাত,লই সুন্দর","𑄥𑄮𑄘𑄴𑄳𑄠 𑄖𑄮𑄚𑄴𑄳𑄆𑄮 𑄈𑄳𑄆𑄬 𑄞𑄖𑄴, 𑄣𑄳𑄆𑄮 𑄘𑄮𑄣𑄴 𑄘𑄮𑄣𑄴",Present
"কাপচোপ,আলংকার","𑄇𑄝𑄧𑄢𑄴-𑄌𑄪𑄝𑄮𑄢𑄴, 𑄃𑄣𑄧𑄁𑄇𑄢𑄴",Present
সুন্দর সুন্দর বাি তুলে গািটা ঘুরতেছে,𑄘𑄮𑄣𑄴 𑄘𑄮𑄣𑄴 𑄊𑄧𑄢𑄴 𑄖𑄪𑄣𑄨 𑄉𑄢𑄳𑄦𑄨 𑄊𑄮𑄢 𑄎𑄮𑄢𑄳𑄆𑄬,Present
তুজিমা পুরি হেছে,𑄖𑄪𑄎𑄨𑄟 𑄛𑄪𑄢𑄧 𑄦𑄳𑄆𑄮,Present
.আগে আমরা কি সুখী হই?,𑄃𑄘𑄧𑄘𑄬 𑄃𑄟𑄨 𑄇𑄨 𑄥𑄪𑄊𑄨 𑄦𑄳𑄆𑄮 ?,Present
বািতে বোতে বোতে ঘুরে বো,𑄊𑄧𑄢𑄬 𑄊𑄧𑄢𑄬 𑄝𑄬𑄢𑄬 𑄌𑄳𑄆𑄬 𑄛𑄪𑄏𑄮𑄢𑄴 𑄉𑄮𑄢𑄳𑄦𑄨 𑄎𑄧𑄚𑄬 𑄎𑄧𑄚𑄬,Present
.কোনটা আছে দেখতেছি,𑄇𑄮𑄚𑄴𑄚𑄳𑄦 𑄃𑄊𑄬 𑄥𑄪𑄊𑄨 −,Present
দেবং আমরা সবাই রাতে,𑄘𑄬𑄝𑄧𑄁 𑄃𑄟𑄨 𑄝𑄬𑄇𑄴𑄪𑄚𑄴 𑄢𑄘𑄧𑄖𑄴,Present
.স্বামী-স্ত্রী একসাথে কথা বলছে,𑄚𑄬𑄉𑄬-𑄟𑄮𑄉𑄬 𑄝𑄏𑄘𑄧𑄚𑄴 𑄇𑄮𑄎𑄴𑄳𑄠,Present
"বাবা-মা, মা-ঝি","𑄝𑄝𑄬-𑄛𑄪𑄘𑄬, 𑄟𑄠𑄳𑄠-𑄏𑄨𑄠𑄬",Present
"উস্কুখুস্কু এই নেই,এই নেই গোা","𑄃𑄪𑄚𑄴𑄎𑄪𑄢𑄴 𑄃𑄳𑄆𑄬 𑄚𑄳𑄆𑄬, 𑄥𑄳𑄆𑄬 𑄚𑄳𑄆𑄬 𑄉𑄮𑄢𑄳𑄦𑄨",Present
এই রোদ দিে,𑄃𑄬 𑄢𑄘𑄧 𑄘𑄨𑄖𑄴𑄳𑄆𑄬 ।,Present
কত সালে মানুষ হেছে,𑄇𑄨𑄖𑄴𑄳𑄆𑄬 𑄥𑄣𑄬𑄚𑄴 𑄟𑄳𑄦𑄎𑄧𑄚𑄴 𑄦𑄧𑄘𑄧𑄁 𑄌𑄳𑄆𑄬 ?,Present
কি সুন্দর হেছে দেখতেছি,𑄇𑄨𑄖𑄴𑄳𑄆𑄬 𑄥𑄪𑄊𑄨 𑄦𑄧𑄘𑄧𑄁 𑄌𑄳𑄆𑄬 ?,Present
টাকা ধনীরা মানুষ হ না,𑄑𑄬𑄋 𑄙𑄧𑄚𑄴𑄳𑄆𑄮 𑄟𑄚𑄪𑄌𑄴 𑄟𑄳𑄦𑄎𑄧𑄚𑄴 𑄚𑄧 𑄦𑄧𑄚𑄴,Present
.সুঁচালো না হওা কোনো ব্যক্তি,𑄥𑄪𑄊𑄨 𑄚𑄧 𑄦𑄧𑄚𑄴 𑄇𑄧𑄚𑄧 𑄎𑄧𑄚𑄴,Present
"শুধু হিংসুক, ভূত প্রেত, রেকস আরুগ","𑄝𑄚𑄳𑄦 𑄦𑄧𑄚𑄴 𑄦𑄨𑄁𑄥𑄪𑄇𑄴, 𑄛𑄳𑄢𑄬𑄖𑄴𑄳𑄠, 𑄢𑄬𑄇𑄴𑄈𑄧𑄎𑄧 𑄃𑄢𑄪𑄉𑄴",Present
সবসম হাতির মতো চেহারা,𑄝𑄬𑄃𑄇𑄴𑄧𑄣𑄴𑄳𑄠 𑄦𑄬𑄟𑄚𑄧 𑄙𑄧𑄇𑄴,Present
"উস্কুখুস্কু কাকে খাবো,কিভাবে খাবো","𑄃𑄪𑄚𑄴𑄎𑄪𑄢𑄴 𑄇𑄢𑄳𑄦𑄬 𑄈𑄬𑄟𑄴, 𑄇𑄬𑄚𑄳𑄦𑄬 𑄈𑄬𑄟𑄴 ।",Future
যত ব ব রোদ থাকে,𑄡𑄨𑄝𑄬𑄢𑄴 𑄃𑄪𑄚𑄴𑄎𑄪𑄢𑄴 𑄢𑄘𑄴 𑄗𑄳𑄆,Present
যত ব ব খাওা দেখি,𑄡𑄨𑄝𑄬 𑄃𑄪𑄚𑄴𑄎𑄪𑄢𑄴 𑄈𑄬𑄘𑄧 𑄌𑄳𑄆,Present
সে কি মানুষ হ,𑄥𑄨𑄝𑄬 𑄇𑄨 𑄟𑄳𑄦𑄎𑄧𑄚𑄴 𑄦𑄧𑄠𑄴 !,Present
যেখানে সেখানে চোখ বন্ধ করে থাকে,𑄡𑄨𑄝𑄬 𑄃𑄪𑄚𑄴𑄎𑄪𑄢𑄴 𑄛𑄬𑄘𑄧 𑄌𑄳𑄆,Present
.যেদিকে উো হ,𑄡𑄨𑄝𑄬 𑄃𑄪𑄚𑄴𑄎𑄪𑄢𑄴 𑄦𑄧𑄘𑄧 𑄌𑄳𑄆,Present
সে কেন খুশি হ,𑄥𑄨𑄝𑄬 𑄇𑄨 𑄥𑄪𑄊𑄨 𑄦𑄧𑄠𑄴 !,Present
সেকারণে আমরা মানুষ না,𑄥𑄬𑄚𑄬 𑄃𑄟𑄨 𑄟𑄳𑄦𑄎𑄧𑄚𑄴 𑄚𑄧𑄠𑄴,Present
সেকারণে আমরা খুশি না,𑄥𑄬𑄚𑄬 𑄃𑄟𑄨 𑄥𑄪𑄊𑄨 𑄚𑄧𑄠𑄴 ।,Present
আমাদের মন ভালো নেই,𑄘𑄮𑄣𑄴 𑄚𑄳𑄆𑄬 𑄃𑄟 𑄟𑄧𑄚𑄚𑄴,Present
ভালো জাগা বে না,𑄉𑄧𑄟𑄴 𑄎𑄋𑄣𑄴 𑄚𑄧 𑄝𑄳𑄆𑄬,Present
না বলে আাআি করা,𑄚𑄧 𑄖𑄮𑄉𑄳𑄆𑄬 𑄃𑄇𑄴𑄧𑄣𑄚𑄴,Present
সবসম পেছন ফিরে,𑄝𑄬𑄃𑄇𑄴𑄧𑄣𑄧 𑄙𑄪𑄢𑄴 𑄌𑄳𑄆𑄬,Present
না দেখে অন্যের কথা,𑄚𑄧 𑄞𑄝𑄨 𑄛𑄧𑄢𑄧 𑄇𑄮𑄙,Present
না ছাা পরে দুঃখ,"𑄚𑄧 𑄍𑄉𑄨 𑄛𑄧𑄢𑄧 𑄘𑄪𑄊𑄴,",Present
.নো পেটে মারি লাঠি,𑄚𑄬𑄠𑄳𑄠 𑄛𑄬𑄘𑄧𑄖𑄴 𑄟𑄢𑄨 𑄣𑄙𑄨,Present
মরা বোরা হুি,𑄟𑄧𑄢 𑄝𑄮𑄢𑄳𑄦𑄬 𑄦𑄪𑄢𑄨,Present
ব ব,𑄦𑄧𑄙𑄧𑄁 𑄌𑄳𑄆𑄬 𑄘𑄋𑄧𑄢𑄴 ।,Present
সে পে পে সেই ফল,𑄥𑄬𑄚𑄬 𑄛𑄳𑄆𑄬 𑄥𑄬 𑄜𑄧𑄣𑄚𑄴,Present
সুঙ্গ নেই মন,𑄥𑄪𑄚𑄴𑄎𑄪𑄇𑄴 𑄚𑄳𑄆𑄬 𑄟𑄧𑄚𑄚𑄴,Present
জাগা বেইন উানো,𑄎𑄖𑄴𑄗𑄳𑄆 𑄞𑄨𑄚𑄴𑄘𑄳𑄆 𑄃𑄪𑄚𑄴𑄎𑄪𑄢𑄴,Present
. তো আমি পেবােছি,𑄖𑄳𑄠𑄧 𑄃𑄟𑄨 𑄛𑄬𑄝𑄖𑄴𑄳𑄠𑄳𑄆,Present
না ফিরে মন,𑄚𑄧 𑄜𑄨𑄢𑄳𑄆𑄬 𑄟𑄧𑄚𑄚𑄴,Present
. না ফেলে রেখে চলে যাওা,𑄚𑄧 𑄜𑄬𑄣𑄳𑄆𑄬 𑄃𑄧 𑄇𑄟𑄚𑄴,Present
খোলের বাঁশওালা মানুষ,𑄈𑄮𑄣𑄬 𑄝𑄖𑄴𑄳𑄠𑄳𑄆 𑄟𑄳𑄦𑄎𑄧𑄚𑄴,Present
.হোবাতই শুকি,𑄦𑄮𑄝𑄖𑄴𑄗𑄳𑄆 𑄥𑄪𑄊𑄨 ।,Present
.এইটি থেকে অনেকদূর দূরে,𑄃𑄬 𑄃𑄨𑄇𑄴𑄧𑄪𑄢𑄨 𑄗𑄳𑄆𑄬 𑄘𑄪𑄊𑄧𑄖𑄴,Present
আষ্ট মলার পাশে,𑄃𑄘𑄧𑄁 𑄇𑄎𑄧𑄢𑄴 𑄇𑄪𑄢𑄳𑄆𑄬,Present
.কুনানটা মুরিে যাও,"𑄇𑄪𑄚𑄋𑄚𑄴𑄳𑄆𑄮 𑄟𑄪𑄢𑄨 𑄡𑄳𑄆𑄬 ,",Present
.মানুষও হলোনা খুশি হলাম না,𑄟𑄳𑄦𑄎𑄧𑄚𑄴𑄃𑄮 𑄚𑄧 𑄦𑄧𑄣𑄧𑄋𑄴 𑄥𑄪𑄊𑄨𑄃𑄮 𑄚𑄧 𑄦𑄧𑄣𑄧𑄁 ।,Past
.কোনটা হ মানুষ?,𑄇𑄮𑄚𑄴𑄚𑄳𑄦 𑄦𑄧𑄠𑄴 𑄟𑄳𑄦𑄎𑄧𑄚𑄴 ?,Present
.কোনটা হেছে?,𑄇𑄮𑄚𑄴𑄚𑄳𑄦 𑄦𑄧𑄠𑄴 𑄥𑄪𑄊𑄨 ?,Present
বািটা হোক ভাঙাচোরা,𑄊𑄧𑄢𑄚𑄴 𑄦𑄮𑄇𑄴 𑄞𑄋-𑄏𑄋,Present
"না থাক টাকা, না থাক ধন","𑄚𑄧 𑄗𑄮𑄇𑄴 𑄑𑄬𑄋, 𑄚𑄧 𑄗𑄮𑄇𑄴 𑄙𑄧𑄚𑄴",Present
.যেগুলো আছে সেগুলো রেখে দাও,𑄡𑄨𑄠𑄬𑄚𑄴 𑄃𑄊𑄬 𑄡 𑄛𑄳𑄆,Present
.সেটা খোলা থাকে,𑄥𑄨𑄠𑄬𑄚𑄴𑄳𑄆𑄮 𑄈𑄪𑄏𑄨 𑄗𑄠𑄴,Present
ভালো করে হাত দিে ভালো কাজ,𑄉𑄧𑄟𑄴 𑄛𑄧𑄙𑄬 𑄦𑄙𑄨-𑄉𑄧𑄟𑄴 𑄇𑄟𑄴𑄝𑄳𑄆𑄮 𑄇𑄟𑄳𑄆𑄬,Present
"ঘুম থেকে পে মনটা ভালো লাগে,মন ভালো লাগে","𑄊𑄪𑄟𑄧𑄖𑄴 𑄛𑄧𑄢𑄬 𑄟𑄧𑄚𑄧 𑄥𑄪𑄊𑄬, 𑄟𑄧𑄚𑄧 𑄥𑄪𑄊𑄬 𑄃𑄪𑄙𑄬",Present
"মন ভালো করে মাা,মন ভালো করে গোা","𑄟𑄧𑄚𑄧 𑄥𑄪𑄊𑄬 𑄦𑄏𑄬-𑄟𑄘𑄬, 𑄟𑄧𑄚𑄧 𑄥𑄪𑄊𑄬 𑄉𑄳𑄆",Present
বোই না চোখ তোমার,𑄝𑄬𑄎𑄴 𑄚𑄧 𑄌𑄳𑄆-𑄚𑄧 𑄖𑄮𑄉𑄳𑄆,Present
"মানুষরা থাকে না,সবগুলো","𑄟𑄚𑄪𑄌𑄴𑄎𑄧𑄚𑄴 𑄚𑄧 𑄗𑄮𑄉𑄳𑄆 , 𑄝𑄬𑄇𑄴𑄇𑄚𑄧𑄙𑄨",Present
হে থাকে এরকম,𑄦𑄪𑄎𑄬 𑄗𑄠𑄴 𑄃𑄬,Present
সে জাতী মানুষ,𑄥𑄨𑄝𑄬 𑄖𑄬 𑄎𑄖𑄴𑄳𑄠 𑄟𑄳𑄦𑄎𑄧𑄚𑄴,Present
সে তো জাত শুকিেছে,𑄃𑄬𑄥𑄨𑄝𑄬 𑄖𑄬 𑄎𑄖𑄴𑄳𑄠 𑄥𑄪𑄊𑄨,Present
তার বারগুলো না,𑄖 𑄝𑄢𑄳𑄦𑄧𑄃𑄪𑄚𑄴 𑄚𑄧𑄠𑄴 ।,Present
"বেশি কষ্ট, কষ্ট",𑄃𑄙𑄨𑄇𑄴 𑄘𑄪𑄊𑄬,Present
লেখা পার পর আমরা সবাই কাত হেছি,𑄣𑄬𑄊 𑄛𑄧𑄢𑄳𑄦 𑄥𑄨𑄊𑄨 𑄃𑄟𑄨 𑄃𑄮𑄟𑄳𑄦 𑄃𑄮𑄟𑄳𑄦 𑄇𑄖𑄴 𑄦𑄧𑄣𑄧𑄁,Present
পাহাের ভূমির কাছে অনেক মানুষ তবুও গেল না,𑄛𑄎𑄧𑄢𑄴 𑄞𑄪𑄙𑄨 𑄇𑄪𑄢𑄳𑄆𑄬 𑄟𑄖𑄴𑄧𑄢𑄴 𑄟𑄚𑄪𑄌𑄴 𑄥𑄧𑄝𑄳𑄆 𑄚𑄧 𑄦𑄧𑄣𑄧𑄁 !,Past
".না হলো কেন জানি না,কেন জানি না এই গুণি",𑄚𑄧 𑄦𑄧𑄣𑄧𑄁 𑄇𑄨𑄖𑄴𑄗𑄳𑄆𑄬 𑄃𑄇𑄴𑄧𑄣𑄴𑄳𑄠 𑄇𑄧𑄚𑄧 𑄚𑄧 𑄦𑄧𑄣𑄧𑄁 𑄇𑄨𑄖𑄴𑄳𑄆𑄬 𑄉𑄪𑄕𑄨,Present
পাপের পর আর ভালো করতে পারে না,𑄇𑄎𑄧𑄢𑄴 𑄝𑄘𑄬 𑄎𑄘𑄧𑄖𑄴 𑄇𑄨𑄖𑄴𑄳𑄆𑄬 𑄉𑄧𑄟𑄴 𑄚𑄧 𑄛𑄢𑄨𑄢𑄴 𑄃𑄚𑄳𑄦𑄨 !,Present
পাহাের সুখ না পেে মানুষদের সাথে কথা বলে,𑄛𑄧𑄘𑄴 𑄥𑄪𑄇𑄴 𑄚𑄧 𑄛𑄳𑄆𑄬 𑄟𑄖𑄴𑄧𑄣𑄴 𑄦𑄳𑄆𑄮𑄚𑄬 𑄥𑄬𑄙𑄬𑄢𑄴 𑄞𑄬𑄘𑄬𑄢𑄴 𑄇𑄮𑄙 𑄇𑄮𑄢𑄴,Present
.সুে থাকার জাগা কি জাগা দুঃখ রাখছে,𑄥𑄪𑄊𑄬 𑄗𑄮𑄝𑄢𑄴 𑄎𑄉𑄚𑄧𑄖𑄴 𑄇𑄨𑄖𑄴𑄗𑄳𑄆𑄬 𑄎𑄖𑄴𑄳𑄠𑄧 𑄘𑄪𑄊𑄧𑄖𑄴 𑄗𑄮𑄢𑄴 !,Present
জুি খেলা আর পাজি খেলা দিে কি যেন প্রতিযোগিতা করছে,𑄎𑄪 𑄈𑄬𑄢 𑄃𑄢𑄴 𑄛𑄎𑄨 𑄇𑄟𑄚𑄨 𑄉𑄮𑄢𑄳𑄦𑄨𑄢𑄴 𑄇𑄨𑄖𑄬𑄴𑄗𑄳𑄆 𑄥𑄧𑄟𑄢𑄴,Present
দোলাগুলো কেন এইদিকে দো যা না আমার,𑄘𑄮𑄣𑄚𑄨 𑄇𑄨𑄖𑄬𑄴𑄗𑄳𑄆 𑄎𑄘𑄧𑄖𑄴 𑄘𑄨𑄝𑄢𑄴 𑄃𑄨𑄙𑄮𑄖𑄴 𑄚𑄧 𑄃𑄪𑄘𑄬 𑄃𑄟𑄢𑄴 !,Present
"কেন না দেখে এখানে কোথা যাবো জানিনা,মানি","𑄇𑄨𑄖𑄬𑄴𑄗𑄳𑄆 𑄚𑄧 𑄌𑄳𑄆𑄬 𑄃𑄨𑄖𑄴𑄳𑄠𑄧 𑄇𑄪𑄘𑄪𑄟𑄴 𑄌𑄬𑄘𑄳𑄆𑄬 𑄝𑄢𑄴𑄝𑄮, 𑄟𑄚𑄨",Present
ব ছিদ্রে এত সমাজ দেখা যা না,𑄘𑄋𑄧𑄢𑄴 𑄇𑄨𑄖𑄴𑄗𑄳𑄆𑄬 𑄈𑄮𑄣𑄳𑄆𑄬 𑄃𑄬𑄙𑄧𑄇𑄴 𑄥𑄧𑄟𑄎𑄴𑄳𑄠 𑄚𑄧 𑄌𑄳𑄆𑄬 𑄢𑄨𑄚𑄨 !,Present
".এটা কি আমার জাতি,এটা কি আমার কাজ","𑄃𑄨𑄠𑄬𑄚𑄴 𑄇𑄨 𑄃𑄟𑄢𑄴 𑄎𑄖𑄴𑄳𑄠𑄧 𑄌𑄠𑄴, 𑄃𑄨𑄠𑄬𑄚𑄴 𑄇𑄨 𑄃𑄟𑄢𑄴 𑄇𑄟𑄴 −",Present
এখানে কেন আমরা ফোটা ফোটা দেখি,𑄃𑄨𑄠𑄬𑄚𑄴𑄳𑄆𑄮 𑄇𑄨 𑄎𑄘𑄧𑄖𑄴 𑄃𑄟𑄨 𑄜𑄪𑄙𑄬𑄘𑄧𑄁 𑄌𑄳𑄆𑄬 𑄚𑄋𑄴 !,Present
জাতি কাকে দেখে আছে একা একা থাকে,𑄎𑄖𑄴𑄳𑄠𑄧 𑄇𑄢𑄳𑄦𑄬 𑄌𑄳𑄆𑄬 𑄃𑄊𑄬 𑄃 𑄇 𑄃𑄏𑄣𑄳𑄆𑄮 𑄗𑄳𑄆𑄬,Present
.সুঁচালো সুতা দিে বুো করে সুন্দর স্বপ্ন দে,𑄥𑄪𑄇𑄴𑄇𑄚𑄴 𑄗𑄮𑄉𑄠𑄴 𑄝𑄪𑄉𑄴 𑄞𑄪𑄢𑄨𑄚𑄬 𑄘𑄮𑄣𑄴 𑄥𑄧𑄝𑄧𑄚𑄴 𑄘𑄳𑄆𑄬 !,Present
.কাথা থেকে সিকি এসেছে আমার ভালো ভালো কাজ করতে,𑄇𑄖𑄴𑄗𑄪𑄚𑄴 𑄥𑄨𑄊𑄨𑄝𑄧 𑄎𑄖𑄴𑄳𑄠𑄧 𑄃𑄟𑄢𑄴 𑄉𑄧𑄟𑄴 𑄞𑄣𑄬𑄘𑄨 𑄇𑄟𑄚𑄨,Present
কাপে নিে যাওার সম ফুলের গন্ধ পাচ্ছি,𑄇𑄖𑄴𑄗𑄪𑄚𑄴 𑄣𑄧𑄝𑄧 𑄖𑄮𑄉𑄬 𑄎𑄖𑄴𑄳𑄠 𑄜𑄪𑄣𑄧 𑄙𑄮𑄇𑄴𑄳𑄠𑄚𑄴 𑄟𑄧𑄚𑄚𑄨 !,Present
এগুলো আমরা চেইনে বেঁধে সেলাই করি,𑄃𑄨𑄠𑄬𑄚𑄨 𑄃𑄟𑄨 𑄌𑄳𑄆𑄬𑄚𑄬 𑄢𑄨𑄚𑄨 𑄣𑄬𑄊 𑄛𑄧𑄢𑄳𑄦 𑄥𑄨𑄊𑄨,Present
মনের ইচ্ছা পূরণ করে একা একা গিেছো?,𑄟𑄧𑄚𑄧 𑄈𑄙 𑄟𑄬𑄣𑄨 𑄘𑄮𑄣𑄬 𑄘𑄨 𑄃𑄬𑄇 𑄉𑄬𑄘 𑄣𑄨𑄊𑄨 ?,Present
ভালো করে দিে দোর মাটি কেন এই সব কিছু দেখে না,𑄞𑄣𑄬𑄘𑄨 𑄘𑄬𑄏𑄧𑄢𑄴 𑄟𑄚𑄴𑄎𑄳𑄠𑄧 𑄇𑄨𑄖𑄴𑄬 𑄇𑄨𑄖𑄴𑄳𑄆𑄬 𑄥𑄧𑄝𑄳𑄆 𑄚𑄧 𑄌𑄳𑄆𑄬,Present
.কোন নিল তাদের জাতি এত ভালোভাবে বাঁচে,𑄇𑄮𑄚𑄴𑄚 𑄚𑄨𑄣𑄧 𑄖𑄢𑄳𑄦 𑄎𑄖𑄴𑄳𑄠𑄧 𑄃𑄬𑄙𑄧𑄇𑄴 𑄘𑄮𑄣𑄬 𑄥𑄎𑄳𑄆𑄬 !,Present
চেে আমরা কোনটা তাদের ভালো বাি বেেছি,𑄌𑄳𑄆𑄬𑄚𑄨 𑄃𑄟𑄨 𑄇𑄮𑄚𑄴𑄚 𑄖𑄢𑄳𑄦𑄢𑄴 𑄉𑄧𑄟𑄴 𑄞𑄚𑄴𑄎𑄬𑄚𑄨 𑄝𑄬𑄠𑄳𑄠𑄧𑄚𑄴,Present
আগুনটা সব ফেলে দিে কেন জ্বলতেছে,𑄃𑄚𑄴𑄎𑄬𑄚𑄨 𑄝𑄬𑄇𑄴 𑄜𑄬𑄣𑄬 𑄘𑄨𑄚𑄳𑄆𑄬 𑄇𑄨𑄖𑄬𑄴𑄗𑄳𑄆 𑄉𑄧𑄟𑄚𑄴 𑄣𑄮𑄠𑄳𑄠𑄧𑄚𑄴 ?,Present
"আরও, আমাদের জন্য এই ঘরটি আমাদের জন্য","𑄃𑄢𑄴, 𑄃𑄟𑄢 𑄇𑄨𑄖𑄴𑄖𑄳𑄆𑄬 𑄃𑄬 𑄘𑄧𑄎 𑄇𑄨𑄖𑄴𑄖𑄳𑄆𑄬 𑄃𑄬 𑄉𑄪𑄘𑄨",Present
কাত হে কেন শুধু বাঁশগুলো খসখসে,𑄇𑄖𑄴 𑄦𑄳𑄆𑄮𑄚𑄬 𑄇𑄨𑄖𑄴𑄖𑄳𑄆𑄬 𑄝𑄚𑄳𑄦 𑄝𑄚𑄴𑄎𑄬𑄚𑄨 𑄣𑄮𑄢𑄴 𑄌𑄨𑄘𑄨 !,Present
মনের দুঃখ সেখানে বেশিদিন থাকে না,𑄟𑄧𑄚𑄧 𑄘𑄪𑄇𑄴𑄇𑄚𑄴 𑄥𑄨𑄃𑄧𑄖𑄴 𑄟𑄧𑄢𑄴 𑄝𑄪𑄉𑄧𑄖𑄴 𑄚𑄧 𑄃𑄘𑄬 𑄥𑄧𑄁,Present
বেশি দুঃখে মনে পে এখন মরতেছি,𑄃𑄙𑄨𑄇𑄴 𑄘𑄪𑄊𑄬 𑄟𑄧𑄚𑄬 𑄇𑄧𑄖𑄴𑄬 𑄃𑄨𑄇𑄬 𑄑𑄨𑄠𑄬𑄖𑄴 𑄟𑄧𑄢𑄧𑄁 ।,Present
আগের দিনের ডাগা থেকে রাতে বািতে যা,𑄃𑄉𑄧 𑄘𑄨𑄚𑄧𑄢𑄴 𑄓𑄉𑄬𑄖𑄴𑄖𑄪𑄚𑄬 𑄢𑄬𑄘𑄮𑄖𑄴 𑄊𑄧𑄢𑄧𑄖𑄴 𑄡𑄳𑄆𑄬,Present
হাত দিে পর ধনগুলো খেে দো,𑄦𑄖𑄴𑄳𑄠𑄢𑄴 𑄘𑄬𑄊𑄳𑄆𑄬 𑄟𑄪𑄉𑄧𑄢𑄴 𑄛𑄉𑄳𑄆𑄬 𑄘𑄳𑄠𑄧𑄚𑄴 𑄛𑄧𑄢𑄧 𑄙𑄧𑄚𑄚𑄨 𑄈𑄳𑄆𑄬 ।,Present
আরও নাাচাা করে ট্যাঙি পে,𑄃𑄢𑄴 𑄚𑄧𑄠𑄴 𑄇𑄧𑄚𑄴 𑄌𑄨𑄘𑄨 𑄣𑄨𑄊𑄨 𑄑𑄬𑄋 𑄛𑄘𑄬 𑄘𑄳𑄠𑄧,Present
.না হলে খুলে খাওার বািটা রেখে দিও,𑄚𑄧 𑄦𑄧𑄣𑄬 𑄈𑄪𑄣𑄧𑄖𑄴 𑄛𑄪𑄢𑄨 𑄈𑄬𑄝𑄢𑄴 𑄝𑄬𑄢𑄴𑄟 𑄗𑄪𑄝𑄬 𑄗𑄧 ।,Present
মানুষরা খিসকি করে টাকা জমা রাখে,𑄟𑄚𑄪𑄌𑄴𑄪𑄚𑄬 𑄈𑄨𑄎𑄨𑄈𑄨𑄥𑄴𑄳𑄠 𑄑𑄬𑄋 𑄗𑄪𑄝𑄬 𑄣𑄳𑄆𑄮,Present
দৌে দৌে বামে বুক তুলতে হ,𑄙𑄝 𑄘𑄨 𑄘𑄨 𑄝𑄢𑄳𑄦𑄳𑄆𑄬 𑄘𑄮𑄚𑄴𑄳𑄆𑄮 𑄝𑄪𑄇𑄴 𑄖𑄪𑄣𑄴 𑄛𑄪𑄣𑄴𑄳𑄠 𑄦𑄳𑄆𑄮 ।,Present
এখন তারা কোথা পাহাে যাবে,𑄥𑄬𑄇𑄴𑄬 𑄖𑄢𑄳𑄦 𑄇𑄪𑄙𑄪 𑄗𑄬𑄘𑄇𑄴 𑄇𑄧𑄚𑄧 𑄥𑄊𑄨𑄟𑄴 𑄚𑄳𑄆𑄬,Future
এখন সে নেই আর গ্রামটাও তারা লুট করে,𑄃𑄨𑄇𑄴𑄬 𑄥𑄨𑄃𑄪𑄚𑄴 𑄚𑄳𑄆𑄬 𑄃𑄢𑄴 𑄟𑄖𑄴𑄧𑄢𑄴 𑄚𑄋𑄚𑄴𑄃𑄮 𑄖𑄢𑄳𑄦 𑄣𑄪𑄉𑄬𑄠𑄧𑄚𑄴,Present
এখন চাগোা বলগুলো না করে আমার সাথে হেছে,𑄃𑄨𑄇𑄴𑄬 𑄌𑄉𑄮𑄥𑄳𑄠 𑄝𑄧𑄣𑄃𑄪𑄚𑄴 𑄚𑄮 𑄉𑄮𑄢𑄳𑄦𑄨 𑄃𑄟𑄢𑄴 𑄓𑄉𑄬𑄖𑄴 𑄦𑄮𑄠𑄳𑄠𑄧𑄚𑄴 ।,Present
সকাল থেকে বেতন খেে যাচ্ছে কুকুরটি,𑄥𑄧𑄢𑄴𑄇𑄢𑄧𑄖𑄴𑄪𑄚𑄴 𑄝𑄬𑄖𑄧𑄚𑄴 𑄈𑄳𑄆𑄬𑄚𑄬 𑄉𑄧𑄖𑄴𑄖𑄧𑄚𑄴 𑄌𑄉𑄪𑄢𑄨,Present
.এই মেশিন থেকে খোলগুলো বের হে যা,𑄃 𑄃𑄬𑄟𑄚𑄴𑄎𑄳𑄠𑄧𑄖𑄴𑄗𑄪𑄚𑄴 𑄈𑄬𑄝𑄣𑄴𑄣𑄳𑄆 𑄃𑄪𑄚𑄴𑄎𑄪𑄢𑄴 𑄗𑄚𑄴 𑄦 𑄉𑄮𑄢𑄳𑄦𑄨 ।,Present
.কিছু লোক সৈকতে এসে কাজ করে,𑄇𑄨𑄃𑄳𑄆𑄮 𑄡𑄪𑄚𑄨 𑄃𑄮𑄝𑄨𑄎𑄧𑄖𑄴 𑄡𑄳𑄆𑄬𑄚𑄬 𑄇𑄟𑄧 𑄇𑄮𑄙 𑄇𑄧𑄚𑄴,Present
"এখন,চোখ বন্ধ না করে হাত দিে টাকাগুলো আছে","𑄥𑄬𑄇𑄴𑄬, 𑄌𑄮𑄊𑄴 𑄚𑄧 𑄈𑄖𑄴𑄳𑄠 𑄦𑄘𑄴 𑄛𑄘𑄨𑄚𑄳𑄠𑄳𑄆 𑄑𑄬𑄋𑄃𑄪𑄚𑄴 𑄃𑄉𑄬 𑄟𑄉𑄧𑄚𑄴 ।",Present
টাকা যোগা না করলে মানুষের পেটও ভরে না,𑄑𑄬𑄋 𑄡𑄪𑄚𑄨 𑄘𑄨 𑄚𑄧 𑄛𑄣𑄴𑄬 𑄟𑄘𑄴𑄃𑄮 𑄛𑄬𑄘𑄧 𑄚𑄧𑄠𑄴,Present
.উে উে তার কাজ আর ভালো হ না,𑄃𑄪𑄟𑄧𑄢𑄬 𑄃𑄪𑄟𑄧𑄢𑄴 𑄖 𑄇𑄟𑄚𑄴 𑄃𑄢𑄴 𑄇𑄧𑄚𑄧 𑄈𑄬𑄝𑄴 𑄦𑄧𑄘𑄧 𑄚𑄧𑄠𑄴 ।,Present
এখন গোিটা পাহাের উপর দাঁিে আছে,𑄃𑄨𑄇𑄴𑄬𑄚𑄴 𑄉𑄮𑄢𑄨 𑄛𑄪𑄖𑄴𑄨𑄘𑄨𑄚𑄴 𑄟𑄚𑄴𑄎𑄧 𑄑𑄬𑄋 𑄇𑄢𑄳𑄦𑄨,Present
বািতে যে মানুষরা ভালো খোলে বেশি,𑄊𑄧𑄢𑄧𑄖𑄴 𑄡𑄳𑄆𑄬𑄚𑄬 𑄟𑄮𑄇𑄴𑄪𑄚𑄴𑄳𑄆𑄮 𑄉𑄧𑄟𑄴 𑄈𑄮𑄣𑄚𑄴𑄳𑄆𑄮 𑄞𑄢𑄨 ।,Present
.স্বামী-স্ত্রী সমানে সমানে থাকে,𑄚𑄬𑄇𑄴𑄪𑄚𑄬 𑄃𑄚𑄴𑄎𑄪𑄢𑄴 𑄑𑄬𑄋 𑄛𑄚𑄴 𑄟𑄮𑄇𑄴𑄪𑄚𑄬𑄃𑄮 𑄈𑄪𑄏𑄨 𑄗𑄚𑄴,Present
এখন চাচা করে মানুষরা চাচা করে,𑄃𑄨𑄇𑄴𑄬 𑄌𑄬𑄘𑄬𑄠𑄳𑄠 𑄦𑄳𑄆𑄮𑄚𑄬 𑄟𑄮𑄇𑄴𑄪𑄚𑄬 𑄟𑄚𑄪𑄌𑄴 𑄌𑄳𑄆𑄬 𑄌𑄳𑄆𑄬 𑄟𑄘𑄚𑄴 ।,Present
.স্বামী-স্ত্রী একসাথে কাজ করলে তারপর আর কথা নেই,𑄚𑄬𑄉𑄬-𑄟𑄮𑄉𑄬 𑄌𑄉𑄪𑄢𑄨 𑄉𑄧𑄣𑄴𑄬 𑄥𑄬𑄇𑄴𑄬 𑄘𑄧 𑄃𑄢𑄴 𑄇𑄮𑄙 𑄚𑄳𑄆𑄬,Present
দূরের মানুষরা এখন তাদের পাশ দিে যেতে পারেনা,𑄃𑄖𑄴𑄗𑄳𑄠 𑄛𑄖𑄴𑄗𑄳𑄠 𑄟𑄚𑄪𑄌𑄴 𑄥𑄬𑄇𑄴𑄬 𑄚𑄧 𑄛𑄢𑄧𑄚𑄴 𑄖𑄢𑄳𑄦 𑄇𑄪𑄢𑄬 𑄡𑄳𑄆𑄬 ।,Present
পার টাকা দিে ছোট ছোট বাি তোলা,𑄛𑄧𑄢𑄧 𑄑𑄬𑄋 𑄓𑄉𑄬𑄖𑄴 𑄉𑄮𑄢𑄳𑄦𑄨 𑄌𑄨𑄝𑄨𑄘𑄨 𑄉𑄪𑄣𑄴𑄳𑄠 𑄊𑄧𑄢𑄴 𑄖𑄪𑄣𑄧𑄚𑄴,Present
নাক থেকে দুর্গন্ধ বের হে কোথা যে হাজার হাজার টাকা দান করে,𑄚𑄋𑄴 𑄜𑄪𑄖𑄴𑄗𑄳𑄠 𑄇𑄨𑄃𑄮𑄋𑄧𑄖𑄴 𑄡𑄳𑄆𑄬 𑄣𑄈𑄴 𑄣𑄈𑄴 𑄑𑄬𑄋 𑄘𑄚𑄴 𑄉𑄧𑄢𑄧𑄚𑄴 ।,Present
একটু একটু টোকা দিে টোকা মারা যা,𑄃𑄬𑄇𑄴𑄖𑄣𑄴 𑄃𑄬𑄇𑄴𑄖𑄣𑄴 𑄑𑄬𑄋 𑄛𑄳𑄆𑄬𑄚𑄬 𑄑𑄉𑄪𑄢𑄪𑄚𑄬𑄃𑄮 𑄈𑄪𑄏𑄨 𑄦𑄳𑄆𑄮,Present
গুঁি নিে তারা খুব ভালো করে কথা বলে,𑄉𑄪𑄏𑄨 𑄣𑄧𑄚𑄴 𑄖𑄢𑄳𑄦 𑄈𑄪𑄝𑄴 𑄘𑄮𑄣𑄬 𑄥𑄙𑄪 𑄥𑄙𑄪 𑄇𑄳𑄆𑄮 ।,Present
.সে যে ডাগার টাকাগুলো কোনো ট্রাকে বলে না,𑄥𑄨𑄃𑄪𑄚𑄴 𑄡𑄬 𑄓𑄉𑄬𑄘𑄧 𑄑𑄬𑄋 𑄇𑄧𑄚𑄧 𑄑𑄉𑄪𑄢𑄬 𑄚𑄧 𑄇𑄧𑄚𑄴,Present
গ্রামের মানুষদের এই দানটা আরও বেশি করে দাও,𑄟𑄚𑄴𑄎𑄳𑄠𑄧𑄃𑄨𑄙𑄪 𑄃𑄬 𑄘𑄚𑄧 𑄇𑄮𑄙 𑄃𑄢𑄧 𑄝𑄢𑄴 𑄉𑄮𑄢𑄳𑄦𑄨 𑄘𑄨 𑄇𑄧𑄚𑄴 ।,Present
এখন গোার দল থেকে ধর্মী সন্ন্যাসী হ,𑄃𑄨𑄇𑄴𑄬𑄚𑄴 𑄉𑄮𑄢𑄳𑄦𑄨 𑄓𑄉𑄬𑄖𑄴𑄗𑄪𑄚𑄬 𑄦𑄧𑄚𑄴 𑄙𑄧𑄢𑄴𑄟𑄨𑄇𑄴𑄮 𑄥𑄙𑄪,Present
ভালো মানুষ ব ব হেছে এই মাটিতে,𑄉𑄧𑄟𑄴 𑄟𑄚𑄪𑄌𑄴 𑄞𑄨𑄣𑄨 𑄚𑄋𑄴 𑄜𑄪𑄘𑄚𑄴 𑄃𑄬 𑄟𑄚𑄴𑄎𑄳𑄠𑄧 𑄃𑄨𑄙𑄪,Present
সেগুলো অনেক ঘৃণা করি আমি,𑄥𑄨𑄃𑄪𑄚𑄴 𑄞𑄢𑄨 𑄊𑄨𑄚𑄋𑄴 𑄟𑄳𑄆𑄪 𑄥𑄨𑄃𑄪𑄚𑄴 𑄃𑄟𑄢𑄴 𑄇𑄎𑄧𑄢𑄴,Present
.সে আসার সম সব গিে গেল,𑄥𑄨𑄃𑄪𑄚𑄴𑄳𑄆𑄮 𑄃𑄬𑄥𑄴𑄳𑄠 𑄝𑄬𑄇𑄴 𑄉𑄧𑄟𑄚𑄨 𑄞𑄏𑄨 𑄉𑄬𑄣𑄧 𑄎𑄘𑄧𑄢𑄴 ।,Past
নিজের মেেকে শুে রেখে অন্যের মেেকে মারি,𑄚𑄨𑄎𑄧 𑄟𑄮𑄇𑄴-𑄛𑄮 𑄥𑄪𑄊𑄬 𑄗𑄳𑄆𑄮𑄚𑄬 𑄛𑄧𑄢𑄧 𑄟𑄮𑄇-𑄛𑄮 𑄟𑄢𑄨,Present
কোন ধর্ম করে সেটা কোন ধর্ম ধরে,𑄇𑄧𑄚𑄴 𑄃𑄇𑄴𑄧𑄣𑄬 𑄉𑄧𑄢𑄧𑄚𑄴 𑄥𑄨𑄠𑄬𑄚𑄴 𑄇𑄧𑄚𑄴 𑄙𑄧𑄢𑄴𑄟𑄬 𑄙𑄪𑄢𑄨 !,Present
.কাঁকার মতো তারা এক গেে কি ভাবে,𑄇 𑄉𑄝𑄪𑄢𑄴 𑄉𑄧𑄖𑄴𑄗𑄧𑄚𑄴 𑄖𑄢𑄳𑄦 𑄃𑄬𑄇𑄴 𑄉𑄬𑄘𑄃𑄮 𑄇𑄨 𑄞𑄝𑄧𑄚𑄴,Present
এক গেে কি চাঁদের আলো পতেছে,𑄃𑄬𑄇𑄴 𑄉𑄬𑄘𑄃𑄮 𑄇𑄨 𑄌𑄘𑄧𑄚𑄴 𑄢𑄨𑄚𑄨 𑄇𑄣𑄴𑄳𑄆𑄮 𑄇𑄨 𑄉𑄧𑄖𑄴𑄗𑄧𑄚𑄴 !,Present
ভজনক গরুটি তোমাকে পাহাের উপর দৌাচ্ছে,𑄞𑄧𑄎𑄧𑄟𑄚𑄴 𑄉𑄮𑄢𑄳𑄦𑄨 𑄖𑄮𑄟𑄢𑄬 𑄛𑄖𑄴𑄪𑄢𑄪𑄖𑄪𑄢𑄪 𑄔𑄣𑄧𑄋𑄧𑄢𑄴,Present
.স্বামী-স্ত্রী খুব সুন্দর হলেই চা,𑄡𑄨𑄃𑄪𑄚𑄬-𑄌𑄉𑄪𑄢𑄨 𑄉𑄮𑄢𑄳𑄦𑄨 𑄈𑄪𑄝𑄴 𑄘𑄮𑄣𑄬 𑄟𑄚𑄳𑄆𑄬 𑄌𑄬𑄢𑄖𑄴𑄳𑄠 𑄉𑄧𑄢𑄧𑄢𑄴,Present
তোমাকে বলা হ যে মানুষ দোলের সম,𑄖𑄮𑄟𑄢𑄳𑄦𑄬 𑄇𑄧𑄚𑄴𑄬 𑄎𑄖𑄴𑄖𑄳𑄠 𑄟𑄚𑄪𑄌𑄴 𑄘𑄬𑄝𑄧 𑄣𑄧𑄉𑄧𑄢𑄴 𑄥𑄚𑄴,Present
.তরকারিটা হে মানুষ খুঁজতে আসে,𑄖𑄮𑄟𑄣𑄴𑄳𑄆𑄮 𑄦𑄧𑄚𑄴 𑄟𑄚𑄪𑄌𑄴 𑄈𑄪𑄎𑄨 𑄃𑄬𑄡𑄬 𑄎𑄘𑄧𑄢𑄴 𑄟𑄚𑄴,Present
তোমাদের ধোঁাটা শক্ত হেছে সব মানুষ,𑄖𑄮𑄟 𑄙𑄮𑄇𑄴𑄈𑄳𑄠𑄚𑄴 𑄙𑄮𑄢𑄴𑄟𑄨𑄇𑄴𑄮 𑄦𑄮𑄙𑄮𑄇𑄴 𑄎𑄘𑄧𑄢𑄴 𑄝𑄬𑄇𑄴 𑄟𑄚𑄪𑄌𑄴𑄪𑄚𑄴,Present
এই মাথা খাওার জন্য কোনো জাগা না পাওা যা,𑄎𑄉 𑄚𑄧 𑄛𑄘𑄮𑄇𑄴 𑄇𑄧𑄚𑄧 𑄇𑄨𑄖𑄴𑄬𑄖𑄴 𑄃𑄬 𑄟𑄙 𑄈𑄬𑄠𑄳𑄠 𑄓𑄉𑄬𑄖𑄴𑄴𑄪𑄚𑄴 ।,Present
.শুধু কথা বললে হয় না সে,𑄝𑄚𑄳𑄦 𑄇𑄮𑄙 𑄇𑄧𑄣𑄬 𑄇𑄮𑄙𑄪𑄉𑄨 𑄚𑄧 𑄦𑄧𑄠𑄴 𑄥𑄨𑄝𑄬,Present
যুক্তাক্ষর না শেষ হে সেই কথাগুলো,𑄡𑄪𑄚𑄨 𑄟𑄪𑄘𑄴 𑄚𑄧 𑄜𑄪𑄢𑄳𑄆 𑄥𑄬 𑄇𑄮𑄙𑄚𑄨,Present
উপরে কথা বললে খুশি হ না সে,𑄃𑄪𑄘𑄧𑄚𑄬𑄠𑄬 𑄇𑄮𑄙 𑄇𑄧𑄣𑄬 𑄉𑄮𑄛𑄴𑄳𑄠𑄧 𑄇𑄧𑄚𑄴 𑄥𑄨𑄝𑄬,Present
কোন ব্যক্তি তার কথাগুলো গ্রাহ্য করে না,𑄇𑄧𑄚𑄧 𑄎𑄧𑄚𑄴 𑄖 𑄇𑄮𑄙𑄚𑄨 𑄈𑄎𑄧𑄖𑄴 𑄚𑄧 𑄃𑄚𑄧𑄚𑄴 ।,Present
".লম্বা লম্বা লম্বা কথা,চোখগুলো বড় বড় কথা","𑄣𑄪𑄘𑄪𑄉𑄴 𑄉𑄮𑄢𑄳𑄦𑄨 𑄉𑄪𑄚𑄧𑄢𑄴 𑄇𑄮𑄙, 𑄌𑄮𑄉𑄴",Present
"খুলি দিে মনের কথা,মিষ্টি কথা","𑄈𑄪𑄣𑄨 𑄘𑄨 𑄟𑄧𑄚𑄧𑄢𑄴 𑄇𑄮𑄙, 𑄟𑄨𑄙𑄬 𑄉𑄮𑄢𑄳𑄦𑄨 𑄇𑄳𑄆𑄮𑄚𑄬",Present
যতগুলো মানুষ মেে রাখে,𑄡𑄪𑄚𑄨 𑄟𑄚𑄪𑄌𑄴 𑄟𑄮𑄎𑄬 𑄗𑄮𑄠𑄴-,Present
"টানি এনে মনের র, মনের চোখগুলো বন্ধ করে দাও","𑄑𑄚𑄨 𑄃𑄚𑄨 𑄘𑄬 𑄟𑄧𑄚𑄧𑄢𑄴 𑄢𑄧𑄎𑄴, 𑄟𑄧𑄚𑄧𑄢𑄴 𑄌𑄮𑄇𑄴𑄪𑄚𑄴 𑄈𑄪𑄣𑄨 𑄘𑄨",Present
আগুনটা দাউ দাউ করে জ্বলতেছে,𑄃𑄏 𑄥𑄧𑄝𑄧𑄚𑄴 𑄎𑄉𑄳𑄆𑄬 𑄘𑄳𑄆𑄨𑄚𑄬 𑄛𑄧𑄘𑄴 𑄘𑄬𑄉𑄬,Present
দুই কা,𑄘𑄨 𑄇𑄧𑄠𑄴-,Present
এই সে তো পুরো সুন্দর কথা বলতেছে,𑄃𑄬 𑄥𑄨𑄝𑄬 𑄖𑄬 𑄖𑄪𑄎𑄨𑄟𑄴 𑄛𑄪𑄢𑄧 𑄘𑄮𑄣𑄴 𑄇𑄮𑄙𑄪𑄉𑄨 𑄦𑄧𑄠𑄴 ।,Present
শুধু কাজ করলে কাজ হবে না সে,𑄝𑄚𑄳𑄦 𑄇𑄟𑄴 𑄉𑄮𑄢𑄳𑄦𑄨𑄣𑄬 𑄇𑄟𑄴𑄮 𑄚𑄧𑄠𑄴 𑄥𑄨𑄝𑄬 𑄡𑄪𑄚𑄨,Future
সে কাজ তার হেছে-বেেছে,𑄥𑄬 𑄇𑄟𑄚𑄨 𑄖𑄢𑄴 𑄦𑄧𑄠𑄴 𑄃𑄧𑄞𑄣𑄬𑄖𑄴𑄗𑄳𑄠- 𑄉𑄧𑄢𑄴𑄞𑄬𑄣𑄴𑄳𑄠-,Present
এক হাজার টাকা দিে হাজার টাকা হ,𑄏𑄮𑄢𑄮𑄇𑄴 𑄦𑄎𑄢𑄴 𑄥𑄨𑄃𑄧𑄖𑄴 𑄊𑄟𑄴 𑄦𑄮𑄇𑄴 𑄦𑄎𑄢𑄴 𑄘𑄪𑄊𑄴,Present
এক পোজেও দাম যোগা না সেটা,𑄃𑄬𑄇𑄴 𑄛𑄮𑄎𑄬𑄃𑄮 𑄘𑄟𑄴 𑄡𑄪𑄚𑄨 𑄚𑄧 𑄃𑄬𑄡𑄬 𑄥𑄨𑄃𑄧𑄖𑄴 ।,Present
যে কামি মন ঢালিে দিে কোনো কিছু হবে না,𑄡𑄬 𑄇𑄟𑄚𑄨 𑄟𑄧𑄚𑄴 𑄔𑄣𑄨 𑄘𑄨 𑄇𑄧𑄚𑄧 𑄇𑄨𑄖𑄴𑄳𑄠𑄬 𑄚𑄧 𑄦𑄣𑄳𑄆𑄬,Future
ঝের বাতাস আসলে একটাও পে না,𑄏𑄧𑄢𑄴 𑄝𑄮𑄠𑄳𑄠𑄢𑄴 𑄃𑄬𑄣𑄬 𑄃𑄬𑄡𑄮𑄇𑄴 𑄇𑄧𑄚𑄧 𑄇𑄨𑄌𑄴𑄪 𑄚𑄧 𑄓𑄮𑄮𑄢𑄳𑄆𑄬,Present
নিজের ভালোর জন্য অন্যের ভালো হে নেচে নেচে,𑄚𑄨𑄎𑄧 𑄞𑄣𑄬𑄘𑄴 𑄛𑄧𑄢𑄧 𑄞𑄣𑄬𑄘𑄴 𑄦𑄃𑄮𑄎𑄴 𑄉𑄮𑄢𑄳𑄦𑄨 𑄢𑄨𑄚𑄨,Present
"হাি নাগর,সুগন্ধি আনি","𑄦𑄏𑄨 𑄚𑄉𑄧𑄢𑄴, 𑄥𑄪𑄊𑄴 𑄃𑄚𑄨",Present
সে অনেক ভালো কাজ করে,𑄃𑄬 𑄥𑄨𑄝𑄬𑄢𑄬 𑄖𑄬 𑄎𑄧𑄘𑄧𑄝𑄧𑄘𑄬 𑄉𑄧𑄟𑄴 𑄇𑄟𑄴𑄳𑄠𑄧 𑄇𑄧𑄠𑄴 ।,Present
".আক্কেল হ না সে শুধু বি, এ, এ, এরকম হলে","𑄃𑄇𑄴𑄧𑄣𑄴𑄳𑄠 𑄚𑄧 𑄦𑄧𑄠𑄴 𑄥𑄨𑄝𑄬 𑄝𑄚𑄳𑄦 𑄝𑄨, 𑄃𑄬, 𑄃𑄬𑄟𑄴, 𑄃𑄬 𑄦𑄧𑄣𑄬",Present
যোগা না রেখে সেখান থেকে ফুলের সুগন্ধ বের হ,𑄡𑄪𑄚𑄨 𑄚𑄧 𑄍𑄨𑄘𑄬 𑄥𑄨𑄖𑄴𑄪𑄚𑄴 𑄥𑄮𑄘𑄴𑄳𑄠 𑄜𑄪𑄣𑄧 𑄝𑄎𑄴 −,Present
মাটি দো দিলে ঘিনটা ভে যা,𑄟𑄚𑄴𑄎𑄳𑄠 𑄘𑄬𑄣𑄬 𑄡𑄪𑄚𑄨 𑄊𑄨𑄚𑄚𑄴 𑄓𑄧𑄢𑄬 𑄉𑄬𑄣𑄬 𑄙𑄳𑄆𑄬,Present
.সেটা কোনো সেটা হনা-সেটা হনা আর,𑄥𑄨𑄠𑄬𑄚𑄴 𑄇𑄧𑄚𑄧 𑄥𑄨𑄈𑄴𑄳𑄠𑄧 𑄚𑄧 𑄦𑄧𑄠𑄴- 𑄚𑄧 𑄦𑄧𑄠𑄴 𑄥𑄨𑄈𑄴𑄳𑄠𑄧𑄢𑄴 𑄃𑄢𑄪𑄉𑄴,Present
সে আরও বেশি হছে,𑄥𑄬 𑄃𑄢𑄪𑄇𑄴𑄇𑄚𑄴 𑄦𑄬𑄟𑄚𑄧𑄢𑄴 ।,Present
ভালো মানুষ হলে সে দেখে না,𑄉𑄧𑄟𑄴 𑄃𑄇𑄴𑄧𑄣𑄴𑄳𑄠 𑄦𑄧𑄣𑄬 𑄖𑄬 𑄚𑄧 𑄘𑄬𑄊𑄠𑄴 𑄟𑄚𑄴𑄎𑄳𑄠𑄧𑄢𑄬,Present
যত ব হে হোক কাত,"𑄡𑄨𑄘𑄴𑄪𑄢𑄴 𑄦𑄧𑄝𑄧 𑄦𑄮𑄇𑄴 𑄇𑄖𑄴,",Present
ব কাজ করা মানুষরা নিজের জন্য কিছুই করতে পারে না,𑄞𑄚𑄴𑄎𑄳𑄠 𑄇𑄟𑄴𑄳𑄆𑄮 𑄟𑄚𑄪𑄌𑄴 𑄗𑄮𑄉𑄳𑄆𑄬 𑄚𑄨𑄎𑄧𑄢𑄬 𑄚𑄧 𑄖𑄧𑄢𑄳𑄆,Present
কথা গুলো সুন্দর করিও,𑄇𑄮𑄙𑄚𑄨 𑄇𑄧𑄠𑄴 𑄘𑄮𑄣𑄴 𑄉𑄮𑄢𑄳𑄦𑄨,Present
কোচান দিে সবাইকে দেখতে ইচ্ছে করে,𑄇𑄮𑄌𑄴𑄛𑄚 𑄘𑄬 𑄝𑄬𑄇𑄴𑄪𑄚𑄧𑄢𑄬 𑄥𑄧𑄘𑄧𑄢𑄴 𑄘𑄬𑄊𑄠𑄴 𑄟𑄧𑄚𑄚𑄴,Present
.সে এখনো আক্কেলহীন সেখানে থাকে,𑄃𑄬𑄥𑄨𑄝𑄬 𑄃𑄧𑄠𑄴 𑄃𑄇𑄴𑄧𑄣𑄴𑄳𑄠 𑄥𑄨𑄃𑄧𑄖𑄴 𑄗𑄠𑄴 𑄞𑄧𑄎𑄧𑄟𑄚𑄴 ।,Present
অগ্রহাণ হে তারপর ব হনা,𑄃𑄇𑄴𑄧𑄣𑄴𑄳𑄠 𑄦𑄧𑄙𑄬 𑄥𑄬𑄚𑄬 𑄝𑄚𑄳𑄦 𑄘𑄋𑄳𑄦𑄧𑄢𑄴 𑄇𑄖𑄴𑄗𑄪𑄚𑄴 𑄚𑄧 𑄦𑄧𑄚𑄴,Present
.অকেকটা তরকারিও হলে ভালো হ,𑄃𑄧𑄇𑄖𑄴 𑄇𑄧𑄟𑄴 𑄇𑄖𑄴𑄪𑄚𑄴𑄃𑄮 𑄦𑄧𑄣𑄬 𑄉𑄧𑄟𑄴 𑄃𑄇𑄴𑄧𑄣𑄴𑄳𑄠 𑄦𑄧𑄚𑄴 ।,Present
সবাই ভালো মানুষ না হলে,𑄝𑄬𑄇𑄴𑄪𑄚𑄬 𑄚𑄧 𑄦𑄧𑄚𑄴 𑄉𑄧𑄟𑄴 𑄟𑄪𑄢𑄪𑄝𑄴𑄨 𑄟𑄪𑄢𑄪𑄝𑄴𑄨 𑄦𑄧𑄣𑄬𑄠𑄳𑄠𑄧,Present
গুরুজন হলে কোথা গিে মাথা খেে যা,𑄟𑄪𑄢𑄪𑄝𑄴𑄨 𑄦𑄧𑄣𑄬 𑄇𑄪𑄙𑄪𑄇𑄴𑄪𑄚𑄴 𑄦𑄧𑄚𑄴 𑄛𑄧𑄢𑄧 𑄟𑄙 𑄈𑄬𑄠𑄳𑄠 −,Present
তুলসি গাছ থেকে সব গুঁা গুঁি খেে শেষ হেছে,𑄖𑄪𑄣𑄴𑄝𑄨𑄎𑄴 𑄉𑄧𑄢𑄧𑄚𑄴 𑄝𑄬𑄖𑄪𑄣𑄴𑄝𑄨𑄎𑄴 𑄊𑄪𑄥𑄴 𑄈𑄳𑄆𑄬 𑄥𑄧𑄘𑄧𑄢𑄴 𑄝𑄳𑄆𑄬,Present
অসুুস্থ পা গুলো মাথা তুলে নিে যা,𑄃𑄧𑄎𑄧𑄣𑄪𑄚𑄴 𑄗𑄧𑄚𑄴 𑄥𑄨𑄢𑄳𑄦𑄬𑄖𑄴 𑄖𑄪𑄣𑄨 𑄚𑄨𑄎𑄮𑄃𑄪𑄚𑄴 𑄗𑄧𑄚𑄴 𑄉𑄢𑄬𑄭-,Present
গ্রামের সবাই একসাথে ব হেছে,𑄃𑄘𑄟𑄴 𑄝𑄬𑄎𑄨 𑄌𑄉𑄣 𑄝𑄬𑄎𑄨 𑄘𑄋𑄳𑄦𑄧𑄢𑄧𑄖𑄴𑄪𑄚𑄴 𑄘𑄋𑄳𑄦𑄧𑄢𑄴 𑄦𑄧𑄚𑄴,Present
এই বাচ্চাগুলোকে কোনো দিন ভালো মানুষ বলে না,𑄃𑄬 𑄥𑄨𑄃𑄪𑄚𑄧𑄢𑄬 𑄇𑄧𑄚𑄧 𑄘𑄨𑄚𑄴 𑄉𑄧𑄟𑄴 𑄟𑄪𑄢𑄪𑄝𑄴𑄨 𑄚𑄧 𑄇𑄧𑄚𑄴 ।,Present
পর মেরে কোনো ভালো মানুষ হ না,𑄛𑄧𑄢𑄧 𑄟𑄢𑄨𑄠𑄬 𑄚𑄧 𑄦𑄧𑄚𑄴 𑄇𑄧𑄚𑄧 𑄉𑄧𑄟𑄴 𑄟𑄪𑄢𑄪𑄝𑄴𑄨𑄠𑄬,Present
সবাই এখানে একসাথে থাকে আর নিজের,"𑄝𑄬𑄇𑄴𑄪𑄚𑄧 𑄃𑄨𑄙𑄪 𑄃𑄬𑄇𑄴𑄳𑄆𑄪 𑄗𑄚𑄴 𑄃𑄧𑄎𑄧𑄣𑄴 𑄃𑄢𑄴 𑄚𑄨𑄎𑄮,",Present
তুলসিকে বেতুলেছে তাদের ঘর,𑄖𑄪𑄣𑄴𑄝𑄨𑄎𑄧𑄢𑄬 𑄝𑄬𑄖𑄪𑄣𑄴𑄝𑄨𑄎𑄴 𑄖𑄢𑄳𑄦 𑄉𑄮𑄖𑄴𑄗𑄇𑄴 𑄚𑄧𑄠𑄴,Present
টাকা উপার্জন করে মানুষদের মারে না,𑄑𑄬𑄋 𑄙𑄧𑄚𑄴 𑄇𑄢𑄳𑄦𑄨𑄈𑄳𑄆𑄬 𑄛𑄳𑄢𑄧𑄎𑄢𑄬 𑄚𑄧 𑄟𑄢𑄧𑄚𑄴,Present
.সুো-সুো সব পরিষ্কার করে তারা,𑄥𑄪𑄊𑄴-𑄘𑄪𑄊𑄴 𑄝𑄬𑄇𑄴𑄇𑄚𑄨 𑄈𑄪 𑄣𑄧𑄚𑄧 𑄖𑄢𑄳𑄦,Present
এখনকার মানুষদের ভালো করে দেখতে হ,𑄃𑄨𑄇𑄴𑄳𑄠𑄧𑄢𑄨 𑄟𑄚𑄪𑄌𑄴𑄪𑄚𑄧𑄢𑄴 𑄉𑄧𑄟𑄚𑄨 𑄌𑄚𑄴 𑄡𑄪𑄚𑄨,Present
এই বাচ্চাটাকে মেেটা কোন ভালো লোক,𑄃𑄬 𑄥𑄨𑄃𑄪𑄚𑄧𑄢𑄬 𑄟𑄚𑄴𑄎𑄳𑄠 𑄇𑄧𑄚𑄴 𑄉𑄧𑄟𑄴 𑄟𑄪𑄢𑄪𑄝𑄴𑄨 ।,Present
শুধু ধর্ম কথা বললে ধর্ম হনা সে,𑄝𑄚𑄳𑄦 𑄙𑄧𑄢𑄴𑄟𑄧 𑄇𑄮𑄙 𑄇𑄧𑄣𑄬 𑄙𑄧𑄢𑄴𑄟𑄨𑄇𑄴𑄧 𑄚𑄧 𑄦𑄧𑄠𑄴 𑄥𑄨𑄝𑄬,Present
এক জাতী শাকগুলো একদম মলা থাকে তার,𑄡𑄪𑄚𑄨 𑄥𑄧𑄠𑄴𑄥𑄉𑄧𑄥𑄳𑄠 𑄃𑄘𑄧𑄁 𑄇𑄎𑄧𑄢𑄴 𑄗𑄠𑄴 𑄖 𑄝𑄪𑄉𑄧𑄖𑄴 ।,Present
. উঠলে বুো বলে বুো মাথা রাখে,𑄃𑄪𑄘𑄨𑄣𑄬 𑄝𑄪𑄘𑄴𑄧 𑄝𑄧𑄣𑄬 𑄝𑄪𑄘𑄴𑄧 𑄃𑄪𑄚𑄴𑄎𑄪𑄢𑄴 𑄟𑄪𑄃𑄧𑄖𑄴 𑄗𑄳𑄆𑄮,Present
".পরের ধনগুলো কোথা থাকে জানি না,","𑄛𑄧𑄢𑄧 𑄙𑄧𑄚𑄧𑄢𑄴 𑄇𑄨𑄖𑄴𑄬 𑄡𑄪𑄚𑄨 𑄗𑄠𑄴 𑄘𑄋𑄳𑄦𑄧𑄢𑄴 𑄛𑄳𑄢𑄬𑄖𑄴,",Present
মাংস খাওার জন্য লুকিে লুকিে মারি,"𑄦𑄬𑄢 𑄟𑄌𑄴 𑄈𑄬𑄘𑄧 𑄌𑄠𑄴 𑄣𑄪𑄉𑄬 𑄣𑄪𑄉𑄬 𑄟𑄢𑄨,",Present
ধর্ম বেশি করে শুধু পাহাের পূজা করে,𑄙𑄧𑄢𑄴𑄟𑄧 𑄝𑄬𑄃𑄢𑄴 𑄉𑄧𑄢𑄳𑄦𑄬 𑄡𑄪𑄚𑄨 𑄇𑄨𑄃𑄮𑄁 𑄟𑄪𑄚𑄴𑄘𑄨𑄢𑄴 𑄛𑄪𑄎𑄨,Present
"সে কোনো দিন ধর্ম পালন করে না,সে পাজিা করে",𑄥𑄨𑄝𑄬 𑄇𑄧𑄚𑄧 𑄘𑄨𑄚𑄴 𑄙𑄧𑄢𑄴𑄟𑄨𑄇𑄴𑄧 𑄚𑄧𑄠𑄴 𑄥𑄨𑄝𑄬 𑄛𑄎𑄨𑄢 𑄉𑄮𑄢 ।,Present
ধর্মী হওা সে যতগুলো কথা বলে,𑄙𑄧𑄢𑄴𑄟𑄨𑄇𑄴𑄧 𑄦𑄧𑄠𑄴 𑄥𑄨𑄝𑄬 𑄡𑄨𑄝𑄬𑄢𑄴 𑄇𑄮𑄙𑄚𑄨,Present
শোনা মাার মন জুে জুেছে মন,𑄥𑄪𑄚𑄨 𑄟𑄚𑄴𑄎𑄳𑄠𑄧𑄢𑄴 𑄛𑄧𑄢𑄚𑄴 𑄎𑄪𑄢𑄳𑄆 𑄎𑄪𑄢𑄳𑄆 𑄟𑄧𑄚𑄴 𑄌𑄨𑄖𑄴-,Present
"যে মনে ভূত,ঈর্ষার সুখ-দুঃখ নেই","𑄡𑄨𑄝𑄬𑄢𑄴 𑄟𑄧𑄚𑄧𑄖𑄴 𑄛𑄳𑄢𑄬𑄖𑄴, 𑄃𑄨𑄁𑄉𑄢𑄴 𑄥𑄪𑄖𑄴𑄗𑄪𑄢𑄴-𑄟𑄨𑄖𑄴𑄪𑄢𑄴 𑄚𑄳𑄆𑄬",Present
বমাগি দো সবাই ভালো করে দেখে,𑄝𑄧𑄢𑄴 𑄟𑄉𑄨 𑄘𑄬 𑄝𑄬𑄇𑄴𑄪𑄚𑄧𑄣𑄴𑄣𑄳𑄆 𑄉𑄧𑄟𑄴 𑄞𑄣𑄬𑄘𑄨 𑄌𑄳𑄆𑄬,Present
খাওালে বেশি খা না সে দিলে,𑄈𑄝𑄬𑄣𑄬𑄠𑄳𑄠𑄧 𑄝𑄬𑄎𑄴 𑄚𑄧 𑄈𑄠𑄴 𑄚𑄧 𑄣𑄧𑄠𑄴 𑄖𑄬 𑄘𑄨𑄣𑄬𑄠𑄳𑄠𑄧,Present
শক্ত ভাবে সবাই থাকে-কাজ করে,𑄥𑄧𑄙𑄧𑄢𑄴 𑄞𑄝𑄨 𑄝𑄬𑄇𑄴𑄪𑄚𑄴𑄳𑄆𑄮 𑄗𑄠𑄴 𑄦𑄏𑄨-𑄢𑄪𑄎𑄨 −,Present
মনে হ মনে ভগবান উংশু বের হ,𑄟𑄧𑄚𑄬 𑄟𑄧𑄚𑄬 𑄞𑄧𑄉𑄧𑄝𑄚𑄴 𑄃𑄪𑄚𑄴𑄎𑄪𑄢𑄴 𑄎𑄪𑄝𑄨 𑄗𑄠𑄴,Present
"তার কোনো দুঃখ থাকবে না, তার কোনো দুঃখ থাকবে না",𑄚𑄧 𑄗𑄬𑄝𑄧 𑄖𑄢𑄴 𑄇𑄧𑄚𑄧 𑄖𑄨𑄢𑄮𑄏𑄴 𑄚𑄧 𑄖𑄮𑄉𑄬𑄝𑄧 𑄟𑄚𑄴 ।,Future
কোন কোন ধোঁাগুলো এখন আমরা দেখলাম,𑄇𑄮𑄚𑄴𑄚 𑄇𑄧𑄚𑄴 𑄙𑄮𑄇𑄴𑄈𑄳𑄠𑄚𑄴 𑄃𑄨𑄇𑄴𑄬 𑄝𑄬𑄇𑄴𑄪𑄚𑄴 𑄃𑄟𑄨 𑄘𑄬𑄊𑄨𑄣𑄧𑄁,Past
.আজকে আমরা সুন্দর নাকি সুন্দর নেই?,𑄇𑄪𑄝𑄮𑄚𑄴 𑄦𑄧𑄝𑄧𑄁 𑄃𑄨𑄇𑄴𑄬 𑄃𑄟𑄨 𑄘𑄮𑄣𑄴 𑄚 𑄘𑄮𑄣𑄴 𑄚𑄳𑄆𑄬𑄠𑄚𑄴?,Present
বোই করে আমরা ভালো করে ভালো করে থাকি,𑄝𑄬 𑄣𑄳𑄆𑄮 𑄃𑄟𑄨 𑄡𑄨𑄠𑄬𑄚𑄴 𑄘𑄮𑄣𑄴 𑄞𑄣𑄬𑄘𑄨 𑄃𑄟𑄢𑄴 𑄡𑄨𑄠𑄬𑄚𑄴,Present
.যেটা এখন আমাদের মন ঝাু দে,𑄡𑄨𑄠𑄬𑄚𑄳𑄆𑄮 𑄃𑄬𑄝𑄧 𑄃𑄟 𑄟𑄧𑄚𑄧𑄖𑄴 𑄏𑄘𑄨𑄟𑄘𑄨 𑄥𑄪𑄇𑄴𑄈𑄚𑄴 −,Present
ভালোভাবে থাকা ছেলে-মেয়েরা ব ব করে,𑄘𑄮𑄣𑄬 𑄗𑄘𑄮𑄇𑄴 𑄛𑄮-𑄍𑄃𑄪𑄚𑄬 𑄗𑄘𑄮𑄇𑄴 𑄘𑄋𑄳𑄦𑄧𑄢𑄴 𑄥𑄪𑄊𑄧𑄖𑄴,Present
.তার থেকে দিনগুলো ভালো আর নাতি নাতনিরা ভালো,𑄥𑄨𑄖𑄴𑄪𑄚𑄴 𑄗𑄘𑄮𑄇𑄴 𑄘𑄮𑄣𑄬 𑄃𑄢𑄧 𑄚𑄘𑄨𑄚𑄴 𑄛𑄪𑄘𑄨𑄚𑄴 𑄥𑄪𑄘𑄨𑄚𑄪𑄚𑄴 ।,Present
মনের কি মিছামিছি জীবনটা আমি?,𑄞𑄝𑄧𑄢𑄴 𑄇𑄨𑄖𑄴𑄳𑄆𑄬 𑄟𑄨𑄎𑄬 𑄉𑄮𑄣𑄴𑄪𑄋𑄴 𑄎𑄨𑄁𑄇𑄚𑄨𑄠𑄚𑄴 𑄟𑄳𑄆𑄪 ?,Present
.পেকে এখন সুন্দর করে চাচ্ছো তুমি,𑄛𑄬𑄝𑄬 𑄃𑄨𑄇𑄴𑄬 𑄘𑄮𑄣𑄴 𑄉𑄮𑄢𑄳𑄦𑄨𑄚𑄬 𑄌 𑄃𑄨𑄃𑄧𑄖𑄴 𑄖𑄳𑄆𑄪-,Present
"পদচিহ্নে,দোনা-ঘোরে,কলক পাহাে,কলক পাহাে","𑄛𑄧𑄘𑄧 𑄛𑄎𑄢𑄖𑄴, 𑄘𑄮𑄚-𑄊𑄮𑄚𑄖𑄴, 𑄇𑄧𑄣𑄧𑄉𑄴 𑄟𑄮𑄚𑄴-𑄟𑄪𑄢𑄧𑄖𑄴",Present
কতগুলো গাছের গাে রোদ পেছে,𑄇𑄧𑄙𑄧𑄇𑄴 𑄉𑄌𑄴 𑄉𑄎𑄢𑄳𑄦 𑄦𑄬𑄣 𑄜𑄬𑄣𑄖𑄴 𑄢𑄮𑄠𑄳𑄠𑄧𑄚𑄴 𑄃𑄪𑄢𑄳𑄦𑄧 𑄟𑄢𑄖𑄴,Present
সেই গাছ গুলো মন খারাপ করে চলে যা,𑄥𑄬 𑄉𑄌𑄴𑄪𑄚𑄬 𑄟𑄧𑄚𑄧 𑄘𑄪𑄊𑄬 𑄡𑄚𑄴𑄳𑄆𑄮 𑄝𑄬𑄇𑄴𑄪𑄚𑄴 𑄟𑄪𑄢𑄨 !,Present
. নাকি আরও সুন্দর করে উপরে উঠতেছে?,𑄚𑄇𑄨 𑄃𑄢𑄧 𑄘𑄮𑄣𑄴 𑄉𑄮𑄢𑄳𑄦𑄨𑄚𑄬 𑄃𑄪𑄉𑄪𑄢𑄬 𑄃𑄪𑄙𑄧𑄚𑄴 𑄜𑄪𑄢𑄨 ?,Present
"না,মারা যাওা তারা কোন খোল মনের দুঃখে থাকে","𑄚, 𑄚𑄧 𑄟𑄧𑄢𑄧𑄚𑄴 𑄖𑄢𑄳𑄦 𑄇𑄧𑄚𑄧 𑄈𑄬𑄝𑄴 𑄟𑄧𑄚𑄧 𑄘𑄪𑄊𑄧𑄖𑄴 𑄗𑄳𑄆𑄬",Present
উন আর দিগ্ মেে হেঁটে হেঁটে,𑄃𑄪𑄘𑄧𑄚𑄴 𑄃𑄢𑄧 𑄘𑄨𑄉𑄴 𑄟𑄬𑄣𑄨𑄚𑄳𑄠𑄳𑄆 𑄦𑄏𑄨 𑄦𑄏𑄨 𑄌𑄳𑄆𑄬।,Present
চেইনিে আমি লুকিে তাদের অনেক সুনাম করি,𑄌𑄳𑄆𑄬𑄚𑄨 𑄃𑄟𑄨 𑄟𑄪𑄢𑄧𑄖𑄴 𑄛𑄪𑄢𑄨 𑄖𑄢𑄳𑄦 𑄇𑄧𑄖𑄴𑄧𑄟𑄚𑄴 𑄘𑄢𑄪,Present
প্রাণটা বললে তাদের গুনগুলো কেমন আছে?,𑄛𑄧𑄢𑄚𑄴 𑄝𑄧𑄣𑄣𑄴𑄣𑄳𑄆 𑄖𑄢𑄳𑄦 𑄉𑄪𑄚𑄚𑄨 𑄇𑄧𑄖𑄴𑄧𑄟𑄚𑄴 𑄃𑄊𑄬 𑄉𑄢𑄪 ?,Present
. লাগা লাগলে সে পাগল হ,𑄣𑄉𑄴 𑄦𑄧𑄣𑄬 𑄖𑄬 𑄇𑄨𑄏𑄨𑄇𑄨𑄥𑄴𑄳𑄠 𑄃𑄉𑄧𑄣𑄴-𑄛𑄉𑄧𑄣𑄴 𑄦𑄳𑄆𑄮,Present
তরকারির পাশ দিে সুন্দর করে তরকারি বানানো হ,𑄖𑄮𑄉 𑄙𑄪𑄢𑄨 𑄘𑄮𑄣𑄴 𑄉𑄮𑄢𑄳𑄦𑄨𑄚𑄳𑄠𑄳𑄆 𑄡𑄧𑄖𑄴𑄧𑄚𑄴 𑄉𑄮𑄢𑄳𑄦𑄨 𑄣𑄳𑄆𑄮 ।,Present
.এত ব তোমার গুণগুলো যতগুলো আছে,𑄑𑄨𑄊𑄴 𑄥𑄬 𑄙𑄧𑄇𑄴𑄳𑄠𑄚𑄴 𑄖𑄧 𑄉𑄪𑄚𑄚𑄨 𑄡𑄮𑄇𑄴𑄳𑄆𑄮 𑄃𑄨𑄇𑄴𑄬 𑄉𑄢,Present
মন না ভেঙে গোপনে পলে আবার বো,𑄟𑄧𑄚𑄴 𑄚𑄧 𑄞𑄋𑄨 𑄟𑄪𑄢𑄬 𑄟𑄪𑄢𑄬 𑄛𑄣𑄴𑄬 𑄃𑄢𑄧 𑄝𑄢𑄳𑄦 ।,Present
এক খেপ দিে তোমার গুণগুলো ঔষুধ হিসেবে লাগবে,𑄃𑄬𑄇𑄴 𑄈𑄬𑄝𑄴 𑄘𑄬𑄝𑄬 𑄖𑄧 𑄉𑄪𑄚𑄚𑄨 𑄘𑄢𑄪 𑄦𑄳𑄆𑄮𑄚𑄬 𑄣𑄉𑄨𑄝𑄧,Future
এখন সে তোমার নাার ধোঁাটা ছিঁে ফেলবে,𑄃𑄬 𑄥𑄬𑄇𑄴𑄬 𑄖𑄬 𑄖𑄧 𑄚𑄋𑄚𑄴 𑄝𑄮𑄠𑄳𑄠𑄢𑄧 𑄙𑄮𑄇𑄴𑄳𑄠𑄚𑄴 𑄍𑄨𑄘𑄨𑄝𑄧 ।,Future
চের তলানিে গিে যাচ্ছে,𑄌𑄬𑄢𑄴 𑄇𑄨𑄖𑄴𑄳𑄠 𑄦𑄧𑄝𑄧 𑄎𑄧𑄠𑄴 𑄎𑄮𑄠𑄢𑄴 𑄖𑄧𑄣𑄴𑄳𑄆𑄮 𑄉𑄮𑄢𑄳𑄦𑄨 𑄝𑄢𑄴,Present
কিছুক্ষণ পর তারা আসবে আর তুমি হবে সার,𑄥𑄬𑄇𑄴𑄬 𑄦𑄮𑄝𑄇𑄴 𑄖𑄢𑄳𑄦 𑄃𑄎𑄢𑄳𑄦 𑄝𑄚𑄳𑄦 𑄖𑄳𑄆𑄪 𑄦𑄧𑄝𑄬 𑄥𑄢𑄴 ।,Future
.ফুল ছেে ভোরের আলো ফোটার সম তুমি গেলে মাি,𑄜𑄪𑄣𑄴 𑄍𑄧𑄢𑄣𑄳𑄆𑄮 𑄞𑄮𑄢𑄬 𑄘𑄨𑄝𑄇𑄴 𑄖𑄳𑄆𑄪 𑄉𑄬𑄣𑄬𑄉𑄳𑄆𑄮 𑄟𑄪𑄢𑄨,Present
.পুে বছর সুর বের হেছে তোমার গুনগুলো থেকে,𑄛𑄪𑄖𑄴𑄨 𑄝𑄧𑄎𑄧𑄢𑄴 𑄥𑄪𑄢𑄧𑄚𑄴 𑄉𑄮𑄢𑄳𑄦𑄨𑄝𑄇𑄴 𑄖𑄧 𑄉𑄪𑄚𑄚𑄨 𑄙𑄪𑄢𑄨 ।,Present
কিছুক্ষণ পর পর মানুষরা এখানে দেবতার মতো হ,𑄥𑄬𑄇𑄴𑄬 𑄗𑄬𑄝𑄬 𑄟𑄚𑄴𑄎𑄳𑄠 𑄃𑄨𑄙𑄪 𑄘𑄬𑄝𑄬𑄘 𑄙𑄮𑄇𑄴𑄳𑄠𑄚𑄴 𑄦𑄳𑄆𑄮,Present
উু উু করে বেঁচে থাকে,𑄃𑄪𑄟𑄧𑄢𑄴 𑄃𑄪𑄟𑄧𑄢𑄴 𑄗𑄬𑄝𑄬 𑄝𑄎𑄨 𑄃𑄧𑄟𑄧𑄢𑄴 𑄉𑄮𑄢𑄳𑄦𑄨 𑄢𑄳𑄆𑄮 ।,Present
যেখানে সেখানে পে না,𑄡𑄨𑄝𑄳𑄆𑄬 𑄚𑄧 𑄍𑄉𑄬,Present
আরাল হলে কথা বলে,𑄃𑄢𑄴𑄥𑄣𑄴𑄳𑄠𑄧 𑄦𑄧𑄣𑄬𑄠𑄳𑄠𑄧 𑄇𑄮𑄙𑄚𑄨,Present
তাকে বসে চিন্তা করিও না,𑄖𑄢𑄳𑄦𑄬 𑄝𑄧𑄎𑄧𑄋𑄴 𑄚𑄧 𑄞𑄝𑄨𑄥𑄴,Present
সুন্দর সুন্দর করে তাকিে না,𑄘𑄮𑄣𑄴 𑄉𑄮𑄢𑄳𑄦𑄨𑄚𑄬 𑄢𑄨𑄚𑄨 𑄚𑄧 𑄌𑄳𑄆𑄬,Present
বাঁশটা চোখ দিে মাা যা না,𑄞𑄚𑄴𑄎𑄳𑄠 𑄌𑄮𑄇𑄴𑄳𑄆𑄮 𑄚𑄧 𑄟𑄝𑄨𑄥𑄴 ।,Present
কত কথা বলে যাবে,𑄇𑄧𑄟𑄴 𑄇𑄮𑄙 𑄇𑄧𑄠𑄴 𑄡𑄨𑄝𑄬,Future
ভালোভাবে ছাা বলে,𑄘𑄮𑄣𑄬 𑄍𑄉𑄨 𑄇𑄧𑄠𑄴 ।,Present
.তাকে খেলা দেখিও না তুমি,𑄈𑄢𑄠𑄴 𑄚𑄧 𑄌𑄮𑄎𑄴𑄬𑄥𑄴 𑄖𑄢𑄳𑄦𑄬 𑄖𑄳𑄆𑄪,Present
যে বেশি কাজ করে,𑄡𑄨𑄝𑄬 𑄣𑄢𑄬 𑄇𑄟𑄴 𑄉𑄧𑄢𑄳𑄦𑄬,Present
. হলে-লেলিে হলে তার কামাই,𑄦𑄧𑄣𑄬-𑄣𑄢𑄬 𑄦𑄧𑄣𑄬𑄠𑄳𑄠𑄧 𑄖 𑄇𑄟𑄚𑄴,Present
মনে পে,𑄟𑄧𑄚𑄬 𑄛𑄎𑄨𑄠𑄬 𑄉𑄧𑄢𑄳𑄦𑄬 ।,Present
খোটাল-জিাল হলে তাকে,𑄈𑄮𑄖𑄴𑄗𑄣𑄴-𑄎𑄨𑄠𑄬𑄣𑄴 𑄦𑄧𑄣𑄬𑄠𑄳𑄠𑄧 𑄖𑄢𑄳𑄦𑄬,Present
খেলা চিন্তা করিও না কুত্তি,𑄈𑄢𑄠𑄴 𑄚𑄧 𑄞𑄝𑄨𑄥𑄴 𑄇𑄪𑄖𑄴𑄪𑄢𑄨,Present
তার মনের ইচ্ছা পূরণ করতে পারে,𑄦𑄧𑄣𑄬 𑄦𑄳𑄆𑄮 𑄛𑄢𑄬 𑄖 𑄟𑄧𑄚𑄚𑄴𑄃𑄮,Present
মিষ্টি মেে,𑄟𑄨𑄙𑄬 𑄟𑄪𑄙𑄪 𑄟𑄨𑄥𑄴𑄨𑄢𑄨 ।,Present
দৌাদৌি তুমি কাকে-কে,𑄓𑄮𑄢𑄬𑄝 𑄖𑄳𑄆𑄪 𑄇𑄢𑄳𑄦𑄬 −,Present
যত ব মেে মধু পে,𑄡𑄨𑄝𑄬𑄢𑄴 𑄇𑄮𑄙𑄚𑄨𑄖𑄴 𑄟𑄨𑄙𑄬 𑄟𑄧𑄙𑄪 𑄃𑄧𑄚𑄴𑄎𑄪𑄢𑄴 𑄏𑄪𑄢𑄨 𑄛𑄧𑄢𑄨,Present
গোলা দিে পা,𑄉𑄮𑄣𑄠𑄴 𑄛𑄧𑄢𑄚𑄴 𑄌𑄨𑄘𑄴,Present
"যত ব হেছে, তত ব হছে",𑄡𑄨𑄝𑄬𑄢𑄴 𑄦𑄧𑄝𑄧 𑄣𑄮𑄝𑄨𑄠𑄧𑄖𑄴𑄖𑄚𑄨,Present
পরানটা ধুে খাওার সম,𑄛𑄧𑄢𑄚𑄴 𑄙𑄳𑄆𑄮 𑄈𑄝𑄳𑄆 𑄥𑄧𑄁,Present
. তার মনটা মলা হতে পারে,"𑄦𑄧𑄣𑄬, 𑄥𑄨𑄝𑄬𑄢𑄴 𑄟𑄧𑄚𑄚𑄴 𑄇𑄎𑄧𑄢𑄴 𑄦𑄳𑄆𑄮 𑄛𑄢𑄬",Present
বোই দো রং,𑄝𑄢𑄳𑄦𑄬𑄘𑄨 𑄘𑄬𑄊𑄧𑄢𑄴 𑄢𑄧𑄋𑄴 ।,Present
অনেক সম হে,𑄃𑄧𑄟𑄧𑄇𑄧𑄘𑄧 𑄥𑄧𑄘𑄧𑄢𑄴 𑄦𑄳𑄆𑄮𑄚𑄬,Present
.যেতে ভালো হবে সে চোখ বন্ধ করে,𑄡𑄨𑄝𑄬 𑄉𑄧𑄟𑄴 𑄈𑄮𑄣𑄬𑄝𑄢𑄴 𑄌𑄳𑄆,Future
.সে মনে হলে সবার থেকে মনে হ,𑄦𑄧𑄣𑄬 𑄥𑄨𑄝𑄬𑄢𑄴 𑄟𑄧𑄚𑄧𑄖𑄴 𑄝𑄬𑄇𑄴𑄪𑄚𑄧𑄖𑄴𑄪𑄚𑄴,Present
.কুকুরটা বেে থাকে,𑄇𑄪𑄝𑄪𑄘𑄴𑄨 𑄝𑄬𑄎𑄴 𑄗𑄠𑄴 ।,Present
বোই কথা বলতে হবে,𑄝𑄬𑄎𑄴 𑄇𑄮𑄙 𑄦𑄧𑄠𑄴 𑄡𑄨𑄝𑄬,Future
তাকে তুমি বেঁধে রাখো,𑄖𑄢𑄬𑄃𑄮 𑄖𑄳𑄆𑄪 𑄓𑄮𑄢𑄬𑄥𑄴,Present
"ভালো,সুন্দর,কথা,কথা,কাজ","𑄉𑄧𑄟𑄴, 𑄘𑄮𑄣𑄴, 𑄇𑄮𑄙, 𑄇𑄟𑄚𑄨",Present
পলে তার থেকে ভাত বের হ,𑄛𑄧𑄣𑄴𑄬 𑄖𑄖𑄴𑄗𑄪𑄚𑄴 𑄞𑄢𑄬𑄥𑄴 ।,Present
এক জাতী কথা বলে,𑄇 𑄇𑄮𑄙 𑄇𑄢𑄳𑄦𑄬 𑄇𑄧𑄢𑄴,Present
টিকি নেই কখন কোথা,𑄑𑄨𑄊𑄴 𑄚𑄳𑄆𑄬 𑄇𑄧𑄇𑄴𑄬 𑄇𑄪𑄝𑄮𑄖𑄴,Present
ধলে না হলে তোমার ফোসকা পরে,𑄙𑄧𑄉𑄬 𑄚𑄧 𑄦𑄧𑄣𑄬 𑄖𑄧 𑄜𑄮𑄃𑄨𑄢𑄬,Present
সব গিে উঠেছে,𑄝𑄬𑄇𑄴 𑄉𑄮𑄢𑄳𑄦𑄨𑄝𑄧 𑄃𑄪𑄞𑄮𑄘𑄴 ।,Present
সে তো পাহাের নিচ দিে মেে মারে,𑄥𑄨𑄝𑄬 𑄇𑄳𑄆𑄮 𑄟𑄪𑄖𑄴𑄪𑄚𑄨 𑄟𑄨𑄎𑄬 𑄟𑄘𑄬,Present
পরান্নের কাজ খা না,𑄛𑄧𑄢𑄧 𑄦𑄬𑄎𑄣𑄴 𑄈𑄟𑄴 𑄚𑄧 𑄈𑄠𑄴,Present
ধলে না হলে ঘুলিে দিবে,𑄙𑄧𑄉𑄬 𑄚𑄧 𑄦𑄧𑄣𑄬 𑄊𑄪 𑄣𑄨𑄝𑄨 𑄘𑄨,Future
. সেগুলো স্তুপাকারে ফেলা হ,𑄃𑄮𑄟𑄳𑄦 𑄗𑄮𑄉𑄖𑄴 𑄜𑄬𑄣𑄠𑄴 ।,Present
গিেগুলো ফোসকা পেছে,𑄉𑄨𑄠𑄬𑄚𑄨 𑄌𑄬𑄘𑄠𑄴 𑄜𑄮𑄌𑄴𑄳𑄠 𑄌𑄬𑄘𑄠𑄴,Present
আগার গোা বুঝি না,𑄃𑄉 𑄉𑄮𑄢 𑄚𑄧 𑄝𑄪𑄏𑄨,Present
১. যা করে সেটা করে না ২. যেটা করে সেটা করে,"𑄦𑄧𑄣𑄬, 𑄡𑄨𑄠𑄬𑄚𑄴 𑄚𑄧 𑄉𑄧𑄢𑄬 𑄥𑄨𑄠𑄬𑄚𑄴 𑄇𑄧𑄠𑄴",Present
যখন তখন,𑄡𑄬𑄇𑄴𑄬 𑄡𑄨𑄠𑄬𑄚𑄴 𑄈𑄪𑄏𑄨 ।,Present
তোমার মুখে পর কুটিকুটি,𑄖𑄧 𑄟𑄪𑄎𑄪𑄋𑄧𑄖𑄴 𑄛𑄧𑄢𑄧 𑄇𑄪𑄖𑄴𑄪𑄢𑄨,Present
এক জাতী উকুন,𑄡𑄨𑄝𑄬 𑄃𑄪𑄚𑄴𑄎𑄪𑄢𑄴 𑄟𑄘𑄬,Present
তাকে একটু গোসল করো তো,𑄖𑄢𑄬𑄃𑄮 𑄖𑄳𑄆𑄪 𑄓𑄮𑄢𑄬𑄥𑄴 𑄃𑄬𑄇𑄴𑄇,Present
পাখানা হেছে,𑄗𑄬𑄥𑄴 𑄦𑄧𑄙𑄬-𑄟𑄧𑄘𑄬 ।,Present
দুটি একটি কথা বলতেছি,𑄘𑄨 𑄃𑄬𑄇𑄴𑄇𑄚𑄴 𑄇𑄮𑄙 𑄇𑄧𑄥𑄴 𑄡𑄪𑄚𑄨,Present
তার কথাগুলো মিষ্টি লাগে,𑄖 𑄇𑄮𑄙𑄚𑄨 𑄟𑄨𑄙𑄬 𑄛𑄳𑄆𑄬,Present
". তার থেকে ব লাগতেছে, তার থেকে বেশি লাগবে","𑄦𑄧𑄣𑄬, 𑄖𑄖𑄴𑄗𑄪𑄚𑄴 𑄝𑄢𑄳𑄦 𑄣𑄉𑄧𑄖𑄴 𑄛𑄬𑄣𑄬",Future
তাকে দুইজনে শুনে,𑄖𑄢𑄳𑄦𑄬 𑄘𑄨𑄝𑄧𑄉𑄳𑄆𑄮 𑄥𑄪𑄚𑄳𑄆𑄬 ।,Present
সে না হলে তো তোমাকে কুত্তির মাটি দিে কুত্তির মাটি,𑄃 𑄚𑄧 𑄦𑄧𑄣𑄬 𑄖𑄳𑄆𑄘𑄪 𑄘𑄮𑄣𑄬 𑄖𑄧𑄢𑄳𑄦𑄬 𑄇𑄪𑄖𑄴𑄪𑄢𑄨 𑄟𑄘𑄨,Present
.সুন্দর হবে সুন্দর করে,𑄥𑄧𑄙𑄧𑄢𑄴 𑄦𑄧𑄝𑄧 𑄘𑄮𑄣𑄴 𑄉𑄮𑄢𑄳𑄦𑄨𑄚𑄬,Future
"তোমাকে খুঁজতে খুঁজতে, তোমাকে খুঁজতে",𑄖𑄧𑄢𑄳𑄦𑄬 𑄊𑄘𑄨 𑄊𑄘𑄨 ।,Present
হিংসুটে বোরা- বোই,𑄦𑄧𑄣 𑄖𑄣𑄴𑄳𑄆𑄮 𑄝𑄬𑄎𑄢- 𑄝𑄬𑄎𑄬𑄢𑄨,Present
সে খুললো ভালো,𑄖𑄬 𑄈𑄮𑄣𑄬𑄣𑄧 𑄉𑄧𑄟𑄴,Past
.ঠিকমতো না হলে কোা বেজে যা,𑄙𑄧𑄉𑄬 𑄚𑄧 𑄦𑄧𑄣𑄬 𑄇𑄮𑄎𑄴𑄳𑄠 𑄝𑄎𑄳𑄆𑄬,Present
ভেঙে ফেললো মন,𑄞𑄋𑄨 𑄜𑄬𑄣𑄬𑄣 𑄟𑄧𑄚𑄴 ।,Present
এই ছেঁা আমাদের সাথে,𑄃𑄬 𑄜𑄎𑄚𑄨 𑄃𑄟 𑄎𑄘𑄧𑄖𑄴,Present
অবশ্যই গোরি আছে,𑄈𑄟𑄇𑄴𑄇𑄳𑄆 𑄉𑄮𑄢𑄳𑄦𑄨 𑄃𑄊𑄬,Present
বেকুে পেছে সে,𑄝𑄬𑄇𑄪𑄥𑄴𑄳𑄠𑄖𑄴 𑄛𑄧𑄢𑄬 𑄥𑄨𑄝𑄬 𑄥𑄣𑄬𑄚𑄴,Present
মানুষ চেনা,𑄟𑄚𑄪𑄌𑄴 𑄌𑄨𑄚𑄚,Present
আজকে কোন মানুষ চেনা,𑄃𑄨𑄇𑄴𑄬 𑄇𑄧𑄚𑄴𑄬 𑄟𑄚𑄪𑄌𑄴 𑄌𑄨𑄚𑄚,Present
ভারী জিনিস,𑄞𑄢𑄨 𑄃𑄊𑄖𑄴𑄳𑄠,Present
ফোসকাগুলো বলে কিছুই না,𑄜𑄮𑄌𑄴𑄳𑄠𑄃𑄪𑄚𑄬 𑄇𑄧𑄚𑄴𑄬 𑄥𑄧𑄝𑄳𑄆 𑄚𑄧𑄠𑄴,Present
আক্কেল দিে মন দিে দেখলে,𑄃𑄇𑄴𑄧𑄣𑄴 𑄘𑄳𑄆𑄨𑄚𑄬 𑄟𑄧𑄚𑄴𑄳𑄆𑄮 𑄌𑄬𑄣𑄬,Past
সবগুলো পাে পাে,𑄝𑄬𑄇𑄴𑄇𑄚𑄨 𑄛𑄠𑄴 𑄟𑄪𑄎𑄪𑄋𑄧𑄖𑄴,Present
একটুও দূরে না,𑄃𑄬𑄇𑄴𑄇𑄃𑄮 𑄘𑄪𑄢𑄧𑄖𑄴 𑄚𑄧𑄠𑄴 ।,Present
এখানে লাগে না রিদি-মা,𑄃𑄨𑄃𑄧𑄖𑄴 𑄚𑄧 𑄣𑄉𑄬 𑄢𑄨𑄙𑄴𑄘𑄨- 𑄟𑄧𑄚𑄴𑄘𑄧𑄢𑄴,Present
গহীন জঙ্গলে যা,𑄉𑄧𑄞𑄨𑄚𑄴 𑄏𑄢𑄧𑄖𑄴 𑄡𑄳𑄆𑄬𑄚𑄬,Present
.ফুলের সাধক হওা,𑄜𑄪𑄉𑄨𑄢𑄴 𑄥𑄙𑄧𑄇𑄴 𑄦𑄧𑄚,Present
লাগে শুধু নিউজ গোরি,𑄣𑄉𑄬 𑄝𑄚𑄳𑄦 𑄚𑄨𑄃𑄪𑄎𑄴 𑄉𑄮𑄢𑄳𑄦𑄨,Present
কোনাকুনি ঝাি,𑄇𑄮𑄚 𑄇𑄪𑄚𑄨 𑄏𑄢𑄨 𑄏𑄢𑄨,Present
নিজের মাথা চাা,𑄚𑄨𑄎𑄧𑄢𑄴 𑄟𑄪𑄢𑄚𑄴 𑄌𑄚 ।,Present
কোনটা ভালো আর কোনটা ভালো,𑄇𑄪𑄝𑄮𑄚𑄴 𑄉𑄧𑄟𑄴 𑄃𑄢𑄴,Present
কার্তিক মাস,𑄇𑄖𑄴𑄪𑄚𑄴 𑄇𑄨 𑄃𑄏 𑄉𑄧𑄢𑄳𑄦𑄬,Present
কার্তিক মাস,𑄇𑄖𑄴𑄪𑄚𑄴 𑄇𑄨𑄋𑄪𑄢𑄨,Present
কি পেট চাওা,𑄇𑄨 𑄛𑄬𑄘𑄧 𑄌𑄠𑄴 ।,Present
এইটা হলো আমার কথা,𑄃𑄬 𑄃𑄨𑄠𑄬𑄚𑄴 𑄦𑄧𑄣𑄧 𑄟𑄪𑄢𑄴 𑄇𑄮𑄙𑄠𑄚𑄴,Present
আরও কিছু না,𑄃𑄢𑄴 𑄇𑄨𑄌𑄴𑄪 𑄚𑄧𑄠𑄴,Present
সবগুলো পাওা যা,𑄝𑄬𑄇𑄴𑄇𑄚𑄨 𑄛𑄠𑄴 𑄃𑄨𑄃𑄧𑄖𑄴-,Present
পৃথিবীতে ঘুরতে হ না,𑄌 𑄚𑄧 𑄛𑄧𑄢𑄬 𑄛𑄨𑄖𑄴𑄗𑄨𑄟𑄨 𑄊𑄪𑄢𑄨,Present
ব ব গুহা,𑄘𑄋𑄳𑄦𑄧𑄢𑄴 𑄘𑄋𑄳𑄦𑄧𑄢𑄴 𑄉𑄪𑄢𑄪 𑄙𑄪𑄢𑄨,Present
তোমরা সেগুলো পেকে দেখ,𑄖𑄳𑄆𑄪 𑄡𑄨𑄠𑄬𑄚𑄨 𑄛𑄬𑄙𑄬 𑄌𑄥𑄴,Present
"যত ব হও, তত ব হও",𑄡𑄨𑄇𑄴𑄳𑄠𑄧𑄢𑄨 𑄖𑄳𑄆𑄪 𑄈𑄪𑄏𑄨 𑄦𑄧𑄥𑄴,Present
মাচান দিে সেলাই করে,𑄟𑄚𑄴𑄎𑄳𑄠𑄣𑄳𑄆𑄮 𑄥𑄨𑄇𑄴𑄬𑄚𑄴 𑄉𑄧𑄢𑄴,Present
এখন মাা পরিষ্কার হ,𑄥𑄬𑄇𑄴𑄬 𑄟𑄚𑄴𑄎𑄳𑄠 𑄈𑄪𑄏𑄨 𑄦𑄳𑄆𑄮,Present
এখন তোমাকে শুকিে নিে যাও,𑄃𑄬𑄝𑄇𑄴 𑄖𑄧𑄢𑄳𑄦𑄬 𑄉𑄪𑄏𑄨 𑄣𑄳𑄆𑄮,Present
আরও হনা,𑄃𑄢𑄴 𑄚𑄧 𑄦𑄮𑄝𑄇𑄴 𑄛𑄧𑄢𑄴 ।,Present
.আমগুলো গুো করে পে,𑄃𑄟𑄧𑄣𑄴 𑄉𑄮𑄢𑄳𑄦𑄨 𑄛𑄧𑄘𑄧𑄢𑄴 𑄘𑄳𑄆𑄨𑄚𑄬,Present
এত ব তুমি,𑄦𑄧 𑄥𑄬𑄙𑄧𑄇𑄴𑄳𑄠𑄚𑄴 𑄖𑄳𑄆𑄪,Present
এখানে তালা দো যা,𑄃𑄨𑄙𑄧𑄢𑄴 𑄖𑄣 𑄈𑄪𑄠𑄳𑄆𑄬 𑄥𑄬𑄇𑄴𑄬,Present
তোমাকে আমি দেব ঠিক করেছি,𑄖𑄧𑄢𑄳𑄦𑄬 𑄘𑄨𑄝𑄧 𑄉𑄮𑄏𑄳𑄆𑄬,Present
সোমা এবেল তুমি,𑄥𑄮𑄟 𑄃𑄬𑄝𑄬𑄣𑄴 𑄖𑄳𑄆𑄪 ।,Present
পাহাের দিকে তাকা না তুমি,𑄛𑄖𑄴𑄬 𑄚𑄧 𑄌𑄬𑄥𑄴 𑄃𑄪𑄖𑄴𑄗𑄬 𑄖𑄳𑄆𑄪,Present
কার উপরে,𑄇𑄢𑄧 𑄃𑄪𑄉𑄪𑄢𑄬,Present
"এক জাতী বুনো ফল,গোখরা","𑄃𑄨𑄢𑄨𑄘𑄨𑄥𑄴 𑄇𑄮𑄙𑄮𑄇𑄴, 𑄉𑄮𑄖𑄴𑄗𑄮𑄇𑄴",Present
তাদের সাথে হে নাও,𑄖𑄢𑄳𑄦 𑄣𑄧𑄉𑄬 𑄦𑄧𑄠𑄴 𑄣𑄧𑄠𑄴 𑄉𑄧𑄢𑄴,Present
কাজে কর্মে অসাধুতা,𑄇𑄟𑄧𑄖𑄴 𑄝𑄧𑄘𑄴 𑄜𑄇𑄴,Present
তাদের আসাটা পুরনো,𑄖𑄢𑄳𑄦 𑄃𑄏𑄚𑄨 𑄛𑄪𑄢𑄮𑄇𑄴 ।,Present
. হোক বা না হোক তাদের কথা,𑄦𑄮𑄇𑄴 𑄚𑄧 𑄦𑄮𑄇𑄴 𑄖𑄢𑄳𑄦 𑄇𑄮𑄙𑄚𑄨,Present
"১. (কাজ) শেষ করা, শেষ করা ২. (কাজ) শেষ করা",𑄝 𑄇𑄟𑄚𑄨,Present
কিছুক্ষণ পর পর হে যা,𑄥𑄬𑄇𑄴𑄬 𑄦𑄮𑄝𑄇𑄴 𑄈𑄪𑄏𑄨,Present
পাখানা হেছে,𑄗𑄬𑄝𑄇𑄴 𑄃𑄧𑄘𑄧𑄢𑄴 𑄦𑄳𑄆𑄮,Present
.মনে হ সে পরী,𑄟𑄧𑄚𑄴𑄳𑄆𑄮 𑄛𑄪𑄢𑄨 𑄟𑄪𑄎𑄨 ।,Present
প্রচুর নিজের বোই না,𑄃𑄧𑄎𑄧𑄣𑄴 𑄚𑄨𑄎𑄮 𑄚𑄧 𑄝𑄳𑄆𑄬,Present
.সাাবাি করা যা না,𑄥𑄧𑄘𑄧𑄢𑄴 𑄃𑄣𑄴𑄉 𑄚𑄧 𑄌𑄳𑄆𑄬,Present
কোঁকানো অনেক ভালো তো,𑄇𑄮𑄌𑄴𑄧𑄛𑄚 𑄃 𑄞𑄧𑄎𑄧𑄟𑄚𑄴 𑄘𑄬 𑄔𑄣𑄨,Present
যখন তখন খাওা দেখি,𑄡𑄨𑄝𑄬 𑄡𑄪𑄚𑄨 𑄈𑄬𑄘𑄧 𑄌𑄳𑄆,Present
রাখলে দো খাওা,𑄗𑄬𑄣𑄬 𑄘𑄬 𑄈𑄬𑄝𑄢𑄴,Present
ঘরের মানুষ খোলে,𑄊𑄧𑄢𑄧 𑄟𑄚𑄪𑄌𑄴 𑄈𑄮𑄣𑄳𑄆𑄬 ।,Present
হাত দিে গুঁো নাও,𑄦𑄏𑄨 𑄘𑄳𑄆𑄨𑄚𑄬 𑄉𑄪𑄏𑄨 𑄣𑄧,Present
গুোটা আসতেছে না,𑄉𑄪𑄟𑄪𑄏𑄴𑄳𑄠 𑄃𑄬𑄎𑄴𑄳𑄠 𑄚𑄧𑄠𑄴,Present
.যেকে বিশ্বাস করা হ,𑄡𑄢𑄳𑄦𑄬 𑄡𑄨𑄃𑄧𑄖𑄴 𑄛𑄥𑄴,Present
পালিে যাওা,𑄛𑄣𑄴𑄬 𑄃𑄨𑄇𑄴𑄳𑄠𑄧 𑄘𑄬 𑄦𑄎𑄨,Present
.সুার দৌাদৌি করো,𑄥𑄪𑄊𑄧𑄢𑄴 𑄘𑄪𑄊𑄧𑄢𑄴 𑄣𑄧 𑄈𑄪,Present
ঢালি মিঠাই ভাত,𑄔𑄣𑄨 𑄟𑄨𑄙𑄬 𑄞𑄏𑄴 ।,Present
মুখে হাত দিে বেশি বুঝা যা না,𑄟𑄪𑄃𑄧 𑄦𑄏𑄨𑄝𑄮 𑄇𑄧𑄟𑄴 𑄚𑄧 𑄝𑄪𑄏𑄨𑄥𑄴,Present
সব ধন থেকে ব,𑄝𑄬𑄇𑄴 𑄙𑄧𑄚𑄧𑄖𑄴𑄪𑄚𑄴 𑄘𑄋𑄳𑄦𑄧𑄢𑄴,Present
যোগা ভালো,𑄡𑄪𑄚𑄨 𑄘𑄳𑄠𑄧𑄥𑄴 𑄘𑄮𑄣𑄬,Present
শীল পাথর যে হবে,𑄥𑄨𑄣𑄴 𑄛𑄖𑄴𑄗𑄧𑄢𑄴 𑄡𑄬 𑄦𑄧𑄝𑄧 𑄦𑄮𑄇𑄴,Future
.এত ভে থাকবে না সে,𑄚𑄧 𑄗𑄬𑄝𑄧 𑄥𑄬𑄇𑄴𑄬 𑄘𑄧𑄢𑄳𑄦𑄧,Future
সব আনে সে,𑄝𑄬𑄇𑄴 𑄃𑄚𑄬 𑄖𑄬 𑄉𑄮𑄣𑄬 ।,Present
সে সাথে সাথে চলে যা,𑄥𑄬 𑄣𑄧𑄉𑄬 𑄡𑄪𑄚𑄨 𑄏𑄪 𑄘𑄳𑄠𑄧𑄌𑄴 𑄃𑄢𑄧,Present
দুই হাত জুে দেওা,𑄘𑄨𑄠𑄬𑄚𑄴 𑄦𑄘𑄴 𑄎𑄪𑄢𑄨,Present
.নিঃশব্দ মনে যাওা,𑄚𑄨𑄟𑄮𑄚𑄴 𑄟𑄧𑄚𑄬 𑄡𑄪𑄚𑄨,Present
তেতো বিচি যে হবে,𑄖𑄨𑄙𑄬 𑄝𑄨𑄎𑄴 𑄡𑄬 𑄦𑄧𑄝𑄧 𑄦𑄮𑄇𑄴,Future
লুকিে যাওার গুণ,𑄣𑄪𑄉𑄨 𑄡𑄠𑄳𑄠𑄳𑄆𑄧 𑄉𑄪𑄕𑄴,Present
সব পরিষ্কার হে যা পানি,𑄝𑄬𑄇𑄴 𑄦𑄮 𑄡𑄠𑄳𑄠𑄳𑄆𑄧 𑄛𑄚𑄨 ।,Present
একটু ব ব কথা,𑄃𑄬𑄇𑄴𑄇 𑄉𑄮𑄢𑄳𑄦𑄨 𑄘𑄋𑄳𑄦𑄧𑄢𑄴 𑄇𑄮𑄙,Present
একটু ছোট ব,𑄃𑄬𑄇𑄴𑄇 𑄉𑄮𑄢𑄳𑄦𑄨 𑄝𑄧𑄎𑄧𑄋𑄴,Present
.সেটাও ভাবতেছি,𑄥𑄨𑄠𑄬𑄚𑄴𑄃𑄮 𑄞𑄝𑄨𑄥𑄴 𑄘𑄋𑄳𑄦𑄧𑄢𑄴,Present
পাহাের পানিকে লবনাক্ত বলে,𑄟𑄪𑄙𑄪𑄃𑄚𑄧𑄢𑄬 𑄝𑄚𑄳𑄆 𑄝𑄨𑄎𑄴,Present
পানিটা বানিে হ,𑄛𑄚𑄨𑄠𑄚𑄴 𑄝𑄚𑄳𑄆 𑄦𑄨𑄚𑄴,Present
গোলটা বানিে বানানো,𑄉𑄮𑄣𑄴𑄳𑄠𑄃𑄚𑄴 𑄝𑄚𑄳𑄆 𑄛𑄖𑄴𑄧𑄢𑄴 ।,Present
উপর থেকে একটু বািে যাওা,𑄃𑄪𑄏𑄴 𑄗𑄧𑄝𑄬 𑄝𑄬𑄊𑄧𑄢𑄴 𑄃𑄬𑄇𑄴𑄇𑄚𑄴,Present
সুন্দর ব মন,𑄃𑄊𑄬 𑄘𑄮𑄣𑄴 𑄘𑄋𑄳𑄦𑄧𑄢𑄴 𑄟𑄧𑄚𑄴,Present
.যেটা বেশি মিষ্টি,𑄡𑄨𑄠𑄬𑄚𑄴 𑄞𑄢𑄨 𑄟𑄨𑄙𑄬,Present
এই সেটা খোলা ভালো,𑄃𑄬 𑄥𑄨𑄠𑄬𑄚𑄴𑄳𑄆𑄮 𑄈𑄮𑄣𑄚𑄴 𑄉𑄧𑄟𑄴,Present
চোখ ব খোলা মন,𑄌𑄬𑄘𑄚𑄴 𑄘𑄋𑄳𑄦𑄧𑄢𑄴 𑄈𑄮𑄣 𑄟𑄧𑄚𑄴,Present
মনটা খুব নরম,𑄞𑄝𑄧𑄚𑄴 𑄞𑄢𑄨 𑄥𑄨𑄙𑄬 ।,Present
সে মনে করে মেেরা রান্না করে,𑄥𑄬 𑄟𑄧𑄚𑄚𑄳𑄆𑄮 𑄟𑄚𑄴𑄎𑄳𑄠 𑄖𑄮𑄉𑄚𑄴,Present
মুখ বাঁকা করে তাকানো,𑄛𑄬𑄙𑄇𑄴 𑄌𑄚𑄴 𑄘𑄨𑄘𑄇𑄴 𑄌𑄚𑄴,Present
ভারি হাওা গরু,𑄞𑄢𑄨 𑄦𑄃𑄮𑄎𑄴 𑄉𑄮𑄢𑄳𑄦𑄨,Present
তুমিও তাাতাি খেে নাও,𑄖𑄳𑄆𑄪𑄃𑄮 𑄥𑄨𑄠𑄬𑄚𑄴 𑄛𑄬𑄙𑄬 𑄌𑄥𑄴,Present
মাটিও দিে দো,𑄟𑄚𑄴𑄎𑄳𑄠𑄢𑄬𑄃𑄮 𑄘𑄨𑄝𑄢𑄴 𑄌𑄥𑄴,Present
মনের দরজা বন্ধ করো,𑄟𑄧𑄚𑄧 𑄘𑄮𑄢𑄴 𑄈𑄪𑄣𑄨 ।,Present
তোমরা সেগুলো করতে চাও,𑄖𑄳𑄆𑄪 𑄡𑄨𑄠𑄬𑄚𑄨 𑄉𑄧𑄖𑄴𑄬 𑄌𑄥𑄴,Present
মাটিও তাাতাি চে,𑄟𑄚𑄴𑄎𑄳𑄠𑄃𑄮 𑄥𑄨𑄠𑄬𑄚𑄴 𑄌𑄚𑄴,Present
নিজে নিজে গোা পেলে,𑄚𑄨𑄎𑄧 𑄟𑄪𑄚𑄴𑄎𑄪𑄉𑄬 𑄉𑄮𑄢𑄳𑄦𑄨 𑄛𑄬𑄣𑄬,Past
নিজের মতো হওা,𑄚𑄨𑄎𑄧 𑄙𑄧𑄊𑄬 𑄦𑄳𑄆𑄮 𑄛𑄬𑄣𑄬,Present
মানুষ খোলা স্থানে থাকে,𑄟𑄚𑄪𑄌𑄴 𑄈𑄪𑄏𑄨 𑄗𑄚𑄴 ।,Present
এই ধরনের মানুষ চিনে,𑄃𑄬 𑄃𑄨𑄇𑄴𑄳𑄠𑄧𑄢𑄨 𑄟𑄚𑄪𑄌𑄴 𑄌𑄨𑄚𑄧𑄚𑄴,Present
চেনা মানুষ,𑄌𑄨𑄚𑄧𑄚𑄴 𑄟𑄚𑄴𑄎𑄳𑄠𑄧 𑄟𑄧𑄚𑄴,Present
.যেগুলো ফোসকা পা হ,𑄡𑄨𑄃𑄪𑄚𑄴 𑄜𑄮𑄌𑄴𑄳𑄠 𑄦𑄧𑄚𑄴,Present
সবাই শক্ত হেছে,𑄝𑄬𑄇𑄴𑄪𑄚𑄴𑄳𑄆𑄮 𑄥𑄧𑄙𑄧𑄢𑄴 𑄦𑄳𑄆𑄮,Present
বস কান্না করতেছে,𑄝𑄧𑄎𑄴𑄌𑄚𑄴 𑄉𑄮𑄋𑄚𑄴 𑄥𑄪𑄊𑄨 𑄦𑄳𑄆𑄮,Present
সুসুি হে মরণ,𑄥𑄪𑄊𑄨 𑄦𑄳𑄆𑄮𑄚𑄬 𑄟𑄧𑄢𑄧𑄚𑄴 ।,Present
বাবু,𑄝𑄝𑄪,Present
আগের দিনের কথা আর এখন দিনের কথা,𑄃𑄉𑄧 𑄘𑄨𑄚𑄧𑄢𑄴 𑄇𑄮𑄙𑄚𑄨 𑄃𑄢𑄴 𑄃𑄨𑄇𑄴𑄬 𑄘𑄨𑄚𑄧𑄢𑄴 𑄇𑄮𑄙𑄚𑄨,Present
বুো হে আবার বুো হেছে চেহারা,𑄝𑄪𑄘𑄪𑄣𑄨 𑄡𑄬𑄠𑄳𑄠 𑄃𑄢𑄪𑄇𑄴𑄇𑄚𑄨 𑄝𑄪𑄘𑄪𑄣𑄨 𑄡𑄬𑄠𑄳𑄠 𑄙𑄧𑄇𑄴𑄇𑄚𑄨 ।,Present
এখনকার বাচ্চারা কোনো কথা বলে না,𑄃𑄨𑄇𑄴𑄬 𑄡𑄨𑄃𑄪𑄚𑄴 𑄝𑄝𑄧𑄁 𑄇𑄧𑄚𑄴 𑄃𑄉𑄬 𑄇𑄮𑄙𑄇𑄴 𑄥𑄨𑄙𑄬,Present
এখন যারা ফোসকা পরে তারা কোনো কথা বলে না,𑄃𑄨𑄇𑄴𑄬 𑄡𑄨𑄃𑄪𑄚𑄴 𑄜𑄮𑄌𑄴𑄳𑄠 𑄇𑄧𑄚𑄴 𑄃𑄉𑄬 𑄇𑄮𑄙𑄇𑄴 𑄛𑄎𑄨 ।,Present
"থোকি-নোক,ঢুক,ঢুক,পাচাা করে","𑄗𑄮𑄇𑄴𑄨-𑄚𑄮𑄇𑄴𑄨, 𑄌𑄪𑄢𑄴, 𑄙𑄬𑄁, 𑄛𑄎𑄨𑄃𑄪𑄚𑄬 𑄉𑄧𑄢𑄧𑄚𑄴",Present
ফোসকাগুলো ভালো করে থাকতে পারে না,𑄜𑄮𑄌𑄴𑄳𑄠𑄃𑄪𑄚𑄬 𑄉𑄧𑄟𑄴 𑄞𑄚𑄴𑄎𑄬𑄚𑄨 𑄗𑄬𑄝𑄴 𑄉𑄮𑄢𑄳𑄦𑄨𑄚𑄬 𑄙𑄧𑄢𑄧𑄚𑄴 ।,Present
আগের দিনের ফোসকাগুলো একটুও নরম নেই,𑄃𑄉𑄧 𑄘𑄨𑄚𑄧𑄢𑄴 𑄜𑄮𑄌𑄴𑄳𑄠𑄃𑄪𑄚𑄧𑄢𑄴 𑄇𑄧𑄚𑄧 𑄙𑄬𑄁-𑄛𑄎𑄨 𑄚𑄳𑄆𑄬,Present
আজকে দিনে ফোসকা পা হে পে মাথা খেে,𑄃𑄨𑄇𑄴𑄬 𑄘𑄨𑄚𑄧𑄖𑄴 𑄜𑄮𑄌𑄴𑄳𑄠 𑄦𑄧𑄚𑄴𑄬 𑄛𑄧𑄢𑄧 𑄟𑄙 𑄈𑄳𑄆𑄬 ।,Present
.আক্কেল বুো হলে তাকে বাবু বলে,𑄃𑄇𑄴𑄧𑄣𑄴 𑄝𑄪𑄘𑄴𑄨𑄠𑄬 𑄜𑄮𑄌𑄴𑄳𑄠 𑄦𑄧𑄣𑄬 𑄥𑄨𑄃𑄪𑄚𑄧𑄢𑄬 𑄇𑄮𑄙𑄇𑄴 𑄝𑄝𑄪,Present
এখন দিনে ফোসকা হে মানুষ ছোট হেছে,𑄃𑄨𑄇𑄴𑄬 𑄘𑄨𑄚𑄧𑄖𑄴 𑄜𑄮𑄌𑄴𑄳𑄠 𑄦𑄧𑄚𑄴𑄬 𑄟𑄚𑄪𑄌𑄴 𑄉𑄮𑄢𑄳𑄦𑄨 𑄜𑄉𑄪 ।,Present
"সুন্দর জামা-প্যান্ট,চামা থাকলে পাহাের দাগ","𑄘𑄮𑄣𑄴 𑄥𑄎𑄴-𑄛𑄮𑄎𑄇𑄴, 𑄌𑄉𑄪𑄢𑄨 𑄗𑄬𑄣𑄬-𑄗𑄬𑄣𑄬 𑄑𑄬𑄋 𑄘𑄧𑄉𑄴",Present
. যারা এখানে আসে তারা পান তামাক খায়।,𑄡𑄨𑄃𑄪𑄚𑄧 𑄃𑄨𑄙𑄪 𑄃𑄬 𑄟𑄚𑄪𑄌𑄴𑄪𑄚𑄴 𑄃𑄪𑄚𑄴𑄎𑄪𑄢𑄴 𑄗𑄳𑄆𑄬 𑄛𑄚𑄴 𑄈𑄧𑄇𑄴,Present
এখনকার দিনে সিঁিগুলো মেেরা মািে থাকে,𑄃𑄨𑄇𑄴𑄬 𑄘𑄨𑄚𑄧𑄖𑄴 𑄥𑄨𑄃𑄪𑄚𑄴 𑄝𑄝𑄪 𑄡𑄨𑄃𑄪𑄚𑄴 𑄟𑄚𑄴𑄎𑄬 𑄊𑄨𑄚𑄚𑄴,Present
বেশি ঘিলে উগুে দো বাবু নাচতেছে,𑄃𑄙𑄨𑄇𑄴 𑄊𑄨𑄚𑄬 𑄃𑄪𑄉𑄪𑄙𑄧 𑄉𑄮𑄢𑄳𑄦𑄨 𑄘𑄬𑄘𑄧𑄚𑄴 𑄝𑄝𑄪 𑄚𑄋𑄴-,Present
সেই বাবুগুলো খেলা খেলতে খেলতে গোদা সমাজ,𑄥𑄬 𑄝𑄝𑄪𑄃𑄪𑄚𑄬 𑄈𑄬𑄣𑄇𑄴 𑄎𑄘𑄴 𑄈𑄬𑄣𑄇𑄴 𑄉𑄮𑄘 𑄥𑄧𑄟𑄎𑄴,Present
বইে দিল তারা সব গুিে দিল,𑄝𑄮𑄘𑄮𑄣𑄬 𑄘𑄨𑄣𑄇𑄴 𑄡𑄪𑄇𑄴𑄧 𑄖𑄢𑄳𑄦 𑄝𑄬𑄇𑄴 𑄉𑄮𑄢𑄳𑄦𑄨𑄣𑄇𑄴 𑄚𑄎𑄴−,Past
সেখানে এখন আমার ভালো বাবু আর নেই,𑄥𑄨𑄃𑄪𑄚𑄧𑄘𑄨𑄖𑄴𑄗𑄳𑄆𑄬 𑄃𑄨𑄇𑄴𑄬 𑄃𑄟𑄢𑄴 𑄉𑄧𑄟𑄴 𑄝𑄝𑄪 𑄃𑄢𑄴 𑄚𑄳𑄆𑄬,Present
সবগুলো খেলা শেষ করে তারা সব গুো করে দিল,𑄝𑄬𑄇𑄴𑄇𑄚𑄨 𑄈𑄬𑄣𑄇𑄴 𑄙𑄪𑄢𑄨 𑄖𑄢𑄳𑄦 𑄝𑄬𑄇𑄴𑄇𑄚𑄨 𑄘𑄨𑄣𑄇𑄴 𑄣𑄪𑄉𑄳𑄆𑄬 ।,Past
আাআি,𑄃𑄇𑄴𑄳𑄠𑄋𑄴,Present
মারের পেট থেকে শুধু ধর্ম বের হ না,𑄟𑄢𑄴 𑄛𑄬𑄘𑄧𑄖𑄴𑄗𑄪𑄚𑄴 𑄦𑄧𑄙𑄬 𑄇𑄨𑄃𑄳𑄆𑄮 𑄙𑄧𑄢𑄴𑄟𑄧 𑄣𑄳𑄆𑄮𑄚𑄬 𑄚𑄧 𑄃𑄬𑄡𑄧𑄚𑄴,Present
এখন না থাকে কোনো আক্কেল থাকেনা মনে হ,𑄥𑄬𑄇𑄴𑄬 𑄚𑄧 𑄗𑄠𑄴 𑄇𑄧𑄚𑄧 𑄃𑄇𑄴𑄧𑄣𑄴 𑄚𑄧 𑄗𑄠𑄴 𑄞𑄝𑄧𑄚𑄴 𑄝𑄪𑄏𑄧𑄚𑄴 ।,Present
যে বািে যে সংসারে জনম হবে,𑄡𑄬 𑄊𑄧𑄢𑄚𑄧𑄖𑄴 𑄡𑄬 𑄥𑄧𑄟𑄎𑄧𑄖𑄴 𑄎𑄧𑄚𑄧𑄟𑄴 𑄣𑄳𑄆𑄮𑄚𑄬 𑄃𑄬𑄝𑄧,Future
খেে তারপর সে ব হে যাবে,𑄈𑄳𑄆𑄬𑄚𑄬 𑄗𑄳𑄆𑄬𑄚𑄬 𑄡𑄨𑄃𑄧𑄖𑄴 𑄖𑄬 𑄘𑄋𑄳𑄦𑄧𑄢𑄴 𑄘𑄨𑄋𑄳𑄦𑄧𑄢𑄴 𑄦𑄧𑄝𑄧,Future
সেই বািটা সেই গ্রামে ধর্ম পবিত্র হেছে,𑄥𑄬 𑄊𑄧𑄢𑄚𑄧𑄢𑄴 𑄥𑄬 𑄥𑄧𑄟𑄎𑄧𑄢𑄴 𑄙𑄧𑄢𑄴𑄟𑄧 𑄥𑄪𑄙𑄧𑄟𑄴 𑄣𑄳𑄆𑄮,Present
দুলিে তাাতাি মন চলে যা,𑄘𑄪𑄝𑄨 𑄗𑄳𑄆𑄬𑄚𑄬 𑄥𑄨𑄊𑄨 𑄣𑄧𑄠𑄴 𑄟𑄧𑄚𑄚𑄴 𑄃𑄇𑄴𑄳𑄠𑄋𑄴 𑄦𑄳𑄆𑄮-,Present
"বিচ্চিসি করে উঠে আসলাম, খোদা, ভগবান","𑄝𑄨𑄌𑄴𑄬𑄥𑄨 𑄦𑄳𑄆𑄮 𑄃𑄪𑄙𑄧𑄚𑄴 𑄃𑄩𑄌𑄴𑄧𑄢𑄴, 𑄈𑄮𑄘, 𑄞𑄧𑄉𑄧𑄝𑄚𑄴",Past
"এক জাতী হওা মানুষ, হিন্দু, বৌদ্ধ, খিরিশ","𑄃𑄨𑄇𑄴𑄳𑄠𑄧𑄪𑄢𑄨 𑄦𑄧𑄚𑄴 𑄟𑄪𑄎𑄪𑄢𑄴𑄟𑄚𑄴, 𑄦𑄨𑄚𑄴𑄘𑄪, 𑄝𑄪𑄘𑄴𑄙𑄧, 𑄈𑄨𑄢𑄨𑄥𑄴𑄑𑄚𑄴 ।",Present
"ইগাি, পিজুম, প্রেত, কুা, কুা, পা, পা, পা, পা, পা","𑄃𑄨𑄁𑄉𑄢𑄨, 𑄛𑄨𑄎𑄪𑄟𑄴𑄳𑄠, 𑄛𑄳𑄢𑄬𑄖𑄳𑄠, 𑄇𑄪𑄣𑄨, 𑄌𑄪𑄢𑄴, 𑄙𑄬𑄋𑄴, 𑄛𑄎𑄨",Present
.হওার জন্য কোনো জনম নাই এগুলো,𑄦𑄳𑄆𑄮𑄚𑄬 𑄇𑄨𑄃𑄳𑄆𑄮 𑄎𑄧𑄚𑄧𑄟𑄴 𑄚𑄧 𑄣𑄧𑄚𑄴 𑄣𑄧𑄚𑄴 𑄃𑄨𑄠𑄬𑄚𑄨 𑄥𑄨𑄊𑄨 ।,Present
যে বািে যে সমাজে এত মলা থাকে,𑄡𑄬 𑄊𑄧𑄢𑄚𑄧𑄖𑄴 𑄡𑄬 𑄥𑄧𑄟𑄎𑄧𑄖𑄴 𑄃𑄬𑄙𑄨𑄇𑄴𑄳𑄠𑄚𑄴 𑄇𑄎𑄧𑄢𑄴 𑄗𑄠𑄴,Present
"জনম নিলে সে,শুনতে মনে গাধা যা","𑄎𑄧𑄚𑄧𑄟𑄴 𑄣𑄧𑄣𑄬 𑄢𑄨𑄚𑄨, 𑄥𑄪𑄚𑄨 𑄟𑄧𑄚𑄧𑄖𑄴 𑄉𑄙 𑄡𑄠𑄴",Present
ভালো হলে ভালো আর খারাপ হলে ভালো,𑄉𑄧𑄟𑄴 𑄦𑄧𑄣𑄬 𑄉𑄧𑄟𑄚𑄴 𑄃𑄢𑄴 𑄇𑄎𑄧𑄢𑄴 𑄦𑄧𑄣𑄬 𑄇𑄎𑄧𑄢𑄴,Present
আাআি হে জীবনটা পতেছে,𑄃𑄇𑄴𑄳𑄠𑄋𑄴 𑄦𑄳𑄆𑄮𑄚𑄬 𑄥𑄧𑄟𑄢𑄴 𑄝𑄚𑄚𑄴 𑄎𑄨𑄁𑄇𑄚𑄨 𑄛𑄧𑄙𑄧𑄢𑄴,Present
ভালো ভালো হওা সেজন্য কথা বলা হ না,𑄉𑄧𑄟𑄴 𑄞𑄚𑄴𑄎𑄬 𑄦𑄧𑄚 𑄥𑄬𑄚𑄬 𑄇𑄧𑄝𑄣𑄧 𑄣𑄬𑄊 𑄚𑄧𑄠𑄴,Present
.বিালের শব্দ শুনে কান থেকে বের হ,𑄢𑄨𑄚𑄨 𑄥𑄪𑄚𑄨 𑄉𑄮𑄢𑄳𑄦𑄨 𑄙𑄪𑄢𑄨 𑄃𑄇𑄴𑄳𑄠𑄋𑄧𑄖𑄴𑄪𑄚𑄴 𑄦𑄧𑄠𑄴 ।,Present
আমরা সবাই আমাদের ছেলে-মেেকে পছন্দ করি,𑄃𑄟𑄨 𑄡𑄪𑄚𑄨 𑄃𑄟 𑄛𑄮-𑄏𑄨𑄃𑄪𑄚𑄴 𑄈𑄟𑄇𑄴𑄇𑄳𑄆 𑄉𑄮𑄢𑄳𑄦𑄨 𑄇𑄮𑄌𑄴 𑄛𑄳𑄆𑄬,Present
বাবা-মা হে তাদের সব ভালো জিনিসগুলো দেখে,𑄝𑄛𑄴-𑄟 𑄦𑄳𑄆𑄮𑄚𑄬 𑄖𑄢𑄳𑄦𑄖𑄴𑄗𑄪𑄚𑄴 𑄡𑄪𑄚𑄨 𑄉𑄧𑄟𑄴 𑄎𑄨𑄚𑄨𑄌𑄴𑄌𑄚𑄴 𑄌𑄳𑄆𑄬,Present
"নিজে বুো,সমাজ ব হলে সব গুো করে","𑄚𑄨𑄎𑄬 𑄝𑄪𑄘𑄪𑄣𑄨, 𑄥𑄧𑄟𑄎𑄴 𑄝𑄮𑄘𑄮𑄣𑄳𑄆𑄬 𑄞𑄚𑄴𑄎𑄬 𑄝𑄬𑄇𑄴𑄇𑄚𑄨 𑄃𑄨𑄢𑄨",Present
সে-ই দেখে ভালো কাজগুলো সেখানে করে,𑄥𑄨𑄊𑄳𑄆𑄬- 𑄘𑄬𑄊𑄳𑄆𑄬 𑄉𑄧𑄟𑄴 𑄇𑄟𑄚𑄨 𑄥𑄨𑄠𑄬𑄚𑄨𑄖𑄴 𑄃𑄇𑄴𑄳𑄠𑄋𑄴 𑄉𑄮𑄢𑄳𑄦𑄨 ।,Present
আকা-বাকা হলো ব ব এই জীবনে,𑄃𑄇𑄴𑄳𑄠𑄋𑄚𑄴 𑄦𑄧𑄣𑄧 𑄝𑄬𑄉𑄧𑄢𑄴 𑄘𑄋𑄳𑄦𑄧𑄢𑄴 𑄃𑄬 𑄛𑄧𑄢𑄚𑄴 𑄝𑄧𑄣 𑄎𑄨𑄁𑄇𑄚𑄨𑄖𑄴,Present
. বেগ তার গাে ঘোর খেে আছে,𑄝𑄬𑄉𑄴 𑄖 𑄉𑄝𑄪𑄢𑄴 𑄦𑄳𑄆𑄮𑄚𑄬 𑄊𑄪𑄢𑄴 𑄛𑄇𑄴 𑄈𑄳𑄆𑄬 𑄃𑄊𑄨 𑄟𑄬𑄘𑄨𑄚𑄨𑄖𑄴 −,Present
.যেটা আগে হ মনে হ সেটা আগে হ,𑄡𑄨𑄠𑄬𑄚𑄴 𑄃𑄇𑄴𑄳𑄠𑄋𑄴 𑄦𑄧𑄠𑄴 𑄟𑄧𑄚𑄚𑄴 𑄃𑄪𑄚𑄴𑄎𑄪𑄢𑄴 𑄥𑄨𑄠𑄬𑄚𑄴 𑄉𑄧𑄖𑄴𑄧 𑄌𑄠𑄴,Present
তার ব্যবহারটা কোনো কিছুতেই সহ্য করা যা না,𑄖 𑄝𑄢𑄳𑄦𑄘𑄨 𑄇𑄧𑄚𑄧 𑄇𑄨𑄖𑄴𑄗𑄬𑄖𑄴 𑄛𑄖𑄴𑄬 𑄞𑄉𑄬 𑄚𑄧 𑄡𑄠𑄴 ।,Present
"এই চোর, ধেং,কুটিকুটি ইঙর, ভূত আর কুটিকুটি","𑄃𑄬 𑄌𑄪𑄢𑄴, 𑄙𑄬𑄁, 𑄇𑄪𑄖𑄴𑄪𑄢𑄨-𑄃𑄨𑄁𑄉𑄢𑄴, 𑄛𑄳𑄢𑄬𑄖𑄴 𑄃𑄢𑄧 𑄇𑄪𑄣𑄨",Present
আাআি হে মনে পে পে,𑄃𑄇𑄴𑄳𑄠𑄋𑄴 𑄦𑄳𑄆𑄮𑄚𑄬 𑄈𑄎𑄴𑄳𑄠𑄧𑄖𑄴 𑄦𑄳𑄆𑄮 𑄟𑄧𑄚𑄚𑄨𑄖𑄴 𑄗𑄳𑄆 𑄔𑄪𑄣𑄨 ।,Present
". পা, পা, পাওা আর রা","𑄉𑄧𑄢𑄳𑄦 , 𑄛𑄧𑄢𑄳𑄦 , 𑄛𑄚𑄳𑄦 𑄃𑄢𑄧 𑄢𑄬𑄚",Present
"ভালো-খারাপ,ঘুম-জাগরণ,আলসি-কামা","𑄉𑄧𑄟𑄴-𑄞𑄚𑄴𑄎𑄬, 𑄊𑄪𑄟𑄴-𑄎𑄉𑄧𑄚𑄴, 𑄃𑄣𑄴𑄥𑄨-𑄇𑄟𑄴𑄳𑄠𑄧 𑄦𑄧𑄚",Present
"বিচ্চিে বিচ্চিে গিেছে, জাত আর অস্থাী","𑄝𑄨𑄌𑄴𑄬𑄥𑄴 𑄃𑄧𑄝𑄨𑄌𑄴𑄬𑄥𑄴 𑄙𑄳𑄠𑄚𑄨-𑄉𑄨𑄠𑄬𑄚𑄨, 𑄎𑄖𑄴 𑄃𑄢𑄧 𑄃𑄧𑄎𑄖𑄴",Present
"খাওা, যাওা, যাওা, ভালো করে যাওা, হওা, খারাপ হওা, মাা","𑄈𑄚, 𑄡𑄚, 𑄞𑄣𑄬𑄘𑄴-𑄃𑄪𑄢𑄮𑄚𑄴, 𑄦𑄧𑄏-𑄇𑄚, 𑄟𑄘𑄴",Present
এগুলো সবসম জীবনে আসতেই হ,𑄃𑄨𑄠𑄬𑄚𑄨 𑄝𑄬𑄇𑄴𑄇𑄚𑄨 𑄟𑄚𑄳𑄆𑄬 𑄎𑄨𑄁𑄇𑄚𑄨𑄖𑄴 𑄃𑄇𑄴𑄳𑄠𑄋𑄧 𑄘𑄨𑄖𑄴𑄳𑄠 𑄦𑄧𑄠𑄴,Present
.সেগুলোতে আাআি করে কোনো দম বলা হ না,𑄥𑄨𑄚𑄪𑄖𑄴𑄳𑄠𑄳𑄆 𑄃𑄇𑄴𑄳𑄠𑄋𑄧 𑄝𑄢𑄳𑄦 𑄃𑄬 𑄟𑄬𑄘𑄨𑄚𑄨𑄖𑄴 𑄇𑄧𑄚𑄧 𑄘𑄧𑄟𑄴 𑄝𑄧𑄣 𑄚𑄧𑄠𑄴 ।,Present
এখানে আমি কাজ করতেছি আর মনে পে,𑄃𑄬𑄡 𑄃𑄟𑄨 𑄇𑄟𑄬 𑄇𑄮𑄙𑄠𑄴 𑄌𑄨𑄘𑄬 𑄃𑄢𑄧 𑄟𑄧𑄚𑄬,Present
ভালো আাআি করে উস্কুখুস্কু করে পোকা উে আসে,𑄉𑄧𑄟𑄴 𑄃𑄇𑄴𑄳𑄠𑄋𑄚𑄴 𑄉𑄮𑄢𑄳𑄦𑄨 𑄃𑄪𑄚𑄴𑄎𑄪𑄢𑄴 𑄛𑄪𑄖𑄴𑄨 𑄎𑄧𑄚𑄬 𑄎𑄧𑄚𑄬 −,Present
আমাদের বািটা আমাদের বািতে হোক সুন্দর,𑄃𑄟 𑄊𑄧𑄢𑄚𑄴 𑄃𑄟 𑄥𑄧𑄟𑄎𑄴 𑄃𑄟 𑄎𑄖𑄴𑄳𑄠𑄧 𑄦𑄮𑄇𑄴 𑄘𑄮𑄣𑄴,Present
. বাঁশটা মলার আা ফুলছে।,𑄞𑄚𑄴𑄎𑄳𑄠 𑄇𑄎𑄧𑄢𑄴 𑄃𑄇𑄴𑄳𑄠𑄋𑄴 𑄃𑄨𑄢𑄨 𑄜𑄪𑄘𑄮𑄇𑄴 𑄘𑄮𑄣𑄧𑄢𑄴 𑄝𑄮𑄣𑄴 ।,Present
নািভুি,𑄚𑄙𑄢𑄴 𑄘𑄪𑄊𑄴,Present
অসুখের খবর সে পা না,𑄛𑄨𑄢𑄬 𑄈𑄧𑄝𑄧𑄢𑄴 𑄥𑄨𑄝𑄬 𑄚𑄧 𑄛𑄠𑄴,Present
যেখানে সেখানে অসুখ করতে হ না,𑄡𑄨𑄝𑄬 𑄛𑄨𑄢𑄬 𑄚𑄧 𑄛𑄧𑄢𑄬,Present
সে শুধু বলতে পারে,𑄥𑄨𑄝𑄳𑄆𑄬 𑄝𑄚𑄳𑄦 𑄇𑄳𑄆𑄮 𑄛𑄢𑄬,Present
যে রোগী অসুস্থ হ,𑄡𑄨𑄝𑄬 𑄛𑄨𑄢𑄬 𑄛𑄧𑄢𑄬 ।,Present
এত ব ব দুঃখ,𑄃𑄬 𑄥𑄬𑄙𑄧𑄇𑄴𑄳𑄠𑄚𑄴 𑄚𑄙𑄢𑄴 𑄘𑄪𑄇𑄴𑄈𑄚𑄴,Present
যেখানে সেখানে হ না,𑄡𑄨𑄝𑄬 𑄚𑄙 𑄚𑄧 𑄦𑄧𑄠𑄴,Present
সে কোনো দিন বলতে পারে না,𑄇𑄳𑄆𑄮 𑄚𑄧 𑄛𑄢𑄬 𑄖𑄬 𑄇𑄧𑄚𑄧 𑄘𑄨𑄚𑄴,Present
নাকটা কাকে বলে,𑄚𑄙 𑄇𑄢𑄳𑄦𑄬 𑄇𑄧𑄠𑄴 ।,Present
নাকের দুঃখটা একটু দেখি,𑄚𑄙𑄢𑄴 𑄘𑄪𑄇𑄴𑄈𑄚𑄴 𑄃𑄬𑄇𑄴𑄇 𑄌𑄳𑄆𑄬,Present
.নিচে দেখলে উঠে না,𑄃𑄨𑄚𑄴𑄨 𑄌𑄬𑄣𑄬 𑄃𑄪𑄚𑄴𑄨 𑄚𑄳𑄆𑄬,Present
.মাকার মতো বাচ্চা নেই,𑄟𑄮𑄇𑄴𑄈𑄳𑄠𑄧 𑄌𑄬𑄣𑄬 𑄛𑄮𑄝𑄳𑄠𑄧 𑄚𑄳𑄆𑄬,Present
ছেলে দেখলে নিজের নেই,𑄛𑄮𑄝𑄳𑄠𑄧 𑄌𑄬𑄣𑄬 𑄚𑄨𑄎𑄧𑄢𑄴 𑄚𑄳𑄆𑄬,Present
.উলো ছালে আগুন নেই,𑄃𑄪𑄣𑄮𑄚𑄴 𑄍𑄣𑄧𑄖𑄴 𑄃𑄉𑄪𑄚𑄴 𑄚𑄳𑄆𑄬,Present
বািতে দেখলে খাওা যা না,𑄊𑄧𑄢𑄧𑄖𑄴 𑄌𑄬𑄣𑄬 𑄈𑄬𑄝𑄢𑄴 𑄚𑄳𑄆𑄬,Present
অসুখের ঔষধ নেই,𑄛𑄨𑄢𑄬𑄛𑄧𑄣𑄴𑄬 𑄘𑄢𑄪 𑄚𑄳𑄆𑄬,Present
বািটা যে গোদা ভেঙে গেছে,𑄊𑄧𑄢𑄚𑄴 𑄡𑄬𑄠𑄳𑄠 𑄉𑄮𑄘 𑄞𑄋𑄨,Present
বর্ষা দো পানি,𑄝𑄢𑄨𑄏𑄬𑄖𑄴 𑄘𑄬 𑄌𑄣𑄬 𑄛𑄚𑄨,Present
কাজ করতে না পারলে কাজ পা না,𑄇𑄟𑄴 𑄖𑄮𑄉𑄬𑄣𑄬 𑄇𑄟𑄴 𑄚𑄧 𑄛𑄠𑄴,Present
থাওার থেকে রেহাই পাওা যা না,𑄗𑄃𑄮𑄠𑄳𑄠𑄝𑄳𑄠𑄧𑄖𑄴𑄪𑄚𑄴 𑄟𑄘𑄴 𑄚𑄧 𑄛𑄠𑄴,Present
"ইন্নি,দুই না পাে সংসার বো","𑄃𑄨𑄚𑄴𑄨, 𑄘𑄨 𑄚𑄧 𑄛𑄣𑄴𑄬 𑄥𑄧𑄟𑄎𑄴 𑄝𑄬𑄎𑄢𑄴",Present
দুই না পারলে ধর্ম বেজার,𑄘𑄨 𑄚𑄧 𑄛𑄣𑄴𑄬 𑄙𑄧𑄢𑄴𑄟𑄧 𑄝𑄬𑄎𑄢𑄴,Present
.জিনিসপত্র তাাতাি বািতে,𑄎𑄮𑄚𑄴𑄎𑄣𑄚𑄴 𑄗𑄠𑄴 𑄃𑄪𑄚𑄴𑄎𑄪𑄢𑄴 𑄊𑄧𑄢𑄧𑄖𑄴,Present
কোথা আছে সুা,𑄇𑄪𑄝𑄮𑄖𑄴 𑄃𑄊𑄬 𑄥𑄪𑄊𑄴 ?,Present
এই তাকে বলা হেছে নাাচাা জীবন,𑄃𑄬 𑄃𑄨𑄠𑄬𑄚𑄧𑄢𑄬 𑄇𑄧𑄠𑄴𑄘𑄳𑄠 𑄚𑄘 𑄎𑄨𑄁𑄇𑄚𑄨,Present
. তাকে বলা হেছে নাার দুঃখ,𑄃𑄨𑄠𑄬𑄚𑄧𑄢𑄬 𑄇𑄧𑄠𑄴𑄘𑄳𑄠 𑄚𑄙𑄢𑄴 𑄘𑄪𑄊𑄴 ।,Present
নাকটা হলো নদীর ভুি,𑄚𑄙𑄃𑄚𑄴 𑄦𑄧𑄣𑄧 𑄘𑄪𑄊𑄧𑄢𑄴 𑄞𑄪𑄙𑄨,Present
তার কোনো সুখ নেই,𑄇𑄧𑄚𑄧 𑄥𑄪𑄊𑄴 𑄚𑄳𑄆𑄬 𑄖𑄢𑄴,Present
হেলাফেলা সবাই,𑄦𑄬𑄣 𑄜𑄬𑄣 𑄝𑄬𑄇𑄴𑄪𑄚𑄧𑄢𑄴,Present
যেন তার বাি হা,𑄡𑄬𑄚𑄴 𑄖𑄧𑄘𑄖𑄴 𑄝𑄥𑄴𑄳𑄠 𑄦𑄢𑄴 ।,Present
এখন দিনে সব ভ বলা,𑄃𑄨𑄇𑄴𑄬 𑄘𑄨𑄚𑄧𑄖𑄴 𑄝𑄬𑄇𑄴 𑄞𑄧 𑄝𑄧𑄣,Present
মিথ্যা কথা পেে লাভ নেই,𑄞𑄪𑄣𑄴 𑄝𑄬𑄘𑄧𑄟 𑄛𑄬𑄝𑄢𑄴 𑄚𑄳𑄆𑄬,Present
ভুলে যাওার মতো দেখতেছি,𑄞𑄪𑄣𑄧𑄢𑄬 𑄡𑄪𑄚𑄨 𑄢𑄨𑄚𑄨 𑄌𑄬𑄣𑄬,Present
সে টোকাই মানুষ,𑄖𑄬𑄠𑄳𑄠𑄧 𑄑𑄮𑄊𑄠𑄴 𑄟𑄚𑄪𑄌𑄴,Present
কাউকে নিে যাবে নাকি?,𑄇𑄢𑄳𑄦𑄬 𑄣𑄧𑄝𑄬 𑄝𑄳𑄆𑄬 !,Future
পাহাের বো পে,𑄛𑄉𑄣 𑄝𑄬𑄢𑄳𑄆 𑄛𑄧𑄙𑄬 𑄛𑄧𑄙𑄬,Present
পাগল মাটি,𑄛𑄉𑄧𑄣𑄧 𑄞𑄏𑄴 𑄟𑄘𑄨,Present
পেটটা কিছুক্ষণ পর পাতলা হে যাবে,𑄛𑄬𑄑𑄳𑄠𑄧 𑄡𑄬𑄇𑄴𑄬 𑄈𑄣𑄴𑄳𑄠 𑄦𑄧𑄝𑄧,Future
কিঙরি ভরবে,𑄇𑄨𑄋𑄪𑄢𑄨 𑄞𑄧𑄢𑄬𑄝𑄧,Future
বুো খাওা সে ভালো,𑄝𑄪𑄘𑄴𑄨 𑄈𑄘𑄠𑄴 𑄖𑄬𑄠𑄳𑄠𑄧 𑄘𑄮𑄣𑄬,Present
সুন্দর সুন্দর মাটি,𑄘𑄮𑄣𑄴 𑄘𑄮𑄣𑄴 𑄇𑄮𑄙 𑄟𑄘𑄨 ।,Present
তারা দুইজনে সেই রকম হ,𑄖𑄢𑄳𑄦 𑄡𑄪𑄚𑄨 𑄥𑄬 𑄙𑄧𑄇𑄴𑄳𑄠𑄚𑄴 𑄦𑄧𑄚𑄴,Present
ভালো মানুষ কি হবে?,𑄉𑄧𑄟𑄴 𑄟𑄚𑄪𑄌𑄴𑄪𑄚𑄴 𑄇𑄨 𑄦𑄧𑄝𑄧𑄋𑄴 ?,Future
তাাতাি হেছে এইদিক,𑄥𑄬𑄚𑄬 𑄦𑄮𑄠𑄳𑄆𑄬 𑄃𑄬 𑄙𑄨𑄇𑄴𑄳𑄠𑄚𑄴 −,Present
কোথা যেন ভ করতেছে,𑄇𑄖𑄴𑄗𑄪𑄚𑄴 𑄇𑄮𑄚𑄴𑄚 𑄞𑄧 𑄉𑄮𑄢𑄳𑄦𑄨𑄚𑄬,Present
চোরা মার,𑄌𑄮𑄢 𑄟𑄬𑄢𑄴 𑄟𑄢𑄨,Present
.কেন যে এত ব ব কথা,𑄇𑄬𑄚𑄬 𑄈𑄬𑄝𑄧𑄁 𑄘𑄋𑄳𑄦𑄧𑄢𑄴 𑄞𑄇𑄴𑄳𑄠𑄧,Present
সে উঠতেছে কোথা,𑄥𑄬 𑄃𑄪𑄘𑄨𑄏𑄬 𑄇𑄪𑄎𑄋𑄣𑄚𑄴,Present
ধোঁার জন্য গর্ত কেটেছে-,𑄙𑄮 𑄉𑄮𑄢𑄳𑄦𑄨𑄚𑄬 𑄙𑄪𑄢𑄴 𑄇𑄝𑄨 −,Present
সে গর্তটা বেেছে,𑄥𑄬 𑄙𑄪𑄢𑄧 𑄎𑄋𑄣𑄴 𑄝𑄳𑄆𑄬,Present
খোলের উপরে ফোসকা,𑄈𑄮𑄣𑄬𑄢𑄴 𑄃𑄮𑄟𑄳𑄦 𑄜𑄮𑄌𑄴𑄳𑄠,Present
তার মাথা সে খেে,𑄖 𑄥𑄨𑄢𑄳𑄦𑄬𑄝𑄳𑄠𑄧 𑄖𑄬 𑄈𑄳𑄆𑄬 ।,Present
.সেটা এখন তোমার করা,𑄥𑄨𑄠𑄬𑄚𑄴 𑄃𑄨𑄇𑄴𑄬 𑄖𑄧 𑄉𑄮𑄢𑄳𑄦𑄨𑄚𑄬,Present
বাির মেে - মেে,𑄊𑄧𑄢𑄧 𑄟𑄮𑄇𑄴𑄳𑄠 𑄢𑄨𑄚𑄨 −,Present
"বাবা পুে, বিে বিে","𑄝𑄛𑄴 𑄛𑄪𑄘𑄬, 𑄞𑄬𑄠𑄬 𑄞𑄬𑄠𑄬",Present
সে তাকে খোল করছে,𑄈𑄬𑄘𑄧𑄁 𑄌𑄳𑄦𑄬𑄢𑄴 𑄖𑄢𑄳𑄦𑄬 𑄖𑄬,Present
খেে না পেলে রাগ উঠে,𑄈𑄳𑄆𑄬 𑄚𑄧 𑄛𑄬𑄣𑄬 𑄢𑄉𑄴 𑄎𑄪𑄣𑄨𑄢𑄴,Present
চোখের কাজল,𑄌𑄮𑄎𑄴𑄬𑄢𑄴 𑄇𑄮𑄎𑄴𑄳𑄠 𑄝𑄡𑄬𑄢𑄴,Present
".মারামারি,যাওালু বুি","𑄟𑄢 𑄟𑄢𑄨, 𑄎𑄃𑄮𑄣𑄪𑄇𑄴 𑄝𑄪𑄘𑄨",Present
"মাচান, বোচা","𑄟𑄘𑄝𑄪𑄣𑄧, 𑄝𑄬𑄢𑄚𑄴-𑄌𑄬𑄢𑄚𑄴",Present
.লম্বা মনের টান,𑄣𑄮-𑄦𑄬𑄢 𑄟𑄧𑄚𑄧𑄢𑄴 𑄑𑄚𑄴,Present
সব ফেলে রেখে ভেঙে,𑄝𑄬𑄇𑄴𑄈𑄚𑄨 𑄜𑄬𑄣𑄳𑄆𑄬 𑄞𑄋𑄨 ।,Present
এগুলো আরও কেকটা ভালো,𑄃𑄨𑄇𑄴𑄮𑄢𑄨 𑄃𑄢𑄧 𑄇𑄧𑄙𑄧𑄇𑄴 𑄘𑄮𑄣𑄬,Present
.কিছুই এখন খুলতেছি না,𑄇𑄨𑄃𑄳𑄆𑄮 𑄃𑄨𑄇𑄴𑄬 𑄈𑄮𑄣𑄬𑄘𑄧𑄁 𑄚𑄧 𑄌𑄳𑄦𑄬𑄢𑄴,Present
"আর দেখে ভালো,খুলে ভালো","𑄃𑄢𑄧 𑄌𑄬𑄘𑄳𑄆𑄬 𑄉𑄧𑄟𑄴, 𑄈𑄮𑄣𑄳𑄆𑄬 𑄙𑄧𑄢𑄴𑄟𑄨𑄇𑄴𑄳𑄠𑄧",Present
সোজা সোজা,𑄃𑄪𑄎𑄪 𑄥𑄨𑄙𑄬 𑄉𑄧𑄟𑄴 𑄟𑄧𑄚𑄴 ।,Present
মানুষ বুঝে উে উঠছে গোরি,𑄟𑄚𑄪𑄌𑄴 𑄝𑄪𑄏𑄳𑄆𑄬 𑄖𑄪𑄣𑄴𑄝𑄨𑄎𑄴 𑄉𑄮𑄢𑄳𑄦𑄨,Present
তত ব ছোট,𑄥𑄬𑄎 𑄘𑄨 𑄃𑄬𑄚𑄴 𑄉𑄮𑄢𑄳𑄦𑄨,Present
সবসম নিজের তোলা,𑄟𑄖𑄴𑄧𑄢𑄴 𑄚𑄨𑄎𑄧 𑄥𑄬𑄎 𑄚𑄨𑄎𑄧 𑄖𑄪𑄣𑄴𑄝𑄨𑄎𑄴,Present
কোন স্বীকার করে না,𑄇𑄧𑄚𑄧 𑄈𑄬𑄝𑄴 𑄚𑄧 𑄉𑄮𑄢𑄳𑄦𑄨 ।,Present
"কেন হলো এত ব,এত ব","𑄇𑄨𑄖𑄴𑄗𑄳𑄆𑄬 𑄦𑄧𑄣𑄧 𑄃𑄬𑄙𑄨𑄇𑄴𑄳𑄠𑄚𑄴, 𑄥𑄣𑄬𑄚𑄴",Past
.এটাকে কেকটা ফোসকা!,𑄃𑄨𑄠𑄬𑄚𑄧𑄢𑄬 𑄇𑄧𑄠𑄴𑄘𑄳𑄠 𑄜𑄮𑄌𑄴𑄳𑄠 !,Present
বস চিন্তা করিও না,𑄝𑄧𑄎𑄧𑄁 𑄚𑄧 𑄞𑄝𑄨𑄥𑄴 𑄇𑄨𑄢𑄴𑄝𑄳𑄠 𑄉𑄮𑄢𑄳𑄦𑄨,Present
এক জাতী পাখি,𑄇𑄪𑄎𑄪𑄣𑄨 𑄉𑄮𑄢𑄳𑄦𑄨 𑄇𑄧𑄋𑄧𑄢𑄴,Present
জোাটা একটু বাঁকা করো,𑄎𑄮𑄛𑄴𑄛𑄚𑄴 𑄌𑄋𑄧𑄢𑄴 𑄖𑄧𑄖𑄴𑄗𑄪𑄚𑄴 𑄃𑄬𑄇𑄴𑄇,Present
কেন আজকে হ?,𑄇𑄨𑄖𑄴𑄖𑄳𑄆𑄬 𑄃𑄨𑄇𑄴𑄬𑄚𑄴 𑄦𑄧𑄢𑄴 ?,Present
.আমি কিছুই পাই না,𑄟𑄳𑄠𑄙𑄴 𑄚𑄧 𑄛𑄁 𑄟𑄳𑄆𑄪 𑄇𑄧𑄚𑄧 𑄇𑄨𑄌𑄴𑄪,Present
.কুটির ঘরটি ভেঙে দিলে,𑄈𑄪𑄏𑄨 𑄦𑄮𑄟𑄴 𑄃𑄨𑄠𑄬𑄚𑄴 𑄞𑄋𑄨 𑄘𑄨𑄣𑄬,Past
ভাত পেেছো তুমি,𑄞𑄌𑄴 𑄞𑄬𑄘𑄬𑄣𑄟𑄴 𑄖𑄳𑄆𑄪 ।,Present
এক জাতী পাখি,𑄥𑄪𑄖𑄴𑄛𑄧𑄣𑄴,Present
.সুতপলের মতো তোমাকে কি বলি?,𑄥𑄪𑄖𑄴𑄛𑄧𑄣𑄴 𑄞𑄳𑄆𑄬 𑄖𑄧𑄢𑄳𑄦𑄬 𑄇𑄨 𑄇𑄮𑄟𑄴,Present
দেবতা,𑄘𑄬𑄝𑄬𑄘 !,Present
না আরও যোগা,𑄚 𑄃𑄢𑄧 𑄎𑄪𑄘!,Present
বিদ্যুৎ চমকিে আমার বেঁচে থাকা,𑄏𑄨𑄟𑄨𑄘𑄧𑄖𑄴 𑄘𑄨𑄣𑄬 𑄝𑄮𑄘𑄮𑄣𑄬 𑄟𑄧 𑄟𑄧𑄢 𑄎𑄨𑄁𑄇𑄚𑄨𑄃𑄚𑄴,Present
থাক না দিলে তুত,𑄗𑄳𑄆𑄮 𑄚𑄧 𑄘𑄨𑄣𑄬 𑄖𑄪𑄘𑄧 ।,Past
তুমি দিলে চোখগুলো আমাকে দেখে,𑄖𑄳𑄆𑄪 𑄘𑄨𑄣𑄬 𑄝𑄮𑄘𑄮𑄣𑄬 𑄌𑄮𑄇𑄴𑄈𑄪𑄚𑄴 𑄟𑄧𑄢𑄳𑄦𑄬,Present
তুই দিলে মনে হ,𑄖𑄳𑄆𑄪 𑄘𑄨𑄣𑄬 𑄝𑄮𑄘𑄮𑄣𑄬 𑄟𑄧𑄚𑄚𑄴,Present
দুই দিলে আবার বুো আছে,𑄘𑄳𑄆𑄪 𑄘𑄨𑄣𑄬 𑄜𑄨𑄢𑄬 𑄝𑄪𑄉𑄧𑄢𑄴 𑄃𑄏𑄚𑄨,Present
তুমি ফিরে দিলে সপ্ন,𑄖𑄳𑄆𑄪 𑄜𑄨𑄢𑄬 𑄘𑄨𑄣𑄬 𑄥𑄧𑄝𑄧𑄚𑄚𑄴 ।,Past
তোমাদের যৌথ বািতে এখনো আসেনাই আমাকে,𑄖𑄳𑄆𑄪 𑄡𑄪𑄚𑄨 𑄊𑄧𑄢𑄧𑄖𑄴 𑄃𑄳𑄆𑄬 𑄚𑄧 𑄎𑄉𑄬𑄘𑄬 𑄟𑄧𑄢𑄳𑄦𑄬,Past
পাহা হলে এখন অনেক রাত,𑄗𑄬𑄙𑄪𑄁 𑄦𑄧𑄣𑄬 𑄃𑄬𑄏𑄧 𑄃𑄧𑄊𑄪𑄢𑄴 𑄊𑄪𑄟𑄧𑄖𑄴,Present
তোমরা দুইজন বুো শক্তি না দিে বেঁচে থাকে,𑄖𑄳𑄆𑄪 𑄡𑄪𑄚𑄨 𑄝𑄪𑄉𑄧𑄢𑄴 𑄝𑄧𑄣𑄴 𑄚𑄧 𑄘𑄨𑄘𑄬 𑄎𑄉𑄳𑄆𑄬,Present
.আমি এই উে টিকতে পারবো না,𑄦𑄧𑄣𑄬 𑄟𑄳𑄆𑄪 𑄚𑄧 𑄛𑄬𑄘𑄪𑄁 𑄝𑄧𑄣𑄴 𑄃𑄬 𑄃𑄪𑄟𑄮𑄢𑄧𑄖𑄴 ।,Future
সে কথা গুলো আমার ভালো লাগে,𑄥𑄬𑄚𑄬 𑄇𑄮𑄟𑄴 𑄖𑄧 𑄘𑄨𑄖𑄴𑄳𑄆𑄬 𑄦𑄮𑄣𑄪𑄋𑄴 𑄟𑄳𑄆𑄪 𑄇𑄧𑄝𑄨,Present
.আকাশের কবি এখন অনেক দৌাদৌি করবে,𑄃𑄉𑄋𑄧𑄢𑄴 𑄇𑄧𑄝𑄨𑄖𑄬𑄖𑄴 𑄃𑄨𑄇𑄴𑄬 𑄥𑄪𑄊𑄴 𑄘𑄪𑄊𑄧𑄢𑄴 𑄍𑄪𑄝𑄨,Future
আগে চাঙর মেেটা যতগুলো পারে,𑄃𑄉𑄬 𑄌𑄋𑄧𑄢𑄴 𑄟𑄬𑄘𑄨𑄚𑄨𑄠𑄚𑄴 𑄡𑄨𑄇𑄴𑄳𑄠𑄧𑄪𑄢𑄨 𑄛𑄢𑄧𑄁,Present
সাজে যে নানান রঙের লেই,𑄥𑄎𑄬 𑄡𑄳𑄆𑄬 𑄚𑄚𑄚𑄴 𑄢𑄧𑄁 𑄣𑄨𑄝𑄨।,Present
সব তোমার দানে ভরপুর,𑄝𑄬𑄇𑄴 𑄖𑄧 𑄘𑄚𑄬 𑄖𑄧 𑄇𑄮𑄌𑄴𑄛𑄚𑄠𑄴,Present
এই লুকোচুরি খেলাটা হলো না,𑄃𑄬 𑄌𑄪𑄘𑄧 𑄎𑄨𑄁𑄇𑄚𑄨𑄠𑄚𑄴 𑄚𑄧 𑄦𑄧𑄣𑄧 𑄌𑄪𑄙𑄧,Past
সে কেন আমাকে হুমকি দিবে,𑄥𑄬𑄚𑄬 𑄇𑄨 𑄇𑄳𑄆𑄮𑄚𑄬 𑄓𑄉𑄨𑄟𑄴 𑄖𑄧𑄢𑄳𑄦𑄬,Future
চিন্তা করতে পারতেছি না,𑄞𑄝𑄨𑄚𑄳𑄆𑄬 𑄚𑄧 𑄛𑄋𑄳𑄦𑄧𑄢𑄴 𑄃𑄪𑄘𑄧 ।,Present
সেগুলোতেও পানা পাওা যা না,𑄥𑄨𑄚𑄪𑄖𑄴𑄳𑄠𑄳𑄆 𑄚𑄧 𑄛𑄋𑄳𑄦𑄧𑄢𑄴 𑄖𑄧𑄉𑄳𑄆𑄬 𑄇𑄧𑄚𑄧 𑄃𑄉𑄴𑄟𑄧𑄁𑄉𑄧𑄣𑄴,Present
দৌাদৌি,𑄘𑄧𑄋𑄧𑄢𑄴 𑄇𑄧𑄚𑄧 𑄛𑄖𑄴𑄪𑄢𑄪𑄖𑄪𑄢𑄪,Present
এই মনের জাগা শুধু এই মনের ভিতরে,𑄘𑄨𑄣𑄪𑄁 𑄝𑄚𑄳𑄦 𑄎𑄉 𑄃𑄬 𑄟𑄧𑄚𑄧𑄢𑄴 𑄞𑄨𑄘𑄨𑄢𑄬,Present
বানিে নিে যাওা মনের গুরু,𑄝𑄚𑄬 𑄚𑄳𑄆𑄨 𑄟𑄧𑄚𑄧𑄢𑄴 𑄉𑄪𑄢𑄪 ।,Present
এই নদী আরও বািেছে,𑄃𑄬 𑄃𑄨𑄁𑄉𑄢𑄴 𑄃𑄢𑄴 𑄝𑄢𑄴𑄝𑄳𑄠𑄧𑄃𑄚𑄬,Present
.আকাশ হেছে এখন সব ভাগ হেছে,𑄃𑄉𑄖𑄴𑄗𑄳𑄠 𑄦𑄮𑄠𑄬 𑄃𑄨𑄇𑄴𑄬 𑄘𑄨𑄚𑄴𑄧 𑄝𑄬𑄇𑄴𑄇𑄚𑄨 𑄞𑄉𑄴 𑄦𑄮𑄠𑄳𑄠,Present
.যেন ভাগ হেছে কি ভালো থাকে আর নাই,𑄡𑄬𑄚𑄴 𑄞𑄉𑄴 𑄦𑄮𑄠𑄳𑄠 𑄇𑄨 𑄘𑄮𑄣𑄬 𑄗𑄃𑄮𑄠𑄳𑄠 𑄃𑄢𑄴 𑄚𑄬𑄠𑄳𑄦𑄳𑄠,Present
"চাগাগুলো ভাগ হে হাল দিে, জাল দিে, কাজ করে","𑄌𑄉𑄮𑄎𑄴𑄳𑄠𑄝𑄧𑄣𑄃𑄪𑄚𑄴 𑄞𑄉𑄴 𑄦𑄮𑄠𑄧𑄚𑄴 𑄦𑄣𑄴𑄳𑄠, 𑄎𑄣𑄴𑄳𑄠, 𑄇𑄟𑄴𑄮𑄣𑄳𑄆𑄮",Present
বই না পারা এক জাগা মনে পে বলে,𑄝𑄳𑄆𑄮 𑄚𑄧 𑄛𑄢𑄧𑄚𑄴 𑄃𑄬𑄇𑄴 𑄎𑄉𑄖𑄴 𑄟𑄧𑄚𑄬 𑄛𑄎𑄨𑄠𑄬 𑄇𑄳𑄆𑄮 ।,Present
ভাগ হে আবার ঘরগুলো সুন্দর হেছে আর ঘরগুলো সুন্দর হেছে,𑄞𑄉𑄴 𑄦𑄮𑄠𑄳𑄠 𑄃𑄢𑄧 𑄊𑄧𑄢𑄚𑄨 𑄘𑄮𑄣𑄴 𑄊𑄧𑄢𑄴 𑄞𑄢𑄴 𑄞𑄋 𑄊𑄧𑄢𑄴,Present
বোটা এখন সেই ভাবে হেছে,𑄝𑄬𑄢𑄚𑄴 𑄃𑄨𑄇𑄴𑄬 𑄥𑄬 𑄙𑄧𑄉𑄬 𑄥𑄬 𑄙𑄧𑄉𑄬 𑄦𑄮𑄠𑄳𑄠𑄧𑄚𑄴 𑄥𑄧𑄙𑄧𑄢𑄴 𑄛𑄧𑄢𑄴 ।,Present
ভাগ হওা আরও কিছু করতে পারা যা,𑄞𑄉𑄴 𑄦𑄮𑄠𑄳𑄠 𑄃𑄢𑄧 𑄇𑄨𑄃𑄮𑄋𑄚𑄨 𑄛𑄢𑄴𑄝𑄧𑄖𑄴𑄳𑄠𑄧 𑄃𑄢𑄴 𑄝𑄧𑄚𑄴,Present
মিলেমিশে থাকতে পারতেছে না বলে মারামারি করে,𑄝𑄧𑄚𑄴 𑄇𑄧𑄣𑄬 𑄏𑄝𑄬 𑄛𑄧𑄢𑄧𑄚𑄴 𑄛𑄢𑄴𑄝𑄧𑄖𑄴𑄳𑄠𑄧 𑄇𑄧𑄣𑄬 𑄘𑄋𑄴𑄉𑄗𑄧𑄚𑄴 ।,Present
এই মেশিনটা আর বোলটা কত ব করলো,𑄃𑄬 𑄃𑄨𑄁𑄉𑄢𑄴 𑄃𑄢𑄴 𑄝𑄢𑄴𑄝𑄳𑄠𑄧𑄃𑄚𑄬 𑄇𑄪𑄘𑄴𑄪𑄢𑄴 𑄉𑄧𑄣𑄴𑄧 𑄌𑄧,Past
এখানে থেকে উঠে আসার আছে আরও,𑄃𑄨𑄠𑄬𑄚𑄧𑄖𑄴𑄪𑄚𑄴 𑄃𑄪𑄘𑄪𑄢𑄬 𑄃𑄬𑄞𑄢𑄴 𑄃𑄊𑄬𑄚𑄨 𑄃𑄢𑄴 𑄞𑄧 !,Present
"স্বপ্ন, স্বপ্ন",𑄥𑄧𑄝𑄧𑄚𑄴,Present
কত স্বপ্ন দেখতেছি রাতে,𑄇𑄧𑄙𑄧𑄇𑄴 𑄥𑄧𑄝𑄧𑄚𑄴 𑄘𑄬𑄊𑄨 𑄢𑄬𑄘𑄮𑄖𑄴,Present
ঘুম থেকে জেগে উঠলে আমরা,𑄊𑄪𑄟𑄧𑄖𑄴 𑄛𑄧𑄣𑄴𑄬 𑄃𑄟𑄨,Present
হেঁটে যাওা আর কি সুন্দর কিসু,𑄦𑄏𑄨 𑄡𑄠𑄳𑄠𑄳𑄆𑄧 𑄇𑄨𑄎𑄪 𑄥𑄧𑄝𑄧𑄚𑄴 𑄇𑄨𑄎𑄪,Present
তাা এখানে,𑄗𑄠𑄴 𑄃𑄨𑄙𑄮𑄖𑄴,Present
.মলা পুরে ডুবে যাওা,𑄟𑄪𑄢𑄧𑄖𑄴 𑄛𑄪𑄢𑄨 𑄓𑄪𑄝𑄨 ।,Present
.কুড়িয়ে থাকা মন দিন রাত স্বপ্ন,𑄈𑄪𑄏𑄨 𑄗𑄠𑄴 𑄟𑄧𑄚𑄚𑄴 𑄘𑄨𑄚𑄴𑄧 𑄥𑄧𑄝𑄧𑄚𑄚𑄴,Present
১. সুন্দর হলে সুন্দর ২. সুন্দর,𑄦𑄧𑄣𑄬 𑄘𑄮𑄣𑄴,Present
ভে যোগা হলে কিছুক্ষণ পর মন চলে যা,𑄞𑄚𑄴𑄎𑄬 𑄡𑄪𑄚𑄨 𑄦𑄧𑄣𑄬 𑄥𑄬𑄇𑄴𑄬 𑄟𑄧𑄚𑄚𑄴,Present
কালো হে রা হ,𑄇𑄣 𑄦𑄳𑄆𑄮−𑄚𑄧 𑄢𑄪𑄥𑄴𑄳𑄠 𑄦𑄧𑄠𑄴,Present
ভাত-পানি হাতে না উঠে কাজ করো,𑄞𑄖𑄴-𑄛𑄚𑄨 𑄦𑄙𑄧𑄖𑄴 𑄚𑄧 𑄃𑄪𑄘𑄬 𑄇𑄟𑄴 𑄇𑄧𑄢𑄧𑄌𑄴,Present
কি হবে কী হবে,𑄇𑄨 𑄦𑄧𑄝𑄧𑄚𑄨 𑄇𑄨 𑄦𑄧𑄝𑄧 −,Future
ঘুম আসতেছে না,𑄊𑄪𑄟𑄧 𑄥𑄧𑄝𑄧𑄚𑄴 𑄚𑄧 𑄣𑄉𑄨𑄣𑄬𑄠𑄳𑄠𑄧,Present
কেকটা যে লাগে,𑄇𑄧𑄘𑄧𑄇𑄴𑄇𑄚𑄨 𑄡𑄬 𑄣𑄉𑄬,Present
বুো বুো কোন কিছু,𑄝𑄪𑄢𑄧 𑄝𑄪𑄢𑄨𑄠𑄬 𑄇𑄧𑄚𑄴,Present
এক জাতী মাছ,𑄥𑄬𑄚𑄬 𑄉𑄧𑄢𑄧𑄚𑄴 𑄟𑄚𑄴𑄎𑄳𑄠 𑄝𑄨𑄌𑄴𑄬𑄥𑄴,Present
পাহাের বছর থেকে,𑄦𑄏𑄨𑄢𑄴 𑄝𑄧𑄏𑄧𑄢𑄴 𑄃𑄉𑄧𑄖𑄴𑄗𑄪𑄚𑄴,Present
ঢালিে দো মন,𑄔𑄣𑄨 𑄘𑄳𑄆𑄨𑄚𑄬 𑄟𑄧𑄚𑄴 ।,Present
"মা,ঘুমের স্বপ্ন লাগতেছে","𑄟𑄖𑄴𑄧𑄢𑄴, 𑄊𑄪𑄟𑄧 𑄥𑄧𑄝𑄧𑄚𑄴 𑄣𑄉𑄨𑄣𑄬𑄠𑄳𑄠𑄧",Present
.পজ্জোনের কথা,𑄛𑄪𑄚𑄴𑄘𑄨𑄇𑄴 𑄇𑄮𑄙𑄱𑄉𑄨 𑄇𑄮𑄙𑄠𑄴,Present
কোন মাার মন আছে,𑄇𑄧𑄚𑄧 𑄟𑄚𑄴𑄎𑄳𑄠𑄧𑄢𑄴 𑄟𑄧𑄚𑄧 𑄃𑄏,Present
এই জীবনটাও শেষ হ না,𑄃𑄬 𑄥𑄧𑄝𑄧𑄚𑄴𑄳𑄆𑄮𑄱 𑄚𑄧 𑄛𑄪𑄢𑄳𑄆 ।,Present
যে সপ্নটা ভালো থাকে,𑄡𑄬 𑄥𑄧𑄝𑄧𑄚𑄚𑄴 𑄎𑄇𑄴𑄳𑄠 𑄗𑄳𑄆𑄬𑄚𑄬,Present
চোখের পলক পা,𑄌𑄮𑄊𑄴 𑄛𑄮𑄢𑄴 𑄛𑄮𑄢𑄳𑄆𑄬 𑄘𑄬𑄊𑄬,Present
যে স্বপ্ন গুলো ঘুমা না,𑄡𑄬 𑄥𑄧𑄝𑄧𑄚𑄚𑄴 𑄊𑄪𑄟𑄴 𑄚𑄧 𑄚𑄨𑄠𑄳𑄆,Present
রাতের বেলা কথা বলে,𑄢𑄬𑄖𑄴 𑄘𑄨𑄚𑄴 𑄇𑄮𑄙 𑄇𑄳𑄆𑄮,Present
সে জাগা কাজ করতেছে,𑄣𑄪𑄋𑄬𑄝𑄣𑄴𑄳𑄆𑄮 𑄥𑄬 𑄎𑄉𑄚𑄧𑄖𑄴 𑄇𑄟𑄧𑄖𑄴,Present
ডুবে থাকা,"𑄓𑄪𑄝𑄬 𑄗𑄳𑄆𑄮,",Present
আলসিটাকে কাজ দে,𑄃𑄣𑄴𑄥𑄨𑄝𑄮𑄢𑄬 𑄇𑄟𑄴𑄳𑄠𑄧 𑄝𑄚𑄳𑄆𑄬,Present
এক জাতী সবজি,𑄢𑄇𑄴𑄳𑄠𑄧𑄝𑄧𑄢𑄬 𑄥𑄨𑄙𑄬,Present
খাল দিে ভাত তৈরি করে,𑄈𑄣𑄴𑄳𑄠𑄧 𑄢𑄧𑄝𑄮 𑄟𑄨𑄙𑄬 𑄝𑄚𑄳𑄆𑄬,Present
মনটা খাওার জন্য তেতো,𑄟𑄧𑄚𑄚𑄴 𑄈𑄝𑄳𑄆𑄬 𑄖𑄨𑄙𑄬 ।,Present
আাআি আাবাি,𑄃𑄝𑄣𑄴 𑄃𑄝𑄧𑄘𑄴 𑄓𑄮𑄢𑄬𑄝𑄢𑄴 𑄚𑄧𑄘𑄨,Present
বেশি বেশি মারা যাওা,𑄝𑄧𑄚𑄴 𑄎𑄮𑄢𑄬 𑄘𑄨 𑄟𑄧𑄢𑄧𑄚𑄴𑄳𑄆𑄮 -,Present
পেটে না খাওা ভাত-পানি,𑄛𑄬𑄘𑄧𑄖𑄴 𑄚𑄧 𑄛𑄮𑄢𑄮𑄇𑄴 𑄞𑄖𑄴-𑄛𑄚𑄨,Present
.ফিরে যাওার ইচ্ছা নেই,𑄜𑄨𑄢𑄬𑄝𑄢𑄴 𑄚𑄧 𑄘𑄨 𑄌𑄨𑄖𑄴,Present
দিন মাস রোদ পোহানো,𑄘𑄨𑄚𑄴 𑄟𑄥𑄴 𑄝𑄧𑄎𑄧𑄢𑄴 𑄉𑄮𑄋𑄮𑄇𑄴 𑄌𑄬𑄝𑄢𑄴,Present
না দো,𑄚𑄧 𑄘𑄨 𑄢𑄨𑄚𑄨,Present
ডান বাম করতে হলে আলো,𑄘𑄬𑄚𑄴 𑄝𑄁 𑄦𑄣𑄬𑄝𑄢𑄴 𑄦𑄧𑄣𑄬 𑄒𑄚𑄨,Present
রাতকানা,𑄢𑄊𑄳𑄆 𑄙𑄪𑄢𑄨,Present
সে সপ্নটা সে জন্ম দিয়েছে,𑄥𑄬 𑄥𑄧𑄝𑄧𑄚𑄚𑄴 𑄖𑄬 𑄎𑄖𑄴𑄳𑄠 𑄥𑄧𑄝𑄧𑄚𑄴,Present
এই সেটা এই মেদিনীতে,𑄃𑄬 𑄥𑄨𑄠𑄬𑄚𑄴𑄳𑄆𑄮 𑄃𑄬 𑄟𑄬𑄘𑄨𑄚𑄨𑄖𑄴,Present
মাা অমর হ,𑄟𑄚𑄴𑄎𑄳𑄠 𑄃𑄧𑄟𑄧𑄢𑄴 𑄦𑄧𑄚𑄴 ।,Present
যে বুো,𑄡𑄬𑄠𑄳𑄠𑄳𑄆𑄧 𑄝𑄪𑄘𑄪𑄣𑄨,Present
কবে জেগে উঠবে জানিনা,𑄇𑄧𑄟𑄧𑄣𑄬 𑄃𑄪𑄘𑄨𑄝𑄧𑄁 𑄎𑄉𑄨 𑄇𑄧𑄠𑄴 𑄘𑄨𑄚𑄴 𑄗𑄬𑄝𑄧𑄁 𑄊𑄪𑄟𑄧𑄖𑄴,Future
.আমরা এই সৈকতে কেন উঠবো না?,𑄚𑄧 𑄃𑄪𑄘𑄨𑄝𑄧𑄁 𑄉𑄎𑄨 𑄇𑄨 𑄃𑄟𑄨 𑄃𑄬 𑄃𑄪𑄟𑄮𑄢𑄧𑄖𑄴 !,Future
জুার মাছটা কি করতেছে আর আমরা গিেছি,𑄎𑄪𑄘𑄧 𑄟𑄚𑄴𑄎𑄳𑄠 𑄇𑄨 𑄉𑄧𑄖𑄴𑄧𑄚𑄴 𑄃𑄢𑄴 𑄃𑄟𑄨 𑄉𑄮𑄢𑄳𑄦𑄨𑄢𑄴 𑄇𑄨,Present
চোর নিে কোন খোলের চোখগুলো দিে?,𑄌𑄳𑄦𑄬𑄢𑄴 𑄚𑄨 𑄖𑄮𑄣𑄬 𑄇𑄧𑄚𑄧 𑄈𑄬𑄝𑄴 𑄟𑄧𑄚𑄧 𑄌𑄮𑄇𑄴𑄪𑄚𑄴 𑄘𑄨 ?,Present
চোর কি ভালো করে খাবে তারা কোথা গেল,𑄌𑄳𑄦𑄬𑄢𑄴 𑄇𑄨 𑄘𑄮𑄣𑄬 𑄇𑄧𑄚𑄧 𑄈𑄬𑄝𑄴 𑄖𑄢𑄳𑄦 𑄡𑄬𑄣𑄇𑄴 𑄇𑄪𑄙𑄪,Past
আরও কি আছে আমাদেরপুে ঢোল বাজাবো?,𑄃𑄢𑄴 𑄇𑄨𑄖𑄴𑄗𑄳𑄆𑄬 𑄃𑄊𑄨 𑄃𑄟𑄨 𑄛𑄪𑄢𑄨 𑄙𑄪𑄣𑄴𑄳𑄠𑄖𑄴 𑄣𑄪𑄘𑄪𑄛𑄪𑄘𑄪 ?,Future
.এত কেন হেছে তারা নম্বর অনুসারে হেছে,𑄃𑄧𑄎𑄧𑄣𑄴 𑄇𑄨𑄖𑄴𑄗𑄳𑄆𑄬 𑄦𑄮𑄣𑄇𑄴 𑄖𑄢𑄳𑄦 𑄚𑄧𑄁 𑄥𑄧𑄁 𑄟𑄚𑄳𑄆𑄬 𑄦𑄳𑄆𑄮𑄚𑄬,Present
আরও আমাকে কেন জিজ্ঞেস করে না?,𑄃𑄢𑄴 𑄃𑄟𑄢𑄬 𑄇𑄨𑄖𑄴𑄗𑄳𑄆𑄬 𑄇𑄧𑄚𑄧 𑄇𑄨𑄖𑄴𑄬 𑄚𑄧 𑄛𑄳𑄆 𑄖𑄮𑄉𑄳𑄆𑄬𑄚𑄬?,Present
আমরা সবাই পরকালে যাব বলে বিশ্বাস করি,𑄃𑄟𑄨 𑄃𑄊𑄨𑄘𑄳𑄆𑄬 𑄛𑄧𑄢𑄧 𑄇𑄣𑄧𑄢𑄴 𑄥𑄧𑄢𑄴𑄉𑄧 𑄚𑄨𑄢𑄴𑄝𑄚𑄧 𑄃𑄏𑄣𑄳𑄆𑄮,Future
.সেটা সব পরিষ্কার হেছে,𑄥𑄨𑄠𑄬𑄚𑄴𑄳𑄆𑄮 𑄝𑄬𑄇𑄴 𑄦𑄧𑄣𑄧𑄁 𑄚𑄎𑄴 𑄟𑄪𑄘𑄨𑄍𑄧𑄚𑄴𑄧 𑄦𑄳𑄆𑄮 ।,Present
.ঘর-দরজা সব গুো হেছে,𑄉𑄪𑄖𑄴𑄗𑄳𑄠-𑄃𑄇𑄴𑄧𑄣𑄴 𑄝𑄬𑄇𑄴𑄇𑄚𑄨 𑄗𑄳𑄆𑄬𑄚𑄬 𑄦𑄧𑄣𑄧𑄁 𑄘𑄋𑄳𑄦𑄧𑄢𑄴 𑄝𑄝𑄧𑄁,Present
.নিজের সবগুলো বের করে জঙ্গল হেছি,𑄚𑄨𑄎𑄧𑄢𑄴 𑄝𑄬𑄇𑄴𑄇𑄚𑄨 𑄃𑄨𑄢𑄨𑄘𑄳𑄆𑄨𑄚𑄬 𑄈𑄮𑄣𑄴𑄳𑄠 𑄏𑄢 𑄦𑄧𑄣𑄧𑄁 ।,Present
কান সাজাে এখন তার থেকে ব ইঁদুর বের হ,𑄇𑄚𑄴 𑄥𑄎𑄨𑄚𑄬 𑄃𑄨𑄇𑄴𑄬 𑄖𑄖𑄴𑄪𑄚𑄴 𑄝𑄬𑄉𑄬 𑄞𑄬𑄇𑄴𑄳𑄠 𑄟𑄉𑄨𑄢𑄴,Present
আছা পুরে দো ভগবান ভগবান চেইন দিে দৌা,𑄃𑄏 𑄛𑄪𑄢𑄬 𑄘𑄨𑄥𑄴 𑄃𑄮 𑄞𑄧𑄉𑄧𑄝𑄚𑄴 𑄇𑄨𑄢𑄴𑄝𑄳𑄠 𑄌𑄳𑄆𑄬𑄚𑄬 𑄓𑄉𑄨𑄢𑄴 ।,Present
কোন কিছু পার আছে তার,𑄇𑄧𑄚𑄧 𑄇𑄨𑄌𑄴𑄪 𑄛𑄳𑄦𑄬𑄢𑄴 𑄇𑄨 𑄖𑄖𑄴𑄗𑄪𑄚𑄴 !,Present
পলো আর নািতে,𑄛𑄧𑄣𑄴𑄧𑄋𑄴 𑄃𑄢𑄧 𑄚𑄘𑄢𑄧𑄖𑄴,Present
ছিঁে ছিঁে আছে দাঙ্গার মাঠে,𑄌𑄨𑄂 𑄌𑄨𑄂−𑄊𑄨𑄂 𑄊𑄨𑄂 𑄦𑄳𑄆𑄮𑄚𑄬 𑄃𑄊𑄨 𑄘𑄋𑄴𑄉 𑄛𑄙𑄢𑄧𑄖𑄴 ।,Present
.পরের আপদে কি কিছু রেখেছো?,𑄛𑄧𑄢𑄧 𑄃𑄏𑄣𑄳𑄆𑄮 𑄗𑄳𑄆𑄘𑄳𑄠 𑄃𑄨𑄝𑄬𑄢𑄴 𑄇𑄧𑄚𑄧 𑄇𑄨𑄌𑄴𑄪 𑄇𑄨 𑄥𑄬𑄙𑄟𑄴 𑄗𑄳𑄆 ?,Present
বুঝে না দেখে নিজে না করলে ভগবান থেকে পাওা যা না,𑄝𑄪𑄏𑄨 𑄚𑄧 𑄌𑄳𑄆𑄬 𑄚𑄨𑄎𑄬 𑄚𑄧 𑄉𑄧𑄣𑄴𑄬 𑄞𑄧𑄉𑄧𑄝𑄚𑄧𑄖𑄴𑄪𑄚𑄴 𑄚𑄧 𑄛𑄠𑄴 ।,Present
"উন- পিনন, খাওা-যাওা এইটা ভালো না","𑄃𑄪𑄢𑄳𑄦𑄧𑄚𑄴-𑄛𑄨𑄚𑄧𑄚𑄴, 𑄈𑄚-𑄡𑄚 𑄃𑄬 𑄃𑄪𑄚𑄧 𑄚𑄬𑄠𑄳𑄠 𑄥𑄪𑄚𑄴𑄎𑄪𑄇𑄴",Present
চূা পাের মন ভরে যা এমন হ,𑄌𑄬𑄣𑄬 𑄛𑄳𑄦𑄬𑄢𑄴 𑄟𑄧𑄚𑄴 𑄛𑄪𑄢𑄳𑄆𑄬 𑄡𑄢𑄴 𑄡𑄨𑄠𑄬𑄚𑄴 𑄟𑄪𑄚𑄴𑄎𑄪𑄇𑄴 ।,Present
"এগুলো যারা বানা, এগুলো যারা সাজাচ্ছে",𑄃𑄨𑄠𑄬𑄚𑄨 𑄡𑄢 𑄝𑄚𑄘𑄧𑄚𑄴 𑄃𑄨𑄠𑄬𑄚𑄨 𑄡𑄢 𑄥𑄎𑄘𑄧𑄚𑄴,Present
.তারা কি মাগীদের কাছ থেকে তাবিজ নিে আসছে,𑄖𑄢𑄳𑄦 𑄇𑄨 𑄟𑄉𑄨𑄚𑄬 𑄃𑄨𑄠𑄬𑄚𑄨 𑄞𑄧𑄉𑄧𑄝𑄧𑄚𑄧𑄖𑄴𑄪𑄚𑄴 𑄛𑄙𑄧𑄚𑄴 !,Present
ভগবান থেকে কিছু পাওা যা না তারা ভালো করে বলতে পারে,𑄞𑄧𑄉𑄧𑄝𑄚𑄧𑄖𑄴𑄪𑄚𑄴 𑄇𑄨𑄌𑄴𑄪 𑄚𑄧 𑄛𑄠𑄴 𑄖𑄢𑄳𑄦 𑄘𑄮𑄣𑄬 𑄇𑄳𑄆𑄮 𑄛𑄢𑄨,Present
মনের চোখগুলো বন্ধ করে তারা যাত্রা শুরু করে,𑄟𑄧𑄚𑄧 𑄌𑄮𑄇𑄴𑄪𑄚𑄴 𑄈𑄪𑄣𑄨 𑄖𑄢𑄳𑄦 𑄉𑄧𑄖𑄴𑄗𑄧𑄚𑄴 𑄉𑄪𑄖𑄴𑄗𑄳𑄠 𑄣𑄢𑄨,Present
তারা চূা দিে এসেছে আমরা হেঁটে আর মাটিতে,𑄖𑄢𑄳𑄦 𑄌𑄨𑄘𑄬𑄣𑄳𑄆𑄮 𑄃𑄬𑄌𑄴𑄳𑄠 𑄃𑄟𑄨 𑄦𑄏𑄨𑄢𑄴 𑄃𑄢𑄴 𑄟𑄘𑄨𑄢𑄴,Present
তাদের চিটিংবাজে আমরা স্বর্গে যাচ্ছি,𑄖𑄢𑄳𑄦 𑄌𑄨𑄘𑄬𑄣𑄳𑄆𑄮 𑄃𑄬𑄥𑄴𑄳𑄠 𑄃𑄟𑄨 𑄥𑄧𑄢𑄴𑄉𑄧 𑄥𑄪𑄉𑄧𑄖𑄴 𑄞𑄏𑄨𑄢𑄴 ।,Present
. হওাতাি মারা যাওা পর্যন্ত তারা গুণগুলো খেেছে,𑄦𑄧𑄚𑄖𑄴𑄗𑄪𑄚𑄴 𑄙𑄪𑄢𑄨 𑄟𑄧𑄢𑄚 𑄥𑄧𑄁 𑄖𑄢𑄳𑄦 𑄉𑄪𑄕𑄚𑄨 𑄈𑄳𑄆𑄬,Present
.তরকারি দিে আমরা কান পরিষ্কার করে ভগবানের কাছ থেকে প্রার্থনা করি,𑄖𑄳𑄠𑄧 𑄇𑄨𑄠 𑄃𑄟𑄨 𑄇𑄚𑄴 𑄥𑄎𑄨𑄚𑄳𑄆𑄬 𑄞𑄧𑄉𑄧𑄝𑄚𑄧𑄖𑄴𑄪𑄚𑄴 𑄖𑄮𑄉𑄳𑄆𑄬 !,Present
আাই আর আমরা মানুষ,𑄃𑄊𑄨𑄚𑄨 𑄃𑄢𑄴 𑄃𑄟𑄨 𑄟𑄚𑄪𑄌𑄴!,Present
আমার লজ্জা,𑄃𑄊𑄬𑄚𑄨 𑄃𑄟𑄢𑄴 𑄣𑄎𑄴!,Present
সে তো নিচে হেছে এত নিচে হে,𑄥𑄬𑄚𑄬 𑄘𑄧 𑄦𑄧𑄣𑄧𑄁 𑄃𑄬𑄙𑄧𑄇𑄴 𑄖𑄧𑄣𑄬 𑄦𑄧𑄣𑄧𑄁 𑄃𑄬𑄙𑄧𑄇𑄴 𑄚 𑄈𑄥𑄴 ।,Present
"ঘুম থেকে উঠে, পেটটা বাঁকা করে,মনটা বন্ধ করে","𑄎𑄉𑄨 𑄃𑄬𑄞𑄬𑄣𑄴, 𑄉𑄪𑄖𑄴𑄗𑄳𑄠𑄃𑄚𑄴 𑄣𑄢𑄳𑄆𑄬, 𑄟𑄧𑄚𑄧 𑄌𑄮𑄇𑄴𑄪𑄚𑄴 𑄈𑄪𑄣𑄨",Present
না থাকে আর একটু হে যা,𑄚𑄧 𑄗𑄳𑄆𑄬 𑄃𑄢𑄴 𑄃𑄨𑄇𑄴𑄬𑄚𑄴 𑄦𑄳𑄆𑄮 𑄡𑄬𑄠𑄳𑄠𑄳𑄆𑄧 𑄝𑄪𑄘𑄪𑄣𑄨 ।,Present
"না হলে, না হলে",𑄚𑄧 𑄦𑄧𑄣𑄬,Present
বা বিঝু গিরি খোল করে রাধামন,𑄝 𑄝𑄨𑄎𑄧𑄠𑄴 𑄉𑄨𑄢𑄨 𑄈𑄬𑄢𑄴𑄝𑄪𑄣𑄨 𑄢𑄙𑄟𑄧𑄚𑄴,Present
"নীল ধন,পুে ধন,নিচা,নিচে","𑄚𑄨𑄣𑄧𑄇𑄴 𑄙𑄧𑄚𑄴, 𑄛𑄪𑄚𑄴𑄳𑄠𑄧 𑄙𑄧𑄚𑄴, 𑄚𑄨𑄙𑄚𑄴𑄳𑄠,",Present
"জ গিরি, জ মংগল","𑄎𑄧𑄠𑄴 𑄉𑄨𑄢𑄨, 𑄎𑄧𑄠𑄴 𑄟𑄧𑄁𑄉𑄧𑄣𑄴, 𑄥𑄪𑄝𑄦𑄪",Present
কোথা আছো তোমরা,𑄇𑄪𑄙𑄪 𑄃𑄊𑄧 𑄖𑄪𑄟𑄨 !,Present
গরুগুলো ভ পেলে তাাতাি করে,𑄉𑄮𑄞𑄨𑄚𑄴 𑄞𑄧𑄎𑄧𑄟𑄚𑄬 𑄖𑄧𑄝𑄧𑄚 𑄉𑄮𑄢𑄳𑄦𑄨,Present
স্বর্গে যেখানে থাকি আমি,𑄥𑄧𑄢𑄴𑄉𑄧 𑄚𑄨𑄢𑄴𑄝𑄚𑄴 𑄡𑄨𑄙𑄪 𑄗𑄉𑄧 𑄟𑄧,Present
রব শোনা জাগা মাটিতে এখন,𑄢𑄧𑄝𑄳𑄠𑄧 𑄥𑄪𑄚𑄨 𑄏𑄘𑄨 𑄟𑄘𑄨 𑄃𑄨𑄇𑄴𑄬,Present
এখন আমি ফিরে আসি,𑄃𑄬𑄡𑄧 𑄟𑄧𑄠𑄴𑄘𑄪 𑄜𑄨𑄢𑄨,Present
আমাকে উদ্ধার করো,𑄃𑄪𑄘𑄴𑄙𑄮𑄢𑄴 𑄉𑄧𑄢𑄳𑄦𑄧 𑄟𑄧𑄢𑄳𑄦𑄬 ।,Present
"তোমার নাতনি,নিজের নাতনি","𑄖𑄮𑄟𑄢𑄴 𑄃𑄪𑄖𑄴𑄨-𑄛𑄪𑄖𑄴𑄨, 𑄚𑄨𑄎𑄬𑄚𑄨 𑄡𑄨𑄠𑄬𑄚𑄴",Present
.দরজার পাশে থাকার কথা আছে।,𑄙𑄪𑄢𑄨 𑄗𑄬𑄝𑄢𑄴 𑄗𑄳𑄆𑄮 𑄡𑄬𑄠𑄳𑄠𑄧,Present
আমাকে এখানে দো,𑄟𑄧𑄢𑄳𑄦𑄬 𑄃𑄨𑄣𑄴𑄮𑄖𑄴 𑄘𑄨,Present
সব হারিেছি আমি,𑄝𑄬𑄇𑄴 𑄦𑄢𑄬𑄠𑄳𑄠𑄧𑄁 𑄟𑄳𑄆𑄪 ।,Present
হারিেছি তোমার লাল ঢাল,𑄦𑄢𑄬𑄠𑄳𑄠𑄧𑄁 𑄖𑄮𑄟𑄢𑄴 𑄣𑄮 𑄔𑄣𑄴𑄳𑄠 𑄥𑄨𑄏𑄨,Present
মাটিটা যত পিঁি পিঁি,𑄟𑄘𑄨𑄠𑄚𑄴 𑄡𑄨𑄃𑄧𑄖𑄴 𑄛𑄨𑄢𑄨 𑄛𑄨𑄢𑄨,Present
মন ভালো করে বুক শক্ত করে থাকার,𑄟𑄧𑄚𑄧 𑄥𑄪𑄊𑄬 𑄝𑄪𑄇𑄴 𑄃𑄧𑄎𑄧𑄣𑄴 𑄉𑄮𑄢𑄳𑄦𑄨 𑄗𑄬𑄝𑄢𑄴,Present
খাওার জন্য আমাকে রেখে দিে যা,𑄈𑄬𑄝𑄢𑄴 𑄟𑄧𑄢𑄬 𑄗𑄳𑄆𑄮 𑄡𑄬𑄠𑄳𑄠𑄧 −,Present
হারিেং তোমা দিে যে সিঝি,𑄦𑄢𑄬𑄠𑄧𑄁 𑄖𑄮𑄟 𑄘𑄨 𑄡𑄬𑄠𑄳𑄠 𑄥𑄨𑄏𑄨,Present
"সূর্য, চাঁদ,তারা","𑄝𑄬𑄣𑄚𑄴, 𑄎𑄪𑄚𑄚𑄴, 𑄖𑄢𑄃𑄪𑄚𑄴 𑄡𑄨𑄃𑄪𑄚𑄬",Present
আমাকে দিওার সম গোসল করতে হবে,𑄟𑄧𑄢𑄬 𑄘𑄨𑄝𑄣𑄴𑄣𑄳𑄆 𑄃𑄪𑄟𑄧𑄢𑄴 𑄃𑄪𑄟𑄧𑄢𑄴,Future
"আলো, বুক ভরা মন ভালো,হাসি","𑄛𑄳𑄦𑄧𑄧𑄢𑄴, 𑄝𑄪𑄇𑄴 𑄞𑄧𑄢𑄧𑄚𑄴 𑄟𑄧𑄚𑄧 𑄥𑄪𑄊𑄴, 𑄦𑄏𑄨",Present
"গিঁট,অমল নাগর","𑄉𑄨𑄘𑄴, 𑄃𑄳𑄆𑄣𑄳𑄠𑄁 𑄚𑄉𑄧𑄢𑄴",Present
জীবনটা ছটফট করতেছে,𑄎𑄨𑄁𑄇𑄚𑄨 𑄞𑄪𑄢𑄨 𑄛𑄨𑄢𑄨 𑄛𑄨𑄢𑄨 ।,Present
হারিে গেছি সেই সিঝির বইগুলো যা,𑄦𑄢𑄬𑄠𑄳𑄠𑄧𑄁 𑄥𑄬 𑄥𑄨𑄏𑄨 𑄝𑄮𑄠𑄳𑄠𑄢𑄚𑄴 𑄡𑄨𑄠𑄬𑄚𑄴,Present
তুমি দিে নিজে নিজে বুক,𑄖𑄪𑄟𑄨 𑄘𑄨 𑄡𑄬𑄠𑄳𑄠𑄧 𑄚𑄨𑄎𑄬𑄎𑄬 𑄚𑄨𑄎𑄬𑄎𑄬 𑄝𑄪𑄇𑄴,Present
ভরণ বল দিে মনের ইচ্ছা পূরণ করা,𑄞𑄧𑄢𑄧𑄚𑄴 𑄝𑄧𑄣𑄴 𑄝𑄢𑄳𑄦𑄳𑄆𑄬 𑄟𑄧𑄚𑄧 𑄥𑄪𑄊𑄬 𑄎𑄨𑄁𑄇𑄚𑄨,Present
গাগিটা মেদবহুল,𑄉𑄮𑄋𑄬𑄝𑄢𑄴 𑄟𑄬𑄘𑄨𑄚𑄨 𑄃𑄩𑄃𑄮𑄖𑄴 𑄥𑄧𑄁,Present
পাহািে আমি সেই কথাটা যে বুোটা থেকে বের হ,𑄦𑄏𑄬𑄠𑄳𑄠𑄧𑄁 𑄟𑄳𑄆𑄪 𑄥𑄬 𑄝𑄧𑄣𑄚𑄴 𑄡𑄨𑄠𑄬𑄚𑄴 𑄝𑄪𑄉𑄧𑄖𑄴𑄗𑄪𑄚𑄴 𑄚𑄨𑄏𑄨,Present
"আমাকে দিে যা,কাঁটা দিেছি, তাঙিে রেছে","𑄟𑄧𑄢𑄳𑄦𑄬 𑄘𑄨 𑄡𑄬𑄠𑄳𑄠𑄧 𑄣𑄪𑄃𑄧, 𑄇𑄘𑄝𑄧𑄚𑄴, 𑄖𑄚𑄴𑄎𑄁 𑄢𑄨𑄎𑄬𑄋𑄧𑄢𑄴",Present
বাঁশটা উপরে তুলে কেটে নিে যাওার জন্য,𑄝𑄚𑄴 𑄃𑄨𑄙𑄨 𑄖𑄪𑄣𑄨 𑄉𑄧𑄁 𑄟𑄢𑄨 𑄇𑄮𑄎𑄬 𑄚𑄨 𑄍𑄨𑄚𑄨 𑄚𑄨𑄝𑄢𑄴 −,Present
পাহাের সেই স্থানটা আমি যেখানে থাকি তোমরা বুক বন্ধ করে দে,𑄦𑄏𑄬𑄠𑄳𑄠𑄧𑄁 𑄥𑄬 𑄥𑄬𑄙𑄟𑄚𑄴 𑄟𑄳𑄆𑄪 𑄡𑄨𑄠𑄬𑄚𑄴 𑄖𑄪𑄟𑄨 𑄝𑄪𑄇𑄴 𑄜𑄢𑄨 𑄘𑄨,Present
"যে আমাকে আমার মাটি,আমাকে আমার ধন-মান","𑄡𑄬𑄠𑄳𑄠𑄧 𑄟𑄧𑄢𑄳𑄦𑄬 𑄟𑄧 𑄟𑄘𑄨𑄃𑄚𑄴, 𑄟𑄧𑄢𑄳𑄦𑄬, 𑄟𑄧 𑄙𑄧𑄚𑄴-𑄟𑄚𑄴",Present
মাথা পলিথিন দিে বই পা,𑄗𑄨𑄘𑄧𑄝𑄴𑄧𑄢𑄴 𑄗𑄮𑄝𑄣𑄴𑄣𑄳𑄆 𑄥𑄪𑄖𑄴𑄪𑄢𑄴𑄣𑄳𑄆𑄮 𑄝𑄪𑄇𑄴 𑄛𑄘𑄨,Present
".লবনাক্ত করতেছে,মনে হ না ধরার জন্য,লবনাক্ত","𑄣𑄢𑄳𑄦𑄳𑄆𑄬 𑄉𑄧𑄖𑄴𑄬, 𑄟𑄧𑄖𑄴𑄬 𑄚𑄧 𑄓𑄮𑄢𑄬𑄝𑄢𑄴, 𑄣𑄪𑄌𑄴𑄳𑄠𑄧",Present
.লম্বা পাহাি প্যান্টের পাে পুরেছে সে,𑄣𑄪𑄣𑄧𑄁 𑄉𑄣𑄨 𑄥𑄪𑄖𑄴𑄪𑄢𑄧 𑄒𑄬𑄋𑄧𑄖𑄴 𑄛𑄪𑄢𑄨 𑄖,Present
.নাগাের খাগা দিে জীবন কাটানো,𑄚𑄧𑄊𑄧𑄢𑄴 𑄈𑄘𑄨 𑄎𑄨𑄁𑄇𑄚𑄨 𑄉𑄮𑄋𑄬𑄝𑄢𑄴,Present
ঘৃণা করার জন্য লজ্জাবোধ,𑄊𑄨𑄚𑄬𑄝𑄢𑄴 𑄣𑄎𑄬𑄝𑄢𑄴 −,Present
আমার সে সিঝি,𑄉𑄪𑄣𑄨 𑄡𑄬𑄠𑄳𑄠 𑄟𑄧𑄢𑄴 𑄥𑄬 𑄥𑄨𑄏𑄨,Present
ঘরটি যা তুমি মাথা হেলান দে,𑄉𑄪𑄖𑄴𑄗𑄳𑄠𑄠𑄚𑄴 𑄡𑄨𑄠𑄬𑄚𑄴 𑄖𑄪𑄟𑄨 𑄥𑄨𑄢𑄬 𑄜𑄢𑄨 𑄘𑄨,Present
.যেটা আমার মাথা ব্যাথা করে,𑄡𑄬𑄠𑄳𑄠𑄧 𑄟𑄧 𑄥𑄨𑄢𑄬𑄝𑄳𑄠𑄧𑄖𑄴 𑄖𑄊𑄧𑄖𑄴 𑄉𑄮𑄢𑄳𑄦𑄨,Present
ছোট ছোট সবগুলো দেখে কি হবে,𑄌𑄨𑄘𑄬 𑄉𑄮𑄢𑄳𑄦𑄨 𑄝𑄬𑄇𑄴𑄇𑄚𑄨 𑄘𑄬𑄊𑄨 𑄇𑄨 𑄦𑄧𑄝𑄧,Future
.একটুও হবে না টিকির মতো হবে দেখতেছি,𑄚𑄧 𑄦𑄧𑄝𑄧 𑄑𑄨𑄊𑄴 𑄉𑄮𑄢𑄳𑄦𑄨 𑄣𑄳𑄆𑄮 𑄃𑄧𑄞𑄬𑄘𑄧𑄢𑄴 𑄘𑄬𑄈𑄴𑄳𑄠,Future
না দেখে কাজ ভালো করে করলে নাকি,𑄚𑄧 𑄘𑄬𑄈𑄴𑄳𑄠 𑄇𑄟𑄴 𑄘𑄮𑄣𑄬 𑄘𑄣𑄬 𑄞𑄬𑄣𑄬 𑄞𑄬𑄣𑄬,Past
"উপরের দিকে কুাটা দাঁিে আছে,ফারা দো","𑄃𑄪𑄞𑄬 𑄚𑄳𑄆𑄨 𑄇𑄪𑄥𑄃𑄖𑄴𑄳𑄠 𑄘𑄢𑄨𑄖𑄴𑄳𑄠, 𑄜𑄢 𑄘𑄮𑄎",Present
অসিঝি সবগুলো ভালো করে নিে নিজে,𑄃𑄧𑄥𑄨𑄏𑄨 𑄝𑄬𑄇𑄴𑄇𑄚𑄨 𑄞𑄧𑄎𑄴 𑄚𑄨𑄠𑄳𑄆𑄬 𑄚𑄨𑄎𑄧𑄢𑄬,Present
রোদ পোহানো ভালো,𑄢𑄮𑄇𑄴𑄳𑄠 𑄉𑄮𑄢𑄳𑄦𑄨 𑄘𑄧𑄝𑄴𑄘𑄧𑄝 𑄞𑄣𑄬𑄖𑄴𑄗𑄳𑄆𑄮,Present
.নাক থেকে পানি বের হওা -,𑄚𑄋𑄴 𑄟𑄚𑄴 𑄇𑄪𑄢𑄬𑄝𑄢𑄴 −,Present
হেছে আমার সেই সিঝির লেজটা,𑄦𑄨𑄚𑄴 𑄦𑄮𑄠𑄳𑄠 𑄟𑄧𑄢𑄴 𑄥𑄬 𑄥𑄨𑄏𑄨 𑄣𑄮𑄃𑄚𑄴 𑄡𑄨𑄠𑄬𑄚𑄴,Present
তোমার মা কে কেটে দিে যা,𑄖𑄮𑄟 𑄇𑄬𑄠𑄳𑄠 𑄇𑄝𑄨 𑄘𑄨 𑄡𑄬𑄠𑄳𑄠𑄧 𑄟𑄧,Present
"কোতে পর বোচ্ছে,বস করা","𑄇𑄬𑄠𑄳𑄠𑄖𑄴 𑄛𑄧𑄢𑄧 𑄝𑄬𑄖𑄪𑄣𑄴𑄝𑄨𑄥𑄴, 𑄝𑄧𑄎𑄧𑄋𑄴 𑄇𑄟𑄚𑄨𑄖𑄴",Present
মাথা নিচু করে থাকতে হ না দাঙিে আছে,𑄥𑄨𑄢𑄬 𑄣𑄮𑄋𑄬 𑄚𑄧 𑄗𑄳𑄆𑄬 𑄘𑄋𑄳𑄦𑄧𑄢𑄴 𑄎𑄨𑄘𑄴 𑄊𑄨𑄚𑄴𑄳𑄆𑄮 𑄃𑄪𑄘𑄪𑄢𑄬,Present
উঠাবসা করে হেঁটে হেঁটে কথা বলি,𑄃𑄪𑄘𑄨 𑄎𑄮𑄛𑄴 𑄘𑄨 𑄣𑄢𑄳𑄦𑄬 𑄉𑄮𑄢𑄳𑄦𑄨 𑄟𑄪𑄎𑄪𑄋𑄬𑄘𑄨 𑄃𑄪𑄎𑄳𑄆𑄬 𑄇𑄮𑄎𑄬 𑄚𑄳𑄆𑄨,Present
সুতার শক্ত দৌাদৌি করে নিজের ব ব ভ করে,𑄥𑄪𑄖𑄴𑄪𑄢𑄴 𑄊𑄬𑄣𑄴 𑄘𑄝𑄳𑄆𑄬 𑄦𑄮𑄙𑄬 𑄘𑄳𑄆𑄨 𑄚𑄨𑄎𑄧𑄢𑄴 𑄘𑄧𑄝𑄴 𑄘𑄧𑄝 𑄘𑄧𑄢𑄳𑄦𑄧,Present
গোিটা স্থির রাখার,𑄉𑄮𑄢𑄳𑄦𑄨 𑄗𑄨𑄘𑄧𑄝𑄴𑄧𑄢𑄴 𑄗𑄮𑄝𑄢𑄴 −,Present
হেঁটে যাওা যে আমার সেই মনটা যা তোমার,𑄦𑄏𑄨 𑄡𑄬𑄠𑄳𑄠 𑄟𑄧𑄢𑄴 𑄥𑄬 𑄟𑄧𑄚𑄚𑄴 𑄡𑄨𑄠𑄬𑄚𑄴 𑄖𑄮𑄟𑄢𑄴,Present
"একা একা,একা একা,একা একা,অমুক সম","𑄃𑄘𑄪𑄢𑄨, 𑄌𑄨𑄖𑄴-𑄊𑄨𑄣𑄬, 𑄛𑄮𑄃𑄮𑄚𑄴𑄉𑄪𑄣𑄧, 𑄃𑄧𑄎𑄧𑄞𑄧 𑄥𑄧𑄟𑄧𑄖𑄴",Present
সব খুঁজাখুজি করে আমাকে দিে যা,𑄝𑄬𑄇𑄴 𑄈𑄮𑄎𑄮𑄢𑄳𑄆𑄬 𑄚𑄨𑄎𑄨𑄚𑄳𑄆𑄬 𑄥𑄨𑄏𑄨𑄉𑄮𑄢𑄳𑄦𑄨 𑄟𑄧𑄢𑄳𑄦𑄬 𑄘𑄨 𑄡𑄬𑄠𑄳𑄠𑄧,Present
"মনের ইচ্ছা পূরণ করে দো-মেে,আলু-দুলিে","𑄌𑄨𑄖𑄴 𑄘𑄨𑄃𑄮𑄣𑄴 𑄇𑄮𑄌𑄴𑄛𑄚 𑄔𑄣𑄨 𑄘𑄨 𑄘𑄮𑄠𑄳𑄠-𑄟𑄬𑄠𑄳𑄠, 𑄃𑄣𑄪𑄣𑄮-𑄘𑄪𑄣𑄮𑄣𑄳𑄆𑄮",Present
"পাহাি-রুচি,ওলাঙে,সবগুলো ভালোভাবে চলে","𑄦𑄏𑄨-𑄢𑄪𑄎𑄳𑄆𑄨, 𑄃𑄳𑄆𑄣𑄳𑄠𑄋𑄬, 𑄥𑄧𑄃𑄧𑄚𑄴-𑄝𑄳𑄦𑄧𑄚𑄬 𑄘𑄮𑄣𑄬",Present
সারাদিন একা একা থাকতে ভালো লাগে,𑄃𑄎𑄃𑄎𑄨 𑄉𑄮𑄢𑄳𑄦𑄨 𑄗𑄬𑄝𑄢𑄴 𑄥𑄪𑄊𑄬 𑄘𑄪𑄊𑄬 −,Present
হাত দিে আমার সেই হাতগুলো নিে,𑄦𑄏𑄨 𑄡𑄬𑄠𑄳𑄠 𑄟𑄧𑄢𑄴 𑄥𑄬 𑄦𑄖𑄴𑄖𑄚𑄨 𑄡𑄨𑄠𑄬𑄚𑄨 𑄚𑄨𑄎𑄨𑄚𑄳𑄆𑄬,Present
সে ছোট করে আমাকে দিে যা,𑄥𑄨𑄏𑄨 𑄉𑄮𑄢𑄳𑄦𑄨 𑄟𑄧𑄢𑄳𑄦𑄬 𑄘𑄨 𑄡𑄬𑄠𑄳𑄠𑄧 −,Present
নিজের কাজ নিজে করে আনার আছে,𑄚𑄨𑄎𑄧𑄢𑄴 𑄇𑄟𑄚𑄨 𑄉𑄮𑄢𑄳𑄦𑄨 𑄝𑄣𑄬𑄘𑄴 𑄃𑄚𑄨𑄝𑄢𑄴 𑄃,Present
সুুটা থেমে থেমে আছে,𑄥𑄪𑄖𑄴𑄪𑄢𑄴𑄣𑄳𑄆𑄮 𑄣𑄢𑄳𑄦𑄬𑄃𑄧𑄖𑄴 𑄗𑄨𑄠𑄳𑄆𑄬 𑄥𑄪𑄖𑄴𑄪𑄢𑄴,Present
.নাকটা গুো হে নিজে রোদ পোহা,𑄚𑄎𑄴 𑄉𑄮𑄚𑄨 𑄥𑄪𑄖𑄴𑄪𑄢𑄴 𑄦𑄮𑄙𑄳𑄆𑄬 𑄚𑄨𑄎𑄧𑄢𑄬 𑄢𑄮𑄇𑄴𑄳𑄠 𑄉𑄮𑄢𑄳𑄦𑄨 𑄚𑄨𑄎𑄧𑄢𑄴,Present
শক্তি কম হলেও আমাকে তাাতাি তুলে দাও,𑄝𑄧𑄣𑄴 𑄝𑄧𑄣 𑄃 𑄘𑄧𑄝𑄴𑄘𑄧𑄝 𑄝𑄢𑄳𑄦𑄳𑄆𑄬 𑄖𑄪𑄣𑄨 𑄘𑄧𑄢𑄳𑄦𑄧 𑄟𑄧𑄢𑄳𑄦𑄧,Present
গিে বসে থাকা,𑄉𑄮𑄢𑄳𑄦𑄨 𑄖𑄪𑄢𑄨 𑄗𑄬𑄝𑄢𑄴 −,Present
হাত দিে আমার সেই চিমটিগুলো গেছে,𑄦𑄏𑄨 𑄡𑄬𑄠𑄳𑄠 𑄟𑄧𑄢𑄴 𑄥𑄬 𑄥𑄨𑄏𑄨 𑄒𑄬𑄋𑄚𑄨 𑄡𑄨𑄠𑄬𑄚𑄨,Present
"আমাকে দিে যে শীল- পাথর,কাজ-তারং,মোন","𑄟𑄧𑄢𑄳𑄦𑄬 𑄘𑄨 𑄡𑄬𑄠𑄳𑄠𑄧 𑄥𑄨𑄣𑄴-𑄛𑄖𑄴𑄗𑄧𑄢𑄴, 𑄇𑄟𑄳𑄦-𑄖𑄢𑄬𑄁, 𑄟𑄮𑄚𑄴 -",Present
".আমি,সমান জাগা বেে ভ পাচ্ছি","𑄟𑄪𑄢𑄧, 𑄥𑄧𑄁 𑄎𑄋𑄣𑄴 𑄝𑄳𑄆𑄬 𑄘𑄧𑄢𑄳𑄦𑄧 𑄟𑄧𑄢𑄳𑄦𑄧 𑄉𑄮𑄢𑄳𑄦𑄨 𑄘𑄧𑄝𑄴𑄘𑄧𑄝𑄳𑄆𑄬",Present
.বালির কাজে একটি সুতার মাথা উঠার সম।,𑄝𑄣𑄬𑄘𑄨 𑄇𑄟𑄧𑄖𑄴 𑄃 𑄥𑄪𑄖𑄴𑄪𑄢𑄧 𑄟𑄪𑄎𑄪𑄋𑄧𑄖𑄴 𑄃𑄪𑄎𑄬𑄝𑄢𑄴 −,Present
গুলি দিে আমার সেই চোখগুলো আসে,𑄉𑄪𑄣𑄨 𑄡𑄬𑄠𑄳𑄠𑄧𑄚𑄴 𑄟𑄧𑄢𑄴 𑄥𑄬 𑄌𑄮𑄇𑄴𑄪𑄚𑄴 𑄡𑄨𑄃𑄪𑄚𑄴 𑄃𑄃𑄮𑄎𑄬,Present
"সে গরুটা আমাকে ভালো করে দিে যা, সুন্দর, সুন্দর নেই","𑄥𑄨𑄏𑄨 𑄉𑄮𑄢𑄳𑄦𑄨 𑄟𑄧𑄢𑄳𑄦𑄬 𑄘𑄨 𑄡𑄬𑄠𑄳𑄠𑄧 𑄉𑄧𑄟𑄴 𑄞𑄚𑄴𑄎𑄬, 𑄘𑄮𑄣𑄴, 𑄘𑄮𑄣𑄴 𑄚𑄳𑄆𑄬",Present
"লাল-কালা, সাদা-কালো, আংটা কাজ,সুক্ষ্ম-সুক্ষ্ম, সুক্ষ্ম-সুক্ষ্ম","𑄢𑄋-𑄇𑄣, 𑄙𑄧𑄇𑄴-𑄝𑄬𑄙𑄇𑄴, 𑄃𑄢𑄇𑄪𑄢𑄧, 𑄃𑄘𑄧𑄁 𑄇𑄎𑄧𑄢𑄴, 𑄥𑄪𑄊𑄴-𑄘𑄪𑄊𑄴",Present
"সবগুলো দেখে দেখে,সবগুলো দেখে নিজের চিনতে পারা","𑄝𑄬𑄇𑄴𑄇𑄚𑄨 𑄢𑄨𑄚𑄨 𑄌𑄳𑄆𑄬, 𑄖𑄮𑄣𑄬 𑄌𑄳𑄆𑄬 𑄚𑄨𑄎𑄧𑄢𑄬 𑄝𑄪𑄏𑄬𑄝𑄢𑄴, 𑄥𑄎𑄬𑄝𑄢𑄴,",Present
". হওার,গাির আংটা গুঁো করে দো","𑄦𑄮𑄝𑄢𑄴, 𑄉𑄮𑄢𑄳𑄦𑄨𑄝𑄢𑄴 𑄃𑄇𑄴𑄧𑄣𑄚𑄴 𑄖𑄪𑄎𑄨𑄟𑄴 𑄛𑄪𑄢𑄧 𑄉𑄮𑄢𑄳𑄦𑄨 𑄘𑄨𑄝𑄢𑄴 −",Present
"বুোটা যে আমার নাম, আমি হলাম কানিটা ভারী","𑄝𑄪𑄘𑄪𑄣𑄨 𑄡𑄬𑄠𑄳𑄠 𑄟𑄧𑄢𑄴 𑄚𑄇𑄴𑄳𑄠𑄧, 𑄟𑄪𑄠𑄚𑄴 𑄃 𑄇𑄚𑄚𑄨 𑄡𑄨𑄠𑄬𑄚𑄨 𑄞𑄢𑄨",Present
সিঝি গরুগুলো বাসা ঢুকে যা,𑄥𑄨𑄏𑄨 𑄉𑄮𑄢𑄳𑄦𑄨 𑄉𑄮𑄞𑄨𑄚𑄴 𑄃𑄏𑄣𑄳𑄆𑄮 𑄃𑄃𑄮𑄎𑄬 𑄘𑄨 𑄡𑄬𑄠𑄳𑄠𑄧,Present
.নিজের ভালোবাসা ফেলে রেখে তুমি বেঁচে থাকো,"𑄚𑄨𑄎𑄬𑄎𑄴 𑄣𑄳𑄆𑄮 𑄜𑄬𑄣𑄳𑄆𑄬 𑄝𑄎𑄨 𑄗𑄳𑄆𑄬 𑄖𑄪𑄟𑄴 𑄝𑄎𑄴,",Present
".পোজা বাি বুঝছো,মাদিেও নিজের চিনবে না","𑄛𑄮𑄎 𑄝𑄎𑄴 𑄝𑄪𑄏𑄨𑄚𑄳𑄠, 𑄟𑄘𑄨𑄚𑄳𑄠𑄳𑄆 𑄚𑄨𑄎𑄧 𑄌𑄨𑄚𑄴 𑄘𑄨𑄚𑄳𑄆𑄬",Future
"সু-সুি কথা বলে, ভালো-খারাপ সবগুলো শুনতেছি","𑄥𑄪𑄊𑄴-𑄘𑄪𑄊𑄧𑄢𑄴 𑄇𑄮𑄙 𑄇𑄳𑄆𑄮, 𑄉𑄧𑄟𑄴-𑄝𑄧𑄎𑄧𑄁 𑄝𑄬𑄇𑄴𑄇𑄚𑄨 𑄥𑄪𑄚𑄨𑄚𑄳𑄠𑄳𑄆,",Present
মনে হ বুঝি আপ্যান করে কাজ করার আছে,𑄝𑄪𑄏𑄨𑄚𑄳𑄠𑄳𑄆 𑄃𑄇𑄴𑄧𑄣𑄚𑄴 𑄝𑄢𑄬𑄚𑄳𑄠𑄳𑄆 𑄇𑄟𑄴 𑄉𑄮𑄢𑄳𑄦𑄨𑄝𑄢𑄴 𑄃,Present
"সুতা দিে জোা করতে পারি, কি জানি","𑄥𑄪𑄖𑄴𑄪𑄢𑄴𑄣𑄳𑄆𑄮 𑄎𑄮𑄝𑄴 𑄘𑄨-𑄎𑄮𑄠𑄢𑄴 𑄛𑄢𑄨, 𑄇𑄨𑄎𑄬𑄇𑄴 𑄇𑄢𑄳𑄦𑄨",Present
রান্নাঘর থেকে বের হওা,𑄥𑄪𑄖𑄴𑄪𑄢𑄪𑄚𑄴 𑄦𑄮𑄙𑄬𑄝𑄢𑄴।,Present
আমার কিছু নেই আর,𑄇𑄨𑄌𑄴𑄪 𑄚𑄳𑄆𑄬 𑄃𑄢𑄴 𑄟𑄧𑄢𑄴,Present
কিছু নেই,𑄇𑄨𑄌𑄴𑄪 𑄚𑄳𑄆𑄬,Present
সব শেষ হে গেল,𑄝𑄬𑄇𑄴 𑄜𑄪𑄘𑄴𑄧 𑄦𑄳𑄆𑄮 𑄦𑄮𑄣𑄪𑄁 𑄥𑄢𑄳𑄦 𑄚𑄙 𑄚𑄘𑄧𑄁 𑄥𑄢𑄳𑄦,Past
স্থির বিশ্বাস নেই,"𑄗𑄨𑄘𑄧 𑄞𑄨𑄙𑄬 𑄚𑄳𑄆𑄬,",Present
দিক কালো হে পাগল হেছে,𑄘𑄨𑄇𑄴 𑄇𑄝𑄪𑄣𑄧 𑄦𑄳𑄆𑄮 𑄃𑄢𑄛𑄉𑄧𑄣𑄴 𑄥𑄎𑄨,Present
"মুষলও সে,মলাও না","𑄟𑄪𑄚𑄪𑄌𑄴𑄧𑄢𑄴𑄃𑄮 𑄥𑄧𑄠𑄴, 𑄦𑄬𑄟𑄚𑄴𑄃𑄮 𑄚𑄧𑄠𑄴",Present
গোরি নিজের মাংস নিজে খেে,𑄉𑄮𑄢𑄳𑄦𑄨 𑄚𑄨𑄎𑄧 𑄦𑄬𑄢 𑄚𑄨𑄎𑄬 𑄈𑄳𑄆𑄬,Present
"নিজে নিজে বিজি,লুলিে লাফিে গালি","𑄚𑄨𑄎𑄧𑄢𑄳𑄦𑄬 𑄚𑄨𑄎𑄬 𑄝𑄨𑄎𑄨, 𑄣𑄪𑄌𑄴𑄳𑄠𑄧-𑄣𑄪𑄣𑄮𑄁 𑄉𑄣𑄨",Present
ধুতির পাে পুরে তার লেজে,𑄥𑄪𑄖𑄴𑄪𑄢𑄧 𑄒𑄬𑄋𑄧𑄖𑄴 𑄛𑄪𑄢𑄨 𑄖 𑄣𑄬𑄎𑄮𑄖𑄴,Present
.দরজাটা বন্ধ করে রাখ,𑄙𑄪𑄢𑄨 𑄃𑄊𑄧𑄁 𑄔𑄪𑄣𑄨 ।,Present
"সে,তোমাকে সুর করতেছে","𑄥𑄬𑄚𑄬, 𑄖𑄮𑄟𑄢𑄳𑄦𑄬 𑄥𑄪𑄢𑄧𑄚𑄴 𑄉𑄧𑄢𑄳𑄦𑄧𑄋𑄧𑄢𑄴",Present
এক জাতী মাটি,𑄃𑄬𑄡𑄧 𑄏𑄙𑄨 𑄟𑄘𑄨,Present
না থাকে আরও লুলা দিে,𑄚𑄧 𑄗𑄇𑄴𑄳𑄠𑄧 𑄃𑄢𑄴 𑄣𑄪𑄉𑄴 𑄘𑄨,Present
ছাা দো আমার জন্য অপেক্ষা করছে,𑄍𑄞 𑄘𑄮𑄊𑄨 𑄟𑄪𑄢𑄴 𑄃𑄢𑄪𑄊𑄬 𑄟𑄧,Present
"প্রাণটা ঘিলে, পোা গুল, আু","𑄌𑄨𑄖𑄴 𑄊𑄨𑄣𑄬, 𑄛𑄮𑄃𑄮𑄚𑄴 𑄉𑄪𑄣𑄧, 𑄃𑄘𑄪𑄢𑄨",Present
"অসম,বুো,বুো,মনে","𑄃𑄧𑄎𑄧𑄝𑄧𑄖𑄴, 𑄝𑄪𑄉𑄧𑄖𑄴, 𑄛𑄧𑄢𑄚𑄧𑄖𑄴, 𑄟𑄧𑄚𑄧𑄖𑄴,",Present
"পেটটা,নিজের,মুত,দুই চোখ","𑄉𑄪𑄖𑄴𑄒𑄳𑄠𑄖𑄴, 𑄚𑄨𑄎𑄬𑄎𑄧𑄖𑄴,𑄟𑄪𑄃𑄧𑄖𑄴, 𑄘𑄨 𑄌𑄮𑄊𑄧𑄖𑄴,",Present
"দুই কান,দুই হাত,দুই পা","𑄘𑄨 𑄇𑄚𑄧𑄖𑄴, 𑄘𑄨 𑄦𑄙𑄧𑄖𑄴, 𑄘𑄨 𑄒𑄬𑄋𑄧𑄖𑄴 𑄃𑄉𑄧",Present
"তেজে,আগে ভেসে,আগে মনে","𑄖𑄬𑄎𑄬, 𑄃𑄉𑄧 𑄞𑄬𑄎𑄬, 𑄃𑄉𑄧 𑄟𑄧𑄚𑄬,",Present
আগে সেখানে কোন গোা বেদী ছিলোনা,𑄃𑄉𑄧 𑄥𑄬𑄙𑄟𑄬 𑄚𑄮 𑄉𑄮𑄢𑄳𑄦𑄨 𑄝𑄬𑄘𑄨 ।,Past
না হলে-না হলে,𑄚𑄧 𑄦𑄧𑄣𑄬 −,Present
তোমার কিছু থাকবে না,𑄇𑄨𑄌𑄴𑄪 𑄚𑄧 𑄗𑄬𑄝𑄧 𑄖𑄮𑄟𑄢𑄴,Future
মুখ লুকিে যাওা,𑄟𑄳𑄆𑄪𑄃𑄮 𑄣𑄪𑄉𑄨 𑄡𑄬𑄟𑄴,Present
তোমার ও নাামাা শেষ হবে,𑄖𑄮𑄟𑄢𑄴 𑄃𑄮 𑄚𑄋 𑄥𑄬𑄙𑄟𑄴 𑄣𑄪𑄉𑄨𑄝𑄧 ।,Future
"খোলের নেতা,এখানে তো দািে আছে,ফুদ - সব কিছু খাওা,তাাতাি","𑄈𑄬𑄢𑄴 𑄝𑄪𑄣𑄨 𑄥𑄬𑄚𑄛𑄧𑄖𑄨, 𑄃𑄨𑄣𑄴𑄮𑄖𑄴 = 𑄘𑄠𑄨𑄖𑄴𑄧 , 𑄜𑄪𑄘𑄴𑄧 = 𑄥𑄧𑄝𑄴 𑄇𑄨𑄌𑄪 𑄈𑄢, 𑄖𑄧𑄝𑄧𑄚 =𑄥𑄙𑄧𑄚",Present
ছাা/চোখে/মনে পা,𑄍𑄞 = 𑄌𑄮𑄉𑄮𑄖𑄴 / 𑄟𑄧𑄚𑄧𑄖𑄴 𑄞𑄎 𑄘𑄨 𑄃𑄪𑄘𑄧𑄚 ( 𑄌𑄮𑄈𑄬/𑄟𑄧𑄚𑄬 𑄞𑄬𑄥𑄬 𑄃𑄪𑄒 ),Present
অব্য পদ,𑄃𑄚𑄪𑄙𑄮𑄢𑄴,Present
উ নেই এমন চিন্তা কিে আজকে হেছে,𑄃𑄪𑄘𑄧 𑄚𑄳𑄆𑄬 𑄦𑄮𑄠𑄳𑄠 𑄞𑄝𑄨 𑄇𑄨𑄇𑄴𑄬 𑄇𑄨𑄖𑄴𑄳𑄆𑄬 𑄃𑄨𑄇𑄴𑄈𑄬𑄚𑄴 𑄦𑄧𑄣𑄧,Present
এক পাের সবগুলো আমার ভাই গেল,𑄃𑄇𑄴𑄧𑄣𑄴 𑄛𑄧𑄘𑄧𑄢𑄴 𑄝𑄬𑄇𑄴𑄇𑄚𑄨 𑄘𑄧 𑄃𑄟𑄢𑄴 𑄞𑄏𑄨 𑄉𑄬𑄣𑄧 !,Past
ধাক্কা খেে মাথা ঘুরে উঠে,𑄙𑄪𑄎𑄴 𑄈𑄬𑄣𑄬 𑄞𑄨𑄣𑄬 𑄝𑄪𑄎𑄴 𑄃𑄝𑄪𑄎𑄬 𑄃𑄇𑄴𑄧𑄣𑄚𑄴 𑄃𑄪𑄘𑄬 𑄍𑄉𑄨,Present
.এটা তো আমার উপর আর সব ভেসে গেল,𑄃𑄨𑄠𑄬 𑄘𑄧 𑄃𑄟𑄢𑄴 𑄃𑄪𑄉𑄪𑄙𑄧 𑄃𑄢𑄧 𑄝𑄬𑄇𑄴𑄈𑄚𑄨 𑄉𑄬𑄣𑄧 𑄔𑄉𑄨𑄨 ।,Past
.হওা পাগল সেখানে গেল,𑄦𑄧𑄣𑄧𑄁 𑄃𑄨𑄇𑄴𑄬 𑄃𑄢 𑄛𑄉𑄧𑄣𑄴 𑄥𑄬𑄙𑄟𑄚𑄴 𑄉𑄬𑄣𑄧 𑄉𑄪𑄣𑄨,Past
.সে মেজবানটা শুধু নিজের জন্য বানাই,𑄥𑄬𑄙𑄟𑄴𑄝𑄧𑄣 𑄦𑄧𑄣𑄧𑄁 𑄝𑄚 𑄚𑄨𑄎𑄧𑄢𑄬 𑄚𑄨𑄎𑄬 𑄟𑄪𑄣𑄨 ।,Present
নিজের চামা নিজে লুট করে নিজে নিজের হেছি,𑄚𑄨𑄎𑄧 𑄌𑄳𑄦𑄢 𑄚𑄨𑄎𑄬 𑄣𑄪𑄉𑄬𑄢𑄴 𑄚𑄨𑄎𑄬 𑄚𑄨𑄎𑄧𑄢𑄴 𑄦𑄧𑄣𑄧𑄁 𑄡𑄧𑄟𑄴,Present
না বুঝে আর চিন্তা করে এখন দুইটা বাি বানানো ভালো,𑄚𑄧 𑄝𑄪𑄏𑄨𑄢𑄴 𑄃𑄢𑄴 𑄞𑄝𑄨 𑄃𑄨𑄇𑄴𑄬 𑄇𑄪𑄝𑄮𑄚𑄴 𑄞𑄚𑄴𑄎𑄬 𑄉𑄧𑄟𑄴 ।,Present
. না ফেলে আসা চোখের পানি আমি না ফেলে আর কালো,𑄚𑄧 𑄜𑄬𑄣𑄬𑄢𑄴 𑄃𑄢 𑄌𑄮𑄊𑄧 𑄛𑄚𑄨 𑄟𑄪 𑄚𑄧 𑄦𑄧𑄢𑄴 𑄃𑄢𑄴 𑄇𑄣,Present
না বুঝে আর দুঃখ কাকে বলে না,𑄚𑄧 𑄝𑄪𑄏𑄨𑄢𑄴 𑄃𑄢𑄴 𑄘𑄪𑄊𑄴 𑄇𑄢𑄳𑄦𑄬 𑄇𑄧𑄠𑄴 𑄚𑄧 𑄝𑄪𑄏𑄨𑄢𑄴 𑄃𑄢𑄴 𑄎𑄣 ।,Present
ভালো হারিে সব গুলো হজম হে গেল,𑄥𑄧𑄘𑄴 𑄦𑄢𑄳𑄦 𑄦𑄳𑄆𑄮 𑄝𑄬𑄇𑄴𑄈𑄚𑄴 𑄦𑄧𑄣𑄧𑄁 𑄦𑄧𑄎𑄧𑄟𑄴 𑄝𑄪𑄘𑄴𑄙𑄨 𑄚𑄎𑄴,Past
.দেখেও দেখি না এখন সব ভেছে,𑄘𑄬𑄊𑄨𑄚𑄬𑄃𑄮 𑄚𑄧 𑄘𑄬𑄊𑄨𑄢𑄴 𑄃𑄨𑄇𑄴𑄬 𑄝𑄬𑄇𑄴 𑄦𑄢𑄳𑄦𑄬𑄣𑄧𑄁 𑄞𑄎𑄴 ।,Present
মেেদের মিশিে দিে চোখগুলো অন্ধকার হ,𑄟𑄬𑄟 𑄟𑄨𑄥𑄴𑄳𑄢𑄨 𑄟𑄮𑄎𑄝𑄳𑄠𑄧 𑄘𑄳𑄆𑄬 𑄌𑄮𑄊𑄴-𑄟𑄪 𑄃𑄚𑄴𑄙𑄢𑄴 𑄦𑄳𑄆𑄮,Present
.সুতারকে সব জিনিসপত্র গুছালো,𑄥𑄪𑄖𑄴𑄗𑄪𑄢𑄴𑄝𑄳𑄠𑄧𑄢𑄬 𑄥𑄧𑄙𑄧𑄢𑄴 𑄉𑄧𑄣𑄴𑄧𑄋𑄴 𑄎𑄘𑄴-𑄞𑄨𑄙𑄬 𑄝𑄬𑄇𑄴 𑄗𑄳𑄆𑄮 ।,Present
.পুালটা শুে হলাম এখন আর প্রাণ নেই,𑄛𑄪𑄘𑄪𑄣𑄴 𑄥𑄎𑄨 𑄦𑄧𑄣𑄧𑄁 𑄃𑄨𑄇𑄴𑄬 𑄇𑄬𑄠𑄳𑄠 𑄃𑄊𑄬 𑄛𑄧𑄢𑄚𑄴 𑄚𑄳𑄆𑄬,Present
.তাকে খাবারের লোভ দিে মনের ইচ্ছে পূরণ করলাম,𑄛𑄬𑄝𑄢𑄴 𑄃𑄏𑄠𑄴 𑄘𑄨𑄣𑄧𑄁 𑄖𑄢𑄳𑄦𑄬 𑄉𑄪𑄖𑄴𑄗𑄳𑄠-𑄟𑄧𑄚𑄴 𑄝𑄬𑄇𑄴 𑄉𑄮𑄎𑄳𑄆𑄬 ।,Past
তার স্যাঁতসেঁতে স্যাঁতসেঁতে মাটি,𑄖 𑄥𑄎𑄣𑄳𑄆𑄮 𑄥𑄏𑄨𑄢𑄴 𑄃𑄨𑄇𑄴𑄬 𑄖 𑄟𑄘𑄣𑄳𑄆𑄮 𑄟𑄘𑄨𑄢𑄴,Present
সে যতবার তার সাথে সুন্দর করে নাচে,𑄖𑄬 𑄡𑄨𑄇𑄴𑄈𑄳𑄠𑄚𑄴 𑄇𑄧𑄢𑄴 𑄖 𑄙𑄧𑄉𑄬 𑄘𑄮𑄣𑄴 𑄉𑄧𑄢𑄳𑄦𑄨𑄚𑄬 𑄚𑄎𑄨𑄢𑄴।,Present
হেঁচাটা ভাঁজ করে এখন বিেলো,𑄦𑄬𑄚𑄴 𑄃𑄨𑄚𑄴𑄎𑄬𑄛𑄴𑄛𑄚𑄴 𑄘𑄨𑄣𑄧𑄁 𑄞𑄎𑄳𑄆𑄬 𑄃𑄨𑄇𑄴𑄳𑄠𑄧 𑄝𑄨𑄢𑄨𑄣𑄳𑄆𑄮,Present
ভূলে পে দেখে বার বার উঠতে হ,𑄞𑄪𑄣𑄧𑄖𑄴 𑄛𑄪𑄢𑄳𑄦𑄨 𑄔𑄣𑄨 𑄘𑄬𑄊𑄬𑄢𑄴 𑄝𑄢𑄬𑄋𑄴 𑄃𑄪𑄝𑄮𑄘𑄴 𑄦𑄳𑄆𑄮 ।,Present
আর বার বার দাঁিে দাঁিে দাঁিে দাঁিে আকাশটা দেখতে হ,𑄃𑄢𑄧 𑄝𑄢𑄴𑄝𑄳𑄠𑄧 𑄌𑄬𑄘𑄳𑄆𑄬 𑄘𑄋𑄳𑄦𑄧𑄢𑄴 𑄈𑄮𑄣𑄳𑄆𑄬 𑄘𑄬𑄝 𑄟𑄖𑄴𑄗𑄧𑄋𑄴 𑄌𑄳𑄆𑄬 𑄉𑄪𑄘𑄧,Present
পাহাের হেঁচা ভেঙে আমার নিজের দিকে তাকা না,𑄛𑄧𑄘𑄧𑄢𑄴 𑄦𑄬𑄙𑄧𑄇 𑄞𑄋𑄴𑄳𑄠 𑄃𑄟𑄢𑄴 𑄚𑄨𑄎𑄧𑄢𑄬 𑄚𑄧 𑄌𑄳𑄦𑄬𑄢𑄴 𑄃𑄪𑄘𑄧 ।,Present
মুদির সম হে এখন পাছা গিে গিে মাথা ব্যাথা হ,𑄟𑄪𑄘𑄨 𑄥𑄧𑄚𑄴𑄧 𑄦𑄳𑄆𑄮𑄚𑄬 𑄃𑄨𑄇𑄴𑄬 𑄛𑄪𑄚𑄧𑄖𑄴 𑄊𑄪 𑄗𑄳𑄆𑄬 𑄥𑄨𑄢𑄳𑄦𑄬 𑄙𑄮𑄢𑄴,Present
.আকাশ উার সম থাকার জন্য পরামর্শ করো।,𑄃𑄣𑄴𑄉 𑄃𑄪𑄝𑄧𑄢𑄴 𑄥𑄪𑄊𑄧𑄖𑄴 𑄗𑄬𑄝𑄢𑄴 𑄃𑄪𑄘𑄴𑄙𑄮𑄢𑄧 𑄇𑄮𑄙 𑄇𑄮𑄢𑄴 ।,Present
কালো হেছে সব মেেরা-দাা,𑄇𑄬𑄣𑄧 𑄇𑄣 𑄦𑄧𑄣𑄧𑄁 𑄝𑄬𑄇𑄴𑄈𑄚𑄴 𑄟𑄬𑄠𑄳𑄠-𑄘𑄮𑄠𑄳𑄠 𑄦𑄢,Present
নিজে নিজে হিল পেে আর নেচে নেচে ভালো করে বো,𑄚𑄨𑄎𑄬 𑄟𑄧𑄣𑄴𑄬 𑄦𑄨𑄣𑄴 𑄛𑄬𑄭 𑄃𑄢𑄧 𑄚𑄎𑄳𑄆𑄬 𑄘𑄮𑄣𑄬 𑄝𑄢𑄳𑄦 ।,Present
.ভাবিে এখন মাথা পুে এইটা হলো কি,𑄞𑄝𑄨 𑄃𑄨𑄇𑄴𑄬 𑄟𑄪𑄢𑄧𑄖𑄴 𑄛𑄪𑄢𑄨 𑄃𑄨𑄠𑄬𑄚𑄴 𑄦𑄧𑄣𑄧 𑄇𑄨,Present
কি আপ্যান হলো আমার কি আপ্যান হলো,𑄇𑄨 𑄃𑄌𑄴𑄌𑄢 𑄦𑄧𑄣𑄧 𑄃𑄟𑄢𑄴 𑄇𑄨 𑄝𑄎𑄬𑄣𑄧𑄁 𑄜𑄨 ।,Past
কুকুর যাবে নিচে আর কুকুর যাবে নিচে,𑄇𑄪𑄘𑄴𑄙𑄪𑄢𑄴 𑄡𑄬𑄝𑄧𑄁 𑄖𑄧𑄣𑄬𑄘𑄨 𑄃𑄢𑄧 𑄇𑄪𑄘𑄴𑄙𑄪𑄢𑄴 𑄡𑄬𑄝𑄧𑄁 𑄉𑄢,Future
কোথা গেলে সে ভালো হবে আর কত হলে হা,𑄇𑄪𑄘𑄴𑄙𑄪𑄢𑄴 𑄉𑄬𑄣𑄬 𑄖𑄬 𑄥𑄧𑄘𑄴 𑄜𑄨𑄢𑄨𑄝𑄧 𑄃𑄢𑄧 𑄇𑄧𑄙𑄧𑄇𑄴 𑄦𑄧𑄣𑄬 𑄦𑄢!,Future
.অচেতন হে ভাবি এখন মাথা উঠতেছে,𑄃𑄚𑄪𑄙𑄮𑄢𑄴 𑄦𑄮𑄠𑄬 𑄞𑄝𑄨 𑄃𑄨𑄇𑄴𑄈𑄳𑄠 𑄥𑄨𑄢𑄳𑄦𑄬𑄝𑄳𑄠𑄧 𑄃𑄪𑄙𑄬𑄢𑄴 𑄊𑄪𑄢𑄳𑄆𑄬,Present
.উদ্ধত হওার পথটা খুঁজেও পাবো না,𑄃𑄪𑄘𑄴𑄙𑄮𑄢𑄴 𑄦𑄮𑄝𑄢𑄴 𑄛𑄧𑄖𑄴𑄗𑄚𑄴 𑄥𑄣𑄬𑄚𑄴 𑄚𑄧 𑄛𑄬𑄝𑄧𑄧𑄁 𑄇𑄨 𑄖𑄮𑄉𑄳𑄆𑄬 !,Future
এক খোল,𑄃𑄬𑄇𑄴 𑄈𑄬𑄝𑄴,Past
ভাবি আছি আমি এক খেে নেবো,𑄞𑄝𑄨 𑄃𑄊𑄧𑄁 𑄟𑄳𑄆𑄪 𑄃𑄬𑄇𑄴 𑄈𑄬𑄝𑄴 𑄟𑄧𑄠𑄴𑄘𑄪,Future
একটি লাল বেল উঠবে,𑄃𑄬𑄇𑄴𑄈𑄚𑄴 𑄢𑄋 𑄝𑄬𑄣𑄴 𑄃𑄪𑄙𑄨𑄝𑄧,Future
যে বিালটা খেেছে এই খেে,𑄡𑄬 𑄝𑄬𑄣𑄧 𑄛𑄳𑄦𑄧𑄢𑄚𑄴 𑄃𑄬 𑄈𑄬𑄠𑄳𑄠 𑄙𑄨𑄝𑄴𑄘𑄳𑄠,Present
অসিঝির আলো নিে যাও,𑄃𑄧𑄥𑄨𑄏𑄨 𑄃𑄚𑄴𑄙𑄢𑄚𑄴 𑄛𑄪𑄏𑄨 𑄚𑄳𑄆𑄨,Present
চূার মতো শক্ত ছিঁা,𑄌𑄬𑄢𑄴 𑄇𑄨𑄖𑄴𑄳𑄠 𑄍𑄧𑄙𑄧𑄇𑄴 𑄍𑄨𑄘𑄨,Present
এক জাতী জঙ্গল ফাঁকা হেছে,𑄎𑄨𑄁𑄇𑄚𑄨𑄢𑄴 𑄎𑄋𑄣𑄴 𑄙𑄪𑄢𑄴 𑄟𑄬𑄣𑄇𑄴,Present
"ওঝা গোা,সুগন্ধি গোা","𑄃𑄮𑄏𑄢𑄴 𑄉𑄮𑄢𑄳𑄦𑄨, 𑄥𑄪𑄊𑄧𑄢𑄴 𑄖𑄪𑄝𑄮𑄣𑄧𑄖𑄴",Present
উে যাওা জীবনটা কঠিন,𑄃𑄪𑄘𑄨 𑄎𑄨𑄁𑄇𑄚𑄨 𑄉𑄮𑄋𑄬𑄝𑄢𑄴 𑄘𑄋𑄳𑄦𑄧𑄢𑄴,Present
ব ঢালিে সুন্দর সুন্দর রোদ মেেছে,𑄝𑄧𑄢𑄴 𑄔𑄣𑄨𑄘𑄳𑄆𑄨 𑄘𑄮𑄣𑄴 𑄉𑄮𑄢𑄳𑄦𑄨 𑄛𑄳𑄦𑄧𑄢𑄴 𑄟𑄬𑄣𑄨,Present
পাে পাে আমি লাল হে যাবো,𑄦𑄏𑄨 𑄦𑄏𑄨 𑄟𑄧𑄠𑄴𑄘𑄪 𑄢𑄋 𑄦𑄳𑄆𑄮 𑄎𑄪𑄣𑄨𑄝𑄧 ।,Future
এক খেে আছি আমি,𑄃𑄏 𑄉𑄮𑄢𑄳𑄦𑄨 𑄃𑄊𑄧𑄁 𑄃𑄬𑄇𑄴 𑄈𑄬𑄝𑄴 𑄟𑄧𑄠𑄴𑄘𑄪,Present
একটা নাগাে হাত দিে,𑄃𑄬𑄇𑄴𑄈𑄚𑄴 𑄚𑄮 𑄝𑄧 𑄦𑄙𑄨𑄝𑄧 −,Present
যে বইটা আমি হাত দিে ধরি,𑄡𑄬 𑄝𑄧𑄃𑄚𑄴 𑄟𑄧𑄠𑄴𑄘𑄪 𑄦𑄋𑄴𑄳𑄠 𑄃𑄉𑄪𑄚𑄚𑄴,Present
উে দিে আমার জুলি,𑄃𑄪𑄢𑄬 𑄘𑄨 𑄟𑄧𑄢𑄴 𑄎𑄪𑄣𑄨,Present
"যে,পুে যােছে কো, প্রাণটা","𑄡𑄬𑄠𑄳𑄠, 𑄛𑄪𑄢𑄨 𑄡𑄬𑄠𑄳𑄠 𑄇𑄬𑄠𑄳𑄠𑄃𑄚𑄴, 𑄛𑄧𑄢𑄚𑄚𑄴",Present
মন ভালো হলে সব পরিষ্কার করে দে না,𑄌𑄨𑄖𑄴 𑄊𑄨𑄣𑄬 𑄝𑄬𑄇𑄴𑄈𑄚𑄨 𑄎𑄪𑄢𑄬 𑄘𑄳𑄆𑄨 𑄚𑄮 𑄘𑄧𑄟𑄴 𑄚𑄮 −,Present
"১. বল, শক্তি, শক্তি, মন, মন, মন, মন, মন","𑄝𑄧𑄣𑄴, 𑄚𑄮-𑄥𑄧𑄝𑄧𑄚𑄴, 𑄚𑄮 𑄃𑄏, 𑄚𑄮 𑄟𑄧𑄚𑄴, 𑄚𑄮 −",Present
জীবন দো না করে আমাকে ভালো করে জাগাবে,𑄎𑄨𑄁𑄇𑄚𑄨 𑄘𑄳𑄆𑄨 𑄚𑄮 𑄉𑄮𑄢𑄳𑄦𑄨 𑄟𑄧𑄢𑄳𑄦𑄬 𑄘𑄮𑄣𑄬 𑄎𑄉𑄬 𑄖𑄪𑄣𑄨𑄝𑄧 ।,Future
আসা যাওা করার আগে আমি এক খোল করবো,𑄃𑄏𑄠𑄴 𑄃𑄉𑄧𑄁 𑄟𑄧𑄠𑄴𑄘𑄪 𑄃𑄬𑄇𑄴 𑄈𑄬𑄝𑄴 𑄃𑄨𑄇𑄴𑄳𑄠𑄧,Future
.কোন দিন আসবে না,𑄚𑄮 𑄘𑄨𑄚𑄴 𑄃𑄬𑄝𑄧 −,Future
যে দিনে সব চুল পে গেছে,𑄡𑄬 𑄘𑄨𑄚𑄴𑄧𑄖𑄴 𑄝𑄬𑄇𑄴 𑄌𑄪𑄣𑄳𑄦𑄚𑄨-𑄛𑄮𑄢𑄚𑄨 𑄣𑄪𑄉𑄨 𑄡𑄳𑄆𑄬,Present
বেশি উস্কুখুস্কু,𑄃𑄙𑄨𑄇𑄴 𑄃𑄪𑄌𑄴𑄳𑄠𑄧𑄣𑄳𑄆𑄮,Present
ভাত-পানির মিশ্রণ,𑄞𑄖𑄴-𑄛𑄚𑄨 𑄃𑄨𑄢𑄨,Present
"পালিে, নেচে নেচে","𑄦𑄏𑄨 𑄢𑄬𑄋𑄬, 𑄚𑄎𑄬-𑄉𑄨𑄘𑄬",Present
.উবল লাফ দিে সুার ছিদ্র করে,𑄃𑄪𑄝𑄮𑄣𑄴 𑄜𑄣𑄴 𑄦𑄳𑄆𑄮 𑄥𑄪𑄊𑄧𑄢𑄴 𑄇𑄚𑄠𑄴,Present
কানি কানি-চোপের পানি পুে বুো,𑄇𑄚𑄨 𑄇𑄚𑄨−𑄌𑄮𑄉𑄧 𑄛𑄚𑄨 𑄛𑄪𑄢𑄨 𑄝𑄪𑄉𑄧,Present
ধে পে যে,𑄙𑄨𑄝𑄬 𑄈𑄪𑄣𑄨 𑄡𑄳𑄆𑄬,Present
মন হিল মেে,𑄟𑄧𑄚𑄧 𑄦𑄨𑄣𑄴 𑄟𑄪𑄢𑄨𑄝𑄧 ।,Present
আছা দিে আছি এক খাবা,𑄃𑄏 𑄉𑄮𑄢𑄳𑄦𑄨 𑄃𑄊𑄧𑄁 𑄃𑄬𑄇𑄴 𑄈𑄬𑄝𑄴,Future
আমার এখন রাত হবে,𑄟𑄧𑄠𑄴𑄘𑄪 𑄃𑄨𑄇𑄴𑄳𑄠𑄧 𑄢𑄬𑄖𑄴 𑄃𑄬𑄝𑄧 −,Future
. যে রাতে ঘুমা - মেে,𑄡𑄬 𑄢𑄬𑄖𑄴𑄳𑄠𑄧𑄖𑄴 𑄎𑄇𑄴𑄳𑄠 𑄗𑄬𑄝𑄇𑄴 𑄛𑄬𑄇𑄴 - 𑄦𑄬𑄟𑄚𑄴,Present
"পোকা-মাক, গাছ-পাখি","𑄛𑄪𑄇𑄴-𑄎𑄪𑄇𑄴, 𑄉𑄌𑄴-𑄝𑄌𑄴 −",Present
"বাঁশি, খেংরং ধুধুুক, সিঙে, বাজা, ঢুল","𑄝𑄏𑄨, 𑄈𑄬𑄁𑄉𑄧𑄢𑄧𑄁 𑄙𑄪𑄙𑄪𑄇𑄴, 𑄥𑄨𑄋𑄬, 𑄝𑄎, 𑄔𑄪𑄣𑄴",Present
"জুি, গোজনি, তবলা, আরও অনেক","𑄎𑄪𑄚𑄴𑄎𑄮𑄚𑄨, 𑄉𑄮𑄎𑄨𑄚, 𑄖𑄧𑄝𑄧𑄣, 𑄃𑄢𑄧 𑄚𑄚𑄚𑄴",Present
বাঁশটা নানারকম করে থাকবে,𑄝𑄘𑄳𑄠𑄧 𑄚𑄚𑄚𑄴 𑄉𑄧𑄘𑄬 𑄝𑄎𑄨𑄝𑄇𑄴 −,Future
".গবাদিপশু,বিাল,বিাল ইত্যাদি","𑄉𑄬𑄁𑄈𑄪𑄣𑄨, 𑄝𑄢𑄧𑄟𑄥𑄴, 𑄉𑄨𑄘𑄴-𑄃𑄪𑄞𑄧𑄉𑄨𑄘𑄴 𑄃𑄢𑄧",Present
নানা রঙে রঙে,𑄚𑄚𑄚𑄴 𑄢𑄧𑄋𑄬 𑄔𑄧𑄋𑄬 −,Present
নাচ করতে করতে রাত হেছে,"𑄚𑄎𑄬-𑄟𑄘𑄬 𑄢𑄬𑄋𑄮𑄌𑄇𑄴 𑄈𑄧𑄣𑄧𑄢𑄧𑄝𑄧,",Present
জ জোার আকাশ- পাতাল ভাগ করে,𑄎𑄧𑄠𑄴 𑄎𑄮𑄠𑄢𑄴 𑄘𑄬𑄝-𑄛𑄘𑄣𑄴 𑄜𑄢𑄨 𑄉𑄪𑄟𑄴 𑄉𑄪𑄟𑄳𑄆𑄬,Present
"গিে উঠা ভূত, ভূত, দোা, বোলের অসি","𑄉𑄪𑄎𑄪𑄢𑄨 𑄃𑄪𑄘𑄨 𑄞𑄪𑄖𑄴, 𑄛𑄳𑄢𑄬𑄖𑄴, 𑄘𑄮𑄖𑄴𑄳𑄠𑄧, 𑄞𑄢𑄣𑄴𑄳𑄠 𑄃𑄧𑄥𑄨𑄏𑄨",Present
দেবদারের আসিে কালো কো আরু,𑄘𑄬𑄝𑄬𑄘𑄢𑄴 𑄃𑄥𑄨𑄏𑄨 𑄇𑄣 𑄇𑄬𑄠𑄳𑄠 𑄃𑄢𑄪𑄉𑄴,Present
"কালো রঙের ছাা, হলুদ রঙের চোখ,লাল বাা","𑄇𑄣 𑄃𑄙𑄧 𑄍𑄝, 𑄣𑄮 𑄉𑄪𑄣𑄴𑄳𑄠 𑄢𑄋 𑄌𑄮𑄇𑄴, 𑄣𑄮 𑄝𑄥𑄳𑄠",Present
"লাল জিল,চোপার লালা খেেছে","𑄢𑄋 𑄎𑄨𑄣𑄴, 𑄌𑄪𑄌𑄴𑄬𑄁 𑄇𑄧𑄢𑄧𑄇𑄢 𑄣𑄮-𑄦𑄬𑄢 𑄈𑄬𑄠𑄳𑄠",Present
. করলা দাঁত সব ভে লুকিে থাকবে,𑄇𑄧𑄢𑄧𑄣 𑄘𑄖𑄴 𑄝𑄬𑄇𑄴 𑄞𑄧𑄥𑄴𑄖𑄧 𑄦𑄳𑄆𑄮 𑄣𑄪𑄉𑄨𑄝𑄇𑄴 ।,Future
এত ব আসেনা আমার সেগুলো,𑄃𑄬𑄎𑄧 𑄘𑄧 𑄚𑄧 𑄃𑄬𑄡𑄧𑄚𑄴 𑄟𑄧𑄠𑄴𑄘𑄪 𑄥𑄨𑄃𑄪𑄚𑄴,Present
আশা করি যে আসবে,𑄃𑄏𑄠𑄴 𑄃𑄊𑄧𑄁 𑄡𑄬 𑄃𑄬𑄝𑄇𑄴,Future
আমার স্ত্রী নদীর তীরে দাঁিে আছে,𑄟𑄧 𑄞𑄝𑄨 𑄗𑄚𑄢𑄴 𑄃𑄏𑄚𑄧𑄢𑄴 𑄥𑄋𑄪 𑄝𑄳𑄆𑄬 ।,Present
বাবা-মা আমরা,𑄟-𑄝𑄛𑄴𑄪𑄚𑄬 𑄃𑄟𑄨,Present
মা-বাবারা আমাদের নাতনিকে অনেক আদর করে,𑄟-𑄝𑄛𑄴𑄪𑄚𑄬 𑄃𑄟𑄨 𑄛𑄮 𑄏𑄨𑄃𑄪𑄚𑄧𑄢𑄬 𑄇𑄧𑄙𑄧𑄇𑄴 𑄇𑄮𑄌𑄴 𑄛𑄳𑄆𑄬,Present
গালের চূাটা শক্ত করে তুলে বো,𑄉𑄣𑄧𑄖𑄴 𑄌𑄪𑄟𑄨 𑄇𑄨𑄢𑄴𑄝𑄳𑄠 𑄉𑄮𑄢𑄳𑄦𑄨 𑄇𑄧𑄢𑄧𑄖𑄴 𑄖𑄪𑄣𑄨 𑄣𑄳𑄆𑄮 𑄝𑄬𑄢𑄳𑄆𑄬 ।,Present
মাটিতে পে অনেক গুলো খেেছে,𑄟𑄘𑄨𑄖𑄴 𑄗𑄧𑄣𑄬 𑄝𑄨𑄃𑄨𑄢𑄳𑄆𑄬 𑄈𑄬𑄝𑄇𑄴 𑄥𑄨𑄢𑄳𑄦𑄬𑄖𑄴 𑄗𑄧𑄣𑄬 𑄃𑄪𑄉𑄪𑄚𑄬,Present
কোথা থাকব জানিনা,𑄇𑄪𑄝𑄮𑄖𑄴 𑄗𑄧𑄝𑄧𑄁 𑄇𑄳𑄆𑄮 𑄚𑄧 𑄛𑄢𑄨 𑄃𑄙𑄨𑄇𑄴 𑄟𑄬𑄠𑄳𑄠 𑄉𑄮𑄢𑄳𑄦𑄨𑄚𑄬 ।,Future
একটু একটু দৌাদৌি করলে আরও কেকটি কেরা কেরা,𑄃𑄬𑄇𑄴𑄇 𑄃𑄬𑄇𑄴𑄇 𑄘𑄧𑄣𑄧𑄉𑄴 𑄘𑄨𑄣𑄬 𑄃𑄢𑄧 𑄡𑄪𑄚𑄨 𑄇𑄬𑄢𑄴 𑄇𑄬𑄢𑄚𑄴,Present
এক বেস হে বািটা ভুি হেছে,𑄃𑄬𑄇𑄴𑄬 𑄝𑄬𑄎𑄴 𑄦𑄧𑄠𑄴 𑄊𑄧𑄢𑄚𑄴 𑄞𑄪𑄢𑄨 𑄦𑄏𑄨 𑄢𑄧𑄋𑄴𑄉𑄧𑄃𑄚𑄴 ।,Present
.কথা বলতে বলতে ক্লান্ত হলে আবার ঘুরতে হ,𑄇𑄮𑄙 𑄡𑄪𑄚𑄨 𑄇𑄳𑄆𑄮 𑄛𑄢𑄨𑄣𑄬 𑄃𑄢𑄧 𑄃𑄧𑄇𑄴𑄖𑄧 𑄦𑄧𑄣𑄬 𑄝𑄬𑄢𑄬𑄝𑄢𑄴,Present
"এখন থেকে দূরে দূরে ফোসকা পা,আক্কেল বানানো","𑄥𑄬𑄇𑄴𑄬𑄖𑄴𑄗𑄪𑄚𑄴 𑄙𑄪𑄢𑄨 𑄃𑄇𑄴𑄧𑄣𑄴 𑄘𑄳𑄠 𑄙𑄪𑄢𑄨 𑄜𑄮𑄌𑄴𑄳𑄠, 𑄃𑄇𑄴𑄧𑄣𑄴𑄳𑄠 𑄝𑄚𑄬𑄝𑄢𑄴 ।",Present
"নমস্কার দো,তার পরে আরও কত কি","𑄚𑄧𑄟𑄧 𑄘𑄬, 𑄖 𑄖 𑄘𑄬 𑄥𑄨𑄊𑄳𑄆𑄬 𑄃𑄢𑄧 𑄇𑄧𑄙𑄧𑄇𑄴 𑄇𑄨",Present
যে মেেটা মাা করে পরান ঢালিে দে,𑄡𑄬𑄟𑄬𑄖𑄴𑄬 𑄟𑄚𑄴𑄎𑄳𑄠 𑄟𑄬𑄠𑄳𑄠 𑄉𑄧𑄢𑄧𑄚𑄴 𑄛𑄧𑄢𑄚𑄴 𑄔𑄣𑄨 𑄘𑄨 ।,Present
আরও একটু ব হলে তারপর আগের অবস্থা হ,𑄃𑄢𑄧 𑄃𑄬𑄇𑄴𑄇 𑄘𑄋𑄳𑄦𑄧𑄢𑄴 𑄦𑄧𑄣𑄬 𑄥𑄬𑄇𑄴𑄬 𑄉𑄮𑄢𑄳𑄦𑄨 𑄟𑄚𑄳𑄦,Present
.যেগুলো তারা গোাচা করে সবগুলো বলে,𑄡𑄨𑄠𑄬𑄚𑄨 𑄖𑄢𑄳𑄦 𑄉𑄮𑄖𑄴𑄗𑄇𑄴 𑄌𑄚𑄴 𑄝𑄬𑄇𑄴𑄈𑄚𑄨 𑄇𑄳𑄆𑄮 𑄚𑄚 ।,Present
.পাহাের পাশ দিে ধর্মগুরুরা ঘোরাফেরা করতেছে,𑄚𑄬𑄎 𑄙𑄪𑄢𑄨 𑄇𑄨𑄃𑄮𑄋𑄧𑄖𑄴 𑄙𑄧𑄢𑄴𑄟𑄧 𑄃𑄇𑄴𑄇𑄧𑄣𑄴 𑄘𑄨𑄝𑄣𑄴𑄣𑄳𑄆,Present
.হুক্কাটা ভালোভাবে পরিষ্কার করে রাখ,𑄦𑄪𑄏𑄬 𑄝𑄪𑄏𑄬 𑄘𑄮𑄣𑄴 𑄉𑄮𑄢𑄳𑄦𑄨 𑄣𑄧𑄇𑄴𑄈𑄨 𑄉𑄮𑄢𑄳𑄦𑄨 𑄗𑄮𑄝𑄣𑄴𑄣𑄭 ।,Present
বুদ্ধ-বুদ্ধ পাপ দিব বলে সব পরিষ্কার করে,𑄝𑄪𑄘𑄴𑄙𑄧-𑄞𑄚𑄴𑄖𑄬 𑄛𑄛𑄴 𑄘𑄨𑄝𑄧 𑄇𑄳𑄆𑄮 𑄡𑄪𑄚𑄨 𑄛𑄎𑄨 𑄉𑄧𑄢𑄧𑄚𑄴,Future
.নরগার দৌাদৌি দেখে মন বেঁধে দে,𑄚𑄧𑄢𑄧𑄉𑄧𑄢𑄴 𑄓𑄧𑄢𑄴 𑄘𑄬𑄊𑄳𑄆𑄬 𑄇𑄳𑄆𑄮𑄚𑄬 𑄘𑄮𑄋𑄬 𑄗𑄳𑄆𑄮 𑄘𑄨 𑄟𑄧𑄚𑄴 ।,Present
এখন তাদের গুোগুলো রেখে দিই আমরা,𑄃𑄨𑄇𑄴𑄬𑄚𑄴 𑄉𑄮𑄢𑄳𑄦𑄨 𑄖𑄢𑄳𑄦 𑄉𑄪𑄖𑄴𑄳𑄠𑄚𑄨 𑄗𑄳𑄆𑄮 𑄘𑄨 𑄃𑄟𑄨 𑄥𑄪𑄟𑄪𑄢𑄨,Present
ভগবান আশীর্বাদ করে সে পানসে গোা করে,𑄞𑄧𑄉𑄧𑄝𑄚𑄧 𑄃𑄏𑄠𑄴 𑄛𑄮𑄢𑄬 𑄗𑄳𑄆𑄮 𑄥𑄬𑄙𑄟𑄴 𑄛𑄚𑄴𑄎 𑄉𑄮𑄢𑄳𑄦𑄨 ।,Present
খাওার ঔষুধ নেই-না খেলে খাবে,𑄈𑄬𑄝𑄢𑄴 𑄘𑄳𑄢𑄧𑄝𑄴 𑄃𑄪𑄚𑄧 𑄚𑄳𑄆𑄬-𑄚𑄧 𑄈𑄬𑄣𑄬𑄠𑄳𑄠𑄧 𑄈𑄝𑄳𑄆𑄬,Future
দোকানে নিে নিে সব পরিষ্কার করে আছে,𑄘𑄮𑄃𑄚𑄧𑄖𑄴 𑄚𑄨 𑄚𑄨 𑄝𑄳𑄆𑄬 𑄣𑄮 𑄘𑄨-𑄘𑄨𑄠𑄳𑄠𑄳𑄆𑄧 𑄃𑄏𑄚𑄨 𑄛𑄪𑄢𑄳𑄆𑄬 ।,Present
"যে চাঁদ সেটা দিে দি,যেবার তাকা সে দিে দে","𑄡𑄨𑄠𑄬𑄚𑄴 𑄌𑄘𑄧𑄚𑄴 𑄥𑄨𑄠𑄬𑄚𑄴 𑄘𑄨𑄢𑄴, 𑄡𑄬𑄝𑄢𑄴 𑄌𑄬𑄣𑄬 𑄃𑄨𑄢𑄨 𑄘𑄨𑄢𑄴",Present
কোন কিছুতেই তারা মনের ইচ্ছা পূরণ করে না,𑄇𑄧𑄚𑄧 𑄇𑄨𑄖𑄴𑄬𑄖𑄴 𑄖𑄢𑄳𑄦 𑄟𑄧𑄚𑄚𑄨 𑄃𑄪𑄚𑄧 𑄗𑄳𑄆𑄮 𑄚𑄧 𑄘𑄨𑄢𑄴 ।,Present
এখন তাদের মনের ইচ্ছা পূরণ করে দিই আমরা,𑄃𑄨𑄇𑄴𑄈𑄬𑄚𑄴 𑄉𑄮𑄢𑄳𑄦𑄨 𑄖𑄢𑄳𑄦 𑄟𑄧𑄚𑄚𑄨 𑄇𑄝𑄴 𑄝𑄢𑄳𑄦𑄳𑄆𑄬 𑄘𑄨 𑄃𑄟𑄨,Present
ব হে গেলে আর টানা যা না,𑄘𑄋𑄳𑄦𑄧𑄢𑄴 𑄦𑄳𑄆𑄮𑄚𑄬 𑄝𑄬𑄎𑄴 𑄦𑄧𑄣𑄬𑄉𑄳𑄆𑄮 𑄚𑄧 𑄛𑄢𑄨 𑄃𑄢𑄴 𑄑𑄚𑄨 ।,Present
যখনি বািে ঢুকতে না পারলে চুরি করে,𑄡𑄬𑄇𑄴𑄬 𑄊𑄧𑄢𑄧𑄖𑄴 𑄞𑄬𑄎𑄣𑄴 𑄉𑄮𑄢𑄳𑄦𑄨𑄝𑄇𑄴 𑄚𑄧 𑄛𑄬𑄣𑄬 𑄉𑄮𑄢𑄳𑄦𑄨𑄝𑄇𑄴 𑄌𑄪𑄢𑄴,Present
চাটা বাঁশটা দিে ঘুরে বো,𑄌𑄝 𑄣𑄳𑄦𑄳𑄆 𑄣𑄳𑄦𑄳𑄆 𑄦𑄳𑄆𑄮 𑄝𑄬𑄢𑄬𑄝𑄇𑄴 𑄝𑄎𑄬𑄝𑄇𑄴 𑄚𑄚𑄚𑄴 𑄈𑄪𑄢𑄴,Present
.এই মুহুর্তে সে মা-বাবাকে মনে পে না,𑄃𑄬 𑄥𑄬𑄇𑄴𑄬 𑄖𑄬 𑄟-𑄝𑄛𑄴𑄪𑄚𑄬 𑄟𑄧𑄚𑄧𑄖𑄴 𑄚𑄧 𑄛𑄳𑄆𑄬 𑄥𑄚𑄴𑄖𑄨,Present
বুোটা খুলে ফেলে অনেক বািতে চলে গেল,𑄝𑄪𑄉𑄧 𑄙𑄨𑄝𑄬 𑄈𑄪𑄣𑄨 𑄜𑄬𑄣𑄳𑄆𑄬 𑄚𑄚𑄚𑄴 𑄝𑄝𑄧𑄖𑄴𑄳𑄠 𑄉𑄬𑄣𑄴 𑄘𑄨 ।,Past
লাঠি দিে কিছুক্ষণ পর ভগবানকে কি হেছে,𑄓𑄉𑄨 𑄇𑄳𑄆𑄮 𑄥𑄬𑄇𑄴𑄬 𑄞𑄧𑄉𑄧𑄝𑄚𑄧𑄢𑄬 𑄞𑄧𑄉𑄧𑄝𑄚𑄴 𑄃𑄨𑄠𑄬𑄚𑄴 𑄇𑄨 𑄦𑄧𑄣𑄧,Present
কোন পাপ কাজ করার আগে তো কিছু নাই,𑄇𑄧𑄚𑄴 𑄛𑄛𑄧 𑄜𑄧𑄣𑄴 𑄞𑄪𑄉𑄧𑄋𑄧𑄢𑄴 𑄃𑄉𑄬 𑄘𑄧 𑄇𑄨𑄇𑄴𑄬𑄚𑄴 𑄚𑄧 𑄃𑄬𑄣𑄧 ।,Present
বড় সমে তাদের দাঁতগুলো আর বোর গোা দিই আমরা,𑄉𑄪𑄢𑄧 𑄃𑄧𑄇𑄴𑄗𑄧𑄖𑄴 𑄖𑄢𑄳𑄦 𑄙𑄬𑄋𑄚𑄨 𑄃𑄢𑄧 𑄝𑄢𑄴 𑄉𑄮𑄢𑄳𑄦𑄨 𑄘𑄨 𑄃𑄟𑄨,Present
তারা পাহাে পাহাে কথা বলে,𑄖𑄢𑄳𑄦 𑄟𑄎𑄪𑄋𑄧𑄖𑄴 𑄇𑄳𑄆𑄮 𑄟𑄚𑄴𑄎𑄳𑄠𑄧𑄢𑄬 𑄥𑄬𑄘𑄬𑄭 𑄇𑄮𑄙𑄚𑄨 −,Present
এখন তারা ও পাা পা এবং মনে মনে চিন্তা করে,𑄥𑄬𑄇𑄴𑄬 𑄖𑄢𑄳𑄦 𑄃𑄮𑄠 𑄛𑄳𑄆𑄬 𑄃𑄢𑄧 𑄟𑄧𑄚𑄬 𑄟𑄧𑄚𑄬 𑄞𑄝𑄧𑄚𑄴,Present
. ছোট হওা মামার সাথে আর বো করে,𑄉𑄪𑄏𑄨 𑄦𑄧𑄚𑄴𑄬 𑄃𑄬𑄕 𑄟𑄟𑄳𑄦 𑄘𑄊𑄨 𑄥𑄬𑄚𑄬 𑄃𑄢𑄧 𑄝𑄬𑄎𑄴 𑄉𑄧𑄢𑄧𑄚𑄴 ।,Present
এখন তাদের দিলগুলো ব হেছে,𑄃𑄨𑄇𑄴𑄬𑄚𑄴 𑄉𑄮𑄢𑄳𑄦𑄨 𑄎𑄬𑄢𑄬 𑄘𑄨 𑄖𑄢𑄳𑄦𑄢𑄴 𑄘𑄨𑄣𑄚𑄨 𑄘𑄋𑄳𑄦𑄧𑄢𑄴 𑄦𑄳𑄆𑄮,Present
মার খেলে বন্ধ হে যা না,𑄟𑄬𑄢𑄴 𑄈𑄬𑄣𑄬𑄠𑄳𑄠𑄧 𑄚𑄧 𑄓𑄮𑄢𑄚𑄴 𑄡𑄚𑄴𑄳𑄆𑄮 𑄃𑄢𑄧 𑄝𑄬𑄎𑄴 𑄦𑄳𑄆𑄮 ।,Present
সব কুমাগুলো কাউকে দেখতে হ না,𑄃𑄧𑄇𑄟𑄴 𑄇𑄪𑄇𑄟𑄴 𑄝𑄬𑄇𑄴𑄇𑄚𑄨 𑄉𑄧𑄢𑄳𑄦𑄧𑄚𑄴 𑄇𑄢𑄧𑄢𑄳𑄦𑄬 𑄌𑄮𑄊𑄮𑄖𑄴 𑄚𑄧 𑄢𑄨𑄚𑄨,Present
.এই মুহুর্তে সে মা-বাবা মারা গেছে।,𑄃𑄬 𑄥𑄬𑄇𑄴𑄬 𑄖𑄬 𑄟-𑄝𑄛𑄴𑄪𑄚𑄬 𑄟𑄧𑄢𑄧𑄚𑄧 𑄘𑄮𑄎𑄖𑄴 𑄛𑄪𑄢𑄨 ।,Present
স্কুলে যাওার আগে তাদেরকে আমরা সেখান থেকে বের করি,𑄃𑄨𑄥𑄴𑄇𑄪𑄣𑄧𑄖𑄴 𑄡𑄚𑄴𑄬 𑄥𑄨𑄖𑄴𑄗𑄪𑄚𑄴𑄴 𑄙𑄪𑄢𑄨 𑄖𑄢𑄳𑄦𑄢𑄬 𑄃𑄟𑄨 𑄥𑄨𑄊𑄳𑄆𑄬,Present
ঘুষ খেে যারা বিল দিে তুলছে তাদের বািগুলো দেখে,𑄊𑄪𑄥𑄴 𑄈𑄳𑄆𑄬𑄚𑄬 𑄡𑄨𑄃𑄪𑄚𑄴 𑄝𑄨𑄣𑄴𑄘𑄨𑄋𑄴 𑄖𑄪𑄣𑄴𑄧𑄚𑄴 𑄖𑄢𑄳𑄦 𑄊𑄧𑄢𑄚𑄨 𑄘𑄬𑄊𑄳𑄆𑄬,Present
". বলে, ভালো করে লিখো সেটা তুমিও ছোট","𑄇𑄳𑄆𑄮, 𑄉𑄧𑄟𑄬 𑄘𑄣𑄬 𑄣𑄬𑄊 𑄥𑄨𑄊𑄧 𑄖𑄪𑄟𑄨𑄃𑄮 𑄌𑄉𑄪𑄢𑄨 𑄉𑄮𑄢𑄳𑄦𑄨",Present
.তার থেকে সুন্দর সুন্দর বাি মনে হ,𑄥𑄨𑄖𑄴𑄗𑄪𑄚𑄴 𑄝𑄬𑄎𑄴 𑄘𑄮𑄣𑄴𑄘𑄮𑄣𑄴 𑄊𑄧𑄢𑄴 𑄛𑄢𑄧 𑄛𑄢𑄳𑄦 𑄖𑄪𑄣𑄨 ।,Present
"চামা করলে টাকা দিতে হ, আর বাবু হওা যা","𑄌𑄉𑄪𑄢𑄨 𑄉𑄧𑄣𑄴𑄬 𑄑𑄬𑄋 𑄛𑄳𑄆 𑄇𑄳𑄆𑄮, 𑄃𑄢𑄧 𑄝𑄝𑄪 𑄦𑄧𑄚𑄴",Present
অব্যে তাদেরকে এক টাকা এক টাকা দিে দিে,𑄃𑄧𑄝𑄨𑄎𑄧𑄖𑄴 𑄖𑄢𑄳𑄦𑄢𑄬 𑄟𑄚𑄴𑄎𑄳𑄠 𑄃𑄬𑄇𑄴 𑄖𑄣𑄴 𑄃𑄬𑄇𑄴 𑄖𑄣𑄴 𑄑𑄬𑄋 𑄘𑄳𑄠𑄧𑄚𑄴 ।,Present
. যারা ভালো করে কাজ করে না তারা কাজ করে,𑄡𑄨𑄃𑄪𑄚𑄬 𑄘𑄮𑄣𑄬 𑄣𑄬𑄊 𑄚𑄧 𑄥𑄨𑄊𑄧𑄚𑄴 𑄖𑄢𑄳𑄦 𑄇𑄟𑄴 𑄉𑄮𑄢𑄳𑄦𑄨 𑄛𑄚𑄴,Present
.তার বািগুলো ভাঙা-ভাঙা হে থাকে,𑄥𑄨𑄃𑄪𑄚𑄧 𑄊𑄧𑄢𑄚𑄨 𑄞𑄋-𑄎𑄋 𑄚𑄙 𑄦𑄳𑄆𑄮𑄚𑄬 𑄗𑄚𑄴 ।,Present
সেখান থেকে সুন্দর মনগুলো তাদেরকে বিে করে,𑄥𑄨𑄖𑄴𑄪𑄚𑄴 𑄙𑄪𑄢𑄨 𑄘𑄮𑄣𑄴 𑄟𑄧𑄚𑄚𑄨 𑄖𑄢𑄳𑄦𑄢𑄬 𑄘𑄨 𑄞𑄋𑄨,Present
তারা মনে করছে আমরা প্রেতটা দিে আসি,𑄖𑄢𑄳𑄦 𑄟𑄧𑄚𑄚𑄨𑄖𑄴 𑄃𑄪𑄚𑄴𑄎𑄪𑄢𑄴 𑄃𑄟𑄨 𑄛𑄳𑄢𑄬𑄖𑄴𑄳𑄠𑄃𑄚𑄴 𑄘𑄨 𑄃𑄚𑄨 ।,Present
ব হলে সেগুলো আর ভালো হ না,𑄘𑄋𑄳𑄦𑄧𑄢𑄴 𑄦𑄧𑄣𑄬 𑄥𑄨𑄃𑄪𑄚𑄬 𑄃𑄢𑄴 𑄛𑄧𑄢𑄴 𑄞𑄣𑄬𑄘𑄨 𑄚𑄧 𑄦𑄧𑄚𑄴,Present
তাদের বাপ-মাও চিনে না,𑄚𑄨𑄎𑄧 𑄟𑄪𑄎𑄧𑄋𑄚𑄴 𑄝𑄘𑄬 𑄖𑄢𑄳𑄦 𑄝𑄛𑄴-𑄟𑄃𑄪𑄚𑄮 𑄚𑄧 𑄌𑄨𑄚𑄧𑄚𑄴 ।,Present
.সে কিছুক্ষণ পর চিৎকার করে দৌাদৌি করে,𑄥𑄬𑄇𑄴𑄬 𑄖𑄬 𑄙𑄪𑄚𑄴𑄘𑄪𑄇𑄴 𑄈𑄳𑄆𑄬 𑄘𑄪𑄊𑄧𑄢𑄴 𑄇𑄮𑄙 𑄇𑄳𑄆𑄮,Present
"এত দুঃখ, লক্ষ লক্ষ টাকা পানিতে গেল","𑄦𑄬𑄙𑄧𑄇𑄴 𑄘𑄪𑄊𑄴, 𑄣𑄈𑄴 𑄣𑄈𑄴 𑄑𑄬𑄋 𑄝𑄬𑄇𑄴𑄈𑄚𑄨 𑄉𑄬𑄣𑄧 𑄛𑄚𑄨 𑄦𑄳𑄆𑄮 ।",Past
"স্কুলে যাওা, ঘুরে বো বা বাজারে যাওা","𑄃𑄨𑄥𑄴𑄇𑄪𑄣𑄧𑄖𑄴 𑄡𑄳𑄆𑄬𑄚𑄬, 𑄝𑄬𑄢𑄘𑄬 𑄝 𑄝𑄎𑄢𑄴 𑄝 𑄊𑄘𑄧𑄖𑄴 𑄡𑄳𑄆𑄬𑄚𑄬",Present
খাওার সম মিশিে আমাদের ছেলে-মেয়েরা,𑄈𑄝𑄚𑄴 𑄡𑄪𑄚𑄨 𑄥𑄧𑄟𑄎𑄴𑄳𑄠𑄢𑄬 𑄃𑄟 𑄛𑄮-𑄏𑄨𑄃𑄪𑄚𑄴,Present
বািতে গেলে পর ভালো করে পে যা,𑄊𑄧𑄢𑄧𑄖𑄴 𑄉𑄬𑄣𑄬 𑄉𑄬𑄣𑄴𑄘𑄨 𑄇𑄳𑄆𑄮 𑄛𑄧𑄢𑄴 𑄞𑄣𑄬𑄖𑄴𑄳𑄠𑄃𑄪𑄚𑄴 ।,Present
বাা পাের মানুষরা খাওার পর আর খেতে পারেনা,𑄝𑄚𑄳𑄦 𑄛𑄢𑄧 𑄟𑄚𑄴𑄎𑄳𑄠𑄢𑄬 𑄈𑄝𑄳𑄆𑄬 𑄈𑄳𑄆𑄬 𑄚𑄧 𑄛𑄢𑄧 𑄛𑄧𑄚𑄧𑄖𑄴𑄗𑄪𑄚𑄴,Present
এত কেন হেছে নিজের থেকে,𑄃𑄬𑄙𑄧𑄇𑄴 𑄇𑄬𑄚𑄬 𑄦𑄧𑄣 𑄞𑄪𑄣𑄴 𑄈𑄝𑄧 𑄝𑄚𑄳𑄦 𑄚𑄨𑄎𑄮𑄖𑄴𑄗𑄪𑄚𑄴 ।,Present
এখন ছোট সেজন্য আমরা অন্যের কানা চা,𑄃𑄨𑄇𑄴𑄬𑄚𑄴 𑄉𑄮𑄢𑄳𑄦𑄨 𑄥𑄨𑄊𑄳𑄆𑄬 𑄃𑄟𑄨 𑄛𑄧𑄢𑄧 𑄇𑄚𑄖𑄴 𑄌𑄧𑄢𑄚,Present
নিজের গিরাটা না খুলে উিে রাখা,𑄚𑄨𑄎𑄧 𑄉𑄨𑄢𑄬𑄝𑄳𑄠𑄧 𑄚𑄧 𑄈𑄪𑄣𑄨 𑄃𑄪𑄚𑄴𑄎𑄪𑄢𑄴 𑄥𑄪𑄟𑄪𑄢𑄨 𑄗𑄮𑄚 ।,Present
"এত ব কুলি, প্রেত ব কুলি","𑄃𑄬 𑄃𑄨𑄇𑄴𑄬𑄚𑄴 𑄉𑄮𑄢𑄳𑄦𑄨 𑄇𑄪𑄣𑄨, 𑄛𑄳𑄢𑄬𑄖𑄴𑄳𑄠 𑄝𑄚𑄳𑄆𑄬 𑄛𑄮-𑄏𑄨𑄃𑄪𑄚𑄴",Present
মানুষদের পছন্দ করা মনগুলো আমরা করি তাদের থেকে,𑄟𑄚𑄪𑄌𑄴 𑄇𑄮𑄌𑄴𑄛𑄚 𑄟𑄧𑄚𑄚𑄨 𑄃𑄟𑄨 𑄇𑄢𑄨 𑄣𑄳𑄆𑄮 𑄖𑄢𑄳𑄦𑄖𑄴𑄪𑄚𑄴 ।,Present
ব হলে সে আবার কুলি- প্রেত হেছে,𑄘𑄋𑄳𑄦𑄧𑄢𑄴 𑄦𑄧𑄣𑄬 𑄥𑄨𑄃𑄪𑄚𑄬 𑄥𑄬𑄚𑄬 𑄇𑄪𑄣𑄨-𑄛𑄳𑄢𑄬𑄖𑄴𑄳𑄠 𑄦𑄧𑄚𑄴,Present
ব্যভিচার করে নিজের ভুিটা শক্ত করে রাখে,𑄛𑄧𑄢𑄴 𑄟𑄢𑄨𑄚𑄬 𑄚𑄨𑄎𑄧 𑄞𑄪𑄘𑄨𑄝𑄮 𑄘𑄧𑄢𑄳𑄦𑄧 𑄉𑄮𑄢𑄳𑄦𑄨 𑄗𑄧𑄚𑄴 ।,Present
কুটিকুটি মাটি দিে আমরা সন্তান জন্ম দিচ্ছি,𑄇𑄪𑄖𑄴𑄪𑄢𑄨 𑄟𑄘𑄨 𑄟𑄚𑄴𑄎𑄳𑄠𑄧𑄢𑄬 𑄃𑄟𑄨 𑄛𑄮-𑄏𑄨𑄃𑄪𑄚𑄧𑄢𑄴 𑄟𑄪𑄎𑄪𑄋𑄧𑄖𑄴,Present
ভালোভাবে মন দিে তারা কাজ করতেছে,𑄥𑄪𑄘𑄴𑄙𑄧 𑄥𑄧𑄁𑄉𑄧 𑄟𑄧𑄚𑄚𑄨 𑄖𑄢𑄳𑄦𑄢𑄴 𑄓𑄪𑄝𑄬 𑄚𑄬𑄎𑄳𑄆𑄬 𑄇𑄎𑄧𑄢𑄧𑄖𑄴 ।,Present
মানা করে সেগুলো এখানে আর খেে নাও,𑄟𑄚𑄳𑄦 𑄉𑄮𑄢𑄳𑄦𑄨 𑄥𑄨𑄃𑄪𑄚𑄧 𑄃𑄨𑄙𑄪 𑄚𑄧 𑄡𑄬𑄝𑄢𑄴 𑄃𑄢𑄴 𑄚𑄧 𑄈𑄬𑄝𑄢𑄴,Present
আমাদের সাথে তাদেরকে ভালো করে বাঁধে,𑄃𑄟 𑄣𑄧𑄉𑄬 𑄖𑄢𑄳𑄦𑄢𑄬𑄠𑄳𑄠𑄧 𑄘𑄮𑄣𑄬 𑄝𑄚𑄳𑄆𑄬 𑄥𑄧𑄟𑄢𑄴 ।,Present
ব হলে সেগুলো এখন পর কুটকুট করে,𑄘𑄋𑄳𑄦𑄧𑄢𑄴 𑄦𑄧𑄣𑄬 𑄥𑄨𑄃𑄪𑄚𑄬 𑄃𑄨𑄇𑄴𑄬 𑄛𑄧𑄢𑄧 𑄇𑄪𑄖𑄴𑄪𑄢𑄨 𑄟𑄘𑄧𑄚𑄴,Present
ভে ভে তারা কোনো মজা করে না,𑄞𑄚𑄴𑄎𑄬 𑄝𑄘𑄬 𑄉𑄧𑄟𑄚𑄨 𑄖𑄢𑄳𑄦 𑄇𑄧𑄚𑄧 𑄟𑄚𑄴𑄎𑄳𑄠𑄧𑄢𑄴 𑄚𑄧 𑄘𑄬𑄊𑄧𑄚𑄴 ।,Present
ব আনলে কিছুক্ষণ পর আমরা রোদ- রোদ পোহা,𑄝𑄮 𑄃𑄚𑄨𑄣𑄬 𑄥𑄬𑄇𑄴𑄬 𑄃𑄟𑄨 𑄥𑄮𑄢𑄴-𑄥𑄮𑄢𑄨 𑄈𑄮𑄣𑄳𑄆𑄬,Present
বচেে সবসম মানুষ তরকারিতে থাকে,𑄘𑄋𑄳𑄦𑄧𑄢𑄴 𑄌𑄬𑄘𑄳𑄆𑄬 𑄥𑄧𑄛𑄴𑄛𑄚𑄧𑄖𑄴 𑄟𑄚𑄴 𑄖𑄮𑄉𑄚𑄖𑄴 𑄗𑄳𑄆𑄬 ।,Present
তার থেকে না খেে আমরা কাজ করি,𑄃𑄬𑄖𑄴𑄬 𑄚𑄧 𑄃𑄬𑄖𑄴𑄬 𑄖𑄖𑄴𑄗𑄪𑄚𑄴 𑄝𑄚𑄳𑄦 𑄈𑄬𑄘𑄧𑄁 𑄌𑄳𑄆𑄬 𑄃𑄟𑄨 𑄇𑄟𑄚𑄳𑄦𑄨,Present
নিজের মতো করে সব গুছাও,𑄚𑄨𑄎𑄧 𑄙𑄧𑄉𑄬 𑄥𑄧𑄛𑄴𑄛𑄚𑄧𑄖𑄴 𑄉𑄧𑄖𑄴𑄗𑄧𑄋𑄴 𑄌𑄳𑄆𑄬 𑄝𑄬𑄇𑄴𑄈𑄚𑄨 ।,Present
একটু ধাক্কা খাওার জন্য হাত দিে হোঁচট খাই,𑄃𑄬𑄇𑄴𑄇 𑄡𑄪𑄚𑄨 𑄗𑄬𑄝𑄧𑄢𑄧𑄇𑄴 𑄈𑄠𑄴 𑄦𑄙𑄦𑄖𑄴𑄗𑄳𑄠 𑄙𑄪𑄢𑄨,Present
কোনখানে থেকে কিছুক্ষণ পর পর বাাবাি করে,𑄇𑄮𑄚𑄳𑄦𑄖𑄴 𑄗𑄳𑄆𑄬 𑄥𑄬𑄇𑄴𑄬 𑄝𑄚𑄳𑄦 𑄚𑄚𑄚𑄴 𑄝𑄝𑄧𑄖𑄴𑄳𑄠 𑄉𑄮𑄢𑄳𑄦𑄨 ।,Present
আমাদের সব জিনিসপত্র টেবিলে রেখে দিে,𑄃𑄟 𑄙𑄧𑄉𑄬 𑄝𑄬𑄇𑄴𑄈𑄚𑄨 𑄘𑄢𑄴 𑄌𑄝𑄧𑄖𑄴 𑄗𑄳𑄆𑄮𑄚𑄬,Present
থং করে মাথা রোদ পোহা,𑄗𑄧𑄘𑄧𑄁 𑄌𑄳𑄆𑄬 𑄥𑄨𑄢𑄳𑄦𑄬 𑄣𑄮𑄋𑄳𑄆𑄬 𑄥𑄮𑄢𑄴-𑄥𑄮𑄢𑄨 𑄓𑄮𑄢𑄳𑄆𑄬𑄚𑄬 ।,Present
দুই এক গেে তারা আমাকে পছন্দ করে,𑄘𑄨-𑄃𑄬𑄇𑄴 𑄉𑄬𑄘 𑄡𑄪𑄚𑄨 𑄖𑄢𑄳𑄦 𑄃𑄟𑄢𑄳𑄦𑄬 𑄙𑄧𑄢𑄧𑄚𑄴 𑄥𑄮𑄣𑄴,Present
.ঘর-সিে সব গুছিে আসতেছে,𑄉𑄪𑄒𑄴𑄳𑄠-𑄥𑄨𑄢𑄳𑄦𑄬 𑄝𑄬𑄇𑄴 𑄎𑄃𑄮𑄣𑄪𑄇𑄴 𑄝𑄪𑄘𑄨 𑄝𑄌𑄳𑄆𑄬 𑄃𑄬𑄞𑄬𑄣𑄴 𑄎𑄮𑄣𑄴 ।,Present
বই সাথে সাথে পে যা,𑄝𑄮𑄃𑄪𑄚𑄧 𑄣𑄧𑄉𑄬 𑄛𑄮𑄃𑄪𑄚𑄧𑄢𑄬𑄠𑄳𑄠𑄧 𑄎𑄝𑄎𑄨 𑄦𑄳𑄆𑄮𑄚𑄬,Present
হিল না হে কুতুরি মাটি দিে বািতে যা,𑄦𑄨𑄣𑄴 𑄚𑄧 𑄦𑄳𑄆𑄮𑄚𑄬 𑄇𑄪𑄖𑄴𑄪𑄢𑄨 𑄟𑄘𑄨 𑄟𑄚𑄴𑄎𑄳𑄠𑄧 𑄊𑄧𑄢𑄧𑄖𑄴 𑄡𑄳𑄆𑄬𑄚𑄬 ।,Present
এখন আসা পারা রাগে বাি থেকে চলে যা,𑄃𑄨𑄇𑄴𑄬 𑄃𑄬𑄞𑄬𑄣𑄴 𑄛𑄮𑄃𑄪𑄚𑄬 𑄢𑄉𑄬 𑄊𑄧𑄢𑄧𑄖𑄴𑄪𑄚𑄴 𑄦𑄳𑄆𑄮 𑄡𑄚𑄴 𑄎𑄪𑄘𑄧,Present
বুো না থাকার দুঃখ এখন থাকতে হবে,𑄝𑄪𑄉𑄧𑄖𑄴 𑄚𑄧 𑄃𑄖𑄴𑄳𑄠 𑄘𑄪𑄇𑄴𑄴𑄳𑄆𑄮 𑄃𑄨𑄇𑄴𑄬 𑄗𑄳𑄆𑄬 𑄃𑄬𑄞𑄬𑄣𑄴 𑄦𑄳𑄆𑄮𑄚𑄬 𑄌𑄪𑄙𑄧 ।,Future
আজকে সবাই ছাাচাা করতেছে কেন?,𑄃𑄨𑄇𑄴𑄬 𑄝𑄬𑄇𑄴𑄪𑄚𑄬 𑄍𑄉𑄨 𑄌𑄳𑄆𑄬 𑄘𑄪𑄌𑄴𑄌𑄚𑄨 𑄃𑄨𑄇𑄴𑄬 𑄇𑄢𑄴 ?,Present
দুধগুলো কী সুন্দর না আমার,𑄘𑄪𑄌𑄴𑄌𑄚𑄨 𑄇𑄨 𑄛𑄮-𑄏𑄨𑄃𑄮𑄚𑄧𑄢𑄴 𑄚 𑄝𑄬𑄇𑄴𑄈𑄚𑄨 𑄃𑄟𑄢𑄴 !,Present
উপরে এক রাজা এক রাত,𑄃𑄪𑄉𑄪𑄙𑄧 𑄃𑄬𑄇𑄴𑄢𑄎 𑄃𑄬𑄣𑄧 𑄃𑄬𑄇𑄴 𑄢𑄬𑄎𑄴𑄳𑄠𑄧𑄖𑄴,Present
"কাজে, কথা, কথা, তো সে সব গুঁো করেছে","𑄇𑄟𑄬, 𑄇𑄮𑄙𑄠𑄴, 𑄙𑄧𑄉𑄬 𑄖𑄬 𑄝𑄬𑄇𑄴𑄇𑄚𑄧𑄘𑄨 𑄖𑄎𑄴𑄮𑄇𑄴 ।",Present
হাত দিে ভাত খাওা,𑄦𑄙𑄧𑄛𑄨𑄖𑄴𑄳𑄆𑄮 𑄖𑄪𑄣𑄬 𑄞𑄖𑄴 𑄉𑄨𑄣𑄬 𑄚𑄉𑄧𑄙𑄨,Present
চোখ বন্ধ করে কথা বলতে বলতে কান্না করে,𑄌𑄮𑄇𑄴 𑄈𑄘𑄨𑄚𑄬 𑄥𑄪𑄚𑄬 𑄇𑄮𑄙 𑄚𑄨𑄎𑄬𑄥𑄴 𑄑𑄚𑄬 𑄇𑄚𑄧𑄙𑄨 ।,Present
মুখ বন্ধ করে চোখ বন্ধ করে কথা বলে,𑄟𑄪𑄃𑄮𑄚𑄴 𑄗𑄧𑄠𑄴 𑄌𑄪𑄝𑄬𑄌𑄝𑄬 𑄌𑄮𑄇𑄴𑄳𑄆𑄮 𑄇𑄮𑄙 𑄇𑄧𑄠𑄴,Present
কোন কিছু না পেলে হা করে থাকে,𑄇𑄧𑄚𑄧 𑄎𑄨𑄚𑄨𑄥𑄴 𑄢𑄨𑄚𑄨 𑄌𑄬𑄣𑄬 𑄦 𑄉𑄮𑄢𑄳𑄦𑄨𑄚𑄬 𑄢𑄧𑄠𑄴 ।,Present
দুই হাত দিে সে রংধনুর পাখানা করে,𑄘𑄨𑄠𑄬𑄚𑄴 𑄦𑄖𑄴𑄳𑄆𑄮 𑄦𑄙𑄬 𑄖𑄬 𑄘𑄬𑄝 𑄟𑄮𑄇𑄴𑄳𑄠 𑄒𑄬𑄋𑄚𑄨,Present
রোগাক্রান্ত হলে শুে থাকা ভালো হলে তার কোঁকানো,𑄛𑄨𑄢𑄬 𑄛𑄧𑄣𑄴𑄬 𑄎𑄪𑄢𑄮 𑄗𑄠𑄴 𑄉𑄧𑄟𑄴 𑄦𑄧𑄣𑄬 𑄖𑄢𑄴 𑄇𑄮𑄋𑄚𑄨,Present
ঘুরতে ঘুরতে রাজা মাটিতে পে,𑄊𑄮𑄢 𑄝𑄪𑄉𑄧𑄖𑄴 𑄌𑄧𑄢𑄳𑄦𑄬 𑄢𑄎 𑄛𑄨𑄖𑄴𑄒𑄚𑄴 𑄟𑄘𑄨𑄖𑄴 𑄛𑄮𑄢𑄬𑄭,Present
দৌে দিে দেশ-বিালের পাছা লাফ দিবো,𑄙𑄝 𑄘𑄨𑄘𑄧 𑄘𑄬𑄌𑄴-𑄝𑄨𑄘𑄬𑄎𑄧𑄖𑄴 𑄛𑄪𑄚𑄧𑄖𑄴 𑄣𑄊𑄟𑄴 𑄎𑄮𑄢𑄬𑄭 ।,Future
হাতের কাছে একটা ছুরি আছে,𑄦𑄘𑄧𑄖𑄴 𑄗𑄬𑄘𑄧 𑄃𑄬𑄇𑄴𑄈𑄚𑄴 𑄍𑄪𑄢𑄨 𑄟𑄙𑄖𑄴 𑄎𑄮𑄢𑄬𑄭 𑄘𑄘𑄴,Present
পন খেে তাকে যে তুলে,𑄛𑄧𑄢𑄚𑄴 𑄈𑄬𑄭 𑄘𑄬 𑄥𑄨𑄝𑄬𑄢𑄬 𑄡𑄨𑄝𑄬 𑄖𑄪𑄣𑄬 𑄟𑄘𑄴 ।,Present
দুই মাইল লম্বা নাাচািে তার কান্না,𑄘𑄨𑄦𑄙𑄴 𑄣𑄟𑄴𑄝 𑄚𑄇𑄴𑄧𑄖𑄢𑄴 𑄥𑄪𑄢𑄪𑄋𑄧𑄖𑄴 𑄖𑄢𑄴 𑄇𑄚𑄚𑄨,Present
পাহাটা তার দুই পাশে চে,𑄦𑄖𑄴𑄖𑄚𑄨 𑄖𑄢𑄴 𑄘𑄨 𑄃𑄨𑄋𑄴𑄌𑄨 𑄥𑄢𑄳𑄦𑄬 𑄍𑄧 𑄦𑄙𑄴 𑄒𑄬𑄋𑄚𑄨 ।,Present
পেট হলো তার মুখে,𑄛𑄬𑄖𑄴𑄳𑄠𑄧 𑄦𑄧𑄣𑄧 𑄛𑄨𑄙𑄨𑄖𑄴 𑄖𑄢𑄴 𑄟𑄪𑄃𑄚𑄴 𑄖𑄢𑄴 𑄉𑄣𑄧𑄖𑄴,Present
তার চুলগুলো লম্বা হেছে তার মুখে,"𑄖𑄣𑄴𑄳𑄠𑄧𑄖𑄴 𑄦𑄧𑄣𑄧 𑄌𑄮𑄇𑄴𑄪𑄚𑄴 𑄖𑄢𑄴 𑄌𑄪𑄣𑄚𑄨 𑄖𑄢𑄴 𑄇𑄧𑄝𑄣𑄧𑄖𑄴,",Present
.আকাশে দেখে সে চেহারাটা আমার খুব সুন্দর,𑄃𑄚𑄖𑄴 𑄌𑄬𑄭 𑄞𑄝𑄬 𑄖𑄬 𑄙𑄧𑄇𑄴𑄈𑄚𑄴 𑄟𑄧𑄢𑄴 𑄞𑄢𑄨 𑄘𑄮𑄣𑄴,Present
পাহাে কাজ করতে করতে পিঠটা বাঁকা হ,𑄚𑄋𑄬 𑄇𑄟𑄬 𑄥𑄬𑄚𑄬 𑄦𑄧𑄠𑄴 𑄛𑄨𑄖𑄴𑄨𑄟𑄨𑄃𑄚𑄴 𑄃𑄮𑄣𑄴 ।,Present
লাঠি দিে এক বেতার,𑄣𑄪𑄘𑄨 𑄝𑄌𑄴 𑄍𑄧𑄢𑄳𑄦𑄖𑄴 𑄃𑄬𑄇𑄴 𑄝𑄬𑄖𑄢𑄴,Present
শুনে তোমাকে ভালো লাগে তার,𑄥𑄪𑄚𑄋𑄴 𑄖𑄧𑄢𑄳𑄦𑄬 𑄉𑄧𑄛𑄴 𑄖𑄢𑄴,Present
মানুষ পেলে মারে প্রবাদ,𑄟𑄚𑄪𑄌𑄴 𑄛𑄬𑄣𑄬 𑄟𑄢𑄬 𑄉𑄧𑄛𑄴,Present
রাত দিন নেই তার,𑄢𑄬𑄖𑄴 𑄘𑄨𑄚𑄴 𑄚𑄳𑄆𑄬 𑄖𑄢𑄴 ।,Present
মানুষ গেলে তার বািতে,𑄟𑄚𑄪𑄌𑄴 𑄉𑄬𑄣𑄬 𑄖 𑄊𑄧𑄢𑄧𑄖𑄴,Present
চোখের পলক দো,𑄌𑄮𑄇𑄴 𑄥𑄟𑄚𑄴 𑄘𑄬 𑄇𑄧𑄝𑄣𑄧𑄖𑄴,Present
কথা বলতে বলতে পথঘাট,𑄇𑄮𑄙 𑄇𑄧𑄠𑄴 𑄛𑄧𑄖𑄴𑄧𑄟𑄧𑄖𑄴 ।,Present
তার পরে নিে টানি,𑄖 𑄎𑄬𑄢𑄬 𑄚𑄬𑄡𑄠𑄴 𑄑𑄚𑄨,Present
"চিনে,জাপান,থাইতান","𑄌𑄨𑄚𑄴, 𑄎𑄛𑄚𑄴, 𑄗𑄭𑄣𑄳𑄠𑄚𑄴𑄘𑄴",Present
"পাকিস্তান,ইন্দা","𑄛𑄇𑄨𑄥𑄴𑄖𑄚𑄴, 𑄃𑄨𑄚𑄴𑄘𑄨𑄠",Present
"আমেরিকা, ইংলা","𑄃𑄟𑄬𑄢𑄨𑄇, 𑄃𑄨𑄋𑄴𑄣𑄳𑄠𑄚𑄴𑄘𑄴 ।",Present
ধুধুক করে চোখ বন্ধ করো,𑄙𑄪𑄚𑄴 𑄘𑄪𑄉𑄬 𑄌𑄮𑄎𑄴𑄎𑄠𑄴 𑄃𑄢𑄧,Present
ইতালির মার্কোনি,𑄃𑄨𑄑𑄣𑄨𑄢𑄴 𑄟𑄢𑄴𑄇𑄮𑄚𑄨,Present
কি একটা রেডিও,𑄇𑄨 𑄃𑄬𑄇𑄴𑄈𑄚𑄴 𑄢𑄬𑄓𑄨𑄃𑄮,Present
ফানুস টানি টানি,𑄝𑄚𑄬𑄣𑄧 𑄑𑄚𑄨 𑄖𑄪𑄚𑄨 −,Present
আমাকে ফেলে চলে গেল,𑄜𑄬𑄣𑄬𑄣𑄧 𑄎𑄃𑄮𑄣𑄪𑄉𑄧𑄖𑄴 𑄟𑄧𑄢𑄳𑄦𑄬,Past
কি গুো করবো আমি,𑄇𑄨 𑄉𑄮𑄢𑄳𑄦𑄨𑄟𑄴 𑄟𑄪𑄭 𑄃𑄢𑄴,Future
পাহাের শিরা,𑄟𑄪𑄭 𑄡𑄪𑄚𑄨 𑄝𑄚𑄋𑄴 𑄢𑄬𑄓𑄨𑄃𑄮,Present
তার নাম হে যা,𑄚𑄋𑄚𑄴 𑄦𑄳𑄆𑄮 𑄡𑄠𑄴 𑄖𑄢𑄴 ।,Present
রেডিও শুনে না,𑄢𑄬𑄓𑄨𑄃𑄮 𑄥𑄬𑄚𑄬 𑄚𑄧 𑄝𑄚𑄠𑄴,Present
এই দুঃখ থেকে,𑄃𑄬 𑄘𑄪𑄊𑄧𑄖𑄴𑄪𑄚𑄴,Present
না হলে বলা হ,𑄚𑄧𑄦𑄧𑄣𑄬 𑄇𑄧𑄠𑄴 𑄦𑄬𑄚𑄝𑄘𑄬,Present
রেডিও শুনতে শুনতে,𑄢𑄬𑄓𑄨𑄃𑄮 𑄛𑄬𑄣𑄚𑄴 𑄟𑄧𑄖𑄴𑄪𑄚𑄴 ।,Present
দুইটা একটা তাাতাি উঠে তার,𑄘𑄨- 𑄃𑄬𑄇𑄴𑄈𑄚𑄴 𑄗𑄠𑄴 𑄃𑄪𑄚𑄴𑄎𑄪𑄢𑄴 𑄖𑄢𑄴,Present
ভাঙাচোরা রেডিও,𑄞𑄋-𑄎𑄋 𑄢𑄬𑄓𑄨𑄃𑄮,Present
মানুষ মেরে দো,𑄟𑄚𑄪𑄌𑄴 𑄟𑄪𑄎𑄨𑄟𑄴 𑄌𑄳𑄦𑄨𑄕𑄬 𑄘𑄬,Present
এগুলো বোই ভিডিও,𑄃𑄨𑄠𑄬𑄚𑄨 𑄞𑄬𑄭 𑄞𑄨𑄓𑄨𑄃𑄮 ।,Present
এক থোকা নািে এক গেে আছে,𑄃𑄬𑄇𑄴 𑄉𑄬𑄘 𑄚-𑄇𑄨 𑄛𑄬𑄣𑄬𑄚𑄴 𑄝𑄚𑄳𑄦𑄬𑄠𑄳𑄠,Present
টোন ভাঙালে জোা দেওা,𑄑𑄮𑄚𑄴 𑄞𑄋𑄣𑄳𑄆𑄮 𑄎𑄮𑄢 𑄘𑄨,Present
বাইরে কিছুক্ষণ পর পর নিে গেল সেটা,𑄝𑄢𑄳𑄦𑄬 𑄡𑄬𑄇𑄴𑄬 𑄕𑄨𑄊𑄬𑄣𑄴𑄳𑄠 𑄥𑄨𑄠𑄬𑄚𑄴,Past
চাংমাা যাওাহুি,𑄌𑄳𑄦𑄭𑄘𑄳𑄠 𑄡𑄖𑄴𑄳𑄆𑄮 𑄦𑄪𑄢𑄨 −,Present
.সে নাকি কি খেে নিে যা,𑄗𑄬 𑄚-𑄇𑄨 𑄈𑄨𑄎𑄨 𑄈𑄨𑄥𑄴𑄳𑄠,Present
দুই-তিনটা বাঁশ যোগা,𑄘𑄨𑄝𑄬-𑄖𑄨𑄚𑄴𑄮 𑄝𑄌𑄴 𑄎𑄮𑄢 𑄘𑄨,Present
বারি দিে আনতে পারে,𑄝𑄢𑄨 𑄘𑄳𑄆𑄨𑄚𑄬 𑄃𑄚𑄴𑄬 𑄛𑄢𑄨,Present
মাথাটা ভেঙে দাও,𑄥𑄨𑄢𑄳𑄦𑄬𑄝𑄮 𑄞𑄋𑄨 𑄘𑄨 ।,Present
ডাকতেছে কলোককে,𑄓𑄮𑄢𑄬𑄭𑄚𑄬 𑄇𑄧𑄠𑄴 𑄟𑄚𑄪𑄌𑄴𑄪𑄚𑄧𑄢𑄬,Present
বািটা সুন্দর আছে,𑄝𑄂 𑄞𑄣𑄭 𑄛𑄎𑄴𑄏𑄮𑄋𑄴 𑄢𑄊𑄬𑄭,Present
না হলে ঘর ধোঁা মেরে দো,𑄚𑄧𑄦𑄧𑄣𑄬 𑄊𑄧𑄢𑄴 𑄙𑄪𑄎𑄴 𑄟𑄢𑄨𑄚𑄳𑄠𑄭,Present
দিলটা তার ধোঁা,𑄘𑄨𑄣𑄪𑄚𑄴 𑄃𑄮𑄟𑄳𑄦 𑄙𑄮𑄎𑄬𑄭 ।,Past
.সেগুলোতেও নাকি কিছু পেল না,𑄥𑄨𑄚𑄪𑄖𑄴𑄳𑄠𑄳𑄆 𑄚-𑄇𑄨 𑄛𑄬𑄣𑄬𑄚𑄴 𑄚𑄧 𑄝𑄚𑄭,Past
খেে এক গেে ধোঁা,𑄈𑄬𑄭𑄚𑄬 𑄃𑄬𑄇𑄴 𑄉𑄬𑄘 𑄙𑄪𑄎𑄴,Present
বাঁশটা ভ পেলে তার মনে হ,𑄝𑄏𑄴𑄳𑄠 𑄞𑄨𑄣𑄬 𑄖 𑄟𑄧𑄚𑄚𑄧𑄖𑄴,Present
ব একটা নৌকা,𑄘𑄋𑄳𑄦𑄧𑄢𑄴 𑄃𑄬𑄇𑄴𑄈𑄚𑄴 𑄦𑄪𑄎𑄴 ।,Present
তরকারিতে ভে লাগে তার,𑄖𑄮𑄚𑄧𑄖𑄴 𑄞𑄨𑄣𑄬 𑄣𑄉𑄬 𑄖𑄢𑄴,Present
সাপটা সাত সের জিরে,𑄥𑄛𑄴𑄖𑄠𑄴 𑄥𑄖𑄴 𑄥𑄬𑄢𑄴 𑄎𑄨𑄢𑄬,Present
তাাতাি আর কুলা না,𑄖𑄳𑄠𑄧 𑄞𑄨𑄣𑄬 𑄃𑄢𑄧 𑄚𑄧 𑄇𑄪𑄣𑄠𑄴,Present
বািতে গিেছে,𑄝𑄏𑄬 𑄊𑄧𑄢𑄧𑄖𑄴 𑄉𑄨𑄢𑄳𑄦𑄳𑄠 ।,Present
কানে না শোনা মানুষ,𑄥𑄪𑄚𑄧𑄚𑄴 𑄝𑄕 𑄟𑄚𑄪𑄌𑄴𑄪𑄚𑄬,Present
.কিছু কিছু ন,𑄇𑄨𑄃𑄳𑄆𑄮 𑄇𑄨𑄌𑄴𑄪 𑄚𑄧𑄇𑄧𑄚𑄴,Present
সে পিছন ফিরলে সবাই স্বীকার করে,𑄖𑄬 𑄛𑄨𑄖𑄴 𑄘𑄨𑄣𑄬 𑄟𑄖𑄴𑄧𑄢𑄴 𑄝𑄬𑄇𑄴𑄪𑄚𑄬,Present
জিরে খেে দো,𑄎𑄨𑄢𑄬 𑄈𑄬𑄠𑄳𑄠 𑄓𑄉𑄧𑄚𑄴 ।,Present
.কেউ গেলে তার বািতে,𑄇𑄨𑄃𑄳𑄠𑄮 𑄉𑄬𑄣𑄬 𑄖 𑄊𑄧𑄢𑄧𑄖𑄴,Present
"ভালো করে বলে,ভাই","𑄘𑄮𑄣𑄬 𑄇𑄧𑄠𑄴, 𑄞𑄬𑄭",Present
আমার ভাতিজারা অনেক ব ব,𑄟𑄧 𑄊𑄮𑄢𑄴𑄝𑄮𑄃𑄪𑄚𑄴 𑄦𑄬𑄙𑄧𑄇𑄴 𑄃𑄣𑄴𑄥𑄨,Present
ধুঁা পোকা নেই,𑄙𑄪𑄚𑄴𑄘𑄧 𑄛𑄪𑄎𑄴𑄧𑄚𑄴 𑄚𑄬𑄭 ।,Present
টুকরা টুকরা করে খাওা,𑄘𑄧𑄟𑄴 𑄘𑄧𑄟𑄖𑄴𑄪𑄚𑄴 𑄈𑄥𑄴𑄳𑄠𑄧 𑄛𑄘,Present
.কিছুই দিতে পারি না,𑄇𑄨𑄃𑄳𑄆𑄮 𑄚𑄧 𑄘𑄳𑄠𑄧𑄚𑄴 𑄛𑄢𑄨,Present
সেগুলো বোই বোই করে,𑄥𑄨𑄚𑄪𑄖𑄴𑄳𑄠𑄳𑄆 𑄞𑄨𑄣𑄨 𑄟𑄭𑄃𑄮 𑄞𑄬𑄭,Present
খোলের ঠোঙা এখন বিে,𑄈𑄬𑄭 𑄛𑄋𑄴 𑄃𑄨𑄇𑄴𑄬 𑄝𑄨𑄢𑄨 ।,Present
সেগুলো এখন শেষ হেছে,𑄥𑄨𑄃𑄪𑄚𑄧 𑄃𑄨𑄇𑄴𑄬 𑄜𑄪𑄢𑄬𑄠𑄳𑄠𑄧𑄚𑄴,Present
"কেন তাাতাি চাও, ভাই?","𑄇𑄨𑄈𑄬𑄝𑄬 𑄌𑄬, 𑄞𑄬𑄭 ?",Present
.তন্ন তন্ন করে থাকে সে,𑄖𑄧𑄖𑄴𑄪𑄚𑄴 𑄡𑄪𑄚𑄨 𑄗𑄚𑄴𑄬 𑄥𑄣𑄬𑄚𑄴,Present
আগুনটা দাউ দাউ করে জ্বলতেছে,𑄃𑄚𑄴𑄚 𑄘𑄨𑄝𑄬 𑄙𑄮𑄢𑄬𑄭 ।,Present
সেগুলো যে সব গুো,𑄥𑄨𑄠𑄬𑄚𑄨 𑄡𑄬 𑄉𑄧𑄛𑄴 𑄝𑄬𑄇𑄴𑄈𑄚𑄨,Present
.মানুষরা যে কথা বলতে পারে,𑄟𑄚𑄴𑄪𑄌𑄴𑄪𑄚𑄬 𑄡𑄬 𑄇𑄳𑄆𑄮 𑄛𑄢𑄧𑄚𑄴,Present
"সে,হেঁটে হেটে মানুষরা","𑄥𑄬𑄚𑄬, -𑄦𑄏𑄨 𑄦𑄏𑄨 𑄟𑄚𑄪𑄌𑄴𑄪𑄚𑄬",Present
হে হে বলে,𑄦𑄧𑄠𑄴 𑄦𑄧𑄠𑄴 𑄞𑄨𑄣𑄨 𑄇𑄧𑄚𑄴 ।,Present
এই দোষটা তার মিথ্যা দোষ,𑄃𑄬 𑄙𑄨𑄇𑄴𑄳𑄠𑄚𑄴 𑄖𑄢𑄴 𑄜𑄘 𑄉𑄧𑄛𑄴,Present
.ক ফুটা কি যা?,𑄇𑄳𑄆𑄮 𑄜𑄪𑄢 𑄇𑄨 𑄡𑄠𑄴 ?,Present
হাত দিে তার কথাগুলো,𑄦𑄏𑄢𑄴 𑄇𑄧𑄣𑄬𑄠𑄳𑄠𑄧 𑄖 𑄇𑄮𑄙𑄚𑄨,Present
হাজার টাকা থাকে,𑄣𑄈𑄴𑄇𑄚𑄴 𑄃𑄪𑄚𑄧 𑄗𑄠𑄴 ।,Present
বাটা দৌাদৌি করে,𑄝𑄳𑄠𑄚𑄴 𑄘𑄢𑄴 𑄉𑄧𑄢𑄳𑄦𑄬 𑄘𑄧𑄣𑄴 𑄝𑄕𑄬,Present
"বাঁশি, তবলা, বাজা","𑄝𑄏𑄨, 𑄖𑄧𑄝𑄧𑄣, 𑄝𑄎",Present
"১. জুে, কোরাস বাজানো ২. জুে, কোরাস বাজানো","𑄎𑄪𑄢𑄨, 𑄇𑄧𑄢𑄧𑄚𑄬𑄑𑄴 𑄝𑄎𑄚𑄖𑄴 𑄃𑄮",Present
এল কাপের সবগুলো,𑄃𑄬𑄣𑄧 𑄇𑄝𑄨𑄣𑄴 𑄝𑄬𑄇𑄴𑄈𑄚𑄨 ।,Past
"ডাকতে পারে, পড়তে পারে","𑄓𑄇𑄴𑄖𑄧𑄢𑄴 𑄛𑄢𑄬, 𑄝𑄮𑄘𑄴𑄳𑄠𑄧 𑄛𑄢𑄬",Present
রোগীও চিনে,𑄛𑄨𑄢𑄬𑄚𑄨𑄃𑄮 𑄌𑄨𑄚𑄬,Present
চোরটাও সুন্দর,𑄌𑄬𑄢𑄬𑄖𑄴𑄳𑄠𑄃𑄮 𑄘𑄮𑄣𑄬𑄉𑄧𑄢𑄬,Present
ভালো ঔষুধ দিে,𑄉𑄧𑄟𑄴𑄉𑄧𑄟𑄴 𑄘𑄢𑄪 𑄘𑄳𑄆𑄨𑄚𑄬 ।,Present
সেখান থেকে মলাগুলো বের হে যা,𑄥𑄨𑄚𑄪𑄖𑄴𑄳𑄠𑄳𑄆 𑄟𑄪𑄚𑄪𑄌𑄴𑄪𑄚𑄬 𑄎𑄬 𑄖𑄢𑄳𑄦𑄬,Present
মন দিে ভালোবাসা,𑄌𑄨𑄖𑄴 𑄘𑄨𑄃𑄮𑄣𑄬 𑄇𑄮𑄌𑄴𑄛𑄳𑄦𑄚𑄴,Present
পাহােও তাকে সেভাবে দেখে,𑄟𑄪𑄢𑄨𑄚𑄬𑄃𑄮 𑄥𑄬𑄚𑄬 𑄖𑄢𑄳𑄦𑄬,Present
এই নাকটা ঘিনি পান,𑄃𑄬𑄎𑄧 𑄚𑄋𑄴 𑄊𑄨𑄚𑄨 𑄛𑄚𑄴 ।,Present
নাকটা তার সুন্দর,𑄚𑄋𑄚𑄴 𑄖𑄢𑄴 𑄎𑄪𑄢𑄮𑄌𑄚𑄴,Present
রেডিও মেে,𑄢𑄬𑄓𑄨𑄃𑄮 𑄟𑄬𑄇𑄢𑄴,Present
বোই করে তাকে বিে করে,𑄝𑄬𑄎𑄴 𑄉𑄧𑄛𑄴 𑄘𑄬 𑄇𑄨𑄚𑄬𑄭 𑄓𑄉𑄧𑄚𑄴 𑄖𑄢𑄳𑄦𑄬,Present
এক জাতী রেডিও,𑄣𑄪𑄘𑄨 𑄝𑄌𑄴 𑄍𑄧𑄢 𑄝𑄬𑄖𑄢𑄴 ।,Present
"বোই, বোই",𑄝𑄬𑄋𑄴𑄢𑄎 𑄃𑄢𑄴 𑄝𑄬𑄋𑄴𑄢𑄚𑄨,Present
এক লাঠিতে এক বো আর এক বো,𑄃𑄬𑄇𑄴 𑄃𑄧𑄇𑄴𑄖𑄧𑄖𑄴 𑄃𑄬𑄇𑄴 𑄝𑄬𑄋𑄴𑄢𑄎 𑄃𑄢𑄧 𑄃𑄬𑄇𑄴 𑄝𑄬𑄋𑄴𑄢𑄚𑄨,Present
এক কথা বলে তারা মুখ বাঁকা করলো,𑄃𑄬𑄇𑄴 𑄉𑄬𑄘 𑄝𑄎𑄬𑄣𑄇𑄴 𑄖𑄢𑄳𑄦 𑄇𑄮𑄙 𑄑𑄚𑄑𑄚𑄨 −,Past
এনে এনে বেঁধে দিল তাদের এক জোা,𑄃𑄬𑄚𑄬 𑄃𑄬𑄚𑄬 𑄝𑄎𑄨𑄣𑄧 𑄖𑄢𑄳𑄦𑄢𑄴 𑄃𑄬𑄇𑄴 𑄃𑄮𑄟𑄳𑄦 𑄎𑄮𑄣𑄴,Past
সে পাতিলে রাজঘরটা গুো হলো,𑄥𑄬 𑄎𑄮𑄣𑄮𑄖𑄴 𑄢𑄎𑄴𑄊𑄧𑄢𑄚𑄴 𑄉𑄮𑄘 𑄦𑄧𑄣𑄧 𑄃𑄮𑄣𑄮 𑄏𑄮𑄣𑄴 ।,Past
রাজা ধোঁা রানির লেজে রানী ধোঁা রাজা,𑄢𑄎 𑄙𑄮𑄎𑄴𑄳𑄠 𑄢𑄚𑄨 𑄣𑄬𑄎𑄮𑄖𑄴 𑄢𑄚𑄨 𑄙𑄮𑄎𑄴𑄳𑄠 𑄢𑄎𑄢𑄴,Present
তাদের দিনগুলো ভালোভাবে কেটে যা,𑄑𑄚𑄑𑄚𑄨 𑄉𑄮𑄢𑄳𑄦𑄨 𑄖𑄢𑄳𑄦𑄢𑄴 𑄘𑄨𑄚𑄴 𑄉𑄮𑄋𑄬 𑄝𑄧𑄏𑄧𑄢𑄴 𑄡𑄢𑄴 ।,Present
এখন গুঁো করতে করতে কি হলো শেষটা,𑄃𑄨𑄇𑄴𑄬𑄚𑄴 𑄉𑄮𑄢𑄳𑄦𑄨 𑄉𑄧𑄖𑄴𑄬 𑄉𑄧𑄖𑄴𑄬 𑄇𑄨 𑄦𑄧𑄣𑄧 𑄗𑄪𑄟𑄬𑄚𑄴𑄘𑄨,Past
.গোসাপের লেজটা দুই জন নিে গেল,𑄉𑄮𑄢 𑄥𑄪𑄘𑄴𑄙𑄧 𑄣𑄬𑄌𑄴𑄌𑄚𑄨 𑄘𑄮 𑄎𑄧𑄚𑄧𑄢𑄴 𑄉𑄬𑄣𑄧 𑄍𑄨𑄚𑄨 ।,Past
লেজটা এখন তাদের কোমা থামলো,𑄣𑄬𑄎𑄴𑄍𑄨𑄚𑄨 𑄡𑄬𑄭 𑄃𑄨𑄇𑄴𑄬 𑄖𑄢𑄳𑄦𑄢𑄴 𑄇𑄮𑄎𑄴𑄳𑄠 𑄗𑄟𑄬𑄣𑄧,Past
চূা গিে পুিে রাজা এখন চিন্তা করছে,𑄌𑄪𑄚𑄴𑄙𑄪𑄣𑄴 𑄉𑄮𑄢𑄳𑄦𑄨 𑄉𑄮𑄎𑄴𑄬 𑄛𑄪𑄢𑄨 𑄢𑄎 𑄃𑄨𑄇𑄴𑄬 𑄞𑄝𑄨𑄣𑄧,Present
সবাই আমাদের থেকে দূরে থাকে শুধু আমাদের থেকে,𑄝𑄬𑄇𑄴𑄪𑄚𑄧𑄖𑄴𑄪𑄚𑄴 𑄣𑄬𑄎𑄴 𑄗𑄬𑄭𑄚𑄬 𑄝𑄕 𑄃𑄟𑄖𑄴𑄪𑄚𑄴 𑄚𑄬𑄭,Present
কি গিার রাজা এখনো পাওা যাচ্ছে না,𑄇𑄨 𑄉𑄮𑄢𑄳𑄦𑄨𑄝𑄧 𑄢𑄎 𑄃𑄨𑄇𑄴𑄬 𑄚𑄧 𑄛𑄳𑄦𑄢𑄴 𑄞𑄝𑄨𑄚𑄬 ।,Present
সে একটা বুদ্ধি দিে ভুরু গুিে ফেলল,𑄎𑄬𑄢𑄬𑄘𑄨 𑄃𑄬𑄇𑄴𑄈𑄚𑄴 𑄝𑄪𑄘𑄴𑄙𑄨 𑄈𑄘𑄬𑄭 𑄞𑄪𑄢𑄪𑄖𑄴 𑄉𑄮𑄢𑄳𑄦𑄨 𑄑𑄨𑄠𑄬𑄣𑄧,Past
সব ব্যাঙগুলো রাজবািতে এসে লাফ দিল,𑄝𑄬𑄇𑄴 𑄝𑄬𑄋𑄪𑄚𑄴 𑄢𑄎𑄴 𑄊𑄧𑄢𑄧𑄖𑄴 𑄃𑄬𑄝𑄣𑄴𑄣𑄭 𑄦𑄪𑄟𑄴 𑄘𑄨𑄣𑄧 ।,Past
.তুলনা পুল হে সব ব্যাঙগুলো রাজ বািতে আছে,𑄖𑄪𑄣𑄴 𑄛𑄪𑄣𑄴𑄳𑄠 𑄦𑄳𑄆𑄮 𑄝𑄬𑄇𑄴 𑄝𑄬𑄋𑄪𑄚𑄴 𑄢𑄎𑄴 𑄊𑄧𑄢𑄧𑄖𑄴 𑄃𑄬𑄭,Present
চাঁদ তো আমাদের সাথে অনেক রাজার লেলিে আছে,𑄌𑄚𑄴𑄘𑄬 𑄘𑄧 𑄃𑄮𑄟𑄳𑄦 𑄝𑄬𑄙𑄧𑄇𑄴 𑄢𑄎𑄢𑄴 𑄣𑄬𑄌𑄴𑄌𑄚𑄴 𑄚𑄬𑄭 ।,Present
সবাই তাকে দেখে লাফ দিল,𑄝𑄬𑄇𑄴𑄪𑄚𑄧𑄢𑄬 𑄢𑄨𑄚𑄨 𑄌𑄬𑄭 𑄢𑄎𑄠𑄴 𑄃𑄨𑄇𑄴𑄬 𑄦𑄪𑄟𑄴 𑄘𑄨𑄣𑄧,Past
মলাটা ছোট করে সবগুলো সেলাই করে ফেলে,𑄟𑄧𑄙𑄮𑄇𑄴𑄳𑄠𑄚𑄴 𑄉𑄮𑄢𑄳𑄦𑄨 𑄝𑄬𑄇𑄴 𑄝𑄬𑄋𑄪𑄚𑄬 𑄣𑄬𑄌𑄴𑄌𑄚𑄨 𑄇𑄝𑄨 𑄜𑄬𑄣𑄧 ।,Present
লেজটা হলো জোালের মতো দেখতে লাগে,𑄣𑄬𑄌𑄴𑄌𑄚𑄨 𑄦𑄧𑄣𑄧 𑄎𑄮𑄚𑄴𑄎𑄃𑄮𑄣𑄪𑄇𑄴 𑄌𑄘𑄬𑄃𑄮 𑄣𑄉𑄬 𑄝𑄬𑄙𑄧𑄇𑄴,Present
.না থাকলে হ না থাকলে শুধু পাতলা চামা লাগে,𑄚𑄧 𑄗𑄬𑄣𑄬 𑄦𑄧𑄠𑄴 𑄇𑄬𑄠𑄳𑄠𑄚𑄴𑄃𑄮 𑄛𑄘𑄧𑄣𑄴 𑄌𑄘𑄬𑄃𑄮 𑄣𑄉𑄬 𑄙𑄧𑄇𑄴 ।,Present
রাজার কথা শুনে সবাই হেছে,𑄢𑄎 𑄇𑄮𑄙𑄚𑄴 𑄥𑄪𑄚𑄨 𑄃𑄨𑄇𑄴𑄬 𑄝𑄬𑄇𑄴𑄪𑄚𑄴 𑄦𑄮𑄣𑄇𑄴 𑄗𑄧,Present
.তরকারি বিক্রি করার মতো এখন তাদের কোনো বুদ্ধি নেই,𑄖𑄮𑄉𑄬 𑄚𑄧𑄛𑄘𑄧𑄚𑄴 𑄃𑄨𑄇𑄴𑄬 𑄖𑄢𑄳𑄦 𑄇𑄧𑄚𑄧 𑄝𑄪𑄘𑄴𑄙𑄨 𑄞𑄧 ।,Present
রাজা কারের জো না পেে রাগে ফুলিে,𑄢𑄎 𑄇𑄢𑄧𑄢𑄴 𑄎𑄮𑄝𑄴 𑄚𑄧 𑄛𑄬𑄭 𑄢𑄉𑄬 𑄃𑄪𑄙𑄨 𑄜𑄪𑄣𑄨,Present
"কল, সালেন পাহাে যাওা দুইজনে করে","𑄇𑄧𑄣𑄧, 𑄥𑄣𑄬𑄚𑄴 𑄟𑄪𑄭 𑄎𑄮𑄝𑄴 𑄣𑄧𑄋𑄧𑄢𑄴 𑄎𑄧𑄚𑄬 𑄎𑄧𑄚𑄬 𑄉𑄮𑄢𑄳𑄦𑄨 ।",Present
কেকটা বোইকে কল দিে কি করবা তুমি,𑄇𑄮𑄥𑄴𑄳𑄠𑄧 𑄝𑄬𑄋𑄴𑄳𑄠𑄧𑄢𑄬 𑄇𑄧𑄣𑄧 𑄃𑄉𑄬 𑄛𑄪𑄚𑄴𑄘𑄨𑄇𑄴𑄳𑄠 𑄇𑄨 𑄉𑄮𑄢𑄳𑄦𑄨𑄝𑄬 𑄖𑄪𑄭,Future
তুমি কেটে দিবে নাকি কেটে দিবো আমি,𑄖𑄪𑄭 𑄇𑄝𑄨𑄝𑄬 𑄣𑄬𑄌𑄴𑄌𑄚𑄴 𑄚𑄨𑄎𑄬 𑄚 𑄇𑄝𑄨 𑄘𑄨𑄟𑄴 𑄟𑄪𑄭 ?,Future
কেকটা বেংটা কল এখন নানু মা,𑄇𑄮𑄥𑄴𑄳𑄠𑄧 𑄝𑄬𑄋𑄴𑄧 𑄇𑄧𑄣𑄧 𑄃𑄨𑄇𑄴𑄬 𑄚𑄚𑄪 𑄟𑄧𑄦𑄢𑄎𑄴,Present
লেজটা একসাথে না থাকলে অনেক লজ্জা করবে,𑄣𑄬𑄌𑄴𑄌𑄚𑄴 𑄡𑄪𑄚𑄨 𑄚𑄧 𑄗𑄬𑄣𑄬 𑄞𑄢𑄨 𑄦𑄧𑄝𑄧 𑄣𑄎𑄴 ।,Future
পাছা দিে পাহাের নাা ডাকি আমি,𑄛𑄪𑄚𑄴 𑄘𑄨𑄇𑄴 𑄟𑄪𑄭 𑄝𑄝𑄪 𑄟𑄪𑄭 𑄚𑄋𑄴 𑄓𑄇𑄴 𑄟𑄧𑄢𑄴,Present
আমাকে দেখলে রাজার নানি কি নাম আছে তোমার,𑄟𑄧𑄢𑄳𑄦𑄬 𑄌𑄬𑄣𑄬 𑄢𑄎 𑄚𑄚𑄪 𑄇𑄨 𑄚𑄋𑄴 𑄃𑄊𑄬 𑄖𑄧𑄢𑄴 ?,Present
কেকটা বেইন কেকটা কথা শুনে রাজা উঠল,𑄇𑄮𑄥𑄴𑄳𑄠𑄧 𑄝𑄬𑄋𑄴𑄳𑄠𑄧 𑄇𑄮𑄙𑄚𑄴 𑄥𑄪𑄚𑄨 𑄢𑄎 𑄃𑄪𑄘𑄨𑄣𑄧 𑄥𑄮𑄎𑄬𑄭,Past
হুম করলাম পানিতে মুগুর আনার জন্য,𑄦𑄪𑄟𑄴 𑄉𑄧𑄣𑄴𑄣𑄧 𑄎𑄧𑄣𑄴𑄣𑄖𑄴𑄳𑄠𑄢𑄬 𑄟𑄪𑄉𑄧𑄢𑄴 𑄃𑄚𑄨𑄝𑄢𑄴 𑄖𑄮𑄉𑄬𑄭 −,Past
এই রাতে তুমি আমার সাথে কোন কথা বলো না,𑄃𑄬 𑄢𑄬𑄎𑄴𑄳𑄠𑄧𑄖𑄴 𑄢𑄎 𑄟𑄪𑄭 𑄖𑄪𑄭 𑄇𑄮𑄚𑄴𑄚 𑄇𑄮𑄠𑄳𑄠 𑄥𑄬 𑄇𑄮𑄙,Present
হুম গোাল মেরে তাকে স্যাঁতসেঁতে করে দো,𑄦𑄪𑄟𑄴 𑄉𑄮𑄢𑄳𑄦𑄨𑄣𑄧 𑄟𑄢𑄨 𑄖𑄢𑄳𑄦𑄬 𑄥𑄣𑄴𑄝𑄚𑄨 𑄘𑄳𑄠𑄧 𑄉𑄮𑄘 ।,Present
এই মারি দিে তাকে ফুলিে দেওা হ,𑄃𑄬𑄚𑄴 𑄟𑄢𑄨𑄝 𑄇𑄬𑄠𑄳𑄠𑄖𑄴 𑄖𑄢𑄳𑄦𑄬 𑄉𑄮𑄘 𑄇𑄬𑄠𑄳𑄠 𑄜𑄪𑄣𑄨,Present
যে ধরে সেখানে যেন গুলি পেছে,𑄡𑄨𑄃𑄧𑄖𑄴 𑄙𑄧𑄢𑄬 𑄥𑄨𑄃𑄧𑄖𑄴 𑄡𑄬𑄚𑄴 𑄛𑄪𑄎𑄴 𑄛𑄧𑄢𑄬𑄉𑄨 𑄉𑄪𑄣𑄨 ।,Present
.এই মারিটা এখন তাকে গোদা করে দিচ্ছে,𑄃𑄬𑄚𑄴 𑄟𑄢𑄨𑄣𑄧 𑄃𑄨𑄇𑄴𑄬 𑄖𑄢𑄳𑄦𑄬 𑄉𑄮𑄘 𑄇𑄬𑄠𑄳𑄠 𑄘𑄟𑄴 𑄘𑄟𑄴,Present
ধলে এখন পোকা পতেছে খসখসে হেছে,𑄙𑄧𑄣𑄴𑄬 𑄃𑄨𑄇𑄴𑄬 𑄛𑄪𑄎𑄴 𑄛𑄧𑄢𑄬𑄉𑄨 𑄈𑄧𑄥𑄴 𑄈𑄧𑄥𑄴 𑄦𑄮𑄠𑄳𑄠 𑄌𑄟𑄴 ।,Present
মার খেে এখন সব পরিষ্কার হ,𑄟𑄬𑄢𑄴-𑄙𑄬𑄢𑄴 𑄈𑄬𑄭 𑄃𑄨𑄇𑄴𑄬 𑄝𑄬𑄇𑄴𑄈𑄚𑄴 𑄝𑄬𑄙𑄧𑄇𑄳𑄠 𑄦𑄳𑄆𑄮,Present
কোাল বো এখন তাকে নাঙিে দিল,𑄇𑄮𑄥𑄴𑄳𑄠𑄧 𑄝𑄬𑄋𑄴 𑄃𑄨𑄇𑄴𑄬 𑄢𑄎𑄠𑄴 𑄖𑄢𑄳𑄦𑄬 𑄚𑄋𑄚𑄴 𑄘𑄨𑄣𑄧 𑄗𑄳𑄆𑄮 ।,Past
সেখান থেকে বের হে যাওার সম তার নাম হলো বেইন,𑄥𑄨𑄖𑄴𑄗𑄪𑄚𑄴 𑄙𑄪𑄢𑄨 𑄇𑄮𑄥𑄴𑄳𑄠𑄧 𑄝𑄬𑄋𑄴 𑄦𑄧𑄣𑄧 𑄖 𑄚𑄋𑄚𑄴,Present
.কেন যে আর ধোঁা দেখতে পারে না এখন,𑄇𑄨𑄃𑄳𑄆𑄮 𑄃𑄢𑄴 𑄙𑄮𑄖𑄴 𑄖𑄇𑄴 𑄚𑄧 𑄌𑄚𑄴 𑄝𑄬𑄊𑄬 𑄃𑄨𑄇𑄴𑄬 𑄊𑄨𑄚𑄚𑄴 ।,Present
দৌাদৌি আর দৌাদৌি করে বলল-ভগবান!,𑄎𑄮𑄣𑄴𑄣𑄖𑄴𑄳𑄠 𑄃𑄢𑄧 𑄜𑄮𑄝𑄬 𑄜𑄮𑄝𑄬 𑄇𑄧𑄣𑄧-𑄚𑄚𑄪 𑄟𑄧𑄦𑄢𑄎𑄴,Past
হাঁি দো আর আমি তোমাকে গুি দিবো,𑄦𑄪𑄟𑄴 𑄉𑄮𑄢𑄳𑄦𑄨 𑄘𑄬 𑄃𑄢𑄧 𑄟𑄧𑄢𑄳𑄦𑄬 𑄇𑄢𑄳𑄦𑄬 𑄉𑄮𑄢𑄳𑄦𑄨𑄟𑄴 𑄚𑄎𑄴 ।,Future
রাজা এখন শামুকের খোলস দিে দৌা,𑄢𑄎 𑄃𑄨𑄇𑄴𑄬 𑄦𑄪𑄟𑄴 𑄉𑄮𑄢𑄳𑄦𑄨𑄣𑄧 𑄎𑄮𑄣𑄴𑄣𑄖𑄴𑄳𑄠𑄢𑄬 𑄓𑄉𑄨,Present
কোালের বোটা দিে মাথা টোকা দেওা,𑄇𑄮𑄥𑄴𑄳𑄠𑄧 𑄝𑄬𑄋𑄴𑄳𑄠𑄧𑄢𑄬 𑄣𑄬𑄌𑄴𑄌𑄚𑄴 𑄘𑄬𑄉𑄳𑄆𑄮 𑄉𑄮𑄢𑄥𑄪𑄘𑄴𑄙𑄧 𑄇𑄝𑄨 ।,Present
কাপে ফেলে দো সব সেলাইগুলো একটা বাকি আছে,𑄇𑄝𑄨 𑄜𑄬𑄣𑄬 𑄘𑄬 𑄝𑄬𑄇𑄴 𑄣𑄬𑄌𑄴𑄌𑄚𑄨 𑄡𑄬𑄇𑄴𑄪𑄚𑄴 𑄃𑄉𑄧𑄚𑄴 𑄝𑄬𑄋𑄴,Present
সবাই আমরা লেজ ছাা করে আর থাকতে পারিনা,𑄝𑄬𑄇𑄴𑄪𑄚𑄴 𑄃𑄟𑄨 𑄣𑄬𑄎𑄴 𑄍𑄢 𑄦𑄳𑄆𑄮 𑄇𑄢𑄧𑄢𑄴 𑄚𑄧 𑄗𑄮𑄇𑄴 𑄙𑄬𑄋𑄴 ।,Present
.একটু একটু করে সবগুলো লেলিে দিল কেটে,𑄃𑄬𑄉𑄬 𑄃𑄬𑄉𑄬 𑄝𑄬𑄇𑄴 𑄣𑄬𑄌𑄴𑄌𑄚𑄨 𑄎𑄮𑄣𑄴𑄣𑄖𑄴𑄳𑄠 𑄘𑄨𑄣𑄧 𑄇𑄝𑄨,Past
আরও দুটি বানর নাচিেছে,𑄃𑄢𑄧 𑄘𑄨𑄝𑄬 𑄝𑄬𑄋𑄧𑄢𑄬 𑄚𑄧𑄛𑄘𑄧𑄚𑄴 𑄃𑄨𑄇𑄴𑄬 𑄓𑄉𑄨 ।,Present
.নিজের মতো হে অন্যের সাথে সুখ পাওা যা না,𑄃𑄨𑄚𑄴𑄨 𑄖𑄮𑄉𑄬𑄭 𑄦𑄪𑄚𑄴𑄨 𑄖𑄮𑄉𑄬𑄭 𑄥𑄪𑄇𑄴 𑄚𑄧𑄛𑄘𑄧𑄚𑄴- 𑄎𑄬𑄢𑄬,Present
.সুক পাওা একটা বো পাতা ছেে,𑄥𑄪𑄇𑄴 𑄛𑄬𑄣𑄇𑄴𑄳𑄆𑄮 𑄃𑄨𑄇𑄴𑄳𑄠𑄧 𑄝𑄬𑄋𑄴 𑄇𑄪𑄎𑄪 𑄛𑄘 𑄍𑄬𑄢𑄬 ।,Present
চুল ধরে নিে তাকে জোা নিে আসলো,𑄌𑄪𑄣𑄧𑄖𑄴 𑄙𑄪𑄢𑄨 𑄃𑄚𑄨 𑄖𑄢𑄳𑄦𑄬 𑄎𑄮𑄣𑄴𑄣𑄖𑄴𑄳𑄠 𑄃𑄬𑄚𑄴 𑄥𑄬𑄎 𑄥𑄨𑄎𑄨𑄣𑄧,Past
লেজ কেটে তাকে ব ব বানালে,𑄣𑄬𑄎𑄴 𑄇𑄝𑄨 𑄘𑄳𑄆𑄨 𑄛𑄨𑄘𑄨 𑄖𑄢𑄳𑄦𑄬 𑄙𑄬𑄢𑄴 𑄙𑄬𑄢𑄴 𑄝𑄚𑄬𑄣𑄧 ।,Past
মাথা মেরে পাছা মেরে একটা বান গুল,𑄥𑄨𑄢𑄬𑄖𑄴 𑄟𑄢𑄨 𑄛𑄪𑄚𑄧𑄖𑄴 𑄟𑄢𑄨 𑄃𑄬𑄚𑄴 𑄝𑄚𑄬𑄣𑄧 𑄉𑄪𑄣𑄴,Present
দেখে তাকে ঘিলে ধোঁা আর এক ভে দেখলে ভ লাগে,𑄘𑄬𑄇𑄴𑄬 𑄖𑄢𑄳𑄦𑄬 𑄊𑄨𑄣𑄬 𑄙𑄮𑄇𑄴𑄳𑄠𑄚𑄴 𑄃𑄢𑄴 𑄃𑄬𑄇𑄴 𑄞𑄧𑄠𑄴 𑄌𑄬𑄣𑄳𑄦𑄬 𑄔𑄪𑄣𑄴 ।,Present
তার থেকে ধোঁার রাজা তাকে ঘিলে বো দিল,𑄥𑄨𑄖𑄴𑄪𑄚𑄴 𑄙𑄪𑄪𑄢𑄨 𑄢𑄎𑄠𑄴 𑄘𑄨𑄣𑄧 𑄊𑄨𑄣𑄬 𑄝𑄬𑄋𑄴 𑄚𑄋𑄴 𑄖𑄢𑄳𑄦𑄬,Past
ঘিলে বিাল বললে এখন তাকে চেনা যা,𑄊𑄨𑄣𑄬 𑄝𑄬𑄋𑄴 𑄇𑄧𑄣𑄬 𑄃𑄨𑄇𑄴𑄬 𑄌𑄨𑄚𑄨 𑄃𑄟𑄨 𑄡𑄢𑄳𑄦𑄬 ।,Present
তার ধোঁার ধোঁা আর একটা ব্যাঙকে খাওা,𑄖 𑄎𑄬𑄢𑄬𑄘𑄨 𑄙𑄮𑄎𑄴𑄳𑄠𑄧𑄚𑄴 𑄃𑄢𑄧 𑄃𑄨𑄇𑄴𑄳𑄠𑄧 𑄝𑄬𑄋𑄧𑄢𑄬 𑄖𑄮𑄉,Present
মাটির পাতা না কুলালে ডিম দো,𑄟𑄘𑄨 𑄛𑄘𑄣𑄴 𑄚𑄧 𑄇𑄪𑄣𑄬𑄭 𑄉𑄮𑄘 𑄘𑄬𑄝 𑄎𑄮𑄉 −,Present
"তাাতাি, তাাতাি, তাাহুো করে একটা গাছ খুলতে হেছে",𑄖𑄮𑄉𑄬 𑄖𑄮𑄉𑄬 𑄚𑄬𑄘𑄬 𑄚𑄬𑄘𑄬 𑄃𑄨𑄇𑄴𑄇𑄳𑄠𑄧 𑄉𑄎𑄧 𑄈𑄪𑄣𑄪𑄋𑄧𑄖𑄴 𑄃𑄪𑄙𑄨,Present
চামা তো সেখানে সেই বোই আছে,𑄌𑄚𑄴𑄬 𑄙𑄧 𑄥𑄨𑄃𑄧𑄖𑄴 𑄥𑄬 𑄝𑄬𑄋𑄴𑄳𑄠𑄧 𑄃𑄊𑄬 𑄥𑄨𑄢𑄳𑄦𑄬 𑄉𑄪𑄎𑄨,Present
সেখান থেকে বের করে এনে রাজাকে দিল,𑄥𑄨𑄖𑄴𑄪𑄚𑄴 𑄙𑄪𑄢𑄨 𑄃𑄚𑄨 𑄖𑄢𑄳𑄦𑄬 𑄉𑄮𑄏𑄬 𑄘𑄨𑄣𑄇𑄴 𑄢𑄎𑄢𑄬,Past
রাজা রাগে টানিে দিল তাকে,𑄢𑄎 𑄢𑄉𑄬 𑄑𑄚𑄨𑄑𑄚𑄭 𑄝𑄬𑄦𑄣𑄴 𑄉𑄧𑄣𑄴𑄧 𑄖𑄢𑄳𑄦𑄬 ।,Past
ঝেে দিে লেজের মাথা গিে আছে,𑄎𑄬𑄢𑄬𑄘𑄨 𑄘𑄨𑄣𑄧 𑄣𑄬𑄌𑄴𑄌𑄚𑄴 𑄇𑄝𑄨 𑄣𑄬𑄎𑄮 𑄟𑄙𑄖𑄴 𑄙𑄪𑄢𑄨,Present
দিল হাতির গাে রাজা তাকে বিে করেছে,𑄘𑄨𑄣𑄧 𑄦𑄬𑄝𑄬𑄣𑄴 𑄉𑄎𑄧 𑄜𑄉𑄖𑄴 𑄢𑄎𑄠𑄴 𑄖𑄢𑄳𑄦𑄬 𑄃𑄨𑄢𑄨 ।,Present
টানিটা লম্বা লম্বা করে কামে,𑄑𑄚𑄨𑄑𑄚𑄭 𑄣𑄟𑄴𑄝 𑄉𑄮𑄢𑄳𑄦𑄬𑄭 𑄈𑄉𑄴 𑄇𑄬𑄟𑄮𑄥𑄚𑄴 𑄝𑄚𑄬𑄭,Present
খাগ বেইনটা এখন তাকে রাজা করে দিল,𑄈𑄉𑄴 𑄝𑄬𑄋𑄴 𑄚𑄋𑄚𑄴 𑄃𑄨𑄇𑄴𑄬 𑄢𑄎𑄠𑄴 𑄘𑄨𑄣𑄧 𑄖𑄢𑄳𑄦𑄬 𑄝𑄮𑄎𑄬𑄭 ।,Past
রাজা আরও ভালো করে আর ভালো করে চিন্তা করে,𑄢𑄎 𑄃𑄢𑄧 𑄘𑄮𑄣𑄬 𑄃𑄨𑄇𑄴𑄬 𑄉𑄮𑄞𑄨𑄚𑄴 𑄉𑄮𑄢𑄳𑄦𑄨 𑄞𑄝𑄨,Present
.ফুলের কাম দিে একটা ব্যাঙকে ডাঙিেছে,𑄜𑄪𑄚𑄴𑄘𑄨𑄉𑄧 𑄇𑄟𑄚𑄴 𑄘𑄨𑄣𑄧 𑄉𑄮𑄏𑄬 𑄃𑄢𑄧 𑄃𑄨𑄇𑄴𑄳𑄠𑄧 𑄝𑄬𑄋𑄧𑄢𑄬 𑄓𑄉𑄨,Present
.ফোটকা শার্ট তাকে দিল কেে,𑄜𑄮𑄘𑄛𑄮𑄖𑄴𑄳𑄠 𑄥𑄨𑄣𑄪𑄟𑄴 𑄖𑄢𑄳𑄦𑄬 𑄘𑄨𑄣𑄧 𑄇𑄬𑄠𑄳𑄠𑄖𑄴 𑄦𑄪𑄢𑄬𑄭,Past
হুম দিে গিে শুনার জন্য নিজে নিজে,𑄦𑄪𑄟𑄴 𑄘𑄨𑄣𑄴 𑄃𑄨𑄇𑄴𑄬 𑄉𑄨𑄖𑄴 𑄥𑄪𑄚𑄬𑄝𑄢𑄴 𑄚𑄨𑄎𑄬 𑄚𑄨𑄎𑄬 𑄎𑄮𑄢𑄬𑄭 ।,Present
.পন্দুকটা এখন গিঁটটা সুন্দর করে করে,𑄛𑄪𑄚𑄴𑄘𑄨𑄇𑄴𑄳𑄠 𑄃𑄨𑄇𑄴𑄬 𑄉𑄨𑄖𑄴 𑄉𑄳𑄦 𑄙𑄧𑄣𑄴𑄣𑄧 𑄘𑄮𑄣𑄴 𑄉𑄮𑄢𑄳𑄦𑄨𑄚𑄬 𑄇𑄮𑄢𑄴 𑄇𑄮𑄢𑄬𑄭,Present
কেকটা করে বেইন নািে দিল রাজা,𑄇𑄮𑄢𑄴 𑄇𑄮𑄢𑄨 𑄝𑄬𑄋𑄴 𑄚𑄋𑄴 𑄗𑄮 𑄘𑄨𑄣𑄧 𑄢𑄎𑄠𑄴 𑄃𑄨𑄇𑄴𑄬 𑄌𑄳𑄦𑄬𑄭 ।,Past
অন্যজন বেইন পানিতে ডুবে মারা গেছে।,𑄃𑄢𑄬𑄇𑄴𑄳𑄠𑄧 𑄝𑄬𑄋𑄴 𑄛𑄚𑄨𑄖𑄴 𑄞𑄎𑄨 𑄢𑄮𑄠𑄳𑄠 𑄢𑄎𑄢𑄴 𑄇𑄠𑄴,Present
ভালো করে দেখে ভাজা বোটা রেখে দিল তাকে,𑄘𑄮𑄣𑄬 𑄌𑄳𑄦𑄬𑄧𑄭𑄚𑄬 𑄞𑄎 𑄝𑄬𑄋𑄴 𑄚𑄋𑄚𑄴 𑄗𑄳𑄆𑄮 𑄘𑄨𑄣𑄧 𑄖𑄢𑄳𑄦𑄬 𑄢𑄎𑄠𑄴 ।,Past
আরেকটা আছে ছোট বো কি নাম দিে আছে,𑄃𑄢𑄬𑄇𑄴𑄳𑄠𑄧 𑄃𑄊𑄬 𑄌𑄨𑄃𑄮𑄚𑄴 𑄝𑄬𑄋𑄴 𑄇𑄨 𑄚𑄋𑄴 𑄘𑄨𑄝𑄧 𑄗𑄳𑄆𑄮,Present
উ নালার রাজা এখন রোদ হেছে,𑄃𑄪𑄘𑄧 𑄚𑄧𑄛𑄢𑄴 𑄢𑄎 𑄃𑄨𑄇𑄴𑄬 𑄢𑄮𑄠𑄳𑄠 𑄃𑄟𑄴𑄝𑄧𑄇𑄴 𑄦𑄳𑄆𑄮,Present
সবাই বলে রাজার নািে বিে আছে,𑄝𑄬𑄇𑄴𑄪𑄚𑄬 𑄇𑄧𑄚𑄴𑄬 𑄢𑄎 𑄚𑄚𑄪 𑄖𑄬𑄘𑄧 𑄇𑄪𑄘𑄪 𑄝𑄨𑄎𑄨 𑄥𑄚𑄴,Present
কেজান হে দিলে তাকে কোথা বিে না,𑄇𑄬𑄎𑄚𑄴 𑄦𑄧𑄝𑄧 𑄗𑄳𑄆𑄮 𑄘𑄨𑄣𑄬 𑄖𑄢𑄳𑄦𑄬 𑄇𑄪𑄙𑄪 𑄝𑄨𑄎𑄨 𑄚𑄋𑄴,Present
রাজা কল হে হে অনেক ছোট হেছে,𑄢𑄎 𑄇𑄧𑄣𑄧 𑄦𑄧𑄠𑄴 𑄦𑄧𑄠𑄴 𑄞𑄢𑄩 𑄈𑄪𑄏𑄨 𑄦𑄮𑄣𑄪𑄋𑄴,Present
বিচি বিচি তার নামটা রেখে দিলাম,𑄇𑄪𑄙𑄪 𑄝𑄨𑄎𑄨 𑄝𑄬𑄋𑄴 𑄖 𑄚𑄋𑄚𑄴 𑄖𑄢𑄳𑄦𑄬 𑄗𑄳𑄆𑄮 𑄘𑄨𑄣𑄪𑄋𑄴 ।,Past
রাজা এখন কল কল করে বল পতেছে,𑄢𑄎 𑄃𑄨𑄇𑄴𑄬 𑄃𑄪𑄘𑄨 𑄇𑄧𑄣𑄧 𑄝𑄧𑄣𑄴 𑄛𑄮𑄎𑄴𑄬 𑄃𑄬𑄝𑄬𑄣𑄴 𑄟𑄧𑄖𑄴𑄪𑄚𑄴,Present
সব নাচাা করে দো আর শেষ হলোনা,𑄝𑄬𑄇𑄴 𑄚𑄋𑄚𑄨 𑄝𑄮𑄎𑄬 𑄘𑄬𑄚 𑄃𑄬𑄥𑄴𑄳𑄠 𑄚𑄧𑄦𑄧𑄣𑄧 𑄗𑄪𑄟𑄴 -,Past
এই কারণে যখন ডাগি আসে তখন সবাই আসে,𑄃𑄬 𑄎𑄬𑄢𑄬𑄘𑄨 𑄡𑄬𑄇𑄴𑄬 𑄓𑄉𑄨𑄟𑄴 𑄥𑄬𑄇𑄴𑄬 𑄝𑄬𑄇𑄴𑄪𑄚𑄴 𑄃𑄬𑄥𑄴𑄳𑄠,Present
বামহাতি নাচগুলো এখন বািতে যাও,𑄝𑄉𑄨 𑄚𑄋𑄚𑄨 𑄥𑄬𑄇𑄴𑄬 𑄘𑄨𑄟𑄴 𑄃𑄨𑄇𑄴𑄬 𑄊𑄧𑄢𑄧𑄖𑄴 𑄡𑄧 ।,Present
এই কথাগুলো বলে রাজা চলে গেল,𑄃𑄬 𑄇𑄮𑄙𑄚𑄨 𑄇𑄳𑄆𑄮𑄚𑄬 𑄢𑄎𑄠𑄴 𑄡𑄬𑄝𑄢𑄴 𑄦𑄪𑄟𑄴 𑄘𑄨𑄣𑄧 ।,Past
লেজ ছেে থাকা দুঃখটা ভালো,𑄣𑄬𑄎𑄴 𑄍𑄢 𑄗𑄚 𑄘𑄪𑄇𑄴𑄈𑄚𑄴 𑄘𑄮𑄣𑄬 𑄥𑄮𑄢𑄬𑄣𑄧 ।,Present
এক জাতী শামুকের লেজটা কেটে গেল বাি,𑄃𑄨𑄇𑄴𑄳𑄠𑄬𑄢𑄨 𑄚𑄋𑄴 𑄝𑄪𑄎𑄨𑄣𑄧 𑄣𑄬𑄌𑄴𑄌𑄚𑄨 𑄉𑄬𑄣𑄧 𑄇𑄝,Past
এনে এনে ব্যাঙের ডিমগুলো এই ব ব তরকারি,𑄃𑄬𑄚𑄬 𑄃𑄬𑄚𑄬 𑄝𑄬𑄋𑄧 𑄉𑄧𑄛𑄴𑄛𑄚𑄴 𑄃𑄨𑄃𑄧𑄖𑄴 𑄉𑄮𑄣𑄴𑄪𑄋𑄴 𑄖𑄮𑄞 ।,Present
রংপুটি দিে সোনার বিে বোনো,𑄢𑄧𑄋𑄴𑄛𑄪𑄘𑄨𑄣𑄮𑄃𑄨 𑄥𑄮𑄚𑄝𑄨𑄢𑄴 𑄝𑄨𑄎𑄪𑄖𑄴 𑄝𑄬𑄢𑄚,Present
রংতুলি দিে সোনা বিঝুর জন্য ফুল তুলতেছে,𑄢𑄧𑄋𑄴𑄛𑄪𑄘𑄨𑄣𑄮𑄭 𑄥𑄮𑄚𑄝𑄨 𑄝𑄨𑄎𑄪𑄖𑄴𑄖𑄬𑄭 𑄜𑄪𑄣𑄴 𑄖𑄪𑄣𑄧𑄘𑄧𑄚𑄴 ।,Present
রংবেরঙের সোনা বিে ঘুরতেছে,𑄢𑄧𑄋𑄴𑄛𑄪𑄘𑄨𑄣𑄮𑄭 𑄥𑄮𑄚𑄝𑄨 𑄍𑄧𑄢𑄖𑄴 𑄉𑄘𑄧𑄘𑄧𑄚𑄴 ।,Present
রংবেরঙের সোনা বিে করার সম ফুল ফুটতেছে,𑄢𑄧𑄋𑄴𑄛𑄪𑄘𑄨𑄣𑄮𑄭 𑄥𑄮𑄚𑄝𑄨 𑄍𑄧𑄢𑄚𑄧𑄢𑄬 𑄎𑄪𑄘𑄨𑄚𑄬𑄭 𑄜𑄪𑄣𑄴 𑄞𑄎𑄘𑄧𑄚𑄴 ।,Present
বািে বসা বুোটা ফুলের গাদা দিে ববোনের বাসা বসে আছে,𑄊𑄧𑄢𑄧𑄖𑄴 𑄝𑄧𑄎𑄨 𑄉𑄪𑄢𑄧𑄞𑄬𑄭𑄝𑄱 𑄜𑄪𑄣𑄴𑄍𑄧𑄢 𑄉𑄘𑄢𑄴 𑄃 𑄝𑄧𑄢𑄴𑄝𑄮𑄚𑄴𑄚𑄮 𑄥𑄨𑄉𑄪𑄚𑄴 𑄊𑄧𑄢𑄧 𑄘𑄮𑄢𑄧𑄖𑄴 𑄑𑄋𑄢𑄴 ।,Present
রংবেরঙের সোনার গরু-ছাগলকে ফুলছাা পে দে,𑄢𑄧𑄋𑄴𑄛𑄪𑄘𑄨𑄣𑄮𑄭 𑄥𑄮𑄚𑄝𑄨 𑄉𑄧𑄢𑄪-𑄍𑄉𑄧𑄣𑄪𑄚𑄧𑄢𑄬 𑄜𑄪𑄣𑄴𑄍𑄧𑄢 𑄛𑄨𑄚𑄬𑄭 𑄘𑄬𑄘𑄧𑄚𑄴 ।,Present
তারা দুইজন মিলে পানি সেলাই করছে,𑄖𑄢 𑄘𑄨𑄝𑄮𑄚𑄬 𑄇𑄮𑄎𑄮𑄭 𑄛𑄚𑄨 𑄥𑄨𑄘𑄨 𑄘𑄬𑄘𑄧𑄚𑄴 ।,Present
রংবেরঙের সোনার বািে কুকুরগুলো ধান ছিঁে দিচ্ছে,𑄢𑄧𑄋𑄴𑄛𑄪𑄘𑄨𑄣𑄮𑄭 𑄥𑄮𑄚𑄝𑄨 𑄊𑄧𑄢𑄧 𑄃𑄪𑄘𑄧𑄚𑄧𑄖𑄴 𑄇𑄪𑄢𑄧𑄉𑄪𑄚𑄧𑄢𑄬 𑄙𑄚𑄴 𑄍𑄨𑄘𑄨 𑄘𑄬𑄘𑄧𑄚𑄴 ।,Present
"তারা দুই বোন পিঠা বানাচ্ছে,তার মা পিঠা বানাচ্ছে","𑄖𑄢 𑄘𑄨 𑄝𑄮𑄚𑄬 𑄛𑄨𑄘𑄳𑄠𑄬 𑄝𑄚𑄘𑄧𑄚𑄴, 𑄖𑄟𑄴𑄟 𑄛𑄨𑄘𑄬𑄃𑄚𑄨 𑄞𑄎 ।",Present
রংবেরঙের সোনাবি মা-বাবা এই লোকগুলোকে জুে দিচ্ছে,𑄢𑄧𑄋𑄴𑄛𑄪𑄘𑄨𑄣𑄮𑄭 𑄥𑄮𑄚𑄝𑄨 𑄟-𑄝𑄛𑄴 𑄃 𑄟𑄪𑄢𑄪𑄝𑄴𑄝𑄨𑄃𑄪𑄚𑄧𑄢𑄬 𑄎𑄪𑄏𑄪 𑄉𑄧𑄖𑄴𑄖𑄧𑄚𑄴 ।,Present
"গ্রাম করে নাচতে এসেছে,দুই বোন তাদেরকে দেখতে এসেছে","𑄃𑄘𑄟𑄧𑄖𑄴 𑄉𑄧𑄢𑄨𑄠𑄬 𑄚𑄎𑄨𑄠𑄬 𑄃𑄬𑄌𑄴𑄳𑄠𑄚𑄴, 𑄘𑄨 𑄝𑄮𑄚𑄬 𑄖𑄢𑄢𑄬 𑄌𑄬𑄝𑄖𑄴𑄖𑄬𑄭 ।",Present
বািে নাচিেরা একসাথে সুখ পেতেছে,𑄊𑄧𑄢𑄨𑄠𑄬 𑄚𑄎𑄨𑄠𑄬𑄃𑄪𑄚𑄧 𑄥𑄧𑄟𑄢𑄬 𑄉𑄪𑄢𑄧𑄃𑄪𑄚𑄧 𑄟𑄧𑄚𑄧 𑄈𑄪𑄎𑄨𑄠𑄬 ।,Present
জঙ্গল পরিষ্কার করা,𑄏𑄢𑄧𑄖𑄴 𑄝𑄌𑄴 𑄇𑄝𑄚,Present
স্বপ্নে দেখলে অনেক কাজ করতে হ,𑄝𑄨𑄖𑄴𑄘𑄪𑄖𑄴 𑄃 𑄥𑄪𑄚𑄨𑄣𑄬 𑄃𑄧𑄟𑄧𑄇𑄧𑄘𑄧 𑄇𑄟𑄴𑄟𑄱 ।,Present
তারা দুইজন জঙ্গলের বাঁশ কাটতে যাচ্ছে,𑄖𑄢 𑄘𑄨𑄎𑄧𑄚𑄬 𑄏𑄢𑄧 𑄝𑄌𑄴 𑄇𑄝 𑄡𑄘𑄧𑄚𑄴 ।,Present
জঙ্গলের মধ্যে যেন একটা পাখি লাফিে উঠল,𑄏𑄢𑄧𑄖𑄴 𑄡𑄬𑄚𑄬𑄃𑄨 𑄃𑄬𑄇𑄴𑄇𑄚𑄴 𑄛𑄬𑄇𑄴 𑄝𑄎𑄖𑄴 𑄃𑄪𑄘𑄨𑄣𑄇𑄴 ।,Past
.বিদাে রাতে খাওার জন্য রওনা হওা,𑄝𑄨𑄖𑄴𑄘𑄪𑄖𑄬 𑄢𑄬𑄘𑄮𑄖𑄴 𑄈𑄬𑄝𑄢𑄴 𑄢𑄚𑄬𑄢𑄴 ।,Present
শুনে দািে আনে,𑄥𑄪𑄚𑄨𑄣𑄬 𑄘𑄢𑄴𑄝𑄮 𑄖𑄮𑄉𑄬𑄃𑄨 𑄃𑄚𑄳𑄠𑄬 ।,Present
তাদের খাওার অভ্যাস,𑄖𑄢 𑄈 𑄙𑄧𑄢𑄴𑄣𑄇𑄴 ।,Present
রাতের বেলা মেেরা মাদুরের উপর ঘুমা,𑄢𑄬𑄘𑄮𑄖𑄴 𑄟𑄮𑄎𑄮𑄢𑄨 𑄞𑄨𑄘𑄨𑄢𑄬 𑄊𑄪𑄟𑄴 𑄡𑄚𑄴 ।,Present
বেইনটা তাদের বাঁশ কেটে ধরলো,𑄝𑄬𑄚𑄴𑄚𑄳𑄠 𑄖𑄢 𑄝𑄌𑄴 𑄇𑄝 𑄙𑄧𑄢𑄴𑄣𑄇𑄴 ।,Past
কাপের চালি বানানো হ,𑄝𑄌𑄴𑄌𑄪𑄚𑄴 𑄌𑄣𑄨 𑄝𑄚𑄨𑄣𑄇𑄴 ।,Present
টিনের চালা দিে তারা বাজারে গেল,𑄌𑄣𑄨𑄃𑄪𑄚𑄴𑄘𑄧𑄃𑄨 𑄌𑄧𑄢𑄘𑄨 𑄖𑄢 𑄝𑄎𑄢𑄧𑄖𑄴 𑄉𑄬𑄣𑄇𑄴 ।,Past
বাজারে বিচি বিচি,𑄝𑄎𑄢𑄧𑄖𑄴 𑄝𑄌𑄴𑄌𑄪𑄚𑄴 𑄝𑄬𑄎𑄨𑄣𑄇𑄴 ।,Present
সবাই অনেক টাকা পেেছে,𑄝𑄬𑄎𑄨𑄚𑄬𑄃𑄨 𑄞𑄣𑄪𑄇𑄴𑄇𑄪𑄚𑄴 𑄑𑄬𑄋 𑄛𑄬𑄣𑄇𑄴 ।,Present
"রগচটা, রগচটা, রগচটা",𑄢𑄧𑄎𑄬𑄠𑄬 : 𑄳𑄢𑄨𑄛𑄧𑄚𑄴 𑄖𑄳𑄢𑄨𑄛𑄪𑄢,Present
জঙ্গলের মাা,𑄏𑄢𑄧𑄢𑄴 𑄟𑄟𑄪,Present
"সেখানে এই, হরিণ, সাপ এই সেখানে আছে","𑄥𑄨𑄠𑄬𑄚𑄧𑄖𑄴 𑄃𑄬𑄃𑄨𑄖𑄴, 𑄦𑄧𑄢𑄨𑄋𑄴, 𑄥𑄛𑄴 𑄃 𑄥𑄨𑄠𑄬𑄣𑄴 𑄃𑄉𑄧𑄚𑄴",Present
"সেখানে এসি,অতিরিক্ত সাপ আছে সেখানে","𑄥𑄨𑄠𑄬𑄚𑄧𑄖𑄴 𑄃𑄬𑄥𑄨𑄖𑄴, 𑄃𑄧𑄢𑄨𑄋𑄴 𑄥𑄛𑄴 𑄃 𑄥𑄨𑄠𑄬𑄣𑄴 𑄃𑄉𑄧𑄚𑄴 ।",Present
জঙ্গলের মধ্যে এই পোকামাকগুলো সবসম আছে,𑄏𑄢𑄧 𑄉𑄎𑄴𑄥𑄪𑄚𑄧𑄘𑄧𑄭 𑄃𑄬𑄟𑄚𑄴 𑄃 𑄛𑄬𑄇𑄴𑄇𑄪𑄚𑄧𑄢𑄴 𑄎𑄧𑄘𑄧𑄛𑄧𑄘𑄬 𑄞𑄝𑄴 ।,Present
জঙ্গলের ভিতরে এক দিন মেে তাাতাি চলে যা,𑄏𑄢𑄧 𑄞𑄨𑄘𑄨𑄢𑄬 𑄃𑄬𑄇𑄴 𑄘𑄨𑄚𑄴𑄚𑄳𑄠𑄬 𑄟𑄟𑄪 𑄥𑄨𑄠𑄬𑄣𑄴𑄣𑄳𑄠𑄬𑄢𑄴 𑄟𑄬𑄣 𑄃𑄧𑄢𑄴 ।,Present
".মেলা ভ আছে,পেকে একটা গাছ আসতেছে","𑄟𑄬𑄣𑄖𑄴 𑄞𑄬𑄇𑄴 𑄃𑄬𑄟𑄚𑄴, 𑄛𑄬𑄇𑄴 𑄃 𑄉𑄎𑄴𑄥𑄪𑄚𑄴 𑄃𑄬𑄌𑄳𑄠𑄚𑄴 ।",Present
".মেলা তরকারি, বিেতে তরকারিটা রান্না করা হ","𑄟𑄬𑄣𑄖𑄴 𑄊𑄧𑄚𑄴𑄘𑄧, 𑄝𑄨𑄚𑄨𑄞𑄖𑄴 𑄃 𑄟𑄨𑄖𑄴𑄖𑄚𑄴𑄚𑄧 𑄢𑄚 𑄦𑄮𑄠𑄬 ।",Present
সবাই ভালো করে খেলো,𑄝𑄬𑄇𑄴𑄇𑄪𑄚𑄬 𑄎𑄧𑄘𑄧𑄝𑄧𑄘𑄬 𑄥𑄪𑄠𑄧𑄖𑄴 𑄉𑄧𑄢𑄨 𑄈𑄬𑄣𑄇𑄴 ।,Present
মেেটি সিেলকে কবুতরের ফুলের চা এনে দিল,𑄟𑄟𑄨 𑄥𑄨𑄠𑄬𑄣𑄧𑄚𑄨𑄢𑄬 𑄛𑄬𑄇𑄴𑄇𑄱 𑄜𑄪𑄣𑄴 𑄌𑄧𑄢 𑄃𑄚𑄨 𑄘𑄨𑄣𑄧 ।,Past
"কি কি আম,জাম,আনার আ কলা আনে","𑄇𑄨𑄠𑄧𑄠𑄴 𑄇𑄨𑄠𑄧𑄠𑄴 𑄃𑄟𑄴, 𑄎𑄟𑄴, 𑄃𑄚𑄌𑄴 𑄃 𑄇𑄧𑄣 𑄃𑄚𑄨 𑄘𑄪𑄃𑄧𑄚𑄴 ।",Present
পাহাের মেে তাাতাি তাাতাি খুঁজতে আসলাম,𑄟𑄟𑄪𑄣𑄧𑄭 𑄟𑄟𑄨 𑄥𑄨𑄠𑄬𑄣𑄳𑄠 𑄥𑄨𑄠𑄬𑄣𑄧𑄚𑄨 𑄎𑄧𑄘𑄬𑄛𑄧𑄘𑄬 𑄈𑄪𑄎𑄨 𑄃𑄧𑄣𑄇𑄴 ।,Past
"চাঁদি, চাঁদি",𑄌𑄚𑄧𑄢𑄴 𑄝𑄪𑄢𑄨,Present
সূর্য ডোবার সম এক মেে আসলো,𑄌𑄚𑄧 𑄘𑄬𑄎𑄧𑄖𑄴 𑄃𑄬𑄇𑄴𑄇𑄱 𑄝𑄪𑄢𑄧 𑄟𑄨𑄣𑄬 𑄃𑄬𑄣𑄧 ।,Past
এক দিন সে মন দিে ঘুরে বো,𑄃𑄬𑄇𑄴𑄘𑄨𑄚𑄴𑄚𑄳𑄠 𑄟𑄧𑄚𑄧 𑄈𑄪𑄎𑄨𑄠𑄬 𑄖𑄬 𑄃𑄉𑄎𑄧𑄖𑄴 𑄃𑄪𑄢𑄨 𑄝𑄬𑄢𑄢𑄴 ।,Present
বুোটাকে দেখে একটা রংচঙে পরী আসলো,𑄝𑄪𑄢𑄨𑄢𑄬 𑄘𑄬𑄉𑄨 𑄃𑄬𑄇𑄴𑄇𑄱 𑄢𑄧𑄋𑄴𑄌𑄧𑄋𑄴𑄋𑄳𑄠 𑄛𑄪𑄢𑄨 𑄃𑄬𑄣𑄧 ।,Past
পতে হবে বুোকে একটি সুঁচালো কাপ দিল,𑄛𑄧𑄢𑄨𑄝𑄱 𑄝𑄪𑄢𑄨𑄢𑄬 𑄃𑄬𑄇𑄴𑄇𑄚𑄴 𑄥𑄪𑄉𑄪𑄚𑄧 𑄇𑄝𑄧𑄢𑄴 𑄘𑄨𑄣𑄧 ।,Past
বুো সে কাপ পলো,𑄝𑄪𑄢𑄨 𑄥𑄬 𑄇𑄝𑄧𑄢𑄚𑄴 𑄛𑄨𑄚𑄨𑄣𑄧 ।,Present
বুোটা তার দোলে নিতে হবে,𑄝𑄪𑄢𑄨𑄢𑄬 𑄛𑄧𑄢𑄨𑄝𑄱 𑄖 𑄘𑄬𑄎𑄧𑄖𑄴 𑄚𑄬𑄎𑄬𑄣𑄧 ।,Future
পুা বুিটা তাাতাি নিে গেল,𑄛𑄧 𑄢𑄨𑄝𑄱 𑄝𑄪𑄢𑄨𑄢𑄬 𑄖-𑄘𑄬𑄎𑄖𑄴 𑄚𑄬𑄎𑄬𑄣𑄧 ।,Past
চামা বিি,𑄌𑄚𑄧𑄢𑄴 𑄝𑄨𑄢𑄨,Present
১ নম্বর বিজ্ঞপ্তি: ২০০৮,𑄷 𑄚𑄧𑄟𑄴𑄝𑄧𑄢𑄴 𑄜𑄧𑄉𑄧𑄘𑄋𑄴 : 𑄸𑄶𑄶𑄾,Present
.উভাগী,[ 𑄃𑄪𑄞𑄉𑄩𑄖 𑄴],Present
১.মাসে খেলার শীল না দিলে তোমাকে চিকন করে দেখতে পারতেছি না,𑄷. 𑄟𑄥𑄬 𑄈𑄬𑄣𑄧 𑄥𑄨𑄣𑄧 𑄇𑄬𑄃𑄨 𑄚𑄧 𑄘𑄬𑄣𑄬 𑄖𑄧𑄢𑄬 𑄌𑄨𑄇𑄧𑄚𑄴 𑄝𑄬𑄃𑄨 𑄚𑄧 𑄛𑄢𑄧𑄋- 𑄗𑄬𑄃𑄨 ।,Present
২. উের তলানি ছেে যেতে পারবো না তোমার মেে,𑄸. 𑄃𑄪𑄢𑄬𑄢𑄴 𑄛𑄧𑄇𑄴𑄈𑄨 𑄖𑄧𑄣𑄴 𑄍𑄬𑄃𑄨𑄠 𑄍𑄢𑄨𑄘𑄧 𑄚𑄧 𑄛𑄢𑄨𑄟𑄴 𑄖𑄧 𑄟𑄬𑄃𑄨𑄠 ।,Future
.তিন.ছাচা করলে তোমার হাতের পান খিলিক হে যাবে,𑄹.𑄍𑄧𑄢𑄍𑄧𑄢𑄨 𑄝𑄨𑄣𑄴 𑄦𑄧𑄝𑄧 𑄖𑄧𑄢𑄴 𑄦𑄘𑄧 𑄛𑄚𑄴 𑄈𑄨𑄣𑄨𑄇𑄴 𑄦𑄩𑄣𑄴 𑄦𑄧𑄝𑄧 ।,Future
বন থেকে ভের হরিণ সে তোমাকে না পেলে মরে যাবে,𑄺. 𑄝𑄧𑄚𑄧𑄖𑄴 𑄘𑄧𑄉𑄧𑄢𑄬𑄢𑄴 𑄦𑄧𑄢𑄨𑄋𑄴 𑄥𑄧 𑄖𑄧𑄢𑄬 𑄚𑄧 𑄘𑄬𑄣𑄬 𑄟𑄧𑄢𑄨𑄟𑄴 𑄝𑄧𑄧 ।,Future
এক.ডিঙি কুলে তোমার ঘাটে আমার আসল প্রাণটা আছে,𑄻.𑄓𑄨𑄋𑄴𑄉𑄨 𑄇𑄪𑄣𑄬𑄟𑄴𑄝𑄨 𑄖𑄧 𑄊𑄑𑄧𑄖𑄴 𑄟𑄧𑄢𑄴 𑄃𑄥𑄧𑄣𑄴 𑄟𑄪𑄣𑄴 𑄛𑄧𑄢𑄕𑄚𑄴 𑄖𑄧 𑄦𑄖𑄧𑄖𑄴 ।,Present
"১. (দা, ছুরি প্রভৃতি) শান দেওা; ২. (দা, ছুরি প্রভৃতির) শান",][,Present
এক জাতী মাছ,𑄜𑄧𑄢𑄈𑄪𑄣𑄧 𑄟𑄌𑄴𑄖𑄧𑄢𑄧 𑄛𑄱।,Present
তার বাবা-মা প্রাইমারী ইস্কুলের শিক্ষক,𑄖 𑄝𑄝𑄬 𑄈𑄬𑄋𑄧𑄖𑄳𑄠 𑄛𑄳𑄢𑄃𑄨𑄟𑄢𑄨 𑄃𑄨𑄥𑄴𑄇𑄪𑄣𑄧 𑄟𑄌𑄴𑄖𑄧𑄢𑄴।,Present
দুই ভাই এক বোন,𑄘𑄨 𑄞𑄬𑄃𑄨 𑄃𑄬𑄇𑄴𑄝𑄮𑄚𑄴।,Present
মাছ ধরার মেশিনটা গ্রামে বেশি খেেছে/মন দিে,𑄟𑄌𑄴𑄖𑄧𑄢𑄴 𑄃𑄨𑄎𑄬𑄝𑄬 𑄈𑄬𑄋𑄧𑄖𑄳𑄠𑄢𑄴 𑄃𑄘𑄟𑄧𑄖𑄴 𑄝𑄬𑄌𑄴 / .. 𑄟𑄚𑄴 𑄥𑄧𑄢𑄴𑄟𑄚𑄴।,Present
ব দিনে জাগা- জমি- জঙ্গল দিে সুন্দর বাগান,𑄝𑄝𑄧𑄢𑄴 𑄘𑄨𑄚𑄬 𑄎𑄉 - 𑄎𑄧𑄟𑄨𑄚𑄴𑄣𑄮𑄃𑄨 𑄃𑄳𑄦 𑄌𑄉𑄢𑄨 𑄛𑄧𑄃𑄨𑄎𑄳𑄠𑄬𑄣𑄮𑄃𑄨 𑄘𑄮𑄣𑄴 𑄉𑄨𑄢𑄨𑄖𑄴𑄖𑄨।,Present
দ্রুত কোন মাছ ধরতে না পারলে কে পারবে,𑄝𑄬𑄉𑄬 𑄇𑄧𑄚𑄴 𑄟𑄌𑄴𑄖𑄧𑄢𑄧 𑄛𑄱 𑄣𑄬𑄉 𑄚𑄧 𑄛𑄧𑄢𑄴𑄣𑄬 𑄇𑄧𑄚𑄴𑄚 𑄛𑄢𑄨𑄝𑄧।,Future
পৃথিবীতে সুখ-দুঃখ বেশি হ,𑄛𑄨𑄖𑄴𑄗𑄨𑄟𑄨 𑄥𑄪𑄘𑄮𑄟𑄴 𑄠𑄚𑄴 𑄝𑄬𑄣𑄬 𑄃𑄪𑄉𑄪𑄙𑄧 𑄝𑄬𑄌𑄴 𑄦𑄧𑄠𑄴।,Present
খোল মাছ ধরতেও সেটা হলো,𑄈𑄬𑄋𑄧𑄖𑄳𑄠 𑄟𑄌𑄴𑄖𑄧𑄎𑄳𑄠𑄬𑄖𑄴𑄖𑄬 𑄃𑄮 𑄥𑄨𑄠𑄚𑄴 𑄦𑄧𑄣𑄧।,Past
ভগবান না কি জানি খেে খেে মাছটা আর ঘুরতে পারে না,𑄞𑄧𑄉𑄧𑄝𑄚𑄴 𑄚𑄮 𑄇𑄨𑄖𑄳𑄠𑄬 𑄎𑄬𑄚𑄬 𑄈𑄬𑄋𑄧𑄖𑄳𑄠 𑄟𑄌𑄴 𑄖𑄧𑄎𑄳𑄠𑄖𑄴 𑄖𑄪𑄚𑄴 𑄃𑄧𑄚𑄳𑄠𑄧𑄟𑄧𑄇𑄳𑄠𑄬 𑄊𑄪𑄢𑄬 𑄚𑄬 / . . . 𑄛𑄨𑄖𑄴 𑄗𑄨𑄟𑄨𑄢𑄴 𑄇𑄧𑄚𑄧 𑄟𑄚𑄬𑄃𑄨𑄠𑄧𑄢𑄴 𑄈𑄧𑄝𑄧𑄢𑄴 𑄛𑄬𑄝𑄢𑄴 𑄚𑄧𑄠𑄴।,Present
ডাঙর ছেলে ম্যাট্রিক পরীক্ষা খেে কোন রকমে বেঁচে আছে,𑄓𑄋𑄧𑄢𑄴 𑄛𑄱 𑄝𑄮 𑄘𑄳𑄦𑄨𑄝𑄢𑄴 𑄟𑄬𑄑𑄳𑄢𑄨𑄇𑄴 𑄛𑄧𑄢𑄨𑄇𑄴 𑄈𑄬 𑄘𑄨 𑄇𑄧𑄚𑄧 𑄝𑄝𑄧𑄘𑄬 𑄒𑄬𑄣𑄨 𑄒𑄬𑄣𑄨 𑄃𑄃𑄨. 𑄃𑄬. 𑄛𑄥𑄴।,Present
বি. এ. ক্লাস ফাকি দিে যে কামরাটা রেছে সেটার কোনো চিহ্ন নেই,𑄝𑄨. 𑄃𑄬. 𑄇𑄬𑄣𑄎𑄧𑄖𑄴 𑄡𑄬𑄃𑄨𑄚𑄬 𑄍𑄧𑄢𑄖𑄴 𑄃𑄢𑄌𑄉𑄧𑄥𑄚𑄴 𑄡𑄬𑄃𑄨 𑄝𑄏𑄨 𑄢𑄧𑄣𑄧 𑄣𑄧𑄢𑄨𑄝𑄢𑄴 𑄣𑄧𑄇𑄴𑄈𑄧𑄚𑄴 𑄚𑄬𑄃𑄨।,Present
সেচের পানি এনে কোনো রকমে গোসল করার জন্য একটু সুযোগ পেল,𑄥𑄬𑄌𑄴𑄟𑄬𑄌𑄴 𑄝𑄱 𑄃𑄚𑄨 𑄘𑄨 𑄇𑄧𑄚𑄧 𑄝𑄝𑄧𑄘𑄬 𑄥𑄪𑄉𑄮 /𑄊𑄮 𑄝𑄳𑄦𑄧 𑄚𑄨𑄏𑄌𑄴 𑄍𑄢𑄨𑄝𑄢𑄴 𑄃𑄬𑄇𑄴𑄇 𑄎𑄪 𑄛𑄬𑄣𑄧।,Past
তার পরে ঝিটা বামে করে লালমািতে ভর্তি হলো,𑄖 𑄎𑄬𑄢𑄬 𑄏𑄨𑄝𑄮 𑄝𑄋𑄮𑄘𑄨 𑄟𑄬𑄑𑄳𑄢𑄨𑄇𑄴 𑄛𑄥𑄴 𑄉𑄧𑄢𑄨 𑄢𑄋𑄟𑄖𑄳𑄠𑄬 𑄇𑄧𑄣𑄬𑄎𑄧𑄖𑄴 𑄞𑄧𑄖𑄴𑄖𑄨 𑄦𑄧𑄣𑄧।,Past
সেকেন্ড এদিক ওদিক দৌাদৌি করে এক ছেলে দৌে বাি বানালে,𑄥𑄬𑄇𑄬𑄚𑄴𑄓𑄴 𑄃𑄨𑄠𑄢𑄧𑄖𑄴 𑄃𑄨𑄠𑄢𑄧𑄖𑄴 𑄃𑄪𑄪𑄖𑄳𑄠𑄬 𑄚𑄧 𑄃𑄪𑄖𑄳𑄠𑄬 𑄎𑄪𑄢𑄧𑄍𑄧𑄢𑄨 𑄃𑄬𑄇𑄴 𑄛𑄱 𑄣𑄮𑄃𑄨 𑄙𑄝 𑄘𑄨 𑄊𑄧𑄢𑄴 𑄝𑄚𑄨𑄣𑄨𑄉𑄮𑄃𑄨।,Past
. এনে এনে দেবতার সেবতটা সেখানে শেষ হ,𑄃𑄬𑄚𑄬 𑄃𑄬𑄚𑄬 𑄥𑄧𑄢𑄧𑄥𑄧𑄖𑄴𑄖𑄨 𑄘𑄬𑄝𑄨𑄢𑄴 𑄥𑄬𑄝𑄴𑄝𑄖𑄴𑄖 𑄝𑄋𑄮𑄘𑄨𑄖𑄴𑄖𑄪𑄚𑄴 𑄥𑄨𑄠𑄮𑄖𑄴 𑄠𑄮𑄃𑄨 𑄗𑄪𑄟𑄴।,Present
পাহাের মাটি দিে এই কাজটা শেষ হলো,𑄈𑄬𑄋𑄧𑄖𑄳𑄠 𑄟𑄌𑄴𑄖𑄧𑄎𑄳𑄠 𑄝𑄋𑄮𑄘𑄨𑄢𑄴 𑄃𑄬 𑄇𑄧𑄢𑄧𑄟𑄬 𑄃𑄙𑄥𑄪𑄏𑄨 - 𑄃𑄙𑄘𑄪𑄊𑄨 . . . 𑄦𑄧𑄣𑄧।,Past
ব্যাঙের দেহের রংটা কালো,𑄝𑄋𑄮𑄘𑄨𑄢𑄴 𑄇𑄨𑄃𑄨𑄠𑄬 𑄢𑄧𑄋𑄚𑄴 𑄢𑄧𑄋𑄚𑄴 𑄇𑄣।,Present
এখন কোন দিনে চামা লাল না হলে ভালো জামা পরা হ না,𑄃𑄨𑄇𑄴 𑄇𑄪 𑄘𑄨𑄚𑄮𑄖𑄴 𑄌𑄟𑄴 𑄢𑄋 𑄚𑄧 𑄦𑄧𑄣𑄬 𑄉𑄧𑄟𑄴 𑄎𑄟𑄬 𑄛𑄚 𑄃𑄊𑄖𑄳𑄠𑄬।,Present
খোল মাছ তাাতাি করে/খে নিতে পারে,𑄈𑄬𑄋𑄧𑄖𑄳𑄠 𑄟𑄌𑄴 𑄖𑄧𑄎𑄳𑄠 𑄥𑄨𑄠𑄚𑄴 𑄇𑄧𑄢𑄬 𑄇𑄧𑄢𑄬 / 𑄈𑄧𑄢𑄬 𑄈𑄨𑄢𑄬 𑄎𑄚𑄬।,Present
.এই মেেগুলো যেদিকে যাক না কেন সেখানে চিন্তা করলে বেগের কাঁটা উঠে,𑄃𑄳𑄦 𑄃𑄨𑄇𑄴 𑄇𑄪 𑄣𑄬𑄉𑄛𑄧𑄢 𑄎𑄚𑄳𑄠𑄬 𑄟𑄨𑄣𑄬𑄠𑄪𑄚𑄧𑄢𑄴 𑄞𑄨𑄚𑄴 𑄎𑄘𑄨 𑄣𑄧𑄚𑄉𑄮𑄃𑄨 𑄎𑄬 𑄎𑄨𑄖𑄴𑄝𑄖𑄴 𑄥𑄨𑄠𑄚𑄴 𑄞𑄝𑄨 𑄌𑄬𑄣𑄬 𑄝𑄬𑄉𑄧𑄢𑄴 𑄎𑄢𑄴 𑄇𑄘 𑄃𑄪𑄙𑄬।,Present
এই কথাটা খেে মাছ তাাতাি গেল,𑄃𑄬 𑄇𑄧𑄙𑄠𑄚𑄴 𑄈𑄬𑄋𑄧𑄖𑄳𑄠 𑄟𑄌𑄴 𑄖𑄧𑄎𑄳𑄠𑄢𑄴 𑄃𑄮 𑄎𑄚 𑄃𑄬𑄣𑄧।,Past
এখানে একটা মেে এত ব জামা পেছে,𑄃𑄨𑄚𑄴𑄘𑄨 𑄃𑄨𑄇𑄴𑄇𑄮𑄉𑄧𑄢𑄨 𑄏𑄨 𑄃𑄬𑄖𑄣𑄳𑄠𑄬𑄉𑄧𑄢𑄨 𑄎𑄟𑄬 𑄣𑄧𑄣𑄧𑄉𑄮𑄃𑄨!,Present
হাজার হোক মাছের ঝি,𑄦𑄎𑄢𑄴 𑄦𑄮𑄇𑄴 𑄟𑄌𑄴𑄖𑄧𑄢𑄧 𑄏𑄨।,Present
.সে একটু এদিক সেদিক করে ছেলেটাকে মেরে ফেলবে।,𑄖𑄬 𑄚𑄨 𑄃𑄬𑄇𑄴𑄇 𑄃𑄬𑄎𑄚𑄴 𑄉𑄧𑄢𑄨 𑄙𑄬𑄃𑄨 𑄡𑄬𑄃𑄨 𑄝𑄝𑄧𑄢𑄬 𑄟𑄚𑄴 𑄎𑄮𑄃𑄨𑄘𑄪 𑄖𑄧𑄣𑄬 𑄜𑄬𑄣𑄬𑄝𑄧!,Future
এই কথাটি খোল মাছের মুখে পে রাগে গিে উঠে,𑄃𑄬 𑄇𑄧𑄘𑄠𑄚𑄴 𑄈𑄬𑄋𑄖𑄳𑄠 𑄟𑄌𑄴 𑄖𑄧𑄎𑄳𑄠 𑄟𑄪𑄢𑄮𑄖𑄴 𑄛𑄧𑄢𑄨 𑄞𑄝𑄨𑄚𑄬 𑄢𑄉𑄬 𑄉𑄨𑄢𑄴 𑄉𑄨𑄢𑄬 𑄃𑄪𑄙𑄬।,Present
.পা পা বাঙিে যে শব্দ করে সেটা আমার মনে হ না,𑄛𑄧𑄣𑄳𑄠 𑄛𑄧𑄣𑄳𑄠 𑄝𑄋𑄮𑄘𑄨 𑄙𑄬𑄃𑄨 𑄡𑄨𑄠𑄬 𑄥𑄪𑄚𑄨𑄚𑄬 𑄞𑄬𑄋𑄧𑄖𑄳𑄠𑄢𑄴 𑄞𑄖𑄴 𑄛𑄚𑄨 𑄉𑄧𑄟𑄬 𑄟𑄪𑄠𑄮𑄖𑄴 𑄚𑄧 𑄃𑄪𑄙𑄨𑄣𑄧।,Present
বািতে দিন-দুাবাি করা,𑄊𑄧𑄢𑄧𑄖𑄴 𑄘𑄨𑄚𑄴 - 𑄘𑄪𑄠𑄬𑄇𑄴 𑄝𑄋𑄨𑄘𑄨𑄢𑄬 𑄉𑄧𑄝𑄨 𑄉𑄧𑄝𑄨 𑄉𑄧𑄋𑄬𑄣𑄴।,Present
এক জাতী মানুষ,𑄟𑄌𑄴𑄖𑄧𑄢𑄴 𑄟𑄚𑄪𑄌𑄴।,Present
লাজে কেন বাইরে যে মুখ দেখি,𑄣𑄎𑄬 𑄇𑄬𑄚𑄬 𑄝𑄢𑄬 𑄡𑄬𑄃𑄨 𑄟𑄪 𑄘𑄬𑄊𑄠𑄴।,Present
এত ব তার পাের চামা পতেছে না,𑄥𑄬𑄖𑄳𑄠𑄬 𑄖 𑄒𑄬𑄋𑄧 𑄈𑄪𑄌𑄴𑄌𑄪𑄚𑄴 𑄊𑄧𑄢𑄧 𑄥𑄋𑄪 𑄝𑄢 𑄚𑄧 𑄛𑄧𑄢𑄴𑄣𑄇𑄴।,Present
"এরাবো, সমাজ, গ্রাম এই বোই বুঝলো","𑄃𑄬𑄢𑄝𑄬𑄢, 𑄥𑄧𑄟𑄎𑄳𑄠, 𑄃𑄘𑄟𑄳𑄠𑄬 𑄃𑄬𑄃𑄨 𑄞𑄬𑄃𑄨𑄘𑄮 𑄝𑄪𑄏𑄬𑄣𑄇𑄴।",Past
খোলটা একটা কথা-বাঙি বািতে উঠতে হবে না,𑄈𑄬𑄋𑄧𑄖𑄳𑄠𑄢𑄴 𑄃𑄬𑄇𑄴𑄇𑄚𑄴 𑄇𑄧𑄘 - 𑄝𑄋𑄮𑄘𑄨 𑄊𑄧𑄢𑄧𑄖𑄴 𑄃𑄪𑄙𑄨 𑄚𑄧 𑄛𑄬𑄝𑄧।,Future
একটা ছেলে ব গর্ত করেছে সে/খাওা কি করছে,𑄃𑄬𑄇𑄴𑄘𑄊𑄨𑄠𑄬 𑄇𑄧𑄚𑄴 - 𑄎𑄧𑄚𑄨 𑄛𑄮 𑄝𑄮 𑄉𑄧𑄢𑄴𑄖𑄧 𑄖𑄬/ 𑄈𑄬𑄋𑄧𑄖𑄳𑄠 𑄇𑄨 𑄉𑄧𑄢𑄴𑄣𑄪𑄚𑄴।,Present
খোল মাছটা কোনো ভাত দে না,𑄈𑄬𑄋𑄧𑄖𑄳𑄠 𑄟𑄌𑄴𑄖𑄧𑄎𑄳𑄠 𑄇𑄧𑄚𑄧 𑄎𑄮𑄝𑄴 𑄚𑄧 𑄘𑄬।,Present
এই গরমটা আর সহ্য হবে না,𑄝𑄬𑄉𑄬 𑄝𑄪𑄏𑄨𑄣𑄇𑄴 𑄈𑄬𑄋𑄧𑄖𑄳𑄠 𑄟𑄌𑄴 𑄖𑄧𑄎𑄳𑄠 𑄝𑄋𑄮𑄘𑄨𑄢𑄬 𑄎𑄳𑄠𑄬𑄚𑄴𑄉𑄧𑄢𑄨 𑄖𑄙𑄨 𑄃𑄊𑄬 𑄃𑄬 𑄉𑄧𑄢𑄧𑄟𑄴𑄠𑄚𑄴 𑄃𑄨𑄇𑄴𑄇𑄪 𑄚𑄧 𑄎𑄪𑄢𑄬𑄝𑄧।,Future
. ফোঁাটা তত ব করে খেে দিবে,𑄜𑄧𑄢𑄈𑄪𑄣𑄧 𑄥𑄬𑄇𑄴 𑄇𑄬 𑄟𑄬𑄑𑄳𑄢𑄨𑄇𑄴 𑄛𑄧𑄢𑄨𑄇𑄴 𑄈𑄬 𑄘𑄨𑄝𑄧 𑄘𑄨𑄝𑄧।,Future
আরও আট দশটা মাছ সামনে আছে,𑄃𑄢𑄧 𑄃𑄑𑄳𑄠𑄧 𑄚𑄧 𑄟𑄥𑄴 𑄟𑄪𑄎𑄪𑄋𑄬 𑄃𑄊𑄬।,Present
তারা মনে করে এরা সবাই কলা খেেছে,𑄖𑄢 𑄝𑄪𑄏𑄨𑄠𑄬 𑄃𑄬𑄢𑄝𑄬𑄢𑄠𑄪𑄚𑄬 𑄇𑄧𑄣𑄇𑄴 - 𑄈𑄬𑄋𑄧𑄖𑄳𑄠 𑄘।,Present
বিদা দিে আসা বাতাসটা কি হবে,𑄝𑄨𑄘𑄨 𑄡𑄨𑄠𑄬𑄘𑄬 𑄥𑄳𑄠𑄬𑄚𑄴 𑄞𑄝𑄨𑄚𑄬 𑄃 𑄇𑄨 𑄦𑄧𑄝𑄧।,Future
পাহাে ফিরে যাওা,𑄟𑄪𑄎𑄪𑄋𑄬 𑄜𑄨𑄢𑄈𑄪𑄣𑄮𑄢𑄴 𑄛𑄧𑄢𑄨𑄇𑄴𑄈𑄬।,Present
তুমি সেটা চিন্তা করে স্থির হও,𑄖𑄪𑄃𑄨 𑄥𑄨𑄠𑄚𑄴 𑄞𑄝𑄨𑄚𑄬 𑄟𑄧𑄚𑄴𑄘𑄨𑄣𑄴 𑄗𑄨𑄘𑄧 𑄉𑄧𑄢𑄴।,Present
সারাদিন খোল করে রাগটা ঠিক হলো,𑄘𑄨𑄚𑄴 𑄉𑄧𑄋𑄨 𑄡𑄘𑄬 𑄈𑄬𑄋𑄧𑄖𑄳𑄠 𑄢𑄉𑄴𑄇𑄚𑄴 𑄎𑄪𑄢𑄬 𑄡 𑄙𑄧𑄢𑄴𑄣𑄧।,Past
.ফরাককে দেখে মনে হ এই দিনটা কেন ভালো হবে? খোলকে দো হলে সবাই সেটা পছন্দ করে,𑄜𑄧𑄢𑄈𑄪𑄣𑄧 𑄢𑄬 𑄌𑄬𑄃𑄨 𑄌𑄬𑄃𑄨 𑄟𑄪𑄎𑄪𑄋𑄮 𑄘𑄨𑄚𑄪𑄚𑄴 𑄇𑄬𑄚𑄬 𑄉𑄧𑄟𑄴 𑄦𑄧𑄝𑄇𑄴 𑄃𑄨𑄠𑄚𑄴 𑄚𑄧𑄃𑄨 𑄃𑄨𑄇𑄴𑄇𑄪 𑄞𑄝𑄧𑄚 - 𑄈𑄬𑄋𑄧𑄖𑄳𑄠𑄢𑄬 𑄘𑄬𑄣𑄬 𑄝𑄬𑄇𑄴𑄇𑄪𑄚𑄬 𑄥𑄨𑄠𑄚𑄴 𑄇𑄨𑄠𑄬𑄥𑄴 𑄉𑄧𑄢𑄧𑄚𑄴।,Present
. ফরাগুলের আঠালো মনটা ভালো না,𑄜𑄧𑄢𑄈𑄪𑄣𑄧𑄢𑄴 𑄣𑄬𑄉𑄛𑄧𑄢 𑄟𑄧𑄚𑄴 𑄗𑄬𑄣𑄬𑄃𑄮 𑄟𑄙𑄝𑄮 𑄃𑄬𑄇𑄴𑄇 𑄉𑄧𑄟𑄴 𑄚𑄧𑄠𑄴।,Present
খেংটা আমি তাকে বেইন মারে,𑄈𑄬𑄋𑄧𑄖𑄳𑄠 𑄃𑄟𑄨𑄎𑄬 𑄖𑄢𑄬 𑄇𑄧𑄢𑄛𑄨𑄚𑄴 𑄟𑄢𑄬 - 𑄛𑄪𑄖𑄴।,Present
এক জাতী পাখি,𑄟𑄌𑄴𑄖𑄧𑄢𑄧 𑄛𑄱।,Present
.তাকে ভালোভাবে বসাতে হবে,𑄖𑄧𑄖𑄴𑄖𑄪𑄚𑄴 𑄉𑄧𑄟𑄬 𑄣𑄬𑄉 𑄛𑄢 𑄛𑄧𑄢𑄨𑄝𑄧।,Future
.নিঃশব্দে বিাল করতে হ,𑄚𑄨𑄖𑄳𑄠𑄧 𑄇𑄝𑄧𑄘𑄬 𑄝𑄬𑄣𑄬 𑄉𑄌𑄴𑄌𑄮 𑄛𑄧𑄢𑄬।,Present
.আবর্জনাগুলো শুনতে শুনতে এক কান দিে চলে আসলো।,𑄜𑄧𑄢𑄈𑄪𑄣𑄧 𑄃𑄬 𑄇𑄧𑄘𑄠𑄚𑄴 𑄥𑄪𑄚𑄨𑄘𑄬 𑄥𑄪𑄚𑄧𑄘𑄬 𑄃𑄬𑄇𑄴 𑄇 𑄎𑄬𑄚𑄬 𑄦𑄣𑄧𑄖𑄴 𑄃𑄬𑄣𑄧।,Past
"কালো মাথা ভালো না হলে,ভ মাথা কি আরও ধার হ","𑄇𑄣𑄨𑄇𑄴 𑄟𑄙 𑄉𑄧𑄟𑄴 𑄚𑄧 𑄦𑄧𑄣𑄬, 𑄞𑄮𑄘 𑄖𑄉𑄧𑄣𑄴 𑄇𑄨 𑄃𑄢𑄴 𑄙𑄢𑄴 𑄦𑄧𑄠𑄴!",Present
তোমাদের সবার সম পরীক্ষা তার ভালো ফল হবে,𑄖𑄮 𑄝𑄬𑄇𑄴𑄇𑄪𑄚𑄧𑄢𑄴 𑄃𑄏 𑄟𑄬𑄑𑄳𑄢𑄨𑄇𑄴 𑄛𑄧𑄢𑄨𑄇𑄴𑄈𑄬𑄖𑄴 𑄖𑄢𑄴 𑄉𑄧𑄟𑄴 𑄜𑄧𑄣𑄴 𑄦𑄧𑄝𑄧।,Future
ইন দুই হাজার হলেও ঝি,𑄃𑄨𑄚𑄴 𑄘𑄨 𑄦𑄎𑄢𑄴 𑄦𑄧𑄣𑄬𑄠𑄮 𑄏𑄨।,Present
বাঁশের কঞ্চি দিে উপরে উঠে অনেক ব ব নিশ্বাস পে,𑄝𑄋𑄮𑄘𑄨𑄢𑄴 𑄇𑄧𑄘 𑄃𑄩𑄙𑄮𑄖𑄴 𑄃𑄪𑄙𑄨𑄚𑄬 𑄈𑄬𑄋𑄧𑄖𑄳𑄠 𑄃𑄧𑄇𑄴𑄖𑄧 𑄃𑄧𑄇𑄴𑄖𑄧 𑄝𑄳𑄦𑄧 𑄚𑄨𑄏𑄌𑄴 𑄍𑄢𑄬।,Present
. ফোঁাটা পরীক্ষা শেষ হেছে।,𑄜𑄧𑄢𑄈𑄪𑄣𑄮𑄢𑄴 𑄟𑄬𑄑𑄳𑄢𑄨𑄇𑄴 𑄛𑄧𑄢𑄨𑄇𑄴𑄈𑄬 𑄗𑄪𑄟𑄴 𑄦𑄮𑄃𑄨 𑄜𑄧𑄣𑄴 𑄚𑄨𑄉𑄨𑄣𑄨𑄣𑄧।,Present
এত দিনে ভগবান একটু জেনে খোলের চোখ বন্ধ করলো,𑄃𑄬𑄘𑄧𑄇𑄴 𑄘𑄨𑄚𑄬 𑄞𑄧𑄉𑄧𑄝𑄚𑄳𑄠𑄬 𑄃𑄬𑄇𑄴𑄇 𑄎𑄬𑄚𑄬 𑄈𑄬𑄋𑄧𑄖𑄳𑄠𑄢𑄬 𑄌𑄮𑄇𑄴 𑄛𑄨𑄏𑄨 𑄢𑄨𑄚𑄨 𑄌𑄬𑄣𑄧।,Past
"বাবা-মা একটু রেছে,কুলও হলো","𑄝𑄝𑄧-𑄛𑄪𑄘𑄧𑄢𑄴 𑄟𑄚𑄴 𑄃𑄮 𑄃𑄬𑄇𑄴𑄇 𑄢𑄧𑄣𑄧, 𑄇𑄪𑄣𑄴 𑄃𑄮 𑄦𑄧𑄣𑄧।",Past
খোলটাকে কল -পুত,𑄈𑄬𑄋𑄧𑄖𑄳𑄠𑄢𑄬 𑄜𑄧𑄢𑄈𑄪𑄣𑄧𑄢𑄬 𑄇𑄧𑄣𑄧 - 𑄛𑄪𑄖𑄴।,Present
আই. এ. রঙের পা,𑄃𑄃𑄨. 𑄃𑄬. 𑄥𑄧𑄋𑄴 𑄢𑄋𑄟𑄖𑄳𑄠𑄬 𑄛𑄧𑄢𑄴।,Present
ভালো রেজাল্ট হলে দূরে যাওা যা,𑄎𑄬𑄢𑄬 𑄉𑄧𑄟𑄴 𑄢𑄬𑄎𑄣𑄴𑄑𑄴 𑄦𑄧𑄣𑄬 𑄘𑄪𑄢𑄮𑄖𑄴 𑄞𑄧𑄖𑄴𑄖𑄨 𑄦𑄮𑄌𑄴𑄌𑄮𑄃𑄨।,Present
সে দিন তাাতাি লালমাি কলেজ ভর্তি হেছে,𑄥𑄨𑄎𑄨 𑄘𑄨𑄚𑄴 𑄌𑄬𑄃𑄨 𑄜𑄧𑄢𑄈𑄪𑄣𑄧 𑄢𑄋𑄟𑄖𑄳𑄠𑄬 𑄇𑄧𑄣𑄬𑄎𑄧𑄖𑄴 𑄞𑄧𑄖𑄴𑄖𑄨 𑄦𑄧𑄣𑄧।,Present
. থাকার জাগা হলো পিঞ্জরের ঘর,𑄗𑄬𑄝𑄢𑄴 𑄎𑄉 𑄦𑄧𑄣𑄧 - 𑄛𑄨𑄎𑄬𑄋 𑄊𑄧𑄢𑄧𑄖𑄴।,Present
.ফরাকুল কলেজ ভে ভে খোল করা শেষ হ না,𑄜𑄧𑄢𑄈𑄪𑄣𑄧 𑄇𑄧𑄣𑄬𑄎𑄧𑄖𑄴 𑄞𑄧𑄖𑄴 𑄖𑄨 𑄦𑄧𑄣𑄬𑄃𑄮 𑄈𑄬𑄋𑄧𑄖𑄳𑄠𑄢𑄴 𑄌𑄨𑄙𑄬 𑄉𑄧𑄢𑄚 𑄎𑄬𑄚𑄬 𑄗𑄪𑄟𑄴 𑄚𑄧 𑄦𑄧𑄠𑄴।,Present
"নিে ছেলেটার কি হ নাই, কি হে এই বাচ্চাটা তাকে দেখে বেে থাকে","𑄚𑄨𑄖𑄳𑄠𑄧 𑄛𑄱𑄝𑄮𑄢𑄴 𑄇𑄨 𑄦𑄧𑄢𑄴 𑄚𑄨 , 𑄇𑄨 𑄦𑄧𑄢𑄴 𑄃𑄬 𑄌𑄨𑄙𑄬𑄠𑄚𑄴 𑄖𑄢𑄬 𑄎𑄬𑄚𑄬 𑄝𑄬𑄢𑄬𑄃𑄨 𑄗𑄠𑄴।",Present
খেে দো জানে মরে যাওার শেষ হনা তার মাথা,𑄈𑄬𑄋𑄧𑄖𑄳𑄠 𑄎𑄚𑄬 𑄟𑄧𑄢 𑄜𑄬𑄘𑄬𑄢 𑄃𑄬 𑄛𑄱 𑄝𑄮𑄢𑄴 𑄣𑄬𑄉𑄛𑄧𑄢 𑄗𑄪𑄟𑄴 𑄚𑄧 𑄦𑄧𑄠𑄴 𑄥𑄧𑄋𑄴 𑄖𑄢𑄴 𑄌𑄨𑄙𑄬𑄠𑄚𑄴 𑄟𑄙𑄖𑄴𑄖𑄪𑄚𑄴 𑄚𑄧 𑄡𑄬𑄝𑄧।,Present
এই দিনে সেটা মাথা থাকে না,𑄃𑄬 𑄘𑄨𑄚𑄴 𑄇𑄣𑄧𑄖𑄴 𑄥𑄨𑄠𑄚𑄴 𑄟𑄙𑄖𑄴 𑄚𑄧 𑄢𑄊𑄬𑄚𑄬 𑄚𑄧 𑄦𑄧𑄠𑄴।,Present
সে অনেক বেশি খেেছে তার বািতে যে মনটা পাতলা করে আসে,𑄥𑄬𑄖𑄳𑄠𑄬 𑄃𑄧𑄇𑄴𑄖𑄧 𑄃𑄧𑄇𑄴𑄖𑄧 𑄈𑄬𑄋𑄧𑄖𑄳𑄠 𑄢𑄋𑄟𑄖𑄳𑄠𑄬 𑄖 𑄝𑄮𑄚𑄧 𑄊𑄧𑄢𑄧𑄖𑄴 𑄡𑄬𑄃𑄨 𑄟𑄧𑄚𑄚𑄧𑄢𑄬 𑄛𑄘𑄧𑄣𑄴 𑄉𑄧𑄢𑄨 𑄃𑄬𑄎𑄬𑄉𑄮𑄃𑄨।,Present
এক জাতী মাছ,𑄜𑄉𑄮𑄚𑄴 𑄟𑄥𑄴।,Present
বিঝুর সম আসতেছে,𑄝𑄨𑄏𑄪 𑄊𑄧𑄚𑄬𑄃𑄨 𑄃𑄬𑄎𑄬𑄢𑄴।,Present
. ফোঁা ঔষধি খেে বমি করবে।,𑄜𑄧𑄢𑄈𑄪𑄣𑄧𑄢𑄴 𑄛𑄧𑄢𑄨𑄇𑄴 𑄈𑄬 𑄙𑄪𑄝𑄧𑄙𑄪𑄝𑄨।,Future
খোল লালিমা তার বোন বািতে বসে আছে,𑄈𑄬𑄋𑄧𑄖𑄳𑄠 𑄢𑄋𑄟𑄖𑄳𑄠𑄬𑄖𑄴 𑄖 𑄝𑄮𑄚𑄧 𑄊𑄧𑄢𑄧𑄖𑄴 𑄝𑄮𑄃𑄨 𑄃𑄊𑄬।,Present
এই কাজে দুই তিনদিনও টিকলো না,𑄃𑄧𑄞𑄨𑄎𑄧 𑄇𑄟𑄬 𑄘𑄨 𑄖𑄨𑄚𑄴 𑄘𑄨𑄚𑄴 𑄥𑄧𑄋𑄴 𑄚𑄧 𑄖𑄋𑄧𑄢𑄬𑄢𑄴।,Past
সিঁি শামুকের মতো কর্মঠ,𑄥𑄨𑄚𑄳𑄠𑄬 𑄥𑄧𑄋𑄴 𑄃𑄧𑄞𑄨𑄎𑄧 𑄇𑄟𑄧 𑄙𑄧𑄌𑄴।,Present
তার কালো হলে বোই বািে নিে যাবে,𑄖 𑄇𑄬𑄣𑄳𑄠𑄬 𑄦𑄧𑄣𑄬 𑄝𑄬𑄚𑄳𑄠𑄬 𑄊𑄧𑄢𑄧𑄖𑄴 𑄣𑄧𑄢𑄴 𑄘𑄨𑄝𑄧।,Future
বেইনটা কেটে চা খাওার সম ঠিক করো,𑄝𑄬𑄚𑄳𑄠𑄬 𑄞𑄬𑄃𑄨𑄈𑄃𑄨 𑄌 𑄈𑄬𑄝𑄢𑄴 𑄎𑄪𑄉𑄮𑄣𑄴 𑄉𑄧𑄢𑄴 𑄖𑄧𑄚𑄴।,Present
এত ব ব করে আরেকটা ছেলে এই খোলকে সালাম করতেছে,𑄃𑄳𑄠𑄬𑄚𑄴 𑄃𑄧𑄇𑄴 𑄖𑄧𑄖𑄴 𑄝𑄋𑄮𑄘𑄨𑄣𑄮𑄃𑄨 𑄃𑄢𑄧 𑄃𑄬𑄇𑄴𑄇𑄮 𑄛𑄱 𑄃𑄬𑄃𑄨 𑄈𑄬𑄋𑄧𑄖𑄳𑄠𑄢𑄬 𑄥𑄣𑄟𑄴 𑄉𑄧𑄢𑄨 𑄛𑄧𑄢𑄴𑄣𑄇𑄴𑄇𑄨।,Present
খোল বোন হরিণের পাে দৌাদৌি করে,𑄈𑄬𑄋𑄧𑄖𑄳𑄠 𑄝𑄮𑄚𑄴 𑄚𑄧𑄢𑄬 𑄒𑄬𑄋𑄴 𑄝𑄬𑄢𑄬𑄃𑄨 𑄥𑄣𑄋𑄴 𑄉𑄧𑄢 𑄙𑄧𑄢𑄴 𑄣𑄇𑄴।,Present
খোলটা ফিরে আছে,𑄈𑄬𑄋𑄧𑄖𑄳𑄠 𑄟𑄪 𑄜𑄨𑄢𑄬𑄃𑄨 𑄃𑄊𑄬।,Present
বাঁশটা দিে তার কাঁধটা শক্ত করে উঠল,𑄝𑄋𑄮𑄘𑄨𑄢𑄬 𑄘𑄬𑄚𑄬 𑄝𑄪𑄇𑄴𑄇𑄮 𑄖𑄢𑄴 𑄥𑄀𑄖𑄴 𑄉𑄧𑄢𑄨 𑄃𑄪𑄙𑄨𑄣𑄧।,Past
কালিটা নিজে নিজে নিে নিল,𑄇𑄣𑄨𑄇𑄴 𑄚𑄨𑄎𑄧𑄢𑄬 𑄥𑄟𑄴 𑄣𑄬 𑄚𑄨𑄣𑄧।,Past
বাঁশটা যে তার পাশে আছে সেটা ধরে নিে যাচ্ছে,𑄝𑄋𑄮𑄘𑄨 𑄃𑄳𑄦 𑄖 𑄎𑄟𑄬𑄝𑄮 𑄎𑄬 𑄖𑄬 𑄃𑄊𑄬 𑄥𑄪𑄚𑄨𑄚𑄬 𑄘𑄬𑄊 𑄉𑄧𑄢𑄴𑄖𑄧𑄚𑄴𑄘𑄨 𑄥𑄨𑄠𑄚𑄴 𑄙𑄧𑄢𑄨 𑄛𑄎𑄳𑄠𑄬।,Present
তো তার মুখ বন্ধ,𑄖𑄮 𑄖𑄢𑄴 𑄟𑄪 𑄝𑄧𑄚𑄴।,Present
খোলটাকে বলার জন্য অনেক কাঁদিেছে সে,𑄈𑄬𑄋𑄧𑄖𑄳𑄠 𑄝𑄋𑄮𑄘𑄨𑄢𑄬 𑄇𑄧𑄝𑄢𑄴 𑄃𑄬𑄣𑄧 𑄞𑄣𑄧𑄇𑄴 𑄇𑄚𑄨।,Present
কালি না মাা হেছে,𑄇𑄣𑄨𑄇𑄴 𑄚𑄧 𑄟𑄙𑄨 𑄢𑄧𑄣𑄧।,Present
হাজার হলেও ঝি,𑄦𑄎𑄢𑄴 𑄦𑄧𑄣𑄬𑄃𑄮 𑄏𑄨।,Present
ঝিঙেটাকে মেেটা নিচে ফেললো,𑄏𑄨𑄝𑄮𑄢𑄬 𑄎𑄟𑄬𑄃𑄨𑄝𑄮 𑄖𑄧𑄣𑄬 𑄚𑄧 𑄜𑄬𑄣𑄬𑄣𑄧।,Past
খোলকে তার বোন বেশি বেশি নিে চে,𑄈𑄬𑄋𑄧𑄖𑄳𑄠𑄢𑄬 𑄖 𑄝𑄮𑄚𑄴 𑄚𑄮 𑄊𑄧𑄚𑄧 𑄊𑄧𑄚𑄧 𑄢𑄨𑄚𑄨 𑄌𑄢𑄴।,Present
আরও এক ব ব্যাঙকে বেে চে,𑄃𑄢𑄧 𑄃𑄬𑄇𑄴 𑄝𑄢𑄴 𑄝𑄋𑄮𑄘𑄨𑄢𑄬 𑄢𑄨𑄚𑄨 𑄌𑄢𑄴।,Present
পাহাের সাথে কথা বলা যা না,𑄟𑄮𑄖𑄴𑄖𑄪𑄚𑄴 𑄇𑄧𑄘 𑄚𑄧 𑄥𑄪𑄘𑄬𑄢𑄴।,Present
আরও তোমার বাপকে ধরে খেে নাও,𑄃𑄢𑄧 𑄖𑄧 𑄝𑄝𑄧 𑄒𑄬𑄋𑄧𑄖𑄴 𑄙𑄧𑄢𑄨 𑄈𑄬𑄟 𑄌𑄧।,Present
খোল পাাটা সহজ খোল পাাটা পারেনা,"𑄈𑄬𑄋𑄧𑄖𑄳𑄠 𑄒𑄬𑄋𑄚𑄨 𑄥𑄪𑄟𑄪𑄢𑄨𑄘𑄧 𑄌𑄢𑄴, 𑄚𑄧 𑄛𑄢𑄬𑄢𑄴।",Present
ঝেে খেে দো বোন যে বািতে থাকে,𑄎𑄬𑄢𑄬 𑄈𑄬𑄋𑄧𑄖𑄳𑄠 𑄝𑄮𑄚𑄴 𑄚𑄮 𑄇𑄧𑄣𑄧 - 𑄡𑄧 𑄊𑄧𑄢𑄧 𑄞𑄨𑄘𑄨𑄢𑄬।,Present
ভাত খেে তারপর সে যা,𑄞𑄖𑄴 𑄈𑄬𑄃𑄨 𑄈𑄃𑄨 𑄖𑄬 𑄡𑄨𑄠𑄮।,Present
তাদের কথা তার বাির ছিদ্র থেকে বুদবুদ বের হ,𑄖𑄢𑄢𑄴 𑄇𑄧𑄘𑄝𑄖𑄴 𑄖 𑄥𑄪𑄚𑄨 𑄊𑄧𑄢𑄧 𑄞𑄨𑄘𑄨𑄢𑄬𑄖𑄴𑄖𑄪𑄚𑄴 𑄜𑄧𑄢𑄈𑄪𑄣𑄧 𑄚𑄨𑄉𑄨𑄣𑄧𑄉𑄨।,Present
.ব্যাঙটা পাহাের উপর দাঁিে চোখের পানি ফেলতেছে,𑄝𑄋𑄮𑄘𑄨 𑄜𑄧𑄢𑄈𑄪𑄣𑄧𑄢𑄬 𑄘𑄬𑄃𑄨 𑄓𑄬𑄚𑄴 𑄦𑄘𑄬 𑄃𑄏𑄉𑄧𑄢𑄨 𑄙𑄧𑄢𑄨 𑄌𑄮𑄉𑄧𑄛𑄚𑄨 𑄜𑄬𑄣 𑄙𑄧𑄢𑄴𑄣𑄧।,Present
ফোঁাগুলো কোনো রকমে কান্না করতেছে,𑄜𑄧𑄢𑄈𑄪𑄣𑄧𑄠𑄮 𑄇𑄧𑄚𑄧 𑄝𑄝𑄧𑄘𑄬 𑄇𑄚𑄚 𑄖𑄧𑄢𑄨 𑄢𑄧𑄣𑄧।,Present
ফানুসটা তাদেরকে বাির ভিতরে নিে যাবার সা দিল,𑄜𑄧𑄢𑄈𑄪𑄣𑄧 𑄛𑄨𑄏𑄬𑄋𑄝𑄮 𑄖𑄢𑄢𑄬 𑄊𑄧𑄢𑄧 𑄞𑄨𑄘𑄨𑄢𑄬 𑄚𑄨𑄝𑄢𑄴 𑄥𑄂𑄢𑄴 𑄘𑄨𑄣𑄧।,Past
তারা তিন জন বািতে সমবেত,𑄖𑄢 𑄖𑄨𑄚𑄴 𑄎𑄧𑄚𑄴 𑄊𑄧𑄢𑄧 𑄞𑄨𑄘𑄨𑄢𑄬 𑄥𑄧𑄟𑄨𑄣𑄇𑄴।,Present
বাির ভিতরে আগুন জ্বালানোর পর তার পিে থাকা বাচ্চাটা না না কথা বলতেছে,𑄊𑄧𑄢𑄧 𑄞𑄨𑄘𑄨𑄢𑄬 𑄝𑄋𑄮𑄘𑄨𑄘𑄊𑄨𑄣𑄮𑄃𑄨 𑄖 𑄛𑄨𑄏𑄬𑄋 𑄛𑄱 𑄏𑄨𑄉𑄪𑄚𑄧𑄢𑄴 𑄚 𑄚 𑄇𑄧𑄘 𑄇𑄪𑄠𑄮 𑄇𑄨 𑄌𑄧𑄣𑄬𑄢𑄴।,Present
কালো বাির ভিতরে কী হেছে জানিনা,𑄇𑄣𑄨𑄇𑄴 𑄊𑄧𑄢𑄧 𑄞𑄨𑄘𑄨𑄢𑄬 𑄇𑄨 𑄦𑄧𑄢𑄴 𑄈𑄬𑄋𑄧𑄖𑄳𑄠 𑄃𑄳𑄦 𑄝𑄮𑄚𑄴𑄚𑄮𑄢𑄴 𑄇𑄚𑄴 𑄥𑄨𑄚𑄴𑄘𑄨 𑄚𑄬𑄃𑄨।,Present
অনেক ব করে খেেছি বোনটির তুংপুটি মা,𑄞𑄣𑄧𑄇𑄴𑄈𑄧𑄚𑄴 𑄃𑄧𑄣𑄧𑄢𑄴𑄉𑄧𑄢𑄨 𑄗𑄬𑄃𑄨 𑄈𑄬𑄋𑄧𑄖𑄳𑄠 𑄝𑄮𑄚𑄴𑄚𑄮 𑄖𑄪𑄋𑄴𑄛𑄪𑄘𑄨 𑄟 𑄇𑄧𑄣𑄧 - 𑄘।,Present
কি আরও দুঃখ আছে,𑄇𑄨 𑄃𑄢𑄴 𑄉𑄧𑄢𑄨𑄝𑄢𑄴 𑄃𑄊𑄬।,Present
. তারপর আবার কল - হেছে কাজ কি ফেরার আছে,𑄎𑄬𑄢𑄬 𑄃𑄢𑄧 𑄇𑄧𑄣𑄧 - 𑄦𑄪𑄠𑄬𑄘𑄬 𑄇𑄟𑄴 𑄇𑄨 𑄜𑄨𑄢𑄬𑄝𑄢𑄴 𑄃𑄊𑄬।,Present
খোল চোখগুলো ধীরে ধীরে কি যেন ভাবতেছে,𑄈𑄬𑄋𑄧𑄖𑄳𑄠 𑄌𑄮𑄇𑄴𑄈𑄪𑄚𑄴 𑄣𑄢𑄬𑄃𑄨 𑄣𑄢𑄬𑄃𑄨 𑄇𑄨 𑄎𑄳𑄠𑄬𑄚𑄴 𑄞𑄝𑄬𑄢𑄴।,Present
.তার বোন তার সাথে কোনো কথা বলে নাই,𑄖 𑄝𑄮𑄚𑄴𑄚𑄮 𑄖𑄪𑄋𑄴𑄛𑄪𑄘𑄨 𑄟𑄢𑄴 𑄇𑄧𑄘 𑄇𑄧𑄚𑄧 𑄎𑄮𑄝𑄴 𑄚𑄧 𑄘𑄨𑄣𑄧।,Past
মনে মনে কি চিন্তা করছে,𑄟𑄧𑄚𑄬 𑄟𑄧𑄚𑄬 𑄇𑄨 𑄞𑄝𑄬𑄢𑄴 𑄇𑄨𑄎𑄬𑄚𑄨।,Present
আমি তার সাথে তর্ক করতে পারতেছি না,𑄟𑄪𑄠𑄚𑄴𑄘𑄧𑄃𑄨 𑄝𑄪𑄏𑄧 𑄡𑄢𑄴 𑄖𑄬 𑄖𑄬𑄉𑄖𑄴𑄛𑄧𑄢𑄨 𑄟𑄖𑄴 𑄥𑄪𑄘𑄬 𑄚𑄧 𑄛𑄢𑄬𑄢𑄴।,Present
খোলের মতো বািতে যে বাঁশটা লাগানো হ সেটা হ,𑄈𑄬𑄋𑄧𑄖𑄳𑄠 𑄎𑄚𑄬 𑄊𑄧𑄢𑄧𑄖𑄴 𑄡𑄬𑄃𑄨 𑄝𑄋𑄮𑄘𑄨 𑄟𑄣𑄮𑄃𑄨 𑄥𑄧𑄣𑄴 𑄣𑄉𑄧𑄢𑄨 𑄎𑄬𑄢𑄬 𑄡𑄨𑄠𑄚𑄴 𑄦𑄧𑄘𑄧 𑄥𑄖𑄴।,Present
একটি নীল কান্না করলে বামে মা দুঃখ দিবে,𑄃𑄨𑄇𑄴𑄇𑄪 𑄇𑄧𑄚𑄧𑄇𑄴 𑄇𑄚𑄴 𑄉𑄧𑄢𑄨𑄣𑄬 𑄝𑄋𑄮𑄘𑄨 𑄟 𑄘𑄪𑄌𑄴 𑄘𑄨𑄝𑄧।,Future
তুংপুটি মা এবার কল দে,𑄖𑄪𑄋𑄴𑄛𑄪𑄘𑄨 𑄟 𑄃𑄬𑄝𑄢𑄧𑄖𑄴 𑄇𑄧𑄣𑄧 - 𑄘।,Present
কি মনে হ,𑄇𑄨 𑄞𑄝𑄨𑄣𑄬।,Present
ব্যাঙকে কি বলবেন?,𑄝𑄋𑄮𑄘𑄨𑄢𑄬 𑄇𑄨 𑄇𑄮𑄟𑄴।,Future
এক নাগাে,𑄃𑄨𑄇𑄴𑄇𑄪 𑄚𑄧𑄠𑄴।,Present
ঝেে খাওা আর কল বুঝি কি বলতেছে,𑄎𑄬𑄢𑄬 𑄈𑄬𑄋𑄧𑄖𑄳𑄠 𑄃𑄢𑄧 𑄇𑄧𑄣𑄧 - 𑄝𑄪𑄎𑄨 𑄇𑄨 𑄇𑄧𑄘𑄧 𑄌𑄠𑄴 𑄛𑄪𑄏𑄢𑄴 𑄉𑄧𑄢𑄨𑄌𑄴।,Present
তুংপুদি মা কল-বুঝলে তো কোমর বাঁকা করতে হবে,𑄖𑄪𑄋𑄴𑄛𑄪𑄘𑄨 𑄟 𑄇𑄧𑄣𑄧 - 𑄝𑄪𑄎𑄨𑄣𑄮𑄃𑄨 𑄘𑄧 𑄣𑄇𑄴 𑄛 𑄛𑄨 𑄦𑄧𑄘𑄬 𑄘𑄬𑄢𑄨 𑄦𑄧𑄝𑄧।,Future
.অপচ হলে হতো সে,𑄃𑄳𑄦 𑄘𑄬𑄢𑄨 𑄦𑄧𑄣𑄬 𑄦𑄧𑄖𑄴 𑄖𑄬 𑄃𑄠𑄴।,Past
সে এই কাজটা শেষ করে দিল,𑄎𑄬𑄢𑄬 𑄖𑄬 𑄃𑄨𑄞𑄨𑄎𑄧 𑄇𑄟𑄧𑄖𑄴 𑄣𑄧𑄢𑄴 𑄘𑄨𑄣𑄧।,Past
"২,দুই",𑄸.,Present
পাহাে গেলে তুংপুং করে মাকে বলে কাজ করো,"𑄈𑄬𑄋𑄧𑄖𑄳𑄠 𑄃𑄧𑄞𑄨𑄎𑄧𑄖𑄴 𑄉𑄬𑄣𑄬 𑄖𑄪𑄋𑄴𑄛𑄪𑄘𑄨 𑄟 𑄝𑄋𑄮𑄘𑄨𑄢𑄬 𑄇𑄧𑄣𑄧 - 𑄚𑄧 𑄝𑄪𑄏𑄨, 𑄇𑄟𑄴 𑄉𑄧𑄢𑄧।",Present
তোমার পিতাকে বুঝানোর চেষ্টা করছি,𑄖𑄧 𑄝𑄝𑄧𑄢𑄬 𑄝𑄪𑄏𑄬𑄝𑄢𑄴 𑄌𑄬𑄣𑄪𑄋𑄴।,Present
ভালো করে নিশ্বাস নেওা,𑄉𑄧𑄟𑄬 𑄎𑄮𑄝𑄴 𑄚𑄧 𑄜𑄬𑄣𑄪𑄋𑄴।,Present
ব্যাঙটা আর তার সবজিটা নরম,𑄝𑄋𑄮𑄘𑄨 𑄃𑄳𑄦 𑄖 𑄎𑄟𑄬𑄝𑄮 𑄚𑄧 𑄟𑄙𑄨 𑄢𑄧𑄣𑄇𑄴।,Present
তুংপুি মা এই কথা সেই কথা বলে না,𑄖𑄪𑄋𑄴𑄛𑄪𑄘𑄨 𑄟 𑄃𑄬𑄃𑄨 𑄇𑄧𑄘 𑄥𑄬𑄃𑄨 𑄇𑄧𑄘 𑄇𑄧𑄃𑄨 𑄚 𑄚 𑄇𑄧𑄘 𑄟𑄬𑄣 𑄙𑄧𑄎𑄳𑄠।,Present
জামোর চিহ্নটা লাল,𑄎𑄟𑄬𑄃𑄨𑄝𑄮𑄢𑄴 𑄌𑄨𑄚𑄴𑄛𑄧𑄎𑄳𑄠𑄧𑄠𑄮 𑄣𑄪𑄃𑄧 𑄙𑄧𑄎𑄳𑄠।,Present
পাহাের পাশ দিে যাওা,𑄊𑄧𑄢𑄴𑄘𑄮𑄢𑄴 𑄃𑄬𑄢𑄝𑄬𑄢 𑄝𑄬𑄇𑄴 𑄎𑄚𑄨 𑄣𑄧𑄢𑄴।,Present
.মেেটা কাজ শেষ হেছে - ফিরতে হবে না,𑄟𑄳𑄦𑄬𑄖𑄴 𑄛𑄬𑄣𑄧 - 𑄦𑄪𑄠𑄬𑄘𑄬 𑄇𑄟𑄴 𑄜𑄨𑄢𑄬𑄝𑄢𑄴 𑄚𑄬𑄃𑄨।,Future
ছেলে-মেয়ে কেউই বোঝে না,𑄛𑄱-𑄍𑄃𑄨 𑄚𑄧 𑄝𑄪𑄏𑄧𑄚𑄴।,Present
"বাু,আমার দুঃখ ফুটলে ও ভালো হ","𑄝𑄝𑄴, 𑄟𑄢𑄴 𑄘𑄪𑄇𑄴 𑄜𑄪𑄘𑄨𑄣𑄬𑄠𑄮 𑄥𑄪𑄃𑄧 𑄛𑄧𑄢𑄬।",Present
সে বামহাতি আর তার স্ত্রীকে কল দিচ্ছে অজস্র,𑄎𑄬𑄢𑄬 𑄝𑄋𑄮𑄘𑄨 𑄃𑄳𑄦 𑄖 𑄎𑄟𑄬𑄝𑄮𑄢𑄬 𑄇𑄧𑄣𑄧 - 𑄃𑄧𑄇𑄴𑄖𑄧 𑄃𑄧𑄇𑄴𑄖𑄧 𑄃𑄬𑄌𑄴𑄌𑄮।,Present
আমি দাদা-দাদীকে যে বুঝবো,𑄟𑄪𑄃𑄨 𑄘𑄘𑄢𑄬 𑄎𑄬 𑄝𑄪𑄏𑄬𑄟𑄴।,Future
ব্যাঙটা সারাদিন ভাত না খেে চলে গেল,𑄝𑄋𑄮𑄘𑄨 𑄃𑄳𑄦 𑄖 𑄎𑄟𑄬𑄝𑄮 𑄘𑄨𑄝𑄪𑄎𑄳𑄠 𑄞𑄖𑄴 𑄚𑄧 𑄈𑄬𑄃𑄨 𑄣𑄧𑄢𑄴 𑄘𑄨𑄣𑄇𑄴।,Past
তুংপুটি মা কল -বাং,𑄖𑄪𑄋𑄴𑄛𑄪𑄘𑄨 𑄟 𑄇𑄧𑄣𑄧 - 𑄝𑄋𑄮𑄘𑄴।,Present
তোমার বাির আওাজ আসলে তোমাকে অনেক কষ্ট দিতে হবে,𑄖𑄧 𑄝𑄝𑄧𑄢𑄴 𑄃𑄃𑄮𑄌𑄴 𑄃𑄬𑄣𑄧 𑄖𑄧𑄢𑄬 𑄞𑄣𑄧𑄇𑄴 𑄘𑄪𑄢𑄴 𑄛𑄧𑄢𑄬𑄝𑄧।,Future
তুমি আর ভে তোমার বািটা একটু কমে দাও,𑄖𑄪𑄃𑄨 𑄃𑄢𑄧 𑄞𑄧𑄖𑄴𑄖𑄨 𑄦𑄮𑄃𑄨 𑄖𑄧 𑄝𑄝𑄧 𑄘𑄪𑄇𑄴𑄇𑄚𑄴 𑄃𑄬𑄇𑄴𑄇 𑄇𑄧𑄟𑄬 𑄘𑄨𑄌𑄴।,Present
বাঁশের ফালি দিে তার জাগাটা বেঁধে দিল,𑄝𑄋𑄮𑄘𑄨𑄣𑄮𑄃𑄨 𑄖 𑄎𑄟𑄬𑄝𑄮 𑄖𑄪𑄋𑄴𑄛𑄪𑄘𑄨 𑄟𑄢𑄬 𑄒𑄬𑄋𑄧𑄖𑄴 𑄙𑄧𑄢𑄨 𑄥𑄬𑄝𑄴𑄝𑄖𑄴𑄖 𑄣𑄮𑄃𑄨 𑄖𑄢𑄴 𑄌𑄨𑄚𑄴𑄛𑄧𑄎𑄳𑄠𑄧 𑄟𑄚𑄴𑄎𑄮 𑄊𑄧𑄢𑄧𑄖𑄴 𑄣𑄧𑄢𑄴 𑄘𑄨𑄣𑄇𑄴।,Past
ব্যাঙটা ধীরে ধীরে পাখানা করতে করতে পাখানা করে,𑄝𑄋𑄮𑄘𑄨 𑄃𑄳𑄦 𑄖 𑄎𑄟𑄬𑄝𑄮 𑄣𑄢𑄬 𑄣𑄢𑄬 𑄈𑄪𑄌𑄴 𑄝𑄢𑄬𑄃𑄨 𑄝𑄢𑄬𑄃𑄨 𑄦𑄘 𑄙𑄧𑄎𑄳𑄠𑄧𑄚𑄴।,Present
তার পিসের কথা গুলো ব ব করে আছে,𑄖 𑄛𑄨𑄎𑄬 𑄇𑄧𑄘𑄠𑄚𑄴 𑄝𑄋𑄮𑄘𑄨𑄢𑄴 𑄌𑄨𑄘𑄮𑄖𑄴 𑄜𑄪𑄘𑄨 𑄃𑄊𑄬।,Present
সে বাদে পৃথিবীতে আর কিছুই জানে না,𑄥𑄨𑄠𑄚𑄴 𑄖𑄬 𑄝𑄘𑄬 𑄛𑄨𑄖𑄴𑄗𑄨𑄟𑄨𑄖𑄴 𑄇𑄧𑄚𑄴 𑄚 𑄃𑄢𑄴 𑄎𑄚𑄬।,Present
"তার ফুফুর কথা তার মনে পেছে, তার সাথে আর মেলামেশা করতে পারে না","𑄖 𑄛𑄨𑄏𑄬𑄃𑄨 𑄖𑄪𑄋𑄴𑄛𑄪𑄘𑄨 𑄟 𑄇𑄧𑄘𑄠𑄚𑄴 𑄖 𑄟𑄧𑄚𑄧 𑄥𑄢𑄬𑄋𑄴 𑄉𑄧𑄖𑄴 𑄃𑄟𑄧𑄚𑄬 𑄃𑄟𑄧𑄚𑄬 𑄓𑄧𑄉𑄧𑄢 𑄙𑄧𑄎𑄳𑄠, 𑄖 𑄎𑄟𑄬𑄃𑄨𑄝𑄮 𑄃𑄮 𑄥𑄨𑄠𑄚𑄴 𑄒𑄢𑄴 𑄚𑄧 𑄛𑄢𑄴।",Present
বৌদ্ধ মনে মনে চিন্তা করছে-বাবা আমার কি করে না,𑄝𑄋𑄮𑄘𑄨 𑄟𑄧𑄚𑄬 𑄟𑄧𑄚𑄬 𑄞𑄝𑄬𑄢𑄴 - 𑄝𑄝 𑄟𑄧𑄖𑄳𑄠𑄬 𑄇𑄨 𑄚𑄧 𑄉𑄧𑄢𑄬।,Present
তার মনের ইচ্ছা হলো ছেলে-ছাগলকে ভালো করার জন্য সে গ্রামে ঘুরে বো,𑄖𑄢𑄴 𑄟𑄧𑄚𑄧 𑄃𑄃𑄮𑄌𑄴 𑄃𑄬𑄣𑄧 𑄛𑄮- 𑄍𑄉𑄪𑄚𑄧𑄢𑄬 𑄉𑄧𑄟𑄬 𑄣𑄬𑄉𑄛𑄧𑄢 𑄥𑄨𑄊𑄬𑄃𑄨 𑄟𑄚𑄴𑄎𑄳𑄠𑄧𑄃𑄨𑄘𑄪 𑄚𑄇𑄴 𑄃𑄧𑄎𑄧𑄣𑄴 𑄉𑄧𑄢𑄨 𑄝𑄬𑄢𑄬𑄘𑄧।,Present
.মনে হ মনে কি আবার ভ পে যাবে,𑄟𑄧𑄚𑄬 𑄟𑄧𑄚𑄬 𑄞𑄝𑄨 𑄞𑄝𑄨 𑄃𑄬𑄎𑄬𑄢𑄴 𑄚 𑄇𑄨 𑄃𑄢𑄧 𑄞𑄧𑄖𑄴𑄖𑄨 𑄦𑄮𑄃𑄨 𑄛𑄧𑄢𑄨𑄇𑄴𑄈𑄬 𑄘𑄨𑄝𑄧।,Future
দুইজনে হেঁটে হেঁটে তাদের এক চেনা বািে পৌছালো,𑄘𑄨𑄎𑄧𑄚𑄬 𑄦𑄘𑄨 𑄦𑄘𑄨 𑄖𑄢𑄢𑄴 𑄃𑄬𑄇𑄴 𑄌𑄨𑄚𑄴𑄛𑄧𑄎𑄳𑄠𑄧 𑄟𑄚𑄴𑄎𑄮 𑄊𑄧𑄢𑄧𑄖𑄴 𑄣𑄪𑄋𑄨𑄣𑄇𑄴।,Past
দুপুরে ভাত খেে আসলাম,𑄘𑄨𑄝𑄪𑄎𑄳𑄠 𑄟𑄙𑄚𑄴 𑄈𑄬𑄋𑄧𑄖𑄳𑄠 𑄣𑄪𑄋𑄨𑄣𑄧𑄉𑄨।,Past
তুংপুি মা অনেক ব ব ব বাজাচ্ছে,𑄖𑄪𑄋𑄴𑄛𑄪𑄘𑄨 𑄟 𑄞𑄣𑄧𑄇𑄴𑄈𑄧𑄚𑄴 𑄥𑄧𑄋𑄴 𑄝𑄌𑄳𑄠𑄬 𑄃𑄬𑄣𑄧।,Present
ভাতের সাথে একটু ঝাল খাওা,𑄞𑄖𑄴 𑄞𑄬𑄃𑄨 𑄈𑄃𑄨 𑄃𑄬𑄇𑄴𑄇 𑄎𑄨𑄢𑄬𑄣𑄧।,Present
.সে সবগুলো শেষ হলে চা খাওা যা,𑄎𑄬𑄢𑄬 𑄝𑄬𑄇𑄴𑄇𑄪𑄚𑄴 𑄗𑄪𑄝𑄮 𑄦𑄧𑄣𑄬 𑄌 𑄈 𑄙𑄧𑄢𑄴𑄣𑄇𑄴।,Present
তুংপুটি বেঁধে এনে সামনে তুং ফিরে সাজা,𑄖𑄪𑄋𑄴𑄛𑄪𑄘𑄨 𑄝𑄝𑄬 𑄃𑄬𑄚𑄬 𑄃𑄧𑄞𑄨𑄎𑄧𑄖𑄴 𑄖𑄪𑄚𑄴 𑄜𑄨𑄢𑄬 𑄥𑄎𑄧𑄚𑄳𑄠।,Present
খোলটা যে ভালো না সেটা তার সাথে দেখা করা যা,𑄈𑄬𑄋𑄧𑄖𑄳𑄠𑄢𑄴 𑄎𑄬 𑄟𑄧𑄚𑄴𑄘𑄨𑄣𑄴 𑄃𑄬𑄇𑄴𑄇 𑄉𑄧𑄟𑄴 𑄚𑄧𑄠𑄴 𑄥𑄨𑄠𑄚𑄴 𑄖 𑄟𑄪𑄠𑄚𑄴 𑄘𑄬𑄣𑄬 𑄇𑄨𑄠𑄬𑄌𑄴 𑄉𑄧𑄢 𑄡𑄠𑄴।,Present
চা খাওার সমে পাহাে পাহাটা মেরে বলো-সব কাজ তার মাথা,𑄌 𑄈𑄘𑄬 𑄈𑄘𑄬 𑄈𑄬𑄋𑄧𑄖𑄳𑄠 𑄖𑄪𑄋𑄴𑄛𑄪𑄘𑄨 𑄟𑄢𑄬 𑄇𑄧𑄣𑄧 - 𑄃𑄧𑄞𑄨𑄎𑄧 𑄇𑄟𑄴 𑄝𑄬𑄇𑄴 𑄥𑄨𑄢𑄬𑄣𑄪𑄋𑄴।,Present
তুংপুটি মা কল - তো,𑄖𑄪𑄋𑄴𑄛𑄪𑄘𑄨 𑄟 𑄇𑄧𑄣𑄧 - 𑄃𑄳𑄦 𑄘𑄧।,Present
এই ভিটেটা আর থাকবে না,𑄃𑄬 𑄞𑄨𑄘𑄨𑄢𑄬 𑄚𑄧 𑄃𑄬𑄝𑄬 𑄃𑄢𑄴।,Future
খোল কল-কাজ থাকলে তো আসতে হবে,𑄈𑄬𑄋𑄧𑄖𑄳𑄠 𑄇𑄧𑄣𑄧 - 𑄇𑄟𑄴 𑄗𑄬𑄣𑄬 𑄘𑄧 𑄃𑄬𑄎 𑄛𑄧𑄢𑄨𑄝𑄧।,Future
তুংপুি মা -বাঁশিটাকে এখানে তুলে মনটা গাতেছে,𑄖𑄪𑄋𑄴𑄛𑄪𑄘𑄨 𑄟 - 𑄝𑄋𑄮𑄘𑄨𑄘𑄊𑄨𑄢𑄬 𑄃𑄨𑄎𑄪 𑄃𑄩𑄙𑄮𑄖𑄴 𑄖𑄪𑄣𑄨 𑄖𑄪𑄣𑄨 𑄟𑄧𑄚𑄚𑄴 𑄉𑄮𑄢𑄴 𑄛𑄋𑄧𑄖𑄳𑄠।,Present
কি ভাত ও ভালোভাবে গেল না,𑄇𑄨 𑄞𑄖𑄴 𑄃𑄮 𑄉𑄧𑄟𑄬 𑄚𑄧 𑄎𑄎𑄨𑄣𑄪𑄋𑄴।,Past
পাহাের মাটি শক্ত হেছে,𑄈𑄬𑄋𑄧𑄖𑄳𑄠 𑄚𑄧 𑄟𑄙𑄨 𑄢𑄧𑄣𑄧।,Present
.কদাাটা বাঁকা করে ঘুরে নিল,𑄇𑄧𑄘𑄠𑄚𑄴 𑄃𑄢𑄇𑄴 𑄇𑄬𑄖𑄳𑄠𑄬 𑄊𑄪𑄢𑄬 𑄚𑄨𑄣𑄧।,Past
ঝেে কল- তুংপুি মা,𑄎𑄬𑄢𑄬 𑄇𑄧𑄣𑄧 - 𑄖𑄪𑄋𑄴𑄛𑄪𑄘𑄨 𑄟।,Present
. ফোসকা পার শব্দ করে কে জানে,𑄜𑄧𑄢𑄈𑄪𑄣𑄧 𑄣𑄬𑄉𑄛𑄧𑄢 𑄇𑄬𑄎𑄚𑄴 𑄉𑄧𑄢𑄬𑄢𑄴 𑄇𑄨𑄎𑄬𑄚𑄨।,Present
তুংপুটি মা-দা,𑄖𑄪𑄋𑄴𑄛𑄪𑄘𑄨 𑄟 - 𑄘।,Present
তোমরা সেটা চিন্তা করো না,𑄖𑄪𑄃𑄨 𑄥𑄨𑄠𑄚𑄴 𑄌𑄨𑄙𑄬 𑄚𑄧 𑄉𑄧𑄢𑄨𑄌𑄴।,Present
তার সাথে সে তার কাজ করে,𑄖 𑄦𑄣𑄬 𑄖𑄬 𑄖 𑄇𑄟𑄴 𑄉𑄧𑄢𑄬𑄢𑄴।,Present
খোল কল -আমি তো তোমাকে ভ করে থাকি,𑄈𑄬𑄋𑄧𑄖𑄳𑄠 𑄇𑄧𑄣𑄧 - 𑄟𑄪𑄃𑄨 𑄘𑄧 𑄃𑄨𑄎𑄪 𑄖𑄪𑄟𑄨 𑄃𑄊𑄧 𑄇𑄬𑄃𑄨 𑄝𑄪𑄇𑄴 𑄘𑄧𑄢𑄧 𑄉𑄧𑄢𑄨 𑄗𑄋𑄴𑄉𑄬।,Present
তুংপুি মা -বাঁশিটা আরো কবে আসবে,𑄖𑄪𑄋𑄴𑄛𑄪𑄘𑄨 𑄟 - 𑄝𑄋𑄮𑄘𑄨𑄘𑄊𑄨 𑄃𑄢𑄧 𑄇𑄧𑄟𑄧𑄣𑄬 𑄃𑄬𑄎𑄧𑄚𑄴।,Future
আমি হলে তুংপুং করে বাবরকে কথা বলি না,𑄟𑄪𑄃𑄨 𑄦𑄧𑄣𑄬 𑄖𑄪𑄋𑄴𑄛𑄪𑄘𑄨 𑄝𑄝𑄧𑄢𑄬 𑄥𑄳𑄠𑄬 𑄇𑄧𑄘 𑄝𑄬𑄌𑄴 𑄚𑄧 𑄥𑄪𑄚𑄮𑄋𑄴।,Present
.খোলটা কাকতালা খেে চলে গেছে - তোমারও ঝি আছে,𑄈𑄬𑄋𑄧𑄖𑄳𑄠 𑄇𑄇𑄴𑄈𑄧𑄚𑄴 𑄌𑄪𑄝𑄴𑄉𑄧𑄢𑄨 𑄗𑄬𑄃𑄨 𑄎𑄬𑄢𑄬 𑄇𑄧𑄣𑄧 - 𑄖𑄧𑄢𑄴 𑄃𑄮 𑄏𑄨 𑄃𑄊𑄬।,Present
সব কানি তো জানো,𑄝𑄬𑄇𑄴 𑄇𑄚𑄨 𑄘𑄧 𑄝𑄪𑄏𑄮𑄌𑄴।,Present
. ফরাকটাকে ভালো করে পিঠে তুলতে না পারলে সব বুক পাতলা হবে না,𑄜𑄧𑄢𑄈𑄪𑄣𑄧𑄢𑄬 𑄉𑄧𑄟𑄬 𑄃𑄬𑄇𑄴𑄇 𑄣𑄬𑄃𑄨𑄚𑄧𑄖𑄴 𑄣𑄪𑄋𑄬 𑄚𑄧 𑄛𑄢𑄚 𑄥𑄧𑄋𑄴 𑄝𑄪𑄇𑄴𑄇𑄮 𑄛𑄘𑄧𑄣𑄴 𑄚𑄧 𑄦𑄧𑄝𑄧।,Future
তুংপুদি মা -সেটা তো আমার,𑄖𑄪𑄋𑄴𑄛𑄪𑄘𑄨 𑄟 - 𑄥𑄨𑄠𑄚𑄴 𑄘𑄧 𑄟𑄧𑄢𑄴 𑄃𑄮।,Present
তোমার ছেলে হলেও যে আমার ছেলে,𑄖𑄧 𑄛𑄮 𑄦𑄧𑄣𑄬𑄃𑄮 𑄎𑄬 𑄟𑄧 𑄛𑄮 𑄥𑄚𑄴।,Present
মাতালটা সেটা মনে পে,𑄟𑄧𑄖𑄴𑄖𑄪𑄚𑄴 𑄃𑄟𑄨𑄎 𑄥𑄨𑄠𑄚𑄴 𑄟𑄧𑄚𑄧𑄖𑄴 𑄃𑄪𑄙𑄬 𑄃𑄳𑄦 𑄛𑄧𑄢𑄬 ।,Present
পরের কল-বাঙিেও কল-বাঙি হবে,𑄎𑄬𑄢𑄬 𑄇𑄧𑄣𑄧 - 𑄝𑄋𑄮𑄘𑄨𑄢𑄬𑄠𑄮 𑄇𑄧𑄣𑄪𑄋𑄴 𑄃𑄢𑄧 𑄞𑄧𑄖𑄴𑄖𑄨 𑄦𑄧𑄝𑄖𑄳𑄠𑄬।,Future
এইবার খাওার সম একটু লরির বল,𑄃𑄬𑄝𑄢𑄧𑄖𑄴 𑄈𑄬𑄋𑄧𑄖𑄳𑄠 𑄃𑄬𑄇𑄴𑄇 𑄣𑄧𑄢𑄨𑄌𑄧𑄢𑄨 𑄝𑄧𑄣𑄧।,Present
তুংপুি মা এরকম আরও অনেক কথা বললো,𑄖𑄪𑄋𑄴𑄛𑄪𑄘𑄨 𑄟 𑄃𑄬𑄃𑄨𑄥𑄬𑄃𑄨𑄉𑄧𑄢𑄨 𑄃𑄢𑄧 𑄞𑄣𑄧𑄇𑄴𑄇𑄚𑄨 𑄇𑄧𑄘 𑄟𑄬𑄣𑄨𑄣𑄧।,Past
দুই ভাই অনেক ব কথা বলতেছে,𑄘𑄨 𑄞𑄬𑄃𑄨 𑄝𑄮𑄚𑄬 𑄞𑄣𑄧𑄇𑄴𑄈𑄧𑄚𑄴 𑄥𑄧𑄋𑄴 𑄇𑄧𑄘 𑄇𑄪𑄃𑄧𑄝𑄪𑄣𑄮 𑄉𑄧𑄢𑄴𑄣𑄇𑄴।,Present
দুই ভাই কি কুাকুি হেছে সেটা কেউই দেখতে পেল না,𑄘𑄨 𑄞𑄬𑄃𑄨 𑄝𑄮𑄚𑄬𑄢𑄴 𑄇𑄨 𑄇𑄪𑄃𑄮𑄝𑄪𑄣𑄮 𑄦𑄪𑄃𑄨𑄠𑄬 𑄥𑄨𑄠𑄚𑄴 𑄇𑄧𑄚𑄧𑄎𑄧𑄚𑄬 𑄟𑄳𑄦𑄬𑄖𑄴 𑄚𑄧 𑄛𑄬𑄣𑄇𑄴।,Past
তার বেলটা বো খেে বািে নিল,𑄖 𑄇𑄬𑄣𑄳𑄠𑄬 𑄝𑄬𑄚𑄳𑄠𑄬𑄛𑄮𑄖𑄳𑄠 𑄈𑄬𑄋𑄧𑄖𑄳𑄠 𑄣𑄧𑄚𑄴𑄌𑄧𑄖𑄧 𑄉𑄧𑄢𑄨 𑄊𑄧𑄢𑄧𑄖𑄴 𑄣𑄧𑄢𑄴 𑄘𑄨𑄣𑄧।,Past
নৌকা করে এত ব ব কথা আসলো,𑄣𑄧𑄚𑄴𑄌𑄧𑄖𑄴 𑄃𑄬𑄖𑄴𑄖𑄬 𑄞𑄬𑄃𑄨𑄘𑄮 𑄇𑄧𑄘 𑄞𑄝𑄨 𑄞𑄝𑄨 𑄃𑄬𑄣𑄧।,Past
খোলের রাস্তায় একটু চা খাওার পর ভাত নাকি তরকারি হিসেবে ব্যবহৃত হ,𑄈𑄬𑄋𑄧𑄖𑄳𑄠 𑄣𑄧𑄚𑄴𑄌𑄧𑄖𑄴 𑄃𑄬𑄇𑄴𑄇 𑄌 𑄖 𑄈𑄬𑄣𑄬𑄃𑄮 𑄞𑄖𑄴 𑄞𑄬𑄣𑄧 𑄟𑄣𑄴𑄍𑄧𑄢𑄨 /𑄥𑄧𑄢𑄨 𑄊𑄘𑄧𑄖𑄴।,Present
".সে আবার মাছ ধরিেছে,সেখানে পাহাের পাশ দিে ঘুরাফেরা করে","𑄎𑄬𑄢𑄬 𑄃𑄢𑄧 𑄟𑄌𑄴𑄥𑄧𑄢𑄨/𑄍𑄧𑄢𑄨 𑄃𑄨𑄥𑄴 𑄛𑄳𑄢𑄨𑄖𑄴 𑄝𑄮𑄘𑄬, 𑄥𑄨𑄖𑄴 𑄖𑄪𑄚𑄴 𑄦𑄘𑄨 𑄈𑄉𑄢𑄍𑄧𑄢𑄨/𑄥𑄧𑄢𑄨 𑄝𑄎𑄢𑄴।",Present
তার সাথে হাত দিে দৌাদৌি করে আসে,"𑄖 𑄎𑄬𑄢𑄬 𑄦𑄘𑄨, 𑄈𑄉𑄢𑄍𑄧𑄢𑄨𑄖𑄴/ 𑄥𑄧𑄢𑄨𑄖𑄴 𑄝𑄳𑄦 𑄗𑄬𑄃𑄨𑄚𑄬 𑄃𑄃𑄮𑄚𑄴 𑄎𑄃𑄮𑄚𑄴 𑄉𑄧𑄢𑄬।",Present
শীতকালে পথ শুকিে থাকা ভালো হ না,𑄎𑄢𑄴𑄇𑄣𑄳𑄠𑄬 𑄛𑄧𑄗𑄴 𑄥𑄪𑄉𑄮𑄚𑄧 𑄗𑄚𑄃𑄨 𑄖𑄳𑄠𑄬𑄚𑄴 𑄝𑄬𑄥𑄪𑄚𑄴𑄎𑄪𑄇𑄴 𑄚𑄧 𑄦𑄧𑄠𑄴।,Present
বারিটা একটু দুঃখ-কষ্ট,𑄝𑄢𑄨𑄎𑄖𑄴 𑄃𑄬𑄇𑄴𑄇 𑄘𑄪𑄇𑄴 - 𑄘𑄧𑄢𑄧𑄝𑄴 𑄝𑄬𑄌𑄴।,Present
বর্ষা এখন আসতেছে,𑄝𑄢𑄨𑄎 𑄃𑄬𑄝𑄢𑄴 𑄃𑄬𑄝𑄧 𑄘𑄬𑄢𑄨।,Present
সিিটা সারা পথে থাকা/তাাতাি সাজানো বািতে পলো,𑄥𑄨𑄚𑄳𑄠𑄬 𑄥𑄢 𑄛𑄧𑄗𑄴 𑄗𑄚/𑄖𑄴 𑄗𑄚𑄴 𑄃𑄪𑄝𑄮𑄥𑄴 𑄉𑄧𑄢𑄨 𑄥𑄎𑄧𑄚𑄳𑄠 𑄊𑄧𑄢𑄧𑄖𑄴 𑄣𑄪𑄋𑄨𑄣𑄧।,Present
বািতে লুকিে লুকিে বল-দিনটা উত্তীর্ণ হওা,𑄊𑄧𑄢𑄧𑄖𑄴 𑄣𑄪𑄋𑄨 𑄝𑄋𑄮𑄘𑄨 𑄟𑄢𑄬 𑄇𑄧𑄣𑄧 - 𑄘𑄨𑄚𑄴𑄝𑄮 𑄃𑄪𑄝𑄮𑄥𑄴।,Present
ভাত খাওা অভ্যস্ত হওা,𑄞𑄖𑄴 𑄎𑄪𑄉𑄮𑄣𑄴 𑄉𑄧𑄢𑄴।,Present
একটু গািটা এপাশ-ওপাশ করে গাঙে গেল,𑄃𑄬𑄇𑄴𑄇 𑄉𑄘𑄨 𑄃𑄬𑄎𑄧𑄋𑄴 𑄇𑄮𑄃𑄨𑄚𑄬 𑄝𑄳𑄠𑄉𑄴𑄖𑄳𑄠𑄇𑄴 𑄗𑄮𑄃𑄨𑄚𑄬 𑄇𑄪𑄠𑄮 𑄉𑄋𑄧𑄖𑄴 𑄉𑄬𑄣𑄧।,Past
এই পানিতে একটু গোসল করতে হ,𑄃𑄬 𑄃𑄧𑄇𑄴𑄖𑄧𑄖𑄴 𑄛𑄚𑄨 𑄃𑄬𑄇𑄴𑄇 𑄎𑄳𑄠𑄬𑄣𑄴 𑄘𑄳𑄠𑄬।,Present
"কালো মুরগির ঠান্ডা পানি এক বান,দুই বান দিে ঢাললে,সব জুে যা","𑄇𑄣𑄨𑄇𑄴 𑄇𑄪𑄠𑄮 𑄎𑄪𑄢𑄮 𑄛𑄚𑄨 𑄃𑄬𑄇𑄴 𑄝𑄣𑄴𑄘𑄨, 𑄘𑄨 𑄝𑄣𑄴𑄘𑄨 𑄔𑄣𑄨𑄣𑄬/ . . . . 𑄝𑄬𑄇𑄴 𑄎𑄪𑄢𑄬 𑄡𑄠𑄴।",Present
বিালের পানি এনে ঠাণ্ডা হ,𑄝𑄬𑄣𑄳𑄠𑄬 𑄇𑄪𑄠𑄮𑄛𑄚𑄨 𑄃𑄬𑄚𑄬 𑄎𑄪𑄢𑄮।,Present
. শরীরে পতে না পে সব জুে নেওা যা,𑄇𑄨𑄠𑄬𑄖𑄴 𑄛𑄧𑄖𑄴𑄖𑄬 𑄚𑄧 𑄛𑄧𑄖𑄴𑄖𑄬 𑄝𑄬𑄇𑄴 𑄎𑄪𑄢𑄬 𑄚𑄬𑄡𑄠𑄴।,Present
তাদের কুালের পাশে ডাঙি দিে ছিঁে দিবে,𑄖𑄢 𑄇𑄪𑄠𑄮 𑄊𑄘𑄧𑄖𑄴 𑄓𑄋𑄧𑄢𑄴 𑄍𑄨𑄉𑄮𑄚𑄴 𑄘𑄨𑄝𑄬 𑄇𑄪𑄠𑄮।,Future
"একটা থেকে পানি খাওা, আরেকটা থেকে পানি নিে গাে","𑄃𑄬𑄇𑄴𑄇𑄮𑄖𑄴𑄖𑄪𑄚𑄴 𑄛𑄚𑄨 𑄈𑄚, 𑄃𑄢𑄧 𑄃𑄬𑄇𑄴𑄇𑄮𑄖𑄴𑄖𑄪𑄚𑄴 𑄛𑄚𑄨 𑄣𑄧𑄃𑄨 𑄉𑄘𑄧𑄚𑄴।",Present
বৃষ্টিতে বেশি পানি হলে খাওার পানি একটু কম হ,𑄝𑄢𑄨𑄎𑄬𑄖𑄴 𑄝𑄬𑄌𑄴 𑄛𑄚𑄨 𑄦𑄧𑄣𑄬 𑄈𑄬𑄝𑄢𑄴 𑄛𑄚𑄨 𑄃𑄬𑄇𑄴𑄇 𑄃𑄧𑄚𑄧𑄖𑄨𑄖𑄳𑄠𑄬 𑄦𑄧𑄠𑄴।,Present
ছিঁা একটি রশি দিে বাঁশটি বাঁধা হ,𑄍𑄨𑄉𑄮𑄚𑄴 𑄃𑄬𑄇𑄴𑄇𑄚𑄴 𑄘𑄧𑄢𑄨𑄣𑄮𑄃𑄨 𑄝𑄚𑄳𑄠𑄬 𑄝𑄣𑄴𑄘𑄨।,Present
পানি তুলতে তুলতে শরীরে ঢালতো/ ঢালতো ভালো,𑄛𑄚𑄨 𑄖𑄪𑄣𑄨 𑄖𑄪𑄣𑄨 𑄇𑄨𑄠𑄬𑄖𑄴 𑄔𑄣𑄴𑄘𑄬/ 𑄔𑄣𑄧𑄘𑄬 𑄞𑄧𑄎𑄚𑄴 𑄎𑄪𑄖𑄴।,Past
"সকাল,বিকাল,বিকাল ডাকলে হ","𑄘𑄨𑄝𑄪𑄎𑄳𑄠𑄬, 𑄝𑄬𑄣𑄳𑄠𑄬 𑄘𑄨𑄝𑄢𑄴 𑄉𑄘𑄨𑄣𑄬 𑄦𑄧𑄠𑄴।",Present
বর্ষাকালের দিনে গোসল করতে হ,𑄝𑄢𑄨𑄎𑄬 𑄘𑄨𑄚𑄮𑄖𑄴 𑄥𑄎𑄨 𑄛𑄚𑄨𑄖𑄴 𑄉𑄘 𑄛𑄧𑄢𑄬।,Present
শীতকালে এক দিন গাে লাগলে হ,𑄎𑄢𑄴 𑄇𑄣𑄳𑄠𑄬 𑄘𑄨𑄝𑄪𑄎𑄳𑄠𑄬 𑄃𑄬𑄇𑄴𑄝𑄢𑄴 𑄉𑄘𑄨𑄣𑄬 𑄦𑄧𑄠𑄴।,Present
"সিনেও খাওা কেক বানদি পানি ঢালবো, কী জানি, কাপের আালে ভাত খাওার জন্য বল","𑄥𑄨𑄚𑄴𑄚𑄬𑄠𑄮 𑄈𑄬𑄋𑄧𑄖𑄳𑄠 𑄇𑄧𑄠𑄬𑄇𑄴 𑄝𑄣𑄴𑄘𑄨 𑄛𑄚𑄨 𑄔𑄣𑄨, 𑄇𑄨𑄃𑄨𑄠𑄬 𑄙𑄧𑄣𑄨, 𑄇𑄝𑄧𑄢𑄴𑄠𑄚𑄨 𑄝𑄋𑄣 𑄥𑄝𑄮𑄚𑄴𑄘𑄮𑄃𑄨, 𑄇𑄝𑄧𑄢𑄴 𑄃𑄢𑄧𑄖𑄴 𑄢𑄮𑄘𑄮𑄖𑄴 𑄘𑄨 𑄞𑄖𑄴 𑄈𑄬𑄝𑄢𑄴 𑄝𑄧𑄣𑄧।",Future
বামহাতি মেেটি অসুস্থ হে আছে,𑄝𑄋𑄮𑄘𑄨 𑄟 𑄇𑄪𑄢𑄬 𑄛𑄨𑄢𑄬𑄖𑄴 𑄝𑄮𑄃𑄨 𑄃𑄊𑄬।,Present
.খাওার থালা ভাত খাওা,𑄈𑄬𑄋𑄖𑄳𑄠 𑄛𑄘𑄨𑄖𑄴 𑄛𑄘𑄨𑄖𑄴 𑄝𑄧𑄏𑄨 𑄞𑄖𑄴 𑄈 𑄙𑄧𑄎𑄳𑄠।,Present
ভাত খাওার সম ভাত খেতে বললে শরীরটা পাতলা হে যাচ্ছে,𑄞𑄖𑄴 𑄈𑄘𑄬 𑄞𑄘𑄬 𑄇𑄧𑄣𑄧 - 𑄃𑄧𑄞𑄨𑄎𑄧 𑄇𑄟𑄴𑄠𑄚𑄨 𑄥𑄨𑄢𑄬 𑄃𑄬𑄃𑄨𑄚𑄬 𑄇𑄨𑄠𑄬𑄠𑄚𑄴 𑄞𑄧𑄎𑄚𑄴 𑄛𑄘𑄧𑄣𑄴 𑄛𑄋𑄧𑄢𑄴।,Present
কি যে পেে যাবে আর-বাঙি মাা করতেছে,𑄇𑄨 𑄡𑄬 𑄚𑄧 𑄛𑄬𑄝𑄬 𑄃𑄢𑄴 - 𑄝𑄋𑄮𑄘𑄨 𑄟 𑄛𑄪𑄏𑄢𑄴 𑄉𑄧𑄢𑄴𑄣𑄧।,Future
কাজ না থাকলে কষ্টে যেতে হ,𑄇𑄟𑄴 𑄚𑄧 𑄗𑄬𑄣𑄬 𑄇𑄨𑄖𑄳𑄠𑄬 𑄡 𑄛𑄧𑄢𑄴𑄖𑄧।,Present
.কাঁকার শব্দ হলো না,𑄇𑄇𑄴𑄈𑄧𑄚𑄴 𑄚𑄧 𑄟𑄙𑄨 𑄢𑄧𑄣𑄧।,Past
. ভাত তরকারিটা আমার পেটে ভরলো,𑄞𑄖𑄴 𑄉𑄧𑄢𑄌𑄴 𑄟𑄪𑄠𑄮𑄖𑄴 𑄞𑄧𑄢 𑄙𑄧𑄢𑄴𑄣𑄧।,Past
"এইবার কল -বাঁশি দিে তার জাগাটা শক্ত করে ধরে, তার সাথে কথা বলে না","𑄃𑄬𑄝𑄢𑄧𑄖𑄴 𑄇𑄧𑄣𑄧 - 𑄝𑄋𑄮𑄘𑄨𑄣𑄮𑄃𑄨 𑄖 𑄎𑄟𑄬𑄝𑄮 𑄃𑄘𑄬𑄇𑄳𑄠𑄉𑄧𑄢𑄨 𑄃𑄬𑄃𑄨𑄚𑄬 𑄒𑄬𑄋𑄧𑄖𑄴 𑄙𑄧𑄢𑄨 𑄥𑄣𑄋𑄴 𑄉𑄧𑄢 𑄙𑄧𑄎𑄳𑄠𑄧𑄚𑄴, 𑄥𑄬 𑄎𑄬𑄢𑄧 𑄇𑄧𑄘𑄠𑄚𑄴 𑄚𑄧 𑄥𑄨𑄢𑄬𑄣𑄧 𑄃𑄢𑄴।",Present
বাঙিবাঙি কথা শুনে বাঙিবাঙি মা বাঙিে উঠতেছে,𑄝𑄋𑄮𑄘𑄨𑄘𑄊𑄨 𑄇𑄧𑄘 𑄥𑄪𑄚𑄨 𑄝𑄋𑄮𑄘𑄨 𑄟 𑄝𑄋𑄮𑄘𑄨𑄘𑄊𑄨𑄢𑄴 𑄥𑄟𑄴𑄝𑄘𑄴 𑄎𑄚𑄨𑄝𑄢𑄴 𑄃𑄃𑄮𑄎𑄨 𑄦𑄮𑄃𑄨 𑄃𑄪𑄙𑄨𑄣𑄧।,Present
ঝেে খেেছে - কোথা পেলে দাও,𑄎𑄬𑄢𑄬 𑄈𑄬𑄋𑄧𑄖𑄳𑄠𑄢𑄬 𑄢𑄨𑄚𑄨 𑄌𑄬𑄃𑄨 𑄛𑄪𑄏𑄢𑄴 𑄉𑄧𑄢𑄴𑄣𑄧 - 𑄇𑄪𑄘𑄪 𑄣𑄇𑄴 𑄛𑄬𑄣𑄬 𑄘𑄬।,Present
তুংপুটি মাির বািতে,𑄖𑄪𑄋𑄴𑄛𑄪𑄘𑄨 𑄟 𑄊𑄧𑄢𑄧𑄖𑄴।,Present
এই কথাটা খোল করতে করতে সকাল হে গেল,𑄃𑄬 𑄇𑄧𑄘𑄠𑄚𑄴 𑄈𑄬𑄋𑄧𑄖𑄳𑄠 𑄇𑄮𑄃𑄨𑄚𑄬 𑄇𑄇𑄴𑄈𑄧𑄚𑄴 𑄃𑄧𑄣𑄧𑄢𑄴 𑄦𑄧𑄣𑄧।,Past
খোল জানে অনেক দিন হলো বাঙিে মা এক কেজি মুরগি না দিে ভালো নেই,𑄈𑄬𑄋𑄧𑄖𑄳𑄠 𑄎𑄚𑄬 𑄞𑄣𑄧𑄇𑄴𑄘𑄨𑄚𑄴 𑄦𑄧𑄣𑄧 𑄝𑄋𑄮𑄘𑄨 𑄟 𑄃𑄬𑄇𑄴𑄇𑄮𑄉𑄧𑄢𑄨 𑄏𑄨 𑄚𑄧 𑄘𑄬𑄃𑄨𑄚𑄬 𑄟𑄧𑄚𑄴𑄘𑄨𑄣𑄴 𑄝𑄬𑄌𑄴 𑄉𑄧𑄟𑄴 𑄚𑄬𑄃𑄨।,Present
বামহাতি মা কি চিন্তা করে নাকি বামহাতি কথা বলে না,𑄝𑄋𑄮𑄘𑄨 𑄟 𑄇𑄨 𑄞𑄝𑄨𑄚𑄬 𑄎𑄬𑄚𑄬 𑄝𑄋𑄮𑄘𑄨 𑄇𑄧𑄘 𑄚𑄧 𑄖𑄪𑄣𑄬।,Present
তার মনটা বামে তুলে নিে নিে যা,𑄖 𑄟𑄧𑄚𑄚𑄴 𑄝𑄋𑄮𑄘𑄨 𑄇𑄧𑄘 𑄃𑄨𑄙𑄮𑄖𑄴 𑄖𑄪𑄣𑄨 𑄖𑄪𑄣𑄨 𑄚𑄨𑄖𑄳𑄠𑄧 𑄝𑄬𑄥𑄪𑄚𑄴𑄎𑄪𑄇𑄴।,Present
এই সব শান্ত মনে বামহাতি কথা শুনে আসছে/বোন আর একটু ঘুরলো,𑄃𑄬 𑄝𑄬𑄥𑄪𑄚𑄴 𑄎𑄪𑄇𑄴 𑄟𑄧𑄚𑄧𑄖𑄴 𑄝𑄋𑄮𑄘𑄨 𑄇𑄧𑄘 𑄥𑄪𑄚𑄨𑄚𑄬 𑄃𑄃𑄮𑄌𑄴𑄌𑄚𑄴/ 𑄥𑄚𑄴 𑄃𑄢𑄧 𑄃𑄬𑄇𑄴𑄇 𑄝𑄢𑄨𑄣𑄧।,Past
এবার সে ঝামেলা করল -সে কি করলো?,𑄃𑄬𑄝𑄢𑄧𑄖𑄴 𑄖𑄬 𑄛𑄪𑄏𑄢𑄴 𑄉𑄧𑄢𑄴𑄣𑄧 - 𑄖𑄬 𑄖𑄪𑄃𑄨 𑄇𑄨 𑄉𑄧𑄢𑄨𑄣𑄬?,Past
খোলগুলো সব মেলে ধরলো,𑄈𑄬𑄋𑄧𑄖𑄳𑄠 𑄝𑄬𑄇𑄴 𑄇𑄧𑄘𑄠𑄚𑄨 𑄟𑄬𑄣 𑄙𑄧𑄢𑄴𑄣𑄧।,Past
তোমার মা তোমরা কি বলতেছো?সে নাকি ব ব করে,𑄖𑄧 𑄏𑄨 𑄖𑄪𑄃𑄨 𑄇𑄨 𑄇𑄧𑄘𑄬 𑄌𑄌𑄴 - 𑄎𑄬𑄢𑄬 𑄝𑄋𑄮𑄘𑄨 𑄟𑄢𑄬 𑄛𑄪𑄏𑄢𑄴 𑄉𑄧𑄢𑄴𑄣𑄧।,Present
বামহাতি মাকসা খেে কেত করে হাসছে -মনে হ যে সে হাসছে,𑄝𑄋𑄮𑄘𑄨 𑄟 𑄈𑄬𑄋𑄧𑄖𑄳𑄠 𑄇𑄬𑄃𑄨𑄖𑄴 𑄢𑄨𑄚𑄨 𑄌𑄬𑄃𑄨 𑄇𑄧𑄣𑄧 - 𑄟𑄪𑄢𑄬 𑄟𑄪𑄢𑄬 𑄢𑄋𑄟𑄖𑄳𑄠 𑄡𑄬𑄃𑄨 𑄏𑄨𑄣𑄮𑄃𑄨 𑄥𑄧𑄣𑄴𑄣 𑄉𑄧𑄢𑄨 𑄃𑄬𑄎𑄧𑄌𑄴𑄥𑄮𑄃𑄨 𑄘𑄬 𑄃𑄠𑄴 𑄦𑄧𑄠𑄴।,Present
বামহাতি মা সেটা না,𑄝𑄋𑄮𑄘𑄨 𑄟 𑄥𑄨𑄠𑄚𑄴 𑄚𑄧𑄠𑄴 𑄘𑄧।,Present
তোমাকে না বলে আমি কোনো কাজে হাত দিই,𑄖𑄧𑄢𑄬 𑄚𑄧 𑄟𑄘𑄬 𑄇𑄨 𑄟𑄪𑄃𑄨 𑄇𑄧𑄚𑄧 𑄇𑄟𑄧𑄖𑄴 𑄦𑄖𑄴 𑄘𑄮𑄋𑄴।,Present
এই সেই খেে বাঁশের বোটা মারলো,𑄃𑄬𑄃𑄨 𑄥𑄬𑄃𑄨𑄉𑄧𑄢𑄨 𑄈𑄬𑄋𑄧𑄖𑄳𑄠 𑄝𑄋𑄮𑄘𑄨 𑄟𑄢𑄬 𑄝𑄪𑄏 𑄙𑄧𑄢𑄴𑄣𑄧।,Past
অনেক দিন পরে ব ব কথা শুনে পুরনো কথা গুলো মনে পে আর চুল চুলকাচ্ছে,𑄞𑄣𑄮𑄇𑄴𑄘𑄨𑄚𑄴 𑄎𑄬𑄢𑄬 𑄝𑄋𑄮𑄘𑄨 𑄟𑄢𑄴 𑄝𑄋𑄮𑄘𑄨 𑄇𑄧𑄘 𑄥𑄪𑄚𑄨𑄚𑄬 𑄛𑄪𑄢𑄮𑄚𑄴 𑄉𑄧𑄞 𑄎𑄬𑄚𑄬 𑄃𑄢𑄧 𑄌𑄪𑄣𑄴 𑄌𑄪𑄣𑄬 𑄃𑄪𑄙𑄨𑄣𑄧।,Present
মনের মতো হওা মাছের ঝি,𑄟𑄧𑄚𑄬 𑄟𑄧𑄚𑄬 𑄞𑄝 𑄙𑄧𑄎𑄳𑄠 𑄟𑄌𑄴𑄖𑄧𑄢𑄧 𑄏𑄨 ।,Present
ব্যাঙের এই কাজটা ভালো হ না,𑄝𑄋𑄮𑄘𑄨𑄢𑄴 𑄃𑄬 𑄇𑄟𑄴𑄠𑄚𑄴 𑄉𑄧𑄟𑄴 𑄚𑄧 𑄦𑄧𑄠𑄴।,Present
সমাজটা বাপ-মার নিচে ফেলে দে,𑄥𑄧𑄟𑄎𑄧𑄃𑄨𑄘𑄪 𑄝𑄝𑄴 - 𑄟 𑄟𑄪 𑄖𑄧𑄣𑄬 𑄜𑄬𑄣𑄬 𑄘𑄳𑄠𑄬।,Present
.পোা পোা রাগ হলেও সারাদিন রাগ কমে আসে,𑄛𑄮𑄣𑄳𑄠 𑄛𑄮𑄣𑄳𑄠 𑄞𑄧𑄎𑄚𑄴 𑄢𑄉𑄴 𑄦𑄧𑄣𑄬𑄃𑄮 𑄘𑄨𑄚𑄴 𑄡𑄘𑄬 𑄢𑄉𑄴𑄇𑄚𑄴 𑄃𑄬𑄇𑄴𑄇 𑄖𑄬𑄌𑄴 𑄇𑄧𑄟𑄨 𑄃𑄬𑄥𑄳𑄠𑄬।,Present
বাঁশের বো দিে তার ভাত খেে বেে উঠল,𑄝𑄋𑄮𑄘𑄨 𑄝𑄝𑄬 𑄖𑄢𑄴 𑄞𑄖𑄴 𑄈𑄬𑄃𑄨 𑄛𑄪𑄢𑄬𑄃𑄨 𑄞𑄬𑄃𑄨𑄘𑄮 𑄇𑄧𑄘 𑄟𑄬𑄣𑄟𑄬𑄣𑄨 𑄦𑄧𑄣𑄧।,Past
.সে বামে করে তোমার ভাত খাওার কথা বলে উঠল,𑄎𑄬𑄢𑄬 𑄝𑄋𑄮𑄘𑄨 𑄝𑄝𑄬 𑄖𑄧𑄢𑄴 𑄞𑄖𑄴 𑄈𑄚 𑄈𑄧𑄢𑄬𑄃𑄨 𑄡𑄢𑄴 𑄇𑄮𑄃𑄨𑄚𑄬 𑄃𑄪𑄙𑄨𑄣𑄧।,Past
বাঙালি মা ভাত খাওা ধরলো,𑄝𑄋𑄮𑄘𑄨 𑄟 𑄞𑄖𑄴 𑄈 𑄙𑄧𑄢𑄴𑄣𑄧।,Past
তার ভাতগুলো ভালোভাবে কেটে যাচ্ছে না,𑄃𑄬𑄥𑄳𑄠𑄬 𑄖𑄢𑄴 𑄞𑄖𑄴 𑄖𑄪𑄚𑄴 𑄎𑄬𑄚𑄬 𑄉𑄧𑄟𑄬 𑄉𑄨𑄣𑄬 𑄚𑄧 𑄡𑄘𑄧𑄚𑄴।,Present
মনের নিে তাবোল তাবোল দেখতেছি - বামে এই কাজটা করে কি পেল,𑄟𑄧𑄚𑄧𑄖𑄴 𑄚𑄨𑄖𑄳𑄠𑄧 𑄖𑄝𑄮𑄣𑄴 𑄃𑄪𑄙𑄧 𑄙𑄧𑄎𑄳𑄠 - 𑄝𑄋𑄮𑄘𑄨 𑄃𑄬 𑄇𑄟𑄴𑄠𑄚𑄴 𑄉𑄧𑄢𑄨𑄚𑄬 𑄇𑄨 𑄛𑄬𑄣𑄧।,Past
. ফোঁাগুলো পরীক্ষার সম দিন দিন আসতেছে,𑄜𑄧𑄢𑄈𑄪𑄣𑄮𑄢𑄴 𑄛𑄧𑄢𑄨𑄇𑄴𑄈𑄬 𑄘𑄨𑄚𑄴 𑄘𑄨𑄚𑄴 𑄊𑄧𑄚𑄬 𑄃𑄬𑄎 𑄙𑄧𑄢𑄴𑄣𑄧।,Present
.কাজ না থাকলে এই পৃথিবীতে আসা হ না,𑄇𑄟𑄴 𑄚𑄧 𑄗𑄚𑄃𑄨 𑄈𑄬𑄋𑄧𑄖𑄳𑄠𑄢𑄴 𑄃𑄬 𑄞𑄨𑄘𑄨𑄢𑄬 𑄢𑄋𑄟𑄖𑄳𑄠𑄬 𑄃𑄬𑄎𑄚 𑄚𑄧 𑄦𑄧𑄠𑄴।,Present
বাঁশটা এক দিকে আর বাঁশটা দুই দিক থেকে এসেছে,𑄝𑄋𑄮𑄘𑄨𑄘𑄊𑄨 𑄘𑄨 𑄃𑄬𑄇𑄴𑄝𑄢𑄴 𑄃𑄢𑄧 𑄖𑄪𑄋𑄴𑄛𑄪𑄘𑄨 𑄟𑄘𑄊𑄨𑄃𑄨𑄘𑄪 𑄃𑄬𑄌𑄴𑄌𑄮𑄚𑄴।,Present
.তাঙপুটি মা তাদেরকে নানারকম কথা বলে দে,𑄖𑄋𑄴𑄛𑄪𑄘𑄨 𑄟 𑄖𑄢𑄢𑄬 𑄚𑄚 𑄇𑄧𑄘 𑄟𑄬𑄣𑄨𑄚𑄬 𑄟𑄧𑄚𑄴 𑄝𑄪𑄌𑄴 𑄉𑄧𑄢𑄨 𑄘𑄬।,Present
শেষ হে যাওার জন্য একটা চামা নাও,𑄎𑄬𑄢𑄬 𑄇𑄧𑄠𑄴 - 𑄖𑄪𑄃𑄨 𑄃𑄢𑄧 𑄛𑄧𑄢𑄨𑄚𑄬 𑄌𑄉𑄪𑄢𑄨 𑄃𑄬𑄇𑄴𑄇𑄚𑄴 𑄣𑄧।,Present
.আমি নাক উঁচু করে তোমাকে তার বাবা বািতে তুলে দিবো,𑄟𑄪𑄃𑄨 𑄚𑄇𑄴 𑄃𑄧𑄎𑄧𑄣𑄴 𑄉𑄧𑄢𑄨𑄚𑄬 𑄖𑄧𑄢𑄬 𑄖 𑄝𑄝𑄧 𑄊𑄧𑄢𑄧𑄖𑄴 𑄖𑄪𑄣𑄨 𑄘𑄨𑄟𑄴𑄝𑄮𑄃𑄨।,Future
তুংপুি মাা কথা বুো মানুষরা বল বেে,𑄖𑄪𑄋𑄴𑄛𑄪𑄘𑄨 𑄟 𑄇𑄧𑄘𑄠𑄴 𑄝𑄋𑄮𑄘𑄨𑄢𑄴 𑄝𑄪𑄉𑄮𑄖𑄴 𑄝𑄧𑄣𑄴 𑄝𑄢𑄬।,Present
মনে মনে বলে - অন্যের সাথে কথা বলা ভালো না,𑄟𑄧𑄚𑄬 𑄟𑄧𑄚𑄬 𑄞𑄝𑄬 - 𑄛𑄨𑄏𑄬𑄃𑄨 𑄇𑄧𑄖𑄴𑄖𑄬 𑄇𑄧𑄘𑄠𑄚𑄴 𑄟𑄨𑄎𑄬 𑄚𑄧𑄠𑄴।,Present
বািটা যে মনে দুঃখ পেছে সেই দুঃখটা ধোা লাগবে,𑄝 𑄢𑄬 𑄎𑄬 𑄟𑄧𑄚𑄧𑄖𑄴 𑄘𑄪𑄇𑄴 𑄜𑄪𑄘𑄬 𑄘𑄮𑄋𑄴 𑄛𑄨𑄏𑄬𑄃𑄨 𑄇𑄧𑄘𑄠𑄚𑄴𑄘𑄮𑄃𑄨 𑄥𑄬 𑄘𑄪𑄇𑄴𑄇𑄚𑄴 𑄙𑄮𑄃𑄨 𑄘𑄬 𑄛𑄧𑄢𑄨𑄝𑄧।,Future
.এটা চিন্তা করে মনটা ফাঁকা হ,𑄃𑄨𑄠𑄚𑄴 𑄞𑄝𑄨 𑄞𑄝𑄨 𑄟𑄧𑄚𑄚𑄴 𑄛𑄥𑄚𑄴 𑄉𑄧𑄢𑄬।,Present
এক শিশু দুইজনে কত ব জিনিস তলা,𑄃𑄨𑄇𑄴𑄇𑄪 𑄝𑄪𑄏𑄬𑄢𑄴 𑄖𑄬 𑄉𑄪𑄢𑄮 𑄎𑄧𑄚𑄧𑄃𑄨𑄘𑄪 𑄇𑄧𑄖𑄴𑄟𑄚𑄴 𑄖𑄧𑄣𑄬।,Present
এক জাতী বুনো ফল,𑄍𑄮 𑄟𑄧𑄢।,Present
সে মনে হ সব কানি সেলাই করবে,𑄖𑄬 𑄎𑄚𑄬 𑄪 𑄛𑄨𑄖𑄴 𑄗𑄨𑄟𑄨𑄖𑄴 𑄝𑄬𑄇𑄴 𑄇𑄚𑄨 𑄥𑄪𑄘𑄮𑄟𑄴 𑄟𑄧𑄎𑄨𑄟𑄴 𑄌𑄧𑄣𑄬।,Future
এগুলো একটু বাঁকা হলে কি বিপদ হ,𑄃𑄨𑄠𑄚𑄧𑄢𑄴 𑄃𑄬𑄇𑄴𑄇 𑄝𑄬 𑄖𑄨𑄢𑄨𑄇𑄴 𑄦𑄧𑄣𑄬 𑄇𑄨 𑄘𑄧𑄏 𑄦𑄧𑄠𑄴।,Present
"তারাজামে পানি পে,লম্বা লেজ ধরলে কোথা পে","𑄖𑄢𑄎𑄟𑄬 𑄎𑄧𑄣𑄨 𑄎𑄧𑄣𑄨, 𑄣𑄟𑄴𑄝 𑄣𑄬𑄌𑄴 𑄎𑄣𑄬𑄃𑄨 𑄇𑄪𑄘𑄪 𑄃𑄪𑄢𑄨 𑄛𑄧𑄢𑄧𑄚𑄴 𑄘𑄮𑄃𑄨।",Present
জীবনে মরণের সম বিপদ হ,𑄎𑄧𑄚𑄨 𑄛𑄨𑄖𑄴𑄗𑄨𑄟𑄨𑄖𑄴 𑄛𑄧𑄢𑄧𑄚𑄴 𑄥𑄣𑄬 𑄘𑄧𑄏 𑄦𑄧𑄠𑄴।,Present
"সূর্য,চামা,তারা,হেঁচা,দুজা সব সম ভ্রমণ করে","𑄝𑄬𑄣𑄴, 𑄌𑄚𑄴, 𑄖𑄢, 𑄛𑄬𑄃𑄨𑄇𑄴, 𑄎𑄪𑄇𑄴, 𑄦𑄬𑄟𑄚𑄴, 𑄉𑄋𑄴, 𑄘𑄧𑄎𑄳𑄠 𑄝𑄬𑄇𑄴 𑄥𑄪𑄘𑄮𑄟𑄴 𑄟𑄧𑄎𑄨𑄟𑄴 𑄣𑄧𑄢𑄌𑄧𑄢।",Present
সামাজিক মেলামেশা,𑄥𑄟𑄌𑄴𑄠𑄮 𑄥𑄬𑄎𑄚𑄴।,Present
এখানে সবসম কালো জাম,𑄃𑄨𑄠𑄚𑄧𑄢𑄴 𑄝𑄬𑄖𑄨𑄢𑄨𑄇𑄴 𑄟𑄚𑄬 𑄉𑄬𑄚𑄴 𑄎𑄟𑄴।,Present
"ব্যাঙের মতো - এগুলো আগে থেকে জানা আছে, পরে ব নিশ্বাস ফেলা","𑄝𑄋𑄮𑄘𑄨 𑄞𑄝𑄬 - 𑄃𑄨𑄠𑄚𑄨 𑄃𑄉𑄬𑄘𑄨 𑄎𑄧𑄚𑄨 𑄝𑄪𑄏𑄨𑄘𑄪𑄋𑄴, 𑄎𑄬𑄢𑄬 𑄝𑄳𑄦𑄧 𑄚𑄨𑄏𑄌𑄴 𑄜𑄬𑄣𑄠𑄴।",Present
সে ব ব ব বািে বািে ফিরে গেল,𑄥𑄬𑄘𑄨𑄚𑄳𑄠𑄬 𑄝𑄋𑄮𑄘𑄨𑄘𑄊𑄨 𑄖𑄪𑄋𑄴𑄛𑄪𑄘𑄨 𑄟𑄘𑄊𑄨 𑄊𑄧𑄢𑄧𑄖𑄴𑄖𑄪𑄚𑄴 𑄃𑄬𑄃𑄨 𑄖 𑄇𑄬𑄣𑄳𑄠𑄬 𑄊𑄧𑄢𑄧𑄖𑄴 𑄜𑄨𑄢𑄨𑄣𑄇𑄴।,Past
.লঞ্চটা পুরোটা পথ তার পিছনে পিছনে আসলো,𑄣𑄧𑄚𑄴𑄌𑄧𑄚𑄴 𑄉𑄧𑄘 𑄛𑄧𑄖𑄴𑄗𑄚𑄴 𑄖 𑄛𑄨𑄏𑄬 𑄇𑄧𑄘 𑄞𑄝𑄨 𑄞𑄝𑄨 𑄃𑄬𑄣𑄧।,Past
তার স্বামী ও স্ত্রীকে কেকদিন এই পৃথিবীতে কেকটি কুকুর নিে আসবে,𑄖 𑄎𑄟𑄬𑄃𑄨𑄝𑄮 𑄃𑄮 𑄣𑄧𑄚𑄴𑄌𑄧𑄧𑄖𑄴 𑄃𑄬𑄖𑄴𑄖𑄬 𑄇𑄧𑄠𑄬𑄇𑄴 𑄉𑄬𑄘 𑄝𑄋𑄮𑄘𑄨𑄢𑄬 𑄇𑄧𑄣𑄧 - 𑄟𑄪𑄃𑄨 𑄃𑄬𑄇𑄴𑄇𑄚𑄴 𑄌𑄉𑄪𑄢𑄨 𑄎𑄪𑄘𑄬𑄝𑄢𑄴 𑄌𑄬𑄃𑄨𑄟𑄴।,Future
তোরা লালমাা বসে পেছো,𑄖𑄪𑄃𑄨 𑄢𑄋𑄟𑄖𑄳𑄠𑄬 𑄗𑄬𑄃𑄨𑄚𑄬 𑄛𑄧𑄢 𑄌𑄣𑄬𑄌𑄴𑄌𑄮𑄃𑄨।,Present
বামহাতি না মাটি রেছে,𑄝𑄋𑄮𑄘𑄨 𑄚𑄧 𑄟𑄙𑄨 𑄢𑄧𑄣𑄧।,Present
. শেষে বউ কথা কও - তুমি চামা পেলে তো বাচ্চা নেই,𑄎𑄬𑄢𑄬 𑄝𑄮𑄘𑄨 𑄇𑄧𑄣𑄧 - 𑄖𑄪𑄃𑄨 𑄌𑄉𑄪𑄢𑄨 𑄛𑄬𑄣𑄬 𑄘𑄧 𑄌𑄨𑄙𑄬 𑄚𑄬𑄃𑄨।,Present
বামহাতি মেেটার কথা শুনে আমি এদিক ওদিক দৌাদৌি করতে পারবো,𑄝𑄋𑄮𑄘𑄨 𑄎𑄟𑄬𑄝𑄮 𑄇𑄇𑄴𑄈𑄧𑄚𑄴 𑄃𑄧𑄣𑄧𑄢𑄴𑄉𑄧𑄢𑄨 𑄝𑄋𑄮𑄘𑄨 𑄇𑄧𑄘 𑄥𑄪𑄚𑄨𑄚𑄬 𑄇𑄧𑄣𑄧-𑄟𑄪𑄃𑄨 𑄈𑄟/𑄇𑄟𑄇𑄴𑄇𑄠𑄴 𑄌𑄉𑄪𑄢𑄨 𑄎𑄪𑄘𑄬 𑄛𑄢𑄨𑄟𑄴।,Future
চেনা মানুষ আছে,𑄌𑄨𑄚𑄴𑄛𑄧𑄎𑄳𑄠𑄧 𑄟𑄚𑄪𑄌𑄴 𑄃𑄊𑄧𑄚𑄴।,Present
ব্যাঙটা তার জামাইকে দেখে টাকা খরচ করে,𑄝𑄋𑄮𑄘𑄨 𑄖 𑄎𑄟𑄬𑄝𑄮𑄢𑄬 𑄢𑄨𑄚𑄨 𑄌𑄬𑄃𑄨 𑄇𑄧𑄠𑄴 - 𑄌𑄬𑄌𑄴𑄌𑄮 𑄝𑄃𑄨𑄣𑄬𑄘 𑄖𑄬𑄋 𑄈𑄧𑄢𑄧𑄌𑄴 𑄉𑄧𑄢𑄨𑄝𑄬।,Present
বাঁশটা কেটে দাও- তুমি কোনো চিন্তা করো না,𑄝𑄋𑄮𑄘𑄨 𑄎𑄟𑄬𑄝𑄮 𑄎𑄮𑄝𑄴 𑄘𑄬 - 𑄖𑄪𑄃𑄨 𑄇𑄧𑄚𑄧 𑄌𑄨𑄘𑄬 𑄚𑄧 𑄉𑄧𑄢𑄨𑄌𑄴।,Present
.আমি টাকা না দিে কুকুরকে পেে যাবো,𑄟𑄪𑄃𑄨 𑄖𑄬𑄋 𑄚𑄧 𑄘𑄳𑄠𑄬 𑄉𑄧𑄢𑄨 𑄌𑄉𑄪𑄢𑄨 𑄛𑄬𑄃𑄨𑄟𑄴।,Future
নৌকা করে বািতে পৌঁছে গেলাম,𑄣𑄧𑄚𑄴𑄌𑄧𑄖𑄴 𑄞𑄬𑄃𑄨𑄘𑄮 𑄇𑄧𑄘 𑄇𑄪𑄃𑄧𑄇𑄨 𑄉𑄧𑄢𑄨 𑄎𑄬𑄢𑄬 𑄊𑄧𑄢𑄧𑄖𑄴 𑄣𑄪𑄋𑄨𑄣𑄇𑄴𑄇𑄨।,Past
"৩,তিন",𑄹.,Present
"বাঁশের ফালিটা একটু এদিক সেদিক করে - বোই, বোইনটা একটু বাঁকা হেছে","𑄝𑄋𑄮𑄘𑄨 𑄥𑄪𑄢𑄨𑄝𑄮 𑄃𑄬𑄇𑄴𑄇𑄧𑄎𑄚𑄴 𑄃𑄝𑄨𑄣𑄬𑄌𑄴 𑄉𑄧𑄢𑄬 - 𑄝𑄬𑄃𑄨, 𑄝𑄬𑄚𑄨 𑄇𑄨𑄖𑄳𑄠 𑄃𑄬𑄎𑄚𑄴 𑄦𑄧𑄣𑄇𑄴।",Present
বাঁশ দিেও এই গাছটা খুব ভালো না,𑄝𑄋𑄮𑄘𑄨𑄠𑄮 𑄃𑄨𑄠𑄚𑄴𑄘𑄧𑄮𑄃𑄨 𑄇𑄧𑄟𑄴 𑄟𑄧𑄚𑄴𑄟𑄧𑄢 𑄚𑄧𑄠𑄴।,Present
আসা যাওার রাস্তা থেকে বের হে আসার সম তার সাথীরা কোন কথা বলে না,𑄃𑄬𑄌𑄳𑄠𑄬𑄠𑄮 𑄣𑄧𑄚𑄴𑄌𑄧𑄖𑄴𑄖𑄪𑄚𑄴 𑄣𑄟𑄧𑄚𑄬 𑄝𑄋𑄮𑄘𑄨 𑄌𑄨𑄙𑄬 𑄉𑄧𑄢𑄨 𑄉𑄧𑄢𑄨 𑄃𑄬𑄎𑄬𑄢𑄴 𑄎𑄧𑄚𑄨 𑄖 𑄥𑄪𑄢𑄨𑄝𑄮 𑄇𑄧𑄚𑄧 𑄇𑄧𑄘 𑄛𑄪𑄏𑄢𑄴 𑄉𑄧𑄢𑄬।,Present
সারাদিন ভাত খাওার সম একটুও ভ পা না,𑄘𑄨𑄝𑄪𑄎𑄳𑄠 𑄞𑄖𑄴 𑄈𑄬𑄝𑄢𑄴 𑄃𑄧𑄇𑄴𑄖𑄧 𑄖𑄳𑄠𑄬𑄚𑄴 𑄈𑄧𑄢𑄬 𑄚𑄧 𑄡𑄠𑄴।,Present
এক জাতী বুনো ফল যা সবজি হিসেবে ব্যবহৃত হ,𑄖𑄢 𑄣𑄪𑄋𑄴𑄉𑄧𑄚𑄴𑄘𑄨।,Present
তার সুরিটা একসাথে না করে একসাথে ঘুরে বো -,𑄖 𑄥𑄪𑄢𑄨𑄝𑄮 𑄥𑄧𑄟𑄘𑄬 𑄚𑄧 𑄥𑄧𑄟𑄘𑄬 𑄛𑄪𑄏𑄢𑄴 𑄉𑄧𑄢𑄬𑄢 - 𑄃𑄃𑄨𑄠𑄬 𑄏𑄘𑄨 𑄜𑄨𑄢𑄨𑄣𑄉𑄮𑄃𑄨?,Present
বাঁশের বোটা জো দিল - কদিন থাকবো,"𑄝𑄋𑄮𑄘𑄨 𑄎𑄟𑄬𑄝𑄮 𑄎𑄮𑄝𑄴 𑄘𑄨𑄣𑄧 - 𑄃, 𑄇𑄧𑄠𑄴𑄘𑄨𑄚𑄴 𑄗𑄬𑄘𑄧𑄋𑄴।",Future
বাঁশটা সুঁচালো না,𑄝𑄋𑄮𑄘𑄨 𑄥𑄪𑄢𑄨𑄝𑄮 𑄚𑄧 𑄟𑄙𑄨 𑄢𑄧𑄣𑄧।,Past
বামহাতি মনে কালো দাগ আর কান জ্বালা করে নাকি,𑄝𑄋𑄮𑄘𑄨 𑄟𑄧𑄚𑄧𑄖𑄴 𑄚𑄨𑄖𑄳𑄠𑄧 𑄇𑄟𑄢 𑄙𑄧𑄎𑄳𑄠 𑄃𑄢𑄧 𑄇𑄧𑄚𑄧𑄇𑄴 𑄇𑄚𑄴 𑄛𑄪𑄏𑄢𑄴 𑄉𑄧𑄢𑄬 𑄇𑄨𑄚।,Present
মনের মতো কাজ করে এই ফলটা বেশি বেশি পাচ্ছি,𑄟𑄧𑄚𑄬 𑄟𑄧𑄚𑄬 𑄞𑄝𑄬 𑄃𑄛𑄘𑄎𑄳𑄠𑄬 𑄇𑄟𑄴 𑄉𑄧𑄢𑄚𑄃𑄨 𑄃𑄬𑄥𑄳𑄠𑄬 𑄃𑄬 𑄜𑄧𑄣𑄴 𑄦𑄢𑄬 𑄦𑄢𑄬 𑄛𑄋𑄧𑄢𑄴।,Present
সে আবার ভাবে - আমার কাজ গুলো আমার ভাই করে,𑄎𑄬𑄢𑄬 𑄃𑄢𑄧 𑄞𑄝𑄬 - 𑄃𑄬𑄌𑄳𑄠𑄬 𑄟𑄧 𑄇𑄟𑄴𑄠𑄚𑄴 𑄎𑄧𑄚𑄨 𑄟𑄧 𑄞𑄬𑄃𑄨𑄠𑄪𑄚𑄬 𑄉𑄧𑄢𑄴𑄗𑄇𑄴!,Present
বামহাতি মনে এইটার কোনো মিল নেই,𑄝𑄋𑄮𑄘𑄨 𑄟𑄧𑄚𑄧𑄖𑄴 𑄃𑄨𑄠𑄚𑄧𑄢𑄴 𑄇𑄧𑄚𑄧 𑄎𑄮𑄝𑄴 𑄚𑄧 𑄟𑄨𑄣𑄬।,Present
আরও ভাবে-আমি মেেকে কি দোষ করি,𑄃𑄢𑄧 𑄞𑄝𑄬 - 𑄟𑄪𑄃𑄨 𑄟𑄨𑄣𑄬𑄇𑄬𑄃𑄨 𑄇𑄨 𑄘𑄪𑄌𑄴 𑄝𑄬𑄌𑄴!,Present
এগুলো সেলাই করবো,𑄃𑄨𑄠𑄚𑄴 𑄇𑄬𑄎𑄚𑄴 𑄥𑄪𑄘𑄮𑄟𑄴।,Future
এই সুতাটা একটুও শক্ত না,𑄃𑄬 𑄥𑄪𑄘𑄮𑄟𑄴 𑄇𑄨𑄖𑄳𑄠𑄬 𑄥𑄧𑄋𑄴 𑄚𑄧𑄠𑄴।,Present
বাঁশের ফালি দিে ভাত খেে আবার আবোল তাবোল বলতেছে,𑄝𑄋𑄮𑄘𑄨𑄘𑄊𑄨 𑄉𑄘𑄨𑄉𑄪𑄘𑄧𑄃𑄨 𑄞𑄖𑄴 𑄈𑄬𑄃𑄨 𑄃𑄢𑄧 𑄇𑄧𑄘 𑄇𑄪𑄃𑄧𑄝𑄪𑄣𑄧 𑄉𑄧𑄢𑄴𑄣𑄇𑄴।,Present
তার কথা গুলো কানে বারি মারে,𑄖 𑄛𑄨𑄏𑄬𑄃𑄨 𑄇𑄧𑄘𑄠𑄚𑄴 𑄃𑄟𑄨𑄎𑄬 𑄘𑄨 𑄇𑄚𑄧𑄖𑄴 𑄝𑄢𑄨 𑄟𑄢 𑄙𑄧𑄎𑄳𑄠।,Present
পাহাের দিনে কেন আগে যাওা যা-এইটা চিন্তা করো,𑄟𑄪𑄎𑄪𑄋𑄮 𑄘𑄨𑄚𑄪𑄚𑄧𑄖𑄴 𑄇𑄬𑄚𑄬 𑄃𑄇𑄴𑄇𑄮𑄃𑄨 𑄡 𑄡𑄠𑄴- 𑄃𑄨𑄠𑄚𑄴 𑄞𑄝 𑄙𑄧𑄢𑄴𑄣𑄇𑄴।,Present
এইবারে দিনে দুইজনে এক সাথে বসে,𑄃𑄬𑄝𑄢𑄧𑄖𑄴 𑄘𑄨𑄚𑄴𑄛𑄧𑄖𑄴𑄖𑄨 𑄝𑄋𑄮𑄘𑄨𑄘𑄊𑄨 𑄘𑄨 𑄎𑄧𑄚𑄬 𑄃𑄧𑄇𑄴𑄖𑄧 𑄃𑄧𑄇𑄴𑄖𑄧 𑄥𑄧𑄣𑄴𑄣𑄖𑄴 𑄝𑄧𑄏𑄧𑄚𑄴।,Present
তার পাের সুসুিটা কথা বলতেছে,𑄖 𑄥𑄮𑄢𑄴-𑄥𑄪𑄢𑄨𑄠𑄪𑄚𑄴𑄘𑄮𑄃𑄨 𑄇𑄧𑄘 𑄟𑄬𑄣𑄟𑄬𑄣𑄨 𑄉𑄧𑄢𑄧𑄚𑄴।,Present
তার পাের সুিগুলো তাদেরকে বলে - সসার ছিঁে থাক,𑄖 𑄥𑄮𑄢𑄴-𑄥𑄪𑄢𑄨𑄠𑄪𑄚𑄬 𑄖𑄢𑄢𑄬 𑄇𑄧𑄚𑄴 - 𑄥𑄧𑄋𑄴𑄥𑄢𑄴 𑄍𑄨𑄉𑄮𑄚𑄴 𑄗𑄉𑄧𑄘𑄬 𑄦𑄘𑄧।,Present
.পরের কুল না পাওা,𑄎𑄬𑄢𑄬 𑄇𑄪𑄣𑄴 𑄚𑄧 𑄛𑄬𑄝।,Present
ব্যাঙটা কল-চোপ খুঁজতে হবে,𑄝𑄋𑄮𑄘𑄨 𑄎𑄟𑄬𑄝𑄮 𑄇𑄧𑄣𑄧 - 𑄌𑄉𑄪𑄢𑄨 𑄖𑄧𑄉 𑄛𑄧𑄢𑄨𑄝𑄧𑄘𑄬।,Future
বাঁশের ফালি দিে বানানো মাচা,𑄝𑄋𑄮𑄘𑄨 𑄥𑄪𑄢𑄨𑄝𑄮 𑄟𑄙𑄨 𑄇𑄧𑄠𑄴 - 𑄌𑄉𑄪𑄢𑄨 𑄦𑄣𑄬 𑄌𑄉𑄪𑄢𑄨।,Present
"তোমরা বাগান,চাষ করো না","𑄖𑄪𑄟𑄨 𑄝𑄉𑄚𑄴, 𑄌𑄌𑄴 𑄉𑄧𑄢𑄧 𑄚।",Present
.তরকারি পেলে কি এগুলো করতে পারে না?,𑄎𑄬𑄢𑄬 𑄃𑄢𑄧 𑄇𑄧𑄣𑄧 -𑄌𑄉𑄪𑄢𑄨 𑄛𑄬𑄣𑄬𑄃𑄮 𑄇𑄨 𑄃𑄨𑄠𑄚𑄨 𑄉𑄧𑄢𑄨 𑄚𑄧 𑄛𑄢𑄬 𑄚𑄇𑄨।,Present
বাঁশের বো দিে ব ব ধান ব করছে,𑄝𑄋𑄮𑄘𑄨 𑄎𑄟𑄬𑄝𑄮𑄢𑄴 𑄊𑄧𑄢𑄧 𑄛𑄪𑄉𑄬𑄘𑄨 𑄝𑄧𑄢𑄴 𑄗𑄧𑄣𑄴 𑄙𑄚𑄴𑄞𑄪𑄃𑄨 𑄃𑄳𑄦 𑄟𑄪𑄢𑄮।,Present
"পাহাে হেছে আদা,আনি হ অনেক","𑄟𑄪𑄢𑄮𑄖𑄴 𑄦𑄧𑄣𑄮𑄘𑄴, 𑄃𑄘, 𑄃𑄚𑄥𑄴 𑄦𑄧𑄠𑄴 𑄘𑄬𑄘𑄢𑄴।",Present
ধানের জমিতে একটু একটু করে ধান লাগালে বলিা উঠে,𑄙𑄚𑄴 𑄞𑄪𑄃𑄨𑄠𑄮𑄖𑄴 𑄃𑄬𑄇𑄴𑄇 𑄃𑄬𑄇𑄴𑄇 𑄇𑄎𑄬𑄃𑄨 𑄙𑄚𑄴 𑄣𑄉𑄬𑄣𑄬 𑄝𑄧𑄣𑄨𑄉𑄧𑄢𑄨 𑄃𑄪𑄙𑄬।,Present
"পাহাের গাি,সেগুন,আম,কাঁঠাল,লিজু আনার বাগান করলে টাকা উঠে না","𑄟𑄪𑄢𑄮𑄖𑄴 𑄉𑄟𑄢𑄨, 𑄥𑄬𑄉𑄪𑄚𑄴, 𑄃𑄟𑄴, 𑄇𑄖𑄴𑄖𑄮𑄣𑄴, 𑄣𑄨𑄎𑄪 𑄃𑄚𑄥𑄴 𑄝𑄉𑄚𑄴 𑄉𑄧𑄢𑄨 𑄛𑄢𑄴𑄣𑄬 𑄖𑄬𑄋 𑄃𑄪𑄚𑄮 𑄚𑄧 𑄗𑄠𑄴।",Present
ভো বাগান করে সে ফিরে,𑄞𑄬𑄃𑄨𑄘𑄮 𑄝𑄉𑄚𑄴 𑄉𑄧𑄢𑄨𑄚𑄬 𑄉𑄨𑄢𑄨𑄖𑄴 𑄖𑄨 𑄜𑄨𑄢𑄬𑄠𑄮𑄚𑄴।,Present
"ছেলে- ছাা পা,চামা ধরে","𑄛𑄮 - 𑄍 𑄛𑄧𑄢𑄘𑄧𑄚𑄴, 𑄌𑄉𑄪𑄢𑄨 𑄙𑄧𑄢𑄨𑄘𑄮𑄚𑄴।",Present
"খালিক শুধু লাগে-টাকা বল,কাজ বল, মন বল","𑄈𑄣𑄨𑄇𑄴 𑄝𑄚 𑄣𑄉𑄬 - 𑄖𑄬𑄋 𑄝𑄧𑄣𑄴, 𑄇𑄟𑄧 𑄝𑄧𑄣𑄴, 𑄟𑄧𑄚𑄧 𑄝𑄧𑄣𑄴।",Present
"৪, ৪",𑄺.,Present
তেমার পাে জো লাগে না,𑄖𑄬𑄟𑄴 𑄟𑄋𑄬 𑄎𑄧𑄢 𑄚𑄧 𑄝𑄧𑄘𑄬।,Present
১. সাা ধরে না ২. সাা ধরা,𑄥𑄃𑄧𑄎𑄬 𑄚𑄧 𑄙𑄧𑄢𑄬।,Present
ব্যাঙটা এক কেজি মন ভ করে দিল,𑄝𑄋𑄮𑄘𑄨 𑄥𑄮𑄢𑄴 𑄝𑄮 𑄃𑄬𑄇𑄴 𑄇𑄧𑄎𑄚𑄴 𑄟𑄧𑄚𑄴 𑄘𑄧𑄢𑄧 𑄉𑄧𑄢𑄨 𑄘𑄳𑄠𑄬।,Past
বাঙিবাঙি লালমািতে গেলে তুংপুং করে মা বাতাস নিে যা,𑄝𑄋𑄮𑄘𑄨𑄘𑄊𑄨 𑄢𑄋𑄟𑄖𑄳𑄠𑄬 𑄉𑄬𑄣𑄬 𑄖𑄪𑄋𑄴𑄛𑄪𑄘𑄨 𑄟- 𑄝𑄝𑄧𑄖𑄴 𑄖𑄪𑄚𑄴 𑄝𑄪𑄘𑄴 𑄙𑄨 𑄣𑄧𑄚𑄴।,Present
এনে এনে বামে দশ হাজার টাকা নিে দিল,𑄃𑄬𑄚𑄬 𑄃𑄬𑄚𑄬 𑄝𑄋𑄮𑄘𑄨 𑄥𑄮𑄢𑄴𑄝𑄮 𑄘𑄧𑄥𑄴 𑄦𑄎𑄢𑄴 𑄖𑄬𑄋 𑄚𑄨𑄉𑄨𑄣𑄬𑄃𑄨 𑄘𑄨𑄣𑄧।,Past
"জঙ্গল কেটে আনা চারা,গামারি চারা লাগে","𑄏𑄢𑄴 𑄇𑄝𑄨𑄚𑄬 𑄃𑄚𑄥𑄴 𑄌𑄢, 𑄉𑄟𑄢𑄨 𑄌𑄢 𑄣𑄉𑄬𑄃𑄨 𑄌𑄬𑄣𑄇𑄴।",Present
"দুই কানি হলুদ হেছে, আদা লাগেই দিল","𑄘𑄨 𑄇𑄚𑄨 𑄟𑄪𑄣𑄧 𑄦𑄧𑄣𑄮𑄘𑄴, 𑄃𑄘 𑄣𑄉𑄬𑄃𑄨 𑄘𑄨𑄣𑄇𑄴।",Past
বেশি তোমার সেগুলো ব্যবহার করো -চারামোচা করে রাঙামাটিতে যাও,𑄃𑄧𑄇𑄴 𑄖𑄧 𑄃𑄧𑄇𑄴 𑄖𑄧 𑄥𑄨𑄠𑄚𑄨 𑄌𑄬𑄘𑄧𑄚𑄴 - 𑄌𑄬𑄢𑄬𑄌𑄴𑄖 𑄉𑄧𑄢𑄧𑄚𑄴 𑄃𑄳𑄦 𑄃𑄬𑄇𑄴𑄇 𑄎𑄪 𑄛𑄬𑄣𑄬 𑄢𑄋𑄟𑄖𑄳𑄠𑄬 𑄡𑄚𑄴।,Present
দুই একদিন থাকার পর ফিরে আসে,𑄘𑄨 𑄃𑄬𑄇𑄴𑄘𑄨𑄚𑄴 𑄗𑄬𑄃𑄨 𑄜𑄨𑄢𑄨 𑄃𑄬𑄎𑄧𑄚𑄴।,Present
এখানে বাঁশটা খসখোসা ধরলো,𑄃𑄨𑄚𑄴𑄘𑄨 𑄝𑄋𑄮𑄘𑄨 𑄚𑄬𑄇𑄴𑄇𑄮 𑄈𑄧𑄌𑄴𑄈𑄧𑄎 𑄙𑄧𑄢𑄴𑄣𑄧।,Past
টাকা ছাানো কুকুর কেন!,𑄖𑄬𑄋 𑄍𑄢 𑄌𑄉𑄪𑄢𑄨 𑄇𑄬𑄚𑄬!,Present
চে পাঁচ টাকা/খাওা কি এত উঁচুতে,𑄌𑄬𑄢𑄴 - 𑄛𑄌𑄴 𑄣𑄇𑄴 /𑄈𑄴 𑄖𑄬𑄋 𑄎𑄪𑄉𑄮𑄣𑄧𑄚 𑄇𑄨 𑄃𑄬𑄘𑄧𑄇𑄴 𑄃𑄪𑄌𑄴𑄌𑄮 ।,Present
.শেষ হবে না ধরে নিে গেল,𑄎𑄬𑄢𑄬 𑄚𑄧 𑄦𑄧𑄝𑄧 𑄙𑄧𑄢𑄨 𑄣𑄪𑄠 𑄦𑄧𑄣𑄧।,Past
বাগানের কেত দিে মনটা ভালো হেছে,𑄝𑄉𑄚𑄧 𑄇𑄬𑄖𑄳𑄠 𑄟𑄧𑄚𑄚𑄴 𑄝𑄬𑄌𑄴 𑄘𑄳𑄠𑄬 𑄛𑄧𑄢𑄴𑄣𑄧।,Present
"আগুন - পোকামাকের আদা,হলো বিে কিছু টাকা হাতে আসলে আর বাগান বাি ধরে","𑄃𑄊𑄪𑄚𑄴 - 𑄛𑄪𑄌𑄴𑄟𑄥𑄴 𑄃𑄘, 𑄦𑄧𑄣𑄮𑄘𑄴 𑄝𑄨𑄎𑄨 𑄉𑄪𑄣𑄮𑄘𑄧𑄇𑄴 𑄖𑄬𑄋 𑄦𑄘𑄧𑄖𑄴 𑄃𑄬𑄣𑄬 𑄃𑄢𑄧 𑄝𑄉𑄚𑄴 𑄝𑄢 𑄙𑄧𑄢𑄴𑄣𑄇𑄴।",Present
চ বছর মাথা আনা গাছটাও একটু দেখতে পেলাম,𑄌𑄬𑄢𑄴 𑄝𑄧𑄏𑄧𑄢𑄧 𑄟𑄙𑄖𑄴 𑄃𑄚𑄥𑄴 𑄝𑄉𑄚𑄴𑄃𑄮 𑄃𑄬𑄇𑄴𑄇 𑄖𑄬𑄋 𑄟𑄪 𑄘𑄬𑄊 𑄛𑄬𑄣𑄇𑄴।,Past
".বছরে আদা, হলুদ,আনিা বাগান বাি ধরলো","𑄝𑄧𑄏𑄧𑄢𑄬 𑄝𑄧𑄏𑄧𑄢𑄬 𑄃𑄘, 𑄦𑄧𑄣𑄮𑄘𑄴, 𑄃𑄚𑄌𑄴 𑄝𑄉𑄚𑄴 𑄝𑄢 𑄙𑄧𑄢𑄴𑄣𑄧।",Past
উন্দু গাছের বাগানও একবার বলীে উঠেছে,𑄃𑄪𑄚𑄴𑄘𑄨 𑄉𑄏𑄧 𑄝𑄉𑄚𑄴𑄠𑄮 𑄃𑄬𑄇𑄴𑄘𑄊𑄨 𑄝𑄧𑄣𑄨𑄉𑄧𑄢𑄨 𑄃𑄪𑄙𑄧 𑄙𑄧𑄎𑄳𑄠 𑄃𑄳𑄦 𑄝𑄢 𑄙𑄧𑄎𑄳𑄠।,Present
. ফলে দুইজনে রাগ করতেছে।,𑄎𑄬𑄢𑄬 𑄘𑄨 𑄃𑄬𑄇𑄴𑄎𑄧𑄚𑄴 𑄉𑄞𑄪𑄢𑄴𑄃𑄮 𑄢𑄉𑄬𑄝𑄢𑄴 𑄉𑄧𑄢𑄧𑄌𑄴 𑄛𑄧𑄢𑄴𑄧𑄣𑄧।,Present
এক দিন বাঙি পোলা ছেলে খালাস করতে গিয়ে রাঙামাটিতে যে স্থির হেছে,𑄃𑄬𑄇𑄴 𑄘𑄨𑄚𑄴 𑄝𑄋𑄮𑄘𑄨 𑄛𑄮𑄣𑄳𑄠𑄬 𑄛𑄮 𑄈𑄣𑄥𑄴 𑄉𑄧𑄢𑄨𑄝𑄖𑄳𑄠𑄬 𑄢𑄋𑄟𑄖𑄳𑄠𑄬 𑄡𑄬𑄃𑄨 𑄗𑄨𑄘𑄧 𑄦𑄮𑄃𑄨 𑄛𑄬𑄣𑄧।,Present
তিন মাস লাগবে কুকুরটাকে ডাকতে,𑄖𑄨𑄚𑄴𑄟𑄥𑄴 𑄣𑄉𑄨𑄝𑄧 𑄓𑄇𑄴𑄖𑄧𑄢𑄬 𑄙𑄧𑄌𑄴 𑄘𑄨𑄣𑄇𑄴।,Future
পিঁিে বািতে আবার যেতে হবে,𑄛𑄨𑄏𑄬𑄧𑄨 𑄊𑄧𑄢𑄧𑄖𑄴 𑄇𑄬𑄚𑄬 𑄃𑄢𑄴 𑄡𑄬𑄝𑄧।,Future
একজন তাাতাি বা কুা ধরে,𑄃𑄨𑄇𑄴𑄇𑄪 𑄗𑄢𑄴𑄠𑄮 𑄝 𑄇𑄪𑄘𑄪 𑄙𑄧𑄢𑄬।,Present
সূর্য ডোবার সম একটি বাি ভরা হ,𑄢𑄌𑄴𑄝𑄢𑄨𑄖𑄴 𑄃𑄬𑄇𑄴𑄇𑄚𑄴 𑄊𑄧𑄢𑄴 𑄞𑄢 𑄣𑄧𑄣𑄇𑄴।,Present
"তার সুতা,নুনটা লেগে থাকে","𑄖 𑄥𑄪𑄢𑄨, 𑄚𑄧𑄚𑄧𑄚𑄴 𑄃𑄳𑄦 𑄎𑄟𑄬𑄝𑄮 𑄗𑄚𑄴।",Present
তার জামাটি অনেক ব বািে - পাঁচদিন থাকে আর আসে,𑄖 𑄎𑄟𑄬𑄝𑄮 𑄃𑄧𑄇𑄴𑄖𑄧 𑄃𑄧𑄇𑄴𑄖𑄧 𑄊𑄧𑄢𑄧𑄖𑄴 𑄡𑄬𑄃𑄨 𑄌𑄬𑄢𑄴 - 𑄛𑄌𑄴𑄘𑄨𑄚𑄴 𑄗𑄬𑄃𑄨 𑄃𑄢𑄧 𑄃𑄬𑄎𑄬𑄉𑄮𑄃𑄨।,Present
.এটা না জেনে তার পুরো পথ বন্ধ করে দিল,𑄃𑄨𑄠𑄚𑄴 𑄚𑄧𑄃𑄨 𑄎𑄬𑄚𑄬 𑄖𑄢𑄴 𑄃𑄪𑄘𑄧𑄚𑄴 𑄘𑄨 𑄛𑄧𑄖𑄴𑄗𑄚𑄴 𑄈𑄪𑄣𑄨 𑄘𑄨𑄣𑄧।,Past
তিন মাস পর বাচ্চা হলো,𑄖𑄨𑄚𑄴𑄟𑄥𑄴 𑄎𑄬𑄢𑄬 𑄉𑄪𑄢𑄮 𑄈𑄣𑄌𑄴 𑄦𑄧𑄣𑄧।,Past
ছেলে ছেলে,𑄟𑄧𑄢𑄧𑄖𑄴 𑄛𑄮।,Present
"দ্রুত বর্ধনশীল, দ্রুত",𑄝𑄬𑄉𑄬 𑄃𑄪𑄌𑄴𑄌𑄮।,Present
.তার পাখানা হে রংধনুর মতো পানি করে দিল।,𑄖 𑄥𑄮𑄢𑄴𑄝𑄮 𑄈𑄪𑄏𑄨 𑄦𑄮𑄃𑄨 𑄢𑄋𑄟𑄖𑄳𑄠𑄬 𑄘𑄧𑄟𑄧𑄥𑄧𑄟𑄧𑄉𑄧𑄢𑄨 𑄇𑄮𑄎𑄬𑄃𑄨 𑄛𑄚𑄨 𑄉𑄧𑄢𑄨 𑄘𑄨𑄣𑄧।,Past
"এক জাতী বুনো ফল, যা সবজি হিসেবে ব্যবহৃত হ",𑄃𑄢𑄧 𑄌𑄬𑄃𑄨𑄢𑄴 𑄟𑄥𑄴 𑄢𑄧𑄣𑄇𑄴।,Present
বািতে ফিরে যাওা মনে হ,𑄊𑄧𑄢𑄧𑄖𑄴 𑄜𑄨𑄢𑄨 𑄡𑄬𑄝𑄢𑄴 𑄟𑄧𑄚𑄴 𑄗𑄨𑄘𑄧 𑄉𑄧𑄢𑄨𑄝𑄢𑄴 𑄌𑄘𑄧𑄚𑄴।,Present
.ওইটা একদিন ব্যাঙের বাসা থেকে বের হে আসলো,𑄃𑄳𑄠𑄬𑄚𑄴 𑄃𑄬𑄇𑄴𑄘𑄨𑄚𑄴 𑄝𑄋𑄮𑄘𑄨 𑄎𑄟𑄬𑄝𑄮 𑄊𑄧𑄢𑄧𑄖𑄴𑄖𑄪𑄚𑄴 𑄃𑄬𑄣𑄧।,Past
সে কলকি-কলকি গ্রামে যেতে হবে,𑄖𑄬 𑄇𑄧𑄣𑄧𑄉𑄨 - 𑄇𑄬𑄣𑄳𑄠𑄬 𑄔𑄉𑄖𑄴 𑄡 𑄛𑄧𑄢𑄨𑄝𑄧।,Future
বাঁশের কলা - আা,𑄝𑄋𑄮𑄘𑄨 𑄇𑄧𑄣𑄧 - 𑄃 𑄇𑄨𑄠।,Present
ব্যাঙটা কল - অনেক দিন হলো একটি কুকুর দৌাচ্ছে,𑄝𑄋𑄮𑄘𑄨 𑄎𑄟𑄬𑄝𑄮 𑄇𑄧𑄣𑄧 - 𑄞𑄣𑄧𑄇𑄴𑄘𑄨𑄚𑄴 𑄦𑄧𑄣𑄧 𑄃𑄬𑄇𑄴𑄇𑄚𑄴 𑄌𑄉𑄪𑄢𑄨 𑄘𑄧𑄢𑄴𑄈𑄌𑄴𑄖𑄧 𑄘𑄮𑄋𑄴𑄉𑄬।,Present
.সেটা পরীক্ষা দিতে দিতে ক্লান্ত হেছে।,𑄥𑄨𑄠𑄚𑄴 𑄛𑄧𑄢𑄨𑄇𑄴𑄈𑄬 𑄘𑄨𑄝𑄢𑄴 𑄛𑄪𑄢𑄴 𑄛𑄧𑄎𑄳𑄠𑄬 𑄘𑄬।,Present
বাঁশের কঞ্চি/চামা,𑄝𑄋𑄮𑄘𑄨 𑄇𑄧𑄣𑄧 - 𑄌𑄉𑄪𑄢𑄨।,Present
ব্যাঙের মতো দেখতে এক জাতী কুকুর,𑄝𑄋𑄮𑄘𑄨 𑄎𑄟𑄬𑄝𑄮 𑄇𑄧𑄣𑄧 - 𑄢𑄮𑄓𑄴 𑄓𑄨𑄞𑄨𑄥𑄧𑄚𑄧 𑄌𑄉𑄪𑄢𑄨।,Present
ব্যাঙের কল - আমি একটুও কথা বলি না,𑄝𑄋𑄮𑄘𑄨 𑄇𑄧𑄣𑄧 - 𑄃 𑄟𑄧𑄢𑄬 𑄘𑄧 𑄃𑄬𑄇𑄴𑄉𑄬𑄘𑄠𑄮 𑄚𑄧 𑄇𑄧𑄌𑄴।,Present
না বলে হবে না সে-বাঙি মেেটা জো দিল,𑄚𑄧 𑄇𑄧𑄋𑄴𑄉𑄬 𑄦𑄧𑄝𑄧𑄚𑄨 𑄚𑄧 𑄦𑄧𑄝𑄧 𑄥𑄬𑄖𑄳𑄠𑄬 - 𑄝𑄋𑄮𑄘𑄨 𑄎𑄟𑄬𑄝𑄮 𑄎𑄮𑄝𑄴 𑄘𑄨𑄣𑄧।,Past
বাঁশ দিে এই দিনে সার কুকুর পাওা কি আঘাত করেছে,𑄝𑄋𑄮𑄘𑄨 𑄎𑄚𑄬 𑄃𑄬 𑄘𑄨𑄚𑄮𑄖𑄴 𑄥𑄧𑄢𑄴𑄇𑄢𑄨 𑄌𑄉𑄪𑄢𑄨 𑄛𑄚 𑄇𑄨 𑄃𑄊𑄖𑄳𑄠𑄬।,Present
ভো কুকুরটি পরীক্ষা উত্তীর্ণ হ,𑄞𑄬𑄃𑄨𑄘𑄮 𑄌𑄉𑄪𑄢𑄨𑄢𑄴 𑄛𑄧𑄢𑄨𑄇𑄴𑄈𑄬 𑄦𑄧𑄠𑄴।,Present
খালি জমি কম হ,𑄈𑄣𑄨𑄇𑄴 𑄌𑄉𑄪𑄢𑄨 𑄟𑄚𑄴𑄎𑄮𑄢𑄴 𑄇𑄧𑄟𑄴 𑄦𑄧𑄠𑄴।,Present
চূা-পাহাি পেলে কপাটে গিে ফুল হবে,𑄌𑄉𑄪𑄢𑄨 𑄠𑄚𑄴 𑄛𑄬𑄣𑄬 𑄇𑄧𑄝𑄣𑄧𑄖𑄴 𑄎𑄬𑄚𑄬 𑄏𑄨𑄉𑄬 𑄜𑄪𑄣𑄴 𑄜𑄪𑄘𑄨𑄝𑄧।,Future
খালি পেটে তার যে ভ হ সেটা তো আর হ না,𑄈𑄣𑄨𑄇𑄴 𑄖𑄢𑄴 𑄎𑄬 𑄞𑄧𑄖𑄴 𑄖𑄨 𑄦𑄧𑄚 𑄥𑄨𑄠𑄚𑄴 𑄘𑄧 𑄦𑄮𑄟𑄴 𑄦𑄮𑄟𑄴 𑄉𑄧𑄢𑄨 𑄘𑄧 𑄃𑄬𑄝𑄧 𑄚𑄧 𑄦𑄧𑄠𑄴।,Present
.মনে হ মনে শাক বুনলো শুনে ভে তেতো হে পাঠিে দিবো,𑄟𑄧𑄚𑄬 𑄟𑄧𑄚𑄬 𑄥𑄃𑄧𑄌𑄴 𑄝𑄚𑄨𑄣𑄧 𑄎𑄬𑄚𑄬 𑄥𑄬𑄚𑄬 𑄞𑄧𑄖𑄴 𑄖𑄨 𑄦𑄮𑄃𑄨 𑄛𑄧𑄢𑄨𑄇𑄴 𑄈𑄬 𑄦𑄧𑄣𑄬 𑄘𑄨𑄟𑄴।,Future
তার বেল্টটা বো নিে গেল,𑄖 𑄇𑄬𑄣𑄳𑄠𑄬 𑄝𑄬𑄚𑄳𑄠𑄬 𑄝𑄋𑄮𑄘𑄨 𑄎𑄟𑄬𑄝𑄮 𑄔𑄉𑄖𑄴 𑄣𑄧𑄢𑄴 𑄘𑄨𑄣𑄧।,Past
সুি-বুি ভাই-বোনের মতো কথা বলে,"𑄥𑄮𑄢𑄨-𑄝𑄮𑄠𑄬 𑄞𑄬𑄃𑄨𑄘𑄮 𑄇𑄧𑄘, 𑄥𑄧𑄣𑄴𑄣 𑄉𑄧𑄢𑄴𑄣𑄇𑄴।",Present
একটি ব্যাধিাক্রান্ত হইলে আর কান ব্যাথা করে না,𑄃𑄬𑄇𑄴𑄇𑄚𑄴 𑄎𑄧𑄢 𑄝𑄪𑄘𑄨𑄣𑄬 𑄃𑄢𑄧 𑄃𑄬𑄇𑄴 𑄇𑄚𑄴 𑄎𑄧𑄢 𑄚𑄧 𑄝𑄧𑄘𑄬।,Present
কি কষ্ট সেটা সহ্য করতে পারলাম না,𑄇𑄨 𑄉𑄧𑄢𑄨𑄝𑄢𑄴 𑄥𑄨𑄠𑄚𑄴 𑄗𑄨𑄘𑄧 𑄉𑄧𑄢𑄨 𑄚𑄧 𑄛𑄢𑄴𑄣𑄇𑄴।,Past
"১,৫,৫",𑄻.,Present
. ফরাকটা শুধু মাটিতে পে,𑄜𑄧𑄢𑄈𑄪𑄣𑄧 𑄃.𑄃𑄬. 𑄛𑄥𑄴 𑄉𑄧𑄢𑄨 𑄔𑄉𑄖𑄴 𑄞𑄧𑄖𑄴𑄖𑄨 𑄦𑄧𑄠𑄴।,Present
পাহাের পাশে জগন্নাথ হল,𑄗𑄬𑄘𑄧 𑄔𑄉𑄖𑄴 𑄎𑄧𑄉𑄧𑄚𑄴𑄚𑄗𑄴 𑄦𑄧𑄣𑄧𑄖𑄴।,Past
হলুদ পোকাগুলো পতেছে না,𑄦𑄧𑄣𑄧𑄖𑄴 𑄛𑄮𑄉𑄪𑄚𑄬 𑄚𑄧 𑄛𑄧𑄢𑄧𑄚𑄴।,Present
"তাস খেলা, দৌাদৌি করে থাকা","𑄖𑄥𑄴𑄈𑄢, 𑄘𑄝𑄈𑄢 𑄈𑄮𑄃𑄨 𑄈𑄮𑄃𑄨 𑄗𑄚𑄴।",Present
এক দিে শুধু কাজে যাওা যা,𑄃𑄬𑄇𑄴 𑄘𑄊𑄨𑄠𑄬 𑄝𑄚 𑄇𑄬𑄣𑄎𑄧𑄖𑄴 𑄡𑄚𑄴 𑄃𑄳𑄦 𑄃𑄬𑄎𑄧𑄚𑄴।,Present
পরিক্ষার্থীরা পরীক্ষা উত্তীর্ণ হতে হ,𑄛𑄧𑄢𑄨𑄇𑄴𑄈𑄬 𑄣𑄧𑄇𑄴𑄈𑄬 𑄖𑄢𑄢𑄴 𑄙𑄪𑄝𑄮𑄙𑄪𑄝𑄨 𑄛𑄧𑄢𑄬।,Present
ফোঁা বা ফোঁা দিে মেেরা কম,𑄜𑄧𑄢𑄈𑄪𑄣𑄧 𑄖𑄢𑄢𑄴𑄣𑄮𑄃𑄨 𑄟𑄨𑄣𑄬 𑄇𑄧𑄟𑄴।,Present
বই পা,𑄝𑄧𑄃𑄨 𑄛𑄧𑄢𑄬।,Present
সূর্য ডোবার সম পুরনো বই তাাতাি কিনে,𑄚𑄨𑄣𑄴𑄈𑄬𑄘𑄧𑄖𑄴𑄖𑄪𑄚𑄴 𑄛𑄪𑄢𑄮𑄚𑄴 𑄝𑄧𑄃𑄨 𑄖𑄮𑄉𑄬 𑄖𑄮𑄉𑄬 𑄇𑄨𑄚𑄬।,Present
চূা দিে ও তার কাপ পিে নেই,𑄌𑄪𑄌𑄳𑄠𑄬𑄋𑄴 𑄝𑄝𑄪𑄣𑄮𑄃𑄨 𑄃𑄮 𑄖𑄢𑄴 𑄇𑄮𑄌𑄴 𑄛 𑄛𑄨 𑄚𑄬𑄃𑄨।,Present
সে মনে মনে রেছে মাছের বাচ্চা,𑄖𑄬 𑄚𑄨𑄖𑄳𑄠𑄧 𑄟𑄧𑄚𑄧𑄖𑄴 𑄢𑄊𑄠𑄴 𑄟𑄌𑄴𑄖𑄧𑄢𑄧 𑄛𑄮।,Present
.অন্যের সাথে তার চলা ভালো না,𑄃𑄧𑄚𑄳𑄠𑄧 𑄝𑄝𑄧𑄖𑄳𑄠𑄉𑄧𑄢𑄨 𑄖𑄢𑄴 𑄌𑄧𑄣𑄚 𑄉𑄧𑄟𑄴 𑄚𑄧𑄠𑄴।,Present
দুটি একনাগাে তাদের ভালো মেে,𑄘𑄨 𑄃𑄬𑄇𑄴𑄎𑄧𑄚𑄴𑄘𑄮𑄃𑄨 𑄖𑄢𑄢𑄴 𑄉𑄧𑄟𑄴 𑄟𑄨𑄣𑄬𑄟𑄨𑄣𑄨।,Present
.নিঃশব্দ কথা কী?,𑄚𑄨𑄖𑄳𑄠𑄧 𑄇𑄧𑄘 𑄇𑄪𑄃𑄧 𑄇𑄨।,Present
বই নিে তাদের কথা,𑄝𑄧𑄃𑄨 𑄚𑄨𑄚𑄬 𑄖𑄢𑄢𑄴 𑄇𑄧𑄘 𑄇𑄪𑄃𑄧𑄇𑄨।,Present
দ্রুত বলে - তাদের পথেও ঠিক,𑄝𑄬𑄉𑄬 𑄇𑄧𑄚𑄴 - 𑄖𑄢 𑄛𑄧𑄖𑄴𑄗𑄚𑄴𑄠𑄮𑄃𑄨 𑄒𑄨𑄇𑄴।,Present
তারা আরও উঁচুতে উঠতেছে,𑄖𑄢𑄢𑄴 𑄃𑄢𑄧 𑄃𑄪𑄌𑄴𑄌𑄮𑄛𑄪𑄇𑄴 𑄃𑄪𑄙𑄬।,Present
. এনে এনে পলিথিনের খুঁটিে বছর শেষ হে গেল,𑄃𑄬𑄚𑄬 𑄃𑄬𑄚𑄬 𑄜𑄧𑄢𑄈𑄪𑄣𑄧𑄢𑄴 𑄛𑄮𑄣𑄳𑄠𑄬 𑄝𑄧𑄏𑄧𑄢𑄴 𑄗𑄪𑄟𑄴 𑄦𑄧𑄘𑄬 𑄚𑄧 𑄦𑄧𑄘𑄬 𑄃𑄬𑄇𑄴𑄇𑄚𑄴 𑄌𑄮𑄊𑄮𑄖𑄴 𑄛𑄧𑄢𑄬 𑄛 𑄝𑄧𑄘𑄧𑄣𑄧𑄚 𑄦𑄮𑄃𑄨 𑄉𑄬𑄣𑄧।,Past
.ফাঁদটা মনে পলো-আমি পারি,𑄜𑄧𑄢𑄈𑄪𑄣𑄧 𑄟𑄧𑄚𑄧𑄖𑄴 𑄝𑄚𑄨𑄣𑄧-𑄟𑄪𑄃𑄨 𑄛𑄢𑄧𑄋𑄴।,Present
দিনে দিনে তার সাাটা বারি যা,𑄘𑄨𑄚𑄬 𑄘𑄨𑄚𑄬 𑄖𑄢𑄴 𑄥𑄃𑄧𑄌𑄴𑄌𑄚𑄴 𑄝𑄢𑄨 𑄡 𑄙𑄧𑄢𑄴𑄣𑄧।,Present
সেকেন্ড ইার পা খেে সে বািতে ফিরে,𑄥𑄬𑄇𑄬𑄚𑄴𑄓𑄴 𑄃𑄨𑄠𑄢𑄴 𑄛𑄧𑄢𑄨𑄇𑄴 𑄈𑄬 𑄘𑄨 𑄖𑄬 𑄊𑄧𑄢𑄧𑄖𑄴 𑄜𑄨𑄢𑄬𑄢𑄴।,Present
তার পরে পাহাের পাহািটা খবর পেল - তার বািটা বেে রেছে,𑄖 𑄛𑄨𑄏𑄬𑄃𑄨 𑄖𑄪𑄋𑄴𑄛𑄪𑄘𑄨 𑄟𑄘𑄊𑄨𑄃𑄨𑄘𑄪 𑄃𑄪𑄙𑄨 𑄈𑄧𑄝𑄧𑄢𑄴 𑄛𑄬𑄣𑄧 - 𑄖 𑄝𑄋𑄮𑄘𑄨 𑄝𑄬𑄃𑄨𑄘𑄊𑄨 𑄢𑄌𑄴 𑄝𑄢𑄨 𑄃𑄊𑄧𑄚𑄴𑄘𑄨।,Past
তার অভ্যাসে ভালো উঠে-বজন,𑄖 𑄛𑄨𑄏𑄬𑄃𑄨𑄘𑄊𑄨𑄣𑄮𑄃𑄨 𑄉𑄧𑄟𑄴 𑄃𑄪𑄘𑄧𑄚𑄴 - 𑄝𑄧𑄎𑄧𑄚𑄴।,Present
.তার তুনটা সেখানে বোনোর সম হলো।,𑄖𑄖𑄴 𑄖𑄪𑄚𑄴 𑄥𑄨𑄘𑄪 𑄝𑄬𑄢𑄬𑄝𑄢𑄴 𑄃𑄃𑄮𑄌𑄴 𑄦𑄧𑄣𑄧।,Past
১. খালি থাকল না ২. খালি থাকল না,𑄈𑄣𑄨𑄇𑄴 𑄚𑄧 𑄉𑄬𑄣𑄧।,Past
তার কেলা বো করে বািতে নিে গেল,𑄖 𑄇𑄬𑄣𑄳𑄠𑄬 𑄝𑄬𑄚𑄳𑄠𑄬 𑄣𑄧𑄚𑄴𑄌𑄧𑄖𑄴 𑄉𑄧𑄢𑄨 𑄊𑄧𑄢𑄧𑄖𑄴 𑄣𑄧𑄢𑄴 𑄘𑄨𑄣𑄧।,Past
১. ৬. ৬,𑄼.,Present
".নিচে কাক আরও থাকতে পারে,বেঁচে থাকা পানি ছেে যাওা যা","𑄖𑄧𑄣𑄬 𑄇𑄇𑄴𑄈𑄧𑄚𑄴 𑄃𑄢𑄴 𑄝𑄮𑄃𑄨 𑄗𑄬𑄃𑄨 𑄛𑄢𑄬, 𑄇𑄬𑄝𑄨𑄚𑄧𑄖𑄴 𑄃𑄪𑄙𑄨 𑄛𑄚𑄨 𑄖𑄟𑄴 𑄎 𑄢𑄨𑄚𑄨 𑄌𑄢𑄴।",Present
"ডুবুরি, মাছরাঙারা পানিতে ডুবিে ডুবিে কাজ করতেছে","𑄓𑄪𑄝𑄪𑄢𑄨, 𑄟𑄳𑄦𑄢𑄋𑄠𑄪𑄚𑄴 𑄛𑄚𑄨𑄖𑄴 𑄓𑄪𑄝𑄨 𑄓𑄪𑄝𑄨 𑄒𑄪𑄘𑄮𑄖𑄴 𑄟𑄌𑄴 𑄇𑄟𑄬𑄢𑄬𑄃𑄨 𑄘𑄪𑄢𑄮𑄖𑄴 𑄃𑄪𑄢𑄨 𑄡𑄘𑄧𑄚𑄴।",Present
.বকে পানির বন্যা খা,𑄝𑄮𑄠𑄬𑄢𑄬 𑄛𑄚𑄨 𑄙𑄬𑄛𑄴𑄛𑄢𑄴 𑄃𑄳𑄦 𑄛𑄢𑄧𑄖𑄴 𑄝𑄢𑄨 𑄈𑄢𑄴।,Present
চেনা একজনও নেই,𑄌𑄨𑄚𑄴𑄛𑄧𑄌𑄴𑄎𑄧 𑄃𑄬𑄇𑄴𑄎𑄧𑄚𑄴𑄃𑄮 𑄚𑄬𑄃𑄨।,Present
মন খারাপ হেছে এমন,𑄟𑄧𑄚𑄚𑄴 𑄥𑄬𑄖𑄳𑄠𑄬 𑄉𑄪𑄟𑄮𑄢𑄴।,Present
এই পথে সে অনেক ভালো মানুষ দেখতেছে,𑄃𑄬 𑄛𑄧𑄙𑄬 𑄃𑄬𑄖𑄴 𑄖𑄬 𑄡𑄘𑄬 𑄇𑄧𑄟𑄴 𑄉𑄬𑄘𑄃𑄨 𑄌𑄨𑄚𑄴𑄛𑄧𑄌𑄴𑄎𑄧 𑄟𑄚𑄪𑄌𑄴 𑄣𑄇𑄴 𑄛𑄨𑄠𑄬।,Present
আসা যাওা হবে ধরে নিে গেছে,𑄃𑄬𑄌𑄳𑄠𑄬 𑄃𑄮 𑄥𑄨𑄠𑄚𑄴 𑄦𑄧𑄝𑄧 𑄙𑄧𑄢𑄨 𑄣𑄪𑄠𑄬।,Present
আদেগাি কেবিনের জানালাটা মোে গেল,𑄃𑄘𑄬𑄇𑄳𑄠𑄬𑄉𑄧𑄢𑄨 𑄇𑄬𑄝𑄨𑄚𑄧 𑄎𑄚𑄣 𑄟𑄮𑄇𑄳𑄠𑄬 𑄌𑄮𑄇𑄴𑄇𑄪𑄚𑄴/𑄈𑄪𑄚𑄴 𑄉𑄬𑄣𑄇𑄴।,Past
চোখের পলক ফেলতে পারে না,𑄌𑄮𑄇𑄴𑄇𑄪𑄚𑄴/𑄈𑄪𑄚𑄴 𑄜𑄨𑄢𑄬 𑄚𑄧 𑄛𑄢𑄴𑄣𑄧।,Present
দুই মাি বই আছে,𑄘𑄨 𑄟𑄠𑄴𑄏𑄨 𑄝𑄮𑄃𑄨 𑄃𑄊𑄧𑄚𑄴।,Present
তাকে ঘন ঘন চোখের পলক ফেলতে হ,𑄖𑄢𑄬 𑄊𑄧𑄚𑄧 𑄊𑄧𑄚𑄧 𑄢𑄨𑄚𑄨 𑄌𑄘𑄧𑄚𑄴।,Present
বুোটা থামিে আছে - কামি পে,𑄝𑄪𑄢𑄮𑄝𑄮 𑄗𑄟𑄨 𑄛𑄨𑄚𑄳𑄠𑄬 𑄃 𑄉𑄞𑄪𑄢𑄨 𑄥𑄬𑄣𑄮𑄠𑄢𑄴 - 𑄇𑄟𑄨𑄌𑄴 𑄛𑄨𑄚𑄳𑄠𑄬।,Present
লাঠি দিে লাফিে নিল,𑄉𑄞𑄪𑄢𑄨 𑄇𑄧𑄣𑄬𑄎𑄧𑄖𑄴 𑄛𑄧𑄢𑄬 𑄝𑄨𑄣𑄨 𑄙𑄧𑄢𑄨 𑄣𑄧𑄣𑄧।,Past
চাা দো গািেও তার কান্না দেখিে আছে,𑄌𑄠𑄴𑄘𑄬 𑄉𑄞𑄪𑄢𑄨𑄠𑄮 𑄖 𑄇𑄬𑄃𑄨𑄖𑄴 𑄢𑄨𑄚𑄨 𑄌𑄬𑄃𑄨 𑄃𑄊𑄬।,Present
ফোঁাটা আমি চিনতে পারি,𑄜𑄧𑄢𑄈𑄪𑄣𑄧 𑄟𑄪𑄠𑄚𑄴 𑄌𑄨𑄚𑄬 𑄌𑄨𑄚𑄬 𑄛𑄢𑄴।,Present
খালি পেটে এখানে তুলতে পারে না,𑄈𑄣𑄨𑄇𑄴 𑄉𑄧𑄟𑄬 𑄃𑄨𑄙𑄮𑄖𑄴 𑄖𑄪𑄣𑄨 𑄚𑄧 𑄛𑄢𑄬𑄢𑄴।,Present
.ফসল করার সম ট্রাক্টরও সেই হাল,𑄜𑄧𑄢𑄈𑄪𑄣𑄧 𑄇𑄨𑄠𑄬𑄌𑄴 𑄉𑄧𑄢𑄬𑄢𑄴 𑄉𑄞𑄪𑄢𑄨𑄢𑄴 𑄃𑄮 𑄥𑄬 𑄦𑄣𑄴।,Present
সে মারা গেল,𑄎𑄬𑄢𑄬 𑄖𑄬 𑄇𑄃𑄨 𑄉𑄬𑄣𑄧।,Past
গািটা ভাঙা ভাঙা বাঁশের টুকরো দিে দৌে,𑄉𑄞𑄪𑄢𑄨 𑄞𑄋 𑄞𑄋 𑄝𑄋𑄴 𑄣𑄘𑄨 𑄛𑄪𑄏𑄢𑄴 𑄉𑄧𑄢𑄬𑄢𑄴।,Present
তাাতাি কথা বলতে পারে,𑄎𑄬𑄢𑄬 𑄌𑄠𑄴𑄘𑄬 𑄌𑄋𑄴𑄟 𑄇𑄧𑄘 𑄃𑄮 𑄃𑄬𑄇𑄴𑄇 𑄛𑄢𑄬।,Present
তোমাকে একদম দেখতেছি- ফোঁা কল,𑄖𑄧𑄢𑄬 𑄃𑄨𑄎𑄪 𑄌𑄨𑄚𑄧𑄋𑄴 𑄌𑄨𑄚𑄧𑄋𑄴 𑄛𑄋𑄧𑄖𑄴𑄖𑄬 - 𑄜𑄧𑄢𑄈𑄪𑄣𑄧 𑄇𑄧𑄣𑄧।,Present
তুমি জগন্নাথ হলে থাকো না-গািে যাওার চেেছ,𑄖𑄪𑄃𑄨 𑄎𑄧𑄉𑄧𑄚𑄴𑄚𑄗𑄴 𑄦𑄧𑄣𑄧𑄖𑄴 𑄗𑄌𑄴𑄌𑄬 𑄚𑄧𑄠𑄴 - 𑄉𑄞𑄪𑄢𑄨 𑄎𑄚𑄨𑄝𑄢𑄴 𑄌𑄬𑄣𑄧।,Present
bdmean,𑄃𑄧।,Present
.অন্যরা ঝামেলা করতেছে -তুমি কেন খবর পাও,𑄎𑄬𑄢𑄬 𑄛𑄪𑄏𑄢𑄴 𑄉𑄧𑄢𑄴𑄣𑄧 - 𑄃 𑄖𑄪𑄃𑄨 𑄇𑄬𑄚𑄬 𑄈𑄧𑄝𑄧𑄢𑄴 𑄛𑄥𑄴।,Present
মুত্রথলি,𑄟𑄪𑄃𑄨 𑄃𑄨𑄓𑄬𑄚𑄧𑄖𑄴।,Present
পৌষ মাস,𑄛𑄮𑄣𑄳𑄠𑄬 𑄝𑄧𑄏𑄧𑄢𑄧𑄖𑄴।,Present
তোমাকে চিনে তো আমি,𑄖𑄧𑄢𑄬 𑄌𑄨𑄚𑄧𑄋𑄴 𑄘𑄧 𑄟𑄪𑄃𑄨।,Present
মেেটা ফালকে জো দিল,𑄟𑄨𑄣𑄬𑄝𑄮 𑄜𑄧𑄢𑄈𑄪𑄣𑄧𑄢𑄬 𑄎𑄮𑄝𑄴 𑄘𑄨𑄣𑄧।,Past
ফোঁাটা মনের মতো হেছে,𑄜𑄧𑄢𑄈𑄪𑄣𑄧 𑄟𑄧𑄚𑄧𑄖𑄴 𑄃𑄘𑄬𑄇𑄳𑄠𑄬𑄉𑄧𑄢𑄨 𑄏𑄀𑄖𑄴𑄉𑄧𑄢𑄨 𑄃𑄪𑄙𑄨𑄣𑄧।,Present
মনে হ আমাকে সে চিনে,𑄟𑄧𑄚𑄬 𑄟𑄧𑄚𑄬 𑄞𑄝𑄬𑄢𑄴 𑄟𑄧𑄢𑄬 𑄥𑄣𑄬 𑄖𑄬 𑄌𑄨𑄚𑄬।,Present
আরও একটু উপরে উঠল,𑄃𑄢𑄧 𑄃𑄬𑄇𑄴𑄇 𑄖𑄢𑄴𑄣𑄮𑄃𑄨 𑄥𑄧𑄘𑄧𑄢𑄴 𑄦𑄧𑄣𑄧।,Past
মেেটা পাশের দিকে এই পানি দেখে দুই জনে বলাবলি করছে,𑄟𑄨𑄣𑄬𑄝𑄮 𑄎𑄬𑄢𑄬 𑄝𑄢𑄬 𑄃𑄬𑄃𑄨 𑄛𑄚𑄨 𑄌𑄬𑄃𑄨 𑄌𑄬𑄃𑄨 𑄘𑄨 𑄎𑄧𑄚𑄬 𑄇𑄧𑄘 𑄇𑄪𑄃𑄨𑄇𑄨 𑄉𑄧𑄢𑄴𑄣𑄇𑄴।,Present
.অন্যের পাে পাে এই বাচ্চাটাকে বাজারে নিে গেল,𑄎𑄬𑄢𑄬 𑄚𑄚𑄳𑄠𑄌𑄧𑄢𑄴 𑄜𑄬𑄣𑄬𑄃𑄨 𑄃𑄬𑄃𑄨 𑄍𑄚𑄢𑄴 𑄝𑄎𑄢𑄴 𑄣𑄪𑄋𑄨𑄣𑄇𑄴 𑄇𑄨।,Past
মেেটাকে যে বলে,𑄟𑄨𑄣𑄬𑄝𑄮 𑄞𑄨𑄘𑄨𑄢𑄬 𑄡𑄬𑄃𑄨 𑄝𑄧𑄣𑄧𑄉𑄮𑄃𑄨।,Present
জগন্নাথ হলে তিন জন ছেলে আছে আর গ্রামের বোন -উচি,𑄎𑄧𑄉𑄧𑄚𑄴𑄚𑄗𑄴 𑄦𑄧𑄣𑄧𑄖𑄴 𑄝𑄚𑄴𑄘𑄧𑄢𑄴𑄝𑄚𑄧𑄢𑄴 𑄖𑄨𑄚𑄴𑄌𑄬𑄢𑄴 𑄎𑄧𑄚𑄴 𑄛𑄮 𑄃𑄊𑄧𑄚𑄴 𑄗𑄌𑄨𑄋𑄧𑄢𑄴 𑄃𑄘𑄟𑄳𑄠𑄬 𑄝𑄮𑄚𑄴 - 𑄃𑄪𑄌𑄨𑄋𑄴।,Present
তার বাম হাতের বানরটা প্রাইমারির কুলে মারা গেছে,𑄖 𑄝𑄝𑄴𑄠𑄮 𑄟𑄌𑄴𑄖𑄧𑄢𑄴 𑄝𑄚𑄴𑄘𑄧𑄢𑄴𑄝𑄚𑄧 𑄝𑄇𑄴 𑄟𑄢 𑄛𑄳𑄢𑄃𑄨𑄟𑄢𑄨 𑄃𑄨𑄥𑄴 𑄇𑄪𑄣𑄧𑄖𑄴।,Present
উচিে একটি খাগা দিে চিটিংবাজ করে,𑄃𑄪𑄌𑄨𑄋𑄴 𑄃𑄬𑄇𑄴𑄞𑄬𑄃𑄨 𑄈𑄉𑄢𑄥𑄪𑄢𑄨 𑄇𑄳𑄢𑄨𑄥𑄨 𑄝𑄨𑄞𑄉𑄧𑄖𑄴 𑄌𑄉𑄪𑄢𑄨 𑄉𑄧𑄢𑄬।,Present
উচিঙে ফালকে কুে দিে মািে সেখানে ঘুরে বো,𑄃𑄪𑄌𑄨𑄋𑄬 𑄜𑄧𑄢𑄈𑄪𑄣𑄧𑄢𑄬 𑄇𑄪𑄠𑄬𑄘𑄨 𑄟𑄠𑄴𑄏𑄨𑄠𑄬 𑄥𑄨𑄘𑄪 𑄝𑄬𑄢 𑄡𑄘𑄧𑄚𑄴।,Present
সাপটা দশ দিন থাকবে,𑄥𑄛𑄴𑄖 𑄘𑄧𑄥𑄴𑄘𑄨𑄚𑄴 𑄗𑄬𑄝𑄇𑄴।,Future
বানরগুলো সেখান থেকে উপরে উঠে কলেজে ফিরবে,𑄝𑄚𑄴𑄘𑄧𑄢𑄴𑄝𑄚𑄧𑄖𑄴𑄖𑄪𑄚𑄴 𑄃𑄪𑄌𑄨𑄋𑄬 𑄎𑄬𑄢𑄬 𑄇𑄧𑄣𑄬𑄎𑄧𑄖𑄴 𑄜𑄨𑄢𑄨𑄝𑄧।,Future
ইডেনে অনেক চামা মেে আছে,𑄃𑄨𑄓𑄬𑄚𑄧𑄖𑄴 𑄞𑄣𑄧𑄇𑄴𑄎𑄧𑄚𑄴 𑄌𑄋𑄴𑄟 𑄟𑄨𑄣𑄬 𑄃𑄊𑄧𑄚𑄴।,Present
.উচিঙর সিগুিটা ভালো আছে,𑄃𑄪𑄌𑄨𑄋𑄧𑄢𑄴 𑄥𑄨𑄉𑄪𑄚𑄴𑄘𑄮𑄃𑄨 𑄉𑄧𑄟𑄴 𑄌𑄨𑄚𑄴𑄛𑄧𑄌𑄴𑄎𑄧 𑄃𑄊𑄬।,Present
তাদের থেকে দুইটা চামা আছে,𑄖𑄢𑄖𑄴𑄖𑄪𑄚𑄴 𑄘𑄨𑄠𑄚𑄴 𑄃𑄬𑄇𑄴𑄇𑄚𑄴 𑄌𑄋𑄴𑄟 𑄇𑄧𑄘𑄃𑄮 𑄥𑄨𑄊𑄬।,Present
এখানে ফিরে গেলে কি হবে,𑄃𑄨𑄚𑄴𑄘𑄨 𑄃𑄪𑄥𑄨𑄨𑄋𑄬 𑄖𑄟𑄴𑄟𑄃𑄨𑄘𑄪 𑄜𑄨𑄢𑄨 𑄉𑄬𑄣𑄬 𑄇𑄨 𑄦𑄧𑄝𑄧।,Future
ফোঁাটা মনে পে আবার দুইটা ব ব জিনিস আছে,𑄜𑄧𑄢𑄈𑄪𑄣𑄧 𑄟𑄧𑄚𑄧𑄖𑄴 𑄃𑄪𑄥𑄨𑄋𑄧 𑄃𑄢𑄪𑄇𑄴𑄇𑄚𑄴 𑄘𑄨𑄌𑄮𑄉𑄮𑄖𑄴 𑄞𑄏 𑄙𑄧𑄎𑄳𑄠।,Present
".চুলে ফুল নিেছে,উত্তুনি লাল শার্ট,বুে লাল অর্না,গলা পে থাকা প্যান্ট","𑄌𑄪𑄣𑄮𑄖𑄴 𑄜𑄪𑄣𑄴 𑄉𑄪𑄎𑄬𑄠𑄳𑄠𑄬, 𑄃𑄪𑄖𑄴𑄖𑄚𑄨 𑄢𑄋 𑄣𑄨𑄛𑄨𑄥𑄴𑄖𑄨𑄇𑄴, 𑄌𑄮𑄉𑄧𑄞𑄧𑄋𑄧𑄖𑄴 𑄇𑄎𑄧𑄣𑄴, 𑄝𑄪𑄉𑄮𑄖𑄴 𑄢𑄋 𑄃𑄧𑄢𑄴𑄚, 𑄦𑄧𑄣𑄘𑄳𑄠 𑄥𑄨𑄣𑄪𑄟𑄴, 𑄉𑄧𑄣𑄛𑄨 𑄛𑄳𑄠𑄚𑄴𑄑𑄴 - 𑄇𑄨 𑄎𑄬 𑄟𑄚𑄬𑄠𑄬 𑄌𑄮𑄇𑄴𑄇𑄪𑄚𑄴 𑄎𑄬𑄚𑄬 𑄜𑄨𑄢𑄬𑄝𑄢𑄴 𑄟𑄧𑄚𑄬 𑄚𑄧 𑄇𑄧𑄢𑄴।",Present
মনে মনে আবোল তাবোল খেলে যা,𑄟𑄧𑄚𑄬 𑄟𑄧𑄚𑄬 𑄃𑄪𑄌𑄴𑄌𑄮𑄠𑄴 𑄖𑄝𑄮𑄣𑄴 𑄈𑄬𑄣𑄨 𑄡𑄢𑄴।,Present
. ফরাট ভাবি কূল পারে না - এই স্বর্গটা মেেকে কেন মনে পেছে,"𑄜𑄧𑄢𑄈𑄪𑄣𑄧 𑄞𑄝𑄨 𑄇𑄪𑄣𑄴 𑄚𑄧 𑄛𑄢𑄴 - 𑄃𑄬 𑄥𑄧𑄢𑄴𑄉𑄧𑄢𑄴 𑄛𑄪𑄢𑄨 𑄟𑄨𑄣𑄬𑄝𑄮𑄢𑄬, 𑄟𑄧𑄚𑄧 𑄃𑄃𑄮𑄎𑄧𑄢𑄴 𑄛𑄪𑄢𑄨𑄝𑄮𑄢𑄬 𑄇𑄬𑄚𑄬 𑄃𑄬𑄌𑄳𑄠𑄬 𑄣𑄉𑄧𑄖𑄴 𑄛𑄬𑄣𑄪𑄋𑄴।",Present
ভো চিন্তা করে কূল পারা যা না,𑄞𑄬𑄃𑄨𑄘𑄮 𑄞𑄝𑄨 𑄞𑄝𑄨 𑄇𑄪𑄣𑄴 𑄚𑄧 𑄛𑄢𑄴।,Present
সে আবার তার মনের কাজকে উপরে তুলছে-এই পুিটা মাটিতে অনেক কাটা,𑄎𑄬𑄢𑄬 𑄃𑄢𑄧 𑄖 𑄟𑄧𑄚𑄧𑄖𑄴 𑄇𑄟𑄬𑄢𑄬 𑄃𑄪𑄘𑄬𑄢𑄴 - 𑄃𑄬 𑄛𑄪𑄢𑄨𑄝𑄮 𑄔𑄉𑄖𑄴 𑄃𑄬𑄘𑄧𑄇𑄴 𑄇𑄃𑄨!,Present
তোমার কেন আমার চোখে ধরা পলো না,𑄖𑄮 𑄇𑄬𑄚𑄬 𑄟𑄧 𑄘𑄨 𑄌𑄮𑄉𑄮𑄖𑄴 𑄙𑄧𑄢 𑄚𑄧 𑄛𑄧𑄢𑄴𑄣𑄧।,Present
মেেটি এই-ইপ্রিট বক্সে উে গেল,𑄎𑄬𑄢𑄬 𑄟𑄳𑄦𑄣𑄴𑄥𑄪𑄢𑄨 𑄃𑄬𑄃𑄨 - 𑄃𑄨𑄥𑄴𑄛𑄳𑄢𑄨𑄑𑄴 𑄝𑄮𑄓𑄮𑄖𑄴 𑄃𑄪𑄙𑄨𑄣𑄇𑄴।,Past
ফোঁাটা তাদেরকে একটু শক্তি দিে দিল,𑄜𑄧𑄢𑄈𑄪𑄣𑄧 𑄖𑄢 𑄛𑄧𑄏𑄛𑄨𑄢𑄬 𑄃𑄬𑄇𑄴𑄇 𑄣𑄪𑄠 𑄝𑄧𑄣𑄴 𑄘𑄨𑄣𑄧।,Past
ইস্ প্রিট বেঞ্চে বসে থাকা দুপা ফাঁক করে থাকা জাগাগুলো দেখতেছি,𑄃𑄨𑄥𑄴 𑄛𑄳𑄢𑄨𑄑𑄴 𑄝𑄮𑄓𑄮𑄖𑄴 𑄙𑄉𑄙𑄇𑄳𑄠𑄬𑄉𑄧𑄢𑄨 𑄝𑄧𑄏𑄨 𑄜𑄧𑄢𑄈𑄪𑄣𑄧 𑄃𑄪𑄥𑄨𑄋𑄧𑄢𑄬 𑄎𑄉𑄚𑄨 𑄌𑄨𑄚𑄬 𑄘𑄬𑄢𑄴।,Present
উস্কুখুস্কু চার,𑄃𑄪𑄥𑄨𑄋𑄬 𑄞𑄨𑄣𑄴𑄞𑄨𑄣𑄬 𑄌𑄢𑄴।,Present
উস্কুখুস্কু খেলা কোনদিন আসে না,𑄃𑄪𑄥𑄨𑄋𑄬 𑄈𑄉𑄢𑄥𑄪𑄢𑄨 𑄇𑄧𑄚𑄧𑄘𑄨𑄚𑄴 𑄚𑄧 𑄃𑄬𑄎𑄬।,Present
.নতুন জাগা ভালো লাগে,𑄚𑄪𑄃𑄧 𑄎𑄉 𑄎𑄧𑄟𑄧 𑄉𑄧𑄟𑄴 𑄣𑄉𑄬𑄢𑄴।,Present
"পাহাে গাছের বাগান,গাের বাগান থেকে বের হওা লোকজন লুকোচুরি খেলছে","𑄟𑄪𑄢𑄮𑄖𑄴 𑄉𑄌𑄴 𑄝𑄉𑄚𑄴, 𑄉𑄌𑄴 𑄝𑄉𑄚𑄧 𑄍𑄬𑄢𑄬 𑄍𑄬𑄢𑄬 𑄃𑄘𑄟𑄴 𑄠𑄚𑄨 𑄛𑄧𑄣𑄴𑄣𑄛𑄧𑄣𑄴𑄣𑄨 𑄈𑄢 𑄈𑄧𑄢𑄴।",Present
"চেঙে পাের পাশে ঘরগুলো,গরু,ছাগল চতে দেখা যা","𑄌𑄬𑄋𑄬 𑄛𑄢𑄧 𑄇𑄪𑄢𑄬 𑄇𑄪𑄢𑄬 𑄊𑄧𑄢𑄚𑄨, 𑄟𑄮𑄌𑄴 - 𑄉𑄧𑄢𑄪, 𑄍𑄉𑄧𑄣𑄴 𑄌𑄧𑄖𑄴𑄖𑄬 𑄘𑄬𑄊 𑄡𑄢𑄴।",Present
উসিঙ মেেটাও তাাতাি আছে,𑄃𑄪𑄥𑄨𑄋𑄧 𑄟𑄝𑄮𑄃𑄮 𑄌𑄬𑄃𑄨 𑄃𑄊𑄬।,Present
দুই মাি কি কথা বলতে পারে না,𑄘𑄨 𑄟𑄠𑄴𑄏𑄨𑄠𑄬 𑄇𑄨 𑄇𑄧𑄘 𑄇𑄧𑄚𑄴 𑄜𑄧𑄢𑄈𑄪𑄣𑄧 𑄚𑄧 𑄝𑄪𑄏𑄬।,Present
.অতিরিক্ত পানি পে যা,𑄃𑄧𑄇𑄴𑄖𑄧 𑄃𑄧𑄇𑄴𑄖𑄧 𑄃𑄚𑄴𑄘𑄧𑄣𑄬 𑄔𑄉𑄨 𑄡𑄢𑄴।,Present
"ভো, চিনে না এমন একটা পাখি লাফিে বো গর্ত","𑄞𑄨𑄢𑄮𑄌𑄴, 𑄚𑄧 𑄌𑄨𑄚𑄳𑄠𑄬 𑄃𑄬𑄇𑄴𑄘𑄊𑄨 𑄛𑄬𑄃𑄨𑄇𑄴 𑄇𑄬𑄌𑄳𑄠𑄬 𑄍𑄬𑄢𑄬 𑄍𑄬𑄢𑄬 𑄣𑄧𑄢𑄣𑄧𑄢𑄨 𑄉𑄧𑄢𑄴𑄖𑄧𑄚𑄴।",Present
প্রচুর ভেঙে পা,𑄃𑄧𑄎𑄧𑄣𑄴 𑄞𑄋𑄳𑄠𑄬 𑄛𑄢𑄴।,Present
চা ভেঙে পতেছে,𑄌𑄳𑄠𑄬𑄋𑄴 𑄞𑄋𑄨 𑄛𑄧𑄢𑄬𑄢𑄴।,Present
. ফরাবাজ মানুষরা পাহাের দুই পাশ দিে হেঁটে যা,𑄜𑄧𑄢𑄈𑄪𑄣𑄧 𑄞𑄝𑄬𑄢𑄴 𑄟𑄚𑄴 𑄎𑄮𑄢𑄴 𑄎𑄨𑄋𑄴𑄇𑄚𑄨 𑄃𑄮 𑄌𑄬𑄋𑄬 𑄛𑄢𑄧 𑄘𑄧𑄇𑄴 𑄃𑄬𑄎𑄚𑄴𑄉𑄧𑄢𑄨 𑄃𑄘𑄬𑄇𑄳𑄠𑄬𑄉𑄧𑄢𑄨 𑄞𑄋𑄨 𑄛𑄧𑄢𑄬।,Present
এগুলো চিন্তা করে বের হওা একটু সহজ এগুলো একটু আনো,𑄃𑄨𑄠𑄚𑄨 𑄞𑄝𑄨 𑄞𑄝𑄨 𑄜𑄧𑄢𑄈𑄪𑄣𑄧 𑄃𑄬𑄇𑄴𑄇 𑄃𑄚𑄴 𑄟𑄧𑄚 𑄦𑄧𑄠𑄴।,Present
দুই মাি কি চিন্তা করছে,𑄘𑄨 𑄟𑄠𑄴𑄏𑄨𑄠𑄬 𑄇𑄨 𑄞𑄝𑄧𑄘𑄧𑄚𑄴 𑄇𑄨𑄎𑄬𑄚𑄨।,Present
উসিঙে তার মা কি কল বুঝতে পারে না,𑄃𑄪𑄥𑄨𑄋𑄧𑄢𑄬 𑄖𑄟𑄴𑄟 𑄇𑄨 𑄇𑄧𑄣𑄧 𑄝𑄪𑄏𑄨 𑄚𑄧 𑄛𑄢𑄴𑄣𑄧 𑄜𑄧𑄢𑄈𑄪𑄣𑄧।,Present
উসিঙে করে কত ব আছে তো?,𑄃𑄪𑄥𑄨𑄋𑄬 𑄇𑄧𑄢𑄴 - 𑄃 𑄇𑄧𑄖𑄴𑄘𑄪𑄢𑄴 𑄃𑄊𑄬 𑄘?,Present
আরও তিন ঘন্টা লাগবে ফোঁা তুলতে,𑄃𑄢𑄧 𑄊𑄧𑄚𑄴𑄑 𑄖𑄨𑄚𑄬𑄇𑄴 𑄣𑄉𑄨𑄝𑄧 𑄜𑄧𑄢𑄈𑄪𑄣𑄧 𑄎𑄮𑄝𑄴 𑄘𑄨𑄣𑄧।,Future
উস্কুখুস্কুভাবে তার মা চাংমাহ্ করতেছে,𑄃𑄪𑄥𑄨𑄋𑄴𑄉𑄮𑄃𑄨 𑄖𑄟𑄴𑄟 𑄌 𑄌𑄨 𑄉𑄧𑄢𑄴𑄣𑄇𑄴।,Present
.অপচে কল - ঘন্টা তিনেক,𑄎𑄬𑄢𑄬 𑄃𑄪𑄥𑄨𑄋𑄬 𑄇𑄧𑄣𑄧 - 𑄊𑄧𑄚𑄴𑄑 𑄖𑄨𑄚𑄬𑄇𑄴।,Present
বেশি ও লাগতে পারে,𑄝𑄬𑄌𑄴 𑄃𑄮 𑄣𑄉𑄨 𑄛𑄢𑄬।,Present
.উসি গোামাা মা তাদের কথা গুলো কি ভালো করে বুঝালো না,𑄃𑄪𑄥𑄨𑄋𑄴 𑄉𑄮𑄃𑄨 𑄖𑄟𑄴 𑄟 𑄖𑄢 𑄇𑄧𑄘𑄘𑄨 𑄇𑄨 𑄇𑄪𑄃𑄧 𑄇𑄨 𑄉𑄧𑄢𑄴 𑄣𑄇𑄴 𑄜𑄧𑄢𑄈𑄪𑄣𑄧 𑄚𑄧 𑄝𑄪𑄏𑄨𑄣𑄧 𑄎𑄬𑄢𑄬 𑄃𑄪𑄥𑄨𑄋𑄬 𑄇𑄧𑄢𑄴 - 𑄃 𑄘।,Past
তোমরা আসার বািতে পৌঁছে যাবে?,𑄖𑄪𑄃𑄨 𑄃𑄬𑄌𑄳𑄠𑄬 𑄊𑄧𑄢𑄧𑄖𑄴 𑄣𑄪𑄋𑄨𑄝𑄬𑄉𑄮𑄃𑄨?,Future
তার থেকে মুখ করে খাগা ধরি এক ঘন্টা,𑄥𑄨𑄖𑄴𑄖𑄪𑄚𑄴 𑄎𑄨𑄝𑄧𑄖𑄴 𑄉𑄧𑄢𑄨 𑄈𑄉𑄢𑄥𑄪𑄢𑄨 𑄙𑄧𑄢𑄨𑄌𑄴 𑄃𑄬𑄇𑄴 𑄊𑄧𑄚𑄴𑄑।,Present
উপরের দিকে তার মা কি বুঝে,𑄃𑄪𑄥𑄨𑄋𑄬 𑄖𑄟𑄴𑄟𑄢𑄬 𑄖𑄢 𑄇𑄧𑄘𑄘𑄨 𑄇𑄨 𑄝𑄪𑄏𑄬 𑄘𑄬𑄢𑄴 𑄇𑄨𑄎𑄬𑄚𑄨।,Present
উসিঙ মেেটা তর্কাতর্কি করে না,𑄃𑄪𑄥𑄨𑄋𑄧 𑄟𑄝𑄮 𑄖𑄳𑄠𑄬𑄚𑄴 𑄣𑄬𑄉𑄛𑄧𑄢 𑄚𑄧 𑄉𑄧𑄢𑄬 𑄝𑄨𑄣𑄨 𑄜𑄧𑄢𑄈𑄪𑄣𑄧𑄢𑄴 𑄟𑄧𑄚𑄬 𑄦𑄧𑄣𑄧।,Present
.অন্যকে জিজ্ঞেস করো -সে কখন আসবে?,𑄎𑄬𑄢𑄬 𑄃𑄪𑄥𑄨𑄋𑄬 𑄇𑄧𑄢𑄴 - 𑄖𑄬 𑄖𑄪𑄃𑄨 𑄇𑄧𑄇𑄴𑄇𑄬 𑄣𑄪𑄋𑄨𑄝𑄬𑄉𑄮𑄃𑄨?,Future
দুই ঘন্টা মুত্রথলি দিে ছেে দেওা,"𑄘𑄨 𑄊𑄧𑄚𑄴𑄑 𑄟𑄪𑄣𑄮 , 𑄜𑄧𑄢𑄈𑄪𑄣𑄧 𑄎𑄮𑄝𑄴 𑄘𑄬।",Present
উসিঙে একেবারে কল দিে দুই ঘন্টা,𑄃𑄪𑄥𑄨𑄋𑄬 𑄃𑄟𑄧𑄇𑄴 𑄦𑄮𑄃𑄨 𑄇𑄧𑄣𑄧 - 𑄘𑄨 𑄊𑄧𑄚𑄴𑄑।,Present
.ফোরাকল এবার বেশি লাগতে পারে।,𑄜𑄧𑄢𑄈𑄪𑄣𑄧 𑄃𑄬𑄝𑄢𑄧𑄖𑄴 𑄇𑄧𑄣𑄧 - 𑄝𑄬𑄌𑄴𑄠𑄮 𑄣𑄉𑄨 𑄛𑄢𑄬।,Present
উস্কুখুস্কুভাবে ফালটা দেখল,𑄃𑄪𑄥𑄨𑄋𑄬 𑄃𑄟𑄧𑄇𑄴 𑄦𑄮𑄃𑄨 𑄜𑄧𑄢𑄈𑄪𑄣𑄧𑄢𑄬 𑄢𑄨𑄚𑄨 𑄌𑄬𑄣𑄧।,Past
.অন্যের সাথে কথা বলে না আমাদের,𑄎𑄬𑄢𑄬 𑄜𑄧𑄢𑄈𑄪𑄣𑄧 𑄇𑄧𑄣𑄧 𑄪 𑄃 𑄡𑄬𑄃𑄨 𑄚 𑄃𑄟𑄃𑄨𑄘𑄪।,Present
.হওা হবে না তো,𑄚𑄧 𑄦𑄧𑄝𑄧 𑄘।,Future
.নিচে অসুখ হেছে,𑄃𑄬𑄚𑄬 𑄇𑄨𑄠𑄬 𑄛𑄨𑄢𑄬 𑄦𑄪𑄠𑄬।,Present
.পানি না থাকাই স্প্রিট বোট আর উলো না,𑄛𑄚𑄨 𑄚𑄧 𑄗𑄚𑄃𑄨 𑄃𑄨𑄥𑄴𑄛𑄳𑄢𑄨𑄑𑄴 𑄝𑄮𑄑𑄴 𑄚𑄧 𑄃𑄪𑄎𑄬𑄣𑄴 𑄃𑄢𑄴।,Present
তারা তাাতািভুি - তাাতাি মুখে দো,𑄖𑄢𑄖𑄋𑄧𑄢𑄨 𑄞𑄪𑄘𑄨 - 𑄖𑄪𑄘𑄨𑄣𑄮𑄃𑄨 𑄎𑄨𑄝𑄧𑄖𑄴 𑄃𑄪𑄙𑄨𑄣𑄇𑄴।,Present
গিে একটা ভুি পে শক্তি নিে গেল,𑄉𑄮𑄢𑄴 𑄃𑄨𑄇𑄴𑄇𑄮 𑄞𑄪𑄘𑄨 𑄜𑄧𑄢𑄈𑄪𑄣𑄧 𑄣𑄪𑄠 𑄝𑄧𑄣𑄴 𑄘𑄨𑄣𑄧।,Past
জিবে আরও দুই জন কামি নিে যাচ্ছে,𑄎𑄨𑄝𑄧𑄖𑄴 𑄃𑄢𑄧 𑄘𑄨𑄎𑄧𑄚𑄬 𑄇𑄃𑄨𑄇𑄧𑄃𑄨 𑄝𑄮𑄃𑄨 𑄈𑄉𑄢𑄥𑄪𑄢𑄨 𑄣𑄪𑄋𑄨𑄣𑄇𑄴।,Present
সে চোরটা ঝগাতে,𑄥𑄬𑄇𑄳𑄠𑄬 𑄌𑄬𑄢𑄴𑄝𑄮 𑄝𑄎𑄧𑄋𑄴 𑄝𑄎𑄧𑄋𑄴।,Present
.উচ্ছে তার মা,𑄃𑄪𑄥𑄨𑄋𑄴𑄉𑄮𑄃𑄨 𑄖𑄟𑄴𑄟 𑄣𑄟𑄨𑄣𑄇𑄴।,Present
ফরাকুল চাা দিে বসে থাকা এক মহিলা বাচ্চাটির জন্য অপেক্ষা করতেছে,𑄜𑄧𑄢𑄈𑄪𑄣𑄧 𑄌𑄠𑄴𑄘𑄬 𑄗𑄟𑄨 𑄛𑄨𑄚𑄳𑄠𑄬 𑄟𑄨𑄣𑄬 𑄃𑄬𑄇𑄴𑄎𑄧𑄚𑄴 𑄍𑄨𑄉𑄮𑄚𑄴 𑄉𑄪𑄢𑄮𑄣𑄮𑄃𑄨 𑄝𑄌𑄴𑄌𑄬𑄃𑄨 𑄃𑄊𑄬।,Present
".ফাঁদটা উপরে তুলে,সবাই মিলে নিে নিল","𑄜𑄧𑄢𑄈𑄪𑄣𑄧 𑄃𑄪𑄥𑄨𑄋𑄧 𑄝𑄪𑄎𑄨, 𑄚𑄧𑄠𑄴 𑄃𑄬𑄢𑄝𑄬𑄢 𑄦𑄧𑄝𑄧 𑄝𑄨𑄣𑄨 𑄙𑄧𑄢𑄨 𑄣𑄧𑄣𑄧।",Past
কি কি করে জানিনা,𑄇𑄨 𑄇𑄪𑄃𑄧𑄇𑄨 𑄉𑄧𑄢𑄧𑄚𑄴 𑄚𑄧 𑄝𑄪𑄏𑄬।,Present
.ফোরাকলের পরে কল -উত্তরে তোমাকে ফেলে যেতে হ,𑄜𑄧𑄢𑄈𑄪𑄣𑄧 𑄎𑄬𑄢𑄬 𑄇𑄧𑄣𑄧 - 𑄃𑄪𑄥𑄨𑄋𑄴 𑄖𑄧𑄟𑄢𑄬 𑄜𑄬𑄣𑄬 𑄡 𑄛𑄧𑄢𑄬𑄢𑄴।,Present
হুট করে গাি নিে যা,𑄇𑄇𑄴𑄇𑄬/𑄈𑄬 𑄉𑄢𑄨 𑄣𑄧𑄢𑄴 𑄘𑄨𑄝𑄧।,Present
উপরের দিকে তার দাঁতগুলো নিে যাচ্ছে,𑄃𑄪𑄥𑄨𑄋𑄬 𑄖 𑄙𑄪𑄝𑄴 𑄘𑄖𑄴𑄖𑄪𑄚𑄴 𑄚𑄨𑄉𑄬𑄣𑄬𑄚𑄬 𑄦𑄏𑄨𑄣𑄧।,Present
তার মা এবার ভাঙা ভাঙা বাঁশ দিে কল - বানরটা আসলে আমাদের বািতে আসবে,𑄖𑄟𑄴𑄟 𑄃𑄬𑄝𑄢𑄧𑄖𑄴 𑄞𑄋 𑄞𑄋 𑄝𑄋𑄴𑄣𑄠𑄴 𑄇𑄧𑄣𑄧 - 𑄝𑄚𑄴𑄘𑄧𑄢𑄴𑄝𑄚𑄴 𑄃𑄬𑄣𑄬 𑄈𑄟𑄇𑄴𑄇𑄠𑄴 𑄃𑄟 𑄊𑄧𑄢𑄧𑄖𑄴 𑄃𑄬𑄝𑄬।,Future
ফোঁাগুলো গাে পে গেল,𑄜𑄧𑄢𑄈𑄪𑄣𑄧 𑄟𑄨𑄉𑄨𑄚𑄨 𑄉𑄢𑄨𑄖𑄴 𑄃𑄪𑄙𑄨𑄣𑄧।,Past
আধা ঘন্টা পর মেেটা গাি বের করল,𑄃𑄙 𑄊𑄧𑄚𑄴𑄑 𑄎𑄬𑄢𑄬 𑄟𑄨𑄉𑄨𑄚𑄨 𑄉𑄢𑄨 𑄣𑄧𑄢𑄴 𑄘𑄨𑄣𑄧।,Past
. ফরাখরুলের মনে পা আবার উঠতেছে,𑄜𑄧𑄢𑄈𑄪𑄣𑄧𑄢𑄴 𑄟𑄧𑄚𑄧 𑄖𑄝𑄮𑄣𑄧𑄖𑄴 𑄃𑄪𑄥𑄨𑄋𑄧 𑄛𑄪𑄢𑄨𑄥𑄚𑄴 𑄃𑄢𑄪𑄇𑄴𑄇𑄚𑄴 𑄃𑄪𑄙𑄬𑄢𑄴 𑄃 𑄛𑄧𑄢𑄬𑄢𑄴।,Present
"ধোঁার দাঁতগুলো, চুলে গিে থাকা ফুলগুলো চোখে পে","𑄙𑄪𑄝𑄴 𑄘𑄖𑄴𑄖𑄪𑄚𑄴, 𑄌𑄪𑄣𑄴𑄌𑄪𑄘𑄮𑄖𑄴 𑄉𑄪𑄎𑄬𑄠𑄳𑄠𑄬 𑄜𑄪𑄣𑄴𑄠𑄪𑄚𑄴 𑄘𑄨 𑄌𑄮𑄊𑄮𑄖𑄴 𑄞𑄎𑄬𑄢𑄴।",Present
".মনে হ দুই যুবক নদীর তীরে ফুল তুলতেছে, লাল পেেল দিে মাথা ফুল তুলতেছে তার থেকে বেশি সুন্দর হবে","𑄟𑄧𑄚𑄬 𑄟𑄧𑄚𑄬 𑄞𑄝𑄬𑄢𑄴 𑄃𑄪𑄥𑄨𑄋𑄬 𑄎𑄧𑄚𑄨 𑄙𑄪𑄝𑄴 𑄗𑄟𑄨 𑄍𑄬𑄢𑄬 𑄝𑄨𑄉𑄪𑄚𑄨 𑄜𑄪𑄣𑄴 𑄖𑄪𑄣𑄳𑄠, 𑄢𑄋 𑄛𑄬𑄃𑄨𑄣𑄴 𑄘𑄳𑄠𑄬, 𑄦𑄧𑄣𑄧𑄖𑄳𑄠 𑄥𑄨𑄣𑄪𑄟𑄴 𑄃𑄪𑄢𑄨 𑄟𑄙𑄖𑄴 𑄜𑄪𑄣𑄧𑄌𑄇𑄴 𑄘𑄬 𑄥𑄨𑄚𑄳𑄠𑄬 𑄖𑄖𑄴𑄖𑄪𑄚𑄴 𑄝𑄬𑄌𑄴 𑄃 𑄇𑄧𑄚𑄴𑄚 𑄘𑄮𑄣𑄴𑄝𑄨 𑄦𑄧𑄝𑄧।",Future
.এইটা বউ কথা কও কখন মুখ বাঁকা করে কথা বলতে পারে না,𑄃𑄨𑄠𑄚𑄴 𑄞𑄝𑄨 𑄜𑄧𑄢𑄈𑄪𑄣𑄧 𑄇𑄧𑄇𑄴𑄇𑄬 𑄉𑄃𑄨 𑄉𑄃𑄨 𑄟𑄪 𑄌𑄨𑄝𑄬𑄃𑄨 𑄦𑄥𑄳𑄠𑄬 𑄇𑄮𑄃𑄨 𑄚𑄧 𑄛𑄢𑄬।,Present
এক ঝাঁক গাি এক ঝাু দিল,𑄃𑄘𑄬𑄇𑄳𑄠𑄬𑄉𑄧𑄢𑄨 𑄉𑄢𑄨𑄠𑄚𑄴 𑄃𑄬𑄇𑄴 𑄏𑄟𑄴 𑄘𑄨𑄣𑄧।,Past
পথটা বাঁকা করে তাকিে আছি,𑄛𑄧𑄙𑄧 𑄝𑄋𑄬𑄘𑄨 𑄢𑄨𑄚𑄨 𑄌𑄠𑄴𑄘𑄬 𑄃𑄙 𑄛𑄧𑄙𑄧𑄖𑄴 𑄣𑄪𑄋𑄴𑄉𑄧𑄚𑄴𑄘𑄨।,Present
এই পথটা তো তার ভালো লাগে,𑄃𑄬 𑄛𑄧𑄖𑄴𑄗𑄚𑄴 𑄘𑄧 𑄖𑄢𑄴 𑄉𑄧𑄟𑄴 𑄌𑄬𑄚।,Present
এই পথে তো সে আসেই,𑄃𑄬 𑄛𑄧𑄙𑄬 𑄘𑄧 𑄖𑄬 𑄃𑄬𑄎𑄬 𑄃 𑄡𑄠𑄴।,Present
"তার মনে কী যেন একটা আছে, কী জানি বািতে ফিরে","𑄖𑄢𑄴 𑄟𑄧𑄚𑄧𑄖𑄴 𑄃𑄪𑄌𑄴𑄌𑄮, 𑄇𑄨 𑄎𑄨𑄘𑄨 𑄎𑄬𑄚𑄬 𑄊𑄧𑄢𑄧𑄖𑄴 𑄜𑄨𑄢𑄬𑄢𑄴।",Present
বািতে পৌঁছে সে তার মাের সাথে দেখা করল,𑄊𑄧𑄢𑄧𑄖𑄴 𑄣𑄪𑄋𑄨𑄣𑄬𑄉𑄮𑄃𑄨 𑄖𑄟𑄴𑄟 𑄣𑄮𑄃𑄨 𑄖 𑄝𑄝𑄬 𑄝𑄪𑄏𑄨𑄣𑄇𑄴 - 𑄇𑄨 𑄃𑄬𑄇𑄴 𑄃𑄪𑄌𑄴𑄌𑄮𑄠𑄴 𑄖𑄬 𑄊𑄧𑄢𑄧𑄖𑄴 𑄣𑄪𑄋𑄴𑄉𑄬𑄉𑄨।,Past
খালি পায়ে ঘুরে বো - এটা মনে হ মনে ঘুরতে ঘুরতে একটু সোজা হ,𑄈𑄣𑄨𑄇𑄴 𑄎𑄧𑄚𑄨 𑄛𑄪𑄏𑄢𑄴 𑄉𑄧𑄢𑄧𑄚𑄴 𑄝𑄋𑄮𑄘𑄨 𑄇𑄧𑄘 - 𑄃𑄨𑄠𑄚𑄴 𑄟𑄧𑄚𑄧𑄖𑄴 𑄃𑄪𑄙𑄨 𑄟𑄧𑄚𑄚𑄴 𑄥𑄧𑄋𑄴 𑄛𑄧𑄙𑄧𑄖𑄴 𑄝𑄬𑄢𑄘𑄬 𑄝𑄬𑄢𑄘𑄬 𑄃𑄬𑄇𑄴𑄇 𑄃𑄪𑄎𑄪𑄖𑄴 𑄈𑄬𑄣𑄧𑄧।,Present
.সাবানটা ঘিে ঘিে বািতে পে গেল,𑄥𑄏𑄧𑄚𑄳𑄠 𑄊𑄧𑄚𑄋𑄴 𑄊𑄧𑄚𑄋𑄴 𑄜𑄧𑄢𑄈𑄪𑄣𑄧 𑄊𑄧𑄢𑄧𑄖𑄴 𑄣𑄪𑄋𑄨𑄣𑄧𑄉𑄨।,Past
অনেক দিন হলো সিদোল দিে বেগুন তরকারি পে খেতে ইচ্ছে করে না,𑄞𑄣𑄧𑄇𑄴𑄘𑄨𑄚𑄴 𑄦𑄧𑄣𑄧 𑄥𑄨𑄘𑄮𑄣𑄴 𑄘𑄳𑄠𑄬 𑄝𑄬𑄉𑄪𑄚𑄴 𑄖𑄮𑄚𑄴 𑄜𑄧𑄢𑄈𑄪𑄣𑄧 𑄎𑄨𑄣𑄧𑄖𑄴 𑄚𑄧 𑄛𑄧𑄢𑄨 𑄈𑄬𑄝𑄢𑄴 𑄃𑄃𑄮𑄌𑄴 𑄝𑄢𑄨 𑄃𑄊𑄬।,Present
কাঁকার চূা দিে অনেক তরকারি খেতে ইচ্ছে করে আমার,𑄈𑄬𑄢𑄧𑄖𑄴 𑄛𑄪𑄎𑄳𑄠𑄬𑄇𑄪𑄢𑄧 𑄐𑄬𑄢 𑄥𑄧𑄟𑄢𑄬 𑄥𑄨𑄘𑄮𑄣𑄴 𑄘𑄳𑄠𑄬 𑄝𑄨𑄉𑄪𑄚𑄴 𑄖𑄮𑄚𑄴 𑄛𑄬𑄖𑄴 𑄛𑄧𑄢 𑄉𑄧𑄋𑄧𑄖𑄴 𑄉𑄧𑄢𑄌𑄴 𑄉𑄧𑄢𑄌𑄴 𑄟𑄪𑄠𑄮𑄖𑄴 𑄘𑄨𑄣𑄧।,Present
বাঁশ পাতা দিে কথা বলে আমি আর বেঁচে নেই,𑄝𑄝𑄴 𑄟𑄣𑄮𑄃𑄨 𑄇𑄧𑄘 𑄇𑄧𑄝𑄢𑄴 𑄟𑄪𑄠𑄚𑄴 𑄎𑄬𑄚𑄬 𑄃𑄎𑄮𑄢𑄴 𑄚𑄬𑄃𑄨।,Present
পেট ভরে খাওার সম সে আবোল তাবোল কথা বলে,𑄛𑄬𑄖𑄴 𑄞𑄧𑄢𑄧𑄋𑄴 𑄞𑄧𑄢𑄧𑄋𑄴 𑄖𑄬 𑄜𑄧𑄢𑄈𑄪𑄣𑄧 𑄘𑄨𑄠𑄚𑄴 𑄃𑄬𑄇𑄴 𑄇𑄚𑄴 𑄇𑄧𑄘 𑄟𑄬𑄣 𑄙𑄧𑄢𑄴 𑄣𑄧।,Present
তার মা কল -ব্যাঙটার সম কি,𑄖𑄟𑄴𑄟 𑄇𑄧𑄣𑄧 - 𑄝𑄋𑄮𑄘𑄨𑄘𑄊𑄨 𑄥𑄟𑄴𑄝𑄘𑄴 𑄇𑄨।,Present
দীর্ঘসূত্রিতা শেষ হেছে আর কল দিে চামা পেছে,𑄟𑄳𑄦𑄧 𑄦𑄮𑄃𑄨 𑄇𑄇𑄴𑄈𑄨𑄚𑄴 𑄎𑄬𑄢𑄬 𑄃𑄢𑄧 𑄇𑄧𑄣𑄧 - 𑄎𑄟𑄬𑄃𑄨𑄘𑄊𑄨 𑄌𑄉𑄪𑄢𑄨 𑄛𑄘𑄧𑄚𑄴 𑄝𑄨𑄣𑄬।,Present
.আমি বলতে পারিনা -ফরাক জোা দিল,𑄟𑄪𑄃𑄨 𑄇𑄮𑄧𑄃𑄨 𑄚𑄧 𑄛𑄢𑄧𑄋𑄴 - 𑄜𑄧𑄢𑄈𑄪𑄣𑄧 𑄎𑄮𑄝𑄴 𑄘𑄨𑄣𑄧।,Past
. তারপর তার মা একা একা উঠে -রোড ডিভিসনে চামা হবে,𑄎𑄬𑄢𑄬 𑄖𑄟𑄴𑄟 𑄉𑄃𑄨 𑄉𑄃𑄨 𑄇𑄮𑄃𑄨 𑄃𑄪𑄙𑄨𑄣𑄧 - 𑄢𑄮𑄓𑄴 𑄓𑄨𑄞𑄨𑄥𑄧𑄚𑄧𑄖𑄴 𑄌𑄉𑄪𑄢𑄨 𑄦𑄧𑄝𑄧 𑄘𑄧 𑄝𑄨𑄣𑄬।,Future
কেন খবর পাওা,𑄃 𑄇𑄬𑄚𑄬 𑄈𑄧𑄝𑄧𑄢𑄴 𑄛𑄬𑄣𑄬।,Present
তোমার বািতে লালিমা উঠেছে তো,𑄖𑄧 𑄝𑄝𑄬 𑄢𑄋𑄟𑄖𑄳𑄠𑄬 𑄡𑄨𑄠𑄬 𑄘𑄧।,Present
তোমার পেছনে তার বাপকে শুেছে,𑄖𑄧 𑄛𑄨𑄏𑄬𑄃𑄨 𑄖𑄧 𑄝𑄝𑄧𑄢𑄬 𑄥𑄚𑄬𑄠𑄬𑄘𑄬।,Present
আমি খুশি না,𑄟𑄪 𑄚𑄧 𑄥𑄪𑄘𑄨𑄣𑄴।,Present
.বুঝলো-বাঙি জামাটি পাে শুনে তার মা পাখানা করে,𑄝𑄪𑄏𑄨𑄣𑄧 - 𑄝𑄋𑄮𑄘𑄨 𑄎𑄟𑄬𑄝𑄮 𑄌𑄉𑄪𑄢𑄨 𑄛𑄢𑄴 𑄥𑄪𑄚𑄨𑄚𑄬 𑄖𑄟𑄴𑄟 𑄘𑄊𑄨 𑄈𑄪𑄏𑄨।,Present
ভাত খেে হাত ধোে সে বেঞ্চে বসলো,𑄞𑄖𑄴 𑄈𑄬𑄃𑄨 𑄟𑄪 𑄦𑄖𑄴 𑄙𑄮𑄃𑄨 𑄥𑄨𑄋𑄧𑄝𑄖𑄴 𑄝𑄮𑄃𑄨 𑄢𑄧𑄣𑄧।,Past
"চেরাগের মলা পথে বািে যাওা,হেরাবেরা থেকে খবর নিে যাও","𑄌𑄬𑄢𑄉𑄧 𑄟𑄧𑄢𑄟𑄧𑄢 𑄛𑄳𑄦𑄧𑄢𑄧𑄖𑄴 𑄝𑄋𑄮𑄘𑄧𑄘𑄊𑄨, 𑄦𑄬𑄢𑄝𑄬𑄢𑄠𑄪𑄚𑄧 𑄈𑄧𑄝𑄧𑄢𑄴 𑄣𑄮 𑄣𑄨 𑄉𑄧𑄢𑄴 𑄣𑄇𑄴।",Present
"বাির বাইরে ফুলের চারাগুলো আছে - যাওার গর্ত,ঘুঙুরের কান পাতা রেছে","𑄊𑄧𑄢𑄧 𑄝𑄢𑄬 𑄜𑄪𑄣𑄴 𑄌𑄢𑄠𑄪𑄚𑄧 𑄇𑄪𑄢𑄬 𑄎𑄧𑄚𑄨𑄠𑄪𑄚𑄴 𑄃𑄬𑄎𑄧𑄚𑄴 - 𑄡𑄚𑄴 𑄉𑄧𑄢𑄴𑄖𑄧𑄚𑄴, 𑄊𑄪𑄋𑄪𑄢𑄧𑄠𑄪𑄚𑄴 𑄇𑄚𑄴 𑄛𑄘 𑄢𑄧 𑄚𑄨𑄉𑄨𑄣𑄬 𑄙𑄧𑄎𑄳𑄠𑄧𑄚𑄴।",Present
ফোঁাগুলো অনেক দিন এই রোদ থেকে দূরে আছে,𑄜𑄧𑄢𑄈𑄪𑄣𑄧 𑄞𑄣𑄧𑄇𑄴𑄘𑄨𑄚𑄴 𑄥𑄧𑄋𑄴 𑄃𑄬 𑄢𑄧𑄉𑄪𑄚𑄧𑄖𑄴𑄖𑄪𑄚𑄴 𑄘𑄪𑄢𑄮𑄖𑄴 𑄛𑄧𑄢𑄨 𑄃𑄊𑄬।,Present
"রুনরা আমি কানে এই বারি খা, বাচ্চারা মনে পে পা ডোবাচ্ছে","𑄢𑄧 𑄠𑄪𑄚𑄴 𑄃𑄟𑄨𑄏𑄬 𑄇𑄚𑄧𑄖𑄴 𑄃𑄬𑄃𑄨 𑄃𑄬𑄃𑄨 𑄝𑄢𑄨 𑄈𑄘𑄧𑄚𑄴, 𑄌𑄨𑄎𑄨𑄇𑄳𑄠𑄬𑄟𑄧𑄚𑄧𑄖𑄴 𑄃𑄪𑄥𑄨𑄋𑄬 𑄜𑄧𑄢𑄈𑄪𑄣𑄧 𑄟𑄧𑄚𑄧 𑄘𑄧𑄎𑄳𑄠𑄛𑄚𑄨𑄖𑄴 𑄍𑄧𑄣 𑄞𑄎𑄬 𑄛 𑄞𑄎𑄬𑄢𑄴।",Present
দুই চোখে ধীরে ধীরে ঘুমিে যাওা ভূতটা গািে নিল,𑄘𑄨 𑄌𑄮𑄊𑄮𑄖𑄴 𑄣𑄢𑄬 𑄣𑄢𑄬 𑄊𑄪𑄟𑄧 𑄘𑄬𑄝𑄬𑄘𑄝𑄮 𑄉𑄏𑄉𑄧𑄢𑄨 𑄣𑄧𑄢𑄴।,Past
বিল্ডিংে পে লম্বা ঘুম,𑄝𑄨𑄌𑄴𑄌𑄧𑄚𑄧𑄖𑄴 𑄛𑄧𑄢𑄨 𑄘𑄧𑄣𑄧 𑄣𑄟𑄴𑄝 𑄊𑄪𑄟𑄴।,Present
. ফরাকলের বাঁশটা এনে বাচ্চাগুলোর মাথা পরতেছে,𑄜𑄧𑄢𑄈𑄪𑄣𑄧 𑄝𑄝𑄴 𑄝𑄮 𑄃𑄬𑄚𑄬 𑄈𑄪𑄏𑄨 𑄛𑄮 𑄃𑄨𑄇𑄴𑄇𑄮 𑄔𑄉 𑄃𑄨𑄠𑄪𑄚𑄨𑄞𑄢𑄴 𑄥𑄨𑄑𑄨𑄖𑄴 𑄛𑄧𑄢𑄬𑄢𑄴।,Present
তাকে নিে তার ভ আছে,𑄖𑄢𑄬 𑄚𑄨𑄚𑄬 𑄖𑄢𑄴 𑄞𑄧𑄎𑄚𑄴 𑄃𑄏।,Present
"মাছটা তোমার ছেলে, ভালোভাবে লাগতে না পারলে আমার খারাপ লাগবে","𑄟𑄌𑄴 𑄖𑄧𑄢𑄧 𑄛𑄮, 𑄉𑄧𑄟𑄬 𑄣𑄬𑄉 𑄚𑄧 𑄛𑄧𑄢𑄴𑄣𑄬 𑄟𑄪 𑄇𑄪𑄘𑄪 𑄘𑄬𑄊𑄬𑄝𑄧।",Future
. ফোঁাটাকে যা পারা যা,𑄜𑄧𑄢𑄈𑄪𑄣𑄧𑄢𑄬 𑄡 𑄛𑄢𑄬 𑄝𑄪𑄏𑄬𑄣𑄧।,Present
. ফরা করলে যে দিনকাল ভালো হবে না এই দিনে তাাতাি লেখা হ,𑄜𑄧𑄢𑄈𑄪𑄣𑄧 𑄎𑄚𑄬 𑄎𑄬 𑄘𑄨𑄚𑄴𑄇𑄣𑄴 𑄛𑄧𑄢𑄬𑄢𑄴𑄣𑄨 𑄉𑄧𑄟𑄴 𑄣𑄬𑄊𑄛𑄧𑄢 𑄚𑄧 𑄎𑄚𑄨𑄣𑄬 𑄃𑄬 𑄘𑄨𑄚𑄮𑄖𑄴 𑄖𑄧𑄢𑄚 𑄃𑄊𑄖𑄳𑄠𑄬।,Future
তার বাবা মনে পে পা কথা গুলো মনে পে আছে,𑄖 𑄝𑄝𑄧 𑄟𑄧𑄚𑄧𑄖𑄴 𑄛𑄧𑄎𑄳𑄠 𑄇𑄧𑄘𑄚𑄨 𑄃𑄟𑄨𑄎 𑄞𑄝𑄨 𑄌𑄠𑄴 𑄃 𑄇𑄬𑄋𑄬𑄢𑄨 𑄃𑄇𑄴𑄇𑄮𑄝𑄧 𑄛𑄧𑄖𑄴𑄗𑄚𑄴 𑄖𑄮𑄉𑄬 𑄛𑄬𑄘𑄧 𑄌𑄠𑄴।,Present
সাপ তাাতাি মাটিতে পে যা,𑄥𑄛𑄴 𑄖 𑄘𑄧𑄥𑄴 𑄘𑄨𑄚𑄴 𑄝𑄨𑄘𑄨 𑄉𑄬𑄣𑄬 𑄔𑄉𑄖𑄴 𑄣𑄧𑄢𑄴 𑄘𑄧𑄣𑄧।,Present
নৌকা করে যেতে যেতে উপরের কথা গুলো মনে পে অনেক সমে সাজুলো,𑄣𑄧𑄚𑄴𑄌𑄧𑄖𑄴 𑄡𑄘𑄬 𑄡𑄘𑄬 𑄃𑄪𑄥𑄨𑄋𑄧 𑄇𑄧𑄘 𑄟𑄧𑄚𑄧𑄖𑄴 𑄖𑄪𑄣𑄨 𑄖𑄪𑄣𑄨 𑄃𑄧𑄇𑄪𑄣𑄴 𑄘𑄧𑄎𑄳𑄠𑄖𑄴 𑄥𑄎𑄪𑄢𑄧 𑄙𑄧𑄢𑄴𑄣𑄧।,Present
এইবারে এক কাপের মাথা টোকা দিলে কেমন হবে মনে হ,𑄃𑄬𑄝𑄢𑄧𑄖𑄴 𑄃𑄬𑄇𑄴 𑄇 𑄝𑄋𑄮𑄘𑄨 𑄘𑄊𑄨 𑄊𑄧𑄢𑄧𑄖𑄴 𑄈𑄪𑄌𑄴 𑄘𑄨𑄣𑄬 𑄇𑄬𑄎𑄚𑄴 𑄦𑄧𑄠𑄴 𑄞𑄝𑄨𑄣𑄧।,Future
একটু অন্ধকার আছে এমন অন্ধকার বািে এই টোকা ফেললো,𑄃𑄬𑄇𑄴𑄇 𑄛𑄳𑄦𑄧𑄢𑄴 𑄃𑄊𑄬 𑄢𑄋𑄟𑄖𑄳𑄠𑄬 𑄛𑄨𑄏𑄬𑄃𑄨 𑄊𑄧𑄢𑄧𑄖𑄴 𑄃𑄬𑄃𑄨 𑄈𑄪𑄌𑄴 𑄜𑄬𑄣𑄬𑄣𑄧।,Past
তার পেছনে বোই কথা বলে,𑄖 𑄛𑄨𑄏𑄬𑄃𑄨 𑄞𑄬𑄃𑄨𑄘𑄮 𑄇𑄧𑄘 𑄥𑄪𑄚𑄬𑄣𑄧।,Present
"১. সাত, সাত",𑄽.,Present
বৌদ্ধ সন্ন্যাসীটি বৌদ্ধ ভিক্ষু হলো,𑄝𑄋𑄮𑄘𑄨 𑄎𑄟𑄬𑄃𑄨𑄝𑄮𑄢𑄴 𑄌𑄉𑄪𑄢𑄨 𑄦𑄧𑄧𑄣𑄧।,Past
বন্ধ পেলে রাঙামাটিতে তো একবার ঘুরে যা,𑄝𑄧𑄚𑄴𑄘𑄧 𑄛𑄬𑄣𑄬 𑄢𑄋𑄟𑄖𑄳𑄠𑄬 𑄘𑄧 𑄃𑄬𑄇𑄴𑄘𑄨𑄚𑄴 𑄗𑄬𑄃𑄨 𑄝𑄬𑄢𑄬 𑄡𑄠𑄴।,Present
"লালমাা বািটা আর ছারলো না, তার ছেলে - ব ব বোন","𑄢𑄋𑄟𑄖𑄳𑄠𑄬 𑄞𑄢 𑄊𑄧𑄢𑄚𑄴 𑄚𑄧 𑄍𑄢𑄨𑄣𑄇𑄴 𑄃𑄢𑄴 𑄝𑄋𑄮𑄘𑄨, 𑄖 𑄛𑄮𑄮 - 𑄝𑄮 𑄃 𑄚𑄧𑄚𑄧𑄚𑄴𑄚𑄮, 𑄃𑄧𑄇𑄴𑄖𑄧 𑄃𑄧𑄇𑄴𑄖𑄧 𑄥𑄮𑄢𑄴 - 𑄥𑄪𑄢𑄨 𑄃𑄬𑄎𑄧𑄚𑄴।",Past
তারা লম্বা বন্ধে বািে এক দিন দাঁিে থাকে,𑄖𑄢 𑄣𑄟𑄴𑄝 𑄝𑄧𑄚𑄴𑄘𑄧𑄖𑄴 𑄊𑄧𑄢𑄧𑄖𑄴 𑄘𑄨 𑄃𑄬𑄇𑄴𑄘𑄨𑄚𑄴 𑄗𑄬𑄃𑄨 𑄢𑄋𑄟𑄖𑄳𑄠𑄬 𑄜𑄨𑄢𑄧𑄚𑄴।,Present
বাগানগুলো দিন দিন দেখতে হ,𑄝𑄉𑄚𑄴𑄠𑄚𑄨 𑄘𑄨𑄚𑄴 𑄘𑄨𑄚𑄴 𑄌𑄮𑄊𑄮𑄖𑄴 𑄛𑄧𑄢𑄬 𑄛 𑄦𑄧𑄢𑄴।,Present
তাদেরকে অনেক ব কাজ করতে হবে,𑄖𑄢𑄢𑄬 𑄝𑄬𑄉𑄬 𑄇𑄧𑄚𑄴 𑄃𑄨𑄖𑄴𑄖𑄪𑄚𑄴 𑄖𑄪𑄟𑄨 𑄣𑄈𑄴 𑄖𑄬𑄋 𑄇𑄟𑄬 𑄛𑄢𑄨𑄝।,Future
বাঁশটা কেটে দিে পরীক্ষা দিে দিল,"𑄝𑄋𑄮𑄘𑄨 𑄞𑄧𑄖𑄴𑄖𑄨 𑄦𑄮𑄃𑄨, 𑄛𑄧𑄢𑄨𑄇𑄴𑄈𑄬 𑄘𑄨𑄣𑄧।",Past
১. পাহাের মাটি ২. পাহাের মাটি,𑄛𑄥𑄴 𑄦𑄧𑄣𑄧।,Present
আর বি. এ. ভর্তি হেছে,𑄃𑄢𑄧 𑄝𑄨. 𑄃𑄬. 𑄞𑄧𑄖𑄴𑄖𑄨 𑄦𑄧𑄣𑄧।,Present
দ্রুত কোন পর মা মাছ এত ব পে,𑄝𑄬𑄉𑄬 𑄇𑄧𑄚𑄴 𑄛𑄧𑄢𑄴 𑄟 𑄟𑄌𑄪𑄌𑄴 𑄇𑄨 𑄃𑄬𑄘𑄧𑄇𑄴 𑄉𑄧𑄢𑄧𑄌𑄴 𑄛𑄧𑄎𑄳𑄠।,Present
বাঁশটা কানে পে না,𑄝𑄋𑄮𑄘𑄨 𑄇𑄚𑄬 𑄣𑄬𑄂 𑄚𑄧 𑄉𑄧𑄢𑄬।,Present
তার সাথে বি. এ. পাহাের গরীব,𑄖𑄢𑄴 𑄎𑄨𑄖𑄴𑄝𑄖𑄴 𑄝𑄨. 𑄃𑄬. 𑄛𑄥𑄴 𑄉𑄧𑄢𑄨𑄝𑄧।,Present
"পা মানুষ, কেকটা - বিচার করতে হ","𑄛𑄧𑄢𑄴𑄟 𑄟𑄚𑄪𑄌𑄴, 𑄇𑄧𑄌𑄴𑄖𑄧 - 𑄝𑄨𑄌𑄴𑄖𑄧 𑄉𑄧𑄢 𑄛𑄧𑄢𑄬𑄢𑄴।",Present
ব্যাঙটা তার পিঠে করে এদিক সেদিক ঘুরে বো,𑄝𑄋𑄮𑄘𑄨 𑄖 𑄛𑄨𑄏𑄬𑄃𑄨 𑄖𑄪𑄋𑄴𑄛𑄪𑄘𑄨 𑄟𑄘𑄊𑄧 𑄃𑄨𑄘𑄪 𑄍𑄬𑄢𑄬 𑄉𑄪𑄚𑄬𑄘𑄨 𑄝𑄬𑄢 𑄡𑄠𑄴।,Present
তার বাবা এবার গেলে কেকদিন তোমার বাির রাগ একটু কমে আসে,𑄖 𑄛𑄨𑄏𑄬𑄃𑄨 𑄃𑄬𑄝𑄢𑄧𑄖𑄴 𑄉𑄬𑄣𑄬 𑄇𑄧𑄠𑄴 - 𑄖𑄧 𑄝𑄝𑄧 𑄢𑄉𑄴 𑄃𑄬𑄇𑄴𑄇 𑄇𑄧𑄟𑄨 𑄃𑄬𑄥𑄳𑄠𑄬।,Present
ছেঁা ফেলে মিশিে বো,𑄍𑄬𑄢𑄴 𑄜𑄬𑄣𑄬 𑄟𑄨𑄉𑄨𑄚𑄨𑄖𑄴 𑄝𑄬𑄢𑄬𑄃𑄨 𑄃𑄬𑄎𑄧𑄉𑄮𑄃𑄨।,Present
ব্যাঙের মতো আমার মনটা যাওার ইচ্ছা,𑄝𑄋𑄮𑄘𑄨 𑄇𑄧𑄠𑄴 - 𑄟𑄧𑄢𑄴𑄃𑄮 𑄟𑄧𑄚𑄚𑄴 𑄡𑄬𑄝𑄢𑄴 𑄙𑄢𑄌𑄴।,Present
খালি পেটে কেউ উঠতেছে না,𑄈𑄣𑄨𑄇𑄴 𑄃𑄨𑄇𑄴𑄇𑄪 𑄘𑄧 𑄎𑄪 𑄚𑄧 𑄃𑄪𑄙𑄬𑄢𑄴।,Present
তুংপুটি মাদি মাদি থাকল না,𑄖𑄪𑄋𑄴𑄛𑄪𑄘𑄨 𑄟 𑄚𑄧 𑄟𑄙𑄨 𑄢𑄧𑄣𑄧।,Past
বািতে বৈদ্যরা কথাবার্তা বেশি তুলে না,𑄊𑄧𑄢𑄧𑄖𑄴 𑄝𑄋𑄮𑄘𑄨𑄘𑄊𑄨 𑄇𑄧𑄘-𑄝𑄖𑄴𑄖 𑄝𑄬𑄌𑄴 𑄚𑄧 𑄖𑄪𑄣𑄬।,Present
তুং পুি মাের নিজের ঝি আছে,𑄖𑄪𑄋𑄴 𑄛𑄪𑄘𑄨 𑄟 𑄎𑄚𑄬 𑄚𑄨𑄎𑄧𑄢𑄴𑄃𑄮 𑄏𑄨 𑄃𑄊𑄧𑄚𑄴।,Present
সব কথা বলতে পারে না,𑄝𑄢𑄴 𑄇𑄧𑄘 𑄇𑄮𑄃𑄨 𑄚𑄧 𑄛𑄢𑄬।,Present
দৌাদৌি করতে না পারলে নিজের শরীর লাগে,𑄘𑄧𑄉𑄬 𑄚𑄧 𑄦𑄧𑄣𑄬 𑄚𑄨𑄎𑄧 𑄇𑄨𑄠𑄬𑄖𑄴 𑄛𑄧𑄢𑄬।,Present
বামহাতি বাপও এবার আসলে বুঝ,𑄝𑄋𑄮𑄘𑄨 𑄝𑄝𑄧𑄢𑄬 𑄃𑄮 𑄃𑄬𑄝𑄢𑄧𑄖𑄴 𑄃𑄬𑄣𑄬 𑄝𑄪𑄏𑄧𑄠𑄴।,Present
"বামহাতি সে,এখন তার মনটা একটু বাঁকা হেছে","𑄝𑄋𑄮𑄘𑄨 𑄃. 𑄃𑄬. 𑄛𑄥𑄴 𑄉𑄧𑄢𑄨𑄚𑄬 𑄖𑄢𑄴 𑄟𑄧𑄚𑄴 𑄃𑄬𑄇𑄴𑄇 𑄝𑄧𑄘𑄧𑄣𑄨 𑄡𑄨𑄠𑄬, 𑄃𑄨𑄠𑄚𑄴 𑄖𑄬 𑄥𑄳𑄠𑄬𑄇𑄴 𑄛𑄨𑄠𑄬।",Present
তুংপুি মা বলতে পারে -বাঙি বাবা মন যে নরম,𑄖𑄪𑄋𑄴𑄛𑄪𑄘𑄨 𑄟 𑄇𑄮𑄃𑄨 𑄛𑄢𑄬 - 𑄝𑄋𑄮𑄘𑄨 𑄝𑄝𑄧 𑄟𑄧𑄚𑄚𑄴 𑄎𑄬 𑄚𑄧𑄢𑄧𑄟𑄴।,Present
মনে থাকলে সব কথা ভেঙে বলে না,𑄟𑄧𑄚𑄧𑄖𑄴 𑄗𑄬𑄣𑄬𑄃𑄮 𑄝𑄬𑄇𑄴 𑄇𑄧𑄘𑄚𑄨 𑄞𑄋𑄨 𑄇𑄮𑄃𑄨 𑄚𑄧 𑄝𑄢𑄬।,Present
"বামহাতিদের বছর বছর আদা, হলুদ বোই,আনা বোই করে অনেক টাকা আসে","𑄝𑄋𑄮𑄘𑄨𑄘𑄊𑄨𑄢𑄴 𑄝𑄧𑄏𑄧𑄢𑄴 𑄝𑄧𑄏𑄧𑄢𑄴 𑄃𑄘, 𑄦𑄧𑄣𑄮𑄘𑄴 𑄝𑄬𑄎𑄨, 𑄃𑄚𑄥𑄴 𑄝𑄬𑄎𑄨 𑄥𑄢𑄬 𑄛 𑄖𑄬𑄋 𑄃𑄬𑄎𑄧𑄚𑄴।",Present
একজন জ্যেঠীও চামা করে,𑄃 𑄃𑄨𑄇𑄴𑄇𑄪 𑄘𑄧 𑄎𑄟𑄬𑄝𑄮𑄠𑄮 𑄌𑄉𑄪𑄢𑄨 𑄉𑄧𑄢𑄬।,Present
"গিরিতে তেতো তেতো, খেে দিে সারা বছর টাকা জমা দিতে পারে","𑄉𑄨𑄢𑄨𑄖𑄴 𑄖𑄨 𑄍𑄨𑄉𑄮𑄚𑄴, 𑄈𑄬𑄃𑄨 𑄘𑄬𑄃𑄨 𑄥𑄢𑄬 𑄛 𑄝𑄳𑄠$𑄧𑄖𑄴 𑄖𑄬𑄋 𑄎𑄧𑄟 𑄘𑄨 𑄛𑄢𑄧𑄚𑄴।",Present
টাকা সাথে সাথে মানুষের মনে আগ্রহ জন্মে,𑄖𑄬𑄋 𑄣𑄧𑄉𑄬 𑄟𑄚𑄴 𑄎𑄮𑄢𑄴 𑄟𑄧𑄚𑄧 𑄈𑄪𑄎𑄨𑄠𑄮 𑄃𑄬𑄎𑄬।,Present
একজন শুধু উনো থাকে সেটা তার বি. এ. পাশ কেটে যাওা,𑄃𑄨𑄇𑄴𑄇𑄪 𑄝𑄚 𑄎𑄧𑄚𑄨 𑄃𑄪𑄚𑄮 𑄗𑄠𑄴 𑄥𑄨𑄠𑄚𑄴 𑄖𑄢𑄴 𑄝𑄨. 𑄃𑄬. 𑄛𑄥𑄴 𑄉𑄧𑄢𑄚 𑄃𑄳𑄦 𑄎𑄟𑄬𑄝𑄮𑄢𑄴 𑄝𑄧𑄘𑄧𑄣𑄨 𑄦𑄧𑄚।,Present
"সজারু,মনে পলে তো আর বদল হতে পারে না","𑄥𑄧𑄢𑄴𑄇𑄢𑄨 𑄌𑄉𑄪𑄢𑄨, 𑄟𑄧𑄚𑄬 𑄇𑄧𑄣𑄬 𑄘𑄧 𑄃𑄢𑄴 𑄝𑄧𑄘𑄧𑄣𑄨 𑄦𑄮𑄃𑄨 𑄚𑄧 𑄛𑄢𑄬।",Present
.কমে বদলি হে যাবে-এইটা মনে কালো করে দে,𑄇𑄧𑄟𑄧𑄣𑄬 𑄝𑄧𑄘𑄧𑄣𑄨 𑄦𑄮𑄃𑄨 𑄛𑄢𑄨𑄝𑄧 - 𑄃𑄨𑄠𑄚𑄴 𑄚𑄨𑄖𑄳𑄠𑄧 𑄟𑄧𑄚𑄴 𑄇𑄣 𑄉𑄧𑄢𑄨 𑄘𑄳𑄠𑄬।,Present
ব্যাঙটা এক বিঝুর পাশ দিে কচ্ছপকে জন করে কাপ দিে বািতে দিল,𑄝𑄋𑄮𑄘𑄨 𑄎𑄟𑄬𑄝𑄮 𑄃𑄬𑄇𑄴𑄝𑄢𑄴 𑄝𑄨𑄏𑄪 𑄇𑄪𑄢𑄬 𑄇𑄪𑄢𑄬 𑄖𑄪𑄋𑄴𑄛𑄪𑄘𑄨 𑄟𑄘𑄊𑄨𑄢𑄬 𑄎𑄧𑄚𑄴 𑄉𑄧𑄘𑄬 𑄉𑄧𑄘𑄬 𑄇𑄝𑄧𑄢𑄴 𑄇𑄨𑄚𑄨 𑄊𑄧𑄢𑄧𑄖𑄴 𑄘𑄨𑄣𑄧𑄉𑄮𑄃𑄨।,Past
সব পোকামাক,𑄝𑄬𑄇𑄴 𑄇𑄪𑄚 𑄈𑄪𑄎𑄨।,Present
তুংপুং করে কোন কথা- আমাদের বািটা না থাকলে কি হবে,𑄖𑄪𑄋𑄴𑄛𑄪𑄘𑄨𑄘𑄊𑄨 𑄇𑄧𑄚𑄴 - 𑄃𑄟𑄖𑄴𑄖𑄪𑄚𑄴 𑄥𑄧𑄘𑄧𑄢𑄴 𑄝𑄮𑄚𑄧 𑄎𑄟𑄬 𑄚𑄧 𑄗𑄬𑄣𑄬 𑄇𑄨 𑄦𑄧𑄝𑄧।,Future
বাঁশের বোইটা সদর থেকে বেশি,𑄝𑄋𑄮𑄘𑄨 𑄎𑄟𑄬𑄝𑄮 𑄥𑄧𑄘𑄧𑄢𑄧𑄖𑄴𑄖𑄪𑄚𑄴 𑄝𑄬𑄌𑄴।,Present
তুংপুং করে মেেকে বলে - বোলটা বেশি খরচ করে না,𑄖𑄪𑄋𑄴𑄛𑄪𑄘𑄨 𑄟 𑄝𑄋𑄮𑄘𑄨 𑄎𑄟𑄬𑄝𑄮𑄢𑄬 𑄇𑄧𑄠𑄴 - 𑄝𑄃𑄨𑄣𑄬𑄘 𑄝𑄬𑄌𑄴 𑄈𑄧𑄢𑄧𑄌𑄴 𑄚𑄧 𑄉𑄮𑄌𑄴𑄎𑄮।,Present
বাঁশটা শক্ত হেছে,𑄝𑄋𑄮𑄘𑄨 𑄎𑄟𑄬𑄃𑄨𑄝𑄮 𑄚𑄧 𑄟𑄙𑄨 𑄢𑄧𑄣𑄧।,Present
শুধু কল দিে এগুলো কিনে নিতে কত টাকা লাগে,𑄝𑄚 𑄇𑄧𑄣𑄧 - 𑄛𑄨𑄏𑄬𑄃𑄨 𑄃𑄨𑄠𑄚𑄨 𑄇𑄨𑄚𑄧𑄘𑄬 𑄇𑄨 𑄣𑄈𑄴 𑄖𑄬𑄋 𑄣𑄉𑄬।,Present
তুংপুটি মা কল - তুমি আগে যাও,𑄖𑄪𑄋𑄴𑄛𑄪𑄘𑄨 𑄟 𑄇𑄧𑄣𑄧 - 𑄖𑄪𑄟𑄨 𑄃𑄉𑄬 𑄝𑄧𑄘𑄧𑄣𑄨 𑄦𑄧।,Present
সেকারণে আমার খুব ভালো লাগে,𑄥𑄨𑄠𑄚𑄴𑄘𑄮𑄃𑄨 𑄟𑄧𑄢𑄴 𑄞𑄢𑄨 𑄟𑄧𑄚𑄴 𑄇𑄘𑄇𑄘𑄨।,Present
.পারতে পারতেছি না - তর্জনী দিে বোটা দাও,𑄚𑄧 𑄛𑄢𑄧𑄋𑄧𑄖𑄴𑄖𑄬 𑄛𑄨𑄏𑄬𑄃𑄨 - 𑄖𑄪𑄋𑄴𑄛𑄪𑄘𑄨 𑄎𑄟𑄬𑄃𑄨 𑄝𑄮 𑄎𑄮𑄝𑄴 𑄘𑄬।,Present
মেেকে কল দিে লালমািে আমার আর কিছু নেই,𑄎𑄬𑄢𑄬 𑄇𑄧𑄣𑄧 𑄪 𑄛𑄨𑄏𑄬𑄃𑄨𑄘𑄊𑄨 𑄢𑄋𑄟𑄖𑄳𑄠𑄬 𑄃𑄟𑄢𑄴 𑄇𑄧𑄚𑄴 𑄚 𑄃𑄊𑄬 𑄃𑄢𑄴।,Present
এক কথা বলে আবার চলে যা - তুমি এখনো চুপ করে থাকতে পারবে,𑄃𑄬𑄇𑄴 𑄇 𑄟𑄳𑄦𑄧 𑄦𑄮𑄃𑄨 𑄎𑄬𑄢𑄬 𑄃𑄢𑄧 𑄇𑄮𑄃𑄨 𑄡𑄠𑄴 - 𑄖𑄪𑄟𑄨 𑄃𑄊𑄧𑄇𑄬𑄃𑄨 𑄚𑄨 𑄌𑄨𑄙𑄬𑄉𑄧𑄢𑄨 𑄗𑄬𑄃𑄨 𑄛𑄢𑄧𑄋𑄴𑄉𑄬।,Future
.অন্যরা কথা বলে -পাহাে পাহাে চলে যা,𑄎𑄬𑄢𑄬 𑄇𑄧𑄘 𑄟𑄬𑄣𑄬 - 𑄎𑄧𑄚𑄨 𑄏𑄘𑄨 𑄏𑄘𑄨 𑄝𑄧𑄘𑄧𑄣𑄨 𑄦𑄮𑄃𑄨 𑄛𑄖𑄴𑄖।,Present
এই কারণে কেন জানি না আমি তার কথাগুলো বিশ্বাস করি না,𑄃𑄬 𑄎𑄬𑄢𑄬 𑄇𑄨 𑄎𑄬𑄚𑄬 𑄇𑄧𑄝𑄢𑄴 𑄎𑄪𑄉𑄪𑄣𑄮𑄠𑄴 𑄈𑄣𑄨𑄇𑄴 𑄟𑄪𑄠𑄖𑄴𑄖𑄪𑄚𑄴 𑄚𑄨𑄉𑄨𑄣𑄬 𑄚𑄧 𑄝𑄢𑄬।,Present
তুংপুং করে বাঁশটা ঘুরতে আসলে অনেক গুলো তুংপুং করে কথা বলে,𑄖𑄪𑄋𑄴𑄛𑄪𑄘𑄨 𑄘𑄊𑄨𑄃𑄨𑄘𑄪 𑄝𑄋𑄮𑄘𑄨 𑄎𑄟𑄬𑄝𑄮 𑄝𑄬𑄢 𑄃𑄬𑄣𑄬 𑄃𑄧𑄇𑄴𑄖𑄧 𑄃𑄧𑄇𑄴𑄖𑄧 𑄖𑄪𑄋𑄴𑄛𑄪𑄘𑄨𑄠𑄮 𑄇𑄧𑄘 𑄟𑄬𑄣𑄬।,Present
তুংপুটি কেকটা-আনি,𑄖𑄪𑄋𑄴𑄛𑄪𑄘𑄨 𑄇𑄧𑄠𑄴 - 𑄃 𑄝𑄧𑄚𑄧𑄃𑄨।,Present
বাঁশের বোটা মিশিে থাকে না,𑄝𑄋𑄮𑄘𑄨 𑄎𑄟𑄬𑄝𑄮 𑄚𑄧 𑄟𑄙𑄨 𑄗𑄠𑄴।,Present
ছেঁা পেলে তুংপুং করে মা তুংপুং করে চোখে মারে,𑄍𑄬𑄢𑄴 𑄛𑄬𑄣𑄬 𑄖𑄪𑄋𑄴𑄛𑄪𑄘𑄨 𑄟 𑄖𑄪𑄋𑄴𑄛𑄪𑄘𑄨𑄢𑄬 𑄌𑄮𑄊𑄮𑄖𑄴 𑄒𑄢𑄴 𑄟𑄢𑄬।,Present
তুংপুতে সেই কথা আর মেলে না,𑄖𑄪𑄋𑄴𑄛𑄪𑄘𑄨 𑄥𑄬 𑄇𑄧𑄘 𑄚𑄧 𑄟𑄬𑄣𑄬 𑄃𑄢𑄴।,Present
এখন কলেজ পতেছে,𑄃𑄬𑄝𑄧 𑄇𑄧𑄣𑄬𑄎𑄧𑄖𑄴 𑄛𑄧𑄢𑄴𑄬।,Present
বুদ্ধি-বুদ্ধি হ না,𑄝𑄪𑄘𑄴𑄙𑄨 - 𑄥𑄪𑄘𑄴𑄙𑄨 𑄚𑄧 𑄦𑄧𑄠𑄴।,Present
পাহাে বসতে হলে ছাতা নিে বসতে হ,𑄛𑄥𑄴 𑄉𑄧𑄢𑄴𑄣𑄬 𑄔𑄉𑄖𑄴 𑄞𑄧𑄖𑄴𑄖𑄨 𑄦𑄧𑄝𑄧 𑄃𑄏 𑄚𑄨𑄚𑄬 𑄖𑄪𑄋𑄴𑄛𑄪𑄘𑄨 𑄟𑄧𑄚𑄴 𑄘𑄨 𑄛𑄧𑄢𑄬।,Present
.তার স্ত্রীর কথা/কথা মনে পেছে,𑄖𑄋𑄴 𑄛𑄪𑄘𑄨 𑄖𑄟𑄴𑄟 𑄇𑄧𑄘/𑄙 𑄟𑄧𑄚𑄧𑄖𑄴 𑄝𑄚𑄨𑄚𑄬 𑄛𑄧𑄢𑄖𑄴 𑄟𑄧𑄚𑄴 𑄘𑄳𑄠𑄬।,Present
. ফরা করলে খবর নেওা যা,𑄜𑄧𑄢𑄈𑄪𑄣𑄧 𑄃𑄬𑄣𑄬 - 𑄔𑄉 𑄈𑄧𑄝𑄧𑄢𑄴 𑄎𑄚𑄨 𑄣𑄧𑄠𑄴।,Present
.ফরাক বলল- পরীক্ষা শেষ হলে গ্রামে ফিরতে পারবে তো,𑄜𑄧𑄢𑄈𑄪𑄣𑄧 𑄇𑄧𑄠𑄴 - 𑄛𑄧𑄢𑄨𑄇𑄴𑄈𑄬 𑄗𑄪𑄟𑄴 𑄦𑄧𑄣𑄬 𑄔𑄉𑄖𑄴 𑄝𑄬𑄢𑄬 𑄛𑄢𑄨𑄝𑄬𑄉𑄮𑄃𑄨 𑄘𑄧।,Future
তুংপুটি বাসা বেঁধে থাকে,𑄖𑄪𑄋𑄴𑄛𑄪𑄘𑄨 𑄃𑄏 𑄝𑄚𑄨 𑄗𑄠𑄴।,Present
"১, ৮, ৮",𑄾.,Present
. ফরাকরুল দিে পাহাে পাহাে গেল,𑄜𑄧𑄢𑄈𑄪𑄣𑄧 𑄢𑄴 𑄊𑄧𑄢𑄧𑄖𑄴 𑄖𑄪𑄚𑄴 𑄜𑄨𑄢𑄨 𑄘𑄨 𑄟𑄥𑄴 𑄝𑄨𑄘𑄨 𑄉𑄬𑄣𑄧।,Past
উস্কুখুস্কু,𑄃𑄪𑄥𑄨𑄋𑄧𑄢𑄴 𑄈𑄧𑄝𑄧𑄢𑄴 𑄚𑄬𑄃𑄨।,Present
হলুদ মন মরা করে থাকে,𑄦𑄧𑄣𑄧𑄖𑄴 𑄟𑄧𑄚𑄴 𑄟𑄧𑄢 𑄉𑄧𑄢𑄨 𑄗𑄠𑄴।,Present
নীল খেদে তুন পুরনো বই বিক্রি করে,𑄚𑄨𑄣𑄴 𑄈𑄬𑄘𑄧𑄖𑄴 𑄖𑄪𑄚𑄴 𑄛𑄪𑄢𑄮𑄚𑄴 𑄝𑄧𑄃𑄨 𑄖𑄮𑄉𑄬𑄃𑄨 𑄇𑄨𑄚𑄬।,Present
তার সমাজটা সুন্দর করে - তোমার বািতে কি হেছে নাকি,𑄖 𑄥𑄧𑄟𑄎𑄳𑄠𑄠𑄪𑄚𑄬 𑄛𑄪𑄏𑄢𑄴 𑄉𑄧𑄢𑄧𑄚𑄴 - 𑄖𑄧 𑄊𑄧𑄢𑄧𑄖𑄴 𑄇𑄨 𑄦𑄪𑄠𑄬 𑄚𑄇𑄨।,Present
এক জাতী বুনো ফল যা সবজি হিসেবে ব্যবহৃত হ,𑄜𑄧𑄢𑄈𑄪𑄣𑄧 - 𑄟𑄙 𑄣𑄢𑄃𑄨।,Present
এক দিন ভে ভেছে-যতগুলো পুলিশ আছে -বোইতে হবে,𑄃𑄬𑄇𑄴 𑄘𑄨𑄚𑄴 𑄙𑄨𑄢𑄎𑄴 𑄞𑄧𑄖𑄴𑄖𑄌𑄢𑄴𑄡𑄧𑄢𑄴 ’𑄡𑄧𑄈𑄨𑄚𑄴 𑄛𑄪𑄣𑄨𑄥𑄬 𑄍𑄨𑄣𑄟𑄴‘ 𑄝𑄮𑄃𑄨𑄝𑄮 𑄛𑄧𑄢𑄬𑄢𑄴।,Future
সে পথে পথে ভালো লাগে,𑄛𑄧𑄖𑄴 𑄖𑄬 𑄛𑄧𑄖𑄴 𑄖𑄬 𑄞𑄧𑄎𑄚𑄴 𑄉𑄧𑄟𑄴 𑄣𑄉𑄬𑄢𑄴।,Present
টেকের নালা দিে এক রোহিঙ্গা গািে কথা বলছে,𑄑𑄬𑄇𑄴 𑄚𑄜𑄧‘𑄢𑄴 𑄃𑄬𑄇𑄴 𑄢𑄈𑄃𑄨𑄚𑄴 𑄉𑄞𑄪𑄢𑄨𑄢𑄴 𑄉𑄞𑄪𑄢𑄨𑄣𑄮𑄃𑄨 𑄇𑄮𑄌𑄴 𑄛 𑄛𑄨 𑄇𑄧𑄘/𑄙।,Present
বইের পতে পতে মনটা কেমন যেন হছে,𑄝𑄧𑄃𑄨𑄝𑄮 𑄛𑄧𑄖𑄴𑄖𑄬 𑄛𑄧𑄖𑄴𑄖𑄬 𑄟𑄧𑄚𑄧 𑄇𑄮𑄌𑄴 𑄛𑄚 𑄖𑄪𑄝𑄮𑄣𑄴𑄠𑄪𑄚𑄴 𑄃𑄧𑄏𑄢𑄴 𑄦𑄧𑄘𑄧𑄚𑄴।,Present
পাহাে বারি খা,𑄛𑄢𑄚𑄧𑄖𑄴 𑄝𑄢𑄨 𑄈𑄘𑄧𑄚𑄴।,Present
". খালি পায়ে বসে থাকা, রাখাইন সুন্দর গািে বসে থাকা","𑄈𑄣𑄨𑄇𑄴 𑄎𑄧𑄢 𑄚𑄧 𑄝𑄧𑄖𑄳𑄠𑄬 𑄇𑄮𑄌𑄴 𑄛𑄚, 𑄢𑄈𑄃𑄨𑄚𑄴 𑄘𑄮𑄣𑄴 𑄉𑄞𑄪𑄢𑄨 𑄃𑄧𑄇𑄣𑄳𑄠𑄬 𑄝𑄪𑄘𑄪 𑄍𑄨𑄚𑄨 𑄛𑄧𑄢𑄚 . . 𑄇𑄧𑄘/𑄙 𑄞𑄝𑄨 𑄞𑄝𑄨 𑄟𑄧𑄚𑄚𑄴 𑄥𑄬𑄀𑄖𑄴 𑄥𑄬𑄀𑄖𑄴 𑄛𑄨𑄚𑄴 𑄘𑄮𑄃𑄨 𑄛𑄧𑄢𑄚𑄧𑄖𑄴 𑄇𑄧𑄚𑄴𑄚 𑄉𑄪𑄘𑄧𑄘𑄧𑄚𑄴𑄘𑄬 𑄘𑄧𑄇𑄴 𑄛𑄢𑄴।",Present
বইটা পতে পতে ছোট কাপ দিে স্থির হে আছে,𑄝𑄧𑄃𑄨𑄝𑄮 𑄛𑄧𑄖𑄴𑄖𑄬 𑄛𑄧𑄖𑄴𑄖𑄬 𑄉𑄪𑄢𑄨 𑄇𑄝𑄮𑄌𑄴 𑄘𑄨 𑄌𑄨𑄚𑄴 𑄘𑄨𑄚𑄬 𑄗𑄮𑄃𑄨𑄚𑄬 𑄗𑄨𑄠𑄬𑄣𑄧।,Present
রুমের ভিতরে তুন বারান্দা নিে হাত ধরা হ,𑄢𑄪𑄟𑄧 𑄞𑄨𑄘𑄧𑄢𑄬𑄖𑄴 𑄖𑄪𑄚𑄴 𑄝𑄢𑄚𑄴𑄘 𑄚𑄨𑄉𑄨𑄣𑄨𑄣𑄨 𑄦𑄘 𑄙𑄧𑄢𑄴𑄣𑄧।,Present
পুা জাগা নেই,𑄛𑄧𑄢𑄚𑄴 𑄎𑄳𑄠𑄬𑄚𑄴 𑄃𑄧𑄙𑄧𑄖𑄴 𑄚𑄬𑄃𑄨।,Present
তে তালার উপরে তুন ঘন ঘন বো চে,𑄖𑄨 𑄖𑄣 𑄃𑄪𑄉𑄪𑄢𑄬𑄖𑄴 𑄖𑄪𑄚𑄴 𑄊𑄧𑄚𑄧 𑄊𑄧𑄚𑄧 𑄝𑄢𑄬 𑄢𑄨𑄚𑄨 𑄌𑄢𑄴।,Present
"ছেলের মা এত ব,যাওা,ব ব কথা/ধন আরও কি গর্ত আছে মনে হ","𑄛𑄮 𑄍 𑄃𑄬𑄖𑄴𑄖𑄧𑄚𑄴, 𑄡𑄘𑄧𑄚𑄴, 𑄝𑄮𑄃𑄨 𑄝𑄮𑄃𑄨 𑄇𑄧𑄘/𑄙 𑄇𑄧𑄘𑄧𑄚𑄴 / 𑄙𑄧𑄚𑄴 𑄃𑄢𑄴 𑄇𑄨 𑄉𑄧𑄢𑄴𑄖𑄧𑄚𑄴 𑄥𑄨𑄚𑄴𑄘𑄨 𑄟𑄧𑄚𑄴 𑄚𑄬𑄃𑄨।",Present
চেনা লোকও দেখতেছি না,𑄌𑄨𑄚𑄴𑄛𑄧𑄌𑄴𑄎𑄧 𑄇𑄢𑄧 𑄢𑄬𑄠𑄮 𑄚𑄧 𑄘𑄬𑄊𑄬𑄢𑄴।,Present
"রুম, রুম, রুম",𑄢𑄪𑄟𑄧𑄖𑄴 𑄃𑄢𑄧 𑄥𑄧𑄟𑄬𑄣𑄧𑄉𑄨।,Present
এক জাতী পাখি,𑄛𑄧𑄢𑄨 𑄢𑄧𑄣𑄧 𑄇𑄇𑄴𑄈𑄧𑄚𑄴।,Present
বইটা মাথার কাছে রেখে আছে,𑄝𑄧𑄃𑄨𑄝𑄮 𑄟𑄙 𑄇𑄪𑄢𑄬𑄘𑄨 𑄗𑄪𑄠𑄬 𑄃𑄊𑄬।,Present
বইের পাতা দুই পাতা এখনো আছে,𑄝𑄧𑄃𑄨𑄝𑄮𑄢𑄴 𑄛𑄘 𑄘𑄨 𑄛𑄘 𑄃𑄬𑄝𑄧 𑄃𑄛𑄧𑄎𑄳𑄠 𑄃𑄊𑄬।,Present
শেষ হওা কঠিন,𑄗𑄪𑄟𑄴 𑄉𑄧𑄢𑄨𑄝𑄧 𑄞𑄝𑄬𑄢𑄴 ।,Present
.আকাশে তাকিে রোদ পোহাচ্ছে,𑄃𑄳𑄠𑄬𑄚𑄴 𑄃𑄧𑄇𑄴𑄖𑄧𑄖𑄴 𑄗𑄥𑄨𑄋𑄴 𑄉𑄮𑄃𑄨 𑄎𑄪𑄚𑄚𑄬 𑄢𑄪𑄪𑄟𑄧𑄖𑄴 𑄥𑄧𑄟𑄨𑄣𑄇𑄴𑄇𑄨।,Present
"চাকমারা একসাথে বসতে না পেরে এক পাতা উপরে তুলে দেখে বলল,ও, বানরটা তখন তোমার মেেকে জিেছে","𑄗𑄥𑄨𑄋𑄬 𑄥𑄧𑄟𑄘𑄬 𑄚𑄧 𑄥𑄧𑄟𑄘𑄬 𑄝𑄧𑄃𑄨𑄝𑄮 𑄘𑄨 𑄃𑄬𑄇𑄴 𑄛𑄘 𑄃𑄪𑄣𑄴𑄣𑄬𑄃𑄨 𑄌𑄬𑄃𑄨 𑄇𑄧𑄣𑄧 - 𑄃𑄧, 𑄝𑄚𑄴𑄘𑄧𑄢𑄴𑄝𑄚𑄴𑄘𑄮𑄃𑄨 𑄥𑄣𑄬 𑄖𑄧𑄢𑄴 𑄟𑄬𑄠𑄳𑄠𑄬 𑄎𑄧𑄢𑄎𑄧𑄢𑄨 𑄦𑄧𑄖𑄳𑄠𑄬।",Past
.ফরাখোল তাশিাতাি আমি বানরটার কথা শুনে শরীরে কাঁটা দিে উঠল,𑄜𑄧𑄢𑄈𑄪𑄣𑄧 𑄗𑄥𑄨𑄋𑄧 𑄟𑄪𑄠𑄖𑄴𑄖𑄪𑄚𑄴 𑄝𑄚𑄴𑄘𑄧𑄢𑄴𑄝𑄚𑄧 𑄥𑄧𑄝𑄴𑄘𑄧𑄝𑄮 𑄥𑄪𑄚𑄨𑄚𑄬 𑄇𑄨𑄠𑄬𑄖𑄴 𑄎𑄢𑄴 𑄇𑄘 𑄘𑄨 𑄃𑄪𑄙𑄨𑄣𑄧।,Past
মেেটা কী জানি তাাতাি জ্বর হেছে,𑄟𑄳𑄦𑄬𑄖𑄴 𑄛𑄬𑄣𑄧 𑄗𑄥𑄨𑄋𑄬 𑄇𑄨 𑄎𑄬𑄚𑄬 𑄒𑄢𑄴 𑄛𑄨𑄠𑄳𑄠𑄬।,Present
খাল ভেঙ্গে বলতে পারে না,𑄈𑄣𑄧𑄇𑄴 𑄞𑄋𑄨 𑄇𑄮𑄃𑄨 𑄚𑄧 𑄛𑄢𑄬𑄢𑄴।,Present
.এই ফরাকটা পানিতে পে কি বলে?,𑄃𑄨𑄚𑄴𑄘𑄨 𑄜𑄧𑄢𑄈𑄪𑄣𑄧 𑄟𑄚𑄚𑄴 𑄙𑄪𑄉𑄪𑄖𑄴 𑄙𑄪𑄉𑄪𑄖𑄴 𑄉𑄧𑄢𑄬𑄢𑄴 𑄗𑄥𑄨𑄋𑄬 𑄇𑄨 𑄇𑄧𑄘𑄬/𑄙 𑄇𑄨 𑄇𑄧𑄠𑄴।,Present
কিছুক্ষণ পর পর তাকিে আবার কল-কিে তাকিে দিতে হ,𑄇𑄇𑄴𑄈𑄧𑄚𑄴 𑄎𑄬𑄢𑄬 𑄗𑄥𑄨𑄋𑄬 𑄃𑄢𑄧 𑄇𑄧𑄣𑄧 - 𑄇𑄨 𑄃𑄪𑄥𑄨𑄋𑄴𑄉𑄮𑄃𑄨 𑄘𑄧 𑄖𑄧𑄢𑄴 𑄎𑄧𑄘𑄧𑄛𑄧𑄘𑄬 𑄖𑄖𑄴 𑄘𑄳𑄠𑄬 𑄘𑄨 𑄦𑄧𑄠𑄴।,Present
ফোঁার শব্দ শুনে মনটা গিে উঠল,𑄜𑄧𑄢𑄈𑄪𑄣𑄧 𑄃𑄪𑄥𑄨𑄋𑄧 𑄚𑄋𑄴 𑄥𑄪𑄚𑄨𑄚𑄬 𑄟𑄧𑄚𑄚𑄴 𑄉𑄨𑄢𑄴𑄉𑄨𑄢𑄬 𑄃𑄪𑄙𑄨𑄣𑄧।,Past
মনে মনে চিন্তা করার জন্য সে তার সাথে দেখা করেছে,𑄟𑄧𑄚𑄬 𑄟𑄧𑄚𑄬 𑄞𑄝𑄬𑄢𑄴 𑄈𑄟𑄇𑄴𑄇𑄠𑄴 𑄃𑄪𑄥𑄨𑄋𑄴 𑄉𑄮𑄃𑄨 𑄖𑄢𑄴 𑄘𑄬𑄊𑄘𑄬𑄊𑄨 𑄦𑄪𑄠𑄬।,Present
থাসিে যে আংটা দিে তাাতাি বুঝতে পারে,𑄗𑄥𑄨𑄋𑄬 𑄎𑄬 𑄃𑄇𑄴 𑄝𑄚𑄴 𑄘𑄨 𑄙𑄧𑄎𑄳𑄠 𑄥𑄨𑄠𑄬𑄚𑄴 𑄝𑄪𑄏𑄨 𑄛𑄢𑄬𑄢𑄴।,Present
. খালি কলসিটা আমি খুলতে পারছি না,𑄈𑄣𑄨𑄇𑄴 𑄜𑄧𑄢𑄈𑄪𑄣𑄧 𑄟𑄪 𑄚𑄧 𑄈𑄪𑄣𑄬𑄢𑄴।,Present
এত ব ব মাটি নাাচাা করলো,𑄃𑄬𑄘𑄧𑄇𑄴 𑄈𑄧𑄚𑄴 𑄥𑄧𑄋𑄴 𑄎𑄪𑄚𑄚𑄬 𑄚𑄧 𑄟𑄙𑄨 𑄢𑄧𑄣𑄧।,Past
"থাসিঙ কেত দিে কল - আমার বািতে লিকলিে যাওা, আমি সহজে দেখতে পাই না","𑄗𑄥𑄨𑄋𑄧 𑄇𑄬𑄃𑄨𑄖𑄴 𑄢𑄨𑄚𑄨 𑄌𑄬𑄃𑄨 𑄇𑄧𑄣𑄧 - 𑄟𑄧 𑄊𑄧𑄢𑄧 𑄃𑄪𑄙𑄮𑄚𑄧𑄖𑄴 𑄣𑄨𑄣𑄈𑄢, 𑄟𑄪𑄃𑄨 𑄒𑄢𑄴 𑄚𑄧 𑄛𑄋𑄴।",Present
জোনাকির আলো আঁধারিে কে যেন টোকা দিে বলল - কি এবার একটু চিনে দাও তো,"𑄎𑄪𑄚𑄚𑄬 𑄃𑄬𑄝𑄢𑄴 𑄦𑄏𑄨 𑄦𑄏𑄨 𑄜𑄧𑄢𑄈𑄪𑄣𑄧 𑄇𑄬𑄃𑄨𑄖𑄴 𑄢𑄨𑄚𑄨 𑄌𑄬𑄣𑄧 𑄃 𑄇𑄧𑄣𑄧 - 𑄃, 𑄇𑄨 𑄃𑄬𑄝𑄢𑄧𑄖𑄴 𑄃𑄬𑄇𑄴𑄇 𑄌𑄨𑄚𑄴𑄛𑄧𑄌𑄴𑄎𑄧 𑄉𑄧𑄢𑄨 𑄘𑄨𑄥𑄴 𑄚।",Past
ফোঁাটা আর ধোঁা ধরলো না,𑄜𑄧𑄢𑄈𑄪𑄣𑄧 𑄚𑄧 𑄟𑄙𑄨 𑄢𑄧𑄣𑄧।,Past
থাসিঙে জুে কি জানি তাা করলো,𑄗𑄥𑄨𑄋𑄬 𑄎𑄪𑄚𑄚𑄧𑄢𑄬 𑄌𑄮𑄊𑄬𑄘𑄨 𑄇𑄨 𑄎𑄬𑄚𑄬 𑄒𑄢𑄴 𑄘𑄨𑄣𑄧।,Past
দুইজনে ফিরাবুককে দেখে দেখে হাঁটছে,𑄘𑄨𑄎𑄧𑄚𑄬 𑄜𑄨𑄢𑄈𑄪𑄣𑄧𑄢𑄬 𑄌𑄬𑄃𑄨 𑄌𑄬𑄃𑄨 𑄦𑄏 𑄙𑄧𑄧𑄎𑄳𑄠𑄧𑄚𑄴।,Present
ফোঁাগুলো বেশি বেশি করে বের হে এলে আমাকে চুপ করে থাকতে হ,𑄜𑄧𑄢𑄈𑄪𑄣𑄧 𑄣𑄎𑄋𑄴 𑄣𑄎𑄋𑄴 𑄟𑄪 𑄉𑄧𑄢𑄨 𑄃𑄨𑄝𑄬 𑄦𑄧𑄣𑄬 𑄟𑄧𑄢𑄬 𑄟𑄧𑄢𑄬 𑄟𑄨𑄎𑄬 𑄟𑄨𑄎𑄬 𑄃𑄙 𑄝𑄏𑄬 𑄘𑄬 𑄘𑄳𑄠𑄬।,Present
জোনাকির জোনাকির মতো দেখতে এক জাতী পাখি,𑄎𑄪𑄚𑄚𑄬 𑄗𑄥𑄨𑄋𑄧𑄢𑄬 𑄢𑄨𑄚𑄨 𑄌𑄬𑄣𑄧।,Present
সে বলে-কি ভেে একটু ভেঙে বলে না,𑄖𑄬 𑄇𑄧𑄣𑄧 -𑄇𑄨 𑄞𑄬𑄃𑄨 𑄃𑄬𑄇𑄴𑄇 𑄞𑄋𑄨 𑄇𑄧‘ 𑄚।,Present
বুঝতে পারতেছি না,𑄝𑄪𑄏𑄨𑄘𑄧 𑄚𑄧 𑄛𑄢𑄧𑄋𑄧𑄢𑄴।,Present
.তরকারির কল-ও ভালো না,𑄗𑄥𑄨𑄋𑄬 𑄇𑄧𑄣𑄧 - 𑄃𑄢𑄬 𑄚𑄧 𑄇𑄮𑄌𑄴 𑄚 𑄞𑄬𑄃𑄨।,Present
উসিঙে দো হলো আমাকে লাক্ষা দেওা,𑄃𑄪𑄥𑄨𑄋𑄬 𑄘𑄨𑄝𑄢𑄴 𑄦𑄧𑄣𑄧 𑄟𑄧𑄢𑄬 𑄣𑄇𑄴 𑄛𑄖𑄳𑄠𑄬।,Present
. সুযোগ পেলে আবোল তাবোল কথা বলে,𑄣𑄇𑄴 𑄛𑄬𑄣𑄬 𑄜𑄧𑄢𑄈𑄪𑄣𑄧 𑄇𑄧𑄘/𑄙 𑄛𑄪𑄏𑄢𑄴 𑄉𑄧𑄢𑄬।,Present
এক সাথে বিে হেছে,𑄃𑄬𑄇𑄴 𑄥𑄧𑄟𑄢𑄬 𑄝𑄬𑄣𑄬 𑄇𑄪𑄘𑄪 𑄡𑄨𑄠𑄮𑄚𑄴।,Present
জোনাকিরা জোনাকির আলো পোহা,𑄎𑄪𑄚𑄚𑄬 𑄛𑄪𑄏𑄢𑄴 𑄉𑄧𑄢𑄴𑄣𑄧 - 𑄇𑄧𑄚𑄴 𑄃𑄪𑄥𑄨𑄋𑄴।,Present
ইডেনে এবার ভর্তি হেছে -তাসিঙে যোগ দিল,𑄃𑄨𑄓𑄬𑄚𑄧𑄖𑄴 𑄃𑄬𑄝𑄢𑄧𑄖𑄴 𑄞𑄧𑄖𑄴𑄖𑄨 𑄦𑄪𑄠𑄬𑄘𑄬 - 𑄗𑄥𑄨𑄋𑄬 𑄎𑄮𑄝𑄴 𑄘𑄨𑄣𑄧।,Past
জোনাকির জোনাকির আলো আঁধারি দেখল,𑄎𑄪𑄚𑄚𑄬 𑄜𑄧𑄢𑄈𑄪𑄣𑄧 𑄢𑄬 𑄢𑄨𑄚𑄨 𑄌𑄬𑄣𑄧।,Past
মেেকে দেখার মতো করে কথা বললে তো গিেটা ভালোভাবে বেঁচে থাকে,𑄎𑄬𑄢𑄬 𑄗𑄥𑄨𑄋𑄧𑄢𑄬 𑄢𑄨𑄚𑄨 𑄌𑄬𑄃𑄨 𑄇𑄧𑄣𑄧 -𑄥𑄣𑄬 𑄘𑄧 𑄉𑄨𑄢𑄬𑄝𑄮 𑄉𑄧𑄟𑄬 𑄝𑄎𑄨 𑄡𑄨𑄠𑄳𑄠𑄬।,Present
থাসিঙে কল-ফরাকল বলতে পারা,𑄗𑄥𑄨𑄋𑄬 𑄇𑄧𑄣𑄧 - 𑄜𑄧𑄢𑄈𑄪𑄣𑄧 𑄇𑄮𑄃𑄨 𑄛𑄢𑄨𑄝𑄧𑄘𑄬।,Present
আমি কিভাবে যাবো তাদের দুই মনের কথা,𑄟𑄪𑄃𑄨 𑄇𑄬𑄚𑄬 𑄎𑄚𑄴𑄘𑄪𑄋𑄴 𑄖𑄢 𑄘𑄨𑄎𑄧𑄢𑄴 𑄟𑄧𑄚𑄧 𑄇𑄴𑄘/𑄙।,Future
. ফরাকটা জঙ্গলকে দেখে পানি খা,𑄜𑄧𑄢𑄈𑄪𑄣𑄧 𑄎𑄪𑄚𑄚𑄧𑄢𑄬 𑄌𑄬𑄃𑄨 𑄇𑄧𑄣𑄧 - 𑄃𑄪𑄥𑄨𑄋𑄴𑄉𑄮𑄃𑄨 𑄓𑄪𑄝𑄨 𑄓𑄪𑄝𑄨 𑄛𑄚𑄨 𑄈𑄖𑄴𑄖𑄬।,Present
আমাকে বেঁধে দো,𑄃 𑄟𑄧𑄢𑄬 𑄝𑄏𑄬𑄃𑄨 𑄘𑄳𑄠𑄬।,Present
"১. দৃষ্টি, দৃষ্টি ২. দৃষ্টি",𑄘𑄬𑄇𑄴𑄈𑄮𑄌𑄴।,Present
থালাটি ঝগা করতেছে,𑄗𑄥𑄨𑄋𑄧𑄢𑄬 𑄎𑄪𑄚𑄚𑄬 𑄢𑄨𑄚𑄨 𑄌𑄬𑄣𑄧।,Present
থাসিে হাত ধোা,𑄗𑄥𑄨𑄋𑄬 𑄦𑄏 𑄙𑄧𑄎𑄳𑄠।,Present
জোনাকির কল-কি কল,𑄎𑄪𑄚𑄚𑄬 𑄇𑄧𑄣𑄧 - 𑄇𑄨 𑄗𑄥𑄨𑄋𑄴।,Present
আমি তো বুঝতেছি না,𑄟𑄪𑄃𑄨 𑄘𑄧 𑄇𑄨 𑄚𑄧 𑄝𑄪𑄏𑄧𑄋𑄧𑄢𑄴।,Present
থাসিঙে এবার কোথা ধরলো - জানিনা,𑄗𑄥𑄨𑄋𑄬 𑄃𑄬𑄝𑄢𑄧𑄖𑄴 𑄇𑄪𑄃𑄧 𑄙𑄧𑄢𑄴𑄣𑄧 - 𑄃𑄢𑄬 𑄚𑄧 𑄇𑄮𑄌𑄴 𑄞𑄬𑄃𑄨।,Past
উপরে উঠলে শুধু আবোল তাবোল কথা বলে,𑄃𑄪𑄥𑄨𑄋𑄬 𑄣𑄇𑄴 𑄛𑄬𑄣𑄬 𑄝𑄚 𑄜𑄧𑄢𑄈𑄪𑄣𑄧 𑄇𑄧𑄘//𑄙 𑄛𑄪𑄏𑄢𑄴 𑄉𑄧𑄢𑄬𑄘𑄬।,Present
একনাগাে হেছে,𑄃𑄬𑄇𑄴𑄝𑄢𑄴 𑄦𑄧𑄣𑄧𑄖𑄴𑄠𑄮 𑄃𑄬𑄥𑄳𑄠𑄬।,Present
জোনাকির আলো আঁধারি করতেছে -সে কি বলে?,𑄎𑄪𑄚𑄚𑄬 𑄛𑄪𑄏𑄢𑄴 𑄉𑄧𑄢𑄬𑄢𑄴 - 𑄖𑄬 𑄖𑄪𑄃𑄨 𑄇𑄨 𑄇𑄧𑄣𑄬?,Present
সে বই পাতা তো কেউ নেই,𑄃𑄢𑄬 𑄥𑄬 𑄝𑄧𑄃𑄨 𑄛𑄉𑄣 𑄘𑄧 𑄃𑄨𑄇𑄴𑄇𑄪 𑄚𑄬𑄃𑄨।,Present
পাহাের উপরে এক প্রকার পিঁপা,𑄟𑄪𑄃𑄨 𑄃𑄪𑄥𑄨𑄋𑄧𑄢𑄬 𑄇𑄮𑄃𑄨 𑄛𑄨𑄠𑄮𑄋𑄴।,Present
. নেই বলে সে বিকালে বই খুজতে আসে-এইটা সে তাাতাি তাকে দেখে দিল,𑄚𑄬𑄃𑄨 𑄟𑄚𑄬 𑄖𑄬 𑄥𑄬 𑄃𑄧𑄧𑄇𑄴𑄖𑄧𑄖𑄴 𑄚𑄨𑄣𑄴𑄈𑄬𑄘𑄧𑄖𑄴 𑄝𑄧𑄧𑄃𑄨 𑄖𑄧𑄉𑄢𑄴 𑄃𑄬 𑄇𑄧𑄘/𑄙𑄠𑄚𑄴 𑄃𑄪𑄥𑄨𑄋𑄧𑄢𑄬 𑄎𑄚𑄬 𑄘𑄮𑄋𑄴𑄉𑄬 𑄃𑄠𑄴 - 𑄃𑄨𑄠𑄚𑄴 𑄗𑄥𑄨𑄋𑄬 𑄎𑄪𑄚𑄚𑄧𑄢𑄬 𑄢𑄨𑄚𑄨 𑄌𑄬𑄃𑄨 𑄝𑄪𑄏𑄬 𑄘𑄨𑄣𑄧।,Past
জোনাকির মতো চামা দিে দৌাদৌি করে,𑄎𑄪𑄚𑄚𑄴𑄘𑄮𑄃𑄨 𑄗𑄥𑄨𑄋𑄬 𑄌 𑄌𑄨 𑄉𑄧𑄢𑄨 𑄦𑄏𑄦𑄏𑄨 𑄉𑄧𑄢𑄴 𑄣𑄇𑄴।,Present
. ফালটাকে একটু রাগ তুলে দিল,𑄜𑄧𑄢𑄈𑄪𑄣𑄧 𑄢𑄬 𑄃𑄬𑄇𑄴𑄇 𑄢𑄉𑄴 𑄖𑄪𑄣𑄨 𑄘𑄨𑄣𑄇𑄴।,Past
ফানুসটা একটু বো নিে গেলে,𑄜𑄧𑄢𑄈𑄪𑄣𑄧 𑄛𑄌𑄴𑄌𑄮 𑄝𑄏𑄨 𑄃𑄬𑄇𑄴𑄇 𑄝𑄬𑄢𑄬𑄘𑄧 𑄚𑄨𑄉𑄨𑄣𑄬।,Past
আমরা নীল হাওা যে পুরনো বই ঘাটাঘাটি করি,𑄃𑄟𑄨𑄎 𑄚𑄨𑄣𑄴 𑄈𑄬𑄘𑄧𑄖𑄴 𑄡𑄬𑄃𑄨 𑄛𑄪𑄢𑄮𑄚𑄴 𑄝𑄧𑄃𑄨 𑄣𑄢𑄣𑄢𑄨 𑄉𑄧𑄢𑄬।,Present
এই তাস থেকে এই তাসটা বের হে যাবে,𑄃𑄨𑄚𑄴𑄘𑄨 𑄗𑄥𑄨𑄋𑄧𑄖𑄴𑄖𑄪𑄚𑄴 𑄃𑄪𑄥𑄨𑄋𑄧 𑄇𑄧𑄘/𑄙 𑄥𑄪𑄚𑄨 𑄃𑄪𑄥𑄨𑄋𑄴 𑄉𑄮𑄃𑄨 𑄇𑄧𑄟𑄧𑄣𑄬 𑄣𑄇𑄴 𑄛 𑄛𑄨 𑄦𑄧𑄝𑄧 𑄃𑄬 𑄖𑄨𑄢𑄌𑄴𑄌𑄚𑄴 𑄝𑄢𑄨 𑄡 𑄙𑄧𑄎𑄳𑄠𑄬।,Future
খালি মনের কথা/?,𑄈𑄣𑄨𑄇𑄴 𑄟𑄧𑄚𑄧 𑄇𑄧𑄘/?,Present
দৌাদৌি করিস না,𑄙 𑄞𑄋𑄨 𑄇𑄮𑄃𑄨 𑄚𑄧 𑄝𑄢𑄬𑄢𑄴।,Present
"জোনাকি, থাসিে একটি ফিং নিে হেঁটে যাচ্ছে-কিরিমিরি করে","𑄎𑄪𑄚𑄚𑄴𑄘𑄮𑄃𑄨, 𑄗𑄥𑄨𑄋𑄬 𑄃𑄨𑄇𑄴𑄇𑄪 𑄜𑄧𑄢𑄈𑄪𑄣𑄧𑄃𑄨 𑄃𑄪𑄥𑄨𑄋𑄧𑄢𑄬 𑄚𑄨𑄚𑄬 𑄝𑄨𑄉𑄨𑄘𑄨 - 𑄇𑄨𑄢𑄨𑄟𑄨𑄢𑄨 𑄉𑄧𑄢 𑄙𑄧𑄎𑄳𑄠𑄧𑄚𑄴।",Present
. এনে এনে সমাজগুলো এগুলো তার কানে দিতে দিতে সব জানা হ,𑄃𑄬𑄚𑄬 𑄃𑄬𑄚𑄬 𑄥𑄧𑄟𑄎𑄳𑄠𑄠𑄪𑄚𑄧 𑄃𑄨𑄘𑄪 𑄖 𑄇𑄚𑄧𑄖𑄴𑄖𑄪𑄚𑄴 𑄖 𑄇𑄚𑄧𑄖𑄴 𑄉𑄧𑄖𑄴𑄖𑄬 𑄉𑄧𑄖𑄴𑄖𑄬 𑄝𑄬𑄇𑄴 𑄎𑄚𑄎𑄚𑄨 𑄦𑄧𑄣𑄧।,Present
ফিরাকলের কাপের কুিটাও ফুটলো,𑄜𑄨𑄢𑄈𑄪𑄣𑄧𑄢𑄴 𑄇𑄮𑄌𑄴𑄛𑄚𑄢𑄴 𑄇𑄪𑄢𑄨𑄝𑄮𑄠𑄮 𑄜𑄪𑄘𑄧 𑄙𑄧𑄢𑄴𑄣𑄧।,Past
"১,৯,১০",𑄿.,Present
এক দিন ফাল নীল খেে যে বই পে,𑄃𑄬𑄇𑄴𑄘𑄨𑄚𑄴 𑄜𑄧𑄢𑄈𑄪𑄣𑄧 𑄚𑄨𑄣𑄴 𑄈𑄬𑄘𑄧𑄖𑄴 𑄡𑄬𑄃𑄨 𑄝𑄧𑄃𑄨 𑄖𑄧𑄉𑄢𑄴।,Present
এক বাঙালি মেে তার পাশে এই অবস্থা করলো,𑄃𑄘𑄬𑄇𑄳𑄠𑄬𑄉𑄧𑄢𑄨 𑄃𑄪𑄥𑄨𑄋𑄴 𑄉𑄮𑄃𑄨 𑄃𑄬𑄇𑄴 𑄝𑄋𑄣𑄴 𑄟𑄨𑄣𑄬 𑄖 𑄇𑄪𑄢𑄬 𑄃𑄬𑄃𑄨 𑄟𑄳𑄦𑄧 𑄦𑄧𑄣𑄇𑄴।,Past
. ফোসকা পরা লোক সহজে সহ্য করা যা না,𑄜𑄧𑄢𑄈𑄪𑄣𑄧 𑄛𑄮𑄣𑄳𑄠𑄬 𑄒𑄢𑄴 𑄚𑄧 𑄛𑄠𑄴।,Present
সে বইের পাতা উল্টাচ্ছে,𑄖𑄬 𑄝𑄧𑄃𑄨𑄠𑄮 𑄛𑄘 𑄃𑄪𑄣𑄴𑄣𑄮 𑄙𑄧𑄎𑄳𑄠।,Present
এক জাতী বাঁশ-ফাটা দিে উানো হ,𑄃𑄘𑄬𑄇𑄳𑄠𑄬𑄉𑄧𑄢𑄨 𑄝𑄋𑄬𑄘𑄨 - 𑄜𑄧𑄢𑄈𑄪𑄣𑄧 𑄘 𑄉𑄧𑄢𑄨 𑄃𑄪𑄥𑄨𑄋𑄬 𑄟𑄙𑄬𑄣𑄧।,Present
. ফোঁার শব্দ -বই শুনার শব্দ,𑄜𑄧𑄢𑄈𑄪𑄣𑄧 𑄢𑄧 - 𑄝𑄮 𑄥𑄪𑄚𑄨 𑄌𑄨𑄢𑄨 𑄛𑄎𑄳𑄠𑄬।,Present
.নিচে চাা দো,𑄢𑄨𑄚𑄨 𑄌𑄠𑄴 𑄘𑄬 𑄃𑄪𑄥𑄨𑄋𑄴।,Present
ফোঁার পাত্রটা উপরে তুলো - তুমি,𑄜𑄧𑄢𑄈𑄪𑄣𑄧 𑄟𑄙𑄨 𑄃𑄪𑄙𑄨𑄣𑄧 - 𑄖𑄪𑄃𑄨।,Present
তোমাকে খুঁজতে খুঁজতে তো হেছে,𑄖𑄧𑄢𑄬 𑄖𑄮𑄉𑄬𑄠𑄮𑄋𑄴𑄉𑄮𑄃𑄨 𑄘𑄧 𑄦𑄧𑄣𑄧𑄖𑄴।,Present
খবর পাওা,𑄈𑄧𑄝𑄧𑄢𑄴 𑄛𑄋𑄴।,Present
উস্কুখুস্কুভাবে কথা বলতেছে,𑄃𑄪𑄥𑄨𑄋𑄴𑄉𑄮𑄃𑄨 𑄖𑄬 𑄞𑄣𑄧𑄇𑄴𑄈𑄧𑄚𑄴 𑄇𑄧𑄘/𑄙 𑄇𑄪𑄃𑄧𑄇𑄨 𑄉𑄧𑄢𑄴𑄣𑄇𑄴।,Present
.সে ফোসকা পেছে -কি বই কিনে দে,𑄎𑄬𑄢𑄬 𑄜𑄧𑄢𑄈𑄪𑄣𑄧 𑄃𑄪𑄥𑄨𑄋𑄧𑄢𑄬 𑄛𑄪𑄏𑄢𑄴 𑄉𑄧𑄢𑄴𑄣𑄧 - 𑄇𑄨 𑄝𑄧𑄃𑄨 𑄇𑄨𑄚𑄨 𑄘𑄬।,Present
টাকা তো নেই,𑄖𑄬𑄋 𑄘𑄧 𑄚𑄬𑄃𑄨।,Present
"সে কেন, কেন",𑄖𑄬 𑄇𑄨𑄖𑄳𑄠𑄬।,Present
এখানে পাহাের পাশ দিে আসলাম,𑄃𑄨𑄚𑄴𑄘𑄨 𑄦𑄘𑄨 𑄡𑄬𑄃𑄨𑄢𑄴 𑄖𑄨𑄢𑄬 𑄘𑄬𑄃𑄨𑄚𑄬 𑄃𑄬𑄣𑄪𑄋𑄴𑄉𑄬।,Past
কি নিে যাওা,𑄇𑄨 𑄣𑄧𑄝𑄬 𑄣𑄧𑄚।,Present
পাহা হলে দোল ধরিও না,𑄟𑄪𑄃𑄨 𑄦𑄧𑄣𑄬 𑄘𑄨𑄣𑄪𑄋𑄴 𑄙𑄧𑄢𑄨𑄌𑄴 𑄚।,Present
উসিঙে বই গুলো লািে দেখ,𑄃𑄪𑄥𑄨𑄋𑄬 𑄝𑄧𑄃𑄨𑄠𑄪𑄚𑄴 𑄣𑄢𑄨 𑄌𑄠𑄴।,Present
. পাতা উে গেছে,𑄛𑄘 𑄃𑄪𑄣𑄴𑄣𑄬𑄠𑄴।,Present
আবার হাতে নেওা,𑄃𑄢𑄧 𑄦𑄘𑄧𑄖𑄴 𑄣𑄧𑄠𑄴 ।,Present
. এনে এনে অনেক দিন গেল,𑄃𑄬𑄚𑄬 𑄃𑄬𑄚𑄬 𑄞𑄣𑄧𑄇𑄴𑄈𑄧𑄚𑄴 𑄉𑄬𑄣𑄧।,Past
"উসিঙে সমাজটা তুমি দেরি করবে,আমি যেতে পারবো না বলে এই সমাজটা চলে গেল","𑄃𑄪𑄥𑄨𑄋𑄧 𑄥𑄧𑄟𑄎𑄳𑄠𑄝𑄮 𑄖𑄪𑄃𑄨 𑄘𑄬𑄢𑄨 𑄦𑄧𑄝𑄬 𑄛𑄋𑄧𑄢𑄴, 𑄟𑄪𑄃𑄨 𑄡𑄋𑄧𑄢𑄴 𑄇𑄮𑄃𑄨𑄚𑄬 𑄃𑄨𑄠𑄪𑄚𑄨𑄞𑄢𑄴𑄥𑄨𑄑𑄨 𑄟𑄧𑄇𑄳𑄠 𑄉𑄬𑄣𑄧𑄉𑄮𑄃𑄨।",Future
তোমার সমাজটা কোনদিকে যা,𑄃 𑄖𑄧 𑄥𑄧𑄟𑄎𑄳𑄠𑄝𑄮 𑄇𑄪𑄘𑄪 𑄡𑄢𑄴।,Present
তাকে বাচানো শুধু বাকি আছে,𑄖𑄢𑄬 𑄝𑄌 𑄌𑄬 𑄃𑄊𑄬 𑄦𑄧𑄝𑄧𑄣𑄴 𑄃𑄃𑄨।,Present
কে,𑄇𑄧𑄚𑄴𑄚।,Present
. কে বুঝবে না,𑄃 𑄇𑄧𑄚𑄴𑄚 𑄚𑄧 𑄝𑄪𑄏𑄧𑄌𑄴।,Future
১.ঠান্ডা খাবে? ২. পিঠা খাবে?,𑄒𑄚𑄴𑄘 𑄈𑄬𑄝𑄬?,Future
আগে বই নেওা,𑄃𑄉𑄬 𑄝𑄧𑄃𑄨 𑄣𑄧𑄋𑄴।,Present
রবীন্দ্রসংগীতের বই একটা নেওা,𑄢𑄧𑄝𑄩𑄚𑄴𑄘𑄳𑄢𑄧𑄚𑄘𑄧𑄢𑄴 𑄝𑄧𑄃𑄨 𑄃𑄨𑄇𑄴𑄇𑄮 𑄣𑄧𑄣𑄧।,Present
. ফরাকউলের টাকাগুলো দিে দিল,𑄜𑄧𑄢𑄈𑄪𑄣𑄧 𑄖𑄬𑄋𑄠𑄪𑄚𑄴 𑄘𑄨 𑄘𑄨𑄣𑄧।,Past
কবিতা বই,𑄇𑄧𑄝𑄨𑄖 𑄝𑄧𑄃𑄨।,Present
. দাম কম বানাওা টাকা,𑄘𑄟𑄴 𑄇𑄧𑄟𑄴 𑄝𑄚 𑄃𑄏𑄨 𑄖𑄬𑄋।,Present
সে তাস খেলা একটি দোলের পাশে বসেছে,𑄎𑄬𑄢𑄬 𑄒𑄚𑄴𑄘 𑄈𑄬𑄝𑄖𑄴𑄖𑄬 𑄃𑄬𑄇𑄴𑄇𑄚𑄴 𑄘𑄧𑄉𑄚𑄧𑄖𑄴 𑄥𑄧𑄟𑄨𑄣𑄇𑄴।,Present
.খাওার সমে দুইজনে মাথা ধুেছে,𑄚𑄥𑄴𑄖 𑄈𑄘𑄬 𑄈𑄘𑄬 𑄘𑄨𑄎𑄧𑄚𑄬 𑄚𑄉𑄧𑄢𑄴 𑄟𑄙 𑄙𑄧𑄎𑄳𑄠𑄧𑄚𑄴।,Present
উসিঙে করা -মা বললে তোমাকে অনেক ভালো লাগে,𑄃𑄪𑄥𑄨𑄋𑄬 𑄇𑄧‘𑄢𑄴 - 𑄟 𑄞𑄨𑄣𑄬 𑄖𑄧𑄢𑄬 𑄃𑄧𑄟𑄧𑄇𑄧𑄘𑄧 𑄉𑄧𑄟𑄴 𑄛𑄨𑄠𑄬।,Present
ফোঁাটা বেশি কথা বলে না - আমরা বো ঘুরতে পারি,𑄜𑄧𑄢𑄈𑄪𑄣𑄧 𑄃𑄧𑄚𑄳𑄠𑄧𑄟𑄧𑄇𑄳𑄠 𑄇𑄧𑄙 𑄊𑄪𑄢𑄬 𑄚𑄨 𑄇𑄧𑄣𑄧 - 𑄃𑄟𑄃𑄨𑄘𑄪 𑄖𑄪𑄟𑄨 𑄝𑄬𑄢𑄬𑄘𑄉𑄮𑄃𑄨 𑄛𑄢𑄨𑄣𑄚𑄴।,Present
.জঙ্গলে পে যাওা যা,𑄏𑄘𑄨 𑄛𑄨𑄌𑄴 𑄎𑄬𑄃𑄨 𑄘𑄧।,Present
উসিঙে ফোঁাটাকে দেখে বলে,𑄃𑄪𑄥𑄨𑄋𑄬 𑄜𑄧𑄢𑄈𑄪𑄣𑄧𑄢𑄬 𑄌𑄬𑄃𑄨 𑄇𑄧𑄠𑄴।,Present
ফোঁাটা আর ধোঁা ধোা থাকে না,𑄜𑄧𑄢𑄈𑄪𑄣𑄧 𑄚𑄧 𑄟𑄙𑄨 𑄗𑄠𑄴 ।,Present
কথা বলতে বলতে সাহস হেছে,𑄇𑄧𑄙 𑄇𑄧𑄙𑄬 𑄇𑄧𑄙𑄬 𑄥𑄌𑄴 𑄊𑄧𑄚𑄬 𑄃𑄬𑄥𑄳𑄠𑄬।,Present
.ফরাক কল -উস্কু উঠা,𑄜𑄧𑄢𑄈𑄪𑄣𑄧 𑄇𑄧𑄣𑄧 - 𑄃𑄪𑄥𑄨𑄋𑄴 𑄃𑄪𑄙𑄨।,Present
"যে উপরে উঠতে পারে, সেই উঁচুতে উঠল",𑄡𑄬𑄃𑄨 𑄇𑄧𑄃𑄨 𑄃𑄪𑄥𑄨𑄋𑄬 𑄃𑄪𑄙𑄨 𑄗𑄨𑄠𑄬𑄣𑄴।,Past
দুইজনে হাত ধরা,𑄘𑄨𑄎𑄧𑄚𑄬 𑄦𑄘 𑄙𑄧𑄢𑄴𑄣𑄇𑄴।,Present
"রিক্সা,গাির হাা","𑄢𑄨𑄇𑄴𑄥, 𑄉𑄢𑄨 𑄦𑄘 𑄙𑄨𑄎𑄳𑄠।",Present
.কলেজের পাশ ঘেষে হেঁটে গেল।,𑄇𑄧𑄣𑄬𑄎𑄧 𑄇𑄪𑄢𑄬 𑄇𑄪𑄢𑄬 𑄜𑄧𑄢𑄈𑄪𑄣𑄧𑄣𑄮𑄃𑄨 𑄃𑄪𑄥𑄨𑄋𑄬 𑄦𑄘𑄨 𑄉𑄬𑄣𑄇𑄴।,Past
.উসি গোা আলাদা হে গেল -গাে এসে তাকে তিন তালা মেরে দো হেছে,𑄃𑄪𑄥𑄨𑄋𑄴 𑄉𑄮𑄃𑄨 𑄜𑄢𑄧𑄇𑄴 𑄦𑄧𑄣𑄇𑄴 𑄦𑄧𑄝𑄢𑄴 𑄃𑄪𑄥𑄨𑄋𑄬 𑄇𑄮𑄃𑄨 𑄉𑄬𑄣𑄧 - 𑄉𑄬𑄃𑄨𑄘𑄮𑄖𑄴 𑄃𑄬𑄃𑄨𑄚𑄬 𑄃𑄠 𑄟𑄧𑄣𑄬𑄝𑄮𑄢𑄬 𑄖𑄨𑄚𑄴 𑄖𑄣𑄖𑄴 𑄟𑄧𑄢𑄬 𑄓𑄉𑄨 𑄘𑄨𑄝𑄢𑄴 𑄇𑄧𑄣𑄬 𑄓𑄉𑄨 𑄘𑄬 𑄥𑄳𑄠𑄬।,Present
. এনে এনে পলিথিন দিে ঢেকে দো হলো,𑄃𑄬𑄚𑄬 𑄃𑄬𑄚𑄬 𑄜𑄧𑄢𑄈𑄪𑄣𑄧 𑄣𑄮𑄃𑄨 𑄃𑄪𑄥𑄨𑄋𑄧𑄢𑄴 𑄟𑄬𑄠𑄳𑄠𑄬 𑄢𑄬𑄉 𑄘𑄬 𑄘𑄨 𑄦𑄧𑄣𑄧।,Past
দুইজনে প্রতিদিন কথা বলতে বলতে ক্লান্ত হ,𑄘𑄨𑄎𑄧𑄚𑄬 𑄝𑄧𑄚𑄴𑄘𑄧 𑄘𑄨𑄚𑄮𑄖𑄴 𑄇𑄧𑄙 𑄇𑄧𑄝𑄢𑄴 𑄘𑄬𑄘𑄢𑄴 𑄎𑄪 𑄃𑄪𑄙𑄬।,Present
দুইজনে কথা বললেও শেষ হ না,𑄘𑄨𑄎𑄧𑄚𑄧𑄢𑄴 𑄃𑄧𑄜𑄪𑄢𑄧𑄚𑄴 𑄘𑄨 𑄟𑄬𑄠𑄳𑄠𑄬 𑄇𑄧𑄙 𑄗𑄪𑄟𑄴 𑄚𑄧 𑄦𑄧𑄠𑄴।,Present
খালি কলসির মুখে একটি চিটিংবাজ নিে তার বািটা মেনে নাও,𑄈𑄣𑄨𑄇𑄴 𑄜𑄧𑄢𑄈𑄪𑄣𑄧𑄢𑄴 𑄃𑄬𑄇𑄴𑄇𑄚𑄴 𑄌𑄨𑄚𑄴𑄘𑄬 𑄎𑄧𑄚𑄨 𑄖 𑄝𑄝𑄬 𑄃𑄪𑄥𑄨𑄋𑄧𑄢𑄬 𑄟𑄚𑄨 𑄚𑄧 𑄣𑄧𑄠𑄴।,Present
.নিচে প্রাণটা যেতে থাকে,𑄚𑄨𑄖𑄳𑄠𑄧 𑄛𑄧𑄢𑄚𑄬 𑄎𑄚𑄴𑄘 𑄘𑄨 𑄗𑄠𑄴।,Present
২. সেকেন্ড ইার শেষ হে এসে লালমাা হেছে,𑄥𑄬𑄇𑄬𑄚𑄴𑄓𑄴 𑄃𑄨𑄠𑄢𑄴 𑄗𑄪𑄟𑄴 𑄦𑄮𑄃𑄨 𑄃𑄃𑄨 𑄜𑄧𑄢𑄈𑄪𑄣𑄧 𑄊𑄧𑄢𑄧𑄖𑄴 𑄃𑄬𑄝𑄖𑄳𑄠𑄬 𑄢𑄋𑄟𑄖𑄳𑄠𑄬 𑄃𑄬𑄣𑄧।,Present
.এখানে তুংপুি খাওা শেষ হবে।,𑄃𑄨𑄚𑄴𑄘𑄨 𑄖𑄪𑄋𑄴𑄛𑄪𑄘𑄨𑄢𑄴 𑄛𑄧𑄢𑄨𑄇𑄴 𑄈𑄬 𑄗𑄪𑄟𑄴।,Future
রেজাল্ট ব আছে,𑄢𑄬𑄎𑄣𑄴𑄑𑄴 𑄝𑄌𑄴𑄌𑄬 𑄃𑄊𑄬।,Present
পাহাের পাশে লুকিে লুকিে থাকা,𑄖𑄪𑄋𑄴𑄛𑄪𑄘𑄨 𑄘𑄊𑄨 𑄊𑄧𑄢𑄧𑄖𑄴 𑄣𑄪𑄋𑄨𑄚𑄬 𑄖𑄪𑄋𑄴 𑄛𑄪𑄘𑄨 𑄈𑄪𑄏𑄨।,Present
.ফিরে তার সাথে স্কুলে যেতে হবে।,𑄜𑄨𑄖𑄴𑄖𑄬 𑄖 𑄣𑄧𑄉𑄬 𑄔𑄉𑄖𑄴 𑄡𑄬𑄝𑄧।,Future
তুংপুটি মাা পাখি,𑄖𑄪𑄋𑄴𑄛𑄪𑄘𑄨 𑄟𑄠𑄮 𑄈𑄪𑄏𑄨।,Present
সকালে ভাত খেে বিকালে সেখানে কথা বলে,𑄢𑄬𑄘𑄮𑄖𑄴 𑄞𑄖𑄴 𑄈𑄬𑄃𑄨 𑄈𑄃𑄨 𑄥𑄨𑄋𑄮𑄝𑄖𑄴 𑄖𑄪𑄋𑄴𑄛𑄪𑄘𑄨𑄣𑄮𑄃𑄨 𑄇𑄧𑄙 𑄇𑄧𑄙𑄧𑄚𑄴।,Present
কথা বলতে বলতে ঠোঁটটা বাঁকা করে উঠল- বুঝেছো?,𑄇𑄧𑄙 𑄇𑄧𑄙𑄬 𑄇𑄧𑄙𑄬 𑄖𑄪𑄋𑄴𑄛𑄪𑄘𑄨 𑄃𑄘𑄬𑄇𑄳𑄠𑄬𑄉𑄧𑄢𑄨 𑄇𑄮𑄃𑄨 𑄃𑄪𑄙𑄨𑄣𑄧 - 𑄝𑄪𑄏𑄨 𑄇𑄬𑄎𑄚𑄴 𑄃𑄊𑄬?,Past
. ফালের আাআি মাটি হে গেল,𑄜𑄧𑄢𑄈𑄪𑄣𑄧𑄢𑄴 𑄃𑄘𑄬𑄇𑄳𑄠𑄬𑄉𑄧𑄢𑄨 𑄟𑄖𑄴 𑄝𑄧𑄚𑄴 𑄦𑄮𑄃𑄨 𑄉𑄬𑄣𑄧।,Past
.মনে হ কী?,𑄗𑄧𑄘𑄖𑄧𑄥𑄳𑄠𑄉𑄧𑄢𑄨 𑄇𑄧𑄣𑄧 - 𑄇𑄨?,Present
"১. বুঝে, বুঝে ২. বুঝে",𑄝𑄪𑄎𑄨।,Present
তুং পুতি কথা গুলো কি শুনা যা কে জানে,𑄖𑄪𑄋𑄴 𑄛𑄪𑄘𑄨 𑄇𑄧𑄙 𑄥𑄪𑄚𑄨 𑄜𑄧𑄢𑄈𑄪𑄣𑄧 𑄇𑄨 𑄎𑄮𑄝𑄴 𑄘𑄨𑄝𑄧 𑄇𑄮𑄃𑄨 𑄚𑄧 𑄝𑄢𑄬𑄢𑄴।,Present
খালি মুখে এই কথাটা কে বললো?,𑄈𑄣𑄨𑄇𑄴 𑄖𑄪𑄋𑄴𑄛𑄪𑄘𑄨 𑄃𑄬 𑄇𑄧𑄙 𑄎𑄚𑄨𑄣𑄧 𑄇𑄬𑄋𑄬𑄢𑄨?,Past
. ফোঁাটে মন খারাপ হেছে,𑄜𑄧𑄢𑄈𑄪𑄣𑄧𑄢𑄴 𑄟𑄧𑄚𑄴 𑄇𑄟𑄢𑄙𑄧𑄏𑄳𑄠।,Present
সে শুধু নাচা করে যাচ্ছে,𑄖𑄬 𑄝𑄚 𑄚𑄧𑄠𑄴 𑄚𑄧𑄠𑄴 𑄉𑄧𑄢𑄨 𑄎𑄮𑄝𑄴 𑄘𑄳𑄠𑄬𑄢𑄴।,Present
তুংপুং করে কথা বলতে বলতে গলা চুলকাচ্ছে,𑄖𑄪𑄋𑄴𑄛𑄪𑄘𑄨 𑄇𑄧𑄙𑄘𑄨 𑄝𑄬𑄢𑄬𑄇𑄧𑄢𑄬 𑄙𑄧𑄎𑄳𑄠।,Present
কবে সে মেেটা রিক্সা করে কোথা যা?,𑄇𑄧‘𑄢𑄴 𑄥𑄣𑄬 𑄥𑄬 𑄟𑄨𑄣𑄬𑄝𑄮𑄣𑄮𑄃𑄨 𑄢𑄨𑄇𑄴𑄥𑄖𑄴 𑄌𑄧𑄢𑄨 𑄇𑄪𑄘𑄪 𑄡𑄧?,Present
ফোঁাটা আমার ভালো লাগে না,𑄜𑄧𑄢𑄈𑄪𑄣𑄧𑄢𑄴 𑄟𑄪 𑄚𑄧 𑄥𑄪𑄘𑄬।,Present
. তারপর সব প্রকাশ হেছে।,𑄎𑄬𑄢𑄬 𑄈𑄧𑄝𑄧𑄢𑄴 𑄛𑄬𑄣𑄧 - 𑄝𑄬𑄇𑄴𑄇𑄚𑄴 𑄃𑄨𑄘𑄪 𑄜𑄧𑄉𑄧𑄘𑄋𑄴 𑄦𑄪𑄠𑄬।,Present
খালিক মানুষের নাম বলে না,𑄈𑄣𑄨𑄇𑄴 𑄟𑄚𑄪𑄌𑄴𑄌𑄮 𑄚𑄋𑄚𑄴 𑄚𑄧 𑄇𑄧𑄠𑄴।,Present
লজ্জাবতী লতাটিও বোতে পারতেছে না,𑄣𑄎𑄬 𑄝𑄋𑄮𑄘𑄨𑄘𑄊𑄨𑄃𑄨𑄘𑄪𑄠𑄮 𑄝𑄬𑄢 𑄡𑄬𑄃𑄨 𑄚𑄧 𑄛𑄢𑄴𑄣𑄧।,Present
বািতে ঘুরতে ঘুরতে শুধু এই ভাজিটা উঠতেছে,𑄊𑄧𑄢𑄧𑄖𑄴 𑄣𑄧𑄚𑄴𑄌𑄧𑄖𑄴 𑄉𑄧𑄢𑄨 𑄃𑄬𑄖𑄴𑄖𑄬 𑄃𑄬𑄖𑄴𑄖𑄬 𑄝𑄚 𑄃𑄬𑄃𑄨 𑄥𑄬𑄃𑄨 𑄞𑄎𑄨 𑄃𑄪𑄙𑄬𑄢𑄴।,Present
মনে হ তার বাবা-মা খবর পা,𑄟𑄧𑄚𑄧𑄖𑄴 𑄓𑄧𑄢𑄴 𑄥𑄧𑄟𑄳𑄠 𑄖 𑄝𑄝𑄬 𑄎𑄧𑄚𑄨 𑄈𑄧𑄝𑄧𑄢𑄴 𑄛𑄠𑄴।,Present
কথা শুনা লাগবে,𑄇𑄧𑄙 𑄥𑄪𑄚𑄨 𑄛𑄬𑄝𑄧।,Future
তুংপুি কথা গুলো মাঝে মাঝে দুষ্টামি করে - অবশ্যই বামহাতি হবে,𑄖𑄪𑄋𑄴𑄛𑄪𑄘𑄨 𑄇𑄧𑄙𑄠𑄚𑄴 𑄝𑄨𑄎𑄬𑄢𑄬𑄃𑄨 𑄌𑄘𑄬 𑄌𑄘𑄬 𑄇𑄨𑄠𑄬𑄌𑄴 𑄉𑄧𑄢𑄬 - 𑄈𑄟𑄇𑄴𑄇𑄠𑄴 𑄝𑄋𑄮𑄘𑄨 𑄎𑄟𑄬 𑄝𑄮 𑄦𑄧𑄝𑄧।,Future
বদল হওার জন্য খাটে নিে যাওা,𑄝𑄧𑄘𑄧𑄣𑄨 𑄦𑄧𑄝𑄢𑄴 𑄣𑄃𑄨 𑄔𑄉𑄖𑄴 𑄚𑄨𑄖𑄳𑄠𑄧 𑄡𑄠𑄴।,Present
.অতিরিক্ত হলে চোখে পা,𑄃𑄳𑄠𑄬𑄚𑄴 𑄃𑄧𑄇𑄴𑄖𑄧𑄖𑄴 𑄦𑄧𑄣𑄬 𑄌𑄮𑄊𑄮𑄖𑄴 𑄛𑄧𑄎𑄳𑄠।,Present
তার শুধু এই কথাটি উঠতেছে-লাম,𑄣𑄧𑄚𑄴𑄌𑄧𑄖𑄴 𑄃𑄬𑄖𑄴𑄖𑄬 𑄃𑄬𑄖𑄴𑄖𑄬 𑄖𑄢𑄴 𑄝𑄚 𑄃𑄬 𑄇𑄧𑄙 𑄥𑄬 𑄇𑄧𑄙 𑄃𑄪𑄙𑄨𑄣𑄧 - 𑄣𑄟𑄨𑄣𑄧।,Present
সাজানো বািতে এই নিল,𑄥𑄎𑄧𑄚𑄳𑄠 𑄊𑄧𑄢𑄧𑄖𑄴 𑄃𑄬𑄃𑄨 𑄣𑄪𑄋𑄨𑄣𑄧𑄉𑄨।,Past
এখানে তার মা কথা বলে না,𑄃𑄨𑄚𑄴𑄘𑄨 𑄖𑄢𑄴 𑄟𑄧𑄚𑄧𑄖𑄴 𑄓𑄧𑄢𑄴 𑄖 𑄝𑄝𑄬 𑄚𑄧 𑄇𑄧𑄣𑄬𑄠𑄮 𑄖𑄟𑄴𑄟 𑄇𑄧𑄝𑄧।,Present
খালি পেটে তার মা শুধু কথা বলতেছে,𑄈𑄣𑄨𑄇𑄴 𑄖𑄟𑄴𑄟 𑄝𑄚 𑄝𑄋𑄮𑄘𑄨𑄘𑄊𑄨 𑄇𑄧𑄙 𑄛𑄪𑄏𑄢𑄴 𑄉𑄧𑄢𑄨 𑄎𑄚𑄨𑄝𑄢𑄴 𑄌𑄬𑄣𑄧।,Present
".১০,১০",𑄷𑄶.,Present
দশ দিন পর লালিমা ফিরল,𑄘𑄧𑄥𑄴𑄘𑄨𑄚𑄴 𑄛𑄧𑄢𑄴 𑄢𑄋𑄟𑄖𑄳𑄠𑄬 𑄜𑄨𑄢𑄨𑄣𑄧।,Past
তুংপুং কথা বলতে বলতে ঠোঁটটা ফেটে যাবে শুনে বেলুনটা ফেটে যাবে,𑄖𑄪𑄋𑄴𑄛𑄪𑄘𑄨𑄢𑄴 𑄇𑄧𑄙 𑄎𑄧𑄢 𑄚𑄧 𑄝𑄧𑄘𑄚𑄠𑄴 𑄎𑄬𑄢𑄬 𑄡𑄬𑄝𑄧 𑄥𑄪𑄚𑄨𑄚𑄬 𑄜𑄧𑄢𑄈𑄪𑄣𑄧 𑄟𑄨𑄚𑄚𑄴 𑄈𑄪𑄏𑄨।,Future
তুং পোকাের ভিতরে ঢুকলে গুোটা আর থাকবে না,𑄖𑄪𑄋𑄴 𑄛𑄪𑄘𑄨 𑄔𑄉𑄖𑄴 𑄃𑄬𑄣𑄬 𑄉𑄪𑄟𑄮𑄢𑄴 𑄃𑄢𑄴 𑄚𑄧 𑄗𑄬𑄝𑄧 𑄃𑄨𑄠𑄚𑄴 𑄃𑄨𑄠𑄚𑄴 𑄃𑄬𑄇𑄴𑄇𑄚𑄴 𑄌𑄨𑄘𑄬 𑄥𑄧𑄟𑄨𑄣𑄧।,Future
কলসিটা একদিন দুপা ফাঁক করে রেছে,𑄇𑄬𑄣𑄥𑄴 𑄘𑄬𑄢𑄨 𑄘𑄨 𑄃𑄬𑄇𑄴𑄘𑄨𑄚𑄴 𑄖𑄪𑄋𑄴𑄛𑄪𑄘𑄨𑄘𑄊𑄨𑄣𑄮𑄃𑄨 𑄢𑄧𑄣𑄧।,Present
একদিন বোইন বনরুটি বাজারে ঘুরতে ঘুরতে বানরটাকে খুঁজে পেল - বানরটা তাকে বোইন করতে বলে,𑄃𑄬𑄇𑄴𑄘𑄨𑄚𑄴 𑄝𑄬𑄚𑄳𑄠𑄬 𑄝𑄧𑄚𑄧𑄢𑄪𑄝𑄮 𑄝𑄎𑄢𑄧𑄖𑄴 𑄝𑄬𑄢𑄘𑄬 𑄝𑄬𑄢𑄘𑄬 𑄝𑄋𑄮𑄘𑄨𑄢𑄬 𑄣𑄇𑄴 𑄛𑄬𑄣𑄧 - 𑄝𑄋𑄮𑄘𑄨 𑄖𑄢𑄬 𑄝𑄬𑄢𑄬𑄝𑄢𑄴 𑄇𑄧𑄣𑄧।,Past
.ফরাখোল মনটি কামারের মতো - আরও কি বলে?,𑄜𑄧𑄢𑄈𑄪𑄣𑄧 𑄟𑄧𑄚𑄚𑄴 𑄚𑄨𑄖𑄳𑄠𑄧 𑄇𑄟𑄢 𑄙𑄧𑄎𑄳𑄠 - 𑄃𑄢𑄧 𑄇𑄨 𑄇𑄧𑄠𑄴 𑄚𑄨 𑄚𑄇𑄨।,Present
বোইন কল- তুংপুং কেলে এক কাপ বোচ্ছে,𑄎𑄬𑄢𑄬 𑄝𑄋𑄮𑄘𑄨 𑄇𑄧𑄣𑄧 - 𑄖𑄪𑄋𑄴𑄛𑄪𑄘𑄨𑄢𑄬 𑄇𑄬𑄣𑄳𑄠𑄬 𑄃𑄬𑄇𑄴 𑄇 𑄝𑄬𑄢𑄬𑄘𑄧𑄉𑄨 𑄇𑄮𑄌𑄴।,Present
দুই ভাই আলাদা হে গেছে সে,𑄘𑄨 𑄞𑄬𑄃𑄨 𑄝𑄮𑄚𑄬 𑄜𑄢𑄧𑄇𑄴 𑄦𑄮𑄃𑄨 𑄡 𑄟𑄬𑄮𑄇𑄳𑄠 𑄖𑄬 𑄃𑄬𑄣𑄇𑄴।,Present
তুংপুটি পাখির খোলসে কি কি আছে তা দেখে নিল,𑄖𑄪𑄋𑄴𑄛𑄪𑄘𑄨 𑄞𑄧𑄖𑄴𑄖𑄨 𑄛𑄧𑄢𑄨𑄇𑄴𑄈𑄬𑄖𑄴 𑄇𑄨 𑄇𑄨 𑄃𑄬𑄎𑄬 𑄥𑄨𑄚𑄨 𑄎𑄚𑄨 𑄣𑄧𑄣𑄧।,Past
ফোঁাটা তাকে সবসম করে যা,𑄜𑄧𑄢𑄈𑄪𑄣𑄧 𑄖𑄢𑄬 𑄃𑄬𑄎𑄚𑄴-𑄥𑄬𑄎𑄚𑄴 𑄉𑄧𑄢𑄨 𑄡 𑄛𑄢𑄬 𑄝𑄪𑄏𑄬𑄣𑄧।,Present
মেেকে কল-বিশ্ববিদ্যালয়ে যাবার ইচ্ছা,𑄎𑄬𑄢𑄬 𑄇𑄧𑄣𑄧 - 𑄃𑄨𑄠𑄪𑄚𑄨𑄞𑄢𑄴𑄥𑄨𑄑𑄨𑄖𑄴 𑄖𑄨𑄉𑄨𑄝𑄢𑄴 𑄌𑄬𑄌𑄴।,Present
.না পারলে অন্য মানুষ হবে,𑄚𑄧 𑄛𑄢𑄴𑄣𑄬 𑄃𑄧𑄚𑄳𑄠𑄧 𑄟𑄮𑄇𑄳𑄠𑄬 𑄦𑄧𑄝𑄬𑄘𑄬 𑄃𑄠𑄴।,Future
.কিা ইডেনে বাসা,𑄇𑄨𑄠 𑄃𑄨𑄓𑄬𑄚𑄧𑄖𑄴 𑄦𑄮𑄟𑄴।,Present
ফোঁাটাকে দেখে ফোঁা বলে,𑄜𑄧𑄢𑄈𑄪𑄣𑄧𑄢𑄬 𑄌𑄬𑄃𑄨 𑄖𑄪𑄋𑄴𑄛𑄪𑄘𑄨 𑄇𑄧𑄠𑄴।,Present
ফোঁা বা ফোঁা থাকে না,𑄜𑄧𑄢𑄈𑄪𑄣𑄧 𑄚𑄧 𑄟𑄙𑄨 𑄗𑄠𑄴।,Present
শুধু কেকটা ভালো কথা আছে তো,𑄝𑄚 𑄇𑄧𑄠𑄴 - 𑄃𑄢𑄧 𑄉𑄧𑄟𑄴 𑄉𑄧𑄟𑄴 𑄇𑄧𑄣𑄬𑄌𑄴 𑄃𑄊𑄬 𑄘𑄧।,Present
মুত্রথলিতে মাংসপিন্ড,𑄟𑄪𑄃𑄨 𑄃𑄨𑄓𑄬𑄚𑄧𑄖𑄴 𑄦𑄮𑄟𑄴𑄝𑄬।,Present
.কেকদিন না খেে আবার ব করে,𑄇𑄇𑄴𑄈𑄧𑄚𑄴 𑄚𑄧 𑄟𑄙𑄨 𑄗𑄬𑄚𑄬 𑄃𑄢𑄧 𑄇𑄧𑄠𑄴 - 𑄝𑄪𑄌𑄴𑄌𑄮𑄋𑄴।,Present
"বুো, বৃদ্ধ",𑄝𑄪𑄌𑄴𑄌𑄮𑄋𑄴।,Present
কি বুঝছো?,𑄇𑄨 𑄝𑄪𑄌𑄴𑄌𑄮𑄌𑄴?,Present
এইবারে কেকটা পেেছে - সে নিে যাচ্ছে ইডেন,𑄃𑄬𑄝𑄢𑄧𑄖𑄴 𑄇𑄮𑄃𑄨 𑄛𑄬𑄣𑄧 - 𑄃𑄪𑄃𑄨 𑄥𑄨𑄝𑄬 𑄚𑄨𑄌𑄴𑄌𑄧 𑄃𑄨𑄓𑄬𑄚𑄧𑄖𑄴।,Present
কোন সে,𑄇𑄧𑄚𑄴 𑄥𑄨𑄝𑄬।,Present
এক জাতী বুনো ফল,𑄟𑄧𑄉𑄮𑄚𑄨।,Present
দুটি তেন্নে এগুলো নিে তুংপুে বের হেছে,𑄘𑄨 𑄖𑄨𑄚𑄴𑄘𑄨𑄚𑄴 𑄃𑄨𑄠𑄚𑄨 𑄚𑄨𑄚𑄬 𑄖𑄪𑄋𑄴𑄛𑄪𑄘𑄨𑄣𑄮𑄃𑄨 𑄜𑄧𑄢𑄈𑄪𑄣𑄧𑄢𑄴 𑄥𑄧𑄣𑄥𑄧𑄣𑄨।,Present
ফোঁাগুলো মনে পে কি না বিপদ,𑄜𑄧𑄢𑄈𑄪𑄣𑄧 𑄟𑄧𑄚𑄬 𑄟𑄧𑄚𑄬 𑄞𑄝 𑄙𑄧𑄎𑄳𑄠 𑄇𑄨 𑄚 𑄘𑄧𑄏।,Present
স্কুলে ভ পেলে বিপদটা আরও বেড়ে যা,𑄔𑄉𑄖𑄴 𑄞𑄧𑄖𑄴𑄖𑄨 𑄦𑄧𑄣𑄬 𑄘𑄧𑄏𑄠𑄚𑄴 𑄃𑄢𑄧 𑄝𑄢𑄧𑄝𑄧 𑄃𑄨𑄠𑄚𑄴 𑄃𑄨𑄇𑄴𑄇𑄪 𑄖𑄢𑄴 𑄎𑄚𑄴𑄘 𑄘𑄳𑄠𑄬।,Present
হাতের তালু দিে কথা বলতে হবে,𑄖𑄪𑄋𑄴𑄛𑄪𑄘𑄨𑄣𑄮𑄃𑄨 𑄦𑄪𑄌𑄴𑄉𑄧𑄢𑄨 𑄇𑄧𑄙 𑄇𑄪𑄃𑄨 𑄛𑄧𑄢𑄨𑄝𑄧 𑄃𑄨𑄠𑄚𑄴 𑄟𑄳𑄦𑄧𑄣𑄴 𑄉𑄧𑄢𑄴𑄣𑄧।,Future
এক জাতী পাখি,𑄦𑄧𑄣𑄧𑄖𑄴 𑄜𑄨𑄢𑄴𑄣𑄧।,Present
ক্লাস ফাকিঁ দেওা হ,𑄇𑄬𑄣𑄌𑄴𑄠𑄮 𑄃𑄨𑄇𑄴𑄇𑄮 𑄘𑄨𑄝𑄬 𑄦𑄧𑄚𑄴।,Present
উসিঙ্গোর মতো হনা তো,𑄃𑄪𑄥𑄨𑄋𑄴𑄉𑄮𑄃𑄨 𑄣𑄇𑄴 𑄛 𑄛𑄨 𑄚𑄧 𑄦𑄧𑄘𑄧𑄚𑄴 𑄘𑄬 𑄘𑄬𑄢𑄨 𑄦𑄧𑄢𑄴।,Present
পরীক্ষা উত্তীর্ণ হওার পর খবর পেছে,𑄛𑄧𑄢𑄨𑄇𑄴 𑄈𑄬 𑄌𑄧𑄣𑄬𑄢𑄴 𑄞𑄨𑄣𑄨 𑄈𑄧𑄝𑄧𑄢𑄴 𑄛𑄨𑄠𑄬।,Present
অনেক দিন হলো পরীক্ষা শেষ হবে মনে হ,𑄞𑄣𑄧𑄇𑄴 𑄘𑄨𑄚𑄴 𑄦𑄧𑄣𑄧 𑄛𑄧𑄢𑄨𑄇𑄴𑄈𑄬 𑄗𑄪𑄟𑄴 𑄦𑄧𑄝𑄧 𑄝𑄨𑄣𑄨 𑄞𑄝𑄬𑄢𑄴।,Future
সূর্য ডোবার সম,𑄝𑄬𑄣𑄳𑄠𑄬 𑄟𑄙𑄚𑄴।,Present
"অনেক সমে মেেগুলো বের হে চাা চাা করে, গর্ব করে","𑄃𑄳𑄠𑄬𑄚𑄴 𑄃𑄧𑄇𑄴𑄖𑄧𑄖𑄴 𑄟𑄨𑄣𑄬𑄠𑄪𑄚𑄴 𑄚𑄨𑄉𑄨𑄣𑄨 𑄝𑄢𑄬 𑄌 𑄖 𑄈𑄚𑄴, 𑄉𑄧𑄛𑄴 𑄟𑄢𑄧𑄚𑄴।",Present
ইডেন কলেজ মেে ধীরে ধীরে হেঁটে যা,𑄃𑄨𑄓𑄬𑄚𑄴 𑄇𑄧𑄣𑄬𑄎𑄧 𑄟𑄮𑄇𑄳𑄠𑄬 𑄣𑄢𑄬 𑄣𑄢𑄬 𑄦𑄘𑄨 𑄡𑄢𑄴।,Present
.কাছে লুকিে দৌাদৌি করে চা,𑄇𑄃𑄨 𑄇𑄪𑄢𑄬 𑄣𑄪𑄋𑄨𑄚𑄬 𑄘𑄧𑄉𑄚𑄴 𑄠𑄚𑄨𑄖𑄴 𑄢𑄨𑄚𑄨 𑄌𑄢𑄴।,Present
"না দেখে, না দেখে",𑄚𑄧 𑄘𑄬𑄊𑄬।,Present
ভালোভাবে চিনে না এমন,𑄉𑄧𑄟𑄬 𑄚𑄧 𑄌𑄨𑄚𑄬।,Present
এক জাতী মেে কথা বলতে পারে,𑄈𑄣𑄨𑄇𑄴 𑄢𑄋𑄟𑄖𑄳𑄠𑄬 𑄟𑄨𑄣𑄬𑄘𑄬 𑄇𑄮𑄃𑄨 𑄛𑄢𑄬।,Present
তাকে জিজ্ঞাসা করলো-উসিঙে কে আছে নাকি?,𑄖𑄢𑄬 𑄛𑄪𑄏𑄢𑄴 𑄉𑄧𑄢𑄴𑄣𑄧 - 𑄃𑄪𑄥𑄨𑄋𑄬 𑄇𑄃𑄨 𑄇𑄪𑄢𑄬 𑄃𑄊𑄬 𑄚 𑄇𑄨?,Past
ভে কথা দাও,𑄞𑄨𑄘𑄨𑄢𑄬 𑄇𑄧𑄙 𑄇𑄧𑄙𑄧𑄚𑄴 𑄘𑄬।,Present
সে আবোল তাবোল বলতেছে,𑄥𑄨𑄝𑄬 𑄜𑄧𑄢𑄈𑄪𑄣𑄧𑄢𑄬 𑄎𑄚𑄬𑄣𑄧।,Present
তাকে কুজো করল - তাকে একটু বাইরে দাও তো,𑄥𑄨𑄝𑄬𑄢𑄬 𑄇𑄪𑄎𑄧𑄣𑄨 𑄉𑄧𑄢𑄴𑄣𑄧 - 𑄖𑄢𑄬 𑄃𑄬𑄇𑄴𑄇 𑄝𑄢𑄬 𑄃𑄬𑄝𑄢𑄴𑄇𑄮𑄃𑄨 𑄘𑄨𑄥𑄴 𑄚।,Past
মেেটি ব ছেলে পার্কের মধ্যে লুকোচুরি খেলছে,𑄟𑄨𑄣𑄬 𑄝𑄮 𑄉𑄬𑄘𑄮 𑄞𑄨𑄘𑄨𑄢𑄬 𑄥𑄧𑄟𑄨𑄣𑄧𑄉𑄧𑄃𑄨।,Present
. ফালকে বাতাস দেখিে আছে,𑄜𑄧𑄢𑄈𑄪𑄣𑄧𑄢𑄬 𑄝𑄌𑄴 𑄌𑄬𑄃𑄨 𑄃𑄊𑄬।,Present
এক জাতী বুনো ফল যা গাছের আগা ধরে,𑄇𑄇𑄴𑄈𑄧𑄚𑄴 𑄎𑄬𑄢𑄬 𑄃𑄪𑄥𑄨𑄋𑄧𑄢𑄬 𑄉𑄬𑄘𑄮 𑄟𑄪𑄎𑄪𑄋𑄬 𑄞𑄨𑄣𑄴𑄞𑄨𑄣𑄬𑄖𑄳𑄠𑄬 𑄘𑄬𑄊𑄬।,Present
ফোঁা বা ফোঁা,𑄜𑄧𑄢𑄈𑄪𑄣𑄧 - 𑄃𑄪𑄥𑄨𑄋𑄴 ।,Present
.উস্কুখুস্কু করলে তারপর তার মেেটা আসলো,𑄃𑄪𑄥𑄨𑄋𑄴 𑄉𑄧𑄢𑄨 𑄓𑄉𑄨𑄣𑄬 𑄃𑄪𑄥𑄨𑄋𑄬 𑄖 𑄟𑄬𑄇𑄳𑄠𑄬 𑄃𑄬𑄣𑄧।,Past
দুইজনে একসাথে হাত ধরে আছে,𑄘𑄨𑄎𑄧𑄚𑄬 𑄃𑄎𑄨𑄥𑄴 𑄛𑄪𑄢𑄧 𑄟𑄮𑄇𑄳𑄠𑄬 𑄦𑄘 𑄙𑄧𑄢𑄴 𑄣𑄇𑄴।,Present
ফরাকল কল -তোমার কি বিপদ ঘটিেছে,𑄜𑄧𑄢𑄈𑄪𑄣𑄧 𑄇𑄧𑄣𑄧 - 𑄖𑄧𑄢𑄴 𑄇𑄨 𑄛𑄧𑄢𑄨𑄇𑄴𑄈𑄬 𑄥𑄨𑄢𑄴 𑄡𑄨𑄠𑄬।,Present
উসিঙে কল আরেকটা আছে,𑄃𑄪𑄥𑄨𑄋𑄬 𑄇𑄧𑄣𑄧- 𑄃𑄢𑄧 𑄃𑄨𑄇𑄴𑄇𑄮 𑄃𑄊𑄬।,Present
এক সাপে,𑄃𑄬𑄇𑄴 𑄥𑄛𑄴𑄖 𑄎𑄬𑄢𑄬।,Present
.এই বলে ফোঁা আর কল - এই বািতে যাবে না,𑄃𑄧 𑄇𑄧𑄃𑄨𑄚𑄬 𑄜𑄧𑄢𑄈𑄪𑄣𑄧 𑄃𑄢𑄧 𑄇𑄧𑄣𑄧 - 𑄃 𑄊𑄧𑄢𑄧𑄖𑄴 𑄚𑄧 𑄡𑄬𑄝𑄬।,Future
.উপরের মতো কথা না বলে মা আসতেছে,𑄃𑄪𑄥𑄨𑄋𑄬 𑄃𑄪𑄎𑄪 𑄇𑄧𑄙𑄠𑄚𑄴 𑄎𑄮𑄝𑄴 𑄚𑄧 𑄘𑄨𑄚𑄬 𑄇𑄧𑄣𑄧 - 𑄟 𑄃𑄬𑄥𑄳𑄠𑄬 𑄘𑄧।,Present
তোরে পার শখ আছে,𑄖𑄧𑄢𑄬 𑄛𑄪𑄏𑄢𑄴 𑄉𑄧𑄎𑄳𑄠𑄬।,Present
.ফরাকটা মাটি উে গেল,𑄜𑄧𑄢𑄈𑄪𑄣𑄧 𑄟𑄙𑄨 𑄃𑄪𑄙𑄨𑄣𑄧 - 𑄃𑄧।,Past
জ্যাকেটের খবর নিে আসো,𑄎𑄟𑄬𑄘𑄊𑄨𑄢𑄴 𑄈𑄧𑄝𑄧𑄢𑄴 𑄣𑄧𑄚𑄴 𑄢𑄘 𑄃𑄠।,Present
উসিঙে জুতা পরা ছেলেটাকে গালে মারার চেেছে,𑄃𑄪𑄥𑄨𑄋𑄬 𑄎𑄪𑄌𑄴𑄉𑄧𑄢𑄨 𑄜𑄧𑄢𑄈𑄪𑄣𑄧𑄢𑄬 𑄉𑄣𑄧𑄖𑄴 𑄝𑄎𑄬 𑄟𑄢𑄨𑄝𑄢𑄴 𑄌𑄬𑄣𑄧।,Present
পিসে- ফুফা আর সেলাই করলো না,𑄛𑄨𑄎𑄬𑄘𑄨 𑄢𑄨𑄚𑄨 𑄌𑄬𑄃𑄨𑄚𑄬 𑄚𑄧 𑄟𑄢𑄴𑄣𑄧 𑄃𑄢𑄴।,Past
.কাপের শিরা দিে দুইজন মহিলা হেঁটে যাচ্ছে।,𑄜𑄧𑄢𑄈𑄪𑄣𑄧 𑄛𑄨𑄎𑄬𑄘𑄨 𑄢𑄨𑄚𑄨 𑄌𑄠𑄴 𑄘𑄬 𑄘𑄨𑄎𑄧𑄚𑄴 𑄟𑄨𑄣𑄬 𑄦𑄘𑄨 𑄃𑄬𑄖𑄴 𑄖𑄧𑄚𑄴।,Present
কথা গুলো ভালোভাবে বুঝে যাওা যা -বানবান হওা,𑄇𑄧𑄙𑄠𑄚𑄨 𑄣𑄮𑄃𑄨 𑄝𑄪𑄏𑄧 𑄡𑄢𑄴 - 𑄝𑄚𑄴𑄘𑄧𑄢𑄴𑄝𑄚𑄧𑄢𑄴 𑄦𑄧𑄝𑄇𑄴।,Present
উস্কুখুস্কুভাবে হাঁটা,𑄃𑄪𑄥𑄨𑄋𑄧𑄢𑄬 𑄌𑄬𑄃𑄨 𑄌𑄬𑄃𑄨 𑄦𑄏𑄧𑄘𑄧𑄚𑄴।,Present
উপরে একটু উঁচু হলো,𑄃𑄪𑄥𑄨𑄋𑄬 𑄃𑄬𑄇𑄴𑄇 𑄟𑄳𑄦𑄧 𑄦𑄧𑄣𑄧।,Past
ফোঁার শব্দ করে উঠার সম কি জানি,𑄜𑄧𑄢𑄈𑄪𑄣𑄧 𑄇𑄬𑄃𑄨𑄖𑄴 𑄢𑄨𑄚𑄨 𑄌𑄬𑄃𑄨 𑄃𑄪𑄥𑄨𑄋𑄧𑄢𑄬 𑄇𑄨 𑄎𑄬𑄚𑄬 𑄇𑄧𑄚𑄴।,Present
.অচেতন কথা গুলো বোঝে না,𑄜𑄧𑄢𑄈𑄪𑄣𑄧 𑄇𑄧𑄙𑄚𑄨 𑄚𑄧 𑄝𑄪𑄏𑄬𑄢𑄴।,Present
শুধু একটা সাপ-ল্যাম্প করে কি জানি,𑄝𑄚 𑄃𑄬𑄇𑄴𑄇𑄮 𑄥𑄧𑄝𑄴𑄘𑄧 - 𑄇𑄳𑄢𑄧𑄖𑄬 𑄇𑄧𑄢𑄨 𑄇𑄨 𑄎𑄬𑄚𑄬 𑄇𑄧𑄚𑄴।,Present
. ফোঁার শব্দ করে শামুকটা কি হতে পারে।,𑄜𑄧𑄢𑄈𑄪𑄣𑄧 𑄇𑄨𑄠𑄬𑄌𑄴 𑄉𑄧𑄢𑄴𑄣𑄧 𑄥𑄧𑄝𑄴𑄘𑄧𑄝𑄮𑄢𑄴 𑄃𑄧𑄖𑄴𑄗𑄧 𑄇𑄨 𑄦𑄮𑄃𑄨 𑄛𑄢𑄬।,Present
উস্কুখুস্কু করে -কি বলে,𑄃𑄪𑄥𑄨𑄋𑄧𑄢𑄬 𑄛𑄪𑄏𑄢𑄴 𑄉𑄧𑄢𑄬 - 𑄇𑄨 𑄇𑄧𑄚𑄴𑄘𑄬।,Present
উপরে শুধু হ,𑄃𑄪𑄥𑄨𑄋𑄬 𑄝𑄚 𑄦𑄏𑄬।,Present
দুইজনে কথা বলে না আর,𑄘𑄨𑄎𑄧𑄚𑄬 𑄚𑄧 𑄃𑄇𑄴 𑄇𑄮𑄃𑄨𑄣𑄇𑄴 𑄃𑄢𑄴।,Present
ফিরে যাওা,𑄜𑄨𑄢𑄨 𑄃𑄬𑄖𑄴𑄖𑄧𑄚𑄴।,Present
এত এত করে পরিষ্কার করা,𑄃𑄬𑄖𑄴𑄖𑄬 𑄃𑄬𑄖𑄴𑄖𑄬 𑄛𑄪𑄢𑄴 𑄒𑄨𑄇𑄴 𑄉𑄧𑄢𑄴𑄣𑄇𑄴।,Present
দুজন মেে তাদেরকে রেখে দূরে হেঁটে যা,𑄘𑄨𑄎𑄧𑄚𑄴 𑄟𑄨𑄣𑄬𑄃𑄨 𑄖𑄢𑄢𑄬 𑄜𑄬𑄣𑄬𑄃𑄨 𑄘𑄪𑄢𑄮𑄖𑄴 𑄦𑄘𑄨 𑄡 𑄙𑄧𑄢𑄴𑄣𑄇𑄴।,Present
উপরে লম্বা বন্ধ না হলে বািতে যা না,𑄃𑄪𑄥𑄨𑄋𑄬 𑄣𑄟𑄴𑄝 𑄝𑄧𑄚𑄴𑄘𑄧 𑄚𑄧 𑄦𑄧𑄣𑄬 𑄊𑄧𑄢𑄧𑄖𑄴 𑄚𑄧 𑄡𑄠𑄴।,Present
দুই একদিন বন্ধ থাকলে ফাঁক ফাঁক করে বো বো ঘুরে যা,𑄘𑄨 𑄃𑄬𑄇𑄴𑄘𑄨𑄚𑄴 𑄝𑄧𑄚𑄴𑄘𑄧 𑄗𑄬𑄣𑄬 𑄜𑄧𑄢𑄈𑄪𑄣𑄧𑄣𑄮𑄃𑄨 𑄝𑄬𑄚𑄳𑄠𑄬 𑄘𑄪𑄢𑄮𑄖𑄴 𑄝𑄬𑄢 𑄡𑄚𑄴।,Present
ফোঁা দিে এক পা নদী দেখা গেল,𑄜𑄧𑄢𑄈𑄪𑄣𑄧𑄣𑄮𑄃𑄨 𑄃𑄬𑄇𑄴𑄝𑄢𑄴 𑄛𑄧𑄘𑄴𑄙 𑄉𑄋𑄴 𑄌 𑄉𑄬𑄣𑄇𑄴।,Past
বোইন গাছের তলা দিে হেঁটে যেতে যেতে দুই জনের কথা জেনে শেষ হ না,𑄝𑄬𑄚𑄳𑄠𑄬 𑄏𑄘𑄨 𑄉𑄝𑄴 𑄖𑄧𑄣𑄨𑄖𑄴𑄖𑄪𑄚𑄴 𑄣𑄧𑄢𑄴 𑄘𑄨 𑄝𑄥𑄧𑄖𑄴 𑄉𑄧𑄢𑄨 𑄡𑄘𑄬 𑄡𑄘𑄬 𑄘𑄨 𑄎𑄧𑄚𑄧𑄢𑄴 𑄇𑄧𑄙 𑄎𑄬𑄚𑄬 𑄚𑄧 𑄜𑄪𑄢𑄮𑄠𑄴।,Present
স্যাঁত স্যাতেঁ কোনো দিন আসে না,𑄥𑄞𑄢𑄧 𑄃𑄬𑄝𑄣𑄬𑄘𑄨 𑄃𑄪𑄥𑄨𑄋𑄬 𑄇𑄧𑄚𑄧 𑄘𑄨𑄚𑄴 𑄚𑄧 𑄃𑄬𑄎𑄬।,Present
চোরটা দিে চাচা করে,𑄌𑄬𑄢𑄮𑄛𑄣 𑄢𑄨𑄚𑄨 𑄌𑄠𑄴 𑄃𑄳𑄦 𑄜𑄧𑄢𑄈𑄪𑄣𑄧𑄢𑄬 𑄛𑄪𑄏𑄢𑄴 𑄉𑄧𑄢𑄬।,Present
উসিঙে ক - এই জাগাটা তো পঁচা জাগা না,𑄃𑄪𑄥𑄨𑄋𑄬 𑄇𑄧𑄠𑄴 - 𑄃𑄬 𑄎𑄉 𑄙𑄧𑄇𑄴𑄠𑄚𑄨 𑄘𑄧 𑄛𑄪𑄉𑄬𑄘𑄨 𑄎𑄉𑄣𑄮𑄃𑄨 𑄚𑄧 𑄟𑄨𑄣𑄬।,Present
তোমার কথাগুলো একদম পরিষ্কার করে দাও,𑄖𑄧 𑄇𑄧𑄙𑄚𑄨 𑄒𑄨𑄇𑄴 𑄜𑄧𑄢𑄈𑄪𑄣𑄧 𑄃𑄪𑄥𑄨𑄋𑄧𑄢𑄬 𑄌𑄬𑄚𑄬 𑄎𑄮𑄝𑄴 𑄘𑄬।,Present
ঝেে কেকটা বরফ আছে,𑄎𑄬𑄢𑄬 𑄇𑄧𑄠𑄴 - 𑄃𑄬𑄇𑄴𑄇 𑄃𑄬𑄌𑄴𑄎𑄝𑄧𑄢𑄴 𑄃𑄊𑄬।,Present
উস্কুখুস্কু আর ভালোভাবে বোই করে,𑄃𑄪𑄥𑄨𑄋𑄬 𑄃𑄢𑄧 𑄉𑄧𑄟𑄬 𑄞𑄨𑄣𑄴𑄝𑄨𑄣𑄃𑄨 𑄃 𑄚𑄚𑄉𑄚𑄴 𑄛𑄪𑄏𑄢𑄴 𑄉𑄧𑄢𑄬।,Present
.সে ফরা করলে তুমি কবার যাচ্ছো?,𑄎𑄬𑄢𑄬 𑄜𑄧𑄢𑄈𑄪𑄣𑄧𑄖𑄴 𑄖𑄪𑄚𑄴 𑄎𑄚𑄨𑄝𑄢𑄴 𑄌𑄠𑄴 - 𑄖𑄪𑄃𑄨 𑄝𑄚𑄴𑄘𑄧𑄢𑄴𑄝𑄚𑄴 𑄇𑄧𑄠𑄴𑄝𑄢𑄴 𑄡𑄨𑄠𑄮𑄌𑄴?,Present
ফোঁা দিে একনাগাে,𑄜𑄧𑄢𑄈𑄪𑄣𑄧 𑄎𑄮𑄝𑄴 𑄘𑄬 - 𑄃𑄬𑄇𑄴𑄝𑄢𑄴।,Present
উসিঙে ফোঁা আরও কি বলে নাকি তার কান্না,𑄃𑄪𑄥𑄨𑄋𑄬 𑄜𑄧𑄢𑄈𑄪𑄣𑄧 𑄃𑄢𑄧 𑄇𑄨 𑄇𑄧𑄠𑄴 𑄚𑄇𑄨 𑄖 𑄇𑄬𑄖𑄳𑄠𑄬 𑄌𑄬𑄃𑄨 𑄗𑄠𑄴।,Present
. এর পরে কটা - তোমার বানরটা কেমন লাগে?,𑄎𑄬𑄢𑄬 𑄇𑄧𑄠𑄴 - 𑄖𑄧𑄢𑄴 𑄝𑄚𑄴𑄘𑄧𑄢𑄴𑄝𑄚𑄴 𑄇𑄬𑄎𑄚𑄴 𑄣𑄉𑄬?,Present
"ভালো, ভালো",𑄉𑄧𑄟𑄴 ।,Present
. ফোঁা বের হেছে,𑄜𑄧𑄢𑄈𑄪𑄣𑄧 𑄎𑄮𑄝𑄴 𑄘𑄳𑄠𑄬।,Present
রংধনু দিে মিলে না,𑄢𑄋𑄟𑄖𑄳𑄠𑄬𑄣𑄮𑄃𑄨 𑄚𑄧 𑄟𑄨𑄣𑄬𑄘𑄧 𑄚𑄧𑄠𑄴।,Present
উপরে ওাবাি করে যাওা,𑄃𑄪𑄥𑄨𑄋𑄬 𑄃𑄢𑄧 𑄛𑄪𑄏𑄢𑄴 𑄉𑄧𑄢𑄨 𑄎𑄚𑄨𑄝𑄢𑄴 𑄌𑄠𑄴।,Present
ভালো করে ঘুরে বো,𑄉𑄧𑄟𑄬 𑄚𑄧 𑄝𑄬𑄢𑄋𑄴।,Present
"খালি পা,পাহা বেশি","𑄈𑄣𑄨𑄇𑄴 𑄟𑄮𑄚𑄴, 𑄟𑄪𑄢𑄮 𑄝𑄬𑄌𑄴।",Present
ফোঁা বা ফোঁা দেওা,𑄜𑄧𑄢𑄈𑄪𑄣𑄧 𑄎𑄮𑄝𑄴 𑄘𑄬।,Present
কথা বলতে বলতে পথের পাে পৌছালো কি,𑄇𑄧𑄙 𑄇𑄧𑄙𑄬 𑄇𑄧𑄙𑄬 𑄛𑄧𑄘𑄴𑄙 𑄛𑄢𑄧𑄖𑄴 𑄣𑄪𑄋𑄨𑄣𑄇𑄴 𑄇𑄨।,Past
এক জাতী নদী,"𑄃𑄧𑄏𑄢𑄴, 𑄓𑄋𑄧𑄢𑄴 𑄉𑄋𑄴।",Present
উপরের দিকে এত নদী দেখা যা না,𑄃𑄪𑄥𑄨𑄋𑄬 𑄃𑄬𑄟𑄴𑄝 𑄉𑄋𑄴 𑄇𑄧𑄚𑄧𑄘𑄨𑄚𑄴 𑄚𑄧 𑄘𑄬𑄊𑄬।,Present
হামাগুি দো,𑄦𑄟𑄧𑄇𑄴𑄦𑄮𑄃𑄨 𑄢𑄨𑄚𑄨 𑄌𑄬𑄃𑄨 𑄗𑄠𑄴।,Present
সম ভালো লাগে,𑄎𑄧𑄟𑄧𑄥𑄧𑄟𑄧 𑄉𑄧𑄟𑄴 𑄣𑄉𑄬𑄢𑄴।,Present
ফেরিতে করে উপরে উঠে গেল,𑄜𑄬𑄢𑄨𑄖𑄴 𑄃𑄪𑄙𑄨 𑄃𑄮𑄇𑄪𑄣𑄬 𑄉𑄬𑄣𑄇𑄴।,Past
.ঝগাতে ঝগাতে পানির বারি খা,𑄏𑄧𑄝𑄖𑄴 𑄏𑄧𑄝𑄖𑄴 𑄜𑄬𑄢𑄨𑄖𑄴 𑄛𑄚𑄨 𑄝𑄢𑄨 𑄈𑄢𑄴।,Present
"রিপ রিপ করে দূরে যেতে হ না, বোট, জালিে উঠে না -লামা করে","𑄢𑄨𑄛𑄴 𑄢𑄨𑄛𑄴 𑄉𑄧𑄢𑄨 𑄘𑄪𑄢𑄮 𑄚𑄳𑄦𑄧, 𑄝𑄮𑄑𑄴, 𑄎𑄣𑄳𑄠𑄬 𑄚𑄳𑄦𑄧 𑄃𑄪𑄎𑄮𑄣𑄴 - 𑄣𑄟𑄧𑄚𑄴 𑄉𑄧𑄢𑄬𑄢𑄴 ।",Present
"বুার ঝগা উঠেছে তার নাা,লম্বা চুলগুলো লম্বা","𑄝𑄪𑄠𑄢𑄴 𑄏𑄧𑄣𑄴𑄉𑄖𑄴 𑄃𑄪𑄥𑄨𑄋𑄧𑄢𑄴 𑄦𑄮𑄣𑄧𑄖𑄳𑄠 𑄃𑄮𑄢𑄴 𑄚𑄠𑄚𑄴, 𑄣𑄟𑄴𑄝 𑄌𑄪𑄣𑄴𑄠𑄚𑄨 𑄚𑄏 𑄙𑄧𑄎𑄳𑄠।",Present
"অনেক অনেক বুার ঝগা সে নেই -পাহাের মাথা এই বারি দে,পাহাের চোখগুলো নরম করে দে","𑄃𑄧𑄇𑄴𑄖𑄧 𑄃𑄧𑄇𑄴𑄖𑄧 𑄝𑄪𑄠𑄢𑄧 𑄏𑄧𑄣𑄴𑄉𑄖𑄴 𑄃𑄮𑄢𑄴 𑄚 𑄠𑄚𑄴 𑄜𑄧𑄢𑄈𑄪𑄣𑄧 𑄟𑄠𑄮𑄖𑄧 𑄃𑄬𑄃𑄨 𑄝𑄢𑄨 𑄘𑄬𑄢𑄴, 𑄜𑄧𑄢𑄈𑄪𑄣𑄧 𑄌𑄮𑄇𑄴𑄈𑄪𑄚𑄴 𑄃𑄚𑄴𑄘𑄧𑄣𑄴 𑄉𑄧𑄢𑄨 𑄘𑄬𑄢𑄴।",Present
ফোঁাটা উপরের দিকে তাকিয়ে আছে - উপরের চোখ শুধু পানি মো,𑄜𑄧𑄢𑄈𑄪𑄣𑄧 𑄃𑄪𑄥𑄨𑄋𑄴 𑄇𑄬𑄃𑄨𑄖𑄴 𑄢𑄨𑄚𑄨 𑄌𑄬𑄃𑄨 𑄘𑄬𑄊𑄬 - 𑄃𑄪𑄥𑄨𑄋𑄴 𑄌𑄮𑄇𑄴 𑄝𑄚 𑄛𑄚𑄨 𑄟𑄮𑄇𑄳𑄠𑄬।,Present
পানির সম যে পানি বুদবুদ করে তাাতাি,𑄛𑄚𑄨 𑄥𑄧𑄋𑄴 𑄟𑄧𑄙𑄳𑄠𑄬 𑄡𑄬𑄃𑄨𑄚𑄬 𑄛𑄚𑄨 𑄖𑄝𑄮𑄣𑄧𑄢𑄴 𑄝𑄧𑄣𑄴 𑄃𑄧𑄜𑄪𑄢𑄧𑄚𑄴 𑄘𑄨।,Present
ঝগা ঝগা করতেছে,𑄏𑄇𑄴 𑄏𑄇𑄴 𑄛𑄬𑄉𑄮 𑄖𑄟𑄴𑄎।,Present
জাল দিে এক জাতী মাছ ধরা যাচ্ছে,𑄎𑄣𑄳𑄠𑄬𑄣𑄮𑄃𑄨 𑄛𑄬𑄉𑄮𑄢𑄴 𑄟𑄌𑄴 𑄙𑄧𑄢𑄚 𑄎𑄨𑄖𑄴𑄝𑄖𑄴।,Present
".পানির তাবোল বাচ্চারা - চোখে চোখে,মনে মনে","𑄛𑄚𑄨 𑄖𑄝𑄮𑄣𑄧𑄢𑄴 𑄝𑄧𑄘𑄝𑄪𑄘𑄨 - 𑄌𑄘𑄬 𑄌𑄮𑄇𑄴 𑄥𑄪𑄇𑄴, 𑄟𑄧𑄚𑄴 𑄥𑄪𑄇𑄴।",Present
উপরের দিকে চোখ বন্ধ না করে তাকিে আছে,𑄃𑄪𑄥𑄨𑄋𑄬 𑄌𑄮𑄇𑄴 𑄚𑄧 𑄜𑄨𑄢𑄬𑄚𑄬 𑄌𑄬𑄃𑄨 𑄃𑄊𑄬।,Present
এক জাতী ফেরিওালা উঠল,𑄃𑄘𑄬𑄇𑄳𑄠𑄬𑄉𑄧𑄢𑄨 𑄜𑄬𑄢𑄨𑄠𑄚𑄴 𑄣𑄧𑄢𑄨 𑄃𑄪𑄙𑄨𑄣𑄧।,Past
উসিঙে কেকটা ফালকে আসা যাওা করতে পারে না,𑄃𑄪𑄥𑄨𑄋𑄬 𑄇𑄧𑄇𑄴 𑄇𑄬 𑄜𑄧𑄢𑄈𑄪𑄣𑄧𑄢𑄬 𑄃𑄎𑄉𑄧𑄢𑄨 𑄙𑄧𑄎𑄳𑄠 𑄇𑄮𑄃𑄨 𑄚𑄧 𑄛𑄢𑄬।,Present
ফোঁার শব্দ করে এক কান নিে দেখল,𑄜𑄧𑄢𑄈𑄪𑄣𑄧 𑄌𑄬𑄢𑄴 𑄇𑄬𑄃𑄨𑄖𑄴 𑄃𑄬𑄇𑄴 𑄇 𑄢𑄨𑄚𑄨 𑄌𑄬𑄣𑄧।,Past
ফেরিে দুইজনে তাদের কেত দিে তাকিে আছে,𑄜𑄬𑄢𑄨𑄖𑄴 𑄘𑄨 𑄃𑄬𑄇𑄴 𑄎𑄧𑄚𑄬 𑄖𑄢 𑄇𑄬𑄃𑄨𑄖𑄴 𑄢𑄨𑄚𑄨 𑄌𑄬𑄃𑄨 𑄃𑄊𑄧𑄚𑄴।,Present
".অন্যের জাগা,অন্যের জাগা তাাতাি আসে না","𑄃𑄧𑄌𑄨𑄚𑄴 𑄎𑄉, 𑄃𑄧𑄌𑄨𑄚𑄴 𑄟𑄚𑄪𑄌𑄴 - 𑄥𑄬𑄖𑄳𑄠𑄬 𑄣𑄌𑄴𑄥𑄚𑄴 𑄖𑄳𑄠𑄬𑄚𑄴 𑄚𑄧 𑄥𑄧𑄟𑄬𑄣𑄧।",Present
বোই ও পাখানা করতে করতে কত ব হে গেল,𑄎𑄬𑄢𑄬 𑄃𑄮 𑄛𑄢𑄧𑄖𑄴 𑄣𑄟𑄨𑄚𑄬 𑄇𑄧𑄖𑄴𑄘𑄪𑄢𑄴 𑄦𑄘𑄨 𑄉𑄬𑄣𑄇𑄴।,Past
"চওার সম পা,হাওা খেলো","𑄌𑄬𑄢𑄮 𑄇𑄬𑄃𑄨𑄖𑄴 𑄃𑄮𑄟 𑄃𑄮𑄟 𑄃𑄧𑄎𑄢𑄴 𑄛𑄢𑄴, 𑄦𑄞 𑄈𑄬𑄣𑄨 𑄡𑄢𑄴।",Present
".দূরে রিপ রিপ করে যাবো,কুালের জঙ্গল,গাছের জঙ্গল,হেঁচার জঙ্গল,হেঁচার জঙ্গল","𑄘𑄪𑄢𑄮𑄖𑄴 𑄢𑄨𑄛𑄴 𑄢𑄨𑄛𑄴 𑄉𑄧𑄢𑄨 𑄃𑄘𑄟𑄴, 𑄇𑄪𑄌𑄴𑄌𑄬𑄣𑄴 𑄈𑄬𑄖𑄴, 𑄉𑄏𑄧 𑄏𑄪𑄛𑄴, 𑄝𑄉𑄚𑄴, 𑄦𑄬𑄃𑄨𑄣𑄴 𑄞𑄪𑄃𑄨 , 𑄇𑄬𑄌𑄳𑄠𑄬𑄝𑄧𑄚𑄴 ।",Future
উসিঙে ফোঁাটাকে কর- অনেক ব ব মনে হ,𑄃𑄪𑄥𑄨𑄋𑄬 𑄜𑄧𑄢𑄈𑄪𑄣𑄧𑄢𑄬 𑄇𑄧𑄢𑄴 - 𑄞𑄢𑄨 𑄎𑄧𑄟𑄧𑄥𑄧𑄟𑄧 𑄌𑄨𑄖𑄴 𑄞𑄨𑄎𑄬।,Present
এবার ফেরা,𑄃𑄬𑄝𑄢𑄧𑄖𑄴 𑄜𑄨𑄢𑄚।,Present
ফেরিওালা আর সেই সম,𑄜𑄬𑄢𑄨𑄖𑄴 𑄃𑄢𑄧 𑄥𑄬 𑄖𑄟𑄴𑄎।,Present
পেটটা ছোট,𑄛𑄬𑄑𑄴 𑄃𑄨𑄚𑄴𑄘𑄨 𑄌𑄨𑄙𑄬।,Present
"দুই জনের খাওার ভুঁি, তেতো মুখ","𑄘𑄮𑄎𑄧𑄚𑄧𑄢𑄴 𑄈𑄬𑄝𑄢𑄴 𑄞𑄪𑄇𑄴, 𑄖𑄨𑄢𑄏𑄬 𑄟𑄪 𑄝𑄧𑄚𑄴।",Present
"পানি খেে আর কেক,কলা খেে ভে কান্না করলো","𑄛𑄚𑄨 𑄈𑄬𑄃𑄨 𑄃 𑄇𑄬𑄇𑄴, 𑄇𑄧𑄣 𑄈𑄬𑄃𑄨 𑄞𑄪𑄇𑄴 𑄇𑄚𑄴 𑄟𑄢𑄬𑄣𑄇𑄴।",Past
আগের চাইতে এই খোলটা আর ভালো হলো না,𑄃𑄢𑄨𑄌𑄖𑄴 𑄃𑄬𑄃𑄨 𑄈𑄬𑄝𑄢𑄴 𑄟𑄧𑄚𑄴𑄎𑄪𑄇𑄴 𑄃𑄢𑄴 𑄚𑄧 𑄦𑄧𑄣𑄧।,Past
খাওার বািটা হাল দিে ঘিন অসুখের জাগা ধরলো,𑄈𑄚 𑄊𑄧𑄢𑄧𑄢𑄴 𑄦𑄣𑄴 𑄘𑄬𑄚𑄬 𑄊𑄨𑄚𑄴 𑄛𑄨𑄢 𑄎𑄉 𑄙𑄧𑄢𑄴𑄣𑄧।,Past
". তারপর আবার চা,কলা,বাদ্যা খেে দৌ দিল","𑄎𑄬𑄢𑄬 𑄃𑄢𑄧 𑄌, 𑄇𑄧𑄣, 𑄝𑄧𑄚𑄴 𑄈𑄬𑄃𑄨 𑄃𑄧𑄘𑄧𑄖𑄴 𑄣𑄧𑄢𑄴 𑄘𑄨𑄣𑄇𑄴।",Past
"পেট ভরা,গাি মাা করলে বাসে উে উঠতে হ","𑄛𑄬𑄑𑄴 𑄛𑄧𑄢𑄠𑄴, 𑄉𑄢𑄨 𑄟𑄖𑄴𑄖𑄧𑄣𑄬 𑄝𑄥𑄧𑄖𑄴 𑄃𑄪𑄙𑄨𑄚𑄬 𑄃𑄪𑄥𑄨𑄋𑄧𑄢𑄴 𑄃𑄧𑄊𑄪𑄢𑄴 𑄊𑄪𑄟𑄴।",Present
সূর্য অস্ত যাচ্ছে,𑄝𑄬𑄣𑄴 𑄃𑄊𑄬 𑄉𑄝𑄴 𑄖𑄪𑄣𑄨𑄖𑄴 𑄣𑄪𑄟𑄨𑄣𑄇𑄴।,Present
.তার পরে আসা পাহাে পাহাে দুই পাহাে ফিরে আসলো।,𑄖 𑄎𑄬𑄢𑄬 𑄃𑄎𑄨𑄟𑄴𑄛𑄪𑄢𑄴 𑄣𑄟𑄨 𑄃𑄪𑄥𑄨𑄋𑄧 𑄢𑄬 𑄉𑄬𑄘𑄮𑄖𑄴 𑄣𑄪𑄋𑄬 𑄘𑄨 𑄜𑄧𑄢𑄈𑄪𑄣𑄧 𑄦𑄧𑄣𑄧𑄖𑄴 𑄜𑄨𑄢𑄨 𑄃𑄬𑄣𑄧।,Past
দুইজনে একসাথে লাফিে লাফিে গেলে বলে আরও একবার যাবে,𑄘𑄨 𑄃𑄬𑄇𑄴𑄘𑄨𑄚𑄴 𑄎𑄬𑄢𑄬 𑄃𑄪𑄥𑄨𑄋𑄬 𑄜𑄧𑄢𑄈𑄪𑄣𑄧𑄢𑄬 𑄣𑄇𑄴 𑄛𑄬𑄣𑄬 𑄇𑄧𑄠𑄴 - 𑄃𑄢𑄧 𑄃𑄬𑄇𑄴 𑄝𑄢𑄴 𑄡𑄬𑄝𑄧𑄋𑄴।,Future
. ফালের উপরে চোখ রেখে সে বলে-ঘুম যেভাবে আসুক সে আর কী,𑄜𑄧𑄢𑄈𑄪𑄣𑄧 𑄃𑄪𑄥𑄨𑄋𑄧𑄢𑄬 𑄢𑄨𑄚𑄨 𑄌𑄬𑄃𑄨 𑄇𑄧𑄠𑄴 - 𑄊𑄪𑄟𑄴 𑄡𑄬𑄃𑄨 𑄡𑄬𑄃𑄨 𑄃𑄬𑄝𑄖𑄴 𑄖𑄬 𑄃𑄠𑄴 ।,Present
উসিঙে জোব দাও- পেট পুরে খাওা,𑄃𑄪𑄥𑄨𑄋𑄬 𑄎𑄮𑄝𑄴 𑄘𑄬 - 𑄛𑄬𑄑𑄴 𑄛𑄪𑄎𑄳𑄠𑄬 𑄟𑄧𑄖𑄴𑄖𑄪𑄚𑄴।,Present
.গোসলের জামা পরে ডর করে,𑄃𑄮𑄉𑄮𑄣𑄨 𑄘𑄮𑄌𑄴 𑄞𑄨𑄣𑄨 𑄓𑄧𑄢𑄬𑄋𑄮𑄋𑄴।,Present
. ফালের উপর একটু রাগ তুলে দাও,𑄜𑄧𑄢𑄈𑄪𑄣𑄧 𑄃𑄪𑄥𑄨𑄋𑄧𑄢𑄬 𑄃𑄬𑄇𑄴𑄇 𑄢𑄉𑄴 𑄖𑄪𑄣𑄬 𑄘𑄨𑄝𑄢𑄴 𑄌𑄠𑄴।,Present
কি বলে,𑄇𑄨 𑄇𑄧𑄣𑄬𑄘𑄬।,Present
উসিঙে ফোঁা দিে চোখ বন্ধ করে তাকা,𑄃𑄪𑄥𑄨𑄋𑄬 𑄜𑄧𑄢𑄈𑄪𑄣𑄧 𑄇𑄬𑄃𑄨𑄖𑄴 𑄌𑄮𑄇𑄴 𑄛𑄨𑄎𑄨 𑄢𑄨𑄚𑄨 𑄌𑄠𑄴।,Present
সে জোা দো - তোমার হাত দিে দৌে দিবো,𑄎𑄬𑄢𑄬 𑄎𑄮𑄝𑄴 𑄘𑄬 - 𑄖𑄧 𑄇𑄧𑄢𑄴 𑄌𑄬𑄃𑄨 𑄃𑄮𑄉𑄮𑄣𑄨 𑄘𑄨𑄟𑄴𑄝𑄬।,Future
ফোঁাটা উপরে তুলে বলি - তবুও যাবো না,𑄜𑄧𑄢𑄈𑄪𑄣𑄧 𑄃𑄪𑄥𑄨𑄋𑄧𑄢𑄬 𑄌𑄬𑄃𑄨 𑄇𑄧𑄠𑄴 - 𑄥𑄣𑄬 𑄚𑄧 𑄚𑄨𑄟𑄴 𑄃𑄢𑄴।,Future
.নিচে পার সম ফোঁাগুলো বের করে দাও,𑄚𑄨 𑄛𑄬𑄝𑄬 𑄃𑄪𑄥𑄨𑄋𑄬 𑄜𑄧𑄢𑄈𑄪𑄣𑄧𑄢𑄬 𑄎𑄮𑄝𑄴 𑄘𑄬।,Present
ফোঁা বা ফোঁা কি জানে,𑄜𑄧𑄢𑄈𑄪𑄣𑄧 𑄇𑄨 𑄎𑄬𑄚𑄬 𑄞𑄝𑄬।,Present
মুখ খুলতে না পারা,𑄟𑄪 𑄚𑄧 𑄈𑄪𑄣𑄬।,Present
কথা শুধু ঘুরা,𑄇𑄧𑄙 𑄃𑄧𑄚𑄳𑄠𑄧 𑄇𑄬𑄖𑄳𑄠𑄬 𑄊𑄪𑄢𑄧𑄠𑄴।,Present
উসিঙর আম আরও এক বছর ধরে আছে,𑄃𑄪𑄥𑄨𑄋𑄧𑄢𑄴 𑄃𑄟𑄨𑄎 𑄃𑄢𑄧 𑄃𑄬𑄇𑄴 𑄝𑄢𑄴 𑄡𑄬𑄝𑄧𑄋𑄴 𑄇𑄧‘𑄚𑄖𑄴 𑄃𑄊𑄬।,Present
ফোঁা বা ফোঁা আর সহ্য হ না,𑄜𑄧𑄢𑄈𑄪𑄣𑄧 𑄢𑄴 𑄚 𑄉𑄧𑄢𑄨𑄝𑄢𑄴 𑄎𑄪 𑄚𑄬𑄃𑄨।,Present
.অন্যরা মনে না করে এটা পুরে পেল,𑄎𑄬𑄢𑄬 𑄟𑄧𑄚𑄬 𑄚𑄧 𑄇𑄪𑄃𑄨𑄠𑄬 𑄉𑄧𑄢𑄨 𑄃𑄨𑄀 𑄛𑄪𑄢𑄬 𑄛𑄬𑄣𑄧।,Past
কলেও মনে হ কী জানি,𑄇𑄧𑄣𑄬𑄠𑄮 𑄟𑄧𑄚𑄬 𑄟𑄧𑄚𑄬 𑄇𑄨 𑄎𑄬𑄚𑄬 𑄞𑄝𑄬।,Present
"১,এগারো",𑄷𑄷.,Present
তুং পোকা তরকারিটা নষ্ট হেছে,𑄖𑄪𑄋𑄴 𑄛𑄪𑄘𑄨 𑄢𑄬𑄎𑄣𑄴 𑄑𑄴 𑄦𑄮𑄃𑄨 𑄡𑄨𑄠𑄬।,Present
ভালোভাবে পাে পাে খবর পেছে,𑄉𑄧𑄟𑄬 𑄛𑄥𑄴 𑄉𑄧𑄎𑄳𑄠𑄬 𑄞𑄨𑄣𑄨 𑄜𑄧𑄢𑄈𑄪𑄣𑄧 𑄈𑄧𑄝𑄧𑄢𑄴 𑄛𑄨𑄠𑄬।,Present
ধীরে ধীরে তাাতাি পে গেছে সেটা মনে পে আছে,𑄇𑄧𑄟𑄧𑄣𑄬 𑄇𑄧𑄟𑄧𑄣𑄬 𑄣𑄪𑄋𑄬𑄉𑄨 𑄥𑄨𑄠𑄚𑄴 𑄞𑄝𑄨 𑄞𑄝𑄨 𑄃𑄊𑄬।,Present
দুই পা বিদা দিে তোমার পাের কোনো খবর নেই,𑄘𑄨 𑄟𑄥𑄴 𑄝𑄨𑄘𑄨 𑄡𑄨𑄠𑄬 𑄖𑄮 𑄖𑄪𑄋𑄴 𑄛𑄪𑄘𑄨𑄢𑄴 𑄇𑄧𑄚𑄧 𑄈𑄧𑄝𑄧𑄢𑄴 𑄚𑄬𑄃𑄨।,Present
এনে এনে তিন ভাগ যাওা,𑄃𑄬𑄚𑄬 𑄃𑄬𑄚𑄬 𑄖𑄨𑄚𑄴𑄟𑄥𑄴 𑄡𑄋𑄴 𑄡𑄋𑄴।,Present
ভ তো পে পেছে,𑄞𑄧𑄖𑄴 𑄖𑄨 𑄛𑄧𑄢𑄨𑄇𑄴 𑄈𑄬𑄠𑄮 𑄛𑄪𑄢𑄴 𑄛𑄧𑄎𑄳𑄠𑄬।,Present
. ফোঁাগুলো ভাবতে পারতেছি না,𑄜𑄧𑄢𑄈𑄪𑄣𑄧 𑄞𑄝𑄨 𑄚𑄧 𑄛𑄢𑄴 𑄇𑄨 𑄦𑄧𑄣𑄧।,Present
এক দিন বিাল মাটি উে বই খুজতেছে,𑄃𑄬𑄇𑄴𑄘𑄨𑄚𑄴 𑄝𑄬𑄣𑄳𑄠𑄬 𑄟𑄙𑄚𑄴 𑄃𑄪𑄥𑄨𑄋𑄴𑄉𑄮𑄃𑄨 𑄜𑄧𑄢𑄈𑄪𑄣𑄧 𑄝𑄧𑄃𑄨 𑄖𑄧𑄉𑄘𑄧𑄚𑄴।,Present
ভও কম না,𑄞𑄨𑄢𑄴𑄠𑄮 𑄇𑄧𑄟𑄴 𑄚𑄧𑄠𑄴।,Present
এত সহজে দেখা যা না,𑄃𑄬𑄞𑄣𑄖𑄴𑄖𑄪𑄚𑄴 𑄃𑄮𑄞𑄮𑄣 𑄘𑄬𑄊 𑄚𑄧 𑄡𑄠𑄴।,Present
পিছন ফিরে যাওার মতো অবস্থা,𑄞𑄨𑄢𑄧 𑄍𑄬𑄢𑄬 𑄍𑄬𑄢𑄬 𑄡 𑄙𑄧𑄎𑄳𑄠𑄧𑄚𑄴।,Present
দুইজনে কথা বলছে,𑄘𑄨𑄎𑄧𑄚𑄬 𑄇𑄧𑄙 𑄇𑄧𑄙𑄧𑄚𑄴।,Present
উস্কুখুস্কু কল,𑄃𑄪𑄥𑄨𑄋𑄬 𑄃𑄘𑄬𑄇𑄳𑄠𑄬𑄉𑄧𑄢𑄨 𑄇𑄧𑄣𑄧 - 𑄃𑄧।,Present
তুমি তুংপুি কে চিনবে?,𑄖𑄪𑄃𑄨 𑄖𑄪𑄋𑄴𑄛𑄪𑄘𑄨 𑄢𑄬 𑄌𑄨𑄚𑄧𑄌𑄴𑄌𑄬?,Future
তুংপুং কথা গুলো শুনতে শুনতে ঠোঁটটা ফেটে গেল,𑄖𑄪𑄋𑄴𑄛𑄪𑄘𑄨 𑄇𑄧𑄙 𑄥𑄪𑄚𑄨 𑄜𑄧𑄢𑄈𑄪𑄣𑄧 𑄃𑄟𑄧𑄇𑄴𑄦𑄮𑄃𑄨 𑄇𑄧𑄣𑄧 - 𑄃𑄧।,Past
তোমরা তাকে কোথা খুঁজে পেলে?,𑄖𑄪𑄃𑄨 𑄖𑄢𑄬 𑄇𑄪𑄘𑄪 𑄣𑄇𑄴 𑄛𑄬𑄣𑄬?,Past
হে তো তিন সপ্তাহ হলো আছে,𑄦𑄧𑄣𑄧𑄖𑄴 𑄘𑄧 𑄖𑄨𑄚𑄴 𑄌𑄬𑄢𑄴 𑄘𑄨𑄚𑄴 𑄦𑄧𑄣𑄧 𑄃𑄊𑄬𑄘𑄬।,Present
bdmean,𑄃।,Present
তুমি কেন জানো?,𑄖𑄪𑄃𑄨 𑄇𑄬𑄚𑄬 𑄌𑄨𑄚𑄮𑄌𑄴?,Present
আমার বোন,𑄟𑄧 𑄝𑄮𑄚𑄴।,Present
তোমার বোন,𑄖𑄧 𑄝𑄮𑄚𑄴।,Present
উস্কুখুস্কু হে ফরাককে দেখে বলে,𑄃𑄪𑄥𑄨𑄋𑄬 𑄃𑄟𑄧𑄇𑄴 𑄦𑄮𑄃𑄨𑄚𑄬 𑄜𑄧𑄢𑄈𑄪𑄣𑄧𑄢𑄬 𑄢𑄨𑄚𑄨 𑄌𑄬𑄃𑄨 𑄇𑄧𑄠𑄴।,Present
কি কথা হেছে,𑄇𑄨 𑄇𑄧𑄚𑄧 𑄇𑄧𑄙 𑄦𑄪𑄠𑄬।,Present
bdmean,𑄚।,Present
. ফোঁাগুলো বুক দুলিে দুলিে আছে।,𑄜𑄧𑄢𑄈𑄪𑄣𑄧 𑄝𑄪𑄇𑄴𑄇𑄮 𑄘𑄪𑄉𑄪𑄖𑄴 𑄘𑄪𑄉𑄪𑄖𑄴 𑄉𑄧𑄢 𑄙𑄧𑄎𑄳𑄠।,Present
না না সেটা উপরে তোলা হ,𑄚 𑄚 𑄥𑄨𑄠𑄧𑄋𑄴𑄥𑄟 𑄃𑄪𑄙𑄮 𑄙𑄧𑄎𑄳𑄠।,Present
তাকে একটু ছানো লাগে,𑄖𑄢𑄬 𑄃𑄬𑄇𑄴𑄇 𑄍𑄧𑄖𑄴𑄛𑄧𑄖𑄳𑄠 𑄣𑄉𑄬𑄢𑄴।,Present
ঘাম পড়ছে,𑄊𑄟𑄴 𑄏𑄧𑄢𑄬𑄢𑄴।,Present
কথা আমার থেকে বের হ না,𑄇𑄧𑄙 𑄟𑄪𑄠𑄮𑄖𑄴𑄖𑄪𑄚𑄴 𑄎𑄬𑄚𑄬 𑄚𑄧 𑄚𑄨𑄉𑄨𑄣𑄬𑄢𑄴।,Present
উপরে তার কেত দেখে আছে,𑄃𑄪𑄥𑄨𑄋𑄬 𑄖 𑄇𑄬𑄃𑄨𑄖𑄴 𑄌𑄬𑄃𑄨 𑄃𑄊𑄬।,Present
কথা না বললে,𑄇𑄧𑄙 𑄚𑄧 𑄚𑄨𑄉𑄨𑄣𑄬𑄢𑄴 ।,Past
উসিঙে আর তার কেত দিে কথা বলে - সে তোমার ভাই,𑄃𑄪𑄥𑄨𑄋𑄬 𑄃𑄢𑄧 𑄖 𑄇𑄬𑄃𑄨𑄖𑄴 𑄢𑄨𑄚𑄨 𑄌𑄬𑄃𑄨 𑄇𑄧𑄣𑄧 - 𑄖𑄬𑄧 𑄖𑄧𑄢𑄴 𑄇𑄬𑄎𑄚𑄴 𑄝𑄮𑄚𑄴।,Present
দৌাদৌি বোন,𑄥𑄧𑄘𑄧𑄢𑄴 𑄛𑄨𑄏𑄬𑄋 𑄏𑄨 𑄝𑄮𑄚𑄴।,Present
. ফোঁাটা উঠতেছে,𑄜𑄧𑄢𑄈𑄪𑄣𑄧 𑄃𑄪𑄥𑄨𑄋𑄧𑄢𑄬 𑄎𑄚𑄬𑄣𑄧।,Present
.পঁচে পা কথা আর বলা হলো না,𑄜𑄧𑄢𑄈𑄪𑄣𑄧 𑄇𑄧𑄙 𑄚𑄧 𑄚𑄨𑄉𑄬𑄣𑄧 𑄃𑄢𑄴।,Past
বই দিে আরো কেকটা পলিথিন দে,𑄝𑄧𑄃𑄨 𑄘𑄨𑄝𑄬 𑄇𑄨𑄚𑄨 𑄃𑄢𑄧𑄇𑄴 𑄉𑄧𑄣𑄨𑄖𑄴 𑄡𑄬𑄃𑄨 𑄚𑄨𑄉𑄧𑄣𑄧𑄘𑄧𑄚𑄴 𑄘𑄮𑄃𑄨।,Present
পথটা আমার সামনে নিে যাওা যা না -আমি তো তোমার বোন,𑄛𑄧𑄙𑄧 𑄟𑄪𑄠𑄮𑄖𑄴 𑄚𑄨𑄉𑄧𑄣𑄧𑄘𑄬 𑄚𑄧 𑄚𑄨𑄉𑄧𑄣𑄧𑄘𑄬 𑄃𑄪𑄥𑄨𑄋𑄬 𑄇𑄧𑄣𑄧 - 𑄃𑄪𑄃𑄨 𑄘𑄧 𑄖𑄧 𑄝𑄮𑄚𑄴𑄚𑄮।,Present
ফোঁাগুলো ঘুরে ঘুরে দেখে দে,𑄜𑄧𑄢𑄈𑄪𑄣𑄧 𑄝𑄋𑄬𑄘𑄨 𑄊𑄪𑄢𑄨 𑄛𑄪𑄉𑄬𑄘𑄨 𑄢𑄨𑄚𑄨 𑄌𑄠𑄴 𑄘𑄬 𑄦𑄧𑄠𑄴।,Present
তিন জন বই হাতে করে তাদের দিকে তাকিে আছে,𑄖𑄨𑄚𑄴𑄎𑄧𑄚𑄴 𑄝𑄧𑄃𑄨 𑄦𑄘𑄧𑄖𑄴 𑄉𑄧𑄢𑄨 𑄖𑄢 𑄇𑄬𑄃𑄨𑄖𑄴 𑄢𑄨𑄚𑄨 𑄌𑄬𑄃𑄨 𑄃𑄊𑄧𑄚𑄴।,Present
ফোঁা বা ফোঁা যা না,𑄜𑄧𑄢𑄈𑄪𑄣𑄧 𑄥𑄬 𑄟𑄮𑄇𑄳𑄠𑄬 𑄚𑄧 𑄡𑄬𑄃𑄨 𑄚𑄧 𑄛𑄢𑄴𑄣𑄧।,Present
তুংপুি চোখের ইশারা বুঝালো -আসলেই,𑄖𑄪𑄋𑄴𑄛𑄪𑄘𑄨 𑄌𑄮𑄊𑄮 𑄃𑄨𑄎𑄨𑄢𑄬 𑄘𑄨 𑄝𑄪𑄏𑄬𑄣𑄧 - 𑄟𑄚𑄬 𑄃𑄨𑄝𑄬।,Past
. ফোঁাটা চোখ বন্ধ করে দেখল।,𑄜𑄧𑄢𑄈𑄪𑄣𑄧 𑄌𑄮𑄪𑄇𑄴 𑄛𑄨𑄏𑄨 𑄢𑄨𑄚𑄨 𑄌𑄬𑄣𑄧।,Past
আরেকদিন হলে তুংপুংকে বস্তাে নিে যাওা,𑄃𑄢𑄬𑄇𑄴𑄘𑄨𑄚𑄴 𑄦𑄧𑄣𑄬 𑄖𑄪𑄋𑄴𑄛𑄪𑄘𑄨𑄢𑄬 𑄞𑄧𑄟𑄬 𑄣𑄪𑄚𑄴।,Present
খালি পাা দিন না বাা,𑄈𑄣𑄨𑄇𑄴 𑄃𑄬𑄌𑄳𑄠𑄬 𑄘𑄨𑄚𑄴 𑄚𑄮 𑄃𑄧𑄚𑄳𑄠𑄧 𑄝𑄝𑄧𑄖𑄳𑄠।,Present
তার সাথে দিে দিে মানুষরা উঠতেছে,𑄖 𑄣𑄧𑄉𑄬 𑄘𑄨𑄎𑄧𑄚𑄴 𑄥𑄧𑄟𑄎𑄳𑄠 𑄃𑄪𑄚𑄴𑄘𑄨 𑄃𑄪𑄥𑄨𑄋𑄴।,Present
তুমি কবে আসবে?,𑄣𑄧𑄇𑄴𑄈𑄨 𑄃𑄌𑄴𑄌𑄢 𑄉𑄧𑄢𑄨 𑄇𑄧𑄣𑄧 - 𑄖𑄪𑄃𑄨 𑄇𑄧𑄟𑄧𑄣𑄬 𑄃𑄬𑄣𑄬?,Future
তুংপুটি একটু হাত দিে খবর নেওা-একজন খবর নিলে হবে,𑄖𑄪𑄋𑄴𑄛𑄪𑄘𑄨 𑄃𑄬𑄇𑄴𑄇 𑄦𑄏𑄨 𑄇𑄧𑄣𑄧 - 𑄃𑄬𑄇𑄴𑄎𑄧𑄚𑄧 𑄈𑄧𑄝𑄧𑄢𑄴 𑄣𑄧𑄣𑄬 𑄦𑄧𑄝𑄧 𑄘𑄧।,Future
ফোঁা দিে দুই লোক একসাথে থাকতে পারে,𑄜𑄧𑄢𑄈𑄪𑄣𑄧 𑄖𑄪𑄋𑄴𑄛𑄪𑄘𑄨 𑄘𑄨 𑄎𑄧𑄚𑄴 𑄥𑄧𑄟𑄎𑄳𑄠𑄟𑄠𑄴 𑄃𑄬𑄇𑄴 𑄎𑄧𑄚𑄬 𑄦𑄧𑄣𑄧𑄖𑄴 𑄗𑄠𑄴𑄘𑄬 𑄎𑄚𑄬।,Present
অন্যজন চিনে না,𑄃𑄢𑄧 𑄃𑄬𑄇𑄴𑄎𑄧𑄚𑄴 𑄚𑄧 𑄌𑄨𑄚𑄬।,Present
উস্কুখুস্কু না চিনে পরীক্ষা করে নাও,𑄃𑄪𑄥𑄨𑄋𑄬𑄠𑄮 𑄚𑄧 𑄌𑄨𑄚𑄬 𑄞𑄨𑄣𑄨 𑄇𑄨𑄠𑄬𑄌𑄴 𑄉𑄧𑄢𑄴 𑄣𑄧।,Present
তুংপুদি কথা তাকে একটু লজ্জাবোধ করলো,𑄖𑄪𑄋𑄴𑄛𑄪𑄘𑄨 𑄇𑄧𑄙𑄠𑄴 𑄖𑄢𑄬 𑄃𑄬𑄇𑄴𑄇 𑄣𑄎𑄬 𑄝𑄬𑄢𑄬 𑄙𑄧𑄢𑄴𑄣𑄧।,Past
এই লেজটা কেন ঘুরতে পারবে কে জানে,𑄃𑄨𑄚𑄴𑄘𑄨 𑄣𑄌𑄴 𑄇𑄬𑄚𑄬 𑄊𑄪𑄢𑄬𑄝𑄧 𑄇𑄮𑄃𑄨 𑄚𑄧 𑄛𑄢𑄬𑄢𑄴।,Future
উস্কুখুস্কু লাগে,𑄃𑄪𑄥𑄨𑄋𑄧𑄢𑄬 𑄃𑄬𑄇𑄴𑄇 𑄣𑄎𑄋𑄴 𑄣𑄎𑄋𑄴 𑄣𑄉𑄬𑄢𑄴।,Present
ফানুসটা হেলেদুলে দেখে তুংপুংকে বলল - তারা সাথে আছে?,𑄜𑄧𑄢𑄈𑄪𑄣𑄧 𑄌𑄮𑄊𑄮 𑄣𑄬𑄎𑄬𑄘𑄨 𑄢𑄨𑄚𑄨 𑄌𑄬𑄃𑄨 𑄖𑄪𑄋𑄴𑄛𑄪𑄘𑄨𑄢𑄬 𑄇𑄧𑄣𑄧 - 𑄖𑄢 𑄣𑄧𑄉𑄬 𑄗𑄌𑄴𑄌𑄬?,Past
তুংপুটি জোব দিল - সে বলে না,"𑄖𑄪𑄋𑄴𑄛𑄪𑄘𑄨 𑄎𑄮𑄝𑄴 𑄘𑄨𑄣𑄧 - 𑄃, 𑄖𑄬 𑄚𑄧 𑄇𑄧𑄠𑄴।",Present
ফোঁাটা এবার মুক্তি পেল,𑄜𑄧𑄢𑄈𑄪𑄣𑄧 𑄃𑄬𑄝𑄢𑄴 𑄣𑄌𑄴 𑄊𑄪𑄢𑄧𑄘𑄬 𑄎𑄪 𑄛𑄬𑄣𑄧।,Past
কল - তাকে তো এখানে দেখতেছি,𑄇𑄧𑄣𑄧 - 𑄖𑄢𑄬 𑄘𑄧 𑄃𑄨𑄘𑄪 𑄣𑄇𑄴 𑄛𑄨𑄠𑄮𑄋𑄴𑄉𑄬।,Present
তুংপুং হাত দিে মুখ চেপে ধরে আছে,𑄖𑄪𑄋𑄴𑄛𑄪𑄘𑄨 𑄃𑄨𑄎𑄬𑄢𑄨𑄘𑄨 𑄟𑄪 𑄌𑄨𑄝𑄬𑄃𑄨 𑄦𑄏𑄨𑄣𑄧।,Present
. ফোঁাগুলো মনে পে,𑄜𑄧𑄢𑄈𑄪𑄣𑄧 𑄢𑄴 𑄛𑄧𑄢𑄚𑄧𑄖𑄴 𑄙𑄧𑄎𑄳𑄠।,Present
তুংপুেকে কি বলা যা না,𑄖𑄪𑄋𑄴𑄛𑄪𑄘𑄨𑄢𑄬 𑄇𑄨 𑄇𑄧𑄝𑄧 𑄞𑄝𑄨 𑄚𑄧 𑄛𑄢𑄴।,Present
এইটা ওইটা বলে লেজ ঘুরো,"𑄃𑄨𑄠𑄚𑄴, 𑄥𑄨𑄠𑄚𑄴 𑄇𑄮𑄃𑄨 𑄣𑄌𑄴 𑄊𑄪𑄢𑄧𑄢𑄴।",Present
.মনে হ মনের ইচ্ছা পূরণ হলো,𑄟𑄧𑄚𑄬 𑄟𑄧𑄚𑄬 𑄞𑄝𑄬𑄢𑄴 𑄜𑄧𑄉𑄧𑄘𑄋𑄚𑄴 𑄉𑄧𑄟𑄬 𑄦𑄧𑄣𑄧।,Past
তুং পোকা আমি ভালোভাবে থাকতে পারিনা- বিপদ,𑄖𑄪𑄋𑄴 𑄛𑄪𑄘𑄨 𑄟𑄪𑄠𑄚𑄴 𑄌𑄨𑄝𑄬 𑄢𑄊𑄬 𑄘𑄨 𑄚𑄧 𑄛𑄣𑄳𑄠𑄬 - 𑄘𑄧𑄏।,Present
এখানে উপরে উঠারও কি জানা নেই,𑄃𑄨𑄚𑄴𑄘𑄨 𑄃𑄪𑄥𑄨𑄋𑄬𑄠𑄮 𑄇𑄨 𑄎𑄬𑄚𑄬 𑄞𑄝 𑄙𑄧𑄎𑄳𑄠।,Present
আমি চেরাক কানে যে কথাগুলো বুঝি,𑄟𑄪𑄠𑄮 𑄌𑄬𑄢𑄇𑄴 𑄇𑄚𑄬 𑄥𑄨𑄠𑄚𑄧𑄃𑄨 𑄝𑄪𑄏𑄧𑄢𑄴।,Present
.অন্যরা কি চিন্তা করে তাাতাি কল - তুং,𑄎𑄬𑄢𑄬 𑄇𑄨 𑄞𑄝𑄨𑄚𑄬 𑄎𑄬𑄚𑄬 𑄇𑄧𑄣𑄧 - 𑄖𑄪𑄋𑄴।,Present
পাহাে যাওা,𑄟𑄪𑄃𑄨 𑄡𑄋𑄧𑄢𑄴।,Present
উসিঙেও ইচিে দাও,𑄃𑄪𑄥𑄨𑄋𑄧𑄢𑄬𑄠𑄮 𑄃𑄨𑄎𑄨𑄢𑄬 𑄘𑄨 𑄇𑄧𑄣𑄧।,Present
উসিঙে তার কেত দিে কি কথা বলে,𑄃𑄪𑄥𑄨𑄋𑄬 𑄖 𑄇𑄬𑄃𑄨𑄖𑄴 𑄢𑄨𑄚𑄨 𑄌𑄬𑄃𑄨 𑄇𑄨 𑄇𑄧𑄝𑄢𑄴 𑄎𑄪𑄉𑄬𑄣𑄬𑄧।,Present
তার কথা তোতলামি বের করে দিল,𑄖 𑄇𑄧𑄝𑄢𑄴 𑄃𑄉𑄬𑄘𑄨 𑄜𑄧𑄢𑄈𑄪𑄣𑄧 𑄣𑄧𑄢𑄴 𑄘𑄨𑄣𑄧।,Past
ফোঁাগুলো এতো ব করে উঠতেছে কেন কে জানে,𑄜𑄧𑄢𑄈𑄪𑄣𑄧 𑄃𑄬𑄖𑄴𑄖𑄬 𑄞𑄝𑄨 𑄞𑄝𑄨 𑄃𑄬𑄎𑄬𑄢𑄴 𑄃𑄪𑄥𑄨𑄋𑄬 𑄇𑄬𑄎𑄚𑄴 𑄛𑄬𑄣𑄧 𑄇𑄨𑄎𑄬𑄚𑄨।,Present
এই খেে সেটা করা যা না,𑄃𑄬 𑄈𑄬𑄚𑄧𑄖𑄴 𑄥𑄨𑄠𑄬𑄚 𑄚𑄧 𑄉𑄧𑄢𑄨𑄚𑄬 𑄚𑄧 𑄝𑄢𑄬।,Present
বোর মতো কেকটা এই চিন্তা করে হেছে,𑄎𑄬𑄢𑄬 𑄝𑄪𑄏𑄃𑄨 𑄇𑄧𑄝𑄧 𑄃𑄨𑄠𑄚𑄴 𑄞𑄝𑄨𑄚𑄬 𑄦𑄧𑄣𑄧𑄖𑄴 𑄣𑄪𑄋𑄨𑄣𑄧𑄉𑄨।,Present
"তিন,চারদিন পর ইডেন কলেজে খবর পে গেল","𑄖𑄨𑄚𑄴, 𑄌𑄬𑄢𑄴𑄘𑄨𑄚𑄴 𑄎𑄬𑄢𑄬 𑄃𑄨𑄓𑄬𑄚𑄴 𑄇𑄧𑄣𑄬𑄎𑄧 𑄉𑄬𑄘𑄮𑄖𑄴 𑄈𑄧𑄝𑄧𑄢𑄴 𑄣𑄪𑄠 𑄉𑄬𑄣𑄧।",Past
তুংপুিটাকে দেখতে পেল না,𑄖𑄪𑄋𑄴𑄛𑄪𑄘𑄨𑄢𑄬 𑄣𑄇𑄴 𑄚𑄧 𑄛𑄬𑄣𑄧।,Past
কোথা যে খবর পেল না,𑄇𑄪𑄘𑄪 𑄡𑄨𑄠𑄮𑄚𑄴 𑄈𑄧𑄝𑄧𑄢𑄴 𑄚𑄧 𑄛𑄬𑄣𑄧।,Past
উস্কুখুস্কু হলো,𑄃𑄪𑄥𑄨𑄋𑄴 𑄉𑄮𑄃𑄨 𑄘𑄬𑄊 𑄦𑄧𑄣𑄧।,Past
পাহাের দিকে তাকানো কোন কাউকে দেখতে পাওা,𑄟𑄪𑄎𑄪𑄋𑄬𑄘𑄨 𑄃𑄟𑄨𑄎 𑄌𑄮𑄇𑄴 𑄇𑄧𑄚𑄧 𑄇𑄢𑄧𑄢𑄬 𑄣𑄇𑄴 𑄛𑄚𑄴 𑄇𑄨𑄚।,Present
ধান মাাই করার সম যে গাছের আালে বল থাকে,𑄙𑄚𑄴𑄟𑄧𑄚𑄴𑄘𑄨 𑄣𑄬𑄉𑄮𑄖𑄴 𑄡𑄬𑄃𑄨 𑄉𑄏𑄧 𑄃𑄚𑄴𑄘𑄧𑄣𑄬 𑄝𑄧𑄣𑄇𑄴।,Present
উপরের ধাক্কাটা ধরে আছে,𑄃𑄪𑄥𑄨𑄋𑄬 𑄙𑄪𑄌𑄴 𑄙𑄧𑄢𑄨 𑄃𑄊𑄬।,Present
. ফরাতুল মেে ভালো না,𑄜𑄧𑄢𑄈𑄪𑄣𑄧 𑄟𑄳𑄦𑄬𑄖𑄴 𑄛𑄢𑄴 𑄟𑄧𑄚𑄴 𑄉𑄧𑄟𑄴 𑄚𑄧𑄠𑄴।,Present
ঝেে উে যাওার সমে কল দিে কল করা,𑄎𑄬𑄢𑄬 𑄃𑄪𑄥𑄨𑄋𑄧𑄢𑄬 𑄝𑄪𑄏𑄬𑄃𑄨 𑄇𑄧𑄣𑄧 - 𑄥𑄨𑄚𑄳𑄠𑄬 𑄟𑄬𑄎𑄚𑄴 𑄉𑄧𑄢 𑄛𑄧𑄎𑄳𑄠।,Present
তোমাকে আমার ভালো লাগে না,𑄖𑄧𑄢𑄬 𑄉𑄧𑄟𑄬 𑄟𑄙𑄬 𑄚𑄧 𑄛𑄢𑄧𑄋𑄴।,Present
উসিঙে মাটি থাকে না,𑄃𑄪𑄥𑄨𑄋𑄬 𑄚𑄧 𑄟𑄙𑄨 𑄗𑄠𑄴।,Present
ঝেে কল -তোমার নাগরবোনের হাত দিে পরাণ ছিঁে যা,𑄎𑄬𑄢𑄬 𑄇𑄧𑄣𑄧 - 𑄖𑄧 𑄚𑄉𑄧𑄢𑄴 𑄝𑄮𑄚𑄴𑄚𑄮 𑄖𑄪𑄋𑄴𑄛𑄪𑄘𑄨 𑄎𑄣𑄠𑄴 𑄛𑄧𑄢𑄚𑄴 𑄍𑄨𑄚𑄨 𑄡𑄢𑄴𑄣𑄮𑄃𑄨।,Present
ফোঁাটা একটু একটু হেছে,𑄜𑄧𑄢𑄈𑄪𑄣𑄧 𑄃𑄟𑄧𑄇𑄴 𑄦𑄮𑄃𑄨 𑄢𑄨𑄚𑄨 𑄌𑄬𑄣𑄧।,Present
এবার একটু এগিয়ে যাওার কল - কি দেখতেছি নাকি!,𑄃𑄬𑄝𑄢𑄧𑄖𑄴 𑄃𑄬𑄇𑄴𑄇 𑄣𑄢𑄬𑄉𑄧𑄢𑄨 𑄇𑄧𑄣𑄧 - 𑄇𑄨 𑄘𑄮𑄏𑄬𑄃𑄨𑄠𑄬 𑄚 𑄇𑄨!,Present
সে কি,𑄖𑄬 𑄇𑄨।,Present
.উপরের কাকটা অলস হে আবার কল পেলে বুঝে,𑄃𑄪𑄥𑄨𑄋𑄬 𑄇𑄇𑄴𑄈𑄧𑄚𑄴 𑄃𑄧𑄣𑄧𑄢𑄴 𑄦𑄮𑄃𑄨 𑄎𑄬𑄢𑄬 𑄃𑄢𑄧 𑄇𑄧𑄣𑄧 - 𑄎𑄪 𑄛𑄬𑄣𑄬 𑄝𑄪𑄎𑄨।,Present
বুজিে গিে ধরে,𑄝𑄪𑄎𑄨 𑄓𑄉 𑄙𑄧𑄢𑄬।,Present
. ফোঁাটা মুখ থেকে বের হ না,𑄜𑄧𑄢𑄈𑄪𑄣𑄧 𑄟𑄪 𑄌𑄨𑄝𑄬𑄃𑄨 𑄚𑄧 𑄦𑄏𑄨 𑄚𑄧 𑄛𑄢𑄴𑄣𑄧।,Present
পিছে কল-সে তুই চুপ হ না,𑄎𑄬𑄢𑄬 𑄇𑄧𑄣𑄧 - 𑄖𑄬 𑄖𑄪𑄃𑄨 𑄈𑄪𑄏𑄨 𑄚𑄧 𑄦𑄧𑄌𑄴।,Present
উসিঙে ফালের হাত দিে একটা ভূমিকম্প হলো,𑄃𑄪𑄥𑄨𑄋𑄬 𑄜𑄧𑄢𑄈𑄪𑄣𑄧𑄢𑄬 𑄝𑄋𑄴 𑄦𑄖𑄴𑄖𑄚𑄴𑄘𑄮𑄃𑄨 𑄃𑄚𑄴𑄙𑄎𑄳𑄠𑄬𑄉𑄧𑄢𑄨 𑄃𑄨𑄇𑄴𑄇𑄮 𑄞𑄪𑄇𑄴 𑄘𑄨𑄣𑄧।,Past
প্রাণটা বললে আরও দে,𑄛𑄧𑄢𑄚𑄬 𑄇𑄧𑄣𑄬 𑄃𑄢𑄧 𑄘𑄬।,Present
ফোঁাটা উপরে তুলে দেখিে বলে,𑄜𑄧𑄢𑄈𑄪𑄣𑄧 𑄃𑄪𑄥𑄨𑄋𑄧𑄢𑄬 𑄢𑄨𑄚𑄨 𑄌𑄬𑄃𑄨 𑄇𑄧𑄠𑄴।,Present
.উচ্ছে না মাটি রেছে,𑄃𑄪𑄥𑄨𑄋𑄬 𑄚𑄧 𑄟𑄙𑄨 𑄢𑄧𑄣𑄧।,Present
ঝেে কল দিে সে কীভাবে খবর পা,𑄎𑄬𑄢𑄬 𑄇𑄧𑄣𑄧 - 𑄖𑄳𑄠𑄬 𑄖𑄬 𑄇𑄬𑄚𑄬 𑄈𑄧𑄝𑄧𑄢𑄴 𑄛𑄠𑄴।,Present
.পাহাের ছিদ্র দিে পাহাের পাহাে পাহাের ছিদ্র করে পানি বের হ,𑄜𑄧𑄢𑄈𑄪𑄣𑄧 𑄎𑄚𑄬 𑄖𑄪𑄋𑄴𑄛𑄪𑄘𑄨 𑄥𑄢𑄬 𑄛 𑄜𑄧𑄎𑄳𑄠।,Present
ব্যাঙের ন্যাকা থেকে শুনে দুপা ফাঁক করে যাচ্ছে সেটা,𑄝𑄋𑄮𑄘𑄨 𑄚𑄬𑄇𑄴𑄇𑄮𑄖𑄴𑄖𑄪𑄚𑄴 𑄥𑄪𑄚𑄨 𑄖𑄪𑄋𑄴𑄛𑄪𑄘𑄨 𑄃𑄨𑄎𑄬𑄝𑄴 𑄟𑄨𑄣𑄬 𑄟𑄨𑄣𑄬 𑄃𑄊𑄬 𑄥𑄨𑄠𑄚𑄴 𑄜𑄧𑄢𑄈𑄪𑄣𑄧𑄢𑄴 𑄎𑄚𑄴𑄘।,Present
উস্কুখুস্কু সেটা বলতে পারতেছি না,𑄃𑄪𑄥𑄨𑄋𑄧𑄢𑄬 𑄥𑄨𑄠𑄚𑄴 𑄞𑄋𑄨 𑄚𑄧 𑄇𑄮𑄃𑄨 𑄚𑄧 𑄛𑄢𑄴𑄣𑄧।,Present
উসিঙে ফালকে দেখে দেখে কি যেন মনে হ,𑄃𑄪𑄥𑄨𑄋𑄬 𑄜𑄧𑄢𑄈𑄪𑄣𑄧𑄢𑄬 𑄢𑄨𑄚𑄨 𑄌𑄬𑄃𑄨 𑄙𑄚𑄴𑄟𑄧𑄚𑄴𑄘𑄨 𑄣𑄬𑄉𑄮 𑄛𑄚𑄨𑄠𑄚𑄴 𑄌𑄬𑄃𑄨 𑄌𑄬𑄃𑄨 𑄇𑄨 𑄎𑄬𑄚𑄬 𑄞𑄝 𑄙𑄧𑄎𑄳𑄠।,Present
সে তার বািতে খবর পেলে ভালো হবে,𑄖𑄬 𑄎𑄚𑄬 𑄖 𑄝𑄝𑄬 𑄈𑄧𑄝𑄧𑄢𑄴 𑄛𑄬𑄣𑄬 𑄞𑄧𑄎𑄚𑄴 𑄉𑄧𑄢𑄧𑄟𑄴 𑄦𑄧𑄝𑄧।,Future
পাহাের শেষ হলে যে হ,𑄣𑄬𑄉𑄛𑄧𑄢 𑄗𑄪𑄟𑄴 𑄦𑄧𑄣𑄬 𑄎𑄬 𑄦𑄧𑄘𑄧 𑄥𑄖𑄴।,Present
.মনে হ প্রাণের ভালোবাসা আছে,𑄛𑄧𑄢𑄚𑄧𑄖𑄴 𑄓𑄧𑄢𑄴 𑄥𑄧𑄟𑄢𑄴 𑄃 𑄟𑄨𑄣𑄬𑄃𑄨 𑄡𑄢𑄴।,Present
ফোঁাটা ভেঙে বলতে পারে না,𑄜𑄧𑄢𑄈𑄪𑄣𑄧𑄢𑄬 𑄞𑄋𑄨 𑄇𑄮𑄃𑄨 𑄚𑄧 𑄛𑄢𑄬𑄢𑄴।,Present
পানিটা একনাগাে তাকিয়ে আছে,𑄛𑄚𑄨𑄠𑄚𑄴 𑄃𑄬𑄇𑄴 𑄢𑄨𑄚𑄨 𑄌𑄬𑄃𑄨 𑄃𑄊𑄬।,Present
"হাত দিে পানিতে খাবার খুঁজতেছে - হঠাৎ ডুবে যাওা, হঠাৎ উঠা","𑄦𑄥𑄴 𑄃𑄬𑄇𑄴𑄘𑄊𑄨 𑄣𑄬𑄉𑄮 𑄛𑄚𑄨𑄖𑄴 𑄃𑄙𑄢𑄴 𑄖𑄧𑄉𑄘𑄧𑄚𑄴 - 𑄇𑄇𑄴𑄈𑄬 𑄓𑄪𑄝𑄧𑄚𑄴, 𑄇𑄇𑄴𑄈𑄬 𑄃𑄪𑄙𑄧𑄚𑄴।",Present
"হাজার মেে মিলন, তোমার চিচি","𑄦𑄎𑄢𑄴 𑄟𑄚𑄴𑄎𑄮 𑄟𑄨𑄣𑄧𑄚𑄴, 𑄖𑄮 𑄌𑄨𑄎𑄨𑄇𑄳𑄠।",Present
যে কাপ দিে সে উঠতে পারে না,𑄡 𑄇𑄟𑄴𑄝𑄮𑄃𑄨 𑄖𑄬 𑄚𑄧 𑄖𑄋𑄧𑄢𑄬𑄢𑄴।,Present
.বাতিটা নিভু নিভু করে পানি সাথে সাথে ঢেলে দিল,𑄝𑄖𑄴𑄖𑄨 𑄛𑄳𑄦𑄧𑄢𑄴 𑄠𑄚𑄨 𑄣𑄢𑄬 𑄣𑄢𑄬 𑄜𑄨𑄖𑄴𑄖𑄨 𑄛𑄚𑄨 𑄣𑄧𑄉𑄬 𑄣𑄧𑄉𑄬 𑄓𑄬𑄣𑄴𑄉𑄠𑄴।,Past
সূর্য ডোবার সম,𑄥𑄌𑄴 𑄊𑄧𑄚𑄬𑄃𑄨 𑄃𑄬𑄎𑄬𑄢𑄴।,Present
বেশি বেশি দেখার ইচ্ছে থাকলেও বেশি বেশি দেখা যা,𑄝𑄬𑄌𑄴 𑄢𑄨𑄚𑄨 𑄌𑄬𑄝𑄢𑄴 𑄟𑄧𑄚𑄴 𑄗𑄬𑄣𑄬𑄃𑄮 𑄃𑄧𑄇𑄴𑄖𑄧 𑄈𑄧𑄢𑄬𑄃𑄨 𑄡𑄢𑄴।,Present
দুইজনে রিক্সা ধরে নীল আকাশে রওনা হলো,𑄘𑄨𑄎𑄧𑄚𑄬 𑄢𑄨𑄇𑄴𑄥 𑄙𑄧𑄢𑄨 𑄚𑄨𑄣𑄴𑄈𑄬𑄖𑄴 𑄃𑄬𑄃𑄨 𑄜𑄢𑄧𑄇𑄴 𑄦𑄧𑄣𑄇𑄴।,Past
তুংপুটি ইডেন কলেজে ভর্তি হেছে,𑄖𑄪𑄋𑄴𑄛𑄪𑄘𑄨 𑄃𑄨𑄓𑄬𑄚𑄴 𑄇𑄧𑄣𑄬𑄎𑄧𑄖𑄴 𑄞𑄧𑄖𑄴𑄖𑄨 𑄦𑄧𑄣𑄧।,Present
.অতিরিক্ত ফোঁা দিে দেখা যা,𑄃𑄧𑄇𑄴𑄖𑄧 𑄃𑄧𑄇𑄴𑄖𑄧 𑄜𑄧𑄢𑄈𑄪𑄣𑄧𑄣𑄮𑄃𑄨 𑄘𑄬𑄊 𑄦𑄧𑄠𑄴।,Present
সমাজ জুানো ফটিককে তার গ্রাহ্য করতে হ না,𑄥𑄧𑄟𑄎𑄳𑄠 𑄎𑄪𑄘𑄮𑄚𑄃𑄨 𑄜𑄧𑄢𑄈𑄪𑄣𑄧𑄢𑄬 𑄖𑄢𑄴 𑄖𑄳𑄠𑄬𑄚𑄴 𑄉𑄧𑄢𑄧𑄌𑄴 𑄚𑄧 𑄛𑄧𑄢𑄬 𑄃𑄢𑄴।,Present
.আবর্জনাগুলো খুঁজে খুঁজে খবর পাওা যা,𑄜𑄧𑄢𑄈𑄪𑄣𑄧 𑄈𑄪𑄎𑄨 𑄈𑄪𑄎𑄨 𑄈𑄧𑄝𑄧𑄢𑄴 𑄣𑄪𑄃𑄧 𑄛𑄠𑄴।,Present
.পাহাের অনার্স পা খেে এই ভিটেটা দেখা যা না,𑄛𑄧𑄢𑄈𑄪𑄣𑄧 𑄃𑄧𑄚𑄢𑄴𑄥𑄴 𑄛𑄧𑄢𑄨𑄇𑄴 𑄈𑄬 𑄌𑄧𑄣𑄚𑄠𑄴 𑄃𑄬 𑄞𑄨𑄘𑄨𑄢𑄬 𑄃𑄪𑄥𑄨𑄋𑄴𑄉𑄮𑄃𑄨 𑄘𑄬𑄊 𑄚𑄧 𑄦𑄧𑄠𑄴।,Present
মনে মনে চিন্তা করলে ভ লাগে,𑄟𑄧𑄚𑄬 𑄟𑄧𑄚𑄬 𑄞𑄝𑄬𑄢𑄴 𑄃𑄪𑄥𑄨𑄋𑄬 𑄦𑄧𑄣𑄬 𑄞𑄧𑄎𑄚𑄴 𑄢𑄉𑄴 𑄦𑄮𑄃𑄨 𑄃𑄊𑄬।,Present
ঘন ঘন সেই মেেটা আর সহ্য করে না,𑄊𑄧𑄚𑄧 𑄊𑄧𑄚𑄧 𑄥𑄬 𑄟𑄮𑄇𑄳𑄠𑄬 𑄒𑄬𑄋𑄴𑄃𑄮 𑄚𑄧 𑄃𑄇𑄴𑄇𑄮𑄠𑄴 𑄃𑄢𑄴।,Present
পরিক্ষার্থীরা শেষ হলেও বািতে যাওার স্রোত নেই,𑄛𑄧𑄢𑄨𑄇𑄴𑄈𑄬 𑄗𑄪𑄟𑄴 𑄦𑄧𑄣𑄬𑄃𑄮 𑄊𑄧𑄢𑄧𑄖𑄴 𑄡𑄬𑄝𑄢𑄴 𑄖𑄳𑄠𑄬𑄚𑄴 𑄙𑄢𑄌𑄴 𑄚𑄬𑄃𑄨।,Present
এক দিন সুার করেমিে সৈকতে গেল,𑄃𑄬𑄇𑄴𑄘𑄨𑄚𑄴 𑄥𑄪𑄇𑄴𑄇𑄧𑄢𑄴 𑄝𑄢𑄴 𑄉𑄧𑄢𑄨 𑄟𑄨𑄢𑄴𑄛𑄪𑄢𑄴 𑄇𑄨𑄠𑄧𑄋𑄧𑄖𑄴 𑄉𑄬𑄣𑄧।,Past
একা একা চিনে না এমন কেউ নেই,𑄉𑄃𑄨 𑄉𑄃𑄨 𑄌𑄨𑄚𑄴𑄛𑄧𑄎𑄳𑄠𑄧 𑄇𑄧𑄚𑄧𑄎𑄧𑄚𑄴 𑄚𑄬𑄃𑄨।,Present
বুদ্ধকে একটু বন্দনা করে দেয়ালে টাঙানো ছবিগুলো তাাতাি আছে,𑄝𑄪𑄘𑄴𑄙𑄧𑄝𑄧𑄢𑄬 𑄃𑄬𑄇𑄴𑄇 𑄝𑄧𑄚𑄴𑄘𑄧𑄚 𑄉𑄧𑄢𑄨 𑄃𑄧𑄠𑄣𑄧𑄖𑄴 𑄑𑄋𑄳𑄠𑄬 𑄍𑄧𑄝𑄨𑄠𑄪𑄚𑄴 𑄢𑄨𑄚𑄨 𑄌𑄬𑄃𑄨 𑄌𑄬𑄃𑄨 𑄃𑄊𑄬।,Present
.আকাশের দিকে তাকিয়ে শুধু তুংপুং করে বুদ্ধকে বন্দনা করে,𑄃𑄘𑄬𑄈𑄳𑄠𑄬𑄉𑄧𑄢𑄨 𑄢𑄨𑄚𑄨 𑄌𑄠𑄴 𑄘𑄬 𑄖𑄪𑄋𑄴𑄛𑄪𑄘𑄨𑄘𑄊𑄨 𑄖𑄨𑄚𑄴𑄎𑄧𑄚𑄴 𑄥𑄧𑄟𑄬𑄃𑄨 𑄓𑄬𑄚𑄬 𑄝𑄋𑄬 𑄢𑄨𑄚𑄨 𑄚𑄧 𑄌𑄬𑄃𑄨 𑄝𑄪𑄘𑄴𑄙𑄧𑄢𑄬 𑄝𑄧𑄚𑄴𑄘𑄧𑄚 𑄉𑄧𑄢𑄧𑄘𑄧𑄚𑄴।,Present
তুংপুটি ফোঁাগুলো সহজে বের হ না,𑄖𑄪𑄋𑄴𑄛𑄪𑄘𑄨 𑄜𑄧𑄢𑄈𑄪𑄣𑄧𑄢𑄬 𑄟𑄳𑄦𑄧𑄣𑄴 𑄚𑄧 𑄉𑄧𑄢𑄬।,Present
.কাপের তুংপুে বাঁশটা দেখে আছে,𑄜𑄧𑄢𑄈𑄪𑄣𑄧 𑄖𑄪𑄋𑄴𑄛𑄪𑄘𑄨𑄢𑄬 𑄝𑄌𑄴 𑄌𑄬𑄃𑄨 𑄃𑄊𑄬।,Present
অনেক কষ্ট পে তারা এসেছে,𑄞𑄣𑄧𑄇𑄴 𑄈𑄧𑄚𑄴 𑄎𑄬𑄢𑄬 𑄖𑄢 𑄃𑄬𑄎 𑄙𑄧𑄎𑄳𑄠𑄧𑄚𑄴।,Present
তুংপুটি ফটিককে দিে হাত ধরে নাও,𑄖𑄪𑄋𑄴𑄛𑄪𑄘𑄨 𑄜𑄧𑄢𑄈𑄪𑄣𑄧𑄢𑄬 𑄘𑄬𑄚𑄬𑄃𑄨 𑄦𑄏 𑄙𑄧𑄢𑄴 𑄣𑄧।,Present
. ফার মাটি উে গেল -,𑄜𑄧𑄢𑄈𑄪𑄢𑄧 𑄟𑄙𑄨 𑄃𑄪𑄙𑄨𑄣𑄧 - 𑄃।,Past
তোমার পরীক্ষা কি শেষ হেছে,𑄖𑄧𑄢𑄴 𑄛𑄧𑄢𑄨𑄇𑄴𑄈𑄬 𑄇𑄨 𑄗𑄪𑄟𑄴 𑄦𑄪𑄠𑄬।,Present
"হেছে, হেছে",𑄦𑄪𑄠𑄬।,Present
সে তো তাদেরকে চিনে না,𑄃 𑄖𑄢𑄢𑄬 𑄘𑄧 𑄚𑄧 𑄌𑄨𑄚𑄧𑄋𑄧𑄢𑄴।,Present
তুংপুি তাদেরকে চিনে দিল,𑄖𑄪𑄋𑄴𑄛𑄪𑄘𑄨 𑄖𑄢𑄢𑄬 𑄌𑄨𑄚𑄴𑄛𑄧𑄌𑄴𑄎𑄧 𑄉𑄧𑄢𑄨 𑄘𑄨𑄣𑄧।,Past
লালমাা নদী থেকে,𑄢𑄋𑄟𑄖𑄳𑄠𑄬 𑄚𑄚𑄳𑄠𑄬𑄌𑄧𑄢𑄧𑄖𑄴𑄖𑄪𑄚𑄴।,Present
.খাওার বািতে পা,𑄈𑄣𑄨𑄇𑄴 𑄝𑄢 𑄇𑄧𑄣𑄬𑄎𑄧𑄖𑄴 𑄛𑄧𑄢𑄧𑄚𑄴।,Present
তুংপুে ফোঁা দিে অনেক কথা বলে,𑄖𑄪𑄋𑄴𑄛𑄪𑄘𑄨𑄣𑄮𑄃𑄨 𑄜𑄧𑄢𑄈𑄪𑄣𑄧 𑄞𑄣𑄧𑄇𑄴𑄈𑄧𑄚𑄴 𑄇𑄧𑄙 𑄇𑄧𑄣𑄇𑄴।,Present
উপরের বািতে যে ফোঁা আছে সে খবর পেল,𑄃𑄪𑄥𑄨𑄋𑄬 𑄊𑄧𑄢𑄧𑄖𑄴 𑄡𑄨𑄠𑄬 𑄜𑄧𑄢𑄈𑄪𑄣𑄧 𑄈𑄧𑄝𑄧𑄢𑄴 𑄛𑄬𑄣𑄧।,Past
.ফরাক জানে ঠোঁটটা পুরে না দিলে কি বিপদ হ সেটা মনে হ,𑄜𑄧𑄢𑄈𑄪𑄣𑄧 𑄎𑄚𑄬 𑄖𑄪𑄋𑄴𑄛𑄪𑄘𑄨 𑄟𑄧𑄚𑄴 𑄛𑄪𑄢𑄬 𑄚𑄧 𑄘𑄨𑄣𑄬 𑄇𑄨 𑄘𑄧𑄏 𑄦𑄧𑄠𑄴 𑄥𑄨𑄠𑄚𑄴 𑄞𑄝𑄬𑄢𑄴।,Present
এই বেিতে উঠে ভালো করে হাঁটা তার ভালো লাগে,𑄃 𑄃𑄬 𑄞𑄨𑄘𑄨𑄢𑄬 𑄃𑄪𑄥𑄋𑄴𑄉𑄮𑄃𑄨 𑄉𑄧𑄟𑄴 𑄦𑄎𑄚 𑄟𑄙𑄚 𑄖𑄢𑄴 𑄌𑄧𑄣𑄬𑄢𑄴 𑄥𑄨𑄠𑄚𑄴 𑄎𑄚𑄬।,Present
.আবর্জনাগুলো এগুলোই চিবিে,𑄜𑄧𑄢𑄈𑄪𑄣𑄧 𑄃𑄨𑄠𑄚𑄧𑄃𑄨 𑄌𑄨𑄠𑄬।,Present
. ফরারুলের তুংপুিটাকে কল দিে এক সাথে খেে,𑄜𑄧𑄢𑄈𑄪𑄣𑄧 𑄖𑄪𑄋𑄴𑄛𑄪𑄘𑄨𑄢𑄬 𑄇𑄧𑄣𑄧 - 𑄡𑄬𑄃𑄨 𑄚 𑄘𑄨𑄝𑄪𑄎𑄳𑄠𑄬 𑄈𑄚𑄝𑄮 𑄃𑄬𑄇𑄴 𑄥𑄧𑄟𑄢𑄬 𑄈𑄬𑄃𑄨।,Present
আরও একদিন,𑄃𑄢𑄧 𑄃𑄬𑄇𑄴𑄘𑄨𑄚𑄴।,Present
তুংপুি সমাজটা ফালটাকে জো দিল,𑄖𑄪𑄋𑄴𑄛𑄪𑄘𑄨 𑄥𑄧𑄟𑄎𑄳𑄠𑄠𑄪𑄚𑄬 𑄜𑄧𑄢𑄈𑄪𑄣𑄧𑄢𑄬 𑄎𑄮𑄝𑄴 𑄘𑄨𑄣𑄇𑄴।,Past
তুংপুডির কল -আসছে না,𑄖𑄪𑄋𑄴𑄛𑄪𑄘𑄨𑄠𑄮 𑄇𑄧𑄣𑄧 - 𑄃𑄬𑄥𑄳𑄠𑄬 𑄚𑄧𑄠𑄴।,Present
গালের পাশে ফিরো,𑄉𑄣𑄬 𑄥𑄧𑄟𑄢𑄬 𑄜𑄨𑄢𑄨।,Present
ফোঁাটা পরিষ্কার করে নাও,𑄜𑄧𑄢𑄈𑄪𑄣𑄧 𑄖𑄪𑄋𑄴𑄛𑄪𑄘𑄨𑄢𑄬 𑄢𑄨𑄚𑄨 𑄌𑄬𑄃𑄨 𑄇𑄧𑄣𑄧।,Present
চেংসে কত ব হাত দিে এই গাে উঠল,𑄌𑄬𑄢𑄮𑄎𑄧𑄚𑄬 𑄇𑄧𑄖𑄴𑄘𑄪𑄢𑄴 𑄦𑄘𑄨 𑄃𑄬𑄃𑄨 𑄉𑄢𑄨𑄖𑄴 𑄃𑄪𑄙𑄨𑄣𑄇𑄴।,Past
তুংপুলি দিে ফোঁা দিে দুই লোক একটি বেঞ্চে বসে আছে,𑄖𑄪𑄋𑄴𑄛𑄪𑄘𑄨𑄣𑄮𑄃𑄨 𑄜𑄧𑄢𑄈𑄪𑄣𑄧 𑄙𑄉𑄙𑄇𑄳𑄠𑄬𑄉𑄧𑄢𑄨 𑄃𑄬𑄇𑄴𑄇𑄚𑄴 𑄥𑄨𑄘𑄮𑄖𑄴 𑄃𑄳𑄦 𑄃𑄮 𑄘𑄨𑄎𑄧𑄚𑄴 𑄃𑄢𑄧𑄇𑄴 𑄇𑄚𑄧𑄖𑄴।,Present
. ফোঁাগুলো পুিে পুে আজেবাজে কথা বলতেছে,𑄜𑄧𑄢𑄈𑄪𑄣𑄧 𑄖𑄪𑄋𑄴𑄛𑄪𑄘𑄨 𑄌𑄪𑄝𑄬 𑄌𑄪𑄝𑄬 𑄞𑄬𑄃𑄨𑄘𑄮 𑄇𑄧𑄙 𑄇𑄪𑄃𑄧𑄇𑄨 𑄉𑄧𑄢𑄴𑄣𑄇𑄴।,Present
ফোঁাটা পরিষ্কার করে নাও,𑄜𑄧𑄢𑄈𑄪𑄣𑄧 𑄖𑄪𑄋𑄴𑄛𑄪𑄘𑄨𑄢𑄬 𑄝𑄪𑄏𑄬 𑄝𑄪𑄏𑄬 𑄇𑄧𑄣𑄧।,Present
কল- বািতে গেলে রোগটা হবে না,𑄇𑄧𑄣𑄧 - 𑄊𑄧𑄢𑄧𑄖𑄴 𑄉𑄬𑄣𑄬 𑄛𑄨𑄏𑄬𑄃𑄨𑄢𑄬 𑄚𑄧 𑄇𑄧𑄝𑄬।,Future
. ফোঁার শব্দ করে কথা বলে সে,𑄜𑄧𑄢𑄈𑄪𑄣𑄧 𑄎𑄚𑄬 𑄖𑄪𑄋𑄴𑄛𑄪𑄘𑄨 - 𑄃𑄨𑄀 𑄛𑄪𑄢𑄬𑄣𑄬𑄃𑄮 𑄇𑄧𑄙 𑄥𑄧𑄣𑄖𑄴 𑄎𑄧𑄚𑄨 𑄇𑄮𑄃𑄨 𑄖𑄋𑄧𑄢𑄬।,Present
উপরে আরও ভালোভাবে এনে তো একটু জানো,𑄃𑄪𑄚𑄴𑄘𑄨 𑄃𑄢𑄧 𑄞𑄝𑄬 𑄃𑄬𑄚𑄬 𑄘𑄧 𑄃𑄬𑄇𑄴𑄇 𑄎𑄚𑄴𑄚𑄮𑄚𑄴।,Present
এবার বািতে ও কম যা,𑄃𑄬𑄝𑄢𑄧𑄖𑄴 𑄊𑄧𑄢𑄧𑄖𑄴 𑄃𑄮 𑄇𑄧𑄟𑄴 𑄡𑄠𑄴।,Present
তার বাবা-মা অসুস্থ - অনার্স পরীক্ষা শেষ,𑄖 𑄝𑄝𑄧𑄢𑄬 𑄌𑄨𑄘𑄨 𑄣𑄬𑄉𑄬 - 𑄃𑄧𑄚𑄢𑄴𑄥𑄴 𑄛𑄧𑄢𑄨𑄇𑄴𑄈𑄬 𑄗𑄪𑄟𑄴।,Present
.একজনের কাছ থেকে চামা নিে যেতে হ,𑄃𑄨𑄇𑄴𑄇𑄪𑄖𑄴𑄖𑄪𑄚𑄴 𑄙𑄧𑄢𑄨 𑄌𑄉𑄪𑄢𑄨 𑄛𑄬𑄝𑄖𑄳𑄠𑄬 𑄎𑄪𑄉𑄮𑄣𑄴 𑄦𑄮𑄃𑄨 𑄛𑄧𑄢𑄬𑄢𑄴।,Present
ধান মাানোর সম চে পতেছে,𑄙𑄚𑄴𑄟𑄧𑄚𑄴𑄘𑄨 𑄃𑄬𑄃𑄨𑄚𑄬 𑄌𑄬𑄢𑄮𑄎𑄧𑄚𑄬 𑄣𑄟𑄨𑄣𑄇𑄴।,Present
ফানুসের কুঁচকি দিে ফানুসটা এক সাথে খাওার জন্য সম্মত হলো,𑄜𑄧𑄢𑄈𑄪𑄣𑄧 𑄇𑄪𑄎𑄮𑄣𑄨𑄠𑄬 𑄖𑄪𑄋𑄴𑄛𑄪𑄘𑄨 𑄥𑄧𑄟𑄎𑄳𑄠𑄠𑄪𑄚𑄬 𑄃𑄬𑄇𑄴 𑄥𑄧𑄟𑄢𑄬 𑄈𑄬𑄝𑄢𑄴 𑄢𑄎𑄨 𑄦𑄧𑄣𑄇𑄴।,Past
খেে আবার চা খাওার জন্য ফিরে আসলো,𑄈𑄬𑄃𑄨𑄘𑄬𑄃𑄨 𑄃 𑄌 𑄈𑄬𑄃𑄨 𑄜𑄧𑄢𑄈𑄪𑄣𑄧 𑄜𑄨𑄢𑄨𑄣𑄧।,Past
তুংপুি তার বন্ধুদের সাথে আর কোথা যাবে,𑄖𑄪𑄋𑄴𑄛𑄪𑄘𑄨 𑄖 𑄥𑄧𑄟𑄎𑄳𑄠𑄠𑄪𑄚𑄴𑄘𑄮𑄃𑄨 𑄃𑄢𑄧 𑄇𑄪𑄘𑄪 𑄡𑄬𑄝𑄇𑄴 𑄝𑄨𑄣𑄨 𑄇𑄧𑄣𑄇𑄴।,Future
"১,দুই,তিন",𑄷𑄸.,Present
দা পা দিন পরে উস্কুখুস্কু ফিরলো,𑄘𑄧𑄥𑄴 𑄛𑄧𑄚𑄧𑄢𑄴 𑄘𑄨𑄚𑄴 𑄎𑄬𑄢𑄬 𑄃𑄪𑄥𑄨𑄋𑄬 𑄜𑄨𑄢𑄨𑄣𑄧।,Past
তুংপুটি এবার আরো বেশি শক্ত হে নাও,𑄖𑄪𑄋𑄴𑄛𑄪𑄘𑄨 𑄃𑄬𑄝𑄢𑄧𑄖𑄴 𑄃𑄢𑄧 𑄝𑄬𑄌𑄴 𑄥𑄧𑄘𑄧𑄢𑄴 𑄦𑄮 𑄙𑄧𑄢𑄴 𑄣𑄧।,Present
জো পেলে উস্কুখুস্কু মেেরা,𑄎𑄪 𑄛𑄬𑄣𑄬 𑄃𑄪𑄥𑄨𑄋𑄧𑄢𑄬 𑄟𑄬𑄢𑄨 𑄓𑄉𑄬।,Present
দুইটা মাা কথা এদিক সেদিক করে,𑄘𑄨𑄠𑄚𑄴 𑄃𑄬𑄇𑄴𑄇𑄚𑄴 𑄟𑄢𑄴𑄟 𑄇𑄧𑄙 𑄥𑄨𑄊𑄨 𑄃𑄪𑄥𑄨𑄋𑄧𑄢𑄬 𑄝𑄨𑄉𑄨𑄘𑄨 𑄉𑄧𑄢𑄬।,Present
উসিঙর পোে তসা হলেও শুনে শুনে গা ভিজে গেছে,𑄃𑄪𑄥𑄨𑄋𑄧𑄢𑄴 𑄛𑄮𑄣𑄳𑄠𑄬 𑄛𑄮𑄣𑄳𑄠𑄬 𑄖𑄧𑄥𑄳𑄠 𑄦𑄧𑄣𑄬𑄃𑄮 𑄥𑄪𑄚𑄧𑄘𑄬 𑄥𑄪𑄚𑄧𑄘𑄬 𑄉 𑄞𑄨𑄎𑄳𑄠𑄬 𑄦𑄪𑄠𑄬।,Present
তুংপুত কথা গুলো শুনে মনটা শান্ত হ,𑄖𑄪𑄋𑄴𑄛𑄪𑄘𑄨𑄖𑄴𑄖𑄪𑄚𑄴 𑄜𑄧𑄢𑄈𑄪𑄣𑄧 𑄇𑄧𑄙 𑄥𑄪𑄚𑄨 𑄖𑄨𑄢𑄏𑄨 𑄟𑄧𑄚𑄚𑄴 𑄝𑄪𑄌𑄴 𑄉𑄧𑄢𑄴𑄣𑄧।,Present
সারাদিন তুংপুং করে বাতাস বেছে,𑄘𑄨𑄚𑄴 𑄡𑄘𑄬 𑄖𑄪𑄋𑄴𑄛𑄪𑄘𑄨𑄢𑄴 𑄃 𑄃𑄪𑄥𑄨𑄋𑄧𑄢𑄴 𑄝𑄨𑄉𑄨𑄘𑄨 𑄇𑄨𑄢𑄨𑄟𑄨𑄢𑄨 𑄝𑄢 𑄙𑄧𑄢𑄴𑄣𑄧।,Present
এখানে উপরে উঠার বাি থেকে ফিরে যাওা,𑄃𑄨𑄚𑄴𑄘𑄨 𑄃𑄪𑄥𑄨𑄋𑄬 𑄊𑄧𑄢𑄧𑄖𑄴𑄖𑄪𑄚𑄴 𑄜𑄨𑄎𑄳𑄠𑄬 𑄙𑄧𑄢𑄨 𑄟𑄧𑄚𑄴 𑄟𑄧𑄢।,Present
এক দিন ফালকে দেখে হতবাক হেছি -মা কানে তোমার ব পাের কথা শুনতেছি,𑄃𑄬𑄇𑄴𑄘𑄨𑄚𑄴 𑄜𑄧𑄢𑄈𑄪𑄣𑄧𑄢𑄬 𑄘𑄬𑄊 𑄦𑄮𑄃𑄨𑄚𑄬 𑄞𑄋𑄨 𑄇𑄪𑄃𑄨𑄠𑄬 - 𑄟 𑄇𑄚𑄧𑄖𑄴 𑄖𑄧𑄢𑄴 𑄟𑄧𑄢𑄴 𑄇𑄮𑄌𑄴 𑄛 𑄛𑄨 𑄇𑄧𑄙𑄠𑄚𑄴 𑄣𑄪𑄋𑄴𑄋𑄬 𑄉𑄮𑄃𑄨।,Present
.পাছা খুঁজতে চাও-সে তোমার মা আর কি বলে?,𑄜𑄧𑄢𑄈𑄪𑄣𑄧 𑄎𑄚𑄨𑄝𑄢𑄴 𑄌𑄠𑄴 - 𑄖𑄬 𑄖𑄧𑄟𑄴𑄟 𑄃𑄢𑄧 𑄇𑄨 𑄇𑄧𑄣𑄧?,Present
উসিঙে জোব দিে - ভালো করে আগে লেগে যাওা পথে,𑄃𑄪𑄥𑄨𑄋𑄬 𑄎𑄮𑄝𑄴 𑄘𑄳𑄠𑄬 - 𑄉𑄧𑄟𑄬 𑄃𑄉𑄬 𑄣𑄬𑄉 𑄛𑄧𑄖𑄴𑄖𑄪𑄋𑄴 𑄝𑄨𑄣𑄬।,Present
. ফোঁাগুলো বেশিদিন বাঁচে না,𑄜𑄧𑄢𑄈𑄪𑄣𑄧 𑄟𑄧𑄚𑄚𑄧𑄢𑄴 𑄖𑄨𑄢𑄌𑄴 𑄚𑄧 𑄟𑄧𑄢𑄬।,Present
তার তেরাঝি মনটা এখনো উে আছে,𑄖 𑄖𑄨𑄢𑄏𑄨 𑄟𑄧𑄚𑄚𑄴 𑄃𑄬𑄝𑄧 𑄃𑄪𑄚𑄮 𑄃𑄊𑄬।,Present
আরও বেশি করে - শুধু কি সেই কথা?,𑄃𑄢𑄧 𑄛𑄪𑄏𑄢𑄴 𑄉𑄧𑄢𑄬 - 𑄝𑄚 𑄇𑄨 𑄥𑄬 𑄇𑄧𑄙?,Present
উসিঙে ফরাক দিে গাল দিে বলে-উত্তর দক্ষিণ মেে রেছে এইটা সে করে,"𑄃𑄪𑄥𑄨𑄋𑄬 𑄜𑄧𑄢𑄈𑄪𑄣𑄧 𑄓𑄬𑄃𑄨𑄚𑄴 𑄉𑄣𑄚𑄴, 𑄓𑄬𑄚𑄴 𑄦𑄖𑄴 𑄖𑄮𑄃𑄨 𑄞𑄧𑄘𑄬𑄃𑄨 𑄇𑄧𑄠𑄴 - 𑄃𑄪𑄖𑄴𑄖𑄧𑄢𑄴 𑄘𑄧𑄊𑄨𑄚𑄧 𑄟𑄬𑄠𑄳𑄠𑄬 𑄢𑄬𑄉 𑄝𑄧𑄎𑄯𑄇𑄴 𑄃𑄨𑄠𑄚𑄴 𑄘𑄧 𑄖𑄬 𑄃𑄃𑄮𑄌𑄴 𑄉𑄧𑄢𑄬।",Present
. ফোঁাগুলো একটুও থামে না,𑄜𑄧𑄢𑄈𑄪𑄣𑄧 𑄇𑄇𑄴𑄈𑄧𑄚𑄴 𑄚𑄧 𑄟𑄙𑄨 𑄗𑄠𑄴।,Present
দক্ষিণ পশ্চিম হাত দিে বুো করে ব্যাঙ মারে,𑄘𑄧𑄊𑄨𑄚𑄴𑄇𑄪𑄣𑄴 𑄦𑄋𑄴𑄢𑄴𑄇𑄪𑄣𑄴 𑄚𑄨𑄚𑄬 𑄝𑄪𑄢𑄧𑄝𑄪𑄢𑄨𑄠𑄬 𑄞𑄬𑄃𑄨𑄘𑄮 𑄉𑄧𑄛𑄴 𑄟𑄢𑄧𑄚𑄴।,Present
সে হারিে গেছে দিন গুলো বিজের ছিঁে পতেছে,𑄥𑄬 𑄦𑄢𑄨𑄠𑄨𑄠𑄬 𑄘𑄨𑄚𑄪𑄚𑄴 𑄝𑄨𑄎𑄧𑄉𑄧𑄢𑄴 𑄍𑄨𑄚𑄬 𑄛𑄉𑄖𑄴 𑄃𑄬𑄝𑄧 𑄉𑄧𑄋𑄬𑄃𑄨 𑄉𑄨𑄋𑄬𑄃𑄨 𑄇𑄚𑄬𑄢𑄴।,Present
"বিদ্যুৎ চমকানো বািটা জোরে জোরে চিবিে আনে,কাঁকা কে দূরে ফেলে দো","𑄝𑄨𑄎𑄧𑄉𑄧𑄢𑄴 𑄌𑄧𑄣𑄧𑄚𑄴 𑄘𑄨 𑄊𑄧𑄢𑄝𑄮 𑄟𑄚𑄴 𑄎𑄮𑄢𑄬 𑄇𑄇𑄴𑄇𑄬 𑄇𑄃𑄨 𑄃𑄚𑄬, 𑄇𑄇𑄴 𑄇𑄬 𑄘𑄪𑄢𑄮𑄖𑄴 𑄣𑄪𑄋𑄨 𑄟𑄢𑄨 𑄘𑄳𑄠𑄬।",Present
".বিচার সমে মানুষরা যা,দূর পথটা বাি করতে হ","𑄝𑄨𑄎𑄧𑄉𑄧𑄢𑄴 𑄝𑄨𑄎𑄮𑄣𑄴 𑄛𑄧𑄙𑄧𑄖𑄴 𑄟𑄚𑄴 𑄎𑄳𑄠𑄬 𑄉𑄧𑄢𑄧𑄎𑄬 𑄇𑄃𑄨 𑄃𑄬𑄃𑄨 𑄛𑄚𑄴, 𑄘𑄪𑄢𑄮 𑄛𑄧𑄖𑄴𑄗𑄚𑄴 𑄝𑄘𑄨 𑄉𑄧𑄢 𑄛𑄧𑄢𑄬।",Present
ছিঁা ছিঁে দো লম্বা হে যা,"𑄍𑄨𑄉𑄮𑄚𑄴 𑄍𑄨𑄉𑄮𑄚𑄴 𑄇𑄟𑄧 𑄝𑄇𑄴 𑄎𑄧𑄢 𑄘𑄬 𑄘𑄳𑄠𑄬 𑄘𑄬 𑄘𑄳𑄠𑄬 𑄣𑄟𑄴𑄝 𑄦𑄧𑄠𑄴, 𑄊𑄧𑄚𑄧 𑄦𑄧𑄠𑄴।",Present
এই কাজে তারা দুই জন মিলে যাবে,𑄃𑄬 𑄝𑄉𑄧 𑄇𑄟𑄧𑄖𑄴 𑄖𑄢 𑄎𑄬𑄚𑄬 𑄘𑄨 𑄎𑄧𑄚𑄴।,Future
".এত ব কুি ফুলগুলো যেদিন ফুটে উঠবে,বাগানের রঙে রে উঠবে",𑄃𑄬𑄎𑄚𑄴𑄉𑄧𑄢𑄨 𑄥𑄧𑄖𑄴 𑄥𑄧𑄖𑄴 𑄇𑄪𑄢𑄨𑄜𑄪𑄣𑄴 𑄡𑄬𑄘𑄨𑄚𑄴 𑄜𑄪𑄘𑄨 𑄟𑄬𑄣 𑄙𑄧𑄢𑄨𑄝𑄇𑄴 𑄥𑄨𑄚𑄳𑄠𑄬 𑄝𑄉𑄚𑄴𑄚𑄮 𑄢𑄧𑄋𑄬 𑄢𑄋𑄬 𑄃𑄪𑄙𑄨𑄝𑄧।,Future
পৃথিবীর তাাতাি থাকার ভালো হবে,𑄛𑄨𑄖𑄴𑄗𑄨𑄖𑄴 𑄖𑄨𑄉𑄨 𑄗𑄬𑄝𑄢𑄴 𑄞𑄣𑄬𑄖𑄴 𑄖𑄚𑄴𑄠𑄮 𑄃𑄧𑄏𑄢𑄴 𑄦𑄧𑄝𑄧।,Future
.আবর্জনাগুলো স্তুপ করে - তুমি বুঝছ না?,"𑄜𑄧𑄢𑄈𑄪𑄣𑄧 𑄃𑄘𑄬𑄇𑄳𑄠𑄬𑄉𑄧𑄢𑄨 𑄛𑄪𑄏𑄢𑄴 𑄉𑄧𑄢𑄬 - 𑄃, 𑄖𑄪𑄃𑄨 𑄃𑄧𑄉𑄧𑄙 𑄚𑄧 𑄈𑄌𑄴 ?",Present
উস্কুখুস্কু পাখিকে দেখে বলে,𑄃𑄪𑄥𑄨𑄋𑄬 𑄜𑄧𑄢𑄈𑄪𑄣𑄧𑄢𑄬 𑄢𑄨𑄚𑄨 𑄌𑄬𑄃𑄨 𑄇𑄧𑄠𑄴 - 𑄃।,Present
তুমি এতো বোকা,𑄖𑄪𑄃𑄨 𑄃𑄬𑄘𑄧𑄇𑄴 𑄝𑄪𑄘𑄴𑄙𑄨 𑄛𑄘𑄧𑄣𑄴।,Present
সে আবার এদিকে তাকিে বলে - তুমি কেন আমাকে মনে করো,𑄎𑄬𑄢𑄬 𑄃𑄢𑄧 𑄃𑄬𑄉𑄧𑄖𑄴 𑄖𑄧𑄢𑄴𑄉𑄧𑄢𑄨 𑄇𑄧𑄠𑄴 - 𑄖𑄪𑄃𑄨 𑄟𑄢𑄬 𑄇𑄬𑄚𑄬 𑄥𑄬𑄎𑄚𑄴 𑄟𑄧𑄚𑄬 𑄉𑄧𑄢𑄴 𑄣𑄬।,Present
.ফাঁদুল উসিঙ কথাগুলো একটু লজ্জা করে,𑄜𑄧𑄢𑄈𑄪𑄣𑄧 𑄃𑄪𑄥𑄨𑄋𑄧 𑄇𑄧𑄙 𑄥𑄪𑄚𑄨 𑄃𑄬𑄇𑄴𑄇 𑄣𑄎𑄬 𑄙𑄧𑄢𑄬।,Present
সে জোা দো - ঠিক কথা,𑄎𑄬𑄢𑄬 𑄎𑄮𑄝𑄴 𑄘𑄬 - 𑄒𑄨𑄇𑄴 𑄇𑄧𑄙।,Present
.পাহাের বুো দিে মাছ ধরতে পারা যা না,𑄜𑄧𑄢𑄈𑄪𑄣𑄧 𑄎𑄚𑄬 𑄟𑄚𑄴𑄎𑄮𑄢𑄴 𑄝𑄪𑄌𑄴 - 𑄝𑄇𑄴𑄇 𑄣𑄬𑄉𑄛𑄧𑄢𑄣𑄮𑄃𑄨 𑄟𑄝𑄨 𑄚𑄧 𑄛𑄢𑄬।,Present
বুো- বুো এক গাছে থাকতে পারে না,𑄝𑄪𑄌𑄴 - 𑄝𑄇𑄴𑄇 𑄃 𑄣𑄬𑄉𑄛𑄧𑄢 𑄃𑄬𑄇𑄴 𑄥𑄪𑄘𑄮𑄖𑄴 𑄖𑄋𑄬 𑄚𑄧 𑄛𑄢𑄬।,Present
উুসিঙে আমি তার সাথে কথা বলি,𑄃𑄪𑄪𑄥𑄨𑄋𑄬 𑄟𑄪 𑄥𑄪𑄘𑄬𑄃𑄨 𑄃𑄧𑄉𑄧𑄙 𑄇𑄧𑄠𑄴 𑄇𑄨𑄚 𑄖 𑄟𑄪𑄠𑄚𑄴 𑄢𑄨𑄚𑄨 𑄌𑄠𑄴।,Present
তার আমার সাথে কথা বলতেছে - তুমি এবার ভালো বুদ্ধি করো,𑄖 𑄟𑄪𑄠𑄚𑄴 𑄝𑄧𑄚𑄴 𑄉𑄧𑄢𑄨𑄝𑄖𑄳𑄠𑄬 𑄃𑄬𑄝𑄢𑄧𑄖𑄴 𑄇𑄧𑄠𑄴 - 𑄖𑄪𑄃𑄨 𑄃𑄬𑄥𑄳𑄠𑄬 𑄞𑄧𑄎𑄚𑄴 𑄝𑄪𑄘𑄴𑄙𑄨 𑄃𑄝𑄪𑄎𑄬 𑄘𑄨𑄣𑄬।,Present
.উসিঙে ফরাক কথা বলতে বলতে ভালো করে বলতে হ,𑄃𑄪𑄥𑄨𑄋𑄬 𑄜𑄧𑄢𑄈𑄪𑄣𑄧 𑄇𑄬𑄃𑄨𑄖𑄴 𑄢𑄨𑄚𑄨 𑄌𑄬𑄃𑄨 𑄇𑄧𑄣𑄧 - 𑄌𑄋𑄧𑄧𑄖𑄴𑄖𑄬 𑄇𑄧𑄙 𑄘𑄧 𑄘𑄮𑄣𑄬 𑄇𑄮𑄃𑄨 𑄎𑄚𑄧𑄌𑄴 𑄦𑄧𑄠𑄴।,Present
ফোঁাটা উপরে তুলে দাও -আমি মিথ্যা কথা বলি না,𑄜𑄧𑄢𑄈𑄪𑄣𑄧 𑄃𑄪𑄥𑄨𑄋𑄧 𑄇𑄬𑄃𑄨𑄖𑄴 𑄢𑄨𑄚𑄨 𑄎𑄮𑄝𑄴 𑄘𑄬 - 𑄟𑄪𑄃𑄨 𑄟𑄨𑄏𑄬 𑄚𑄧 𑄇𑄧𑄋𑄧𑄢𑄴 𑄘𑄧।,Present
ফোঁা উঠার সম আমি শুধু তোমার মাকে দেখতেছি,𑄜𑄧𑄢𑄈𑄪𑄣𑄧 𑄃𑄪𑄥𑄨𑄋𑄧 𑄟𑄪𑄠𑄚𑄴 𑄢𑄨𑄚𑄨 𑄌𑄬𑄃𑄨 𑄚𑄬 𑄇𑄧𑄣𑄧 - 𑄖𑄧𑄟𑄴𑄟𑄢𑄬 𑄜𑄧𑄎𑄳𑄠 𑄣𑄉𑄬 𑄘𑄧।,Present
. তারপর আরও কথা বলতেছি-যেটা রাস্তায় পে গেছে তার নাম হলো তোমার মা,𑄎𑄬𑄢𑄬 𑄃𑄢𑄧 𑄇𑄧𑄙 𑄟𑄨𑄎𑄬𑄃𑄨 - 𑄡𑄨𑄚𑄳𑄠𑄬 𑄣𑄧𑄚𑄴𑄌𑄧𑄖𑄴 𑄣𑄇𑄴 𑄛𑄛𑄨 𑄦𑄪𑄠𑄬𑄃𑄨 𑄟𑄳𑄦𑄧𑄣𑄴 𑄉𑄧𑄌𑄴𑄌𑄮𑄋𑄴 𑄖𑄧𑄟𑄴𑄟 𑄜𑄧𑄎𑄳𑄠।,Present
.উসিঙে একা একা মেেটা কথা বলে না-ই,𑄃𑄪𑄥𑄨𑄋𑄬 𑄃𑄧𑄚𑄳𑄠𑄧 𑄟𑄮𑄇𑄳𑄠𑄬 𑄢𑄨𑄚𑄨 𑄌𑄬𑄃𑄨 𑄚𑄬 𑄇𑄮𑄃𑄨 𑄃𑄪𑄙𑄬 - 𑄃𑄨𑄌𑄴।,Present
আমার জন্য সমাজটা আসতেছে,𑄟𑄧𑄢𑄴 𑄘𑄬 𑄥𑄧𑄟𑄎𑄳𑄠 𑄃𑄬𑄝𑄇𑄳𑄠𑄬।,Present
এত ব বাতাস আছে,𑄃𑄬𑄘𑄧𑄇𑄴𑄈𑄧𑄚𑄴 𑄝𑄌𑄴𑄌𑄬𑄃𑄨 𑄃𑄊𑄧𑄚𑄴 𑄃𑄧𑄞𑄧𑄣𑄴।,Present
দুইজনে আলাদা হওা,𑄘𑄧𑄎𑄧𑄚𑄬 𑄜𑄢𑄧𑄇𑄴 𑄦𑄧𑄚𑄴।,Present
.ফসলের চিন্তা করতে করতে মেেটা পাখানা করে ফেললো।,𑄜𑄧𑄢𑄈𑄪𑄣𑄧 𑄞𑄝𑄨 𑄞𑄝𑄨 𑄣𑄢𑄬 𑄣𑄢𑄬 𑄦𑄧𑄣𑄧 𑄟𑄮𑄇𑄳𑄠𑄬 𑄈𑄪𑄌𑄴 𑄜𑄬𑄣𑄠𑄴।,Past
উসিঙে গেে যাওা,𑄃𑄪𑄥𑄨𑄋𑄬 𑄉𑄬𑄘𑄮 𑄟𑄮𑄇𑄳𑄠𑄬 𑄡𑄠𑄮𑄃𑄨।,Present
এত কষ্ট দেখে সে চোখ বাঁকা করে,𑄡𑄬𑄘𑄧𑄇𑄴 𑄈𑄧𑄚𑄴 𑄘𑄬𑄊𑄬 𑄢𑄨𑄚𑄨 𑄌 𑄌𑄨 𑄉𑄧𑄢𑄧𑄚𑄴 ।,Present
. ফলে চোখ বন্ধ করে হাটতে হ,𑄎𑄬𑄢𑄬 𑄌𑄮𑄇𑄴 𑄜𑄨𑄢𑄬 𑄣𑄮𑄃𑄨 𑄟𑄪𑄎𑄪𑄋𑄬 𑄛𑄧𑄙𑄧𑄖𑄴 𑄌𑄮𑄇𑄴𑄈𑄪𑄚𑄴 𑄛𑄧𑄢𑄧𑄚𑄴।,Present
এক জাতী ফল যা তরকারি হিসেবে ব্যবহৃত হ,𑄜𑄧𑄢𑄈𑄪𑄣𑄧 𑄃𑄧𑄚𑄢𑄴 𑄥𑄴 𑄢𑄬𑄎𑄣𑄴 𑄑𑄴 𑄚𑄧𑄉𑄧𑄣𑄧𑄣𑄧।,Present
"ভালোভাবে পাে যাওা, ভালোভাবে পাা",𑄉𑄧𑄟𑄬 𑄛𑄥𑄴 𑄉𑄮𑄎𑄳𑄠𑄬।,Present
.তার মামার কাছ থেকে খবর শুনে খেেছি,𑄖𑄟𑄴 𑄟𑄘𑄊𑄨 𑄈𑄧𑄝𑄧𑄢𑄴 𑄥𑄪𑄚𑄨𑄚𑄬 𑄈𑄨𑄏𑄨।,Present
বািতে যেতে পারে না,𑄊𑄧𑄢𑄧𑄖𑄴 𑄡𑄬𑄃𑄨 𑄚𑄧 𑄛𑄢𑄬𑄢𑄴।,Present
আগের সেই অবস্থা আর নেই,𑄃𑄉𑄧 𑄥𑄚𑄴 𑄃𑄧𑄇𑄴 𑄖𑄧 𑄚𑄬𑄃𑄨 𑄃𑄢𑄴।,Present
উসিঙর-ও পরীক্ষা খেে,𑄃𑄪𑄥𑄨𑄋𑄧𑄢𑄴 𑄠𑄮 𑄛𑄧𑄢𑄨𑄇𑄴 𑄈𑄬 𑄇𑄪𑄢𑄬 𑄇𑄪𑄢𑄬।,Present
এক দিন ইুনির সিটির পাশ দিে হেঁটে হেঁটে বের হে যাচ্ছে,𑄃𑄬𑄇𑄴 𑄘𑄨𑄚𑄴 𑄃𑄨𑄠𑄪𑄚𑄨𑄞𑄢𑄴 𑄥𑄨𑄑𑄨 𑄇𑄪𑄢𑄬 𑄇𑄪𑄢𑄬 𑄉𑄃𑄨 𑄉𑄃𑄨 𑄥𑄎𑄧𑄚𑄳𑄠 𑄝𑄬𑄢𑄴।,Present
কত ব পাহাে আবার ফিরে আসলো,𑄇𑄧𑄖𑄴 𑄘𑄪𑄢𑄴 𑄦𑄘𑄨 𑄃𑄢𑄧 𑄦𑄧𑄣𑄧 𑄟𑄮𑄇𑄳𑄠𑄬 𑄜𑄨𑄢𑄬 𑄙𑄧𑄢𑄴𑄣𑄧।,Past
.এত বে বে তুংপুংকে লাগে,𑄃𑄬𑄖𑄴𑄖𑄬 𑄃𑄬𑄖𑄴𑄖𑄬 𑄖𑄪𑄋𑄴𑄛𑄪𑄘𑄨𑄢𑄬 𑄣𑄉𑄧𑄖𑄴 𑄛𑄬𑄣𑄧।,Present
তার পাশে একজন,𑄖 𑄥𑄧𑄟𑄢𑄬 𑄃𑄬𑄇𑄴𑄎𑄧𑄚𑄴।,Present
মেেরা হলে যে ফিরে,𑄟𑄨𑄣𑄬 𑄦𑄧𑄣𑄧𑄖𑄴 𑄇 𑄃𑄨𑄘𑄪 𑄡𑄬𑄃𑄨 𑄜𑄨𑄢𑄧𑄘𑄧𑄚𑄴।,Present
তুংপুদি কলা - এবার তো জঙ্গল হেছে,𑄖𑄪𑄋𑄴𑄛𑄪𑄘𑄨 𑄇𑄧‘𑄢𑄴 - 𑄃𑄬𑄝𑄢𑄧𑄖𑄴 𑄘𑄧 𑄃𑄬𑄇𑄴𑄢𑄬 𑄉𑄘𑄧𑄥𑄛𑄴 𑄦𑄪𑄠𑄮𑄌𑄴 𑄦𑄧𑄠𑄴।,Present
ফোঁাটা বন্ধ করে দিল - পরীক্ষা উত্তীর্ণ হওা যা,𑄜𑄧𑄢𑄈𑄪𑄣𑄧 𑄎𑄮𑄝𑄴 𑄘𑄨𑄣𑄧 - 𑄛𑄧𑄢𑄨𑄇𑄴𑄈𑄬 𑄟𑄪𑄎𑄪𑄋𑄬 𑄘𑄧।,Past
শুনতেছি তো,𑄥𑄪𑄚𑄴𑄚𑄮𑄋𑄴 𑄘𑄧।,Present
তুংপুটি ফোঁাটাকে বারবার দেখে নাও,𑄖𑄪𑄋𑄴𑄛𑄪𑄘𑄨 𑄜𑄧𑄢𑄈𑄪𑄣𑄧𑄢𑄬 𑄢𑄨𑄚𑄨 𑄌𑄬𑄃𑄨 𑄇𑄧𑄣𑄧।,Present
আরও কল-বাঙি খেলার সম স্থির হেছে তো,𑄃𑄢𑄧 𑄇𑄧𑄣𑄧 - 𑄝𑄋𑄮𑄘𑄨 𑄝𑄬𑄃𑄨𑄘𑄊𑄨 𑄈𑄉𑄢𑄥𑄪𑄢𑄨 𑄗𑄨𑄘𑄮 𑄦𑄪𑄃𑄨𑄠𑄮𑄚𑄴𑄘𑄮𑄃𑄨 𑄘𑄧।,Present
ফোঁাটা এই কথাগুলো শুনে মনে পে গেল,𑄜𑄧𑄢𑄈𑄪𑄣𑄧 𑄃𑄬 𑄇𑄧𑄙𑄠𑄚𑄴 𑄥𑄪𑄚𑄨𑄚𑄬 𑄟𑄧𑄚𑄬 𑄟𑄧𑄚𑄬 𑄈𑄪𑄏𑄨 𑄦𑄧𑄣𑄧।,Past
মনে হ এইবারে যেতে একটু সম হবে,𑄞𑄝𑄬𑄢𑄴 𑄃𑄬𑄝𑄢𑄧𑄖𑄴 𑄡𑄘𑄬 𑄃𑄬𑄇𑄴𑄇 𑄥𑄧𑄟𑄬𑄃𑄨 𑄡𑄬𑄝𑄢𑄴 𑄌𑄬𑄝𑄧।,Future
".শুধু মনে পে যাচ্ছে,এতদিন খবর নাই",𑄈𑄣𑄨𑄇𑄴 𑄟𑄧𑄚𑄬 𑄎𑄚𑄴𑄘 𑄘𑄬𑄢𑄴 𑄝𑄋𑄮𑄘𑄨𑄘𑄊𑄨𑄣𑄮𑄃𑄨 𑄃𑄬𑄘𑄧𑄇𑄴𑄘𑄨𑄚𑄴 𑄈𑄧𑄝𑄧𑄢𑄴 𑄣𑄮 𑄣𑄨 𑄚𑄬𑄃𑄨।,Present
হাজার হলেও বোন ব হলেও কোনদিন তাকে ফেলে দিতে পারবে না,𑄦𑄎𑄢𑄴 𑄦𑄧𑄣𑄬𑄠𑄮 𑄝𑄮𑄚𑄴 𑄝𑄋𑄮𑄘𑄨 𑄇𑄧𑄚𑄧𑄘𑄨𑄚𑄴 𑄖𑄢𑄬 𑄜𑄬𑄣𑄬𑄃𑄨 𑄚𑄧 𑄛𑄢𑄨𑄝𑄧।,Future
"এখানে আবার খবর পাওা হেছে, লালমাা কলেজে বি. এ. ভর্তি হেছে",𑄃𑄨𑄚𑄴𑄘𑄨 𑄃𑄢𑄧 𑄈𑄧𑄝𑄧𑄢𑄴 𑄛𑄬𑄣𑄧 𑄝𑄋𑄮𑄘𑄨 𑄃. 𑄃𑄬 . 𑄛𑄥𑄴 𑄉𑄧𑄢𑄨 𑄢𑄋𑄟𑄖𑄳𑄠𑄬 𑄇𑄧𑄣𑄬𑄎𑄧𑄖𑄴 𑄝𑄨. 𑄃𑄬. 𑄞𑄧𑄖𑄴𑄖𑄨 𑄦𑄪𑄠𑄬।,Present
খাগাগুলো ঠিক হলেও পরীক্ষা দো লাগবে,𑄈𑄉𑄢𑄥𑄪𑄢𑄨 𑄗𑄨𑄘𑄮 𑄦𑄧𑄣𑄬𑄠𑄮 𑄛𑄧𑄢𑄨𑄇𑄴𑄈𑄬 𑄘𑄬 𑄘𑄳𑄠𑄬 𑄢𑄋𑄟𑄖𑄳𑄠𑄬 𑄃𑄬𑄝𑄧।,Future
তুংপুং কথা গুলো তার মনে পেছে,𑄖𑄪𑄋𑄴𑄛𑄪𑄘𑄨 𑄇𑄧𑄙𑄚𑄨 𑄖 𑄟𑄧𑄚𑄚𑄴 𑄈𑄪𑄏𑄨 𑄦𑄮𑄃𑄨 𑄃𑄪𑄙𑄨𑄣𑄧।,Present
সে তুংপুং কল-বািতে যাও,𑄎𑄬𑄢𑄬 𑄖𑄪𑄋𑄴𑄛𑄪𑄘𑄨 𑄇𑄧𑄣𑄧 - 𑄊𑄧𑄢𑄧𑄖𑄴 𑄝𑄨𑄣𑄬 𑄡𑄬 𑄘𑄬।,Present
. ফোঁা ফোঁা করছে -কি যেন আসতেছে,𑄜𑄧𑄢𑄈𑄪𑄣𑄧 𑄛𑄪𑄏𑄢𑄴 𑄉𑄧𑄢𑄴𑄣𑄧 - 𑄇𑄨 𑄝 𑄃𑄬𑄥𑄳𑄠𑄬 𑄘𑄬।,Present
পানি আসতেছে তো,𑄃𑄮𑄝𑄢𑄧𑄖𑄴 𑄃𑄬𑄥𑄳𑄠𑄬 𑄘𑄧।,Present
তুংপুং কথা বলে আবার ভ পেল - তোমার ব বিপদ,𑄖𑄪𑄋𑄴𑄛𑄪𑄘𑄨 𑄇𑄮𑄃𑄨 𑄎𑄬𑄢𑄬 𑄃𑄢𑄧 𑄓𑄧𑄢𑄴 𑄘𑄬𑄊𑄬𑄣𑄧 - 𑄖𑄧𑄢𑄴 𑄝𑄧𑄢𑄴 𑄘𑄧𑄏।,Present
তুংপুি মুখ চেপে ধরে হাসছে,𑄖𑄪𑄋𑄴𑄛𑄪𑄘𑄨 𑄟𑄪 𑄌𑄨𑄝𑄬𑄃𑄨 𑄌𑄨𑄝𑄬𑄃𑄨 𑄦𑄏 𑄙𑄧𑄢𑄴𑄣𑄧।,Present
. ফোঁাটা তার কানের দিকে তাকিয়ে আছে।,𑄜𑄧𑄢𑄈𑄪𑄣𑄧 𑄖 𑄇𑄬𑄃𑄨𑄖𑄴 𑄢𑄨𑄚𑄨 𑄌𑄬𑄃𑄨 𑄃𑄊𑄬।,Present
. ফোঁা বা ফোঁা কথা বলতে বলতে ঠোঁট বাঁকা করে বলে।,𑄜𑄧𑄢𑄈𑄪𑄣𑄧 𑄎𑄚𑄬 𑄖𑄪𑄋𑄴𑄛𑄪𑄘𑄨 𑄇𑄧𑄙 𑄝𑄢𑄬𑄃𑄨 𑄇𑄧𑄠𑄴।,Present
সে বামহাতিকে বলে না এই বামহাতি,𑄇𑄧𑄙 𑄖𑄬 𑄝𑄋𑄮𑄘𑄨𑄢𑄬 𑄚𑄧 𑄇𑄧𑄝𑄧 𑄃𑄨𑄠𑄚𑄴 𑄝𑄨𑄌𑄴𑄌𑄬𑄌𑄴 𑄚𑄬𑄃𑄨।,Present
খালি হাতে ধরে নাও - তার বাপ কানে পেছে,𑄈𑄣𑄨𑄇𑄴 𑄝𑄚 𑄌𑄨𑄙𑄬𑄃𑄨 𑄙𑄧𑄢𑄴 𑄣𑄧 - 𑄎𑄧𑄚𑄨 𑄖 𑄝𑄝𑄧 𑄇𑄚𑄧𑄖𑄴 𑄣𑄪𑄋𑄬𑄉𑄮𑄃𑄨।,Present
"সে ভালো হেছে তো,তার পরে কথা বলে","𑄥𑄨𑄠𑄚𑄴 𑄎𑄧𑄚𑄨 𑄦𑄧𑄠𑄴 𑄖𑄪𑄋𑄴𑄛𑄪𑄘𑄨 𑄟, 𑄖 𑄛𑄨𑄏𑄬𑄃𑄨 𑄇𑄧𑄝𑄧।",Present
এগুলো ভাবি পা কামারা ধরলো,𑄃𑄨𑄠𑄚𑄴 𑄞𑄝𑄨 𑄛𑄧𑄢𑄚𑄴 𑄇𑄟𑄢 𑄙𑄧𑄢𑄴𑄣𑄧।,Past
তুংপুং দিে আলাদা হে-এই কথাটা চিন্তা করে ঠোঁটটা বাঁকা হ,𑄖𑄪𑄋𑄴𑄛𑄪𑄘𑄨𑄘𑄊𑄨𑄣𑄮𑄃𑄨 𑄜𑄢𑄧𑄇𑄴 𑄦𑄮𑄃𑄨 - 𑄃𑄬 𑄇𑄧𑄙 𑄞𑄝𑄨 𑄞𑄝𑄨 𑄈𑄪𑄌𑄴 𑄝𑄢 𑄙𑄧𑄎𑄳𑄠।,Present
. ফরা করতে পারে না বলে তাকে বামহাতি সমস্যা পতে হ,𑄜𑄧𑄢𑄈𑄪𑄣𑄧 𑄎𑄚𑄬 𑄖𑄪𑄋𑄴𑄛𑄪𑄘𑄨 𑄟 𑄚𑄧 𑄝𑄪𑄏𑄬𑄣𑄬 𑄖 𑄝𑄝𑄧𑄢𑄬 𑄝𑄋𑄮𑄘𑄨𑄘𑄊𑄨 𑄘𑄧𑄏𑄖𑄴 𑄖𑄬𑄠𑄮 𑄛𑄧𑄢𑄬𑄢𑄴।,Present
তুংপুিেকে বুঝে শুনে কাজ করতে হবে,𑄖𑄪𑄋𑄴𑄛𑄪𑄘𑄨 𑄢𑄬 𑄝𑄪𑄏𑄬𑄃𑄨 𑄥𑄪𑄚𑄬𑄃𑄨 𑄇𑄮𑄃𑄨𑄚𑄬 𑄖𑄟𑄴 𑄟𑄢𑄬 𑄇𑄮𑄃𑄨 𑄛𑄧𑄢𑄨𑄝𑄧।,Future
একজন তার বািতে যাওা ঠিক হবে না,𑄃𑄨𑄇𑄴𑄇𑄪 𑄖𑄢𑄴 𑄊𑄧𑄢𑄧𑄖𑄴 𑄡𑄚 𑄒𑄨𑄇𑄴 𑄚𑄧 𑄦𑄧𑄝𑄧।,Future
.হলে ফিরে বুদ্ধি জুে আছে,𑄦𑄧𑄣𑄧𑄖𑄴 𑄜𑄨𑄢𑄨 𑄝𑄪𑄘𑄴𑄙𑄨 𑄎𑄪𑄢𑄧 𑄙𑄧𑄎𑄳𑄠𑄬।,Present
তুংপুদি আসতে না দিলে তার বিপদ কেটে যা,𑄖𑄪𑄋𑄴𑄛𑄪𑄘𑄨 𑄃𑄬𑄎𑄣𑄴 𑄚𑄧 𑄘𑄨𑄣𑄬 𑄖𑄢𑄴 𑄘𑄧𑄏 𑄇𑄟𑄇𑄴𑄇𑄠𑄴।,Present
তুংপুি তাকে পাইলেই বলে,𑄖𑄪𑄋𑄴𑄛𑄪𑄘𑄨 𑄢𑄬 𑄣𑄉𑄧𑄖𑄴 𑄛𑄬𑄣𑄬 𑄝𑄪𑄏𑄬𑄃𑄨 𑄇𑄧𑄠𑄴।,Present
তুংপুতে বুো পোকাে যে কোন ক্লাস চলবে না,𑄖𑄪𑄋𑄴𑄛𑄪𑄘𑄨 𑄝𑄪𑄌𑄴 𑄛𑄬𑄃𑄨𑄚𑄬 𑄜𑄧𑄢𑄈𑄪𑄣𑄧𑄢𑄬 𑄃𑄧𑄚𑄢𑄴𑄥𑄴 𑄛𑄧𑄢𑄨𑄇𑄴𑄈𑄬 𑄡𑄬𑄇𑄴𑄇𑄬 𑄥𑄬𑄇𑄴𑄇𑄬 𑄇𑄬𑄣𑄌𑄴 𑄚𑄧 𑄌𑄧𑄣𑄨𑄝𑄧।,Future
লালমাা যেহেতু তার মা আর ছেলে ভালো করে কথা বলে,𑄢𑄋𑄟𑄖𑄳𑄠𑄬 𑄡𑄬𑄃𑄨𑄚𑄬 𑄖𑄟𑄴𑄟𑄣𑄮𑄃𑄨 𑄉𑄧𑄟𑄬 𑄇𑄧𑄙 𑄇𑄧𑄝𑄧 𑄝𑄨𑄣𑄨 𑄘𑄨𑄎𑄧𑄚𑄬 𑄥𑄧𑄣𑄴𑄣 𑄉𑄧𑄢𑄴𑄣𑄇𑄴।,Present
.পঁচার পরীক্ষার পর দুইজনে বািতে গেল,𑄜𑄧𑄢𑄈𑄪𑄣𑄧 𑄟𑄥𑄴𑄑𑄢𑄴𑄥𑄴 𑄛𑄧𑄢𑄨𑄇𑄴𑄈𑄬 𑄘𑄨 𑄢𑄋𑄟𑄖𑄳𑄠𑄬 𑄦𑄮𑄃𑄨𑄚𑄬 𑄊𑄧𑄢𑄧𑄖𑄴 𑄉𑄬𑄣𑄧।,Past
"তার অভ্যাসটা থাকল না,সমাজের বািতে এক রাত থাকার পর তার কেলটা লিে নিল","𑄖 𑄛𑄨𑄏𑄬𑄋𑄃𑄨𑄘𑄪 𑄚𑄧 𑄗𑄬𑄣𑄧, 𑄥𑄧𑄟𑄎𑄳𑄠 𑄊𑄧𑄢𑄧𑄖𑄴 𑄃𑄬𑄇𑄴 𑄢𑄬𑄖𑄴 𑄗𑄬𑄚𑄬 𑄖 𑄇𑄬𑄣𑄳𑄠𑄬 𑄣𑄧𑄚𑄴𑄌𑄧𑄖𑄴 𑄉𑄧𑄢𑄨 𑄣𑄧𑄢𑄴 𑄘𑄨𑄣𑄧।",Past
খাগাতাি এসে বািে উঠল,𑄈𑄉𑄢𑄥𑄪𑄢𑄨𑄖𑄴 𑄃𑄬𑄃𑄨𑄚𑄬 𑄝𑄋𑄮𑄘𑄨𑄘𑄊𑄨 𑄊𑄧𑄢𑄧𑄖𑄴 𑄃𑄪𑄙𑄨𑄣𑄧।,Past
রাস্তা দিে হেঁটে যাওা বাি,𑄢𑄮𑄓𑄴 𑄓𑄨𑄞𑄨𑄥𑄧𑄚𑄧 𑄇𑄮𑄠𑄑𑄢𑄴 𑄃𑄧𑄏𑄢𑄴 𑄊𑄧𑄢𑄴।,Present
আদেকাজে দুই ঘর,𑄃𑄘𑄬𑄇𑄎𑄬 𑄘𑄨 𑄃𑄬𑄇𑄴 𑄊𑄧𑄢𑄴।,Present
"কারেন্ট,পানি উনো নেই","𑄇𑄢𑄬𑄚𑄴𑄑𑄴, 𑄛𑄚𑄨 𑄃𑄪𑄚𑄮 𑄚𑄬𑄃𑄨।",Present
ফোঁাটা ভালো লাগছে,𑄜𑄧𑄢𑄈𑄪𑄣𑄧𑄢𑄴 𑄉𑄧𑄟𑄴 𑄣𑄉𑄨𑄣𑄧।,Present
মনের মতো বািে ঢুকলাম,𑄟𑄧𑄚𑄴𑄟𑄧𑄢 𑄉𑄧𑄢𑄨 𑄝𑄋𑄮𑄘𑄨𑄘𑄊𑄨 𑄊𑄧𑄢𑄧𑄖𑄴 𑄥𑄧𑄟𑄨𑄣𑄧।,Past
"ব্যাঙের দোল, একটা বছর পার হে আরেকটা স্কুলে যা","𑄝𑄋𑄮𑄘𑄨𑄢𑄴 𑄘𑄨𑄝𑄬 𑄛𑄮, 𑄃𑄨𑄇𑄴 𑄇𑄮 𑄃𑄬𑄇𑄴 𑄝𑄧𑄏𑄧𑄢𑄴 𑄛𑄪𑄢𑄧𑄋𑄴 𑄛𑄪𑄢𑄧𑄋𑄴 , 𑄃𑄢𑄬𑄇𑄴𑄇𑄮 𑄃𑄨𑄥𑄴𑄇𑄪𑄣𑄧𑄖𑄴 𑄡𑄠𑄴।",Present
কাজ করে এক মহিলা আংটা হেছে,𑄇𑄟𑄴 𑄉𑄧𑄢𑄨𑄠𑄳𑄠𑄬 𑄟𑄨𑄣𑄬 𑄃𑄬𑄇𑄴𑄇𑄮 𑄃 𑄝𑄋𑄮𑄘𑄨 𑄎𑄟𑄬𑄝𑄮।,Present
বাঁশের ফোঁাগুলো দিে কুচি কুচি করে কাটা,𑄝𑄋𑄮𑄘𑄨 𑄜𑄧𑄢𑄈𑄪𑄣𑄧𑄢𑄬 𑄘𑄬𑄃𑄨𑄚𑄬 𑄈𑄪𑄏𑄨।,Present
বোই মাটি দিে ভাত খেেছে,𑄝𑄬𑄚𑄳𑄠𑄬 𑄟𑄙𑄚𑄴 𑄉𑄘𑄨𑄉𑄘𑄃𑄨 𑄘𑄨𑄝𑄬 𑄞𑄖𑄴 𑄈𑄬𑄣𑄧।,Present
কাকের খের কারণে বোদোি জাগা তুন নিে এসেছে,𑄇𑄇𑄴 𑄈𑄧𑄚𑄴 𑄎𑄬𑄢𑄬 𑄝𑄋𑄮𑄘𑄨 𑄎𑄟𑄬𑄝𑄮 𑄃𑄧𑄞𑄨𑄎𑄮𑄖𑄴 𑄖𑄪𑄚𑄴 𑄣𑄪𑄋𑄨𑄣𑄧𑄉𑄨।,Present
"হঠাৎ করে গািে ভাত খেে,পাহাের গািে বাজার করতে গেল","𑄇𑄇𑄴𑄈𑄧𑄚𑄴 𑄎𑄨𑄢𑄬𑄃𑄨 𑄉𑄘𑄨𑄉𑄘𑄃𑄨 𑄞𑄖𑄴 𑄈𑄬𑄃𑄨, 𑄒𑄬𑄋𑄴 𑄉𑄢𑄨𑄣𑄮𑄖𑄴 𑄝𑄎𑄢𑄧 𑄏𑄧𑄣𑄝𑄮 𑄣𑄮𑄃𑄨 𑄝𑄎𑄢𑄧𑄖𑄴 𑄉𑄬𑄣𑄧।",Past
ঘন্টা শেষে ফিরে আসলো,𑄊𑄧𑄚𑄴𑄑 𑄟𑄪𑄣𑄧 𑄎𑄬𑄢𑄬𑄘𑄨 𑄜𑄨𑄢𑄨𑄣𑄧।,Past
তরকারিটা কোথা কেটে গেল,𑄖𑄮𑄚𑄴𑄛𑄖𑄴 𑄇𑄪𑄖𑄴𑄖𑄬 𑄇𑄪𑄖𑄴𑄖𑄬 𑄥𑄌𑄴 𑄉𑄧𑄋𑄨 𑄉𑄬𑄣𑄧।,Past
ভাত-তরকারি ঠিক হেছে,𑄞𑄖𑄴 - 𑄖𑄮𑄚𑄴 𑄎𑄪𑄉𑄮𑄣𑄴 𑄦𑄮 𑄙𑄧𑄢𑄴𑄣𑄧।,Present
বাটিতে বসে তিন জনে কথা বলছে,𑄛𑄨𑄎𑄮𑄢𑄧𑄖𑄴 𑄝𑄮𑄃𑄨𑄚𑄬 𑄖𑄨𑄚𑄴 𑄎𑄧𑄚𑄬 𑄇𑄧𑄙 𑄇𑄪𑄃𑄧𑄝𑄪𑄣𑄮 𑄉𑄧𑄢𑄴 𑄖𑄧𑄚𑄴।,Present
.ফসলের আাআিভাবে কথা উঠতেছে,𑄜𑄧𑄢𑄈𑄪𑄣𑄧𑄢𑄴 𑄃𑄟𑄨𑄎 𑄞𑄝𑄧𑄚 𑄇𑄧𑄇𑄴𑄇𑄬 𑄇𑄧𑄙 𑄃𑄪𑄙𑄬।,Present
একটু ছেঁা পেলে বামহাতি বাচ্চাটি লাফিে লাফিে বলে,𑄃𑄬𑄇𑄴𑄇 𑄍𑄬𑄢𑄴 𑄛𑄬𑄣𑄬 𑄝𑄋𑄮𑄘𑄨 𑄍𑄨𑄉𑄮𑄚𑄴 𑄚𑄮𑄢𑄬 𑄣𑄮𑄃𑄨 𑄜𑄧𑄢𑄈𑄪𑄣𑄧 𑄇𑄪𑄢𑄬 𑄝𑄧𑄣𑄧𑄉𑄨।,Present
. ফোঁাটা মনে পে কি কথা উঠে,𑄜𑄧𑄢𑄈𑄪𑄣𑄧𑄢𑄴 𑄟𑄧𑄚𑄬 𑄎𑄚𑄴𑄘 𑄘𑄬𑄢𑄴 𑄇𑄨 𑄇𑄧𑄙 𑄃𑄪𑄙𑄬।,Present
উন্দু ব্যাঙের ছাতাটা অনেক বেশি ভাত-তরকারি পে দেখে সে এখানে এসেছে,𑄃𑄪𑄚𑄴𑄘𑄨 𑄝𑄋𑄮𑄘𑄨 𑄎𑄟𑄬𑄝𑄮 𑄃𑄧𑄇𑄴𑄖𑄧 𑄃𑄧𑄇𑄴𑄖𑄧 𑄞𑄖𑄴 - 𑄖𑄮𑄚𑄴 𑄛𑄨𑄣𑄬 𑄢𑄨𑄚𑄨 𑄌𑄬𑄃𑄨 𑄖𑄬𑄠𑄮 𑄇𑄪𑄢𑄬 𑄃𑄬𑄃𑄨 𑄝𑄧𑄏𑄬𑄉𑄨।,Present
কথা তুলতে না চাওা,𑄇𑄧𑄙 𑄖𑄪𑄣𑄧𑄛𑄢 𑄦𑄧𑄢𑄴।,Present
.মা দিে আসার সমে ব কথা বললো,𑄟 𑄘𑄨𑄝𑄢𑄴 𑄦𑄧𑄣𑄧 𑄃𑄬𑄎𑄬𑄖𑄴𑄖𑄬 𑄇𑄮𑄃𑄨𑄚𑄬 𑄝𑄋𑄮𑄘𑄨 𑄇𑄧𑄙 𑄟𑄬𑄣𑄨𑄣𑄧।,Past
ফোঁাটা বািে পলো,𑄜𑄧𑄢𑄈𑄪𑄣𑄧 𑄝𑄋𑄮𑄘𑄨𑄢𑄬 𑄛𑄪𑄏𑄢𑄴 𑄉𑄧𑄢𑄴𑄣𑄧।,Present
একনাগাে,𑄃𑄬𑄇𑄴𑄝𑄢𑄴 𑄡𑄨𑄠𑄬𑄃𑄨।,Present
বিালটা যে বিালের শব্দ করে,𑄝𑄬𑄚𑄳𑄠𑄬 𑄡𑄬𑄃𑄨𑄚𑄬 𑄝𑄬𑄣𑄳𑄠𑄬 𑄜𑄧𑄌𑄴𑄎𑄬𑄉𑄮𑄃𑄨।,Present
ব্যাঙের খোলসকে আবার কল,𑄝𑄋𑄮𑄘𑄨 𑄜𑄧𑄢𑄈𑄪𑄣𑄧𑄢𑄬 𑄃𑄢𑄧 𑄇𑄧𑄣𑄧।,Present
ফোঁা বাঙিে কথা শুনে মনে হ সে বাঙিে বেেছে,𑄜𑄧𑄢𑄈𑄪𑄣𑄧 𑄝𑄋𑄮𑄘𑄨 𑄇𑄧𑄙 𑄥𑄪𑄚𑄨𑄚𑄬 𑄟𑄧𑄚𑄬 𑄟𑄧𑄚𑄬 𑄞𑄝𑄬𑄢𑄴 𑄥𑄣𑄬 𑄝𑄋𑄮𑄘𑄨 𑄝𑄬𑄝𑄬𑄃𑄨 𑄘𑄮𑄢𑄚𑄴 𑄈𑄪𑄣𑄳𑄠𑄬।,Present
এইবার আমি,𑄃𑄬𑄝𑄢𑄧𑄖𑄴 𑄟𑄧‘𑄠𑄬𑄚𑄴।,Present
বাঁশটা কি বলে যে সে মেেটা কান পাতা আছে,𑄝𑄋𑄮𑄘𑄨 𑄇𑄨 𑄇𑄧𑄠𑄴 𑄥𑄬 𑄟𑄮𑄇𑄳𑄠𑄬 𑄇𑄚𑄴 𑄛𑄘𑄨 𑄃𑄊𑄬।,Present
এক জাতী ব ব্যাঙটাকে দেখে কল দাও,𑄃𑄘𑄬𑄇𑄳𑄠𑄬𑄉𑄧𑄢𑄨 𑄝𑄋𑄮𑄘𑄨 𑄎𑄟𑄬𑄝𑄮 𑄜𑄧𑄢𑄈𑄪𑄣𑄧𑄢𑄬 𑄌𑄬𑄃𑄨 𑄇𑄧𑄣𑄧- 𑄃।,Present
.তাকেও কেন আনা হ না,𑄃𑄮𑄖𑄢𑄬𑄠𑄮 𑄇𑄨𑄠 𑄚𑄧 𑄃𑄚𑄨𑄣𑄬।,Present
সে আবার যোগা করলো-সিেটা একটু রিক্সা দেখতেছি,𑄎𑄬𑄢𑄬 𑄃𑄢𑄧 𑄎𑄧𑄢 𑄘𑄨𑄣𑄧 - 𑄥𑄨𑄚𑄳𑄠𑄬 𑄃𑄬𑄇𑄴𑄇𑄉𑄧𑄢𑄨 𑄢𑄨𑄇𑄴𑄥𑄖𑄴 𑄘𑄬𑄈𑄳𑄠𑄬𑄋𑄴 ।,Present
সে তো মনে পা,𑄃𑄳𑄠𑄬𑄚𑄬 𑄘𑄧 𑄟𑄧𑄚𑄧𑄖𑄴 𑄛𑄧𑄎𑄳𑄠।,Present
ফরারুলের মাথা গিে গিে যা,𑄜𑄧𑄢𑄈𑄪𑄣𑄧𑄢𑄴 𑄣𑄪𑄃𑄧 𑄥𑄨𑄢𑄬𑄖𑄴 𑄎𑄬𑄚𑄬 𑄉𑄧𑄋𑄴 𑄝𑄢𑄨 𑄡𑄨𑄠𑄬।,Present
পরানের বািটা ধুধুুুে পেছে,𑄛𑄧𑄢𑄚𑄴 𑄊𑄧𑄢𑄚𑄴 𑄙𑄪𑄉𑄪𑄖𑄴 𑄙𑄪𑄉𑄪𑄖𑄴 𑄉𑄧𑄢 𑄙𑄧𑄏𑄳𑄠।,Present
.আগের ফোঁাগুলো যেগুলো মনে হ সেগুলো ঠিক,𑄃𑄉𑄬𑄘𑄨 𑄜𑄧𑄢𑄈𑄪𑄣𑄧 𑄡𑄨𑄠𑄚𑄴 𑄞𑄝𑄴𑄛𑄬 𑄥𑄨𑄠𑄚𑄴𑄚𑄧𑄃𑄨 𑄒𑄨𑄇𑄴।,Present
এখানে মনে পে - কথা গুলো শুনে মনটা উে উঠলো,𑄃𑄨𑄚𑄴𑄘𑄨 𑄟𑄧𑄚𑄧𑄖𑄴 𑄛𑄧𑄎𑄳𑄠𑄬 - 𑄇𑄧𑄙𑄠𑄚𑄴 𑄥𑄪𑄚𑄨 𑄟𑄧𑄚𑄚𑄴 𑄃𑄪𑄌𑄴𑄌𑄮 𑄦𑄮𑄃𑄨 𑄃𑄪𑄙𑄨𑄣𑄧।,Past
বাঁশটা তার নাতনিকে দেখে কথা বলে-তুমি বস কথা বলতেছো,𑄝𑄋𑄮𑄘𑄨 𑄖 𑄚𑄬𑄇𑄴𑄇𑄮𑄢𑄬 𑄢𑄨𑄚𑄨 𑄌𑄬𑄃𑄨 𑄇𑄧𑄣𑄧 - 𑄖𑄪𑄃𑄨 𑄝𑄢𑄥𑄪𑄘𑄮 𑄇𑄧𑄙 𑄃𑄢𑄧𑄖𑄴𑄖𑄬 𑄦𑄧𑄠𑄴।,Present
ব্যাঙের ন্যাকা ক্যামেরা দিে কি যেন ধরে,𑄝𑄋𑄮𑄘𑄨 𑄚𑄬𑄇𑄴𑄇𑄮 𑄝𑄋𑄮𑄘𑄨 𑄇𑄬𑄃𑄨𑄖𑄴 𑄢𑄨𑄚𑄨 𑄌𑄬𑄃𑄨 𑄇𑄪𑄠 𑄙𑄧𑄢𑄴𑄣𑄧 - 𑄇𑄨 𑄝𑄢𑄥𑄪𑄘𑄮 𑄇𑄧𑄙।,Present
উপরে তো দুই মা-মেে বিে মা,𑄃𑄮𑄝𑄢𑄧𑄖𑄴 𑄘𑄧 𑄘𑄨 𑄟𑄠𑄴 - 𑄏𑄨𑄠𑄬 𑄞𑄬𑄃𑄨𑄘𑄮 𑄚𑄉𑄧𑄢𑄴 𑄟𑄙𑄧𑄢𑄴।,Present
. ফোঁাগুলো কি সহজে বের হ না,𑄜𑄧𑄢𑄈𑄪𑄣𑄧 𑄇𑄨 𑄉𑄧𑄢𑄨𑄝𑄧 𑄇𑄮𑄃𑄨 𑄚𑄧 𑄝𑄢𑄬𑄢𑄴।,Present
মনে মনে চিন্তা করতে করতে মা গেছে,𑄟𑄧𑄚𑄬 𑄟𑄧𑄚𑄬 𑄞𑄝𑄬𑄢𑄴 𑄥𑄣𑄬 𑄟 𑄎𑄚𑄳𑄠𑄬।,Present
বাঁশটা তার নাতনিকে ঘন ঘন চাা দিে চাে,𑄝𑄋𑄮𑄘𑄨 𑄖 𑄚𑄬𑄇𑄴𑄇𑄮 𑄜𑄧𑄢𑄈𑄪𑄣𑄧𑄢𑄬 𑄢𑄨𑄚𑄨 𑄌𑄠𑄴 𑄃 𑄝𑄋𑄮𑄘𑄨𑄢𑄬 𑄊𑄧𑄚𑄧 𑄊𑄧𑄚𑄧 𑄢𑄨𑄚𑄨 𑄌 𑄙𑄧𑄏𑄳𑄠।,Present
বাঁশটা তার নাতিকে চোখ বন্ধ করে কি যেন দেখে নিল,𑄝𑄋𑄮𑄘𑄨 𑄖 𑄚𑄬𑄇𑄴𑄇𑄮𑄢𑄬 𑄌𑄮𑄇𑄴 𑄛𑄨𑄏𑄨 𑄢𑄨𑄚𑄨 𑄌𑄬𑄃𑄨 𑄇𑄨 𑄎𑄬𑄚𑄬 𑄥‘𑄢𑄴 𑄘𑄨𑄣𑄧।,Past
বাই তার ছেলের কাজ দেখে ভাত তরকারি ধরলো,𑄝𑄋𑄮𑄘𑄨 𑄖 𑄛𑄮 𑄪 𑄝𑄮 𑄇𑄟𑄧 𑄟𑄧𑄣𑄬 𑄝𑄮𑄢𑄬 𑄘𑄨 𑄞𑄖𑄴 𑄞𑄢 𑄙𑄧𑄢𑄴𑄣𑄧।,Past
ভাত খাওার সম রুচি হওা,𑄞𑄖𑄴 𑄈 𑄙𑄧𑄢𑄴 𑄣𑄇𑄴।,Present
ভাত খাওার পরে অনেক ব কথা বলে ঘুমাতে গেল,𑄞𑄖𑄴 𑄈𑄬𑄃𑄨 𑄛𑄪𑄢𑄬𑄃𑄨 𑄞𑄣𑄧𑄇𑄴 𑄈𑄧𑄚𑄴 𑄇𑄧𑄙 𑄟𑄬𑄣𑄨 𑄊𑄪𑄟𑄴 𑄉𑄬𑄣𑄇𑄴।,Past
.ফসলের খোসা দিে মেেরা আর দেখতে পারে না,𑄜𑄧𑄢𑄈𑄪𑄣𑄧 𑄈𑄪𑄌𑄴 𑄌𑄪𑄚𑄴 𑄟𑄨𑄉𑄨𑄚𑄨 𑄟𑄮𑄇𑄳𑄠𑄬 𑄎𑄬𑄚𑄬 𑄛𑄧𑄢𑄴𑄖𑄧 𑄚𑄧 𑄌𑄚𑄴।,Present
তিন দিন খেে নিল,𑄖𑄨𑄚𑄴 𑄘𑄨𑄚𑄴 𑄗𑄬𑄃𑄨 𑄣𑄧𑄢𑄴 𑄘𑄨𑄣𑄧।,Past
বািতে লুকিে আছি,𑄊𑄧𑄢𑄧𑄖𑄴 𑄣𑄪𑄋𑄨𑄣𑄧𑄉𑄨 𑄥𑄎𑄧𑄚𑄳𑄠𑄟𑄠𑄴।,Present
পরীক্ষা ভালো করে খাওা ভালো করে শুনে তার মা রান্না করে,"𑄛𑄧𑄢𑄨𑄇𑄴 𑄈𑄬 𑄉𑄧𑄟𑄴 𑄘𑄬 𑄥𑄪𑄚𑄨𑄚𑄬 𑄖 𑄝𑄝𑄬, 𑄖𑄟𑄴𑄟 𑄈𑄪𑄏𑄨।",Present
কোন কথা বলা নেই,𑄇𑄧𑄚𑄧 𑄇𑄧𑄙 𑄖𑄪𑄣𑄧𑄛𑄢 𑄚𑄬𑄃𑄨।,Present
ফোঁাটা ধীরে ধীরে দূর হে যা,𑄜𑄧𑄢𑄈𑄪𑄣𑄧 𑄓𑄧𑄢𑄚𑄴 𑄣𑄢𑄬 𑄣𑄢𑄬 𑄥𑄧𑄢𑄨 𑄡 𑄙𑄧𑄎𑄳𑄠।,Present
.এই কুকুরটা তাকে আমার সাথে নিে যাচ্ছে,𑄃𑄨𑄚𑄴𑄘𑄨 𑄌𑄉𑄪𑄢𑄨 𑄌𑄨𑄙𑄬 𑄖𑄢𑄬 𑄃𑄟𑄨𑄎 𑄣𑄧𑄢 𑄙𑄧𑄎𑄳𑄠।,Present
তার মা খুঁজতে খুঁজতে বৃদ্ধ হেছে,𑄖𑄟𑄴𑄟 𑄖𑄧𑄉𑄧𑄖𑄴 𑄖𑄧𑄉𑄧𑄖𑄴 𑄇𑄧‘𑄢𑄴 - 𑄖𑄧 𑄝𑄝𑄬 𑄝𑄪𑄢𑄧 𑄦𑄪𑄠𑄬𑄉𑄨।,Present
চামার খোঁজ নেওা,𑄌𑄉𑄪𑄢𑄨 𑄖𑄧𑄉 𑄙𑄧𑄢𑄨𑄌𑄴।,Present
"১,তিন,তিন",𑄷𑄹.,Present
ফোঁাগুলো মনে পে কুকুর তাাচ্ছে,𑄜𑄧𑄢𑄈𑄪𑄣𑄧 𑄟𑄧𑄚𑄬 𑄟𑄧𑄚𑄬 𑄌𑄉𑄪𑄢𑄨 𑄖𑄧𑄉 𑄙𑄧𑄎𑄳𑄠।,Present
রেজাল্ট হলে একগাে হবে,𑄢𑄬𑄎𑄣𑄴𑄑𑄴 𑄦𑄧𑄣𑄬 𑄃𑄬𑄇𑄴𑄉𑄎𑄳𑄠𑄬 𑄦𑄧𑄝𑄧।,Future
দুই এক মাস বোর মধ্যে দাঁিে থাকল,𑄘𑄨 𑄃𑄬𑄇𑄴 𑄟𑄥𑄴 𑄝𑄬𑄢𑄬 𑄥𑄬𑄢𑄬 𑄇𑄘𑄬𑄣𑄧।,Past
চামা তো মনে পে না,𑄌𑄉𑄪𑄢𑄨 𑄘𑄧 𑄟𑄧𑄚𑄬 𑄇𑄧𑄣𑄬 𑄚𑄧 𑄛𑄠𑄴।,Present
একটি সাজানো ছোট বাচ্চাই বেশি,𑄃𑄨𑄇𑄴𑄇𑄪 𑄝𑄏𑄚 𑄌𑄨𑄙𑄬𑄠𑄚𑄧𑄃𑄨 𑄝𑄬𑄌𑄴।,Present
পাঁচ মেে রসালো হেছে,𑄛𑄌𑄴 𑄟𑄥𑄴 𑄎𑄬𑄢𑄬 𑄢𑄬𑄎𑄣𑄴 𑄑𑄴 𑄦𑄧𑄣𑄧।,Present
.চামা খোঁজা আর বারিল,𑄌𑄉𑄪𑄢𑄨 𑄖𑄧𑄉𑄚 𑄉𑄧𑄋𑄴 𑄠𑄚𑄴 𑄃𑄢𑄧 𑄝𑄢𑄨𑄣𑄧।,Past
ঢালুতে উপরে- ঢালু করে আছে,𑄔𑄉𑄣𑄮𑄃𑄨 𑄃𑄪𑄎𑄮𑄚𑄴 - 𑄣𑄟𑄧𑄚𑄴 𑄉𑄧𑄢𑄨 𑄉𑄧𑄢𑄨 𑄃𑄊𑄬।,Present
একজন আরও বেশি লজ্জাবোধ করতেছে,𑄃𑄨𑄇𑄴𑄇𑄪 𑄃𑄢𑄧 𑄝𑄬𑄌𑄴 𑄣𑄎𑄬 𑄙𑄧𑄢𑄬𑄢𑄴।,Present
কি গরীব চোখে তাকা,𑄇𑄨 𑄉𑄧𑄢𑄨𑄝𑄧 𑄌𑄮𑄊𑄬𑄘𑄨 𑄎𑄪𑄚𑄨 𑄘𑄬𑄊𑄬𑄢𑄴।,Present
এবার মনে হ যে জিং কানি পথ কেটে যাবে - ল্যাংরা,𑄃𑄬𑄝𑄢𑄧𑄖𑄴 𑄝𑄪𑄏𑄨𑄣𑄧 𑄎𑄨𑄋𑄴 𑄇𑄚𑄨 𑄛𑄧𑄗𑄴 𑄇𑄬𑄎𑄚𑄴 𑄇𑄘𑄠𑄴 - 𑄣𑄬𑄋𑄬𑄢𑄠𑄴 𑄞𑄧𑄎𑄳𑄠।,Future
এক ঘর থেকে ফিরে,𑄃𑄬𑄇𑄴𑄝𑄢𑄴 𑄔𑄉𑄖𑄴𑄖𑄪𑄚𑄴 𑄜𑄨𑄢𑄬𑄢𑄴।,Present
এক জাতী বুনো ফল,𑄟𑄧𑄚𑄴 𑄉𑄮𑄢𑄴।,Present
পথ বন্ধ করতে পারে না,𑄛𑄧𑄗𑄴 𑄖𑄮𑄉𑄬𑄃𑄨 𑄚𑄧 𑄛𑄢𑄴।,Present
লালমাাই রাত,𑄢𑄋𑄟𑄖𑄳𑄠𑄬 𑄣𑄪𑄋𑄨𑄣𑄧𑄉𑄨 𑄢𑄬𑄃𑄨𑄖𑄴।,Present
তুংপুটি দাঁতগুলো উঠা,𑄖𑄪𑄋𑄴𑄛𑄪𑄘𑄨 𑄘𑄊𑄨𑄃𑄨𑄘𑄪 𑄃𑄪𑄙𑄨𑄣𑄧।,Present
ভাত খেে তার মুখে লোনা কথা,𑄞𑄖𑄴 𑄈𑄬𑄃𑄨 𑄖 𑄛𑄨𑄏𑄬𑄃𑄨 𑄣𑄮𑄃𑄨 𑄇𑄧𑄙 𑄖𑄪𑄣𑄧𑄛𑄢 𑄉𑄧𑄢𑄴 𑄖𑄣𑄇𑄴।,Present
এখানে এক বছর যাওা,𑄃𑄨𑄚𑄴𑄘𑄨 𑄃𑄬𑄇𑄴 𑄝𑄏𑄧𑄢𑄴 𑄡𑄋𑄴 𑄡𑄋𑄴।,Present
সারাদিন যে গাঙে বুক চেপে রাখে সে,𑄘𑄨𑄚𑄴 𑄡𑄬𑄘𑄧𑄇𑄴 𑄉𑄧𑄋𑄢𑄴 𑄃𑄬𑄇𑄴 𑄝𑄪𑄇𑄴 𑄌𑄨𑄙𑄬 𑄃𑄝𑄪𑄎𑄮 𑄙𑄧𑄎𑄳𑄠।,Present
তুংপুটি মারেও ভেঙে বলে না,𑄖𑄪𑄋𑄴𑄛𑄪𑄘𑄨 𑄟𑄢𑄬𑄠𑄮 𑄞𑄋𑄨 𑄇𑄮𑄃𑄨 𑄚𑄧 𑄝𑄢𑄬𑄢𑄴।,Present
তুংপুি মাা আমার মতো কি হাল ধরছে,𑄖𑄪𑄋𑄴𑄛𑄪𑄘𑄨 𑄟 𑄖 𑄟𑄪𑄠𑄚𑄴 𑄌𑄬𑄚𑄬 𑄝𑄪𑄏𑄬𑄢𑄴 𑄇𑄨 𑄦𑄣𑄴।,Present
ঝেে কল করে কদিন থাকবে আর,𑄎𑄬𑄢𑄬 𑄇𑄧𑄣𑄧 - 𑄃𑄬𑄎𑄚𑄴 𑄉𑄧𑄢𑄨 𑄇𑄧𑄠𑄴 𑄘𑄨𑄚𑄴 𑄗𑄬𑄝𑄬 𑄃𑄢𑄴।,Future
লালমাা বাসা,𑄢𑄋𑄟𑄖𑄳𑄠𑄬 𑄗𑄇𑄴𑄇𑄨।,Present
ঝেে কল-ঢাকিে থাকতে ভালো হেছে তো,𑄎𑄬𑄢𑄬 𑄇𑄧𑄣𑄧 - 𑄔𑄉𑄖𑄴 𑄗𑄬𑄃𑄨 𑄛𑄖𑄴𑄖𑄪𑄋𑄴 𑄘𑄮𑄣𑄴 𑄦𑄧𑄣𑄪𑄚𑄴 𑄘𑄬।,Present
তুংপুটি মা কল -সেটা একদম এখানে থাকে,𑄖𑄪𑄋𑄴𑄛𑄪𑄘𑄨 𑄟 𑄇𑄧𑄣𑄧 - 𑄥𑄨𑄠𑄚𑄴 𑄎𑄪 𑄃𑄪𑄙𑄬 𑄥𑄧𑄋𑄴 𑄃𑄨𑄘𑄪 𑄗𑄇𑄴।,Present
ফরাকল কল -আগে বািতে যাও,𑄜𑄧𑄢𑄈𑄪𑄣𑄧 𑄇𑄧𑄣𑄧 - 𑄃𑄉𑄬 𑄊𑄧𑄢𑄧𑄖𑄴 𑄡𑄋𑄴।,Present
সেখান থেকে ফিরলে হবে,𑄥𑄨𑄖𑄴𑄖𑄪𑄚𑄴 𑄜𑄨𑄢𑄨 𑄦𑄧𑄣𑄬 𑄦𑄧𑄝𑄧𑄘𑄬 𑄃𑄠𑄴।,Future
তুংপুটি মা কল-ওার জন্য তোমার বািটা এসেছে,𑄖𑄪𑄋𑄴𑄛𑄪𑄘𑄨 𑄟 𑄇𑄧𑄣𑄧 - 𑄃𑄮𑄢𑄝𑄢𑄧𑄖𑄴 𑄖𑄧 𑄝𑄝𑄬 𑄃𑄬𑄥𑄳𑄠𑄬𑄠𑄮 𑄇𑄪𑄠𑄮𑄋𑄴।,Present
.আবর্জনাগুলো আলগা করে রাখ,𑄜𑄧𑄢𑄈𑄪𑄣𑄧 𑄃𑄧𑄣𑄧𑄢𑄴 𑄉𑄧𑄢𑄨 𑄢𑄧𑄣𑄧।,Present
.তার পরে তুংপুদি মা আবার কল - তোমার বাপকে ও কল,𑄎𑄬𑄢𑄬 𑄖𑄪𑄋𑄴𑄛𑄪𑄘𑄨 𑄟 𑄃𑄢𑄧 𑄇𑄧𑄣𑄧 - 𑄖𑄧 𑄝𑄝𑄧𑄢𑄬 𑄃𑄮 𑄇𑄪𑄃𑄨𑄠𑄮𑄋𑄴।,Present
একটু মন মারে,𑄃𑄬𑄇𑄴𑄇 𑄟𑄧𑄚𑄴 𑄟𑄢𑄬।,Present
ফোঁাটা একটু উপরে উঠল,𑄜𑄧𑄢𑄈𑄪𑄣𑄧 𑄝𑄪𑄇𑄴𑄇𑄮 𑄃𑄬𑄇𑄴𑄇 𑄌𑄨𑄉𑄪𑄖𑄴𑄉𑄧𑄢𑄨 𑄃𑄪𑄙𑄨𑄣𑄧।,Past
সে চোখ বুজিে অনেক দিন হলো দেখে নাই,𑄖𑄬 𑄎𑄚𑄬 𑄖𑄪𑄋𑄴𑄛𑄪𑄘𑄨𑄣𑄮𑄃𑄨 𑄞𑄣𑄮𑄇𑄴 𑄘𑄨𑄚𑄴 𑄦𑄧𑄣𑄧 𑄘𑄬𑄊𑄘𑄬𑄊𑄨 𑄚𑄧 𑄦𑄧𑄖𑄴 𑄖𑄬।,Past
এই বাচ্চাটাকে তুং পুং বািতে আসতে হবে,𑄃𑄬 𑄞𑄨𑄘𑄨𑄢𑄬 𑄖𑄪𑄋𑄴 𑄛𑄪𑄘𑄨 𑄊𑄧𑄢𑄧𑄖𑄴 𑄃𑄬𑄝𑄧 𑄈𑄟𑄇𑄴𑄇𑄠𑄴।,Future
.এই মনের কথা গুলো মনে পে,𑄃𑄨𑄚𑄴𑄘𑄨 𑄟𑄧𑄚𑄴 𑄟𑄢𑄬 𑄇𑄧𑄙𑄠𑄚𑄴 𑄃𑄧𑄚𑄴𑄎𑄪𑄢𑄴 𑄥𑄬𑄣𑄧𑄥𑄚𑄴 𑄟𑄧𑄚𑄧𑄖𑄴 𑄝𑄨𑄚𑄴 𑄘𑄳𑄠𑄬 𑄙𑄧𑄎𑄳𑄠।,Present
".ফরাকুল তেরা মনের মতো আরও কি বলে, আর কি বলে সেটা বাঁশ আছে","𑄜𑄧𑄢𑄈𑄪𑄣𑄧 𑄖𑄨𑄢𑄏𑄨 𑄟𑄧𑄚𑄚𑄴 𑄖 𑄛𑄨𑄏𑄬𑄃𑄨 𑄃𑄢𑄧 𑄇𑄨 𑄇𑄧𑄠𑄴 , 𑄃𑄢𑄧 𑄇𑄨 𑄇𑄧𑄠𑄴 𑄥𑄨𑄠𑄚𑄴 𑄝𑄌𑄳𑄠𑄬 𑄃𑄊𑄬।",Present
প্যারালাইসিসে যে রোগ হ,𑄛𑄧𑄢𑄈𑄪𑄣𑄧 𑄢𑄬 𑄎𑄬 𑄥𑄪𑄙𑄧 𑄟𑄪।,Present
সে তুংপুি মা বলে -দাি দািে কথা বলে,𑄎𑄬𑄢𑄬 𑄖𑄪𑄋𑄴𑄛𑄪𑄘𑄨 𑄟 𑄇𑄧𑄣𑄧 - 𑄘 𑄘𑄢𑄬 𑄝𑄪𑄏𑄬𑄃𑄨 𑄇𑄮𑄃𑄨𑄚𑄬 𑄖𑄬 𑄝𑄪𑄌𑄴 𑄟𑄚𑄬।,Present
ফোঁা দিে আমি এবার উপরে উঠে গেলাম,𑄜𑄧𑄢𑄈𑄪𑄣𑄧 𑄟𑄪𑄠𑄚𑄴 𑄃𑄬𑄝𑄢𑄧𑄖𑄴 𑄛𑄮𑄖𑄴𑄛𑄮𑄖𑄳𑄠𑄬 𑄦𑄮𑄃𑄨 𑄃𑄪𑄙𑄨𑄣𑄧।,Past
মনে হ মনের ইচ্ছা পূরণ করার জন্য গুলি করবে,𑄟𑄧𑄚𑄬 𑄟𑄧𑄚𑄬 𑄞𑄝𑄬𑄢𑄴 𑄖𑄪𑄋𑄴𑄛𑄪𑄘𑄨𑄢𑄬 𑄇𑄮𑄃𑄨𑄚𑄬 𑄉𑄪𑄣𑄨𑄝𑄮 𑄉𑄧𑄟𑄬 𑄣𑄇𑄳𑄠𑄬।,Future
মনটা অনেক ব হেছে,𑄟𑄧𑄚𑄚𑄴 𑄡𑄬𑄘𑄧𑄇𑄴 𑄦𑄧𑄠𑄴 𑄃𑄪𑄌𑄴𑄌𑄮 𑄦𑄮𑄃𑄨 𑄃𑄪𑄙𑄬𑄢𑄴।,Present
.সে বোর অনেক কানি ভেঙে গেছে।,𑄥𑄣𑄬 𑄖𑄬𑄋𑄬𑄢 𑄞𑄣𑄧𑄇𑄴 𑄇𑄚𑄨 𑄞𑄋 𑄡𑄨𑄠𑄬।,Present
.শুধু একটি কুকুর আছে।,𑄝𑄚 𑄃𑄬𑄇𑄴𑄇𑄚𑄴 𑄃𑄊𑄬 -𑄌𑄉𑄪𑄢𑄨।,Present
এখানে মনে হ আর স্কুলে যাওা,𑄃𑄨𑄚𑄴𑄘𑄨 𑄟𑄧𑄚𑄬 𑄦𑄧𑄢𑄴 𑄃𑄢𑄧 𑄔𑄉𑄖𑄴 𑄡𑄬𑄝𑄢𑄴।,Present
তার পেট থেকে তো সব গুো করে বের হ না,𑄖 𑄛𑄨𑄏𑄬𑄃𑄨𑄖𑄴𑄖𑄪𑄚𑄴 𑄘𑄧 𑄝𑄬𑄇𑄴𑄇𑄚𑄨 𑄃𑄪𑄣𑄴𑄣𑄬 𑄃𑄪𑄣𑄴𑄣𑄬 𑄛𑄪𑄏𑄢𑄴 𑄉𑄧𑄢𑄨 𑄚𑄧 𑄝𑄢𑄬𑄢𑄴।,Present
সে হিস্যু করার সম দুই সেকেন্ড এখানে পে না হলে হ না,𑄎𑄬𑄢𑄬 𑄦𑄨𑄎𑄬𑄝𑄴 𑄉𑄧𑄢𑄬𑄢𑄴 𑄖𑄪𑄋𑄴𑄛𑄪𑄘𑄨𑄢𑄴 𑄥𑄬𑄇𑄬𑄚𑄴𑄓𑄴 𑄃𑄨𑄠𑄢𑄧𑄖𑄴 𑄛𑄧𑄢𑄨𑄇𑄴𑄈𑄬 𑄃𑄪𑄠𑄬 𑄚𑄧 𑄦𑄧𑄣𑄬 𑄦𑄧𑄢𑄴।,Present
.সে বািতে এতো কেন দেরি করে,𑄥𑄣𑄬 𑄊𑄧𑄢𑄧𑄖𑄴 𑄃𑄬𑄖𑄴 𑄖𑄬 𑄘𑄬𑄢𑄨 𑄚𑄬𑄃𑄨।,Present
.বুঝলো-মিঝিনিে অনেক কানি জুে আছে,𑄝𑄪𑄏𑄨𑄣𑄧 - 𑄟𑄨𑄉𑄨𑄚𑄨 𑄖𑄴 𑄗𑄬𑄃𑄨𑄚𑄬 𑄞𑄣𑄧𑄇𑄴 𑄇𑄚𑄨 𑄎𑄪‘𑄖𑄪𑄚𑄴 𑄘𑄪𑄢𑄮𑄖𑄴 𑄃𑄊𑄬।,Present
তার অসুখটা সেরে উঠার পর বািতে রওনা দিল,𑄖 𑄛𑄨𑄏𑄬𑄃𑄨𑄢𑄬 𑄎𑄘𑄨 𑄜𑄨𑄢𑄨𑄟𑄴 𑄝𑄮𑄃𑄨 𑄇𑄮𑄃𑄨𑄚𑄬 𑄊𑄧𑄢𑄧𑄖𑄴 𑄣𑄧𑄢𑄴 𑄘𑄨𑄣𑄧।,Past
খাগা দিে শুধু বাঁশটা উঠতেছে,𑄈𑄉𑄢𑄥𑄪𑄢𑄨 𑄖𑄴 𑄃𑄬𑄃𑄨𑄚𑄬 𑄝𑄋𑄮𑄘𑄨𑄘𑄊𑄨𑄃𑄨𑄘𑄪 𑄃𑄪𑄙𑄨𑄣𑄧।,Present
ব্যাঙের ন্যাকার নেশাটা কে করছে -এটা কে?,"𑄝𑄋𑄮𑄘𑄨 𑄚𑄬𑄇𑄴𑄇𑄮 𑄣𑄇𑄴 𑄛𑄬 𑄟𑄧𑄖𑄴𑄖𑄧𑄚𑄴 𑄇𑄧‘𑄢𑄴 - 𑄃, 𑄃𑄧𑄖𑄬 𑄇𑄪𑄘𑄪?",Present
.ফরাকটা তারা তাাতাি বন্ধ করে দিল-আসলে পরীক্ষা দিবে,𑄜𑄧𑄢𑄈𑄪𑄣𑄧 𑄖𑄢𑄖𑄋𑄧𑄢𑄨 𑄎𑄮𑄝𑄴 𑄘𑄨𑄣𑄧 - 𑄃𑄨𑄉𑄨𑄣𑄬 𑄛𑄧𑄢𑄨𑄇𑄴𑄈𑄬 𑄘𑄨𑄝𑄧।,Future
তোমার বািতে তুলে দিব,𑄖𑄧 𑄊𑄧𑄢𑄧𑄖𑄴 𑄖𑄪𑄣𑄨 𑄘𑄨𑄟𑄴𑄝𑄬 𑄃𑄠𑄴।,Future
ব্যাঙের ন্যাকা তাকে দেখে বললো - ভালো আছে,𑄝𑄋𑄮𑄘𑄨 𑄚𑄬𑄇𑄴𑄇𑄮 𑄖𑄢𑄬 𑄢𑄨𑄚𑄨 𑄌𑄬𑄃𑄨 𑄇𑄧𑄣𑄧 - 𑄥𑄬𑄘𑄟𑄴 𑄃𑄊𑄬𑄚𑄨।,Past
চামা না পাওার সমে তার বাি,𑄌𑄉𑄪𑄢𑄨 𑄚𑄧 𑄛𑄋𑄴 𑄥𑄧𑄋𑄴 𑄖𑄧 𑄊𑄧𑄢𑄧𑄖𑄴𑄘𑄧𑄃𑄨 𑄖𑄢𑄴 𑄗𑄚𑄴।,Present
পলিথিন ব্যাগ দিে এক জাতী কুকুরকে দৌাদৌি করতেছে,𑄜𑄧𑄢𑄈𑄪𑄣𑄧 𑄝𑄋𑄮𑄘𑄨 𑄚𑄬𑄇𑄴𑄇𑄮𑄢𑄬 𑄦𑄏𑄨 𑄦𑄏𑄨 𑄇𑄧𑄣𑄧।,Present
অব্য পদ,𑄃𑄚𑄴𑄘𑄮𑄃𑄨।,Present
শুধু তোমার বািটা বুঝতে পারবো না,𑄈𑄣𑄨𑄇𑄴 𑄖𑄧 𑄝𑄝𑄴𑄘𑄊𑄨𑄢𑄬 𑄝𑄪𑄏𑄬 𑄚𑄧 𑄛𑄢𑄨𑄟𑄴।,Future
গিেছে,𑄉𑄨𑄠𑄚𑄴 𑄦𑄪𑄠𑄬।,Present
.ফাঁদেল কথা শুনে বামহাতিরা মাথা নিচু করল,𑄜𑄧𑄢𑄈𑄪𑄣𑄧 𑄇𑄧𑄙 𑄥𑄪𑄚𑄨 𑄝𑄋𑄮𑄘𑄨 𑄚𑄬𑄇𑄴𑄇𑄮 𑄚𑄧 𑄟𑄙𑄨 𑄢𑄧𑄣𑄧।,Past
বাঁশটা এত কেকটা শুনা আছে,𑄝𑄋𑄮𑄘𑄨 𑄃𑄬𑄘𑄧𑄇𑄴𑄈𑄧𑄚𑄴 𑄥𑄪𑄚𑄨 𑄃𑄊𑄬।,Present
ঝেে কল-চাকি পেলে তাকে নিে যাওা যা,𑄎𑄬𑄢𑄬 𑄇𑄧𑄣𑄧 - 𑄌𑄉𑄪𑄢𑄨 𑄛𑄬𑄣𑄬 𑄡𑄢𑄬 𑄣𑄧𑄘𑄧 𑄥𑄖𑄴 𑄖𑄧𑄢𑄴 𑄇𑄨।,Present
ব্যাঙের ন্যাকা বাঁশটি দেখে কল করল-বা,𑄝𑄋𑄮𑄘𑄨 𑄚𑄬𑄇𑄴𑄇𑄮 𑄝𑄋𑄮𑄘𑄨 𑄇𑄬𑄃𑄨𑄖𑄴 𑄢𑄨𑄚𑄨 𑄌𑄬𑄃𑄨 𑄇𑄧𑄣𑄧 - 𑄝।,Past
ভাইও এখানে টানটান হ,𑄞𑄬𑄠𑄮 𑄃𑄨𑄚𑄴𑄘𑄨 𑄖𑄚𑄧𑄌𑄴𑄌𑄬 𑄦𑄧𑄠𑄴।,Present
.ফাঁদেল বািে লুকিে এক দিন পরে রাঙামাটিতে ফিরল,𑄜𑄧𑄢𑄈𑄪𑄣𑄧 𑄊𑄧𑄢𑄧𑄖𑄴 𑄣𑄪𑄋𑄨 𑄘𑄨 𑄃𑄬𑄇𑄴𑄘𑄨𑄚𑄴 𑄎𑄬𑄢𑄬 𑄢𑄋𑄟𑄖𑄳𑄠𑄬 𑄜𑄨𑄢𑄨𑄣𑄧।,Past
তুংপুং বািটা বািতে শক্ত হেছে,𑄖𑄪𑄋𑄴𑄛𑄪𑄘𑄨𑄘𑄊𑄨 𑄊𑄧𑄢𑄧𑄖𑄴 𑄗𑄧𑄢𑄴 𑄙𑄧𑄢𑄨𑄣𑄧।,Present
.সে দুই একটা ছেলে পেছে,𑄎𑄬𑄢𑄬 𑄘𑄨 𑄃𑄬𑄇𑄴𑄴𑄎𑄧𑄚𑄴 𑄛𑄮 𑄛𑄧𑄢 𑄙𑄧𑄢𑄴𑄣𑄧।,Present
"একজন বোইন,বিাল দুইজন ছেলেকে পে দে","𑄃𑄨𑄇𑄴𑄇𑄪𑄚𑄪 𑄝𑄬𑄚𑄳𑄠𑄬, 𑄝𑄬𑄣𑄳𑄠𑄬 𑄘𑄨 𑄃𑄬𑄇𑄴𑄎𑄧𑄚𑄴 𑄛𑄮 𑄢𑄬 𑄛𑄧𑄢 𑄘𑄬𑄊𑄬 𑄘𑄳𑄠𑄬।",Present
সূর্য ডোবার সম মানুষরা রোদ পোহা,𑄝𑄬𑄣𑄳𑄠𑄬 𑄟𑄙𑄚𑄴 𑄚𑄨𑄉𑄨𑄣𑄨 𑄥𑄧𑄟𑄎𑄳𑄠𑄬𑄣𑄮𑄃𑄨 𑄚𑄉𑄧𑄢𑄴 𑄟𑄙𑄬।,Present
"লাইব্রেরিতে যে কাগজ,বই পে","𑄣𑄃𑄨𑄝𑄳𑄢𑄬𑄢𑄨𑄖𑄴 𑄡𑄬𑄃𑄨 𑄛𑄬𑄛𑄢𑄴, 𑄝𑄧𑄃𑄨 𑄛𑄧𑄢𑄬।",Present
আরও দুই জন পতে পতে পাঁচ জন যোগ দিল,𑄃𑄢𑄧 𑄘𑄨 𑄃𑄬𑄇𑄴𑄎𑄧𑄚𑄴 𑄛𑄧𑄢𑄨𑄠𑄬 𑄦𑄧𑄘𑄬 𑄦𑄧𑄘𑄬 𑄃𑄬𑄚𑄬 𑄥𑄖𑄴 - 𑄃𑄑𑄴𑄖𑄮 𑄎𑄧𑄚𑄴 𑄎𑄪𑄘𑄨𑄣𑄇𑄴।,Past
.ছেলে পার সম বোচো করতেছে।,𑄛𑄮 𑄛𑄢𑄚 𑄉𑄬𑄚𑄴𑄎𑄟𑄬 𑄝𑄃𑄨𑄣𑄬𑄘 𑄌𑄨𑄙𑄬 𑄉𑄧𑄢𑄨𑄝𑄢𑄴 𑄎𑄪 𑄇𑄪𑄘𑄪।,Present
.চার পাঁচ মাছ বিে গেল,𑄌𑄬𑄢𑄴 - 𑄛𑄌𑄴 𑄟𑄥𑄴 𑄝𑄨𑄘𑄨 𑄉𑄬𑄣𑄧।,Past
".করতে না থাকলে দোকানে যাওা, টাকা খরচ করা আর ভালো হবে না মনে হ","𑄉𑄧𑄢𑄧𑄌𑄴 𑄚𑄧 𑄗𑄬𑄣𑄬𑄃𑄮 𑄔𑄉𑄖𑄴 𑄡𑄚, 𑄖𑄬𑄋 𑄈𑄧𑄢𑄧𑄌𑄴 𑄉𑄧𑄢𑄚 𑄃𑄖𑄳𑄠𑄬 𑄇𑄪𑄣𑄧𑄇𑄎 𑄦𑄧𑄝𑄧 𑄃𑄨𑄠𑄚𑄴 𑄞𑄝𑄨𑄚𑄬 𑄔𑄉𑄖𑄴 𑄚𑄧 𑄡𑄠𑄴।",Future
"এক দিন পেপারে দেখে এই কুলে মাছ নিে যাচ্ছে,দিল ভ পাচ্ছি","𑄃𑄬𑄇𑄴𑄘𑄨𑄚𑄴 𑄛𑄬𑄛𑄢𑄧𑄖𑄴 𑄘𑄬𑄊𑄬 𑄦𑄃𑄨 𑄃𑄨𑄥𑄴 𑄇𑄪𑄣𑄧𑄖𑄴 𑄟𑄌𑄴𑄖𑄧𑄢𑄴 𑄚𑄬𑄘𑄧𑄚𑄴, 𑄘𑄨𑄣𑄧 𑄘𑄧𑄢𑄴𑄈𑄌𑄴𑄖𑄧।",Present
.পোরা নেচে নেচে চা,𑄛𑄬𑄛𑄢𑄴 𑄢𑄨𑄚𑄨 𑄌𑄠𑄴 𑄃 𑄌𑄉𑄪𑄢𑄨 𑄥𑄢𑄴𑄇𑄪𑄣𑄢𑄴 𑄠𑄚𑄨 𑄢𑄨𑄚𑄨 𑄌𑄠𑄴।,Present
একটা কুকুর তার ঘেউ ঘেউ করতেছে না,𑄃𑄬𑄇𑄴𑄘𑄊𑄨 𑄌𑄉𑄪𑄢𑄨 𑄖𑄢𑄴 𑄘𑄧𑄢𑄴𑄈𑄌𑄴𑄖𑄧 𑄘𑄨𑄝𑄢𑄴 𑄟𑄧𑄚𑄬 𑄚𑄧 𑄇𑄧𑄣𑄧।,Present
আর বাঁশে থাকে কি কি চামা উঠে,𑄃𑄢𑄧 𑄝𑄌𑄴𑄌𑄬𑄃𑄨 𑄗𑄠𑄴 𑄇𑄨 𑄇𑄨 𑄌𑄉𑄪𑄢𑄨 𑄈𑄧𑄝𑄧𑄢𑄴 𑄃𑄪𑄙𑄬।,Present
.এই ছেলেটা পতে পতে আমার লাভ হ,𑄃𑄨𑄚𑄴𑄘𑄨 𑄛𑄮 𑄛𑄧𑄢𑄘𑄬 𑄛𑄧𑄢𑄘𑄬 𑄌𑄠𑄴 𑄘𑄬 𑄃𑄟𑄧𑄚𑄧𑄢𑄴𑄃𑄮 𑄣𑄞𑄴 𑄦𑄧𑄢𑄴।,Present
আরও এক ব কাপ দিল,𑄃𑄢𑄧 𑄃𑄬𑄇𑄴𑄝𑄢𑄴 𑄝𑄳𑄠𑄋𑄴𑄇𑄧𑄖𑄴 𑄘𑄨𑄣𑄧।,Past
জনির ব আকারের চামাটি তার পছন্দ নেই,𑄎𑄧𑄚𑄨𑄠𑄮 𑄝𑄳𑄠𑄋𑄴𑄇𑄧 𑄌𑄉𑄪𑄢𑄨 𑄖𑄢𑄴 𑄟𑄧𑄚𑄴𑄎𑄪𑄇𑄴 𑄚𑄬𑄃𑄨।,Present
.সে শাখাটা চামার জন্য বেশি ব করে,𑄥𑄨𑄇𑄴𑄈 𑄝𑄨𑄞𑄉𑄧 𑄌𑄉𑄪𑄢𑄨𑄚𑄨𑄖𑄴 𑄖𑄢𑄴 𑄃𑄃𑄮𑄌𑄴 𑄝𑄬𑄌𑄴।,Present
.অতিরিক্ত ভাবে হাই স্কুলে ভর্তি হলেও পরে কলেজে ঢুকতে পারবো।,𑄜𑄧𑄢𑄈𑄪𑄣𑄧 𑄞𑄝𑄬 𑄦𑄃𑄨 𑄃𑄨𑄥𑄴𑄇𑄪𑄣𑄧𑄖𑄴 𑄥𑄧𑄟𑄬𑄣𑄬𑄠𑄮 𑄎𑄬𑄢𑄬 𑄇𑄧𑄣𑄬𑄎𑄧𑄖𑄴 𑄥𑄧𑄟𑄬 𑄛𑄢𑄨𑄟𑄴।,Future
.মাছের ছেলে ও কুকুর তার জন্য কান্না করতেছে,𑄟𑄌𑄴𑄖𑄧𑄢𑄧 𑄛𑄮 𑄃𑄧𑄚𑄳𑄠𑄧 𑄌𑄉𑄪𑄢𑄨 𑄖𑄢𑄴 𑄉𑄧𑄖𑄴 𑄖𑄬 𑄇𑄬𑄎𑄚𑄴 𑄇𑄬𑄎𑄚𑄴 𑄣𑄉𑄬।,Present
হঠাৎ করে একটি কুকুর পেলে হ,𑄇𑄇𑄴𑄈𑄧𑄚𑄧𑄖𑄴𑄖𑄬 𑄃𑄬𑄇𑄴𑄇𑄚𑄴 𑄌𑄉𑄪𑄢𑄨 𑄛𑄬𑄣𑄬 𑄦𑄧𑄠𑄴।,Present
"সে ভাবে সে আমাকে সাজাবে,জুার সুযোগ পাবে","𑄖𑄬 𑄞𑄝𑄬 𑄥𑄨𑄠𑄚𑄴𑄘𑄮𑄃𑄨 𑄃𑄟𑄧𑄚𑄧𑄢𑄬 𑄥𑄎𑄬𑄝𑄢𑄴, 𑄉𑄪𑄎𑄬𑄝𑄢𑄴 𑄎𑄪 𑄛𑄬𑄝𑄧।",Future
. ফালটা একদিন ফুঁে রাত হেছে,𑄜𑄧𑄢𑄈𑄪𑄣𑄧 𑄃𑄬𑄇𑄴𑄘𑄨𑄚𑄴 𑄜𑄧𑄢𑄴𑄖𑄬 𑄢𑄬𑄃𑄨𑄖𑄴 𑄦𑄪𑄠𑄬।,Present
সিিটা একটু আলোচনা করতেছে,𑄥𑄨𑄚𑄳𑄠𑄬 𑄃𑄬𑄇𑄴𑄇𑄚𑄴 𑄃𑄣𑄮𑄌𑄧𑄚 𑄃𑄧𑄚𑄪𑄥𑄴𑄒𑄚𑄴 𑄃𑄬𑄣𑄧।,Present
.সেটা শেষ হে রাতে প্রায় আট টা বেজে গেল,𑄥𑄨𑄠𑄚𑄴 𑄗𑄪𑄟𑄴 𑄦𑄧𑄘𑄬 𑄢𑄬𑄃𑄨𑄖𑄴 𑄥𑄢𑄬 𑄃𑄑𑄴 𑄑 𑄇𑄧𑄇𑄴𑄇𑄬 𑄝𑄌𑄳𑄠𑄬 𑄦𑄪𑄌𑄴 𑄚𑄧 𑄃𑄬𑄣𑄧।,Past
তুংপুদিবাি বািতে যে ফিরেনা-ব বাজাচ্ছে,𑄖𑄪𑄋𑄴𑄛𑄪𑄘𑄨𑄘𑄊𑄨 𑄊𑄧𑄢𑄧𑄖𑄴 𑄡𑄬𑄇𑄳𑄠𑄬 𑄜𑄨𑄢𑄨𑄣𑄧 𑄚𑄧- 𑄝𑄮 𑄝𑄏𑄬𑄢𑄴।,Present
চাা দিে হাত দিে গল্প মারে,𑄌𑄠𑄴 𑄘𑄬 𑄖𑄪𑄋𑄴𑄛𑄪𑄘𑄨 𑄣𑄪𑄋𑄨 𑄖𑄟𑄴𑄟𑄣𑄮𑄃𑄨 𑄉𑄧𑄛𑄴 𑄟𑄢𑄬𑄢𑄴।,Present
তাকে দেে তুং পুং করে কে ঝাকিে আসলো?,𑄖𑄢𑄬 𑄘𑄬‘𑄚𑄬 𑄖𑄪𑄋𑄴 𑄛𑄪𑄘𑄨 𑄢𑄨𑄚𑄨 𑄌𑄬𑄃𑄨 𑄇𑄧𑄣𑄧 𑄪 𑄃𑄃𑄨𑄠𑄬 𑄏𑄘𑄨 𑄃𑄬𑄣𑄬?,Past
অনুসঠান আসলো,𑄃𑄧𑄚𑄪𑄥𑄴𑄒𑄚𑄴 𑄃𑄬𑄣𑄧𑄘𑄬।,Past
.কথা বলতে বলতে সব ভেঙে গেল,𑄇𑄮𑄃𑄨𑄚𑄬 𑄎𑄬𑄢𑄬 𑄝𑄬𑄇𑄴𑄇𑄚𑄨 𑄞𑄋𑄨 𑄇𑄧𑄣𑄧।,Past
তুংপুটি মা কল -যেও,𑄖𑄪𑄋𑄴𑄛𑄪𑄘𑄨 𑄟 𑄇𑄧𑄣𑄧 - 𑄡𑄧 𑄘𑄬।,Present
এক জাতী বুনো ফল,𑄞𑄖𑄴 𑄈𑄧𑄉𑄮𑄃𑄨।,Present
আমি খোল,𑄃𑄟𑄨 𑄈𑄨𑄠𑄬𑄃𑄨।,Present
ফোঁা দিে ভাত খাওা ভালো,𑄜𑄧𑄢𑄈𑄪𑄣𑄧𑄣𑄮𑄃𑄨 𑄖𑄪𑄋𑄴𑄛𑄪𑄘𑄨 𑄞𑄖𑄴 𑄈 𑄙𑄧𑄢𑄴 𑄣𑄇𑄴।,Present
ফোঁার শব্দ করে - তুমি এখন কিছুই খাচ্ছো না,𑄜𑄧𑄢𑄈𑄪𑄣𑄧 𑄖𑄪𑄋𑄴𑄛𑄪𑄘𑄨𑄢𑄬 𑄇𑄧‘𑄢𑄴 - 𑄖𑄪𑄃𑄨 𑄃𑄬𑄘𑄧𑄇𑄴𑄈𑄧𑄚𑄴 𑄇𑄨𑄠 𑄚𑄧 𑄈𑄌𑄴।,Present
তুংপুটি কা-গাদা,𑄖𑄪𑄋𑄴𑄛𑄪𑄘𑄨 𑄇𑄧‘𑄢𑄴 - 𑄉𑄘𑄧𑄣𑄪𑄋𑄴𑄴।,Present
এনে এনে তোমরা লুলিে যাও,𑄃𑄬𑄚𑄬 𑄃𑄬𑄚𑄬 𑄖𑄪𑄃𑄨 𑄣𑄪𑄋𑄨𑄣𑄬𑄉𑄨।,Present
.আবর্জনাগুলো নাাচাা করতেছে,𑄜𑄧𑄢𑄈𑄪𑄣𑄧 𑄚𑄧 𑄟𑄙𑄨 𑄢𑄃𑄣𑄧।,Present
"ভাত খাওা, তুংপুটি খাওা","𑄞𑄖𑄴 𑄈𑄢𑄴, 𑄖𑄪𑄋𑄴𑄛𑄪𑄘𑄨𑄃𑄮 𑄈𑄢𑄴।",Present
তুংপুং করে কল -উসিঙ রাগ জুে দে,𑄖𑄪𑄋𑄴𑄛𑄪𑄘𑄨 𑄌𑄪𑄝𑄬 𑄌𑄪𑄝𑄬 𑄇𑄧‘𑄢𑄴 - 𑄃𑄪𑄥𑄨𑄋𑄧 𑄢𑄉𑄴 𑄎𑄪𑄢𑄬 𑄘𑄨𑄌𑄴𑄌𑄮𑄃𑄨।,Present
কত রাগ তুলে দাও,𑄇𑄧𑄟𑄴𑄝 𑄢𑄉𑄴 𑄖𑄪𑄣𑄨 𑄘𑄮𑄌𑄴।,Present
. ফোঁাগুলো পানিতে পে থাকবে।,𑄜𑄧𑄢𑄈𑄪𑄣𑄧 𑄎𑄚𑄬 𑄃𑄪𑄥𑄨𑄋𑄬 𑄢𑄉𑄴 𑄦𑄮𑄃𑄨 𑄗𑄬𑄝𑄧।,Future
.পাহাে ফোঁা যা সেটা সে চা না,𑄜𑄧𑄢𑄈𑄪𑄣𑄧 𑄎𑄚𑄬 𑄥𑄨𑄠𑄚𑄴 𑄖𑄬𑄠𑄮 𑄚𑄧 𑄌𑄠𑄴।,Present
তুংপুটি কথা গুলো কানে লেগে আছে,𑄖𑄪𑄋𑄴𑄛𑄪𑄘𑄨 𑄇𑄧𑄙𑄠𑄚𑄴 𑄃𑄧𑄚𑄴𑄎𑄪𑄢𑄴 𑄇𑄚𑄧𑄖𑄴 𑄝𑄏 𑄙𑄧𑄎𑄳𑄠।,Present
. ফরাকলের এই ভেদটা না না কথা মনে পে,𑄜𑄧𑄢𑄈𑄪𑄣𑄧𑄢𑄴 𑄃𑄬𑄃𑄨 𑄥𑄬𑄃𑄨 𑄞𑄬𑄘𑄬𑄢𑄴 𑄥𑄬𑄘𑄬𑄢𑄴 𑄚 𑄚 𑄇𑄧𑄙 𑄟𑄧𑄚𑄧𑄖𑄴 𑄃𑄪𑄙𑄧 𑄙𑄧𑄎𑄳𑄠।,Present
সে কি গরিব মনে করে তাদের ভাতগুলো গুো করে খেে নিল,𑄖𑄬 𑄇𑄨 𑄉𑄧𑄢𑄨𑄝𑄧 𑄞𑄝𑄨 𑄞𑄝𑄨 𑄖𑄢𑄖𑄧𑄋𑄧𑄢 𑄞𑄖𑄴 𑄞𑄬𑄃𑄨 𑄈𑄬𑄃𑄨 𑄥𑄨𑄋𑄮𑄝𑄖𑄴 𑄝𑄮𑄃𑄨 𑄢𑄧𑄣𑄧।,Past
তুংপুি এসে তাকে একটু বাঁকা করে দেখল,𑄖𑄪𑄋𑄴𑄛𑄪𑄘𑄨 𑄃𑄬𑄃𑄨𑄚𑄬 𑄖𑄢𑄬 𑄃𑄬𑄇𑄴𑄇 𑄃𑄬𑄇𑄴𑄇 𑄢𑄨𑄚𑄨 𑄌𑄬𑄃𑄨 𑄦𑄏 𑄙𑄧𑄢𑄴𑄣𑄧।,Past
.মনে হ ফোঁাটাকে একটা এই সেই বলে- আগুনে ঘি ফেলা হবে।,𑄝𑄪𑄏𑄨𑄣𑄧 𑄜𑄧𑄢𑄈𑄪𑄣𑄧𑄢𑄬 𑄃𑄨𑄇𑄴𑄇𑄪 𑄃𑄬𑄃𑄨 𑄥𑄬𑄃𑄨 𑄇𑄧𑄣𑄬 - 𑄃𑄉𑄪𑄚𑄮𑄖𑄴 𑄊𑄨 𑄔𑄣𑄚 𑄦𑄧𑄝𑄧।,Future
সে মাথা নিচু করল,𑄖𑄬 𑄚𑄧 𑄟𑄙𑄨 𑄢𑄧𑄣𑄧।,Past
. ফালটি মাটিতে পে যা এমন ব জিনিস তার হেছে,𑄜𑄧𑄢𑄈𑄪𑄣𑄧 𑄟𑄳𑄦𑄬𑄖𑄴 𑄛𑄬𑄣𑄧 𑄎𑄨𑄋𑄴𑄇𑄚𑄨𑄢𑄴 𑄘𑄨𑄊𑄮𑄣𑄴 𑄛𑄧𑄙𑄧𑄖𑄴 𑄜𑄧𑄢𑄈𑄪𑄣𑄧𑄢𑄴 𑄈𑄪𑄌𑄴 𑄝𑄢𑄚𑄨 𑄃𑄢𑄴𑄉𑄚𑄨 𑄖𑄢𑄴 𑄦𑄪𑄠𑄬।,Present
শ্রমিক পেলে এগুলো আর থাকবে না,𑄌𑄉𑄪𑄢𑄨 𑄛𑄬𑄣𑄬 𑄃𑄨𑄠𑄚𑄨 𑄚𑄧 𑄗𑄬𑄝𑄧 𑄃𑄢𑄴।,Future
.কিছুক্ষণ পর পর তুংপুংকে ফরা করল -চামা পরীক্ষা সে এবার পরীক্ষা যেতে পারবে,𑄞𑄣𑄧𑄇𑄴𑄈𑄧𑄚𑄴 𑄟𑄳𑄦𑄧 𑄦𑄮𑄃𑄨 𑄗𑄬𑄃𑄨 𑄖𑄪𑄋𑄴𑄛𑄪𑄘𑄨𑄢𑄬 𑄜𑄧𑄢𑄈𑄪𑄣𑄧 𑄇𑄧𑄣𑄧 - 𑄌𑄉𑄪𑄢𑄨 𑄛𑄧𑄢𑄨𑄇𑄴𑄈𑄬𑄖𑄴 𑄖𑄬 𑄃𑄬𑄝𑄢𑄧𑄖𑄴 𑄔𑄉𑄖𑄴 𑄡𑄬𑄝𑄢𑄴 𑄎𑄪 𑄦𑄧𑄝𑄧 𑄘𑄬।,Future
কি চিটিংবাজ?,𑄇𑄨 𑄌𑄉𑄪𑄢𑄨?,Present
তুংপুি ফোঁা থেকে বের হওা যা,𑄖𑄪𑄋𑄴𑄛𑄪𑄘𑄨 𑄜𑄧𑄢𑄈𑄪𑄣𑄧𑄖𑄴𑄖𑄪𑄚𑄴 𑄎𑄚𑄨𑄝𑄢𑄴 𑄌𑄬𑄣𑄧।,Present
এক জাতী মাছ,𑄦𑄃𑄨 𑄃𑄨𑄥𑄴𑄇𑄪𑄣𑄧 𑄟𑄌𑄴𑄖𑄧𑄢𑄨।,Present
"আা, তুমি স্কুলে যেতে পারবে না","𑄃, 𑄖𑄪𑄃𑄨 𑄇𑄧𑄣𑄬𑄎𑄧𑄖𑄴 𑄚𑄧 𑄥𑄧𑄟𑄬𑄝𑄬।",Future
তুংপুটি ফালকে দেখে চলে যাওা,𑄖𑄪𑄋𑄴𑄛𑄪𑄘𑄨 𑄜𑄧𑄢𑄈𑄪𑄣𑄧𑄢𑄬 𑄢𑄨𑄚𑄨 𑄌𑄬𑄃𑄨 𑄎𑄚𑄴𑄘𑄧 𑄌𑄠𑄴।,Present
গিে সেটা তো থাকবে,𑄉𑄨 𑄥𑄨𑄠𑄚𑄴 𑄘𑄧 𑄗𑄬𑄝𑄧𑄠𑄮𑄃𑄨।,Future
ফোঁা বা ফোঁার শব্দ,𑄜𑄧𑄢𑄈𑄪𑄣𑄧 𑄖𑄪𑄋𑄴𑄛𑄪𑄘𑄨𑄢𑄬 𑄥𑄪𑄚𑄮𑄠𑄴।,Present
পাহাের পাশে পাহা থাকে না,𑄖𑄪𑄋𑄴 𑄛𑄪𑄘𑄨 𑄚𑄧 𑄟𑄙𑄨 𑄗𑄠𑄴।,Present
তার চোখে ঘুম পা,𑄖𑄢𑄴 𑄘𑄨 𑄌𑄮𑄊𑄮𑄖𑄴 𑄊𑄪𑄟𑄧 𑄝𑄨𑄌𑄴।,Present
ঘুম থেকে তুলে নিে আসে,𑄊𑄪𑄟𑄬 𑄟𑄢𑄨 𑄃𑄚𑄬𑄢𑄴 ।,Present
".ফরাক, ভাত খেে সেখানে আসে","𑄜𑄧𑄢𑄈𑄪𑄣𑄧, 𑄞𑄖𑄴 𑄈𑄬𑄃𑄨 𑄥𑄨𑄋𑄮𑄝𑄖𑄴 𑄃𑄬𑄎𑄬।",Present
তুংপুং হাত দিে ভিতরে যাওা,𑄖𑄪𑄋𑄴𑄛𑄪𑄘𑄨 𑄘𑄖𑄴 𑄘𑄧𑄣𑄨 𑄉𑄪𑄘𑄨𑄖𑄴 𑄡𑄠𑄴।,Present
ফোঁাযুক্ত একা একা বেঞ্চে বসে আছে,𑄜𑄧𑄢𑄈𑄪𑄣𑄧 𑄉𑄃𑄨 𑄉𑄃𑄨 𑄥𑄨𑄋𑄮𑄝𑄖𑄴 𑄝𑄮𑄃𑄨 𑄃𑄊𑄬।,Present
পাহাে কীভাবে উঠে যাবে-নাল খুঁজতে,𑄟𑄪𑄎𑄪𑄋𑄬 𑄇𑄬𑄚𑄬 𑄃𑄪𑄎𑄬 𑄡𑄬𑄝𑄧 - 𑄚𑄣𑄴 𑄖𑄧𑄉𑄃𑄨।,Future
.অকুল দুজে একা একা কুে পে যাওা যা,𑄃𑄧𑄇𑄪𑄣𑄴 𑄘𑄧𑄎𑄳𑄠𑄖𑄴 𑄥𑄎𑄪𑄢𑄨 𑄥𑄎𑄪𑄢𑄨 𑄇𑄪𑄣𑄮𑄖𑄴 𑄣𑄪𑄋𑄨𑄝𑄢𑄴 𑄛𑄧𑄗𑄴 𑄖𑄧𑄉𑄠𑄴।,Present
"১,১৪",𑄷𑄺.,Present
তুংপুি সৈকতে ফিরে গেলে মনটা পাতলা হে ধরলো,𑄖𑄪𑄋𑄴𑄛𑄪𑄘𑄨 𑄔𑄉𑄖𑄴 𑄜𑄨𑄢𑄨 𑄉𑄬𑄣𑄬 𑄜𑄧𑄢𑄈𑄪𑄣𑄧 𑄟𑄧𑄚𑄚𑄴 𑄛𑄘𑄧𑄣𑄴 𑄦𑄮𑄃𑄨 𑄙𑄧𑄢𑄴𑄣𑄧।,Past
তুং পুং কথা শুনে উসিঙ রাগটা একটু পাওা যাবে,𑄖𑄪𑄋𑄴 𑄛𑄪𑄘𑄨 𑄇𑄧𑄙 𑄥𑄪𑄚𑄨 𑄚𑄬 𑄃𑄪𑄥𑄨𑄋𑄧 𑄢𑄉𑄧 𑄖𑄪𑄢𑄴𑄠𑄚𑄴 𑄃𑄬𑄇𑄴𑄇 𑄛𑄚𑄴𑄎 𑄦𑄧𑄝𑄧।,Future
সেগুলো চিন্তা করে মনে পে,𑄥𑄨𑄠𑄚𑄨 𑄞𑄝𑄨 𑄞𑄝𑄨 𑄟𑄧𑄚𑄚𑄧𑄢𑄬 𑄛𑄥𑄚𑄴 𑄉𑄧𑄢𑄬।,Present
তার মনটা হঠাৎ করে চূা পলো,𑄖 𑄟𑄧𑄚𑄚𑄴 𑄃𑄟𑄨𑄎 𑄖𑄨𑄢𑄏𑄨 𑄇𑄧𑄟𑄧𑄣𑄬 𑄌𑄉𑄪𑄢𑄨 𑄌𑄨𑄘𑄨 𑄣𑄪𑄋𑄨𑄝𑄧𑄉𑄨।,Present
একদিন সূর্য ডোবার সম,𑄃𑄬𑄇𑄴𑄘𑄨𑄚𑄴 𑄝𑄬𑄣𑄳𑄠𑄬 𑄟𑄙𑄚𑄴।,Present
.নিচে কাগজ নিে তাকিে আছে।,𑄚𑄨𑄉𑄨𑄣𑄨𑄚𑄬 𑄛𑄬𑄛𑄢𑄴 𑄢𑄨𑄚𑄨 𑄌𑄬𑄝𑄧𑄉𑄮𑄃𑄨 𑄞𑄝𑄬𑄢𑄴।,Present
.আকাশের ডাক পে এই বািটা চিটিংবাজ করে দিল,𑄃𑄘𑄬𑄈𑄳𑄠𑄬𑄉𑄧𑄢𑄨 𑄓𑄇𑄴 𑄛𑄨𑄠𑄮𑄚𑄴𑄚𑄮 𑄃𑄬𑄃𑄨 𑄖𑄪𑄋𑄴𑄛𑄪𑄘𑄨𑄘𑄊𑄨 𑄊𑄧𑄢𑄧𑄖𑄴 𑄌𑄨𑄘𑄨𑄠𑄚𑄴 𑄘𑄨 𑄉𑄬𑄣𑄧।,Past
.পাহািটা খুলে দেখ তো তার কুকুরটার পরীক্ষা,𑄜𑄧𑄢𑄈𑄪𑄣𑄧 𑄈𑄪𑄣𑄨 𑄌𑄠𑄴 𑄘𑄬 𑄖 𑄟𑄌𑄴𑄖𑄧𑄢𑄨 𑄌𑄉𑄪𑄢𑄨𑄢𑄴 𑄛𑄧𑄢𑄨𑄇𑄴𑄈𑄬 𑄌𑄨𑄘𑄨।,Present
চিটিংবাজ লোক দুইটা মনের মতো হেছে,𑄌𑄨𑄘𑄨𑄠𑄚𑄴 𑄛𑄮𑄣𑄳𑄠𑄬 𑄘𑄬𑄚𑄬𑄃𑄨 𑄟𑄧𑄚𑄚𑄴 𑄦𑄪𑄌𑄴𑄌𑄮 𑄦𑄧𑄣𑄧।,Present
তাাতাি হলো,𑄎𑄬𑄢𑄬 𑄟𑄙𑄬𑄃𑄨 𑄙𑄨𑄟𑄙𑄨𑄟 𑄦𑄧𑄣𑄧।,Past
"তার পরীক্ষা পাশেও না,কাছেও না","𑄖 𑄛𑄧𑄢𑄨𑄇𑄴𑄈𑄬 𑄔𑄉𑄖𑄴 𑄚𑄧𑄠𑄴, 𑄌𑄘𑄨𑄉𑄋𑄴।",Present
"চিটিংটা দুই তিন বার করতেছে,থাকলো","𑄌𑄨𑄘𑄨𑄠𑄚𑄴 𑄘𑄨 𑄖𑄨𑄚𑄴 𑄝𑄢𑄴 𑄟𑄙𑄬𑄃𑄨, 𑄗𑄧𑄣𑄧।",Past
.যেটা ভাপা হেছে একটু,𑄡𑄨𑄠𑄚𑄴 𑄞𑄛𑄳𑄠𑄬 𑄦𑄪𑄠𑄬 𑄃𑄢𑄬𑄇𑄴𑄇𑄚𑄴।,Present
. ফরাখুল মন তো বুদ্ধ মানি - যা চামা হ,𑄜𑄧𑄢𑄈𑄪𑄣𑄧 𑄟𑄧𑄚𑄚𑄴 𑄖𑄮 𑄝𑄪𑄌𑄴 𑄟𑄚𑄨𑄣𑄧 - 𑄎𑄨𑄚𑄨 𑄌𑄉𑄪𑄢𑄨𑄠𑄚𑄴 𑄦𑄧𑄠𑄴।,Present
চাদিগা হোঁচট খেে আবার রাঙামাটিতে ফিরে গেল,𑄌𑄘𑄨𑄉𑄋𑄴 𑄛𑄧𑄢𑄨𑄇𑄴 𑄈𑄬 𑄘𑄨 𑄃𑄢𑄧 𑄢𑄋𑄟𑄖𑄳𑄠𑄬 𑄜𑄨𑄢𑄨𑄣𑄧।,Past
.আকাশ থেকে বৃষ্টি পে যাচ্ছে,𑄔𑄉𑄖𑄴𑄖𑄪𑄚𑄴 𑄜𑄨𑄎𑄳𑄠𑄬 𑄘𑄬𑄢𑄴 𑄝𑄧𑄏𑄧𑄢𑄴 𑄦𑄧𑄢𑄴।,Present
.সে দুই এক দিনও বেঁচে থাকবে না,𑄥𑄣𑄬 𑄘𑄨 𑄃𑄬𑄇𑄴 𑄘𑄨𑄚𑄧 𑄞𑄨𑄘𑄨𑄢𑄬 𑄡𑄚 𑄚𑄧 𑄦𑄧𑄝𑄧 𑄃𑄢𑄴।,Future
মনে হ এই ঘরটি উপর্যুপরি মাস্টার্স পেছে,𑄞𑄝𑄬𑄢𑄴 𑄃𑄬 𑄞𑄨𑄘𑄨𑄢𑄬 𑄃𑄪𑄥𑄨𑄋𑄧𑄢𑄴 𑄟𑄥𑄴𑄑𑄢𑄴𑄥𑄴 𑄛𑄧𑄢𑄨𑄇𑄴𑄈𑄬 𑄦𑄧𑄣𑄬 𑄛𑄪𑄢𑄴 𑄛𑄧𑄎𑄳𑄠𑄬।,Present
তাকে উপরে আর রাগ হবে এগুলো আমি মনে পে,𑄖𑄢𑄬 𑄃𑄪𑄥𑄨𑄋𑄬 𑄃𑄢𑄧 𑄢𑄉𑄴 𑄦𑄧𑄝𑄧 𑄃𑄨𑄠𑄚𑄨 𑄃𑄟𑄨𑄎 𑄟𑄧𑄚𑄧𑄖𑄴 𑄃𑄪𑄙𑄬 𑄃 𑄣𑄟𑄬।,Future
.পত্রিকার কোথাও চামা দিে চামা দো যা না,𑄛𑄧𑄖𑄳𑄢𑄨𑄇 𑄇𑄪𑄚𑄮𑄖𑄴 𑄌𑄉𑄪𑄢𑄨 𑄘𑄨𑄏𑄬 𑄟𑄇𑄳𑄠𑄬 𑄖𑄮𑄉𑄬𑄃𑄨 𑄚𑄧 𑄛𑄠𑄴।,Present
কুকুরটা তাাতাি বের হে যা সেটা একজন ভালো করে বোঝে,𑄌𑄉𑄪𑄢𑄨 𑄖𑄧𑄉𑄘𑄬 𑄎𑄧𑄘 - 𑄥𑄬𑄚𑄴𑄘𑄬𑄣𑄴 𑄞𑄨𑄣𑄬 𑄈𑄧𑄠𑄴 𑄡𑄠𑄴 𑄥𑄨𑄠𑄚𑄴 𑄃𑄨𑄇𑄴𑄇𑄪 𑄈𑄧𑄢𑄬 𑄈𑄧𑄢𑄬 𑄝𑄪𑄏𑄬𑄢𑄴।,Present
এই পৃথিবীতে ডাক পিঁপা করলে তার ভ পলো,𑄃𑄬 𑄞𑄨𑄘𑄨𑄢𑄬 𑄓𑄇𑄴 𑄛𑄨𑄠𑄮𑄚𑄴 𑄚𑄮𑄣𑄮𑄃𑄨 𑄖𑄢𑄴 𑄝𑄧𑄚𑄴 𑄎𑄪𑄢𑄧 𑄛𑄧𑄢𑄴𑄣𑄧।,Present
". ফরাকলের ডাক পতেছে,বলতে - আমার ছোট বোন এলে তাাতাি দাও","𑄜𑄧𑄢𑄈𑄪𑄣𑄧 𑄓𑄇𑄴 𑄛𑄨𑄠𑄮𑄚𑄴 𑄚𑄧𑄢𑄬 𑄛𑄪𑄏𑄢𑄴 𑄉𑄧𑄖𑄴𑄖𑄧, 𑄇𑄧𑄘𑄧 - 𑄟𑄧𑄢𑄴 𑄌𑄨𑄘𑄨 𑄃𑄬𑄣𑄬 𑄦𑄘𑄬 𑄦𑄘𑄬 𑄘𑄨𑄌𑄴।",Present
.অতিরিক্ত ডাক বািতে দো,𑄃𑄧𑄇𑄴𑄖𑄧 𑄃𑄧𑄇𑄴𑄖𑄧 𑄓𑄇𑄴 𑄊𑄧𑄢𑄧𑄖𑄴 𑄌𑄨𑄘𑄨 𑄘𑄬 𑄡𑄬𑄘𑄧।,Present
সে ডাক পুোটা তার মনে পে,𑄥𑄬𑄚𑄬 𑄓𑄇𑄴 𑄛𑄪𑄠𑄮𑄚𑄴𑄚𑄪𑄚𑄴 𑄖𑄢𑄴 𑄌𑄨𑄚𑄴𑄛𑄧𑄌𑄴𑄎𑄧।,Present
.খাওার উপরে কোনো চিটিংবাজ নেই।,𑄈𑄣𑄨𑄇𑄴 𑄃𑄪𑄥𑄨𑄋𑄧𑄢𑄬 𑄇𑄧𑄚𑄧 𑄌𑄨𑄘𑄨 𑄚𑄧 𑄣𑄬𑄊𑄬।,Present
.ফসলের ভাবি -স্বামী-স্ত্রী একসাথে থাকবে না,𑄜𑄧𑄢𑄈𑄪𑄣𑄧 𑄞𑄝𑄨𑄘𑄧 - 𑄎𑄧𑄚𑄨 𑄇𑄧𑄚𑄧𑄎𑄧𑄚𑄬 𑄈𑄪𑄣𑄨 𑄌𑄚𑄴 𑄉𑄪𑄟𑄮𑄢𑄴 𑄚𑄧 𑄗𑄬𑄝𑄧।,Future
এক দিন বনরুব বাজার থেকে পাকা পথ ধরে হেঁটে যাচ্ছে,𑄃𑄬𑄇𑄴 𑄘𑄨𑄚𑄴 𑄝𑄧𑄚𑄧𑄢𑄪𑄝𑄧 𑄝𑄎𑄢𑄧𑄖𑄴𑄖𑄪𑄚𑄴 𑄛𑄇𑄴𑄇 𑄛𑄧𑄗𑄴 𑄙𑄧𑄢𑄨 𑄦𑄘 𑄙𑄧𑄏𑄳𑄠।,Present
দক্ষিণ দিকে কচ্ছপরা ঘুরে বো,𑄘𑄧𑄊𑄨𑄚𑄬𑄘𑄨 𑄇𑄧𑄖𑄴𑄖𑄪𑄢𑄴 𑄦𑄘𑄨 𑄃𑄪𑄣𑄴𑄣𑄮 𑄜𑄨𑄢𑄴𑄣𑄧।,Present
.উত্তর মলা পাা,𑄃𑄪𑄖𑄴𑄖𑄧𑄢𑄴 𑄟𑄧𑄇𑄳𑄠𑄬 𑄦𑄘 𑄙𑄧𑄎𑄳𑄠।,Present
কত ব আসা যাওা করে ডাক পেছে,𑄇𑄧𑄖𑄴𑄘𑄪𑄢𑄴 𑄃𑄬𑄃𑄨𑄚𑄬 𑄢𑄨𑄚𑄨 𑄌𑄠𑄴𑄘𑄬 𑄓𑄇𑄴 𑄛𑄨𑄠𑄮𑄚𑄴𑄚𑄮।,Present
তার ছোট ভাই-বোনের ডাক না খেে হাত দিে দিল,𑄖𑄢𑄴 𑄌𑄨𑄘𑄨 𑄇𑄮𑄃𑄨𑄚𑄬 - 𑄓𑄇𑄴 𑄛𑄨𑄠𑄮𑄚𑄴 𑄚𑄮 𑄌𑄨𑄘𑄨𑄠𑄚𑄴 𑄦𑄘𑄧𑄖𑄴 𑄉𑄧𑄎𑄬 𑄘𑄨𑄣𑄧।,Past
চিটিংবাজটা মেেকে দিে দশ দিন ঘুরতে হবে,𑄌𑄨𑄘𑄨𑄠𑄚𑄴 𑄟𑄬𑄣𑄨 𑄌𑄠𑄴 𑄘𑄬 𑄘𑄧𑄥𑄴 𑄘𑄨𑄚𑄧 𑄞𑄨𑄘𑄨𑄢𑄬 𑄡 𑄛𑄧𑄢𑄨𑄝𑄧।,Future
বানরটা স্কুল,𑄝𑄚𑄴𑄘𑄧𑄢𑄴𑄝𑄚𑄴 𑄃𑄨𑄥𑄴𑄇𑄪𑄣𑄴।,Present
কি গরীব ভাবতে পারি না,𑄇𑄨 𑄉𑄧𑄢𑄨𑄝𑄧 𑄞𑄝𑄨 𑄚𑄧 𑄛𑄢𑄴।,Present
ডাকপিালকে বলে দাও-সে চা খেে,𑄓𑄇𑄴 𑄛𑄨𑄠𑄮𑄚𑄧𑄢𑄬 𑄇𑄧𑄠𑄴 𑄘𑄬 - 𑄃𑄠𑄴 𑄌 𑄈𑄬𑄃𑄨।,Present
দুইজনে একসাথে চা খেলো,𑄘𑄨𑄎𑄧𑄚𑄬 𑄘𑄧𑄉𑄚𑄧𑄖𑄴 𑄥𑄧𑄟𑄬 𑄌 𑄈𑄬𑄣𑄇𑄴।,Past
. ফোঁাগুলো মনে পে কী হবে?,𑄜𑄧𑄢𑄈𑄪𑄣𑄧 𑄟𑄧𑄚𑄬 𑄟𑄧𑄚𑄬 𑄞𑄝 𑄙𑄧𑄎𑄳𑄠 - 𑄇𑄨 𑄉𑄨𑄢𑄨𑄝𑄧।,Future
চা খেে বািতে ফিরে আসলো,𑄌 𑄈𑄬𑄃𑄨 𑄊𑄧𑄢𑄧𑄖𑄴 𑄜𑄨𑄢𑄨 𑄃𑄬𑄣𑄧।,Past
পিসেমশাইকে বলবেন না-ভাববো,𑄛𑄨𑄏𑄬𑄃𑄨𑄘𑄊𑄨𑄢𑄬 𑄇𑄮𑄟𑄴 𑄚𑄨 𑄚𑄧 𑄇𑄮𑄟𑄴 - 𑄞𑄝𑄬𑄢𑄴।,Future
বিছানা পিে পিেছে,𑄝𑄨𑄌𑄴𑄌𑄮𑄚𑄧𑄖𑄴 𑄛𑄧𑄢𑄨 𑄌𑄨𑄘𑄨𑄠𑄚𑄴 𑄊𑄧𑄚𑄧 𑄊𑄧𑄚𑄧 𑄈𑄪𑄣𑄨 𑄌𑄢𑄴।,Present
মনের মিল না হওা,𑄟𑄧𑄚𑄚𑄴 𑄚𑄧 𑄃𑄇𑄴𑄇𑄮𑄃𑄨।,Present
সূর্য ডোবার সম কথা গুলো মিললো,𑄝𑄬𑄣𑄳𑄠𑄬 𑄖𑄪𑄋𑄴𑄛𑄪𑄘𑄨 𑄟𑄢𑄬 𑄇𑄧𑄙𑄠𑄚𑄴 𑄟𑄬𑄣𑄨𑄣𑄧।,Past
তুংপুটি মা কল -আগে ধরলো,𑄖𑄪𑄋𑄴𑄛𑄪𑄘𑄨 𑄟 𑄇𑄧𑄣𑄧 - 𑄃𑄉𑄬 𑄙𑄧𑄢𑄨𑄣𑄧।,Past
. ফালটা দুই দিন মন ভালো করে রাখল,𑄜𑄧𑄢𑄈𑄪𑄣𑄧𑄢𑄴 𑄘𑄨 𑄖𑄨𑄚𑄴 𑄘𑄨𑄚𑄴 𑄟𑄧𑄚𑄴 𑄉𑄮𑄢𑄴 𑄉𑄧𑄢𑄨 𑄢𑄧𑄣𑄧।,Past
তার পেছনে আঙুল দিে একটা কথা - পাহাে যেটা পরে সেটা ধরলো,𑄖 𑄛𑄨𑄏𑄬𑄃𑄨 𑄖𑄪𑄋𑄴𑄛𑄪𑄘𑄨 𑄟𑄢𑄴 𑄃𑄬𑄇𑄴𑄇𑄚𑄴 𑄇𑄧𑄙 - 𑄟𑄪𑄎𑄪𑄋𑄮𑄖𑄴 𑄡𑄨𑄠𑄚𑄴 𑄛𑄧𑄢𑄬 𑄥𑄨𑄠𑄚𑄴 𑄙𑄧𑄢𑄨𑄣𑄧।,Past
ফানুসের তুংপুং কথা গুলো ছোট ছোট করে বলা হ,𑄜𑄧𑄢𑄈𑄪𑄣𑄧𑄢𑄴 𑄖𑄪𑄋𑄴𑄛𑄪𑄘𑄨 𑄟 𑄇𑄧𑄙𑄠𑄚𑄴 𑄇𑄧𑄙𑄠𑄚𑄴 𑄌𑄨𑄉𑄪𑄖𑄴 𑄌𑄨𑄉𑄪𑄖𑄴𑄉𑄧𑄢𑄨 𑄃𑄧𑄚𑄴𑄎𑄪𑄢𑄴 𑄝𑄨𑄚𑄳𑄠𑄬 𑄙𑄧𑄎𑄳𑄠𑄬।,Present
"এখানে বান্দরটা গেলে উসিঙ বাঁশ,আালে দেখা যা,সেটা চিন্তা করলে মন আরও ছোট হ","𑄃𑄨𑄚𑄴𑄘𑄨 𑄝𑄚𑄴𑄘𑄧𑄢𑄴𑄝𑄚𑄴 𑄉𑄬𑄣𑄬 𑄃𑄪𑄥𑄨𑄋𑄧 𑄝𑄝𑄴, 𑄃𑄬𑄢𑄝𑄬𑄢𑄣𑄮𑄃𑄨 𑄘𑄬𑄊𑄘𑄬𑄊𑄨 𑄦𑄧𑄣𑄬 𑄇𑄨 𑄇𑄧𑄚𑄴 - 𑄥𑄨𑄠𑄚𑄴 𑄞𑄝𑄨𑄣𑄬 𑄜𑄧𑄢𑄈𑄪𑄣𑄧 𑄟𑄧𑄚𑄚𑄴 𑄃𑄢𑄧 𑄝𑄬𑄌𑄴 𑄌𑄨𑄉𑄪𑄖𑄴𑄉𑄧𑄢𑄨 𑄃𑄪𑄙𑄬।",Present
"উপরের উসিঙে মাা তাকে চিনে, কোচা এইটা চিন্তা করলে মনটা একটু ভ লাগে","𑄃𑄪𑄚𑄴𑄘𑄨 𑄃𑄪𑄥𑄨𑄋𑄧 𑄟𑄝𑄮 𑄖𑄢𑄬 𑄌𑄨𑄚𑄬, 𑄇𑄮𑄌𑄴𑄛𑄠𑄴 𑄃𑄨𑄠𑄚𑄴 𑄞𑄝𑄨𑄚𑄬 𑄟𑄧𑄚𑄚𑄴 𑄃𑄬𑄇𑄴𑄇 𑄘𑄧𑄢𑄧 𑄦𑄧𑄠𑄴।",Present
.অন্যরা তাাতাি করবে,𑄎𑄬𑄢𑄬 𑄥𑄢𑄴 𑄉𑄧𑄢𑄴𑄣𑄧 - 𑄡𑄬𑄝𑄧।,Future
"১,৫,৫",𑄷𑄻.,Present
.আকাশে যোগ দেওা/দাওার সম আরও তিন দিন,𑄃𑄨𑄥𑄴 𑄇𑄪𑄣𑄧𑄖𑄴 𑄡𑄮𑄉𑄴 / 𑄘𑄬𑄚𑄉𑄮𑄃𑄨 𑄙𑄧𑄌𑄴 𑄃𑄢𑄧 𑄖𑄨𑄚𑄴 𑄘𑄨𑄚𑄴।,Present
বানরটা লা দিল,𑄝𑄚𑄴𑄘𑄧𑄢𑄴𑄝𑄚𑄴 𑄣𑄧𑄢𑄴 𑄘𑄨𑄣𑄧।,Past
". ফরাখোল মনে অনেক ছোট বুদবুদ উঠছে, মনে বারি দে","𑄜𑄧𑄢𑄈𑄪𑄣𑄧 𑄟𑄧𑄚𑄧𑄖𑄴 𑄥𑄧𑄥𑄉𑄧𑄢𑄴 𑄌𑄨𑄙𑄬 𑄖𑄝𑄪𑄣𑄴 𑄃𑄪𑄖𑄴𑄖𑄧𑄚𑄴, 𑄟𑄧𑄚𑄧𑄖𑄴 𑄝𑄢𑄨 𑄘𑄬𑄘𑄧𑄚𑄴।",Present
একা একা বানরটা যা,𑄃𑄉𑄬𑄘𑄨 𑄃𑄬𑄇𑄴𑄝𑄢𑄴 𑄉𑄧𑄢𑄨 𑄝𑄚𑄴𑄘𑄧𑄢𑄴𑄝𑄚𑄴 𑄡𑄨𑄠𑄬।,Present
.সে কুকুরটি দুইজনকে শুধু চিনে,𑄥𑄨𑄘𑄪 𑄌𑄉𑄪𑄢𑄨𑄝𑄧𑄣 𑄘𑄨 𑄃𑄬𑄇𑄴 𑄎𑄧𑄚𑄧𑄢𑄬 𑄝𑄚 𑄌𑄨𑄚𑄬।,Present
মনটা তাাতাি করতেছে,𑄟𑄧𑄚𑄚𑄴 𑄥𑄨𑄠𑄚𑄴 𑄘𑄮𑄃𑄨 𑄛𑄥𑄚𑄴 𑄉𑄧𑄢𑄬𑄢𑄴।,Present
জন কোনো সমে উসিে যাওার সমে দেখা যা,𑄎𑄧𑄚𑄨 𑄇𑄧𑄚𑄧 𑄥𑄧𑄟𑄧𑄖𑄴 𑄃𑄪𑄥𑄨𑄋𑄧 𑄟𑄝𑄮𑄣𑄮𑄃𑄨 𑄘𑄬𑄊 𑄦𑄧𑄠𑄴 𑄥𑄣𑄬 𑄇𑄨 𑄉𑄧𑄢𑄨𑄝𑄧 𑄃𑄨𑄠𑄚𑄴 𑄞𑄝𑄨 𑄞𑄝𑄨 𑄝𑄏𑄧𑄖𑄴 𑄉𑄧𑄢𑄨 𑄡 𑄙𑄧𑄎𑄳𑄠।,Present
সূর্য ডোবার সম বানরটা পেলাম,𑄝𑄬𑄣𑄳𑄠𑄬 𑄟𑄙𑄚𑄴 𑄝𑄚𑄴𑄘𑄧𑄢𑄴𑄝𑄚𑄴 𑄣𑄪𑄋𑄨𑄣𑄧𑄉𑄮𑄃𑄨।,Past
এক জাতী পাখি,𑄃𑄪𑄙𑄨𑄣𑄧 𑄟𑄧𑄚𑄨𑄘𑄊𑄨𑄃𑄨𑄘𑄪।,Present
তাদের বাি ও মিঠাই,𑄖𑄢 𑄊𑄧𑄢𑄴 𑄃𑄮 𑄟𑄨𑄉𑄨𑄚𑄨।,Present
মনের মতো তাকে খুঁজতেছি,𑄟𑄧𑄚𑄨 𑄖𑄢𑄬 𑄘𑄬𑄃𑄨𑄚𑄬 𑄈𑄪𑄏𑄨।,Present
মনি কল - থাক,𑄟𑄧𑄚𑄨 𑄇𑄧𑄣𑄧 - 𑄗𑄇𑄴।,Present
মেেটা একা একা উঠতে পারবে,𑄎𑄬𑄢𑄬 𑄚𑄧𑄠𑄴 𑄃𑄧𑄚𑄳𑄠𑄧 𑄟𑄮𑄇𑄳𑄠𑄬 𑄃𑄪𑄙𑄨 𑄛𑄢𑄨𑄝𑄬।,Future
"সে নিজে নিজে থাকে,অতিরিক্ত মিশিে থাকে তার স্ত্রীর কাছ থেকে","𑄖𑄬𑄠𑄮 𑄉𑄃𑄨 𑄉𑄃𑄨 𑄗𑄠𑄴, 𑄃𑄧𑄇𑄴𑄖𑄧 𑄃𑄧𑄇𑄴𑄖𑄧 𑄟𑄨𑄉𑄨𑄚𑄨𑄖𑄴𑄖𑄪𑄚𑄴 𑄖 𑄟𑄮𑄇𑄴𑄛𑄮 𑄃𑄬𑄎𑄧𑄚𑄴।",Present
তার বানরটা স্কুলে যে যোগ দিল,𑄖 𑄇𑄬𑄣𑄳𑄠𑄬 𑄝𑄚𑄴𑄘𑄧𑄢𑄴𑄝𑄚𑄴 𑄃𑄨𑄥𑄴𑄇𑄪𑄣𑄧𑄖𑄴 𑄡𑄬𑄃𑄨 𑄡𑄮𑄉𑄴 𑄘𑄨𑄣𑄧।,Past
.সে চোখ বন্ধ করে সব পরিষ্কার করে,𑄥𑄨𑄘𑄪 𑄌𑄨𑄚𑄴𑄛𑄧𑄌𑄴𑄎𑄧𑄉𑄪𑄚𑄬 𑄝𑄬𑄇𑄴 𑄈𑄪𑄏𑄨।,Present
মেেগুলো উজানে পাহাের বাসা ভাত খা,𑄟𑄧𑄚𑄨𑄣𑄮𑄃𑄨 𑄘𑄨𑄎𑄧𑄚𑄬 𑄃𑄪𑄎𑄚𑄨 𑄛𑄢 𑄝𑄥𑄖𑄴 𑄢𑄚𑄨 𑄈𑄚𑄴।,Present
স্কুলশিক্ষিকার বািটা বানরের বাসা,𑄃𑄨𑄥𑄴𑄇𑄪𑄣𑄧 𑄇𑄬𑄢𑄚𑄨𑄝𑄮 𑄊𑄧𑄢𑄴𑄃𑄮 𑄝𑄚𑄴𑄘𑄧𑄢𑄴𑄝𑄚𑄴।,Present
নািভুি,𑄚𑄋𑄴 𑄟𑄧𑄋𑄴𑄗𑄪𑄃𑄨।,Present
.তার মাথা না নাাচাা করে জমজ মিল হলো।,𑄖𑄣𑄴𑄣𑄮𑄃𑄨 𑄃𑄬𑄖𑄴𑄖𑄬 𑄚𑄧 𑄃𑄬𑄖𑄴𑄖𑄬 𑄜𑄧𑄢𑄈𑄪𑄣𑄧𑄣𑄮𑄃𑄨 𑄎𑄧𑄟𑄧𑄥𑄧𑄟𑄧 𑄟𑄨𑄣𑄴 𑄦𑄧𑄣𑄧।,Past
তার বাি আরও দূরে,𑄖 𑄊𑄧𑄢𑄴 𑄃𑄢𑄧 𑄘𑄪𑄢𑄮𑄖𑄴।,Present
আমিজা স্কুলে তাাতাি চা খেে কথা বলি,𑄃𑄟𑄨𑄎 𑄃𑄨𑄥𑄴𑄇𑄪𑄣𑄧𑄖𑄴 𑄖𑄣𑄴𑄣𑄮𑄃𑄨 𑄌 𑄈𑄬𑄃𑄨 𑄈𑄬𑄃𑄨 𑄇𑄧𑄙 𑄇𑄧𑄚𑄴।,Present
. এনে এনে নদীর ধারা,𑄃𑄬𑄚𑄬 𑄃𑄬𑄚𑄬 𑄘𑄨𑄚𑄴 𑄉𑄧𑄋 𑄙𑄧𑄎𑄳𑄠।,Present
"দুই একদিন বিশ্রাম নেওা হলে দািে বো,সবাই মিলে গালি মারে","𑄘𑄨 𑄃𑄬𑄇𑄴𑄘𑄨𑄚𑄴 𑄎𑄨𑄢𑄚𑄴 𑄗𑄬𑄣𑄬 𑄘𑄢𑄮𑄖𑄴 𑄝𑄬𑄢𑄚𑄴, 𑄥𑄧𑄟𑄎𑄳𑄠𑄣𑄮𑄃𑄨 𑄉𑄧𑄛𑄴 𑄟𑄢𑄧𑄚𑄴।",Present
বানরগুলো দুই পা দিে হেঁটে যা,𑄝𑄚𑄴𑄘𑄧𑄢𑄴𑄝𑄚𑄴 𑄃𑄬𑄥𑄳𑄠𑄬 𑄘𑄨 𑄟𑄥𑄴 𑄝𑄨𑄘𑄨 𑄡𑄋𑄴 𑄡𑄋𑄴।,Present
এক দিন বোই মাটি,𑄃𑄬𑄇𑄴𑄘𑄨𑄚𑄴 𑄝𑄬𑄚𑄳𑄠𑄬 𑄟𑄙𑄚𑄴।,Present
সে স্কুলে যা,𑄖𑄬 𑄃𑄨𑄥𑄴𑄇𑄪𑄣𑄮𑄖𑄴 𑄡𑄢𑄴।,Present
পথে পথে বাজার মেে,𑄛𑄧𑄙𑄬 𑄛𑄧𑄙𑄬 𑄝𑄎𑄢𑄴 𑄟𑄨𑄣𑄳𑄠𑄬।,Present
সে তাাতাি যা,𑄖𑄬 𑄌𑄬𑄃𑄨 𑄌𑄬𑄃𑄨 𑄡𑄢𑄴।,Present
"এক জাতী উসিঙ মেে, আর একজন ছেলে","𑄃𑄘𑄬𑄇𑄳𑄠𑄬𑄉𑄧𑄢𑄨 𑄃𑄪𑄥𑄨𑄋𑄧 𑄟𑄝𑄮 𑄖 𑄟𑄪𑄎𑄪𑄋𑄮𑄖𑄴, 𑄃𑄢𑄧 𑄃𑄬𑄇𑄴𑄎𑄧𑄚𑄴 𑄟𑄧𑄢𑄧𑄘𑄴।",Present
ফোঁা বা ফোঁা উঠতে দেরি হ না,𑄜𑄧𑄢𑄈𑄪𑄣𑄧 𑄝𑄪𑄌𑄴𑄖𑄬 𑄘𑄬𑄢𑄨 𑄚𑄧 𑄦𑄧𑄠𑄴 𑄃𑄪𑄥𑄨𑄋𑄧 𑄝𑄝𑄴𑄛𑄮।,Present
বাঁশের লুঙ্গি পরিধানকারী,𑄝𑄢𑄴𑄟𑄨𑄥𑄴 𑄣𑄪𑄋𑄴𑄉𑄨 𑄛𑄨𑄚𑄳𑄠𑄬।,Present
বাজারের ঝাঁকা হাতে,𑄝𑄎𑄢𑄧 𑄏𑄧𑄣 𑄦𑄘𑄧𑄖𑄴।,Present
.ফরাকউলের উসিঙমাকে তার বাবা সালাম করল,𑄜𑄧𑄢𑄈𑄪𑄣𑄧 𑄃𑄪𑄥𑄨𑄋𑄧 𑄟𑄝𑄮𑄢𑄬 𑄃𑄳𑄦 𑄖 𑄝𑄝𑄧𑄢𑄬 𑄥𑄣𑄋𑄴 𑄉𑄧𑄢𑄴𑄣𑄧।,Past
তারা দুইজনে কথা বলতেছে,𑄖𑄢 𑄘𑄨𑄎𑄧𑄚𑄬 𑄇𑄧𑄙 𑄇𑄪𑄃𑄨𑄇𑄨 𑄉𑄧𑄢𑄧𑄚𑄴।,Present
. ফোঁা বা ফোঁা বোঝে না এমন,𑄜𑄧𑄢𑄈𑄪𑄣𑄧 𑄚𑄧 𑄝𑄪𑄏𑄬।,Present
উসিঙ বাঁশটাকে দৌাদৌি করে চাা,𑄃𑄪𑄥𑄨𑄋𑄧 𑄝𑄝𑄴𑄛𑄮 𑄜𑄧𑄢𑄈𑄪𑄣𑄧𑄢𑄬 𑄖𑄪𑄉𑄪𑄖𑄴 𑄖𑄪𑄉𑄪𑄖𑄴 𑄢𑄨𑄚𑄨 𑄌𑄠𑄴।,Present
. ফোঁাটা বুকে ধুধুক করতেছে,𑄜𑄧𑄢𑄈𑄪𑄣𑄧 𑄝𑄪𑄇𑄴𑄇𑄮 𑄙𑄪𑄉𑄪𑄖𑄴 𑄙𑄪𑄉𑄪𑄖𑄴 𑄉𑄧𑄢 𑄙𑄧𑄏𑄳𑄠।,Present
চোখের পলক নিে তাকা,𑄌𑄮𑄊𑄮𑄣𑄬𑄎𑄧𑄚𑄴𑄘𑄨 𑄜𑄧𑄢𑄈𑄪𑄣𑄧 𑄢𑄨𑄚𑄨 𑄌𑄠𑄴।,Present
উসিঙ মেেকে সব কলুষ বলে,𑄃𑄪𑄥𑄨𑄋𑄧 𑄟𑄝𑄮𑄢𑄬 𑄝𑄬𑄇𑄴𑄇𑄚𑄨 𑄇𑄧𑄣𑄧।,Present
"শুধু মাা, শুধু সেটা বোঝে, সে তার বুঝবে না","𑄝𑄚 𑄟𑄥𑄴𑄖𑄧𑄢𑄴, 𑄟𑄥𑄴𑄖𑄧𑄢𑄴 𑄥𑄨𑄠𑄚𑄴 𑄝𑄪𑄏𑄬, 𑄃𑄪𑄚𑄨 𑄖𑄢𑄴 𑄝𑄪𑄏𑄨𑄝𑄢𑄴 𑄎𑄪 𑄚𑄬𑄃𑄨।",Future
তার জন্য দুই জন কথা বলতেছে,𑄇𑄨𑄠𑄬𑄌𑄴 𑄉𑄧𑄢𑄨 𑄣𑄧𑄢𑄴 𑄖𑄢𑄬 𑄚𑄨𑄚𑄬 𑄘𑄨𑄎𑄧𑄚𑄧𑄢𑄴 𑄇𑄧𑄙 𑄌𑄧𑄣𑄬𑄢𑄴।,Present
. ফলে তাকে দুইজনে বোচ্ছে।,𑄎𑄬𑄢𑄬 𑄖𑄢𑄬 𑄘𑄮𑄎𑄧𑄧𑄚𑄬 𑄝𑄬𑄢𑄬𑄝𑄢𑄴 𑄇𑄧𑄙𑄧𑄚𑄴 ।,Present
. ফোঁাটা মাথা উঠে গেল,𑄜𑄧𑄢𑄈𑄪𑄣𑄧 𑄟𑄧𑄚𑄚𑄴 𑄦𑄪𑄌𑄴𑄌𑄮 𑄦𑄮𑄃𑄨 𑄃𑄪𑄙𑄨𑄣𑄧।,Past
মনে মনে চিন্তা করছে-যাওা মনে পে,𑄟𑄧𑄚𑄬 𑄟𑄧𑄚𑄬 𑄞𑄝𑄬𑄢𑄴 - 𑄎𑄟𑄬 𑄟𑄧𑄚𑄧𑄖𑄴 𑄛𑄧𑄎𑄳𑄠𑄬।,Present
১.৫. ৫. পাঁচ,𑄷𑄻/𑄼,Present
"বাজারে দেখা হলে উসিঙ মেে বোতে বলে, বের হ না","𑄝𑄎𑄢𑄧𑄖𑄴 𑄘𑄬𑄊 𑄦𑄧𑄣𑄬 𑄃𑄪𑄥𑄨𑄋𑄧 𑄟𑄝𑄮 𑄝𑄬𑄢𑄬𑄝𑄢𑄴 𑄇𑄧𑄠𑄴, 𑄜𑄧𑄢𑄈𑄪𑄣𑄧 𑄚𑄧 𑄡𑄠𑄴 ।",Present
স্কুল থেকে ফেরার সম কাগজ পে,𑄃𑄨𑄥𑄴𑄇𑄪𑄣𑄮𑄖𑄴𑄖𑄪𑄚𑄴 𑄜𑄨𑄢𑄨 𑄛𑄬𑄛𑄢𑄴 𑄛𑄧𑄢𑄬।,Present
এই বেিতে দুইটা চিহ্ন পে গেল,𑄃𑄬 𑄞𑄨𑄘𑄨𑄢𑄬 𑄘𑄨 𑄃𑄬𑄇𑄴𑄎𑄧𑄚𑄴𑄘𑄮𑄃𑄨 𑄌𑄨𑄚𑄴 𑄛𑄧𑄌𑄴 𑄎𑄧 𑄦𑄧𑄣𑄧।,Past
মনটা আর মনটা ভিজে নাও,𑄟𑄧𑄚𑄚𑄴 𑄃𑄢𑄧 𑄌𑄨𑄖𑄴 𑄞𑄨𑄎𑄬 𑄙𑄧𑄢𑄴 𑄣𑄧।,Present
তাাতাি পাঁচ মাস যে ছ মাস গেল,𑄗𑄉𑄧𑄘𑄬 𑄗𑄉𑄧𑄘𑄬 𑄛𑄌𑄴 𑄟𑄥𑄴 𑄡𑄬𑄃𑄨 𑄍𑄧 𑄟𑄥𑄴 𑄝𑄨𑄘𑄨 𑄉𑄬𑄣𑄧।,Past
এক দিন স্কুলে পে তার টেবিলে একটি চিটিংবাজ আছে,𑄃𑄬𑄇𑄴 𑄘𑄨𑄚𑄴 𑄃𑄨𑄥𑄴𑄇𑄪𑄣𑄮𑄖𑄴 𑄣𑄪𑄋𑄨 𑄘𑄬𑄊𑄬 𑄖 𑄑𑄬𑄝𑄨𑄣𑄧𑄖𑄴 𑄃𑄬𑄇𑄴𑄇𑄚𑄴 𑄌𑄨𑄘𑄨 𑄉𑄮𑄌𑄴𑄌𑄬 𑄉𑄮𑄌𑄴𑄌𑄬 𑄃𑄊𑄬।,Present
হাত দিে বুঝালো-উসি,𑄦𑄘𑄧 𑄣𑄬𑄉 𑄘𑄬𑄚𑄬𑄃𑄨 𑄝𑄪𑄏𑄨𑄣𑄧 - 𑄃𑄪𑄥𑄨𑄋𑄧𑄢𑄴।,Past
"খুলি দিে উস্কুখুস্কু লিখেছে-মাছের মামা,ধীরে ধীরে বানরটা স্থির হেছে","𑄈𑄪𑄣𑄨 𑄘𑄬𑄊𑄬 𑄃𑄪𑄥𑄨𑄋𑄬 𑄣𑄬𑄈𑄳𑄠𑄬 - 𑄟𑄌𑄴𑄖𑄧𑄢𑄴 𑄥𑄝𑄴, 𑄇𑄧𑄟𑄧𑄣𑄬 𑄇𑄧𑄟𑄧𑄣𑄬 𑄌𑄪𑄝𑄬 𑄌𑄪𑄝𑄬 𑄝𑄚𑄴𑄘𑄧𑄢𑄴𑄝𑄚𑄴 𑄗𑄨𑄘𑄧 𑄦𑄧𑄣𑄬𑄉𑄮𑄃𑄨।",Present
লোহার রড দিে দুই জমজ মেে হ,𑄥𑄮𑄢𑄴 - 𑄥𑄮𑄢𑄨𑄣𑄮𑄃𑄨 𑄘𑄧 𑄎𑄧𑄟𑄧𑄥𑄧𑄟𑄧 𑄟𑄬𑄠𑄳𑄠𑄬 𑄘𑄧𑄠𑄬 𑄦𑄧𑄢𑄴 𑄝𑄬𑄣𑄬।,Present
দুই মাস পর তোমার প্রাণটা ব হেছে,𑄘𑄨 𑄟𑄥𑄴 𑄎𑄬𑄢𑄬 𑄖𑄧 𑄛𑄧𑄢𑄚𑄴 𑄝𑄨 𑄣𑄪𑄋𑄬𑄣𑄧𑄣𑄨।,Present
.তাকে কোথা রাখার জন্য চিন্তা করতেছে।,𑄖𑄢𑄬 𑄇𑄪𑄘𑄪 𑄗𑄧𑄝𑄬 𑄞𑄝𑄨 𑄒𑄨𑄇𑄴 𑄉𑄧𑄢𑄨𑄌𑄴 . . . 𑄃𑄬𑄋𑄬𑄢𑄨 𑄃𑄬𑄋𑄬𑄢𑄨 𑄞𑄣𑄧𑄇𑄴 𑄇𑄚𑄨।,Present
. ফোঁাটা কেকদিন ধরে পরতেছে,𑄜𑄧𑄢𑄈𑄪𑄣𑄧 𑄇𑄧𑄠𑄬𑄇𑄴 𑄉𑄬𑄘 𑄌𑄨𑄘𑄨𑄠𑄚𑄴 𑄛𑄧𑄢𑄨𑄣𑄧।,Present
মুখ বাঁকা করে একটু হাসা,𑄟𑄪 𑄌𑄨𑄝𑄬𑄃𑄨 𑄌𑄨𑄝𑄬𑄃𑄨 𑄃𑄬𑄇𑄴𑄇 𑄦𑄏𑄨𑄣𑄧।,Present
ইন দিচিে ধরে নাও-দুই মাস পরে,𑄃𑄨𑄚𑄴 𑄘𑄨 𑄌𑄨𑄙𑄬𑄃𑄨 𑄙𑄧𑄢𑄴 𑄣𑄧 - 𑄘𑄨 𑄟𑄥𑄴 𑄎𑄬𑄢𑄬!,Present
কি গরিব বুদ্ধি তার,𑄇𑄨 𑄉𑄧𑄢𑄨𑄝𑄧 𑄝𑄪𑄘𑄴𑄙𑄨 𑄎𑄪𑄢𑄧 𑄙𑄧𑄎𑄳𑄠𑄬।,Present
মনে মনে বািটা খুঁজতেছে,𑄟𑄧𑄚𑄬 𑄟𑄧𑄚𑄬 𑄊𑄧𑄢𑄴 𑄞𑄢 𑄖𑄧𑄉 𑄙𑄧𑄢𑄴𑄣𑄧।,Present
মনের কথা কাউকে ভেঙে বলতে পারে না,𑄟𑄧𑄚𑄧 𑄇𑄧𑄙 𑄇𑄢𑄧𑄢𑄬 𑄞𑄋𑄨 𑄇𑄮𑄃𑄨 𑄚𑄧 𑄛𑄢𑄬𑄢𑄴।,Present
মলাকে ধরে বাির ভার নিে গেল,𑄟𑄧𑄋𑄴𑄗𑄪𑄃𑄨 𑄢𑄬 𑄙𑄧𑄢𑄨𑄚𑄬 𑄊𑄧𑄢𑄴 𑄞𑄢 𑄣𑄧𑄣𑄧।,Past
দ্রুত কেক জন তোমার বািতে কি বাি ভরে যা,𑄝𑄬𑄉𑄬 𑄇𑄧𑄚𑄴 - 𑄉𑄃𑄨 𑄉𑄃𑄨 𑄟𑄚𑄪𑄌𑄴 𑄖𑄧𑄢𑄴 𑄇𑄨 𑄊𑄧𑄢𑄴 𑄞𑄢।,Present
ফোঁা আর এক কাঠি নিে কথা বলে দাও,𑄜𑄧𑄢𑄈𑄪𑄣𑄧 𑄃𑄢𑄧 𑄃𑄬𑄇𑄴 𑄇𑄬𑄃𑄨𑄖𑄴 𑄚𑄨𑄚𑄬 𑄇𑄧𑄙𑄠𑄚𑄴 𑄝𑄪𑄏𑄬 𑄘𑄬।,Present
.এই দিনগুলো গুনে রোগ শেষ হেছে,𑄃𑄨𑄚𑄴𑄘𑄨 𑄘𑄨𑄚𑄴 𑄉𑄪𑄚𑄬 𑄃𑄪𑄥𑄨𑄋𑄧 𑄛𑄪𑄢𑄴 𑄘𑄳𑄠𑄬 𑄙𑄧𑄌𑄴 𑄇𑄧𑄟𑄧𑄣𑄬 𑄛𑄪𑄢𑄮𑄢𑄴।,Present
"সারাদিন যাওা যা,যেদিন শেষ হ না","𑄘𑄨𑄚𑄪𑄚𑄴 𑄎𑄬𑄚𑄬 𑄣𑄟𑄴 𑄝 𑄃𑄪𑄠𑄮𑄚𑄴, 𑄡𑄬𑄃𑄨 𑄚𑄧 𑄜𑄪𑄢𑄧𑄚𑄴।",Present
এনে এনে দুই পা বিদা দিল,𑄃𑄬𑄚𑄬 𑄃𑄬𑄚𑄬 𑄘𑄨 𑄟𑄥𑄴 𑄝𑄨𑄘𑄨 𑄉𑄬𑄣𑄧।,Past
.খাওা উস্কুখুস্কু অবস্থা,𑄈𑄣𑄨𑄇𑄴 𑄃𑄪𑄥𑄨𑄋𑄧𑄢𑄴 𑄘𑄬𑄊 𑄚𑄬𑄃𑄨।,Present
কি হেছে কি হেছে পাঁচ দিন গেল,"𑄇𑄨 𑄦𑄧𑄣𑄧 𑄇𑄨 𑄦𑄧𑄣𑄧 𑄞𑄝𑄨 𑄌𑄬𑄢𑄴, 𑄛𑄌𑄴 𑄘𑄨𑄚𑄴 𑄉𑄧𑄋𑄨 𑄉𑄬𑄣𑄧।",Past
স্কুল বন্ধ,𑄃𑄨𑄥𑄴𑄇𑄪𑄣𑄴 𑄝𑄧𑄚𑄴𑄘𑄧।,Present
বোইন কাপের উপর রোদ দিচ্ছে,𑄝𑄬𑄚𑄳𑄠𑄬 𑄇𑄝𑄧𑄢𑄴 𑄙𑄮𑄃𑄨 𑄍𑄘𑄧 𑄃𑄪𑄉𑄪𑄢𑄬 𑄥𑄨𑄉𑄮𑄣𑄧𑄖𑄴 𑄢𑄮𑄘𑄮𑄖𑄴 𑄘𑄬‘𑄢𑄴।,Present
কাপের আালে পিঁি দেওা কথা না,𑄇𑄝𑄧𑄢𑄧 𑄃𑄚𑄴𑄘𑄧𑄣𑄬 𑄛𑄨𑄎𑄬𑄘𑄨 𑄘𑄬𑄝𑄢𑄴 𑄇𑄧𑄙 𑄚𑄧𑄠𑄴 ।,Present
একগুঁে হে উঠল,𑄃𑄘𑄬𑄇𑄳𑄠𑄬𑄉𑄧𑄢𑄨 𑄦𑄪𑄉𑄪𑄢𑄨 𑄦𑄪𑄉𑄪𑄢𑄨 𑄃𑄪𑄙𑄨𑄣𑄧।,Past
পিছনে কে এই দুই চোখ বন্ধ করে আছে,𑄛𑄨𑄌𑄴𑄌𑄬𑄘𑄨 𑄇𑄧𑄚𑄴𑄚 𑄃𑄬𑄃𑄨 𑄘𑄨 𑄌𑄮𑄇𑄴 𑄚𑄘𑄨 𑄙𑄧𑄎𑄳𑄠𑄉𑄨।,Present
নরম হাতের চাপ,𑄚𑄧𑄢𑄧𑄟𑄴 𑄦𑄘𑄧 𑄌𑄛𑄴।,Present
. ফরারুল পরতে দেরি হ না-উসি,𑄜𑄧𑄢𑄈𑄪𑄣𑄧 𑄢𑄴 𑄟𑄳𑄦𑄬𑄖𑄴 𑄛𑄘𑄬 𑄘𑄬𑄢𑄨 𑄚𑄧 𑄦𑄧𑄠𑄴 - 𑄃𑄪𑄥𑄨𑄋𑄴 ।,Present
. ফরাকটা মাটি উে যাচ্ছে,𑄜𑄧𑄢𑄈𑄪𑄣𑄧 𑄟𑄙𑄨 𑄃𑄪𑄙𑄨𑄣𑄧 - 𑄃𑄪𑄥𑄨𑄋𑄴।,Present
. ফোঁাটা দুই হাত দূরে রাখো-তুংপুটি,𑄜𑄧𑄢𑄈𑄪𑄣𑄧 𑄘𑄨 𑄦𑄖𑄴 𑄥𑄧𑄢𑄬 𑄌𑄠𑄴 𑄘𑄬 - 𑄖𑄪𑄋𑄴𑄛𑄪𑄘𑄨।,Present
আরও একটু দূরে যাওা,𑄃𑄢𑄧 𑄃𑄬𑄇𑄴𑄇 𑄘𑄪𑄢𑄮𑄖𑄴 𑄃𑄪𑄥𑄨𑄋𑄴।,Present
উস্কুখুস্কু হাত পা,𑄃𑄪𑄥𑄨𑄋𑄴𑄉𑄮𑄃𑄨 𑄖𑄪𑄋𑄴𑄛𑄪𑄘𑄨 𑄦𑄏𑄨𑄣𑄇𑄴 𑄇𑄇𑄴𑄈𑄧𑄚𑄴।,Present
.ফরাখোল দিে দুইজনে বৃষ্টি পেছে।,𑄜𑄧𑄢𑄈𑄪𑄣𑄧 𑄘𑄨 𑄇𑄮𑄌𑄴 𑄛𑄨𑄠𑄬 𑄎𑄧𑄚𑄧𑄢𑄬 𑄃𑄘𑄬𑄈𑄳𑄠𑄬𑄉𑄧𑄢𑄨 𑄛𑄬𑄃𑄨 𑄈𑄧𑄢𑄚𑄳𑄠 𑄘𑄋𑄴𑄘𑄋𑄳𑄠𑄬 𑄟𑄘𑄨𑄖𑄴 𑄏𑄧𑄢𑄧 𑄛𑄚𑄨 𑄛𑄧𑄎𑄳𑄠𑄬 𑄝𑄨𑄣𑄨 𑄟𑄧𑄚𑄬 𑄦𑄧𑄣𑄧।,Present
. ফালের তেরাখুি মনের ইচ্ছা পূরণ হলো।,𑄜𑄧𑄢𑄈𑄪𑄣𑄧𑄢𑄴 𑄖𑄨𑄢𑄏𑄨 𑄟𑄧𑄚𑄴 𑄈𑄪𑄏𑄨𑄠𑄬 𑄖𑄧𑄎𑄨𑄟𑄴 𑄛𑄪𑄢𑄮 𑄦𑄧𑄣𑄧।,Past
তার সাথে কথা বলা সহজ তার,𑄖 𑄎𑄬𑄢𑄬 𑄇𑄧𑄙𑄝𑄚 𑄟𑄬𑄣𑄟𑄬𑄣𑄨।,Present
জেনে শেষ হ না এমন,𑄎𑄬𑄚𑄬 𑄚𑄧 𑄜𑄪𑄢𑄧𑄠𑄴।,Present
এখানে খাওা বেশি করে যেতে হ,𑄃𑄨𑄚𑄴𑄘𑄨 𑄈𑄚 𑄈𑄧𑄢𑄬𑄃𑄨 𑄡𑄬𑄝𑄢𑄴 𑄦𑄧𑄢𑄴।,Present
তিনজন লোক কথা বলে সুসুি খাওা জুে ধরলো,𑄖𑄨𑄚𑄴 𑄎𑄧𑄚𑄬 𑄇𑄧𑄙 𑄇𑄮𑄃𑄨 𑄥𑄪𑄘𑄪𑄢𑄪𑄋𑄮𑄉𑄧𑄢𑄨 𑄈𑄚 𑄎𑄪𑄉𑄮𑄣𑄴 𑄉𑄧𑄢 𑄙𑄧𑄢𑄴𑄣𑄇𑄴।,Past
খাওা দাওা হলে কথা বলতে বলতে গলা চেপে ধরলো,𑄈𑄚 𑄢𑄚 𑄦𑄧𑄣𑄬 𑄈𑄘𑄬 𑄈𑄘𑄬 𑄃𑄢𑄧 𑄇𑄧𑄙𑄝𑄧𑄚 𑄟𑄬𑄣𑄨 𑄙𑄧𑄢𑄴𑄣𑄇𑄴।,Past
ভাত খাওা শেষ,𑄞𑄖𑄴 𑄈𑄚 𑄗𑄪𑄟𑄴।,Present
ফোঁা বা ফোঁার শব্দ,𑄜𑄧𑄢𑄈𑄪𑄣𑄧 𑄖𑄪𑄋𑄴𑄛𑄪𑄘𑄨𑄢𑄬 𑄇𑄧𑄣𑄧 - 𑄖𑄪𑄋𑄴।,Present
আমরা একটু দশ মিনিট কথা বলি,𑄃𑄟𑄨 𑄃𑄬𑄇𑄴𑄇 𑄘𑄧𑄥𑄴 𑄟𑄨𑄚𑄨𑄑𑄴 𑄇𑄧𑄙 𑄇𑄮𑄃𑄨।,Present
তুংপুটি একটু দূরে যে বল,𑄖𑄪𑄋𑄴𑄛𑄪𑄘𑄨 𑄃𑄬𑄇𑄴𑄇 𑄘𑄪𑄢𑄮𑄖𑄴 𑄡𑄬𑄃𑄨 𑄝𑄧𑄣𑄧।,Present
. ফোসকা পার সম কি যে গরম হেছে টের পেল না,𑄜𑄧𑄢𑄈𑄪𑄣𑄧 𑄣𑄮𑄃𑄨 𑄃𑄪𑄥𑄨𑄋𑄧𑄢𑄴 𑄇𑄨 𑄖𑄬𑄟𑄴𑄟𑄋𑄴 𑄦𑄧𑄣𑄧 𑄖𑄪𑄋𑄴𑄛𑄪𑄘𑄨 𑄈𑄧𑄝𑄧𑄢𑄴 𑄚𑄧 𑄛𑄬𑄣𑄧।,Past
".পোরা উে, বই পে কান্না করতেছে","𑄛𑄬𑄛𑄢𑄴 𑄃𑄪𑄣𑄴𑄣𑄬𑄃𑄨, 𑄝𑄧𑄃𑄨 𑄛𑄧𑄢𑄨𑄚𑄬 𑄈𑄧𑄚𑄴 𑄇𑄘𑄬𑄣𑄧।",Present
"অনেক খ নষ্ট হেছে,একটু দেখে আসি","𑄞𑄣𑄧𑄇𑄴 𑄈𑄧𑄚𑄴 𑄎𑄬𑄢𑄬 𑄦𑄪𑄌𑄴 𑄦𑄧𑄣𑄧 , 𑄃𑄬𑄇𑄴𑄇 𑄌𑄋𑄴𑄉𑄮𑄃𑄨।",Present
.উসিঙে তুংপুংকে দেে বল-এই পারবে,𑄃𑄪𑄥𑄨𑄋𑄬 𑄖𑄪𑄋𑄴𑄛𑄪𑄘𑄨𑄢𑄬 𑄘𑄬𑄃𑄨𑄚𑄬 𑄇𑄧𑄣𑄧 - 𑄃𑄬𑄃𑄨 𑄛𑄢𑄨𑄝𑄬।,Future
. ফোঁার শব্দ - একটু শব্দ করে কথা বলা,𑄜𑄧𑄢𑄈𑄪𑄣𑄧 𑄇𑄧𑄣𑄧 - 𑄃𑄬𑄇𑄴𑄇 𑄖𑄪𑄋𑄴𑄛𑄪𑄘𑄨𑄣𑄮𑄃𑄨 𑄇𑄧𑄙 𑄥𑄨𑄢𑄬𑄋𑄴।,Present
উসিঙে ফালকে দেখে বললাম - আমি কি থাকতে পারবো,𑄃𑄪𑄥𑄨𑄋𑄬 𑄜𑄧𑄢𑄈𑄪𑄣𑄧𑄢𑄬 𑄌𑄬𑄃𑄨 𑄇𑄧𑄣𑄧 - 𑄟𑄪𑄃𑄨 𑄇𑄨 𑄗𑄬𑄃𑄨 𑄛𑄢𑄨𑄟𑄴।,Future
ফোঁাটা বন্ধ করে দিল - থাকতে পারবে,𑄜𑄧𑄢𑄈𑄪𑄣𑄧 𑄎𑄮𑄝𑄴 𑄘𑄨𑄣𑄧 - 𑄗𑄬𑄃𑄨 𑄛𑄢𑄨𑄝𑄬 𑄘𑄧।,Future
উসিঙে কল - তোমা ভাই-বোনের সম,𑄃𑄪𑄥𑄨𑄋𑄬 𑄇𑄧𑄣𑄧 - 𑄖𑄮𑄟 𑄞𑄬𑄃𑄨 - 𑄝𑄮𑄚𑄧𑄢𑄴 𑄖𑄬𑄟𑄴𑄟𑄋𑄴।,Present
আমার শুনার শখ - মাথা নেই,𑄟𑄧𑄢𑄴 𑄥𑄪𑄚𑄨𑄝𑄢𑄴 𑄃𑄪𑄖𑄴𑄖𑄨 - 𑄟𑄪𑄖𑄴𑄖𑄨 𑄚𑄬𑄃𑄨।,Present
উপরে উপরে গেল,𑄃𑄪𑄥𑄨𑄋𑄬 𑄞𑄨𑄘𑄨𑄢𑄬 𑄉𑄪𑄘𑄨𑄖𑄴 𑄉𑄬𑄣𑄧।,Past
তুংপুটি দিে ফোঁা বের হেছে,𑄖𑄪𑄋𑄴𑄛𑄪𑄘𑄨𑄣𑄮𑄃𑄨 𑄜𑄧𑄢𑄈𑄪𑄣𑄧 𑄖𑄬𑄟𑄴𑄟𑄋𑄧𑄖𑄴 𑄝𑄧𑄣𑄇𑄴।,Present
কি ঝামেলা হলো সেটা দুইজনে জানে,𑄇𑄨 𑄖𑄬𑄟𑄴𑄟𑄋𑄴 𑄦𑄧𑄣𑄧 𑄥𑄨𑄠𑄚𑄴 𑄘𑄨𑄎𑄧𑄚𑄬 𑄎𑄚𑄧𑄚𑄴।,Present
.কাঁকা উঠার সম হাত দিে লাফ দিল,𑄇𑄇𑄴𑄈𑄧𑄚𑄴 𑄎𑄬𑄢𑄬 𑄃𑄪𑄥𑄨𑄋𑄴𑄉𑄮𑄃𑄨 𑄖𑄪𑄋𑄴𑄛𑄪𑄘𑄨 𑄣𑄧𑄢𑄴 𑄘𑄨𑄣𑄇𑄴।,Past
ফানুসটা তাদেরকে কত ব করে নিে আসলো,𑄜𑄧𑄢𑄈𑄪𑄣𑄧 𑄖𑄢𑄢𑄬 𑄇𑄧𑄖𑄴𑄘𑄪𑄢𑄴 𑄥𑄧𑄋𑄴 𑄃𑄇𑄴𑄇𑄮𑄃𑄨 𑄘𑄨 𑄃𑄬𑄣𑄧।,Past
"এক সাথে তুংপুং,বাঁশি,তুংপুং মা,বাু,বাুং মা,বাু,বাুং মা,বাুং মা,বাুং মা,বাুং মা,বাুং মা,বাুং মা,বাুং মা,বাুং মা,বাুং মা,বাুং মা,বাুং মা,বাুং মা","𑄃𑄬𑄇𑄴𑄟𑄥𑄴 𑄎𑄬𑄢𑄬 𑄖𑄪𑄋𑄴𑄛𑄪𑄘𑄨, 𑄝𑄋𑄮𑄘𑄨, 𑄖𑄪𑄋𑄴𑄛𑄪𑄘𑄨 𑄟, 𑄝𑄝𑄴, 𑄝𑄋𑄮𑄘𑄨 𑄎𑄟𑄬𑄝𑄮 𑄣𑄧𑄉𑄬 𑄘𑄨𑄝𑄬 𑄛𑄮 𑄝𑄚𑄴𑄘𑄧𑄢𑄴𑄝𑄚𑄴 𑄃𑄬𑄣𑄇𑄴।",Present
ধরে নিে যাওা তুংপুদিে তাদের আসা,𑄙𑄧𑄢𑄨 𑄣𑄪𑄠𑄮 𑄡𑄠𑄴 𑄖𑄪𑄋𑄴𑄛𑄪𑄘𑄨𑄣𑄮𑄃 𑄖𑄬𑄟𑄴𑄟𑄋𑄴 𑄟𑄧𑄎𑄨𑄟𑄴 𑄖𑄢𑄢𑄴 𑄃𑄬 𑄃𑄬𑄎𑄚।,Present
"উসিঙর মা,এক বোন,দুই জন অসৎ ব্যক্তির কাহিনী শুনে দরজা বন্ধ করে দিল","𑄃𑄪𑄥𑄨𑄋𑄧𑄢𑄴 𑄟, 𑄃𑄬𑄇𑄴 𑄞𑄬𑄃𑄨, 𑄝𑄮𑄚𑄴, 𑄘𑄨 𑄃𑄬𑄇𑄴 𑄎𑄧𑄚𑄴 𑄃𑄘𑄬𑄇𑄎𑄬 𑄟𑄚𑄪𑄌𑄴 𑄜𑄧𑄢𑄈𑄪𑄣𑄧 𑄞𑄢 𑄊𑄧𑄢𑄧𑄖𑄴 𑄞𑄚𑄴 𑄖𑄬 𑄘𑄨𑄎𑄧𑄚𑄴 𑄃𑄚𑄨 𑄥𑄫𑄖𑄳𑄢𑄧 𑄥𑄪𑄚𑄬𑄃𑄨 𑄎𑄧𑄙𑄧𑄚𑄴 𑄝𑄚𑄨 𑄘𑄨𑄣𑄇𑄴।",Past
"সিমের উসিঙে বেগুনি রঙের ফুল তুলে থামি, ধুধুক শার্ট, ধুধুক শার্ট, লাল টুপি","𑄥𑄨𑄚𑄳𑄠𑄬 𑄃𑄪𑄥𑄨𑄋𑄧𑄢𑄴 𑄇𑄨𑄠𑄬𑄖𑄴 𑄝𑄬𑄉𑄪𑄚𑄨 𑄢𑄧𑄋𑄧𑄢𑄴 𑄜𑄪𑄣𑄴 𑄖𑄪𑄣𑄳𑄠𑄬 𑄗𑄟𑄨, 𑄙𑄪𑄝𑄴 𑄥𑄨𑄣𑄪𑄟𑄴 . . ., 𑄌𑄪𑄣𑄧𑄖𑄴 𑄜𑄪𑄣𑄴 𑄃 𑄜𑄧𑄢𑄈𑄪𑄣𑄧𑄢𑄴 𑄙𑄪𑄘𑄨, 𑄙𑄪𑄝𑄴 𑄥𑄨𑄣𑄪𑄟𑄴, 𑄢𑄋 𑄈𑄧𑄝𑄧𑄋𑄴 𑄝𑄚𑄳𑄠𑄬।",Present
তারা দুইজন পাশাপাশি করে বসে,𑄙𑄉𑄙𑄇𑄳𑄠𑄬 𑄉𑄧𑄢𑄨 𑄖𑄢 𑄘𑄨𑄎𑄧𑄚𑄴।,Present
.সূত্রের কাজ শেষ হলে বামে বামে মিলে গেল,𑄥𑄫𑄖𑄳𑄢𑄧 𑄇𑄧𑄚 𑄗𑄪𑄟𑄴 𑄦𑄧𑄣𑄬 𑄝𑄋𑄮𑄘𑄨 𑄝𑄋𑄮𑄘𑄨 𑄎𑄟𑄬𑄝𑄮 𑄃𑄬𑄇𑄴𑄇𑄚𑄴 𑄚𑄱 𑄉𑄟𑄴 𑄎𑄣𑄮𑄃𑄨 𑄘𑄧𑄏𑄧𑄖𑄴 𑄖𑄪𑄚𑄴 𑄦𑄪𑄉𑄪𑄟𑄴 𑄟𑄉𑄨 𑄎𑄧𑄢 𑄝𑄚𑄨 𑄘𑄨𑄣𑄧।,Past
.লবনাক্ত সুতাটা হাতে বেঁধে দো হলো,𑄥𑄫𑄖𑄳𑄢𑄧 𑄥𑄪𑄘𑄮 𑄓𑄬𑄚𑄴 𑄦𑄘𑄧𑄖𑄴 𑄝𑄚𑄨 𑄘𑄳𑄠𑄬 𑄦𑄧𑄣𑄧।,Past
মিল হলো দুই মনের,𑄟𑄨𑄣𑄴 𑄦𑄧𑄣𑄧 𑄘𑄨𑄠𑄚𑄴 𑄟𑄧𑄚𑄧𑄢𑄴।,Present
সবাই,𑄝𑄬𑄇𑄴𑄪𑄚𑄧𑄖𑄳𑄠𑄬,Present
বিজ্ঞপ্তি কাগজ,𑄜𑄧𑄉𑄧𑄘𑄋𑄨 𑄇𑄉𑄮𑄎𑄴,Present
জাতিসংঘের তোতলামি,𑄎𑄖𑄨𑄥𑄧𑄁𑄊𑄧 𑄖𑄮𑄣𑄴𑄝𑄨𑄌𑄴 𑄞𑄚𑄴𑄘𑄣𑄴,Present
"ঢাকা, ঢাকা","𑄔𑄇, 𑄝𑄁𑄣𑄘𑄬𑄥𑄴।",Present
ভাছ বদল: বিজিনা চামা,𑄞𑄌𑄴 𑄝𑄧𑄘𑄧𑄣𑄴: 𑄳𑄝𑄨𑄎𑄨𑄚𑄘𑄴 𑄌𑄋𑄴𑄟,Present
কাপ: সুতার চামা,𑄇𑄝𑄨𑄘𑄋𑄴: 𑄥𑄚𑄴𑄖𑄨 𑄌𑄋𑄴𑄟,Present
". ১৯৪৮ সালে ১০ ডিসেম্বর জাতিসংঘে যে ঘোষণা করা হ, তা হলো, ঢোল বাজিে",𑄷𑄿𑄺𑄾 𑄥𑄣𑄧𑄖𑄴 𑄷𑄶 𑄓𑄨𑄥𑄬𑄟𑄴𑄝𑄧𑄢𑄴 𑄎𑄖𑄨𑄥𑄧𑄁𑄊𑄬 𑄟𑄚𑄬𑄃𑄨𑄠𑄧𑄢𑄴 𑄃𑄧𑄙𑄨𑄇𑄢𑄧𑄢𑄴 𑄡𑄬 𑄜𑄧𑄉𑄧𑄘𑄋𑄨 𑄇𑄉𑄮𑄎𑄴 𑄉𑄧𑄎𑄨𑄣𑄧𑄚𑄬𑄃𑄨 𑄃𑄳𑄦 𑄔𑄪𑄣𑄴 𑄛𑄨𑄘𑄨 𑄘𑄨𑄚𑄬𑄃𑄨 𑄥𑄨𑄠𑄚𑄴 𑄦𑄣𑄴𑄝𑄨𑄘𑄬𑄚𑄴𑄖𑄧 𑄎𑄬𑄢𑄬𑄘𑄨 𑄛𑄘𑄚𑄨𑄖𑄴 𑄜𑄧𑄉𑄧𑄘𑄋𑄴 𑄉𑄧𑄢 𑄦𑄧𑄣𑄧।,Present
".এই বিশাল ব্যবধানে পার পর সব সম মানুষরা একই জাগা ভাগ করে দো, দো, পা, পা, পা, পা, পা, পা, পা, পা, পা, পা, পিে দো","𑄃𑄬 𑄝𑄨𑄎𑄧𑄉𑄧𑄢𑄴 𑄛𑄧𑄘𑄧𑄇𑄴𑄈𑄬𑄛𑄧𑄢𑄴 𑄎𑄬𑄢𑄬 𑄛𑄧𑄢𑄨𑄥𑄧𑄘𑄴 𑄝𑄬𑄇𑄴 𑄝𑄧𑄢𑄴𑄉𑄧 𑄘𑄬𑄌𑄴𑄍𑄚𑄨𑄢𑄬 𑄜𑄧𑄉𑄧𑄘𑄋𑄨 𑄇𑄉𑄮𑄌𑄴𑄍𑄚𑄧𑄖𑄴 𑄟𑄪𑄣𑄪𑄇𑄴 𑄇𑄧𑄙𑄚𑄨 𑄜𑄧𑄉𑄧𑄘𑄋𑄴 𑄃𑄳𑄦 𑄃𑄨𑄠𑄚𑄴 𑄘𑄬𑄏𑄬 𑄘𑄬𑄏𑄬 𑄃𑄳𑄦 𑄌𑄉𑄣𑄠𑄴 𑄌𑄉𑄣𑄠𑄴 𑄢𑄎𑄴𑄚𑄰𑄖𑄨𑄇𑄴 𑄟𑄚𑄴𑄚𑄨𑄚𑄬𑄃𑄨 𑄃𑄣𑄘𑄉𑄧𑄢𑄨 𑄝𑄬𑄇𑄴 𑄚𑄧𑄇𑄴𑄞𑄌𑄴 𑄉𑄮𑄌𑄬𑄴 𑄃𑄨𑄇𑄴𑄪𑄣𑄚𑄨𑄖𑄴 𑄃𑄳𑄦 𑄚𑄚𑄝𑄝𑄧𑄖𑄳𑄠𑄬 𑄥𑄨𑄇𑄴𑄈𑄳𑄠𑄢𑄴 𑄎𑄉𑄖𑄴 𑄞𑄉𑄴𑄉𑄧𑄢𑄨 𑄘𑄬𑄚, 𑄘𑄬𑄉𑄚, 𑄛𑄧𑄢𑄨𑄥𑄪𑄚𑄧𑄚 𑄃𑄳𑄦 𑄞𑄋𑄨 𑄞𑄋𑄨 𑄝𑄪𑄏𑄬𑄃𑄨 𑄘𑄨𑄝𑄢𑄴 𑄇𑄮𑄎𑄧𑄣𑄨 𑄉𑄮𑄌𑄬𑄴।",Present
জাতিসংঘের মহাসচিব,𑄎𑄖𑄨𑄥𑄧𑄁𑄊𑄧 𑄟𑄧𑄦𑄥𑄧𑄌𑄨𑄝𑄴,Present
সব মানুষ পাহাে পাহাের দখল নিে জনম নেওা,𑄝𑄬𑄇𑄴 𑄟𑄚𑄬𑄠𑄪𑄚𑄴 𑄃𑄢𑄋𑄴 𑄃𑄧𑄙𑄨𑄇𑄢𑄴 𑄃𑄳𑄦 𑄃𑄢𑄋𑄴 𑄥𑄙𑄨𑄇𑄢𑄴 𑄚𑄨𑄚𑄬𑄃𑄨 𑄎𑄧𑄚𑄧𑄟𑄴 𑄣𑄧𑄚𑄴।,Present
জাতিসংঘ সব মানুষদের একসাথে বিলি করা আর শেষ করে দো,𑄎𑄖𑄨𑄥𑄧𑄁𑄊𑄧 𑄝𑄬𑄇𑄴 𑄟𑄚𑄪𑄌𑄌𑄪𑄚𑄮𑄢𑄴 𑄟𑄚𑄬𑄃𑄨 𑄃𑄧𑄙𑄨𑄇𑄢𑄴 𑄟𑄚𑄨𑄚𑄬𑄃𑄨 𑄝𑄨𑄣𑄨 𑄉𑄧𑄢𑄚 𑄃𑄳𑄦 𑄗𑄪𑄝𑄬𑄃𑄨 𑄢𑄉𑄚𑄢𑄴 𑄈𑄟𑄴 𑄈𑄬𑄠𑄮𑄚𑄴।,Present
জাতিসংঘের সনদটা পেেছে বলে মানুষ আর পৃথিবীর মানুষদের বিশ্বাস আছে,𑄎𑄖𑄨𑄥𑄧𑄁𑄊𑄧 𑄥𑄧𑄚𑄧𑄘𑄖𑄴𑄪𑄚𑄴 𑄛𑄬𑄃𑄨𑄠𑄬 𑄃𑄬 𑄈𑄟𑄴 𑄈𑄬𑄠𑄬𑄚𑄨𑄖𑄳𑄠𑄬 𑄃𑄢𑄋𑄴 𑄟𑄚𑄬𑄃𑄨 𑄃𑄧𑄙𑄨𑄇𑄢𑄴 𑄟𑄚𑄬𑄃𑄨𑄠𑄮𑄢𑄴 𑄟𑄚𑄴 𑄃𑄳𑄦 𑄘𑄟𑄚𑄨 𑄉𑄮𑄘 𑄛𑄨𑄖𑄴𑄗𑄨𑄟𑄨𑄖𑄴 𑄟𑄚𑄬𑄃𑄨𑄠𑄪𑄚𑄮𑄢𑄴 𑄝𑄨𑄌𑄴𑄍𑄬𑄌𑄴 𑄃𑄬𑄥𑄳𑄠𑄬।,Present
যে অধিকারগুলো সব মানুষদের এখানে বেশি করে দিতে হ,𑄡𑄬 𑄃𑄧𑄙𑄨𑄇𑄢𑄚𑄨 𑄝𑄬𑄇𑄴 𑄟𑄚𑄪𑄌𑄴𑄪𑄚𑄮 𑄃𑄨𑄙𑄪 𑄥𑄧𑄋𑄴 𑄉𑄧𑄢𑄨 𑄉𑄧𑄢𑄧𑄎𑄴 𑄦𑄧𑄠𑄴।,Present
.মেেদের সবার বিজ্ঞপ্তির কাগজ গুলো জাতিসংঘে পাঠানো হ,𑄟𑄚𑄬𑄃𑄨 𑄃𑄧𑄙𑄨𑄇𑄢𑄧𑄢𑄴 𑄝𑄬𑄇𑄴𑄪𑄚𑄮𑄢𑄴 𑄜𑄧𑄉𑄧𑄘𑄋𑄨 𑄇𑄉𑄮𑄎𑄴 𑄎𑄖𑄨𑄥𑄧𑄁𑄊𑄧 𑄉𑄧𑄟𑄬𑄘𑄣𑄬 𑄃𑄪𑄌𑄴𑄧 𑄞𑄌𑄴𑄮𑄃𑄨 𑄥𑄨𑄠𑄚𑄨 𑄘𑄳𑄠𑄠 𑄦𑄧𑄠𑄳𑄠𑄬।,Present
এই সম্পত্তিগুলো তোমাদের সবার,𑄃𑄬 𑄃𑄧𑄙𑄨𑄇𑄢𑄚𑄨 𑄖𑄧𑄟𑄢𑄴 𑄝𑄬𑄇𑄴𑄪𑄚𑄮𑄢𑄴 𑄥𑄧𑄟𑄴𑄝𑄧𑄖𑄴𑄨।,Present
এগুলো তোমার প্রাপ্য,𑄃𑄨𑄠𑄚𑄨 𑄖𑄧𑄟𑄢𑄴 𑄃𑄧𑄙𑄨𑄇𑄢𑄴।,Present
এগুলো সব সমে পরিচিত হওা লাগবে,𑄃𑄨𑄠𑄚𑄨𑄣𑄮𑄃𑄨 𑄉𑄧𑄟𑄬𑄘𑄣𑄬 𑄥𑄧𑄘𑄧𑄢𑄴 𑄦𑄧𑄃𑄨𑄚𑄬𑄃𑄨 𑄌𑄨𑄚𑄴𑄛𑄧𑄎𑄴𑄧 𑄦𑄧𑄝।,Future
আমি তো শুধু এগুলো ভালো করে দেখতেছি,𑄃𑄟𑄧𑄚𑄧𑄖𑄳𑄠𑄬 𑄃𑄳𑄦 𑄟𑄚𑄬𑄃𑄨 𑄦𑄨𑄎𑄬𑄝𑄬 𑄃𑄧𑄚𑄳𑄠 𑄟𑄚𑄬𑄃𑄨𑄠𑄧𑄖𑄳𑄠𑄬 𑄃𑄨𑄠𑄚𑄨𑄢𑄬 𑄞𑄣𑄬𑄘𑄨 𑄃𑄳𑄦 𑄢𑄧𑄇𑄴𑄈𑄬 𑄉𑄧𑄢𑄧𑄘𑄬 𑄃𑄬𑄎𑄣𑄴 𑄘𑄳𑄠𑄠𑄴।,Present
.মেেদের সবার জন্য বিজ্ঞপ্তি কাগজ,𑄟𑄚𑄬𑄃𑄨 𑄃𑄧𑄙𑄨𑄇𑄢𑄧𑄢𑄴 𑄝𑄬𑄇𑄴𑄪𑄚𑄧𑄖𑄳𑄠𑄬 𑄜𑄧𑄉𑄧𑄘𑄋𑄨 𑄇𑄉𑄮𑄎𑄴,Present
মুত্রথলি,𑄟𑄪𑄇𑄴𑄛𑄖𑄴𑄨,Present
".যেন সবার সমে স্থান পাওা, পৃথিবীতে একটা সম্মান থাকা, সহাতা করা, সহাতা করা","𑄡𑄬𑄚𑄴 𑄟𑄚𑄬𑄃𑄨 𑄣𑄧𑄉𑄧𑄢𑄴 𑄝𑄬𑄇𑄴𑄪𑄚𑄮𑄢𑄴 𑄃𑄨𑄎𑄴𑄮𑄖𑄴 𑄥𑄧𑄢𑄧𑄟𑄴 𑄃𑄳𑄦 𑄝𑄬𑄇𑄴𑄪𑄚𑄮𑄖𑄳𑄠𑄬 𑄃𑄬𑄇𑄴𑄪𑄃𑄨 𑄃𑄧𑄙𑄨𑄇𑄢𑄴 𑄟𑄚𑄚 𑄛𑄨𑄖𑄴𑄗𑄨𑄟𑄨𑄖𑄴 𑄥𑄙𑄩𑄚𑄧𑄖, 𑄥𑄧𑄁𑄖𑄮𑄣𑄴𑄝𑄨𑄌𑄴 𑄃𑄳𑄦 𑄥𑄚𑄴𑄖𑄨𑄢𑄴 𑄈𑄪𑄘𑄮𑄴।",Present
". যেন মানুষদের কষ্ট দো এবং কষ্ট দো করতেছে, যেখানে মানুষরা কথা বলতেছে আর কোন কষ্ট পাবে না",𑄡𑄬𑄚𑄴 𑄟𑄚𑄧𑄝𑄨𑄇𑄴 𑄃𑄧𑄙𑄨𑄇𑄢𑄚𑄨𑄢𑄬 𑄊𑄨𑄚𑄬𑄚 𑄃𑄳𑄦 𑄃𑄧𑄝𑄇𑄴𑄈 𑄉𑄧𑄢𑄚 𑄟𑄚𑄬𑄠𑄴 𑄎𑄘𑄧𑄖𑄳𑄠𑄬 𑄃𑄧𑄉𑄧𑄟𑄚𑄴 𑄎𑄧𑄚𑄧𑄇𑄴 𑄚𑄨𑄌𑄴𑄖𑄪𑄢𑄴 𑄃𑄨𑄨𑄎𑄬𑄝𑄬 𑄢𑄪𑄛𑄴 𑄣𑄞𑄴 𑄉𑄮𑄌𑄬𑄴 𑄃𑄳𑄦 𑄥𑄙𑄢𑄧𑄚𑄴 𑄟𑄚𑄪𑄌𑄴𑄍𑄪𑄚𑄮𑄢𑄴 𑄘𑄋𑄧𑄢𑄴 𑄃𑄏-𑄞𑄧𑄢𑄴𑄥𑄢𑄴 𑄟𑄎𑄢 𑄃𑄨𑄎𑄬𑄝𑄬 𑄃𑄬𑄇𑄴𑄇𑄚𑄴 𑄛𑄨𑄖𑄴𑄗𑄨𑄟𑄨𑄢𑄴 𑄃𑄢𑄴𑄉𑄚𑄨 𑄜𑄧𑄉𑄧𑄘𑄋𑄨 𑄦𑄮𑄠𑄬 𑄡𑄨𑄠𑄮𑄖𑄴 𑄟𑄚𑄪𑄌𑄴𑄍𑄪𑄚𑄬 𑄇𑄧𑄙 𑄇𑄧𑄝𑄢𑄴 𑄃𑄢𑄴 𑄇𑄧𑄚𑄧𑄇𑄨𑄌𑄴𑄍𑄪 𑄝𑄨𑄌𑄴𑄥𑄬𑄌𑄴 𑄉𑄧𑄢𑄨𑄝𑄢𑄴 𑄥𑄙𑄨𑄚𑄧𑄖 𑄛𑄬𑄝𑄇𑄴 𑄃𑄳𑄦 𑄘𑄧𑄢𑄧𑄖𑄴𑄪𑄚𑄴 (𑄞𑄧𑄠𑄴) 𑄃𑄢𑄧‘ 𑄢𑄘𑄧𑄖𑄴𑄪𑄚𑄴 (𑄃𑄧𑄞𑄝𑄴) 𑄃𑄬𑄢𑄚𑄴 𑄛𑄬𑄝𑄇𑄴𑄴 ।,Future
.যেন সে সমে মানুষদের এত কষ্ট দিতে পারে না বলে হাতির সাসনে বসে থাকা উচিত,𑄡𑄬𑄚𑄴 𑄥𑄬𑄎𑄴 𑄛𑄧𑄘𑄧𑄇𑄴𑄈𑄬𑄛𑄴 𑄃𑄨𑄎𑄬𑄝𑄬 𑄟𑄚𑄪𑄌𑄴𑄍𑄪𑄚𑄮𑄢𑄬 𑄃𑄧𑄖𑄳𑄠𑄌𑄢𑄴-𑄚𑄨𑄛𑄨𑄢𑄧𑄚𑄧𑄢𑄴 𑄝𑄨𑄢𑄪𑄘𑄬𑄴 𑄝𑄨𑄘𑄳𑄢𑄮𑄦𑄨 𑄃𑄧𑄘𑄬 𑄝𑄙𑄳𑄠 𑄉𑄧𑄢 𑄚𑄧 𑄃𑄧𑄣𑄬 𑄟𑄚𑄬𑄠𑄴 𑄃𑄧𑄙𑄨𑄇𑄢𑄚𑄨 𑄇𑄟𑄇𑄴𑄈𑄠𑄴 𑄦𑄬𑄚𑄮𑄢𑄴 𑄥𑄥𑄧𑄚𑄧𑄖𑄴 𑄝𑄚𑄨 𑄢𑄉𑄚 𑄃𑄪𑄌𑄨𑄖𑄴𑄴,Present
.যেন সব জাতের মধ্যে ভালো বন্ধু আছে।,𑄡𑄬𑄚𑄴 𑄝𑄬𑄇𑄴 𑄎𑄖𑄴𑄪𑄚𑄮𑄢𑄴 𑄟𑄧𑄙𑄳𑄠𑄬 𑄉𑄧𑄟𑄴 𑄝𑄧𑄚𑄴𑄙𑄪𑄖𑄴𑄧𑄛𑄪𑄢𑄴𑄕𑄧 𑄥𑄧𑄟𑄴𑄛𑄧𑄢𑄴𑄇𑄧 𑄃𑄪𑄎𑄬𑄃𑄨 𑄚𑄬𑄡𑄬𑄝𑄖𑄳𑄠𑄬 𑄃𑄬𑄎𑄣𑄴 𑄘𑄬𑄚 𑄘𑄧𑄢𑄴𑄇𑄢𑄴।,Present
".যেন জাতিরা সনদ দিে আছে যে, মানুষের সমে সম্মান ও সম্মান আছে এবং বোর সম জীবন যাপন করতে পারে না","𑄡𑄬𑄚𑄴 𑄎𑄖𑄨𑄥𑄧𑄁𑄊𑄧𑄥𑄧𑄢𑄨𑄘𑄴 𑄦𑄮𑄠𑄬 𑄎𑄖𑄴𑄪𑄚𑄬 𑄥𑄧𑄚𑄧𑄘𑄧‘ 𑄟𑄙𑄳𑄠𑄟𑄬 𑄟𑄪𑄣𑄪𑄇𑄴 𑄟𑄪𑄣𑄪𑄇𑄴 𑄟𑄚𑄬𑄠𑄴𑄃𑄧𑄙𑄨𑄇𑄢𑄚𑄨, 𑄟𑄚𑄬𑄠𑄧𑄢𑄴 𑄟𑄚𑄴-𑄟𑄧𑄢𑄴𑄡𑄘 𑄃𑄢𑄧 𑄟𑄪𑄣𑄳𑄠𑄠𑄚𑄨 𑄃𑄳𑄦 𑄟𑄨𑄣𑄬 𑄟𑄧𑄢𑄧𑄘𑄧𑄢𑄴 𑄥𑄧𑄁 𑄥𑄧𑄁 𑄃𑄧𑄙𑄨𑄇𑄢𑄚𑄨𑄢𑄴 𑄛𑄳𑄢𑄧𑄖𑄨 𑄃𑄥𑄴𑄗 𑄛𑄪𑄚𑄧𑄢𑄴𑄝𑄳𑄠𑄧𑄇𑄴𑄖𑄧 𑄉𑄮𑄌𑄴𑄍𑄮𑄚𑄴 𑄃𑄳𑄦 𑄥𑄟𑄎𑄨𑄇𑄴 𑄞𑄣𑄬𑄖𑄴 𑄃𑄢𑄧 𑄝𑄬𑄎𑄴 𑄝𑄬𑄎𑄴 𑄥𑄙𑄨𑄚𑄧𑄖𑄢𑄴 𑄃𑄪𑄎𑄪𑄇𑄴𑄌𑄪𑄇𑄴 𑄎𑄨𑄝𑄧𑄚𑄧𑄢𑄴 𑄟𑄚𑄴 𑄝𑄢𑄬𑄝𑄖𑄳𑄠𑄬 𑄘𑄧𑄢𑄧𑄟𑄧𑄢𑄧 (𑄘𑄳𑄢𑄨𑄢𑄧𑄛𑄳𑄢𑄧𑄖𑄨𑄉𑄴𑄉𑄧)।",Present
.যেন মানবরা জাতিসংঘে আসতেছে এবং মানুষরা সবাই একসাথে আসতেছে,𑄡𑄬𑄚𑄴 𑄥𑄧𑄘𑄧𑄥𑄳𑄠𑄧 𑄢𑄥𑄴𑄖𑄳𑄢𑄧𑄠𑄚𑄨 𑄎𑄖𑄨𑄥𑄧𑄁𑄊𑄧𑄢𑄴 𑄃𑄬𑄎𑄣𑄬 𑄟𑄚𑄬𑄠𑄴𑄃𑄙𑄨𑄇𑄢𑄴 𑄃𑄢𑄧 𑄟𑄪𑄣𑄪𑄇𑄴 𑄥𑄙𑄨𑄇𑄢𑄧𑄢𑄴 𑄛𑄳𑄢𑄧𑄖𑄨 𑄝𑄬𑄇𑄴𑄇𑄚𑄨 𑄥𑄳𑄢𑄧𑄘𑄴𑄙 𑄃𑄳𑄦 𑄟𑄚𑄴 𑄝𑄢𑄬𑄝𑄖𑄳𑄠𑄬 𑄃𑄧𑄁𑄉𑄨𑄇𑄢𑄴𑄝𑄧𑄘𑄴𑄙𑄧 ।,Present
মনে হ এই কাজগুলো করলে পুরনো ধনীরা সব পাবে এবং সমে সবাই সমান বুঝতো,𑄡𑄬𑄚𑄴 𑄃𑄬 𑄃𑄧𑄁𑄉𑄨𑄇𑄢𑄚𑄨 𑄉𑄧𑄟𑄬𑄘𑄧𑄣𑄬 𑄛𑄪𑄢𑄮𑄚𑄴 𑄉𑄧𑄢𑄨𑄝𑄖𑄳𑄠𑄬 𑄝𑄬𑄇𑄴 𑄃𑄧𑄙𑄨𑄇𑄢𑄴 𑄃𑄢𑄧 𑄥𑄙𑄨𑄇𑄢𑄧𑄖𑄳𑄠𑄬 𑄃𑄬𑄇𑄴𑄇𑄚𑄴 𑄥𑄙𑄢𑄧𑄚𑄴 𑄝𑄪𑄏𑄴 𑄛𑄛𑄨 𑄦𑄧𑄚 𑄝𑄬𑄇𑄴𑄇𑄪𑄚𑄧𑄖𑄳𑄠𑄬 𑄳𑄟𑄢𑄪𑄖𑄴𑄧𑄛𑄪𑄢𑄴𑄕𑄧𑄴,Past
"এখন, এখন",𑄃𑄨𑄇𑄬𑄴 𑄥𑄬𑄚𑄧𑄖𑄳𑄠𑄬,Present
সাধারণ মানুষ,𑄥𑄙𑄢𑄧𑄚𑄴 𑄛𑄧𑄢𑄨𑄥𑄧𑄘𑄴,Present
সব জাগা এবং মানুষ একটি সাধারণ মাটিতে বসে আছে,𑄝𑄬𑄇𑄴 𑄎𑄖𑄴 𑄃𑄢𑄧 𑄟𑄚𑄪𑄌𑄴𑄪𑄚𑄮𑄢𑄴 𑄞𑄣𑄬𑄘𑄮𑄢𑄴 𑄃𑄬𑄇𑄴𑄇𑄚𑄴 𑄥𑄙𑄢𑄧𑄚𑄴 𑄟𑄚𑄴𑄘𑄧𑄚𑄴𑄓𑄧 𑄦𑄨𑄎𑄬𑄝𑄬 𑄜𑄧𑄉𑄧𑄘𑄋𑄴 𑄉𑄧𑄢𑄬𑄢𑄴 𑄃𑄬𑄃𑄨,Present
. মানুষরা সবার থেকে বেশি দখল করে,𑄟𑄚𑄬𑄃𑄨 𑄃𑄧𑄙𑄨𑄇𑄢𑄧𑄢𑄴 𑄝𑄬𑄇𑄴𑄇𑄪𑄚𑄧𑄖𑄳𑄠𑄬,Present
.সে উঠলে আর দশজনে আর দশজনে একসাথে যাবে আর পৃথিবীটাকে ভালো করে দেখার জন্য আর দশজনে একসাথে যাবে।,𑄥𑄬 𑄃𑄪𑄘𑄨𑄎𑄬 𑄃𑄬𑄇𑄴 𑄃𑄬𑄇𑄴𑄎𑄧𑄚𑄬 𑄃𑄢𑄧 𑄘𑄧𑄥𑄴 𑄞𑄣𑄬𑄘𑄨 𑄝𑄬𑄇𑄴 𑄎𑄉𑄖𑄴 𑄟𑄚𑄬𑄃𑄨 𑄃𑄧𑄙𑄨𑄇𑄢𑄧𑄢𑄴 𑄝𑄬𑄇𑄴𑄇𑄪𑄚𑄧𑄖𑄳𑄠𑄬 𑄜𑄧𑄉𑄧𑄘𑄋𑄨 𑄇𑄉𑄮𑄌𑄴𑄍𑄚𑄴 𑄃𑄟𑄨𑄎𑄬 𑄟𑄧𑄚𑄧𑄖𑄴 𑄢𑄉𑄬𑄃𑄨 𑄥𑄨𑄇𑄴𑄈𑄳𑄠 𑄘𑄬𑄚 𑄃𑄢𑄧 𑄉𑄳𑄠𑄚𑄴 𑄝𑄢𑄚𑄢𑄴 𑄛𑄰𑄘𑄳𑄠𑄚𑄬 𑄃𑄬 𑄃𑄧𑄙𑄨𑄇𑄢𑄚𑄨𑄢𑄴 𑄃𑄢𑄧 𑄥𑄙𑄨𑄇𑄢𑄧𑄖𑄳𑄠𑄬𑄞𑄧𑄎𑄧𑄟𑄚𑄴 𑄎𑄉𑄬𑄃𑄨 𑄖𑄪𑄣𑄨𑄝𑄖𑄳𑄠𑄬 𑄃𑄳𑄦 𑄘𑄬𑄏𑄧 𑄞𑄨𑄘𑄨𑄢𑄬 𑄃𑄳𑄦 𑄃𑄚𑄴𑄖𑄧𑄢𑄴𑄎𑄖𑄨𑄇𑄴𑄥𑄪𑄟𑄪𑄖𑄴𑄮 𑄉𑄧𑄟𑄴 𑄞𑄣𑄬𑄘𑄨 𑄎𑄠𑄴𑄎𑄪𑄇𑄴𑄮𑄣𑄬 𑄝𑄧𑄢𑄴𑄉𑄧 𑄘𑄬𑄏𑄧𑄢𑄴 𑄎𑄖𑄴𑄪𑄚𑄴 𑄃𑄳𑄦 𑄖𑄢𑄳𑄦 𑄞𑄨𑄘𑄨𑄢𑄬 𑄥𑄮𑄟𑄬𑄴 𑄎𑄉𑄢𑄴 𑄟𑄚𑄪𑄌𑄴𑄍𑄪𑄚𑄮𑄢𑄴 𑄞𑄨𑄘𑄨𑄢𑄬 𑄥𑄬 𑄃𑄧𑄙𑄨𑄇𑄢𑄚𑄨𑄢𑄴 𑄝𑄬𑄇𑄴𑄪𑄚𑄮𑄢𑄴 𑄃𑄳𑄦 𑄇𑄟𑄧𑄢𑄴𑄇𑄟𑄴 𑄟𑄚𑄚 𑄃𑄳𑄦 𑄟𑄚𑄴 𑄛𑄬𑄝𑄖𑄳𑄠𑄬 𑄘𑄧𑄢𑄧𑄟𑄧𑄢𑄧 𑄉𑄧𑄢𑄨 𑄌𑄬𑄢𑄬𑄖𑄴𑄖 𑄌𑄣𑄬𑄝𑄇𑄴।,Future
ধারা-১,𑄙𑄢-𑄷,Present
সব মানুষ আশা করে এই পৃথিবীতে সমান সমান সুখ নিে আসুক,𑄝𑄬𑄇𑄴 𑄟𑄚𑄪𑄌𑄴𑄍𑄪𑄚𑄴 𑄥𑄙𑄨𑄚𑄴 𑄉𑄧𑄢𑄨 𑄃𑄳𑄦 𑄥𑄧𑄁 𑄃𑄨𑄎𑄴𑄮𑄖𑄴 𑄥𑄧𑄢𑄧𑄟𑄴 𑄃𑄳𑄦 𑄥𑄧𑄁 𑄥𑄧𑄁 𑄃𑄧𑄙𑄨𑄇𑄢𑄴 𑄣𑄮𑄚𑄬𑄃𑄨 𑄎𑄧𑄚𑄧𑄟𑄴 𑄣𑄧𑄚𑄴।,Present
.তারা বুদ্ধিটা কিনে একা একা চলে যাওা ভালো হবে,𑄖𑄢𑄳𑄦 𑄝𑄪𑄘𑄴𑄙𑄨 𑄃𑄳𑄦 𑄝𑄨𑄝𑄬𑄇𑄴𑄝𑄚𑄴 𑄇𑄨𑄚𑄬𑄃𑄨 𑄥𑄧𑄘𑄧𑄢𑄴 𑄟𑄧𑄚𑄬 𑄌𑄧𑄣𑄧𑄚𑄴-𑄜𑄨𑄢𑄧𑄚𑄴 𑄉𑄧𑄢𑄚 𑄉𑄧𑄢𑄧𑄎𑄴 𑄦𑄧𑄝𑄧।,Future
ধারা ২,𑄙𑄢-𑄸,Present
"অনেক বে জগা জগা যাওা, গোজা-ধর্ম, ধর্ম, রাজার বসে যোগ দেওা, জনার বগা এইগুলো সবার সামনে প্রকাশ করবে","𑄚𑄚𑄚𑄴𑄝𑄝𑄧𑄖𑄳𑄠𑄬 𑄎𑄧𑄉𑄧𑄘𑄋𑄨 (𑄛𑄢𑄴𑄗𑄧𑄇𑄳𑄠) 𑄡𑄬𑄚𑄴- 𑄎𑄘𑄴, 𑄉𑄮𑄎-𑄳𑄟𑄪𑄖𑄴𑄨, 𑄇𑄨𑄠𑄬𑄢𑄧𑄋𑄴, 𑄟𑄨𑄣𑄬-𑄟𑄧𑄢𑄧𑄘𑄴, 𑄞𑄌𑄴, 𑄙𑄧𑄢𑄴𑄟𑄧, 𑄢𑄎𑄴𑄚𑄮𑄖𑄨𑄇𑄴 𑄝𑄳𑄦 𑄚𑄚 𑄎𑄪𑄘𑄮𑄇𑄧𑄙, 𑄘𑄬𑄏𑄧𑄢𑄴 𑄝𑄳𑄦𑄘𑄧𑄌𑄴 𑄞𑄣𑄬𑄘𑄨𑄖𑄴𑄉𑄮𑄎𑄬𑄠𑄬, 𑄎𑄧𑄚𑄧𑄟𑄴𑄃𑄳𑄦𑄎𑄪𑄘𑄮 𑄚𑄚𑄚𑄴𑄝𑄝𑄧𑄖𑄳𑄠 𑄃𑄨𑄎𑄴𑄮𑄖𑄴𑄖𑄚𑄨 𑄝𑄬𑄇𑄴𑄪𑄚𑄬 𑄜𑄧𑄉𑄘𑄋𑄨 𑄇𑄉𑄮𑄎𑄮𑄖𑄴𑄇𑄪𑄠𑄧𑄝𑄪𑄣𑄧 𑄉𑄮𑄌𑄴𑄍𑄬 𑄃𑄧𑄙𑄨𑄇𑄢𑄚𑄨 𑄃𑄳𑄦 𑄥𑄙𑄨𑄇𑄢𑄧𑄢𑄴 𑄘𑄝𑄨𑄘𑄢𑄴।",Future
".সবসম কোনো মানুষ আসে না, মুক্তচো মানুষ আসে না,চলাচল করে শুধু এখানে আসা যা না","𑄝𑄬𑄥𑄴𑄞𑄉𑄴 𑄇𑄧𑄚𑄧‘ 𑄟𑄚𑄴𑄎𑄳𑄠 𑄇𑄧𑄚𑄧‘ 𑄘𑄬𑄥𑄴 𑄝 𑄌𑄉𑄣𑄢𑄴 𑄟𑄚𑄪𑄥𑄴 𑄥𑄙𑄨𑄚𑄴, 𑄟𑄪𑄇𑄴𑄖𑄧𑄌𑄉𑄣, 𑄃𑄙 𑄥𑄙𑄨𑄚𑄴 𑄛𑄬𑄃𑄨𑄠𑄬, 𑄝 𑄚𑄚𑄝𑄝𑄧𑄖𑄳𑄠𑄬 𑄉𑄧𑄚𑄴𑄙𑄨 𑄞𑄨𑄘𑄨𑄢𑄬 𑄗𑄘𑄮𑄇𑄴 𑄖𑄢𑄳𑄦𑄢𑄴𑄴 𑄢𑄎𑄚𑄮𑄖𑄨𑄇𑄴, 𑄌𑄉𑄣𑄢𑄴 𑄙𑄪𑄎𑄨 𑄃𑄳𑄦 𑄃𑄚𑄴𑄖𑄧𑄢𑄴𑄎𑄖𑄨𑄇𑄴 𑄟𑄚𑄴 𑄃𑄨𑄎𑄴𑄮𑄖𑄴 𑄚𑄨𑄚𑄬𑄃𑄨 𑄎𑄧𑄉𑄧𑄘𑄁 (𑄛𑄢𑄴𑄗𑄧𑄇𑄳𑄠) 𑄉𑄧𑄢 𑄚𑄧‘ 𑄡𑄬𑄝𑄧।",Present
ধারা ৩,𑄙𑄢-𑄹,Present
"সবার ছোট নাক (দুপা) ,সমানতা আর আমার সমান অধিকার আছে","𑄝𑄬𑄇𑄴𑄪𑄚𑄮𑄢𑄴 𑄎𑄨𑄁𑄇𑄚𑄨𑄢𑄴 𑄚𑄣𑄴 (𑄘𑄪𑄇𑄴𑄇𑄟𑄴), 𑄥𑄙𑄩𑄚𑄧𑄖 𑄃𑄳𑄦 𑄟𑄚𑄬𑄠𑄮𑄢𑄴 𑄚𑄨𑄢𑄬𑄛𑄧𑄖𑄴𑄖𑄢𑄴 𑄃𑄧𑄙𑄨𑄇𑄢𑄴 𑄃𑄊𑄬।",Present
ধারা ৪,𑄙𑄢-𑄺,Present
কাউকে চার জন্য বাছবিচার করতে যাবে না: সব বাির চামা নিে যাবে,𑄇𑄢𑄧𑄢𑄬 𑄌𑄉𑄧𑄢𑄴 𑄦𑄨𑄎𑄬𑄝𑄬 𑄝 𑄌𑄉𑄧𑄢𑄧 𑄥𑄚𑄴 𑄉𑄧𑄢𑄨 𑄢𑄉 𑄚𑄧‘ 𑄡𑄬𑄝𑄧: 𑄝𑄬𑄇𑄴 𑄝𑄝𑄧𑄘𑄧𑄢𑄴 𑄌𑄉𑄧𑄢𑄴 𑄥𑄪𑄘𑄮𑄟𑄴 𑄃𑄳𑄦𑄌𑄉𑄧𑄢𑄧𑄇𑄢𑄴𑄝𑄢𑄴 𑄚𑄨𑄥𑄬𑄙𑄴 𑄗𑄬𑄝𑄧।,Future
ধারা ৫,𑄙𑄢-𑄻,Present
কারো সাথে বেইমানি বা বেইমানি করা যাবে না,"𑄇𑄢𑄧𑄢𑄬 𑄎𑄪𑄣𑄪𑄟𑄴 𑄝 𑄝𑄧𑄣𑄎𑄪𑄢𑄴, 𑄃𑄧𑄉𑄧𑄟𑄚𑄴 𑄝 𑄃𑄧𑄉𑄧𑄟𑄚𑄴 𑄛𑄃𑄨𑄛𑄢 𑄇𑄎𑄬𑄴𑄇𑄴 𑄝 𑄥𑄥𑄴𑄖𑄨 𑄘𑄨𑄝𑄢𑄴 𑄝𑄙𑄳𑄠 𑄉𑄧𑄢 𑄚𑄧‘ 𑄡𑄬𑄝𑄧।",Future
ধারা ৬,𑄙𑄢-𑄼,Present
হেঁচারদের সবাইকে মেনে নেওয়ার ক্ষমতা আছে,𑄦𑄬𑄚𑄮𑄢𑄴𑄉𑄧𑄢𑄧𑄎𑄬 𑄝𑄬𑄇𑄴𑄪𑄚𑄧𑄢𑄬 𑄟𑄚𑄪𑄌𑄴 𑄦𑄨𑄎𑄬𑄝𑄬 𑄟𑄚𑄨 𑄣𑄧𑄝𑄢𑄴 𑄃𑄧𑄙𑄨𑄇𑄢𑄴 𑄃𑄊𑄬।,Present
ধারা ৭,𑄙𑄢-𑄽,Present
হেঁচেদেরকে সবাই একসাথে থাকার সম আছে,𑄦𑄬𑄚𑄮𑄢𑄴𑄟𑄇𑄬𑄴 𑄝𑄬𑄇𑄴𑄪𑄚𑄬 𑄥𑄧𑄁 𑄃𑄳𑄦 𑄇𑄢𑄧𑄢𑄬𑄝𑄬𑄥𑄴𑄇𑄧𑄟𑄴 𑄚𑄧 𑄉𑄧𑄢𑄨 𑄝𑄬𑄇𑄴𑄪𑄚𑄴 𑄦𑄬𑄚𑄮 𑄞𑄨𑄘𑄨𑄢𑄬 𑄥𑄧𑄁 𑄉𑄧𑄢𑄨 𑄗𑄬𑄝𑄢𑄴 𑄃𑄧𑄙𑄨𑄇𑄢𑄴 𑄃𑄊𑄬।,Present
এই কাগজটা না মেনে নিলে বা এই কাগজটা কেটে দোর সম সবার অধিকার আছে,𑄃𑄬 𑄜𑄧𑄉𑄧𑄘𑄋𑄨 𑄇𑄉𑄮𑄌𑄴𑄍𑄚𑄴 𑄚𑄧 𑄟𑄚𑄨𑄚𑄬𑄃𑄨 𑄝𑄬𑄥𑄴𑄇𑄧𑄟𑄴 𑄉𑄧𑄢𑄨𑄣𑄬 𑄝 𑄃𑄬 𑄝𑄬𑄥𑄴𑄇𑄧𑄟𑄚𑄨 𑄇𑄖𑄬𑄴𑄃𑄨 𑄘𑄬𑄚𑄢𑄴 𑄝𑄨𑄢𑄪𑄘𑄬𑄴 𑄥𑄧𑄋𑄴 𑄉𑄧𑄢𑄨 𑄗𑄬𑄝𑄢𑄴 𑄝𑄬𑄇𑄴𑄪𑄚𑄮𑄢𑄴 𑄃𑄧𑄙𑄨𑄇𑄢𑄴 𑄃𑄊𑄬।,Present
ধারা ৮,𑄙𑄢-𑄾,Present
যে কামগুলো বেশি হেছে বা হাতির পাগুলো বেশি ব হেছে সেগুলো তেতো হেছে আর সবার এটা পাওার ইচ্ছা আছে,𑄡𑄬 𑄇𑄟𑄚𑄨𑄖𑄳𑄠𑄬𑄦𑄬𑄚𑄴𑄝𑄧𑄚𑄬𑄠𑄮𑄚𑄴 𑄝 𑄦𑄬𑄚𑄮𑄢𑄴 𑄃𑄢𑄋𑄴 𑄃𑄧𑄙𑄨𑄇𑄢𑄚𑄨 𑄣𑄧𑄁𑄊𑄧𑄚𑄴 𑄦𑄧𑄠𑄴 𑄥𑄨𑄠𑄚𑄨𑄖𑄳𑄠𑄬 𑄃𑄪𑄛𑄧𑄡𑄪𑄇𑄴𑄖𑄧 𑄘𑄬𑄏𑄧𑄢𑄴 𑄥𑄣𑄨𑄌𑄴 𑄘𑄧𑄢𑄴𑄝𑄢𑄧𑄖𑄴 𑄝𑄧𑄎𑄨𑄚𑄬𑄃𑄨 𑄃𑄬𑄢𑄚𑄴 𑄛𑄬𑄝𑄢𑄴 𑄃𑄧𑄙𑄨𑄇𑄢𑄴 𑄝𑄬𑄇𑄴𑄪𑄚𑄮𑄢𑄴 𑄃𑄊𑄬।,Present
ধারা ৯,𑄙𑄢-𑄿,Present
"কাউকে মনে মনে আগ্রহ করে ধরে ধর,বো বা দো যা না","𑄇𑄢𑄧𑄢𑄬 𑄟𑄧𑄚𑄬 𑄟𑄧𑄚𑄴 𑄎𑄧𑄇𑄴𑄈 𑄉𑄧𑄢𑄨 𑄙𑄧𑄢𑄴-𑄛𑄉𑄧𑄢𑄴, 𑄝𑄧𑄚𑄴 𑄝 𑄙𑄝𑄬𑄃𑄨 𑄘𑄳𑄠𑄠 𑄚𑄧‘ 𑄡𑄬𑄝𑄧।",Present
ধারা-১০,𑄙𑄢-𑄷𑄶,Present
সবাই যার যার ইচ্ছা তার সাথে প্রতিযোগিতা করে আর কে যেন প্রতিযোগিতা করে,𑄝𑄬𑄇𑄴𑄪𑄚𑄮𑄢𑄴 𑄡𑄢𑄴 𑄡𑄢𑄴 𑄃𑄧𑄙𑄨𑄇𑄢𑄴 𑄃𑄳𑄦𑄇𑄟𑄚𑄨 𑄃𑄳𑄦 𑄥𑄨𑄠𑄚𑄨𑄢𑄴 𑄝𑄨𑄢𑄪𑄘𑄬𑄴 𑄚𑄚𑄝𑄝𑄧𑄖𑄳𑄠𑄬 𑄟𑄢𑄟𑄢𑄨 𑄉𑄧𑄋𑄧𑄣 𑄃𑄚𑄨𑄣𑄬 𑄥𑄨𑄠𑄚𑄨 𑄥𑄧𑄋𑄴 𑄉𑄧𑄢𑄨 𑄥𑄙𑄨𑄚𑄴 𑄃𑄳𑄦 𑄇𑄢𑄧 𑄃𑄨𑄚𑄴𑄘𑄨 𑄝𑄎𑄝𑄎𑄨 𑄚𑄧𑄴 𑄉𑄧𑄢𑄨 𑄘𑄧𑄢𑄴𑄝𑄢𑄧𑄖𑄴 𑄥𑄧𑄋𑄴 𑄖𑄮𑄣𑄴𑄝𑄨𑄌𑄴 𑄃𑄳𑄦 𑄝𑄬𑄇𑄴𑄪𑄚𑄮 𑄟𑄪𑄎𑄪𑄋𑄬 𑄇𑄪𑄠𑄝𑄪𑄣𑄧 𑄉𑄧𑄢𑄨𑄝𑄬𑄢𑄴 𑄃𑄧𑄙𑄨𑄇𑄢𑄴 𑄃𑄊𑄬।,Present
ধারা-১১,𑄙𑄢-𑄷𑄷,Present
".ক,কোন শাস্তি পেে থাকলে সবার মাথা কষ্ট পেে থাকবে না মনে হ","𑄇𑄧, 𑄇𑄧𑄚𑄧 𑄘𑄧𑄚𑄴𑄓𑄧 𑄛𑄬𑄝𑄢𑄴 𑄃𑄧𑄛𑄧𑄢𑄙 𑄉𑄧𑄢𑄨 𑄗𑄬𑄣𑄬 𑄝𑄬𑄇𑄴𑄪𑄚𑄮𑄢𑄴 𑄃𑄟𑄧𑄚𑄧𑄟𑄚𑄳𑄠𑄠𑄮 𑄟𑄚𑄨𑄣𑄧𑄚𑄴 𑄛𑄢 𑄃𑄨𑄘𑄨𑄇𑄬𑄴𑄚𑄴 𑄝𑄬𑄇𑄴𑄪𑄚𑄮𑄢𑄴 𑄟𑄪𑄎𑄪𑄋𑄬 𑄘𑄧𑄢𑄴𑄝𑄢𑄧𑄖𑄴 𑄦𑄬𑄚𑄮𑄢𑄴𑄟𑄧𑄖𑄬 𑄇𑄪𑄠𑄝𑄪𑄣𑄧 𑄉𑄧𑄢𑄨 𑄘𑄪𑄥𑄴 𑄚𑄧 𑄛𑄬𑄣𑄬 𑄘𑄪𑄥𑄴 𑄚𑄧‘ 𑄉𑄧𑄢𑄬 𑄦𑄨𑄎𑄬𑄝𑄬 𑄝𑄨𑄝𑄬𑄌𑄧𑄚 𑄛𑄬𑄝𑄢𑄴 𑄃𑄧𑄙𑄨𑄇𑄢𑄴 𑄃𑄊𑄬।",Future
"খ, কাউকে কোনো কাজে ভুল পেলে দুঃখ দো যাবে না,যতগুলো মানুষ পৃথিবীতে আছে তাদের কাউকে কষ্ট দেওা যা না","𑄈𑄧, 𑄇𑄢𑄧𑄢𑄬 𑄇𑄧𑄚𑄧 𑄇𑄟𑄧𑄖𑄳𑄠𑄬 𑄞𑄪𑄣𑄴 𑄛𑄬𑄣𑄬𑄘𑄧𑄚𑄴𑄓𑄧 𑄛𑄃𑄨𑄛𑄢 𑄉𑄧𑄢𑄨 𑄘𑄪𑄥𑄴 𑄘𑄳𑄠𑄠 𑄚𑄧‘ 𑄡𑄬𑄝𑄧, 𑄡𑄪𑄚𑄨 𑄎𑄧𑄙 𑄃𑄧𑄇𑄴𑄖𑄧𑄖𑄴 𑄘𑄬𑄏𑄧𑄢𑄴 𑄝 𑄃𑄚𑄴𑄖𑄧𑄢𑄴𑄎𑄖𑄨𑄇𑄴 𑄦𑄬𑄚𑄮𑄟𑄧𑄖𑄬 𑄘𑄧𑄚𑄴𑄓𑄧 𑄛𑄃𑄨𑄛𑄢 𑄘𑄪𑄥𑄴 𑄚𑄧‘ 𑄉𑄧𑄢𑄬।",Present
.অন্যদের সাথে দন্ড পেে থাকলে এত বেশি কষ্ট পাওা যা না,𑄃𑄢𑄧 𑄎𑄧𑄙 𑄃𑄧𑄇𑄴𑄖𑄧𑄖𑄴 𑄘𑄧𑄚𑄴𑄓𑄧 𑄛𑄃𑄨𑄛𑄢 𑄘𑄪𑄥𑄴 𑄉𑄧𑄢𑄨 𑄗𑄬𑄣𑄬 𑄡𑄬𑄖𑄴𑄧𑄟𑄚𑄴 𑄥𑄥𑄴𑄖𑄨 𑄛𑄬𑄝𑄢𑄴 𑄇𑄧𑄙 𑄃𑄬𑄣𑄧 𑄥𑄨𑄖𑄴𑄪𑄚𑄴 𑄝𑄬𑄥𑄴 𑄥𑄥𑄴𑄖𑄨 𑄘𑄳𑄠𑄠 𑄚𑄧‘ 𑄡𑄬𑄝𑄧।,Present
ধারা-১২,𑄙𑄢-𑄷𑄸,Present
কাউকে তার মতো করে হাত দো বা দো বা ভালো করে হাত দো যাবে না,"𑄇𑄢𑄧𑄢𑄬 𑄖 𑄦𑄧𑄉𑄴 𑄝𑄨𑄎𑄨𑄢𑄬, 𑄊𑄧𑄢𑄴-𑄉𑄨𑄢𑄨𑄖𑄴𑄨 𑄝 𑄌𑄨𑄘𑄨𑄛𑄳𑄝𑄳𑄢𑄧𑄧𑄖𑄳𑄠𑄬 𑄟𑄧𑄚𑄬𑄟𑄧𑄚𑄴𑄎𑄧𑄇𑄴𑄈 𑄉𑄧𑄢𑄨 𑄦𑄖𑄴 𑄘𑄬𑄚 𑄝 𑄞𑄧𑄎𑄧𑄟𑄚𑄴 𑄃𑄳𑄦 𑄛𑄰𑄚𑄋𑄨 𑄃𑄳𑄟𑄪𑄪𑄢𑄬 𑄃𑄊𑄖𑄴 𑄘𑄳𑄠𑄠 𑄚𑄧‘ 𑄡𑄬𑄝𑄧।",Future
ধারা-১৩,𑄙𑄢-𑄷𑄹,Present
"ক,সবাই আমার পিছনে দৌাদৌি করার সম আছে","𑄇𑄧, 𑄝𑄬𑄇𑄴𑄪𑄚𑄮𑄢𑄴 𑄃𑄟𑄧𑄚𑄧 𑄙𑄪𑄎𑄨 𑄞𑄨𑄘𑄨𑄢𑄬 𑄃𑄪𑄎𑄮𑄚𑄴 𑄣𑄟𑄧𑄚𑄴 𑄉𑄧𑄢𑄨𑄝𑄢𑄴 𑄃𑄳𑄦 𑄊𑄧𑄢𑄴 𑄝𑄚𑄨𑄝𑄢𑄴 𑄝𑄬𑄇𑄴𑄪𑄚𑄮𑄢𑄴 𑄃𑄧𑄙𑄨𑄇𑄢𑄴 𑄃𑄊𑄬।",Present
"খ, সবার আমার দোলটা যে কোন দোল থেকে বের হে যাওার ইচ্ছা আছে","𑄈𑄧, 𑄝𑄬𑄇𑄴𑄪𑄚𑄮𑄢𑄴 𑄃𑄟𑄧𑄚𑄧 𑄘𑄬𑄥𑄴𑄥𑄪𑄟𑄪𑄖𑄴𑄮 𑄡𑄬 𑄇𑄮𑄚𑄧 𑄘𑄬𑄥𑄴 𑄍𑄢𑄨 𑄡𑄬𑄝𑄢𑄴 𑄃𑄳𑄦𑄘𑄬𑄏𑄧𑄖𑄴 𑄜𑄨𑄢𑄨 𑄃𑄬𑄝𑄢𑄴 𑄃𑄧𑄙𑄨𑄇𑄢𑄴 𑄃𑄊𑄬।",Present
ধারা-১৪,𑄙𑄢-𑄷𑄺,Present
"ক,জুালের আাল দিে সবার ভ পার ইচ্ছা আছে","𑄇𑄧, 𑄎𑄪𑄢𑄴𑄎𑄪𑄣𑄪𑄟𑄴 𑄃𑄬𑄢𑄬𑄝𑄖𑄳𑄠𑄬 𑄝𑄬𑄇𑄴𑄪𑄚𑄮𑄢𑄴 𑄃𑄧𑄚𑄳𑄠𑄧 𑄘𑄬𑄏𑄧𑄖𑄴 𑄦𑄧𑄢𑄴 𑄛𑄬𑄝𑄢𑄴 𑄛𑄳𑄢𑄖𑄴𑄗𑄧𑄚 𑄃𑄳𑄦 𑄦𑄧𑄢𑄴𑄣𑄧𑄝𑄢𑄴 𑄃𑄧𑄙𑄨𑄇𑄢𑄴 𑄃𑄊𑄬।",Present
"খ,অপ্রান করে থাকলে জাতিসংঘের মূল নিধির কাজ থেকে রেহাই পাওা যা না","𑄈𑄧, 𑄃𑄧𑄢𑄎𑄴𑄚𑄰𑄖𑄨𑄇𑄴 𑄃𑄧𑄛𑄧𑄢𑄘𑄴 𑄉𑄧𑄢𑄨 𑄗𑄬𑄣𑄬 𑄎𑄖𑄨𑄥𑄧𑄁𑄊𑄧𑄢𑄴 𑄟𑄪𑄣𑄴 𑄚𑄨𑄙𑄨 𑄝𑄨𑄢𑄪𑄘𑄨 𑄇𑄟𑄧𑄖𑄴𑄪𑄚𑄴 𑄥𑄪𑄙𑄮𑄦𑄧𑄠𑄬 𑄎𑄪𑄢𑄴𑄎𑄪𑄣𑄪𑄟𑄚𑄨 𑄃𑄬 𑄃𑄧𑄙𑄨𑄇𑄢𑄴 𑄛 𑄚𑄧‘ 𑄡𑄬𑄃𑄨 𑄛𑄢𑄬।",Present
ধারা-১৫,𑄙𑄢-𑄷𑄻,Present
"কে, সবার জাগা আছে","𑄇𑄧, 𑄝𑄬𑄇𑄴𑄪𑄚𑄮𑄢𑄴 𑄎𑄖𑄨𑄠𑄧𑄖𑄢𑄴 𑄃𑄧𑄙𑄨𑄇𑄢𑄴 𑄃𑄊𑄬।",Present
"খ, কাকে তার দল থেকে আলাদা করা বা কার সাথে তার প্রতিযোগিতা করা যাবে না","𑄈𑄧, 𑄇𑄢𑄧𑄢𑄬 𑄖 𑄎𑄖𑄨𑄠𑄧𑄖𑄖𑄴𑄪𑄚𑄴 𑄝𑄧𑄚𑄴𑄎𑄨𑄖𑄧 𑄉𑄧𑄢𑄚 𑄝 𑄇𑄢𑄧𑄢𑄴 𑄖 𑄎𑄖𑄨𑄠𑄧𑄖 𑄝𑄧𑄘𑄧𑄣𑄝𑄧𑄘𑄧𑄣𑄧𑄢𑄴 𑄃𑄧𑄙𑄨𑄇𑄢𑄴 𑄃𑄧𑄥𑄨𑄇𑄢𑄴 𑄉𑄧𑄢 𑄚𑄧‘ 𑄡𑄬𑄝𑄧।",Future
ধারা-১৬,𑄙𑄢-𑄷𑄼,Present
"ক,বোন-বসী মেে-অতিরিক্ত মেে-সন্তান প্রসব করার সম অধিকার আছে","𑄇𑄧, 𑄝𑄧𑄢𑄧𑄚𑄴-𑄝𑄨𑄢𑄮𑄚𑄴 𑄝𑄧𑄎𑄧𑄢𑄴 𑄟𑄨𑄣𑄬-𑄟𑄧𑄢𑄧𑄘𑄧𑄢𑄴 𑄎𑄘𑄴-𑄝𑄬𑄎𑄘𑄴, 𑄎𑄖𑄨𑄠𑄧𑄖 𑄝 𑄙𑄧𑄢𑄴𑄟𑄧𑄢𑄴 𑄇𑄧𑄚𑄧 𑄃𑄨𑄎𑄬𑄝𑄴-𑄚𑄨𑄉𑄬𑄎𑄴 𑄚𑄧‘ 𑄢𑄉𑄬𑄚𑄬𑄃𑄨 𑄣𑄧𑄣𑄨𑄦𑄧𑄝𑄢𑄴 𑄃𑄳𑄦 𑄉𑄨𑄢𑄨𑄖𑄴𑄨 𑄑𑄋𑄬𑄝𑄢𑄴 𑄃𑄧𑄙𑄨𑄇𑄢𑄴 𑄃𑄊𑄬।",Present
জ্বর- জ্বর সেরে উঠার পর আবার আগের অবস্থা হেছে,𑄎𑄧𑄢-𑄡𑄧𑄘𑄧𑄚𑄴 𑄚𑄨𑄚𑄬𑄃𑄨 𑄚𑄬𑄇𑄴-𑄟𑄮𑄇𑄴 𑄗𑄚 𑄃𑄧𑄝𑄧𑄥𑄴𑄗𑄖𑄴 𑄃𑄢𑄴 𑄜𑄢𑄧𑄇𑄴 𑄦𑄧𑄘𑄬 𑄖𑄢𑄳𑄦𑄢𑄴 𑄥𑄧𑄋𑄴 𑄥𑄧𑄋𑄴 𑄃𑄧𑄙𑄨𑄇𑄢𑄴 𑄃𑄊𑄬।,Present
"খ,শুধু জো-জোর সম সম্মতি নিে মানুষ হে যাবে","𑄈𑄧, 𑄝𑄚 𑄎𑄧𑄢-𑄡𑄧𑄘𑄧𑄚𑄴 𑄉𑄧𑄢𑄨𑄝𑄢𑄴 𑄃𑄨𑄌𑄬𑄴 𑄟𑄨𑄣𑄬 𑄟𑄧𑄢𑄧𑄘𑄧𑄢𑄴 𑄈𑄪𑄣𑄟𑄬𑄣 𑄃𑄳𑄦𑄘𑄧𑄎𑄧𑄢𑄴 𑄥𑄧𑄟𑄴𑄧𑄖𑄨 𑄚𑄨𑄚𑄬𑄃𑄨 𑄚𑄬𑄇𑄴-𑄟𑄮𑄇𑄴 𑄦𑄮𑄠 𑄡𑄬𑄝𑄧।",Future
.নিঃসঙ্গ হওার সম তার সম হেছে,"𑄉𑄧, 𑄉𑄨𑄢𑄨 𑄦𑄧𑄣𑄧𑄘𑄬 𑄥𑄧𑄟𑄎𑄧𑄢𑄴 𑄥𑄝𑄝𑄨𑄇𑄴 𑄃𑄳𑄦 𑄟𑄪𑄈𑄳𑄠 𑄃𑄬𑄇𑄧𑄇𑄴: 𑄥𑄧𑄟𑄎𑄴 𑄃𑄳𑄦 𑄘𑄬𑄏𑄧𑄢𑄴 𑄛𑄰𑄘𑄳𑄠𑄚𑄬 𑄖𑄢𑄴 𑄥𑄧𑄁𑄢𑄧𑄇𑄴𑄈𑄨𑄖𑄧 𑄦𑄧𑄝𑄢𑄴 𑄃𑄧𑄙𑄨𑄇𑄢𑄴 𑄃𑄊𑄬।",Present
ধারা-১৭,𑄙𑄢-𑄷𑄽,Present
কে সবার গাে গাে ধন-সম্পত্তি গিেছে,"𑄇𑄧, 𑄝𑄬𑄇𑄴𑄪𑄚𑄮𑄢𑄴 𑄉𑄠𑄴 𑄉𑄠𑄴 𑄃𑄳𑄦 𑄃𑄧𑄚𑄳𑄠𑄎𑄧𑄚𑄧 𑄝𑄧𑄣𑄴𑄮𑄃𑄨 𑄙𑄧𑄚𑄴𑄥𑄧𑄟𑄴𑄛𑄧𑄖𑄴𑄨𑄢𑄴 𑄉𑄨𑄢𑄮𑄎𑄴 𑄦𑄧𑄝𑄢𑄴 𑄃𑄧𑄙𑄨𑄇𑄢𑄴 𑄃𑄊𑄬।",Present
"খ, কাউকে তার সম্পত্তি থেকে বঞ্চিত করা যাবে না","𑄈𑄧, 𑄇𑄢𑄧𑄢𑄬 𑄖 𑄥𑄧𑄟𑄴𑄛𑄧𑄖𑄴𑄨𑄖𑄴𑄪𑄚𑄴 𑄟𑄧𑄚𑄬 𑄟𑄧𑄚𑄴𑄎𑄧𑄇𑄴𑄈 𑄉𑄧𑄢𑄨 𑄝𑄧𑄚𑄴𑄎𑄨𑄖𑄧 𑄉𑄧𑄢 𑄚𑄧 𑄡𑄬𑄝𑄧।",Future
ধারা-১৮,𑄙𑄢-𑄷𑄾,Present
"সব মানুষের চিন্তা,এখানে ধর্ম পালনের অধিকার আছে","𑄝𑄬𑄇𑄴 𑄟𑄚𑄪𑄌𑄴𑄪𑄚𑄮𑄢𑄴 𑄌𑄨𑄘𑄬, 𑄃𑄨𑄎𑄴𑄮𑄖𑄴 𑄃𑄳𑄦 𑄙𑄧𑄢𑄴𑄟𑄧𑄢𑄴 𑄥𑄙𑄩𑄚𑄧𑄖𑄢𑄴 𑄃𑄧𑄙𑄨𑄇𑄢𑄴 𑄃𑄊𑄬।",Present
".আমার ধর্মটা আলাদা করে দেখার ইচ্ছে আছে, প্রকাশ করা, প্রকাশ করা, ধর্ম বািতে পালন করার ইচ্ছা আছে","𑄃𑄟𑄧𑄚𑄧 𑄙𑄧𑄢𑄴𑄟𑄧 𑄝𑄳𑄦 𑄙𑄧𑄢𑄴𑄟𑄧𑄢𑄬 𑄝𑄨𑄌𑄴𑄥𑄬𑄌𑄴 𑄉𑄧𑄢𑄨𑄚𑄬𑄃𑄨 𑄝𑄧𑄘𑄧𑄣𑄨 𑄡𑄬𑄝𑄢𑄴 𑄥𑄙𑄩𑄚𑄧𑄖 𑄃𑄳𑄦 𑄉𑄠𑄴 𑄝𑄳𑄦 𑄥𑄟𑄎𑄳𑄠𑄬 𑄣𑄧𑄉𑄬 𑄟𑄨𑄣𑄨𑄏𑄨𑄣𑄨 𑄈𑄮𑄣𑄟𑄬𑄣 𑄝𑄳𑄦 𑄟𑄪𑄢𑄬 𑄟𑄪𑄢𑄬 𑄃𑄟𑄧𑄚𑄧 𑄙𑄧𑄢𑄴𑄟𑄧 𑄝𑄨𑄌𑄴𑄥𑄬𑄌𑄴 𑄉𑄧𑄢𑄨 𑄥𑄨𑄇𑄴𑄈𑄳𑄠 𑄘𑄬𑄚, 𑄜𑄧𑄉𑄧𑄘𑄋𑄴 𑄉𑄧𑄢𑄚, 𑄙𑄧𑄢𑄴𑄟𑄧𑄊𑄧𑄢𑄚𑄨𑄖𑄴 𑄛𑄣𑄧𑄚𑄴 𑄉𑄧𑄢𑄨𑄚𑄬𑄃𑄨 𑄜𑄧𑄉𑄧𑄘𑄋𑄴 𑄉𑄧𑄢𑄨𑄝𑄢𑄴 𑄥𑄙𑄩𑄚𑄧𑄖 𑄃𑄬 𑄃𑄧𑄙𑄨𑄇𑄢𑄚𑄧𑄖𑄴 𑄜𑄉𑄧𑄖𑄴 𑄞𑄮𑄢𑄬𑄠𑄬 𑄃𑄊𑄬।",Present
"১. ধারা, ধারা ২. ধারা",𑄙𑄢-𑄷𑄿,Present
সবার কথা বলার সম কথা বলার অধিকার আছে,𑄝𑄬𑄇𑄴𑄪𑄚𑄮𑄢𑄴 𑄇𑄧𑄙 𑄇𑄧𑄝𑄢𑄴 𑄃𑄳𑄦 𑄇𑄧𑄙 𑄜𑄧𑄉𑄧𑄘𑄋𑄴 𑄉𑄧𑄢𑄨𑄝𑄢𑄴 𑄃𑄧𑄙𑄨𑄇𑄢𑄴 𑄃𑄊𑄬।,Present
কোন ধরাবাঁধা না করে কথা বলতে বলতে শরীরটা কেমন হেছে,𑄇𑄧𑄚𑄧‘ 𑄙𑄧𑄢𑄝𑄙 𑄚𑄬𑄃𑄨 𑄉𑄧𑄢𑄨 𑄇𑄧𑄙 𑄃𑄳𑄦 𑄡𑄨𑄋𑄨𑄢𑄨 𑄦𑄧𑄝𑄧𑄴𑄦𑄮𑄇𑄴 𑄘𑄬𑄏𑄧 𑄙𑄪𑄏𑄨𑄢𑄴 𑄌𑄬𑄢𑄮𑄇𑄨𑄖𑄴𑄪𑄚𑄴 𑄖𑄧𑄖𑄴𑄧 𑄃𑄳𑄦 𑄇𑄧𑄙 𑄖𑄮𑄉𑄬𑄃𑄨 𑄣𑄮𑄚𑄬𑄃𑄨 𑄃𑄳𑄦 𑄎𑄚𑄬𑄃𑄨 𑄘𑄨𑄝𑄢𑄴 𑄃𑄬 𑄃𑄧𑄙𑄨𑄇𑄢𑄚𑄧𑄖𑄴 𑄜𑄉𑄧𑄖𑄴 𑄞𑄮𑄢𑄬𑄠𑄬 𑄃𑄊𑄬।,Present
ধারা২০,𑄙𑄢-𑄸𑄶,Present
ক. সবার নিরিবিলি করে আসার অধিকার আছে,𑄇𑄧. 𑄝𑄬𑄇𑄴𑄪𑄚𑄮𑄢𑄴 𑄚𑄨𑄢𑄨𑄝𑄨𑄣𑄨 𑄉𑄧𑄢𑄨 𑄃𑄬𑄉𑄧𑄖𑄴𑄧𑄢𑄴 𑄦𑄧𑄝𑄢𑄴 𑄃𑄧𑄙𑄨𑄇𑄢𑄴 𑄃𑄊𑄬।,Present
খ. কাউকে কোন কাজে বাধা দিে যাবে না,𑄈𑄧. 𑄇𑄢𑄧𑄢𑄬 𑄇𑄧𑄚𑄧‘ 𑄎𑄧𑄘 𑄦𑄧𑄝𑄖𑄳𑄠𑄬 𑄝𑄙 𑄘𑄨𑄠𑄳𑄠𑄬 𑄚𑄧𑄴 𑄡𑄬𑄝𑄧‘।,Future
ধারা২১,𑄙𑄢-𑄸𑄷,Present
১. সরাসরি বািে আসা মানুষদের সাথে মেশার অধিকার সবার আছে,𑄇𑄧. 𑄥𑄧𑄢𑄥𑄧𑄢𑄨 𑄝𑄳𑄦 𑄃𑄧𑄝𑄙𑄬 𑄚𑄨𑄢𑄴𑄝𑄌𑄨𑄖𑄧 𑄟𑄚𑄪𑄌𑄴𑄪𑄚𑄮𑄢𑄴 𑄃𑄬𑄎𑄣𑄬 𑄃𑄟𑄧𑄚𑄧 𑄘𑄬𑄏𑄧𑄢𑄴 𑄥𑄧𑄢𑄴𑄇𑄢𑄧𑄢𑄬 𑄜𑄉𑄧𑄖𑄴 𑄞𑄮𑄢𑄬𑄝𑄢𑄴 𑄃𑄧𑄙𑄨𑄇𑄢𑄴 𑄝𑄬𑄇𑄴𑄪𑄚𑄮𑄢𑄴 𑄃𑄊𑄬।,Present
খ. সবার আমার দোলের চূা অনেক অনেক জুে পার ইচ্ছা আছে,𑄈𑄧. 𑄝𑄬𑄇𑄴𑄪𑄚𑄮𑄢𑄴 𑄃𑄟𑄧𑄚𑄧 𑄘𑄬𑄏𑄧𑄢𑄴 𑄥𑄧𑄢𑄴𑄇𑄢𑄨 𑄌𑄳𑄟𑄪𑄢𑄨𑄖𑄴 𑄥𑄧𑄋𑄴 𑄥𑄧𑄋𑄴 𑄎𑄪 𑄛𑄬𑄝𑄢𑄴 𑄃𑄧𑄙𑄨𑄇𑄢𑄴 𑄃𑄊𑄬।,Present
.কেকটা মানুষ মনে করবে সার খোল করবে,𑄉𑄧. 𑄝𑄬𑄇𑄴 𑄟𑄚𑄪𑄌𑄴𑄪𑄚𑄮𑄢𑄴 𑄟𑄧𑄚𑄬𑄟𑄧𑄚𑄴𑄎𑄧𑄇𑄴𑄈 𑄉𑄧𑄢𑄨 𑄦𑄧𑄝𑄧𑄘𑄬 𑄥𑄧𑄢𑄴𑄇𑄢𑄧𑄢𑄴 𑄈𑄬𑄟𑄧𑄖𑄢𑄴 𑄈𑄪𑄘𑄮।,Future
.এই মনে হ সবাই সমান করে ভোট দিবে।,𑄃𑄬 𑄟𑄧𑄚𑄬 𑄟𑄧𑄚𑄴𑄎𑄧𑄇𑄴𑄈 𑄝𑄬𑄇𑄴𑄪𑄚𑄧𑄖𑄳𑄠𑄬 𑄥𑄧𑄋𑄴 𑄉𑄧𑄢𑄨 𑄞𑄮𑄑𑄴 𑄘𑄬𑄚𑄢𑄴 𑄉𑄧𑄢𑄧𑄎𑄬 𑄃𑄧𑄇𑄴𑄖𑄧𑄟𑄧𑄎𑄨𑄟𑄴 𑄃𑄳𑄦 𑄃𑄎𑄧𑄣𑄴 𑄚𑄨𑄢𑄴𑄝𑄌𑄧𑄚𑄴 𑄉𑄧𑄢𑄨 𑄎𑄧𑄚𑄚 𑄦𑄧𑄝𑄧।,Future
"গোপনে গোপনে, গোপনে, গোপনে, গোপনে",𑄟𑄪𑄢𑄬 𑄟𑄪𑄢𑄬 𑄝𑄳𑄦 𑄥𑄬 𑄝𑄝𑄧𑄖𑄳𑄠 𑄉𑄧𑄢𑄨 𑄃𑄧𑄝𑄘𑄬 𑄞𑄮𑄑𑄴 𑄘𑄨𑄚𑄬𑄃𑄨 𑄚𑄨𑄢𑄴𑄝𑄌𑄧𑄚𑄴 𑄉𑄧𑄢 𑄦𑄧𑄝𑄧।,Present
ধারা ২,𑄙𑄢-𑄸𑄸,Present
সামাজিক মানুষরা বেঁচে থাকলে সবার নিরাপত্তা আছে,𑄥𑄧𑄟𑄎𑄧𑄢𑄴 𑄟𑄚𑄪𑄌𑄴 𑄦𑄨𑄎𑄬𑄝𑄬 𑄝𑄬𑄇𑄴𑄪𑄚𑄮𑄢𑄴 𑄥𑄧𑄟𑄎𑄧𑄢𑄴 𑄚𑄨𑄢𑄛𑄧𑄖𑄴𑄖𑄢𑄴 𑄃𑄧𑄙𑄨𑄇𑄢𑄴 𑄃𑄊𑄬।,Present
"সবাই দেখতেছে, সবাই মনে করছে যে মানুষরা আগের চাইতে অনেক ধনী, সামাজিক আর সামাজিক সুখগুলো একা একা করতে পারবে","𑄝𑄬𑄇𑄴𑄪𑄚𑄬 𑄘𑄬𑄏𑄧𑄢𑄴 𑄌𑄬𑄢𑄬𑄖𑄴𑄖 𑄃𑄳𑄦 𑄃𑄚𑄴𑄖𑄧𑄢𑄴𑄎𑄖𑄨𑄇𑄴 𑄃𑄬𑄎𑄣𑄧𑄢𑄴 𑄛𑄯𑄘𑄳𑄠𑄚𑄬 𑄝𑄬𑄇𑄴 𑄘𑄬𑄌𑄴𑄥𑄚𑄨 𑄎𑄧𑄙 𑄃𑄳𑄦 𑄥𑄧𑄟𑄴𑄝𑄧𑄖𑄴𑄨 𑄃𑄧𑄚𑄪𑄟𑄚𑄬 𑄟𑄚𑄴 𑄃𑄨𑄎𑄴𑄮𑄖𑄴 𑄃𑄳𑄦 𑄚𑄨𑄢𑄴𑄞𑄧𑄠𑄬 𑄥𑄧𑄖𑄧𑄖 𑄝𑄨𑄣𑄨𑄚𑄧𑄖𑄳𑄠𑄬 𑄘𑄧𑄢𑄴𑄇𑄢𑄴 𑄟𑄧𑄎𑄨𑄟𑄴 𑄃𑄧𑄢𑄴𑄗𑄧𑄚𑄮𑄖𑄨𑄇𑄴, 𑄥𑄟𑄎𑄨𑄇𑄴 𑄃𑄳𑄦 𑄥𑄁𑄥𑄴 𑄨𑄳𑄢𑄖𑄨𑄇𑄴 𑄃𑄧𑄙𑄨𑄇𑄢𑄚𑄨 𑄃𑄘𑄠𑄴 𑄉𑄧𑄢𑄨 𑄛𑄢𑄨𑄝𑄇𑄴।",Future
ধারা-২৩,𑄙𑄢-𑄸𑄹,Present
"ক. সবার কাজ করার, জালাপ্পা করে কামানো আর পাহাের চূা দিে কামানোর ইচ্ছা আছে","𑄇𑄧. 𑄝𑄬𑄇𑄴𑄪𑄚𑄮𑄢𑄴 𑄇𑄟𑄴 𑄉𑄧𑄢𑄨𑄝𑄢𑄴, 𑄎𑄣𑄛𑄴𑄝𑄧𑄢𑄴 𑄌𑄳𑄟𑄪𑄢𑄨 𑄎𑄠𑄴𑄎𑄪𑄉𑄮𑄣𑄴 𑄉𑄧𑄢𑄨𑄚𑄬𑄃𑄨 𑄇𑄟𑄚𑄨𑄖𑄳𑄠𑄬 𑄃𑄢𑄋𑄴 𑄃𑄳𑄦 𑄉𑄧𑄟𑄴 𑄛𑄧𑄢𑄨𑄝𑄬𑄥𑄴 𑄛𑄬𑄃𑄨𑄚𑄬 𑄃𑄳𑄦 𑄝𑄬𑄇𑄢𑄧𑄖𑄴𑄪𑄚𑄴 𑄢𑄧𑄇𑄴𑄈𑄳𑄠𑄬 𑄛𑄬𑄝𑄢𑄴 𑄃𑄧𑄙𑄨𑄇𑄢𑄴 𑄃𑄊𑄬।",Present
খ. সবাইকে কোনো যোগা না করে সম করে হে যাওার অধিকার আছে,𑄈𑄧. 𑄝𑄬𑄇𑄴𑄪𑄚𑄧𑄢𑄬 𑄇𑄧𑄚𑄧‘ 𑄎𑄪𑄘𑄮 𑄚𑄧‘ 𑄉𑄧𑄢𑄨 𑄥𑄧𑄋𑄴 𑄇𑄟𑄚𑄨𑄖𑄳𑄠𑄬 𑄥𑄧𑄋𑄴 𑄉𑄧𑄢𑄨 𑄘𑄪𑄊𑄧‘ 𑄦𑄧𑄉𑄴 𑄛𑄬𑄝𑄢𑄴 𑄃𑄧𑄙𑄨𑄇𑄢𑄴 𑄃𑄊𑄬।,Present
.কেকটা কাজ করার পর আমার মনে হ যে আমার অনেক কষ্ট হেছে,𑄉𑄧. 𑄝𑄬𑄇𑄴 𑄇𑄟𑄬𑄃𑄨 𑄉𑄧𑄢𑄨𑄠𑄬𑄃𑄪𑄚𑄬 𑄃𑄟𑄧𑄚𑄧𑄢𑄴 𑄃𑄳𑄦 𑄛𑄧𑄢𑄨𑄝𑄢𑄧𑄖𑄴 𑄟𑄚𑄴 𑄃𑄨𑄎𑄴𑄮𑄖𑄴 𑄢𑄧𑄇𑄴𑄈𑄳𑄠𑄬 𑄉𑄧𑄢𑄨𑄝𑄢𑄴 𑄈𑄬𑄟𑄧𑄖 𑄦𑄠𑄴 𑄃𑄬𑄝𑄝𑄧𑄖𑄳𑄠𑄬 𑄦𑄧𑄉𑄴 𑄃𑄳𑄦 𑄉𑄧𑄟𑄴 𑄘𑄪𑄊𑄮 𑄦𑄧𑄉𑄴 𑄃𑄳𑄦 𑄡𑄪𑄚𑄨 𑄉𑄧𑄢𑄧𑄌𑄴 𑄦𑄧𑄠𑄴 𑄃𑄨𑄠𑄚𑄨 𑄣𑄧𑄉𑄬 𑄥𑄧𑄟𑄎𑄧𑄢𑄴 𑄚𑄨𑄢𑄛𑄧𑄖𑄴𑄖𑄖𑄳𑄠𑄬 𑄚𑄚𑄝𑄝𑄧𑄖𑄳𑄠𑄬 𑄃𑄬𑄎𑄣𑄴 𑄛𑄬𑄝𑄢𑄴 𑄃𑄧𑄙𑄨𑄇𑄢𑄴 𑄃𑄊𑄬।,Present
.সবাই আমার মতো গরিব হলেও এখানে স্বাধীন হওার অধিকার আছে,𑄊𑄧. 𑄝𑄬𑄇𑄴𑄪𑄚𑄬 𑄃𑄟𑄧𑄚𑄧 𑄟𑄚𑄴 𑄢𑄧𑄇𑄴𑄈𑄳𑄠𑄬 𑄉𑄧𑄢𑄨𑄝𑄖𑄳𑄠𑄬 𑄇𑄟𑄬𑄃𑄨 𑄉𑄧𑄢𑄨𑄠𑄬𑄃𑄪𑄚𑄴 𑄎𑄧𑄙 𑄝𑄚𑄚 𑄃𑄳𑄦 𑄃𑄨𑄠𑄮𑄖𑄴 𑄥𑄧𑄢𑄨𑄇𑄴 𑄦𑄧𑄝𑄢𑄴 𑄃𑄧𑄙𑄨𑄇𑄢𑄴 𑄃𑄊𑄬।,Present
ধারা-২৩,𑄙𑄢-𑄸𑄺,Present
সবাই বেঁচে থাকার সম আছে,𑄝𑄬𑄇𑄴𑄪𑄚𑄮𑄢𑄴 𑄎𑄨𑄢𑄬𑄝𑄢𑄴 𑄃𑄳𑄦 𑄢𑄧𑄁 𑄖𑄟𑄎𑄢𑄴 𑄃𑄧𑄙𑄨𑄇𑄢𑄴 𑄃𑄊𑄬।,Present
কাজ করতে করতে কোমর বাঁকা হে যাবার মতো অবস্থা আছে,𑄇𑄟𑄧‘ 𑄃𑄧𑄇𑄴𑄖𑄧𑄖𑄴 𑄉𑄧𑄢𑄧𑄎𑄴 𑄟𑄧𑄎𑄨𑄟𑄴 𑄘𑄪𑄊𑄧‘ 𑄦𑄧𑄉𑄴𑄥𑄪𑄟𑄪𑄖𑄴𑄮 𑄘𑄧𑄢𑄴𑄇𑄢𑄴 𑄣𑄇𑄬𑄴 𑄍𑄪𑄑𑄨 𑄛𑄬𑄝𑄢𑄴 𑄃𑄧𑄙𑄨𑄇𑄢𑄧‘ 𑄞𑄨𑄘𑄨𑄢𑄬 𑄜𑄉𑄧𑄖𑄴 𑄃𑄊𑄬।,Present
ধারা ২. ধারা ৩. ধারা ৩. ধারা,𑄙𑄢-𑄸𑄻,Present
".ক,আমার নিজের বািে ভালো করে জীবন কাটানোর ইচ্ছা আছে",𑄇𑄧. 𑄃𑄟𑄧𑄚𑄧𑄢𑄴 𑄃𑄳𑄦 𑄃𑄟𑄧𑄚𑄧 𑄛𑄧𑄢𑄨𑄝𑄢𑄧𑄢𑄴 𑄉𑄃𑄮𑄣𑄨 𑄉𑄧𑄟𑄧𑄖𑄳𑄠𑄬 𑄥𑄪𑄊𑄬 𑄎𑄩𑄁𑄇𑄚𑄨 𑄉𑄧𑄋𑄬𑄝𑄢𑄴 𑄃𑄧𑄙𑄨𑄇𑄢𑄴 𑄃𑄊𑄬।,Present
".খাওার-দাওা,জীবন-জীবিকা করার জন্য জুে আছে।","𑄈𑄬𑄝𑄢𑄴-𑄘𑄬𑄝𑄢𑄴, 𑄃𑄪𑄢𑄮𑄚𑄴-𑄛𑄨𑄚𑄮𑄚𑄴, 𑄊𑄧𑄢𑄴-𑄉𑄨𑄢𑄨𑄖𑄴𑄨, 𑄥𑄬𑄝 𑄃𑄳𑄦 𑄘𑄧𑄢𑄴𑄇𑄢𑄴 𑄟𑄧𑄎𑄨𑄟𑄴 𑄘𑄥𑄴 𑄞𑄣𑄬𑄘𑄨 𑄥𑄬𑄝 𑄇𑄟𑄚𑄨𑄖𑄳𑄠𑄬 𑄎𑄪 𑄃𑄳𑄦 𑄝𑄬𑄇𑄢𑄴, 𑄛𑄨𑄢𑄬, 𑄃𑄧𑄇𑄴𑄧𑄟𑄴, 𑄝𑄰𑄙𑄧𑄝𑄳𑄠𑄧 𑄃𑄣𑄳𑄦 𑄚𑄚𑄚𑄴 𑄇𑄢𑄧𑄚𑄬 𑄎𑄩𑄁𑄇𑄚𑄨 𑄉𑄧𑄋𑄬𑄝𑄢𑄴 𑄃𑄇𑄴𑄧𑄟𑄚𑄨𑄖𑄴𑄪𑄚𑄴 𑄃𑄬𑄢𑄚𑄴 𑄛𑄬𑄝𑄢𑄴 𑄃𑄧𑄙𑄨𑄇𑄢𑄚𑄨𑄖𑄴 𑄜𑄉𑄧𑄖𑄴 𑄌𑄮𑄟𑄬𑄴 𑄃𑄊𑄬।",Present
"খ. বিনিমেে, ছোট ছেলে-মেে সবার সেবা করার ইচ্ছা আছে",𑄈𑄧. 𑄝𑄨𑄚𑄨𑄟𑄨𑄣𑄬 𑄃𑄳𑄦 𑄌𑄨𑄉𑄮𑄚𑄴𑄳𑄟𑄪𑄢𑄮 𑄃𑄧𑄇𑄴𑄖𑄧𑄖𑄴 𑄝𑄬𑄇𑄴𑄪𑄚𑄮𑄢𑄴 𑄥𑄬𑄝 𑄃𑄳𑄦 𑄃𑄬𑄎𑄣𑄴 𑄛𑄬𑄝𑄢𑄴 𑄃𑄧𑄙𑄨𑄇𑄢𑄴 𑄃𑄊𑄬।,Present
জরা-জা কম করে মানুষ নিে এলেও সব ছোটরা সমান সমান করে সামাজিক নিরাপত্তা ভোগ করে,𑄎𑄧𑄢-𑄡𑄧𑄘𑄧𑄚𑄴 𑄃𑄮𑄚𑄬𑄃𑄨 𑄎𑄧𑄚𑄧𑄟𑄴 𑄣𑄧𑄣𑄬 𑄃𑄳𑄦 𑄎𑄧𑄢-𑄡𑄧𑄘𑄧𑄚𑄴 𑄚𑄧𑄴 𑄃𑄮𑄠𑄬 𑄉𑄧𑄢𑄨 𑄎𑄧𑄚𑄧𑄟𑄴 𑄣𑄧𑄣𑄬𑄠𑄮 𑄝𑄬𑄇𑄴 𑄌𑄨𑄉𑄮𑄚𑄴𑄳𑄟𑄪𑄢𑄮𑄃𑄪𑄚𑄴 𑄥𑄧𑄋𑄴 𑄥𑄧𑄋𑄴 𑄉𑄧𑄢𑄨 𑄥𑄧𑄟𑄎𑄧𑄢𑄴 𑄚𑄨𑄢𑄛𑄧𑄖𑄴𑄖 𑄞𑄮𑄉𑄴 𑄉𑄧𑄢𑄨𑄝𑄇𑄴।,Present
১. ধারা ২. ধারা,𑄙𑄢-𑄸𑄼,Present
ক. সবার সেটা পার অধিকার আছে,𑄇𑄧. 𑄝𑄬𑄇𑄴𑄪𑄚𑄮𑄢𑄴 𑄥𑄨𑄇𑄴𑄈𑄳𑄠 𑄛𑄬𑄝𑄢𑄴 𑄃𑄧𑄙𑄨𑄇𑄢𑄴 𑄃𑄊𑄬।,Present
কেকটা প্রাক সম আর তত ব হবে,𑄇𑄧𑄟𑄬𑄘𑄨 𑄛𑄳𑄢𑄗𑄧𑄟𑄨𑄇𑄴 𑄃𑄳𑄦 𑄃𑄢𑄋𑄴 𑄥𑄨𑄇𑄴𑄈𑄳𑄠 𑄛𑄬𑄝𑄧।,Future
প্রথম থেকে শেষ পর্যন্ত সেলাই করতে হবে,𑄛𑄳𑄢𑄗𑄧𑄟𑄨𑄇𑄴 𑄥𑄨𑄇𑄴𑄈𑄳𑄠 𑄝𑄧𑄣𑄬𑄎𑄪𑄢𑄬 𑄥𑄨𑄊 𑄛𑄧𑄢𑄨𑄝𑄮।,Future
কোকড়ানো কোকড়ানো কাপগুলো পেে যাবে আর সবার সামনে মদ অনুমান করে চুপ করে থাকবে,𑄇𑄧𑄣𑄴𑄇𑄢𑄴𑄈𑄚 𑄃𑄳𑄦 𑄇𑄝𑄨𑄣𑄴 𑄥𑄨𑄇𑄴𑄈𑄳𑄠𑄚𑄨𑄠𑄧 𑄛𑄬𑄝𑄧 𑄃𑄳𑄦 𑄃𑄳𑄟𑄪𑄪𑄢𑄮 𑄇𑄬𑄣𑄎𑄧 𑄥𑄨𑄇𑄴𑄈𑄳𑄠 𑄛𑄬𑄝𑄖𑄳𑄠𑄬 𑄟𑄧𑄘𑄧 𑄃𑄧𑄚𑄪𑄟𑄚𑄬 𑄥𑄧𑄋𑄴 𑄉𑄧𑄢𑄨 𑄈𑄪𑄣𑄧 𑄗𑄬𑄝𑄧।,Future
কেকটা ভালো মেে আর পাহাের সমে অনেক কষ্ট করতে হবে,𑄈𑄧. 𑄉𑄧𑄟𑄴 𑄟𑄪𑄚𑄨𑄌𑄴𑄮𑄢𑄴 𑄃𑄳𑄦 𑄟𑄚𑄴 𑄃𑄨𑄎𑄴𑄮𑄘𑄧𑄢𑄴 𑄃𑄧𑄙𑄨𑄇𑄢𑄴 𑄃𑄳𑄦 𑄃𑄢𑄋𑄴 𑄥𑄙𑄨𑄇𑄢𑄚𑄨𑄥𑄪𑄟𑄪𑄖𑄴𑄮 𑄞𑄧𑄎𑄧𑄟𑄚𑄴 𑄉𑄧𑄢𑄨𑄝𑄢𑄴 𑄟𑄧𑄉𑄴𑄚𑄧𑄉𑄧𑄢𑄨 𑄥𑄨𑄇𑄴𑄈𑄳𑄠𑄠𑄧𑄚𑄴 𑄦𑄣𑄴 𑄙𑄧𑄢 𑄛𑄧𑄢𑄨𑄝𑄧‘।,Future
"বুঝ পাা, মারামারি করা সব জাগা চলে যাবে","𑄝𑄪𑄏𑄴 𑄛𑄛𑄨, 𑄟𑄢𑄟𑄢𑄨 𑄃𑄣𑄳𑄦 𑄝𑄬𑄇𑄴 𑄎𑄖𑄴𑄪𑄚𑄧‘ 𑄌𑄬𑄋𑄬𑄢 𑄃𑄳𑄦 𑄙𑄧𑄢𑄴𑄟𑄧𑄢𑄴 𑄎𑄖𑄴 𑄦𑄨𑄎𑄬𑄝𑄬 𑄊𑄧𑄚𑄨𑄌𑄴𑄑𑄧 𑄇𑄪𑄘𑄪𑄟𑄴 𑄝𑄢𑄚 𑄃𑄳𑄦 𑄥𑄚𑄴𑄖𑄨 𑄢𑄧𑄇𑄴𑄈𑄳𑄠𑄬 𑄉𑄧𑄢𑄨𑄝𑄖𑄳𑄠𑄬 𑄎𑄖𑄨𑄥𑄧𑄁𑄊𑄧 𑄇𑄟𑄴 𑄝𑄢𑄬𑄝𑄧‘।",Future
. কেকটা পাহাি পাহাে দো হবে সেগুলো ধরে মা-বাির বাি নিে যাবার ক্ষমতা আছে,𑄉𑄧. 𑄡𑄬𑄘𑄧𑄇𑄴𑄈𑄚𑄨 𑄥𑄨𑄇𑄴𑄈𑄳𑄠 𑄳𑄟𑄪𑄢𑄮𑄃𑄪𑄚𑄧𑄢𑄬 𑄘𑄳𑄠𑄠 𑄦𑄧𑄝𑄧 𑄥𑄨𑄠𑄚𑄨 𑄛𑄰𑄣𑄳𑄠𑄖𑄴𑄪𑄚𑄴 𑄙𑄧𑄢𑄨 𑄟-𑄝𑄝𑄧𑄢𑄴 𑄝𑄏𑄨 𑄣𑄧𑄝𑄢𑄴 𑄃𑄧𑄙𑄨𑄇𑄢𑄴 𑄃𑄊𑄬।,Present
ধারা-২৭,𑄙𑄢-𑄸𑄽,Present
"ক.সবাই সাঙ্গপাঙ্গ জীবনে নিে গেছে, সেলাই করা আর বিালটা উপরে তোলা এই কাজে স্বস্তি আছে","𑄇𑄧. 𑄝𑄬𑄇𑄴𑄪𑄚𑄮𑄢𑄴 𑄎𑄖𑄴 𑄦𑄨𑄎𑄬𑄝𑄬 𑄥𑄁𑄥𑄴 𑄨𑄖𑄨𑄇𑄴 𑄎𑄩𑄝𑄧𑄚𑄧𑄖𑄴 𑄚𑄨𑄢𑄴𑄞𑄧𑄠𑄬 𑄟𑄨𑄎𑄨𑄚𑄬𑄃𑄨, 𑄥𑄨𑄣𑄴𑄛𑄧𑄇𑄧𑄣 𑄣𑄢𑄴𑄌𑄢𑄴 𑄉𑄧𑄢𑄚 𑄃𑄳𑄦 𑄝𑄨𑄉𑄴𑄉𑄳𑄠𑄚𑄴 𑄃𑄪𑄎𑄮𑄚𑄴𑄘𑄨 𑄃𑄳𑄦 𑄃𑄬 𑄇𑄟𑄧𑄢𑄴𑄜𑄧𑄣𑄚𑄨𑄖𑄴 𑄥𑄧𑄢𑄨𑄇𑄴 𑄦𑄧𑄝𑄢𑄴 𑄃𑄧𑄙𑄨𑄇𑄢𑄴 𑄃𑄊𑄬।",Present
ধারা-২৮,𑄙𑄢-𑄸𑄾,Present
সবাই এমন একটি সমে সমে আছে যেখানে তাদের সম্পত্তিগুলো ভাগ করা যাবে,𑄝𑄬𑄇𑄴𑄪𑄚𑄬 𑄃𑄬𑄟𑄧𑄚𑄴 𑄃𑄬𑄇𑄴𑄇𑄚𑄴 𑄥𑄟𑄎𑄨𑄇𑄴 𑄃𑄳𑄦 𑄃𑄚𑄴𑄖𑄧𑄢𑄴𑄎𑄖𑄨𑄇𑄴 𑄝𑄳𑄠𑄝𑄧𑄥𑄴𑄗𑄖𑄳𑄠𑄬 𑄥𑄧𑄖𑄴𑄧𑄝𑄚𑄴 𑄡𑄨𑄠𑄮𑄖𑄴 𑄜𑄧𑄉𑄧𑄘𑄋𑄨 𑄇𑄉𑄮𑄎𑄴𑄌𑄚𑄧𑄖𑄴 𑄃𑄊𑄬𑄘𑄬 𑄃𑄧𑄙𑄨𑄇𑄢𑄚𑄨 𑄃𑄳𑄦 𑄥𑄙𑄩𑄚𑄴𑄉𑄧𑄢𑄨 𑄉𑄧𑄟𑄬𑄘𑄣𑄬 𑄃𑄘𑄠𑄴 𑄉𑄧𑄢 𑄡𑄬𑄝𑄧‘।,Future
ধারা-২৯,𑄙𑄢-𑄸𑄿,Present
.ক. সবার সংগঠনে দািে দািে আছে যে সংগঠনে অনেক বেশি দৌাদৌি করা হ,𑄇𑄧. 𑄝𑄬𑄇𑄴𑄪𑄚𑄮𑄢𑄴 𑄥𑄧𑄟𑄎𑄧𑄖𑄳𑄠𑄬 𑄘𑄠𑄴-𑄘𑄠𑄨𑄖𑄴𑄧 𑄃𑄊𑄬 𑄡𑄬 𑄥𑄧𑄟𑄎𑄧𑄖𑄴 𑄃𑄝𑄧𑄢𑄴𑄈𑄬𑄠𑄬 𑄃𑄨𑄎𑄴𑄧𑄘𑄧𑄢𑄴 𑄃𑄧𑄝𑄙𑄴 𑄃𑄳𑄦 𑄖𑄮𑄎𑄨𑄟𑄴𑄛𑄪𑄢𑄮 𑄉𑄧𑄢𑄨 𑄝𑄨𑄣𑄬𑄚 𑄦𑄧𑄠𑄴।,Present
"খ. আমি তোমার জন্য অপেক্ষা করতেছি, শুধু এই সীমাটা মেনে নো আর ভালো করে অপেক্ষা করা",𑄈𑄧. 𑄃𑄟𑄧𑄚𑄧‘ 𑄃𑄧𑄙𑄨𑄇𑄢𑄴 𑄃𑄳𑄦 𑄥𑄙𑄨𑄚𑄧𑄖 𑄛𑄳𑄢𑄧𑄠𑄮𑄉𑄴 𑄉𑄧𑄖𑄬𑄴 𑄥𑄧𑄣𑄖𑄴 𑄝𑄬𑄇𑄴𑄪𑄚𑄧𑄖𑄳𑄠𑄬 𑄝𑄚 𑄃𑄬𑄠𑄚𑄳𑄠𑄬 𑄥𑄩𑄟𑄝𑄘𑄴𑄙𑄧𑄖 𑄗𑄬𑄝𑄧‘𑄡𑄨𑄠𑄚𑄴 𑄝𑄚 𑄃𑄧𑄚𑄳𑄠 𑄎𑄧𑄚𑄧𑄢𑄴 𑄃𑄧𑄙𑄨𑄇𑄢𑄴 𑄃𑄳𑄦 𑄥𑄙𑄨𑄚𑄧𑄖𑄚𑄨 𑄟𑄚𑄨𑄣𑄧𑄚 𑄃𑄳𑄦 𑄞𑄧𑄎𑄧𑄟𑄚𑄴 𑄚𑄨𑄌𑄴𑄌𑄨𑄖𑄧 𑄉𑄧𑄢𑄚।,Present
"একটি জনসমুদ্রে নৈতিকতা, জনসমুদ্রের পাশ ঘেষে চলে যাওা হবে","𑄃𑄬𑄇𑄴𑄇𑄚𑄴 𑄉𑄧𑄚𑄧𑄖𑄚𑄴𑄳𑄝𑄨𑄇𑄴 𑄥𑄧𑄟𑄎𑄧𑄖𑄴 𑄚𑄰𑄖𑄨𑄇𑄧𑄖, 𑄉𑄧𑄚𑄧𑄥𑄳𑄢𑄨𑄁𑄇𑄧𑄣 𑄃𑄳𑄦 𑄥𑄙𑄢𑄧𑄕𑄴 𑄇𑄧𑄣𑄳𑄠𑄚𑄧𑄢𑄴 𑄃𑄢𑄋𑄴 𑄉𑄧𑄢𑄧𑄎𑄴𑄌𑄚𑄨 𑄛𑄬𑄝𑄖𑄳𑄠𑄬 𑄃𑄬 𑄝𑄝𑄧𑄖𑄳𑄠𑄬 𑄥𑄩𑄟𑄝𑄧𑄘𑄴𑄙𑄧𑄖 𑄦𑄬𑄚𑄴𑄘𑄮𑄃𑄨 𑄎𑄧𑄉 𑄌𑄬𑄚𑄬𑄃𑄨 𑄡𑄚 𑄦𑄧𑄝𑄧।",Future
১. এই অধিকারগুলো সবসম লঙ্ঘন করে না।,𑄉𑄧. 𑄃𑄬 𑄃𑄧𑄧𑄙𑄨𑄇𑄢𑄚𑄨 𑄃𑄳𑄦 𑄥𑄙𑄨𑄚𑄧𑄖 𑄣𑄢𑄴𑄌𑄢𑄴 𑄉𑄧𑄖𑄳𑄠𑄬 𑄥𑄧𑄣𑄖𑄴 𑄇𑄧𑄚𑄧𑄇𑄬𑄛𑄴 𑄎𑄖𑄨𑄥𑄧𑄁𑄊𑄧𑄢𑄴 𑄃𑄪𑄘𑄴𑄘𑄬𑄥𑄳𑄠 𑄃𑄳𑄦 𑄃𑄢𑄋𑄴 𑄢𑄨𑄘𑄨𑄥𑄪𑄘𑄮𑄟𑄚𑄨 𑄣𑄧𑄁𑄊𑄧𑄚𑄴 𑄉𑄧𑄢 𑄚𑄧‘ 𑄡𑄬𑄝𑄧।,Present
ধারা ৩,𑄙𑄢-𑄹𑄶,Present
.এই শব্দ গুলো উঠা নামা করলে মনে হ যে এই শব্দ গুলো আর সহ্য করা যা না,𑄃𑄬 𑄜𑄧𑄉𑄧𑄘𑄋𑄨𑄖𑄴 𑄖𑄪𑄣𑄧𑄛𑄢 𑄉𑄮𑄎𑄬𑄴 𑄇𑄧𑄚𑄧 𑄝𑄨𑄥𑄧𑄠𑄬 𑄃𑄬𑄠𑄚𑄳𑄠𑄬 𑄞𑄬𑄘𑄬𑄣𑄧𑄟𑄴 𑄞𑄋𑄨 𑄉𑄧𑄢 𑄚𑄧‘ 𑄡𑄬𑄝𑄧 𑄡𑄨𑄠𑄚𑄴𑄘𑄮𑄃𑄨 𑄟𑄧𑄚𑄬 𑄦𑄧𑄝𑄧 𑄡𑄬 𑄃𑄬 𑄜𑄧𑄉𑄧𑄘𑄋𑄨𑄖𑄴 𑄡𑄪𑄇𑄴𑄝𑄧𑄖𑄳𑄠𑄬 𑄇𑄧𑄚𑄧 𑄃𑄧𑄙𑄨𑄇𑄢𑄴 𑄝𑄳𑄦 𑄥𑄙𑄨𑄚𑄧𑄖 𑄇𑄨𑄠𑄮 𑄉𑄧𑄢𑄨𑄝𑄢𑄴 𑄃𑄪𑄘𑄨𑄎𑄬 𑄇𑄧𑄚𑄧 𑄘𑄬𑄏𑄴 𑄎𑄧𑄙 𑄝𑄳𑄦 𑄝𑄳𑄠𑄇𑄴𑄖𑄨𑄢𑄴 𑄝𑄨𑄣𑄨𑄚𑄴 𑄦𑄧𑄝𑄢𑄴 𑄃𑄧𑄙𑄨𑄇𑄢𑄴 𑄃𑄊𑄬।,Present
ছানো বই,𑄍𑄧𑄢 𑄝𑄧𑄃𑄨,Present
".রান্না: প্রাের কুেল চাংমা,প্রিে চাংমা,মনি চাংমা","𑄢𑄧𑄎𑄬𑄠𑄧𑄚: 𑄛𑄳𑄢𑄥𑄧𑄚𑄴𑄚𑄧 𑄇𑄪𑄟𑄢𑄴 𑄌𑄋𑄴𑄟, 𑄛𑄳𑄢𑄨𑄠𑄧𑄥𑄨 𑄌𑄋𑄴𑄟, 𑄟𑄧𑄚𑄨 𑄌𑄋𑄴𑄟",Present
ছা-১,𑄍𑄧𑄢 -𑄷,Present
চিত্তি ছিঁে আছে এমন,𑄌𑄨𑄖𑄴𑄨 𑄌𑄨𑄎𑄨 𑄦𑄏𑄨 𑄈𑄪𑄏𑄨,Present
এক জাতী নাচ,"𑄖𑄨𑄝𑄪𑄢𑄪𑄇𑄴 𑄖𑄨𑄝𑄪𑄢𑄪𑄇𑄴 𑄚𑄌𑄴,",Present
তার সমে তেতো তেতো,𑄖 𑄥𑄧𑄟𑄢𑄬 𑄖𑄨𑄝𑄪𑄢𑄪𑄇𑄴 𑄖𑄨𑄝𑄪𑄢𑄪𑄇𑄴,Present
.নাচিে বানানো মাদুর,𑄚𑄎𑄬 𑄛𑄘𑄨𑄦𑄌𑄴 ।,Present
দৌাদৌি,𑄍𑄧𑄢 -𑄸,Present
ঘুম থেকে উঠে যাওা,𑄊𑄪𑄟𑄚𑄴 𑄡𑄚 𑄌𑄨𑄎𑄨𑄥𑄧𑄚,Present
.তার জন্য ঘুম থেকে ওঠা,𑄖𑄧𑄖𑄳𑄠𑄬 𑄃𑄚𑄳𑄠𑄧𑄋𑄴 𑄊𑄪𑄟𑄴 𑄛𑄉𑄚,Present
হাঙর কূলে যে,"𑄦𑄋𑄧𑄢𑄴 𑄇𑄪𑄣𑄧𑄖𑄴 𑄡𑄬𑄃𑄨 ,",Present
চিচি বোলে আকাশে যাওা,𑄌𑄨𑄎𑄨 𑄞𑄨𑄣𑄬 𑄌𑄚𑄧𑄖𑄴 𑄡𑄬𑄝𑄧,Present
ত্রিপুরা গেলে সম পেে যাবে,𑄥𑄨𑄙𑄪 𑄉𑄬𑄣𑄬 𑄥𑄧𑄟𑄢𑄴 𑄛𑄬𑄝𑄧,Future
রোদে বসে চরকা বুো,𑄌𑄚𑄧𑄖𑄴 𑄝𑄧𑄃𑄨𑄚𑄬𑄃𑄨 𑄌𑄧𑄢𑄴𑄉 𑄝𑄪𑄢𑄳𑄦𑄨,Present
তাকে দেখার মতো আছে,𑄖𑄢𑄳𑄦𑄬 𑄃𑄊𑄬 𑄌𑄬𑄃𑄨 ।,Present
ছা-৩,𑄍𑄧𑄢 -𑄹,Present
কিছুক্ষণ পর পর মেেগুলো মেে হ,𑄈𑄇𑄴𑄇𑄬 𑄉𑄧𑄢𑄬 𑄟𑄬𑄇𑄴 𑄟𑄬𑄊𑄪𑄣𑄮,Present
কিছুক্ষণ পর পর বৃষ্টি আসে,"𑄈𑄇𑄴𑄇𑄬 𑄃𑄚𑄬 𑄏𑄧𑄢𑄴,",Present
এক নাগাে কালো করে,𑄃𑄬𑄇𑄴 𑄇𑄪𑄚𑄬𑄘𑄨 𑄇𑄣 𑄉𑄧𑄢𑄬,Present
এক কুমা আলো,𑄃𑄬𑄇𑄴 𑄇𑄪𑄚𑄬𑄘𑄨 𑄛𑄳𑄦𑄧𑄢𑄴 ।,Present
১. ছা- ৪. ছা,𑄍𑄧𑄢 -𑄺,Present
আমাদের বািটা বাঙালি,"𑄃𑄟𑄳𑄦 𑄘𑄮𑄣 𑄝𑄁𑄣𑄘𑄬𑄌𑄴,",Present
তাকে খুব পছন্দ,𑄖𑄢𑄳𑄦𑄬 𑄞𑄢𑄨 𑄇𑄮𑄌𑄴𑄛𑄋𑄴,Present
পাহাের গাঙে সাঁতার কাটতে হ,"𑄟𑄮𑄚𑄴𑄟𑄪𑄢𑄳𑄦𑄧 𑄉𑄋𑄴𑄍𑄧𑄢 𑄥𑄧𑄋𑄴𑄎𑄉,",Present
যেখানে সেখানে তাকানো,𑄡𑄨𑄚𑄴𑄘𑄨 𑄢𑄨𑄚𑄨 𑄌𑄋𑄴 ।,Present
ছা-১০,𑄍𑄧𑄢 -𑄷𑄶,Present
এক জাতী পাখি,𑄇𑄣 𑄞𑄨𑄢𑄬𑄌𑄴 𑄇𑄣 𑄞𑄨𑄢𑄬𑄌𑄴,Present
পোকা ধরে খাওা,"𑄛𑄪𑄇𑄴 𑄙𑄧𑄢𑄨 𑄈𑄠𑄴,",Present
মাছরাঙা মাছ না পেলে,𑄟𑄳𑄦𑄢𑄋 𑄟𑄌𑄴 𑄚𑄧 𑄛𑄬𑄣𑄬,Present
চেহারাটা একটি ব হাত,𑄌𑄬𑄘𑄧𑄚𑄴 𑄃𑄬𑄇𑄴𑄇𑄚𑄴 𑄘𑄋𑄧𑄢𑄴 𑄦𑄖𑄳𑄠𑄢𑄴,Present
"ব ব চামা, ব কাপ","𑄘𑄋𑄴𑄉𑄪 𑄃𑄨𑄚𑄴𑄎𑄬𑄝𑄴 𑄌𑄋𑄴𑄟, 𑄘𑄋𑄧𑄢𑄴 𑄇𑄝𑄨𑄘𑄳𑄢𑄋𑄴,",Present
চামা সাা পত্রিকা একটা চামা সাা,𑄌𑄋𑄴𑄟 𑄥𑄦𑄨𑄖𑄳𑄠𑄧 𑄛𑄧𑄖𑄳𑄢𑄨𑄇 𑄃 𑄌𑄋𑄴𑄟 𑄥𑄦𑄨𑄖𑄳𑄠𑄧 𑄝𑄳𑄦,Present
একটা গল্প বললে কত ব হাত পাওা যা,"𑄃𑄬𑄇𑄴𑄇𑄮 𑄉𑄧𑄣𑄴𑄛𑄧𑄣𑄮𑄃𑄨 𑄇𑄧𑄙𑄪𑄋𑄴 𑄌𑄋𑄴-""𑄌𑄬𑄘𑄧𑄚𑄴 𑄃𑄬𑄇𑄴𑄇𑄚𑄴 𑄘𑄋𑄧𑄢𑄴 𑄦𑄖𑄳𑄠𑄢𑄴""।",Present
একজন লোক কথা বলা মানে,𑄃𑄬𑄇𑄴𑄎𑄧𑄚𑄴 𑄌𑄬𑄘𑄧𑄚𑄴 𑄝𑄧𑄣 𑄟𑄚𑄬𑄃𑄨,Present
মাটিতে একটা নাচা,𑄛𑄨𑄖𑄴𑄨𑄟𑄖𑄴 𑄃𑄬𑄇𑄴𑄇𑄮 𑄃𑄬𑄇𑄇𑄴𑄇𑄮 𑄚𑄧𑄇𑄴𑄈𑄧𑄖𑄳𑄢𑄧।,Present
তাদের পুরো পিঠটা শক্ত,𑄖𑄢𑄢𑄴 𑄛𑄳𑄦𑄧𑄢𑄬 𑄛𑄨𑄖𑄴𑄨𑄟𑄨 𑄃𑄚𑄴 𑄝𑄧𑄣𑄴𑄝𑄧𑄣।,Present
.শুধু পাহাে পাহাে আসা,𑄝𑄚 𑄟𑄪𑄎𑄪𑄋𑄬𑄘𑄨 𑄃𑄇𑄴𑄇𑄮𑄃𑄨,Present
".যেভাবে তারা আগুন দে,পেকে থাকার ইচ্ছা করে না","𑄡𑄬𑄝𑄢𑄴 𑄖𑄢 𑄥𑄧𑄝𑄧𑄚𑄴 𑄘𑄬𑄊𑄧𑄚𑄴, 𑄛𑄨𑄌𑄴𑄥𑄬 𑄛𑄪𑄢𑄨 𑄗𑄬𑄝𑄢𑄴 𑄚𑄧 𑄌𑄚𑄴।",Present
শুধু আমাদের সমের মানুষ,𑄟𑄖𑄴𑄖𑄧𑄢𑄴 𑄃𑄟 𑄥𑄧𑄟𑄧𑄎𑄢𑄴 𑄃𑄨𑄇𑄳𑄠𑄬 𑄟𑄚𑄬𑄃𑄨,Present
.সে একটু হলেই পানশে আর পানশে মানুষদের কথা বলে যা,𑄥𑄨𑄇𑄴𑄇𑄬 𑄃𑄬𑄇𑄴𑄇𑄮 𑄟𑄚𑄬𑄃𑄨 𑄛𑄚𑄴𑄚𑄮𑄟 𑄃 𑄛𑄚𑄴𑄚𑄮𑄝𑄛𑄧𑄢𑄴 𑄇𑄧𑄙 𑄇𑄮𑄃𑄨 𑄡𑄠𑄴।,Present
.পানিতে পানশে,𑄛𑄬𑄣𑄚𑄨𑄥𑄧𑄚𑄧𑄖𑄴 𑄛𑄚𑄴𑄚𑄮𑄝𑄛𑄴,Present
.নামে মাত্র এই ছেলেটা থাকে,𑄚𑄋𑄬 𑄃𑄬 𑄟𑄚𑄬𑄃𑄨𑄝𑄮 𑄗𑄬𑄘𑄧।,Present
সে এক দিন জুম জুম করে যা এবং তার ধানগুলো অনেক সুন্দর হেছে,𑄖𑄬 𑄃𑄬𑄇𑄴 𑄘𑄨𑄚𑄴 𑄎𑄪𑄟𑄴 𑄏𑄛𑄴 𑄝𑄬𑄢𑄳𑄦 𑄡𑄨𑄠𑄬 𑄃 𑄇𑄢𑄴 𑄎𑄪𑄟𑄧 𑄙𑄚𑄚𑄨 𑄝𑄬𑄌𑄴 𑄘𑄮𑄣𑄴 𑄃𑄧𑄠𑄬𑄬,Present
সে পাে,𑄥𑄬 𑄛𑄮𑄃𑄨𑄘𑄳𑄠𑄚𑄬।,Present
"সোনার রঙের পাকানো ধানগুলো পে পে বাতাস বেছে, পাহাের মাথা ঝিমিে আছে","𑄥𑄮𑄚𑄢𑄴 𑄢𑄧𑄋𑄧𑄢𑄴 𑄛𑄉𑄚 𑄙𑄚𑄚𑄨 𑄛𑄨𑄝𑄨𑄢𑄴 𑄛𑄨𑄝𑄨𑄢𑄴 𑄝𑄮𑄃𑄨𑄠𑄬𑄢𑄬 𑄚𑄎𑄬, 𑄟𑄮𑄚𑄴 𑄟𑄪𑄢𑄳𑄦𑄧 𑄏𑄨𑄟𑄨𑄖𑄴 𑄏𑄨𑄟𑄨𑄖𑄴",Present
.জলের সে সোনার ধানে,𑄎𑄧𑄣𑄬𑄢𑄴 𑄥𑄬 𑄥𑄮𑄚𑄢𑄴 𑄙𑄚𑄧𑄢𑄴 𑄢𑄧𑄋𑄬।,Present
সে ন্যাকা পরিধান করে আছে,"𑄖𑄬, 𑄚𑄋𑄬𑄣𑄧 𑄛𑄨𑄘𑄨𑄖𑄴𑄖𑄪𑄚𑄴 𑄌𑄬𑄙𑄨 𑄌𑄬𑄘𑄧।",Present
.অতিরিক্ত বািতে ফিরে গেল,𑄃𑄧𑄇𑄴𑄖𑄧𑄟𑄧𑄎𑄨𑄟𑄴 𑄊𑄧𑄢𑄧𑄖𑄴 𑄜𑄨𑄢𑄨𑄣𑄧।,Past
পান্নোটা নাাচাা করে পানের কুটিটা বেজে নিে যা,𑄛𑄚𑄴𑄚𑄮𑄟 𑄚𑄮𑄚𑄳𑄠 𑄥𑄨𑄣𑄧 𑄇𑄱 𑄛𑄚𑄧 𑄇𑄪𑄖𑄴𑄖𑄨𑄝𑄱 𑄃 𑄘𑄝𑄝𑄱 𑄝𑄎𑄬𑄃𑄨 𑄃𑄚𑄨 𑄘𑄨𑄠𑄳𑄠।,Present
ধীরে ধীরে পানপাত্রে হুক্কা দেওা,𑄣𑄢𑄬 𑄣𑄢𑄬 𑄛𑄚𑄴𑄚𑄮𑄝𑄝𑄬 𑄘𑄝𑄝𑄱,Present
.থাপ্পের শব্দ,𑄗𑄚𑄬𑄢𑄴 𑄃 𑄉𑄧𑄛𑄴 𑄘𑄬𑄢𑄴।,Present
মাথা কাচে ঢাকা একটা ধান তার মাথা পেছে,𑄥𑄨𑄢𑄬𑄝𑄱 𑄇𑄌𑄴𑄎𑄮𑄣𑄧 𑄌𑄃𑄨𑄘𑄳𑄠 𑄃𑄬𑄇𑄴𑄇𑄱 𑄙𑄚𑄴 𑄖 𑄥𑄨𑄢𑄬𑄝𑄱𑄖𑄴𑄪𑄚𑄴 𑄛𑄧𑄎𑄳𑄠।,Present
". চেহারা সুন্দর, রূপ","𑄈𑄪𑄃𑄪𑄛𑄴 𑄘𑄮𑄣𑄴, 𑄢𑄪𑄛𑄧",Present
"রং, /n purify",𑄢𑄧𑄋𑄧 𑄥𑄚𑄴।,Present
ভালো করে পিছন ফিরে তাকাা যা না,𑄘𑄮𑄣𑄬 𑄈𑄪𑄃𑄪𑄛𑄴 𑄜𑄨𑄢𑄬 𑄛𑄉𑄬𑄙𑄨 𑄌𑄬𑄣𑄇𑄴 𑄟𑄖𑄴𑄖𑄧𑄢𑄴 𑄌𑄨𑄚𑄨 𑄚𑄧 𑄛𑄢𑄧𑄚𑄴।,Present
মনে মনে জুম,𑄟𑄧𑄚𑄬 𑄟𑄧𑄚𑄬 𑄞𑄝𑄬𑄢𑄴 𑄎𑄪𑄟𑄧𑄖𑄴,Present
কুালটা খুব সুন্দর লাগবে,𑄇𑄪𑄎𑄨𑄣𑄬 𑄞𑄢𑄨 𑄘𑄮𑄣𑄴 𑄣𑄉𑄨𑄝𑄧𑄱।,Future
সে পানোনমাকে ভালো করে রাখার জন্য কুটিকুটি করে,"𑄖𑄬, 𑄛𑄚𑄴𑄚𑄮𑄟𑄢𑄬 𑄘𑄮𑄣𑄬 𑄢𑄊𑄬𑄝𑄖𑄴𑄖𑄬𑄃𑄨 𑄇𑄪𑄎𑄮𑄣𑄨 𑄉𑄧𑄢𑄬।",Present
পানশে মা ভালো,𑄛𑄚𑄴𑄚𑄮 𑄟 𑄘𑄮𑄣𑄬,Present
এক জাতী বুনো ফল যা সবজি হিসেবে ব্যবহৃত হ,𑄥𑄧𑄟𑄪𑄢𑄨 𑄗𑄮𑄣𑄧।,Present
".অতিরিক্ত জুম দিে,হারা করে ওই ধানটা ঝগা করছে","𑄃𑄧𑄇𑄴𑄖𑄧 𑄃𑄬𑄚𑄳𑄠𑄃𑄨 𑄎𑄪𑄟𑄧𑄇𑄝𑄨 𑄛𑄪𑄢𑄨, 𑄦𑄢 𑄇𑄢𑄨 𑄥𑄬 𑄙𑄚𑄴𑄚𑄱 𑄇𑄪𑄌𑄴𑄎𑄢𑄚𑄴।",Present
সে পাহাের ঢালটা ১৫/১৬,𑄥𑄬 𑄙𑄚𑄴𑄚𑄧𑄖𑄴𑄖𑄪𑄚𑄴 𑄷𑄻/𑄷𑄼,Present
ব ধান গাছ উঠতেছে,𑄝𑄱 𑄙𑄚𑄴 𑄉𑄌𑄴 𑄃𑄪𑄘𑄨𑄣𑄇𑄴।,Present
.সে সবগুলো বিচি ধান করছে,𑄥𑄨𑄃𑄪𑄚𑄴 𑄝𑄬𑄇𑄴𑄇𑄪𑄚𑄴 𑄝𑄨𑄌𑄴 𑄙𑄚𑄴 𑄉𑄧𑄌𑄴𑄍𑄮𑄚𑄴।,Present
তার পাহাে সারা বছর থাকে,𑄖 𑄟𑄪𑄎𑄪𑄋𑄬 𑄝𑄧𑄏𑄧𑄢𑄴 𑄥𑄨𑄇𑄴𑄇𑄬 𑄉𑄧𑄢𑄨,Present
এখন করে যাওার জন্য ৩/৪০ কেজি ধান উঠতেছে,𑄃𑄨𑄇𑄳𑄠𑄬 𑄉𑄧𑄢𑄨 𑄡𑄘𑄬 𑄹𑄶/𑄺𑄶 𑄃𑄢𑄨 𑄙𑄚𑄴 𑄃𑄪𑄖𑄴𑄛𑄧𑄚𑄴𑄚𑄧 𑄃𑄪𑄠𑄮𑄚𑄴।,Present
সেই ধানটা হলো বিনি ধান,𑄥𑄬 𑄙𑄚𑄴𑄚𑄱 𑄃𑄬𑄣𑄧 𑄝𑄨𑄚𑄨 𑄙𑄚𑄴।,Present
"সুগন্ধ,খাওা ভালো","𑄖𑄪𑄟𑄴𑄝𑄌𑄴, 𑄈𑄘𑄬 𑄈𑄪𑄝𑄨𑄛𑄴 𑄉𑄧𑄟𑄴।",Present
গ্রামের মানুষরা আসতেছে এই যে সে বিনি চামার জন্য,𑄃𑄘𑄟𑄳𑄠 𑄟𑄚𑄴𑄌𑄴𑄍𑄪𑄚𑄴𑄧𑄖𑄴𑄪𑄚𑄴 𑄃𑄤𑄧𑄌𑄴 𑄃𑄬 𑄡𑄨𑄠𑄬 𑄥𑄬 𑄝𑄨𑄚𑄨𑄙𑄚𑄴𑄚𑄱 𑄝𑄨𑄌𑄴 𑄉𑄧𑄢𑄨𑄝𑄢𑄴।,Present
"সে,পাহাটা দিতে পারে না,পাহাটা থেকে শুধু ধানটা নিে আসলো","𑄖𑄳𑄦𑄬, 𑄚𑄋𑄚𑄴 𑄘𑄨 𑄚𑄧 𑄛𑄢𑄬, 𑄚𑄧 𑄛𑄬𑄚𑄬𑄃𑄨 𑄃 𑄛𑄚𑄴𑄚𑄮𑄟𑄖𑄴𑄖𑄪𑄚𑄴 𑄃𑄚𑄨𑄣𑄇𑄴 𑄥𑄬𑄚𑄬 𑄛𑄚𑄴𑄚𑄮𑄟 𑄝𑄨𑄚𑄨 𑄙𑄚𑄴 𑄖𑄮𑄠𑄧𑄚𑄴।",Past
আসা যাওা করার সম এই পাে একটা ধান থেকে বিচি বের হেছে,𑄃𑄬𑄌𑄳𑄠𑄬 𑄃𑄬 𑄚𑄋𑄬 𑄃𑄬 𑄃𑄬𑄇𑄴𑄇𑄱 𑄙𑄚𑄧𑄖𑄴𑄖𑄪𑄚𑄴 𑄉𑄧𑄙 𑄛𑄨𑄖𑄴𑄨𑄟𑄨𑄖𑄴 𑄥𑄨𑄘𑄨 𑄛𑄧𑄎𑄳𑄠।,Present
.অন্যে পানোন্মাও মেে নেই,𑄃 𑄥𑄧𑄟𑄢𑄬 𑄛𑄚𑄴𑄚𑄮𑄟𑄤𑄧 𑄟𑄪𑄢𑄨 𑄚𑄬𑄃𑄨,Present
এখনো বেঁচে আছে,𑄃𑄬𑄡𑄧 𑄝𑄎𑄨 𑄃𑄊𑄬।,Present
এই যে চেহারা!,𑄃𑄬 𑄡𑄬 𑄌𑄬𑄘𑄧𑄚𑄴!,Present
এক কেজি ধান থেকে এক কেজি চাল এসেছে পেটে,𑄃𑄬𑄇𑄴𑄇𑄱 𑄙𑄚𑄧𑄖𑄴𑄖𑄪𑄚𑄴 𑄃𑄬𑄌𑄳𑄠𑄬 𑄉𑄧𑄙 𑄛𑄨𑄖𑄴𑄨𑄟𑄨𑄖𑄴।,Present
"সে,এইটা সেইটা","𑄖𑄬, 𑄃𑄬𑄃𑄨 𑄟𑄚𑄬𑄃𑄨𑄝𑄧𑄖𑄴𑄖𑄪𑄚𑄴",Present
সেখানে গেলে দুঃখ কি?,𑄥𑄨𑄇𑄴𑄈𑄬 𑄣𑄧𑄘𑄬 𑄥𑄣𑄬𑄚𑄴 𑄘𑄪𑄇𑄴 𑄇𑄨?,Present
"আমরা আমাদের লেখাপা লিখতে পারি না,আসবাবপত্রের লেখা","𑄉𑄣𑄬𑄚𑄴 𑄃𑄟𑄨 𑄇𑄨 𑄚𑄧 𑄛𑄢𑄨 𑄃𑄟 𑄣𑄬𑄊𑄃𑄪𑄚𑄴, 𑄃𑄧𑄏𑄛𑄖𑄴𑄖𑄱 𑄝𑄮𑄘𑄳𑄠𑄧𑄃𑄪𑄚𑄧𑄢𑄴",Present
"পেট থেকে বের হলে কে,খা গা,ঘাগ,ঙিে,ঘিে গাে কাপ দিে মাথা সিঁি দিই, স্থির করে?","𑄛𑄳𑄦𑄬𑄉𑄬𑄠𑄬𑄖𑄴𑄖𑄪𑄚𑄴 𑄚𑄨𑄊𑄬𑄣𑄬 𑄇, 𑄈, 𑄉, 𑄊, 𑄋.......𑄘𑄊𑄨𑄢𑄬 𑄛𑄨𑄖𑄴𑄨𑄟𑄨𑄖𑄴 𑄥𑄨𑄘𑄨 𑄘𑄨𑄃𑄨, 𑄗𑄨𑄘𑄧𑄛𑄴𑄝𑄧𑄢𑄴 𑄉𑄧𑄢𑄨?",Present
তারা দা,𑄖𑄢 𑄘𑄧,Present
"মৃত কিস্যু ফেলা হেছে,কতদিন অন্ধকারে থাকবে","𑄟𑄧𑄢 𑄇𑄨𑄎𑄬𑄇𑄴 𑄜𑄬𑄣𑄘𑄧𑄚𑄴, 𑄇𑄧 𑄘𑄨𑄚𑄴 𑄃𑄚𑄴𑄙𑄢𑄧𑄖𑄴 𑄗𑄬𑄝𑄇𑄴।",Future
"তাদের পিঠটা ঘুরার শখ আছে, আছে","𑄖𑄢 𑄘𑄧 𑄛𑄨𑄖𑄴𑄨𑄃𑄚𑄴 𑄊𑄪𑄢𑄨 𑄝𑄢𑄴 𑄥𑄧𑄝𑄧𑄚𑄴 𑄃𑄊𑄬, 𑄃𑄏",Present
". আছে মানুষরা নস্যি পেছে,ছোট আাআি খেে থাকার","𑄃𑄊𑄬 𑄟𑄚𑄬𑄃𑄪𑄚𑄧𑄢𑄴 𑄚𑄧𑄥𑄪𑄣𑄨 𑄝𑄪𑄉𑄧𑄖𑄴, 𑄌𑄨𑄘𑄧𑄢𑄴 𑄃𑄞𑄧𑄢𑄴 𑄈𑄬𑄙𑄨 𑄗𑄬𑄝𑄢𑄴।",Present
এক জাতী মানুষ ব হাত দিে,𑄌𑄬𑄘𑄧𑄚𑄴 𑄟𑄚𑄪𑄎𑄧𑄢𑄴 𑄘𑄋𑄧𑄢𑄴 𑄦𑄖𑄳𑄠𑄢𑄴।,Present
আমাদের থেকে দৃষ্টি নাই!,𑄌𑄬𑄘𑄧𑄚𑄴 𑄚𑄬𑄃𑄨 𑄃𑄟𑄖𑄴𑄖𑄪𑄚𑄴!,Present
"নিজের থেকে একটু, ভাত রাখতেছি","𑄚𑄨𑄎𑄧𑄖𑄴𑄖𑄪𑄚𑄴 𑄤𑄧𑄇𑄴𑄇𑄮𑄢𑄴, 𑄞𑄌𑄴 𑄗𑄧𑄉𑄧𑄖𑄳𑄠",Present
আমি পর ভালো করে দেখতেছি,𑄃𑄟𑄨 𑄛𑄧𑄢𑄧 𑄘𑄮𑄣𑄬 𑄘𑄮𑄣𑄴 𑄃𑄞𑄢𑄴 𑄌𑄬𑄃𑄨।,Present
তাাতাি আমরা পিছনে পে আছি,"𑄥𑄬𑄖𑄳𑄠𑄃𑄨 𑄃𑄟𑄨 𑄛𑄨𑄌𑄴𑄍𑄬 𑄛𑄪𑄢𑄨, 𑄣𑄳𑄦𑄬𑄟𑄟𑄴 𑄛𑄪𑄢𑄨 𑄃𑄊𑄨।",Present
শুধু আমির পদচিহ্ন,"𑄝𑄚 𑄟𑄪𑄠𑄮 𑄙𑄛𑄴,",Present
মনের মিল নেই,𑄟𑄧𑄚𑄧 𑄙𑄛𑄴 𑄚𑄬𑄃𑄨।,Present
নাবোধক শব্দ,𑄚𑄬𑄃𑄨 𑄉𑄧𑄢𑄧𑄌𑄴।,Present
"সওদাগরকে দেখে থাকলে কি আমরা বের হে যাই,বিালের ভাত,মিষ্টি","𑄥𑄧𑄢𑄧𑄇𑄌𑄳𑄠𑄢𑄬 𑄌𑄬𑄃𑄨 𑄗𑄬𑄣𑄬 𑄇𑄨 𑄃𑄟𑄨 𑄎𑄘𑄧𑄢𑄴 𑄣𑄬𑄊, 𑄎𑄘𑄧𑄢𑄴 𑄞𑄌𑄴, 𑄥𑄦𑄨𑄖𑄳𑄠𑄧,",Present
.মাঝখানে স্থির থাকতে পারবে?,𑄥𑄧𑄁𑄥𑄴 𑄳𑄢𑄨𑄖𑄨 𑄗𑄨𑄘𑄨𑄛𑄴𑄝𑄧𑄢𑄴 𑄉𑄧𑄢𑄨 𑄛𑄢𑄨𑄝𑄧𑄋𑄴?,Future
গরগরে তো অনেক আম বোচ্ছে,𑄉𑄧𑄢𑄴𑄇𑄢𑄬 𑄘𑄧 𑄚𑄚𑄋𑄴 𑄃𑄟𑄴𑄣 𑄝𑄬𑄎𑄣𑄴 𑄘𑄬𑄊𑄬 𑄘𑄬𑄊𑄬 𑄃𑄊𑄬।,Present
সারা বছর কষ্ট করতেছে মনে হ বাঙালিরা এক বছর পর পর আসতে পারবে,𑄥𑄧𑄢𑄴𑄇𑄢𑄬 𑄡𑄪𑄚𑄨 𑄞𑄏𑄧𑄢𑄴 𑄘𑄪𑄇𑄴 𑄝𑄪𑄏𑄨𑄘𑄧 𑄝𑄁𑄣𑄘𑄬𑄌𑄴 𑄥𑄙𑄨𑄚𑄧𑄖𑄧 𑄺𑄽 𑄝𑄏𑄧𑄢𑄴 𑄛𑄧𑄢𑄴 𑄃 𑄛𑄢𑄴𑄝𑄧𑄖𑄳𑄠𑄧 𑄌𑄪𑄇𑄴𑄖𑄨 𑄷𑄾 𑄝𑄧𑄏𑄧𑄢𑄴,Future
পা ৫ মাসের বই এখানে দিল,𑄛𑄧𑄢𑄴 𑄻 𑄞𑄏𑄧𑄢𑄴 𑄝𑄧𑄃𑄨 𑄃𑄨𑄇𑄴𑄇𑄪𑄣𑄧𑄖𑄴 𑄘𑄨𑄣𑄴।,Past
এই কাম আবার এখান থেকে বের হে আসে,𑄃𑄬𑄃𑄨 𑄇𑄟𑄚𑄴 𑄃𑄢𑄧 𑄃𑄨𑄖𑄴𑄖𑄪𑄚𑄴 𑄃𑄊𑄬 𑄉𑄧𑄢𑄚 𑄉𑄧𑄢𑄌𑄴 𑄃𑄬𑄣𑄴।,Present
সিঁি,𑄥𑄨𑄃𑄚𑄨,Present
"দিঘি,বুঝিে পারি","𑄘𑄨𑄊𑄨𑄢𑄴, 𑄝𑄪𑄏𑄨 𑄛𑄢𑄨𑄢𑄴।",Present
.বছরে মন পূজা আসতেছে কত ব ব করে চোখ বন্ধ করে,𑄥𑄣𑄬𑄚𑄴 𑄟𑄧𑄚𑄧𑄖𑄴 𑄛𑄪𑄎𑄮𑄢𑄴 𑄃𑄬𑄎𑄬 𑄇𑄨𑄖𑄳𑄠 𑄃𑄬𑄙𑄧𑄇𑄴 𑄦𑄖𑄴 𑄗𑄬𑄋𑄴 𑄦𑄋𑄪𑄢𑄮 𑄉𑄧𑄢𑄨 𑄌𑄮𑄇𑄴 𑄜𑄬𑄣𑄬,Present
ফেলে তাকিয়ে আছে কেন?,𑄜𑄬𑄣𑄬 𑄌𑄬𑄃𑄨 𑄃𑄊𑄨?,Present
এই মেেটা আমরা বুঝি না,𑄃𑄬 𑄟𑄳𑄦𑄬𑄖𑄴 𑄚𑄧 𑄝𑄪𑄏𑄨 𑄚 𑄃𑄧𑄠𑄴 𑄃𑄟𑄖𑄴𑄖𑄪𑄚𑄴 𑄌𑄬𑄘𑄧𑄚𑄴 𑄚𑄬𑄃𑄨।,Present
দুই আনা থেকে একটু ধরে,𑄘𑄨 𑄃𑄚𑄧𑄖𑄴𑄖𑄪𑄚𑄴 𑄃𑄬𑄇𑄴𑄇𑄚𑄴 𑄙𑄧𑄢𑄨,Present
"পা, পা",𑄛𑄢𑄨।,Present
"না আমি সেটা বলতেছি না,আমি বলতেছি, কথা বলতে বলতে আমার পেট ব্যাথা করে","𑄚 𑄟𑄪𑄃𑄨 𑄥𑄨𑄃𑄚𑄴 𑄇𑄧𑄝𑄢𑄴 𑄚𑄧 𑄌𑄋𑄴, 𑄟𑄪𑄃𑄨 𑄇𑄧𑄝𑄢𑄴 𑄌𑄋𑄴- 𑄇𑄳𑄠𑄛𑄨𑄑𑄣𑄨𑄎𑄧𑄟𑄬 𑄃𑄟𑄢𑄬 𑄣𑄬𑄘𑄢 𑄛𑄪𑄇𑄧 𑄥𑄚𑄴 𑄈𑄬𑄙𑄨",Present
.এই যুগের টাকা বললে অনেক দেখা যা,𑄃𑄬𑄌𑄳𑄠𑄬 𑄥𑄟𑄎𑄧𑄢𑄴 𑄖𑄬𑄋 𑄝𑄧𑄣 𑄟𑄚𑄬𑄃𑄨 𑄝𑄧𑄦𑄪𑄖𑄴 𑄘𑄬𑄊 𑄡𑄃𑄨।,Present
তাদের মতো খাটতে টাকা থাকে,"𑄖𑄢𑄢𑄴 𑄟𑄧𑄖𑄴 𑄈𑄘𑄬 𑄖𑄬𑄋 𑄗𑄚𑄴 𑄟𑄖𑄴𑄖𑄧𑄢𑄴,",Present
একটা ঔষধি বই কিনে টাকা থাকে না,𑄃𑄬𑄇𑄴𑄇𑄱 𑄥𑄦𑄨𑄖𑄳𑄠𑄧 𑄝𑄧𑄃𑄨 𑄇𑄨𑄚𑄧𑄘𑄬 𑄖𑄬𑄋 𑄚𑄧 𑄗𑄚𑄴।,Present
.কোন সাা মনের ধন আসতেছে না,𑄃 𑄇𑄧𑄚𑄧 𑄥𑄦𑄨𑄖𑄳𑄠𑄧 𑄎𑄧𑄙𑄢𑄬 𑄟𑄧𑄚𑄧 𑄪 𑄙𑄧𑄚𑄧𑄢𑄴 𑄃𑄬𑄎𑄣𑄴 𑄘𑄨𑄝𑄢𑄴 𑄚𑄧,Present
"চাঁদ, চাঁদ",𑄌𑄚𑄴।,Present
.এটা আমার জাগা আছে,𑄃𑄨𑄃𑄧𑄚𑄴 𑄃𑄟𑄢𑄴 𑄎𑄘𑄧𑄢𑄴 𑄃 𑄥𑄧𑄟𑄎𑄧𑄢𑄴 𑄛𑄏।,Present
এ কাপিটালটাতে অনেক হাঁটতে হ,𑄃𑄬 𑄇𑄳𑄠𑄛𑄨𑄑𑄣𑄨𑄎𑄧𑄟𑄖𑄳𑄠𑄃𑄨 𑄛𑄨𑄖𑄴𑄨𑄟𑄨𑄖𑄴 𑄝𑄧𑄦𑄪𑄖𑄴 𑄣𑄢𑄳𑄦𑄬𑄃𑄨 𑄉𑄧𑄟𑄨,Present
"এক জাতী বুনো ফল, যা সবজি হিসেবে ব্যবহৃত হ",𑄡𑄬𑄣𑄧।,Present
সব যুদ্ধ শেষ হে গেল,𑄝𑄨𑄌𑄴𑄍𑄧 𑄡𑄪𑄘𑄴𑄙𑄧 𑄘𑄨 𑄝𑄢𑄴 𑄃𑄧𑄃𑄨 𑄡𑄬𑄣𑄧।,Past
আমাদের সমাজটা ব হে যা,𑄃𑄟 𑄥𑄧𑄟𑄎𑄧𑄢𑄴 𑄝𑄢𑄴𑄝𑄋𑄚𑄬 𑄊𑄧𑄢𑄧 𑄣𑄢𑄳𑄦𑄬𑄃𑄨 𑄃𑄧𑄃𑄨 𑄡𑄢𑄴।,Present
"আমাদের সুখ না,মল","𑄃𑄟𑄖𑄳𑄠𑄃𑄨 𑄥𑄪𑄞𑄧 𑄚𑄧𑄠𑄴, 𑄚𑄧𑄠𑄴 𑄟𑄧𑄁𑄉𑄧𑄣𑄴।",Present
.আমেরিকার সাবেক প্রেসিডেন্ট জন একটু কান্না করতেছে,𑄃𑄟𑄬𑄢𑄨𑄇 𑄥𑄝𑄬𑄇𑄴 𑄛𑄳𑄢𑄬𑄥𑄨𑄓𑄬𑄚𑄴𑄑𑄴 𑄎𑄧𑄚𑄴 𑄃𑄬𑄜𑄴 𑄇𑄬𑄚𑄬𑄘𑄨 𑄇𑄮𑄃𑄨𑄠𑄬-,Present
তোমাকে কি দেখিেছো?,(𑄘𑄬𑄌𑄴 𑄖𑄧𑄢𑄬 𑄇𑄨,Present
দুইটা পারে এই পূজা করা যা না,𑄘𑄨 𑄛𑄢𑄬 𑄃𑄨𑄃𑄚𑄴 𑄛𑄪𑄎𑄮𑄢𑄴 𑄚𑄧 𑄉𑄧𑄌𑄴𑄎𑄮।,Present
তুমি বাচ্চাটাকে কি দিতে পারবে?,𑄖𑄪𑄃𑄨 𑄘𑄬𑄌𑄴𑄥𑄚𑄧𑄢𑄬 𑄇𑄨 𑄘𑄨 𑄛𑄢𑄧𑄝𑄬 𑄃𑄨𑄃𑄚𑄴 𑄞𑄛𑄴)।,Future
এই কথা গুলো মিথ্যা,𑄃𑄬 𑄇𑄧𑄙𑄚𑄨 𑄚𑄨𑄥𑄪𑄣𑄨,Present
বুো মানুষদের এখান থেকে কাজ করতে হবে,𑄝𑄪𑄉𑄧𑄖𑄴 𑄃𑄞𑄧𑄢𑄬 𑄃𑄟𑄧𑄖𑄴𑄖𑄪𑄚𑄴 𑄇𑄟𑄴 𑄈𑄧𑄢𑄧𑄌𑄴 𑄉𑄧𑄢 𑄛𑄧𑄢𑄨𑄝𑄧।,Future
"নিজের কথা না, দোলের কথা ভাবি","𑄚𑄨𑄎𑄧 𑄇𑄧𑄙 𑄚𑄧𑄠𑄴, 𑄘𑄬𑄌𑄴 𑄥𑄧𑄟𑄎𑄧𑄢𑄴 𑄇𑄧𑄙 𑄞𑄝𑄨 𑄟𑄪𑄎𑄪𑄋𑄬",Present
আগে যেতে হবে,𑄃𑄇𑄴𑄇𑄮𑄃𑄨 𑄡 𑄛𑄧𑄢𑄨𑄝𑄧।,Future
"দোল বাজিলে সম বাজায়, দোল বাজিলে সম বাজতেছে, ভাত, ভাত","𑄘𑄬𑄌𑄴 𑄝𑄎𑄨𑄣𑄬 𑄥𑄧𑄟𑄌𑄴 𑄝𑄎𑄬, 𑄥𑄧𑄟𑄌𑄴 𑄝𑄎𑄨𑄣𑄬 𑄟𑄚𑄬𑄃𑄨 𑄝𑄎𑄬 𑄃 𑄤𑄧𑄇𑄴𑄇𑄮𑄢𑄴, 𑄞𑄌𑄴,",Present
.সাহা নদীর তীরে একটা বসতি আছে।,𑄥𑄦𑄨𑄖𑄳𑄠𑄧 𑄥𑄧𑄁𑄥𑄴 𑄳𑄢𑄨𑄖𑄨 𑄗𑄨𑄘𑄧𑄛𑄴𑄝𑄧𑄢𑄴 𑄃𑄧𑄣𑄬 𑄃𑄬𑄇𑄴𑄇𑄱 𑄖𑄧𑄎𑄨𑄟𑄴𑄛𑄪𑄢𑄧 𑄎𑄖𑄴 𑄃𑄧𑄠𑄴।,Present
"সেখানে নিজের ওা, ভাত, শাক","𑄥𑄨𑄖𑄳𑄠𑄃𑄨 𑄚𑄨𑄎𑄧 𑄤𑄧𑄇𑄴𑄮𑄢,𑄴 𑄞𑄌𑄴, 𑄥𑄦𑄨𑄖𑄳𑄠𑄧",Present
.সমান সমান করে রাখা লাগবে এই পৃথিবীতে,𑄥𑄧𑄁𑄥𑄴 𑄳𑄢𑄨𑄖𑄨 𑄙𑄧𑄢𑄨 𑄢𑄊𑄚 𑄈𑄟𑄇𑄴𑄇𑄙𑄨 𑄉𑄧𑄢𑄧𑄌𑄴 𑄃𑄬 𑄃𑄧𑄇𑄴𑄖𑄧𑄖𑄴।,Future
এক জাতী বুনো বই,𑄌𑄨𑄎𑄨𑄢𑄴 𑄦𑄧𑄢𑄧𑄉𑄧 𑄝𑄧𑄃𑄨,Present
".রান্না: আর্য মেে চাংমা, কুসলি দেওা চাংমা","𑄢𑄧𑄎𑄬𑄠𑄧𑄚: 𑄃𑄢𑄴𑄡𑄳𑄠 𑄟𑄨𑄖𑄳𑄢 𑄌𑄋𑄴𑄟, 𑄇𑄪𑄥𑄧𑄣𑄨 𑄘𑄬𑄃𑄱𑄚𑄴, 𑄣𑄧𑄇𑄴𑄈𑄨 𑄛𑄪𑄖𑄨 𑄌𑄋𑄴𑄟",Present
"বাঙালি বন্ধু চামা,লক্ষীপুটি চামা আর কার সলি দেব","𑄃𑄢𑄴𑄡𑄳𑄠𑄧 𑄟𑄨𑄖𑄳𑄢𑄧 𑄌𑄋𑄴𑄟, 𑄣𑄧𑄇𑄴𑄈𑄨 𑄛𑄪𑄘𑄨 𑄌𑄋𑄴𑄟 𑄃𑄳𑄦 𑄇 𑄪𑄥𑄧𑄣𑄨 𑄘𑄬𑄝𑄚𑄴",Future
bdmean,𑄇,Present
কাঁকা - কাঁকার আবাসস্থল,𑄇𑄋𑄢 - 𑄇𑄋𑄢 𑄗𑄚𑄴 𑄥𑄨𑄣𑄧𑄖𑄴 𑄖𑄧𑄣𑄬,Present
bdmean,𑄈,Present
খেলা - খেলা হবে তো,𑄈𑄢 - 𑄈𑄢 𑄦𑄧𑄝𑄧𑄋𑄴 𑄃𑄧𑄇𑄴𑄖𑄧 𑄦𑄧𑄣𑄬,Future
bdmean,𑄉,Present
গাছ-গাছ লাগে বেশি,𑄉𑄌𑄴 - 𑄉𑄌𑄴 𑄣𑄉𑄬𑄃𑄨 𑄝𑄬𑄌𑄴 𑄉𑄧𑄢𑄨,Present
bdmean,𑄊,Present
ঘাট-ঘাট বানানো নদীর পারে,𑄊𑄑𑄴 - 𑄊𑄑𑄴 𑄝𑄚𑄚𑄴 𑄉𑄋𑄴 𑄛𑄢𑄧𑄖𑄴,Present
bdmean,𑄋,Present
বো-বো জমিতে দুলো টাঙে,𑄝𑄬𑄋 - 𑄝𑄬𑄋 𑄉𑄎𑄧𑄖𑄴 𑄘𑄪𑄣𑄮𑄚𑄴 𑄖𑄋𑄬𑄃𑄨,Present
১. চামা ২. চামা,𑄌,Present
চাটা-চাটা লাগে বাচ্চা দিতে,𑄌𑄣𑄮𑄚𑄴- 𑄌𑄣𑄮𑄚𑄴 𑄣𑄉𑄬 𑄉𑄪𑄢𑄨 𑄛𑄪𑄎𑄧𑄘𑄬,Present
bdmean,𑄍,Present
ছাদি- ছাদি মিলে বাইরে গেলে,𑄍𑄘𑄨 - 𑄍𑄘𑄨 𑄟𑄬𑄣𑄨 𑄝𑄢𑄳𑄦𑄬 𑄉𑄬𑄣𑄬।,Past
bdmean,𑄎,Present
জাল - জাল দিে মাছ ধরে,𑄎𑄣𑄴 - 𑄎𑄣𑄴 𑄟𑄢𑄨𑄚𑄬𑄃𑄨 𑄟𑄌𑄴 𑄙𑄧𑄢𑄨,Present
bdmean,𑄏,Present
ঝাু-উঠা চুরি ঝাু নাও,𑄏𑄚𑄴𑄓 - 𑄃𑄪𑄙𑄮𑄚𑄴 𑄌𑄪𑄢𑄳𑄦𑄨 𑄏𑄚𑄴𑄓 𑄣𑄧𑄃𑄨,Present
মিইনি নদীর উৎসস্থল,𑄟𑄨𑄐𑄧 - 𑄝𑄨𑄣𑄬𑄃𑄨 𑄓𑄉𑄧𑄢𑄧𑄚𑄴 𑄟𑄨𑄐𑄧𑄋𑄴,Present
bdmean,𑄑,Present
পাহাি- পাহাি জমিতে জুম,𑄑𑄢𑄬𑄋𑄴- 𑄑𑄢𑄬𑄋𑄧 𑄟𑄘𑄖𑄴 𑄎𑄪𑄟𑄴𑄊𑄧𑄢𑄴,Present
bdmean,𑄒,Present
শক্ত - শক্ত পলে লাগে ভ,𑄒𑄘𑄢𑄴 - 𑄒𑄘𑄢𑄴 𑄛𑄧𑄣𑄴𑄣𑄬 𑄣𑄉𑄬 𑄘𑄧𑄢𑄴,Present
bdmean,𑄓,Present
ডাপ ডাপ খেতে খুব মজা,𑄓𑄛𑄴 - 𑄓𑄛𑄴 𑄈𑄘𑄬 𑄞𑄢𑄨 𑄥𑄪𑄠𑄧𑄖𑄴,Present
bdmean,𑄔,Present
ঢাকনি - ঢাকনি দিনে খাওা থাকে,𑄔𑄉𑄧𑄚𑄨 - 𑄔𑄉𑄧𑄚𑄨 𑄘𑄨𑄚𑄬𑄃𑄨 𑄈𑄚𑄳𑄦 𑄗𑄮𑄃𑄨,Present
bdmean,𑄕,Present
নাচা করে খেলা হ,𑄕𑄙𑄬𑄋𑄴 - 𑄕𑄙𑄬𑄋𑄴 𑄈𑄢 𑄝𑄬𑄉𑄬 𑄦𑄧𑄃𑄨,Present
bdmean,𑄖,Present
তারা-আকাশে তারা ভাসছে,𑄖𑄢 - 𑄃𑄉𑄏𑄧𑄖𑄴 𑄖𑄢 𑄎𑄧𑄣𑄧𑄘𑄧𑄚𑄴,Present
bdmean,𑄗,Present
থালা- থালা করে ভাত খাবো,𑄗𑄣𑄴 - 𑄗𑄣𑄧𑄖𑄴 𑄉𑄧𑄢𑄨 𑄞𑄖𑄴 𑄈𑄬𑄝𑄧𑄋𑄴,Future
bdmean,𑄘,Present
দাঁত- দাঁত না থাকলে খেতে দুঃখ,𑄘𑄖𑄴 - 𑄘𑄖𑄴 𑄚𑄧 𑄗𑄬𑄣𑄬 𑄈𑄘𑄬 𑄘𑄪𑄇𑄴।,Present
bdmean,𑄙,Present
ধান- ধান গলা ধানরাগ,𑄙𑄚𑄴- 𑄙𑄚𑄧 𑄉𑄧𑄣𑄖𑄴 𑄙𑄚𑄴 𑄢𑄉𑄚𑄴,Present
পাহাি-পাহাি দিে খা,𑄚𑄢𑄨𑄇𑄪𑄣𑄴- 𑄚𑄢𑄨𑄇𑄪𑄣𑄴𑄣𑄮𑄃𑄨 𑄛𑄨𑄘𑄬 𑄈𑄚𑄴,Present
bdmean,𑄛,Present
. পাতা- পাতা ঝরে শীতকালে,𑄛𑄘- 𑄛𑄘 𑄏𑄧𑄢𑄬 𑄎𑄢𑄴𑄇𑄣𑄧𑄖𑄴,Present
bdmean,𑄜,Present
ফানুস- ফানুস উে যাবে পূর্ণিমা,𑄜𑄚𑄌𑄴- 𑄜𑄚𑄌𑄴 𑄃𑄪𑄢𑄬𑄝𑄧𑄋𑄴 𑄛𑄪𑄢𑄴𑄚𑄨𑄟𑄖𑄴,Future
bdmean,𑄝,Present
ব ব জঙ্গল,𑄝𑄇𑄴 - 𑄝𑄇𑄴 𑄉𑄪𑄎𑄪𑄢𑄧𑄚𑄴 𑄝𑄧𑄢𑄴 𑄏𑄢𑄧𑄖𑄴,Present
bdmean,𑄞,Present
ভালুক- ভাল্লুক নাচ নাচতেছে,𑄞𑄣𑄪𑄇𑄴- 𑄞𑄣𑄪𑄇𑄴 𑄚𑄎𑄬𑄢𑄴 𑄜𑄣𑄪𑄇𑄴 𑄜𑄣𑄪𑄇𑄴,Present
মা,𑄟,Present
মাছ- মাছ ভাজা খেতে সুস্বাদু,𑄟𑄌𑄴- 𑄟𑄌𑄴 𑄞𑄎 𑄈𑄘𑄬 𑄥𑄪𑄠𑄧𑄖𑄴,Present
bdmean,𑄡,Present
bdmean,𑄢,Present
রাখাল - রাখালের ডাক,𑄢𑄘𑄇𑄪𑄢𑄧 - 𑄢𑄘𑄇𑄪𑄢𑄧𑄃𑄨 𑄓𑄇𑄴 𑄇𑄢𑄧𑄚𑄴,Present
bdmean,𑄣,Present
.লবনাক্ত-লবনাক্ত তরকারি খা,𑄣𑄘𑄛𑄘- 𑄣𑄘𑄛𑄘 𑄢𑄚𑄳𑄦𑄨 𑄈𑄠𑄴,Present
.ওাক-ওার পথ,𑄤𑄇𑄴 - 𑄤𑄇𑄴 𑄘𑄧𑄉𑄧𑄢𑄬𑄢𑄴 𑄛𑄧𑄖𑄳𑄠𑄬𑄟𑄠𑄴,Present
bdmean,𑄥,Present
. সম - সম পর্যন্ত ডুবে যাওা,𑄥𑄟𑄧𑄣𑄧𑄇𑄴 - 𑄥𑄟𑄧𑄣𑄧𑄇𑄴 𑄗𑄚𑄴 𑄏𑄪𑄝𑄧 𑄍𑄬𑄢𑄬,Present
bdmean,𑄦,Present
হাঁস- হাঁসের বো মা,𑄦𑄌𑄴 - 𑄦𑄌𑄴 𑄓𑄧𑄉𑄧𑄢𑄬𑄢𑄴 𑄝𑄬𑄚𑄳𑄠 𑄟𑄠𑄴,Present
দৌাদৌি করে কাজ করা,𑄠-𑄃𑄪𑄢𑄨𑄋𑄴- 𑄠-𑄃𑄪𑄢𑄨𑄋𑄴 𑄇𑄟𑄖𑄴 𑄗𑄚𑄴,Present
bdmean,𑄃,Present
আম- আম পাকলে মিষ্টি হ,𑄃𑄟𑄴 - 𑄃𑄟𑄴 𑄛𑄉𑄨𑄣𑄬 𑄟𑄨𑄙𑄬 𑄦𑄧𑄚𑄴,Present
এক জাতী পাখি,𑄌𑄨𑄎𑄨𑄢𑄴 𑄖𑄣𑄴𑄟𑄨𑄣𑄮𑄚𑄨 𑄇𑄧𑄙𑄖𑄢,Present
"সূর্য: সমের বন্ধু চামা, পর্যাের বন্ধু চামা","𑄢𑄧𑄎𑄬𑄠𑄧𑄚𑄴: 𑄥𑄧𑄟𑄞𑄪 𑄟𑄨𑄖𑄳𑄢𑄧 𑄌𑄋𑄴𑄟, 𑄛𑄧𑄢𑄬𑄥𑄴 𑄌𑄋𑄴𑄟, 𑄃𑄬𑄣𑄨𑄠𑄬𑄚𑄴𑄥𑄴 𑄌𑄋𑄴𑄟",Present
লিকলিকে কাপ দিে কাপ দিে দাঁিে,𑄣𑄨𑄉𑄨𑄠𑄬 𑄇𑄝𑄨𑄣𑄪𑄚𑄴 𑄃 𑄇𑄝𑄨𑄘𑄬𑄋𑄨:- 𑄘𑄋𑄴𑄉𑄪,Present
"সমের চামা, ব ব চামা","𑄥𑄧𑄟𑄴𑄞𑄪𑄟𑄨𑄖𑄳𑄢𑄧 𑄌𑄋𑄴𑄟, 𑄘𑄋𑄴𑄉𑄪 𑄛𑄧𑄢𑄬𑄥𑄴 𑄌𑄋𑄴𑄟",Present
এক জাতী বুনো ফল,𑄃 𑄘𑄋𑄴𑄉𑄪 𑄃𑄬𑄣𑄨𑄠𑄬𑄚𑄴𑄥𑄴 𑄌𑄋𑄴𑄟।,Present
আরও আগে - ব ব চামা,"𑄃𑄢𑄪𑄇𑄴 𑄃𑄉𑄬𑄃𑄨𑄠𑄬 :- 𑄘𑄋𑄴𑄉𑄪 𑄖𑄨𑄖𑄥𑄴 𑄌𑄋𑄴𑄟,",Present
.বুো সফ্টওার আছে।,𑄝𑄪𑄣𑄪𑄟𑄴 𑄥𑄧𑄜𑄴𑄑𑄴𑄤𑄢𑄴 𑄃 𑄉𑄪𑄉𑄧𑄣𑄴।,Present
আইরিক একটা ছোট শিশু,𑄃𑄃𑄨𑄢𑄬𑄇𑄴𑄥𑄴 𑄃 𑄥𑄬𑄞𑄴 𑄘 𑄌𑄨𑄣𑄴𑄓𑄳𑄢𑄬𑄚𑄴,Present
ছোট ছোট,𑄌𑄨𑄉𑄮𑄚𑄴 𑄌𑄨𑄎𑄨,Present
ছোট ছোট জুমে যা,𑄌𑄨𑄉𑄮𑄚𑄴 𑄌𑄨𑄎𑄨 𑄎𑄪𑄟𑄧𑄖𑄴 𑄡𑄢𑄴,Present
তার মা হাতে ধরে,"𑄖𑄟𑄴𑄟 𑄦𑄘𑄧𑄖𑄴 𑄙𑄧𑄢𑄨,",Present
মামা সাথে জুম করবে,𑄟𑄟𑄳𑄦 𑄣𑄧𑄉𑄬 𑄎𑄪𑄟𑄴 𑄌𑄬𑄝𑄧𑄉𑄮𑄃𑄨,Future
এক জাতী পাখি,𑄃𑄪𑄌𑄴𑄍𑄮 𑄛𑄪𑄌𑄴𑄍𑄮 𑄉𑄪𑄢𑄨।,Present
মাদী কুকুরকে নিে আসবে,"𑄟𑄳𑄦𑄟𑄳𑄢 𑄌𑄨𑄚𑄴𑄘𑄳𑄢𑄬 𑄃𑄚𑄨𑄝𑄧 𑄜𑄨𑄖𑄴𑄖𑄬,",Future
কলা,𑄇𑄧𑄣,Present
মিষ্টি মিষ্টি কলা বানানো,𑄟𑄨𑄙𑄬 𑄟𑄨𑄙𑄬 𑄇𑄧𑄣 𑄛𑄉𑄚𑄳𑄦,Present
খেলা খেলে অনেক সুখ,"𑄈𑄬𑄣𑄬 𑄞𑄢𑄨 𑄥𑄮𑄖𑄴,",Present
মামা আরও কলা দিে,"𑄟𑄟𑄳𑄦 𑄃𑄢𑄧 𑄇𑄧𑄣 𑄘𑄨𑄝𑄧,",Present
লুকিে লুকিে,𑄣𑄪𑄉𑄬 𑄗𑄪𑄠𑄬 𑄏𑄧𑄣𑄖𑄴।,Present
bdmean,𑄘𑄘,Present
দৌাদৌি দেখতেছি,𑄘𑄘𑄳𑄦 𑄘𑄘𑄳𑄦 𑄘𑄨𑄇𑄴𑄈𑄧𑄌𑄴 𑄚𑄳𑄦𑄦𑄨,Present
তুত্থে বাতাস,𑄖𑄪𑄖𑄴𑄗𑄬 𑄝𑄧𑄠𑄬𑄢𑄚𑄴 ?,Present
"কোথা থেকে সে,কিভাবে এসেছে","𑄇𑄪𑄖𑄴𑄖𑄪𑄚𑄴 𑄖𑄬, 𑄇𑄨𑄖𑄴𑄖𑄬𑄃𑄨 𑄃𑄬𑄡𑄬",Present
খোঁজ নেওা যা না,"𑄈𑄧𑄝𑄧𑄢𑄴𑄘𑄧 𑄟𑄪𑄃𑄨 𑄚𑄧𑄛𑄋𑄴,",Present
বস পানিতে পে,𑄝𑄧𑄠𑄬𑄢𑄧 𑄚𑄣𑄧𑄖𑄴 𑄛𑄧𑄢𑄴𑄣𑄬 𑄝𑄨𑄣𑄬,Present
মানুষরা উে যা,𑄟𑄚𑄪𑄌𑄴𑄌𑄪𑄚𑄧 𑄃𑄪𑄢𑄨 𑄡𑄚𑄴 !,Present
দাদা দাঁিে দাও একটু,𑄘𑄘 𑄘𑄘 𑄇𑄮𑄃𑄨 𑄘𑄬𑄚 𑄃𑄬𑄇𑄴𑄇,Present
লাল না কালো তার চেহারা,𑄢𑄋 𑄚 𑄇𑄣 𑄖 𑄙𑄧𑄇𑄴𑄇𑄚𑄴।,Present
মাের বই অনেক মিষ্টি,𑄟 𑄢𑄧 𑄝𑄱 𑄞𑄢𑄨 𑄟𑄨𑄙𑄬,Present
শুনে ভালো লাগে,"𑄥𑄪𑄚𑄧𑄘𑄬 𑄣𑄉𑄬 𑄉𑄧𑄟𑄴,",Present
.মা চাচীরা এত ব মানুষ,𑄟 𑄇𑄮𑄌𑄴𑄚𑄧𑄛𑄚𑄴 𑄃𑄬𑄏𑄚𑄴 𑄟𑄚𑄪𑄌𑄴,Present
এই পৃথিবীতে কম,𑄃𑄬𑄃𑄨 𑄛𑄨𑄖𑄴𑄖𑄨𑄟𑄨𑄖𑄴 𑄇𑄧𑄟𑄴।,Present
১. ফল ২. ফল,𑄜𑄧𑄣𑄴,Present
"আম,কাঁকা, জাম্বি","𑄃𑄟𑄴, 𑄇𑄖𑄴𑄒𑄮𑄣𑄴, 𑄎𑄟𑄴𑄝𑄨𑄎𑄨",Present
গরমকালে পাওা,"𑄉𑄧𑄢𑄧𑄟𑄴 𑄇𑄣𑄧𑄖𑄴 𑄛𑄠𑄴,",Present
খালিক কলা একটা ফল,"𑄈𑄣𑄨𑄇𑄴 𑄇𑄧𑄣 𑄃𑄨𑄇𑄴𑄇𑄱 𑄜𑄧𑄣𑄴,",Present
সারাজীবন থাকে,𑄥𑄢 𑄝𑄧𑄏𑄧𑄢𑄴 𑄥𑄧𑄁 𑄗𑄠𑄴।,Present
১. ছোট ২. ছোট,𑄌𑄨𑄎𑄨,Present
.ছোট খেলা হচ্ছে,𑄌𑄨𑄎𑄨𑄘𑄊𑄨 𑄈𑄢 𑄦𑄧𑄘𑄧𑄚𑄴,Present
লেলিে দেওার সম তার মা,𑄣𑄬𑄘 𑄃𑄧𑄠𑄴 𑄥𑄧𑄁 𑄖𑄧𑄉𑄢𑄴 𑄖𑄟𑄴𑄟,Present
ঠেলাগাড়ি করে বাজারে যাওা,𑄒𑄬𑄋𑄴 𑄉𑄢𑄨𑄣𑄮𑄃𑄨 𑄝𑄎𑄢𑄧𑄖𑄴 𑄡𑄚,Present
ঠেলাগাি দিে একদিন বাজারে যাওার সম রিক্সা চালাচ্ছেন,𑄒𑄬𑄋𑄴 𑄉𑄢𑄨𑄃𑄚𑄬 𑄃𑄬𑄇𑄴𑄘𑄨𑄚𑄴𑄚𑄳𑄠 𑄝𑄎𑄢𑄧𑄖𑄴 𑄡𑄢𑄴 𑄡𑄘𑄬 𑄡𑄘𑄬 𑄛𑄧𑄘𑄧𑄖𑄴 𑄢𑄨𑄇𑄴𑄥𑄉𑄚𑄴𑄘𑄮𑄃𑄨 𑄘𑄬𑄊 𑄦𑄧𑄣𑄧 ।,Present
দুইজনে কথা বলতে বলতে যা,𑄘𑄨𑄎𑄧𑄚𑄬 𑄇𑄧𑄙 𑄇𑄮𑄃𑄨 𑄇𑄮𑄃𑄨 𑄡 𑄙𑄧𑄥𑄴𑄎𑄱𑄚𑄴 ।,Present
তারা ভুলে যেতে যেতে পদচিহ্ন ভুলে যা না,𑄖𑄢 𑄞𑄪𑄣𑄬 𑄡𑄘𑄬 𑄡𑄘𑄬 𑄛𑄧𑄘𑄧 𑄝𑄋𑄬𑄘𑄨 𑄚𑄧 𑄡𑄬𑄃𑄩 𑄓𑄬𑄚𑄬𑄘𑄨 𑄡 𑄙𑄧𑄥𑄴𑄎𑄱𑄚𑄴 ।,Present
.প্রথমে তাদেরকে একটা পিঠা দিে দিল।,𑄃𑄘𑄨𑄇𑄴𑄇𑄳𑄠 𑄉𑄧𑄢𑄨 𑄃𑄬𑄇𑄴𑄇𑄚𑄴 𑄛𑄨𑄇𑄴-𑄃𑄛𑄬 𑄖𑄢𑄢𑄬 𑄔𑄪𑄌𑄴 𑄘𑄨𑄣𑄧𑄉𑄨 ।,Past
১. ৫. ৫. পাঁচ,𑄻,Present
তারা পানিতে পতেছে,𑄖𑄢 𑄔𑄪𑄎𑄧𑄖𑄴 𑄃𑄪𑄢𑄨 𑄛𑄪𑄌𑄴𑄎𑄧𑄚𑄴𑄘𑄮𑄃𑄨 ।,Present
১. ৬. ৫. ৬,𑄼,Present
তারা আর উঠতে পারে না,𑄖𑄢 𑄃𑄢𑄴 𑄃𑄪𑄘𑄨 𑄚𑄧 𑄛𑄣𑄴𑄣𑄇𑄴 ।,Present
১. ৭. ৭. ৩. পাঁচ,𑄽,Present
বাঁশের গািটা তাদেরকে পথে টেনে তুললো,𑄝𑄥𑄴 𑄉𑄢𑄨𑄠𑄚𑄬 𑄖𑄢𑄢𑄬 𑄛𑄧𑄘𑄧𑄖𑄴 𑄑𑄚𑄨 𑄖𑄪𑄣𑄨𑄣𑄧 ।,Past
১. ৮. আট,𑄾,Present
একটি ঠেলাগাড়ি করে তারা বাজারে গেল,𑄃𑄬𑄇𑄴𑄇𑄚𑄴 𑄒𑄬𑄣𑄉𑄢𑄨𑄖𑄴 𑄉𑄧𑄢𑄨 𑄖𑄢 𑄝𑄎𑄢𑄧𑄖𑄴 𑄉𑄬𑄣𑄇𑄴 ।,Past
"১. ৯. ৯. ১. ৩. ৯. ১. ৯. ১. ৯. (কলা প্রভৃতির) কাঁদি, ৩. (কলা প্রভৃতির) কাঁদি",𑄿,Present
বাজারে ডাকের সম দেখে তাদের বািতে পিন্ড,𑄝𑄎𑄢𑄧𑄖𑄴 𑄓𑄇𑄴𑄖𑄧𑄢𑄴𑄣𑄮𑄃𑄨 𑄘𑄬𑄊 𑄉𑄧𑄢𑄨 𑄖𑄢 𑄊𑄧𑄢𑄧𑄖𑄴 𑄛𑄨𑄣𑄴𑄣𑄇𑄴 ।,Present
১. দশ ২. দশ,𑄷𑄶,Present
"রগচটা, রগচটা",𑄢𑄧𑄎𑄬𑄠𑄬 : 𑄍𑄪𑄟𑄴𑄇𑄨 𑄌𑄋𑄴𑄟,Present
পেট ফুলিে কি লাভ,𑄛𑄬𑄑𑄴 𑄜𑄪𑄣𑄬𑄣𑄬 𑄇𑄨 𑄉𑄧𑄢𑄨𑄝𑄧𑄋𑄴,Present
ধন এ ধনবি স্কুলে যাচ্ছে,𑄙𑄧𑄚𑄧 𑄃 𑄙𑄧𑄚𑄧𑄝𑄨 𑄃𑄨𑄥𑄴𑄇𑄪𑄣𑄧𑄖𑄴 𑄡𑄘𑄧𑄚𑄴 ।,Present
যেতে যেতে একটা চিমটি দেখলাম,𑄡𑄘𑄬 𑄡𑄘𑄬 𑄃𑄬𑄇𑄴𑄇𑄮 𑄌𑄨𑄎𑄨 𑄘𑄬𑄉𑄨𑄣𑄇𑄴 ।,Past
১. ২. ২. ২. ২. দুই,𑄸,Present
.তারা চিটিংবাজের মুখে গেল,𑄖𑄢 𑄌𑄨𑄎𑄨𑄝𑄮 𑄟𑄪𑄎𑄪𑄋𑄧𑄖𑄴 𑄉𑄬𑄣𑄇𑄴 ।,Past
.পুে পার শব্দ,𑄛𑄪𑄎𑄧𑄢𑄴 𑄉𑄧𑄢𑄨𑄣𑄇𑄴 𑄇𑄨 𑄃𑄪𑄃𑄨𑄠𑄬 ।,Present
১. ৪. ৪. ৪. ৪,𑄺,Present
তার মা কল-চিঝির পেট ফুলে গেছে,𑄖𑄟𑄴𑄟 𑄇𑄧𑄣𑄧 -𑄌𑄨𑄎𑄨𑄝𑄮𑄢𑄴 𑄛𑄬𑄖𑄴 𑄜𑄪𑄣𑄬𑄠𑄬 ।,Present
চিজিটা শামুকের মতো পে আছে,𑄌𑄨𑄎𑄨𑄝𑄮 𑄟𑄬𑄣𑄮𑄟𑄌𑄴 𑄉𑄧𑄢𑄨 𑄛𑄧𑄢𑄨 𑄃𑄊𑄬 ।,Present
ধনের দৌে দৌে গেল,𑄙𑄧𑄚𑄧 𑄙𑄝 𑄙𑄝 𑄘𑄧𑄉𑄚𑄧𑄖𑄴 𑄉𑄬𑄣𑄧 ।,Past
এক মজা সেলাই কিনে নিে আসলো,𑄃𑄬𑄇𑄴 𑄟𑄧𑄎 𑄥𑄬𑄣𑄃𑄨𑄚𑄴 𑄇𑄨𑄚𑄨 𑄃𑄚𑄨𑄣𑄧 ।,Past
চিঝিটা মাকে সেলাইটা শেষ করে দিল,𑄌𑄨𑄎𑄨𑄝𑄮 𑄟𑄝𑄱𑄢𑄬 𑄥𑄬𑄣𑄃𑄨𑄚𑄴 𑄟𑄧𑄎𑄝𑄱 𑄘𑄨𑄣𑄧 ।,Past
তার মা পানি দিে সেলাই খেে নিল,𑄖𑄟𑄴𑄟 𑄛𑄚𑄨𑄣𑄮𑄃𑄨 𑄟𑄨𑄎𑄬𑄚𑄬 𑄥𑄬𑄣𑄃𑄨𑄚𑄴 𑄈𑄝𑄬𑄣𑄧 ।,Past
ধন তো ধনবি স্কুলে গেল,𑄙𑄧𑄚𑄧 𑄃 𑄙𑄧𑄚𑄧𑄝𑄨 𑄃𑄨𑄥𑄴𑄇𑄪𑄣𑄧𑄖𑄴 𑄉𑄬𑄣𑄇𑄴 ।,Past
অসুখের চোখগুলো চিটিংবাজ করতেছে,𑄛𑄨𑄢𑄧𑄘𑄬 𑄘𑄬𑄊𑄨𑄣𑄇𑄴 𑄌𑄨𑄎𑄨𑄝𑄮 𑄈𑄢 𑄃𑄧𑄢𑄴 ।,Present
.মেেটা ডাকতে বাগানে তুপ তুপ করে লিচু ধরছে,𑄟𑄧𑄣𑄬𑄚𑄴 𑄘𑄉𑄨 𑄝𑄉𑄚𑄧𑄖𑄴 𑄖𑄪𑄛𑄴 𑄖𑄪𑄛𑄴 𑄉𑄧𑄢𑄨 𑄣𑄨𑄎𑄪 𑄙𑄧𑄌𑄴𑄎𑄳𑄠𑄧𑄚𑄴 ।,Present
তার হাত দিে মনি লিচু গাছটা তালে গেল,𑄖𑄢𑄬𑄋𑄴𑄋𑄳𑄠𑄣𑄮𑄃𑄨 𑄟𑄧𑄚𑄨 𑄣𑄨𑄎𑄪 𑄉𑄌𑄴𑄌𑄱 𑄖𑄣𑄬 𑄉𑄬𑄣𑄇𑄴 ।,Past
৩. ৩. ৩. ৩. ৩. ৩,𑄹,Present
দুই জনের লিচু খাওার ইচ্ছা করল,𑄘𑄨𑄎𑄧𑄚𑄧𑄢𑄴 𑄣𑄨𑄎𑄪 𑄈𑄬𑄝𑄢𑄴 𑄟𑄧𑄚𑄬 𑄣𑄧𑄣𑄧 ।,Past
তারাঙ্গা গাছটা উঠল,𑄖𑄢𑄬𑄋𑄳𑄠 𑄉𑄌𑄴𑄌𑄱𑄖𑄴 𑄃𑄪𑄘𑄨𑄣𑄧 ।,Past
.মেে কল দিে ডালটা বেশি পাতলা,𑄟𑄧𑄚𑄨 𑄇𑄧𑄣𑄧-𑄃𑄪 𑄓𑄬𑄣𑄝𑄱𑄖𑄴 𑄝𑄬𑄌𑄴 𑄣𑄨𑄎𑄪 ।,Present
তাকে ছোট দলাটা বেে গেল,𑄖𑄢𑄬𑄋𑄳𑄠 𑄌𑄨𑄉𑄧𑄚𑄴 𑄓𑄬𑄣𑄝𑄱 𑄝𑄬𑄃𑄨 𑄉𑄬𑄣𑄧 ।,Past
. যেতে যেতে তার দোলটা ভেঙে পলো,𑄡𑄘𑄬 𑄡𑄘𑄬 𑄖𑄢𑄬𑄋𑄴𑄋𑄳𑄠 𑄓𑄬𑄣𑄝𑄱 𑄞𑄋𑄨 𑄛𑄧𑄣𑄴𑄣𑄧 ।,Present
পিে তাকে কানা ধরলো,𑄛𑄧𑄢𑄨𑄚𑄬𑄃𑄨 𑄖𑄢𑄬𑄋𑄴𑄋𑄳𑄠 𑄇𑄚 𑄙𑄧𑄢𑄴𑄣𑄧 ।,Past
কান্না করতে করতে তার মা হুক্কা দিে আসলো,𑄇𑄚𑄚 𑄢𑄧 𑄥𑄪𑄚𑄨 𑄖 𑄟𑄟𑄪 𑄘𑄝 𑄘𑄨 𑄃𑄬𑄣𑄧 ।,Past
দুইবোনের কথা,𑄘𑄨 𑄝𑄮𑄚𑄮𑄢𑄴 𑄇𑄧𑄙,Present
ধনবি আরাঙা তারা দুই জনের অনেক ব কাপ পেছে,𑄙𑄧𑄚𑄧𑄝𑄨 𑄃 𑄢𑄋𑄝𑄨 𑄖𑄢 𑄘𑄨 𑄎𑄧𑄚𑄧𑄢𑄴 𑄃𑄧𑄟𑄧𑄇𑄧𑄘𑄧 𑄇𑄮𑄌𑄴 𑄛𑄜𑄨 𑄃𑄬𑄣𑄧 ।,Present
ধনবি সোসা করে থাকে,𑄙𑄧𑄚𑄧𑄝𑄨 𑄥𑄮𑄥𑄮𑄇𑄳𑄠 𑄥𑄮𑄥𑄮𑄇𑄳𑄠 𑄉𑄧𑄢𑄨 𑄗𑄬𑄘𑄧 ।,Present
সে প্রতিদিন দাঁত ব্যথা করে,𑄖𑄬 𑄘𑄨𑄚𑄴 𑄟𑄉𑄚𑄬 𑄘𑄖𑄴 𑄘𑄧𑄣𑄨𑄘𑄧 ।,Present
সে সারাদিন হাত ধোা অভ্যস্ত,𑄖𑄬 𑄘𑄨𑄚𑄴 𑄟𑄉𑄚𑄬 𑄦𑄖𑄴 𑄒𑄬𑄋𑄴 𑄙𑄧𑄘𑄧 ।,Present
সে অনেক মলা গাে কাপ-কাপ পরিধান করে,𑄖𑄬 𑄃𑄧𑄇𑄴𑄖𑄧 𑄟𑄧𑄎𑄨𑄟𑄴 𑄉𑄘𑄨𑄘𑄧 𑄃 𑄇𑄝𑄧𑄢𑄴-𑄌𑄪𑄝𑄧𑄢𑄴 𑄙𑄧𑄘𑄧 ।,Present
সে পরিষ্কার কাপচোপ পে,𑄖𑄬 𑄛𑄧𑄢𑄨𑄥𑄴𑄇𑄢𑄴 𑄇𑄝𑄧𑄢𑄴-𑄌𑄪𑄝𑄧𑄢𑄴 𑄃𑄪𑄢𑄨𑄘𑄧 ।,Present
তাকে খুব অসুস্থ মনে হ,𑄖𑄢𑄬 𑄝𑄬𑄉𑄬 𑄇𑄮𑄌𑄴 𑄛𑄬𑄘𑄇𑄴 ।,Present
লালবিচির করে থাকে,𑄢𑄋𑄝𑄨 𑄇𑄎𑄧𑄢𑄴 𑄉𑄧𑄢𑄨 𑄗𑄬𑄘𑄧 ।,Present
এক দিন সে সুদের মুখ করে বসে আছে,𑄃𑄬𑄇𑄴𑄘𑄨𑄚𑄴𑄳𑄠 𑄖𑄬 𑄥𑄪𑄘𑄧 𑄟𑄪 𑄉𑄧𑄢𑄨 𑄝𑄮𑄃𑄨 𑄃𑄉𑄬 ।,Present
কেউ তাকে সাথে নিে যা না,𑄇𑄧𑄚𑄧𑄎𑄧𑄚𑄬 𑄖𑄢𑄬 𑄜𑄉𑄧𑄖𑄴 𑄚𑄧 𑄣𑄧𑄚𑄴 ।,Present
ধনবি তাকে কি করবে?,𑄙𑄧𑄚𑄧𑄝𑄨 𑄖𑄢𑄬 𑄇𑄧𑄢𑄴-𑄇𑄨 𑄃𑄪𑄠𑄬 𑄖𑄧𑄢𑄴 ।,Future
লাল বিালের মাকে কেউ পছন্দ করে না,𑄢𑄋𑄝𑄨 𑄇𑄧𑄣𑄧-𑄟𑄧𑄢𑄬 𑄇𑄧𑄚𑄧𑄎𑄧𑄚𑄬 𑄇𑄮𑄌𑄴 𑄚𑄧 𑄛𑄚𑄴 ।,Present
তুমি সাবানের তেল দিে সবাইকে দেখতে পাবে,𑄖𑄪𑄃𑄨 𑄥𑄮𑄥𑄮𑄇𑄳𑄠 𑄖𑄬𑄣𑄬 𑄖𑄧𑄢𑄬 𑄝𑄬𑄇𑄴𑄇𑄪𑄚𑄬 𑄈𑄮𑄌𑄴 𑄛𑄬𑄝𑄇𑄴 ।,Future
"এক জাতী বুনোফল, যা সবজি হিসেবে ব্যবহৃত হ",𑄛𑄢𑄦𑄳𑄆𑄜𑄢𑅄𑄢 𑄛𑄉𑄳𑄆𑄥,Present
এক জাতী বুনো ফল যা সবজি হিসেবে ব্যবহৃত হ,𑄳𑄚𑄀𑄁𑄝 𑄛𑄉𑄳𑄆𑄥,Present
এক জাতী বুনো ফল যা সবজি হিসেবে ব্যবহৃত হ,𑄧𑄢𑄃𑄚𑄳𑄆𑄁 𑄛𑄉𑄳𑄆𑄥,Present
১. পাতা - ২. পাতা,𑄛𑄘 - 𑄼𑄸,Present
"ঘিলু, ঘিলু, ঘিলু",𑄊𑄨𑄣𑄈𑄢,Present
এক জাতী বুনো ফল যা সবজি হিসেবে ব্যবহৃত হ,𑄃𑄘𑄟𑄧 𑄚𑄋𑄴 𑄥𑄧𑄚𑄴𑄈𑄧𑄣 𑄃𑄘𑄟𑄴।,Present
সনাের মামার বাি,𑄥𑄧𑄚𑄢𑄟𑄧𑄢𑄴 𑄟𑄟𑄪 𑄊𑄧𑄢𑄴 𑄥𑄨𑄘𑄪।,Present
"গ্রামটা সুন্দর,ইজু দেখার","𑄃𑄘𑄟𑄴𑄠𑄚𑄴 𑄎𑄧𑄟𑄧𑄢𑄴 𑄘𑄮𑄣𑄴, 𑄃𑄨𑄎𑄪 𑄌𑄬𑄝𑄢𑄴।",Present
প্রতিবছর গরমের সমে তার মা-বাবা একসাথে বািতে যা,𑄝𑄧𑄏𑄧𑄢𑄴 𑄝𑄦𑄚𑄬 𑄉𑄧𑄢𑄧𑄟𑄴 𑄇𑄣𑄳𑄠𑄬 𑄍𑄪𑄑𑄴𑄖𑄨𑄖𑄴 𑄥𑄧𑄚𑄢𑄟𑄬 𑄖 𑄟 - 𑄝𑄝𑄧 𑄥𑄧𑄟𑄢𑄬 𑄟𑄟𑄪 𑄊𑄧𑄢𑄧𑄖𑄴 𑄡𑄠𑄴।,Present
একসাথে ব ভাই-বোনেরা থাকে,𑄥𑄧𑄟𑄢𑄬 𑄝𑄧𑄢𑄴 𑄞𑄮𑄚𑄴 𑄢𑄋𑄝𑄨 𑄗𑄠𑄴।,Present
সহাদের থেকে দূরে এই গ্রামের মানুষরা কত ব করে যা,𑄥𑄳𑄦𑄧𑄢𑄧𑄖𑄴𑄪𑄚𑄴 𑄘𑄢𑄮𑄖𑄴 𑄃𑄬 𑄃𑄘𑄟𑄧𑄖𑄴 𑄘𑄨𑄚𑄴 𑄇𑄧𑄘𑄧𑄇𑄴 𑄖𑄢𑄴 𑄈𑄪𑄏𑄨𑄠𑄬 𑄘𑄨𑄚𑄴 𑄉𑄧𑄋𑄨 𑄡𑄠𑄴।,Present
গ্রামের সনারা আর লালবিার অনেক লোক আছে,𑄃𑄘𑄟𑄧𑄖𑄴 𑄥𑄧𑄚𑄢𑄟𑄧𑄢𑄴 𑄃 𑄢𑄋𑄝𑄨𑄢𑄴 𑄞𑄣𑄪𑄇𑄴𑄇𑄪𑄚𑄴 𑄥𑄧𑄟𑄎𑄳𑄠𑄬।,Present
".মেেটা ভাই ভাই,বোনেরা আছে তো","𑄟𑄧𑄣𑄳𑄠𑄏𑄨 𑄞𑄬𑄃𑄨 𑄞𑄮𑄚𑄴, 𑄥𑄮𑄟 𑄃 𑄎𑄨𑄘𑄨𑄟𑄴 𑄘𑄧 𑄃𑄊𑄬𑄃𑄨।",Present
"সে সাথে আছে কেকটা বাির কালাবি,পরান, সুবিমল","𑄥𑄬 𑄣𑄧𑄉𑄬 𑄃𑄊𑄧𑄚𑄴 𑄇𑄃𑄨𑄇𑄪𑄢𑄬 𑄊𑄧𑄢𑄧𑄢𑄴 𑄇𑄣𑄝𑄨, 𑄛𑄧𑄢𑄚𑄳𑄠, 𑄥𑄪𑄝𑄨𑄟𑄧𑄣𑄴 .. 𑄃𑄢𑄧 𑄞𑄣𑄧𑄇𑄴𑄇𑄪𑄚𑄴।",Present
সবাই এক সাথে কিসিম করে দিন কাটানো,𑄝𑄬𑄇𑄴𑄇𑄪𑄚𑄬 𑄃𑄬𑄇𑄴 𑄥𑄧𑄟𑄢𑄬 𑄇𑄨𑄏𑄨𑄇𑄴𑄇𑄎𑄇𑄴 𑄉𑄧𑄢𑄨 𑄘𑄨𑄚𑄴 𑄇𑄘𑄚𑄴।,Present
সারাদিন বাগানে তারা মিশে মেে তৈরি হ,𑄘𑄨𑄝𑄪𑄎𑄳𑄠𑄬 𑄝𑄉𑄚𑄧𑄖𑄴 𑄖𑄢𑄢𑄴 𑄟𑄨𑄏𑄬 𑄟𑄨𑄏𑄬 𑄟𑄬𑄘𑄴 𑄝𑄚𑄴 𑄦𑄧𑄠𑄴।,Present
সূর্য ডোবার সম খেলা,𑄝𑄬𑄣𑄳𑄠𑄬 𑄈𑄢 𑄦𑄧𑄠𑄴।,Present
আরও রাতে তলোার সমে তামাকের পাতা ফেলা হ,𑄃𑄢𑄴 𑄢𑄬𑄘𑄮𑄖𑄴 𑄖𑄧𑄣𑄮𑄃𑄨 𑄝𑄨𑄏𑄬𑄃𑄨 𑄚𑄉𑄧𑄢𑄴 𑄟𑄙𑄨 𑄃𑄧𑄇𑄴𑄖𑄧 𑄜𑄬𑄣𑄚𑄴।,Present
এইবারে স্নোবোর্ডাররা গ্রামে একটি খেলা খেলছে,𑄃𑄬𑄝𑄢𑄧𑄖𑄴 𑄥𑄧𑄚𑄢𑄟𑄬 𑄃𑄘𑄟𑄧𑄖𑄴 𑄡𑄬𑄃𑄨 𑄃𑄬𑄇𑄴𑄇𑄚𑄴 𑄚𑄪𑄃𑄧 𑄈𑄢 𑄥𑄨𑄊𑄨𑄣𑄧।,Present
খেলা ব্যবহৃত নাচা করা,𑄈𑄢𑄠𑄚𑄧 𑄚𑄋𑄴 𑄊𑄨𑄣𑄈𑄢।,Present
ব ব খেলা,𑄎𑄧𑄟𑄧𑄢𑄴 𑄃𑄪𑄌𑄴𑄌𑄮𑄢𑄴 𑄈𑄢।,Present
অনেক লোক মিলে এই খেলা অংশ হ,𑄞𑄣𑄧𑄇𑄴 𑄎𑄧𑄚𑄬 𑄟𑄨𑄣𑄨 𑄃𑄬 𑄈𑄢𑄠𑄚𑄴 𑄦𑄧𑄚𑄴।,Present
ঘিলে খাা অনেক কাঠ লাগে,𑄊𑄨𑄣𑄬 𑄈𑄢𑄖𑄴 𑄃𑄧𑄏𑄢𑄴 𑄈𑄧𑄣 𑄣𑄉𑄬।,Present
এই খাটে অনেক সুখ আছে,𑄃𑄬 𑄈𑄢𑄖𑄴 𑄞𑄣𑄧𑄇𑄴𑄇𑄚𑄨 𑄥𑄪𑄘𑄮𑄟𑄴 𑄃𑄊𑄬।,Present
সেই সুতাটা মলা হেছে,𑄥𑄬 𑄥𑄪𑄘𑄮𑄟𑄴 𑄟𑄧𑄎𑄨𑄟𑄴 𑄈𑄢𑄠𑄚𑄴 𑄦𑄧𑄚𑄴।,Present
. এনে দিে খেলা করতে হ,𑄃𑄬𑄚𑄬 𑄘𑄨 𑄎𑄧𑄙 𑄦𑄮𑄃𑄨 𑄈𑄢𑄠𑄚𑄴 𑄦𑄪𑄠 𑄛𑄧𑄢𑄬।,Present
পাতা - ৬৩,𑄛𑄘 - 𑄼𑄹,Present
ঘিলে খেলা পারদর্শী হওা- যা,𑄊𑄨𑄣𑄬 𑄈𑄢𑄠𑄚𑄴 𑄦𑄧𑄘𑄬 𑄘𑄨- 𑄎𑄧𑄙 𑄣𑄉𑄧𑄚𑄴।,Present
"এক জনে চ, পাঁচ জন এংরি করে জুে বসা","𑄃𑄬𑄇𑄴 𑄎𑄧𑄙𑄖𑄴 𑄌𑄬𑄢𑄴, 𑄛𑄌𑄴, 𑄍𑄧𑄠𑄴 𑄎𑄧𑄚𑄴 𑄃𑄬𑄋𑄬𑄢𑄨 𑄉𑄧𑄢𑄨 𑄎𑄪𑄇𑄴 𑄝𑄧𑄘𑄧𑄚𑄴।",Present
পাহাের মানুষদের ঘিলে থাকতে হ,𑄛𑄧𑄖𑄴𑄖𑄨 𑄎𑄧𑄚𑄧𑄖𑄴𑄖𑄪𑄚𑄴 𑄊𑄨𑄣 𑄗 𑄛𑄧𑄢𑄬।,Present
যে লম্বা দাগ দিে খেলা হ সেটা আর গান করিও না,𑄡𑄬 𑄣𑄟𑄴𑄝 𑄘𑄉𑄴𑄇𑄚𑄧𑄖𑄴𑄖𑄪𑄚𑄴 𑄈𑄢𑄠𑄚𑄴 𑄃𑄢𑄴 𑄉𑄚𑄨 𑄦𑄧𑄠𑄴 𑄥𑄨𑄠𑄚𑄧𑄢𑄬 𑄥𑄣𑄳𑄠𑄬𑄁 𑄇𑄧𑄚𑄴।,Present
সালাি থেকে একটু দূরে আর এক জাগা ঘিলে থাকে,𑄥𑄣𑄳𑄠𑄬𑄋𑄧𑄖𑄴𑄖𑄪𑄚𑄴 𑄃𑄬𑄇𑄴𑄇 𑄘𑄪𑄢𑄮𑄖𑄴𑄉𑄧𑄢𑄨 𑄃𑄢𑄧 𑄃𑄬𑄇𑄴 𑄎𑄧𑄙𑄠𑄴 𑄊𑄨𑄣𑄬 𑄛𑄘𑄬 𑄗𑄧𑄚𑄴।,Present
"আরও এক জাগা সালি থেকে আসে,নানা কথা বলে শুধু মাথা পাখানা করে","𑄃𑄢𑄧 𑄃𑄬𑄇𑄴 𑄎𑄧𑄙𑄠𑄴 𑄥𑄣𑄳𑄠𑄬𑄋𑄧 𑄘𑄉𑄧𑄖𑄴𑄖𑄪𑄚𑄴 𑄡𑄬𑄃𑄨, 𑄚𑄚 𑄇𑄮𑄎𑄬 𑄊𑄨𑄣𑄬 𑄦𑄘𑄬 𑄚𑄬𑄠𑄬𑄃𑄨 𑄝𑄢 𑄎𑄧𑄙 𑄛𑄘𑄬 𑄘𑄬 𑄊𑄨𑄣𑄬𑄠𑄪𑄚𑄴 𑄟𑄢𑄧𑄚𑄴।",Present
যে যেরকম ছিল সেভাবে ঘিলেছে,𑄎𑄬 𑄎𑄧𑄙𑄠𑄴 𑄃𑄉𑄬 𑄝𑄢 𑄎𑄧𑄙𑄢𑄴 𑄊𑄨𑄣𑄬𑄠𑄪𑄚𑄴,Present
"তাাতাি, মেরে মাটিতে ফেলে দিতে পারে সেই ভাগ্যটা","𑄖𑄇𑄴 𑄌𑄬𑄃𑄨, 𑄟𑄢𑄨 𑄟𑄘𑄨𑄖𑄴 𑄜𑄬𑄣𑄬 𑄘𑄨 𑄛𑄢𑄧𑄚𑄴 𑄥𑄬 𑄎𑄧𑄙𑄝𑄮𑄠𑄴 𑄎𑄨𑄖𑄳𑄠𑄬 𑄦𑄧𑄠𑄴।",Present
সালেং থেকে ঘিলে শরীরে বিভিন্ন জাগা নেচে নেচে অনেক দূর যেতে হ,𑄥𑄣𑄳𑄠𑄬𑄋𑄧𑄖𑄴𑄪𑄚𑄴 𑄊𑄨𑄣𑄬 𑄇𑄨𑄠𑄬𑄖𑄴 𑄚𑄚 𑄎𑄉𑄖𑄴 𑄝𑄎𑄬𑄚𑄬 𑄦𑄘𑄬 𑄚𑄨𑄚𑄬 𑄖 𑄎𑄬𑄢𑄬 𑄦𑄘𑄪𑄖𑄴 𑄖𑄧𑄣𑄬𑄘𑄉𑄧𑄢𑄨𑄨 𑄝𑄢 𑄎𑄧𑄙𑄢𑄴 𑄊𑄨𑄣𑄬 𑄟𑄢𑄨 𑄇𑄧𑄟𑄧𑄖𑄴 𑄃𑄬𑄇𑄴 𑄝𑄨𑄉𑄧𑄖𑄴 𑄘𑄪𑄢𑄮𑄖𑄴 𑄚𑄬𑄡 𑄛𑄧𑄢𑄬।,Present
ঘিলা খেলার নানান ভঙ্গি,𑄊𑄨𑄣 𑄈𑄢𑄢𑄴 𑄚𑄚𑄚𑄴 𑄚𑄋𑄴।,Present
"জন চাঁদি,নাককুরি,চওা খেলা","𑄎𑄳𑄠𑄬𑄚𑄴 𑄌𑄧𑄚𑄴𑄘𑄨, 𑄚𑄧𑄇𑄴𑄇𑄪𑄢𑄪, 𑄌𑄧𑄖𑄴𑄖𑄨 𑄈𑄢।",Present
চত তেরা খেলাটি বেশি হ,𑄌𑄧𑄖𑄴 𑄖𑄨 𑄈𑄢𑄠𑄚𑄴 𑄃𑄨 𑄝𑄬𑄌𑄴 𑄦𑄧𑄚𑄴।,Present
"ঘিলে যে জাগা থাকতে হ, রাতে যে জাগা থাকতে হ, পাহা, পাহা, পাহা, পাহা, পাহা, পাহা, পাহা, পাহা, পাহা, পাহা, পাহা, পাহা, খাট, পাহা","𑄊𑄨𑄣𑄬 𑄡𑄬 𑄡𑄬 𑄎𑄉𑄖𑄴 𑄣𑄮𑄃𑄨𑄚𑄬, 𑄢𑄊𑄬𑄚𑄬 𑄟𑄢 𑄛𑄧𑄢𑄬 - 𑄒𑄬𑄋𑄧 𑄛𑄘, 𑄈𑄧𑄉𑄧𑄢, 𑄦𑄘𑄪, 𑄇𑄧𑄟𑄧𑄢𑄴, 𑄝𑄪𑄇𑄴, 𑄉𑄧𑄖𑄴𑄧𑄚, 𑄒𑄪𑄖𑄴, 𑄇𑄧𑄝𑄣𑄴, 𑄥𑄨𑄢𑄬, 𑄖𑄣𑄴𑄮 𑄃𑄬𑄎𑄚𑄴।",Present
জীবনে মানুষ করতে করতে সব কাজগুলো শেষ হে যাবে,𑄎𑄧𑄙𑄖𑄴 𑄎𑄧𑄚𑄴 𑄉𑄧𑄘𑄬 𑄉𑄧𑄘𑄬 𑄌𑄬𑄢𑄌𑄴𑄖 𑄉𑄧𑄢𑄧𑄚𑄴 𑄏𑄘𑄨 𑄏𑄘𑄨 𑄈𑄢 𑄙𑄛𑄴𑄛𑄪𑄚𑄴 𑄗𑄪𑄟𑄴 𑄉𑄧𑄢𑄨 𑄝𑄢𑄴।,Future
যে প্রতিযোগিতা আগে সব শেষ হে যাবে,𑄡𑄬 𑄎𑄧𑄙𑄢𑄴 𑄃𑄉𑄬 𑄝𑄬𑄇𑄴 𑄙𑄛𑄴𑄛𑄪𑄚𑄴 𑄉𑄧𑄢𑄚 𑄗𑄪𑄟𑄴 𑄦𑄧𑄝𑄧 𑄥𑄬 𑄎𑄧𑄙 𑄎𑄨𑄘𑄬।,Future
১. পাতা - ২. পাতা,𑄛𑄘 - 𑄼𑄺,Present
"সুগন্ধ,রাঙাবি,সুগন্ধি,জিনিসপত্র সব সম মিলে","𑄥𑄧𑄚𑄢𑄟𑄴, 𑄢𑄋𑄝𑄨, 𑄥𑄪𑄝𑄨𑄟𑄧𑄣𑄴,𑄎𑄨𑄘𑄨𑄟𑄴,𑄛𑄧𑄢𑄚𑄳𑄠 𑄥𑄧𑄟𑄧𑄖𑄴 𑄝𑄬𑄇𑄴𑄇𑄪𑄚𑄬 𑄈𑄢𑄖𑄴 𑄜𑄉𑄧𑄖𑄴 𑄥𑄧𑄟𑄬𑄣𑄇𑄴।",Present
"সুবিমল,জিজ্ঞাসা সম পাচজন যোগা","𑄥𑄪𑄝𑄨𑄟𑄧𑄣𑄴, 𑄎𑄨𑄘𑄨𑄟𑄴 𑄥𑄧𑄟𑄧𑄖𑄴 𑄝𑄢 𑄛𑄌𑄴𑄎𑄧𑄚𑄴 𑄎𑄪𑄘𑄮 𑄎𑄧𑄙𑄖𑄴।",Present
নদী থেকে পানি বের হে আসছে,𑄥𑄣𑄳𑄠𑄬𑄋𑄧𑄖𑄴𑄪𑄚𑄴 𑄈𑄢 𑄃𑄢𑄴𑄉𑄚𑄨 𑄦𑄧𑄣𑄧।,Present
স্যান্ডেলের পাে পাে আঘাত পাওার পর সব হেছে,𑄥𑄧𑄚𑄢𑄟𑄧𑄢𑄴 𑄛𑄮𑄣𑄳𑄠𑄬 𑄛𑄮𑄣𑄳𑄠𑄬 𑄃𑄊𑄖𑄳𑄠𑄬 𑄣𑄉𑄨𑄣𑄬𑄃𑄮 𑄎𑄬𑄢𑄬 𑄝𑄬𑄇𑄴 𑄦𑄧𑄘𑄧𑄖𑄴 𑄝𑄧𑄣𑄧।,Present
একনাগাে তাকিে আছে,𑄃𑄬𑄇𑄴𑄘𑄊𑄨𑄠𑄬 𑄌𑄬𑄃𑄨 𑄃𑄊𑄧𑄚𑄴।,Present
জোরে জোরে হাঁটতেছে,𑄝𑄬𑄉𑄬 𑄃𑄪𑄌𑄴𑄌𑄮 𑄦𑄮𑄃𑄨 𑄦𑄏𑄧𑄘𑄧𑄚𑄴।,Present
বেগের মনে জমজ চোর তাস খেলছে,𑄝𑄬𑄉𑄧𑄢𑄴 𑄟𑄧𑄚𑄧𑄖𑄴 𑄎𑄧𑄟𑄧𑄢𑄴 𑄃𑄪𑄌𑄴 𑄌𑄮𑄢𑄴 𑄖𑄝𑄪𑄣𑄴 𑄈𑄬𑄣𑄬𑄢𑄴।,Present
"সে সাথে সাথে দৌাদৌি করে,চলতেছে","𑄥𑄬 𑄥𑄧𑄟𑄢𑄬 𑄦𑄏𑄦𑄏𑄨, 𑄌𑄧𑄣𑄌𑄧𑄣𑄨।",Present
গ্রামের বট গাছের নিচে এক জাতী গাছ,𑄃𑄘𑄟𑄧 𑄝𑄧𑄑𑄴 𑄉𑄏𑄧 𑄖𑄧𑄣𑄬 𑄃𑄧𑄏𑄢𑄴 𑄈𑄧𑄣।,Present
সেখানে খেলা চলে,𑄥𑄨𑄠𑄮𑄖𑄴 𑄈𑄢 𑄌𑄧𑄣𑄬𑄢𑄴।,Present
এক জাতী বুনোফল যা সবজি হিসেবে ব্যবহৃত হ,𑄇𑄇𑄴𑄈𑄬 𑄥𑄧𑄚𑄢𑄟𑄴𑄘𑄊𑄨 𑄊𑄨𑄣𑄬 𑄟𑄢𑄧𑄚𑄴।,Present
.সে সাবান দিে গোসল করলো,𑄎𑄬𑄢𑄬 𑄥𑄧𑄚𑄢𑄟𑄴𑄘𑄊𑄨 𑄎𑄧𑄙𑄠𑄴 𑄎𑄨𑄘𑄨𑄣𑄇𑄴।,Past
সবাই কি উঁচু,𑄝𑄬𑄇𑄴𑄇𑄪𑄚𑄧𑄢𑄴 𑄇𑄨 𑄃𑄪𑄌𑄴𑄌𑄮।,Present
অনেক আগে শামুকের খোলসে এক জাতী শামুক এসেছে,𑄃𑄳𑄠𑄬𑄚𑄴 𑄃𑄧𑄇𑄴𑄖𑄧𑄖𑄴 𑄥𑄧𑄚𑄢𑄟𑄧 𑄟𑄟𑄪𑄝𑄮 𑄃𑄬𑄣𑄧।,Present
সে সনাামাা করতে গেছে,𑄖𑄬 𑄥𑄧𑄚𑄢𑄟𑄴𑄘𑄊𑄨 𑄎𑄨𑄘𑄨𑄚𑄬 𑄈𑄪𑄏𑄨।,Present
সে তাদের বিদা দিল,𑄖𑄬 𑄖𑄢𑄢𑄬 𑄝𑄳𑄦𑄚𑄨 𑄉𑄧𑄢𑄴𑄣𑄧।,Past
"সাপটা তার মাকে পুিে দিল,তুমি কি এই খেলা জানো?","𑄥𑄧𑄚𑄢𑄟𑄬 𑄖 𑄟𑄟𑄪𑄢𑄬 𑄛𑄪𑄏𑄢𑄴 𑄉𑄧𑄢𑄴𑄣𑄧,“𑄟𑄟𑄪 𑄖𑄪𑄃𑄨𑄠𑄮 𑄇𑄨 𑄃𑄬 𑄈𑄢𑄠𑄚𑄴 𑄎𑄚𑄧𑄌𑄴?",Past
তার মামার হাত দিে,𑄖 𑄟𑄟𑄪 𑄦𑄏𑄨𑄣𑄧।,Present
এগুলো সব পুরাতন দিনের খেলা,𑄃𑄨𑄠𑄚𑄴 𑄞𑄧𑄎𑄚𑄴 𑄛𑄪𑄢𑄧𑄚𑄨 𑄘𑄨𑄚𑄮𑄢𑄴 𑄈𑄢।,Present
.আসবাবপত্র,-: 𑄃𑄧𑄚𑄪𑄥𑄩𑄣𑄧𑄚𑄩 :-,Present
. সাবান থেকে পানি বের হে নিে গেলে,𑄥𑄧𑄝𑄴𑄘𑄧𑄠𑄪𑄚𑄴 𑄛𑄧𑄢𑄖𑄴𑄪𑄚𑄴 𑄖𑄮𑄉𑄬𑄃𑄨 𑄚𑄨𑄉𑄨𑄣𑄬𑄃𑄨।,Past
"১. মানে, মানে ২. মানে",𑄟𑄚𑄬 𑄇𑄧𑄃𑄨।,Present
খেলা দেখতে দেখতে ঘিলুর সুতাগুলো সুন্দর হছে,𑄈𑄢 𑄟𑄨𑄏𑄬𑄟𑄨𑄏𑄬 𑄊𑄨𑄣𑄈𑄢 𑄥𑄪𑄘𑄮𑄟𑄴 𑄎𑄧𑄙 𑄥𑄣𑄳𑄠𑄬𑄋𑄴,Present
বাির ভিতরে বাঁশগুলো কেটে জাগা বানানো হ,𑄊𑄧𑄢𑄧 𑄞𑄨𑄘𑄨𑄢𑄬 𑄥𑄧𑄝𑄴𑄘𑄧𑄠𑄪𑄚𑄴 𑄈𑄣𑄳𑄠𑄬 𑄎𑄉𑄖𑄴 𑄝𑄧𑄏𑄬𑄃𑄨 𑄞𑄌𑄴 𑄝𑄚𑄬𑄃𑄨।,Present
কালো ঘিলা বািগুলো গরমের মধ্যে দিে দৌা,𑄇𑄣𑄴 𑄊𑄨𑄣 𑄝𑄳𑄦𑄚𑄨 𑄉𑄧𑄢𑄧𑄟𑄴 𑄥𑄨𑄊𑄬𑄃𑄨 𑄘𑄮𑄚𑄴 𑄈𑄢 𑄃𑄘𑄟𑄧𑄖𑄴,Present
"কে,আমরা গেলার সম",𑄇. 𑄃𑄟𑄨 𑄉𑄬𑄣𑄳𑄠𑄬 𑄟𑄏𑄧𑄖𑄴. . . . . . .𑄡𑄨𑄠𑄬𑄃𑄨।,Present
".খাওাব,জেত মাস","𑄈. 𑄝𑄮𑄎𑄬𑄇𑄴 , 𑄎𑄬𑄖𑄴 𑄟𑄥𑄴 . . . . . . . . . 𑄖𑄙𑄬।",Present
".গা,সুঁচালো",𑄉. 𑄥𑄪𑄝𑄨𑄟𑄧𑄣𑄬 . . . . . . . . . . .𑄜𑄉𑄧𑄖𑄴 𑄥𑄮𑄟𑄳𑄠𑄬।,Present
.গবাদিপশু তাকে জমজ .গোজ,𑄊. 𑄥𑄧𑄚𑄢𑄟𑄧 𑄟𑄟𑄪 𑄖𑄢𑄬 𑄎𑄧𑄟𑄧𑄢𑄴 . . . . . 𑄉𑄮𑄌𑄳𑄠𑄬।,Present
".বাবা, ঘিলেরা আমাকে বিে দিেছে।",𑄋. 𑄊𑄨𑄣𑄈𑄢 𑄟𑄧𑄢𑄬 𑄥𑄧𑄟𑄎𑄳𑄠𑄬𑄠𑄴 . . . . . . . .𑄥𑄨𑄊𑄬 𑄘𑄮𑄚𑄴।,Present
"চা,আমার ছিঁা,যেটা মামার বািতে আছে",𑄌. 𑄟𑄧𑄢𑄴 𑄍𑄨𑄉𑄮𑄚𑄴 . . . . . . 𑄝𑄨𑄘𑄨 𑄡𑄨𑄠𑄬 𑄟𑄟𑄪 𑄊𑄧𑄢𑄧𑄖𑄴।,Present
জ্যেঠার/ ফলা চিনে চিনে শুধু লবনাক্ত করে,𑄎𑄧𑄙 𑄃𑄧𑄇𑄴𑄇𑄮𑄢𑄴 / 𑄜𑄧𑄣 𑄌𑄨𑄚𑄴 𑄌𑄨𑄚𑄨 𑄃 𑄚𑄪𑄃𑄧 𑄥𑄧𑄝𑄴𑄘𑄧 𑄝𑄚𑄬𑄃𑄨।,Present
আমি আমার জন্য অপেক্ষা করতেছি,𑄟𑄪𑄠𑄬 𑄟𑄪𑄠𑄬 𑄎𑄮𑄝𑄴 𑄇𑄧𑄃𑄨 𑄃 𑄣𑄨𑄊𑄨।,Present
"কে, সনাের মামীর বাি কোথা?",𑄇. 𑄥𑄧𑄚𑄢𑄟𑄧𑄢𑄴 𑄟𑄟𑄪 𑄊𑄧𑄢𑄴 𑄇𑄪𑄘𑄪?,Present
".খাও,নাওা খেলা কি?",𑄈. 𑄚𑄪𑄃𑄧 𑄈𑄢 𑄚𑄋𑄚𑄴 𑄇𑄨?,Present
.গাের ছাল কি?,𑄉. 𑄥𑄣𑄳𑄠𑄬𑄋𑄴 𑄇𑄨?,Present
ঘাের ঘাে কটা থাকে,𑄊.𑄊𑄨𑄣 𑄈𑄢𑄖𑄴 𑄇𑄧𑄠𑄴𑄝𑄮 𑄎𑄧𑄙 𑄗𑄚𑄴?,Present
. ঠিক ট্যাবলেটটা বেে নিে আছে,𑄻. 𑄒𑄨𑄇𑄴 𑄎𑄮𑄝𑄴𑄛𑄚𑄴 𑄝𑄬𑄃𑄨 𑄣𑄧𑄃𑄨 𑄃 𑄣𑄨𑄊𑄨।,Present
কে সনাে কবার খেে মামার বািতে যা,𑄇. 𑄥𑄧𑄚𑄢𑄟𑄬 𑄇𑄧𑄇𑄴 𑄈𑄬 𑄟𑄟𑄪 𑄊𑄧𑄢𑄧𑄖𑄴 𑄡𑄠𑄴?,Present
শীতে ২. বছর বাানো,𑄷. 𑄎𑄢𑄴 𑄇𑄣𑄳𑄠𑄬 𑄸. 𑄝𑄧𑄏𑄧𑄢𑄴 𑄝𑄦𑄚𑄬,Present
৩. গরমকাল ৪. বৃষ্টি,𑄹. 𑄉𑄧𑄢𑄧𑄟𑄴 𑄇𑄣𑄳𑄠𑄬 𑄺. 𑄝𑄢𑄨𑄏𑄬𑄖𑄴,Present
"খাও,মাঝখানে কার বাি আছে?",𑄈. 𑄥𑄧𑄚𑄴𑄈𑄧𑄣 𑄃𑄘𑄟𑄧𑄖𑄴 𑄇 𑄊𑄧𑄢𑄴 𑄃𑄊𑄬?,Present
এক.সাপের নিে ২.গনারাম মেে,𑄷. 𑄥𑄧𑄚𑄢𑄟𑄧𑄢𑄴 𑄚𑄨𑄏𑄧𑄢𑄴 𑄸. 𑄉𑄧𑄚𑄢𑄟𑄧 𑄟𑄟𑄪𑄢𑄴,Present
৩. সনাার ব্যাথা ৪. সনাার কাপ,𑄹. 𑄥𑄧𑄚𑄢𑄟𑄧𑄢𑄴 𑄛𑄨𑄏𑄬𑄃𑄨𑄢𑄴 𑄺. 𑄥𑄧𑄧𑄚𑄢𑄟𑄧𑄢𑄴 𑄇𑄇𑄴𑄇𑄢𑄴,Present
গা. ঘিলেটা কোথা মারা পে,𑄉. 𑄊𑄨𑄣𑄬𑄝𑄮 𑄇𑄪𑄚𑄴 𑄘𑄨 𑄟𑄢 𑄛𑄧𑄢𑄬 ?,Present
১. শিরা উা রাত ২.হাের তলানি,𑄷. 𑄥𑄨𑄢𑄬 𑄃𑄪𑄉 𑄪𑄢𑄬𑄘𑄨 𑄸.𑄦𑄘𑄪 𑄖𑄧𑄣𑄬𑄘𑄨,Present
".বগলের মধ্যে ৩,পাহাের নিচে",𑄹. 𑄝𑄧𑄉𑄧𑄣𑄧 𑄥𑄬𑄢𑄬𑄘𑄨 𑄺. 𑄒𑄬𑄋𑄧 𑄖𑄧𑄣𑄬𑄘𑄨,Present
"ঘা, কোথা মিশিে মেেটা খেেছে?",𑄊. 𑄇𑄪𑄘𑄪 𑄟𑄨𑄏𑄬 𑄟𑄨𑄏𑄬 𑄟𑄬𑄘𑄴𑄝𑄚𑄴 𑄈𑄬𑄘𑄇𑄴?,Present
"১,বািতে ২. মামার বািতে",𑄷. 𑄊𑄧𑄢𑄧𑄖𑄴 𑄸. 𑄟𑄟𑄪 𑄊𑄧𑄢𑄧𑄖𑄴,Present
"৩,বাগানে ৪.পিছের বািতে",𑄹. 𑄝𑄉𑄚𑄧𑄖𑄴 𑄺.𑄛𑄨𑄏𑄬𑄃𑄨 𑄊𑄧𑄢𑄧𑄖𑄴,Present
পাতা - ৬৬,𑄛𑄘 - 𑄼𑄼,Present
.বিালের মাছ ধরিে,𑄼.𑄝𑄨𑄛𑄧𑄢𑄨𑄖𑄴 𑄥𑄧𑄝𑄴𑄘𑄧 𑄎𑄚𑄨 𑄣𑄧𑄃𑄨।,Present
খালের বািতে ঠিক সম বসে ভাত খাওা যা,𑄈𑄣𑄳𑄠𑄬 𑄊𑄧𑄢𑄧𑄖𑄴 𑄒𑄨𑄇𑄴 𑄥𑄧𑄝𑄴𑄘𑄧 𑄝𑄧𑄏𑄬𑄃𑄨 𑄞𑄌𑄴 𑄎𑄧𑄢 𑄘𑄨।,Present
ছিঁা/ডাঙি/জুি,𑄍𑄨𑄉𑄮𑄚𑄴 {𑄓𑄋𑄧𑄢𑄴 ] 𑄞𑄧𑄎𑄚𑄴 [ 𑄃𑄬𑄇𑄴𑄇 ] 𑄟𑄪𑄎𑄪𑄋𑄬[ 𑄛𑄨𑄎𑄬] 𑄃𑄪𑄌𑄴𑄌𑄮 [ 𑄘𑄪𑄊𑄬],Present
কা. ব গাঙ এক কান,𑄇. 𑄝𑄧𑄢𑄴 𑄉𑄋𑄚𑄴 𑄃𑄬𑄇𑄴 𑄇𑄚𑄴 ... ...........................𑄉𑄋𑄴।,Present
"খাও, গ্রামের ছেলে-মেেরা গুনগান করে .",𑄈. 𑄃𑄘𑄟𑄧 𑄛𑄮 𑄪 𑄍- 𑄉𑄪𑄚𑄬 . . . . . . . . . . . 𑄈𑄢 𑄦𑄧𑄚𑄴 ।,Present
".গা,সবাই . .",𑄉. 𑄝𑄬𑄇𑄴𑄇𑄪𑄚𑄬 . . . . . . . . . . . . . . . . . 𑄉𑄧𑄢𑄴𑄣𑄇𑄴।,Present
"ঘা, আমাদের থেকে আলাদা হওা হলে",𑄊. 𑄃𑄟𑄖𑄴𑄪 𑄚𑄴 𑄃𑄇𑄴 𑄇𑄮𑄃𑄨 𑄡𑄬𑄝𑄖𑄴𑄬 𑄦𑄧𑄣𑄬 . . . . . . .. .. 𑄌 𑄚𑄧 𑄡𑄬𑄝𑄧।,Present
এক.বেইনে পা,𑄽. 𑄝𑄇𑄳𑄠𑄧𑄠𑄪𑄚𑄴 𑄛𑄧𑄢𑄨।,Present
কি বুঝা সাপটি লিে গেছে,𑄇𑄨 𑄝𑄪𑄏𑄖𑄴𑄬 𑄥𑄧𑄝𑄴𑄘𑄧𑄠𑄪𑄚𑄴 𑄣𑄨𑄊𑄨।,Present
"কে,আমরা গ্রামের মেজবান খেেছি",𑄇. 𑄃𑄟𑄨 𑄃𑄘𑄟𑄧𑄖𑄴 𑄟𑄬𑄘𑄴 𑄝𑄚𑄴 𑄈𑄨𑄠𑄬𑄃𑄨 ।,Present
".গ্রামের মধ্যে, গ্রামে",. . . . . . 𑄃𑄘𑄟𑄧𑄖𑄴 . . . . . .,Present
"খা,তারা উপরে গর্ব করে",𑄈. 𑄖𑄢 𑄃𑄪𑄙𑄮𑄚𑄧𑄖𑄴 𑄉𑄧𑄛𑄴 𑄟𑄧𑄖𑄴𑄖𑄧𑄚𑄴 ।,Present
. . . .,. . . . . . . . . . . . . . . . . . .,Present
"গা,খলতে খেলা চলতেছে",𑄉. 𑄈𑄧𑄣𑄖𑄴 𑄈𑄢 𑄌𑄧𑄣𑄬𑄢𑄴 ।,Present
. . . .,. . . . . . . . . . . . . . . . . . . . . . .,Present
"ঘা,শাঁসগুলো আকাশে উঠে",𑄊. 𑄥𑄏𑄧𑄚𑄳𑄠 𑄃𑄉𑄏𑄧𑄖𑄴 𑄌𑄚𑄴 𑄃𑄪𑄎𑄳𑄠𑄬 ।,Present
". , . .",. .. . . . . . . . . . . . . . . . .,Present
বাবা-মা অনেক সুন্দর,𑄋. 𑄃𑄘𑄟𑄴 𑄠𑄚𑄴 𑄎𑄧𑄟𑄧𑄢𑄴 𑄘𑄮𑄣𑄴 ।,Present
. . . .,. . . . . . . . . . . . . . . . . . . .,Present
. ৮. সাবান দিে,𑄾 . 𑄥𑄧𑄝𑄴𑄘𑄧 𑄖𑄮𑄉𑄬𑄃𑄨।,Present
এক জাতী বুনো ফল যা সবজি হিসেবে ব্যবহৃত হ,𑄥𑄧𑄝𑄴𑄘𑄧𑄢𑄴 𑄟𑄣𑄍𑄧𑄢 𑄝𑄚𑄬𑄃𑄨।,Present
এটি একটি স্কেটবোর্ড,𑄃𑄨𑄠𑄚𑄴 𑄃𑄬𑄇𑄴𑄇𑄚𑄴 𑄥𑄧𑄝𑄴𑄘𑄧𑄈𑄢।,Present
দুইজনে বা কজন মিলে এই খেলা অংশ হ,𑄘𑄨𑄎𑄧𑄚𑄬 𑄝 𑄇𑄧𑄠𑄬𑄇𑄴 𑄎𑄧𑄚𑄬 𑄟𑄨𑄣𑄨 𑄃𑄬 𑄈𑄢𑄠𑄚𑄴 𑄦𑄮 𑄡𑄠𑄴 ।,Present
খেলার সুোটা এরকম -পুলে এক জনে একটা বলে,𑄈𑄢 𑄥𑄪𑄘𑄮𑄟𑄴 𑄠𑄚𑄴 𑄃𑄬𑄎𑄚𑄴 - 𑄛𑄮𑄣𑄳𑄠𑄬 𑄃𑄬𑄇𑄴 𑄎𑄧𑄚𑄬 𑄃𑄨𑄇𑄴𑄮 𑄥𑄧𑄝𑄴 𑄘𑄧 𑄇𑄧𑄝𑄧।,Present
জাগা: আম,𑄎𑄳𑄠𑄬𑄚𑄴 : 𑄃𑄟𑄴 ।,Present
ত্রিপুরাটা আমগুলো দুলিে বলে শেষ পর্যন্ত দুইটা বাচ্চা হবে,𑄘𑄨𑄖𑄨𑄠𑄧𑄝𑄮 𑄃𑄟𑄴 𑄥𑄧𑄝𑄴 𑄘𑄧𑄝𑄮𑄣𑄮𑄃𑄨 𑄇𑄮𑄃𑄨𑄚𑄬 𑄗𑄪𑄟𑄧 𑄃𑄧𑄇𑄴𑄮𑄢𑄴 𑄘𑄨 𑄃𑄬𑄇𑄴𑄮 𑄥𑄧𑄝𑄴𑄘𑄧 𑄎𑄪𑄉𑄪𑄣𑄬𑄝𑄧।,Future
"জন: আম,মশা","𑄎𑄳𑄠𑄬𑄚𑄴: 𑄃𑄟𑄴, 𑄟𑄧𑄏 ।",Present
ত্রিতী জনে এই দো গুলো সব শেষ করে সব গুলো বানাবে,𑄖𑄳𑄢𑄨𑄖𑄨𑄠𑄧 𑄎𑄧𑄚𑄬 𑄃𑄬 𑄘𑄨𑄝𑄬 𑄥𑄧𑄝𑄴 𑄘𑄧 𑄃𑄪𑄌𑄴 𑄌𑄢𑄧𑄕𑄴 𑄉𑄧𑄢𑄨 𑄚𑄪𑄃𑄧 𑄥𑄧𑄝𑄴 𑄘𑄧𑄢𑄴 𑄗𑄪𑄟𑄧 𑄃𑄧𑄇𑄴𑄮 𑄢𑄴 𑄘𑄨𑄚𑄬 𑄥𑄧𑄝𑄴 𑄘𑄧 𑄝𑄚𑄬𑄝𑄧।,Future
"জাগা: আম,মশা, জাগা","𑄎𑄳𑄠𑄬𑄚𑄴 : 𑄃𑄟𑄴 , 𑄟𑄧𑄏, 𑄏𑄉।",Present
.এই সব মালাচা বানানো খেলা চলবে,𑄃𑄬𑄋𑄬𑄢𑄨 𑄥𑄧𑄝𑄴 𑄘𑄧 𑄟𑄣𑄍𑄧𑄢 𑄝𑄚𑄚 𑄈𑄢 𑄌𑄧𑄣𑄨𑄝𑄧।,Future
এক জাতী বুনো লতার পাতা দিে রান্না করতে হবে,𑄥𑄧𑄝𑄴𑄘𑄧 𑄟𑄣𑄍𑄧𑄢 𑄢𑄢𑄴 𑄛𑄧𑄖𑄴𑄖𑄨 𑄥𑄧𑄝𑄴𑄘𑄧 𑄣𑄬𑄟𑄧𑄣𑄴𑄣𑄬𑄟𑄴𑄉𑄧𑄢𑄨 𑄇𑄪𑄠 𑄛𑄧𑄢𑄨𑄝𑄧।,Future
কোন জনে না পারলে সে বাদ যাবে,𑄇𑄧𑄚𑄧 𑄎𑄧𑄚𑄬 𑄚𑄧 𑄛𑄢𑄴𑄣𑄬 𑄖𑄬 𑄝𑄘𑄴 𑄡𑄬𑄝𑄧।,Future
.সে আরও একজন লালন পালন করবে।,𑄥𑄬𑄇𑄳𑄠𑄬 𑄃𑄢𑄧 𑄃𑄬𑄇𑄴𑄎𑄧𑄚𑄧 𑄛𑄣 𑄃𑄬𑄝𑄧।,Future
একজন একজন করে ঝরে যাওার পর শেষটা আসবে,𑄃𑄬𑄋𑄬𑄢𑄨 𑄃𑄬𑄇𑄴𑄎𑄧𑄚𑄴 𑄃𑄬𑄇𑄴𑄎𑄧𑄚𑄴𑄉𑄧𑄢𑄨 𑄏𑄧𑄢𑄨 𑄡𑄚𑄢𑄴 𑄎𑄬𑄢𑄬 𑄗𑄪𑄟𑄬𑄚𑄴𑄘𑄨 𑄃𑄨𑄝𑄬 𑄎𑄨𑄘𑄨𑄝𑄧।,Future
পাতা - ৬৭,𑄛𑄘 - 𑄼𑄽,Present
ছবি দেখে মনে হ সে চোখ বন্ধ করে আছে,𑄿. 𑄍𑄧𑄝𑄨 𑄢𑄨𑄚𑄨 𑄌𑄬𑄃𑄨 𑄃 𑄟𑄧𑄚𑄬 𑄟𑄧𑄚𑄴 𑄎𑄧𑄇𑄴 𑄇 𑄛𑄌𑄴 𑄌𑄮 𑄝𑄇𑄳𑄠𑄧 𑄣𑄨𑄊𑄨।,Present
লাল কুা,𑄢𑄋 𑄇𑄪𑄢,Present
এক.এক.মুলার,𑄃𑄬. 𑄃𑄬𑄜𑄴.𑄟𑄪𑄣𑄢𑄴,Present
এক দিন এই লোকটা লাল কুা কেকটা ধান পেল,𑄃𑄬𑄇𑄴 𑄘𑄨𑄚𑄴 𑄃𑄬(𑄇)𑄴𑄳𑄟𑄪𑄠 𑄢𑄋 𑄇𑄪𑄢 𑄇𑄧𑄘𑄧𑄇𑄴 𑄙𑄚𑄴 𑄛𑄬𑄣𑄧।,Past
সে বিালকে ডাকতেছে,𑄖𑄬 𑄝𑄨𑄣𑄬𑄃𑄨 𑄝𑄪𑄠𑄢𑄬 𑄓𑄇𑄨𑄣𑄧।,Present
সে হাত দিে ডাকল,𑄖𑄬 𑄦(𑄥𑄴)𑄥𑄪𑄢𑄬 𑄓𑄇𑄨𑄣𑄧।,Past
সে কুটকৌশলীটাকে ডেকে দিল,𑄖𑄬 𑄇𑄪𑄖𑄪𑄢𑄴 𑄝𑄪𑄠𑄢𑄬 𑄓𑄇𑄨𑄣𑄧।,Past
লাল কুকুর ঘেউ ঘেউ করে,"𑄢𑄋 𑄇𑄪𑄢 𑄝𑄪𑄠 𑄇𑄧𑄣𑄧,",Present
.এই ধানগুলো কে কুটবে?,’ 𑄃𑄬𑄃𑄨 𑄙𑄚𑄪𑄚𑄴 𑄇𑄧𑄚𑄴𑄚 𑄇𑄪𑄎𑄨𑄝𑄧 ?,Future
"বিেতে বুো কল,আমি স্বীকার করবো না","𑄝𑄨𑄣𑄬𑄃𑄨 𑄝𑄪𑄠 𑄇𑄧𑄣𑄧, ’’ 𑄟𑄪𑄃𑄨 𑄚𑄧 𑄇𑄪𑄎𑄨𑄟𑄴 ।",Future
"হাবাগোবা কল,আমি স্বীকার করবো না","” 𑄦(𑄥𑄴)𑄥𑄪𑄠 𑄇𑄧𑄣𑄧, ’ 𑄟𑄪𑄃𑄨 𑄚𑄧 𑄇𑄪𑄎𑄨𑄟𑄴 ।",Future
".কুটির বুা কল,আমি স্বীকার করবো না","𑄇𑄪𑄖𑄪𑄢𑄴 𑄝𑄪𑄠 𑄇𑄧𑄣𑄧, ’ 𑄟𑄪𑄃𑄨 𑄚𑄧 𑄇𑄪𑄎𑄨𑄟𑄴 ।",Future
"লাল কুা বুো কল,-আমি ধানগুলো কাটবো","” 𑄢𑄋 𑄇𑄪𑄢 𑄝𑄪𑄠 𑄇𑄧𑄣𑄧, ’ 𑄥𑄣𑄬 𑄟𑄪𑄃𑄨 𑄙𑄚𑄪𑄚𑄴 𑄇𑄪𑄎𑄨𑄟𑄴 ।",Future
এগুলো বলে সে ধানগুলো কুালো,𑄃𑄨𑄠𑄚𑄴 𑄇𑄧𑄧𑄃𑄨𑄚𑄳𑄠𑄠𑄴 𑄖𑄬 𑄙𑄚𑄪𑄚𑄴 𑄇𑄪𑄎𑄨𑄣𑄧।,Past
"ধান খুব নরম, লাল কুা বুো কল, এই ধানগুলো কে দিবে?","𑄙𑄚𑄴 𑄞𑄢𑄨 𑄃𑄮𑄣𑄴, 𑄢𑄋 𑄇𑄪𑄢 𑄝𑄪𑄠 𑄇𑄧𑄣𑄧, ’’ 𑄃𑄬𑄃𑄨 𑄙𑄚𑄪𑄚𑄴 𑄇𑄧𑄚𑄴𑄚 𑄘𑄳𑄠𑄬𑄝𑄧?",Future
"বিেতে বুো কল,আমি দিবো না","𑄝𑄨𑄣𑄬𑄃𑄨 𑄝𑄪𑄠 𑄇𑄧𑄣𑄧, ’’ 𑄟𑄪𑄃𑄨 𑄚𑄧 𑄘𑄬(𑄃𑄨)𑄟𑄴 ।",Future
".হাত দিে কল,আমি দিবো না","” 𑄦(𑄥𑄴)𑄥𑄪𑄠 𑄇𑄧𑄣𑄧, ’’𑄟𑄪𑄃𑄨 𑄚𑄧 𑄘𑄬(𑄃𑄨)𑄟𑄴।",Future
".কুটির বুা কল,আমি দিবো না","𑄇𑄪𑄖𑄪𑄢𑄴 𑄝𑄪𑄠 𑄇𑄧𑄣𑄧, ’ 𑄟𑄪𑄃𑄨 𑄚𑄧 𑄘𑄬(𑄃𑄨)𑄟𑄴।",Future
"লাল কুা বুো কল, তারপর আমি ধান দিবো","𑄢𑄋 𑄇𑄪𑄢 𑄝𑄪𑄠 𑄇𑄧𑄣𑄧, ’ 𑄥𑄣𑄬 𑄟𑄪𑄃𑄨 𑄙𑄚𑄴 𑄘𑄬(𑄃𑄨)𑄟𑄴।",Future
এগুলো বলে সে ধানগুলো ফেলে দিল,𑄃𑄨𑄠𑄚𑄴 𑄇𑄧𑄧𑄃𑄨𑄚𑄳𑄠𑄠𑄴 𑄖𑄬 𑄙𑄚𑄪𑄚𑄴 𑄘𑄬𑄣𑄧।,Past
"লাল কুা বুা কল,এই ধানগুলো কে বুনবে?","𑄢𑄋 𑄇𑄪𑄢 𑄝𑄪𑄠 𑄇𑄧𑄣𑄧, ’’ 𑄃𑄬𑄃𑄨 𑄙𑄚𑄪𑄚𑄴 𑄇𑄧𑄚𑄴𑄚 𑄝𑄚𑄨𑄝𑄧 ?",Future
"বিেতে বুো কল,আমি পারবো না","𑄝𑄨𑄣𑄬𑄃𑄨 𑄝𑄪𑄠 𑄇𑄧𑄣𑄧, ’’ 𑄟𑄪𑄃𑄨 𑄚𑄧 𑄝𑄚𑄨𑄟𑄴।",Future
".হাত দিে কল,আমি বানাবো না","” 𑄦(𑄥𑄴)𑄥𑄪𑄠 𑄇𑄧𑄣𑄧, ’’𑄟𑄪𑄃𑄨 𑄚𑄧 𑄝𑄚𑄨𑄟𑄴।",Future
".কুটির বুা কল,আমি বানাবো না","𑄇𑄪𑄖𑄪𑄢𑄴 𑄝𑄪𑄠 𑄇𑄧𑄣𑄧, ’’𑄟𑄪𑄃𑄨 𑄚𑄧 𑄝𑄚𑄨𑄟𑄴।",Future
"লাল কুা বুো কল,আমি ধানগুলো বানাবো","𑄢𑄋 𑄇𑄪𑄢 𑄝𑄪𑄠 𑄇𑄧𑄣𑄧, ’’ 𑄥𑄣𑄬 𑄟𑄪𑄃𑄨 𑄙𑄚𑄪𑄚𑄴 𑄝𑄚𑄨𑄟𑄴।",Future
এগুলো বলে সে ধানগুলো বািে দিল,𑄃𑄨𑄠𑄚𑄴 𑄇𑄧𑄧𑄃𑄨𑄚𑄳𑄠𑄠𑄴 𑄖𑄬 𑄙𑄚𑄪𑄚𑄴 𑄝𑄚𑄨𑄣𑄧।,Past
"লাল কুা বুো কল,এই চালগুলো কে নিবে?","𑄢𑄋 𑄇𑄪𑄢 𑄝𑄪𑄠 𑄇𑄧𑄣𑄧, ’’ 𑄃𑄬𑄃𑄨 𑄌𑄮𑄣𑄴𑄣𑄪𑄚𑄴 𑄇𑄧𑄚𑄴𑄚 𑄢𑄚𑄨𑄝𑄧 ?",Future
"বিেতে বুো কল,আমি পারবো না","𑄝𑄨𑄣𑄬𑄃𑄨 𑄝𑄪𑄠 𑄇𑄧𑄣𑄧, ’’ 𑄟𑄪𑄃𑄨 𑄚𑄧 𑄢𑄚𑄨𑄟𑄴।",Future
".হাত দিে বল,আমি পারবো না","” 𑄦(𑄥𑄴)𑄥𑄪𑄠 𑄇𑄧𑄣𑄧, ’’𑄟𑄪𑄃𑄨 𑄚𑄧 𑄢𑄚𑄨𑄟𑄴।",Future
".কুটির বুা কল,আমি পারবো না","𑄇𑄪𑄖𑄪𑄢𑄴 𑄝𑄪𑄠 𑄇𑄧𑄣𑄧, ’’𑄟𑄪𑄃𑄨 𑄚𑄧 𑄢𑄚𑄨𑄟𑄴।",Future
"লাল কুা বুো কল,-সে পাহাের রানী","𑄢𑄋 𑄇𑄪𑄢 𑄝𑄪𑄠 𑄇𑄧𑄣𑄧, ’’ 𑄥𑄣𑄬 𑄟𑄪𑄃𑄨 𑄌𑄮𑄣𑄴𑄣𑄪𑄚𑄴 𑄢𑄚𑄨𑄟𑄴।",Present
এইটা ওইটা বলে সে চালগুলো রান্না করল,𑄃𑄨𑄠𑄚𑄴 𑄇𑄧𑄧𑄃𑄨𑄚𑄳𑄠𑄠𑄴 𑄖𑄬 𑄌𑄮𑄣𑄴𑄣𑄪𑄚𑄴 𑄢𑄚𑄨𑄣𑄧।,Past
"লাল কুা বুো কল, এই ভাতগুলো কে খাবে?","𑄢𑄋 𑄇𑄪𑄢 𑄝𑄪𑄠 𑄇𑄧𑄣𑄧, ’’ 𑄃𑄬𑄃𑄨 𑄞𑄖𑄴𑄖𑄪𑄚𑄴 𑄇𑄧𑄚𑄴𑄚 𑄈𑄳𑄠𑄬𑄝𑄧?",Future
"বিেতে বুো কল,মেে পাে খাবো","𑄝𑄨𑄣𑄬𑄃𑄨 𑄝𑄪𑄠 𑄇𑄧𑄣𑄧, ’’ 𑄟𑄬𑄠𑄧𑄋𑄴 𑄟𑄪𑄃𑄨 𑄈𑄬(𑄃𑄨)𑄟𑄴।",Future
".হাওা-হাওা কল,প্যাঁকপ্যাঁক করে আমি খেে নিব","” 𑄦(𑄥𑄴)𑄥𑄪𑄠 𑄇𑄧𑄣𑄧, ’ 𑄛𑄬𑄀𑄇𑄴 𑄛𑄬𑄀𑄇𑄴 𑄛𑄬𑄀𑄇𑄴 𑄟𑄪𑄃𑄨 𑄈𑄬(𑄃𑄨)𑄟𑄴।",Future
".কুটির বুা কল,-বোর বুো মুখ খেে নিব","” 𑄇𑄪𑄖𑄪𑄢𑄴 𑄝𑄪𑄠 𑄇𑄧𑄣𑄧, ’’𑄞𑄬𑄃𑄧 𑄞𑄬𑄃𑄮𑄃𑄪 𑄟𑄪𑄃𑄨 𑄈𑄬(𑄃𑄨)𑄟𑄴।",Future
"লাল কুা বুো কল, তুমি ধান কুা করো না","𑄢𑄋 𑄇𑄪𑄢 𑄝𑄪𑄠 𑄇𑄧𑄣𑄧, 𑄖𑄪𑄟𑄨 𑄙𑄚𑄴 𑄚𑄧 𑄇𑄪𑄎𑄧।",Present
তুমি ধান দিে দিও না,𑄖𑄪𑄟𑄨 𑄙𑄚𑄴 𑄚𑄧 𑄘𑄳𑄠𑄧𑄃𑄮।,Present
তুমি ধান বানাও না,𑄖𑄪𑄟𑄨 𑄙𑄚𑄴 𑄚𑄧 𑄝𑄚𑄧।,Present
তোমরা চাল নাাচাা করো না,𑄖𑄪𑄟𑄨 𑄌𑄮𑄣𑄴𑄴 𑄚𑄧 𑄢𑄚𑄧,Present
সেখানে তুমি ভাত খাবে না,𑄥𑄨𑄘𑄳𑄠𑄠𑄴 𑄖𑄪𑄟𑄨 𑄞𑄖𑄴 𑄚𑄧 𑄈𑄬𑄝,Future
আমার ছোট ছোট বাচ্চা খাওা,𑄟𑄧𑄢𑄴 𑄌𑄨𑄉𑄧𑄚𑄴 𑄌𑄨𑄉𑄧𑄚𑄴 𑄍𑄳𑄟𑄧𑄪𑄚𑄬 𑄈𑄬𑄝𑄇𑄴।,Present
এগুলো বলে তারা ভাত রান্না করে,𑄃𑄨𑄠𑄚𑄴 𑄇𑄧𑄧𑄃𑄨𑄚𑄳𑄠𑄠𑄴 𑄖𑄢 𑄞𑄖𑄴𑄖𑄪𑄚 𑄈𑄬𑄣𑄇𑄴।,Present
১. শামুকের খোলস ২. শামুকের খোলস,𑄥𑄧𑄚𑄟𑄪𑄢𑄳𑄦,Present
সুক্ষ্ম চামা,𑄥𑄪𑄉𑄧𑄖𑄧 𑄌𑄇𑄴𑄟 (𑄚𑄧𑄚𑄙𑄧𑄚𑄴),Present
সনার মুখে রাখবো সনার কথা,"𑄥𑄧𑄚𑄢𑄴 𑄟𑄪𑄢𑄳𑄦𑄖𑄴 𑄗𑄮𑄟𑄴 𑄥𑄧𑄚𑄢𑄴 𑄇𑄧𑄙𑄉𑄚𑄨 ,",Future
সনাের মাথা রাখবো সনা জিনিসপত্র,𑄥𑄧𑄚𑄢𑄴 𑄟𑄪𑄢𑄳𑄦𑄖𑄴 𑄗𑄮𑄟𑄴 𑄥𑄧𑄚𑄢𑄴 𑄎𑄨𑄋𑄴𑄇𑄚𑄨 ।,Future
হরিণের মুখে গিে সনার পেগে গান,"𑄥𑄧𑄚𑄢𑄴 𑄟𑄪𑄢𑄳𑄦𑄖𑄴 𑄉𑄬𑄝𑄧 𑄥𑄧𑄚𑄢𑄴 𑄛𑄬𑄉𑄬 𑄉𑄚𑄴,",Present
.সুগন্ধি গান তার ভালো লাগে।,𑄥𑄪𑄊𑄧𑄢𑄴 𑄉𑄚𑄧𑄢𑄴 𑄖𑄢𑄴 𑄎𑄪𑄢𑄬𑄝𑄧𑄘𑄬 𑄛𑄧𑄢𑄕𑄴 ।,Present
.সনাের মাথা হবে সনা মেঘ,"𑄥𑄧𑄚𑄢𑄴 𑄟𑄪𑄢𑄳𑄦𑄖𑄴 𑄦𑄧𑄝𑄧 𑄥𑄧𑄚𑄢𑄴 𑄟𑄬𑄊𑄧𑄈𑄢,",Future
.সনাের পাতা দিে সনা চামা,𑄥𑄧𑄚𑄢𑄴 𑄃𑄉𑄌𑄴 𑄎𑄪𑄢𑄨 𑄥𑄧𑄚𑄢𑄴 𑄌𑄚𑄴𑄖𑄢 ;,Present
একসাথে মিশে যেতে যেতে রাত হে গেল,"𑄥𑄧𑄟𑄢𑄬 𑄟𑄨𑄣𑄨𑄚𑄬 𑄡𑄪𑄘𑄨 𑄣𑄟𑄬 𑄎𑄪𑄚𑄧 𑄛𑄳𑄦𑄧𑄢𑄴,",Past
সেই দিন আসবে আমাদের জন সুখ,𑄥𑄬𑄘𑄨𑄚𑄳𑄠 𑄜𑄨𑄢𑄨𑄝𑄧 𑄥𑄪𑄈𑄴 𑄃𑄟𑄳𑄦 𑄎𑄧𑄚𑄧𑄟𑄧𑄢𑄴 ।,Future
রোজ: ০৯-০৫-২০১৯,[ 𑄢𑄮𑄎𑄬𑄠𑄬 : 𑄷𑄿-𑄶𑄻-𑄷𑄿𑄽𑄿 𑄈𑄳𑄢𑄨. ],Present
"১. (দা, ছুরি প্রভৃতির) বাট, বাট ২. (দা, ছুরি প্রভৃতির) বাট",[,Present
.চামা পথ - শামুকের পা,𑄌𑄋𑄴𑄟 𑄛𑄧𑄖𑄴 𑄧𑄟𑄴 𑄥𑄧𑄚𑄬𑄑𑄴] 𑄇𑄪𑄢𑄪𑄉𑄴,Present
প্রদীপের শিখাটা চাকমাহ্,𑄘𑄩𑄛𑄧𑄋𑄴𑄇𑄧𑄢𑄴 𑄥𑄳𑄢𑄨𑄉𑄳𑄠𑄚𑄴 𑄌𑄇𑄴𑄟 (𑄝𑄝𑄪𑄌𑄚𑄴),Present
চা-নাা কি দেখতেছি বািতে,𑄌-𑄚 𑄇𑄨 𑄘𑄬𑄉𑄧𑄌𑄴 𑄘𑄪𑄝𑄴𑄘𑄪𑄝𑄴 𑄊𑄧𑄢𑄚𑄧𑄖𑄴,Present
".তার শরীরটা চিকন হেছে, আছে","𑄖𑄧𑄖𑄳𑄠𑄃𑄨 𑄡𑄨𑄠𑄚𑄴 𑄌𑄨𑄎𑄨𑄇𑄳𑄠 𑄛𑄪𑄢𑄬𑄘𑄬, 𑄃𑄊𑄬",Present
"কি নিে চাও,এই মনটা এইবারে নিে যাও","𑄇𑄨 𑄢𑄨𑄚𑄨 𑄌, 𑄚𑄬𑄡𑄚 𑄃𑄬-𑄟𑄧𑄚𑄚𑄴 𑄃𑄬 𑄜𑄉𑄬 ।",Present
যখন চামাটা তুলে নাও উপরে,𑄡𑄪𑄘𑄨 𑄌(𑄌𑄴) 𑄃-𑄇𑄨𑄎𑄪 𑄖𑄪𑄣𑄨 𑄣𑄧 𑄃𑄩𑄖𑄴𑄖𑄚𑄧𑄖𑄴 ।,Present
কি কি ছবি নিে নিে যাও সোনা,𑄇𑄨 𑄇𑄨 𑄘𑄬𑄉𑄧𑄌𑄴 𑄇𑄣𑄨 𑄣𑄧𑄧𑄧𑄃𑄨 𑄣𑄨𑄉𑄨 𑄣𑄧 𑄥𑄮𑄚-,Present
এই বািতে অনেক তরকারি পেছে,"𑄇𑄪𑄢𑄴, 𑄃𑄊𑄬𑄚𑄨 𑄣𑄪𑄉𑄬𑄃𑄨𑄚𑄬𑄃𑄨 𑄃𑄬 𑄊𑄧𑄢𑄧𑄖𑄴,",Present
"উপরে,চালেরকে কেকবার বলা হ,কোণা","𑄃𑄫𑄊𑄧𑄢𑄧𑄖𑄴, 𑄌𑄣𑄧𑄥𑄬𑄢𑄬 𑄇𑄧𑄧𑄝𑄧𑄉𑄧𑄖𑄴, 𑄇𑄮𑄚-",Present
কুনি বিালের চামা নিে যাওা যা,𑄇𑄪𑄚𑄨 𑄢𑄨𑄚𑄨 𑄌 ; 𑄣𑄧𑄃𑄨 𑄛𑄢𑄧𑄌𑄴 𑄃𑄬 𑄎𑄪𑄝𑄧𑄖𑄴।,Present
"তোমার কুাগ,যেগুলো আছে সেগুলো যা আছে","𑄚𑄧 𑄓𑄧𑄢𑄋𑄴 𑄖𑄧 𑄇𑄪𑄢𑄪𑄉𑄴, 𑄡𑄨𑄠𑄚𑄨 𑄡 𑄃𑄊𑄬 -",Present
ছেঁাচো করা সব কাপচা করলে,𑄌𑄨𑄛𑄴𑄪𑄢𑄚 𑄇𑄮𑄌𑄴𑄛𑄚 𑄝𑄬(𑄇𑄴)𑄇𑄚𑄨 𑄚𑄨𑄣𑄬𑄠𑄧।,Past
আমার মনে হ সে যা লাগে,𑄟𑄧 𑄌𑄨𑄖𑄴𑄖𑄚𑄴 𑄎𑄧𑄚𑄧𑄟𑄴𑄱 𑄛𑄬𑄠𑄬 𑄖𑄬 𑄡 𑄣𑄉𑄬,Present
.আমি সব ভুলে যাবো।,𑄚𑄧 𑄦𑄢𑄬𑄟𑄴 𑄇𑄨𑄇𑄪 𑄟𑄪𑄭 𑄝𑄬𑄇𑄴𑄇𑄚𑄨 𑄘𑄨𑄣𑄬𑄠𑄧 ।,Future
রংটা আমার এখানে কি নিে যাবে,𑄢𑄧𑄋𑄧𑄛𑄘 𑄟𑄧 𑄃𑄨𑄙𑄪 𑄇𑄨 𑄚𑄨𑄝𑄬 𑄖𑄪𑄢𑄪𑄉𑄧𑄖𑄴 ?,Future
সব গুো হেছে আমার মাথা,𑄝𑄬(𑄇𑄴)𑄇𑄚𑄨 𑄦𑄢𑄬𑄠𑄧𑄌𑄴 𑄟𑄧 𑄌𑄨𑄘𑄧 𑄇𑄪𑄢𑄪𑄉𑄧𑄖𑄴 ।,Present
কবি এই গানটিও ১৯৭৬ সাল থেকে লিখতেছে,[𑄇𑄧𑄝𑄨𑄠𑄬 𑄃𑄬𑄃𑄨 𑄥𑄧𑄚𑄬𑄑𑄴𑄑𑄱𑄱 𑄷𑄿𑄽𑄼 𑄥𑄣𑄧𑄚𑄴𑄘𑄨 𑄢𑄮𑄎𑄬𑄠।,Present
এখানে চাকমারা চাকমাদের একটি গোষ্ঠী,𑄃𑄨𑄠𑄧𑄖𑄴 𑄌𑄋𑄴𑄟 𑄃𑄊𑄧𑄢𑄬 𑄢𑄪𑄛𑄚𑄴𑄖𑄧𑄢𑄴 𑄉𑄮𑄎𑄳𑄠𑄬 𑄥𑄪𑄉𑄧𑄖𑄧 𑄌𑄇𑄴𑄟 ।,Present
"এক জাতী বুনো ফল, যা সবজি হিসেবে ব্যবহৃত হ",]],Present
রিলোডের সম খেলা হচ্ছে,𑄢𑄨𑄚𑄣𑄮𑄃𑄨 𑄃𑄧𑄛𑄪 𑄃𑄪𑄘𑄧𑄚𑄧𑄖𑄴 𑄈𑄢 𑄦𑄧𑄘𑄧𑄚𑄴 ।,Present
তার মা তার জন্য তরকারি খুঁজতে যাচ্ছে,𑄖𑄟𑄴𑄟 𑄃 𑄖𑄃𑄝𑄬 𑄖𑄮𑄚𑄴 𑄖𑄧𑄉 𑄡𑄘𑄧𑄚𑄴 ।,Present
খেলা খেলতে খেলতে তারা রান্নাঘর সুো হলো,𑄈𑄢 𑄈𑄧𑄘𑄬 𑄈𑄧𑄘𑄬 𑄖𑄢 𑄛𑄨𑄎𑄮𑄢𑄧𑄖𑄴 𑄥𑄮𑄟𑄬𑄣𑄇𑄴 ।,Past
রান্নাঘর এখন আগুন লাগে,𑄛𑄨𑄎𑄮𑄢𑄧 𑄅𑄣𑄮𑄚𑄴𑄥𑄣𑄧𑄖𑄴 𑄥𑄬𑄇𑄴𑄇𑄬 𑄃𑄉𑄪𑄚𑄚𑄴 𑄎𑄧𑄣𑄬𑄢𑄴 ।,Present
.উলোনগুলো থেকে একটি দাঁি বের হে লুকোচুরি খেলছে,𑄅𑄣𑄮𑄚𑄴𑄥𑄣𑄧𑄖𑄴𑄖𑄪𑄚𑄴 𑄃𑄬𑄇𑄴𑄇𑄚𑄴 𑄘𑄢𑄴𑄝𑄮 𑄈𑄪𑄠𑄬𑄚𑄬𑄃𑄨 𑄃𑄧𑄛𑄪 𑄈𑄢 𑄈𑄧𑄢𑄴 ।,Present
খেলা করতে করতে তার শরীরে আগুন লাগে,𑄈𑄢 𑄦𑄧𑄘𑄬 𑄦𑄧𑄘𑄬 𑄃𑄘𑄨𑄇𑄴𑄇𑄳𑄠 𑄉𑄧𑄢𑄨 𑄖 𑄇𑄨𑄠𑄬𑄖𑄴 𑄃𑄉𑄪𑄚𑄴 𑄝𑄥𑄴𑄎𑄳𑄠𑄬 ।,Present
বাজিে পে পে গেল,𑄝𑄎𑄨𑄚𑄬𑄃𑄨 𑄃𑄧𑄛𑄪 𑄓𑄧𑄢𑄬 𑄎𑄧𑄉𑄢𑄴 𑄛𑄢𑄨 𑄛𑄢𑄨 𑄛𑄣𑄴𑄣𑄳𑄠𑄢𑄴 ।,Past
রিনা তাাতাি এসে ভেজা বস্তা চাবি ধরলো,𑄢𑄨𑄚 𑄙𑄝 𑄃𑄬𑄚𑄬𑄭 𑄞𑄨𑄎𑄬 𑄝𑄧𑄥𑄴𑄖𑄣𑄧𑄭 𑄅𑄉𑄪𑄢𑄬 𑄌𑄝𑄨 𑄙𑄧𑄣𑄴𑄣𑄧 ।,Past
এই পুাটা তার মাথা তুলে নিল,𑄃𑄬 𑄛𑄧𑄢𑄬𑄚𑄴𑄘𑄨 𑄢𑄨𑄚 𑄖 𑄟𑄪𑄎𑄨𑄢𑄬 𑄓𑄉𑄨 𑄃𑄚𑄨𑄣𑄧 ।,Past
তার মুখ থেকে শুধু গন্ধ বের হ,𑄖 𑄟𑄪𑄎𑄨 𑄃𑄧𑄛𑄪𑄢𑄬 𑄓𑄇𑄴𑄖𑄧𑄢𑄧 𑄃𑄨𑄘𑄪 𑄚𑄨𑄣𑄧 ।,Present
ঔষধির দোকানদার তাকে কল দিে তাকে আর আগুন দে না,𑄘𑄢𑄪 𑄘𑄨𑄚𑄬𑄭 𑄓𑄇𑄴𑄖𑄧𑄎𑄴𑄎𑄳𑄠𑄬 𑄖𑄢𑄬 𑄇𑄧𑄣𑄧 𑄃𑄉𑄪𑄚𑄴𑄘𑄭 𑄈𑄢 𑄚𑄧𑄦𑄮𑄎𑄴 𑄃𑄢𑄴 ।,Present
ভাঙা টুকরো দো-রান্না করা,𑄞𑄋𑄢𑄜𑄀 𑄙𑄃𑄆𑄪 - 𑄧𑄢𑄃𑄚𑄳𑄆𑄁 𑄛𑄉𑄳𑄆𑄥,Present
বিদ্যুৎ চমকানি আসলো,𑄏𑄨𑄟𑄨𑄖𑄴 𑄚𑄋𑄬 𑄃𑄬𑄇𑄴𑄇𑄱 𑄉𑄪𑄢𑄧 𑄃𑄬𑄣𑄧 ।,Past
সে স্কুল থেকে চলে যাচ্ছে,𑄖𑄬 𑄃𑄨𑄥𑄴𑄇𑄪𑄣𑄧𑄖𑄴𑄖𑄪𑄚𑄴 𑄙𑄬 𑄡𑄬𑄘𑄧 ।,Present
.টাকা নিে পেট ভরেছে।,𑄇𑄚𑄴𑄖 𑄣𑄮𑄚𑄬𑄃𑄨 𑄛𑄬𑄃𑄨𑄇𑄴 𑄗𑄮𑄉𑄬𑄘𑄧 ।,Present
স্কুল ফাকি দিে খেলা হ,𑄃𑄨𑄥𑄴𑄇𑄪𑄣𑄧 𑄃𑄧𑄇𑄴𑄖𑄧𑄖𑄴 𑄥𑄧𑄟𑄎𑄳𑄠𑄣𑄮𑄃𑄨 𑄈𑄢 𑄦𑄧𑄘𑄧 ।,Present
তার মা কথা শুনে না,𑄖𑄟𑄴𑄟 𑄇𑄧𑄙 𑄚𑄧 𑄥𑄪𑄚𑄨𑄘𑄧 ।,Present
রাতের বেলা মোচা ঘুমা,𑄢𑄬𑄘𑄮𑄖𑄴 𑄟𑄮𑄎𑄪𑄢𑄨 𑄍𑄢 𑄊𑄪𑄟𑄴 𑄡𑄬𑄘𑄧 ।,Present
এক দিন বো বো করে জ্বর উঠল,𑄃𑄬𑄇𑄴𑄘𑄨𑄚𑄴𑄚𑄳𑄠 𑄝𑄬𑄥𑄴 𑄉𑄧𑄢𑄨 𑄎𑄧𑄢𑄴 𑄃𑄪𑄘𑄨𑄣𑄧 ।,Past
তার বাবা তাকে ডেকে নিে গেল,𑄖 𑄝𑄝𑄬 𑄖𑄢𑄬 𑄓𑄇𑄴𑄖𑄧𑄢𑄧𑄃𑄨𑄙𑄪 𑄚𑄨𑄣𑄧 ।,Past
লাল পরীক্ষা মেেটা ধরা পলো,𑄣𑄮 𑄛𑄧𑄢𑄨𑄇𑄴𑄈𑄖𑄴 𑄟𑄬𑄣𑄬𑄢𑄨𑄠𑄬 𑄙𑄧𑄢 𑄛𑄧𑄣𑄴𑄣𑄧 ।,Present
ঔষধি ট্যাবলেট দিল সে ভালো করে খেলো,𑄓𑄇𑄴𑄖𑄧𑄎𑄳𑄠 𑄘𑄢𑄪 𑄘𑄨𑄣𑄧 𑄃 𑄖𑄬 𑄉𑄧𑄟𑄬-𑄘𑄣𑄬 𑄈𑄬𑄣𑄧 ।,Past
অসুখ ভালো হে সে স্কুলে গেল,𑄛𑄨𑄢𑄬 𑄉𑄧𑄟𑄴 𑄦𑄮𑄚𑄬𑄃𑄨 𑄖𑄬 𑄃𑄨𑄥𑄴𑄇𑄪𑄣𑄧𑄖𑄴 𑄉𑄬𑄣𑄧 ।,Past
সে এখন মশারি টাঙিে ঘুমাই,𑄖𑄬 𑄃𑄨𑄇𑄴𑄇𑄬 𑄟𑄮𑄎𑄪𑄢𑄨 𑄑𑄋𑄬𑄚𑄬 𑄊𑄪𑄟𑄴 𑄡𑄃𑄨 ।,Present
"১. ১. ২. (দা, ছুরি প্রভৃতি) শান দেওা",𑄷𑄸,Present
রেছে:মনিলাল চামা,𑄢𑄧𑄎𑄬𑄠𑄬 : 𑄟𑄧𑄚𑄨𑄣𑄣𑄴 𑄌𑄋𑄴𑄟,Present
কোচা করা ভালো না,𑄇𑄮𑄌𑄴𑄎𑄳𑄠 𑄉𑄧𑄢𑄚 𑄉𑄧𑄟𑄴 𑄚𑄧𑄠𑄴,Present
নাচা করে দুইজনে খেলা হ,𑄚𑄧𑄠𑄧𑄚 𑄃 𑄌𑄧𑄠𑄧𑄚 𑄘𑄨𑄎𑄧𑄚𑄬 𑄈𑄢 𑄦𑄧𑄘𑄧𑄚𑄴 ।,Present
খেলা করতে করতে চা চা করে দিল,𑄈𑄢 𑄦𑄧𑄘𑄬 𑄦𑄧𑄘𑄬 𑄚𑄧𑄠𑄧𑄚 𑄌𑄧𑄠𑄧𑄚𑄢𑄬 𑄒𑄬𑄣𑄨 𑄘𑄨𑄣𑄧 ।,Past
ছার আগা খেে দুঃখ পেল,𑄍𑄧𑄠𑄧𑄚 𑄃𑄉𑄢𑄴 𑄈𑄬𑄭 𑄘𑄪𑄇 𑄴𑄛𑄬𑄣𑄧 ।,Past
ছানো বািতে যে তার মাকে বলে দিল,𑄍𑄧𑄠𑄧𑄚 𑄊𑄧𑄢𑄧𑄖𑄴 𑄡𑄬𑄃𑄨 𑄖𑄟𑄴𑄟𑄢𑄬 𑄇𑄮𑄃𑄨 𑄘𑄨𑄣𑄧 ।,Past
"তাামা বলে,ছেলেটাকে মারবো না","𑄗𑄟𑄴𑄟 𑄇𑄧𑄣𑄧,''𑄚𑄧𑄠𑄧𑄚𑄢𑄬 𑄇𑄮𑄃𑄨𑄘𑄨𑄟𑄴 𑄚𑄧 𑄟𑄢𑄨𑄝𑄬𑄖𑄴𑄃𑄨""।",Future
এক দিন দিন খেলা করতে করতে ক্লান্ত হে পলো,𑄃𑄬𑄇𑄴 𑄘𑄨𑄚𑄳𑄠𑄚𑄧𑄠𑄧𑄚𑄬 𑄈𑄢 𑄦𑄧𑄘𑄬 𑄦𑄧𑄘𑄬 𑄒𑄘𑄬 𑄛𑄧𑄣𑄴𑄣𑄧 ।,Present
নাচা করে সবাই নাচা করল,𑄚𑄧𑄠𑄧𑄚𑄢𑄬 𑄇𑄨𑄠𑄮𑄎𑄧𑄚𑄬 𑄚𑄧𑄖𑄪 𑄣𑄨𑄣𑄇𑄴 ।,Past
ছানো নার জন্য বািটা তুলে নিল,𑄍𑄧𑄠𑄧𑄚𑄬 𑄚𑄧𑄠𑄧𑄚𑄢𑄬 𑄖𑄪𑄣𑄨𑄚𑄬𑄭 𑄊𑄧𑄢𑄧𑄖𑄴𑄃 𑄚𑄨𑄣𑄧 ।,Past
এখানে হনা সবাইকে দেখলে,𑄄𑄚𑄴𑄘𑄧 𑄦𑄧𑄚𑄬𑄭 𑄚𑄧𑄠𑄧𑄚 𑄝𑄬𑄇𑄴𑄇𑄪𑄚𑄧𑄢𑄬 𑄘𑄬𑄉𑄨𑄣𑄧 ।,Past
বেগ যাকে চা দেখি,𑄝𑄬𑄉𑄧 𑄡𑄬𑄢𑄬 𑄌𑄧𑄠𑄧𑄚𑄢𑄬 𑄘𑄬𑄉𑄨𑄣𑄧 ।,Present
.তামামা তাাতাি কোথা থাকে জানো?,"𑄗𑄟𑄴𑄟 𑄖𑄢𑄬𑄇𑄧𑄣𑄧, ''𑄌𑄧𑄠𑄧𑄚𑄬 𑄡𑄧𑄘𑄨𑄚𑄧 𑄗𑄬𑄘𑄧 𑄇𑄨𑄦𑄧𑄣𑄪𑄚𑄴 𑄈𑄧𑄝𑄧𑄢𑄴 𑄛𑄥𑄴""?",Present
.সোজাপানির শব্দ করে নাচাচা করলো,𑄥𑄮𑄉𑄧𑄛𑄚𑄨 𑄢𑄬-𑄢𑄬 𑄉𑄧𑄢𑄨 𑄚𑄧𑄠𑄧𑄚 𑄌𑄧𑄠𑄧𑄚𑄢𑄬 𑄦𑄎 𑄉𑄧𑄢𑄨𑄣𑄧 ।,Past
রেছে: না জোা চাংমা,𑄢𑄧𑄎𑄬𑄠𑄬 : 𑄚𑄧𑄠𑄧𑄚𑄴 𑄎𑄮𑄖𑄨 𑄌𑄋𑄴𑄟,Present
১ নম্বর বিজ্ঞপ্তি: ২০১৪,𑄷 𑄚𑄧𑄟𑄴𑄝𑄧𑄢𑄴 𑄜𑄧𑄉𑄧𑄘𑄋𑄴 : 𑄸𑄶𑄷𑄺,Present
যে কাজ সে করে,𑄡 𑄇𑄟𑄴 𑄖𑄬 𑄉𑄧𑄢𑄬,Present
জুম করে জুমে যাচ্ছে,𑄎𑄪𑄟𑄴 𑄉𑄧𑄢𑄨𑄠𑄬 𑄎𑄪𑄟𑄧𑄖𑄴 𑄡𑄘𑄧𑄚𑄴 ।,Present
ভুই করে ধান লাগাচ্ছে,𑄞𑄪𑄃𑄨 𑄉𑄧𑄢𑄨𑄠𑄬 𑄙𑄚𑄴 𑄣𑄉𑄘𑄧𑄚𑄴 ।,Present
ঢাক ঢোল বাজালো,𑄔𑄇𑄴𑄖𑄪𑄎𑄴𑄎𑄳𑄠 𑄛𑄨𑄢𑄨𑄣𑄴𑄣𑄳𑄠 𑄌𑄢𑄴 ।,Past
.নাবোধক চুল কেটে দে,𑄚𑄝𑄨𑄖𑄴𑄖𑄳𑄠 𑄌𑄪𑄣𑄴 𑄇𑄝𑄨 𑄘𑄬𑄢𑄴 ।,Present
পলিথিন শার্ট,𑄈𑄧𑄣𑄨𑄝𑄝𑄪 𑄇𑄝𑄧𑄢𑄴 𑄥𑄨𑄣𑄢𑄴 ।,Present
দোাদাি মাল বেজেছে,𑄘𑄮𑄠𑄚𑄴𑄘𑄎𑄴𑄎𑄳𑄠 𑄟𑄣𑄴 𑄝𑄬𑄎𑄬𑄢𑄴 ।,Present
সব বার করে একজন লোক যা,𑄝𑄬𑄇𑄴 𑄝𑄢𑄖𑄴 𑄉𑄧𑄢𑄨 𑄃𑄬𑄇𑄴𑄇𑄮 𑄟𑄚𑄪𑄥𑄴 𑄡𑄢𑄴 ।,Present
গাছতলা কত লোক সলাপরামর্শ করছে,𑄉𑄎𑄧𑄖𑄴𑄖𑄣𑄬 𑄇𑄧𑄘𑄪𑄇𑄴𑄇𑄮 𑄟𑄚𑄪𑄎𑄬 𑄥𑄧𑄣𑄴𑄣 𑄉𑄧𑄖𑄴𑄖𑄧𑄚𑄴 ।,Present
.মেেদের বাচ্চাকে পতে হ,𑄘𑄨𑄘𑄨𑄟𑄧𑄚𑄨 𑄛𑄪𑄠𑄃𑄪𑄚𑄢𑄬 𑄛𑄧𑄢𑄢𑄴 ।,Present
"বুো, বৃদ্ধ",𑄝𑄪,Present
সাদা ও সাদা কথা,𑄇𑄣𑄢𑄴 𑄃 𑄙𑄧𑄣𑄢𑄴 𑄇𑄧𑄙,Present
বেইনটা দুইজনে জমিতে যাচ্ছে,𑄝𑄧𑄚𑄨 𑄃 𑄖𑄧𑄚𑄨 𑄘𑄨 𑄎𑄧𑄚𑄬 𑄞𑄪𑄠𑄧𑄖𑄴 𑄡𑄘𑄧𑄚𑄴 ।,Present
সমাজটা সবাই জমি এসেছে,𑄥𑄧𑄟𑄎𑄳𑄠𑄃𑄪𑄚𑄴 𑄝𑄬𑄇𑄴𑄇𑄪𑄚𑄴 𑄞𑄪𑄠𑄧𑄖𑄴 𑄃𑄬𑄉𑄧𑄖𑄴𑄖𑄧𑄢𑄴 𑄃𑄧𑄠𑄧𑄚𑄴 ।,Present
ভে কি বাজানো যাবে নাকি?,𑄞𑄧𑄚𑄨 𑄇𑄨𑄖𑄴𑄖𑄬𑄌𑄱𑄇𑄴 𑄝𑄚𑄴𑄳𑄠 𑄈𑄢 𑄦𑄨𑄝𑄨𑄋𑄴 𑄚𑄇𑄨 ?,Future
ভনভন চোখগুলো বন্ধ করে দিল,𑄞𑄧𑄚𑄨𑄖𑄧𑄚𑄨𑄢𑄴 𑄌𑄱𑄇𑄴 𑄉𑄚𑄴𑄎 𑄇𑄚𑄨𑄣𑄮𑄃𑄨 𑄝𑄚𑄨 𑄘𑄨𑄣𑄧 ।,Past
স্যান্ডেলটা নিে যাওার সম তাকে ধরো,𑄥𑄮𑄉𑄴𑄝𑄚𑄳𑄠 𑄇𑄪𑄚𑄴𑄘𑄨 𑄡𑄧𑄢𑄴 𑄡𑄢𑄬 𑄛𑄥𑄴 𑄖𑄢𑄬 𑄙𑄧𑄢𑄴 ।,Present
.তন্ন তন্ন করে সবাই ঘুরতেছে।,𑄖𑄧𑄚𑄨𑄢𑄴 𑄌𑄬𑄢𑄮𑄇𑄨𑄖𑄴𑄖𑄳𑄠 𑄝𑄬𑄇𑄴𑄇𑄪𑄚𑄬 𑄊𑄪𑄢𑄧𑄘𑄧𑄚𑄴 ।,Present
সবাই তর্জনি ধরে তাকিে আছে,𑄝𑄬𑄇𑄴𑄇𑄪𑄚𑄬 𑄖𑄧𑄚𑄨𑄢𑄴 𑄥𑄨𑄣𑄪𑄟𑄧𑄖𑄴 𑄙𑄧𑄢𑄨 𑄖𑄚𑄖𑄚𑄨 𑄉𑄧𑄖𑄴𑄖𑄧𑄚𑄴 ।,Present
বনি চোরটি তার হাত ধরে পেল,𑄝𑄧𑄚𑄨 𑄌𑄬𑄢𑄬𑄖𑄴𑄉𑄪𑄢𑄨 𑄖𑄧𑄚𑄨𑄢𑄴 𑄃𑄖𑄴𑄖𑄚𑄴 𑄙𑄧𑄢𑄨 𑄛𑄬𑄣𑄧 ।,Past
ভে চোখ বন্ধ করে ওইটা পেল,𑄞𑄧𑄚𑄨 𑄌𑄱𑄇𑄴 𑄝𑄚𑄴𑄳𑄠 𑄃𑄮𑄃𑄨 𑄛𑄬𑄣𑄧 ।,Past
এখন ব চোখ বানিে দেওা লাগবে,𑄃𑄨𑄇𑄴𑄇𑄬 𑄝𑄧𑄚𑄨𑄢𑄴 𑄌𑄱𑄇𑄴 𑄝𑄚𑄨 𑄘𑄨𑄝𑄢𑄴 𑄛𑄣 ।,Future
বিপদে পা ভালো না,𑄝𑄨𑄛𑄧𑄘𑄧𑄖𑄴 𑄦𑄎𑄚 𑄉𑄧𑄟𑄴 𑄚𑄠𑄴,Present
"এক দিন কুেল চিটিংবাজ,নাগাে কাজে গেল","𑄃𑄬𑄇𑄴𑄘𑄨𑄚𑄳𑄠𑄬 𑄈𑄪𑄢𑄮𑄣𑄴 𑄜𑄉𑄢, 𑄚𑄋𑄧𑄣𑄴 𑄃 𑄥𑄢𑄨𑄠𑄚𑄬 𑄇𑄟𑄧𑄖𑄴 𑄉𑄬𑄣𑄇𑄴 ।",Past
কাজ করতে করতে মুরগিটা মারা গেল,𑄈𑄟𑄧𑄖𑄴 𑄡𑄬𑄚𑄬𑄃𑄨 𑄇𑄪𑄢𑄮𑄣𑄚𑄬 𑄉𑄌𑄴𑄌𑄱 𑄇𑄝 𑄙𑄧𑄣𑄴𑄣𑄧 ।,Past
গাছের কাটা দিে মুরগির দাঁত ভেঙে গেল,𑄉𑄌𑄴𑄌𑄱 𑄇𑄝𑄧𑄘𑄬 𑄇𑄪𑄢𑄮𑄣𑄚𑄧 𑄘𑄖𑄴 𑄞𑄋𑄨 𑄉𑄬𑄣𑄧 ।,Past
রোগাক্রান্ত হে চোখ বন্ধ করে আছে,𑄛𑄨𑄢𑄬 𑄛𑄬𑄚𑄬𑄭 𑄈𑄪𑄢𑄮𑄣𑄴𑄃𑄚𑄬 𑄇𑄚 𑄙𑄧𑄎𑄳𑄠𑄬 ।,Present
মুরগিগুলো ব ব করে নাচতেছে,𑄇𑄪𑄢𑄮𑄣𑄚𑄧𑄢𑄴 𑄘𑄪𑄢𑄴𑄉𑄪𑄘𑄨 𑄘𑄬𑄉𑄨 𑄚𑄋𑄧𑄣𑄚𑄬 𑄦𑄎 𑄙𑄧𑄌𑄴𑄎𑄳𑄠𑄬 ।,Present
.আল চুি দিে আালের ফুটোটা খুলে গেল।,𑄃𑄣𑄴 𑄌𑄪𑄠𑄧𑄘𑄬 𑄌𑄪𑄠𑄧𑄘𑄬 𑄃𑄘𑄨𑄇𑄴𑄇𑄳𑄠𑄬 𑄉𑄪𑄢𑄨 𑄚𑄋𑄧𑄣𑄧 𑄜𑄣𑄴𑄣𑄮 𑄈𑄪𑄠𑄬 𑄉𑄬𑄣𑄧 ।,Past
নাঙে ব্যাথা পেে কাকের মতো হেছে,𑄚𑄋𑄧𑄣𑄚𑄬 𑄛𑄨𑄢𑄬 𑄛𑄬𑄚𑄬𑄃𑄨 𑄇𑄧𑄋 𑄙𑄧𑄌𑄴𑄎𑄳𑄠𑄬 ।,Present
তাদের দূর্গাটা দিে সাজলো,𑄖𑄢𑄢𑄴 𑄘𑄪𑄢𑄴𑄉𑄧𑄘𑄨 𑄘𑄬𑄚𑄬𑄃𑄨 𑄥𑄢𑄨𑄃𑄚𑄬 𑄃𑄎 𑄙𑄧𑄣𑄴𑄣𑄧 ।,Past
ধান কাটতে কাটতে সারিটা বাঁকা হেছে,𑄙𑄚𑄴 𑄇𑄝𑄧𑄘𑄬 𑄇𑄝𑄧𑄘𑄬 𑄥𑄢𑄨𑄃𑄚𑄴 𑄝𑄬𑄋 𑄦𑄧𑄣𑄧 ।,Present
সারিটা ব্যাঙের মতো দেখতে এক নাগাে নাচতেছে,𑄥𑄢𑄨𑄃𑄚𑄴 𑄝𑄬𑄋 𑄃𑄧𑄘𑄬 𑄘𑄬𑄉𑄨 𑄚𑄋𑄧𑄣𑄚𑄴 𑄃 𑄜𑄉𑄢𑄃𑄚𑄬 𑄃𑄎 𑄙𑄧𑄣𑄴𑄣𑄇𑄴 ।,Present
মুরগির ডাক-কারো বিপদে পাে যাওা ভালো না,𑄇𑄪𑄢𑄮𑄣𑄚𑄬 𑄇𑄧𑄣𑄧- 𑄇𑄢𑄧 𑄝𑄨𑄛𑄧𑄘𑄧𑄖𑄴 𑄦𑄎𑄚 𑄉𑄧𑄟𑄴 𑄚𑄧𑄠𑄴 ।,Present
কাপের রুব রো,𑄇𑄮𑄌𑄴𑄛𑄚𑄢𑄴 𑄢𑄪𑄝𑄧 𑄢𑄬𑄉,Present
.পজ্জোনের আকাশে একটি দুপা ফাঁক করে উড়ে যা।,𑄛𑄳𑄦𑄧𑄚𑄴 𑄃𑄉𑄎𑄧𑄖𑄴 𑄃𑄬𑄇𑄴𑄇𑄚𑄴 𑄘𑄨𑄠𑄚𑄴 𑄙𑄪𑄝𑄴 𑄟𑄬𑄊𑄴 𑄣𑄧𑄢𑄣𑄧𑄢𑄨𑄉𑄧𑄢𑄨 𑄃𑄪𑄢𑄨 𑄡𑄢𑄴 ।,Present
.আকাশে কাপের পুিটা লজ্জা করে,𑄃𑄉𑄏𑄧𑄖𑄴 𑄇𑄘𑄨 𑄟𑄏𑄧𑄢𑄴 𑄛𑄪𑄚𑄴𑄘𑄨𑄟 𑄌𑄚𑄴 𑄣𑄎𑄬𑄭,Present
দুটি এক রাত পেে উে যা,𑄘𑄨𑄝𑄬 𑄃𑄬𑄇𑄴𑄇𑄮 𑄢𑄬𑄘𑄧 𑄛𑄬𑄭𑄇𑄴 𑄃𑄪𑄢𑄨 𑄃𑄪𑄢𑄨 𑄏𑄪𑄝𑄪𑄢𑄧𑄟𑄧𑄇𑄳𑄠 𑄡 𑄙𑄧𑄎𑄳𑄠𑄚𑄴।,Present
পথঘাট এই জুন মাস পর্যন্ত,𑄛𑄧𑄖𑄴𑄛𑄧𑄖𑄳𑄠 𑄃𑄬 𑄎𑄪𑄚𑄴 𑄛𑄳𑄦𑄧𑄢𑄧𑄖𑄴 𑄉𑄧𑄘,Present
বামটা রুব রঙে ভরপুর,𑄝𑄳𑄦𑄟𑄴𑄠𑄚𑄴 𑄢𑄪𑄝𑄧 𑄢𑄧𑄋𑄬 𑄞𑄧𑄢𑄨 𑄃𑄪𑄖𑄳𑄠𑄬।,Present
"প্রতিদিন বাতাস বে যা, মন কেমন কেমন করে","𑄐𑄨𑄝𑄢𑄴𑄬 𑄛𑄨𑄝𑄨𑄢𑄴 𑄛𑄨𑄝𑄨𑄢𑄴 𑄝𑄪𑄠𑄢𑄧𑄖𑄴 𑄇𑄨𑄠𑄳𑄠𑄬, 𑄌𑄨𑄖𑄴𑄇𑄧𑄣𑄴𑄎𑄳𑄠 𑄎𑄪𑄢𑄬 𑄡𑄢𑄴।",Present
"দিন, দিবস",𑄘𑄨𑄚𑄴।,Present
.কিং ভিে পাহাের বাতিটা দেখে আসলাম।,𑄇𑄨𑄠𑄧𑄋𑄧 𑄞𑄨𑄘𑄬𑄝𑄮𑄖𑄴 𑄦𑄏𑄢𑄴 𑄝𑄖𑄴𑄖𑄨 𑄛𑄳𑄦𑄧𑄢𑄴𑄠𑄚𑄴 𑄛𑄪𑄚𑄴𑄘𑄨𑄟𑄚𑄧𑄢𑄬 𑄎𑄬𑄚𑄬 𑄃𑄬𑄎𑄣𑄴 𑄘𑄬𑄢𑄴 ।,Past
কুাকুা,𑄇𑄭𑄇𑄪𑄢𑄬 𑄗𑄪𑄝𑄬𑄠𑄬,Present
মানুষরা আরও দূরে দূরে দেখা যা,𑄟𑄚𑄪𑄌𑄴𑄌𑄪𑄚𑄧𑄢𑄴 𑄃𑄢𑄪𑄇𑄴𑄇𑄚𑄨 𑄛𑄧𑄢𑄖𑄴 𑄛𑄧𑄢𑄖𑄴 𑄘𑄬𑄊 𑄡𑄢𑄴।,Present
পথটা পুিে যাওা মানুষদের দেব রং করে,𑄛𑄧𑄖𑄴𑄛𑄧𑄖𑄳𑄠 𑄛𑄪𑄚𑄴𑄘𑄨𑄟 𑄛𑄳𑄦𑄧𑄢𑄴𑄠𑄚𑄴 𑄝𑄬𑄇𑄴 𑄟𑄚𑄪𑄌𑄴𑄌𑄪𑄚𑄧𑄢𑄬 𑄘𑄬𑄝𑄧 𑄢𑄧𑄋𑄬,Future
সুন্দর করে মন বেঁধে দো,𑄥𑄎𑄬𑄭 𑄟𑄧𑄚𑄴 𑄢𑄋𑄬 𑄘𑄬 𑄙𑄧𑄎𑄳𑄠।,Present
.নীল রঙের আকাশে এই জুন মাসের আকাশে মনটা কেমন যেন করতেছে,𑄚𑄨𑄣𑄪 𑄃𑄳𑄦 𑄙𑄧𑄣𑄴 𑄌𑄚𑄧𑄢𑄴 𑄃𑄬𑄥𑄳𑄠𑄬 𑄃𑄬 𑄎𑄪𑄚𑄴 𑄛𑄳𑄦𑄧𑄢𑄧𑄖𑄴 𑄟𑄧𑄚𑄧 𑄖𑄝𑄪𑄣𑄧𑄖𑄴 𑄇𑄮𑄌𑄴𑄛𑄚,Present
ঘন ঘন নদীর পানি নামতেছে,𑄊𑄧𑄚𑄧 𑄊𑄧𑄚𑄧 𑄝𑄢𑄨𑄎𑄬 𑄉𑄋𑄧 𑄛𑄚𑄨𑄥𑄚𑄴 𑄣𑄟 𑄙𑄧𑄎𑄳𑄠।,Present
ফর্সা চেহারার মানুষদের যে কত ভ পা সেগুলো এই পৃথিবীতে কে বলতে পারে,𑄙𑄧𑄣𑄴 𑄌𑄚𑄬 𑄚𑄨𑄣𑄪𑄢𑄬 𑄎𑄬 𑄇𑄧𑄘𑄧𑄇𑄴 𑄇𑄮𑄌𑄴 𑄛𑄠𑄴 𑄥𑄨𑄠𑄚𑄴 𑄃𑄬 𑄛𑄨𑄖𑄴𑄗𑄨𑄟𑄨𑄖𑄴 𑄖𑄬 𑄃𑄬𑄇𑄴𑄎𑄧𑄚𑄴 𑄝𑄘𑄬 𑄇𑄧𑄚𑄴𑄚 𑄃 𑄇𑄧𑄄 𑄛𑄢𑄬।,Present
.নিঃশব্দ সাদা চামা পরতেছে,𑄚𑄨𑄣𑄪𑄠𑄮 𑄙𑄧𑄣𑄴 𑄌𑄚𑄧𑄢𑄬 𑄥𑄬𑄎𑄚𑄳𑄠𑄬।,Present
কালো দুই জনের মন ভেঙে কথা বলতেছে,𑄇𑄣𑄨𑄇𑄴 𑄘𑄨 𑄎𑄧𑄚𑄧𑄢𑄴 𑄟𑄧𑄚𑄧 𑄇𑄧𑄙 𑄞𑄋𑄨 𑄇𑄧𑄝𑄢𑄴 𑄎𑄪 𑄇𑄪𑄘𑄪।,Present
সূর্য ডোবার সম পাহাের পাহাে আলো পে,𑄝𑄬𑄣𑄚𑄴 𑄝𑄬𑄚𑄳𑄠𑄬 𑄟𑄙𑄚𑄴 𑄛𑄪𑄉𑄮 𑄟𑄮𑄚𑄴 𑄜𑄪𑄢𑄨 𑄅𑄙𑄬।,Present
বিালের পানিতে ডুবে যা,𑄝𑄬𑄣𑄳𑄠𑄬 𑄛𑄧𑄎𑄨𑄟𑄧 𑄟𑄮𑄚𑄧𑄚𑄴𑄘𑄨 𑄓𑄪𑄝𑄬𑄉𑄧𑄄।,Present
দুই জনের মনের কথা ভেঙে গেছে,𑄘𑄨 𑄎𑄧𑄚𑄧𑄢𑄴 𑄟𑄧𑄚𑄧 𑄇𑄧𑄙 𑄞𑄋𑄨,Present
কোথা বুক ফাঁপা রোগ হ না,𑄇𑄧𑄄𑄚𑄬 𑄝𑄪𑄇𑄴𑄇𑄮 𑄛𑄘𑄧𑄣𑄴 𑄉𑄧𑄢𑄨𑄝𑄢𑄴 𑄎𑄪 𑄚𑄧 𑄦𑄧𑄠𑄴।,Present
.সে এই পুিটা সাদা চামা মনে খেে বারি মারে,𑄃𑄬𑄥𑄳𑄠𑄬 𑄃𑄬 𑄛𑄪𑄚𑄴𑄘𑄨𑄟 𑄙𑄧𑄣𑄴 𑄌𑄧𑄚 𑄟𑄧𑄚𑄧𑄖𑄴 𑄈𑄬𑄚𑄬 𑄈𑄬𑄚𑄬 𑄝𑄢𑄨 𑄟𑄢 𑄙𑄧𑄎𑄳𑄠।,Present
ফর্সা যুবকের দিকে তাাতাি তাকা,𑄙𑄧𑄣𑄴 𑄚𑄨𑄣𑄪𑄢𑄬 𑄢𑄨𑄚𑄨 𑄌𑄠𑄴 𑄃,Present
.পুঁতির চূা কাটলে চোখগুলো তুলে,𑄛𑄪𑄚𑄴𑄘𑄨𑄟 𑄌𑄧𑄚 𑄇𑄬𑄭𑄖𑄴 𑄌𑄮𑄇𑄴𑄈𑄪𑄚𑄴 𑄖𑄪𑄣𑄬।,Present
.পুুুুুুুুুুুুুুুুুুুুা পথে নীলুর ফর্সা আরুগুলো সুন্দর হে আসে,𑄛𑄪𑄪𑄚𑄴𑄘𑄨𑄟 𑄛𑄧𑄖𑄴𑄛𑄧𑄖𑄳𑄠 𑄛𑄳𑄦𑄧𑄢𑄧𑄖𑄴 𑄚𑄨𑄣𑄪𑄢𑄴 𑄙𑄧𑄣𑄴 𑄃𑄢𑄪𑄇𑄴𑄇𑄚𑄴 𑄘𑄮𑄣𑄴 𑄛𑄪𑄢𑄨 𑄃𑄢𑄪𑄇𑄴 𑄦𑄮𑄄,Present
কেজান যে ফর্সা সেটা দেখলে আমার ভালো লাগে,𑄇𑄬𑄎𑄚𑄴 𑄎𑄬 𑄣𑄉𑄬𑄢𑄴 𑄥𑄨𑄠𑄚𑄴 𑄙𑄧𑄣𑄴 𑄌𑄚𑄬 𑄟𑄪𑄃𑄧 𑄇𑄧𑄙𑄣𑄮𑄄 𑄝𑄪𑄏𑄧𑄄 𑄇𑄬𑄚𑄬!,Present
"নিলুর লাল খাদি, কালো পেইল","𑄚𑄨𑄣𑄪𑄢𑄴 𑄢𑄋 𑄈𑄘𑄨, 𑄇𑄣 𑄛𑄬𑄭𑄣𑄴",Present
"লাল পিনন, চুলে ফুল দিে চাচা করে সবুজ ঘাসে ঢাকা মাটি","𑄢𑄋 𑄛𑄨𑄚𑄮𑄚𑄴𑄚𑄚𑄴 , 𑄌𑄪𑄣𑄧𑄖𑄴 𑄜𑄪𑄣𑄴 𑄘𑄬 𑄌𑄧𑄢𑄋𑄴 𑄙𑄧𑄣𑄴 𑄌𑄧𑄚 𑄘𑄨 𑄌𑄮𑄊𑄧𑄖𑄴 𑄘𑄪𑄢𑄴 𑄃𑄉𑄏𑄧𑄢𑄴 𑄛𑄪𑄢𑄨 𑄟𑄨𑄣𑄬 𑄎𑄬𑄚𑄬 𑄟𑄘𑄨",Present
পৃথিবীতে এই মানুষটাকে সাা দিলাম,𑄛𑄨𑄖𑄴𑄗𑄨𑄟𑄨𑄖𑄴 𑄃𑄬𑄃𑄨 𑄟𑄚𑄬𑄄𑄠𑄧𑄢𑄬 𑄥𑄋𑄬𑄖𑄴 𑄘𑄬‘𑄣𑄴𑄣𑄨।,Past
.পিঁপার পিঁপার মতো আকাশে নিলুর লম্বা চুলগুলো নেচে যা,𑄛𑄨𑄝𑄨𑄢𑄴 𑄛𑄨𑄝𑄨𑄢𑄴 𑄝𑄮𑄠𑄬𑄢𑄧𑄖𑄴 𑄚𑄨𑄣𑄪𑄢𑄴 𑄣𑄟𑄴𑄝 𑄌𑄪𑄣𑄚𑄨 𑄚𑄏𑄨 𑄡𑄢𑄴 𑄃,Present
ফর্সা চাওা আমি একটু মিষ্টি বারি দে,𑄙𑄧𑄣𑄴 𑄌𑄚𑄧 𑄟𑄪𑄠𑄖𑄴 𑄃𑄬𑄇𑄴𑄇 𑄃𑄬𑄇𑄴𑄇 𑄟𑄨𑄙𑄬 𑄟𑄨𑄙𑄬 𑄝𑄢𑄨 𑄘𑄬‘𑄢𑄴।,Present
সাদা রঙের উঁচু মনের মানুষ গুলো,𑄙𑄧𑄣𑄴 𑄌𑄚𑄧𑄢𑄴 𑄅𑄌𑄴𑄌𑄮 𑄟𑄧𑄚𑄧𑄢𑄴 𑄖𑄝𑄪𑄣𑄴𑄠𑄪𑄚𑄴,Present
তাকে হতে দো,𑄖𑄢𑄬 𑄦𑄧𑄘𑄬 𑄘𑄬𑄘𑄧𑄚𑄴।,Present
ফর্সা দেখে আসতেছে,𑄙𑄧𑄣𑄴 𑄌𑄚𑄬 𑄃𑄬𑄥𑄳𑄠𑄬 𑄦𑄧𑄖𑄳𑄠𑄬।,Present
যে কথা কোনদিন ভুলতে পারে না তার মাথা,𑄎𑄬 𑄇𑄧𑄙 𑄠𑄚𑄴 𑄇𑄧𑄚𑄧𑄘𑄨𑄚𑄴 𑄥𑄨𑄢𑄬 𑄚𑄧 𑄛𑄢𑄬 𑄥𑄨𑄠𑄚𑄴 𑄥𑄨𑄢𑄬𑄝𑄢𑄴,Present
মন কেমন কেমন,𑄟𑄧𑄚𑄴 𑄙𑄧𑄢𑄴𑄛𑄧𑄢𑄢𑄴।,Present
খালিক রা গিে মাথা মেে যাচ্ছে,𑄈𑄣𑄨𑄇𑄴 𑄢𑄧-𑄠𑄪𑄚𑄴 𑄎𑄬𑄚𑄬 𑄟𑄪𑄃𑄧 𑄞𑄨𑄘𑄨𑄢𑄬 𑄟𑄨𑄣𑄬 𑄡𑄘𑄧𑄚𑄴।,Present
এখানে মন বসাতেছে না!,𑄄𑄚𑄴𑄘𑄨 𑄟𑄧𑄚𑄚𑄬 𑄇𑄧𑄖𑄴𑄖𑄬 𑄚!,Present
তুমি আগে হেছো,𑄖𑄪𑄄 𑄃𑄬𑄥𑄳𑄠𑄬 𑄦𑄧𑄖𑄳𑄠𑄬।,Present
.নিলল চামা দিে দুইজনে কথা বলে,𑄚𑄨𑄣𑄪𑄣𑄮𑄄𑄙𑄧𑄣𑄴 𑄌𑄚𑄬 𑄘𑄨 𑄎𑄧𑄚𑄬 𑄇𑄨𑄠𑄧𑄋𑄧 𑄞𑄨𑄘𑄬𑄝𑄮𑄖𑄴 𑄘𑄧𑄊𑄨𑄚𑄴 𑄇𑄧𑄚𑄖𑄴,Present
যে খের উপরে বই আছে,𑄡𑄬𑄄 𑄈𑄬𑄢𑄧 𑄅𑄉𑄪𑄢𑄬 𑄝𑄮𑄄 𑄃𑄊𑄧𑄚𑄴।,Present
কথা বলা,𑄇𑄧𑄙 𑄇𑄧𑄙𑄧𑄚𑄴 ।,Present
মানুষরা তাাতাি তািে আছে,𑄟𑄚𑄪𑄌𑄴𑄌𑄪𑄚𑄧𑄢𑄴 𑄖𑄟𑄴𑄎 𑄌𑄬𑄄 𑄃𑄊𑄧𑄚𑄴।,Present
"বাঁশের আংটা, কথা বলে","𑄞𑄖𑄴𑄖𑄨 𑄃𑄋𑄘𑄧𑄚𑄴, 𑄇𑄧𑄙 𑄇𑄧𑄙𑄧𑄚𑄴,",Present
"পাহাের মাটি, উঁচু গর্ত, কত কি","𑄚𑄉𑄧𑄢 𑄟𑄙𑄧𑄘𑄧𑄚𑄴, 𑄅𑄌𑄴𑄌𑄧 𑄉𑄧𑄢𑄴𑄖𑄧𑄚𑄴 𑄃𑄳𑄦 𑄇𑄧𑄘𑄧𑄇𑄴 𑄇𑄨 ।",Present
"মাির তামা,পাহাের মেেকে সুন্দর করে সাজা পৃথিবী","𑄟𑄚𑄴𑄎𑄮𑄢𑄴 𑄖𑄟𑄴𑄎, 𑄛𑄪𑄚𑄴𑄘𑄨𑄟𑄢𑄴 𑄎𑄪𑄚𑄧 𑄛𑄳𑄦𑄧𑄢𑄴 𑄟𑄬𑄠𑄳𑄠𑄬𑄛𑄪𑄢𑄨 𑄥𑄎𑄬 𑄥𑄎𑄳𑄠𑄬 𑄛𑄨𑄖𑄴𑄗𑄨𑄟𑄨।",Present
".দুই জন পাশাপাশি করে বসে আছে, জুন তারিখে দুই জনের মন পেছে -পেেছে","𑄙𑄉𑄙𑄇𑄳𑄠𑄬 𑄘𑄨 𑄎𑄧𑄚𑄴, 𑄎𑄪𑄚𑄧 𑄛𑄳𑄦𑄧𑄢𑄬 𑄘𑄨𑄎𑄧𑄚𑄧𑄢𑄴 𑄟𑄧𑄚𑄴 - 𑄛𑄧𑄢𑄚𑄴 𑄃𑄬𑄣𑄮𑄚𑄨 - 𑄛𑄬𑄣𑄮𑄚𑄨।",Present
.লবনাক্ত ডালটা ঢেলে দো,𑄚𑄨𑄣𑄪 𑄜𑄧𑄘𑄋𑄧𑄢𑄴 𑄓𑄬𑄚𑄴 𑄙𑄉𑄬𑄘𑄨 𑄝𑄧𑄥𑄳𑄠।,Present
পুঁতির মালা,𑄛𑄪𑄚𑄴𑄘𑄨𑄟,Present
.পাটা সুন্দর চোরকে রঙে বেে দে,𑄛𑄳𑄦𑄧𑄢𑄴𑄠𑄚𑄴 𑄘𑄮𑄣𑄴 𑄌𑄬𑄢𑄇𑄴𑄠𑄚𑄧𑄢𑄬 𑄢𑄧𑄋𑄬 𑄝𑄢𑄬 𑄘𑄬‘𑄢𑄴 ।,Present
"মনের বাসনাগুলো উঠতেছে, নামতেছে","𑄟𑄧𑄚𑄧𑄢𑄴 𑄇𑄮𑄌𑄴𑄛𑄚 𑄖𑄝𑄪𑄣𑄪𑄚𑄴 𑄅𑄙𑄧𑄘𑄧𑄚𑄴, 𑄣𑄟𑄧𑄘𑄧𑄚𑄴।",Present
দুই জনের মনের মিল হওা,𑄘𑄨𑄎𑄧𑄚𑄧𑄢𑄴 𑄟𑄧𑄚𑄧𑄢𑄴 𑄇𑄮𑄌𑄴𑄛𑄚,Present
প্যান্ট পরতে হ,𑄛𑄳𑄦𑄬𑄣𑄋𑄴 𑄝𑄬𑄄 𑄛𑄧𑄢𑄬𑄢𑄴।,Present
বর্ষাকালের পানি কি বেঁধে রাখতে পারে!,𑄝𑄢𑄨𑄎𑄬 𑄏𑄧𑄢𑄧 𑄛𑄚𑄨 𑄇𑄨 𑄝𑄚𑄨 𑄢𑄊𑄨 𑄛𑄢𑄬!,Present
কেকটা ঝের পানি খেে বািটা ফাঁকা হেছে,𑄇𑄮𑄌𑄴𑄛𑄚𑄢𑄴 𑄘𑄨𑄎𑄧𑄚𑄧𑄢𑄴 𑄏𑄧𑄢𑄧 𑄛𑄚𑄨 𑄈𑄬𑄚𑄬 𑄈𑄬𑄚𑄬 𑄝𑄢𑄨 𑄉𑄧𑄘 𑄜𑄧𑄢,Present
"চেহারা, চেহারা, চেহারা",𑄙𑄧𑄎𑄳𑄠 ।,Present
নিলুর ফোসকা পা আমি তাাতাি দেখলাম,𑄚𑄨𑄣𑄪 𑄜𑄧𑄘𑄋𑄧 𑄟𑄪𑄠𑄚𑄴 𑄢𑄨𑄚𑄨 𑄌𑄬𑄣𑄧 ।,Past
বুঝি নাবারের সাদা চামা,𑄝𑄪𑄏𑄨 𑄚𑄧 𑄝𑄢𑄬𑄢𑄴 𑄙𑄧𑄣𑄴 𑄌𑄚𑄴 ।,Present
ঝগা করে ফর্সা দেখে কল করল,𑄏𑄬𑄢𑄬 𑄙𑄧𑄣𑄴 𑄌𑄚𑄬 𑄢𑄨𑄚𑄨 𑄌𑄬𑄄 𑄇𑄧𑄣𑄧 -,Past
ফর্সা চামা,𑄙𑄧𑄣𑄴 𑄌𑄚𑄴 𑄘।,Present
এখন এই জুন মাসটা তোমার মনটা কি পাগল করে না?,𑄃𑄬𑄥𑄳𑄠𑄬 𑄃𑄬 𑄎𑄪𑄚𑄴 𑄛𑄳𑄦𑄧𑄢𑄚𑄴 𑄖𑄧 𑄟𑄧𑄚𑄚𑄧𑄢𑄬 𑄇𑄨 𑄃𑄉𑄧𑄣𑄴 - 𑄛𑄉𑄧𑄣𑄴 𑄚𑄧 𑄉𑄧𑄢𑄬𑄢𑄴?,Present
নিলুর এই কথা গুলো সাদা রঙের কচ্ছপের মনে পে ঝরে পে,𑄚𑄨𑄣𑄪𑄢𑄴 𑄃𑄬 𑄇𑄧𑄙𑄠𑄚𑄴𑄘𑄮𑄄 𑄙𑄧𑄣𑄴 𑄌𑄚𑄧𑄢𑄴 𑄖𑄨𑄢𑄏𑄨 𑄟𑄧𑄚𑄧𑄖𑄴 𑄥𑄪𑄉𑄪𑄚𑄮 𑄇𑄧𑄢𑄧𑄣𑄨𑄖𑄴 𑄃𑄘𑄬𑄇𑄳𑄠𑄬𑄉𑄧𑄢𑄨 𑄎𑄬𑄚𑄬 𑄏𑄧𑄢𑄧 𑄜𑄪𑄘𑄧,Present
পতে হেছে,𑄛𑄧𑄢𑄬 𑄛 𑄛𑄧𑄢𑄨𑄣𑄧 ।,Present
ফর্সা দেখে নীল চোখে তাকা,𑄙𑄧𑄣𑄴 𑄌𑄚𑄬 𑄚𑄨𑄣𑄪 𑄇𑄬𑄭𑄖𑄴 𑄢𑄨𑄚𑄨 𑄌𑄬𑄣𑄧।,Present
ফর্সা দেখার জন্য নিে এসেছে তার হাত দিে,𑄙𑄧𑄣𑄴 𑄌𑄚𑄬 𑄚𑄨𑄣𑄪𑄢𑄬 𑄖 𑄓𑄬𑄭𑄚𑄴 𑄦𑄖𑄴𑄖𑄚𑄴𑄘𑄮𑄄 𑄝𑄟𑄴 𑄦𑄘𑄧𑄖𑄴,Present
ধরে বললে পাগল হ,𑄙𑄧𑄢𑄨 𑄇𑄧𑄣𑄧 - 𑄃𑄉𑄧𑄣𑄴 𑄛𑄉𑄧𑄣𑄴 𑄟𑄚𑄬 ।,Past
সুন্দর সুন্দর চামা,𑄘𑄮𑄣𑄴 𑄛𑄪𑄚𑄴𑄘𑄨𑄟 𑄌𑄚𑄴।,Present
সবগুলো সুন্দর,𑄝𑄬𑄇𑄴𑄇𑄚𑄨 𑄘𑄮𑄣𑄴।,Present
একটু মুখ বাঁকা করে বলো-তুমিও সুন্দর জানো,𑄃𑄬𑄇𑄴𑄇 𑄟𑄪 𑄞𑄬𑄉𑄬𑄘𑄬𑄄 𑄇𑄧𑄣𑄧 - 𑄖𑄪𑄄𑄠𑄮 𑄘𑄮𑄣𑄴 𑄎𑄚𑄬,Present
.পুে মেে,𑄛𑄪𑄢𑄨 𑄟𑄨𑄣𑄬 𑄥𑄚𑄴 ।,Present
নীল ফর্সা চাঁদের এই কথাটা শুনার জন্য খরা মাটিতেও পা যা,𑄚𑄨𑄣𑄪 𑄙𑄧𑄣𑄴 𑄌𑄚𑄧𑄢𑄴 𑄃𑄬 𑄇𑄧𑄙𑄠𑄚𑄴 𑄥𑄪𑄚𑄨𑄝𑄢𑄴 𑄎𑄬𑄚𑄬 𑄈𑄧𑄢𑄚𑄳𑄠𑄬 𑄘𑄋𑄴𑄘𑄋𑄳𑄠𑄬 𑄟𑄘𑄨𑄢𑄴 𑄏𑄧𑄢𑄧 𑄜𑄪𑄘𑄧 𑄝𑄌𑄴𑄌𑄬𑄄 𑄗𑄄 𑄛 𑄃𑄊𑄬।,Present
দািে দাঁিে বৃষ্টি পলে ভে তাাতাি বের হে যাওা যা সে তািে গেল,𑄘𑄋𑄴𑄘𑄋𑄳𑄠𑄬 𑄟𑄘𑄨𑄖𑄴 𑄛𑄧𑄣𑄳𑄠𑄬 𑄛𑄧𑄣𑄳𑄠𑄬 𑄏𑄧𑄢𑄧 𑄜𑄪𑄘𑄧 𑄛𑄧𑄢𑄴𑄣𑄬 𑄥𑄧{[[𑄀𑄖𑄴 𑄥𑄧𑄀𑄖𑄴 𑄉𑄧𑄢𑄨 𑄥𑄪𑄉𑄬 𑄡𑄚𑄴 𑄥𑄨𑄠𑄚𑄴 𑄎𑄬𑄚𑄬 𑄚𑄨𑄣𑄪𑄢𑄴 𑄃𑄮 𑄦𑄧𑄣𑄧 ।,Past
ফর্সা ফর্সা মেেকে তুমি কি সুন্দর দেখতেছো,𑄙𑄧𑄣𑄴 𑄌𑄚𑄧𑄢𑄬 𑄇𑄧𑄣𑄧 - 𑄟𑄧 𑄥𑄚𑄳𑄠𑄬 𑄥𑄘𑄣𑄴 𑄟𑄨𑄣𑄬𑄢𑄬 𑄖𑄪𑄄 𑄇𑄨 𑄘𑄮𑄣𑄴 𑄘𑄬𑄊𑄧𑄖𑄴𑄖𑄬!,Present
ফর্সা চেহারার নীল রঙের আলো ঝলমলে দিনে আমি তার দিকে তাকিয়ে থাকি - এই পথটা সুন্দর তুমি,𑄙𑄧𑄣𑄴 𑄌𑄚𑄬 𑄚𑄨𑄣𑄪𑄢𑄴 𑄛𑄧𑄖𑄴𑄛𑄧𑄖𑄳𑄠 𑄎𑄪𑄚𑄴 𑄛𑄳𑄦𑄧𑄢𑄴 𑄛𑄧𑄎𑄳𑄠𑄬 𑄟𑄪𑄠𑄚𑄴 𑄢𑄨𑄚𑄨 𑄌𑄬𑄄 𑄇𑄧𑄣𑄧 - 𑄃𑄬 𑄛𑄧𑄖𑄴𑄛𑄧𑄖𑄳𑄠𑄬 𑄘𑄮𑄣𑄴 𑄛𑄪𑄚𑄴𑄘𑄨𑄟 𑄛𑄳𑄦𑄧𑄢𑄧𑄖𑄴 𑄖𑄪𑄄,Present
আমার দুই চোখে সুন্দর,𑄘𑄮𑄣𑄴𑄝𑄨 𑄟𑄧 𑄘𑄨 𑄌𑄮𑄊𑄮𑄖𑄴।,Present
তুমি সুন্দর পরী,𑄖𑄪𑄄 𑄘𑄮𑄣𑄴 𑄛𑄪𑄢𑄨 ।,Present
.নিঃশব্দ হে আসা ফর্সা ছেলেটাকে বাঁশের কঞ্চি দিে হাত দিে কে জানি,𑄚𑄨𑄣𑄪 𑄇𑄧𑄇𑄴𑄇𑄬 𑄅𑄌𑄴𑄌𑄮 𑄦𑄮𑄄 𑄃𑄘𑄬𑄇𑄳𑄠𑄬𑄉𑄧𑄢𑄨 𑄙𑄧𑄣𑄴 𑄌𑄚𑄧𑄢𑄬 𑄝𑄋𑄴 𑄇𑄚𑄴𑄎𑄝𑄖𑄴 𑄎𑄪𑄌𑄴𑄉𑄧𑄢𑄨 𑄓𑄬𑄚𑄴 𑄦𑄖𑄴𑄖𑄚𑄴 𑄝𑄎𑄬𑄄 𑄘𑄨𑄣𑄴 𑄇𑄧𑄄,Present
১. না পারলে ২. না পারলে,𑄚𑄧 𑄛𑄢𑄴𑄣𑄧।,Present
সাদা রঙের মেে সুন্দর মিে কেত করে কল,𑄙𑄧𑄣𑄴 𑄌𑄚𑄬 𑄚𑄨𑄣𑄪 𑄘𑄮𑄣𑄴 𑄟𑄨𑄃𑄧 𑄇𑄬𑄭𑄖𑄴 𑄢𑄨𑄚𑄨 𑄌𑄬𑄄 𑄇𑄧𑄣𑄧 - 𑄃𑄳𑄦।,Present
বেশি জুো হেছে!,𑄝𑄬𑄌𑄴 𑄎𑄪𑄌𑄴𑄉𑄧𑄢𑄨 𑄦𑄧𑄣𑄧𑄘𑄬!,Present
.নিল বাতিগুলো সাদা মানুষদের দিকে তাকিয়ে থাকে - কে যেন অসুস্থ মানুষটাকে কি বলে?,𑄚𑄨𑄣𑄪 𑄝𑄖𑄴𑄖𑄨𑄠𑄪𑄚𑄴 𑄇𑄬𑄖𑄳𑄠𑄬𑄖𑄪𑄚𑄴 𑄌𑄮𑄇𑄴𑄈𑄪𑄚𑄴 𑄊𑄪𑄢𑄬𑄄 𑄙𑄧𑄣𑄴 𑄌𑄚𑄧𑄢𑄬 𑄢𑄨𑄚𑄨 𑄌𑄬𑄄 𑄇𑄧𑄣𑄧 - 𑄇𑄮𑄌𑄴 𑄛𑄨𑄠𑄬 𑄟𑄚𑄪𑄌𑄴𑄌𑄧𑄢𑄬 𑄇𑄨,Present
.অপরিষ্কার করে দিবো!,𑄃𑄧𑄟𑄉𑄧𑄢𑄨 𑄌𑄪𑄠𑄮𑄢𑄴 𑄘𑄨𑄟𑄴!,Future
সাদা রঙের নিলুর এই কথাটা শুনে ভে মেরে দিল,𑄙𑄧𑄣𑄴 𑄌𑄚𑄧𑄢𑄴 𑄚𑄨𑄣𑄪𑄢𑄴 𑄃𑄬 𑄇𑄧𑄙𑄠𑄚𑄴 𑄎𑄬𑄚𑄬 𑄞𑄧𑄎𑄚𑄴 𑄃𑄩𑄣𑄴 𑄟𑄢𑄬 𑄘𑄨𑄣𑄧 ।,Past
.পাহাে পাে বাতাস বেছে,𑄛𑄨𑄝𑄨𑄢𑄴 𑄛𑄨𑄝𑄨𑄢𑄴 𑄝𑄪𑄠𑄢𑄧𑄣𑄧𑄉𑄬 𑄎𑄧𑄣𑄳𑄠𑄬 𑄦𑄏𑄢𑄴 𑄝𑄖𑄴𑄖𑄨𑄠𑄪𑄚𑄴,Present
"পুরুষ, মহিলা","𑄟𑄧𑄢𑄧𑄘𑄧𑄚𑄴, 𑄎𑄧𑄣𑄧𑄘𑄧𑄚𑄴 ।",Present
পাহাের ধোঁার সাথে যুদ্ধ করতেছে,𑄟𑄪𑄉𑄪𑄎𑄧 𑄙𑄪𑄝𑄧 𑄍𑄬𑄢𑄬 𑄍𑄬𑄢𑄬 𑄎𑄧𑄚𑄨𑄠𑄪𑄚𑄴 𑄎𑄧𑄣𑄨 𑄎𑄧𑄣𑄨 𑄛𑄪𑄚𑄴𑄘𑄨𑄟 𑄌𑄧𑄚 𑄛𑄳𑄦𑄧𑄢𑄧 𑄣𑄧𑄉𑄬 𑄎𑄨𑄖𑄴𑄝𑄖𑄴 𑄉𑄧𑄢 𑄙𑄧𑄎𑄳𑄠𑄧𑄚𑄴।,Present
"১. মিঠাই, মিঠাই ২. মিঠাই",𑄟𑄨𑄙𑄬,Present
"বুোটা,পুিে পে দুইজনে আর পৃথিবীতে একটা ভ আছে","𑄝𑄪𑄠𑄢𑄚𑄴 , 𑄛𑄪𑄚𑄴𑄘𑄨𑄟 𑄛𑄳𑄦𑄧𑄢𑄧𑄖𑄴 𑄌𑄬𑄢𑄮𑄝𑄣 𑄃𑄢𑄪𑄇𑄴𑄇𑄚𑄴 𑄘𑄨 𑄎𑄧𑄚𑄧𑄢𑄬 𑄃𑄢𑄧 𑄃𑄬𑄇𑄴𑄇𑄚𑄴 𑄛𑄨𑄖𑄴𑄗𑄨𑄟𑄨𑄖𑄴 𑄞𑄧𑄋 𑄙𑄧𑄎𑄳𑄠𑄬।",Present
এই রাতটি দুই জন পালন করে,𑄃𑄬 𑄢𑄬𑄖𑄴𑄖𑄮 𑄘𑄨 𑄎𑄧𑄚𑄧𑄖𑄳𑄠𑄬,Present
দুইটা একনাগাে রাত,𑄘𑄨𑄏𑄧𑄢 𑄃𑄬𑄇𑄴𑄇𑄮 𑄢𑄬𑄭𑄖𑄴।,Present
চূা আর কুা দিে মানুষরা ঘন করে আনে,𑄌𑄬𑄢𑄧𑄝𑄣 𑄃𑄢𑄪𑄉𑄨 𑄘𑄨𑄠𑄚𑄴 𑄟𑄧𑄚𑄧𑄢𑄬 𑄊𑄧𑄚𑄬 𑄃𑄚𑄬𑄢𑄴।,Present
ফর্সা মানুষের মাথায় কাপ পরা হ,𑄙𑄧𑄣𑄴 𑄌𑄚𑄴 𑄟𑄧𑄚𑄧 𑄖𑄝𑄪𑄣𑄧𑄖𑄴 𑄇𑄮𑄌𑄴𑄛𑄚 𑄜𑄪𑄣𑄴𑄣𑄮,Present
.অতিরিক্ত হে পে গেল,𑄃𑄧𑄟𑄖𑄴𑄖𑄪𑄚𑄴 𑄃𑄧𑄟 𑄦𑄮𑄄 𑄛𑄉𑄮𑄢𑄴 𑄟𑄬𑄣 𑄙𑄧𑄢𑄴𑄣𑄧।,Past
ফর্সা মানুষের মনের বাগানে সুগন্ধি পেছে,𑄙𑄧𑄣𑄴 𑄌𑄚𑄧 𑄟𑄧𑄚𑄧 𑄝𑄉𑄚𑄧 𑄇𑄮𑄌𑄴𑄛𑄚 𑄜𑄪𑄣𑄴𑄣𑄮 𑄖𑄧𑄎𑄨𑄟𑄴𑄛𑄪𑄢𑄧 𑄦𑄮𑄄 𑄖𑄪𑄟𑄴𑄝𑄌𑄴 𑄍𑄨𑄘𑄬𑄣𑄧।,Present
ফর্সা দেখে নীল হাত দিে ব ব কথা বলে,𑄙𑄧𑄣𑄴 𑄌𑄚𑄬 𑄚𑄨𑄣𑄪 𑄓𑄬𑄚𑄴 𑄦𑄖𑄴𑄖𑄚𑄴 𑄝𑄋𑄬𑄘𑄨 𑄙𑄧𑄢𑄨 𑄝𑄪𑄉𑄧𑄖𑄴 𑄝𑄏𑄬 𑄇𑄧𑄣𑄧 - 𑄚𑄨𑄣𑄪।,Present
তুমি যে আমার বন্ধু,𑄖𑄪𑄄 𑄎𑄬 𑄟𑄧𑄢𑄴 𑄇𑄮𑄌𑄴𑄛𑄚 𑄝𑄨।,Present
নিলুর বাচ্চাটাকে কল দিে তুমি আমার ভালোবাসা দাও,𑄚𑄨𑄣𑄪 𑄜𑄧𑄘𑄋𑄧𑄢𑄬 𑄇𑄧𑄣𑄧 - 𑄖𑄪𑄄 𑄟𑄧𑄢𑄴 𑄇𑄮𑄌𑄴𑄛𑄚 𑄢𑄙𑄟𑄧𑄚𑄴।,Present
এত দিন ফর্সা দেখে নিলুর মুখ থেকে এই কথাটা শুনতে ইচ্ছে করে,𑄃𑄬𑄘𑄧𑄇𑄴𑄘𑄨𑄚𑄴 𑄙𑄧𑄣𑄴 𑄌𑄚𑄬 𑄚𑄨𑄣𑄪 𑄟𑄪𑄃𑄧𑄖𑄴𑄖𑄪𑄚𑄴 𑄃𑄬 𑄇𑄧𑄙𑄠𑄚𑄴 𑄥𑄪𑄚𑄨𑄝𑄢𑄴 𑄙𑄢𑄎𑄨 𑄃𑄬𑄣𑄧।,Present
সাদা চামা উঁচু মনে,𑄙𑄧𑄣𑄴 𑄌𑄚𑄧 𑄅𑄌𑄴𑄌𑄮 𑄟𑄧𑄚𑄧𑄖𑄴,Present
কেকটা তাাতাি যাওা তাাতাি জুন মাসের সমে নাগাে নাচতেছে,"𑄇𑄮𑄌𑄴𑄛𑄚 𑄖𑄝𑄪𑄣𑄴, 𑄟𑄧𑄚𑄚𑄴 𑄛𑄧𑄖𑄴𑄛𑄧𑄖𑄳𑄠𑄬 𑄎𑄪𑄚𑄧 𑄛𑄳𑄦𑄧𑄢𑄧 𑄥𑄧𑄘𑄧𑄉𑄧 𑄥𑄧𑄟𑄢𑄬 𑄚𑄏 𑄙𑄧𑄎𑄳𑄠𑄬 ।",Present
মিঠা বুার গালা গালা দুইজনকে তার নরম হাত,𑄟𑄨𑄙𑄬 𑄝𑄪𑄠𑄢𑄴 𑄉𑄣 𑄉𑄣 𑄘𑄨 𑄎𑄧𑄚𑄧𑄢𑄬 𑄖 𑄚𑄧𑄢𑄧𑄟𑄴 𑄦𑄖𑄴𑄖𑄚𑄴,Present
বেঁধে দো,𑄝𑄏𑄬 𑄘𑄬‘𑄢𑄴 ।,Present
.রুার রঙের পৃথিবীতে আর রুার রং বেশি ধরে,𑄢𑄪𑄝𑄮 𑄢𑄧𑄋𑄧𑄢𑄴 𑄛𑄨𑄖𑄴𑄗𑄨𑄟𑄨 𑄃𑄢𑄧 𑄢𑄪𑄝𑄮 𑄢𑄧𑄋𑄧𑄢𑄴 𑄝𑄬𑄌𑄴 𑄙𑄧𑄢𑄬𑄢𑄴 ।,Present
.অমুকের নািে রে রেছে পৃথিবী,𑄃𑄧𑄙𑄧𑄇𑄴 𑄛𑄬𑄇𑄴𑄇𑄮 𑄚𑄧𑄚𑄬𑄠𑄬 𑄢𑄧𑄠𑄬 𑄢𑄪𑄝𑄧 𑄢𑄧𑄋𑄧𑄢𑄴 𑄛𑄨𑄖𑄴𑄗𑄨𑄟𑄨𑄢𑄬,Present
আরেকটা মেেতে আবার চেহারা করছে,𑄃𑄢𑄧 𑄃𑄬𑄇𑄴 𑄟𑄬𑄠𑄳𑄠𑄬𑄛𑄪𑄢𑄨𑄖𑄴 𑄃𑄝𑄢 𑄙𑄧𑄎𑄳𑄠𑄬।,Present
.নিচে কখন তার মাথা সাদা চামা দিল কে জানে,𑄚𑄨𑄣𑄪 𑄇𑄧𑄇𑄴𑄇𑄬 𑄖 𑄥𑄨𑄢𑄬𑄝𑄮 𑄙𑄧𑄣𑄴 𑄌𑄚𑄧 𑄇𑄧𑄢𑄧𑄖𑄴 𑄃𑄝𑄪𑄎𑄬 𑄘𑄨𑄣𑄧 𑄇𑄧𑄄 𑄚𑄧 𑄛𑄢𑄴𑄣𑄧।,Past
সাদা চামা,𑄙𑄧𑄣𑄴 𑄌𑄚𑄬,Present
কল-কল করা,𑄇𑄧𑄣𑄧 - 𑄇𑄮𑄌𑄴𑄛𑄚𑄝𑄨।,Present
তোমাকেঘুমের দেবতাটা গািে গিেছে,𑄖𑄧𑄢𑄬 𑄇𑄨 𑄊𑄪𑄟𑄧 𑄘𑄬𑄝𑄬𑄘𑄝𑄮 𑄉𑄏 𑄉𑄨𑄎𑄳𑄠𑄬 ।,Present
নীল নার চেরাগে চোখ বন্ধ করে বলো - না,𑄚𑄨𑄣𑄪 𑄚𑄧𑄚𑄬𑄠𑄬 𑄌𑄬𑄢𑄉𑄬 𑄌𑄮𑄇𑄴𑄈𑄪𑄚𑄴 𑄟𑄬𑄣𑄨 𑄇𑄧𑄣𑄧 - 𑄚 ।,Present
ফর্সা দেখে এই পথটি মেেকে মেরে দে,𑄙𑄧𑄣𑄴 𑄌𑄚𑄬 𑄎𑄚𑄬 𑄃𑄬 𑄛𑄧𑄖𑄴𑄛𑄧𑄖𑄳𑄠𑄬 𑄎𑄪𑄚𑄧 𑄛𑄳𑄦𑄧𑄢𑄴𑄠𑄚𑄴 𑄛𑄨𑄖𑄴𑄗𑄨𑄟𑄨𑄖𑄴 𑄎𑄬𑄚𑄬 𑄟𑄬𑄠𑄳𑄠𑄬𑄎𑄣𑄴 𑄝𑄨𑄎𑄬𑄄 𑄘𑄬।,Present
মিষ্টি মদ সে পান করছে,𑄟𑄨𑄙𑄬 𑄝𑄮𑄠𑄬𑄢𑄴𑄠𑄚𑄴 𑄥𑄬,Present
মাটিটা আরও বের করে দে,𑄟𑄖𑄖𑄧𑄣𑄴𑄠𑄚𑄴 𑄃𑄢𑄧 𑄝𑄢𑄬 𑄘𑄬‘𑄢𑄴।,Present
নীল চোখগুলো যে এই মাঠে পতেছে সেগুলো পে পে উঠছে,𑄚𑄨𑄣𑄪 𑄌𑄮𑄇𑄴𑄈𑄪𑄚𑄴 𑄎𑄬 𑄃𑄬 𑄟𑄖𑄴𑄖𑄧𑄣𑄬 𑄣𑄬𑄂𑄝𑄬𑄠𑄮𑄚𑄴 𑄥𑄨𑄠𑄚𑄴 𑄛𑄧𑄢𑄖𑄴 𑄛𑄧𑄢𑄖𑄴𑄉𑄧𑄢𑄨 𑄞𑄏𑄨 𑄅𑄙𑄬𑄢𑄴।,Present
রাত,𑄢𑄬𑄭𑄖𑄴,Present
গিে যাওা,𑄉𑄧𑄋𑄨 𑄡𑄢𑄴।,Present
দুটি পাখি দোলনা দাঁিে দাঁিে রাত কাটছে,𑄘𑄨𑄝𑄬 𑄄𑄇𑄴𑄇𑄮 𑄛𑄬𑄭𑄇𑄴 𑄏𑄪𑄝𑄪𑄢𑄧𑄖𑄴 𑄓𑄉𑄨 𑄓𑄉𑄨 𑄢𑄬𑄘𑄮 𑄌𑄨𑄎𑄨𑄇𑄳𑄠𑄬𑄠𑄝𑄧𑄢𑄬 𑄞𑄋𑄨 𑄘𑄬𑄘𑄧𑄚𑄴।,Present
মানুষ পাচার করে দো,𑄟𑄚𑄪𑄌𑄴 𑄣𑄧𑄢𑄌𑄧𑄢 𑄎𑄳𑄠𑄬𑄣𑄴 𑄘𑄳𑄠𑄬।,Present
দুইজন,𑄘𑄨 𑄃𑄬𑄇𑄴𑄎𑄧𑄚𑄴,Present
কাজে যাওা যা,𑄇𑄟𑄴 𑄦𑄬𑄝 𑄘𑄨𑄝𑄢𑄴 𑄎𑄪𑄉𑄮𑄣𑄧𑄘𑄧𑄚𑄴।,Present
বািতে ফিরে যাওার সম অনেক সম লাগে,𑄊𑄧𑄢𑄧𑄖𑄴 𑄜𑄨𑄢𑄨𑄝𑄢𑄴 𑄃𑄧𑄇𑄴𑄖𑄧 𑄈𑄧𑄢𑄬𑄄 𑄡𑄢𑄴।,Present
সাদা চামার কল - কাপ টানা,𑄙𑄧𑄣𑄴 𑄌𑄚𑄬 𑄇𑄧𑄣𑄧 - 𑄇𑄮𑄌𑄴𑄛𑄚𑄝𑄨।,Present
তোমার কি বাি,𑄖𑄧𑄢𑄴 𑄇𑄨 𑄊𑄧𑄢𑄧𑄖𑄴,Present
.ফিরে আসার ইচ্ছা নেই,𑄜𑄨𑄢𑄨𑄝𑄢𑄴 𑄟𑄧𑄚𑄴𑄎𑄪𑄇𑄴 𑄚𑄬𑄄।,Present
নীল রঙের কেতটা দেখে কল দিলো,𑄚𑄨𑄣𑄪 𑄙𑄧𑄣𑄴 𑄌𑄚𑄧 𑄇𑄬𑄭𑄖𑄴 𑄢𑄨𑄚𑄨 𑄌𑄬𑄄 𑄇𑄧𑄣𑄧 - 𑄃𑄨𑄌𑄴।,Past
এত রাত হেও কিনারা হলো না,𑄃𑄬𑄥𑄳𑄠𑄬 𑄢𑄬𑄖𑄴𑄖𑄮 𑄇𑄨𑄖𑄳𑄠 𑄘𑄨𑄊𑄧𑄣𑄴 𑄚𑄧 𑄦𑄧𑄣𑄧 ।,Past
ফর্সা দেখে নীল নাকটা চিমটি দিে কথা বলে,𑄙𑄧𑄣𑄴 𑄌𑄚𑄬 𑄚𑄨𑄣𑄪 𑄚𑄇𑄴𑄇𑄮 𑄌𑄨𑄝𑄨 𑄘𑄨 𑄇𑄧𑄣𑄧 - 𑄇𑄮𑄌𑄴𑄛𑄚𑄝𑄨 ।,Present
".দিন, রাত হলে পৃথিবীর আলো,সুগন্ধি,সুগন্ধি সব সম","𑄘𑄨𑄚𑄴, 𑄢𑄬𑄭𑄖𑄴 𑄘𑄨𑄊𑄮𑄣𑄴 𑄦𑄧𑄣𑄬 𑄛𑄨𑄖𑄴𑄗𑄨𑄟𑄨𑄢𑄴 𑄥𑄳𑄢𑄨, 𑄥𑄪𑄘𑄮𑄟𑄴 𑄝𑄬𑄇𑄴 𑄘𑄧 𑄝𑄬𑄘𑄧𑄇𑄴",Present
"হেছে, হবে",𑄦𑄧𑄝𑄧 ।,Future
.নীল ফর্সা চামা দেখে চোখ ফেরালো।,𑄚𑄨𑄣𑄪 𑄙𑄧𑄣𑄴 𑄌𑄚𑄧 𑄇𑄬𑄭𑄖𑄴 𑄢𑄨𑄚𑄨 𑄌𑄬𑄄 𑄎𑄪𑄚𑄚𑄧 𑄇𑄬𑄭𑄖𑄴 𑄌𑄮𑄇𑄴 𑄜𑄨𑄢𑄬𑄣𑄧।,Past
.উদ্ধতি জুে অনেক রোদ উঠে,𑄅𑄙𑄧𑄚𑄴𑄘𑄨 𑄎𑄪𑄚𑄴 𑄡𑄬𑄘𑄧𑄇𑄴 𑄅𑄙𑄬𑄢𑄴 𑄢𑄪𑄝𑄮 𑄢𑄋𑄚𑄴 𑄎𑄬𑄚𑄬,Present
এক জাতী বুনো ফল,𑄝𑄢 𑄙𑄧𑄎𑄳𑄠𑄬।,Present
ফর্সা চাঁদকে দেখে বলে যে,𑄙𑄧𑄣𑄴 𑄌𑄚𑄧𑄢𑄬 𑄢𑄨𑄚𑄨 𑄌𑄬𑄄 𑄇𑄧𑄣𑄧 - 𑄡𑄬𑄄।,Present
এই পুিটা রাতের বেলা আমাকে মেেে বেঁধে দিল,𑄃𑄬𑄥𑄳𑄠𑄬 𑄛𑄪𑄚𑄴𑄘𑄨𑄟 𑄢𑄬𑄭𑄖𑄴𑄖𑄮 𑄖𑄧𑄢𑄬 𑄟𑄧𑄢𑄬 𑄟𑄬𑄠𑄳𑄠𑄬 𑄢𑄬𑄉 𑄝𑄚𑄨 𑄘𑄨𑄣𑄧 ।,Past
ফর্সা দেখে নীল হাত ধরে তার মুখে কিল মারলো,𑄙𑄧𑄣𑄴 𑄌𑄚𑄬 𑄚𑄨𑄣𑄪 𑄓𑄬𑄚𑄴 𑄦𑄖𑄴𑄖𑄚𑄴 𑄙𑄧𑄢𑄨 𑄖 𑄟𑄪𑄃𑄧 𑄇𑄬𑄭𑄖𑄴 𑄢𑄨𑄚𑄨 𑄌𑄬𑄄 𑄇𑄨𑄣𑄧 - 𑄦𑄧𑄠𑄴।,Past
তোমার মেেটা মনটা কেমন করতেছে,𑄖𑄧𑄢𑄴 𑄟𑄨𑄢𑄴 𑄘𑄨𑄠𑄚𑄴 𑄟𑄧𑄚𑄧𑄢𑄴 𑄇𑄮𑄌𑄴𑄛𑄚𑄢𑄴,Present
"রগচটা, রগচটা",𑄢𑄪𑄝𑄧 𑄢𑄬𑄉।,Present
ধোঁার দুইজনে বািতে ফিরে যাচ্ছে,𑄙𑄮𑄎𑄧𑄚𑄬 𑄘𑄮𑄎𑄧𑄚𑄬 𑄊𑄧𑄢𑄧𑄖𑄴 𑄜𑄨𑄢𑄨𑄝𑄢𑄴 𑄅𑄙𑄨𑄣𑄇𑄴 ।,Present
পাহাের দাগ,𑄈𑄪𑄌𑄴 𑄝𑄢 𑄙𑄧𑄎𑄳𑄠𑄧𑄚𑄴 ।,Present
এই দুই লোক এক ঝগা মিশাছে,𑄃𑄘𑄬𑄇𑄳𑄠𑄬𑄉𑄧𑄢𑄨 𑄃𑄬𑄇𑄴 𑄏𑄧𑄣𑄴𑄉 𑄟𑄨𑄙𑄬 𑄝𑄮𑄱𑄠𑄬𑄢𑄴 𑄃𑄬𑄃𑄨 𑄘𑄨 𑄎𑄧𑄚𑄧,Present
খোল বারি দিল,𑄈𑄨𑄠𑄬𑄖𑄴 𑄝𑄢𑄨 𑄘𑄨𑄣𑄧 ।,Past
"নিলুর লম্বা চুল,খাওার সবুজ চামা আমার মাথা বেঁধে দিল","𑄚𑄨𑄣𑄪𑄢𑄴 𑄣𑄟𑄴𑄝 𑄌𑄪𑄣𑄚𑄴 , 𑄈𑄘𑄨𑄠𑄚𑄴 𑄙𑄧𑄣𑄴 𑄌𑄧𑄚 𑄟𑄪𑄠𑄮𑄖𑄴 𑄚𑄧𑄚𑄬𑄠𑄳𑄠𑄬 𑄝𑄢𑄨 𑄘𑄨𑄣𑄧 ।",Past
দুই মনের মিল হওা,𑄘𑄨𑄠𑄚𑄴 𑄟𑄧𑄚𑄧𑄢𑄴 𑄇𑄮𑄌𑄴𑄛𑄚,Present
রেগািটা স্থির হেছে,𑄢𑄬𑄉𑄝𑄮 𑄥𑄨𑄚𑄳𑄠𑄬 𑄗𑄨𑄘𑄨 𑄦𑄧𑄣𑄧 ।,Present
তুন্নে কলার কথা,𑄖𑄪𑄚𑄴𑄚𑄬 𑄇𑄧𑄣𑄢𑄴 𑄇𑄧𑄙,Present
আমার নাঙে তুন্নে কলা,𑄟𑄧 𑄚𑄋𑄚𑄴 𑄖𑄪𑄚𑄴𑄚𑄳𑄠𑄬 𑄇𑄧𑄣 ।,Present
কাঁচা মাটিতে আমার রংটা এলো,𑄇𑄎 𑄃𑄧𑄇𑄴𑄖𑄧𑄖𑄴 𑄟𑄧 𑄢𑄧𑄋𑄚𑄴 𑄃𑄳𑄦𑄬𑄧𑄣𑄴 ।,Past
.পেকে গেলে আমার রংটা হেছে,𑄛𑄉𑄨𑄣𑄬 𑄟𑄧 𑄢𑄧𑄋𑄚𑄴 𑄦𑄧𑄣𑄮𑄘𑄴𑄘𑄳𑄠𑄬 𑄃𑄳𑄦𑄧𑄠𑄴 ।,Present
চামা কলা আমার ভাই,𑄌𑄟𑄴𑄝 𑄇𑄧𑄣 𑄃 𑄇𑄖𑄴𑄖𑄮𑄣𑄨 𑄇𑄧𑄣 𑄟𑄧 𑄞𑄬𑄃𑄨 ।,Present
পাহাে ঘুরতে ভালো লাগে,𑄟𑄪𑄃𑄨 𑄝𑄬𑄢𑄘𑄬 𑄉𑄧𑄟𑄴 𑄛𑄋𑄴 ।,Present
এক দিনে আমরা তিনজন মিলে বািতে বোতে গেলাম,𑄃𑄬𑄇𑄴𑄘𑄨𑄚𑄴𑄚𑄬 𑄃𑄟𑄨 𑄖𑄨𑄚𑄴𑄎𑄧𑄚𑄬 𑄥𑄧𑄟𑄎𑄴𑄎𑄳𑄠𑄬 𑄃𑄚𑄥𑄴𑄌𑄮 𑄊𑄧𑄢𑄧𑄖𑄴 𑄝𑄬𑄢 𑄉𑄬𑄣𑄧𑄋𑄴 ।,Past
".আংটা মাথা ঝুি, পেটে চোখ","𑄃𑄚𑄥𑄴𑄌𑄮𑄢 𑄟𑄙𑄖𑄴 𑄏𑄪𑄘𑄮, 𑄛𑄬𑄘𑄧𑄖𑄴 𑄌𑄮𑄇𑄴 ।",Present
ঝগার সম অসুখে পে গেছি,𑄏𑄪𑄘𑄮 𑄃𑄇𑄘𑄉𑄪𑄚𑄴𑄛𑄬𑄘𑄧𑄖𑄴 𑄜𑄪𑄘𑄨 𑄎𑄚𑄬 𑄛𑄨𑄢𑄬 𑄛𑄬𑄭𑄠𑄧𑄋𑄴 ।,Present
"আনাছো কল,কলাবনি, তুমি আসা মাত্রই আমার মনের ইচ্ছা পূরণ হলো","𑄃𑄚𑄌𑄴𑄌𑄮 𑄇𑄧𑄣𑄧, ""𑄇𑄧𑄣𑄝𑄧𑄚𑄴, 𑄖𑄪𑄃𑄨 𑄃𑄬𑄌𑄴𑄌𑄮𑄌𑄴 𑄇𑄨𑄚𑄬𑄃𑄨 𑄟𑄧𑄢𑄴 𑄟𑄧𑄚𑄧 𑄃𑄏 𑄛𑄪𑄢𑄬𑄣𑄧"" ।",Past
খরগসটা একটু বুো করে,𑄈𑄧𑄢𑄴𑄉𑄧𑄥𑄴𑄌𑄱 𑄃𑄬𑄇𑄴𑄇𑄚𑄴 𑄝𑄪𑄃𑄨 𑄉𑄧𑄥𑄴𑄎𑄳𑄠𑄬 ।,Present
"ভুে মেে, বেগুন, টক টক আলু লাগে।","𑄞𑄪𑄠𑄧𑄖𑄴 𑄟𑄪𑄣𑄧, 𑄝𑄬𑄉𑄪𑄚𑄴, 𑄈𑄧𑄢𑄧𑄝𑄬𑄉𑄪𑄚𑄴 𑄃 𑄝𑄨𑄣𑄬𑄘𑄨 𑄃𑄣𑄪 𑄣𑄉𑄬𑄠𑄬 ।",Present
ভুর ভরা শুকরগুলো কত ব ব,𑄞𑄪𑄃𑄨 𑄞𑄧𑄢𑄧𑄚𑄴 𑄥𑄪𑄉𑄪𑄢𑄨 𑄉𑄪𑄣𑄧 𑄃 𑄇𑄪𑄘𑄪𑄉𑄪𑄣𑄧 𑄙𑄧𑄌𑄴𑄎𑄳𑄠𑄧𑄚𑄴 ।,Present
খরগসাটা জমিতে বসে খা,𑄈𑄧𑄢𑄴𑄉𑄧𑄥𑄌𑄱 𑄞𑄪𑄠𑄧𑄖𑄴 𑄝𑄮𑄚𑄬𑄃𑄨𑄟𑄪𑄣𑄧 𑄈𑄢𑄴 ।,Present
.এত ব করে খেেছি,𑄃𑄬𑄚𑄴 𑄃𑄧𑄇𑄴𑄖𑄧𑄖𑄴 𑄝𑄚𑄴𑄘𑄧𑄌𑄴𑄎𑄳𑄠𑄏𑄪𑄥𑄴 𑄉𑄧𑄢𑄨 𑄈𑄬𑄘𑄧𑄖𑄴 𑄥𑄮𑄟𑄴𑄟𑄬𑄉𑄨 ।,Present
মেেটা মদের সিম খেেছে,𑄥𑄮𑄟𑄬𑄚𑄬𑄃𑄨 𑄟𑄧𑄘𑄧𑄢𑄴 𑄥𑄪𑄟𑄨 𑄈 𑄙𑄧𑄥𑄴𑄎𑄳𑄠 ।,Present
খরগসটা ছেলেটাকে ধরে নিল,𑄈𑄧𑄢𑄴𑄉𑄧𑄥𑄴𑄥𑄮 𑄝𑄚𑄴𑄘𑄧𑄎𑄴𑄎𑄳𑄠𑄬𑄢𑄬 𑄙𑄧𑄢𑄨 𑄛𑄬𑄣𑄧 ।,Past
বান্যেটা কাঠঠোকরার কাছ থেকে মাফ নিল,𑄝𑄚𑄴𑄘𑄧𑄎𑄴𑄎𑄬 𑄈𑄧𑄢𑄴𑄉𑄧𑄥𑄴𑄥𑄮𑄖𑄴𑄖𑄪𑄚𑄴 𑄟𑄛𑄴 𑄌𑄬𑄣𑄧 ।,Past
খরগসটা বাঁশের কঞ্চি দিে পাহাের হাে পেছে,𑄈𑄧𑄢𑄴𑄉𑄧𑄥𑄴𑄥𑄮 𑄝𑄚𑄴𑄘𑄧𑄎𑄴𑄎𑄳𑄠𑄬𑄣𑄧𑄭 𑄟𑄪𑄣𑄮 𑄈𑄬𑄘𑄧𑄖𑄴 𑄥𑄮𑄟𑄬𑄣𑄇𑄴 ।,Present
দুইজনে পেট ভরে আলু খাওা,𑄘𑄨-𑄎𑄧𑄚𑄬 𑄛𑄬𑄑𑄴 𑄞𑄧𑄢𑄧𑄚𑄴 𑄟𑄪𑄣𑄮 𑄈𑄬𑄣𑄇𑄴 ।,Present
ছোট চরটা বাশেঁর তৈরি,𑄌𑄨𑄉𑄮𑄚𑄴 𑄌𑄧𑄢𑄚𑄴 𑄝𑄎𑄳𑄠𑄬 ।,Present
সে স্কুল ফাঁকি দিে বািতে যেতে পারে না,𑄖𑄬 𑄃𑄨𑄥𑄴𑄇𑄪𑄣𑄴 𑄍𑄪𑄖𑄴𑄖𑄨 𑄃𑄧𑄃𑄨𑄚𑄬 𑄊𑄧𑄢𑄧𑄖𑄴 𑄡𑄬 𑄚𑄧 𑄛𑄢𑄬𑄢𑄴 ।,Present
ছার পাে কাউকে দেখতেছি না,𑄍𑄧𑄢 𑄛𑄧𑄢𑄧𑄖𑄴 𑄇𑄢𑄧𑄢𑄬 𑄚𑄧 𑄘𑄬𑄉𑄨 𑄇𑄚𑄬𑄢𑄴 ।,Present
সূর্য ডোবার সম সে শার্টটি ডুবিে দিল,𑄝𑄬𑄣𑄚𑄴 𑄓𑄪𑄝𑄧𑄘𑄬 𑄘𑄬𑄉𑄨 𑄖𑄬 𑄥𑄨𑄣𑄪𑄟𑄴𑄟𑄮𑄟𑄮𑄃𑄨 𑄝𑄮𑄃𑄨𑄃𑄪𑄚𑄴 𑄞𑄪𑄘𑄨 𑄉𑄧𑄢𑄬𑄢𑄴 ।,Past
রিজুমা ছাতে গেলাম,𑄢𑄨𑄎𑄪𑄟𑄴𑄳𑄠 𑄍𑄧𑄢𑄖𑄴 𑄣𑄟𑄨𑄣𑄧𑄉𑄮𑄃𑄨 ।,Past
দৌাদৌি করে তাকে পানি নালা করে নিে যা,𑄍𑄧𑄢 𑄃𑄧𑄖𑄴𑄙𑄬𑄉𑄧𑄖𑄴 𑄡𑄬𑄚𑄬𑄃𑄨 𑄖𑄢𑄬 𑄛𑄚𑄨 𑄚𑄣𑄬 𑄞𑄎𑄬 𑄚𑄬𑄎𑄢𑄴 ।,Present
.সকালে জঙ্গল থেকে কাঠ তুলতেছে।,𑄥𑄧𑄘𑄧𑄉𑄬 𑄏𑄟𑄴 𑄘𑄨𑄚𑄬𑄃𑄨 𑄢𑄨𑄎𑄪𑄟𑄧𑄢𑄬 𑄖𑄪𑄣𑄬𑄢𑄴 ।,Present
রিজুমের পানি খেে এখন ভে পােছে,𑄢𑄨𑄎𑄪𑄟𑄬 𑄛𑄚𑄨 𑄈𑄬𑄚𑄬𑄃𑄨 𑄃 𑄓𑄧𑄢𑄬 𑄟𑄪𑄌𑄴𑄍𑄧 𑄡𑄬𑄃𑄨𑄠𑄬 ।,Present
রিজুমের পিঠে চামা বেঁধে দিল,𑄢𑄨𑄎𑄪𑄟𑄧𑄢𑄬 𑄛𑄨𑄘𑄨𑄖𑄴 𑄌𑄝𑄬𑄢𑄬𑄚𑄬𑄃𑄨 𑄃𑄧𑄉𑄧𑄣 𑄝𑄎𑄬 𑄘𑄨𑄣𑄧 ।,Past
সুগে রিজুমে করে বাইরে দো,𑄥𑄧𑄘𑄧𑄉𑄬 𑄢𑄨𑄎𑄪𑄟𑄧𑄢𑄬 𑄇𑄧𑄢𑄧𑄖𑄴 𑄉𑄧𑄢𑄨 𑄝𑄢𑄬 𑄘𑄬𑄣𑄴𑄣𑄮𑄃𑄨 ।,Present
তার মা-তোতলা পানিতে ডুবে মারা গেল,𑄖𑄟𑄴𑄟 𑄇𑄧𑄖𑄴𑄖𑄬- 𑄖𑄪𑄃𑄨𑄘𑄧 𑄛𑄚𑄨𑄖𑄴 𑄓𑄪𑄝𑄨 𑄟𑄧𑄢𑄨𑄣𑄬𑄚𑄴 ।,Past
ছেঁা পানি দিে গাে যেতে হ না,𑄍𑄧𑄢𑄛𑄚𑄨 𑄝𑄢𑄨𑄣𑄬 𑄉𑄠𑄴 𑄉𑄠𑄴 𑄛𑄢𑄴 𑄚𑄧 𑄦𑄮𑄌𑄴 ।,Present
পাহাের দোল ঘুরে বো,𑄈𑄪𑄘𑄪 𑄉𑄪𑄣𑄧𑄢𑄴 𑄘𑄬𑄌𑄴 𑄝𑄬𑄢𑄚,Present
কুকুরটা বাঁশটা হাত দিে দৌে যাচ্ছে,𑄇𑄪𑄘𑄪𑄉𑄪𑄣𑄧𑄝𑄱 𑄝𑄘𑄮𑄣𑄴 𑄦𑄘𑄧𑄖𑄴 𑄉𑄧𑄢𑄨 𑄘𑄬𑄌𑄴 𑄝𑄬𑄢 𑄣𑄟𑄴𑄟𑄳𑄠 ।,Present
তার কুমার সাথে দেখা হেছে,𑄞𑄧𑄋𑄧𑄘𑄬 𑄞𑄧𑄋𑄧𑄘𑄬 𑄘𑄬𑄊 𑄦𑄧𑄣𑄧 𑄖𑄢𑄴 𑄇𑄪𑄟𑄪𑄢𑄧𑄝𑄱 𑄣𑄧𑄉𑄬 ।,Present
.কুটিরটা কল-কোট থেকে বের হে যাচ্ছে,𑄈𑄪𑄟𑄪𑄢𑄧𑄝𑄱 𑄇𑄧𑄣𑄧-𑄇𑄪𑄖𑄴𑄘𑄪𑄢𑄧𑄖𑄴𑄖𑄪𑄚𑄴 𑄣𑄧𑄖𑄴 𑄘𑄪𑄃𑄧𑄥𑄴 ।,Present
কুদুগাটা কল দিে ভে গেলাম,𑄇𑄪𑄘𑄪𑄉𑄪𑄣𑄧𑄝𑄱 𑄇𑄧𑄣𑄧-𑄘𑄬𑄌𑄴 𑄞𑄧𑄋𑄧𑄚𑄖𑄴 𑄣𑄟𑄴𑄟𑄱𑄋𑄴 ।,Past
. যেতে যেতে সে ফুল কপিগুলো দো নামল,𑄡𑄘𑄬 𑄡𑄘𑄬 𑄖𑄬-𑄜𑄪𑄣𑄴 𑄇𑄧𑄛𑄨𑄃𑄪𑄚𑄧 𑄘𑄬𑄎𑄧𑄖𑄴 𑄣𑄪𑄋𑄨𑄣𑄧 ।,Past
.ফুল কপিগুলো দোর সম একটা রেকস,𑄜𑄪𑄣𑄴 𑄇𑄧𑄛𑄨𑄃𑄪𑄚𑄴 𑄘𑄬𑄎𑄧𑄖𑄴 𑄃𑄬𑄣𑄧 𑄃𑄬𑄇𑄴𑄇𑄮 𑄢𑄬𑄇𑄴𑄈𑄧𑄥𑄴 ।,Present
.খুদুগলটা কল-রকেটটার দিকে আমি তাকা,𑄈𑄪𑄘𑄪𑄉𑄪𑄣𑄧𑄝𑄱 𑄇𑄧𑄣𑄧-𑄢𑄬𑄇𑄴𑄈𑄧𑄌𑄴𑄌𑄱𑄢𑄬 𑄟𑄪𑄃𑄨 𑄌𑄬𑄟𑄴 ।,Present
সূর্য ডুবতে ডুবতে কতগুলো কুকুর গাছে উঠল,𑄝𑄬𑄣𑄚𑄴 𑄓𑄪𑄝𑄧𑄘𑄬 𑄓𑄪𑄝𑄧𑄘𑄬 𑄇𑄪𑄘𑄪𑄉𑄪𑄣𑄧𑄝𑄱 𑄉𑄎𑄧𑄖𑄴 𑄃𑄪𑄘𑄨 𑄢𑄧𑄣𑄧 ।,Past
রাতের বেলা রাত হে গেল,𑄢𑄬𑄘𑄮𑄖𑄴 𑄢𑄬𑄇𑄴𑄈𑄧𑄌𑄴𑄌𑄱 𑄃𑄬𑄣𑄧 𑄇𑄪𑄘𑄪𑄉𑄪𑄣𑄧𑄝𑄱 𑄢𑄬𑄇𑄴𑄈𑄧𑄌𑄴𑄌𑄱𑄢𑄬 𑄥𑄬𑄣𑄴 𑄟𑄣𑄴𑄣𑄧 ।,Past
সে রাতের বেলা বুো হেছে,𑄥𑄬𑄣𑄴𑄣𑄱 𑄢𑄬𑄇𑄴𑄈𑄧𑄌𑄴𑄌𑄱 𑄝𑄪𑄉𑄧𑄖𑄴 𑄛𑄪𑄘𑄨𑄣𑄧 ।,Present
রেকছাটা মরে গেল,𑄢𑄬𑄇𑄴𑄈𑄧𑄌𑄴𑄌𑄱 𑄟𑄧𑄢𑄨 𑄉𑄬𑄣𑄧 ।,Past
.তাকে অনেক বেইন ফুল কপিে নাচতেছে।,𑄖𑄇𑄬𑄣𑄴𑄣𑄳𑄠 𑄝𑄬𑄚𑄴𑄚𑄳𑄠 𑄜𑄪𑄣𑄴 𑄇𑄧𑄛𑄨𑄃𑄪𑄚𑄬 𑄏𑄪𑄎𑄨𑄠𑄬 𑄚𑄎 𑄙𑄧𑄥𑄴𑄎𑄳𑄠𑄧𑄚𑄴 ।,Present
লেজ নিে বাতাস বছে,𑄣𑄬𑄌𑄴 𑄍𑄨𑄬𑄨𑄚𑄬 𑄝𑄚𑄴𑄘𑄴𑄘𑄧𑄢𑄧𑄢𑄴,Present
একটি জঙ্গলে একটি বানর আছে।,𑄃𑄬𑄇𑄴𑄇𑄚𑄴 𑄏𑄢𑄧𑄖𑄴 𑄗𑄬𑄘𑄇𑄴 𑄇𑄧𑄃𑄨𑄇𑄴𑄇𑄮 𑄝𑄚𑄴𑄘𑄧𑄢𑄴 ।,Present
তারা একদিন গাছের পাতা খা,𑄖𑄢 𑄃𑄬𑄇𑄴𑄘𑄨𑄚𑄴𑄳𑄠 𑄍𑄧𑄢 𑄛𑄢𑄧𑄖𑄴 𑄉𑄎𑄧𑄛𑄘 𑄈𑄘𑄧𑄚𑄴 ।,Present
সেই মুহুর্তে ছাগুলো ভে যা,𑄥𑄬 𑄃𑄧𑄇𑄴𑄖𑄧𑄖𑄴 𑄍𑄧𑄢𑄘𑄨 𑄃𑄬𑄇𑄴𑄇𑄮 𑄝𑄌𑄴𑄞𑄪𑄢𑄴 𑄞𑄎𑄨 𑄡𑄢𑄴 ।,Present
দুটি বানর বাঁশে সুগ খাছে।,𑄘𑄨𑄝𑄬 𑄝𑄚𑄴𑄘𑄧𑄢𑄴 𑄝𑄎𑄴𑄞𑄪𑄢𑄧𑄖𑄴 𑄐𑄬𑄚𑄬𑄭 𑄥𑄪𑄉𑄴 𑄈𑄘𑄧𑄚𑄴 ।,Present
আগে ছোট একটি বানর লেজের নিচে বসে আছে।,𑄃𑄘𑄨𑄇𑄴𑄇𑄬 𑄉𑄪𑄢𑄨 𑄃𑄬𑄇𑄴𑄇𑄧 𑄝𑄚𑄴𑄘𑄧𑄢𑄧𑄢𑄴 𑄣𑄬𑄎𑄴 𑄝𑄌𑄴𑄞𑄪𑄢𑄧 𑄌𑄨𑄝𑄬𑄖𑄴 𑄝𑄌𑄳𑄠𑄬 ।,Present
তাাতাি লেজটা গেল চিনি,𑄖𑄚𑄴𑄘𑄬 𑄖𑄚𑄴𑄘𑄬 𑄣𑄬𑄎𑄴𑄌𑄚𑄴 𑄉𑄬𑄣𑄧 𑄌𑄨𑄚𑄨 ।,Past
লেলিে দেওার সম মনটা ব হচ্ছে,𑄣𑄬𑄌𑄴𑄍𑄨𑄚𑄬 𑄝𑄚𑄴𑄘𑄧𑄢𑄴𑄎𑄬𑄢𑄴 𑄥𑄬𑄚𑄧𑄖𑄳𑄠𑄃𑄨 𑄟𑄧𑄚𑄚𑄴 𑄝𑄧𑄎𑄧𑄋𑄴 𑄃𑄧𑄣𑄧 ।,Present
সমাজ ভালো করা কলাটা ভালো করিও না,𑄥𑄧𑄟𑄎𑄳𑄠𑄬𑄃𑄪𑄌𑄚 𑄇𑄧𑄣𑄇𑄴 𑄟𑄧𑄚𑄴 𑄝𑄧𑄎𑄧𑄋𑄴 𑄚𑄧 𑄉𑄧𑄢𑄨𑄥𑄴 ।,Present
.লবনাক্ত করা ভালো না,𑄣𑄪𑄞𑄴 𑄛𑄘𑄚 𑄉𑄧𑄟𑄴 𑄚𑄧𑄠𑄴,Present
সুগজালটা ভালুকের বিচি খুঁজতে যাচ্ছে,𑄥𑄪𑄉𑄧𑄎𑄳𑄠𑄣𑄧𑄃𑄨 𑄞𑄣𑄪𑄇𑄴𑄇𑄳𑄠 𑄝𑄌𑄴𑄌𑄪𑄢𑄨 𑄖𑄧𑄉 𑄐𑄘𑄧𑄚𑄴 ।,Present
সুোটা একটু একটু করে সবগুলো ভেঙে নিল,𑄥𑄪𑄉𑄧𑄢𑄴𑄝𑄱 𑄃𑄇𑄴𑄇𑄬 𑄃𑄇𑄴𑄇𑄬 𑄝𑄬𑄇𑄴 𑄝𑄌𑄴𑄌𑄪𑄢𑄨𑄉𑄪𑄚𑄴 𑄞𑄋𑄨 𑄣𑄧𑄣𑄧 ।,Past
নাচা করে দুইজনে বাছবিচার পেল,𑄥𑄬𑄚𑄧𑄖𑄴𑄖𑄳𑄠𑄠𑄴 𑄞𑄣𑄪𑄇𑄴𑄇𑄳𑄠 𑄘𑄨𑄝𑄬𑄉𑄪𑄢𑄨 𑄝𑄥𑄴𑄌𑄪𑄢𑄨 𑄛𑄬𑄣𑄧 ।,Past
সুোটা বুো বাঁশের টুকরো দিে বািে ফিরে,𑄥𑄪𑄉𑄧𑄢𑄴𑄝𑄱 𑄝𑄌𑄴𑄌𑄪𑄢𑄨 𑄇𑄣𑄴𑄣𑄧𑄱𑄋𑄋𑄴𑄮 𑄝𑄪𑄉𑄨 𑄇𑄨𑄎𑄇𑄨𑄥𑄳𑄠 𑄉𑄪𑄢𑄨 𑄊𑄧𑄢𑄧𑄖𑄴 𑄜𑄨𑄢𑄬𑄢𑄴 ।,Present
একদল লোক সুোটাকে আধা-পাে ঘিরলো,𑄃𑄬𑄇𑄴𑄘𑄧𑄣𑄴 𑄛𑄧𑄣𑄴𑄣𑄚𑄬 𑄥𑄪𑄉𑄧𑄢𑄴𑄝𑄱𑄢𑄬 𑄃𑄙-𑄛𑄧𑄘𑄧𑄖𑄴 𑄊𑄨𑄢𑄨𑄣𑄇𑄴 ।,Past
সুোটা বিপদে পেছে,𑄥𑄪𑄉𑄧𑄢𑄴𑄝𑄱 𑄝𑄨𑄛𑄧𑄘𑄧𑄖𑄴 𑄛𑄧𑄢𑄨 𑄌𑄨𑄘𑄬 𑄉𑄧𑄢 𑄙𑄧𑄣𑄴𑄣𑄧 ।,Present
.আগে থেকে অনেক লোক বের হেছে।,𑄃𑄘𑄨𑄇𑄴𑄇𑄳𑄠 𑄉𑄧𑄢𑄨 𑄞𑄣𑄨𑄇𑄴𑄇𑄳𑄠 𑄛𑄧𑄣𑄴𑄣𑄚𑄪𑄚𑄧𑄢𑄬 𑄎𑄝𑄬𑄘𑄬 𑄙𑄧𑄣𑄴𑄣𑄧𑄪 ।,Present
সুোটা ভালুককে বুি দিে ভ দিতেছে,𑄥𑄪𑄉𑄧𑄢𑄴𑄝𑄮 𑄞𑄣𑄪𑄇𑄴𑄇𑄳𑄠𑄬𑄢𑄬 𑄝𑄌𑄴𑄌𑄪𑄢𑄨 𑄞𑄇𑄴 𑄘𑄨𑄝𑄢𑄴 𑄌𑄬𑄣𑄧 ।,Present
"ভালুকের কল, ঠোক, ঠোক,চিগা - তোমার","𑄞𑄣𑄪𑄇𑄴𑄇𑄳𑄠 𑄇𑄧𑄣𑄧, 𑄗𑄧𑄱𑄇𑄴, 𑄗𑄧𑄱𑄇𑄴, 𑄌𑄨𑄉𑄪𑄚𑄴𑄘𑄧 - 𑄖𑄧𑄢𑄴 ।",Present
".সুোটা কলমাপ করে,লবনাক্ত করা ভুল হ","𑄥𑄪𑄉𑄧𑄢𑄴𑄝𑄱 𑄇𑄧𑄣𑄧-𑄟𑄛𑄴 𑄉𑄧𑄢𑄨𑄌𑄴, 𑄣𑄮𑄞𑄴 𑄛𑄘𑄚 𑄞𑄪𑄣𑄴 𑄦𑄧𑄃𑄨𑄠𑄬 ।",Present
পিে দুইজনে অসুখে পে গেল,𑄛𑄧𑄢𑄬𑄘𑄨 𑄘𑄨𑄎𑄧𑄚𑄬 𑄈𑄪𑄎𑄨-𑄢𑄎𑄨𑄠𑄬 𑄊𑄧𑄢𑄧𑄖𑄴 𑄛𑄨𑄢𑄨𑄣𑄇𑄴 ।,Past
রেছে -ধন রেছে তাাতাি,𑄢𑄧𑄎𑄬𑄠𑄬 : - 𑄙𑄧𑄚𑄧 𑄢𑄧𑄚𑄴𑄎𑄧𑄝𑄴 𑄖𑄳𑄠𑄛𑄪𑄢,Present
.উম্ম একটি ছোট বোন,𑄃𑄪𑄟𑄧𑄋𑄴 𑄃 𑄌𑄨𑄟𑄧𑄋𑄴 𑄘𑄨 𑄞𑄬𑄃𑄨 𑄝𑄮𑄚𑄴 ।,Present
তারা তার মামার সাথে সারাদিন মাঠে গািেছে,𑄖𑄢 𑄖-𑄟𑄟𑄳𑄦 𑄥𑄧𑄟𑄢𑄬 𑄘𑄨𑄚𑄴𑄛𑄧𑄖𑄴𑄖𑄨 𑄍𑄧𑄢𑄖𑄴 𑄉𑄘𑄨𑄘𑄇𑄴𑄇𑄮𑄃𑄨 ।,Present
এক দিন ব বৃষ্টিতে ছা পানি পলো,𑄃𑄬𑄇𑄴 𑄘𑄨𑄚𑄴𑄚𑄬 𑄝𑄧𑄢𑄴 𑄏𑄧𑄢𑄴 𑄘𑄨𑄚𑄬𑄃𑄨 𑄍𑄧𑄢 𑄛𑄚𑄨 𑄝𑄢𑄨𑄣𑄧 ।,Present
"তার মা তাদেরকে বললো, দৌাদৌি করতেছে না","𑄖-𑄟 𑄖𑄢𑄢𑄬 𑄇𑄧𑄣𑄧; ""𑄍𑄧𑄢𑄖𑄴 𑄚𑄧 𑄡𑄬𑄠𑄧𑄥𑄳𑄠𑄬 ।",Past
bdmean,"""",Present
সে তার মা জুমে গেল,𑄥𑄬𑄝𑄬𑄘𑄬𑄚𑄴 𑄖-𑄟 𑄎𑄪𑄟𑄧𑄖𑄴 𑄉𑄬𑄣𑄧𑄉𑄮𑄃𑄨 ।,Past
.ওই ছোট তার মা কথা না শুনে দৌা গেল,𑄃𑄪𑄟𑄧𑄋𑄴 𑄃 𑄌𑄨𑄟𑄧𑄋𑄴 𑄖-𑄟 𑄇𑄧𑄙 𑄚𑄧 𑄥𑄪𑄚𑄨𑄚𑄬𑄃𑄨 𑄍𑄧𑄢𑄖𑄴 𑄉𑄬𑄣𑄇𑄴 ।,Past
উপরে পানিতে নামতে না পেরে নদীর পানিতে ডুবে গেল,𑄃𑄪𑄟𑄧𑄋𑄬 𑄛𑄚𑄨𑄖𑄴 𑄚𑄟𑄨𑄚𑄬𑄃𑄨 𑄗𑄧𑄇𑄴 𑄚𑄧 𑄛𑄬𑄃𑄨 𑄉𑄧𑄋𑄢𑄴 𑄛𑄚𑄨𑄖𑄴 𑄞𑄎𑄨 𑄡 𑄙𑄧𑄢𑄴𑄣𑄧 ।,Past
ছোট কিচিরমিচিরি তার মাথা টোকা দিল,𑄌𑄨𑄟𑄧𑄋𑄴 𑄇𑄨𑄎𑄬𑄇𑄴𑄇𑄢𑄨 𑄖-𑄟𑄪𑄎𑄨𑄢𑄬 𑄓𑄉 𑄙𑄧𑄢𑄴𑄣𑄧 ।,Past
তার মা ছোট করে কথা শুনে দৌে আসলো,𑄖-𑄟𑄪𑄎𑄨 𑄌𑄨𑄟𑄧𑄋𑄧 𑄢𑄧 𑄥𑄪𑄚𑄨𑄚𑄬𑄃𑄨 𑄙𑄝 𑄘𑄨𑄘𑄨 𑄃𑄬𑄣𑄧 ।,Past
.তার মা বাচ্চাটাকে পানি থেকে তুলে নিল।,𑄖-𑄟𑄪𑄎𑄨 𑄃𑄪𑄟𑄧𑄋𑄧𑄢𑄬 𑄛𑄚𑄨𑄖𑄴𑄖𑄪𑄚𑄴 𑄖𑄚𑄨 𑄖𑄪𑄣𑄨𑄣𑄧 ।,Past
"তার মা বলল, পানি বারিে ছানো ভালো না","𑄖-𑄟𑄪𑄎𑄨 𑄇𑄧𑄣𑄧; ""𑄛𑄚𑄨 𑄝𑄢𑄨𑄣𑄬 𑄍𑄧𑄢𑄴𑄖𑄴 𑄡𑄚 𑄉𑄧𑄟𑄴 𑄚𑄧𑄠𑄴 ।",Past
মেঘে ঢাকা আকাশ,𑄟𑄬𑄊𑄪𑄣𑄴𑄦𑄧 𑄘𑄬𑄝,Present
"রগচটা, রগচটা",𑄢𑄧𑄎𑄬𑄠𑄬 : 𑄥𑄪𑄟𑄴𑄇𑄨 𑄥𑄋𑄴𑄟,Present
এক জাতী ফুল,𑄛𑄧𑄢𑄚𑄨𑄢𑄴 𑄜𑄪𑄣𑄧𑄢𑄴 𑄝𑄉𑄚𑄴,Present
একটি মেে পা ফুলের বাগান,𑄃𑄨𑄠𑄬𑄚𑄴 𑄟𑄨𑄖𑄢𑄴 𑄛𑄧𑄢𑄚𑄨𑄢𑄴 𑄜𑄪𑄣𑄧 𑄝𑄉𑄚𑄴 ।,Present
"ভাগনে আতর,সুগন্ধি ফুল ফোটে","𑄞𑄉𑄚𑄧𑄖𑄴 𑄥𑄧𑄘𑄧𑄢𑄧𑄇𑄴, 𑄥𑄪𑄡𑄳𑄠𑄧𑄟𑄪𑄉𑄨, 𑄎𑄧𑄝 𑄜𑄪𑄣𑄴 𑄜𑄪𑄖𑄴𑄖𑄮𑄚𑄴 ।",Present
".সাবানের ফোটা পাটাকে বল, ভালো আছো?","𑄥𑄧𑄘𑄧𑄢𑄧𑄇𑄴 𑄜𑄪𑄣𑄴𑄣𑄮 𑄛𑄧𑄢𑄚𑄨𑄢𑄬 𑄇𑄧𑄣𑄧, 𑄉𑄧𑄟𑄴 𑄃𑄉𑄧𑄌𑄴 ?",Present
"সুামুি কল, তোমাকে অনেক সুন্দর লাগে","𑄥𑄪𑄡𑄳𑄠𑄧𑄟𑄪𑄉𑄨 𑄇𑄧𑄣𑄧, 𑄛𑄧𑄢𑄚𑄨 𑄖𑄧𑄢𑄬 𑄃𑄬𑄌𑄴𑄌𑄳𑄠𑄬𑄎𑄧𑄘𑄧𑄝𑄧𑄘𑄬 𑄘𑄮𑄣𑄴 𑄣𑄉𑄬𑄢𑄴 ।",Present
"পিা কল,আমি তো জিন্সের পোশাক পেছি","𑄛𑄧𑄢𑄚𑄨 𑄇𑄧𑄣𑄧, 𑄟𑄪𑄃𑄨 𑄃𑄨𑄌𑄴𑄌𑄳𑄠𑄬 𑄥𑄮𑄇𑄴𑄥𑄮𑄇𑄳𑄠𑄬 𑄇𑄝𑄧𑄢𑄴 𑄃𑄪𑄌𑄴𑄎𑄮𑄋𑄴 ।",Present
"হাসিখুসি জবা ফুল কল, তুমি স্কুলে যাবে?","𑄦𑄎𑄨𑄚𑄬𑄃𑄨 𑄎𑄧𑄝 𑄜𑄪𑄣𑄴𑄣𑄧 𑄇𑄧𑄣𑄧, 𑄖𑄪𑄃𑄨 𑄃𑄨𑄥𑄴𑄇𑄪𑄣𑄧𑄖𑄴 𑄡𑄬𑄝𑄬 ?",Future
পিা ফুলকে শুকিে কল দিবো,"𑄛𑄧𑄢𑄚𑄨 𑄎𑄧𑄝 𑄜𑄪𑄣𑄴𑄣𑄧𑄢𑄬 𑄌𑄪𑄟𑄨𑄚𑄬𑄃𑄨 𑄇𑄧𑄣𑄧, 𑄡𑄬𑄟𑄴 ।",Future
"পুা হাত ধরে আছে,সুগন্ধি ফুলগুলো স্কুলে যাচ্ছে","𑄛𑄧𑄢𑄚𑄨𑄢𑄴 𑄦𑄘𑄧𑄖𑄴 𑄙𑄧𑄢𑄨 𑄃𑄥𑄧𑄘𑄧𑄢𑄧𑄇𑄴, 𑄥𑄪𑄡𑄳𑄠𑄟𑄨𑄉𑄨 𑄜𑄪𑄣𑄪𑄚𑄬 𑄃𑄨𑄥𑄴𑄇𑄪𑄣𑄧𑄖𑄴 𑄡𑄘𑄧𑄚𑄴 ।",Present
পা থেকে বের হওা,𑄛𑄧𑄢𑄖𑄴𑄖𑄪𑄚𑄴 𑄎𑄚𑄨 𑄣𑄧𑄃𑄨,Present
আমি ব হবো/ব হবো,𑄟𑄘𑄬𑄃𑄨 𑄃𑄳𑄦 𑄃𑄟𑄧𑄚𑄴 𑄝𑄧𑄠𑄧𑄌𑄴 / 𑄝𑄧𑄌𑄴 𑄌𑄧𑄠𑄴 𑄇𑄧𑄃𑄨,Future
এক জাতী বুনো ফল,𑄃𑄬𑄌𑄳𑄠𑄬 𑄥𑄪𑄇𑄴𑄇𑄧𑄢𑄴 𑄝𑄢𑄴।,Present
স্কুল/ ক্লাস ফাকি দো,𑄃𑄨𑄇𑄴𑄇𑄪𑄣𑄧𑄢𑄴 /𑄃𑄨𑄥𑄴𑄇𑄪𑄣𑄧𑄢𑄴 𑄝𑄧𑄚𑄴𑄘𑄧 𑄘𑄨𑄚𑄴।,Present
.সনাা আর দুইজনে বাগানে কাজ করছে।,𑄥𑄧𑄚 𑄃 𑄃𑄧𑄎𑄧𑄚𑄬 𑄝𑄉𑄚𑄧𑄖𑄴 𑄇𑄟𑄴 𑄉𑄧𑄖𑄴 𑄖𑄧𑄚𑄴 / 𑄉𑄧𑄢𑄴 𑄖𑄧𑄚𑄴।,Present
বাগানের এক পাশে/একত্রে ফুল লাগে,𑄝𑄉𑄚𑄧𑄢𑄴 𑄃𑄬𑄇𑄴𑄙𑄉𑄧𑄖𑄴 / 𑄃𑄬𑄇𑄴𑄇𑄬𑄖𑄳𑄠 𑄜𑄪𑄣𑄴𑄉𑄌𑄴 𑄣𑄉𑄬𑄠𑄧𑄚𑄴।,Present
"আরও একবার,আরেকবার না না বলার সম /লম্বা",𑄃𑄢𑄧 𑄃𑄬𑄇𑄴𑄘𑄉𑄬𑄚𑄴𑄘𑄨 / 𑄃𑄬𑄇𑄴𑄇𑄬𑄖𑄳𑄠𑄚𑄴𑄘𑄨 𑄚 𑄚 𑄝𑄝𑄧𑄘𑄧𑄢𑄴 𑄥𑄇𑄴𑄛𑄖𑄴 / 𑄣𑄘𑄛𑄘।,Present
তারা প্রতিদিন বাগানে পানি দে,𑄖𑄢 𑄘𑄨𑄚𑄴𑄛𑄧𑄖𑄴𑄖𑄨 𑄝𑄉𑄚𑄧𑄢𑄴 𑄉𑄌𑄴𑄌𑄪𑄚𑄧𑄖𑄴 𑄛𑄚𑄨 𑄘𑄮𑄚𑄴।,Present
তারা বাইে তাদের বাগানটা চেে আসছে,𑄖𑄢 𑄝𑄧𑄢𑄧𑄋𑄝𑄮𑄃𑄨 𑄖𑄢 𑄝𑄉𑄚𑄚𑄴 𑄌𑄬𑄝𑄖𑄳𑄠𑄃𑄨 𑄃𑄬𑄥𑄳𑄠𑄬।,Present
তারা সব বাগান ঘুরে ঘুরে দেখতেছে,𑄖𑄢 𑄝𑄬𑄇𑄴 𑄝𑄉𑄚𑄚𑄴 𑄊𑄪𑄢𑄬𑄃𑄨 𑄊𑄪𑄢𑄬𑄃𑄨 𑄘𑄬𑄊𑄬𑄣𑄇𑄴।,Present
বাগানটা দিে তাদের বরঙটা অনেক খুশি হলো,𑄝𑄉𑄚𑄚𑄴 𑄘𑄬𑄃𑄨𑄚𑄬𑄃𑄨 𑄖𑄢 𑄝𑄧𑄢𑄧𑄋𑄝𑄱 𑄞𑄢𑄨 𑄈𑄪𑄎𑄨 𑄦𑄧𑄣𑄧।,Past
সে তোমাদের বািটা খুব সুন্দর,𑄖𑄬 𑄇𑄧𑄣𑄧 𑄖𑄧𑄟 𑄝𑄉𑄚𑄚𑄴 𑄞𑄢𑄨 𑄘𑄮𑄣𑄴।,Present
তাদের কলা/বোই/নানু তুমিও অনেক সুন্দর,𑄖𑄢𑄠𑄮 𑄇𑄧𑄣𑄇𑄴 - 𑄝𑄬𑄝𑄬𑄃𑄨 / 𑄚𑄚𑄪 𑄖𑄪𑄃𑄨𑄠𑄮 𑄞𑄢𑄨 𑄘𑄮𑄣𑄴।,Present
আমি তোমাকে অনেক ভালোবাসি,𑄃𑄟𑄨 𑄖𑄧𑄢𑄬 𑄃𑄧𑄟𑄧𑄇𑄧𑄘𑄧𑄉𑄧𑄢𑄨 𑄇𑄮𑄌𑄴 𑄛𑄬𑄃𑄨।,Present
কোকড়ানো - কোকড়ানো,- : 𑄇𑄱𑄌𑄴 𑄉𑄧𑄢𑄚𑄨 : -,Present
"কে,সনা আর কে বাগানে কাজ করে?",𑄇. 𑄥𑄧𑄚 𑄃𑄳𑄦 𑄃𑄧𑄎𑄧𑄚𑄬 𑄇𑄧𑄚𑄴𑄝𑄢𑄬 𑄝𑄉𑄚𑄧𑄖𑄴 𑄇𑄟𑄴 𑄉𑄧𑄢𑄧𑄚𑄴?,Present
"খা, বাগানে কি কি গাছ লাগে?",𑄈. 𑄝𑄉𑄚𑄧𑄖𑄴 𑄇𑄨 𑄇𑄨 𑄉𑄌𑄴 𑄣𑄉𑄬𑄠𑄮𑄚𑄴?,Present
গা.তারা বরঙাটা কি খুঁজতে গেছে?,𑄉. 𑄖𑄢 𑄝𑄧𑄢𑄧𑄋𑄝𑄮𑄃𑄨 𑄇𑄨𑄖𑄳𑄠𑄃𑄨 𑄈𑄪𑄎𑄨 𑄦𑄪𑄠𑄬?,Present
"ঘা, তোমার বাগানে কি কি গাছ লাগবে?",𑄊. 𑄖𑄪𑄃𑄨 𑄖𑄧 𑄝𑄉𑄚𑄧𑄖𑄴 𑄇𑄨 𑄇𑄨 𑄉𑄌𑄴 𑄣𑄉𑄬𑄝𑄬?,Future
২. বাি থেকে সাবান বের হে গেছে,𑄸. 𑄊𑄧𑄢𑄧𑄖𑄴𑄖𑄪𑄚𑄴 𑄥𑄧𑄝𑄴𑄘𑄧 𑄣𑄮𑄃𑄨 𑄚𑄬𑄃𑄨 𑄍𑄧𑄝𑄨𑄢𑄴 𑄖𑄧𑄣𑄬𑄘𑄨 𑄣𑄨𑄊𑄨।,Present
. পাতা - ২,.. ... 𑄛𑄘 - 𑄸,Present
ছবি দেখে,𑄹.𑄍𑄧𑄝𑄨 𑄌𑄬𑄃𑄨।,Present
.উপরের জাগাটা নতুন সাবান তৈরি করে,𑄃𑄪𑄉𑄪𑄘𑄧 𑄎𑄝𑄘 𑄦𑄧𑄢𑄧𑄇𑄴𑄇𑄪𑄚𑄧𑄖𑄪𑄚𑄴 𑄥𑄧𑄝𑄴𑄘𑄧 𑄝𑄚𑄬𑄃𑄨।,Present
লেলিে যাওার শব্দ,𑄣𑄨𑄊𑄨 𑄃𑄳𑄦𑄳𑄦𑄳𑄦𑄳𑄦𑄳𑄦𑄳𑄦𑄳𑄦𑄳𑄦𑄳𑄦𑄳𑄦 𑄟𑄙𑄬𑄃𑄨।,Present
গাছের ছবি দিে এক জাতী গাছ হবে,𑄉𑄎𑄧 𑄍𑄧𑄝𑄨𑄨 𑄦𑄧𑄝𑄧 𑄌𑄴 𑄉 𑄉𑄌𑄴,Future
বাগানের ছবি হবে গাছটা,𑄝𑄉𑄚𑄧 𑄍𑄧𑄝𑄨 𑄦𑄧𑄝𑄧 𑄉 𑄚𑄴 𑄝 ... ...,Future
ব্রণযুক্ত ছবি হবে ছবিটা,𑄝𑄧𑄢𑄧𑄋𑄢𑄴 𑄍𑄧𑄝𑄨 𑄦𑄧𑄝𑄧 𑄢𑄧 𑄋 𑄝𑄧 . . ....,Future
.লম্বা ছবি পাে কেকটা তাাতাি করে,𑄣𑄬𑄘𑄛𑄘 𑄍𑄧𑄝𑄨 𑄛 𑄇𑄴 𑄖𑄴 𑄥 . .... ... ..,Present
.খাওা বািতে সবসম কথা বলে না,𑄈𑄣𑄳𑄠 𑄊𑄧𑄢𑄧𑄖𑄴 𑄥𑄧𑄝𑄴𑄘𑄧 𑄝𑄧𑄏𑄬𑄙𑄨 𑄚𑄬𑄃𑄨 𑄇𑄧𑄙 𑄝𑄚𑄬𑄃𑄨।,Present
সুন্দর,[ 𑄘𑄮𑄣𑄴।,Present
সারাদিন,𑄘𑄨𑄚𑄴𑄟𑄉𑄬𑄚𑄬𑄃𑄨।,Present
কাপের মাথা ব ব দাঁত,𑄇. 𑄟𑄪𑄃𑄨 .. .. .. .. .. 𑄘𑄖𑄴𑄖𑄪𑄚𑄴 𑄙𑄧𑄋𑄴 / 𑄙𑄧𑄣𑄧𑄋𑄴।,Present
খাওার পর তার ছবি আঁকা অনেক বেশি .,𑄈 . 𑄖𑄢𑄴 𑄍𑄧𑄝𑄨 𑄃𑄉𑄚 𑄃𑄧𑄟𑄧𑄇𑄧𑄘𑄧 . . . . . . . . 𑄦𑄪𑄠𑄬।,Present
"গা,আমাকে দেখতে দেখতে আমার খুব খারাপ হেছে",𑄉. 𑄟𑄧𑄢𑄬 𑄘𑄬𑄊𑄨𑄚𑄬𑄃𑄨 𑄃𑄎𑄪 𑄃𑄧𑄟𑄧𑄖𑄧𑄘𑄧 .. .. .. .. .. 𑄦𑄪𑄠𑄬।,Present
.গবাদিপশু.গবাদিপশু,𑄊. .. .. .. .. .. .. .. .. .. .. .. 𑄃𑄨𑄥𑄴𑄇𑄪𑄣𑄴 𑄝𑄧𑄚𑄴𑄘𑄧।,Present
পাতা - ৩,𑄛𑄘 - 𑄹,Present
ছবি গুলো নিচ থেকে কথা বলে,𑄻 . 𑄍𑄧𑄝𑄨𑄠𑄪𑄚𑄧𑄢𑄴 𑄖𑄧𑄣𑄬𑄘𑄨 𑄇𑄧𑄙𑄚𑄨 𑄟𑄘𑄬𑄃𑄨।,Present
মেের জ্বালা লাগা ছবি,𑄟𑄨𑄣𑄬𑄢𑄴 𑄎𑄣 𑄣𑄉𑄚 𑄍𑄧𑄝𑄨।,Present
ধানের ক্ষেতের মধ্যে এক মহিলা মারা গেছে,𑄦𑄬𑄭𑄣𑄴 𑄙𑄚𑄴 𑄞𑄪𑄃𑄨 𑄍𑄨𑄉𑄮𑄚𑄴 𑄟𑄨𑄣𑄬 𑄟𑄧𑄢𑄧𑄘𑄬,Present
ধান ক্ষেতের দিকে তাকিে আছে,𑄙𑄚𑄴 𑄞𑄪𑄃𑄨𑄠𑄮 𑄇𑄬𑄭𑄖𑄴 𑄌𑄬𑄃𑄨 𑄃𑄊𑄧𑄚𑄴।,Present
মেে-গুলো জালা লাগাচ্ছে,[ 𑄟𑄨𑄣𑄬 𑄠𑄪𑄚𑄬 𑄎𑄣 𑄣𑄉𑄘𑄧𑄚𑄴।,Present
ধান ক্ষেতটা লাঙ্গল দিে দেখা যা,𑄙𑄚𑄴 𑄞𑄪𑄃𑄨𑄠𑄚𑄴 𑄦𑄬𑄭𑄣𑄴𑄉𑄧𑄢𑄨 𑄘𑄬𑄊 𑄡𑄠𑄴।,Present
ছবি দেখে কথা বলি,𑄼 . 𑄍𑄧𑄝𑄨 𑄌𑄬𑄃𑄨 𑄃𑄳𑄦 𑄇𑄧𑄙 𑄣𑄨𑄊𑄨।,Present
. পাকা ধান খেত কাটাচ্ছো,[ 𑄛𑄉𑄚 𑄙𑄚𑄧 𑄈𑄬𑄖𑄴 𑄇𑄝𑄚𑄢𑄴 𑄘𑄨𑄢𑄨𑄥𑄮।,Present
ধান শুকানো,𑄙𑄚𑄧𑄖𑄢 𑄝𑄮𑄃𑄨 𑄚𑄬𑄎𑄘𑄧𑄚।,Present
.বাচ্চাটির পাশে দুই লোক বসে আছে।,𑄍𑄨𑄉𑄮𑄚𑄴𑄉𑄪 𑄇𑄪𑄢𑄬 𑄘𑄨 𑄎𑄧𑄚𑄴 𑄍𑄨𑄉𑄮𑄚𑄴 𑄉𑄪𑄢𑄮 𑄌𑄬𑄃𑄨 𑄃𑄊𑄧𑄚𑄴।,Present
বাচ্চাটা দূর থেকে দেখে,- 𑄉𑄪𑄢𑄮𑄝𑄮 𑄘𑄪𑄢𑄧𑄖𑄴𑄖𑄪𑄚𑄴 𑄌𑄬𑄃𑄨,Present
১. আছে ২. আছে,𑄃𑄊𑄬।,Present
"১. (চুলের) স্টাইল, স্টাইল ২. (চুলের) স্টাইল",],Present
".পিঁপা,পিঁপা,পিঁপা,পিঁপা",.. .. .. .. .. .. .. .. .. .. .. .. ... .. .. .. .. .. .. .. .. .. .. .. .. .. .. .. .. .. .. .. ..,Present
".পিঁপে,পিঁপে,পিঁপে,পিঁপে",.... .. .. .. .. .. .. .. .. .. .. .. .. .. .. .. .. .. .. .. .. .. .. .. .. .. .. .. .. .. .. .. .. .. .. .. .. . . .. .. ... ... ... ... ... .. .. .. .. .. .. .. .. .. .. .. .. .. .. .. .. .. .. .. .. .. .. .. .. ..,Present
১. পাতা- ৪. পাতা,𑄛𑄘 -𑄺,Present
নানা রঙের ফুল,𑄚𑄚 𑄢𑄧𑄋𑄧𑄢𑄴 𑄜𑄪𑄣𑄴 𑄃𑄳𑄦 𑄉𑄪𑄣𑄧𑄉𑄪𑄣𑄨,Present
"আমাদের দেশটা হলো ফুলের দো, গুলতি","𑄃𑄟 𑄘𑄬𑄌𑄴𑄌𑄚𑄴 𑄦𑄧𑄣𑄧𑄘𑄬 𑄜𑄪𑄣𑄧𑄢𑄴 𑄘𑄬𑄌𑄴, 𑄉𑄪𑄣𑄧𑄉𑄪𑄣𑄨𑄢𑄴𑄘𑄬𑄌𑄴।",Present
"নানা রঙের, নানা রঙের ফুলগুলো পুরো বছর দেখা যা",𑄚𑄚 𑄢𑄧𑄋𑄧𑄢𑄴 𑄃𑄳𑄦 𑄚 𑄚 𑄝𑄝𑄧𑄘𑄧𑄢𑄴 𑄜𑄪𑄣𑄴 𑄃𑄳𑄦 𑄉𑄪𑄣𑄧𑄉𑄪𑄣𑄨 𑄉𑄧𑄘 𑄝𑄧𑄏𑄧𑄢𑄧𑄖𑄴 𑄘𑄬𑄊 𑄡𑄠𑄴।,Present
গলাক/গলাক ফুল দিে নববর্ষের বার মাছ পাওা যা,𑄉𑄧𑄣𑄇𑄴/𑄉𑄧𑄣𑄛𑄴 𑄜𑄪𑄣𑄪𑄚𑄴 𑄥𑄪𑄘𑄨𑄚𑄴 𑄝𑄢𑄧 𑄟𑄌𑄴 𑄛 𑄡𑄠𑄴 ।,Present
"লাল, ধুুা, হলো না না বাির রং","𑄢𑄋, 𑄙𑄪𑄝𑄴, 𑄦𑄧𑄣𑄧𑄘𑄳𑄠 𑄚 𑄚 𑄝𑄝𑄧𑄘𑄧𑄢𑄴 𑄢𑄧𑄋𑄴।",Past
এই ফুল থেকে সুগন্ধ বের হ,𑄃𑄬 𑄜𑄪𑄣𑄪𑄚𑄧𑄖𑄴𑄖𑄪𑄚𑄴 𑄖𑄪𑄟𑄴𑄝𑄌𑄴 𑄚𑄨𑄉𑄨𑄣𑄬।,Present
"রগচটা,কিস নচা,সিমের ফুল প্রভৃতির চোখগুলো লাল হছে","𑄢𑄧𑄇𑄴 𑄖𑄧𑄎𑄧𑄝, 𑄇𑄨𑄥𑄴 𑄚𑄧𑄌𑄪𑄢, 𑄥𑄨𑄟𑄬𑄃𑄨𑄜𑄪𑄣𑄴 𑄃𑄳𑄦 𑄟𑄘𑄣𑄴𑄜𑄪𑄣𑄪𑄚𑄴 𑄘𑄮𑄇𑄴𑄘𑄮𑄇𑄳𑄠 𑄢𑄋𑄉𑄧𑄢𑄨 𑄜𑄪𑄘𑄧𑄚𑄴।",Present
এগুলো দেখতে সুন্দর হলেও সুগন্ধ নেই,𑄃𑄨𑄉𑄪𑄚𑄴 𑄘𑄬𑄇𑄴𑄈𑄬 𑄘𑄮𑄣𑄴 𑄦𑄧 𑄣𑄬𑄠𑄮 𑄖𑄪𑄟𑄴𑄝𑄌𑄴 𑄚𑄬𑄃𑄨।,Present
".গর্তে ধরা, সেফালি সুতা,রেবেক,ভুজুব ফুল প্রভৃতির সুগন্ধি করে ফোটাচ্ছে।","𑄉𑄧𑄚𑄴 𑄙𑄧𑄢𑄎𑄴, 𑄥𑄬𑄜𑄣𑄨 𑄥𑄮𑄚𑄴𑄘𑄳𑄠𑄟𑄣𑄧𑄖𑄨, 𑄢𑄬𑄝𑄬𑄇𑄴, 𑄚𑄇𑄴 𑄥, 𑄞𑄪𑄎𑄪𑄝𑄧𑄜𑄪𑄣𑄴 𑄃𑄳𑄦 𑄢𑄧𑄎𑄧𑄚𑄨𑄉𑄧𑄚𑄴 𑄙 𑄖𑄪𑄟𑄴𑄝𑄌𑄴 𑄉𑄧𑄢𑄨 𑄜𑄪𑄘𑄧𑄚𑄴 ।",Present
".এই বাদে কেশফুল,তরকারি ফুল,কাঁকা ফুল,কাঁকা ফুলগুলো ব হেছে","𑄃𑄬 𑄝𑄘𑄬𑄠𑄧 𑄇𑄬𑄥𑄳𑄠𑄜𑄪𑄣𑄴, 𑄖𑄮𑄢𑄬𑄋𑄴𑄜𑄪𑄣𑄴/ 𑄖𑄧𑄢𑄨𑄋𑄴𑄜𑄪𑄣𑄴, 𑄇𑄖𑄴𑄖𑄧𑄘𑄧𑄉𑄧𑄢𑄴 𑄃 𑄛𑄬𑄟 𑄜𑄪𑄣𑄪𑄚𑄧 𑄙𑄪𑄝𑄴𑄉𑄧𑄢𑄨 𑄜𑄪𑄘𑄧𑄚𑄴 ।",Present
গরগর শব্দ করে ফুলটা ফুটে গেল,𑄉𑄧𑄘𑄧𑄢𑄧𑄇𑄴 𑄃𑄳𑄦 𑄥𑄪𑄢𑄴𑄎𑄧𑄟𑄪𑄉𑄨 𑄜𑄪𑄣𑄧𑄢𑄴 𑄢𑄧𑄋𑄴 𑄦𑄧𑄣𑄧𑄘𑄳𑄠।,Past
এক জাতী বুনো ফল যা সবজি হিসেবে ব্যবহৃত হ,𑄇𑄣𑄨𑄇𑄴 𑄥𑄧𑄘𑄧𑄢𑄧𑄇𑄴𑄜𑄪𑄣𑄴 𑄇𑄣𑄧𑄥𑄳𑄠 𑄝𑄨𑄚𑄨 𑄝𑄨𑄚𑄨𑄠𑄮 𑄃𑄊𑄧𑄚𑄴।,Present
"কলাপেল ফুল লাল,হওা আর বিে বিে তিন বার দেখা যা","𑄇𑄧𑄣𑄛𑄬𑄣𑄴 𑄜𑄪𑄣𑄴 𑄢𑄋, 𑄦𑄧𑄣𑄧𑄘𑄳𑄠 𑄃𑄳𑄦 𑄝𑄨𑄚𑄨 𑄝𑄨𑄚𑄨𑄉𑄧𑄢𑄨 𑄖𑄨𑄚𑄴 𑄝𑄝𑄧𑄘𑄧𑄢𑄴 𑄘𑄬𑄊 𑄡𑄠𑄴।",Present
সাদা চুলের ফুলের রংগুলো কালো,𑄢𑄘𑄌𑄪𑄣𑄧 𑄜𑄪𑄣𑄧𑄢𑄴 𑄢𑄧𑄋𑄚𑄨 𑄇𑄣𑄧𑄥𑄳𑄠 𑄢𑄋।,Present
চূা ফুলের রং,𑄌𑄪𑄟𑄧 𑄜𑄪𑄣𑄪𑄚𑄴 𑄝𑄨𑄉𑄪𑄚𑄨 𑄢𑄧𑄋𑄧𑄢𑄴।,Present
চাঁদটা খুব সুন্দর,𑄌𑄘𑄬 𑄞𑄢𑄨 𑄘𑄮𑄣𑄴।,Present
.এই দেশের বিলে ঢেঁা দিে অনেক ফুল ফোটে,𑄃𑄬 𑄘𑄬𑄏𑄧𑄢𑄴 𑄝𑄨𑄣𑄧𑄖𑄴 𑄔𑄬𑄝𑄖𑄴 𑄥𑄧𑄠𑄴𑄥𑄉𑄧𑄢𑄴/ 𑄌𑄧𑄠𑄴𑄥𑄉𑄧𑄢𑄴 𑄉𑄧𑄢𑄨 𑄥𑄛𑄴𑄣 𑄃𑄳𑄦 𑄛𑄧𑄘𑄴𑄘𑄧 𑄜𑄪𑄣𑄴 𑄜𑄪𑄘𑄧𑄚𑄴।,Present
"ধুধুুু, লাল, নীল রঙের","𑄙𑄪𑄝𑄴, 𑄢𑄋 𑄃𑄳𑄦 𑄚𑄨𑄣𑄴 / 𑄥𑄮𑄌𑄴 𑄢𑄧𑄋𑄧𑄢𑄴।",Present
চাং মাা/চাংমাা ফুলকে ছোট বলে,𑄌𑄋𑄴 𑄟/𑄌𑄇𑄴𑄟𑄠𑄪𑄚𑄬 𑄥𑄛𑄴𑄣 𑄜𑄪𑄣𑄧𑄢𑄬 𑄍𑄨𑄉𑄮𑄚𑄴 𑄛𑄧𑄘𑄴𑄘𑄧 𑄇𑄧𑄚𑄴।,Present
আমাদের ফুলগুলো বিভিন্ন রঙের হলেও সব ফুলগুলো সবুজ,𑄃𑄟 𑄜𑄪𑄣𑄪𑄚𑄧𑄢𑄴 𑄢𑄧𑄋𑄚𑄨 𑄚𑄚 𑄝𑄝𑄧𑄖𑄳𑄠 𑄦𑄧𑄣𑄬𑄠𑄮 𑄝𑄬𑄇𑄴 𑄜𑄪𑄣𑄴 𑄉𑄌𑄴𑄌𑄪𑄚𑄧𑄢𑄴 𑄛𑄘𑄚𑄨 𑄦𑄬𑄣𑄴।,Present
সব ফুলগুলো সুন্দর,𑄝𑄬𑄇𑄴 𑄜𑄪𑄣𑄪𑄚𑄴 𑄌𑄘𑄬 𑄞𑄢𑄨 𑄘𑄮𑄣𑄴।,Present
এই দেশে অনেক ব ব জিনিস পাওা যা,𑄃𑄬 𑄘𑄬𑄏𑄧𑄖𑄴 𑄚𑄚 𑄝𑄝𑄧𑄖𑄳𑄠 𑄉𑄪𑄣𑄧𑄉𑄪𑄣𑄨 𑄛 𑄡𑄠𑄴।,Present
"কলা,কাঁকা ও আনোা আনোা/চা করা যা","𑄇𑄧𑄣, 𑄇𑄖𑄴𑄇𑄮𑄣𑄴 𑄃𑄳𑄦 𑄃𑄚𑄥𑄴 𑄥𑄧𑄠𑄴𑄥𑄉𑄧𑄢𑄴 / 𑄌𑄧𑄠𑄴𑄥𑄉𑄧𑄢𑄴𑄉𑄧𑄢𑄨 𑄛 𑄡𑄠𑄴।",Present
".এ বাদেও আম,জাম,গুো,লব,লব,লব,লব,লব,লব,লব,লব","𑄃𑄬 𑄝𑄘𑄬𑄠𑄮 𑄃𑄟𑄴, 𑄎𑄟𑄴, 𑄉𑄮𑄠𑄬𑄟𑄴, 𑄓𑄣𑄧𑄟𑄴, 𑄇𑄧𑄉𑄬𑄠𑄬, 𑄖𑄧𑄢𑄴𑄟𑄪𑄌𑄴, 𑄣𑄨𑄌𑄪𑄠𑄮 𑄥𑄉𑄧𑄢𑄴𑄉𑄧𑄢𑄨 𑄛𑄬𑄃𑄨।",Present
"কমলা, কাগজি, কলা, কলা আমার চিনতে পারা গুলতি","𑄇𑄧𑄟𑄧𑄣, 𑄇𑄉𑄧𑄎𑄨, 𑄇𑄧𑄢𑄧𑄋, 𑄇𑄧𑄚𑄴𑄘𑄣𑄴 𑄃𑄟𑄢𑄴 𑄌𑄨𑄚𑄬𑄎𑄚 𑄉𑄪𑄣𑄧𑄉𑄪𑄣𑄨।",Present
.নািভুি গাছে থোকা থোকা করে পানি পে,𑄚𑄢𑄨𑄇𑄪𑄣𑄴 𑄉𑄏𑄧𑄖𑄴 𑄗𑄪𑄝𑄴 𑄗𑄪𑄝𑄴 𑄉𑄧𑄢𑄨 𑄓𑄝𑄴 𑄙𑄧𑄢𑄧𑄚𑄴।,Present
বািতে যাওার সম গুলতি বাদেও আমরা জঙ্গলে গুলতি পেেছি,𑄊𑄧𑄢𑄧𑄖𑄴 𑄣𑄦𑄬𑄠𑄬 𑄉𑄪𑄣𑄧𑄉𑄪𑄣𑄨 𑄝𑄘𑄬𑄠𑄮 𑄃𑄟𑄨 𑄏𑄢𑄧𑄖𑄴 𑄖𑄪𑄚𑄴 𑄚 𑄚 𑄝𑄝𑄧𑄖𑄳𑄠 𑄉𑄪𑄣𑄧𑄉𑄪𑄣𑄨 𑄛𑄬𑄃𑄨।,Present
". কুসুমগুল,কোমগুল,রগ গুল,চামাগুল,পিঁপাগুল,পালিে যাওা যা","𑄇𑄪𑄥𑄪𑄟𑄴𑄉𑄪𑄣𑄧 , 𑄇𑄮𑄉𑄪𑄣𑄧, 𑄚𑄧 𑄣𑄟𑄴 , 𑄢𑄧𑄉𑄧𑄌𑄴 𑄇𑄮, 𑄥𑄮𑄢𑄴𑄝𑄬𑄇𑄴 𑄉𑄪𑄣𑄧, 𑄌𑄟𑄨𑄚𑄨𑄉𑄪𑄣𑄧, 𑄛𑄨𑄣𑄬𑄉𑄪𑄣𑄧 𑄠𑄪𑄚𑄴 𑄏𑄢𑄧𑄖𑄴 𑄛 𑄡𑄠𑄴।",Present
"মালা,সাক করা, করে নাাচা, করে নাাচা","𑄟𑄣𑄳𑄠𑄬𑄋𑄴, 𑄥𑄇𑄴 𑄇𑄧𑄢, 𑄉𑄧𑄢𑄬𑄇𑄴 𑄚𑄢𑄬𑄇𑄪𑄣𑄴/ 𑄉𑄧𑄢𑄬𑄋𑄴 𑄚𑄢𑄬𑄇𑄪𑄣𑄴 𑄃𑄨𑄉𑄪𑄚𑄴 𑄏𑄢𑄧 𑄉𑄪𑄣𑄧𑄉𑄪𑄣𑄨।",Present
"কাঁচা কাঁচা আম,কেকটা গোা,গোা গুোগুলো সুন্দর দেখা যা","𑄇𑄎 𑄣𑄧𑄇𑄴𑄇𑄬 𑄃𑄟𑄴, 𑄇𑄧𑄉𑄬𑄠𑄬, 𑄉𑄮𑄠𑄬𑄟𑄴, 𑄚𑄧𑄣𑄟𑄴 𑄉𑄪𑄣𑄧𑄠𑄪𑄚𑄴 𑄦𑄬𑄣𑄴 𑄘𑄬𑄊 𑄡𑄠𑄴।",Present
.পেকে এইগুলো লাল হে সুন্দর হ,𑄛𑄉𑄨𑄣𑄬 𑄃𑄨𑄉𑄪𑄚𑄴 𑄦𑄧𑄣𑄧𑄘𑄳𑄠 𑄃𑄳𑄦 𑄢𑄋𑄧𑄥𑄳𑄠 𑄉𑄧𑄢𑄨 𑄥𑄧𑄚𑄣𑄨 𑄢𑄧𑄋𑄧𑄢𑄴 𑄦𑄧𑄚𑄴।,Present
পাকা ডালের ছোট ছোট দানাগুলো/বিালগুলো লাল করে বসে থাকে,𑄛𑄉𑄚 𑄓𑄣𑄧𑄟𑄧𑄢𑄴 𑄌𑄨𑄉𑄮𑄚𑄴 𑄌𑄉𑄮𑄚𑄴 𑄘𑄚𑄠𑄪𑄚𑄴 / 𑄝𑄨𑄎𑄨𑄠𑄠𑄪𑄚𑄴 𑄢𑄋𑄉𑄧𑄢𑄨 𑄞𑄨𑄘𑄨𑄢𑄬 𑄗𑄚𑄴।,Present
.তরমুজ আর রগগুলো ভিতরে লাল,𑄖𑄧𑄢𑄴𑄟𑄮𑄌𑄴 𑄃𑄳𑄦 𑄢𑄧𑄉𑄮𑄌𑄴𑄇𑄮𑄠𑄪𑄚𑄴 𑄞𑄨𑄘𑄨𑄢𑄬 𑄘𑄮𑄇𑄴𑄘𑄮𑄇𑄳𑄠 𑄢𑄋।,Present
.পাতানো সাদা রঙের ফুলগুলো লাল,𑄛𑄉𑄚 𑄥𑄮𑄢𑄴 𑄝𑄬𑄇𑄴𑄉𑄪𑄣𑄧 𑄃𑄳𑄦 𑄚𑄧𑄣𑄟𑄧𑄢𑄴 𑄢𑄧𑄋𑄚𑄨𑄠𑄧 𑄢𑄋।,Present
. কুসুম কুসুম গরম,𑄇𑄪𑄥𑄪𑄟𑄴𑄉𑄪𑄣𑄧 𑄃𑄳𑄦 𑄇𑄮𑄉𑄪𑄣𑄧𑄠𑄪𑄚𑄴 𑄙𑄪𑄝𑄴।,Present
কালির ভিতরে কজাগুলো রেছে,𑄇𑄣𑄨𑄇𑄴 𑄞𑄨𑄘𑄨𑄢𑄬 𑄇𑄧𑄎𑄠𑄪𑄚𑄴 𑄢𑄋𑄧𑄥𑄳𑄠।,Present
. পাকা কমলা বারে ভিতরে কমলা রঙের হ,𑄛𑄉𑄚 𑄇𑄧𑄟𑄧𑄣 𑄝𑄢𑄬 𑄞𑄨𑄘𑄨𑄢𑄬 𑄇𑄧𑄟𑄧𑄣 𑄢𑄧𑄋𑄧𑄢𑄴 𑄦𑄧𑄚𑄴।,Present
আমাদের দেশে ঝগা করলে যে মুরগিগুলো থাকে সেগুলো এখন বাগানে চাষ করে,"𑄃𑄟 𑄘𑄬𑄏𑄧𑄖𑄴 𑄏𑄢𑄬𑄎𑄧𑄋𑄧𑄣𑄬 𑄡𑄬 𑄉𑄪𑄪𑄣𑄧𑄉𑄪𑄣𑄨 𑄃𑄊𑄧𑄚𑄴 , 𑄥𑄨𑄉𑄪𑄚𑄴 𑄃𑄨𑄇𑄴𑄇𑄨𑄚𑄬 𑄝𑄉𑄚𑄧𑄖𑄴 𑄣𑄉𑄬𑄙𑄨𑄚𑄬 𑄌𑄌𑄴 𑄉𑄧𑄢𑄧𑄚𑄴।",Present
"আমাদের গুলতিগুলো সুন্দর,খাওা অনেক সুস্বাদু","𑄃𑄟 𑄉𑄪𑄣𑄧𑄉𑄪𑄣𑄨𑄠𑄪𑄚𑄴 𑄌𑄘𑄬 𑄎𑄳𑄠𑄬𑄚𑄴 𑄘𑄮𑄣𑄴, 𑄈𑄘𑄬𑄠𑄧 𑄞𑄢𑄨 𑄥𑄪𑄃𑄧𑄖𑄴 / 𑄥𑄮𑄖𑄴।",Present
. সাবান থেকে পানি বের হে নিে গেলে,𑄥𑄧𑄝𑄴𑄘𑄧𑄠𑄪𑄚𑄴 𑄛𑄧𑄢𑄖𑄴𑄖𑄪𑄚𑄴 𑄖𑄮𑄉𑄬𑄃𑄨 𑄚𑄨𑄉𑄨𑄣𑄬𑄃𑄨।,Past
. মানে/অর্থ কোথা,𑄟𑄚𑄬/ 𑄃𑄧𑄢𑄴𑄗𑄧 𑄇𑄧𑄃𑄨।,Present
এক জাতী বুনো ফল যা গাছে ধরে,𑄇𑄣𑄧𑄥𑄳𑄠 𑄣𑄧𑄇𑄴𑄇𑄬 𑄇𑄧𑄎𑄠𑄪𑄚𑄴 𑄢𑄋𑄧𑄥𑄳𑄠,Present
বাির ভেতরের জাগাগুলো পরিষ্কার হেছে,𑄊𑄧𑄢𑄧 𑄞𑄨𑄘𑄨𑄢𑄬 𑄥𑄧𑄝𑄴𑄘𑄧𑄠𑄪𑄚𑄴 𑄈𑄣𑄳𑄠 𑄎𑄉𑄚𑄨 𑄝𑄧𑄏𑄬𑄙𑄨 𑄇𑄧𑄙/ 𑄞𑄌𑄴 𑄎𑄪𑄉𑄪𑄣𑄬𑄃𑄨।,Present
এক জাতী সবুজ রঙের শাক,𑄓𑄝𑄴 𑄦𑄬𑄣𑄴 𑄥𑄮𑄖𑄴 / 𑄥𑄮𑄘𑄴,Present
কাপের কাপের টুকরো,𑄇. 𑄗𑄪𑄝𑄴 𑄗𑄪𑄝𑄴𑄉𑄧𑄢𑄨 .. .. .. .. 𑄙𑄧𑄢𑄧𑄚𑄴।,Present
"খা,কাঁকা পাকানোর কাজে বেশি/বেশি",𑄈. 𑄇𑄖𑄴𑄖𑄮𑄣𑄴 𑄛𑄉𑄚 𑄈𑄘𑄬 𑄞𑄢𑄨/𑄎𑄧𑄘𑄧𑄝𑄧𑄘𑄬 .. .. .. .. .. .. ।,Present
".গা,আম গাছের পাতা দিে দেখা যা",𑄉. 𑄃𑄟𑄴 𑄉𑄌𑄴𑄌𑄪𑄚𑄧𑄢𑄴 𑄛𑄘𑄚𑄨 .. .. .. .. .. 𑄉𑄧𑄢𑄨 𑄘𑄬𑄊 𑄡𑄠𑄴।,Present
"৩,আমি আমি জোব বললাম",𑄹. 𑄟𑄪𑄠𑄧𑄃𑄨 𑄟𑄪𑄠𑄧𑄃𑄨 𑄎𑄮𑄝𑄴 𑄇𑄧𑄃𑄨 𑄃𑄳𑄦 𑄣𑄨𑄊𑄨।,Past
কে. লাল রঙের ফুল কোথা গিেছে?,𑄇. 𑄢𑄋 𑄢𑄧𑄋𑄧𑄢𑄴 𑄜𑄪𑄣𑄴 𑄇𑄪𑄉𑄪𑄚𑄴 𑄇𑄪𑄉𑄪𑄚𑄴?,Present
"খাও,নাকশা ফুলের সুগন্ধ আছে নাকি?",𑄈. 𑄚𑄇𑄴𑄥 𑄜𑄪𑄣𑄧𑄖𑄴 𑄖𑄪𑄚𑄴 𑄖𑄪𑄟𑄴 𑄝𑄌𑄴 𑄃𑄊𑄬𑄚𑄬 𑄚𑄬𑄃𑄨?,Present
"গা,কোন কোন ফুলে সুগন্ধ আছে?",𑄉. 𑄇𑄧𑄚𑄴 𑄇𑄧𑄚𑄴 𑄜𑄪𑄣𑄧𑄖𑄴 𑄖𑄪𑄚𑄴 𑄖𑄪𑄟𑄴𑄝𑄌𑄴 𑄚𑄬𑄃𑄨?,Present
"ঘা, ময়লার মধ্যে কোন গুঁোগুলো সুন্দর দেখি?",𑄊. 𑄇𑄎 𑄣𑄧𑄇𑄴𑄇𑄬 𑄇𑄧𑄚𑄴 𑄉𑄪𑄣𑄧𑄉𑄪𑄣𑄨𑄠𑄪𑄚𑄴 𑄦𑄬𑄣𑄴 𑄘𑄬𑄊𑄬?,Present
"ব,বেঁচে থাকা লাল গুলতিগুলো কী?",𑄋. 𑄞𑄨𑄘𑄨𑄢𑄬 𑄘𑄮𑄇𑄴𑄘𑄮𑄇𑄳𑄠 𑄢𑄋 𑄉𑄪𑄣𑄧𑄉𑄪𑄣𑄨 𑄇𑄪𑄉𑄪𑄚𑄴?,Present
তলানিের বািে কে কি রঙের ফুল নিেছে,𑄺. 𑄖𑄧𑄣𑄬𑄘𑄨 𑄊𑄧𑄢𑄚𑄨𑄖𑄴 𑄇𑄪𑄝𑄮 𑄇𑄨 𑄢𑄧𑄋𑄧𑄢𑄴 𑄜𑄪𑄣𑄴 𑄥𑄨𑄉𑄪𑄚𑄴 𑄣𑄨𑄊𑄨।,Present
রক্তজবা -সুঁই ফুল - মাদালু,𑄢𑄧𑄇𑄴𑄖𑄧𑄎𑄧𑄝 - 𑄥𑄪𑄎𑄳𑄠𑄧𑄟𑄪𑄉𑄨 - 𑄥𑄨𑄟𑄬𑄃𑄨𑄜𑄪𑄣𑄴 - 𑄟𑄘𑄣𑄴𑄜𑄪𑄣𑄴,Present
এক জাতী ফুল - সুগন্ধ,𑄇𑄬𑄥𑄳𑄠𑄜𑄪𑄣𑄴 - 𑄥𑄧𑄘𑄧𑄢𑄧𑄇𑄴 𑄜𑄪𑄣𑄴 - 𑄉𑄧𑄚𑄴𑄘𑄧𑄢𑄌𑄴 - 𑄥𑄧𑄚𑄴𑄘𑄳𑄠𑄟𑄣𑄧𑄖𑄨,Present
.নাকশা - রেবেক - সার্ফবোর্ড - পুা,𑄚𑄇𑄴𑄥 - 𑄢𑄬𑄝𑄬𑄇𑄴 - 𑄥𑄛𑄴𑄣 - 𑄢𑄘𑄌𑄪𑄣𑄧 - 𑄛𑄧𑄘𑄴𑄘𑄧 - 𑄛𑄬𑄟।,Present
বাক্স হবে লাল - হলা- গলাপি,[𑄝𑄧𑄇𑄴𑄥𑄴 𑄦𑄧𑄝𑄬 𑄙𑄪𑄝𑄴 - 𑄢𑄋 - 𑄦𑄧𑄣𑄧𑄘𑄳𑄠 - 𑄉𑄧𑄣𑄛𑄨],Future
নিচের দিকে দুটি ফুলের ছবি আছে,𑄖𑄧𑄣𑄬𑄘𑄨 𑄘𑄨𑄝𑄬 𑄜𑄪𑄣𑄴 𑄃𑄳𑄦 𑄘𑄨𑄝𑄬 𑄉𑄪𑄣𑄧𑄉𑄪𑄣𑄨𑄢𑄴 𑄍𑄧𑄝𑄨 𑄃𑄊𑄧𑄚𑄴।,Present
যেটি একটি পোাতে তিন জন লোক কথা বলে/ভাসা লিে,𑄡𑄬𑄇𑄪𑄚𑄴 𑄃𑄬𑄇𑄴𑄇𑄚𑄴 𑄛𑄮𑄃𑄨𑄘𑄳𑄠𑄚𑄬 𑄖𑄨𑄚𑄚𑄴 𑄇𑄧𑄙/ 𑄞𑄌𑄴 𑄣𑄨𑄊𑄨।,Present
কথা গুলো সবাই সবাইকে বলে,𑄇𑄧𑄙𑄚𑄨 𑄝𑄬𑄇𑄴 𑄇𑄪𑄚𑄧𑄢𑄬 𑄟𑄙𑄬𑄃𑄨 𑄥𑄪𑄚𑄬𑄃𑄨।,Present
"পিসে- পিসে, পিসে- পিসে",.. .. .. .. .. .. .. .. .. .. .. .. .. .. .. .. .. .. .. ..,Present
".নিঃশব্দ, নিরব, নিরব, নিঃশব্দ",.. .. .. .. .. .. .. .. .. .. .. .. .. .. .. .. .. .. .. .. ..,Present
.মেেটা বেগ থেকে বেশি ভালো লাগে,𑄟𑄧𑄖𑄴𑄖𑄪𑄚𑄴 𑄝𑄬𑄉𑄧𑄖𑄴𑄖𑄪𑄚𑄴 𑄝𑄬𑄌𑄴 𑄉𑄧𑄟𑄴 𑄣𑄉𑄬 .. .. .. .. .. .. 𑄜𑄪𑄣𑄴।,Present
কত ভালো লাগে সেগুলো সবাইকে বলতেছি,𑄇𑄨𑄖𑄳𑄠𑄃𑄨 𑄉𑄧𑄟𑄴 𑄣𑄉𑄬 𑄥𑄨𑄠𑄚𑄴 𑄝𑄬𑄇𑄴𑄇𑄪𑄚𑄧𑄢𑄬 𑄇𑄧𑄃𑄨 𑄃𑄳𑄦 𑄣𑄨𑄊𑄨।,Present
. ------------------------------------------------------------------------------ পাতা - ৭,------------------------------------------------------------------------------------------------------------------------------------------------------------------------------ 𑄛𑄘 - 𑄽,Present
.নিচে বালুর গাঙ,𑄚𑄨 𑄃𑄣𑄴𑄥𑄨 𑄟𑄨𑄉𑄨𑄚𑄨 𑄉𑄋𑄴,Present
"ভুল তুলি দিে মানুষদের নািে আছে, আরনি/হারিে,মারুনির নাঙে সেটা জন্ম নিবে","𑄞𑄪𑄣𑄧𑄋𑄴𑄖𑄪𑄣𑄨 𑄣𑄮𑄋𑄴𑄖𑄬𑄢𑄬𑄃𑄨 𑄚𑄋𑄬 𑄃𑄊𑄧𑄚𑄴 𑄘𑄨𑄝𑄬 𑄟𑄮𑄚𑄴, 𑄃𑄢𑄧𑄚𑄨/𑄦𑄢𑄧𑄚𑄨, 𑄟𑄢𑄧𑄚𑄨 𑄚𑄋𑄬 𑄥𑄨𑄘𑄪 𑄎𑄧𑄚𑄴𑄟𑄬𑄠𑄧𑄚𑄴 𑄘𑄨𑄝𑄮𑄚𑄴।",Future
"পাহাে মানুষ হওার জন্য নদীর পথ ধরে,আকাশে হাে দৌাদৌি করে","𑄟𑄮𑄚𑄧𑄙𑄉𑄧𑄖𑄴 𑄎𑄧𑄚𑄧𑄟𑄴 𑄦𑄮𑄃𑄨𑄚𑄬𑄃𑄨 𑄘𑄧𑄊𑄨𑄚𑄧𑄢𑄴 𑄛𑄧𑄗𑄴 𑄙𑄧𑄢𑄨, 𑄃𑄧𑄎𑄨𑄢𑄬𑄚𑄴 𑄦𑄘𑄚𑄧𑄖𑄴 𑄙𑄝𑄙𑄝, 𑄣𑄢𑄬𑄣𑄢𑄬 𑄉𑄧𑄢𑄨।",Present
"দক্ষিণ দিকে একটি জাগা কিছুক্ষণ পর পর আসতেছে,যোগা সহিে এসেছে তারা","𑄘𑄧𑄎𑄧𑄢𑄴 𑄚𑄋𑄬 𑄃𑄬𑄇𑄴𑄇𑄚𑄴 𑄎𑄉𑄖𑄴 𑄡𑄬𑄇𑄴𑄇𑄬 𑄃𑄬𑄌𑄴𑄌𑄮𑄚𑄴, 𑄎𑄧𑄙 𑄥𑄧𑄋𑄴𑄉𑄧𑄢𑄨 𑄘𑄨 𑄝𑄮𑄚𑄬 𑄖𑄢 - 𑄃𑄬𑄉𑄧𑄖𑄴 𑄖𑄧𑄢𑄬 𑄟𑄨𑄎𑄬𑄃𑄨 𑄡𑄨𑄠𑄮𑄚𑄴।",Present
"মিঝি/মিঝি যে দুই গাঙের নাম হলো -মিঝি,দুইজনে মিলে নাচ করা","𑄟𑄨𑄎𑄬𑄃𑄨/𑄟𑄨𑄏𑄨 𑄡𑄨𑄠𑄬 𑄘𑄨 𑄉𑄋𑄧𑄢𑄴 𑄚𑄋𑄴 𑄦𑄧𑄣𑄧 - 𑄟𑄨𑄉𑄨𑄚𑄨, 𑄘𑄮𑄝𑄮𑄚𑄬 𑄣𑄪𑄉𑄬𑄣𑄇𑄴 𑄖𑄢𑄢𑄴 𑄎𑄪𑄘𑄮 𑄎𑄪𑄘𑄮 𑄚𑄋𑄚𑄨।",Present
মিইনি নদীর উৎসস্থল/নাঙি ফুটলো,𑄟𑄨𑄉𑄨𑄚𑄨 𑄚𑄋𑄬 𑄚𑄋𑄚𑄴 𑄃𑄬𑄝𑄢𑄴 𑄉𑄧𑄋𑄴𑄝𑄧𑄣 𑄦𑄧𑄣𑄧 / 𑄚𑄋𑄴 𑄜𑄪𑄘𑄬𑄣𑄴।,Past
.নতুন বল নিে নতুন বল নিে হাত মারিলো,𑄚𑄪𑄃𑄧 𑄝𑄧𑄣𑄴 𑄣𑄮𑄃𑄨 𑄚𑄪𑄃𑄧𑄉𑄧𑄢𑄨 𑄘𑄧𑄊𑄨𑄚𑄬 𑄦𑄘 𑄟𑄢𑄨𑄣𑄧।,Past
"পাহাের রাস্তা পাহাের দৌাদৌি, অগুঁে/অগুঁে মানুষ হেছে তারা,মিলের পথ ধরে","𑄦𑄘𑄚𑄢𑄴 𑄛𑄧𑄙𑄧𑄖𑄴 𑄛𑄬𑄣𑄧 𑄣𑄇𑄴 - 𑄍𑄨𑄉𑄮𑄚𑄴 𑄓𑄋𑄧𑄢𑄴 𑄍𑄧𑄢𑄍𑄪𑄢𑄨, 𑄃𑄧𑄉𑄪𑄚𑄴𑄘𑄨/ 𑄃𑄧𑄎𑄨𑄢𑄬𑄚𑄴 𑄥𑄧𑄟𑄎𑄳𑄠 𑄦𑄧𑄚𑄠𑄴 𑄖𑄢, 𑄟𑄨𑄉𑄨𑄚𑄨𑄢𑄴 𑄙𑄪𑄢𑄴 𑄙𑄧𑄢𑄨।",Present
লম্বা পথ যেতে যেতে গলা গিে গিে গিে গাছটা কেটে গেলো,𑄣𑄟𑄴𑄝 𑄛𑄧𑄗𑄴 𑄡𑄘𑄬 𑄡𑄘𑄬 𑄉𑄧𑄣𑄌𑄨𑄝𑄬 𑄃𑄳𑄦 𑄊𑄪𑄣𑄴 𑄍𑄧𑄢𑄨 𑄍𑄬𑄢𑄬 𑄟𑄨𑄉𑄨𑄚𑄨 𑄉𑄤𑄚𑄴 𑄟𑄨𑄎𑄬𑄃𑄨 / 𑄟𑄨𑄎𑄬𑄠𑄴 𑄡𑄨𑄠𑄬 𑄇𑄌𑄧𑄣𑄧𑄋𑄴 𑄉𑄋𑄧𑄢𑄴 𑄥𑄧𑄟𑄢𑄬।,Past
"খরা বল পেছে,একটু একটু বৃষ্টি পেছে সে, পাের যুগ ধরে","𑄈𑄧𑄢𑄚𑄳𑄠𑄖𑄴 𑄝𑄧𑄣𑄴 𑄛𑄧𑄎𑄳𑄠 𑄃𑄳𑄦 𑄝𑄢𑄨𑄏𑄬𑄖𑄴 𑄉𑄧𑄋𑄴 𑄓𑄋𑄧𑄢𑄴 𑄉𑄧𑄢𑄨, 𑄃𑄬𑄇𑄴 𑄥𑄬𑄇𑄬𑄚𑄴 𑄚𑄧𑄎𑄨𑄢𑄨𑄢𑄬𑄃𑄨 𑄖𑄬, 𑄦𑄘𑄬𑄢𑄴 𑄡𑄪𑄉𑄴 𑄡𑄪𑄉𑄴 𑄙𑄧𑄢𑄨।",Present
"কোন বছরে কোন বছর সেটা এখানে নেই,হাওার বছর হেঁটে আসে","𑄇𑄧𑄚𑄴 𑄝𑄧𑄏𑄧𑄢𑄧𑄖𑄴 𑄇𑄧𑄇𑄴𑄇𑄬 𑄎𑄧𑄚𑄴𑄟𑄧 𑄥𑄨𑄠𑄬𑄚𑄴 𑄃𑄩𑄙𑄮𑄖𑄴 𑄚𑄬𑄃𑄨, 𑄦𑄏𑄢𑄴 𑄝𑄧𑄏𑄧𑄢𑄴 𑄦𑄘𑄨 𑄃𑄬𑄎𑄬𑄢𑄴 𑄚𑄨 𑄃𑄣𑄴𑄥𑄨 𑄉𑄧𑄢𑄨𑄚𑄬𑄃𑄨।",Present
জঙ্গল থেকে বাঁশ-গাছ কেটে আনতে হ,𑄥𑄧𑄝𑄴𑄘𑄧𑄠𑄪𑄚𑄴 𑄛𑄧𑄢𑄖𑄴𑄖𑄪𑄚𑄴 𑄖𑄮𑄉𑄬𑄙𑄨 𑄚𑄨𑄉𑄨𑄣𑄬𑄃𑄨।,Present
অর্থ কী,𑄃𑄧𑄢𑄴𑄗𑄧 𑄇𑄧𑄃𑄨।,Present
.নিলসি - জন্ম - মিছিে - লুলিে - হাজার,𑄚𑄨𑄃𑄣𑄴𑄥𑄨 - 𑄎𑄧𑄚𑄴𑄟𑄧 - 𑄟𑄨𑄎𑄬𑄃𑄨 - 𑄣𑄪𑄉𑄬𑄣𑄇𑄴 - 𑄥𑄧𑄟𑄌𑄳𑄠 - 𑄦𑄎𑄢𑄴,Present
বাির ভেতরের জাগা সবাই কথা বলে,𑄊𑄧𑄢𑄧 𑄞𑄨𑄘𑄨𑄢𑄬 𑄥𑄧𑄝𑄴𑄘𑄧𑄠𑄪𑄚𑄴 𑄈𑄣𑄳𑄠 𑄎𑄉𑄚𑄨𑄖𑄴 𑄝𑄧𑄏𑄬𑄙𑄨 𑄇𑄧𑄙 𑄝𑄚𑄬𑄃𑄨/𑄞𑄌𑄴 𑄝𑄚𑄬𑄃𑄨।,Present
জন্ম - অপচ - নিমজ্জন - মিছেই - হাজার সম,𑄎𑄧𑄚𑄴𑄟𑄧 - 𑄣𑄪𑄉𑄬𑄣𑄇𑄴 - 𑄚𑄨𑄃𑄣𑄴𑄥𑄨 - 𑄟𑄨𑄎𑄬𑄃𑄨 - 𑄦𑄎𑄢𑄴 𑄥𑄧𑄟𑄌𑄳𑄠/𑄎𑄳𑄠,Present
ব হবে,[𑄝𑄧𑄇𑄴𑄥𑄴 𑄦𑄧𑄝𑄬],Future
কে.তারা দজার জাগা,𑄇. 𑄖𑄢 𑄘𑄧𑄎𑄧𑄢𑄴 𑄎𑄉𑄚𑄧𑄖𑄴 .. .. .. .. .. .. .. .. .. 𑄡𑄬𑄠𑄧𑄚𑄴।,Present
".খাওা মিছিে,পিঁপিে হেঁটে যাওা",𑄈. 𑄟𑄨𑄉𑄨𑄚𑄨𑄠𑄬𑄚𑄴 .. .. .. .. .. .. .. .. .. .. .. .. 𑄉𑄧𑄢𑄨 𑄦𑄘𑄨 𑄡𑄢𑄴।,Present
"গা, পথে পথে শাক দিে যাওা",𑄉. 𑄛𑄧𑄙𑄬 𑄛𑄧𑄙𑄬 𑄥𑄉𑄧𑄌𑄳𑄠 .. .. .. .. .. .. .. .. 𑄛𑄨𑄠𑄬।,Present
"ঘা,দুই জনে তাদের নাঁাচাা",𑄊. 𑄘𑄨𑄝𑄮𑄚𑄬 𑄖𑄢𑄢𑄴 𑄚𑄋𑄚𑄨 .. .. .. .. .. .. .. .. .. ।,Present
ব ব হেছে,𑄋. 𑄞𑄪𑄣𑄧𑄋𑄴𑄖𑄪𑄣𑄨 𑄃𑄳𑄦𑄣𑄮𑄋𑄴 𑄖𑄬𑄢𑄬𑄃𑄨 𑄟𑄮𑄚𑄮𑄖𑄴 𑄖𑄢𑄢𑄴 .. .. .. 𑄦𑄪𑄠𑄬।,Present
"চা, ... ... . বছর ধরে মেেগুলো বেঁচে আছে",𑄌. .. .. .. .. .. 𑄝𑄧𑄏𑄧𑄢𑄴 𑄙𑄧𑄢𑄨 𑄟𑄨𑄉𑄨𑄚𑄨 𑄚𑄋𑄚𑄴 𑄝𑄏𑄨 𑄃𑄊𑄬।,Present
৩. আমি আমি উত্তর/জোব কোথা লুকি,𑄹. 𑄟𑄪𑄠𑄧𑄃𑄨 𑄟𑄪𑄠𑄧𑄃𑄨 𑄃𑄪𑄖𑄴𑄖𑄧𑄢𑄴 / 𑄎𑄮𑄝𑄴 𑄇𑄧𑄃𑄨 𑄃𑄳𑄦 𑄣𑄨𑄊𑄨।,Present
কে কোন জাগা আছে/নাই?,𑄇. 𑄇𑄧𑄚𑄴 𑄎𑄉𑄖𑄴 𑄃𑄬𑄃𑄨𑄚𑄬𑄃𑄨/𑄚𑄳𑄠𑄃𑄨 𑄟𑄨𑄉𑄨𑄚𑄧 𑄚𑄋𑄴 𑄦𑄪𑄠𑄬?,Present
".খাও,ছিঁাদৌি করে কার সাথে আছো?",𑄈. 𑄍𑄨𑄉𑄮𑄚𑄴 𑄓𑄋𑄧𑄢𑄴 𑄍𑄧𑄢𑄍𑄧𑄢𑄨𑄚𑄬 𑄇 𑄥𑄧𑄟𑄌𑄳𑄠?,Present
"গা,মিিগুলো কোন গাঙে মিশে যা",𑄉. 𑄟𑄨𑄉𑄨𑄚𑄨𑄠𑄚𑄴 𑄇𑄧𑄚𑄴 𑄉𑄋𑄧𑄖𑄴 𑄟𑄨𑄎𑄬𑄠𑄬𑄉𑄮𑄃𑄨?,Present
"ঘা,বর্ষা মৌসুম কত ব হেছে?",𑄊. 𑄝𑄢𑄨𑄎𑄬𑄖𑄴 𑄟𑄨𑄉𑄨𑄚𑄨 𑄉𑄋𑄚𑄴 𑄇𑄧𑄘𑄧𑄇𑄳𑄠 𑄦𑄧𑄠𑄴?,Present
দাগ টানার পর মিল করে,𑄺. 𑄘𑄉𑄴 𑄑𑄚𑄨𑄚𑄬𑄃𑄨 𑄟𑄨𑄣𑄴 𑄉𑄧𑄢𑄨।,Present
জন মানুষ দৌাদৌি,𑄎𑄧𑄚𑄴 𑄟𑄬𑄠𑄧𑄚𑄴 𑄍𑄧𑄢𑄍𑄧𑄢𑄨,Present
ছিঁা বাঁশের না,𑄍𑄨𑄉𑄮𑄚𑄴 𑄓𑄋𑄧𑄢𑄴 𑄚𑄋𑄚𑄨,Present
জুে জুে গাঙে,𑄎𑄪𑄘𑄮 𑄎𑄪𑄘𑄮 /𑄡𑄪𑄘𑄮 𑄡𑄪𑄘𑄮 𑄉𑄋𑄧𑄖𑄴,Present
হাজর/ হাজার দেওা,𑄦𑄏𑄢𑄴 / 𑄦𑄎𑄢𑄴 𑄘𑄨𑄝𑄮𑄚𑄴,Present
মিইনি নদীর উৎসস্থল,𑄟𑄨𑄉𑄨𑄚𑄨 𑄝𑄧𑄏𑄧𑄢𑄴,Present
ছবি দেখে,𑄻. 𑄍𑄧𑄝𑄨 𑄌𑄬𑄃𑄨।,Present
তিন জন একসাথে দাগ টানিে,𑄖𑄨𑄚𑄴 𑄥𑄧𑄍𑄧𑄝𑄮𑄢𑄴 𑄥𑄧𑄟𑄢𑄬 𑄘𑄉𑄴 𑄑𑄚𑄨 𑄟𑄨𑄣𑄬𑄃𑄨।,Present
দুই ব ব মানুষের ছবি,𑄘𑄨𑄝𑄬 𑄝𑄧𑄢𑄴 𑄝𑄧𑄢𑄴 𑄟𑄮𑄚𑄧 𑄍𑄧𑄝𑄨 ------- 𑄉𑄋𑄧𑄛𑄢𑄴,Present
মিইনি নদীর ছবি-মুনি,𑄟𑄨𑄉𑄨𑄚𑄨𑄥𑄚𑄴 𑄉𑄋𑄧 𑄍𑄧𑄝𑄨 -------------------- 𑄟𑄮𑄚𑄴𑄟𑄪𑄢𑄧,Present
গাছপালার মধ্যে গাঙের পাের ছবি,𑄉𑄌𑄴𑄉𑄘𑄣 𑄥𑄧𑄟𑄧𑄖𑄴 𑄉𑄋𑄧 𑄛𑄢𑄧 𑄍𑄧𑄝𑄨 --------------𑄟𑄨𑄉𑄨𑄚𑄨 𑄉𑄋𑄴।,Present
ছবি চেে,𑄍𑄧𑄝𑄨 𑄌𑄬𑄃𑄨।,Present
.ঠিক সম বুঝে খালি বাি পুে,𑄒𑄨𑄇𑄴 𑄥𑄧𑄝𑄴𑄘𑄧 𑄝𑄮𑄏𑄬𑄚𑄬𑄃𑄨 𑄈𑄣𑄨 𑄊𑄧𑄢𑄴 𑄛𑄪𑄢𑄧𑄚𑄴 𑄉𑄧𑄢𑄨।,Present
ছবিটা বই- এর মতো হবে,𑄍𑄧𑄝𑄨𑄝𑄮 𑄝𑄧𑄃𑄨------------ 𑄆𑄢𑄴 𑄃𑄧𑄕𑄪𑄇𑄧𑄢𑄧𑄚𑄬 𑄦𑄧𑄝𑄬,Future
".আজকে একটা,আজকে একটা",𑄃𑄨𑄝𑄬 𑄃𑄬𑄇𑄴𑄇𑄮 .. .. .. .. .. .. ।,Present
"সে,সে,সে",𑄖𑄬 .. .. .. 𑄗𑄠𑄴।,Present
.সে কেন রং করে.... .,𑄖𑄬 𑄇𑄨𑄠𑄬 𑄢𑄧𑄋𑄚𑄴 .. .. .. .. .. 𑄃𑄳𑄦 ... .. . . . . . ।,Present
সে,𑄖𑄬 .. .. .. .. .. ..𑄈𑄠𑄴।,Present
".নিঃশব্দ,নিঃশব্দ",.. .. .. .. .. .. 𑄞𑄢𑄨 𑄘𑄮𑄣𑄴 𑄃𑄬𑄇𑄴𑄇𑄮 𑄦𑄬𑄟𑄚𑄴।,Present
.মিছিনি গাঙে দুইটা কথা লিখেছেন,𑄽.𑄟𑄨𑄉𑄨𑄚𑄨 𑄉𑄋𑄚𑄧 𑄛𑄮𑄃𑄨𑄘𑄳𑄠𑄚𑄬 𑄘𑄨𑄠𑄚𑄴 𑄇𑄧𑄙 𑄣𑄨𑄊𑄨।,Present
"পিসেমশাই, পিসেমশাই",.. .. .. .. .. .. .. . .. .. .. .. .. .. .. .. .. .. .. .. ..,Present
".পিঁপা,পিঁপা",.. .. .. .. .. .. .. .. .. .. .. .. .. .. . . .. .. .. .. .. .. ..,Present
কবিতাটা মুখ থেকে বের হেছে,𑄾.𑄇𑄧𑄝𑄨𑄖𑄝𑄮 𑄟𑄪𑄪𑄠𑄧𑄘𑄨 𑄇𑄧𑄃𑄨 𑄃𑄳𑄦 𑄣𑄨𑄊𑄨।,Present
এক জাতী পাখি,𑄟𑄧𑄚 𑄛𑄬𑄃𑄨𑄇𑄴,Present
জিমে একটা রিপ্রাপ দিে স্কুলে যা,𑄎𑄨𑄟𑄨𑄖𑄴 𑄃 𑄢𑄨𑄛𑄴𑄢𑄨𑄛𑄴 𑄘𑄨𑄥𑄧𑄟𑄎𑄴𑄎𑄳𑄠 𑄃𑄨𑄥𑄴𑄇𑄪𑄣𑄧𑄖𑄴 𑄡𑄘𑄧𑄚𑄴 ।,Present
জিে বসা একটি কুকুর তাাচ্ছে।,𑄎𑄨𑄟𑄨𑄖𑄳𑄠 𑄇𑄧𑄖𑄴𑄖𑄬 𑄟𑄧𑄚 𑄛𑄬𑄉𑄮𑄢𑄴 𑄝 𑄘𑄬𑄇𑄴𑄇𑄮𑄋𑄴 ।,Present
রিপাটা যে দেখতেছি,𑄢𑄨𑄛𑄴𑄢𑄨𑄛𑄳𑄠 𑄇𑄧𑄖𑄴𑄖𑄬 𑄡𑄬𑄃𑄨 𑄌𑄬𑄠𑄮𑄃𑄨 ।,Present
"জোা কাটা, স্কুলে যে বাতাস বছে","𑄎𑄨𑄟𑄨𑄖𑄳𑄠 𑄇𑄖𑄴𑄖𑄬, 𑄃𑄨𑄥𑄴𑄇𑄪𑄣𑄧𑄖𑄴 𑄡𑄬𑄃𑄨 𑄃𑄨𑄥𑄴𑄌𑄬 𑄝𑄧𑄠𑄴 ।",Present
রিপা কথা আমি সুন্দর করে কথা বলি,𑄢𑄨𑄛𑄴𑄢𑄨𑄛𑄳𑄠 𑄇𑄧𑄖𑄴𑄖𑄬 𑄟𑄪𑄃𑄨 𑄥𑄪𑄚𑄴𑄚𑄮𑄋𑄴 𑄟𑄧𑄚𑄠𑄴 𑄇𑄧𑄙 𑄇𑄧𑄚𑄴 ।,Present
জিে বসা মানুষরা তার পাশে বেশি থাকে,𑄎𑄨𑄟𑄨𑄖𑄳𑄠 𑄇𑄧𑄖𑄴𑄖𑄬 𑄟𑄧𑄚𑄃𑄪𑄚𑄬 𑄦𑄠𑄴 𑄇𑄪𑄢𑄬 𑄝𑄬𑄌𑄴 𑄗𑄚𑄴 ।,Present
.মেেটি বািটা অনেকদূর উপরে দেখতেছি,𑄟𑄧𑄚 𑄝-𑄝𑄮 𑄉𑄎𑄴𑄌𑄮𑄢𑄴 𑄞𑄣𑄪𑄘𑄴𑄘𑄪𑄢𑄴 𑄃𑄪𑄉𑄪𑄢𑄬 𑄘𑄬𑄇𑄴𑄇𑄮𑄚𑄴 ।,Present
"ঘাে উঠার সম চেেছে,পাহাে পে না","𑄊𑄎𑄴𑄌𑄮𑄖𑄴 𑄃𑄪𑄘𑄨𑄝𑄖𑄴𑄖𑄬𑄃𑄨 𑄌𑄬𑄣𑄇𑄴, 𑄚𑄧 𑄛𑄣𑄴𑄣𑄇𑄴 ।",Present
পিে দুইজনে স্কুলে গেল,𑄛𑄧𑄢𑄬𑄚𑄴𑄘𑄨 𑄘𑄨𑄎𑄧𑄚𑄬 𑄟𑄨𑄣𑄨 𑄃𑄨𑄥𑄴𑄇𑄪𑄣𑄧𑄖𑄴 𑄉𑄬𑄣𑄇𑄴 ।,Past
স্কুলে সবাই মিলে মিশে গেল,𑄃𑄨𑄥𑄴𑄇𑄪𑄣𑄧𑄖𑄴 𑄥𑄧𑄋𑄴 𑄥𑄧𑄟𑄎𑄴𑄎𑄳𑄠 𑄟𑄨𑄣𑄨 𑄣𑄬𑄉 𑄟𑄘𑄬𑄣𑄇𑄴 ।,Past
এক জাতী সবজি,𑄟𑄧𑄚𑄢𑄴 𑄥𑄧𑄝𑄧𑄚𑄴,Present
"রগচটা, রগচটা, রগচটা","𑄢𑄧𑄎𑄬𑄠𑄧𑄚: 𑄉𑄳𑄠𑄚𑄧𑄘𑄧𑄢𑄴𑄥𑄨 𑄌𑄋𑄴𑄟, 𑄃𑄬𑄎𑄬𑄚𑄴𑄥𑄨 𑄌𑄋𑄴𑄟, 𑄛𑄪𑄢𑄴𑄚𑄁𑄉𑄧 𑄌𑄋𑄴𑄟",Present
নিজের রাত,𑄚𑄨𑄎𑄨 𑄢𑄬𑄖𑄴 ।,Present
মনের ইচ্ছা পূরণ হলে একনাগাে,𑄟𑄧𑄚 𑄥𑄧𑄝𑄧𑄚𑄬 𑄘𑄬𑄉𑄨𑄣𑄧 𑄃𑄬𑄇𑄴𑄇𑄮,Present
সাদা বুো মেে তাকে ডািেছে,𑄙𑄪𑄛𑄴 𑄝𑄪𑄢𑄳𑄦𑄧 𑄟𑄨𑄣𑄬 𑄖𑄢𑄬 𑄓𑄉𑄬𑄢𑄴 ।,Present
তার হাত,𑄖 𑄦𑄘𑄧𑄖𑄴,Present
এক টাকা ভুি,𑄃𑄬𑄇𑄴𑄇𑄮 𑄖𑄬𑄋 𑄞𑄪𑄙𑄨 ।,Present
"বুি মাির কল,গাি আমাকে একটা কল","𑄝𑄪𑄢𑄳𑄦𑄨 𑄟𑄧𑄚𑄢𑄬 𑄇𑄧𑄣𑄧, 𑄉𑄝𑄪𑄢𑄨 𑄟𑄧𑄢𑄬 𑄃𑄬𑄇𑄴𑄇𑄮",Present
পানশে দিলে তোমাকে টাকা ভুনা করতে হবে,𑄛𑄚𑄧𑄉𑄪𑄣𑄪𑄇𑄴 𑄘𑄨𑄣𑄬 𑄖𑄧𑄢𑄬 𑄖𑄬𑄋 𑄞𑄪𑄘𑄨𑄝𑄮 𑄘𑄨𑄟।,Future
".মনে হ মনে কল,টাকা গুো করবে","𑄟𑄧𑄚 𑄟𑄧𑄚𑄬 𑄟𑄧𑄚𑄬 𑄇𑄧𑄣𑄧, 𑄖𑄬𑄋 𑄞𑄪𑄘𑄨𑄝𑄮",Future
. পেলে আমি আগে সোনার বো বসবো,𑄛𑄬𑄣𑄬 𑄟𑄪𑄃𑄨 𑄃𑄉𑄬 𑄥𑄮𑄚𑄢𑄪𑄝𑄮𑄣𑄮𑄃𑄨 𑄉𑄙𑄨𑄟𑄴 ।,Future
"সে বাবাকে এক ভাগ, মাকে এক ভাগ","𑄖𑄳𑄦𑄬 𑄝𑄝𑄳𑄦𑄢𑄬 𑄃𑄬𑄇𑄴 𑄞𑄇𑄴, 𑄟𑄟𑄳𑄦𑄢𑄬 𑄃𑄬𑄇𑄴",Present
"ভাই,সবাই এখানে এক এক","𑄞𑄇𑄴, 𑄝𑄬𑄇𑄴 𑄃𑄨𑄖𑄴𑄖𑄮 𑄇𑄪𑄘𑄪𑄟𑄧𑄢𑄬 𑄃𑄬𑄇𑄴 𑄃𑄬𑄇𑄴",Present
বাির দিনে মনের ইচ্ছা পূরণ করে দিবো,𑄞𑄇𑄴 𑄘𑄨𑄚𑄬𑄃𑄨 𑄟𑄧𑄚𑄧 𑄦𑄃𑄮𑄎𑄴 𑄛𑄪𑄢𑄬𑄃𑄨 𑄘𑄨𑄟𑄴 ।,Future
.মেেরা রাজি হে গান শুনতে পান।,𑄟𑄧𑄚 𑄢𑄎𑄨 𑄦𑄧𑄚𑄬𑄃𑄨 𑄥𑄧𑄝𑄧𑄚𑄧 𑄢𑄬𑄎𑄳𑄠𑄖𑄴 𑄛𑄚𑄧,Present
গুলতি খুঁজতে বের হওা,𑄉𑄪𑄣𑄪𑄇𑄴 𑄖𑄧𑄉 𑄣𑄟𑄨𑄣𑄧 ।,Present
যাওা যাওা লাগে,𑄡𑄘𑄬 𑄡𑄘𑄬 𑄣𑄉𑄧𑄖𑄴,Present
এক রাজ পুত্র,𑄛𑄬𑄣𑄧 𑄃𑄬𑄇𑄴𑄇𑄮 𑄢𑄎𑄴𑄛𑄪𑄖𑄳𑄢 ।,Present
রাজ পুত্র মেেকে পছন্দ করে,𑄢𑄎𑄴𑄛𑄪𑄖𑄳𑄢 𑄟𑄧𑄚𑄢𑄬,Present
"কল, কোথা যাচ্ছ?","𑄇𑄧𑄣𑄧, 𑄇𑄪𑄙𑄪 𑄡𑄧𑄢𑄴 ?",Present
.মেেরা রাজপুত্রকে বুি বলে,𑄟𑄧𑄚 𑄢𑄎𑄴𑄛𑄪𑄖𑄳𑄢𑄝𑄱𑄢𑄬 𑄝𑄪𑄢𑄳𑄦𑄨 𑄇𑄧𑄙 𑄥𑄪𑄚𑄬𑄣𑄧 ।,Present
রাজপুাটা মেেকে একটা কথা বলে,"𑄢𑄎𑄴𑄛𑄪𑄖𑄳𑄢𑄝𑄮 𑄟𑄧𑄚𑄢𑄬 𑄇𑄧𑄣𑄧, 𑄃𑄬𑄇𑄴𑄈𑄚𑄴 𑄇𑄧𑄙𑄢𑄴",Present
উত্তর দিতে পারলে তুমি পানগুলুক,𑄃𑄪𑄖𑄴𑄖𑄧𑄢𑄴 𑄘𑄨 𑄛𑄢𑄨𑄣𑄬 𑄖𑄪𑄃𑄨 𑄛𑄚𑄧𑄉𑄪𑄣𑄪𑄇𑄴,Present
"পেকে, পেকে",𑄛𑄬𑄝𑄬 ।,Present
"বানরের কল,তিন মাথা থেকে বুদ্ধি","𑄟𑄧𑄚𑄢𑄬 𑄇𑄧𑄣𑄧, 𑄖𑄨𑄚𑄴 𑄥𑄨𑄢𑄬 𑄡𑄖𑄴𑄖𑄪𑄚𑄴 𑄝𑄪𑄘𑄴𑄙𑄨",Present
.তার থেকে কি দেখে?,𑄣𑄧𑄝𑄬 𑄖𑄖𑄴𑄖𑄪𑄚𑄴... 𑄇𑄨 𑄌𑄬𑄃𑄨 ?,Present
".মা তাকে কল,বাম বলা বৃদ্ধ","𑄟𑄧𑄚 𑄖𑄢𑄬 𑄇𑄧𑄣𑄧, 𑄝𑄪𑄖𑄴𑄙𑄨 𑄝𑄧𑄣 𑄝𑄪𑄢𑄮 𑄟𑄚𑄪𑄌𑄴।",Present
.মেেদের উত্তর শুনে রাজ পুত্রকে খুঁজতেছে,𑄟𑄧𑄚𑄢𑄴 𑄃𑄪𑄖𑄴𑄖𑄧𑄢𑄴 𑄥𑄪𑄚𑄨 𑄢𑄎𑄴𑄛𑄪𑄖𑄳𑄢𑄧𑄝𑄮 𑄈𑄪𑄎𑄨,Present
১. হলো ২. হলো,𑄦𑄧𑄣𑄧 ।,Past
সে মনের পানশে হছে,𑄖𑄬 𑄟𑄧𑄚𑄢𑄬 𑄛𑄚𑄧𑄉𑄪𑄣𑄪𑄇𑄴𑄇𑄮,Present
.নিচে গেলে দিল,𑄚𑄨𑄉𑄬𑄣𑄬𑄃𑄨 𑄘𑄨𑄣𑄧 ।,Past
সুন্দর স্বপ্ন দেখতে দেখতে অন্ধকার,𑄘𑄮𑄣𑄴 𑄥𑄧𑄝𑄧𑄚𑄴 𑄴 𑄘𑄬𑄇𑄴𑄈𑄬 𑄘𑄬𑄇𑄴𑄈𑄬 𑄛𑄧𑄦𑄧𑄢𑄴,Present
.ওনার মনের ঘুম ভেঙে গেল,𑄃𑄮𑄚𑄬𑄃𑄨 𑄟𑄧𑄚𑄢𑄴 𑄊𑄪𑄟𑄴 𑄞𑄋𑄨 𑄉𑄬𑄣𑄧 ।,Past
"এক জাতী বুনো ফল, যা সবজি হিসেবে ব্যবহৃত হ",𑄟𑄧𑄚,Present
তার মা সেখানে গেল,𑄌𑄬𑄖𑄧𑄚𑄴 𑄦𑄧𑄃𑄨 𑄖𑄟𑄴𑄟 𑄥𑄨𑄘𑄪 𑄉𑄬𑄣𑄧 ।,Past
এক জাতী বুনো লতা,𑄌𑄴𑄌 𑄚𑄴 𑄎𑄨𑄌𑄚𑄃𑄨 𑄑𑄬𑄋,Present
মনিমালার কথা,𑄟𑄧𑄚𑄨𑄟𑄣𑄢𑄴 𑄇𑄧𑄙,Present
.নিঃশব্দ শব্দ করা,𑄚𑄨𑄢𑄴 𑄥𑄧𑄝𑄧𑄚𑄴 𑄘𑄬𑄉𑄚,Present
এক দিন মনি খাদি ঘুমাই যা,𑄃𑄬𑄇𑄴𑄘𑄨𑄚𑄴𑄳𑄠𑄬 𑄟𑄧𑄚𑄨 𑄈𑄘𑄧𑄘𑄴 𑄊𑄪𑄟𑄴 𑄡𑄢𑄴 ।,Present
স্বপ্নে স্বপ্নে ঘুমিে গেলাম,𑄥𑄧𑄝𑄧𑄚𑄬 𑄥𑄧𑄝𑄧𑄚𑄬 𑄊𑄪𑄟𑄧𑄖𑄴 𑄘𑄬𑄉 𑄦𑄧𑄣𑄧 𑄎𑄪𑄚𑄚𑄴𑄘𑄧𑄃𑄨 ।,Past
.সুগন্ধি মেেকে এক লাল শার্ট দিল,𑄎𑄪𑄚𑄚𑄬 𑄟𑄧𑄚𑄨𑄢𑄬 𑄃𑄬𑄇𑄮 𑄢𑄋 𑄥𑄨𑄣𑄪𑄟𑄴 𑄘𑄨𑄣𑄧 ।,Past
"সিলুমটা উে উঠার সম মনি পুিটা উে উঠল, উে উে দো হলো তাদের","𑄥𑄨𑄣𑄪𑄟𑄴𑄟𑄱 𑄃𑄪𑄢𑄨𑄚𑄬𑄃𑄨 𑄟𑄧𑄚𑄨 𑄛𑄪𑄢𑄨 𑄥𑄚𑄴𑄚𑄳𑄠 𑄃𑄪𑄢𑄧 𑄙𑄧𑄣𑄴𑄣𑄧, 𑄃𑄪𑄢𑄧𑄘𑄬 𑄃𑄪𑄢𑄧𑄘𑄬 𑄘𑄬𑄉 𑄦𑄧𑄣𑄧 𑄖𑄢𑄝𑄱𑄣𑄧𑄃𑄨 ।",Past
.তারা তাকে একটা সোনার টুকরা দিল।,𑄖𑄢𑄝𑄮 𑄖𑄢𑄬 𑄃𑄬𑄇𑄴𑄇𑄮 𑄥𑄮𑄚𑄢𑄴 𑄛𑄪𑄘𑄪𑄣𑄴 𑄘𑄨𑄣𑄧 ।,Past
পুা মনির দো হলো বেলা,𑄛𑄧𑄢𑄬𑄚𑄴𑄘𑄨 𑄟𑄧𑄚𑄨𑄢𑄴 𑄘𑄬𑄉 𑄦𑄧𑄣𑄧 𑄝𑄬𑄣𑄚𑄴𑄘𑄧𑄭 ।,Present
সূর্য ডোবার সম তাকে হাত ধরে বািতে নিতে হবে,𑄝𑄬𑄣𑄚𑄬 𑄟𑄧𑄚𑄨𑄢𑄬 𑄦𑄘𑄧𑄖𑄴 𑄙𑄧𑄢𑄨 𑄛𑄧𑄢𑄨𑄝𑄮 𑄊𑄧𑄢𑄧𑄖𑄴 𑄚𑄬𑄎𑄬𑄣𑄧 ।,Future
তাকে একটা লাল বল দিতে হবে।,𑄛𑄧𑄢𑄨𑄝𑄮 𑄖𑄢𑄬 𑄃𑄬𑄇𑄴𑄇𑄮 𑄢𑄋 𑄝𑄧𑄣𑄴 𑄘𑄨𑄣𑄧 ।,Future
সে পরে মেেটা ফিরে আসলো,𑄥𑄬𑄛𑄧𑄢𑄬 𑄟𑄧𑄚𑄨 𑄎𑄪𑄚𑄚𑄧𑄃𑄨𑄘𑄪 𑄜𑄨𑄢𑄨 𑄃𑄬𑄣𑄧 ।,Past
হঠাৎ করে মনির সপ্নটা ভেঙে গেল,𑄃𑄘𑄨𑄇𑄴𑄇𑄳𑄠 𑄉𑄧𑄢𑄨 𑄟𑄧𑄚𑄨𑄢𑄴 𑄥𑄧𑄝𑄧𑄚𑄚𑄴 𑄞𑄋𑄨 𑄉𑄬𑄣𑄧 ।,Past
এক জাতী ফুল,𑄢𑄘𑄌𑄪𑄣𑄮 𑄜𑄪𑄣𑄴,Present
রাদাচুলের কলসে অনেক ব ব ফুল,𑄢𑄘𑄌𑄪𑄣𑄧 𑄜𑄪𑄣𑄴𑄣𑄮 𑄇𑄧𑄣𑄧 𑄎𑄪𑄟𑄧𑄖𑄴 𑄚𑄚 𑄝𑄝𑄧𑄖𑄳𑄠 𑄜𑄪𑄣𑄴,Present
"ফোটা, ফোটা",𑄜𑄪𑄘𑄧𑄚𑄴 ।,Present
বেগ ফুলগুলো দেখতে সুন্দর,𑄝𑄬𑄉𑄴 𑄜𑄪𑄣𑄪𑄚𑄬 𑄈𑄪𑄎𑄨 𑄃𑄯𑄚𑄬𑄭 𑄃𑄘𑄧𑄌𑄝𑄧𑄢𑄴,Present
পাহাের ঘর,𑄟𑄪𑄃𑄨 𑄝𑄬𑄢𑄢𑄴 𑄊𑄧𑄢𑄴 ।,Present
আমাকে বাঁশের ফালি দিে বানানো,𑄟𑄧𑄢𑄬 𑄝𑄥𑄴𑄌𑄮𑄭 𑄝𑄚𑄚𑄴 ।,Present
পাহাে বাি,𑄟𑄪𑄃𑄨 𑄃𑄧𑄣𑄪𑄋𑄴𑄉𑄬 𑄉𑄪𑄘𑄧𑄟𑄴 𑄊𑄧𑄢𑄴 ।,Present
আমাকে মাটি মলিন করে বানানো,𑄟𑄧𑄢𑄬 𑄟𑄘𑄨 𑄟𑄧𑄣𑄨𑄚𑄬𑄭 𑄝𑄚𑄚𑄴 ।,Present
পাহাের বাি,𑄟𑄪𑄃𑄨 𑄑𑄧𑄋𑄴 𑄊𑄧𑄢𑄴 ।,Present
আমাকে পাহাের উপরে তুলে,𑄟𑄧𑄢𑄬 𑄟𑄪𑄢𑄮 𑄃𑄪𑄉𑄪𑄢𑄬 𑄖𑄪𑄣𑄳𑄠𑄧𑄚𑄴 ।,Present
পাহাে পাকা বাি,𑄟𑄪𑄃𑄨 𑄃𑄧𑄣𑄪𑄋𑄴𑄉𑄬 𑄛𑄇𑄴𑄇 𑄊𑄧𑄢𑄴 ।,Present
"আমাকে এখানে নিে যাওা, সিমন, করলা মিশিে তুলে","𑄟𑄧𑄢𑄬 𑄃𑄨𑄖𑄴𑄘𑄧𑄣, 𑄥𑄨𑄟𑄬𑄚𑄴, 𑄇𑄧𑄢𑄧𑄣𑄨 𑄟𑄨𑄎𑄬𑄚𑄬𑄃𑄨 𑄖𑄪𑄣𑄳𑄠𑄧𑄚𑄴 ।",Present
আমাকে পাশ কেটে চলে যাওা যা,𑄟𑄧𑄢𑄬 𑄥𑄧𑄦𑄧𑄢𑄧𑄖𑄴 𑄝𑄬𑄥𑄴 𑄘𑄬𑄉 𑄡𑄃𑄨 ।,Present
ভালো পানি খাওা,𑄉𑄧𑄟𑄴 𑄛𑄚𑄨 𑄈𑄚,Present
. খালাবি আর লাল বিচির নিচ থেকে পানি বের হচ্ছে।,𑄈𑄣𑄝𑄨 𑄃 𑄢𑄋𑄝𑄨 𑄍𑄧𑄢𑄖𑄴𑄖𑄪𑄚𑄴 𑄛𑄚𑄨 𑄈𑄧𑄎 𑄡𑄘𑄧𑄚𑄴 ।,Present
পানির স্রোতে কোথা দেখা গেল,𑄛𑄚𑄨 𑄊𑄘𑄧𑄖𑄴 𑄇𑄪𑄠𑄧𑄝𑄮𑄣𑄮𑄃𑄨 𑄘𑄬𑄊 𑄦𑄧𑄣𑄧 ।,Past
.খাওাটা তাদেরকে বলল-ছা পানি খাওা ভালো না,𑄈𑄪𑄠𑄧𑄝𑄮 𑄖𑄢𑄢𑄬 𑄇𑄧𑄣𑄧- '𑄍𑄧𑄢 𑄛𑄚𑄨 𑄈𑄚 𑄉𑄧𑄟𑄴 𑄚𑄠𑄴 ।,Past
তারা দুইজনই চিন্তা করছে,𑄖𑄢 𑄘𑄨 𑄎𑄧𑄚𑄬 𑄝𑄨𑄃𑄨𑄝𑄮𑄃𑄨 𑄞𑄝𑄧𑄘𑄧𑄚𑄴 ।,Present
.কুাটা কল-পানি তাাতাি খাই,𑄈𑄪𑄠𑄧𑄝𑄮 𑄇𑄧𑄣𑄧-'𑄛𑄚𑄨 𑄥𑄨𑄎𑄬𑄚𑄬𑄃𑄨 𑄈𑄬𑄃𑄨𑄠𑄧 ।,Present
পতে তারা পানি পে গেল,𑄛𑄧𑄢𑄬𑄚𑄴𑄘𑄨 𑄖𑄢 𑄛𑄚𑄨 𑄛𑄠𑄬𑄛𑄴𑄛𑄮𑄃𑄨𑄘𑄪 𑄉𑄬𑄣𑄇𑄴 ।,Past
পাের কল-আমার থেকে ভালো পানি আছে,𑄛𑄠𑄬𑄛𑄴𑄛𑄮 𑄇𑄧𑄣𑄧- '𑄟𑄧𑄖𑄴𑄖𑄪𑄚𑄴 𑄉𑄧𑄟𑄴 𑄛𑄚𑄨 𑄃𑄊𑄬' ।,Present
.সেটা শুনে তারা পানি আনতে যাচ্ছে।,𑄥𑄨𑄠𑄚𑄴 𑄥𑄪𑄚𑄨𑄚𑄬𑄃𑄨 𑄖𑄢 𑄛𑄠𑄬𑄝𑄧 𑄛𑄚𑄨 𑄃𑄚𑄨𑄝𑄖𑄴𑄳𑄠𑄬𑄃𑄨 𑄡𑄘𑄧𑄚𑄴 ।,Present
সেখান থেকে তারা পানি খেে নিবে,𑄥𑄨𑄖𑄴𑄖𑄪𑄚𑄴 𑄙𑄧𑄢𑄨 𑄖𑄢 𑄛𑄠𑄬𑄝𑄧 𑄛𑄚𑄨 𑄈 𑄙𑄧𑄣𑄴𑄣𑄇𑄴 ।,Future
"সূর্য: সাি চামা, সূর্য অস্ত যাওা চাংমা","𑄢𑄧𑄎𑄬𑄠𑄧𑄚𑄴: 𑄥𑄚𑄴𑄖𑄨 𑄌𑄋𑄴𑄟, 𑄥𑄳𑄢𑄬𑄠𑄧𑄥𑄨 𑄌𑄋𑄴𑄟, 𑄇𑄬. 𑄞𑄨. 𑄘𑄬𑄝𑄥𑄨𑄥𑄴 𑄌𑄋𑄴𑄟",Present
"কাপ দিে কাপ,খাওা খাওা","𑄇 𑄣𑄧𑄃𑄨 𑄇𑄣𑄴𑄣𑄮𑄋𑄴, 𑄈 𑄣𑄧𑄃𑄨 𑄈𑄘𑄨",Present
গাছের ডালের মধ্যে দিে হেঁটে যাওা,𑄉 𑄣𑄧𑄃𑄨 𑄉𑄢𑄬𑄋𑄴 𑄟𑄙𑄬𑄃𑄨 𑄥𑄨𑄊𑄨 𑄡𑄘𑄨-𑄟𑄘𑄨।,Present
ঘা নিে খেলা খেলে বিঝু আসলে,𑄊 𑄣𑄧𑄃𑄨 𑄊𑄨𑄣𑄬 𑄈𑄢 𑄈𑄬𑄣𑄨 𑄝𑄨𑄏𑄪 𑄃𑄬𑄣𑄬,Present
না লা কাঁকাটা থাকে শীলের নিচে,𑄋 𑄣𑄧𑄃𑄨 𑄇𑄋𑄢𑄝𑄮 𑄗𑄠𑄴𑄘𑄬 𑄥𑄨𑄣𑄧𑄖𑄴 𑄖𑄧𑄣𑄬।,Present
"চা দিে চাবুা, ছাা দিে ছাদ","𑄌 𑄣𑄧𑄃𑄨 𑄌𑄝𑄪𑄉𑄨, 𑄍 𑄣𑄧𑄃𑄨 𑄍𑄘𑄨",Present
"যাওা জুম, যাওা যাওা","𑄎 𑄣𑄧𑄃𑄨 𑄎𑄪𑄟𑄴, 𑄏 𑄣𑄧𑄃𑄨 𑄏𑄘𑄨 ।",Present
নাচা করে মিশিে নিই,𑄐 𑄣𑄧𑄃𑄨 𑄟𑄨𑄐𑄧- 𑄌𑄮𑄢𑄧𑄚𑄴𑄙𑄧𑄢 𑄝𑄚𑄬𑄃𑄨 𑄟𑄨𑄐𑄧 𑄣𑄧𑄃𑄨 ।,Present
"টা নিে যাওা,তাাতাি যাওা","𑄑 𑄣𑄧𑄃𑄨 𑄑𑄇𑄴𑄇𑄱, 𑄒 𑄣𑄧𑄃𑄨 𑄒𑄘𑄢𑄴",Present
ডাি দিে ডাবের পানি খেতে মজা,𑄓 𑄣𑄧𑄃𑄨 𑄓𑄝𑄧 𑄛𑄚𑄨 𑄈𑄘𑄬 𑄥𑄪𑄠𑄧𑄖𑄴,Present
".ঢাল নিে ঢুল,ন্যাকামো করতেছে","𑄔 𑄣𑄧𑄃𑄨 𑄔𑄪𑄣𑄴, 𑄕 𑄣𑄧𑄃𑄨 𑄕𑄘𑄬𑄋𑄴",Present
.অতিরিক্ত হেছে সে,𑄃𑄧𑄏𑄛𑄘𑄧 𑄦𑄧𑄢𑄧𑄇𑄴𑄇𑄪𑄚𑄴 𑄚𑄨𑄠𑄣𑄴𑄥𑄨𑄠𑄬 𑄟𑄙𑄬𑄃𑄨 ।,Present
"তার জন্য তাবিজ,রান্না করে থাক","𑄖 𑄣𑄧𑄃𑄨 𑄖𑄉𑄧𑄣𑄧𑄇𑄴, 𑄗 𑄉𑄘𑄬 𑄗𑄎",Present
"দা নিে হুক্কা, দৌে যাও","𑄘 𑄣𑄧𑄃𑄨 𑄘𑄝, 𑄙 𑄘𑄬 𑄙𑄞 ।",Present
না নিে কথা বলে,𑄚 𑄣𑄧𑄃𑄨 𑄟𑄘𑄬 𑄚𑄘𑄬𑄃𑄨,Present
এখন আমাদের সবার মা,𑄃𑄬𑄏𑄧 𑄌𑄨𑄎𑄨𑄣𑄧𑄇𑄴 𑄃𑄟𑄳𑄦 𑄦𑄧𑄢𑄧𑄇𑄴𑄇𑄪𑄚𑄴 𑄟𑄘𑄬𑄃𑄨 ।,Present
"পাের পাতা,ফাঁকের পাতা","𑄛 𑄣𑄧𑄃𑄨 𑄛𑄘, 𑄜 𑄣𑄧𑄃𑄨 𑄜𑄉𑄪𑄚𑄧 𑄦𑄞",Present
বাঁশের ডালের হাতে চিঝি আসবে,𑄝 𑄣𑄧𑄃𑄨 𑄝𑄘𑄮𑄣𑄴 𑄦𑄘𑄧𑄖𑄴 𑄌𑄨𑄏𑄨 𑄡𑄬𑄝𑄧 𑄛𑄬𑄃𑄨𑄇𑄴,Future
দৌ,𑄙𑄝।,Present
ভাই নিে ভালুক নিে মামা,"𑄞 𑄣𑄧𑄃𑄨 𑄞𑄣𑄪𑄇𑄴 𑄟 𑄣𑄧𑄃𑄨 𑄟𑄟𑄳𑄦,",Present
মামা যে রান্না করে বো,𑄟𑄟𑄳𑄦 𑄡𑄬𑄝𑄧 𑄢𑄚𑄳𑄠 𑄝𑄬𑄢 ।,Present
"যাওা যাওা,রান্না খাওা","𑄡 𑄣𑄧𑄃𑄨 𑄡𑄖𑄳𑄢, 𑄢 𑄣𑄧𑄃𑄨 𑄢𑄚𑄴𑄎𑄪𑄚𑄨",Present
"হাত নিে হাত,লবনাক্ত লম্বা","𑄦 𑄣𑄧𑄃𑄨 𑄦𑄖𑄴, 𑄣 𑄣𑄧𑄃𑄨 𑄣𑄟𑄴𑄝",Present
.ওই আওাজ ছোট আর কত ব,𑄤 𑄤𑄇𑄴 𑄥𑄘𑄬 𑄌𑄨𑄎𑄨 𑄤𑄇𑄴𑄇𑄮 𑄇𑄧𑄟𑄴𑄞 ।,Present
".সা নিে সাঙু, -া নিে হরিণ","𑄥 𑄣𑄧𑄃𑄨 𑄥𑄋𑄪, 𑄠 𑄣𑄧𑄃𑄨 𑄠-𑄦𑄧𑄢𑄨𑄋𑄴",Present
. ৯ লে ৩ জনে বোচ্ছে।,𑄿 𑄣𑄧𑄃𑄨 𑄿𑄪𑄘𑄨𑄇𑄴 𑄦𑄘𑄧𑄖𑄴 𑄝𑄬𑄢𑄢𑄴 𑄃𑄎𑄪,Present
.আবোল তাবোল দেখে ফুল তুলে,𑄃 𑄣𑄧𑄃𑄨 𑄃𑄣𑄟𑄴 𑄌𑄬𑄚𑄬𑄃𑄨 𑄜𑄪𑄣𑄴 𑄖𑄪𑄣𑄨,Present
.এত ব কথা বলতে বলতে সুর তুলে,𑄃𑄬𑄎𑄧 𑄌𑄨𑄎𑄨𑄣𑄧𑄇𑄴 𑄦𑄧𑄢𑄧𑄇𑄴 𑄟𑄘𑄬𑄃𑄨 𑄟𑄨𑄘𑄬 𑄥𑄪𑄢𑄴 𑄖𑄪𑄣𑄨,Present
এক জাতী বুনো লতা,𑄛𑄉𑄚 𑄣𑄨𑄎𑄪,Present
লাল বিালের দাি দিে ঘুরে যা,𑄢𑄋𑄝𑄨 𑄇 𑄃𑄎𑄪 𑄘-𑄃𑄨𑄘𑄪 𑄝𑄬𑄢 𑄡𑄢𑄴 ।,Present
তার জাগা সব লিচু গাছ,𑄖 𑄃𑄎𑄪𑄘𑄉𑄨 𑄝𑄉𑄚𑄧𑄖𑄴 𑄝𑄬𑄇𑄴𑄇𑄚𑄴 𑄣𑄨𑄎𑄪 𑄉𑄎𑄴 ।,Present
.ঙিজু গাছে দলামোচা করছে,𑄋𑄨𑄎𑄪 𑄉𑄎𑄴𑄌𑄴𑄪𑄚𑄧𑄖𑄴 𑄘𑄧𑄣𑄉𑄧𑄢𑄨 𑄣𑄨𑄎𑄪 𑄙𑄎𑄴𑄎𑄮𑄚𑄴 ।,Present
লিচুগুলো খেতে সুস্বাদু,𑄣𑄨𑄎𑄪𑄃𑄪𑄚𑄴 𑄛𑄉𑄨𑄚𑄬𑄃𑄨 𑄢𑄋𑄌𑄨𑄇𑄴𑄌𑄨𑄇𑄴 𑄃𑄧𑄠𑄧𑄚𑄴 ।,Present
লিচুগুলো লাল করে দেখতেছি,𑄣𑄨𑄎𑄪𑄃𑄪𑄚𑄴 𑄘𑄬𑄉𑄨𑄚𑄬𑄃𑄨 𑄢𑄋𑄝𑄨 𑄈𑄪𑄎𑄨𑄠𑄬 𑄝𑄎𑄬𑄢𑄴 ।,Present
তার থেকে বেশি লিচু খাওার ইচ্ছে করে,𑄖𑄖𑄴𑄖𑄪𑄚𑄴 𑄎𑄧𑄘𑄧𑄝𑄧𑄘𑄬 𑄣𑄨𑄎𑄪 𑄈𑄬𑄝𑄢𑄴 𑄟𑄧𑄚𑄬 𑄇𑄧𑄣𑄧।,Present
দৌাদৌি করে তার ভাইকে ডেকে নিল,𑄙𑄝 𑄡𑄬𑄚𑄬𑄃𑄨 𑄖 𑄚𑄚𑄢𑄬 𑄓𑄉𑄨 𑄃𑄚𑄨𑄣𑄧 ।,Past
.তানাকটা এক হাত দিে পাে দিল,𑄖𑄚𑄚𑄪 𑄃𑄬𑄇𑄴 𑄦𑄘 𑄣𑄨𑄎𑄪 𑄛𑄢𑄨 𑄘𑄨𑄣𑄧 ।,Past
লালবিচি ঝেে অনেক সুখ পেল,𑄢𑄋𑄝𑄨𑄣𑄨𑄎𑄪 𑄏𑄬𑄚𑄬𑄃𑄨 𑄎𑄧𑄘𑄧𑄝𑄧𑄘𑄬 𑄥𑄱𑄘𑄴 𑄛𑄬𑄣𑄧 ।,Past
আমার নািটা ধন,𑄟𑄧 𑄚𑄋𑄚𑄴 𑄙𑄧𑄚𑄧 ।,Present
পাহাের চূা আমি আছি,𑄟 𑄃 𑄟𑄪𑄎𑄨 𑄌𑄧𑄟𑄢𑄬 𑄟𑄪𑄃𑄨 𑄃𑄉𑄧𑄋𑄴 ।,Present
পাহাি আর পাহাি স্কুলে যাচ্ছে,𑄟𑄪𑄎𑄨 𑄃 𑄟𑄪𑄃𑄨 𑄃𑄨𑄥𑄴𑄇𑄪𑄣𑄧𑄖𑄴 𑄡𑄬𑄢𑄴 ।,Present
"অনু মামার দূরের ভাই,আমার কাপ","𑄃𑄧𑄚𑄪 𑄝𑄝𑄢𑄴 𑄘𑄪𑄢𑄧 𑄞𑄬𑄃𑄨, 𑄟𑄧𑄢𑄴 𑄇𑄇𑄴𑄇 ।",Present
কাঁকা আমাদের বোতে এসেছে,𑄇𑄇𑄴𑄇 𑄃𑄟𑄃𑄨𑄘𑄪 𑄝𑄬𑄢𑄬𑄝𑄖𑄳𑄠𑄬𑄃𑄨 𑄃𑄬𑄥𑄴𑄌𑄳𑄠 ।,Present
বাবা বোনটি আসতেছে,𑄝𑄝 𑄝𑄮𑄚𑄴𑄚𑄱 𑄃𑄬𑄥𑄴𑄌𑄳𑄠 ।,Present
সে আমার ফুফু,𑄖𑄬 𑄟𑄧𑄢𑄴 𑄛𑄨𑄎𑄋 ।,Present
বাবা বাজারে যা,𑄝𑄝 𑄝𑄎𑄢𑄧𑄖𑄴 𑄡𑄢𑄴 ।,Present
বাজার থেকে বাবা মাছ আনে,𑄝𑄎𑄢𑄧𑄖𑄴𑄖𑄪𑄚𑄴 𑄝𑄝 𑄟𑄍𑄴 𑄃𑄚𑄬𑄢𑄴 ।,Present
এক সাথে বসে সবাই মিলে খাওা,𑄃𑄬𑄇𑄴 𑄥𑄧𑄟𑄢𑄬 𑄝𑄧𑄭𑄚𑄬 𑄝𑄬𑄇𑄴𑄇𑄪𑄚𑄬 𑄟𑄨𑄣𑄨 𑄈𑄬𑄢𑄴 ।,Present
.পজ্জোনের রঙের কথা,𑄛𑄧𑄖𑄴𑄖𑄛𑄧𑄖𑄴𑄖𑄨𑄢𑄴 𑄢𑄧𑄋𑄧𑄢𑄴 𑄇𑄧𑄙,Present
এক দিন ছোট প্রজাপতির ছবি উঠে গেছে।,𑄃𑄬𑄇𑄴𑄘𑄨𑄚𑄴 𑄌𑄨𑄎𑄨𑄝𑄨 𑄛𑄧𑄖𑄴𑄖𑄛𑄧𑄖𑄴𑄖𑄨𑄢𑄴 𑄍𑄧𑄝𑄨 𑄃𑄉𑄧𑄘𑄬 𑄊𑄪𑄟𑄴 𑄡𑄬𑄃𑄨𑄠𑄬 ।,Present
.প্রজাপতির অনেক রং,𑄛𑄧𑄖𑄴𑄖𑄛𑄧𑄖𑄴𑄖𑄨𑄢𑄴 𑄚𑄚 𑄢𑄧𑄋 ।,Present
রাতের বেলা একটা নিে আসতেছে,𑄢𑄬𑄘𑄮 𑄟𑄘𑄚𑄴 𑄃𑄬𑄇𑄴𑄇𑄮 𑄚𑄨𑄣𑄴𑄛𑄧𑄢𑄨 𑄃𑄬𑄥𑄴𑄌𑄬 ।,Present
সে ছোট ঘুম থেকে জেগে উঠল,𑄖𑄬 𑄌𑄨𑄎𑄨𑄝𑄨𑄢𑄬 𑄊𑄪𑄟𑄧𑄖𑄴𑄖𑄪𑄚𑄴 𑄎𑄉𑄬 𑄖𑄪𑄣𑄨𑄣𑄧 ।,Past
পতে হবে বাচ্চাটাকে নিয়ে আকাশে উতে,𑄛𑄧𑄢𑄨𑄝𑄱 𑄌𑄨𑄎𑄨𑄝𑄨𑄢𑄬 𑄚𑄨𑄚𑄬𑄃𑄨 𑄃𑄉𑄎𑄧𑄖𑄴 𑄃𑄪𑄢𑄬𑄢𑄴 ।,Future
.আকাশে লাল পে আছে সাদা পার সম,𑄃𑄉𑄎𑄧𑄖𑄴 𑄢𑄋 𑄛𑄧𑄢𑄨 𑄃 𑄙𑄪𑄛𑄴 𑄛𑄧𑄢𑄨𑄢𑄴 𑄥𑄧𑄟𑄢𑄬 𑄘𑄬𑄊 𑄃𑄧𑄣𑄧 ।,Present
লাল পরীটি ছোট শিশুকে কষ্ট দিে খুশি,𑄢𑄋 𑄛𑄧𑄢𑄨 𑄌𑄨𑄎𑄨𑄝𑄨𑄢𑄬 𑄛𑄬𑄃𑄨𑄚𑄬𑄃𑄨 𑄈𑄪𑄎𑄨 𑄃𑄧𑄣𑄧 ।,Present
সবাই উপরে উঠতে উঠতে ফুল বাগানে লুকিেছে,𑄝𑄬𑄇𑄴𑄇𑄪𑄚𑄬 𑄃𑄪𑄖𑄴𑄖𑄬 𑄃𑄪𑄖𑄴𑄖𑄬 𑄜𑄪𑄣𑄴 𑄝𑄉𑄚𑄧𑄖𑄴 𑄣𑄪𑄋𑄨𑄣𑄇𑄴𑄇𑄮𑄃𑄨 ।,Present
তারা অনেক রঙের ফুল দিেছে,𑄖𑄢 𑄚𑄚 𑄢𑄧𑄋𑄧𑄢𑄴 𑄜𑄪𑄣𑄴 𑄘𑄬𑄉𑄨𑄣𑄇𑄴 ।,Present
সাগরের পানি দেখতেছি,𑄥𑄉𑄧𑄢𑄴 𑄛𑄧𑄖𑄴𑄖𑄛𑄧𑄖𑄴𑄖𑄨 𑄘𑄬𑄊𑄨𑄣𑄇𑄴 ।,Present
খেলা ক্লান্ত হে তাদের বািতে গেল,𑄈𑄢 𑄥𑄬𑄌𑄴 𑄃𑄧𑄃𑄨𑄚𑄬 𑄛𑄧𑄢𑄨𑄃𑄪𑄚𑄬 𑄖𑄢 𑄊𑄧𑄢𑄧𑄖𑄴 𑄉𑄬𑄣𑄇𑄴𑄇𑄮𑄃𑄨 ।,Past
".পুি মাছ,কোই মাছ,তাগি মাছ,একসাথে বিল থাক","𑄛𑄪𑄘𑄨 𑄟𑄌𑄴, 𑄇𑄮𑄃𑄨 𑄟𑄌𑄴, 𑄖𑄉𑄨 𑄟𑄌𑄴,𑄃𑄬𑄇𑄴 𑄥𑄧𑄟𑄢𑄬 𑄝𑄨𑄣𑄧𑄖𑄴 𑄗𑄬𑄘𑄇𑄴 ।",Present
এক জাতী মাছ অনেক ছোট মাছকে ধরে খাওা,𑄇𑄮𑄃𑄨 𑄟𑄌𑄴 𑄃 𑄖𑄉𑄨 𑄟𑄌𑄴𑄌𑄪𑄚𑄴 𑄛𑄪𑄘𑄨𑄟𑄌𑄴𑄌𑄪𑄚𑄧𑄢𑄬 𑄙𑄧𑄢𑄨 𑄙𑄧𑄢𑄨 𑄈𑄚𑄴 ।,Present
একদিন কেকটি মাছ একটি তাকিে বাজাচ্ছে,𑄃𑄬𑄇𑄴𑄘𑄨𑄚𑄴 𑄇𑄮𑄃𑄨 𑄟𑄌𑄴𑄌𑄮 𑄃 𑄖𑄉𑄨 𑄟𑄌𑄴𑄌𑄮 𑄇𑄧𑄎𑄳𑄠𑄬 𑄝𑄎𑄬𑄠𑄧𑄚𑄴 ।,Present
তাদেরকে দেিে দো মাছটা লাফাচ্ছে,𑄖𑄢𑄢𑄬 𑄘𑄬𑄉𑄨 𑄛𑄪𑄘𑄨 𑄟𑄌𑄴𑄌𑄮 𑄜𑄣𑄳𑄠𑄢𑄴 ।,Present
লাফিে লাফিে বিল পার হওা যা,𑄜𑄣𑄴𑄣𑄘𑄬 𑄜𑄣𑄴𑄣𑄘𑄬 𑄃𑄪𑄖𑄴𑄖𑄬𑄉𑄧𑄭 𑄝𑄨𑄣𑄧 𑄛𑄢𑄧𑄖𑄴 ।,Present
দূর থেকে একটা ব বগাকে দেখতেছি,𑄘𑄪𑄢𑄧𑄖𑄴𑄖𑄪𑄚𑄴 𑄃𑄬𑄇𑄴𑄇𑄮 𑄝𑄧𑄉 𑄛𑄪𑄘𑄨 𑄟𑄎𑄴𑄌𑄮𑄢𑄬 𑄘𑄬𑄇𑄴𑄇𑄳𑄠 ।,Present
সে একটি পুটলি দিে কুকুরটিকে গিললো,𑄆𑄖 𑄃𑄬𑄇𑄴𑄇𑄪𑄃𑄨 𑄈𑄪𑄘𑄧𑄚𑄬 𑄑𑄪𑄖𑄴𑄖𑄮𑄣𑄮𑄃𑄨 𑄛𑄪𑄘𑄨 𑄟𑄌𑄴𑄌𑄮𑄢𑄬 𑄉𑄨𑄣𑄨𑄣𑄧 ।,Past
মুরগিটা তাাহুো করে তাা করলো,𑄇𑄮𑄃𑄨 𑄟𑄌𑄴𑄌𑄮𑄣𑄮𑄃𑄨 𑄖𑄉𑄨 𑄟𑄌𑄴𑄌𑄮 𑄡𑄧𑄘𑄧𑄝𑄧𑄘𑄬 𑄓𑄮𑄢𑄬𑄣𑄇𑄴 ।,Past
ডরে একজন পানিতে ডুবে গেল,𑄓𑄧𑄢𑄬 𑄃𑄬𑄇𑄴𑄇𑄪𑄝𑄢𑄬 𑄛𑄚𑄨 𑄟𑄪𑄢𑄧𑄖𑄴 𑄓𑄪𑄝𑄨𑄣𑄇𑄴𑄇𑄧𑄭 ।,Past
"রংধনু, রংধনু",𑄢𑄚𑄴𑄎𑄪𑄚𑄨,Present
রেজেে: সপাং ত্রিপুরা,𑄢𑄧𑄎𑄬𑄠𑄬 : 𑄥𑄧𑄝𑄨𑄚 𑄖𑄳𑄢𑄨𑄛𑄪𑄢,Present
বিনি ভাত,𑄝𑄨𑄚𑄨𑄞𑄖𑄴 𑄊𑄖𑄳𑄠𑄬,Present
বিনি ভাত খাওা যা,𑄝𑄨𑄚𑄨𑄞𑄖𑄴 𑄊𑄖𑄳𑄠𑄬𑄠𑄚𑄴 𑄘𑄪𑄝𑄴 ।,Present
বিনি ভাত খেে ইলিশ মাছ,𑄝𑄨𑄚𑄨𑄞𑄖𑄴 𑄊𑄴𑄖𑄳𑄠𑄬𑄈𑄬𑄚𑄬𑄭 𑄃𑄨𑄣𑄴 𑄃𑄧𑄣𑄧 ।,Present
ভুনা করে বিালটা এসে বিালটা খেলো,𑄞𑄪𑄎𑄪𑄘𑄴 𑄉𑄧𑄢𑄨𑄚𑄬𑄭 𑄝𑄬𑄣𑄬𑄭𑄝𑄮𑄃𑄧 𑄃𑄬𑄚𑄬𑄭 𑄝𑄨𑄚𑄨𑄞𑄖𑄴 𑄊𑄖𑄴𑄖𑄳𑄠𑄬𑄠𑄚𑄴 𑄈𑄬𑄣𑄧 ।,Past
মা-বোলটাকে দৌাদৌি করে নিে গেল,𑄟𑄳𑄦-𑄝𑄬𑄣𑄬𑄭𑄝𑄮𑄢𑄬 𑄘𑄬𑄉𑄨 𑄌𑄮𑄢𑄧𑄚𑄴𑄔𑄢𑄣𑄮𑄃𑄨 𑄣𑄧𑄢𑄬𑄣𑄧 ।,Past
বিালটা ঢাললো,𑄝𑄬𑄣𑄬𑄭𑄝𑄮𑄃𑄧 𑄙𑄬𑄣𑄧 ।,Past
এক জাতী পাখি,𑄌𑄋𑄴𑄟 𑄦𑄧𑄢𑄧𑄇𑄴,Present
রাগ পা,𑄦𑄧𑄢𑄧𑄇𑄴 𑄛𑄧𑄢𑄳𑄦𑄚,Present
এক হরগ মাছ,𑄃𑄬𑄇𑄴 - 𑄦𑄧𑄢𑄧𑄉𑄧𑄢𑄴 𑄟𑄖𑄴,Present
.মা বাবা পাহাে যা না,𑄟 𑄝 𑄘 𑄦 𑄊 𑄡 𑄚,Present
দুই-হরগ মাছ,𑄘𑄨 - 𑄦𑄧𑄢𑄧𑄉𑄧𑄢𑄴 𑄟𑄖𑄴,Present
চানা তারা খাওা যাওা যা না শুধু ধান শুকানোর নাা,𑄌𑄚 𑄖𑄢 𑄈𑄚 𑄡𑄚 𑄣𑄘 𑄛𑄘 𑄈𑅄 𑄝𑄚 𑄙𑄚 𑄊𑄢 𑄚𑄙,Present
মালা খাওা চারা দেওা গাছের আগার পাশে দাঁিে থাকা,𑄟𑄣 𑄈𑄢 𑄌𑄢 𑄟𑄢 𑄃𑄘 𑄝𑄣 𑄃𑄢 𑄑𑄚 𑄣𑄢 𑄍𑄢 𑄟𑄖 𑄗𑄚,Present
ভাঙা লাগা পাহাের ফাঁক দিে দাঁিে দাঁিে কাটা কাটাকাটি করা,𑄞𑄋 𑄣𑄉 𑄝𑄢 𑄦𑄚 𑄟𑄚 𑄔𑄣 𑄇𑄘 𑄙𑄢 𑄚𑄢 𑄇𑄝 𑄣𑄚 𑄎𑄣,Present
এক জাতী মাছ,𑄖𑄩𑄚𑄴 - 𑄦𑄧𑄢𑄧𑄉𑄧𑄢𑄴 𑄟𑄖𑄴,Present
.খাওাবাি করা বাাবাি করা বাাবাি করা /n shave,𑄈𑄎𑄚 𑄝𑄎𑄚 𑄛𑄉𑄚 𑄟𑄉𑄚 𑄃𑄝𑄘 𑄏𑄝𑄘 𑄟𑄢𑄋 𑄛𑄢𑄋 𑄥𑄝𑄣 𑄝𑄉𑄣 𑄥𑄘𑄋 𑄃𑄘𑄋 𑄌𑄝𑄚 𑄏𑄝𑄚 𑄃𑄏𑄚 𑄃𑄘𑄢 𑄜𑄉𑄢 𑄟𑄘𑄚 𑄟𑄎𑄢 𑄣𑄉𑄚 𑄌𑄘𑄢 𑄏𑄢𑄚 𑄖𑄥𑄢 𑄛𑄘𑄢,Present
এক জাতী মাছ,𑄌𑄬𑄢𑄴 - 𑄦𑄧𑄢𑄧𑄉𑄧𑄢𑄴 𑄟𑄖𑄴,Present
কালোজামা লালচাঙে দৌাদৌি করতে মাথা ঝাঁকানো,𑄇𑄣𑄟𑄣 𑄢𑄋𑄌𑄋 𑄙𑄝𑄙𑄝 𑄟𑄙𑄏𑄝 𑄃𑄢𑄑𑄚 𑄝𑄢𑄝𑄚,Present
.পাহাি পাহাি মাথা ঝাঁকানো,𑄛𑄣𑄛𑄣 𑄟𑄙𑄏𑄢 𑄏𑄣𑄛𑄣 𑄃𑄏𑄢𑄚 𑄘𑄝𑄢𑄚 𑄜𑄘𑄜𑄘,Present
লাঠি দিে চারা রোপণ করা হ,𑄣𑄢𑄌𑄢 𑄚𑄉𑄚𑄉 𑄌𑄢𑄈𑄢 𑄟𑄣𑄈𑄢 𑄓𑄞𑄡𑄚 𑄦𑄝𑄎𑄝,Present
চাটা দেওা বানাওা বানাওা কাটাকাটি করা,𑄌𑄝𑄢𑄚 𑄙𑄝𑄡𑄚 𑄝𑄚𑄝𑄚 𑄏𑄉𑄢𑄚 𑄇𑄟𑄢𑄚 𑄙𑄢𑄙𑄢,Present
এক জাতী পাতা,𑄃𑄛𑄴𑄎𑄪𑄉𑄨 𑄛𑄖,Present
ফলার পাতা,𑄜𑄧𑄣 𑄛𑄖,Present
এক জাতী পাতা,𑄟𑄎𑄢 𑄛𑄖,Present
"সূর্য অস্ত যাচ্ছে,গোসল, মামা","𑄥𑄳𑄚𑄨𑄉𑄴𑄙 𑄇𑄳𑄣𑄚𑄴𑄖𑄩, 𑄉𑄳𑄣𑄚𑄨, 𑄟𑄟𑄳𑄦",Present
উু উে আসা,"𑄅) 𑄃𑄪, 𑄄 𑄃𑄨 𑄆) 𑄃𑄬 𑄿",Present
মাছ ধরার ফাঁদ,𑄟𑄌𑄴𑄳𑄠 𑄛𑄖𑄴,Present
কাপের পাতা,𑄇𑄠𑄨 𑄛𑄖𑄴,Present
কেকটা কী কী কুা কুিে কেকটি কুা কুিে কথা বলতেছে,𑄇𑄧 𑄇 𑄇𑄨 𑄇𑄩 𑄇𑄪 𑄇𑄫 𑄇𑄬 𑄇𑄰 𑄇𑄮 𑄇𑄯 𑄇𑄁 𑄇𑄂 𑄇𑄀,Present
খেে খেে কিছু তো খেে খেে খা,𑄈𑄧 𑄈 𑄈𑄨 𑄈𑄩 𑄈𑄪 𑄈𑄫 𑄈𑄬 𑄈𑄰 𑄇𑄮 𑄈𑄯 𑄈𑄁 𑄈𑄂 𑄈𑄀,Present
গি গি করে গি গি করে গি গি গাি,𑄉𑄧 𑄉 𑄉𑄨 𑄉𑄩 𑄉𑄪 𑄉𑄫 𑄉𑄬 𑄉𑄰 𑄉𑄮 𑄉𑄯 𑄉𑄁 𑄉𑄂 𑄉𑄀,Present
.ঘোর ঘি ঘিঘি করে ঘোঁিঘি করে ঘাি ঘি,𑄊𑄧 𑄊 𑄊𑄨 𑄊𑄩 𑄊𑄪 𑄊𑄫 𑄊𑄬 𑄊𑄰 𑄊𑄮 𑄊𑄯 𑄊𑄁 𑄊𑄂 𑄊𑄀,Present
কা পাতা,𑄇𑄳𑄠 𑄛𑄖𑄴,Present
কেকটা খা ঘা চা চা করে চা ঝা করে,𑄇𑄳𑄠 𑄈𑄳𑄠 𑄉𑄳𑄠 𑄊𑄳𑄠 𑄌𑄳𑄠 𑄍𑄳𑄠 𑄎𑄳𑄠 𑄏𑄳𑄠 𑄑𑄳𑄠 𑄒𑄳𑄠,Present
ডা ডা করে নাচা করে পা,𑄓𑄳𑄠 𑄔𑄳𑄠 𑄕𑄳𑄠 𑄖𑄳𑄠 𑄗𑄳𑄠 𑄘𑄳𑄠 𑄙𑄳𑄠 𑄚𑄳𑄠 𑄛𑄳𑄠 𑄜𑄳𑄠,Present
ব ব ব ব হেছে,𑄝𑄳𑄠 𑄞𑄳𑄠 𑄟𑄳𑄠 𑄡𑄳𑄠 𑄢𑄳𑄠 𑄣𑄳𑄠 𑄥𑄳𑄠 𑄦𑄳𑄠 𑄠𑄳𑄠,Present
পাহাের গাে চা চা চা পা,𑄇𑄳𑄢 𑄈𑄳𑄢 𑄉𑄳𑄢 𑄊𑄳𑄢 𑄌𑄳𑄢 𑄍𑄳𑄢 𑄎𑄳𑄢 𑄏𑄳𑄢 𑄑𑄳𑄢 𑄒𑄳𑄢,Present
পাহাের চূা পাহাে পাহাে যাওা,𑄓𑄳𑄢 𑄔𑄳𑄢 𑄕𑄳𑄢 𑄖𑄳𑄢 𑄗𑄳𑄢 𑄘𑄳𑄢 𑄙𑄳𑄢 𑄚𑄳𑄢 𑄛𑄳𑄢 𑄜𑄳𑄢,Present
ব্রণযুক্ত মলা শুে পা,𑄝𑄳𑄢 𑄞𑄳𑄢 𑄟𑄳𑄢 𑄡𑄳𑄢 𑄣𑄳𑄢 𑄥𑄳𑄢 𑄦𑄳𑄢,Present
.কাঁকা খাওা গাে ছাই যা তাাতাি চলে যা,𑄇𑄭 𑄈𑄭 𑄉𑄭 𑄊𑄭 𑄌𑄭 𑄍𑄭 𑄎𑄭 𑄏𑄭 𑄑𑄭 𑄒𑄭,Present
ডান দিক করে তাাতাি তাাতাি যাওা যা,𑄓𑄭 𑄔𑄭 𑄕𑄭 𑄖𑄭 𑄗𑄭 𑄘𑄭 𑄙𑄭 𑄚𑄭 𑄛𑄭 𑄜𑄭,Present
বাই ভাই আমার সাথে যাইে যা,𑄝𑄭 𑄞𑄭 𑄟𑄭 𑄡𑄭 𑄣𑄭 𑄥𑄭 𑄦𑄭 𑄠𑄭,Present
.কাঁকা গোা চোখগুলো জোা জোি করতেছে,𑄇𑄱 𑄈𑄱 𑄉𑄱 𑄊𑄱 𑄌𑄱 𑄍𑄱 𑄎𑄱 𑄏𑄱 𑄑𑄱 𑄒𑄱,Present
ডোরাকাটা দাগটা তোমার ধোঁা ধোার জন্য ব্যবহৃত হ,𑄓𑄱 𑄔𑄱 𑄕𑄱 𑄖𑄱 𑄗𑄱 𑄘𑄱 𑄙𑄱 𑄚𑄱 𑄛𑄱 𑄜𑄱,Present
ব ভাইটা আমার জন্য অনেক ব হেছে,𑄝𑄱 𑄞𑄱 𑄟𑄱 𑄡𑄱 𑄣𑄱 𑄥𑄱 𑄦𑄱,Present
"চিল,জিরানা মাা","𑄌𑄨𑄣𑄳𑄠𑄬,𑄎𑄨𑄢𑄚𑄴 𑄟𑄎𑄢",Present
"নািভুি, গলার হার",𑄚𑄘,Present
"শুকর, গরু, মোষ, গোা, হরিণ, শুকর, গোা, হরিণ, হরিণ, হরিণ, হরিণ, হরিণ, হরিণ, হরিণ, হরিণ, হরিণ, হরিণ, হরিণ, হরিণ, হরিণ, হরিণ, হরিণ, হরিণ, শুকর, হরিণ, হরিণ, হরিণ, হরিণ, হরিণ, হরিণ, হরিণ, হরিণ, হরিণ, হরিণ, হরিণ, হরিণ, হরিণ, হরিণ, হরিণ, হরিণ, হরিণ, সিংহ, হরিণ, হরিণ, হরিণ, হরিণ, হরিণ, ব, হরিণ, হরিণ, হরিণ, হরিণ, হরিণ, বু, বু, বুু","𑄥𑄪𑄉𑄧𑄢𑄴, 𑄉𑄧𑄢𑄪, 𑄝𑄨𑄣𑄬𑄃𑄨, 𑄟𑄮𑄌𑄴, 𑄇𑄪𑄉𑄪𑄢𑄴, 𑄦𑄬𑄖𑄴, 𑄊𑄮𑄢, 𑄝𑄇𑄴, 𑄞𑄣𑄪𑄇𑄴, 𑄥𑄨𑄁𑄦𑄧, 𑄦𑄧𑄢𑄨𑄋𑄴, 𑄌𑄧𑄋𑄧𑄢, 𑄉𑄧𑄝𑄧, 𑄉𑄧𑄚𑄴𑄓, 𑄍𑄉𑄧𑄣𑄴, 𑄃𑄪𑄖𑄴, 𑄝𑄚𑄴𑄘𑄧𑄢𑄴, 𑄚𑄪𑄢𑄴, 𑄉𑄙, 𑄥𑄨𑄠𑄬𑄣𑄴, 𑄇𑄪𑄘𑄪𑄇𑄴, 𑄈𑄧𑄢𑄴𑄉𑄪𑄌𑄴, 𑄝𑄨𑄎𑄨",Present
.পাখির নাা,𑄛𑄬𑄊𑄮 𑄚𑄋𑄴,Present
"সূর্য অস্ত যাওার সম, টুটিং, টুটিং, টিক টিক, টিক টিক, টিক টিক, টিক টিক, টিক টিক, টিক টিক, টিক টিক, টিক টিক, টিক টিক","𑄝𑄬𑄣 𑄣𑄉, 𑄑𑄪𑄑𑄨𑄁, 𑄈𑄧𑄚𑄴𑄎𑄧𑄚𑄴, 𑄝𑄙𑄮𑄃𑄨, 𑄉𑄪𑄣𑄴𑄌𑄮𑄙𑄮𑄢𑄨, 𑄑𑄧𑄘𑄬𑄇𑄴, 𑄎𑄪𑄢𑄴𑄉𑄮𑄛𑄬𑄇𑄴, 𑄟𑄧𑄚, 𑄥𑄧𑄚, 𑄇𑄧, 𑄦𑄬𑄖𑄴𑄓𑄉, 𑄥𑄬𑄢𑄴, 𑄦𑄖𑄴𑄬𑄢𑄓, 𑄥𑄪𑄘𑄮𑄖𑄴𑄪𑄝𑄨, 𑄈𑄪𑄢𑄮𑄣𑄳𑄠, 𑄃𑄪𑄉𑄪𑄢𑄨𑄇𑄴, 𑄜𑄪𑄣𑄴𑄥𑄪𑄎𑄧𑄚𑄨, 𑄟𑄢𑄋, 𑄞𑄨𑄢𑄬𑄌𑄴, 𑄙𑄧𑄝𑄌𑄨𑄣𑄴, 𑄇𑄧𑄝, 𑄝𑄧𑄉, 𑄥𑄮𑄞𑄮𑄚𑄴, 𑄙𑄪𑄙𑄪𑄈𑄁, 𑄌𑄧𑄢𑄮𑄃𑄨, 𑄛𑄬𑄢, 𑄃𑄧𑄉𑄧𑄣𑄧𑄇𑄴, 𑄙𑄪𑄁𑄇𑄳𑄦𑄧, 𑄇𑄮𑄘𑄮𑄢𑄴, 𑄛𑄬𑄎, 𑄝𑄨𑄏𑄪𑄛𑄬𑄇𑄴 𑄖𑄩𑄙𑄨𑄛𑄬𑄇𑄴, 𑄥𑄧𑄚𑄖𑄴𑄖𑄣𑄨, 𑄢𑄧𑄋𑄴𑄢𑄋𑄴, 𑄗𑄉𑄪𑄢𑄴𑄛𑄬𑄇𑄴, 𑄇𑄮𑄉𑄨𑄣𑄴, 𑄇𑄪𑄠𑄳𑄠𑄬 𑄛𑄬𑄇𑄴, 𑄇𑄳𑄠𑄬𑄖𑄴𑄇𑄬𑄖𑄳𑄠, 𑄦𑄢𑄨𑄇𑄪𑄢𑄨",Present
ফুলের ন্যাকা,𑄜𑄪𑄣𑄧 𑄚𑄋𑄴,Present
"এক জাতী শাক,সুগন্ধি, শিমের রস, শিমের রস, শিমের রস, শিমের রস, শিমের রস, শিমের রস, শিমের রস, তামাকের রস, তামাকের রস, তামাকের রস, তামাকের রস, তামাকের রস, তামাকের রস, তামাকের রস, তামাকের রস","𑄍𑄧𑄘𑄧𑄢𑄧𑄇𑄴, 𑄏𑄧𑄁𑄉, 𑄉𑄮𑄃𑄨, 𑄚𑄧𑄠𑄧𑄚𑄴𑄖𑄢, 𑄚𑄇𑄴𑄥𑄧, 𑄃𑄮𑄢𑄴, 𑄥𑄚𑄬𑄃𑄨, 𑄢𑄘𑄌𑄪𑄣𑄧, 𑄇𑄧𑄣𑄛𑄬𑄣𑄴, 𑄌𑄟𑄴𑄝, 𑄟𑄣𑄧𑄇𑄴𑄈𑄨𑄟, 𑄎𑄢𑄮𑄣𑄴, 𑄝𑄨𑄏𑄪, 𑄌𑄪𑄟𑄧, 𑄢𑄬𑄝𑄬𑄇𑄴, 𑄘𑄨𑄝𑄪𑄎𑄳𑄠, 𑄥𑄨𑄟𑄬𑄃𑄨, 𑄙𑄪𑄙𑄪𑄢𑄧, 𑄏𑄨𑄉𑄬, 𑄇𑄪𑄉𑄨, 𑄇𑄳𑄢𑄨𑄌𑄴𑄚𑄧𑄌𑄪𑄢, 𑄇𑄧𑄘𑄧𑄟𑄴, 𑄥𑄬𑄜𑄣𑄨, 𑄉𑄮𑄣𑄇𑄴, 𑄟𑄧𑄢𑄨𑄌𑄴, 𑄛𑄧𑄖𑄴𑄘𑄧, 𑄟𑄧𑄊𑄛𑄧𑄖𑄴𑄨, 𑄛𑄬𑄟, 𑄇𑄌𑄴𑄖𑄧 𑄘𑄧𑄉𑄧𑄢𑄴, 𑄣𑄮𑄋𑄴𑄜𑄪𑄣𑄴, 𑄇𑄧𑄎𑄧𑄜𑄪𑄣𑄴, 𑄞𑄖𑄴𑄎𑄧𑄢,",Present
"১. আম, কলা, কলা, কলা, কলা, কলা, কেল, আম, কলা, কেল, কুাল, আওাজ, তামাক, তামাক, তামাক, তামাক, তামাক, তামাক, তামাক, তামাক, তামাক, তামাক, তামাক, তামাক, তামাক, তামাক, তামাক, তামাক, তামাক, তামাক, তামাক, তামাক, তামাক, তামাক, তামাক, তামাক, তামাক, তামাক, তামাক, তামাক, তামাক, তামাক, তামাক, তামাক, তামাক, তামাক, তামাক, তামাক, তামাক, তামাক, কুুাাাাুা","𑄃𑄟𑄴, 𑄇𑄖𑄴𑄗𑄮𑄣𑄴, 𑄇𑄧𑄟𑄧𑄣, 𑄇𑄧𑄣, 𑄇𑄧𑄚𑄴𑄘𑄣𑄴, 𑄣𑄬𑄟𑄪, 𑄝𑄮𑄢𑄮𑄃𑄨, 𑄣𑄨𑄎𑄪, 𑄉𑄮𑄠𑄬𑄟𑄴, 𑄝𑄘𑄟𑄴, 𑄝𑄧𑄢𑄉𑄪𑄣𑄧, 𑄦𑄧𑄖𑄳𑄠𑄣𑄴𑄉𑄪𑄣𑄧, 𑄓𑄬𑄟𑄧𑄣𑄴𑄉𑄪𑄣𑄧, 𑄝𑄢𑄧𑄖𑄴𑄧𑄉𑄪𑄣𑄧, 𑄇𑄪𑄎𑄪𑄟𑄴𑄉𑄪𑄣𑄧, 𑄃𑄟𑄢𑄉𑄪𑄣𑄧, 𑄝𑄬𑄣𑄴𑄉𑄪𑄣𑄧, 𑄇𑄮𑄉𑄪𑄣𑄧, 𑄝𑄧𑄖𑄴𑄖𑄉𑄪𑄣𑄧, 𑄌𑄮𑄢𑄴𑄝𑄬𑄇𑄴𑄉𑄪𑄣𑄧, 𑄛𑄨𑄣𑄬𑄉𑄪𑄣𑄧, 𑄇𑄘𑄟𑄧𑄣, 𑄥𑄟𑄨𑄚𑄨𑄉𑄪𑄣𑄧, 𑄛𑄧𑄖𑄴𑄨𑄋𑄴𑄉𑄪𑄣𑄧, 𑄇𑄧𑄢𑄧𑄋, 𑄃𑄪𑄣𑄪, 𑄃𑄧𑄜𑄧𑄣𑄴, 𑄎𑄟𑄴𑄝𑄨𑄎𑄨, 𑄖𑄧𑄢𑄴𑄟𑄮𑄌𑄴, 𑄟𑄢𑄴𑄟, 𑄥𑄨𑄚𑄴𑄘𑄨𑄢𑄬, 𑄎𑄧𑄉𑄧𑄚, 𑄛𑄳𑄢𑄬𑄎𑄁, 𑄛𑄧𑄇𑄴, 𑄛𑄢𑄋 𑄈𑄪𑄠𑄋𑄴 𑄝𑄨𑄎𑄨",Present
মাছ ধরার চাঁই,𑄟𑄏𑄧 𑄚𑄋𑄴,Present
"এক জাতী হরিণ, বুো, বুো, বুো, বুো, বুো, গুো, বুো, বুো, বুো, গুো, বুো, বুো, বুো, বুো, গুো, বুো, বুো, বুো, বুো, বুো, বুো, বুো, বুো, বুো, বুো, বুো, বুো,গুো,গুো, গুোো,","𑄚𑄢𑄬𑄃𑄨, 𑄥𑄣𑄋𑄴, 𑄑𑄪𑄣𑄨𑄁, 𑄝𑄊𑄬𑄃𑄨, 𑄥𑄬𑄣𑄧𑄌𑄴, 𑄣𑄧𑄁𑄉𑄪, 𑄃𑄪𑄉𑄮𑄣𑄴, 𑄣𑄧𑄙, 𑄝𑄌𑄴𑄛𑄘, 𑄚𑄝𑄣𑄁, 𑄢𑄚𑄴𑄘𑄣𑄳𑄠, 𑄛𑄪𑄖𑄩, 𑄛𑄧𑄘, 𑄒𑄚𑄴𑄓, 𑄒𑄪𑄖𑄴𑄪𑄣𑄨𑄁, 𑄖𑄉𑄬𑄃𑄨, 𑄝𑄉𑄮𑄚𑄴, 𑄌𑄨, 𑄖𑄪𑄝𑄪𑄢𑄴, 𑄉𑄪𑄘𑄪𑄁, 𑄝𑄮𑄣𑄴, 𑄥𑄣𑄴, 𑄟𑄉𑄪𑄢𑄴, 𑄌𑄨𑄘𑄮𑄣𑄴, 𑄉𑄮𑄚𑄳𑄠, 𑄉𑄪𑄣𑄴𑄌𑄧, 𑄛𑄮𑄣𑄮𑄃𑄨, 𑄝𑄬𑄢𑄴𑄟, 𑄛𑄝𑄣, 𑄛𑄨𑄚𑄮𑄚𑄴𑄛𑄘, 𑄌𑄮𑄇𑄴𑄛𑄘, 𑄢𑄪𑄃𑄨, 𑄇𑄘𑄣𑄴, 𑄥𑄮𑄣𑄴, 𑄥𑄪𑄉𑄮𑄢𑄴, 𑄥𑄨𑄣𑄴, 𑄇𑄪𑄌𑄴𑄳𑄠, 𑄊𑄋𑄧𑄢𑄴, 𑄝𑄨𑄠𑄮𑄋𑄴, 𑄌𑄨𑄢𑄨𑄋𑄴",Present
পোকামাক,𑄛𑄪𑄇𑄴-𑄎𑄪𑄇𑄴,Present
"এক জাতী শুকর, কুমাপুা, কুমাপুা, কুমাপুুক, উুপুুক, কুমাপুুক, কুমাপুুক, গুঁো, কুমাপুু, কুমাপুুক, কুমাপুুক, কুমাপুুক, কুমাপুুক, গুঁো, কুমাপুো, কুমারপুেপুাপুাপুা","𑄟𑄧𑄏, 𑄛𑄨𑄉𑄨𑄢𑄬, 𑄛𑄮𑄖𑄴𑄖𑄛𑄧𑄖𑄴𑄨, 𑄇𑄬𑄌𑄴𑄥𑄧, 𑄊𑄪𑄟𑄪𑄢𑄮, 𑄖𑄬𑄣𑄳𑄠𑄛𑄪𑄇𑄴, 𑄥𑄨𑄁𑄛𑄪𑄇𑄴, 𑄎𑄪𑄇𑄴, 𑄟𑄏𑄨, 𑄟𑄉𑄧𑄢𑄧𑄇𑄴, 𑄟𑄮𑄛𑄪𑄇𑄴, 𑄖𑄬𑄋𑄴𑄖𑄬𑄋𑄧𑄢𑄨, 𑄇𑄬𑄌𑄴𑄇𑄪𑄟𑄮𑄢𑄨, 𑄜𑄨𑄢𑄨𑄋𑄴, 𑄚𑄎𑄮𑄚𑄨𑄛𑄪𑄇𑄴, 𑄝𑄮𑄣𑄛𑄪𑄇𑄴, 𑄞𑄬𑄋𑄪𑄢𑄴𑄛𑄪𑄇𑄴, 𑄃𑄪𑄃𑄨𑄛𑄪𑄇𑄴, 𑄛𑄚𑄳𑄠𑄛𑄪𑄇𑄴, 𑄟𑄪𑄘𑄪𑄢𑄮𑄛𑄪𑄇𑄴, 𑄎𑄪𑄚𑄨𑄛𑄪𑄇𑄴, 𑄇𑄬𑄀𑄛𑄪𑄇𑄴, 𑄇𑄧𑄢𑄧𑄟𑄴𑄛𑄪𑄇𑄴, 𑄖𑄧𑄢𑄨𑄋𑄴𑄛𑄪𑄇𑄴, 𑄟𑄨𑄙𑄪𑄋𑄴𑄛𑄪𑄇𑄴, 𑄇𑄮𑄟𑄮𑄢𑄬𑄁𑄛𑄪𑄇𑄴, 𑄇𑄧𑄢𑄛𑄪𑄇𑄴, 𑄇𑄪𑄟𑄮𑄌𑄳𑄠𑄛𑄪𑄇𑄴, 𑄥𑄪𑄌𑄳𑄠𑄛𑄪𑄇𑄴, 𑄎𑄧𑄘𑄧𑄚, 𑄘𑄌𑄴, 𑄟𑄬𑄝𑄮, 𑄇𑄧𑄎𑄧, 𑄃𑄪𑄢𑄮𑄌𑄴, 𑄞𑄧𑄋𑄧𑄢, 𑄃𑄙𑄣𑄨, 𑄙𑄬𑄭𑄠𑄬, 𑄃𑄧𑄢𑄮𑄣𑄨, 𑄛𑄮𑄝𑄁, 𑄑𑄬𑄋𑄛𑄪𑄇𑄴, 𑄊𑄪𑄃𑄧𑄛𑄪𑄇𑄴, 𑄥𑄬𑄢𑄬𑄭𑄛𑄪𑄇𑄴, 𑄊𑄚𑄴𑄘𑄨𑄛𑄪𑄇𑄴, 𑄥𑄢𑄴𑄛𑄪𑄇𑄴, 𑄥𑄀𑄖𑄴,",Present
"বাচ্চা, সাপ,বু, কুমোর, কুমোর, কুা, কুা, কুা, কুা, কুা, কুা, কুা, কুা, কুা, কুা, কুা, কুা, কুা, কুা, কুা, কুা, গুো, কুা, কুা, কুা, কুা, কুু, কুা, কুা, কুা","𑄉𑄪𑄭, 𑄥𑄛𑄴, 𑄝𑄳𑄠𑄋𑄴, 𑄘𑄪𑄢𑄴, 𑄟𑄣𑄴𑄟𑄪𑄢𑄳𑄦𑄧, 𑄇𑄪𑄟𑄮𑄢𑄴, 𑄇𑄧𑄇𑄬𑄋𑄴, 𑄖𑄨𑄝𑄨𑄢𑄬𑄁 𑄉𑄪𑄭, 𑄥𑄟𑄧𑄣𑄧𑄇𑄴, 𑄑𑄪𑄛𑄴𑄑𑄪𑄝𑄨, 𑄟𑄉𑄧𑄢𑄧𑄇𑄴, 𑄌𑄬𑄢, 𑄉𑄬𑄢, 𑄥𑄟𑄪𑄇𑄴",Present
"এক জাতী সবজি, আলু, কুমা, আলু, কুমা, কুমা, কুমা, আলু, কুমা, কুমা, কুমা, কুমা, আলু, কুমা, কুমা, কুমা, কুমা, কুমা, কুমা, কুমা, কুমা, কুমা, কুমা, কুমা, আলু, কচু, কুাকুাাাাা,","𑄝𑄨𑄉𑄪𑄚𑄴, 𑄞𑄌𑄴𑄪𑄢𑄨, 𑄟𑄪𑄣𑄧, 𑄇𑄪𑄎𑄪, 𑄃𑄣𑄪, 𑄇𑄧𑄞𑄨, 𑄇𑄪𑄟𑄪𑄢𑄮, 𑄥𑄪𑄉𑄪𑄢𑄨𑄉𑄪𑄣𑄧, 𑄇𑄪𑄙𑄪𑄉𑄪𑄣𑄧, 𑄖𑄩𑄘𑄬𑄉𑄪𑄣𑄧, 𑄏𑄨𑄉𑄬, 𑄇𑄰𑄙𑄬, 𑄈𑄧𑄢𑄧𑄝𑄨𑄉𑄪𑄚𑄴, 𑄃𑄪𑄣𑄪, 𑄇𑄧𑄣𑄖𑄴𑄗𑄪𑄢𑄴, 𑄛𑄮𑄢𑄮𑄣𑄴, 𑄇𑄋𑄢𑄉𑄪𑄣𑄧, 𑄔𑄉𑄥𑄪𑄟𑄨, 𑄖𑄨𑄘𑄬 𑄝𑄬𑄉𑄮𑄣𑄴, 𑄃𑄟𑄨𑄣𑄬, 𑄛𑄪𑄎𑄮𑄇𑄴, 𑄟𑄬𑄠𑄬𑄥𑄇𑄴, 𑄔𑄨𑄋𑄨𑄥𑄇𑄴, 𑄣𑄬𑄣𑄧𑄚𑄴𑄛𑄘, 𑄎𑄋𑄣𑄳𑄠𑄥𑄇𑄴, 𑄥𑄨𑄉𑄮𑄚𑄴𑄥𑄇𑄴, 𑄥𑄟𑄴𑄪𑄃𑄪𑄣𑄴, 𑄉𑄌𑄴𑄃𑄪𑄣𑄴, 𑄈𑄧𑄇𑄴𑄇𑄬𑄋𑄴 𑄃𑄪𑄣𑄴, 𑄝𑄌𑄴𑄃𑄪𑄣𑄴, 𑄉𑄪𑄢𑄪𑄖𑄴𑄧𑄃𑄪𑄣𑄴, 𑄃𑄪𑄚𑄴𑄘𑄪𑄢𑄴𑄇𑄚𑄴𑄃𑄪𑄣𑄴, 𑄖𑄢, 𑄇𑄖𑄴𑄗𑄮𑄣𑄴𑄔𑄨𑄋𑄨, 𑄌𑄬𑄋𑄬𑄭𑄉𑄪𑄣𑄧",Present
গাছের নাি,𑄉𑄏𑄧 𑄚𑄋𑄴,Present
".বত,সিদ্ধ,সিদ্ধ,মিষ্টি,মিষ্টি,মিষ্টি,মিষ্টি,মিষ্টি, কুমা,মিষ্টি,মিষ্টি,মিষ্টি, কুমা, মিষ্টি,মিষ্টি,মিষ্টি,মিষ্টি,মিষ্টি,মিষ্টি, কুমা,মিষ্টি,মিষ্টি,মিষ্টি,মিষ্টি, কুমা,মিষ্টি, কুমা,মিষ্টি,মিষ্টি,মিষ্টি,মিষ্টি,মিষ্টি,মিষ্টি,মিষ্টি,মিষ্টি,মিষ্টি,মিষ্টি,মিষ্টি,মিষ্টি,মিষ্টি,মিষ্টি,মিষ্টি,মিষ্টি,মিষ্টি,মিষ্টি,মিষ্টি,মিষ্টি,মিষ্টি,সুের ব,ব,পু,বো","𑄝𑄧𑄖𑄴, 𑄥𑄇𑄴𑄉𑄮𑄚𑄴, 𑄉𑄧𑄌𑄴𑄎𑄧𑄁, 𑄉𑄟𑄢𑄨, 𑄌𑄨𑄝𑄨𑄖𑄴, 𑄃𑄟𑄴, 𑄇𑄖𑄴𑄗𑄮𑄣𑄴, 𑄥𑄟𑄨𑄚𑄨, 𑄇𑄪𑄟𑄴𑄝𑄮𑄃𑄨, 𑄥𑄬𑄝𑄢𑄮𑄎𑄨, 𑄝𑄨𑄢𑄨𑄌𑄴, 𑄇𑄮𑄢𑄮𑄃𑄨, 𑄌𑄇𑄴𑄇𑄱, 𑄞𑄘𑄨, 𑄥𑄮𑄢𑄴𑄝𑄬𑄇𑄴, 𑄇𑄬𑄖𑄴𑄳𑄢𑄋𑄴, 𑄝𑄧𑄖𑄴𑄖, 𑄝𑄢𑄧𑄖𑄴𑄧, 𑄎𑄢𑄮𑄣𑄴, 𑄖𑄬𑄘𑄮𑄠𑄬𑄍𑄧𑄢𑄨, 𑄛𑄉𑄮𑄌𑄴𑄳𑄠, 𑄟𑄮𑄚𑄴𑄦𑄧𑄚, 𑄛𑄨𑄙𑄬𑄇𑄧𑄣, 𑄚𑄇𑄴𑄥𑄧, 𑄟𑄧𑄘𑄧𑄚𑄴𑄟𑄮𑄖𑄴𑄳𑄠, 𑄛𑄮𑄝𑄮𑄚𑄴, 𑄃𑄧𑄌𑄴𑄎𑄳𑄠𑄋𑄴, 𑄉𑄪𑄢𑄴𑄉𑄪𑄖𑄳𑄠, 𑄇𑄟𑄢𑄁, 𑄖𑄬𑄘𑄮𑄃𑄨, 𑄝𑄮𑄠",Present
বাঁশের নালা,𑄝𑄏𑄧 𑄚𑄋𑄴,Present
"এগোা,পাওা,বাঁশি,মিচি,ঝিঝি,ওা,ওা,ওা,ওা,ওা,ওা,ওা,ওা,ওা,ওা,ওা,ওা,ওা,ওা,ওা,ওা,ওা,ওা","𑄃𑄬𑄉𑄮𑄌𑄳𑄠, 𑄛𑄢𑄴𑄝𑄮, 𑄝𑄌𑄴𑄳𑄠, 𑄞𑄪𑄘𑄪𑄁, 𑄣𑄧𑄘𑄨, 𑄇𑄣𑄨𑄍𑄪𑄢𑄨, 𑄟𑄨𑄓𑄨𑄋𑄬, 𑄖𑄩𑄣𑄪, 𑄟𑄧𑄣𑄨, 𑄎𑄁, 𑄎𑄬𑄃𑄨, 𑄤𑄧𑄢, 𑄚𑄧𑄣𑄨, 𑄘𑄪𑄣𑄪",Present
বাির নাচ,𑄊𑄧𑄢𑄧 𑄚𑄋𑄴,Present
"বর্ষাকালের বাি, ঢিঙি বাি, ধান বাি, খাা বাি, গরু বাি, মহিষের বাি, মহিষের বাি, মহিষের বাি, মহিষের বাি, মহিষের বাি, মহিষের বাি, মহিষের বাি, মহিষের বাি, মহিষের বাি, মহিষের বাি, মহিষের বাি, মহিষের বাি, মহিষের বাি, মহিষের বাি","𑄝𑄢𑄨𑄎𑄬 𑄊𑄧𑄢𑄴, 𑄔𑄨𑄋𑄨𑄥𑄣𑄴, 𑄙𑄚𑄴𑄊𑄧𑄢𑄴, 𑄇𑄬𑄎𑄨𑄊𑄧𑄢𑄴, 𑄖𑄧𑄁 𑄊𑄧𑄢𑄴, 𑄇𑄪𑄢𑄳𑄦𑄧 𑄣𑄪𑄢𑄴, 𑄟𑄖𑄳𑄠 𑄊𑄧𑄢𑄴, 𑄛𑄇𑄴𑄇 𑄊𑄧𑄢𑄴, 𑄟𑄮𑄚𑄮 𑄊𑄧𑄢𑄴, 𑄉𑄪𑄢𑄪 𑄃𑄪𑄢𑄧, 𑄍𑄉𑄧𑄣𑄴 𑄊𑄧𑄢𑄴, 𑄈𑄧𑄣𑄴 𑄊𑄧𑄢𑄴, 𑄘𑄢𑄴𑄝𑄱 𑄊𑄧𑄢𑄴, 𑄎𑄪𑄟𑄴 𑄊𑄧𑄢𑄴, 𑄃𑄉𑄮𑄚𑄨𑄥𑄣𑄴, 𑄝𑄎𑄬𑄃𑄨, 𑄉𑄢𑄬𑄋𑄴, 𑄛𑄧𑄋𑄴𑄊𑄧𑄢𑄴, 𑄝𑄧𑄢𑄴𑄝𑄳𑄦𑄧 𑄝𑄎𑄬𑄃𑄨",Present
বাির ছিদ্র,𑄊𑄧𑄢𑄧 𑄃𑄧𑄁𑄥𑄧,Present
".মূল বাি, সিঙ্গারা, সিঙ্গারা, আওাজ, সুর, তাল, তাল, তাল, তাল, তাল, তাল, তাল, তাল, তাল, তাল, তাল, তাল, তাল, তাল, তাল, তাল, তাল, তাল, তাল, তাল, তাল, তাল, তাল, তাল, তাল, তাল, তাল, তাল, তাল, তাল, তাল, তাল, তাল, তাল, তাল, তাল, তাল, তাল, তাল, তাল, তাল, তাল, তাল, তাল, তাল, তাল, তাল, তাল,বুবাু,সুু,সু","𑄟𑄪𑄣𑄴 𑄊𑄧𑄢𑄴, 𑄥𑄨𑄁𑄊𑄧𑄝, 𑄛𑄨𑄏𑄮𑄢𑄴, 𑄤𑄧𑄎𑄮𑄣𑄬𑄁, 𑄌𑄨𑄘𑄬𑄚𑄴, 𑄉𑄪𑄘𑄨, 𑄥𑄚, 𑄃𑄨𑄎𑄮𑄢𑄴, 𑄇𑄚𑄨𑄥𑄣𑄴, 𑄓𑄮𑄢𑄴, 𑄛𑄪𑄉𑄪𑄘𑄨 𑄇𑄚, 𑄞𑄮𑄢𑄴, 𑄥𑄣𑄴, 𑄃𑄪𑄖𑄴𑄧 𑄟𑄎, 𑄤𑄧𑄣𑄮𑄚𑄴 𑄥𑄣𑄴, 𑄎𑄪𑄢𑄴𑄉𑄮, 𑄝𑄬𑄢𑄴, 𑄇𑄧𑄝𑄴, 𑄌𑄋𑄪 𑄘𑄮𑄢𑄴, 𑄖𑄌𑄴𑄌𑄮𑄣𑄴, 𑄈𑄨𑄢𑄴𑄉𑄬, 𑄦𑄟𑄧𑄖𑄴𑄧𑄣𑄴, 𑄥𑄋𑄪, 𑄃𑄣𑄴𑄥𑄨𑄠𑄬",Present
এক জাতী বাদ্যযন্ত্র,𑄝𑄘𑄳𑄠𑄡𑄧𑄚𑄴𑄖𑄳𑄢𑄧,Present
"তবলা, সিঙা, ঢোল, খেংরং, খেংরং, হাওারং, তবলা, একতারা, একতারা","𑄖𑄧𑄝𑄧𑄣, 𑄝𑄎𑄨, 𑄥𑄨𑄋, 𑄥𑄧𑄁𑄈𑄧, 𑄔𑄪𑄣𑄴, 𑄈𑄬𑄁𑄉𑄧𑄢𑄧𑄁, 𑄦𑄢𑄴𑄟𑄧𑄚𑄨, 𑄝𑄬𑄣, 𑄙𑄪𑄙𑄪𑄇𑄴, 𑄉𑄧𑄎𑄨𑄚, 𑄃𑄬𑄇𑄴𑄖𑄢",Present
এক জাতী অলংকার,𑄃𑄧𑄌𑄴𑄖𑄧-𑄃𑄧𑄣𑄧𑄋𑄴𑄇𑄢𑄴,Present
".নাক ফুল, কানের ফুল, নাকের ফুল, নাকের ফুল, পাহাের ফুল, পাহাের ফুল, পাহাের ফুল, পাহাের ফুল, /n Filtering device, /n Filtering device","𑄚𑄇𑄴𑄜𑄪𑄣𑄴, 𑄇𑄚𑄴𑄜𑄪𑄣𑄴, 𑄇𑄧𑄎𑄧𑄜𑄪𑄣𑄴, 𑄚𑄧𑄇𑄴𑄇𑄧𑄖𑄴𑄖𑄧𑄢𑄧, 𑄎𑄮𑄟𑄴𑄝𑄮𑄣𑄨, 𑄇𑄬𑄝, 𑄑𑄬𑄋𑄍𑄧𑄢, 𑄦𑄣𑄴𑄍𑄧𑄢, 𑄛𑄨𑄎𑄨𑄍𑄧𑄢, 𑄦𑄎𑄧𑄣𑄨, 𑄚𑄬𑄉𑄬𑄣𑄬𑄌𑄴, 𑄃𑄚𑄴𑄘𑄨𑄇𑄴, 𑄖𑄌𑄴𑄎𑄮𑄢𑄴, 𑄝𑄣𑄦𑄢𑄪, 𑄝𑄋𑄪𑄢𑄨, 𑄦𑄬𑄘𑄧𑄘𑄙𑄧 𑄝𑄣, 𑄒𑄬𑄋𑄧𑄖𑄴𑄦𑄢𑄪, 𑄏𑄪𑄋𑄴𑄉𑄮, 𑄌𑄨𑄖𑄴𑄍𑄧𑄢, 𑄝𑄧𑄉 𑄉𑄟𑄴𑄎, 𑄇𑄟𑄮𑄢𑄴𑄛𑄨𑄌𑄴",Present
উো পিনোন,𑄃𑄪𑄢𑄮𑄚𑄴-𑄛𑄨𑄚𑄮𑄚𑄴,Present
"পিনন,খাওা,খাওা,পাহাি,খাওা,পাহাি,ফ্যান,হাত কাপ,পাহাের কাপ,হাতের কাপ,হাতের কাপ,হাতের কাপ,হাতের কাপ,হাতের কাপ,হাতের কাপ,হাতের কাপ,হাতের কাপ, কাপের কাপ,হাতের কাপ,হাতের কাপ,হাতের কাপ,হাতের কাপ","𑄛𑄨𑄚𑄮𑄚𑄴, 𑄈𑄘𑄨, 𑄝𑄬𑄣𑄃𑄪𑄌𑄴, 𑄈𑄧𑄝𑄧𑄋𑄴, 𑄉𑄘𑄮𑄚𑄨𑄇𑄚𑄨, 𑄎𑄪𑄟𑄴𑄟𑄮 𑄥𑄨𑄣𑄪𑄟𑄴, 𑄙𑄪𑄙𑄨, 𑄖𑄬𑄚𑄳𑄠𑄇𑄚𑄨, 𑄛𑄬𑄚𑄴𑄘𑄧𑄣𑄧𑄋𑄴, 𑄉𑄚𑄴𑄎𑄇𑄚𑄨, 𑄦𑄖𑄴𑄇𑄝𑄧𑄢𑄴, 𑄥𑄌𑄴𑄇𑄝𑄧𑄢𑄴, 𑄌𑄪𑄣𑄧𑄜𑄨𑄘𑄳𑄠, 𑄜𑄢𑄧𑄖𑄴𑄘𑄧𑄢𑄨, 𑄇𑄧𑄟𑄧𑄢𑄴𑄛𑄨𑄖𑄴",Present
বাঁশের বোনা,𑄝𑄏𑄧𑄢𑄴 𑄝𑄪𑄚𑄧𑄇𑄘,Present
".পুে বারেং, বারেং,পুে,পুে,শুে,পুে,শুে,পুে,শুে,শুে,শুে,পুে,শুে,শুে,শুে,শুে,পুে,শুে,শুে,পুে,পুে,পুে,পুে,শুে,পুে,পুে,শুে,পুে,ওা,ওা,পুে,শু","𑄜𑄪𑄣𑄴 𑄝𑄢𑄬𑄁, 𑄝𑄢𑄬𑄁, 𑄇𑄣𑄴𑄣𑄮𑄁, 𑄓𑄨𑄋𑄨𑄢𑄬, 𑄜𑄣𑄨, 𑄇𑄌𑄴𑄌𑄬𑄁, 𑄇𑄪𑄢𑄪𑄟𑄴, 𑄛𑄮𑄇𑄴𑄳𑄠𑄬, 𑄣𑄬𑄃𑄨, 𑄃𑄳𑄦𑄢𑄨, 𑄝𑄬𑄢, 𑄈𑄎, 𑄏𑄉, 𑄥𑄟𑄴𑄟𑄱, 𑄖𑄮𑄣𑄮𑄃𑄨, 𑄥𑄝𑄢, 𑄑𑄨𑄝𑄨𑄖𑄴, 𑄟𑄬𑄎𑄁, 𑄣𑄪𑄃𑄨, 𑄛𑄇𑄴𑄇𑄮𑄚𑄴, 𑄇𑄪𑄣𑄧, 𑄥𑄣𑄮𑄚𑄴, 𑄇𑄣𑄨 𑄌𑄝𑄢, 𑄘𑄪𑄛𑄴, 𑄌𑄬𑄃𑄨, 𑄝𑄨𑄎𑄮𑄚𑄴, 𑄘𑄪𑄣𑄮𑄚𑄴, 𑄔𑄉𑄮𑄚𑄨, 𑄇𑄮𑄇𑄴𑄇𑄮𑄢𑄬𑄁, 𑄇𑄪𑄢𑄳𑄦𑄧 𑄝𑄳𑄦 , 𑄛𑄘𑄨, 𑄇𑄬𑄝, 𑄎𑄪𑄢𑄴𑄉𑄮, 𑄛𑄬𑄢𑄴𑄝𑄱, 𑄇𑄢𑄁, 𑄙𑄪𑄣𑄧, 𑄃𑄨𑄎𑄬𑄟𑄧𑄎𑄨,",Present
"১. চরকা, চরকা, তামাকের বাঁশ, তামাকের বাঁশ, তামাকের বাঁশ, তামাকের বাঁশ, তামাকের বাঁশ, তামাকের বাঁশ, তামাকের বাঁশ, তামাকের বাঁশ, তামাকের বাঁশ, তামাকের বাঁশ, তামাকের বাঁশ, তামাকের বাঁশ, বিে, তামাকের বাঁশ, বিে, বিে, বিে, বিে, বিে, বিে, বিে, বিে, বিে, বিে, বিে, তামাকের বাঁশ, তািাঙিে বািে,","𑄌𑄧𑄢𑄴𑄉, 𑄌𑄧𑄢𑄴𑄉𑄨, 𑄚𑄘𑄬𑄃𑄨, 𑄣𑄋, 𑄜𑄣𑄴, 𑄢𑄧𑄘𑄧𑄁 𑄝𑄌𑄴, 𑄖𑄉𑄧𑄣𑄧𑄇𑄴, 𑄖𑄪𑄢𑄴𑄌𑄪𑄟𑄮, 𑄖𑄟𑄴𑄟𑄱 𑄝𑄌𑄴, 𑄖𑄢𑄟𑄴, 𑄝𑄧𑄉𑄧𑄣 𑄝𑄌𑄴, 𑄥𑄪𑄌𑄴𑄌𑄬𑄇𑄴 𑄝𑄌𑄴, 𑄏𑄧𑄘𑄧𑄚𑄨 𑄝𑄌𑄴, 𑄝𑄧𑄇𑄙𑄨, 𑄖𑄌𑄴𑄌𑄨𑄌𑄟𑄴, 𑄝𑄨𑄠𑄮𑄋𑄴, 𑄥𑄪𑄘𑄧𑄚𑄧𑄣𑄨, 𑄢𑄬𑄏𑄨, 𑄟𑄮𑄟𑄴, 𑄌𑄳𑄠𑄬𑄋𑄴, 𑄑𑄇𑄴𑄇𑄮, 𑄇𑄪𑄘𑄪𑄇𑄴𑄇𑄘, 𑄖𑄢𑄟𑄴, 𑄝𑄬𑄚𑄮𑄉𑄧𑄢𑄴, 𑄃𑄣𑄟𑄴,",Present
বুনন,𑄝𑄪𑄚𑄧𑄇𑄘,Present
"আলম, পিনন, খাদি, খাগা, তাস, তাস, কাপ, কাপ, কাপ, কাপ, কাপ, কাপ, কাপ, কাপ, কাপ, কাপ, কাপ, কাপ, কাপ, কাপ, কাপ, কাপ, কাপ, কাপ, কাপ, কাপ, কাপ, কাপ, কাপ, কাপ, কাপ, কাপ, কাপ, কাপ, হাত কাপ, হাত কাপ","𑄃𑄣𑄟𑄴, 𑄛𑄨𑄚𑄮𑄚𑄴, 𑄈𑄘𑄨, 𑄈𑄧𑄝𑄧𑄋𑄴, 𑄎𑄪𑄟𑄴𑄟𑄮 𑄥𑄨𑄣𑄪𑄟𑄴, 𑄖𑄬𑄚𑄳𑄠𑄇𑄚𑄨, 𑄉𑄚𑄴𑄎𑄇𑄚𑄨, 𑄦𑄖𑄴𑄇𑄝𑄧𑄢𑄴, 𑄇𑄧𑄌𑄴𑄎𑄣𑄴, 𑄝𑄮𑄢𑄴𑄉𑄨, 𑄟𑄝𑄣𑄢𑄴, 𑄃𑄨𑄠𑄧𑄇𑄴, 𑄛𑄎𑄢",Present
"এক জাতী ফুল,তিন জনে ফুল,তিন জনে ফুল,এক জাতী ফুল,এক জাতী ফুল,বিগুে ফুল,বিগুে ফুল,এক জাতী ফুল,বিগুে ফুল,এক জাতী ফুল,বিগুে ফুল,এক জাতী ফুল,এক জাতী ফুল,বিগুে ফুল,এক জাতী ফুল,বিগুে ফুল,এক জাতী ফুল,বিগুে ফুল,বিগুে ফুল,বিগুে ফুল,এক জাতী ফুল,এক জাতী ফুল,এক জাতী ফুল,এক জাতী ফুল,","𑄃𑄬𑄇𑄴𑄝𑄬𑄠𑄬 𑄜𑄪𑄣𑄴, 𑄖𑄨𑄚𑄴𑄝𑄬𑄠𑄬 𑄜𑄪𑄣𑄴, 𑄛𑄌𑄴𑄝𑄬𑄠𑄬 𑄜𑄪𑄣𑄴, 𑄥𑄖𑄴𑄝𑄬𑄠𑄬 𑄜𑄪𑄣𑄴, 𑄘𑄧𑄌𑄴𑄝𑄬𑄠𑄬 𑄜𑄪𑄣𑄴, 𑄥𑄮𑄣𑄧𑄝𑄬𑄠𑄬𑄜𑄪𑄣𑄴, 𑄝𑄨𑄉𑄪𑄚𑄴𑄝𑄨𑄎𑄨𑄜𑄪𑄣𑄴, 𑄇𑄪𑄢𑄮𑄌𑄮𑄇𑄴, 𑄖𑄬𑄘𑄮𑄃𑄨 𑄝𑄨𑄎𑄨, 𑄛𑄬𑄎 𑄌𑄮𑄇𑄴, 𑄝𑄊𑄧𑄇𑄮𑄌𑄴, 𑄦𑄎𑄧 𑄒𑄬𑄋𑄴, 𑄝𑄨𑄣𑄬𑄠𑄮𑄇𑄪𑄌𑄴, 𑄥𑄝𑄧 𑄇𑄋𑄬𑄣𑄴, 𑄟𑄧𑄎𑄧𑄢 𑄜𑄪𑄣𑄴, 𑄥𑄟𑄴𑄟𑄱𑄣𑄬𑄌𑄴, 𑄦𑄢𑄴, 𑄓𑄨𑄇𑄴, 𑄝𑄬𑄋𑄇𑄧𑄋, 𑄣𑄢𑄬𑄣𑄛𑄴𑄛𑄭 𑄥𑄝𑄮𑄉𑄨, 𑄌𑄮𑄇𑄴, 𑄇𑄧𑄎𑄧 𑄜𑄪𑄣𑄴, 𑄝𑄘𑄨𑄡𑄪𑄇𑄴𑄳𑄠,",Present
খাওা-দাওা,𑄈𑄚-𑄘𑄚,Present
"তাবাা, সিকা, গুো, গুো, গুো, গুো, গুো, গুো, গুো, গুো, গুো, গুো, গুো, কুো, গুো, গুো, গুো, গুো, গুো, গুো, কুো, গুো, গুো, গুো, গুো, গুো, গুো, গুো,সুোা, ভাজা, সমুকো,","𑄖𑄝𑄘𑄳𑄠, 𑄥𑄨𑄇𑄴𑄳𑄠, 𑄇𑄬𑄝𑄋𑄴, 𑄃𑄪𑄌𑄴𑄳𑄠, 𑄉𑄪𑄘𑄬𑄠𑄳𑄠, 𑄛𑄪𑄌𑄴𑄎𑄳𑄠, 𑄈𑄧𑄣-𑄉𑄮𑄌𑄴𑄎𑄳𑄠, 𑄞𑄎, 𑄢𑄚𑄴𑄳𑄠, 𑄉𑄮𑄢𑄚𑄴, 𑄛𑄮𑄉𑄮𑄚𑄧𑄖𑄴-𑄘𑄳𑄠, 𑄛𑄪𑄉𑄮𑄣𑄧𑄇𑄧𑄖𑄴-𑄘𑄳𑄠, 𑄇𑄮𑄢𑄴𑄝𑄱, 𑄏𑄪𑄣𑄴, 𑄘𑄪𑄢𑄴𑄥𑄨𑄎𑄬𑄠𑄬, 𑄊𑄖𑄴𑄳𑄠, 𑄌𑄨𑄘𑄮𑄣𑄴𑄖𑄮𑄚𑄴, 𑄟𑄨𑄙𑄪𑄇𑄴𑄇𑄬𑄠𑄬, 𑄈𑄨𑄌𑄪𑄢𑄨, 𑄥𑄨𑄊𑄟,",Present
ধানের না,𑄙𑄚𑄧 𑄚𑄋𑄴,Present
"গুঁি বিনি,মিষ্টি বিনি,মিষ্টি বিনি,মিষ্টি কুমি,মিষ্টি কুমি,মিষ্টি কুমি,মিষ্টি কুমি,মিষ্টি কুমি,মিষ্টি কুমি,মিষ্টি কুমা","𑄉𑄪𑄢𑄨, 𑄃𑄟𑄬𑄃𑄨, 𑄌𑄨𑄉𑄮𑄚𑄴 𑄢𑄬𑄋𑄴𑄉𑄮𑄃𑄨, 𑄝𑄧𑄢𑄴 𑄢𑄬𑄋𑄴𑄉𑄮𑄃𑄨, 𑄟𑄬𑄣𑄳𑄦𑄬, 𑄛𑄖𑄴𑄨𑄉𑄨, 𑄗𑄪𑄘𑄧 𑄛𑄖𑄴𑄨𑄉𑄨, 𑄇𑄟𑄢𑄋𑄴, 𑄞𑄪𑄛𑄴𑄮𑄃𑄨, 𑄉𑄬𑄣𑄧𑄋𑄴, 𑄇𑄧𑄝𑄧𑄢𑄧𑄇𑄴, 𑄝𑄙𑄮𑄃𑄨, 𑄝𑄚𑄴𑄘𑄧𑄢𑄧𑄚𑄧𑄇𑄴 𑄝𑄨𑄚𑄨, 𑄦𑄧𑄢𑄨𑄋𑄴 𑄝𑄨𑄚𑄨, 𑄉𑄪𑄇𑄣 𑄝𑄨𑄚𑄨, 𑄣𑄧𑄋𑄴𑄇𑄛𑄧𑄢 𑄝𑄨𑄚𑄨, 𑄇𑄪𑄉𑄨 𑄝𑄨𑄚𑄨, 𑄝𑄋𑄣𑄴 𑄝𑄨𑄚𑄨, 𑄗𑄪𑄟𑄴𑄝𑄌𑄴 𑄝𑄨𑄚𑄨, 𑄥𑄨𑄘𑄨𑄢𑄬 𑄝𑄨𑄚𑄨, 𑄇𑄧𑄝 𑄝𑄨𑄚𑄨, 𑄗𑄨𑄝𑄨𑄢𑄬 𑄝𑄨𑄚𑄨, 𑄟𑄢𑄨𑄌𑄳𑄠𑄬 𑄝𑄨𑄚𑄨, 𑄝𑄧𑄢𑄴 𑄃𑄨𑄢𑄨, 𑄌𑄨𑄚𑄬 𑄃𑄨𑄢𑄨, 𑄛𑄭𑄎𑄟𑄴, 𑄇𑄣𑄳𑄠𑄎𑄨𑄢𑄬, 𑄛𑄚𑄴𑄎𑄙𑄨𑄢𑄨, 𑄌𑄨𑄚𑄬𑄣𑄴",Present
বিস্মসূচক শব্দ,𑄝𑄩𑄥𑄴𑄝𑄨𑄎𑄨𑄘𑄨 𑄚𑄋𑄴,Present
"এক জাতী গোা, কালো গোা, কালো গোা, শুকর, কুমা, কুমা, কুমা, কুমা, কুমা, কুমা, কুমা, কুমা, কুমা, কুমা, কুমা, কুমা, কুমা, কুমা, কুমা, কুমা, কুমা, কুমা, শিম, কুাাা,","𑄥𑄪𑄘𑄧, 𑄉𑄮𑄌𑄴𑄳𑄠, 𑄇𑄣 𑄉𑄮𑄌𑄴𑄳𑄠, 𑄢𑄋 𑄉𑄮𑄌𑄴𑄳𑄠, 𑄚𑄉 𑄉𑄮𑄌𑄴𑄳𑄠, 𑄦𑄧𑄢𑄧𑄣𑄴, 𑄓𑄪𑄟𑄮𑄢𑄴𑄥𑄧𑄟𑄨, 𑄟𑄧𑄇𑄴𑄳𑄠, 𑄎𑄬𑄘𑄬𑄚, 𑄇𑄮𑄚𑄴, 𑄎𑄪𑄢𑄧𑄃𑄣𑄪, 𑄇𑄬𑄌𑄴𑄝𑄨𑄎𑄨, 𑄛𑄪𑄏𑄨, 𑄥𑄝𑄢𑄁, 𑄟𑄬𑄠𑄬𑄥𑄇𑄴, 𑄟𑄧𑄢𑄨𑄌𑄴, 𑄢𑄬𑄭𑄥𑄇𑄴, 𑄟𑄪𑄣𑄧𑄥𑄇𑄴, 𑄥𑄧𑄥𑄳𑄠𑄧, 𑄟𑄢𑄴𑄟, 𑄌𑄨𑄚𑄴𑄘𑄨𑄢𑄬, 𑄜𑄧𑄣𑄴, 𑄇𑄰𑄘𑄳𑄠, 𑄇𑄮𑄉𑄬𑄠, 𑄇𑄪𑄟𑄪𑄢𑄧, 𑄥𑄪𑄉𑄪𑄢𑄨𑄉𑄪𑄣𑄮, 𑄇𑄧𑄘𑄪𑄉𑄪𑄣𑄮, 𑄖𑄧𑄢𑄴𑄟𑄮𑄌𑄴, 𑄛𑄨𑄣𑄬𑄉𑄪𑄣𑄮, 𑄝𑄨𑄉𑄪𑄚𑄴, 𑄏𑄨𑄉𑄬, 𑄛𑄮𑄢𑄮𑄣𑄴, 𑄈𑄧𑄢𑄧𑄝𑄨𑄉𑄪𑄚𑄴, 𑄔𑄉𑄍𑄧𑄟𑄨, 𑄛𑄧𑄖𑄧𑄣𑄴, 𑄝𑄌𑄴,",Present
আলু কচু,𑄃𑄣𑄪-𑄇𑄪𑄎𑄪,Present
"এক জাতী আলু, সবুজ শিমের আলু, কালো শিমের আলু, রাম আলু, শিমের আলু, সবুজ আলু, গোরের আলু, বিালের আলু, বিালের আলু, বিালের আলু, বিালের আলু, বিালের আলু, বিালের আলু, বিালের আলু, বিালের আলু, বিালের আলু, বিালের আলু, বিালের আলু, বিালের আলু, রাম আলু, শুকরের আলু, রাম আলু,ব আলু, ব আলু, খেে কুা","𑄟𑄪 𑄃𑄣𑄪, 𑄘𑄪𑄛𑄴 𑄛𑄨𑄣𑄬 𑄃𑄣𑄪, 𑄢𑄋 𑄛𑄨𑄣𑄬 𑄃𑄣𑄪, 𑄍𑄉𑄧𑄣𑄧𑄘𑄪𑄖𑄴 𑄃𑄣𑄪, 𑄥𑄨𑄟𑄬𑄭 𑄃𑄣𑄪, 𑄥𑄪𑄉𑄪𑄢𑄨 𑄃𑄣𑄪, 𑄦𑄬𑄘𑄧 𑄘𑄝𑄚 𑄃𑄣𑄪, 𑄢𑄬𑄋𑄴, 𑄇𑄮𑄋𑄬𑄁 𑄃𑄣𑄪, 𑄛𑄚𑄴 𑄃𑄣𑄪, 𑄢𑄟𑄴 𑄃𑄣𑄪, 𑄘𑄳𑄠𑄧 𑄃𑄣𑄪, 𑄦𑄧𑄢𑄨𑄋𑄴 𑄛𑄚𑄴 𑄃𑄣𑄪, 𑄖𑄖𑄴 𑄃𑄣𑄪, 𑄢𑄟𑄴𑄛𑄘𑄧 𑄃𑄣𑄪, 𑄃𑄪𑄣𑄴 𑄇𑄪𑄎𑄪, 𑄚𑄢𑄨𑄇𑄪𑄣𑄴 𑄇𑄪𑄎𑄪, 𑄥𑄟𑄴𑄟𑄱 𑄇𑄪𑄎𑄪, 𑄟𑄪-𑄢𑄋 𑄇𑄪𑄎𑄪, 𑄝𑄧𑄙 𑄇𑄪𑄎𑄪, 𑄍𑄧 𑄇𑄪𑄎𑄪, 𑄉𑄮𑄢𑄬𑄃𑄨 𑄇𑄪𑄎𑄪, 𑄦𑄬𑄢 𑄇𑄪𑄎𑄪, 𑄟𑄚𑄴 𑄇𑄪𑄎𑄪, 𑄝𑄨𑄣𑄴𑄧 𑄇𑄪𑄎𑄪, 𑄖𑄨𑄘𑄬 𑄇𑄪𑄎𑄪, 𑄣𑄮𑄋𑄴𑄖𑄬 𑄇𑄪𑄎𑄪, 𑄝𑄧𑄚𑄴𑄘𑄪𑄇𑄴 𑄇𑄪𑄎𑄪, 𑄝𑄨𑄌𑄴 𑄇𑄪𑄎𑄪, 𑄎𑄢𑄴𑄝𑄱 𑄃𑄪𑄣𑄴𑄇𑄪𑄎𑄪",Present
রঙের ন্যাকা,𑄢𑄧𑄋𑄧 𑄚𑄋𑄴,Present
". কালো, লাল, সাদা, নীল, সবুজ, সাদা, কালো, হলুদ, কালো, কালো, সাদা, কালো, সাদা, কালো, কালো, সাদা, কালো, কালো, কালো, সাদা, কালো, সাদা, কালো","𑄇𑄣, 𑄢𑄋, 𑄙𑄪𑄛𑄴, 𑄥𑄨𑄘𑄨𑄢𑄬, 𑄌𑄮𑄌𑄴, 𑄦𑄬𑄣𑄴, 𑄍𑄬𑄠𑄳𑄠𑄬, 𑄝𑄨𑄉𑄪𑄚𑄨𑄜𑄪𑄣𑄳𑄠, 𑄏𑄨𑄉𑄬𑄜𑄪𑄣𑄳𑄠, 𑄖𑄧𑄘𑄬𑄉𑄧𑄜𑄮𑄢𑄴, 𑄜𑄮𑄖𑄜𑄮𑄖𑄳𑄠, 𑄢𑄬𑄎𑄧𑄟𑄴, 𑄇𑄧𑄟𑄧𑄣, 𑄝𑄌𑄴𑄛𑄘, 𑄃𑄉𑄏𑄧, 𑄎𑄧𑄣𑄴, 𑄛𑄪𑄎𑄮𑄇𑄴𑄝𑄨𑄎𑄨, 𑄙𑄪𑄚𑄴𑄘𑄧𑄝𑄨𑄎𑄨, 𑄝𑄨𑄚𑄨, 𑄟𑄧𑄢𑄨𑄌𑄴 𑄛𑄉𑄚, 𑄦𑄮𑄣𑄮𑄘𑄳𑄠, 𑄟𑄘𑄨 𑄢𑄧𑄁, 𑄎𑄢𑄮𑄣𑄴𑄜𑄪𑄣𑄳𑄠, 𑄚𑄨𑄣𑄴, 𑄙𑄧𑄣𑄧𑄌𑄳𑄠𑄬, 𑄇𑄣𑄧𑄌𑄳𑄠𑄬, 𑄉𑄮𑄣𑄛𑄨, 𑄜𑄨𑄠𑄎𑄨, 𑄟𑄧𑄚, 𑄌𑄨𑄇𑄴𑄌𑄨𑄇𑄳𑄠, 𑄛𑄚𑄳𑄠",Present
"পোকা,পজ্জোন,উত্তর,ডান,আকাশ,আকাশ,আঁকা,আকাশ, পাতাল","𑄛𑄪𑄇𑄴, 𑄛𑄧𑄎𑄨𑄟𑄴, 𑄃𑄪𑄖𑄴𑄧𑄢𑄴, 𑄘𑄮𑄊𑄨𑄚𑄴, 𑄃𑄨𑄌𑄚𑄴, 𑄝𑄠𑄪, 𑄃𑄧𑄇𑄴𑄚𑄨, 𑄚𑄰𑄢𑄧𑄖𑄴, 𑄃𑄇𑄌𑄴,𑄛𑄖𑄣𑄴।",Present
"দিন, দিবস",𑄘𑄨𑄚𑄴,Present
"রবি, মঙ্গল,বুো,বিস্ম,সুস্ম,সুস্ম","𑄢𑄧𑄝𑄨, 𑄥𑄧𑄟𑄴, 𑄟𑄧𑄋𑄴𑄉𑄧𑄣𑄴, 𑄝𑄪𑄖𑄴, 𑄝𑄨𑄥𑄪𑄛𑄴, 𑄥𑄪𑄇𑄴𑄧𑄢𑄴, 𑄥𑄧𑄚𑄨 ।",Present
"বৈদ্য, বৈদ্য, বৈদ্য, বৈদ্য, বৈদ্য, আঁটি, পাহা, পাহা, পাহা, পাহা, পাহা, পাহা, পাহা, পাহা","𑄝𑄰𑄎𑄬𑄇𑄴, 𑄎𑄬𑄖𑄴, 𑄃𑄏𑄢𑄴, 𑄥𑄉𑄮𑄚𑄴, 𑄞𑄘𑄧, 𑄃𑄏𑄨𑄚𑄴, 𑄇𑄘𑄨, 𑄃𑄊𑄮𑄚𑄴, 𑄛𑄮𑄌𑄴, 𑄟𑄇𑄴, 𑄜𑄉𑄮𑄚𑄴, 𑄌𑄰𑄖𑄴 ।",Present
বৈদ্য - জ্যোতিষী,𑄝𑄰𑄎𑄬𑄇𑄴 - 𑄎𑄬𑄖𑄴 𑄘𑄨𑄟𑄌𑄴 𑄉𑄧𑄢𑄧𑄟𑄴 𑄢𑄨𑄖𑄴,Present
আছার-সাবান দিে বাতাস বছে,𑄃𑄏𑄢𑄴 - 𑄥𑄉𑄮𑄚𑄴 𑄘𑄨𑄟𑄌𑄴 𑄝𑄢𑄨𑄎𑄳𑄠𑄬 𑄢𑄨𑄖𑄴,Present
ভাদ-আনি নদীর স্রোতে রিত,𑄞𑄘𑄧 - 𑄃𑄏𑄨𑄚𑄴 𑄘𑄨𑄟𑄌𑄴 𑄏𑄧𑄖𑄴 𑄢𑄨𑄖𑄴,Present
কাপ দিে দিে হাঁটা,𑄇𑄘𑄨 - 𑄃𑄉𑄮𑄚𑄴 𑄘𑄨𑄟𑄌𑄴 𑄛𑄨𑄣𑄋𑄴 𑄢𑄨𑄖𑄴,Present
পোা মাছ দিে শীতকালীন রিত,𑄛𑄮𑄌𑄴 - 𑄟𑄇𑄴 𑄘𑄨𑄟𑄌𑄴 𑄎𑄢𑄧 𑄢𑄨𑄖𑄴,Present
ফানুস-চূা দিে দিে বাতাস বেছে,𑄜𑄉𑄮𑄚𑄴 - 𑄌𑄰𑄖𑄴 𑄘𑄨𑄟𑄌𑄴 𑄃𑄨𑄚𑄴𑄘𑄳𑄠𑄥𑄧𑄟𑄴 𑄢𑄨𑄖𑄴,Present
"লুকিে থাকা, লুকিে থাকা",𑄣𑄪𑄇𑄴𑄇𑄪𑄘𑄪𑄟𑄴𑄧,Present
"পিসী, পিসী, পিসী, পিসী, পিসী, পিসী, পিসে, পিসে, পিসে, পিসে, পিসে, পিসে, পিসে, পিসে, বিে, বিে, বিে, বিে, বিে, বিে, বিে, বিে, বিে, বিে, বিে, বিে, বিে, পিসে, পিসে, পিসে, পিসে, পিসে, পিসে, পিসে, পিসেমশাই, পিসে, পিসে, পিসে","𑄛𑄨𑄎𑄪, 𑄃𑄖𑄳𑄠 (𑄃𑄎𑄪), 𑄝𑄧𑄢𑄧𑄋 𑄝𑄬𑄞𑄬𑄭), 𑄝𑄛𑄴, 𑄟, 𑄎𑄬𑄖𑄴𑄗 (𑄎𑄨𑄙𑄪), 𑄎𑄬𑄘𑄬𑄋 (𑄎𑄬𑄙𑄬𑄭), 𑄈𑄪𑄖𑄴𑄮 (𑄇𑄇𑄴𑄈), 𑄈𑄪𑄢𑄧𑄋 (𑄈𑄪𑄢𑄨), 𑄟𑄰𑄣𑄳𑄠 (𑄟𑄟𑄪), 𑄟𑄟𑄨, 𑄟𑄰𑄖𑄳𑄠𑄣 (𑄟𑄰𑄏𑄳𑄠), 𑄟𑄰𑄎𑄳𑄠𑄋 (𑄟𑄪𑄏𑄨), 𑄛𑄨𑄖𑄴𑄳𑄠𑄣 (𑄛𑄨𑄏𑄳𑄠), 𑄛𑄨𑄏𑄋 (𑄛𑄨𑄏𑄬𑄭), 𑄥𑄮𑄢𑄴, 𑄥𑄮𑄢𑄨, 𑄖𑄣𑄮𑄃𑄨, 𑄖𑄣𑄮𑄚𑄨, 𑄝𑄨𑄠𑄬𑄭, 𑄝𑄨𑄠𑄬𑄚𑄨, 𑄚𑄧𑄚𑄴𑄌𑄮𑄌𑄴, 𑄎𑄣𑄴, 𑄝𑄬𑄭𑄎𑄮𑄢𑄴, 𑄘𑄨𑄠𑄮𑄢𑄴, 𑄚𑄧𑄚𑄧𑄚𑄴, 𑄥𑄣, 𑄥𑄣𑄨, 𑄝𑄬𑄃𑄨, 𑄞𑄮𑄚𑄴, 𑄞𑄮𑄌𑄴, 𑄚𑄬𑄇𑄴, 𑄟𑄮𑄇𑄴, 𑄛𑄪𑄠𑄮, 𑄏𑄨, 𑄞𑄉𑄨𑄚𑄳𑄠, 𑄚𑄘𑄨𑄚𑄴, 𑄛𑄪𑄘𑄨𑄚𑄴 ।",Present
আমাদের দেশের মানুষ চিনবে,𑄃𑄟 𑄘𑄬𑄏𑄧 𑄎𑄖𑄨𑄠𑄧 𑄌𑄨𑄚𑄴𑄛𑄮𑄎𑄳𑄠,Future
এক জাতী পাখি,𑄉𑄪𑄣𑄴𑄌𑄮𑄙𑄮𑄢𑄨 𑄃𑄟𑄳𑄦 𑄘𑄬𑄏𑄧𑄢𑄴 𑄎𑄖𑄩𑄠𑄧 𑄛𑄬𑄇𑄴 ।,Present
এক জাতী ফুল,𑄥𑄛𑄴𑄣 𑄃𑄟𑄳𑄦 𑄘𑄬𑄏𑄧𑄢𑄴 𑄎𑄖𑄩𑄠𑄧 𑄜𑄪𑄣𑄴 ।,Present
কাঁঠালটা আমাদের দেশের জাতী জাতী,𑄇𑄖𑄴𑄗𑄮𑄣𑄴 𑄃𑄟𑄳𑄦 𑄘𑄬𑄏𑄧𑄢𑄴𑄴 𑄎𑄖𑄩𑄠𑄧 𑄉𑄪𑄣𑄧।,Present
ইলিশ আমাদের দেশের জাতী মাছ,𑄃𑄨𑄣𑄨𑄌𑄴 𑄃𑄟𑄳𑄦 𑄘𑄬𑄏𑄧𑄢𑄴 𑄎𑄖𑄩𑄠𑄧 𑄟𑄌𑄴 ।,Present
বািটা আমাদের গ্রামের মানুষ,𑄝𑄇𑄴 𑄃𑄟𑄳𑄦 𑄘𑄬𑄏𑄧𑄢𑄴𑄴 𑄎𑄖𑄩𑄠𑄧 𑄦𑄬𑄟𑄚𑄴 ।,Present
এদিক সেদিক দৌাদৌি,𑄖𑄬𑄋𑄴 𑄖𑄬𑄋𑄧𑄢𑄨 𑄖𑄬𑄋𑄴 𑄖𑄬𑄋𑄧𑄢𑄨,Present
কাঁচা চারাল ভাত দিে দিে রান্না করা,𑄇𑄎𑄳𑄠 𑄌𑄢𑄣𑄧 𑄞𑄖𑄴 𑄘𑄨𑄝𑄳𑄠 𑄢𑄚𑄴 ।,Present
ভুনা দিে চাল খাওা,𑄞𑄪𑄎𑄨 𑄡𑄬𑄠𑄬 𑄌𑄮𑄣𑄴 𑄈𑄢,Present
দাদা যে মাছ চা,𑄘𑄘 𑄡𑄬𑄠𑄬 𑄟𑄮𑄌𑄴 𑄌𑄧𑄢,Present
দাদা মেেটা লম্বা চুল,𑄘𑄘 𑄟𑄮𑄇𑄴𑄱 𑄘𑄨𑄊𑄮𑄣𑄴 𑄌𑄪𑄣𑄴,Present
বাঁশের ফালি দিে চামা পোা,𑄝𑄚𑄴𑄘𑄬 𑄝𑄚𑄴𑄘𑄬 𑄌𑄝 𑄛𑄮𑄣𑄴 ।,Present
চাটা গাছের নিচে একটা হরিণ থাকে,𑄌𑄝 𑄉𑄌𑄴𑄱𑄖𑄴 𑄖𑄧𑄣𑄬 𑄃𑄨𑄇𑄴𑄱 𑄦𑄧𑄢𑄨𑄋𑄴 𑄌𑄧𑄢𑄬,Present
"হরিণ না চংরা, ছোট ব ব ব","𑄦𑄧𑄢𑄨𑄋𑄴 𑄚𑄧𑄠𑄴 𑄌𑄧𑄋𑄧𑄢, 𑄌𑄮𑄉𑄮𑄛𑄘 𑄞𑄧𑄋𑄧𑄢 ।",Present
ছার বৃষ্টি,’’𑄍𑄧‘‘ 𑄢𑄨𑄘𑄧𑄢𑄴 𑄝𑄧𑄠𑄚𑄴,Present
আম কাঁঠাল বানানো,𑄃𑄟𑄴 𑄇𑄖𑄴𑄗𑄮𑄣𑄴 𑄛𑄉𑄚,Present
পাে গরম রাত আসলে,𑄛𑄠𑄴 𑄉𑄧𑄢𑄧𑄟𑄴 𑄢𑄨𑄖𑄴 𑄃𑄬𑄣𑄬 ।,Past
ব ব শব্দ,𑄝𑄬𑄋𑄴 𑄓𑄧𑄉𑄧𑄢𑄧𑄚𑄴 𑄇𑄧𑄢𑄧𑄇𑄴 𑄇𑄧𑄢𑄧𑄇𑄴,Present
বৃষ্টি পরতেছে,𑄝𑄢𑄨𑄎𑄳𑄠 𑄝𑄘𑄧𑄣𑄬 ।,Present
.কাঁকা ফুল ফুটে যা,𑄇𑄬𑄌𑄴𑄳𑄠 𑄜𑄪𑄣𑄴 𑄜𑄪𑄘𑄨 𑄡𑄚𑄴,Present
ঝগাতে আসলে,𑄏𑄧𑄖𑄴 𑄢𑄨𑄖𑄴 𑄃𑄬𑄣𑄬 ।,Past
ধান মাাই করার সম এক জাতী সবজি,𑄙𑄚𑄧 𑄇𑄧𑄘𑄖𑄴 𑄥𑄧𑄚𑄢𑄧𑄋𑄴,Present
পিঁপা রাত হলে,𑄛𑄨𑄣𑄋𑄧 𑄢𑄨𑄘𑄧 𑄘𑄨𑄚𑄴 𑄦𑄧𑄣𑄬 ।,Present
ঘরে ঘরে কাপ পা,𑄊𑄧𑄢𑄬 𑄊𑄧𑄢𑄬 𑄛𑄨𑄘𑄳𑄠 𑄟𑄬𑄣,Present
যদি বৃষ্টি আসে,𑄡𑄧𑄘𑄨 𑄃𑄬𑄎𑄬 𑄎𑄢𑄧 𑄢𑄨𑄖𑄴,Present
বাতাস আসলে শোনা যা,𑄃𑄨𑄚𑄴𑄘𑄳𑄠𑄥𑄧𑄟𑄴 𑄃𑄬𑄣𑄬 𑄥𑄪𑄚𑄧𑄡𑄃𑄨,Present
নানা ধরনের গিঁট,𑄚𑄚 𑄛𑄬𑄉𑄮 𑄉𑄨𑄖𑄴 ।,Present
এক জাতী বুনো শাক,𑄦𑄨𑄣𑄴 𑄌𑄘𑄨𑄉𑄋𑄴 𑄌𑄉𑄣,Present
"লালমাা, বানর আর খেলা","𑄢𑄋𑄟𑄑𑄳𑄠, 𑄝𑄚𑄴𑄘𑄧𑄢𑄴𑄝𑄧𑄚𑄴 𑄃𑄢𑄧 𑄈𑄉𑄢𑄍𑄧𑄢𑄨,",Present
হিল টাইলসগুলো সুন্দর করে আছে,𑄦𑄨𑄣𑄴 𑄌𑄘𑄨𑄉𑄋𑄴 𑄌𑄉𑄣 𑄃𑄊𑄬 𑄘𑄮𑄣𑄴 𑄉𑄧𑄢𑄨 ।,Present
বো হলে পাহাের মাথা লাল রং উঠে,"𑄝𑄬𑄚𑄳𑄠 𑄦𑄧𑄣𑄬 𑄟𑄮𑄚𑄧 𑄟𑄙𑄚𑄴𑄘𑄨 𑄃𑄪𑄘𑄬 𑄢𑄋 𑄝𑄬𑄣𑄚𑄴,",Present
নানা রঙের ফুল ফুটে গিে গান,𑄚𑄚 𑄢𑄧𑄋𑄧𑄢𑄴 𑄜𑄪𑄣𑄴 𑄜𑄪𑄘𑄧𑄚𑄴 𑄛𑄬𑄊𑄬 𑄉𑄨𑄖𑄴 𑄉𑄚𑄴 ।,Present
প্রচুর নিজের পাগুলো সবুজ করে আছে,"𑄃𑄧𑄎𑄧𑄣𑄴 𑄚𑄨𑄎𑄮 𑄟𑄮𑄚𑄴 𑄟𑄪𑄢𑄧𑄃𑄪𑄚𑄴 𑄃𑄊𑄧𑄚𑄴 𑄦𑄬𑄣𑄴 𑄉𑄧𑄢𑄨,",Present
দেখে দেখে জীবনটা শেষ হ না,𑄌𑄬𑄝𑄢𑄴 𑄌𑄬𑄣𑄬 𑄌𑄬𑄭 𑄚𑄧-𑄜𑄪𑄢𑄧𑄠𑄴 𑄎𑄧𑄚𑄧𑄟𑄚𑄴 𑄙𑄧𑄢𑄨 ।,Present
.মাচাটা আর কনের ফুল,"𑄟𑄖𑄟𑄪𑄢𑄨 𑄥𑄧𑄁𑄈𑄧𑄉𑄋𑄴 𑄃𑄢𑄧 𑄇𑄧𑄚𑄴𑄧𑄜𑄪𑄣𑄨,",Present
পাহাের মাথা আসা যাওা করে,𑄟𑄮𑄚𑄴 𑄟𑄙𑄖𑄴𑄪𑄚𑄴 𑄃𑄬 𑄘𑄬𑄏𑄧𑄖𑄴 𑄃𑄬𑄌𑄳𑄠𑄧𑄚𑄴 𑄘𑄪𑄣𑄨 𑄘𑄪𑄣𑄨 ।,Present
এই জাগা পাহাের পাহাের ছবি তুলতে পারা,"𑄃𑄬 𑄎𑄉𑄚𑄧𑄢𑄴 𑄟𑄮𑄚𑄴 𑄟𑄪𑄢𑄧𑄃𑄪𑄚𑄴 𑄍𑄧𑄝𑄨 𑄃𑄇𑄳𑄠𑄬 𑄛𑄢,",Present
নানা ধরনের মানুষ আছে সাগর ভরা,𑄚𑄚 𑄎𑄘𑄧𑄢𑄴 𑄟𑄚𑄬𑄭 𑄃𑄊𑄧𑄚𑄴 𑄥𑄉𑄧𑄢𑄴 𑄃𑄏𑄠𑄴 𑄞𑄧𑄢 ।,Present
নানা ভে এই জনম জনমে ধরে,"𑄚𑄚 𑄞𑄥𑄧𑄢𑄴 𑄟𑄚𑄬𑄭 𑄃𑄨𑄘𑄪 𑄎𑄧𑄚𑄧𑄟𑄴 𑄎𑄧𑄚𑄧𑄟𑄴 𑄙𑄧𑄢𑄨,",Present
হিল কাঠগুলো শক্ত করে আছে,𑄦𑄨𑄣𑄴 𑄌𑄘𑄨𑄉𑄋𑄴 𑄌𑄉𑄣 𑄃𑄊𑄧𑄚𑄴 𑄞𑄧𑄢𑄧𑄕𑄴 𑄉𑄧𑄢𑄨 ।,Present
এক জাতী বো,𑄌𑄉 𑄌𑄉 𑄝𑄬𑄋𑄴 𑄛𑄨𑄘𑄳𑄠,Present
পাখানা করতে পারতেছি না,𑄦𑄘𑄨 𑄚𑄧-𑄛𑄢𑄧𑄁 𑄒𑄬𑄋𑄴 𑄛𑄨𑄢𑄳𑄠,Present
ঠেলাগাি হলে ডান দিক ধর,𑄒𑄬𑄋𑄴𑄛𑄨𑄢𑄳𑄠 𑄦𑄧𑄣𑄬 𑄣𑄳𑄦𑄧𑄘𑄨𑄇𑄴 𑄙𑄧𑄢𑄴,Present
কোনদিকে গেলে পাহাি বাি,𑄇𑄪𑄖𑄴𑄘𑄪𑄢𑄴 𑄉𑄬𑄣𑄬 𑄟𑄮𑄚𑄮 𑄊𑄧𑄢𑄴,Present
পাহাের বািতে যাবো,𑄟𑄮𑄚𑄮 𑄊𑄧𑄢𑄧𑄖𑄴 𑄎𑄨𑄢𑄬𑄝𑄧𑄁,Future
দুপুর হলে ফিরে আসবো,𑄝𑄬𑄣𑄚𑄴 𑄉𑄬𑄣𑄬 𑄜𑄨𑄢𑄨𑄝𑄧𑄁 ।,Future
এক জাতী বুনো ফল,𑄝𑄨𑄎𑄪𑄉𑄪𑄣𑄧 (𑄗𑄪𑄝𑄬𑄠𑄳𑄠),Present
বিজুগুল কোথা গিেছে,𑄝𑄨𑄎𑄪𑄉𑄪𑄣𑄧 𑄇𑄪𑄙𑄪 𑄙𑄧𑄢𑄧𑄚𑄴,Present
গাছের নালা কি,𑄉𑄏𑄧 𑄚𑄋𑄚𑄴 𑄇𑄨,Present
লাল-কালো রং,𑄢𑄋-𑄇𑄣 𑄇𑄨𑄘𑄨𑄇𑄳𑄠,Present
তুমি দেখতেছো?,𑄖𑄪𑄟𑄨 𑄘𑄬𑄇𑄴𑄮𑄚𑄨 ?,Present
.আলু খেে সব খাওা,𑄃𑄎𑄪 𑄈𑄠𑄴 𑄝𑄬𑄞𑄬𑄭 𑄈𑄠𑄴,Present
খাওার জন্য আমাদের সিজি,"𑄈𑄬𑄝𑄧 𑄃𑄟 𑄥𑄨𑄎𑄨,",Present
. তার চুলগুলো সবুজ আছে।,𑄥𑄌𑄴 𑄃𑄊𑄬𑄚𑄨 𑄖 𑄇𑄬𑄠𑄖𑄴,Present
না কি শুধু বিচি,𑄚 𑄇𑄨 𑄝𑄚 𑄝𑄨𑄎𑄨 ।,Present
তেতো-মিষ্টি সোা কোন,𑄖𑄨𑄘𑄳𑄠-𑄟𑄨𑄘𑄳𑄠 𑄥𑄮𑄠𑄖𑄴 𑄇𑄬𑄠𑄚𑄳𑄠,Present
ভাংচি করে আমাকে বলে,"𑄞𑄋𑄨 𑄟𑄧𑄢𑄬 𑄇𑄳𑄦𑄧 ,",Present
কোথা গেলে পাবে তাকে,𑄇𑄪𑄙𑄪 𑄉𑄬𑄣𑄬 𑄛𑄬𑄝𑄧 𑄖𑄢𑄬,Future
আমাকে সাথে নাও,𑄟𑄧𑄢𑄬 𑄜𑄉𑄧𑄖𑄴 𑄣𑄧 ।,Present
বিঝুর সম বিঝুর সম,𑄝𑄨𑄎𑄪𑄉𑄪𑄣𑄧 𑄚𑄧-𑄛𑄬𑄣𑄬,Present
ব ব করে,𑄝𑄨𑄎𑄪 𑄈𑄬𑄝𑄧𑄁 𑄇𑄨𑄋𑄨𑄢𑄨,Present
এক জাতী গাছ আছে।,𑄃𑄎𑄪 𑄇𑄧𑄠𑄴𑄘𑄳𑄠 𑄉𑄖𑄴𑄮𑄠𑄴 𑄃𑄉𑄬,Present
ছাতে যেন ডুমুর,𑄍𑄧𑄢𑄖𑄴 𑄡𑄬𑄚𑄬𑄭 𑄓𑄪𑄟𑄪𑄢𑄨 ।,Present
এক জাতী ফুল গোাচ্ছে,𑄉𑄧𑄋𑄨𑄟𑄢𑄬 𑄜𑄪𑄣𑄴 𑄉𑄮𑄎𑄉𑄮𑄃𑄨,Present
.মাকা তার থেকে ব,𑄟𑄇𑄴𑄮𑄃𑄨 𑄖𑄖𑄴𑄪𑄚𑄴 𑄝𑄧𑄢𑄴,Present
তার থেকে পে যাবে,𑄖𑄖𑄴𑄪𑄚𑄴 𑄛𑄬𑄝𑄬 𑄝𑄨𑄎𑄪𑄉𑄪𑄣𑄧,Future
ধুধুক তাল,𑄙𑄪𑄙𑄪𑄊𑄧 𑄖𑄣𑄴,Present
ধুধুক নাাচাা গান,𑄙𑄪𑄙𑄪𑄇𑄴 𑄚𑄖𑄪𑄇𑄴 𑄚𑄑𑄪𑄇𑄴 𑄑𑄪𑄇𑄴,Present
বাঁশের বিচির সাদা,𑄝𑄙𑄮𑄃𑄨 𑄝𑄧𑄘 𑄥𑄨𑄘𑄨𑄢𑄳𑄠 𑄙𑄪𑄛𑄴 ।,Present
ভালো লাগলে মনের সুখ,𑄣𑄉𑄧𑄖𑄴 𑄛𑄬𑄣𑄬 𑄟𑄧𑄚𑄧𑄢𑄴 𑄥𑄪𑄇𑄴,Present
ভালো না লাগলে মনে দুঃখ,𑄣𑄉𑄧𑄖𑄴 𑄚𑄧-𑄛𑄬𑄣𑄬 𑄟𑄧𑄚𑄧𑄖𑄴 𑄘𑄪𑄇𑄴 ।,Present
আমি সালাম দিেছি,"𑄉𑄪𑄢𑄪 𑄥𑄣𑄟𑄴 𑄘𑄳𑄠𑄋𑄴 𑄟𑄪𑄭 𑄥𑄨𑄌𑄴𑄥𑄧𑄢𑄧𑄕𑄴,",Present
.মাকসা গোা থেকে দুই সরণ,𑄟𑄉𑄧𑄁 𑄉𑄮𑄎𑄬𑄚𑄧𑄖𑄴𑄪𑄚𑄴 𑄘𑄪𑄭 𑄥𑄧𑄢𑄧𑄕𑄴 ।,Present
"ওইভাবে, ওইভাবে",𑄃𑄰𑄇𑄣𑄬 𑄃𑄬𑄭𑄇𑄣𑄬 𑄖𑄧𑄢𑄬𑄘𑄧 ।,Present
.সেটা মনে আসবে।,𑄥𑄨𑄘𑄳𑄠 𑄟𑄧𑄚𑄬 𑄃𑄬𑄉𑄬𑄟𑄴 𑄖𑄮𑄇𑄴 ।,Future
দেবংসি ঘরে দুঝি আছে,"𑄘𑄬𑄝𑄧𑄁𑄥𑄨 𑄉𑄮𑄎𑄬𑄚𑄧𑄖𑄴 𑄚𑄬𑄭 𑄘𑄪𑄏𑄨 ,",Present
অব্য মানুষ বোঝে না,𑄃𑄧𑄝𑄪𑄌𑄴 𑄟𑄚𑄬𑄠𑄬 𑄚𑄧-𑄝𑄪𑄏𑄨 ।,Present
.মেে রিসিপুটি দেখতেছি,"𑄟𑄧𑄚𑄨 𑄢𑄨𑄥𑄨 𑄘𑄬𑄛𑄴𑄇𑄪𑄣𑄬 ,",Present
. হাত দিে ভিক্ষে করি,𑄃𑄢𑄙𑄧𑄚𑄴 𑄉𑄧𑄢𑄧𑄁 𑄦𑄖𑄴𑄎𑄪𑄢𑄬 ।,Present
.সুগন্ধি ফুলগুলো বেেছে,𑄥𑄪𑄚𑄧 𑄉𑄪𑄕𑄨 𑄛𑄧𑄢𑄴𑄝𑄱 𑄝𑄬𑄭,Present
দক্ষিণ দিকে যাওা,𑄘𑄨𑄝𑄳𑄠 𑄃𑄧𑄇𑄴𑄧𑄢𑄬 𑄖𑄧𑄢𑄨 𑄡𑄬𑄭 ।,Present
গুরু সেবিে bdmean,𑄉𑄪𑄢𑄪 𑄥𑄬𑄝𑄨𑄚𑄬𑄭 𑄉𑄳𑄠𑄚𑄴𑄛𑄬𑄝𑄧,Present
অনাাগুরু পার হবে,𑄃𑄧𑄚 𑄉𑄪𑄢𑄪𑄠𑄬 𑄛𑄢𑄴 𑄦𑄧𑄝𑄧 ।,Future
দানি সবাই দান করে,"𑄘𑄚𑄨 𑄥𑄧𑄇𑄧𑄣𑄬 𑄘𑄚𑄴 𑄉𑄧𑄢𑄬 ,",Present
কষ্টে সৃষ্টে মানুষ পূণ্য করে,𑄘𑄪𑄇𑄴𑄬 𑄟𑄚𑄬𑄠𑄬 𑄥𑄌𑄴 𑄇𑄧𑄢𑄬 ।,Present
.জুা না পে কথা বলতে হবে,"𑄎𑄪𑄢𑄨 𑄚𑄧𑄛𑄣𑄳𑄠 𑄇𑄱𑄖𑄴 𑄛𑄬𑄝𑄧 ,",Future
.বুঝলে সরনে কুল পাবে,𑄝𑄪𑄎𑄨𑄣𑄬 𑄥𑄧𑄢𑄧𑄚𑄧𑄖𑄴 𑄇𑄪𑄣𑄴 𑄛𑄬𑄝𑄧 ।,Future
সরতে সালাম দিলে,"𑄥𑄧𑄢𑄧𑄚𑄬 𑄥𑄣𑄟𑄬 𑄛𑄪𑄎𑄨𑄣𑄬 ,",Past
ধর্ম সাধনা পাওা,𑄙𑄧𑄢𑄴𑄟𑄧 𑄥𑄙𑄧𑄚𑄚𑄴 𑄛𑄭𑄝𑄨𑄣𑄬 ।,Present
.স্বামী-স্ত্রী সমানে সমানে,𑄚𑄪𑄠𑄧 𑄖𑄧𑄟𑄴𑄝𑄢𑄴 𑄃𑄪𑄘𑄨𑄎𑄬 𑄇𑄧𑄋𑄧𑄢𑄴,Present
".সেটার চামা লেখা,","𑄥𑄨𑄊𑄮 𑄌𑄋𑄴𑄟 𑄣𑄬𑄊,",Present
.আকাশে পোার শব্দ,𑄃𑄧𑄏𑄛𑄘𑄧𑄖𑄴 𑄛𑄮𑄣𑄨𑄟𑄴 𑄦𑄧𑄢𑄧𑄇𑄴,Present
নািভুি,𑄚𑄋𑄴 𑄌𑄪𑄌𑄳𑄠𑄋𑄳𑄠-𑄇 ।,Present
তেতুলটা হেছে সেখানে,𑄖𑄬𑄖𑄴𑄳𑄢𑄨𑄌𑄴𑄌𑄱 𑄦𑄧𑄢𑄧𑄊𑄧 𑄥𑄬𑄏𑄧𑄖𑄴,Present
এগুলো শেষ হ না,𑄃𑄨𑄉𑄪𑄚𑄴𑄘𑄮𑄃𑄨 𑄗𑄪𑄟𑄴 𑄚𑄧-𑄃𑄧𑄠𑄴,Present
এগারটা পাখি,𑄃𑄬𑄉𑄢𑄧𑄝𑄱 𑄦𑄧𑄢𑄧𑄊𑄧𑄖𑄴,Present
মাছটা লার্ভার করে,"𑄟𑄌𑄴𑄳𑄠 𑄣𑄢𑄴𑄌𑄢𑄴 𑄉𑄧𑄢 𑄃𑄳𑄦𑄧𑄠𑄴,",Present
মাছ দিলে,𑄟𑄌𑄴𑄳𑄠 𑄘𑄨𑄣𑄬,Past
কাঁকার হাত,𑄇-𑄟𑄌𑄴𑄎𑄳𑄠 𑄦𑄇𑄴 𑄃𑄳𑄦𑄧𑄠𑄴 ।,Present
.সতান মারা গেছে,𑄥𑄧𑄖𑄴𑄧𑄢𑄧𑄠𑄚𑄴 𑄟𑄎𑄢𑄣𑄮𑄃𑄨,Present
পাহাের পাশে তো,𑄟𑄎𑄢𑄛𑄖𑄴 𑄃𑄳𑄦𑄧𑄠𑄴,Present
জানা যাবে যে,𑄎𑄚𑄨𑄝𑄮 𑄡𑄬-,Future
এক জাতী চামা,𑄛𑄧𑄇𑄴𑄖𑄚𑄨 𑄌𑄋𑄴𑄟,Present
তাকে বলে,𑄖𑄢𑄬 𑄇𑄧𑄠𑄴 ।,Present
. আছে আর নাদা পাতা,𑄃𑄊𑄬 𑄃𑄢𑄧 𑄚𑄘 𑄛𑄖𑄴,Present
মনে হ এক দৌা,𑄌𑄨𑄠𑄮𑄖𑄴 𑄛𑄠𑄴 𑄃𑄬𑄇𑄴 𑄘𑄪𑄠𑄪𑄚𑄴,Present
সেসাথে পাওা,𑄥𑄬 𑄣𑄧𑄉𑄬 𑄛𑄠𑄴 𑄃𑄢𑄧,Present
"এগজস্ট, চিল, চিল,দুন","𑄃𑄬𑄉𑄧𑄖𑄴𑄧𑄢𑄴, 𑄜𑄢𑄧𑄇𑄴, 𑄌𑄨𑄣𑄳𑄠, 𑄘𑄪𑄚𑄧𑄃𑄪𑄚𑄴 ।",Present
মেঘে ঢাকা চোখ,𑄟𑄬𑄊𑄧𑄣𑄧𑄇𑄴 𑄘𑄨𑄝𑄬 𑄌𑄮𑄇𑄴,Present
মেঘের মতো তোমার চোখ,𑄟𑄬𑄊𑄧𑄣𑄧𑄇𑄴 𑄖𑄧𑄢𑄴 𑄘𑄨𑄝𑄬 𑄌𑄮𑄇𑄴,Present
.কিছুই তো বলো না,𑄇𑄨𑄌𑄴𑄍𑄪 𑄚𑄧-𑄘𑄬𑄉𑄧𑄌𑄴 ।,Present
বাবা-মা রাতকানা,’’𑄟‘‘ 𑄞𑄏𑄧𑄢𑄴 𑄢𑄖𑄴𑄇𑄣𑄴,Present
কেন বুঝছ না,𑄇𑄨𑄠𑄬 𑄚𑄧-𑄝𑄪𑄏𑄧𑄌𑄴 ।,Present
চোরা-কাা-খাওা,"𑄌𑄪𑄌𑄳𑄠𑄋𑄴𑄳𑄠 ’𑄇‘, 𑄉𑄪𑄎𑄧𑄋𑄴𑄳𑄠 ’𑄈‘",Present
কেন পে না?,𑄇𑄨𑄠𑄬 𑄚𑄧-𑄛𑄧𑄢𑄨 ?,Present
"বাঙালি,বাঙালি","𑄝𑄁𑄣𑄞𑄌𑄴, 𑄃𑄨𑄁𑄢𑄬𑄎𑄨 𑄞𑄌𑄴",Present
আগে পা ধরে,𑄃𑄉𑄬 𑄛𑄧𑄢 𑄙𑄧𑄢𑄨 !,Present
বাংলা-বাঙালি,𑄝𑄪𑄏𑄨𑄣𑄪𑄁 𑄝𑄁𑄣-𑄃𑄨𑄁𑄢𑄬𑄎𑄨,Present
কাজে লাগতে হবে,𑄇𑄟𑄧𑄖𑄴 𑄣𑄉𑄨𑄝𑄱 ।,Future
সেখানে কি নিজের ভাত,𑄥𑄨𑄖𑄳𑄠𑄬 𑄇𑄨 𑄚𑄨𑄎𑄧 𑄞𑄌𑄴,Present
পতে হবে নাকি?,𑄛𑄧𑄢 𑄚𑄧-𑄛𑄧𑄢𑄨𑄝𑄱 ?,Future
"কাঁকা,খুমি,লুসি,মোরগ","𑄛𑄋𑄴𑄇𑄱, 𑄈𑄪𑄟𑄨, 𑄣𑄪𑄥𑄭, 𑄟𑄮𑄢𑄮,",Present
"বনযোগি, মারমা, মারমা","𑄝𑄧𑄚𑄧𑄡𑄮𑄉𑄨, 𑄟𑄢𑄴𑄟,",Present
"তর্জনি,বই,খাওাঙ,চামা","𑄖𑄧𑄋𑄴𑄌𑄧𑄋𑄴𑄳𑄠, 𑄝𑄮𑄟𑄴, 𑄈𑄳𑄠𑄋𑄴, 𑄌𑄇𑄴",Present
ত্রিপুরাদের এক জাতী চাকমা,𑄖𑄨𑄝𑄨𑄢𑄬 𑄃𑄳𑄦 𑄌𑄋𑄴𑄟 ।,Present
ভ আছে-মা ভাই,𑄝𑄬𑄉𑄧𑄢𑄴 𑄃𑄊𑄬 ’’𑄟‘‘ 𑄞𑄌𑄴,Present
"পাহাের জুমে, পাহাের জুমে","𑄦𑄨𑄣𑄴𑄣𑄮 𑄎𑄪𑄟𑄴𑄟𑄱𑄃𑄪𑄚𑄧𑄢𑄴,",Present
মেঘে ঢাকা চোখ,𑄟𑄬𑄊𑄧𑄣𑄧𑄇𑄴 𑄤𑄧𑄠𑄬 𑄘𑄨𑄝𑄬 𑄌𑄮𑄇𑄴,Present
.দেখেও দেখে না,𑄘𑄬𑄊𑄨𑄚𑄬𑄠𑄮 𑄚𑄧-𑄘𑄬𑄊𑄧𑄢𑄴 ।,Present
সবুজ পাহা লাল,𑄦𑄬𑄣𑄴 𑄟𑄪𑄢𑄮 𑄢𑄋 𑄥𑄧𑄝𑄧𑄚𑄴,Present
সবুজ রঙের পাহাি,𑄦𑄬𑄣𑄴 𑄃𑄳𑄦𑄬𑄣𑄴 𑄟𑄪𑄢𑄮 𑄟𑄪𑄢𑄨,Present
পাহাের উপর,𑄦𑄨𑄣𑄧 𑄟𑄘𑄨𑄢𑄴 𑄟𑄮𑄚𑄮 𑄃𑄪𑄉𑄪𑄢𑄬,Present
সবুজ রঙের জুম ধানগুলো দুলে দুলে,𑄦𑄬𑄣𑄴 𑄌𑄪𑄇𑄴 𑄌𑄪𑄇𑄴 𑄎𑄪𑄟𑄧 𑄙𑄚𑄧𑄢𑄴 𑄃𑄬𑄣𑄮𑄚𑄨 𑄘𑄪𑄣𑄧𑄚𑄨,Present
চাঁদটা অনেক ভালো লাগে,𑄌𑄘𑄬 𑄞𑄢𑄨 𑄉𑄧𑄟𑄴 𑄣𑄉𑄬 ।,Present
.আকাশে সাদা সাদা মেঘ,𑄃𑄉𑄎𑄧𑄖𑄴 𑄙𑄪𑄛𑄴 𑄙𑄪𑄛𑄴 𑄟𑄬𑄊𑄧 𑄌𑄇𑄴,Present
এক ঝাঁক কুকুর কামাচ্ছে,𑄃𑄬𑄇𑄴 𑄏𑄇𑄴 𑄛𑄬𑄉𑄮𑄢𑄴 𑄇𑄨𑄎𑄨𑄇𑄴 𑄇𑄎𑄇𑄴,Present
দু মেে উে যাওা,𑄓𑄪𑄠𑄧 𑄟𑄬𑄣𑄨 𑄃𑄪𑄢𑄨 𑄃𑄪𑄢𑄨 𑄡𑄚,Present
চাঁদে অনেক সুখ লাগে,𑄌𑄘𑄬 𑄞𑄢𑄨 𑄥𑄪𑄇𑄴 𑄣𑄉𑄬 ।,Present
দেশের জঙ্গল ভালো করে কাজ করে,𑄘𑄬𑄏𑄧 𑄎𑄘𑄧𑄢𑄴 𑄞𑄣𑄬𑄘𑄨 𑄇𑄟𑄧𑄖𑄴,Present
জাগা সব ভাই বোন,𑄎𑄘𑄧𑄢𑄴 𑄝𑄬𑄇𑄴 𑄞𑄬𑄭 𑄞𑄮𑄚𑄴,Present
এত ব হওা যা,𑄃𑄬𑄉𑄧𑄖𑄴𑄧𑄢𑄴 𑄦𑄮𑄃𑄨 𑄡𑄬𑄭 𑄃𑄪𑄎𑄧𑄚𑄨,Present
চিন্তা করতে অনেক মনে পে,𑄞𑄝𑄧𑄘𑄬 𑄞𑄢𑄨 𑄟𑄧𑄚𑄧𑄖𑄴 𑄈𑄪𑄏𑄨 𑄣𑄉𑄬 ।,Present
এক জাতী মাছ,𑄥𑄨𑄣𑄧𑄖𑄴𑄧𑄣𑄬 𑄖𑄪𑄙𑄨𑄁 𑄟𑄌𑄴,Present
এক জাতী মাছ,𑄉𑄪𑄎𑄪𑄢𑄨 𑄛𑄧𑄣𑄧𑄉𑄨 𑄝𑄰𑄎𑄬𑄇𑄴 𑄟𑄌𑄴,Present
এক জাতী মাছ,𑄝𑄰𑄎𑄬𑄇𑄴 𑄟𑄌𑄳𑄠 𑄙𑄚𑄴 𑄇𑄪𑄎,Present
উত্তর দিক থেকে পান করার শব্দ,𑄃𑄪𑄖𑄴𑄧𑄢𑄴 𑄘𑄉𑄧𑄖𑄴 𑄛𑄚𑄴 𑄇𑄧𑄘,Present
.পুে উঠার সম পাখানা করতে হ,𑄛𑄪𑄉𑄬𑄘𑄨 𑄃𑄪𑄖𑄴𑄬 𑄛𑄪𑄚𑄧𑄁 𑄌𑄚𑄴 ।,Present
আমাদের গ্রাম,𑄃𑄟 𑄃𑄘𑄟𑄚𑄴,Present
আমাদের গ্রামটা সুন্দর,𑄃𑄟 𑄃𑄘𑄟𑄚𑄴 𑄌𑄘𑄬 𑄘𑄮𑄣𑄴,Present
পাহা পাহাে ঘেরা,"𑄟𑄮𑄚𑄴 𑄟𑄪𑄢𑄧𑄠𑄴 𑄊𑄬𑄢,",Present
ভর ভর করে আছে,𑄞𑄧𑄢𑄧𑄚𑄴 𑄝𑄨𑄢𑄧𑄚𑄴 𑄉𑄧𑄢𑄨 𑄃𑄊𑄬,Present
বাি বাি ভরা,𑄝𑄠𑄴 𑄝𑄉𑄨𑄎𑄠𑄴 𑄞𑄧𑄢 ।,Present
বো হলে পাহাের মাথা,𑄝𑄬𑄚𑄳𑄠 𑄦𑄧𑄣𑄬 𑄟𑄮𑄚𑄧 𑄟𑄙𑄚𑄴𑄘𑄨,Present
উে লাল বেলা,"𑄃𑄪𑄘𑄬 𑄢𑄋 𑄝𑄬𑄣𑄚𑄴,",Present
নানা ধরনের ফুল ফোটে,𑄚𑄚 𑄘𑄮𑄇𑄳𑄠 𑄜𑄪𑄣𑄴 𑄜𑄪𑄘𑄧𑄚𑄴,Present
পেগে গিঁট গান,𑄛𑄬𑄉𑄬 𑄉𑄨𑄖𑄴 𑄉𑄚𑄴 ।,Present
গ্রামবাসীর চোর ঘর,𑄃𑄘𑄟𑄚𑄧𑄢𑄴 𑄌𑄬𑄢𑄮 𑄇𑄨𑄖𑄳𑄠,Present
গাছ বাস তারুম ব,"𑄉𑄍𑄧 𑄝𑄥𑄧 𑄖𑄢𑄪𑄟𑄴 𑄝𑄧𑄚𑄴,",Present
ছবি তুলতে পারা লাগে,𑄍𑄧𑄝𑄨 𑄃𑄇𑄳𑄠𑄬 𑄛𑄢 𑄣𑄉𑄬,Present
দোলে শান্ত হওা,𑄘𑄬𑄣𑄬 𑄎𑄪𑄢𑄧𑄠𑄴 𑄟𑄧𑄚𑄴 ।,Present
কাপের জ্যাকেটের উপরের অংশ,𑄇𑄇𑄴𑄇 𑄎𑄨𑄘𑄪 𑄃𑄎𑄪 𑄛𑄨𑄎𑄪,Present
"নানা বুো, বিভিন্ন বুো","𑄚𑄚 𑄝𑄪𑄢𑄧 𑄝𑄪𑄢𑄨,",Present
লুকিে লুকিে আছে,𑄣𑄪𑄇𑄴 𑄇𑄪𑄘𑄪𑄟𑄴𑄝𑄧 𑄟𑄨𑄣𑄨 𑄃𑄊𑄨,Present
জীবন ধরে,𑄎𑄧𑄚𑄧𑄟𑄚𑄴 𑄙𑄧𑄢𑄨।,Present
তোমাকে আমি কত ভালোবাসি,𑄖𑄧𑄢𑄬 𑄟𑄖𑄴𑄬 𑄇𑄧𑄘𑄧𑄇𑄴𑄈𑄧𑄚𑄴,Present
আমি যে গ্রামে যাবো,𑄟𑄪𑄭 𑄡𑄬𑄟𑄴 𑄃𑄘𑄟𑄧𑄖𑄴,Future
খোঁজ নেওা,𑄃𑄪𑄘𑄮 𑄣𑄧‘,Present
"তার কথা, ভাত, সাা,আাক,এত ব হেছে","𑄃𑄨𑄇𑄴𑄮 𑄎𑄖𑄴 𑄖𑄨𑄉𑄨 𑄗𑄠𑄴 𑄖𑄢𑄴 𑄇𑄧𑄙, 𑄞𑄌𑄴, 𑄥𑄦𑄨𑄖𑄳𑄠, 𑄃𑄣𑄳𑄠𑄇𑄴, 𑄃𑄰𑄖𑄨𑄡𑄳𑄠 𑄣𑄮𑄚𑄬𑄭।",Present
একটা জাতি নিচের দিকে পে যাচ্ছে,𑄃 𑄃𑄨𑄇𑄴𑄮 𑄎𑄖𑄴 𑄖𑄧𑄣𑄖𑄴 𑄛𑄧𑄢𑄬𑄉𑄮𑄃𑄨 𑄎𑄘𑄧 𑄌𑄁𑄌𑄢 𑄣𑄪𑄉𑄬𑄣𑄬।,Present
জাগা চাংচারা লুকিে থাকলে এত ব কথা বলা যা না,𑄎𑄘𑄧 𑄌𑄁𑄌𑄢 𑄣𑄪𑄉𑄨𑄉𑄬𑄣𑄬 𑄥𑄬𑄇𑄴𑄳𑄠 𑄖𑄢𑄬 𑄖𑄮𑄎𑄨𑄟𑄴𑄛𑄪𑄢𑄧 𑄎𑄖𑄴 𑄇𑄮𑄠 𑄚𑄧-𑄡𑄠𑄴।,Present
কিভাবে কথা বলে?,𑄇𑄬𑄚𑄬𑄃𑄮 𑄇𑄧𑄝𑄇𑄴?,Present
তার কোনো কথা নেই,𑄖𑄢𑄴 𑄚𑄬𑄭 𑄇𑄧𑄚𑄧 𑄞𑄌𑄴 𑄃𑄳𑄦 𑄇𑄧𑄙।,Present
".অন্যের কথা কথা বলো, লিখো","𑄃𑄧𑄚𑄳𑄠𑄧 𑄎𑄘𑄧 𑄞𑄌𑄴 𑄃𑄳𑄦 𑄇𑄧𑄙𑄣𑄮𑄃𑄨 𑄇𑄧𑄙 𑄇𑄧𑄚𑄴, 𑄣𑄬𑄊 𑄣𑄬𑄊𑄧𑄚𑄴।",Present
আমাদের বাসাও অনেকগুলো জাগা আছে,𑄃𑄟𑄳𑄦 𑄦𑄨𑄣𑄴𑄌𑄘𑄨𑄉𑄋𑄧𑄖𑄴𑄃𑄮 𑄥𑄬𑄘𑄮𑄇𑄴𑄳𑄠 𑄞𑄣𑄪𑄇𑄴𑄪𑄚𑄴 𑄎𑄖𑄴 𑄃𑄊𑄧𑄚𑄴।,Present
তাদের কোনো সাথী নেই,𑄖𑄢𑄳𑄦𑄢𑄴 𑄇𑄧𑄚𑄧 𑄥𑄦𑄨𑄖𑄳𑄠 𑄃 𑄃𑄰𑄖𑄨𑄡𑄳𑄠 𑄚𑄬𑄭।,Present
হারিেছে নিজের কথা,𑄦𑄢𑄬𑄠𑄮𑄚𑄴 𑄚𑄨𑄎𑄧 𑄇𑄧𑄙 𑄃 𑄞𑄌𑄴।,Present
পাহাে ছোট করে দেখলে আমরা বলতে পারতাম না তাদের থেকে কি নিজের পরিবার আসতেছে না?,𑄟𑄪𑄢𑄮𑄖𑄴 𑄉𑄪𑄢𑄨 𑄌𑄨𑄘𑄳𑄠 𑄉𑄧𑄢𑄨 𑄌𑄬𑄣𑄬 𑄃𑄟𑄨 𑄇𑄮𑄃𑄨 𑄛𑄢𑄨 𑄖𑄢𑄖𑄴𑄪𑄚𑄴 𑄇𑄨 𑄚𑄨𑄎𑄧 𑄥𑄦𑄨𑄖𑄳𑄠 𑄃 𑄃𑄭𑄖𑄨𑄡𑄳𑄠 𑄚𑄧-𑄃𑄬𑄣𑄧?,Past
এক জাতী বুনো ফল,𑄇𑄟𑄇𑄴𑄇𑄭 𑄃𑄬𑄣𑄧।,Present
.না হলে তাদের কোথা থেকে আসা,𑄚𑄧-𑄦𑄧𑄣𑄬 𑄖𑄢𑄳𑄦 𑄇𑄪𑄖𑄴𑄪𑄚𑄴 𑄃𑄬𑄘𑄇𑄴।,Present
".আজকে তারা সাা সাা করতেছে,নিজের চাংমাা উঠার সম তারা বুক ফুলে কথা বলে","𑄃𑄬𑄌𑄴𑄬 𑄡𑄪𑄚𑄨 𑄖𑄢𑄳𑄦 𑄥𑄦𑄨𑄖𑄳𑄠 𑄣𑄢𑄴𑄌𑄢𑄴 𑄉𑄧𑄢𑄨𑄘𑄇𑄴, 𑄚𑄨𑄎𑄧 𑄌𑄁𑄌𑄢𑄚𑄨 𑄃𑄪𑄘𑄮𑄣𑄧𑄚𑄬𑄭 𑄣𑄢𑄴𑄌𑄢𑄴 𑄉𑄧𑄢𑄨𑄘𑄇𑄴 𑄥𑄣𑄬𑄚𑄴 𑄖𑄢𑄳𑄦𑄠𑄮 𑄝𑄪𑄇𑄴 𑄜𑄪𑄣𑄬𑄭 𑄇𑄮𑄃𑄨 𑄛𑄢𑄨𑄣𑄇𑄴𑄮𑄚𑄴 𑄃𑄟𑄢𑄴 𑄝𑄬𑄇𑄴 𑄃𑄊𑄬, 𑄃𑄟𑄨 𑄃𑄪𑄇𑄴𑄮 𑄖𑄧𑄎𑄨𑄟𑄴𑄛𑄪𑄢𑄧 𑄎𑄖𑄴।",Present
"একটা কথা আগে বলা সহজ একটা কথা না,আগে থেকে কথা বলা হলো","𑄃𑄬𑄇𑄴𑄈𑄚𑄴 𑄇𑄧𑄙 𑄃𑄉𑄬 𑄎𑄨𑄘𑄨𑄣𑄧𑄚 𑄓𑄋𑄧𑄢𑄴 𑄇𑄧𑄙 𑄚𑄧𑄠𑄴, 𑄎𑄨𑄘𑄨𑄣𑄧𑄚𑄠𑄚𑄴 𑄗𑄨𑄖𑄧𑄝𑄴𑄧𑄢𑄴 𑄉𑄧𑄢𑄨 𑄢𑄉𑄚 𑄦𑄧𑄣𑄧𑄘𑄬 𑄓𑄋𑄧𑄢𑄴 𑄇𑄟𑄚𑄴।",Past
আমাদের থেকে কি নেই,𑄃𑄟𑄖𑄴𑄪𑄚𑄴 𑄇𑄨 𑄚𑄬𑄭।,Present
"আমাদের বন্ধু,আসা যাওা করে একসাথে থাকতে পারে না,সামনে আসতে পারলে আমাদের বন্ধু হবে","𑄃𑄟𑄳𑄦 𑄥𑄦𑄨𑄖𑄳𑄠, 𑄃𑄭𑄖𑄨𑄡𑄳𑄠 𑄗𑄬𑄚𑄬𑄠𑄧 𑄡𑄪𑄚𑄨 𑄙𑄪𑄢𑄨 𑄢𑄉𑄬𑄭 𑄚𑄧-𑄛𑄢𑄨, 𑄟𑄪𑄎𑄪𑄋𑄬𑄘𑄨 𑄃𑄬𑄖𑄴𑄧𑄚𑄴𑄘𑄬 𑄥𑄨𑄉𑄪𑄚𑄧𑄢𑄬 𑄡𑄧𑄘𑄨 𑄘𑄬𑄉𑄬𑄭 𑄚𑄧-𑄛𑄢𑄨 𑄥𑄣𑄬𑄚𑄴 𑄃𑄟𑄳𑄦𑄢𑄧 𑄥𑄚𑄳𑄠𑄬 𑄘𑄧𑄎 𑄦𑄧𑄝𑄧।",Future
এত চামার কোনো স্থান থাকবে না,𑄥𑄬𑄇𑄳𑄠𑄬 𑄌𑄋𑄴𑄟 𑄎𑄘𑄧𑄢𑄴 𑄇𑄧𑄚𑄧 𑄞𑄬𑄖𑄴 𑄚𑄧-𑄗𑄬𑄝𑄧।,Past
"জাগা ক্যামেরা নিে বাঁশটা নিে আসতেছে,ভেে উঠার সম চামা দিে চামা করতে হবে","𑄎𑄖𑄴𑄪𑄢𑄬 𑄃𑄇𑄴𑄮𑄠𑄴 𑄚𑄬𑄡𑄬 𑄝𑄖𑄳𑄠𑄬, 𑄞𑄬𑄣𑄮𑄖𑄴 𑄖𑄪𑄣𑄨𑄝𑄖𑄳𑄠𑄬 𑄌𑄋𑄴𑄟 𑄣𑄬𑄊 𑄃 𑄚𑄨𑄎𑄧 𑄥𑄦𑄨𑄖𑄳𑄠𑄠𑄚𑄨 𑄣𑄢𑄴𑄌𑄢𑄴 𑄉𑄧𑄢 𑄛𑄧𑄢𑄨𑄝𑄱।",Future
"ছোট বাচ্চা গুলো সেখানে মাথা তুলে দিতে হবে, উো নিে যেতে হবে, হাসি দো হেছে","𑄌𑄨𑄉𑄮𑄚𑄴 𑄉𑄪𑄢𑄮𑄠𑄪𑄚𑄬 𑄥𑄨𑄊𑄨𑄝𑄖𑄳𑄠𑄬 𑄃𑄪𑄌𑄴𑄮𑄚𑄨 𑄖𑄪𑄣𑄨 𑄘𑄨𑄠𑄬 𑄛𑄧𑄢𑄨𑄝𑄱, 𑄃𑄪𑄘𑄮 𑄣𑄧-𑄛𑄧𑄢𑄨𑄝𑄱 𑄣𑄪𑄉𑄨 𑄡𑄬𑄠𑄬, 𑄦𑄎𑄨 𑄡𑄬𑄠𑄬 𑄥𑄦𑄨𑄖𑄳𑄠𑄠𑄚𑄨।",Future
"পৃথিবীতে শুধু কদিন আসা যা, এখানে থাকলে কোনো কিছু দেখতে পারবো না","𑄛𑄨𑄖𑄴𑄗𑄨𑄟𑄨𑄖𑄴 𑄝𑄚 𑄇𑄧𑄠𑄬𑄇𑄴 𑄘𑄨𑄚𑄧𑄖𑄳𑄠𑄬 𑄃𑄬𑄌𑄴𑄳𑄠𑄋𑄴, 𑄦𑄬𑄠𑄖𑄴 𑄛𑄪𑄢𑄬𑄣𑄬 𑄡𑄬𑄟𑄴𑄝𑄮𑄃𑄨 𑄃𑄬 𑄃𑄏𑄣𑄮𑄃𑄨 𑄗𑄬𑄣𑄬 𑄎𑄘𑄧 𑄃𑄨𑄘𑄪 𑄇𑄧𑄚𑄧 𑄇𑄨𑄌𑄴𑄪 𑄘𑄬𑄉𑄬𑄭 𑄚𑄧-𑄛𑄢𑄨𑄝𑄧𑄁।",Future
পার সমে যতগুলো চাংমাহ্ আছে ততগুলো চাংমাহ্ রাগ করে আমি সবাইকে সম্বোধন করি,𑄛𑄧𑄢 𑄇𑄧𑄝𑄣𑄳𑄠 𑄘𑄬𑄏𑄧𑄖𑄴 𑄡𑄬𑄇𑄴𑄬 𑄗𑄨𑄖𑄧𑄝𑄴𑄧𑄢𑄴 𑄉𑄧𑄢𑄨 𑄃𑄊𑄨 𑄡𑄬𑄘𑄧𑄇𑄴 𑄘𑄨𑄚𑄴 𑄝𑄎𑄨 𑄗𑄬𑄝𑄧𑄁 𑄎𑄘𑄧𑄢𑄴 𑄌𑄁𑄌𑄢 𑄖𑄨𑄉𑄬 𑄢𑄉𑄬𑄝𑄖𑄳𑄠 𑄥𑄬𑄘𑄧𑄚𑄴 𑄌𑄬𑄢𑄬𑄖𑄴𑄗 𑄢𑄉𑄬𑄝𑄖𑄳𑄠𑄬 𑄟𑄪𑄭 𑄝𑄬𑄇𑄴𑄪𑄚𑄧𑄢𑄬 𑄇𑄮𑄎𑄮𑄣𑄨 𑄉𑄧𑄢𑄧𑄋𑄧𑄢𑄴।,Present
আমাদের দলের কাজ দেখে তারা নিজেদের দল থেকে বের হে যাবে,𑄃𑄟𑄳𑄦 𑄎𑄧𑄘𑄝𑄧𑄣𑄧 𑄇𑄟𑄚𑄨 𑄘𑄬𑄊𑄨𑄚𑄬𑄭 𑄃𑄧𑄚𑄳𑄠𑄧 𑄎𑄖𑄴𑄪𑄚𑄬 𑄝𑄦𑄨𑄚𑄨 𑄉𑄧𑄢𑄨𑄝𑄇𑄴 𑄃𑄳𑄦 𑄖𑄢𑄳𑄦𑄠𑄪 𑄚𑄨𑄎𑄧 𑄥𑄦𑄨𑄖𑄳𑄠 𑄣𑄢𑄴𑄌𑄢𑄴 𑄉𑄧𑄖𑄴𑄬 𑄃𑄪𑄌𑄴𑄧𑄚𑄨 𑄛𑄬𑄝𑄇𑄴 ।,Future
".মাকানো কেকটা-ঝুলি দিে ঘাি,মাঝখানে হাত","𑄟𑄠𑄴 𑄟𑄪𑄢𑄪𑄇𑄴𑄉𑄨𑄠𑄬 𑄇𑄧𑄠𑄮𑄚𑄴- 𑄏𑄪𑄣𑄴 𑄗𑄇𑄴𑄬 𑄊𑄘𑄧, 𑄥𑄧𑄟𑄧𑄠𑄴 𑄗𑄇𑄴𑄬 𑄦𑄘𑄧।",Present
"সে আর আমি সবার ছোট করে থাকি, জাগিও না,উঠলো আমাদের সাথে","𑄥𑄬𑄚𑄧𑄖𑄳𑄠𑄬 𑄟𑄪𑄭 𑄝𑄬𑄇𑄴𑄪𑄚𑄧𑄢𑄬 𑄇𑄮𑄎𑄮𑄣𑄨 𑄉𑄧𑄢𑄧𑄋𑄧𑄢𑄴 𑄥𑄧𑄟𑄧𑄠𑄴 𑄗𑄉𑄧𑄘𑄬 𑄥𑄧𑄎𑄇𑄴 𑄃𑄳𑄦𑄧, 𑄎𑄉𑄨𑄃𑄪𑄘𑄧, 𑄃𑄪𑄘𑄧-𑄣𑄧 𑄃𑄟𑄳𑄦 𑄎𑄘𑄧 𑄦𑄧𑄢𑄧𑄇𑄴 𑄃 𑄟-𑄞𑄌𑄴, 𑄣𑄢𑄴𑄌𑄢𑄴 𑄉𑄧𑄢𑄧 𑄚𑄨𑄎𑄧 𑄥𑄦𑄨𑄖𑄳𑄠।",Present
সিউলিতে এক রাজার ঝি,𑄥𑄨𑄃𑄪𑄣𑄨 𑄚𑄋𑄬 𑄃𑄬𑄇𑄴 𑄢𑄎 𑄏𑄨,Present
সে এক রাতে এক রাজার ঝি আসলো।,𑄃𑄬𑄖𑄴𑄬 𑄃𑄬𑄇𑄴 𑄢𑄬𑄎𑄳𑄠𑄧𑄖𑄴 𑄃𑄬𑄇𑄴 𑄢𑄎 𑄏𑄨 𑄃𑄬𑄣𑄧 ।,Past
তার নািভুি,𑄖 𑄚𑄋𑄴 𑄥𑄨𑄃𑄪𑄣𑄨 ।,Present
"রগচটা, রগচটা",𑄢𑄪𑄝𑄬𑄢𑄧𑄋𑄬 𑄞𑄢𑄨 𑄘𑄮𑄣𑄴 ।,Present
.গাছটা সুন্দর হেছে,𑄉𑄝𑄪𑄢𑄴 𑄥𑄪𑄚𑄴𑄘𑄧𑄢𑄴 𑄦𑄮𑄠𑄬 ।,Present
রাজাঝি বিে কথা,𑄢𑄎 𑄏𑄨 𑄝𑄨𑄣𑄨 𑄇𑄧𑄙 ।,Present
তার থেকে আর রুবে তার মতো সুন্দর পৃথিবীতে কিছুই নেই,𑄥𑄨𑄖𑄴𑄪𑄚𑄴 𑄃𑄢𑄧 𑄢𑄪𑄝𑄬𑄢𑄧𑄋𑄬 𑄖 𑄙𑄮𑄇𑄳𑄠𑄬 𑄘𑄮𑄣𑄴 𑄃𑄬 𑄛𑄨𑄖𑄴𑄗𑄨𑄟𑄨𑄖𑄴 𑄇𑄨𑄠𑄬𑄭 𑄚𑄬𑄭 ।,Present
. মানে সত্যি সত্যি তাকে নিে যাওার কোন মানে নেই,𑄟𑄚𑄬𑄭 𑄛𑄪𑄢𑄨𑄖𑄴 𑄟𑄚𑄬𑄭𑄣𑄧𑄉𑄧𑄖𑄴𑄪𑄚𑄴 𑄖𑄢𑄬 𑄣𑄧𑄝𑄢𑄴 𑄟𑄚𑄬𑄭 𑄚𑄬𑄭 ।,Present
রাজা মনে মনে তার স্ত্রীর জন্য অপেক্ষা করতেছে,𑄢𑄎 𑄟𑄧𑄚𑄬 𑄟𑄧𑄚𑄬 𑄖 𑄏𑄨𑄝𑄱𑄖𑄳𑄠𑄬𑄠𑄴 𑄎𑄟𑄬𑄃𑄨 𑄗𑄮𑄉𑄭 ।,Present
এক সম বাতাস আসা-আসা করার দিনে বোর শব্দ করে রাজার মেেটি কাঁদতেছে,𑄃𑄬𑄇𑄴 𑄥𑄧𑄟𑄧𑄠𑄴 𑄞𑄘𑄧 𑄃𑄪𑄢𑄧-𑄃𑄪𑄢𑄨 𑄃𑄏𑄨𑄚𑄴 𑄉𑄧𑄢-𑄉𑄧𑄢𑄨 𑄘𑄨𑄚𑄮𑄖𑄴 𑄝𑄬𑄚𑄳𑄠 𑄌𑄨𑄇𑄴𑄌𑄨𑄇𑄳𑄠 𑄉𑄧𑄢𑄨 𑄝𑄬𑄣𑄧 𑄍𑄧𑄘𑄧𑄇𑄴 𑄢𑄎 𑄏𑄨 𑄥𑄨𑄃𑄪𑄣𑄨 𑄉𑄪𑄘𑄨𑄝𑄱𑄢𑄴 𑄜𑄪𑄉𑄪𑄘𑄨 𑄇𑄚𑄘𑄨 𑄥𑄮𑄟𑄴𑄬𑄉𑄨 ।,Present
রাজার মেে বোলটা খুব সুন্দর দিল,𑄢𑄎 𑄏𑄨 𑄝𑄬𑄣𑄧 𑄍𑄧𑄘𑄧𑄉𑄧𑄢𑄬 𑄞𑄢𑄨 𑄘𑄮𑄣𑄴 𑄘𑄬𑄣𑄧 ।,Past
সিউলি তার ছেলেকে কল দিে বলল-বা তুমি বিালের শব্দ করে ঠিক করো,𑄥𑄨𑄃𑄪𑄣𑄨 𑄖 𑄝𑄝𑄧𑄢𑄬 𑄇𑄧𑄣𑄧- 𑄝 𑄖𑄪𑄭 𑄝𑄬𑄣𑄧 𑄍𑄧𑄘𑄧𑄉𑄧𑄢𑄬 𑄎𑄟𑄬𑄭 𑄒𑄨𑄇𑄴 𑄉𑄧𑄢𑄴 ।,Past
পাহাে গেলে তাকে লোমবে,𑄟𑄪𑄭 𑄎𑄟𑄬𑄭 𑄣𑄧𑄣𑄬 𑄖𑄢𑄬 𑄣𑄮𑄟𑄴𑄝𑄬 ।,Future
রাজার বাতের পেকটা বেলের শব্দ করে তার স্ত্রীকে ভাত দিে দিতে যাচ্ছে,𑄢𑄎 𑄝𑄖𑄴𑄮 𑄛𑄬𑄇𑄴𑄱𑄘𑄨 𑄝𑄬𑄣𑄧 𑄍𑄧𑄘𑄧𑄉𑄧 𑄃𑄨𑄘𑄪 𑄖 𑄏𑄨𑄝𑄱 𑄥𑄨𑄃𑄪𑄣𑄨𑄢𑄬 𑄝𑄮 𑄘𑄨𑄝𑄢𑄴 𑄥𑄁𑄝𑄖𑄴 𑄛𑄘𑄬𑄣𑄧 ।,Present
সূর্য ডোবার সম বন্ধুদের সাথে কথা বলতে বলতে মুখে লোম উঠে না,𑄝𑄬𑄣𑄧 𑄍𑄧𑄘𑄧𑄉𑄬 𑄥𑄁𑄝𑄖𑄴 𑄜𑄨𑄢𑄬𑄭 𑄇𑄧𑄣𑄧 𑄟𑄪𑄭 𑄥𑄨𑄃𑄪𑄣𑄨𑄢𑄬 𑄚𑄧 𑄣𑄮𑄟𑄴 ।,Present
"আমি দেবপু, দেব মেে লোমে","𑄟𑄪𑄭 𑄘𑄬𑄝𑄧 𑄛𑄪𑄠𑄧, 𑄘𑄬𑄝𑄧 𑄟𑄨𑄣𑄬 𑄣𑄮𑄟𑄴𑄝𑄬 ।",Future
মনের দুঃখে রাজার মেে মরে গেল,𑄟𑄧𑄚𑄧 𑄘𑄪𑄉𑄬 𑄢𑄎 𑄏𑄨 𑄥𑄨𑄃𑄪𑄣𑄨 𑄟𑄧𑄢𑄨 𑄉𑄬𑄣𑄧 ।,Past
রাজার রেজার সবাই রাজার মেে মারা যা,𑄢𑄎 𑄢𑄬𑄎𑄳𑄠𑄢𑄴 𑄝𑄬𑄇𑄴 𑄟𑄚𑄪𑄌𑄴𑄪𑄚𑄬 𑄢𑄎 𑄏𑄨 𑄟𑄧𑄢𑄚𑄭 𑄦𑄠𑄴 𑄦𑄠𑄴 𑄉𑄧𑄣𑄴𑄣𑄇𑄴 ।,Present
সেখানে নিে দাহ করলাম,𑄥𑄨𑄘𑄳𑄠𑄖𑄴 𑄚𑄨𑄡𑄬𑄭 𑄘𑄦𑄧 𑄉𑄧𑄣𑄴𑄣𑄇𑄴𑄮𑄃𑄨 ।,Past
রাজা মেে সেটাে রাতে একটা সুন্দর গাছের চারা উঠল,𑄢𑄎 𑄏𑄨𑄝𑄱 𑄥𑄨𑄘𑄳𑄠𑄚𑄧𑄖𑄴 𑄢𑄬𑄘𑄬 𑄢𑄬𑄘𑄬 𑄃𑄬𑄇𑄴𑄇𑄱 𑄘𑄮𑄣𑄴 𑄉𑄏𑄧 𑄌𑄢 𑄃𑄪𑄘𑄨𑄣𑄧 ।,Past
গাছটি কলা ব হে আকাশে ফুল ফোটালো,𑄉𑄌𑄴𑄍𑄱 𑄇𑄧𑄎𑄧𑄟 𑄝𑄧𑄠𑄧𑄌𑄳𑄠 𑄦𑄮𑄃𑄨 𑄞𑄘𑄧 𑄃𑄪𑄢𑄧 𑄃𑄪𑄢𑄨 𑄃𑄎𑄨𑄚𑄧 𑄉𑄧𑄢 𑄉𑄧𑄢𑄨 𑄃𑄧𑄇𑄴𑄖𑄧𑄖𑄴 𑄢𑄬𑄘𑄮𑄖𑄴 𑄜𑄪𑄣𑄴 𑄜𑄪𑄘𑄧 𑄙𑄧𑄣𑄴𑄣𑄇𑄴 ।,Past
.ফুলগুলো বিালের মতো শেষ হে পতেছে,𑄜𑄪𑄣𑄪𑄚𑄴 𑄝𑄬𑄣𑄧 𑄍𑄧𑄘𑄧𑄇𑄴 𑄜𑄪𑄢𑄨𑄝𑄢𑄴 𑄃𑄉𑄬𑄘𑄨 𑄏𑄧𑄢𑄨 𑄛𑄧𑄢𑄧𑄚𑄴 ।,Present
সিউলি ফুল গাছ হওার জন্য এখানে জীবনে কখনো বিালের শব্দ শুনতে পারবো না,𑄥𑄨𑄃𑄪𑄣𑄨 𑄜𑄪𑄣𑄴 𑄉𑄌𑄴 𑄦𑄮𑄃𑄨 𑄟𑄚𑄬𑄭 𑄃𑄨𑄘𑄪 𑄖𑄬𑄚𑄬𑄭 𑄎𑄨𑄝𑄧𑄚𑄬 𑄎𑄨𑄝𑄧𑄚𑄬 𑄝𑄬𑄣𑄧 𑄍𑄧𑄘𑄧𑄉𑄧𑄢𑄴 𑄟𑄪𑄠𑄚𑄴 𑄚𑄧 𑄌𑄬𑄝𑄢𑄴 𑄃𑄬𑄉𑄬𑄟𑄴 𑄉𑄧𑄌𑄴𑄍𑄬 ।,Future
রাণি কালি,𑄢𑄕𑄨 𑄇𑄣𑄨𑄚𑄴𑄘𑄨,Present
চামার ইতিহাসে রাণি কালি একটা মনে পতেছে,𑄌𑄋𑄴𑄟 𑄎𑄘𑄧𑄢𑄴 𑄃𑄨𑄖𑄨𑄦𑄥𑄧𑄖𑄴 𑄢𑄕𑄨 𑄇𑄣𑄨𑄚𑄴𑄘𑄨 𑄃𑄬𑄇𑄴𑄈𑄚𑄴 𑄟𑄧𑄚𑄧𑄖𑄴 𑄢𑄉𑄬𑄝𑄢𑄴 𑄚𑄋𑄴।,Present
কুাকুা গোজা দিে নাচ করতেছে,𑄇𑄪𑄢𑄳𑄦𑄧𑄇𑄪𑄑𑄳𑄠 𑄉𑄮𑄎𑄢𑄴 𑄉𑄪𑄎𑄋𑄳𑄠 𑄚𑄋𑄬 𑄎𑄪𑄟𑄴𑄧 𑄉𑄧𑄢𑄧𑄢𑄴 𑄟𑄨𑄣𑄬 𑄇𑄣𑄝𑄨।,Present
চাংমা রাজার মতো ব ব বক্স খাওা এক দিন সে জমিতে পানি খেে চলে গেল,𑄌𑄋𑄴𑄟 𑄢𑄎 𑄙𑄧𑄢𑄧𑄟𑄴 𑄝𑄧𑄇𑄴𑄥𑄧 𑄈𑄀 𑄃𑄬𑄇𑄴𑄘𑄨𑄚𑄴 𑄥𑄨𑄇𑄢𑄧𑄖𑄴 𑄉𑄬𑄣𑄬 𑄉𑄪𑄎𑄋𑄳𑄠 𑄌𑄋𑄴𑄟 𑄎𑄪𑄟𑄴 𑄊𑄧𑄢𑄧𑄖𑄴 𑄛𑄚𑄨 𑄈𑄬𑄝𑄖𑄳𑄠𑄭 𑄃𑄪𑄑𑄳𑄠𑄬।,Past
এখন কালোজাদু সাথে রাজার ছবি হ,𑄥𑄬𑄇𑄴𑄇𑄬 𑄇𑄣𑄝𑄨 𑄥𑄧𑄟𑄢𑄬 𑄢𑄎𑄢𑄴 𑄘𑄬𑄊 𑄦𑄧𑄠𑄴।,Present
পা রাজা কালাবিকে নিে কালোজাদু নাচে,𑄛𑄧𑄢𑄬 𑄢𑄎 𑄇𑄣𑄝𑄨𑄢𑄬 𑄣𑄰𑄱𑄚𑄬 𑄇𑄣𑄨𑄚𑄴𑄘𑄨 𑄚𑄋𑄴 𑄗𑄧𑄠𑄴।,Present
সে থেকে কালোজাদু সংস্কৃতির সাথে পরিচিত হেছে,𑄥𑄨𑄖𑄴𑄪𑄚𑄴 𑄙𑄧𑄢𑄨 𑄇𑄣𑄝𑄨 𑄢𑄕𑄨 𑄇𑄣𑄨𑄚𑄴𑄘𑄨 𑄚𑄋𑄬 𑄛𑄧𑄢𑄨𑄌𑄨𑄖𑄧 𑄦𑄧𑄠𑄬।,Present
৮১০২ সালে রাজা ধর বক্স খাঁ মরে যা,𑄷𑄾𑄹𑄸 𑄈𑄳𑄢𑄨𑄌𑄴𑄑𑄛𑄴𑄘𑄧𑄖𑄴 𑄢𑄎 𑄙𑄧𑄢𑄧𑄟𑄴 𑄝𑄧𑄇𑄴𑄥𑄧 𑄈𑄀 𑄟𑄧𑄢𑄨 𑄡𑄠𑄴।,Present
.রান্না থেকে বের না হওার সম সে রাতের বেলা বের হে গেল,𑄢𑄕𑄨𑄖𑄴𑄗𑄪𑄚𑄴 𑄛𑄪𑄠 𑄚𑄧 𑄗𑄚𑄠𑄴 𑄃 𑄢𑄎𑄢𑄴 𑄎𑄪𑄘 𑄉𑄧𑄧𑄢𑄧𑄢𑄴 𑄛𑄪𑄠 𑄚𑄝𑄣𑄧𑄇𑄴 𑄃𑄧𑄚𑄭 𑄢𑄬𑄎𑄳𑄠𑄧𑄖𑄴 𑄎𑄥𑄪𑄣𑄪𑄇𑄴 𑄘𑄬𑄊𑄘𑄬।,Past
৮১২৭. সালে বছর সূর্য ডোবার সমে ২৫০৩ জমা দিে সূর্য ডোবার সমে ভাত খাওার সম,𑄷𑄾𑄹𑄽 𑄈𑄳𑄢𑄨𑄌𑄴𑄑𑄛𑄴𑄘𑄧𑄖𑄴 𑄢𑄕𑄨 𑄝𑄧𑄎𑄧𑄢𑄬 𑄸𑄻𑄾𑄹 𑄎𑄧𑄟𑄠𑄴 𑄃𑄨𑄎𑄢 𑄣𑄰𑄱𑄚𑄬 𑄷𑄾𑄺𑄺 𑄈𑄳𑄢𑄨𑄌𑄴𑄑𑄛𑄴𑄘𑄧𑄖𑄴 𑄢𑄬𑄎𑄳𑄠𑄧 𑄥𑄥𑄧𑄚𑄴 𑄉𑄧𑄢𑄨𑄝𑄢𑄴 𑄃𑄧𑄙𑄨𑄇𑄢𑄴 𑄛𑄭।,Present
"সূর্য ডোবার সম এলাকার আলো আঁধারি আসলো-পুে লুসা পাতা,উত্তরে নিমজ্জন রাত,উত্তরে বিঝুর আলো","𑄢𑄕𑄨 𑄇𑄣𑄨𑄚𑄴𑄘𑄨𑄢𑄴 𑄥𑄥𑄧𑄚𑄴 𑄃𑄟𑄧𑄣𑄧𑄖𑄴 𑄃𑄬𑄣𑄇𑄢𑄴 𑄥𑄨𑄟𑄚 𑄃𑄬𑄣𑄧- 𑄛𑄪𑄉𑄬 𑄣𑄪𑄥𑄭 𑄛𑄦𑄢𑄴, 𑄛𑄧𑄌𑄴𑄨𑄟𑄬 𑄚𑄨𑄎𑄟𑄴𑄛𑄪𑄢𑄴 𑄢𑄌𑄴𑄖, 𑄃𑄪𑄖𑄴𑄧𑄢𑄬 𑄜𑄬𑄕𑄨𑄉𑄁 𑄃 𑄘𑄧𑄉𑄨𑄚𑄬 𑄥𑄧𑄁𑄈𑄧𑄉𑄁।",Past
সূর্য ডোবার সম দুইজনে মিলে,𑄢𑄕𑄨 𑄇𑄣𑄨𑄚𑄴𑄘𑄨 𑄃𑄬𑄣𑄧 𑄥𑄙𑄨𑄚𑄴 𑄛𑄳𑄢𑄧𑄇𑄨𑄖𑄨𑄢𑄴 𑄟𑄨𑄣𑄬।,Present
তার এলার্জির ভাব,𑄖𑄢𑄴 𑄃𑄬𑄣𑄧 𑄢𑄌𑄴𑄚𑄰𑄖𑄨𑄇𑄴 𑄌𑄨𑄘-𑄞𑄝𑄧𑄚।,Present
৮১৫৫. শীতকালে কেকটা কুকুর তাাতাি দৌাদৌি করে,𑄷𑄾𑄼𑄼 𑄈𑄳𑄢𑄨𑄌𑄴𑄑𑄛𑄴𑄘𑄧𑄖𑄴 𑄇𑄳𑄠𑄛𑄴𑄑𑄬𑄚𑄴 𑄣𑄪𑄃𑄨𑄚𑄴 𑄥𑄝𑄧 𑄥𑄧𑄟𑄢𑄬 𑄖𑄢𑄴 𑄘𑄨𑄟𑄧𑄖𑄴 𑄗𑄚𑄠𑄴 𑄚𑄚𑄙𑄧𑄇𑄳𑄠 𑄇𑄧𑄎𑄳𑄠-𑄇𑄬𑄣𑄬𑄁𑄇𑄢𑄴 𑄦𑄧𑄠𑄴।,Present
যেখানে সেখানে তার রেজটা দুই ভাগ করা হ,𑄡𑄨𑄠𑄚𑄧𑄖𑄳𑄠𑄭 𑄖 𑄢𑄬𑄎𑄳𑄠𑄧𑄃𑄚𑄴 𑄘𑄨-𑄞𑄇𑄴 𑄉𑄧𑄢 𑄦𑄧𑄠𑄴।,Present
এক জাতী বুনো শাকের মাথা চুল পে না,𑄟𑄖𑄴𑄖𑄧𑄢𑄴 𑄢𑄕𑄨 𑄝𑄳𑄢𑄨𑄑𑄨𑄌𑄴 𑄥𑄥𑄧𑄇𑄴𑄪𑄚𑄧 𑄇𑄠𑄴 𑄟𑄙 𑄚𑄧 𑄛𑄘𑄬।,Present
সূর্য ডোবার সম সব জাগা সমান গর্ত,𑄢𑄕𑄨 𑄢𑄬𑄎𑄳𑄠𑄧𑄢𑄴 𑄝𑄬𑄇𑄴 𑄎𑄘𑄧𑄢𑄴𑄛𑄳𑄢𑄧𑄖𑄨 𑄥𑄧𑄁 𑄝𑄨𑄌𑄢𑄴 𑄉𑄧𑄢𑄴𑄖𑄧।,Present
সব মলা ভালো করে দেখ,𑄝𑄬𑄇𑄴 𑄟𑄚𑄴𑄎𑄳𑄠𑄧𑄢𑄴 𑄞𑄣𑄬𑄖𑄴 𑄌𑄬𑄘𑄧।,Present
"তার আমল সে মলা,বুদ্ধমন্দির তৈরি করে","𑄖 𑄃𑄟𑄧𑄣𑄧𑄖𑄴 𑄖𑄬 𑄟𑄧𑄌𑄴𑄎𑄨𑄖𑄴, 𑄝𑄪𑄖𑄴𑄙𑄧𑄟𑄧𑄚𑄴𑄘𑄨𑄢𑄴 𑄝𑄚𑄬𑄭 𑄘𑄨𑄠𑄬।",Present
.পানির সুবিধা দিে দিে দিে,𑄛𑄚𑄨𑄢𑄴 𑄥𑄪𑄝𑄨𑄙𑄖𑄳𑄠𑄭 𑄘𑄨𑄊𑄨 𑄈𑄪𑄢𑄨 𑄘𑄨𑄠𑄬।,Present
তার স্বামীর সাথে রাগ করে বাজারটা রাজার হাত ধরে আছে,𑄖 𑄚𑄬𑄇𑄴𑄮𑄢𑄴 𑄥𑄳𑄢𑄨𑄖𑄨 𑄢𑄉𑄬𑄝𑄖𑄳𑄠𑄭 𑄝𑄎𑄢𑄚𑄴 𑄢𑄎𑄢𑄴𑄦𑄖𑄴 𑄚𑄋𑄴 𑄗𑄰𑄱𑄠𑄬।,Present
বুো ধর্ম ঠিক করার সমে আরাকান থেকে বৌদ্ধ সন্ন্যাসীদেরকে রাজানগরে নিে আসা হেছে,𑄝𑄪𑄖𑄴𑄙𑄧 𑄙𑄧𑄢𑄴𑄟𑄧 𑄗𑄨𑄘𑄧 𑄉𑄧𑄢𑄨𑄝𑄖𑄴𑄖𑄬𑄭 𑄷𑄾𑄻𑄼 𑄈𑄳𑄢𑄨𑄌𑄴𑄑𑄛𑄴𑄘𑄧𑄖𑄴 𑄃𑄢𑄇𑄚𑄧𑄖𑄴𑄗𑄪𑄚𑄴 𑄥𑄧𑄁𑄊𑄧𑄢𑄌𑄴 𑄥𑄢𑄧𑄠𑄬𑄙𑄧 𑄟𑄧𑄦𑄌𑄴𑄗𑄧𑄝𑄨𑄢𑄧𑄢𑄬 𑄢𑄎𑄚𑄧𑄉𑄧𑄢𑄧𑄖𑄴 𑄃𑄚𑄨𑄚𑄬𑄭 𑄷𑄸𑄽𑄹 𑄥𑄧𑄚𑄬 𑄾 𑄌𑄮𑄖𑄴𑄖𑄳𑄢𑄧 𑄝𑄪𑄖𑄴𑄙𑄧 𑄟𑄧𑄚𑄴𑄘𑄨𑄢𑄴 𑄝𑄚𑄬𑄭𑄠𑄬।,Present
মন্দির কোতে রোদ পেছে,𑄟𑄧𑄚𑄴𑄘𑄨𑄢𑄧 𑄇𑄬𑄠𑄖𑄴 𑄢𑄕𑄨𑄢𑄴 𑄃𑄪𑄛𑄧𑄘𑄬𑄌𑄴 𑄣𑄬𑄊 𑄃𑄰𑄠𑄬।,Present
এই বুদ্ধ মন্দিরটা রাজানগরে আছে,𑄃𑄬 𑄝𑄪𑄖𑄴𑄙𑄧 𑄟𑄧𑄚𑄴𑄘𑄨𑄢𑄴𑄝𑄧 𑄢𑄎𑄚𑄧𑄉𑄧𑄢𑄧𑄖𑄴 𑄃𑄬𑅄𑄧 𑄃𑄊𑄬।,Present
বৌদ্ধ ধর্ম ছোার সমে চাকমারা নীল কমল দাসকে পূজা করে,𑄝𑄪𑄖𑄴𑄙𑄧 𑄙𑄧𑄢𑄴𑄟𑄧 𑄍𑄮𑄢𑄬𑄭𑄝𑄖𑄳𑄠𑄭 𑄝𑄢𑄴𑄟 𑄇𑄧𑄘𑄠𑄴 𑄣𑄬𑄊 𑄗𑄘𑄪𑄖𑄮𑄠𑄧 𑄝𑄰𑄝𑄧 𑄝𑄁𑄣 𑄞𑄥𑄖𑄴 𑄚𑄨𑄣𑄴𑄇𑄧𑄟𑄧𑄣𑄴 𑄘𑄥𑄧𑄢𑄬 𑄘𑄨 𑄃𑄧𑄚𑄪𑄝𑄖𑄴 𑄉𑄧𑄢𑄬𑄭𑄠𑄬।,Present
সে নাাচাা করে,𑄥𑄨𑄝 𑄚𑄋𑄴 𑄝𑄮𑄖𑄴𑄙𑄧𑄢𑄧𑄚𑄴𑄎𑄨𑄇𑄴।,Present
চামা খাওা,𑄌𑄋𑄴𑄟 𑄈𑄚,Present
দৌাদৌি করে চামা খাওা আছে,𑄝𑄝𑄧𑄘𑄧𑄢𑄴 𑄝𑄝𑄧𑄘𑄧𑄢𑄴 𑄝𑄃𑄨𑄚𑄨 𑄉𑄧𑄢𑄬-𑄛𑄢 𑄌𑄋𑄴𑄟 𑄈𑄚 𑄃𑄊𑄬।,Present
নানা ধরনের খাবার দিে খেতে মনে হ,𑄚𑄚 𑄙𑄧𑄉𑄬 𑄝𑄚𑄬𑄃𑄨𑄠 𑄈𑄚𑄚𑄨 𑄘𑄬𑄣𑄬 𑄈𑄬𑄝𑄢𑄴 𑄟𑄧𑄚𑄬 𑄇𑄧𑄠𑄴’ 𑄈𑄬𑄣𑄬 𑄥𑄱𑄖𑄴 𑄣𑄉𑄬।,Present
.পুা: আসা যাওা করার সম চাংমাহ্ কি কি খাওা খা,𑄛𑄪𑄌𑄴𑄎𑄳𑄠 : 𑄃𑄥𑄪𑄚𑄧𑄖𑄴 𑄛𑄪𑄢𑄨 𑄌𑄋𑄴𑄟𑄭 𑄇𑄨𑄏𑄪 𑄇𑄨𑄏𑄪 𑄈𑄚 𑄈𑄚𑄴।,Present
"আলু, মোা, শিমের বিচি, শিমের বিচি, সিদোল, সিদোল, সিদোল প্রভৃতি","𑄡𑄬𑄚𑄴: 𑄃𑄣𑄪, 𑄟𑄮𑄇𑄴𑄳𑄠, 𑄥𑄪𑄟𑄨-𑄝𑄨𑄎𑄨, 𑄇𑄖𑄴𑄗𑄮𑄣𑄴-𑄝𑄨𑄎𑄨, 𑄥𑄪𑄉𑄪𑄚𑄨, 𑄝𑄬𑄢𑄴𑄟, 𑄥𑄨𑄘𑄮𑄣𑄴 𑄃𑄢𑄧 𑄚𑄚 𑄇𑄨𑄏𑄪।",Present
"সে: সেই গাছে লবণ, মরিচ, হলুদগুলো আগুনে সিদ্ধ করে খা, যেন: মাছ-মাংস এগুলো","𑄥𑄨𑄇𑄴𑄳𑄠 : 𑄥𑄨𑄉𑄧𑄖𑄴 𑄉𑄙𑄬𑄃𑄨 𑄚𑄪𑄚𑄴, 𑄟𑄧𑄢𑄨𑄌𑄴, 𑄦𑄮𑄣𑄮𑄖𑄴𑄉𑄪𑄣𑄨 𑄃𑄉𑄪𑄚𑄧𑄖𑄴 𑄥𑄨𑄉𑄨 𑄌𑄋𑄴𑄟𑄭 𑄈𑄚𑄴, 𑄡𑄬𑄚𑄴 : 𑄟𑄌𑄴-𑄥𑄨𑄇𑄴𑄳𑄠, 𑄦𑄬𑄢-𑄥𑄨𑄇𑄴𑄳𑄠 𑄃𑄨𑄠𑄚𑄨 ।",Present
"কেবাং: যোগার করে লবণ, মরিচ,লোনা গোল কলা দিে রান্না করলে কেবাং হ,যেমন: শুকর কেবাং,মাছ কেবাং","𑄇𑄬𑄝𑄁 : 𑄡𑄮𑄉𑄢𑄴 𑄉𑄮𑄢𑄨 𑄚𑄪𑄚𑄴, 𑄟𑄧𑄢𑄨𑄌𑄴, 𑄦𑄮𑄣𑄮𑄖𑄴 𑄉𑄪𑄣𑄨 𑄇𑄧𑄣-𑄛𑄘𑄣𑄮𑄃𑄨 𑄟𑄧𑄎 𑄉𑄮𑄢𑄨 𑄃𑄤𑄢-𑄃𑄪𑄉𑄪𑄢𑄬 𑄛𑄨𑄣𑄖𑄴 𑄛𑄚𑄨𑄚𑄬𑄭 𑄉𑄧𑄢𑄨 𑄥𑄨𑄎𑄬𑄣𑄬 𑄇𑄬𑄝𑄁 𑄦𑄧𑄠𑄴, 𑄡𑄬𑄚𑄴 : 𑄥𑄪𑄉𑄪𑄚𑄨-𑄇𑄬𑄝𑄁, 𑄟𑄌𑄴-𑄇𑄬𑄝𑄁 𑄃𑄨𑄠𑄚𑄨 ।",Present
".উচা: শুধু লবনাক্ত পানিতে চামা খা,যেমন: আলু,মা ইত্যাদি","𑄃𑄪𑄌𑄴𑄳𑄠 : 𑄝𑄚 𑄚𑄪𑄚𑄴 𑄘𑄨𑄚𑄬𑄭 𑄛𑄚𑄨𑄖𑄴 𑄃𑄪𑄎𑄨𑄠𑄧 𑄌𑄋𑄴𑄟𑄭 𑄈𑄚𑄴, 𑄡𑄬𑄚𑄴 : 𑄃𑄣𑄪, 𑄟𑄮𑄇𑄴𑄳𑄠, 𑄇𑄎𑄇𑄧𑄣, 𑄥𑄪𑄉𑄪𑄢𑄨-𑄃𑄣𑄪 𑄃𑄨𑄠𑄚𑄨 ।",Present
"গুঁো: মরিচগুলো দুইটা চুে খাওা, পিলের রানী পাতিলে গুঁো করে খা","𑄉𑄪𑄘𑄬𑄃𑄨𑄠 : 𑄟𑄧𑄢𑄨𑄌𑄴-𑄚𑄪𑄚𑄴 𑄘𑄨 𑄌𑄪𑄟𑄮𑄖𑄴, 𑄛𑄨𑄣𑄖𑄴 𑄢𑄚𑄨 𑄘𑄣𑄴𑄉𑄌𑄴𑄣𑄮𑄃𑄨 𑄉𑄪𑄘𑄬𑄃𑄨 𑄈𑄚𑄴 ।",Present
"মাছ,ইজা,সিম,সিোনাক,কুজুপাং ইানি","𑄡𑄬𑄚𑄴 : 𑄟𑄌𑄴, 𑄃𑄨𑄎, 𑄥𑄪𑄟𑄨, 𑄥𑄨𑄠𑄮𑄚𑄴𑄥𑄇𑄴, 𑄇𑄪𑄎𑄪𑄛𑄧𑄋 𑄃𑄨𑄠𑄚𑄨 ।",Present
".তাবাি: পিলের সম ঘন করে পানি দিে আসা,সিদোল,বো,নুন-মলা দুই পাে পানি নিে আসা","𑄖𑄝𑄘𑄳𑄠 : 𑄛𑄨𑄣𑄖𑄴 𑄎𑄧𑄉𑄢𑄴 𑄉𑄮𑄢𑄨 𑄛𑄚𑄨-𑄘𑄨 𑄃𑄨𑄎𑄉𑄪𑄢𑄨, 𑄥𑄨𑄘𑄮𑄣𑄴, 𑄝𑄬𑄢𑄴𑄟, 𑄚𑄪𑄚𑄴-𑄟𑄧𑄢𑄨𑄌𑄴 𑄘𑄨 𑄈𑄚𑄧𑄇𑄴𑄈𑄧𑄚𑄴 𑄛𑄚𑄨 𑄣𑄮𑄃𑄨 𑄥𑄨𑄎𑄚।",Present
"শিম, বেগুন,কোাল তরকারিতে ঝাি দিতে হ","𑄥𑄪𑄟𑄨, 𑄝𑄬𑄉𑄪𑄚𑄴, 𑄇𑄮𑄃𑄨𑄙𑄳𑄠 𑄖𑄝𑄃𑄚𑄧𑄖𑄴 𑄏𑄝𑄬𑄃𑄨𑄘𑄳𑄠 𑄛𑄧𑄢𑄬।",Present
চাংমাের তাাতাি বেশি ভালো পান,𑄌𑄋𑄴𑄟𑄭 𑄖𑄝𑄘𑄳𑄠 𑄝𑄬𑄌𑄴 𑄉𑄧𑄟𑄴 𑄛𑄚𑄴 ।,Present
"খলা-গোজসে লবণ, মরিচ, হলুদ গুলো গুঁা করে বানানোটা হলো খাা-গোা","𑄈𑄧𑄣-𑄉𑄮𑄌𑄴𑄎𑄳𑄠 : 𑄎𑄧𑄉𑄢𑄴 𑄉𑄮𑄢𑄨 𑄚𑄪𑄚𑄴, 𑄟𑄧𑄢𑄨𑄌𑄴, 𑄦𑄮𑄣𑄮𑄖𑄴𑄉𑄪𑄣𑄨 𑄌𑄪𑄉𑄪𑄚𑄧 𑄉𑄮𑄢𑄨 𑄢𑄚𑄚-𑄃𑄚𑄴 𑄦𑄮𑄣𑄮𑄘𑄬 𑄈𑄧𑄣-𑄉𑄧𑄌𑄴𑄎𑄳𑄠।",Present
"মাছ,ইজা,বিাল-হেরা, শুকর- শুকর এগুলো","𑄡𑄬𑄚𑄴: 𑄟𑄌𑄴, 𑄃𑄨𑄎, 𑄝𑄬𑄋𑄴-𑄦𑄬𑄢, 𑄥𑄪𑄉𑄮𑄢𑄴-𑄦𑄬𑄢 𑄃𑄨𑄠𑄚𑄨 ।",Present
"ভাজা: তেলে ভাজা আলু, ডিম, মাংস খাওা","𑄞𑄎 : 𑄖𑄬𑄣𑄧𑄖𑄴 𑄞𑄎 𑄉𑄮𑄢𑄨 𑄃𑄣𑄪, 𑄝𑄧𑄘, 𑄦𑄬𑄢 𑄌𑄋𑄴𑄟𑄭 𑄈𑄚𑄴।",Present
"চামা: চামা,বাগোা,পাহাের ছাা দিে মাংস খাওা","𑄢𑄚𑄴𑄳𑄠 : 𑄌𑄋𑄴𑄟𑄭 𑄟𑄧𑄏𑄧𑄣𑄴𑄣, 𑄜𑄪𑄎𑄨, 𑄝𑄉𑄮𑄢𑄴, 𑄥𑄝𑄢𑄋𑄴 𑄘𑄨 𑄦𑄬𑄢, 𑄟𑄌𑄴 𑄢𑄚𑄨 𑄈𑄚𑄴।",Present
".পজ্জোনে দো: পোগেনে দিে বিনি ভাত,নিে পিঠা, আলু,সুগন্ধি ভাবে সেখানে চাংমাম খা","𑄛𑄮𑄉𑄮𑄚𑄧𑄖𑄴 𑄘𑄳𑄠 : 𑄛𑄮𑄉𑄮𑄚𑄧𑄖𑄴-𑄘𑄨 𑄝𑄨𑄚𑄨-𑄞𑄖𑄴, 𑄝𑄨𑄚𑄨-𑄛𑄨𑄙, 𑄥𑄚𑄴𑄳𑄠-𑄛𑄨𑄙, 𑄇𑄧𑄣-𑄛𑄨𑄙, 𑄃𑄣𑄪, 𑄥𑄪𑄉𑄪𑄢𑄨𑄉𑄪𑄣𑄧 𑄞𑄝𑄬 𑄥𑄨𑄖𑄴𑄘𑄧 𑄉𑄮𑄢𑄨 𑄌𑄋𑄴𑄟𑄭 𑄈𑄚𑄴 ।",Present
".চামা মাটি: ফুজি,বাগোা-বুো,মাঝখানে বাি,আম,পেঁা,পেঁা,পেঁা-রুন,লবণ,পেঁা,পঁা-রুন,পেঁা-আি,লবনা-আম,লবনা-মা,লবনা-মেে,লবনা-মেে,আবোল-বোল,আবোল-বোল,আবোল-নেওাচামা-ওাা","𑄌𑄋𑄴𑄟 𑄟𑄧𑄏𑄧𑄣𑄴𑄣 : 𑄜𑄪𑄎𑄨, 𑄝𑄉𑄮𑄢𑄴, 𑄝𑄨𑄣𑄘𑄨-𑄝𑄉𑄮𑄢𑄴, 𑄥𑄝𑄢𑄋𑄴, 𑄟𑄌𑄴𑄌𑄱-𑄝𑄉𑄮𑄢𑄴/𑄟𑄖𑄴𑄖𑄳𑄠 𑄝𑄉𑄮𑄢𑄴, 𑄝𑄧𑄢𑄧𑄚-𑄛𑄘, 𑄇𑄎-𑄟𑄧𑄢𑄨𑄌𑄴/𑄛𑄉𑄚-𑄟𑄧𑄢𑄨𑄌𑄴, 𑄃𑄘, 𑄦𑄮𑄣𑄮𑄖𑄴, 𑄚𑄪𑄚𑄴, 𑄛𑄬𑄀𑄠𑄌𑄴 𑄃 𑄢𑄮𑄚𑄴।",Present
বোই-মা,𑄞𑄮𑄙𑄬𑄭 ’𑄟‘,Present
আগে আমাদের চাকমা সমে মনে করতো এক দেবতা এসেছে,𑄃𑄉𑄬𑄘𑄨 𑄃𑄟𑄳𑄦 𑄌𑄋𑄴𑄟 𑄥𑄧𑄟𑄧𑄎𑄧𑄖𑄴 𑄟𑄧𑄚𑄬 𑄉𑄧𑄖𑄴𑄖𑄇𑄴 𑄞𑄮𑄙𑄬𑄭 ’𑄟‘ 𑄚𑄋𑄬 𑄃𑄬𑄇𑄴𑄱 𑄘𑄬𑄝𑄬𑄘 𑄃𑄬𑄣𑄧 ।,Past
তারা বিশ্বাস করে সেই দেবতাকে ঘুম থেকে উঠার সম সুসু করে ঘুমাতে গেলে রাতে আর ঘুম হ না,𑄖𑄢𑄳𑄦 𑄝𑄨𑄌𑄴𑄳𑄠𑄌𑄴 𑄉𑄧𑄢𑄨𑄘𑄇𑄴 𑄥𑄬 𑄘𑄬𑄝𑄬𑄘𑄝𑄱𑄢𑄬 𑄊𑄪𑄟𑄧𑄖𑄴 𑄛𑄧𑄖𑄴𑄬 𑄎𑄪 𑄎𑄪 (𑄥𑄣𑄟𑄴) 𑄉𑄧𑄢𑄨 𑄊𑄪𑄟𑄴 𑄉𑄬𑄣𑄬𑄉𑄮𑄃𑄨 𑄢𑄬𑄘𑄮𑄖𑄴 𑄟𑄪𑄘𑄨 𑄚𑄧-𑄛𑄠𑄴 ।,Present
সে সমে বুো বুো বাচ্চারা ঘুম থেকে উঠার সম সালাম করে ঘুমা,"𑄥𑄬𑄣𑄧𑄇𑄴𑄬 𑄥𑄧𑄟𑄎𑄧𑄖𑄴 𑄝𑄪𑄢𑄳𑄦𑄧 𑄝𑄪𑄢𑄨𑄠𑄬 𑄛𑄱 𑄥𑄝𑄃𑄪𑄚𑄧𑄢𑄬 𑄊𑄪𑄟𑄧𑄖𑄴 𑄛𑄧𑄖𑄴𑄬 𑄢𑄬𑄘𑄮𑄖𑄴 𑄡𑄪𑄚𑄨 𑄟𑄪𑄘𑄨𑄣𑄬, 𑄎𑄪 𑄎𑄪 (𑄥𑄣𑄟𑄴) 𑄉𑄧𑄢𑄨 𑄊𑄪𑄟𑄧𑄖𑄴 𑄛𑄧𑄢 𑄝𑄎𑄬𑄭 𑄘𑄨𑄘𑄇𑄴 ।",Present
.সে হলুদ রঙের পাচা থেকে পাচাটা বের করে পালিে যাচ্ছে,𑄥𑄨𑄝𑄬 𑄦𑄧𑄣𑄧𑄘𑄬 𑄤𑄧𑄣𑄮𑄚𑄴 𑄥𑄣𑄧𑄢𑄴 𑄛𑄌𑄴𑄌𑄱 𑄛-𑄘𑄮𑄣𑄖𑄴𑄪𑄚𑄴 𑄟𑄪𑄎𑄪𑄋𑄬𑄘𑄨 𑄖𑄨𑄚𑄴𑄚𑄱 𑄛-𑄘𑄮𑄣𑄖𑄴𑄪𑄚𑄴 𑄝𑄬𑄉𑄧 𑄥𑄧𑄁𑄟𑄧𑄙𑄳𑄠𑄬 𑄛-𑄘𑄮𑄣𑄝𑄱 ।,Present
ভে তাকে কিছু লাগেনা শুধু একটা মানুষ বললে হ,𑄞𑄮𑄙𑄬𑄭𑄟𑄢𑄬 𑄎𑄪 𑄎𑄪 (𑄥𑄣𑄟𑄴) 𑄉𑄧𑄖𑄴𑄬 𑄇𑄨𑄌𑄴𑄪 𑄚𑄧-𑄣𑄉𑄬 𑄝𑄚 𑄃𑄬𑄇𑄴𑄇𑄱 𑄟𑄚𑄴𑄘𑄧𑄢𑄴 𑄇𑄧𑄣𑄬 𑄦𑄧𑄠𑄴 ।,Present
সে নিচ পর্যন্ত দেখে নিল,𑄥𑄨𑄝𑄬 𑄖𑄧𑄣𑄬𑄘𑄨 𑄣𑄬𑄊𑄨 𑄘𑄨𑄣𑄪𑄁---,Past
.ওই ভাই-ওই মা,’’ 𑄤𑄧 𑄞𑄮𑄙𑄬𑄭 𑄟 ‘‘,Present
"হাত দিে, হাত দিে জুে করিও","𑄦𑄖𑄴𑄎𑄪𑄢𑄴 𑄉𑄧𑄢𑄨, 𑄦𑄘𑄪𑄛𑄢𑄨 𑄎𑄪 𑄎𑄪 𑄉𑄧𑄢𑄧𑄋𑄧𑄢𑄴 ,",Present
সুাতে তোমাকে একটি কথা বলতেছি,𑄥𑄪𑄖𑄴𑄙𑄧𑄟𑄧𑄚𑄬 𑄖𑄧𑄢𑄬 𑄃𑄬𑄇𑄴𑄇𑄚𑄴 𑄇𑄮𑄎𑄮𑄣𑄨 𑄉𑄧𑄢𑄧𑄋𑄧𑄢𑄴 ।,Present
কজোলি করার মতো একটা কথা তোমার সাথে বলতেছি,"𑄇𑄮𑄎𑄮𑄣𑄨 𑄉𑄧𑄌𑄴𑄳𑄠 𑄃𑄬𑄇𑄴𑄇𑄚𑄴 𑄇𑄧𑄙 𑄖𑄧𑄖𑄴𑄪𑄚𑄴 𑄟𑄉𑄧𑄋𑄧𑄢𑄴 ,",Present
আমার ভিজে কাপ তোমাকে দিে,𑄟𑄧𑄢𑄴 𑄞𑄨𑄎𑄬 𑄇𑄝𑄧𑄢𑄚𑄴 𑄖𑄧𑄢𑄬 𑄘𑄨𑄚𑄬𑄭 -,Present
তোমার শুকরের কাপটা গরম হেছে,𑄖𑄧𑄢𑄴 𑄥𑄪𑄉𑄪𑄚𑄮 𑄇𑄝𑄧𑄢𑄚𑄴 𑄟𑄊𑄧𑄋𑄧𑄢𑄴 ।,Present
.এইটা ধরে আমার ভিজে কাপগুলো তোমার,"𑄃𑄬𑄌𑄴𑄳𑄠𑄖𑄴𑄪𑄚𑄴 𑄙𑄧𑄢𑄨 𑄟𑄧 𑄞𑄨𑄎𑄬 𑄇𑄝𑄧𑄢𑄚𑄴 𑄖𑄧𑄢𑄴 ,",Present
তোমার সুতার কাপগুলো আমার,𑄖𑄧 𑄥𑄪𑄉𑄪𑄚𑄮 𑄇𑄝𑄧𑄢𑄚𑄴 𑄟𑄧𑄢𑄴 ।,Present
সে কথাগুলো বলে আমার কথা শেষ করলাম,𑄥𑄨𑄠𑄚𑄴 𑄇𑄮𑄃𑄨𑄚𑄬𑄭 𑄟𑄧𑄢𑄴 𑄇𑄮𑄎𑄮𑄣𑄨 𑄗𑄪𑄟𑄴 𑄉𑄧𑄢𑄨𑄣𑄪𑄁,Past
শেষ করার সাথে সাথে,𑄗𑄪𑄟𑄴 𑄉𑄧𑄢𑄚𑄢𑄴 𑄣𑄧𑄉𑄬 𑄣𑄧𑄉𑄬 . . .,Present
তিন বার তোমাকে জুে নিে গেলাম,𑄖𑄨𑄚𑄴𑄝𑄢𑄴 𑄖𑄧𑄢𑄬 𑄎𑄪 𑄉𑄮𑄎𑄬𑄣𑄪𑄁 ।,Past
আমার কথা পা ভাত,𑄃𑄟𑄧𑄚𑄧 𑄇𑄧𑄙𑄖𑄴 𑄛𑄮𑄢𑄬𑄠 𑄞𑄌𑄴,Present
"১. ফুটো, ফুটো ২. ছিদ্র, ফুটো",𑄜𑄁𑄉𑄧𑄢,Present
জুে জুে,𑄎𑄪 𑄎𑄪,Present
এক জাতী বুনো ফল যা সবজি হিসেবে ব্যবহৃত হ,𑄈𑄳𑄦𑄧𑄣,Present
এক জাতী কচু,𑄖𑄬𑄟𑄟𑄁 𑄈𑄳𑄦𑄧𑄣,Present
নাছোবান্দা,𑄚𑄧𑄇𑄴𑄝𑄌𑄳𑄠 𑄉𑄧𑄢𑄴𑄝,Present
এক জাতী কচু,𑄃𑄇𑄴𑄟𑄮𑄣𑄨𑄟𑄴 𑄇𑄧𑄘𑄧𑄉𑄨,Present
এক জাতী কচু,𑄚𑄧𑄇𑄴𑄝𑄌𑄳𑄠 𑄇𑄧𑄘𑄧𑄉𑄨,Present
এক জাতী কচু,𑄟𑄳𑄦𑄧𑄣𑄙𑄢𑄴 𑄇𑄧𑄘𑄧𑄉𑄨,Present
"গুঁতানো, গুঁতানো",𑄗𑄪𑄝𑄬𑄠𑄳𑄠,Present
"সলাপরামর্শ, পরামর্শ",𑄥𑄧𑄣𑄴𑄣𑄘𑄢𑄴,Present
"নানি, ঠাকুরমা, ঠাকুরমা",𑄚𑄚𑄪,Present
হেঁচা নানি,𑄦𑄬𑄎𑄣𑄳𑄠 𑄚𑄚𑄪,Present
হেঁচা কাপ,𑄦𑄬𑄎𑄣𑄳𑄠 𑄇𑄝𑄨𑄘𑄁,Present
তর্কাতর্কি,𑄡𑄪𑄇𑄴𑄝𑄧𑄖𑄳𑄠 𑄇𑄝𑄨𑄘𑄁,Present
বাঁশের কঞ্চি,𑄝𑄖𑄮𑄠 𑄇𑄝𑄨𑄘𑄁,Present
দশ ভালো কাজ,𑄘𑄧𑄌𑄴 𑄞𑄣𑄬𑄘𑄨 𑄇𑄝𑄨𑄘𑄁,Present
মেে কাপ,𑄟𑄨𑄣𑄬 𑄇𑄝𑄨𑄘𑄁,Present
"১. আসা, আসা ২. আসা",𑄃𑄥𑄛𑄴,Present
"আঁচ, খামচি",𑄃𑄌𑄴,Present
"গ্রাম, গ্রাম",𑄃𑄘𑄟𑄳𑄠,Present
"আধাগোা, আধাগোা",𑄃𑄙𑄉𑄮𑄝,Present
"গুণ, বৈশিষ্ট্য, বৈশিষ্ট্য",𑄉𑄪𑄚𑄴,Present
চাকমা বর্ণমালার প্রথম পাঠ,𑄌𑄁𑄌𑄢,Present
"গরল, অম্ল, অম্ল",𑄉𑄧𑄢𑄧𑄌𑄴,Present
১. গণনা করা ২. গণনা করা,𑄟𑄉𑄚,Present
"এক জাতী বুনো ফল, যা সবজি হিসেবে ব্যবহৃত হ",𑄟𑄧𑄁𑄉,Present
দা,𑄘𑄧𑄌𑄴𑄳𑄠,Present
অব্যসূচক শব্দ,𑄃𑄚𑄴𑄎𑄟𑄬,Present
অব্য পদ,𑄃𑄧𑄚𑄣𑄧𑄢𑄴,Present
অব্য পদ,𑄃𑄳𑄦𑄧𑄢𑄴,Present
"কল, কল",𑄇𑄧𑄣𑄴,Present
তসা,𑄖𑄧𑄌𑄴𑄳𑄠,Present
হুক্কার আওাজ,𑄦𑄪𑄊𑄪𑄟𑄴,Present
"হৃষ্টপুষ্ট, মোটাসোটা",𑄦𑄧𑄢𑄚𑄴,Present
bdmean,𑄥𑄧𑄟𑄴,Present
"ছেঁা, ছেে যাওা",𑄥𑄬𑄘𑄚,Present
চারা গাছ,𑄌𑄢𑄢𑄴𑄝𑄱,Present
"সহোদর, সহোদর",𑄥𑄧𑄘𑄳𑄦𑄧𑄟𑄮𑄠𑄖𑄴,Present
লাল,𑄣𑄣𑄨,Present
"লুক, লুক",𑄣𑄪𑄇𑄴,Present
লেংটি,𑄣𑄬𑄋𑄪𑄢𑄴,Present
লবি,𑄣𑄧𑄝𑄨𑄠𑄧𑄖𑄴,Present
লেংটি,𑄣𑄬𑄟𑄴𑄝𑄭,Present
"এক জাতী বুনো ফল, যা সবজি হিসেবে ব্যবহৃত হ",𑄛𑄰𑄚𑄋𑄴,Present
"বোল, বোল",𑄝𑄮𑄣𑄴,Present
১. বেইন ২. বেইন,𑄝𑄬𑄚𑄴𑄘𑄢𑄴,Present
"বুো, বৃদ্ধ",𑄝𑄪𑄢𑄪𑄌𑄴,Present
"বুো, বৃদ্ধ",𑄝𑄪𑄖𑄴𑄙𑄨𑄘𑄨𑄛𑄴,Present
"১. বাা ২. বাা, বাা ৩. বাা, বাা ৪. বাা",𑄝𑄚𑄳𑄦,Present
বরবটি,𑄝𑄧𑄢𑄴𑄝𑄳𑄦𑄧,Present
এক জাতী বুনো ফল,𑄝𑄢𑄧𑄚𑄴𑄘𑄨,Present
"বোই, বোই",𑄝𑄬𑄢𑄬𑄖𑄴𑄳𑄠,Present
বেইন,𑄝𑄬𑄚𑄨,Present
বাবামা,𑄝𑄝𑄝𑄛𑄴𑄳𑄠,Present
বাঁশের মোক,𑄝𑄋𑄟𑄮𑄌𑄴𑄳𑄠,Present
"ব, বিরাট, বিশাল, বিশাল",𑄝𑄧𑄢𑄴,Present
"বস, বিশাল, বিশাল",𑄝𑄧𑄇𑄧𑄣𑄧𑄟𑄴,Present
"ব করা, ব করা",𑄝𑄳𑄦𑄧𑄡𑄚,Present
এক জাতী বুনো ফল,𑄌𑄉𑄣,Present
"১. বাঁশ, বাঁশ ২. বাঁশ",𑄝𑄟𑄴,Present
১. বাাবাি ২. বাাবাি,𑄝𑄝𑄧𑄚,Present
ধুধুক,𑄙𑄪𑄚𑄴𑄙𑄪𑄇𑄴,Present
ধন,𑄙𑄧𑄚𑄴,Present
"ভ, আতঙ্ক, আতঙ্ক",𑄘𑄧𑄢𑄧𑄥𑄧𑄚𑄴,Present
১. দশ ২. দশ,𑄘𑄧𑄌𑄴,Present
"ভ, আতঙ্ক, আতঙ্ক",𑄘𑄧𑄢𑄴𑄝𑄢𑄴,Present
"দুই ভাগ, দুই ভাগ",𑄘𑄨𑄎𑄬𑄢𑄴,Present
এক জাতী বুনো ফল,𑄘𑄨𑄎,Present
"দুই ভাগ, দুই ভাগ",𑄘𑄨𑄇𑄴𑄇𑄝𑄪𑄣𑄧,Present
দাঁিাবাি,𑄘𑄢𑄴𑄞𑄋,Present
"পা, পা",𑄗𑄬𑄙,Present
"দম, দম, দম",𑄘𑄧𑄟𑄴,Present
"থাম, পিলার, পিলার",𑄗𑄬𑄇𑄴,Present
"শেষ, শেষ, শেষ",𑄗𑄪𑄟𑄴,Present
তীর্যক,𑄖𑄨𑄢𑄮𑄌𑄴,Present
"তেতো, তেতো",𑄖𑄬𑄝𑄧𑄚𑄳𑄠,Present
"তেতো, তিতকুটে",𑄖𑄬𑄚𑄬𑄠𑄳𑄠,Present
"১. ঘর, ঘর ২. আবাসস্থল, আবাসস্থল",𑄗𑄚𑄴,Present
"তামাটে, তামাটে",𑄖𑄟𑄎,Present
"১. নামা, নামানো ২. তলানি হওা, তলানি হওা",𑄖𑄧𑄣𑄚,Present
তালা,𑄖𑄣𑄌𑄴,Present
বজ্রপাতের শব্দ,𑄖𑄪𑄝𑄮𑄣𑄴,Present
"১. তেজ, তেজ ২. তেজ",𑄖𑄧𑄌𑄴,Present
বজ্রপাতের শব্দ,𑄒𑄢𑄴,Present
ঢেঁা,𑄔𑄬𑄝𑄣𑄳𑄠,Present
১. ঢঙ ২. ঢঙ,𑄔𑄧𑄇𑄴,Present
১. ঢেঁা ২. ঢেঁি,𑄔𑄬𑄇𑄴,Present
১. ডগা ২. ডগা,𑄓𑄧𑄉,Present
"তেতো, তেতো",𑄑𑄘𑄬𑄭,Present
ঝাু,𑄏𑄎𑄨,Present
ঝাু,𑄏𑄇𑄴𑄝𑄎,Present
"শীত, শীত",𑄎𑄢𑄴,Present
"জোা, জোট, জোটবদ্ধ",𑄎𑄪𑄉𑄮𑄣𑄴,Present
চামা মুখের কথা,𑄌𑄋𑄴𑄟 𑄘𑄊𑄧 𑄇𑄧𑄙 𑄃 𑄝𑄇𑄴𑄙𑄢,Present
কান বন্ধ করলে মাথা আসে,𑄇𑄚𑄴 𑄖𑄚𑄨𑄣𑄬 𑄟𑄙 𑄃𑄬𑄎𑄬 ।,Present
মুরগির মুখে পোকা পা যা,𑄇𑄪𑄢𑄮 𑄟𑄪𑄠𑄧𑄖𑄴 𑄃𑄨𑄎𑄬 𑄛𑄧𑄎𑄳𑄠𑄬 𑄛𑄢 ।,Present
"খাওার সম আমাকে কাজ করতে হবে,তোমাকে কাজ করতে হবে","𑄈𑄚 𑄉𑄪𑄘𑄨𑄠𑄬 𑄟𑄧𑄢𑄬, 𑄇𑄟𑄧𑄉𑄪𑄘𑄨𑄠𑄬 𑄖𑄧𑄢𑄬।",Future
"গাছ চিনতে পারলে, মানুষ চিনতে আসলে","𑄉𑄌𑄴 𑄌𑄨𑄚𑄬 𑄝𑄉𑄧𑄣𑄬, 𑄟𑄚𑄪𑄥𑄴 𑄌𑄨𑄚𑄬 𑄃𑄥𑄧𑄣𑄬 ।",Present
".বাচ্চাটি দোলনা বসে, বানরটা দোলনা বসে","𑄉𑄪𑄠𑄮 𑄇𑄧𑄝𑄣𑄴 𑄥𑄪𑄢𑄪𑄋𑄧𑄖𑄴, 𑄝𑄚𑄴𑄘𑄧𑄢𑄧 𑄇𑄧𑄝𑄣𑄴 𑄑𑄢𑄬𑄋𑄧𑄖𑄴।",Present
"বাির ইঁদুরগুলো বো বো করলে,কোনো বো সহ্য হ না","𑄊𑄧𑄢𑄧 𑄃𑄪𑄚𑄴𑄘𑄪𑄢𑄬 𑄝𑄬𑄢𑄴 𑄇𑄟𑄬𑄢𑄬𑄣𑄬, 𑄇𑄧𑄚𑄧 𑄝𑄬𑄢𑄬 𑄖𑄚𑄴 𑄚𑄧 𑄟𑄚𑄬।",Present
চে চে ঝোল শুে যাওা,𑄌𑄉𑄨 𑄌𑄘𑄬 𑄌𑄘𑄬 𑄏𑄪𑄣𑄴 𑄥𑄪𑄉𑄠𑄴 ।,Present
পাহাে পাহাি ভরা পাহাি,𑄍𑄪𑄌𑄴 𑄞𑄧𑄢𑄘𑄬 𑄞𑄧𑄢𑄘𑄬 𑄈𑄪𑄢𑄮𑄣𑄴 𑄞𑄧𑄢𑄠𑄴।,Present
যেখানে সেখানে কাঁকার গাে কাঁটা দেওা হ,𑄎𑄘𑄬 𑄎𑄖𑄴 𑄖𑄮𑄉𑄭 𑄇𑄋𑄢𑄭 𑄊𑄖𑄴 𑄖𑄮𑄉𑄭 ।,Present
".জে এক হারাম,বিে আরেক হারাম","𑄎𑄟𑄬𑄭 𑄃𑄬𑄇𑄴 𑄦𑄢𑄟𑄴, 𑄝𑄨𑄣𑄬𑄭 𑄃𑄬𑄇𑄴 𑄦𑄢𑄟𑄴।",Present
". ঝোলের উপরে ঘা, সমে গা","𑄏𑄪𑄣𑄴 𑄗𑄇𑄴𑄇𑄬 𑄊𑄘𑄧, 𑄥𑄧𑄟𑄧𑄠𑄴 𑄗𑄇𑄴𑄇𑄬 𑄃𑄳𑄦𑄙𑄧।",Present
"দো দো কাজ,শুনানি ধর্ম","𑄘𑄬𑄉 𑄘𑄬𑄉𑄨 𑄇𑄧𑄢𑄴𑄟𑄧, 𑄥𑄪𑄚𑄧𑄥𑄪𑄚𑄨 𑄙𑄧𑄢𑄴𑄟𑄧 ।",Present
bdmean,𑄷𑄺।,Present
"ধার দিে কেটে, ভরে নেওা","𑄙𑄢𑄬𑄠𑄧 𑄇𑄝𑄬, 𑄞𑄧𑄢𑄬𑄠𑄧 𑄇𑄝𑄬।",Present
"১. ১. (দা, ছুরি প্রভৃতি) শান দেওা ২. (দা, ছুরি প্রভৃতি) শান দেওা",𑄷𑄻।,Present
"না পে মানুষ,গািে মানুষ","𑄚𑄧 𑄛𑄘𑄬 𑄦𑄬𑄖𑄴𑄠𑄧 𑄟𑄚𑄬, 𑄊𑄢𑄢𑄠𑄧 𑄟𑄚𑄬।",Present
"এক জাতী বুনো ফল, যা সবজি হিসেবে ব্যবহৃত হ",𑄷𑄼।,Present
নাকটা দো হলে নাকটা বের হ,𑄚𑄝𑄨𑄖𑄴 𑄘𑄬𑄣𑄬 𑄚𑄧𑄇𑄴𑄇𑄪𑄚𑄨 𑄝𑄢𑄬 ।,Present
"এক জাতী বুনো ফল, যা সবজি হিসেবে ব্যবহৃত হ",𑄷𑄽।,Present
"পাহাে ভালো বো যাও, ভাত ভালো করে খাও","𑄛𑄖𑄴 𑄞𑄣 𑄝𑄬𑄋 𑄡, 𑄞𑄖𑄴 𑄞𑄣 𑄥𑄪𑄘𑄮 𑄈।",Present
"১. আঠা, আঠালো ২. আঠালো",𑄷𑄾।,Present
পাতা কানি সোনা থাকে,𑄛𑄘 𑄇𑄚𑄨𑄖𑄴 𑄥𑄮𑄚 𑄗𑄠𑄴।,Present
bdmean,𑄷𑄿।,Present
"বন বাঘে খা না,মন বাঘে খা","𑄝𑄧𑄚𑄧 𑄝𑄊𑄬 𑄚𑄧 𑄈𑄘𑄬, 𑄟𑄧𑄚𑄧 𑄝𑄊𑄬 𑄈𑄠𑄴।",Present
বাশেঁর ফালি দিে আসা যা,𑄝𑄏𑄨𑄣𑄬 𑄃𑅄𑄨𑄣𑄬 𑄚𑄧 𑄡𑄠𑄴।,Present
১. এক জাতী বুনো ফল ২. এক জাতী সবজি,𑄸𑄷।,Present
ভাঙা পাটা মাটিতে পে,𑄞𑄋 𑄒𑄬𑄋𑄚𑄴 𑄉𑄘𑄧𑄖𑄴 𑄛𑄧𑄢𑄬 ।,Present
bdmean,𑄸𑄸।,Present
আমি ঘরের বো বোই করি,𑄟𑄪𑄠𑄧 𑄉𑄪𑄘𑄨𑄠𑄬 𑄝𑄬𑄋𑄴 𑄟𑄧𑄢𑄬।,Present
bdmean,𑄸𑄹।,Present
মনে কুললে ধনে কুলা,𑄟𑄧𑄚𑄬 𑄇𑄪𑄣𑄬𑄣𑄬 𑄙𑄧𑄚𑄬 𑄇𑄪𑄣𑄠𑄴।,Present
bdmean,𑄸𑄺।,Present
"যার কাজ তাকে তাাতাি করতে হ, আর কাজে লাঠি মারে","𑄡𑄢𑄴 𑄇𑄟𑄬 𑄡𑄢𑄬 𑄥𑄎𑄬, 𑄃𑄢𑄴 𑄇𑄟𑄬 𑄣𑄙𑄨 𑄟𑄢𑄬।",Present
"১. ১. (দা, ছুরি প্রভৃতি) শান দেওা ২. (দা, ছুরি প্রভৃতি) শান দেওা",𑄸𑄻।,Present
"যে দিনে যে কালো, হরিণে চুে গেল বাঘের গাল","𑄡𑄬 𑄘𑄨𑄚𑄧𑄖𑄴 𑄡𑄬 𑄇𑄣𑄴, 𑄦𑄧𑄢𑄨𑄋𑄬 𑄌𑄪𑄟𑄨 𑄉𑄬𑄣𑄴 𑄝𑄊𑄧 𑄉𑄣𑄴।",Past
"১. (দরজা, জানালা প্রভৃতি) বন্ধ করা, বন্ধ করা ২. (দরজা) বন্ধ করা",𑄸𑄼।,Present
"লাভে লোা ব,অ লাভে তোলা যা না","𑄣𑄞𑄬 𑄣𑄱 𑄝𑄧𑄠𑄴, 𑄃𑄧𑄣𑄞𑄬 𑄖𑄪𑄣𑄧𑄠𑄧 𑄚𑄧 𑄝𑄧𑄠𑄴।",Present
"১. ২. (গবাদিপশু প্রভৃতির) স্তুপ, রাশি, রাশি",𑄸𑄽।,Present
এক জাতী ফল যা সবজি হিসেবে ব্যবহৃত হ,𑄥𑄧𑄌𑄴 𑄇𑄝𑄧𑄢𑄬 𑄦𑄪𑄣𑄴 𑄘𑄋𑄧𑄢𑄴।,Present
"১. আঠা, আঠালো ২. আঠালো",𑄸𑄾।,Present
"হাতে হাতে হাত,হাতে হাতে হাত","𑄦𑄖𑄴𑄖𑄬 𑄦𑄖𑄴𑄖𑄬 𑄚𑄧𑄣, 𑄉𑄘𑄬 𑄉𑄘𑄬 𑄉𑄧𑄣।",Present
১. (গবাদিপশু প্রভৃতির) গোা ২. (কলা প্রভৃতির) গোা,𑄸𑄿।,Present
মাংস পঁচার সম,𑄦𑄬𑄢𑄳𑄦 𑄛𑄪𑄖𑄴𑄖𑄬 𑄥𑄨𑄇𑄴𑄇𑄘𑄨 𑄛𑄪𑄢𑄬।,Present
এক জাতী কথা,𑄛𑄰𑄘𑄳𑄠𑄚𑄧 𑄇𑄧𑄙,Present
ভাত হলো-মনে হ মনের কথা বলা,𑄞𑄌𑄴 𑄦𑄧𑄣𑄧𑄘𑄬- 𑄟𑄧𑄚𑄧 𑄖𑄨𑄢𑄮𑄌𑄴 𑄜𑄧𑄉𑄧𑄘𑄋𑄴 𑄉𑄧𑄢𑄚 𑄃 𑄃𑄣𑄟𑄴 𑄦𑄧𑄣𑄧𑄘𑄬 𑄜𑄪𑄣𑄧 𑄜𑄉𑄮𑄢𑄮𑄌𑄚𑄴 𑄞𑄬𑄣𑄴 𑄞𑄬𑄣𑄴 𑄉𑄧𑄢𑄨 𑄟𑄧𑄚𑄧 𑄇𑄧𑄙 𑄥𑄎𑄬𑄚𑄬𑄭 𑄇𑄨𑄖𑄬𑄝𑄧𑄖𑄴 𑄣𑄬𑄊𑄨 𑄢𑄉𑄚।,Present
"পৃথিবীতে একটা জাতের মানুষ আছে,ক্রিটি, সংস্ক্রিতি, রিতি-নিতি এসব কথা বলে","𑄛𑄨𑄖𑄴𑄗𑄨𑄟𑄨𑄖𑄴 𑄃𑄨𑄇𑄴𑄱 𑄎𑄖𑄴 𑄦𑄨𑄎𑄬𑄝𑄬 𑄌𑄨𑄚𑄴 𑄦𑄧𑄠𑄴 𑄖𑄢𑄴 𑄥𑄦𑄨𑄖𑄳𑄠, 𑄇𑄳𑄢𑄨𑄥𑄴𑄖𑄨, 𑄥𑄧𑄁𑄥𑄴𑄇𑄳𑄢𑄨𑄖𑄨 𑄢𑄨𑄖𑄨-𑄚𑄨𑄙𑄨 𑄃 𑄞𑄏𑄧𑄢𑄴 𑄇𑄧𑄙𑄣𑄮𑄃𑄨।",Present
. মানুষের পাহাের সম যে মাটিটা হ সেটা হলো মা মাছ,𑄟𑄚𑄬𑄠𑄮𑄢𑄴 𑄛𑄰𑄣𑄳𑄠 𑄥𑄨𑄇𑄴𑄈𑄳𑄠𑄬𑄢𑄴 𑄟𑄙𑄳𑄠𑄟𑄴 𑄦𑄧𑄣𑄧𑄘𑄬 𑄟 𑄞𑄌𑄴 ।,Present
.ভাই-বোনেরা কেকটা বই এইটার উপর আমল দিেছে,’’𑄞𑄌𑄴 𑄃𑄣𑄟𑄴 𑄇𑄧𑄎𑄧𑄟 𑄥𑄨𑄇𑄴𑄈𑄳𑄠 𑄝𑄧𑄃𑄨‘‘ 𑄃𑄨𑄠𑄮𑄖𑄴 𑄡𑄨𑄖𑄴𑄪𑄢𑄴 𑄛𑄢𑄬 𑄃𑄨𑄢𑄪𑄉𑄮𑄢𑄴 𑄌𑄋𑄴𑄟 𑄦𑄧𑄢𑄧𑄇𑄴 𑄥𑄨𑄇𑄴𑄈𑄳𑄠 𑄃𑄪𑄉𑄪𑄢𑄬 𑄃𑄟𑄧𑄣𑄴 𑄘𑄨𑄠 𑄦𑄮𑄠𑄬।,Present
"পাহাের মানুষদের সাথে কথা বলতে বলা হ, কথা বলতে বলতে গলা বাঁকা করে তুলতে হবে","𑄛𑄧𑄢𑄴𑄝𑄱𑄣𑄧𑄇𑄴𑄪𑄚𑄧𑄢𑄬 𑄇𑄮𑄎𑄮𑄣𑄨 𑄉𑄧𑄢𑄧𑄋𑄴 𑄦𑄧𑄢𑄧𑄇𑄴 𑄃 𑄟𑄎𑄢𑄚𑄨 𑄥𑄨𑄉𑄬𑄚𑄢𑄴 𑄣𑄧𑄉𑄬 𑄣𑄧𑄉𑄬 𑄚𑄚𑄇𑄴𑄈𑄚𑄴 𑄞𑄌𑄴, 𑄇𑄧𑄙 𑄢𑄮𑄎𑄬𑄚𑄬𑄭 𑄦𑄧𑄢𑄧𑄇𑄴 𑄣𑄢𑄴𑄌𑄢𑄴 𑄉𑄧𑄢𑄨𑄝𑄖𑄳𑄠𑄬 𑄃𑄪𑄌𑄴𑄮𑄚𑄨 𑄖𑄪𑄣𑄧 𑄛𑄧𑄢𑄨𑄝𑄱।",Future
চাকমাদের ভালুকগুলো নিজের মা-বোনের জন্য রেখে দো,"𑄌𑄋𑄴𑄟𑄉𑄪𑄚𑄧𑄢𑄴 𑄞𑄣𑄪𑄇𑄴𑄘𑄨𑄚𑄮𑄢𑄴 𑄃𑄠𑄮𑄌𑄴 𑄚𑄨𑄎𑄧 𑄟-𑄞𑄏𑄬, 𑄚𑄨𑄎𑄧 𑄦𑄧𑄢𑄧𑄉𑄬 𑄌𑄨𑄉𑄮𑄚𑄴𑄉𑄪𑄢𑄮𑄃𑄪𑄚𑄧𑄢𑄬 𑄥𑄨𑄇𑄴𑄈𑄬 𑄘𑄬𑄚।",Present
.সকালে সে হাত দিে হিল জুতা দিে অসুস্থ হেছে,"𑄥𑄧𑄢𑄴𑄇𑄌𑄴𑄬 𑄥𑄬 𑄃𑄠𑄮𑄌𑄴𑄌𑄚𑄴 𑄉𑄮𑄎𑄨𑄣𑄮𑄃𑄨 𑄦𑄨𑄣𑄴 𑄌𑄘𑄨𑄉𑄋𑄴 𑄌𑄉𑄣𑄖𑄴 𑄌𑄋𑄴𑄟, 𑄟𑄢𑄴𑄟 𑄃 𑄖𑄨𑄝𑄨𑄢𑄬 𑄞𑄏𑄧𑄢𑄴 𑄝𑄧𑄃𑄨 𑄡𑄭𑄡𑄮𑄉𑄮𑄣𑄴 𑄉𑄧𑄢𑄨 𑄘𑄨𑄚𑄬𑄭 𑄛𑄨𑄢𑄬𑄝𑄖𑄳𑄠𑄬 𑄦𑄪𑄊𑄪𑄟𑄴 𑄘𑄨𑄠𑄬।",Present
আজকে সাপগুলোকে শিকল দিে আমাদের থেকে আলাদা করে দিতে হবে,𑄃𑄨𑄇𑄴𑄬 𑄥𑄧𑄢𑄴𑄇𑄌𑄴𑄬𑄢𑄬 𑄌𑄬𑄭𑄚𑄧𑄖𑄬𑄭 𑄃𑄟𑄖𑄴𑄪𑄚𑄴 𑄎𑄧𑄘𑄝𑄧𑄣𑄬 𑄥𑄧𑄎𑄇𑄴 𑄦𑄮𑄚𑄬𑄭 𑄦𑄧𑄢𑄧𑄇𑄴 𑄃 𑄟-𑄞𑄌𑄴𑄌𑄚𑄴 𑄃𑄣𑄳𑄠𑄬𑄋𑄴 𑄃 𑄣𑄢𑄴𑄌𑄢𑄴 𑄉𑄧𑄢𑄨 𑄛𑄮𑄢𑄴𑄝𑄱𑄃𑄪𑄚𑄧𑄢𑄬 𑄃𑄪𑄌𑄴𑄪𑄚𑄨𑄖𑄪𑄣𑄨 𑄘𑄨𑄠 𑄛𑄧𑄢𑄨𑄝𑄱।,Future
".ভাতের আালে যতগুলো সুতা দিে লেখা হ, ততগুলো সুতা দিে লেখা হ",𑄞𑄌𑄴 𑄃𑄣𑄟𑄴 𑄇𑄧𑄎𑄧𑄟 𑄥𑄨𑄇𑄴𑄈𑄳𑄠 𑄝𑄧𑄃𑄨𑄝𑄱 𑄣𑄬𑄊𑄧𑄘𑄬 𑄥𑄧𑄣𑄖𑄴 𑄡𑄨𑄖𑄴𑄘𑄪𑄢𑄴 𑄥𑄧𑄟𑄴 𑄦𑄮𑄠𑄬 𑄃𑄉𑄮𑄘𑄨𑄚𑄮𑄖𑄴 𑄣𑄢𑄴𑄌𑄢𑄴 𑄉𑄧𑄢𑄨𑄡𑄬𑄠𑄬 𑄥𑄪𑄘𑄮𑄟𑄚𑄨 𑄣𑄬𑄇𑄴𑄦𑄘𑄬𑄚𑄬𑄭 𑄣𑄬𑄊𑄚 𑄌𑄬𑄢𑄬𑄖𑄴𑄖 𑄉𑄧𑄢 𑄦𑄮𑄠𑄬।,Present
চামাগুলো একটু একটু করে লেখা হ,𑄌𑄋𑄴𑄟 𑄦𑄧𑄢𑄧𑄇𑄴𑄪𑄚𑄴 𑄝𑄬𑄇𑄴𑄪𑄚𑄴 𑄃𑄬𑄉𑄧𑄖𑄴𑄧𑄢𑄬 𑄣𑄬𑄊𑄨 𑄘𑄬𑄊 𑄦𑄮𑄠𑄬।,Present
রগচটা বাঘের মতো জো হেছে,𑄢𑄧 𑄃 𑄞𑄌𑄴 𑄎𑄮𑄢𑄘𑄬 𑄎𑄮𑄘 𑄦𑄧𑄢𑄧𑄇𑄴 𑄏𑄢𑄨𑄜𑄬𑄣 𑄦𑄮𑄠𑄬।,Present
.১১ ব মাছটা পাতলা করে দেখানো হ,𑄷𑄷 𑄝𑄱 𑄦𑄧𑄢𑄧𑄉𑄧𑄖𑄴 𑄟𑄌𑄴𑄳𑄠 𑄣𑄢𑄴𑄌𑄢𑄴 𑄉𑄧𑄢𑄨 𑄘𑄬𑄊 𑄦𑄮𑄠𑄬।,Present
"সে তো এই ফার্নিচারটা রাগ করে,এই তক্তাটা দিে এই তক্তাটা বানানো হ","𑄅, 𑄄 𑄃 𑄆 𑄛𑄎𑄢𑄘𑄨 𑄢𑄉𑄬𑄭, 𑄅 𑄝𑄧𑄌𑄴𑄨𑄃𑄪𑄝𑄪𑄢𑄬 𑄃𑄪, 𑄄 𑄔𑄬𑄣𑄴𑄞𑄋𑄃𑄨𑄝𑄱 𑄃𑄨 𑄃 𑄆 𑄣𑄬𑄌𑄴𑄃𑄪𑄝𑄧𑄃𑄬 𑄃𑄎𑄠𑄴 𑄃𑄬 𑄣𑄢𑄴𑄌𑄢 𑄉𑄧𑄢 𑄦𑄮𑄠𑄬।",Present
লাঠি দিে দৌাদৌি করিও না,𑅄 𑄝𑄱 𑄣𑄢𑄴𑄌𑄢𑄴 𑄉𑄧𑄢 𑄚𑄧 𑄦𑄧𑄠𑄴 ।,Present
.চামাগুলো কুাশা কুিে দেখা যা,𑄌𑄋𑄴𑄟 𑄚𑄘𑄉𑄪𑄚𑄴 𑄇𑄪𑄢𑄨 𑄥𑄧𑄁 𑄘𑄬𑄊 𑄦𑄧𑄣𑄧।,Present
. যারা চাকমাদের বদনাম করার জন্য এসেছে তারা তাদের নামগুলো ভুলে যাওার জন্য এসেছে।,𑄡𑄢 𑄌𑄋𑄴𑄟 𑄦𑄧𑄢𑄧𑄇𑄴 𑄣𑄢𑄴𑄌𑄢𑄴 𑄉𑄧𑄢𑄨 𑄗𑄨𑄖𑄧𑄛𑄴𑄝𑄧𑄢𑄴 𑄢𑄉𑄬𑄠𑄮𑄚𑄴 𑄃 𑄝𑄧𑄃𑄨𑄝𑄱𑄖𑄴 𑄡𑄨𑄉𑄪𑄚𑄬 𑄜𑄧𑄉𑄧𑄘𑄋𑄨 𑄇𑄟𑄚𑄴 𑄃𑄪𑄎𑄬𑄭 𑄚𑄨𑄝𑄖𑄳𑄠𑄬 𑄚𑄨𑄃𑄣𑄴𑄥𑄨 𑄉𑄧𑄢𑄨 𑄃𑄬𑄎𑄣𑄴 𑄘𑄳𑄠𑄚𑄴 𑄖𑄢𑄳𑄦𑄢𑄬 𑄜𑄧𑄉𑄧𑄘𑄋𑄨 𑄖𑄧𑄛𑄴𑄬𑄖𑄴𑄪𑄚𑄴 𑄌𑄨𑄖𑄴 𑄘𑄨𑄊𑄮𑄣𑄴 𑄞𑄣𑄬𑄘𑄨 𑄃𑄳𑄦 𑄇𑄨𑄘𑄬𑄝𑄧𑄖𑄴 𑄖𑄢 𑄚𑄋𑄚𑄨 𑄗𑄨𑄘𑄮 𑄦𑄮𑄠𑄴 𑄗𑄮𑄇𑄴 𑄃𑄬 𑄝𑄧𑄢𑄚𑄴 𑄟𑄊𑄨𑄚𑄬𑄭 𑄜𑄖𑄴𑄪𑄢𑄪𑄖𑄪𑄢𑄪 𑄉𑄮𑄎𑄋𑄧𑄢𑄴।,Present
রাজহাঁস-কাঁকা থাকে,𑄢𑄌𑄴𑄞𑄪𑄣𑄴 - 𑄇𑄌𑄴𑄞𑄪𑄣𑄴 𑄗𑄠𑄴।,Present
এগুলো একদম মানতে হ,𑄃𑄨𑄠𑄚𑄴 𑄥𑄧𑄖𑄳𑄠𑄧 𑄟𑄚𑄨।,Present
.পশুটা ভালো করে ভাত খেে নিল,𑄛𑄧𑄢𑄴𑄝𑄱𑄣𑄧𑄉𑄧𑄃𑄨𑄘𑄪 𑄥𑄪𑄖𑄴𑄙𑄧 𑄉𑄧𑄢𑄨 𑄛𑄧𑄢𑄨𑄝𑄢𑄴 𑄇𑄮𑄎𑄮𑄣𑄨 𑄢𑄧𑄣𑄧।,Past
"বিঝু, বিঝু",𑄝𑄨𑄏𑄪,Present
বিঝুর সম বিঝুর সম বিঝুর শব্দ করে আমাদের কথা এসেছে,𑄝𑄨𑄏𑄪 𑄥𑄧𑄛𑄴𑄘𑄧𑄝𑄱 𑄥𑄧𑄁𑄥𑄴𑄇𑄳𑄢𑄨𑄖𑄴 𑄝𑄨𑄥𑄪𑄝𑄧 𑄥𑄧𑄛𑄴𑄘𑄧𑄝𑄱𑄖𑄴𑄖𑄪𑄚𑄴 𑄞𑄥𑄴𑄝𑄧𑄘𑄧𑄣𑄴 𑄦𑄰𑄚𑄬𑄃𑄨 𑄃𑄟 𑄇𑄧𑄙𑄖𑄴 𑄥𑄮𑄟𑄴𑄬𑄉𑄨।,Present
.পাখিটা চূা চা করছে,𑄛𑄬𑄇𑄴𑄱 𑄓𑄧𑄉𑄧𑄢𑄬𑄢𑄴 𑄌𑄨𑄁 𑄌𑄨𑄁 𑄌𑄨𑄁,Present
এক জাতী হরিণ,𑄘𑄢𑄪 𑄖𑄪𑄣𑄨 𑄦𑄧𑄢𑄨𑄋𑄴 𑄥𑄨𑄁,Present
বছর মাথা এক দিন,𑄝𑄧𑄎𑄧𑄢𑄧 𑄟𑄙𑄖𑄴 𑄃𑄬𑄇𑄴𑄱 𑄘𑄨𑄚𑄴।,Present
এই একটা দিন হলো আমাদের বিঝুর দিন,𑄃𑄬 𑄃𑄬𑄇𑄴𑄱 𑄘𑄨𑄚𑄴 𑄦𑄧𑄣𑄧𑄘𑄬 𑄃𑄟 𑄝𑄨𑄏𑄪 𑄘𑄨𑄚𑄴।,Present
বিঝুর মতো সুন্দর সুখ আর নেই,𑄝𑄨𑄏𑄪 𑄘𑄮𑄇𑄴𑄳𑄠 𑄓𑄋𑄧𑄢𑄴 𑄃𑄚𑄧𑄚𑄴𑄘𑄧 𑄃𑄢𑄴 𑄚𑄬𑄭।,Present
"বিঝুর সম খাওা আছে, বোনো আছে, খেলা আছে","𑄝𑄨𑄏𑄪 𑄃𑄧𑄇𑄴𑄖𑄧𑄖𑄴 𑄈𑄚 𑄃𑄊𑄬, 𑄝𑄬𑄢𑄚 𑄃𑄊𑄬, 𑄈𑄢 𑄦𑄧𑄚 𑄃𑄊𑄬।",Present
বিঝু মেে,𑄝𑄨𑄏𑄪 𑄟𑄚𑄬 𑄟𑄬𑄣।,Present
আমাদের বিঝুর ফানুসটা পুরনো,𑄃𑄟 𑄝𑄨𑄏𑄪 𑄃𑄪𑄌𑄴𑄍𑄢𑄛𑄴𑄱 𑄈𑄪𑄛𑄴 𑄛𑄪𑄢𑄮𑄚𑄴।,Present
বিঝুর উকুনটা তিন দিন চলে-পুো বছর দুই দিন আছে বিঝুর দিন,𑄝𑄨𑄏𑄪 𑄃𑄪𑄌𑄴𑄍𑄮𑄛𑄴𑄱 𑄖𑄨𑄚𑄴𑄘𑄨𑄚𑄴 𑄥𑄧𑄁 𑄌𑄧𑄣𑄬- 𑄛𑄪𑄪𑄢𑄮𑄚𑄴 𑄝𑄧𑄎𑄧𑄢𑄧𑄢𑄴 𑄘𑄨 𑄘𑄨𑄚𑄴 𑄃 𑄚𑄱 𑄝𑄧𑄎𑄧𑄢𑄧𑄢𑄴 𑄛𑄮𑄣𑄳𑄠 𑄘𑄨𑄚𑄴।,Present
এই তিন দিন তিন নাগা,𑄃𑄬 𑄖𑄨𑄚𑄴 𑄘𑄨𑄚𑄧𑄢𑄴 𑄖𑄨𑄚𑄴 𑄚𑄋𑄴।,Present
.ফুল বিঝুর মূল বিঝুর দিন,𑄜𑄪𑄣𑄴 𑄝𑄨𑄏𑄪’ 𑄟𑄫𑄣𑄴 𑄝𑄨𑄏𑄪 𑄃 𑄉𑄮𑄌𑄴𑄳𑄠𑄛𑄧𑄌𑄴𑄳𑄠 𑄘𑄨𑄚𑄴।,Present
.ফুল বিঝুর দিন বোর গাঙে ফুল ফোটে।,𑄜𑄪𑄣𑄴 𑄝𑄨𑄏𑄪 𑄘𑄨𑄚𑄳𑄠 𑄝𑄬𑄚𑄳𑄠 𑄛𑄧𑄖𑄳𑄠 𑄉𑄋𑄧𑄖𑄴 𑄜𑄪𑄣𑄴 𑄞𑄏 𑄦𑄧𑄠𑄴’ 𑄜𑄪𑄣𑄴 𑄘𑄨𑄚𑄬𑄭 𑄊𑄧𑄢𑄴 𑄥𑄏 𑄦𑄧𑄠𑄴।,Present
সেনতা এই দিনে ফুল বিঝু,𑄥𑄬𑄚𑄧𑄖𑄴𑄳𑄠𑄠𑄴 𑄃𑄬 𑄘𑄨𑄚𑄴𑄮 𑄜𑄪𑄣𑄴 𑄝𑄨𑄏𑄪।,Present
বো পাতার গাদা দিে সাজানো ফুল বিঝুর দিনে একটা নিে যাবো,𑄝𑄬𑄚𑄳𑄠 𑄛𑄮𑄖𑄳𑄠 𑄉𑄘𑄚 𑄜𑄪𑄣𑄴 𑄝𑄨𑄏𑄪 𑄘𑄨𑄚𑄮𑄢𑄴 𑄃𑄬𑄇𑄴𑄈𑄚𑄴 𑄚𑄨𑄠𑄧𑄟𑄴।,Future
বেইন পাতা গাঙে বুোগুলো রাখে,𑄝𑄬𑄚𑄳𑄠 𑄛𑄮𑄖𑄳𑄠 𑄉𑄋𑄧𑄖𑄴 𑄝𑄪𑄢𑄴𑄟𑄢𑄨 𑄟𑄢𑄨 𑄉𑄪𑄪𑄢𑄮𑄃𑄪𑄚𑄬 𑄝𑄨𑄏𑄪𑄉𑄪𑄣𑄮 𑄗𑄧𑄉𑄚𑄴।,Present
বুোবুিকে গাদা করে তাদের থেকে নিে আসা ফুলগুলো বিঝুর থেকে ধরে নিে যা,𑄝𑄪𑄢𑄮𑄝𑄪𑄢𑄨𑄢𑄬 𑄉𑄘𑄚𑄴’ 𑄖𑄢𑄖𑄴𑄪𑄚𑄴 𑄃𑄥𑄨𑄛𑄴𑄝𑄖𑄴 𑄣𑄧𑄚𑄴’ 𑄃𑄨𑄠𑄚𑄨 𑄜𑄪𑄣𑄴 𑄝𑄨𑄏𑄪𑄖𑄴𑄪𑄚𑄴 𑄙𑄧𑄢𑄨 𑄥𑄪𑄢𑄪 𑄦𑄧𑄠𑄴।,Present
.ফুল বিঝুর সমে যুবক-যুবতীরা পাজন রান্না করার জন্য তরকারি রেখে যা,𑄜𑄪𑄣𑄴 𑄝𑄨𑄏𑄪𑄘𑄨𑄚𑄬 𑄉𑄝𑄪𑄌𑄴𑄳𑄠-𑄌𑄨𑄟𑄧𑄌𑄴𑄳𑄠𑄃𑄪𑄚𑄬 𑄛𑄎𑄧𑄚𑄴 𑄢𑄚𑄨𑄝𑄖𑄴𑄬𑄠𑄴 𑄢𑄚𑄳𑄠𑄖𑄴 𑄖𑄮𑄚𑄴 𑄗𑄧𑄉 𑄡𑄚𑄴।,Present
.মাছের আভে গান,𑄟𑄚𑄴𑄎𑄬 𑄃𑄬𑄎𑄧 𑄃𑄪𑄞𑄧𑄉𑄨𑄖𑄴 𑄉𑄚𑄴-,Present
এক জাতী সবজি,𑄌𑄧𑄖𑄴𑄨 𑄘𑄧𑄉𑄚𑄧 𑄝𑄧𑄘𑄧𑄣𑄴 𑄇𑄪𑄢𑄴,Present
একসাথে যাবো কদল পুরে,𑄥𑄧𑄟𑄢𑄬 𑄡𑄬𑄝𑄧𑄁 𑄇𑄧𑄘𑄧𑄣𑄴 𑄛𑄪𑄢𑄴”,Future
মূল বিঝু মানে বিঝুর আসল বিঝু,𑄟𑄫𑄣𑄴 𑄝𑄨𑄏𑄪 𑄟𑄚𑄬 𑄝𑄨𑄏𑄪𑄢𑄴 𑄟𑄪𑄣𑄴-𑄟𑄚𑄬 𑄃𑅄𑄧𑄣𑄴 𑄝𑄨𑄏𑄪।,Present
"পাজন তরকারি, পিঠা,গীত,রেং এগুলো সব সেইদিন করা হ","𑄛𑄎𑄧𑄚𑄴 𑄖𑄮𑄚𑄴, 𑄛𑄨𑄙𑄬, 𑄉𑄩𑄖𑄴, 𑄢𑄬𑄁 𑄃𑄳𑄦𑄨𑄚𑄨 𑄝𑄬𑄇𑄴𑄈𑄚𑄨 𑄥𑄬𑄘𑄨𑄚𑄳𑄠 𑄉𑄧𑄢 𑄦𑄧𑄠𑄴।",Present
গ্রামের বাচ্চারা বোরা বা মুরগীর বাসা ধান নিে বোই করতেছে,𑄃𑄘𑄟𑄧 𑄉𑄪𑄢𑄮𑄃𑄪𑄚𑄬 𑄝𑄬𑄚𑄧𑄞𑄬𑄢 𑄝 𑄇𑄪𑄢𑄮𑄟𑄮𑄧𑄖𑄴 𑄙𑄚𑄴 𑄣𑄮𑄠𑄴𑄚𑄬𑄭 𑄝𑄬𑄚𑄳𑄠 𑄟𑄙𑄚𑄴 𑄊𑄧𑄢𑄬 𑄊𑄧𑄢𑄬 𑄇𑄪𑄢𑄮𑄢𑄬 𑄃𑄘𑄢𑄴 𑄘𑄳𑄠𑄧𑄚𑄴।,Present
বুোবুিগুলো সবসম নিে আসো,𑄝𑄪𑄢𑄮𑄝𑄪𑄢𑄨𑄖𑄴𑄪𑄚𑄴 𑄥𑄬𑄛𑄴 𑄝𑄧𑄖𑄴𑄖 𑄝 𑄃𑄥𑄨𑄢𑄴𑄝𑄖𑄴 𑄣𑄧𑄚𑄴।,Present
বছর মাস সম অতিবাহিত হওা,𑄝𑄧𑄎𑄧𑄢𑄧𑄢𑄴 𑄛𑄮𑄣𑄳𑄠 𑄘𑄨𑄚𑄴𑄮 𑄉𑄧𑄌𑄴𑄳𑄠𑄛𑄧𑄌𑄳𑄠 𑄘𑄨𑄚𑄴।,Present
"এই দিনে ঘর ব করে,মাথা ধন,বুো মানুষ,বুো মানুষদের ভাত খাওা বািতে ফিরে","𑄃𑄬 𑄘𑄨𑄚𑄴𑄮𑄖𑄴 𑄊𑄧𑄢𑄴 𑄝𑄧𑄚𑄴 𑄉𑄧𑄢𑄧𑄚𑄴, 𑄟𑄙 𑄙𑄧𑄚𑄴, 𑄝𑄪𑄢𑄴 𑄛𑄢𑄧𑄚𑄴, 𑄝𑄪𑄢𑄮𑄝𑄪𑄢𑄨𑄢𑄬 𑄞𑄖𑄴 𑄈𑄝𑄚𑄴, 𑄚𑄱 𑄎𑄟𑄬𑄭-𑄝𑄮 𑄝𑄨𑄏𑄪 𑄝𑄬𑄢𑄚𑄖𑄴𑄪𑄚𑄴 𑄊𑄧𑄢𑄧𑄖𑄴 𑄜𑄨𑄢𑄧𑄚𑄴।",Present
".কিঙে বাতি জ্বালানো,নানা বসে বসে ব ব শব্দ করা","𑄇𑄨𑄠𑄧𑄋𑄧𑄖𑄴 𑄝𑄖𑄴𑄨 𑄎𑄣𑄚, 𑄚𑄱 𑄝𑄧𑄎𑄧𑄢𑄴𑄝𑄱𑄖𑄴 𑄥𑄪𑄊𑄬 𑄗𑄬𑄝𑄖𑄳𑄠𑄠𑄴 𑄝𑄧𑄢𑄴 𑄟𑄉𑄚 𑄃𑄨𑄚𑄨 𑄝𑄨𑄏𑄪𑄢𑄴 𑄥𑄪𑄘𑄮𑄟𑄴।",Present
বিঝুর কথা বলতে গেলে ব ব কথা বলতে হ,𑄝𑄨𑄏𑄪 𑄇𑄧𑄙 𑄇𑄧𑄙𑄧 𑄉𑄬𑄣𑄬 𑄇𑄧𑄘𑄧𑄣𑄴𑄛𑄪𑄢𑄧 𑄟𑄬𑄣 𑄇𑄧𑄙 𑄇𑄱 𑄛𑄧𑄢𑄬।,Present
"জুমের ধান-চাল,সুগন্ধি ব্যাঙের সাথে কর্দমাক্ত মাঠে যেতে হ","𑄎𑄪𑄟𑄮 𑄙𑄚𑄴-𑄌𑄮𑄣𑄴, 𑄥𑄪𑄙𑄮-𑄉𑄧𑄌𑄴𑄳𑄠 𑄝𑄨𑄎𑄨 𑄉𑄝𑄪𑄌𑄴𑄳𑄠𑄣𑄧𑄉𑄬 𑄇𑄧𑄘𑄧𑄣𑄴𑄛𑄪𑄢𑄧𑄖𑄴 𑄡𑄬𑄝𑄢𑄴 𑄑𑄬𑄋 𑄗𑄪𑄞𑄬𑄠𑄴 𑄢𑄉𑄚𑄴।",Present
মরিচ দিে এক রোন,𑄟𑄧𑄢𑄨𑄌𑄴 𑄝𑄘𑄨 𑄃𑄬𑄇𑄴𑄱 𑄢𑄮𑄚𑄴,Present
সমে সে একটা পাখানা করে,𑄥𑄧𑄟𑄢𑄬 𑄖𑄬𑄝𑄧𑄁𑄉𑄰𑄱𑄠𑄴 𑄃𑄨𑄇𑄴𑄱 𑄟𑄮𑄚𑄴।,Present
একটা পাতিলে ভাত পেেছি,𑄃𑄨𑄇𑄴𑄱 𑄟𑄮𑄚𑄮𑄖𑄴 𑄞𑄖𑄴 𑄛𑄬𑄝𑄧𑄁,Present
সনার মন্দিরে পাক খাবো,𑄥𑄧𑄚𑄢𑄴 𑄟𑄧𑄚𑄴𑄘𑄨𑄢𑄧𑄖𑄴 𑄛𑄇𑄴 𑄈𑄬𑄝𑄧𑄁”,Future
এক জাতী কাঁটাযুক্ত লতা,𑄥𑄨 𑄟𑄎𑄧 𑄇𑄘,Present
এক জাতী মাছ রাখা যা,𑄣𑄪𑄃𑄨𑄃𑄚𑄴𑄘𑄮𑄃𑄨 𑄟𑄌𑄴 𑄗𑄧𑄉 𑄡𑄢𑄴 ।,Present
.লুইনে একটা মাছ উঠছে।,𑄣𑄪𑄃𑄨𑄃𑄚𑄧𑄖𑄴 𑄃𑄬𑄇𑄴𑄇𑄱 𑄥𑄨 𑄟𑄌𑄴 𑄃𑄪𑄖𑄴𑄖𑄳𑄠 ।,Present
দো মাছটা দো মাা করে,𑄘𑄬𑄋 𑄟𑄌𑄴𑄌𑄱 𑄘𑄬𑄉𑄨𑄚𑄬𑄃𑄨 𑄈𑄪𑄎𑄨𑄠𑄬 𑄙𑄧𑄢𑄬𑄢𑄴 ।,Present
দো সে কুকুরটাকে দোলাচ্ছে,𑄘𑄬𑄋 𑄥𑄨 𑄟𑄌𑄴𑄌𑄱𑄢𑄬 𑄘𑄪𑄣𑄧𑄝𑄱𑄖𑄴 𑄞𑄧𑄢𑄢𑄴 ।,Present
মাথা বিচি দিে সে কুকুরটা আঙুল দিে কাঁটা মারে,𑄟𑄙𑄝𑄱 𑄝𑄨𑄎𑄨 𑄥𑄨 𑄟𑄌𑄴𑄌𑄱 𑄃𑄋𑄪𑄣𑄴𑄣𑄱𑄖𑄴 𑄘𑄨𑄣𑄧 𑄇𑄘 𑄟𑄢𑄨 ।,Present
দো কানি কান্না করে বািতে ফিরে আসলো,𑄘𑄬𑄋 𑄇𑄚𑄨 𑄇𑄚𑄨 𑄊𑄧𑄢𑄧𑄖𑄴 𑄜𑄨𑄢𑄨 𑄃𑄬𑄣𑄧 ।,Past
দো আর মাছ রাখা যা না,𑄘𑄬𑄋 𑄃𑄢𑄴 𑄟𑄌𑄴 𑄗𑄧𑄉 𑄚𑄧 𑄡𑄃𑄨 ।,Present
সে শুধু স্কুলে যা,𑄖𑄬 𑄝𑄚 𑄃𑄨𑄥𑄴𑄇𑄪𑄣𑄧𑄖𑄴 𑄡𑄃𑄨 ।,Present
রজেে: সাবিনা ত্রিপুরা আর হেপি ত্রিপুরা,𑄢𑄧𑄎𑄬𑄠𑄬 : 𑄥𑄝𑄨𑄚 𑄖𑄳𑄢𑄨𑄛𑄪𑄢 𑄃 𑄦𑄬𑄛𑄨 𑄖𑄳𑄢𑄨𑄛𑄪𑄢,Present
নদীর পানি,𑄉𑄧𑄋𑄢𑄴 𑄛𑄚𑄨,Present
এক জাতী মাছ বৃষ্টি দিচ্ছে,𑄃𑄎𑄢𑄴 𑄟𑄥𑄴 𑄟𑄬𑄊𑄪𑄣𑄧 𑄘𑄬𑄝 ।,Present
হুিটা একটা খরগস দেখে জঙ্গলে গিেছে,𑄦𑄪𑄢𑄨𑄋𑄴 𑄃 𑄈𑄧𑄢𑄴𑄉𑄧𑄥𑄴𑄌𑄪𑄚𑄴 𑄞𑄨𑄎𑄨𑄚𑄬𑄃𑄨 𑄏𑄢𑄬 𑄉𑄨𑄢𑄴𑄉𑄨𑄢𑄬𑄘𑄧𑄚𑄴 ।,Present
বান পিনাা গাছ বেঁচে যাচ্ছে,𑄝𑄚𑄧 𑄛𑄨𑄚𑄠𑄬 𑄉𑄌𑄴 𑄝𑄥𑄴 𑄝𑄎𑄨 𑄡𑄘𑄧𑄖𑄴 ।,Present
. সেগুলো দোলের গাছ দুলেছে।,𑄥𑄨𑄠𑄬𑄚𑄨 𑄘𑄬𑄉𑄨 𑄝𑄚𑄴𑄘𑄧𑄎𑄳𑄠 𑄉𑄎𑄧𑄖𑄴 𑄘𑄪𑄣𑄬𑄢𑄴 ।,Present
বানরগুলো ছাদৌি করতেছে,𑄝𑄬𑄋𑄪𑄚𑄴 𑄍𑄧𑄢 𑄛𑄢𑄧𑄖𑄴 𑄇𑄧𑄢𑄧𑄇𑄴-𑄇𑄢𑄇𑄴 𑄓𑄧𑄉𑄧𑄖𑄴𑄖𑄧𑄚𑄴 ।,Present
.মেে তাাতাি আসলাম,𑄟𑄟𑄪 𑄥𑄨𑄠𑄬𑄣𑄴𑄣𑄳𑄠𑄢𑄴 𑄃𑄨𑄥𑄨𑄥𑄴𑄇𑄴𑄇𑄪𑄣𑄪𑄣𑄴,Past
একটি জঙ্গলের মধ্যে একটি হাসির স্কুল আসলো।,𑄃𑄬𑄇𑄴𑄇𑄚𑄴 𑄏𑄢𑄧𑄖𑄴 𑄃𑄬𑄇𑄴𑄇𑄚𑄴 𑄦𑄎𑄨𑄝𑄢𑄴 𑄃𑄨𑄥𑄴𑄇𑄪𑄣𑄴 𑄃𑄬𑄣𑄧 ।,Past
স্কুলে শিক্ষক হলেন একজন সিেল মামা,𑄃𑄨𑄥𑄴𑄇𑄪𑄣𑄧𑄖𑄴 𑄟𑄥𑄴𑄑𑄧𑄢𑄴 𑄦𑄧𑄣𑄧𑄘𑄬 𑄃𑄬𑄇𑄴𑄉𑄮 𑄥𑄨𑄠𑄬𑄣𑄴 𑄟𑄟𑄪 ।,Present
খরগশের বিল দিে একটা বানর সেই স্কুলে পতেছে,𑄈𑄧𑄢𑄴𑄉𑄧𑄥𑄮 𑄝𑄨𑄣𑄬𑄭𑄝𑄮 𑄃 𑄝𑄚𑄴𑄘𑄧𑄢𑄴𑄝𑄮 𑄥𑄬 𑄃𑄨𑄥𑄴𑄇𑄪𑄣𑄧𑄖𑄴 𑄛𑄧𑄖𑄴𑄗𑄇𑄴 ।,Present
মেে সে প্রতিদিন সাইকেল করে স্কুলে আসে,𑄟𑄟𑄪 𑄥𑄨𑄠𑄬𑄣𑄴𑄣𑄳𑄠 𑄘𑄨𑄚𑄴𑄟𑄉𑄚𑄬 𑄥𑄃𑄨𑄇𑄬𑄣𑄧𑄖𑄴 𑄉𑄧𑄢𑄨 𑄃𑄨𑄥𑄴𑄇𑄪𑄣𑄧𑄖𑄴 𑄃𑄬𑄏𑄬 ।,Present
খরগসসে তার বাবা আমার সাইকেলে বোচ্ছে,𑄈𑄧𑄢𑄴𑄉𑄧𑄥𑄴𑄌𑄱𑄢𑄬 𑄖 𑄝𑄝𑄬 𑄟𑄧𑄖𑄧𑄢𑄴 𑄥𑄃𑄨𑄇𑄬𑄣𑄬 𑄝𑄢𑄬𑄃𑄨 𑄘𑄨𑄘𑄧𑄉𑄨 ।,Present
বিেটা জিপ গাড়ি করে স্কুলে আসছে,𑄝𑄨𑄣𑄬𑄃𑄨𑄝𑄱 𑄎𑄨𑄛𑄴 𑄉𑄢𑄨𑄖𑄴 𑄉𑄧𑄢𑄨 𑄃𑄨𑄥𑄴𑄇𑄪𑄣𑄧𑄖𑄴 𑄃𑄬𑄘𑄧 ।,Present
এই বানরটা এত নাচা করে,"𑄃 𑄝𑄚𑄴𑄘𑄧𑄢𑄴𑄝𑄮 𑄃𑄬𑄘𑄧 𑄚𑄧""𑄖𑄴 𑄉𑄧𑄢𑄨"" ।",Present
এক দিন বিকালে বাকছলতা করে বানরটা বান্যে চে,𑄃𑄬𑄇𑄴𑄘𑄨𑄚𑄴𑄚𑄳𑄠 𑄝𑄇𑄴𑄇𑄮 𑄃𑄨𑄥𑄇𑄪𑄣𑄴 𑄌𑄬𑄝𑄖𑄳𑄠𑄬 𑄝𑄚𑄴𑄡𑄟𑄧𑄖𑄴 𑄌𑄢𑄨 𑄃𑄬𑄥𑄴𑄥𑄬 ।,Present
ব মানুষটাকে দেখে সবাই খুশি হ,𑄝𑄇𑄴𑄉𑄳𑄠 𑄟𑄟𑄪𑄢𑄬 𑄘𑄬𑄊𑄨 𑄝𑄬𑄇𑄴𑄇𑄪𑄚𑄬 𑄈𑄪𑄎𑄨 𑄦𑄧𑄠𑄮𑄚𑄴 ।,Present
বাঘটা সেটা তাকে কল দিে বলল-তোমার পিে পোকাগুলো আর কোথা,𑄝𑄇𑄴𑄉𑄳𑄠 𑄥𑄨𑄠𑄬𑄣𑄴𑄣𑄳𑄠𑄢𑄬 𑄇𑄧𑄣𑄧- 𑄖𑄧𑄢𑄴 𑄛𑄧𑄢𑄨𑄠𑄬 𑄛𑄪𑄃𑄧𑄉𑄪𑄚𑄴 𑄃𑄢𑄧 𑄇𑄪𑄙𑄪 ।,Past
সে কল-জাগা করে ঘুরে বো,𑄥𑄨𑄠𑄬𑄣𑄴𑄣𑄳𑄠 𑄇𑄧𑄣𑄧-𑄎𑄦𑄎𑄧𑄖𑄴 𑄉𑄧𑄢𑄨 𑄝𑄬𑄢 𑄡𑄬𑄠𑄧𑄚𑄴 ।,Present
ঝেেটা মটর গািে ফেটে গেল,𑄎𑄬𑄢𑄬𑄚𑄘𑄨 𑄟𑄮𑄖𑄧𑄢𑄴 𑄉𑄢𑄨𑄠𑄚𑄬 𑄝𑄉𑄴𑄇𑄇𑄮𑄢𑄬 𑄦𑄧𑄎 𑄃𑄬𑄣𑄧 ।,Past
"কবি, কবি",𑄇𑄧𑄝𑄨𑄘𑄳𑄠𑄝𑄧𑄃𑄨,Present
এক কেজি,𑄃𑄬𑄇𑄴 𑄇𑄬𑄣𑄥𑄴,Present
.মেঘের চাঁদ,𑄟𑄬𑄊𑄪𑄣𑄮 𑄘𑄬𑄝 . . . . . . . . . . . . . . . . . . . . . . . . . . . . . . . . . . . . . . . . . . . . . 𑄺,Present
"বিঝু, বিঝু",𑄝𑄨𑄏𑄪 . . . . . . . . . . . . . . . . . . . . . . . . . . . . . . . . . . . . . . . . . . . . . . . . . . . . 𑄻,Present
.সবর জুম,𑄥𑄧𑄝𑄧𑄚𑄧𑄢𑄴 𑄎𑄪𑄟𑄴 . . . . . . . . . . . . . . . . . . . . . . . . . . . . . . . . . . . . . . . . . . . . 𑄼,Present
ছিে যাওা,𑄍𑄧-𑄢𑄨𑄘𑄴 . . . . . . . . . . . . . . . . . . . . . . . . . . . . . . . . . . . . . . . . . . . . . . . . . . 𑄽,Present
.সাতবার. . . . .,𑄥𑄖𑄴𑄝𑄢𑄴 . . . . . . . . . . . . . . . . . . . . . . . . . . . . . . . . . . . . . . . . . . . . . . . . . 𑄾,Present
ধুধুক,𑄙𑄪𑄙𑄪𑄇𑄴 . . . . . . . . . . . . . . . . . . . . . . . . . . . . . . . . . . . . . . . . . . . . . . . . . . 𑄿,Present
".নিঃশব্দ, কোলাহল, হৈচৈ, হৈচৈ",𑄟𑄳𑄦𑄧𑄚𑄨𑄜𑄪𑄣𑄴 . . . . . . . . . . . . . . . . . . . . . . . . . . . . . . . . . . . . . . . . . . . . . . . . 𑄷𑄶,Present
".ঈর্ষা, ঈর্ষাপরাণ, ঈর্ষাকাতর",𑄌𑄨𑄎𑄨𑄥𑄧𑄚 . . . . . . . . . . . . . . . . . . . . . . . . . . . . . . . . . . . . . . . . . . . . . . . . 𑄷𑄷,Present
ঘিলে পারা,𑄊𑄨𑄣𑄬 𑄛𑄢 . . . . . . . . . . . . . . . . . . . . . . . . . . . . . . . . . . . . . . . . . . . . . . 𑄷𑄸,Present
. . . . . .,𑄃𑄮𑄣𑄨 𑄃𑄮𑄣𑄨 . . . . . . . . . . . . . . . . . . . . . . . . . . . . . . . . . . . . . . . . . . . . . . 𑄷𑄹,Present
টেলিফোন,𑄑𑄬𑄣𑄨𑄜𑄮𑄚𑄴 . . . . . . . . . . . . . . . . . . . . . . . . . . . . . . . . . . . . . . . . . . . . . . 𑄷𑄺,Present
"চূা, /n strengthening.",𑄌𑄧𑄢𑄴𑄉𑄝𑄪𑄢𑄨 . . . . . . . . . . . . . . . . . . . . . . . . . . . . . . . . . . . . . . . . . . . . . 𑄷𑄻,Present
মেঘে ঢাকা আকাশ,𑄟𑄬𑄊𑄪𑄣𑄮 𑄘𑄬𑄝,Present
আকাশটা গাগিে মেঘ মেঘ করলো,𑄘𑄬𑄝𑄠𑄴 𑄉𑄧𑄣𑄳𑄠𑄧 𑄟𑄬𑄊𑄴 𑄟𑄬𑄊𑄪𑄣𑄮,Past
.ফিরে আসলো রোদ,"𑄜𑄨𑄢𑄨 𑄝𑄎𑄬𑄣𑄧 𑄢𑄮𑄘𑄴,",Past
মামা যে পানি কলা,𑄟𑄟𑄳𑄦 𑄡𑄬𑄃𑄨𑄠𑄬 𑄛𑄚𑄨 𑄇𑄧𑄎,Present
চিলের কুা,𑄌𑄨𑄣𑄧𑄍𑄧𑄢 𑄇𑄪𑄠𑄧𑄖𑄴।,Present
বানরটা পাতিলে ধান শুেছে,𑄝𑄚𑄴𑄘𑄧𑄢𑄬 𑄞𑄨𑄣𑄬 𑄙𑄚𑄴 𑄥𑄪𑄉𑄘𑄧𑄚𑄴,Present
এক জাতী গাছ,"𑄏𑄧𑄝𑄪𑄢𑄴 𑄉𑄏𑄧𑄖𑄴𑄧𑄣𑄬,",Present
এক জাতী বানর,𑄉𑄏𑄬 𑄉𑄏𑄬 𑄝𑄚𑄴𑄘𑄧𑄢𑄪𑄚𑄬,Present
নাচ নাচতেছে,𑄚𑄎𑄧𑄘𑄧𑄚𑄴 𑄘𑄧𑄣𑄬 𑄝𑄧𑄣𑄬।,Present
রংধনুটা পতেছে,𑄢𑄚𑄴𑄎𑄪𑄚𑄨𑄠𑄚𑄴 𑄛𑄧𑄎𑄨𑄟𑄬 𑄃𑄪𑄖𑄳𑄠𑄬,Present
ছবি দেখতে পারা,"𑄍𑄧𑄝𑄨 𑄃𑄇𑄳𑄠𑄬 𑄛𑄢𑄳𑄦,",Present
বৃষ্টি দিচ্ছে না এবার,𑄏𑄧𑄢𑄴 𑄘𑄨𑄘𑄧 𑄚𑄧𑄠𑄴 𑄘𑄬𑄝𑄠𑄴 𑄃𑄬𑄝𑄢𑄴,Present
খরার দিন,𑄈𑄧𑄢𑄚𑄴 𑄘𑄨𑄝𑄧 𑄈𑄢𑄳𑄦।,Present
বিঝুর বিঝু,𑄝𑄨𑄏𑄪 𑄃𑄬𑄣𑄧 𑄝𑄨𑄏𑄪 𑄃𑄬𑄣𑄧,Present
পুরনো বছর ফিরে যাবে,"𑄛𑄪𑄢𑄮𑄚𑄴 𑄝𑄧𑄏𑄧𑄢𑄴 𑄝𑄨𑄘𑄨 𑄡𑄬𑄝𑄧,",Future
.নতুন বছর,𑄚𑄪𑄠𑄧 𑄝𑄧𑄏𑄧𑄢𑄴 𑄥𑄮𑄟𑄬𑄝𑄧।,Present
পা হলো ফুল বিঝু,"𑄛𑄧𑄣𑄳𑄠 𑄦𑄧𑄣𑄧 𑄜𑄪𑄣𑄴 𑄝𑄨𑄏𑄪,",Present
বিঝুর সম বিঝু,𑄝𑄨𑄏𑄪 𑄗𑄪𑄟𑄧𑄖𑄴 𑄟𑄪𑄢𑄴 𑄝𑄨𑄏𑄪।,Present
বিঝু গেলে ভালো দিন,"𑄝𑄨𑄏𑄪 𑄉𑄬𑄣𑄬 𑄉𑄧𑄌𑄳𑄠 𑄘𑄨𑄚𑄴,",Present
সবার জন্য সুন্দর দিন,𑄝𑄬𑄇𑄴𑄈𑄪𑄚𑄬 𑄌𑄬𑄝𑄧𑄁 𑄞𑄣𑄬𑄖𑄴 𑄘𑄨𑄚𑄴।,Present
সপ্নের জুম,𑄥𑄧𑄝𑄧𑄚𑄧𑄢𑄴 𑄎𑄪𑄟𑄴,Present
আমাদের জুমের ধানে সুতা,𑄃𑄟𑄳𑄦 𑄎𑄪𑄟𑄧𑄚𑄴 𑄙𑄚𑄬 𑄥𑄪𑄘𑄮𑄠𑄴,Present
নানারকম তরকারি ভরা,"𑄚𑄚𑄋𑄴 𑄖𑄮𑄚𑄴𑄛𑄖𑄴 𑄞𑄧𑄢,",Present
আমাদের জুম স্বপ্নে দেখা,𑄃𑄟𑄳𑄦 𑄎𑄪𑄟𑄧𑄚𑄴 𑄥𑄧𑄝𑄧𑄚𑄬 𑄘𑄬𑄈𑄳𑄠,Present
নানা ধরনের কাজ করা,𑄚𑄚𑄋𑄴 𑄃𑄏𑄠𑄴 𑄉𑄧𑄢।,Present
ধান কাটা শেষ হলে,𑄙𑄚𑄴 𑄇𑄝 𑄗𑄪𑄟𑄴 𑄦𑄧𑄣𑄬,Past
ঘিা সুতা তুলবো,"𑄊𑄧𑄌𑄳𑄠 𑄥𑄪𑄘𑄮 𑄖𑄪𑄣𑄨𑄝𑄧𑄋𑄴,",Future
ঘা সুতা বেেছে,𑄊𑄧𑄌𑄳𑄠 𑄥𑄪𑄘𑄮 𑄝𑄬𑄎𑄨𑄚𑄬𑄃𑄨,Present
.রুা-রুা বানাবো,𑄢𑄪𑄝𑄮-𑄢𑄘𑄨 𑄝𑄚𑄬𑄝𑄧𑄋𑄴।,Future
"ছিে দেওা, পাহাি",𑄍𑄧-𑄢𑄨𑄘𑄴,Present
আম কাঁঠাল পাকার মতো,𑄃𑄟𑄴 𑄇𑄖𑄴𑄗𑄮𑄣𑄴 𑄛𑄉 𑄙𑄧𑄢𑄧𑄚𑄴,Present
গরম রাত আসলে,"𑄉𑄧𑄢𑄧𑄟𑄴 𑄢𑄨𑄖𑄴 𑄃𑄬𑄣𑄬,",Past
বৃষ্টি পা,𑄝𑄢𑄨𑄎𑄳𑄠 𑄝𑄘𑄧𑄣𑄬।,Present
কাজ কর্মে সাহায্য করা,𑄇𑄟𑄴 𑄇𑄧𑄢𑄧𑄎𑄴 𑄎𑄧𑄘𑄴 𑄝𑄧𑄘𑄬,Present
ভাই-বোনেরা,"𑄞𑄘𑄧 𑄃 𑄃𑄏𑄨𑄚𑄧𑄖𑄴,",Present
বই আনন করে দো,𑄝𑄮 𑄃𑄚𑄧𑄚𑄴 𑄝𑄮 𑄘𑄳𑄠𑄧𑄚𑄴,Present
পাহাের সম,𑄛𑄨𑄣𑄋𑄧 𑄥𑄧𑄟𑄧𑄖𑄴।,Present
ঘরে ঘরে পিঠা বানানো হ,𑄊𑄧𑄢𑄬 𑄊𑄧𑄢𑄬 𑄛𑄨𑄙𑄬 𑄘𑄪𑄉𑄧𑄚𑄴,Present
শীতকালের সম,"𑄎𑄢𑄧 𑄢𑄨𑄖𑄴 𑄥𑄮𑄟𑄬𑄣𑄬,",Present
বো চা ভালো হ,𑄝𑄬𑄢𑄚𑄴 𑄌𑄬𑄢𑄚𑄴 𑄉𑄧𑄟𑄴 𑄦𑄧𑄠𑄴,Present
এক জাতী বুনো ফল,𑄥𑄖𑄴𑄝𑄢𑄴,Present
সূর্য অস্ত যাচ্ছে,𑄢𑄧𑄝𑄨 𑄦𑄧𑄣𑄧 𑄛𑄧𑄢𑄝𑄢𑄴,Present
বিদ্যুৎ চমকানি,"𑄥𑄧𑄟𑄴𑄝𑄢𑄴 𑄗𑄨𑄢𑄴,",Present
মঙ্গলে সিঝিকা,𑄟𑄧𑄋𑄴𑄉𑄧𑄣𑄬 𑄥𑄨𑄏𑄨𑄇𑄟𑄴,Present
"এক জাতী বুনো ফল, যা সবজি হিসেবে ব্যবহৃত হ",𑄝𑄪𑄙𑄧𑄇𑄟𑄴 𑄙𑄨𑄢𑄴।,Present
বিস্মসূচক শব্দ,𑄝𑄨𑄥𑄪𑄘𑄬 𑄳𑄟𑄪𑄢𑄪 𑄃𑄳𑄦,Present
সুোকে মা নাম ধরে ধরে,"𑄥𑄪𑄇𑄴𑄇𑄮𑄢𑄬 𑄟 𑄚𑄋𑄴 𑄙𑄧𑄢𑄨,",Present
শনিবারে আসা,𑄥𑄧𑄚𑄨𑄝𑄢𑄬 𑄃𑄃𑄨𑄣𑄮𑄟𑄴,Present
"ধুধুক, ধুধুক",𑄙𑄪𑄙𑄪𑄇𑄴,Present
"ধুধুুক নাটুক টুুক, টুকি টুকি","𑄙𑄪𑄙𑄪𑄇𑄴 𑄚𑄖𑄪𑄇𑄴 𑄑𑄪𑄑𑄪𑄇𑄴 𑄑𑄪𑄇𑄴,",Present
বাঁশের বোটা বাচ্চাটাকে ধুেছে,"𑄝𑄘𑄮𑄃𑄨 𑄝𑄧𑄓 𑄌𑄨𑄘𑄨𑄢𑄬 𑄙𑄪𑄝𑄴,",Present
"টুকরো টুকরো, টুকরো, টুকরো",𑄑𑄪𑄑𑄪𑄇𑄴 𑄑𑄪𑄑𑄪𑄇𑄴 𑄑𑄪𑄇𑄴।,Present
ভালো লাগলে মনে সুখ,𑄣𑄉𑄧𑄖𑄴 𑄛𑄬𑄣𑄬 𑄟𑄧𑄚𑄧𑄖𑄴 𑄥𑄪𑄇𑄴,Present
ভালো না লাগলে মনে দুঃখ,"𑄣𑄉𑄧𑄖𑄴 𑄚𑄧-𑄛𑄬𑄣𑄬 𑄟𑄧𑄚𑄧𑄖𑄴 𑄘𑄪𑄇𑄴,",Present
ধুমপানের শব্দ,𑄙𑄪𑄙𑄪𑄇𑄴 𑄚𑄖𑄪𑄇𑄴 𑄑𑄪𑄑𑄪𑄇𑄴 𑄑𑄪𑄇𑄴।,Present
এক জাতী ফুল,𑄟𑄳𑄦𑄧𑄚𑄨𑄜𑄪𑄣𑄴,Present
লাল ধোঁার ফুল,"𑄢𑄋-𑄙𑄪𑄝𑄴 𑄟𑄳𑄦𑄧𑄚𑄨𑄜𑄪𑄣𑄴,",Present
এক জাতী বুনো ফল যা সবজি হিসেবে ব্যবহৃত হ,𑄓𑄘𑄨 𑄞𑄬𑄋 𑄳𑄟𑄪𑄣𑄴 𑄳𑄟𑄪𑄣𑄴।,Present
পাকা ধান চেে চেে,"𑄛𑄉𑄚 𑄙𑄚𑄧 𑄌𑄬𑄢𑄬 𑄌𑄬𑄢𑄬,",Present
"জুমের বািতে, জুমের মাঠে","𑄎𑄪𑄟𑄮𑄊𑄧𑄢𑄴 𑄃𑄪𑄘𑄮𑄚𑄧𑄖𑄴,",Present
যেখানে সেখান থেকে তাাতাি,"𑄡𑄨𑄖𑄴𑄪𑄚𑄴 𑄌𑄠𑄴 𑄥𑄨𑄖𑄴𑄪𑄚𑄴 𑄘𑄬𑄉𑄬,",Present
.নিচে দেখে মন ভরে যা,𑄢𑄨𑄚𑄨 𑄌𑄬𑄣𑄬 𑄟𑄧𑄚𑄴 𑄞𑄧𑄢𑄬।,Present
এক জাতী ফুল,"𑄙𑄪𑄝𑄴 𑄢𑄋 𑄟𑄳𑄦𑄧𑄚𑄨𑄜𑄪𑄣𑄴,",Present
কানের ফুল,𑄡𑄬𑄚𑄴 𑄣𑄉𑄬 𑄇𑄚𑄧 𑄜𑄪𑄣𑄴।,Present
কানের পাশে ঝুমকা,"𑄇𑄚𑄧 𑄣𑄧𑄉𑄬 𑄏𑄪𑄟𑄴𑄣𑄨 𑄥𑄚𑄴,",Present
পানি বেছে,𑄘𑄪𑄣𑄮𑄘𑄧𑄚𑄴 𑄝𑄧𑄠𑄬𑄢𑄬।,Present
"সেলাই করা, সেলাই করা",𑄌𑄨𑄎𑄨𑄥𑄧𑄚,Present
ছোট ছোট ঘুমাতে যাওা,𑄌𑄨𑄎𑄨 𑄥𑄧𑄚 𑄊𑄪𑄟𑄧𑄚𑄴 𑄡𑄚𑄳𑄦,Present
তাাতাি ঘুম ভাঙা,𑄖𑄖𑄳𑄠𑄬𑄃𑄨 𑄃𑄚𑄳𑄠𑄧𑄋𑄴 𑄊𑄪𑄟𑄴 𑄛𑄉𑄚,Present
হাঙর কূলে যে,"𑄦𑄋𑄧𑄢𑄴 𑄇𑄪𑄣𑄧𑄖𑄴 𑄡𑄬𑄃𑄨,",Present
.ঘুমের মধ্যে ঘুরে বোনো যাবে,𑄊𑄪𑄟𑄮 𑄢𑄬𑄎𑄳𑄠𑄧𑄖𑄴 𑄝𑄬𑄢 𑄡𑄬𑄝𑄬,Future
.সে গেলে সঙ্গী পাবে,𑄥𑄨𑄙𑄪 𑄉𑄬𑄣𑄬 𑄥𑄧𑄟𑄢𑄴 𑄛𑄬𑄝𑄬,Future
চাঁদ বুো আছে তোমাকে দেখে,𑄌𑄚𑄧 𑄝𑄪𑄢𑄨 𑄃𑄊𑄬 𑄖𑄧𑄢𑄬 𑄌𑄬𑄃𑄨।,Present
এক জাতী বুনো ফল যা সবজি হিসেবে ব্যবহৃত হবে,𑄌𑄨𑄎𑄨 𑄞𑄨𑄣𑄬 𑄉𑄧𑄢𑄴𑄝 𑄃𑄬𑄝𑄧,Future
খেলা হবে সমে মিলিে,"𑄈𑄢 𑄦𑄧𑄝𑄧 𑄥𑄧𑄁 𑄥𑄧𑄟𑄎𑄳𑄠 𑄟𑄨𑄣𑄨,",Future
মেঘ বুি আসবে,𑄟𑄬𑄊𑄧 𑄝𑄪𑄢𑄨 𑄈𑄧𑄎 𑄃𑄬𑄝𑄧,Future
চিজি সিজো ঘুম যাবে,𑄌𑄨𑄎𑄨 𑄥𑄨𑄙𑄪 𑄊𑄪𑄟𑄧𑄚𑄴 𑄡𑄬𑄝𑄧,Future
আগুনের তাপে পা,𑄥𑄧𑄚𑄢𑄴 𑄘𑄪𑄣𑄮𑄚𑄧𑄖𑄴 𑄘𑄪𑄣𑄨।,Present
ঘিলে পাা,𑄊𑄨𑄣𑄬 𑄛𑄢,Present
ছোট যে ঘিলে পারা,𑄌𑄨𑄎𑄨 𑄡𑄬𑄃𑄨𑄠𑄬 𑄊𑄨𑄣𑄬 𑄛𑄢,Present
"চিত্তি যে তরকারিটা খোঁজো,","𑄌𑄨𑄖𑄴𑄨 𑄡𑄬𑄃𑄨𑄠𑄬 𑄖𑄮𑄚𑄴 𑄖𑄧𑄉,",Present
এক জাতী ঘিলে পাে,𑄌𑄨𑄎𑄨 𑄊𑄨𑄣𑄬 𑄛𑄢𑄬𑄢𑄴 𑄣𑄧𑄃𑄨,Present
উে উে গাছ যা,𑄃𑄪𑄘𑄨 𑄃𑄪𑄘𑄨 𑄉𑄌𑄴 𑄎𑄧𑄉।,Present
চিত্তি তরকারির তরকারি,𑄌𑄨𑄖𑄴𑄨 𑄖𑄧𑄉𑄢𑄴 𑄖𑄮𑄚𑄴 𑄛𑄖𑄴,Present
কাঁঠালের ঢিঙি সিক,"𑄇𑄖𑄴𑄗𑄮𑄣𑄴 𑄔𑄨𑄋𑄨 𑄥𑄨𑄉𑄮𑄚𑄴 𑄥𑄇𑄴,",Present
ছোট সোনার বািে এসেছে,𑄌𑄨𑄎𑄨 𑄥𑄧𑄚 𑄊𑄧𑄢𑄧𑄖𑄴 𑄃𑄬𑄡𑄬𑄢𑄴,Present
কাঁধে করে ঘিলের চাঁই,𑄇𑄳𑄦𑄚𑄖𑄴 𑄉𑄧𑄢𑄨 𑄊𑄨𑄣𑄬𑄢𑄴 𑄖𑄇𑄴।,Present
চিত্তি সুনা বািতে এসেছে,𑄌𑄨𑄖𑄴𑄨 𑄥𑄧𑄚 𑄊𑄧𑄢𑄧𑄖𑄴 𑄃𑄬𑄡𑄬𑄢𑄴,Present
বুো ভোরে তরকারি বানানো,"𑄝𑄪𑄉𑄨𑄖𑄴 𑄞𑄮𑄢𑄬𑄃𑄨 𑄖𑄮𑄚𑄚𑄨,",Present
চিত্তি ছিঁে আছে এমন,𑄌𑄨𑄖𑄴𑄨 𑄌𑄨𑄎𑄨 𑄦𑄏𑄨-𑄈𑄪𑄏𑄨,Present
রংচঙে হওা মন,𑄢𑄧𑄋𑄴𑄌𑄧𑄋𑄳𑄠 𑄦𑄮𑄃𑄨𑄠𑄬 𑄟𑄧𑄚𑄚𑄨।,Present
.ওলি ওলিে ওলিে,𑄃𑄮𑄣𑄨 𑄃𑄮𑄣𑄨 𑄃𑄮𑄣𑄨𑄢𑄬 𑄃𑄮𑄣𑄨 . . . . . .,Present
ঘুম যাওা শিশুটি দোলনা করে,𑄊𑄪𑄟𑄴 𑄡 𑄌𑄨𑄎𑄨 𑄇𑄬𑄢𑄬𑄋𑄴𑄎𑄪 𑄘𑄪𑄣𑄮𑄚𑄧𑄖𑄴 𑄘𑄪𑄣𑄨।,Present
.নাকশা গাছের রিবেংজু,"𑄚𑄇𑄴𑄥𑄧 𑄉𑄏𑄧 𑄢𑄨𑄝𑄬𑄋𑄴 𑄎𑄪,",Present
দুলিে বোনা বেতের ঝুি,𑄘𑄪𑄣𑄮𑄚𑄴 𑄝𑄪𑄚𑄨 𑄇𑄬𑄢𑄬𑄋𑄴 𑄎𑄪।,Present
কেরাং জুমে কেরাং চামা,"𑄇𑄬𑄢𑄬𑄋𑄴 𑄎𑄪 𑄘𑄪𑄣𑄮𑄚𑄧𑄖𑄴 𑄇𑄬𑄢𑄬𑄘𑄧 𑄌𑄇𑄴,",Present
.ওা ডগটা চিবিে শুনো,𑄃𑄮𑄠𑄁 𑄓𑄧𑄉𑄧𑄖𑄴𑄧𑄚𑄴 𑄌𑄨𑄎𑄨 𑄥𑄪𑄚𑄨 𑄗𑄇𑄴।,Present
.সোনার চিঝি ঘুম যা,"𑄥𑄧𑄚 𑄌𑄨𑄎𑄨 𑄊𑄪𑄟𑄴 𑄡𑄢𑄴,",Present
মামা তাকে ঘুম নিে যা,𑄟𑄟𑄳𑄦 𑄖𑄢𑄬 𑄊𑄪𑄟𑄴 𑄚𑄬𑄡𑄢𑄴।,Present
পুরো বািটা জুে গেছে,𑄉𑄧𑄘 𑄊𑄧𑄢𑄚𑄴 𑄎𑄪𑄢𑄮 𑄦𑄮𑄃𑄨𑄠𑄬,Present
ছোট ঘুমাই যাওা,"𑄌𑄨𑄎𑄨 𑄊𑄪𑄟𑄴 𑄡𑄚𑄠𑄴,",Present
.পজ্জোনের মধ্যে কেরা কেরা,𑄛𑄪𑄎𑄪𑄚𑄮 𑄥𑄬𑄢𑄳𑄦𑄬 𑄇𑄬𑄢𑄴 𑄇𑄬𑄢𑄠𑄴,Present
কচি চোখ মেে চা,𑄌𑄨𑄎𑄨 𑄌𑄮𑄇𑄴 𑄟𑄬𑄣𑄨 𑄌𑄠𑄴।,Present
.মা তাকে ওলিে দাঁিে একদম ঘুমাতে যা না,𑄟𑄟𑄳𑄦 𑄖𑄢𑄬 𑄃𑄮𑄣𑄨 𑄓𑄉𑄨𑄘𑄬 𑄃𑄳𑄦𑄘𑄧 𑄌𑄨𑄎𑄨 𑄊𑄪𑄟𑄴 𑄚𑄧 𑄡𑄠𑄴।,Present
টেলিফোন,𑄑𑄬𑄣𑄨𑄜𑄮𑄚𑄴,Present
রিং রিং টেলিফোন,𑄇𑄨𑄢𑄨 𑄢𑄨𑄁 𑄇𑄨𑄢𑄨 𑄢𑄨𑄁 𑄑𑄬𑄣𑄨𑄜𑄮𑄚𑄴,Present
হেলো কে বলে,"𑄦𑄬𑄣𑄮 𑄇𑄧𑄚𑄴𑄚 𑄇𑄧𑄖𑄬𑄴 𑄇𑄧𑄚𑄳𑄦,",Present
আমি খুঁজতে যাচ্ছি আমার সমাজ,𑄟𑄪𑄃𑄨 𑄖𑄧𑄉𑄋𑄧𑄢𑄴 𑄟𑄧 𑄥𑄧𑄟𑄎𑄳𑄠,Present
এক জাতী সবজি,𑄟𑄧𑄚-𑄍𑄧 𑄃𑄳𑄦 𑄥𑄧𑄚।,Present
পাহাের ঢালুতে চা,𑄟𑄪𑄃𑄨 𑄦𑄧𑄣𑄪𑄋𑄴𑄉𑄬 𑄝𑄨𑄣𑄬𑄃𑄨 𑄍𑄧,Present
"মামা যে বাজারে,","𑄟𑄟𑄳𑄦 𑄡𑄬𑄃𑄨𑄠𑄬 𑄝𑄎𑄢𑄧𑄖𑄴,",Present
. লুকোচুরি খেলা হবে।,𑄛𑄧𑄣𑄴𑄣 𑄛𑄧𑄣𑄴𑄣𑄨 𑄈𑄢 𑄦𑄧𑄝𑄧𑄁,Future
আমার বািতে ঘুরে বো,𑄃𑄠𑄴 𑄝𑄬𑄢𑄉𑄨 𑄟𑄧 𑄊𑄧𑄢𑄧𑄖𑄴।,Present
কেন এত তাাতাি,"𑄇𑄬𑄚𑄬 𑄃𑄬𑄡𑄧𑄁 𑄌𑄬𑄃𑄨,",Present
মামা যে তরকারি তাা,𑄟𑄟𑄳𑄦 𑄡𑄬𑄃𑄨𑄠𑄬 𑄖𑄮𑄚𑄴 𑄖𑄧𑄉,Present
আমার বািতে রাগ করে,𑄟𑄧𑄢𑄬 𑄊𑄧𑄢𑄧𑄖𑄴 𑄢𑄉𑄬𑄃𑄨।,Present
এক জাতী বুনো শাক,𑄌𑄧𑄢𑄴𑄉𑄝𑄪𑄢𑄨 𑄥𑄪𑄘𑄮 𑄇𑄘𑄬𑄢𑄴,Present
ঘাসের পাতা দিে তৈরি মাদুর,"𑄌𑄧𑄢𑄴𑄉 𑄛𑄘𑄨 𑄝𑄮𑄃𑄨,",Present
ছোট ছোট পাখি যাওা,𑄌𑄨𑄎𑄨 𑄥𑄧𑄚 𑄥𑄨𑄙𑄪 𑄡𑄬𑄝𑄢𑄴,Present
সম খোঁজ নেওা,𑄥𑄧𑄟𑄢𑄴 𑄖𑄧𑄉𑄢𑄴 𑄣𑄧𑄃𑄨।,Present
"লক্ষী,ধন,পরান্ন মূল","𑄣𑄧𑄇𑄴𑄈𑄨, 𑄙𑄧𑄚𑄧, 𑄛𑄧𑄢𑄚𑄴 𑄳𑄟𑄪𑄣𑄧",Present
.সবাই হলো উবোল পাল,"𑄝𑄬𑄊𑄬 𑄦𑄧𑄣𑄇𑄴 𑄃𑄪𑄝𑄮𑄣𑄴 𑄛𑄣𑄴,",Present
যে ভে যেদিকে যা,𑄡𑄬𑄃𑄨 𑄞𑄨𑄣𑄬 𑄡𑄬𑄃𑄨 𑄌𑄚𑄧𑄖𑄴 𑄡𑄬𑄃𑄨,Present
সবাই মিলেমিশে,𑄝𑄬𑄇𑄴𑄈𑄪𑄚𑄴 𑄟𑄨𑄣𑄨 𑄃𑄬𑄇𑄴𑄖𑄣𑄴।,Present
এক জাতী বুনো শাক,𑄥𑄧𑄚𑄢𑄴 𑄥𑄋𑄪 𑄛𑄘𑄬𑄣𑄇𑄴,Present
.রুার পিপা বানানো,"𑄢𑄪𑄝𑄮𑄢𑄴 𑄛𑄨𑄎𑄪𑄟𑄴 𑄝𑄚𑄳𑄦𑄩,",Present
ছোট এক জাতী সবজি,𑄌𑄨𑄎𑄨 𑄡𑄬𑄝𑄧 𑄥𑄎𑄨 𑄥𑄪𑄎𑄨,Present
.খাওা দুধ পে,𑄈𑄎𑄳𑄠 𑄘𑄪𑄙𑄨 𑄛𑄨𑄚𑄳𑄦𑄩।,Present
.বগাস,𑄝𑄧𑄑𑄴𑄉𑄌𑄴 . . . . . . . . . . . . . . . . . . . . . . . . . . . . . . . . . . . . . . . . . . . . . . . . . . 𑄺,Present
ছোট ছোট . . . . .,𑄌𑄨𑄉𑄮𑄚𑄴 𑄌𑄨𑄎𑄨 . . . . . . . . . . . . . . . . . . . . . . . . . . . . . . . . . . . . . . . . . . . . . . . . . 𑄺,Present
.লক্ষী বাি . .,𑄣𑄧𑄇𑄴𑄈𑄨 𑄊𑄧𑄢𑄴 . . . . . . . . . . . . . . . . . . . . . . . . . . . . . . . . . . . . . . . . . . . . . . . . . 𑄻,Present
".তীব্র, তীব্র, তীব্র",𑄖𑄨𑄗𑄨𑄛𑄬𑄇𑄴 . . . . . . . . . . . . . . . . . . . . . . . . . . . . . . . . . . . . . . . . . . . . . . . . . . . 𑄻,Present
.লবনাক্ত,𑄌𑄮𑄣𑄴𑄇𑄢 . . . . . . . . . . . . . . . . . . . . . . . . . . . . . . . . . . . . . . . . . . . . . . . . . . . . 𑄼,Present
.পা হলো . . . . . . .,𑄛𑄳𑄦𑄧𑄢𑄴 𑄦𑄧𑄣𑄧 . . . . . . . . . . . . . . . . . . . . . . . . . . . . . . . . . . . . . . . . . . . . . . . . . . .. 𑄼,Past
.বিাল ডুবে গেল।,𑄝𑄬𑄣𑄴 𑄓𑄪𑄝𑄨𑄣𑄧 . . . . . . . . . . . . . . . . . . . . . . . . . . . . . . . . . . . . . . . . . . . . . . . . . 𑄽,Past
চিত্তি ছিে যাওা,𑄌𑄨𑄖𑄴𑄨 𑄌𑄨𑄎𑄨 . . . . . . . . . . . . . . . . . . . . . . . . . . . . . . . . . . . . . . . . . . . . . . . . . . . .𑄽,Present
.খাওার জিনিসপত্র,𑄈𑄬𑄝𑄢𑄴 𑄎𑄨𑄚𑄨𑄥𑄴 . . . . . . . . . . . . . . . . . . . . . . . . . . . . . . . . . . . . . . . . . . . . . . . 𑄾,Present
.সরঞ্জাম চিঝি,𑄥𑄧𑄚𑄢𑄴 𑄌𑄨𑄎𑄨 . . . . . . . . . . . . . . . . . . . . . . . . . . . . . . . . . . . . . . . . . . . . . . . . . ..𑄾,Present
. . . . . . .,𑄛𑄪𑄏𑄪𑄚𑄮 𑄥𑄳𑄦𑄬𑄢𑄴 . . . . . . . . . . . . . . . . . . . . . . . . . . . . . . . . . . . . . . . . . . . . . . . . . 𑄿,Present
.লিে না পাওা,𑄣𑄧𑄢𑄨 𑄚𑄧-𑄛𑄢𑄧𑄁. . . . . . . . . . . . . . . . . . . . . . . . . . . . . . . . . . . . . . . . . . . . . . . . . .𑄿,Present
.পথের আমল,𑄛𑄧𑄖𑄳𑄠 𑄃𑄟𑄧𑄣𑄴 . . . . . . . . . . . . . . . . . . . . . . . . . . . . . . . . . . . . . . . . . . . . . . . . .𑄷𑄶,Present
চিত্তি চিঝি,𑄌𑄨𑄖𑄴𑄨 𑄌𑄨𑄎𑄨 . . . . . . . . . . . . . . . . . . . . . . . . . . . . . . . . . . . . . . . . . . . . . . . . . . ..𑄷𑄶,Present
নাকশা ফুল,𑄚𑄇𑄴𑄥 𑄜𑄪𑄣𑄴 . . . . . . . . . . . . . . . . . . . . . . . . . . . . . . . . . . . . . . . . . . . . . . . . . 𑄷𑄷,Present
".কঠিন,কঠিন,কঠিন",𑄝𑄘𑄮𑄣𑄴 . . . . . . . . . . . . . . . . . . . . . . . . . . . . . . . . . . . . . . . . . . . . . . . . . . . . . 𑄷𑄷,Present
বাঁশপাতা ছেঁা,𑄝𑄌𑄴𑄛𑄘 𑄍𑄬𑄚𑄨 . . . . . . . . . . . . . . . . . . . . . . . . . . . . . . . . . . . . . . . . . . . . . . .𑄷𑄸,Present
. খাওার জিনিস . . . .,𑄈𑄬𑄝𑄢𑄴 𑄎𑄨𑄚𑄨𑄥𑄴 . . . . . . . . . . . . . . . . . . . . . . . . . . . . . . . . . . . . . . . . . . . . . . .𑄷𑄸,Present
চুরি মনে চুরি,𑄌𑄪𑄢𑄧 𑄟𑄧𑄚𑄬 𑄌𑄪𑄢𑄴 . . . . . . . . . . . . . . . . . . . . . . . . . . . . . . . . . . . . . . . . . . . . . ..𑄷𑄹,Present
জুমের চাষ,𑄎𑄪𑄟𑄴𑄌𑄝𑄴 . . . . . . . . . . . . . . . . . . . . . . . . . . . . . . . . . . . . . . . . . . . . . . . . . . . .𑄷𑄹,Present
.আন,𑄃𑄠𑄴𑄌𑄚𑄴 . . . . . . . . . . . . . . . . . . . . . . . . . . . . . . . . . . . . . . . . . . . . . . . . . . . .𑄷𑄺,Present
ববং . . . . .,𑄝𑄧𑄌𑄴𑄨 𑄝𑄬𑄝𑄧𑄁 . . . . . . . . . . . . . . . . . . . . . . . . . . . . . . . . . . . . . . . . . . . . . . . . . ..𑄷𑄺,Present
"বেংরা, . . . . . . .",𑄝𑄬𑄋𑄴𑄙𑄧𑄢 . . . . . . . . . . . . . . . . . . . . . . . . . . . . . . . . . . . . . . . . . . . . . . . . . . .𑄷𑄻,Present
".ঈর্ষু, ঈর্ষা, ঈর্ষা, ঈর্ষা, ঈর্ষা, ঈর্ষা",𑄎𑄪𑄚𑄨 . . . . . . . . . . . . . . . . . . . . . . . . . . . . . . . . . . . . . . . . . . . . . . . . . . . . . . .𑄷𑄻,Present
বট গাছ,𑄝𑄧𑄑𑄴𑄉𑄌𑄴,Present
ওই দেখা যাওাটা যাওা যাক,𑄃𑄰 𑄘𑄬𑄊 𑄡𑄠𑄴 𑄝𑄧𑄑𑄴𑄉𑄌𑄴,Present
সেখানে আমাদের গ্রাম,"𑄥𑄨𑄠𑄧𑄖𑄴 𑄃𑄟𑄳𑄦 𑄃𑄘𑄟𑄚𑄴,",Present
এই গ্রামের মানুষরা যে গ্রামে থাকে,𑄃𑄬 𑄃𑄘𑄟𑄧𑄖𑄴 𑄇𑄘𑄬𑄠𑄴 𑄡𑄬𑄠𑄧𑄚𑄴,Present
.অতিরিক্ত জনম,𑄃𑄎𑄪 𑄛𑄨𑄎𑄪 𑄎𑄧𑄚𑄧𑄟𑄚𑄴।,Present
পাহাের জলাশ,"𑄦𑄏𑄨 𑄈𑄧𑄣𑄧𑄇𑄴 𑄈𑄧𑄣𑄧𑄇𑄴 𑄳𑄟𑄪𑄢𑄧𑄝𑄮,",Present
.মেে নেই বািতে পাহাি নেই,"𑄳𑄟𑄪𑄢𑄧 𑄚𑄬𑄃𑄨 𑄊𑄧𑄢𑄧𑄖𑄴 𑄦𑄏𑄨 𑄚𑄬𑄃𑄨,",Present
বুো বািতে নিে যাওা নেই,𑄝𑄪𑄢𑄮 𑄚𑄬𑄃𑄨 𑄊𑄧𑄢𑄧𑄖𑄴 𑄚𑄨𑄘𑄨 𑄚𑄬𑄃𑄨।,Present
লক্ষী বাি,𑄣𑄧𑄇𑄴𑄈𑄨 𑄊𑄧𑄢𑄴,Present
.মানুষটা ভ পেছে,"𑄟𑄚𑄬𑄇𑄴 𑄝𑄬𑄉𑄬𑄚 𑄏𑄮𑄣𑄴𑄏𑄮𑄣𑄨,",Present
লক্ষী বািতে লক্ষী,𑄣𑄧𑄇𑄴𑄈𑄨 𑄊𑄧𑄢𑄧𑄖𑄴 𑄇𑄮𑄣𑄴𑄇𑄮𑄣𑄨।,Present
.সাঙু পাতলা হেছে,"𑄥𑄋𑄪 𑄛𑄨𑄎𑄪𑄟𑄴 𑄛𑄨𑄌𑄴𑄌𑄮𑄣𑄴 𑄦𑄧𑄠𑄴,",Present
ব ব হেছে,𑄉𑄧𑄢𑄴𑄝 𑄉𑄧𑄢𑄴𑄝𑄨 𑄃𑄪𑄘𑄬 𑄝𑄧𑄠𑄴।,Present
এক জাতী পাখি,𑄖𑄨𑄗𑄨𑄛𑄬𑄇𑄴,Present
লম্বা লম্বা পাখানা,"𑄣𑄟𑄴𑄝 𑄚𑄧𑄣 𑄖𑄨𑄗𑄨𑄛𑄬𑄇𑄴,",Present
ভূমিধস হেছে,𑄞𑄪𑄠𑄧𑄖𑄴 𑄓𑄧𑄉𑄧𑄢𑄧𑄚𑄴 𑄚𑄨𑄎𑄨𑄢𑄬𑄖𑄴।,Present
বো হলে চির পানির সনাগুলো ঝরে,"𑄝𑄬𑄚𑄳𑄠 𑄦𑄧𑄣𑄬 𑄌𑄨𑄢𑄧 𑄛𑄚𑄨𑄢𑄴 𑄥𑄧𑄚𑄢𑄎𑄨 𑄏𑄧𑄢𑄬,",Present
রাতের বেলা এলে পেট ভরে,𑄢𑄬𑄖𑄴𑄖𑄱 𑄃𑄬𑄣𑄬 𑄛𑄬𑄉𑄮𑄉𑄨𑄘𑄬 𑄟𑄬𑄠𑄬𑄠𑄴 𑄝𑄪𑄇𑄴 𑄞𑄧𑄢𑄬।,Present
১. চাল ২. চাল,𑄌𑄮𑄣𑄴𑄇𑄢,Present
দাদা যে মোষ চা,𑄘𑄘𑄳𑄦 𑄡𑄬𑄃𑄨𑄠𑄬 𑄟𑄮𑄎𑄴 𑄌𑄧𑄢,Present
".বুঝি যে চালগুলো,","𑄝𑄪𑄎𑄨 𑄡𑄬𑄃𑄨𑄠𑄬 𑄌𑄮𑄣𑄴𑄇𑄢,",Present
বাবা যে বাজারে যাচ্ছে,𑄝𑄝𑄳𑄦 𑄡𑄬𑄃𑄨𑄠𑄬 𑄝𑄎𑄢𑄧𑄖𑄴,Present
ঝাু দিে ভাত পাওা,𑄏𑄘𑄨 𑄞𑄖𑄴 𑄛𑄠𑄴 𑄛𑄢।,Present
সকাল হলো,𑄛𑄳𑄦𑄧𑄢𑄴 𑄦𑄧𑄣𑄧,Past
. ভোর হলো ভোর হলো,𑄛𑄳𑄦𑄧𑄢𑄴 𑄦𑄧𑄣𑄧 𑄛𑄳𑄦𑄧𑄢𑄴 𑄦𑄧𑄣𑄧,Past
চিত্তি চিঝির পেটে,"𑄌𑄨𑄖𑄴𑄨 𑄌𑄨𑄎𑄨 𑄃𑄪𑄘𑄧𑄢𑄬,",Present
হাত-পা ধোা পোকা,𑄦𑄖𑄴-𑄟𑄪 𑄙𑄮𑄠𑄴 𑄛𑄪𑄏𑄨,Present
লেখাপা করে,𑄣𑄬𑄊-𑄛𑄧𑄢 𑄉𑄧𑄢𑄧𑄢𑄬।,Present
সূর্য ডুবলো,𑄝𑄬𑄣𑄴 𑄓𑄪𑄝𑄨𑄣𑄧,Past
সূর্য ডোবার সম,𑄝𑄬𑄣𑄴 𑄓𑄪𑄝𑄨𑄣𑄧 𑄥𑄌𑄴 𑄊𑄧𑄚𑄬𑄣𑄧,Present
চিত্তি বিে এসেছে ঝাু,"𑄌𑄨𑄖𑄴𑄨 𑄌𑄨𑄎𑄨 𑄃𑄬𑄡𑄧 𑄏𑄘𑄨,",Present
খেলা শেষ করে বাতি জ্বালাও,𑄈𑄢 𑄜𑄬𑄣𑄬𑄃𑄨 𑄝𑄖𑄴𑄨 𑄎𑄣𑄬𑄃𑄨,Present
বই মািে মািে,𑄝𑄧𑄃𑄨 𑄟𑄘𑄧𑄉𑄨 𑄏𑄘𑄨-𑄟𑄘𑄨।,Present
এক জাতী ছোট পাখি,𑄌𑄨𑄖𑄴𑄨 𑄌𑄨𑄎𑄨,Present
চিত্তি ছিঁে আছে,𑄌𑄨𑄖𑄴𑄨 𑄌𑄨𑄎𑄨 𑄝𑄬𑄊𑄬 𑄃𑄬𑄡𑄧,Present
কাঁকার মুখ থেকে গন্ধ বের হ,"𑄇𑄧𑄋𑄧𑄢𑄴 𑄟𑄪𑄃𑄨 𑄟𑄧𑄚𑄴𑄘𑄨 𑄥𑄪𑄚𑄧,",Present
ভালো থাকার নিশ্চতা,𑄉𑄧𑄟𑄴 𑄗𑄬𑄝𑄢𑄴 𑄚𑄨𑄘𑄨𑄠𑄚𑄨,Present
ফেলে দিও না একটা,𑄜𑄬𑄣𑄬𑄃𑄨 𑄚𑄧-𑄘𑄳𑄠𑄧 𑄃𑄬𑄇𑄴𑄈𑄚𑄧।,Present
খাওার জিনিস,𑄈𑄬𑄝𑄢𑄴 𑄎𑄨𑄚𑄨𑄥𑄴,Present
চাটা খাওার সম চাটা খাওার সম,𑄗𑄧𑄝 𑄈𑄬𑄝𑄢𑄴 𑄔𑄉𑄧𑄚𑄨 𑄘𑄨𑄚𑄬𑄃𑄨,Present
.নাক থেকে পানি পতেছে,𑄃𑄳𑄦 𑄚𑄧𑄣𑄬 𑄟𑄏𑄨 𑄒𑄬𑄋𑄧𑄢𑄴,Present
নানা ধরনের মলা পতে পারে,𑄚𑄚𑄋𑄴 𑄇𑄎𑄧𑄢𑄴 𑄛𑄧𑄢𑄨 𑄛𑄢𑄬।,Present
এক জাতী ছোট পাখি,𑄥𑄧𑄚𑄢𑄴 𑄌𑄨𑄎𑄨,Present
সাবানের চিপা ঘুম যা,𑄥𑄧𑄚𑄢𑄴 𑄌𑄨𑄎𑄨 𑄊𑄪𑄟𑄴 𑄡𑄢𑄴,Present
মামা তাকে ঘুম নিে যা,"𑄟𑄟𑄳𑄦 𑄖𑄢𑄬 𑄊𑄪𑄟𑄴 𑄚𑄬𑄡𑄠𑄴,",Present
ছোট ঘুমাই যাওা,𑄌𑄨𑄎𑄨 𑄊𑄪𑄟𑄴 𑄡𑄚𑄠𑄴।,Present
পোকামাক,𑄛𑄪𑄏𑄪𑄚𑄮 𑄥𑄳𑄦𑄬𑄢𑄴,Present
.পুিটা তাকে কেরা কেরা করে,𑄛𑄪𑄏𑄪𑄚𑄮 𑄥𑄳𑄦𑄬𑄢𑄬 𑄇𑄬𑄢𑄴 𑄇𑄬𑄢𑄠𑄴,Present
ছোট চোখ মেে চা,"𑄌𑄨𑄎𑄨 𑄌𑄮𑄇𑄴 𑄟𑄬𑄣𑄨 𑄌𑄠𑄴,",Present
.মা তাকে বিদা দে,𑄟𑄟𑄳𑄦 𑄖𑄢𑄬 𑄃𑄧𑄣𑄨 𑄓𑄉𑄨𑄘𑄬,Present
একটু একটু ঘুমাই যা,𑄃𑄳𑄦𑄘𑄧 𑄌𑄨𑄎𑄨 𑄊𑄪𑄟𑄴 𑄡𑄠𑄴।,Present
লরি নাচা করে না-পারা,𑄣𑄧𑄢𑄨 𑄚𑄧-𑄛𑄢𑄧𑄁 𑄌𑄧𑄢𑄨 𑄚𑄧-𑄛𑄢𑄧𑄁,Present
সহ্য করতে পারছি না,"𑄗𑄧𑄢𑄨 𑄚𑄧-𑄛𑄢𑄧𑄁 𑄃𑄳𑄦,",Present
বই খেলা বেগ ভরা,𑄝𑄧𑄃𑄨 𑄈𑄘𑄠𑄴 𑄝𑄬𑄉𑄴 𑄞𑄧𑄢,Present
বুো না-চিনি পাওা,𑄝𑄪𑄉𑄨𑄠𑄬 𑄚𑄧-𑄎𑄨𑄚𑄳𑄠 𑄛𑄳𑄦।,Present
"পথ মানা, /n stripe",𑄛𑄧𑄖𑄳𑄠 𑄃𑄟𑄧𑄣𑄴,Present
পথটা শামুকের ডাক,𑄛𑄧𑄖𑄳𑄠 𑄃𑄟𑄧𑄣𑄳𑄠 𑄢𑄘 𑄓𑄇𑄴,Present
ঘুম থেকে জেগে উঠলে ভালো,"𑄊𑄪𑄟𑄧𑄖𑄴𑄪𑄚𑄴 𑄎𑄉𑄨𑄣𑄬 𑄥𑄪𑄚𑄧𑄁,",Present
বোর মতো এক জাতী ইলিশ,𑄝𑄬𑄚𑄳𑄠 𑄛𑄧𑄖𑄳𑄠𑄬 𑄃𑄨𑄇𑄴𑄇𑄪𑄣𑄴,Present
মা ডাকলে উো,𑄟𑄟𑄳𑄦 𑄓𑄉𑄨𑄣𑄬 𑄃𑄪𑄘𑄧𑄁।,Past
লাফিে লাফিে নাচ,𑄗𑄨𑄝𑄪𑄢𑄪𑄇𑄴 𑄗𑄨𑄝𑄪𑄢𑄪𑄇𑄴 𑄚𑄌𑄴,Present
তাাতাি লাফাচ্ছে,𑄥𑄨𑄠𑄬𑄚𑄴 𑄘𑄬𑄚𑄬𑄃𑄨 𑄗𑄨𑄝𑄪𑄢𑄪𑄇𑄴 𑄗𑄨𑄝𑄪𑄢𑄪𑄇𑄴,Present
এক জাতী বুনো শাক,𑄚𑄎𑄬 𑄛𑄘𑄨 𑄦𑄥𑄴।,Present
নাকশা ফুল,𑄚𑄇𑄴𑄥 𑄜𑄪𑄣𑄴,Present
.নাকশা গাছের রিবেং জুে,𑄚𑄇𑄴𑄥𑄧 𑄉𑄏𑄧 𑄢𑄨𑄝𑄬𑄁 𑄎𑄪,Present
দুলোবুনি কেরাংজু,"𑄘𑄪𑄣𑄮𑄚𑄴 𑄝𑄪𑄚𑄨 𑄇𑄬𑄢𑄬𑄁 𑄎𑄪,",Present
কেরাং জুমে কেরাং চামা,𑄇𑄬𑄢𑄬𑄁 𑄎𑄪 𑄘𑄪𑄣𑄮𑄚𑄧𑄖𑄴 𑄇𑄬𑄢𑄬𑄘𑄧 𑄌𑄇𑄴,Present
.ওটা ডগটা চিবিে শুনা থাক,𑄃𑄮𑄠𑄋𑄴 𑄓𑄧𑄉𑄧𑄖𑄴𑄧𑄚𑄴 𑄌𑄨𑄎𑄨 𑄥𑄪𑄚𑄨 𑄗𑄇𑄴।,Present
১. বাঁশের ফালি ২. বাঁশ,𑄝𑄘𑄮𑄣𑄴,Present
হাত দিে তালি দেওা,𑄦𑄉𑄧𑄖𑄴 𑄣𑄮𑄃𑄨𑄚𑄬 𑄝𑄘𑄮𑄣𑄚𑄴,Present
সনা চিঝি জঙ্গল যাওা,𑄥𑄧𑄚 𑄌𑄨𑄎𑄨 𑄏𑄢𑄧𑄖𑄴 𑄡𑄠𑄴,Present
এক জাতী পাখি,𑄛𑄬𑄇𑄴 𑄟𑄢𑄨𑄝𑄧 𑄞𑄨𑄣𑄨।,Present
বাঁশপাতা ছেঁা,𑄝𑄌𑄴𑄛𑄘 𑄍𑄬𑄚𑄨,Present
বাঁশপাতা ছেঁা,𑄝𑄌𑄴𑄛𑄘 𑄍𑄬𑄚𑄨𑄠𑄚𑄴,Present
এক জাতী বুনো লতা,"𑄇𑄧𑄢𑄧𑄘𑄨 𑄛𑄘 𑄝𑄬𑄢𑄴,",Present
দৌে পে কেরা কেরা,𑄘𑄪𑄣𑄮𑄚𑄧𑄖𑄴 𑄛𑄧𑄢𑄨 𑄇𑄬𑄢𑄴 𑄇𑄬𑄢𑄠𑄴,Present
হরিণের কান্না,𑄥𑄧𑄚𑄢𑄴 𑄇𑄚𑄴𑄘𑄳𑄠 𑄥𑄳𑄦𑄬𑄢𑄴।,Present
খাওার জিনিস পেট ভরার,𑄈𑄬𑄝𑄢𑄴 𑄎𑄨𑄚𑄨𑄥𑄴 𑄛𑄬𑄑𑄴 𑄞𑄧𑄢𑄬𑄝𑄢𑄴,Present
.খাওা ভালো ভালো খেতে হবে,𑄈𑄳𑄦 𑄛𑄧𑄢𑄨𑄝𑄧 𑄉𑄧𑄟𑄴 𑄉𑄧𑄟𑄴 𑄈𑄬𑄝𑄢𑄴,Future
চুরি করে চুরি,𑄌𑄪𑄢𑄧 𑄟𑄧𑄚𑄬 𑄌𑄪𑄢𑄴,Present
চুরি করে চুরি করে,𑄌𑄪𑄢𑄧 𑄟𑄧𑄚𑄬 𑄌𑄪𑄢𑄴 𑄗𑄃𑄨,Present
উপরে উপরে চিনতে পারা যা না,𑄃𑄪𑄉𑄪𑄢𑄬 𑄃𑄪𑄉𑄪𑄢𑄬 𑄌𑄨𑄚𑄨 𑄚𑄧-𑄛𑄢𑄬,Present
পাহাের তল,𑄛𑄘𑄖𑄴 𑄖𑄧𑄣𑄧 𑄝𑄬𑄋𑄴।,Present
জুমের সবজি,𑄎𑄪𑄟𑄴𑄌𑄝𑄴,Present
এক কাপ জুম খেলে,𑄃𑄬𑄇𑄴 𑄌𑄝𑄧𑄖𑄴 𑄎𑄪𑄟𑄴 𑄈𑄬𑄣𑄬,Present
এক ঘাে পানি,"𑄃𑄬𑄇𑄴 𑄊𑄘𑄧𑄖𑄴 𑄛𑄚𑄨,",Present
পাহাের দাগ,𑄟𑄚𑄴𑄎𑄳𑄠𑄧 𑄟𑄧𑄚𑄧 𑄙𑄧𑄇𑄴𑄇𑄚𑄨।,Present
আাআি,𑄃𑄠𑄴 𑄌𑄚𑄴 𑄃𑄠𑄴,Present
.এতে যা না,𑄃𑄬𑄖𑄬𑄴 𑄡𑄘𑄬 𑄚𑄧-𑄇𑄚𑄴𑄘𑄬,Present
বস অসুখ হবে,𑄝𑄧𑄝𑄖𑄳𑄠𑄬 𑄛𑄨𑄢𑄬 𑄘𑄨𑄝𑄧𑄁,Future
এখানে এখানে,𑄃𑄠𑄴 𑄃𑄨𑄙𑄪 𑄃𑄠𑄴।,Present
এক জাতী ব ব্যাঙ,𑄝𑄧𑄌𑄴𑄨 𑄝𑄬𑄝𑄧𑄁,Present
ব ব গাঙে যা,𑄝𑄧𑄌𑄴𑄨 𑄝𑄬𑄝𑄧𑄁 𑄉𑄋𑄧𑄖𑄴 𑄡𑄬𑄃𑄨,Present
সংগঠনে যোগ দেওা,"𑄥𑄧𑄁𑄥𑄧𑄟𑄎𑄳𑄠 𑄟𑄨𑄣𑄨𑄚𑄬,",Present
মাছ তরকারি ভালো হ,𑄟𑄌𑄴 𑄖𑄮𑄚𑄴 𑄥𑄪𑄠𑄧𑄘𑄴 𑄦𑄧𑄠𑄴,Present
তাজা শুটকি করা,𑄖𑄎 𑄌𑄪𑄋𑄮 𑄉𑄧𑄢𑄚𑄬।,Present
.ওা আওাজ করতেছে,𑄃𑄮𑄠𑄁 𑄃𑄮𑄠𑄁 𑄝𑄬𑄋𑄴 𑄓𑄧𑄉𑄧𑄢𑄧𑄚𑄴,Present
বাঁশটা ডোবার তলা,"𑄝𑄎𑄳𑄠 𑄓𑄪𑄝𑄮𑄖𑄴 𑄖𑄧𑄣𑄬,",Present
ঝোল ঝোল করে দো,𑄏𑄮𑄣𑄴 𑄏𑄮𑄣𑄳𑄠 𑄉𑄧𑄢𑄨 𑄘𑄬𑄉 𑄡𑄠𑄴,Present
বিদ্যুৎ চমকানি,𑄝𑄖𑄴𑄨 𑄟𑄢𑄨 𑄌𑄬𑄣𑄬।,Present
জোনাকি,𑄎𑄪𑄚𑄨,Present
তোমরা কি খুঁজো?,𑄖𑄪𑄟𑄨 𑄇𑄨 𑄖𑄧𑄉𑄧𑄢𑄴.,Present
বাতি জ্বালানোর জাগা,𑄝𑄖𑄴𑄨 𑄎𑄣𑄨 𑄝𑄬𑄢𑄧𑄢𑄴।,Present
সূর্য ডোবার সম,𑄝𑄬𑄣𑄧𑄛𑄳𑄦𑄧𑄢𑄴,Present
কবি বই,𑄇𑄧𑄝𑄨𑄘𑄳𑄠 𑄝𑄧𑄃𑄨,Present
এক জাতী বুনো ফল,𑄘𑄨-𑄇𑄬𑄣𑄥𑄴,Present
.জুম্বুর বারমাশ . . .,𑄎𑄪𑄟𑄴𑄝𑄧𑄣𑄢𑄴 𑄝𑄢𑄧𑄟𑄌𑄴 . . . . . . . . . . . . . . . . . . . . . . . . . . . . . . . . . . . . . . . . . . . . 𑄺,Present
বিঝু ফুল,𑄝𑄨𑄏𑄪 𑄜𑄪𑄣𑄴 . . . . . . . . . . . . . . . . . . . . . . . . . . . . . . . . . . . . . . . . . . . . . . . . . . . . . 𑄻,Present
কনন ফুল,𑄇𑄧𑄚𑄴𑄧𑄜𑄪𑄣𑄨 . . . . . . . . . . . . . . . . . . . . . . . . . . . . . . . . . . . . . . . . . . . . . . . . . . . . . . 𑄼,Present
"আমাদের গ্রাম, /n আমাদের গ্রাম",𑄃𑄟𑄳𑄦 𑄃𑄘𑄟𑄚𑄴 . . . . . . . . . . . . . . . . . . . . . . . . . . . . . . . . . . . . . . . . . . . . . . . . . . 𑄽,Present
.. . . . . . .,𑄦𑄨𑄣𑄴 𑄌𑄘𑄨𑄉𑄋𑄴 . . . . . . . . . . . . . . . . . . . . . . . . . . . . . . . . . . . . . . . . . . . . . . . . . . 𑄾,Present
. . . . . . . .,𑄟𑄧𑄚𑄧 𑄖𑄪𑄝𑄮𑄣𑄴 . . . . . . . . . . . . . . . . . . . . . . . . . . . . . . . . . . . . . . . . . . . . . . . . . . . .𑄿,Present
"এখানে, এখানে",𑄃𑄨𑄘𑄮𑄖𑄴 . . . . . . . . . . . . . . . . . . . . . . . . . . . . . . . . . . . . . . . . . . . . . . . . . . . . . . . 𑄷𑄶,Present
. . . . . .,𑄡𑄬𑄃𑄨 𑄡𑄬𑄃𑄨 𑄡𑄬𑄃𑄨 . . . . . . . . . . . . . . . . . . . . . . . . . . . . . . . . . . . . . . . . . . . . . . 𑄷𑄷,Present
. জীবনে . . . . .,𑄎𑄨𑄁𑄇𑄚𑄨𑄖𑄴 . . . . . . . . . . . . . . . . . . . . . . . . . . . . . . . . . . . . . . . . . . . . . . . . . . . . . 𑄷𑄸,Present
. যার যে কাজ . . . . .,𑄡𑄢𑄴 𑄡𑄬 𑄇𑄟𑄴 . . . . . . . . . . . . . . . . . . . . . . . . . . . . . . . . . . . . . . . . . . . . . . . . . 𑄷𑄹,Present
আাআি চাঁদ,𑄃𑄠𑄴 𑄃𑄠𑄴 𑄃𑄮 𑄌𑄚𑄚𑄴 . . . . . . . . . . . . . . . . . . . . . . . . . . . . . . . . . . . . . . . . . . . . 𑄷𑄺,Present
. . . . . . . .,𑄜𑄉𑄮𑄚𑄴 . . . . . . . . . . . . . . . . . . . . . . . . . . . . . . . . . . . . . . . . . . . . . . . . . . . . . . 𑄷𑄻,Present
এক জাতী মাছ,𑄎𑄪𑄟𑄴𑄝𑄧𑄣𑄢𑄴 𑄝𑄢𑄧𑄟𑄌𑄴,Present
বৈদ্যর ঘাটে ধান কুানো হচ্ছে,"𑄝𑄰𑄎𑄬𑄇𑄴 𑄟𑄏𑄧𑄖𑄴 𑄙𑄚𑄴 𑄇𑄪𑄎𑄧 𑄃𑄢𑄴𑄉𑄚𑄨,",Present
এক জাতী মাছ ধরে নিে যাওা,𑄎𑄬𑄖𑄴 𑄟𑄌𑄴 𑄌𑄮𑄟𑄬𑄣𑄬 𑄥𑄪𑄘𑄮𑄛𑄧𑄢𑄬 𑄃𑄚𑄪𑄚𑄨।,Present
বিষ পাতা পে বিপদ ঘটতেছে,"𑄝𑄨𑄌𑄴 𑄛𑄧𑄘𑄧𑄚 𑄇𑄝 𑄛𑄧𑄢𑄬 𑄥𑄮𑄟𑄬𑄣𑄬 𑄃𑄏𑄢𑄴,",Present
.সাবানে ধানবীজ হাজার হাজার,𑄥𑄉𑄮𑄚𑄬 𑄙𑄚𑄧𑄥𑄨𑄡𑄳𑄠 𑄦𑄎𑄢𑄬 𑄦𑄎𑄢𑄴।,Present
এক জাতী মাছ সেদ্ধ করলে ধান পা,"𑄞𑄘𑄧 𑄟𑄌𑄴 𑄥𑄮𑄟𑄬𑄣𑄬 𑄙𑄚𑄴 𑄛𑄉 𑄙𑄧𑄢𑄬,",Present
এক জাতী মাছ আসলে রানী করতে হ,𑄃𑄏𑄨𑄚𑄴 𑄟𑄌𑄴 𑄃𑄬𑄣𑄬 𑄢𑄚𑄨 𑄇𑄪𑄠𑄧 𑄛𑄧𑄢𑄬।,Present
কাপের মাঝখানে একটু বোরা করিও,"𑄇𑄘𑄨 𑄟𑄏𑄧𑄖𑄴 𑄃𑄬𑄇𑄴𑄇 𑄝𑄮 𑄇𑄪𑄠𑄧 𑄙𑄧𑄢𑄧𑄚𑄴,",Present
এক জাতী মাছ মিষ্টি কথা বলে,𑄃𑄳𑄟𑄪𑄚𑄴 𑄟𑄌𑄴 𑄥𑄮𑄟𑄬𑄣𑄬 𑄟𑄬𑄣𑄥𑄚𑄨 𑄉𑄧𑄢𑄧𑄚𑄴।,Present
এক জাতী মাছ একসাথে ধরে,"𑄛𑄪𑄎𑄴 𑄟𑄌𑄴 𑄥𑄧𑄟𑄘𑄬 𑄎𑄢𑄴 𑄃𑄬𑄚𑄬𑄃𑄨 𑄙𑄧𑄢𑄬,",Present
মাঘ মাছ হাত ধোার জন্য এখানে আসতে হ,𑄟𑄊𑄴 𑄟𑄌𑄴 𑄦𑄖𑄴-𑄒𑄬𑄋𑄴 𑄃𑄳𑄟𑄪𑄚𑄧𑄖𑄴 𑄥𑄬𑄉 𑄛𑄧𑄢𑄬।,Present
ফাকি দো একদম কম,"𑄜𑄉𑄮𑄚𑄧𑄖𑄴 𑄇𑄟𑄴 𑄇𑄧𑄢𑄧𑄎𑄴 𑄛𑄪𑄢𑄮𑄛𑄪𑄢𑄨 𑄇𑄧𑄟𑄴,",Present
.চোখে কাজ করার সম শেষ হেছে,𑄌𑄮𑄘𑄮𑄖𑄴 𑄇𑄟𑄴 𑄇𑄧𑄎𑄴𑄎𑄢𑄴 𑄛𑄪𑄢𑄮 𑄃𑄨𑄚𑄴𑄓𑄬𑄥𑄧𑄟𑄴।,Present
বিঝু ফুল,𑄝𑄨𑄏𑄪 𑄜𑄪𑄣𑄴,Present
.ফুল বিঝুর বিঝুর শব্দ,"𑄜𑄪𑄣𑄴 𑄝𑄨𑄏𑄪 𑄟𑄪𑄢𑄴 𑄝𑄨𑄏𑄪 𑄃𑄳𑄦 𑄉𑄧𑄎𑄳𑄠𑄘𑄨𑄚𑄴,",Present
তিন দিন মিলে হ পুরো বিঝু দিন,𑄖𑄨𑄚𑄴 𑄘𑄨𑄚𑄴 𑄟𑄨𑄣𑄨 𑄦𑄧𑄠𑄴 𑄛𑄪𑄢𑄮 𑄝𑄨𑄏𑄪 𑄘𑄨𑄚𑄴।,Present
.ফুল বিঝুে ফুল ভাজা,𑄜𑄪𑄣𑄴 𑄝𑄨𑄏𑄪𑄖𑄴 𑄜𑄪𑄣𑄴 𑄞𑄎𑄚,Present
গজ দাঁত দিলে,𑄉𑄧𑄎𑄳𑄠𑄘𑄨𑄚𑄴 𑄥𑄮𑄟𑄬𑄣𑄬,Past
ভালো হওা বা হওা,𑄞𑄣𑄬𑄖𑄴 𑄦𑄧𑄝𑄢𑄴 𑄝𑄧𑄢𑄴 𑄣𑄳𑄦𑄧𑄚।,Present
ব বছর এসেছে বিঝু,𑄛𑄧𑄖𑄴𑄨 𑄝𑄧𑄏𑄧𑄢𑄴 𑄃𑄬𑄡𑄬 𑄝𑄨𑄏𑄪,Present
সুন্দর মনে সুন্দর রঙে,"𑄘𑄮𑄣𑄴 𑄟𑄧𑄚𑄬 𑄘𑄮𑄣𑄴 𑄢𑄧𑄋𑄬,",Present
বিঝুর দিন কাঁটা হ,𑄝𑄨𑄏𑄪𑄘𑄨𑄚𑄴 𑄇𑄘 𑄦𑄧𑄠𑄴,Present
কাঁপাকাঁপি,𑄉𑄨𑄘𑄬𑄢𑄬𑄋𑄬 𑄦𑄏𑄨 𑄢𑄧𑄋𑄬।,Present
এক জাতী ফুল,𑄇𑄧𑄚𑄴𑄧𑄜𑄪𑄣𑄨,Present
এক জাতী ফুল,𑄇𑄧𑄚𑄴𑄧𑄜𑄪𑄣𑄨 𑄖𑄪𑄃𑄨 𑄞𑄢𑄨,Present
.ফুলের সুচি সুন্দর করে,𑄥𑄎𑄨 𑄥𑄪𑄎𑄨 𑄘𑄮𑄣𑄴 𑄉𑄧𑄢𑄨,Present
কোথা যাবো বলে বলা,"𑄇𑄪𑄖𑄴𑄪𑄚𑄴 𑄃𑄬𑄡𑄧𑄢𑄴 𑄇𑄪𑄙𑄪 𑄡𑄬𑄝𑄬 𑄇𑄧𑄚𑄳𑄦,",Present
এক জাতী ফুল,𑄇𑄧𑄚𑄴𑄧𑄜𑄪𑄣𑄨 𑄇𑄚𑄧𑄜𑄪𑄣𑄴,Present
তোমার কোথা পা,𑄇𑄨𑄋𑄨𑄢𑄨 𑄖𑄧𑄢𑄴 𑄇𑄪𑄙𑄪 𑄛𑄮𑄣𑄴,Present
কোথা যাবে তুমি আমাকে খুঁজতে যাও,𑄇𑄪𑄙𑄪 𑄖𑄪𑄃𑄨 𑄖𑄧𑄉 𑄡𑄬𑄝𑄬 𑄟𑄧𑄢𑄬𑄠𑄧 𑄚𑄬-𑄡𑄚𑄳𑄦।,Present
চেঙে কুল এ মেে,𑄌𑄬𑄋𑄬𑄃𑄨 𑄇𑄪𑄣𑄴 𑄃 𑄟𑄬𑄠𑄧𑄚𑄨,Present
ভালো করে ঘুরে দেখ,𑄘𑄮𑄣𑄬𑄃𑄨 𑄝𑄬𑄢𑄬𑄃𑄨 𑄌𑄬𑄠𑄧𑄚𑄨,Present
চাঁদে লাগে কত সুন্দর,"𑄌𑄘𑄬 𑄣𑄉𑄬 𑄇𑄧𑄘𑄧𑄇𑄴 𑄘𑄮𑄣𑄴,",Present
কাজলের এক সলত দরজা,𑄇𑄎𑄧𑄣𑄧𑄁 𑄃 𑄥𑄧𑄣𑄧𑄇𑄴 𑄘𑄮𑄢𑄴,Present
পাহাে পাহাে আসা,𑄟𑄪𑄎𑄪𑄋𑄧 𑄟𑄪𑄎𑄪𑄋𑄨 𑄃𑄬𑄉𑄧𑄖𑄴𑄧𑄢𑄴,Present
এত কেন হলো,𑄃𑄬𑄘𑄧𑄇𑄴 𑄇𑄬𑄚𑄬 𑄦𑄮𑄣𑄴।,Past
দক্ষিণ পশ্চিম,𑄘𑄧𑄉𑄨𑄚𑄧𑄚𑄴𑄘𑄨 𑄢𑄬𑄁𑄇𑄧𑄋𑄚𑄴,Present
তোমার পাশে আাআি,"𑄖𑄧 𑄙𑄉𑄧𑄖𑄴 𑄃𑄝𑄪𑄎𑄨,",Present
তোমার সাথে পদচিহ্ন ধরে,𑄖𑄧- 𑄥𑄧𑄟𑄢𑄬 𑄛𑄧𑄘𑄴 𑄙𑄧𑄢𑄨,Present
সমের বস তোমার সাথে হে মনে পে,𑄥𑄧𑄟𑄢𑄴 𑄝𑄧𑄖𑄳𑄠𑄧𑄚𑄴 𑄖𑄧 𑄣𑄧𑄉𑄬 𑄦𑄰𑄚𑄬 𑄞𑄢𑄨 𑄟𑄧𑄚𑄴 𑄈𑄪𑄏𑄨।,Present
কাপের মাঝখান দিে খেে যাওা,𑄇𑄛𑄴𑄖𑄬𑄃𑄨𑄠𑄧𑄢𑄴 𑄟𑄪𑄢𑄳𑄦𑄧 𑄥𑄬𑄢𑄬 𑄈𑄬𑄃𑄨 𑄉𑄬𑄣𑄬𑄉𑄧𑄃𑄨 𑄝𑄚𑄳𑄦।,Present
আমাদের গ্রামটা সুন্দর,𑄃𑄟𑄳𑄦 𑄃𑄘𑄟𑄚𑄴 𑄌𑄘𑄬 𑄘𑄮𑄣𑄴,Present
পাহা পাহাে ঘেরা,"𑄟𑄮𑄚𑄴 𑄟𑄪𑄢𑄳𑄦𑄧𑄠𑄴 𑄊𑄬𑄢,",Present
ভরা-ভর্তি করে আছে,𑄞𑄧𑄢𑄧𑄚𑄴-𑄞𑄨𑄢𑄧𑄚𑄴 𑄉𑄧𑄢𑄨 𑄃𑄊𑄬,Present
বাঁশের বো দিে ভরা,𑄝𑄠𑄴 𑄝𑄉𑄨𑄎𑄠𑄴 𑄞𑄧𑄢।,Present
নানা ধরনের ফুল ফোটে,𑄚𑄚 𑄙𑄮𑄇𑄳𑄠 𑄜𑄪𑄣𑄴 𑄜𑄪𑄘𑄧𑄚𑄴,Present
পেগে গান,𑄛𑄬𑄉𑄬 𑄉𑄨𑄖𑄴 𑄉𑄚𑄴।,Present
গ্রামের মানুষ,𑄃𑄘𑄟𑄚𑄧 𑄌𑄬𑄢𑄮𑄇𑄨𑄖𑄳𑄠𑄬,Present
গাছের বািটা ব,"𑄉𑄏𑄧 𑄝𑄏𑄧 𑄖𑄢𑄪𑄟𑄴𑄝𑄧𑄚𑄴,",Present
দোলে খুশি হওা,𑄘𑄬𑄣𑄬 𑄎𑄪𑄢𑄧𑄠𑄴 𑄟𑄧𑄚𑄴।,Present
এক জাতী বানর,𑄢𑄋𑄟𑄑𑄳𑄠 𑄝𑄚𑄴𑄘𑄧𑄢𑄴𑄝𑄧𑄚𑄴,Present
সুন্দর করে,𑄃𑄊𑄬 𑄘𑄮𑄣𑄴 𑄉𑄧𑄢𑄨।,Present
বো হলে পাখানা করে,𑄝𑄬𑄚𑄳𑄠 𑄦𑄧𑄣𑄬 𑄟𑄮𑄚𑄧 𑄥𑄬𑄢𑄬𑄘𑄨,Present
অনেক ব পাহাের পাহা,𑄃𑄧𑄎𑄧𑄣𑄴 𑄚𑄨𑄎𑄮 𑄟𑄮𑄚𑄴 𑄟𑄪𑄢𑄮𑄃𑄪𑄚𑄴,Present
দৌাদৌি করলে শেষ হ না,𑄌𑄬𑄝𑄢𑄴 𑄌𑄬𑄣𑄬 𑄌𑄬𑄃𑄨 𑄚𑄧-𑄛𑄪𑄢𑄧𑄠𑄴,Present
মাছ ধরার সম খাল,𑄟𑄙𑄟𑄪𑄢𑄨 𑄥𑄧𑄁𑄈𑄧 𑄈𑄣𑄴,Present
এক জাতী ফুল,"𑄃𑄳𑄦 𑄇𑄧𑄚𑄴𑄧 𑄜𑄪𑄣𑄨,",Present
পাহাের মাথা থেকে এই পৃথিবীতে,𑄟𑄮𑄚𑄧 𑄟𑄙𑄖𑄴𑄪𑄚𑄴 𑄃𑄬 𑄘𑄬𑄏𑄧𑄖𑄴,Present
আসা যাওা,𑄃𑄬𑄌𑄳𑄠𑄧𑄚𑄴 𑄘𑄪𑄣𑄨 𑄘𑄪𑄣𑄨।,Present
এই দেশের মানুষরা,𑄃𑄬 𑄘𑄬𑄏𑄧𑄢𑄴 𑄟𑄮𑄚𑄴 𑄟𑄪𑄢𑄳𑄦𑄧𑄃𑄪𑄚𑄴,Present
ছবি তুলতে পারা,"𑄍𑄧𑄝𑄨 𑄃𑄇𑄳𑄠𑄬 𑄛𑄢,",Present
বিভিন্ন ধরনের মানুষ এখানে আসে,𑄚𑄚𑄚𑄴 𑄎𑄘𑄧𑄢𑄴 𑄟𑄚𑄬𑄃𑄨 𑄃𑄨𑄙𑄪,Present
সাগর ভরা,𑄥𑄉𑄧𑄢𑄴 𑄃𑄏𑄠𑄴 𑄞𑄧𑄢।,Present
বিভিন্ন ধরনের মানুষ আছে,𑄚𑄚𑄚𑄴 𑄞𑄏𑄧𑄢𑄴 𑄟𑄚𑄬𑄃𑄨 𑄃𑄊𑄧𑄚𑄴,Present
"জনে জনে ধরে, জনে জনে","𑄎𑄧𑄚𑄧𑄟𑄴 𑄎𑄧𑄚𑄧𑄟𑄴 𑄙𑄧𑄢𑄨,",Present
মনের ইচ্ছা,𑄟𑄧𑄚𑄧 𑄖𑄪𑄝𑄮𑄣𑄴,Present
এক জাতী পাখি,"𑄖𑄬𑄬𑄳𑄝𑄳𑄢 𑄚𑄖𑄪𑄇𑄴 𑄖𑄬𑄬𑄳𑄝𑄳𑄢 𑄑𑄪𑄇𑄴,",Present
বাঁশের বোটা বাচ্চাটাকে ধুেছে,𑄝𑄘𑄮𑄃𑄨 𑄝𑄧𑄓 𑄌𑄨𑄘𑄨𑄢𑄬 𑄙𑄪𑄝𑄴,Present
একসাথে না থাকলে মনে দুঃখ,𑄥𑄧𑄟𑄢𑄴 𑄚𑄧 𑄗𑄬𑄣𑄬 𑄟𑄧𑄚𑄧𑄖𑄴 𑄘𑄪𑄇𑄴।,Present
"ঢিম ঢিম, ঢিম ঢিম",𑄔𑄨𑄟𑄴 𑄔𑄨𑄟𑄴 𑄔𑄨𑄟𑄴 𑄔𑄨𑄟𑄴 𑄔𑄨𑄟𑄴,Present
পাহাের পাশে পাহািে পাহাি,𑄟𑄮𑄇𑄴𑄛𑄪𑄠𑄧 𑄇𑄧𑄚𑄴 𑄥𑄧𑄢𑄧𑄖𑄴 𑄟𑄮𑄇𑄴𑄛𑄪𑄠𑄧 𑄇𑄧𑄚𑄴 𑄥𑄧𑄢𑄧𑄖𑄴,Present
কেকটা পাখি রাত ভরছে,𑄓𑄧𑄉𑄧𑄢𑄬 𑄛𑄬𑄇𑄴𑄇𑄱 𑄢𑄬𑄖𑄴 𑄞𑄧𑄢𑄨।,Present
"পুঁি, পুঁতি, পুঁতি",𑄛𑄪𑄀...... 𑄛𑄪𑄀 ...... 𑄛𑄪𑄀 ...... 𑄉𑄧𑄢𑄨,Present
দুই হাতের তালুতে বালা,"𑄘𑄨𑄣𑄪𑄋𑄴 𑄥𑄨𑄋𑄖𑄴 𑄝𑄚𑄴𑄖𑄪𑄣𑄨,",Present
.সাথে সংসার করতে পারতেছি না,𑄣𑄧𑄉𑄬 𑄥𑄧𑄟𑄎𑄳𑄠 𑄚𑄧-𑄛𑄋𑄧𑄢𑄴,Present
মনের কথা বলা,𑄟𑄧𑄚𑄧 𑄇𑄧𑄙 𑄇𑄮𑄟𑄴 𑄞𑄨𑄣𑄨।,Present
কোথা গেল সম,𑄇𑄪𑄙𑄪 𑄉𑄬𑄣 𑄥𑄧𑄟𑄢𑄪𑄚𑄴,Past
গাে গাি আছে বািতে,"𑄉𑄠𑄴 𑄉𑄠𑄴 𑄃𑄊𑄧𑄋𑄴 𑄊𑄧𑄢𑄚𑄧𑄖𑄴,",Present
ভুই চাা দিে চাঁদের আলো,𑄞𑄪𑄃𑄨 𑄌𑄝 𑄘𑄨𑄠𑄬 𑄎𑄪𑄚𑄮 𑄛𑄳𑄦𑄧𑄢𑄴,Present
.মনে হ বজ্রপাত খেলছে,𑄖𑄪𑄝𑄮𑄣𑄴 𑄈𑄬𑄣𑄬𑄢𑄴 𑄟𑄧𑄚𑄚𑄧𑄖𑄴।,Present
বানরের পিঠে সনাটা,𑄝𑄬𑄚𑄴𑄎𑄪𑄢𑄧 𑄞𑄨𑄘𑄨𑄢𑄬 𑄥𑄧𑄚𑄖𑄴𑄖𑄣𑄨,Present
পিনন পিনন শব্দ করে,𑄛𑄨𑄀𑄐𑄧 𑄛𑄨𑄀𑄐𑄧 𑄌𑄨𑄇𑄴𑄇𑄢𑄬,Present
মনের মতো কথা বলে,𑄟𑄧𑄚𑄴 𑄛𑄧𑄝𑄧𑄚𑄬 𑄇𑄧𑄙 𑄇𑄧𑄠𑄴,Present
কাউকে সহ্য করতে পারছি না,𑄇𑄠𑄴 𑄚𑄧 𑄛𑄋𑄧𑄢𑄴 𑄇𑄢𑄧𑄢𑄬।,Present
"এখানে, এখানে",𑄃𑄨𑄘𑄮𑄖𑄴,Present
কোথা যেন তোমাকে দেখতেছি কোন দিকে তাকা,"𑄇𑄪𑄙𑄪 𑄎𑄚𑄨 𑄘𑄬𑄇𑄴𑄈𑄧𑄁 𑄖𑄧𑄢𑄬 𑄌𑄨𑄚𑄧𑄁𑄚𑄨 𑄇𑄧𑄚𑄧 𑄢𑄨𑄚𑄨 𑄌𑄋𑄴,",Present
মনের মতো চাচা করে এখানে উঠতে হ,𑄟𑄧𑄚𑄧𑄖𑄴 𑄉𑄧𑄢𑄨 𑄌𑄋𑄧𑄢𑄴 𑄘𑄮𑄣𑄬𑄃𑄨 𑄃𑄨𑄘𑄮𑄖𑄴 𑄃𑄪𑄘𑄬𑄢𑄴 𑄛𑄢𑄛𑄋𑄴।,Present
লাঠি দিে তিনান বাি,𑄣𑄋𑄬𑄣𑄧 𑄛𑄨𑄘𑄨𑄖𑄴 𑄖𑄨𑄚𑄚𑄴 𑄊𑄧𑄢𑄴,Present
কুবং তুলি দিে পাহাে,"𑄇𑄪𑄝𑄧𑄁𑄖𑄪𑄣𑄨 𑄘𑄳𑄠𑄧 𑄟𑄪𑄢𑄮𑄖𑄴,",Present
সে একনাগাে দেখতেছি তোমাকে,𑄥𑄨𑄙𑄪 𑄃𑄬𑄇𑄴𑄝𑄢𑄴 𑄘𑄬𑄇𑄴𑄈𑄧𑄁 𑄖𑄧𑄢𑄬,Present
একটা বািে,𑄃𑄬𑄇𑄴𑄈𑄚𑄴 𑄊𑄧𑄢𑄧 𑄃𑄨𑄎𑄮𑄢𑄧𑄖𑄴।,Present
হাতে লাল বাঙি,𑄦𑄘𑄧𑄖𑄴 𑄢𑄋 𑄝𑄋𑄧𑄢𑄨,Present
আমি অনেক আগে থেকে পদচিহ্ন ধরে আছি,𑄟𑄪𑄃𑄨 𑄃𑄬𑄡𑄧𑄋𑄧𑄢𑄴 𑄛𑄧𑄘𑄴 𑄙𑄧𑄢𑄨।,Present
অনেক বেশি সে পাহাে পাহাে ঘুরে যা,"𑄃𑄧𑄇𑄴𑄖𑄬 𑄃𑄧𑄇𑄴𑄖𑄬 𑄥𑄨𑄚𑄴𑄘𑄨 𑄟𑄪𑄃𑄨 𑄟𑄮𑄚𑄧 𑄃𑄳𑄟𑄪𑄪𑄢𑄬 𑄝𑄬𑄢 𑄡𑄋𑄴,",Present
যেতে যেতে পদচিহ্ন থেকে তোমাকে দেখতে ইচ্ছে করে,𑄡𑄘𑄬 𑄡𑄘𑄬 𑄛𑄧𑄘𑄧𑄖𑄴𑄪𑄚𑄴 𑄖𑄧𑄢𑄬 𑄘𑄬𑄉𑄧𑄋𑄴𑄚𑄨 𑄢𑄨𑄚𑄨 𑄌𑄋𑄴।,Present
মনে হ তোমাকে দেখে,𑄟𑄧𑄚𑄬 𑄦𑄧𑄠𑄴𑄘𑄬 𑄘𑄬𑄟𑄴𑄝𑄬 𑄖𑄧𑄢𑄬,Present
এক জাতী বুনো ফল যা সবজি হিসেবে ব্যবহৃত হ,"𑄇𑄪𑄝𑄧𑄁𑄖𑄪𑄣𑄨 𑄣𑄪𑄟𑄨𑄚𑄬,",Present
পলিথিন ব্যাগ দিে চর,𑄛𑄧𑄉𑄮𑄘𑄨 𑄇𑄚𑄘𑄨 𑄢𑄨𑄚𑄨 𑄌𑄧𑄢𑄴,Present
আমার জন্য অপেক্ষা করো,𑄟𑄧𑄢𑄬 𑄃𑄬𑄖𑄬𑄴 𑄘𑄬𑄉𑄨𑄚𑄬।,Present
"মনে হ আগের জনমের কথা,","𑄟𑄧𑄚𑄬 𑄦𑄧𑄠𑄴𑄘𑄬 𑄥𑄧𑄟𑄢𑄬 𑄃𑄬𑄣𑄧𑄁 𑄃𑄉𑄧 𑄎𑄧𑄚𑄧𑄟𑄚𑄴,",Present
সেকারণে তোমাকে দেখার জন্য আমার ইচ্ছে করে।,𑄥𑄬𑄚𑄬 𑄖𑄧𑄢𑄬 𑄘𑄬𑄉𑄨𑄟𑄴 𑄟𑄖𑄴𑄧𑄢𑄴 𑄳𑄟𑄪𑄎𑄪𑄢𑄨 𑄃𑄪𑄘𑄬 𑄛𑄧𑄢𑄚𑄚𑄴।,Present
"যেরকম, যেমন",𑄡𑄬𑄃𑄨 𑄡𑄬𑄃𑄨 𑄡𑄬𑄃𑄨,Present
পাহাের উপর উঠে যাওা,"𑄟𑄪𑄎𑄪𑄋𑄧𑄘𑄨 𑄃𑄪𑄎𑄬𑄃𑄨 𑄡𑄬𑄃𑄨,",Present
সঙ্গীরা মিলে,𑄥𑄧𑄁 𑄥𑄧𑄟𑄎𑄳𑄠 𑄟𑄨𑄣𑄨𑄚𑄬𑄃𑄨,Present
একসাথে উঠে যাওা,𑄥𑄧𑄁 𑄥𑄧𑄟𑄢𑄬 𑄃𑄪𑄎𑄬𑄃𑄨 𑄡𑄬𑄃𑄨।,Present
"যেরকম, যেমন",𑄡𑄬𑄃𑄨 𑄡𑄬𑄃𑄨 𑄡𑄬𑄃𑄨।,Present
না তো আমার হাতের বল,"𑄚𑄧-𑄖𑄮𑄇𑄴 𑄃𑄟𑄢𑄴 𑄦𑄖𑄳𑄠𑄢𑄴 𑄝𑄧𑄣𑄴,",Present
বামে আছে শক্তি,𑄝𑄳𑄟𑄪𑄪𑄖𑄴 𑄃𑄊𑄬 𑄦𑄧𑄉𑄧 𑄝𑄧𑄣𑄴।,Present
"কিছু না করে,কিছু না করে","𑄇𑄨𑄌𑄴𑄪 𑄚𑄧-𑄘𑄮𑄢𑄬𑄃𑄨,",Present
"যেভাবে হোক, যেভাবে হোক",𑄡𑄬𑄃𑄨𑄘𑄬 𑄡𑄬𑄃𑄨𑄘𑄬 𑄡𑄬𑄃𑄨,Present
আমাদের মাটি আমাদের মাটি,𑄃𑄟𑄳𑄦 𑄟𑄘𑄨 𑄃𑄟𑄳𑄦 𑄖𑄧𑄉𑄴,Present
আমাদের দল আমাদের দল,𑄃𑄟𑄳𑄦 𑄘𑄬𑄌𑄴 𑄃𑄟𑄳𑄦 𑄦𑄧𑄇𑄴।,Present
হক বাদে সব ন,𑄦𑄧𑄇𑄴 𑄝𑄘𑄬 𑄝𑄬𑄦𑄧𑄇𑄴 𑄚𑄧𑄠𑄴,Present
আমরা জুমের ভাই,"𑄃𑄟𑄨 𑄎𑄪𑄟𑄴𑄟𑄮 𑄞𑄬𑄃𑄨,",Present
পা দিনেই ভ পা,𑄛𑄧𑄢𑄚𑄴 𑄘𑄨𑄚𑄬𑄃𑄨 𑄒𑄨𑄉𑄬𑄃𑄨 𑄢𑄉𑄨,Present
আমাদের দেশের মানুষ,"𑄃𑄟𑄳𑄦 𑄘𑄬𑄏𑄧 𑄟𑄚𑄴,",Present
.দেহে স্যাঁতসেঁতে আনবে,𑄘𑄬𑄏𑄧𑄖𑄴 𑄥𑄚𑄴𑄘𑄨 𑄃𑄚𑄨𑄝𑄖𑄳𑄠𑄬,Future
"জীবনে, জীবনে",𑄎𑄨𑄁𑄇𑄚𑄨𑄖𑄴,Present
কাঠগুলো শক্ত হেছে,𑄥𑄏𑄧𑄚𑄳𑄠 𑄃𑄚𑄴𑄘𑄢𑄴 𑄦𑄮𑄃𑄨𑄠𑄬,Present
.উদ্ধত জঙ্গল বছে,"𑄃𑄳𑄟𑄪𑄪𑄘𑄮 𑄏𑄝𑄪𑄘𑄮 𑄝𑄧𑄠𑄬𑄢𑄴 𑄝𑄢𑄴,",Present
ভালো লাগে মনে হ,𑄉𑄧𑄟𑄴 𑄣𑄉𑄨𑄘𑄧 𑄟𑄧𑄚𑄚𑄧𑄖𑄴,Present
তাকে একনাগাে দো,𑄖𑄢𑄬 𑄎𑄧𑄚𑄨 𑄘𑄬𑄘𑄪𑄁 𑄃𑄬𑄇𑄴𑄝𑄢𑄴।,Present
ঘন ঘন তাদের জলাশ,𑄊𑄧𑄚𑄧 𑄊𑄧𑄚𑄧 𑄖𑄢 𑄎𑄧𑄣𑄧𑄘𑄧𑄚𑄴,Present
এক জাতী বুনো ফল,"𑄦𑄬𑄃𑄨𑄣𑄴 𑄃𑄉𑄎𑄧 𑄝𑄪𑄉𑄧𑄖𑄴,",Present
.নানাগান বাজতেছে,𑄚𑄚𑄉𑄚𑄴 𑄥𑄧𑄝𑄧𑄚𑄴 𑄎𑄉𑄬𑄢𑄴,Present
সাত পাচক কথা,𑄥𑄖𑄴 𑄛𑄌𑄴 𑄇𑄧𑄘𑄧𑄇𑄴 𑄇𑄧𑄙,Present
মনের কথা বলে যা,"𑄟𑄧𑄚𑄚𑄬 𑄇𑄮𑄃𑄨 𑄡𑄢𑄴,",Present
সেই কথা গুলো সব,𑄥𑄬 𑄇𑄧𑄙𑄢𑄴 𑄝𑄬𑄇𑄴𑄈𑄚𑄨,Present
জীবনে পেেছি আরও,"𑄎𑄨𑄁𑄇𑄚𑄨𑄖𑄴 𑄛𑄬,𑄴𑄚𑄨 𑄃𑄢𑄴।",Present
মনের এই আাটা পেছে,𑄟𑄧𑄚𑄧𑄖𑄴 𑄃𑄬𑄃𑄨 𑄃𑄚𑄴𑄘𑄢𑄴 𑄒𑄬𑄣𑄨,Present
. ফোটাবে যে আলো,"𑄜𑄪𑄘𑄨𑄝𑄮 𑄡𑄬𑄇𑄴𑄇𑄬 𑄃𑄣𑄮,",Future
এখন হবে আমার জীবন,𑄃𑄬𑄃𑄨𑄘𑄧 𑄦𑄧𑄝𑄧 𑄟𑄧𑄢𑄴 𑄎𑄨𑄁𑄇𑄚𑄨,Future
তেতুলে কেকটা ভালো,𑄖𑄬𑄟𑄴𑄝𑄬 𑄇𑄧𑄘𑄧𑄇𑄴 𑄞𑄣𑄮।,Present
এগুলো বাদে অন্য কিছু,𑄃𑄨𑄠𑄚𑄴 𑄝𑄘𑄬 𑄃𑄧𑄚𑄳𑄠𑄧 𑄇𑄨𑄌𑄴𑄌𑄪,Present
ন-চাং মাা আর,"𑄚𑄧-𑄌𑄋𑄴 𑄟𑄮𑄃𑄨𑄘𑄧 𑄃𑄢𑄴,",Present
তার চেহারা কেমন পাওা মুখ,𑄖 𑄙𑄮𑄇𑄳𑄠 𑄇𑄮𑄌𑄴 𑄛𑄚 𑄟𑄪𑄃𑄨,Present
যার যে কাজ,𑄡𑄢𑄴 𑄡𑄬 𑄇𑄟𑄴,Present
নাতনিরা সবাই সুতার খেলা পারদর্শী,𑄚𑄚𑄪 𑄝𑄬𑄝𑄬𑄃𑄨 𑄥𑄪𑄘𑄮 𑄘𑄧𑄣𑄬𑄢𑄴,Present
পলিথিন ব্যাগ,"𑄌𑄧𑄢𑄴𑄉𑄨 𑄛𑄘𑄧𑄖𑄴 𑄝𑄮𑄃𑄨,",Present
মামা বসে তুলো ধুেছে,𑄟𑄟𑄳𑄦 𑄝𑄮𑄌𑄴𑄌𑄬 𑄖𑄪𑄣𑄮 𑄙𑄪𑄚𑄮,Present
ধোঁা থেকে ধোঁা বের হচ্ছে,𑄙𑄪𑄟𑄮𑄖𑄴𑄪𑄚𑄴 𑄛𑄌𑄳𑄠 𑄙𑄧𑄚𑄪𑄣𑄣𑄧𑄃𑄨।,Present
ডাঙিে বো বুনে,𑄓𑄋𑄧𑄢𑄴 𑄝𑄬𑄝𑄬𑄃𑄨 𑄃𑄣𑄟𑄴 𑄝𑄪𑄚𑄬𑄢𑄴,Present
নানা ধরনের ফুল তুলি,"𑄚𑄚𑄋𑄴 𑄜𑄪𑄣𑄧 𑄎𑄪 𑄖𑄪𑄣𑄨,",Present
দাদা যে তরকারিটা তাাতাি খুঁজে,𑄘𑄘𑄳𑄦 𑄡𑄬𑄃𑄨𑄠𑄬 𑄖𑄮𑄚𑄴𑄛𑄖𑄴 𑄖𑄧𑄉,Present
পুরনো দিনের ভূমিধস,𑄛𑄪𑄢𑄮𑄚𑄴 𑄢𑄚𑄳𑄠 𑄞𑄪𑄠𑄧𑄖𑄪𑄣𑄨।,Present
মুখ ছোট হেছে,𑄟𑄪𑄃𑄨 𑄌𑄨𑄎𑄨 𑄈𑄢 𑄦𑄧𑄋𑄧𑄢𑄴,Present
বাির উপরে লাফিে,"𑄊𑄧𑄢𑄧 𑄃𑄪𑄘𑄮𑄚𑄧𑄖𑄴 𑄣𑄟𑄨𑄚𑄬,",Present
ইচি বিচি খেলা হ,𑄃𑄨𑄎𑄨 𑄝𑄨𑄎𑄨 𑄈𑄢 𑄦𑄮𑄢𑄴,Present
সংকুলান হওা,𑄥𑄧𑄁 𑄥𑄧𑄟𑄎𑄳𑄠 𑄟𑄨𑄣𑄨𑄚𑄬।,Present
ভুঁি দিে চাল করা,"𑄞𑄪𑄎𑄨 𑄡𑄬𑄃𑄨𑄠𑄬 𑄌𑄮𑄣𑄴 𑄇𑄢,",Present
বাবা আসলে বাজার থেকে,𑄝𑄝𑄳𑄦 𑄃𑄬𑄣𑄬 𑄝𑄎𑄢𑄧𑄖𑄴𑄪𑄚𑄴,Present
বািটা আমাদের বািতে আসে,𑄊𑄧𑄢𑄴𑄝𑄮𑄃𑄪𑄚𑄬 𑄝𑄬𑄉𑄬 𑄃𑄟𑄨,Present
যার যে কাজে থাকে,"𑄡𑄢𑄴 𑄡𑄬 𑄇𑄟𑄧𑄖𑄴 𑄗𑄬𑄃𑄨,",Present
কাউকে কিছুই করতে হ না,𑄇𑄢𑄧𑄢𑄬 𑄇𑄨𑄠𑄬𑄃𑄨 𑄇𑄪𑄠𑄧 𑄚𑄧-𑄛𑄧𑄢𑄬,Present
কোন মাকসা,𑄇𑄧𑄚𑄧 𑄟𑄇𑄧𑄖𑄳𑄠𑄬𑄃𑄨।,Present
আাআি চাঁদ,𑄃𑄠𑄴 𑄃𑄠𑄴 𑄃𑄮 𑄌𑄚𑄚𑄴,Present
"হ্যাঁ,হ্যাঁ,চামা",𑄃𑄠𑄴 𑄃𑄠𑄴 𑄃𑄮 . . . . . 𑄌𑄚𑄚𑄴,Present
". ছোট এখানে আর, ছোট এখানে","𑄌𑄨𑄎𑄨 𑄃𑄩𑄙𑄪 𑄃𑄠𑄴,",Present
বাি আছেগা,𑄝𑄚𑄳𑄦 𑄃𑄊𑄬 𑄉𑄠𑄴।,Present
তোমার সমে তারা,𑄖𑄧-𑄥𑄧𑄟𑄢𑄬 𑄖𑄢𑄃𑄪𑄚𑄴,Present
নাছোবান্দা ব্যক্তি,𑄚𑄬𑄃𑄨𑄘𑄬 𑄥𑄧𑄟𑄢𑄴 𑄇𑄧𑄚𑄧𑄎𑄧𑄚𑄴।,Present
.সোনার শাঁস ফেলে দে,𑄥𑄧𑄚𑄢𑄴 𑄥𑄋𑄪 𑄜𑄬𑄣𑄬𑄃𑄨𑄘𑄬,Present
.রুার পিসেবান,"𑄢𑄪𑄝𑄮𑄢𑄴 𑄛𑄨𑄎𑄪𑄟𑄴 𑄝𑄚𑄩,",Present
"ছোট আকারের, ছোট আকারের",𑄌𑄨𑄎𑄨 𑄃𑄬𑄝𑄧 𑄖𑄧𑄟 𑄥𑄨𑄙𑄪,Present
খাগা দুধ পরিধান করে,𑄈𑄎𑄳𑄠 𑄘𑄪𑄙𑄨 𑄛𑄨𑄚𑄨।,Present
.মেেটি মনে পে,𑄎𑄟𑄬𑄃𑄨 𑄎𑄧𑄚𑄨 𑄟𑄧𑄚𑄧𑄖𑄴 𑄛𑄧𑄢𑄬,Present
ফিরে ফিরে তাকা,"𑄜𑄨𑄢𑄬𑄃𑄨 𑄛𑄉𑄬𑄃𑄨 𑄌𑄬𑄠𑄧,",Present
মনে পলে কার থেকে,𑄟𑄧𑄚𑄧𑄖𑄴 𑄛𑄧𑄣𑄴𑄣𑄬 𑄇𑄢𑄧𑄖𑄴𑄪𑄚𑄴,Present
সে টোকাই হবে,𑄈𑄪𑄏𑄨 𑄦𑄧𑄝𑄧 𑄖𑄬𑄠𑄧।,Future
সামাল দেওা এক মুঠো,"𑄥𑄟𑄣 𑄃𑄬𑄇𑄴𑄇𑄱 𑄓𑄳𑄟𑄝𑄧𑄁,",Present
লুকিে লুকিে আনো,𑄣𑄪𑄇𑄴 𑄇𑄪𑄘𑄪𑄟𑄴𑄝𑄧 𑄓𑄉𑄨 𑄃𑄚𑄨,Present
.ফুলের বিচি খাওাবো,𑄟𑄬𑄣 𑄥𑄚𑄨 𑄈𑄝𑄬𑄝𑄧𑄁।,Future
ফাকিঁ,𑄜𑄉𑄮𑄚𑄴,Present
ঝগাটে ফানুস,𑄏𑄧𑄇𑄴𑄏𑄧𑄇𑄳𑄠𑄬 𑄜𑄉𑄮𑄚𑄧𑄖𑄴,Present
গাছে গাছে ফুল,"𑄉𑄏𑄬 𑄉𑄏𑄬 𑄜𑄪𑄣𑄴,",Present
এক জাতী আম,𑄔𑄬𑄣 𑄞𑄧𑄢𑄧𑄚𑄴 𑄃𑄟𑄧 𑄝𑄮𑄣𑄴,Present
চাঁদিটা সুন্দর,𑄌𑄘𑄬 𑄣𑄉𑄬 𑄘𑄮𑄣𑄴।,Present
"লুকোচুরি খেলা যাওা, লুকোচুরি খেলা","𑄳𑄟𑄪𑄎𑄪𑄢𑄨 𑄳𑄟𑄪𑄎𑄪𑄢𑄨 𑄡𑄚𑄴,",Present
ঝগাটে ঝগা করলো,𑄏𑄪𑄐𑄪𑄖𑄴 𑄏𑄪𑄐𑄪𑄖𑄴 𑄏𑄧𑄣𑄴𑄉𑄠𑄴,Past
দক্ষিণ পশ্চিম,𑄘𑄧𑄉𑄨𑄚𑄧 𑄝𑄧𑄠𑄬𑄢𑄚𑄴।,Present
ঝগাবহুল নদীর পানি,𑄏𑄨𑄣𑄨𑄇𑄴 𑄟𑄨𑄣𑄨𑄇𑄴 𑄉𑄋𑄧 𑄛𑄚𑄨,Present
সূর্য ডোবার সম,"𑄝𑄬𑄣𑄧 𑄍𑄧𑄘𑄧𑄇𑄴 𑄛𑄧𑄢𑄨,",Present
জোনাকির আলো,𑄎𑄪𑄚𑄨𑄛𑄪𑄇𑄴 𑄢𑄬𑄘𑄮𑄖𑄴 𑄎𑄧𑄣𑄧𑄚𑄴,Present
সূর্য ডোবার সম,𑄌𑄚𑄧 𑄛𑄳𑄦𑄧𑄢𑄚𑄴 𑄙𑄧𑄢𑄨।,Present
বেইন হলে সিরো পানি,𑄝𑄬𑄚𑄳𑄠 𑄦𑄧𑄣𑄬 𑄥𑄨𑄢𑄮 𑄛𑄚𑄨𑄠𑄬,Present
মুক্ত মালা পে,"𑄟𑄪𑄇𑄴𑄖𑄧 𑄟𑄣 𑄏𑄧𑄢𑄬,",Present
রাত হলে কুকুর গিেছে,𑄢𑄬𑄖𑄴𑄮 𑄃𑄬𑄣𑄬 𑄛𑄬𑄉𑄮 𑄉𑄨𑄘𑄬,Present
মেেটা বুক ভরা,𑄟𑄬𑄠𑄬𑄠𑄴 𑄝𑄪𑄇𑄴 𑄞𑄧𑄢𑄬।,Present
ধুধুক বাজানো যুবক,𑄙𑄪𑄙𑄪𑄇𑄴 𑄝𑄎𑄃𑄨 𑄉𑄝𑄪𑄎𑄳𑄠,Present
"পাহা বািতে, পাহাি বািতে","𑄟𑄮𑄚𑄴 𑄊𑄧𑄢𑄧 𑄃𑄨𑄎𑄮𑄢𑄮𑄖𑄴,",Present
ঢিম ঢিম শব্দ,𑄔𑄨𑄟𑄴 𑄔𑄨𑄟𑄴 𑄈𑄬𑄁𑄉𑄳𑄢𑄧𑄁,Present
বাজাই গািে,𑄝𑄎𑄃𑄨 𑄉𑄝𑄪𑄢𑄨 𑄛𑄨𑄎𑄮𑄢𑄧𑄖𑄴।,Present
ফুঁ ফুঁ সিঙি,𑄜𑄪𑄀 𑄜𑄪𑄀 𑄥𑄨𑄋𑄝𑄮𑄘𑄨,Present
এক জাতী বুনো ফল যা সবজি হিসেবে ব্যবহৃত হ,"𑄓𑄉𑄬 𑄉𑄝𑄪𑄎𑄳𑄠 𑄉𑄧𑄋𑄴𑄖𑄪𑄣𑄨,",Present
লাঠি দিে তাকে বলে,𑄉𑄝𑄪𑄢𑄨 𑄃𑄨𑄚𑄴𑄘𑄨 𑄇𑄧𑄠𑄴 𑄖𑄢𑄬,Present
খেংগোং সুর তুলে,𑄈𑄬𑄁𑄉𑄳𑄢𑄧𑄁𑄋𑄧 𑄥𑄪𑄢𑄴 𑄖𑄪𑄣𑄨।,Present
পাহাের ভিতরে সনাটা,𑄛𑄬𑄚𑄴𑄎𑄪𑄢𑄧 𑄞𑄨𑄘𑄨𑄢𑄬 𑄥𑄧𑄚𑄖𑄴𑄖𑄣𑄨,Present
"একটু একটু করে, একটু একটু করে","𑄛𑄨𑄐𑄧 𑄛𑄨𑄐𑄧 𑄥𑄨𑄇𑄴𑄇𑄢𑄬,",Present
কাউকে বলতে পারে না,𑄇𑄮𑄃𑄨 𑄚𑄧-𑄛𑄢𑄬 𑄇𑄢𑄧𑄢𑄬।,Present
"ছানো ছিটানো, ছত্রভঙ্গ, বিশৃঙ্খল",𑄍𑄧𑄘𑄧𑄢𑄧𑄇𑄴,Present
".সত্যি,সত্যি,সত্যি",𑄦𑄧𑄢𑄧𑄇𑄴𑄈𑄪𑄚 . . . . . . . . . . . . . . . . . . . . . . . . . . . . . . . . . . . . . . . . . . . . . . . . . . 𑄺,Present
".নিঃসঙ্গ, একাকী, একাকী",𑄌𑄣𑄮𑄚𑄴 . . . . . . . . . . . . . . . . . . . . . . . . . . . . . . . . . . . . . . . . . . . . . . . . . . . . . . . 𑄻,Present
.খাওার আগে।,𑄈𑄬𑄝𑄢𑄴 𑄃𑄉𑄬 . . . . . . . . . . . . . . . . . . . . . . . . . . . . . . . . . . . . . . . . . . . . . . . . . .𑄼,Present
. . . . . . .,𑄌𑄧𑄇𑄴𑄧𑄢𑄴 𑄃𑄳𑄟𑄪𑄪𑄢𑄬 . . . . . . . . . . . . . . . . . . . . . . . . . . . . . . . . . . . . . . . . . . . . . . . . .𑄽,Present
".বিস্ম, ঈর্ষা, ঈর্ষা, ঈর্ষা, ঈর্ষা",𑄞𑄌𑄴 . . . . . . . . . . . . . . . . . . . . . . . . . . . . . . . . . . . . . . . . . . . . . . . . . . . . . . . . .𑄾,Present
পাহাি . . . . .,𑄟𑄮𑄚𑄧𑄊𑄧𑄢𑄴 . . . . . . . . . . . . . . . . . . . . . . . . . . . . . . . . . . . . . . . . . . . . . . . . . . . . . 𑄿,Present
"ইচিজি, . . . .",𑄃𑄨𑄎𑄨𑄝𑄨𑄎𑄨 . . . . . . . . . . . . . . . . . . . . . . . . . . . . . . . . . . . . . . . . . . . . . . . . . . . . .𑄷𑄶,Present
.নিে যাওা,𑄚𑄧𑄚𑄬𑄠𑄬 𑄢𑄳𑄦𑄧 . . . . . . . . . . . . . . . . . . . . . . . . . . . . . . . . . . . . . . . . . . . . . . . . . . 𑄷𑄷,Present
রাজপুি . . . . .,𑄢𑄚𑄴𑄎𑄪𑄚𑄨 . . . . . . . . . . . . . . . . . . . . . . . . . . . . . . . . . . . . . . . . . . . . . . . . . . . . 𑄷𑄸,Present
কবাগাং . . . . . .,𑄇𑄧𑄝𑄡𑄋𑄴 . . . . . . . . . . . . . . . . . . . . . . . . . . . . . . . . . . . . . . . . . . . . . . . . . . . ..𑄷𑄹,Present
.আম পাতা,𑄃𑄟𑄴 𑄛𑄘 . . . . . . . . . . . . . . . . . . . . . . . . . . . . . . . . . . . . . . . . . . . . . . . . . . . 𑄷𑄺,Present
এক কেজি ধান,𑄃𑄬𑄇𑄴 𑄃𑄢𑄨 𑄙𑄚𑄴 . . . . . . . . . . . . . . . . . . . . . . . . . . . . . . . . . . . . . . . . . . . . . . .𑄷𑄻,Present
হৃৎস্পন্দন,𑄦𑄧𑄢𑄧𑄇𑄴𑄈𑄪𑄚𑄴,Present
লেখাপা করে কথা বলে,𑄣𑄬𑄊𑄢𑄴 𑄦𑄧𑄢𑄧𑄉𑄬 𑄇𑄧𑄘 𑄇𑄧𑄠𑄴,Present
ভে ভে নাও,"𑄞𑄏𑄬 𑄎𑄘𑄧𑄢𑄴 𑄛𑄪𑄏𑄮𑄢𑄴 𑄣𑄧𑄠𑄴,",Present
কোন জাগা কি ভাত,𑄇𑄧𑄚𑄴 𑄎𑄘𑄧𑄢𑄴 𑄇𑄨 𑄞𑄌𑄴,Present
লেখাপা করে গুছানো,𑄣𑄬𑄊𑄢𑄴 𑄦𑄧𑄢𑄧𑄉𑄬 𑄛𑄪𑄢𑄧𑄠𑄴 𑄃𑄌𑄴।,Present
"১. চাল, চাল ২. চাল",𑄌𑄣𑄮𑄚𑄴,Present
মিইনি নদীর বন্যা,𑄟𑄨𑄓𑄨𑄋 𑄝𑄏𑄧 𑄌𑄣𑄮𑄚𑄚𑄴,Present
তুচ পতে হ,"𑄖𑄪𑄌𑄴 𑄛𑄧𑄎𑄨𑄣𑄬 𑄛𑄧𑄢𑄬,",Present
তার নিচের প্রাণ,𑄖𑄧𑄘𑄖𑄴 𑄖𑄧𑄣𑄧 𑄛𑄧𑄢𑄚𑄚𑄴,Present
দৌাদৌি,𑄘𑄳𑄟𑄪𑄪𑄖𑄴 𑄘𑄳𑄟𑄪𑄪𑄖𑄴 𑄉𑄧𑄢𑄬।,Present
খাওার আগে,𑄈𑄬𑄝𑄢𑄴 𑄃𑄉𑄬,Present
খাওার আগে হাত ধোা লাগবে,𑄈𑄬𑄝𑄢𑄴 𑄃𑄉𑄬 𑄦𑄖𑄴 𑄙𑄮𑄠𑄴 𑄣𑄧𑄝𑄧𑄁,Future
মনের কামনা পূরণ হ,"𑄟𑄧𑄚𑄧𑄖𑄴 𑄝𑄚𑄩 𑄢𑄉𑄬𑄃𑄨,",Present
নোংরা করে খেেছি না,𑄇𑄎𑄧𑄢𑄴 𑄉𑄧𑄢𑄨 𑄈𑄬𑄘𑄧𑄁 𑄚𑄧𑄠𑄴,Present
যে কোন সম খেে,𑄡𑄬𑄇𑄬𑄴 𑄡𑄨𑄠𑄧𑄖𑄴 𑄈𑄬𑄠𑄴।,Present
চূা বসে থাকে,𑄌𑄧𑄇𑄴𑄧𑄢𑄴 𑄃𑄳𑄟𑄪𑄪𑄢𑄬 𑄝𑄮𑄃𑄨 𑄗𑄃𑄨,Present
বেইমানি করে কথা বলে,"𑄜𑄧𑄇𑄴𑄧𑄢𑄴 𑄉𑄧𑄢𑄨 𑄟𑄪-𑄘𑄬𑄉𑄠𑄴,",Present
"১. ভাগ, অংশ ২. ভাত, ভাত",𑄞𑄌𑄴,Present
"যেখানে সেখানে, যে কোন কিছু",𑄡 𑄞𑄌𑄴 𑄖 𑄃𑄌𑄴,Present
নানা ধরনের ভাত,"𑄚𑄚𑄋𑄴 𑄎𑄘𑄧𑄢𑄴 𑄚𑄚𑄋𑄴 𑄞𑄌𑄴,",Present
মিলেমিশে এক সমাজ,𑄟𑄨𑄣𑄨 𑄦𑄮𑄠𑄬𑄃𑄨 𑄃𑄬𑄇𑄴 𑄥𑄧𑄟𑄎𑄴,Present
"পাহাি, কবরস্থান, কবরস্থান",𑄟𑄮𑄚𑄧𑄊𑄧𑄢𑄴,Present
দক্ষিণ দিকে পাহা,𑄘𑄧𑄉𑄨𑄚𑄴 𑄘𑄮𑄢𑄨 𑄟𑄮𑄚𑄴𑄊𑄧𑄢𑄴,Present
জোরে জোরে বাতাস বেছে,"𑄛𑄨𑄝𑄨𑄢𑄴 𑄛𑄨𑄝𑄨𑄢𑄴 𑄝𑄧𑄠𑄬𑄢𑄧𑄖𑄴,",Present
চাঁদটা তাাতাি পা,𑄌𑄚𑄖𑄴 𑄑𑄋𑄬𑄃𑄨 𑄘𑄪𑄣𑄮𑄚𑄚𑄴,Present
এক জাতী ঘুমিে যাওার সম,𑄌𑄨𑄎𑄨 𑄊𑄪𑄟𑄴 𑄡𑄢𑄴 𑄘𑄪𑄣𑄮𑄚𑄧𑄖𑄴।,Present
এক জাতী সবজি,𑄃𑄨𑄎𑄨𑄝𑄨𑄎𑄨 𑄇𑄧𑄢𑄴𑄟 𑄝𑄨𑄎𑄨,Present
এইখানে মলা চে,"𑄃𑄬𑄃𑄨𑄖𑄴 𑄌𑄧𑄢𑄬 𑄟𑄮𑄌𑄴 𑄌𑄧𑄢𑄬,",Present
রাজার ছাদি ধর,𑄢𑄎𑄢𑄴 𑄍𑄘𑄨 𑄙𑄧𑄢𑄧𑄢𑄬।,Present
নািভুি,𑄚𑄧𑄚𑄬𑄠𑄬 𑄢𑄳𑄦𑄧,Present
নাাচাা করে,𑄚𑄧𑄚𑄬𑄠𑄬 𑄚𑄧𑄚𑄬𑄠𑄬 𑄢𑄳𑄦𑄧 𑄉𑄧𑄢𑄨,Present
".ন্যাকামো করে,ন্যাকামো করে","𑄚𑄎𑄧𑄁 𑄚𑄎𑄧𑄁 𑄛𑄪𑄚𑄴 𑄉𑄧𑄢𑄨,",Present
ছোট ছোট দাঁিে রাখো তোমাকে,𑄌𑄨𑄉𑄮𑄚𑄴 𑄌𑄨𑄎𑄨 𑄓𑄉𑄬𑄢𑄴 𑄖𑄧𑄢𑄬,Present
"রংধনু, /n rainbow",𑄢𑄚𑄴𑄎𑄪𑄚𑄨 𑄢𑄚𑄴𑄎𑄪𑄚𑄨,Present
কাকে তুমি খুঁজতেছো,"𑄇𑄢𑄬 𑄖𑄪𑄃𑄨 𑄖𑄧𑄉𑄧𑄢𑄴,",Present
বিভিন্ন ধরনের রং ধরে,𑄚𑄚𑄋𑄴 𑄝𑄝𑄧𑄘𑄧𑄢𑄴 𑄢𑄧𑄁 𑄙𑄧𑄢𑄨,Present
পাহাে বাি যাওা,"𑄟𑄮𑄚𑄧𑄊𑄧𑄢𑄧𑄖𑄴 𑄝𑄳𑄦 𑄡𑄋𑄴,",Present
.চাক না খেে ঘিলু খা,𑄌𑄇𑄴 𑄚𑄧-𑄈𑄬𑄃𑄨 𑄊𑄨𑄣𑄪𑄇𑄴 𑄈𑄋𑄴,Present
পাহাের বািটা ফাঁকা,𑄟𑄮𑄚𑄧 𑄊𑄧𑄢𑄚𑄴 𑄦𑄝𑄁𑄛𑄋𑄴।,Present
আম পাতা লক্ষী,"𑄃𑄟𑄴 𑄛𑄘 𑄣𑄧𑄇𑄴𑄈𑄧𑄚𑄴,",Present
তোমার মতো কত ব,𑄖𑄧𑄢𑄬 𑄟𑄧𑄖𑄬𑄴 𑄇𑄧𑄘𑄧𑄇𑄴𑄈𑄧𑄚𑄴।,Present
পানি খেে গলাধঃক,"𑄛𑄚𑄨 𑄈𑄬𑄟𑄴 𑄉𑄧𑄣𑄧𑄎𑄧𑄖𑄴,",Present
আমি থামবো আগে,𑄟𑄪𑄃𑄨 𑄗𑄬𑄟𑄴 𑄃𑄉𑄎𑄧𑄖𑄴।,Future
এক কেজি ধান,𑄃𑄬𑄇𑄴 𑄃𑄢𑄨 𑄙𑄚𑄴,Present
এক কেজি ধানে এক কেজি চাল,"𑄃𑄬𑄇𑄴 𑄃𑄢𑄨 𑄙𑄚𑄧𑄖𑄴 𑄘𑄨 𑄃𑄢𑄨 𑄌𑄧𑄝𑄳𑄦,",Present
ছোট নািভুি,𑄌𑄨𑄎𑄨 𑄚𑄎𑄬𑄢𑄴 𑄖𑄧𑄝𑄳𑄦 𑄖𑄧𑄝𑄳𑄦।,Present
এক কেজি ধান দিে এক কেজি খ,"𑄃𑄬𑄇𑄴 𑄃𑄢𑄨 𑄙𑄚𑄧𑄢𑄴 𑄘𑄨 𑄃𑄢𑄨 𑄈𑄰,",Present
এক জাতী নাচ,𑄌𑄨𑄎𑄨 𑄚𑄎𑄬𑄢𑄴 𑄖𑄟𑄴𑄎 𑄌𑄰।,Present
একটা বানর আর একটা চূার খুব ভাব আছে,𑄃𑄨𑄇𑄴𑄇𑄮 𑄝𑄚𑄴𑄘𑄧𑄢𑄴 𑄃 𑄃𑄨𑄇𑄴𑄇𑄮 𑄌𑄪𑄉𑄧𑄢𑄧𑄢𑄴 𑄈𑄪𑄝𑄴 𑄞𑄝𑄴 𑄃𑄬𑄣𑄧 ।,Present
সুোটা একদিন অসুস্থ হে পলো,𑄥𑄪𑄉𑄧𑄢𑄴𑄝𑄮 𑄃𑄬𑄇𑄴 𑄘𑄨𑄚𑄳𑄠 𑄛𑄨𑄢𑄬 𑄛𑄧𑄣𑄴𑄣𑄧 ।,Present
বানরটা বাচ্চাটাকে পতে দেখলে,𑄝𑄚𑄴𑄘𑄧𑄢𑄴𑄝𑄮 𑄥𑄪𑄉𑄧𑄢𑄴𑄝𑄮𑄢𑄬 𑄛𑄧𑄢𑄨 𑄖𑄘𑄬 𑄘𑄬𑄉𑄨𑄣𑄧 ।,Past
বানরটা তোমার কি হেছে,𑄝𑄚𑄴𑄘𑄧𑄢𑄴𑄝𑄮 𑄇𑄧𑄣𑄧-𑄝𑄧𑄚𑄴 𑄖𑄧𑄢𑄴 𑄇𑄨 𑄦𑄧𑄠𑄬 ।,Present
সুোটা কল দিে দিন হলো পেট ব্যথা,𑄥𑄪𑄉𑄧𑄢𑄴𑄝𑄮 𑄇𑄧𑄣𑄧-𑄘𑄨 𑄘𑄨𑄚𑄴 𑄦𑄧𑄣𑄧 𑄛𑄬𑄖𑄴 𑄛𑄨𑄢𑄬 ।,Present
বানরটা তাকে ডাকতেছে সেটা নিে যাচ্ছে,𑄝𑄚𑄴𑄘𑄧𑄢𑄴𑄝𑄮 𑄖𑄢𑄬 𑄓𑄇𑄴𑄖𑄧𑄢𑄴 𑄥𑄨𑄠𑄬𑄣𑄴𑄳𑄠 𑄃𑄨𑄘𑄪 𑄚𑄨𑄣𑄧 ।,Present
.সে কল-কাজ না করলে সাপ-শাপ করতে হবে,𑄥𑄨𑄠𑄬𑄣𑄴𑄳𑄠 𑄇𑄧𑄣𑄧-𑄇𑄎𑄧𑄢𑄴 𑄚𑄧𑄦𑄧𑄚𑄬𑄃𑄨 𑄥𑄛𑄴-𑄥𑄛𑄴 𑄉𑄧𑄢𑄨 𑄖 𑄛𑄧𑄢𑄨𑄝𑄧 ।,Future
খাওার আগে হাত ধুতে হবে,𑄈𑄬𑄝𑄢𑄴 𑄃𑄉𑄬 𑄦𑄖𑄴 𑄙𑄪𑄠𑄧 𑄛𑄧𑄢𑄨𑄝𑄧 ।,Future
বানরটা দুঃখার্ত নাকা কাটতে হবে,𑄝𑄚𑄴𑄘𑄧𑄢𑄴𑄝𑄮 𑄘𑄪𑄇𑄴𑄳𑄠 𑄚𑄧𑄇𑄴𑄇𑄪𑄚𑄴 𑄇𑄝 𑄛𑄧𑄢𑄨𑄝𑄧 ।,Future
সুোটা ডাক দিে সবগুলো করল,𑄥𑄪𑄉𑄧𑄢𑄴𑄝𑄮 𑄓𑄇𑄴𑄖𑄧𑄢𑄴 𑄥𑄨𑄠𑄬𑄣𑄴𑄳𑄠 𑄇𑄧𑄙 𑄘𑄧𑄉𑄬 𑄝𑄬𑄇𑄴𑄇𑄚𑄨 𑄉𑄧𑄣𑄴𑄣𑄧 ।,Past
ধীরে ধীরে শুকরটা ভালো হে উঠল,𑄣𑄢𑄬 𑄣𑄢𑄬 𑄉𑄧𑄢𑄨 𑄥𑄪𑄉𑄧𑄢𑄴𑄝𑄮 𑄉𑄧𑄟𑄴 𑄦𑄧𑄃𑄨 𑄃𑄪𑄘𑄨𑄣𑄧 ।,Past
"রেজন:ইনজেপ চাংমা, সোনামনি চাংমা,তুুম চাংমা","𑄢𑄧𑄎𑄬𑄠𑄧𑄚𑄴: 𑄃𑄨𑄚𑄴𑄎𑄬𑄛𑄴 𑄌𑄋𑄴𑄟, 𑄥𑄮𑄚𑄟𑄧𑄚𑄨 𑄌𑄋𑄴𑄟, 𑄖𑄪𑄦𑄨𑄚𑄴 𑄌𑄋𑄴𑄟",Present
হেজালা দুা: সে বাঁশের কুচি দিে ছোট ড্রেনে আছে,𑄦𑄬𑄎𑄣 𑄘𑄪𑄃𑄧𑄚: 𑄥𑄬𑄞 𑄘𑄳𑄠 𑄌𑄨𑄣 𑄓𑄳𑄢𑄬𑄚 𑄃 𑄃𑄃𑄨𑄢𑄬𑄇 𑄥,Present
তার মা দুই বেই-বোন,𑄖𑄢𑄪𑄟𑄴 𑄃 𑄢𑄚𑄴𑄎𑄪𑄚𑄨 𑄘𑄨 𑄞𑄬𑄃𑄨-𑄞𑄮𑄚𑄴।,Present
.তারা পার সম ঘুম থেকে উঠে,𑄖𑄢𑄳𑄦 𑄛𑄮𑄖𑄳𑄠 𑄢𑄘 𑄓𑄉𑄧𑄖𑄴 𑄊𑄪𑄟𑄧𑄖𑄴𑄖𑄪𑄚𑄴 𑄃𑄪𑄘𑄧𑄚𑄴।,Present
তাদের বািতে একটা বুদ্ধ আছে,𑄖𑄢𑄳𑄦 𑄊𑄧𑄢𑄧𑄖𑄴 𑄃𑄬𑄇𑄴𑄇𑄱 𑄝𑄪𑄘𑄴𑄙𑄧 𑄟𑄪𑄢𑄴𑄖𑄨 𑄃𑄊𑄬।,Present
বেইনটা তাদের হাত-পা ফুলিে পে,𑄝𑄬𑄚𑄳𑄠 𑄖𑄢𑄳𑄦 𑄦𑄖𑄴-𑄟𑄪 𑄙𑄧𑄃𑄨 𑄜𑄪𑄣𑄬 𑄛𑄉𑄮𑄢𑄬 𑄃𑄳𑄦,Present
সূর্য ডোবার সম বুদ্ধকে পুজন করা,𑄝𑄬𑄣𑄳𑄠 𑄦𑄧𑄣𑄬 𑄝𑄖𑄴𑄖𑄨𑄣𑄮𑄃𑄨 𑄝𑄪𑄘𑄴𑄙𑄧𑄢𑄬 𑄛𑄪𑄎𑄧𑄚𑄴।,Present
সে পরে তারা লেখা-পা করতেছে,𑄥𑄬 𑄛𑄧𑄢𑄬𑄘𑄨 𑄖𑄢𑄳𑄦 𑄣𑄬𑄊-𑄛𑄧𑄢𑄳𑄦𑄖𑄴 𑄝𑄧𑄏𑄧𑄚𑄴।,Present
তার মা কাজের সম পে পেছে,𑄖 𑄟 𑄇𑄟𑄧 𑄥𑄬𑄢𑄴 𑄛𑄬𑄣𑄬 𑄛𑄧𑄌𑄴𑄎𑄧𑄚𑄧 𑄝𑄧𑄃𑄨,Present
তারা তাকে অনেক কাজে সাহায্য করে,𑄖𑄢𑄳𑄦 𑄖-𑄟𑄢𑄬 𑄖𑄪𑄇𑄴𑄖𑄇𑄴 𑄇𑄟𑄴 𑄝𑄧𑄣𑄴 𑄘𑄳𑄠𑄧𑄚𑄴।,Present
.অতিরিক্ত হলে তারা স্কুলে যা,𑄃𑄧𑄇𑄴𑄖𑄧 𑄦𑄧𑄣𑄬 𑄖𑄢𑄳𑄦 𑄃𑄨𑄌𑄴𑄇𑄪𑄣𑄧𑄖𑄴 𑄡𑄚𑄴 ।,Present
সবাই তাদেরকে পছন্দ করে,𑄝𑄬𑄇𑄴𑄇𑄪𑄚𑄬 𑄖𑄢𑄳𑄦𑄢𑄬 𑄇𑄮𑄌𑄴 𑄛𑄳𑄦𑄚𑄴 ।,Present
তিন গ্রামের মানুষ,𑄖𑄨𑄚𑄴 𑄥𑄧𑄟𑄎𑄳𑄠𑄬𑄢𑄴 𑄇𑄨𑄖𑄳𑄠𑄬,Present
সূর্য ডোবার সম একজন লোক মুখোশ পরে আছে।,𑄝𑄬𑄣𑄚𑄴 𑄟𑄬𑄊𑄴𑄇𑄚𑄴 𑄃 𑄟𑄪𑄢𑄧𑄝𑄮𑄢𑄴 𑄈𑄧𑄱𑄎𑄴 𑄛-𑄛𑄨 𑄃𑄬𑄣𑄧 ।,Present
একদল লোক বাচ্চাটাকে একটি ফুল দিেছে।,𑄃𑄬𑄇𑄴𑄘𑄴𑄘𑄨𑄚𑄨𑄚𑄴𑄚𑄳𑄠 𑄟𑄪𑄢𑄧𑄝𑄧𑄝𑄮 𑄝𑄬𑄣𑄚𑄧𑄢𑄬 𑄃𑄬𑄇𑄴𑄖𑄣𑄴 𑄜𑄪𑄣𑄴 𑄘𑄨𑄠𑄬 ।,Present
.বিচ্ছেদের মেঘ-এই ফুলগুলো দেখতেছি।,𑄝𑄬𑄣𑄚𑄬 𑄟𑄬𑄊𑄴𑄇𑄚𑄧-𑄃𑄨𑄘𑄪 𑄐𑄬𑄚𑄳𑄠𑄬 𑄜𑄪𑄣𑄪𑄚𑄴 𑄘𑄬𑄉𑄬𑄣𑄧 ।,Present
মেেটা খুব খারাপ হেছে,𑄟𑄬𑄇𑄴𑄇𑄚𑄬 𑄎𑄧𑄝𑄧𑄢𑄴 𑄝𑄬𑄎𑄢𑄴 𑄦𑄧𑄣𑄧 ।,Present
তাকিাতাি আকাশটাকে দেখে রাখল,𑄖𑄇𑄨𑄣𑄳𑄠𑄬 𑄟𑄬𑄇𑄴𑄇𑄚𑄬 𑄝𑄬𑄣𑄚𑄧𑄢𑄬 𑄔𑄊𑄨 𑄗𑄧𑄣𑄧 ।,Past
সূর্য ডোবার সম পাহাে ফুল ফোটালো,𑄝𑄬𑄣𑄚𑄬 𑄟𑄪𑄢𑄧𑄝𑄮 𑄇𑄃𑄨 𑄐𑄬𑄭-𑄚𑄧 𑄛𑄣𑄴𑄣𑄴 𑄝𑄬𑄣𑄚𑄴 𑄚𑄧𑄗𑄚𑄃𑄨 𑄟𑄪𑄢𑄮𑄝𑄨𑄖𑄴 𑄜𑄪𑄣𑄴 𑄚𑄧𑄜𑄪𑄘𑄨𑄣𑄇𑄴 ।,Past
.তাকিে মেেটা এখানে গেল,𑄖𑄇𑄨𑄣𑄳𑄠𑄬 𑄟𑄪𑄢𑄧𑄝𑄮 𑄟𑄬𑄇𑄴𑄇𑄚𑄧-𑄃𑄨𑄙𑄪 𑄉𑄬𑄣𑄧 ।,Past
.মেেটা মেঘকে ফুল দিে দিল,𑄟𑄪𑄢𑄧𑄝𑄮 𑄟𑄬𑄊𑄴𑄇𑄚𑄧𑄢𑄬 𑄞𑄣𑄪𑄇𑄴𑄇𑄮 𑄜𑄪𑄣𑄴 𑄘𑄨𑄣𑄧 ।,Past
মেঘলা পাহাে পাহাে আর ফুল ফোটে,𑄟𑄬𑄊𑄴𑄇𑄚𑄬 𑄟𑄪𑄢𑄮𑄝𑄮𑄢𑄬 𑄃𑄢𑄴 𑄔𑄉𑄨 𑄚𑄧-𑄗𑄧-𑄣𑄧 𑄟𑄪𑄢𑄧𑄝𑄮𑄖𑄴 𑄃𑄢𑄧 𑄜𑄪𑄣𑄴 𑄜𑄪𑄖𑄴𑄖𑄮𑄚𑄴 ।,Present
পাহাের মেঘ আর বৃষ্টি আসতেছে,𑄟𑄪𑄢𑄮𑄝𑄮 𑄟𑄬𑄊𑄴𑄇𑄚𑄴 𑄃𑄢𑄧 𑄝𑄬𑄣𑄚𑄧𑄢𑄴 𑄇𑄮𑄌𑄴𑄛𑄛𑄨 𑄝𑄢𑄨𑄣𑄧 ।,Present
আমার কথা ব্যবহৃত শব্দ,𑄟𑄧 𑄇𑄧𑄙 𑄞𑄌𑄴,Present
এক জাতী বুনো পাতা,𑄃𑄉𑄴 𑄛𑄘,Present
"১. ১. ৩. (দা, ছুরি প্রভৃতির) বাট, বাট ২. (দা, ছুরি প্রভৃতির) বাট",𑄷𑄻,Present
"১. ২. ১. (কলা প্রভৃতির) কাঁদি, গুচ্ছ",𑄷𑄼,Present
"১. ২. ৩. (কলা প্রভৃতির) কাঁদি, ৩. (কলা প্রভৃতির) কাঁদি",𑄷𑄽,Present
"১. ১. আঠারো ২. (দা, ছুরি প্রভৃতির) শাঁস",𑄷𑄾,Present
"১. ৩. ১. ১. (কলা প্রভৃতির) কাঁদি, ২. (গাছের) কাঁদি",𑄷𑄿,Present
bdmean,𑄸𑄸,Present
bdmean,𑄸𑄺,Present
১. ২. ২. 27,𑄸𑄽,Present
"১. ৩. ৩. ৩. (কলা প্রভৃতির) স্তুপ, স্তুপ, স্তুপ",𑄹𑄶,Present
bdmean,𑄹𑄸,Present
bdmean,𑄹𑄼,Present
১. ৩. ৩. ৩. ৩. ৩. ৩. ৩. (কলা প্রভৃতির) কাঁদি,𑄹𑄿,Present
১. ৪. ৪. ৪. ৪. (কলা প্রভৃতির) কাঁদি,𑄺𑄷,Present
১. ৩. ৩. ৩. bdmean,𑄺𑄹,Present
bdmean,𑄺𑄼,Present
এক জাতী পাতা,𑄛𑄧𑄠𑄴𑄘𑄬 𑄛𑄘 𑄚𑄧𑄟𑄴𑄝𑄧𑄢𑄴,Present
রাজপোা,𑄢𑄎𑄴𑄛𑄪𑄚𑄳𑄠𑄬𑄦𑄴,Present
ছিঁে ফেলা,𑄍𑄨𑄉𑄮𑄚𑄴 𑄍𑄧𑄢,Present
রাংচিনি পাা একটা প্রাইমারি স্কুল,𑄢𑄚𑄴𑄎𑄪𑄚𑄨 𑄛𑄢 𑄃𑄬𑄟𑄴 𑄃𑄬𑄣𑄴 𑄃𑄨 𑄛𑄳𑄢𑄃𑄨𑄟𑄢𑄨 𑄃𑄨𑄥𑄴𑄇𑄪𑄣𑄴,Present
চামার পোকা মাানো,𑄌𑄋𑄴𑄟𑄃𑄪𑄚𑄧𑄢𑄴 𑄛𑄪𑄎𑄧 𑄉𑄧𑄢𑄚,Present
জঙ্গলে হক বিচার পাওা,𑄏𑄢𑄧𑄖𑄴 𑄦𑄧𑄇𑄴 𑄝𑄨𑄌𑄢𑄴 𑄛𑄚,Present
এক জাতী শুঁটকি ভর্তা,𑄥𑄚𑄴𑄖𑄨 𑄌𑄪𑄇𑄴𑄖,Present
.সাপারিবাি দিন,𑄥𑄟𑄴𑄛𑄢𑄨 𑄝𑄚𑄴𑄙𑄧 𑄘𑄨𑄚𑄴,Present
এক জাতী ফুল,𑄎𑄪𑄟𑄴𑄧 𑄜𑄪𑄣𑄴,Present
নাটক,𑄚𑄑𑄧𑄇𑄴,Present
উস্কুখুস্কু ঘুরে বোনো,𑄃𑄪𑄥𑄴𑄱-𑄛𑄪𑄥𑄴𑄱𑄠𑄴 𑄝𑄬𑄢𑄚,Present
ফোসকা পা আর কেক,𑄜𑄮𑄘𑄧 𑄌𑄬𑄃𑄨 𑄃 𑄇𑄧𑄠𑄴,Present
এক জাতী বুনো ফল যা সবজি হিসেবে ব্যবহৃত হ,𑄦𑄬𑄃𑄨𑄣𑄴 𑄟𑄪𑄢𑄧𑄉𑄪𑄚𑄴,Present
আমাদের দলটা বামে দে,𑄃𑄟 𑄥𑄙𑄨𑄚𑄴 𑄝𑄋𑄴𑄣 𑄘𑄬𑄥𑄴,Present
বিদাের সম এক জাতী চামা,𑄝𑄨𑄘𑄴𑄪𑄖𑄴 𑄎𑄮𑄖𑄨 𑄌𑄋𑄴𑄟,Present
.যেগুলো কথা বলে তারা একসাথে থাকে,𑄡𑄨𑄠𑄪𑄚𑄬 𑄇𑄧𑄙 𑄜𑄉𑄧𑄖𑄴 𑄥𑄧𑄟𑄬𑄝𑄇𑄴,Present
.অমল ধন-আমাদ,𑄃𑄧𑄟𑄧𑄢𑄴 𑄙𑄧𑄚𑄴 -𑄃𑄘𑄟𑄳𑄠𑄬,Present
পিে পে,𑄛𑄧𑄢𑄚𑄨 𑄝𑄝𑄴-𑄃𑄘𑄟𑄳𑄠𑄬,Present
অলিমা-আবোল তাবোল মাটি বলে,𑄃𑄧𑄣𑄨 𑄟-𑄃𑄘𑄟𑄧𑄃𑄨𑄘𑄪 𑄟𑄘𑄨 𑄝𑄧𑄣𑄨 𑄛𑄎𑄳𑄠,Present
শতান-গরু-ছাগল চা,𑄥𑄧𑄖𑄳𑄠𑄧 𑄎𑄨𑄖𑄴-𑄃𑄘𑄟𑄧𑄢𑄴 𑄣𑄧𑄢𑄨𑄠 𑄌𑄧𑄢𑄨𑄠,Present
এক জাতী ব মাছ,𑄇𑄢𑄴𑄝𑄢𑄨-𑄃𑄘𑄟𑄧 𑄓𑄋𑄧𑄢𑄴 𑄟𑄘,Present
তনকা-কাঁকার আালি,𑄖𑄧𑄚𑄧𑄇𑄳𑄠-𑄇𑄢𑄴𑄝𑄎𑄳𑄠𑄬 𑄃𑄉𑄣𑄨,Present
এক জাতী ফল যা সবজি হিসেবে ব্যবহৃত হ,𑄇𑄧𑄢𑄬𑄚𑄴-𑄢𑄎𑄢𑄴 𑄃𑄉𑄣𑄨,Present
"রংধনু, রংধনু",𑄢𑄧𑄚𑄴𑄎𑄧𑄚𑄴-𑄦𑄬𑄓𑄴𑄟𑄬𑄚𑄴,Present
পিসে- ফুফা,𑄛𑄮𑄝𑄨𑄚𑄴𑄌𑄚𑄴 -𑄦𑄬𑄓𑄴𑄟𑄬𑄚𑄴,Present
এক জাতী গিরা,𑄢𑄎-𑄥𑄢𑄴𑄇𑄬𑄣𑄴 𑄉𑄨𑄢𑄮𑄎𑄴,Present
পালা-১,𑄛𑄣 - 𑄷,Present
পিে যাওার জন্য এক লোক রাস্তা দিে হেঁটে যাচ্ছে,𑄛𑄧𑄢𑄚𑄨 𑄝𑄝𑄬 𑄈𑄨𑄎𑄬𑄈𑄨𑄎𑄳𑄠𑄬 𑄉𑄧𑄢𑄨 𑄃𑄬𑄇𑄴 𑄎𑄧𑄚𑄧 𑄃𑄪𑄘𑄧𑄚𑄧𑄚𑄴𑄘𑄨 𑄦𑄘𑄨 𑄡𑄢𑄴 ।,Present
তাকে দেখে সেই বািটা পুিেছে,𑄖𑄢𑄬 𑄘𑄬𑄊𑄨 𑄥𑄬 𑄊𑄧𑄢𑄧𑄉𑄨𑄢𑄨𑄝𑄱 𑄛𑄪𑄎𑄧𑄢𑄴,Present
"গরিব, গরীবকে তার সামনে কথা বলে","𑄉𑄧𑄢𑄨𑄝𑄧 , 𑄏𑄬𑄢𑄬 𑄖 𑄃𑄪𑄘𑄧𑄚𑄧𑄖𑄴 𑄇𑄧𑄙 𑄇𑄧𑄝𑄇𑄴 ।",Present
তাদের কথা শুনে দুই গ্রামের লোক কথা বলতেছে,𑄖𑄢 𑄇𑄧𑄙 𑄥𑄪𑄚𑄨 𑄃𑄳𑄦 𑄘𑄨𑄎𑄧𑄚𑄴 𑄃𑄘𑄟𑄳𑄠𑄬 𑄇𑄧𑄙 𑄇𑄧𑄚 𑄛𑄉𑄧𑄖𑄴 𑄥𑄧𑄟𑄬𑄝𑄉𑄴,Present
অনেক ধন: পার বািটা বোই করে কোথা যাচ্ছে,𑄃𑄧𑄟𑄧𑄟𑄧𑄢𑄧𑄢𑄴 𑄙𑄧𑄚𑄧𑄚𑄴:𑄴: 𑄛𑄧𑄢𑄚𑄨 𑄝𑄝𑄴 𑄞𑄬𑄭 𑄃𑄬𑄘𑄧𑄇𑄴 𑄈𑄨𑄎𑄬𑄈𑄨𑄎𑄳𑄠𑄬 𑄉𑄧𑄢𑄨 𑄇𑄪𑄘𑄪 𑄡𑄧𑄢𑄴 ?,Present
কী এত ঝগা করছে ও,𑄇𑄨 𑄃𑄬𑄘𑄧𑄇𑄴 𑄈𑄨𑄎𑄬𑄈𑄨𑄎𑄳𑄠𑄬 𑄤𑄧 ?,Present
পরকীা বাবা: তুমি বািতে আছো?,𑄛𑄧𑄢𑄧𑄢𑄚𑄨 𑄝𑄛𑄴:𑄴: 𑄖𑄪𑄃𑄨 𑄊𑄧𑄢𑄧𑄖𑄴 𑄃𑄉𑄧𑄌𑄴𑄌𑄬𑄚𑄬 ?,Present
তুমি বলতে পারতেছো না বলে লাফ দিে ১৭ তারিখে চলে যাও,𑄖𑄪𑄃𑄨 𑄇𑄮𑄭 𑄚𑄧 𑄛𑄢𑄧𑄎𑄴 𑄃𑄬𑄎𑄬𑄖𑄴𑄬 𑄜𑄉𑄧𑄚𑄴 𑄟𑄎𑄧 𑄷𑄽 𑄖𑄢𑄨𑄈𑄴 𑄢𑄎𑄴,Present
".পুেছে,কাকা কাটার বািতে যাচ্ছি","𑄛𑄪𑄚𑄳𑄠𑄬𑄦, 𑄇𑄇𑄴𑄇 𑄇𑄢𑄴𑄝𑄎𑄳𑄠 𑄊𑄧𑄢𑄧𑄖𑄴 𑄡𑄋𑄧𑄢𑄴 ।",Present
এত ব ধন: এত বেশি,𑄃𑄧𑄟𑄧𑄟𑄧𑄢𑄧𑄢𑄴 𑄙𑄧𑄚𑄧𑄚𑄴:𑄴: 𑄃𑄳𑄦 𑄥𑄬𑄖𑄴𑄳𑄠𑄬𑄭 ।,Present
গত বছর পর্যাে পাহাের পর আমার মা আমাকে কুিেছে,𑄉𑄬𑄣𑄴𑄬 𑄛𑄧𑄢𑄴𑄥𑄪 𑄇𑄢𑄴𑄝𑄎𑄳𑄠 𑄚𑄚𑄪 𑄟𑄧𑄢𑄬 𑄇𑄪𑄠𑄬 ।,Present
"রাজপুা আসতেছে, গ্রামের মানুষ","𑄢𑄎𑄴 𑄛𑄪𑄚𑄳𑄠𑄬𑄦𑄴 𑄃𑄬𑄎𑄬𑄢𑄴 , 𑄃𑄘𑄟𑄳𑄠𑄃𑄪𑄚𑄴",Present
মিলেমিশে থাকতে হবে,𑄟𑄨𑄣𑄨𑄚𑄬𑄭 𑄖𑄬𑄟𑄴𑄟𑄋𑄧𑄖𑄴 𑄝𑄧𑄎 𑄛𑄧𑄢𑄨𑄝𑄧।,Future
পরকীার বাঁশ: ভালো হবে,𑄛𑄧𑄢𑄧𑄢𑄚𑄨 𑄝𑄝𑄴:𑄴: 𑄉𑄧𑄟𑄴 𑄦𑄧𑄝𑄧𑄘𑄧 ।,Future
.এলিমা আর শতানের সাথে কার্বাজার বািতে যাওা,𑄥𑄣𑄬 𑄃𑄧𑄣𑄨𑄟 𑄃𑄳𑄦 𑄥𑄧𑄖𑄳𑄠𑄧𑄎𑄨𑄘𑄧𑄢𑄬 𑄣𑄧𑄚𑄬𑄭 𑄇𑄢𑄴𑄝𑄎𑄳𑄠 𑄊𑄧𑄢𑄧𑄖𑄴 𑄡𑄋𑄴 ।,Present
.ওই সম কোথা গেল?,𑄤𑄧𑄦𑄴 𑄥𑄧𑄖𑄳𑄠𑄧 𑄎𑄨𑄘𑄴 𑄇𑄪𑄘𑄪 𑄉𑄬𑄣 ?,Past
যে কার্বাজা বািতে,𑄡𑄬𑄭 𑄇𑄢𑄴𑄝𑄎𑄳𑄠 𑄊𑄧𑄢𑄧𑄖𑄴 ।,Present
.ন্যাকামো করার সম এক মহিলা আর একজন পুরুষের এই কথাটা শোনা যাবে।,(𑄚𑄎𑄧 𑄈𑄧𑄣𑄘𑄴 𑄃𑄬𑄇𑄴𑄎𑄧𑄚𑄴 𑄟𑄨𑄣 𑄃 𑄃𑄬𑄇𑄴𑄎𑄧𑄚𑄴 𑄟𑄧𑄢𑄧𑄘𑄧𑄢𑄴 𑄃𑄨𑄀 𑄃𑄨𑄀 𑄢𑄧 𑄥𑄪𑄚 𑄡𑄬𑄝𑄧 ।,Future
এক জাতী নাচ করতেছে,𑄃𑄬𑄋𑄬𑄢𑄨 𑄖𑄢 𑄚𑄎𑄧 𑄈𑄧𑄣𑄖𑄴𑄪𑄚𑄴,Present
পালা ২,𑄛𑄣-𑄸,Present
বেতের বািে বুো খাতা,(𑄇𑄢𑄴𑄝𑄎𑄳𑄠 𑄊𑄧𑄢𑄧𑄖𑄴 𑄝𑄪𑄎𑄧𑄚𑄨 𑄈𑄧𑄣 ।,Present
"ভোরের আলো ফোটার সম বই পার জাগা বই পেছে, কাগজ নাাচা করছে","𑄛𑄧𑄦𑄴𑄢𑄴 𑄌𑄚𑄴 𑄇𑄢𑄴𑄝𑄢𑄨 𑄌𑄬𑄠𑄢𑄧𑄖𑄴 𑄝𑄮𑄭 𑄛𑄪𑄢𑄧𑄚𑄴 𑄜𑄃𑄨𑄣𑄴 , 𑄇𑄉𑄧𑄎𑄴 𑄣𑄢𑄌𑄢",Present
গরিব,𑄉𑄧𑄢𑄨𑄝𑄧 ।,Present
এক জাতী বুনো ফল যা সবজি হিসেবে ব্যবহৃত হ,𑄑𑄧𑄚𑄧𑄇𑄳𑄠 𑄇𑄢𑄴𑄝𑄎𑄳𑄠𑄢𑄴 𑄃𑄘𑄣𑄨 ।,Present
সে কত ব জন মানুষ বুজিে আসবে,𑄦𑄬𑄚𑄴 𑄃𑄧𑄇𑄴𑄖𑄧𑄘𑄴 𑄌𑄬𑄢𑄴 𑄎𑄧𑄚𑄴 𑄟𑄚𑄳𑄠𑄬 𑄝𑄪𑄎𑄧𑄚𑄨 𑄈𑄧𑄣𑄖𑄴 𑄃𑄬𑄝𑄇𑄴 ),Future
অললিমিমা: কারবে নানু ব ব কে জানে?,𑄃𑄧𑄣𑄧𑄣𑄨𑄟𑄨𑄟: 𑄇𑄢𑄴𑄝𑄎𑄳𑄠𑄬 𑄚𑄚𑄪 𑄎𑄫 𑄎𑄫 𑄇𑄬𑄎𑄚𑄴 𑄃𑄉𑄧𑄥𑄴 ?,Present
"রাজপুে পতে নাকি কথা চালা, সেজন্য","𑄢𑄎𑄴𑄛𑄪𑄚𑄳𑄠𑄬𑄦𑄴 𑄛𑄧𑄃𑄨𑄘𑄚𑄬 𑄚𑄇𑄨 𑄇𑄧𑄙 𑄌𑄣𑄌𑄣𑄨 𑄦𑄧𑄢𑄴, 𑄥𑄬𑄖𑄴𑄬",Present
কার্পা: টনক,𑄇𑄢𑄴𑄝𑄴𑄝𑄎𑄳𑄠𑄬 : 𑄑𑄧𑄚𑄧𑄇𑄳𑄠 !,Present
মাদুরটি বিছিে দেওা,𑄛𑄘𑄨 𑄝𑄨𑄎𑄬𑄃𑄨 𑄘𑄬।,Present
তুমি আসলেই অনেক ভালো করো,𑄖𑄪𑄟𑄨 𑄃𑄬𑄚𑄬𑄭 𑄡𑄧𑄘𑄧𑄝𑄧𑄘𑄬 𑄉𑄧𑄟𑄴 𑄉𑄧𑄥𑄴𑄥𑄮 ।,Present
তোমাদেরকে,𑄖𑄧𑄟𑄢𑄬,Present
এত ব দুশ্চিন্তা করতেছি,𑄃𑄬𑄘𑄧𑄇𑄴𑄈𑄧𑄚𑄴 𑄟𑄧𑄚𑄧𑄖𑄴 𑄖𑄪𑄣𑄧𑄋𑄧𑄖𑄴𑄖𑄬।,Present
এত পাতের মধ্যে ব ধন,𑄃𑄬𑄎𑄧 𑄛𑄘𑄨𑄝𑄧𑄖𑄴 𑄝𑄧𑄎𑄧𑄉𑄨 𑄙𑄧𑄚𑄴 ।,Present
অললিমিমা: আমার কি কোনো কাজ আছে?,𑄃𑄧𑄣𑄧𑄣𑄨𑄟𑄨𑄟: 𑄃𑄟𑄢𑄴 𑄇𑄨 𑄇𑄧𑄚𑄧 𑄇𑄟𑄴 𑄃𑄊𑄬 𑄇𑄢𑄴𑄝𑄎𑄳𑄠 𑄚𑄚𑄪 ?,Present
কি কি কাজ শেষ করলে ভালো হবে?,𑄇𑄨 𑄇𑄨 𑄇𑄟𑄴𑄉𑄧𑄢 𑄛𑄪𑄢𑄨𑄝𑄧 𑄈𑄪𑄣𑄨 𑄇𑄧𑄣𑄬 𑄉𑄧𑄟𑄴 𑄦𑄧𑄝𑄧 ?,Future
সত্য জিতে গেছে: তাই!,𑄥𑄧𑄖𑄧𑄖𑄳𑄠𑄧 𑄎𑄨𑄖𑄨𑄖𑄴:𑄴: 𑄃𑄨𑄀 !,Present
"হ্যাঁ, জ্বি",𑄃𑄨𑄀 !,Present
যখন তখন ভালো হবে,𑄡𑄧𑄘𑄧𑄝𑄧𑄘𑄬 𑄉𑄧𑄟𑄴 𑄦𑄧𑄝𑄧 ।,Future
এত ব ব জিনিস: এটা,𑄃𑄧𑄟𑄧𑄟𑄧𑄢𑄧𑄢𑄴𑄙𑄴𑄙𑄧𑄚𑄧𑄚𑄴:𑄴: 𑄃𑄨𑄀!,Present
হা ভালো হবে,𑄦𑄧𑄠𑄴𑄘𑄧 𑄉𑄧𑄟𑄴 𑄦𑄧𑄝𑄧 ।,Future
রাতে কি কি করতে হবে একটা বুঝে বললে ভালো হবে,𑄢𑄌𑄴𑄛𑄪𑄚𑄴𑄬𑄖𑄴 𑄇𑄨 𑄇𑄨 𑄉𑄧𑄢 𑄛𑄧𑄢𑄨𑄝𑄧 𑄃𑄬𑄇𑄴𑄈𑄚 𑄝𑄪𑄏𑄬𑄃𑄨 𑄇𑄧𑄣𑄬 𑄉𑄧𑄟𑄴 𑄦𑄧𑄝𑄧 ।,Future
ভোরের আলো হওার সম:হ্যাঁ,𑄛𑄳𑄦𑄧𑄢𑄴 𑄌𑄚𑄴 𑄇𑄢𑄴𑄝𑄴𑄝𑄢𑄨:𑄨: 𑄦𑄧𑄠𑄴 !,Present
"হ্যাঁ, জ্বি",𑄦𑄧𑄠𑄴 !,Present
পাহাের পাশের গ্রামগুলো থেকে ভুিটা তুলে নিব,𑄦𑄬𑄓𑄴𑄟𑄬𑄚𑄳𑄠𑄬𑄘𑄉𑄨 𑄃𑄘𑄟𑄳𑄠𑄬𑄃𑄪𑄚𑄧𑄖𑄴𑄪𑄚𑄴 𑄞𑄪𑄃𑄨 𑄃 𑄟𑄪𑄢𑄧 𑄈𑄎𑄚 𑄖𑄪𑄣𑄨𑄝𑄇𑄴 ।,Future
bdmean,𑄃𑄬,Present
কাজে কর্মে সাহায্য করলো সে,𑄇𑄟𑄧𑄖𑄴 𑄇𑄢𑄴𑄝𑄢𑄨𑄃𑄪𑄚𑄬 𑄃𑄬𑄎𑄣𑄴 𑄘𑄨𑄝𑄇𑄴 ।,Past
.পুরাতন মেেরা আর নতুন ছেলেরা মিলে রাজাকে খাওানো,𑄛𑄪𑄢𑄴 𑄟𑄧𑄎𑄨𑄟𑄴 𑄦𑄬𑄓𑄴𑄟𑄬𑄚𑄪𑄚𑄬 𑄃𑄪𑄌𑄴𑄌𑄧-𑄛𑄪𑄥𑄴𑄥𑄱𑄠𑄴 𑄢𑄎𑄢𑄬 𑄈𑄎𑄚,Present
গজে দোর সম হলো রাজপুা,𑄉𑄧𑄎𑄬𑄃𑄨 𑄘𑄬𑄚 𑄃𑄧𑄚𑄪𑄥𑄴𑄖𑄚𑄴 𑄦𑄧𑄣𑄧𑄘𑄬 𑄢𑄎𑄴𑄛𑄪𑄚𑄳𑄠𑄬 ।,Present
এই অধম রাজাকে মাচাে ভ দে,𑄃𑄬 𑄃𑄧𑄇𑄴𑄖𑄧𑄘𑄴 𑄢𑄎𑄢𑄬 𑄟𑄚𑄴𑄎𑄳𑄠𑄬 𑄚𑄚𑄝𑄝𑄧𑄖𑄳𑄠 𑄞𑄬𑄘𑄴 𑄘𑄨𑄝𑄇𑄴 ।,Present
অললিমিমা: এখন কাজ ভাগ করলে কেমন হ,𑄃𑄧𑄣𑄧𑄣𑄨𑄟𑄨𑄟: 𑄃𑄨𑄇𑄴𑄈𑄨𑄚𑄬 𑄇𑄟𑄚𑄨 𑄞𑄉𑄴 𑄉𑄧𑄢𑄴𑄣𑄬 𑄇𑄬𑄎𑄚𑄴 𑄦𑄧𑄠𑄴 ?,Present
রাতের আলো আঁধারি: রাজপোাগুলো আসতেছে,𑄛𑄳𑄦𑄧𑄢𑄳𑄦𑄧𑄢𑄴 𑄌𑄚𑄴 𑄇𑄢𑄴𑄝𑄴𑄝𑄢𑄨 : 𑄢𑄎𑄴𑄛𑄪𑄚𑄳𑄠𑄬𑄦𑄴 𑄃𑄬𑄎𑄧𑄋𑄴 𑄃𑄬𑄎𑄧𑄋𑄴 !,Present
এত ব কদিন বেঁচে থাকবে,𑄃𑄬𑄎𑄬𑄖𑄳𑄠𑄬 𑄇𑄧𑄠𑄬𑄇𑄴 𑄘𑄨𑄚𑄧 𑄞𑄨𑄘𑄨𑄢𑄬 𑄦𑄬𑄓𑄴𑄟𑄬𑄚𑄪𑄚𑄬,Future
.খাওা তোলা,𑄈𑄎𑄚 𑄖𑄪𑄣𑄨𑄝𑄇𑄴 ।,Present
এগুলো সবাইকে গোসল করতে দাও,𑄃𑄨𑄠𑄚𑄴 𑄝𑄬𑄇𑄴𑄇𑄪𑄚𑄧𑄢𑄬 𑄥𑄟𑄎𑄢𑄴 𑄘𑄮𑄉𑄧𑄃𑄨 ।,Present
সে দিনে আমরা ঢুলে ঢুলি,𑄥𑄬 𑄘𑄨𑄚𑄳𑄠𑄬 𑄃𑄟𑄨 𑄔𑄪𑄣𑄴 𑄝𑄎𑄴𑄬 𑄝𑄎𑄴𑄬𑄃𑄨 𑄏𑄉𑄬 𑄏𑄉𑄴,Present
রাজপুে যাবে,𑄢𑄎𑄴𑄛𑄪𑄚𑄳𑄠𑄬𑄖𑄴 𑄡𑄬𑄝𑄧𑄋𑄴 ।,Future
ইচ্ছা এখানে শেষ হলো,𑄃𑄨𑄌𑄴𑄍 𑄃𑄨𑄠𑄧𑄖𑄴 𑄗𑄪𑄟𑄴 𑄦𑄧𑄣𑄧 ।,Past
পালা-৩,𑄛𑄣-𑄹,Present
রাজবাির খুটি,(𑄢𑄎𑄴𑄊𑄧𑄢𑄧 𑄈𑄧𑄣 ।,Present
সব গুছানো,𑄝𑄬𑄇𑄴 𑄥𑄎𑄧𑄋𑄴 𑄥𑄎𑄧𑄋𑄴 ।,Present
রাজা সেখানে বসে আছেন,𑄢𑄎 𑄥𑄨𑄋𑄴𑄦𑄥𑄧𑄚𑄧𑄖𑄴 𑄝𑄧𑄎𑄨𑄚𑄬𑄃𑄨 𑄃𑄉𑄬 ।,Present
একজন একজন করে,𑄃𑄬𑄇𑄴𑄎𑄧𑄚𑄴 𑄃𑄬𑄇𑄴𑄎𑄧𑄚𑄴 𑄉𑄧𑄢𑄨 𑄸,Present
মানুষরা সবুজ মাঠে বসে আছে,𑄎𑄧𑄚𑄴 𑄦𑄬𑄓𑄴𑄟𑄬𑄚𑄴 𑄢𑄧𑄋𑄴𑄉𑄧𑄈𑄧𑄣 𑄌𑄬𑄠𑄢𑄧𑄖𑄴 𑄝𑄧𑄏𑄨𑄝𑄇 ।,Present
তার মেয়েকে ২ জন রঙ্গশালায় আনবে,𑄖 𑄏𑄬𑄢𑄬 𑄸 𑄎𑄧𑄚𑄴 𑄢𑄧𑄋𑄴𑄉𑄧𑄈𑄧𑄣𑄖𑄴 𑄃𑄬𑄝𑄇𑄴 ।,Future
এক জনে,𑄃𑄬𑄇𑄴 𑄎𑄧𑄚𑄬,Present
রাজারে ফুলের মালা পে দিবে,𑄢𑄎𑄢𑄬 𑄜𑄪𑄣𑄴 𑄍𑄧𑄢 𑄛𑄨𑄚𑄬𑄭 𑄘𑄨𑄝𑄧)।,Future
রাজা: তোমরা কোথা গেল?,𑄢𑄎: 𑄇𑄧𑄃𑄨 𑄖𑄪𑄟𑄨 𑄇𑄪𑄘𑄪 𑄉𑄬𑄣 ?,Past
.আসার সম লাফিে লাফিে কেন যাচ্ছ?,𑄃𑄧𑄚𑄪𑄥𑄴𑄖𑄚𑄴 𑄜𑄋𑄴 𑄣𑄧𑄝𑄢𑄴 𑄃𑄧𑄇𑄴𑄖𑄧 𑄃𑄪𑄠𑄴𑄠𑄬 ?,Present
এক জন রাজ বাির কাজ হুক্কা দিেপুে গরিব হেছে-,(𑄃𑄬𑄇𑄴 𑄎𑄧𑄚𑄴 𑄢𑄎𑄴 𑄊𑄧𑄢𑄧 𑄇𑄟𑄴𑄟𑄮 𑄘𑄝 𑄃𑄬𑄚𑄬𑄃𑄨 𑄛𑄪𑄎𑄧𑄢𑄴 𑄉𑄧𑄢𑄨𑄝𑄧--------),Present
বেতের ঝুি,𑄇𑄧𑄬𑄧𑄢𑄬𑄚𑄴:𑄴: 𑄇𑄧𑄖𑄴𑄖 !,Present
আমাকে ডাক্তার দাও?,𑄟𑄧𑄢𑄬 𑄓𑄉𑄧𑄢𑄴 𑄚𑄦𑄨 ?,Present
রাজা: চোরগুলো ভো করো,𑄢𑄎: 𑄌𑄬𑄠𑄢𑄚𑄨 𑄞𑄬𑄃𑄨𑄣𑄴 𑄉𑄧𑄢𑄴 ।,Present
এক জাতী অতিথি পাখি,𑄃𑄨𑄇𑄴𑄈𑄪𑄚𑄪 𑄉𑄧𑄢𑄴𑄝 𑄃𑄬𑄝𑄇𑄴 ।,Present
.সে মাটিতে দুই জন মাথা রেখে চে আছে।,(𑄦𑄬𑄚𑄴 𑄃𑄧𑄇𑄴𑄖𑄧𑄖𑄴 𑄘𑄨 𑄎𑄧𑄚𑄴 𑄦𑄬𑄓𑄴𑄟𑄬𑄚𑄴 𑄢𑄧𑄋𑄴𑄉𑄧𑄈𑄧𑄣𑄖𑄴 𑄃𑄬𑄚𑄬𑄃𑄨 𑄌𑄬𑄠𑄢𑄧𑄖𑄴 𑄝𑄧𑄝𑄇𑄴),Present
"রণাঙ্গনটা হচ্ছে পোবিে দেখার মতো,যেটা জুজু বাবু",𑄢𑄧𑄚𑄧𑄚𑄴𑄎𑄴𑄎𑄧𑄚𑄧𑄚𑄴 𑄃: 𑄛𑄮𑄝𑄨𑄚𑄴 𑄌𑄚𑄴 : 𑄎𑄫 𑄎𑄪 𑄇𑄧𑄖𑄴𑄖 𑄝𑄝𑄪 ।,Present
এক জাতী বানর,𑄎𑄫 𑄎𑄪 𑄇𑄧𑄖𑄴𑄖 𑄝𑄝𑄪 ।,Present
.পজ্জোন তো পাহাে পাহাে রাজার খাগা বানাবে,(𑄛𑄧𑄖𑄴𑄗𑄧𑄟𑄴 𑄃 𑄘𑄨𑄖𑄨𑄠𑄧 𑄦𑄬𑄓𑄴𑄟𑄬𑄚𑄪𑄚𑄬 𑄖 𑄏𑄬𑄢𑄬𑄖𑄬 𑄦𑄘𑄪 𑄞𑄋𑄨 𑄝𑄧𑄏𑄨 𑄢𑄎𑄢𑄬 𑄈𑄎𑄚 𑄉𑄧𑄎𑄬𑄝𑄇𑄴 ।,Future
রাজা,𑄢𑄎,Present
দুইজনকে চূা বসাও,𑄘𑄨𑄎𑄧𑄚𑄧𑄢𑄬 𑄌𑄬𑄠𑄢𑄧𑄖𑄴 𑄝𑄧𑄝𑄢𑄴𑄖𑄬 𑄇𑄧𑄝𑄧 ),Present
রাজা: ইনি রাজপোা,𑄢𑄎: 𑄃𑄨𑄥𑄴𑄳𑄠𑄬 𑄢𑄌𑄴𑄛𑄪𑄚𑄳𑄠𑄬𑄦𑄴 ।,Present
এগুলো শুধু তেমাং না,𑄃𑄨𑄠𑄚𑄴 𑄝𑄚 𑄖𑄬𑄟𑄴𑄟𑄁 𑄚𑄧𑄠𑄴 ।,Present
এগুলো তোমাদের সবার জন্য আশীর্বাদ,𑄃𑄨𑄠𑄚𑄴 𑄖𑄧𑄟𑄢𑄴 𑄟𑄧𑄢𑄴 𑄃 𑄝𑄬𑄇𑄴𑄈𑄨𑄚𑄧𑄢𑄴 𑄥𑄳𑄢𑄧𑄘𑄴𑄙,Present
এক জাতী কাজ,𑄘𑄬𑄊𑄚 𑄇𑄟𑄴 ।,Present
তাকে কাপ পাওা দাওা আছে,𑄖𑄢𑄬 𑄖𑄬 𑄇𑄮𑄌𑄴 𑄛𑄚𑄚𑄨 𑄘𑄬𑄚 𑄃 𑄣𑄧𑄚 ।,Present
একজন অন্যজনকে বিাল বলে,𑄃𑄬𑄇𑄴𑄎𑄧𑄚𑄴 𑄃 𑄃𑄬𑄇𑄴𑄎𑄧𑄚𑄧𑄢𑄬 𑄞𑄬𑄠𑄬𑄣𑄨 𑄞𑄝𑄴 ।,Present
"সেটি, সেটি",𑄥𑄨𑄠𑄚𑄴,Present
আমাদের জাগা ছেলে-মেয়েরা বুঝতে পারবে,𑄃𑄟 𑄏𑄬𑄢𑄴𑄝𑄱 𑄛𑄱-𑄏𑄨𑄃𑄪𑄚𑄬 𑄝𑄪𑄏𑄨 𑄛𑄢𑄨𑄝𑄇𑄴 ।,Future
একজন অন্যজনকে চাচাা করে,𑄃𑄬𑄇𑄴𑄎𑄧𑄚𑄬 𑄃𑄢𑄧 𑄃𑄬𑄇𑄴𑄎𑄧𑄚𑄧𑄢𑄬 𑄇𑄮𑄌𑄴 𑄛𑄛𑄨 𑄉𑄧𑄢𑄨𑄝𑄇𑄴 ।,Present
সারাদিন রাত করে কেটে যাবে,𑄘𑄨𑄚𑄪𑄚𑄴 𑄦𑄬𑄚𑄴 𑄉𑄧𑄢𑄨 𑄝𑄨𑄘𑄨 𑄡𑄬𑄝𑄇𑄴 ।,Future
তোমাদের সবাইকে দৌাদৌি করতেছি,𑄖𑄧𑄟 𑄝𑄬𑄇𑄴𑄇𑄪𑄚𑄧𑄢𑄬 𑄛𑄖𑄴𑄗𑄪𑄢𑄪𑄖𑄪𑄢𑄪 𑄉𑄧𑄢𑄧𑄋𑄧𑄢𑄴 ।,Present
যখন তুমি মন পা বন্ধ করো,𑄡𑄧 𑄖𑄪𑄟𑄨 𑄟𑄧𑄚𑄴-𑄛𑄧𑄢𑄚𑄴 𑄈𑄪𑄣𑄨,Present
যে ডালটা দািে আছে,𑄡𑄬𑄃𑄨 𑄦𑄬𑄓𑄴𑄟𑄬𑄚𑄳𑄠 𑄘𑄊𑄨 ।,Present
একটু একটু করে,𑄃𑄬𑄇𑄴𑄇𑄚 𑄎𑄨𑄢𑄬𑄃𑄨),Present
হক উতুত করে টোকা দিে,𑄦𑄧𑄇𑄴 𑄃𑄪𑄖𑄪𑄖𑄴𑄖𑄴𑄖𑄧𑄢𑄧𑄢𑄧𑄢𑄧𑄢𑄴 𑄑𑄨𑄇𑄨𑄇𑄴 ( )𑄟𑄎𑄢 𑄘𑄨𑄃𑄨𑄃𑄨 ।,Present
"১,১",𑄷 ।,Present
রাজপুে কি?,𑄢𑄎𑄴𑄛𑄪𑄚𑄳𑄠𑄬𑄦𑄴 𑄇𑄨 ?,Present
১. কাঁটা ২. কাঁটা,𑄇 ।,Present
রাজঘর খাওা,𑄢𑄎𑄴𑄊𑄧𑄢𑄴 𑄈 ।,Present
"জাগা, ক্ষেত্র",𑄎𑄉𑄢𑄴 𑄚𑄋𑄴,Present
bdmean,𑄉 ।,Present
রাজা এখানে খাসি দো দিচ্ছে,𑄢𑄎 𑄃𑄨𑄘𑄪 𑄈𑄎𑄚 𑄘𑄨𑄝𑄢𑄴 𑄖𑄬𑄟𑄴𑄟𑄋𑄴 𑄊 ।,Present
গ্রামের পাা তেমারা,𑄃𑄘𑄟𑄳𑄠 𑄛𑄢𑄣𑄳𑄠 𑄖𑄬𑄟𑄴𑄟𑄋𑄴,Present
"১, ২",𑄸 ।,Present
রাজপুিটা কোথা হ,𑄢𑄎𑄴𑄛𑄪𑄚𑄳𑄠𑄬𑄦𑄴 𑄇𑄪𑄘𑄪 𑄦𑄧𑄠𑄬 ?,Present
bdmean,𑄇।,Present
রাজবািতে খাওা,𑄢𑄎𑄴 𑄊𑄧𑄢𑄧𑄖𑄴 𑄈।,Present
তরকারির বািতে,𑄇𑄢𑄴𑄝𑄢𑄨 𑄊𑄧𑄢𑄧𑄖𑄴,Present
bdmean,𑄉।,Present
ভোরের আলো,𑄛𑄧𑄦𑄴𑄢𑄴 𑄌𑄚𑄴 𑄊।,Present
.অলিমা বািতে,𑄃𑄧𑄣𑄨𑄟 𑄊𑄧𑄢𑄧𑄖𑄴,Present
"৩,৩",𑄹 ।,Present
"১. কাজ, কাজ ২. কাজ",𑄇𑄧𑄢𑄬𑄚𑄴,Present
পিে যাওার গর্ত,𑄛𑄧𑄢𑄚𑄨 𑄝𑄝𑄴 𑄊 ।,Present
"এইটা শুধু কেমার না,এইটা হলো পাথর কাটার কাজ কে জানে","𑄃𑄨𑄠𑄚𑄴 𑄝𑄚 𑄇𑄬𑄟𑄴𑄟𑄋𑄴 𑄚𑄧𑄠𑄴, 𑄃𑄨𑄠𑄚𑄴 𑄦𑄧𑄣𑄧𑄘𑄬 𑄥𑄳𑄢𑄘𑄴𑄙 𑄣𑄬𑄊𑄚 𑄇𑄟 𑄃𑄬 𑄇𑄧𑄙𑄚𑄴 𑄇𑄧𑄚𑄴𑄚 𑄇𑄧𑄠𑄧𑄠𑄬 ?",Present
"এক জাতী বুনো ফল, যা সবজি হিসেবে ব্যবহৃত হ",𑄢𑄎 𑄈।,Present
ভোরের আলো,𑄛𑄧𑄦𑄴𑄢𑄴 𑄌𑄚𑄴,Present
১. এক জাতী ঘাস ২. এক জাতী ঘাস,𑄇𑄧𑄢𑄬𑄚𑄴 𑄊।,Present
এক জাতী বুনো ফল যা সবজি হিসেবে ব্যবহৃত হ,𑄇𑄢𑄴𑄝𑄢𑄨,Present
আমার কি কি কাজ আছে-এই কাজটা কে করে?,𑄃𑄟𑄢𑄴 𑄇𑄨 𑄇𑄨 𑄇𑄟𑄴 𑄃𑄉𑄬 - 𑄃𑄬 𑄇𑄧𑄙𑄚𑄴 𑄇𑄧𑄚𑄴𑄚 𑄇𑄧𑄠𑄴𑄠𑄬 ?,Present
.পঁচা খাওা,𑄛𑄧𑄦𑄴𑄢𑄴𑄌𑄚𑄴 𑄈।,Present
"পরান, প্রাণ",𑄛𑄧𑄢𑄚𑄨𑄟,Present
ন্যাকা,𑄚𑄧𑄚𑄝𑄨,Present
পোকামাকরা আমার জন্য কী আছে?,𑄛𑄪𑄎𑄪𑄎𑄧𑄢𑄧𑄢𑄚𑄨 𑄟𑄪𑄬𑄪𑄠𑄬 𑄟𑄪𑄬𑄪𑄠𑄬 𑄇𑄧𑄠𑄧𑄠𑄴 𑄃 𑄣𑄨𑄊𑄨𑄊𑄨 ?,Present
.কাঁকার পাছাটা কে?,𑄇)𑄢𑄎𑄴 𑄛𑄪𑄚𑄳𑄠𑄦𑄴 𑄇 𑄨 ?,Present
খোলগুলো কোথা হ,𑄈)𑄢𑄎𑄴𑄛𑄪𑄚𑄳𑄠𑄬 𑄇𑄪𑄘𑄪 𑄦𑄧𑄠𑄴 ?,Present
গাছের পাতা গুলো আলাদা আলাদা করে কোথা যায়?,𑄉)𑄛𑄧𑄢𑄚𑄨 𑄝𑄝𑄬 𑄈𑄨𑄎𑄬𑄈𑄨𑄎𑄳𑄠𑄬 𑄉𑄧𑄢𑄨 𑄇𑄪𑄘𑄪 𑄡𑄢𑄴 ?,Present
ঘা দিে কি করে কাটা ভাগ করলো,𑄊)𑄇𑄢𑄴𑄝𑄎𑄳𑄠𑄬 𑄇𑄨 𑄉𑄧𑄢𑄨 𑄇𑄟𑄚𑄨 𑄞𑄉𑄴 𑄉𑄧𑄢𑄨𑄣𑄧 ?,Past
নাচাকারী দিনে কি কলা খায়?,𑄋)𑄢𑄌𑄴𑄛𑄪𑄚𑄳𑄠𑄬𑄦𑄴 𑄘𑄨𑄚𑄧𑄖𑄴 𑄢𑄎 𑄇𑄨 𑄇𑄧𑄣 ?,Present
এক জাতী চামা,𑄃𑄢𑄴𑄡𑄧 𑄟𑄨𑄖𑄴𑄳𑄢𑄧 𑄌𑄋𑄴𑄟,Present
ছিঁার মতো তার পানিটা সুন্দর,𑄍𑄨𑄉𑄮𑄚𑄴 𑄍𑄧𑄢 𑄚𑄋𑄴 𑄖𑄢𑄴 𑄛𑄚𑄨𑄠𑄚𑄴 𑄦𑄧𑄣𑄧 𑄛𑄳𑄦𑄧𑄚𑄴,Present
এত ব ব করে যাওা পানি কম,𑄃𑄬𑄋𑄧𑄢𑄴 𑄝𑄬𑄋𑄧𑄢𑄴 𑄝𑄬𑄃𑄨 𑄡𑄠𑄴 𑄛𑄚𑄨 𑄚𑄧𑄠𑄴 𑄇𑄧𑄟𑄴 ।,Present
.অতিরিক্ত আাআি তার পারে,"𑄗𑄧𑄢𑄬 𑄗𑄧𑄢𑄬 𑄃𑄢𑄌𑄇𑄴 𑄃𑄧𑄎𑄧𑄣𑄴 𑄖𑄢𑄴 𑄛𑄢𑄴,",Present
শীতকালে মরা মরা নদী ভ লাগে,𑄎𑄢𑄴 𑄇𑄣𑄳𑄠𑄬 𑄟𑄧𑄢 𑄟𑄧𑄢 𑄝𑄢𑄨𑄎𑄬𑄖𑄴 𑄝𑄧𑄏𑄬 𑄙𑄢𑄴 ।,Present
.পঁচা পানিতে একটা মাছ বছে।,"𑄛𑄳𑄦𑄧𑄚𑄴 𑄛𑄚𑄨𑄖𑄴 𑄃𑄨𑄎𑄬 𑄟𑄌𑄴 𑄝𑄬𑄉𑄬𑄚 𑄃 𑄇𑄋𑄢,",Present
"কানিজাল ধরে মাছ,বুো মারে মাছ","𑄇𑄚𑄨𑄎𑄣𑄴 𑄌𑄉𑄨 𑄙𑄧𑄢𑄨 𑄟𑄌𑄴, 𑄝𑄪𑄢𑄴 𑄟𑄢𑄬 𑄟𑄢𑄋 ।",Present
"তারা বন্ধু,দুইটা শাক আছে লুকিে","𑄛𑄢𑄬 𑄛𑄢𑄬 𑄖𑄢 𑄝𑄧𑄚𑄴, 𑄘𑄨𑄋𑄨 𑄥𑄇𑄴 𑄃 𑄃𑄊𑄬 𑄣𑄪𑄘𑄨 𑄏𑄪𑄛𑄴,",Present
"এক জাতী গুল, সব গুলে গাছে ধরে","𑄎𑄧𑄉𑄧𑄚 𑄉𑄪𑄣𑄧, 𑄥𑄧𑄢𑄴𑄝𑄬𑄇𑄴 𑄉𑄪𑄣𑄧 𑄉𑄎𑄧𑄖𑄴 𑄙𑄧𑄢𑄧𑄚𑄴 𑄗𑄪𑄛𑄴 𑄗𑄪𑄛𑄴 ।",Present
ছিঁার মতো সুন্দর তার নাচ,"𑄍𑄨𑄉𑄮𑄚𑄴 𑄍𑄧𑄢 𑄛𑄧𑄦𑄴𑄚𑄴 𑄛𑄚𑄨 𑄘𑄮𑄣𑄴 𑄖 𑄚𑄋𑄴,",Present
মানুষরা বইে যা তোমাকে আমার ভালো লাগে,𑄎𑄧𑄚𑄧𑄟𑄴𑄞𑄧𑄢 𑄝𑄮𑄠𑄴 𑄡𑄬𑄃𑄨𑄌𑄴 𑄖𑄧𑄢𑄬 𑄟𑄪𑄃𑄨 𑄇𑄮𑄌𑄴 𑄛𑄋𑄴 ।,Present
.ছোট নদীর পানি কতটুকু?,𑄌𑄨𑄉𑄧𑄚𑄴 𑄍𑄧𑄢 𑄛𑄚𑄨𑄠𑄚𑄴 𑄇𑄨𑄇𑄴𑄈𑄳𑄠𑄚𑄴 ?,Present
লাল খাওা,𑄢𑄋 𑄈।,Present
"১. পাা, পাা ২. আলো, আলো, আলো",𑄛𑄧𑄚𑄴,Present
ফেনা ফেনা অবস্থা,𑄜𑄬𑄚 𑄜𑄬𑄚 𑄊।,Present
.পঁচা পানিতে কি কি আছে?,𑄛𑄧𑄚𑄴 𑄛𑄚𑄨𑄠𑄚𑄧𑄖𑄴 𑄇𑄨 𑄇𑄨 𑄃𑄊𑄧𑄚𑄴 ?,Present
"মাছ,ভে যাওা আর কাঁকা খাওা","𑄃𑄨𑄎𑄬,𑄟𑄌𑄴,𑄝𑄬𑄉𑄬𑄚 𑄃 𑄇𑄋𑄢 𑄈।",Present
বাল মাছ এক জাতী মাছ,𑄝𑄮𑄠𑄣𑄴 𑄟𑄌𑄴 𑄃 𑄇𑄖𑄣𑄴 𑄟𑄌𑄴,Present
এক জাতী মাছ,𑄛𑄪𑄖𑄨 𑄟𑄌𑄴 𑄃 𑄇𑄮𑄃𑄨 𑄟𑄌𑄴 𑄊।,Present
এক জাতী মাছ,𑄇𑄪𑄌𑄳𑄠 𑄟𑄌𑄴 𑄃 𑄥𑄨𑄉𑄨 𑄟𑄌𑄴,Present
"তারা ব,দুইটা শাক আছে লাজ আছে?","𑄖𑄢 𑄝𑄧𑄚𑄴, 𑄘𑄨𑄋𑄨 𑄥𑄇𑄴 𑄃 𑄃𑄊𑄬 𑄣𑄪𑄘𑄨 𑄏𑄪𑄛𑄴 𑄃𑄊𑄬 ?",Present
.পাে পাে খাও,𑄛𑄢𑄬 𑄛𑄢𑄬 𑄈।,Present
দৌে দৌে,𑄙𑄉𑄬 𑄙𑄉𑄬,Present
উপর্যুপরি ঘা,𑄃𑄪𑄉𑄪𑄢𑄬 𑄃𑄪𑄉𑄪𑄢𑄬 𑄊।,Present
"নিচের দিকে, নিম্নে",𑄖𑄧𑄣𑄬 𑄖𑄧𑄣𑄬,Present
গাছে ধরে ফোটা ফোটা,𑄉𑄎𑄧𑄖𑄴 𑄙𑄧𑄢𑄧𑄚𑄴 𑄗𑄪𑄛𑄴 𑄗𑄪𑄛 ?,Present
"গুঁতানো, গুঁতানো",𑄉𑄪𑄉𑄪𑄖𑄳𑄠 𑄈।,Present
এক জাতী বুনো ফল,𑄎𑄧𑄉𑄧𑄚 𑄉𑄪𑄣𑄧 𑄃 𑄥𑄧𑄢𑄴𑄝𑄬𑄇𑄴 𑄉𑄪𑄣𑄧,Present
এক জাতী বুনো লতা,𑄇𑄧𑄎𑄪𑄟𑄴 𑄉𑄪𑄣𑄧 𑄊।,Present
"এক জাতী বুনো ফল, যা সবজি হিসেবে ব্যবহৃত হ",𑄝𑄧𑄢 𑄉𑄪𑄣𑄧,Present
.আমি তোমাকে কত ভালোবাসি?,-------𑄝𑄮𑄠𑄴 𑄡𑄬𑄃𑄨𑄌𑄴 𑄖𑄧𑄢𑄬 𑄟𑄪𑄃𑄨 𑄇𑄮𑄌𑄴 𑄛𑄋𑄴 ?,Present
হুট করে খাও,𑄇𑄇𑄴𑄈𑄧𑄚𑄴 𑄉𑄧𑄢𑄨 𑄈।,Present
"বোই, বোই",𑄝𑄬𑄥𑄴𑄉𑄧𑄢𑄨,Present
পথ্য কালে ক্ষত,𑄛𑄧𑄦𑄧𑄖𑄳𑄠 𑄃𑄟𑄧𑄣𑄬 𑄊।,Present
"জনম, জনম",𑄎𑄧𑄚𑄧𑄟𑄚𑄴,Present
সারা বািটা পরিষ্কার করে,𑄥𑄢𑄊𑄧𑄢𑄧𑄢𑄴 𑄛𑄪𑄢𑄪𑄢𑄧𑄚𑄧𑄚𑄴 𑄉𑄧𑄢𑄧𑄢𑄨 ।,Present
তার পা,"𑄗𑄧𑄢𑄬 𑄗𑄧𑄢𑄬 ---------------------- 𑄖𑄢𑄴 𑄛𑄢𑄴,",Present
শীতে মরা মরা বারিে-,𑄎𑄢𑄴 𑄇𑄣𑄳𑄠𑄬 𑄟𑄧𑄢 𑄟𑄧𑄢 𑄝𑄢𑄨𑄎𑄬𑄖𑄴 --------------- ।,Present
.পজ্জোন-পজ্জো হওা এক কাঁকা,"𑄛𑄳𑄦𑄧𑄚𑄴 -----------------------𑄝𑄬𑄉𑄬𑄚 𑄃 𑄇𑄋𑄢,",Present
কাঁকার চামা - মাছরাঙা,𑄇𑄚𑄨𑄎𑄣𑄴 𑄌𑄉𑄨 ------------------------- 𑄟𑄢𑄋 ।,Present
ফোসকা পার মতো অবস্থা,𑄜𑄮𑄘𑄧 𑄌𑄬𑄃𑄨 𑄃 𑄇𑄧𑄃𑄨,Present
"১, ২",𑄷 𑄸,Present
১. ৩. ৩. ৩. ৩,𑄹 𑄺,Present
১. ৫. ৩. ৫. ৫,𑄻 𑄼,Present
১. ২. ৫. ৭,𑄽 𑄾,Present
"১. বিঝু, বিঝু ২. বিঝু, বিঝু",𑄝𑄨𑄎 𑄪,Present
আমার চামা,𑄃𑄚𑄧𑄚𑄴𑄘𑄧 𑄟𑄧𑄠𑄴 𑄌𑄋𑄴𑄟,Present
এত বেশি ভে ভে লক,𑄃𑄬𑄎𑄧 𑄃𑄬𑄎𑄧 𑄞𑄬𑄭 𑄣𑄧𑄇𑄴,Present
বিঝুর খাওা যা,𑄝𑄨𑄎𑄪𑄉𑄪𑄣𑄧 𑄈 𑄡𑄬𑄃𑄨 ।,Present
এত ব ব ছিদ্র,𑄃𑄬𑄎𑄧 𑄃𑄬𑄎𑄧 𑄝𑄮𑄚𑄴 𑄣𑄧𑄇𑄴,Present
বিঝুর গুল খাওা যা,𑄝𑄨𑄎𑄪 𑄉𑄪𑄣𑄧 𑄈 𑄡𑄬𑄃𑄨 ।,Present
কোমরের সুতা দিে দিে দিে,𑄣𑄪𑄢𑄧 𑄇𑄪𑄢𑄧 𑄥𑄪𑄉𑄧𑄢𑄴 𑄃𑄨𑄢𑄨 𑄘𑄨,Present
.খাওা দিে ঘুরে বো,𑄃𑄙𑄢𑄴 𑄘𑄨 𑄘𑄨 𑄝𑄬𑄢𑄬𑄝𑄧𑄋𑄴 ।,Present
আজকে দিনে মন খারাপ,𑄃𑄨𑄌𑄴𑄌𑄬 𑄘𑄨𑄚𑄧𑄖𑄴 𑄟𑄧𑄚𑄧𑄢𑄴 𑄘𑄪𑄉𑄴,Present
কাউকে দিে দিব না,𑄇𑄢𑄧𑄢𑄬 𑄚𑄧 𑄘𑄨𑄝𑄧𑄋𑄴 ।,Future
ঝাঁকিে ঘরে,𑄏𑄇𑄴𑄉𑄧𑄢𑄨 𑄊𑄧𑄢𑄬 𑄊𑄧𑄢𑄬,Present
পাজন পিঠা খেতে হবে,𑄛𑄎𑄧𑄚𑄴 𑄛𑄨𑄘𑄬 𑄈𑄬𑄝𑄧𑄋𑄴 ।,Future
ঘিলে-নাাচা-গুো,𑄊𑄨𑄣𑄬-𑄚𑄘𑄬𑄋𑄴-𑄛𑄧𑄖𑄴𑄨-𑄉𑄪𑄘𑄪,Present
নানা ধরনের খেলা হবে,𑄚𑄚 𑄝𑄝𑄧𑄖𑄳𑄠𑄬 𑄈𑄢 𑄦𑄧𑄝𑄧𑄋𑄴 ।,Future
বুো বুো করে,𑄝𑄪𑄢𑄧-𑄝𑄪𑄢𑄨 𑄊𑄘𑄬𑄭𑄚𑄬,Present
জীবনটা ভালো কাজ,𑄎𑄨𑄋𑄴𑄉𑄚𑄨 𑄉𑄧𑄟𑄴 𑄇𑄟𑄴𑄟𑄮𑄭,Present
ভালো নাাচাা চলবে,𑄉𑄧𑄟𑄴 𑄚𑄋𑄴𑄠𑄧𑄭 𑄝𑄎𑄨𑄝𑄧𑄋𑄴 ।,Future
কাকে কাকে অন্ধকারে বোচ্ছে?,𑄇𑄢𑄬 𑄇𑄢𑄬 𑄃𑄙𑄢𑄴 𑄘𑄨𑄚𑄬𑄃𑄨 𑄝𑄬𑄢𑄬𑄝𑄧𑄋𑄴 ?,Present
bdmean,𑄈।,Present
কোন দিন মনের দুঃখ মনে উঠবে?,𑄇𑄧𑄚𑄴 𑄘𑄨𑄚𑄧𑄖𑄴 𑄟𑄧𑄚𑄧 𑄘𑄪𑄉𑄴 𑄟𑄧𑄚𑄧𑄖𑄴 𑄚𑄧 𑄃𑄪𑄘𑄨𑄝𑄧 ?,Future
বিজুর দিনে কি খেলা হবে?,𑄝𑄨𑄎𑄪 𑄘𑄨𑄚𑄬 𑄇𑄨𑄇𑄨 𑄈𑄢 𑄦𑄧𑄝𑄧𑄋𑄴 ?,Future
bdmean,𑄊।,Present
বুো বুিে কি কষ্ট পাচ্ছে?,𑄝𑄪𑄢𑄧𑄝𑄪𑄢𑄨𑄢𑄬 𑄉𑄘𑄬 𑄘𑄨𑄚𑄬𑄃𑄨 𑄃 𑄇𑄨 𑄉𑄧𑄢𑄨𑄝𑄧𑄋𑄴 ?,Present
bdmean,𑄋।,Present
যেখানে সেখানে তারা কি কাজ করে,𑄎𑄨𑄋𑄴𑄇𑄚𑄨𑄖𑄴 𑄖𑄢 𑄇𑄨 𑄇𑄟𑄴 𑄉𑄧𑄢𑄨𑄝𑄇𑄴 ?,Present
পাহাের সুরুা দিে পে আছে,𑄛𑄧𑄬𑄧𑄢𑄬𑄚𑄴𑄘𑄴𑄘𑄨 𑄥𑄪𑄢𑄪𑄢𑄴𑄝𑄴𑄝𑄮 𑄟𑄨𑄬𑄨𑄣𑄬𑄚𑄬𑄃𑄨 𑄛𑄧𑄢𑄧𑄢𑄨 𑄃 𑄣𑄨𑄊𑄨𑄊𑄨 ।,Present
আজকে দিনে মনে দুঃখ,𑄃𑄨𑄌𑄴𑄌𑄬 𑄘𑄨𑄚𑄧𑄖𑄴 𑄟𑄧𑄚𑄧𑄖𑄴 𑄘𑄪𑄉𑄴,Present
এক জাতী ফল,𑄝𑄨𑄎𑄪𑄉𑄪𑄣𑄧- 𑄝𑄨𑄎𑄪 𑄜𑄧𑄣𑄴 ।,Present
বিঝুর সম মনে পার ইচ্ছা করছে,𑄝𑄨𑄎𑄪 𑄃𑄧𑄇𑄴𑄖𑄧𑄘𑄴 𑄟𑄧𑄚𑄬 𑄟𑄧𑄚𑄬 𑄛𑄬𑄝𑄢𑄴 𑄃𑄠𑄮𑄎𑄧𑄢𑄴 𑄉𑄪𑄣𑄧 ।,Present
খেলা-খাওা মনের মতো রাগ করার জিনিস,𑄈𑄢- 𑄈𑄨𑄠𑄬 𑄃 𑄟𑄧𑄚𑄧𑄢𑄬 𑄥𑄋𑄴 𑄥𑄋𑄳𑄠 𑄢𑄉𑄬𑄝𑄢𑄴 𑄎𑄨𑄚𑄨𑄥𑄴 ।,Present
চিজগুলো ঘিলা হছে,𑄌𑄨𑄎𑄨𑄃𑄪𑄚𑄬 𑄊𑄨𑄣 𑄈𑄢 𑄦𑄧𑄘𑄧𑄚𑄴 ।,Present
খাওা-দাওা,𑄃𑄙𑄢𑄴-𑄃𑄬𑄟𑄚𑄧 𑄈𑄚 ।,Present
বিঝুর সম ঘুরে বো খাবার দিে,𑄝𑄨𑄎𑄪 𑄣𑄧𑄇𑄴𑄈𑄬 𑄝𑄬𑄢𑄬 𑄝𑄬𑄢𑄬 𑄇𑄪𑄢𑄧𑄢𑄬 𑄃𑄙𑄢𑄴 𑄘𑄨𑄃𑄨 ।,Present
.পাছা-বালির তরকারি,𑄛𑄎𑄧𑄚-𑄝𑄣𑄧𑄇𑄴 𑄛𑄧𑄖𑄴 𑄟𑄨𑄎𑄨𑄠𑄬 𑄖𑄮𑄚𑄴 ।,Present
বিালের সমে পাজন খাবে,𑄝𑄨𑄎𑄪 𑄣𑄧𑄇𑄴𑄈𑄬 𑄊𑄧𑄢𑄬 𑄊𑄧𑄢𑄬 𑄛𑄎𑄧𑄚𑄴 𑄈𑄬𑄝𑄧𑄋𑄴 ।,Future
দুঃখ কথা,𑄘𑄪𑄉𑄴- 𑄇𑄧𑄥𑄴𑄖𑄧 ।,Present
বিঝুর সম কাকের মনে কোনো সুখ থাকবে না,𑄝𑄨𑄎𑄪 𑄣𑄧𑄇𑄴𑄈𑄬 𑄇𑄧𑄢𑄮𑄢𑄴 𑄟𑄧𑄚𑄧𑄖𑄴 𑄉𑄪𑄉𑄴 𑄚𑄧 𑄗𑄬𑄝𑄧 ।,Future
মলা ভিে,𑄟𑄪𑄢𑄧-𑄃𑄧𑄎𑄧𑄣𑄴 𑄞𑄨𑄘𑄬 ।,Present
পাহাের উপরে ঘর আছে,𑄟𑄪𑄢𑄧 𑄃𑄪𑄉𑄪𑄢𑄬 𑄊𑄧𑄢𑄴 𑄃𑄉𑄬 ।,Present
রংধনুর পাে একটা গ্রাম আছে,𑄢𑄚𑄴𑄎𑄪𑄚𑄨 𑄛𑄢 𑄚𑄋𑄬 𑄃𑄬𑄇𑄴𑄈𑄚𑄴 𑄃𑄘𑄟𑄴 𑄃𑄉𑄬 ।,Present
সে গ্রামের তাাতাি নাাচাি থাকে,𑄥𑄬 𑄃𑄘𑄟𑄧𑄖𑄴 𑄖𑄋𑄣𑄬 𑄚𑄋𑄬 𑄃𑄬𑄇𑄴𑄇𑄮 𑄎𑄪𑄟𑄴𑄝𑄧𑄣 𑄗𑄬𑄘𑄧 ।,Present
তার থেকে,𑄖𑄖𑄴𑄪𑄚𑄴,Present
দুটি ছেলে আর একটি ঝি এসেছে।,𑄘𑄨:𑄝𑄬 𑄛𑄮 𑄃𑄳𑄦 𑄃𑄬𑄉𑄴𑄇𑄮 𑄏𑄨 𑄃𑄬𑄣𑄧 ।,Present
"ঝিঁিটা নাক বাঁকা,সে সবার থেকে ছোট,সে সবার থেকে ছোট","𑄏𑄨𑄝𑄱 𑄚𑄋𑄴 𑄢𑄠𑄧𑄥𑄳𑄢𑄨,𑄖𑄬 𑄝𑄬𑄇𑄴𑄪𑄚𑄧𑄖𑄴𑄪𑄚𑄴 𑄌𑄨𑄉𑄮𑄚𑄴 𑄃𑄳𑄦 𑄞𑄢𑄨 𑄇𑄨𑄢𑄴𑄝𑄮 𑄉𑄧𑄢𑄨𑄝𑄢𑄴 ।",Present
বাি ৮ বাজ,𑄝𑄠𑄧𑄥𑄴 𑄾 𑄝𑄎𑄧𑄢𑄴 ।,Present
সে গ্রামের এই স্কুলে তিন ক্লাস পে,𑄖𑄬 𑄃𑄘𑄟𑄧𑄢𑄴 𑄃𑄬𑄟𑄴 𑄃𑄬𑄣𑄴 𑄃𑄨 𑄃𑄨𑄥𑄴𑄇𑄪𑄣𑄧𑄖𑄴 𑄖𑄨𑄚𑄴 𑄇𑄬𑄣𑄎𑄧𑄖𑄴 𑄛𑄧𑄢𑄬 ।,Present
রাতে নিে স্কুলে যাওা,𑄢𑄠𑄧𑄥𑄳𑄢𑄨 𑄚𑄨𑄖𑄳𑄠𑄧 𑄃𑄨𑄥𑄴𑄇𑄪𑄣𑄧𑄖𑄴 𑄡𑄠𑄴 ।,Present
এক দিন,𑄃𑄬𑄇𑄴 𑄘𑄨𑄚𑄳𑄠,Present
. গ্রাম করে দেখতেছি নিজের মাথা গিে গিেছে,𑄃𑄘𑄇𑄴𑄬 𑄉𑄧𑄢𑄨 𑄘𑄬𑄊𑄬 𑄚𑄨𑄎𑄬𑄚𑄨 𑄈𑄪𑄘𑄨𑄝𑄱 𑄣𑄳𑄦𑄬𑄝𑄬𑄢 𑄏𑄬𑄝𑄬𑄢 ।,Present
সে তার মাের নাতনিকে তািে দিল,𑄥𑄨𑄠𑄚𑄴 𑄖𑄬 𑄖 𑄟𑄥𑄴𑄖𑄧𑄢𑄴 𑄚𑄚𑄪𑄢𑄬 𑄎𑄚𑄴𑄘 𑄘𑄨𑄣𑄧 ।,Past
কা রা যাওার সমে ইস্কুলের নামগুলো পে যা,"𑄇𑄨𑄣𑄳𑄠 𑄢𑄠𑄧𑄥𑄳𑄢𑄨 𑄃𑄨𑄥𑄴𑄇𑄪𑄣𑄧𑄖𑄴 𑄡𑄬𑄚𑄬𑄃𑄨 𑄌𑄠𑄴𑄘𑄬 𑄃𑄨𑄥𑄴𑄇𑄪𑄣𑄧 𑄚𑄋𑄚𑄴 𑄛𑄧𑄢𑄖𑄴 𑄛𑄧𑄢𑄖𑄴 𑄣𑄬𑄊 𑄃𑄪𑄃𑄨𑄠𑄬 ""𑄢𑄚𑄴𑄎𑄪𑄚𑄨 𑄛𑄢",Present
এত ব এই বাি,𑄃𑄬𑄟𑄴 𑄃𑄬𑄣𑄴 𑄃𑄨 𑄃𑄨𑄥𑄴𑄇𑄪𑄣𑄴 ।,Present
স্কুলটা ১৫ ফুট উঁচু পাথরের উপরে বানানো হছে,𑄃𑄨𑄥𑄴𑄇𑄪𑄣𑄚𑄴 𑄷𑄻 𑄜𑄪𑄑𑄴 𑄥𑄧𑄋𑄴 𑄃𑄧𑄎𑄧𑄣𑄴 𑄟𑄪𑄢𑄧 𑄃𑄪𑄉𑄪𑄢𑄬 𑄝𑄚 𑄦𑄪𑄠𑄬।,Present
স্কুলটা ২ ফুট,𑄃𑄨𑄥𑄴𑄇𑄪𑄣𑄚𑄴 𑄸𑄶 𑄜𑄪𑄑𑄴,Present
পাহাের এই পাতাটা ১৪ ফুট,𑄘𑄨𑄉𑄮𑄣𑄴 𑄃𑄳𑄦 𑄛𑄘𑄎𑄳𑄠 𑄷𑄺 𑄜𑄪𑄑𑄴 ।,Present
স্কুল মাঠের পাশে একটা বট গাছ,𑄃𑄨𑄥𑄴𑄇𑄪𑄣𑄧 𑄇𑄠𑄴 𑄇𑄪𑄢𑄬 𑄓𑄋𑄧𑄢𑄴 𑄃𑄬𑄇𑄴𑄇𑄮 𑄝𑄧𑄑𑄴 𑄉𑄌𑄴 ।,Present
এক জাতী আম,"𑄛𑄨𑄌𑄴𑄬𑄘𑄨 𑄃𑄟𑄴,",Present
"জাম,কাঠাল,কাঠাল ইত্যাদি অনেক ব গাছ আছে","𑄎𑄟𑄴𑄝𑄨𑄎𑄨,𑄇𑄖𑄴𑄖𑄧𑄣𑄴,𑄇𑄘𑄟𑄧𑄣 𑄃𑄳𑄦 𑄞𑄣𑄧𑄇𑄴 𑄝𑄝𑄧𑄖𑄳𑄠𑄬 𑄉𑄌𑄴 𑄃𑄉𑄧𑄚𑄴 ।",Present
"রক্ত জবা, সেফালি,সার্ফের সম নানা ধরনের","𑄢𑄧𑄇𑄴𑄖𑄧 𑄎𑄧𑄝, 𑄥𑄬𑄜𑄣𑄨, 𑄥𑄧𑄘𑄧𑄢𑄧𑄇𑄴 𑄥𑄧𑄟𑄧𑄖𑄴 𑄚𑄚𑄚𑄴",Present
.বািতে ফুল ও আছে।,𑄝𑄝𑄧𑄖𑄳𑄠𑄬 𑄜𑄪𑄣𑄴 𑄃𑄳𑄦 𑄛𑄘 𑄝𑄦𑄴𑄢𑄴 𑄉𑄍𑄴 𑄤𑄧 𑄃𑄉𑄬 ।,Present
সব মিলিে ইস্কুলের চূা বসে থাকার,𑄝𑄬𑄇𑄴𑄇𑄚𑄨 𑄟𑄨𑄣𑄨𑄚𑄬𑄭 𑄃𑄨𑄥𑄴𑄇𑄪𑄣𑄧 𑄌𑄬𑄢𑄧𑄇𑄨𑄖𑄳𑄠𑄬 𑄃𑄨𑄎𑄪 𑄌𑄬𑄃𑄨 𑄗𑄬𑄝𑄢𑄴,Present
রাসী জমজম হলো-যেদিন তার পাের নিচটা গিে গিে বের হে গেল সে,𑄢𑄠𑄧𑄥𑄴𑄳𑄢𑄨 𑄎𑄧𑄟𑄧𑄥𑄧𑄟𑄧 𑄦𑄟𑄧𑄇𑄴 𑄦𑄧𑄣𑄧-𑄡𑄬 𑄘𑄨𑄚𑄳𑄠𑄬 𑄖 𑄟𑄥𑄴𑄑𑄧𑄢𑄴𑄚𑄚𑄪𑄢𑄬 𑄣𑄬𑄝𑄬𑄢 𑄏𑄬𑄝𑄬𑄢 𑄚𑄨𑄎𑄚𑄨 𑄈𑄪𑄘𑄨𑄝𑄱 𑄘𑄬𑄊𑄬𑄣𑄧 𑄥𑄬,Past
ঝগা করে লেখা হলো,𑄏𑄬𑄢𑄬 𑄛𑄧𑄢𑄖𑄴 𑄛𑄧𑄢𑄖𑄴 𑄉𑄧𑄢𑄨 𑄣𑄬𑄊 𑄦𑄧𑄣𑄧 ।,Past
দেখতে কি সুন্দর,𑄌𑄦𑄴𑄘𑄬 𑄇𑄨 𑄘𑄮𑄣𑄴 !,Present
.মনে মনে বলে তার কথা,𑄟𑄧𑄚𑄬 𑄟𑄧𑄚𑄬 𑄞𑄝𑄬 𑄖 𑄇𑄧𑄙𑄃𑄚𑄴 𑄟𑄥𑄴𑄖𑄧𑄢𑄴𑄚𑄚𑄪,Present
নানু এত কানে দিল,𑄚𑄚𑄪 𑄃𑄬𑄘𑄧𑄇𑄴 𑄇𑄚𑄧𑄖𑄴 𑄘𑄨𑄣𑄧 ।,Past
ছোট মানুষদের কথা ও ডাঙরগুলো কানে নিে যা এটাই তার ভাবনা,𑄌𑄨𑄉𑄮𑄚𑄴 𑄎𑄧𑄚𑄧 𑄇𑄧𑄙 𑄤𑄧 𑄓𑄋𑄧𑄢𑄴𑄠𑄪𑄚𑄬 𑄇𑄚𑄧𑄖𑄴 𑄚𑄬𑄡𑄚𑄴 𑄃𑄨𑄠𑄚𑄧𑄭 𑄖𑄢𑄴 𑄞𑄝𑄚 ।,Present
ধরে রাা মন স্থির করল- একজনের কাছ থেকে অন্যজনের কথা শুনব,𑄙𑄧𑄢𑄨 𑄢𑄠𑄧𑄥𑄳𑄢𑄨 𑄟𑄧𑄚𑄴 𑄗𑄨𑄘𑄧 𑄉𑄧𑄢𑄴𑄣𑄧-𑄃𑄨𑄇𑄴𑄪𑄚𑄧𑄖𑄴𑄪𑄚𑄴 𑄙𑄧𑄢𑄨 𑄖𑄬 𑄟𑄥𑄴𑄖𑄧𑄢𑄴𑄚𑄚𑄪𑄃𑄪𑄚𑄧 𑄇𑄧𑄙 𑄙𑄧𑄢𑄨𑄝𑄧 𑄃𑄳𑄦 𑄟𑄚𑄨𑄝𑄧 ।,Future
এই কথা সে বলে,𑄃𑄬 𑄇𑄧𑄙𑄚𑄴 𑄖𑄬,Present
তার দলের লোকজনদেরকে ভেঙে বলে,𑄖 𑄇𑄬𑄣𑄎𑄧 𑄥𑄧𑄟𑄎𑄳𑄠𑄃𑄪𑄚𑄧𑄢𑄬 𑄞𑄋𑄨 𑄇𑄧𑄣𑄧 ।,Present
সে তাদেরকে আদর করে যেন সবাই মাস্টারের নানুকে আদর করে,𑄖𑄬 𑄖𑄢𑄢𑄬 𑄇𑄮𑄎𑄧𑄣𑄨 𑄉𑄧𑄢𑄴𑄣𑄧 𑄡𑄬𑄚𑄬 𑄝𑄬𑄇𑄴𑄪𑄚𑄬 𑄟𑄥𑄴𑄑𑄧𑄢𑄴 𑄚𑄚𑄪 𑄇𑄥𑄳𑄠𑄬𑄇𑄴,Present
মেনে চলা,𑄟𑄚𑄨 𑄌𑄧𑄣𑄧𑄚𑄴 ।,Present
রংধনুর পাে আসা একটি প্রাইমারি স্কুল,𑄢𑄚𑄴𑄎𑄪𑄚𑄨 𑄛𑄢 𑄃𑄬𑄟 𑄃𑄬𑄣𑄴 𑄃𑄨 𑄛𑄳𑄢𑄃𑄨𑄟𑄢𑄨 𑄃𑄨𑄥𑄴𑄇𑄪𑄣𑄴,Present
এক জাতী বুনো ফল,𑄥𑄧𑄚𑄴𑄘𑄨𑄛𑄧𑄚𑄴 𑄌𑄋𑄴𑄟,Present
এই মেেটা হচ্ছে ভালো লেখা পে যা,𑄃𑄨𑄚𑄴𑄘𑄨 𑄟𑄥𑄴𑄑𑄧𑄢𑄴 𑄚𑄚𑄪 𑄦𑄧𑄣𑄧 𑄉𑄧𑄟𑄴 𑄣𑄬𑄊 𑄛𑄧𑄢 𑄎𑄚𑄳𑄠𑄬 𑄃𑄳𑄦 𑄞𑄧𑄘𑄳𑄢𑄧 ।,Present
সে স্কুলে সব সম মেনে চলে,𑄖𑄬 𑄃𑄨𑄥𑄴𑄇𑄪𑄣𑄧𑄖𑄴 𑄝𑄬𑄇𑄴 𑄥𑄳𑄢𑄨-𑄥𑄪𑄘𑄧𑄟𑄴 𑄟𑄚𑄨 𑄌𑄧𑄣𑄬,Present
সে মেেটাকেও কামাতেছে,𑄖𑄬 𑄟𑄥𑄴𑄑𑄧𑄢𑄴 𑄚𑄚𑄪𑄃𑄪𑄚𑄧𑄢𑄬𑄤𑄧 𑄉𑄧𑄟𑄬𑄘𑄣𑄬 𑄥𑄨𑄊𑄠𑄴 ।,Present
"অনেক বে কেকটা গান,গীত, তামাশা প্রভৃতি বানিে","𑄞𑄣𑄧𑄇𑄴 𑄝𑄝𑄧𑄖𑄳𑄠𑄬 𑄇𑄮𑄥𑄴𑄥𑄮𑄃𑄨 𑄚𑄌𑄴, 𑄉𑄩𑄖𑄴, 𑄖𑄟𑄎 𑄃𑄳𑄦 𑄎𑄧𑄙 𑄝𑄚𑄨",Present
সে সে,𑄖𑄬 𑄥𑄨𑄊𑄠𑄴 ।,Present
সব ছাত্র-ছাত্রের মা-বাবা সে খবর রাখে,𑄝𑄬𑄇𑄴 𑄍𑄖𑄳𑄢𑄧-𑄍𑄖𑄳𑄢𑄨𑄧𑄃𑄪𑄚𑄧𑄢𑄴 𑄟-𑄝𑄝𑄴𑄛𑄮𑄃𑄨 𑄖𑄬 𑄈𑄧𑄝𑄧𑄢𑄴 𑄢𑄊𑄠𑄴 ।,Present
ইস্কুলের বাইরে পাহাি মাা,𑄃𑄨𑄥𑄴𑄇𑄪𑄣𑄧 𑄇𑄧𑄟𑄨𑄑𑄨𑄣𑄮𑄭 𑄛𑄧𑄖𑄴𑄨 𑄟𑄎𑄬,Present
ছেলের চামা পার খবর নেওা লাগে,𑄛𑄮 𑄌𑄝𑄃𑄪𑄚𑄴 𑄣𑄬𑄊 𑄛𑄧𑄢 𑄈𑄧𑄝𑄧𑄢𑄴 𑄣𑄧𑄃𑄨 ।,Present
"স্কুল ভালোে তারা মাছ,গরু,ছাগল","𑄃𑄨𑄥𑄴𑄇𑄪𑄣𑄧 𑄞𑄣𑄬𑄘𑄧𑄖𑄳𑄠𑄬𑄭 𑄖𑄢 𑄟𑄍𑄴, 𑄉𑄧𑄢𑄪 𑄍𑄉𑄧𑄣𑄴",Present
.পাহাটা গুলতি বাগান করতেছে।,𑄛𑄣𑄘𑄧𑄚𑄴 𑄃 𑄉𑄪𑄣𑄧𑄉𑄪𑄣𑄨 𑄝𑄉𑄚𑄴 𑄉𑄧𑄢𑄧𑄘𑄧𑄚𑄴 ।,Present
সূর্য ডোবার সম তুমি যদি বিালের পরীক্ষা ভালো করে থাকো,𑄢𑄠𑄧𑄥𑄳𑄢𑄨 𑄝𑄝𑄬 𑄃𑄬𑄇𑄴𑄘𑄨𑄚𑄳𑄠𑄬 𑄢𑄠𑄧𑄥𑄳𑄢𑄨𑄢𑄬 𑄇𑄧𑄣𑄧 𑄖𑄪𑄃𑄨 𑄡𑄧𑄘𑄨 𑄝𑄢𑄴𑄥𑄨𑄇𑄴 𑄛𑄧𑄢𑄨𑄇𑄴𑄈𑄖𑄴 𑄉𑄧𑄟𑄴 𑄉𑄧𑄢𑄧𑄥𑄴 𑄖𑄧𑄢𑄬 𑄃𑄬𑄇𑄴𑄈𑄚𑄴,Present
হেঙরং বানাবো,𑄦𑄬𑄋𑄴𑄉𑄧𑄢𑄧𑄋𑄴 𑄝𑄚𑄬 𑄘𑄨𑄟𑄴 ।,Future
তুমি লেখা পার সম,𑄖𑄪𑄃𑄨 𑄣𑄬𑄊 𑄛𑄧𑄢 𑄥𑄧𑄟𑄢𑄬,Present
নাচ-গােও নাচতে পারবে,𑄚𑄌𑄴-𑄉𑄨𑄖𑄴𑄤𑄧 𑄥𑄨𑄊𑄨 𑄛𑄢𑄨𑄝𑄬 ।,Future
রাসরি উো হে মনের মতো লেখা পে গেল,𑄢𑄠𑄧𑄥𑄳𑄢𑄨 𑄃𑄪𑄥𑄴𑄱 𑄦𑄧𑄠𑄴 𑄟𑄧𑄚𑄴 𑄘𑄨𑄚𑄬𑄃𑄨 𑄣𑄬𑄊 𑄛𑄧𑄢 𑄥𑄨𑄊 𑄙𑄧𑄢𑄧𑄣𑄧 ।,Past
সে নাচ-গান করে,𑄖𑄬 𑄚𑄌𑄴-𑄉𑄨𑄖𑄴𑄤𑄧 𑄇𑄱𑄥𑄴,Present
শীতকালের জাগাটা সে জুে নিল,𑄝𑄢𑄴𑄥𑄨𑄇𑄴 𑄛𑄧𑄢𑄨𑄇𑄴𑄈𑄖𑄴 𑄛𑄧𑄖𑄴𑄗𑄧𑄟𑄴 𑄎𑄉 𑄖𑄬 𑄎𑄪𑄢𑄨 𑄣𑄧𑄣𑄧।,Past
স্কুল কমিটি তাকে বাস্কেটবল খেলা নিে গেছে,𑄃𑄨𑄥𑄴𑄇𑄪𑄣𑄧 𑄇𑄧𑄟𑄨𑄑𑄨𑄠𑄬 𑄖𑄢𑄬 𑄝𑄢𑄴𑄥𑄨𑄇𑄴 𑄈𑄢 𑄎𑄨𑄘𑄬,Present
প্রতিযোগিতা সবাই প্রতিযোগিতা করে,𑄎𑄨𑄖𑄳𑄠𑄬 𑄃𑄧𑄇𑄴𑄖𑄧𑄘𑄴 𑄎𑄧𑄟𑄧𑄥𑄧𑄟𑄧 𑄝𑄃𑄨𑄚𑄨 𑄉𑄧𑄢𑄴𑄣𑄇𑄴 ।,Present
তাকে ব্যাটারির সম একটা টেবিলও বক্সিে দিল,𑄖𑄢𑄬 𑄥𑄖𑄴𑄨𑄜𑄨𑄇𑄬𑄑𑄴 𑄥𑄧𑄟𑄧𑄖𑄴 𑄃𑄬𑄇𑄴𑄇𑄮 𑄑𑄬𑄝𑄨𑄣𑄴 𑄊𑄧𑄢𑄨𑄤𑄧 𑄝𑄧𑄇𑄴𑄥𑄨𑄥𑄴 𑄘𑄨𑄣𑄇𑄴,Past
সূর্য অস্ত যাচ্ছে,𑄢𑄠𑄧𑄥𑄳𑄢𑄨 𑄡𑄧𑄘𑄧𑄝𑄧𑄘𑄬 𑄈𑄪𑄎𑄨 𑄦𑄧𑄣𑄧।,Present
স্কুলে সবাই তার চোখ বন্ধ করে চা ধরছে,𑄃𑄨𑄥𑄴𑄇𑄪𑄣𑄧𑄖𑄴 𑄝𑄬𑄇𑄴𑄇𑄪𑄚𑄬 𑄖 𑄇𑄨𑄖𑄳𑄠𑄬 𑄌𑄮𑄉𑄴 𑄜𑄨𑄢𑄬 𑄢𑄨𑄚𑄨 𑄌 𑄙𑄧𑄢𑄴𑄣𑄉𑄴 ।,Present
তার এই উষর,𑄖 𑄃𑄬 𑄃𑄪𑄥𑄴𑄱,Present
. হওার মূল মনটি হলো রান জুে আসা এই স্কুল,𑄦𑄧𑄚𑄢𑄴 𑄟𑄪𑄣𑄴 𑄟𑄧𑄚𑄧𑄖𑄳𑄢𑄧𑄝𑄱 𑄦𑄧𑄣𑄧 𑄢𑄚𑄴 𑄎𑄪𑄚𑄨 𑄃𑄬𑄟𑄴 𑄃𑄬𑄣𑄴 𑄃𑄨 𑄛𑄳𑄢𑄃𑄨𑄟𑄢𑄨 𑄃𑄨𑄥𑄴𑄇𑄪𑄣𑄴 ।,Present
রংধনুর পাে আসলাম,𑄢𑄚𑄴𑄎𑄪𑄚𑄨 𑄛𑄢 𑄃𑄬𑄟𑄴 𑄃𑄬𑄣𑄴 𑄃𑄨,Past
প্রাইমারী স্কুল,𑄛𑄳𑄢𑄃𑄨𑄟𑄢𑄨 𑄃𑄨𑄥𑄴𑄇𑄪𑄣𑄴,Present
হক উতুত করে টোকা দেওা,𑄦𑄧𑄇𑄴 𑄃𑄪𑄖𑄪𑄖𑄴𑄖𑄴𑄖𑄧𑄢𑄧𑄢𑄧𑄢𑄧𑄢𑄴 𑄑𑄨𑄇𑄨𑄇𑄴 ( )𑄟𑄎𑄢 𑄘𑄨𑄃𑄨𑄃 ।,Present
সূর্য কদিন জ্বলতেছে,𑄢𑄠𑄧𑄥𑄳𑄢𑄨 𑄇𑄧𑄠𑄴 𑄝𑄎𑄧𑄢𑄴 ?,Present
পাঁচ বছর খাওা,𑄻 𑄝𑄧𑄎𑄧𑄢𑄴 𑄈।,Present
১. বাজপাখি ২. বাজপাখি,𑄼 𑄝𑄎𑄧𑄢𑄴,Present
এক বছর গর্ত,𑄽 𑄝𑄧𑄎𑄧𑄢𑄴 𑄊।,Present
"১ বছর, ২ বছর",𑄾 𑄝𑄧𑄎𑄧𑄢𑄴,Present
সূর্য ডোবার সম কোথা যা,𑄢𑄠𑄧𑄥𑄳𑄢𑄨 𑄛𑄧𑄖𑄴𑄖𑄨 𑄘𑄨𑄚𑄴 𑄇𑄪𑄘𑄪 𑄡𑄠𑄴 ?,Present
.পদে পদে ঘুরে বো,𑄛𑄧𑄘𑄬 𑄛𑄧𑄘𑄬 𑄝𑄬𑄢𑄠𑄴 𑄈।,Present
স্কুলে যাওা,𑄃𑄨𑄥𑄴𑄇𑄪𑄣𑄧𑄖𑄴 𑄡𑄠𑄴,Present
.ফুল বাগানে যা,𑄜𑄪𑄣𑄴 𑄝𑄉𑄚𑄧𑄖𑄴 𑄡𑄠𑄴 𑄊।,Present
সামাজিক বািতে যাওা,𑄥𑄧𑄟𑄎𑄳𑄠 𑄊𑄧𑄢𑄧𑄖𑄴 𑄡𑄠𑄴,Present
সূর্যটা নিজের চুলগুলো কি দেখতেছে?,𑄢𑄠𑄧𑄥𑄳𑄢𑄨 𑄚𑄨𑄎𑄬𑄚𑄨 𑄈𑄪𑄘𑄨𑄝𑄱 𑄇𑄨 𑄙𑄧𑄇𑄴𑄈𑄳𑄠𑄚𑄴 𑄘𑄨𑄇𑄴𑄈𑄬 ?,Present
ব ব দাগ,𑄓𑄋𑄧𑄢𑄴 𑄓𑄋𑄧𑄢𑄴 𑄣𑄬𑄊 𑄊।,Present
ছোট ছোট লেখা,𑄌𑄨𑄉𑄧𑄚𑄴 𑄌𑄨𑄉𑄧𑄚𑄴 𑄣𑄬𑄊,Present
রাতে কি মনে থাকে?,𑄢𑄠𑄧𑄥𑄳𑄢𑄨 𑄇𑄨 𑄟𑄧𑄚𑄧𑄖𑄴 𑄢𑄊𑄬𑄠𑄬?,Present
মাস্টারের কথা শুনা খাওা,𑄟𑄥𑄴𑄑𑄧𑄢𑄴 𑄚𑄚𑄪 𑄇𑄧𑄙 𑄥𑄪𑄚𑄚 𑄈।,Present
গান করা,𑄉𑄚𑄴 𑄉𑄚,Present
১. বোনো গর্ত ২. ঘুরে বোনো,𑄝𑄬𑄢𑄚 𑄊।,Present
খেলা খেলা,𑄈𑄢 𑄈𑄬𑄣𑄚,Present
.বিালের পরীক্ষা সবাই রেছে,𑄝𑄢𑄴𑄥𑄨𑄇𑄴 𑄛𑄧𑄢𑄨𑄇𑄴𑄈𑄖𑄴 𑄢𑄠𑄧𑄥𑄳𑄢𑄨 𑄝𑄬𑄇𑄴𑄇𑄪𑄢𑄴,Present
পথটা খাওা,𑄛𑄧𑄖𑄴𑄗𑄧𑄟𑄴 𑄈।,Present
"১. দিে, দিে",𑄘𑄨𑄖𑄨𑄠𑄧,Present
"চূা, চূা",𑄌𑄧𑄖𑄪𑄖𑄧𑄗𑄧,Present
পুরো বািটা পরিষ্কার করে,𑄥𑄢 𑄊𑄧𑄢𑄧𑄢𑄴 𑄛𑄪𑄢𑄪𑄢𑄧𑄚𑄧𑄚𑄴 𑄉𑄧𑄢𑄧𑄢𑄨 ।,Present
স্কুলটা- সবসম পাহাড়ের উপরে হেছে,𑄃𑄨𑄥𑄴𑄇𑄪𑄣𑄚𑄴 ------------- 𑄥𑄧𑄋𑄴 𑄃𑄧𑄎𑄧𑄣𑄴 𑄟𑄪𑄢𑄧 𑄃𑄪𑄉𑄪𑄢𑄬 𑄝𑄚 𑄦𑄪𑄠𑄬 ।,Present
স্কুল- দিে দিে মাটিটা ১৪ ফুট,𑄃𑄨𑄥𑄴𑄇𑄪𑄣𑄚𑄴 ---------------𑄘𑄨𑄉𑄮𑄣𑄴 𑄃𑄳𑄦 𑄛𑄘𑄎𑄳𑄠 𑄷𑄺 𑄜𑄪𑄑𑄴।,Present
ইস্কুলের কাপ একটা,𑄃𑄨𑄥𑄴𑄇𑄪𑄣𑄧 𑄇𑄠𑄴 𑄓𑄋𑄧𑄢𑄴 𑄃𑄬𑄇𑄴𑄇𑄮 -------------- ।,Present
".পিঁপি আম,-গাছের আগা","𑄛𑄨𑄌𑄴𑄬𑄘𑄨 𑄃𑄟𑄴,------------------------ 𑄉𑄌𑄴 𑄃𑄉𑄧𑄚𑄴 ।",Present
"রক্ত জবা, সেফালি, -এই পাতার গাছও আছে","𑄢𑄧𑄇𑄴𑄖𑄧 𑄎𑄧𑄝, 𑄥𑄬𑄜𑄣𑄨, -----------------------𑄃𑄳𑄦 𑄛𑄘 𑄝𑄦𑄴𑄢𑄴 𑄉𑄍𑄴 𑄤𑄧 𑄃𑄉𑄬 ।",Present
রসী মাছটাকে কি দেখল,𑄢𑄠𑄧𑄥𑄳𑄢𑄨 𑄟𑄥𑄴𑄑𑄧𑄢𑄴 𑄚𑄚𑄪𑄢𑄬 𑄇𑄨 𑄘𑄬𑄊𑄬𑄣𑄧 ?,Past
সূর্য অস্ত যাচ্ছে কেন?,𑄢𑄠𑄧𑄥𑄳𑄢𑄨 𑄇𑄨𑄖𑄳𑄠𑄬𑄭 𑄟𑄥𑄴𑄖𑄧𑄢𑄴𑄚𑄚𑄪𑄢𑄴 𑄞𑄧𑄇𑄴𑄖𑄨 𑄥𑄳𑄢𑄧𑄘𑄴𑄙 𑄃𑄬𑄌𑄴𑄌𑄬 ?,Present
সূর্য ডোবার সম তাকে কি বলল?,𑄢𑄠𑄧𑄥𑄳𑄢𑄨 𑄝𑄝𑄬 𑄖𑄢𑄬 𑄇𑄨 𑄇𑄧𑄙 𑄘𑄨𑄠𑄬 ?,Past
বেতের তৈরি খেলা কে খেলতে গেছে?,𑄝𑄢𑄴𑄥𑄨𑄇𑄴 𑄎𑄨𑄘𑄬𑄎𑄖𑄳𑄠𑄬 𑄈𑄢 𑄇𑄧𑄚𑄴𑄚 𑄎𑄠𑄴𑄎𑄪𑄉𑄧𑄣𑄴 𑄉𑄧𑄎𑄳𑄠𑄬 ?,Present
সূর্য ডোবার সম তার কাজ কি আসলো?,𑄢𑄠𑄧𑄥𑄳𑄢𑄨 𑄉𑄧𑄟𑄴𑄉𑄧𑄢𑄨 𑄝𑄖𑄳𑄠𑄬 𑄖 𑄇𑄟𑄴 𑄇𑄨 𑄃𑄬𑄣𑄧 ?,Past
জোা- যে জুমের কাজ করে,𑄎𑄪𑄟𑄴𑄝𑄧𑄣-𑄡𑄬 𑄎𑄪𑄟𑄧 𑄇𑄟𑄴 𑄉𑄧𑄢𑄬 ।,Present
তাাতাি হে হ,𑄖𑄋𑄣𑄬 𑄦𑄧𑄣𑄧 𑄦𑄧𑄇𑄴 𑄎𑄪𑄟𑄴𑄝𑄧𑄣 ।,Present
.নিচে পরিষ্কার-যেে নাম লেখা থাকে।,𑄚𑄨𑄬𑄨𑄎𑄬𑄚𑄨 𑄈𑄪𑄘𑄪𑄘𑄧-𑄧-𑄡𑄨𑄠𑄚𑄧𑄖𑄴 𑄚𑄋𑄴 𑄣𑄬𑄊 𑄗𑄠𑄴 ।,Present
সূর্য ডোবার সম নিজের মাথা হাত দো আছে,𑄢𑄠𑄧𑄥𑄳𑄢𑄨𑄘𑄉𑄨 𑄃𑄨𑄥𑄇𑄪𑄣𑄧𑄖𑄴 𑄚𑄨𑄎𑄬𑄚𑄨 𑄈𑄪𑄘𑄧𑄝𑄱𑄘𑄴 𑄚𑄋𑄴 𑄣𑄬𑄊 𑄃𑄊𑄬,Present
উস্কুখুস্কু-মনে থাকা,𑄃𑄪𑄥𑄪𑄥𑄴𑄱-𑄱𑄴- 𑄟𑄧𑄚𑄴 𑄥𑄋𑄴 𑄥𑄋𑄳𑄠 𑄗𑄚 ।,Present
.তুলনা বই মেলা যেতে যেতে ক্লান্ত হে গেল,𑄖𑄪𑄣𑄨𑄇 𑄝𑄧𑄃𑄨 𑄟𑄬𑄣𑄖𑄴 𑄡𑄘𑄬 𑄃𑄪𑄥𑄴𑄱 𑄦𑄧𑄣𑄧 ।,Past
কোঁকানো-কোচা,𑄇𑄱𑄥𑄱𑄥𑄴-𑄴-𑄇𑄠𑄴𑄘 ।,Present
রসী গান করতেছে সে,𑄢𑄠𑄧𑄥𑄳𑄢𑄨 𑄉𑄚𑄧𑄢𑄴 𑄇𑄱𑄥𑄴 𑄖 𑄟𑄥𑄴𑄑𑄧𑄢𑄴𑄚𑄚𑄪𑄖𑄥𑄪𑄚𑄴 𑄥𑄨𑄊𑄬𑄢𑄴 ।,Present
রাত হলে শরীরটা কেমন যেন করে,𑄢𑄠𑄧𑄥𑄳𑄢𑄨𑄢𑄬 𑄡𑄧𑄘𑄧𑄝𑄧𑄘𑄬 𑄇𑄨𑄢𑄴𑄝𑄱 𑄉𑄧𑄢𑄬𑄛 ।,Present
তেনমারা-মিষ্টি,𑄖𑄬𑄚𑄴𑄟𑄴𑄟𑄋𑄴-𑄴-𑄟𑄨𑄑𑄨𑄠 ।,Present
সব গ্রামবাসী এক হওা তেমাং করতেছে,𑄝𑄬𑄇𑄴 𑄃𑄘𑄟𑄳𑄠 𑄃𑄬𑄉𑄧𑄖𑄴𑄖𑄧𑄢𑄴 𑄦𑄧𑄚𑄬𑄃𑄨 𑄖𑄬𑄟𑄴𑄟𑄋𑄴 𑄉𑄧𑄢𑄧𑄢𑄴 ।,Present
এক জাতী চামা,𑄝𑄨𑄘𑄴𑄘𑄪𑄖𑄴 𑄎𑄮𑄖𑄨 𑄌𑄋𑄴𑄟,Present
পাহাের চূা দিে হেঁটে যাওা,𑄟𑄪𑄢𑄧 𑄘𑄬𑄎𑄧 𑄟𑄪𑄢𑄧𑄣𑄳𑄠𑄬 𑄟𑄪𑄃𑄨,Present
পাহাে পাহাে থাকা,𑄟𑄮𑄚𑄬 𑄟𑄮𑄚𑄬 𑄗𑄋𑄴 ।,Present
ছোট এক জাতী পাখি,𑄌𑄨𑄉𑄮𑄚𑄴 𑄍𑄧𑄢 𑄃𑄬𑄟𑄚𑄴 𑄛𑄬𑄉𑄴,Present
তাদেরকে আমি ভালো পাই,𑄖𑄢𑄢𑄬 𑄟𑄪𑄃𑄨 𑄉𑄧𑄟𑄴 𑄛𑄋𑄴।,Present
এত ব জঙ্গল,𑄃𑄬𑄃𑄨𑄣𑄴 𑄘𑄬𑄎𑄧 𑄃𑄬𑄃𑄨𑄣𑄴 𑄏𑄢𑄴,Present
আমাদের দোলের পানি,𑄃𑄟 𑄘𑄬𑄎𑄧 𑄏𑄢𑄴 𑄛𑄚𑄨,Present
আমরা খুব রাগ করবো,𑄝𑄎𑄬𑄃𑄨 𑄢𑄉𑄬𑄝𑄧𑄋𑄴 𑄃𑄟𑄨 ।,Future
ভাপ ভাঙা,𑄞𑄌𑄴 𑄞𑄋𑄚 ।,Present
লুকোচুরি খেলা যে লুকোচুরি খেলা,𑄟𑄪𑄢𑄪𑄢𑄧𑄬𑄧𑄣𑄳𑄠𑄬 - 𑄡𑄬 𑄟𑄪𑄢𑄧𑄖𑄴 𑄗𑄠𑄴 ।,Present
আমি একজন মলা,𑄟𑄪𑄃𑄨 𑄃𑄬𑄇𑄴𑄎𑄧𑄚𑄴 𑄟𑄪𑄢𑄧𑄣𑄳𑄠𑄬 ।,Present
"পাহাে-অতুল মুর,বরনা শাক পাহাে উঠে","𑄟𑄮𑄚𑄮𑄚𑄴 - 𑄃𑄧𑄎𑄧𑄣𑄴 𑄟𑄪𑄢𑄧 , 𑄝𑄧𑄢𑄧𑄚 𑄥𑄇𑄴 𑄟𑄮𑄚𑄧𑄖𑄴 𑄃𑄪𑄘𑄬 ।",Present
গাছের পাতা এইল রং,𑄉𑄎𑄧 𑄛𑄘𑄚𑄨 𑄃𑄬𑄃𑄨𑄣𑄴 𑄢𑄧𑄋𑄴 ।,Present
"চেে চেে, জাগা মাটি",𑄌𑄬𑄢𑄴 𑄌𑄬𑄢𑄬 - 𑄎𑄘𑄨 𑄟𑄘𑄨 ।,Present
আমাদের দোল গাছ চে চে যাচ্ছে,𑄃𑄟 𑄘𑄬𑄎𑄧 𑄉𑄌𑄴 𑄝𑄌𑄴 𑄌𑄬𑄢𑄴 𑄌𑄬𑄢𑄬 𑄇𑄧𑄟𑄨 𑄡𑄘𑄧𑄚𑄴 ।,Present
চোম-বললে রাত,𑄌𑄬𑄘𑄟𑄴-𑄴- 𑄝𑄧𑄣𑄬 𑄇𑄧𑄣𑄬 𑄢𑄢 ।,Past
চোম বলে পা,𑄌𑄬𑄘𑄟𑄧 𑄝𑄧𑄣𑄬 𑄣𑄬𑄊 𑄛𑄧𑄢 𑄉𑄧𑄢𑄚 ।,Present
পুরো বািটা ভরাট করে আছে,𑄥𑄢 𑄊𑄧𑄢𑄴 𑄛𑄪𑄢𑄧𑄚𑄧𑄚𑄴 𑄉𑄧𑄢𑄧𑄢𑄨 𑄃 𑄣𑄨𑄊𑄨𑄊𑄨 ।,Present
কাপের ঢাল-জঙ্গল,𑄇) 𑄃𑄬𑄃𑄨𑄣𑄴 𑄘𑄬𑄎𑄧 --------------------- 𑄏𑄢𑄴।,Present
খাা-পেব আমরা,𑄈) -------------------𑄛𑄬𑄝𑄧𑄋𑄴 𑄃𑄟𑄨 ।,Future
গাের চেে চেে,𑄉) 𑄌𑄬𑄢𑄴 𑄌𑄬𑄢𑄬 -------------------- ।,Present
পাহাের নিচ থেকে পাহাের দোল,𑄊) 𑄟𑄪𑄢𑄧 𑄘𑄬𑄎𑄧 --------------------𑄟𑄪𑄃𑄨 ।,Past
.উগুর রোদ তাাতাি নিভে যা,𑄃𑄪𑄉𑄪𑄘𑄧 𑄢𑄧𑄃𑄪𑄚𑄴 𑄘𑄉𑄴 𑄖𑄚𑄨𑄬𑄨𑄚𑄬𑄃𑄨 𑄟𑄨𑄬𑄨𑄣𑄬𑄃𑄨 ।,Present
পিঞ্জরটা কোথা আছে,𑄛𑄨𑄎𑄧𑄢𑄚𑄨 𑄇𑄧𑄃𑄨 𑄃 𑄣𑄨𑄊𑄨𑄊𑄨 ।,Present
কেমুার দোলগুলো কোথা থাকে?,𑄇)𑄟𑄪𑄢𑄧 𑄘𑄬𑄎𑄧 𑄟𑄚𑄪𑄌𑄴𑄪𑄚𑄴 𑄇𑄧𑄘𑄪 𑄗𑄚𑄴 ?,Present
খোলের মুখে কি কি আছে?,𑄈)𑄟𑄪𑄢𑄧𑄖𑄴 𑄘𑄬𑄎𑄧𑄖𑄴 𑄇𑄨 𑄇𑄨 𑄃𑄉𑄬 ?,Present
গাের মলা কি ভালো পা,𑄉)𑄟𑄪𑄢𑄧𑄣𑄳𑄠𑄬 𑄇𑄨 𑄉𑄧𑄟𑄴 𑄛𑄠𑄴 ?,Present
.আমরা কি কষ্ট পাবো?,𑄊)𑄃𑄟𑄨 𑄇𑄨 𑄝𑄎𑄬𑄃𑄨 𑄛𑄬𑄝𑄧𑄋𑄴 ?,Future
১. বাজানো ধীরে ধীরে ২. বাজানো ধীরে,𑄝𑄎𑄚 𑄣𑄢𑄬 𑄣𑄢𑄬,Present
কম বানা,𑄇𑄧𑄟𑄴 𑄝𑄚𑄳𑄠𑄬,Present
"রগচটা, রগচটা",𑄢𑄧𑄎𑄬𑄠𑄬:𑄃𑄢𑄴𑄡𑄧 𑄟𑄨𑄖𑄳𑄢𑄧 𑄌𑄋𑄴𑄟,Present
চাকমারা একনাগাে নানান ধরনের ভূত-দেবতা পালন করতেছে,𑄌𑄋𑄴𑄟𑄃𑄪𑄚𑄬 𑄃𑄬𑄇𑄴𑄇𑄣𑄬 𑄚𑄚𑄚𑄴 𑄝𑄝𑄧𑄖𑄳𑄠𑄬 𑄞𑄪𑄖𑄴-𑄘𑄬𑄝𑄬𑄘 𑄛𑄪𑄎𑄧 𑄉𑄧𑄖𑄴𑄗𑄇𑄴 ।,Present
আজকে সেগুলো আমাদের,𑄃𑄨𑄇𑄴𑄇𑄨𑄚𑄬 𑄥𑄨𑄠𑄚𑄨 𑄃𑄟𑄃𑄨𑄘𑄪,Present
"এই ছবি যাওা যা,বা আর লুকাে চাকমারা সেই কাজগুলো করে","𑄃𑄬𑄧 𑄘𑄬𑄊 𑄡𑄠𑄴 𑄃𑄧𑄏, 𑄝𑄮𑄘𑄳𑄠𑄧 𑄃 𑄣𑄪𑄢𑄨𑄣𑄮𑄃𑄨 𑄌𑄋𑄴𑄟𑄃𑄪𑄚𑄬 𑄥𑄬 𑄇𑄟𑄚𑄨 𑄉𑄧𑄢𑄨 𑄗𑄚𑄴 ।",Present
নিচে নানা ধরনের,𑄖𑄧𑄣𑄬𑄚𑄴𑄘𑄨 𑄚𑄚𑄚𑄴,Present
বািতে পে যাওার জন্য পাহাে ছোট করে লেখা হলো,𑄝𑄝𑄧𑄖𑄳𑄠𑄬 𑄛𑄪𑄎𑄧𑄢𑄴 𑄇𑄧𑄙 𑄎𑄚 𑄗𑄬𑄝𑄢𑄴𑄣𑄃𑄨 𑄌𑄨𑄉𑄮𑄚𑄴 𑄉𑄧𑄢𑄨 𑄣𑄬𑄊 𑄦𑄧𑄣𑄧:,Past
বোতে: মেে-মেে-কুলে এই পোকা দে,𑄞𑄖𑄴𑄬𑄴𑄘𑄳𑄠𑄬: 𑄟𑄪𑄎𑄳𑄠𑄬 𑄉𑄳𑄠𑄖𑄨-𑄇𑄪𑄣𑄧𑄖𑄳𑄠𑄬 𑄃𑄬 𑄛𑄪𑄎𑄧 𑄘𑄬 𑄦𑄧𑄠𑄴 ।,Present
বাবকুলে সাত পুরুস আর মা কুলে সাত পুরুস,𑄝𑄝𑄧𑄇𑄪𑄣𑄬 𑄥𑄖𑄴 𑄛𑄪𑄢𑄪𑄥𑄴 𑄃: 𑄟 𑄇𑄪𑄣𑄬 𑄥𑄖𑄴 𑄛𑄪𑄢𑄪𑄥,Present
রওনা হে যাবে,𑄃𑄪𑄘𑄴𑄧𑄢𑄴 𑄦𑄧𑄝𑄖𑄳𑄠𑄬𑄭 ।,Future
তারা আগের চাইতে শুনে,𑄃𑄉𑄧𑄢𑄴 𑄖𑄢 𑄛𑄧𑄢𑄬 𑄥𑄪𑄚𑄚𑄴 ।,Present
এক জাতী সবজি,𑄃𑄉𑄧 𑄎𑄧𑄚𑄧𑄟𑄴,Present
. পরীক্ষা উত্তীর্ণ হতে হ।,𑄛𑄳𑄢𑄧𑄟𑄚𑄧𑄖𑄬𑄃𑄨 𑄛𑄪𑄎𑄧𑄝𑄮 𑄉𑄧𑄢 𑄦𑄧𑄠𑄴 ।,Present
.থাপ্প দেওা: পাহাের ভিতরে মািেছে এই বাচ্চাটা,𑄗𑄚𑄴𑄟𑄴𑄟𑄚: 𑄜𑄉𑄮𑄚𑄴-𑄌𑄮𑄖𑄴 𑄟𑄥𑄳𑄠𑄬 𑄃𑄬 𑄛𑄪𑄎𑄧𑄝𑄮,Present
গ্রামের সবাই টাকা-চোল তুলে,"𑄃𑄘𑄟𑄳𑄠 𑄟𑄨𑄣𑄨 𑄑𑄬𑄋-𑄌𑄮𑄣𑄴 𑄖𑄪𑄣𑄨,",Present
এই পোকা-মলা দিে পা যা,𑄃𑄧𑄏-𑄝𑄮𑄘𑄳𑄠𑄧𑄣𑄮𑄭 𑄍𑄧𑄢 𑄛𑄢𑄧𑄖𑄴 𑄃𑄬 𑄛𑄪𑄎𑄧 𑄉𑄧𑄢,Present
"হ্যাঁ, জ্বি",𑄦𑄧𑄠𑄴 ।,Present
.পঁচে শুকর ঢেলে দো হ,𑄛𑄪𑄎𑄧𑄖𑄴 𑄥𑄪𑄉𑄧𑄢𑄴 𑄇𑄪𑄢𑄧 𑄔𑄣𑄨 𑄘𑄨𑄠 𑄦𑄧𑄠𑄴,Present
সূর্য অস্ত গেলে গ্রামের মানুষরা,𑄧𑄢𑄧𑄖𑄳𑄠𑄬 𑄛𑄪𑄎𑄧 𑄘𑄨𑄣𑄬𑄠𑄴 𑄃𑄘𑄟𑄳𑄠𑄃𑄪𑄚𑄧𑄢𑄴,Present
পিছনে দাঁিে দাঁিে শক্তি আছে,𑄞𑄨𑄘𑄨𑄢𑄬 𑄧𑄘 𑄝𑄧𑄣𑄴 𑄃 𑄙𑄬𑄠𑄬𑄣𑄨-𑄟𑄬𑄠𑄬𑄣𑄨,Present
"বাইরে, বাইরে",𑄝𑄢𑄬 ।,Present
বুো পাা: গ্রামের ফাঁক দিে এই পোকাটা করা হ,𑄝𑄪𑄢𑄪𑄢𑄴 𑄛𑄢: 𑄃𑄘𑄟𑄧 𑄜𑄢 𑄘𑄧𑄏 𑄃 𑄃𑄛𑄧𑄘𑄴 𑄝𑄧𑄣 𑄇𑄘𑄬𑄝𑄖𑄳𑄠𑄬𑄃𑄨 𑄃𑄬 𑄛𑄪𑄎𑄧𑄝𑄮 𑄉𑄧𑄢 𑄦𑄧𑄠𑄴 ।,Present
গিরি মানুষদেরকে,𑄉𑄨𑄢𑄨 𑄟𑄚𑄪𑄥𑄴𑄪𑄚𑄧𑄢𑄬,Present
বইে পাহাের পাে নিে গেলেই ঘিলা-মলা পানিতে ডুবে যা,𑄝𑄮𑄘𑄳𑄠𑄬𑄠𑄬 𑄍𑄧𑄢 𑄛𑄢𑄧𑄖𑄴 𑄚𑄨𑄚𑄬𑄭 𑄊𑄨𑄣-𑄇𑄧𑄎𑄧𑄃𑄨 𑄃 𑄇𑄎-𑄦𑄧𑄣𑄮𑄘𑄧 𑄛𑄚𑄨 𑄟𑄧𑄚𑄴𑄘𑄧𑄢𑄴 𑄘𑄨𑄚𑄬 𑄥𑄪𑄘𑄴𑄙𑄧 𑄥𑄋𑄴𑄉𑄧 𑄉𑄧𑄢𑄬 ।,Present
গ্রামের বন: গ্রাম ভালো,𑄃𑄘𑄟𑄴 𑄝𑄧𑄚𑄧𑄚𑄴:𑄴: 𑄃𑄘𑄟𑄧 𑄞𑄣𑄬𑄘𑄧𑄖𑄳𑄠𑄬𑄃𑄨 𑄃𑄬,Present
পোকামাক করা হ,𑄛𑄪𑄎𑄧 𑄉𑄧𑄢 𑄦𑄧𑄠𑄴 ।,Present
গ্রামের পথ বন্ধ করে দো,𑄃𑄘𑄟𑄧 𑄛𑄧𑄗𑄴 𑄚𑄘𑄨 𑄘𑄨𑄠,Present
"হ,বারে মানুষ গ্রামে সহাবস্থান করে না","𑄦𑄧𑄠𑄴, 𑄝𑄢𑄬 𑄟𑄚𑄪𑄥𑄴 𑄃𑄘𑄟𑄧𑄖𑄴 𑄥𑄧𑄟𑄬 𑄚𑄧",Present
"পা, পা, পা",𑄛𑄢𑄧𑄚𑄴 ।,Present
হেদানো: ছোট ছোট সোনার সুক,𑄦𑄬𑄘 𑄓𑄉𑄚: 𑄌𑄨𑄉𑄮𑄚𑄴 𑄉𑄪𑄢𑄧 𑄈𑄧𑄚𑄴𑄥𑄪𑄇𑄴 𑄥𑄪𑄇𑄴,Present
এই পোকাটা করা হ,𑄦𑄧𑄣𑄬 𑄃𑄬 𑄛𑄪𑄎𑄧𑄝𑄱 𑄉𑄧𑄢 𑄦𑄧𑄠𑄴 ।,Present
একটা,𑄃𑄬𑄇𑄴𑄈𑄚𑄴,Present
মেেদের পাতার উপর দিে খাওা,𑄟𑄬𑄎𑄋𑄧𑄖𑄴 𑄛𑄘 𑄃𑄪𑄉𑄪𑄢𑄬 𑄚𑄚𑄝𑄝𑄧𑄖𑄳𑄠𑄬 𑄈𑄚,Present
এক টাকার দিনে ছোট ছোট গজা,𑄃 𑄑𑄬𑄋 𑄘𑄨𑄚𑄬𑄃𑄨 𑄌𑄨𑄉𑄮𑄚𑄴 𑄌𑄨𑄎𑄨𑄢𑄬 𑄉𑄧𑄎,Present
ছোট ছোট শিশুকে মনে পে,𑄌𑄨𑄉𑄮𑄚𑄴 𑄌𑄨𑄎𑄨𑄢𑄬 𑄟𑄧𑄚𑄧 𑄈𑄪𑄎𑄨𑄠𑄬,Present
.যেটা মনে হ সেটা নাও বা খাও,𑄡𑄨𑄠𑄚𑄴 𑄟𑄧𑄚𑄬 𑄦𑄧𑄠𑄴 𑄥𑄨𑄠𑄚𑄴 𑄣𑄧𑄠𑄴 𑄝 𑄈𑄠𑄴 ।,Present
চাকমাদের এইগুলো বাদ দিে অনেক গুলো বাচ্চা আছে,𑄌𑄋𑄴𑄟 𑄥𑄧𑄟𑄎𑄧𑄢𑄴 𑄃𑄨𑄠𑄚𑄨 𑄝𑄘𑄬𑄠𑄧 𑄃 𑄚𑄚𑄝𑄝𑄧𑄖𑄳𑄠𑄬 𑄛𑄪𑄎𑄧 𑄃𑄉𑄧𑄚𑄴 ।,Present
".যেন দেবতা পুজ,দুধের শুকর দো","𑄡𑄬𑄚𑄴 𑄘𑄬𑄝𑄬𑄘 𑄛𑄪𑄎𑄧, 𑄘𑄧𑄛𑄧𑄣𑄴𑄣 𑄥𑄪𑄉𑄧𑄢𑄴 𑄘𑄬𑄚",Present
". ভূত পুজ, ভূতপুজ, মা লক্ষী পুজ ধর্ম কাজ করছে।",", 𑄞𑄪𑄖𑄴 𑄛𑄪𑄎𑄧 , 𑄟 𑄣𑄧𑄇𑄴𑄈𑄨 𑄛𑄪𑄎𑄧 𑄙𑄧𑄢𑄴𑄟𑄧 𑄇𑄟𑄴 𑄃 𑄝𑄣𑄧𑄇𑄴 𑄝𑄝𑄧𑄖𑄳𑄠𑄬 𑄛𑄪𑄎𑄧 𑄃𑄉𑄬 ।",Present
পিঁপাটা উপরে তুলতেছি,𑄛𑄨𑄎𑄧𑄢𑄚𑄨 𑄃𑄪𑄖𑄪𑄖𑄴𑄖𑄴𑄖𑄧𑄢𑄧𑄢𑄴 𑄇𑄧𑄠𑄧𑄠𑄴 𑄃 𑄣𑄨𑄊𑄨𑄊𑄨 ।,Present
বুো মানুষরা এককালে কি কি পোকা করে,𑄌𑄋𑄥𑄟𑄃𑄪𑄚𑄬 𑄃𑄬𑄇𑄴𑄇𑄣𑄬 𑄇𑄨 𑄇𑄨 𑄛𑄪𑄎𑄧 𑄉𑄧𑄢𑄴𑄗𑄇𑄴 ?,Present
ভাতে পোকা কি করে?,𑄞𑄖𑄴𑄘𑄬 𑄛𑄪𑄎𑄧 𑄇𑄨𑄖𑄴𑄬𑄃𑄨 𑄉𑄧𑄢𑄧𑄚𑄴 ?,Present
থামানো পুজ করলে কি হ,𑄗𑄟𑄚 𑄛𑄪𑄎𑄧 𑄉𑄧𑄢𑄴𑄣𑄬 𑄇𑄨 𑄦𑄧𑄠𑄴 ?,Present
গ্রামের মানুষ কি পোকামাক করলে গ্রামের মানুষ টিকতে পারে না,𑄃𑄘𑄟𑄧𑄖𑄴 𑄇𑄨 𑄛𑄪𑄎𑄧 𑄉𑄧𑄢𑄴𑄣𑄬 𑄝𑄢𑄬 𑄃𑄘𑄟𑄧 𑄟𑄚𑄪𑄥𑄴 𑄥𑄧𑄟𑄬 𑄚𑄧 𑄛𑄢𑄧𑄚𑄴 ?,Present
পাখানা করলে কি কি করতে হ,𑄦𑄬𑄘 𑄓𑄉𑄨𑄣𑄬 𑄇𑄨 𑄇𑄨 𑄉𑄧𑄢 𑄛𑄧𑄢𑄬 ?,Present
পুরো বািটা পরিষ্কার করে আছে,𑄥𑄢 𑄊𑄧𑄢𑄧𑄢𑄴 𑄛𑄪𑄢𑄪𑄢𑄧𑄚𑄧𑄚𑄴 𑄉𑄧𑄢𑄧𑄢𑄨 𑄃 𑄣𑄨𑄊𑄨𑄊𑄨 ।,Present
কেকটা পোকা দো পরে শোনা,𑄇) 𑄛𑄪𑄎𑄧 𑄘𑄬𑄘𑄬 𑄣𑄪𑄢𑄨𑄃𑄪𑄚𑄬 ---------- 𑄛𑄧𑄢𑄬 𑄥𑄪𑄚𑄚 ।,Present
খা -পুে শুকর ঢেলে দো,𑄈) -----------𑄛𑄪𑄎𑄧𑄖𑄴 𑄥𑄪𑄉𑄧𑄢𑄴 𑄇𑄪𑄢𑄧 𑄙𑄣𑄨 𑄘𑄨𑄠 𑄦𑄧𑄠𑄴।,Present
গাের গ্রামটা ভালো করে পরিষ্কার হ,𑄉) 𑄃𑄘𑄟𑄧 𑄞𑄣𑄬𑄘𑄧𑄖𑄳𑄠𑄬𑄃𑄨 ----------- 𑄛𑄪𑄎𑄧 𑄉𑄧𑄢 𑄦𑄧𑄠𑄴।,Present
ঘাের চূা দিে যে মনটা মনে হ সেটা,𑄊)𑄌𑄨𑄉𑄧𑄚𑄴 𑄌𑄨𑄎𑄨 𑄟𑄧𑄚𑄧 𑄈𑄪𑄎𑄨𑄠𑄬 𑄡𑄨𑄠𑄚𑄴 𑄟𑄧𑄚𑄬 𑄦𑄧𑄠𑄴 𑄥𑄨𑄠𑄚𑄴 ---------- ।,Present
নাচা সমাজের এইগুলো-পুজ আছে,𑄋)𑄌𑄋𑄴𑄟 𑄥𑄧𑄟𑄎𑄧𑄢𑄴 𑄃𑄨𑄠𑄚𑄨-------------------- 𑄛𑄪𑄎𑄧 𑄃𑄉𑄧𑄚𑄴 ।,Present
বাঁশের জঙ্গলের মধ্যে কেকটা লেখা আছে,𑄞𑄌𑄴 𑄏𑄢𑄬𑄃𑄨 𑄇𑄧𑄃𑄧𑄃𑄨 𑄃 𑄣𑄨𑄊𑄨𑄊𑄨 ।,Present
.পজ্জো- গাি ভালো থাকার জন্য দেবতাকে পুজ করে,𑄛𑄪𑄎𑄧- 𑄉𑄉𑄪𑄣𑄨 𑄉𑄧𑄟𑄴 𑄗𑄬𑄝𑄢𑄴𑄖𑄬𑄭 𑄛𑄪𑄢𑄧𑄚𑄧 𑄃𑄟𑄧𑄣𑄧𑄖𑄴 𑄘𑄬𑄝𑄬𑄘𑄢𑄬 𑄛𑄪𑄎𑄧 𑄉𑄧𑄢𑄧𑄚𑄴 ।,Present
সাত পুরুস- এই জাগা সাত পুরুস ধরে আমরা আছি,𑄥𑄖𑄴 𑄛𑄪𑄢𑄪𑄥𑄴- 𑄃𑄬 𑄎𑄉𑄚𑄧𑄖𑄴 𑄥𑄖𑄴 𑄛𑄪𑄢𑄪𑄥 𑄙𑄧𑄢𑄨 𑄃𑄟𑄨 𑄃𑄉𑄨 ।,Present
.আকাশ-ব- পাতালে অনেক বাতাস পে,𑄃𑄧𑄏-𑄝𑄮𑄘𑄳𑄠𑄧- 𑄛𑄪𑄢𑄧𑄚𑄧 𑄃𑄟𑄧𑄣𑄧𑄖𑄴 𑄃𑄧𑄏 𑄝𑄮𑄘𑄳𑄠𑄧𑄣𑄮𑄭 𑄛𑄪𑄎𑄧 𑄉𑄧𑄢𑄧𑄚𑄴 ।,Present
চূা-মেলার সম খেে দো,𑄌𑄪𑄉𑄪𑄣𑄧𑄋𑄴- 𑄟𑄬𑄣 𑄣𑄧𑄇𑄴𑄈𑄬 𑄌𑄪𑄉𑄪𑄣𑄧𑄋𑄴𑄉𑄧𑄢𑄨𑄚𑄬𑄃𑄨 𑄈𑄚 𑄥𑄬𑄢𑄬 𑄘𑄮𑄚𑄴 ।,Present
এক জাতী কচু,𑄈𑄧𑄚𑄴𑄥𑄪𑄇𑄴 𑄥𑄪𑄇𑄴- 𑄇𑄪𑄖𑄴𑄖𑄧𑄢𑄨 ।,Present
চিচিগুলো ভালোভাবে না হলে খসখস শব্দ হ,𑄌𑄨𑄌𑄨𑄃𑄪𑄚𑄬 𑄙𑄧𑄉𑄬 𑄙𑄧𑄉𑄬 𑄚𑄧 𑄦𑄧𑄣𑄬 𑄈𑄧𑄚𑄴𑄥𑄪𑄇𑄴 𑄥𑄪𑄇𑄴 𑄦𑄧𑄚𑄴 ।,Present
একটা জঙ্গলের মধ্যে একটা মা শুকর তার ছেলের সাথে থাকে,𑄃𑄬𑄇𑄴𑄈𑄚𑄴 𑄏𑄢𑄧𑄖𑄴 𑄃𑄬𑄇𑄴𑄇𑄱 𑄟 𑄥𑄪𑄉𑄧𑄢𑄴 𑄖 𑄛𑄮-𑄌𑄃𑄪𑄚𑄴𑄘𑄧𑄃𑄨 𑄗𑄬𑄘𑄧 ।,Present
মা শুকরটা প্রতিদিন জঙ্গল যা,𑄟 𑄥𑄪𑄉𑄧𑄢𑄴𑄝𑄮 𑄘𑄨𑄚𑄴𑄝𑄠𑄚𑄬 𑄏𑄢𑄧𑄖𑄴 𑄡𑄬𑄚𑄬𑄃𑄨 𑄖,Present
ছগুে খাওার জিনিসপত্র সব গুো করে এনে দে,𑄍𑄧𑄉𑄪𑄚𑄧𑄖𑄬𑄃𑄨 𑄈𑄬𑄝𑄢𑄴 𑄎𑄨𑄚𑄨𑄥𑄴 𑄗𑄧𑄉𑄬 𑄃𑄚𑄨 𑄘𑄨𑄘𑄧𑄉𑄮𑄃𑄨 ।,Present
এক দিন খাওার জন্য খোল রেখে জঙ্গলে যাওা,𑄃𑄬𑄇𑄴 𑄘𑄨𑄚𑄳𑄠𑄬 𑄈𑄬𑄝𑄢𑄴 𑄗𑄧𑄉𑄬 𑄃𑄚𑄨𑄝𑄖𑄳𑄠𑄬𑄃𑄨 𑄏𑄢𑄧𑄖𑄴 𑄡𑄨𑄚𑄬𑄃𑄨,Present
দিল এক বাঘের চূা দিে মা মা করে কাঁদতেছে,𑄘𑄬𑄣𑄧 𑄃𑄬𑄇𑄴𑄇𑄮 𑄝𑄊𑄧 𑄌𑄧 𑄉𑄠𑄴 𑄉𑄠𑄴 𑄟 𑄟 𑄉𑄧𑄢𑄨 𑄓𑄉𑄨𑄚𑄬𑄭 𑄉𑄪𑄎𑄪𑄢𑄨 𑄉𑄪𑄎𑄪𑄢𑄨 𑄇𑄚𑄬𑄢𑄴 ।,Present
মা শুকরটা চূা দিে মাছ ধরছে,𑄟 𑄥𑄪𑄉𑄧𑄢𑄴𑄝𑄱 𑄌𑄬𑄢𑄧𑄇𑄨𑄖𑄳𑄠𑄬 𑄟𑄝𑄊𑄳𑄠𑄧𑄢𑄬,Present
.থাকতে না পারলে মনে হ বাঘটাকে কামিে মেরে ফেললো সে,𑄗𑄧𑄊𑄬 𑄚𑄧𑄛𑄬𑄚𑄬𑄃𑄨 𑄟𑄧𑄚𑄬 𑄟𑄧𑄚𑄬 𑄞𑄝𑄨𑄣𑄧 𑄝𑄊𑄨𑄚𑄨𑄢𑄬 𑄇𑄟𑄇𑄴𑄈𑄠𑄴 𑄥𑄨𑄉𑄢𑄨𑄠𑄬 𑄟𑄢𑄬 𑄜𑄬𑄣𑄴𑄣𑄮𑄚𑄴 𑄌𑄧𑄝𑄱 𑄉𑄠𑄴,Past
গাছ থাকলে মরে যাবে,𑄉𑄠𑄴 𑄗𑄬𑄣𑄬 𑄟𑄧𑄢𑄨 𑄡𑄬𑄝𑄧 ।,Future
.মা শুকরটা আমার সাথে লাগিে বাঘের চূে তার বািতে আসলো,𑄟 𑄥𑄪𑄉𑄧𑄢𑄴𑄝𑄱𑄖𑄴𑄪𑄚𑄴 𑄟𑄨𑄠𑄬 𑄣𑄉𑄨𑄚𑄬𑄃𑄨 𑄝𑄊𑄧 𑄌𑄧𑄝𑄧𑄢𑄬 𑄖 𑄊𑄧𑄢𑄧𑄖𑄴 𑄃𑄚𑄨𑄣𑄧 ।,Past
বাঘের চওা শুকর,𑄝𑄊𑄧 𑄌𑄧𑄝𑄱 𑄥𑄪𑄉𑄧𑄢𑄴,Present
চূার সাথে মেে গেলে ব হেছে,𑄌𑄧𑄉𑄪𑄚𑄧 𑄣𑄧𑄉𑄬 𑄟𑄨𑄣𑄬 𑄎𑄪𑄣𑄬 𑄗𑄉𑄧𑄘𑄬 𑄗𑄉𑄧𑄘𑄬 𑄔𑄋𑄧𑄢𑄴 𑄦𑄧𑄣𑄧 ।,Present
এক জাতী মানুষগুলো সুখে বেঁচে থাকে,𑄃𑄬𑄋𑄬𑄢𑄨 𑄝𑄬𑄇𑄴𑄪𑄚𑄬 𑄥𑄪𑄈𑄬 𑄥𑄚𑄴𑄖𑄨𑄠𑄬 𑄗𑄇𑄴𑄘𑄬 𑄗𑄇𑄴𑄘𑄬,Present
এক দিন মা শুকর মারা গেল,𑄃𑄬𑄇𑄴𑄘𑄨𑄚𑄴𑄳𑄠 𑄟 𑄥𑄪𑄉𑄧𑄢𑄴𑄝𑄮 𑄟𑄧𑄢𑄨 𑄉𑄬𑄣𑄧𑄉𑄮𑄃𑄨 ।,Past
.কিন্তু এখন শুকরের চূাটা ব ব হেছে,𑄖𑄧𑄝𑄬 𑄥𑄬𑄇𑄴𑄈𑄬 𑄥𑄪𑄉𑄧𑄢𑄴 𑄌𑄧𑄉𑄪𑄚𑄴 𑄃 𑄝𑄊𑄧 𑄌𑄧𑄝𑄱 𑄓𑄋𑄧𑄢𑄴-𑄓𑄨𑄋𑄧𑄢𑄴 𑄦𑄧𑄠𑄧𑄚𑄴 ।,Present
১. তারা ২. তারা,𑄖𑄢,Present
মা শুকরটা শুধু গাে গাে থাকতে পারে,𑄟 𑄥𑄪𑄉𑄧𑄝𑄱 𑄝𑄘𑄬𑄤𑄧 𑄉𑄠𑄴 𑄉𑄠𑄴 𑄗𑄬 𑄛𑄢𑄧𑄚𑄴 ।,Present
তো তারা সবাই এক সাথে থাকে,𑄖𑄮 𑄖𑄢 𑄝𑄬𑄇𑄴𑄪𑄚𑄬 𑄃𑄬𑄇𑄴 𑄥𑄧𑄟𑄢𑄬 𑄗𑄚𑄴 ।,Present
এই বাটিতে বাঘ আছে,𑄃𑄬 𑄞𑄨𑄘𑄨𑄢𑄬𑄚𑄴𑄘𑄨 𑄝𑄊𑄴𑄇𑄮,Present
শুকরের তেল তেল দিে তাদেরকে খাওার জন্য অনেক কষ্ট করতেছে,𑄥𑄪𑄉𑄧𑄢𑄪𑄚𑄧𑄢𑄴 𑄖𑄬𑄣𑄴 𑄖𑄬𑄣𑄳𑄠 𑄛𑄧𑄇𑄴𑄖 𑄇𑄬𑄠𑄬𑄚𑄨 𑄘𑄬𑄉𑄧𑄘𑄬 𑄘𑄬𑄉𑄧𑄘𑄬 𑄖𑄢𑄢𑄬 𑄈𑄬𑄝𑄢𑄴 𑄡𑄧𑄘𑄧𑄝𑄧𑄘𑄬 𑄣𑄪𑄝𑄴 𑄉𑄧𑄢𑄬𑄢𑄴 ।,Present
একদিন একদিন একটা শুকরকে বাঘের কলকি দিে বাঘের কলকি দিে রাতে আমি স্বপ্নে দেখি,𑄃𑄬𑄇𑄴𑄘𑄨𑄚𑄳𑄠 𑄃𑄬𑄇𑄴𑄇𑄮 𑄥𑄪𑄉𑄧𑄢𑄧𑄢𑄬 𑄓𑄉𑄨𑄚𑄬𑄃𑄨 𑄝𑄊𑄴𑄳𑄠 𑄇𑄧𑄣𑄧 𑄞𑄬𑄃𑄨 𑄇𑄨𑄣𑄳𑄠 𑄢𑄬𑄘𑄧𑄖𑄴 𑄟𑄪𑄃𑄨 𑄥𑄧𑄝𑄧𑄚𑄬 𑄘𑄬𑄇𑄴𑄇𑄱𑄋𑄴 𑄟𑄪𑄃𑄨 𑄝𑄨𑄣𑄬 𑄖𑄧,Present
মাংসটা সুস্বাদু করে খা,𑄦𑄬𑄢𑄠𑄚𑄴 𑄥𑄪𑄃𑄧𑄖𑄴 𑄥𑄪𑄃𑄖𑄴 𑄉𑄧𑄢𑄨 𑄈𑄠𑄧𑄋𑄴 ।,Present
.আমি পাছাটা বাঁকা করতে পারবো না,𑄟𑄪𑄃𑄨 𑄥𑄧𑄝𑄚𑄬 𑄛𑄨𑄠 𑄦𑄪𑄉𑄪𑄟𑄴 𑄃𑄧𑄟𑄚𑄳𑄠 𑄉𑄧𑄢𑄨 𑄚𑄧 𑄛𑄢𑄨𑄟𑄴 ।,Future
সেখানে আমি তোমাকে দেখি,𑄥𑄨𑄖𑄳𑄠𑄃𑄨 𑄟𑄪𑄃𑄨 𑄖𑄧𑄢𑄬,Present
খাওার চাওা,𑄈𑄬𑄝𑄢𑄴 𑄌𑄋𑄴 ।,Present
"সুোটা কলস আর যত তত না, স্বপ্নে দেখলে যে সেটা করতে হবে","𑄥𑄪𑄉𑄧𑄢𑄴𑄝𑄱 𑄇𑄧𑄣𑄧 𑄥𑄧𑄝𑄧𑄚𑄴 𑄃𑄢𑄴 𑄎𑄬𑄇𑄴 𑄎𑄬𑄇𑄴 𑄃𑄬𑄇𑄴 𑄚𑄧𑄠𑄴 , 𑄥𑄧𑄝𑄧𑄚𑄬 𑄘𑄬𑄣𑄬 𑄡𑄬 𑄥𑄨𑄠𑄚𑄴 𑄉𑄧𑄢 𑄛𑄧𑄢𑄨𑄝𑄱",Future
.সেটা কোনো কথা না,𑄥𑄨𑄠𑄚𑄴 𑄇𑄧𑄚𑄧 𑄇𑄧𑄙 𑄚𑄠𑄴 ।,Present
এখানে বাঘটা বাচ্চাটাকে খেে চুপ করে আছে,𑄃𑄨𑄚𑄴𑄘𑄨 𑄝𑄊𑄴𑄇𑄱 𑄥𑄪𑄉𑄧𑄢𑄴𑄝𑄱𑄢𑄬 𑄈𑄬𑄝𑄖𑄳𑄠𑄬 𑄦𑄟𑄇𑄴𑄇𑄠𑄴 𑄒𑄇𑄴 𑄉𑄧𑄢𑄨 𑄢𑄉𑄬𑄠𑄬 ।,Present
সেখানে সে,𑄥𑄨𑄖𑄳𑄠𑄬 𑄖𑄬,Present
.সুোটা অনেকগুলো সুাল পাতা দিে পালিে আছে।,𑄥𑄪𑄉𑄧𑄢𑄴𑄝𑄱𑄣𑄧𑄃𑄨 𑄚𑄚 𑄥𑄪𑄃𑄧𑄣𑄴 𑄛𑄖𑄴 𑄉𑄧𑄢 𑄙𑄧𑄌𑄴𑄳𑄠 ।,Present
"বাঘটা যত বল বানা,সে শুকরটাকে কল দিে আমি তাকে বলি","𑄝𑄊𑄳𑄠 𑄡𑄧𑄘𑄧𑄝𑄧𑄘𑄬 𑄝𑄧𑄣𑄧 𑄝𑄚𑄴 , 𑄖𑄬 𑄥𑄪𑄉𑄧𑄢𑄴𑄝𑄱𑄢𑄬 𑄇𑄧𑄣𑄧- 𑄟𑄪𑄃𑄨 𑄖𑄢𑄬",Present
হামাগুি দিে খাবো,𑄦𑄟𑄇𑄴𑄈𑄠𑄴 𑄈𑄬𑄟𑄴 ।,Future
.কিন্তু মারার আগে আমি তোমার সে জাগাটা শেষ করবো,𑄖𑄧𑄝𑄬 𑄟𑄢𑄨𑄝𑄢𑄴 𑄃𑄉𑄬𑄘𑄨 𑄟𑄪𑄃𑄨 𑄖𑄧𑄢𑄴 𑄥𑄬𑄎𑄴 𑄃𑄎 𑄛𑄪𑄢𑄧𑄚𑄴 𑄉𑄧𑄢𑄨𑄟𑄴 ।,Future
.সুঁচালো পানিতে পার কোনো পথ নেই,𑄥𑄪𑄉𑄧𑄢𑄝𑄱𑄭 𑄝𑄪𑄏𑄨𑄣𑄧 𑄙𑄬𑄝𑄢𑄴 𑄇𑄧𑄚𑄧 𑄛𑄧𑄗𑄴 𑄚𑄬𑄭 ।,Present
সে বাঘকে কল দিচ্ছে:তুমি আমাকে খাওার জন্য অপেক্ষা করছো,𑄖𑄬 𑄝𑄊𑄳𑄠𑄢𑄬 𑄇𑄧𑄣𑄧 𑄒𑄨𑄉𑄴 𑄃𑄉𑄬:𑄖𑄪𑄃𑄨 𑄟𑄧𑄢𑄬 𑄈𑄬𑄝𑄢𑄴 𑄃𑄉𑄬𑄘𑄨 𑄖𑄧𑄢𑄴,Present
.পজ্জোনের সম তিন জন লোক এই কথাটি বলতে রাজি হলো।,𑄛𑄧𑄇𑄴𑄈𑄬 𑄖𑄨𑄚𑄴𑄧 𑄥𑄇𑄴𑄈𑄨 𑄎𑄪𑄉𑄧𑄣𑄴 𑄉𑄧𑄢𑄴 𑄝𑄊𑄳𑄠𑄬 𑄃𑄬 𑄇𑄧𑄙𑄠𑄚𑄴𑄘𑄮𑄭 𑄢𑄎𑄨 𑄦𑄧𑄣𑄧।,Past
বাঘ আর শুকরটা পলে বানরটা এখানে আসলো,𑄝𑄊𑄴 𑄃𑄳𑄦 𑄥𑄪𑄉𑄧𑄢𑄴𑄝𑄱 𑄛𑄧𑄠𑄴𑄣𑄬 𑄃𑄬𑄇𑄴𑄇𑄮 𑄥𑄇𑄴𑄈𑄨 𑄦𑄨𑄥𑄬𑄝𑄬 𑄝𑄚𑄴𑄘𑄧𑄢𑄴𑄝𑄱 𑄃𑄨𑄘𑄪 𑄡𑄬𑄣𑄇𑄴 ।,Past
সব শুনে বান্দর,𑄝𑄬𑄇𑄴𑄇𑄚𑄨 𑄥𑄪𑄚𑄨𑄚𑄬𑄃𑄨 𑄝𑄚𑄴𑄘𑄧𑄢𑄴𑄎𑄳𑄠,Present
কল-বিালের স্বপ্ন দেখে আমার শুকরগুলোকে খেতে ইচ্ছে করে,𑄇𑄧𑄣𑄧-𑄝𑄊𑄴𑄇𑄱𑄭 𑄥𑄧𑄝𑄧𑄚𑄬 𑄘𑄨𑄇𑄴𑄈𑄬 𑄡𑄬𑄇𑄴𑄈𑄬 𑄦𑄟𑄇𑄴𑄈𑄠𑄴 𑄥𑄪𑄉𑄧𑄢𑄴𑄃𑄪𑄚𑄧𑄢𑄬 𑄈𑄚 𑄘𑄧𑄢𑄴𑄇𑄢𑄴 ।,Present
দুই লার সাপটা,𑄸 𑄣𑄧𑄟𑄴𑄝𑄧𑄢𑄴 𑄥𑄇𑄴𑄈𑄨 𑄈𑄪𑄢𑄧𑄝𑄱,Present
একটা কথা বলো,𑄃𑄬𑄇𑄴𑄈𑄚𑄴 𑄇𑄧𑄙 𑄇𑄧𑄣𑄧 ।,Present
৩.লম্বা সাপ হিসেবে বাদ দিলো এইটা যেন তোমার মা এত ব কথা বলে,𑄹 𑄣𑄧𑄟𑄴𑄝𑄧𑄢𑄴 𑄥𑄇𑄴𑄈𑄨 𑄦𑄨𑄥𑄬𑄝𑄬 𑄝𑄘𑄧𑄣𑄮 𑄃𑄨𑄘𑄪 𑄡𑄬𑄚𑄬 𑄖𑄬 𑄇𑄧𑄣𑄧:𑄖𑄧 𑄟 𑄃𑄨𑄠𑄚𑄴𑄘𑄧 𑄈𑄪𑄝𑄴 𑄃𑄘𑄖𑄳𑄠𑄬 𑄇𑄧𑄙 𑄖𑄪𑄟𑄨 𑄢𑄎 𑄃𑄨𑄘𑄪,Present
"বিচার দাও,বিচারের দিনে আমিও হাসিখুশি থাকবো","𑄝𑄨𑄌𑄢𑄴 𑄘𑄮 𑄉𑄮𑄭, 𑄝𑄨𑄌𑄢𑄧 𑄘𑄨𑄚𑄧𑄖𑄴 𑄟𑄪𑄃𑄨𑄤𑄧 𑄦𑄎𑄨𑄣𑄴 𑄗𑄬𑄟𑄴 ।",Future
রাজা তার পাত্র মেেকে দিলেন,𑄢𑄎 𑄖 𑄛𑄖𑄳𑄢𑄧 𑄟𑄨𑄖𑄳𑄢𑄧𑄣𑄮𑄭,Past
".সবগুলো শুনে শুনে সুাটা বলে,মহা রাজ একটার সম আছে","𑄝𑄬𑄇𑄴𑄇𑄚𑄨 𑄥𑄪𑄚𑄨𑄣𑄧 𑄛𑄧𑄢𑄬𑄘𑄨 𑄥𑄪𑄉𑄧𑄢𑄝𑄱 𑄇𑄧𑄣𑄧, 𑄟𑄧𑄦 𑄢𑄎𑄴 𑄃 𑄃𑄬𑄇𑄇𑄴𑄉𑄮 𑄥𑄇𑄴𑄈𑄨 𑄃𑄉𑄬 ।",Present
সে যতটা পারে যা,𑄖𑄬 𑄡𑄬𑄘𑄴𑄪𑄢𑄴 𑄛𑄢𑄬 𑄡𑄘𑄨,Present
"রাজা কল টিক আছে, তোমার সাথীর সাথে বািতে থাকবো","𑄢𑄎𑄠𑄴 𑄇𑄧𑄣𑄧-𑄑𑄨𑄇𑄴 𑄃𑄉𑄬, 𑄖𑄧 𑄥𑄇𑄴𑄈𑄨𑄝𑄱𑄢𑄬 𑄝𑄌𑄴𑄌𑄬 𑄗𑄬𑄝𑄧𑄋𑄴 ।",Future
কিছুক্ষণ পর রাজদরবারে কি একটা পলো,𑄈𑄚𑄧𑄇𑄧𑄚𑄴 𑄝𑄘𑄬 𑄝𑄪𑄘𑄪𑄟𑄴 𑄉𑄧𑄢𑄨𑄚𑄬𑄭 𑄢𑄎𑄴 𑄘𑄧𑄢𑄴𑄝𑄢𑄧𑄖𑄴 𑄇𑄨 𑄃𑄬𑄇𑄴𑄈𑄚𑄴 𑄛𑄧𑄣𑄴𑄣𑄧 ।,Present
সবাই হামাগুি দিেছে,𑄝𑄬𑄇𑄴𑄇𑄪𑄚𑄬 𑄦𑄟𑄧𑄇𑄴 𑄃𑄧𑄚𑄬𑄭 𑄌𑄬𑄣𑄉𑄴,Present
একটা বাদল খোঁজা একনাগাে নাচ,𑄃𑄬𑄇𑄴𑄇𑄮 𑄝𑄘𑄧𑄣𑄴 𑄈𑄪𑄎𑄨𑄠𑄬 𑄃𑄬𑄉𑄧𑄎 𑄚𑄎𑄬𑄢𑄴।,Present
রাজা রাগ করে বাদালকে বলল:এই তোমার কি আছে?,𑄢𑄎𑄠𑄴 𑄢𑄉𑄴 𑄉𑄧𑄢𑄨𑄚𑄬𑄭 𑄝𑄘𑄧𑄣𑄮𑄢𑄬 𑄇𑄧𑄣𑄧:𑄃𑄬𑄃𑄨 𑄖𑄧𑄢𑄴 𑄇𑄨 𑄃𑄧𑄠𑄬?,Past
এক জাতী বুনো ফল,𑄝𑄘𑄧𑄣𑄮𑄭,Present
"নাচ করতে করতে কল মহারাজ আমার জন্য অপেক্ষা করতেছে,আমি দৌাদৌি করতে করতে স্বপ্নে দেখি","𑄚𑄎𑄧𑄘𑄬 𑄚𑄎𑄧𑄘𑄬 𑄇𑄧𑄣𑄧 𑄟𑄧𑄦𑄢𑄎𑄴 𑄟𑄧𑄢𑄬 𑄟𑄜𑄴 𑄉𑄧𑄢𑄨𑄌𑄴, 𑄟𑄪𑄃𑄨 𑄘𑄧𑄚𑄴𑄘𑄧𑄟 𑄃𑄪𑄉𑄪𑄢𑄬 𑄊𑄪𑄟𑄴 𑄡𑄘𑄬 𑄡𑄘𑄬 𑄥𑄧𑄝𑄧𑄚𑄬 𑄘𑄬𑄇𑄴𑄈𑄧𑄋𑄴",Present
আমার সাথে রাজকার মেলা হেছে এই জিনিসগুলো দিে আমি আর থাকতে পারি না,𑄟𑄧 𑄥𑄧𑄟𑄢𑄬 𑄢𑄎𑄴𑄇𑄧𑄚𑄳𑄠𑄢𑄴 𑄟𑄬𑄣 𑄦𑄧𑄢𑄴 𑄃𑄬 𑄥𑄧𑄝𑄧𑄚𑄚𑄴 𑄘𑄬𑄚𑄬𑄭 𑄟𑄪𑄃𑄨 𑄈𑄪𑄎𑄨𑄠𑄬 𑄗𑄬 𑄚𑄧 𑄛𑄢𑄧𑄋𑄧𑄢 𑄴।,Present
বাদলের কথা শুনে রাজা এত রাগ করে কেন?,𑄝𑄘𑄧𑄣𑄮 𑄇𑄧𑄙 𑄥𑄪𑄚𑄨𑄚𑄬𑄭 𑄢𑄎𑄠𑄴 𑄡𑄧𑄘𑄧𑄝𑄧𑄘𑄬 𑄢𑄉𑄴 𑄥𑄧𑄝𑄧𑄚𑄴 𑄇𑄨 𑄇𑄧𑄚𑄧 𑄎𑄧𑄚𑄬 𑄝𑄨𑄥𑄴𑄥𑄥𑄴 𑄉𑄧𑄢𑄧𑄚𑄴?,Present
.সমান সমান এক,𑄥𑄧𑄝𑄧𑄚𑄴 𑄃 𑄎𑄬𑄇𑄴𑄎𑄬𑄇𑄴 𑄃𑄬𑄇𑄴,Present
. হ না,𑄚𑄧 𑄦𑄧𑄠𑄴 ।,Present
বাদলো সমে দুইজনে কিভাবে শুকরটাকে খেেছে?,𑄝𑄘𑄧𑄣𑄮𑄭 𑄥𑄧𑄟𑄢𑄬 𑄥𑄧𑄟𑄢𑄬 𑄇𑄧𑄣𑄧 𑄟𑄧𑄦 𑄢𑄎𑄴 𑄥𑄣𑄬𑄚𑄴 𑄝𑄊𑄴𑄇𑄮𑄭 𑄇𑄬𑄚𑄬 𑄥𑄪𑄉𑄧𑄢𑄴𑄝𑄱𑄢𑄬 𑄈𑄬𑄘𑄧 𑄟𑄉𑄬?,Present
ইান,𑄃𑄨𑄠𑄚𑄴,Present
শুনে শুনে রাজা সাথে সাথে শুকরটাকে মেরে দিল,𑄥𑄪𑄚𑄨𑄚𑄬𑄭 𑄢𑄎𑄠𑄴 𑄣𑄧𑄉𑄬 𑄣𑄧𑄉𑄬 𑄥𑄪𑄉𑄧𑄢𑄴𑄝𑄱 𑄇𑄨𑄖𑄳𑄠𑄬 𑄢𑄠𑄴 𑄘𑄨𑄣𑄧 ।,Past
তার ঝগাটা একটা হুক্কা দিে দিে গেল,𑄖 𑄏𑄬𑄢𑄬 𑄥𑄪𑄉𑄧𑄢𑄝𑄱 𑄃𑄬𑄇𑄴𑄇𑄮 𑄘𑄝 𑄘𑄨 𑄝𑄣𑄧𑄘𑄴𑄘𑄪𑄢𑄧𑄖𑄴 𑄙𑄬𑄭 𑄉𑄬𑄣𑄧 𑄉𑄮𑄭 ।,Past
আরও কোনো দিন বাঘটা কানের কাছে আসে না,𑄃𑄢𑄴 𑄇𑄧𑄚𑄧 𑄘𑄨𑄚𑄴 𑄝𑄊𑄴𑄇𑄮 𑄇𑄚𑄴𑄎𑄝 𑄇𑄪𑄢𑄬 𑄚𑄧,Present
bdmean,𑄃𑄬𑄣𑄧।,Present
১. ২. বিশ,𑄸𑄶,Present
পাহাের টিকি/মাজা দিে,𑄦𑄇𑄧 𑄴 𑄃𑄪𑄖𑄴𑄖𑄧𑄢𑄧𑄢𑄴 𑄑𑄨𑄇𑄴 ( )𑄟𑄎𑄢 𑄘𑄨𑄃𑄨𑄃𑄨 ।,Present
জঙ্গলের ভিতরে কি ছানো আছে?,𑄏𑄢𑄧 𑄞𑄨𑄘𑄨𑄢𑄬 𑄇𑄨 𑄍𑄧 𑄉𑄠𑄴𑄉𑄠𑄴 𑄇𑄚𑄬𑄢𑄴 ?,Present
শুকরের ছাা খাওা,𑄥𑄪𑄉𑄧𑄢𑄴 𑄍𑄧 𑄈।,Present
পেগ,𑄛𑄬𑄉𑄧 𑄍𑄧,Present
বিেতে ছা,𑄝𑄨𑄣𑄬𑄃𑄨 𑄍𑄧 𑄊।,Present
গরুর ছাা,𑄉𑄧𑄢𑄪 𑄍𑄧,Present
কে সপ্নে সপ্নে শুকরকে খেতে দেখে,𑄇𑄧𑄚𑄴𑄚 𑄥𑄧𑄝𑄧𑄚𑄬 𑄥𑄧𑄝𑄧𑄚𑄬 𑄥𑄪𑄉𑄧𑄢𑄴𑄝𑄱𑄢𑄬 𑄈𑄘𑄬 𑄘𑄬𑄈𑄴𑄇𑄬 ?,Present
সেতাল খাওা,𑄥𑄨𑄠𑄣𑄴 𑄈।,Present
বাঘ,𑄝𑄊𑄴,Present
ভালুকের ঘা,𑄞𑄣𑄪𑄇𑄴 𑄊।,Present
"বিাল, বিাল",𑄝𑄬𑄣𑄬𑄃𑄨,Present
বাঘ এ শুকরের পথে কে আছে?,𑄝𑄊𑄴 𑄃 𑄥𑄪𑄉𑄧𑄢𑄴 𑄛𑄧𑄖𑄴𑄗𑄧𑄟𑄬 𑄇 𑄃𑄨𑄘𑄪 𑄡𑄨𑄠𑄧𑄚𑄴 ?,Present
বানরটা এটা খাও,𑄝𑄚𑄴𑄘𑄧𑄢𑄴𑄝𑄱 𑄃𑄨𑄘𑄪 𑄈।,Present
"রাজা, রাজা",𑄢𑄎𑄃𑄨𑄘𑄪,Present
মন্ত্রীটার ঘা,𑄟𑄧𑄚𑄴𑄖𑄳𑄢𑄨𑄃𑄨𑄘𑄪 𑄊।,Present
বস,𑄝𑄘𑄧𑄣𑄴𑄣𑄱𑄃𑄨𑄘𑄪,Present
".সবগুলো একবারে না, এই কথাটা কে বলে?","""𑄥𑄧𑄝𑄧𑄚𑄴 𑄃 𑄎𑄬𑄇𑄴𑄎𑄬𑄇𑄴 𑄃𑄬𑄇𑄴 𑄚𑄧𑄠𑄴"" 𑄃𑄬 𑄇𑄧𑄙𑄚𑄴 𑄇𑄧𑄚𑄴𑄚 𑄇𑄧𑄠𑄬 ?",Present
বাদল খাওা,𑄝𑄘𑄧𑄣𑄴 𑄈।,Present
স্বপ্নে স্বপ্নে রাজার মেেটা মেলা হেছে-এই স্বপ্ন কে দেখে,𑄥𑄧𑄝𑄧𑄚𑄬 𑄥𑄧𑄝𑄧𑄚𑄬 𑄢𑄎 𑄏𑄨𑄝𑄱𑄣𑄮𑄃𑄨 𑄟𑄬𑄣 𑄦𑄪𑄠𑄬-𑄃𑄬 𑄥𑄧𑄝𑄧𑄚𑄚𑄴 𑄇𑄧𑄚𑄴𑄚 𑄘𑄨𑄇𑄴𑄈𑄬 ?,Present
বাঘ খাওা,𑄝𑄊𑄴 𑄈।,Present
"ব, বিরাট, বিশাল, বিশাল",𑄝𑄘𑄧𑄣𑄴,Present
শুকরের ঘা,𑄥𑄪𑄉𑄧𑄢𑄴 𑄊।,Present
১. বানর ২. বানর,𑄝𑄚𑄴𑄘𑄧𑄢𑄴,Present
"১. ২. ২. ২. ২. (দা, ছুরি প্রভৃতির) হাতল",𑄸𑄷,Present
উপরে রোদ পোহা,𑄃𑄪𑄉𑄪𑄘𑄧 𑄢𑄧 𑄟𑄨𑄬𑄨𑄣𑄬𑄃𑄨 ।,Present
ছোট করে উত্তর দিে আসলাম,𑄌𑄨𑄉𑄧𑄚𑄴 𑄉𑄧𑄢𑄨 𑄃𑄪𑄖𑄴𑄧𑄢𑄴 𑄘𑄨𑄃𑄨 𑄃 𑄣𑄨𑄊𑄨 ।,Past
বাঘটা কি স্বপ্ন দেখে,𑄝𑄊𑄳𑄠𑄬 𑄇𑄨 𑄥𑄧𑄝𑄧𑄚𑄴 𑄘𑄨𑄇𑄴𑄈𑄬 ?,Present
সুো কাকে পছন্দ করে?,𑄥𑄪𑄉𑄧𑄢𑄴 𑄇𑄢𑄬 𑄇𑄢𑄬 𑄥𑄇𑄴𑄈𑄨 𑄢𑄉𑄬𑄠𑄬 ?,Present
কোন ছানো গুোটা খেে নিে আসো?,𑄇𑄧𑄚𑄴𑄚𑄮 𑄍𑄧𑄉𑄪𑄚𑄧𑄖𑄬𑄭 𑄈𑄬𑄝𑄢𑄴 𑄗𑄧𑄉𑄬 𑄃𑄚𑄨 𑄘𑄬?,Present
সপ্নের সাথে বেশি বেশি মিল নেই এই কথাটা কে বলে?,𑄥𑄧𑄝𑄧𑄚𑄧 𑄣𑄧𑄉𑄬 𑄎𑄬𑄇𑄴 𑄎𑄬𑄇𑄴 𑄉𑄧𑄢𑄨 𑄟𑄨𑄣𑄴 𑄚𑄬𑄭 𑄃𑄬𑄭 𑄇𑄧𑄙𑄠𑄚𑄴 𑄇𑄧𑄚𑄴𑄚 𑄇𑄧𑄠𑄬?,Present
রাজা কি রাা দো,𑄢𑄎 𑄇𑄨 𑄢𑄠𑄴 𑄘𑄨𑄠𑄬 ?,Present
বাঘ দোা,𑄝𑄊𑄴 𑄘𑄮𑄃𑄧,Present
আনা ঠিক নেই,𑄃𑄚𑄚 𑄒𑄨𑄇𑄴 𑄚𑄬𑄃𑄨,Present
১. কাঁদানো রাজা ২. কান্না করা,𑄇𑄚𑄚 𑄢𑄎,Present
"কামানো, কামানো",𑄇𑄟𑄇𑄈𑄠𑄴 𑄦𑄎𑄚,Present
ঠিক ঘাে,𑄒𑄨𑄇𑄴 𑄊𑄖𑄴,Present
এক জাতী ভালুক,𑄛𑄧𑄖𑄴 𑄞𑄣𑄪𑄇𑄴,Present
নিশ্বাস নেওা,𑄥𑄧𑄝𑄚𑄴 𑄚𑄬𑄎𑄚,Present
দস ডোবার তেরাটা ছোট ছোট জাতি,𑄘𑄧𑄥𑄴 𑄞𑄎𑄧𑄢𑄴 𑄖𑄬𑄢𑄴𑄝𑄱 𑄌𑄨𑄉𑄮𑄚𑄴 𑄌𑄨𑄉𑄮𑄚𑄴 𑄎𑄖𑄨,Present
. যুগ যুগ ধরে চাটাইটা হিলে আছে,𑄡𑄪𑄉𑄴 𑄡𑄪𑄉𑄴 𑄙𑄧𑄢𑄨 𑄌𑄘𑄨𑄉𑄋𑄴 𑄦𑄨𑄣𑄧𑄖𑄴 𑄃𑄉𑄨 ।,Present
অনেক করে বেঁচে থাকার ইচ্ছা,𑄃𑄧𑄇𑄴𑄇𑄧𑄢𑄴 𑄉𑄧𑄢𑄨 𑄝𑄎𑄨 𑄗𑄬𑄝𑄢𑄴 𑄃𑄎𑄠,Present
.পাখির ডানা দিে বাতাস বতেছে,𑄛𑄬𑄃𑄨𑄉𑄧 𑄦𑄬𑄠𑄖𑄴 𑄝𑄱𑄠𑄢𑄴 𑄝𑄎𑄬 𑄃𑄪𑄢𑄨𑄝𑄣𑄴𑄭 ।,Present
শীতকালের আলো ফোটার,𑄣𑄬𑄃𑄨𑄟𑄴𑄛𑄧𑄎𑄳𑄠𑄬 𑄎𑄘𑄧𑄢𑄴 𑄛𑄳𑄦𑄧𑄢𑄴 𑄜𑄪𑄘𑄬𑄝𑄢𑄴,Present
বাঁশের পাতলা ফালি দিে সুতা বের করা যা,𑄝𑄚𑄬𑄣𑄧 𑄛𑄖𑄨 𑄥𑄚𑄴𑄖𑄨 𑄝𑄈𑄨𑄚𑄨 𑄚𑄋𑄴 𑄡𑄢𑄴 ।,Present
৮১৩৮. তাকে সাধু বানালো,𑄷𑄿𑄽𑄹 𑄥𑄣𑄧𑄖𑄴 𑄥𑄙𑄪 𑄝𑄘𑄴 𑄎𑄚𑄬𑄣𑄇𑄴 𑄖𑄢𑄬,Past
আমাদের নেতা মানুষ নাাচাা করতেছে,𑄃𑄟 𑄚𑄬𑄖 𑄟𑄚𑄧𑄝𑄬𑄚𑄴𑄘𑄳𑄢𑄧 𑄚𑄢𑄠𑄧𑄚𑄴 𑄣𑄢𑄴𑄟𑄢𑄬 ।,Present
এক জাতী বন বাসিজঙ্গলে রাত কাটায়,𑄃𑄧𑄣𑄧𑄉𑄮𑄃𑄨 𑄝𑄧𑄚𑄧 𑄝𑄥𑄨 𑄏𑄢𑄧𑄖𑄴 𑄇𑄘𑄠𑄴 𑄘𑄨𑄚𑄴 𑄢𑄬𑄖𑄴,Present
.মেে পা কাজ খেে মাথা ব্যাথা করে,𑄟𑄧𑄎 𑄜𑄪𑄉𑄨 𑄇𑄟𑄧𑄢𑄴 𑄈𑄬𑄃𑄨 𑄚𑄧 𑄉𑄧𑄢𑄬 𑄟𑄙 𑄇𑄬𑄃𑄨𑄖𑄴 ।,Present
এত ঝগা পে ও টিকতে পারে না,𑄃𑄬𑄘𑄧𑄇𑄴 𑄖𑄬𑄉𑄧𑄢𑄴 𑄛𑄧𑄢𑄬𑄘𑄨 𑄤𑄧 𑄚𑄧 𑄛𑄢𑄨𑄣𑄧 𑄝𑄎𑄨,Present
বাির কা দিল প্রাণটা ঝাি,𑄊𑄧𑄢𑄧 𑄇𑄧𑄎𑄳𑄠𑄖𑄴 𑄘𑄨𑄣𑄧 𑄛𑄧𑄢𑄚𑄚𑄴 𑄏𑄏𑄨 ।,Past
২ ডিসেম্বর ১৯৯৫ সালে হলো শান্তিচুক্তি,𑄸 𑄓𑄨𑄥𑄬𑄟𑄴𑄝𑄧𑄢𑄴 𑄷𑄿𑄿𑄽 𑄥𑄣𑄧𑄖𑄴 𑄦𑄧𑄣𑄧 𑄥𑄚𑄴𑄖𑄨 𑄌𑄪𑄇𑄴𑄖𑄨,Past
হিল মানুষরা মুক্তি পেল,𑄦𑄨𑄣𑄧 𑄟𑄚𑄪𑄥𑄴𑄧𑄚𑄧𑄢𑄴 𑄟𑄨𑄣𑄨𑄣𑄧 𑄟𑄪𑄇𑄴𑄖𑄨 ।,Past
পাতি-দল,𑄛𑄖𑄨-𑄘𑄧𑄣𑄴 ।,Present
.মানুষটা শামুকের পা দিে শামুকের পাে পে,𑄟𑄚𑄧𑄝𑄬𑄚𑄴𑄘𑄳𑄢𑄧 𑄚𑄢𑄠𑄧𑄚𑄴 𑄣𑄢𑄴𑄟 𑄛𑄢𑄴𑄝𑄧𑄖𑄳𑄠𑄧 𑄟𑄚𑄧𑄎𑄧𑄢𑄴𑄣𑄭 𑄛𑄖𑄨 𑄝𑄚𑄬𑄠𑄬 ।,Present
লেলিে পা,𑄣𑄬𑄃𑄨𑄟 𑄛𑄧𑄏𑄳𑄠𑄬-𑄛𑄨𑄌𑄴𑄌𑄬 𑄛𑄧𑄢 ।,Present
হিল চাদিার মানুষরা লেই পেছে,𑄦𑄨𑄣𑄴 𑄌𑄘𑄨𑄉𑄋𑄧𑄢𑄴 𑄟𑄚𑄪𑄥𑄴𑄪𑄚𑄴 𑄣𑄬𑄃𑄨𑄟𑄴 𑄛𑄧𑄎𑄳𑄠𑄬 ।,Present
কাা-সম পার হওা,𑄇𑄘𑄠𑄴-𑄥𑄧𑄟𑄧𑄠𑄴 𑄛𑄢𑄴 𑄉𑄧𑄢𑄧𑄚 ।,Present
একা একা দিন রাত কাটানো,𑄚𑄨𑄎𑄧𑄢𑄬 𑄖𑄬𑄠𑄉𑄴 𑄉𑄧𑄢𑄨𑄚𑄬𑄃𑄨 𑄘𑄨𑄚𑄴 𑄢𑄬𑄃𑄨𑄘𑄴 𑄇𑄘𑄠𑄴 ।,Present
অক্কর-খ যা না,𑄃𑄧𑄇𑄴𑄇𑄧𑄢𑄴-𑄈𑄧𑄠𑄴 𑄚𑄧 𑄡𑄠𑄴 ।,Present
ভালো কাজ করলে নিজের উপর রাগ করবে,𑄉𑄧𑄟𑄴 𑄇𑄟𑄴 𑄉𑄧𑄢𑄨𑄚𑄬𑄃𑄨 𑄚𑄨𑄎𑄧𑄢𑄬 𑄃𑄧𑄇𑄴𑄇𑄧𑄢𑄴 𑄉𑄧𑄢𑄨 𑄢𑄉𑄬𑄝𑄧𑄋𑄴 ।,Future
ঝাু দিে কাউকে শাস্তি দেওা,𑄏𑄏𑄨-𑄇𑄮𑄚𑄴 𑄎𑄨𑄚𑄨𑄥𑄴 𑄇𑄢𑄧𑄢𑄬 𑄉𑄧𑄎𑄬 𑄘𑄬𑄚 ।,Present
পাহাে নিজের প্রাণটা ঝগা দিে,𑄣𑄢𑄴𑄟 𑄚𑄨𑄎𑄧 𑄛𑄧𑄢𑄚𑄚𑄴 𑄏𑄏𑄨 𑄘𑄨𑄠𑄬 ।,Present
মুক্তি-কোন বিপদ থেকে রেহাই পাওা,𑄟𑄪𑄇𑄴𑄖𑄨- 𑄇𑄮𑄚𑄧 𑄘𑄧𑄎𑄖𑄴𑄪𑄚𑄴 𑄥𑄧𑄢𑄚𑄴 𑄛𑄚 ।,Present
.১৯৯৭ সালে শান্তিচুক্তি হে মুক্তি হলো।,𑄷𑄿𑄿𑄽 𑄥𑄣𑄧𑄖𑄴 𑄥𑄚𑄴𑄖𑄨 𑄌𑄪𑄇𑄴𑄖𑄨 𑄦𑄧𑄚𑄬𑄠𑄴 𑄟𑄪𑄇𑄴𑄖𑄨 𑄦𑄧𑄣𑄴 ।,Past
সুর ধরে কোথা আছে,𑄥𑄪𑄢𑄴 𑄙𑄧𑄢𑄨 𑄇𑄧𑄃𑄨 𑄃 𑄣𑄨𑄊𑄨 ।,Present
লাইম পা জাগা আলো পতেছে,𑄣𑄬𑄃𑄨𑄟𑄴 𑄛𑄧𑄎𑄳𑄠 𑄎𑄘𑄧𑄢𑄬 𑄛𑄳𑄦𑄧𑄢𑄴 𑄛𑄪𑄘𑄬𑄝𑄢𑄴,Present
পূজা,𑄛𑄪𑄎𑄮𑄢𑄴 ।,Present
বাঙালি কথা বাদ দিে চূা গ্রামে কটা কথা আছে?,𑄝𑄋𑄣𑄴 𑄇𑄧𑄙 𑄝𑄘𑄬 𑄛𑄢𑄴𑄝𑄧𑄖𑄳𑄠𑄧 𑄌𑄧𑄖𑄴𑄖𑄧 𑄉𑄳𑄢𑄟𑄧𑄖𑄴 𑄃 𑄇𑄧𑄠𑄴𑄠𑄚𑄴 𑄇𑄧𑄙 𑄃𑄉𑄬 ?,Present
লাইম পা জাত কে?,𑄣𑄬𑄃𑄨𑄟𑄴 𑄛𑄧𑄎𑄳𑄠 𑄎𑄖𑄴 𑄇𑄧𑄚𑄴𑄚 ?,Present
মানুষের নাাচাাটা কখন ফাটালো?,𑄟𑄚𑄧𑄝𑄬𑄚𑄴𑄘𑄳𑄢𑄧 𑄚𑄢𑄠𑄧𑄚𑄴 𑄣𑄢𑄴𑄟 𑄇𑄧𑄇𑄴𑄈𑄬 𑄛𑄖𑄨 𑄝𑄚𑄬𑄣𑄧 ?,Past
মানুষের পাটা কখন ঝাকিে দিল,𑄟𑄚𑄧𑄝𑄬𑄚𑄴𑄘𑄳𑄢𑄧 𑄣𑄢𑄴𑄟 𑄇𑄧𑄇𑄴𑄈𑄬 𑄛𑄧𑄢𑄚𑄴 𑄏𑄏𑄨 𑄘𑄨𑄣𑄧 ?,Past
.সানি চুক্তি কখন হলো?,𑄥𑄚𑄴𑄖𑄨 𑄌𑄪𑄇𑄴𑄖𑄨 𑄇𑄇𑄴𑄈𑄬 𑄦𑄧𑄣𑄧 ?,Past
bdmean,𑄸𑄹,Present
.সাপারি বন্ধ দিন,𑄥𑄟𑄴𑄛𑄢𑄨 𑄝𑄧𑄚𑄴𑄙𑄧 𑄘𑄨𑄚𑄴,Present
এক জাতী ত্রিপুরা,𑄝𑄨𑄚𑄮𑄘𑄧𑄚𑄴 𑄖𑄳𑄢𑄨𑄛𑄪𑄢,Present
.সাম্পারি ৩ তালা পে,𑄥𑄟𑄴𑄛𑄢𑄨 𑄹 𑄇𑄬𑄣𑄎𑄧𑄖𑄴 𑄛𑄧𑄢𑄬।,Present
বাগান করা তার খুব শখ,𑄝𑄉𑄚𑄴 𑄉𑄧𑄢𑄚 𑄖𑄢𑄴 𑄡𑄧𑄘𑄧𑄝𑄧𑄘𑄬 𑄃𑄤𑄧𑄌𑄴 ।,Present
তাদের বািটা পাহাড়ের উপরে,𑄖𑄢 𑄊𑄧𑄢𑄚𑄴 𑄟𑄪𑄢𑄧 𑄃𑄪𑄉𑄪𑄢𑄬 ।,Present
"বাি, বাি, বাি",𑄊𑄧𑄢𑄧,Present
কানশাবককে তারা কোচপেে বাগান করে,𑄇𑄚𑄴𑄏𑄝𑄇𑄪𑄢𑄬 𑄖𑄢 𑄇𑄮𑄌𑄴 𑄛𑄬𑄠𑄬 𑄝𑄉𑄚𑄴 ।,Present
স্কুল পাশ পেলে সে তাদের বাগানে যা,𑄃𑄨𑄥𑄴𑄇𑄪𑄣𑄴 𑄍𑄪𑄖𑄴𑄖𑄨 𑄛𑄬𑄣𑄬 𑄖𑄬 𑄖𑄢 𑄝𑄉𑄚𑄧𑄖𑄴 𑄡𑄠𑄴 ।,Present
"দিন, রাত",𑄘𑄨𑄚𑄴𑄟𑄚𑄬,Present
বিাল হলে সে তার ফুলের বাগানে পানি দো ভালো,𑄝𑄨𑄣𑄳𑄠𑄬 𑄦𑄧𑄣𑄬 𑄖𑄬 𑄖 𑄜𑄪𑄣𑄧 𑄉𑄍𑄴𑄪𑄚𑄧𑄖𑄴 𑄛𑄚𑄨 𑄘𑄬 𑄘𑄬 𑄉𑄧𑄟𑄴 𑄛𑄠𑄴 ।,Present
বাগানে অনেক ব ফুল আছে,𑄝𑄉𑄚𑄧𑄖𑄴 𑄚𑄚𑄝𑄝𑄧𑄖𑄳𑄠𑄬 𑄜𑄪𑄣𑄴 𑄃 𑄉𑄪𑄣𑄧-𑄉𑄪𑄣𑄨 𑄉𑄌𑄴,Present
অব্য পদ,𑄃𑄊𑄧𑄚𑄴।,Present
এক জাতী ফুল আমাদের দেশের জাতী ফুল,𑄛𑄧𑄘𑄴𑄘𑄧 𑄜𑄪𑄣𑄴 𑄃𑄟 𑄘𑄬𑄎𑄧 𑄎𑄖𑄨𑄠𑄧 𑄜𑄪𑄣𑄴 𑄖 𑄛𑄧𑄢𑄬𑄤𑄧 𑄥𑄟𑄴𑄛𑄢𑄨 𑄖𑄬 𑄥𑄧𑄘𑄧𑄢𑄇𑄴 𑄜𑄪𑄣𑄴 𑄉𑄧𑄟𑄴 𑄣𑄉𑄬 ।,Present
পাের সুগন্ধি লাগালে শুকরের সুগন্ধি কমে,𑄛𑄠𑄴 𑄥𑄧𑄘𑄧𑄢𑄧𑄇𑄴 𑄜𑄪𑄣𑄴 𑄣𑄉𑄬𑄣𑄬 𑄛𑄪𑄇𑄴 𑄎𑄪𑄉𑄧𑄢𑄴 𑄖𑄪𑄥𑄳𑄠𑄬 𑄇𑄧𑄟𑄬 ।,Present
.সাবান ফুল জুমের পদচিহ্নগুলো সুর করে দে,𑄥𑄧𑄘𑄧𑄢𑄧𑄇𑄴 𑄜𑄪𑄣𑄴 𑄎𑄪𑄟𑄧 𑄛𑄧𑄘𑄧 𑄘𑄨𑄙𑄇𑄳𑄠𑄬 𑄥𑄪𑄢𑄴 𑄉𑄧𑄢𑄨 𑄣𑄉𑄚𑄴,Present
তার বাগানে অনেক ফুল আছে,𑄖 𑄝𑄉𑄚𑄧𑄖𑄴 𑄚𑄚𑄝𑄝𑄧𑄖𑄳𑄠𑄬 𑄥𑄧𑄘𑄧𑄢𑄧𑄇𑄴 𑄜𑄪𑄣𑄴 𑄃𑄉𑄧𑄚𑄴 ।,Present
"এক জাতী ফুল বাদেও লাল জবা,অপরজন,গোল","𑄥𑄧𑄘𑄧𑄢𑄧𑄇𑄴 𑄜𑄪𑄣𑄴 𑄝𑄘𑄬𑄤𑄧 𑄢𑄧𑄇𑄴𑄖𑄧 𑄎𑄧𑄝,𑄃𑄧𑄛𑄧𑄢𑄎𑄨𑄖𑄧 , 𑄉𑄮𑄣𑄇𑄴 ,",Present
সূর্য ডোবার সম এক জাতী ফুল আছে,𑄝𑄬𑄣𑄴 𑄜𑄪𑄣𑄴 𑄃 𑄓𑄣𑄨𑄠 𑄜𑄪𑄣𑄴 𑄃𑄉𑄧𑄚𑄴।,Present
"১. ২. ২. ২. ২. ১. ২. ২. ২. ১. ২. ৩. ১. (কলা প্রভৃতির) কাঁদি, ২. (কলা প্রভৃতির) কাঁদি",𑄸𑄻,Present
কানের কাছে তার ব একটা বাগান আছে,𑄇𑄚𑄴𑄎𑄝𑄇𑄪𑄢𑄬 𑄖 𑄝𑄝𑄧𑄢𑄴 𑄃𑄬𑄇𑄴𑄇𑄚𑄴 𑄝𑄉𑄚𑄴 𑄃𑄉𑄬 ।,Present
তার বাির নাম সুঁচালো,𑄖 𑄝𑄝𑄧𑄢𑄴 𑄚𑄟𑄴 𑄥𑄪𑄇𑄴𑄥𑄪𑄇𑄳𑄠 ।,Present
বাগানে অনেক ব ব,𑄝𑄉𑄚𑄧𑄖𑄴 𑄚𑄚𑄝𑄝𑄧𑄖𑄳𑄠𑄬,Present
গুলতিটা গাছ লাগে তার,𑄉𑄪𑄣𑄧𑄉𑄪𑄣𑄨 𑄉𑄎𑄴 𑄣𑄉𑄨𑄠𑄬 𑄖 𑄝𑄝𑄬 ।,Present
"গুলতিগুলো হলো কলা,খাওা গুল","𑄉𑄪𑄣𑄧𑄉𑄪𑄣𑄨𑄧𑄃𑄪𑄚𑄴 𑄦𑄧𑄣𑄉𑄴-𑄇𑄧𑄣,𑄈𑄧𑄉𑄨𑄠𑄬 𑄉𑄪𑄣𑄧,",Present
"আম,জামেজি,বোাল,বই,বই,বই,বই,বই,বই,বই,বিাল,আবোল তাবোল,আবোল তাবোল দেখা যা","𑄃𑄟𑄴,𑄎𑄟𑄬𑄎𑄨,𑄇𑄖𑄴𑄖𑄧𑄣𑄴,𑄉𑄮𑄠𑄬𑄟𑄴,𑄝𑄧𑄢𑄧𑄃𑄨,𑄇𑄘𑄟𑄧𑄣,𑄎𑄧𑄣𑄴𑄛𑄃𑄨,𑄃𑄟𑄢 𑄃 𑄣𑄨𑄌𑄪 𑄉𑄎𑄴 𑄝𑄬𑄥𑄴 𑄘𑄬𑄊 𑄡𑄠𑄴 ।",Present
গুলতি,𑄉𑄪𑄣𑄧 𑄉𑄪𑄣𑄨,Present
ভে আমার অনেক ভালো লাগে,𑄞𑄨𑄘𑄨𑄢𑄬 𑄃𑄟𑄴 𑄡𑄧𑄘𑄧𑄝𑄧𑄘𑄬 𑄉𑄧𑄟𑄴 𑄣𑄉𑄬।,Present
"আম,জামাবিজি,লিজু একটি গোল গোল","𑄃𑄟𑄴,𑄎𑄟𑄝𑄨𑄎𑄨,𑄣𑄨𑄎𑄪 𑄃 𑄇𑄖𑄴𑄖𑄧𑄣𑄴 𑄉𑄧𑄢𑄧𑄟𑄴 𑄇𑄣𑄧 𑄉𑄪𑄣𑄧𑄉𑄪𑄣𑄨 ।",Present
"সব ব্যথা, সব ব্যথা",𑄝𑄬𑄇𑄴 𑄢𑄨𑄘𑄧𑄖𑄴,Present
সাম্পারি তাদের বাগানে গুলতি খেেছে,𑄥𑄟𑄴𑄛𑄢𑄨 𑄖𑄢 𑄝𑄉𑄚𑄧𑄖𑄴 𑄉𑄪𑄣𑄧𑄉𑄪𑄣𑄨 𑄈𑄬𑄝𑄢𑄴𑄖𑄬 𑄌𑄠𑄴 ।,Present
. কলা এ খগা গোা করতে হ,𑄇𑄧𑄣 𑄃 𑄈𑄧𑄉𑄬𑄠 𑄉𑄮𑄘 𑄝𑄧𑄎𑄧𑄢𑄴 𑄛𑄠𑄴 ।,Present
"বাগানে মেে,জুোটা পেেছে,ফুলগুলো অনেক ব হেছে","𑄝𑄉𑄚𑄧𑄖𑄴 𑄟𑄧𑄚,𑄎𑄪𑄢𑄴𑄝𑄱 𑄛𑄬𑄃𑄨𑄉𑄴,𑄜𑄪𑄣𑄴𑄥𑄪𑄎𑄪𑄚𑄨 𑄃 𑄉𑄪𑄣𑄴𑄌𑄪𑄘𑄪𑄢𑄨 𑄃𑄬𑄎𑄧𑄚𑄴 ।",Present
.পাখিগুলো বাি বানাতেছে।,𑄛𑄬𑄉𑄴𑄇𑄪𑄚𑄬 𑄝𑄳𑄦 𑄝𑄚𑄬𑄃𑄧𑄚𑄴 ।,Present
এই বাগান,𑄃𑄬 𑄝𑄉𑄚𑄚𑄴,Present
.তারাল অনেক নিরাপদ জাগা,𑄖𑄢𑄣𑄴𑄃𑄨 𑄃𑄧𑄟𑄧𑄉𑄧𑄘𑄧 𑄚𑄨𑄢𑄛𑄧𑄘𑄴 𑄎𑄉।,Present
.সাপারি খবর পাে গোল গোল জাতি,𑄥𑄟𑄴𑄛𑄢𑄨 𑄈𑄧𑄝𑄧𑄢𑄴 𑄛𑄠𑄴 𑄉𑄪𑄣𑄴𑄥𑄪𑄘𑄪𑄢𑄨 𑄘𑄬𑄎𑄧𑄢𑄴 𑄎𑄖𑄨𑄠𑄧 𑄛𑄬𑄉𑄴 ।,Present
বসন্তকাল,𑄝𑄧𑄥𑄧𑄚𑄴𑄖𑄧 𑄇𑄣𑄧𑄖𑄴,Present
.সাপারিবাি বাগান একটি কোকিল ডাকছে।,𑄥𑄟𑄴𑄛𑄢𑄨𑄘𑄉𑄨 𑄝𑄉𑄚𑄧𑄖𑄴 𑄉𑄧𑄢𑄴𑄝 𑄛𑄬𑄉𑄴 𑄇𑄮𑄇𑄨𑄣𑄴 𑄓𑄉𑄧𑄚𑄴 ।,Present
প্রতিদিন পেগ মারলে ঘুম ভেঙে যা,𑄘𑄨𑄚𑄴𑄟𑄚𑄬 𑄛𑄬𑄉𑄧 𑄢𑄧𑄣𑄮𑄃𑄨 𑄊𑄪𑄟𑄴 𑄞𑄋𑄬 ।,Present
সমাজাই স্কুলে গুলতি নিে দাও,𑄥𑄧𑄟𑄎𑄳𑄠𑄣𑄃𑄨 𑄃𑄨𑄥𑄴𑄇𑄪𑄣𑄧𑄖𑄴 𑄉𑄪𑄣𑄧𑄉𑄪𑄣𑄨 𑄚𑄬𑄎𑄬𑄃𑄨 𑄘𑄬 ।,Present
.সেটা বাদেও স্কুলে কোন সম হলে,𑄥𑄨𑄠𑄚𑄧 𑄝𑄘𑄬𑄤𑄧 𑄃𑄨𑄥𑄴𑄇𑄪𑄣𑄧𑄖𑄴 𑄇𑄮𑄚𑄧 𑄃𑄧𑄚𑄪𑄥𑄴𑄑𑄚𑄴 𑄦𑄧𑄣𑄬,Past
গর্ব করার জন্য তারা বাগান থেকে গুলতি নিে আসে,𑄉𑄧𑄢𑄴𑄝𑄖𑄬𑄃𑄨 𑄖𑄢 𑄝𑄉𑄚𑄧𑄖𑄴𑄪𑄚𑄴 𑄉𑄪𑄣𑄧𑄉𑄪𑄣𑄨 𑄃𑄚𑄧𑄚𑄴 ।,Present
এখানে তার অনেক নাক মোটা হ,𑄃𑄨𑄠𑄚𑄴𑄚𑄮𑄃𑄨 𑄖𑄢𑄴 𑄃𑄧𑄟𑄧𑄉𑄧𑄘𑄧 𑄚𑄇𑄴 𑄃𑄧𑄎𑄧𑄣𑄴 𑄦𑄧𑄠𑄴।,Present
জুন মাস আসলো,𑄎𑄪𑄚𑄴 𑄟𑄥𑄴 𑄃𑄬𑄣𑄧 ।,Past
গরমের সমে স্যাম্পারি ৫ দিন স্কুল বন্ধ করতেছে,𑄉𑄧𑄢𑄧𑄟𑄴𑄇𑄣𑄧𑄖𑄳𑄠𑄬 𑄥𑄟𑄴𑄛𑄢𑄨 𑄷𑄻 𑄘𑄨𑄚𑄴 𑄃𑄨𑄥𑄴𑄇𑄪𑄣𑄴 𑄝𑄧𑄚𑄴𑄙𑄧 𑄛𑄬𑄠𑄬 ।,Present
এই সম মা,𑄃𑄬𑄃𑄨 𑄥𑄧𑄟𑄧𑄠𑄧𑄖𑄴 𑄟𑄟𑄪,Present
মনিলাল বোতে এসেছে আজকে,𑄟𑄧𑄚𑄨𑄣𑄣𑄴 𑄝𑄬𑄢𑄬𑄝𑄖𑄳𑄠𑄬𑄃𑄨 𑄃𑄨𑄌𑄴𑄬 ।,Present
.মেেটা ১০ কেজিতে পে,𑄟𑄟𑄪 𑄷𑄶 𑄇𑄬𑄣𑄎𑄧𑄖𑄴 𑄛𑄧𑄢𑄬 ।,Present
মামা এই সম বন্ধ,𑄟𑄟𑄪𑄢𑄴𑄤𑄧 𑄃𑄬 𑄥𑄧𑄟𑄧𑄠𑄧𑄖𑄴 𑄝𑄧𑄚𑄴𑄙𑄧 ।,Present
মামা সাথে,𑄟𑄟𑄪 𑄣𑄧𑄉𑄬,Present
সাম্পারি একদিন জঙ্গল ঘুরতে গেল,𑄥𑄟𑄴𑄛𑄢𑄨 𑄃𑄬𑄇𑄴𑄘𑄨𑄚𑄳𑄠𑄬 𑄏𑄢𑄴 𑄊𑄪𑄢𑄨𑄝𑄖𑄳𑄠𑄬𑄃𑄨 𑄉𑄬𑄣𑄧 ।,Past
জঙ্গলের ভিতরে বালকটি চিনে না ফুল আছে,𑄏𑄢𑄧 𑄞𑄨𑄘𑄨𑄢𑄬 𑄝𑄣𑄧𑄇𑄴 𑄝𑄝𑄧𑄖𑄳𑄠𑄬 𑄚𑄧 𑄌𑄨𑄚𑄴𑄚𑄬 𑄜𑄪𑄣𑄴 𑄃 𑄉𑄪𑄣𑄧,Present
এক জাতী গাছ,𑄉𑄪𑄣𑄨 𑄉𑄎𑄴𑄌𑄱 𑄌𑄨𑄚𑄨𑄣𑄧।,Present
১. ২. ২. (গবাদিপশু প্রভৃতির) গোা,𑄸𑄼,Present
.মা বাবা এরকম করে ঘুরে বো বোতে চিনে,𑄟𑄟𑄪 𑄚𑄦𑄨 𑄃𑄨𑄙𑄧𑄇𑄳𑄠𑄚𑄴 𑄉𑄧𑄢𑄨 𑄚𑄚𑄪 𑄣𑄧𑄉𑄬 𑄏𑄢𑄴 𑄝𑄬𑄢𑄘𑄬 𑄝𑄬𑄢𑄘𑄬 𑄌𑄨𑄚𑄨𑄣𑄧𑄃𑄨𑄠𑄬 ।,Present
.চিনে না চেনা পদগুলো বো,𑄚𑄧 𑄌𑄨𑄚𑄴𑄚𑄳𑄠𑄬 𑄛𑄧𑄘𑄴 𑄝𑄬𑄢𑄘𑄬𑄤𑄧,Present
তার একটাও শক্তি নেই,𑄖𑄢𑄴 𑄃𑄬𑄇𑄴𑄈𑄚𑄤𑄧 𑄝𑄧𑄣𑄴 𑄚𑄧 𑄛𑄧𑄢𑄬 ।,Present
বন্ধে দিনে স্যাম্পারি আর তার মা জঙ্গল বোতে বোতে যা,𑄝𑄧𑄚𑄴𑄙𑄧𑄖𑄴 𑄘𑄨𑄚𑄴𑄟𑄚𑄬 𑄥𑄟𑄴𑄛𑄢𑄨 𑄃 𑄖 𑄟𑄟𑄪 𑄏𑄢𑄧𑄖𑄴 𑄝𑄬𑄢𑄬𑄝𑄖𑄳𑄠𑄬𑄃𑄨 𑄡𑄚𑄴 ।,Present
প্রতিদিন নতুন নতুন জিনিস পতেছে,𑄘𑄨𑄚𑄴𑄟𑄚𑄴𑄬 𑄚𑄪𑄃𑄧 𑄚𑄪𑄃𑄧 𑄎𑄨𑄚𑄨𑄥𑄴 𑄥𑄨𑄇𑄴𑄈𑄧𑄚𑄴 ।,Present
বন্ধ করার সম,𑄝𑄧𑄚𑄴𑄙𑄧 𑄥𑄬𑄎𑄴 𑄃𑄧𑄣𑄧 ।,Present
স্কুলে তার সমিতিগুলো বন্ধ করে কি কি,𑄃𑄨𑄥𑄴𑄇𑄪𑄣𑄧𑄖𑄴 𑄖 𑄥𑄧𑄟𑄎𑄳𑄠𑄃𑄪𑄚𑄴 𑄝𑄧𑄚𑄴𑄙𑄧𑄖𑄴 𑄇𑄨 𑄇𑄨,Present
বাচ্চারা সেই কথাগুলো তার সমাজকে বলে,𑄉𑄪𑄌𑄴𑄎𑄧𑄚𑄴 𑄥𑄬 𑄇𑄧𑄙𑄚𑄨 𑄖 𑄥𑄧𑄟𑄎𑄳𑄠𑄢𑄬 𑄇𑄧𑄠𑄴 ।,Present
".সাম্পারি জানে বাল,হরোলাল আর এক জাতী কথা","𑄥𑄟𑄴𑄛𑄢𑄨 𑄎𑄚𑄨𑄣𑄧𑄠𑄬 𑄝𑄧𑄢𑄉𑄪𑄣𑄧,𑄦𑄧𑄢𑄴𑄖𑄳𑄠𑄣𑄴 𑄃 𑄎𑄧𑄉𑄧𑄚 𑄉𑄪𑄣𑄧 𑄇𑄧𑄙 ।",Present
"জঙ্গল, বন",𑄏𑄢𑄧,Present
"ভেে পা মানুষ,বান্দর, হরিণ এই গুলগুলো খেে চলে","𑄞𑄨𑄘𑄨𑄢𑄬 𑄛𑄧𑄢𑄚𑄴𑄝𑄧𑄣 𑄥𑄧𑄉𑄧𑄘,𑄝𑄚𑄴𑄘𑄧𑄢𑄴, 𑄦𑄧𑄢𑄨𑄋𑄴 𑄃 𑄞𑄣𑄪𑄇𑄴 𑄃𑄬 𑄉𑄪𑄣𑄧𑄉𑄪𑄣𑄨𑄃𑄪𑄚𑄴 𑄈𑄬𑄚𑄬𑄃𑄨 𑄝𑄎𑄧𑄚𑄴।",Present
"তার মতো, তার মতো",𑄖 𑄝𑄘𑄬𑄤𑄧,Present
বলীে পালিে যাওার সম এগুলো খেে বল ভরা হ,𑄝𑄧𑄣𑄴𑄛𑄪𑄎𑄳𑄠𑄬 𑄛𑄧𑄘𑄧𑄚𑄴𑄘𑄨 𑄦𑄘𑄨 𑄡𑄉𑄮𑄠𑄬 𑄃𑄬𑄉𑄪𑄚𑄴 𑄈𑄬𑄚𑄬𑄃𑄨 𑄝𑄧𑄣𑄴 𑄞𑄧𑄢𑄚𑄴 ।,Present
.সাম্পারি ও একদিন সেরকম হেছে,𑄥𑄟𑄴𑄛𑄢𑄨 𑄤𑄧 𑄃𑄬𑄇𑄴 𑄘𑄨𑄚𑄳𑄠𑄬 𑄥𑄨𑄙𑄧𑄇𑄳𑄠 𑄦𑄧𑄠𑄬,Present
পেট ভরে খাওা,𑄃 𑄛𑄬𑄖𑄴 𑄞𑄧𑄢𑄧𑄚𑄴 𑄉𑄪𑄣𑄧𑄉𑄪𑄣𑄨 𑄈𑄨𑄠𑄬।,Present
পিসী উত্তর দিকে কি আছে,𑄛𑄨𑄎𑄧𑄢𑄚𑄨 𑄃𑄪𑄖𑄴𑄧𑄢𑄴 𑄇𑄧𑄃𑄨 𑄃 𑄣𑄨𑄊𑄨𑄊𑄨 ।,Present
.সাম্পারি কেক বার পরতে হ?,𑄥𑄟𑄴𑄛𑄢𑄨 𑄇𑄧𑄠𑄴 𑄇𑄬𑄣𑄎𑄧𑄖𑄴 𑄛𑄧𑄢𑄬 ?,Present
.সাম্পারি ফুল বাগানে কত পানি দে?,𑄥𑄟𑄴𑄛𑄢𑄨 𑄜𑄪𑄣𑄴 𑄝𑄉𑄚𑄧𑄖𑄴 𑄇𑄧𑄈𑄴𑄇𑄬 𑄛𑄚𑄨 𑄘𑄨𑄘𑄧 ?,Present
.সাম্পারি ডাকের বাগানে কি কি গোল গোল আছে?,𑄥𑄟𑄴𑄛𑄢𑄨 𑄘𑄉𑄨 𑄝𑄉𑄚𑄧𑄖𑄴 𑄇𑄨 𑄇𑄨 𑄉𑄪𑄣𑄧 𑄉𑄪𑄣𑄨 𑄃𑄉𑄧𑄚𑄴 ?,Present
আজকে মেহমান আসলে কার বাগান থেকে গুল গুলি নিে আসবে?,𑄃𑄨𑄥𑄴𑄇𑄨𑄣𑄧𑄖𑄴 𑄉𑄧𑄢𑄴𑄝 𑄃𑄬𑄣𑄬 𑄇 𑄝𑄉𑄚𑄧𑄖𑄴𑄪𑄚𑄴 𑄉𑄪𑄣𑄧 𑄉𑄪𑄣𑄨 𑄃𑄚𑄨𑄚𑄬𑄃𑄨 𑄣𑄧𑄝𑄨𑄠𑄧𑄖𑄴 𑄉𑄧𑄢𑄴𑄖𑄇𑄴 ?,Future
.সাম্পারি বন্ধ দিনে কি গিেছে?,𑄥𑄟𑄴𑄛𑄢𑄨 𑄝𑄧𑄚𑄴𑄙𑄧 𑄘𑄨𑄚𑄧𑄖𑄴 𑄇𑄨 𑄇𑄨 𑄉𑄎𑄳𑄠𑄬 ?,Present
ছাা বাি পূরণ করে,𑄍𑄢 𑄊𑄧𑄢𑄴 𑄛𑄪𑄢𑄧𑄚𑄧𑄚𑄴 𑄉𑄧𑄢𑄧𑄢𑄨 ।,Present
মা-বাবা ঝামেলা করতে পারে,𑄟𑄟𑄪------------------𑄇𑄬𑄣𑄎𑄧𑄖 𑄛𑄢𑄬 ।,Present
সাম্পারি তার বন্ধুদের সাথে বালকদের গুল গুলি নিেছে,𑄥𑄟𑄴𑄛𑄢𑄨 𑄖 𑄥𑄧𑄟𑄎𑄳𑄠𑄬𑄉𑄪𑄚𑄧𑄢𑄬---------------- 𑄝𑄣𑄧𑄇𑄴 𑄝𑄝𑄖𑄳𑄠𑄬 𑄉𑄪𑄣𑄧 𑄉𑄪𑄣𑄨 𑄚𑄨𑄘𑄬 ।,Present
.সাম্পারি তাদের বািে-যেতে পারে,𑄥𑄟𑄴𑄛𑄢𑄨 𑄖𑄢 𑄝𑄉𑄚𑄧𑄢𑄴------------------𑄞𑄬𑄃𑄨 𑄛𑄢𑄬 ।,Present
হক হলে টেক্কা দিে দে,𑄦𑄧𑄇𑄴 𑄦𑄧𑄣𑄬 𑄖𑄨𑄇𑄴( ) 𑄟𑄎𑄢 𑄘𑄨𑄃𑄨𑄃𑄨 ।,Present
কাপের কাপ কি ফুল ভালো লাগে?,𑄇)𑄥𑄟𑄴𑄛𑄢𑄨 𑄇𑄨 𑄜𑄪𑄣𑄴 𑄉𑄧𑄟𑄴 𑄛𑄠𑄴 ?,Present
". গোলাপ ২,বেল ফুল ৩,সরাক ফুল ৪.জবা","𑄷, 𑄉𑄮𑄣𑄛𑄴 𑄸,𑄝𑄬𑄣𑄧 𑄜𑄪𑄣 𑄹, 𑄥𑄧𑄘𑄧𑄢𑄧𑄇𑄴 𑄜𑄪𑄣𑄴 𑄺,𑄎𑄧𑄝",Present
খাা জাতি ফুল কি?,𑄈)𑄃𑄟 𑄎𑄖𑄨𑄠𑄧 𑄜𑄪𑄣𑄴 𑄇𑄨 ?,Present
"১,সমান ফুল ২,তিন,ডালিা ৪,অপরাজিতা","𑄷, 𑄥𑄧𑄘𑄧𑄢𑄧𑄇𑄴 𑄜𑄪𑄣𑄴 𑄸,𑄛𑄧𑄘𑄴𑄘𑄧 𑄜𑄪𑄣𑄴, 𑄹,𑄓𑄣𑄨𑄠, 𑄺,𑄃𑄧𑄛𑄧𑄢𑄎𑄨𑄖",Present
গাে সাবান দিে কি বন্ধ হেছে,𑄉) 𑄥𑄟𑄴𑄛𑄢𑄨 𑄃𑄨𑄥𑄴𑄇𑄪𑄣𑄴 𑄝𑄧𑄚𑄴𑄙𑄧 𑄛𑄬𑄠𑄬 ?,Present
"দশ দিন ২,১০ দিন ৩,১০ দিন","𑄷𑄶 𑄘𑄨𑄚 𑄸,𑄷𑄻 𑄘𑄨𑄚𑄴 𑄹,𑄷𑄸 𑄘𑄨𑄚𑄴 𑄺,𑄸𑄶 𑄘𑄨𑄚𑄴 ।",Present
ঘািে পা মানুষদের বিে করে,𑄊) 𑄃𑄨𑄥𑄴𑄇𑄪𑄣𑄧𑄖𑄴 𑄉𑄧𑄢𑄴𑄝𑄃𑄪𑄚𑄧𑄢𑄬 𑄣𑄧𑄝𑄨𑄠𑄧𑄖𑄴 𑄉𑄧𑄢𑄧𑄚𑄴 ---,Present
"বাগান বরই দিনে ২,বাগান বরই দিনে ৩,বাগান গুলতিলো","𑄷, 𑄝𑄉𑄚𑄧 𑄝𑄧𑄢𑄧𑄃𑄨 𑄘𑄨𑄚𑄬𑄃𑄨 𑄸,𑄝𑄉𑄚𑄧𑄢𑄴 𑄣𑄘-𑄛𑄘𑄣𑄮𑄃𑄨 𑄹,𑄝𑄉𑄚𑄧𑄢𑄴 𑄉𑄪𑄣𑄧𑄉𑄪𑄣𑄨𑄣𑄮𑄃𑄨",Past
বাগানের কলা দিনে,"𑄺,𑄝𑄉𑄚𑄧𑄢𑄴 𑄇𑄧𑄣 𑄘𑄨𑄚𑄬𑄃𑄨 ।",Present
মিষ্টি চামা,𑄃𑄚𑄧𑄚𑄴𑄘𑄧𑄟𑄧𑄠𑄴 𑄌𑄋𑄴𑄟,Present
কালোজাদু করে তোমরা কি করছো?,𑄢𑄋𑄉𑄧𑄢𑄨 𑄦𑄎𑄨-𑄦𑄎𑄨 𑄖𑄪𑄟𑄨 𑄇𑄨 𑄉𑄧𑄢𑄧𑄢𑄴?,Present
জুম্মফুলের সুগন্ধ তুমি অনেক সুন্দর,"𑄎𑄪𑄟𑄴𑄧𑄜𑄪𑄣𑄴 𑄥𑄧𑄘𑄧𑄢𑄧𑄇𑄴 𑄖𑄪𑄃𑄨 𑄃𑄬𑄘𑄧𑄇𑄴 𑄘𑄮𑄣𑄴,",Present
লাল- হলুদ বিালের মুখটা সুন্দর,𑄢𑄋-𑄦𑄧𑄣𑄧𑄘𑄳𑄠 𑄝𑄨𑄚𑄨𑄢𑄧𑄋𑄬 𑄟𑄪𑄃𑄨𑄘𑄧 𑄦𑄧𑄠𑄧𑄋𑄴 𑄘𑄮𑄣𑄴।,Present
রাদা চুল-রেবেক-তরিকলজ্জা,"𑄢𑄘𑄌𑄪𑄣𑄧-𑄢𑄬𑄝𑄬𑄇𑄴-𑄖𑄧𑄢𑄨𑄋𑄴-𑄍𑄪𑄟𑄧 𑄣𑄎𑄧𑄢𑄨,",Present
জুে জুে আছে সুন্দর করে,𑄎𑄪𑄟𑄴𑄧 𑄎𑄧𑄉 𑄜𑄪𑄘𑄨 𑄃𑄊𑄧𑄚𑄴 𑄌𑄘𑄬 𑄘𑄮𑄣𑄴 𑄉𑄧𑄢𑄨 ।,Present
তোমাদের জন্য পাগল হে ভ করে ভ পা,"𑄖𑄧𑄟𑄢𑄧𑄋𑄬 𑄛𑄉𑄧𑄣𑄴 𑄦𑄧𑄃𑄨 𑄞𑄮𑄋𑄧𑄢𑄉𑄪𑄚𑄴 𑄓𑄧𑄉𑄧𑄢𑄧𑄚𑄴,",Present
আমার মনে অনেক সুখ আছে,𑄟𑄧 𑄟𑄧𑄚𑄚𑄧𑄖𑄴 𑄞𑄎𑄨 𑄃𑄪𑄘𑄬 𑄚𑄚 𑄥𑄪𑄉𑄧𑄢𑄴 𑄥𑄧𑄝𑄧𑄚𑄴 ।,Present
"তোমার রং তোমার সুগন্ধ, এগুলো ভুল না","𑄖𑄧𑄟 𑄢𑄧𑄋𑄴 𑄖𑄧𑄟 𑄖𑄪𑄟𑄴𑄝𑄥𑄴, 𑄃𑄨𑄠𑄚𑄨 𑄚𑄧𑄠𑄴 𑄞𑄪𑄣𑄴,",Present
কী এত সুন্দর তোমরা?,𑄇𑄨 𑄃𑄬𑄘𑄧𑄇𑄴 𑄘𑄮𑄣𑄴 𑄖𑄪𑄟𑄨-𑄃𑄟 𑄎𑄪𑄟𑄴𑄟𑄧 𑄜𑄪𑄣𑄴।,Present
"১. ২. আঠালো, আঠালো",𑄸𑄾,Present
চর-ফুলের বাগান ভালো করে পরিষ্কার করে,𑄌𑄧𑄢𑄴- 𑄜𑄪𑄣𑄴 𑄝𑄉𑄚𑄴 𑄘𑄮𑄣𑄬 𑄘𑄱𑄣𑄬 𑄌𑄧𑄢𑄴 ।,Present
সুগন্ধ-ফুল থেকে সুগন্ধ বের হচ্ছে,𑄖𑄪𑄟𑄴𑄝𑄌𑄴 -𑄜𑄪𑄣𑄧𑄖𑄴𑄪𑄚 𑄖𑄪𑄟𑄴 𑄝𑄥𑄴 𑄚𑄨𑄋𑄨𑄣𑄬𑄢𑄴 ।,Present
পাগল-ছাগলগুলো পাগল হে ঘুরে,𑄛𑄉𑄧𑄣𑄴-𑄞𑄮𑄟𑄧𑄢𑄃𑄪𑄚𑄬 𑄛𑄉𑄧𑄣𑄴 𑄦𑄧𑄚𑄬𑄃𑄨 𑄊𑄪𑄢𑄧𑄚𑄴 ।,Present
জুে জুে অনেক ফুল ফুটে আছে,𑄎𑄪𑄟𑄴𑄧 𑄎𑄧𑄉- 𑄞𑄣𑄧𑄇𑄴 𑄝𑄝𑄖𑄳𑄠 𑄜𑄪𑄣𑄴 𑄜𑄪𑄘𑄨 𑄃𑄊𑄧𑄚𑄴 𑄎𑄪𑄟𑄴𑄧𑄎𑄧𑄉 ।,Present
নাচতে নাচতে আমাদের বিে এসেছে,𑄚𑄎𑄨 𑄚𑄎𑄨-𑄦𑄎𑄨 𑄦𑄎𑄨 𑄚𑄎𑄨 𑄚𑄎𑄨 𑄃𑄬𑄎𑄬𑄢𑄴 𑄃𑄟 𑄝𑄨𑄎𑄪 ।,Present
জুম-জুম কাজ করে,𑄎𑄪𑄟𑄴-𑄎𑄪𑄟𑄴 𑄝𑄧𑄣 𑄇𑄟𑄴 𑄉𑄧𑄢𑄧𑄚𑄴 ।,Present
সারাদিন বাঁশের দাগ টানিে থাকে,𑄓𑄬𑄚𑄴 𑄃 𑄝𑄋𑄴 𑄘𑄉𑄴 𑄑𑄚𑄨 𑄟𑄨𑄬𑄨𑄣𑄬𑄃𑄨 ।,Present
এক জাতী ফুল তুমি,𑄎𑄪𑄟𑄴𑄧𑄜𑄪𑄣𑄴 𑄎𑄪𑄟𑄴𑄧 𑄜𑄪𑄣𑄴 𑄖𑄪𑄃𑄨,Present
এক জাতী পাখি,𑄢𑄘𑄌𑄪𑄣𑄧 𑄢𑄬𑄝𑄬𑄇𑄴,Present
আমার মনটা নেচে উঠে,𑄟𑄧 𑄟𑄧𑄚𑄚𑄴 𑄝𑄎𑄨 𑄃𑄪𑄘𑄬,Present
কি এত সুন্দর,𑄇𑄨 𑄃𑄬𑄘𑄧𑄇𑄴 𑄘𑄮𑄣𑄴,Present
তালে তালে দৌাদৌি করা আমার ভালো লাগে,𑄖𑄣𑄬 𑄖𑄣𑄬 𑄍𑄧𑄢𑄧𑄢𑄝𑄱 𑄛𑄧𑄢𑄧𑄢𑄚 𑄃 𑄝𑄪𑄏𑄪𑄏𑄨𑄬𑄨𑄚𑄬𑄃𑄨 𑄣𑄨𑄊𑄨𑄊𑄨 ।,Present
এত ব করে তুমি একটা কথা বলছো,𑄃𑄬𑄘𑄧𑄇𑄳𑄠 𑄉𑄧𑄢𑄨 𑄖𑄪𑄟𑄪𑄟𑄨 𑄃𑄬𑄇𑄮 𑄇𑄧𑄝𑄧𑄝𑄨𑄖𑄨𑄖𑄧 𑄣𑄨𑄊𑄨𑄊𑄧 ।,Present
১. 29. 29,𑄸𑄿,Present
.তরকারির চুমুকের লাজ,-𑄖𑄧𑄢𑄨𑄋𑄴 𑄌𑄪𑄟𑄱 𑄣𑄎𑄧𑄢𑄨,Present
তুমি আমাদের যৌথ ফুল,-𑄖𑄪𑄟𑄨 𑄃𑄟 𑄎𑄪𑄟𑄴𑄧 𑄜𑄪𑄣𑄴,Present
তোমরা কার চর,-𑄖𑄪𑄟𑄨 𑄇𑄢𑄬 𑄌𑄧𑄢𑄴,Present
তোমরা কি করছো,-𑄖𑄪𑄟𑄨 𑄇𑄨 𑄉𑄧𑄢𑄧𑄢𑄴,Present
.নানা শাক,-𑄚𑄚 𑄥𑄪𑄉𑄧𑄢𑄴 𑄥𑄧𑄝𑄧𑄚𑄴,Present
পাহাি গ্রামের পাশে একটা ব গ্রাম আছে,𑄟𑄮𑄚𑄴𑄖𑄧𑄣 𑄃𑄘𑄟𑄴 𑄚𑄋𑄬 𑄃𑄬𑄇𑄴𑄈𑄚𑄴 𑄓𑄋𑄧𑄢𑄴 𑄃𑄘𑄟𑄴 𑄃𑄉𑄬 ।,Present
সারাদিন সে গ্রামের কাজ করে,𑄘𑄨𑄚𑄬𑄚𑄴𑄘𑄳𑄢𑄧 𑄥𑄬 𑄃𑄘𑄟𑄧𑄢𑄴 𑄇𑄢𑄴𑄝𑄢𑄨 ।,Present
গ্রামের চামা,𑄃𑄘𑄟𑄧𑄖𑄴 𑄖𑄨𑄚𑄴𑄥𑄧,Present
গিরিখাদ,𑄉𑄨𑄢𑄨 𑄇𑄎𑄇𑄎𑄨 ।,Present
মানুষরা এক হাজার দিে যাচ্ছে,𑄟𑄚𑄪𑄥𑄴 𑄃𑄉𑄧𑄚𑄴 𑄃𑄬𑄇𑄴 𑄦𑄎𑄢𑄴 𑄘𑄨𑄥𑄧𑄎𑄧𑄚 𑄴।,Present
গ্রামটি ছোট ছোট শিশুদের খেলা ব্যবহৃত হ,𑄃𑄘𑄟𑄧𑄖𑄧 𑄥𑄧𑄖𑄴𑄟𑄪𑄣𑄧 𑄌𑄨𑄉𑄮𑄚𑄴 𑄉𑄪𑄢𑄧 𑄇𑄪𑄢𑄧𑄣𑄨 𑄣𑄮𑄃𑄨 𑄈𑄢 𑄦𑄧𑄘𑄬,Present
"দেখে, দেখে",𑄘𑄬𑄊𑄬 ।,Present
গ্রামের মানুষরা বোচা করলে সবার মনে দুঃখ ফুটে,𑄃𑄘𑄟𑄳𑄠 𑄟𑄚𑄪𑄥𑄴𑄪𑄚𑄧𑄢𑄴 𑄝𑄬-𑄌𑄧𑄣𑄌𑄧𑄣𑄴 𑄘𑄬𑄣𑄬 𑄝𑄧𑄎𑄧𑄟𑄚𑄴 𑄟𑄧𑄚𑄧 𑄘𑄪𑄉𑄴 𑄜𑄪𑄘𑄬 ।,Present
যে কোন কাজে গ্রামের মানুষ,𑄡𑄬 𑄇𑄮𑄚𑄧 𑄇𑄟𑄴 𑄃𑄘𑄟𑄳𑄠,Present
.মানুষকে দৌাদৌি করে সামাল দে,𑄟𑄚𑄪𑄥𑄴𑄪𑄚𑄧𑄢𑄬 𑄓𑄉𑄨𑄚𑄬𑄃𑄨 𑄥𑄧𑄣-𑄛𑄧𑄢𑄟𑄢𑄴𑄥𑄧 𑄉𑄧𑄢𑄨𑄚𑄬𑄃𑄨 𑄥𑄟𑄣𑄴 𑄘𑄬 ।,Present
এক দিন বিকালে একটা স্কুল,𑄃𑄬𑄇𑄴 𑄘𑄨𑄚𑄳𑄠𑄬 𑄝𑄨𑄚𑄳𑄠𑄬 𑄃𑄬𑄇𑄴𑄈𑄚𑄴 𑄃𑄨𑄥𑄴𑄇𑄪𑄣𑄴,Present
বানানোর ঠিক করলো,𑄝𑄚𑄬𑄝𑄢𑄴 𑄒𑄨𑄇𑄴 𑄉𑄧𑄢𑄴𑄣𑄉𑄴 ।,Past
কথা মতো স্কুল বানানো ঠিক হলো,𑄇𑄧𑄙 𑄟𑄧𑄖𑄬 𑄃𑄨𑄥𑄴𑄇𑄪𑄣𑄴 𑄝𑄚𑄚 𑄒𑄨𑄇𑄴 𑄦𑄧𑄣𑄧 ।,Past
"গ্রাম থেকে এক জন এসেছে,সি পাা","𑄃𑄘𑄟𑄧𑄖𑄴 𑄃𑄬𑄇𑄴 𑄎𑄧𑄚𑄴 𑄃𑄬𑄥𑄴,𑄃𑄬𑄥𑄴,𑄥𑄨 𑄛𑄥𑄴",Present
মাটিটা ঠিক করা হলো,𑄟𑄥𑄴𑄑𑄧𑄢𑄴 𑄒𑄨𑄇𑄴 𑄉𑄧𑄢 𑄦𑄧𑄣𑄧 ।,Past
ইস্কুলের নাম হলো গ্রামের সবার ছোট স্কুল,𑄃𑄨𑄥𑄴𑄇𑄪𑄣𑄧 𑄚𑄋𑄴 𑄦𑄧𑄣𑄧 𑄟𑄧𑄃𑄨𑄚𑄴 𑄃𑄘𑄟𑄴 𑄝𑄬-𑄥𑄧𑄢𑄴𑄇𑄢𑄨 𑄛𑄳𑄢𑄃𑄨𑄟𑄢𑄨 𑄃𑄨𑄥𑄴𑄇𑄪𑄣𑄴 ।,Present
মাস্টারের বেতন সবগুলো কানে নিে নিল,𑄟𑄥𑄴𑄑𑄧𑄢𑄧 𑄝𑄬𑄖𑄧𑄚𑄴 𑄃 𑄈𑄚 𑄝𑄬𑄇𑄴𑄈𑄚𑄨 𑄇𑄚𑄖𑄴 𑄣𑄧𑄣𑄧 ।,Past
"দিন, রাত",𑄘𑄨𑄚𑄬𑄚𑄴𑄘𑄳𑄢𑄧,Present
সে সারাদিন স্কুলে কি হ না দেখে যা,𑄖𑄬 𑄚𑄨𑄖𑄳𑄠𑄧 𑄃𑄨𑄥𑄴𑄇𑄪𑄣𑄧𑄖𑄴 𑄇𑄨 𑄦𑄧𑄢𑄴 𑄚𑄧 𑄦𑄧𑄢𑄴 𑄌𑄬𑄝𑄢𑄴𑄣𑄳𑄠𑄃𑄨 𑄡𑄬𑄘𑄧।,Present
ইস্কুলের কেকটা নিে লোক আছে,𑄃𑄨𑄥𑄴𑄇𑄪𑄣𑄧𑄢𑄴 𑄇𑄧𑄠𑄬𑄇𑄴𑄇𑄮 𑄚𑄨𑄠𑄬 𑄟𑄚𑄪𑄎𑄧𑄢𑄴 𑄛𑄮 𑄃𑄉𑄧𑄚𑄴,Present
"তাদের ইস্কুলের কলম শার্ট,বই,খাতা, কলম আনতে পারে না","𑄖𑄢 𑄃𑄨𑄥𑄴𑄇𑄪𑄣𑄧𑄢𑄴 𑄛𑄬𑄚𑄴 𑄥𑄨𑄣𑄪𑄟𑄴, 𑄝𑄧𑄃𑄨,𑄈𑄖, 𑄇𑄧𑄣𑄧𑄟𑄴 𑄃𑄚𑄨 𑄚𑄧 𑄛𑄢𑄧𑄚𑄴 ।",Present
সে ছেলে চামা দিে স্কুলে পে,𑄥𑄬 𑄛𑄮 𑄌𑄝𑄃𑄪𑄚𑄧𑄣𑄃𑄨 𑄃𑄨𑄥𑄴𑄇𑄪𑄣𑄧𑄢𑄴 𑄛𑄬𑄚𑄴,Present
"শার্ট,বই,খাতা, কলম কিনে দাও","𑄥𑄨𑄣𑄪𑄟𑄴, 𑄝𑄧𑄃𑄨,𑄈𑄖, 𑄇𑄧𑄣𑄧𑄟𑄴 𑄇𑄨𑄚𑄨 𑄘𑄨𑄘𑄧 ।",Present
স্কুল ভে বছরে একবার সবাই মিলে সলাপরামর্শ করা হ,𑄃𑄨𑄥𑄴𑄇𑄪𑄣𑄴 𑄞𑄣𑄬𑄘𑄧𑄢𑄴𑄣𑄃𑄨 𑄟𑄥𑄬 𑄃𑄬𑄇𑄴𑄝𑄢𑄴 𑄝𑄬𑄇𑄴𑄈𑄪𑄚𑄬 𑄟𑄨𑄣𑄨𑄚𑄬𑄃𑄨 𑄥𑄧𑄣 𑄛𑄧𑄢,Present
এক সম সওদাগরের কথা আনা হলো,𑄃𑄬𑄇𑄴 𑄥𑄧𑄟𑄧𑄠𑄴 𑄥𑄧𑄢𑄴𑄇𑄢𑄧𑄢𑄴 𑄦𑄬𑄏𑄣𑄧 𑄇𑄧𑄙 𑄃𑄚 𑄦𑄧𑄣𑄧 ।,Past
কার্বাজা আর দুই জন মানুষ নিে যাচ্ছে,𑄇𑄢𑄴𑄝𑄎𑄳𑄠 𑄃 𑄘𑄨 𑄎𑄧𑄚𑄴 𑄥𑄧𑄟𑄎𑄳𑄠𑄬 𑄣𑄧𑄚𑄬𑄠𑄴,Present
.সে কর্তা বাবুটা ছবি তুললো।,𑄥𑄨𑄇𑄴𑄈 𑄇𑄧𑄢𑄴𑄖 𑄝𑄝𑄪𑄃𑄨𑄘𑄪 𑄘𑄬𑄊 𑄉𑄧𑄢𑄴𑄣𑄇𑄴 ।,Past
.সে বাবা-মা এক সম রেজিস্টার করল।,𑄥𑄨𑄇𑄴𑄈 𑄃𑄧𑄜𑄨𑄎𑄧 𑄇𑄧𑄢𑄴𑄖 𑄝𑄝𑄪𑄘𑄉𑄨 𑄃𑄬𑄇𑄴 𑄥𑄧𑄟𑄧𑄠𑄴 𑄢𑄬𑄎𑄨𑄥𑄴𑄑𑄢𑄴 𑄉𑄧𑄢𑄴𑄣𑄉𑄴।,Past
.৫ কেলাজ করে এই পরীক্ষা দিতে হ,𑄻 𑄇𑄬𑄣𑄎𑄧 𑄥𑄬𑄎𑄬 𑄇𑄬𑄚𑄴𑄘𑄧𑄢𑄧 𑄃𑄨𑄘𑄪 𑄛𑄧𑄢𑄨𑄇𑄴𑄈 𑄘𑄨𑄠𑄬 𑄛𑄧𑄢𑄬।,Present
ইস্কুলের নাামাা কুকুরগুলো কাপ কাপ পতেছে,𑄃𑄨𑄥𑄴𑄇𑄪𑄣𑄧𑄢𑄴 𑄚𑄘 𑄟𑄚𑄴𑄎𑄧 𑄛𑄮𑄃𑄪𑄚𑄧𑄢𑄬 𑄇𑄛𑄧𑄢𑄴-𑄌𑄮𑄛𑄧𑄢𑄴 𑄣𑄮𑄃𑄨,Present
দুইটা নাচা করতে পারা যা না,𑄘𑄨 𑄚𑄧𑄛𑄢𑄧𑄚𑄴 𑄃 𑄈𑄚-𑄛𑄨𑄚 𑄘𑄨 𑄚𑄧 𑄛𑄢𑄧𑄚𑄴।,Present
পরিক্ষার্থীরা মাঠের পাশ দিে এক কুমা দিে খাওা-থাকা করে,𑄛𑄧𑄢𑄨𑄇𑄴𑄈 𑄇𑄬𑄚𑄴𑄘𑄧𑄢𑄧 𑄇𑄪𑄢𑄬 𑄇𑄢𑄴𑄝𑄎𑄳𑄠 𑄃𑄬𑄇𑄴 𑄇𑄪𑄘𑄪𑄟𑄴𑄝𑄧 𑄃𑄨𑄘𑄪 𑄈𑄚-𑄗𑄚 𑄉𑄧𑄢𑄨,Present
bdmean,𑄘𑄨𑄣𑄧।,Present
এই দাগটা পেে স্কুলটা সুন্দর করে তুলতে হ,𑄃𑄬 𑄙𑄧𑄇𑄴𑄈𑄳𑄠𑄚𑄴 𑄃𑄬𑄎𑄣𑄴 𑄛𑄬𑄚𑄬𑄃𑄨 𑄃𑄨𑄥𑄴𑄇𑄪𑄣𑄧𑄢𑄴 𑄘𑄮𑄣𑄴𑄚𑄋𑄴 𑄌𑄬𑄢𑄧 𑄇𑄨𑄖𑄳𑄠𑄬𑄚𑄴𑄘𑄨 𑄍𑄧𑄢𑄬 𑄛𑄧𑄢𑄴𑄣𑄧।,Present
স্কুলটা অনেক ব হলো,𑄃𑄨𑄥𑄴𑄇𑄪𑄣𑄚𑄴 𑄃𑄘𑄧𑄢𑄴𑄥𑄧 𑄃𑄨𑄥𑄴𑄇𑄪𑄣𑄴 𑄦𑄧𑄣𑄧।,Past
সে গ্রামের মানুষদের দান করে দিে গ্রাম থেকে বাঁশ বের করে দে,𑄖𑄬 𑄃𑄘𑄟𑄳𑄠𑄃𑄪𑄚𑄧𑄢𑄬 𑄘𑄚𑄴 𑄉𑄧𑄢𑄨𑄚𑄬𑄃𑄨 𑄝𑄣𑄧𑄇𑄴 𑄝𑄝𑄧𑄖𑄳𑄠𑄬 𑄎𑄧𑄚𑄴𑄎𑄣𑄧𑄖𑄴𑄪𑄚𑄴 𑄍𑄧𑄢𑄚𑄴 𑄘𑄨𑄘𑄧 ।,Present
মলা কলা বাজালে সেগুলো,𑄟𑄚𑄴𑄎𑄬 𑄇𑄧𑄎𑄴𑄎𑄬 𑄝𑄎𑄬𑄣𑄬 𑄥𑄨𑄠𑄚𑄨,Past
সামাজিক অনুষ্ঠানে সে এসেছে,𑄥𑄟𑄎𑄧 𑄃𑄧𑄚𑄪𑄥𑄴𑄑𑄚𑄧𑄖𑄴 𑄖𑄬 𑄃𑄬𑄎𑄣𑄴 𑄘𑄨𑄘𑄧 ।,Present
তাকে সবাই সম্মান করে,𑄖𑄢𑄬 𑄝𑄬𑄇𑄴𑄈𑄪𑄚𑄬 𑄥𑄧𑄚𑄴𑄟𑄚𑄴 𑄃 𑄥𑄳𑄢𑄧𑄘𑄴𑄙 𑄉𑄧𑄢𑄴𑄖𑄇𑄴 ।,Present
ভাত ভেঙে আছে,𑄞𑄌𑄴 𑄞𑄋𑄨 𑄃 𑄣𑄨𑄊𑄨 ।,Present
গিরি-বাি গিরা,𑄉𑄨𑄢𑄨 - 𑄊𑄧𑄢𑄧 𑄉𑄨𑄢𑄮𑄎𑄴 ।,Present
তাাতাি তার বাি,𑄖𑄋𑄣𑄬 𑄖 𑄊𑄧𑄢𑄧 𑄉𑄨𑄢𑄨 ।,Present
সারাদিন কথা বলে যতগুলো স্কুল বানা,𑄘𑄨𑄚𑄬𑄚𑄴𑄘𑄳𑄢𑄧 𑄇𑄧𑄙𑄣𑄮𑄃𑄨 𑄡𑄧𑄘𑄧𑄝𑄧𑄘𑄬 𑄃𑄨𑄥𑄴𑄇𑄪𑄣𑄴 𑄝𑄚𑄬𑄣𑄇𑄴 ।,Present
সললা - কথা বলতে বলা,𑄥𑄧𑄣𑄧𑄣 - 𑄇𑄧𑄙 𑄝𑄖𑄴𑄖 ।,Present
সবাই সলাপরামর্শ করে গ্রামের স্কুলগুলো তৈরি করে,𑄝𑄬𑄇𑄴𑄈𑄪𑄚𑄬 𑄥𑄧𑄣-𑄛𑄧𑄢 𑄟𑄧𑄢𑄴𑄥𑄧 𑄉𑄧𑄢𑄨 𑄃𑄘𑄟𑄧𑄘𑄴 𑄃𑄨𑄥𑄴𑄇𑄪𑄣𑄴 𑄝𑄚𑄘𑄬,Present
পরগাছা- যে কাজ ভালো করে করতে পারে না,𑄛𑄧𑄢𑄧𑄢𑄟𑄧𑄌𑄧𑄌𑄴𑄌𑄴𑄌𑄧-𑄧- 𑄡𑄬 𑄇𑄟𑄴 𑄉𑄧𑄢𑄨𑄝𑄬 𑄥𑄬 𑄇𑄟𑄧𑄢𑄴 𑄇𑄪𑄥𑄧𑄣𑄴 𑄎𑄚 ।,Present
এসে বল দো,𑄃𑄬𑄎𑄣𑄴-𑄴- 𑄝𑄧𑄣𑄴 𑄘𑄬𑄚 ।,Present
কার্জ করলে মানুষরা তাাতাি ছার পায়,𑄇𑄢𑄴𑄝𑄎𑄳𑄠𑄬 𑄃𑄬𑄎𑄣𑄴 𑄘𑄨𑄣𑄬 𑄎𑄧𑄚𑄴𑄎𑄣𑄧𑄖𑄴𑄪𑄚𑄴 𑄍𑄢𑄚𑄴 𑄛𑄚𑄴 ।,Present
কাঠঠোকরা-ডাঙর মাথা,𑄇𑄧𑄢𑄧𑄢𑄴𑄖𑄴𑄖 𑄝𑄝𑄪-𑄪- 𑄓𑄋𑄧𑄢𑄴 𑄟𑄙 ।,Present
.সে বাপে বাপে,𑄥𑄨𑄇𑄴𑄈 𑄃𑄧𑄜𑄨𑄎𑄧 𑄇𑄧𑄢𑄴𑄖 𑄝𑄝,Present
কত ব মানুষ/কাঁকা মানুষ,𑄇𑄪𑄘𑄪𑄘𑄪𑄟𑄪𑄟𑄴𑄝𑄴𑄝𑄧-𑄧- 𑄃𑄣𑄪𑄣𑄧 𑄘𑄪𑄣𑄧𑄣𑄧 𑄟𑄚𑄪𑄥𑄴 /𑄇𑄠𑄴 𑄇𑄪𑄢𑄬 𑄟𑄚𑄪𑄥𑄴 ।,Present
পূজাগুলো কোথা আছে,𑄛𑄪𑄎𑄮𑄢𑄚𑄨 𑄇𑄧𑄃𑄨 𑄃 𑄣𑄨𑄊𑄨 ।,Present
গ্রামের কার্বারির নাম কি?,𑄃𑄘𑄟𑄧 𑄇𑄢𑄴𑄝𑄢𑄨 𑄚𑄋𑄴 𑄇𑄨 ?,Present
পাহাের পাশে ক ঘর আছে?,𑄟𑄮𑄚𑄴𑄖𑄧𑄣 𑄃𑄘𑄟𑄧𑄖𑄴 𑄇𑄧𑄠𑄴 𑄉𑄨𑄢𑄨 𑄃𑄉𑄧𑄚𑄴 ?,Present
কে মাস্টারের বেতন চালা,𑄇𑄧𑄚𑄴𑄚 𑄟𑄥𑄴𑄑𑄧𑄢𑄧 𑄝𑄬𑄖𑄧𑄚𑄴 𑄌𑄣𑄠𑄴 ?,Present
কেন স্কুল বানানো হলো?,𑄇𑄨𑄖𑄳𑄠𑄬 𑄃𑄨𑄥𑄴𑄇𑄪𑄣𑄴 𑄝𑄚 𑄦𑄧𑄣𑄧 ?,Past
.কি চেহারা করে স্কুলটা সুন্দর নাচতেছে?,𑄇𑄨 𑄙𑄧𑄇𑄴𑄈𑄳𑄠𑄚𑄴 𑄉𑄧𑄢𑄨 𑄃𑄨𑄥𑄴𑄇𑄪𑄣𑄧𑄢𑄴 𑄘𑄮𑄣𑄴 𑄚𑄋𑄴 𑄍𑄧𑄢𑄬 𑄛𑄪𑄎𑄴𑄬 ?,Present
১. ৩. ৩. ৩. এক জাতী সবজি,𑄹𑄷,Present
বিঝুর দিন,𑄝𑄨𑄎𑄪 𑄘𑄨𑄚𑄴,Present
"রগচটা, অস্থির, অস্থির",𑄢𑄧𑄎𑄬𑄠𑄬- 𑄃𑄧𑄣𑄨𑄚𑄴𑄘𑄳𑄢𑄧 𑄖𑄳𑄢𑄨𑄛𑄪𑄢,Present
bdmean,𑄹𑄹,Present
পালা-১,𑄛𑄣-𑄷,Present
নানি: হাসি!,𑄚𑄧𑄚𑄝𑄨: 𑄦𑄎𑄨!,Present
হাসি,𑄦𑄎𑄨!,Present
জঙ্গল থেকে কেন তুমি বাঁশ কাটতেছো?,𑄉𑄝𑄧𑄎𑄳𑄠𑄬𑄥𑄚𑄴 𑄃𑄃𑄨𑄠𑄬 𑄖𑄪𑄃𑄨 𑄝𑄏𑄨 𑄝𑄳𑄦𑄧𑄢𑄴 ?,Present
নাগর চাঁদ:বিঝু আসলে পুরো দিন কথা উঠে,𑄚𑄉𑄧𑄢𑄴 𑄌𑄚𑄴 :𑄝𑄨𑄎𑄪 𑄃𑄬𑄣𑄬 𑄛𑄪𑄢𑄧𑄚𑄴 𑄘𑄨𑄚𑄧 𑄇𑄧𑄙 𑄃𑄨𑄘𑄮𑄖𑄴 𑄃𑄪𑄘𑄬 ।,Present
সে বাঁশি বাজাচ্ছে,𑄥𑄬𑄖𑄳𑄠𑄬 𑄝𑄏𑄨 𑄝𑄋𑄧𑄢𑄴 !,Present
নানি এই মন দিে:অতিরিক্ত কিল,𑄚𑄧𑄚𑄝𑄨 𑄃 𑄟𑄧𑄚𑄝𑄨 :𑄃𑄬𑄎𑄬𑄖𑄳𑄠𑄬 𑄇𑄨𑄣𑄳𑄠𑄬 𑄝𑄨𑄎𑄪 ।,Present
এই দিনে কি আছে?,𑄃𑄬 𑄘𑄨𑄚𑄧𑄖𑄴 𑄇𑄨 𑄃𑄧𑄠𑄴 ?,Present
"নাগর চাঁদ: বিঝুর দিনে চাকমা, মারমাদের উস্কুখুস্কু দিন","𑄚𑄉𑄧𑄢𑄴 𑄌𑄚𑄴: 𑄝𑄨𑄏𑄪 𑄘𑄨𑄚𑄧𑄖𑄴 𑄌𑄋𑄴𑄟,𑄟𑄢𑄴𑄟 𑄃 𑄖𑄳𑄢𑄨𑄛𑄪𑄢𑄃𑄪𑄚𑄧𑄢𑄴 𑄃𑄪𑄥𑄴𑄥𑄮𑄢𑄴 𑄘𑄨𑄚𑄴 ।",Present
সারাদিন এখানে উে আসা,𑄘𑄨𑄚𑄪𑄚𑄴 𑄃𑄨𑄘𑄘𑄮𑄖𑄴 𑄖𑄪𑄣𑄨 𑄃𑄪𑄥𑄴𑄥𑄮 𑄉𑄧𑄢,Present
"পা, পা",𑄛𑄧𑄢𑄬 ।,Present
মনী:এই দিনগুলো কেমনে টিকবে?,𑄟𑄧𑄚𑄝𑄨:𑄃𑄬 𑄘𑄨𑄚𑄪𑄚𑄴 𑄇𑄬𑄚𑄬 𑄝𑄎𑄨 𑄢𑄉𑄬𑄝𑄧𑄋𑄴 ?,Future
নাক থেকে গন্ধ বের হে গ্রামে গ্রামে ঘুরে বো,𑄚𑄉𑄧𑄢𑄴𑄌𑄚𑄴:𑄉𑄧𑄢𑄬𑄠 𑄇𑄨𑄖𑄴𑄖𑄧𑄚𑄴 𑄘𑄧𑄣𑄴 𑄉𑄨𑄖𑄴 𑄉𑄬𑄃𑄨 𑄉𑄬𑄃𑄨 𑄃𑄘𑄟𑄬 𑄃𑄘𑄟𑄬 𑄝𑄬𑄢𑄬 𑄚𑄎𑄧𑄚𑄴।,Present
না না কাপ,𑄚𑄪𑄃𑄧 𑄚𑄪𑄃𑄧 𑄇𑄛𑄧𑄢𑄴,Present
"বাতাস, বাু, বাু",𑄃𑄪𑄢𑄧𑄚𑄴 ।,Present
সবাই মিলে উঠাবসা করে,𑄝𑄬𑄇𑄴𑄪𑄚𑄬 𑄟𑄨𑄣𑄨 𑄃𑄪𑄥𑄴𑄥𑄮 𑄉𑄧𑄢𑄧𑄚𑄴 ।,Present
ননদ: কী হ?,𑄚𑄧𑄚𑄝𑄨: 𑄃𑄳𑄦 𑄇𑄨 𑄦𑄧𑄠𑄴 ?,Present
"নাগর চামা পিঠা,পাজন তরকারি বািতে বানানো","𑄚𑄉𑄧𑄢𑄴 𑄌𑄚𑄴:𑄛𑄨𑄙𑄬, 𑄛𑄎𑄧𑄚𑄴 𑄖𑄮𑄚𑄴 𑄊𑄧𑄢𑄬 𑄊𑄧𑄢𑄬 𑄝𑄚𑄚𑄴 ।",Present
তোমরা সবাই বািতে বোতে পারতে,𑄖𑄪𑄟𑄨 𑄝𑄬𑄇𑄴𑄪𑄚𑄬 𑄊𑄧𑄢𑄬 𑄊𑄧𑄢𑄬 𑄝𑄬𑄢𑄬 𑄛𑄢𑄧 ।,Past
"তোমরা, তোমরা",𑄖𑄪𑄟𑄨 𑄖𑄧𑄟,Present
সামাজিক বািতে যাবে না?,𑄥𑄧𑄟𑄎𑄳𑄠𑄬 𑄊𑄧𑄢𑄧𑄖𑄴 𑄚𑄧 𑄡𑄬𑄝 ?,Future
ননদী আর স্বামী একসাথে যাবে,𑄚𑄧𑄚𑄝𑄨 𑄃 𑄟𑄚𑄧𑄝𑄨:(𑄘𑄨 𑄎𑄧𑄚𑄬 𑄃𑄬𑄇𑄴 𑄥𑄧𑄟𑄢𑄬)𑄇𑄟𑄇𑄴𑄇𑄃𑄨 𑄡𑄬𑄝𑄧𑄋𑄴 ।,Future
তাদেরকে ও নতুন বছরে আমাদের এখানে আনবে,𑄖𑄢𑄢𑄬 𑄤𑄧 𑄚𑄪𑄃𑄧 𑄝𑄧𑄎𑄧𑄢𑄧𑄖𑄴 𑄃𑄟 𑄃𑄨𑄘𑄪,Future
এত ব ব,𑄃𑄬𑄝𑄖𑄴𑄖𑄬 𑄇𑄧𑄝𑄧𑄋𑄴 ।,Present
.নতুন বছর,𑄚𑄪𑄃𑄧 𑄝𑄧𑄎𑄧𑄢𑄧𑄢𑄴 𑄘𑄨𑄚𑄴।,Present
.তুলনা রাম শুধু পোকাে আসতেছে,𑄖𑄧𑄚𑄪 𑄢𑄟𑄴 𑄃𑄏𑄪 𑄛𑄪𑄎𑄧 𑄘𑄨𑄝𑄖𑄳𑄠𑄬 𑄃𑄬𑄥𑄳𑄠𑄬 ।,Present
".ঘর দিে আছে নতুন জামা,সনাবি নতুন পিনন,খাওা","𑄉𑄪𑄏𑄴 𑄘𑄨𑄠 𑄃 𑄚𑄪𑄃𑄧 𑄥𑄨𑄣𑄪𑄟𑄴,𑄥𑄧𑄚𑄝𑄨 𑄚𑄱 𑄛𑄨𑄚𑄮𑄚𑄴,𑄈𑄘𑄨",Present
পরিধান করে থাকা অবস্থা থাকতে হবে,𑄛𑄨𑄚𑄨 𑄢𑄧𑄋𑄴𑄉𑄧 𑄈𑄧𑄣𑄖𑄴 𑄥𑄧𑄟𑄬𑄝𑄧 ।,Future
.নরক চাওা: তুমি কি আসতেছো?,𑄚𑄉𑄧𑄢𑄴 𑄌𑄚𑄴 : 𑄖𑄪𑄟𑄨 𑄃𑄬𑄌𑄴𑄌𑄧𑄘𑄬?,Present
আমার নাতনিরা কোথা গেল,𑄃 𑄟𑄧 𑄚𑄘𑄨𑄚𑄪𑄚𑄴 𑄇𑄪𑄘𑄪 𑄉𑄬𑄣𑄇𑄴 ?,Past
"নািভুি,সমাজে বোতেছে",𑄖𑄧𑄚𑄪𑄢𑄟𑄴; 𑄥𑄧𑄟𑄎𑄳𑄠𑄬𑄣𑄮𑄃𑄨 𑄝𑄬𑄢𑄘𑄧𑄚𑄴𑄘𑄧𑄃𑄨।,Present
"সনাবি:কুলে লবন,লবনাক্ত পানি আনোা","𑄥𑄧𑄚𑄝𑄨:(𑄇𑄪𑄣𑄧𑄣𑄮𑄃𑄨 𑄝𑄎𑄧𑄚𑄧𑄖𑄴 𑄚𑄪𑄚𑄴, 𑄣𑄧𑄘𑄣𑄮𑄃𑄨 𑄛𑄚𑄨 𑄃𑄚𑄨 𑄘𑄨𑄝)।",Present
তুুু রাম:উং সোো-লবনার লবনাক্ত পানিটা পে যাবে,𑄖𑄪𑄚𑄪 𑄢𑄟𑄴: (𑄃𑄪𑄁 𑄥𑄮-𑄛𑄮---𑄉𑄧𑄢𑄨 𑄟𑄧𑄚𑄴𑄘𑄧𑄢𑄴 𑄚𑄪𑄚𑄴 𑄣𑄧𑄘 𑄛𑄚𑄨𑄃𑄚𑄴 𑄛𑄧𑄢𑄨 𑄘𑄨𑄝𑄧)𑄡𑄧 𑄚𑄬𑄡𑄧 ।,Future
.সনাবিটা কুলটা নিে যাচ্ছে,(𑄥𑄧𑄚𑄝𑄨 𑄚𑄱 𑄇𑄪𑄣𑄧𑄃𑄚𑄴 𑄚𑄨𑄝𑄧𑄉𑄮𑄃𑄨),Present
bdmean,𑄹𑄺,Present
বুো দুইজনে একটি বিশাল চূা বসে থাকবে,(𑄝𑄪𑄢𑄧 𑄘𑄨 𑄃𑄬𑄇𑄴𑄎𑄧𑄚𑄴 𑄃 𑄌𑄬𑄢𑄴𑄎𑄧𑄚𑄴 𑄉𑄪𑄢𑄧 𑄢𑄧𑄋𑄴𑄉𑄧 𑄈𑄧𑄣𑄖𑄴 𑄥𑄧𑄟𑄬𑄝𑄇𑄴 ।,Future
সবাই বিঝু খেেছে,𑄝𑄬𑄇𑄴𑄪𑄚𑄬 𑄝𑄨𑄎𑄪 𑄈𑄬𑄝𑄇𑄴),Present
নািভুি: সামনে যাওা,𑄖𑄧𑄚𑄪𑄢𑄟𑄴: 𑄟𑄪𑄃𑄨 𑄡𑄋𑄴 𑄥𑄣𑄬।,Present
আরও দুইজনে বািতে যেতে হবে,𑄃𑄢𑄴 𑄘𑄨 𑄃𑄬𑄇𑄴𑄎𑄧𑄚𑄧 𑄊𑄧𑄢𑄧𑄖𑄴 𑄡 𑄛𑄧𑄢𑄨𑄝𑄧।,Future
. ছোট বাচ্চারা নাগর দোলা দিে লাফ দিলো,(𑄌𑄨𑄉𑄮𑄚𑄴 𑄉𑄪𑄢𑄧𑄃𑄪𑄚𑄬 𑄚𑄉𑄧𑄢𑄴 𑄌𑄚𑄧𑄢𑄬 𑄒𑄬𑄋𑄧𑄖𑄴 𑄙𑄧𑄢𑄨 𑄎𑄪 𑄘𑄨𑄣𑄇𑄴),Past
"নাগরচামা ছোটদের সেই বািটা দিবে,সাথে সাথে তুমি লেখা পে যাও",𑄚𑄉𑄧𑄢𑄴 𑄌𑄚𑄴:𑄌𑄨𑄉𑄮𑄚𑄴 𑄉𑄪𑄢𑄧𑄃𑄪𑄚𑄧𑄢𑄬 𑄥𑄬𑄝𑄴 𑄝𑄖𑄴𑄖 𑄘𑄨𑄝𑄧)𑄥𑄙𑄪-𑄥𑄙𑄪-𑄥𑄙𑄪 𑄖𑄪𑄟𑄨 𑄣𑄬𑄊 𑄛𑄧𑄢 𑄥𑄨𑄊𑄨𑄚𑄬𑄃𑄨 𑄓𑄋𑄧𑄢𑄴,Future
পাহাের হেছে,𑄓𑄨𑄋𑄧𑄢𑄴 𑄦𑄧𑄘 𑄝𑄨𑄣𑄨𑄚𑄬𑄃𑄨 ।,Present
ভাত ভেঙে আছে,𑄞𑄌𑄴 𑄞𑄋𑄨 𑄃 𑄣𑄨𑄊𑄨𑄊𑄨,Present
বিঝু - বিঝুর সম দিন,𑄝𑄨𑄏𑄪- 𑄝𑄧𑄎𑄧𑄢𑄧𑄢𑄴 𑄥𑄬𑄎𑄴 𑄃𑄪𑄥𑄴𑄥𑄮-𑄛𑄥𑄴𑄥𑄮 𑄘𑄨𑄚𑄴 ।,Present
.নতুন ব দিন,𑄚𑄪𑄃𑄧 𑄝𑄧𑄎𑄧𑄢𑄴-𑄝𑄧𑄎𑄧𑄢𑄧𑄢𑄴 𑄛𑄧𑄖𑄴𑄗𑄧𑄟𑄴 𑄘𑄨𑄚𑄴 ।,Present
উস্কুখুস্কু মন,𑄃𑄪𑄥𑄴𑄥𑄮- 𑄟𑄧𑄚𑄧 𑄈𑄪𑄎𑄨 ।,Present
"রঙ্গ তামাশা, কৌতুক, কৌতুক",𑄢𑄧𑄋𑄴𑄉𑄧- 𑄟𑄧𑄚𑄴 𑄥𑄋𑄴𑄥𑄋𑄳𑄠 ।,Present
সেই বাঁশটা-আসিা,𑄥𑄬𑄝𑄴 𑄝𑄖𑄴𑄖-𑄃𑄥𑄨𑄢𑄴𑄝𑄘𑄴 ।,Present
কামানো-ঠিক আছে,𑄇𑄟𑄇𑄴𑄇𑄃𑄨-𑄒𑄨𑄇𑄴 𑄃𑄉𑄬 ।,Present
পিঁপাগুলো কেকটা আছে,𑄛𑄨𑄎𑄨𑄎𑄮𑄢𑄮𑄢𑄚𑄨 𑄇𑄧𑄃𑄧𑄃𑄨 𑄃 𑄣𑄨𑄊𑄨𑄊𑄨 ।,Present
.করা কাকে বলে?,𑄉𑄧𑄢𑄬𑄠 𑄇𑄢𑄬 𑄇𑄧𑄠𑄴 ?,Present
বিজু নিে তোমরা যা খবর পাও তা ৩ সুর লিখো,𑄝𑄨𑄎𑄪 𑄚𑄨𑄚𑄬𑄃𑄨 𑄖𑄪𑄟𑄨 𑄡 𑄈𑄧𑄝𑄧𑄢𑄴 𑄛𑄧 𑄹 𑄥𑄪𑄢𑄴 𑄣𑄬𑄊𑄧 ?,Present
বিে আসলে আমাদের মন কি করে?,𑄝𑄨𑄎𑄪 𑄃𑄬𑄣𑄬 𑄃𑄟 𑄟𑄧𑄚𑄚𑄨 𑄇𑄨 𑄉𑄧𑄢𑄬 ?,Present
বিঝুর দিনে ছোট বাচ্চারা কি কি করে?,𑄝𑄨𑄎𑄪 𑄃 𑄚𑄪𑄃𑄧 𑄝𑄎𑄧𑄢𑄧 𑄘𑄨𑄚𑄧𑄖𑄴 𑄌𑄨𑄉𑄮𑄚𑄴 𑄉𑄪𑄢𑄧𑄃𑄪𑄚𑄬 𑄇𑄨 𑄇𑄨 𑄉𑄧𑄢𑄧𑄚𑄴 ?,Present
বিঝুর সম রং করা,𑄝𑄨𑄎𑄪-𑄝𑄨𑄎𑄪 𑄃𑄧𑄇𑄴𑄖𑄧𑄖𑄴 𑄢𑄧𑄋𑄴𑄓𑄧𑄋𑄴 𑄉𑄧𑄢𑄚 ।,Present
.ফুলের বিঝু-ফুলের বিঝু দিনে ফুল তুলে,𑄜𑄪𑄣𑄴 𑄝𑄨𑄎𑄪-𑄜𑄪𑄣𑄴 𑄝𑄨𑄎𑄪 𑄘𑄨𑄚𑄬 𑄜𑄪𑄣𑄴 𑄖𑄪𑄣𑄨 ।,Present
.নতুন বছর-নতুন বছরে বুোকে জুে দাও,𑄚𑄪𑄃𑄧 𑄝𑄧𑄎𑄧𑄢𑄴-𑄚𑄪𑄃𑄨 𑄝𑄧𑄎𑄧𑄢𑄴 𑄘𑄨𑄚𑄧𑄖𑄴 𑄝𑄪𑄢𑄧𑄝𑄪𑄢𑄨𑄢𑄬 𑄎𑄪 𑄘𑄨𑄃𑄨 ।,Present
পাজন-বিঝুর সমে পাজন খেে,𑄛𑄎𑄧𑄚𑄴-𑄝𑄨𑄏𑄪 𑄣𑄧𑄇𑄴𑄈𑄬 𑄊𑄧𑄢𑄬 𑄊𑄧𑄢𑄬 𑄛𑄎𑄧𑄚𑄴 𑄈𑄬𑄃𑄨 ।,Present
সেবেটা-ডাংগো থেকে সেবো,𑄥𑄬𑄝𑄴𑄝𑄖𑄴𑄖-𑄓𑄋𑄧𑄢𑄴𑄎𑄧𑄚𑄧𑄖𑄴𑄪𑄚𑄴 𑄥𑄬𑄝𑄴𑄝𑄖𑄴𑄖 𑄣𑄮𑄃𑄨 ।,Present
bdmean,𑄹𑄻,Present
সুোর বারে ছাত্র-ছাত্রেরা সবাই মাটিতে নামল,𑄥𑄪𑄇𑄳𑄢𑄧 𑄝𑄢𑄬 𑄍𑄖𑄳𑄢𑄧-𑄍𑄖𑄳𑄢𑄨𑄃𑄪𑄚𑄬 𑄝𑄬𑄇𑄴𑄪𑄚𑄬 𑄟𑄘𑄧𑄖𑄴 𑄣𑄪𑄋𑄨𑄣𑄇𑄴 ।,Past
সবাই মিলে পানি বদলা,𑄝𑄬𑄇𑄴𑄇𑄪𑄚𑄧 𑄥𑄧𑄟𑄢𑄬 𑄛𑄚𑄨 𑄝𑄧𑄘𑄧𑄣𑄴 𑄃𑄳𑄦 𑄖𑄪𑄇𑄴 𑄖𑄇𑄴,Present
খাওার ভ,𑄈𑄬𑄝𑄢𑄴 𑄘𑄧𑄢𑄧𑄝𑄴 ।,Present
ছাত্র-ছাত্রেরা সুর করে লাফিে নামল,𑄍𑄖𑄳𑄢𑄧-𑄍𑄖𑄳𑄢𑄨𑄃𑄪𑄚𑄬 𑄥𑄪𑄢𑄴 𑄉𑄧𑄢𑄨 𑄒𑄬𑄃𑄨𑄣𑄇𑄴 ।,Past
পাহাের নাাচাা বই মেলা প্রচুর ব ব বই,𑄟𑄥𑄴𑄖𑄧𑄢𑄴 𑄚𑄚𑄪 𑄇𑄧𑄣𑄧 𑄝𑄧𑄃𑄨 𑄟𑄬𑄣𑄖𑄴 𑄥𑄧𑄥𑄉𑄧𑄢𑄴,Present
মানুষ,𑄟𑄚𑄪𑄥𑄴।,Present
তোমরা এখন সমে একজন অন্যজনকে মলা করো,𑄖𑄪𑄟𑄨 𑄡𑄬𑄇𑄴𑄇𑄬 𑄥𑄧𑄟𑄨𑄝𑄉𑄮𑄭 𑄃𑄬𑄇𑄴𑄎𑄧𑄚𑄴 𑄃𑄳𑄦 𑄃𑄬𑄇𑄴𑄎𑄧𑄚𑄧𑄢𑄬 𑄟𑄧𑄣𑄴 𑄉𑄧𑄥𑄴𑄎𑄮 ।,Present
তার ঝগাতে সবাই গািে,𑄖 𑄏𑄬𑄢𑄬 𑄝𑄬𑄇𑄴𑄪𑄚𑄬 𑄉𑄢𑄨𑄖𑄴,Present
"এক জাতী বুনোফল, যা সবজি হিসেবে ব্যবহৃত হ",𑄃𑄪𑄘𑄨𑄣𑄇𑄴।,Present
বই মেলা যাওার সমে অনেক লোক চাকমা গান ধরলো,𑄝𑄧𑄃𑄨 𑄟𑄬𑄣𑄖𑄴 𑄡𑄬𑄝𑄢𑄴 𑄥𑄧𑄣𑄖𑄴 𑄞𑄣𑄧𑄇𑄴 𑄎𑄧𑄚𑄬 𑄌𑄋𑄴𑄟 𑄉𑄨𑄖𑄴 𑄃𑄳𑄦 𑄝𑄋𑄣 𑄉𑄨𑄖𑄴 𑄥𑄪𑄢𑄴 𑄙𑄧𑄢𑄨𑄣𑄇𑄴 ।,Past
মেলা যোগ দেওা,𑄟𑄬𑄣𑄖𑄴 𑄥𑄧𑄟𑄬𑄝𑄢𑄴,Present
কাঠালটা ব ব করে লেখা আছে-বই মেলা,𑄇𑄘𑄣𑄳𑄠𑄬 𑄘𑄬𑄣𑄇𑄴 𑄓𑄋𑄧𑄢𑄴 𑄓𑄋𑄧𑄢𑄴 𑄉𑄧𑄢𑄨 𑄣𑄬𑄊 𑄃𑄊𑄬-𑄃𑄬𑄇𑄪𑄥𑄬 𑄝𑄧𑄃𑄨 𑄟𑄬𑄣 ।,Present
তারা মেলা অনেক দূর,𑄖𑄢 𑄟𑄬𑄣𑄖𑄴 𑄞𑄣𑄧𑄇𑄴𑄪𑄚𑄴,Present
এক জাতী পাখি,𑄃𑄬𑄥𑄴𑄑𑄧𑄣𑄴 𑄊𑄪𑄢𑄨 𑄌𑄬𑄣𑄇𑄴 ।,Present
তারা চেে চেে বই কিনে নিল,𑄖𑄢 𑄌𑄬𑄃𑄨 𑄌𑄬𑄃𑄨 𑄝𑄧𑄃𑄨 𑄇𑄨𑄚𑄨𑄣𑄇𑄴 ।,Past
.আবোল তাবোল কথা বলে সুন্দর,𑄃𑄳𑄦 𑄘𑄬𑄣𑄇𑄴 𑄝𑄋𑄴𑄣𑄠𑄴 𑄣𑄨𑄇𑄴𑄈𑄬 𑄘𑄮𑄣𑄴 𑄘𑄮𑄣𑄴,Present
ব করা,𑄝𑄳𑄠𑄚𑄢𑄴 ।,Present
তার ঝগা করার জন্য এক স্কুল মাঠে খেলা খেললো,𑄖 𑄏𑄬𑄢𑄬 𑄟𑄬𑄣 𑄝𑄢𑄬𑄘𑄨 𑄃𑄬𑄇𑄴 𑄃𑄨𑄥𑄴𑄇𑄪𑄣𑄧 𑄟𑄘𑄧𑄖𑄴 𑄈𑄢 𑄈𑄬𑄣𑄨𑄣𑄇𑄴 ।,Past
খেলা শেষ হলে মাদুর,𑄈𑄢 𑄥𑄋𑄴𑄉𑄧 𑄦𑄧𑄣𑄬 𑄟𑄥𑄴𑄖𑄧𑄢𑄴,Present
নাতনিরা কি কি বই কিনছে?,𑄚𑄚𑄪 𑄇𑄧𑄣𑄧 𑄖𑄪𑄟𑄨 𑄇𑄨 𑄇𑄨 𑄝𑄧𑄃𑄨 𑄇𑄨𑄚𑄨𑄣 ?,Present
অনিক কল মেে দিে দিে কার্টুন বই কিনছে,𑄃𑄧𑄚𑄨𑄇𑄴 𑄇𑄧𑄣𑄧 𑄟𑄪𑄃𑄨 𑄘𑄨𑄝 𑄇𑄢𑄴𑄑𑄪𑄚𑄧 𑄝𑄧𑄃𑄨 𑄇𑄨𑄚𑄴𑄚𑄧𑄋𑄴 ।,Present
এক জাতী বস বই কিনছে,𑄃𑄨𑄖𑄨𑄇𑄴 𑄇𑄧𑄣𑄧-𑄟𑄪𑄃𑄨 𑄞𑄪𑄘𑄧 𑄛𑄧𑄎𑄴𑄧𑄚𑄧 𑄝𑄧𑄃𑄨 𑄇𑄨𑄚𑄴𑄚𑄧𑄋 𑄴।,Present
এক জাতী বুনো ফল,𑄖𑄪𑄣𑄨𑄇,Present
কল-আমি একটা ডিঙি নিেছি,𑄇𑄧𑄣𑄧-𑄟𑄪𑄃𑄨 𑄃𑄨𑄇𑄴𑄱 𑄓𑄨𑄇𑄴𑄥𑄧𑄚𑄢𑄨 𑄇𑄨𑄚𑄴𑄚𑄧𑄁 ।,Present
তুংবি কল দিে কাপ দিে বই কিনি,𑄖𑄪𑄋𑄴𑄉𑄧𑄝𑄨 𑄇𑄧𑄣𑄧-𑄟𑄪𑄃𑄨 𑄃𑄬𑄇𑄪𑄥𑄬 𑄜𑄬𑄝𑄳𑄢𑄧𑄪𑄠𑄢𑄨 𑄚𑄨𑄚𑄬𑄠𑄴 𑄣𑄨𑄇𑄴𑄈𑄬 𑄝𑄧𑄃𑄨 𑄇𑄨𑄚𑄴𑄚𑄧𑄁,Present
পাহাের নানি তাদেরকে পবিত্র বলে,𑄟𑄥𑄴𑄖𑄧𑄢𑄴 𑄚𑄚𑄪 𑄖𑄢𑄢𑄬 𑄥𑄙𑄪 𑄇𑄧𑄣𑄧 ।,Present
. কল দিলে তুমি যত বই পবে তত হাত দিে দৌে যাবে,𑄃𑄳𑄦 𑄇𑄧𑄣𑄧 𑄖𑄪𑄟𑄨 𑄡𑄬𑄘𑄧𑄇𑄴 𑄝𑄧𑄃𑄨 𑄛𑄧𑄢𑄨𑄝 𑄥𑄬𑄘𑄧𑄇𑄴 𑄦𑄇𑄴𑄇𑄧𑄣𑄴-𑄉𑄨𑄠𑄚𑄴 𑄝𑄢𑄨𑄝𑄧 ।,Future
এখন আমরা এক ঘন্টা দাঁিে মেলা যাবো,𑄃𑄨𑄇𑄴𑄇𑄨 𑄃𑄟𑄨 𑄃𑄬𑄇𑄴 𑄊𑄧𑄚𑄴𑄑 𑄗𑄬𑄃𑄨 𑄟𑄬𑄣 𑄞𑄨𑄘𑄨𑄢𑄬 𑄡𑄬𑄝𑄧𑄋𑄴 ।,Future
তার স্ত্রীকে বািতে ফিরতে হবে,𑄖 𑄏𑄬𑄢𑄬 𑄊𑄧𑄢𑄧𑄖𑄴 𑄜𑄨𑄢𑄨 𑄡𑄬𑄝𑄧𑄋𑄴 ।,Future
তার,𑄖 𑄏𑄬𑄢𑄬,Present
সবাই আবার বিেতে বই কিনে নিল,𑄝𑄬𑄇𑄴𑄇𑄪𑄚𑄬 𑄝𑄬𑄇𑄴𑄇𑄪𑄚𑄬 𑄃𑄢𑄧 𑄟𑄬𑄣𑄖𑄴 𑄝𑄧𑄃𑄨 𑄇𑄨𑄚𑄧𑄘𑄬 𑄉𑄬𑄣𑄉𑄴।,Past
বই মেলা দেখা শেষ হলে গািে,𑄝𑄧𑄃𑄨 𑄟𑄬𑄣 𑄘𑄬𑄊𑄚 𑄥𑄋𑄴𑄉𑄧 𑄦𑄧𑄣𑄬 𑄉𑄢𑄨𑄖𑄴,Present
হাসিখুসিে দিনটা কেটে গেল,𑄦𑄎𑄨-𑄈𑄪𑄎𑄨𑄠𑄬 𑄃𑄳𑄦 𑄃𑄪𑄥𑄴𑄱-𑄛𑄪𑄥𑄴𑄱 𑄘𑄨𑄚𑄴𑄚𑄧 𑄉𑄧𑄋𑄨 𑄉𑄬𑄣𑄧 ।,Past
bdmean,𑄹𑄽,Present
"বই, বই",𑄝𑄧𑄃𑄨,Present
হক হলে (মাজা করে),𑄦𑄧𑄇𑄴 𑄦𑄧𑄣𑄬 ( )𑄟𑄎𑄢 𑄘𑄨𑄃𑄨 ।,Present
৮১১৫. সেই নববর্ষের দিনে বই মেলা কোথা হ?,𑄸𑄷 𑄥𑄬 𑄜𑄬𑄝𑄳𑄢𑄪𑄠𑄢𑄨 𑄣𑄧𑄇𑄴𑄈𑄬 𑄝𑄧𑄃𑄨 𑄟𑄬𑄣 𑄇𑄪𑄘𑄪 𑄦𑄧𑄠𑄬 ?,Present
খাগা দিে খা,𑄈𑄉𑄴𑄢𑄍𑄧𑄢𑄨 𑄑𑄃𑄪𑄚𑄴 𑄦𑄧𑄣𑄴 𑄈।,Present
বাজারে ঘা,𑄝𑄎𑄢𑄧𑄖𑄴 𑄊।,Present
গাি আছা,𑄉𑄢𑄨 𑄃𑄬𑄥𑄴𑄑𑄬𑄥𑄧𑄚𑄧𑄖𑄴,Present
পাহাে ২১শে ফেব্রুয়ারীতে মানুষ কেন প্রাণ দিল,𑄷𑄿𑄻𑄸 𑄥𑄣𑄧𑄖𑄴 𑄸𑄷 𑄜𑄬𑄝𑄳𑄢𑄪𑄠𑄢𑄨𑄖𑄴 𑄟𑄚𑄪𑄥𑄴 𑄇𑄨𑄖𑄴𑄖𑄬𑄃𑄨 𑄛𑄧𑄢𑄚𑄴 𑄘𑄨𑄣𑄉𑄴 ?,Past
বাঁশের ফালি দিে খাও,𑄝𑄋𑄴𑄣𑄚𑄴𑄘𑄨 𑄇𑄧𑄙 𑄇𑄧𑄝𑄖𑄴𑄬𑄃𑄨 𑄈।,Present
বাঁশিটা বাজতেছে,𑄝𑄋𑄴𑄣𑄘𑄬𑄥𑄴𑄥𑄚𑄴 𑄥𑄙𑄨𑄚𑄴 𑄉𑄧𑄢𑄨𑄝𑄢𑄴,Present
বাঁশের কঞ্চি দিে কথা বলে না,𑄝𑄋𑄴𑄣𑄚𑄴𑄘𑄨 𑄇𑄧𑄙 𑄚𑄧 𑄇𑄧𑄝𑄖𑄴𑄬𑄃𑄨 𑄊।,Present
পাকিস্তান বানানো,𑄛𑄇𑄨𑄥𑄴𑄖𑄚𑄴 𑄝𑄚𑄚,Present
আমি একটা ডিকনি নিচ্ছি-এই কথাটা কে বলবে?,𑄟𑄪𑄃𑄨 𑄃𑄬𑄇𑄴𑄇𑄱 𑄓𑄨𑄇𑄴𑄥𑄧𑄚𑄢𑄨 𑄇𑄨𑄚𑄴𑄚𑄧𑄋𑄴- 𑄃𑄬 𑄇𑄧𑄙𑄚𑄴 𑄇𑄧𑄚𑄴𑄚 𑄇𑄧𑄣𑄧 ?,Future
তুলিকা খাওা,𑄖𑄪𑄣𑄨𑄇 𑄈।,Present
১. মেে ২. মেে,𑄟𑄧𑄚𑄨𑄇,Present
এক জাতী কাঁটাযুক্ত শাক,𑄃𑄧𑄚𑄨𑄇 𑄊।,Present
ভোরের আলো,𑄛𑄧𑄦𑄴𑄢𑄴 𑄝𑄨,Present
তোমরা যত বই পবে তত খবর পাবে এই কথাটা কে বলে?,𑄖𑄪𑄟𑄨 𑄡𑄬𑄘𑄧𑄇𑄴 𑄝𑄬𑄥𑄴 𑄝𑄧𑄃𑄨 𑄛𑄧𑄢𑄨𑄝 𑄥𑄬𑄘𑄧𑄇𑄴 𑄝𑄬𑄥𑄴 𑄈𑄧𑄝𑄧𑄢𑄴 𑄛𑄬𑄝-𑄃𑄬 𑄇𑄧𑄙𑄠𑄚𑄴 𑄇𑄧𑄚𑄴𑄚 𑄇𑄧𑄠𑄴𑄬 ?,Future
এক জাতী পাখি,𑄛𑄧𑄦𑄴𑄖𑄳𑄠 𑄢𑄏𑄨,Present
এক জাতী কাঁটাযুক্ত লতা,𑄃𑄧𑄚𑄨𑄇𑄴 𑄊।,Present
এক জাতী ব ভাই,𑄟𑄥𑄴𑄑𑄧𑄢𑄴 𑄚𑄚𑄪,Present
কোন সালত বাঁশের ফালি দিে মানুষ মারা যা,𑄇𑄧𑄚𑄴 𑄥𑄣𑄧𑄖𑄴 𑄝𑄋𑄴𑄣 𑄞𑄌𑄧𑄢𑄴𑄣𑄃𑄨 𑄟𑄚𑄪𑄥𑄴 𑄟𑄪𑄢𑄴𑄎𑄧𑄚𑄴 ?,Present
.২০ফেব্রুি ১৯৭৫ খাওা,𑄸𑄶𑄜𑄬𑄝𑄳𑄢𑄪𑄠𑄢𑄨 𑄷𑄿𑄽𑄻 𑄥𑄣 𑄈।,Present
৮১২০. বৈশাখ মাস,𑄸𑄷𑄜𑄬𑄝𑄳𑄢𑄪𑄠𑄢𑄨 𑄷𑄿𑄻𑄸 𑄥𑄣𑄴,Present
২ফেব্রুি ১৯৭১ সাল,𑄸𑄻𑄜𑄬𑄝𑄳𑄢𑄪𑄠𑄢𑄨 𑄷𑄿𑄽𑄷 𑄥𑄣 𑄊।,Present
.১১ ফেব্রি ১৯৬৯ সাল,𑄷𑄷 𑄜𑄬𑄝𑄳𑄢𑄪𑄠𑄢𑄨 𑄷𑄿𑄼𑄿 𑄥𑄣,Present
হাত ভেঙে আছে,𑄞𑄥𑄴 𑄞𑄋𑄨 𑄃 𑄣𑄨𑄊𑄨 ।,Present
.মেলা-উো পার সম,𑄟𑄬𑄣-𑄃𑄪𑄥𑄴𑄱 𑄛𑄪𑄥𑄴𑄱 𑄃𑄧𑄚𑄪𑄥𑄴𑄑𑄚𑄴 ।,Present
এক লাফে বই মেলা শুরু হলো,𑄃𑄬𑄇𑄪𑄥𑄬 𑄝𑄧𑄃𑄨 𑄟𑄬𑄣 𑄥𑄪𑄢𑄪 𑄦𑄧𑄣𑄧 ।,Past
সবাই বই মেলায় যাচ্ছে,𑄝𑄬𑄇𑄴𑄇𑄪𑄚𑄬 𑄝𑄧𑄃𑄨 𑄟𑄬𑄣𑄖𑄴 𑄣𑄪𑄋𑄨𑄣𑄇𑄴 ।,Present
গি-সম কেটে গেল,𑄉𑄧𑄋𑄨-𑄥𑄧𑄟𑄧𑄠𑄴 𑄇𑄘𑄨 𑄉𑄬𑄣𑄧 ।,Past
ভালোভাবে সবার দিন কেটে গেল,𑄘𑄮𑄣𑄬 𑄘𑄣𑄬 𑄝𑄬𑄇𑄴𑄇𑄪𑄚𑄧𑄢𑄴 𑄘𑄨𑄚𑄴 𑄉𑄧𑄋𑄨 𑄉𑄬𑄣𑄧 ।,Past
বই মেলা জজ করে আছে,𑄝𑄧𑄃𑄨 𑄟𑄬𑄣 𑄎𑄠𑄴𑄎𑄪𑄇𑄴𑄧𑄣𑄴 𑄉𑄧𑄢𑄨 𑄃𑄉𑄬 ।,Present
বাঁশটা ব ব পানিতে পে গেল,𑄝𑄋𑄴𑄣 𑄞𑄎𑄧𑄢𑄴 𑄓𑄋𑄧𑄢𑄴 𑄓𑄋𑄧𑄢𑄴 𑄟𑄚𑄴𑄎𑄬 𑄛𑄧𑄢𑄚 𑄘𑄨𑄣𑄇𑄴 ।,Past
ডিগবাজি খাওার বই,𑄓𑄨𑄇𑄴𑄥𑄧𑄚𑄢𑄨-𑄃𑄧𑄢𑄴𑄖𑄧 𑄝𑄪𑄏𑄨𑄝𑄢𑄴 𑄝𑄧𑄃𑄨 ।,Present
তুলিকা একটা বই মেলা থেকে একটা সিডি কিনে নিল,𑄖𑄪𑄣𑄨𑄇 𑄃𑄬𑄇𑄴𑄇𑄱 𑄝𑄧𑄃𑄨 𑄟𑄬𑄣𑄖𑄴𑄪𑄚𑄴 𑄃𑄬𑄇𑄴𑄇𑄮 𑄓𑄨𑄇𑄴𑄥𑄧𑄚𑄢𑄨 𑄇𑄨𑄚𑄨𑄣𑄧 ।,Past
বাঁশের এক প্রকার মেে,𑄝𑄋𑄴 𑄃 𑄓𑄬𑄚𑄴 𑄟𑄨𑄣𑄬𑄃𑄨 ।,Present
তারা সবাই মিলে,𑄖𑄢 𑄝𑄬𑄃𑄨 𑄝𑄬𑄃𑄨,Present
বই মেলায়,𑄝𑄧𑄃𑄨 𑄟𑄬𑄣𑄖𑄴,Present
.তারা মেলা বালকরা,𑄖𑄢 𑄟𑄬𑄣𑄖𑄴 𑄝𑄣𑄧𑄇𑄴𑄪𑄚𑄴,Present
আমরা সবাই উস্কুখুস্কু,𑄃𑄟𑄨 𑄝𑄬𑄇𑄴𑄪𑄚𑄬 𑄃𑄪𑄥𑄴𑄥𑄱 𑄛𑄪𑄥𑄴𑄥𑄮,Present
bdmean,𑄹𑄾,Present
.একটু একটু করে দেখলাম,-𑄃𑄬𑄇𑄴𑄖𑄣𑄴 𑄉𑄧𑄢𑄨 𑄘𑄬𑄉𑄨𑄣𑄇𑄴,Past
এক জাতী ব্যাঙ,-𑄞𑄥𑄴 𑄝𑄋𑄴𑄣,Present
.এত ব মানুষ,-𑄥𑄧 𑄥𑄉𑄧𑄢𑄴 𑄟𑄚𑄪𑄌𑄴,Present
বই কিনছে,-𑄝𑄧𑄃𑄨 𑄇𑄨𑄚𑄨𑄣𑄉𑄴,Present
বোতে যাওা,-𑄝𑄬𑄢𑄚𑄧𑄖𑄴 𑄡𑄬𑄣𑄇𑄴,Present
রাতের বেলা তার মা কম্পিউটার মেলা ঘুরতেছে,𑄛𑄳𑄦𑄧𑄢𑄴𑄝𑄨 𑄃 𑄖 𑄟 𑄇𑄧𑄟𑄴𑄛𑄨𑄃𑄪𑄑𑄢𑄴 𑄟𑄬𑄣𑄖𑄴 𑄝𑄬𑄢𑄬 𑄝𑄖𑄳𑄠𑄬𑄃𑄨,Present
"যে, যে",𑄡𑄨𑄠𑄧𑄚𑄴।,Present
পাবি কম্পিউটারটা দৌাদৌি করতেছে,𑄛𑄳𑄦𑄧𑄢𑄝𑄨 𑄇𑄧𑄟𑄴𑄛𑄨𑄧𑄃𑄪𑄑𑄢𑄴𑄃𑄚𑄴 𑄘𑄬𑄃𑄨𑄚𑄬 𑄛𑄪𑄎𑄧𑄢𑄴 𑄉𑄧𑄢𑄴𑄣𑄴,Future
মা সেটা কি?,𑄟 𑄥𑄨𑄠𑄚𑄴 𑄇𑄨 ?,Present
তার মা পরীকে কলসে কল করলো,𑄖 𑄟 𑄛𑄳𑄦𑄧𑄢𑄴𑄝𑄨𑄢𑄬 𑄇𑄧𑄣𑄧 𑄥𑄨𑄠𑄚𑄴 𑄦𑄧𑄣𑄧,Past
কম্পিউটার,𑄇𑄧𑄟𑄴𑄛𑄨𑄃𑄪𑄑𑄢𑄴 ।,Present
তার সাথে তার মাকম্পিউটার কাপের কাপ দিে,𑄖 𑄏𑄬𑄢𑄬 𑄖 𑄟 𑄇𑄧𑄟𑄴𑄛𑄨𑄃𑄪𑄑𑄢𑄧𑄢𑄴 𑄇𑄠𑄴𑄇𑄪𑄢𑄬 𑄡𑄬𑄚𑄬𑄃𑄨,Present
কলমন দিনে শুনো,𑄇𑄧𑄣𑄧 𑄟𑄧𑄚𑄴 𑄘𑄨𑄚𑄬𑄭 𑄥𑄪𑄚𑄴 𑄃𑄳𑄦 𑄌,Present
এইটা একটা কম্পিউটারের মনিটর,𑄃𑄨𑄠𑄚𑄴 𑄃𑄬𑄇𑄴𑄇𑄱 𑄇𑄧𑄟𑄴𑄛𑄨𑄃𑄪𑄑𑄢𑄧𑄢𑄴 𑄟𑄧𑄚𑄨𑄑𑄧𑄢𑄴 ।,Present
কাজ করলে,𑄇𑄟𑄴 𑄉𑄧𑄢𑄴𑄣𑄬,Past
মনিটরে লেখা যা,𑄟𑄧𑄚𑄨𑄑𑄧𑄢𑄧𑄖𑄴 𑄣𑄬𑄊 𑄡𑄠𑄴 ।,Present
এখানে লেখা আর লেখা,𑄃𑄨𑄠𑄧𑄖𑄴 𑄣𑄬𑄊 𑄃𑄳𑄦 𑄜𑄮𑄘𑄧 𑄘𑄬𑄊,Present
"যাওা, যাওা",𑄡𑄠𑄴 ।,Present
এগুলো একটা কম্পিউটারের সিপি,𑄃𑄨𑄠𑄚𑄴 𑄃𑄬𑄇𑄴𑄇𑄱 𑄇𑄧𑄟𑄴𑄛𑄨𑄃𑄪𑄑𑄢𑄧𑄢𑄴 𑄥𑄨 𑄛𑄨 𑄃𑄨𑄃𑄪।,Present
কম্পিউটারের সব কাজ এখানে জমা হ,𑄇𑄧𑄟𑄴𑄛𑄨𑄃𑄪𑄑𑄢𑄧𑄢𑄴 𑄝𑄬𑄇𑄴 𑄇𑄟𑄚𑄨 𑄃𑄨𑄠𑄧𑄖𑄴 𑄎𑄧𑄟 𑄦𑄧𑄠𑄴।,Present
এগুলো একটা কীবোর্ড,𑄃𑄨𑄠𑄚𑄴 𑄃𑄬𑄇𑄴𑄈𑄚𑄴 𑄇𑄩 𑄝𑄮𑄢𑄴𑄓𑄴।,Present
কমপিউটারের লেখা-লেখা,𑄇𑄧𑄟𑄴𑄛𑄪𑄑𑄢𑄧𑄢𑄴 𑄣𑄬𑄊-𑄣𑄬𑄊𑄨,Present
গর্ত এটা লাগে,𑄉𑄧𑄢𑄴𑄖𑄬 𑄃𑄨𑄠𑄚𑄴 𑄣𑄊𑄬 ।,Present
এইটা একটা মাউস,𑄃𑄨𑄠𑄚𑄴 𑄃𑄬𑄇𑄴𑄇𑄱 𑄟𑄃𑄪𑄥𑄴 ।,Present
মাউস দিেকম্পিউটার,𑄟𑄃𑄪𑄥𑄴 𑄘𑄨𑄚𑄬𑄭 𑄇𑄧𑄟𑄴𑄛𑄨𑄃𑄪𑄑𑄢𑄧𑄢𑄴,Present
"অনেক ভাবে কাজ করা যা, ফোঁা আসতে পারে","𑄞𑄣𑄧𑄎𑄇𑄴 𑄞𑄝𑄧𑄖𑄳𑄠𑄬 𑄇𑄟𑄴 𑄉𑄧𑄢 𑄡𑄠𑄴, 𑄜𑄮𑄘𑄧 𑄃𑄬𑄀𑄇 𑄛𑄢𑄬।",Present
এগুলো দিে দিে ভাত খাওার বাক্স,𑄃𑄨𑄠𑄪𑄚𑄴 𑄘𑄨𑄝 𑄥𑄤𑄧𑄚𑄴 𑄝𑄇𑄴𑄥𑄪।,Present
টেলিফোনের বেজের শব্দ,𑄇𑄧𑄟𑄴𑄛𑄨𑄑𑄢𑄧𑄢𑄴 𑄞𑄨𑄘𑄨𑄢𑄬 𑄢𑄧 𑄃𑄳𑄦,Present
গান শুনতে লাগে,𑄉𑄚𑄴 𑄥𑄪𑄚𑄧𑄘𑄬 𑄣𑄉𑄬 ।,Present
এইটা একটা প্রিন্টার,𑄃𑄨𑄠𑄚𑄴 𑄃𑄬𑄇𑄴𑄈𑄚𑄴 𑄛𑄳𑄢𑄨𑄚𑄴𑄑𑄢𑄴।,Present
টেলিফোনের টেপটা শেষ হওা,𑄇𑄧𑄟𑄴𑄛𑄨𑄃𑄪𑄑𑄧𑄢𑄴 𑄣𑄬𑄊 𑄃𑄳𑄦 𑄜𑄪𑄘𑄧,Present
১. ছাা হওা ২. ছাা,𑄍𑄝 𑄦𑄧𑄠𑄴।,Present
এইটা একটা ইউ-পি-এ,𑄃𑄨𑄠𑄚𑄴 𑄃𑄬𑄇𑄴𑄈𑄚𑄴 𑄃𑄨𑄃𑄪-𑄛𑄨-𑄃𑄬𑄥𑄴 ।,Present
কারেন্ট চলে যাওা,𑄇𑄢𑄬𑄚𑄴𑄑𑄴 𑄉𑄬𑄣𑄬𑄉𑄮𑄃𑄨,Present
কেকটা কম্পিউটার চালাতে পারে,𑄇𑄈𑄴𑄇𑄧𑄚𑄴 𑄇𑄧𑄟𑄴𑄛𑄨𑄃𑄪𑄑𑄢𑄴 𑄌𑄣𑄬 𑄛𑄢𑄬 ।,Present
"কম্পিউটারে আমরা লেখা,পরা, গণনা করা","𑄇𑄧𑄟𑄴𑄛𑄨𑄃𑄪𑄑𑄢𑄴𑄣𑄮 𑄃𑄟𑄨 𑄣𑄬𑄊,𑄛𑄧𑄢, 𑄉𑄧𑄚𑄧𑄚 𑄍𑄧𑄝𑄨 𑄃𑄊𑄚 ,",Present
"ছবি চাওা, গান শোনা, নাচ করা এই বালকের কাজ","𑄍𑄧𑄝𑄨 𑄌𑄚 , 𑄉𑄚𑄴 𑄥𑄪𑄚𑄚, 𑄚𑄎𑄴 𑄌𑄚 𑄃 𑄝𑄣𑄧𑄇𑄴𑄈𑄚𑄨 𑄇𑄟𑄴",Present
৪০,𑄺𑄶,Present
এগুলো একটা,𑄃𑄨𑄠𑄚𑄴 𑄃𑄬𑄇𑄴𑄈𑄚𑄴,Present
প্রিন্টার,𑄛𑄳𑄢𑄨𑄚𑄴𑄑𑄢𑄴।,Present
আমাদের দোলের সবুজ মলা,𑄃𑄟 𑄘𑄬𑄎𑄧𑄢𑄴 𑄦𑄬𑄃𑄨𑄣𑄴 𑄟𑄪𑄢𑄧𑄉𑄪𑄚𑄴,Present
দোলে চোখ জুা,𑄘𑄬𑄣𑄬 𑄌𑄮𑄉𑄴 𑄎𑄪𑄢𑄠𑄴,Present
এক জাতী বুনো ফল যা সবজি হিসেবে ব্যবহৃত হ,𑄃𑄧𑄎𑄧𑄣𑄴 𑄚𑄨𑄎𑄧 𑄟𑄪𑄢𑄧𑄟𑄪𑄢𑄨,Present
ফাকিঁ দিে ফুল ফোটে,𑄜𑄉𑄱𑄚𑄱 𑄇𑄣𑄬 𑄜𑄪𑄣𑄴 𑄜𑄪𑄘𑄧𑄚𑄴,Present
"মলা, মলা",𑄟𑄪𑄢𑄧 𑄏𑄢𑄴 𑄎𑄧𑄉,Present
সে ফুল থেকে সুগন্ধ বের হ,𑄖𑄪𑄟𑄴𑄝𑄥𑄴 𑄥𑄨𑄘𑄬 𑄥𑄬 𑄜𑄪𑄣𑄧𑄖𑄴𑄪𑄚𑄴,Present
পুরো পাহাে পাহাে,𑄉𑄧𑄘 𑄟𑄱𑄚𑄴𑄖𑄧𑄣 ।,Present
হেলাম জঙ্গল থেকে কোদাল নিে আসা,𑄦𑄬𑄃𑄨𑄣𑄴 𑄏𑄢𑄧𑄖𑄴𑄪𑄚𑄴 𑄇𑄮𑄉𑄨𑄣𑄴 𑄓𑄉𑄧𑄚𑄴,Present
গানের তালে তালে কান্না করতেছে,𑄉𑄚𑄬 𑄉𑄚𑄬 𑄝𑄨𑄎𑄪 𑄇𑄘𑄬𑄭,Present
এত সুন্দর খেে,𑄃𑄬𑄘𑄧𑄇𑄴 𑄘𑄮𑄣𑄴 𑄈𑄨𑄚𑄬।,Present
আমাদের এখানে কোন ঘর নেই,𑄃𑄟 𑄃𑄨𑄘𑄪 𑄍𑄢 𑄇𑄮𑄚𑄧 𑄇𑄨𑄖𑄳𑄠𑄬,Present
১. মন বসতেছে না ২. মন বসতেছে না,𑄌𑄨𑄖𑄴 𑄚𑄧 𑄎𑄪𑄢𑄭।,Present
পাহাের উপর জুম বাি,𑄟𑄪𑄢𑄧-𑄃𑄧𑄎𑄧𑄣𑄴 𑄟𑄪𑄢𑄧𑄖𑄴 𑄎𑄪𑄟𑄴 𑄊𑄧𑄢𑄴 ।,Present
প্রাণটা এত সুন্দর চাঁদিে প্রাণ জুেছে,𑄌𑄨𑄖𑄴-𑄌𑄬𑄢𑄧𑄇𑄨 𑄃𑄬𑄘𑄧𑄉𑄴 𑄘𑄮𑄣𑄴 𑄌𑄘𑄬 𑄌𑄨𑄖𑄴 𑄎𑄪𑄢𑄠𑄴 ।,Present
.ফুলের সুগন্ধ নিে যাওা,𑄖𑄪𑄟𑄴𑄝𑄥𑄴- 𑄜𑄪𑄣𑄧𑄢𑄴 𑄖𑄪𑄟𑄴𑄝𑄥𑄴 𑄚𑄨𑄉𑄨𑄣𑄬𑄢𑄴 ।,Present
হেল-হেইল পাা আমাদের সৈকতে আছে,𑄦𑄬𑄃𑄨𑄣𑄴 -𑄦𑄬𑄃𑄨𑄣𑄴 𑄟𑄮𑄚𑄴 𑄃𑄟 𑄌𑄬𑄢𑄧𑄇𑄨𑄖𑄳𑄠𑄬 𑄃𑄉𑄬 ।,Present
ডাগ-বিঝু এলে কোকিল ডাকে,𑄓𑄉𑄧𑄚𑄴-𑄝𑄨𑄎𑄪 𑄃𑄬𑄣𑄬 𑄇𑄮𑄇𑄨𑄣𑄴 𑄓𑄉𑄧𑄚𑄴,Present
"পিসেমশাই, ফুফা",𑄛𑄨𑄎𑄮𑄢𑄴,Present
কখন কোকিল ডাকতেছে,𑄇𑄧𑄇𑄴𑄈𑄬 𑄇𑄮𑄇𑄨𑄣𑄴 𑄓𑄧𑄉𑄧𑄢𑄧𑄚𑄴 ?,Present
আমাদের দেশের হেলেদুলে কি জুে আছে?,𑄃𑄟 𑄘𑄬𑄎𑄧 𑄦𑄬𑄃𑄨𑄣𑄴 𑄟𑄪𑄢𑄧𑄉𑄪𑄚𑄴 𑄌𑄘𑄬 𑄇𑄨 𑄎𑄪𑄢𑄠𑄴 ?,Present
ফাল্গুনে কি ফোটা,𑄜𑄉𑄪𑄚𑄧 𑄇𑄣𑄬 𑄇𑄨 𑄜𑄪𑄘𑄧𑄚𑄴 ?,Present
কোথা গেলে আমাদের মন শান্ত হ,𑄇𑄪𑄘𑄪 𑄉𑄬𑄣𑄬 𑄃𑄟 𑄟𑄧𑄚𑄴 𑄎𑄪𑄢𑄠?,Present
ছাটা সুরে সুরে নিচের দিকে কি আছে,𑄍𑄧𑄢𑄝𑄱 𑄥𑄪𑄢𑄬 𑄥𑄪𑄢𑄬 𑄖𑄧𑄣𑄬𑄚𑄴𑄘𑄨 𑄇𑄧𑄃𑄨 𑄃 𑄣𑄨𑄊𑄨,Present
১. ২. ২. (কলা প্রভৃতির) কাঁদি; ৩. (কলা প্রভৃতির) কাঁদি,𑄺𑄸,Present
এক জাতী বুনো ফল,𑄎𑄧𑄉𑄧𑄘𑄨𑄥𑄴 𑄢𑄮𑄠𑄎,Present
বাঁশের দোলটা আলগা করে একটা বেঁধে দাও,𑄝𑄋𑄴𑄣 𑄘𑄬𑄥𑄴 𑄃𑄧𑄣𑄧𑄘𑄬 𑄃𑄬𑄇𑄴𑄈𑄚𑄴 𑄥𑄙𑄨𑄚𑄴 𑄘𑄬𑄥𑄴 ।,Present
.একটু একটু করে এই দেশটা ভালো হেছে,𑄣𑄢𑄬𑄃𑄨 𑄉𑄧𑄢𑄨𑄚𑄬𑄃𑄨 𑄃𑄬 𑄘𑄬𑄥𑄴𑄌𑄚𑄴 𑄥𑄙𑄨𑄚𑄴 𑄦𑄧𑄠𑄬 ।,Present
"সে, সে",𑄥𑄬,Present
আমাদের সাথে যাওা যা,𑄣𑄢𑄬 𑄦𑄧𑄣𑄧𑄘𑄬 𑄃𑄟 𑄎𑄨𑄘𑄨𑄝𑄢𑄴 𑄣𑄢𑄬 ।,Present
.১৯৭১ সালে ডিসেম্বর মাসের ১৬ তারিখে এই দৌা আমরা ছিলাম,𑄷𑄿𑄽𑄷 𑄥𑄣𑄧𑄖𑄴 𑄓𑄨𑄥𑄬𑄟𑄴𑄝𑄧𑄢𑄴 𑄟𑄎𑄧𑄢𑄴 𑄷𑄼 𑄖𑄢𑄨𑄈𑄴 𑄃𑄬 𑄣𑄢𑄬𑄖𑄴 𑄃𑄟𑄨,Past
৮১১৬. ১৯৭১ সালের মেে মাসের ২৫ তারিখে পাকিস্তানিরা এই লোকগুলোকে রাতের অন্ধকারে মেরে ফেলল,𑄷𑄿𑄽𑄷 𑄥𑄣𑄧𑄢𑄴 𑄟𑄢𑄴𑄌𑄧 𑄟𑄎𑄧𑄢𑄴 𑄸𑄻 𑄖𑄢𑄨𑄈𑄴 𑄢𑄬𑄘𑄧 𑄃𑄚𑄴𑄙𑄢𑄧𑄖𑄴 𑄛𑄇𑄨𑄥𑄴𑄖𑄚𑄨𑄃𑄪𑄚𑄬 𑄃𑄬 𑄘𑄬𑄎𑄧 𑄟𑄚𑄪𑄥𑄴𑄥𑄪𑄚𑄧𑄢𑄬,Past
দোষ নাই করে পাছাটা মারে,𑄘𑄪𑄥𑄴 𑄚𑄬𑄃𑄨 𑄉𑄧𑄢𑄨 𑄃𑄬𑄚𑄬 𑄟𑄢𑄬 𑄛𑄬𑄣𑄴𑄣𑄮𑄚𑄴।,Present
তাদের সমে অবিচার করা আমি অনেক ঘৃণা করি,𑄖𑄢𑄢𑄴 𑄃𑄧𑄚𑄳𑄠𑄬𑄠𑄴 𑄃𑄧𑄝𑄨𑄌𑄢𑄴 𑄃 𑄟𑄢𑄚 𑄟𑄪𑄠𑄧𑄖𑄴 𑄃𑄬 𑄘𑄬𑄎𑄧 𑄟𑄚𑄪𑄥𑄴𑄪𑄚𑄴,Present
সূর্য ডোবার সম হলো,𑄢𑄬𑄎𑄴𑄳𑄠 𑄘𑄬𑄝𑄧𑄖𑄧𑄣 𑄦𑄧𑄣𑄧।,Past
.সুঁচালো হলো জুে বসার সম,𑄥𑄪𑄢𑄪 𑄦𑄧𑄣𑄧 𑄎𑄨𑄘𑄨𑄝𑄢𑄴 𑄣𑄢𑄬𑄃𑄨।,Present
"এই পথে ছাামাা মাা,চাজামাা সব মেেরা একসাথে যোগ দে","𑄃𑄬 𑄣𑄢𑄬𑄠𑄧𑄖𑄴 𑄍𑄖𑄴𑄧𑄢𑄧 𑄟𑄥𑄴𑄑𑄧𑄢𑄴, 𑄌𑄎𑄝𑄧𑄣,𑄘𑄪𑄈𑄴𑄇𑄟𑄴𑄝𑄧𑄣 𑄝𑄬𑄇𑄴 𑄝𑄝𑄧𑄖𑄳𑄠𑄬 𑄟𑄨𑄣𑄬 𑄟𑄧𑄢𑄧𑄖𑄴 𑄣𑄢𑄬𑄖𑄴 𑄡𑄮𑄉𑄴",Present
তারা তাাতাি অগ্রসর হে গেল,𑄖𑄢 𑄥𑄬𑄘𑄟𑄧𑄝𑄧𑄣𑄬 𑄣𑄢𑄬 𑄉𑄧𑄢𑄨𑄣𑄉𑄴।,Past
আমাদের দলপতির সম বেশি না,𑄃𑄟 𑄣𑄢𑄬𑄣𑄧𑄇𑄴𑄪𑄚𑄧𑄢𑄴 𑄥𑄬𑄘𑄟𑄴 𑄇𑄧𑄟𑄴 𑄚𑄧𑄠𑄴।,Present
.আকাশে তাদের বুক ভরা হলো,𑄘𑄬𑄎𑄧𑄖𑄳𑄠𑄬𑄃𑄨 𑄖𑄢𑄢𑄴 𑄝𑄪𑄇𑄴 𑄞𑄧𑄢𑄧𑄚𑄴 𑄇𑄮𑄌𑄴𑄛𑄚 𑄃𑄬𑄣𑄧 ।,Past
তারা দোল,𑄖𑄢 𑄘𑄬𑄎𑄧𑄖𑄳𑄠𑄬𑄃𑄨,Past
পা দিল,𑄛𑄧𑄢𑄚𑄴 𑄘𑄨𑄣𑄉𑄴।,Past
না পাা পাে পাকিস্তানিরা নামল,𑄚𑄧 𑄟𑄥𑄴 𑄣𑄢𑄬𑄠𑄧𑄖𑄴 𑄛𑄇𑄨𑄥𑄴𑄖𑄚𑄨𑄃𑄪𑄚𑄴 𑄃𑄧𑄘𑄨𑄣𑄇𑄴 ।,Past
এই দৌে আমরা গেলাম,𑄃𑄬 𑄓𑄋𑄧𑄢𑄴 𑄣𑄢𑄬𑄖𑄴 𑄃𑄟𑄨 𑄎𑄨𑄘𑄨𑄣𑄧𑄋𑄴 ।,Past
আমরা,𑄃𑄟𑄨,Present
পেলং লাল রঙের বেলুন দিে ঢোল বাজাও,𑄛𑄬𑄣𑄧𑄋𑄴 𑄢𑄋 𑄦𑄬𑄃𑄨𑄣𑄴 𑄢𑄧𑄋𑄧𑄢𑄴 𑄝𑄝𑄧𑄘𑄣𑄮𑄃𑄨 𑄥𑄙𑄨𑄚𑄴 𑄝𑄋𑄴𑄣 𑄘𑄬𑄥𑄴 ।,Present
আমরা দোলটাকে পছন্দ করি,𑄃𑄟𑄨 𑄘𑄬𑄥𑄴𑄥𑄚𑄧𑄢𑄬 𑄌𑄨𑄘𑄴𑄘𑄨𑄉𑄮𑄣𑄴 𑄇𑄮𑄌𑄴 𑄛𑄬𑄃𑄨 ।,Present
"৮১৩৬. হাঁটতে পারতেছি, চাটাগ্রামের ১ নম্বর সেন্ট্রিতে একজন মন দাওার লোক আসলো",𑄷𑄿𑄽𑄷 𑄣𑄢𑄬𑄠𑄧𑄖𑄴 𑄛𑄢𑄴𑄝𑄧𑄖𑄳𑄠𑄧 𑄌𑄖𑄴𑄧𑄉𑄳𑄢𑄟𑄴 𑄷 𑄚𑄧𑄟𑄴𑄝𑄧𑄢𑄴 𑄥𑄬𑄇𑄴𑄖𑄧𑄢𑄧𑄖𑄴 𑄃𑄬𑄇𑄴𑄎𑄧𑄚𑄴 𑄟𑄧𑄚𑄴 𑄓𑄋𑄧𑄢𑄴 𑄇𑄧𑄟𑄚𑄴𑄓𑄢𑄴 𑄃𑄬𑄣𑄧,Past
এক জাতী ত্রিপুরা,𑄦𑄬𑄟𑄧𑄘 𑄢𑄧𑄚𑄴𑄎𑄧𑄚𑄴 𑄖𑄳𑄢𑄨𑄛𑄪𑄢 ।,Present
তাদের সাথে আবার এসেছে এক সেনা চাংমা,𑄖𑄢 𑄥𑄧𑄟𑄢𑄬 𑄃𑄢𑄧 𑄃𑄬𑄣𑄧 𑄟𑄪𑄇𑄴𑄖𑄨 𑄡𑄮𑄘𑄴𑄙 𑄃𑄧𑄥𑄮𑄇𑄴 𑄟𑄨𑄖𑄳𑄢𑄧 𑄌𑄋𑄴𑄟 ।,Present
"পাু, পাু",𑄛𑄢𑄴𑄝𑄧𑄖𑄳𑄠𑄧,Present
চত্তগ্রামের ছোট জাগা তারা একসাথে সাইকেল চালিয়ে যাচ্ছে,𑄌𑄧𑄖𑄴𑄧𑄉𑄳𑄢𑄟𑄧𑄖𑄴 𑄝𑄣𑄧𑄇𑄴𑄇𑄚𑄨 𑄎𑄉𑄖𑄴 𑄖𑄢 𑄥𑄧𑄟𑄢𑄴 𑄣𑄧𑄚𑄬𑄃𑄨 𑄛𑄇𑄨𑄥𑄧𑄖𑄚𑄧𑄢𑄴 𑄥𑄮𑄚𑄳𑄠𑄧𑄣𑄮𑄃𑄨 𑄣𑄢𑄬𑄃𑄨 𑄉𑄧𑄎𑄴𑄥𑄮𑄚𑄴 ।,Present
.মেেটা দুই চোখ বন্ধ করে মুক্তিবাহিনীকে নানান কাজে সাহায্য করে,𑄟𑄧𑄋𑄴𑄛𑄳𑄠 𑄌𑄃𑄨𑄚𑄴 𑄌𑄮𑄙𑄪𑄢𑄨 𑄟𑄪𑄇𑄴𑄖𑄨 𑄝𑄦𑄨𑄚𑄨𑄃𑄪𑄚𑄧𑄢𑄬 𑄚𑄚𑄚𑄴 𑄇𑄟𑄧𑄖𑄴 𑄝𑄧𑄣𑄴 𑄘𑄨𑄠𑄬।,Present
.আমরা সব মুক্তিকামীদের ভালো করে কামাতে পারবো।,𑄃𑄟𑄨 𑄝𑄬𑄇𑄴 𑄟𑄪𑄇𑄴𑄖𑄨 𑄣𑄢𑄬𑄉𑄧𑄢𑄨𑄠𑄃𑄪𑄚𑄧𑄢𑄴 𑄞𑄣𑄬𑄘𑄨 𑄇𑄟𑄚𑄨 𑄟𑄧𑄚𑄧𑄖𑄴 𑄢𑄉𑄬𑄝𑄧𑄋𑄴 ।,Future
আমরা তাদেরকে ব মনে করি,𑄃𑄟𑄨 𑄖𑄢𑄢𑄬 𑄓𑄋𑄧𑄢𑄴 𑄟𑄧𑄚𑄬 𑄇𑄮𑄌𑄴,Present
bdmean,𑄺𑄺,Present
পাহাে-আমাদের দেশে ১৯৭১ সালে বাস করার জন্য পাহাে হেছে,𑄣𑄢𑄬𑄃𑄨 - 𑄃𑄟 𑄘𑄬𑄎𑄧𑄖𑄴 𑄷𑄿𑄽𑄷 𑄥𑄣𑄧𑄖𑄴 𑄝𑄏𑄨𑄝𑄢𑄴 𑄣𑄢𑄬𑄃𑄨 𑄦𑄧𑄠𑄬 ।,Present
জেদি-১৯৭১ সালে আমরা জেদি করি,𑄎𑄨𑄘𑄧𑄚𑄨 -𑄷𑄿𑄽𑄷 𑄥𑄣𑄧𑄖𑄴 𑄃𑄟𑄨 𑄎𑄨𑄘𑄧𑄚𑄨 𑄣𑄢𑄬𑄃𑄨 𑄉𑄧𑄎𑄴𑄬𑄃𑄨 ।,Present
ডাঙিে-ডাঙিে হামাগুি দিে যাচ্ছে,𑄓𑄋𑄧𑄢𑄴𑄟𑄧𑄚𑄬-𑄓𑄧𑄋𑄧𑄢𑄴 𑄟𑄧𑄚𑄬 𑄦𑄬𑄟𑄧𑄘 𑄢𑄧𑄚𑄴𑄎𑄧𑄚𑄬 𑄎𑄨𑄘𑄨𑄝𑄢𑄴 𑄣𑄢𑄬𑄠𑄧𑄖𑄴 𑄡𑄨𑄠𑄬 ।,Present
সমের মেে-মেেটা একটু একটু করে ঘুরতেছে,"𑄥𑄧𑄟𑄢𑄴-𑄦𑄬𑄟𑄧𑄘 𑄢𑄧𑄚𑄴𑄎𑄧𑄚𑄴, 𑄥𑄪𑄝𑄨𑄣𑄥𑄴 𑄃 𑄝𑄣𑄧𑄇𑄴𑄪𑄚 𑄃𑄬𑄉𑄴 𑄣𑄧𑄉𑄬 𑄎𑄨𑄘𑄨𑄝𑄢𑄴 𑄣𑄢𑄬𑄠𑄧𑄖𑄴 𑄡𑄨𑄠𑄧𑄚𑄴",Present
সে দািে দািে যা,𑄥𑄬𑄘𑄟𑄴𑄝𑄧𑄣-𑄎𑄴𑄨𑄘𑄨𑄝𑄢𑄴 𑄣𑄢𑄬𑄠𑄧𑄖𑄴 𑄥𑄬𑄘𑄟𑄴𑄝𑄧𑄣𑄃𑄪𑄚𑄬 𑄡𑄨𑄠𑄧𑄚𑄴 ।,Present
লাঠি- লাঠি দিে মারামারি,𑄣𑄢𑄬𑄃𑄨-𑄎𑄨𑄋𑄴𑄇𑄚𑄨 𑄜𑄣𑄬𑄬 𑄘𑄨𑄠𑄘𑄨 𑄟𑄢𑄟𑄢𑄨,Present
অন্ধকার দেখা,𑄃𑄚𑄴𑄙𑄢𑄴-𑄚𑄧 𑄘𑄬𑄊𑄚,Present
দেবতলা-আকাশের নিচে,𑄘𑄬𑄝𑄧𑄖𑄧𑄣 -𑄃𑄇𑄎𑄧𑄖𑄴 𑄖𑄧𑄣𑄬 ।,Present
সাধনা-মলা/খোলা মেলা,𑄥𑄙𑄨𑄚-𑄟𑄧𑄚𑄴𑄉𑄧𑄎 /𑄈𑄱𑄣 𑄟𑄬𑄣 ।,Present
বাঁশ দো- আমাদের জাগা,𑄝𑄋𑄴𑄣 𑄘𑄬𑄥𑄴- 𑄃𑄟 𑄎𑄚𑄴𑄟𑄧 𑄎𑄉 ।,Present
বো-পোল,𑄝𑄝𑄧𑄘-𑄛𑄬𑄣𑄬𑄉𑄴 ।,Present
সহোদরের সাথে কাজ করে এমন মানুষ,𑄥𑄧𑄟𑄢𑄴-𑄃𑄬𑄉𑄴 𑄣𑄧𑄉𑄬 𑄇𑄟𑄴 𑄉𑄧𑄎𑄳𑄠𑄬 𑄟𑄚𑄪𑄎𑄴,Present
নিচে পাতিলগুলো উত্তর দো,𑄖𑄧𑄣𑄬𑄘𑄨 𑄛𑄨𑄎𑄮𑄢𑄚𑄨 𑄃𑄪𑄖𑄴𑄧𑄢𑄴 𑄘𑄮𑄃𑄧:,Present
বাঁশটা কখন শক্ত হেছে,𑄝𑄋𑄴𑄣𑄘𑄬𑄎𑄴 𑄇𑄧𑄇𑄴𑄈𑄬 𑄥𑄙𑄨𑄚𑄴 𑄦𑄪𑄠𑄬 ?,Present
মুক্তিবাহিনীতে কে কে আছে?,𑄟𑄪𑄇𑄴𑄖𑄨𑄣𑄢𑄬𑄠𑄧𑄖𑄴 𑄇𑄧𑄚𑄴𑄚 𑄇𑄧𑄚𑄴𑄚 𑄡𑄬𑄠𑄧𑄚𑄴 ?,Present
মুক্তিবাহিনী কি আসলো?,𑄟𑄪𑄇𑄴𑄖𑄨 𑄣𑄢𑄬𑄣𑄧𑄇𑄴𑄪𑄚𑄧𑄢𑄴 𑄘𑄬𑄎𑄧𑄣𑄃𑄨 𑄇𑄨 𑄃𑄬𑄣𑄧 ?,Past
.পাহাের চূা দিে কে মুক্তি পেল?,𑄛𑄢𑄴𑄝𑄧𑄖𑄳𑄠𑄧 𑄌𑄧𑄑𑄳𑄠𑄧 𑄇𑄧𑄚𑄴𑄚 𑄟𑄪𑄇𑄴𑄖𑄨 𑄣𑄢𑄬𑄣𑄧𑄇𑄴 𑄇𑄧𑄚𑄴𑄚 𑄇𑄧𑄚𑄴𑄚 𑄃𑄬𑄣𑄧 ?,Past
আমরা কেন মুক্তি কুকুরটিকে মনে রাখবো?,𑄃𑄟𑄨 𑄇𑄨𑄖𑄴𑄖𑄬𑄃𑄨 𑄟𑄪𑄇𑄴𑄖𑄨 𑄣𑄢𑄬𑄣𑄧𑄇𑄴𑄪𑄚𑄧𑄢𑄬 𑄟𑄧𑄚𑄧𑄖𑄴 𑄢𑄈𑄬𑄝𑄧𑄋𑄴?,Future
bdmean,𑄺𑄻,Present
আমাদের দলটা বামে দো,𑄃𑄟 𑄥𑄙𑄨𑄚𑄴 𑄝𑄋𑄴𑄣𑄴𑄣 𑄘𑄬𑄥 𑄴,Present
বিদা পূর্ণ চামা,𑄝𑄨𑄘𑄳𑄠 𑄛𑄪𑄢𑄴𑄕𑄧 𑄌𑄋𑄴𑄟,Present
বাঁশের দোল দিে আমি এই দোলটাতে,𑄝𑄋𑄴𑄣 𑄘𑄬𑄎𑄧𑄖𑄴 𑄃𑄪𑄠𑄧𑄋𑄴 𑄟𑄪𑄃𑄨 𑄃𑄪𑄠𑄬𑄃𑄨 𑄃𑄟𑄨 𑄃𑄬 𑄘𑄬𑄎𑄧𑄖𑄴,Present
দোলটা নিে ব করে পতেছে এখানে,𑄘𑄬𑄥𑄴𑄥𑄚𑄴 𑄣𑄧𑄚𑄬𑄃𑄨 𑄝𑄳𑄦𑄢𑄴 𑄉𑄧𑄢𑄨 𑄛𑄧𑄢𑄚𑄴 𑄝𑄎𑄨𑄖𑄃𑄨 𑄃𑄨𑄠𑄧𑄖𑄴 ।,Present
আমাদের দেশে আগুন লেগে যা,𑄃𑄟 𑄘𑄬𑄎𑄧𑄖𑄴 𑄃𑄉𑄧𑄚𑄴 𑄝𑄣𑄧𑄉𑄴 𑄟𑄚𑄬 𑄎𑄘𑄴,Present
তাদেরকে আমি জুা দো তুলবো,𑄖𑄢𑄢𑄬 𑄟𑄪𑄃𑄨 𑄎𑄪 𑄘𑄮𑄋𑄴 𑄖𑄪𑄣𑄧𑄋𑄴 𑄘𑄨 𑄦𑄘𑄴 ।,Future
.বালুর গিঁটগুলো বদলে উঠে আমাদের বািটা,𑄝𑄣𑄧𑄉𑄴 𑄎𑄨𑄋𑄴𑄇𑄚𑄨 𑄝𑄧𑄘𑄧𑄣𑄬 𑄃𑄪𑄠𑄬 𑄃𑄟 𑄝𑄋𑄴𑄣 𑄘𑄬𑄎𑄴,Present
পাকিস্তানি রাজাকার পাতানো শিশুকে তাদের সেজ,𑄛𑄇𑄨𑄥𑄴𑄖𑄚𑄨 𑄢𑄎𑄇𑄢𑄴 𑄛𑄖𑄚𑄴𑄚𑄧𑄢𑄬 𑄉𑄪𑄌𑄴𑄌𑄧𑄚𑄴 𑄖𑄢 𑄥𑄬𑄎𑄴।,Present
নেই বেশি করে দাঁিে দো বাচ্চারা তাদের কাজ,𑄚𑄬𑄃𑄨 𑄃𑄣𑄴𑄥𑄨 𑄉𑄧𑄢𑄨 𑄘𑄬𑄎𑄴 𑄎𑄘𑄧𑄣𑄃𑄨 𑄉𑄪𑄎𑄴𑄧𑄚𑄴 𑄖𑄢 𑄇𑄟𑄴,Present
তারা মুখে একটা কাপ দিে দে,𑄖𑄢 𑄟𑄪𑄠𑄧𑄖𑄴 𑄃𑄬𑄇𑄴𑄇𑄚𑄴 𑄇𑄙-𑄝𑄋𑄴𑄣 𑄘𑄬𑄥𑄴 𑄌𑄚𑄴 ।,Present
অসুুস্থ হে ১৯৭১ সাল,𑄃𑄧𑄘𑄬 𑄟𑄧𑄘𑄬 𑄷𑄼 𑄓𑄨𑄥𑄬𑄟𑄴𑄝𑄧𑄢𑄴 𑄷𑄿𑄽𑄷 𑄥𑄣𑄧𑄖,Present
আমাদের দলের বািটা দাও তো আমাদের দলের বািটা,𑄦𑄪𑄠𑄬 𑄥𑄙𑄨𑄚𑄴 𑄃𑄪𑄠𑄬 𑄘𑄬𑄥𑄴 𑄃𑄟 𑄥𑄧𑄚𑄢𑄴 𑄝𑄋𑄴𑄣 𑄘𑄬𑄥𑄴 ।,Present
পাকিস্তান থেকে আশা আশা করে এগুলো অনেক ভ করে,𑄛𑄇𑄨𑄥𑄴𑄖𑄚𑄧𑄖𑄴𑄪𑄚𑄴 𑄥𑄙𑄨𑄚𑄴 𑄉𑄧𑄎𑄳𑄠𑄬𑄃𑄨 𑄃𑄨𑄠𑄚𑄴 𑄡𑄧𑄘𑄧𑄝𑄧𑄘𑄬 𑄝𑄳𑄦𑄢𑄴 𑄉𑄧𑄢𑄬 𑄛 𑄇𑄧𑄙 ।,Present
প্রাণ-জিনিস,𑄛𑄧𑄢𑄚𑄴-𑄎𑄨𑄋𑄴𑄇𑄚𑄨 ।,Present
সাধিতা যুদ্ধ বুক উে পে দিল,𑄥𑄙𑄨𑄚𑄧𑄖 𑄡𑄪𑄘𑄴𑄙𑄧𑄖𑄴 𑄝𑄪𑄇𑄴 𑄃𑄪𑄎𑄬𑄚𑄬𑄃𑄨 𑄛𑄧𑄢𑄚𑄴 𑄘𑄨𑄣𑄇𑄴 ।,Past
জুা দো,𑄎𑄪 𑄘𑄮𑄋𑄴-𑄥𑄚𑄴𑄟𑄚𑄴 𑄘𑄬𑄚 ।,Present
মুক্তি যোদ্ধাদেরকে আমরা সবাই দেখতেছি,𑄟𑄪𑄇𑄴𑄖𑄨 𑄡𑄪𑄘𑄴𑄙𑄧𑄃𑄪𑄚𑄧𑄢𑄬 𑄃𑄟𑄨 𑄝𑄬𑄇𑄴𑄇𑄪𑄚𑄬 𑄎𑄪 𑄎𑄚𑄬𑄃𑄨 ।,Present
রাজা-মেে পাখির বাসা,𑄢𑄎𑄇 𑄢𑄴-𑄟𑄪𑄇𑄴𑄖𑄨 𑄝𑄈𑄨𑄚𑄨 𑄝𑄨𑄢𑄧𑄙𑄨 ।,Present
সাধিতা যুদ্ধ রাজাকারগুলো মানুষদের মেরে ফেলল,𑄥𑄙𑄨𑄚𑄧𑄖 𑄡𑄪𑄘𑄴𑄙𑄧𑄖𑄴 𑄢𑄎𑄇𑄢𑄪𑄚𑄬 𑄘𑄪𑄥𑄴 𑄚𑄬𑄃𑄨 𑄟𑄚𑄪𑄌𑄴𑄪𑄚𑄧𑄢𑄬 𑄟𑄢𑄬 𑄜𑄬𑄣𑄴𑄣𑄧𑄚𑄴 ।,Past
. নেই আলসি-জিরা নেই,𑄚𑄬𑄃𑄨 𑄃𑄣𑄴𑄥𑄨-𑄎𑄨𑄢𑄚𑄴 𑄚𑄬𑄃𑄨 ।,Present
মুক্তিকামীরা অলস করে কাজ করে,𑄟𑄪𑄇𑄴𑄖𑄨 𑄝𑄈𑄨𑄃𑄪𑄚𑄬 𑄚𑄬𑄃𑄨 𑄃𑄣𑄴𑄥𑄨 𑄉𑄧𑄢𑄨 𑄇𑄟𑄴 𑄉𑄧𑄢𑄨 𑄡𑄨𑄠𑄴𑄧 ।,Present
পিঁপিটা কোথা আছে,𑄛𑄨𑄎𑄨𑄚𑄨 𑄇𑄧𑄃𑄨 𑄃 𑄣𑄨𑄊𑄨 ।,Present
আমরা কোন দেশ হেছি,𑄃𑄟𑄨 𑄇𑄮𑄚𑄴 𑄘𑄬𑄎𑄧𑄖𑄴 𑄦𑄪𑄠𑄬𑄠𑄴 ?,Present
দেজগুলো নিে কে দৌা,𑄘𑄬𑄎𑄴𑄥𑄚𑄴 𑄣𑄧𑄚𑄬𑄠𑄴 𑄇𑄧𑄚𑄴𑄚 𑄝𑄳𑄦𑄢𑄴 𑄉𑄧𑄢𑄬 ?,Present
পরানটা কে দিে,𑄛𑄧𑄢𑄚𑄴 𑄇𑄧𑄚𑄴𑄚 𑄘𑄨𑄠𑄬 ?,Present
.নিচে একা কে কাজ করে?,𑄚𑄬𑄃𑄨 𑄃𑄣𑄴𑄥𑄨𑄉𑄧𑄢𑄨 𑄇𑄧𑄚𑄴𑄚 𑄇𑄟𑄴𑄉𑄧𑄢𑄨 𑄡𑄨𑄠𑄬 ?,Present
আমাদের দেশ কখন আলাদা হেছে,𑄃𑄟 𑄘𑄬𑄎𑄴𑄥𑄚𑄴 𑄇𑄧𑄇𑄴𑄈𑄬 𑄥𑄙𑄨𑄚𑄴 𑄦𑄪𑄠𑄬 ?,Present
সারা বাি ভরে আছে কেন?,𑄥𑄢 𑄊𑄧𑄢𑄴 𑄛𑄪𑄢𑄧𑄚𑄴 𑄉𑄧𑄢𑄨 𑄃 𑄣𑄨𑄊𑄨 ?,Present
বাঁশটা আকাশে উেছে-আমরা এই আকাশে,𑄝𑄋𑄴𑄣 𑄘𑄬𑄎𑄧𑄖𑄴 𑄃𑄪𑄠𑄬𑄠𑄴 ------------- 𑄃𑄟𑄨 𑄃𑄬 𑄘𑄬𑄎𑄧𑄖𑄴 ।,Present
দোলটা নিে বের হ,𑄘𑄬𑄥𑄥𑄚𑄴 𑄣𑄧𑄚𑄬𑄃𑄨 𑄝𑄳𑄦𑄢𑄴----------------------------।,Present
আমাদের দেশে অনেক লোক আছে,𑄃𑄟 𑄘𑄬𑄎𑄧𑄖𑄴 𑄃𑄉𑄧𑄚𑄴 𑄞𑄣𑄧𑄇𑄴 𑄟𑄚𑄬𑄃𑄨 𑄎𑄖𑄴,Present
মদে-আবোল-তাবোল,𑄃𑄧𑄘𑄬 𑄟𑄧𑄘𑄬 ------------------------ 𑄷𑄿𑄽𑄷 𑄥𑄣𑄧𑄖𑄴।,Present
bdmean,𑄺𑄽,Present
একটি পাহাের বািে একটা জোা আসলো,𑄃𑄬𑄇𑄴𑄇𑄚𑄴 𑄟𑄮𑄚𑄮 𑄊𑄧𑄢𑄧𑄖𑄴 𑄃𑄬𑄇𑄴𑄇𑄱 𑄎𑄪𑄟𑄴𑄝𑄧𑄣 𑄃𑄬𑄣𑄧 ।,Past
তার জুমের বািতে একটা ঢেউ উঠলো,𑄖 𑄎𑄪𑄟𑄴 𑄊𑄧𑄢𑄧𑄖𑄴 𑄃𑄬𑄇𑄴𑄇𑄱 𑄔𑄋𑄧𑄢𑄴 𑄇𑄣𑄴𑄣𑄱𑄋𑄴 𑄃𑄬𑄣𑄧 ।,Past
"আরও এল লেই, টাগল, দুল একটি জুে আছে","𑄃𑄢𑄧 𑄃𑄬𑄣𑄧 𑄣𑄬𑄃𑄨, 𑄑𑄉𑄧𑄣𑄴, 𑄘𑄪𑄣𑄧 𑄃 𑄎𑄪𑄟𑄮𑄢𑄴 ।",Present
ঝুমকাটা একদিন ঘুরতে বের হেছি,𑄏𑄪𑄟𑄴𑄝𑄧𑄣𑄝𑄱 𑄃𑄬𑄇𑄴𑄘𑄨𑄚𑄴𑄚𑄳𑄠 𑄝𑄬𑄢 𑄣𑄟𑄴𑄟𑄳𑄠 ।,Present
কাঁঠালের কেকটি আমি রাজা,𑄇𑄣𑄴𑄣𑄮𑄋𑄮 𑄇𑄧𑄖𑄴𑄖𑄬-𑄃𑄨𑄇𑄴𑄇𑄪 𑄟𑄪𑄃𑄨 𑄢𑄎 ।,Present
.সেটা শুনে হিস্যু হলো।,𑄥𑄨𑄠𑄬𑄚𑄴 𑄥𑄪𑄚𑄨𑄚𑄬𑄃𑄨 𑄣𑄪𑄃𑄨𑄠𑄚𑄬 𑄦𑄎𑄨𑄣𑄧 ।,Past
এক জাতী ফল যা সবজি হিসেবে ব্যবহৃত হ,𑄘𑄪𑄣𑄧𑄝𑄮𑄃𑄧 𑄃𑄎𑄨𑄣𑄴 ।,Present
ঝুমকা দিে হেছে,𑄏𑄪𑄟𑄮𑄢𑄚𑄬𑄠𑄮 𑄦𑄎𑄨𑄣𑄧 ।,Present
বজ্রপাতও থামলো,𑄒𑄉𑄧𑄣𑄚𑄬𑄠𑄮 𑄦𑄎𑄨𑄣𑄧 ।,Past
কিছুক্ষণ পর জাগাটা ব্যাথা করল,𑄈𑄇𑄴𑄈𑄧𑄚𑄴 𑄝𑄘𑄬 𑄎𑄪𑄟𑄴𑄝𑄧𑄣𑄝𑄱 𑄛𑄨𑄢𑄨𑄣𑄧 ।,Past
কাপের বাদে বাকিগুলো নিে সে মাছ ধরলো,𑄇𑄣𑄴𑄣𑄮𑄋𑄴𑄋𑄮 𑄝𑄘𑄬 𑄝𑄉𑄨𑄠𑄚𑄨 𑄣𑄮𑄚𑄬𑄃𑄨 𑄖𑄬 𑄟𑄌𑄴 𑄙𑄧𑄢 𑄉𑄬𑄣𑄧 ।,Past
কাঁকা একা একা রাজা হে বািতে থাকল,𑄇𑄣𑄴𑄣𑄮𑄋𑄴𑄋𑄮 𑄉𑄃𑄨 𑄉𑄃𑄨 𑄢𑄎 𑄦𑄮𑄃𑄨 𑄊𑄧𑄢𑄧𑄖𑄴 𑄢𑄧𑄣𑄧 ।,Past
উনস নব্বই,𑄃𑄪𑄚𑄨𑄥𑄴 𑄥𑄧 𑄚𑄧𑄝𑄴𑄝𑄧𑄃𑄨 ।,Present
এক জাতী মাছ,𑄉𑄧𑄘 𑄝𑄁𑄣𑄘𑄬𑄥𑄴 𑄟𑄖𑄴𑄖𑄧𑄣𑄴।,Present
"উস্কুখুস্কু, এলোমেলো",𑄃𑄪𑄣𑄧𑄟𑄧𑄖𑄴𑄖𑄧।,Present
.আকাশের গিমসি উঠতেছে।,𑄃𑄬𑄢𑄴𑄥𑄘𑄴 𑄥𑄧𑄢𑄴𑄇𑄢𑄧 𑄉𑄧𑄘𑄨 𑄣𑄧𑄢𑄨𑄌𑄧𑄢𑄨 𑄃𑄪𑄙𑄬𑄢𑄴 𑄃 𑄛𑄧𑄢𑄬𑄢𑄴।,Present
মাটির রাস্তা,𑄟𑄖𑄴𑄖𑄧𑄣𑄴 𑄛𑄧𑄗𑄴𑄊𑄑𑄴 ।,Present
এক জাতী বুনো ফল,𑄟𑄖𑄴𑄖𑄧𑄣𑄴 𑄔𑄇।,Present
.পাখির গুলিতে মলাটি মারা গেছে।,𑄃𑄧𑄣𑄨 𑄉𑄪𑄣𑄨𑄖𑄴 𑄟𑄚𑄴𑄎𑄮𑄢𑄴 𑄇𑄪𑄠𑄝𑄪𑄣𑄧 𑄌𑄧𑄣𑄬𑄢𑄴 𑄇𑄧𑄟𑄧𑄣𑄬 𑄃𑄬𑄢𑄴𑄥𑄘𑄴 𑄉𑄧𑄘𑄨 𑄍𑄢𑄬𑄢𑄴।,Present
.রাতে অনেক অনেক মানুষ গিে উঠতেছে,𑄢𑄌𑄴𑄛𑄧𑄖𑄴 𑄃𑄧𑄇𑄴𑄖𑄧 𑄃𑄧𑄇𑄴𑄖𑄧 𑄟𑄚𑄴𑄎𑄮𑄢𑄴 𑄎𑄧𑄉𑄢𑄬 𑄉𑄨𑄢𑄴𑄉𑄨𑄢𑄬𑄃𑄨 𑄃𑄪𑄙𑄬𑄢𑄴 ।,Present
"পুলিশটা এদিক সেদিক দৌাচ্ছে, দৌে দৌে যাচ্ছে","𑄛𑄪𑄣𑄨𑄥𑄴 𑄃 𑄟𑄚𑄴𑄎𑄮𑄢𑄴 𑄃𑄧𑄇𑄴𑄖𑄧 𑄃𑄧𑄇𑄴𑄖𑄧 𑄣𑄧𑄢𑄣𑄧𑄢𑄨, 𑄙𑄝 𑄘𑄬 𑄙𑄨 𑄌𑄧𑄣𑄬𑄢𑄴।",Present
পুলিশ এই গ্রামের রাতের বেলা কখন কি হ সেটা কারো জানা নেই,𑄛𑄪𑄣𑄨𑄥𑄴 𑄃 𑄟𑄚𑄴𑄎𑄮𑄢𑄴 𑄢𑄬𑄚𑄢𑄬𑄚𑄨𑄠𑄬 𑄇𑄧𑄇𑄴𑄈𑄬 𑄇𑄨 𑄦𑄧𑄠𑄴 𑄥𑄨𑄠𑄚𑄴 𑄇𑄢𑄧𑄢𑄴 𑄟𑄳𑄦𑄬𑄖𑄴 𑄛𑄬𑄝𑄢𑄴 𑄎𑄪 𑄚𑄬𑄃𑄨।,Present
বাি থেকে বের হে গেলে আবার ফিরে আসবে সেটার কোনো বিশ্বাস নেই,𑄊𑄧𑄢𑄧𑄖𑄴𑄖𑄪𑄚𑄴 𑄚𑄨𑄉𑄨𑄣𑄨𑄣𑄬 𑄖𑄬 𑄃𑄢𑄧 𑄎𑄬𑄘 𑄜𑄨𑄢𑄨𑄝𑄧 𑄥𑄨𑄠𑄚𑄴 𑄇𑄧𑄚𑄧 𑄝𑄨𑄌𑄴𑄥𑄬𑄌𑄴 𑄚𑄬𑄃𑄨।,Present
"বুো গুলি,পাহাের লুডু কিছুতেই সহ্য করে না","𑄝𑄪𑄚𑄴𑄘𑄪𑄉𑄧 𑄉𑄪𑄣𑄨, 𑄛𑄪𑄣𑄨𑄎𑄧𑄢𑄴 𑄣𑄪𑄘𑄨 𑄇𑄧𑄚𑄧𑄇𑄴𑄈𑄚𑄬 𑄖𑄚𑄴 𑄚𑄧 𑄟𑄚𑄬𑄢𑄴।",Present
উপরে উঠতে না পেরে এদিক সেদিক দৌে গেল,𑄃𑄪𑄝𑄧𑄃𑄨 𑄖𑄮𑄉𑄬𑄃𑄨 𑄚𑄧 𑄛𑄬𑄃𑄨 𑄃𑄬𑄢𑄴𑄥𑄘𑄴 𑄉𑄧𑄘𑄨 𑄍𑄢𑄨 𑄣𑄟𑄨𑄣𑄧।,Past
মাটি জ হেছে,𑄟𑄚𑄴𑄎𑄮𑄢𑄴 𑄎𑄧𑄠𑄴 𑄦𑄧𑄣𑄧।,Present
পুরো দেশের মানুষ বই পে সুন্দর সুন্দর স্বপ্ন দেখতেছে,𑄉𑄧𑄘 𑄘𑄬𑄏𑄧 𑄟𑄚𑄪𑄌𑄴 𑄝𑄳𑄦𑄧 𑄚𑄨𑄏𑄬𑄌𑄴 𑄍𑄢𑄨 𑄟𑄪𑄎𑄪𑄋𑄬 𑄘𑄮𑄣𑄴 𑄎𑄨𑄁𑄇𑄚𑄨𑄢𑄴 𑄥𑄧𑄝𑄧𑄚𑄴 𑄘𑄬𑄣𑄇𑄴।,Present
রংচঙে দিন কাটানো,𑄢𑄧𑄁𑄙𑄧𑄋𑄬 𑄘𑄨𑄚𑄴 𑄇𑄘𑄬𑄣𑄇𑄴।,Present
পাহাে পে রেছে দূরের পথ,𑄟𑄪𑄎𑄪𑄋𑄬 𑄛𑄧𑄢𑄨 𑄢𑄧𑄣𑄧 𑄘𑄨𑄊𑄮𑄣𑄴 𑄛𑄧𑄗𑄴 ।,Present
সেনা বাহিনী হে গেল,𑄥𑄬𑄚 𑄥𑄥𑄧𑄚𑄴 𑄦𑄧𑄘𑄨 𑄉𑄬𑄣𑄧।,Past
যত ব মাটি,𑄎𑄧𑄠𑄴 𑄘𑄪𑄈𑄳𑄠 𑄟𑄚𑄴𑄎𑄮𑄢𑄴।,Present
পুরো বাংলাটা এখন স্বপ্ন দেখতেছে,𑄉𑄧𑄘 𑄝𑄁𑄣𑄘𑄬𑄥𑄴 𑄥𑄬𑄇𑄴𑄈𑄬 𑄚𑄱 𑄥𑄧𑄝𑄧𑄚𑄴 𑄘𑄬𑄊𑄬𑄢𑄴।,Present
পাহাে নাাচাা করে পথ দিে হেঁটে হেঁটে পাহাের পাশ দিে মানুষরা পাহাের পাশ দিে হেঁটে যাচ্ছে,𑄟𑄪𑄎𑄪𑄋𑄬 𑄚𑄪𑄠 𑄥𑄧𑄝𑄧𑄚𑄴 𑄘𑄬𑄃𑄨 𑄘𑄬𑄃𑄨 𑄛𑄧𑄗𑄴 𑄘𑄨𑄊𑄮𑄣𑄨 𑄦𑄘𑄨 𑄦𑄘𑄨 𑄈𑄪𑄌𑄴 𑄝𑄢𑄘𑄧𑄚𑄴 𑄉𑄧𑄘 𑄘𑄬𑄏𑄧 𑄟𑄚𑄪𑄌𑄴।,Present
খালি এই পাহািে এখনো সেনা সাা,𑄈𑄣𑄨𑄇𑄴 𑄃𑄬 𑄟𑄪𑄢𑄟𑄪𑄢𑄨𑄖𑄴 𑄥𑄬𑄇𑄴𑄈𑄬𑄠𑄮 𑄌𑄧𑄣𑄬𑄢𑄴 𑄥𑄬𑄚 𑄥𑄥𑄧𑄚𑄴।,Present
না না তর্কাতর্কি,𑄚 𑄚 𑄛𑄬𑄢𑄬𑄖𑄚𑄨।,Present
নানা ধরনের,𑄚𑄚 𑄇𑄧𑄎𑄧𑄣।,Present
.অপচে চিন্তা করো - এটা তো সহজে বের হ না,𑄛𑄧𑄢𑄴𑄝𑄱𑄣𑄧𑄉𑄬 𑄌𑄨𑄙 𑄉𑄧𑄢𑄴𑄣𑄇𑄴 - 𑄃𑄨𑄠𑄚𑄴 𑄘𑄧 𑄦𑄮𑄃𑄨 𑄚𑄧 𑄝𑄢𑄬!,Present
.এটাও এখান থেকে সরাও,𑄃𑄨𑄟𑄨𑄠𑄮 𑄃𑄨𑄖𑄴𑄖𑄪𑄚𑄴 𑄥𑄧𑄢𑄚𑄴 𑄌𑄬𑄃𑄨!,Present
আমরা ও উপরে মুখ করে তাকা,𑄃𑄟𑄨𑄠𑄮 𑄃𑄪𑄖𑄴𑄖𑄨 𑄟𑄪𑄖𑄴𑄖𑄨 𑄌𑄬𑄃𑄨 !,Present
.পর্যাে চিন্তা করা ছাড়া এইটার কোনো সম হবে না,𑄛𑄧𑄢𑄴𑄝𑄱𑄣𑄧𑄉𑄬 𑄞𑄝𑄨𑄣𑄇𑄴 𑄎𑄧𑄙 𑄚𑄧 𑄦𑄧𑄚 𑄝𑄘𑄬 𑄃𑄨𑄠𑄚𑄧𑄢𑄴 𑄇𑄧𑄚𑄧 𑄥𑄧𑄟𑄧𑄥𑄳𑄠𑄧 𑄚𑄧 𑄦𑄧𑄝𑄧।,Future
উপযুক্ত হওা এই কাজটা করতে হবে,𑄎𑄧𑄙 𑄦𑄧𑄃𑄨 𑄃𑄨𑄠𑄚𑄴 𑄥𑄮𑄣𑄴 𑄉𑄧𑄢 𑄛𑄧𑄢𑄨𑄝𑄧।,Future
.পর্যাে সব পরিষ্কার হেছে,𑄛𑄧𑄢𑄴𑄝𑄱𑄣𑄧𑄉𑄬 𑄎𑄧𑄙 𑄦𑄪𑄠 𑄙𑄧𑄢𑄴𑄣𑄇𑄴।,Present
পাহাের বািটা নরম হে যা না,𑄟𑄪𑄎𑄪𑄋𑄬 𑄝𑄌𑄴𑄌𑄬𑄃𑄨 𑄢𑄧𑄣𑄧 𑄇𑄎 𑄚𑄧 𑄡𑄨𑄨𑄠𑄳𑄠𑄬 𑄛𑄬𑄎𑄬𑄢 𑄛𑄧𑄗𑄴 ।,Present
.পর্যাে সবার সাথে দেখা হলো,𑄛𑄧𑄢𑄴𑄝𑄱𑄣𑄧𑄉𑄬 𑄎𑄧𑄙 𑄦𑄧𑄣𑄇𑄴।,Past
মেে ছেলে মেে,𑄟𑄨𑄣𑄬 𑄟𑄧𑄢𑄧𑄖𑄴 𑄟𑄨𑄣𑄨𑄣𑄇𑄴।,Present
"একা একা,বািতে বািতে সমে যাওার সম সব ঠিক হেছে","𑄃𑄘𑄟𑄬 𑄃𑄘𑄟𑄬, 𑄊𑄧𑄢𑄬 𑄊𑄧𑄢𑄬 𑄥𑄟𑄴𑄝𑄘𑄴 𑄉𑄬𑄣𑄧 𑄛𑄧𑄢𑄴𑄝𑄱𑄣𑄧𑄉𑄬 𑄎𑄧𑄙𑄧 𑄦𑄪𑄠𑄮𑄚𑄴।",Present
সূর্য ডোবার সম,𑄢𑄌𑄴𑄛𑄧𑄗𑄴 𑄉𑄨𑄢𑄴𑄉𑄨𑄢𑄬𑄃𑄨 𑄃𑄪𑄙𑄨𑄝𑄧।,Present
পৃথিবীর মানুষরা আমাদের কথা শুনবে,𑄛𑄨𑄖𑄴𑄗𑄨𑄟𑄨 𑄟𑄚𑄴𑄎𑄳𑄠𑄬 𑄃𑄟 𑄘𑄪𑄊𑄧 𑄇𑄧𑄙 𑄎𑄚𑄨𑄝𑄇𑄴।,Future
শোকার্ত বাবা এই সুখ নিশ্বাস ফেলবে,𑄘𑄪𑄈𑄳𑄠 𑄝𑄛𑄴𑄞𑄬𑄃𑄨 𑄃𑄬 𑄥𑄪𑄊𑄧 𑄚𑄨𑄏𑄬𑄌𑄴 𑄜𑄬𑄣𑄬𑄝𑄇𑄴।,Future
দ্রুত চিন্তা করল-যেকোন ব্যক্তি এবার মুক্তি পেল,𑄝𑄬𑄉𑄬 𑄞𑄝𑄨𑄣𑄇𑄴 - 𑄎𑄨𑄎𑄳𑄠𑄬𑄇𑄴𑄉𑄧𑄢𑄨 𑄃𑄬𑄝𑄢𑄴 𑄎𑄧𑄚𑄨 𑄟𑄪𑄇𑄴𑄖𑄨 𑄃𑄬𑄎𑄬।,Past
.মেেটা টাকা পে যা তা দিল,𑄥𑄬𑄢𑄬𑄉𑄪𑄚𑄬𑄘𑄨 𑄖𑄬𑄋 𑄛𑄧𑄠𑄴𑄎𑄬 𑄡 𑄣𑄉𑄬 𑄝𑄧𑄣𑄴 𑄘𑄨𑄣𑄇𑄴।,Past
.অতিরিক্ত ঘুম,𑄛𑄧𑄢𑄴𑄝𑄱𑄣𑄧𑄉𑄧𑄢𑄴 𑄊𑄪𑄟𑄴 𑄚𑄬𑄃𑄨।,Present
স্থির নেই,𑄗𑄨𑄘𑄧 𑄚𑄬𑄃𑄨।,Present
.ঢাকার রাস্তা গিে লাফিে লাফিে লাফিে আসলাম,𑄔𑄇 𑄢𑄌𑄴𑄛𑄧𑄗𑄴 𑄉𑄨𑄢𑄴𑄉𑄨𑄢𑄬𑄃𑄨 𑄍𑄢𑄨𑄝𑄧𑄁-𑄃𑄨𑄠𑄚𑄴 𑄛𑄧𑄢𑄴𑄝𑄱𑄣𑄧𑄉𑄧 𑄟𑄧𑄚𑄧𑄖𑄴 𑄖𑄝𑄮𑄣𑄴 𑄈𑄬𑄃𑄨 𑄈𑄬𑄃𑄨 𑄃𑄨𑄣𑄮𑄧𑄚𑄨 𑄜𑄬𑄣𑄮𑄚𑄨 𑄉𑄧𑄢𑄬𑄢𑄴।,Past
জোনাকিরা এখন ঢাকা পে,𑄎𑄪𑄚𑄪 𑄥𑄬𑄇𑄴𑄬 𑄔𑄇𑄖𑄴 𑄛𑄧𑄢𑄴𑄖𑄧।,Present
সামাজিক কাজে তাকে আগে দেখা যা,𑄥𑄧𑄟𑄎𑄧𑄢𑄴 𑄇𑄟𑄧𑄖𑄴 𑄖𑄢𑄬 𑄃𑄇𑄴𑄟𑄪𑄣𑄨𑄟𑄴 𑄃𑄨𑄎𑄬𑄝𑄬 𑄘𑄬𑄊 𑄡𑄬𑄘𑄧।,Present
যে কোন কাজে সে অবশ্যই আসবে,𑄡𑄬 𑄇𑄧𑄚𑄧 𑄇𑄟𑄧𑄖𑄴 𑄖𑄬 𑄈𑄟𑄇𑄴𑄇𑄃𑄨 𑄃𑄇𑄴𑄇𑄮𑄃𑄨 𑄡𑄬𑄘𑄧।,Future
.গর্তের পাশ দিে তার চেহারা দেখা গেল,𑄉𑄧𑄙 𑄔𑄇 𑄥𑄳𑄦𑄧𑄢𑄧𑄖𑄴 𑄖𑄢𑄴 𑄌𑄨𑄚𑄴𑄛𑄧𑄎𑄳𑄠 𑄃𑄬𑄣𑄧।,Past
. হওার সম আসলো,𑄦𑄧𑄝𑄢𑄴 𑄎𑄪𑄠𑄮 𑄃𑄬𑄣𑄧 ।,Past
তার বািটা কাপের মতো দেখতে এক জাতী কলেজ ছেলে,𑄖 𑄝𑄝𑄬 𑄃𑄬𑄣𑄧 𑄇𑄛𑄴𑄖𑄬𑄃𑄨 𑄉𑄧𑄙 𑄣𑄧𑄇𑄴𑄬 𑄇𑄧𑄣𑄬𑄎𑄧 𑄛𑄱।,Present
কাপ দিে পাখানা করা আর শেষ হ না,𑄇𑄛𑄴𑄖𑄬𑄃𑄨 𑄉𑄧𑄙 𑄝𑄚𑄚 𑄛𑄧𑄠𑄴𑄘𑄳𑄠𑄚𑄬 𑄥𑄮𑄣𑄴 𑄉𑄧𑄢𑄨𑄚𑄬 𑄛𑄇𑄨𑄥𑄴𑄖𑄚𑄴 𑄥𑄧𑄢𑄴𑄇𑄢𑄧 𑄌𑄮𑄊𑄮𑄖𑄴 𑄛𑄧𑄢𑄨 𑄣𑄬𑄊𑄛𑄧𑄢 𑄃𑄢𑄴 𑄖𑄢𑄴 𑄗𑄪𑄟𑄴 𑄚𑄧 𑄦𑄧𑄠𑄴।,Present
.অন্যরা জমি চাষ করে আর কৃষিকাজ করে,𑄎𑄬𑄢𑄬 𑄦𑄣𑄴𑄌𑄌𑄴 𑄉𑄧𑄢𑄨 𑄃 𑄟𑄌𑄴𑄖𑄧𑄢𑄨 𑄉𑄧𑄢𑄨 𑄘𑄨𑄚𑄴 𑄉𑄧𑄋𑄬𑄠𑄬।,Present
"টাকা নষ্ট করে দিন কাটানো হলেও গ্রামে,চাউলে তার ব ভাই-বোনেরা আসলো","𑄖𑄬𑄋 𑄛𑄧𑄠𑄴𑄎𑄬𑄠𑄴 𑄚𑄉𑄚𑄇𑄳𑄠 𑄉𑄧𑄢𑄨 𑄘𑄨𑄚𑄴 𑄉𑄧𑄋𑄬𑄣𑄬𑄠𑄮 𑄃𑄘𑄟𑄧𑄖𑄴, 𑄌𑄉𑄣𑄖𑄴 𑄖 𑄝𑄝𑄧𑄢𑄴 𑄟𑄚𑄴-𑄟𑄧𑄌𑄴𑄎𑄘 𑄃𑄬𑄣𑄧।",Past
তার মাের লেখা পা মেে,𑄖 𑄟𑄠𑄮 𑄣𑄬𑄊𑄛𑄧𑄢 𑄛𑄧𑄎𑄳𑄠 𑄟𑄨𑄣𑄬।,Present
গ্রামের সবাই তাদেরকে দেবতা মনে করে,𑄃𑄘𑄟𑄧𑄖𑄴 𑄥𑄬𑄖𑄳𑄠 𑄝𑄬𑄉𑄬 𑄖𑄢𑄢𑄬 𑄟𑄚𑄴 𑄘𑄨𑄘𑄇𑄴।,Present
সেই গ্রাম থেকে তাদের গিরিখাদটা আসলো,𑄥𑄬𑄖𑄳𑄠 𑄃𑄘𑄟𑄧𑄖𑄴 𑄖𑄢 𑄉𑄨𑄢𑄨𑄖𑄴𑄖𑄨𑄝𑄮 𑄃𑄬𑄣𑄧 𑄝𑄎𑄳𑄦।,Past
জোনাকির আলো বসে থাকা মানুষ গুলো আমার মতো দেখতে,𑄎𑄪𑄚𑄪 𑄃𑄖𑄳𑄠𑄝𑄱 𑄃𑄬𑄣𑄧 𑄝𑄨𑄘𑄨𑄥𑄴 𑄃𑄠𑄧𑄟𑄧𑄖𑄴 𑄛𑄮𑄃𑄨𑄚𑄋𑄨 𑄟𑄚𑄪𑄌𑄴।,Present
সে আমার চোখের পলকের মানুষ,𑄥𑄬 𑄃𑄠𑄧𑄟𑄧𑄖𑄴 𑄌𑄮𑄇𑄴𑄟𑄪𑄛𑄪𑄖𑄳𑄠 𑄟𑄚𑄪𑄌𑄴।,Present
তার দুই ছেলে গরিব হে চেেছে কোনো খবর নাই,𑄖𑄢𑄴 𑄘𑄨𑄝𑄬 𑄛𑄱 𑄟𑄚𑄪𑄌𑄴 𑄉𑄧𑄢𑄨𑄝𑄖𑄳𑄠 𑄌𑄬𑄢𑄬𑄌𑄴𑄖𑄢𑄴 𑄇𑄧𑄚𑄧 𑄃𑄪𑄚𑄧 𑄚𑄧 𑄃𑄬𑄣𑄧 ।,Present
জুনু বাবা পাকিস্তান সরকারে পে লেখা খোল করলে তার ভাই লেখা শেষ করে,𑄎𑄪𑄚𑄪 𑄝𑄛𑄴𑄱 𑄛𑄇𑄨𑄥𑄴𑄖𑄚𑄴 𑄥𑄧𑄢𑄴𑄇𑄢𑄧𑄢𑄴 𑄚𑄧𑄎𑄧𑄢𑄧𑄖𑄴 𑄛𑄧𑄢𑄨 𑄣𑄬𑄊𑄛𑄧𑄢 𑄈𑄬𑄟 𑄘𑄨𑄣𑄬𑄠𑄧 𑄖 𑄞𑄬𑄃𑄨𑄝𑄮 𑄣𑄬𑄊𑄛𑄧𑄢 𑄥𑄢𑄬 𑄛 𑄛𑄧𑄢𑄨 𑄥𑄧𑄢𑄴𑄇𑄢𑄨 𑄌𑄉𑄪𑄢𑄨 𑄙𑄧𑄎𑄳𑄠।,Present
খালিক তার গর্বটা না না জাগা থাকে আর জাগাটা আমাদের থেকে দূরে থাকে,𑄈𑄣𑄨𑄇𑄴 𑄖𑄢 𑄉𑄧𑄢𑄴𑄝𑄮𑄝𑄮 𑄚 𑄚 𑄎𑄉𑄖𑄴 𑄗𑄘𑄬 𑄗𑄘𑄬 𑄎𑄪𑄚𑄪𑄘𑄊𑄨 𑄉𑄧𑄢𑄴𑄝𑄮𑄣𑄮𑄃𑄨 𑄃𑄟𑄨𑄎𑄬𑄃𑄨 𑄜𑄢𑄧𑄇𑄴 𑄗𑄬𑄘𑄇𑄴।,Present
গাল ভরে খাওা তারা গ্রামে ফিরলেও আবার আসে,𑄉𑄣 𑄉𑄣 𑄖𑄢 𑄃𑄘𑄟𑄧𑄖𑄴 𑄝𑄬𑄢 𑄃𑄬𑄣𑄬 𑄃𑄮 𑄃𑄢𑄧 𑄡𑄬𑄘𑄇𑄴𑄇𑄮𑄃𑄨।,Present
এত ব নানু কোথা গিেছে সেটা মনে পেছে,𑄥𑄬𑄖𑄳𑄠 𑄃𑄖𑄳𑄠 𑄚𑄚𑄪 𑄇𑄨𑄢𑄴𑄝𑄳𑄠 𑄡𑄬𑄘𑄧𑄉𑄬 𑄛𑄬𑄝𑄢𑄴 𑄥𑄨𑄠𑄚𑄴 𑄎𑄪𑄚𑄪𑄘𑄊𑄨𑄨 𑄛𑄨𑄃𑄨𑄠𑄮𑄚𑄴।,Present
জোনাকির আলো ফোটার শব্দ,𑄎𑄪𑄚𑄪𑄘𑄊𑄨 𑄘𑄨 𑄞𑄬𑄃𑄨।,Present
জু বেগের ছিঁা,𑄎𑄪𑄚𑄪 𑄝𑄬𑄉𑄧 𑄍𑄨𑄉𑄮𑄚𑄴।,Present
তার ব ভাই,𑄖 𑄝𑄧𑄢𑄴 𑄞𑄬𑄃𑄨 𑄃𑄧𑄚𑄪।,Present
তার লেখা গুলো অনেক পছন্দ,𑄖𑄢𑄴 𑄣𑄬𑄊𑄛𑄧𑄢 𑄡𑄧𑄘𑄧𑄛𑄧𑄘𑄬 𑄟𑄧𑄚𑄴।,Present
লেখাপা বাদে দোলটা বোঝে না,𑄣𑄬𑄊𑄛𑄧𑄢 𑄝𑄘𑄬 𑄓𑄬𑄃𑄨𑄚𑄴 𑄝𑄋𑄴 𑄚𑄧 𑄝𑄪𑄏𑄬।,Present
বছর বছর ভালো রেজাল্ট করে,𑄝𑄧𑄏𑄧𑄢𑄴 𑄝𑄧𑄏𑄧𑄢𑄴 𑄉𑄧𑄟𑄴 𑄢𑄬𑄎𑄣𑄴 𑄉𑄧𑄢𑄨 𑄛𑄥𑄴 𑄉𑄧𑄢𑄬।,Present
সবাই তাকে লেখাপা নিন্দা করে,𑄝𑄬𑄇𑄴𑄇𑄪𑄚𑄬 𑄖𑄢𑄬 𑄣𑄬𑄊𑄛𑄧𑄢𑄖𑄴 𑄝𑄳𑄦𑄚𑄨 𑄉𑄧𑄢𑄧𑄚𑄴।,Present
জোনাকির আলো আঁধারিে আলো জ্বলে না,𑄎𑄪𑄚𑄪 𑄣𑄬𑄊𑄛𑄧𑄢𑄖𑄴 𑄖𑄳𑄠𑄬𑄚𑄴 𑄚𑄧𑄠𑄴।,Present
১. ঘিলে ভাত ২. ঘিলে ভাত,𑄊𑄨𑄣𑄬 𑄘𑄙𑄧।,Present
সবাই তার বাির শাকগুলো শুকিেছে,𑄝𑄬𑄇𑄴𑄇𑄪𑄚𑄬 𑄇𑄧𑄚𑄴 𑄖 𑄝𑄝𑄧 𑄥𑄃𑄧𑄌𑄴𑄥𑄚𑄴 𑄎𑄪𑄚𑄪 𑄛𑄨𑄃𑄨𑄠𑄳𑄠𑄬।,Present
এক দিন নাগাে নাচ করবে,𑄃𑄬𑄇𑄴𑄘𑄨𑄚𑄴 𑄚𑄋𑄴 𑄜𑄪𑄘𑄬𑄝𑄧।,Future
সবাই এত ঝগা করতেছে,𑄝𑄬𑄇𑄴𑄇𑄪𑄚𑄬 𑄥𑄬𑄖𑄳𑄠 𑄎𑄪𑄚𑄪𑄢𑄬 𑄇𑄮𑄌𑄴 𑄛𑄬𑄘𑄇𑄴।,Present
গিরিখাদের মধ্যে জুে থাকা জুিটা সারাদিন দৌাদৌি করে যাচ্ছে,𑄉𑄨𑄢𑄨𑄖𑄴𑄖𑄨 𑄉𑄪𑄌𑄴𑄬𑄌𑄝𑄖𑄳𑄠 𑄎𑄪𑄚𑄪 𑄟𑄝𑄮 𑄘𑄨𑄚𑄴 𑄢𑄬𑄃𑄨𑄖𑄴 𑄚𑄬𑄃𑄨 𑄃𑄣𑄴𑄎𑄨𑄉𑄧𑄢𑄨 𑄌𑄬𑄢𑄬𑄌𑄴𑄖 𑄉𑄧𑄢𑄨 𑄡𑄬𑄘𑄧।,Present
তার বািটা স্কুল থেকে একটু লেখাপা করে,𑄖 𑄝𑄝𑄬 𑄃𑄨𑄌𑄴𑄇𑄪𑄣𑄧𑄖𑄴𑄖𑄪𑄚𑄴 𑄃𑄧𑄚𑄪 𑄣𑄬𑄊 𑄟𑄙𑄬𑄘𑄇𑄴।,Present
জোনাকির মতো তার বাতিটা জ্বলতেছে,𑄎𑄪𑄚𑄪 𑄃𑄧𑄚𑄪 𑄚𑄚𑄉𑄚𑄴 𑄖 𑄝𑄝𑄧𑄖𑄴𑄖𑄪𑄚𑄴 𑄛𑄪𑄏𑄢𑄴 𑄉𑄧𑄖𑄴𑄗𑄇𑄴।,Present
তার বািতে লেখা কথাগুলো মলা ধরছে,𑄖 𑄝𑄝𑄬 𑄖𑄢𑄢𑄴𑄣𑄮𑄃𑄨 𑄣𑄬𑄊𑄛𑄧𑄢 𑄇𑄧𑄙 𑄟𑄬𑄣𑄨 𑄙𑄧𑄢𑄴𑄖𑄧।,Present
তার ব ব বইও আছে,𑄖 𑄝𑄝𑄧𑄢𑄴 𑄃𑄬𑄣𑄧 𑄓𑄋𑄧𑄢𑄴 𑄝𑄧𑄃𑄨𑄠𑄮 𑄇𑄪𑄢𑄴 ।,Present
আলমারি থরে থরে সাজানো,𑄃𑄣𑄴𑄟𑄢𑄨𑄖𑄴 𑄗𑄧𑄢𑄬 𑄗𑄧𑄢𑄬 𑄥𑄎𑄬𑄠𑄳𑄠।,Present
"বই, বই",𑄝𑄧𑄃𑄨 𑄃 𑄝𑄧𑄃𑄨 ।,Present
বইের তাক থেকে ছেঁা বই নিে তাদের কাছে শুনতে হ,𑄝𑄧𑄃𑄨𑄠𑄮 𑄇𑄪𑄢𑄧𑄖𑄴𑄪𑄚𑄴 𑄍𑄬𑄢𑄬𑄉𑄪𑄚𑄬𑄘𑄨 𑄝𑄧𑄃𑄨 𑄑𑄚𑄨 𑄣𑄧𑄃𑄨 𑄖𑄢𑄢𑄬 𑄟𑄙𑄬𑄃𑄨 𑄥𑄪𑄚𑄬𑄘𑄧।,Present
কবিতা বইে শুধু পাহাি ভেঙে বুঝে,𑄇𑄧𑄝𑄨𑄖 𑄝𑄧𑄃𑄨 𑄟𑄙𑄬𑄘𑄧 𑄃 𑄌𑄋𑄴𑄟𑄚𑄴𑄘𑄨 𑄞𑄋𑄨 𑄝𑄪𑄏𑄬𑄘𑄧।,Present
"জাতি,ছোটরা বই মাটিতে ভেঙে দে","𑄎𑄖𑄧𑄇𑄴, 𑄍𑄨𑄉𑄮𑄚𑄴𑄉𑄪𑄢𑄮 𑄝𑄧𑄃𑄨 𑄟𑄙𑄬 𑄞𑄋𑄨 𑄘𑄨𑄘𑄧।",Present
অনুলোে জুনু মিষ্টি কথা বলে,𑄃𑄧𑄚𑄪𑄣𑄮𑄃𑄨 𑄎𑄪𑄚𑄪 𑄟𑄧𑄚𑄴𑄘𑄨 𑄥𑄪𑄚𑄨𑄘𑄇𑄴।,Present
অনেক অনেক তার মা যোগা করতেছে,𑄃𑄧𑄇𑄴𑄖𑄧 𑄃𑄧𑄇𑄴𑄖𑄧 𑄖𑄟𑄴𑄟𑄠𑄮 𑄜𑄉𑄧𑄖𑄴 𑄥𑄧𑄟𑄬𑄘𑄧।,Present
তার বাবা কত ব হলে এই বইটা পলে আর নানান গান পে যাবে,𑄖 𑄝𑄝𑄬 𑄇𑄧𑄙𑄧 𑄛𑄪𑄖𑄴𑄣𑄧𑄇𑄴 𑄓𑄋𑄧𑄢𑄴 𑄦𑄧𑄣𑄬 𑄃𑄬 𑄝𑄧𑄃𑄨𑄠𑄪𑄚𑄴 𑄛𑄧𑄣𑄴𑄣𑄬 𑄃𑄢𑄧 𑄚𑄚𑄉𑄚𑄴 𑄛𑄧𑄃𑄨𑄘𑄳𑄠𑄚𑄬 𑄈𑄧𑄝𑄧𑄢𑄴 𑄛𑄬𑄝।,Future
ভালোভাবে লেখা পলেসমাজে আলো ফুটবে,𑄉𑄧𑄟𑄬 𑄣𑄬𑄊 𑄛𑄧𑄢𑄨𑄣𑄬 𑄥𑄧𑄟𑄎𑄧𑄃𑄨𑄙𑄪 𑄛𑄳𑄦𑄧𑄢𑄴 𑄜𑄪𑄘𑄬𑄃𑄨 𑄛𑄢𑄨𑄝।,Future
দুই ভাই মন দিে তার বাির কথাগুলো ভাবতেছে,𑄘𑄨 𑄞𑄬𑄃𑄨𑄠𑄬 𑄟𑄧𑄚𑄴 𑄘𑄨𑄚𑄬 𑄖 𑄝𑄝𑄧 𑄇𑄧𑄙 𑄥𑄪𑄚𑄨𑄘𑄇𑄴 𑄃 𑄎𑄨𑄁𑄇𑄚𑄨𑄢𑄴 𑄇𑄧𑄙 𑄞𑄝𑄨 𑄞𑄝𑄨 𑄘𑄨𑄚𑄴 𑄉𑄧𑄋𑄬𑄘𑄇𑄴।,Present
জোনাকির আলো আঁধারিে পালিে আছে এমন মানুষ,𑄎𑄪𑄚𑄪 𑄃𑄖𑄳𑄠𑄝𑄮𑄠𑄮 𑄃𑄬𑄣𑄧 𑄥𑄢𑄬 𑄛 𑄣𑄬𑄊𑄛𑄧𑄢 𑄎𑄚𑄨𑄠𑄬 𑄟𑄚𑄪𑄌𑄴।,Present
তার নাতনিকে নানা গল্প শুনা,𑄖 𑄚𑄘𑄨𑄚𑄴𑄠𑄪𑄚𑄧𑄢𑄬 𑄚𑄚 𑄛𑄧𑄌𑄴𑄍𑄧𑄚𑄴 𑄥𑄪𑄚𑄬𑄘𑄧।,Present
বাাবাি,𑄝𑄚𑄳𑄦 𑄘𑄨𑄘𑄧।,Present
কেকটা ভালো করে না লিখলে এই সংসারে টিকে থাকা যা,𑄇𑄧𑄙𑄧 - 𑄉𑄧𑄟𑄬 𑄣𑄬𑄊 𑄚𑄧 𑄟𑄙𑄬𑄣𑄬 𑄃𑄬 𑄥𑄧𑄁𑄥𑄢𑄧𑄖𑄴 𑄒𑄨𑄉𑄨 𑄗𑄚 𑄃𑄉𑄖𑄳𑄠।,Present
তত ব করে লিখতে হ,𑄥𑄬𑄖𑄳𑄠 𑄚𑄘𑄨𑄚𑄴𑄣𑄧𑄇𑄴 𑄉𑄧𑄟𑄬 𑄣𑄬𑄊 𑄛𑄧𑄢𑄧।,Present
এত ব জুনু অনেক দিন করে যা,𑄃𑄬𑄎𑄚𑄴𑄉𑄧𑄢𑄨 𑄎𑄪𑄚𑄪 𑄃 𑄃𑄧𑄚𑄪𑄢𑄴 𑄘𑄨𑄚𑄴 𑄉𑄧𑄋𑄨𑄨 𑄡𑄠𑄴 𑄃 𑄃𑄬𑄎𑄬 ।,Present
জুনিে যখন কেলা সেভেনে উে আসলো তার মুখটা মলিন হে গেল,𑄎𑄪𑄚𑄪 𑄡𑄬𑄇𑄴𑄇𑄬 𑄇𑄬𑄣𑄥𑄴 𑄥𑄬𑄞𑄬𑄚𑄧𑄖𑄴 𑄃𑄪𑄙𑄨𑄣𑄧 𑄝𑄨𑄏𑄪𑄢𑄴 𑄃𑄬𑄇𑄴𑄇 𑄎𑄬𑄢𑄬𑄘𑄨𑄉𑄧𑄢𑄨 𑄖 𑄃𑄎𑄪 𑄇𑄧𑄟𑄧𑄣𑄴 𑄌𑄚𑄴 𑄟𑄧𑄢𑄨 𑄉𑄬𑄣𑄧।,Past
জুনিে তাাতাি বেে উঠল,𑄎𑄪𑄚𑄪 𑄖 𑄃𑄎𑄪𑄢𑄬 𑄦𑄢𑄬𑄃𑄨𑄚𑄬 𑄡𑄧𑄘𑄧𑄝𑄧𑄘𑄬 𑄣𑄋𑄴𑄣𑄋𑄳𑄠𑄬 𑄦𑄧𑄣𑄧।,Past
সে কিছুক্ষণ পর কলেজে পে গেল,𑄃𑄧𑄚𑄪 𑄥𑄬𑄇𑄴𑄇𑄬 𑄇𑄧𑄣𑄬𑄎𑄧𑄖𑄴 𑄛𑄧𑄢𑄚𑄃𑄨 𑄖𑄬 𑄘𑄪𑄢𑄮𑄖𑄴 𑄃𑄬𑄣𑄧।,Past
কত দিন পর সে বািে পেছে আবার কাঁদতেছে,𑄇𑄧𑄠𑄴 𑄘𑄨𑄚𑄴 𑄎𑄬𑄢𑄬 𑄖𑄬 𑄡𑄬𑄇𑄴𑄇𑄬 𑄊𑄧𑄢𑄧𑄖𑄴 𑄣𑄪𑄋𑄨𑄣𑄧 𑄖𑄬𑄃𑄨𑄠𑄮 𑄃𑄬𑄉𑄬𑄢𑄬 𑄃𑄬𑄉𑄬𑄢𑄬 𑄇𑄚𑄨𑄣𑄧।,Present
দুই এক দশ টাকা করে রেছে,𑄘𑄨 𑄃𑄬𑄇𑄴 𑄘𑄧𑄚𑄴 𑄥𑄪𑄙𑄟𑄪 𑄉𑄧𑄢𑄨 𑄢𑄧𑄣𑄧।,Present
.তার পরে অন্য কলেজে গেল,𑄎𑄬𑄢𑄬 𑄃𑄧𑄚𑄪 𑄇𑄧𑄣𑄬𑄎𑄧𑄖𑄴 𑄉𑄬𑄣𑄧।,Past
তার শরীরটা যখন ভালো হেছে সবাই মিলে তার ছেলেকে শক্তি দে,𑄖 𑄃𑄖𑄳𑄠𑄝𑄱 𑄡𑄬𑄇𑄴𑄇𑄬 𑄥𑄧𑄢𑄴𑄉𑄬 𑄦𑄪𑄃𑄨𑄠𑄬 𑄎𑄪𑄚𑄪 𑄘𑄬𑄣𑄧 𑄃𑄘𑄟𑄳𑄠 𑄛𑄢𑄣𑄳𑄠 𑄝𑄬𑄇𑄴𑄇𑄪𑄚𑄬 𑄟𑄨𑄣𑄨 𑄖 𑄝𑄝𑄧𑄢𑄬 𑄝𑄧𑄣𑄴 𑄘𑄨𑄠𑄮𑄚𑄴।,Present
জোনাকির আলোটা এত জ্বলতেছে না,𑄎𑄪𑄚𑄪𑄘𑄊𑄨𑄢𑄴 𑄉𑄨𑄢𑄨𑄖𑄴𑄖𑄨 𑄥𑄬𑄘𑄧𑄇𑄴 𑄎𑄣𑄝𑄴𑄝𑄧𑄢𑄴 𑄚𑄧 𑄃𑄬𑄣𑄧।,Present
গ্রামের পাা চূা দিে কোন রকমে তার ধর্ম পালন করে,𑄃𑄘𑄟𑄳𑄠 𑄛𑄢𑄣𑄳𑄠 𑄌𑄬𑄢𑄮 𑄇𑄬𑄃𑄨𑄖𑄴 𑄝𑄧𑄣𑄴 𑄘𑄨𑄚𑄬 𑄇𑄧𑄚𑄧 𑄝𑄝𑄧𑄘𑄬 𑄖 𑄃𑄎𑄪𑄢𑄴 𑄙𑄧𑄢𑄴𑄟𑄧𑄇𑄟𑄴 𑄥𑄨𑄢𑄬𑄃𑄨 𑄘𑄮𑄚𑄴।,Present
জুনিে বোঝা হলে কোনো কাজ করা যা না,𑄎𑄪𑄚𑄪 𑄝𑄪𑄏𑄨𑄣𑄧 𑄎𑄧𑄙 𑄦𑄧𑄣𑄬 𑄇𑄧𑄚𑄧 𑄇𑄟𑄴 𑄃𑄉𑄖𑄳𑄠 𑄚𑄧𑄠𑄴।,Present
জোনাকির আলো যে জোনাকির আলো পেছে,𑄎𑄪𑄚𑄪 𑄃𑄖𑄳𑄠𑄝𑄱 𑄡𑄬𑄇𑄴𑄇𑄬 𑄟𑄧𑄎𑄳𑄠 𑄎𑄪𑄚𑄪 𑄝𑄛𑄴𑄱 𑄞𑄬𑄃𑄨𑄝𑄮𑄢𑄬 𑄥𑄟𑄴𑄝𑄘𑄴 𑄘𑄨𑄣𑄇𑄴।,Present
তাদের বািটা অনেক দিন কষ্ট করতেছে,𑄖𑄢 𑄊𑄧𑄢𑄴𑄝𑄱𑄝𑄮 𑄃𑄬𑄣𑄇𑄴 𑄘𑄨𑄚𑄴 𑄘𑄪𑄠𑄬𑄇𑄴 𑄉𑄧𑄋𑄨 𑄡𑄚𑄢𑄴 𑄎𑄬𑄢𑄬।,Present
ধর্ম কাজ করতে দুই দিন লাগে আর গেল,𑄙𑄧𑄢𑄴𑄟𑄧 𑄇𑄟𑄴 𑄥𑄨𑄢𑄬𑄃𑄨 𑄡𑄚𑄢𑄴 𑄘𑄨 𑄘𑄨𑄚𑄴 𑄎𑄬𑄢𑄬 𑄃𑄢𑄧 𑄉𑄬𑄣𑄇𑄴𑄇𑄮𑄃𑄨।,Past
আসা যাওা করতে করতে তাদের দিন শেষ হলো,𑄃𑄬𑄎𑄚 𑄡𑄚 𑄞𑄨𑄘𑄨𑄢𑄬 𑄖𑄢𑄢𑄴 𑄘𑄨𑄚𑄴 𑄗𑄪𑄟𑄴 𑄦𑄧𑄣𑄧।,Past
জুনু মনে মনে ভাবতেছে চামার জন্য কি আছে!,𑄎𑄪𑄚𑄪 𑄟𑄧𑄚𑄬 𑄟𑄧𑄚𑄬 𑄞𑄝𑄨𑄣𑄧 𑄌𑄉𑄪𑄢𑄨 𑄥𑄣𑄬 𑄇𑄨 𑄃𑄬𑄎𑄚𑄴!,Present
তার বাবা মারা যাওার সম যে বিপদ এসেছে সেটা তার বািটা ভেঙে না বললেও জুে পাে,𑄖 𑄃𑄖𑄳𑄠𑄝𑄱 𑄟𑄧𑄢𑄨𑄚𑄬 𑄖 𑄝𑄝𑄬 𑄇𑄨 𑄡𑄬 𑄘𑄧𑄏𑄖𑄴 𑄃𑄬𑄣𑄧 𑄥𑄨𑄠𑄚𑄴 𑄖 𑄝𑄝𑄬 𑄞𑄋𑄨 𑄚𑄧 𑄇𑄧𑄣𑄬𑄠𑄮 𑄎𑄪𑄚𑄪 𑄟𑄳𑄦𑄬𑄖𑄴 𑄛𑄨𑄠𑄳𑄠𑄬।,Present
"সংসার, সাথী নিে তার মনে অনেক দুঃখ পেছে","𑄥𑄧𑄁𑄥𑄢𑄴, 𑄥𑄧𑄟𑄌𑄴 𑄚𑄨𑄚𑄬 𑄥𑄨𑄖𑄴𑄖𑄪𑄚𑄴 𑄙𑄧𑄢𑄨 𑄖𑄢𑄴 𑄟𑄧𑄚𑄧𑄖𑄴 𑄚𑄚𑄉𑄚𑄴 𑄛𑄪𑄏𑄢𑄴 𑄎𑄧𑄟𑄨 𑄉𑄬𑄣𑄧।",Present
"যে লেখাগুলো নিজের,সমাজের কোনো কাজে আসে না,সেটার জন্য কত ব লেখা","𑄡𑄬 𑄣𑄬𑄊𑄛𑄧𑄢 𑄚𑄨𑄎𑄧𑄢𑄴, 𑄥𑄧𑄟𑄎𑄧𑄢𑄴 𑄇𑄧𑄚𑄧 𑄉𑄧𑄢𑄧𑄎𑄧𑄖𑄴 𑄚𑄧 𑄃𑄬𑄎𑄬, 𑄚𑄧 𑄣𑄉𑄬 𑄥𑄣𑄬 𑄥𑄨𑄠𑄚𑄴 𑄇𑄨𑄘𑄧𑄇𑄳𑄠 𑄣𑄬𑄊𑄛𑄧𑄢।",Present
জুনু মনে মনে একেক করে জোপ পেেছে,𑄎𑄪𑄚𑄪 𑄟𑄧𑄚𑄬 𑄟𑄧𑄚𑄬 𑄃𑄬𑄎𑄚𑄴𑄉𑄧𑄢𑄨 𑄞𑄝𑄬 𑄃 𑄎𑄮𑄛𑄴 𑄛𑄬𑄘𑄧 𑄌𑄠𑄴।,Present
খালি পেটে মেে,𑄈𑄣𑄨𑄇𑄴 𑄇𑄧𑄚𑄧 𑄎𑄮𑄛𑄴 𑄚𑄧 𑄟𑄨𑄣𑄬।,Present
জুনিেরা গ্রামের সব গুোগুলো বইে পে গেছে,𑄎𑄪𑄚𑄪𑄘𑄊𑄨 𑄃𑄘𑄟𑄧𑄢𑄴 𑄛𑄪𑄉𑄬𑄘𑄨𑄉𑄧𑄢𑄨 𑄟𑄨𑄉𑄨𑄚𑄨𑄠𑄚𑄴 𑄝𑄮𑄃𑄨 𑄡𑄨𑄠𑄳𑄠𑄬।,Present
মিইনি নদীর তীরে ব ব চর,𑄟𑄨𑄉𑄨𑄚𑄨 𑄛𑄢𑄧𑄖𑄴 𑄃𑄬𑄣𑄇𑄴 𑄓𑄋𑄧𑄢𑄴 𑄓𑄋𑄧𑄢𑄴 𑄌𑄧𑄢𑄴।,Present
.তার পাহাের পাশ দিে চরগুলো কেটে যাচ্ছে,𑄥𑄨𑄖𑄴 𑄈𑄪𑄚𑄴𑄘𑄧 𑄛𑄧𑄢𑄬𑄘𑄨 𑄌𑄧𑄢𑄴𑄠𑄪𑄚𑄴 𑄈𑄣𑄳𑄠 𑄗𑄬𑄘𑄇𑄴।,Present
.খাওা মাটিতে লুকোচুরি খেলা হ,𑄈𑄣𑄳𑄠 𑄟𑄙𑄧𑄖𑄴 𑄉𑄪𑄢𑄮𑄣𑄧𑄉𑄬 𑄚𑄚𑄉𑄚𑄴 𑄈𑄢 𑄦𑄧𑄘𑄇𑄴।,Present
.আকাশের পানি ঝ দিলে পানি ভরে যা,𑄃𑄏𑄢𑄴 𑄟𑄥𑄳𑄠 𑄏𑄧𑄢𑄴 𑄘𑄨𑄣𑄬 𑄟𑄨𑄉𑄨𑄚𑄨𑄠𑄚𑄴 𑄛𑄚𑄨𑄠𑄬 𑄞𑄧𑄢𑄨 𑄡𑄬𑄘𑄧।,Present
অসুুস্থ হওা,𑄃𑄀𑄪𑄋𑄪𑄘𑄧 𑄦𑄧𑄘𑄧।,Present
নদীর পানি,𑄉𑄧𑄋𑄢𑄴 𑄦𑄧𑄘𑄧 𑄛𑄚𑄨𑄠𑄚𑄴।,Present
পাহাের ছোট বাচ্চারা পানি তািে থাকে,𑄛𑄢𑄧𑄖𑄴 𑄝𑄮𑄃𑄨 𑄉𑄪𑄢𑄮𑄠𑄪𑄚𑄬 𑄛𑄚𑄨 𑄌𑄬𑄃𑄨 𑄗𑄬𑄘𑄇𑄴।,Present
কেউ দুইজনে এক সাথে লাফাচ্ছে,𑄇𑄧𑄚𑄧𑄎𑄧𑄚𑄬 𑄥𑄎𑄪𑄢𑄨 𑄃𑄬𑄇𑄪𑄣𑄴 𑄃𑄮𑄇𑄪𑄣𑄴 𑄃𑄪𑄎𑄮𑄣𑄴-𑄣𑄟𑄧𑄚𑄴 𑄉𑄧𑄢𑄴𑄗𑄇𑄴।,Present
সূর্য অস্ত যাচ্ছে,𑄝𑄬𑄣𑄳𑄠 𑄟𑄙𑄚𑄴 𑄃𑄧𑄇𑄴𑄖𑄧 𑄃𑄧𑄇𑄴𑄖𑄧 𑄝𑄌𑄴𑄌𑄣𑄨 𑄣𑄟𑄨𑄘𑄧।,Present
.ভাা না হলে পানিতে পা যা না,𑄞𑄎𑄧𑄚𑄳𑄠 𑄚𑄧𑄃𑄧 𑄟𑄣𑄴𑄣𑄮𑄃𑄨 𑄃𑄪𑄎𑄬𑄘𑄧 𑄚𑄧𑄠𑄴 𑄣𑄟𑄨𑄘𑄧।,Present
বাচ্চা নিে গেলে অনেক অনেক শিশু ঘুরে বো,𑄝𑄌𑄴𑄌𑄣𑄨 𑄣𑄟𑄨𑄣𑄬 𑄃𑄧𑄇𑄴𑄖𑄧 𑄃𑄧𑄇𑄴𑄖𑄧 𑄉𑄪𑄢𑄮𑄠𑄪𑄚𑄬 𑄌𑄧𑄢𑄨 𑄌𑄧𑄢𑄨 𑄣𑄟𑄧𑄚𑄳𑄠 𑄡𑄬𑄘𑄇𑄴।,Present
বর্ষা কোনো দিন যা না,𑄎𑄪𑄚𑄪 𑄇𑄧𑄚𑄧 𑄘𑄨𑄚𑄴 𑄚𑄧 𑄡𑄬𑄘𑄧।,Present
সূর্য ডোবার সম সে নিভু নিভু করে বািতে ফিরে,𑄝𑄬𑄣𑄳𑄠 𑄟𑄙𑄚𑄴 𑄖𑄬 𑄚𑄨𑄉𑄨𑄣𑄨𑄣𑄬𑄠𑄮 𑄏𑄘𑄨 𑄏𑄘𑄨 𑄊𑄧𑄢𑄧𑄖𑄴 𑄜𑄨𑄢𑄨 𑄃𑄬𑄘𑄧।,Present
মিইনি নদীর তীরে এক তেতো গাছ,𑄟𑄨𑄉𑄨𑄚𑄨 𑄛𑄢𑄧𑄖𑄴 𑄃𑄬𑄣𑄧 𑄓𑄋𑄧𑄢𑄴 𑄓𑄋𑄧𑄢𑄴 𑄃𑄬𑄇𑄴 𑄖𑄬𑄘𑄮𑄃𑄨 𑄉𑄌𑄴।,Present
তেতুল গাছের তলা একটু সমতল জাগা,𑄖𑄬𑄘𑄮𑄃𑄨 𑄉𑄌𑄴𑄱 𑄖𑄧𑄣𑄠𑄚𑄴 𑄃𑄬𑄇𑄴𑄇 𑄃𑄧𑄎𑄧𑄣𑄴 𑄎𑄉𑄖𑄴।,Present
এক জাতী গাছ,𑄇𑄃𑄨𑄇𑄪𑄢𑄬 𑄃𑄢𑄧 𑄃𑄟𑄧 𑄉𑄌𑄴।,Present
খরার দিনে তাস খেলা হ,𑄈𑄧𑄢𑄚𑄳𑄠 𑄘𑄨𑄚𑄮𑄖𑄴 𑄒𑄚𑄴𑄘 𑄝𑄳𑄦𑄧 𑄈𑄬𑄣𑄨𑄘𑄧।,Present
সূর্য ডোবার সম গ্রামের মানুষ সেখানে মিলিেছে,𑄝𑄬𑄣𑄳𑄠 𑄟𑄙𑄚𑄴 𑄃𑄘𑄟𑄧 𑄛𑄱𑄉𑄪𑄚𑄬 𑄥𑄨𑄠𑄮𑄖𑄴 𑄟𑄨𑄣𑄨𑄘𑄇𑄴।,Present
. বন্ধ হে গেলে বো জমিও সেখানে আসবে,𑄝𑄧𑄚𑄴𑄘𑄧 𑄦𑄧𑄣𑄬 𑄝𑄨𑄚𑄳𑄠 𑄟𑄙𑄚𑄴𑄠𑄮 𑄥𑄨𑄠𑄮𑄖𑄴 𑄆𑄉𑄧𑄖𑄴𑄖𑄧𑄢𑄴 𑄦𑄧𑄘𑄇𑄴।,Future
নানা ধরনের কথা বলতে হ,𑄚𑄚𑄠𑄚𑄴 𑄇𑄧𑄙 𑄇𑄪𑄠𑄇𑄨 𑄦𑄧𑄘𑄧।,Present
অনেক অনেক তুম্বুক দিে চলে,𑄃𑄧𑄇𑄴𑄖𑄧 𑄃𑄧𑄇𑄴𑄖𑄧 𑄖𑄪𑄟𑄴𑄝𑄪𑄇𑄴𑄇𑄮𑄃𑄨 𑄣𑄢𑄬𑄃𑄨 𑄌𑄧𑄣𑄨𑄘𑄧।,Present
তুম্বুক দিে লাফিে বাককুলি আসলো অনেক দূর,𑄖𑄪𑄟𑄴𑄝𑄪𑄇𑄴𑄇𑄮𑄃𑄨 𑄣𑄢𑄬𑄃𑄨𑄠𑄚𑄴 𑄝𑄇𑄴𑄇𑄪𑄚𑄧𑄢𑄴 𑄃𑄬𑄣𑄧 𑄞𑄢𑄨 𑄃𑄪𑄌𑄴𑄧𑄱𑄢𑄴।,Past
.কেন জানি না শরীর ঘামছে,𑄇𑄨𑄃𑄨𑄠𑄳𑄠𑄖𑄴𑄖𑄪𑄚𑄴 𑄊𑄟𑄴 𑄏𑄧𑄢𑄴𑄖𑄧 𑄖𑄏।,Present
.তার পরে কেকদিন ধরে জ্বর চলতেছে,𑄎𑄬𑄢𑄬 𑄇𑄇𑄴𑄈𑄧𑄚𑄴 𑄎𑄨𑄢𑄬 𑄟𑄨𑄉𑄨𑄚𑄨𑄖𑄴 𑄏𑄟𑄴 𑄘𑄨𑄘𑄇𑄴।,Present
"এক জাতী বুনোফল, যা সবজি হিসেবে ব্যবহৃত হ",𑄉𑄘𑄨𑄘𑄇𑄴।,Present
অনেক অনেক দূরের গ্রাম থেকে একটা ছেলে এসেছে,𑄃𑄧𑄇𑄴𑄖𑄧 𑄃𑄧𑄇𑄴𑄖𑄧 𑄝𑄢 𑄃𑄘𑄟𑄧𑄖𑄴𑄖𑄪𑄚𑄴𑄠𑄮 𑄛𑄱 𑄍 𑄃𑄬𑄘𑄇𑄴।,Present
জুনু সেখানে কাজ করতেছে,𑄎𑄪𑄚𑄪 𑄥𑄨𑄠𑄚𑄧𑄖𑄴 𑄇𑄟𑄴 𑄜𑄉𑄧𑄖𑄴 𑄥𑄧𑄟𑄬𑄘𑄧।,Present
তারা কালোবোর্ডে তেতো গাছ থেকে বই পে বসে আছে,𑄖𑄢 𑄇𑄣𑄢𑄟𑄴𑄝𑄮𑄃𑄨 𑄖𑄬𑄘𑄮𑄃𑄨 𑄉𑄌𑄴𑄱 𑄉𑄧𑄢𑄖𑄴 𑄝𑄧𑄃𑄨 𑄌𑄬𑄃𑄨 𑄗𑄬𑄘𑄇𑄴 𑄃 𑄣𑄬𑄊𑄛𑄧𑄢 𑄉𑄧𑄛𑄴 𑄟𑄙𑄨𑄘𑄇𑄴।,Present
কালারামোা তাদের অনেক ঘনিষ্ট,𑄇𑄣𑄢𑄟𑄴𑄝𑄮𑄃𑄨 𑄖𑄢𑄢𑄴 𑄞𑄢𑄨 𑄥𑄧𑄁 𑄛𑄧𑄢𑄛𑄧𑄢𑄨।,Present
দুইজন একসাথে থাকতে পারে না,𑄘𑄨𑄎𑄧𑄚𑄬 𑄃𑄬𑄢𑄃𑄬𑄢𑄨 𑄦𑄮𑄃𑄨 𑄚𑄧 𑄛𑄢𑄴𑄗𑄇𑄴।,Present
গ্রামের পাশ দিে এক ব বিল,𑄃𑄘𑄟𑄧 𑄘𑄧𑄊𑄨𑄚𑄴 𑄟𑄮𑄇𑄳𑄠 𑄉𑄧𑄢𑄨 𑄃𑄬𑄣𑄧 𑄃𑄬𑄇𑄴 𑄓𑄋𑄧𑄢𑄴 𑄝𑄨𑄣𑄴।,Present
পানি উপচে পা,𑄔𑄧𑄣𑄴 𑄃𑄬𑄎𑄣𑄠𑄴 𑄞𑄧𑄢।,Present
ব্যাঙের মতো দেখতে এক জাতী মাছ পাওা যাচ্ছে,𑄞𑄘𑄧 𑄃 𑄃𑄏𑄨𑄚𑄴 𑄟𑄥𑄴 𑄝𑄧𑄌𑄴𑄌𑄨 𑄣𑄮𑄃𑄨 𑄟𑄌𑄴 𑄛 𑄡𑄬𑄘𑄧।,Present
বিল পার হওা বা পারা যা না,𑄝𑄨𑄣𑄧 𑄛𑄢𑄬 𑄛𑄢𑄬 𑄇𑄬𑄥𑄳𑄠 𑄝𑄧𑄚𑄴।,Present
বাঁশের আচের ফুল ফুটে নষ্ট হে যা,𑄞𑄘𑄧 𑄃𑄏𑄨𑄚𑄴 𑄟𑄥𑄴 𑄇𑄬𑄥𑄳𑄠𑄜𑄪𑄣𑄴 𑄜𑄪𑄘𑄨 𑄙𑄪𑄝𑄴 𑄦𑄧𑄘𑄧 𑄝𑄨𑄣𑄧 𑄛𑄢𑄴।,Present
চাঁদটা যখন তখন ভালো লাগে,𑄌𑄘𑄬 𑄡𑄧𑄘𑄧𑄛𑄧𑄘𑄬 𑄉𑄧𑄟𑄴 𑄣𑄉𑄨𑄘𑄧।,Present
শীতকালে কেকটা কাপ পার জন্য অনেক ভালো লাগে,𑄎𑄢𑄴𑄇𑄣𑄳𑄠 𑄇𑄬𑄌𑄳𑄠𑄝𑄧𑄚𑄧 𑄍𑄬𑄢𑄬 𑄍𑄬𑄢𑄬 𑄛𑄧𑄣𑄛𑄧𑄣𑄨 𑄈𑄢 𑄦𑄧𑄘𑄬 𑄞𑄢𑄨 𑄉𑄧𑄟𑄴 𑄣𑄉𑄨𑄘𑄧।,Present
জোনাকির আলো আঁধারিে ঘুরে বোচ্ছে,𑄎𑄪𑄚𑄪𑄣𑄮𑄃𑄨 𑄇𑄣𑄢𑄟𑄬 𑄥𑄳𑄠𑄬 𑄇𑄬𑄌𑄳𑄠𑄝𑄧𑄚𑄧 𑄍𑄬𑄢𑄬 𑄍𑄬𑄢𑄬 𑄝𑄬𑄢𑄬𑄘𑄇𑄴।,Present
.পাখিটা লাফিে লাফিে যাচ্ছে,𑄦𑄢𑄨𑄇𑄪𑄢𑄨𑄝𑄱 𑄓𑄉𑄨 𑄓𑄉𑄨 𑄃𑄪𑄢𑄨 𑄡𑄬𑄘𑄧।,Present
শীতকালটা খুব ভালো লাগে,𑄎𑄪𑄚𑄪𑄖𑄴𑄖𑄪𑄚𑄴 𑄞𑄢𑄨 𑄉𑄧𑄟𑄴 𑄣𑄉𑄨𑄘𑄧।,Present
.অতিরিক্ত বাঁশে দৌাদৌি করে অনেক বন কেটে গেছে।,𑄃𑄧𑄇𑄴𑄖𑄧 𑄃𑄧𑄇𑄴𑄖𑄧 𑄝𑄘𑄮𑄃𑄨 𑄙𑄝𑄙𑄝 𑄣𑄪𑄉𑄬 𑄡𑄬𑄘𑄇𑄴 𑄇𑄬𑄥𑄳𑄠 𑄝𑄧𑄚𑄧 𑄍𑄬𑄢𑄬 ।,Present
বিলে বগা এক জাতী পাখি,𑄝𑄨𑄣𑄧𑄖𑄴 𑄝𑄧𑄉 𑄃 𑄓𑄮𑄇𑄴 𑄌𑄧𑄖𑄴𑄗𑄇𑄴।,Present
ডোরাকাটা এদেশ থেকে চলে যাওার সম কালোজাদু করতে ভালো লাগে,𑄓𑄮𑄉𑄮𑄢𑄴 𑄃𑄬𑄎𑄬𑄣 𑄍𑄬𑄢𑄬 𑄍𑄬𑄢𑄬 𑄛𑄧𑄣𑄬𑄃𑄨 𑄡𑄚𑄠𑄚𑄴 𑄌𑄘𑄬 𑄎𑄪𑄚𑄪𑄢𑄴 𑄃 𑄇𑄣𑄢𑄟𑄧𑄢𑄴 𑄡𑄧𑄘𑄧𑄛𑄧𑄘𑄬 𑄉𑄧𑄟𑄴 𑄣𑄉𑄨𑄘𑄧।,Present
বিল পাের জঙ্গল থেকে বের হে আসা একটি কুকুর ঘেউ ঘেউ করছে।,𑄝𑄨𑄣𑄧 𑄛𑄢𑄧 𑄇𑄬𑄥𑄳𑄠 𑄝𑄧𑄚𑄧 𑄍𑄬𑄢𑄬 𑄍𑄬𑄢𑄬 𑄥𑄨𑄠𑄬𑄣𑄧 𑄊𑄪 𑄃 𑄇𑄪𑄢𑄧 𑄜𑄮𑄢𑄴।,Present
ভালোভাবে দেখলে মাংস পাওা যা - কোথা কোথা মুরগি ধরে এনে সেগুলো খাওা হ,𑄉𑄧𑄟𑄬 𑄌𑄬𑄣𑄬 𑄟𑄳𑄦𑄬𑄖𑄴 𑄛 𑄡𑄬𑄘𑄧 - 𑄇𑄪𑄖𑄴𑄖𑄪𑄚𑄴 𑄇𑄪𑄖𑄴𑄖𑄪𑄚𑄴 𑄇𑄪𑄢𑄮 𑄙𑄧𑄢𑄨 𑄃𑄚𑄨 𑄥𑄨𑄠𑄬𑄣𑄴𑄠𑄪𑄚𑄬 𑄇𑄪𑄢𑄮 𑄈𑄬𑄘𑄇𑄴𑄇𑄨।,Present
"ছাগল, শুকরের ছেও পথঘাট নাই","𑄍𑄉𑄧𑄣𑄴, 𑄥𑄪𑄉𑄮𑄢𑄴 𑄍𑄧-𑄠𑄮 𑄝𑄖𑄴 𑄚𑄧 𑄛𑄧𑄖𑄴𑄗𑄇𑄴।",Present
একটু সাা দিলে জঙ্গলটা চলে যা,𑄃𑄬𑄇𑄴𑄇 𑄥𑄌𑄴 𑄣𑄟𑄨𑄣𑄬 𑄥𑄨𑄠𑄬𑄣𑄴 𑄘𑄧𑄧𑄉𑄧𑄢𑄨𑄘𑄇𑄴 𑄇𑄬𑄥𑄳𑄠 𑄝𑄧𑄚𑄧 𑄍𑄬𑄢𑄬 𑄍𑄬𑄢𑄬 ।,Present
দিন আসলে কোথা যে সেগুলো লুকিে দে কে জানে,𑄘𑄨𑄚𑄴 𑄃𑄬𑄣𑄬 𑄇𑄪𑄙𑄪 𑄡𑄬 𑄥𑄨𑄠𑄣𑄴𑄠𑄪𑄚𑄴 𑄣𑄪𑄇𑄴 𑄘𑄮𑄚𑄴 𑄇𑄬𑄠𑄧𑄃𑄨 𑄈𑄧𑄝𑄧𑄢𑄴 𑄚𑄧 𑄛𑄚𑄴।,Present
গ্রামের মধ্যে দিে পবো আমার পথ,𑄃𑄘𑄟𑄧𑄢𑄴 𑄞𑄨𑄘𑄨𑄢𑄬 𑄉𑄧𑄢𑄨 𑄛𑄧𑄏𑄨𑄟𑄴 𑄟𑄧𑄇𑄳𑄠 𑄛𑄧𑄗𑄴 ।,Future
কত দূর যাওা যা,𑄇𑄧𑄖𑄴𑄘𑄪𑄢𑄴 𑄉𑄬𑄣𑄬 𑄇𑄪𑄟𑄴𑄛𑄧𑄚𑄨 𑄛𑄧𑄗𑄴 ।,Present
আরও কিছুক্ষণ গেলে জঙ্গল থেকে বের হে আসা যা,𑄃𑄢𑄧 𑄇𑄧𑄖𑄴𑄘𑄪𑄢𑄴 𑄉𑄬𑄣𑄬 𑄏𑄢𑄴 𑄃 𑄍𑄢 𑄣𑄋𑄬𑄣𑄴।,Present
এক জাতী গরু,𑄟𑄮𑄌𑄴 𑄉𑄧𑄢𑄪 𑄝𑄟𑄴।,Present
"ছিঁা ছিঁা গাছ, লুরিে ভরা","𑄍𑄨𑄉𑄮𑄚𑄴 𑄍𑄨𑄉𑄮𑄚𑄴 𑄉𑄌𑄴, 𑄣𑄪𑄘𑄨𑄠𑄬 𑄞𑄧𑄢।",Present
একা একা ঘুরে বো,𑄉𑄃𑄨 𑄉𑄃𑄨 𑄝𑄬𑄢𑄬𑄣𑄬 𑄇𑄨𑄃𑄨𑄠𑄳𑄠𑄖𑄴 𑄎𑄢𑄴𑄇𑄘 𑄃𑄪𑄙𑄬।,Present
"ভাদি গাছ, জামের গাছ,উাল,করই,গামারি প্রভৃতির এক জাতী গাছ","𑄞𑄘𑄨𑄉𑄌𑄴, 𑄎𑄟𑄴𑄉𑄌𑄴, 𑄇𑄟𑄬𑄢𑄬𑄁𑄉𑄌𑄴, 𑄃𑄪𑄘𑄮𑄣𑄴, 𑄇𑄧𑄢𑄧𑄃𑄨, 𑄉𑄟𑄢𑄨 𑄃 𑄚𑄚 𑄝𑄝𑄧𑄖𑄳𑄠 𑄉𑄌𑄴।",Present
গরু চরিে গরু চরিে বোর শব্দ,𑄉𑄧𑄢𑄪 𑄌𑄧𑄢𑄬𑄠𑄬 𑄉𑄧𑄢𑄪 𑄌𑄧𑄢𑄬𑄘𑄇𑄴 𑄃 𑄉𑄏𑄧 𑄃𑄪𑄉𑄪𑄢𑄬 𑄝𑄮𑄃𑄨 𑄝𑄏𑄨 𑄝𑄬𑄘𑄇𑄴।,Present
.মের পেটটা ব্যাথা করলে সবাই যেন চলে,𑄟𑄧𑄉𑄧 𑄛𑄨𑄖𑄴𑄖𑄪𑄁 𑄃 𑄛𑄬𑄢𑄬𑄎𑄁 𑄛𑄉𑄨𑄣𑄬 𑄛𑄬𑄃𑄨𑄇𑄴𑄇𑄪𑄚𑄧𑄢𑄴 𑄡𑄬𑄚𑄬 𑄟𑄬𑄣 𑄝𑄧𑄏𑄬।,Present
জুনু ও কালারা অনেক অনেক গ্রামে ঘুরে বো,𑄎𑄪𑄚𑄪 𑄃 𑄇𑄣𑄢𑄟𑄬 𑄃𑄧𑄇𑄴𑄖𑄧 𑄃𑄧𑄇𑄴𑄖𑄧 𑄥𑄧𑄟𑄎𑄳𑄠 𑄟𑄨𑄣𑄨𑄚𑄬 𑄝𑄬𑄢 𑄡𑄬𑄘𑄇𑄴 ।,Present
পাহাে পাহাে ঘুরে ঘুরে কথা বলে আমাদের জাগাটা অনেক সুন্দর,𑄣𑄋𑄬𑄣𑄬 𑄣𑄋𑄬𑄣𑄬 𑄝𑄬𑄢𑄬𑄘𑄇𑄴 𑄃 𑄃𑄧𑄎𑄧𑄣𑄴 𑄉𑄏𑄧𑄖𑄴 𑄃𑄪𑄙𑄨 𑄌𑄬𑄢𑄮 𑄇𑄬𑄃𑄨𑄖𑄴 𑄢𑄨𑄚𑄨 𑄌𑄬𑄃𑄨 𑄌𑄬𑄃𑄨 𑄇𑄧𑄙𑄇𑄴 𑄃𑄟 𑄎𑄉𑄠𑄚𑄴 𑄃𑄬𑄘𑄧𑄇𑄴 𑄘𑄮𑄣𑄴।,Present
.দূরে গরুর ঘিটা সলাপরামর্শ করে শোনা যা,𑄘𑄪𑄢𑄮𑄖𑄴 𑄉𑄧𑄢𑄪𑄠𑄪𑄚𑄧𑄢𑄴 𑄊𑄧𑄚𑄴𑄘𑄨 𑄢𑄧 𑄥𑄧𑄣 𑄥𑄧𑄣 𑄉𑄧𑄢𑄨 𑄥𑄪𑄚𑄧 𑄡𑄬𑄘𑄧।,Present
বাশেঁর গোা,𑄝𑄏𑄨 𑄢𑄧।,Present
গরুর চওা ছিে সা দিচ্ছে,𑄉𑄧𑄢𑄪 𑄍𑄧𑄢𑄴𑄟𑄠𑄪𑄚𑄧𑄢𑄴 𑄍𑄧𑄝𑄮𑄢𑄬 𑄓𑄉𑄨 𑄓𑄉𑄨 𑄥𑄳𑄦𑄢𑄴 𑄘𑄨𑄘𑄇𑄴।,Present
পাহাের পাের পানি কুা,𑄟𑄪𑄢𑄮 𑄛𑄢𑄧𑄖𑄴 𑄞𑄪𑄃𑄨𑄠𑄮 𑄣𑄬𑄎𑄖𑄴 𑄛𑄚𑄨 𑄇𑄪𑄠।,Present
কলা পাতা দিে পানি খেতে খেতে অনেক ভালো লাগে,𑄇𑄧𑄣 𑄛𑄘𑄣𑄮𑄃𑄨 𑄛𑄚𑄨 𑄈𑄘𑄬 𑄎𑄪𑄚𑄪𑄖𑄴𑄖𑄪𑄚𑄴 𑄡𑄧𑄘𑄧𑄛𑄧𑄘𑄬 𑄉𑄧𑄟𑄴 𑄣𑄉𑄨𑄘𑄧।,Present
"পাহাে পাহাে যাওা, মগের পাহাে চা","𑄛𑄬𑄢𑄬𑄎𑄁 𑄃𑄧𑄇𑄴𑄖𑄧𑄖𑄴 𑄛𑄬𑄢𑄬𑄎𑄁, 𑄟𑄧𑄉𑄧 𑄛𑄨𑄖𑄴𑄖𑄪𑄁 𑄉𑄏𑄧𑄖𑄴 𑄍𑄧𑄚, 𑄟𑄧𑄚 𑄢𑄧 𑄇𑄚𑄧𑄖𑄴 𑄃𑄟𑄨𑄎𑄬𑄃𑄨 𑄊𑄪𑄢𑄴 𑄛𑄇𑄴 𑄈𑄬𑄘𑄧।",Present
পাহাের পাশ দিে ধপধপে পথ,𑄛𑄬𑄎𑄬𑄢 𑄍𑄬𑄢𑄬 𑄍𑄬𑄢𑄬 𑄙𑄧𑄛𑄴𑄙𑄧𑄛𑄳𑄠 𑄛𑄧𑄗𑄴 ।,Present
এক পাের শিরা আর এক পাে সুঁচালো স্যাঁতসেঁতে করা,𑄃𑄬𑄇𑄴 𑄟𑄪𑄢𑄮 𑄍𑄨𑄢𑄨 𑄃𑄢𑄧 𑄃𑄬𑄇𑄴 𑄟𑄪𑄢𑄮𑄖𑄴 𑄥𑄪𑄘𑄧𑄚𑄣𑄧 𑄥𑄚𑄴 𑄑𑄚।,Present
দূর আর দূর কোথা?,𑄘𑄪𑄢𑄴 𑄃𑄢𑄧 𑄘𑄪𑄢𑄴 𑄇𑄪𑄙𑄪?,Present
শেষ হেছে খবর নাই,𑄗𑄪𑄟𑄴 𑄦𑄪𑄠𑄳𑄠 𑄈𑄧𑄝𑄧𑄢𑄴 𑄚𑄬𑄃𑄨।,Present
সূর্য ডোবার সম গরু চে আসে,𑄝𑄬𑄣𑄳𑄠 𑄟𑄙𑄚𑄴 𑄉𑄧𑄢𑄪 𑄌𑄧𑄢𑄬𑄠𑄳𑄠 𑄣𑄧𑄉𑄬 𑄜𑄨𑄢𑄨 𑄃𑄬𑄘𑄇𑄴।,Present
পাহাের গরুগুলো ঘিে ঘিে ঘাই খেে চলে যা,𑄟𑄪𑄎𑄪𑄋𑄬 𑄉𑄧𑄢𑄪𑄠𑄪𑄚𑄴 𑄊𑄧𑄚𑄴𑄘𑄨 𑄓𑄧𑄉𑄧𑄢𑄬𑄃𑄨 𑄊𑄌𑄴 𑄈𑄬𑄃𑄨 𑄈𑄬𑄃𑄨 𑄜𑄨𑄖𑄴𑄗𑄇𑄴 𑄃 𑄛𑄧𑄙𑄧𑄖𑄴 𑄊𑄌𑄴 𑄜𑄬𑄣𑄬 𑄈𑄬𑄃𑄨 𑄚𑄨𑄘𑄇𑄴।,Present
শীতকালে সেটা ভালো লাগে,𑄎𑄪𑄚𑄪𑄖𑄴𑄖𑄪𑄚𑄴 𑄥𑄨𑄠𑄚𑄴 𑄞𑄧𑄎𑄚𑄴 𑄉𑄧𑄟𑄴 𑄣𑄉𑄨𑄘𑄧।,Present
কালারামে কেকবার আমার কাছ থেকে মার খেেছে,𑄇𑄣𑄢𑄟𑄬 𑄇𑄧𑄙𑄧 𑄃𑄬𑄌𑄳𑄠 𑄈𑄟𑄇𑄴𑄇𑄃𑄨 𑄟𑄖𑄴𑄖𑄪𑄚𑄴 𑄃𑄧𑄉𑄧𑄙 𑄈𑄬𑄃𑄨𑄟𑄴𑄝𑄮𑄃𑄨।,Present
জোনাকির কথা -আমারও তো মলা আছে,𑄎𑄪𑄚𑄪𑄠𑄮 𑄇𑄧𑄙𑄧 - 𑄟𑄧𑄢𑄴𑄠𑄮 𑄟𑄧𑄇𑄴𑄉𑄧𑄣𑄴 𑄈𑄟𑄇𑄴𑄇𑄃𑄨!,Present
.তরকারি আর বোই কম হলে আর কী!,𑄎𑄬𑄢𑄬 𑄇𑄧𑄙𑄧 𑄃𑄢𑄧 𑄞𑄬𑄃𑄨 𑄇𑄧𑄟𑄧𑄣𑄬 𑄃𑄬𑄝𑄧𑄁 !,Present
কালোরা কেকটা স্কুল বন্ধ হ না,𑄇𑄣𑄢𑄟𑄬 𑄇𑄧𑄙𑄧 𑄃𑄨𑄌𑄴𑄇𑄪𑄣𑄴 𑄝𑄧𑄚𑄴𑄘𑄧 𑄦𑄮𑄇𑄴 𑄚𑄧𑄠𑄴 𑄛𑄧𑄢𑄨𑄇𑄴𑄈𑄬 𑄃𑄉𑄬 𑄡𑄮𑄇𑄴।,Present
মিইনি নদীর উৎসস্থল,𑄟𑄨𑄉𑄨𑄚𑄨𑄖𑄴 𑄃𑄬𑄣𑄇𑄴 𑄒𑄧𑄘 𑄥𑄧𑄁 𑄥𑄧𑄁 𑄟𑄮𑄢𑄴।,Present
বিাল বিাল মাছ রান্না করতেছে,𑄝𑄬𑄚𑄳𑄠 𑄝𑄬𑄣𑄳𑄠 𑄟𑄌𑄴 𑄖𑄮𑄉𑄬𑄣𑄬 𑄛𑄬𑄘𑄧।,Present
এক জাতী মাছ,𑄉𑄪𑄖𑄳𑄠 𑄎𑄧𑄉 𑄉𑄪𑄣𑄴𑄌𑄧 𑄟𑄌𑄴।,Present
মাছ ধরার চাঁই দিে মাছ ধরছে,𑄟𑄚𑄴𑄎𑄳𑄠𑄬 𑄟𑄮𑄢𑄧𑄋𑄧𑄖𑄴 𑄓𑄪𑄝𑄨 𑄓𑄪𑄝𑄨 𑄟𑄌𑄴 𑄖𑄮𑄉𑄬𑄘𑄇𑄴।,Present
মিইনি নদীর পাে এসেছে কেসা,𑄟𑄨𑄉𑄨𑄚𑄨 𑄛𑄪𑄉𑄧 𑄛𑄢𑄧𑄖𑄴 𑄃𑄬𑄣𑄧 𑄇𑄬𑄥𑄳𑄠 𑄝𑄧𑄚𑄴।,Present
এক জাতী বুনো ফল,𑄥𑄧𑄝𑄥𑄣𑄴 𑄃 𑄛𑄱𑄇𑄧𑄝।,Present
বিপদ ঘটিে কত যে মলা,𑄓𑄧𑄢𑄬 𑄟𑄚𑄴𑄎𑄳𑄠𑄬 𑄇𑄧𑄟𑄴 𑄡𑄬𑄘𑄇𑄴 𑄥𑄬 𑄟𑄧𑄇𑄳𑄠।,Present
"এক জাতী বুনোফল, যা পানিতে পে গেছে",𑄈𑄉𑄢 𑄓𑄪𑄝𑄧 𑄥𑄬𑄢𑄬 𑄥𑄬𑄢𑄬 𑄛𑄬𑄉𑄮 𑄝𑄳𑄦।,Present
তারা দুইজন মিলে আসলো,𑄛𑄢𑄧 𑄇𑄃𑄨𑄇𑄪𑄢𑄬𑄘𑄨 𑄉𑄧𑄢𑄨 𑄃𑄬𑄣𑄧 𑄖𑄢 𑄝𑄧𑄚𑄴।,Past
.তারাবন সাথে কুমা,𑄖𑄢𑄝𑄧𑄚𑄧 𑄣𑄧𑄉𑄬 𑄇𑄪𑄟𑄴𑄝𑄮𑄇𑄴।,Present
ভারী কেকটা কুমা,𑄞𑄢𑄨 𑄉𑄧𑄞𑄨𑄚𑄴 𑄇𑄪𑄟𑄴𑄝𑄮𑄇𑄴।,Present
কালো তার পানি,𑄇𑄣 𑄖 𑄛𑄚𑄨।,Present
বাচ্চারা কুমার পানিতে সাঁতার কাটছে,𑄉𑄪𑄢𑄮𑄠𑄪𑄚𑄬 𑄇𑄪𑄟𑄴𑄝𑄮𑄉𑄧 𑄛𑄚𑄨𑄖𑄴 𑄣𑄟𑄨𑄘𑄇𑄴 𑄓𑄧𑄢𑄚𑄴।,Present
ভো কোন ভূত আছে,𑄞𑄬𑄃𑄨𑄘𑄮 𑄇𑄧𑄚𑄴 𑄞𑄪𑄖𑄴 𑄃𑄊𑄧𑄚𑄴।,Present
"এক জাতী গাছ, জারুল গাছ, সোর গাছ","𑄇𑄪𑄟𑄴𑄝𑄮𑄇𑄴𑄱 𑄃𑄪𑄖𑄴𑄖𑄬𑄢𑄬𑄘𑄨 𑄥𑄨𑄃𑄟 𑄉𑄌𑄴, 𑄎𑄢𑄪𑄣𑄴 𑄉𑄌𑄴, 𑄥𑄢𑄴𑄝𑄱 𑄉𑄌𑄴।",Present
দেবনা পানি সহজে নো যা না,𑄘𑄬𑄝𑄧𑄚𑄳𑄠 𑄛𑄚𑄨 𑄡𑄬𑄚𑄬 𑄚𑄧 𑄣𑄧𑄢𑄬।,Future
দূরের গাছের ছাা পানিতে ভেসে যা,𑄘𑄪𑄢𑄮𑄖𑄴𑄪𑄚𑄴 𑄉𑄏𑄧 𑄍𑄝 𑄛𑄚𑄨𑄖𑄴 𑄝𑄬𑄋𑄇𑄧𑄋 𑄦𑄮𑄃𑄨 𑄣𑄧𑄢𑄨 𑄡𑄘𑄬 𑄘𑄬𑄊 𑄡𑄬𑄘𑄧।,Present
মাছ ধরার চাঁই,𑄟𑄌𑄴 𑄞𑄏𑄨 𑄃𑄪𑄙𑄨𑄘𑄇𑄴 ।,Present
এক বরই গাছ,𑄛𑄧𑄏𑄨𑄟𑄬𑄘𑄨 𑄉𑄧𑄢𑄨 𑄃𑄬𑄣𑄧 𑄃𑄬𑄇𑄴 𑄝𑄧𑄢𑄧𑄃𑄨 𑄉𑄌𑄴।,Present
.বর্ষা মাসের সমে কালো রঙের বুনো গাছ গুলো বরই খা,𑄝𑄧𑄢𑄧𑄃𑄨𑄠𑄮 𑄃𑄧𑄇𑄴𑄖𑄧𑄖𑄴 𑄇𑄣𑄢𑄟𑄴𑄝𑄮𑄃𑄨 𑄎𑄪𑄚𑄪 𑄥𑄳𑄠𑄬 𑄉𑄌𑄴𑄱𑄖𑄴𑄖𑄪𑄚𑄴 𑄝𑄧𑄢𑄧𑄃𑄨 𑄈 𑄡𑄬𑄘𑄇𑄴।,Present
বজ্রপাতে পানি কম হ এখন,𑄘𑄬𑄝𑄝𑄮𑄖𑄴 𑄛𑄚𑄨 𑄇𑄧𑄟𑄴 𑄦𑄧𑄘𑄧 𑄥𑄬𑄇𑄴𑄇𑄬।,Present
এক জাগা কালোরা বরই খাছে,𑄃𑄬𑄇𑄴𑄝𑄢𑄴 𑄎𑄪𑄚𑄪𑄣𑄮𑄃𑄨 𑄇𑄣𑄢𑄟𑄬 𑄝𑄧𑄢𑄧𑄃𑄨 𑄈 𑄉𑄬𑄣𑄇𑄴।,Present
চাঁদিে পানি কম,𑄌𑄚𑄴𑄘𑄬 𑄘𑄬𑄝𑄝𑄮𑄖𑄴 𑄛𑄚𑄨 𑄇𑄧𑄟𑄴।,Present
কালো পানি,𑄇𑄣 𑄛𑄚𑄨।,Present
জুনু কালোকে বলে এই পানিটা রাখতে হবে,𑄎𑄪𑄚𑄪 𑄇𑄣𑄢𑄟𑄧𑄢𑄬 𑄇𑄧𑄠𑄴𑄘𑄬 𑄃 𑄛𑄚𑄨𑄠𑄚𑄴𑄘𑄧 𑄗𑄧𑄇𑄴 𑄛𑄬𑄝𑄧।,Future
কালো,𑄇𑄣!,Present
এক জাতী ব সাপ,𑄇𑄣𑄢𑄟𑄬 𑄇𑄧𑄠𑄴𑄘𑄬 𑄓𑄧𑄢𑄁।,Present
কি আতঙ্ক!,𑄇𑄨 𑄓𑄧𑄢𑄥𑄳𑄠!,Present
যে পাখানা করে-জুম্ম কল,𑄡𑄬𑄃𑄨 𑄣𑄟𑄨 𑄌𑄬𑄃𑄨 - 𑄎𑄪𑄚𑄪 𑄇𑄧𑄣𑄧।,Present
কালারা কল - তোমরা গ্রাম থেকে খবর পাও না!,𑄇𑄣𑄢𑄟𑄬 𑄇𑄧𑄣𑄧 - 𑄖𑄪𑄃𑄨 𑄟𑄚𑄴𑄎𑄳𑄠𑄬 𑄚𑄧 𑄣𑄟𑄧𑄚𑄴𑄘𑄬 𑄈𑄧𑄝𑄧𑄢𑄴 𑄚𑄧 𑄛𑄌𑄴 𑄚𑄳𑄠𑄬!,Present
জোনাকির আলো আঁধারি,𑄎𑄪𑄚𑄪 𑄇𑄧𑄣𑄧 - 𑄘𑄪𑄢𑄴।,Present
কালারামকে কল দাও তুমি আগে যাও,𑄇𑄣𑄢𑄟𑄬 𑄇𑄧𑄣𑄧 - 𑄖𑄪𑄃𑄨 𑄃𑄉𑄬 𑄣𑄟𑄴।,Present
তুমি বের হলে আমিও বের হবো,𑄖𑄪𑄃𑄨 𑄣𑄟𑄨𑄣𑄬 𑄟𑄪𑄃𑄨𑄠𑄮 𑄣𑄟𑄨𑄟𑄴।,Future
জুনু পানিতে পলো,𑄎𑄪𑄚𑄪 𑄛𑄚𑄨𑄖𑄴 𑄣𑄟𑄨𑄣𑄧।,Present
চামা বেশি হ না,𑄌𑄠𑄴𑄘𑄬 𑄝𑄬𑄌𑄴 𑄚𑄧 𑄦𑄧𑄠𑄴।,Present
তাকে দেখে কালারামও নামল,𑄖𑄢𑄬 𑄘𑄬𑄃𑄨𑄚𑄬 𑄇𑄣𑄢𑄟𑄬𑄠𑄮 𑄣𑄟𑄨𑄣𑄧।,Past
কতদুর যে কালোজাদু পারে উঠতে পারে -এখন কী!,𑄇𑄧𑄖𑄴𑄘𑄪𑄢𑄴 𑄡𑄬𑄃𑄨𑄚𑄬 𑄇𑄣𑄢𑄟𑄬 𑄈𑄧𑄘 𑄎𑄮𑄉𑄢𑄴 𑄛𑄢𑄨 𑄃𑄪𑄙𑄨𑄣𑄧 - 𑄃𑄨𑄝𑄬 𑄇𑄨!,Present
এই কি!,𑄃𑄨𑄝𑄬 𑄇𑄨 !,Present
কোথা,𑄇𑄪𑄙𑄪?,Present
এই পানির পাে,𑄃𑄨𑄠𑄮 𑄛𑄚𑄨 𑄟𑄪𑄢𑄮𑄖𑄴।,Present
ডান হাতের কাছে,𑄘𑄬𑄃𑄨𑄚𑄴 𑄒𑄬𑄋𑄧 𑄇𑄪𑄢𑄬।,Present
কালারাম কথা শুনে এই পানিতে ডুবে গেল,𑄇𑄣𑄢𑄟𑄧 𑄇𑄧𑄙 𑄥𑄪𑄚𑄨 𑄙𑄝𑄙𑄝 𑄃𑄬𑄃𑄨 𑄛𑄚𑄨𑄖𑄴 𑄝𑄨𑄎𑄨𑄢𑄬𑄃𑄨 𑄌𑄬𑄣𑄧।,Past
চাা দোর পাশে কি যেন দৌাদৌি উঠছে,𑄌𑄠𑄴 𑄘𑄬 𑄓𑄬𑄃𑄨𑄚𑄴 𑄒𑄬𑄋𑄧 𑄇𑄪𑄢𑄬 𑄇𑄨 𑄡𑄬𑄚𑄬 𑄣𑄧𑄢𑄨𑄌𑄧𑄢𑄨 𑄃𑄪𑄙𑄬𑄢𑄴।,Present
মাছ হওার সম বাঁশের কাপ দিে দুই হাত দিে চিবিে ধরা যা,𑄟𑄌𑄴 𑄦𑄧𑄝𑄧 𑄇𑄨𑄠𑄬𑄌𑄴 𑄉𑄧𑄢𑄨 𑄇𑄧𑄟𑄧𑄢𑄧𑄖𑄴 𑄝𑄚𑄳𑄠 𑄇𑄝𑄧𑄢𑄴𑄠𑄚𑄴𑄘𑄮𑄃𑄨 𑄘𑄨𑄠𑄚𑄴 𑄦𑄖𑄳𑄠𑄬 𑄌𑄨𑄝𑄨 𑄙𑄧𑄢𑄨 𑄛𑄢𑄧𑄖𑄴 𑄃𑄚𑄨 𑄌𑄬𑄣𑄇𑄴𑄇𑄨 ।,Present
সূর্য ডোবার সম,𑄌𑄚𑄴𑄘𑄬 𑄘𑄪𑄢𑄴 𑄍𑄧।,Present
দুইজনে খিলখিল করে হাসছে,𑄘𑄨𑄎𑄧𑄚𑄬 𑄇𑄇𑄴𑄈𑄧𑄚𑄴 𑄦𑄏𑄨𑄣𑄇𑄴।,Present
কালারামে কল-আমি তো ভীতু,𑄇𑄣𑄢𑄟𑄬 𑄇𑄧𑄣𑄧 - 𑄟𑄪𑄃𑄨 𑄘𑄧 𑄓𑄧𑄢𑄬 𑄃𑄙𑄟𑄧𑄢।,Present
জোনাকির কল কি!,𑄎𑄪𑄚𑄪 𑄇𑄧𑄣𑄧 - 𑄇𑄨𑄠!,Present
কালারামে পাহাের মাটি রেছে,𑄇𑄣𑄢𑄟𑄬 𑄚𑄧 𑄟𑄙𑄨 𑄢𑄧𑄣𑄧।,Present
জোনাকির কল -হ্যাঁ!,𑄎𑄪𑄚𑄪 𑄇𑄧𑄣𑄧 - 𑄃𑄳𑄦𑄧!,Present
ভূমিকম্প হেছে,𑄞𑄪𑄑𑄴 𑄝𑄨𑄣𑄨 𑄓𑄧𑄢𑄬𑄠𑄧𑄥𑄳𑄠।,Present
কালারামে কল-ও সহ্য করতে পারবো না,𑄇𑄣𑄢𑄟𑄬 𑄇𑄧𑄣𑄧 - 𑄃𑄳𑄦 𑄚𑄧 𑄓𑄧𑄢𑄬𑄟𑄴 𑄥𑄣𑄬।,Future
জুনু কল-লেখার পর ভূত দেখা দিতেছে,𑄎𑄪𑄚𑄪 𑄇𑄧𑄣𑄧 - 𑄣𑄬𑄊𑄛𑄧𑄢 𑄛𑄧𑄢𑄧𑄢𑄴 𑄞𑄪𑄖𑄴 𑄝𑄨𑄌𑄴𑄥𑄬𑄌𑄴 𑄡𑄌𑄴𑄥𑄬 𑄃𑄃𑄨।,Present
কালারা কলমাা যে বলে,𑄇𑄣𑄢𑄟𑄬 𑄇𑄧𑄣𑄧 𑄟𑄚𑄴𑄎𑄳𑄠𑄬 𑄡𑄬 𑄇𑄧𑄚𑄴!,Present
জুনিে কল দিে মেে তুমি,𑄎𑄪𑄚𑄪 𑄇𑄧𑄣𑄧 - 𑄟𑄚𑄴𑄎𑄳𑄠𑄬 𑄇𑄧𑄚𑄴 𑄝𑄨𑄣𑄨 𑄖𑄪𑄃𑄨।,Present
দুইজনে কথা বলতেছে,𑄘𑄨𑄎𑄧𑄚𑄬 𑄇𑄇𑄴𑄈𑄧𑄚𑄴 𑄇𑄧𑄙 𑄏𑄢𑄏𑄢𑄨 𑄉𑄧𑄢𑄴𑄣𑄇𑄴।,Present
মেেটাকে পানিতে পে দুইজনে নামল,𑄎𑄬𑄢𑄬 𑄘𑄪𑄢𑄴 𑄍𑄧-𑄝𑄮𑄢𑄬 𑄛𑄚𑄨𑄖𑄴 𑄃𑄨𑄢𑄨 𑄘𑄨 𑄟𑄨𑄉𑄨𑄚𑄨𑄖𑄴 𑄣𑄟𑄨𑄣𑄇𑄴।,Past
সূর্য ডোবার সম,𑄌𑄚𑄴𑄘𑄬 𑄉𑄧𑄘 𑄛𑄬𑄇𑄴𑄜𑄪𑄖𑄴।,Present
নাচা করলে হবে না,𑄚𑄧 𑄉𑄘𑄨𑄣𑄬 𑄚𑄧 𑄦𑄧𑄝𑄧।,Future
কাপের ধোঁা দিে এক জাতী গাি,𑄇𑄝𑄧𑄢𑄴𑄌𑄪𑄝𑄧𑄢𑄴 𑄙𑄮𑄃𑄨 𑄇𑄇𑄴𑄈𑄧𑄚𑄴 𑄉𑄘𑄨𑄣𑄇𑄴।,Present
কাপগুলো খররোদে গাছের নিচে বসে থাকল,𑄇𑄝𑄧𑄢𑄴𑄠𑄚𑄨 𑄈𑄬𑄢𑄧𑄖𑄴 𑄢𑄮𑄘𑄮𑄖𑄴 𑄘𑄨𑄃𑄨 𑄇𑄖𑄴𑄖𑄧𑄣𑄴 𑄉𑄏𑄧 𑄖𑄧𑄣𑄬 𑄝𑄮𑄃𑄨 𑄗𑄬𑄣𑄇𑄴।,Past
কাপগুলো সুন্দর করে হলে বািতে নিে গেল,𑄇𑄝𑄧𑄢𑄴𑄠𑄚𑄨 𑄥𑄪𑄉𑄧𑄁 𑄥𑄪𑄉𑄧𑄁 𑄦𑄧𑄣𑄬 𑄊𑄧𑄢𑄧𑄖𑄴 𑄣𑄧𑄢𑄴 𑄘𑄨𑄣𑄇𑄴।,Past
বর্ষাকালে পানি কম হ,𑄝𑄢𑄨𑄎𑄬 𑄉𑄬𑄣𑄬𑄉𑄮𑄃𑄨 𑄟𑄨𑄉𑄨𑄚𑄨𑄖𑄴 𑄛𑄚𑄨 𑄇𑄧𑄟𑄴 𑄦𑄧𑄘𑄧।,Present
"পাহাের সংকুলান, /n fluent",𑄦𑄘𑄪 𑄥𑄧𑄁।,Present
গািটা খুব ভালো লাগে,𑄉𑄘𑄨𑄣𑄬 𑄞𑄢𑄨 𑄉𑄧𑄟𑄴 𑄣𑄉𑄨𑄘𑄧।,Present
বাচ্চারা সবসম মিলেমিশে থাকে,𑄉𑄪𑄢𑄮𑄠𑄪𑄚𑄬 𑄎𑄧𑄙 𑄦𑄮𑄃𑄨 𑄟𑄨𑄉𑄨𑄚𑄨𑄖𑄴 𑄉𑄘𑄨𑄘𑄇𑄴।,Present
.অতিরিক্ত বালুচরে কবুতররা খেলা করে।,𑄃𑄧𑄇𑄴𑄖𑄧 𑄃𑄧𑄇𑄴𑄖𑄧 𑄌𑄧𑄢𑄧𑄖𑄴 𑄛𑄬𑄇𑄴 𑄟𑄬𑄣𑄟𑄬𑄣𑄨 𑄈𑄢 𑄦𑄧𑄘𑄇𑄴।,Present
জোনাকির সেগুলো ভালো লাগে না,𑄎𑄪𑄚𑄪𑄢𑄴 𑄥𑄨𑄠𑄚𑄨 𑄉𑄧𑄟𑄴 𑄚𑄧 𑄣𑄉𑄨𑄘𑄧।,Present
তারা দুইজনে গািে আছে,𑄖𑄢 𑄇𑄣𑄢𑄟𑄴𑄝𑄮𑄃𑄨 𑄘𑄨𑄎𑄧𑄚𑄬 𑄉𑄘𑄨𑄘𑄇𑄴।,Present
বাচ্চারা রোদ পোহা,𑄉𑄪𑄢𑄮𑄠𑄪𑄚𑄬 𑄎𑄮𑄣𑄴 𑄝𑄬𑄎𑄣𑄬 𑄥𑄨𑄢𑄬 𑄘𑄨𑄘𑄇𑄴।,Present
শীতকালে কাজ করতে পারে না বলে বালু পেগিে কাজ করে,𑄎𑄢𑄴𑄇𑄣𑄳𑄠𑄬 𑄇𑄟𑄳𑄦 𑄛𑄢𑄬 𑄛𑄢𑄬 𑄝𑄣𑄪 𑄛𑄬𑄉𑄬 𑄈𑄪𑄣𑄪𑄁 𑄉𑄧𑄢𑄨 𑄝𑄳𑄦 𑄉𑄧𑄢𑄴𑄗𑄇𑄴।,Present
বাচ্চারা হাত ভর্তি করে ছিেছে,𑄉𑄪𑄢𑄮𑄠𑄪𑄚𑄬 𑄦𑄖𑄴 𑄞𑄧𑄢𑄬𑄃𑄨 𑄞𑄧𑄢𑄬𑄃𑄨 𑄍𑄧 𑄝𑄧𑄘 𑄖𑄮𑄉𑄬𑄘𑄇𑄴।,Present
পাহাের পাশে পাহািে থাকা,𑄈𑄪𑄣𑄪𑄋𑄧 𑄍𑄬𑄢𑄬 𑄍𑄬𑄢𑄬 𑄥𑄛𑄴 𑄥𑄧𑄟𑄬 𑄗𑄬𑄘𑄇𑄴।,Present
জোনাকির কালোজাদু না লাগিে একটু মানা করে,𑄎𑄪𑄚𑄪𑄣𑄮𑄃𑄨 𑄇𑄣𑄢𑄟𑄬 𑄥𑄬𑄎𑄚𑄴 𑄚𑄧 𑄉𑄧𑄢𑄨𑄝𑄖𑄳𑄠𑄬 𑄃𑄬𑄇𑄴𑄇𑄧𑄎𑄚𑄴 𑄟𑄚 𑄉𑄧𑄢𑄴𑄗𑄇𑄴।,Present
.একঘেে কাজ থেকে বের হে আসার সমে দুইজনে একসাথে কাজ করার সম ক্ষমা করে দে,𑄃𑄬𑄇𑄴𑄉𑄬𑄘 𑄈𑄪𑄣𑄪𑄋𑄧𑄖𑄴𑄪𑄚𑄴 𑄇𑄬𑄟𑄴𑄝𑄮𑄃𑄨 𑄝𑄨𑄚𑄴𑄘𑄬𑄚𑄬 𑄛𑄬𑄉𑄮 𑄍𑄧 𑄃𑄚𑄨𑄝𑄢𑄴 𑄡𑄬𑄃𑄨𑄚𑄬 𑄥𑄝𑄧 𑄓𑄧𑄢𑄬 𑄇𑄟𑄳𑄦𑄖𑄴𑄪𑄚𑄴 𑄛𑄧𑄢𑄨 𑄃𑄬𑄇𑄴𑄎𑄧𑄚𑄬 𑄞𑄧𑄎𑄚𑄴 𑄛𑄨𑄢 𑄛𑄬𑄃𑄨 𑄃𑄙𑄟𑄧𑄢 𑄦𑄧𑄣𑄬 𑄖𑄳𑄠𑄬 𑄇𑄟𑄳𑄦𑄖𑄴 𑄛𑄬𑄉𑄮 𑄍𑄧 𑄖𑄧𑄉𑄚 𑄈𑄬𑄟 𑄘𑄮𑄚𑄴।,Present
"এক জাতী শাক, গাছ, খোল হে যা","𑄃𑄏𑄢𑄴 𑄥𑄊𑄮𑄚𑄴 𑄟𑄥𑄴 𑄣𑄪𑄘𑄨, 𑄉𑄌𑄴, 𑄈𑄬𑄢𑄴 𑄦𑄬𑄃𑄨𑄣𑄴 𑄦𑄮𑄃𑄨 𑄡𑄬𑄘𑄧।",Present
"পাহাে, পাহাে চওার সমে চওা শক্ত","𑄟𑄪𑄢𑄮𑄖𑄴, 𑄣𑄋𑄬𑄣𑄧𑄖𑄴 𑄌𑄬𑄢𑄮 𑄇𑄬𑄃𑄨𑄖𑄴 𑄦𑄬𑄃𑄨𑄣𑄴 𑄃 𑄦𑄬𑄃𑄨𑄣𑄴।",Present
.জুার তাাতাি চাঁদটা অনেক ভালো লাগে,𑄎𑄪𑄚𑄪𑄢𑄴 𑄥𑄨𑄠𑄚𑄴 𑄌𑄘𑄬 𑄡𑄧𑄘𑄧𑄝𑄧𑄘𑄬 𑄉𑄧𑄟𑄴 𑄣𑄉𑄨𑄘𑄧।,Present
"উেল গাছে ভ পাচ্ছি,কেকটা গাছে উঠে ঘুরে বোচ্ছে","𑄃𑄪𑄘𑄮𑄣𑄴 𑄉𑄏𑄧𑄖𑄴 𑄞𑄧𑄉𑄧𑄘𑄁, 𑄇𑄧𑄢𑄧𑄃𑄨 𑄉𑄏𑄧𑄖𑄴 𑄇𑄬𑄇𑄴𑄱𑄟𑄧𑄢𑄨 𑄃𑄪𑄢𑄨 𑄃𑄪𑄢𑄨 𑄝𑄬𑄢𑄬𑄘𑄇𑄴।",Present
কেকটা আম লাল দেখে কি ভালো লাগে,𑄇𑄬𑄇𑄴𑄱𑄟𑄧𑄢𑄨 𑄢𑄋𑄚𑄴 𑄌𑄘𑄬 𑄇𑄨 𑄉𑄧𑄟𑄴 𑄣𑄉𑄨𑄘𑄧।,Present
ধানের পাতা সাথে মিশিে গেলে চেনা যা না,𑄦𑄬𑄃𑄨𑄣𑄴 𑄛𑄘 𑄣𑄧𑄉𑄬 𑄟𑄨𑄏𑄨 𑄉𑄬𑄣𑄬 𑄌𑄨𑄚𑄴 𑄚𑄧 𑄛𑄠𑄴 𑄃𑄢𑄴।,Present
কেকটা কচু পাতা দিে তাদেরকে ধরা যা,𑄇𑄧𑄢𑄧𑄃𑄨 𑄇𑄪𑄎𑄨 𑄛𑄘 𑄈𑄘𑄬 𑄖𑄢𑄢𑄬 𑄙𑄧𑄢𑄨 𑄛𑄢 𑄡𑄠𑄴।,Present
ভে ভে গাছের পাতার নিচে বসে থাকে,𑄞𑄧𑄉𑄧𑄘𑄁𑄠𑄪𑄚𑄴 𑄃𑄧𑄎𑄧𑄣𑄴 𑄃𑄧𑄎𑄧𑄣𑄴 𑄃𑄪𑄘𑄮𑄣𑄴 𑄉𑄏𑄧 𑄛𑄘 𑄖𑄧𑄣𑄬 𑄝𑄧𑄏𑄨 𑄝𑄧𑄏𑄨 𑄗𑄚𑄴।,Present
ধরে নিয়ে যাওা আঘাত,𑄙𑄧𑄢𑄨 𑄛𑄚 𑄃𑄊𑄖𑄳𑄠।,Present
ঝগা পেলে উপর থেকে পে যা,𑄏𑄧𑄇𑄴 𑄛𑄬𑄣𑄬 𑄃𑄪𑄉𑄪𑄢𑄬𑄖𑄴𑄪𑄚𑄴 𑄃𑄪𑄉𑄪𑄢𑄬 𑄉𑄧𑄢𑄨 𑄃𑄪𑄢𑄨 𑄡𑄚𑄴।,Present
"গ্রামের বাচ্চারা অনেক বেশি ভ পা,কেরা আমটি ধরে আনে","𑄃𑄘𑄟𑄧𑄢𑄴 𑄉𑄪𑄢𑄮𑄠𑄪𑄚𑄬 𑄃𑄧𑄇𑄴𑄖𑄧 𑄃𑄧𑄇𑄴𑄖𑄧 𑄞𑄧𑄉𑄧𑄘𑄁, 𑄇𑄬𑄇𑄴𑄱𑄟𑄧𑄢𑄨 𑄙𑄧𑄢𑄨 𑄃𑄚𑄨𑄘𑄇𑄴।",Present
সুতা দিে বোনা সুতা,𑄥𑄪𑄘𑄮𑄣𑄮𑄃𑄨 𑄝𑄚𑄨 𑄃𑄪𑄢𑄬𑄘𑄇𑄴।,Present
খুব উস্কুখুস্কু হচ্ছে,𑄞𑄢𑄨 𑄃𑄪𑄌𑄴𑄱 𑄦𑄧𑄘𑄧।,Present
জোনাকির মতো কালোজিরা কথা - আর ধরে না,𑄎𑄪𑄚𑄪 𑄃 𑄇𑄣𑄢𑄟𑄬 𑄇𑄧𑄙𑄇𑄴 - 𑄚𑄧 𑄙𑄧𑄎𑄳𑄠𑄧 𑄃𑄢𑄴।,Present
ইি দো,𑄃𑄨𑄢𑄨 𑄘𑄮𑄉𑄮𑄃𑄨।,Present
লেখাপা করো না!,𑄣𑄬𑄊𑄛𑄧𑄢 𑄚𑄧 𑄈𑄪𑄠𑄳𑄠𑄧!,Present
.গ্রামের তাাতাি লিখতে হবে না,𑄃𑄘𑄟𑄧𑄖𑄴 𑄖𑄳𑄠𑄬𑄚𑄴 𑄣𑄬𑄊𑄛𑄧𑄢 𑄛𑄧𑄢𑄨𑄝𑄬𑄥𑄴 𑄚𑄧 𑄃𑄬𑄣𑄧।,Future
দুই একটু বািতে যাওা হলো,𑄘𑄨 𑄃𑄬𑄇𑄴𑄇 𑄊𑄧𑄢𑄧𑄖𑄴 𑄌𑄧𑄣𑄴 𑄃𑄬𑄣𑄧।,Past
তার থেকে সে একটু একটু করে পে পে যাচ্ছে,𑄖𑄖𑄴𑄪𑄚𑄴 𑄖𑄬 𑄘𑄬𑄊𑄘𑄬𑄊𑄨 𑄉𑄧𑄢𑄨 𑄣𑄢𑄬 𑄣𑄢𑄬 𑄛𑄧𑄢𑄨𑄠𑄳𑄠 𑄛𑄱 𑄝𑄢 𑄙𑄧𑄎𑄳𑄠𑄧𑄚𑄴।,Present
গ্রাম থেকে স্কুল আসতেছে,𑄃𑄘𑄟𑄧𑄖𑄴𑄪𑄚𑄴 𑄃𑄨𑄌𑄴𑄇𑄪𑄣𑄴 𑄃𑄬𑄣𑄧 𑄘𑄬𑄢𑄴 𑄟𑄬𑄃𑄨𑄣𑄧 𑄇𑄪𑄢𑄬 𑄇𑄪𑄢𑄬।,Present
উত্তর দিক করে লম্বা পথ ফেলে আরও অনেক দূরে যা,𑄃𑄪𑄖𑄴𑄖𑄧𑄢𑄴 𑄘𑄧𑄊𑄨𑄚𑄴 𑄉𑄧𑄢𑄨 𑄣𑄟𑄴𑄝 𑄛𑄧𑄗𑄴𑄗𑄚𑄴 𑄃𑄨𑄌𑄴𑄇𑄪𑄣𑄴 𑄜𑄬𑄣𑄬𑄃𑄨 𑄃𑄢𑄧 𑄞𑄣𑄧𑄇𑄴𑄘𑄪𑄢𑄴 𑄃𑄪𑄎𑄧𑄚𑄳𑄠 𑄦𑄘𑄨 𑄡𑄨𑄠𑄬।,Present
কুমা পথ,𑄇𑄪𑄟𑄴𑄛𑄧𑄚𑄨 𑄛𑄧𑄗𑄴 ।,Present
. করলা মাটি হওা বৃষ্টিতেও ভিজে যা,𑄇𑄧𑄢𑄧𑄣𑄨 𑄟𑄘𑄨 𑄦𑄧𑄚𑄠𑄴 𑄝𑄢𑄨𑄬𑄎𑄖𑄴𑄠𑄮 𑄉𑄧𑄟𑄬 𑄦𑄘 𑄡𑄠𑄴।,Present
পথটা দুই ভাগ হে যা এবং যা,𑄛𑄧𑄖𑄴𑄗𑄚𑄴 𑄘𑄧𑄊𑄨𑄚𑄴 𑄟𑄧𑄇𑄳𑄠 𑄡𑄘𑄬 𑄡𑄘𑄬 𑄃𑄢𑄧 𑄡𑄨𑄠𑄬 𑄞𑄣𑄧𑄇𑄴𑄘𑄪𑄢𑄴।,Present
এক জাতী মানুষ আসতেছে,𑄃𑄟𑄨𑄎𑄬 𑄟𑄚𑄪𑄌𑄴 𑄃𑄬𑄎𑄧𑄚𑄴 𑄃 𑄡𑄚𑄴।,Present
নালা দিে যাওা,𑄚𑄧𑄣𑄮𑄃𑄨𑄠𑄮 𑄡 𑄡𑄠𑄴।,Present
শীতকালের পানি কম থাকলে -যাওা আগা,𑄎𑄢𑄇𑄣𑄳𑄠 𑄛𑄚𑄨 𑄇𑄧𑄟𑄴 𑄗𑄬𑄣𑄬 - 𑄡𑄚 𑄃𑄉𑄖𑄳𑄠 𑄦𑄧𑄠𑄴।,Present
জোনাকির মতো কালো রঙের মানুষরা হেঁটে হেঁটে স্কুলে যাচ্ছে,𑄎𑄪𑄚𑄪𑄣𑄮𑄃𑄨 𑄇𑄣𑄢𑄟𑄬 𑄃𑄟𑄨𑄎𑄬 𑄦𑄘𑄨 𑄦𑄘𑄨 𑄃𑄨𑄌𑄴𑄇𑄪𑄣𑄧𑄖𑄴 𑄡𑄬𑄘𑄇𑄴।,Present
তাদের সাথে মেেও এসেছে,𑄖𑄢 𑄣𑄧𑄉𑄬 𑄟𑄬𑄢𑄧𑄚𑄨𑄠𑄮 𑄃𑄨𑄌𑄴𑄇𑄪𑄣𑄧𑄖𑄴 𑄡𑄬𑄘𑄧।,Present
.মলা লেখা অনেক বেশি শক্ত,𑄟𑄬𑄢𑄧𑄚𑄨𑄢𑄴 𑄣𑄬𑄊𑄛𑄧𑄢 𑄎𑄧𑄧𑄘𑄧𑄝𑄧𑄘𑄬 𑄙𑄛𑄴।,Present
স্কুলে যেতে যেতে তিনজন লোক কথা বলতেছে,𑄃𑄨𑄌𑄴𑄇𑄪𑄣𑄧𑄖𑄴 𑄡𑄘𑄬 𑄡𑄘𑄬 𑄖𑄨𑄚𑄴 𑄎𑄧𑄚𑄬 𑄣𑄬𑄊𑄛𑄧𑄢 𑄇𑄧𑄙 𑄇𑄮𑄃𑄨 𑄇𑄮𑄃𑄨 𑄡𑄬𑄘𑄇𑄴।,Present
পথের পাশে একটা বট গাছ,𑄛𑄧𑄙𑄧 𑄛𑄎𑄢𑄖𑄴 𑄃𑄬𑄣𑄧 𑄝𑄧𑄑𑄴 𑄉𑄌𑄴।,Present
স্কুল থেকে ফিরার সম সেখানে গিেছে,𑄃𑄨𑄌𑄴𑄇𑄪𑄣𑄧𑄖𑄴𑄴𑄖𑄪𑄚𑄴 𑄜𑄨𑄢𑄧𑄘𑄬 𑄥𑄧𑄣𑄖𑄴 𑄥𑄨𑄠𑄮𑄖𑄴 𑄎𑄨𑄢𑄬𑄘𑄇𑄴।,Present
এক জাতী গাছ,𑄓𑄋𑄧𑄢𑄴 𑄝𑄧𑄖𑄴 𑄉𑄌𑄴।,Present
সিঙোরটাও তার ভ করে,𑄥𑄨𑄋𑄮𑄢𑄴𑄠𑄮 𑄖𑄢𑄴 𑄞𑄬𑄘𑄬𑄢𑄴 𑄥𑄬𑄘𑄬𑄢𑄴।,Present
বই থাকলে শরীর জুে যা,𑄝𑄮𑄃𑄨 𑄗𑄬𑄣𑄬 𑄇𑄨𑄠𑄳𑄠𑄬 𑄎𑄪𑄢𑄬𑄃𑄨 𑄡𑄬𑄘𑄧।,Present
পথ দিে মানুষ বিশ্রাম করে,𑄛𑄧𑄗𑄳𑄠𑄧 𑄟𑄚𑄴𑄎𑄳𑄠𑄬 𑄥𑄮𑄖𑄴 𑄎𑄨𑄢𑄚𑄴।,Present
গরু চা যে গরুগুলো ভুিে দিে দে,𑄉𑄧𑄢𑄪 𑄌𑄧𑄢𑄬𑄠𑄳𑄠 𑄥𑄨𑄠𑄮𑄖𑄴 𑄝𑄮𑄃𑄨 𑄉𑄧𑄢𑄪𑄠𑄪𑄚𑄴 𑄞𑄪𑄃𑄨𑄠𑄮𑄖𑄴 𑄃𑄨𑄢𑄨 𑄘𑄮𑄚𑄴।,Present
কত ব মাটি হওা ভালো,𑄇𑄪𑄟𑄴𑄛𑄧𑄚𑄨 𑄛𑄧𑄗𑄴𑄗𑄚𑄴 𑄇𑄧𑄢𑄧𑄣𑄨 𑄟𑄘𑄨 𑄦𑄧𑄚𑄠𑄴 𑄞𑄢𑄨 𑄉𑄧𑄟𑄴 𑄣𑄉𑄬।,Present
কত ব লাল মাটি,𑄇𑄧𑄖𑄴𑄖 𑄇𑄧𑄖𑄴𑄖 𑄢𑄋 𑄟𑄘𑄨।,Present
শীতকালে ধুলাবালু উে,𑄎𑄢𑄴𑄇𑄣𑄳𑄠𑄬 𑄙𑄪𑄣𑄳𑄠𑄬 𑄃𑄪𑄢𑄨𑄘𑄧।,Present
রাস্তা কত ব পাহাে পাহা আছে,𑄛𑄧𑄖𑄴𑄗𑄚𑄧𑄢𑄴 𑄇𑄧𑄖𑄴𑄖 𑄇𑄧𑄖𑄴𑄖𑄖𑄴 𑄟𑄪𑄢𑄮 𑄃 𑄥𑄧𑄁 𑄞𑄪𑄃𑄨 ।,Present
.সমান জমি ভেদ করে পথটা উঠে যা,𑄥𑄧𑄁 𑄞𑄪𑄃𑄨𑄠𑄮 𑄞𑄨𑄘𑄨𑄢𑄬𑄘𑄨 𑄉𑄧𑄢𑄨 𑄛𑄧𑄗𑄴𑄗𑄚𑄴 𑄃𑄪𑄎𑄧𑄚𑄳𑄠 𑄡𑄨𑄠𑄬।,Present
ছেে ছেে ঢলঢলে পানি,𑄍𑄬𑄢𑄬 𑄍𑄬𑄢𑄬 𑄔𑄧𑄣𑄴 𑄞𑄪𑄃𑄨 𑄃 𑄜𑄨𑄖𑄴𑄖𑄨।,Present
এক জাতী গাছ,𑄜𑄨𑄖𑄴𑄖𑄨 𑄃𑄪𑄉𑄪𑄢𑄬 𑄉𑄏𑄧 𑄛𑄪𑄣𑄴।,Present
টিউবওেল থেকে খরার মতো পানি পে থাকে,𑄜𑄨𑄖𑄴𑄖𑄨𑄠𑄪𑄚𑄧𑄖𑄴 𑄈𑄧𑄢𑄚𑄳𑄠 𑄟𑄮𑄌𑄴 𑄌𑄧𑄢𑄧𑄚𑄴 𑄃 𑄉𑄧𑄖𑄴𑄖𑄧𑄚𑄖𑄴 𑄛𑄚𑄨 𑄥𑄧𑄁 𑄉𑄧𑄢𑄨 𑄓𑄪𑄝𑄨 𑄗𑄚𑄴।,Present
জোনাকির ডিমটা এসেছে পাহাের উপর,𑄎𑄪𑄚𑄪𑄘𑄊𑄨 𑄃𑄨𑄌𑄴𑄇𑄪𑄪𑄣𑄴𑄠𑄚𑄴 𑄃𑄬𑄣𑄧 𑄃𑄚𑄴𑄘𑄥𑄳𑄠 𑄟𑄪𑄢𑄮 𑄃𑄪𑄉𑄪𑄢𑄬।,Present
স্কুল বন্ধ করার সম এক বালতি পানি নিে যাচ্ছে,𑄃𑄨𑄌𑄴𑄇𑄪𑄣𑄧 𑄝𑄥𑄳𑄠𑄬𑄉𑄧𑄢𑄨 𑄛𑄪𑄉𑄬𑄘𑄨 𑄓𑄋𑄧𑄢𑄴 𑄃𑄬𑄇𑄴 𑄜𑄨𑄖𑄴𑄖𑄨।,Present
ফুটিে উঠার সম ব ব গাছ,𑄜𑄨𑄖𑄴𑄖𑄨𑄝𑄮𑄢𑄴 𑄃𑄪𑄖𑄴𑄖𑄬𑄢𑄬𑄚𑄴𑄘𑄨 𑄓𑄋𑄧𑄢𑄴 𑄓𑄋𑄧𑄢𑄴 𑄥𑄢𑄴𑄝𑄱 𑄉𑄌𑄴।,Present
এক ছেলে ছাা দিে সবুজ মাঠে হামাগুি খা,𑄃𑄨𑄌𑄴𑄇𑄪𑄣𑄧 𑄛𑄱 𑄍𑄠𑄪𑄚𑄬 𑄥𑄮𑄖𑄴 𑄝𑄮𑄃𑄨 𑄝𑄮𑄃𑄨 𑄦𑄞 𑄈𑄚𑄴।,Present
বইের পানিটা দক্ষিণ দিক থেকে বের হে যাচ্ছে,𑄝𑄮𑄠𑄢𑄬 𑄜𑄨𑄖𑄴𑄖𑄨𑄝𑄱 𑄛𑄚𑄨𑄠𑄚𑄴 𑄘𑄧𑄊𑄨𑄚𑄬𑄖𑄴𑄪𑄚𑄴 𑄃𑄪𑄖𑄴𑄖𑄧𑄢𑄬 𑄚𑄏𑄨 𑄚𑄏𑄨 𑄡𑄬𑄘𑄧।,Present
চাঁদটা অনেক ভালো লাগে,𑄌𑄘𑄬 𑄞𑄢𑄨 𑄉𑄧𑄟𑄴 𑄣𑄉𑄨𑄘𑄧।,Present
"জুনু,কালু,কালু,পাহাের এদিক সেদিক ঘুরে বো","𑄎𑄪𑄚𑄪, 𑄇𑄣𑄢𑄟𑄴 𑄃 𑄟𑄬𑄢𑄧𑄚𑄨 𑄘𑄨𑄚𑄴 𑄛𑄧𑄖𑄴𑄖𑄨 𑄜𑄨𑄖𑄴𑄖𑄨 𑄛𑄢𑄧𑄖𑄴 𑄝𑄧𑄏𑄨𑄘𑄇𑄴।",Present
না না কথা বলা,𑄚 𑄚 𑄇𑄧𑄙 𑄇𑄧𑄙𑄇𑄴।,Present
".তারা দুইজনে মিলে তুংগো,মুনি,নাগাা","𑄖𑄢𑄣𑄧𑄉𑄬 𑄃𑄢𑄧 𑄜𑄉𑄧𑄖𑄴 𑄥𑄧𑄟𑄬𑄘𑄇𑄴 𑄖𑄪𑄋𑄳𑄠, 𑄟𑄪𑄚𑄨, 𑄚𑄉𑄢।",Present
ক্লাস ফাকি দো না থাকলে সেখানে কথা কাটাকাটি হ,𑄇𑄬𑄣𑄥𑄴 𑄚𑄧 𑄗𑄬𑄣𑄬 𑄥𑄨𑄠𑄮𑄖𑄴 𑄝𑄧𑄘𑄇𑄴 𑄃 𑄇𑄧𑄙 𑄏𑄢𑄏𑄢𑄨 𑄉𑄧𑄖𑄴𑄗𑄇𑄴।,Present
পরীক্ষা উত্তীর্ণ হলে সেখানে ও ভালো হবে,𑄛𑄧𑄢𑄨𑄇𑄴𑄈𑄬 𑄦𑄧𑄣𑄬 𑄥𑄨𑄠𑄮𑄖𑄴 𑄃𑄮 𑄇𑄪𑄘𑄪𑄟𑄴 𑄦𑄧𑄘𑄇𑄴।,Future
.অপচ করার অভ্যাস,𑄛𑄧𑄢 𑄛𑄪𑄏𑄢𑄴 𑄉𑄧𑄢𑄉𑄧𑄢𑄨 𑄉𑄧𑄖𑄴𑄗𑄇𑄴।,Present
ক্ল্যাসটা এখন শেষ হেছে,𑄇𑄬𑄣𑄥𑄴 𑄃𑄬𑄃𑄨𑄘𑄧 𑄛𑄧𑄢𑄨𑄇𑄴𑄈𑄬 𑄗𑄪𑄟𑄴 𑄦𑄧𑄁 𑄦𑄧𑄁।,Present
. সবুজ আগুনটা জ্বলতেছে।,𑄥𑄮𑄖𑄴 𑄃𑄉𑄧𑄥𑄚𑄴 𑄝𑄬𑄉𑄬 𑄟𑄨𑄣𑄨 𑄝𑄮𑄃𑄨 𑄃𑄊𑄧𑄚𑄴।,Present
মুনি কল - এই শিশিটা জীবন পর্যন্ত থাকবে,𑄟𑄪𑄚𑄨 𑄇𑄧𑄣𑄧 - 𑄃𑄬 𑄜𑄨𑄖𑄴𑄖𑄨𑄝𑄮 𑄎𑄨𑄁𑄇𑄚𑄨 𑄥𑄧𑄁 𑄃𑄩𑄙𑄮𑄖𑄴 𑄗𑄬𑄝𑄧।,Future
মেেটা কল -আমার,𑄟𑄬𑄢𑄧𑄚𑄨 𑄇𑄧𑄣𑄧 - 𑄟𑄧𑄢𑄴𑄠𑄮।,Present
তুংা কল - সেটা কি করতে হ নাকি!,𑄖𑄪𑄋𑄳𑄠 𑄇𑄧𑄣𑄧 - 𑄥𑄨𑄠𑄚𑄴 𑄃 𑄇𑄪𑄠 𑄛𑄧𑄢𑄬𑄘𑄬 𑄚𑄬!,Present
এত ভালো জাগা কার না এখানে থাকবে,𑄃𑄬𑄎𑄚𑄴 𑄉𑄧𑄟𑄴 𑄎𑄉 𑄇𑄢𑄴 𑄚 𑄃𑄩𑄙𑄮𑄖𑄴 𑄗𑄬𑄝𑄧।,Future
কালারাম আরেকটা জাগা থাকবে,𑄇𑄣𑄢𑄟𑄬 𑄇𑄧𑄣𑄧 - 𑄟𑄧𑄢𑄴 𑄃𑄢𑄧 𑄃𑄬𑄇𑄴𑄇𑄚𑄴 𑄎𑄉 𑄃𑄩𑄙𑄮𑄖𑄴 𑄗𑄬𑄝𑄧।,Future
.কেকটা সম কালো,𑄇𑄇𑄴𑄈𑄧𑄚𑄴 𑄃𑄧𑄣𑄧𑄢𑄴 𑄦𑄮𑄃𑄨 𑄟𑄬𑄢𑄧𑄚𑄨 𑄇𑄧𑄣𑄧 - 𑄇𑄨 𑄥𑄨𑄠𑄚𑄴 𑄇𑄣।,Present
.আকাশ তুলে দেখ-কালকে জোপ দিল,𑄃𑄩𑄙𑄯𑄖𑄴 𑄖𑄪𑄣𑄨 𑄌𑄚 - 𑄇𑄣𑄢𑄟𑄬 𑄎𑄮𑄛𑄴 𑄘𑄨𑄣𑄧।,Past
সবাই কিছুক্ষণ চুপ করে থাকল,𑄝𑄬𑄇𑄴𑄇𑄪𑄚𑄬 𑄇𑄇𑄴𑄴𑄈𑄧𑄚𑄴 𑄃𑄧𑄣𑄧𑄢𑄴 𑄦𑄧𑄃𑄨 𑄝𑄮𑄃𑄨 𑄗𑄬𑄣𑄇𑄴।,Past
কালাই কল-কোন মেে কথা বলতে পারে না,𑄇𑄣𑄢𑄟𑄬 𑄇𑄧𑄣𑄧 - 𑄇𑄧𑄃𑄨 𑄟𑄬𑄢𑄮 𑄇𑄧𑄃𑄨 𑄚𑄧 𑄛𑄢𑄴𑄣𑄬।,Present
মলা কল - না,𑄟𑄬𑄢𑄮 𑄇𑄧𑄣𑄧 - 𑄚!,Present
এক জাতী গাছ-কালিমা,𑄃𑄧𑄱𑄃𑄨 𑄝𑄧𑄖𑄴 𑄉𑄌𑄴𑄱- 𑄇𑄣𑄢𑄟𑄬 𑄇𑄧𑄣𑄧।,Present
সবাই পাখানা করতেছে,𑄝𑄬𑄇𑄴𑄇𑄪𑄚𑄬 𑄦𑄏𑄨 𑄃𑄪𑄙𑄨𑄣𑄇𑄴।,Present
তুংা কল- হেছে,𑄖𑄪𑄋𑄳𑄠 𑄇𑄧𑄣𑄧 - 𑄦𑄧𑄠𑄴𑄘𑄬 𑄥𑄳𑄠।,Present
আমার তাকে খুব মনে পে,𑄟𑄧𑄢𑄴𑄠𑄮 𑄥𑄨𑄝𑄬 𑄞𑄢𑄨 𑄟𑄧𑄚𑄧𑄖𑄴 𑄛𑄧𑄢𑄬।,Present
জুু এত ব মুখ চেপে আছে,𑄎𑄪𑄚𑄪 𑄃𑄬𑄘𑄧𑄇𑄴𑄈𑄧𑄚𑄴 𑄥𑄧𑄁 𑄟𑄪 𑄌𑄨𑄝𑄬𑄃𑄨 𑄬𑄃𑄣𑄧।,Present
সবাইকে চেইনে কল আসতেছে বছরে কে কি নিবে?,𑄝𑄬𑄇𑄴𑄇𑄪𑄚𑄧𑄢𑄬 𑄌𑄬𑄃𑄨𑄚𑄬 𑄇𑄧𑄣𑄧 𑄃𑄬𑄎𑄬𑄖𑄳𑄠𑄬 𑄝𑄧𑄏𑄧𑄢𑄴 𑄘𑄧 𑄚𑄃𑄨𑄚𑄧𑄖𑄴 𑄃𑄪𑄙𑄨𑄢𑄴 𑄇𑄧𑄚𑄬 𑄇𑄨 𑄣𑄧𑄝𑄧?,Future
তুংসে কল-পাহা হলে ঠিক ঠিক যাবে,𑄖𑄪𑄋𑄳𑄠𑄬 𑄇𑄧𑄣𑄧 - 𑄟𑄪𑄃𑄨 𑄦𑄧𑄣𑄬 𑄃𑄪𑄎𑄪 𑄃𑄪𑄎𑄪 𑄡𑄬𑄟𑄴𑄝𑄬 ।,Future
মেেটার কলও ঠিক ঠিক,𑄟𑄬𑄢𑄮𑄚𑄨 𑄇𑄧𑄣𑄧 𑄟𑄪𑄃𑄨𑄠𑄮 𑄃𑄪𑄎𑄪 𑄃𑄪𑄎𑄪।,Present
রংধনুর কলকির মুখ হলে বিাল,𑄢𑄚𑄴𑄎𑄪𑄚𑄨 𑄇𑄧𑄣𑄧 𑄟𑄪𑄃𑄨 𑄦𑄧𑄣𑄬 𑄝𑄨𑄉𑄳𑄠𑄚𑄴।,Present
সবাই পাহাের দৌাদৌি করল,𑄝𑄬𑄇𑄴𑄇𑄪𑄚𑄬 𑄛𑄖𑄴𑄖𑄪𑄢𑄪 𑄖𑄪𑄢𑄪 𑄉𑄧𑄣𑄴𑄣𑄇𑄴।,Past
জোনাকির ডাক - তার মনটা ভ পা,𑄎𑄪𑄚𑄪 𑄇𑄧𑄣𑄧 - 𑄖 𑄌𑄨𑄖𑄴𑄖𑄚𑄴 𑄘𑄧𑄢𑄧 𑄘𑄧।,Present
"খালি পা, খালি পা",𑄈𑄣𑄨𑄇𑄴 𑄟𑄪𑄃𑄨 𑄃𑄮 𑄃𑄪𑄎𑄪 𑄃𑄪𑄎𑄪।,Present
মুনি কল - আইে!,𑄟𑄪𑄚𑄨 𑄇𑄧𑄣𑄧 - 𑄃𑄃𑄨𑄠𑄳𑄠𑄬!,Present
তোমার মতো ছেলে সহজে পলে কেমনে হ,𑄖𑄧 𑄙𑄧𑄇𑄳𑄠 𑄛𑄱 𑄃𑄪𑄎𑄪 𑄃𑄪𑄎𑄪 𑄛𑄧𑄢𑄴𑄣𑄬 𑄇𑄬𑄚𑄬 𑄦𑄧𑄠𑄴।,Present
জুনিে কল - তুমি কী আছো?,𑄎𑄪𑄚𑄪 𑄇𑄧𑄣𑄧 - 𑄃 𑄖𑄪𑄟𑄨 𑄇𑄨𑄖𑄳𑄠 𑄃𑄊𑄧 𑄘𑄬।,Present
মুনি জোপ দিল -আমাকে ভে পতেছে,𑄟𑄪𑄚𑄨 𑄎𑄮𑄛𑄴 𑄘𑄨𑄣𑄧 - 𑄟𑄧𑄢𑄬 𑄒𑄬𑄘𑄬𑄢 𑄃𑄪𑄢𑄧𑄖𑄴𑄖𑄬 𑄃𑄃𑄨 𑄃𑄧𑄠𑄴।,Past
জোনাকির কল- না তো,𑄎𑄪𑄚𑄪 𑄇𑄧𑄣𑄧 - 𑄚𑄧𑄠𑄴 𑄘𑄧 ।,Present
তোমাকে কি খুঁজতে যাচ্ছি,𑄖𑄧𑄢𑄬 𑄇𑄨𑄖𑄳𑄠 𑄥𑄬𑄎𑄚𑄴 𑄉𑄧𑄖𑄴𑄖𑄪𑄁।,Present
.মুত্রথলি আর ফিরল না,𑄟𑄪𑄚𑄨 𑄇𑄧𑄚𑄧 𑄇𑄧𑄙 𑄚𑄧 𑄜𑄨𑄢𑄬𑄣𑄧 𑄃𑄢𑄴।,Past
.নাক উপরে তোলা,𑄚𑄃𑄨𑄚𑄧𑄖𑄴 𑄃𑄪𑄙𑄨𑄣𑄇𑄴।,Present
"সবাই যাওার সম ঠিকঠিক, বিাল, কমার্স নেওা","𑄝𑄬𑄇𑄴𑄇𑄪𑄚𑄬 𑄡 𑄡 𑄃𑄠𑄮𑄎𑄬 𑄃𑄪𑄎𑄪 𑄃𑄪𑄎𑄪, 𑄝𑄨𑄉𑄳𑄠𑄚𑄴, 𑄇𑄧𑄟𑄢𑄴𑄥𑄴 𑄣𑄧𑄣𑄇𑄴।",Present
বিালটা ভ পা,𑄝𑄨𑄉𑄳𑄠𑄚𑄴 𑄝𑄬𑄉𑄬 𑄓𑄧𑄢𑄚𑄴।,Present
তত বেশি তত কম,𑄥𑄬𑄖𑄳𑄠 𑄥𑄨𑄠𑄚𑄴 𑄥𑄨𑄚𑄴𑄘𑄨 𑄇𑄧𑄟𑄴।,Present
জুনু গেল ঠিকঠিক,𑄎𑄪𑄚𑄪 𑄉𑄬𑄣𑄧 𑄃𑄪𑄎𑄪 𑄃𑄪𑄎𑄪।,Past
তার বাবা তাাতাি বুঝে নিল,𑄖 𑄝𑄝𑄬 𑄖𑄏 𑄝𑄪𑄏𑄬𑄝𑄢𑄴 𑄌𑄬𑄣𑄧।,Past
. বুঝে না পেরে,𑄝𑄪𑄏𑄬 𑄚𑄧 𑄛𑄢𑄴𑄣𑄧।,Present
ঝেে কল-পুিটা নিে সাত বার পলে ফল পাবে,𑄎𑄬𑄢𑄬 𑄇𑄧𑄣𑄧 - 𑄛𑄪𑄖𑄴 𑄡𑄨𑄠𑄚𑄴 𑄣𑄧𑄘𑄬 𑄥𑄖𑄴 𑄃𑄬𑄉𑄟𑄢𑄴 𑄉𑄧𑄢𑄨 𑄛𑄧𑄢𑄴𑄣𑄬 𑄜𑄧𑄣𑄴 𑄛𑄬𑄝𑄬।,Future
তার বাবা আবার কল -পুত জীবনটা সোজা না!,𑄖 𑄝𑄝𑄬 𑄃𑄢𑄧 𑄇𑄧𑄣𑄧 - 𑄛𑄪𑄖𑄴 𑄎𑄨𑄁𑄇𑄚𑄨𑄠𑄚𑄴 𑄃𑄪𑄎𑄪 𑄃𑄪𑄎𑄪 𑄚𑄧𑄠𑄴!,Present
"বো, বো",𑄝𑄬𑄋!,Present
জীবনে একটু ভুলও মানুষের জীবনে এনে দে,𑄎𑄨𑄁𑄇𑄚𑄨 𑄃𑄬𑄇𑄴𑄇𑄚𑄴 𑄞𑄪𑄣𑄴𑄠𑄮 𑄟𑄚𑄴𑄎𑄮𑄢𑄴 𑄎𑄨𑄁𑄇𑄚𑄨𑄢𑄬 𑄖𑄧𑄣𑄬 𑄉𑄧𑄢𑄨 𑄘𑄬।,Present
জুনু তার বাির কথা গুলো শুনে হতবাক হে থাকল,𑄎𑄪𑄚𑄪 𑄖 𑄝𑄝𑄧 𑄇𑄧𑄙𑄚𑄨 𑄥𑄪𑄚𑄨 𑄇𑄇𑄴𑄈𑄧𑄚𑄴 𑄃𑄧𑄣𑄧𑄢𑄴 𑄦𑄧𑄃𑄨 𑄝𑄮𑄃𑄨 𑄢𑄧𑄣𑄧।,Past
.মনে হ সে তার বাবাের কাছ থেকে এই কথাগুলো শুনে,𑄟𑄧𑄚𑄬 𑄟𑄧𑄚𑄬 𑄖𑄧𑄣𑄬𑄃𑄨 𑄌𑄬𑄣𑄧 - 𑄖 𑄝𑄝𑄬 𑄃𑄬 𑄇𑄧𑄙𑄚𑄨 𑄖𑄢𑄴 𑄎𑄨𑄁𑄇𑄚𑄨 𑄝𑄬𑄢𑄝𑄬𑄥𑄳𑄠 𑄖𑄨𑄙𑄬 𑄟𑄨𑄃𑄘 𑄛𑄨𑄃𑄨𑄠𑄳𑄠𑄬𑄖𑄴𑄖𑄪𑄚𑄴𑄠𑄮𑄃𑄨 𑄇𑄪𑄃𑄨𑄠𑄳𑄠𑄬।,Present
তার বাবা কথা গুলো কানে ছেঁা ছেঁা করে নিল,𑄖 𑄝𑄝𑄧 𑄇𑄧𑄙𑄚𑄨 𑄇𑄚𑄧𑄖𑄴 𑄍𑄧𑄣 𑄍𑄧𑄣 𑄉𑄧𑄢𑄨 𑄥𑄧𑄟𑄨𑄣𑄧 𑄃 𑄚𑄨𑄉𑄨𑄣𑄨𑄣𑄧।,Past
কেলাস নাইনের জুে চিহ্নিত ব্যক্তি হলো লাল,𑄇𑄬𑄣𑄥𑄴 𑄚𑄃𑄨𑄚𑄧𑄖𑄴 𑄎𑄪𑄚𑄪𑄣𑄮𑄃𑄨 𑄌𑄨𑄚𑄴𑄛𑄧𑄎𑄳𑄠 𑄦𑄧𑄣𑄧 𑄢𑄋𑄢𑄴।,Present
লাল যমের বই,𑄢𑄋 𑄡𑄧𑄟𑄧𑄥𑄧𑄟𑄧 𑄝𑄧𑄃𑄨 𑄛𑄧𑄖𑄴𑄖𑄧।,Present
না না শুধু হাত দিে আসি,𑄚 𑄚 𑄝𑄝𑄧𑄖𑄳𑄠𑄝𑄧𑄃𑄨 𑄃𑄟𑄨𑄎𑄬 𑄖 𑄦𑄘𑄧𑄖𑄴।,Present
জোনাকির মতো আমরাও না না কথা বলি,𑄎𑄪𑄚𑄪𑄣𑄮𑄃𑄨 𑄃𑄟𑄨𑄎𑄬𑄃𑄨 𑄚 𑄚 𑄇𑄧𑄙 𑄟𑄬𑄣𑄨 𑄙𑄧𑄢𑄨𑄘𑄧।,Present
জুনিেও কম না,𑄎𑄪𑄚𑄪𑄠𑄮 𑄇𑄧𑄟𑄴 𑄚𑄧𑄠𑄴।,Present
স্কুল বই ও সাথে অনেক ব বই পেছে,𑄃𑄨𑄌𑄴𑄇𑄪𑄣𑄧 𑄝𑄧𑄃𑄨 𑄃𑄮 𑄣𑄧𑄉𑄬 𑄚𑄚 𑄝𑄝𑄧𑄖𑄳𑄠 𑄝𑄧𑄃𑄨 𑄛𑄧𑄢 𑄙𑄧𑄢𑄴𑄣𑄧।,Present
.কোনখানে বেজে গেলে তার মাথা ফোঁা থাকে।,𑄇𑄧𑄚𑄧𑄇𑄴𑄈𑄚𑄧𑄖𑄴 𑄝𑄏𑄨𑄣𑄬 𑄖 𑄝𑄝𑄧𑄖𑄴𑄪𑄚𑄴 𑄛𑄪𑄏𑄢𑄴 𑄉𑄧𑄢𑄴𑄖𑄧।,Present
তার বািতে বুঝেই দো,𑄖 𑄝𑄝𑄬 𑄝𑄪𑄏𑄬𑄃𑄨 𑄘𑄨𑄘𑄧।,Present
.এই কেকটা ছেলে-মেয়েরা বই পে পে,𑄃 𑄇𑄧𑄙𑄧 - 𑄛𑄪𑄖𑄴 𑄃𑄨𑄌𑄴𑄇𑄪𑄣𑄧 𑄝𑄧𑄃𑄨𑄠𑄪𑄚𑄴 𑄛𑄧𑄢𑄨 𑄛𑄢𑄠𑄴 𑄝𑄢 𑄝𑄧𑄃𑄨 𑄛𑄧𑄢𑄨𑄌𑄴 ।,Present
ন বছর শেষ হেছে,𑄚𑄃𑄨𑄚𑄧𑄖𑄴 𑄝𑄧𑄏𑄧𑄢𑄴 𑄗𑄪𑄟𑄴 𑄦𑄧𑄝𑄢𑄴 𑄇𑄎𑄬𑄠𑄳𑄠𑄬।,Present
সে ছারটা গাছের নিচে বসে আছে,𑄥𑄬 𑄍𑄢𑄴𑄝𑄱 𑄉𑄏𑄧 𑄖𑄧𑄣𑄬 𑄎𑄧𑄙 𑄦𑄧𑄃𑄨 𑄝𑄮𑄃𑄨 𑄃𑄊𑄧𑄚𑄴 ।,Present
.ফসলের পানি ক্ষ হেছে,𑄜𑄨𑄖𑄴𑄖𑄨 𑄛𑄚𑄨 𑄃𑄧𑄣𑄧𑄢𑄴 𑄦𑄧𑄃𑄨 𑄎𑄧𑄟𑄨 𑄃𑄊𑄬।,Present
দূরে এদেশ থেকে পাহাি পাহাি,𑄘𑄪𑄢𑄮𑄖𑄴 𑄃𑄬𑄎𑄬𑄣 𑄍𑄬𑄢𑄬 𑄍𑄬𑄢𑄬 𑄦𑄌𑄴 𑄌𑄧𑄖𑄴𑄖𑄧𑄚𑄴।,Present
ঝগা ঝগা করে যা,𑄎𑄪𑄢𑄮 𑄝𑄳𑄦𑄧 𑄏𑄧𑄣𑄴𑄉 𑄏𑄧𑄣𑄴𑄉 𑄝𑄮𑄃𑄨 𑄡𑄢𑄴।,Present
"লাল কল - মাছের জীবন, সম এই বিলের পানি ভালো না","𑄢𑄋 𑄇𑄧𑄣𑄧 - 𑄟𑄚𑄴𑄎𑄮𑄢𑄴 𑄎𑄨𑄁𑄇𑄚𑄨, 𑄥𑄧𑄟𑄌𑄴 𑄃𑄬 𑄜𑄨𑄖𑄴𑄖𑄨𑄝𑄱 𑄛𑄚𑄨 𑄥𑄚𑄴 𑄚𑄧𑄠𑄴!",Present
জোনাকির কল কি?,𑄎𑄪𑄚𑄪 𑄇𑄧𑄣𑄧 - 𑄇𑄨𑄠?,Present
"এগুলো পানিতে থাকা মানে সেই সম, জাগা জুে থাকা এক","𑄃𑄨𑄠𑄚𑄨 𑄜𑄨𑄖𑄴𑄖𑄨 𑄛𑄚𑄨𑄥𑄚𑄴 𑄗𑄚 𑄟𑄚𑄬 𑄥𑄬 𑄥𑄧𑄟𑄌𑄴, 𑄎𑄖𑄴 𑄎𑄟𑄴𑄝𑄪𑄘𑄨 𑄗𑄚 𑄃𑄬𑄇𑄴।",Present
এখন তার কোনো ভালো হতে পারে না,𑄥𑄬𑄇𑄴𑄇𑄬 𑄖𑄢𑄴 𑄇𑄧𑄚𑄧 𑄞𑄣𑄬𑄖𑄴 𑄦𑄧𑄃𑄨 𑄚𑄧 𑄛𑄢𑄬।,Present
জুনিে কল দিলে তাকে কি করতে হ?,𑄎𑄪𑄚𑄪 𑄇𑄧𑄣𑄧 𑄖𑄳𑄠𑄬 𑄖𑄢𑄬 𑄇𑄨 𑄉𑄧𑄢 𑄛𑄧𑄢𑄬?,Present
নাটক করতে হ,𑄣𑄢𑄌𑄢 𑄉𑄧𑄢 𑄛𑄧𑄢𑄬 ।,Present
. মানুষের কাজ করতে হলে তাকে আগে থেকে নিে যেতে হ,𑄟𑄚𑄬 𑄇𑄟𑄴 𑄉𑄧𑄢𑄨𑄚𑄬 𑄖𑄢𑄬 𑄃𑄇𑄴𑄇𑄮𑄃𑄨 𑄚𑄬𑄎 𑄛𑄧𑄢𑄬।,Present
তারা জোপ দিলে আমরাও কি পারবো?,𑄖𑄢 𑄎𑄮𑄛𑄴 𑄘𑄨𑄣𑄬 𑄎𑄪𑄚𑄪 𑄇𑄧𑄣𑄧 𑄃𑄟𑄨𑄠𑄮 𑄇𑄨 𑄛𑄢𑄨𑄝𑄧𑄁?,Future
এক সাথে গিে উঠতে হবে,𑄃𑄬𑄇𑄴 𑄥𑄧𑄖𑄴 𑄉𑄬𑄘 𑄛𑄢𑄨𑄝𑄧𑄁।,Future
.সে খালি হাতে কাজ করবে - লাল জোপ দিল,𑄥𑄬𑄖𑄳𑄠 𑄈𑄣𑄨𑄇𑄴 𑄃𑄬𑄇𑄴 𑄎𑄧𑄙 𑄦𑄧𑄃𑄨 𑄇𑄟𑄴 𑄉𑄧𑄢 𑄛𑄧𑄢𑄨𑄝𑄧 - 𑄢𑄋 𑄎𑄮𑄛𑄴 𑄘𑄨𑄣𑄧।,Future
সূর্য অস্ত যাচ্ছে মনে হ,𑄎𑄪𑄚𑄪 𑄃𑄧𑄣𑄧𑄢𑄴 𑄦𑄮𑄃𑄨 𑄇𑄇𑄴𑄈𑄧𑄚𑄴 𑄟𑄧𑄚𑄬 𑄟𑄧𑄚𑄬 𑄢𑄨𑄚𑄨 𑄌𑄬𑄣𑄧।,Present
হ তো লাল কথা,𑄦𑄧𑄠𑄴 𑄘𑄧 𑄢𑄋 𑄇𑄧𑄙𑄠𑄚𑄴।,Present
খালি পেটে কাজ করলে হবে না,𑄈𑄣𑄨𑄇𑄴 𑄡𑄳𑄠𑄬𑄚𑄴𑄖𑄳𑄠𑄬𑄚𑄴 𑄉𑄧𑄢𑄨 𑄇𑄟𑄴 𑄉𑄧𑄣𑄴𑄣𑄬 𑄘𑄧 𑄚𑄧 𑄦𑄧𑄝𑄧।,Future
. বুদ্ধি না থাকলে কোনো কাজ সহজে করা যা না,𑄉𑄳𑄠𑄚𑄴 𑄝𑄪𑄘𑄴𑄙𑄨 𑄚𑄧 𑄗𑄬𑄣𑄬 𑄇𑄧𑄚𑄧 𑄇𑄟𑄴 𑄃𑄇𑄴𑄇𑄮𑄃𑄨 𑄚𑄬𑄎 𑄚𑄧 𑄡𑄬𑄠𑄴।,Present
.অনেক চিন্তা করতে করতে একটা মাছ পানিতে পে গেল,𑄃𑄳𑄠𑄬𑄚𑄴 𑄞𑄝𑄧𑄘𑄬 𑄞𑄝𑄧𑄘𑄬 𑄃𑄬𑄇𑄴 𑄟𑄢𑄋 𑄘𑄪𑄝𑄴 𑄉𑄧𑄢𑄨 𑄛𑄚𑄨𑄖𑄴 𑄛𑄧𑄢𑄨 𑄟𑄌𑄴 𑄒𑄪𑄘𑄮𑄖𑄴 𑄉𑄧𑄢𑄨 𑄉𑄏𑄧𑄖𑄴 𑄃𑄪𑄙𑄨𑄣𑄧𑄉𑄮𑄃𑄨।,Past
জোনাকির মাথা না নাচিে আসে,𑄎𑄪𑄚𑄪 𑄟𑄙𑄖𑄴 𑄚 𑄚 𑄌𑄨𑄙 𑄃𑄬𑄎𑄬𑄢𑄴।,Present
খালিক কি গরিব ভাবতে পারে না,𑄈𑄣𑄨𑄇𑄴 𑄇𑄨 𑄉𑄧𑄢𑄨𑄝𑄧 𑄞𑄝𑄨 𑄚𑄧 𑄛𑄢𑄴 ।,Present
সে মানুষরা যেন মাঠে দুই ভাগ করে কাজ করলে শেষ করতে পারে,𑄖𑄬 𑄞𑄝𑄬𑄢𑄴 𑄟𑄢𑄋𑄝𑄮 𑄡𑄬𑄚𑄬 𑄟𑄳𑄦𑄬𑄖𑄴 𑄘𑄨𑄘𑄧 𑄌𑄢𑄴 𑄃𑄬𑄇𑄴 𑄟𑄮𑄇𑄳𑄠 𑄦𑄮𑄃𑄨 𑄇𑄟𑄴 𑄉𑄧𑄢𑄴𑄣𑄬 𑄙𑄪𑄎𑄨 𑄗𑄪𑄟𑄴 𑄉𑄧𑄢𑄨 𑄛𑄢𑄬।,Present
কেলাসে উঠার সম বেগের লেখা পলো,𑄇𑄬𑄣𑄥𑄴 𑄑𑄬𑄚𑄧𑄖𑄴 𑄃𑄪𑄙𑄨𑄣𑄬 𑄝𑄬𑄉𑄧𑄢𑄴 𑄣𑄬𑄊𑄛𑄧𑄢 𑄙𑄪𑄝𑄧𑄙𑄪𑄝𑄨 𑄛𑄧𑄣𑄴𑄣𑄧।,Present
শুধু ধোঁাধুি না দুই জন,𑄝𑄚 𑄙𑄪𑄝𑄧𑄙𑄪𑄝𑄨 𑄚𑄧𑄠𑄴 𑄘𑄨 𑄎𑄧𑄚𑄧𑄢𑄴।,Present
লাল রঙের জুনিে তাদের চিটিংবাজ আরেক কেত,𑄢𑄋𑄣𑄮𑄃𑄨 𑄎𑄪𑄚𑄪 𑄖𑄢 𑄌𑄨𑄙 𑄌𑄧𑄌𑄴𑄎 𑄃𑄢𑄬𑄇𑄴 𑄇𑄬𑄃𑄨𑄖𑄴।,Present
দুই জন মুখের ফেনা দিে নানা ধরনের বিাল নিে যাচ্ছে,𑄘𑄨 𑄎𑄧𑄚𑄧𑄢𑄴 𑄟𑄪 𑄜𑄬𑄚𑄜𑄬𑄚𑄨 𑄦𑄧𑄢𑄴 𑄚𑄚𑄚𑄴 𑄝𑄝𑄧𑄖𑄳𑄠 𑄝𑄨𑄥𑄧𑄠𑄴 𑄚𑄨𑄚𑄬।,Present
তাদের সাথে আর ব ছেলে ছাা,𑄖𑄢 𑄣𑄧𑄉𑄬 𑄃𑄢𑄧 𑄝𑄢 𑄛𑄱 𑄍।,Present
.কনানের জাগা অনেক ব ব বিচি আছে।,𑄇𑄧𑄚𑄧𑄇𑄴𑄈𑄚𑄴 𑄎𑄉𑄖𑄴 𑄉𑄪𑄣𑄜 𑄉𑄧𑄢𑄨 𑄝𑄧𑄘𑄇𑄴 𑄃 𑄚𑄚 𑄝𑄝𑄧𑄖𑄳𑄠 𑄝𑄨𑄥𑄧𑄠𑄴 𑄚𑄨𑄚𑄬 𑄟𑄪 𑄜𑄬𑄚𑄜𑄬𑄚𑄨 𑄦𑄧𑄘𑄧।,Present
গালা গালা সমাজও যোগ দিচ্ছে,𑄉𑄣 𑄉𑄣 𑄥𑄧𑄟𑄎𑄳𑄠𑄠𑄪𑄚𑄬𑄠𑄮 𑄜𑄉𑄧𑄖𑄴 𑄥𑄧𑄟𑄨𑄘𑄇𑄴।,Present
দিন দিন তারা জতা করতেছে,𑄘𑄨𑄚𑄴 𑄘𑄨𑄚𑄴 𑄖𑄢 𑄎𑄧𑄙 𑄝𑄖𑄴𑄖𑄧𑄚𑄴 𑄃 𑄝𑄖𑄴𑄖𑄧𑄚𑄴।,Present
.জুনু আ লালকে অনেক ব করে দাঁিে ধরলো।,𑄎𑄪𑄚𑄪 𑄃 𑄢𑄋𑄢𑄬 𑄝𑄬𑄉𑄬 𑄚𑄬𑄖𑄎𑄨 𑄉𑄧𑄢𑄨 𑄓𑄉 𑄙𑄧𑄢𑄴𑄣𑄇𑄴।,Past
এক জনকে ডাগা ডাঙিে আর অন্যজনকে ছিঁে নেে আছে,𑄃𑄬𑄇𑄴 𑄎𑄧𑄚𑄧𑄢𑄬 𑄓𑄉𑄨𑄘𑄇𑄴 𑄓𑄋𑄧𑄢𑄴 𑄚𑄬𑄖𑄎𑄨 𑄃𑄢𑄧 𑄃𑄬𑄇𑄴 𑄎𑄧𑄚𑄧𑄢𑄬 𑄍𑄨𑄉𑄮𑄚𑄴 𑄚𑄬𑄖𑄎𑄨।,Present
এত করে দিন করে যা,𑄃𑄬𑄎𑄚𑄴 𑄉𑄧𑄢𑄨 𑄘𑄨𑄚𑄴 𑄉𑄧𑄋𑄨 𑄡 𑄙𑄧𑄢𑄴𑄣𑄧।,Present
ফাকিঁ মাছ বিে যা,𑄜𑄉𑄮𑄚𑄴 𑄟𑄌𑄴 𑄝𑄨𑄘𑄨 𑄡𑄬𑄘𑄧𑄉𑄮𑄃𑄨 𑄇𑄎𑄬𑄃𑄨𑄠𑄳𑄠𑄬।,Present
.সরঞ্জাম কাটার সম সামিক মালপত্র আনা হেছে।,𑄥𑄧𑄚 𑄇𑄬𑄣𑄎𑄧𑄖𑄴 𑄥𑄟𑄴𑄝𑄘𑄴 𑄃𑄚𑄨𑄣𑄧 𑄃𑄬𑄎𑄬𑄖𑄳𑄠𑄬 𑄇𑄬𑄣𑄳𑄠 𑄃𑄉𑄢𑄬𑄘𑄨 𑄉𑄢𑄨𑄑𑄚 𑄃𑄊𑄬।,Present
যত ব হবে,𑄡𑄧𑄘𑄧𑄝𑄧𑄘𑄬 𑄃𑄪𑄌𑄴𑄱 𑄦𑄧𑄝𑄧।,Future
দ্রুত লাফিে উঠল,𑄝𑄬𑄉𑄬 𑄜𑄣𑄴𑄣𑄬 𑄃𑄪𑄙𑄨𑄣𑄇𑄴 ।,Past
তেমাং সুল্লুক হলো সবার ছোট করে আসবে,𑄖𑄬𑄟𑄴𑄟𑄁 𑄥𑄪𑄣𑄴𑄣𑄪𑄇𑄴 𑄦𑄧𑄣𑄧 𑄎𑄧𑄙 𑄉𑄧𑄢𑄨 𑄃𑄇𑄴𑄇𑄮𑄃𑄨 𑄡𑄬𑄝𑄇𑄴 ।,Future
কোথা আসলাম,𑄇𑄪𑄙𑄪 𑄃𑄨𑄌𑄴𑄇𑄪𑄣𑄴 !,Past
সিঁা স্কুলে খালি,𑄥𑄨𑄚𑄳𑄠 𑄃𑄨𑄌𑄴𑄇𑄪𑄣𑄴 𑄇𑄧𑄣𑄬 𑄈𑄣𑄨।,Present
জোর করে সব গাি নিে যাওা,𑄎𑄧𑄙 𑄎𑄧𑄙 𑄉𑄧𑄢𑄨 𑄝𑄬𑄇𑄴 𑄉𑄢𑄨𑄑𑄚 𑄟𑄧𑄇𑄳𑄠 𑄣𑄧𑄢𑄴।,Present
এক জাতী বুনো ফল,𑄓𑄋𑄧𑄢𑄴 𑄌𑄧𑄢𑄴 𑄞𑄪𑄪𑄃𑄨।,Present
মাছ ধরার চাঁই,𑄟𑄚𑄴𑄎𑄮𑄢𑄴 𑄉𑄬𑄚𑄴𑄎𑄉𑄬𑄚𑄴𑄎𑄨।,Present
.কে কি স্রোতের উজানে উঠছে,𑄇𑄧𑄚𑄬 𑄇𑄨 𑄉𑄧𑄖𑄴𑄖𑄧𑄚𑄴 𑄃𑄪𑄘𑄨𑄌𑄴 𑄚𑄬𑄃𑄨 ।,Present
সূর্য একটু হেলে গেলে দাউ দাউ করে ঝিমিে থাকে,𑄝𑄬𑄣𑄚𑄴 𑄃𑄬𑄇𑄴𑄇 𑄦𑄣𑄬𑄣𑄬 𑄙𑄪𑄢𑄪𑄁 𑄙𑄪𑄢𑄪𑄁 𑄔𑄪𑄣𑄴 𑄝𑄏𑄬𑄢𑄴।,Present
মাছ ধরার চাঁই,𑄟𑄚𑄴𑄎𑄮𑄢𑄴 𑄖𑄟𑄴𑄎।,Present
"নাকটা,হাওা,গাের দা ভেদ করে যাচ্ছে","𑄚𑄏𑄧𑄘𑄧𑄚𑄴, 𑄦𑄏𑄧𑄘𑄧𑄚𑄴, 𑄉 𑄘𑄧𑄚𑄴 𑄞𑄬𑄘𑄬𑄢𑄴 𑄥𑄬𑄘𑄬𑄢𑄴।",Present
হাজার হাজার মানুষের মধ্যে কে কোথা খবর পাবে কে জানে,𑄦𑄎𑄢𑄴 𑄦𑄎𑄢𑄴 𑄟𑄚𑄴𑄎𑄮𑄢𑄴 𑄞𑄨𑄘𑄨𑄢𑄬 𑄇𑄧𑄚𑄬 𑄇𑄪𑄙𑄪 𑄈𑄧𑄝𑄧𑄢𑄴 𑄛𑄬𑄝𑄢𑄴 𑄎𑄪 𑄚𑄬𑄃𑄨 ।,Future
জুনিে দশ জন লোক গাছের নিচে বসে আছে,𑄎𑄪𑄚𑄪𑄘𑄊𑄨 𑄘𑄧𑄥𑄴 𑄛𑄧𑄚𑄧𑄢𑄴 𑄎𑄧𑄚𑄴 𑄛𑄧𑄏𑄨𑄟𑄴 𑄇𑄮𑄚𑄖𑄴 𑄉𑄏𑄧 𑄍𑄝 𑄖𑄧𑄣𑄬 𑄝𑄮𑄃𑄨 𑄃𑄊𑄧𑄚𑄴 𑄃 𑄌𑄬𑄃𑄨 𑄃𑄊𑄧𑄚𑄴 ।,Present
ব ব রোদ বৃষ্টি,𑄘𑄁𑄘𑄋𑄳𑄠 𑄢𑄮𑄖𑄴 𑄛𑄚𑄨 𑄖𑄨𑄢𑄌𑄴 ।,Present
.তার বোর চোখ গুলো গািে পে,𑄖𑄮 𑄝𑄬𑄉𑄧𑄢𑄴 𑄌𑄮𑄇𑄴 𑄉𑄢𑄨𑄠𑄚𑄧 𑄟𑄧𑄇𑄳𑄠।,Present
রং কাটসে সজ্জিত গািে লম্বা খোঁপা বেঁধে দিচ্ছে,𑄢𑄧𑄋𑄴 𑄇𑄝𑄮𑄌𑄴𑄥𑄮𑄃𑄨 𑄥𑄎𑄬𑄠𑄳𑄠𑄬 𑄉𑄢𑄨𑄠𑄚𑄧𑄖𑄴 𑄣𑄟𑄴𑄝 𑄇𑄎𑄨 𑄎𑄧𑄢 𑄘𑄬𑄘𑄧𑄚𑄴।,Present
এক জাতী বুনো ফল,𑄃𑄪𑄖𑄴𑄖𑄧𑄢𑄴 𑄟𑄧𑄇𑄳𑄠 𑄉𑄧𑄢𑄨 𑄢𑄪𑄞𑄧 𑄇𑄪𑄢𑄴।,Present
তার পাশে মরা মানুষটাকে শুেছে,𑄖 𑄘𑄧𑄊𑄨𑄚𑄬 𑄟𑄧𑄢𑄝𑄮𑄢𑄬 𑄥𑄎𑄬𑄃𑄨𑄚𑄬 𑄗𑄪𑄠𑄮𑄚𑄴।,Present
এক জাতী মানুষ,𑄌𑄬𑄢𑄮 𑄇𑄬𑄃𑄨𑄖𑄴 𑄟𑄚𑄪𑄌𑄴 𑄃 𑄟𑄚𑄪𑄌𑄴।,Present
লাল কেকটা জুনু ভাই - পানির পিপাসা মিটে গেল,𑄢𑄋 𑄇𑄧𑄠𑄴𑄘𑄬 𑄎𑄪𑄚𑄪 𑄞𑄬𑄃𑄨 - 𑄛𑄚𑄨 𑄖𑄨𑄢𑄏𑄬 𑄟𑄧𑄢𑄨 𑄉𑄬𑄣𑄪𑄁!,Past
জুনু-যেই ঝগা খেে,𑄎𑄪𑄚𑄪 - 𑄡𑄬𑄃𑄨 𑄡𑄬𑄃𑄨 𑄇𑄪𑄌𑄳𑄠𑄣𑄴 𑄈𑄬𑄃𑄨 𑄠𑄨।,Present
কাঁকার থেকে ঝগা কিনে এনে ভালো করে খা,𑄇𑄃𑄨𑄇𑄪𑄢𑄬𑄖𑄴𑄖𑄪𑄚𑄴 𑄇𑄪𑄌𑄳𑄠𑄣𑄴 𑄇𑄨𑄚𑄨 𑄃𑄚𑄨 𑄝𑄬𑄉𑄬 𑄈 𑄙𑄧𑄢𑄴𑄣𑄇𑄴।,Present
.খাওাটা দেখতেছি,𑄈𑄘𑄧𑄚𑄴 𑄃 𑄌𑄬𑄃𑄨 𑄃𑄊𑄧𑄚𑄴।,Present
.মাকা নাামাা চলতেছে,𑄟𑄮𑄇𑄳𑄠 𑄚𑄬𑄃𑄨𑄟𑄮𑄇𑄳𑄠 𑄑𑄚𑄑𑄚𑄨 𑄌𑄧𑄣𑄨𑄣𑄧 𑄇𑄇𑄴𑄈𑄧𑄚𑄴।,Present
.ন্যাকামোটা কিছুক্ষণ পর ভে ভে মেেদের ধরে বল দিল,𑄚𑄬𑄃𑄨𑄟𑄮𑄇𑄳𑄠 𑄡𑄬𑄇𑄴𑄇𑄬 𑄥𑄬𑄎𑄬𑄢 𑄈𑄘𑄧𑄚𑄴 𑄘𑄧𑄢𑄨𑄚𑄨𑄖𑄴 𑄏𑄇𑄴 𑄏𑄇𑄴 𑄟𑄨𑄣𑄬𑄘𑄧𑄣 𑄙𑄧𑄢𑄨 𑄝𑄧𑄣𑄴 𑄘𑄨𑄣𑄇𑄴।,Past
মেেটি একটি দড়ি নিে গেলে উপর থেকে গাি টেনে নিে আসলো,𑄟𑄮𑄇𑄳𑄠𑄚𑄴𑄘𑄨 𑄃𑄬𑄇𑄴𑄇𑄚𑄴 𑄘𑄧𑄢𑄨 𑄍𑄨𑄚𑄨 𑄉𑄬𑄣𑄬 𑄃𑄪𑄢𑄴𑄃𑄪𑄢𑄬𑄃𑄨 𑄉𑄢𑄨 𑄑𑄚𑄨 𑄃𑄚𑄨𑄣𑄇𑄴।,Past
.মেেটা একটু চুপ হে আছে,𑄟𑄮𑄇𑄳𑄠𑄠𑄪𑄚𑄬 𑄃𑄬𑄇𑄴𑄇 𑄌𑄪𑄙 𑄟𑄪 𑄦𑄧𑄣𑄇𑄴।,Present
.ন্যাকামো করে লাফিে লাফিে উঁচু হেছে,𑄚𑄬𑄃𑄨𑄟𑄮𑄇𑄳𑄠 𑄜𑄣𑄴𑄣𑄬𑄃𑄨 𑄜𑄣𑄴𑄣𑄬𑄃𑄨 𑄃𑄪𑄌𑄴𑄌𑄮 𑄉𑄧𑄖𑄴𑄖𑄧𑄚𑄴 𑄃 𑄎𑄧𑄉𑄢𑄴 𑄛𑄖𑄴𑄖𑄧𑄚𑄴।,Present
একদল মেে-এক দল আছে!,𑄃𑄬𑄇𑄴𑄘𑄊𑄨 𑄟𑄨𑄣𑄬𑄃𑄨 𑄇𑄧𑄙𑄧𑄚𑄴 - 𑄥𑄬𑄘𑄟𑄴 𑄃𑄊𑄬𑄚𑄨!,Present
আমরা না হলে জাগা,𑄃𑄟𑄨 𑄚𑄧 𑄦𑄧𑄣𑄬 𑄎𑄨𑄚𑄨𑄘!,Present
একগুঁে হে হাঁটছে,𑄃𑄬𑄇𑄴𑄘𑄊𑄨𑄠𑄬 𑄦𑄮𑄃𑄨 𑄦𑄮𑄃𑄨 𑄉𑄧𑄢𑄨 𑄦𑄏𑄧𑄘𑄧𑄚𑄴।,Present
তার পরে টানাটানি হলো - মেে ছেলে,𑄖 𑄎𑄬𑄢𑄬 𑄑𑄚𑄑𑄚𑄨 𑄦𑄧𑄣𑄧 - 𑄟𑄨𑄣𑄬 𑄟𑄧𑄢𑄧𑄘𑄴।,Past
কোথা মেে,𑄇𑄪𑄙𑄪 𑄟𑄨𑄣𑄬!,Present
লাফিে লাফিে ছেলেটা যে মেেটাকে শক্তি দিল,𑄏𑄉𑄬 𑄏𑄉𑄬 𑄟𑄧𑄢𑄧𑄖𑄴 𑄡𑄬𑄃𑄨 𑄟𑄨𑄣𑄬𑄠𑄪𑄚𑄧𑄢𑄬 𑄝𑄧𑄣𑄴 𑄘𑄨𑄣𑄇𑄴।,Past
পুরুষ শুকরের খেলা,𑄟𑄧𑄢𑄧𑄖𑄴𑄪𑄚𑄴 𑄥𑄬𑄎𑄬𑄢 𑄈𑄬𑄣𑄇𑄴।,Present
মেেরা মিলে গেলে লাফিে ধরা হ,𑄟𑄨𑄣𑄬𑄠𑄪𑄚𑄬 𑄎𑄨𑄚𑄨𑄣𑄬 𑄜𑄣𑄴𑄣𑄬 𑄙𑄧𑄢𑄴𑄣𑄇𑄴 𑄇𑄇𑄴𑄈𑄧𑄚𑄴।,Present
এক কথার কথা - এটা হবে না,𑄃𑄬𑄇𑄴𑄘𑄊𑄨𑄠𑄳𑄠𑄬 𑄇𑄧𑄙𑄧𑄚𑄴 - 𑄃𑄨𑄠𑄚𑄴 𑄚𑄧 𑄦𑄧𑄝𑄧।,Future
মেেটাকে বল দাও তো!,𑄟𑄨𑄣𑄬𑄠𑄪𑄚𑄧𑄢𑄬 𑄝𑄧𑄣𑄴 𑄘𑄮𑄚𑄴 𑄇𑄬𑄃𑄨!,Present
.না হলে গেলাম না!,𑄚𑄧 𑄦𑄧𑄣𑄬 𑄎𑄨𑄘𑄨𑄣𑄧𑄁𑄠𑄪𑄚𑄴!,Past
এত ব টানাটানি চলতেছে আর ঢোল বাজছে,𑄃𑄬𑄎𑄚𑄴𑄉𑄧𑄢𑄨 𑄑𑄚𑄑𑄚𑄨 𑄌𑄧𑄣𑄬𑄢𑄴 𑄃 𑄙𑄪𑄣𑄴 𑄝𑄎𑄬𑄢𑄴 ।,Present
মাটিটা শক্ত হেছে,𑄟𑄚𑄴𑄎𑄮𑄢𑄴 𑄖𑄟𑄴𑄎 𑄃 𑄇𑄋𑄬𑄣𑄴𑄠𑄬𑄖𑄴𑄚 𑄢𑄧।,Present
.আগে থেকে ব ব করে শোনা যা এমন আছে,𑄃𑄘𑄬𑄇𑄳𑄠𑄉𑄧𑄢𑄨 𑄝𑄧𑄢𑄴 𑄝𑄧𑄢𑄴 𑄢𑄧 𑄉𑄧𑄢𑄨 𑄥𑄪𑄚 𑄡𑄢𑄴 𑄃𑄨𑄇𑄴𑄇𑄪𑄚𑄪 𑄖𑄧𑄣𑄧𑄇𑄪𑄣𑄳𑄠 𑄃 𑄃𑄉𑄬𑄢𑄬𑄇𑄪𑄣𑄳𑄠।,Present
কেকটা হে না হে অনেক মানুষ গািে এত ভ করে ধরছে,𑄇𑄧𑄚 𑄦𑄧𑄘𑄬 𑄚𑄧 𑄦𑄧𑄘𑄬 𑄥𑄧𑄖𑄴 𑄥𑄧𑄖𑄴 𑄟𑄚𑄪𑄌𑄴 𑄉𑄢𑄨𑄢𑄴 𑄇𑄎𑄨𑄖𑄴 𑄡𑄬𑄃𑄨 𑄘𑄧𑄢𑄧 𑄉𑄧𑄢𑄨 𑄙𑄧𑄢 𑄙𑄧𑄎𑄳𑄠𑄧𑄚𑄴।,Present
.যাওা যা এমন কা বানাতে হ,𑄡 𑄡 𑄇𑄬𑄃𑄨𑄖𑄳𑄠 𑄑𑄚𑄨𑄝𑄢𑄴 𑄎𑄪𑄉𑄮𑄣𑄧𑄘𑄧𑄚𑄴।,Present
জোনাকির আলো ফোটার শব্দ,𑄎𑄪𑄚𑄪𑄘𑄊𑄨 𑄃𑄘𑄬𑄇𑄳𑄠𑄉𑄧𑄢𑄨 𑄥𑄪𑄚𑄧𑄚𑄴 𑄙𑄬𑄙।,Present
উপরের দিকে রিলোডের শব্দ করে মাটিতে পে গেল,𑄃𑄪𑄉𑄪𑄢𑄬𑄚𑄴𑄘𑄨 𑄢𑄨𑄚𑄨 𑄌𑄬𑄃𑄨𑄚𑄬 𑄘𑄬𑄊 𑄉𑄬𑄣𑄧 𑄥𑄧𑄖𑄴 𑄥𑄧𑄖𑄴 𑄃𑄨𑄘𑄬 𑄘𑄧𑄣 𑄃𑄉𑄏𑄧𑄖𑄴 𑄃𑄪𑄢𑄨 𑄃𑄪𑄢𑄨 𑄟𑄘𑄨𑄖𑄴 𑄛𑄧𑄖𑄴𑄖𑄧𑄚𑄴।,Past
মানুষ যে যেদিকে পারে হেঁটে যাচ্ছে,𑄟𑄚𑄪𑄌𑄴 𑄡𑄬 𑄡𑄨𑄚𑄴𑄘𑄨 𑄛𑄢𑄬 𑄙𑄬𑄃𑄨 𑄡𑄘𑄧𑄚𑄴।,Present
মা,𑄟𑄳𑄦!,Present
.এটা কি হলো,𑄃 𑄃𑄨𑄠𑄚𑄴 𑄇𑄨 𑄦𑄧𑄣𑄧।,Past
গািটা তো মেলামেলি,𑄉𑄢𑄨𑄑𑄚 𑄘𑄧 𑄚𑄧𑄠𑄴 𑄃𑄨𑄙𑄬 𑄟𑄬𑄣𑄟𑄬𑄣𑄨 ।,Present
"দুই এক জন লোক একসাথে কথা বলছে, মাথা ফাটা","𑄘𑄨 𑄃𑄬𑄇𑄴 𑄎𑄧𑄚𑄧𑄢𑄴 𑄃𑄨𑄘𑄬 𑄣𑄊𑄨 𑄇𑄧𑄝𑄣𑄴, 𑄥𑄨𑄢𑄬 𑄜𑄘𑄨𑄣𑄧।",Present
দুইজন মাথা ফাটার শব্দ করতেছে,𑄘𑄨 𑄃𑄬𑄇𑄴𑄎𑄧𑄚𑄴 𑄟𑄙 𑄜𑄘𑄨 𑄢𑄮𑄋𑄧𑄚𑄨 𑄦𑄧𑄃𑄨 𑄇𑄚𑄧𑄘𑄧𑄚𑄴।,Present
কত ব মেলাও শান্তি পাওা যা না,𑄇𑄨𑄖𑄳𑄠 𑄃𑄨𑄘𑄬 𑄟𑄬𑄣𑄟𑄬𑄣𑄨 𑄇𑄨𑄠𑄧𑄃𑄨 𑄉𑄧𑄟𑄬 𑄟𑄳𑄦𑄬𑄖𑄴 𑄚𑄧 𑄛𑄚𑄴।,Present
সব মানুষ এখন বািে যা,𑄝𑄬𑄇𑄴 𑄟𑄚𑄪𑄌𑄴 𑄥𑄬𑄇𑄴𑄇𑄬 𑄊𑄧𑄢𑄴 𑄟𑄧𑄇𑄳𑄠 𑄣𑄧𑄢𑄴 𑄘𑄮𑄚𑄴।,Present
কোথা আর গাড়ি চালানো,𑄇𑄪𑄙𑄪 𑄃𑄢𑄴 𑄉𑄢𑄨𑄑𑄚 !,Present
সেখানে শেষ,𑄥𑄨𑄠𑄮𑄖𑄴 𑄗𑄪𑄟𑄴।,Past
লাল রঙের জুনু তাাতাি তাদের গ্রামের মানুষরা ঠিক নেই,𑄢𑄋𑄣𑄮𑄃𑄨 𑄎𑄪𑄚𑄪 𑄖𑄮𑄉𑄬𑄃𑄨 𑄌𑄚𑄴𑄘𑄬 𑄖𑄢 𑄥𑄧𑄟𑄎𑄳𑄠𑄠𑄪𑄚𑄴 𑄇𑄧𑄚𑄬 𑄇𑄪𑄚𑄴𑄘𑄨 𑄟𑄪𑄢𑄴𑄉𑄪𑄥𑄳𑄠 𑄒𑄨𑄇𑄴 𑄚𑄬𑄃𑄨।,Present
যাদের যাদের পেলাম তাদের বািটা বের করে দিল,𑄡𑄢𑄢𑄬 𑄡𑄢𑄢𑄬 𑄛𑄬𑄣𑄇𑄴 𑄖𑄢𑄣𑄮𑄃𑄨 𑄊𑄧𑄢𑄴𑄟𑄧𑄇𑄳𑄠 𑄣𑄧𑄢𑄴 𑄘𑄨𑄣𑄇𑄴।,Past
লাল আাআি কল-সমাজে সভ্য না থাকলে এই হাল হ,𑄢𑄋 𑄃𑄬𑄖𑄴𑄖𑄬 𑄃𑄬𑄖𑄴𑄖𑄬 𑄇𑄧𑄣𑄧 - 𑄥𑄧𑄟𑄎𑄧𑄖𑄴 𑄚𑄬𑄖𑄴𑄖𑄳𑄢𑄨𑄖𑄧 𑄚𑄧 𑄗𑄬𑄣𑄬 𑄃𑄬 𑄦𑄣𑄴 𑄦𑄧𑄠𑄴।,Present
"কোন জাগা নিে যাওা,সুঁচালো না হলে আসা যা","𑄇𑄧𑄚𑄧 𑄎𑄉𑄖𑄴 𑄚𑄨𑄖𑄨, 𑄥𑄪𑄘𑄮𑄟𑄴 𑄟𑄚𑄟𑄚𑄨 𑄚𑄧 𑄦𑄧𑄣𑄬 𑄃𑄬𑄎𑄚𑄴 𑄦𑄧𑄠𑄴।",Present
জুনিে কি কথা বলতে পারে না,𑄎𑄪𑄚𑄪 𑄇𑄨 𑄇𑄧𑄙 𑄇𑄧𑄝𑄧 𑄖𑄮𑄉𑄬𑄃𑄨 𑄚𑄧 𑄛𑄢𑄴।,Present
"ক্ষুধা লেগেছে, পানি সহ্য করতে পারতেছি না","𑄛𑄬𑄖𑄴 𑄛𑄧𑄢𑄠𑄴, 𑄛𑄚𑄨 𑄖𑄏𑄬 𑄦𑄘𑄨 𑄚𑄧 𑄛𑄢𑄨𑄝𑄢𑄴 𑄘𑄧𑄏।",Present
জুনিে মনে পে মেে পেল,𑄎𑄪𑄚𑄪 𑄟𑄧𑄚𑄬 𑄟𑄧𑄚𑄬 𑄢𑄨𑄚𑄨 𑄌𑄬𑄃𑄨 𑄟𑄳𑄦𑄬𑄖𑄴 𑄛𑄬𑄣𑄧।,Past
আমাদের জাতিটা সবসম চলে,𑄃𑄟 𑄎𑄖𑄴𑄱 𑄝𑄬𑄥𑄪𑄘𑄧𑄟𑄬 𑄌𑄧𑄣𑄧𑄘𑄬 𑄡𑄧𑄘𑄧𑄝𑄧𑄘𑄬 𑄃𑄇𑄳𑄠𑄁।,Present
আমার কাছে মিষ্টি আছে!,𑄃𑄟𑄢𑄴 𑄇𑄪𑄝𑄮𑄖𑄴 𑄥𑄪𑄘𑄮𑄟𑄴 𑄃𑄊𑄬!,Present
আমার কোথাও শান্তি নেই,𑄃𑄟𑄢𑄴 𑄇𑄪𑄝𑄮𑄖𑄴 𑄥𑄪𑄘𑄮𑄟𑄴 𑄟𑄚 𑄦𑄧𑄠𑄴।,Present
.নিচে দেখলে সহ্য করা যা না,𑄢𑄨𑄚𑄨 𑄌𑄬𑄣𑄬 𑄖𑄮𑄉𑄬 𑄛 𑄚𑄧 𑄡𑄠𑄴।,Present
নিে যাওা ভালো না থাকলে কোথা থেকে আসবে,"𑄚𑄨𑄖𑄨, 𑄥𑄪𑄘𑄮𑄟𑄴 𑄚𑄧 𑄗𑄬𑄣𑄬 𑄞𑄣𑄬𑄖𑄴 𑄇𑄪𑄖𑄴𑄖𑄪𑄚𑄴 𑄃𑄬𑄝𑄧।",Future
জুনু মনে মনে অনেক ব নিশ্বাস ফেললো,𑄎𑄪𑄚𑄪 𑄟𑄧𑄚𑄬 𑄟𑄧𑄚𑄬 𑄢𑄨𑄚𑄨 𑄌𑄬𑄃𑄨 𑄣𑄟𑄴𑄝𑄉𑄧𑄢𑄨 𑄚𑄨𑄏𑄬𑄌𑄴 𑄜𑄬𑄣𑄬𑄣𑄧।,Past
বািতে কিছুক্ষণ পর বের হে গেল,𑄊𑄧𑄢𑄧𑄖𑄴 𑄡𑄬𑄇𑄴𑄇𑄬 𑄣𑄪𑄋𑄨𑄣𑄧 𑄥𑄌𑄴 𑄦𑄧𑄋𑄴 𑄦𑄧𑄋𑄴।,Past
জুনিে বািে হুক্কা খা,𑄎𑄪𑄚𑄪 𑄝𑄝𑄬 𑄥𑄨𑄋𑄧𑄝𑄖𑄴 𑄌𑄬𑄠𑄢𑄧𑄖𑄴 𑄝𑄮𑄃𑄨 𑄘𑄝 𑄈𑄢𑄴।,Present
এত ব ব করে পোকামাক করলো -তুমি এত দেরি কেন?,𑄃𑄬𑄖𑄴𑄖𑄬 𑄚𑄧 𑄃𑄬𑄖𑄴𑄖𑄬 𑄛𑄪𑄏𑄢𑄴 𑄉𑄧𑄢𑄴𑄣𑄧 - 𑄎𑄪𑄚𑄪 𑄃 𑄖𑄪𑄃𑄨 𑄃𑄬𑄘𑄧𑄇𑄴 𑄘𑄬𑄢𑄨 𑄇𑄨𑄠?,Past
.ইজু ক্লাস টেন ছেলে না পলে কেমনে পাস পাওা যা,𑄃𑄨𑄎𑄪 𑄇𑄬𑄣𑄥𑄴 𑄑𑄬𑄚𑄧 𑄛𑄱 𑄚𑄧 𑄛𑄧𑄢𑄴𑄣𑄬 𑄇𑄬𑄚𑄬 𑄛𑄥𑄴 𑄉𑄧𑄢𑄨𑄝𑄬!,Present
ঘািটা কেটে দো,𑄊𑄢𑄨𑄑𑄚 𑄌 𑄡𑄨𑄠𑄬𑄃𑄨 𑄘𑄳𑄠𑄬।,Present
ধীর করে হাটতে হে আসলো,𑄣𑄢𑄬 𑄉𑄧𑄢𑄨 𑄦𑄘𑄨 𑄃𑄬𑄖𑄴𑄖𑄬 𑄘𑄬𑄢𑄨 𑄦𑄧𑄣𑄧।,Past
জোনাকির কথা শেষ না হে তার বাবা বলে - তুমি তাহলে স্কুলে যাও না!,𑄎𑄪𑄚𑄪 𑄇𑄧𑄙 𑄗𑄪𑄟𑄴 𑄚𑄧 𑄦𑄧𑄘𑄬 𑄖 𑄝𑄝𑄬 𑄇𑄧𑄣𑄧 - 𑄃 𑄖𑄪𑄃𑄨 𑄥𑄣𑄬 𑄃𑄨𑄌𑄴𑄇𑄪𑄣𑄧𑄖𑄴 𑄚𑄧 𑄡𑄌𑄴!,Present
জোনাকির কথা শেষ হনা বলে তার মা এই কাজটা শেষ করলো,𑄎𑄪𑄚𑄪 𑄝𑄝𑄧 𑄇𑄧𑄙 𑄗𑄪𑄟𑄴 𑄦𑄧𑄘𑄬 𑄚𑄧 𑄦𑄧𑄘𑄬 𑄖𑄟𑄴𑄟 𑄃𑄬𑄃𑄨 𑄦𑄏𑄨𑄣𑄧 𑄦𑄧𑄣𑄧।,Past
এখন সে তাদের কথা শুনে রান্না ঘরে কাজ করে,𑄃𑄬𑄘𑄧𑄇𑄴𑄈𑄧𑄚𑄴 𑄥𑄧𑄁 𑄖𑄬 𑄖𑄢 𑄇𑄧𑄙 𑄥𑄪𑄚𑄨 𑄥𑄪𑄚𑄨 𑄛𑄨𑄎𑄮𑄢𑄧𑄖𑄴 𑄇𑄟𑄴 𑄉𑄧𑄢𑄬𑄢𑄴।,Present
তার বাবা বেশি জোল করতেছে শুনে তুমি কেন তোমার ছেলেকে এত জোল করো,𑄖 𑄝𑄝𑄬 𑄝𑄬𑄌𑄴 𑄎𑄮𑄣𑄴 𑄉𑄧𑄢𑄬𑄢𑄴 𑄥𑄪𑄚𑄨𑄚𑄬 𑄇𑄧𑄣𑄧 𑄖𑄪𑄃𑄨 𑄃𑄮 𑄖𑄧 𑄛𑄱𑄝𑄮𑄢𑄬 𑄇𑄨𑄖𑄳𑄠 𑄃𑄬𑄘𑄧𑄇𑄴 𑄎𑄮𑄣𑄴 𑄉𑄧𑄢𑄧𑄌𑄴 𑄇𑄨𑄎𑄬𑄚𑄨?,Present
জোনাকির ডাক-যাওা বাবা-মা,𑄎𑄪𑄚𑄪𑄢𑄬 𑄇𑄧𑄣𑄧 - 𑄡 𑄝𑄝 𑄉𑄖𑄴𑄖𑄮𑄃𑄨।,Present
ভাত খাওার সম,𑄞𑄖𑄴 𑄈𑄬𑄘𑄧𑄁 𑄟𑄣𑄬।,Present
জুনু গাদা গেলে তার বাবা বলে - তোমার ছেলেকে বেশি কষ্ট দিও না!,𑄎𑄪𑄚𑄪 𑄉𑄘 𑄉𑄬𑄣𑄬 𑄖 𑄝𑄝𑄬 𑄇𑄧𑄣𑄧 - 𑄖𑄧 𑄛𑄱𑄝𑄮𑄢𑄬 𑄝𑄬𑄌𑄴 𑄥𑄧𑄌𑄴 𑄃𑄨𑄢𑄨 𑄚𑄧 𑄘𑄨𑄌𑄴!,Present
bdmean,𑄥𑄮।,Present
তার মা কল - এত কী মিষ্টি কথা বলে!,𑄖𑄟𑄴𑄟 𑄇𑄧𑄣𑄧 - 𑄃 𑄇𑄨 𑄥𑄧𑄌𑄴 𑄃𑄨𑄢𑄨 𑄚𑄬𑄘!,Present
ছেঁা বাঁশটা কেটে দিতে হ,𑄍𑄬𑄢𑄬𑄉𑄪𑄚𑄬𑄘𑄨 𑄎𑄨𑄢𑄬𑄚𑄴 𑄃𑄮 𑄘𑄳𑄠𑄬 𑄛𑄧𑄢𑄬 𑄘𑄧।,Present
তার বািতে বললে তুমি একটুও চুপ করে থাকে না,𑄖 𑄝𑄝𑄬 𑄇𑄧𑄣𑄧 𑄃𑄨𑄠𑄮 𑄖𑄪𑄃𑄨 𑄃𑄬𑄇𑄴𑄇 𑄝𑄬𑄌𑄴 𑄚𑄧 𑄝𑄎𑄨𑄌𑄴 𑄥𑄳𑄠𑄬।,Present
তোমার ছেলেকে বরবাদ দিবে তো!,𑄖𑄧 𑄛𑄱𑄝𑄮𑄢𑄬 𑄝𑄧𑄢𑄴𑄝𑄖𑄴 𑄘𑄨𑄝𑄬𑄘𑄬 𑄃𑄠𑄴 !,Future
.তার মা বললে তুমি তাাতাি থাকো,𑄖𑄟𑄴𑄟 𑄇𑄧𑄣𑄧 𑄖𑄪𑄃𑄨 𑄌𑄬𑄃𑄨 𑄗𑄇𑄴।,Present
আমার ছেলে কোনো দিন বরবাদ হবে না,𑄟𑄧 𑄛𑄱 𑄇𑄧𑄚𑄧 𑄘𑄨𑄚𑄴 𑄝𑄧𑄢𑄴𑄝𑄖𑄴 𑄚𑄧 𑄦𑄧𑄝𑄧।,Future
তোমার ছেলের জন্য সবাই অপেক্ষা করে,𑄖𑄧 𑄛𑄱𑄝𑄮𑄢𑄬 𑄝𑄬𑄇𑄴𑄇𑄪𑄚𑄬 𑄝𑄳𑄦𑄚𑄨 𑄉𑄧𑄢𑄧𑄚𑄴।,Present
.যত ব হবে আমি তত ব হবো,𑄝𑄬𑄉𑄧 𑄟𑄪𑄠𑄮 𑄥𑄘𑄬 𑄜𑄧𑄎𑄳𑄠 𑄦𑄧𑄝𑄧 𑄇𑄧𑄚𑄴।,Future
তার বািটা একদম পরিষ্কার হেছে,𑄖 𑄝𑄝𑄬 𑄇𑄇𑄴𑄈𑄧𑄚𑄴 𑄃𑄧𑄣𑄧𑄢𑄴 𑄦𑄧𑄃𑄨 𑄥𑄪𑄚𑄨𑄣𑄧।,Present
"ঝেে কল - চাঁদে বিালের ডাক,ইনজিনিার হতে পারলাম","𑄎𑄬𑄢𑄬 𑄇𑄧𑄣𑄧 - 𑄌𑄘𑄬 𑄎𑄧𑄚𑄨 𑄝𑄨𑄉𑄳𑄠𑄚𑄴 𑄛𑄧𑄖𑄴𑄖𑄧 𑄓𑄇𑄴𑄖𑄧𑄢𑄴, 𑄃𑄨𑄚𑄴𑄎𑄨𑄚𑄨𑄠𑄢𑄴 𑄦𑄮𑄧𑄃𑄨 𑄛𑄣𑄴𑄣𑄪𑄚𑄴।",Past
এত ছোট তুমি কেন ভুল কথা বলতেছো,𑄃𑄌𑄴𑄌 𑄃𑄧𑄚𑄪 𑄝𑄛𑄴 𑄖𑄪𑄃𑄨 𑄃𑄬𑄖𑄴𑄖𑄧𑄟𑄚𑄴 𑄞𑄪𑄣𑄴 𑄇𑄧𑄙 𑄇𑄨𑄖𑄳𑄠 𑄇𑄧𑄌𑄴!,Present
শুধু বৈদ্যরা ভাত খা নাকি!,𑄝𑄚 𑄓𑄇𑄴𑄖𑄧𑄢𑄴 𑄃𑄨𑄚𑄴𑄎𑄨𑄚𑄨𑄠𑄢𑄴𑄠𑄪𑄚𑄬 𑄞𑄖𑄴 𑄈𑄚𑄴 𑄚𑄇𑄨!,Present
ভালোভাবে পলে শরীরে সুগন্ধি লাগে,𑄉𑄧𑄟𑄬 𑄛𑄧𑄢𑄴𑄣𑄬 𑄡𑄮𑄖𑄴 𑄥𑄮𑄖𑄴 𑄘𑄟𑄴।,Present
তার বাবা হঠাৎ করে চলে গেল - তোমাদের সাথে যেতে পারবে না,𑄖 𑄝𑄝𑄬 𑄇𑄇𑄴𑄈𑄧𑄚𑄴 𑄃𑄧𑄣𑄧𑄢𑄴 𑄦𑄧𑄃𑄨 𑄎𑄬𑄢𑄬 𑄇𑄧𑄣𑄧 - 𑄖𑄧𑄟 𑄥𑄧𑄟𑄢𑄬 𑄚𑄧 𑄛𑄢𑄨𑄝𑄧 𑄘𑄬!,Future
জোনাকির কথা না বলে জিজ্ঞাসা করতে গেল,𑄎𑄪𑄚𑄪 𑄟 𑄇𑄧𑄙 𑄚𑄧 𑄝𑄢𑄬𑄚𑄬 𑄛𑄨𑄏𑄮𑄢𑄧𑄖𑄴 𑄉𑄬𑄣𑄧।,Past
"থালা,কাপের ধোঁা দিে ভাত জো করা হ","𑄗𑄣𑄴, 𑄇𑄧𑄘𑄧𑄢 𑄙𑄮𑄃𑄨 𑄞𑄘𑄧 𑄎𑄪𑄉𑄮𑄣𑄴 𑄉𑄧𑄢 𑄙𑄧𑄢𑄴𑄣𑄧।",Present
জাগা থেকে বের হে ভাত খাওা যা,𑄎𑄪𑄚𑄪 𑄉𑄘𑄖𑄴𑄪𑄚𑄴 𑄣𑄪𑄋𑄨𑄣𑄬𑄉𑄨 𑄞𑄖𑄴 𑄈 𑄝𑄧𑄣𑄇𑄴।,Present
.ভাত খেতে খেতে তার বাি বলে - পরীক্ষা আর বেশি দূরে যাওা যা না,𑄞𑄖𑄴 𑄈𑄘𑄬 𑄈𑄘𑄬 𑄖 𑄝𑄝𑄬 𑄇𑄧𑄣𑄧 - 𑄛𑄧𑄢𑄨𑄇𑄴𑄈𑄬 𑄦𑄧𑄠𑄴 𑄥𑄧𑄁 𑄇𑄧𑄚𑄧 𑄇𑄬𑄃𑄨𑄖𑄴 𑄚𑄧 𑄡𑄬𑄃𑄨𑄌𑄴 𑄃𑄢𑄴!,Present
.এই ভিটেটা শেষ করতে না পারলে মেঝেতে পতে হবে,𑄃𑄬 𑄞𑄨𑄘𑄨𑄢𑄬 𑄛𑄧𑄢 𑄗𑄪𑄟𑄴 𑄉𑄧𑄢𑄨 𑄚𑄧 𑄛𑄢𑄴𑄣𑄬 𑄑𑄬𑄥𑄴𑄖𑄧 𑄛𑄧𑄢𑄨𑄇𑄴𑄈𑄬 𑄎𑄮𑄣𑄧𑄖𑄴 𑄛𑄧𑄢𑄨𑄝𑄬 𑄥𑄳𑄠।,Future
জোনাকির ডাক -তুমি একটুও চুপ করে থেকো না,𑄎𑄪𑄚𑄪 𑄟𑄝𑄮 𑄇𑄧𑄣𑄧 - 𑄖𑄪𑄃𑄨 𑄃𑄬𑄇𑄴𑄇 𑄌𑄨𑄙𑄬 𑄚𑄧 𑄉𑄧𑄢𑄨𑄌𑄴 𑄘𑄬।,Present
তোমার ছেলে ভালো রেজাল্ট করে,𑄖𑄧 𑄛𑄱𑄝𑄮 𑄉𑄧𑄟𑄴 𑄢𑄬𑄎𑄣𑄴𑄑𑄴 𑄉𑄧𑄢𑄨 𑄛𑄥𑄴 𑄉𑄧𑄢𑄨𑄝𑄧।,Present
তুমি দেখে থাক,𑄖𑄪𑄃𑄨 𑄌𑄬𑄃𑄨 𑄗𑄇𑄴।,Present
.জুনু ভাত খেে রুমে গেল,𑄎𑄪𑄚𑄪 𑄞𑄖𑄴 𑄈𑄬𑄃𑄨 𑄈𑄬𑄃𑄨 𑄉𑄪𑄘𑄨𑄖𑄴 𑄉𑄬𑄣𑄧।,Past
.কাঁকা খাতা উল্টালো,𑄇𑄇𑄴𑄈𑄧𑄚𑄴 𑄈𑄖 𑄃𑄪𑄣𑄴𑄣𑄬𑄣𑄧।,Past
বই পার সমে ঘুম ভাঙলো,𑄝𑄧𑄃𑄨 𑄇𑄇𑄴𑄈𑄧𑄚𑄴 𑄟𑄙𑄬𑄃𑄨 𑄊𑄪𑄟𑄴 𑄉𑄬𑄣𑄧।,Past
বিঝুর দিন দিন কমে আসতেছে,𑄝𑄨𑄏𑄪 𑄘𑄨𑄚𑄴 𑄘𑄨𑄚𑄴 𑄇𑄃𑄨 𑄊𑄧𑄚𑄬𑄃𑄨 𑄃𑄬𑄎𑄬𑄢𑄴 ।,Present
আর পনরের কুিগুলো সামনে আছে,𑄃𑄢𑄧 𑄛𑄧𑄚𑄧𑄢𑄧 𑄇𑄪𑄢𑄨 𑄘𑄨𑄚𑄴 𑄟𑄪𑄎𑄪𑄋𑄬 𑄃𑄊𑄬।,Present
সূর্য ডোবার সম,𑄝𑄬𑄣𑄳𑄠 𑄟𑄙𑄚𑄴।,Present
সূর্য ডোবার সম,𑄝𑄬𑄣𑄴 𑄚𑄧 𑄓𑄪𑄝𑄬।,Present
জোনাকির বাসা থেকে এই আগুনটা বের হ,𑄎𑄪𑄚𑄪 𑄃𑄨𑄌𑄴𑄇𑄪𑄣𑄮𑄖𑄴𑄪𑄚𑄴 𑄃𑄬𑄃𑄨 𑄃𑄃𑄨 𑄝𑄬𑄢𑄢𑄴𑄣𑄮𑄃𑄨।,Present
তার বািতে কি লেখা,𑄖 𑄝𑄝𑄬 𑄥𑄨𑄋𑄮𑄝𑄖𑄴 𑄇𑄨 𑄣𑄬𑄊𑄬𑄢𑄴।,Present
তার মা চালগুলো রান্না ঘরে ঝগাতেছে,𑄖𑄟𑄴𑄟 𑄌𑄮𑄣𑄴𑄠𑄪𑄚𑄴 𑄛𑄨𑄎𑄮𑄢𑄧𑄖𑄴 𑄏𑄢𑄬𑄢𑄴।,Present
আদেগাি বের হেছে,𑄃𑄘𑄬𑄇𑄳𑄠𑄉𑄧𑄢𑄨 𑄃𑄧𑄚𑄪 𑄣𑄪𑄋𑄨𑄣𑄧𑄉𑄨।,Present
তার বািটা বাঁকা হলো,𑄖 𑄝𑄝𑄬 𑄌𑄧𑄇𑄴𑄇𑄧𑄟𑄧𑄇𑄴𑄇𑄧 𑄦𑄧𑄣𑄧।,Past
তার বািতে পলো - কি কলুষ হেছে?,𑄖 𑄝𑄝𑄬 𑄛𑄪𑄏𑄢𑄴 𑄉𑄧𑄢𑄴𑄣𑄧 - 𑄇𑄨 𑄇𑄧𑄣𑄬𑄌𑄴 𑄝𑄧𑄚𑄴𑄘𑄧 𑄦𑄪𑄠𑄬 𑄘𑄳𑄠𑄬?,Present
অনুকুল পরিস্থিতি,𑄃𑄧𑄚𑄪 𑄇𑄧𑄣𑄧 - 𑄦𑄧𑄘𑄬।,Present
কি?,𑄇𑄨𑄠𑄳𑄠 ?,Present
তার বাবা তাাতাি খোঁজ নিল,𑄖 𑄝𑄝𑄬 𑄎𑄚𑄨𑄝𑄢𑄴 𑄌𑄬𑄣𑄧।,Past
.পোা পোা মারামারি শুরু হেছে,𑄛𑄮𑄠𑄧𑄃𑄨 𑄛𑄮𑄠𑄧𑄃𑄨 𑄟𑄢𑄟𑄢𑄨 𑄝𑄎𑄬𑄠𑄮𑄚𑄴 ।,Present
সে স্কুল বন্ধ করে দিচ্ছে - অনুজ্জ্বল টিফিন বাটি,𑄥𑄬𑄖𑄴𑄖𑄬 𑄇𑄧𑄣𑄬𑄌𑄴 𑄝𑄧𑄚𑄴𑄘𑄧 𑄘𑄮𑄚𑄴 - 𑄃𑄧𑄚𑄪 𑄎𑄮𑄝𑄴 𑄜𑄨𑄨𑄢𑄬𑄣𑄧।,Present
.অন্যের কথা শুনে তার বািটা মুখ বন্ধ করল না,𑄃𑄧𑄚𑄪 𑄇𑄧𑄙 𑄥𑄪𑄚𑄨 𑄖 𑄝𑄝𑄬 𑄇𑄇𑄴𑄈𑄧𑄚𑄴 𑄚𑄧 𑄟𑄙𑄨 𑄢𑄧𑄣𑄧।,Past
ঝেে ফোন করে একটু লেখা হ,𑄎𑄬𑄢𑄬 𑄇𑄧𑄣𑄧 - 𑄃𑄬𑄎𑄚𑄴 𑄉𑄧𑄢𑄨 𑄃𑄬𑄇𑄴𑄇 𑄣𑄬𑄊𑄛𑄧𑄢 𑄦𑄧𑄠𑄴𑄚𑄨।,Present
এই পলিটিক্সের ছেলে বাচ্চাটাকে একটু খেে নিবে,𑄃𑄬 𑄛𑄧𑄣𑄨𑄑𑄨𑄇𑄴𑄥𑄬 𑄛𑄱 𑄍𑄠𑄪𑄚𑄧𑄢𑄬 𑄃𑄬𑄇𑄴𑄇𑄬𑄢𑄬 𑄈𑄬𑄝𑄧 !,Future
এত ব তার মা রান্না ঘরে এসেছে,𑄃𑄬𑄘𑄧𑄇𑄴𑄈𑄧𑄚𑄴 𑄥𑄧𑄁 𑄖𑄟𑄴𑄟 𑄛𑄨𑄎𑄮𑄢𑄧𑄖𑄴 𑄃𑄬𑄣𑄧।,Present
কথা কথা শুনে সেও সেখানে আসলো,𑄇𑄧𑄙 𑄇𑄪𑄠𑄝𑄪𑄣𑄧 𑄥𑄪𑄚𑄨 𑄖𑄬𑄃𑄨 𑄃𑄮 𑄥𑄨𑄋𑄮𑄝𑄖𑄴 𑄃𑄬𑄣𑄧।,Past
চাা দো,𑄌𑄠𑄴 𑄘𑄬 𑄃𑄧𑄚𑄪।,Present
.এই তুমি এত ঝগা করতেছো কেন?,𑄃 𑄃𑄧𑄚𑄪 𑄖𑄪𑄃𑄨 𑄃𑄬𑄘𑄧𑄇𑄴 𑄏𑄘𑄨 𑄃𑄬𑄣𑄬𑄉𑄮𑄃𑄨 𑄘𑄬?,Present
.মা কলুষ বন্ধ হেছে,𑄟 𑄇𑄧𑄣𑄬𑄌𑄴 𑄝𑄧𑄚𑄴𑄘𑄧 𑄦𑄪𑄠𑄬 𑄘𑄬।,Present
কি বিঝু বন্ধ?,𑄇𑄨 𑄝𑄨𑄏𑄪 𑄝𑄧𑄚𑄴𑄘𑄧?,Present
হ তোমার বিঝু বন্ধ হেছে,𑄦𑄧𑄠𑄴 𑄖𑄧𑄢𑄴 𑄝𑄨𑄏𑄪 𑄝𑄧𑄚𑄴𑄘𑄧 𑄥𑄳𑄠𑄬!,Present
তার বাবা তার মাকে খোল করে,𑄖 𑄝𑄝𑄬 𑄖𑄟𑄴𑄟 𑄇𑄬𑄃𑄨𑄖𑄴 𑄢𑄨𑄚𑄨 𑄌𑄬𑄃𑄨 𑄇𑄧𑄣𑄧।,Present
ঝেে কল মারামারি হেছে,𑄎𑄬𑄢𑄬 𑄇𑄧𑄣𑄧 𑄟𑄢𑄟𑄢𑄨 𑄦𑄪𑄠𑄬 𑄘𑄬।,Present
এত ব ব করে তার মা মেেকে খেে দো,𑄃𑄬𑄘𑄧𑄇𑄴𑄈𑄧𑄚𑄴 𑄥𑄧𑄁 𑄖𑄟𑄴𑄟 𑄟𑄳𑄦𑄬𑄖𑄴 𑄚𑄧 𑄜𑄬𑄣𑄬𑄠𑄮 𑄃𑄬 𑄛𑄧𑄣𑄴𑄣 𑄟𑄳𑄦𑄬𑄖𑄴 𑄜𑄬𑄣𑄧।,Present
অনু বেকটা বালুর ভিতরে রেখে দিল,𑄃𑄧𑄚𑄪 𑄝𑄳𑄠𑄇𑄴𑄱 𑄣𑄮𑄃𑄨 𑄉𑄪𑄘𑄨𑄖𑄴 𑄗𑄧𑄃𑄨 𑄘𑄨𑄣𑄧𑄉𑄨।,Past
বাটিতে যে ভাত রান্না করা হ,𑄛𑄨𑄎𑄮𑄢𑄧𑄖𑄴 𑄡𑄬𑄃𑄨 𑄞𑄘𑄧 𑄎𑄪𑄉𑄮𑄣𑄴 𑄉𑄧𑄢 𑄙𑄧𑄢𑄴𑄣𑄧।,Present
কিছুক্ষণ পর পর রাত হে যাওার জন্য বািতে আলো জ্বালানো হ,𑄥𑄬𑄇𑄴𑄇𑄬 𑄢𑄬𑄃𑄨𑄖𑄴 𑄦𑄧𑄃𑄨 𑄃𑄘𑄟𑄧𑄢𑄴 𑄊𑄧𑄢𑄬 𑄊𑄧𑄢𑄬 𑄌𑄬𑄢𑄇𑄴 𑄎𑄧𑄣𑄧𑄘𑄧𑄚𑄴।,Present
জোনাকির বািে পে গেল,𑄎𑄪𑄚𑄪 𑄊𑄧𑄢𑄧𑄖𑄴 𑄣𑄪𑄋𑄨𑄣𑄧𑄉𑄨।,Past
.তাকে দাদা কখন আসবেন?,𑄃𑄧𑄚𑄪𑄢𑄬 𑄘𑄬𑄃𑄨 𑄇𑄧𑄣𑄧 𑄃 𑄘𑄘 𑄇𑄧𑄇𑄴𑄈𑄬 𑄃𑄬𑄣𑄬?,Future
জোনাকির আলো ফোটার সম কোথা ঘুরে বেে থাকো,𑄎𑄪𑄚𑄪 𑄎𑄮𑄝𑄴 𑄚𑄧 𑄜𑄨𑄢𑄬𑄚𑄬 𑄃𑄧𑄚𑄪 𑄇𑄧𑄣𑄧 - 𑄃 𑄖𑄪𑄃𑄨 𑄃𑄬𑄘𑄧𑄇𑄴 𑄢𑄬𑄃𑄨𑄖𑄴 𑄥𑄧𑄁 𑄇𑄪𑄙𑄪 𑄝𑄬𑄢𑄬 𑄝𑄬𑄢𑄬 𑄗𑄌𑄴?,Present
জুনু কল -একটু বোতে আসি,𑄎𑄪𑄚𑄪 𑄇𑄧𑄣𑄧 - 𑄃𑄬𑄇𑄴𑄇 𑄝𑄬𑄢𑄁𑄉𑄬 𑄃𑄠𑄴।,Present
পা বাচ্চার কি বোনো,𑄛𑄧𑄢𑄨𑄠𑄳𑄠𑄬 𑄛𑄱𑄢𑄴 𑄇𑄨 𑄝𑄬𑄢𑄚।,Present
অনুকলে জুনিে কোনো সুযোগ না দিে বািতে যে কাপ পেছিল,𑄃𑄧𑄚𑄪 𑄇𑄧𑄣𑄬 𑄎𑄪𑄚𑄪 𑄇𑄧𑄚𑄧 𑄎𑄮𑄝𑄴 𑄚𑄧 𑄘𑄨 𑄊𑄧𑄢𑄧 𑄞𑄨𑄘𑄨𑄢𑄬 𑄡𑄬𑄃𑄨 𑄇𑄝𑄧𑄢𑄴 𑄝𑄧𑄘𑄧𑄣𑄨 𑄥𑄨𑄋𑄮𑄝𑄖𑄴 𑄃𑄬𑄣𑄧।,Past
তার বাবা কি যেন বলে আর লেখা ধরলো,𑄖 𑄝𑄝𑄬 𑄇𑄨 𑄡𑄬𑄚𑄬 𑄃𑄢𑄧 𑄣𑄬𑄊 𑄙𑄧𑄢𑄴𑄣𑄧।,Past
জুনিে শিশুকে কল - দা দা গাে দিবে নাকি?,𑄎𑄪𑄚𑄪 𑄃𑄧𑄚𑄪𑄢𑄬 𑄇𑄧𑄣𑄧 - 𑄘 𑄘 𑄚𑄧 𑄉𑄘𑄨𑄝𑄬𑄉𑄮𑄃𑄨 𑄚𑄬?,Future
অনুকুল পরিস্থিতি-অকুল অবস্থা,𑄃𑄧𑄚𑄪 𑄇𑄧𑄣𑄧 - 𑄃𑄃𑄨𑄠𑄬 𑄚𑄧 𑄉𑄖𑄴𑄖𑄧।,Present
তাাতাি রান্না ঘরে গেল,𑄥𑄨𑄠𑄚𑄴 𑄇𑄮𑄃𑄨𑄚𑄬 𑄛𑄨𑄎𑄮𑄢𑄧𑄖𑄴 𑄉𑄬𑄣𑄧।,Past
অসুখটা তার মাের কাছে বল,𑄛𑄨𑄢𑄬 𑄑𑄚𑄨 𑄖 𑄟 𑄇𑄪𑄢𑄬 𑄝𑄧𑄣𑄧।,Present
তার মা বলে - সে শুধু ঘুরে ঘুরে থাকে নাকি?,𑄖 𑄟𑄢𑄬 𑄇𑄧𑄣𑄧 - 𑄃 𑄟 𑄎𑄪𑄚𑄪 𑄇𑄨 𑄝𑄚 𑄝𑄬𑄢𑄬𑄃𑄨 𑄝𑄬𑄢𑄬𑄃𑄨 𑄗𑄠𑄴 𑄚𑄇𑄨?,Present
তার মা কল -না দে,𑄖𑄟𑄴𑄟 𑄇𑄧𑄣𑄧 - 𑄚 𑄘𑄬।,Present
রাত করে আসলো তো,𑄢𑄬𑄃𑄨𑄖𑄴 𑄉𑄧𑄢𑄨 𑄃𑄬𑄣𑄧𑄉𑄮𑄃𑄨 𑄘𑄬।,Past
"না দো, না দো",𑄚 𑄘𑄬।,Present
"পা, পা",𑄛𑄧𑄢𑄬 𑄘𑄧।,Present
"১. খালি, শূণ্য ২. খালি",𑄈𑄣𑄨𑄇𑄴,Present
তার মা কথা শেষ হনা বলে কি!,𑄖𑄟𑄴𑄟 𑄇𑄧𑄙 𑄗𑄪𑄟𑄴 𑄚𑄧 𑄦𑄧𑄘𑄬 𑄃𑄧𑄚𑄪 𑄇𑄧𑄣𑄧 - 𑄇𑄨!,Present
এ কি!,𑄃 𑄇𑄨!,Present
তোমার ভাইের সাথে সংসার বেশি,𑄖𑄧 𑄞𑄬𑄃𑄨𑄝𑄮𑄢𑄴 𑄥𑄧𑄁 𑄥𑄧𑄟𑄎𑄳𑄠 𑄝𑄬𑄌𑄴।,Present
.নিচে তার বিাল হলে ভ পা,𑄚𑄨𑄖𑄳𑄠𑄧 𑄖𑄢𑄴 𑄝𑄬𑄣𑄳𑄠 𑄦𑄧𑄣𑄬 𑄘𑄧𑄢𑄴𑄉𑄢𑄴 𑄗𑄠𑄴।,Present
সেকারণে একটু ঘুরে দো,𑄥𑄬𑄖𑄴𑄖𑄬 𑄃𑄬𑄇𑄴𑄇 𑄝𑄬𑄢𑄠𑄮𑄃𑄨 𑄘𑄬।,Present
মা সেটা ভালো হবে না,𑄟 𑄥𑄨𑄠𑄚𑄴 𑄘𑄧 𑄉𑄧𑄟𑄴 𑄚𑄧 𑄦𑄧𑄢𑄴।,Future
সে কি ভালো হেছে,𑄖𑄳𑄠𑄬 𑄇𑄨 𑄉𑄧𑄟𑄴 𑄦𑄪𑄣𑄪𑄚𑄴।,Present
তোমার ভাইটা কান্না করে দিলে কি ভালো হবে,𑄖𑄧 𑄞𑄬𑄃𑄨𑄝𑄪 𑄇𑄧𑄚 𑄍𑄬𑄢𑄬 𑄗𑄬𑄣𑄬 𑄇𑄨 𑄉𑄧𑄟𑄴 𑄛𑄬𑄛𑄬।,Future
.নিচে থেকে তার মা চিনবে,𑄃𑄧𑄚𑄪𑄖𑄴𑄪𑄚𑄴 𑄖𑄟𑄴𑄟 𑄎𑄚𑄨𑄝𑄬𑄢𑄴 𑄌𑄬𑄣𑄧।,Future
জোনাকির আলো ফোটার শব্দ,𑄎𑄪𑄚𑄪 𑄇𑄇𑄴𑄈𑄧𑄚𑄴 𑄃𑄧𑄣𑄧𑄢𑄴 𑄦𑄧𑄃𑄨 𑄢𑄧𑄣𑄧।,Present
.সে আবার ঝামেলা করলো -সে আরও কি করে?,𑄎𑄬𑄢𑄬 𑄃𑄢𑄧 𑄛𑄪𑄏𑄢𑄴 𑄉𑄧𑄢𑄴𑄣𑄧 - 𑄖𑄬 𑄃𑄢𑄧 𑄇𑄨 𑄉𑄧𑄢𑄬?,Past
সমাজটার পাহাটা সে,𑄥𑄧𑄟𑄎𑄳𑄠𑄠𑄪𑄚𑄧𑄢𑄴 𑄟𑄪𑄢𑄪𑄝𑄮 𑄖𑄬 ।,Present
তার কথা সব উঠে,𑄖 𑄇𑄧𑄙𑄠𑄴 𑄝𑄬𑄇𑄴 𑄃𑄪𑄙𑄧𑄚𑄴 𑄝𑄧𑄏𑄧𑄚𑄴।,Present
লেখা যে চুরি করে সেটা তো না,𑄣𑄬𑄊𑄛𑄧𑄢 𑄡𑄬 𑄈𑄧𑄚𑄨 𑄉𑄧𑄢𑄧𑄚𑄴 𑄥𑄨𑄠𑄚𑄴𑄠𑄮 𑄚𑄧𑄠𑄴।,Present
তাদের কাজ হলো না না শুধু বই পা আর সেগুলো দেখে দেখে আসা,𑄖𑄢 𑄇𑄟𑄴 𑄦𑄧𑄣𑄧 𑄚 𑄚 𑄝𑄝𑄧𑄖𑄳𑄠 𑄝𑄧𑄃𑄨 𑄛𑄧𑄢𑄚 𑄃 𑄥𑄨𑄠𑄚𑄨 𑄝𑄨𑄎𑄨𑄢𑄬𑄃𑄨 𑄖𑄧𑄣𑄴𑄝𑄨𑄌𑄴 𑄉𑄧𑄢𑄚 𑄖𑄟𑄴𑄟 𑄃𑄨𑄠𑄚𑄨 𑄇𑄧𑄣𑄬 𑄃𑄧𑄚𑄪 𑄇𑄧𑄣𑄧 - 𑄝 𑄡𑄧𑄘𑄧𑄝𑄧𑄘𑄬 𑄘𑄧 𑄦𑄏𑄨𑄝𑄢𑄴!,Present
.এই কি হেঁটে যাওা!,𑄃 𑄇𑄨 𑄦𑄏𑄨𑄝𑄢𑄴!,Present
.তরকারি না করে ঘুরে বেে থাকা ভালো,𑄎𑄬𑄢𑄬 𑄃𑄢𑄧 𑄇𑄧𑄣𑄧 - 𑄥𑄨𑄠𑄚𑄨 𑄚𑄧 𑄉𑄧𑄢𑄨𑄚𑄬 𑄝𑄬𑄢𑄬 𑄝𑄬𑄢𑄬 𑄗𑄬𑄘𑄧 𑄉𑄧𑄟𑄴 𑄛𑄨𑄣𑄨𑄚𑄴𑄚𑄨।,Present
অনুকুল পরিস্থিতি হলোনা,𑄃𑄧𑄚𑄪 𑄇𑄇𑄴𑄈𑄧𑄚𑄴 𑄚𑄧 𑄟𑄙𑄨 𑄢𑄧𑄣𑄧।,Past
তার মা ফোন করে নাকি তার বাচ্চা দিবে,𑄖𑄟𑄴𑄟 𑄇𑄧𑄣𑄧 𑄖𑄪𑄃𑄨 𑄌𑄉𑄮𑄃𑄨 𑄚 𑄖 𑄉𑄪𑄘𑄨𑄝𑄧।,Future
অনুর রান্নাঘর থেকে জুনিেকে এনে চাা দে,𑄃𑄧𑄚𑄪 𑄛𑄨𑄎𑄮𑄢𑄧𑄖𑄴𑄖𑄪𑄚𑄴 𑄎𑄪𑄚𑄪 𑄉𑄪𑄘𑄨𑄖𑄴 𑄃𑄬𑄃𑄨𑄚𑄬 𑄌𑄠𑄴 𑄘𑄬 𑄦𑄧𑄠𑄴।,Present
টেবিলে না না অনেক বই পেছে,𑄑𑄬𑄝𑄨𑄣𑄧𑄖𑄴 𑄚 𑄚 𑄝𑄝𑄧𑄖𑄳𑄠 𑄝𑄧𑄃𑄨 𑄥𑄎𑄬𑄠𑄳𑄠 𑄉𑄪𑄎𑄬𑄠𑄳𑄠।,Present
বোতে না না এক জাতী প্রাণীর ছবি,𑄝𑄬𑄢𑄴 𑄌𑄉𑄖𑄴 𑄚 𑄚 𑄃𑄧𑄟 𑄟𑄚𑄴𑄎𑄮𑄢𑄴 𑄍𑄧𑄝𑄨।,Present
অনু মনে মনে একটু হাসা,𑄃𑄧𑄚𑄪 𑄟𑄧𑄚𑄬 𑄟𑄧𑄚𑄬 𑄃𑄬𑄇𑄴𑄇 𑄦𑄏𑄨𑄣𑄧।,Present
বইটা একটু ঘুরলো,𑄝𑄧𑄃𑄨𑄠𑄪𑄚𑄴 𑄃𑄬𑄇𑄴𑄇 𑄣𑄢𑄨𑄌𑄢𑄨 𑄌𑄬𑄣𑄧।,Past
তার মা কল যা রাত হলো,𑄖𑄟𑄴𑄟 𑄇𑄧𑄣𑄧 𑄡 𑄢𑄬𑄃𑄨𑄖𑄴 𑄦𑄧𑄣𑄴𑄣𑄨।,Past
গাি আছে,𑄉𑄘𑄨 𑄃𑄠𑄮𑄃𑄨।,Present
.নিচে কেকটা গাদা গেল,𑄃𑄧𑄚𑄪 𑄇𑄪𑄠 𑄇𑄧𑄇𑄳𑄠 𑄉𑄘 𑄉𑄬𑄣𑄧।,Past
চামা দিে ফিরে যাচ্ছে,𑄌𑄃𑄨𑄘𑄬 𑄎𑄪𑄚𑄪 𑄉𑄘𑄨𑄉𑄘𑄃𑄨 𑄜𑄨𑄢𑄬𑄢𑄴।,Present
দূরে দূরে চাচা হচ্ছে,𑄘𑄪𑄢𑄧𑄖𑄴 𑄊𑄧𑄢𑄬 𑄊𑄧𑄢𑄬 𑄌𑄬𑄢𑄇𑄴 𑄎𑄧𑄣𑄧𑄘𑄧𑄚𑄴।,Present
এক জাতী পাখি,𑄛𑄬𑄃𑄨𑄇𑄴 𑄛𑄪𑄉𑄧 𑄢𑄧।,Present
রাত হে আসতেছে,𑄢𑄬𑄃𑄨𑄖𑄴 𑄚𑄨𑄏𑄨 𑄦𑄮𑄃𑄨 𑄃𑄬𑄎𑄬𑄢𑄴 ।,Present
জুনিে শিশুকে দেে কল- দািে থাকবো নাকি,𑄎𑄪𑄚𑄪 𑄃𑄧𑄚𑄪𑄢𑄬 𑄘𑄬𑄃𑄨𑄚𑄬 𑄇𑄧𑄣𑄧 - 𑄘 𑄝𑄌𑄴𑄍𑄬 𑄗𑄬𑄃𑄨𑄟𑄴 𑄚𑄇𑄨।,Future
অনুকুল পরিস্থিতি-না থাকলে থাকে না,𑄃𑄧𑄚𑄪 𑄇𑄧𑄣𑄧 - 𑄚 𑄝𑄌𑄴𑄍𑄬𑄃𑄨 𑄚𑄧 𑄗𑄬𑄃𑄨𑄌𑄴।,Present
"১. যাওা, যাওা ২. যাওা",𑄡𑄉𑄮𑄃𑄨।,Present
জুনু গাঙ থেকে বািে আসলো,𑄎𑄪𑄚𑄪 𑄉𑄋𑄧𑄖𑄴𑄪𑄚𑄴 𑄊𑄧𑄢𑄧𑄖𑄴 𑄃𑄬𑄣𑄧 ।,Past
চাা দো বই গুলো একটু জাগা দাও,𑄌𑄠𑄴 𑄘𑄬 𑄝𑄧𑄃𑄨𑄠𑄪𑄚𑄴 𑄃𑄬𑄇𑄴𑄇 𑄎𑄉 𑄣𑄧𑄎𑄳𑄠।,Present
আরও ভালোভাবে কেটে গেল তার মা,𑄃𑄢𑄧 𑄉𑄧𑄟𑄬 𑄞𑄌𑄴 𑄉𑄧𑄢𑄨 𑄉𑄢𑄠𑄴 𑄖𑄟𑄴𑄟 𑄇𑄃𑄨 𑄉𑄬𑄣𑄧।,Past
তামাটে রঙের যে মা,𑄖𑄟𑄉𑄴𑄟 𑄇𑄃𑄨 𑄡𑄬𑄃𑄨 𑄇𑄧𑄣𑄧 𑄟।,Present
আমার দাদা আমাকে কি করে,𑄘 𑄟𑄧𑄢𑄬 𑄇𑄨 𑄇𑄧𑄢𑄴 𑄥𑄳𑄠𑄬।,Present
ভালোভাবে পে না পে পে আসো,𑄉𑄧𑄟𑄬 𑄛𑄧𑄢𑄧𑄌𑄴 𑄚𑄨 𑄚𑄧 𑄛𑄧𑄢𑄧𑄌𑄴 𑄛𑄪𑄏𑄢𑄴 𑄉𑄧𑄢𑄬𑄢𑄴 𑄃𑄃𑄨।,Present
সে কি কুইচ্ছে?,𑄖𑄬 𑄖𑄪𑄃𑄨 𑄇𑄨 𑄇𑄪𑄃𑄨𑄠𑄮𑄌𑄴?,Present
এক জাতী কলুষ,𑄃 𑄇𑄨 𑄇𑄧𑄙𑄧 𑄖𑄟𑄴𑄟 𑄇𑄧𑄣𑄧।,Present
ভালোভাবে পাহাে যাওা-কুে যাওা,𑄉𑄧𑄟𑄬 𑄛𑄥𑄴 𑄉𑄧𑄢𑄨𑄝𑄧 - 𑄇𑄪𑄃𑄨𑄠𑄮𑄁 𑄃𑄃𑄨।,Present
এক জাতী পোকা-মাকা করলো - না ভারত,𑄎𑄪𑄚𑄪 𑄛𑄪𑄏𑄢𑄴 𑄉𑄧𑄢𑄴𑄣𑄧 - 𑄚 𑄞𑄢𑄧𑄖𑄳𑄠𑄬।,Past
আাআি,𑄃 𑄇𑄨 𑄞𑄢𑄬𑄘𑄧।,Present
তুমি বুঝছ না!,𑄖𑄪𑄃𑄨 𑄝𑄪𑄏𑄧 𑄚𑄧 𑄛𑄧𑄢𑄧𑄌𑄴𑄥𑄬!,Present
জোনাকি আরও কোনো কথা না বলে লুকিয়ে থাকে,𑄎𑄪𑄚𑄪 𑄃𑄢𑄴 𑄇𑄧𑄚𑄧 𑄇𑄧𑄙 𑄚𑄧 𑄇𑄮𑄃𑄨𑄚𑄬 𑄉𑄪𑄘𑄨𑄖𑄴 𑄥𑄧𑄟𑄬𑄃𑄨 ।,Present
বইের মাথা ধরা,𑄝𑄧𑄃𑄨 𑄟𑄙 𑄙𑄧𑄢𑄴𑄣𑄧।,Present
"১. সম ২. সম, সম",𑄃𑄧𑄚𑄪 ।,Present
এলোপাথাি ভাত খাওা,𑄃𑄬𑄣𑄧𑄉𑄮𑄃𑄨 𑄞𑄖𑄴 𑄈 𑄙𑄧𑄢𑄴𑄣𑄇𑄴।,Present
ভাত খেে পেট ভরে খাওা,𑄞𑄖𑄴 𑄈𑄬𑄃𑄨𑄈𑄃𑄨 𑄛𑄨𑄎𑄮𑄢𑄧𑄖𑄴 𑄝𑄧𑄣𑄇𑄴।,Present
তার মা কল - তুমি কি বিঝুর সাথে থাকবে?,𑄖𑄟𑄴𑄟 𑄇𑄧𑄣𑄧 - 𑄃𑄧𑄚𑄪 𑄃 𑄖𑄪𑄃𑄨 𑄇𑄨 𑄝𑄨𑄏𑄪 𑄥𑄧𑄁 𑄗𑄬𑄝𑄬?,Future
অনুকুল-বাা দুই দিন,𑄃𑄧𑄚𑄪 𑄇𑄧𑄣𑄧 - 𑄝𑄧𑄚𑄴𑄘𑄧 𑄘𑄧 𑄞𑄣𑄧𑄇𑄴 𑄘𑄨𑄚𑄴।,Present
তাাতাি করতে হবে,𑄗 𑄘𑄧 𑄛𑄧𑄢𑄨𑄝𑄧।,Future
তার মা কল দিে জোনাকিকে একটু দেখে নে,𑄖𑄟𑄴𑄟 𑄇𑄧𑄣𑄧 - 𑄍𑄬𑄢𑄬𑄉𑄪𑄚𑄬𑄘𑄨 𑄎𑄪𑄚𑄪𑄢𑄬 𑄃𑄬𑄇𑄴𑄇 𑄌𑄬𑄃𑄨𑄌𑄴।,Present
জোনাকির মতো দেখতে সুন্দর কল-কাঠে লাগলে পোকা বের হ না,𑄎𑄪𑄚𑄪 𑄇𑄨𑄖𑄳𑄠 𑄌𑄬𑄃𑄨 𑄃𑄧𑄚𑄪 𑄇𑄧𑄣𑄧 - 𑄑𑄬𑄉𑄖𑄴 𑄝𑄎𑄨𑄣𑄬 𑄛𑄪𑄏𑄢𑄴 𑄉𑄧𑄢𑄨𑄌𑄴 𑄚।,Present
জোনাকির আলো আঁধারি,𑄎𑄪𑄚𑄪 𑄚𑄧 𑄟𑄙𑄨 𑄢𑄧𑄣𑄧।,Present
তার বাবা বলে - এবার ভালোভাবে খেে নাও কেন!,𑄖 𑄝𑄝𑄬 𑄇𑄧𑄣𑄧 - 𑄃𑄬𑄝𑄢𑄴 𑄉𑄧𑄟𑄬 𑄈𑄬𑄃𑄨 𑄛𑄬𑄃𑄨 𑄚𑄨 𑄚𑄧 𑄛𑄬𑄃𑄨 𑄇𑄨𑄎𑄬𑄚𑄨!,Present
.তার মা ভাত খেতে খেতে কল -বছরে ঝামেলা,𑄖𑄟𑄴𑄟 𑄞𑄖𑄴 𑄈𑄘𑄬 𑄈𑄘𑄬 𑄇𑄧𑄣𑄧 - 𑄛𑄧𑄖𑄴𑄖𑄨 𑄝𑄧𑄏𑄧𑄢𑄴 𑄞𑄬𑄎𑄣𑄴।,Present
কি দিনকাল পলো কীজানি,𑄇𑄨 𑄘𑄨𑄚𑄴 𑄇𑄣𑄴 𑄛𑄧𑄣𑄴𑄣𑄧 𑄇𑄨𑄎𑄬𑄚𑄨!,Present
সে কি হেছে তো,𑄖𑄳𑄠𑄬 𑄇𑄨 𑄦𑄪𑄃𑄨𑄠𑄬 𑄘𑄬 ।,Present
আমাদের বিঝু আমরা পালব - জুনু কল,𑄃𑄟 𑄝𑄨𑄏𑄪 𑄃𑄟𑄨 𑄛𑄣𑄬𑄝𑄧𑄁 - 𑄎𑄪𑄚𑄪 𑄇𑄧𑄣𑄧।,Future
"হ্যাঁ, জ্বি",𑄦𑄧𑄠𑄴 𑄥𑄳𑄠 𑄦𑄧𑄠𑄴।,Present
পরিক্ষার্থীরা পরীক্ষার সম উত্তীর্ণ হ না,𑄛𑄧𑄢𑄨𑄇𑄴𑄈𑄬 𑄚𑄧 𑄚𑄬𑄘 𑄥𑄧𑄁 𑄃𑄪𑄝𑄮𑄣𑄴𑄛𑄣𑄴 𑄚𑄧 𑄦𑄮𑄌𑄴 !,Present
তার মা ভাত খেতে খেতে জুে জুে এই কথাটা বলে,𑄖𑄟𑄴𑄟 𑄞𑄖𑄴 𑄌𑄝𑄘𑄬 𑄌𑄝𑄘𑄬 𑄎𑄪𑄚𑄪𑄢𑄬 𑄢𑄨𑄚𑄨 𑄌𑄬𑄃𑄨 𑄃𑄬 𑄇𑄧𑄙 𑄇𑄧𑄣𑄧।,Present
এত ব ব করে আসলো,𑄃𑄬𑄘𑄧𑄇𑄴𑄈𑄧𑄚𑄴 𑄥𑄧𑄁 𑄖 𑄝𑄝𑄬 𑄎𑄪𑄢𑄧 𑄉𑄧𑄢𑄨 𑄃𑄬𑄣𑄧।,Past
তার মা কথা বলতে সাথে সাথে বলল - এই বাচ্চাটা হলে কি হবে,𑄖𑄟𑄴𑄟 𑄇𑄧𑄙 𑄥𑄧𑄟𑄢𑄬 𑄖𑄬 𑄃𑄮 𑄜𑄉𑄧𑄖𑄴 𑄥𑄧𑄟𑄬𑄃𑄨 𑄇𑄧𑄣𑄧 - 𑄃𑄬 𑄛𑄱𑄝𑄮 𑄦𑄧𑄣𑄬 𑄇𑄨 𑄦𑄧𑄢𑄴 𑄇𑄨𑄎𑄬𑄚𑄨 ।,Past
ডাও নেই লালা নেই,𑄓𑄧𑄢𑄴𑄠𑄮 𑄚𑄬𑄃𑄨 𑄣𑄌𑄴𑄠𑄮 𑄚𑄬𑄃𑄨।,Present
আমি কি চুরি করলাম নাকি,𑄖𑄳𑄠𑄬 𑄇𑄨 𑄟𑄪𑄃𑄨 𑄇𑄨 𑄌𑄪𑄢𑄴 𑄉𑄧𑄢𑄧𑄋𑄧𑄢𑄴𑄣𑄮𑄃𑄨 𑄚𑄇𑄨।,Past
জুনু বললে তার বাির নিচ থেকে চোখ বন্ধ করে বলে - তোমার বোইনটা দেখতেছি,𑄎𑄪𑄚𑄪 𑄇𑄧𑄣𑄬 𑄖 𑄝𑄝𑄬 𑄃𑄧𑄚𑄪 𑄇𑄬𑄃𑄨𑄖𑄴 𑄢𑄨𑄚𑄨 𑄌𑄬𑄃𑄨 𑄇𑄧𑄣𑄧 - 𑄘𑄬𑄊𑄧𑄌𑄴 𑄖𑄧 𑄞𑄬𑄃𑄨𑄝𑄮 𑄃𑄇𑄴𑄇𑄧𑄣𑄴𑄠𑄚𑄴।,Present
জুনিে আবার কথা না বলে ভিতরে ঢুকে গেল,𑄎𑄪𑄚𑄪 𑄃𑄢𑄴 𑄇𑄧𑄙 𑄚𑄧 𑄟𑄬𑄣𑄨𑄚𑄬 𑄉𑄧𑄢𑄌𑄴 𑄉𑄧𑄢𑄌𑄴 𑄈𑄬𑄃𑄨 𑄉𑄪𑄘𑄨𑄖𑄴 𑄥𑄧𑄟𑄬𑄃𑄨 𑄛𑄧𑄢 𑄟𑄙 𑄙𑄧𑄢𑄴𑄣𑄧।,Past
জুনু গেলে তার বািতে বেে বেে বলে,𑄎𑄪𑄚𑄪 𑄉𑄬𑄣𑄬𑄉𑄮𑄃𑄨 𑄖 𑄝𑄝𑄬 𑄈𑄘𑄬 𑄈𑄘𑄬 𑄇𑄧𑄣𑄧 - 𑄃𑄧𑄚𑄪।,Present
তোমাদের পরীক্ষা তো আর বেশি দূরে নেই,𑄖𑄧𑄟 𑄛𑄧𑄢𑄨𑄇𑄴𑄈𑄬 𑄘𑄧 𑄃𑄢𑄧 𑄝𑄬𑄌𑄴 𑄘𑄪𑄢𑄮𑄖𑄴 𑄚𑄬𑄃𑄨।,Present
পরিক্ষার্থীরা শেষ হলে ঢাকা থাকবো,𑄛𑄧𑄢𑄨𑄇𑄴𑄈𑄬 𑄗𑄪𑄟𑄴 𑄦𑄧𑄣𑄬 𑄔𑄇𑄖𑄴 𑄗𑄬𑄃𑄨𑄌𑄴𑄥𑄮𑄃𑄨।,Future
চাটা দিে ঢাকাটা ভালো,𑄌𑄘𑄨𑄉𑄋𑄧𑄖𑄴𑄪𑄚𑄴 𑄔𑄇𑄖𑄴 𑄛𑄧𑄢𑄚𑄉𑄮𑄃𑄨 𑄉𑄧𑄟𑄴 𑄃𑄬𑄣𑄧𑄘𑄬।,Present
কথা শেষ হলে তার বাবা আর সেখানে যে লেখা ধরলো,𑄇𑄧𑄙 𑄗𑄪𑄟𑄴 𑄦𑄧𑄣𑄬 𑄖 𑄝𑄝𑄬 𑄃𑄢𑄧 𑄥𑄨𑄋𑄮𑄝𑄖𑄴 𑄡𑄬𑄃𑄨 𑄣𑄬𑄊 𑄙𑄧𑄢𑄴𑄣𑄧।,Past
অনু কল -মা কি লিখেছেন?,𑄃𑄧𑄚𑄪 𑄇𑄧𑄣𑄧 - 𑄟 𑄃 𑄝 𑄇𑄨 𑄣𑄬𑄊𑄬?,Present
.এই তাদের সম কি কাজ থাকে!,𑄃 𑄖𑄢𑄢𑄴 𑄃𑄧𑄚𑄴𑄎𑄪𑄢𑄴 𑄇𑄨 𑄇𑄟𑄴 𑄗𑄠𑄴 𑄇𑄮𑄝𑄢𑄬!,Present
আমি তোমার কথা শুনব না,𑄃 𑄖𑄪𑄃𑄨 𑄚𑄧 𑄥𑄪𑄚𑄧𑄌𑄴 𑄟।,Future
একটু একটু পানি পে আসি,𑄃 𑄃𑄬𑄇𑄴𑄇 𑄃𑄬𑄇𑄴𑄇 𑄟𑄳𑄦𑄬𑄖𑄴 𑄛𑄋𑄴𑄉𑄬 𑄃𑄃𑄨।,Present
কি?,𑄇𑄨?,Present
.তারা সবাই সমান হেছে,𑄃 𑄖𑄢 𑄎𑄧𑄙 𑄦𑄧𑄃𑄨 𑄚𑄨𑄖𑄳𑄠𑄧 𑄖𑄬𑄟𑄴𑄟𑄁 𑄥𑄪𑄣𑄴𑄣𑄪𑄇𑄴 𑄉𑄧𑄢𑄧𑄚𑄴।,Present
সমাজ ভালো করার চেষ্টা করে,𑄥𑄧𑄟𑄎𑄧𑄢𑄴 𑄞𑄣𑄬𑄘𑄧𑄢𑄴 𑄌𑄬𑄢𑄬𑄌𑄴𑄖 𑄉𑄧𑄢𑄧𑄚𑄴।,Present
.তার মা কথা শেষ হনা বলে অন্য কথা বলতেছে-এই জাগাটাও শেষ হ না,𑄖𑄟𑄴𑄟 𑄇𑄧𑄙 𑄗𑄪𑄟𑄴 𑄦𑄧𑄘𑄬 𑄚𑄧 𑄦𑄧𑄘𑄬 𑄃𑄧𑄚𑄪 𑄇𑄧𑄣𑄧 - 𑄃 𑄎𑄪𑄚𑄪𑄠𑄮 𑄇𑄨𑄠 𑄚𑄧 𑄦𑄧𑄘𑄧 𑄥𑄬𑄎𑄚𑄴।,Present
তার মা হঠাৎ করে বাচ্চা প্রসব করতে পারবে না,𑄖𑄟𑄴𑄟 𑄇𑄇𑄴𑄈𑄧𑄚𑄴 𑄎𑄨𑄢𑄬𑄃𑄨 𑄇𑄧𑄣𑄧 𑄃 𑄛𑄪𑄖𑄴 𑄝𑄝𑄧 𑄝𑄨𑄘𑄳𑄠 𑄛𑄱𑄃𑄨 𑄚𑄧 𑄛𑄬𑄝𑄧 𑄚𑄬!,Future
.অন্যের সাথে কথা না বলে ঘরে চলে যাওা,𑄃𑄧𑄚𑄪 𑄃𑄢𑄴 𑄇𑄧𑄙 𑄚𑄧 𑄟𑄬𑄣𑄨𑄚𑄬 𑄉𑄪𑄘𑄨𑄖𑄴 𑄥𑄧𑄟𑄬𑄣𑄧।,Present
দুই তিন দিন পর সবমিে গ্রামে বোতে গেল,𑄘𑄨 𑄖𑄨𑄚𑄴 𑄘𑄨𑄚𑄴 𑄎𑄬𑄢𑄬 𑄃𑄧𑄚𑄪 𑄟𑄨𑄉𑄨𑄚𑄨 𑄃𑄧𑄱𑄛𑄢𑄧 𑄃𑄘𑄟𑄧𑄖𑄴 𑄝𑄬𑄢 𑄉𑄬𑄣𑄧।,Past
বাগান থেকে একটু দূরে একটি পাহাি বাি,𑄝𑄉𑄚𑄧 𑄍𑄬𑄢𑄬 𑄃𑄬𑄇𑄴𑄇 𑄟𑄪𑄢𑄮𑄖𑄴 𑄚𑄧𑄚𑄘𑄊𑄨 𑄊𑄧𑄢𑄴।,Present
পাহাের চূা চা মাটি,𑄟𑄪𑄎𑄪𑄋𑄬𑄘𑄨 𑄓𑄋𑄧𑄢𑄴 𑄓𑄋𑄧𑄢𑄴 𑄞𑄪𑄃𑄨𑄠𑄮 𑄟𑄖𑄴।,Present
অনেক দিন পর পর নতুন বািে আসা,𑄞𑄣𑄧𑄇𑄴 𑄘𑄨𑄚𑄴 𑄎𑄬𑄢𑄬 𑄃𑄧𑄚𑄪𑄢𑄴 𑄚𑄧𑄚𑄘𑄊𑄨 𑄊𑄧𑄢𑄧𑄖𑄴 𑄃𑄬𑄎𑄚।,Present
সে মনে মনে ভাবে সারা বছর হ না,𑄃𑄬𑄖𑄴𑄬 𑄟𑄧𑄚𑄬 𑄟𑄧𑄚𑄬 𑄞𑄝𑄨 𑄌𑄬𑄣𑄧 𑄌𑄬𑄃𑄨𑄢𑄴 𑄝𑄧𑄏𑄧𑄢𑄴 𑄦𑄧𑄢𑄴 𑄚𑄧 𑄃𑄬𑄎𑄬𑄖𑄳𑄠𑄬 ।,Present
পথঘাট সব অচেনা লাগে,𑄛𑄧𑄗𑄴𑄊𑄑𑄴 𑄝𑄬𑄇𑄴 𑄃𑄧𑄌𑄨𑄚𑄴 𑄣𑄉𑄬𑄢𑄴।,Present
ভূতে আসা এই পথটা ফেলে এই পাহািটা একেবারে বািে এসেছে,𑄞𑄪𑄃𑄨𑄠𑄮 𑄃𑄬𑄃𑄨𑄣𑄴 𑄛𑄧𑄖𑄴𑄗𑄚𑄴 𑄜𑄬𑄣𑄬 𑄃𑄬𑄃𑄨 𑄟𑄪𑄢𑄮 𑄛𑄧𑄖𑄴𑄗𑄚𑄴 𑄃𑄘𑄬𑄃𑄨 𑄚𑄧𑄚𑄘𑄊𑄨 𑄊𑄧𑄢𑄧𑄖𑄴 𑄥𑄧𑄟𑄬𑄣𑄧।,Present
ন্যাকামো নেই,𑄚𑄧𑄚𑄝𑄨 𑄚𑄬𑄃𑄨 ।,Present
তার মা আছে,𑄖𑄟𑄴𑄟 𑄃𑄊𑄬।,Present
তার মা থেকে তাবিজ নিে সেখানে বল,𑄖𑄟𑄴𑄟𑄖𑄴𑄪𑄚𑄴 𑄥𑄬𑄝𑄴𑄝𑄖𑄴𑄖 𑄣𑄧𑄃𑄨 𑄥𑄨𑄋𑄮𑄝𑄖𑄴 𑄝𑄧𑄣𑄧।,Present
এক জাতী পোকা,𑄃 𑄛𑄪𑄖𑄴 ।,Present
কবে আসবে,𑄇𑄧𑄟𑄧𑄣𑄬 𑄃𑄬𑄣𑄬।,Future
সারাদিন হলো,𑄘𑄨𑄚𑄧𑄘𑄧𑄇𑄴 𑄦𑄧𑄣𑄧 ।,Past
.সে কোথা আছে?,𑄃 𑄃𑄨𑄇𑄴𑄇𑄪 𑄇𑄪𑄙𑄪 𑄃𑄊𑄧𑄌𑄴𑄍𑄬?,Present
.নানি মাা কথা বলে,𑄚𑄧𑄚𑄝𑄨 𑄟𑄝𑄮 𑄇𑄧𑄣𑄧 - 𑄃𑄧।,Present
মেরে বািতে নিে যাওার সম তার বাচ্চাটাকে দো,𑄎𑄬𑄢𑄬 𑄊𑄧𑄢𑄧 𑄝𑄢𑄬 𑄚𑄨𑄉𑄨𑄣𑄨𑄚𑄬 𑄖 𑄛𑄱𑄝𑄮𑄢𑄬 𑄓𑄉𑄨𑄣𑄧।,Present
তোমার বোইনের ঘর থেকে বের হে যাও,𑄡 𑄘𑄬 𑄖𑄧 𑄝𑄬𑄃𑄨𑄢𑄬 𑄝𑄨𑄚𑄨𑄘𑄊𑄨 𑄊𑄧𑄢𑄧𑄖𑄴𑄪𑄚𑄴 𑄈𑄧𑄎 𑄡।,Present
.ন্যাকামো করে নাচতে নাচতে নানিকে কুড়িয়ে নিল।,𑄚𑄧𑄚𑄝𑄨 𑄉𑄪𑄢𑄧 𑄞𑄬𑄃𑄨𑄝𑄮 𑄘𑄬𑄝𑄧 𑄈𑄢 𑄦𑄧𑄘𑄬 𑄦𑄧𑄘𑄬 𑄚𑄧𑄚𑄝𑄨𑄢𑄬 𑄈𑄧𑄎 𑄉𑄬𑄣𑄧।,Past
হঠাৎ করে ন্যাকা পে গেল,𑄇𑄇𑄴𑄈𑄧𑄚𑄴 𑄎𑄬𑄢𑄬 𑄚𑄧𑄚𑄝𑄨 𑄣𑄪𑄋𑄨𑄣𑄧𑄉𑄨।,Past
ধীরে ধীরে সেখানে আসলো,𑄣𑄢𑄬 𑄣𑄢𑄬 𑄥𑄨𑄋𑄮𑄝𑄖𑄴 𑄃𑄬𑄣𑄧 ।,Past
ইচ্ছে করে দো-বা,𑄃𑄧𑄚𑄪𑄢𑄬 𑄘𑄬𑄃𑄨𑄚𑄬 - 𑄝।,Present
অনেক দিন হলো তো,𑄃 𑄞𑄣𑄧𑄇𑄴 𑄘𑄨𑄚𑄴 𑄦𑄧𑄣𑄧 𑄘𑄧।,Past
তোমাকে দেখতেছি না,𑄖𑄧𑄢𑄬 𑄚𑄧 𑄘𑄬𑄊𑄧𑄋𑄴𑄖𑄴𑄬।,Present
তারা কথা বলতে বলতে নানি বািে গেল,𑄖𑄢 𑄇𑄧𑄙 𑄇𑄧𑄙𑄬 𑄚𑄧𑄚𑄝𑄨 𑄟𑄝𑄮 𑄊𑄧𑄢𑄧 𑄞𑄨𑄘𑄨𑄢𑄬 𑄉𑄬𑄣𑄧।,Past
এক নাগাে কাঁদানো,𑄃 𑄚𑄧𑄚𑄝𑄨𑄢𑄬 𑄓𑄉𑄨𑄣𑄧।,Present
বউ কথা কওার জন্য বািতে গেল,𑄚𑄧𑄚𑄝𑄨 𑄊𑄧𑄢𑄧 𑄞𑄨𑄘𑄨𑄢𑄬 𑄉𑄬𑄣𑄧।,Past
এক মাস পর পাকা কলার পানি এনে কল দিে খাওা,𑄃𑄬𑄇𑄴 𑄟𑄙𑄚𑄴 𑄎𑄬𑄢𑄬 𑄛𑄉𑄚 𑄇𑄧𑄣 𑄛𑄚𑄨 𑄃𑄚𑄨 𑄇𑄧𑄣𑄧 𑄈 𑄘𑄬।,Present
আমি এই সমে তোমার ভাই থেকে তোমার জন্য অপেক্ষা করতেছি,𑄟𑄪𑄃𑄨 𑄃𑄨𑄎𑄪 𑄃𑄮𑄝𑄢𑄧𑄖𑄴 𑄖𑄧 𑄞𑄬𑄃𑄨𑄝𑄮𑄖𑄴𑄖𑄪𑄚𑄴 𑄖𑄧𑄢𑄬 𑄎𑄪𑄏𑄢𑄴 𑄉𑄧𑄢𑄨𑄝𑄢𑄴 𑄥𑄳𑄠𑄬।,Present
আমার ভাইকে কোথা লাগবে?,𑄃 𑄟𑄧 𑄞𑄬𑄃𑄨𑄝𑄮𑄢𑄬 𑄇𑄪𑄙𑄪 𑄣𑄉𑄧𑄖𑄴 𑄛𑄬𑄣𑄬?,Future
.স্বামী-স্ত্রী কলুষ লাগলে মানে,𑄚𑄧𑄚𑄝𑄨 𑄇𑄧𑄣𑄧 𑄇𑄪𑄙 𑄣𑄉𑄧𑄖𑄴 𑄛𑄬𑄣𑄬 𑄟𑄚𑄬।,Present
তোমার ভাইকে তো আমার ভালো লাগে,𑄖𑄧 𑄞𑄬𑄃𑄨𑄝𑄮𑄢𑄬 𑄘𑄧 𑄃𑄟𑄨𑄎𑄬 𑄣𑄉𑄧𑄖𑄴 𑄛𑄋𑄴 ।,Present
সে কেন এদিকে আসতেছে জানিনা,𑄖𑄬 𑄇𑄨 𑄃𑄨𑄚𑄴𑄘𑄨 𑄃𑄬𑄎𑄬𑄘𑄬 𑄃𑄧𑄚𑄪 𑄛𑄪𑄏𑄢𑄴 𑄉𑄧𑄢𑄴𑄣𑄧।,Present
এখানে আসতে মানে-এখানে তো তোমার ভাই আসবে,𑄃𑄨𑄚𑄴𑄘𑄨 𑄃𑄬𑄎𑄬𑄘𑄬 𑄟𑄚𑄬 - 𑄃𑄨𑄠𑄚𑄴 𑄘𑄧 𑄖𑄧 𑄞𑄬𑄃𑄨𑄝𑄮 𑄝𑄟𑄴𑄳𑄦।,Future
.অন্যের কথা শুনে মনটা একটু নরম হেছে,𑄚𑄧𑄚𑄝𑄨 𑄇𑄧𑄙 𑄥𑄪𑄚𑄨 𑄃𑄧𑄚𑄪 𑄃𑄬𑄇𑄴𑄇 𑄌𑄧𑄇𑄴𑄇𑄧𑄟𑄧𑄇𑄴𑄇𑄧 𑄦𑄧𑄋𑄴 𑄦𑄧𑄋𑄴 𑄦𑄧𑄣𑄧।,Present
সে কথা বলতে পারে না!,𑄃 𑄖𑄪𑄃𑄨 𑄇𑄮𑄃𑄨 𑄚𑄧 𑄛𑄢𑄧𑄌𑄴 𑄚𑄬!,Present
তোমার ভাই-বোনেরা এই এলাকার চাংমাের মূল কাজটা করবে,𑄖𑄧 𑄞𑄬𑄃𑄨𑄝𑄮 𑄎𑄪𑄚𑄪 𑄦𑄧𑄣𑄧 𑄃𑄨𑄙𑄪𑄉𑄧𑄢𑄴 𑄌𑄉𑄣𑄢𑄴 𑄛𑄱𑄍𑄠𑄪𑄚𑄧𑄢𑄴 𑄟𑄪𑄣𑄴 𑄈𑄟𑄴𑄟𑄮 ।,Future
কেন খবর পাওা,𑄇𑄬𑄚𑄬 𑄈𑄧𑄝𑄧𑄢𑄴 𑄛𑄥𑄴।,Present
.অপচ করলে নাক থেকে দুর্গন্ধ বের হ,𑄃𑄧𑄚𑄪 𑄛𑄪𑄏𑄢𑄴 𑄉𑄧𑄢𑄴𑄣𑄬 𑄚𑄧𑄚𑄝𑄨 𑄇𑄧𑄣𑄧 - 𑄥𑄪𑄚𑄧𑄋𑄴।,Present
সুঁচালো,𑄥𑄪𑄚𑄧𑄋𑄴।,Past
১. চেহারা ২. চেহারা,𑄘𑄬𑄊𑄧𑄌𑄴𑄍𑄬।,Present
আইল না দো,𑄃𑄃𑄨𑄠𑄬 𑄚𑄧 𑄘𑄬𑄘𑄧।,Past
নানি কলা খেতে খেতে যাচ্ছে এবং কল দিে মেেরা বোতে আসছে,𑄚𑄧𑄚𑄝𑄨 𑄇𑄧𑄣 𑄈𑄘𑄬 𑄈𑄘𑄬 𑄬𑄎𑄢𑄬 𑄃𑄢𑄧 𑄇𑄧𑄣𑄧 𑄃𑄮𑄝𑄢𑄧𑄖𑄴 𑄟𑄟𑄪𑄘𑄊𑄨𑄖𑄴𑄪𑄚𑄴 𑄝𑄬𑄢𑄝𑄢𑄠𑄴 𑄃𑄬𑄎𑄧𑄋𑄧𑄢𑄴𑄣𑄮𑄃𑄨 ।,Present
চাংমাে এক ঝাঁক এলুমিে বসে আছে,𑄌𑄋𑄴𑄉𑄬 𑄃𑄬𑄇𑄴 𑄏𑄇𑄴 𑄃𑄎𑄪 𑄟𑄪𑄣𑄨𑄛𑄬𑄘 𑄝𑄉𑄚𑄧𑄖𑄴 𑄝𑄧𑄌𑄴𑄥𑄮𑄚𑄴 𑄃 𑄖𑄬𑄟𑄴𑄟𑄁 𑄉𑄧𑄖𑄴𑄖𑄧𑄚𑄴।,Present
তোমার ভাই হাতে একটা কাপ দিে তাাতাি বুঝে,𑄖𑄧 𑄞𑄬𑄃𑄨𑄝𑄮 𑄦𑄘𑄧𑄖𑄴 𑄃𑄬𑄇𑄴 𑄇𑄧𑄖𑄴𑄖 𑄇𑄝𑄮𑄌𑄴 𑄟𑄙𑄬𑄃𑄨 𑄟𑄙𑄬𑄃𑄨 𑄝𑄪𑄏𑄬 𑄘𑄬𑄢𑄴।,Present
কি বুঝে দো,𑄇𑄨 𑄝𑄪𑄏𑄬𑄃𑄨 𑄘𑄬𑄖𑄴𑄬।,Present
.স্বামী-স্ত্রী একসাথে কাজ করবে।,𑄚𑄧𑄚𑄝𑄨 𑄇𑄧𑄣𑄧 𑄇𑄟𑄴 𑄦𑄧𑄝𑄧 𑄛𑄢𑄛𑄁।,Future
বিঝুর সম যতগুলো ব হেছে,𑄝𑄨𑄏𑄪𑄖𑄴 𑄃𑄬𑄎𑄚𑄴 𑄃𑄬𑄎𑄚𑄴 𑄉𑄧𑄢𑄨𑄝𑄧𑄋𑄴 𑄇𑄪𑄠𑄇𑄨 𑄉𑄧𑄖𑄴𑄖𑄧𑄚𑄴𑄘𑄬 𑄥𑄪𑄚𑄴𑄚𑄮𑄋𑄴।,Present
এক জাতী বুনো ফল,𑄃 𑄇𑄨 𑄝𑄪𑄌𑄴𑄥𑄮𑄌𑄴।,Present
অনুনন থেকে বের হে যাওা,𑄃𑄧𑄚𑄪 𑄚𑄧𑄚𑄝𑄨𑄖𑄴𑄪𑄚𑄴 𑄎𑄚𑄨𑄝𑄢𑄴 𑄌𑄬𑄣𑄧।,Present
.নানি কল - বেশি চাা আর খেতে পারলাম না,𑄚𑄧𑄚𑄝𑄨 𑄇𑄧𑄣𑄧 - 𑄝𑄬𑄌𑄴 𑄌𑄧 𑄃𑄢𑄴 𑄟𑄳𑄦𑄬𑄖𑄴 𑄚𑄧 𑄛𑄬𑄣𑄪𑄋𑄴।,Past
অব্য পদ,𑄃𑄧𑄚𑄪 𑄃𑄧𑄣𑄧𑄢𑄴।,Present
কলা খেে গলা এক ধরনের পানি খেল,𑄇𑄧𑄣 𑄘𑄨𑄝𑄬 𑄈𑄬𑄃𑄨 𑄉𑄧𑄣𑄧𑄌𑄴𑄥𑄮𑄃𑄨 𑄃𑄬𑄇𑄴𑄈𑄬𑄚 𑄛𑄚𑄨 𑄈𑄬𑄣𑄧।,Past
মনে হ তার ভাই-বোনেরা মেনে চলে,𑄟𑄧𑄚𑄬 𑄟𑄧𑄚𑄬 𑄖 𑄞𑄬𑄃𑄨𑄝𑄮𑄢𑄬 𑄛𑄱-𑄍𑄠𑄪𑄚𑄬 𑄟𑄚𑄨 𑄌𑄧𑄣𑄧𑄚𑄴 𑄥𑄪𑄚𑄨 𑄃𑄪𑄌𑄴𑄌𑄮 𑄦𑄧𑄣𑄧।,Present
অনেক দিন পর নাাচাা করার পর নাচা করার পর নাচা করতেছে,𑄞𑄣𑄧𑄇𑄴 𑄘𑄨𑄚𑄴 𑄎𑄬𑄢𑄬 𑄚𑄧𑄚𑄝𑄨 𑄃𑄧𑄚𑄪𑄢𑄬 𑄛𑄬𑄃𑄨𑄚𑄬 𑄈𑄪𑄏𑄨।,Present
দ্রুত কুাকুা করার সমনা নানি কাপ পে,𑄝𑄬𑄉𑄬 𑄇𑄪𑄠𑄇𑄨 𑄉𑄧𑄢𑄧𑄚𑄴 𑄃𑄧𑄚𑄪𑄣𑄮𑄃𑄨 𑄚𑄧𑄚𑄝𑄨 𑄇𑄮𑄌𑄴 𑄛𑄛𑄨।,Present
তারা দুইজনে একসাথে খা না,𑄈𑄣𑄨𑄇𑄴 𑄖𑄢 𑄘𑄮𑄎𑄧𑄚𑄬 𑄈𑄟𑄴 𑄚𑄧 𑄈𑄚𑄴।,Present
নানিরা এক বছর হেছে,𑄚𑄧𑄚𑄝𑄨 𑄃𑄨𑄌𑄴𑄇𑄪𑄣𑄴 𑄃𑄬𑄎𑄳𑄠𑄘𑄬 𑄃𑄬𑄇𑄴 𑄝𑄧𑄏𑄧𑄢𑄴 𑄦𑄧𑄢𑄴 ।,Present
এই বামে কলুষ না থাকলে তার লেখা আর উঠে না,𑄃𑄬 𑄝𑄟𑄧𑄖𑄴 𑄇𑄧𑄣𑄬𑄌𑄴 𑄚𑄧 𑄗𑄚𑄠𑄴 𑄖𑄢𑄴 𑄣𑄬𑄊𑄛𑄧𑄢 𑄃𑄢𑄴 𑄚𑄧 𑄃𑄪𑄎𑄬𑄣𑄧।,Present
তার বাবা-মাও তাকে লেখাপা দো আর বেশি সহজ,𑄖 𑄝𑄛𑄴-𑄟𑄠𑄪𑄚𑄬𑄠𑄮 𑄖𑄢𑄬 𑄣𑄬𑄊𑄛𑄧𑄢 𑄥𑄨𑄊𑄬𑄘𑄬 𑄃𑄢𑄴 𑄝𑄬𑄌𑄴 𑄙𑄢𑄎𑄨 𑄚𑄧𑄠𑄴।,Present
নাচাা বাবা কথা না বলে বািতে বসে রইলেন,𑄚𑄧𑄚𑄝𑄨 𑄝𑄛𑄴𑄟 𑄇𑄧𑄙 𑄜𑄬𑄣𑄬𑄃𑄨 𑄚𑄧 𑄛𑄢𑄨 𑄊𑄧𑄢𑄧𑄖𑄴 𑄝𑄮𑄃𑄨 𑄢𑄧𑄣𑄧।,Past
লেখা যা পা যা সেগুলো ভুলে যাওা লাগবে,𑄣𑄬𑄊𑄛𑄧𑄢 𑄡 𑄛𑄧𑄎𑄳𑄠 𑄥𑄨𑄠𑄚𑄴𑄠𑄮 𑄛𑄪𑄢𑄨 𑄜𑄬𑄣𑄬𑄝𑄢𑄴 𑄃𑄧𑄇𑄴𑄖𑄧।,Future
.অপচ করে নানি আর একটু আপ্যান করে,𑄃𑄧𑄚𑄪 𑄙𑄢𑄌𑄴 𑄉𑄧𑄢𑄬 𑄚𑄧𑄚𑄝𑄨 𑄃𑄢𑄧 𑄃𑄬𑄇𑄴𑄇 𑄃𑄇𑄴𑄇𑄮𑄇𑄴।,Present
খালি কেন?,𑄈𑄣𑄨𑄇𑄴 𑄇𑄬𑄚𑄬?,Present
অনু মনে মনে চিন্তা করে উঠা যা না,𑄃𑄧𑄚𑄪 𑄟𑄧𑄚𑄬 𑄟𑄧𑄚𑄬 𑄞𑄝𑄨 𑄞𑄝𑄨 𑄃𑄪𑄘𑄧 𑄚𑄧 𑄛𑄠𑄴।,Present
সূর্য ডোবার সম পাহাের তলা আলো হেছে,𑄝𑄬𑄣𑄴 𑄦𑄣𑄬𑄚𑄬 𑄟𑄮𑄚𑄴 𑄖𑄧𑄣𑄖𑄴 𑄢𑄬 𑄢𑄬 𑄦𑄪𑄠𑄬।,Present
অনুনাকে কল দিতে হবে,𑄃𑄧𑄚𑄪 𑄚𑄧𑄚𑄝𑄨𑄢𑄬 𑄇𑄧𑄣𑄧 𑄣𑄧𑄢𑄴 𑄘𑄬 𑄛𑄧𑄢𑄨𑄝𑄧।,Future
অনুকুল পরিস্থিতি - তোমার মাকে বলো,𑄃𑄧𑄚𑄪 𑄇𑄧𑄣𑄧 - 𑄖𑄧𑄟𑄴𑄟𑄢𑄬 𑄇𑄧𑄉𑄮𑄃𑄨।,Present
নাইলের কল এই ঘরে আসবে নাকি?,𑄚𑄧𑄚𑄝𑄨 𑄇𑄧𑄣𑄧 𑄃𑄬 𑄞𑄨𑄘𑄨𑄢𑄬 𑄚𑄧 𑄃𑄬𑄝𑄬 𑄃𑄢𑄴?,Future
.কথা বলতে পারতেছি না,𑄇𑄮𑄃𑄨 𑄚𑄧 𑄛𑄢𑄧𑄋𑄧𑄢𑄴।,Present
বিঝুর লক্ষী আসবে নাকি?,𑄃 𑄝𑄨𑄏𑄪 𑄣𑄧𑄇𑄳𑄠𑄬 𑄚𑄧 𑄃𑄬𑄝𑄬 ?,Future
এই হলে পারবো না,𑄃𑄬𑄃𑄨 𑄦𑄧𑄣𑄬 𑄚𑄧 𑄛𑄢𑄨𑄟𑄴।,Future
তুমি কি আসতেছো?,𑄃 𑄖𑄪𑄃𑄨 𑄃𑄬𑄃𑄨𑄌𑄴 𑄚!,Present
মেেদের বািতে এই বিেটা,𑄟𑄨𑄖𑄪𑄘𑄊𑄨 𑄊𑄧𑄢𑄧𑄖𑄴 𑄃𑄬𑄃𑄨𑄌𑄴 𑄝𑄬𑄚𑄳𑄠।,Present
"এত বোঝা, এত বোঝা",𑄃𑄬𑄝𑄬 𑄝𑄪𑄏𑄧।,Present
.হওা- কলুষ,𑄦𑄧𑄘𑄬 - 𑄇𑄧𑄣𑄧 𑄃𑄧𑄚𑄪।,Present
.ন্যেস্বামীর কাছ থেকে তাবিজ নিে আসার সম নানিটা পাখানা করতে পারে।,𑄚𑄧𑄚𑄝𑄨 𑄟𑄝𑄮𑄖𑄴𑄪𑄚𑄴 𑄥𑄬𑄝𑄴𑄝𑄖𑄴𑄖 𑄣𑄧𑄃𑄨 𑄃𑄧𑄚𑄪𑄣𑄮𑄃𑄨 𑄚𑄧𑄚𑄝𑄨 𑄦𑄘 𑄙𑄧𑄢𑄴𑄣𑄇𑄴 𑄟𑄨𑄉𑄨𑄚𑄨 𑄛𑄢𑄧 𑄟𑄧𑄇𑄳𑄠𑄬।,Present
মিইনি নদীর মোহনা,𑄟𑄨𑄉𑄨𑄚𑄨 𑄛𑄢𑄧𑄇𑄪𑄢𑄬 𑄃𑄧𑄟 𑄍𑄢 𑄃𑄟𑄴 𑄝𑄉𑄚𑄴।,Present
"কাঠাল গাছ, জাম গাছ ও আছে","𑄇𑄖𑄴𑄖𑄧𑄣𑄴 𑄉𑄌𑄴, 𑄎𑄟𑄴 𑄉𑄌𑄴 𑄃𑄢𑄧 𑄚𑄚 𑄝𑄝𑄧𑄖𑄳𑄠 𑄉𑄌𑄴 𑄃𑄮 𑄃𑄊𑄧𑄚𑄴।",Present
ছাা বাগানের মধ্যে দিে হেঁটে যাওার পথ,𑄍𑄢 𑄝𑄉𑄚𑄧 𑄇𑄎𑄘𑄨 𑄉𑄧𑄢𑄨 𑄦𑄘𑄨𑄝𑄢𑄴 𑄛𑄧𑄗𑄴 ।,Present
.পথটা বেঙাকার চরের সাথে মিশে গেছে।,𑄛𑄧𑄗𑄴𑄗𑄚𑄴 𑄝𑄬𑄋𑄇𑄧𑄋𑄉𑄧𑄢𑄨 𑄌𑄧𑄢𑄴 𑄥𑄧𑄁 𑄡𑄬𑄚𑄬 𑄟𑄨𑄉𑄨𑄚𑄨𑄖𑄴 𑄗𑄪𑄟𑄴 𑄦𑄪𑄠𑄳𑄠।,Present
"মিইনি নদী পার হলে খেত,ভুই সে গ্রাম","𑄟𑄨𑄉𑄨𑄚𑄨𑄠𑄚𑄴 𑄛𑄢𑄴 𑄦𑄧𑄣𑄬 𑄈𑄬𑄖𑄴, 𑄞𑄪𑄃𑄨 𑄖𑄬 𑄃𑄘𑄟𑄴।",Present
এত ব করে অনুন ভাইকে কল - আমি বলতেছি তুমি কলেজে ভর্তি হও,𑄃𑄬𑄖𑄴𑄖𑄬 𑄃𑄬𑄖𑄴𑄖𑄬 𑄃𑄧𑄚𑄪 𑄚𑄧𑄚𑄢𑄬 𑄇𑄧𑄣𑄧 - 𑄟𑄪𑄃𑄨 𑄇𑄧𑄋𑄧𑄖𑄴𑄬 𑄖𑄪𑄃𑄨 𑄇𑄧𑄣𑄬𑄎𑄧𑄖𑄴 𑄞𑄧𑄖𑄴𑄖𑄨 𑄦𑄧!,Present
.কেকদিন পর পর নানিদের কলকলানি দেখে কি করবো!,𑄇𑄇𑄴𑄈𑄧𑄚𑄴 𑄎𑄬𑄢𑄬 𑄚𑄧𑄚𑄝𑄨 𑄃𑄧𑄚𑄪𑄢𑄬 𑄇𑄧𑄣𑄧 𑄝𑄘𑄊𑄨 𑄚𑄧 𑄌𑄚𑄴 𑄇𑄨 𑄉𑄧𑄢𑄨𑄟𑄴!,Future
অনুকুল পরিস্থিতি হলে তুমি ভ পাও,𑄃𑄧𑄚𑄪 𑄇𑄧𑄣𑄧 𑄖𑄪𑄃𑄨 𑄞𑄧𑄖𑄴𑄖𑄨 𑄦𑄧𑄚।,Present
তাাতাি পরীক্ষা দিতে হবে না,𑄎𑄬𑄢𑄬 𑄚𑄧𑄠𑄴 𑄛𑄧𑄢𑄨𑄇𑄴𑄈𑄬 𑄘𑄨𑄝𑄬𑄘𑄬 𑄃𑄠𑄴।,Future
পারবো বুঝছো?,𑄛𑄢𑄨𑄟𑄴 𑄝𑄪𑄏𑄧?,Future
"১. বিশ্বাস করা, ২. বিশ্বাস করা",𑄃𑄃𑄨𑄠𑄬 𑄚𑄧 𑄛𑄖𑄴𑄬।,Present
ভো সেনে পাতা হছে,𑄞𑄬𑄃𑄨𑄘𑄮 𑄥𑄬𑄚𑄬 𑄛𑄥𑄴 𑄉𑄧𑄖𑄴𑄖𑄧𑄚𑄴।,Present
অনু কথা শুনে নর্তকী একটু ভ পেল,𑄃𑄧𑄚𑄪 𑄇𑄧𑄙 𑄥𑄪𑄚𑄨𑄚𑄬 𑄚𑄧𑄚𑄝𑄨𑄢𑄴 𑄃𑄬𑄇𑄴𑄇 𑄘𑄨𑄣𑄴 𑄘𑄧𑄢𑄧 𑄦𑄧𑄣𑄧।,Past
মনে হ কাউকে দেখে টাকা উপার্জন করবো আর আমি তোকে পে দিবো,𑄟𑄧𑄚𑄬 𑄟𑄧𑄚𑄬 𑄇𑄇𑄴𑄈𑄧𑄚𑄴 𑄝𑄨𑄎𑄨𑄢𑄬𑄃𑄨 𑄌𑄬𑄃𑄨 𑄇𑄧𑄣𑄧 𑄟𑄪𑄃𑄨 𑄥𑄣𑄬 𑄖𑄬𑄋 𑄛𑄧𑄠𑄴𑄎𑄳𑄠 𑄇𑄝𑄮𑄌𑄴𑄌𑄚𑄨 𑄎𑄪𑄉𑄮𑄣𑄴𑄉𑄧𑄢𑄨 𑄖𑄧𑄢𑄬 𑄛𑄘𑄬𑄃𑄨 𑄘𑄨𑄟𑄴!,Future
কাপগুলো পাত দিে দিলে হবে,𑄇𑄝𑄮𑄌𑄴𑄌𑄚𑄨 𑄛𑄘𑄬𑄃𑄨 𑄘𑄨𑄣𑄬 𑄦𑄧𑄝𑄧।,Future
টাকাগুলো না দিে আমি দিলাম,𑄖𑄬𑄋𑄠𑄪𑄚𑄴 𑄚𑄧𑄠𑄴 𑄟𑄪𑄃𑄨 𑄘𑄨𑄣𑄧𑄁!,Past
অনু কথা শুনে নাাচাা করো - তুমি কোথা পাবে?,𑄃𑄧𑄚𑄪 𑄇𑄧𑄙 𑄥𑄪𑄚𑄨 𑄚𑄧𑄚𑄝𑄨 𑄇𑄧𑄣𑄧 - 𑄃 𑄖𑄪𑄃𑄨 𑄖𑄬𑄋 𑄇𑄪𑄙𑄪 𑄛𑄬𑄝𑄬?,Future
আমার কি টাকা আছে!,𑄟𑄧𑄢𑄴 𑄇𑄨 𑄖𑄬𑄋 𑄢𑄳𑄦𑄖𑄴!,Present
ভালো কাজে টাকা খরচ করতে হ না,𑄉𑄧𑄟𑄴 𑄇𑄟𑄧𑄖𑄴 𑄖𑄬𑄋 𑄛𑄧𑄠𑄴𑄎𑄳𑄠 𑄛𑄘𑄬 𑄒𑄬𑄉 𑄚𑄧 𑄛𑄧𑄢𑄬!,Present
.অন্যের কথা শুনে নানি আর বল বালো,𑄃𑄧𑄚𑄪 𑄇𑄧𑄙 𑄥𑄪𑄚𑄨 𑄚𑄧𑄚𑄝𑄨 𑄃𑄢𑄧 𑄝𑄧𑄣𑄴 𑄝𑄢𑄨𑄣𑄧।,Present
ক্লাস ফাকি দিেও মুখ বাঁকা করবো,𑄇𑄬𑄣𑄌𑄴 𑄚𑄧 𑄉𑄧𑄣𑄴𑄣𑄬𑄠𑄮 𑄟𑄪𑄃𑄨 𑄛𑄥𑄴 𑄉𑄧𑄢𑄨𑄟𑄴।,Future
মনে হ এক মাছের কাজ মাথা হবে না,𑄟𑄧𑄚𑄬 𑄟𑄧𑄚𑄬 𑄢𑄨𑄚𑄨 𑄌𑄬𑄃𑄨 𑄝𑄪𑄏𑄨𑄣𑄧 - 𑄃𑄬𑄇𑄴 𑄟𑄏𑄧 𑄞𑄨𑄘𑄨𑄘𑄬 𑄇𑄟𑄴𑄠𑄚𑄴 𑄥𑄨𑄢𑄬𑄘𑄬 𑄖𑄬𑄊 𑄚𑄧 𑄦𑄧𑄝𑄧।,Future
.আমের বাগানগুলো এখন রোদ পোহাচ্ছে,𑄃𑄟𑄴 𑄝𑄉𑄚𑄧𑄇𑄪𑄢𑄬 𑄃𑄬𑄃𑄨𑄚𑄬 𑄇𑄇𑄴𑄈𑄧𑄚𑄴 𑄍𑄝𑄖𑄴 𑄝𑄮𑄃𑄨 𑄢𑄧𑄣𑄇𑄴।,Present
সূর্য ডোবার সম,𑄝𑄬𑄣𑄴 𑄎𑄪𑄢𑄧 𑄛𑄧𑄢 𑄙𑄧𑄎𑄳𑄠।,Present
পথ পাছারা গরুগুলো ঘিে ঘিে খেে যাচ্ছে,𑄛𑄧𑄙𑄧 𑄛𑄎𑄢 𑄈𑄬𑄢𑄚𑄨 𑄉𑄧𑄢𑄪𑄠𑄪𑄚𑄬 𑄊𑄧𑄚𑄴𑄘𑄨 𑄢𑄧 𑄝𑄎𑄬𑄃𑄨 𑄝𑄎𑄬𑄃𑄨 𑄈𑄬𑄃𑄨 𑄡𑄘𑄧𑄚𑄴 ।,Present
দূরে দূরে গ্রামের কলরব শোনা যা,𑄘𑄪𑄢𑄮𑄖𑄴 𑄃𑄘𑄟𑄧𑄢𑄴 𑄇𑄪𑄢𑄧 𑄢𑄧 𑄥𑄪𑄚𑄧 𑄡𑄢𑄴।,Present
.অন্যরা সবাই সমান সমান করে কথা বলে,𑄚𑄧𑄚𑄝𑄨𑄣𑄮𑄃𑄨 𑄃𑄧𑄚𑄪 𑄟𑄪𑄎𑄪𑄋𑄧 𑄟𑄪𑄎𑄪𑄋𑄨 𑄉𑄧𑄢𑄨 𑄝𑄮𑄃𑄨 𑄇𑄧𑄙 𑄇𑄧𑄙𑄧𑄚𑄴।,Present
অনুকুল-পাছা করলে তো ঢাকা পতে হবে,𑄃𑄧𑄚𑄪 𑄇𑄧𑄣𑄧 - 𑄛𑄥𑄴 𑄉𑄧𑄣𑄴𑄣𑄬 𑄘𑄧 𑄔𑄇𑄖𑄴 𑄛𑄧𑄢𑄨𑄟𑄴𑄝𑄮𑄃𑄨।,Future
নাক থেকে কল আসতেছে!,𑄚𑄧𑄚𑄝𑄨 𑄇𑄧𑄣𑄧 𑄃 𑄥𑄬𑄖𑄴𑄘𑄪𑄢𑄧𑄖𑄴!,Present
.মাছটা বিদা দিচ্ছে।,𑄟𑄚𑄴𑄎𑄬 𑄝𑄨𑄘𑄬𑄌𑄴 𑄡𑄘𑄧𑄚𑄴 𑄃𑄧𑄚𑄪 𑄇𑄧𑄣𑄧।,Present
আমি তো কলেজও দেখি না,𑄚𑄧𑄚𑄝𑄨 𑄇𑄧𑄣𑄧 𑄃𑄟𑄨 𑄘𑄧 𑄇𑄧𑄣𑄬𑄎𑄧 𑄟𑄪𑄠𑄮 𑄚𑄧 𑄘𑄬𑄊𑄨𑄢𑄴।,Present
আইে না দো,𑄃𑄃𑄨𑄠𑄬 𑄚𑄧 𑄘𑄬𑄘।,Present
ভাই-বোনেরা কলেজ পতেছে,𑄞𑄬𑄃𑄨𑄘𑄮 𑄃𑄨𑄇𑄴𑄇𑄪𑄚𑄪 𑄇𑄧𑄣𑄬𑄎𑄧𑄖𑄴 𑄛𑄧𑄢𑄧𑄘𑄧𑄚𑄴𑄘𑄮𑄃𑄨।,Present
.অন্যের কথা শুনে নাাচাা করিস কেন?,𑄃𑄧𑄚𑄪 𑄇𑄧𑄙 𑄥𑄪𑄚𑄨 𑄚𑄧𑄚𑄝𑄨 𑄇𑄧𑄣𑄧 𑄃𑄨𑄌𑄴 !,Present
আমাদের বািতেও জন কলুষ থাকে,𑄃𑄟 𑄝𑄳𑄦𑄟𑄧𑄖𑄴𑄠𑄮 𑄎𑄧𑄚𑄨 𑄇𑄧𑄣𑄬𑄌𑄴 𑄗𑄬𑄘𑄧!,Present
.ন্যাকামি কথা শুনে বুকটা ছিে উঠল,𑄚𑄧𑄚𑄝𑄨 𑄇𑄧𑄙 𑄥𑄪𑄚𑄨 𑄃𑄧𑄚𑄪 𑄝𑄪𑄇𑄴𑄱 𑄍𑄳𑄠𑄀𑄖𑄴 𑄉𑄧𑄢𑄨 𑄃𑄪𑄙𑄨𑄣𑄨 ।,Past
"হ্যাঁ, জ্বি",𑄦𑄧𑄠𑄴𑄘𑄧 ।,Present
এখানে মানুষদের ক্লাস ফাকি দেওার জন্য ভো কলেজ পে যে পাখানা হ,𑄃𑄨𑄙𑄪 𑄎𑄧𑄚𑄨 𑄇𑄧𑄣𑄬𑄌𑄴 𑄗𑄬𑄘𑄧 𑄞𑄬𑄃𑄨𑄘𑄮 𑄇𑄧𑄣𑄬𑄎𑄧𑄖𑄴 𑄛𑄧𑄢𑄨 𑄃𑄪𑄉𑄪𑄢𑄬 𑄇𑄬𑄣𑄎𑄧𑄖𑄴 𑄡𑄬𑄃𑄨 𑄛𑄢𑄴𑄣𑄇𑄴𑄇𑄪𑄚𑄴।,Present
বৈদ্যরা কলেজ না থাকা নাচা করে দুপা ফাঁক করে কোথা গিে পতেছে,𑄝𑄳𑄦𑄟𑄧𑄖𑄴 𑄇𑄧𑄣𑄬𑄎𑄧 𑄚𑄧 𑄗𑄚𑄠𑄴 𑄚𑄧𑄚𑄝𑄨𑄘𑄊𑄨 𑄘𑄧𑄇𑄳𑄠 𑄞𑄬𑄃𑄨𑄘𑄮𑄎𑄧𑄚𑄧𑄢𑄴 𑄃𑄠𑄮𑄌𑄴𑄌𑄚𑄨 𑄃𑄧𑄛𑄘𑄢𑄧𑄖𑄴 𑄇𑄪𑄙𑄪 𑄡𑄬𑄃𑄨𑄚𑄬 𑄏𑄧𑄢𑄨 𑄛𑄧𑄢𑄬𑄢𑄴 ।,Present
.অপ বুকে কি যেন বারি দিে ব্যাথা করতেছে,𑄃𑄧𑄚𑄪 𑄝𑄪𑄇𑄴𑄱𑄢𑄬 𑄇𑄨 𑄡𑄬𑄚𑄬 𑄃𑄟𑄨𑄎𑄬𑄃𑄨 𑄝𑄢𑄨 𑄘𑄨 𑄘𑄨 𑄛𑄨𑄢𑄬 𑄜𑄪𑄘𑄬 𑄘𑄬𑄢𑄴।,Present
নাছোবান্দা কথা বললে মনে ঠাঁই পেল,𑄚𑄧𑄚𑄝𑄨 𑄃𑄘𑄬𑄇𑄳𑄠𑄉𑄧𑄢𑄨 𑄇𑄧𑄙 𑄟𑄬𑄣𑄨𑄣𑄬 𑄃𑄧𑄚𑄪 𑄒𑄚𑄴 𑄛𑄬𑄣𑄧।,Past
নাক থেকে রক্ত পার শব্দ,𑄚𑄧𑄚𑄝𑄨 𑄇𑄧𑄣𑄧 𑄃।,Present
কি চিন্তা করো,𑄇𑄨 𑄌𑄨𑄙𑄬 𑄉𑄧𑄢𑄧𑄢𑄴।,Present
"না, না সূচক শব্দ",𑄚𑄧𑄠𑄴।,Present
bdmean,𑄝𑄳𑄦।,Present
নাচিে হ না,𑄚𑄧 𑄇𑄧𑄖𑄴𑄬 𑄦𑄧𑄠𑄴।,Present
তোমার এক ফন্দি আছে-অতিরিক্ত কথা দিল,𑄖𑄧𑄢𑄴 𑄃𑄬𑄇𑄴 𑄌𑄨𑄙𑄬 𑄃𑄧𑄠𑄴 - 𑄃𑄧𑄚𑄪 𑄎𑄮𑄝𑄴 𑄘𑄨𑄣𑄧।,Past
ননদ আর স্ত্রীকে ধরলো না,𑄚𑄧𑄚𑄝𑄨 𑄃𑄢𑄧 𑄙𑄬𑄢𑄬𑄇𑄧𑄢𑄬 𑄙𑄧𑄢𑄴𑄣𑄧 𑄚𑄳𑄦।,Past
কোন সুন্দরকে এখানে তুলো,𑄇𑄧𑄚𑄴 𑄘𑄮𑄣𑄴𑄝𑄨𑄢𑄬 𑄃𑄩𑄙𑄮𑄖𑄴 𑄖𑄪𑄣𑄮𑄢𑄴।,Present
অনুকুল অবস্থা তোমার শুধু সেটার আসা আসা,𑄃𑄧𑄚𑄪 𑄇𑄧𑄣𑄧 𑄖𑄧𑄢𑄴 𑄝𑄚 𑄥𑄳𑄠 𑄥𑄨𑄠𑄮𑄁𑄱𑄥𑄟𑄚𑄨 𑄃𑄧𑄠𑄴।,Present
ননদকে দৌাদৌি করতে বললে আমার আর কে থাকতে পারে,𑄚𑄧𑄚𑄝𑄨𑄢𑄬 𑄖𑄪𑄉𑄪𑄢𑄨 𑄌𑄨𑄝𑄨 𑄘𑄨𑄚𑄬 𑄇𑄧𑄣𑄧 𑄖𑄪𑄃𑄨 𑄝𑄘𑄬 𑄟𑄧𑄢𑄴 𑄃𑄢𑄴 𑄇𑄧𑄚𑄴𑄚 𑄗𑄬𑄃𑄨 𑄛𑄢𑄬!,Present
.স্বামী-স্ত্রী একনাগাে উঠে গেল,𑄚𑄧𑄚𑄝𑄨 𑄟𑄪𑄠𑄚𑄴 𑄃𑄬𑄇𑄴𑄇𑄬𑄚 𑄛𑄧𑄖𑄴𑄛𑄧𑄖𑄳𑄠 𑄦𑄮𑄃𑄨 𑄃𑄪𑄙𑄨𑄣𑄧 ।,Past
দুইজনে কিছুক্ষণ পর পর চামা করে আলাদা হলো,𑄘𑄨 𑄎𑄧𑄚𑄬 𑄞𑄣𑄧𑄇𑄴𑄈𑄧𑄚𑄴 𑄢𑄨𑄚𑄨 𑄌 𑄌𑄨 𑄉𑄧𑄢𑄨𑄚𑄬 𑄜𑄢𑄧𑄇𑄴 𑄦𑄧𑄣𑄇𑄴।,Past
বিঝু এলো,𑄝𑄨𑄏𑄪 𑄃𑄬𑄣𑄧।,Past
"গ্রাম,খাওা উচ্চ তাবোল খেলছে","𑄃𑄘𑄟𑄧𑄖𑄴, 𑄌𑄉𑄣𑄖𑄴 𑄃𑄪𑄌𑄴𑄌𑄮𑄢𑄴 𑄖𑄝𑄮𑄣𑄴 𑄈𑄬𑄣𑄬𑄢𑄴।",Present
বািতে বািতে নাাচাা চলতেছে,𑄊𑄧𑄢𑄬 𑄊𑄧𑄢𑄬 𑄚 𑄚 𑄎𑄠𑄴𑄎𑄪𑄇𑄴𑄇𑄮𑄣𑄴 𑄌𑄧𑄣𑄬𑄢𑄴।,Present
কাগজটা তো আছে,𑄛𑄏𑄮𑄚𑄴 𑄘𑄧 𑄃𑄊𑄬।,Present
"মদ, জো, তামাক, মধু, দই, পিঠা আর নানা ধরনের পিঠা","𑄟𑄧𑄘𑄴, 𑄎𑄧𑄉𑄧𑄢, 𑄇𑄚𑄴𑄎𑄨, 𑄟𑄧𑄙𑄪, 𑄘𑄮𑄃𑄨, 𑄛𑄨𑄙𑄬 𑄃𑄢𑄧 𑄚𑄚 𑄝𑄝𑄧𑄖𑄳𑄠 𑄘𑄧𑄢𑄧𑄛𑄴।",Present
আগুনটা দাউ দাউ করে জ্বলতেছে,𑄃𑄉𑄧𑄥𑄚𑄴 𑄝𑄨𑄏𑄪 𑄚𑄧 𑄦𑄧𑄢𑄴।,Present
"বািটা, জঙ্গলটা ভে বেছে","𑄊𑄧𑄢𑄴𑄝𑄱, 𑄏𑄢𑄴𑄝𑄱 𑄓𑄧𑄢𑄬 𑄟𑄚𑄴𑄎𑄮𑄢𑄴 𑄝𑄨𑄏𑄪 𑄃𑄪𑄌𑄴𑄌𑄮 𑄡𑄬𑄚𑄬 𑄙𑄨𑄃𑄨𑄠𑄬।",Present
.পুরাতন সুতাগুলো যা পারা যা তো বিঝু করে,𑄛𑄪𑄢𑄧𑄚𑄨 𑄥𑄪𑄘𑄮𑄟𑄴 𑄡 𑄛𑄢𑄧𑄚𑄴 𑄖𑄮 𑄝𑄨𑄏𑄪𑄢𑄴 𑄎𑄠𑄴𑄎𑄪𑄇𑄴𑄇𑄮𑄣𑄴 𑄉𑄧𑄢𑄧𑄚𑄴।,Present
আগে নাকি বেশি হেছে,𑄃𑄉𑄬 𑄚 𑄚 𑄃𑄪𑄌𑄴𑄌𑄮 𑄦𑄧𑄘𑄧।,Present
"ঘিলা খেলা,নাাচাা করা, তাাতাি খেলা,পাহাের খেলা,পাহাের খেলা","𑄊𑄨𑄣 𑄈𑄢, 𑄚𑄙𑄬𑄁 𑄈𑄢, 𑄛𑄮𑄢𑄴 𑄈𑄢, 𑄖𑄌𑄴𑄈𑄢, 𑄛𑄎 𑄈𑄢 𑄃𑄢𑄧 𑄞𑄬𑄃𑄨𑄘𑄮 𑄈𑄢।",Present
সেগুলো কোথা যেন মেেগুলো গেছে,𑄥𑄨𑄠𑄚𑄨 𑄇𑄪𑄙𑄪 𑄡𑄬𑄚𑄬 𑄟𑄨𑄣𑄬𑄃𑄨 𑄡𑄨𑄃𑄨𑄠𑄬𑄉𑄮𑄃𑄨।,Present
"বািটা, জঙ্গলটা রাতের বেলা মাথা পে","𑄊𑄧𑄢𑄴𑄝𑄮, 𑄏𑄢𑄴𑄝𑄮 𑄢𑄬𑄚𑄢𑄬𑄚𑄨 𑄟𑄚𑄴𑄎𑄮 𑄟𑄙𑄖𑄴 𑄛𑄧𑄢𑄬 𑄥𑄨𑄣𑄴।",Present
"অনুর্বর এখন এখানে গরু দৌাচ্ছে, করে নাচ","𑄃𑄧𑄚𑄪𑄢𑄴 𑄃𑄬𑄝𑄧 𑄃𑄨𑄙𑄮𑄖𑄴 𑄃𑄊𑄬 𑄉𑄧𑄢𑄪 𑄣𑄢𑄬𑄃𑄨, 𑄉𑄧𑄢𑄬𑄠𑄬 𑄚𑄌𑄴।",Present
ছিঁা মাটিতে মিশে যাওার সম দেখা দে,𑄍𑄨𑄉𑄧𑄚𑄧 𑄃𑄧𑄇𑄴𑄖𑄧𑄖𑄴 𑄥𑄧𑄟𑄎𑄳𑄠 𑄟𑄨𑄣𑄨𑄚𑄬 𑄌 𑄡𑄬𑄘𑄇𑄴।,Present
ধর্ম কাজ হওা,𑄇𑄨𑄠𑄧𑄋𑄧𑄖𑄴 𑄙𑄧𑄢𑄴𑄟𑄧 𑄇𑄟𑄴 𑄦𑄧𑄘𑄧।,Present
.ফুল বিঝুর রাতে কুাকুিগুলো সব গুো করে,𑄜𑄪𑄣𑄴 𑄝𑄨𑄏𑄪 𑄢𑄬𑄘𑄮𑄖𑄴 𑄉𑄪𑄘𑄪𑄈𑄢 𑄇𑄨 𑄚 𑄃𑄪𑄌𑄴𑄌𑄮𑄢𑄴 𑄃𑄨𑄇𑄴𑄇𑄪𑄚𑄪 𑄝𑄬𑄇𑄴𑄇𑄚𑄨 𑄡𑄬𑄚𑄬 𑄥𑄧𑄝𑄧𑄚𑄴।,Present
.পুরাতন পোশাকটি এখন যে কোন পাহাে পরিধান করা হ,𑄛𑄪𑄢𑄧𑄚𑄨 𑄥𑄪𑄘𑄮𑄟𑄴 𑄃𑄬𑄝𑄧 𑄡𑄬𑄋𑄬𑄢𑄨 𑄛𑄢𑄧𑄚𑄴 𑄟𑄚𑄴𑄎𑄳𑄠 𑄛𑄣𑄚𑄴।,Present
"সারাদিন এক মহাজন টাকা উপার্জন করছে, তবুও ভালো করে বিঝু করতে পারে না","𑄘𑄨𑄚𑄴 𑄃𑄨𑄇𑄴𑄇𑄪 𑄟𑄚𑄴𑄎𑄮𑄢𑄴 𑄖𑄬𑄋𑄛𑄧𑄠𑄴𑄎𑄳𑄠 𑄢𑄳𑄦𑄖𑄴, 𑄃𑄠𑄮𑄌𑄴 𑄗𑄬𑄣𑄬𑄠𑄯 𑄉𑄧𑄟𑄬 𑄝𑄨𑄏𑄪 𑄉𑄧𑄢𑄨 𑄚𑄧 𑄛𑄢𑄧𑄚𑄴।",Present
বিঝু আসলে জুনিেরা মিলে বিঝু খাবে,𑄝𑄨𑄏𑄪 𑄃𑄬𑄣𑄬 𑄎𑄪𑄚𑄪 𑄥𑄧𑄟𑄎𑄳𑄠𑄣𑄮𑄃𑄨 𑄟𑄨𑄣𑄨𑄚𑄬 𑄝𑄨𑄏𑄪 𑄈𑄬𑄘𑄧।,Future
দুই এক বছর হেছে তাদের সমাজটা না না কাজ করতেছে,𑄘𑄨 𑄃𑄬𑄇𑄴 𑄝𑄧𑄏𑄧𑄢𑄴 𑄦𑄧𑄢𑄴 𑄖𑄢 𑄥𑄧𑄟𑄎𑄳𑄠𑄠𑄪𑄚𑄬 𑄝𑄨𑄏𑄪𑄖𑄴 𑄚 𑄚 𑄇𑄟𑄴 𑄦𑄘𑄧𑄖𑄴 𑄣𑄧𑄘𑄧𑄚𑄴।,Present
এবার বিকালেও জোনাকিরা কি কাজ করতে পারে না,𑄃𑄬𑄝𑄢𑄧 𑄝𑄨𑄏𑄪𑄖𑄴𑄠𑄮 𑄎𑄪𑄚𑄪𑄘𑄊𑄨 𑄇𑄨 𑄇𑄟𑄴 𑄉𑄧𑄢𑄴𑄖𑄧𑄚𑄴 𑄇𑄬𑄠𑄧𑄃𑄨 𑄇𑄧𑄃𑄨 𑄚𑄧 𑄛𑄢𑄧𑄚𑄴।,Present
বিঝুর দুই সাপ আগে থেকে ধরে নিে গেছে,𑄝𑄨𑄏𑄪𑄢𑄴 𑄥𑄛𑄴𑄖 𑄘𑄨 𑄥𑄛𑄴𑄖 𑄃𑄉𑄬𑄖𑄴𑄪𑄚𑄴 𑄙𑄧𑄢𑄨 𑄎𑄪𑄚𑄪 𑄃𑄎𑄮𑄢𑄴 𑄚𑄬𑄃𑄨 ।,Present
কি কাজ করা যা মনে হ,𑄇𑄨 𑄇𑄟𑄴 𑄉𑄧𑄢 𑄡𑄬 𑄛𑄢𑄬 𑄞𑄝𑄧𑄘𑄧𑄚𑄴।,Present
তাদের সংসার থেকে বের হে আসতে হ,𑄖𑄢 𑄥𑄧𑄟𑄎𑄳𑄠𑄠𑄪𑄚𑄧𑄢𑄴 𑄃𑄨𑄌𑄴𑄇𑄪𑄣𑄧𑄖𑄴𑄖𑄪𑄚𑄴 𑄃𑄬𑄣𑄬𑄉𑄮𑄃𑄨 𑄇𑄨 𑄘𑄪𑄝𑄧𑄘𑄪𑄝𑄨 𑄛𑄧𑄢𑄬।,Present
পোকামাক দিলেও বলে না,𑄛𑄪𑄏𑄢𑄴 𑄉𑄧𑄢𑄴𑄣𑄬𑄃𑄮 𑄚𑄧 𑄇𑄧𑄚𑄴।,Present
তাদের সাথে কথা বলতে বললে বুোটাও উে উঠে,𑄖𑄢𑄢𑄬 𑄎𑄧𑄙 𑄎𑄧𑄙 𑄉𑄧𑄢𑄨 𑄟𑄨𑄣𑄧𑄘𑄬 𑄘𑄬𑄣𑄬 𑄝𑄪𑄢𑄧𑄠𑄪𑄚𑄧𑄢𑄴𑄠𑄮 𑄃𑄪𑄌𑄴𑄌𑄮𑄛𑄪𑄇𑄴 𑄃𑄪𑄙𑄬।,Present
.ফুল বিঝুর দিন,𑄜𑄪𑄣𑄴 𑄝𑄨𑄏𑄪 𑄘𑄨𑄚𑄴।,Present
জোনাকির আলো ফোটার আগে ঘুম থেকে উঠে গেল,𑄎𑄪𑄚𑄪 𑄛𑄳𑄦𑄧𑄢𑄴 𑄜𑄪𑄘𑄨𑄝𑄢𑄴 𑄃𑄉𑄬 𑄊𑄪𑄟𑄧𑄖𑄴𑄪𑄚𑄴 𑄃𑄪𑄙𑄨𑄣𑄧।,Past
যুদ্ধ করতে করতে কোথা চলে গেল,𑄎𑄪𑄉𑄮𑄣𑄴 𑄦𑄮𑄃𑄨 𑄇𑄪𑄙𑄪 𑄡𑄬𑄚𑄬 𑄉𑄬𑄣𑄧।,Past
.ফিরে আসলো দুই তিন জন মানুষ,𑄜𑄨𑄢𑄨 𑄃𑄬𑄣𑄧 𑄘𑄨 𑄖𑄨𑄚𑄴 𑄎𑄧𑄚𑄴 𑄥𑄧𑄟𑄎𑄳𑄠𑄣𑄮𑄃𑄨।,Past
সামাজিক লোকজন তাকে বািে বোই করে যার বািতে যা,𑄥𑄧𑄟𑄎𑄳𑄠𑄠𑄪𑄚𑄴 𑄖𑄢𑄬 𑄊𑄧𑄢𑄧𑄖𑄴 𑄝𑄢𑄬𑄃𑄨 𑄇𑄇𑄴𑄈𑄧𑄚𑄴 𑄇𑄨 𑄡𑄬𑄚𑄬 𑄇𑄪𑄠𑄝𑄪𑄣𑄧𑄉𑄧𑄢𑄨 𑄡 𑄡 𑄊𑄧𑄢𑄧𑄖𑄴 𑄉𑄬𑄣𑄇𑄴।,Present
.রুমে বই রেখে কিছুক্ষণ পরে ভাত খেলাম।,𑄉𑄪𑄘𑄨𑄖𑄴 𑄝𑄧𑄃𑄨 𑄟𑄙𑄬𑄃𑄨 𑄇𑄇𑄴𑄈𑄧𑄚𑄴 𑄎𑄬𑄢𑄬 𑄞𑄖𑄴 𑄈𑄬𑄣𑄧।,Past
ভাত খেে দ্রুত বাি থেকে বের হে আসলো,𑄞𑄖𑄴 𑄈𑄬𑄃𑄨 𑄎𑄨𑄢𑄬𑄃𑄨 𑄝𑄬𑄣𑄳𑄠 𑄟𑄙𑄚𑄴𑄉𑄧𑄢𑄨 𑄊𑄧𑄢𑄧𑄖𑄴𑄪𑄚𑄴 𑄚𑄨𑄉𑄨𑄣𑄨𑄣𑄧।,Past
.অন্যেরা তাকে কি করে কি করেনা তা দেখার জন্য তাকালো।,𑄃𑄧𑄚𑄪 𑄖𑄢𑄬 𑄇𑄨 𑄉𑄧𑄢𑄬𑄢𑄴 𑄇𑄨 𑄚𑄧 𑄉𑄧𑄢𑄬𑄢𑄴 𑄌𑄮𑄇𑄴 𑄘𑄨𑄝𑄢𑄴 𑄌𑄬𑄣𑄧।,Past
.কোনটা মাটি পেেছে?,𑄇𑄧𑄚𑄧𑄇𑄴𑄈𑄚𑄴 𑄟𑄳𑄦𑄬𑄖𑄴 𑄚𑄧 𑄛𑄬𑄣𑄧।,Present
.মূল বিঝুর বোটা ঝাকিে আছে,𑄟𑄪𑄣𑄴 𑄝𑄨𑄏𑄪 𑄝𑄬𑄚𑄳𑄠 𑄏𑄘𑄨 𑄉𑄘𑄨𑄣𑄧।,Present
দুই ভাত খেে বিঝু খাওা হলো,𑄘𑄨𑄝𑄬 𑄞𑄖𑄴 𑄈𑄬𑄃𑄨 𑄝𑄨𑄏𑄪 𑄈 𑄣𑄟𑄨𑄣𑄧।,Past
অনুসরণ করে তার মা বিঝুর সাথে যোগ দিল,𑄃𑄧𑄚𑄪𑄣𑄮𑄃𑄨 𑄖𑄟𑄴𑄟 𑄝𑄨𑄏𑄪 𑄎𑄪𑄇𑄴𑄇𑄧𑄣𑄴 𑄉𑄧𑄢 𑄙𑄧𑄢𑄴𑄣𑄇𑄴𑄴।,Past
তার বাপে কিে গেল,𑄖 𑄝𑄝𑄬 𑄇𑄨𑄠𑄧𑄋𑄧𑄖𑄴 𑄉𑄬𑄣𑄧।,Past
তার বাবা কোথা থেকে আসতেছে,𑄖 𑄝𑄝𑄬 𑄇𑄨𑄠𑄧𑄋𑄧𑄖𑄴𑄪𑄚𑄴 𑄃𑄬𑄣𑄧𑄉𑄮𑄃𑄨 𑄃𑄧𑄚𑄪 𑄣𑄟𑄨𑄣𑄧।,Present
কত গেলে বিঝু খাওা যা না,𑄇𑄧𑄙𑄧 𑄉𑄬𑄣𑄬 𑄝𑄨𑄏𑄪 𑄈𑄚 𑄚𑄧𑄠𑄴।,Present
দুটি ঘর বোনো,𑄘𑄨𑄠𑄚𑄴 𑄃𑄬𑄇𑄴𑄇𑄚𑄴 𑄊𑄧𑄢𑄴 𑄝𑄬𑄢𑄚।,Present
"সঙ্গী নেওা, সঙ্গ দেওা",𑄥𑄟𑄴𑄝𑄘𑄴 𑄣𑄧𑄚।,Present
.মেেটা বািে যখন নামল মনে হ সে তাকে বোতে আছে,𑄟𑄨𑄖𑄪𑄘𑄊𑄨 𑄊𑄧𑄢𑄧𑄖𑄴 𑄡𑄬𑄇𑄴𑄬 𑄣𑄪𑄋𑄨𑄣𑄧 𑄝𑄪𑄏𑄨𑄣𑄧 𑄚𑄧𑄚𑄝𑄨 𑄖𑄢𑄬 𑄝𑄌𑄴𑄌𑄬𑄃𑄨 𑄃𑄊𑄬।,Past
.মেেটা নািে কি যেন কুাকুিটা কানের কাছে একটু লিখলো,𑄟𑄨𑄖𑄪𑄣𑄮𑄃𑄨 𑄚𑄧𑄚𑄝𑄨 𑄇𑄨 𑄡𑄬𑄚𑄬 𑄇𑄪𑄠𑄝𑄪𑄣𑄧 𑄉𑄧𑄢𑄴𑄖𑄧𑄚𑄴 𑄇𑄚𑄬 𑄇𑄚𑄬 𑄃𑄬𑄇𑄴𑄇 𑄣𑄳𑄦𑄬 𑄉𑄧𑄢𑄴𑄣𑄧।,Past
মেেকে দেে কল - এই তো সে চলে গেল,𑄟𑄨𑄖𑄪 𑄃𑄧𑄚𑄪𑄢𑄬 𑄘𑄬𑄃𑄨𑄚𑄬 𑄇𑄧𑄣𑄧 - 𑄃𑄬𑄃𑄨 𑄘𑄧 𑄚𑄬𑄖𑄎𑄨 𑄞𑄬𑄃𑄨𑄝𑄮 𑄣𑄪𑄋𑄨𑄣𑄧𑄉𑄨।,Past
.অপচ কথা গুলো না হলে সহ্য হ না,𑄃𑄧𑄚𑄪 𑄇𑄧𑄙𑄠𑄚𑄴 𑄚𑄪𑄠 𑄦𑄧𑄣𑄬𑄠𑄮 𑄦𑄟𑄧𑄇𑄴 𑄚𑄧 𑄦𑄧𑄠𑄴।,Present
সে তাকে দেে বলে - ভালো কাজ নাই তো!,𑄖𑄬 𑄟𑄨𑄖𑄪𑄢𑄬 𑄘𑄬𑄃𑄨𑄚𑄬 𑄇𑄧𑄣𑄧 - 𑄉𑄧𑄟𑄴 𑄃𑄉𑄧𑄁𑄚𑄨 𑄚𑄬𑄃𑄨 𑄘𑄧 𑄛𑄪𑄏𑄢𑄴 𑄚𑄧 𑄉𑄧𑄢𑄴𑄣𑄬!,Present
সে ভালো আছে নাকি?,𑄖𑄬 𑄉𑄧𑄟𑄴 𑄃𑄉𑄧𑄌𑄴 𑄚𑄨 𑄚𑄬𑄃𑄨 ?,Present
অনুকুল মুখ করে কথা বলে সে,𑄃𑄧𑄚𑄪 𑄇𑄧𑄣𑄧 𑄟𑄪𑄃𑄨 𑄇𑄧𑄃𑄨𑄚𑄬 𑄃𑄃𑄨 𑄖𑄬 𑄃𑄧𑄠𑄴 !,Present
মেে কথা - তোমার খবর সব গুো করেছি,𑄟𑄨𑄖𑄪 𑄇𑄧𑄣𑄧 - 𑄖𑄧 𑄈𑄧𑄝𑄧𑄢𑄴 𑄚𑄧𑄚𑄖𑄴𑄪𑄚𑄴 𑄝𑄬𑄇𑄴 𑄝𑄬𑄇𑄴 𑄣𑄪𑄃𑄨𑄠𑄮𑄁।,Present
অনুকুল - সে আমার কথা শুনবে নাকি?,𑄃𑄧𑄚𑄪 𑄇𑄧𑄣𑄧 - 𑄖𑄬 𑄟𑄧 𑄟𑄪𑄠𑄧𑄚𑄴𑄘𑄨 𑄚𑄧 𑄥𑄪𑄚𑄨𑄝𑄬 𑄚?,Future
মিতু কথা গুলো ঘুরে বো-নেওা বলে-নেওা কথাগুলো বো বো,𑄟𑄨𑄖𑄪 𑄇𑄧𑄙𑄠𑄚𑄴 𑄊𑄪𑄢𑄬𑄚𑄬𑄃𑄨 𑄇𑄧𑄣𑄧 - 𑄚𑄬𑄖𑄎𑄨 𑄞𑄬𑄃𑄨 𑄘𑄧 𑄥𑄬𑄖𑄳𑄠 𑄇𑄧𑄙𑄚𑄨 𑄝𑄬𑄋 𑄝𑄬𑄋।,Present
ননদ-স্বামী মিলে কি কুাকুি করে হাসছে,𑄚𑄧𑄚𑄝𑄨𑄣𑄮𑄃𑄨 𑄟𑄨𑄖𑄪 𑄌𑄪𑄝𑄬𑄌𑄝𑄬 𑄇𑄨 𑄇𑄪𑄠 𑄇𑄨 𑄉𑄧𑄢𑄨 𑄟𑄨𑄙𑄬 𑄟𑄨𑄙𑄬𑄉𑄧𑄢𑄨 𑄦𑄏𑄨𑄣𑄇𑄴।,Present
বিালের সম যত হ তত ভালো লাগে,𑄝𑄬𑄣𑄧 𑄥𑄧𑄘𑄧𑄇𑄴 𑄇𑄢𑄴𑄇𑄎𑄳𑄠 𑄦𑄧𑄚𑄠𑄴 𑄡𑄬𑄘𑄧𑄇𑄴 𑄦𑄧𑄠𑄴 𑄃𑄪𑄟𑄴𑄌𑄎𑄳𑄠 𑄣𑄉𑄬𑄢𑄴।,Present
মেেকে একটি বিচি দিে বিচি দিল,𑄟𑄨𑄖𑄪 𑄃𑄧𑄚𑄪𑄢𑄬 𑄃𑄬𑄇𑄴𑄇𑄚𑄴 𑄝𑄨𑄎𑄮𑄚𑄴 𑄃𑄚𑄨 𑄘𑄨 𑄝𑄨𑄎𑄨 𑄘𑄨𑄣𑄧 𑄇𑄇𑄴𑄈𑄧𑄚𑄴।,Past
অনুকুল পরিস্থিতি - দিতে হবে না,𑄃𑄧𑄚𑄪 𑄇𑄧𑄣𑄧 - 𑄘𑄬 𑄚𑄧 𑄛𑄧𑄢𑄨𑄝𑄧।,Future
"মেে বাির ভিতরে যে দই আছে,সেটা নিে আসলো","𑄟𑄨𑄖𑄪 𑄊𑄧𑄢𑄧 𑄞𑄨𑄘𑄨𑄢𑄬 𑄡𑄬𑄃𑄨 𑄘𑄧𑄃𑄨 𑄃 𑄥𑄚𑄳𑄠𑄛𑄨𑄙, 𑄛𑄏𑄧𑄚𑄴 𑄃𑄚𑄨 𑄘𑄨𑄣𑄧।",Past
তিনজনে পিঠা খেে দই খেলো,𑄖𑄨𑄚𑄴 𑄎𑄧𑄚𑄬 𑄛𑄨𑄙𑄬 𑄈𑄬𑄃𑄨 𑄘𑄧𑄃𑄨 𑄈𑄬𑄣𑄇𑄴।,Past
.কেকদিন পরে মেেরা পৃথিবীতে যে গরম গরম পাখানা করেছে।,𑄇𑄇𑄴𑄈𑄧𑄚𑄴 𑄎𑄬𑄢𑄬 𑄟𑄨𑄖𑄪 𑄛𑄨𑄏𑄧𑄢𑄧𑄖𑄴 𑄡𑄬𑄃𑄨 𑄉𑄧𑄢𑄧𑄟𑄴 𑄉𑄧𑄢𑄧𑄟𑄴 𑄛𑄥𑄴𑄥𑄚𑄴 𑄍𑄧𑄠𑄚𑄴 𑄝𑄧𑄢 𑄛𑄨𑄙𑄬 𑄃𑄚𑄨𑄣𑄧𑄉𑄮𑄃𑄨।,Present
এক জাতী পিঠা,𑄝𑄧𑄢 𑄛𑄨𑄙𑄬 𑄈𑄬𑄣𑄇𑄴।,Present
রোদ অনেক গরম হেছে,𑄢𑄮𑄘𑄧 𑄥𑄧𑄘𑄧𑄇𑄴 𑄡𑄬𑄘𑄧𑄇𑄴 𑄦𑄧𑄠𑄴 𑄘𑄋𑄴𑄘𑄋𑄳𑄠 𑄉𑄧𑄢𑄨 𑄥𑄨𑄘𑄬𑄢𑄴।,Present
অনু কল-বিাল না হলে খাওা যাবে না,𑄃𑄧𑄚𑄪 𑄇𑄧𑄣𑄧 - 𑄝𑄬𑄣𑄳𑄠 𑄚𑄧 𑄦𑄧𑄣𑄬 𑄈 𑄚𑄧 𑄡𑄬𑄝𑄧 𑄃𑄢𑄴।,Future
মেে কথা বলতে বলতে রানুর বািতে যাবো,𑄟𑄨𑄖𑄪 𑄇𑄧𑄣𑄧 𑄇𑄧𑄇𑄴𑄈𑄬 𑄢𑄚𑄪𑄘𑄊𑄨 𑄊𑄧𑄢𑄧𑄖𑄴 𑄡𑄬𑄝𑄧𑄁।,Future
অনুকুল এই রোদ,𑄃𑄧𑄚𑄪 𑄇𑄧𑄣𑄧 𑄃𑄬 𑄢𑄮𑄘𑄧𑄟𑄠𑄴!,Present
মেে কল কি রোদ,𑄟𑄨𑄖𑄪 𑄇𑄧𑄣𑄧 𑄃 𑄇𑄨 𑄢𑄮𑄘𑄴।,Present
মিছিনি পাে তোমার ভাইের কান্না করবে একটু দেখে?,𑄟𑄨𑄉𑄨𑄚𑄨 𑄛𑄢𑄧𑄖𑄴 𑄖𑄧 𑄞𑄬𑄃𑄨𑄠𑄧𑄢𑄴 𑄇𑄚𑄴𑄘𑄧 𑄇𑄧𑄢𑄧𑄟𑄴 𑄃𑄬𑄇𑄴𑄇 𑄚𑄧 𑄌𑄬𑄝𑄬𑄉𑄧𑄃𑄨?,Future
আমার ভাইের কান্না করতে হবে,𑄟𑄧 𑄞𑄬𑄃𑄨𑄠𑄧𑄢𑄴 𑄇𑄚𑄴𑄘𑄧 𑄇𑄧𑄢𑄧𑄟𑄴 !,Future
অনুকুল পরিস্থিতি নানি হাত উঠালো,𑄃𑄧𑄚𑄪 𑄇𑄧𑄣𑄬 𑄚𑄧𑄚𑄝𑄨 𑄦𑄏𑄨 𑄃𑄪𑄙𑄨𑄣𑄧 ।,Past
মেেদের ন্যাে কল - যে গজটা ব হছে তা তো না,𑄟𑄨𑄖𑄪 𑄚𑄧𑄚𑄝𑄨𑄢𑄬𑄌𑄬𑄃𑄨𑄚𑄬 𑄇𑄧𑄣𑄧 - 𑄡𑄳𑄠𑄬𑄚𑄴 𑄉𑄧𑄎𑄳𑄠𑄚𑄴 𑄝𑄧𑄎𑄧𑄁 𑄘𑄧 𑄚𑄧𑄠𑄴।,Present
.নন্যে কল -আমি তো সেটা বলতেছি,𑄚𑄧𑄚𑄝𑄨 𑄇𑄧𑄣𑄧 - 𑄟𑄪𑄃𑄨𑄠𑄮 𑄘𑄧 𑄥𑄨𑄠𑄚𑄴 𑄇𑄧𑄋𑄧𑄖𑄴𑄬।,Present
অনু কল কি হেছে তো ভেঙে বলে না,𑄃𑄧𑄚𑄪 𑄇𑄧𑄣𑄧 𑄇𑄨 𑄦𑄪𑄠𑄬 𑄘𑄬 𑄞𑄋𑄨 𑄇𑄧 𑄚!,Present
মেে কলবেলের পাশ দিে গেলে বুঝা যা,𑄟𑄨𑄖𑄪 𑄇𑄧𑄣𑄧 𑄝𑄬𑄣𑄳𑄠 𑄟𑄨𑄉𑄨𑄚𑄨 𑄛𑄢𑄧𑄖𑄴 𑄉𑄬𑄣𑄬 𑄝𑄪𑄏𑄨 𑄛𑄢𑄨𑄝𑄬।,Present
.সকাল হেছে এমন কলগুলো ঠিক করতে হ,𑄇𑄇𑄴𑄈𑄧𑄚𑄴 𑄎𑄨𑄢𑄬𑄃𑄨 𑄇𑄧𑄣𑄧 𑄡𑄨𑄠𑄚𑄴 𑄉𑄧𑄎𑄳𑄠𑄧𑄚𑄴 𑄈𑄟𑄇𑄴𑄇𑄠𑄴 𑄝𑄃𑄨𑄚𑄨 𑄉𑄧𑄢 𑄛𑄧𑄢𑄬।,Present
অনুকুল পরিস্থিতি - তোমার কথা আমি সহ্য করতে পারছি না,𑄃𑄧𑄚𑄪 𑄇𑄧𑄣𑄧 - 𑄖𑄧𑄟 𑄇𑄧𑄙 𑄟𑄪𑄃𑄨 𑄟𑄳𑄦𑄬𑄖𑄴 𑄚𑄧 𑄛𑄋𑄧𑄢𑄴।,Present
মেে কল বিাল করলে মাংস পেে যাবে,𑄟𑄨𑄖𑄪 𑄇𑄧𑄣𑄧 𑄝𑄬𑄣𑄳𑄠 𑄉𑄬𑄣𑄬 𑄟𑄳𑄦𑄬𑄖𑄴 𑄛𑄬𑄝𑄬।,Future
অনু মনে মনে নিচ পর্যন্ত দেখতে পারতেছি না,𑄃𑄧𑄚𑄪 𑄟𑄧𑄚𑄬 𑄟𑄧𑄚𑄬 𑄖𑄧𑄣𑄬𑄃𑄨 𑄌𑄬𑄃𑄨 𑄃𑄪𑄘𑄨𑄌𑄴 𑄉𑄧𑄢𑄨 𑄚𑄧 𑄛𑄢𑄴𑄣𑄧।,Present
.অতিরিক্ত তার মা কথা গুলো এখানে তুলে দিল,𑄃𑄘𑄬𑄇𑄳𑄠𑄉𑄧𑄢𑄨 𑄖𑄟𑄴𑄟 𑄇𑄧𑄙𑄠𑄚𑄴 𑄃𑄩𑄙𑄮𑄖𑄴 𑄃𑄪𑄙𑄨𑄣𑄧 𑄝𑄛𑄴 𑄍 𑄛𑄪𑄖𑄴 𑄍।,Past
আর এখানে উঠার সম বাঁশটা কেটে নিতে হ,𑄃𑄢𑄧 𑄃𑄩𑄙𑄮𑄖𑄴 𑄃𑄪𑄙𑄨𑄨𑄣𑄧 𑄝𑄝𑄧 𑄝𑄨𑄘𑄳𑄠 𑄛𑄪𑄠𑄠𑄴 𑄛𑄠𑄴।,Present
মনে হ সেটা কি পরে যাবে,𑄟𑄧𑄚𑄬 𑄟𑄧𑄚𑄬 𑄞𑄝𑄬𑄢𑄴 𑄥𑄨𑄠𑄚𑄴 𑄇𑄨 𑄥𑄣𑄬 𑄎𑄪𑄚𑄪 𑄛𑄬𑄘𑄧 𑄡𑄢𑄴।,Future
.অপচে তার মা কথা গুলো আমার সাথে খা,𑄃𑄧𑄚𑄪 𑄟𑄪𑄎𑄪𑄋𑄬𑄘𑄨𑄨 𑄖𑄟𑄴𑄟 𑄇𑄧𑄠𑄴𑄘𑄬 𑄇𑄧𑄙𑄚𑄨 𑄃𑄟𑄨𑄎𑄬𑄃𑄨 𑄊𑄪𑄢𑄴𑄛𑄇𑄴 𑄈𑄢𑄴।,Present
সূর্য ডোবার সম,𑄝𑄬𑄣𑄴𑄎𑄪𑄢𑄧 𑄛𑄧𑄢𑄴𑄣𑄧।,Present
"অনু,মিে,স্বামী-স্ত্রী ঘুরে বোচ্ছে","𑄃𑄧𑄚𑄪, 𑄟𑄨𑄖𑄪, 𑄚𑄧𑄚𑄝𑄨 𑄃𑄘𑄟𑄴 𑄝𑄬𑄢 𑄣𑄟𑄨𑄣𑄇𑄴।",Present
এ বছর বিঝুর মানুষ নেই বললে চলে,𑄃𑄬 𑄝𑄧𑄏𑄧𑄢𑄴 𑄝𑄨𑄏𑄪𑄖𑄴 𑄟𑄚𑄪𑄌𑄴 𑄚𑄬𑄃𑄨 𑄇𑄧𑄣𑄬 𑄥𑄎𑄬।,Present
শুধু দুইটা বািতে মানুষ আসতেছে,𑄝𑄚 𑄘𑄨𑄠𑄚𑄴 𑄃𑄬𑄇𑄴𑄇𑄚𑄴 𑄊𑄧𑄢𑄧𑄖𑄴 𑄟𑄚𑄪𑄌𑄴 𑄃𑄬𑄖𑄴𑄖𑄧𑄚𑄴 𑄡𑄘𑄧𑄚𑄴।,Present
গিমসি করে বিঝু খা,𑄉𑄪𑄢𑄧𑄠𑄪𑄚𑄴 𑄎𑄧𑄙 𑄦𑄮𑄃𑄨 𑄝𑄨𑄏𑄪 𑄈𑄘𑄧𑄚𑄴।,Present
দুইজনে ঘুরে বো,𑄣𑄊𑄣𑄊 𑄘𑄨 𑄃𑄬𑄇𑄴𑄎𑄧𑄚𑄴 𑄝𑄬𑄢𑄘𑄧𑄚𑄴।,Present
রাত হলে বিঝুর পা করে হতে পারে,𑄢𑄬𑄃𑄨𑄖𑄴 𑄦𑄧𑄣𑄬 𑄝𑄨𑄏𑄪 𑄥𑄢𑄬 𑄛 𑄉𑄧𑄢𑄨 𑄦𑄮𑄃𑄨 𑄛𑄢𑄬।,Present
"অনু,মিঝু,নন্যেদের বািতে বিঝু খেলা","𑄃𑄧𑄚𑄪, 𑄟𑄨𑄖𑄪, 𑄚𑄧𑄚𑄝𑄨 𑄥𑄧𑄟𑄎𑄳𑄠 𑄊𑄧𑄢𑄧𑄖𑄴 𑄝𑄨𑄏𑄪 𑄈𑄬𑄣𑄇𑄴।",Present
দুই তিনটা বাি ঘুরে বোতে সূর্য ডুবলো,𑄘𑄨𑄠𑄚𑄴 𑄖𑄨𑄚𑄚𑄴 𑄊𑄧𑄢𑄴 𑄝𑄬𑄢𑄘𑄬 𑄝𑄬𑄢𑄘𑄬 𑄝𑄬𑄣𑄴 𑄓𑄪𑄝𑄨𑄣𑄧।,Past
.নন্যে কল রাত হলে তো আমি যেতে পারবো না,𑄚𑄧𑄚𑄝𑄨 𑄇𑄧𑄣𑄧 𑄢𑄬𑄃𑄨𑄖𑄴 𑄦𑄧𑄣𑄬 𑄘𑄬 𑄟𑄪𑄃𑄨 𑄡𑄬𑄃𑄨 𑄚𑄧 𑄛𑄢𑄨𑄟𑄴𑄝𑄬।,Future
মেে কল বিঝুর দিনে কি,𑄟𑄨𑄖𑄪 𑄇𑄧𑄣𑄧 𑄝𑄨𑄏𑄪 𑄘𑄨𑄚𑄧𑄖𑄴 𑄇𑄨।,Present
রাতের বেলা একদল লোক ঘুরে বোচ্ছে,𑄢𑄬𑄃𑄨𑄖𑄴 𑄥𑄧𑄁 𑄟𑄚𑄪𑄌𑄴 𑄝𑄬𑄢𑄚𑄴।,Present
নানি কলমাক দিে চিবিেছে তো,𑄚𑄧𑄚𑄝𑄨 𑄇𑄧𑄣𑄧 𑄟𑄘𑄊𑄨 𑄌𑄨𑄙𑄬 𑄉𑄧𑄢𑄨𑄝𑄇𑄴 𑄘𑄧।,Present
মিতু কথা শেষ না হওা পর্যন্ত ফোন করে যাওার আছে নাকি?,𑄟𑄨𑄖𑄪 𑄇𑄧𑄙 𑄗𑄪𑄟𑄴 𑄚𑄧 𑄦𑄧𑄘𑄬 𑄃𑄧𑄚𑄪 𑄇𑄧𑄣𑄧 𑄃𑄢𑄧 𑄇𑄪𑄚𑄴𑄘𑄨 𑄡𑄬𑄝𑄢𑄴 𑄃𑄊𑄬 𑄚𑄬 𑄚?,Present
মেেটা কোথা আর যাবে,𑄟𑄨𑄖𑄪 𑄇𑄧𑄣𑄧 𑄇𑄪𑄙𑄪 𑄃𑄢𑄴 𑄡𑄬𑄝𑄧𑄁।,Future
গাঙে একটুও ঘুরতে পারবো না!,𑄉𑄋𑄴𑄇𑄪𑄣𑄬 𑄃𑄬𑄇𑄴𑄇 𑄚𑄧 𑄝𑄬𑄢𑄬𑄝𑄧𑄁𑄉𑄧𑄃𑄨 𑄚𑄬!,Future
হেছে,𑄦𑄧𑄠𑄴𑄠𑄯 𑄥𑄳𑄠𑄬।,Present
গাঙে নৌকা বাইতে গেলে অনেক উপকার হবে,𑄉𑄋𑄴𑄇𑄪𑄣𑄬 𑄇𑄪𑄣𑄬 𑄝𑄬𑄢𑄘𑄬 𑄡𑄧𑄘𑄧𑄛𑄧𑄘𑄬 𑄉𑄧𑄟𑄴 𑄣𑄉𑄨𑄝𑄧।,Future
.অপচ কথা বললে তিন জনে জঙ্গলের মধ্য দিে রওনা দিল,𑄃𑄧𑄚𑄪 𑄇𑄧𑄙 𑄥𑄬𑄢𑄴 𑄛𑄧𑄢𑄴𑄣𑄬 𑄖𑄨𑄚𑄴𑄎𑄧𑄚𑄬 𑄉𑄋𑄴𑄇𑄪𑄣𑄧 𑄟𑄧𑄇𑄳𑄠 𑄣𑄧𑄢𑄴 𑄘𑄨𑄣𑄇𑄴।,Past
এখান থেকে শুধু মনটা ছটফট করতেছে,𑄃𑄨𑄚𑄴𑄘𑄨 𑄃𑄧𑄚𑄪 𑄟𑄧𑄚𑄚𑄴 𑄚𑄨𑄖𑄳𑄠𑄧 𑄙𑄪𑄉𑄪𑄖𑄴 𑄙𑄪𑄉𑄪𑄖𑄴 𑄉𑄧𑄢𑄬𑄢𑄴।,Present
তার স্ত্রী কি যে করতেছে,𑄖 𑄞𑄬𑄃𑄨𑄝𑄮 𑄇𑄨 𑄡𑄬 𑄉𑄧𑄢𑄴𑄣𑄧।,Present
চোখ বন্ধ না করলে বলা যা না,𑄌𑄮𑄉𑄬 𑄚𑄧 𑄘𑄬𑄣𑄬 𑄇𑄮𑄃𑄨 𑄛𑄢 𑄚𑄧 𑄡𑄠𑄴।,Present
গাঙের কূলে জুের পাগুলো ছিঁে যা,𑄉𑄋𑄴𑄇𑄪𑄣𑄬 𑄇𑄪𑄣𑄬 𑄎𑄪𑄢𑄧 𑄦𑄞 𑄍𑄨𑄘𑄨 𑄡𑄢𑄴।,Present
দুঃখকষ্ট দূর হেছে,𑄘𑄪𑄊𑄧 𑄇𑄨𑄃𑄨𑄠𑄳𑄠𑄬𑄖𑄴 𑄎𑄪𑄢𑄧 𑄜𑄪𑄘𑄬𑄢𑄴।,Present
অনুর্বর খুব ভালো লাগে,𑄃𑄧𑄚𑄪𑄢𑄴 𑄞𑄢𑄨 𑄉𑄧𑄟𑄴 𑄣𑄉𑄬𑄢𑄴।,Present
কদিন হেছে এই দিনগুলো হারিে গেছে,𑄇𑄧𑄠𑄴𑄘𑄨𑄚𑄴 𑄦𑄧𑄣𑄧 𑄃𑄬𑄎𑄚𑄴 𑄘𑄨𑄚𑄪𑄚𑄴 𑄖𑄢𑄴𑄖𑄪𑄚𑄴 𑄦𑄢𑄨 𑄝𑄨𑄘𑄨 𑄡𑄨𑄃𑄨𑄠𑄮𑄚𑄴।,Present
নদীর মোহনা আর যোগা হ না,𑄥𑄧𑄃𑄧𑄢𑄧𑄖𑄴 𑄃𑄬𑄎𑄚𑄴 𑄎𑄪 𑄚𑄧 𑄦𑄧𑄠𑄴।,Present
"গাি র, করলা, ধোঁা, মানুষদের জীবনে কোনো শান্তি নেই","𑄉𑄢𑄨 𑄢𑄧, 𑄇𑄧𑄢𑄧𑄣𑄨, 𑄙𑄪𑄟𑄮. 𑄟𑄚𑄴𑄎𑄮𑄢𑄴 𑄎𑄨𑄢𑄬𑄚𑄴 𑄚𑄬𑄃𑄨 𑄇𑄟𑄴𑄇𑄧𑄢𑄧𑄌𑄴 𑄟𑄚𑄴𑄎𑄮𑄢𑄴 𑄎𑄨𑄁𑄇𑄚𑄨𑄢𑄬 𑄥𑄧𑄝𑄮𑄚𑄴-𑄟𑄳𑄦𑄧𑄣𑄴𑄣 𑄘𑄧𑄇𑄴 𑄖𑄚𑄨 𑄖𑄚𑄨 𑄡𑄬𑄚𑄧 𑄈𑄬𑄘𑄧 𑄌𑄠𑄴।",Present
".সমান অচিন মাছরাঙার মুখের দিকে তাকালে মনটা কেমন যেন করে,কিছুই নেই","𑄥𑄧𑄥𑄉𑄧𑄢𑄴 𑄃𑄧𑄌𑄨𑄚𑄴 𑄟𑄚𑄴𑄎𑄮𑄢𑄴 𑄟𑄪 𑄟𑄚𑄬𑄃𑄨 𑄟𑄧𑄚𑄧𑄢𑄬 𑄃𑄟𑄨𑄎𑄬𑄃𑄨 𑄃𑄢𑄴𑄥𑄣𑄴𑄱𑄉𑄧𑄢𑄨 𑄟𑄬𑄠𑄳𑄠, 𑄇𑄨𑄢𑄴𑄝𑄳𑄠 𑄚𑄬𑄃𑄨 𑄉𑄧𑄢𑄬।",Present
বাির কাঁটাগুলো জঙ্গলের মধ্যে দিে হেঁটে যা,𑄊𑄧𑄢𑄨 𑄇𑄘𑄝𑄱𑄥𑄚𑄴 𑄟𑄚𑄴𑄎𑄮 𑄎𑄨𑄁𑄇𑄚𑄨𑄠𑄮 𑄑𑄨𑄇𑄴 𑄑𑄨𑄇𑄴 𑄉𑄧𑄢𑄨 𑄦𑄘𑄨 𑄡𑄠𑄴।,Present
"অনু,মেে,মিে,নানি পাে নেচে নেচে হাঁটছে","𑄃𑄧𑄚𑄪, 𑄟𑄨𑄖𑄪, 𑄚𑄧𑄚𑄝𑄨 𑄌𑄬𑄢𑄴 𑄇𑄬𑄃𑄨𑄖𑄴 𑄢𑄨𑄚𑄨 𑄌𑄬𑄃𑄨 𑄌𑄬𑄃𑄨 𑄦𑄘𑄧𑄘𑄧𑄚𑄴।",Present
দুইজনে গাঙে বাতি দিতে যাচ্ছে,𑄘𑄨 𑄃𑄬𑄇𑄴𑄎𑄧𑄚𑄴 𑄉𑄋𑄧𑄖𑄴 𑄝𑄖𑄴𑄖𑄨 𑄘𑄨𑄝𑄢𑄴 𑄡𑄘𑄧𑄚𑄴।,Present
.সা হওার সম একনাগাে,𑄥𑄌𑄴 𑄦𑄧𑄚 𑄇𑄃𑄨 𑄊𑄧𑄚𑄢𑄴𑄣𑄨।,Present
জুের ব ছেলে আরও যেন ব হে যায়,𑄎𑄪𑄢𑄧 𑄝𑄧𑄃𑄧 𑄠𑄚𑄴 𑄃𑄢𑄧 𑄡𑄬𑄚𑄬 𑄝𑄧𑄣𑄨 𑄦𑄮𑄃𑄨 𑄡𑄢𑄴।,Present
"আরও কত দূরে দেখা যা, গাঙের পাে কী যেন আছে",𑄃𑄢𑄧 𑄇𑄧𑄖𑄴𑄘𑄪𑄢𑄴 𑄃𑄬𑄃𑄨𑄚𑄬 𑄘𑄪𑄢𑄮𑄖𑄴 𑄘𑄬𑄊 𑄡𑄢𑄴 𑄉𑄋𑄴 𑄛𑄢𑄧𑄖𑄴 𑄇𑄬𑄃𑄨𑄟𑄴𑄝𑄮𑄃𑄨 𑄇𑄨 𑄡𑄬𑄚𑄬 𑄖𑄪𑄣𑄨 𑄖𑄧𑄣𑄬 𑄜𑄪𑄣𑄬 𑄛𑄘𑄠𑄴 𑄇𑄨 𑄡𑄬𑄚𑄬 𑄥𑄎𑄬𑄠𑄬।,Present
.অপচে পেে এগুলো কচুর কাজ,𑄃𑄧𑄚𑄪 𑄟𑄳𑄦𑄬𑄖𑄴 𑄛𑄬𑄣𑄧 𑄃𑄨𑄠𑄚𑄨 𑄎𑄪𑄚𑄪 𑄇𑄟𑄴।,Present
.অন্যের সাথে একটু মিশিে আসো - চা তোমার ভাইও করবে!,𑄎𑄬𑄢𑄬 𑄃𑄬𑄇𑄴𑄇 𑄇𑄃𑄨 𑄃𑄬𑄃𑄨𑄚𑄬 𑄟𑄨𑄖𑄪 𑄇𑄧𑄣𑄧 - 𑄌 𑄖𑄧 𑄞𑄬𑄃𑄨 𑄃𑄮 𑄇𑄧𑄢𑄧𑄟𑄴 !,Future
অনু একটু একটু করে আসা যাওা করলো,𑄃𑄧𑄚𑄪 𑄃𑄬𑄇𑄴𑄇 𑄇𑄃𑄨 𑄃𑄬𑄃𑄨𑄚𑄬 𑄢𑄨𑄚𑄨 𑄌𑄬𑄣𑄴।,Past
.সুগন্ধি ফুল,𑄥𑄪𑄢𑄴 𑄥𑄪𑄢𑄴 𑄉𑄧𑄢𑄨 𑄛𑄘𑄣𑄮𑄃𑄨 𑄚 𑄚 𑄝𑄝𑄧𑄖𑄳𑄠 𑄜𑄪𑄣𑄴।,Present
একটু নরম করে মাটিতে তুলে রাখলেন,𑄃𑄬𑄇𑄴𑄇 𑄃𑄧𑄎𑄧𑄣𑄴 𑄉𑄧𑄢𑄨 𑄟𑄘𑄨𑄖𑄴 𑄖𑄪𑄣𑄨 𑄗𑄪𑄠𑄮𑄚𑄴 ।,Past
"কেকটা কেকটা ঘর, জুম ঘর,সাঙু বানা","𑄇𑄃𑄨𑄇𑄪𑄢𑄬 𑄇𑄬𑄃𑄨𑄟𑄴𑄝𑄮𑄃𑄨 𑄃𑄣𑄧𑄇𑄴 𑄊𑄧𑄢𑄴, 𑄎𑄪𑄟𑄧 𑄊𑄧𑄢𑄴, 𑄥𑄋𑄪 𑄝𑄚𑄬𑄠𑄮𑄚𑄴 ।",Present
একনাগাে ভালো করে দেখলে বুঝছ,𑄃𑄬𑄇𑄴𑄇𑄬𑄚𑄉𑄧𑄢𑄨 𑄉𑄧𑄟𑄬 𑄢𑄨𑄚𑄨 𑄌𑄬𑄣𑄬 𑄝𑄪𑄏𑄧 𑄡𑄠𑄴 𑄎𑄪𑄟𑄴𑄟𑄧 𑄥𑄧𑄁𑄌𑄴𑄇𑄨𑄢𑄨𑄖𑄨 𑄜𑄪𑄘𑄨 𑄖𑄪𑄣𑄨𑄝𑄢𑄴 𑄌𑄨𑄠𑄮𑄚𑄴।,Present
"কাঁকার কাগজ আর লেখা আছে -পাতুরু বিঝু,বজী বিঝুর মতো আমার ভালো লাগে না,সমাজ থেকে বের হে যাওা আর অনেক ব ব লেখা","𑄇𑄃𑄨𑄇𑄪𑄢𑄬 𑄇𑄉𑄧𑄎𑄧𑄖𑄴 𑄃𑄢𑄧 𑄣𑄬𑄊 𑄃𑄊𑄬 - 𑄛𑄖𑄴𑄖𑄪𑄢𑄪 𑄝𑄨𑄏𑄪 , 𑄝𑄧𑄎𑄧𑄁𑄠𑄚𑄨 𑄞𑄏𑄨 𑄡𑄮𑄇𑄴, 𑄚𑄪𑄠 𑄞𑄣𑄬𑄘𑄧𑄢𑄴 𑄎𑄨𑄁𑄇𑄚𑄨 𑄃𑄟𑄢𑄬 𑄃𑄇𑄴𑄇𑄮𑄃𑄨 𑄚𑄬 𑄡𑄮𑄇𑄴, 𑄥𑄧𑄟𑄎𑄧𑄖𑄴𑄪𑄚𑄴 𑄃𑄚𑄴𑄘𑄢𑄴𑄠𑄚𑄴 𑄥𑄧𑄢𑄨 𑄡𑄮𑄇𑄴 -𑄃𑄬𑄋𑄬𑄢𑄨 𑄃𑄬𑄋𑄬𑄢𑄨 𑄃𑄢𑄧 𑄞𑄣𑄧𑄇𑄴 𑄝𑄝𑄧𑄖𑄳𑄠 𑄣𑄬𑄊।",Present
অনুকুল পরিস্থিতি আরও একটু ভালোভাবে দেখল,𑄃𑄧𑄚𑄪 𑄇𑄃𑄨 𑄃𑄬𑄃𑄨𑄚𑄬 𑄃𑄢𑄧 𑄃𑄬𑄇𑄴𑄇 𑄉𑄧𑄟𑄬 𑄌𑄬𑄣𑄧।,Past
ভালো লাগলে,𑄉𑄧𑄟𑄴 𑄣𑄉𑄨𑄣𑄧।,Past
মেেকে চেইনে কল দিলে তো তোমার বোর কাজ হবে,𑄟𑄨𑄖𑄪 𑄃𑄧𑄚𑄪 𑄌𑄬𑄃𑄨𑄚𑄬 𑄇𑄧𑄣𑄧 - 𑄘𑄬𑄣𑄬 𑄘𑄧 𑄖𑄧 𑄞𑄬𑄃𑄨𑄝𑄮𑄢𑄴 𑄇𑄧𑄢𑄧𑄟𑄴 !,Future
অনুকুল পরিস্থিতি তো না,𑄃𑄧𑄚𑄪 𑄇𑄧𑄣𑄧 𑄝𑄧𑄎𑄧𑄁 𑄘𑄧 𑄚𑄧𑄠𑄴।,Present
মেে কথা বলছে সেটা,𑄟𑄨𑄖𑄪 𑄇𑄧𑄣𑄧 𑄟𑄪𑄃𑄨 𑄠𑄮 𑄘𑄧 𑄇𑄧𑄋𑄧𑄖𑄴𑄬 𑄥𑄨𑄠𑄚𑄴।,Present
এক কলমি,𑄃𑄧𑄚𑄪 𑄇𑄧𑄣𑄧 𑄟𑄨𑄖𑄪!,Present
জানো এরকম করে তারা একদিন ব ব কাজ ও শেষ করতে পারবে না,𑄎𑄚𑄧𑄌𑄴 𑄃𑄨𑄠𑄚𑄨 𑄉𑄧𑄢𑄨 𑄉𑄧𑄢𑄨 𑄖𑄢 𑄃𑄬𑄇𑄴 𑄘𑄨𑄚𑄴 𑄓𑄋𑄧𑄢𑄴 𑄓𑄋𑄧𑄢𑄴 𑄇𑄟𑄴𑄠𑄮 𑄗𑄪𑄟𑄴 𑄉𑄧𑄢𑄨 𑄚𑄧 𑄛𑄢𑄨𑄝𑄇𑄴 𑄇𑄬𑄚𑄬 𑄇𑄧𑄣𑄬!,Future
মেেকলের ছিঁা থেকে তো ডাঙর বেে উঠা,𑄟𑄨𑄖𑄪 𑄇𑄧𑄣𑄧 𑄍𑄨𑄉𑄧𑄚𑄧𑄖𑄴𑄪𑄚𑄴 𑄘𑄧 𑄓𑄋𑄧𑄢𑄧𑄢𑄴 𑄝𑄬𑄃𑄨 𑄃𑄪𑄙𑄧𑄚 ।,Present
অনু মিেকে শিকল দিে বললাম আমরা এগুলো মাথা আনিও না,𑄃𑄧𑄚𑄪 𑄟𑄨𑄖𑄪𑄢𑄬 𑄌𑄬𑄃𑄨𑄚𑄬 𑄇𑄧𑄣𑄧 𑄃𑄟𑄨 𑄖𑄢 𑄃𑄧𑄇𑄴𑄖𑄧𑄖𑄴 𑄈𑄣𑄨𑄇𑄴 𑄃𑄨𑄠𑄚𑄨 𑄟𑄙𑄖𑄴 𑄚𑄧 𑄃𑄚𑄨।,Past
.তারা একসাথে হ না,𑄖𑄢𑄥𑄚𑄴 𑄎𑄧𑄙 𑄚𑄧 𑄦𑄮𑄃𑄨।,Present
.তারা আসা যাওা করে না,𑄖𑄢𑄥𑄚𑄴 𑄃𑄬𑄎𑄚𑄴 𑄚𑄧 𑄉𑄧𑄢𑄨।,Present
মেেটা আমাকে তাদের উপরে তুলে দে,𑄟𑄨𑄖𑄪 𑄇𑄧𑄣𑄧 𑄃𑄟𑄢𑄴 𑄖𑄢𑄢𑄬 𑄃𑄪𑄌𑄴𑄱𑄛𑄪𑄇𑄴 𑄖𑄪𑄣𑄨 𑄘𑄬𑄚 𑄘𑄧𑄢𑄴𑄉𑄢𑄴।,Present
খালি কাগজ পতে যেন ছো লাগে না,𑄈𑄣𑄨𑄇𑄴 𑄣𑄬𑄊 𑄛𑄧𑄢𑄖𑄴 𑄡𑄬𑄚𑄬 𑄍𑄬𑄢𑄴 𑄚𑄧 𑄛𑄧𑄢𑄬।,Present
.অন্যের কথা শেষ না হে অন্যর কথা শেষ হেছে,𑄃𑄧𑄚𑄪 𑄇𑄧𑄙 𑄗𑄪𑄟𑄴 𑄦𑄧𑄘𑄬 𑄚𑄧 𑄦𑄧𑄘𑄬 𑄚𑄧𑄚𑄝𑄨 𑄇𑄧𑄣𑄧 𑄥𑄌𑄴 𑄦𑄪𑄠𑄳𑄠।,Present
আমাকে বাগানটার পাশে রেখে দিে আসো,𑄟𑄧𑄢𑄬 𑄝𑄉𑄚𑄴𑄱 𑄥𑄧𑄁 𑄒𑄬𑄣𑄨 𑄘𑄨 𑄃𑄬𑄎𑄧𑄉𑄮𑄃𑄨 ।,Present
এক জাতী বুনো ফল যা সবজি হিসেবে ব্যবহৃত হচ্ছে,𑄌𑄬𑄢𑄧 𑄇𑄬𑄃𑄨𑄖𑄴 𑄎𑄧𑄚𑄨 𑄎𑄧𑄣𑄧𑄘𑄧𑄚𑄴।,Present
গাঙে বন্যা,𑄉𑄋𑄧𑄖𑄴 𑄝𑄖𑄴𑄖𑄨 𑄎𑄧𑄣𑄧𑄘𑄧𑄚𑄴।,Present
দূরে রাত হে যা,𑄘𑄪𑄢𑄮𑄖𑄴 𑄢𑄬𑄃𑄨𑄋𑄧𑄌𑄇𑄴 𑄥𑄪𑄚𑄧 𑄡𑄢𑄴।,Present
"গাঙে দুই জন গাাচ্ছে,বুঝছে","𑄉𑄋𑄧𑄖𑄴 𑄘𑄨 𑄃𑄬𑄇𑄴𑄎𑄧𑄚𑄴 𑄉𑄘𑄧𑄘𑄧𑄚𑄴, 𑄝𑄪𑄢𑄮𑄘𑄧𑄚𑄴।",Present
অনু মেেকে কল দিে বাগানের পাশে দৌে এসেছে,𑄃𑄧𑄚𑄪 𑄟𑄨𑄖𑄪𑄢𑄬 𑄇𑄧𑄣𑄧 𑄡𑄬𑄃𑄨 𑄘𑄬 𑄝𑄉𑄚𑄴 𑄥𑄧𑄁 𑄒𑄬𑄣𑄨 𑄘𑄨 𑄃𑄬𑄎𑄨𑄠𑄮𑄃𑄨 ।,Present
মিইনি নদী পার হওার সম দুটি পাের মধ্যে দিে ফিরে আসলো,𑄟𑄨𑄉𑄨𑄚𑄨𑄠𑄚𑄴 𑄛𑄢𑄴 𑄦𑄮𑄃𑄨 𑄝𑄉𑄚𑄧 𑄃𑄧𑄝𑄧𑄣 𑄥𑄧𑄁 𑄝𑄢𑄬𑄃𑄨 𑄘𑄨 𑄟𑄪𑄖𑄪𑄣𑄮𑄃𑄨 𑄃𑄧𑄚𑄪 𑄜𑄨𑄢𑄨 𑄃𑄬𑄣𑄇𑄴।,Past
. তারপর সে তার সাথে চলে গেল,𑄎𑄬𑄢𑄬 𑄟𑄨𑄖𑄪 𑄖 𑄦𑄣𑄬 𑄖𑄬 𑄉𑄬𑄣𑄧𑄉𑄮𑄃𑄨।,Past
.অন্য বািতে আসতে আসতে স্যাঁত স্যাঁতে হেছে,𑄃𑄧𑄚𑄪 𑄊𑄧𑄢𑄧𑄖𑄴 𑄃𑄬𑄖𑄴𑄖𑄬 𑄃𑄬𑄖𑄴𑄖𑄬 𑄥𑄌𑄴 𑄉𑄧𑄋𑄨 𑄡𑄨𑄃𑄨𑄠𑄳𑄠𑄬।,Present
.সাঙু ঘরে বাতি জ্বলিে বিঝু রাতে তোমাকে সঙ্গ দিতে যা,𑄥𑄋𑄪 𑄘𑄮𑄢𑄮𑄖𑄴 𑄝𑄖𑄴𑄖𑄨 𑄎𑄧𑄣𑄨 𑄎𑄧𑄣𑄨 𑄝𑄨𑄏𑄪 𑄢𑄬𑄃𑄨𑄖𑄴 𑄖𑄧𑄢𑄬 𑄥𑄋𑄬𑄖𑄴 𑄘𑄨 𑄡𑄘𑄧𑄚𑄴,Present
বিঝু দুই দিন পর চলে গেল,𑄝𑄨𑄏𑄪 𑄘𑄨 𑄃𑄬𑄇𑄴 𑄘𑄨𑄚𑄴 𑄎𑄬𑄢𑄬 𑄃𑄧𑄚𑄪 𑄉𑄬𑄣𑄧𑄉𑄮𑄃𑄨।,Past
জুনিেটাও যেন সাত কাজ থেকে বঞ্চিত হেছে,𑄎𑄪𑄚𑄪𑄠𑄮 𑄡𑄬𑄚𑄬 𑄥𑄖𑄴 𑄇𑄟𑄧𑄖𑄴𑄪𑄚𑄴 𑄃𑄏𑄮𑄢𑄴 𑄦𑄧𑄣𑄧।,Present
আসা যাওা করলে কি হবে লেজটা এখনো যা না,𑄃𑄏𑄮𑄢𑄴 𑄦𑄧𑄣𑄬 𑄇𑄨 𑄦𑄧𑄝𑄧 𑄣𑄬𑄋𑄪𑄢𑄴 𑄃𑄬𑄝𑄧 𑄚𑄧 𑄡𑄠𑄴।,Present
এক জাতী মাছ আসতেছে,𑄎𑄬𑄖𑄴 𑄟𑄥𑄴 𑄝𑄨𑄘𑄨 𑄃𑄏𑄢𑄴 𑄟𑄥𑄴 𑄃𑄬𑄣𑄧।,Present
মেঘে মেঘে বারি খা আরকি,𑄟𑄬𑄊𑄬 𑄟𑄬𑄊𑄬 𑄝𑄢𑄨 𑄈𑄠𑄴 𑄃 𑄇𑄢 𑄌𑄪𑄇𑄳𑄠𑄠𑄴।,Present
গাে গাে রোদ উঠতেছে,𑄉𑄣 𑄉𑄣 𑄢𑄮𑄘𑄴𑄠𑄮 𑄚𑄨𑄉𑄨𑄣𑄠𑄴।,Present
কালো মেঘে আকাশটা ডুবে যা,𑄇𑄣 𑄟𑄬𑄊𑄬 𑄘𑄬𑄝 𑄔𑄉𑄨 𑄡𑄠𑄴।,Present
হলুদ ভুিগুলো সুন্দর হ,𑄦𑄬𑄃𑄨𑄣𑄴 𑄞𑄪𑄃𑄨𑄠𑄚𑄨 𑄦𑄬𑄃𑄨𑄣𑄴 𑄢𑄧𑄁 𑄜𑄪𑄘𑄨 𑄘𑄮𑄣𑄴 𑄦𑄧𑄠𑄴।,Present
নদীর নালা গা ফোটে,𑄥𑄧𑄢 𑄚𑄣𑄧𑄖𑄴 𑄉𑄧𑄋𑄴 𑄜𑄪𑄘𑄬।,Present
জুনিে স্কুলে যাওা,𑄎𑄪𑄚𑄪 𑄃𑄨𑄌𑄴𑄇𑄪𑄣𑄧𑄖𑄴 𑄡𑄠𑄴 𑄃𑄬𑄎𑄬।,Present
এক দিন ক্লাস ফাকি দো মানুষরা খবর নিে আসলো যে দক্ষিণ দিকে গাড়ি চালানো হ,𑄃𑄬𑄇𑄴𑄘𑄨𑄚𑄴 𑄇𑄬𑄣𑄎𑄧 𑄥𑄧𑄟𑄎𑄳𑄠 𑄌𑄚𑄬 𑄈𑄧𑄝𑄧𑄢𑄴 𑄃𑄚𑄨𑄣𑄧 𑄘𑄧𑄊𑄨𑄚𑄬𑄘𑄨 𑄉𑄢𑄨𑄑𑄚 𑄦𑄧𑄢𑄴।,Past
সূর্য ডোবার দিন,𑄥𑄪𑄇𑄴𑄇𑄧𑄢𑄴𑄝𑄢𑄴 𑄝𑄧𑄚𑄴𑄘𑄧 𑄘𑄨𑄚𑄴।,Present
দ্রুত কলাটা খেলার সম নষ্ট হবে,𑄝𑄬𑄉𑄬 𑄇𑄧𑄣𑄇𑄴 𑄡𑄧𑄘𑄧𑄛𑄧𑄘𑄬 𑄈𑄢 𑄎𑄧𑄟𑄨𑄝𑄧।,Future
স্কুলে তেমাং হলো কে কে যাবে,𑄃𑄨𑄌𑄴𑄇𑄪𑄣𑄧𑄖𑄴 𑄖𑄬𑄟𑄴𑄟𑄁 𑄦𑄧𑄣𑄧 𑄇𑄧𑄚𑄴𑄚 𑄇𑄧𑄚𑄴𑄚 𑄡𑄬𑄝𑄧।,Future
তেমাং হলো দশ জন মিলে গাি বানানো যা,𑄖𑄬𑄟𑄴𑄟𑄁 𑄦𑄧𑄣𑄧 - 𑄘𑄧𑄥𑄴 𑄝𑄢𑄧𑄎𑄧𑄚𑄴 𑄎𑄪𑄇𑄴𑄝𑄪𑄘𑄨 𑄉𑄢𑄨𑄑𑄚 𑄡𑄬𑄝𑄇𑄴।,Present
গািটা দিন কাটতেছে,𑄉𑄢𑄨𑄑𑄚 𑄘𑄨𑄚𑄴 𑄥𑄪𑄇𑄴𑄇𑄧𑄢𑄴𑄝𑄢𑄴।,Present
আকাশটা মেঘলা,𑄘𑄬𑄝𑄝𑄱 𑄟𑄨𑄉𑄨𑄣𑄮 𑄉𑄧𑄎𑄳𑄠।,Present
মেে থাকলেও বৃষ্টি নেই,𑄟𑄬𑄇𑄴 𑄗𑄬𑄣𑄬𑄠𑄮 𑄏𑄧𑄢𑄴 𑄚𑄬𑄃𑄨 ।,Present
ব ব গাছের নিচে আসলাম,𑄝𑄧𑄢𑄴 𑄇𑄨𑄠𑄧𑄋𑄧 𑄝𑄧𑄑𑄴 𑄉𑄏𑄧 𑄖𑄧𑄣𑄬 𑄃𑄬𑄉𑄧𑄖𑄴𑄖𑄧𑄢𑄴 𑄦𑄧𑄣𑄇𑄴।,Past
সেখান থেকে আরও আধা মাইল দূরে,𑄥𑄨𑄖𑄴𑄪𑄚𑄴 𑄃𑄢𑄧 𑄃𑄙 𑄟𑄬𑄃𑄨𑄣𑄴 𑄜𑄢𑄧𑄇𑄴।,Present
.যাওা আধা ঘন্টা ধরে রাখতে পারে।,𑄡𑄘𑄬 𑄃𑄙 𑄊𑄧𑄚𑄴𑄑 𑄙𑄧𑄢𑄨 𑄛𑄢𑄬।,Present
সূর্য অস্ত যাচ্ছে,𑄝𑄬𑄣𑄚𑄴 𑄦𑄣𑄬𑄠𑄳𑄠𑄬।,Present
রোদে মলা,𑄢𑄮𑄘𑄧𑄠𑄮 𑄟𑄧𑄢 𑄟𑄧𑄢।,Present
.লম্বা গাি টানা মাা,𑄣𑄧𑄢𑄴 𑄘𑄨𑄣𑄇𑄴 𑄉𑄢𑄨𑄑𑄚 𑄟𑄧𑄇𑄳𑄠।,Present
ঢোল বাজা,𑄙𑄪𑄣𑄴 𑄝𑄏𑄬𑄢𑄴 ।,Present
সাগর মাা রে যা,𑄥𑄧𑄥𑄉𑄧𑄢𑄴 𑄟𑄚𑄴𑄎𑄳𑄠𑄧 𑄢𑄧 𑄥𑄪𑄚𑄧 𑄡𑄢𑄴।,Present
সবার কাছ থেকে মনে কর-যাওা,𑄝𑄬𑄇𑄴𑄇𑄪𑄚𑄧𑄖𑄴𑄪𑄚𑄴 𑄟𑄧𑄚𑄬 𑄇𑄧𑄢𑄴 - - 𑄡𑄘𑄨 𑄣𑄪𑄋𑄨𑄝𑄢𑄴।,Present
.গর্তে গাে কাঁটা দেওা,𑄉𑄧𑄎𑄁 𑄉𑄧𑄎𑄁 𑄦𑄘 𑄙𑄧𑄢𑄴𑄣𑄇𑄴।,Present
আরও কিছুক্ষণ পর গািটা চলবে,𑄃𑄢𑄧 𑄇𑄇𑄴𑄈𑄧𑄚𑄴 𑄎𑄬𑄢𑄬 𑄉𑄢𑄨 𑄖𑄚𑄖𑄚𑄨 𑄌𑄧𑄣𑄨𑄝𑄧।,Future
মানুষটা তোতলা,𑄟𑄚𑄪𑄌𑄴 𑄗𑄮 𑄗𑄯।,Present
জোনাকির আলো আঁধারিে আছে - কিছুক্ষণ পর পর হবে,𑄎𑄪𑄚𑄪𑄘𑄊𑄨 𑄣𑄪𑄋𑄨 𑄝𑄌𑄴𑄌𑄬𑄃𑄨 𑄃𑄊𑄧𑄚𑄴 - 𑄇𑄧𑄇𑄴𑄬𑄈 𑄦𑄧𑄝𑄧।,Future
এক জাতী মাছের দৌাদৌি,𑄃𑄘𑄬𑄇𑄳𑄠𑄉𑄧𑄢𑄨 𑄟𑄚𑄴𑄎𑄳𑄠𑄧𑄢𑄴 𑄙 𑄙𑄨 𑄥𑄪𑄢𑄪।,Present
কি হলদে,𑄇𑄨 𑄦𑄧𑄣𑄧𑄘𑄬।,Present
.জঙ্গলের মধ্যে এক জাতী মুর্খ,𑄟𑄚𑄴𑄎𑄳𑄠𑄧𑄣𑄧𑄉𑄬 𑄎𑄪𑄚𑄪𑄘𑄊𑄩 𑄏𑄢𑄧 𑄇𑄬𑄖𑄳𑄠𑄬 𑄡𑄬𑄃𑄨 𑄟𑄪𑄢𑄴 𑄉𑄪𑄏𑄨𑄣𑄇𑄴।,Present
দূরের থেকে দেখলেও দেখা যা না,𑄘𑄪𑄢𑄮𑄖𑄴𑄪𑄚𑄴 𑄘𑄬𑄊𑄬 𑄚𑄧 𑄘𑄬𑄊𑄬 𑄉𑄧𑄢𑄨 𑄢𑄧𑄣𑄇𑄴।,Present
চাঁদ যাপিা মানুষরা ধীরে ধীরে নিতেছে,𑄌𑄚𑄴𑄘𑄬 𑄡 𑄛𑄨𑄃𑄨𑄠𑄮𑄚𑄴 𑄟𑄚𑄪𑄌𑄴𑄌𑄪𑄚𑄴 𑄙𑄬𑄉𑄬 𑄙𑄬𑄉𑄬 𑄚𑄬𑄘𑄧𑄚𑄴𑄘𑄮𑄃𑄨।,Present
পিসে পিসে দশ জন হাত দিে পলো,𑄛𑄨𑄎𑄬 𑄛𑄨𑄎𑄬 𑄘𑄧𑄌𑄴 𑄝𑄢𑄧 𑄎𑄧𑄚𑄴 𑄦𑄖𑄳𑄠𑄬𑄢𑄴 𑄣𑄪𑄠𑄬 𑄉𑄧𑄢𑄨 𑄛𑄧𑄣𑄴𑄣𑄧𑄚𑄴।,Present
দূরের মািে পে দেখে আছে এত কী হলদে,𑄘𑄪𑄢𑄧𑄖𑄴𑄪𑄚𑄴 𑄟𑄚𑄴𑄎𑄳𑄠𑄧 𑄛𑄮𑄣𑄬 𑄛𑄮𑄣𑄬 𑄌𑄬𑄃𑄨 𑄃𑄊𑄧𑄚𑄴 𑄃 𑄇𑄧𑄙𑄧𑄚𑄴 𑄇𑄨 𑄦𑄧𑄣𑄧𑄘𑄬।,Present
দুইজন সেজাও খাওা,𑄘𑄨 𑄃𑄬𑄇𑄴𑄎𑄧𑄚𑄴 𑄥𑄬𑄎𑄠𑄮 𑄈𑄘𑄧𑄚𑄴।,Present
কোন জনে ভয়ে গিে গিেছে,𑄇𑄧𑄚𑄧 𑄎𑄧𑄚𑄬 𑄓𑄧𑄢𑄬 𑄉𑄨𑄢𑄴𑄉𑄨𑄢 𑄙𑄧𑄎𑄳𑄠𑄧𑄚𑄴।,Present
কোন কোন জনে বািে লা,𑄇𑄧𑄚𑄧 𑄇𑄧𑄚𑄧 𑄎𑄧𑄚𑄬 𑄊𑄧𑄢𑄴𑄟𑄮𑄇𑄳𑄠𑄬 𑄣𑄧𑄢𑄴 𑄘𑄮𑄚𑄴।,Present
"শুকর,চামা,সনা, লাল একটি বািে পানি খেলো","𑄎𑄪𑄚𑄪, 𑄌𑄚𑄴, 𑄥𑄧𑄚, 𑄢𑄋 𑄃𑄬𑄇𑄴𑄇𑄚𑄴 𑄊𑄧𑄢𑄧𑄖𑄴 𑄃𑄪𑄙𑄨 𑄛𑄚𑄨 𑄈𑄬𑄣𑄇𑄴।",Past
পানি খাওার পর এক ঝাক লোক কথা বলতে বলতে জ্ঞান পেল,𑄛𑄚𑄨 𑄈 𑄡𑄬𑄃𑄨𑄚𑄬 𑄃𑄬𑄇𑄴 𑄏𑄇𑄴 𑄟𑄚𑄪𑄌𑄴 𑄝𑄮𑄃𑄨 𑄝𑄮𑄃𑄨 𑄇𑄧𑄙 𑄇𑄧𑄙𑄧𑄚𑄴𑄘𑄬 𑄣𑄇𑄴 𑄛𑄬𑄣𑄇𑄴।,Past
মানুষরা কোথা গর্ত করেছে -কি দিনকাল পলো,𑄟𑄚𑄪𑄌𑄴𑄌𑄪𑄚𑄬 𑄇𑄪𑄠𑄮𑄝𑄪𑄣𑄧 𑄉𑄧𑄢𑄴𑄖𑄧𑄚𑄴 - 𑄇𑄨 𑄘𑄨𑄚𑄴 𑄇𑄣𑄴 𑄛𑄧𑄢𑄴𑄣𑄧।,Present
দোষ নাই দোষ নাই করে এতগুলো মানুষ একসাথে আসবে নাকি!,𑄘𑄪𑄌𑄴 𑄚𑄬𑄃𑄨 𑄘𑄌𑄴 𑄚𑄬𑄃𑄨 𑄉𑄧𑄢𑄨 𑄥𑄧𑄖𑄴 𑄥𑄧𑄖𑄴 𑄟𑄚𑄪𑄌𑄴 𑄃𑄬𑄎𑄚𑄴𑄉𑄧𑄢𑄨 𑄚𑄨𑄝𑄇𑄴 𑄚𑄨!,Future
জুনু কান পাতা শুনা আছে,𑄎𑄪𑄚𑄪 𑄇𑄚𑄴 𑄛𑄘𑄨 𑄥𑄪𑄚𑄨 𑄃𑄊𑄬।,Present
মনে মনে ভাব,𑄃 𑄟𑄧𑄚𑄬 𑄟𑄧𑄚𑄬 𑄞𑄝𑄬𑄢𑄴।,Present
একজন লোক কুকুরকে মেরে কলসে কল করছে তুমি তো সে!,𑄃𑄬𑄇𑄴𑄎𑄧𑄚𑄴 𑄟𑄚𑄪𑄌𑄴 𑄎𑄪𑄚𑄪𑄘𑄊𑄨𑄢𑄬 𑄘𑄬𑄃𑄨𑄚𑄬 𑄇𑄧𑄣𑄧 𑄛𑄪𑄖𑄴𑄣𑄧𑄇𑄴 𑄖𑄪𑄟𑄨 𑄘𑄧 𑄥𑄬𑄘𑄟𑄴𑄍𑄢!,Present
বিপদ ঘটিে আসলো,𑄓𑄧𑄢𑄬 𑄙𑄬𑄃𑄨 𑄃𑄬𑄣।,Past
হাত ধরিও না!,𑄦𑄖𑄳𑄠𑄬𑄢𑄴 𑄙𑄧𑄢𑄨 𑄚𑄧 𑄛𑄣𑄴𑄣!,Present
কথা শুনে জুারীরা চোখের পানি ফেলল,𑄇𑄧𑄙𑄠𑄚𑄴 𑄥𑄪𑄚𑄨𑄚𑄬 𑄎𑄪𑄚𑄪𑄢𑄴 𑄙𑄬𑄢𑄴𑄙𑄬𑄬𑄢𑄃𑄨 𑄌𑄮𑄊𑄧𑄛𑄚𑄨 𑄛𑄧𑄢𑄨𑄝𑄢𑄴 𑄦𑄣𑄴 𑄦𑄧𑄣𑄧।,Past
কোন রকমে আমাকে রাা করলো,𑄇𑄧𑄚𑄧 𑄝𑄝𑄧𑄘𑄬 𑄃𑄟𑄧𑄚𑄧𑄢𑄬 𑄢𑄳𑄦 𑄟𑄚𑄬𑄣𑄧।,Past
পানি খেে গািে পাখানা করল,𑄛𑄚𑄨 𑄙𑄬𑄬𑄃𑄨 𑄈𑄃𑄨 𑄉𑄢𑄨𑄖𑄚 𑄟𑄧𑄇𑄳𑄠 𑄦𑄘 𑄘𑄨𑄣𑄇𑄴।,Past
সূর্য অস্ত যাচ্ছে এবং গািটা নেমে যাচ্ছে,𑄌𑄚𑄴𑄘𑄬 𑄥𑄧𑄖𑄴 𑄥𑄧𑄖𑄴 𑄟𑄚𑄪𑄌𑄴 𑄃𑄢𑄧 𑄉𑄢𑄨𑄑𑄚 𑄟𑄧𑄇𑄳𑄠 𑄃𑄬𑄎 𑄙𑄧𑄎𑄳𑄠𑄧𑄚𑄴।,Present
বিেতে কি হলো কী হলো,𑄝𑄨𑄣𑄬 𑄇𑄨 𑄦𑄧𑄣𑄧 - 𑄇𑄨 𑄦𑄧𑄣𑄧!,Past
শীতে শরীর কাপ পে গেছে,𑄬𑄎𑄢𑄬 𑄟𑄳𑄦𑄬𑄖𑄴 𑄛𑄬𑄣𑄇𑄴 𑄞𑄪𑄣𑄴 𑄞𑄪𑄌𑄴 𑄛 𑄛𑄨 𑄦𑄪𑄠𑄬 ।,Present
পলোন কমাা কেউ কান ভারী করে দে,𑄛𑄧𑄣𑄴𑄣𑄧𑄚𑄧 𑄇𑄧𑄟𑄚𑄴𑄘𑄎𑄳𑄠𑄢𑄬 𑄇𑄧𑄚𑄧𑄎𑄧𑄚𑄬 𑄇𑄚𑄴 𑄉𑄮𑄢𑄴 𑄉𑄧𑄢𑄨 𑄘𑄮𑄚𑄴𑄘𑄮𑄃𑄨।,Present
এখন সূর্য অস্ত যাচ্ছে,𑄥𑄬𑄇𑄴𑄬 𑄝𑄬𑄣𑄴 𑄓𑄪𑄝𑄧𑄁 𑄓𑄪𑄝𑄧𑄁।,Present
যা গর্ত আছে সেখানে গািটা টানি করে আছে,𑄡 𑄃𑄧𑄇𑄴𑄖𑄧 𑄬𑄃𑄣𑄧 - 𑄥𑄨𑄠𑄚𑄧𑄖𑄴 𑄉𑄢𑄨𑄑𑄚 𑄑𑄚𑄨 𑄉𑄧𑄢𑄨𑄚𑄬 𑄃𑄠𑄮𑄌𑄴 𑄃𑄠𑄮𑄌𑄴 𑄛𑄪𑄢𑄬𑄃𑄨 𑄣𑄇𑄴 ।,Present
গািটা থেকে ফিরে আসতেছে,𑄉𑄢𑄨𑄖𑄚𑄖𑄴𑄪𑄚𑄴 𑄜𑄨𑄢𑄨 𑄬𑄃𑄖𑄴𑄖𑄬 𑄥𑄌𑄴 𑄉𑄧𑄋𑄨 𑄉𑄬𑄣𑄧।,Present
জোনাকির মাথা এক গুচ্ছ চিমটা ধরলো,𑄎𑄪𑄚𑄪 𑄟𑄙𑄖𑄴 𑄬𑄃𑄇𑄴 𑄏𑄇𑄴 𑄌𑄨𑄙𑄬 𑄊𑄨𑄢𑄨 𑄙𑄧𑄢𑄴𑄣𑄧।,Past
মনের মতো কথা বলি আমরা,𑄟𑄧𑄚𑄬 𑄟𑄧𑄚𑄬 𑄇𑄧𑄣𑄧 𑄇𑄨 𑄛𑄮𑄧𑄢 𑄇𑄧𑄝𑄣𑄳𑄠 𑄎𑄖𑄴 𑄃𑄟𑄨।,Present
নেওা না থাকলে বিপদ হ,𑄚𑄬𑄖𑄴𑄖𑄨𑄢𑄨𑄖𑄧 𑄚𑄧 𑄗𑄬𑄣𑄬 𑄎𑄘𑄧𑄢𑄴 𑄬𑄃 𑄘𑄧𑄏 𑄦𑄧𑄠𑄴 ।,Present
দুই তিন দিন কেটে গেল,𑄘𑄨 𑄖𑄨𑄚𑄴 𑄘𑄨𑄚𑄴 𑄉𑄧𑄋𑄨 𑄉𑄬𑄣𑄧।,Past
.কলেজের ফাকিঁ গাছের নিচে বসে কথা বলছে।,𑄃𑄨𑄌𑄴𑄇𑄪𑄣𑄧 𑄜𑄨𑄖𑄴𑄖𑄨 𑄛𑄢𑄧 𑄥𑄢𑄴𑄝𑄱 𑄉𑄏𑄧 𑄖𑄧𑄣𑄬 𑄝𑄮𑄌𑄴𑄥𑄮𑄚𑄴 𑄃 𑄇𑄧𑄙 𑄟𑄬𑄣𑄴𑄣𑄮𑄚𑄴।,Present
"জুনু,রাঙা,লাল,সনাসে সব মানুষ গুলিেছে","𑄎𑄪𑄚𑄪, 𑄢𑄋, 𑄥𑄧𑄚𑄥𑄧𑄟𑄧𑄖𑄴 𑄝𑄬𑄇𑄴 𑄥𑄧𑄟𑄎𑄳𑄠𑄠𑄪𑄚𑄴 𑄉𑄪𑄣𑄴𑄉𑄧𑄢𑄨 𑄝𑄮𑄌𑄴𑄌𑄮𑄚𑄴 ।",Present
গািটা কথা বলতেছে,𑄉𑄢𑄨𑄑𑄚 𑄇𑄧𑄙 𑄇𑄪𑄠𑄝𑄪𑄣𑄧 𑄌𑄧𑄣𑄬𑄢𑄴।,Present
জোনাকির কলকির কি হাল?,𑄎𑄪𑄚𑄪 𑄇𑄧𑄣𑄧 𑄃𑄟 𑄎𑄘𑄧𑄢𑄴 𑄬𑄃 𑄇𑄨 𑄦𑄣𑄴?,Present
"লাল কল-জাতী পাহাের পা, নেতা, চোলগুলো খারাপ হলে বিপদ হ","𑄢𑄋 𑄇𑄧𑄣𑄧 - 𑄎𑄘𑄧𑄢𑄴 𑄟𑄪𑄢𑄮, 𑄚𑄬𑄖, 𑄌𑄬𑄣𑄠𑄪𑄚𑄴 𑄝𑄬𑄦𑄣𑄴 𑄦𑄧𑄣𑄬 𑄬𑄃 𑄘𑄧𑄏 𑄦𑄧𑄠𑄴 !",Present
".এই হালে কেন বাঁশি বাজাবো,রাঙা কলস আপনাদের থেকে,আমাদের থেকে কাজ করতে হবে","𑄬𑄃 𑄦𑄣𑄧𑄖𑄴𑄪𑄚𑄴 𑄇𑄬𑄚𑄬 𑄝𑄏𑄨𑄝𑄧𑄁 𑄎𑄪𑄚𑄪 𑄇𑄧𑄣𑄬, 𑄢𑄋 𑄇𑄧𑄣𑄧 𑄖𑄧𑄟𑄖𑄴𑄪𑄚𑄴, 𑄃𑄟𑄖𑄴𑄪𑄚𑄴 𑄇𑄟𑄴 𑄉𑄧𑄢𑄨𑄚𑄬𑄃𑄨 𑄎𑄘𑄧𑄢𑄬 𑄬𑄃 𑄦𑄣𑄧𑄖𑄴𑄪𑄚𑄴 𑄖𑄧𑄢 𑄘𑄳𑄠𑄬 𑄛𑄧𑄢𑄨𑄝𑄧।",Future
জোনাকির মতো সুন্দর কথা,𑄎𑄪𑄚𑄪 𑄇𑄧𑄣𑄧 𑄝𑄬𑄥𑄴 𑄉𑄧𑄟𑄴 𑄇𑄧𑄙।,Present
সে অনেক ব কাজ করে,𑄖𑄬 𑄥𑄣𑄬 𑄝𑄬𑄉𑄬 𑄟𑄨𑄣𑄨 𑄇𑄟𑄴 𑄉𑄧𑄢𑄨𑄚!,Present
কাজটা তো বেশি দূরে না,𑄇𑄟𑄴𑄠𑄚𑄴 𑄘𑄧 𑄬𑄃𑄘𑄧𑄇𑄴 𑄃𑄪𑄌𑄴𑄌𑄮 𑄚𑄧𑄠𑄴 ।,Present
এখানে সবগুলো উঁচু লাগে,𑄃𑄬 𑄃𑄧𑄇𑄴𑄖𑄧𑄖𑄴 𑄝𑄬𑄇𑄴𑄇𑄚𑄨 𑄃𑄪𑄌𑄴𑄌𑄮 𑄣𑄉𑄬।,Present
পৃথিবীতে ঘিলু লাগে,𑄛𑄨𑄖𑄴𑄗𑄨𑄟𑄨𑄠𑄚𑄴 𑄊𑄨𑄣𑄬𑄛𑄢 𑄣𑄉𑄬।,Present
জোনাকির ডাক হ তো,𑄎𑄪𑄚𑄪 𑄇𑄧𑄣𑄧 𑄦𑄧𑄠𑄴 𑄘𑄧 𑄇𑄧𑄙𑄠𑄚𑄴।,Present
খালি তুমি এগুলো জানো কেন?,𑄈𑄣𑄨𑄇𑄴 𑄖𑄪𑄃𑄨 𑄃𑄨𑄠𑄚𑄨 𑄎𑄚𑄧𑄌𑄴 𑄇𑄬𑄚𑄬?,Present
লাল কল আছে,𑄢𑄋 𑄇𑄧𑄣𑄧 𑄃𑄊𑄬।,Present
"আমাদের গ্রামে ভাই-বোনেরা,বুদ্ধিমান মানুষ আছে","𑄃𑄟 𑄥𑄧𑄟𑄎𑄧𑄖𑄴 𑄞𑄬𑄃𑄨𑄘𑄮 𑄉𑄳𑄠𑄧𑄚𑄴, 𑄝𑄪𑄘𑄴𑄙𑄨𑄝𑄧𑄣 𑄟𑄚𑄪𑄧𑄌𑄴 𑄃𑄊𑄧𑄚𑄴।",Present
তারা সবাই মিলে কথা বলতে পারবে,𑄖𑄢𑄣𑄮𑄃𑄨 𑄟𑄨𑄣𑄨𑄣𑄬 𑄝𑄬𑄇𑄴 𑄇𑄮𑄃𑄨 𑄛𑄢𑄨𑄝𑄬।,Future
জোনাকির আলো আঁধারিে লাল কথা গুলো শুনতেছি,𑄎𑄪𑄚𑄪 𑄇𑄇𑄴𑄈𑄧𑄚𑄴 𑄎𑄪𑄢𑄧 𑄦𑄮𑄃𑄨 𑄢𑄋 𑄇𑄧𑄙𑄚𑄨 𑄥𑄪𑄚𑄨𑄣𑄧।,Present
মনে হ তো!,𑄟𑄧𑄚𑄬 𑄟𑄧𑄚𑄬 𑄞𑄝𑄨𑄣𑄧 𑄦𑄧𑄠𑄴 𑄘𑄧!,Present
আমি তো অনেক কিছুই সহ্য করতে পারি না,𑄟𑄪𑄃𑄨 𑄘𑄧 𑄞𑄣𑄧𑄇𑄴𑄇𑄚𑄨 𑄃𑄬𑄝𑄧 𑄟𑄳𑄦𑄬𑄖𑄴 𑄚𑄧 𑄛𑄁।,Present
লাল কথা গুলো জুনিে মনে পে বারি মারলো,𑄢𑄋 𑄇𑄧𑄙𑄚𑄨 𑄎𑄪𑄚𑄪 𑄟𑄧𑄚𑄧𑄖𑄴 𑄃𑄟𑄨𑄎𑄬𑄃𑄨 𑄝𑄢𑄨 𑄟𑄢 𑄙𑄧𑄢𑄴𑄣𑄧।,Past
এক দিন স্কুল বন্ধ,𑄃𑄬𑄇𑄴𑄘𑄨𑄚𑄴 𑄃𑄨𑄌𑄴𑄇𑄪𑄣𑄴 𑄝𑄧𑄚𑄴𑄘𑄧।,Present
লাল জুনিে একটি গ্রামে নিে যাচ্ছে,𑄢𑄋 𑄎𑄪𑄚𑄪𑄢𑄬 𑄘𑄪𑄢𑄴 𑄃𑄬𑄇𑄴𑄇𑄚𑄴 𑄃𑄘𑄟𑄧 𑄇𑄨𑄠𑄧𑄋𑄧𑄖𑄴 𑄚𑄬𑄬𑄎𑄣𑄧।,Present
গ্রাম থেকে অনেক দূর,𑄃𑄘𑄟𑄧𑄖𑄴𑄪𑄚𑄴 𑄞𑄣𑄧𑄇𑄴 𑄘𑄪𑄢𑄴।,Present
গাছের মধ্যে,𑄉𑄌𑄴𑄝𑄏𑄧 𑄥𑄬𑄢𑄬।,Present
"এক জাতী গাছ,লার্ভা","𑄌𑄬𑄢𑄧 𑄇𑄬𑄃𑄨𑄖𑄴 𑄏𑄢𑄴𑄝𑄱 𑄉𑄌𑄴𑄝𑄌𑄴, 𑄣𑄪𑄘𑄨।",Present
ভুরভুরে,𑄞𑄪𑄢𑄧 𑄃𑄬𑄇𑄴 𑄞𑄚𑄴𑄖𑄬।,Present
তাদেরকে দেখে ভে ভে হলো,𑄖𑄢𑄢𑄬 𑄘𑄬𑄃𑄨𑄚𑄬 𑄞𑄚𑄴𑄖𑄬 𑄡𑄧𑄘𑄧𑄛𑄧𑄘𑄬 𑄈𑄪𑄏𑄨 𑄦𑄧𑄣𑄧।,Past
.তারা মাদুরে বসে কথা বলছে,𑄖𑄢𑄢𑄬 𑄛𑄘𑄨𑄖𑄴 𑄖𑄬 𑄝𑄧𑄏 𑄝𑄎𑄬𑄃𑄨 𑄘𑄨 𑄇𑄧𑄙 𑄟𑄬𑄣𑄨𑄣𑄧।,Present
জুনু তার কথা শুনে ভ পাে আছে,𑄎𑄪𑄚𑄪 𑄖 𑄇𑄧𑄙 𑄥𑄪𑄚𑄨 𑄝𑄪𑄏𑄨𑄣𑄧 𑄞𑄚𑄴𑄖𑄬𑄝𑄮𑄢𑄴 𑄉𑄳𑄠𑄚𑄴 𑄃𑄊𑄬।,Present
তার থেকে দেখার আছে,𑄖𑄖𑄴𑄪𑄚𑄴 𑄥𑄨𑄊𑄨𑄝𑄢𑄴 𑄃𑄊𑄬।,Present
তোমার এখানে আর ভে ভে তার থেকে আলাদা হলো,𑄖𑄧 𑄃𑄨𑄙𑄪 𑄃𑄢𑄧 𑄃𑄬𑄝𑄧𑄁 𑄞𑄚𑄴𑄖𑄬 𑄇𑄮𑄃𑄨𑄚𑄬 𑄖𑄖𑄴𑄪𑄚𑄴 𑄜𑄢𑄧𑄇𑄴 𑄦𑄧𑄣𑄇𑄴।,Past
ভে তাদেরকে তািে দিল,𑄞𑄚𑄴𑄖𑄬 𑄖𑄢𑄢𑄬 𑄥𑄬𑄛𑄴𑄝𑄖𑄴𑄖 𑄘𑄨𑄣𑄧।,Past
সে জুনু লালকে কল বন্ধ করলে আবার আসে,𑄃𑄬𑄖𑄴𑄖𑄬 𑄎𑄪𑄚𑄪 𑄢𑄋𑄢𑄬 𑄇𑄧𑄣𑄧 𑄝𑄧𑄚𑄴𑄘𑄧 𑄦𑄧𑄣𑄬 𑄃𑄢𑄧 𑄃𑄬𑄝𑄧𑄁।,Present
লাল কল আমাদের থেকে ভালো করে বুদ্ধি নিতে হবে,𑄢𑄋 𑄇𑄧𑄣𑄧 𑄃𑄟𑄖𑄴𑄪𑄚𑄴 𑄎𑄧𑄙 𑄦𑄮𑄃𑄨 𑄞𑄚𑄴𑄖𑄴𑄬𑄪𑄚𑄴 𑄝𑄪𑄘𑄴𑄙𑄨 𑄣𑄪𑄠 𑄛𑄧𑄢𑄨𑄝𑄧।,Future
জোনাকির আলো আঁধারিটা আগে ভালো করে দেখে,𑄎𑄪𑄚𑄪 𑄇𑄧𑄣𑄧 𑄟𑄪𑄎𑄪𑄋𑄬 𑄛𑄧𑄢𑄨𑄇𑄴𑄈𑄬𑄠𑄚𑄴 𑄃𑄉𑄬 𑄉𑄧𑄟𑄬 𑄘𑄨।,Present
তত ব আমার ভাই বেঁচে থাকবে,𑄥𑄬𑄇𑄳𑄠𑄬 𑄃𑄟𑄢𑄴 𑄞𑄬𑄃𑄨𑄘𑄮 𑄎𑄨𑄢𑄬𑄚𑄴 𑄗𑄬𑄝𑄧।,Future
.সে জিরাইনটা কাজে লাগবে,𑄥𑄳𑄠𑄬 𑄎𑄨𑄢𑄬𑄚𑄴𑄠𑄚𑄴 𑄇𑄟𑄧𑄖𑄴 𑄣𑄉𑄬𑄝𑄧𑄁।,Future
লাল কলজু তোমার এত বুদ্ধি,𑄢𑄋 𑄇𑄧𑄣𑄧 𑄎𑄪𑄚𑄪 𑄖𑄧𑄢𑄴 𑄃𑄬𑄘𑄧𑄇𑄴 𑄝𑄪𑄘𑄴𑄙𑄨!,Present
সে দৌাদৌি করে বািতে ফিরল,𑄇𑄧𑄖𑄴𑄘𑄪𑄢𑄴 𑄃𑄬𑄃𑄨𑄚𑄬 𑄡 𑄡 𑄊𑄧𑄢𑄧𑄖𑄴 𑄖𑄬 𑄜𑄨𑄢𑄨𑄣𑄇𑄴।,Past
এক জাতী সাপ,𑄓𑄨𑄥𑄬𑄟𑄴𑄝𑄧𑄢𑄧 𑄛𑄧𑄣𑄳𑄠 𑄥𑄛𑄴𑄖।,Present
তেতো হে গেল,𑄑𑄬𑄥𑄴𑄖𑄴 𑄛𑄧𑄢𑄨𑄇𑄴𑄈𑄬 𑄦𑄮𑄃𑄨 𑄉𑄬𑄣𑄧।,Past
রেজাল্ট হে আর দুই দফা দেরি,𑄢𑄬𑄎𑄣𑄴𑄑𑄴 𑄦𑄧𑄘𑄬 𑄃𑄢𑄧 𑄘𑄨𑄚𑄴𑄘𑄧𑄇𑄴 𑄘𑄬𑄢𑄨।,Present
সবাই জ্বর পেছে,𑄝𑄬𑄇𑄴𑄇𑄪𑄚𑄬 𑄎𑄨𑄢𑄬𑄚𑄴 𑄛𑄨𑄠𑄮𑄚𑄴।,Present
এক দিনে পাঁচ জন লোক অসুস্থ হে মারা গেল,𑄃𑄬𑄇𑄴𑄘𑄨𑄚𑄴 𑄌𑄬𑄃𑄨𑄢𑄴 𑄛𑄌𑄴 𑄎𑄧𑄚𑄴 𑄎𑄧𑄙 𑄦𑄮𑄃𑄨 𑄞𑄚𑄴𑄖𑄬𑄃𑄨𑄙𑄪 𑄉𑄬𑄣𑄇𑄴।,Past
"প্রতিদিন সম, সমের সম কথা বলতেছে","𑄘𑄨𑄚𑄴𑄞𑄧𑄢𑄴 𑄥𑄧𑄟𑄌𑄴, 𑄥𑄧𑄋𑄧𑄌𑄴𑄇𑄨𑄢𑄨𑄖𑄨 𑄚𑄨𑄚𑄬𑄃𑄨 𑄇𑄧𑄙 𑄖𑄪𑄣𑄧𑄛𑄢 𑄦𑄧𑄣𑄧।",Present
ভান্তেটার কথাগুলো অনেক ভালো লাগে,𑄞𑄚𑄴𑄖𑄬𑄝𑄱 𑄇𑄧𑄙𑄚𑄨 𑄡𑄬𑄘𑄧𑄇𑄴 𑄥𑄪𑄚𑄧𑄘𑄧𑄚𑄴 𑄥𑄬𑄘𑄧𑄇𑄴 𑄉𑄧𑄟𑄴 𑄣𑄉𑄬𑄢𑄴।,Present
"ভিক্ষুকটির কথা, যুক্তি ফিরে দে না","𑄞𑄚𑄴𑄖𑄬𑄝𑄮𑄢𑄴 𑄇𑄧𑄙, 𑄡𑄪𑄇𑄴𑄖𑄨 𑄜𑄨𑄢𑄬𑄃𑄨 𑄘𑄨𑄝𑄢𑄴 𑄚𑄧𑄠𑄴 ।",Present
সবাই সকাল হেছে,𑄝𑄬𑄇𑄴𑄪𑄚𑄬 𑄃𑄧𑄣𑄧𑄢𑄴 𑄦𑄮𑄃𑄨 𑄥𑄪𑄚𑄨𑄣𑄇𑄴।,Present
.অতিরিক্ত বাচ্চারা দুষ্টামি করলে সেটার জোও সে ভেঙে দে,𑄃𑄧𑄇𑄴𑄖𑄧 𑄃𑄧𑄇𑄴𑄖𑄧 𑄛𑄱𑄠𑄪𑄚𑄬 𑄛𑄪𑄏𑄢𑄴 𑄉𑄧𑄢𑄴𑄣𑄬 𑄥𑄨𑄠𑄚𑄧𑄢𑄴 𑄎𑄮𑄛𑄴𑄠𑄮 𑄖𑄬 𑄞𑄋𑄨 𑄝𑄪𑄏𑄬𑄃𑄨 𑄘𑄬 𑄙𑄧𑄢𑄴𑄣𑄧।,Present
সূর্য ডোবার সম এক ঘন্টা মাকা খাওা গেলো,𑄝𑄬𑄣𑄴 𑄘𑄨𑄝𑄮𑄢𑄴 𑄦𑄮𑄃𑄨𑄚𑄬 𑄃𑄬𑄇𑄴 𑄊𑄧𑄚𑄴𑄑 𑄟𑄧𑄇𑄳𑄠 𑄈𑄚 𑄎𑄨𑄢𑄬𑄚𑄴 𑄦𑄧𑄣𑄧।,Past
"হঠাৎ করে ধর্ম,ধর্ম নিে কথা বলা হলো","𑄇𑄇𑄴𑄈𑄧𑄚𑄴 𑄎𑄨𑄢𑄬𑄃𑄨 𑄙𑄧𑄢𑄴𑄟𑄧, 𑄢𑄌𑄴𑄚𑄨𑄖𑄨 𑄚𑄨𑄚𑄬 𑄇𑄧𑄙 𑄟𑄬𑄣𑄟𑄬𑄣𑄨 𑄦𑄧𑄣𑄧।",Past
ঘন্টা শেষের পর জাগা সবাই গোসল করতে যাচ্ছে,𑄊𑄧𑄚𑄴𑄑 𑄟𑄪𑄣𑄧 𑄎𑄬𑄢𑄬 𑄎𑄪𑄚𑄪𑄘𑄊𑄨 𑄚𑄚𑄠𑄚𑄴 𑄛𑄪𑄏𑄢𑄴 𑄉𑄧𑄢𑄨 𑄎𑄚𑄨𑄝𑄢𑄴 𑄌𑄬𑄣𑄇𑄴।,Present
কেকটা যে এত ঝগা করলো তা টের পেলাম না,𑄇𑄧𑄇𑄴𑄬𑄈 𑄡𑄬 𑄃𑄧𑄇𑄴𑄖𑄧 𑄈𑄧𑄧𑄢𑄬𑄃𑄨 𑄡 𑄙𑄧𑄢𑄴𑄣𑄧 𑄃𑄪𑄘𑄨𑄌𑄴 𑄚𑄧 𑄛𑄬𑄣𑄇𑄴 ।,Past
সে বাির মেেকে লা দিল,𑄎𑄬𑄢𑄬 𑄊𑄧𑄢𑄧 𑄟𑄧𑄇𑄳𑄠𑄬 𑄣𑄧𑄢𑄴 𑄘𑄨𑄣𑄇𑄴।,Past
জুনু শুধু ভে কথা গুলো এখানে তুলে নিয়ে আসলো,𑄎𑄪𑄚𑄪 𑄃𑄬𑄖𑄴𑄬 𑄝𑄚 𑄞𑄚𑄴𑄖𑄬 𑄇𑄧𑄙𑄚𑄨 𑄃𑄩𑄙𑄮𑄖𑄴 𑄖𑄪𑄣𑄨 𑄖𑄪𑄣𑄨 𑄃𑄬𑄣𑄧 ।,Past
"আমাদের ভান্তেটা শুধু মিথ্যা কথা বলে,পরের কথা বলে কথাগুলো ফেলে","𑄃𑄟 𑄞𑄚𑄴𑄖𑄬𑄠𑄪𑄚𑄬 𑄝𑄚 𑄚𑄨𑄢𑄴𑄝𑄚𑄧 𑄇𑄧𑄙, 𑄛𑄧𑄢𑄧𑄇𑄣𑄧 𑄇𑄧𑄙 𑄇𑄮𑄃𑄨 𑄇𑄮𑄃𑄨 𑄃𑄧𑄇𑄴𑄖𑄧𑄠𑄪𑄚𑄴 𑄜𑄬𑄣𑄚𑄴।",Present
"কোন দিন সম, রাত হলে পথ দেখা যা না","𑄇𑄧𑄚𑄧𑄘𑄨𑄚𑄴 𑄥𑄧𑄟𑄌𑄴, 𑄢𑄌𑄴𑄚𑄨𑄖𑄨 𑄚𑄨𑄚𑄬 𑄛𑄧𑄗𑄴 𑄚𑄧 𑄘𑄬𑄊𑄚𑄴।",Present
ভাবি দেখলে এই গ্রামটার বাঁশগুলো ঠিক করে আছে,𑄞𑄝𑄨 𑄌𑄬𑄣𑄬 𑄃𑄨𑄠𑄚𑄨 𑄟𑄚𑄴𑄎𑄳𑄠𑄧𑄢𑄴 𑄝𑄏𑄨 𑄗𑄬𑄝𑄖𑄴𑄬𑄃𑄨 𑄈𑄟𑄇𑄴𑄇𑄠𑄴 𑄉𑄧𑄢𑄧𑄌𑄴 𑄃𑄊𑄬 ।,Present
"সঙ্গী না থাকলে ধর্ম, সাঙ্গপাঙ্গ কীভাবে থাকবে","𑄥𑄧𑄟𑄌𑄴 𑄝𑄏𑄩 𑄚𑄧 𑄗𑄬𑄣𑄬 𑄙𑄧𑄢𑄴𑄟𑄧, 𑄥𑄧𑄋𑄧𑄌𑄴𑄇𑄳𑄢𑄨𑄖𑄨 𑄇𑄬𑄚𑄬 𑄝𑄏𑄩 𑄗𑄬𑄝𑄧।",Future
.মাতে সম বসে থাকলে রোদ পোহাতে হ,𑄟𑄖𑄴𑄖𑄧𑄢𑄴 𑄥𑄧𑄟𑄌𑄴 𑄝𑄏𑄨 𑄗𑄬𑄘𑄧 𑄌𑄬𑄣𑄬 𑄢𑄌𑄴𑄚𑄨𑄖𑄨 𑄈𑄟𑄇𑄴𑄇𑄠𑄴 𑄣𑄉𑄬।,Present
যে জাতের ধান থেকে আমার ভালো হ না,𑄡𑄬 𑄎𑄖𑄴 𑄢𑄌𑄴𑄚𑄨𑄖𑄨𑄖𑄴𑄪𑄚𑄴 𑄟𑄪 𑄜𑄨𑄢𑄬𑄃𑄨 𑄌𑄧𑄣𑄧𑄚𑄴 𑄖𑄢𑄢𑄴 𑄞𑄣𑄬𑄖𑄴 𑄦𑄮𑄠𑄴 𑄚𑄧 𑄛𑄢𑄬।,Present
ভে কথা গুলো জুে মাথা বারি মারলো,𑄞𑄚𑄴𑄖𑄬 𑄇𑄧𑄙𑄚𑄨 𑄎𑄪𑄚𑄪 𑄟𑄙𑄖𑄴 𑄃𑄧𑄚𑄴𑄎𑄪𑄢𑄴 𑄝𑄢𑄨 𑄟𑄢 𑄙𑄧𑄢𑄴𑄣𑄧।,Past
দস-বার দিন পরে জুার রেজাল্ট বের হলো,𑄘𑄧𑄥𑄴-𑄝𑄢𑄧 𑄘𑄨𑄚𑄴 𑄎𑄬𑄢𑄬 𑄎𑄪𑄚𑄪𑄘𑄊𑄨𑄢𑄴 𑄑𑄬𑄥𑄴𑄑𑄧 𑄢𑄬𑄎𑄣𑄴𑄑𑄴 𑄚𑄨𑄉𑄨𑄣𑄨𑄣𑄧।,Past
সবাই হামাগুি দিে জুে যা,𑄝𑄬𑄇𑄴𑄪𑄚𑄬 𑄦𑄟𑄧𑄇𑄴 𑄢𑄋𑄣𑄮𑄃𑄨 𑄎𑄪𑄚𑄪 𑄉𑄧𑄟𑄬 𑄛𑄥𑄴 𑄉𑄧𑄢𑄨 𑄡𑄨𑄠𑄮𑄚𑄴।,Present
পরিক্ষার্থীরা পরিক্ষার্থীরা যা লিখ তা কাটাকাটি করছে,𑄛𑄧𑄢𑄨𑄇𑄴𑄈𑄬 𑄈𑄖𑄖𑄴 𑄡 𑄣𑄬𑄈𑄳𑄠𑄧𑄚𑄴 𑄟𑄌𑄴𑄖𑄧𑄢𑄴𑄠𑄪𑄚𑄬 𑄝𑄃𑄨𑄚𑄨 𑄉𑄧𑄢 𑄙𑄧𑄢𑄴𑄣𑄇𑄴।,Present
লাল জুনিে কল দিলে,𑄢𑄋 𑄎𑄪𑄚𑄪𑄢𑄬 𑄇𑄧𑄣𑄧 𑄘𑄬𑄣𑄬!,Past
আমরা বই পাও ভালো,𑄃𑄟𑄨 𑄝𑄮𑄓𑄧 𑄛𑄧𑄢𑄨𑄇𑄴𑄈𑄬𑄖𑄴𑄠𑄮 𑄉𑄧𑄟𑄴 𑄉𑄧𑄢𑄨𑄝𑄧𑄁।,Present
দেব!,𑄘𑄬𑄝𑄬!,Future
জুনিে কল কাটলে তো ভালো হলো না,𑄎𑄪𑄚𑄪 𑄇𑄧𑄣𑄧 𑄈𑄣𑄨𑄇𑄴 𑄇𑄣𑄢𑄟𑄬 𑄘𑄧 𑄖𑄳𑄠𑄬𑄚𑄴 𑄉𑄧𑄟𑄴 𑄚𑄧 𑄉𑄧𑄣𑄴𑄣𑄧।,Past
লাল কল তাকে এই পৃথিবীতে যে কোনভাবে নিে যা,𑄢𑄋 𑄇𑄧𑄣𑄧 𑄖𑄢𑄬 𑄃𑄬 𑄞𑄨𑄘𑄨𑄢𑄬 𑄡 𑄛𑄢𑄨 𑄃𑄪𑄎𑄬𑄃𑄨 𑄚𑄨𑄝𑄢𑄴 𑄌𑄬𑄝𑄧𑄁।,Present
বইের পরিক্ষা তিন মাস গেছে,𑄝𑄮𑄓𑄧 𑄛𑄧𑄢𑄨𑄇𑄴𑄈𑄬 𑄖𑄨𑄚𑄴 𑄟𑄥𑄴 𑄎𑄬𑄢𑄴 𑄃𑄊𑄬।,Present
এই তিন মাস ভালোভাবে পা কঠিন,𑄃𑄬 𑄖𑄨𑄚𑄴 𑄟𑄥𑄴 𑄉𑄧𑄟𑄬 𑄛𑄧𑄢𑄚 𑄘𑄧𑄢𑄴𑄇𑄢𑄴।,Present
ভালো পাতা না পে ভালো কলেজে ভ পাা,𑄉𑄧𑄟𑄴 𑄛𑄥𑄴 𑄚𑄧 𑄉𑄧𑄣𑄳𑄠𑄬 𑄉𑄧𑄟𑄴 𑄇𑄧𑄣𑄬𑄎𑄧𑄖𑄴 𑄞𑄧𑄖𑄴𑄖𑄨 𑄃𑄊𑄖𑄳𑄠।,Present
এক দিন বো আবাদ করে লাল ভে চলে গেল,𑄃𑄬𑄇𑄴 𑄘𑄨𑄚𑄴 𑄝𑄬𑄚𑄳𑄠 𑄟𑄙𑄚𑄴𑄉𑄧𑄢𑄨 𑄎𑄪𑄚𑄪𑄣𑄮𑄃𑄨 𑄢𑄋 𑄞𑄚𑄴𑄖𑄬-𑄘𑄪 𑄉𑄬𑄣𑄇𑄴।,Past
ভে ভে কথা বলতেছে,𑄞𑄚𑄴𑄖𑄬𑄣𑄮𑄃𑄨 𑄇𑄇𑄴𑄈𑄧𑄚𑄴 𑄇𑄧𑄙 𑄇𑄪𑄠𑄮𑄝𑄪𑄣𑄮 𑄉𑄧𑄢𑄴𑄣𑄇𑄴।,Present
ভে বললে তোমার পরীক্ষা কাজে লাগে,𑄞𑄚𑄴𑄖𑄬 𑄇𑄧𑄣𑄧 𑄖𑄧𑄟 𑄛𑄧𑄢𑄨𑄇𑄴𑄈𑄬 𑄇𑄎𑄬𑄠𑄬 ।,Present
তুমি মন দিে পরো,𑄖𑄪𑄟𑄨 𑄟𑄧𑄚𑄴 𑄘𑄨 𑄛𑄧𑄢𑄧𑄉𑄮𑄃𑄨।,Present
সে তোমাদের এই কথাটা একদম বিশ্বাস করে না,"𑄖𑄬 𑄇𑄧𑄣𑄧 𑄖𑄧𑄟, 𑄃𑄬 𑄃𑄧𑄇𑄴𑄖𑄧𑄠𑄚𑄴 𑄡𑄧𑄘𑄧𑄛𑄧𑄘𑄬 𑄃𑄊𑄖𑄳𑄠।",Present
পৃথিবীটাকেও ছিঁা লাগে,𑄛𑄨𑄖𑄴𑄗𑄨𑄟𑄨𑄠𑄚𑄧𑄢𑄬𑄠𑄮 𑄍𑄨𑄉𑄮𑄚𑄴 𑄣𑄉𑄬।,Present
খালি পৃথিবীতে সব ধাক্কা খাওা,𑄈𑄣𑄨𑄇𑄴 𑄛𑄨𑄖𑄴𑄗𑄨𑄟𑄨𑄖𑄴 𑄝𑄬𑄇𑄴𑄇𑄚𑄨 𑄃𑄊𑄖𑄳𑄠।,Present
এই আঘাতটা মেরে নিয়ে যেতে পারাটাই- সে,𑄃𑄬 𑄃𑄊𑄖𑄳𑄠𑄠𑄚𑄴 𑄟𑄬𑄢𑄬𑄃𑄨 𑄚𑄬𑄎𑄬 𑄛𑄢𑄚𑄠𑄚𑄧𑄃𑄨 - 𑄥𑄬𑄘𑄟𑄴।,Present
রাঙালো জুনিে কথা শুনা শক্ত,𑄢𑄋𑄣𑄮𑄃𑄨 𑄎𑄪𑄚𑄪 𑄇𑄧𑄙𑄚𑄨 𑄥𑄪𑄚𑄨 𑄢𑄧𑄣𑄇𑄴।,Present
.মেে মানুষ আসা বািে ফিরে আসলো,𑄎𑄬𑄢𑄬 𑄟𑄚𑄪𑄌𑄴 𑄃𑄬𑄎𑄚𑄠𑄴 𑄢𑄋𑄣𑄮𑄃𑄨 𑄎𑄪𑄚𑄪 𑄊𑄧𑄢𑄧𑄖𑄴 𑄜𑄨𑄢𑄨 𑄃𑄬𑄣𑄇𑄴 ।,Past
পথে আসতে আসতে জুনু কল- লাল ভো,𑄛𑄧𑄙𑄧𑄖𑄴 𑄃𑄬𑄖𑄴𑄖𑄬 𑄃𑄬𑄖𑄴𑄖𑄬 𑄎𑄪𑄚𑄪 𑄇𑄧𑄣𑄧- 𑄢𑄋 𑄞𑄬𑄃𑄨 ।,Present
আমরা কি সেরকম হতে পারবো না?,𑄃𑄟𑄨 𑄇𑄨 𑄥𑄬𑄘𑄟𑄴𑄝𑄧𑄣 𑄦𑄮𑄃𑄨 𑄚𑄧 𑄛𑄢𑄨𑄝𑄧𑄁 ?,Future
লাল কলকি ভালো না,𑄢𑄋 𑄇𑄧𑄣𑄧 𑄇𑄨𑄖𑄳𑄠𑄬𑄃𑄨 𑄚𑄧𑄠𑄴।,Present
আমার সেজানটা বেঁধে দিতে হবে,𑄃𑄟𑄧𑄚𑄧𑄢𑄬 𑄥𑄬𑄎𑄚𑄴𑄉𑄧𑄢𑄨 𑄝𑄚𑄬𑄃𑄨 𑄣𑄪𑄠 𑄛𑄧𑄢𑄨𑄝𑄧।,Future
.সকাল হে জুনিে যাওার সম আমি কি মেরে নিে যাবো!,𑄇𑄇𑄴𑄈𑄧𑄚𑄴 𑄎𑄨𑄢𑄬𑄚𑄬 𑄎𑄪𑄚𑄪 𑄇𑄧𑄣𑄧 𑄃𑄟𑄨 𑄇𑄨 𑄟𑄬𑄢𑄬𑄃𑄨 𑄚𑄨 𑄛𑄢𑄨𑄝𑄧𑄁 𑄎𑄧𑄟𑄨 𑄡𑄨𑄃𑄨𑄠𑄳𑄠𑄬 𑄇𑄪𑄢𑄴 𑄇𑄪𑄢𑄴 𑄃𑄢𑄌𑄇𑄴!,Future
লাল কলকি খেতে পারতেছি না,𑄢𑄋 𑄇𑄧𑄣𑄧 𑄇𑄨𑄖𑄳𑄠𑄬𑄃𑄨 𑄚𑄧 𑄛𑄢𑄴𑄖𑄧𑄁।,Present
জোনাকির ডাক,𑄎𑄪𑄚𑄪 𑄇𑄧𑄣𑄧 𑄝𑄳𑄦!,Present
তুমি তো বুক ভরা মানুষ,𑄖𑄪𑄃𑄨 𑄘𑄧 𑄝𑄪𑄇𑄴𑄝𑄚𑄳𑄠 𑄟𑄚𑄪𑄌𑄴 ।,Present
লাল কলুষ নাক বানাা,𑄢𑄋 𑄇𑄧𑄣𑄧 𑄃𑄏 𑄚𑄋𑄴 𑄝𑄏𑄚।,Present
মনের ইচ্ছে পূরণ করে চলে যেতে হবে,𑄟𑄧𑄚𑄧𑄖𑄴 𑄃𑄏 𑄢𑄊𑄬𑄃𑄨 𑄃𑄪𑄎𑄬𑄃𑄨 𑄡 𑄛𑄧𑄢𑄨𑄝𑄧।,Future
লাল কথা শুনে জুনিে মাথা উো তুললো,𑄢𑄋 𑄇𑄧𑄙𑄚𑄨 𑄥𑄪𑄚𑄨𑄚𑄬 𑄎𑄪𑄚𑄪 𑄟𑄙𑄖𑄴 𑄃𑄪𑄌𑄴𑄱𑄛𑄪𑄇𑄴 𑄃𑄪𑄙𑄨𑄣𑄧।,Past
খালি হাতে তো সেই কাজে হাত দেওা যা না,𑄈𑄣𑄨𑄇𑄴 𑄚𑄨𑄎𑄬 𑄘𑄧 𑄥𑄬 𑄇𑄟𑄧𑄖𑄴 𑄦𑄖𑄴 𑄘𑄨𑄝𑄢𑄴 𑄃𑄬𑄝𑄧 𑄚𑄧 𑄎𑄮𑄃𑄨।,Present
আবার চিন্তা করলে পৃথিবীতে কোনো কাজ হবে না,𑄃𑄢𑄧 𑄞𑄝𑄨 𑄌𑄬𑄣𑄧 𑄛𑄨𑄖𑄴𑄗𑄨𑄟𑄨𑄖𑄴 𑄇𑄧𑄚𑄧 𑄇𑄟𑄴 𑄘𑄧 𑄃𑄪𑄌𑄴𑄱 𑄚𑄧𑄠𑄴।,Future
তাকে শুে পা লাগে,𑄈𑄣𑄨𑄇𑄴 𑄖𑄢𑄬 𑄃𑄪𑄌𑄴𑄱 𑄉𑄧𑄢 𑄛𑄧𑄢𑄬।,Present
.অতিরিক্ত লাল কল আমার সেই কথা,𑄃𑄘𑄬𑄇𑄳𑄠𑄬𑄉𑄧𑄢𑄨 𑄢𑄋 𑄇𑄧𑄣𑄧 𑄟𑄧𑄢𑄴𑄠𑄮 𑄘𑄧 𑄥𑄬 𑄇𑄧𑄙 ।,Present
এত ব কথা বলা যা না,𑄃𑄬𑄘𑄧𑄇𑄴𑄈𑄧𑄚𑄴 𑄥𑄧𑄁 𑄚𑄧 𑄇𑄧𑄋𑄧𑄖𑄳𑄠।,Present
লাল কল যার সামনে আমার মেে আছে,𑄢𑄋 𑄇𑄧𑄣𑄧 𑄡𑄬𑄃𑄨 𑄟𑄪𑄎𑄪𑄋𑄬 𑄟𑄧 𑄟𑄧𑄬𑄎𑄋 𑄊𑄧𑄢𑄴 𑄃𑄊𑄬।,Present
জোনাকির আলো ফোটার পর আর ভাত থাকা যা না,𑄎𑄪𑄚𑄪 𑄇𑄧𑄣𑄧 𑄞𑄖𑄴 𑄗𑄬𑄣𑄬 𑄚।,Present
লাল কলসে থাকা যা না,𑄢𑄋 𑄇𑄧𑄣𑄧 𑄃𑄃𑄨𑄠𑄬 𑄚𑄧 𑄗𑄬𑄘𑄇𑄴।,Present
"না থাকলে, জুনু বললে লাল কলনা বাজাব","𑄚𑄧 𑄗𑄬𑄣𑄬, 𑄎𑄪𑄚𑄪 𑄇𑄧𑄣𑄬 𑄢𑄋 𑄇𑄧𑄣𑄧 𑄢𑄚 𑄝𑄏𑄬 𑄘𑄨𑄝𑄧𑄁।",Future
.তোমার কোনো ক্ষুধা লাগে না,𑄛𑄬𑄖𑄴 𑄖𑄧 𑄇𑄧𑄚𑄧 𑄥𑄪𑄘𑄮𑄟𑄴 𑄚𑄧 𑄟𑄚𑄬।,Present
জোনাকির আলো জ্বলালেও কথা বলে না,𑄎𑄪𑄚𑄪 𑄣𑄎𑄬𑄣𑄬𑄠𑄮 𑄚 𑄚𑄧 𑄇𑄧𑄣𑄧।,Present
লাল রঙের জুনিে একটি বািতে গেল,𑄢𑄋𑄣𑄮𑄃𑄨 𑄎𑄪𑄚𑄪 𑄇𑄃𑄨𑄇𑄪𑄢𑄬 𑄃𑄬𑄇𑄴𑄇𑄚𑄴 𑄊𑄧𑄢𑄧𑄖𑄴 𑄉𑄬𑄣𑄇𑄴।,Past
জুনু চাা দো বািটা ছোট হলেও সুন্দর আছে,𑄎𑄪𑄚𑄪 𑄌𑄠𑄴 𑄘𑄬 𑄊𑄧𑄢𑄚𑄴 𑄍𑄨𑄉𑄮𑄚𑄴 𑄦𑄧𑄣𑄬𑄠𑄮 𑄘𑄮𑄣𑄴 𑄃𑄊𑄬।,Present
সিঙিটা বোতে এক জাতী মাছের ছবি আঁকিেছে,𑄥𑄨𑄋𑄮𑄝 𑄝𑄬𑄢𑄧𑄖𑄴 𑄚𑄋𑄴𑄇𑄧𑄢 𑄟𑄚𑄴𑄎𑄳𑄠𑄧𑄢𑄴 𑄍𑄧𑄝𑄨 𑄖𑄋𑄬𑄠𑄳𑄠𑄬।,Present
নাতনির কথা শুনে বাির বোই থেকে এক মহিলা বের হে আসলো,𑄎𑄪𑄚𑄪𑄘𑄊𑄨 𑄢𑄧 𑄥𑄪𑄚𑄨𑄚𑄬 𑄊𑄧𑄢𑄧 𑄞𑄨𑄘𑄨𑄢𑄬𑄖𑄴𑄪𑄚𑄴 𑄃𑄙𑄴 𑄝𑄧𑄠𑄧𑄥𑄳𑄠 𑄟𑄨𑄣𑄬 𑄃𑄬𑄇𑄴𑄎𑄧𑄚𑄴 𑄚𑄨𑄉𑄨𑄣𑄨 𑄃𑄬𑄣𑄧।,Past
এক জাতী কলুষ,𑄢𑄨𑄚𑄨 𑄌𑄬𑄃𑄨 𑄇𑄧𑄣𑄧 𑄃𑄧।,Present
লাল নো,𑄢𑄋 𑄚𑄬।,Present
লাল আইল,𑄢𑄋 𑄃𑄨𑄀 𑄇𑄧𑄣𑄬 ।,Past
এক জাতী বুনো ফল যা সবজি হিসেবে ব্যবহৃত হ,𑄎𑄪𑄚𑄪𑄢𑄴 𑄌𑄨𑄚𑄴𑄛𑄧𑄎𑄳𑄠𑄧 𑄣𑄧𑄣𑄧।,Present
লাল কল-পলানো ছেলে,𑄢𑄋 𑄇𑄧𑄣𑄧 - 𑄛𑄧𑄣𑄧𑄚 𑄛𑄱।,Present
জুনু বাবা নাং ধরে লুকিে থাকা ছেলের সাথে কথা বলে তুমি তো ভাত খেে নাও না,𑄎𑄪𑄚𑄪 𑄝𑄛𑄴𑄱 𑄚𑄁 𑄙𑄧𑄢𑄨 𑄛𑄧𑄣𑄧𑄚 𑄛𑄱 𑄚𑄬 𑄇𑄮𑄃𑄨𑄚𑄬 𑄎𑄪𑄚𑄪𑄢𑄬 𑄉𑄧𑄟𑄬 𑄢𑄨𑄚𑄨 𑄌𑄬𑄃𑄨 𑄇𑄧𑄣𑄧 𑄖𑄪𑄟𑄨 𑄘𑄧 𑄞𑄖𑄴 𑄚𑄧 𑄈𑄧𑄘𑄬 𑄚𑄧𑄠𑄴।,Present
লাল আইল,𑄢𑄋 𑄃𑄨𑄀 𑄇𑄧𑄣𑄧 ।,Past
মেেটা কল খেে পারবে তো,𑄟𑄨𑄣𑄬𑄝𑄧 𑄇𑄧𑄣𑄧 𑄈𑄬𑄃𑄨 𑄛𑄢𑄨𑄝 𑄘𑄧।,Future
লালকে কলসে কল করার সম,𑄢𑄋𑄢𑄬 𑄇𑄧𑄣𑄧 𑄃𑄬𑄎𑄧 𑄞𑄨𑄘𑄨𑄢𑄬।,Present
লালকে আর জুনিে ভাত দিে তাদেরকে একটু ভাত দিে দাও,𑄢𑄋𑄢𑄬 𑄃 𑄎𑄪𑄚𑄪𑄢𑄬 𑄞𑄖𑄴 𑄝𑄢𑄨 𑄘𑄨 𑄘𑄃𑄨 𑄇𑄧𑄣𑄧 𑄖𑄢𑄢𑄬 𑄃𑄬𑄇𑄴𑄇 𑄞𑄖𑄴 𑄛𑄖𑄴 𑄘𑄨 𑄘𑄮𑄋𑄴।,Present
কখন আসবে,𑄇𑄧𑄇𑄴𑄇𑄬 𑄃𑄬𑄝𑄇𑄴 𑄇𑄨𑄎𑄬𑄚𑄨 ।,Future
লাল কল দিে মেেটা কোথা গেছে,𑄢𑄋 𑄇𑄧𑄣𑄧 𑄃 𑄟𑄮𑄃𑄨𑄎𑄳𑄠 𑄇𑄪𑄙𑄪 𑄡𑄨𑄠𑄬 𑄘𑄬 ।,Present
সে কোথা যাবে,𑄃 𑄇𑄪𑄙𑄪 𑄡𑄬𑄝𑄧।,Future
মাইলে যাওা,𑄟𑄨𑄑𑄨𑄋𑄧𑄖𑄴 𑄃𑄃𑄨 ।,Present
মেেকে কল - কোথা গিেছো?,𑄎𑄬𑄢𑄬 𑄇𑄧𑄣𑄧 - 𑄃 𑄇𑄪𑄙𑄪 𑄡𑄨𑄠𑄮 𑄘𑄬?,Present
লাল কলকি,𑄢𑄋 𑄇𑄧𑄣𑄧 𑄇𑄨𑄠𑄮𑄋𑄧𑄖𑄴।,Present
"এখানে, এখানে",𑄞𑄚𑄴𑄖𑄬 𑄃𑄨𑄙𑄪 ।,Present
দুইজনে একসাথে কাজ করতে পারে না,𑄘𑄮 𑄎𑄧𑄚𑄧𑄢𑄬 𑄌𑄬𑄃𑄨𑄚𑄬 𑄇𑄧𑄣𑄧 𑄟𑄪𑄎𑄪𑄋𑄬 𑄛𑄧𑄢𑄨𑄇𑄴𑄈𑄬 𑄘𑄨𑄝𑄘𑄬 𑄚𑄧𑄠𑄴।,Present
লাল কলই,𑄢𑄋 𑄇𑄧𑄣𑄧 𑄃𑄨𑄀 ।,Present
লাল মেেটা কল ধরছে তো,𑄢𑄋 𑄟𑄧𑄎𑄬𑄋𑄝𑄮 𑄇𑄧𑄣𑄧 𑄝𑄪𑄏𑄧𑄋𑄧𑄢𑄴 𑄘𑄧।,Present
ভে পে না!,𑄉𑄧𑄟𑄬 𑄚𑄧 𑄛𑄧𑄢𑄨𑄚𑄬!,Present
লাল কল আমি বুঝতে পারিনা,𑄢𑄋 𑄇𑄧𑄣𑄧 𑄃𑄟𑄨 𑄝𑄪𑄏𑄧 𑄚𑄧 𑄛𑄧𑄢𑄨𑄘𑄬।,Present
লাল মেেটার কল-লেখার পরে শেষ হ,𑄢𑄋 𑄟𑄧𑄎𑄬𑄋𑄝𑄮 𑄇𑄧𑄣𑄧 - 𑄣𑄬𑄊 𑄛𑄧𑄢 𑄃𑄉𑄬 𑄗𑄪𑄟𑄴 𑄉𑄧𑄢𑄧।,Present
"সে দো,যত কাজ হাত দে","𑄖𑄬 𑄘𑄬𑄌𑄴, 𑄎𑄧𑄙 𑄇𑄟𑄴 𑄦𑄖𑄴 𑄘𑄮।",Present
"আমি আগে ভালো হে নিে আসি, ভালো কাজ করলে সেটা একদিন আমার মনে পে","𑄇𑄇𑄴𑄈𑄧𑄚𑄴 𑄎𑄨𑄢𑄬𑄃𑄨 𑄇𑄧𑄣𑄧 𑄃𑄟𑄧𑄚𑄬 𑄃𑄉𑄬 𑄗𑄨𑄘𑄧 𑄚𑄧 𑄦𑄪𑄠𑄳𑄠 𑄉𑄧𑄢𑄨 𑄘𑄬𑄌𑄴, 𑄎𑄧𑄙 𑄇𑄟𑄴 𑄉𑄧𑄢𑄴𑄣𑄬 𑄥𑄨𑄠𑄚𑄴 𑄃𑄬𑄇𑄴 𑄘𑄨𑄚𑄴 𑄛𑄧𑄢𑄚𑄧𑄖𑄴 𑄝𑄨𑄚𑄴𑄘𑄳𑄠𑄧 𑄝𑄨𑄚𑄴𑄘𑄳𑄠𑄧 𑄛𑄨𑄢𑄬 𑄜𑄪𑄘𑄬 𑄘𑄬।",Present
লাল মেেটার কথাগুলো জুে জুে বলল,𑄢𑄋 𑄟𑄧𑄎𑄬𑄋𑄝𑄮 𑄇𑄧𑄙𑄚𑄨 𑄎𑄪𑄚𑄪 𑄞𑄨𑄘𑄨𑄢𑄬 𑄌𑄳𑄠𑄀𑄖𑄴 𑄌𑄳𑄠𑄀𑄖𑄴 𑄉𑄧𑄢𑄨 𑄥𑄧𑄟𑄬𑄣𑄧।,Past
মনে হ সে এই কথাগুলো আমাকে শুনতেছে,𑄟𑄧𑄚𑄬 𑄟𑄧𑄚𑄬 𑄞𑄝𑄨𑄣𑄧 - 𑄝 𑄝 𑄘𑄧 𑄃𑄬 𑄇𑄧𑄙𑄚𑄨 𑄃𑄧𑄚𑄴𑄎𑄪𑄢𑄴 𑄟𑄧𑄢𑄬 𑄥𑄪𑄚𑄮𑄠𑄴।,Present
পাহাে পার ইচ্ছা আছে,𑄟𑄪𑄢𑄮𑄖𑄴 𑄛𑄧𑄢𑄨 𑄞𑄝𑄨 𑄌𑄬𑄝𑄢𑄴 𑄘𑄧𑄢𑄴𑄉𑄢𑄴 𑄃𑄊𑄬।,Present
ভাত খেে আরও অনেক লাল মেে কথা বলতেছে,𑄞𑄖𑄴 𑄈𑄬𑄃𑄨 𑄃𑄢𑄧 𑄞𑄣𑄧𑄇𑄴𑄈𑄧𑄚𑄴 𑄢𑄋 𑄟𑄧𑄎𑄬𑄋𑄝𑄮 𑄣𑄮𑄃𑄨 𑄇𑄧𑄙 𑄇𑄪𑄠𑄝𑄪𑄣𑄧 𑄦𑄧𑄣𑄧।,Present
জুনিে মনে হ সব মানুষের জীবনে একটা উপা আছে,𑄎𑄪𑄚𑄪 𑄟𑄧𑄚𑄬 𑄟𑄧𑄚𑄬 𑄞𑄝𑄨𑄣𑄧 𑄝𑄬𑄇𑄴 𑄟𑄚𑄴𑄎𑄳𑄠𑄧𑄢𑄴 𑄎𑄩𑄁𑄇𑄚𑄨 𑄡𑄬𑄚𑄬 𑄃𑄬𑄇𑄴𑄇𑄮 𑄃𑄪𑄛𑄧𑄚𑄳𑄠𑄥𑄴 ।,Present
মলার জীবন থেকেও ভাই-বোনেরা আসতেছে,𑄟𑄚𑄴𑄎𑄳𑄠𑄧𑄢𑄴 𑄎𑄨𑄁𑄇𑄚𑄨𑄖𑄴𑄪𑄚𑄴𑄠𑄮 𑄞𑄬𑄃𑄨𑄘𑄮 𑄥𑄨𑄊𑄨𑄝𑄢𑄴 𑄃𑄊𑄬।,Present
সারাদিন তার বই পতেছে,𑄘𑄨𑄚𑄴 𑄡𑄬𑄘𑄧𑄇𑄴 𑄡𑄢𑄴 𑄝𑄮𑄓𑄧 𑄛𑄧𑄢𑄨𑄇𑄴𑄈𑄬 𑄊𑄧𑄚𑄬𑄃𑄨 𑄃𑄬𑄎𑄬𑄢𑄴 ।,Present
পরিক্ষার্থীরা পরিক্ষা দেখে দুই লোক পরলো না করে দিন কাটা,𑄛𑄧𑄢𑄨𑄇𑄴𑄈𑄬 𑄌𑄝𑄬 𑄘𑄮 𑄎𑄧𑄚𑄴 𑄛𑄧𑄢𑄖𑄴 𑄎𑄨𑄢𑄬𑄚𑄴 𑄚𑄬𑄃𑄨 𑄉𑄧𑄢𑄨 𑄘𑄨𑄚𑄴 𑄇𑄘𑄘𑄧𑄚𑄴।,Present
এক দিন সাপটা বাির উপরে বেে বেে আছে,𑄃𑄬𑄇𑄴 𑄘𑄨𑄚𑄴 𑄥𑄏𑄧𑄚𑄳𑄠 𑄎𑄪𑄚𑄪 𑄊𑄧𑄢𑄧 𑄃𑄪𑄙𑄮𑄚𑄧𑄖𑄴 𑄝𑄬𑄢𑄬𑄃𑄨 𑄝𑄬𑄢𑄬𑄃𑄨 𑄃𑄊𑄬।,Present
".আগেকার গ্রামের রাস্তা পে যাবে,একটার পর একটা যা","𑄃𑄘𑄬𑄇𑄳𑄠𑄉𑄧𑄢𑄨 𑄃𑄘𑄟𑄧 𑄛𑄧𑄏𑄨𑄟𑄧 𑄛𑄧𑄙𑄬𑄘𑄨 𑄛𑄬𑄝𑄮, 𑄃𑄬𑄇𑄴𑄇𑄮 𑄓𑄉𑄨 𑄓𑄉𑄨 𑄡𑄢𑄴।",Future
জুনিে মনটা সেই আচান হে গেল,𑄎𑄪𑄚𑄪 𑄟𑄧𑄚𑄚𑄴 𑄥𑄬 𑄃𑄬𑄇𑄴𑄥𑄚𑄳𑄠 𑄦𑄮𑄃𑄨 𑄉𑄬𑄣𑄧।,Past
.পাখি ডাকলে গ্রামটা অসুন্দর হ,𑄛𑄬𑄝𑄯 𑄓𑄉𑄨𑄣𑄬 𑄃𑄘𑄟𑄴 𑄃𑄧𑄟𑄧𑄁𑄉𑄧𑄣𑄴 𑄦𑄧𑄠𑄴।,Present
অনেক অনেক রাতে তার ঝাক দৌা দৌে যা,𑄃𑄧𑄇𑄴𑄖𑄧 𑄃𑄧𑄇𑄴𑄖𑄧 𑄢𑄬𑄘𑄮𑄖𑄴 𑄖𑄧𑄘𑄬𑄇𑄴 𑄏𑄇𑄴 𑄓𑄉𑄨 𑄓𑄉𑄨 𑄃𑄪𑄢𑄨 𑄡𑄚𑄴 ।,Present
সব পোকামাক,𑄝𑄬𑄇𑄴 𑄃𑄧𑄟𑄧𑄁𑄉𑄧𑄣𑄧 𑄌𑄨𑄚𑄴𑄚𑄧।,Present
জুনু মনের প্রাণটা দুমিে উঠল,𑄎𑄪𑄚𑄪 𑄟𑄧𑄚𑄴 𑄛𑄧𑄢𑄚𑄴 𑄙𑄪𑄉𑄪𑄖𑄴 𑄙𑄪𑄉𑄪𑄖𑄴𑄉𑄧𑄢𑄨 𑄃𑄪𑄙𑄨𑄣𑄧।,Past
রাতের বেলা গোসল করতে হবে,𑄢𑄬𑄎𑄳𑄠𑄧 𑄙𑄪𑄣𑄪𑄟𑄪𑄣𑄪 𑄦𑄧𑄝𑄧।,Future
গ্রামের মানুষদের মনে এক বুক চেপে ধরে,𑄃𑄘𑄟𑄳𑄠𑄬 𑄟𑄚𑄴𑄎𑄳𑄠𑄧 𑄟𑄧𑄚𑄧𑄖𑄴 𑄃𑄬𑄇𑄴 𑄝𑄪𑄇𑄴 𑄌𑄨𑄙𑄬।,Present
জোনাকির আলো আঁধারি তাাতাি দেখা যা না,𑄎𑄪𑄚𑄪 𑄈𑄣𑄨𑄇𑄴 𑄥𑄨𑄠𑄚𑄴 𑄝𑄨𑄌𑄴𑄥𑄬𑄌𑄴 𑄚𑄧 𑄉𑄧𑄢𑄬।,Present
তার বাপেও সেগুলো মানে না,𑄖 𑄝𑄝𑄬𑄠𑄮 𑄥𑄨𑄠𑄚𑄨 𑄚𑄧 𑄟𑄚𑄬।,Present
তার বাবা-মা কলকি দিে বলে চামার বোই,𑄖 𑄝𑄝𑄬 𑄟𑄚𑄴𑄎𑄳𑄠𑄧 𑄇𑄧𑄣𑄬 𑄇𑄧𑄠𑄴 𑄌𑄋𑄴𑄟𑄢𑄴 𑄝𑄢𑄝𑄨𑄉𑄨𑄘𑄨!,Present
এক দিন বো জুনু বই সামনে,𑄃𑄬𑄇𑄴 𑄘𑄨𑄚𑄴 𑄝𑄬𑄚𑄳𑄠 𑄎𑄪𑄚𑄪 𑄝𑄧𑄃𑄨 𑄟𑄙𑄢𑄴।,Present
আদেগোা লাল হলো,𑄃𑄘𑄬𑄇𑄳𑄠𑄉𑄧𑄢𑄨 𑄢𑄋 𑄃𑄬𑄣𑄧 ।,Past
ডাকতে না ডাকতে ফোন করে দাও,𑄃𑄬𑄖𑄴𑄖𑄬 𑄚𑄧 𑄃𑄬𑄖𑄴𑄖𑄬 𑄇𑄧𑄣𑄧 𑄎𑄪𑄚𑄪 𑄘𑄬।,Present
.মুনি বিলে কি অসুখ হেছে,𑄟𑄪𑄚𑄨 𑄝𑄨𑄣𑄬 𑄇𑄨 𑄛𑄨𑄢𑄬 𑄝𑄎𑄬𑄠𑄳𑄠 ।,Present
মেেকে কল দাও বুঝছো!,𑄎𑄪𑄚𑄪 𑄇𑄧𑄣𑄧 𑄦𑄧𑄠𑄴 𑄝𑄪𑄏𑄧!,Present
লাল কল শুনেছি তো,𑄢𑄋 𑄇𑄧𑄣𑄧 𑄥𑄪𑄚𑄨𑄣𑄪𑄁 𑄘𑄧।,Present
যে সম লাল হেছে,𑄡𑄬𑄃𑄨 𑄥𑄟𑄴𑄝𑄖𑄴 𑄣𑄮𑄃𑄨𑄠𑄮𑄃𑄨।,Present
জোনাকির মতো দেখতে এক জাতী পোকা,𑄎𑄪𑄚𑄪 𑄇𑄧𑄣𑄧 𑄡𑄬𑄃𑄨।,Present
.মুনি বািে কিছুক্ষণ পর পর বের হে আসে।,𑄟𑄪𑄚𑄨 𑄊𑄧𑄢𑄧𑄖𑄴 𑄡𑄬𑄇𑄴𑄬 𑄣𑄪𑄋𑄨𑄣𑄇𑄴 𑄌𑄚𑄴𑄘𑄬 𑄟𑄪𑄚𑄨 𑄝𑄨𑄌𑄴𑄌𑄮𑄚𑄧𑄖𑄴 𑄃𑄪𑄙𑄨 𑄝𑄮𑄃𑄨 𑄃𑄊𑄬।,Present
"এক জাতী পিঠা, ট্যাবলেট","𑄇𑄃𑄨𑄇𑄪𑄢𑄬 𑄛𑄨𑄙𑄬, 𑄘𑄢𑄪।",Present
মুনি তাদেরকে দেে উে আসতে বলে,𑄟𑄪𑄚𑄨 𑄖𑄢𑄢𑄬 𑄘𑄬𑄃𑄨𑄚𑄬 𑄃𑄪𑄙𑄨 𑄖𑄢 𑄇𑄃𑄨 𑄃𑄬𑄃𑄨𑄚𑄬 𑄝𑄧𑄣𑄧।,Present
লাল কলুষ দেখতে দেখতে খোল হেছে,𑄢𑄋 𑄇𑄧𑄣𑄧 𑄘𑄬𑄇𑄴𑄈𑄮𑄌𑄴 𑄡𑄚𑄬 𑄈𑄬𑄋𑄬𑄘 𑄦𑄪𑄠𑄳𑄠।,Present
জুনু কল হ তো,𑄎𑄪𑄚𑄪 𑄇𑄧𑄣𑄧 𑄦𑄧𑄠𑄴 𑄘𑄧।,Present
"১. যে শুনবে, যে শুনবে ২. যে শুনবে",𑄡𑄬 𑄥𑄢𑄨𑄝𑄧।,Future
.স্বামী বা স্ত্রীকে সহজে হারাতে পারিনা।,𑄟𑄪𑄚𑄨 𑄇𑄧𑄣𑄧 𑄃 𑄈𑄬𑄃𑄨 𑄚𑄧 𑄛𑄢𑄧𑄁।,Present
খোল কথা বলি না,𑄈𑄬𑄋𑄬𑄘 𑄇𑄳𑄠𑄬 𑄚𑄧 𑄦𑄧𑄙𑄪𑄁 ।,Present
সে কদিন হলে?,𑄎𑄪𑄚𑄪 𑄇𑄧𑄣𑄧 𑄖𑄬 𑄇𑄧𑄠𑄴𑄘𑄨𑄚𑄴 𑄦𑄧𑄣𑄬?,Past
মুনির কল পাঁচ দিন হলো হলো,𑄟𑄪𑄚𑄨 𑄇𑄧𑄣𑄧 𑄛𑄌𑄴 𑄍𑄧 𑄘𑄨𑄚𑄴 𑄦𑄧𑄣𑄪𑄁।,Past
জোনাকির কলকে কে খবর নে না?,𑄎𑄪𑄚𑄪 𑄇𑄧𑄣𑄧 𑄃 𑄇𑄬𑄠𑄧𑄃𑄨 𑄈𑄧𑄝𑄧𑄢𑄴 𑄚𑄧 𑄚𑄬𑄎𑄚𑄴 ?,Present
.আবোল তাবোল কথা বলে মুনি অলস হে গেল,𑄃 𑄇𑄧𑄚𑄴𑄚 𑄚𑄨𑄘𑄧 𑄇𑄮𑄃𑄨𑄚𑄬 𑄟𑄪𑄚𑄨 𑄃𑄧𑄣𑄧𑄢𑄴 𑄦𑄧𑄣𑄧।,Past
ঝেে কল - সবাই তোমার চেহারা পে নাই,𑄎𑄬𑄢𑄬 𑄇𑄧𑄣𑄧 - 𑄝𑄬𑄇𑄴𑄇𑄪𑄚𑄴 𑄖𑄧𑄟 𑄙𑄧𑄇𑄳𑄠 𑄛𑄧𑄢𑄴𑄞𑄣𑄬𑄖𑄳𑄠𑄬 𑄚𑄬 𑄚।,Present
জোনাকির কলসে থাকা ভূতটা লাল,𑄎𑄪𑄚𑄪 𑄇𑄧𑄣𑄧 𑄃𑄎𑄧𑄣𑄴 𑄛𑄧𑄢𑄴𑄞𑄣𑄬𑄖𑄳𑄠𑄬𑄝𑄱 𑄢𑄋!,Present
আমি খবর নাই,𑄟𑄪𑄃𑄨 𑄈𑄧𑄝𑄧𑄢𑄴 𑄚𑄧 𑄛𑄨𑄘𑄪𑄁।,Present
লাল আমাকে সালাম দে,𑄢𑄋 𑄟𑄧𑄢𑄬 𑄥𑄟𑄴𑄝𑄖𑄴 𑄘𑄬𑄉𑄮𑄃𑄨𑄘𑄬।,Present
লাল কেত দিে মুনি কলক হছে,𑄢𑄋 𑄇𑄬𑄃𑄨𑄖𑄴 𑄢𑄨𑄚𑄨 𑄌𑄬𑄃𑄨𑄚𑄬 𑄟𑄪𑄚𑄨 𑄇𑄧𑄣𑄧 𑄦𑄧𑄠𑄴 𑄚𑄨।,Present
লাল কল - না,𑄢𑄋 𑄇𑄧𑄣𑄧 - 𑄚𑄧𑄠𑄴।,Present
সে না আসে আমি-ও আসলাম না,𑄖𑄬 𑄚𑄧 𑄃𑄬𑄘𑄧 𑄟𑄪𑄃𑄨 𑄠𑄮 𑄚𑄧 𑄃𑄬𑄣𑄪𑄋𑄴𑄠𑄪𑄚𑄴 ।,Past
মুনি দুইজনকে চেইন দিে কল - তোমরা দুইজন পেছো,𑄟𑄪𑄚𑄨 𑄘𑄮𑄚𑄧𑄎𑄧𑄚𑄧𑄢𑄬 𑄌𑄬𑄃𑄨𑄚𑄬 𑄇𑄧𑄣𑄧 - 𑄖𑄪𑄟𑄨 𑄘𑄮𑄚𑄧𑄎𑄧𑄚𑄴 𑄛𑄧𑄢𑄴𑄞𑄣𑄬𑄖𑄳𑄠𑄬।,Present
সবাই তোমাদের নািভুি পরিধান করে,𑄝𑄬𑄇𑄴𑄪𑄚𑄬 𑄖𑄧𑄟𑄢𑄬 𑄚𑄋𑄴 𑄉𑄨𑄚𑄧𑄚𑄴।,Present
লাল রঙের জুনিে চাংমাা করে একটু হাসছে,𑄢𑄋𑄣𑄮𑄃𑄨 𑄎𑄪𑄚𑄪 𑄢𑄨𑄚𑄨 𑄌 𑄌𑄨 𑄉𑄧𑄢𑄨𑄚𑄬 𑄃𑄬𑄇𑄴𑄇 𑄦𑄏𑄨𑄣𑄇𑄴।,Present
কথা গুলো শুনে মুনির মা রান্নাঘর থেকে বের হে আসলো,𑄇𑄧𑄙 𑄇𑄪𑄠𑄝𑄪𑄣𑄧 𑄥𑄪𑄚𑄨𑄚𑄬 𑄟𑄪𑄚𑄨 𑄟𑄝𑄱 𑄛𑄨𑄎𑄮𑄢𑄧𑄖𑄴𑄪𑄚𑄴 𑄃𑄬𑄣𑄧 ।,Past
জুনিেকে দেে পোকামাকা করল - কে?,𑄎𑄪𑄚𑄪 𑄃 𑄢𑄋𑄢𑄬 𑄘𑄬𑄃𑄨𑄚𑄬 𑄛𑄪𑄏𑄢𑄴 𑄉𑄧𑄢𑄴𑄣𑄧 - 𑄃 𑄖𑄢 𑄇𑄧𑄚𑄴𑄚?,Past
মুনি কল - একটি কেকজন কেকজনের মধ্যে লাল আছে,𑄟𑄪𑄚𑄨 𑄇𑄧𑄣𑄧 - 𑄃 𑄃𑄬𑄇𑄴𑄇𑄧𑄎𑄚𑄴 𑄇𑄧𑄁𑄉𑄬 𑄎𑄪𑄚𑄪𑄣𑄮𑄃𑄨 𑄢𑄋 𑄃𑄃𑄨।,Present
তোমাদের শুধু মুনি নাং গিেছে,𑄖𑄧𑄟𑄢𑄬 𑄝𑄚 𑄟𑄪𑄚𑄨 𑄚𑄁 𑄉𑄨𑄚𑄬𑄘𑄬।,Present
ভালো হেছে সন্তান জন্ম দো -রাঙালো পাহাি মেেটা তাা করল,𑄉𑄧𑄟𑄴 𑄦𑄪𑄠𑄳𑄠 𑄛𑄪𑄖𑄴𑄣𑄧𑄇𑄴 𑄃𑄬𑄌𑄴𑄌𑄮 𑄘𑄬 𑄟𑄪𑄚𑄨 𑄟𑄝𑄱 𑄇𑄧𑄣𑄬 - 𑄢𑄋𑄣𑄮𑄃𑄨 𑄎𑄪𑄚𑄪 𑄟𑄪𑄚𑄨 𑄟𑄝𑄱𑄖𑄴𑄪𑄚𑄴 𑄥𑄬𑄛𑄴𑄝𑄖𑄴𑄖 𑄣𑄧𑄣𑄇𑄴।,Past
.মেেটি মাা কল -সন্তান,𑄟𑄪𑄚𑄨 𑄟𑄝𑄱 𑄇𑄧𑄣𑄧 - 𑄛𑄪𑄖𑄴𑄣𑄧𑄇𑄴।,Present
খেে দো যা না,𑄈𑄬𑄃𑄨 𑄘𑄬𑄃𑄨 𑄡𑄨𑄠𑄮 𑄚।,Present
জুনিে কল না খেে যাবো,𑄎𑄪𑄚𑄪 𑄇𑄧𑄣𑄧 - 𑄚𑄧 𑄈𑄬𑄝𑄧𑄁 𑄟𑄪𑄏𑄨।,Future
মুনি মাা কল - আসে না খেে,𑄟𑄪𑄚𑄨 𑄟𑄝𑄱 𑄇𑄧𑄣𑄧 - 𑄃𑄃𑄨𑄠𑄬 𑄚𑄧 𑄈𑄬𑄘।,Present
মুনিকে একটু সঙ্গ দেওা,𑄟𑄪𑄚𑄨𑄢𑄬 𑄃𑄬𑄇𑄴𑄇 𑄥𑄋𑄬𑄖𑄴 𑄘𑄮𑄚।,Present
যখন তখন মন খারাপ হ,𑄡𑄧𑄘𑄧𑄛𑄧𑄘𑄬 𑄟𑄧𑄚𑄴𑄟𑄧𑄢 𑄦𑄮𑄃𑄨 𑄃𑄊𑄬।,Present
সে কি মনের মতো জুনিে যাবে,𑄃 𑄇𑄨 𑄟𑄧𑄚𑄴𑄟𑄧𑄢 𑄇𑄮𑄃𑄨𑄚𑄬 𑄎𑄪𑄚𑄪 𑄎𑄚𑄨𑄝𑄬𑄢𑄴 𑄌𑄬𑄣𑄧।,Future
মুনি মেেটা কল - পরীক্ষা ভালো করতে পারবে না,𑄟𑄪𑄚𑄨 𑄟𑄝𑄱 𑄇𑄧𑄣𑄧 - 𑄛𑄧𑄢𑄨𑄇𑄴𑄈𑄬 𑄞𑄨𑄣𑄬 𑄉𑄧𑄟𑄴 𑄉𑄧𑄢𑄨 𑄚𑄧 𑄛𑄢𑄨𑄝𑄧𑄘𑄬!,Future
লাল কল - তোমার মতো ছেলেটা বুঝবা না,𑄢𑄋 𑄇𑄧𑄣𑄧 - 𑄖𑄧 𑄙𑄧𑄇𑄳𑄠 𑄛𑄮𑄠𑄃𑄨 𑄝𑄪𑄏𑄧 𑄛𑄧𑄢𑄨𑄇𑄴𑄈𑄬𑄖𑄴 𑄜𑄬𑄃𑄨𑄣𑄴 𑄉𑄧𑄢𑄬𑄘𑄬 !,Future
লালে আর জুনিে পোকা ভে বুক ভ হলো,𑄢𑄋𑄢𑄬 𑄃 𑄎𑄪𑄚𑄪𑄢𑄬 𑄛𑄬𑄃𑄨𑄚𑄬 𑄟𑄪𑄚𑄨 𑄞𑄧𑄎𑄚𑄴 𑄝𑄪𑄇𑄴 𑄘𑄧𑄢𑄧 𑄦𑄧𑄣𑄧।,Past
মুনি কল - পরিক্ষার্থীরা সবাই একনাগাে ধরছে,𑄟𑄪𑄚𑄨 𑄇𑄧𑄣𑄧 - 𑄛𑄧𑄢𑄨𑄇𑄴𑄈𑄬 𑄞𑄨𑄘𑄨𑄢𑄬 𑄃𑄧𑄇𑄴𑄖𑄧 𑄃𑄧𑄇𑄴𑄖𑄧 𑄈𑄧𑄝𑄧𑄖𑄴 𑄙𑄧𑄎𑄳𑄠𑄧𑄉𑄨।,Present
মেেটাকে অনেক ব করে বািতে নিে গেল,𑄎𑄬𑄢𑄬 𑄟𑄪𑄚𑄨𑄢𑄬 𑄞𑄣𑄧𑄇𑄴𑄈𑄧𑄚𑄴 𑄝𑄪𑄏𑄬𑄃𑄨 𑄊𑄧𑄢𑄴 𑄟𑄧𑄇𑄳𑄠𑄬 𑄣𑄧𑄢𑄴 𑄘𑄨𑄣𑄇𑄴।,Past
.বুদ্ধ তাদেরকে স্বপ্নে দেখার জন্য কিছুক্ষণ অপেক্ষা করল।,𑄟𑄪𑄚𑄨 𑄖𑄢𑄢𑄬 𑄌𑄨𑄖𑄴𑄛𑄪𑄢𑄬 𑄛𑄢 𑄉𑄧𑄢𑄨 𑄇𑄇𑄴𑄈𑄧𑄚𑄴 𑄌𑄬𑄃𑄨 𑄢𑄧𑄣𑄧।,Past
প্রতিদিন রাত হলে পরীক্ষা উত্তীর্ণ হওা যা,𑄘𑄨𑄚𑄴 𑄝𑄨𑄘𑄨 𑄉𑄬𑄣𑄬 𑄛𑄧𑄢𑄨𑄇𑄴𑄈𑄬 𑄃𑄢𑄴𑄉𑄚𑄨 𑄦𑄧𑄣𑄧।,Present
সমাজ থেকে আলাদা হলেও মানুষদের সাথে কথা বলে না,𑄥𑄧𑄟𑄎𑄳𑄠𑄠𑄪𑄚𑄴𑄘𑄮𑄃𑄨 𑄣𑄇𑄴𑄛𑄛𑄨 𑄦𑄧𑄣𑄬𑄠𑄮 𑄟𑄙𑄟𑄙𑄨 𑄝𑄘𑄬 𑄖𑄳𑄠𑄬𑄚𑄴 𑄇𑄧𑄙 𑄚𑄧 𑄦𑄧𑄠𑄴।,Present
দশ পার দিন - শেষে পরীক্ষা শেষ হলো,𑄘𑄧𑄥𑄴 𑄛𑄧𑄚𑄧𑄢𑄴 𑄘𑄨𑄚𑄴 - 𑄎𑄬𑄢𑄬 𑄛𑄧𑄢𑄨𑄇𑄴𑄈𑄬 𑄗𑄪𑄟𑄴 𑄦𑄧𑄣𑄧।,Past
রেজালটা নিে আরও তিন মাস লাগবে,𑄢𑄬𑄎𑄣𑄴𑄒𑄴 𑄚𑄨𑄉𑄨𑄣𑄧𑄘𑄬 𑄃𑄢𑄧 𑄖𑄨𑄚𑄴 𑄟𑄥𑄴 𑄣𑄉𑄨𑄝𑄧।,Future
দুই তিন দিন কষ্ট করে জুনু ভান্তেে গেল,𑄘𑄨 𑄖𑄨𑄚𑄴 𑄘𑄨𑄚𑄴 𑄎𑄨𑄢𑄬𑄃𑄨 𑄢𑄋𑄣𑄮𑄃𑄨 𑄎𑄪𑄚𑄪 𑄞𑄚𑄴𑄖𑄬𑄃𑄨𑄙𑄪 𑄉𑄬𑄣𑄇𑄴।,Past
ভে ভে কথা বললো,𑄞𑄚𑄴𑄖𑄬 𑄛𑄧𑄢𑄨𑄇𑄴𑄈𑄬 𑄥𑄟𑄴𑄝𑄖𑄴𑄣𑄮𑄃𑄨 𑄇𑄧𑄙 𑄟𑄬𑄣𑄨𑄣𑄧।,Past
ভে ভে থাকে না,𑄞𑄚𑄴𑄖𑄬 𑄇𑄧𑄣𑄧 - 𑄝𑄬𑄢𑄬𑄃𑄨 𑄝𑄬𑄢𑄬𑄃𑄨 𑄚𑄧 𑄗𑄇𑄴𑄱।,Present
বই পা,𑄝𑄧𑄃𑄨 𑄛𑄧𑄢𑄧।,Present
দুইজনকে তিন জন করে বই দিল,𑄘𑄮𑄎𑄧𑄚𑄧𑄢𑄬 𑄖𑄨𑄚𑄴𑄱 𑄉𑄧𑄢𑄨 𑄝𑄧𑄃𑄨 𑄘𑄨𑄣𑄧।,Past
ঝেে কল - এই বইটি পলে আর গিে যা না,𑄎𑄬𑄢𑄬 𑄇𑄧𑄣𑄧 - 𑄃𑄬 𑄝𑄧𑄃𑄨𑄠𑄪𑄚𑄴 𑄛𑄧𑄢𑄨 𑄛𑄪𑄢𑄬𑄣𑄬 𑄃𑄢𑄧 𑄚𑄮 𑄉𑄨 ।,Present
খালি মুখে তোমাদের দেখে রাখবো,𑄈𑄣𑄨𑄇𑄴 𑄟𑄪𑄃𑄨 𑄖𑄧𑄟𑄢𑄬 𑄌𑄉𑄨 𑄌𑄬𑄃𑄨𑄟𑄴 ।,Future
কথা শুনে দুইজনে প্রাণ ধরলো,𑄇𑄧𑄙𑄠𑄚𑄴 𑄥𑄪𑄚𑄨𑄚𑄬 𑄘𑄮 𑄎𑄧𑄚𑄧𑄢𑄴 𑄛𑄧𑄢𑄚𑄧𑄖𑄴 𑄙𑄧𑄢𑄨𑄣𑄧।,Past
এত ব করে তর্ক করতেছে-তিন দিন পর পর কে কি অসুখে পে যা,𑄃𑄬𑄖𑄴𑄖𑄬 𑄃𑄬𑄖𑄴𑄖𑄬 𑄖𑄬𑄟𑄴𑄟𑄁 𑄉𑄧𑄢𑄴𑄣𑄇𑄴 - 𑄖𑄨𑄚𑄴 𑄘𑄨𑄚𑄴 𑄛𑄧𑄢𑄴 𑄛𑄧𑄢𑄴 𑄇𑄧𑄚𑄬 𑄇𑄨 𑄛𑄨𑄃𑄨𑄠𑄳𑄠𑄬 𑄎𑄚𑄎𑄚𑄨 𑄉𑄧𑄢𑄨𑄝𑄇𑄴।,Present
"দুইজনে কি করলো আমার বই থেকে তুমি,তোমার বই থেকে আমি পতেছি",𑄃 𑄘𑄨 𑄎𑄧𑄚𑄬 𑄇𑄪𑄃𑄧𑄇𑄨 𑄉𑄧𑄢𑄴𑄣𑄇𑄴 𑄟𑄧 𑄝𑄧𑄃𑄨𑄠𑄪𑄚𑄴 𑄖𑄪𑄃𑄨. 𑄖𑄧 𑄝𑄧𑄃𑄨𑄠𑄪𑄚𑄴 𑄟𑄪𑄃𑄨 𑄛𑄧𑄢𑄨 𑄖𑄧𑄣𑄴𑄝𑄨𑄌𑄴 𑄉𑄧𑄢𑄨𑄝𑄧𑄁।,Present
এক সাপে দুইজনে মারা গেল,𑄃𑄬𑄇𑄴 𑄥𑄛𑄴𑄖 𑄎𑄬𑄢𑄬 𑄘𑄮𑄎𑄧𑄚𑄬 𑄞𑄚𑄴𑄖𑄬 𑄇𑄃𑄨 𑄉𑄬𑄣𑄇𑄴।,Past
ভে তাদেরকে মাদুরে বসাতে বলে,𑄞𑄚𑄴𑄖𑄬 𑄖𑄢𑄢𑄬 𑄛𑄘𑄨 𑄖𑄚𑄨 𑄝𑄧𑄝𑄢𑄴 𑄇𑄧𑄣𑄧।,Present
বিভিন্ন প্রকার হেছে,𑄚𑄚𑄠𑄚𑄴 𑄇𑄪𑄠𑄝𑄪𑄣𑄧 𑄦𑄧𑄣𑄧।,Present
দুইজনে ভে ভেছে,𑄘𑄮𑄎𑄧𑄚𑄬 𑄞𑄚𑄴𑄖𑄬𑄢𑄬 𑄚𑄚𑄠𑄚𑄴 𑄛𑄪𑄏𑄢𑄴 𑄉𑄧𑄢𑄴𑄣𑄇𑄴।,Present
সে ভে তাদেরকে ভ করলো,𑄎𑄬𑄢𑄬 𑄞𑄚𑄴𑄖𑄬 𑄖𑄢𑄢𑄬 𑄛𑄪𑄏𑄢𑄴 𑄉𑄧𑄢𑄴𑄣𑄧।,Past
ভে আমি সব ভুলে গেলাম - তাদের জোপ দিে অনেক উঁচু হেছে,𑄞𑄚𑄴𑄖𑄬 𑄟𑄪𑄠𑄚𑄴 𑄘𑄬𑄃𑄨 𑄝𑄪𑄏𑄨𑄣𑄇𑄴 - 𑄖𑄢𑄢𑄴 𑄎𑄮𑄛𑄴 𑄘𑄬𑄃𑄨𑄚𑄬 𑄃𑄧𑄟 𑄃𑄪𑄌𑄴𑄌𑄮 𑄦𑄪𑄠𑄬।,Present
এইবার কাটাল ভে আবার তিন জনে ভে দিল,𑄃𑄬𑄝𑄢𑄴 𑄇𑄘𑄣𑄳𑄠𑄬 𑄞𑄚𑄴𑄖𑄬 𑄃𑄢𑄧 𑄖𑄨𑄚𑄴𑄱𑄖𑄴 𑄘𑄧𑄢𑄬 𑄝𑄧𑄃𑄨 𑄘𑄨𑄣𑄧।,Past
দুইজনে উঁচু হে বািতে ফিরে আসলো,𑄘𑄮𑄎𑄧𑄚𑄬 𑄃𑄪𑄌𑄴𑄌𑄮 𑄦𑄮𑄃𑄨 𑄊𑄧𑄢𑄧𑄖𑄴 𑄜𑄨𑄢𑄨 𑄃𑄬𑄣𑄇𑄴 ।,Past
তারা দুইজন একসাথে চলে যা,𑄃𑄬𑄎𑄚𑄴 𑄉𑄧𑄢𑄨 𑄘𑄮𑄎𑄧𑄚𑄬 𑄞𑄚𑄴𑄖𑄬𑄃𑄨𑄙𑄪 𑄖𑄢 𑄃𑄬𑄎𑄧𑄚𑄴 𑄡𑄚𑄴।,Present
দিন দিন তারা পাহাের কাছ থেকে দূরে যা,𑄘𑄨𑄚𑄴 𑄘𑄨𑄚𑄴 𑄖𑄢 𑄟𑄪𑄎𑄪𑄋𑄮𑄖𑄴𑄪𑄚𑄴 𑄡𑄬𑄚𑄬 𑄃𑄚𑄴𑄘𑄢𑄴𑄠𑄚𑄴 𑄥𑄧𑄢𑄨 𑄡 𑄙𑄧𑄢𑄴𑄣𑄧।,Present
অনেক অনেক মানুষ একসাথে মিশে যায় -পরা কথা বললে কেমনে ভালো করা যা,𑄃𑄧𑄇𑄴𑄖𑄧 𑄃𑄧𑄇𑄴𑄖𑄧 𑄥𑄧𑄟𑄎𑄳𑄠 𑄟𑄨𑄣𑄨𑄚𑄬 𑄖𑄬𑄟𑄴𑄟𑄁 𑄉𑄧𑄢𑄧𑄚𑄴 - 𑄛𑄧𑄢 𑄇𑄧𑄝𑄣𑄳𑄠 𑄎𑄖𑄴𑄖𑄧𑄢𑄬 𑄇𑄬𑄚𑄬 𑄞𑄣𑄬𑄖𑄴 𑄉𑄧𑄢 𑄡𑄠𑄴।,Present
কেন ভালো কাজগুলো আগে করে নো যা,𑄇𑄬𑄚𑄬 𑄞𑄣𑄬𑄘𑄧 𑄇𑄟𑄴𑄠𑄚𑄴 𑄃𑄇𑄴𑄇𑄮𑄃𑄨 𑄚𑄬𑄎 𑄡𑄠𑄴 ।,Present
তিন নদীর তীরে তারা দুইজনে একসাথে গেল,𑄖𑄨𑄚𑄴 𑄟𑄏𑄧 𑄞𑄨𑄘𑄨𑄢𑄬 𑄖𑄢 𑄘𑄮𑄎𑄧𑄚𑄬 𑄥𑄢𑄬 𑄛 𑄃𑄇𑄴𑄇𑄮𑄃𑄨 𑄉𑄬𑄣𑄇𑄴।,Past
একজন মহিলা ও একজন পুরুষ কথা বলে।,𑄃𑄨𑄇𑄴𑄇𑄪 𑄖𑄢 𑄘𑄮𑄎𑄧𑄚𑄬 𑄟𑄧𑄁𑄉 𑄟𑄧𑄁𑄉 𑄇𑄧𑄙 𑄇𑄧𑄚𑄴।,Present
.নিচে তাদের হাতে বই আছে,𑄚𑄨𑄖𑄳𑄠𑄧 𑄖𑄢 𑄦𑄘𑄧𑄖𑄴 𑄝𑄧𑄃𑄨 𑄃 𑄝𑄧𑄃𑄨।,Present
দুইজন হলো বই পা আম,𑄘𑄮𑄎𑄧𑄚𑄴 𑄦𑄧𑄣𑄇𑄴 𑄝𑄧𑄃𑄨 𑄛𑄧𑄢𑄚 𑄃𑄟𑄪𑄣𑄨।,Present
ব পরীক্ষা রেজাল্ট নিে আসলো,𑄝𑄮𑄓𑄧 𑄛𑄧𑄢𑄨𑄇𑄴𑄈𑄬 𑄢𑄬𑄎𑄣𑄴𑄑𑄴 𑄚𑄨𑄉𑄨𑄣𑄨𑄣𑄧।,Past
ভালো রেজাল্ট নিে পা,𑄉𑄧𑄟𑄴 𑄢𑄬𑄎𑄣𑄴𑄑𑄴 𑄚𑄨𑄚𑄬 𑄛𑄥𑄴 𑄉𑄧𑄢𑄴𑄣𑄇𑄴।,Present
.তারা পাখানা করে সবাই শুেছে,𑄖𑄢 𑄛𑄥𑄴 𑄉𑄧𑄢𑄨𑄚𑄬 𑄝𑄬𑄇𑄴𑄪𑄚𑄬 𑄈𑄪𑄏𑄨।,Present
লাল ভল্লুক হলো হলুদ ভল্লুক হলো তরকারির জন্য,𑄢𑄋 𑄞𑄧𑄖𑄴𑄖𑄨 𑄦𑄧𑄣𑄧 𑄢𑄋𑄇𑄖𑄳𑄠𑄬 𑄃 𑄎𑄪𑄚𑄪 𑄞𑄧𑄖𑄴𑄖𑄨 𑄦𑄧𑄣𑄧 𑄌𑄘𑄨𑄉𑄁।,Present
দুইজনে একটু আলাদা হলো,𑄘𑄨𑄎𑄧𑄚𑄬 𑄃𑄬𑄇𑄴𑄇 𑄜𑄢𑄧𑄇𑄴 𑄦𑄧𑄣𑄇𑄴 ।,Past
আলাদা হলেও তাদের খবর দাও,𑄜𑄢𑄧𑄇𑄴 𑄦𑄧𑄣𑄬𑄠𑄯 𑄃𑄧𑄚𑄴𑄎𑄪𑄢𑄴 𑄖𑄢𑄢𑄴 𑄈𑄧𑄝𑄧𑄢𑄴 𑄘𑄬 𑄘𑄨।,Present
জুনিে চামা এসে রংধনুর সাথে মিশে গেল,𑄎𑄪𑄚𑄪 𑄌𑄘𑄨𑄉𑄋𑄧𑄖𑄴 𑄃𑄬𑄃𑄨𑄚𑄬 𑄝𑄟𑄴 𑄢𑄌𑄴𑄚𑄨𑄖𑄨 𑄥𑄧𑄟𑄢𑄬 𑄟𑄨𑄣𑄴𑄉𑄪𑄣𑄴 𑄦𑄧𑄣𑄧।,Past
পাহাের সাপটা তাদের কেলাশ দে,𑄛𑄧𑄖𑄴𑄖𑄨 𑄥𑄛𑄴𑄖𑄠𑄴 𑄖𑄢𑄢𑄬 𑄇𑄬𑄣𑄌𑄴 𑄘𑄨𑄘𑄇𑄴।,Present
নদীর পানি কেন এত ব হেছে তার মনে লাগে,𑄟𑄚𑄴𑄎𑄳𑄠𑄧𑄢𑄴 𑄥𑄪𑄥𑄧𑄚𑄴 𑄥𑄧𑄢𑄚𑄴 𑄇𑄬𑄚𑄬 𑄦𑄧𑄠𑄴 𑄃𑄧𑄚𑄴𑄎𑄪𑄢𑄴 𑄖 𑄟𑄧𑄚𑄧𑄖𑄴 𑄝𑄢𑄨 𑄈𑄠𑄴।,Present
"সামন্ত বন্ধু,বুো বন্ধু -কুটির কেটে তার পেটে পানি নিে আসো","𑄥𑄟𑄧𑄚𑄴𑄖𑄧 𑄥𑄧𑄟𑄌𑄴, 𑄝𑄪𑄢𑄴𑄎𑄮𑄠 𑄥𑄧𑄟𑄌𑄴 - 𑄇𑄪𑄝𑄮𑄚𑄴 𑄇𑄬𑄎𑄚𑄴 𑄖𑄢𑄴 𑄉𑄪𑄖𑄳𑄠𑄖𑄴 𑄃𑄧𑄚𑄴𑄎𑄪𑄢𑄴 𑄜𑄪𑄘𑄨 𑄜𑄪𑄘𑄨 𑄘𑄨𑄉𑄯𑄣𑄴 𑄚𑄨𑄏𑄬𑄌𑄴 𑄃𑄚𑄨 𑄘𑄬।",Present
ধর্মটা কী যে দোষ পেল এবার,𑄙𑄧𑄢𑄴𑄟𑄧𑄠𑄚𑄴 𑄇𑄨 𑄡𑄬 𑄝𑄨𑄌𑄴 𑄃𑄬𑄝𑄢𑄧𑄖𑄴 𑄉𑄧𑄟𑄬 𑄟𑄳𑄦𑄬𑄖𑄴 𑄛𑄬𑄣𑄧।,Past
অনেক অনেক ভাবে -আমাদের এই লেলিেটা,𑄃𑄧𑄇𑄴𑄖𑄧 𑄃𑄧𑄇𑄴𑄖𑄧 𑄞𑄝𑄬 - 𑄃𑄟 𑄃𑄬 𑄣𑄬𑄝 𑄥𑄧𑄟𑄌𑄴।,Present
সহজে যারা ভ পা তারা কিভাবে আসবে,𑄣𑄢𑄬𑄃𑄨 𑄡𑄢 𑄓𑄧𑄢𑄚𑄴 𑄖𑄢𑄢𑄴 𑄞𑄣𑄬𑄖𑄴 𑄇𑄬𑄚𑄬 𑄃𑄬𑄝𑄧 ।,Future
"এত ব ভূমি, এত ব জমি - মাটিকে নরম করে আাআি করেছে","𑄃𑄧𑄏𑄢𑄴 𑄃𑄞𑄇𑄴 𑄞𑄪𑄃𑄨, 𑄃𑄬𑄚𑄬 𑄛𑄨𑄠𑄳𑄠𑄬 𑄛𑄳𑄢𑄧𑄇𑄴𑄇𑄳𑄢𑄨𑄖𑄨𑄢𑄴 𑄥𑄧𑄟𑄴𑄛𑄧𑄖𑄴 - 𑄟𑄚𑄴𑄎𑄳𑄠𑄧𑄢𑄬 𑄃𑄣𑄴𑄎𑄨 𑄉𑄧𑄢𑄨 𑄃𑄘𑄪𑄢𑄴 𑄝𑄚𑄬𑄠𑄬।",Present
পাহাের পাশে কি আছে - সেটা তারা দেখতেছে না,"𑄟𑄮𑄚𑄧 𑄃𑄮𑄞𑄣𑄘𑄨 𑄇𑄨 𑄃𑄊𑄬 - 𑄥𑄨𑄠𑄚𑄴 𑄖𑄢 𑄇𑄧𑄚𑄧 𑄎𑄚𑄨𑄝𑄬𑄢𑄴 𑄚𑄧 𑄌𑄚𑄴, 𑄚𑄧 𑄎𑄚𑄧𑄚𑄴।",Present
কাঁকা জাতি সহজে যেতে পারে না,𑄇𑄧𑄝𑄣𑄴𑄛𑄧𑄢 𑄎𑄖𑄴 𑄣𑄢𑄬𑄃𑄨 𑄉𑄧𑄢𑄨 𑄣𑄮𑄃𑄨 𑄚𑄧 𑄎𑄚𑄧𑄚𑄴।,Present
পিারটা ভালোভাবে খেতে হ না,𑄛𑄨𑄠𑄳𑄠𑄬 𑄘𑄧𑄢𑄧𑄛𑄴𑄠𑄚𑄴 𑄉𑄧𑄟𑄬 𑄈𑄬𑄃𑄨 𑄚𑄧 𑄎𑄚𑄧𑄚𑄴।,Present
জুনিে অনেক গুলো সাপ তাাতাি বের হে আসে,𑄎𑄪𑄚𑄪 𑄃𑄧𑄇𑄴𑄖𑄧 𑄃𑄧𑄇𑄴𑄖𑄧 𑄥𑄛𑄴𑄖𑄃𑄨𑄇𑄴 𑄇𑄬𑄣𑄎𑄧𑄖𑄴 𑄡𑄬𑄃𑄨𑄚𑄬 𑄥𑄨𑄚𑄨𑄠𑄧𑄢𑄴 𑄞𑄬𑄃𑄨𑄠𑄪𑄚𑄧𑄢𑄬 𑄚𑄚𑄠𑄚𑄴 𑄛𑄪𑄏𑄢𑄴 𑄉𑄧𑄢𑄬।,Present
ধীরে ধীরে নদীর বন্যা হ না,𑄣𑄢𑄬𑄃𑄨 𑄍𑄢 𑄟𑄚𑄴𑄎𑄳𑄠𑄧𑄢𑄴 𑄥𑄧𑄢𑄚𑄴 𑄚𑄧 𑄦𑄧𑄠𑄴।,Present
সহজে পাহাে যেতে হ,𑄣𑄢𑄬𑄃𑄨 𑄉𑄧𑄖𑄴𑄖𑄧 𑄌𑄬𑄣𑄬 𑄎𑄧𑄙 𑄦𑄮𑄃𑄨 𑄛𑄧𑄢𑄬।,Present
জোনাকির আলো ছািে পথটা পরিষ্কার করে,𑄎𑄪𑄚𑄪 𑄘𑄨𑄊𑄮𑄣𑄴 𑄚𑄨𑄏𑄬𑄌𑄴 𑄍𑄢𑄨 𑄍𑄢𑄨 𑄛𑄧𑄖𑄴𑄗𑄚𑄴 𑄖𑄮𑄉𑄠𑄴 ।,Present
মনে হ এই পোা কথা কি রেহাই হবে না,𑄟𑄧𑄚𑄬 𑄟𑄧𑄚𑄬 𑄞𑄝𑄬 𑄃𑄬 𑄛𑄮𑄢 𑄇𑄧𑄝𑄣𑄳𑄠𑄬 𑄎𑄘𑄧𑄢𑄴 𑄇𑄨 𑄥𑄧𑄢𑄚𑄴 𑄚𑄧 𑄦𑄧𑄝𑄧।,Future
দিন যাওা যা,𑄘𑄨𑄚𑄴 𑄡𑄠𑄴 𑄃 𑄃𑄬𑄎𑄬।,Present
জোনাকিরা অনেক বেশি লালমাাই করে,𑄎𑄪𑄚𑄪 𑄃𑄧𑄇𑄴𑄖𑄧 𑄃𑄧𑄇𑄴𑄖𑄧 𑄢𑄋𑄟𑄖𑄳𑄠𑄬 𑄃𑄬𑄃𑄨 𑄢𑄋𑄣𑄮𑄃𑄨 𑄖𑄬𑄟𑄴𑄟𑄁 𑄉𑄧𑄢𑄧𑄚𑄴।,Present
জ হে কীভাবে পৃথিবীটাকে পরিষ্কার করে,𑄎𑄧𑄙 𑄦𑄧𑄃𑄨 𑄇𑄬𑄚𑄬 𑄥𑄮𑄣𑄴 𑄉𑄧𑄢𑄬 𑄛𑄧𑄖𑄴𑄗𑄚𑄴 𑄖𑄮𑄉𑄬 𑄌𑄚𑄴।,Present
এখানে তারা একসাথে বোই করতেছে,𑄃𑄬 𑄞𑄨𑄘𑄨𑄢𑄬 𑄖𑄢 𑄥𑄧𑄟𑄢𑄬 𑄞𑄬𑄃𑄨𑄘𑄮 𑄜𑄉𑄧𑄖𑄴 𑄥𑄧𑄟𑄴𑄝𑄮𑄚𑄴।,Present
.অতিরিক্ত তাদের সুল্লুক আছে,𑄃𑄧𑄚𑄴𑄎𑄪𑄢𑄴 𑄖𑄢𑄢𑄴 𑄥𑄪𑄣𑄴𑄣𑄪𑄇𑄴 𑄃 𑄖𑄬𑄟𑄴𑄟𑄁।,Present
এক দিন যাওা দুই দিন যাওা,𑄃𑄬𑄇𑄴𑄘𑄨𑄚𑄴 𑄡𑄠𑄴 𑄘𑄨 𑄘𑄨𑄚𑄴 𑄡𑄠𑄴।,Present
পুলিশ এক দিন লালকে এই বেঁধে নিে গেল,𑄛𑄪𑄣𑄨𑄏𑄬 𑄃𑄬𑄇𑄴 𑄘𑄨𑄚𑄴 𑄢𑄋𑄢𑄬 𑄃𑄬𑄃𑄨 𑄝𑄚𑄨 𑄚𑄨𑄣𑄇𑄴।,Past
জোনাকির তাপে খুঁজেও পেলাম না,𑄎𑄪𑄚𑄪𑄢𑄬 𑄖𑄮𑄉𑄬𑄃𑄨 𑄚𑄧 𑄛𑄬𑄣𑄇𑄴।,Past
.কলেজে লাল সোল করা সভা হলো।,𑄇𑄧𑄣𑄬𑄎𑄧𑄖𑄴 𑄢𑄋𑄖𑄳𑄠𑄠𑄴 𑄥𑄮𑄣𑄴 𑄉𑄧𑄢𑄚 𑄥𑄧𑄞 𑄦𑄧𑄣𑄧।,Past
বাচ্চারা জোা করতে পারে,𑄛𑄱𑄠𑄪𑄚𑄬 𑄎𑄮𑄉𑄢𑄴 𑄛𑄢𑄴𑄣𑄇𑄴।,Present
সামাজিক মানুষরা সারাদিন লুকোচুরি খেলছে,𑄥𑄧𑄟𑄎𑄳𑄠𑄠𑄪𑄚𑄬 𑄘𑄨𑄚𑄧𑄘𑄧𑄇𑄴 𑄣𑄪𑄉𑄬 𑄣𑄪𑄉𑄬 𑄢𑄧𑄣𑄇𑄴।,Present
দুইজনে পাগল হেছে,𑄘𑄨 𑄃𑄬𑄇𑄴 𑄎𑄧𑄚𑄬 𑄟𑄧𑄚𑄴𑄟𑄧𑄢 𑄦𑄧𑄣𑄇𑄴।,Present
একদাি আর দিলের ভ হলো,𑄃𑄬𑄇𑄴𑄘𑄊𑄨𑄢𑄴 𑄃𑄢𑄧 𑄘𑄨𑄣𑄴 𑄘𑄧𑄢𑄧 𑄦𑄧𑄣𑄧।,Past
.মাছটা অনেক হে লাল বািতে খবর নেওা হলো,𑄟𑄥𑄴 𑄈𑄚𑄬𑄇𑄴 𑄦𑄮𑄃𑄨𑄚𑄬 𑄢𑄋 𑄝𑄝𑄬 𑄃𑄢𑄴𑄉𑄘𑄖𑄴 𑄢𑄋𑄢𑄬 𑄈𑄧𑄝𑄧𑄢𑄴 𑄚𑄬𑄎 𑄃𑄬𑄣𑄧।,Past
লাল কোন মনের শক্তি নেই নাকি!,𑄢𑄋 𑄇𑄧𑄚𑄧 𑄟𑄧𑄚𑄧 𑄝𑄧𑄣𑄴 𑄦𑄢𑄠𑄴 𑄚𑄇𑄨 !,Present
আরগাে লালকে কল -পুত,𑄃𑄢𑄴𑄉𑄘𑄖𑄴 𑄢𑄋𑄢𑄬 𑄇𑄧𑄣𑄧 - 𑄛𑄪𑄖𑄴!,Present
চা কথা বললে শুনো না,𑄌 𑄇𑄧𑄙 𑄇𑄧𑄣𑄬 𑄚𑄧 𑄥𑄪𑄚𑄧𑄌𑄴।,Present
একজন তোমাকে কে আরও চার!,𑄃𑄨𑄇𑄴𑄇𑄪 𑄖𑄧𑄢𑄬 𑄇𑄧𑄚𑄴𑄚 𑄃𑄢𑄴 𑄌𑄢𑄴!,Present
লাল কোন জোপ দিল না,𑄢𑄋 𑄇𑄧𑄚𑄧 𑄎𑄮𑄛𑄴 𑄚𑄧 𑄘𑄨𑄣𑄧।,Past
শুধু পুি নিে গেল - তার মা,"𑄝𑄚 𑄛𑄪𑄏𑄢𑄴 𑄣𑄧𑄣𑄧 - 𑄖𑄟𑄴𑄟, 𑄞𑄬𑄃𑄨 𑄃 𑄎𑄪𑄚𑄪𑄢𑄬।",Past
তার বাবা-মা আরও কি তোমার খবর নাও?,𑄖 𑄝𑄝𑄬 𑄇𑄧𑄣𑄧 - 𑄎𑄪𑄚𑄪 𑄇𑄨 𑄃𑄢𑄴 𑄖𑄧 𑄈𑄧𑄝𑄧𑄢𑄴 𑄣𑄧𑄢𑄴 𑄚?,Present
লাল কল নিব,𑄢𑄋 𑄇𑄧𑄣𑄧 - 𑄚𑄨𑄝𑄧।,Future
.অতিরিক্ত আসা যাওা করবে,𑄃𑄧𑄇𑄴𑄖𑄧 𑄃𑄬𑄣𑄬 𑄎𑄨𑄎𑄳𑄠𑄬𑄇𑄴𑄉𑄧𑄢𑄨 𑄚𑄨𑄝𑄧।,Future
লাল কথা শুনে তার বাবা মাথা ধরলো,𑄢𑄋 𑄇𑄧𑄙 𑄥𑄪𑄚𑄨𑄚𑄬 𑄖 𑄝𑄝𑄧𑄖𑄴𑄪𑄚𑄴 𑄟𑄙𑄖𑄴 𑄙𑄧𑄢𑄨𑄣𑄧।,Past
রাগে বলীে যে পেটে ভাত পতেছে সে তো তরকারির চামাও পাবে না,𑄢𑄉𑄬 𑄇𑄧𑄣𑄧 𑄡𑄬 𑄌𑄮𑄉𑄮𑄖𑄴 𑄃𑄪𑄖𑄴𑄖𑄮𑄌𑄴 𑄃𑄨𑄇𑄴𑄇𑄪 𑄘𑄧 𑄥𑄧𑄢𑄴𑄇𑄢𑄨 𑄌𑄉𑄪𑄢𑄨𑄠𑄮 𑄚𑄧 𑄛𑄬𑄝𑄬!,Future
লাল কল আমার চামা নেই,𑄢𑄋 𑄇𑄧𑄣𑄧 𑄟𑄧𑄢𑄴 𑄌𑄉𑄪𑄢𑄨𑄢𑄴 𑄉𑄧𑄢𑄧𑄌𑄴 𑄚𑄬𑄃𑄨 ।,Present
তার বািতে কল দিতে পারতেছি না!,𑄖 𑄝𑄝𑄬 𑄇𑄧𑄣𑄧 𑄖𑄳𑄠𑄬 𑄇𑄨𑄖𑄳𑄠𑄃𑄨 𑄥𑄣𑄬 𑄣𑄬𑄊 𑄛𑄧𑄢𑄋𑄧𑄖𑄴𑄬!,Present
লাল কোন কথা বলে না,𑄢𑄋 𑄇𑄧𑄚𑄧 𑄇𑄧𑄙 𑄚𑄧 𑄇𑄧𑄣𑄧।,Present
তার বাবা মনে হ না কুালের লাল থেকে আলাদা হলো,𑄖 𑄝𑄝𑄬 𑄟𑄧𑄚𑄬 𑄚𑄧 𑄇𑄪𑄠𑄬𑄉𑄧𑄢𑄨 𑄢𑄋𑄖𑄴𑄪𑄚𑄴 𑄜𑄢𑄧𑄇𑄴 𑄦𑄧𑄣𑄧।,Past
লাল তার বাপকে দেখে র,𑄢𑄋 𑄖 𑄝𑄝𑄧𑄢𑄬 𑄌𑄬𑄃𑄨 𑄢𑄧𑄣𑄧।,Present
এক মাছ বিে গেলে লাল স্রোত পেল,𑄃𑄬𑄇𑄴 𑄟𑄌𑄴 𑄝𑄨𑄘𑄨 𑄉𑄬𑄣𑄬 𑄢𑄋 𑄥𑄧𑄢𑄚𑄴 𑄛𑄬𑄣𑄧 ।,Past
লাল ছার সাপটা কিছুক্ষণ পর লাল হে দেখা দিল,𑄢𑄋 𑄍𑄧𑄢𑄚𑄴 𑄛𑄚𑄢𑄴 𑄥𑄛𑄴𑄖 𑄖𑄨𑄚𑄬𑄇𑄴 𑄝𑄘𑄬 𑄎𑄪𑄚𑄪 𑄢𑄋𑄟𑄖𑄳𑄠𑄬 𑄃𑄬𑄃𑄨 𑄢𑄋𑄣𑄮𑄃𑄨 𑄘𑄬𑄊 𑄦𑄧𑄣𑄧।,Past
লাল একটি মরামরা মরা মহিলার সাথে কথা বলে,𑄢𑄋 𑄃𑄬𑄇𑄴𑄇 𑄟𑄧𑄚𑄴 𑄟𑄧𑄢 𑄟𑄧𑄢𑄉𑄧𑄢𑄨 𑄎𑄪𑄚𑄪𑄣𑄮𑄃𑄨 𑄇𑄧𑄙 𑄇𑄧𑄣𑄧।,Present
জোনাকির কল -এই পথটা তুমি হাত দিেছো,𑄎𑄪𑄚𑄪 𑄇𑄧𑄣𑄧 - 𑄃𑄬 𑄛𑄧𑄖𑄴𑄗𑄚𑄴 𑄘𑄧 𑄦𑄘𑄬𑄠𑄮𑄌𑄴 𑄖𑄪𑄃𑄨 ।,Present
তোমরা সবাই সেজানগি ভেঙ্গে পা,𑄖𑄪𑄃𑄨 𑄎𑄧𑄚𑄨 𑄥𑄬𑄎𑄚𑄴𑄉𑄧𑄢𑄨 𑄞𑄋𑄨 𑄛𑄧𑄢𑄧𑄌𑄴!,Present
লাল পা কোনো জোপ দিল না,𑄢𑄋 𑄛𑄧𑄣𑄳𑄠 𑄇𑄧𑄚𑄧 𑄎𑄮𑄛𑄴 𑄚𑄧 𑄘𑄨𑄣𑄧।,Past
তার বাবা যে তার জন্য দুঃখ পেেছে সে মনে পেছে,𑄖 𑄝𑄝𑄬 𑄡𑄬 𑄖𑄖𑄴𑄖𑄬𑄃𑄨 𑄘𑄪𑄇𑄴 𑄛𑄬𑄃𑄨 𑄛𑄬𑄃𑄨 𑄡𑄨𑄨𑄠𑄳𑄠𑄬𑄉𑄮𑄃𑄨 𑄖𑄢𑄴 𑄃𑄧𑄚𑄴𑄎𑄪𑄢𑄴 𑄥𑄨𑄠𑄚𑄴 𑄟𑄧𑄚𑄧𑄖𑄴 𑄃𑄪𑄙𑄧 𑄙𑄧𑄎𑄳𑄠 ।,Present
শীতকালে কি কথা বলতে পারা যা না,𑄎𑄪𑄚𑄪𑄢𑄬 𑄇𑄨 𑄇𑄧𑄝𑄧 𑄖𑄮𑄉𑄬𑄃𑄨 𑄚𑄧 𑄛𑄢𑄴।,Present
ঝেে জুনু আর কল-কি হেছে তোমার কোনো যোগা নাই,𑄎𑄬𑄢𑄬 𑄎𑄪𑄚𑄪 𑄃𑄢𑄧 𑄇𑄧𑄣𑄧 - 𑄇𑄨 𑄦𑄪𑄠𑄳𑄠𑄬 𑄖𑄧𑄢𑄴 𑄇𑄧𑄚𑄧 𑄎𑄮𑄛𑄴 𑄚𑄧 𑄘𑄮𑄖𑄴𑄖𑄬।,Present
একজন লোক শুধু খা,𑄃𑄬𑄋𑄬𑄢𑄨 𑄎𑄧𑄚𑄨 𑄃𑄧𑄚𑄴𑄎𑄪𑄢𑄴 𑄝𑄚 𑄈𑄋𑄴।,Present
লেখা পা যাবে না,𑄣𑄬𑄊 𑄛𑄧𑄢𑄠𑄮 𑄚𑄧 𑄦𑄧𑄝𑄧 ।,Future
বাবাের টাকা-পয়সা দিবে না,𑄝𑄝𑄠𑄮 𑄖𑄬𑄋- 𑄛𑄧𑄠𑄴𑄎𑄳𑄠𑄬 𑄚𑄧 𑄘𑄨𑄝𑄧।,Future
তোমার শুধু ছোট,𑄖𑄧𑄢𑄴 𑄝𑄚 𑄥𑄳𑄠𑄬 𑄌𑄨𑄙𑄬।,Present
আমরা এখানে কেন থাকবো?,𑄃𑄟𑄨 𑄃𑄨𑄘𑄪𑄇𑄴𑄪𑄚𑄴 𑄥𑄧𑄟𑄎𑄳𑄠 𑄇𑄨𑄖𑄳𑄠𑄬𑄃𑄨 𑄃𑄊𑄨 𑄘𑄬!,Future
লাল কাঁকাটা মাা করল না,𑄢𑄋 𑄇𑄇𑄴𑄈𑄧𑄚𑄴 𑄚𑄧 𑄟𑄙𑄨 𑄢𑄧𑄣𑄧।,Past
ঝেে লাল কল- আমাদের থেকে আরো আলাদা হতে হবে,𑄎𑄬𑄢𑄬 𑄢𑄋 𑄇𑄧𑄣𑄧 - 𑄃𑄟𑄖𑄴𑄪𑄚𑄴 𑄃𑄢𑄧 𑄎𑄧𑄙 𑄦𑄮𑄃𑄨 𑄛𑄧𑄢𑄨𑄝𑄧।,Future
এই সুযোগে কিছুই করতে পারবো না,𑄃𑄬 𑄎𑄧𑄙𑄣𑄮𑄃𑄨 𑄇𑄧𑄚𑄧𑄇𑄴𑄈𑄚𑄴 𑄥𑄙𑄨 𑄚𑄧 𑄛𑄢𑄨𑄝𑄧𑄁।,Future
সে তো আরও কাজ করতে হবে,𑄥𑄬𑄖𑄳𑄠𑄬 𑄘𑄧 𑄃𑄢𑄧 𑄇𑄟𑄴 𑄉𑄧𑄢 𑄛𑄧𑄢𑄨𑄝𑄧।,Future
লাল হে দুইজনে আবার কথা বলতেছে,𑄢𑄋 𑄦𑄧𑄠𑄴 𑄘𑄧 𑄇𑄮𑄃𑄨𑄚𑄬 𑄘𑄨𑄎𑄧𑄚𑄬 𑄃𑄢𑄧 𑄞𑄣𑄧𑄇𑄴𑄈𑄧𑄚𑄴 𑄇𑄧𑄙 𑄇𑄧𑄣𑄇𑄴।,Present
গ্রামবাসীই তেমাং করে,𑄥𑄧𑄟𑄎𑄳𑄠𑄠𑄪𑄚𑄴𑄘𑄮𑄃𑄨 𑄖𑄬𑄟𑄴𑄟𑄁 𑄉𑄧𑄢𑄴𑄣𑄇𑄴।,Present
"গ্রামের লোকজন,কাঁকার মধ্যে সবাইকে জেগে তুলতে হবে","𑄃𑄘𑄟𑄧𑄢𑄴 𑄟𑄪𑄢𑄧𑄟𑄪𑄢𑄨 , 𑄇𑄧𑄚 𑄥𑄬𑄢𑄬 𑄝𑄬𑄇𑄴 𑄟𑄚𑄪𑄌𑄴𑄥𑄪𑄚𑄧𑄢𑄬 𑄎𑄉𑄬𑄃𑄨 𑄖𑄪𑄣𑄧 𑄛𑄧𑄢𑄨𑄝𑄧 ।",Future
এই কাজটা ধীরে ধীরে করতে হবে,𑄃𑄬 𑄇𑄟𑄴𑄠𑄚𑄴 𑄣𑄢𑄬 𑄣𑄢𑄬 𑄥𑄨𑄘𑄬𑄃𑄨𑄪 𑄘𑄳𑄠𑄬 𑄛𑄧𑄢𑄨𑄝𑄧।,Future
জতা বাদে শক্তি হবে না,𑄎𑄧𑄙 𑄝𑄘𑄬 𑄝𑄧𑄣𑄴 𑄚𑄧 𑄦𑄧𑄝𑄧।,Future
জোা বাদে পথ হবে না,𑄎𑄧𑄙 𑄝𑄘𑄬 𑄛𑄧𑄗𑄴 𑄚𑄧 𑄟𑄨𑄣𑄨𑄝𑄧।,Future
জোনাকির আলো আঁধারি,𑄎𑄪𑄚𑄪𑄣𑄮𑄃𑄨 𑄜𑄢𑄧𑄇𑄴 𑄦𑄧𑄣𑄇𑄴।,Present
তেমাং হলো - এক মাছের বেিতে একটা কথা বলে দো,𑄖𑄬𑄟𑄴𑄟𑄁 𑄦𑄧𑄣𑄧 - 𑄃𑄬𑄇𑄴 𑄟𑄏𑄧 𑄞𑄨𑄘𑄨𑄢𑄬 𑄃𑄬𑄇𑄴𑄇𑄚𑄴 𑄉𑄧𑄝𑄧𑄣 𑄍𑄢𑄨 𑄃𑄘𑄟𑄬 𑄃𑄘𑄟𑄬 𑄜𑄧𑄉𑄧𑄘𑄁 𑄉𑄧𑄢𑄨 𑄘𑄨𑄝𑄇𑄴।,Present
দুইজনে হাত ধরে আলাদা হলো,𑄘𑄨𑄎𑄧𑄚𑄬 𑄦𑄖𑄴 𑄙𑄧𑄢𑄙𑄧𑄢𑄨𑄉𑄧𑄢𑄨 𑄜𑄢𑄧𑄇𑄴 𑄦𑄧𑄣𑄇𑄴।,Past
এক মাছের গর্তে গিে প্রবাদ নিে বললে- জাগা জাগা যাওা যা,"𑄃𑄬𑄇𑄴 𑄟𑄏𑄧 𑄞𑄨𑄘𑄨𑄢𑄬 𑄉𑄧𑄝𑄧𑄣 𑄚𑄨𑄉𑄨𑄣𑄨𑄣𑄧 - 𑄎𑄉𑄧 𑄞𑄬𑄃𑄨𑄣𑄧𑄇𑄴 𑄎𑄉𑄧, 𑄎𑄧𑄙 𑄦𑄧।",Past
দ্রুত মেে ভালো কাজ করে,𑄝𑄬𑄉𑄬 𑄟𑄨𑄣𑄨 𑄞𑄣𑄬𑄘𑄧 𑄇𑄟𑄴 𑄉𑄧𑄢𑄨।,Present
"ভাগ্য বাদে ভালো নেই,শুধু জীবনটা ভালো দেখি","𑄎𑄧𑄙 𑄝𑄘𑄬 𑄞𑄣𑄬𑄖𑄴 𑄚𑄬𑄃𑄨 , 𑄝𑄚 𑄎𑄩𑄁𑄇𑄚𑄨 𑄞𑄧𑄌𑄴 𑄌𑄬𑄃𑄨 ....।",Present
গালিটা পেে মেেকে দে,𑄉𑄧𑄝𑄧𑄣𑄠𑄚𑄴 𑄛𑄬𑄃𑄨 𑄟𑄚𑄴𑄎𑄳𑄠𑄬 𑄟𑄙𑄬𑄣𑄇𑄴 ।,Present
"ভো খেলা, ভো খেলা","𑄞𑄬𑄃𑄨𑄘𑄮 𑄝𑄃𑄨𑄚𑄨 𑄉𑄧𑄢𑄴𑄣𑄇𑄴 , 𑄞𑄬𑄃𑄨𑄘𑄮 𑄜𑄬𑄌𑄴 𑄉𑄧𑄢𑄴𑄣𑄇𑄴।",Present
জোনাকিরা একটু একটু করে কাজ করে যা,𑄎𑄪𑄚𑄪𑄘𑄊𑄨 𑄃𑄬𑄋𑄬𑄢𑄨 𑄉𑄧𑄢𑄨 𑄃𑄧𑄚𑄴𑄎𑄪𑄢𑄴 𑄇𑄟𑄴 𑄃𑄢𑄚𑄴 𑄃 𑄉𑄧𑄢𑄨 𑄡𑄚𑄴।,Present
বাঙালিরা মনে মনে বলে-ছেলেরা গরিবদের মনে বলে,𑄟𑄚𑄴𑄎𑄳𑄠𑄬 𑄟𑄧𑄚𑄬 𑄟𑄧𑄚𑄬 𑄇𑄧𑄚𑄴 - 𑄛𑄱 𑄝𑄚𑄳𑄠𑄬 𑄟𑄚𑄪𑄌𑄴 𑄉𑄧𑄢𑄨𑄝𑄬𑄢𑄴 𑄟𑄧𑄚𑄬 𑄇𑄧𑄠𑄴 𑄉𑄧𑄖𑄴𑄖𑄧𑄚𑄴 𑄘𑄬 𑄃𑄃𑄨।,Present
.কমলা ভে যাওা কোথা?,𑄇𑄧𑄟𑄧𑄬𑄣 𑄞𑄧𑄌𑄴 𑄡𑄚𑄴 𑄇𑄪𑄖𑄴𑄖𑄪𑄚𑄴 !,Present
জোনাকির আলো -মনে পে রে,𑄎𑄪𑄚𑄪𑄘𑄊𑄨 𑄥𑄪𑄚𑄮𑄚𑄴 - 𑄟𑄧𑄚𑄬 𑄟𑄧𑄚𑄬 𑄢𑄇𑄴𑄠𑄮 𑄃𑄪𑄙𑄬 ।,Present
অসুুস্থ মানুষরা না না বলে তার এখানে বকবক করে,𑄃𑄧𑄚𑄴𑄎𑄪𑄢𑄴 𑄥𑄧𑄟𑄎𑄳𑄠𑄠𑄪𑄚𑄬 𑄚 𑄚 𑄇𑄧𑄙 𑄖 𑄃𑄨𑄙𑄪 𑄖𑄪𑄣𑄧𑄛𑄢 𑄉𑄧𑄢𑄧𑄚𑄴।,Present
জোনাকির কেকটা তো কেকটা,𑄎𑄪𑄚𑄪 𑄇𑄧𑄠𑄴 𑄟𑄚𑄴𑄎𑄳𑄠 𑄘𑄧 𑄇𑄧𑄝𑄇𑄴।,Present
.সেগুলো ভ পা না,𑄥𑄨𑄠𑄚𑄴𑄘𑄮𑄃𑄨 𑄞𑄧𑄇𑄴𑄇𑄧𑄣𑄴 𑄚𑄧 𑄡𑄨𑄃𑄨𑄠𑄮।,Present
দিন যাওা,𑄘𑄨𑄚𑄴 𑄡𑄠𑄴।,Present
তারা সামনের দিকে পানি নাই করে কাজ করে,𑄖𑄢 𑄃𑄧𑄚𑄴𑄎𑄪𑄢𑄴 𑄃𑄪𑄙𑄮𑄖𑄴 𑄛𑄚𑄨 𑄚𑄬𑄃𑄨 𑄉𑄧𑄢𑄨 𑄇𑄟𑄴 𑄉𑄧𑄢𑄨 𑄡𑄚𑄴।,Present
গ্রামে গ্রামে তাদের নাচ করতে হ,𑄃𑄘𑄟𑄬 𑄃𑄘𑄟𑄬 𑄖𑄢 𑄚𑄋𑄴 𑄍𑄨𑄘𑄨 𑄛𑄧𑄢𑄬।,Present
জোনাকির চোখ না না সব জ্বলা,𑄎𑄪𑄚𑄪𑄘𑄊𑄨 𑄌𑄮𑄊𑄮𑄖𑄴 𑄟𑄱𑄖𑄴 𑄚 𑄚 𑄥𑄧𑄝𑄧𑄚𑄴 𑄞𑄏𑄨 𑄃𑄪𑄙𑄬 ।,Present
পাহাের পথটা শক্ত লাগে,𑄟𑄪𑄎𑄪𑄋𑄬 𑄛𑄧𑄗𑄴𑄗𑄚𑄴 𑄘𑄧𑄛𑄴𑄘𑄧𑄛𑄳𑄠 𑄣𑄉𑄬।,Present
"অসুখের সম তারা ঘুমাতে যা,ঘুম থেকে উঠে","𑄢𑄮𑄉𑄧𑄚𑄨 𑄥𑄧𑄝𑄧𑄚𑄴𑄘𑄧𑄃𑄨 𑄖𑄢 𑄊𑄪𑄟𑄴 𑄡𑄚𑄴, 𑄊𑄪𑄟𑄧𑄖𑄴𑄪𑄚𑄴 𑄎𑄉𑄧𑄚𑄴।",Present
পাহাে বোই থাকে দুই মাইল পথ,𑄟𑄪𑄎𑄪𑄋𑄬 𑄝𑄌𑄴𑄌𑄬𑄃𑄨 𑄗𑄠𑄴 𑄘𑄨𑄊𑄮𑄣𑄴 𑄛𑄧𑄗𑄴 ।,Present
জুনিেরা কিছুক্ষণ আগে পালিে গেল ঢাকা,𑄎𑄪𑄚𑄪 𑄡𑄬𑄇𑄴𑄇𑄬 𑄃𑄃𑄨. 𑄃𑄬 . 𑄛𑄥𑄴 𑄉𑄧𑄢𑄴𑄣𑄧 𑄞𑄧𑄖𑄴𑄖𑄨 𑄦𑄧𑄣𑄧 𑄔𑄇𑄖𑄴।,Past
তার চেহারাটা লাল হলো,𑄖 𑄘𑄬𑄊𑄘𑄬𑄊𑄨 𑄢𑄋𑄠𑄮 𑄦𑄧𑄣𑄧।,Past
ভ হলো আর সাত জন লোক,𑄞𑄧𑄖𑄴𑄖𑄨 𑄦𑄧𑄣𑄇𑄴 𑄃𑄢𑄧 𑄥𑄖𑄴 𑄃𑄖𑄴𑄖𑄳𑄠𑄧 𑄎𑄧𑄚𑄴।,Present
সবাই কালো হলে অন্ধকার জাগা বসে আলোচনা করে,𑄝𑄬𑄇𑄴𑄪𑄚𑄬 𑄇𑄃𑄨𑄉𑄧𑄢𑄨 𑄃 𑄝𑄬𑄣𑄳𑄠 𑄦𑄧𑄣𑄬 𑄃𑄧𑄣𑄧𑄢𑄴 𑄎𑄉𑄖𑄴 𑄝𑄮𑄃𑄨𑄚𑄬 𑄖𑄬𑄟𑄴𑄟𑄁 𑄉𑄧𑄢𑄧𑄚𑄴।,Present
দুইজনে একসাথে থাকতে পারেনা,𑄘𑄨 𑄃𑄬𑄇𑄴𑄎𑄧𑄚𑄴 𑄖𑄢 𑄜𑄉𑄧𑄖𑄴 𑄚𑄧 𑄥𑄧𑄟𑄧𑄚𑄴।,Present
"তাদের কাজ হলো - তারাখাা হওা, এক বুক টানা","𑄖𑄢 𑄇𑄟𑄴 𑄦𑄧𑄣𑄧 - 𑄖𑄢𑄈𑄢 𑄦𑄧𑄚, 𑄙𑄪𑄇𑄴 𑄃𑄬𑄇𑄴𑄝𑄪𑄇𑄴 𑄑𑄚𑄚।",Present
এই কাচটা দিে জোনাকিরা তাদের পূজা করে।,𑄃𑄬 𑄇𑄌𑄳𑄠𑄇𑄴𑄠𑄚𑄨𑄖𑄳𑄠 𑄎𑄪𑄚𑄪𑄘𑄊𑄨 𑄖𑄢𑄢𑄬 𑄛𑄎𑄢 𑄛𑄢𑄨 𑄌𑄧𑄣𑄧𑄚𑄴 ।,Present
এক জাতী সেনা ছাউনি আছে।,𑄃𑄬𑄢𑄴𑄥𑄘𑄧𑄢𑄴 𑄥𑄟𑄧𑄢𑄨𑄇𑄴 𑄥𑄥𑄧𑄚𑄧 𑄃𑄠𑄧𑄟𑄴 ।,Present
জনপথটা সোজা না হেছে,𑄉𑄧𑄕𑄧𑄖𑄧𑄚𑄴𑄖𑄧𑄢𑄧 𑄛𑄧𑄗𑄴𑄗𑄚𑄴 𑄃𑄪𑄎𑄪 𑄚𑄧 𑄃𑄬𑄣𑄧 ।,Present
জোনাকির মতো তাদের সমাজও কি দিল,𑄎𑄪𑄚𑄪𑄘𑄊𑄨 𑄘𑄬𑄘𑄇𑄴 𑄖𑄢 𑄥𑄧𑄟𑄎𑄳𑄠𑄠𑄪𑄚𑄬 𑄇𑄨 𑄘𑄨𑄣𑄴𑄝𑄧𑄣।,Past
"পুলিশ, আর্মি না হুমকি দিে সভা করে","𑄛𑄪𑄣𑄨𑄥𑄴, 𑄃𑄢𑄴𑄟𑄨 𑄚𑄧 𑄓𑄧𑄢𑄬𑄃𑄨 𑄟𑄨𑄑𑄨𑄁 𑄉𑄧𑄢𑄧𑄚𑄴, 𑄥𑄧𑄞 𑄉𑄧𑄢𑄧𑄚𑄴।",Present
"অনেক অনেক পুলিে বারি খেে,খুলিে খেে তো খেে না","𑄃𑄧𑄇𑄴𑄖𑄧 𑄃𑄧𑄇𑄴𑄖𑄧 𑄛𑄪𑄣𑄨𑄏𑄧 𑄝𑄢𑄨 𑄈𑄬𑄃𑄨, 𑄈𑄪𑄣𑄴 𑄜𑄘 𑄈𑄬𑄃𑄨 𑄖𑄮 𑄚𑄧 𑄈𑄬𑄟𑄧𑄚𑄴।",Present
মনে হ আমাদের থেকে আলাদা হতে হবে,𑄟𑄧𑄚𑄬 𑄟𑄧𑄚𑄬 𑄞𑄝𑄨𑄘𑄇𑄴 𑄃𑄟𑄖𑄴𑄪𑄚𑄴𑄠𑄮 𑄃𑄬𑄎𑄚𑄴 𑄘𑄨𑄣𑄴𑄝𑄧𑄣 𑄦𑄮𑄃𑄨 𑄛𑄧𑄢𑄨𑄝𑄧।,Future
জো হওা বাদে কোনো পথ নেই,𑄎𑄧𑄙 𑄦𑄧𑄚 𑄝𑄘𑄬 𑄇𑄧𑄚𑄧 𑄛𑄧𑄗𑄴 𑄚𑄬𑄃𑄨 ।,Present
মনে মনে পথ খুঁজতে চান,𑄟𑄧𑄚𑄬 𑄟𑄧𑄚𑄬 𑄛𑄧𑄗𑄴 𑄖𑄮𑄉𑄬 𑄌𑄚𑄴।,Present
"পাহাে তাকালে শুধু বাতাস উঠে না, উল্টো পাল্টা কথা","𑄟𑄪𑄎𑄪𑄋𑄬 𑄢𑄨𑄚𑄨 𑄌𑄬𑄣𑄬 𑄝𑄚 𑄞𑄏𑄩 𑄃𑄪𑄙𑄬 𑄚 𑄚 𑄌𑄨𑄠𑄮𑄋𑄴𑄌𑄟, 𑄜𑄨𑄝𑄧𑄣 𑄇𑄧𑄙।",Present
"অনেক অনেক সমে লুকিে থাকা আমগুলো আর্মিরা পুে দে,আমগুলো বিে দিে এসেছে না না দুই সমে","𑄃𑄧𑄇𑄴𑄖𑄧 𑄃𑄧𑄇𑄴𑄖𑄧 𑄥𑄟𑄴𑄝𑄖𑄴 𑄣𑄪𑄋𑄬 𑄃𑄟𑄪𑄇𑄴 𑄃𑄘𑄟𑄴 𑄝𑄨𑄣𑄬 𑄃𑄢𑄴𑄟𑄨𑄠𑄬 𑄛𑄪𑄢𑄨 𑄘𑄮𑄚𑄴, 𑄃𑄟𑄪𑄉𑄧𑄢𑄬 𑄝𑄨𑄣𑄬 𑄝𑄚𑄨 𑄚𑄮𑄚𑄴 𑄃𑄬𑄋𑄬𑄢𑄨 𑄃𑄬𑄋𑄬𑄢𑄨 𑄚 𑄚 𑄘𑄪 𑄥𑄧𑄟𑄴𑄝𑄖𑄴।",Present
জোনাকির আলো জ্বালানো হ না,𑄎𑄪𑄚𑄪𑄢𑄴 𑄊𑄪𑄟𑄴 𑄚𑄧 𑄦𑄧𑄠𑄴।,Present
রাতের বেলা তাাতাি করে যাও,𑄢𑄬𑄃𑄨𑄖𑄴𑄖𑄮𑄝𑄮 𑄌𑄨𑄙𑄬𑄃𑄨 𑄌𑄨𑄙𑄬𑄃𑄨 𑄉𑄧𑄋𑄨 𑄡𑄠𑄴 ।,Present
বেশি বেশি লালকে বলে - আমাদের মনটা কি কোনো দিন কাজে লাগবে না,𑄃𑄧𑄇𑄴𑄖𑄧 𑄃𑄧𑄇𑄴𑄖𑄧 𑄢𑄋𑄢𑄬 𑄇𑄧𑄠𑄴 - 𑄇𑄨 𑄞𑄬𑄃𑄨 𑄃𑄟 𑄟𑄧𑄚𑄧 𑄃𑄠𑄮𑄌𑄴𑄌𑄚𑄴 𑄇𑄨 𑄇𑄧𑄚𑄧 𑄘𑄨𑄚𑄴 𑄇𑄟𑄧𑄖𑄴 𑄣𑄉𑄬𑄃𑄨 𑄚 𑄛𑄢𑄨𑄝𑄧𑄁!,Future
লাল কেকটা আসতে পারি না,𑄢𑄋 𑄇𑄧𑄠𑄴 - 𑄃𑄃𑄨𑄠𑄬 𑄚𑄧 𑄛𑄖𑄴𑄖𑄧𑄁।,Present
. জুু পোকা করে - কবে?,𑄎𑄪𑄚𑄪 𑄛𑄪𑄏𑄢𑄴 𑄉𑄧𑄢𑄬 - 𑄇𑄧𑄟𑄧𑄣𑄬?,Present
লাল কেক - সম এসেছে,𑄢𑄋 𑄇𑄧𑄙𑄧 - 𑄥𑄧𑄟𑄧𑄠𑄴 𑄃𑄬𑄎𑄮𑄇𑄴 ।,Present
জুু বুো এক ব মাছ জমা হ,𑄎𑄪𑄚𑄪 𑄝𑄪𑄉𑄮𑄖𑄴 𑄃𑄬𑄇𑄴 𑄝𑄳𑄦𑄧 𑄚𑄨𑄎𑄬𑄌𑄴 𑄎𑄧𑄟 𑄦𑄧𑄠𑄴।,Present
লালকে সুন্দর করে যাওা যা - কবে আসবে আমাদের সেই কথা,𑄢𑄋𑄢𑄬 𑄛𑄪𑄏𑄢𑄴 𑄉𑄧𑄢𑄨 𑄎𑄚𑄴 𑄘𑄧 𑄌𑄠𑄴 - 𑄇𑄧𑄟𑄧𑄣𑄬 𑄃𑄬𑄝𑄧 𑄃𑄟 𑄥𑄬 𑄃𑄧𑄇𑄴𑄖𑄧।,Future
লাল কেকটা ফোঁাটা না পেলে তাকে গালি দিতে পারে না,𑄢𑄋 𑄇𑄧𑄙𑄧 𑄇𑄨𑄃𑄨𑄠𑄳𑄠𑄬 𑄜𑄮𑄢𑄝𑄱 𑄚𑄧 𑄛𑄉𑄨𑄣𑄬 𑄖𑄢𑄬 𑄘𑄧 𑄉𑄣𑄨 𑄚𑄧 𑄛𑄢𑄬।,Present
ফোঁাটা কাটার সম আছে,𑄜𑄮𑄢𑄝𑄱 𑄉𑄣𑄨𑄝𑄢𑄴 𑄥𑄧𑄟𑄧𑄠𑄴 𑄃𑄉𑄬 𑄃𑄬𑄎𑄮𑄇𑄴 ।,Present
জুনু মনে তো তোমার বুচি আসে না,𑄎𑄪𑄚𑄪 𑄟𑄧𑄚𑄧𑄖𑄴 𑄖𑄱 𑄝𑄪𑄌𑄴 𑄚𑄧 𑄃𑄬𑄎𑄬 ।,Present
সে নাাচাা লালকে মেলা দিে যা,𑄖𑄬 𑄚𑄚𑄠𑄚𑄴 𑄛𑄪𑄏𑄢𑄴 𑄢𑄋𑄢𑄬 𑄟𑄬𑄣 𑄘𑄨 𑄎𑄚𑄴𑄘𑄧 𑄌𑄠𑄴।,Present
লাল জ্যাকেটের জুনিে মনে টিক টিক দিতে পারে না,𑄢𑄋 𑄎𑄮𑄛𑄴 𑄎𑄪𑄚𑄪 𑄟𑄧𑄚𑄧 𑄖𑄨𑄢𑄌𑄴 𑄟𑄨𑄙𑄬 𑄘𑄨 𑄚𑄧 𑄛𑄢𑄬।,Present
লাল অক্ত অক্ত করে কথা বলে - কাজ করো নাকি,𑄢𑄋 𑄃𑄧𑄇𑄴𑄖𑄧 𑄃𑄧𑄇𑄴𑄖𑄧 𑄉𑄧𑄋𑄴 𑄘𑄬𑄊𑄬𑄃𑄨 𑄇𑄧𑄙𑄧 - 𑄇𑄟𑄴 𑄉𑄧𑄢𑄴 𑄚 !,Present
জুোটা চুপ করে থাকে,𑄎𑄪𑄪𑄚𑄪 𑄚𑄧 𑄟𑄙𑄨 𑄗𑄬𑄘𑄧।,Present
মনে মনে বলল- কাজ এত করতেছি কোনো সমে আসলাম না,𑄟𑄧𑄚𑄬 𑄟𑄧𑄚𑄬 𑄇𑄧𑄙𑄧 - 𑄇𑄟𑄴 𑄃𑄬𑄘𑄧𑄇𑄴 𑄉𑄧𑄢𑄴𑄣𑄧𑄁 𑄇𑄧𑄚𑄧 𑄃𑄝𑄨𑄣𑄬𑄘𑄧𑄖𑄴 𑄚𑄧 𑄃𑄬𑄣𑄧𑄁 ।,Past
সে আরও বলে-না কাজ আমাদের থেকে করে যেতে হবে,𑄎𑄬𑄢𑄬 𑄃𑄢𑄧 𑄇𑄧𑄙𑄧 - 𑄚 𑄇𑄟𑄴 𑄃𑄟𑄖𑄴𑄪𑄚𑄴 𑄉𑄧𑄢𑄨 𑄡 𑄛𑄧𑄢𑄨𑄝𑄧।,Future
ঢাকা এই মাঠে তারা একসাথে মিশে গেল,𑄔𑄇𑄖𑄴 𑄃𑄬 𑄞𑄨𑄘𑄨𑄢𑄬 𑄖𑄢 𑄥𑄧𑄟𑄢𑄬 𑄟𑄨𑄣𑄨𑄣𑄧 𑄟𑄧𑄋𑄴 ।,Past
সে-ও একটা দলের সাথে কথা বলতেছে,𑄖𑄬𑄃𑄨 𑄠𑄮 𑄃𑄬𑄇𑄴𑄇𑄧𑄎𑄚𑄴 𑄖𑄢 𑄥𑄧𑄟𑄢𑄬 𑄇𑄧𑄙 𑄟𑄬𑄣𑄚 𑄜𑄉𑄧𑄖𑄴 𑄥𑄧𑄟𑄨𑄘𑄧।,Present
তার দিলটা দিে অনেক অনেক ঝাু দো যা,𑄖 𑄘𑄨𑄣𑄴𑄠𑄚𑄴 𑄘𑄬𑄃𑄨𑄚𑄬 𑄃𑄧𑄇𑄴𑄖𑄧 𑄃𑄧𑄇𑄴𑄖𑄧 𑄎𑄪𑄚𑄪𑄢𑄴 𑄘𑄨𑄣𑄴 𑄝𑄢𑄨 𑄡𑄬𑄘𑄧।,Present
আমার সাথে অনেক কথা বলে -তোমরা জন মরা মরা হেছে বলে আমরা কি গরিব,𑄟𑄧𑄋𑄬 𑄃𑄧𑄇𑄴𑄖𑄧 𑄃𑄧𑄇𑄴𑄖𑄧 𑄇𑄧𑄙𑄧 - 𑄖𑄪𑄟𑄨 𑄎𑄧𑄚𑄩 𑄟𑄧𑄢 𑄟𑄧𑄢 𑄦𑄧 𑄥𑄣𑄬 𑄃𑄟𑄨 𑄇𑄨 𑄉𑄧𑄢𑄨𑄝𑄧𑄁।,Present
মলা কথা শুনে লাল জুনার কথা বলে।,𑄟𑄧𑄋𑄧 𑄇𑄧𑄙𑄚𑄩 𑄥𑄪𑄚𑄩𑄚𑄬 𑄢𑄋 𑄎𑄪𑄚𑄪𑄢𑄬 𑄇𑄧𑄙𑄧 - 𑄘𑄬𑄊𑄧𑄌𑄴!,Present
তোমাকে আমাকে শুধু সে দেখে না,𑄖𑄧𑄢𑄬 𑄟𑄧𑄢𑄬 𑄝𑄚 𑄖𑄬 𑄌𑄬𑄃𑄨 𑄚𑄧 𑄃𑄊𑄬 ।,Present
"ভাগ্য ভালো, ভাগ্য ভালো যেন তাাতাি আছে","𑄉𑄧𑄙 𑄥𑄧𑄟𑄌𑄴, 𑄉𑄧𑄙 𑄎𑄖𑄴 𑄡𑄬𑄚𑄬 𑄢𑄨𑄚𑄨 𑄌𑄬𑄃𑄩 𑄃𑄊𑄬।",Present
লাল কথা শুনে জুনু কথা বলে - হেছে,𑄢𑄋 𑄇𑄧𑄙 𑄥𑄪𑄚𑄨𑄚𑄬 𑄎𑄪𑄚𑄪 𑄇𑄧𑄙𑄧 - 𑄦𑄪𑄠𑄬 !,Present
আমরা না করলে কে আর উঠে আসবে,𑄃𑄟𑄨 𑄚𑄧 𑄉𑄧𑄢𑄴𑄣𑄬 𑄇𑄧𑄚𑄴𑄚 𑄃𑄢𑄴 𑄃𑄪𑄎𑄬𑄃𑄨 𑄃𑄬𑄝𑄧।,Future
তাদের কথা শুনে মনটা ভালো হ,𑄖𑄢 𑄇𑄧𑄙 𑄥𑄪𑄚𑄨 𑄟𑄧𑄋𑄬 𑄃𑄪𑄌𑄴𑄌𑄮 𑄦𑄧𑄘𑄧।,Present
"এক দিন যা,দুই দিন যা","𑄃𑄬𑄇𑄴 𑄘𑄨𑄚𑄴 𑄡𑄠𑄴, 𑄘𑄨 𑄘𑄨𑄚𑄴 𑄡𑄠𑄴।",Present
"লাল, জুনিে আর কাজ বাকি আছে","𑄢𑄋, 𑄎𑄪𑄚𑄪 𑄃 𑄟𑄧𑄋𑄧𑄢𑄴 𑄃𑄢𑄧 𑄇𑄟𑄴 𑄝𑄢𑄬।",Present
তাদের কাজ শেষ হ না,𑄖𑄢 𑄇𑄟𑄴 𑄃𑄧𑄚𑄴𑄎𑄪𑄢𑄴 𑄡𑄬𑄚𑄬 𑄚𑄧 𑄜𑄪𑄢𑄧𑄠𑄴।,Present
"এক বছর যাওা,দুই বছর যাওা","𑄃𑄬𑄇𑄴 𑄝𑄧𑄏𑄧𑄢𑄴 𑄡𑄠𑄴, 𑄘𑄨 𑄝𑄧𑄏𑄧𑄢𑄴 𑄡𑄠𑄴 ।",Present
অনেক বেশি তার ভাই থেকে সাহায্য আসে - তুমি বিেতে কি লেখাপা করো!,"𑄃𑄧𑄇𑄴𑄖𑄧 𑄃𑄧𑄇𑄴𑄖𑄧 𑄖 𑄞𑄬𑄃𑄨𑄝𑄮𑄖𑄴𑄪𑄚𑄴 𑄥𑄟𑄴𑄝𑄘𑄴 𑄃𑄬𑄎𑄬 - 𑄖𑄪𑄃𑄨 𑄝𑄨𑄣𑄬 𑄇𑄨 𑄣𑄬𑄊𑄛𑄧𑄢𑄖𑄴 𑄦𑄨𑄝𑄨𑄎𑄨𑄝𑄨, 𑄈𑄪𑄠𑄮𑄚𑄨 𑄉𑄧𑄢𑄧𑄌𑄴 !",Present
লেখা গুলো ভালো করে লিখো,𑄣𑄬𑄊𑄛𑄧𑄢𑄠𑄚𑄴 𑄉𑄧𑄟𑄬 𑄉𑄧𑄢𑄴।,Present
ভালো করে মানুষ হওা,𑄘𑄮𑄣𑄬 𑄃𑄉𑄬 𑄟𑄚𑄪𑄌𑄴 𑄦𑄧।,Present
"সে শুধু কাজ করে,একটু একটু করে",𑄖𑄬 𑄝𑄢 𑄇𑄟𑄴 ...... 𑄃𑄬𑄋𑄬𑄢𑄨 𑄃𑄬𑄋𑄬𑄢𑄨 𑄃𑄢𑄧 𑄞𑄣𑄧𑄇𑄴𑄇𑄚𑄨।,Present
জুনু মনে মনে পাহাের দিকে তাকিে আছে নাকি,𑄎𑄪𑄚𑄪 𑄟𑄧𑄚𑄬 𑄟𑄧𑄚𑄬 𑄟𑄪𑄢𑄮𑄖𑄴𑄛𑄧𑄢𑄨 𑄌𑄠𑄴 𑄚!,Present
লেখা পা তো আর পতেছে না,𑄣𑄬𑄊 𑄛𑄧𑄢𑄠𑄚𑄴 𑄘𑄧 𑄡𑄬 𑄥𑄬𑄢𑄴 𑄚𑄧 𑄛𑄧𑄢𑄬𑄢𑄴।,Present
অনেক অনেক জুনিে আবার ভাবে - এক ব ছেলে,𑄃𑄧𑄇𑄴𑄖𑄧 𑄃𑄧𑄇𑄴𑄖𑄧 𑄎𑄪𑄚𑄪 𑄃𑄢𑄧 𑄞𑄝𑄬 - 𑄃𑄬𑄇𑄴 𑄝𑄝𑄧𑄢𑄴 𑄛𑄱।,Present
দুই জনের দুই জন ছানা,𑄘𑄨𑄎𑄧𑄚𑄧𑄢𑄴 𑄘𑄨 𑄘𑄧𑄇𑄳𑄠 𑄌𑄨𑄙𑄬𑄌𑄧𑄌𑄴𑄎।,Present
আমি যেগুলো ভাবি-দাবা সেগুলো ভাবি না,𑄟𑄪𑄃𑄨 𑄡𑄨𑄠𑄚𑄨 𑄞𑄝𑄧𑄁 - 𑄘 𑄘 𑄥𑄨𑄠𑄚𑄨 𑄚𑄧 𑄞𑄝𑄬।,Present
"দুই জনের মন,ছোটগুলো যেন অনেক দূর","𑄘𑄨𑄎𑄧𑄚𑄧𑄢𑄴 𑄟𑄧𑄚𑄴, 𑄌𑄨𑄙𑄬 𑄜𑄢𑄧𑄇𑄴𑄇𑄚𑄴 𑄡𑄬𑄚𑄬 𑄞𑄣𑄧𑄇𑄴 𑄘𑄪𑄢𑄴।",Present
জুনু আর ভাবি - তার ভাই চামা নিে নাও,𑄎𑄪𑄚𑄪 𑄃𑄢𑄧 𑄞𑄝𑄨𑄘𑄧 - 𑄖 𑄘 𑄎𑄧𑄚𑄨 𑄌𑄉𑄪𑄢𑄨 𑄣𑄧𑄠𑄴।,Present
গ্রামের বািটা কে দেখবেন,𑄃𑄘𑄟𑄧𑄢𑄴 𑄊𑄧𑄢𑄴 𑄉𑄨𑄢𑄨𑄖𑄴𑄖𑄨 𑄇𑄧𑄚𑄴𑄚 𑄌𑄬𑄝𑄧।,Future
.অন্যের দোষ হনা সেটা মনে হ,𑄎𑄬𑄢𑄬 𑄦𑄪𑄌𑄴 𑄦𑄧𑄘𑄧 𑄚 𑄥𑄨𑄠𑄬𑄚𑄴 𑄞𑄝𑄨𑄝𑄢𑄴 𑄃𑄬𑄝𑄧 𑄃𑄧𑄇𑄴𑄖𑄧 𑄃𑄊𑄬।,Present
এক দিন বাি থেকে নাচতে নাচতে নর্তকীরা আসছে,𑄃𑄬𑄇𑄴 𑄘𑄨𑄚𑄴 𑄊𑄧𑄢𑄧𑄖𑄴𑄪𑄚𑄴 𑄥𑄟𑄴𑄝𑄖𑄴 𑄃𑄬𑄣𑄧 𑄃𑄧𑄚𑄪𑄣𑄮𑄃𑄨 𑄚𑄧𑄚𑄝𑄨𑄢𑄴 𑄟𑄬𑄣।,Present
জুনিে শুধু বািে যা,𑄎𑄪𑄚𑄪 𑄡𑄬𑄚𑄬 𑄡𑄘𑄨𑄟𑄘𑄨 𑄊𑄧𑄢𑄧𑄖𑄴 𑄡𑄠𑄴।,Present
.সাবানের ব্যাথা জুে জুে পলো,𑄥𑄟𑄴𑄝𑄖𑄴𑄖𑄚𑄴 𑄛𑄬𑄃𑄨𑄚𑄬 𑄎𑄪𑄚𑄪 𑄡𑄧𑄘𑄧𑄛𑄧𑄘𑄬 𑄘𑄨𑄎𑄬𑄖𑄴 𑄛𑄧𑄢𑄴𑄣𑄧।,Present
কি করা যা!,𑄇𑄨 𑄉𑄧𑄢 𑄡𑄠𑄴 𑄥𑄳𑄠𑄬!,Present
ভোটা চিন্তা করে কোনো কূল হলো না,𑄞𑄬𑄃𑄨𑄘𑄮 𑄞𑄝𑄨𑄚𑄬 𑄇𑄧𑄚𑄧 𑄢𑄳𑄦 𑄖𑄮𑄉𑄬 𑄚𑄧 𑄛𑄬𑄣𑄧।,Past
.অন্যরা মনে করে -মেলা না গেলে কথা নিচু করে থাকতে হবে,𑄎𑄬𑄢𑄬 𑄟𑄧𑄚𑄬 𑄉𑄧𑄢𑄴𑄣𑄧 - 𑄟𑄬𑄣𑄖𑄴 𑄚𑄧 𑄉𑄬𑄣𑄬 𑄇𑄧𑄙𑄖𑄴 𑄖𑄧𑄣𑄬 𑄉𑄧𑄢𑄨 𑄗 𑄛𑄧𑄢𑄨𑄝𑄧।,Future
মনের মিল হওা -মেলা যখন তখন ফিরে আসবে,𑄟𑄧𑄚𑄴𑄎𑄪𑄇𑄴 𑄉𑄧𑄢𑄴𑄣𑄧 - 𑄟𑄬𑄣𑄖𑄴 𑄡𑄬𑄃𑄨𑄚𑄬 𑄏𑄘𑄨𑄟𑄘𑄨 𑄜𑄨𑄢𑄨 𑄃𑄬𑄝𑄧𑄉𑄮𑄃𑄨।,Future
সামাজিক মানুষদের বললে কেউই সম্মত হ না,𑄥𑄧𑄟𑄎𑄳𑄠𑄠𑄪𑄚𑄧𑄢𑄬 𑄇𑄮𑄃𑄨 𑄌𑄬𑄣𑄧 𑄇𑄨𑄠𑄧𑄃𑄨 𑄥𑄋𑄬𑄖𑄴 𑄚𑄧 𑄦𑄧𑄚𑄴।,Present
যে দিন কালো হেছে গরীবের কোনো জো নেই,𑄡𑄬 𑄘𑄨𑄚𑄴 𑄇𑄣𑄴 𑄟𑄬𑄣 𑄦𑄪𑄌𑄴𑄱 𑄉𑄧𑄢𑄨𑄝𑄢𑄴 𑄇𑄧𑄚𑄧 𑄎𑄪 𑄚𑄬𑄃𑄨 ।,Present
মেলা দুই দিন আগে বািটা মাা দিল,𑄟𑄬𑄣 𑄘𑄨 𑄘𑄨𑄚𑄴 𑄃𑄉𑄬 𑄊𑄧𑄢𑄴 𑄟𑄧𑄇𑄳𑄠𑄬 𑄣𑄧𑄢𑄴 𑄘𑄨𑄣𑄧।,Past
"মনের মতো-চামা দিে থাক, দেখে বািটা নাও","𑄟𑄧𑄚𑄴𑄎𑄪𑄇𑄴 𑄉𑄧𑄢𑄴𑄣𑄧 - 𑄌𑄘𑄨𑄉𑄋𑄧𑄖𑄴 𑄃𑄬𑄃𑄨𑄚𑄬 𑄗𑄇𑄴, 𑄌𑄬𑄃𑄨 𑄊𑄧𑄢𑄴𑄟𑄧𑄇𑄳𑄠𑄬 𑄣𑄧𑄢𑄴 𑄘𑄨𑄝𑄧।",Present
দিন রাতের বেলা তাাতাি তাস খেলা ভালো না,𑄘𑄨𑄚𑄴 𑄇𑄣𑄧𑄢𑄴 𑄃𑄝𑄬𑄣𑄬𑄖𑄴 𑄖𑄳𑄠𑄬𑄚𑄴 𑄉𑄧𑄟𑄴 𑄚𑄧𑄠𑄴 ।,Present
.অন্যের দোষ শোনা যা,𑄃𑄧𑄚𑄴𑄎𑄪𑄢𑄴 𑄉𑄪𑄚𑄪𑄉𑄚 𑄥𑄪𑄚 𑄡𑄠𑄴।,Present
মনে হ না কুাগলির চামা দিে মানুষরা দৌাদৌি করছে,𑄟𑄧𑄚𑄬 𑄚𑄧 𑄇𑄪𑄃𑄨𑄠𑄳𑄠𑄉𑄧𑄢𑄨 𑄌𑄘𑄨𑄉𑄋𑄧 𑄟𑄧𑄇𑄳𑄠𑄬 𑄣𑄧𑄢𑄴 𑄘𑄨 𑄝𑄬𑄣𑄳𑄠 𑄝𑄬𑄣𑄳𑄠 𑄣𑄪𑄋𑄨𑄣𑄧।,Present
চাদিগাের পাশে পাঁচ জন চিনে সমে মিশে গেল,𑄌𑄘𑄨𑄉𑄋𑄧 𑄥𑄧𑄢𑄧𑄖𑄴 𑄛𑄌𑄴 𑄍𑄧 𑄎𑄧𑄚𑄴 𑄌𑄨𑄚𑄬 𑄥𑄧𑄟𑄎𑄳𑄠 𑄣𑄉𑄧𑄖𑄴 𑄛𑄬𑄃𑄨 𑄖𑄢 𑄥𑄧𑄟𑄢𑄬 𑄦𑄧𑄣𑄧𑄖𑄴 𑄉𑄬𑄣𑄧।,Past
. জুে লাফিে তারা যখন উপরে উঠলো,𑄎𑄪𑄚𑄪𑄢𑄬 𑄣𑄇𑄴 𑄛𑄬𑄃𑄨 𑄖𑄢 𑄡𑄧𑄘𑄧𑄛𑄧𑄘𑄬 𑄃𑄪𑄌𑄴𑄌𑄮 𑄦𑄧𑄣𑄇𑄴।,Past
.তারা কলা সে মেেরা চলে না,𑄖𑄢 𑄇𑄧𑄣𑄇𑄴 𑄥𑄬 𑄟𑄧𑄇𑄳𑄠𑄬 𑄉𑄢𑄨𑄊𑄧𑄢 𑄚𑄧 𑄌𑄧𑄣𑄬𑄢𑄴।,Present
বন্ধ হে আছে,𑄝𑄧𑄚𑄴 𑄦𑄮𑄃𑄨 𑄃𑄊𑄬।,Present
দুই এক দিন হলো সেটা,𑄘𑄨 𑄃𑄬𑄇𑄴 𑄘𑄨𑄚𑄴 𑄦𑄧𑄣𑄧 𑄥𑄨𑄠𑄚𑄴।,Past
কখন বন্ধ হ জানা যা না,𑄇𑄧𑄟𑄧𑄣𑄬 𑄈𑄪𑄣𑄧 𑄦𑄧𑄠𑄴 𑄇𑄪𑄠 𑄚𑄧 𑄡𑄠𑄴।,Present
যে দিনকাল তুমি যাও না,𑄡𑄬 𑄘𑄨𑄚𑄴𑄇𑄣𑄴 𑄖𑄪𑄃𑄨 𑄚𑄧 𑄡𑄬𑄃𑄨𑄌𑄴 !,Present
জোনাকির মনটাও একটু মরা মরা হলো,𑄎𑄪𑄚𑄪 𑄟𑄧𑄚𑄴𑄠𑄮 𑄃𑄬𑄇𑄴𑄇 𑄟𑄧𑄢 𑄟𑄧𑄢 𑄦𑄧𑄣𑄧।,Past
দুই একদিন দািে ঢাকা ফিরে আসলো,𑄘𑄨 𑄃𑄬𑄇𑄴𑄘𑄨𑄚𑄴 𑄗𑄬𑄃𑄨 𑄔𑄇𑄖𑄴 𑄜𑄨𑄢𑄨 𑄃𑄬𑄣𑄧 ।,Past
তার বন্ধুবান্ধবরা তাকে খুঁজতে খুঁজতে ক্লান্ত হেছে,𑄖 𑄥𑄧𑄟𑄎𑄳𑄠𑄠𑄪𑄚𑄬 𑄖𑄢𑄬 𑄡𑄘𑄨𑄡𑄘𑄨 𑄜𑄨𑄢𑄨 𑄃𑄬𑄖𑄴𑄖𑄬 𑄘𑄬𑄃𑄨𑄚𑄬 𑄃𑄬𑄇𑄴𑄇 𑄦𑄟𑄧𑄇𑄴 𑄦𑄧𑄣𑄇𑄴।,Present
.তার ফলে সব পোকামাকগুলো মারা যা,𑄎𑄬𑄢𑄬 𑄝𑄬𑄇𑄴𑄇𑄚𑄨 𑄎𑄪𑄚𑄪𑄖𑄴𑄪𑄚𑄴 𑄥𑄪𑄚𑄨𑄚𑄬 𑄟𑄳𑄦𑄬𑄖𑄴 𑄜𑄬𑄣𑄇𑄴।,Present
"এখানে মেলা না যাওা যা না,শুধু জোনাকির আলো হলো",𑄃𑄨𑄚𑄴𑄘𑄨 𑄟𑄬𑄣𑄖𑄴 𑄚𑄧 𑄡𑄬𑄃𑄨𑄚𑄬 𑄃𑄧𑄚𑄪 𑄎𑄪𑄚𑄪𑄢𑄬 𑄢𑄇𑄴 𑄦𑄮𑄃𑄨 𑄢𑄧𑄣𑄧।,Past
.মরা পোকা দুইটা ভেসে আছে।,𑄟𑄧𑄢 𑄜𑄬𑄘𑄬𑄢𑄉𑄧𑄢𑄨 𑄘𑄨 𑄞𑄬𑄃𑄨 𑄃𑄊𑄨।,Present
সে কেন এই পার্ল এগুলো চিন্তা করে না আর একটু বলি হলো,𑄖𑄬 𑄇𑄬𑄚𑄬 𑄚𑄧 𑄃𑄬𑄃𑄨 𑄛𑄢𑄴𑄣𑄧 𑄃𑄨𑄠𑄚𑄨 𑄞𑄝𑄨 𑄞𑄝𑄨 𑄃𑄧𑄚𑄪 𑄢𑄇𑄴𑄇𑄚𑄴 𑄃𑄢𑄧 𑄃𑄬𑄇𑄴𑄇 𑄝𑄧𑄣𑄨 𑄦𑄧𑄣𑄧।,Past
তার মা-বাবা তাকে বুঝালো,𑄖 𑄟-𑄝𑄝𑄬 𑄃𑄧𑄚𑄪𑄢𑄬 𑄝𑄪𑄏𑄬𑄣𑄇𑄴।,Past
অনুন বুঝল না,𑄃𑄧𑄚𑄪 𑄚𑄧 𑄝𑄪𑄏𑄨𑄣𑄧।,Past
অন কল - আক্কেল নাই,𑄃𑄧𑄚𑄪 𑄇𑄧𑄣𑄧 - 𑄃𑄇𑄴𑄇𑄧𑄣𑄴 𑄚𑄬𑄃𑄨 ।,Present
অব্য পদ,𑄃𑄨𑄚𑄴𑄎𑄬𑄝𑄴 𑄚𑄬𑄃𑄨।,Present
একটু একটু করে কথা বলে দিল,𑄃𑄬𑄋𑄬𑄢𑄨 𑄃𑄬𑄋𑄬𑄢𑄨 𑄞𑄧𑄎𑄚𑄴 𑄞𑄧𑄎𑄚𑄴 𑄇𑄧𑄙 𑄇𑄧𑄃𑄨 𑄃𑄩𑄣𑄴 𑄟𑄢𑄬𑄣𑄧।,Past
জুনু দুপা ফাঁক করে লুকিে আছে,𑄎𑄪𑄚𑄪 𑄘𑄨𑄚𑄴𑄘𑄧𑄇𑄴 𑄉𑄬𑄣𑄬 𑄌𑄨𑄘𑄨 𑄣𑄨𑄊𑄨 𑄎𑄚𑄬𑄣𑄧।,Present
তার বাবা মা কালো হেছে,𑄖 𑄝𑄛𑄴 𑄟 𑄇𑄧𑄣𑄇𑄴 𑄦𑄧𑄠𑄴 𑄘𑄧।,Present
"তার সামনে পে,এই গািটা কিভাবে আসবে","𑄖𑄢𑄴 𑄟𑄪𑄎𑄪𑄋𑄬 𑄛𑄧𑄢𑄨𑄇𑄴𑄈𑄬, 𑄃𑄨𑄚𑄴𑄘𑄨 𑄉𑄢𑄨𑄊𑄧𑄢 𑄝𑄧𑄚𑄴 𑄇𑄬𑄚𑄬 𑄃𑄬𑄝𑄧 ।",Future
অনুকল- রাত-দিন সংসার করতে তো সম থাকে,𑄃𑄧𑄚𑄪 𑄇𑄧𑄣𑄧 - 𑄢𑄬𑄎𑄳𑄠𑄧 𑄥𑄧𑄁𑄥𑄢𑄧 𑄇𑄟𑄚𑄨 𑄉𑄧𑄖𑄴𑄬 𑄘𑄧 𑄥𑄧𑄟𑄧𑄠𑄴 𑄗𑄠𑄴।,Present
ভাই-বোনের মধ্যে কেউ থাকে না,𑄞𑄬𑄃𑄨𑄠𑄮 𑄟𑄬𑄣 𑄈𑄘𑄬 𑄇𑄳𑄠 𑄚𑄧 𑄗𑄠𑄴!,Present
.অন্যের কথা শুনে তার বাবা মা কথা বলে না,𑄃𑄧𑄚𑄪 𑄇𑄧𑄙 𑄥𑄪𑄚𑄩𑄚𑄬 𑄖 𑄝𑄛𑄴 𑄟 𑄇𑄧𑄙 𑄚𑄧 𑄇𑄧𑄃𑄨 𑄎𑄪𑄢𑄧 𑄉𑄧𑄢𑄨 𑄢𑄧𑄣𑄇𑄴।,Present
.ন্যাকামো করে বাচ্চাদের ভুল ভেঙে দিতে চা,𑄚𑄧𑄚𑄝𑄨𑄠𑄮 𑄃𑄧𑄚𑄪𑄢𑄬 𑄞𑄪𑄣𑄴 𑄞𑄋𑄨 𑄘𑄨𑄝𑄢𑄴 𑄌𑄬𑄣𑄧।,Present
পাহা ভেঙে গেল,𑄃𑄧𑄚𑄪𑄢𑄴 𑄧 𑄞𑄋𑄨𑄣𑄧।,Past
ননদী মনে করল-দুই ভাগ গেলে তার রাক যেভাবে বাঁচবে সেভাবে হবে না,𑄚𑄧𑄚𑄝𑄨 𑄟𑄧𑄚𑄬 𑄟𑄧𑄚𑄬 𑄞𑄝𑄨𑄣𑄧 - 𑄘𑄨𑄚𑄴𑄘𑄧𑄇𑄴 𑄉𑄬𑄣𑄬 𑄖 𑄢𑄇𑄴 𑄡𑄬𑄇𑄳𑄠𑄬 𑄎𑄪𑄢𑄬𑄝𑄧 𑄥𑄬𑄇𑄳𑄠𑄬 𑄚𑄧 𑄦𑄧𑄣𑄬 𑄚𑄧 𑄦𑄧𑄝𑄧।,Future
.মেে দুই তিন মাস পরে নাচার জাগা গেল,𑄟𑄬𑄣 𑄘𑄨 𑄖𑄨𑄚𑄴 𑄟𑄥𑄴 𑄎𑄬𑄢𑄬 𑄃𑄧𑄚𑄪𑄣𑄮𑄃𑄨 𑄚𑄧𑄚𑄝𑄨 𑄃𑄧𑄚𑄪𑄢𑄴 𑄌𑄉𑄪𑄢𑄨 𑄎𑄉𑄖𑄴 𑄉𑄬𑄣𑄇𑄴𑄇𑄮𑄃𑄨।,Past
.যাওার সম পাহাের কাছের মেেকে কল দাও -পু!,𑄡𑄬𑄝𑄢𑄴 𑄇𑄘𑄣𑄳𑄠 𑄃𑄧𑄚𑄪 𑄟𑄝𑄱 𑄃𑄧𑄚𑄪𑄢𑄬 𑄇𑄧𑄣𑄧 - 𑄛𑄪𑄖𑄴!,Present
আমার সূর্য ডোবার সম,𑄃𑄟𑄢𑄴 𑄝𑄬𑄣𑄴 𑄦𑄣𑄬𑄠𑄳𑄠𑄬।,Present
কবে মরে যাবে কে জানে,𑄇𑄧𑄟𑄧𑄣𑄬 𑄟𑄧𑄢𑄨 𑄗𑄨𑄘𑄧 𑄚𑄬𑄃𑄨 ।,Future
. মরা আবর্জনা দুটি ভেসে আছে।,𑄟𑄧𑄢 𑄜𑄬𑄘𑄬𑄢𑄉𑄧𑄢𑄨 𑄘𑄨 𑄞𑄬𑄃𑄨 𑄃𑄊𑄧।,Present
একনাগাে ভাত খাওা,𑄃𑄧𑄚𑄪 𑄚𑄧 𑄟𑄙𑄨 𑄢𑄧𑄣𑄧।,Present
.অপদেবতা সেপটা লুকিে লুকিে লুকিে আছে,𑄃𑄧𑄚𑄪𑄘𑄊𑄨 𑄥𑄬𑄛𑄴𑄝𑄖𑄴𑄖 𑄣𑄮𑄃𑄨 𑄣𑄃𑄨 𑄡𑄬𑄇𑄳𑄠𑄬 𑄣𑄧𑄢𑄴 𑄘𑄨𑄣𑄇𑄴 𑄃𑄧𑄚𑄪 𑄟𑄝𑄱 𑄌𑄮𑄉𑄧 𑄛𑄚𑄨 𑄙𑄬𑄢𑄴𑄘𑄬𑄎𑄳𑄠𑄉𑄧𑄢𑄨 𑄌𑄬𑄃𑄨 𑄢𑄧𑄣𑄧।,Present
".জুনুরের অনার্স পরীক্ষা দিতে হবে,সাবাে পেে একেবারে ব হেছে","𑄎𑄪𑄚𑄪𑄢𑄴 𑄃𑄧𑄚𑄢𑄴𑄥𑄴 𑄛𑄧𑄢𑄨𑄇𑄴𑄈𑄬 𑄘𑄨𑄝𑄬 𑄎𑄬𑄢𑄴 𑄃𑄊𑄬, 𑄥𑄟𑄴𑄝𑄖𑄴 𑄛𑄬𑄣𑄧 𑄃𑄧𑄚𑄪 𑄇𑄃𑄨𑄇𑄪𑄢𑄬 𑄝𑄧𑄘𑄨𑄣𑄨 𑄦𑄪𑄠𑄳𑄠।",Present
মনে মনে খুশি হলো,𑄟𑄧𑄚𑄬 𑄟𑄧𑄚𑄬 𑄃𑄪𑄌𑄴𑄌𑄮 𑄦𑄧𑄣𑄧 ।,Past
জুে পেলে ঘুরতে পারবো এই ভাবতে ভাবতে মনটা উে উঠলো,𑄎𑄪 𑄛𑄬𑄣𑄬 𑄝𑄬𑄢𑄬𑄃𑄨 𑄛𑄢𑄨𑄟𑄴𑄝𑄮𑄃𑄨 𑄃𑄨𑄠𑄚𑄴 𑄞𑄝𑄨 𑄞𑄝𑄨 𑄟𑄧𑄚𑄚𑄴 𑄃𑄪𑄌𑄴𑄌𑄮 𑄦𑄮𑄃𑄨 𑄃𑄪𑄙𑄨𑄣𑄧।,Past
সমাজ থেকে কলা -কমে যাও,𑄥𑄧𑄟𑄎𑄳𑄠𑄠𑄪𑄚𑄬 𑄇𑄧𑄣𑄇𑄴 - 𑄇𑄧𑄟𑄧𑄣𑄬 𑄡𑄌𑄴 ।,Present
একা একা যা না,𑄉𑄃𑄨 𑄉𑄃𑄨 𑄚𑄧 𑄡𑄬𑄃𑄨𑄌𑄴 ।,Present
জুনু কল- দিন আসতেছে,𑄎𑄪𑄚𑄪 𑄇𑄧𑄣𑄧 - 𑄘𑄨𑄚𑄴 𑄃𑄬𑄎𑄮𑄇𑄴 ।,Present
জোনাকিরা অনার্স পরীক্ষা শেষ হে মাস তিনেক বিশ্রাম নিে গেল,𑄎𑄪𑄚𑄪𑄘𑄊𑄨 𑄃𑄧𑄚𑄢𑄴𑄥𑄴 𑄛𑄧𑄢𑄨𑄇𑄴𑄈𑄬 𑄗𑄪𑄟𑄴 𑄦𑄮𑄃𑄨𑄠𑄃𑄨 𑄟𑄥𑄴 𑄖𑄨𑄚𑄬𑄇𑄴 𑄝𑄨𑄘𑄨 𑄉𑄬𑄣𑄧।,Past
".গর্তে দোর সমে উঠল-মিটিং,মিটিং, লার সমে পুরো দোলটা দুলে উঠলো","𑄉𑄧𑄙 𑄘𑄬𑄥𑄴 𑄥𑄧𑄎𑄬𑄃𑄨 𑄃𑄪𑄙𑄨𑄣𑄧 -𑄟𑄨𑄑𑄨𑄁,𑄟𑄨𑄍𑄨𑄣𑄴, 𑄣𑄧𑄢𑄣𑄧𑄢𑄨, 𑄢𑄬𑄚𑄢𑄬𑄚𑄨𑄠𑄬 𑄉𑄧𑄘 𑄘𑄬𑄥𑄴 𑄙𑄪𑄣𑄮𑄟𑄪𑄣𑄮 𑄦𑄧𑄣𑄧।",Past
সব মেে মাা মাা করে তুমি কবে যাবে,𑄝𑄬𑄇𑄴 𑄟𑄚𑄴𑄎𑄳𑄠𑄧 𑄟𑄱𑄠𑄴 𑄟𑄱𑄠𑄴 𑄃𑄬𑄢𑄴𑄥𑄘𑄴 𑄖𑄪𑄃𑄨 𑄇𑄧𑄟𑄧𑄣𑄬 𑄡𑄬𑄝𑄬।,Future
কোন কিছু মানতে না পেরে রাষ্ট্রপতি এক দিন গদি থেকে নামলো,𑄇𑄧𑄚𑄧𑄇𑄴𑄇𑄚𑄴 𑄖𑄚𑄴 𑄚𑄧 𑄟𑄚𑄬𑄢𑄴 𑄘𑄬𑄃𑄨 𑄛𑄳𑄢𑄬𑄥𑄨𑄓𑄬𑄚𑄴𑄑𑄴 𑄃𑄬𑄢𑄴𑄥𑄘𑄴 𑄃𑄬𑄇𑄴 𑄘𑄨𑄚𑄴 𑄉𑄧𑄘𑄨𑄖𑄴𑄖𑄪𑄚𑄴 𑄣𑄟𑄨𑄣𑄧।,Past
"সারা দো উচ্চ,নানা স্বপ্নে দো উঠল","𑄥𑄢 𑄘𑄬𑄥𑄴 𑄃𑄪𑄌𑄴𑄌𑄮, 𑄚𑄱 𑄥𑄧𑄝𑄧𑄚𑄬 𑄘𑄬𑄥𑄴 𑄞𑄧𑄢𑄨 𑄃𑄪𑄙𑄨𑄣𑄧 ।",Past
পুরো দোল জুে পে গেল,𑄉𑄧𑄘 𑄘𑄬𑄥𑄴 𑄎𑄪𑄢𑄧 𑄦𑄮𑄃𑄨 𑄛𑄧𑄢𑄴𑄣𑄧।,Past
. পাচ ছ মাস পরে গাদা দো দো হলো,𑄛𑄌𑄴 𑄍𑄧 𑄟𑄥𑄴 𑄎𑄬𑄢𑄬 𑄉𑄘 𑄘𑄬𑄏𑄧𑄖𑄴 𑄚𑄨𑄢𑄴𑄝𑄥𑄧𑄚𑄴 𑄦𑄧𑄣𑄧।,Past
নাচা করে নিল,𑄚𑄱 𑄥𑄧𑄢𑄴𑄇𑄢𑄴 𑄈𑄬𑄟𑄧𑄖 𑄉𑄧𑄎𑄨 𑄣𑄧𑄣𑄧।,Past
রাস্তা দো হাত ধরা,𑄉𑄧𑄕𑄧𑄖𑄧𑄚𑄴𑄖𑄧𑄢𑄧 𑄛𑄧𑄙𑄧𑄖𑄴 𑄘𑄬𑄥𑄴 𑄦𑄙 𑄙𑄧𑄢𑄴𑄣𑄧।,Present
আমার গ্রামের মানুষরা চিন্তা করলো এবার ভালো করে আমাকে বোই করবে,𑄟𑄪𑄢𑄧 𑄝𑄳𑄦𑄟𑄧𑄢𑄴 𑄟𑄚𑄪𑄌𑄴𑄥𑄪𑄚𑄴 𑄞𑄝𑄨𑄣𑄇𑄴 𑄃𑄬𑄝𑄢𑄴 𑄎𑄧𑄚𑄨 𑄥𑄪𑄉𑄧 𑄘𑄨𑄚𑄪𑄚𑄴 𑄃𑄟𑄢𑄬 𑄝𑄬𑄢𑄬𑄃𑄨 𑄙𑄧𑄢𑄬।,Future
"দিন যাওা, মাস যাওার পর আমার মাের সংসারটা রে গেল","𑄘𑄨𑄚𑄴 𑄡𑄠𑄴, 𑄟𑄥𑄴 𑄡𑄠𑄴 𑄈𑄣𑄨𑄇𑄴 𑄟𑄪𑄢𑄧 𑄟𑄚𑄴𑄎𑄮𑄢𑄴 𑄥𑄧𑄝𑄧𑄚𑄴 𑄥𑄧𑄝𑄧𑄚𑄧𑄥𑄚𑄴 𑄢𑄮𑄃𑄨 𑄉𑄬𑄣𑄧।",Past
"আগের দিনের কথা বলতে বলতে - গ্রামের জাগা হারানো, পাখানা করা, পাখানা করা,তরকারি,তরকারি","𑄃𑄉𑄧 𑄘𑄨𑄚𑄧𑄥𑄚𑄴 𑄦𑄧𑄘𑄬 𑄦𑄧𑄘𑄬 - 𑄟𑄚𑄴𑄎𑄮𑄢𑄴 𑄎𑄉 𑄦𑄢𑄚, 𑄟𑄬𑄃𑄨𑄢𑄴 𑄈𑄚, 𑄛𑄧𑄢𑄚𑄴 𑄦𑄢𑄚, 𑄛𑄬𑄢𑄬𑄖𑄚𑄨, 𑄖𑄧𑄥𑄳𑄠 𑄗𑄨𑄘𑄨 𑄢𑄧𑄣𑄧।",Present
".মেেদের গোষ্ঠীটা আর থাকতে পারবে না,সোল করতে হবে","𑄟𑄪𑄢𑄧 𑄟𑄚𑄴𑄎𑄳𑄠𑄬 𑄞𑄝𑄨𑄣𑄇𑄴 𑄃𑄧𑄣𑄧𑄢𑄴 𑄃 𑄚𑄧 𑄗𑄬𑄝𑄧𑄁, 𑄥𑄮𑄣𑄴 𑄉𑄧𑄢 𑄛𑄧𑄢𑄨𑄝𑄧।",Future
আমাদের সাহায্য করতে হবে,𑄃𑄟 𑄃𑄪𑄖𑄴𑄖𑄨𑄟𑄪𑄖𑄴𑄖𑄨 𑄇𑄢𑄨 𑄣𑄮𑄃𑄨 𑄛𑄧𑄢𑄨𑄝𑄧।,Future
. ঢাকা ঘুরতে ঘুরতে মেেটা ব হ,𑄔𑄇𑄖𑄴 𑄛𑄧𑄢𑄴𑄝𑄱𑄣𑄧𑄉𑄬 𑄖𑄬𑄟𑄴𑄟𑄋𑄧𑄖𑄴 𑄝𑄧𑄣𑄇𑄴।,Present
পুরো দোলের মানুষরা আমাদের কথা শুনে যা - চুপ করে থাকে,𑄉𑄧𑄘 𑄘𑄬𑄏𑄧 𑄟𑄚𑄴𑄎𑄮𑄢𑄬 𑄃𑄟 𑄘𑄪𑄊𑄧 𑄇𑄧𑄙 𑄇𑄬𑄚𑄬 𑄣𑄪𑄋𑄬 𑄘𑄳𑄠𑄬 𑄡𑄠𑄴 - 𑄌𑄨𑄙𑄬 𑄉𑄧𑄢 𑄙𑄧𑄢𑄴𑄣𑄇𑄴।,Present
".সুগন্ধি হলো ঢাকা অন্ধকারে জিে দো মানুষ,পৃথিবীর মানুষ জানে না","𑄥𑄪𑄣𑄴𑄣𑄪𑄇𑄴 𑄦𑄧𑄣𑄧 𑄔𑄇 𑄢𑄌𑄴𑄛𑄧𑄖𑄴 𑄎𑄧𑄉 𑄥𑄮𑄣𑄴 𑄉𑄧𑄢𑄨 𑄉𑄧𑄢𑄨 𑄘𑄬𑄏𑄧 𑄟𑄚𑄴𑄎𑄮𑄢𑄬, 𑄛𑄨𑄖𑄴𑄗𑄨𑄟𑄨 𑄟𑄚𑄴𑄎𑄮𑄢𑄬 𑄎𑄚𑄬𑄃𑄨 𑄘𑄨𑄝𑄇𑄴।",Present
আমাদের সমস্যার কথা মানুষরা না জানলে আমাদের সুবিধা হবে না,𑄃𑄟 𑄘𑄪𑄊𑄧 𑄇𑄧𑄙 𑄟𑄚𑄴𑄎𑄮𑄢𑄬 𑄚𑄧 𑄎𑄚𑄬𑄣𑄬 𑄃𑄟𑄃𑄨𑄙𑄪 𑄃𑄟 𑄃𑄧𑄙𑄨𑄇𑄢𑄴 𑄚𑄧 𑄣𑄪𑄋𑄨𑄝𑄧𑄉𑄨।,Future
বুদ্ধিরহিত মানুষের বল চাা হলো,𑄝𑄪𑄘𑄴𑄙𑄨𑄝𑄧𑄣 𑄟𑄚𑄴𑄎𑄮𑄢𑄴 𑄝𑄧𑄣𑄴 𑄌 𑄦𑄧𑄣𑄧।,Past
ভো কলা - যতক্ষনে ভালো হবে,𑄞𑄬𑄃𑄨𑄘𑄮 𑄇𑄧𑄣𑄇𑄴 - 𑄡𑄧𑄘𑄧𑄛𑄧𑄘𑄬 𑄉𑄧𑄟𑄴 𑄦𑄧𑄝𑄧।,Future
এক জাতী বুনো ফল,𑄞𑄬𑄃𑄨𑄘𑄮 𑄇𑄧𑄣𑄇𑄴 𑄛𑄪𑄖𑄴𑄣𑄧𑄇𑄴।,Present
"ভালো করে পতে হবে, লাল কালি পরতে হবে","𑄉𑄧𑄟𑄬 𑄛𑄧𑄢𑄧𑄉𑄮𑄃𑄨, 𑄢𑄋𑄇𑄣𑄨 𑄘𑄇𑄴 𑄛𑄧𑄢𑄨𑄝𑄧।",Future
.অপচে খেে নিও,𑄛𑄧𑄢𑄴𑄝𑄱𑄣𑄧𑄉𑄬 𑄚𑄧 𑄈𑄬𑄟𑄨𑄣𑄇𑄴।,Present
কলা - আমাদের থেকে সোল করতে হবে,𑄇𑄧𑄣𑄇𑄴 - 𑄃𑄟𑄖𑄴𑄪𑄚𑄴 𑄥𑄮𑄣𑄴 𑄉𑄧𑄢 𑄛𑄧𑄢𑄨𑄝𑄧।,Future
". খোলা ফাকিঁ,শির ফাকি দিে আমি খাবো না","𑄈𑄪𑄣𑄴 𑄜𑄘𑄮𑄇𑄴, 𑄥𑄨𑄢𑄬 𑄜𑄘𑄮𑄇𑄴 𑄃𑄟𑄨 𑄚𑄧 𑄈𑄬𑄟𑄨𑄝𑄧𑄁।",Future
এক জাতী মাছ,𑄎𑄪𑄚𑄴 𑄟𑄥𑄴।,Present
সে বছর কুা যাওা যা না,𑄥𑄬 𑄝𑄧𑄏𑄧𑄢𑄴 𑄇𑄪𑄠 𑄡𑄠𑄴 𑄉𑄧𑄢𑄧𑄟𑄴 𑄖𑄳𑄠𑄬𑄚𑄴 𑄚𑄧 𑄛𑄧𑄢𑄬।,Present
সারাদিন রাত হলো,𑄘𑄨𑄚𑄴 𑄖𑄢𑄨𑄇𑄴 𑄖𑄳𑄠 𑄦𑄧𑄣𑄧।,Past
জোনাকির কাজ-লবনাক্ত,𑄎𑄪𑄚𑄪𑄘𑄊𑄨𑄢𑄴 𑄇𑄟𑄴 - 𑄇𑄧𑄢𑄧𑄌𑄴 𑄝𑄢𑄨𑄣𑄧।,Present
উপরে মুখে পানি নাই করে দিন করে যা,𑄃𑄪𑄙𑄮𑄖𑄴 𑄟𑄱𑄖𑄴 𑄛𑄚𑄨 𑄚𑄬𑄃𑄨 𑄉𑄧𑄢𑄨 𑄘𑄨𑄚𑄴 𑄉𑄧𑄋𑄨 𑄡 𑄙𑄧𑄢𑄴𑄣𑄧।,Present
সবার মনে বল কাজ করতে হবে,𑄝𑄬𑄇𑄴𑄇𑄪𑄚𑄧𑄢𑄴 𑄟𑄧𑄚𑄧𑄖𑄴 𑄝𑄧𑄣𑄴 𑄇𑄟𑄴𑄠𑄚𑄴 𑄉𑄧𑄟𑄬 𑄥𑄨𑄢𑄬 𑄛𑄢𑄨𑄝𑄧𑄁!,Future
সে হেছে দিন এসেছে,𑄖𑄳𑄦𑄬 𑄦𑄪𑄠𑄳𑄠 𑄘𑄨𑄚𑄴 𑄃𑄬𑄣𑄧।,Present
হাজার হাজার লোক ঢাকা রাস্তা দিে দৌে যাচ্ছে,𑄦𑄎𑄢𑄴 𑄦𑄎𑄢𑄴 𑄦𑄘𑄧𑄘𑄧𑄚𑄴 𑄟𑄚𑄪𑄌𑄴 𑄔𑄇 𑄢𑄌𑄴𑄛𑄧𑄗𑄴 𑄞𑄬𑄃𑄨 𑄥𑄮𑄣𑄴 𑄉𑄧𑄢𑄨 𑄉𑄧𑄢𑄨 𑄦𑄘𑄧𑄘𑄧𑄚𑄴 ।,Present
তেপ তেপ ঘাম পরতেছে,𑄖𑄬𑄛𑄴 𑄖𑄬𑄛𑄴 𑄊𑄟𑄴 𑄏𑄧𑄢𑄬𑄢𑄴।,Present
"সব মানুষদের চোখে- মুখে আগুন পে অনেক দিন থাকে, দুঃখ নিে ভে উঠে","𑄝𑄬𑄇𑄴 𑄟𑄚𑄴𑄎𑄮 𑄌𑄮𑄉𑄮𑄖𑄴 - 𑄟𑄱𑄖𑄴 𑄡𑄬𑄚𑄬 𑄃𑄉𑄪𑄚𑄴 𑄎𑄧𑄣𑄨 𑄎𑄧𑄣𑄨 𑄞𑄣𑄧𑄇𑄴 𑄘𑄨𑄚𑄮𑄢𑄴 𑄢𑄇𑄴, 𑄘𑄪𑄇𑄴 𑄚𑄨𑄉𑄨𑄣𑄨 𑄞𑄧𑄚𑄴𑄞𑄧𑄚𑄬𑄃𑄨 𑄃𑄪𑄙𑄬𑄢𑄴 ।",Present
".সোল করে মাছ ধরার সম পালিে পালিে যাওার সম মুর্খ খেে পালিে যাওার জন্য পালিে যাওা হেছে, খুনিও!","𑄥𑄮𑄣𑄴 𑄉𑄧𑄢𑄨𑄠𑄳𑄠𑄬 𑄟𑄚𑄴𑄎𑄮𑄢𑄴 𑄖𑄝𑄪𑄣𑄬 𑄖𑄝𑄪𑄣𑄬 - 𑄟𑄪𑄢𑄴 𑄈𑄬𑄃𑄨 𑄛𑄧𑄖𑄴𑄖𑄧𑄚𑄴 𑄖𑄧𑄌𑄳𑄠𑄣𑄉𑄨𑄠𑄳𑄠𑄬, 𑄈𑄪𑄚𑄨𑄠𑄪𑄚𑄴 !",Present
সু সু করে মানুষরা কথা বলতে বলতে ক্লান্ত হেছে - যারা মলা করার সম আছে,𑄥𑄮𑄣𑄴 𑄉𑄧𑄢𑄨𑄠𑄳𑄠𑄬 𑄟𑄚𑄴𑄎𑄮𑄢𑄴 𑄇𑄧𑄙𑄚𑄨 𑄝𑄪𑄣𑄬𑄖𑄴 𑄦𑄮𑄃𑄨 𑄥𑄨𑄉𑄪𑄚𑄧𑄢𑄴 𑄝𑄪𑄇𑄴 𑄜𑄪𑄢𑄨 𑄘𑄬𑄢𑄴𑄣𑄮𑄃𑄨 - 𑄡𑄢 𑄟𑄚𑄴𑄎𑄮𑄢𑄴 𑄃𑄧𑄙𑄨𑄇𑄢𑄴 𑄇𑄢𑄨 𑄣𑄮𑄃𑄨 𑄖𑄧𑄎𑄨𑄟𑄴𑄛𑄪𑄢𑄧 𑄉𑄨𑄢𑄨𑄖𑄴𑄖𑄨 𑄉𑄧𑄢𑄨 𑄥𑄪𑄉𑄬 𑄘𑄨𑄚𑄴 𑄇𑄘𑄘𑄧𑄚𑄴।,Present
সূর্য ডোবার সম মাছের ঝাঁক দিে যখন ভালো লাগে,𑄎𑄪𑄚𑄪𑄢𑄴 𑄥𑄮𑄣𑄴 𑄉𑄧𑄢𑄨𑄠𑄳𑄠𑄬 𑄟𑄚𑄴𑄎𑄮𑄢𑄴 𑄏𑄇𑄴 𑄘𑄬𑄃𑄨𑄚𑄬 𑄡𑄧𑄘𑄧𑄛𑄧𑄘𑄬 𑄉𑄧𑄟𑄴 𑄣𑄉𑄬𑄢𑄴।,Present
হেঁটে হেঁটে বাতাস চাা এক মেে লেপ পে আছে,𑄦𑄖𑄴𑄖𑄬 𑄦𑄖𑄴𑄖𑄬 𑄝𑄬𑄉𑄧 𑄛𑄨𑄏𑄬𑄘𑄨 𑄎𑄪𑄚𑄪 𑄌𑄠𑄴 𑄘𑄬 𑄌𑄮𑄖𑄴𑄘𑄧- 𑄛𑄧𑄚𑄴𑄘𑄧𑄢𑄧 𑄝𑄧𑄠𑄧𑄌𑄳𑄠 𑄃𑄬𑄇𑄴 𑄟𑄨𑄣𑄬 𑄣𑄬𑄟𑄴 𑄛𑄧𑄢𑄨 𑄃𑄊𑄬।,Present
তাকে দেখে জোনাকির মতো কাজ করতে হেছে,𑄖𑄢𑄬 𑄘𑄬𑄃𑄨𑄚𑄬 𑄎𑄪𑄚𑄪𑄢𑄴 𑄛𑄧𑄢𑄚𑄴𑄠𑄚𑄴 𑄇𑄟𑄬𑄢𑄬𑄃𑄨 𑄃𑄪𑄙𑄨𑄣𑄧 ।,Present
মেেটা শাক-পাতা দিে সুন্দর হবে,𑄟𑄨𑄣𑄬𑄝𑄱 𑄥𑄌𑄴-𑄛𑄧𑄏𑄇𑄴 𑄘𑄬𑄃𑄨𑄚𑄬 𑄎𑄪𑄚𑄪𑄢𑄴 𑄟𑄧𑄚𑄬 𑄦𑄧𑄣𑄧 - 𑄈𑄨𑄣𑄧 𑄞𑄨𑄘𑄨𑄢𑄬 𑄇𑄧𑄚𑄧 𑄃𑄘𑄟𑄧𑄢𑄴 𑄦𑄧𑄝𑄧।,Future
সদালাপী মানুষদেরকে কে চে,𑄥𑄧𑄘𑄥𑄧𑄘𑄨 𑄟𑄚𑄴𑄎𑄮𑄠𑄴 𑄇𑄢𑄬 𑄇𑄧𑄚𑄴𑄚 𑄌𑄢𑄴।,Present
জুনু চাা দিে মেেটা শুে গেছে,𑄎𑄪𑄚𑄪 𑄌𑄠𑄴 𑄘𑄬 𑄟𑄨𑄣𑄬𑄝𑄱 𑄊𑄟𑄬 𑄝𑄪𑄢𑄨 𑄡𑄨𑄃𑄨𑄠𑄳𑄠𑄬।,Present
পাহাি পারে না তোমার পাে দৌাদৌি করতে পারে -মানি না,𑄦𑄘𑄨 𑄚𑄧 𑄛𑄢𑄬𑄢𑄴 𑄖𑄱 𑄥𑄮𑄣𑄴 𑄉𑄧𑄢𑄨 𑄉𑄧𑄢𑄨 𑄎𑄧𑄉𑄢𑄴 𑄛𑄢𑄬𑄢𑄴 - ...𑄟𑄚𑄨 𑄚 ।,Present
"১. বিশ্বাস করা, ২. বিশ্বাস করা",𑄟𑄚𑄴𑄝𑄮 𑄚।,Present
১. দিতে হবে ২. দিতে হবে,𑄘𑄨𑄖𑄬 𑄦𑄧𑄝𑄬 ...𑄘𑄨𑄖𑄬 𑄦𑄧𑄝𑄬।,Future
হাত উপরের দিকে দিে দৌে আসা,𑄦𑄖𑄴 𑄃𑄪𑄞𑄧𑄉𑄧𑄢𑄨 𑄛𑄨𑄎𑄬 𑄛𑄨𑄎𑄬 𑄦𑄙𑄨 𑄃𑄬𑄎𑄬𑄢𑄴 ।,Present
ঝগাটে ভালো লাগতেছে,𑄎𑄪𑄚𑄪𑄢𑄴 𑄡𑄧𑄘𑄧𑄛𑄧𑄘𑄬 𑄉𑄧𑄟𑄴 𑄣𑄉𑄨𑄣𑄧।,Present
মনে মনে জুনু চিন্তা করলো- আমাদের মনের ইচ্ছাটা এত দিনে পাখানা করে দিবো,𑄟𑄧𑄚𑄬 𑄟𑄧𑄚𑄬 𑄎𑄪𑄚𑄪 𑄞𑄝𑄨𑄣𑄧 - 𑄃𑄟 𑄟𑄧𑄚𑄧 𑄃𑄉𑄧𑄚𑄚𑄴 𑄃𑄬𑄘𑄧𑄇𑄴 𑄘𑄨𑄚𑄬 𑄖𑄳𑄦𑄬 𑄥𑄧𑄘𑄬𑄥𑄧𑄖𑄴 𑄟𑄚𑄴𑄎𑄮 𑄟𑄧𑄚𑄧𑄖𑄴 𑄛𑄢𑄴 𑄉𑄧𑄢𑄨 𑄘𑄨 𑄛𑄢𑄨𑄣𑄧𑄁।,Future
হাজার হাজার মানুষ একটার পর আরেকটা পথে যেতে পারবে না,𑄦𑄎𑄢𑄴 𑄦𑄎𑄢𑄴 𑄟𑄚𑄪𑄌𑄴 𑄃𑄨𑄇𑄳𑄠𑄬𑄉𑄧𑄢𑄨 𑄎𑄉𑄨𑄣𑄬 .....𑄖𑄪𑄟𑄨 𑄙𑄬𑄝𑄢𑄴 𑄛𑄧𑄖𑄴 𑄎 𑄖𑄮𑄉𑄬𑄃𑄨 𑄚𑄧 𑄛𑄬𑄝 ।,Future
জুু মেেটা কে কল -এই যে বোন,𑄎𑄪𑄚𑄪 𑄟𑄨𑄣𑄬𑄝𑄱 𑄇𑄃𑄨 𑄇𑄧𑄣𑄧 - 𑄃𑄠𑄴 𑄃𑄠𑄴 𑄝𑄮𑄚𑄴।,Present
তোমাকে দেখে ভ পেলাম,𑄖𑄧𑄢𑄬 𑄘𑄬𑄃𑄨𑄚𑄬 𑄎𑄧𑄝𑄧𑄢𑄴 𑄃𑄪𑄌𑄴𑄌𑄮 𑄦𑄧𑄣𑄪𑄁 ।,Past
.মেেটা আবার সেই দুষ্টামি করতে করতে চলে আসলো,𑄟𑄩𑄣𑄬𑄝𑄱 𑄃𑄢𑄧 𑄥𑄬 𑄎𑄧𑄉𑄢𑄴 𑄛𑄢𑄨 𑄛𑄢𑄨 𑄥𑄮𑄣𑄴 𑄉𑄧𑄢𑄨 𑄉𑄧𑄢𑄨 𑄎𑄪𑄚𑄪 𑄇𑄃𑄨 𑄃𑄬𑄣𑄧।,Past
জুার লুাটা আবার গরম হে উঠল,𑄎𑄪𑄚𑄪𑄢𑄴 𑄣𑄪𑄠𑄠𑄚𑄴 𑄃𑄢𑄧 𑄡𑄬𑄚𑄬 𑄉𑄧𑄢𑄧𑄟𑄴 𑄦𑄮𑄃𑄨 𑄃𑄪𑄙𑄨𑄣𑄧 ।,Past
জোনাকির আলো পোহা - বোন,𑄎𑄪𑄚𑄪 𑄛𑄪𑄏𑄢𑄴 𑄉𑄧𑄢𑄴𑄣𑄧 - 𑄝𑄮𑄚𑄴 ।,Present
তোমার নাম কি?,𑄖𑄧 𑄚𑄋𑄚𑄴 𑄇𑄨 ?,Present
এক জাতী বুনো ফল,𑄥𑄧𑄚𑄝𑄩।,Present
কোথায় তোমার বাি,𑄇𑄪𑄙𑄪 𑄖𑄧 𑄊𑄧𑄢𑄴?,Present
১. বানর ২. বানর,𑄝𑄚𑄴𑄘𑄧𑄢𑄴𑄇𑄝।,Present
কোথা সেটা?,𑄇𑄪𑄙𑄪 𑄥𑄨𑄠𑄚𑄴?,Present
মেেটা জোপ ফিরল,- 𑄟𑄨𑄣𑄬𑄝𑄱 𑄎𑄮𑄛𑄴 𑄜𑄨𑄢𑄬𑄣𑄧।,Past
"১. বাহ্, বাহ্! ২. বাহ্!",𑄝𑄳𑄦!,Present
এখান থেকে তুমি,𑄃𑄬𑄖𑄴𑄘𑄪𑄢𑄧𑄖𑄴𑄖𑄪𑄚𑄴 𑄖𑄪𑄃𑄨 ।,Present
জুনিে যে কল দিে পালিে উঠল,𑄎𑄪𑄚𑄪 𑄡𑄬𑄇𑄳𑄠𑄬 𑄇𑄧𑄣𑄧 - 𑄥𑄧𑄚𑄝𑄨 𑄟𑄪 𑄝𑄬𑄉𑄬𑄘𑄬𑄃𑄨 𑄦𑄏𑄨 𑄃𑄪𑄙𑄨𑄣𑄧 ।,Past
সে সাবান দিে অনেক কথা বলতেছে,𑄎𑄬𑄢𑄬 𑄥𑄧𑄚𑄝𑄨𑄣𑄮𑄃𑄨 𑄎𑄪𑄚𑄪𑄢𑄴 𑄞𑄣𑄧𑄇𑄴𑄇𑄚𑄨 𑄇𑄧𑄙 𑄇𑄪𑄠𑄝𑄪𑄣𑄧 𑄦𑄧𑄣𑄧।,Present
জুনু কল -কোন দিন যাওা যা তোমার বানরের খাঁচাটা ভালো করে ঘুরে দেখে আসবো,𑄎𑄪𑄚𑄪 𑄇𑄧𑄣𑄧 - 𑄇𑄧𑄚𑄧 𑄘𑄨𑄚𑄴 𑄎𑄧𑄚𑄨 𑄡𑄁 𑄖𑄧𑄟 𑄝𑄚𑄴𑄘𑄧𑄢𑄴𑄇𑄝 𑄍𑄧𑄢𑄠𑄚𑄴 𑄉𑄧𑄟𑄬 𑄝𑄬𑄢𑄬𑄃𑄨 𑄌𑄬𑄃𑄨 𑄃𑄬𑄃𑄨𑄟𑄴 ।,Future
মুক্তাঙ্গনে এই সোল করা সভা হলো,𑄟𑄪𑄇𑄴𑄖𑄧𑄟𑄧𑄚𑄴𑄌𑄧𑄖𑄴 𑄃𑄬𑄃𑄨 𑄥𑄮𑄣𑄴 𑄉𑄧𑄢𑄚 𑄥𑄧𑄞 𑄦𑄧𑄣𑄧।,Past
.মিে লাফিে লাফিে সোল করা চলতেছে।,𑄟𑄃𑄨𑄇𑄴 𑄜𑄘𑄬 𑄜𑄘𑄬 𑄥𑄮𑄣𑄴 𑄉𑄧𑄢𑄚 𑄌𑄧𑄣𑄬𑄢𑄴।,Present
হাজার হাজার মানুষ বই পতেছে,𑄦𑄎𑄢𑄴 𑄦𑄎𑄢𑄴 𑄟𑄚𑄴𑄎𑄳𑄠𑄬 𑄝𑄮𑄃𑄨 𑄝𑄮𑄃𑄨 𑄥𑄪𑄚𑄪𑄘𑄧𑄚𑄴।,Present
জোনাকির আলো অনেক ভালো লাগে,𑄎𑄪𑄚𑄪𑄖𑄴𑄪𑄚𑄴 𑄡𑄧𑄘𑄧𑄛𑄧𑄘𑄬 𑄉𑄧𑄟𑄴 𑄣𑄉𑄬𑄢𑄴।,Present
".আঁকা,ঘুর্ণিবাি,রুা,খাওা পাহাের মধ্য দিে জুনিে মনটা উে উঠলো","𑄇𑄮𑄚, 𑄊𑄮𑄚, 𑄢𑄪𑄈𑄳𑄠𑄋𑄧 𑄥𑄬𑄢𑄬 𑄟𑄚𑄴𑄎𑄮𑄢𑄴 𑄥𑄮𑄣𑄴 𑄉𑄧𑄢𑄚 𑄘𑄬𑄃𑄨 𑄎𑄪𑄚𑄪 𑄟𑄧𑄚𑄚𑄴 𑄃𑄪𑄌𑄴𑄌𑄮 𑄦𑄮𑄃𑄨 𑄃𑄪𑄙𑄨𑄣𑄧।",Past
সভা যে শেষ হেছে সনাবিকে তাাতাি খুঁজে পেল না,𑄥𑄧𑄞 𑄡𑄬𑄇𑄳𑄠𑄬 𑄗𑄪𑄟𑄴 𑄦𑄧𑄣𑄧 𑄥𑄧𑄚𑄝𑄨𑄢𑄬 𑄎𑄪𑄚𑄪 𑄖𑄧𑄉𑄬𑄃𑄨 𑄥𑄪𑄇𑄴 𑄚𑄧 𑄛𑄬𑄣𑄧 ।,Past
.সমান মাছের ঝাঁকের মধ্যে কোথা গিে গেল কেও জানে না,𑄥𑄧𑄥𑄉𑄧𑄢𑄴 𑄟𑄚𑄴𑄎𑄳𑄠𑄧 𑄥𑄧𑄟𑄢𑄬 𑄇𑄪𑄙𑄪 𑄟𑄨𑄣𑄬𑄃𑄨 𑄉𑄬𑄣𑄧 𑄇𑄮𑄃𑄨 𑄚𑄧 𑄛𑄣𑄴𑄣𑄧 𑄎𑄪𑄚𑄪।,Past
.তরকারি না পেে মনটা একটু কান্না করতেছে,𑄖𑄧𑄉𑄬𑄃𑄨 𑄖𑄴 𑄚𑄧 𑄛𑄬𑄃𑄨 𑄎𑄪𑄚𑄪𑄢𑄴 𑄟𑄧𑄚𑄚𑄴 𑄃𑄬𑄇𑄴𑄇 𑄇𑄬𑄎𑄚𑄴 𑄇𑄬𑄎𑄚𑄴 𑄣𑄉𑄨𑄣𑄧।,Present
সব কাজ শেষ হলে জুনিে বািতে ফিরে আসলো,𑄝𑄬𑄇𑄴 𑄇𑄟𑄴 𑄥𑄨𑄢𑄴 𑄉𑄬𑄣𑄬 𑄎𑄪𑄚𑄪 𑄢𑄪𑄟𑄧𑄖𑄴 𑄜𑄨𑄢𑄨 𑄃𑄬𑄣𑄧।,Past
জুনু মনে দুইটা নাটের বারি খেে এসেছে - সনাবি এ বানর,𑄎𑄪𑄚𑄪 𑄟𑄧𑄚𑄧𑄖𑄴 𑄃𑄧𑄚𑄴𑄎𑄪𑄢𑄴 𑄘𑄨𑄠𑄚𑄴 𑄚𑄋𑄴 𑄝𑄢𑄨 𑄈𑄬𑄃𑄨 𑄈𑄬𑄃𑄨 𑄃𑄬𑄎 𑄙𑄧𑄎𑄳𑄠 - 𑄥𑄧𑄚𑄝𑄨 𑄃 𑄝𑄚𑄴𑄘𑄧𑄢𑄴𑄇𑄝।,Present
জুনিে অনার্স পাশ করে এখন ভর্তি হলো,𑄎𑄪𑄚𑄪 𑄃𑄧𑄚𑄢𑄴𑄥𑄴 𑄛𑄥𑄴𑄉𑄧𑄢𑄨 𑄃𑄬𑄟𑄴. 𑄃𑄬. 𑄞𑄧𑄖𑄴𑄖𑄨 𑄦𑄧𑄣𑄧।,Past
"মনে হ, মনে হ মনে সম ঘুরতে যাওা","𑄟𑄧𑄚𑄬, 𑄟𑄧𑄚𑄬 𑄞𑄝𑄨𑄣𑄧 𑄃𑄧𑄚𑄪𑄘𑄊𑄨𑄃𑄨𑄙𑄪 𑄝𑄬𑄢 𑄡 𑄡𑄠𑄴 𑄇𑄨𑄚।",Present
অনেক দিন থেকে দুইটা ভাই দেখতেছি,𑄞𑄣𑄧𑄇𑄴𑄘𑄨𑄚𑄴 𑄥𑄧𑄁 𑄘𑄨 𑄞𑄬𑄃𑄨𑄠𑄧𑄢𑄴 𑄘𑄬𑄊𑄘𑄬𑄊𑄨 𑄚𑄬𑄃𑄨 ।,Present
এক জাতী কচু,𑄦𑄧𑄣𑄬 𑄘𑄬𑄣𑄬 𑄃𑄧𑄚𑄪 𑄞𑄢𑄨 𑄈𑄪𑄏𑄨 𑄦𑄧𑄝𑄧।,Present
এক দিন লাল করে পুরে গেল,𑄃𑄬𑄇𑄴 𑄘𑄨𑄚𑄴 𑄢𑄋𑄣𑄮𑄃𑄨 𑄛𑄪𑄢𑄴 𑄝𑄚𑄨 𑄉𑄬𑄣𑄇𑄴।,Past
.নন্যে জুে দো যতগুলো ছিদ্র হেছে,𑄚𑄧𑄚𑄝𑄨 𑄎𑄪𑄚𑄪𑄢𑄬 𑄘𑄬𑄃𑄨𑄚𑄬 𑄡𑄧𑄘𑄧𑄛𑄧𑄘𑄬 𑄈𑄪𑄏𑄨 𑄦𑄧𑄣𑄧।,Present
কি মানিব্যাগে ভ পাওা যা না,𑄇𑄨 𑄣𑄮𑄝𑄨𑄠𑄧𑄖𑄴 𑄉𑄧𑄢𑄨𑄝𑄧 𑄇𑄮𑄃𑄨 𑄚𑄧 𑄛𑄢𑄴𑄣𑄧।,Present
খালি পাে কাজ করতে করতে কোমর বাঁকা হেছে,𑄈𑄣𑄨𑄇𑄴 𑄎𑄬𑄢𑄬 𑄎𑄚𑄨𑄣𑄇𑄴 𑄃𑄧𑄚𑄪 𑄇𑄟𑄬 𑄘𑄪𑄢𑄮𑄖𑄴 𑄡𑄬𑄃𑄨 𑄛𑄨𑄠𑄬।,Present
.ফিরতে দুই দিন লাগবে।,𑄜𑄨𑄖𑄴𑄖𑄬 𑄘𑄨 𑄃𑄬𑄇𑄴𑄘𑄨𑄚𑄴 𑄎𑄬𑄢𑄴 𑄦𑄧𑄝𑄧 ।,Future
জুনু তার দাঁত না থাকা মনে মনে বলল-দুই বো দেখিও না,𑄎𑄪𑄚𑄪 𑄖 𑄘 𑄚𑄧 𑄗𑄚𑄠𑄴 𑄟𑄧𑄚𑄬 𑄟𑄧𑄚𑄬 𑄞𑄝𑄨𑄣𑄧 - 𑄘𑄨 𑄞𑄬𑄃𑄨𑄠𑄳𑄠 𑄘𑄬𑄊 𑄘𑄬𑄊𑄨 𑄚𑄧 𑄦𑄧𑄣𑄧𑄁𑄉𑄬 𑄃𑄃𑄨 ।,Past
নানি জুনিে কল - তোমার দা তো তোমার সাথে লেগে আছে,𑄚𑄧𑄚𑄝𑄨 𑄎𑄪𑄚𑄪𑄢𑄬 𑄇𑄧𑄣𑄧 - 𑄖𑄧 𑄘 𑄘𑄧 𑄖𑄧𑄢𑄬 𑄞𑄧𑄎𑄚𑄴 𑄈𑄨𑄎𑄨 𑄃𑄊𑄬!,Present
.স্বামী-স্ত্রী একসাথে নেওা যা না,𑄚𑄧𑄚𑄝𑄨 𑄎𑄮𑄛𑄴 𑄘𑄨𑄣𑄧 𑄖𑄪𑄃𑄨 𑄇𑄧𑄚𑄧 𑄥𑄟𑄴𑄝𑄖𑄴 𑄚𑄧 𑄣𑄧𑄌𑄴।,Present
এই কাজটা সেই করে দিন ফেলা,𑄃𑄬𑄃𑄨 𑄇𑄟𑄴 𑄥𑄬𑄃𑄨 𑄉𑄧𑄢𑄨 𑄘𑄨𑄚𑄴 𑄜𑄬𑄣𑄌𑄴।,Present
তোমার দাঁতগুলো একটু বেশি পরতেছে না,𑄖𑄧 𑄘 𑄥𑄨𑄠𑄚𑄨𑄣𑄮𑄃𑄨 𑄃𑄬𑄇𑄴𑄇 𑄝𑄬𑄌𑄴 𑄚𑄧 𑄛𑄧𑄢𑄬।,Present
জোনাকির আলো আঁধারি,𑄎𑄪𑄚𑄪 𑄇𑄧𑄣𑄧 𑄝𑄪𑄎𑄨।,Present
খরা তো করতেছে না,𑄈𑄧𑄢𑄛𑄴 𑄘𑄧 𑄚𑄧 𑄉𑄧𑄢𑄧𑄋𑄧𑄢𑄴।,Present
তুমি দাদুকে একটু বুঝছো,𑄖𑄪𑄃𑄨 𑄘 𑄢𑄬 𑄃𑄬𑄇𑄴𑄇 𑄝𑄪𑄏𑄬𑄌𑄴 ।,Present
পাখানা করলে কি বুঝা যা না,𑄟𑄪𑄃𑄨 𑄝𑄪𑄏𑄬𑄣𑄬 𑄇𑄨 𑄝𑄪𑄏𑄬𑄘𑄬 𑄚𑄬।,Present
তোরা যাওার সম আকাশটাকে শান্ত করো-নানি জাগা কল,𑄖𑄪𑄃𑄨 𑄡𑄘𑄨𑄟𑄘𑄨 𑄚𑄨𑄏𑄧𑄢𑄬 𑄗𑄨𑄘𑄧 𑄉𑄧𑄢𑄴 - 𑄚𑄧𑄚𑄝𑄨 𑄎𑄪𑄚𑄪𑄢𑄬 𑄇𑄧𑄣𑄧।,Present
শীতকালে না মাটিতে থাকার জন্য নানিদের কল তুমি ভালো করে চিবিেছ,𑄎𑄪𑄚𑄪𑄢𑄬 𑄚𑄧 𑄟𑄙𑄨 𑄗𑄬𑄝𑄢𑄴 𑄘𑄬𑄃𑄨𑄚𑄬 𑄚𑄧𑄚𑄝𑄨 𑄇𑄧𑄣𑄧 𑄖𑄪𑄃𑄨 𑄉𑄧𑄟𑄬 𑄌𑄨𑄙𑄬 𑄉𑄧𑄢𑄨𑄌𑄴!,Present
.না হলে একদিন পথ হবে,𑄚𑄧 𑄦𑄧𑄣𑄬 𑄃𑄬𑄇𑄴𑄘𑄨𑄚𑄴 𑄛𑄧𑄖𑄳𑄠𑄧𑄝𑄬।,Future
.নানি কথা জুে কানে বারি দিল,𑄚𑄧𑄚𑄝𑄨 𑄇𑄧𑄙𑄠𑄚𑄴 𑄎𑄪𑄚𑄪 𑄇𑄚𑄧𑄖𑄴 𑄉𑄧𑄟𑄬 𑄝𑄢𑄨 𑄘𑄨𑄣𑄧।,Past
.মেেটি পে দেখল এটা বুঝা যা না,𑄟𑄪𑄢𑄧𑄖𑄴 𑄛𑄧𑄢𑄨 𑄢𑄨𑄚𑄨 𑄌𑄬𑄃𑄨 𑄝𑄪𑄏𑄨𑄣𑄧 𑄃𑄨𑄠𑄚𑄴 𑄝𑄪𑄎𑄨 𑄇𑄧𑄙 𑄚𑄧𑄠𑄴।,Past
দািঁা কথা,𑄘 𑄇𑄧𑄙।,Present
দুই এক রাত থেকে জোনাকিরা লাল ফিরে আসলো,𑄘𑄨 𑄃𑄬𑄇𑄴 𑄢𑄬𑄃𑄨𑄖𑄴 𑄗𑄬𑄃𑄨 𑄎𑄪𑄚𑄪𑄣𑄮𑄃𑄨 𑄢𑄋 𑄜𑄨𑄢𑄨 𑄃𑄬𑄣𑄇𑄴।,Past
জুনিে এত ব করে মন মরা হে বাসে উঠল,𑄎𑄪𑄚𑄪 𑄃𑄬𑄖𑄴𑄖𑄬 𑄃𑄬𑄖𑄴𑄖𑄬 𑄟𑄧𑄚𑄴 𑄟𑄧𑄢 𑄦𑄮𑄃𑄨 𑄝𑄥𑄧𑄖𑄴 𑄚𑄚𑄠𑄚𑄴 𑄟𑄧𑄚𑄧𑄖𑄴 𑄖𑄪𑄣𑄨 𑄖𑄪𑄣𑄨 𑄃𑄬𑄣𑄧।,Past
পাহাে আসা যাওার সম তার জীবনে কী হবে কে জানে,𑄟𑄪𑄎𑄪𑄋𑄬 𑄃𑄬𑄟𑄴. 𑄃𑄬. 𑄛𑄧𑄢𑄨𑄇𑄴𑄈𑄬 𑄖 𑄎𑄬𑄢𑄬 𑄎𑄩𑄁𑄇𑄚𑄨𑄠𑄚𑄴 𑄇𑄨 𑄦𑄧𑄝𑄧 𑄢𑄨𑄚𑄨 𑄌𑄬𑄃𑄨 𑄇𑄪𑄣𑄴 𑄚𑄧 𑄜𑄬𑄣𑄧।,Future
জুনু পাহাে পিে দেখে মনে হ যে বাচ্চাটা ভুল করেছে একদিন ভে মারা যা,𑄎𑄪𑄚𑄪 𑄟𑄪𑄢𑄮𑄖𑄴 𑄛𑄧𑄢𑄨 𑄢𑄨𑄚𑄨 𑄌𑄬𑄃𑄨 𑄃𑄪𑄘𑄧 𑄌𑄬𑄃𑄨 𑄝𑄪𑄏𑄨𑄣𑄧 𑄎𑄨𑄁𑄇𑄚𑄨𑄢𑄴 𑄍𑄨𑄉𑄮𑄚𑄴 𑄞𑄪𑄣𑄚𑄴 𑄃𑄬𑄇𑄴𑄘𑄨𑄚𑄴 𑄞𑄧𑄎𑄚𑄴 𑄛𑄨𑄢𑄬 𑄜𑄪𑄘𑄬 𑄘𑄬।,Present
ভাবি ব ব বুক দিে ভে উঠল,𑄞𑄝𑄨 𑄞𑄝𑄨 𑄝𑄪𑄇𑄴𑄱 𑄃𑄘𑄬𑄇𑄳𑄠𑄉𑄧𑄢𑄨 𑄣𑄧𑄢𑄨 𑄃𑄪𑄙𑄨𑄣𑄧 ।,Past
. পরে আর মেেরা চিন্তা করে মেেতে পেল চামার জীবন,𑄎𑄬𑄢𑄬 𑄃𑄢𑄧 𑄟𑄪𑄢𑄧𑄖𑄴𑄛𑄧𑄢𑄨 𑄞𑄝𑄨 𑄌𑄬𑄃𑄨 𑄟𑄳𑄦𑄬𑄖𑄴 𑄛𑄬𑄣𑄧 𑄌𑄉𑄪𑄢𑄨 𑄝𑄚𑄳𑄠 𑄎𑄨𑄁𑄇𑄚𑄨!,Past
তার কোনো দিন ভালো হবে না,𑄖𑄖𑄳𑄠𑄬 𑄇𑄧𑄚𑄧 𑄘𑄨𑄚𑄴 𑄉𑄧𑄟𑄴 𑄚𑄧 𑄦𑄧𑄝𑄧।,Future
". তাহলে কি করা,রান্না করে সুখ পেল না","𑄥𑄣𑄬 𑄇𑄨 𑄉𑄧𑄢𑄚, 𑄢𑄳𑄦 𑄖𑄮𑄉𑄬 𑄥𑄪𑄇𑄴 𑄚𑄧 𑄛𑄬𑄣𑄧।",Past
এগুলো ভাবতে ভাবতে কদিন ঘুম গেল বলতে পারলাম না,𑄃𑄨𑄠𑄚𑄨 𑄞𑄝𑄧𑄘𑄬 𑄞𑄝𑄧𑄘𑄬 𑄇𑄧𑄇𑄳𑄠𑄬 𑄊𑄪𑄟𑄴 𑄉𑄬𑄣𑄧 𑄇𑄮𑄃𑄨 𑄚𑄧 𑄛𑄢𑄴𑄣𑄧।,Past
এক জাতী লাল জাগলো - বাঁশ ক্ষেতের গেট এই লুকটা হলো,𑄃𑄘𑄬𑄇𑄳𑄠𑄬𑄉𑄧𑄢𑄨 𑄢𑄋 𑄎𑄉𑄬𑄣𑄬 𑄢𑄨𑄚𑄨 𑄌𑄬𑄃𑄨 𑄗𑄚𑄴 𑄦𑄧𑄣𑄧 - 𑄝𑄥𑄴 𑄜𑄢𑄴𑄟𑄴 𑄉𑄬𑄃𑄨𑄑𑄴 𑄃𑄬𑄃𑄨 𑄣𑄪𑄋𑄳𑄠𑄬।,Past
লাল কল - নীল কল,𑄢𑄋 𑄇𑄧𑄣𑄧 - 𑄚𑄧 𑄣𑄟𑄨𑄝𑄧𑄁𑄚𑄬।,Present
জোনাকির আলো,𑄎𑄪𑄚𑄪 𑄇𑄧𑄣𑄧 - 𑄥𑄳𑄦𑄝𑄇𑄴।,Present
পাহাে যে বছর- লাল বলে দুই জন পাহাে যে বছর,𑄟𑄪𑄎𑄪𑄋𑄬 𑄡𑄬𑄃𑄨 𑄥𑄣𑄬 - 𑄢𑄋 𑄇𑄧𑄣𑄬 𑄘𑄮𑄚𑄧𑄎𑄧𑄚𑄴 𑄟𑄪𑄎𑄪𑄋𑄬 𑄡𑄬𑄃𑄨 𑄝𑄧𑄣𑄇𑄴।,Present
হঠাৎ করে জঙ্গল থেকে বের হে আসলো,𑄇𑄇𑄴𑄈𑄧𑄚𑄴 𑄎𑄬𑄢𑄬 𑄝𑄏𑄧𑄖𑄴𑄪𑄚𑄴 𑄣𑄟𑄨 𑄣𑄧𑄢𑄴 𑄘𑄨𑄣𑄇𑄴।,Past
সামাজিক মানুষরা দুই ভাগ করে - দুই ভাগ শুধু আমাকে ভ করে,𑄥𑄧𑄟𑄎𑄳𑄠𑄠𑄪𑄚𑄬 𑄘𑄬𑄃𑄨 𑄝𑄨𑄉𑄨𑄘𑄨 𑄉𑄧𑄢𑄨𑄣𑄇𑄴 - 𑄘𑄨 𑄌𑄬𑄣𑄠𑄴 𑄝𑄚 𑄞𑄧𑄋𑄧 𑄃𑄟𑄢𑄬𑄠𑄧 𑄚𑄨𑄠𑄧 𑄚।,Present
জোনাকির কল - আপনাদেরকে পতে হবে না,𑄎𑄪𑄚𑄪 𑄇𑄧𑄣𑄧 - 𑄖𑄧𑄟𑄢𑄬 𑄚𑄬 𑄛𑄧𑄢𑄬𑄘𑄬 𑄚𑄬।,Future
এক জনে কল - খবর না পেে বলে,𑄃𑄬𑄇𑄴 𑄎𑄧𑄚𑄬 𑄇𑄧𑄣𑄧 - 𑄈𑄧𑄝𑄧𑄢𑄴 𑄚𑄧 𑄛𑄬𑄃𑄨 𑄇𑄳𑄠 ।,Present
সবাই হািে উঠল,𑄝𑄬𑄇𑄴𑄪𑄚𑄬 𑄦𑄏𑄨 𑄃𑄪𑄙𑄨𑄣𑄇𑄴 ।,Past
এিে যাওার সম ক্লাস শুরু হলো,𑄃𑄬𑄟𑄴. 𑄃𑄬. 𑄇𑄬𑄣𑄌𑄴 𑄥𑄪𑄢𑄪 𑄦𑄧𑄣𑄧।,Past
বর্ষাকাল করে শুধু রোদ পোহা,𑄎𑄪𑄚𑄪 𑄇𑄬𑄣𑄌𑄴 𑄉𑄧𑄢𑄬 𑄃 𑄘𑄨𑄚𑄪𑄚𑄴 𑄉𑄪𑄚𑄬।,Present
এক বছর,𑄃𑄬𑄇𑄴 𑄝𑄧𑄏𑄧𑄢𑄴।,Present
দেখে দেখে যাবে,𑄘𑄬𑄊𑄧𑄘𑄬 𑄘𑄬𑄊𑄧𑄘𑄬 𑄡𑄬𑄝𑄧𑄉𑄮𑄃𑄨।,Future
এখানে এই কাজ এই কাজ,𑄃𑄨𑄚𑄴𑄘𑄨 𑄃𑄬 𑄇𑄟𑄴 𑄥𑄬 𑄇𑄟𑄴।,Present
কদিন যাওা যা না,𑄇𑄧𑄇𑄳𑄠 𑄘𑄨𑄚𑄪𑄚𑄴 𑄡𑄘𑄧𑄚𑄴𑄘𑄮𑄃𑄨 𑄒𑄢𑄴 𑄛 𑄚𑄧 𑄡𑄢𑄴।,Present
বিাল হলে লাল রঙের জাগা দেখিে বিাল করে-পাছা করলে লাল কাজ ভালো করে,𑄝𑄬𑄣𑄳𑄠 𑄦𑄧𑄣𑄬 𑄢𑄋𑄣𑄮𑄃𑄨 𑄃𑄧𑄇𑄴𑄖𑄧 𑄃𑄧𑄇𑄴𑄖𑄧 𑄃𑄧𑄣𑄧𑄢𑄴 𑄎𑄉 𑄌𑄬𑄃𑄨 𑄝𑄮𑄃𑄨 𑄖𑄬𑄟𑄴𑄟𑄁 𑄉𑄧𑄢𑄧𑄚𑄴 - 𑄛𑄥𑄴 𑄉𑄧𑄢𑄴𑄣𑄬 𑄢𑄋 𑄇𑄟𑄴 𑄉𑄧𑄢𑄨𑄝𑄧 𑄢𑄋𑄟𑄖𑄳𑄠𑄬 𑄃 𑄎𑄪𑄚𑄪 𑄈𑄉𑄢𑄥𑄪𑄢𑄨।,Present
দিন যত ঘন হে উঠতেছে দুই জনের বুক ব হে উঠছে,𑄘𑄨𑄚𑄴 𑄡𑄬𑄘𑄧𑄇𑄴 𑄊𑄧𑄚𑄬𑄃𑄨 𑄃𑄬𑄎𑄬𑄢𑄴 𑄘𑄮𑄚𑄧𑄎𑄧𑄚𑄧 𑄝𑄪𑄇𑄴 𑄉𑄮𑄢𑄴 𑄉𑄮𑄢𑄴 𑄦𑄮𑄃𑄨 𑄃𑄪𑄙𑄬𑄢𑄴।,Present
সামাজিক মানুষরা কলা -আমরা নিে গেলে আমরাও তোমাদের সাথে থাকবো,𑄥𑄧𑄟𑄎𑄳𑄠𑄠𑄪𑄚𑄬 𑄇𑄧𑄣𑄇𑄴 - 𑄃𑄟𑄨 𑄚𑄨𑄨𑄣𑄨𑄣𑄬 𑄃𑄟𑄨𑄠𑄮 𑄖𑄧𑄟 𑄣𑄧𑄉𑄬 𑄗𑄬𑄝𑄧𑄁।,Future
কোন জনে কলা উত্তোলনের চেষ্টা করলে চলবে,𑄇𑄧𑄚𑄧 𑄎𑄧𑄚𑄬 𑄇𑄧𑄣𑄇𑄴 𑄃𑄪𑄖𑄴𑄖𑄨𑄟𑄪𑄖𑄴𑄖𑄨 𑄛𑄬𑄝𑄢𑄴 𑄣𑄢𑄬𑄃𑄨 𑄌𑄧𑄣𑄨𑄝𑄧।,Future
.কোন কাজে থামবো না।,𑄚𑄧 𑄗𑄟𑄨𑄝𑄧𑄁 𑄇𑄧𑄚𑄧 𑄇𑄬𑄃𑄨𑄖𑄴 ।,Future
লাল হলুদে জুনিে দিন গুলো মনে পে,𑄢𑄋𑄣𑄮𑄃𑄨 𑄎𑄪𑄚𑄪 𑄟𑄪𑄎𑄪𑄋𑄬 𑄘𑄨𑄚𑄪𑄚𑄴 𑄞𑄝𑄧𑄚𑄴 𑄃 𑄚 𑄚 𑄝𑄝𑄧𑄖𑄳𑄠 𑄌𑄨𑄙𑄬 𑄉𑄧𑄢𑄨 𑄘𑄨𑄚𑄴 𑄉𑄪𑄚𑄧𑄚𑄴।,Present
এক দিন জোনাকির আলো পে ফিরে এলো বািতে,𑄃𑄬𑄇𑄴𑄘𑄨𑄚𑄴 𑄎𑄪𑄚𑄪 𑄛𑄧𑄢𑄨𑄇𑄴𑄈𑄬 𑄘𑄨𑄃𑄨 𑄜𑄨𑄢𑄨 𑄃𑄬𑄣𑄧 𑄊𑄧𑄢𑄧𑄖𑄴।,Past
বুোে এক বুক আছে এরকম বাির দরজা তালা লাগানো আছে,𑄝𑄪𑄉𑄮𑄖𑄴 𑄃𑄬𑄇𑄴 𑄝𑄪𑄇𑄴 𑄃𑄏 𑄃 𑄥𑄧𑄝𑄧𑄚𑄴 𑄚𑄨𑄚𑄬 𑄊𑄧𑄢𑄧 𑄥𑄋𑄪 𑄘𑄮𑄢𑄧𑄖𑄴 𑄈𑄪𑄌𑄴 𑄝𑄧𑄏𑄬𑄣𑄧।,Present
তার মাাতে অনেক ভালো হলো,𑄖 𑄟𑄝𑄝𑄬 𑄡𑄧𑄘𑄧𑄛𑄧𑄘𑄬 𑄃𑄪𑄌𑄴𑄌𑄮 𑄦𑄧𑄣𑄇𑄴।,Past
"কাগজটা শেষ হেছে-এইটা মেেটার,বািরটার কোনো শেষ নেই","𑄣𑄬𑄊𑄛𑄧𑄢 𑄗𑄪𑄟𑄴𑄉𑄧𑄢𑄨 𑄛𑄱𑄝𑄱 𑄣𑄪𑄋𑄳𑄠𑄉𑄨 - 𑄃𑄨𑄠𑄚𑄴 𑄞𑄝𑄨 𑄎𑄪𑄚𑄪 𑄟𑄝𑄱𑄢𑄴, 𑄝𑄛𑄴𑄛𑄮𑄢𑄴 𑄟𑄧𑄚𑄧𑄥𑄪𑄊𑄮𑄢𑄴 𑄇𑄧𑄚𑄧 𑄗𑄪𑄟𑄴 𑄚𑄬𑄃𑄨।",Present
গ্রামের পাাও তত ব হলো,𑄃𑄘𑄟𑄳𑄠 𑄛𑄢𑄣𑄳𑄠𑄠𑄮 𑄡𑄧𑄘𑄧𑄛𑄧𑄘𑄬 𑄃𑄪𑄌𑄴𑄌𑄮 𑄦𑄧𑄣𑄇𑄴 ।,Past
জুার বািে লুকিে থাকা যুবতিাগুলো লুলিে গেল,𑄎𑄪𑄚𑄪 𑄊𑄧𑄢𑄧𑄖𑄴 𑄣𑄪𑄋𑄳𑄠𑄉𑄨 𑄥𑄪𑄚𑄨𑄚𑄬 𑄃𑄨𑄌𑄴𑄇𑄪𑄣𑄧 𑄥𑄧𑄟𑄎𑄳𑄠𑄠𑄪𑄚𑄴 𑄣𑄪𑄋𑄨𑄣𑄇𑄴𑄇𑄨।,Past
.সম্বা দশ দিন কী করে গেল জানিনা,𑄥𑄛𑄴𑄛 𑄘𑄧𑄥𑄴 𑄘𑄨𑄚𑄴 𑄇𑄬𑄚𑄬 𑄉𑄧𑄋𑄨 𑄉𑄬𑄣𑄧 𑄎𑄪𑄚𑄪 𑄇𑄮𑄃𑄨 𑄚𑄧 𑄛𑄢𑄴𑄣𑄧।,Past
ছেঁা রোগে আক্রান্ত জুনিে তার ভাইকে কল দিল,𑄍𑄬𑄢𑄴 𑄛𑄬𑄃𑄨𑄚𑄬 𑄎𑄪𑄚𑄪𑄢𑄬 𑄖 𑄝𑄝𑄬 𑄇𑄧𑄣𑄧 - 𑄛𑄪𑄖𑄴।,Past
এত দিনে আমার মনের ইচ্ছা শেষ হলো,𑄃𑄬𑄘𑄧𑄇𑄴 𑄘𑄨𑄚𑄬 𑄟𑄧 𑄟𑄧𑄚𑄧 𑄃𑄠𑄮𑄌𑄴 𑄜𑄪𑄢𑄬𑄣𑄧।,Past
"তুমি সমাজকে, যেখানে সেখানে একটু যাও তাহলে তোমার লেখাপাটা ভালো হবে","𑄖𑄪𑄃𑄨 𑄥𑄧𑄟𑄎𑄧𑄢𑄬, 𑄎𑄘𑄧𑄢𑄬 𑄃𑄬𑄇𑄴𑄇𑄚𑄠𑄮 𑄎𑄧𑄚𑄨 𑄘𑄨 𑄡𑄬𑄃𑄨 𑄛𑄢𑄧𑄌𑄴 𑄖𑄧 𑄣𑄬𑄊𑄛𑄧𑄢𑄠𑄚𑄴 𑄖𑄬 𑄖𑄧𑄎𑄨𑄟𑄴𑄛𑄪𑄢𑄧 𑄦𑄧𑄝𑄧।",Future
জোনাকির আলো আঁধারিে তার বাির কথা গুলো পতেছে,𑄎𑄪𑄚𑄪 𑄚𑄪 𑄟𑄙𑄨 𑄢𑄧𑄣𑄬𑄠𑄮 𑄖 𑄝𑄝𑄧 𑄇𑄧𑄙𑄠𑄚𑄴 𑄃𑄬𑄉𑄬𑄟𑄬 𑄥𑄪𑄚𑄨𑄣𑄧।,Present
লেখাপা গ্রামের কাজ ভাই,𑄣𑄬𑄊𑄛𑄧𑄢 𑄛𑄧𑄎𑄳𑄠 𑄟𑄚𑄴𑄎𑄮𑄢𑄴 𑄇𑄟𑄴 𑄞𑄬𑄃𑄨𑄘𑄮 ।,Present
শুধু আমার কাজে লাগলে সেই লেখা গুলো বো হ,𑄝𑄚 𑄃𑄟𑄧𑄚𑄧𑄖𑄳𑄠𑄬 𑄇𑄟𑄧𑄖𑄴 𑄣𑄉𑄨𑄣𑄬 𑄥𑄬 𑄣𑄬𑄊𑄛𑄧𑄢 𑄝𑄬𑄘𑄧𑄇𑄳𑄠 𑄦𑄧𑄠𑄴।,Present
"সমাজ, জাগা, দেশ, মািে ভালো করে লেখা পেছে","𑄥𑄧𑄟𑄎𑄧𑄢𑄴, 𑄎𑄘𑄧𑄖𑄴, 𑄟𑄚𑄴𑄎𑄮𑄢𑄴 𑄞𑄣𑄬𑄘𑄧𑄖𑄴𑄖𑄬 𑄣𑄬𑄊𑄛𑄧𑄢 𑄛𑄳𑄦𑄧𑄢𑄴𑄠𑄚𑄴 𑄍𑄨𑄘𑄬𑄃𑄨 𑄘𑄨 𑄛𑄢𑄴𑄣𑄬 𑄣𑄬𑄊𑄛𑄧𑄢 𑄖𑄧𑄎𑄨𑄟𑄴𑄛𑄪𑄢𑄧 𑄦𑄮𑄃𑄨 𑄃𑄪𑄙𑄬 ।",Present
ঝাু তার বাির কথা শেষ হেছে,𑄎𑄪𑄚𑄪𑄢𑄴 𑄖 𑄝𑄝𑄧 𑄇𑄧𑄙𑄠𑄚𑄴 𑄟𑄳𑄦𑄬𑄖𑄴 𑄛𑄘𑄬 𑄘𑄬𑄢𑄨 𑄚𑄧 𑄦𑄧𑄣𑄧।,Present
.খাওা এত ব করে পে আছে মনে হ,𑄈𑄣𑄨𑄇𑄴 𑄃𑄬𑄖𑄴𑄘𑄪𑄢𑄴 𑄣𑄬𑄊𑄛𑄧𑄢 𑄥𑄨𑄊𑄨𑄚𑄬 𑄝𑄝𑄧 𑄊𑄧𑄢𑄧𑄖𑄴 𑄝𑄮𑄃𑄨 𑄝𑄮𑄃𑄨 𑄈𑄘𑄬 𑄟𑄧𑄚𑄧𑄖𑄴 𑄃𑄟𑄨𑄎𑄬 𑄜𑄪𑄎𑄪𑄇𑄴 𑄜𑄎𑄇𑄴 𑄉𑄧𑄢 𑄙𑄧𑄢𑄴𑄣𑄧।,Present
".কেন নিজের পেট নিজে পূরণ করে যা, সে পেটটা শক্ত করে খা",𑄇𑄬𑄚𑄬 𑄚𑄨𑄎𑄧 𑄛𑄬𑄖𑄴 𑄚𑄨𑄎𑄬 𑄖𑄧𑄢 𑄡𑄠𑄴 𑄥𑄬 𑄌𑄨𑄙𑄬𑄠𑄚𑄴 𑄃𑄧𑄚𑄴𑄎𑄪𑄢𑄴 𑄖 𑄉𑄪𑄖𑄳𑄠𑄖𑄴 𑄃𑄝𑄧𑄢𑄴 𑄈𑄢𑄴 ।,Present
মনে হ মনের মতো লাল কা পলো,𑄟𑄧𑄚𑄬 𑄟𑄧𑄚𑄬 𑄖𑄧𑄣𑄬𑄃𑄨 𑄌𑄘𑄬 𑄌𑄘𑄬 𑄢𑄋 𑄇𑄧𑄙𑄧𑄠𑄚𑄴 𑄃𑄩𑄙𑄮𑄖𑄴 𑄛𑄧𑄣𑄴𑄣𑄧।,Present
লাল কথা - যারা কাজ করে তাদের কোনো নাম থাকে না,"𑄢𑄋 𑄇𑄧𑄙𑄧 - 𑄡𑄢 𑄘𑄬𑄥𑄴, 𑄎𑄘𑄧 𑄇𑄟𑄴 𑄉𑄧𑄢𑄧𑄚𑄴 𑄖𑄢𑄢𑄴 𑄇𑄧𑄚𑄧𑄇𑄴𑄇𑄚𑄴 𑄃𑄪𑄚𑄧 𑄚𑄧 𑄗𑄠𑄴 ।",Present
লাল এই কথাটা বললেও পথেঘাটে সেটা চলে,𑄢𑄋 𑄃𑄬 𑄇𑄧𑄙𑄠𑄚𑄴 𑄇𑄧𑄣𑄬𑄠𑄮 𑄛𑄧𑄖𑄴𑄖𑄧𑄟𑄬 𑄥𑄨𑄠𑄚𑄴 𑄡𑄧𑄘𑄧𑄛𑄧𑄘𑄬 𑄃𑄉𑄖𑄳𑄠।,Present
এগুলো ছেঁা করে গরীবের উপকার করতে পারে না,𑄃𑄨𑄠𑄚𑄨 𑄌𑄨𑄙𑄬 𑄉𑄧𑄢𑄨 𑄉𑄧𑄢𑄨 𑄎𑄪𑄚𑄪 𑄉𑄨 𑄉𑄧𑄢𑄨𑄝𑄧 𑄃𑄧𑄙𑄧𑄇𑄴 𑄝𑄧𑄏𑄬 𑄚𑄧 𑄛𑄢𑄬𑄢𑄴।,Present
শীত লাগতেছে-মনে হ যেন শীত লাগতেছে,𑄬𑄎𑄢𑄬 𑄟𑄧𑄚𑄴 𑄉𑄧𑄢𑄴𑄣𑄧 - 𑄃𑄬𑄚𑄴. 𑄎𑄨. 𑄃𑄮.-𑄖𑄴 𑄥𑄧𑄟𑄬𑄝𑄧।,Present
"জুনিে এক দিন দিে আসে,যাওা ভালো",𑄎𑄪𑄚𑄪 𑄃𑄬𑄇𑄴 𑄘𑄨𑄚𑄴 𑄘𑄨𑄎𑄬𑄟𑄇𑄳𑄠𑄬 𑄌𑄬𑄃𑄨 𑄃𑄬𑄚𑄴. 𑄎𑄨. 𑄃𑄮.-𑄖𑄴 𑄥𑄧𑄟𑄬𑄣𑄧।,Present
কর্মঠ মানুষদের তুলে আনা,𑄇𑄟𑄴 𑄣𑄬𑄟𑄴𑄛𑄧𑄎𑄳𑄠 𑄟𑄚𑄪𑄌𑄴𑄥𑄪𑄚𑄧𑄢𑄬 𑄃𑄪𑄎𑄬𑄃𑄨 𑄃𑄚𑄚।,Present
টাকা টাকা দৌাদৌি করে আসা,𑄖𑄬𑄋 𑄛𑄧𑄠𑄴𑄎𑄳𑄠 𑄝𑄧𑄣𑄴 𑄘𑄨𑄃𑄨 𑄃𑄝𑄬𑄣𑄬𑄘𑄧𑄖𑄴 𑄃𑄚𑄚।,Present
জোনাকির কাজ সেই কাজগুলো করে দো আর রিপোর্ট দেওা,𑄎𑄪𑄚𑄪𑄢𑄴 𑄇𑄟𑄴𑄠𑄚𑄴 𑄥𑄬 𑄇𑄟𑄚𑄨 𑄖𑄧𑄖𑄴𑄖𑄣𑄝𑄨 𑄉𑄧𑄢𑄚 𑄃 𑄉𑄧𑄢𑄖𑄴 𑄢𑄨𑄛𑄮𑄢𑄴𑄑𑄴 𑄘𑄬𑄚।,Present
জুনিে আগে যে কুকুর নিে এসেছে - না না জনে নানারকম গান করতেছে,𑄎𑄪𑄚𑄪 𑄃𑄬𑄎𑄧𑄚𑄴 𑄉𑄧𑄢𑄨 𑄡𑄬𑄇𑄴𑄇𑄬 𑄃𑄬𑄚𑄴. 𑄎𑄨. 𑄃𑄮 𑄌𑄉𑄪𑄢𑄨 𑄣𑄧𑄣𑄧 - 𑄚 𑄚 𑄎𑄧𑄚𑄬 𑄚𑄚𑄉𑄚𑄴 𑄜𑄪𑄘𑄪𑄜𑄘 𑄉𑄧𑄢 𑄙𑄧𑄢𑄴𑄣𑄇𑄴।,Present
সমাজের মানুষরা কোনো এক জনের সামনে এই কলা আলু খুিেছে,𑄥𑄧𑄟𑄎𑄳𑄠𑄠𑄪𑄚𑄬 𑄇𑄧𑄚𑄧 𑄇𑄧𑄚𑄧 𑄎𑄧𑄚𑄬 𑄟𑄪𑄎𑄪𑄋𑄬 𑄃𑄬𑄃𑄨 𑄇𑄧𑄣𑄇𑄴 𑄃𑄟𑄧𑄚𑄧 𑄃𑄣𑄪 𑄈𑄪𑄢𑄨𑄠𑄳𑄠 ।,Present
সেগুলো এখানে তুলে তুলে অনেক গুলো মনের মরা হে শুকিে আছে,𑄥𑄨𑄠𑄚𑄨 𑄃𑄩𑄙𑄮𑄖𑄴 𑄖𑄪𑄣𑄨 𑄖𑄪𑄣𑄨 𑄃𑄧𑄇𑄴𑄖𑄧 𑄃𑄧𑄇𑄴𑄖𑄧 𑄟𑄧𑄚𑄴 𑄟𑄧𑄢 𑄦𑄮𑄃𑄨 𑄎𑄪𑄚𑄪 𑄟𑄪𑄢𑄮𑄖𑄴 𑄛𑄧𑄢𑄨 𑄞𑄝𑄬।,Present
চিন্তা করে দেখ নাকি ভুল হলো,𑄞𑄝𑄨 𑄌𑄠𑄴 𑄚𑄇𑄨 𑄞𑄪𑄣𑄴 𑄦𑄧𑄣𑄧।,Past
. তারপর আবার চিন্তা করে বিেকে দেখ না!,𑄎𑄬𑄢𑄬 𑄃𑄢𑄧 𑄞𑄝𑄨 𑄞𑄝𑄨 𑄝𑄨𑄎𑄨𑄢𑄬𑄃𑄨 𑄌𑄠𑄴 𑄚!,Present
উঁচুনিচু হে মাটিটা শেষ হ না,𑄃𑄪𑄖𑄴𑄖𑄨𑄟𑄪𑄖𑄴𑄖𑄨 𑄦𑄢𑄬𑄠𑄬 𑄟𑄚𑄴𑄎𑄮𑄢𑄴 𑄣𑄢𑄬𑄃𑄨 𑄗𑄪𑄟𑄴 𑄚𑄧 𑄦𑄧𑄠𑄴।,Present
কানের দুলটা একটু একটু করে এখানে পে,𑄇𑄚𑄳𑄦 𑄝𑄧𑄘𑄧𑄣𑄴 𑄥𑄚𑄴 𑄃𑄬𑄇𑄴𑄘𑄊𑄨𑄖𑄴𑄪𑄚𑄴 𑄃𑄢𑄧 𑄃𑄬𑄇𑄴𑄘𑄊𑄨 𑄃𑄨𑄙𑄪 𑄛𑄧𑄢𑄬𑄉𑄮𑄃𑄨 ।,Present
বাবা-মা আছে তাদের সাথে,𑄝𑄝𑄘𑄊𑄨 𑄃𑄠𑄧𑄟𑄧𑄖𑄴 𑄖𑄢 𑄉𑄧𑄎𑄳𑄠𑄧𑄚𑄴।,Present
আমরা একটু করি,𑄃𑄟𑄨 𑄃𑄬𑄇𑄴𑄇𑄚 𑄉𑄧𑄢𑄴𑄣𑄧𑄁।,Present
এক জাতী বুনো ফল,𑄃𑄢𑄧 𑄉𑄧𑄢𑄨𑄝𑄧𑄁।,Present
এত করে কান্না করতে করতে কোথা যে শেষ হ সেটা বলা যা না,𑄃𑄬𑄎𑄚𑄴 𑄉𑄧𑄢𑄨 𑄇𑄚𑄳𑄦 𑄝𑄧𑄘𑄧𑄣𑄨 𑄝𑄧𑄘𑄧𑄣𑄨 𑄇𑄪𑄝𑄮𑄖𑄴 𑄡𑄬𑄚𑄬 𑄗𑄪𑄟𑄴 𑄦𑄧𑄠𑄴 𑄥𑄨𑄠𑄚𑄴 𑄇𑄮𑄃𑄨 𑄛𑄢 𑄚𑄧 𑄡𑄠𑄴 ।,Present
.কাউকে আম খাওার কোনো জাগা নেই,𑄇𑄃𑄨𑄙𑄪 𑄃𑄝𑄧𑄢𑄴 𑄈𑄠𑄴 𑄇𑄮𑄃𑄨 𑄛𑄢𑄨𑄝𑄢𑄴 𑄇𑄧𑄚𑄧 𑄎𑄪 𑄚𑄬𑄃𑄨 ।,Present
এক দিন লাল আসলো,𑄃𑄬𑄇𑄴 𑄘𑄨𑄚𑄴 𑄢𑄋 𑄃𑄬𑄣𑄧।,Past
দুইজনে মিলে কী করলো,𑄘𑄨𑄎𑄧𑄚𑄬 𑄞𑄬𑄃𑄨𑄘𑄮 𑄇𑄪𑄃𑄧 𑄇𑄨 𑄉𑄧𑄢𑄴𑄣𑄇𑄴।,Past
কথা গুলো সবসম হলো,𑄇𑄧𑄙 𑄥𑄧𑄣𑄥𑄧𑄣𑄨 𑄦𑄧𑄣𑄧।,Past
লাল কল - তারপর কি আমাদের স্বপ্নগুলো এখানে শেষ হবে,𑄢𑄋 𑄇𑄧𑄣𑄧 - 𑄥𑄣𑄬 𑄇𑄨 𑄃𑄟 𑄥𑄧𑄝𑄧𑄚𑄴𑄠𑄚𑄨 𑄃𑄨𑄠𑄮𑄖𑄴 𑄘𑄧𑄃𑄨 𑄗𑄪𑄟𑄴 ।,Future
এগুলো কিছুক্ষণ বিশ্রাম নেওা,𑄃𑄨𑄠𑄚𑄴 𑄇𑄇𑄴𑄈𑄧𑄚𑄴 𑄎𑄨𑄢𑄚।,Present
কান থেকে ভটা বের হে থাক না,𑄇𑄚𑄳𑄦𑄖𑄴𑄪𑄚𑄴 𑄞𑄢𑄴𑄝𑄱 𑄝𑄧𑄏𑄬𑄃𑄨 𑄗𑄧 𑄚 ।,Present
সে আরও কবে উঠাবে?,𑄖𑄬 𑄃𑄢𑄧 𑄇𑄧𑄟𑄧𑄣𑄬 𑄖𑄪𑄣𑄨𑄝𑄬?,Future
.অতিরিক্ত আসলে হবে,𑄃𑄧𑄇𑄴𑄖𑄧 𑄃𑄬𑄣𑄬 𑄦𑄧𑄝𑄧।,Future
আমরা না তুললেও আর একটা তুলবো,𑄃𑄟𑄨 𑄚𑄧 𑄖𑄪𑄣𑄨𑄣𑄬𑄠𑄮 𑄃𑄢𑄧 𑄃𑄬𑄇𑄴𑄘𑄊𑄨 𑄖𑄪𑄣𑄨𑄝𑄇𑄴।,Future
আমি বেঁচে থাকবো না,𑄟𑄪𑄃𑄨 𑄚𑄧 𑄎𑄨𑄢𑄬𑄟𑄴।,Future
দুইজনে কথা বললে বুদ্ধ পাপি হলো না,𑄘𑄨𑄎𑄧𑄚𑄬 𑄇𑄧𑄙 𑄇𑄪𑄃𑄧 𑄇𑄨 𑄉𑄧𑄢𑄨𑄣𑄬𑄠𑄧 𑄝𑄪𑄌𑄴 𑄛𑄛𑄨 𑄚𑄧 𑄦𑄧𑄣𑄇𑄴।,Past
দুইজনে দুইটা পথ ধরে হাঁটছে,𑄘𑄨𑄎𑄧𑄚𑄬 𑄘𑄨𑄠𑄚𑄴 𑄛𑄧𑄗𑄴 𑄙𑄧𑄢𑄨 𑄦𑄘 𑄙𑄧𑄢𑄴𑄣𑄇𑄴।,Present
জোনাকির আলো আমার জীবনটা তেতো,𑄎𑄪𑄚𑄪 𑄇𑄧𑄣𑄧 𑄟𑄧 𑄛𑄧𑄖𑄴𑄗𑄚𑄴 𑄖𑄨𑄇𑄴।,Present
লাল কল তার পথ,𑄢𑄋 𑄇𑄧𑄣𑄧 𑄖 𑄛𑄧𑄗𑄴𑄗𑄚𑄴!,Present
এত করে জুে যাওা যা,𑄃𑄬𑄎𑄚𑄴 𑄉𑄧𑄢𑄨 𑄎𑄪𑄚𑄪 𑄘𑄨𑄚𑄪𑄚𑄴 𑄉𑄧𑄋𑄨 𑄡 𑄙𑄧𑄢𑄴𑄣𑄇𑄴।,Present
অনেক অনেক সমে লাল হেলমেট পরা এক লোক হাত দিে লাঠি খেে আছে,𑄃𑄧𑄇𑄴𑄖𑄧 𑄃𑄧𑄇𑄴𑄖𑄧 𑄥𑄟𑄴𑄝𑄖𑄴 𑄃𑄬𑄎𑄬 𑄢𑄋 𑄞𑄨𑄣𑄬 𑄛𑄪𑄣𑄨𑄥𑄴 𑄦𑄘𑄧𑄖𑄴 𑄖𑄏 𑄛𑄨𑄘𑄬 𑄈𑄬𑄃𑄨 𑄃𑄢𑄴𑄉𑄘𑄖𑄴।,Present
জুনু আর সাম্বাে কালো করে এক দল উঠে যাচ্ছে।,𑄎𑄪𑄚𑄪 𑄃𑄢𑄧 𑄥𑄟𑄴𑄝𑄖𑄴 𑄛𑄃𑄨 𑄢𑄋 𑄞𑄬𑄣𑄬 𑄃𑄢𑄴𑄉𑄘𑄖𑄴𑄪𑄚𑄴 𑄥𑄧𑄢𑄚𑄴 𑄛𑄬𑄃𑄨 𑄢𑄌𑄴𑄛𑄧𑄖𑄴 𑄙𑄧𑄢𑄨 𑄎𑄧𑄉𑄢𑄴 𑄛𑄢𑄨 𑄛𑄢𑄨 𑄃𑄬𑄇𑄴 𑄏𑄇𑄴 𑄟𑄚𑄪𑄌𑄴 𑄃𑄪𑄎𑄬𑄃𑄨 𑄚𑄬𑄎𑄢𑄴 ।,Present
লাল কথা শুনা অনেক অনেক ঝাু আছে,𑄢𑄋 𑄇𑄧𑄙 𑄥𑄪𑄚𑄨 𑄃𑄧𑄇𑄴𑄖𑄧 𑄃𑄧𑄇𑄴𑄖𑄧 𑄎𑄪𑄚𑄪𑄢𑄴 𑄃𑄠𑄮𑄌𑄴 𑄦𑄧𑄠𑄴 𑄖𑄢 𑄥𑄧𑄟𑄢𑄬 𑄜𑄉𑄧𑄖𑄴 𑄥𑄧𑄟𑄬𑄝𑄢𑄴।,Present
কালোজাদু পারা,𑄇𑄣𑄨𑄇𑄴 𑄚𑄧 𑄛𑄢𑄬।,Present
পাহাে সব দেখতে পারতেছি,𑄟𑄪𑄎𑄪𑄋𑄬 𑄥𑄧𑄝𑄧𑄚𑄴 𑄘𑄬𑄊𑄬 𑄃𑄧𑄇𑄴𑄖𑄧 𑄃𑄬𑄣𑄬 𑄟𑄪𑄠𑄧𑄃𑄨 𑄜𑄉𑄧𑄖𑄴 𑄥𑄧𑄟𑄬𑄟𑄴।,Present
.কালকে কোনো সুযোগ পাওা যা না,𑄈𑄣𑄨𑄇𑄴 𑄇𑄧𑄟𑄧𑄣𑄬 𑄦𑄧𑄝𑄧 𑄇𑄧𑄚𑄧 𑄎𑄮𑄛𑄴 𑄚𑄧 𑄛𑄠𑄴 ।,Present
এক দিন জুে কাজে গেল লক্ষীটি,𑄃𑄬𑄇𑄴 𑄘𑄨𑄚𑄴 𑄎𑄪𑄚𑄪 𑄇𑄟𑄬 𑄉𑄬𑄣𑄧 𑄣𑄧𑄇𑄴𑄈𑄨𑄥𑄧𑄢𑄨।,Past
সেখান থেকে আবার দূরে বানরের ছা,𑄥𑄨𑄖𑄴𑄖𑄴𑄪𑄚𑄴 𑄃𑄢𑄧 𑄞𑄨𑄘𑄨𑄢𑄬 𑄝𑄚𑄴𑄘𑄧𑄢𑄴𑄇𑄝 𑄍𑄧𑄢।,Present
দৌাদৌিে দুই তিন ঘন্টা হেঁটে আসলাম,𑄍𑄧𑄢𑄠𑄴 𑄍𑄧𑄧𑄢𑄠𑄴 𑄘𑄨 𑄖𑄨𑄚𑄴 𑄊𑄧𑄚𑄴𑄑 𑄦𑄘𑄨 𑄥𑄨𑄘𑄪 𑄣𑄪𑄋𑄨𑄣𑄇𑄴।,Past
ভো গ্রামের গ্রাম,𑄞𑄬𑄃𑄨𑄘𑄮 𑄛𑄪𑄢𑄧𑄚𑄴 𑄃𑄘𑄟𑄴।,Present
নদীর পাে পাে গ্রাম,𑄥𑄧𑄢 𑄛𑄢𑄬 𑄛𑄢𑄬 𑄃𑄘𑄟𑄴𑄠𑄚𑄴।,Present
ব ব গাছ দেখে বুঝা যা ব জঙ্গল,𑄘𑄋𑄧𑄢𑄴 𑄘𑄋𑄧𑄢𑄴 𑄝𑄧𑄖𑄴𑄉𑄌𑄴 𑄘𑄬𑄃𑄩𑄚𑄬 𑄝𑄪𑄏𑄧 𑄡𑄠𑄴 𑄞𑄬𑄃𑄨𑄘𑄮 𑄛𑄪𑄢𑄧𑄚𑄨 𑄃𑄘𑄟𑄴।,Present
".খাওা নরম, পাতলা পাের মানুষ নেই","𑄈𑄣𑄨𑄇𑄴 𑄏𑄪𑄟𑄴𑄝𑄧𑄣, 𑄣𑄬𑄊𑄛𑄢 𑄛𑄧𑄎𑄳𑄠 𑄟𑄚𑄪𑄌𑄴 𑄚𑄬𑄃𑄨 ।",Present
গ্রামের ও কোনো বাস নেই,𑄃𑄘𑄟𑄧𑄢𑄴 𑄃𑄮 𑄇𑄧𑄚𑄧 𑄝𑄣𑄬𑄖𑄴 𑄚𑄬𑄃𑄨 ।,Present
জোনাকিরা তাদের চাল দিে পরাণের কাপ পলো,𑄎𑄪𑄚𑄪𑄢𑄴 𑄖𑄢 𑄦𑄣𑄴 𑄘𑄬𑄃𑄨𑄚𑄬 𑄛𑄧𑄢𑄚𑄴 𑄇𑄚𑄨 𑄃𑄪𑄙𑄨𑄣𑄧 ।,Present
মনে হ তারা দুইজনে কোন কিছু করার আছে,𑄟𑄧𑄚𑄬 𑄟𑄧𑄚𑄬 𑄞𑄝𑄨𑄣𑄧 𑄖𑄢𑄢𑄴 𑄞𑄣𑄬𑄘𑄧𑄖𑄴𑄖𑄬 𑄇𑄧𑄚𑄧𑄇𑄴𑄇𑄚𑄴 𑄉𑄧𑄢𑄚 𑄉𑄧𑄢𑄧𑄌𑄴 𑄃𑄊𑄬।,Present
ভাত খাওার আগে গ্রামের পাা দিে বাজারে যাওা,𑄞𑄖𑄴 𑄈𑄬𑄝𑄢𑄴 𑄃𑄉𑄬 𑄃𑄘𑄟𑄳𑄠 𑄛𑄢𑄣𑄳𑄠𑄣𑄮𑄃𑄨 𑄖𑄬𑄟𑄴𑄟𑄋𑄧𑄖𑄴 𑄝𑄧𑄣𑄇𑄴।,Present
"তারা ভালো করে পোা কি,কথা বলতে বলতে সেগুলো সব গুো হলো","𑄖𑄢 𑄞𑄣𑄬𑄘𑄧 𑄛𑄮𑄃𑄨𑄘𑄚𑄬 𑄇𑄨 𑄇𑄨, 𑄇𑄬𑄎𑄚𑄴 𑄇𑄬𑄎𑄚𑄴 𑄉𑄧𑄢 𑄡𑄠𑄴 𑄥𑄨𑄠𑄚𑄨𑄣𑄮𑄃𑄨 𑄇𑄧𑄙 𑄇𑄪𑄃𑄧 𑄝𑄪𑄣𑄧 𑄦𑄧𑄣𑄧।",Past
গ্রামের মানুষদের কথা তারা বলে,𑄃𑄘𑄟𑄳𑄠𑄠𑄪𑄚𑄬 𑄖𑄢 𑄇𑄧𑄙 𑄖𑄢 𑄇𑄧𑄣𑄇𑄴।,Present
জোনাকিরা মনের মত আলো জ্বালালো,𑄎𑄪𑄚𑄪𑄘𑄊𑄨 𑄟𑄧𑄚𑄴 𑄘𑄨 𑄥𑄪𑄚𑄨𑄣𑄇𑄴।,Past
তোমাদের কথা আমরা আমাদের মাথা টোকা দিবো,𑄎𑄪𑄚𑄪 𑄇𑄧𑄣𑄧 𑄖𑄧𑄟 𑄘𑄪𑄊𑄧 𑄇𑄧𑄙 𑄃𑄟𑄨 𑄃𑄟 𑄦𑄧𑄖𑄴𑄖𑄇𑄧𑄖𑄴𑄖𑄠𑄪𑄚𑄧𑄘𑄪 𑄣𑄪𑄋𑄬𑄃𑄨 𑄘𑄨𑄝𑄧𑄁𑄉𑄮𑄃𑄨।,Future
তোমাদের ভে যা যা সেগুলো আমরা আমাদের ভে দেখাবো,𑄖𑄧𑄟 𑄞𑄣𑄬𑄘𑄧𑄖𑄴𑄖𑄬 𑄡 𑄡 𑄉𑄧𑄢𑄚 𑄘𑄧𑄢𑄴𑄉𑄢𑄴 𑄥𑄨𑄠𑄚𑄴 𑄃𑄟𑄨 𑄃𑄟 𑄘𑄧𑄞𑄇𑄘𑄨 𑄣𑄢𑄨𑄠𑄬𑄠𑄪𑄚𑄧𑄢𑄬 𑄝𑄪𑄏𑄬𑄃𑄨 𑄇𑄧𑄝𑄧𑄁 ।,Future
.এটা সেটা আর ওইটা শেষ করে ভাত খেতে বলা হ,𑄃𑄨𑄠𑄚𑄴 𑄥𑄨𑄠𑄚𑄴 𑄃𑄏 𑄘𑄨 𑄖𑄬𑄟𑄴𑄟𑄁 𑄗𑄪𑄟𑄴 𑄉𑄧𑄢𑄨𑄚𑄬 𑄞𑄖𑄴 𑄛𑄮𑄃𑄨𑄠𑄧𑄖𑄴 𑄝𑄧𑄣𑄇𑄴।,Present
.ভাত খেতে খেতে একটা মেে এই থিেল,𑄞𑄖𑄴 𑄈𑄘𑄬 𑄈𑄘𑄬 𑄎𑄪𑄚𑄪 𑄘𑄬𑄣𑄧 𑄖 𑄙𑄉𑄧𑄖𑄴 𑄃𑄨𑄇𑄴𑄇𑄮 𑄟𑄨𑄣𑄬 𑄃𑄬𑄃𑄨 𑄗𑄨𑄠𑄬𑄣𑄧।,Present
জুনিে কি আমাকে চিনে?,𑄎𑄪𑄚𑄪𑄢𑄬 𑄇𑄧𑄣𑄧 𑄘 𑄟𑄧𑄢𑄬 𑄌𑄨𑄚𑄧𑄢𑄴 ?,Present
জুনু তার জুনিে কান্না করতে করতে কল করল,𑄎𑄪𑄚𑄪 𑄖 𑄎𑄪𑄚𑄪 𑄇𑄬𑄃𑄨𑄖𑄴 𑄢𑄨𑄚𑄨 𑄌𑄬𑄃𑄨 𑄇𑄧𑄣𑄧 - 𑄃𑄧।,Past
"চেনা, পরিচিত",𑄌𑄨𑄚𑄧𑄋𑄧𑄢𑄴।,Present
সনাটা একটু উপরে তুললো,𑄥𑄧𑄚𑄝𑄨 𑄃𑄬𑄇𑄴𑄇 𑄦𑄏𑄨 𑄃𑄪𑄙𑄨𑄣𑄧।,Past
জোনাকির আলো পতে দেরি হলো না,𑄎𑄪𑄚𑄪𑄢𑄴 𑄟𑄳𑄦𑄬𑄖𑄴 𑄛𑄘𑄬 𑄘𑄬𑄢𑄨 𑄚𑄧 𑄦𑄧𑄣𑄧।,Past
সে সাপটা যাকে সে ঢাকা দেখে তার চোরা আসবে,𑄥𑄬 𑄥𑄧𑄚𑄝𑄨 𑄡𑄢𑄬 𑄖𑄬 𑄔𑄇𑄖𑄴 𑄘𑄬𑄈𑄳𑄠 𑄖𑄢𑄴 𑄌𑄬𑄠𑄬𑄢 𑄃𑄬𑄝𑄧 𑄃𑄉𑄧 𑄥𑄚𑄴 ।,Future
.শুধু তার চোরটা পারে না -কোন এক জাগা সংসার কেটে যা,𑄈𑄣𑄨𑄇𑄴 𑄖 𑄌𑄬𑄠𑄬𑄢 𑄃𑄨𑄠𑄚𑄴𑄠𑄮 𑄎𑄚𑄬 𑄘𑄬𑄢𑄴 - 𑄇𑄧𑄚𑄧 𑄃𑄬𑄇𑄴𑄎𑄧𑄚𑄴𑄘𑄮𑄃𑄨 𑄉𑄨𑄢𑄨𑄖𑄴𑄖𑄨 𑄉𑄧𑄢𑄴𑄖𑄬 𑄉𑄧𑄢𑄴𑄖𑄬 𑄥𑄧𑄁𑄥𑄢𑄧 𑄇𑄟𑄴𑄝𑄮𑄃𑄨 𑄣𑄢𑄬𑄃𑄨 𑄉𑄧𑄢𑄨 𑄡𑄢𑄴 ।,Present
ভাত খাওা শেষ হলে জোনাকিরা একটি শিশুকে দৌাদৌি করে নিল,𑄞𑄖𑄴 𑄈𑄚 𑄗𑄪𑄟𑄴 𑄦𑄧𑄣𑄬 𑄎𑄪𑄚𑄪 𑄥𑄧𑄚𑄝𑄨𑄢𑄬 𑄃𑄬𑄇𑄴𑄇𑄪𑄢𑄬 𑄓𑄉𑄨𑄚𑄬 𑄚𑄚𑄠𑄚𑄴 𑄛𑄪𑄏𑄢𑄴 𑄣𑄧𑄣𑄧।,Past
.সনাবিেও যে সনাবিগুলো শুনা হ,𑄥𑄧𑄚𑄝𑄨𑄠𑄮 𑄎𑄪𑄚𑄪 𑄡𑄬𑄘𑄧𑄇𑄴 𑄥𑄧𑄚𑄝𑄨𑄢𑄬 𑄛𑄪𑄏𑄢𑄴𑄠𑄚𑄨 𑄥𑄪𑄚𑄬𑄢𑄴 𑄥𑄬𑄘𑄧𑄇𑄴 𑄦𑄟𑄧𑄇𑄴 𑄦𑄧𑄢𑄴।,Present
লাল যে পোকাগুলো জুে গিে যা একটা কেকটা করে যা,𑄢𑄋 𑄡𑄬 𑄛𑄪𑄏𑄢𑄴𑄠𑄚𑄨 𑄎𑄪𑄚𑄪𑄢𑄬 𑄉𑄧𑄢𑄨 𑄡𑄨𑄠𑄳𑄠 𑄃𑄬𑄇𑄴 𑄇𑄧𑄃𑄨 𑄛𑄪𑄏𑄢𑄴 𑄥𑄧𑄚𑄝𑄨 𑄉𑄧𑄢𑄨 𑄡𑄢𑄴।,Present
জোনাকিরা জোনাকির ডিম দিে যা,𑄎𑄪𑄚𑄪 𑄡𑄳𑄠𑄬𑄚𑄴𑄉𑄧𑄢𑄨 𑄛𑄢𑄬 𑄥𑄧𑄚𑄝𑄩 𑄛𑄪𑄏𑄢𑄴𑄠𑄚𑄨 𑄎𑄮𑄛𑄴 𑄘𑄨 𑄡𑄢𑄴।,Present
মেেটা ঝর্ণার পানিতে সাঁতার কাটতেছে - তুমি কি বানরটা নদীর পানিতে সাঁতার কাটছে দেখেছো?,𑄎𑄬𑄢𑄬 𑄎𑄪𑄚𑄪 𑄥𑄧𑄚𑄝𑄨𑄖𑄴𑄪𑄚𑄴 𑄎𑄚𑄨𑄝𑄬𑄢𑄴 𑄌𑄬𑄣𑄧 - 𑄥𑄧𑄚 𑄖𑄪𑄃𑄨 𑄇𑄨 𑄝𑄚𑄴𑄘𑄧𑄢𑄴𑄇𑄝 𑄥𑄧𑄢 𑄛𑄚𑄨𑄖𑄴 𑄖𑄧 𑄃𑄚𑄴𑄘𑄧𑄣𑄧𑄚𑄴 𑄉𑄧𑄢𑄚 𑄞𑄏𑄬 𑄘𑄮𑄌𑄴?,Present
সে তোমার বলে এই হাল,𑄥𑄣𑄬 𑄖𑄧𑄢𑄴 𑄇𑄳𑄠 𑄃𑄬 𑄦𑄣𑄴।,Present
.সনাবি কল - আমার সেই জাগাটা মরে যা না তো,𑄥𑄧𑄚𑄝𑄨 𑄇𑄧𑄣𑄧 - 𑄟𑄧𑄢𑄴 𑄥𑄬 𑄗𑄚𑄴 𑄛𑄚𑄠𑄚𑄴 𑄟𑄧𑄢𑄨 𑄚𑄧 𑄡𑄠𑄴 𑄘𑄧।,Present
মলা থেকে আমার ছেলে ছাা আসবে,𑄟𑄧𑄖𑄴𑄪𑄚𑄴 𑄟𑄧 𑄛𑄱 𑄍𑄝𑄃𑄨𑄙𑄪 𑄃𑄝𑄪𑄎𑄨𑄝𑄧।,Future
জোনাকির মতো যতগুলো জোনাকির কথা শুনা যা,𑄎𑄪𑄚𑄪 𑄃𑄬𑄎𑄚𑄴𑄉𑄧𑄢𑄨 𑄡𑄬𑄘𑄧𑄇𑄴 𑄥𑄧𑄚𑄝𑄨 𑄇𑄧𑄙𑄠𑄚𑄨 𑄥𑄪𑄚𑄬𑄢𑄴 𑄥𑄬𑄘𑄧𑄇𑄴 𑄖𑄣𑄴𑄣𑄮𑄃𑄨 𑄡𑄬𑄚𑄬 𑄟𑄨𑄣𑄨 𑄡𑄢𑄴।,Present
চিন্তা করে হে উঠতেছে,𑄞𑄝𑄨 𑄞𑄝𑄨 𑄦𑄟𑄧𑄇𑄴 𑄦𑄮𑄃𑄨 𑄃𑄪𑄙𑄬𑄢𑄴।,Present
.স্বামী-স্ত্রী একসাথে কথা বলে,𑄎𑄬𑄢𑄬 𑄥𑄧𑄚𑄝𑄨𑄢𑄬 𑄇𑄧𑄣𑄧 - 𑄥𑄧𑄚।,Present
আমি যে কাজ করি সেটা-ও আালন করতেছি,𑄟𑄪𑄃𑄨 𑄡𑄬 𑄇𑄟𑄴𑄠𑄚𑄴 𑄉𑄧𑄢𑄧𑄋𑄧𑄢𑄴 𑄃𑄨𑄠𑄚𑄴 𑄠𑄮 𑄃𑄚𑄴𑄘𑄧𑄣𑄧𑄚𑄧𑄢𑄴 𑄃𑄬𑄇𑄴𑄇𑄚𑄴 𑄇𑄧𑄖𑄴𑄖।,Present
সবাই এই কাজটা করতে পারলে আমাদের জাতিটা স্থির হবে,𑄝𑄬𑄇𑄴𑄪𑄚𑄬 𑄃𑄬 𑄃𑄬𑄎𑄚𑄴𑄉𑄧𑄢𑄨 𑄇𑄧𑄖𑄴𑄖 𑄇𑄧𑄖𑄴𑄖𑄉𑄧𑄢𑄨 𑄇𑄟𑄴 𑄉𑄧𑄢𑄨𑄣𑄬 𑄖𑄬 𑄃𑄟 𑄎𑄖𑄴𑄱 𑄗𑄨𑄘𑄧𑄝𑄧𑄢𑄨 𑄦𑄧𑄝𑄧।,Future
.আবার আসলে এই কথা শুনে জোনাকিরা আলাদা হলো,𑄃𑄢𑄧 𑄃𑄬𑄣𑄬 𑄃𑄬𑄃𑄨𑄟𑄴 𑄇𑄮𑄃𑄨𑄚𑄬 𑄎𑄪𑄚𑄪 𑄥𑄧𑄚𑄝𑄨𑄖𑄴𑄪𑄚𑄴 𑄜𑄢𑄧𑄇𑄴 𑄦𑄧𑄣𑄧।,Past
"আমি,সনাবি,রাঙা তিনজন তিন পথে হাঁটছে","𑄃𑄬𑄖𑄴𑄖𑄬 𑄃𑄬𑄖𑄴𑄖𑄬 𑄞𑄝𑄬𑄢𑄴 - 𑄟𑄪𑄃𑄨, 𑄥𑄧𑄚𑄝𑄨, 𑄢𑄋 𑄖𑄨𑄚𑄧𑄎𑄧𑄚𑄬 𑄖𑄨𑄚𑄴 𑄛𑄧𑄙𑄧𑄖𑄴 𑄦𑄘𑄨𑄢𑄴।",Present
এক দিন তিন জন সমে এক পথে ছিলাম,𑄃𑄬𑄇𑄴 𑄘𑄨𑄚𑄴 𑄖𑄨𑄚𑄴𑄎𑄧𑄚𑄬 𑄥𑄧𑄟𑄧𑄢𑄥𑄧𑄟𑄢𑄨 𑄃𑄬𑄇𑄴 𑄛𑄧𑄙𑄧𑄖𑄴 𑄃𑄬𑄣𑄧𑄁 ।,Past
একজন নেই,𑄃𑄨𑄇𑄴𑄇𑄪 𑄚𑄬𑄃𑄨 ।,Present
কোন একদিন তিনজন মিলে একটি জাগা বসতে পারে।,𑄇𑄧𑄚𑄧𑄘𑄨𑄚𑄴 𑄖𑄨𑄚𑄴𑄎𑄧𑄚𑄬 𑄎𑄧𑄚𑄨 𑄣𑄪𑄋𑄨 𑄃𑄬𑄇𑄴𑄇𑄚𑄴 𑄎𑄉𑄖𑄴 𑄎𑄨𑄢𑄬𑄃𑄨 𑄛𑄢𑄨 ।,Present
এগুলো ভাবতে ভাবতে দুপুর হে গেল-বেলাটা ভোর হে যাচ্ছে,𑄃𑄨𑄠𑄚𑄨 𑄞𑄝𑄧𑄘𑄬 𑄞𑄝𑄧𑄘𑄬 𑄃𑄘𑄬𑄇𑄳𑄠𑄉𑄧𑄢𑄨 𑄎𑄪𑄚𑄪𑄢𑄴 𑄦𑄪𑄌𑄴 𑄦𑄧𑄣𑄧 - 𑄝𑄬𑄣𑄚𑄴 𑄛𑄧𑄏𑄨𑄟𑄧 𑄟𑄮𑄚𑄧𑄖𑄴 𑄘𑄪𑄝𑄨𑄝𑄢𑄴 𑄎𑄠𑄴𑄎𑄪𑄇𑄴𑄇𑄧𑄣𑄴 𑄉𑄧𑄢𑄬𑄢𑄴।,Present
লম্বা লম্বা পদক্ষেপ না নিলে পিছনে যাওা যা না,𑄣𑄟𑄴𑄝 𑄣𑄟𑄴𑄝 𑄈𑄪𑄌𑄴 𑄈𑄪𑄌𑄴 𑄚𑄧 𑄝𑄢𑄬𑄣𑄬 𑄣𑄪𑄋𑄨𑄝𑄢𑄴 𑄃𑄏 𑄚𑄬𑄃𑄨 ।,Present
লম্বা লম্বা পাখানা করতে হ,𑄣𑄟𑄴𑄝 𑄣𑄟𑄴𑄝 𑄈𑄪𑄌𑄴 𑄝𑄢𑄬𑄃𑄨 𑄦𑄘 𑄙𑄧𑄢𑄴𑄣𑄧।,Present
পিসেমশাই- পিসেমশাই,𑄛𑄨𑄎𑄬 𑄛𑄧𑄢𑄨 𑄢𑄧𑄣𑄧 - 𑄝𑄚𑄴𑄌𑄧𑄢𑄴𑄇𑄝 𑄃𑄘𑄟𑄴।,Present
পাহাে পে রেছে বোর কাজ,𑄟𑄪𑄎𑄪𑄋𑄬 𑄛𑄧𑄢𑄨 𑄢𑄧𑄣𑄧 𑄎𑄘𑄧𑄢𑄴 𑄞𑄬𑄃𑄨𑄘𑄮 𑄇𑄟𑄴 ।,Present
১. সরল পথ ২. সরল পথ,𑄘𑄨𑄊𑄮𑄣𑄴 𑄛𑄧𑄗𑄴 ।,Present
"এক জাতী বুনো ফল, যা সবজি হিসেবে ব্যবহৃত হ",......................,Present
একটি জঙ্গল অনেক গুলো গাছ আসতেছে,𑄃𑄬𑄇𑄴𑄇𑄚𑄴 𑄏𑄢𑄧𑄖𑄴 𑄞𑄣𑄪𑄇𑄴𑄇𑄪𑄚𑄴 𑄉𑄎𑄴 𑄃𑄬𑄣𑄇𑄴 ।,Present
"আম,খাওার গাে অনেক ব জঙ্গল-তারা সবাই একসাথে আসলো","𑄃𑄟𑄴𑄉𑄎𑄴,𑄈𑄎𑄪𑄢𑄴 𑄉𑄎𑄴 𑄃 𑄇𑄘𑄟𑄳𑄦𑄧𑄣 𑄉𑄎𑄴-𑄖𑄢𑄢𑄴 𑄎𑄧𑄘𑄧𑄝𑄧𑄘𑄬 𑄇𑄮𑄌𑄴𑄛𑄛𑄳𑄦𑄨 𑄃𑄬𑄣𑄧 ।",Past
এক দিন আকাশ কালো হেছে,𑄃𑄬𑄇𑄴 𑄘𑄨𑄚𑄴 𑄘𑄬𑄝 𑄇𑄣 𑄉𑄧𑄎𑄴𑄎𑄳𑄠 ।,Present
ধীরে ধীরে বাতাস বতেছে,𑄏𑄪𑄖𑄴 𑄏𑄪𑄖𑄴 𑄉𑄪𑄢𑄨 𑄝𑄮𑄠𑄬𑄢𑄴 𑄝𑄢𑄴 ।,Present
আম গাছটি চোখের পানি ফেলতেছে,𑄃𑄟𑄴 𑄉𑄎𑄴𑄌𑄪𑄃𑄧 𑄟𑄧𑄚𑄧 𑄘𑄪𑄉𑄬 𑄌𑄮𑄉𑄧 𑄛𑄚𑄨 𑄜𑄬𑄣𑄢𑄴 ।,Present
কাঠঠোকরা গাছটি তাকে বুঝাচ্ছে,𑄈𑄎𑄮𑄢𑄴 𑄉𑄎𑄴-𑄃 -𑄇𑄘𑄟𑄳𑄦𑄧𑄣 𑄉𑄎𑄴𑄌𑄪𑄃𑄧 𑄖𑄢𑄬 𑄝𑄪𑄏𑄘𑄧𑄚𑄴 ।,Present
আম গাছটি উে গেল,𑄃𑄟𑄴 𑄉𑄎𑄴𑄌𑄪𑄃𑄧 𑄃𑄪𑄥𑄴𑄥𑄮 𑄃𑄧𑄣𑄧 ।,Past
.খাওার গাছটিও উস্ছে,𑄈𑄎𑄮𑄢𑄴 𑄉𑄎𑄴𑄌𑄪𑄃𑄧𑄤𑄧 𑄃𑄪𑄥𑄴𑄥𑄮 𑄃𑄧𑄣𑄧 ।,Present
বালকের দিন যে আম্র গাছের পাতা পলো,𑄝𑄣𑄧𑄇𑄴 𑄘𑄨𑄚𑄴 𑄡𑄬𑄢𑄬 𑄃𑄟𑄴 𑄉𑄎𑄧𑄌𑄮𑄢𑄴 𑄚𑄪𑄃𑄧 𑄛𑄘 𑄃𑄪𑄘𑄨𑄣𑄧 ।,Present
বাগানে সব গাছ উঠতেছে,𑄝𑄉𑄚𑄧𑄖𑄴 𑄝𑄬𑄇𑄴 𑄉𑄎𑄴𑄥𑄪𑄚𑄴 𑄃𑄪𑄥𑄴𑄥𑄮 𑄃𑄧𑄣𑄇𑄴 ।,Present
কাঠাল গাছটাও উস্কুখুস্কু,𑄈𑄘𑄟𑄧𑄣 𑄉𑄎𑄴𑄌𑄪𑄃𑄧𑄤𑄧 𑄃𑄪𑄥𑄴𑄥𑄮 𑄃𑄧𑄣𑄧 ।,Present
ছিঁচকাঁদুনে পা,𑄍𑄨𑄎𑄨 𑄑𑄧𑄘𑄬𑄇𑄴𑄇𑄮 𑄛𑄣𑄬𑄝 ।,Present
ছিছি তাকে টোকাইটা টোকাই দিল,𑄍𑄨𑄎𑄨 𑄖𑄝𑄛𑄴𑄛𑄮𑄢𑄬 𑄖𑄚𑄨𑄚𑄬𑄭 𑄑𑄧𑄘𑄬𑄇𑄴𑄇𑄱𑄢𑄬 𑄃𑄨𑄢𑄨 𑄘𑄨𑄣𑄧 ।,Past
এক জাতী পাখি,𑄒𑄧𑄘𑄬𑄇𑄴 𑄛𑄬𑄉𑄴,Present
"রগচটা, গোঁার গোবিন্দ, গোঁার গোবিন্দ",𑄢𑄧𑄎𑄬𑄠𑄬 : 𑄉𑄮𑄛𑄨𑄚𑄗𑄴 𑄖𑄳𑄢𑄛𑄪𑄢,Present
