chakma,bangla
𑄖𑄪𑄃𑄨 𑄃𑄪𑄢𑄴𑄉𑄪𑄟𑄳𑄠 𑄉𑄧𑄢𑄨 𑄚𑄧 𑄗𑄬𑄃𑄨𑄌𑄴,তুমি উপর্যুপরি তাকিে থেকো না
𑄖𑄧 𑄟𑄪𑄠𑄮 𑄞𑄌𑄴 𑄚𑄧 𑄡𑄬𑄝𑄧 𑄞𑄧𑄌𑄴,তোমার আমার ভ লাগবে না
𑄇𑄧𑄚𑄧 𑄎𑄧𑄚𑄬 𑄥𑄖𑄴𑄇𑄟𑄴 𑄚𑄧 𑄞𑄝𑄨𑄣𑄬𑄠𑄳𑄠𑄧,কোন জনে সাতকা চিন্তা না করলে
𑄇𑄧𑄙 𑄇𑄧𑄚𑄖𑄴 𑄖𑄧 𑄞𑄏𑄬,কথা বলতে বলতে তোমার ভালো লাগে
"𑄥𑄧𑄚𑄴𑄞𑄪𑄃𑄨, 𑄖𑄢𑄪𑄟𑄴 𑄏𑄢𑄴 𑄃𑄪𑄘𑄨 𑄡𑄬𑄣𑄬𑄠𑄳𑄠𑄧","বন্ধু,তারুম জঙ্গল থেকে উঠে গেলে"
𑄍𑄧𑄢-𑄍𑄧𑄢𑄨 𑄥𑄏 𑄦𑄧𑄣𑄬𑄠𑄳𑄠𑄧,দৌাদৌি করলে
"𑄛𑄧𑄢𑄚𑄴 𑄝𑄎𑄬 𑄌𑄬𑄃𑄨𑄟𑄴, 𑄖𑄧𑄢𑄴 𑄥𑄬","প্রাণটা বাজাবো,তোমার সে"
"𑄃𑄉𑄧 𑄙𑄧𑄇𑄴, 𑄢𑄧𑄋𑄴 𑄞𑄧𑄢𑄧𑄚𑄴 𑄛𑄨𑄢𑄮𑄚𑄴","আগের মতো, রং ভরা পিঁপা"
𑄢𑄧𑄋𑄴𑄌𑄧𑄇𑄴𑄥𑄧𑄇𑄳𑄠𑄬 𑄃𑄚𑄨𑄝𑄢𑄴 𑄜𑄨𑄢𑄬।,রংচঙে আনার জন্য ফিরে
𑄙𑄧𑄚𑄴𑄛𑄪𑄘𑄨!,ধনপুটি
"𑄖𑄢𑄪𑄟𑄴 𑄏𑄢𑄴 𑄚𑄬𑄃𑄨, 𑄞𑄝𑄧𑄢𑄴",".তারুম জঙ্গল নেই,ব"
"𑄇𑄬𑄚𑄬 𑄝𑄚𑄬𑄝𑄬 𑄥𑄮𑄌𑄴𑄎𑄬𑄇𑄴, 𑄝𑄧 𑄇𑄘𑄨","কেন বানাবে সুগন্ধি,ব কাপ"
"𑄌𑄧 𑄉𑄌𑄴, 𑄥𑄨𑄣𑄴 𑄇𑄧𑄢𑄮𑄃𑄨 𑄃 𑄚𑄇𑄴𑄥𑄜𑄪𑄣𑄧 𑄉𑄌𑄴 𑄚𑄬𑄃𑄨","চ গাছ,সীালের পাশে একনাগাে ফুল আছে"
𑄝𑄚𑄬 𑄚𑄧 𑄛𑄢𑄨𑄝𑄬 𑄝𑄨𑄠𑄮𑄋𑄴।,বানাতে পারবে না বিে
𑄃𑄧𑄃𑄨 𑄟𑄬𑄠𑄬 𑄟𑄪𑄢𑄮𑄖𑄴 𑄝𑄨𑄎𑄮𑄢𑄴 𑄌𑄢𑄳𑄦𑄬 𑄘𑄨𑄣𑄪𑄋𑄴,ওই মেেটা পাহাে সব চে দিল
𑄖𑄧 𑄥𑄬 𑄝𑄚𑄬𑄝𑄢𑄴 𑄥𑄧𑄌𑄴𑄛𑄧𑄘𑄧𑄢𑄴 𑄥𑄪𑄚𑄴𑄎𑄪𑄇𑄴।,তোমার সে বানানোর শখ আছে
"𑄚𑄨𑄛𑄧𑄢𑄴𑄞 𑄉𑄧𑄢𑄨 𑄊𑄪𑄟𑄴 𑄡, 𑄌𑄨𑄘𑄬 𑄚𑄧 𑄃𑄚𑄨𑄌𑄴 𑄟𑄧𑄚𑄧𑄖𑄴",".নিঃশব্দ করে ঘুমাই যাও,চিন্তা করিও না মনে"
"𑄙𑄧𑄢𑄴𑄡𑄮 𑄙𑄧𑄢𑄨 𑄝𑄌𑄴𑄎𑄬 𑄛𑄬𑄝𑄬 𑄚𑄧 𑄗𑄬𑄝𑄧 𑄇𑄧𑄚𑄧 𑄃𑄪𑄚𑄧,",ধরে ধরে বেঁধে থাকতে পারবে না সে
𑄛𑄪𑄢𑄬𑄃𑄨 𑄛𑄢𑄨𑄝𑄬 𑄟𑄧𑄚𑄧𑄢𑄴 𑄃𑄃𑄧𑄱𑄌𑄴।,.পুেতে মনের ইচ্ছা পূরণ করতে পারবে
𑄘𑄧𑄉𑄨𑄚𑄴 𑄛𑄧𑄎𑄨𑄟𑄬𑄖𑄴𑄖𑄪𑄚𑄴,দক্ষিণ পশ্চিম থেকে
𑄇𑄣 𑄟𑄬𑄉𑄬 𑄙𑄉𑄨 𑄃𑄚𑄬𑄢𑄴,কালো মেে দৌে আসছে
𑄦𑄨𑄣𑄧𑄢𑄴 𑄦𑄬𑄭𑄣𑄴 𑄃𑄉𑄌𑄴𑄥𑄚𑄴,এক জাতী বুনো ফল যা সবজি হিসেবে ব্যবহৃত হ
"𑄇𑄨 𑄦𑄧𑄞𑄧, 𑄇𑄨 𑄉𑄧𑄢𑄨𑄝𑄧𑄋𑄴","কি হবে,কি হবে"
𑄊𑄧𑄢𑄴 𑄘𑄪𑄠𑄢𑄴 𑄌𑄬𑄣𑄬 𑄞𑄋 𑄞𑄋।,বািটা দুা দেখলে ভাঙা ভাঙা
𑄝𑄘𑄨𑄠𑄳𑄠 𑄇𑄧𑄠𑄴𑄘𑄬 𑄃𑄎𑄨,বাঁশের কলা বলে আজকে
𑄇𑄪𑄟𑄮𑄎𑄧 𑄉𑄌𑄴𑄍𑄪 𑄘𑄉𑄨 𑄇𑄧𑄢𑄴,মুরগীর গািটা ডাকতেছে
𑄇𑄬𑄣𑄳𑄠 𑄇𑄧𑄙𑄚𑄨 𑄃𑄬𑄌𑄳𑄠𑄬 𑄇𑄨 𑄇𑄧𑄌𑄴?,কেলা কথা গুলো আসে কেন?
"𑄷𑅄𑄾𑄹 𑄥𑄣𑄧𑄖𑄴,",৮১০৩. সাল
𑄥𑄬 𑄇𑄪𑄟𑄮𑄎𑄧 𑄉𑄌𑄴𑄍𑄱 𑄇𑄝𑄨 𑄘𑄨𑄣𑄇𑄴,সে মুরগিটা কেটে দিল
𑄥𑄬 𑄌𑄨𑄉𑄮𑄚𑄴 𑄉𑄏𑄬-𑄝𑄎𑄬,সে ছোট ছেলে-মেে
𑄖𑄚𑄴 𑄚𑄧 𑄟𑄚𑄬𑄢𑄴 𑄃𑄢𑄴।,১. তার মানে আর মানে না ২. তার মানে নাই
𑄡𑄬 𑄉𑄏𑄧 𑄜𑄪𑄣𑄧𑄖𑄴𑄪𑄚𑄴 𑄜𑄧𑄣𑄴 𑄙𑄪𑄢𑄨,যে গাছের ফুল থেকে ফল বের হ
"𑄃𑄪𑄘𑄨𑄝𑄇𑄴 𑄚𑄪𑄠𑄱 𑄉𑄧𑄢𑄨 𑄉𑄌𑄴,",এক জাতী গাছ
𑄥𑄬 𑄉𑄌𑄴𑄥𑄪𑄚𑄴 𑄦𑄖𑄴 𑄘𑄨𑄣𑄬,এই গাছটি হাত দিলে
𑄘𑄋𑄴𑄘𑄋𑄳𑄠𑄬 𑄦𑄧𑄞𑄧 𑄦𑄨𑄣𑄴 𑄌𑄘𑄨𑄉𑄋𑄴।,ব ব হেছে এমন
𑄞𑄝𑄨 𑄌𑄧 𑄝𑄪𑄏𑄨 𑄌𑄧 𑄟𑄪𑄢𑄧𑄖𑄴𑄛𑄪𑄢𑄨,মনে হ আমি তোমার জন্য অপেক্ষা করছি
𑄟𑄨𑄣𑄬 𑄎𑄖𑄴𑄖𑄱 𑄝𑄎 𑄛𑄧𑄢𑄨𑄝𑄧,মেেদের নাচতে হবে
𑄃𑄨𑄠𑄚𑄴 𑄟𑄧𑄢𑄴 𑄝𑄬𑄉𑄧 𑄃𑄨𑄙𑄪 𑄖𑄪𑄘𑄨।,এখানে আমার বাবা থাকেন
"𑄇𑄨 𑄦𑄧𑄣𑄧 𑄎𑄪𑄟𑄴𑄴𑄟𑄧𑄝𑄨 𑄖𑄧𑄢𑄴,",কি হেছে তোমার
𑄝𑄚 𑄌𑄮𑄇𑄴 𑄛𑄬𑄣𑄳𑄦𑄬 𑄛𑄬𑄣𑄳𑄦𑄬 𑄌𑄬𑄃𑄨 𑄃𑄊𑄧𑄌𑄴,.শুধু চোখ মেলে তাকিে থাকে
𑄚𑄧 𑄣𑄧𑄢𑄬 𑄚𑄧 𑄌𑄧𑄢𑄬 𑄌𑄮𑄇𑄴 𑄢𑄋,নাচা না করে চোখ লাল করে তাকানো
𑄌𑄮𑄉𑄧 𑄛𑄘 𑄃𑄬𑄇𑄴 𑄚𑄧 𑄉𑄧𑄢𑄧𑄌𑄴।,চোখের পাতা একনাগাে করো
𑄇𑄨 𑄦𑄧𑄠𑄬 𑄖𑄧𑄢𑄴 𑄞𑄋𑄨 𑄇𑄧।,কি হেছে তোমার মাথা
"𑄖𑄪𑄃𑄨 𑄃𑄟𑄳𑄦 𑄖𑄬𑄢𑄧𑄝𑄱 𑄞𑄬𑄃𑄨𑄠𑄮𑄢𑄴 𑄃𑄬𑄇𑄴𑄇𑄱 𑄝𑄮𑄚𑄴,",তোমরা আমাদের তেরটা ভাইদের এক বোন
𑄇𑄧𑄙𑄧𑄇𑄴 𑄙𑄢𑄎𑄬 𑄛𑄬𑄣𑄧𑄋𑄴 𑄖𑄧𑄢𑄬,কত ব নাগাল পেলাম তোমাকে
𑄎𑄨𑄁𑄇𑄚𑄨 𑄝𑄎𑄨 𑄗𑄇𑄴𑄇𑄬,জীবন বেঁচে থাকে
𑄖𑄧𑄢𑄬 𑄃𑄟𑄨 𑄘𑄪𑄇𑄴 𑄘𑄨𑄝𑄢𑄴 𑄚𑄧 𑄌𑄬𑄃𑄨।,তোমাকে আমি দুঃখ দিতে চাই না
𑄝𑄢𑄴 𑄉𑄧𑄢𑄧𑄋𑄴 𑄖𑄧𑄟𑄢𑄬 𑄚𑄨𑄚𑄬𑄃𑄨,বার বার তোমাকে নিে যাই
"𑄛𑄨𑄖𑄴𑄗𑄨𑄟𑄨 𑄝𑄨𑄎𑄧𑄉𑄧𑄖𑄴, 𑄇𑄢𑄧 𑄇𑄧𑄝𑄣𑄧𑄖𑄴 𑄚𑄬𑄃𑄨 𑄖𑄬𑄢𑄧 𑄞𑄬𑄃𑄨।","পৃথিবীতে কেউ নেই, কার কথা আছে না"
𑄖𑄪𑄟𑄨 𑄞𑄬𑄃𑄨𑄠𑄬 𑄞𑄬𑄃𑄨𑄠𑄬 𑄉𑄧𑄢𑄧𑄢𑄴 𑄟𑄢 𑄟𑄢𑄨।,তোমরা ভে ভে মার খাও
𑄉𑄋𑄧𑄖𑄴 𑄡𑄬𑄣𑄬 𑄏𑄝𑄧𑄚𑄴 𑄟𑄧𑄢𑄬,গাঙে গেলে ঝাু মরে
𑄃𑄨𑄌𑄴𑄇𑄪𑄣𑄧𑄖𑄴 𑄡𑄬𑄣𑄬 𑄞𑄬𑄌𑄴𑄍𑄚𑄴,"এখানে গেলে বাতাস, বাু"
𑄘𑄢𑄴𑄝𑄱 𑄛𑄘 𑄇𑄧𑄎 𑄡𑄬𑄃𑄨 𑄚𑄧 𑄛𑄢𑄧𑄋𑄴,পাহাের পাতা কাটা যা না
𑄞𑄨𑄚𑄴 𑄎𑄖𑄴𑄖𑄱 𑄘𑄧𑄢𑄬।,ভিন্ন জাতের ভে
𑄚𑄨𑄛𑄧𑄢𑄴𑄞 𑄚𑄬𑄃𑄨 𑄟𑄧𑄢𑄴 𑄇𑄧𑄚𑄧 𑄎𑄉𑄖𑄴,.নিঃশব্দ কোনো জাগা
𑄞𑄋𑄨 𑄇𑄧𑄣𑄪𑄋𑄴 𑄖𑄧𑄟𑄢𑄬,ভাঙা কলকি দিে তোমাদেরকে ডাকতেছি
𑄃𑄬𑄝𑄢𑄴 𑄖𑄪𑄟𑄨 𑄇𑄨 𑄉𑄧𑄢𑄨𑄝?,এবার তোমরা কি গরিব
𑄚𑄧𑄠𑄴 𑄦𑄢𑄬𑄝 𑄖𑄧𑄟 𑄚𑄮𑄚𑄨𑄠𑄬 𑄝𑄮𑄚𑄴,তোমাদের নানিের বোন
𑄟𑄪𑄃𑄨 𑄌𑄋𑄴𑄟,পাহাের চূা
𑄝𑄁𑄣𑄘𑄬𑄏𑄧𑄖𑄴 𑄃𑄊𑄧𑄁 𑄞𑄨𑄣𑄨 𑄚𑄧𑄠𑄴 𑄟𑄪𑄃𑄨 𑄝𑄋𑄣𑄨,বাঙালিতে আছে নাকি আমি বাঙালি
𑄃𑄨𑄖𑄴𑄪𑄚𑄴 𑄝𑄬𑄌𑄴 𑄘𑄋𑄧𑄢𑄴 𑄌𑄨𑄚𑄴𑄛𑄧𑄌𑄳𑄠𑄬 𑄟𑄪𑄃𑄨 𑄎𑄪𑄟𑄴𑄧 𑄎𑄘𑄨,এখান থেকে বেশি ব চিনেছি আমি
𑄦𑄨𑄣𑄴 𑄌𑄘𑄨𑄉𑄋𑄧𑄢𑄴 𑄃𑄘𑄨𑄝𑄥𑄨।,এক জাতী বুনো ফল যা সবজি হিসেবে ব্যবহৃত হ
𑄟𑄪𑄃𑄨 𑄃𑄊𑄬 𑄞𑄌𑄴।,মুখে আছে ভাত
𑄟𑄪𑄃𑄨 𑄃𑄊𑄬 𑄃𑄧𑄏𑄛𑄖𑄴।,আমি আছি উপরে
𑄟𑄪𑄃𑄨 𑄴 𑄃𑄊𑄬 𑄢𑄨𑄘𑄨𑄥𑄪𑄙𑄮𑄟𑄴।,.আমার মুখে হাসি
𑄟𑄪𑄃𑄨 𑄃𑄊𑄬 𑄃𑄣𑄳𑄠𑄇𑄴।,আমি আছি একা
𑄝𑄬𑄇𑄴𑄈𑄚𑄨 𑄟𑄪𑄭 𑄖𑄧𑄟𑄖𑄴𑄪𑄚𑄴 𑄃𑄣𑄘।,সবগুলো আমি তোমার থেকে আলাদা
"𑄖𑄪𑄃𑄧 𑄇𑄨𑄖𑄴𑄬 𑄝𑄢𑄴𑄝𑄋𑄚𑄬, 𑄛𑄨𑄢𑄳𑄦𑄨𑄖𑄴𑄪𑄚𑄴 𑄛𑄨𑄢𑄳𑄦𑄨 𑄇𑄮𑄭 𑄡𑄧𑄢𑄴","তুমি কেন বার বার আসা যাওা করো,পিঁপা থেকে দূরে দূরে কথা বলতেছ"
𑄝𑄁𑄣𑄘𑄬𑄏𑄧𑄖𑄴 𑄡𑄢 𑄃𑄊𑄨 𑄃𑄟𑄨 𑄝𑄬𑄇𑄴𑄪𑄚𑄴 𑄝𑄋𑄣𑄨।,বাঙালিতে যারা আছে আমরা সবাই বাঙালি
"𑄟𑄪𑄭 𑄃𑄬𑄣𑄪𑄁 𑄥𑄥𑄧𑄇𑄴 𑄎𑄖𑄴,",পাহাে আসলাম শাকের জাত
𑄘𑄬𑄌𑄴 𑄃𑄬𑄣𑄧 𑄟𑄧𑄢𑄴।,আমার দেশ এসেছে
𑄥𑄧𑄟𑄧𑄠𑄧𑄢𑄴 𑄉𑄧𑄋𑄢𑄬 𑄃𑄨𑄇𑄳𑄠𑄬 𑄟𑄪𑄭 𑄢𑄧𑄚𑄴𑄦𑄨𑄚𑄴,সম নদীকে এখন আমি রেছি
𑄥𑄬𑄚𑄬 𑄇𑄨 𑄖𑄪𑄟𑄨 𑄃𑄧𑄚𑄴𑄥𑄪𑄢𑄴 𑄝𑄬𑄋 𑄌𑄮𑄉𑄬 𑄌𑄬𑄝?,সেকারণে কি তোমরা আংটা বাঁকা করে তাকা?
"𑄢𑄧𑄚𑄴𑄦𑄨𑄚𑄴 𑄚𑄧𑄠𑄴,","রণক্ষেত্র না, যুদ্ধক্ষেত্র"
𑄢𑄧𑄚𑄴 𑄇𑄝𑄬 𑄟𑄧𑄢𑄴।,আমার রোদ পোহাতে ইচ্ছে করে
"𑄟𑄧𑄢𑄴𑄃𑄮 𑄘𑄧 𑄣𑄮 𑄃𑄊𑄬, 𑄃𑄊𑄬 𑄖𑄧𑄟 𑄥𑄚𑄴","আমার তো ভাই আছে,তোমার ভাই"
"𑄌𑄮𑄇𑄴, 𑄇𑄚𑄴, 𑄦𑄖𑄴 𑄗𑄬𑄋𑄴 𑄡 𑄖𑄧𑄟𑄢𑄴 𑄃𑄊𑄬।","চোখ,কান,হাতের পা যাওা যা তোমার"
"𑄝𑄚 𑄚𑄧𑄠𑄴 𑄟𑄪𑄭 𑄝𑄬𑄎𑄧𑄝𑄚𑄴, 𑄇𑄧𑄙 𑄘𑄨𑄚𑄬𑄭 𑄇𑄢𑄧𑄢𑄬 𑄚𑄧 𑄗𑄧𑄉𑄁।","শুধু আমি বোই করি, কথা শুধু কাকে রাখি না"
𑄟𑄪𑄭 𑄌𑄋𑄴𑄟।,পাহাের চূা
"𑄡𑄬𑄘𑄧𑄇𑄴 𑄘𑄨𑄚𑄴 𑄗𑄬𑄝𑄧 𑄇𑄬𑄃𑄮𑄇𑄳𑄢𑄧𑄓𑄧𑄁, 𑄜𑄪𑄢𑄮𑄟𑄮𑄚𑄴, 𑄃𑄣𑄪𑄖𑄨𑄣",যত দিন থাকবে কেক দিন থাকবে কেকদিন
"𑄡𑄬𑄘𑄧𑄇𑄴 𑄉𑄧𑄋𑄬𑄝𑄧 𑄌𑄬𑄋𑄬, 𑄟𑄨𑄋𑄨𑄚𑄨, 𑄥𑄧𑄁𑄈𑄧, 𑄜𑄬𑄚𑄨,","এত করে চেে,মিঁষি,সখী,ফেনি"
"𑄟𑄖𑄟𑄪𑄦𑄪𑄢𑄨 𑄃 𑄝𑄧𑄢𑄴𑄉𑄁, 𑄥𑄬𑄘𑄧𑄇𑄴 𑄘𑄨𑄚𑄴 𑄥𑄧𑄁 𑄗𑄬𑄭𑄟𑄴,","মািটা অনেক ব,এত দিন পর্যন্ত থাকবো"
"𑄥𑄪𑄚𑄧 𑄥𑄪𑄚𑄧 𑄃𑄧𑄱 𑄎𑄘𑄧𑄢𑄴 𑄚𑄚𑄪 𑄇𑄮𑄣𑄬𑄠𑄳𑄠,",.সুসুে ও জাগা নাাচাা করতেছে
𑄖𑄧𑄟 𑄉𑄨𑄢𑄨𑄖𑄴 𑄇𑄧𑄙𑄧𑄇𑄴 𑄛𑄧𑄢𑄨 𑄃𑄊𑄧𑄚𑄴,তোমাদের বাসা কত পা আছে
𑄚𑄬𑄃𑄨𑄠𑄳𑄠 𑄚𑄘𑄧𑄋𑄴𑄍𑄢 𑄟𑄚𑄴𑄎𑄮𑄢𑄴 𑄦𑄢𑄴,নেই এমন নদীর মাছের হা
𑄉𑄋𑄴 𑄝𑄮𑄃𑄨 𑄡𑄬𑄣𑄧 𑄌𑄮𑄉𑄧 𑄛𑄚𑄨𑄠𑄬,গাঙে ডুবে গেল চোখের পানি
𑄖𑄢𑄴 𑄃𑄨𑄎𑄬𑄛𑄴 𑄖𑄪𑄟𑄨 𑄇𑄨 𑄛𑄧𑄢𑄴?,তার অভ্যাস তুমি কি পর?
𑄞𑄋𑄨 𑄘𑄨𑄝 𑄇𑄧𑄙𑄧𑄇𑄴-,ভেঙে দো কেক
"𑄘𑄮𑄣𑄴 𑄥𑄮𑄚𑄢𑄴 𑄥𑄧𑄋𑄴𑄥𑄢𑄴,",সুন্দর সোনার টুকরা
𑄞𑄋𑄨 𑄉𑄬𑄣𑄧 𑄇𑄧𑄙𑄧𑄇𑄴-,ভেঙে গেল কেক
"𑄥𑄧𑄝𑄧𑄚𑄧𑄢𑄴 𑄢𑄬𑄉, 𑄃𑄏 𑄃 𑄇𑄮𑄌𑄴𑄛𑄚।","স্বপ্ন দেখা,আসা"
𑄃𑄢𑄴 𑄇𑄧𑄙𑄧𑄇𑄴?,আরও কত?
𑄙𑄧𑄚𑄴𑄛𑄪𑄘𑄨𑄖𑄴𑄖𑄪𑄚𑄴 𑄇𑄢𑄨 𑄚𑄨𑄝 𑄢𑄙𑄟𑄧𑄚𑄧𑄢𑄬,ধনপুতুল থেকে কেটে নিে যাওা রাধাকে
𑄖𑄢𑄴 𑄃𑄨𑄎𑄬𑄛𑄴 𑄖𑄪𑄟𑄨 𑄇𑄨 𑄘𑄨𑄝?,তার রাগ তুমি কি দিবে?
𑄃𑄧𑄱 𑄣𑄧𑄢𑄴𑄝𑄱𑄃𑄪𑄚𑄴 𑄥𑄪𑄚𑄧-,.ও লারগুলো সুঁচালো
"𑄖𑄪𑄟𑄨 𑄏𑄢𑄨 𑄜𑄬𑄣𑄧 𑄦𑄞𑄨𑄣𑄳𑄠𑄌𑄴, 𑄖𑄧𑄚𑄧𑄇𑄴 𑄉𑄧𑄢𑄧 𑄟𑄧𑄚𑄴","তুমি জঙ্গল পরিষ্কার করো, সুন্দর করো মন"
"𑄉𑄪𑄌𑄴 𑄘𑄪𑄃𑄧, 𑄞𑄖𑄴𑄟𑄧𑄎 𑄛𑄪𑄚𑄧𑄖𑄴 𑄝𑄚𑄧",".গবাদিপশু,ভাতের পাছাটা পঁচা"
𑄦𑄨𑄣𑄧𑄢𑄴 𑄟𑄘𑄨 𑄈𑄧𑄎𑄣𑄴 𑄝𑄟𑄴 𑄝𑄪𑄏𑄮𑄘𑄮𑄇𑄴 𑄖𑄢।,তারা হিল মাটি পরিষ্কার করতেছে
"𑄊𑄧𑄢𑄧 𑄥𑄪𑄖𑄴𑄖𑄪𑄢𑄬 𑄉𑄧𑄢𑄧 𑄣𑄬𑄋𑄴, 𑄥𑄖𑄴 𑄚𑄣𑄴 𑄥𑄪𑄘𑄧 𑄍𑄨𑄚𑄧","বাির সুতে করা লেং, সাত নাল সুতা ছিঁেছে"
𑄃𑄨𑄖𑄴𑄧𑄱 𑄇𑄪𑄘𑄪𑄟𑄴 𑄦𑄧𑄣𑄬𑄠𑄮 𑄎𑄘𑄧𑄢𑄴 𑄥𑄪𑄖𑄴𑄖𑄪𑄢𑄪 𑄖𑄢,এখান থেকে দূরে হলেও তারা দৌাদৌি করে
𑄚𑄧 𑄘𑄬𑄊𑄬𑄃𑄮 𑄘𑄧𑄠𑄬-𑄟𑄬𑄠𑄳𑄦𑄬 𑄛𑄧𑄢𑄳𑄦𑄢𑄴 𑄖𑄬𑄝𑄨𑄣𑄴 𑄃𑄨𑄢𑄧,না দেখলেও দা-মাা পে
𑄃𑄬𑄉𑄟𑄧𑄚𑄬 𑄎𑄘𑄧𑄢𑄴' 𑄥𑄪𑄖𑄴𑄖𑄪𑄢𑄪𑄢𑄬 𑄚𑄨𑄟𑄎𑄢 𑄉𑄧𑄢𑄧।,কিছুক্ষণ পর পর দৌাদৌি করা
𑄇𑄨 𑄃𑄢𑄴 𑄣𑄨𑄊𑄨𑄟𑄴,কি আর লেখা
𑄇𑄨 𑄃𑄢𑄴 𑄣𑄨𑄊𑄨𑄟𑄴?,কি আরও লিখবো?
𑄟𑄪𑄠𑄧𑄖𑄴 𑄞𑄌𑄴 𑄚𑄬𑄃𑄨।,আমি ভাত খাই না
𑄇𑄧𑄣𑄧𑄟𑄴 𑄙𑄪𑄢𑄨 𑄚𑄧 𑄛𑄢𑄧𑄁 𑄦𑄖𑄴 𑄉𑄨𑄢𑄴𑄉𑄨𑄢𑄃𑄨।,কলম খুলতে পারি না হাত দিে
𑄌𑄮𑄉𑄧𑄛𑄚𑄨𑄠𑄬 𑄇𑄨𑄌𑄴𑄍𑄪 𑄚𑄧 𑄘𑄬𑄊𑄧𑄋𑄴।,চোখের পানি কিছু দেখতেছি না
"𑄝𑄚 𑄢𑄧𑄚𑄴 𑄇𑄝𑄬,",শুধু রোদ পোহা
"𑄌𑄮𑄇𑄴 𑄗𑄬𑄚𑄬𑄃𑄨 𑄇𑄚𑄴,",চোখ বন্ধ করে কান্না
𑄟𑄪 𑄗𑄬𑄚𑄬𑄃𑄨 𑄝𑄪𑄛𑄴।,মুখ থেকে গন্ধ বের হওা
𑄃𑄟𑄨 𑄇𑄨 𑄟𑄚𑄪𑄌𑄴?,আমরা কি মানুষ?
𑄟𑄚𑄪𑄌𑄴 𑄇𑄧𑄣𑄬 𑄃𑄨𑄥𑄳𑄦𑄧𑄢𑄴 𑄝𑄬𑄎𑄢𑄴,মানুষ কথা বললে মেজাজ খারাপ
𑄃𑄧 𑄟𑄚𑄪𑄌𑄴 𑄇𑄧𑄣𑄬 𑄖𑄪𑄃𑄨 𑄝𑄬𑄎𑄢𑄴।,এক লোক কথা বললে তুমি বিরক্ত হও
𑄇𑄧𑄚𑄧 𑄘𑄨𑄚𑄴 𑄞𑄣 𑄚𑄧 𑄃𑄧𑄝𑄧𑄋𑄴,কোন দিন ভালো হ না
𑄡𑄪𑄚𑄨 𑄚𑄧 𑄝𑄧𑄘𑄧𑄣𑄬 𑄃𑄟𑄳𑄦 𑄈𑄌𑄴𑄎𑄬𑄇𑄴𑄈𑄚𑄨।,যোগা না করে আমাদের সাথে যোগা
𑄃𑄰 𑄎𑄘𑄧𑄢𑄴 𑄣𑄮𑄢𑄴𑄝𑄱𑄃𑄪𑄚𑄴 𑄥𑄪𑄚𑄧𑄢𑄴𑄚𑄨?,ওই গাঙের পানিগুলো কি শুনতেছো?
"𑄃𑄰 𑄦𑄬𑄃𑄨𑄣𑄴 𑄏𑄢𑄚𑄨 𑄘𑄉𑄨 𑄇𑄧𑄢𑄴,",এই হিল জঙ্গলটা ডাকিও
"𑄃𑄰 𑄇𑄛𑄴𑄖𑄬 𑄙𑄬𑄝𑄝𑄱 𑄘𑄉𑄨 𑄡𑄢𑄴,",ঐ কাপের পানিটা ডেকে যা
"𑄜𑄃𑄮𑄚𑄧𑄢𑄴 𑄝𑄮𑄃𑄨𑄠𑄬𑄢𑄚𑄴 𑄇𑄚𑄬 𑄇𑄚𑄬 𑄇𑄮𑄃𑄨 𑄡𑄢𑄴,",ফানুসটা কানে কানে বলে যা
𑄃𑄪𑄎𑄬 𑄡𑄧 𑄃𑄪𑄎𑄬 𑄡𑄧 𑄝𑄮𑄃𑄨 𑄗𑄬𑄝𑄢𑄴 𑄚𑄬𑄃𑄨𑄘𑄧 𑄃𑄧𑄇𑄴𑄖𑄧।,উে উে যতগুলো বই আছে সেগুলো রাখার নেই
𑄎𑄖𑄴𑄖𑄱 𑄃𑄊𑄬 𑄝𑄬𑄚𑄣𑄖𑄴।,জাতটা আছে বেইনটাতে
"𑄝𑄳𑄢𑄨𑄑𑄨𑄌𑄴, 𑄛𑄇𑄨𑄥𑄴𑄖𑄚𑄴 𑄖𑄮𑄢𑄬𑄃𑄨 𑄝𑄋𑄴𑄣 𑄻𑄶 𑄝𑄧𑄏𑄧𑄢𑄴","বিে, পাকিস্তান তোমাকে বািেছে ৫০ বছর"
𑄎𑄘𑄧𑄢𑄴 𑄛𑄖𑄴𑄗𑄧𑄣𑄨 𑄃𑄬𑄟𑄴 𑄃𑄬𑄚𑄴 𑄣𑄢𑄴𑄟𑄢𑄴,জাগা পাথরটি একটু একটু ঢালু
"𑄌𑄬𑄢𑄴 𑄘𑄧𑄜 𑄘𑄝𑄨 𑄚𑄧 𑄜𑄬𑄣𑄧𑄋𑄴 𑄃𑄬𑄡𑄧,",চেের দফা গুলো শেষ হ না
"𑄎𑄖𑄴𑄖𑄱 𑄦𑄧𑄣𑄧 𑄇𑄧𑄖𑄴𑄖 𑄇𑄧𑄖𑄴𑄖, 𑄞𑄬𑄘 𑄞𑄬𑄘","জাতিটা হলো কা কা, ভেদ করা"
𑄌𑄨𑄖𑄴 𑄎𑄪𑄢𑄬𑄝𑄢𑄴 𑄟𑄧𑄚𑄴 𑄉𑄧𑄣𑄬𑄝𑄢𑄴 𑄇𑄨 𑄃𑄊𑄬 𑄃𑄟𑄢𑄴?,আমার মন ভালো করার কি আছে?
𑄃𑄪𑄎𑄬 𑄡𑄧 𑄃𑄪𑄎𑄬 𑄡𑄧 𑄝𑄮𑄃𑄨 𑄗𑄬𑄝𑄢𑄴 𑄚𑄬𑄃𑄨 𑄘𑄧 𑄃𑄧𑄇𑄴𑄖𑄧।,উে উে যত বই রাখার আছে তো
"𑄞𑄪𑄃𑄨 𑄥𑄉𑄨𑄚𑄴 𑄙𑄪𑄝𑄨 𑄡𑄬𑄣𑄧, 𑄝𑄧𑄢𑄴 𑄛𑄧𑄢𑄧𑄋𑄴 𑄡𑄬𑄃𑄨 𑄛𑄬𑄣𑄧𑄋𑄴","ভুই সাপগুলো শেষ হে গেল, ব পাখানা যে পেল"
"𑄞𑄌𑄴 𑄃𑄮𑄇𑄴𑄮𑄢𑄴 𑄥𑄦𑄨𑄖𑄳𑄠𑄧 𑄢𑄨𑄘𑄨 𑄥𑄪𑄘𑄮𑄟𑄴 𑄦𑄏𑄨 𑄡𑄬𑄣𑄧,",ভাত একটার সুতা দিে রে গেল
𑄟𑄧𑄚𑄴 𑄝𑄮𑄏𑄬𑄝𑄧𑄋𑄴 𑄇𑄨𑄋𑄨𑄢𑄨?,মনের মতো হবে কেমনে?
"𑄌𑄨𑄉𑄮𑄚𑄴 𑄍𑄧𑄢𑄳𑄦 𑄟𑄪𑄢𑄨 𑄡𑄬𑄣𑄧, 𑄟𑄮𑄚𑄴 𑄟𑄪𑄢𑄳𑄦𑄧 𑄚𑄙 𑄦𑄧𑄣𑄧","ছোট ছাটা লুকিে গেল, পাহাের পাহাের নাা হলো"
𑄝𑄬𑄋𑄴𑄉𑄧𑄟-𑄝𑄬𑄋𑄴𑄉𑄧𑄟𑄨 𑄥𑄢𑄨𑄣𑄇𑄴 𑄃𑄘𑄟𑄴,বেইন-বেইন খেলার গ্রাম
𑄞𑄧𑄢𑄨𑄣𑄧 𑄥𑄪𑄇𑄪𑄚𑄧 𑄛𑄣𑄬 𑄝𑄎𑄨𑄝𑄧𑄋𑄴 𑄇𑄨𑄋𑄨𑄢𑄨?,.ভ করল সুকুন পালে কি হবে?
𑄃𑄧𑄃𑄨 𑄟𑄮𑄧𑄚𑄴 𑄟𑄪𑄢𑄳𑄦𑄧𑄃𑄪𑄚𑄴 𑄘𑄉𑄧𑄘𑄧𑄚𑄴,এই পাহাের পাহাগুলো ডাকতেছে
𑄃𑄧𑄃𑄨 𑄏𑄢𑄚𑄨 𑄘𑄉𑄬𑄢𑄴,ওই জঙ্গলটা পরিষ্কার করে দাও
𑄃𑄬𑄡𑄧 𑄃𑄬𑄡𑄧 𑄃𑄨𑄢𑄪𑄇𑄴 𑄡𑄪𑄉𑄧𑄢𑄴 𑄚𑄪𑄠𑄮 𑄛𑄨𑄢𑄳𑄦𑄨,এত ব ব ব অসুখ
𑄇𑄇𑄳𑄠𑄬 (𑄞𑄬𑄣) 𑄖𑄧𑄟𑄢𑄴 𑄎𑄪𑄉𑄧𑄣𑄴 𑄃𑄧𑄃𑄨 𑄃𑄊𑄬।,"কাকা, বো, তোমাদের মিল আছে"
"𑄇𑄪𑄙𑄪 𑄡𑄬𑄝, 𑄇𑄨 𑄉𑄧𑄢𑄨𑄝 𑄌𑄨𑄚𑄴𑄘𑄬 𑄚𑄧 𑄉𑄧𑄢𑄨","কোথা যাবে,কি গরীব তাা না করে"
"𑄝𑄪𑄢𑄳𑄦𑄧 𑄟-𑄝𑄛𑄴, 𑄊𑄧𑄢𑄴 𑄉𑄨𑄢𑄨 𑄚𑄧 𑄢𑄨𑄚𑄨","বুো মা-বাবা, বাি ঘর টিকলো না"
"𑄟𑄪𑄎𑄪𑄋𑄬 𑄈𑄪𑄌𑄴 𑄛𑄬𑄣𑄧, 𑄣𑄧𑄖𑄴 𑄘𑄪𑄃𑄧","পাহাে পদচিহ্ন পেল,লম্বা পথ পেল"
𑄛𑄪𑄉𑄧 𑄢𑄋 𑄝𑄬𑄣𑄴 𑄃𑄚𑄨𑄝𑄢𑄴 𑄍𑄨𑄚𑄨।,.পুে লাল বেল আনতে যাচ্ছি
"𑄖𑄪𑄟𑄨 𑄟𑄚𑄪𑄌𑄴, 𑄖𑄪𑄟𑄨 𑄘𑄬𑄝𑄬𑄘(𑄘𑄬𑄝𑄧𑄖),","তোমরা মানুষ,তোমরা দেবতা"
"𑄖𑄪𑄟𑄨𑄠𑄳𑄠𑄧 𑄘𑄬𑄏𑄧𑄢𑄴 𑄎𑄘𑄧𑄢𑄴 𑄛𑄖𑄴𑄗𑄧𑄣𑄨,",তোমরা ব ব পাথর
"𑄖𑄪𑄟𑄨 𑄦𑄪𑄚𑄪𑄟𑄚𑄴, 𑄖𑄪𑄟𑄨 𑄙𑄧𑄚𑄴𑄛𑄪𑄘𑄨 - 𑄢𑄙𑄟𑄧𑄚𑄴","তোমরা মানুষ,তোমরা ধনপিঁপা-রামন"
"𑄝𑄧𑄢𑄴𑄟, 𑄝𑄨𑄌𑄴𑄪𑄚𑄧, 𑄥𑄨𑄝𑄴 - 𑄚𑄢𑄠𑄧𑄚𑄴,","আগুন, বিচ্চুন, সিব-নাা"
𑄖𑄧𑄟𑄢𑄴𑄃𑄮 𑄃𑄊𑄬 𑄥𑄬 𑄖𑄬𑄎𑄴𑄍𑄚𑄨।,তোমাদেরও আছে সেই তেজ
𑄇𑄨𑄋𑄨𑄢𑄨 𑄟𑄚𑄪𑄌𑄴 𑄇𑄮𑄟𑄴,এক জাতী মানুষ
𑄇𑄪𑄙𑄪 𑄃𑄊𑄨; 𑄇𑄪𑄙𑄪 𑄗𑄬𑄝𑄧𑄋𑄴,"কোথা আছি, কোথা থাকবো"
"𑄚𑄬𑄃𑄨 𑄛𑄧𑄖𑄳𑄠𑄧 𑄝𑄎𑄨 𑄗𑄬𑄝𑄢𑄴,","নেই পথ বেঁচে থাকার,"
𑄛𑄧𑄘𑄬 𑄊𑄘𑄬 𑄚𑄧 𑄛𑄢𑄬 𑄝𑄬𑄢𑄳𑄦𑄬𑄃𑄨,.পদে পদে থাকতে পারে না
𑄚𑄨𑄊𑄨𑄣𑄬 𑄛𑄧𑄎𑄝𑄌𑄴।,.নিচে পার গন্ধ
𑄎𑄘𑄧𑄢𑄴 𑄃𑄧𑄙𑄨𑄉𑄢𑄴 𑄛𑄬𑄝𑄢𑄴 𑄚𑄋𑄬 𑄃𑄬 𑄈𑄢,এই খেলাটি জুে পার জন্য করা হ
𑄞𑄬𑄃𑄨𑄠𑄬 𑄞𑄬𑄃𑄨𑄠𑄬 𑄟𑄢𑄟𑄢𑄨,ভে ভে মারামারি
𑄃𑄨𑄃𑄚𑄴𑄘𑄧 𑄌𑄨𑄉𑄮𑄚𑄴 𑄉𑄪𑄢𑄮 𑄈𑄢,একটি ছোট শিশু খেলা করছে
𑄃𑄢𑄋𑄴 𑄥𑄪𑄠𑄮𑄣𑄴 𑄚𑄨𑄣 𑄇𑄢𑄨।,.আংটা সুতা নিে রান্না করা
𑄘𑄨𑄚𑄴-𑄢𑄬𑄖𑄴 𑄃𑄝𑄋𑄴 𑄚𑄬𑄃𑄨 𑄉𑄧𑄢𑄨,সারাদিন রাত থাকে না
"𑄃𑄬𑄖𑄴𑄧𑄚𑄴 𑄝𑄋𑄣𑄴 𑄖𑄧𑄛𑄴𑄬 𑄖𑄧𑄛𑄴𑄬 𑄏𑄇𑄴𑄝𑄪𑄘𑄨,","এত ব বাঙালি, এত ব বাঙালি"
𑄖𑄪𑄟𑄨 𑄃𑄊𑄧 𑄢𑄬𑄚-𑄢𑄬𑄚𑄨 𑄉𑄧𑄢𑄨,তুমি আছাা করে
𑄟𑄳𑄦 𑄟𑄬𑄘𑄬𑄚𑄨 𑄟𑄪𑄠𑄧𑄱𑄖𑄴 𑄇𑄬𑄚𑄬,আমার মেদগুলো কোথা আছে
𑄦𑄎𑄨 𑄜𑄪𑄘𑄬𑄝 𑄖𑄪𑄟𑄨?,হাসিখুসি তোমরা?
𑄙𑄳𑄠𑄚𑄨 𑄉𑄳𑄠𑄠𑄬𑄚𑄨𑄢𑄴 𑄌𑄮𑄇𑄴 𑄚𑄬𑄃𑄨,ধিে যাওার মতো চোখ নেই
"𑄥𑄧𑄖𑄳𑄠𑄧 𑄇𑄧𑄙 𑄇𑄮𑄃𑄨 𑄚𑄧 𑄛𑄢𑄬,",সত্য কথা বলতে পারে না
𑄊𑄧𑄢𑄧𑄖𑄴𑄪𑄚𑄴 𑄣𑄟𑄨𑄣𑄬 𑄘𑄧𑄢𑄴𑄘𑄧𑄢𑄴 𑄗𑄧𑄢𑄴𑄗𑄧𑄢𑄴,বাি থেকে বের হে দৌাদৌি
𑄃𑄧𑄚𑄴𑄥𑄪𑄢𑄴 𑄗𑄠𑄴 𑄌𑄨𑄘𑄬।,অসুুস্থ হওা
𑄊𑄧𑄢𑄴 𑄛𑄪𑄢𑄬𑄢𑄴 𑄃𑄘𑄟𑄴 𑄛𑄪𑄢𑄬𑄢𑄴,বাির পাশ দিে গ্রাম পার হে যাচ্ছে
"𑄈𑄧𑄢𑄧𑄣𑄴𑄮 𑄦𑄧𑄘𑄧𑄚𑄴 𑄎𑄪𑄟𑄴𑄮𑄃𑄪𑄚𑄴,",শক্ত হেছে জুমের মানুষগুলো
𑄈𑄢𑄬 𑄚𑄨𑄚𑄬𑄃𑄨 𑄝𑄪𑄇𑄴 𑄘𑄧𑄢𑄧 𑄉𑄧𑄢𑄨 𑄗𑄚,.কাউকে নিে বুক ভ করে থাকা
𑄚𑄬𑄃𑄨 𑄖𑄢𑄢𑄴 𑄇𑄧𑄚𑄧 𑄥𑄪𑄠𑄮𑄣𑄴।,তাদের কোনো সুোল
𑄢𑄎𑄴𑄚𑄨𑄖𑄨 𑄚𑄋𑄬-,রাজহাঁসের ন্যাকা
𑄥𑄧𑄖𑄴 𑄥𑄧𑄖𑄴 𑄟-𑄢𑄴 𑄝𑄪𑄇𑄴 𑄥𑄢𑄣𑄳𑄠,.সমান সমান মা-র বুক ভরা
𑄘𑄨𑄊𑄨𑄚𑄬𑄠𑄳𑄠𑄧 𑄚𑄧 𑄘𑄬𑄊𑄧𑄚𑄴 𑄖𑄢,তারা দিে দে না
𑄖𑄧𑄟𑄢𑄬 𑄇𑄨𑄋𑄨𑄢𑄨 𑄟𑄚𑄪𑄌𑄴 𑄇𑄮𑄟𑄴?,তোমাকে কেন মানুষ বলি?
𑄃𑄨𑄃𑄚𑄴 𑄥𑄟𑄎𑄧𑄖𑄴 𑄊𑄪𑄢𑄨 𑄜𑄨𑄢𑄨,.এটা সম ঘুরে ঘুরে
"𑄊𑄧𑄢𑄧 𑄥𑄪𑄖𑄴𑄢𑄪 𑄞𑄩𑄝𑄨𑄥𑄧𑄚𑄴,",বাির দরজা বন্ধ করে দেওা
𑄖𑄢𑄢𑄬 𑄝𑄬𑄉𑄬 𑄌𑄨𑄚𑄨 𑄖𑄧,তাদেরকে খুব ভালো করে চিনবে
𑄇𑄪𑄢𑄨 𑄚𑄧 𑄜𑄬𑄣𑄬𑄝 𑄇𑄧𑄚𑄧 𑄘𑄨𑄚𑄴।,কুিে ফেলবে না কোনো দিন
𑄇𑄨 𑄘𑄮𑄣𑄴 𑄦𑄨𑄣𑄴 𑄌𑄘𑄨𑄉𑄋𑄴,কি সুন্দর হিল চাটাই
𑄂;𑄇𑄧𑄚𑄴 𑄉𑄮𑄎𑄬𑄚𑄬 𑄝𑄚𑄬𑄣𑄧?,.কতগুলো গেেছে?
𑄡𑄬𑄘𑄧𑄇𑄴 𑄌𑄋𑄴 𑄝𑄪𑄇𑄴 𑄚𑄧 𑄞𑄧𑄢𑄬,এত চাং বুক ভরে না
𑄂;𑄃𑄬𑄇𑄴 𑄢𑄨𑄚𑄨 𑄌𑄬𑄝𑄢𑄴 𑄃𑄃𑄧𑄱𑄌𑄴 𑄃𑄬𑄡𑄬।,একনাগাে তাকানোর আওাজ আছে
𑄍𑄧𑄢𑄳𑄦 𑄉𑄋𑄴 𑄥𑄉𑄧𑄢𑄧 𑄛𑄚𑄨𑄖𑄴,ছা গাঙের পানিতে
𑄂;𑄚𑄚𑄋𑄴 𑄛𑄧𑄢𑄚𑄴𑄝𑄧𑄣 𑄈𑄢 𑄇𑄧𑄚𑄴,.নানা ধরনের মানুষ খেলা করে।
𑄇𑄧𑄚𑄴𑄚 𑄎𑄮𑄉𑄠𑄴 𑄈𑄚 𑄝𑄨𑄚,কে খাওা না খাওা
𑄂;𑄝𑄮𑄃𑄨 𑄝𑄮𑄃𑄨 𑄃𑄧𑄚𑄴𑄥𑄪𑄢𑄴 𑄟𑄪𑄃𑄨 𑄞𑄝𑄧𑄋𑄴।,.বাই ব বাচ্চাটি হাসছে।
𑄉𑄏𑄬 𑄝𑄏𑄬 𑄜𑄪𑄣𑄬 𑄜𑄉𑄮𑄢𑄬,গাছে বাঁশে ফুল ফোটে
𑄂;𑄛𑄧𑄖𑄴𑄖𑄛𑄧𑄖𑄴𑄖𑄨 𑄈𑄬𑄣𑄚𑄴 𑄈𑄢,.পজ্জোমাা খেলা
𑄘𑄨 𑄌𑄮𑄇𑄴 𑄟𑄨𑄣𑄨 𑄌𑄬𑄃𑄨 𑄗𑄋𑄴,দুই চোখ মেলে তাকিে থাকে
𑄂;𑄌𑄨𑄖𑄴𑄖𑄚𑄴 𑄡𑄃𑄨 𑄎𑄪𑄢𑄬।,মনের ইচ্ছা পূরণ হওা
𑄦𑄬𑄭𑄣𑄴 𑄦𑄬𑄭𑄣𑄴 𑄖𑄢𑄪𑄟𑄴 𑄝𑄧𑄚𑄧 𑄥𑄬𑄢𑄬 𑄥𑄬𑄢𑄬 𑄚𑄚𑄋𑄴 𑄜𑄪𑄣𑄴,হেলো হেলো ব্যাঙ বনের মধ্যে অনেক ফুল
"𑄂;𑄛𑄨𑄝𑄨𑄢𑄴 𑄛𑄨𑄝𑄨𑄢𑄴 𑄝𑄮𑄃𑄨𑄠𑄬𑄢𑄬 𑄚𑄎𑄧𑄚𑄴,",.পিপিে পিপিে বাতাস বেছে
𑄌𑄨𑄉𑄮𑄚𑄴 𑄌𑄨𑄎𑄨 𑄡𑄨𑄇𑄴𑄈𑄬 𑄉𑄧𑄢𑄨,ছোট ছোট করে
𑄂;𑄇𑄬𑄢𑄬𑄁𑄎𑄪 𑄘𑄮𑄣𑄧𑄚𑄧𑄖𑄴 𑄘𑄪𑄣𑄧𑄚𑄴।,.কেরাংজু দোলনা দোলে
𑄃𑄉𑄏𑄧𑄖𑄴 𑄖𑄢 𑄟𑄬𑄣,.আকাশে তারা ভাসে
"𑄂;𑄛𑄪𑄚𑄧𑄋𑄴 𑄌𑄚𑄬 𑄦𑄧𑄠𑄴 𑄈𑄢,",.পুে দেখতে হ খেলা
𑄢𑄚𑄴𑄎𑄪𑄚𑄨𑄠𑄬 𑄢𑄧𑄋𑄬 𑄥𑄎𑄠𑄴,রংধনুর রঙে সাজা
𑄂;𑄉𑄧𑄘 𑄃𑄉𑄌𑄴𑄥𑄚𑄴।,.গবাদিপশু
𑄃𑄬 𑄛𑄨𑄖𑄴𑄗𑄨𑄟𑄨𑄖𑄴 𑄉𑄧𑄘,এই পৃথিবীতে সবটা
𑄂;𑄌𑄚𑄚𑄴 𑄝𑄬𑄣𑄚𑄴 𑄛𑄳𑄦𑄧𑄢𑄴 𑄉𑄧𑄢𑄬,.চানাটা রোদ পতেছে
𑄚𑄧 𑄝𑄪𑄏𑄧𑄋𑄴 𑄖𑄢𑄢𑄴 𑄃𑄨𑄎𑄨𑄢𑄬 𑄇𑄧𑄙,তাদের ইজিকে কথা দেওা
𑄂;𑄟𑄙 𑄟𑄧𑄢𑄴 𑄊𑄪𑄢𑄨 𑄃𑄪𑄘𑄬।,আমার মাথা ঘুরতেছে
𑄃𑄧𑄱 𑄟𑄧𑄢𑄴 𑄃𑄃𑄧𑄱𑄎𑄧𑄢𑄴 𑄘𑄬𑄌𑄴𑄍𑄚𑄴,আমার আাআি দেখ
"𑄂;𑄝𑄬𑄇𑄴𑄇𑄪𑄚𑄬 𑄖𑄧𑄢𑄬 𑄇𑄮𑄌𑄴𑄛𑄚𑄴,",.সবাই তোমাকে পছন্দ করে
𑄝𑄬𑄇𑄴𑄇𑄪𑄚𑄬 𑄎𑄧𑄚𑄧𑄟𑄚𑄴 𑄖𑄧 𑄝𑄪𑄉𑄧𑄖𑄴,সবাই তোমার বন্ধু
𑄂;𑄝𑄎𑄨 𑄗𑄬𑄝𑄢𑄴 𑄌𑄚𑄴।,কুস্তি লড়ার ইচ্ছা
𑄎𑄧𑄚𑄧𑄟𑄚𑄴 𑄝𑄎𑄨 𑄗𑄬𑄝𑄢𑄴 𑄌𑄚𑄴,সারাজীবন বেঁচে থাকার ইচ্ছা
"𑄂;𑄟𑄧𑄚𑄧𑄢𑄴 𑄥𑄪𑄉𑄬 𑄉𑄨𑄖𑄴 𑄉𑄚𑄴,",.মন সুে গান
𑄛𑄬𑄃𑄨𑄇𑄴𑄇𑄪𑄚𑄬 𑄟𑄧𑄚𑄧𑄢𑄴 𑄥𑄪𑄉𑄬 𑄙𑄪𑄠𑄮,.পোরাটি মন ভালো করে ধুেছে
𑄂;𑄟𑄨𑄣𑄨 𑄃𑄪𑄢𑄳𑄦𑄨 𑄃𑄪𑄢𑄳𑄦𑄨 𑄡𑄚𑄴।,.মেে উে যাওা
𑄎𑄧𑄚𑄧𑄟𑄚𑄴 𑄇𑄪𑄣𑄨 𑄚𑄧 𑄉𑄧𑄢𑄧𑄌𑄴,জীবনটা কুলি করো না
𑄂;𑄖𑄧𑄢𑄴 𑄡𑄨𑄠𑄬𑄚𑄴 𑄃𑄊𑄬 𑄥𑄨𑄠𑄬𑄚𑄴 𑄘𑄧𑄠𑄮𑄌𑄴,তোমার যে জিনিস আছে সেটা দা
𑄃𑄟𑄳𑄦𑄢𑄬 𑄖𑄪𑄃𑄨 𑄝𑄬𑄇𑄴𑄇𑄪𑄚𑄧𑄢𑄬,আমাদের সবাইকে
𑄢𑄬𑄖𑄴𑄖𑄪 𑄃𑄬𑄣𑄬 𑄚𑄚𑄋𑄴 𑄛𑄪𑄉𑄬 𑄎𑄪𑄉𑄬,রাত হলে নানা ধরনের পোকা গিে গিে
"𑄂;𑄘𑄧𑄉𑄧𑄢𑄧𑄚𑄴 𑄟𑄧𑄚𑄧 𑄥𑄪𑄉𑄬,",.অনেক মন ভালো লাগে
𑄝𑄬𑄇𑄴𑄇𑄪𑄚𑄧𑄢𑄬 𑄌𑄌𑄴 𑄖𑄪𑄃𑄨,সবাইকে চাঁচা তুমি
𑄂;𑄥𑄪𑄉𑄬 𑄃𑄢𑄴 𑄘𑄪𑄉𑄬।,".সুঁচালো,সুঁচালো"
𑄉𑄏𑄧 𑄈𑄪𑄣𑄪𑄋𑄧𑄖𑄴 𑄝𑄮𑄃𑄨,গাছের ফাঁকা বই
"𑄂;𑄛𑄬𑄎𑄝𑄮 𑄇𑄪𑄣𑄴 𑄈𑄪𑄣𑄃𑄨,",.পোরাটা কুল খোলেনা
𑄛𑄳𑄦𑄧𑄢𑄴 𑄦𑄧𑄠𑄬 𑄛𑄳𑄦𑄧𑄢𑄴 𑄦𑄧𑄠𑄬,ভোর হে ভোর হেছে
𑄂;𑄊𑄪𑄟𑄧𑄖𑄴𑄖𑄪𑄚𑄴 𑄃𑄪𑄘𑄧 𑄃𑄪𑄘𑄧।,ঘুম থেকে উঠার সম
𑄌𑄨𑄉𑄮𑄚𑄴 𑄛𑄬𑄃𑄨𑄇𑄴𑄪𑄚𑄬 𑄌𑄨𑄢𑄨𑄋𑄴 𑄌𑄢𑄋𑄴 𑄘𑄧𑄉𑄧𑄢𑄧𑄚𑄴,ছোট কুকুরটি চিরিে চারা রোপণ করছে
"𑄦𑄣𑄳𑄠 𑄟𑄚𑄴𑄥𑄳𑄠 𑄦𑄣𑄧𑄖𑄴 𑄡𑄘𑄧𑄚𑄴,",লাঙল দিে হেঁটে যাওা
𑄟𑄨𑄣𑄬 𑄟𑄧𑄢𑄧𑄖𑄴 𑄟𑄧𑄚𑄧𑄢𑄴 𑄥𑄪𑄉𑄬,মেে ছেলে মনের ইচ্ছে পূরণ করে
𑄂;𑄞𑄪𑄠𑄮 𑄟𑄘𑄧𑄖𑄴 𑄇𑄟𑄴 𑄉𑄧𑄖𑄴𑄗𑄧𑄚𑄴।,.ভাই-বোনেরা জমিতে কাজ করতেছে
𑄃𑄟𑄳𑄦 𑄃𑄃𑄮𑄎𑄧𑄢𑄴 𑄘𑄬𑄌𑄴𑄍𑄚𑄴,আমাদের বািটা
"𑄂;𑄉𑄏𑄬 𑄝𑄏𑄬 𑄝𑄬𑄇𑄴𑄈𑄚𑄴,",.সবাই তাাতাি বাি
𑄟𑄧𑄚𑄬 𑄟𑄧𑄚𑄬 𑄢𑄨𑄚𑄨 𑄌𑄋𑄴,মনে মনে চাংমাহ্ চাং
𑄂;𑄃𑄟𑄳𑄦 𑄘𑄬𑄌𑄴𑄍𑄚𑄧𑄢𑄴 𑄙𑄧𑄇𑄳𑄠𑄬 𑄚𑄧 𑄘𑄧 𑄛𑄋𑄴।,আমার চোখের পলক ফেলতে পারিনা
𑄉𑄏𑄬 𑄝𑄏𑄬 𑄞𑄧𑄢,গাছে বাঁশে ভরা
"𑄂;𑄟𑄮𑄚𑄴 𑄟𑄪𑄢𑄳𑄦𑄧 𑄉𑄧𑄢𑄳𑄦,",.আমি তো মলা করি
𑄟𑄧𑄚𑄧𑄢𑄴 𑄥𑄪𑄉𑄬 𑄃𑄬 𑄘𑄬𑄏𑄧𑄖𑄴,মন বসতেছে এই দেশে
𑄂;𑄎𑄧𑄚𑄧𑄟𑄚𑄴 𑄝𑄎𑄨 𑄗𑄬𑄃𑄨 𑄛𑄢।,মানুষ বেঁচে থাকতে পারা
"𑄛𑄧𑄢𑄴𑄝𑄱, 𑄞𑄏𑄬 𑄘𑄪𑄃𑄧 𑄟𑄧𑄚𑄧 𑄘𑄪𑄇𑄴 𑄦𑄞𑄨𑄣𑄳𑄠𑄌𑄴",".পাহাের দুঃখ, মনের দুঃখ হািেছে"
𑄙𑄢𑄴 𑄉𑄧𑄢𑄴 𑄟𑄧𑄚𑄴,"১. আগ্রহ হওা, আগ্রহ করা ২. আগ্রহ করা"
𑄦𑄨𑄣𑄮𑄢𑄴 𑄟𑄘𑄨 𑄝𑄧𑄣,এক জাতী মাটি
𑄝𑄪𑄏𑄮𑄘𑄮𑄇𑄴 𑄥𑄪𑄉𑄪𑄚𑄧𑄢𑄴 𑄘𑄧𑄣𑄴।,বুঝছো তো মুরগীর দল
𑄎𑄘𑄧𑄢𑄴 𑄥𑄧𑄖𑄴𑄪𑄢𑄪𑄃𑄪𑄚𑄧𑄢𑄬 𑄟𑄢𑄧 𑄖𑄬𑄉𑄧,জাগা কচ্ছপগুলো মার খাওার জন্য প্রস্তুত
𑄊𑄪𑄟𑄴 𑄡𑄬𑄝𑄢𑄴 𑄚𑄬𑄭 𑄃𑄧𑄇𑄴𑄖𑄧,ঘুম আসতেছে না
𑄃𑄬𑄉𑄌𑄨𑄖𑄴𑄬 𑄃𑄬𑄉𑄟𑄧𑄚𑄬 𑄣𑄟𑄧 𑄞𑄖𑄴 𑄟𑄮𑄎 𑄛𑄪𑄚𑄧𑄢𑄴 𑄝𑄚𑄨,একটু একটু করে একটু একটু করে লবনাক্ত ভাত বানাতে হ
𑄎𑄖𑄴𑄮 𑄃𑄪𑄖𑄴𑄘𑄮𑄢𑄴 𑄇𑄟𑄧𑄖𑄴।,জাতটা উত্তোলনের কাজে
𑄿 𑄃𑄉𑄧𑄥𑄴𑄑𑄴 𑄸𑄶𑄷𑄾,৯ আগস্ট ২০১৮
𑄘𑄪𑄉𑄧𑄢𑄴 𑄣𑄟,এক জাতী বুনো ফল
𑄃𑄂 𑄟 𑄦𑄨𑄣𑄴𑄌𑄘𑄨𑄉𑄋𑄴!,এক জাতী সবজি
𑄎𑄧𑄚𑄧𑄟𑄴 𑄎𑄧𑄚𑄧𑄟𑄴 𑄖𑄧 𑄝𑄪𑄉𑄧𑄖𑄴,জনে জনে তোমার বুদ্ধ
𑄇𑄨𑄖𑄴𑄖𑄬 𑄃𑄬𑄙𑄧𑄇𑄴 𑄞𑄬𑄃𑄨𑄠𑄬 𑄞𑄬𑄃𑄨𑄠𑄬 𑄢𑄬𑄚 𑄢𑄬𑄚𑄨,কেন এত ভে ভে রাত কাটানো
𑄡𑄢 𑄌𑄧𑄣𑄨𑄝𑄢𑄴 𑄇𑄧𑄙 𑄃𑄬𑄇𑄴 𑄛𑄧𑄘𑄬,যাদের চলে যাবার কথা এক পদে
𑄖𑄢 𑄉𑄧𑄖𑄴𑄖𑄧𑄚𑄴 𑄟𑄢 𑄟𑄢𑄨।,তাদের দলটা মারা মারি
"𑄘𑄬𑄝𑄚𑄬 𑄘𑄬𑄝𑄚𑄬 𑄇𑄮𑄣𑄴 𑄝𑄎𑄬 𑄇𑄝𑄨 𑄛𑄬𑄣𑄴𑄣𑄮𑄚𑄴 𑄝𑄠𑄬𑄌𑄴 𑄟𑄪𑄃𑄪𑄎𑄧,",বজ্রপাতের আওাজ বাজাচ্ছে কাপের তলা
𑄟𑄧𑄉𑄴 𑄇𑄪𑄇𑄨𑄖𑄴𑄖𑄪𑄚𑄴 𑄇𑄝𑄚𑄴 𑄈𑄬𑄃𑄨 𑄣𑄬𑄋𑄴 𑄦𑄧𑄠𑄬 𑄌𑄋𑄴𑄟 𑄎𑄖𑄴𑄖𑄱।,মগের কুকি থেকে কাটা মাংস খেে পাতলা হেছে চামা
"𑄇𑄛𑄴𑄖𑄬 𑄉𑄧𑄙 𑄇𑄢𑄨 𑄚𑄨𑄣𑄧 𑄌𑄋𑄴𑄟𑄃𑄪𑄚𑄧𑄢𑄴 𑄝𑄧𑄣𑄴,",কাপ দিে চামা দিে নিল চাকমারা
"𑄍𑄨𑄘𑄨 𑄛𑄧𑄢𑄴𑄣𑄧𑄋𑄴 𑄝𑄢𑄴𑄟, 𑄖𑄨𑄝𑄨𑄢𑄬, 𑄟𑄨𑄎𑄮𑄢𑄟𑄴 𑄃 𑄃𑄢𑄪𑄚𑄌𑄧𑄣𑄴।","ছিঁচকাঁদুনে বার্মা, ত্রিপুরা, মিজোরামে আসা"
𑄎𑄧𑄘𑄧𑄢𑄴 𑄛𑄖𑄴𑄖𑄧𑄣𑄨 𑄃𑄬𑄟𑄴.𑄃𑄬𑄚𑄴. 𑄣𑄢𑄴𑄟 𑄖𑄨𑄘𑄨 𑄃𑄪𑄘𑄨,"জ্বরটা শুধু আসতেছে,একটু পর জ্বরটা উঠে"
"𑄘𑄬𑄌𑄴𑄇𑄪𑄣𑄧𑄢𑄴 𑄎𑄪𑄟𑄴𑄧𑄃𑄪𑄚𑄧𑄢𑄬 𑄃𑄬𑄇𑄴 𑄉𑄧𑄢𑄨, 𑄟𑄉𑄨𑄣𑄧 𑄃𑄧𑄙𑄨𑄉𑄢𑄴","দেশকুলের জুম্মদেরকে এক করে,মাছি ডাকলে আসে"
𑄝𑄁𑄣𑄘𑄬𑄏𑄧 𑄃𑄃𑄮𑄠𑄟𑄨 𑄣𑄨𑄉𑄬 𑄃𑄨𑄎𑄴𑄧𑄱𑄖𑄴 𑄟𑄢𑄨 𑄦𑄨𑄣𑄴𑄌𑄘𑄨𑄉𑄋𑄧𑄖𑄴,.বাঙালি আওাজগুলো এখানে মার খায়।
𑄝𑄋𑄴𑄣 𑄥𑄧𑄢𑄴𑄉𑄢𑄬 𑄘𑄬𑄏𑄬 𑄝𑄨𑄘𑄬𑄏𑄬 𑄎𑄣𑄴 𑄛𑄬𑄣𑄬𑄣𑄧,বাঁশটা স্বর্গে দেখতে দেখতে জাল পেল
"𑄞𑄇𑄴 𑄉𑄧𑄢𑄨 𑄘𑄨𑄣𑄴 𑄣𑄟𑄴𑄝 𑄝𑄙𑄨,",ভাগ করে দিল লম্বা লাঠি
"𑄃𑄬 𑄣𑄢𑄳𑄦𑄬𑄖𑄴 𑄦𑄢𑄬𑄣𑄧𑄋𑄴 𑄎𑄘𑄧𑄢𑄴 𑄘𑄮𑄇𑄴𑄘𑄧𑄇𑄳𑄠𑄬,",এই পাে হারিে গেল
"𑄃𑄧𑄎𑄧𑄣𑄴 𑄚𑄧𑄇𑄴𑄈𑄧𑄖𑄳𑄢𑄧, 𑄎𑄪𑄟𑄴 𑄎𑄧𑄘𑄧𑄢𑄴 𑄛𑄖𑄴𑄖𑄧𑄣𑄨।","প্রচুর নাচা, জবুথবু"
"𑄎𑄘𑄧𑄢𑄴 𑄦𑄣𑄴 𑄙𑄧𑄢𑄨 𑄛𑄖𑄴𑄖𑄧𑄣𑄨 𑄥𑄧𑄚𑄴𑄖𑄪 𑄝𑄋𑄴𑄣 𑄥𑄧𑄢𑄴𑄇𑄢𑄴𑄣𑄮𑄃𑄨 𑄉𑄧𑄢𑄨𑄣𑄧 𑄌𑄪𑄇𑄴𑄖𑄨,",জাগা হাল ধরিে সে বাঁশটা সা করলো
𑄥𑄬 𑄌𑄪𑄇𑄴𑄖𑄨 𑄚𑄧 𑄟𑄚𑄨𑄣𑄮 𑄝𑄚𑄬𑄣𑄧 𑄃𑄨𑄃𑄪𑄛𑄨𑄓𑄨𑄃𑄬𑄜𑄴 𑄈𑄨𑄥 𑄛𑄳𑄢𑄧𑄥𑄨𑄖𑄴।,সে চুক্তি না মানার ফলে
"𑄥𑄨𑄖𑄴𑄖𑄪𑄚𑄴 𑄙𑄧𑄢𑄨 𑄚𑄪𑄠𑄮 𑄉𑄧𑄢𑄨 𑄞𑄬𑄃𑄨𑄠𑄬 𑄞𑄬𑄃𑄨𑄠𑄬 𑄝𑄎𑄨 𑄉𑄬𑄣𑄧 𑄇𑄮𑄣𑄴,",.তার থেকে ধরে নিয়ে ভে ভে বেঁচে গেল কোল
"𑄃𑄨𑄇𑄳𑄠𑄬 𑄌𑄬𑄋𑄬, 𑄟𑄨𑄋𑄨𑄚𑄨, 𑄇𑄎𑄣𑄧𑄁 𑄛𑄚𑄨 𑄚𑄧 𑄉𑄧𑄋𑄢𑄴 𑄉𑄧𑄋𑄬 𑄡𑄃𑄨 𑄣𑄮।","আজকে চেঙে,মিঙি,কাজলং পানি নাচা করে না"
𑄃𑄉𑄏𑄧𑄖𑄴 𑄝𑄧𑄚 𑄝𑄧𑄚 𑄇𑄣 𑄟𑄬𑄇𑄴,.আকাশে অনেক অনেক কালো মেঘ
𑄟𑄬𑄉𑄧 𑄥𑄬𑄢𑄬 𑄖𑄢𑄃𑄪𑄚𑄴 𑄎𑄧𑄣𑄨𑄝𑄇𑄴।,.মলার মধ্যে তারা গোসল করবে
"𑄦𑄪𑄁𑄈𑄋𑄴, 𑄥𑄨𑄣𑄧 𑄥𑄘𑄢 𑄝𑄨𑄎𑄮𑄣𑄴 𑄛𑄧𑄖𑄴","হিংসুটে, সীল সাদারা বিঝুর পথ"
𑄚𑄪𑄠𑄱 𑄛𑄨𑄢𑄳𑄦𑄨𑄃𑄪𑄚𑄴 𑄉𑄧𑄎𑄋𑄴 𑄉𑄧𑄎𑄋𑄴 𑄦𑄘𑄨𑄝𑄇𑄴।,.নতুন রোগীগুলো লম্বা লম্বা হাঁটতেছে
"𑄛𑄬𑄘𑄧𑄖𑄴 𑄞𑄖𑄴 𑄚𑄬𑄃𑄨, 𑄚𑄬𑄃𑄨 𑄊𑄧𑄢𑄴","পেটে ভাত নেই, বািতে ভাত নেই"
𑄖𑄬 𑄇𑄨 𑄃𑄧𑄠𑄬?,সে কি আছে?
𑄖𑄪𑄃𑄨 𑄘𑄧 𑄖𑄢 𑄥𑄣𑄳𑄠𑄋𑄧𑄖𑄴 𑄣𑄪𑄟𑄨𑄝𑄇𑄴।,তুমি তো তাদের সাথে যাবে
"𑄡𑄬𑄙𑄧𑄇𑄴 𑄇𑄣 𑄟𑄬𑄇𑄴𑄌𑄉 𑄃𑄪𑄘𑄨𑄣𑄬 𑄃𑄪𑄘𑄮𑄇𑄴,",.এত কালো মেে উঠলে বমি করে
"𑄡𑄬𑄙𑄧𑄇𑄴 𑄏𑄨𑄟𑄨𑄣𑄚𑄨 𑄏𑄨𑄟𑄨𑄣𑄮𑄇𑄴,",এত বিদ্যুৎ চমকানি
𑄃𑄟𑄳𑄦 𑄘𑄧 𑄝𑄮𑄃𑄨 𑄗𑄬𑄝𑄢𑄴 𑄥𑄧𑄟𑄧𑄠𑄴 𑄚𑄬𑄃𑄨।,আমাদের তো বই রাখার সম নেই
𑄦𑄣𑄬𑄠𑄳𑄠 𑄝𑄬𑄣𑄴 𑄦𑄣𑄬 𑄡𑄢𑄴,হেলে দুলে যা
𑄥𑄧𑄟𑄧𑄠𑄴 𑄘𑄧 𑄚𑄬𑄃𑄨 𑄝𑄮𑄃𑄨 𑄗𑄬𑄝𑄢𑄴।,সম তো বই রাখার নাই
𑄞𑄘𑄧 𑄟𑄏𑄳𑄠 𑄘𑄬𑄝 𑄟𑄬𑄉𑄧𑄥𑄚𑄴,ব্যাঙের মলা দিে বাতাস বছে
𑄂;𑄙𑄝 𑄘𑄨𑄝𑄧𑄋𑄴 𑄎𑄘𑄧𑄢𑄴 𑄇𑄟𑄧𑄖𑄴,দৌাদৌি করতেছে
𑄚𑄧 𑄗𑄬𑄝𑄧𑄧𑄋𑄴 𑄃𑄢𑄴 𑄣𑄬𑄂𑄟𑄴 𑄛𑄧𑄢𑄨,সে আর থাকতে পারবে না আর পরতে হবে
𑄂;𑄃𑄟𑄨 𑄃𑄬𑄝𑄢𑄧𑄖𑄴।,আমি এবার আসবো
𑄃𑄋𑄪𑄣𑄴 𑄉𑄮𑄘𑄬𑄃𑄨 𑄘𑄬𑄊𑄬 𑄘𑄨𑄝𑄧𑄋𑄴,আঙুল গুো করে দেখতেছি
"𑄂;𑄘𑄪𑄣𑄧𑄙𑄧𑄌𑄳𑄠 𑄝𑄧𑄚𑄴𑄘𑄢𑄬,",".দুধের বান্দা,দুধের বান্দা"
𑄂;𑄈𑄧𑄢𑄝𑄨 𑄚𑄧 𑄣𑄉𑄬।,.খাওা লাগে না
𑄝𑄇𑄴𑄛𑄘𑄨 𑄙𑄧𑄢𑄧 𑄎𑄘𑄧𑄢𑄴 𑄇𑄟𑄴,বািটা ধরার কাজ
𑄃𑄧𑄱 𑄛𑄧𑄢𑄴𑄝𑄱 𑄞𑄬𑄃𑄨-𑄝𑄮𑄚𑄴 𑄣𑄧𑄇𑄴?,.ওপরের ভাই-বোনেরা কেমন?
"𑄇𑄨 𑄝𑄪𑄏𑄧𑄢𑄴, 𑄇𑄨 𑄞𑄝𑄧𑄢𑄴?","কি বুঝছো,কি বুঝবে?"
𑄝𑄮𑄃𑄨 𑄗𑄬𑄝𑄢𑄴 𑄚𑄬𑄃𑄨 𑄘𑄧 𑄃𑄧𑄇𑄴𑄖𑄧।,বই রাখার কোনো স্থান নেই
𑄝𑄇𑄴𑄛𑄘𑄨 𑄙𑄧𑄢𑄧 𑄎𑄘𑄧𑄢𑄴 𑄇𑄟𑄧𑄖𑄴।,বাকপটু ধরার কাজে
𑄜𑄃𑄮𑄚𑄴 𑄌𑄮𑄖𑄴 𑄟𑄌𑄴 𑄃𑄬𑄣𑄬,এক জাতী মাছ
"𑄏𑄪𑄢𑄨 𑄡𑄠𑄴 𑄉𑄏𑄧 𑄛𑄘,",গাছের পাতা ঝরে যা
𑄥𑄪𑄉𑄬𑄃𑄨 𑄡𑄠𑄴 𑄍𑄧𑄢-𑄍𑄧𑄢𑄨।,সুসুি যাওা
𑄥𑄪𑄉𑄬𑄃𑄨 𑄡𑄬𑄣𑄧 𑄃𑄟𑄢𑄴 𑄝𑄬𑄇𑄴𑄈𑄚𑄨-,সুো করে গেল আমার সব জিনিসপত্র
"𑄞𑄌𑄴, 𑄃𑄧𑄱𑄇𑄴𑄮𑄢𑄴, 𑄥𑄦𑄨𑄖𑄳𑄠𑄧, 𑄢𑄨𑄘𑄨 𑄥𑄪𑄘𑄮𑄟𑄴𑄃𑄚𑄨।","ভাত,ওাক্কর,মিষ্টি,মিষ্টি"
𑄇𑄨 𑄃𑄊𑄬 𑄝𑄪𑄇𑄴 𑄞𑄧𑄢𑄬𑄝𑄢𑄴?,কি আছে বুক ভরার?
𑄇𑄮𑄇𑄨𑄣𑄴𑄠𑄳𑄠𑄧 𑄘𑄉𑄨 𑄡𑄢𑄴,কোকিলরা ডেকে যা
"𑄦𑄬𑄃𑄨𑄣𑄴 𑄉𑄏𑄧𑄖𑄴 𑄝𑄮𑄃𑄨,",এক জাতী গাছ
𑄃𑄉𑄏𑄧𑄖𑄴 𑄃𑄪𑄖𑄴𑄬 𑄇𑄣 𑄟𑄬𑄇𑄴,.আকাশে উঠছে কালো মেে
"𑄝𑄬𑄣𑄧 𑄟𑄪 𑄝𑄬𑄘 𑄚𑄬𑄃𑄨,",বিালের মুখ বো নেই
𑄛𑄨𑄖𑄴𑄗𑄨𑄟𑄨𑄃𑄚𑄴 𑄦𑄧𑄣𑄧 𑄎𑄮𑄣𑄴।,পৃথিবীটা হলো জো
𑄇𑄨 𑄃𑄊𑄬 𑄝𑄪𑄇𑄴 𑄝𑄚𑄨𑄝𑄢𑄴?,.কি আছে বুক বাঁধার?
𑄃𑄨𑄃𑄚𑄴 𑄃𑄪𑄝𑄚𑄴 𑄚𑄧 𑄞𑄝𑄨,.এটা উঠে না
"𑄥𑄢𑄴 𑄝𑄪𑄘𑄴𑄙𑄨 𑄎𑄉𑄬 𑄖𑄪𑄣𑄨,",.সার বুদ্ধি তুলে
𑄌𑄬𑄢𑄴 𑄝𑄬𑄢𑄧 𑄞𑄨𑄘𑄨𑄢𑄬𑄖𑄴𑄪𑄚𑄴 𑄚𑄨𑄉𑄨𑄣𑄨,চোর বোর থেকে বের হে
𑄎𑄘𑄧𑄢𑄴 𑄞𑄣𑄬𑄘𑄨 𑄇𑄟𑄧𑄖𑄴 𑄣𑄟𑄨।,জাগা ভালো করে কাজ করা
𑄛𑄧𑄢𑄚𑄧 𑄖𑄪𑄘𑄨,"মনের জ্বালা, মনের জ্বালা"
𑄘𑄨𑄊𑄨𑄝𑄢𑄴 𑄚𑄧 𑄌𑄬𑄃𑄨 𑄃𑄢𑄴,পুকুরটা না দেখে আর থাকা যা না
𑄇𑄧𑄚𑄧 𑄟 𑄝𑄪𑄇𑄴 𑄥𑄢𑄣𑄳𑄠𑄬 𑄃𑄮𑄇𑄴,কোন মা বুক খালি করলো
𑄇𑄧𑄚𑄧 𑄚𑄮𑄚𑄨𑄠𑄬 𑄝𑄮𑄚𑄧𑄢𑄴 𑄣𑄋𑄳𑄠𑄬 𑄛𑄧𑄢𑄳𑄦,কোন নানিের বোন অসুস্থ হে পা
"𑄝𑄪𑄇𑄴 𑄞𑄋 𑄟𑄧𑄢 𑄇𑄨𑄎𑄬𑄇𑄴,",বুক ভাঙা মরা কী যেন
𑄝𑄪𑄇𑄴 𑄌𑄝𑄧𑄢𑄬 𑄌𑄝𑄧𑄢𑄬 𑄇𑄚𑄚𑄢𑄴 𑄘𑄬𑄇𑄴।,বুক চেপে ধরে কান্না করা
𑄘𑄨𑄊𑄨𑄝𑄢𑄴 𑄚𑄧 𑄌𑄬𑄃𑄨-,দিঘিটা দেখতেছি না
𑄚𑄮𑄚𑄨𑄠𑄬 𑄝𑄮𑄚𑄧𑄢𑄴 𑄥𑄧𑄝𑄧𑄚𑄴 𑄞𑄋 𑄉𑄧𑄣𑄴𑄛𑄧,ননিেবোনের স্বপ্ন ভাঙা গল্প
"𑄇𑄧𑄚𑄧 𑄌𑄨𑄎𑄨𑄢𑄴 𑄎𑄨𑄋𑄴𑄇𑄚𑄨 𑄘𑄪𑄉𑄧𑄢𑄴 𑄣𑄟,",কোন চিটিংবাজ লোক দৌাদৌি করছে
𑄇𑄧𑄚𑄧 𑄚𑄮𑄚𑄨𑄠𑄬 𑄞𑄬𑄃𑄨 𑄝𑄮𑄚𑄧𑄢𑄴 𑄦𑄞𑄨𑄣𑄳𑄠𑄌𑄴,কোন নানি ভাই বোনার জন্য হাত দিেছে
𑄇𑄧𑄚𑄧 𑄟𑄢𑄴 𑄝𑄪𑄇𑄴 𑄃𑄋𑄪𑄚𑄨 𑄇𑄧𑄙।,কোন মারের আওাজ নেই এমন কথা
𑄘𑄨𑄣𑄬 𑄛𑄧𑄖𑄴𑄗𑄚𑄴 𑄘𑄬𑄊𑄬𑄃𑄨-,দিলে পৃথিবীটা দেখে
"𑄃𑄮 𑄎𑄪𑄟𑄴𑄧 𑄎𑄘𑄧𑄢𑄴 𑄛𑄖𑄴𑄗𑄧𑄣𑄨 𑄘𑄋𑄧𑄢𑄴 𑄟𑄚𑄬𑄃𑄨,",ও জুম্মদের পাথরটা ব
𑄎𑄘𑄧𑄢𑄴 𑄇𑄪-𑄃𑄚𑄴𑄘𑄢𑄴 𑄘𑄨𑄚𑄧𑄖𑄴 𑄎𑄠𑄴 𑄗𑄬𑄃𑄨,জাগা কচ্ছপরা দিনে যা
𑄟𑄪𑄎𑄪𑄋𑄬 𑄃𑄇𑄴𑄮𑄃𑄨 𑄝𑄪𑄇𑄴 𑄛𑄘𑄨 𑄘𑄳𑄠𑄨,পাহাে আগে বুক দিে দো
𑄚𑄧 𑄘𑄧𑄢𑄘𑄳𑄠 𑄜𑄪𑄂 𑄉𑄧𑄢𑄨𑄣𑄬 𑄎𑄪𑄟𑄴𑄧 𑄎𑄘𑄧 𑄃𑄨𑄙𑄪 𑄘𑄚𑄴;,না দৌাদৌি করলে শান্তি আসে এখানে
𑄥𑄬 𑄜𑄪𑄂-𑄟𑄧𑄚𑄴𑄖𑄳𑄢𑄧𑄣𑄮𑄃𑄨 𑄃𑄬𑄌𑄳𑄠𑄬 𑄎𑄪𑄟𑄴𑄧𑄃𑄪𑄚𑄴,সে মন্ত্রটা দিে জুম্মরা এসেছে
𑄦𑄙𑄧𑄘𑄧𑄚𑄴 𑄖𑄧 𑄛𑄧𑄢𑄬𑄠𑄳𑄠 𑄛𑄧𑄘𑄧 𑄙𑄪𑄢𑄨।,হাত দিে পদচিহ্ন অনুসরণ করতে হ
𑄡𑄢𑄢𑄬 𑄡𑄬𑄣𑄬 𑄥𑄬 𑄜𑄪𑄂-𑄟𑄧𑄚𑄴𑄖𑄳𑄢𑄧 𑄘𑄨,যাদেরকে যাওা হ সে মন্ত্র দিে
"𑄖𑄢𑄘𑄧 𑄌𑄬𑄢𑄴 𑄞𑄉𑄬 𑄞𑄇𑄴 𑄃𑄧𑄃𑄨 𑄃𑄊𑄧𑄚𑄴,",তাদের চোর ভাগে ভাত আছে
𑄢𑄬𑄚-𑄢𑄬𑄚𑄨 𑄇𑄮𑄣𑄴-𑄇𑄪𑄎𑄳𑄠 𑄉𑄧𑄢𑄨।,রেনা-রেনি কোলকুজ করে
𑄃𑄨𑄃𑄚𑄴 𑄘𑄋𑄧𑄢𑄴 𑄦𑄞𑄨𑄣𑄳𑄠𑄌𑄴।,এটি ব হাত
𑄘𑄨𑄊𑄨𑄝𑄢𑄴 𑄚𑄧 𑄌𑄬𑄃𑄨,পুকুরটা দেখা যা না
𑄎𑄖𑄴 𑄞𑄬𑄃𑄨𑄠𑄬 𑄟𑄢 𑄟𑄢𑄨𑄖𑄴,জাত ভাই মারা মারি
"𑄇𑄧𑄚𑄧 𑄞𑄬𑄃𑄨 𑄇𑄬𑄋𑄴𑄉𑄧𑄣𑄴 𑄙𑄪𑄝𑄧 𑄣𑄘𑄨 𑄘𑄨 𑄟𑄧𑄢𑄮𑄇𑄴,",কোনো এক জাতী পাখি লাফিে লাফিে যাচ্ছে
𑄝𑄛𑄴 𑄞𑄬𑄃𑄨𑄠𑄮𑄢𑄴 𑄢𑄋 𑄣𑄮𑄠𑄬,বাপ ভাইের লাল লাল
𑄟𑄬𑄘𑄨𑄚𑄨 𑄝𑄪𑄇𑄴 𑄞𑄏𑄨 𑄡𑄮𑄇𑄴।,মেদবহুল বুক
𑄚𑄨𑄥𑄨 𑄢𑄬𑄘𑄮𑄖𑄴 𑄊𑄪𑄟𑄴 𑄃𑄧𑄇𑄴𑄖𑄧𑄖𑄴,রাতের বেলা ঘুম আসতেছে
"𑄇𑄧𑄚𑄧 𑄝𑄛𑄴 𑄞𑄬𑄃𑄨 𑄦𑄎𑄨 𑄡𑄮𑄇𑄴,",কোন বাপ শুধু হাসি দে
𑄇𑄧𑄚𑄧 𑄞𑄬𑄃𑄨𑄠𑄮𑄢𑄴 𑄝𑄧𑄚𑄴𑄘𑄪𑄇𑄧𑄢𑄴 𑄉𑄪𑄣𑄨𑄖𑄴,কোন ভের বন্দুকের গুলিতে
𑄝𑄪𑄇𑄴 𑄞𑄬𑄘 𑄞𑄬𑄘 𑄃𑄮𑄇𑄴।,বুক ভরে খাওা
𑄘𑄨𑄊𑄨𑄨𑄝𑄢𑄴 𑄌𑄬𑄃𑄨 𑄃𑄟𑄨,দিঘির দিকে তাকিে আছি
𑄦𑄬𑄭𑄣𑄴 𑄟𑄮𑄚𑄴 𑄟𑄪𑄢𑄧𑄖𑄴 𑄃𑄉𑄧 𑄥𑄚𑄴,হেলাম পাহাে আছে
"𑄎𑄪𑄟𑄧 𑄥𑄪𑄘𑄮𑄉𑄧𑄣 𑄜𑄪𑄘𑄨 𑄗𑄮𑄇𑄴,",জুমের সুতাগুলো বেঁধে রাখো
𑄖𑄬𑄢𑄮𑄝𑄱 𑄝𑄛𑄴 𑄞𑄬𑄃𑄨-𑄟 𑄝𑄮𑄚𑄧𑄢𑄴,তেরটা বাপ-মা বোন
𑄃𑄣𑄪𑄣𑄴𑄣𑄧𑄱 𑄘𑄪𑄣𑄪𑄣𑄴𑄣𑄧𑄱 𑄃𑄧𑄖𑄣𑄨𑄠𑄬 𑄇𑄮𑄌𑄴𑄛𑄚𑄣𑄧𑄃𑄨।,আলুগুলো দুলিে দুলিে নিে আসো
𑄸𑄷/𑄶𑄾/𑄷𑄾(𑄝𑄝𑄪𑄍𑄧𑄢𑄖𑄴𑄖𑄪𑄚𑄴 𑄜𑄨𑄢𑄨),৮১০৮.০৮.১৮. বাবুছরা থেকে ফিরে
𑄖𑄪𑄃𑄨 𑄖𑄧 𑄟𑄧𑄚𑄚𑄴 𑄘𑄧𑄢𑄧 𑄉𑄧𑄢𑄴,তুমি আমার মনটা ভ করো
"𑄟𑄚𑄬𑄃𑄨 𑄇𑄪𑄣𑄧𑄖𑄴 𑄥𑄧𑄖𑄳𑄠𑄧 𑄚𑄬𑄃𑄨, 𑄚𑄬𑄃𑄨 𑄛𑄧𑄖𑄳𑄠𑄧",".মানুষে কূলে কূল নেই, পথ নেই"
𑄥𑄧𑄖𑄳𑄠𑄧 𑄛𑄧𑄖𑄳𑄠𑄧 𑄜𑄨𑄢𑄨 𑄃𑄚𑄨𑄝𑄢𑄴 𑄚𑄪𑄠𑄱𑄉𑄧𑄢𑄨 𑄣𑄢𑄬𑄃𑄨 𑄉𑄧𑄢𑄴।,.সপথ ফিরে আসার জন্য দৌাদৌি করো
𑄢𑄙𑄟𑄧𑄚𑄬 𑄥𑄧𑄖𑄳𑄠𑄧 𑄣𑄢𑄳𑄦𑄬𑄖𑄴 𑄛𑄧𑄢𑄚𑄴 𑄘𑄨𑄣𑄧 𑄝𑄧𑄣𑄨,রাধারমণে তাাতাি প্রাণ দিল বলি
𑄖 𑄙𑄧𑄇𑄳𑄠𑄬 𑄣𑄧𑄢𑄳𑄦𑄬𑄃𑄨 𑄉𑄧𑄢𑄨 𑄃𑄬𑄇𑄴 𑄘𑄨𑄚𑄴 𑄃𑄧𑄝𑄧𑄋𑄴 𑄝𑄨𑄎𑄧𑄠𑄨।,তার মতো করে এক দিন সকাল হেছে
𑄎𑄉𑄨 𑄃𑄪𑄘𑄧 𑄙𑄧𑄚𑄴𑄛𑄪𑄘𑄨,জাগিে উে ধনপুদি
𑄃𑄢𑄴 𑄚𑄧𑄠𑄴 𑄌𑄮𑄉𑄧 𑄛𑄚𑄨,আবার চোখের পানি
𑄢𑄙𑄟𑄧𑄚𑄬 𑄇𑄮𑄃𑄨 𑄡𑄨𑄠𑄬 𑄇𑄧𑄙𑄚𑄨,রাধাকৃষ্ণের কথা
𑄃𑄧𑄇𑄴𑄈𑄧𑄢𑄬 𑄃𑄧𑄇𑄴𑄈𑄧𑄢𑄬 𑄛𑄣𑄧𑄚𑄴 𑄉𑄧𑄢𑄨।,বেশি বেশি পালন করে
"𑄃𑄬 𑄎𑄉 𑄃𑄟𑄢𑄴, 𑄃𑄟𑄢𑄴 𑄃𑄬 𑄟𑄘𑄨","এই জাগা আমার, আমার এই মাটি"
𑄉𑄌𑄴𑄍𑄪𑄚𑄧𑄢𑄬 𑄌𑄧,গাছটাকে চে দাও
"𑄃𑄬𑄇𑄴 𑄃𑄧𑄇𑄴𑄖𑄧𑄖𑄴,",একনাগাে
𑄜𑄪𑄣𑄬 𑄛𑄉𑄮𑄢𑄬 𑄛𑄬𑄃𑄨𑄉𑄧 𑄇𑄨𑄏𑄨𑄇𑄴 𑄈𑄎𑄉𑄬 𑄃𑄧𑄙𑄧𑄇𑄴,.ফুলে পাগোে একটি শিশু লাফালাফি করছে।
𑄃𑄬𑄇𑄴 𑄃𑄧𑄇𑄴𑄖𑄧𑄖𑄴?,এক লাফে?
𑄛𑄘 𑄜𑄪𑄣𑄴 𑄏𑄪𑄢𑄨 𑄡𑄬𑄃𑄨 𑄚𑄪𑄠𑄱 𑄉𑄧𑄢𑄨 𑄇𑄮𑄢𑄴 𑄃𑄪𑄘𑄬।,পাতার ফুল ঝুিে যে না করা হ
"𑄖𑄪𑄃𑄨 𑄘𑄧 𑄥𑄬𑄃𑄨 𑄙𑄧𑄚𑄴𑄛𑄪𑄘𑄨,",তুমি তো সেই ধনপুি
𑄃𑄎𑄢𑄴 𑄘𑄪𑄉𑄧𑄖𑄴 𑄚𑄧 𑄛𑄧𑄢𑄧𑄌𑄴 𑄞𑄋𑄨,.আার দুই ভাগ না করে পে যাওা
𑄘𑄧𑄢𑄧 𑄟𑄘𑄨 𑄜𑄪𑄢𑄨 𑄃𑄪𑄘𑄮𑄌𑄴,ভ পাে উঠছে
"𑄚𑄪𑄠𑄱 𑄥𑄧𑄝𑄧𑄚𑄴, 𑄚𑄪𑄠𑄱 𑄃𑄏 𑄝𑄪𑄉𑄧𑄖𑄴 𑄝𑄚𑄨।",".নতুন স্বপ্ন,নতুন আশা"
𑄖𑄧𑄟𑄢𑄬 𑄟𑄪𑄃𑄨 𑄃𑄨𑄙𑄮𑄖𑄴 𑄉𑄘𑄬 𑄖𑄮𑄟𑄴,তোমাকে আমার মুখে গািে রাখবো
"𑄟𑄨𑄋𑄨𑄚𑄨, 𑄇𑄎𑄣𑄧𑄁, 𑄌𑄬𑄋𑄬 𑄉𑄋𑄴 𑄡𑄬𑄙𑄧𑄇𑄴 𑄘𑄨𑄚𑄴 𑄉𑄧𑄋𑄬𑄝𑄧","মিচি,কাজলং, চেঙে গাঙ যত দিন হবে"
"𑄥𑄨𑄢𑄬 𑄖𑄪𑄣𑄨𑄝𑄧, 𑄃𑄣𑄪𑄖𑄨𑄣, 𑄇𑄬𑄃𑄧𑄱𑄇𑄳𑄢𑄧𑄓𑄧𑄁, 𑄜𑄪𑄢𑄮𑄟𑄮𑄚𑄴।","মাথা তুলবো,আবোল তাবোল,কুঁচকানো,কুঁচকানো"
𑄃𑄨𑄙𑄮𑄖𑄴 𑄖𑄪𑄣𑄨 𑄘𑄨𑄚𑄴 𑄉𑄧𑄋𑄬𑄟𑄴,এখানে তুলে দিব
"𑄡𑄪𑄚𑄨 𑄃𑄬𑄡𑄬 𑄏𑄧𑄢𑄴 𑄝𑄮𑄃𑄨𑄠𑄬𑄢𑄴,",যোগা এখন বৃষ্টি পরতেছে
𑄛𑄨𑄖𑄴𑄗𑄨𑄟𑄨 𑄚𑄌𑄴 𑄦𑄧𑄣𑄬𑄠𑄳𑄠𑄧 𑄇𑄧𑄚𑄧 𑄘𑄨𑄚𑄴 𑄇𑄪𑄢𑄨 𑄚𑄧 𑄛𑄬𑄣𑄬𑄟𑄴।,পৃথিবীতে নাচ হলে কোনো দিন কুিে পাবো না
"𑄟𑄧𑄚𑄧 𑄥𑄪𑄚𑄴𑄙𑄪𑄇𑄧𑄖𑄴 𑄡𑄧𑄖𑄧𑄚𑄴 𑄉𑄧𑄢𑄨 𑄌𑄨𑄘𑄧𑄖𑄴,",মন ভালো করে চিন্তা করতেছে
𑄣𑄨𑄊𑄨 𑄗𑄮𑄟𑄴 𑄥𑄮𑄚 𑄃𑄮𑄇𑄴𑄇𑄮𑄢𑄴𑄣𑄮𑄃𑄨 𑄖𑄧𑄟 𑄚𑄋𑄚𑄨।,লিকলিকে রাখ সোনা দিে তোমার নাম
𑄇𑄮𑄢𑄬𑄠𑄳𑄠 𑄛𑄬𑄘𑄬𑄠𑄳𑄠 𑄎𑄨𑄋𑄴𑄇𑄚𑄨,কুাশা পেেছে এমন জীবন
𑄗𑄬𑄋𑄧𑄖𑄴 𑄗𑄚𑄨𑄣𑄬 𑄟𑄙𑄖𑄴 𑄚𑄬𑄃𑄨,পাে থাপ্প মারলে মাথা নেই
𑄟 𑄞𑄌𑄴𑄍𑄚𑄴 𑄇𑄮𑄌𑄴𑄛𑄬𑄚𑄬𑄃𑄨,মা ভাতটা রান্না করতেছে
𑄖𑄪𑄟𑄨 𑄘𑄧 𑄛𑄨𑄖𑄴𑄗𑄨𑄟𑄨𑄖𑄴 𑄘𑄋𑄧𑄢𑄴 𑄟𑄚𑄴𑄝𑄧𑄣 𑄟𑄚𑄬𑄃𑄨।,তোমরা পৃথিবীতে ব মানুষ
𑄖𑄧𑄟𑄢𑄬 𑄚𑄨𑄚𑄬𑄃𑄨 𑄝𑄪𑄇𑄴 𑄞𑄧𑄢𑄬,তোদেরকে নিে বুক ভরে
𑄦𑄎𑄢𑄴 𑄦𑄎𑄢𑄴 𑄘𑄪𑄣𑄧𑄙𑄧𑄌𑄳𑄠 𑄥𑄟𑄢𑄬 𑄜𑄉𑄧𑄖𑄴 𑄚𑄧 𑄥𑄧𑄟𑄬,হাজার হাজার দুলহাা সামারে একসাথে থাকতে পারেনা
𑄃𑄬𑄉𑄌𑄨𑄖𑄴𑄖𑄬 𑄃𑄬𑄉𑄟𑄧𑄚𑄬 𑄚𑄨𑄉𑄪𑄌𑄴 𑄚𑄨𑄉𑄪𑄌𑄴 𑄉𑄧𑄢𑄨,একটু একটু করে একটু একটু করে
𑄃𑄚𑄪𑄚𑄨 𑄚𑄪𑄚𑄴𑄍𑄮 𑄞𑄧𑄖𑄴 𑄈𑄬𑄃𑄨 𑄣𑄢𑄳𑄦𑄬𑄃𑄨 𑄉𑄧𑄢𑄧𑄢𑄴 𑄟𑄧𑄚𑄬 𑄛𑄧𑄢𑄚𑄬।,আনানি লবনাক্ত ভ খেে মনের ইচ্ছা পূরণ করে
𑄟𑄪𑄃𑄨 𑄝𑄨𑄌𑄴𑄥𑄬𑄌𑄴 𑄉𑄧𑄢𑄧𑄋𑄴,মুখ বাঁকা করে কথা বলে
"𑄖𑄪𑄟𑄨 𑄛𑄢𑄨𑄝 𑄥𑄣𑄳𑄠𑄋𑄧𑄖𑄴 𑄣𑄪𑄟𑄨 𑄇𑄨𑄖𑄴𑄖𑄬𑄃𑄨,",তুমি কেন বাঁশে লাফিেছো?
𑄣𑄮𑄛𑄴 𑄣𑄣𑄧𑄌𑄴 𑄖𑄧𑄟𑄢𑄬 𑄚𑄧 𑄛𑄢𑄬 𑄟𑄳𑄦𑄧 𑄉𑄧𑄢𑄨।,.লোবনাক্ত লালচষা তোমাকে সহ্য করতে পারে না
𑄚𑄨𑄥𑄨 𑄢𑄬𑄘𑄮𑄖𑄴 𑄊𑄪𑄟𑄴 𑄞𑄋𑄨 𑄡𑄠𑄴,রাতের অন্ধকারে ঘুম ভেঙে যা
"𑄘𑄙, 𑄘𑄨𑄊𑄨𑄣𑄬 𑄖𑄧𑄢𑄬 𑄥𑄧𑄝𑄧𑄚𑄬,","দাঁি, দাঁিে তোমাকে মনে পে"
𑄇𑄧𑄚𑄴 𑄥𑄉𑄧𑄢𑄧𑄖𑄴 𑄜𑄬𑄣𑄬 𑄡𑄬𑄣𑄬,কোন হ্রদে ফেলে যাওা হলে
𑄖𑄪𑄃𑄨 𑄃𑄟𑄢𑄬।,তোমরা আমাকে
𑄝𑄬𑄚𑄴𑄚𑄬 𑄛𑄮𑄖𑄳𑄠 𑄛𑄮𑄜𑄁 𑄘𑄧𑄉𑄧𑄢𑄨𑄣𑄬,বেনে পোা পোা করলে
"𑄃𑄨𑄙𑄮𑄖𑄴 𑄃𑄪𑄙𑄬 𑄖𑄧𑄢𑄬,",এখানে উঠতে হবে তোমাকে
𑄇𑄨 𑄛𑄛𑄬 𑄉𑄮𑄎𑄬𑄚𑄴 𑄖𑄪𑄃𑄨 𑄃𑄟𑄢𑄬,কি পাপ করেছো তুমি আমাকে
𑄃𑄨𑄇𑄴𑄇𑄬 𑄃𑄟𑄨 𑄛𑄨𑄖𑄴𑄖𑄮 𑄟𑄧𑄢 𑄘𑄙,এখন আমি পেট মরা দাি
"𑄖𑄪𑄃𑄨 𑄚𑄧 𑄗𑄬𑄚𑄬𑄃𑄨,","তুমি থাকো না,তুমি থাকো না"
𑄟𑄚𑄴𑄌𑄳𑄠 𑄃𑄟𑄢𑄬 𑄥𑄧𑄌𑄴 𑄛𑄨𑄠𑄮𑄚𑄴,মারমারা আমাকে মিষ্টি পিিেছে
𑄞𑄬𑄃𑄨𑄠𑄬 𑄞𑄬𑄃𑄨𑄠𑄬 𑄇𑄮𑄣𑄴 𑄝𑄎𑄬𑄃𑄨 𑄘𑄮𑄚𑄴।,ভে ভে কোল বেজে দে
𑄎𑄉 𑄎𑄧𑄟𑄨 𑄥𑄳𑄦𑄧-𑄥𑄧𑄟𑄴𑄛𑄧𑄖𑄴𑄨 𑄦𑄢𑄬𑄣𑄧𑄁,জাগা জমি সহ সম্পত্তি হারালাম
"𑄝𑄮𑄚𑄪𑄚𑄧𑄢𑄬 𑄏𑄝𑄘𑄧𑄚𑄴 𑄝𑄧𑄁𑄛𑄘𑄢𑄬,",বোনটিকে ঝাু দিতেছে
𑄇𑄧𑄚𑄧 𑄇𑄨𑄗𑄳𑄠 𑄚𑄨𑄛𑄧𑄢𑄴𑄞 𑄚𑄬𑄃𑄨,.কোনো আবর্জনা নেই।
𑄃𑄬𑄙𑄧𑄇𑄴𑄇𑄬 𑄉𑄧𑄢𑄨 𑄝𑄎𑄚 𑄇𑄬𑄚𑄬?,এত করে সাজানো কেন?
"𑄃𑄬𑄙𑄧𑄇𑄴 𑄙𑄪𑄌𑄴 𑄈𑄬𑄣𑄧𑄋𑄴, 𑄃𑄎𑄢𑄴 𑄈𑄬𑄣𑄧𑄋𑄴","এত ধাক্কা খেলাম,আার খেলাম"
"𑄃𑄬𑄡𑄧 𑄃𑄪𑄌𑄴 𑄚𑄧 𑄝𑄧𑄎𑄬,",এত উপরে উঠে না
𑄇𑄧 𑄝𑄱 𑄡𑄧𑄇𑄴𑄇𑄬 𑄇𑄪𑄢𑄨𑄝𑄱 𑄘𑄙,কত ব ব করে কুিেছে
𑄃𑄨𑄙𑄮𑄖𑄴 𑄃𑄪𑄘𑄬 𑄖𑄧𑄢𑄬।,এখানে উঠতে হবে তোমাকে
𑄟𑄳𑄦𑄟𑄳𑄦 𑄚𑄨𑄖𑄴𑄖𑄱 𑄙𑄢 𑄙𑄢 𑄌𑄮𑄉𑄧 𑄛𑄚𑄨,মা প্রতিদিন চোখের পানি পে
"𑄝𑄪𑄇𑄴 𑄌𑄝𑄧𑄢𑄬 𑄌𑄝𑄧𑄢𑄬 𑄇𑄚𑄬,",বুক চেপে ধরে কান্না
𑄇𑄢𑄧𑄢𑄬 𑄇𑄨𑄌𑄴𑄪 𑄝𑄪𑄏𑄬𑄃𑄨 𑄚𑄧 𑄛𑄢𑄨,কাউকে কিছু বুঝাতে পারিনা
𑄝𑄚 𑄟𑄬𑄭𑄣𑄴 𑄈𑄬𑄘𑄧 𑄟𑄉𑄬।,.শুধু মেইল খেে
𑄇𑄪𑄙𑄪 𑄛𑄧𑄢𑄨 𑄢𑄪𑄠𑄮𑄚𑄴?,কোথা পেছো?
𑄃𑄬𑄇𑄴𑄈𑄚 𑄉𑄧𑄢𑄨 𑄎𑄪𑄟𑄚𑄴𑄠𑄳𑄠𑄧,একটা করে জুম করিও
𑄦𑄧𑄢𑄨𑄋𑄴 𑄌𑄮𑄋𑄧𑄢 𑄘𑄧𑄉𑄧𑄢𑄨 𑄡𑄘𑄧𑄚𑄴।,হরিণের চূা দিে যাচ্ছে
𑄘𑄙 𑄖𑄪𑄃𑄨 𑄜𑄨𑄢𑄨 𑄃𑄠𑄴,দৌাদৌি তুমি ফিরে আসো
"𑄣𑄧𑄉𑄬 𑄃𑄚𑄨𑄌𑄴 𑄢𑄙𑄟𑄧𑄚𑄧𑄢𑄬,",.সাথে নিে আসো রাধাকে
𑄎𑄪𑄟𑄴𑄟𑄱 𑄎𑄖𑄴𑄖𑄱𑄢𑄬 𑄇𑄪𑄣𑄧𑄖𑄴 𑄣𑄧,জুমের জাতটাকে কূলে নাও
𑄟𑄟𑄳𑄦 𑄟𑄪𑄠𑄖𑄴 𑄦𑄎𑄨 𑄜𑄪𑄘𑄬 𑄘𑄬।,মামা আমাকে হাসি ফোটাও
𑄎𑄧𑄚𑄧𑄟𑄴 𑄘𑄪𑄉𑄨,জনম জুে
"𑄃𑄧𑄱 𑄝𑄛𑄴 𑄞𑄬𑄃𑄨, 𑄎𑄖𑄴 𑄞𑄬𑄃𑄨𑄣𑄧𑄇𑄴,","ও বাবা ভাই, জাত ভাই"
𑄟 𑄝𑄪𑄇𑄴 𑄥𑄢𑄣𑄳𑄠 𑄉𑄧𑄢𑄨,.মা বুক আলগা করে
𑄎𑄖𑄴 𑄝𑄮𑄚𑄪𑄚𑄴 𑄢𑄚𑄨 𑄉𑄧𑄢𑄨,জাত ভাইরা রানী করে
"𑄇𑄨 𑄘𑄬𑄊𑄧𑄢𑄴, 𑄇𑄨 𑄥𑄮𑄚𑄧𑄢𑄴","কি দো,কি দো"
"𑄖𑄪𑄟𑄨, 𑄚𑄪𑄠𑄮 𑄛𑄨𑄢𑄳𑄦𑄨𑄃𑄪𑄚𑄧𑄢𑄬?","তোমরা,নতুন রোগীদেরকে?"
𑄞𑄬𑄃𑄨𑄠𑄬 𑄞𑄬𑄃𑄨𑄠𑄬 𑄟𑄢-𑄟𑄢𑄨,ভে ভে মারা
"𑄦𑄨𑄣𑄴 𑄌𑄘𑄨𑄉𑄋𑄴 𑄣𑄮 𑄚𑄣𑄬,",হিল চাদিগা লাল নালা
𑄟 𑄝𑄮𑄚𑄧𑄢𑄴 𑄌𑄬𑄢𑄋𑄴 𑄌𑄬𑄢𑄋𑄴 𑄘𑄨 𑄌𑄮𑄉𑄧𑄖𑄴𑄛𑄚𑄨𑄖𑄴,মা বোন চা চা করছে দুই চোখে
𑄛𑄢𑄴𑄝𑄧𑄖𑄳𑄠𑄧 𑄌𑄪𑄇𑄴𑄖𑄨 𑄞𑄎𑄨 𑄞𑄎𑄨 𑄃𑄊𑄬।,পাহাের চুক্তিতে ভাজি ভাজি আছে
𑄃𑄨𑄃𑄚𑄴 𑄇𑄨 𑄎𑄘𑄧𑄢𑄴 𑄇𑄮𑄌𑄴𑄛𑄚?,.এটা কি সমস্যা?
"𑄚, 𑄘𑄬𑄌𑄴 𑄛𑄳𑄢𑄬𑄖𑄳𑄠𑄃𑄨?","না,দোল প্রেত"
"𑄘𑄬𑄊𑄧𑄢𑄴,","দোল, দোল"
"𑄝𑄧𑄣𑄨 𑄟𑄘𑄨 𑄚𑄙 𑄦𑄧𑄣𑄧, 𑄎𑄪𑄟𑄴 𑄇𑄝𑄨","বলির মাটি নাা হলো, জুম কাটা হলো"
"𑄃𑄎𑄢𑄴 𑄘𑄪𑄉𑄬 𑄎𑄨𑄋𑄴𑄇𑄚𑄨 𑄖𑄮𑄢𑄬𑄃𑄨,",আছার দিে যা তোমাকে
𑄈𑄬𑄝𑄢𑄴 𑄃𑄧𑄇𑄴𑄖𑄧 𑄃𑄨𑄚𑄴𑄘𑄨 𑄃𑄪𑄚𑄴𑄘𑄨 𑄝𑄧 𑄡𑄘𑄬 𑄡𑄘𑄬,খাওার সম এদিক সেদিক যাওা
𑄛𑄪𑄠𑄮-𑄏𑄨 𑄦𑄨𑄋𑄨𑄢𑄨 𑄣𑄬𑄊 𑄥𑄬𑄊𑄬𑄃𑄨?,পুো-ঝিি মতো লিখতেছে কেন?
𑄡𑄬 𑄝𑄧𑄎𑄧𑄋𑄴 𑄥𑄬 𑄝𑄧𑄎𑄧𑄋𑄴,যে পরিমাণ সে পরিমাণ
𑄡𑄬 𑄘𑄪𑄉𑄨 𑄥𑄬 𑄘𑄪𑄉𑄨,যে পাে যে পা
𑄚𑄬𑄃𑄨 𑄇𑄧𑄚𑄧 𑄞𑄣𑄬𑄘𑄨,নেই কোনো ভালো
𑄃𑄟𑄨 𑄃𑄧𑄣𑄧𑄋𑄴 𑄎𑄧𑄚𑄧𑄟𑄴 𑄘𑄪𑄉𑄨।,আমরা অনেক জনমে যাবো
𑄜𑄨𑄢𑄨 𑄃𑄬𑄎𑄧,ফিরে যাওা
"𑄌𑄬𑄋𑄬, 𑄟𑄨𑄋𑄨𑄚𑄩, 𑄇𑄎𑄧𑄣𑄧𑄋𑄴, 𑄝𑄧𑄢𑄴𑄉𑄋𑄴-","চেঙে,মিি, কাজল, কাজল,বা"
"𑄥𑄧𑄋𑄴𑄈𑄧, 𑄟𑄖𑄟𑄪𑄈𑄪𑄢𑄩",মাছ ধরার চাঁই
𑄌𑄧𑄢𑄴 𑄌𑄧𑄢𑄴 𑄎𑄧𑄢𑄴 𑄎𑄧𑄢𑄴 𑄉𑄪𑄢𑄨 𑄇𑄪𑄙𑄪 𑄎𑄧𑄢𑄴,ব ব করে কোথা যাচ্ছে
"𑄝𑄨𑄎𑄨𑄠𑄴𑄉𑄨𑄢𑄨, 𑄢𑄙𑄟𑄧𑄚𑄴 - 𑄥𑄨𑄝𑄴𑄌𑄧𑄢𑄧𑄚𑄴","বোইগিরি,রাধামন-সেটিং"
𑄚𑄪𑄠𑄮 𑄉𑄧𑄢𑄨 𑄎𑄧𑄚𑄧𑄟𑄴 𑄣𑄧𑄉𑄨 𑄃𑄬 𑄘𑄬𑄎𑄧𑄖𑄴 𑄃𑄬 𑄎𑄘𑄧𑄖𑄴,.নতুন করে জনম নেবো এই পৃথিবীতে
𑄎𑄖𑄴𑄮𑄢𑄬 𑄃𑄬𑄢𑄚𑄴 𑄉𑄧𑄢𑄧𑄉𑄨।,জাতকে আদর করে
𑄝𑄨𑄎𑄧𑄠𑄴𑄉𑄨𑄢𑄨 - 𑄢𑄙𑄟𑄧𑄚𑄴 𑄡𑄧𑄇𑄴𑄇𑄬 𑄃𑄬𑄣𑄧 𑄃𑄟𑄧𑄣𑄴,বিস্ম - রাধামন যত দিন আসতেছে
"𑄦𑄬𑄭𑄣𑄴 𑄦𑄬𑄭𑄣𑄴𑄴 𑄟𑄮𑄚𑄴-𑄟𑄪𑄢𑄧𑄖𑄴 𑄚𑄚𑄋𑄴 𑄛𑄬𑄭𑄉𑄬 𑄖𑄪𑄣𑄨 𑄘𑄇𑄴 𑄥𑄪𑄢𑄴,",হেলে দুলে পাহাে অনেক ব পাহাে দাঁিে আছে
𑄉𑄏𑄬 𑄉𑄏𑄬 𑄗𑄪𑄛𑄴 𑄗𑄪𑄛𑄴 𑄜𑄪𑄘𑄨𑄘𑄇𑄴 𑄜𑄪𑄣𑄴,গাছে গাছে ফুল ফোটে
𑄃𑄬 𑄘𑄬𑄎𑄧𑄢𑄴 𑄃𑄬 𑄎𑄘𑄧𑄢𑄴 𑄦𑄎𑄨 𑄉𑄬𑄣𑄧 𑄥𑄪𑄇𑄴-,এই দোল এই দোল হাসিটা গেল
"𑄣𑄢𑄴𑄟 𑄖𑄪"" 𑄡𑄬𑄚"" 𑄣𑄪𑄉𑄨।",তুমি যাওা/যাওা
"𑄃𑄬𑄇𑄴 𑄘𑄨𑄚𑄴 𑄃𑄬𑄣𑄧𑄁 𑄢𑄎, 𑄦𑄧𑄣𑄧𑄁 𑄛𑄳𑄢𑄧𑄎 𑄃𑄬𑄣𑄧𑄁 𑄛𑄳𑄢𑄧𑄎-","এক দিন আসলাম রাজা,হওালাম প্রজা"
𑄃𑄬𑄌𑄳𑄠𑄬 𑄖𑄨𑄚𑄴𑄚𑄪 𑄈𑄬𑄘𑄇𑄴𑄖𑄪𑄇𑄴 𑄃𑄟𑄨,এত তিত্তির খোল আমরা
"𑄃𑄬 𑄘𑄪𑄇𑄴 𑄝𑄪𑄇𑄴 𑄍𑄨𑄢𑄨 𑄚𑄧 𑄛𑄢𑄬 𑄘𑄬𑄊𑄬""",এই দুঃখ সহ্য করতে পারে না
𑄝𑄬𑄚𑄳𑄠 𑄣𑄟𑄨𑄣𑄬 𑄊𑄧𑄢𑄧𑄖𑄴𑄖𑄪𑄚𑄴 𑄝𑄬𑄣𑄳𑄠 𑄣𑄌𑄴 𑄃𑄧𑄃𑄨 𑄃𑄬𑄎𑄨 𑄜𑄨𑄢𑄨।,বো বসলে বাি থেকে বিাল বের হ
𑄖𑄪𑄃𑄧 𑄟𑄪𑄃𑄨 𑄇𑄨𑄖𑄴𑄖𑄬 𑄃𑄧𑄣𑄧𑄢𑄴𑄴,তুমি আমার জন্য কী করতেছো
"𑄟𑄧𑄢𑄴𑄠𑄳𑄠𑄧 𑄣𑄮 𑄃𑄊𑄬, 𑄃𑄊𑄬 𑄢𑄧𑄚𑄴","আমার ছেলে আছে,রান্না আছে"
"𑄘𑄨𑄝𑄬 𑄌𑄮𑄇𑄴, 𑄇𑄚𑄴, 𑄦𑄖𑄴 𑄗𑄬𑄋𑄴","দুই চোখ,কান, হাত পা"
𑄟𑄪𑄃𑄨𑄠𑄳𑄠 𑄘𑄧 𑄟𑄚𑄪𑄌𑄴।,আমি তো মানুষ না
"𑄟𑄪𑄃𑄨𑄠𑄳𑄠 𑄖𑄧𑄟𑄥𑄚𑄴 𑄉𑄠𑄴𑄉𑄧𑄘𑄧𑄢𑄬 𑄚𑄧𑄠𑄴,",আমি তোমার সাথে মেলামেশা করি না
"𑄝𑄪𑄘𑄴𑄙𑄨 𑄝𑄧𑄣𑄴 𑄚𑄬𑄃𑄨, 𑄎𑄧𑄚𑄬 𑄙𑄧𑄚𑄬𑄦𑄨𑄚𑄴।",".বুদ্ধি শক্তি নেই, জনে জনে"
𑄟𑄪𑄃𑄨𑄠𑄮 𑄘𑄧 𑄟𑄚𑄪𑄌𑄴।,আমি তো মানুষ
"𑄢𑄎𑄚𑄧𑄉𑄧𑄢𑄴 𑄝𑄨𑄝𑄨𑄢𑄴 𑄦𑄖𑄴, 𑄢𑄋𑄴𑄉𑄪𑄚𑄨𑄠 𑄇𑄢𑄨 𑄚𑄨𑄣","রাজানগরের বিাল হাত,রাঙ্গুনি কারি নিে নিল"
𑄣𑄧𑄇𑄴𑄈𑄨 𑄉𑄪𑄢𑄧𑄥𑄚𑄴 𑄇𑄨𑄌𑄴𑄍𑄪 𑄚𑄧 𑄇𑄮𑄃𑄨,লক্ষীরা কিছু বলে না
𑄃𑄎𑄢𑄮 𑄘𑄪𑄇𑄴 𑄝𑄪𑄉𑄧𑄖𑄴 𑄝𑄚𑄨 𑄃𑄬𑄣𑄪𑄋𑄴,.আকাশের দুঃখ বুো বেঁধে আসলাম
"𑄟𑄧𑄢𑄪𑄣𑄳𑄠 𑄘𑄬𑄎𑄧𑄖𑄴, 𑄦𑄨𑄣𑄴 𑄌𑄘𑄬𑄉𑄋𑄧𑄖𑄴।","মার্বেল খেলা, হিল খেলা"
"𑄇𑄧𑄙𑄧𑄇𑄴 𑄢𑄧𑄚𑄴 𑄘𑄪𑄉𑄬, 𑄇𑄬𑄌𑄳𑄠 𑄚𑄣𑄴 𑄈𑄉𑄢𑄣𑄮𑄃𑄨 𑄣𑄢𑄳𑄦𑄬𑄃𑄨 𑄉𑄧𑄢𑄨","কত রোদ পে,কত রোদ পোহা"
𑄃𑄧𑄚𑄝𑄘𑄨 𑄎𑄧𑄟𑄨 𑄝𑄕𑄬𑄣𑄪𑄋𑄴 𑄞𑄪𑄃𑄨।,অনাবাদি জমি চাষ করছে
𑄃𑄚𑄴𑄙𑄢𑄴 𑄟𑄮𑄚𑄴 𑄎𑄪𑄟𑄴 𑄇𑄝𑄨,অন্ধকার পাে জুম করে
𑄥𑄨𑄃𑄚𑄨𑄠𑄳𑄠𑄧 𑄖𑄧𑄟𑄢𑄴 𑄌𑄮𑄉𑄧𑄥𑄣𑄴!,সেগুলো তোমার চোখের পলক
𑄇𑄛𑄴𑄖𑄬 𑄉𑄧𑄙 𑄝𑄚𑄨 𑄙𑄪𑄝𑄬𑄃𑄨 𑄘𑄨𑄣,কাপের দাগটা ধুে দিল
"𑄍𑄨𑄘𑄨 𑄛𑄧𑄢𑄴𑄣𑄧𑄋𑄴 𑄡𑄨𑄚𑄴𑄘𑄨 𑄌𑄮𑄉𑄧 𑄛𑄳𑄦𑄧𑄢𑄴 𑄘𑄬𑄊𑄬,",ছিঁা পা যেদিকে চোখ পে
"𑄛𑄧𑄢𑄚𑄴 𑄖𑄮𑄢𑄬 𑄛𑄧𑄢𑄬,",পরানটা তোমাকে পতেছে
𑄃𑄬𑄇𑄴 𑄙𑄪𑄝𑄧 𑄝𑄌𑄴 𑄃𑄧𑄣𑄧𑄋𑄴 𑄜𑄢𑄧𑄇𑄴।,এক ঝটকা বাতাস
"𑄇𑄨𑄠𑄮 𑄉𑄬𑄣𑄧𑄋𑄴 𑄚𑄬𑄜, 𑄟𑄨𑄎𑄮𑄢𑄟𑄴, 𑄖𑄨𑄝𑄨𑄢𑄬 𑄞𑄢𑄧𑄖𑄴,","কি গেলা নো, মিজোরাম, ত্রিপুরাতে ভারত"
𑄇𑄨𑄠𑄮 𑄗𑄬𑄣𑄧𑄋𑄴 𑄘𑄬𑄌𑄴𑄇𑄪𑄣𑄧𑄖𑄴।,.কোন কিছু পার সমে
"𑄚𑄬𑄉𑄬 𑄟𑄮𑄉𑄬, 𑄝𑄝𑄬 𑄛𑄪𑄘𑄬, 𑄞𑄬𑄃𑄨𑄠𑄬 𑄞𑄬𑄃𑄨𑄠𑄬,","নেে মেে, বেে বেে, বেে বেে"
𑄖𑄪𑄃𑄧 𑄖𑄨𑄖𑄴𑄗𑄨 𑄚𑄧 𑄦𑄧𑄠𑄴?,তুমি এখনো জাগ্রত হনা?
"𑄌𑄬𑄋𑄬𑄃𑄨, 𑄇𑄎𑄣𑄧𑄋𑄴, 𑄜𑄬𑄚𑄨, 𑄟𑄧𑄋𑄨𑄚𑄨𑄇𑄪𑄢𑄴 𑄚𑄨𑄣 𑄇𑄢𑄨।","চেঙে,ফ্যানি,মেে প্রভৃতির নিে রান্না করে"
𑄥𑄣𑄬𑄚𑄴 𑄇𑄧𑄙𑄧𑄇𑄴 𑄃𑄢𑄴 𑄉𑄠𑄴 𑄥𑄧𑄠𑄮𑄚?,.সাবানটা কবার গাে পেছে?
"𑄌𑄮𑄉𑄧 𑄟𑄪𑄎𑄪𑄋𑄬 𑄟𑄟𑄳𑄦𑄢𑄬 𑄏𑄝𑄘𑄧𑄚𑄴,",চোখের পলকে মামাকে ঝাু দেওা
𑄚𑄮𑄚𑄩𑄠𑄬 𑄝𑄚𑄴𑄚𑄮𑄢𑄬 𑄙𑄧𑄢𑄨 𑄚𑄬𑄡𑄘𑄧𑄚,নিে বাঁশটা ধরে নিে যাওা
𑄝𑄝𑄳𑄦𑄢𑄬 𑄝𑄚𑄨 𑄚𑄬𑄡𑄘𑄧𑄚𑄴,পিতাকে বেঁধে নিে যাচ্ছে
𑄘𑄙 𑄃𑄧 𑄚𑄮𑄚𑄨𑄠𑄬 𑄞𑄬𑄃𑄨𑄝𑄮𑄢𑄬 𑄎𑄬𑄣𑄧𑄖𑄴 𑄘𑄬𑄘𑄧𑄚𑄴।,পাহাের নািে বোইে দো
𑄞𑄬𑄃𑄨𑄠𑄬 𑄞𑄬𑄃𑄨𑄠𑄬 𑄇𑄮𑄌𑄴𑄎𑄬 𑄝𑄎𑄬𑄃𑄨 𑄘𑄬𑄘𑄧𑄚𑄴।,ভো ভো শব্দ করে দো
𑄖𑄪𑄃𑄨 𑄟𑄪𑄃𑄨 𑄇𑄨𑄖𑄖𑄬 𑄃𑄧𑄣𑄧𑄢𑄴?,তুমি কি আমার জন্য অপেক্ষা করতেছো?
𑄘𑄪𑄉𑄧𑄢𑄴 𑄛𑄚𑄴𑄎𑄣𑄨 𑄛𑄳𑄦𑄧𑄢𑄧𑄋𑄴 𑄘𑄨𑄚𑄴𑄛𑄧𑄖𑄴𑄖𑄨,দূরের পাহাি পথ যা প্রতিদিন
𑄃𑄟𑄧𑄚𑄧𑄢𑄴 𑄝𑄪𑄉𑄧𑄖𑄴 𑄛𑄢𑄴 𑄇𑄪𑄢𑄨 𑄇𑄪𑄢𑄨।,আমরা বুদ্ধ পাের পাশে কুিকুি করে
"𑄘𑄋𑄧𑄢𑄴 𑄟𑄚𑄴𑄝𑄧𑄣 𑄟𑄚𑄪𑄌𑄴 𑄘𑄬𑄊𑄧𑄋𑄴 𑄖𑄨𑄉𑄪𑄌𑄳𑄠 𑄃𑄨𑄘𑄪,",ব মানুষ দেখতেছি এইটা
𑄇𑄧𑄙𑄧𑄇𑄴 𑄃𑄃𑄧𑄱𑄎𑄨 𑄖𑄢 𑄟𑄧 𑄃𑄨𑄘𑄪।,কত ব আসতেছে তারা আমার এখানে
𑄖𑄢𑄢𑄬𑄠𑄳𑄠𑄧 𑄘𑄬𑄊𑄧𑄋𑄴 𑄛𑄧𑄖𑄴 𑄦𑄢𑄚𑄴,তাদেরকে দেখিে পথ হারান
𑄃𑄬𑄇𑄴𑄧𑄱 𑄘𑄪𑄉𑄧𑄢𑄴 𑄟𑄚𑄬𑄃𑄨 𑄛𑄧𑄖𑄴𑄮 𑄥𑄚𑄴।,একটা দুগা মানে পথের সা
𑄡𑄢 𑄘𑄪𑄉𑄧𑄢𑄴 𑄥𑄪𑄘𑄮𑄟𑄴 𑄟𑄧𑄎𑄨𑄟𑄴 𑄗𑄚𑄴,যাদের বিপদের সুরাহা হবে তারা থাকবে
𑄖𑄢𑄴𑄠𑄳𑄠𑄧 𑄘𑄧 𑄝𑄬𑄉𑄬 𑄚𑄨𑄎𑄧𑄢𑄬 𑄦𑄇𑄧𑄢𑄬𑄠𑄳𑄠𑄧𑄚𑄴,তার তো নিজের পাে হাঁটতেছে
𑄘𑄪𑄉𑄧𑄢𑄴 𑄝𑄉𑄳𑄠𑄧 𑄃𑄨𑄘𑄪।,দৌাদৌি
𑄟𑄧𑄢𑄴 𑄃𑄧𑄖𑄣𑄨𑄠𑄬 𑄟𑄧𑄚𑄚𑄴,আমার পাগলের মতো মন
𑄃𑄬𑄙𑄧𑄇𑄴 𑄘𑄪𑄉𑄧𑄢𑄴 𑄃𑄋𑄢,এত ব আংটা
𑄡𑄨𑄠𑄮𑄗𑄨𑄠𑄮 𑄥𑄣𑄳𑄠𑄬𑄋𑄧𑄖𑄴 𑄟𑄪𑄃𑄨,যেখানে সেখানে পা
𑄖𑄪𑄠𑄮 𑄦𑄘𑄧𑄋𑄴 𑄝𑄪𑄇𑄴 𑄇𑄟𑄧𑄢𑄬 𑄇𑄟𑄧𑄢𑄬।,তুমি হাত দিে বুক পরিষ্কার করো
𑄃𑄬 𑄟𑄬𑄠𑄬𑄝𑄧𑄣 𑄌𑄮𑄉𑄧𑄖𑄴 𑄦𑄧𑄠𑄧𑄖𑄴 𑄃𑄬𑄇𑄴𑄎𑄧𑄚𑄴,এই মেেটা চোখের পলক হেছে
"𑄝𑄌𑄴𑄎𑄬 𑄃𑄊𑄬 𑄃𑄰 𑄞𑄋 𑄎𑄪𑄟𑄧 𑄊𑄧𑄢𑄧𑄖,𑄴","এই ভাঙা জুমের বািটা,"
𑄘𑄪𑄉𑄧𑄢𑄴 𑄉𑄧𑄘 𑄞𑄋𑄨 𑄡𑄃𑄨,দৌাদৌি করে যা
𑄙𑄬𑄢𑄴 𑄙𑄳𑄦𑄬𑄢𑄬 𑄚𑄣𑄴 𑄝𑄬𑄃𑄨 𑄡𑄃𑄨 𑄘𑄨 𑄌𑄮𑄉𑄧𑄖𑄴।,নদীর স্রোতের মতো ভেসে যা
"𑄚𑄚𑄋𑄴 𑄙𑄧𑄇𑄴, 𑄚𑄚𑄋𑄴 𑄢𑄧𑄋𑄴 𑄟𑄚𑄪𑄌𑄴",নানা রঙের মানুষ
"𑄚𑄚𑄋𑄴 𑄟𑄧𑄚𑄴, 𑄚𑄚𑄋𑄴 𑄌𑄬𑄢𑄬𑄋-","নানা ধরনের মন, নানা ধরনের চো"
𑄛𑄨𑄖𑄴𑄗𑄨𑄟𑄨𑄖𑄴 𑄣𑄪𑄙𑄪𑄁𑄟𑄧𑄢 𑄉𑄧𑄢𑄨 𑄛𑄧𑄢𑄨 𑄃𑄊𑄬 𑄝𑄬𑄇𑄴।,পৃথিবীতে সবাই লুচ্চামি করে আছে
𑄇𑄨 𑄃𑄃𑄧𑄱𑄌𑄴 𑄃𑄊𑄬 𑄖𑄢𑄢𑄴,কি আওাজ আছে তাদের
𑄌𑄨𑄖𑄴 𑄚𑄬𑄃𑄨 𑄥𑄧𑄟𑄧𑄠𑄧𑄢𑄴 𑄃𑄨𑄙𑄪?,এখানে কি মন আছে?
𑄘𑄧𑄠𑄬 𑄚𑄬𑄃𑄨 𑄃𑄬 𑄛𑄨𑄖𑄴𑄗𑄨𑄖𑄴 𑄖𑄪𑄠𑄮 𑄃𑄊𑄬 𑄣𑄋𑄴,দা নেই এই পৃথিবীতে তুমিও আছো
𑄃𑄧𑄖𑄣𑄨𑄠𑄬 𑄌𑄨𑄖𑄴𑄘𑄨𑄊𑄧𑄣𑄴 𑄇𑄮𑄌𑄴𑄛𑄚 𑄃𑄬𑄡𑄧 𑄃𑄊𑄬।,.অতিরিক্ত মন কেমন করে আছে
"𑄃𑄧𑄱𑄇𑄴 𑄚 𑄝𑄪𑄇𑄴 𑄞𑄬𑄘 𑄞𑄬𑄘,",.ওটা না বুক ভেদ করা
𑄃𑄧𑄱𑄇𑄴 𑄚 𑄗𑄬𑄋𑄧 𑄛𑄘 𑄇𑄚 𑄇𑄚,.ওই না পাের পাতা কানা কানা
𑄖𑄪𑄃𑄧 𑄘𑄧 𑄦𑄙 𑄛𑄧𑄢𑄨𑄝𑄧,তুমি তো পাখানা করতে হবে
𑄖𑄪𑄃𑄧 𑄟𑄪𑄎𑄪𑄋𑄬 𑄈𑄪𑄌𑄴 𑄜𑄬𑄣 𑄛𑄧𑄢𑄨𑄝𑄧,তোমার মাথা পাখানা করতে হবে
𑄡𑄧𑄘𑄧𑄇𑄴𑄇𑄧𑄚𑄴 𑄇𑄨𑄠𑄬𑄖𑄴 𑄃𑄬𑄇𑄴 𑄜𑄪𑄘𑄧 𑄣𑄮 𑄗𑄠𑄴।,যতক্ষন শরীরে এক ফোটা থাকে
"𑄌𑄧, 𑄃𑄟𑄧𑄣𑄴 𑄉𑄧𑄢𑄨 𑄢𑄨𑄚𑄨 𑄌𑄧!","চ, আমল করে নিে চ!"
𑄣𑄪𑄠𑄱 𑄛𑄨𑄚𑄴𑄎𑄪𑄢𑄧𑄖𑄴 𑄞𑄨𑄘𑄨𑄢𑄬 𑄃𑄟 𑄟-𑄝𑄝𑄧𑄢𑄴 𑄢𑄧𑄖𑄴𑄖𑄧𑄚𑄧 𑄃𑄚𑄨,লাঠি দিে আমাদের মা-বাি রেছে
"𑄍𑄧𑄖𑄴𑄜𑄧𑄘𑄢𑄴, 𑄟𑄧𑄢 𑄇𑄨𑄎𑄬𑄇𑄴 𑄜𑄬𑄣𑄢𑄴,","ছানো ছিটানো,মরা কিসিম ফেলা"
𑄃𑄉𑄪𑄚𑄧𑄖𑄴 𑄛𑄧𑄌𑄴𑄎𑄬 𑄘𑄪𑄢𑄧 𑄥𑄚𑄴 𑄉𑄧𑄢𑄬𑄢𑄴,আগুনে পে দূরে যেতে হ
𑄥𑄬 𑄢𑄧𑄖𑄴𑄖𑄧𑄚𑄧𑄃𑄚𑄨 𑄢𑄧𑄇𑄴𑄈𑄬 𑄉𑄧𑄢𑄨𑄝𑄧𑄋𑄴,সে কাঠগুলো শক্ত
"𑄡𑄧𑄘𑄧𑄇𑄴𑄈𑄧𑄚𑄴 𑄇𑄨𑄠𑄬𑄖𑄴 𑄘𑄧𑄟𑄴 𑄗𑄠𑄴,",তত ব শরীর থাকে
"𑄃𑄬𑄡𑄮𑄇𑄴 𑄚 𑄏𑄧𑄢𑄴, 𑄇𑄣𑄴 𑄝𑄮𑄎𑄬𑄇𑄴","একনাগাে বৃষ্টি,কালকে বৃষ্টি"
𑄘𑄧𑄁𑄉 𑄞𑄋𑄮𑄇𑄴 𑄚 𑄟𑄮𑄚𑄴-𑄟𑄪𑄢𑄳𑄦𑄧,ভূমিধস হেছে নাকি পাহাের মানুষ
𑄣𑄟𑄮𑄇𑄴 𑄚 𑄃𑄚𑄴𑄙𑄢𑄴 𑄢𑄬𑄖𑄴,এক জাতী রাত
"𑄖𑄪𑄃𑄧 𑄘𑄧 𑄟𑄪𑄎𑄪𑄋𑄬 𑄃𑄪𑄎𑄬𑄝𑄧𑄁, 𑄛𑄌𑄴 𑄦𑄖𑄳𑄠𑄢𑄴 𑄝𑄚𑄨","তুমি তো পাহাে উঠে যাবে, পাচ হাত বানিে"
𑄘𑄪𑄉𑄧𑄢𑄴 𑄚𑄋𑄬 𑄛𑄬𑄃𑄨𑄇𑄱 𑄇𑄨 𑄃𑄬𑄙𑄧𑄇𑄴,নদীর নাঙে পেে কি এত কী
"𑄟𑄧𑄚𑄧𑄢𑄴 𑄖𑄨𑄢𑄮𑄌𑄴 𑄚𑄧 𑄛𑄢𑄬 𑄛𑄪𑄢𑄬"",",মনের ব্যথা সহ্য করতে পারে না
𑄇𑄨 𑄟𑄮𑄚𑄴 𑄟𑄪𑄢𑄳𑄦𑄧𑄖𑄴 𑄥𑄧𑄁 𑄝𑄪𑄃𑄨𑄠𑄮𑄖𑄴,কি পাহাে পাহাে বুো
𑄃𑄪𑄢𑄳𑄦𑄨 𑄊𑄪𑄢𑄨 𑄃𑄧𑄚𑄴𑄥𑄪𑄢𑄴 𑄜𑄨𑄢𑄨 𑄃𑄬𑄡𑄬-,উে ঘুরে ফিরে আসে
𑄚𑄚𑄋𑄴 𑄙𑄧𑄉𑄬 𑄚𑄚𑄋𑄴 𑄚𑄋𑄬,"বিভিন্ন রকমে, নানান রকমে"
𑄥𑄨𑄓𑄧𑄢𑄴 𑄃 𑄖𑄨𑄖𑄴𑄣𑄨 𑄝𑄬𑄎𑄬।,.শীত আসতেছে
"𑄊𑄧𑄢𑄬 𑄊𑄧𑄢𑄬 𑄝𑄳𑄦 𑄗𑄠𑄴, 𑄃𑄬𑄡𑄬 𑄉𑄧𑄢𑄴𑄝 𑄝𑄬𑄎𑄬,","ঘরে ঘরে বাি থাকে,এত ব ব আছে"
"𑄞𑄧𑄋𑄨 𑄝𑄬𑄢𑄳𑄦𑄃𑄨 𑄎𑄪𑄟𑄬 𑄎𑄪𑄟𑄬, 𑄦𑄬𑄣𑄴 𑄟𑄮𑄚𑄴-𑄟𑄪𑄢𑄳𑄦𑄧𑄖𑄴,","ব্যাঙের বোই জুমে জুমে, সবুজ পাহাে জুমে"
𑄚𑄚𑄋𑄴 𑄇𑄪𑄥𑄧𑄣 𑄇𑄪𑄝𑄪𑄘𑄴𑄙𑄨 𑄃𑄊𑄬 𑄖𑄢𑄴,তার অনেক কুবুদ্ধি আছে
𑄘𑄨 𑄡𑄠𑄴 𑄊𑄢𑄬 𑄊𑄧𑄢𑄬 𑄝𑄬𑄘𑄧𑄟𑄴 𑄟𑄚𑄬𑄃𑄨 𑄝𑄪𑄉𑄧𑄖𑄴।,.দিে যাওার জাগা বৌদ্ধ ভিক্ষুরা বাস করে
𑄘𑄨𑄚𑄴𑄚𑄮 𑄃𑄬𑄣𑄬 𑄌𑄨𑄘𑄬 𑄌𑄨𑄘𑄬𑄠𑄴 𑄢𑄬𑄖𑄴𑄖𑄱 𑄚𑄧 𑄙𑄧𑄢𑄬 𑄊𑄪𑄟𑄴,সারাদিন শুে শুে রাতটাও ধরে না
𑄇𑄧𑄇𑄴𑄇𑄬 𑄃𑄬𑄡𑄬 𑄇𑄨 𑄉𑄧𑄢𑄬 𑄝𑄪𑄉𑄧𑄖𑄴 𑄗𑄠𑄴 𑄙𑄪𑄟𑄴 𑄙𑄪𑄟𑄴।,কখন এই ধোঁা শেষ হেছে ধোঁা
"𑄌𑄬𑄋𑄬, 𑄟𑄨𑄋𑄨𑄚𑄨, 𑄇𑄎𑄣𑄧𑄋𑄴 𑄌𑄉𑄣𑄖𑄴 𑄚𑄧 𑄥𑄧𑄢𑄬𑄢𑄴 𑄃𑄬 𑄘𑄧𑄎","চেঙে,মিিনি,কাজলং চামাটা সহজে সরানো যা না"
"𑄥𑄪𑄚𑄧 𑄡𑄨𑄠𑄬 𑄥𑄧𑄖𑄳𑄠𑄧 𑄡𑄪𑄉𑄧𑄖𑄴,",.সুঁচালো যুগ
𑄥𑄨𑄚𑄴𑄘𑄨 𑄛𑄪𑄎𑄧 𑄉𑄧𑄢𑄨 𑄢𑄧𑄇𑄴𑄈𑄬 𑄛𑄨𑄠𑄬 𑄥𑄳𑄢𑄨𑄝𑄧𑄇𑄴𑄥𑄧 𑄢𑄎।,.সে পোকামাকের মতো দেখতে এক জাতী পাখি
"𑄃𑄉𑄎𑄧𑄖𑄴 𑄚𑄬𑄃𑄨 𑄇𑄣 𑄟𑄬𑄇𑄴 𑄃𑄧𑄚𑄴𑄥𑄪𑄢𑄴 𑄝𑄃𑄨 𑄝𑄧𑄢𑄴 𑄝𑄧,",.আকাশে কালো মেেরা ব ব
"𑄝𑄧𑄢𑄴 𑄝𑄧𑄖𑄴𑄖𑄪𑄚𑄴 𑄃𑄬𑄢𑄚𑄴 𑄛𑄬𑄝𑄢𑄴 𑄇𑄧𑄚𑄬 𑄇𑄨 𑄟𑄧𑄚𑄬𑄢𑄴,",ব ব থেকে বাতাস পতেছে কে জানে
"𑄇𑄧𑄚𑄴 𑄞𑄚𑄴𑄖𑄬𑄖𑄴𑄖𑄪𑄚𑄴 𑄥𑄟𑄨𑄚𑄨 𑄃𑄧𑄣𑄬 𑄃 𑄥𑄫𑄖𑄳𑄢𑄧 𑄥𑄪𑄚𑄨𑄝𑄬𑄇𑄴,",কোন ভ থেকে সাথীরা বের হে আসবে
𑄝𑄬𑄚𑄳𑄠 𑄝𑄬𑄣𑄳𑄠 𑄝𑄧𑄎𑄧𑄚𑄴 𑄖𑄬𑄟𑄴𑄟𑄋𑄧𑄖𑄴 𑄚𑄬𑄉𑄬 𑄟𑄮𑄉𑄬।,বো বো লোক মেেকে বোতে নিে যাচ্ছে
𑄃𑄟𑄨 𑄃𑄬𑄇𑄴 𑄏𑄇𑄴 𑄎𑄪𑄟𑄧 𑄜𑄪𑄣𑄧 𑄇𑄪𑄢𑄨,আমরা এক ঝাক জুম ফুল কুেছি
𑄛𑄧𑄣𑄴𑄣 𑄛𑄪𑄣𑄴𑄣𑄨 𑄟𑄮𑄚𑄴 𑄟𑄪𑄢𑄧𑄖𑄴,.পঁচে পা পাে
𑄦𑄬𑄃𑄨𑄣𑄴 𑄦𑄬𑄃𑄨𑄣𑄴 𑄖𑄢𑄪𑄟𑄴 𑄏𑄢𑄬।,হেলাম হেলাম শব্দ করে বাতাস নো
𑄃𑄪𑄎𑄬 𑄡𑄬𑄝𑄧 𑄌𑄋𑄴𑄟 𑄥𑄦𑄨𑄖𑄳𑄠𑄧 𑄛𑄧𑄖𑄨𑄇 𑄟𑄪𑄎𑄪𑄋𑄬।,উপরে যাওা চামা গাছটা পাহাের মাথা
𑄛𑄪𑄢𑄧𑄚𑄧 𑄥𑄪𑄘𑄨𑄚𑄴 𑄥𑄪𑄟𑄙𑄚𑄴 𑄜𑄨𑄢𑄨 𑄃𑄚𑄨𑄝𑄢𑄴 𑄙𑄢𑄎𑄬।,.পূর্ণিমা মাসের আলো আঁধারি ফিরে আসতেছে।
𑄃𑄨𑄇𑄳𑄠𑄬 𑄘𑄧 𑄚𑄬𑄃𑄨 𑄖𑄢𑄪𑄟𑄴 𑄝𑄧𑄚𑄴,এখন তো তার মা নেই
𑄥𑄨𑄣𑄧 𑄇𑄛𑄧𑄖𑄴𑄖𑄪𑄚𑄴 𑄚𑄧 𑄗𑄬𑄝𑄃𑄨 𑄛𑄚𑄨,শীলের কাপ থেকে পানি বের হ না
𑄍𑄧𑄢 𑄍𑄧𑄢𑄨 𑄦𑄧𑄣𑄧 𑄌𑄎,ছেঁা ছেঁা হলো চাটা
𑄟𑄘𑄨 𑄦𑄧𑄣𑄧 𑄚𑄙।,মাটি হলো নািভুি
𑄛𑄧𑄢 𑄇𑄧𑄝𑄣𑄧 𑄎𑄪𑄟𑄴𑄟𑄧 𑄎𑄘𑄧𑄢𑄴 𑄃𑄚𑄴𑄘𑄢𑄴 𑄢𑄬𑄖𑄴।,পার সম রাত
"𑄞𑄝𑄨, 𑄛𑄧𑄖𑄳𑄠𑄬 𑄃𑄟𑄧𑄣𑄴 𑄛𑄧𑄢𑄬𑄣𑄴𑄣𑄨।","ভাবি,পথ মুছতে হেছে"
𑄉𑄧𑄢𑄨𑄝𑄧 𑄛𑄪𑄠𑄮 𑄟𑄚𑄧𑄝𑄬𑄚𑄴𑄘𑄳𑄢𑄧 𑄚𑄢𑄠𑄧𑄚𑄴 𑄣𑄢𑄴𑄟,গরিব মানুষ মানুষ নাাচাা করতেছে
"𑄣𑄧 𑄛𑄥𑄴 𑄉𑄧𑄌𑄳𑄠 𑄘𑄬,",.লবনাক্ত করে দো
𑄝𑄋𑄴𑄣 𑄘𑄬𑄏𑄢𑄴 𑄃𑄤𑄟𑄨𑄣𑄨𑄉𑄬,বাঁশের দোল দিে এসেছি
𑄃𑄨𑄌𑄴𑄎𑄮𑄖𑄴 𑄟𑄎𑄳𑄠 𑄘𑄬।,এক জাতী মাছ
𑄃𑄨𑄌𑄴𑄎𑄮𑄖𑄴 𑄛𑄬𑄚𑄬𑄃𑄨 𑄣𑄢𑄴𑄟 𑄝𑄝𑄪,এখানে পেে ন্যাকা বাবু
𑄇𑄬𑄣𑄬𑄎𑄧 𑄛𑄱𑄃𑄪𑄚𑄴 𑄎𑄧𑄙𑄬𑄣𑄧,কেলেজ বাচ্চাগুলো ব হছে
𑄃𑄬𑄇𑄴𑄇𑄚𑄴 𑄃𑄘𑄟𑄴 𑄝𑄖𑄴 𑄚𑄬𑄃𑄨 𑄉𑄧𑄢𑄨,একটি গ্রামের রাস্তা নাই করে
𑄞𑄥𑄧𑄚𑄴 𑄘𑄨 𑄘𑄨 𑄝𑄬𑄢𑄬𑄣𑄧।,ভেলা দিে বোনো
"𑄥𑄬 𑄞𑄥𑄧𑄚𑄧𑄖𑄴 𑄇𑄮𑄃𑄨 𑄘𑄨𑄣𑄧𑄘𑄬 𑄚𑄧 𑄘𑄧𑄢𑄋𑄴 𑄃𑄬𑄣𑄴.𑄃𑄬𑄟𑄴 𑄎𑄨,","সে পানিতে কোন দাগ দিল না,এইবারে আসবো"
𑄝𑄋𑄴𑄣𑄘𑄬𑄎𑄧𑄖𑄴𑄖𑄪𑄚𑄴 𑄦𑄨𑄣𑄴𑄌𑄘𑄨𑄉𑄋𑄚𑄴,ফানুস থেকে হিলচোপা বের হচ্ছে
𑄃𑄚𑄨𑄝𑄧𑄋𑄴 𑄍𑄨𑄚𑄨 𑄃𑄬𑄝𑄢𑄴 𑄃𑄟𑄨।,এক জাতী সবজি
𑄗𑄪𑄟𑄴 𑄦𑄧𑄞𑄧,শেষ হে যাওা
"𑄛𑄧𑄘𑄴 𑄗𑄪𑄟𑄴 𑄥𑄋𑄪 𑄘𑄪𑄃𑄧𑄢𑄧𑄖𑄴,",.পাহাের শেষ সম সম
"𑄇𑄧𑄙 𑄗𑄟𑄴 𑄚𑄚𑄪 𑄘𑄪𑄃𑄧𑄢𑄧𑄖𑄴,",কথা শেষ হে যাওার সম
𑄎𑄪𑄟𑄴𑄧𑄃𑄪𑄚𑄧𑄢𑄴 𑄘𑄪𑄇𑄴𑄈𑄚𑄨 𑄗𑄪𑄚𑄴 𑄃𑄧𑄞𑄧 𑄇𑄪𑄙𑄪-,জুম্মদের দুঃখগুলো শেষ হবে কোথা
𑄛𑄢𑄴𑄝𑄧𑄖𑄳𑄠𑄧 𑄌𑄪𑄇𑄴𑄖𑄴𑄨 𑄚 𑄛𑄪𑄢𑄴𑄕𑄧𑄥𑄳𑄦𑄠𑄧𑄖𑄴𑄧 𑄥𑄥𑄧𑄚𑄧𑄖𑄴?,পাহাের চুকি নাকি পূর্ণিমা পূর্ণিমা
"𑄗𑄪𑄟𑄴 𑄃𑄧𑄞𑄧,","শেষ হওা, শেষ হওা"
𑄃𑄬𑄟 𑄃𑄬𑄚𑄴 𑄣𑄢𑄴𑄟 𑄝𑄧𑄭𑄛𑄴𑄣𑄧𑄝𑄨𑄇𑄴 𑄌𑄬𑄘𑄧𑄚𑄧𑄖𑄴।,.এত ব ব বই পতেছি
𑄉𑄬𑄣𑄴𑄣𑄬 𑄢𑄬𑄘𑄮𑄖𑄴 𑄥𑄧𑄝𑄧𑄚𑄬 𑄘𑄬𑄊𑄨𑄣𑄪𑄋𑄴,গত রাতে স্বপ্নে দেখলাম
"𑄘𑄮𑄣𑄴 𑄃𑄬𑄇𑄴𑄇𑄱 𑄛𑄧𑄢𑄨 𑄟𑄨𑄣𑄬,",সুন্দর একটা মেে
𑄟𑄧 𑄇𑄠𑄴 𑄃𑄬𑄚𑄳𑄠𑄃𑄨,আমার কাকা
𑄌𑄪𑄣𑄴 𑄝𑄬𑄢𑄳𑄦𑄬 𑄥𑄬𑄣𑄋𑄴 𑄉𑄧𑄢𑄨 𑄛𑄧𑄢𑄨𑄣𑄧।,চুল বেে পরতেছে
"𑄘𑄨 𑄌𑄮𑄇𑄴 𑄢𑄋, 𑄣𑄪 𑄏𑄪𑄢𑄳𑄦𑄨 𑄛𑄧𑄢𑄨𑄨𑄝𑄧 𑄛𑄢","দুই চোখ লাল,লুি ঝুি পরতে হবে"
"𑄙𑄢 𑄙𑄢 𑄌𑄮𑄉𑄧 𑄛𑄚𑄨, 𑄈𑄘𑄨 𑄛𑄬𑄃𑄨𑄌𑄴 𑄞𑄨𑄎𑄬","প্রচুর চোখের পানি,খাওা প্যান্ট ভিজে গেছে"
𑄌𑄮𑄉𑄧 𑄛𑄚𑄨 𑄛𑄪𑄎𑄮𑄘𑄬 𑄛𑄪𑄎𑄮𑄘𑄬,চোখের পানি পে পে
"𑄝𑄚 𑄇𑄚𑄬𑄢𑄴, 𑄇𑄧𑄚𑄧 𑄢𑄧 𑄚𑄬𑄃𑄨, 𑄚𑄬𑄃𑄨 𑄇𑄧𑄙।","শুধু কান্না,কোনো শব্দ নেই,কথা"
𑄖𑄧𑄢𑄴 𑄇𑄨 𑄦𑄧𑄠𑄬?,তোমার কি হ?
"𑄇𑄧𑄚𑄧 𑄎𑄮𑄛𑄴 𑄚𑄬𑄃𑄨, 𑄝𑄚 𑄌𑄬𑄃𑄨 𑄖𑄃𑄨।","কোন জো নেই,শুধু দেখে তাই"
𑄝𑄣𑄧𑄇𑄴𑄇𑄧𑄚𑄴 𑄛𑄧𑄢𑄴 𑄟𑄘𑄨 𑄃𑄪𑄘𑄨𑄣𑄧,কত পা মাটি উঠল
𑄊𑄨𑄢𑄴𑄊𑄨𑄢𑄬𑄃𑄨 𑄃𑄪𑄘𑄨𑄣𑄧 𑄛𑄨𑄖𑄴𑄗𑄨𑄟𑄨।,.পৃথিবীটা ঘিরিে উঠল
𑄖𑄧𑄟𑄢𑄴 𑄇𑄨 𑄣𑄌𑄴 𑄚𑄬𑄃𑄨?,তোমাদের কি লজ্জা নেই?
𑄟𑄧𑄢𑄬 𑄝𑄚𑄬𑄣 𑄃𑄬𑄘𑄧𑄇𑄳𑄠𑄬!,আমাকে এত বেঁধে দিল কেন!
𑄎𑄨𑄋𑄴𑄇𑄚𑄨 𑄝𑄬𑄇𑄴 𑄚𑄨𑄣 𑄇𑄢𑄨।,.যেগুলো সব নেওা করে
𑄃𑄬𑄖𑄴𑄗𑄬 𑄃𑄬𑄣𑄧 𑄃𑄬𑄇𑄴 𑄝𑄟𑄴,. আসতেছে এক বান
𑄥𑄪𑄉𑄬 𑄘𑄪𑄉𑄬 𑄃𑄣𑄪𑄣𑄴𑄣𑄱 𑄘𑄪𑄣𑄪𑄣𑄴𑄣𑄱 𑄘𑄬𑄊𑄨,সুে সুে আলুগুলো দৌাদৌি দেখি
𑄖𑄉𑄧𑄣𑄴 𑄙𑄢𑄚𑄳𑄠 𑄥𑄨𑄣𑄴𑄠𑄳𑄠𑄧 𑄡𑄚𑄴 𑄉𑄧𑄣𑄨।,রামদা দিে শীল দিে যাওা
"𑄛𑄧𑄖𑄴𑄖𑄨𑄇𑄴 𑄟𑄮𑄚𑄴-𑄟𑄪𑄢𑄳𑄦𑄧, 𑄛𑄧𑄖𑄴𑄖𑄨𑄇𑄴 𑄍𑄧𑄢𑄳𑄦-𑄉𑄋𑄴","পাহাের পা, পাহাের গা"
"𑄥𑄎𑄨 𑄃𑄊𑄬 𑄦𑄬𑄃𑄨𑄣𑄴 𑄖𑄢𑄪𑄟𑄴 𑄏𑄢𑄴,",.ফুলে আছে তরমুজের জঙ্গল
𑄚𑄚𑄋𑄴 𑄛𑄬𑄃𑄨𑄈𑄧 𑄃𑄪𑄝𑄧 𑄉𑄨𑄘𑄧 𑄥𑄪𑄢𑄬,বিভিন্ন ধরনের পাখির ডাক
𑄌𑄨𑄉𑄮𑄚𑄴 𑄍𑄧𑄢𑄳𑄦 𑄙𑄪𑄘𑄪𑄇𑄴 𑄉𑄪𑄎𑄪𑄢𑄧𑄚𑄨𑄖𑄴,ছোট ছার শব্দ
𑄈𑄪𑄎𑄨𑄠𑄬 𑄘𑄨 𑄌𑄮𑄇𑄴 𑄞𑄨𑄎𑄨 𑄡𑄠𑄴।,.খেে দিে চোখ ভিজে যা
"𑄛𑄬𑄃𑄨𑄈𑄧𑄢𑄴 𑄉𑄨𑄘𑄧𑄢𑄴, 𑄙𑄪𑄘𑄪𑄇𑄴 𑄉𑄪𑄎𑄪𑄢𑄧𑄚𑄨,","পোর গিরা, ধুধুক গুঁি"
"𑄚𑄋𑄬𑄣𑄧 𑄛𑄨𑄘𑄨𑄖𑄴 𑄉𑄧𑄢𑄪𑄌𑄧𑄢𑄚𑄳𑄠 𑄝𑄎𑄨 𑄥𑄪𑄢𑄴,",ন্যাংটা গরুটা নাচতেছে
𑄝𑄬𑄣𑄴 𑄙𑄪𑄝𑄧𑄚𑄨 𑄥𑄎𑄧𑄚𑄳𑄠 𑄃𑄧𑄇𑄴𑄖𑄧,সূর্য ডোবার সম এক জাতী পোকা
𑄛𑄪𑄢𑄴𑄚𑄨𑄟 𑄎𑄪𑄚𑄧 𑄛𑄳𑄦𑄧𑄢𑄴 𑄥𑄧𑄟𑄢𑄴 𑄃𑄧𑄃𑄨,পূর্ণিমা জুন মাসের সম
"𑄌𑄨𑄋𑄬, 𑄈𑄬𑄁𑄉𑄧𑄢𑄧𑄋𑄴 𑄢𑄧 𑄉𑄪𑄎𑄪𑄢𑄨 𑄝𑄬𑄃𑄨 𑄡𑄠𑄴","চিঙে, খেংরং রগুি বেে যা"
𑄃𑄬 𑄟𑄪𑄢𑄳𑄦𑄧𑄖𑄴𑄖𑄪𑄚𑄴 𑄃𑄧𑄃𑄨 𑄟𑄪𑄢𑄳𑄦𑄧𑄖𑄴।,এই পাের থেকে এই পাে
𑄥𑄬 𑄢𑄧 𑄚𑄬𑄃𑄨 𑄃𑄨𑄇𑄳𑄠𑄬!,সে র নাই এখন
𑄉𑄏𑄧 𑄛𑄘𑄠𑄳𑄠𑄧 𑄚𑄧 𑄣𑄧𑄢𑄬!,গাছের পাতাও নো যা না
𑄇𑄨 𑄉𑄧𑄢𑄨𑄝𑄢𑄴 𑄃𑄊𑄬?,কি অভাব আছে?
𑄖𑄢 𑄘𑄧𑄢𑄬।,তারা ভে
𑄌𑄮𑄇𑄴 𑄛𑄬𑄣𑄳𑄦𑄬 𑄛𑄬𑄣𑄳𑄦𑄬 𑄌𑄬𑄃𑄨 𑄗𑄚 𑄝𑄘𑄬।,চোখ বন্ধ করলে তাকিে থাকা
"𑄝𑄚𑄳𑄦, 𑄘𑄪𑄉𑄬 𑄃𑄧𑄉𑄧𑄟𑄚𑄬","বাা, দুাআিভাবে"
𑄌𑄮𑄖𑄴 𑄟𑄎𑄳𑄠 𑄥𑄧𑄚𑄴𑄈𑄧𑄣 𑄥𑄚𑄴,চোখের পলকের সাা
"𑄃𑄋𑄨 𑄡𑄧𑄠𑄴, 𑄝𑄚 𑄃𑄋𑄬𑄢𑄴","আঙি যা,শুধু আঙি"
𑄃𑄏-𑄥𑄧𑄝𑄧𑄚𑄴 𑄞𑄧𑄖𑄴𑄖𑄨 𑄉𑄮𑄣।,এক জাতী বুনো ফল
𑄃𑄬𑄡𑄧 𑄘𑄬𑄌𑄴𑄥𑄚𑄴 𑄝𑄚𑄬𑄃𑄨,এত দোল বানিে
𑄖𑄪𑄟𑄨 𑄡𑄬 𑄡𑄬 𑄡𑄨𑄃𑄚𑄴 𑄇𑄧 𑄞𑄬𑄃𑄨,তোমরা যে যে কোনটা বিশ্বাস করো
𑄃𑄟𑄨 𑄝𑄬𑄇𑄴𑄇𑄪𑄚𑄬 𑄎𑄧𑄙 𑄌𑄬𑄃𑄨,আমরা সবাই মুখ বাঁকা করি
𑄘𑄬𑄏𑄧 𑄃 𑄎𑄘𑄧𑄢𑄴 𑄟𑄧𑄋𑄴𑄉𑄧𑄣𑄧𑄖𑄳𑄠𑄃𑄨,দোর জন্য মঙ্গলকর
𑄥𑄧𑄋𑄴 𑄗𑄚 𑄝𑄘𑄬 𑄇𑄨𑄌𑄴𑄍𑄪 𑄚𑄬𑄃𑄨।,দূরে থাকা বাদে কিছুই নেই
"𑄡𑄬𑄘𑄧𑄇𑄴 𑄗𑄬𑄝𑄧 𑄞𑄬𑄃𑄨,",যেরকম থাকবে সেভাবে থাকবে
𑄝𑄬𑄇𑄴𑄇𑄪𑄚𑄧𑄖𑄴𑄖𑄪𑄚𑄴 𑄘𑄬𑄌𑄮𑄥𑄚𑄴 𑄘𑄋𑄧𑄢𑄴,সবার থেকে চোখগুলো ব
𑄖 𑄃𑄪𑄉𑄪𑄢𑄬 𑄚𑄬𑄃𑄨।,তার উপরে নেই
𑄘𑄬𑄏𑄧 𑄃 𑄎𑄘𑄧𑄢𑄴𑄣𑄃𑄨 𑄝𑄬𑄉𑄧𑄢𑄴 𑄥𑄧𑄁 𑄌𑄬𑄃𑄨,দোলের পাশ দিে বাতাস বে
𑄥𑄧𑄇𑄳𑄠𑄬 𑄃𑄧𑄞𑄧 𑄘𑄬𑄏𑄧𑄢𑄴 𑄟𑄧𑄋𑄴𑄉𑄧𑄣𑄴,এক জাতী ব মঙ্গল
𑄥𑄨𑄃𑄚𑄴 𑄥𑄢 𑄇𑄨𑄌𑄴𑄍𑄪 𑄚𑄬𑄃𑄨।,.সে সারা কিছুই নাই
"𑄎𑄖𑄴, 𑄙𑄧𑄢𑄴𑄟𑄧, 𑄘𑄧𑄣𑄴 𑄉𑄪𑄖𑄴𑄖𑄨","জাতি, ধর্ম, দল গুঁতানো"
"𑄇𑄧𑄚𑄧 𑄌𑄨𑄚𑄴𑄛𑄧𑄌𑄳𑄠𑄬 𑄚𑄧 𑄗𑄬𑄣𑄬,","কোন চিনে না থাকলে,কোন চিনে না থাকলে"
𑄝𑄬𑄇𑄴𑄇𑄪𑄚𑄧𑄢𑄴 𑄃𑄪𑄉𑄪𑄢𑄬 𑄘𑄬𑄌𑄴𑄥𑄚𑄴 𑄥𑄧𑄖𑄳𑄠𑄧,সবাই উপরের দিকে তাকাচ্ছে
𑄃𑄨𑄙𑄮𑄖𑄴 𑄢𑄊𑄧 𑄞𑄬𑄃𑄨।,এখানে রাত কাটানো
"𑄌𑄨𑄘𑄬 𑄉𑄧𑄢𑄨𑄝𑄢𑄴 𑄇𑄨𑄌𑄴𑄍𑄪 𑄚𑄬𑄃𑄨,",চিটিংবাজ কিছুই নেই
𑄟𑄚𑄬𑄃𑄨 𑄣𑄧𑄉𑄬 𑄉𑄧𑄟𑄴 𑄚𑄨𑄛𑄧𑄢𑄴𑄞 𑄗𑄬𑄣𑄬,. মানে সাথে সাথে ভালো করে থাকা যা
𑄘𑄬𑄏𑄧𑄢𑄴 𑄞𑄣𑄬𑄘𑄨 𑄞𑄬𑄃𑄨।,দেশ ভালো হেছে
𑄃𑄬𑄡𑄧 𑄝𑄬𑄉𑄬 𑄟𑄨𑄣𑄨 𑄘𑄪𑄣𑄨,এত ব ব করে যাওা
𑄘𑄬𑄏𑄧𑄢𑄴 𑄃 𑄎𑄘𑄧𑄢𑄴 𑄞𑄣𑄬𑄘𑄨𑄣𑄃𑄨,আকাশটা উে যাচ্ছে
𑄘𑄮𑄣𑄴 𑄃𑄬𑄇𑄴𑄇𑄚𑄴 𑄘𑄬𑄌𑄴 𑄝𑄚𑄬𑄃𑄨।,সুন্দর একটি দেশ বানিে
𑄇𑄧𑄘𑄧𑄇𑄴 𑄦𑄎𑄨 𑄇𑄧𑄘𑄧𑄇𑄴 𑄈𑄪𑄎𑄨 𑄇𑄘𑄬 𑄡𑄢𑄴 𑄘𑄨𑄚𑄴,কত হাসিখুসি দিনগুলো কেটে যা
𑄥𑄪𑄉𑄬-𑄘𑄪𑄉𑄬 𑄇𑄠𑄴 𑄗𑄬𑄃𑄨,সুে-সুে কেে থাকে
𑄘𑄧𑄌𑄴 𑄞𑄌𑄴 𑄃𑄬𑄉𑄢𑄧𑄝𑄱 𑄎𑄖𑄴 𑄉𑄧𑄋𑄚𑄴 𑄘𑄮𑄣𑄴 𑄎𑄨𑄋𑄴𑄇𑄚𑄨।,দশ ভাগ এগারটা জাতটা সুন্দর
𑄉𑄧𑄘 𑄘𑄨𑄚𑄴𑄮 𑄝𑄇𑄧𑄖𑄴 𑄇𑄟𑄴 𑄉𑄧𑄢𑄨,পুরো দিন কাজ করে
𑄥𑄎𑄧𑄚𑄳𑄠 𑄣𑄟𑄨𑄣𑄬 𑄢𑄬𑄖𑄴 𑄦𑄧𑄣𑄬,সাজসরঞ্জাম পে রাত হলে
𑄗𑄌𑄴𑄥𑄣𑄧𑄖𑄴 𑄃𑄉𑄪𑄚𑄴 𑄎𑄣𑄨 𑄚𑄚𑄋𑄴 𑄇𑄧𑄙𑄠𑄴,থাপ্পে আগুন জ্বালানোর কথা
"𑄃𑄣𑄪𑄣𑄴𑄮 𑄘𑄪𑄣𑄪𑄣𑄴𑄮 𑄃𑄬𑄉𑄢𑄧 𑄞𑄬𑄃𑄨𑄠𑄬 𑄖𑄬𑄟𑄴𑄟𑄋𑄴 𑄉𑄧𑄢𑄧𑄚𑄴,",আলুগুলো দুলিে দুলিে পে
𑄟 𑄟𑄬𑄘𑄬𑄚𑄨 𑄦𑄨𑄣𑄴𑄌𑄘𑄨𑄉𑄋𑄴 𑄇𑄬𑄚𑄬 𑄛𑄬𑄝𑄧 𑄟𑄪𑄇𑄴𑄖𑄨?,মা মেেদের হিলচোপ কীভাবে মুক্তি পাবে?
"𑄃𑄬𑄇𑄴 𑄎𑄪𑄟𑄴𑄌𑄝𑄧𑄖𑄴 𑄎𑄪𑄟𑄴 𑄇𑄝𑄨, 𑄃𑄬𑄇𑄴 𑄉𑄋𑄧𑄢𑄴 𑄛𑄚𑄨 𑄈𑄬𑄃𑄨","এক জুমে জুম করে,এক গাঙের পানি খেে"
𑄇𑄧𑄙𑄝𑄖𑄴𑄖𑄃𑄨 𑄙𑄧𑄢𑄃𑄧𑄌𑄳𑄠𑄬 𑄥𑄧𑄁 𑄥𑄧𑄟𑄢𑄬 𑄈𑄪𑄌𑄴 𑄛𑄬𑄣𑄬𑄃𑄨,কথা বলতে বলতে দুইজনে ধাক্কা খাইলে
𑄎𑄉𑄬 𑄎𑄧𑄙𑄠𑄴 𑄡𑄘𑄧𑄚𑄴 𑄟𑄪𑄎𑄪𑄋𑄬 𑄃𑄇𑄴𑄮𑄃𑄨𑄠𑄬।,জাগ্রত হে যাওাটা সামনে আসতেছে
𑄃𑄬𑄙𑄧𑄇𑄳𑄠𑄬 𑄃𑄬𑄇𑄴 𑄃𑄧𑄇𑄴𑄖𑄧𑄖𑄴 𑄃𑄧𑄭𑄛𑄢𑄧𑄖𑄴𑄪𑄚𑄴 𑄜𑄪𑄘𑄧 𑄦𑄋𑄢 𑄃𑄪𑄢𑄳𑄦𑄨 𑄃𑄬𑄃𑄨,এত এক সমে অন্যের কাছ থেকে হাত দিে এইটা
𑄷𑄶 𑄚𑄧𑄞𑄬𑄟𑄴𑄝𑄧𑄢𑄴 𑄃𑄬 𑄘𑄨𑄚𑄴 𑄎𑄘𑄧𑄢𑄴 𑄛𑄖𑄴𑄖𑄧𑄣𑄨 𑄃𑄬𑄟𑄴 𑄃𑄬𑄚𑄴 𑄣𑄢𑄴𑄟𑄢𑄬,.১০ নভেম্বর এই দিন জঙ্গল পরিষ্কার হবে।
𑄃𑄬𑄟𑄴 𑄃𑄬𑄚𑄴 𑄣𑄢𑄴𑄟 𑄦𑄎𑄨 𑄡𑄚-,একটু একটু হেঁটে যাওা
"𑄌𑄨𑄋𑄬-𑄙𑄪𑄘𑄪𑄇𑄴 𑄈𑄬𑄁𑄉𑄧𑄢𑄧𑄋𑄴 𑄢𑄧 𑄟𑄨𑄣𑄬𑄃𑄨 𑄉𑄬𑄣𑄴,",.ছোট ব মেে গেল
𑄦𑄬𑄃𑄨𑄣𑄴 𑄦𑄬𑄃𑄨𑄣𑄴 𑄟𑄮𑄚𑄴-𑄟𑄪𑄢𑄧𑄖𑄴 𑄚𑄚𑄋𑄴 𑄛𑄬𑄃𑄨𑄈𑄧 𑄇𑄨𑄌𑄨𑄇𑄴 𑄈𑄎𑄇𑄴,হেলো হেলো পাে অনেক কিচিে আছে
"𑄃𑄚𑄴𑄘𑄢𑄴 𑄢𑄬𑄘𑄮𑄖𑄴 𑄝𑄬𑄢𑄬𑄌𑄴 𑄇𑄚𑄚𑄨, 𑄑𑄧𑄘𑄬𑄇𑄴 𑄏𑄧𑄇𑄴 𑄛𑄧𑄢𑄚","অন্ধকারে বের হে আসা, টর্চের আলো পা"
𑄎𑄪𑄟𑄴𑄧 𑄎𑄘𑄧𑄢𑄴 𑄌𑄨𑄘𑄬 𑄊𑄮𑄢𑄴 𑄊𑄮𑄢𑄴 𑄦𑄧𑄣𑄧।,জুা জাগাটা পরিষ্কার হলো
𑄎𑄘𑄧𑄢𑄴 𑄇𑄪 𑄘𑄨𑄚𑄴 𑄷𑄶 𑄚𑄧𑄞𑄬𑄟𑄴𑄝𑄧𑄢𑄴-,জাগা কোন দিন মঙ্গলবার
"𑄌𑄨𑄉𑄮𑄚𑄴 𑄍𑄧𑄢𑄳𑄦, 𑄌𑄨𑄉𑄮𑄚𑄴 𑄎𑄪𑄢𑄳𑄦𑄨 𑄇𑄚𑄧𑄘𑄬 𑄇𑄚𑄧𑄘𑄬 𑄥𑄪𑄉𑄬𑄃𑄨 𑄡𑄬𑄣𑄴","ছোট ছা, ছোট জুা কান্না করতে করতে যাচ্ছে"
𑄦𑄬𑄃𑄨𑄣𑄴 𑄦𑄬𑄃𑄨𑄣𑄴 𑄟𑄮𑄚𑄴 𑄟𑄪𑄢𑄳𑄦𑄧 𑄦𑄧𑄣𑄧 𑄖𑄇𑄴 𑄇𑄪𑄣𑄴;,হেলে দুলে পাহাের কূল হলো তার কুল
𑄎𑄖𑄴𑄮 𑄦𑄧𑄣𑄧 𑄞𑄬𑄘 𑄞𑄬𑄘-𑄍𑄨𑄖𑄳𑄢𑄨𑄋𑄴 𑄛𑄖𑄳𑄢𑄋𑄴𑄴,জাতটা হলো ভেদা ভেদা- ছিন্নভিন্ন
𑄃𑄬𑄇𑄴𑄮 𑄥𑄨𑄣𑄧𑄖𑄴 𑄖𑄧𑄣𑄬 𑄃𑄬𑄇𑄴𑄮 𑄇𑄋𑄢,একটি শীলের নিচে একটি কাঁকা
"𑄇𑄢𑄴 𑄇𑄧𑄙 𑄇𑄧𑄚𑄴𑄚 𑄥𑄪𑄚𑄬, 𑄃𑄊𑄧𑄚𑄴 𑄢𑄬𑄚 𑄢𑄬𑄚𑄨 𑄉𑄧𑄢𑄨।","কার কথা কে শুনে,আাআি করে"
"𑄟 𑄝𑄛𑄴, 𑄃𑄨𑄖𑄴𑄮 𑄇𑄪𑄘𑄨𑄟𑄴 𑄜𑄬𑄣𑄬","মা বাবা,এই কুমাটা ফেলে দাও"
"𑄃𑄊𑄧𑄚𑄴 𑄏𑄢𑄬 𑄎𑄢𑄬, 𑄚𑄋𑄬𑄣𑄬 𑄚𑄋𑄬𑄣𑄬","আগুনটা দাউ দাউ করে জ্বলতেছে, নাাচাা করলে"
𑄢𑄨𑄏𑄬𑄁 𑄖𑄚𑄴𑄏𑄋𑄴 𑄟𑄮𑄚𑄴 𑄟𑄪𑄢𑄳𑄦𑄧 𑄞𑄋𑄨 𑄞𑄋𑄨,রিছাং তাং পাহাের পা ভেঙে ভেঙে
𑄈𑄧𑄢𑄚𑄴 𑄃𑄧𑄃𑄨 𑄎𑄪𑄢𑄨𑄖𑄴 𑄣𑄟𑄨,খরার মধ্যে পা
𑄦𑄘𑄧 𑄇𑄮𑄉𑄣𑄮𑄃𑄨 𑄈𑄘𑄧𑄚𑄴 𑄛𑄚𑄨।,হাতের তালুতে খাওা পানি
𑄎𑄨𑄁𑄇𑄚𑄨 𑄝𑄬𑄇𑄴 𑄥𑄪𑄇𑄴 𑄃𑄨𑄢𑄨,জীবনে সব সুখ ই
𑄉𑄪𑄎𑄨 𑄚𑄨𑄣𑄇𑄴 𑄝𑄪𑄚𑄴𑄘𑄪𑄇𑄴 𑄉𑄪𑄣𑄨,এক জাতী বুনো ফল
"𑄟𑄮𑄇𑄴 𑄛𑄪𑄠𑄮, 𑄞𑄬𑄃𑄨-𑄝𑄮𑄚𑄴 𑄥𑄧𑄁𑄥𑄧𑄟𑄎𑄳𑄠","মাকপুা,ভাই-বোনের সম"
𑄃𑄨𑄖𑄴𑄮𑄇𑄪𑄘𑄪𑄟𑄴 𑄖𑄳𑄦𑄬𑄇𑄴 𑄉𑄧𑄢𑄨,এত ব করে
"𑄢𑄮𑄘𑄬 𑄛𑄪𑄢𑄨, 𑄏𑄧𑄢𑄬 𑄞𑄨𑄏𑄨","রোদে পে, ঝরে পে"
𑄥𑄨𑄣𑄧 𑄥𑄘𑄢 𑄞𑄨𑄎𑄮𑄣𑄴 𑄛𑄧𑄘𑄬,শীল সাদা রঙের পদে
𑄦𑄘𑄧𑄚𑄴 𑄖𑄢 𑄚𑄨𑄝𑄨𑄣𑄨 𑄦𑄋𑄢 𑄛𑄧𑄘𑄬𑄚𑄴𑄘𑄨।,পাহাের গভীরে হাত দিে হেঁটে যাওা
𑄞𑄖𑄴 𑄛𑄚𑄨 𑄃𑄧𑄇𑄴𑄖𑄧𑄟𑄧𑄎𑄨𑄟𑄴 𑄚𑄧 𑄛𑄧𑄢𑄬 𑄛𑄬𑄘𑄧𑄖𑄴,ভাতের পানি বেশি পে না পেটে
"𑄇𑄧𑄣 𑄉𑄌𑄴, 𑄥𑄨𑄠𑄮𑄚𑄴 𑄥𑄇𑄴 𑄈𑄬𑄃𑄨 𑄎𑄨𑄁𑄇𑄚𑄨 𑄖𑄮𑄢𑄘𑄧𑄚𑄴।","কলা গাছ, তার শাক খেে জীবনটা ভরপুর"
"𑄛𑄪𑄇𑄴, 𑄎𑄪𑄇𑄴 𑄟𑄧𑄎 𑄛𑄪𑄉𑄨𑄠𑄬 𑄚𑄧 𑄛𑄢𑄧𑄚𑄴 𑄖𑄢𑄢𑄬 𑄘𑄮𑄋𑄬",". পোকা, পোকা মাাই করতে পারে না তাদের"
𑄖𑄢 𑄇𑄧𑄚𑄴𑄚?,তারা কে?
𑄇𑄨 𑄖𑄢𑄢𑄴 𑄃𑄪𑄘𑄨𑄌𑄴?,কি তারা উঠতেছে
𑄌𑄋𑄴𑄟 𑄎𑄘𑄧𑄢𑄴 𑄟𑄧𑄢𑄧𑄚𑄴 𑄇𑄝𑄪𑄇𑄴 𑄇𑄛𑄴𑄖𑄬 𑄉𑄧𑄘 𑄝𑄚𑄨,চামা পোকা সব কাপ ছেেছে
"𑄖𑄨𑄖𑄴𑄖𑄨 𑄚𑄧 𑄃𑄧𑄃𑄨, 𑄢𑄬𑄖𑄴-𑄘𑄨𑄚𑄴 𑄃𑄞𑄚𑄴 𑄚𑄬𑄃𑄨 𑄉𑄧𑄢𑄨","তেতো হ না,রাত-দিন আলো নেই করে"
𑄝𑄋𑄣𑄴 𑄃𑄢𑄴𑄟𑄨 𑄃𑄚𑄨;,বাঙালি আর্মি আনি
𑄦𑄢𑄨 𑄚𑄨𑄣𑄇𑄴 𑄎𑄪𑄟𑄴𑄧 𑄎𑄘𑄧𑄢𑄴 𑄞𑄫𑄃𑄨 𑄎𑄧𑄟𑄨।,হাি নিে যাওা জমি
𑄥𑄨𑄖𑄴𑄪𑄚𑄴 𑄦𑄬𑄢𑄚𑄴 𑄛𑄬𑄝𑄖𑄴𑄬 𑄎𑄧𑄚𑄧𑄟𑄴 𑄦𑄧𑄣𑄧 𑄥𑄚𑄴𑄖𑄨 𑄝𑄦𑄨𑄨𑄚𑄨,সেখান থেকে মাংস পার জন্য মানুষ হলো সাি বাহিনী
𑄖𑄢 𑄥𑄚𑄴𑄖𑄨 𑄝𑄦𑄨𑄚𑄨।,তাদের সাা বাহিনী
"𑄖𑄢𑄢𑄴 𑄃𑄪𑄘𑄨𑄌𑄴, 𑄜𑄨𑄢𑄨 𑄛𑄬𑄝𑄢𑄴 𑄎𑄉 𑄎𑄧𑄟𑄨","তারা উঠছে,ফিরে যাওার জাগা জমি"
𑄃𑄎𑄢𑄴 𑄘𑄪𑄉𑄧 𑄛𑄬𑄢𑄥𑄚𑄨𑄖𑄴𑄪𑄚𑄴 𑄃𑄬𑄢𑄚𑄴 𑄛𑄬𑄝𑄢𑄴 𑄎𑄪𑄟𑄴𑄧 𑄎𑄖𑄨।,এক জাতী বুনো ফল যা সবজি হিসেবে ব্যবহৃত হ
𑄎𑄪𑄟𑄴𑄧 𑄎𑄘𑄧𑄢𑄴 𑄟𑄪𑄇𑄴𑄖𑄨𑄢𑄴 𑄥𑄧𑄚𑄧𑄘𑄴 𑄃𑄚𑄨𑄝𑄢𑄴 𑄍𑄨𑄚𑄨।,জুম্মদের মুক্তির সনদ আনার ইচ্ছা
𑄃𑄪𑄢𑄴𑄉𑄪𑄟𑄳𑄠 𑄘𑄬𑄝 𑄥𑄚𑄴 𑄚𑄧 𑄟𑄘𑄧𑄌𑄴,উুমুা আকাশও ভাসে না
"𑄚𑄧 𑄝𑄪𑄣𑄧𑄢𑄴, 𑄝𑄚 𑄇𑄚𑄴𑄎𑄝𑄖𑄴 𑄘𑄝 𑄘𑄨","না বোলা,শুধু কাপে হুক্কা দে"
𑄥𑄚𑄞𑄪𑄢𑄧𑄖𑄴 𑄝𑄮𑄎𑄨,এক জাতী বুনো ফল যা সবজি হিসেবে ব্যবহৃত হ
𑄚𑄨𑄉𑄪𑄌𑄴 𑄚𑄨𑄉𑄪𑄌𑄴 𑄗𑄚𑄧𑄢𑄴।,.নিচু নিচু অবস্থা
"𑄌𑄮𑄇𑄴 𑄌𑄬𑄣𑄬 𑄢𑄋, 𑄌𑄪𑄣𑄴 𑄌𑄬𑄣𑄬 𑄎𑄬𑄙𑄢","চোখ বন্ধ করলে লাল, চুলকানো"
𑄇𑄨 𑄃𑄬𑄙𑄧𑄇𑄴 𑄃𑄞𑄨𑄣𑄳𑄠𑄌𑄴?,কী এত পানি?
𑄇𑄧𑄝𑄬 𑄟?,কখন মা
𑄃𑄟𑄨 𑄘𑄧 𑄍𑄝𑄣𑄧𑄇𑄴 𑄦𑄧𑄠𑄬𑄃𑄨,আমি তো ছোট হেছি
𑄦𑄬𑄘𑄮 𑄥𑄨𑄢𑄬 𑄟𑄮𑄎𑄪𑄢𑄨 𑄛𑄢𑄨,পাহাের শিরামৈথুন করতে পারে
𑄖𑄧𑄢𑄴 𑄇𑄨 𑄃𑄬𑄙𑄧𑄇𑄴 𑄇𑄨𑄖𑄴𑄬 𑄌𑄨𑄘𑄬?,তোমার কেন এত রাগ?
𑄥𑄪𑄚𑄨 𑄗𑄉𑄧 𑄇𑄧𑄋𑄴 𑄖𑄟𑄢𑄬 𑄞𑄋𑄨,শুনা থাপ্পের তামাটে ভেঙে
"𑄟𑄧 𑄝𑄪𑄉𑄧𑄢𑄴 𑄉𑄧𑄢𑄬𑄋𑄧 𑄇𑄧𑄙𑄚𑄨,",আমার বুো করা কথা
𑄍𑄝𑄣𑄧𑄇𑄴 𑄃𑄧𑄃𑄨𑄠𑄮 𑄘𑄋𑄧𑄢𑄴 𑄇𑄧𑄙 𑄚𑄧𑄠𑄴-,বালক হলেও ব কথা না
"𑄖𑄪𑄟𑄨 𑄘𑄧 𑄦𑄎𑄬 𑄜𑄬𑄣𑄧𑄢𑄴 𑄎𑄧𑄘𑄧𑄢𑄴 𑄛𑄏 , 𑄢𑄨𑄘𑄨𑄥𑄪𑄘𑄮𑄟𑄚𑄨।",তুমি তো পাহাে পার সম অনেক ব পাও
𑄟𑄧 𑄞𑄏𑄬 𑄚𑄧 𑄟𑄘𑄧,আমার সাথে কথা বলে না
𑄟𑄧 𑄦𑄘𑄬 𑄝𑄪𑄚𑄴𑄚𑄬 𑄛𑄨𑄚𑄮𑄚𑄴 𑄚𑄧 𑄢𑄬𑄚𑄧,আমার হাতে বুননে পিনন নেই
𑄛𑄧𑄢𑄧 𑄘𑄧𑄢𑄧𑄛𑄴𑄃𑄚𑄨 𑄉𑄧𑄟𑄴 𑄞𑄝𑄧,.পরের জিনিসপত্র ভালো লাগে
𑄃𑄨𑄖𑄴𑄖𑄪𑄚𑄴 𑄝𑄬𑄌𑄴 𑄦𑄞𑄨𑄣𑄳𑄠𑄌𑄴 𑄇𑄨 𑄗𑄬𑄃𑄨 𑄛𑄢𑄬!,এখান থেকে বেশি পাহাি কি থাকতে পারে!
𑄟𑄧𑄢𑄬 𑄖𑄪𑄟𑄨 𑄞𑄋𑄨 𑄇𑄧।,আমাকে তুমি ভেঙ্গে বলো
"𑄖𑄧 𑄝𑄝𑄳𑄦 𑄚𑄬𑄃𑄨, 𑄖𑄪𑄠𑄮 𑄘𑄧-","তোমার বাবা নেই,তুমিও তো নেই"
𑄢𑄚𑄨 𑄛𑄨𑄘𑄨 𑄎𑄨𑄁𑄇𑄚𑄨𑄖𑄴 𑄘𑄋𑄧𑄢𑄴 𑄉𑄧𑄣𑄴𑄮𑄋𑄴 𑄖𑄧𑄟𑄢𑄬।,রানী গর্ভবতী হে জীবনে ব করল তোমাকে
𑄖𑄧𑄟 𑄌𑄮𑄉𑄧𑄖𑄴 𑄖𑄧𑄣𑄬,তোমার চোখের পলকের নিচে
𑄊𑄧𑄢𑄴 𑄛𑄘 𑄙𑄪𑄎𑄨 𑄚𑄬𑄃𑄨 𑄟𑄎𑄢,বাির পাতা পরিষ্কার নেই
𑄖𑄪𑄃𑄧 𑄘𑄧 𑄖𑄪𑄟𑄨 𑄚𑄧 𑄝𑄪𑄏𑄢𑄴,তুমি তো বুঝবে না
𑄖𑄪𑄟𑄨𑄠𑄮 𑄃𑄧𑄃𑄨 𑄡𑄬𑄣 𑄍𑄬𑄖𑄳𑄢,তোমরাও ওই যে যাচ্ছো ছো
𑄃𑄨𑄇𑄳𑄠𑄬 𑄟𑄪𑄃𑄨 𑄇𑄢𑄬 𑄚𑄨𑄚𑄬𑄃𑄨 𑄝𑄪𑄇𑄴 𑄝𑄚𑄨𑄟𑄴?,এখন আমি কাকে নিে বুক বানাবো
𑄇 𑄃𑄏𑄠𑄴 𑄘𑄨𑄚𑄴 𑄖𑄮𑄢𑄬𑄟𑄴?,কার আশা দিন কাটাবে?
𑄖𑄮𑄟𑄢𑄬 𑄞𑄝𑄨 𑄗𑄬𑄚𑄬𑄃𑄨,তোমার ভাবি থাকে
𑄇𑄨 𑄟𑄪𑄃𑄨 𑄞𑄪𑄣𑄴 𑄉𑄧𑄌𑄴𑄍𑄮𑄋𑄴?,কি তুমি ভুল করছো?
"𑄇𑄧𑄙𑄬 𑄌𑄋𑄴,𑄖𑄪𑄟𑄨 𑄟𑄧𑄢𑄬 𑄇𑄨 𑄝𑄪𑄇𑄴 𑄝𑄚𑄨 𑄘𑄨𑄝?","কথা দাও,তুমি আমাকে কি বুক বেঁধে দিবে?"
"𑄚, 𑄟𑄪𑄃𑄨 𑄌𑄧𑄚𑄴𑄘𑄧𑄞𑄌𑄴 𑄟𑄘𑄧𑄋𑄧𑄢𑄴।",".না,আমি চাঁদের আলো দেখি"
"𑄟𑄧𑄢𑄴 𑄘𑄪𑄌𑄴, 𑄝𑄬𑄇𑄴 𑄟𑄧𑄢𑄴 𑄘𑄪𑄌𑄴","আমার দোষ, সব আমার দোষ"
𑄟𑄧 𑄇𑄝𑄣𑄚𑄴 𑄉𑄧𑄟𑄴 𑄃𑄧𑄘𑄧,আমার কাপটা ভালো
"𑄛𑄧𑄢𑄧 𑄞𑄏𑄬 𑄣𑄬𑄊 𑄥𑄨𑄊𑄨 𑄚𑄧 𑄛𑄬𑄘,",পার মতো লেখা পা যা না
𑄚𑄨𑄎𑄧 𑄞𑄏𑄬 𑄚𑄨𑄎𑄧 𑄦𑄧𑄢𑄧𑄉𑄬,নিজের মতো নিজের মতো
𑄥𑄦𑄨𑄖𑄳𑄠𑄧 𑄌𑄧𑄌𑄴𑄡 𑄉𑄧𑄢𑄨,"ভেষজ, কবিরাজি"
𑄎𑄨𑄁𑄇𑄚𑄨 𑄃𑄢𑄧 𑄃𑄬𑄇𑄴𑄈𑄚𑄴 𑄚𑄋𑄴 𑄇𑄨 𑄘𑄪𑄇𑄴?,জীবনে আরও একটা নাগা কি দুঃখ?
𑄃𑄟𑄧𑄣𑄴 𑄉𑄧𑄢𑄨 𑄞𑄝𑄧𑄋𑄴,আমল করে ভাব
𑄃𑄋𑄪𑄣𑄧 𑄛𑄛𑄴 𑄉𑄪𑄚𑄧𑄋𑄴,আঙুল পাপি
"𑄡𑄮𑄇𑄴, 𑄝𑄨𑄠𑄮𑄇𑄴, 𑄉𑄪𑄚𑄴, 𑄞𑄇𑄴 𑄝𑄬𑄇𑄴 𑄉𑄧𑄢𑄨 𑄌𑄋𑄴","জো,বিো,গুণ, ভাগ সব করে চা"
𑄇𑄧𑄚𑄧 𑄇𑄨𑄌𑄴𑄍𑄪 𑄟𑄬𑄣𑄬𑄃𑄨 𑄚𑄧 𑄛𑄢𑄧𑄋𑄴।,কোনো কিছু মেলে না
"𑄞𑄝𑄧𑄋𑄴 𑄉𑄌𑄴𑄃𑄪𑄚𑄴 𑄚𑄨𑄚𑄬𑄃𑄨,",এক জাতী গাছ নিে যাচ্ছে
𑄖𑄢𑄤𑄧 𑄘𑄧 𑄟𑄧 𑄥𑄚𑄴!,তারা তো আমার বোন
𑄃𑄬𑄇𑄴 𑄈𑄬𑄝𑄧𑄖𑄴 𑄜𑄪𑄣𑄬 𑄛𑄉𑄮𑄢𑄬,এক লাফে ফুলিে যাওা
𑄛𑄬𑄃𑄨𑄈𑄧 𑄇𑄨𑄎𑄨𑄇𑄴 𑄈𑄎𑄉𑄬 𑄜𑄉𑄮𑄚𑄧𑄢𑄴 𑄟𑄨𑄘𑄬 𑄦𑄎𑄨𑄠𑄬,.পাখিগুলো লাফিে লাফিে হাসছে।
𑄥𑄖𑄴𑄟𑄎𑄳𑄠 𑄉𑄪𑄢𑄧 𑄙𑄧𑄇𑄴;,.স্বামী-স্ত্রী একই চেহারা
𑄃𑄧𑄚𑄴𑄥𑄪𑄢𑄴 𑄝𑄨𑄏𑄪 𑄎𑄧𑄉𑄧𑄢𑄳𑄦 𑄢𑄪𑄎𑄨 𑄏𑄧𑄢𑄬।,এক জাতী বুনো ফল যা সবজি হিসেবে ব্যবহৃত হ
𑄃𑄢𑄴 𑄃𑄬𑄇𑄴 𑄃𑄧𑄇𑄴𑄖𑄧𑄖𑄴?,আরও একবার?
𑄇𑄩 𑄗𑄠𑄴 𑄖𑄢𑄴?,কী থাকে তার
"𑄛𑄘, 𑄜𑄪𑄣𑄴 𑄜𑄧𑄣𑄴 𑄏𑄪𑄢𑄨 𑄡𑄬𑄃𑄨",".পাতা,ফুল ফল ফুটে যা"
𑄛𑄨𑄉𑄨𑄢𑄬 𑄎𑄬𑄢𑄬𑄝𑄢𑄴 𑄝𑄧 𑄚𑄬𑄃𑄨।,পিঁপা সহ্য করার ক্ষমতা নেই
"𑄥𑄣𑄬𑄚𑄴, 𑄇𑄨 𑄃𑄏𑄠𑄴 𑄝𑄎𑄨 𑄗𑄠𑄴?","সালান,কি আছে বেঁচে থাকে?"
𑄜𑄉𑄮𑄚𑄴 𑄌𑄮𑄖𑄴 𑄟𑄎𑄳𑄠 𑄙𑄋𑄴𑄙𑄋𑄳𑄠 𑄈𑄧𑄢𑄚𑄧𑄖𑄴,ফাকিঁ দো খরা
𑄘𑄣𑄧𑄢𑄴 𑄃𑄏 𑄥𑄧𑄝𑄧𑄚𑄴 𑄝𑄪𑄉𑄧𑄖𑄴 𑄝𑄚𑄨,ডালের আছা সব বুো করে
𑄖𑄨𑄉𑄪𑄌𑄳𑄠 𑄗𑄃𑄨 𑄗𑄨𑄠𑄬।,ত্রিপুরাটা টিকে থাকে
𑄃𑄨𑄃𑄚𑄧𑄢𑄴 𑄚𑄋𑄴 𑄇𑄨 𑄎𑄨𑄁𑄇𑄚𑄨?,.এই বাচ্চাটার নাম কি জীবন?
"𑄡𑄨𑄠𑄬𑄚𑄧𑄢𑄬 𑄚𑄨𑄚𑄬𑄃𑄨 𑄝𑄢𑄴 𑄉𑄧𑄢𑄨,",".যেকে নিে বো করে,"
"𑄘𑄨 𑄌𑄮𑄉𑄧𑄖𑄴 𑄥𑄧𑄝𑄧𑄚𑄴 𑄝𑄪𑄚𑄨 𑄚𑄨𑄃𑄣𑄴𑄏𑄨 𑄉𑄧𑄢𑄨,",দুই চোখে স্বপ্ন বুনে
𑄊𑄪𑄢𑄴𑄊𑄪𑄌𑄳𑄠 𑄝𑄢𑄨𑄏𑄬 𑄏𑄧𑄢𑄧𑄖𑄴,মুষলধারে বৃষ্টি
𑄥𑄬 𑄥𑄧𑄝𑄧𑄚𑄴 𑄥𑄬 𑄃𑄏,সে স্বপ্ন সেই আশা
"𑄙𑄧𑄁𑄉 𑄞𑄋𑄨 𑄡𑄠𑄴, 𑄟𑄨𑄎𑄨 𑄡𑄠𑄴 𑄜𑄪𑄖𑄴𑄬 𑄝𑄣𑄪𑄌𑄧𑄢𑄧𑄖𑄴।","ভূমিধস হে যাওা, মিশে যাওা বালুচরে"
𑄃𑄨𑄃𑄚𑄧 𑄚𑄋𑄴 𑄇𑄨 𑄎𑄨𑄁𑄇𑄚𑄨?,.এই নাকটা কি জীবন?
𑄚𑄪𑄃𑄨 𑄏𑄧𑄢𑄬 𑄇𑄮𑄢𑄴 𑄃𑄪𑄘𑄬,.নাক থেকে রক্ত পতেছে
𑄛𑄨𑄖𑄴𑄖𑄨𑄟𑄨𑄃𑄚𑄴 𑄦𑄬𑄣𑄬 𑄥𑄎𑄬,পিঠটা হেলে পে
𑄉𑄎𑄬 𑄉𑄎𑄬 𑄜𑄪𑄣𑄴 𑄜𑄪𑄘𑄮𑄚𑄴,গাে গাে ফুল ফোটে
𑄚𑄚𑄋𑄴 𑄛𑄬𑄃𑄨𑄈𑄧 𑄉𑄨𑄘𑄧 𑄥𑄪𑄢𑄬,নানা ধরনের গিঁট সুরে
𑄎𑄉𑄨 𑄃𑄪𑄘𑄬 𑄟 𑄟𑄬𑄘𑄬𑄚𑄨,জেগে উঠে মা মেদবহুল
𑄃𑄨𑄃𑄚𑄧𑄢𑄴 𑄚𑄋𑄴 𑄎𑄨𑄁𑄇𑄚𑄨।,এক জাতী সবজি
"𑄦𑄨𑄣𑄧𑄖𑄴 𑄘𑄧 𑄃𑄨𑄇𑄳𑄠𑄬,",হিল তো এখন
"𑄏𑄢𑄴 𑄚𑄬𑄃𑄨, 𑄜𑄪𑄣𑄴 𑄚𑄬𑄃𑄨, 𑄚𑄬𑄃𑄨 𑄛𑄬𑄃𑄨𑄉𑄧 𑄥𑄬 𑄉𑄨𑄘𑄧 𑄥𑄪𑄢𑄴","জঙ্গল নেই,ফুল নেই,পেেছে সে গিঁটের সুর"
"𑄉𑄋𑄧𑄖𑄴 𑄛𑄚𑄨 𑄚𑄬𑄃𑄨, 𑄚𑄬𑄃𑄨 𑄇𑄮𑄇𑄨𑄣𑄧 𑄇𑄪 𑄇𑄪","গাঙে পানি নেই, কোকিলের ডাক"
𑄖𑄬 𑄇𑄨 𑄃𑄧𑄃𑄨𑄠𑄬𑄪?,সে কি হচ্ছে?
𑄖𑄪𑄃𑄨 𑄘𑄧 𑄃𑄬𑄡𑄧𑄢𑄴 𑄃𑄟 𑄥𑄨𑄘𑄪।,তুমি তো আমাদের এখানে
𑄉𑄧𑄋 𑄟𑄢𑄬 𑄛𑄪𑄎𑄨𑄝𑄢𑄴 𑄟𑄮𑄚𑄴 𑄟𑄪𑄢𑄳𑄦𑄧 𑄞𑄋𑄨 𑄞𑄋𑄨,গাঙে পূজা করার জন্য পাহাের পাহাটা ভেঙে ভেঙে
"𑄡𑄬𑄃𑄨𑄟𑄴 𑄜𑄪𑄣𑄴 𑄖𑄮𑄉 𑄥𑄖𑄴 𑄉𑄋𑄴, 𑄖𑄬𑄢𑄧 𑄙𑄬𑄝 𑄥𑄎𑄪𑄢𑄨","যে ফুল তুলতে সাত গাঙ, তের নদীর সাঁকো"
𑄖𑄪𑄃𑄧 𑄡𑄪𑄚𑄨 𑄚𑄧 𑄛𑄋𑄴 𑄜𑄪𑄣𑄴-,তুমি কিছুতেই ফুল পাও না
𑄇𑄉𑄧𑄎𑄮𑄢𑄴 𑄜𑄪𑄣𑄴 𑄃𑄊𑄳𑄦𑄬 𑄉𑄮𑄎𑄬𑄟𑄴 𑄖𑄧 𑄥𑄨𑄘𑄪,কাগজটির ফুল আছে তোমার সেখানে
𑄝𑄧𑄢𑄴 𑄟𑄉𑄨𑄟𑄴 𑄟𑄚𑄬𑄃𑄨 𑄃𑄪𑄚𑄧𑄢𑄴 𑄟𑄚𑄚𑄨 𑄡𑄬𑄚𑄴 𑄃𑄧𑄠𑄴 𑄘𑄮𑄣𑄴।,ব মানুষ মানেই উনমানুষ যেন সুন্দর
𑄌𑄪𑄇𑄴𑄖𑄨 𑄖𑄪𑄃𑄨!,চুক্তি তুমি!
"𑄈𑄳𑄦𑄨𑄣𑄧𑄢𑄴 𑄚𑄪𑄃𑄧 𑄢𑄋𑄝𑄬𑄣𑄴,",চাকমাদের এক জাতী লালবেল
𑄎𑄧𑄚𑄧𑄟𑄴 𑄖𑄧𑄢𑄴 𑄸 𑄓𑄨𑄥𑄬𑄟𑄴𑄝𑄧𑄢𑄴 𑄷𑄿𑄿𑄽,জন তোমার ২ ডিসেম্বর ১৯৯৭
𑄙𑄪𑄣𑄬 𑄙𑄧𑄉𑄧𑄢𑄬 𑄚𑄧𑄇𑄴𑄝𑄌𑄳𑄠𑄬 𑄟𑄚𑄬𑄃𑄨 𑄦𑄘𑄬,ঢোল বাজিে নাচতেছে
"𑄝𑄧𑄢𑄴𑄟 𑄝𑄨𑄥𑄴𑄚𑄪 𑄥𑄨𑄝𑄴 𑄚𑄢𑄠𑄧𑄚𑄴 𑄝𑄧𑄏𑄧𑄚𑄬,",আগুনের লেলিহান শিখা পতেছে
𑄣𑄨𑄊𑄨 𑄘𑄨𑄣𑄇𑄴 𑄖𑄧 𑄞𑄇𑄴𑄉𑄮।,তোমার বািটা ছিঁে দিল
"𑄈𑄳𑄦𑄨𑄣𑄧𑄢𑄴 𑄉𑄌𑄴 𑄝𑄎𑄬, 𑄚𑄚𑄋𑄴 𑄛𑄧𑄥𑄪 𑄛𑄧𑄇𑄴𑄈𑄳𑄦𑄨","খীাল গাছ বাজতেছে,নানা ধরনের পোকা"
"𑄌𑄬𑄋𑄬, 𑄟𑄨𑄋𑄨𑄚𑄨, 𑄇𑄎𑄣𑄧𑄋𑄴 𑄥𑄧𑄋𑄴𑄈𑄧 𑄟𑄖𑄟𑄪𑄈𑄪𑄢𑄨 𑄃 𑄜𑄬𑄚𑄨 𑄝𑄪𑄉𑄧𑄖𑄴","চেঙে,মিিনি,কাঁকা,কাঁকা সঙ্খের মুখটি খালি হে আছে"
𑄈𑄪𑄎𑄨𑄠𑄬 𑄖𑄪𑄝𑄴𑄣𑄴 𑄝𑄬𑄃𑄨 𑄡𑄠𑄴 𑄖𑄧 𑄎𑄧𑄚𑄧𑄟𑄴 𑄛𑄪𑄢𑄬।,তোমার জনমের পুরে যাওা যা
"𑄃𑄧𑄙𑄨𑄉𑄢𑄴 𑄚𑄬𑄃𑄨 𑄟𑄚𑄬𑄃𑄨𑄠𑄬, 𑄣𑄬𑄋𑄴 𑄦𑄘𑄪𑄢𑄴 𑄛𑄧𑄢𑄚𑄴 𑄝𑄧𑄣𑄠𑄬",".আসবাব নেই বলে,লং পাহাের মানুষ বলা হ"
"𑄢𑄬𑄋𑄴 𑄘𑄨𑄣𑄇𑄴, 𑄃𑄪𑄝𑄧𑄉𑄨𑄘𑄬 𑄞𑄧𑄢𑄨 𑄖𑄪𑄣𑄨𑄣𑄇𑄴 𑄌𑄨𑄖𑄴 𑄇𑄢𑄨𑄠𑄬।","রাত হলো,বিকাল হলো মনে হ"
𑄎𑄪𑄟𑄴𑄧𑄃𑄪𑄚𑄧𑄢𑄬 𑄙𑄪𑄘𑄪𑄇𑄴 𑄈𑄬𑄋𑄴𑄉𑄧𑄢𑄧𑄋𑄴 𑄌𑄨𑄋𑄬 𑄝𑄬𑄃𑄨 𑄝𑄬𑄃𑄨,জুম্মদের ধুধুক খেে বেে
𑄃𑄘𑄟𑄬 𑄃𑄘𑄟𑄬 𑄉𑄨𑄘𑄬 𑄢𑄬𑄋𑄬 𑄖𑄪𑄣𑄧𑄚𑄴 𑄞𑄧𑄢𑄨।,গ্রামে গ্রামে গিে রেঙে উঠা
"𑄌𑄘𑄬 𑄌𑄘𑄬 𑄇𑄪𑄢𑄨 𑄝𑄧𑄏𑄧𑄢𑄴 𑄃𑄧𑄣𑄬,",.চামা চামা করে সারা বছর অতিবাহিত হ
𑄇𑄇𑄢𑄇𑄴 𑄟𑄪𑄈𑄧𑄖𑄴 𑄃𑄎𑄨 𑄚𑄧 𑄜𑄪𑄘𑄬𑄣𑄬!,কাঁকার মুখে এখনো আগুন না পলে
"𑄝𑄚 𑄇𑄉𑄮𑄎𑄧𑄖𑄴 𑄃𑄊𑄧𑄌𑄴,",শুধু কাগজ আছে
𑄇𑄣𑄬 𑄇𑄣𑄬 𑄥𑄇𑄴𑄈𑄳𑄦𑄨 𑄃𑄧𑄃𑄨 𑄖𑄬𑄝𑄬।,মাঝে মাঝে সাা সাা করবে
"𑄖𑄧𑄢𑄬 𑄢𑄧𑄇𑄴𑄈𑄳𑄦𑄬 𑄉𑄧𑄢𑄨𑄝𑄖𑄴𑄬 𑄃𑄬𑄇𑄴 𑄏𑄇𑄴 𑄣𑄧𑄢𑄴𑄝𑄮 𑄣𑄧𑄢𑄧𑄘𑄧𑄚𑄴,",তোমাকে খুঁজতে সাহায্য করতে এক দল রওনা হেছে
𑄈𑄳𑄦𑄨𑄣𑄮𑄢𑄴 𑄘𑄮𑄣𑄴 𑄃𑄞 𑄜𑄨𑄢𑄬 𑄃𑄚𑄨𑄝𑄖𑄴𑄖𑄬।,খিালের সুন্দর আভা ফিরে আনবে
𑄎𑄪𑄟𑄴𑄧𑄃𑄪𑄚𑄬 𑄙𑄪𑄘𑄪𑄇𑄴 𑄈𑄬𑄁𑄉𑄧𑄢𑄧𑄁 𑄌𑄨𑄋𑄬 𑄝𑄬𑄃𑄨 𑄝𑄬𑄃𑄨,জুম্মরা ধুধুক খেে বেে
"𑄃𑄬𑄌𑄳𑄠𑄬, 𑄌𑄘𑄬 𑄌𑄘𑄬 𑄇𑄪𑄢𑄨 𑄝𑄧𑄏𑄧𑄢𑄴 𑄃𑄧𑄣𑄬",".এলোমেলো,দুলিে দুলিে বছর চলে"
𑄇𑄢𑄧𑄢𑄴 𑄟𑄪𑄠𑄧𑄖𑄴 𑄃𑄎𑄨 𑄚𑄧 𑄜𑄪𑄘𑄬𑄣𑄬!,কার মুখে এখনো ফুটে নাই
"𑄝𑄚 𑄇𑄉𑄧𑄎𑄧𑄖𑄴 𑄃𑄊𑄧𑄌𑄴,",শুধু কাগজ আছে
𑄖𑄧𑄢𑄬 𑄢𑄧𑄇𑄴𑄈𑄳𑄦𑄬 𑄉𑄧𑄢𑄨𑄝𑄢𑄴 𑄃𑄬𑄇𑄴 𑄏𑄇𑄴 𑄣𑄧𑄢𑄴𑄳𑄦𑄝𑄮 𑄣𑄧𑄢𑄧𑄘𑄧𑄚𑄴,তোমাকে দেখার মতো গরিব এক ঝাঁক কুকুর দৌাচ্ছে
𑄚𑄬𑄃𑄨𑄠𑄬 𑄚𑄙 𑄘𑄪𑄉𑄨 𑄟𑄚𑄪𑄎𑄧𑄢𑄴 𑄣𑄪𑄉𑄧𑄢𑄴 𑄥𑄘 𑄝𑄧𑄘𑄧𑄣𑄬𑄝𑄖𑄴𑄠𑄬।,নািভুি মানুষ সাদা পরিধান করে
𑄦𑄘𑄨𑄝𑄧𑄧𑄁 𑄃𑄧𑄚𑄴𑄥𑄪𑄢𑄴 𑄛𑄚𑄨 𑄚𑄣𑄧𑄥𑄚𑄴 𑄚𑄧 𑄌𑄬𑄝𑄧𑄁 𑄛𑄨𑄌𑄴𑄬 𑄜𑄨𑄢𑄨,হাত দিে পানির নাচা করবো না
𑄃𑄪𑄢𑄬𑄝𑄧𑄁 𑄦𑄬𑄣𑄴 𑄃𑄉𑄏𑄧𑄖𑄴 𑄥𑄧𑄝𑄧𑄚𑄧𑄢𑄴 𑄊𑄪𑄖𑄨।,.আমরা সবুজ মাঠে স্বপ্ন দেখবো।
"𑄘𑄬𑄏𑄧𑄢𑄴 𑄎𑄘𑄧𑄢𑄴 𑄌𑄨𑄖𑄴 𑄇𑄧𑄣𑄴𑄎𑄳𑄠 𑄦𑄋𑄨 𑄡𑄢𑄴 𑄃𑄪𑄘𑄨𑄣𑄧 𑄥𑄉𑄧𑄢𑄴𑄖𑄴 𑄖𑄪𑄝𑄮𑄣𑄴,",.দোলের স্রোতের মতো মন নাচতেছে।
𑄃𑄉𑄧𑄏𑄧𑄖𑄴 𑄇𑄣 𑄟𑄬𑄇𑄴 𑄘𑄨𑄊𑄨 𑄇𑄨 𑄥𑄧𑄝𑄧𑄚𑄧𑄢𑄴 𑄊𑄪𑄖𑄨 𑄥𑄪𑄘𑄮 𑄚𑄣𑄴 𑄇𑄨 𑄍𑄨𑄚𑄨𑄝𑄧𑄁?,.আগে কালো মেে কি সপ্নের শিমের নাল কি নিব?
"𑄦𑄨𑄟𑄣𑄧𑄠𑄴 𑄟𑄮𑄚𑄴 𑄞𑄋𑄨𑄝𑄧𑄁 𑄥𑄖𑄴 𑄙𑄧𑄎𑄳𑄠𑄬 𑄖𑄬𑄢𑄴 𑄉𑄋𑄴 𑄘𑄨𑄋𑄨𑄝𑄧𑄁,",হিমাল দিে পাহাের পাহা ভেঙে ফেলব
𑄇𑄣𑄴 𑄝𑄮𑄎𑄬𑄉𑄧𑄢𑄴 𑄏𑄧𑄢𑄴 𑄃𑄬𑄣𑄬 𑄃𑄬𑄡𑄮𑄇𑄴,.কাল বস বৃষ্টি আসলে আসে
𑄣𑄬𑄋𑄬 𑄣𑄬𑄋𑄬 𑄜𑄮𑄝𑄬 𑄜𑄮𑄝𑄬 𑄦𑄧𑄣𑄬𑄠𑄪 𑄟𑄪𑄎𑄪𑄋𑄬 𑄈𑄪𑄌𑄴 𑄜𑄬𑄣𑄬𑄝𑄧𑄁।,পাহাে পাহাে পাহাে পাহািে পাহািে পাহািে পাহািে বসবো
"𑄇𑄧𑄚𑄧 𑄢𑄬𑄖𑄴 𑄗𑄨𑄘𑄧 𑄚𑄧𑄠𑄴, 𑄇𑄧𑄚𑄧 𑄃𑄚𑄴𑄙𑄢𑄴𑄠𑄪;","কোনো রাত ঠিক না,কোনো রাত"
𑄙𑄧𑄢𑄴𑄡𑄳𑄠𑄧 𑄙𑄧𑄢𑄧 𑄥𑄦𑄧𑄥𑄴 𑄝𑄚𑄧 𑄘𑄨𑄊𑄨𑄝𑄧𑄁 𑄛𑄳𑄦𑄧𑄢𑄧 𑄟𑄪।,ধরে ধরে সাহসবান হওা যাবে চোখের পলক
"𑄏𑄧𑄢𑄴, 𑄝𑄮𑄭𑄠𑄬𑄢𑄴 𑄃 𑄃𑄚𑄴𑄙𑄢𑄴 𑄢𑄬𑄖𑄴 𑄃𑄢𑄧 𑄇𑄧𑄘𑄧𑄇𑄴 𑄇𑄨 𑄉𑄧𑄟𑄨 𑄡𑄮𑄇𑄴","বৃষ্টি,বইের আলো আর কত কি করা যা"
𑄖𑄪𑄃𑄧 𑄚𑄧 𑄍𑄨𑄚𑄨𑄝𑄧𑄁 𑄥𑄧𑄝𑄧𑄚𑄧𑄢𑄴 𑄊𑄪𑄖𑄨𑄢𑄴 𑄥𑄪𑄘𑄮𑄚𑄣𑄴,তুমি সপ্নের ঘুর্ণিবািটা দেখবো না
𑄥𑄖𑄴𑄚𑄣𑄴 𑄥𑄪𑄘𑄮𑄣𑄧𑄃𑄨 𑄝𑄬𑄢𑄬𑄠𑄴 𑄦𑄘𑄨 𑄡𑄬𑄝𑄧𑄁 𑄟𑄪𑄎𑄪𑄋𑄬।,ছানো ছিটানো করে হেঁটে যাবো
𑄊𑄪𑄟𑄴 𑄡𑄬 𑄚𑄧 𑄛𑄢𑄧𑄁,ঘুম যে আসতেছে না
𑄃𑄎𑄢𑄴 𑄃𑄎𑄢𑄴 𑄃𑄧𑄟𑄬𑄠𑄳𑄠 𑄃𑄧𑄌𑄨𑄖𑄴,আাআিভাবে বাতাস আসতেছে
𑄟𑄧𑄢𑄬 𑄃𑄧𑄚𑄴𑄥𑄪𑄢𑄴 𑄢𑄮𑄉𑄧𑄚𑄨 𑄉𑄧𑄢𑄬;,.আমাকে অসুখে পে
𑄟𑄪𑄭 𑄊𑄪𑄟𑄴 𑄡𑄬 𑄚𑄧 𑄛𑄢𑄧𑄁।,আমি ঘুমাতে পারতেছি না
𑄟𑄧𑄢𑄴 𑄘𑄳𑄦𑄨𑄝𑄬 𑄦𑄧𑄢𑄚𑄳𑄠 𑄌𑄮𑄇𑄴,আমার দুই চোখ হে হেছে
𑄃𑄬𑄉𑄧𑄖𑄴 𑄉𑄧𑄢𑄨 𑄇𑄪𑄥𑄧𑄝𑄧𑄚𑄴 𑄘𑄨𑄊𑄨 𑄃𑄪𑄉𑄪𑄢𑄨 𑄃𑄪𑄘𑄧𑄁;,এদিকে করে অনেকগুলো নদী উে উঠছে
𑄟𑄚𑄴𑄎𑄮𑄢𑄴 𑄥𑄨𑄚𑄴𑄘𑄬𑄝𑄌𑄴 𑄃𑄊𑄬 𑄟𑄧𑄢𑄴!,মাছরাঙাটা আমার কাছে আছে
𑄇𑄧𑄚𑄴𑄚 𑄇𑄧𑄝𑄧 𑄃𑄬 𑄇𑄧𑄙 𑄟𑄨𑄎𑄬?,কে এই কথা বলে?
𑄌𑄮𑄇𑄴 𑄟𑄨𑄣𑄨 𑄇𑄧𑄘𑄧𑄇𑄴 𑄥𑄧𑄝𑄧𑄚𑄴 𑄘𑄬𑄊𑄧𑄁 𑄖𑄨𑄉𑄪𑄌𑄳𑄠!,চোখ মেলে কত স্বপ্ন দেখি আমি
"𑄘𑄬𑄊𑄧𑄁 𑄃 𑄞𑄋𑄨 𑄡𑄠𑄴,",দেখে দেখে যাও
𑄞𑄋𑄨 𑄡𑄠𑄴 𑄃𑄢𑄧 𑄃𑄢𑄴𑄉𑄚𑄨 𑄉𑄧𑄢𑄧𑄁।,ভেঙে যাওা আর আন্দোলন করি
𑄥𑄧𑄝𑄧𑄚𑄴 𑄞𑄋𑄚 𑄎𑄧𑄢𑄚𑄖𑄴 𑄘𑄨𑄚𑄴 𑄇𑄘𑄨 𑄡𑄠𑄴;,স্বপ্ন ভাঙা জাগা দিন কেটে যা
𑄥𑄬𑄚𑄬 𑄟𑄪𑄭 𑄇𑄟𑄧 𑄝𑄇𑄧𑄖𑄴,সে মুখে কাজ করে
𑄝𑄬𑄣𑄚𑄴 𑄡𑄪𑄚𑄨 𑄊𑄪𑄢𑄴𑄊𑄪𑄌𑄳𑄠 𑄇𑄣 𑄟𑄬𑄊𑄧 𑄥𑄬𑄢𑄬 𑄙𑄪𑄝𑄨 𑄡𑄠𑄴,সূর্য অস্ত যাওার সম কালো মেঘের মধ্যে ডুবে যা
𑄖𑄢𑄴 𑄟𑄚𑄬 𑄇𑄨 𑄣𑄬𑄚𑄴 𑄚𑄬𑄭?,তার মানে কি লেই নেই?
𑄥𑄉𑄧𑄢𑄧𑄢𑄴 𑄖𑄪𑄝𑄮𑄣𑄴 𑄥𑄉𑄧𑄢𑄧𑄖𑄴 𑄛𑄢𑄧𑄖𑄴 𑄦𑄝𑄧𑄢𑄴 𑄈𑄠𑄴,সাগরের ঢেউে পাহাের পা খাওা
𑄖𑄢𑄴 𑄟𑄚𑄬 𑄇𑄨 𑄖𑄪𑄝𑄮𑄣𑄴 𑄚𑄧 𑄃𑄪𑄘𑄨𑄝𑄧?,তার মানে কি উঠবে না?
"𑄡𑄧𑄇𑄳𑄠𑄬 𑄃𑄃𑄮𑄌𑄳𑄠 𑄦𑄧𑄠𑄴 𑄥𑄧𑄇𑄳𑄠𑄬 𑄇𑄨 𑄖𑄪𑄭 𑄌𑄨𑄃𑄮𑄟𑄳𑄠 𑄉𑄧𑄢𑄨 𑄗𑄌𑄴,",যত ব হ তুমি কি চুপ করে থাকো
𑄎𑄪𑄚𑄚𑄴 𑄃𑄢𑄧 𑄚𑄧 𑄃𑄪𑄘𑄨𑄝𑄧?,বর্ষা আর উঠবে না?
"𑄊𑄪𑄢𑄴𑄊𑄪𑄌𑄳𑄠 𑄃𑄚𑄴𑄘𑄢𑄧𑄖𑄴 𑄖𑄢 𑄎𑄧𑄣𑄧𑄚𑄴, 𑄎𑄧𑄣𑄧𑄚𑄴 𑄏𑄨𑄟𑄨𑄖𑄴 𑄏𑄨𑄟𑄨𑄖𑄴 𑄎𑄪𑄚𑄨।",.ঘোর ঘিে তারা পানি নিে যাচ্ছে
"𑄦𑄨𑄣𑄧𑄖𑄴 𑄃𑄚𑄴𑄘𑄢𑄴 𑄢𑄬𑄖𑄴 𑄃𑄨𑄇𑄳𑄠𑄬, 𑄚𑄬𑄭 𑄇𑄧𑄚𑄧 𑄢𑄧 𑄌𑄧","হিলে অন্ধকার রাত,কোনো আলো নেই"
𑄥𑄬 𑄃𑄚𑄴𑄘𑄢𑄴 𑄢𑄬𑄘𑄮 𑄖𑄢 𑄃 𑄎𑄪𑄚𑄨 𑄖𑄪𑄟𑄨।,সেই অন্ধকার রাতে তারা আর তোমরা
"𑄖𑄪𑄟𑄨 𑄢𑄊𑄬𑄝, 𑄢𑄬𑄖𑄴𑄮 𑄛𑄳𑄦𑄧𑄢𑄴 𑄍𑄨𑄘𑄨 𑄘𑄨𑄝","তোমরা রাতে ঘুমাবে,রাত বেলা পাহারা দিবে"
𑄛𑄳𑄦𑄧𑄢𑄴 𑄃𑄧𑄝𑄧 𑄈𑄟𑄇𑄴𑄇𑄠𑄴 𑄇𑄬𑄣𑄳𑄠।,ভোরের আলো হওা যা
"𑄃𑄬 𑄃𑄏𑄠𑄴 𑄝𑄪𑄇𑄴 𑄞𑄧𑄢𑄬, 𑄥𑄧𑄝𑄧𑄚𑄴 𑄝𑄪𑄚𑄧𑄁 𑄟𑄉𑄧𑄢𑄧𑄇𑄧 𑄥𑄚𑄴","এই আশা বুক ভরে,সবগুলো বুনবো মাগো"
"𑄖𑄧𑄟 𑄖𑄬𑄎𑄬, 𑄖𑄧𑄟 𑄝𑄧𑄣𑄬 𑄘𑄬𑄊𑄨𑄟𑄴 𑄝𑄬𑄚𑄳𑄠 𑄢𑄋 𑄝𑄬𑄣𑄴।","তোমাদের তেজে, তোমাদের কথা বো লাল বেল"
𑄥𑄬𑄚𑄬 𑄟𑄪𑄭 𑄃𑄚𑄴𑄥𑄪𑄢𑄴 𑄇𑄟𑄧 𑄝𑄇𑄧𑄖𑄴।,সে পাহাের কাজ করতেছে
𑄎𑄖𑄴𑄮𑄢𑄬 𑄞𑄝𑄨 𑄗𑄉𑄧,জাতিটিকে মনে পে
𑄢𑄨𑄖𑄴 𑄊𑄪𑄢𑄨 𑄝𑄢𑄨𑄎𑄬 𑄃𑄬𑄡𑄬𑄢𑄴 𑄜𑄉𑄮𑄚𑄧 𑄃𑄞 𑄜𑄨𑄢𑄨𑄣𑄧,সূর্য ডোবার সম ফানুসটা ফিরালো
𑄌𑄨𑄘𑄬 𑄌𑄧𑄌𑄴𑄡 𑄇𑄨 𑄉𑄧𑄢𑄨𑄝𑄧 𑄃𑄢𑄴 𑄃𑄬 𑄛𑄨𑄖𑄴𑄨𑄟𑄨𑄖𑄴 𑄝𑄎𑄘𑄧 𑄛𑄧𑄢𑄨𑄝𑄧।,চিটিংবাজ আরও এই পৃথিবীতে থাকতে হবে
𑄇𑄪𑄎𑄮𑄣𑄨 𑄟𑄧𑄢𑄴 𑄖𑄮𑄟 𑄃𑄨𑄙𑄪-,কুজোলি আমার মা এখানে
𑄘𑄳𑄦𑄬𑄚𑄴 𑄝𑄋𑄴 𑄚𑄧 𑄦𑄣𑄬𑄭,দেখতে সুন্দর না হওা
𑄎𑄖𑄴𑄮𑄢𑄬 𑄞𑄝𑄨 𑄗𑄉𑄧।,জাতিটিকে মনে পে
𑄇𑄧𑄣 𑄘𑄬𑄊𑄬𑄭 𑄟𑄧𑄣 𑄘𑄬𑄊𑄬𑄭 𑄞𑄬𑄢𑄬𑄝𑄢𑄴 𑄌𑄬𑄝𑄇𑄴 𑄇𑄧𑄙𑄧𑄇𑄴,কলা দেখে মলা দেখে ভ পা
𑄇𑄧𑄣 𑄟𑄧𑄣 𑄣𑄮𑄞𑄮𑄖𑄴 𑄚𑄧 𑄛𑄧𑄢𑄨 𑄎𑄖𑄴𑄮𑄢𑄬 𑄞𑄝𑄨 𑄗𑄉𑄧।,কলার মলা লোভে পে জাতকে মনে পে
"𑄏𑄧𑄢𑄴 𑄃𑄬𑄝𑄧, 𑄝𑄮𑄠𑄬𑄢𑄴 𑄃𑄬𑄝𑄧, 𑄃𑄬𑄝𑄧 𑄃𑄚𑄴𑄙𑄢𑄴 𑄣𑄟𑄨","বৃষ্টি আসবে,বৃষ্টি আসবে,এখন অন্ধকার নামা"
𑄖𑄪𑄃𑄧 𑄗𑄬𑄝𑄧𑄁 𑄦𑄎𑄢𑄴 𑄘𑄪𑄉𑄧𑄖𑄴 𑄎𑄖𑄴𑄮𑄢𑄬 𑄞𑄝𑄨।,তুমি হাজার জনের মধ্যে আমার জন্য হাজার জন অপেক্ষা করবে
𑄞𑄬𑄭𑄠𑄮𑄢𑄴 𑄣𑄮𑄠𑄬 𑄝𑄨𑄎𑄮𑄣𑄴 𑄃𑄧𑄞𑄧 𑄟𑄪𑄏𑄪𑄋𑄬 𑄛𑄧𑄖𑄴𑄗𑄚𑄴 𑄌𑄮𑄉𑄧 𑄛𑄨𑄚𑄠𑄬 𑄝𑄚𑄴,ভাইার লোহার বিালের মুখে জুতা পে বাতাস বের হ
𑄖𑄪𑄃𑄧 𑄘𑄧 𑄃𑄟𑄢𑄴 𑄦𑄘 𑄛𑄧𑄢𑄨𑄝𑄧 𑄃𑄬𑄢𑄴 𑄝𑄘𑄬 𑄚𑄬𑄭 𑄇𑄧𑄚𑄧 𑄃𑄪𑄝𑄧𑄠𑄴।,তুমি তো আমার সাথে যাবে না
𑄚𑄧 𑄃𑄧𑄝𑄧 𑄟𑄪𑄇𑄴𑄖𑄴𑄨 𑄛𑄢𑄴𑄝𑄧𑄖𑄳𑄠𑄧 𑄌𑄪𑄇𑄴𑄖𑄴𑄨 𑄇𑄨 𑄛𑄪𑄢𑄴𑄕𑄧𑄥𑄠𑄧𑄖𑄴𑄧 𑄥𑄥𑄧𑄚𑄧𑄖𑄴,".নিঃশব্দ মুক্ত হতে পারতেছি না,কি পূর্ণ হেছে সে"
𑄝𑄬𑄇𑄴 𑄘𑄪𑄉𑄧𑄖𑄴𑄪𑄚𑄴 𑄥𑄧𑄢𑄚𑄴 𑄛𑄬𑄝𑄧𑄁 𑄃𑄬𑄟𑄴 𑄃𑄬𑄚𑄴 𑄣𑄢𑄴𑄟 𑄌𑄬𑄘𑄧𑄚𑄧𑄖𑄴।,সব পাহাে নদী পবো এরকম দেখতেছি
𑄖𑄮𑄟𑄢𑄴𑄃𑄮 𑄃𑄊𑄬 𑄝𑄬𑄉𑄧𑄢𑄴 𑄖𑄬𑄌𑄴𑄃𑄚𑄨,তোমাদেরও আছে বেগের তাপ
"𑄃𑄧𑄃𑄨 𑄟𑄨𑄚𑄴 𑄟𑄪𑄢𑄳𑄦𑄧𑄃𑄪𑄚𑄴 𑄘𑄉𑄧𑄘𑄚𑄴, 𑄃𑄧𑄃𑄨 𑄏𑄢𑄚𑄨 𑄘𑄉𑄬𑄢𑄴","এই মেেগুলো দাগ দো, ওই ঝাি দে"
𑄃𑄬𑄡𑄧 𑄃𑄬𑄡𑄧 𑄃𑄮 𑄃𑄨𑄢𑄪𑄇𑄴 𑄘𑄨𑄚𑄧𑄢𑄴 𑄚𑄪𑄃𑄧 𑄛𑄨𑄢𑄳𑄦𑄨,এত ব ব দিন অতিবাহিত হওা
𑄇𑄇𑄳𑄠𑄬 𑄖𑄧𑄟𑄢𑄴 𑄎𑄪𑄉𑄧𑄣𑄴 𑄃𑄧𑄃𑄨 𑄃𑄊𑄬।,কাকে তোমাদের বন্ধু হে আছে
"𑄃𑄧𑄃𑄨 𑄘𑄬𑄊𑄧𑄢𑄴, 𑄌𑄮𑄇𑄴 𑄌𑄮𑄇𑄴 𑄘𑄬𑄝𑄇𑄣, 𑄌𑄮𑄇𑄴 𑄛𑄨𑄎𑄨 𑄛𑄨𑄎𑄨 𑄢𑄨𑄚𑄨 𑄌𑄢𑄴","এই বাি, চোখ বুজিে তাকাা, চোখ বুজিে চার"
"𑄘𑄖𑄴 𑄞𑄨𑄢𑄬𑄢𑄴, 𑄏𑄧𑄣𑄴𑄉 𑄏𑄧𑄣𑄴𑄉 𑄝𑄮𑄃𑄨𑄠𑄬𑄢𑄴 𑄝𑄢𑄴","দাঁত ভারি, ঝগা ঝগা করতেছে"
𑄝𑄪𑄇𑄴 𑄚𑄧 𑄝𑄚𑄬𑄢𑄴 𑄇𑄢𑄧𑄢𑄴।,বুক না ফাটার শব্দ
𑄟 𑄟𑄬𑄘𑄬𑄚𑄨 𑄌𑄬𑄭 𑄃𑄊𑄬 𑄖𑄧𑄟 𑄇𑄨𑄖𑄴𑄬,মা মেেগুলো তাাতাি দেখে আছে তোমার
"𑄇𑄪𑄙𑄪 𑄡𑄬𑄝, 𑄇𑄨 𑄉𑄧𑄢𑄨𑄝 𑄌𑄨𑄘𑄬 𑄚𑄧 𑄉𑄧𑄢𑄨","কোথা যাবো,কি গরিবা চিন্তা না করে"
"𑄝𑄪𑄢𑄳𑄦𑄧 𑄟-𑄝𑄛𑄴, 𑄊𑄧𑄢𑄴 𑄉𑄨𑄢𑄨 𑄚𑄧 𑄢𑄨𑄚;","বুো মা-বাবা, বাির ঘর নেই"
"𑄟𑄪𑄏𑄪𑄋𑄬 𑄈𑄪𑄌𑄴 𑄣𑄬𑄣𑄬𑄭, 𑄣𑄧𑄢𑄴 𑄘𑄪𑄃𑄧","পাহাে টোকা দিলে,লা যাওা"
𑄛𑄪𑄜𑄮 𑄢𑄋 𑄝𑄬𑄣𑄚𑄴 𑄃𑄚𑄨𑄝𑄢𑄴 𑄍𑄨𑄚𑄨।,.পুো লাল বেলানি আনার জন্য নিে যাচ্ছে
"𑄖𑄪𑄟𑄨 𑄟𑄚𑄪𑄌𑄴, 𑄖𑄪𑄟𑄨 𑄘𑄬𑄝𑄧𑄘","তোমরা মানুষ,তোমরা দেবতা"
𑄖𑄪𑄟𑄨𑄃𑄮 𑄘𑄬𑄏𑄧𑄢𑄴 𑄎𑄘𑄧𑄢𑄴 𑄛𑄖𑄴𑄗𑄧𑄣𑄨;,তুমিও ব ব পাথর
"𑄖𑄪𑄟𑄨 𑄦𑄧𑄚𑄪𑄟𑄚𑄴, 𑄖𑄪𑄟𑄨 𑄙𑄧𑄚𑄴𑄛𑄪𑄘𑄨-𑄇𑄧𑄣𑄴𑄛𑄧𑄚","তোমরা হনুমান,তোমরা ধনপিঁপা-কল্পনা"
"𑄖𑄪𑄟𑄨 𑄢𑄙𑄟𑄧𑄚𑄴-𑄥𑄨𑄝𑄴𑄌𑄧𑄢𑄧𑄚𑄴, 𑄝𑄧𑄢𑄴𑄟 𑄝𑄨𑄌𑄴𑄚𑄪 - 𑄚𑄢𑄠𑄧𑄚𑄴,","তোমরা রাধামন-সিবেচা,মার বিাল-নারাা"
𑄖𑄮𑄟𑄢𑄴𑄃𑄮 𑄃𑄊𑄬 𑄝𑄬𑄉𑄧𑄢𑄴 𑄖𑄬𑄌𑄴𑄃𑄚𑄨।,তোমাদেরও আছে বেগের তাপ
𑄇𑄨 𑄝𑄨𑄎𑄬𑄢𑄴 𑄖𑄧𑄢𑄴?,কি বিচি তোমার
𑄇𑄨 𑄙𑄧𑄇𑄳𑄠 𑄝𑄨𑄎𑄬𑄢𑄴 𑄉𑄮𑄎𑄬𑄚𑄴,কি ধরনের বিচি গোা
𑄇𑄨𑄠𑄚𑄴 𑄇𑄨 𑄝𑄨𑄎𑄬𑄢𑄴?,কি কি বিচি
𑄇𑄨𑄠𑄬 𑄗𑄚𑄴 𑄃𑄧𑄎𑄧𑄣𑄴 𑄃𑄧𑄎𑄣𑄴 𑄝𑄨𑄣𑄴𑄑𑄨𑄋𑄧𑄖𑄴,.কাঁকার বাসা অনেক ব
𑄇𑄨𑄠𑄬 𑄗𑄚𑄴 𑄙𑄁𑄉𑄛𑄘𑄢𑄧𑄖𑄴।,কেন তাাতাি হেছে
𑄇𑄨𑄠𑄬 𑄈𑄬𑄭 𑄚𑄧 𑄛𑄬𑄭 𑄛𑄬𑄖𑄴 𑄃𑄋𑄪𑄘𑄚𑄴,.কেন খেে না পেে ক্ষুধা লাগে
𑄈𑄬𑄭 𑄚𑄧 𑄛𑄚𑄴 𑄞𑄖𑄴।,.খেে না খাওা ভাত
"𑄗𑄃𑄮𑄠𑄳𑄠, 𑄘𑄪𑄣𑄧 𑄙𑄧𑄌𑄳𑄠 𑄜𑄪𑄢𑄴𑄖𑄨 𑄉𑄧𑄢𑄧𑄚𑄴",".থাওা,দুলের দাগ দিে ফুর্তি করে"
"𑄥𑄮𑄚 𑄢𑄪𑄛𑄧 𑄇𑄨𑄠𑄬𑄖𑄴,",.সোনার রঙের কোট
𑄇𑄨𑄠𑄮𑄢𑄴 𑄇𑄨𑄠𑄬𑄖𑄴 𑄚𑄬𑄭 𑄇𑄛𑄧𑄢𑄴,শরীরটা কাঁপতেছে
𑄣𑄎𑄬 𑄟𑄪 𑄙𑄉𑄨 𑄗𑄚𑄴।,লজ্জাবতী লতা
𑄌𑄮𑄉𑄬 𑄖𑄧𑄚𑄴𑄖𑄧𑄚𑄠𑄴 𑄛 𑄉𑄢𑄳𑄦𑄨 - 𑄊𑄧𑄢𑄴,চোখ ব্যথা করে ব্যথা করে - বাি
𑄙𑄧𑄚𑄴 𑄘𑄮𑄣𑄧𑄘𑄧𑄢𑄴 𑄃𑄧𑄞𑄝𑄴 𑄚𑄬𑄭,ধন সুন্দর অভাব নেই
𑄇𑄨𑄠𑄬 𑄊𑄪𑄟𑄴 𑄡𑄚𑄴 𑄏𑄪𑄝𑄮𑄢𑄧𑄖𑄴 𑄖𑄧𑄣𑄬,শরীরটা ডুবে যা পানির তলা
𑄗𑄬𑄋𑄧𑄖𑄴 𑄖𑄧𑄣𑄬 𑄟𑄘𑄨 𑄚𑄬𑄭।,পাের নিচে মাটি নেই
𑄇𑄨𑄠𑄬 𑄛𑄣𑄚𑄴 𑄃𑄃𑄮𑄎𑄬 𑄇𑄪𑄉𑄪𑄢𑄴,কেন পালা আসে কুকুর
𑄣𑄈𑄴 𑄖𑄬𑄋𑄘𑄨 𑄇𑄨𑄚𑄨,হাজার টাকা কিনে
𑄇𑄨𑄠𑄬 𑄚𑄧 𑄛𑄚𑄴 𑄘𑄢𑄪 𑄇𑄨𑄚𑄨𑄝𑄢𑄴,.কেন পান ঔষধি কিনবেন?
𑄇𑄧𑄚𑄧 𑄇𑄧𑄢-𑄇𑄪𑄢𑄨।,কোন করা-কুি
𑄚𑄚𑄋𑄴 𑄝𑄝𑄧𑄖𑄳𑄠𑄠𑄴 𑄈𑄬𑄝𑄢𑄴 𑄘𑄧𑄢𑄘𑄛𑄴,নানা ধরনের তরকারি দিে খাওার সম দা
𑄈𑄬𑄭 𑄚𑄧 𑄜𑄪𑄢𑄬𑄌𑄚 𑄜𑄣𑄬𑄬 𑄘𑄬𑄘𑄧𑄚𑄴,খেে না শেষ করে দো
𑄇𑄨𑄠𑄮 𑄃𑄢𑄧 𑄘𑄨𑄚𑄴 𑄖𑄮𑄢𑄘𑄧𑄚𑄴।,কেন আরও দিন ভোর হেছে
𑄛𑄨𑄖𑄴𑄨𑄟𑄨 𑄝𑄪𑄉𑄧𑄖𑄴 𑄘𑄋𑄧𑄢𑄴 𑄛𑄧𑄢𑄚𑄴 𑄝𑄧𑄣𑄖𑄴,পৃথিবীটা ব ব ব
𑄃𑄨𑄠𑄚𑄴 𑄇𑄨 𑄙𑄧𑄇𑄳𑄠 𑄃𑄨𑄚𑄴𑄎𑄬𑄝𑄴!,.এটা কি দেখতেছি!
𑄚𑄧 𑄝𑄪𑄏𑄧𑄁 𑄖𑄧𑄢𑄴𑄣𑄨𑄣 𑄈𑄬𑄣,না বুঝে ফুটবল খেলোা
𑄟𑄪𑄭𑄃𑄮 𑄃𑄬𑄇𑄴𑄱 𑄝𑄧𑄎𑄧𑄋𑄴 𑄟𑄚𑄬𑄭।,পাহােও এক জাতী পাখি
"𑄟𑄮𑄚𑄴 𑄇𑄚𑄬𑄢𑄴, 𑄍𑄧𑄢 𑄇𑄚𑄬𑄢𑄴 𑄇𑄚𑄬𑄢𑄴 𑄌𑄘𑄨𑄉𑄋𑄴","পাহাের কান,পাহাের কান"
𑄌𑄬𑄢𑄮 𑄇𑄨𑄗𑄳𑄠 𑄟𑄧𑄢 𑄇𑄏𑄬𑄇𑄴 𑄝𑄮𑄟𑄢𑄴 𑄃𑄉𑄌𑄴 𑄛𑄘𑄣𑄴।,চোর কেকটা মরা কলার আগা
"𑄢𑄬𑄖𑄴𑄮 𑄃𑄧𑄣𑄬 𑄝𑄬𑄢𑄬𑄌𑄴 𑄇𑄚𑄧𑄚𑄴 𑄏𑄧𑄇𑄴 𑄛𑄧𑄢𑄧𑄚𑄴 𑄖𑄧𑄘𑄬𑄇𑄴,",রাতের অন্ধকারে বোর কানগুলো ঝগা করতেছে
𑄎𑄘𑄧𑄢𑄴 𑄛𑄖𑄴𑄧𑄣𑄨 𑄘𑄉𑄨 𑄇𑄧𑄢𑄴,জাগাটা বন্ধ করে দাও
𑄦𑄨𑄣𑄴 𑄌𑄘𑄨𑄉𑄋𑄧𑄢𑄴 𑄘𑄪𑄈𑄳𑄠𑄬 𑄟𑄚𑄬𑄃𑄪𑄚𑄴 𑄃𑄧𑄣𑄧𑄢𑄴 𑄉𑄧𑄢𑄨,হিল চাদিার মানুষরা আরাম করে
𑄃𑄬 𑄘𑄬𑄌𑄴 𑄍𑄢𑄨 𑄙𑄬𑄭 𑄡𑄘𑄧𑄚𑄴 𑄞𑄢𑄧𑄘𑄧𑄖𑄴।,এই দেশটা ছেে যাওা থেকে দূরে যাচ্ছে
"𑄞𑄪𑄭 𑄦𑄢𑄬𑄣𑄇𑄴, 𑄝𑄉𑄚𑄴 𑄦𑄢𑄬𑄣𑄇𑄴 𑄦𑄢𑄬𑄣𑄇𑄴 𑄊𑄧𑄢𑄧 𑄞𑄨𑄘𑄬;","ভুি হেছে, বাগান হারিেছে বািতে"
𑄃𑄨𑄚𑄴𑄘𑄨 𑄃𑄪𑄚𑄴𑄘𑄨 𑄘𑄬 𑄘𑄳𑄠 𑄛𑄬𑄘𑄧𑄖𑄴 𑄞𑄖𑄴 𑄚𑄧 𑄛𑄧𑄢𑄧𑄚𑄴।,এদিকে এদিক দিে ভাত পে না
𑄃𑄢𑄴𑄟𑄨 𑄖𑄧𑄌𑄳𑄠 𑄝𑄋𑄣𑄴 𑄖𑄧𑄌𑄳𑄠 𑄖𑄧𑄌𑄳𑄠 𑄎𑄖𑄴 𑄞𑄬𑄠𑄮𑄢𑄴;,আর্মির তসা বাঙালি তসা জাতী ভাই
𑄝𑄪𑄇𑄴 𑄝𑄚𑄨𑄝𑄢𑄴 𑄇𑄨 𑄃𑄊𑄬?,বুক বানানোর কি আছে?
𑄃𑄬𑄙𑄧𑄇𑄴 𑄖𑄧𑄌𑄳𑄠 𑄟𑄙𑄖𑄴 𑄉𑄧𑄢𑄨 𑄇𑄬𑄚𑄬 𑄖𑄧𑄢𑄚 𑄛𑄧𑄢𑄚𑄴।,এত শক্ত মাথা কেমনে টেকা যা
𑄥𑄬𑄚𑄬 𑄖𑄢 𑄃𑄬 𑄘𑄬𑄌𑄴 𑄍𑄢𑄨 𑄙𑄬𑄭 𑄡𑄘𑄧𑄚𑄴।,সেকারণে তারা এই দেশ ছেে চলে যা
𑄃𑄟𑄢𑄴 𑄌𑄬𑄘𑄧𑄚𑄴 𑄚𑄬𑄭।,আমার চেহারা নেই
𑄇𑄨𑄖𑄴𑄬 𑄃𑄬𑄙𑄧𑄇𑄴 𑄛𑄖𑄴𑄧𑄢𑄴 𑄞𑄬𑄭?,.কেন এত পাথর ভেে?
"𑄚𑄨𑄎𑄧 𑄎𑄋 𑄚𑄨𑄎𑄬 𑄞𑄝𑄧𑄢𑄴,",নিজের জাগা নিজে ভাব
𑄚𑄨𑄎𑄧 𑄧𑄣𑄨𑄖𑄳𑄠𑄃𑄨 𑄇𑄨 𑄣𑄢𑄬𑄠𑄴 𑄉𑄧𑄢𑄧𑄢𑄴?,নিজের লেজে কি দৌাদৌি করে
𑄎𑄖𑄴𑄮 𑄃𑄊𑄬 𑄃𑄚𑄴𑄙𑄢𑄧𑄖𑄴।,জাতটা আছে অন্ধকারে
𑄇𑄢𑄴𑄖𑄳𑄠𑄃𑄨 𑄃𑄬 𑄣𑄢𑄳𑄦𑄬𑄠𑄴?,কে এই কাজটা করতেছে?
𑄜𑄪𑄣𑄴 𑄃𑄧𑄭 𑄜𑄪𑄘𑄨𑄝𑄢𑄴 𑄌𑄬𑄭 𑄖𑄪𑄟𑄴𑄝𑄌𑄴 𑄍𑄨𑄘𑄨𑄝𑄖𑄳𑄠𑄃𑄨,.ফুলটি ওই ফোটার জন্য সুগন্ধি বের হচ্ছে।
𑄖𑄢 𑄃𑄧𑄭 𑄎𑄳𑄦𑄧𑄣𑄨𑄝𑄢𑄴 𑄌𑄬𑄭 𑄝𑄬𑄉𑄧𑄢𑄬 𑄛𑄳𑄦𑄧𑄢𑄴 𑄘𑄨𑄝𑄖𑄳𑄠,তারা এই জোার জন্য ভ পাে যাচ্ছে
𑄃𑄚𑄴𑄙𑄢𑄴 𑄟𑄬𑄘𑄬𑄚𑄨𑄖𑄴 𑄝𑄮𑄟𑄴𑄝 𑄎𑄣𑄬𑄭,রাতের বেলা ভাত খাওা হ
𑄃𑄟𑄨 𑄚𑄪𑄃𑄧 𑄛𑄨𑄢𑄳𑄦𑄨 𑄇𑄟𑄴𑄝।,.আমরা নতুন পাখানা করি
𑄦𑄘𑄨 𑄃𑄟𑄨 𑄝𑄬𑄉𑄬 𑄟𑄨𑄣𑄬𑄨 𑄟𑄪𑄎𑄪𑄋𑄧𑄢𑄴 𑄘𑄨𑄚𑄧𑄢𑄴,পাহাে আমরা দ্রুত পাহাে যাচ্ছি
𑄘𑄮𑄣𑄴 𑄛𑄮𑄖𑄴𑄮𑄖𑄳𑄠 𑄎𑄨𑄁𑄇𑄚𑄨 𑄉𑄧𑄋𑄬𑄝𑄢𑄴।,সুন্দর পা জীবন কাটানো
𑄞𑄛𑄴 𑄃𑄪𑄘𑄬𑄢𑄴 𑄇𑄧𑄎𑄧𑄟 𑄖𑄪𑄢𑄪𑄚𑄧 𑄝𑄪𑄉𑄧𑄖𑄴,ভাপ উার সম ব হেছে
𑄇𑄧𑄙𑄧𑄇𑄴 𑄃𑄚𑄴𑄙𑄢𑄴 𑄢𑄬𑄖𑄴 𑄖𑄮𑄢𑄬 𑄃𑄬𑄣𑄧𑄁,কত অন্ধকার রাত তোমাকে দেখলাম
"𑄌𑄘𑄨𑄉𑄋𑄴 𑄦𑄢𑄬𑄣𑄧𑄁, 𑄝𑄧𑄢𑄴𑄉𑄋𑄴 𑄘𑄨𑄣𑄧 𑄙𑄪𑄝𑄬","চাদিগা হারিেছি, বাদ দিছি"
𑄍𑄨𑄗𑄳𑄠 𑄝𑄮𑄭𑄠𑄬𑄢𑄧𑄖𑄴 𑄍𑄨𑄘𑄨 𑄛𑄧𑄢𑄴𑄣𑄧𑄁 𑄚𑄚𑄚𑄴 𑄘𑄬𑄏𑄧𑄖𑄴,ছিঁাবোর্ডে ছিঁে পলাম অনেক দেশে
𑄖𑄪𑄃𑄧 𑄘𑄪𑄉𑄧𑄢𑄴 𑄣𑄟 𑄃𑄬𑄡𑄧 𑄗𑄪𑄟𑄴 𑄚𑄬𑄭।,তুমি দৌাদৌি করো আর শেষ নেই
𑄥𑄪𑄉𑄧𑄢𑄴 𑄃𑄏𑄠𑄴 𑄦𑄘𑄨 𑄃𑄟𑄨 𑄝𑄬𑄉𑄬𑄟𑄨𑄣𑄨,.সুগন্ধি বাতাস দিে আমরা দৌা
𑄏𑄧𑄢𑄴 𑄃𑄬𑄡𑄮𑄇𑄴 𑄃𑄬𑄡𑄮𑄇𑄴 𑄝𑄮𑄭𑄠𑄬𑄢𑄴 𑄦𑄘𑄨𑄝𑄧𑄁 𑄃𑄟𑄨,আমরা অনেক ব ব হাঁটাব
𑄟𑄪𑄎𑄪𑄋𑄬 𑄈𑄪𑄌𑄴 𑄛𑄬𑄣𑄬𑄝𑄧𑄁 𑄛𑄨𑄌𑄴𑄬 𑄜𑄨𑄢𑄨 𑄚𑄧 𑄌𑄬𑄝𑄧𑄁,পাহাে পদচিহ্ন পেলে পিছনে তাকাবো না
𑄉𑄪𑄎𑄪𑄢𑄮𑄇𑄴 𑄘𑄬𑄝 𑄝𑄮𑄟𑄮𑄇𑄴 𑄃𑄉𑄌𑄴 𑄏𑄨𑄟𑄨𑄘𑄮𑄖𑄴 𑄜𑄬𑄣𑄮𑄇𑄴 𑄃𑄉𑄏𑄧 𑄝𑄌𑄴,.বাচ্চাটি বজ্রপাতের সম বজ্রপাতের শব্দ করছে।
𑄣𑄧𑄖𑄴 𑄘𑄨𑄣𑄧𑄁 𑄎𑄘𑄧𑄢𑄴 𑄞𑄣𑄬𑄘𑄨 𑄇𑄟𑄧𑄖𑄴 𑄚𑄧 𑄃𑄪𑄘𑄨𑄝𑄧𑄁 𑄃𑄢𑄴,লাঠি দিে ভালো কাজ হবে না আর
𑄡𑄧𑄘𑄧𑄇𑄴𑄧𑄚𑄴 𑄚𑄧 𑄛𑄬𑄝𑄧𑄁 𑄃𑄟𑄳𑄦 𑄃𑄢𑄁 𑄃𑄧𑄙𑄨𑄉𑄢𑄴।,যখন তখন আমাদের সাথে আসতে হবে না
𑄦𑄘𑄨 𑄃𑄟𑄨 𑄝𑄬𑄉𑄬 𑄟𑄨𑄣𑄨 𑄟𑄪𑄎𑄪𑄋𑄧𑄢𑄴 𑄘𑄨𑄚𑄧𑄢𑄴,পাহাে আমরা একসাথে পাহাে যাচ্ছি
𑄘𑄮𑄣𑄴 𑄛𑄮𑄖𑄴𑄛𑄖𑄳𑄠 𑄎𑄨𑄁𑄇𑄚𑄨 𑄉𑄧𑄋𑄬𑄝𑄢𑄴।,সুন্দর রাস্তা দিে জীবন কাটানো
𑄃𑄬𑄇𑄴 𑄝𑄪𑄇𑄴 𑄦𑄞𑄨𑄣𑄳𑄠𑄌𑄴 𑄃 𑄃𑄬𑄇𑄴 𑄝𑄪𑄇𑄴 𑄘𑄪𑄇𑄴,এক বুক দুঃখ
𑄟𑄧𑄢𑄟𑄧𑄎𑄳𑄠 𑄉𑄧𑄢𑄨 𑄞𑄪𑄉𑄨𑄣𑄮𑄃𑄨 𑄎𑄨𑄁𑄇𑄚𑄨 𑄖𑄮𑄢𑄋𑄧𑄢𑄴,মরামরা করে জীবনটা শেষ হলো
𑄘𑄬𑄚𑄬 𑄌𑄬𑄣𑄬 𑄌𑄨𑄖𑄴 𑄚𑄧 𑄎𑄪𑄢𑄠𑄴 𑄝𑄋𑄬 𑄌𑄬𑄣𑄬 𑄌𑄨𑄖𑄴 𑄚𑄧 𑄞𑄨𑄎𑄬,ডান দিকে তাকালে মন ভালো হ না
𑄝𑄚 𑄛𑄋𑄧𑄢𑄴 𑄣𑄁𑄣𑄋𑄳𑄠,শুধু ব ব ব
𑄃𑄧𑄇𑄴𑄖𑄧 𑄃𑄧𑄇𑄴𑄖𑄧 𑄃𑄟𑄧𑄇𑄴 𑄃𑄧𑄭 𑄞𑄝𑄧𑄁,এত ব ব ভাব
𑄃𑄬 𑄎𑄨𑄁𑄇𑄚𑄨 𑄝𑄨𑄜𑄧𑄣𑄬।,এই জীবন বৃথা
𑄥𑄯𑄭𑄢𑄧𑄎𑄧𑄉𑄧𑄘𑄧𑄖𑄴 𑄟𑄧𑄙𑄳𑄠𑄬 𑄢𑄋 𑄝𑄬𑄣𑄚𑄴,.সমুদ্রে লাল বেলা
"𑄊𑄪𑄢𑄬𑄢𑄴 𑄛𑄨𑄖𑄴𑄨𑄟𑄨𑄃𑄚𑄧𑄢𑄴 𑄌𑄬𑄢𑄮 𑄛𑄣,",ঘুরাফেরা করার জন্য পাখানা করা
𑄝𑄬𑄉𑄧 𑄇𑄧𑄝𑄣𑄧𑄖𑄴 𑄝𑄬𑄣𑄧 𑄍𑄧𑄘𑄧𑄇𑄴 𑄛𑄧𑄢𑄬,বেগের কলকে বেল পরতে হ
𑄟𑄪𑄭 𑄘𑄧 𑄚𑄧 𑄛𑄬𑄣𑄪𑄁 𑄥𑄬 𑄘𑄚 𑄦𑄞।,আমি তো সেই দানাটা পেলাম না
𑄃𑄬𑄇𑄴𑄈 𑄥𑄧𑄉𑄧𑄢𑄴 𑄃𑄏𑄠𑄴 𑄟𑄧𑄢 𑄛𑄬𑄘𑄬𑄢 𑄉𑄧𑄢𑄨 𑄛𑄣𑄬𑄣𑄪𑄁 𑄖𑄬𑄢𑄧𑄝𑄱 𑄛𑄱,একটা সম আসার সম মরা মুখ করে পে গেলাম
𑄛𑄬𑄣𑄪𑄁 𑄥𑄪𑄉𑄧 𑄝𑄧𑄘𑄧𑄣𑄬 𑄙𑄢 𑄙𑄢 𑄌𑄮𑄉𑄧 𑄛𑄚𑄨𑄠𑄳𑄠 𑄞𑄎𑄨 𑄡𑄢𑄴 𑄛𑄢𑄴𑄝𑄧𑄖𑄳𑄠𑄧 𑄌𑄪𑄇𑄴𑄖𑄨,পাহাের সুোর বদলে চোখের পানি খাওা যা মনে হ
𑄟𑄮𑄚𑄴 𑄟𑄪𑄢𑄳𑄦𑄧 𑄞𑄪𑄭 𑄥𑄉𑄨𑄚𑄴 𑄦𑄢𑄬𑄣𑄪𑄁 𑄉𑄌𑄴 𑄙𑄧𑄢𑄴𑄣𑄬 𑄉𑄌𑄴 𑄃𑄧𑄎𑄧𑄢𑄬𑄢𑄴,পাহাে পাহাের ঘাস ধরে আসলাম
𑄇𑄪𑄟𑄮𑄎𑄧 𑄉𑄏𑄧 𑄜𑄨𑄝𑄬𑄇𑄴 𑄘𑄨𑄚𑄳𑄠𑄠𑄴𑄃𑄮 𑄖𑄪𑄃𑄧 𑄖𑄚𑄴 𑄚𑄧 𑄟𑄚𑄬𑄢𑄴।,মুরগীর পালক দিে দিনও তুমি তাাতাি পার না
𑄞𑄝𑄧𑄘𑄬 𑄞𑄝𑄧𑄘𑄬 𑄘𑄨 𑄌𑄮𑄉𑄧 𑄛𑄘 𑄃𑄬𑄇𑄴 𑄚𑄬𑄭।,চিন্তা করতে করতে দুই চোখের পাতা এক নেই
𑄉𑄧𑄟𑄨 𑄡𑄬𑄝𑄧 𑄇𑄧𑄙𑄧𑄇𑄴 𑄏𑄧𑄢𑄴!,ভালো করে কেক বৃষ্টি পবে
"𑄇𑄪𑄇𑄨 𑄘𑄧𑄢𑄴, 𑄟𑄨𑄎𑄨𑄣𑄨𑄇𑄴 𑄘𑄧𑄢𑄴, 𑄝𑄋𑄣𑄴 𑄃𑄢𑄴𑄟𑄨 𑄘𑄧𑄢𑄴","কুকি ভ, মিজো ভ, বাঙাল আর্মির ভ"
𑄉𑄪𑄇𑄴𑄢𑄪𑄇𑄴 𑄝𑄦𑄨𑄚𑄨 𑄃 𑄟𑄪𑄇𑄮𑄥𑄴 𑄝𑄦𑄨𑄚𑄨 𑄘𑄧𑄢𑄴 𑄖𑄮𑄢𑄬 𑄘𑄨𑄣𑄪𑄁,গুঁো বাহিনী আর মুষল বাহিনী ভ পাে দিল
𑄃𑄨𑄇𑄳𑄠𑄬 𑄎𑄖𑄴 𑄞𑄬𑄭 𑄘𑄧𑄢𑄴 𑄣𑄉𑄧𑄖𑄴 𑄛𑄬𑄣𑄪𑄁।,একটা জাতের ভাই ভ পেলাম
𑄝𑄬𑄇𑄴 𑄘𑄧𑄢𑄧𑄖𑄴𑄪 𑄃𑄬 𑄘𑄧𑄢𑄚𑄴 𑄘𑄋𑄧𑄢𑄴,সব ভে এই ভটা ব
𑄊𑄧𑄢𑄧 𑄥𑄧𑄖𑄴𑄪𑄢𑄪 𑄝𑄨𑄞𑄨𑄥𑄧𑄚𑄴।,বাির দোল
𑄃𑄉𑄏𑄧𑄢𑄴 𑄣𑄧𑄇𑄴𑄈𑄧 𑄇𑄮𑄖𑄨 𑄖𑄢𑄥𑄚𑄴 𑄃𑄧𑄚𑄴𑄥𑄪𑄢𑄴 𑄏𑄨𑄟𑄨𑄖𑄴 𑄏𑄨𑄟𑄨𑄖𑄴 𑄎𑄧𑄣𑄧𑄌𑄴 𑄟𑄧 𑄝𑄪𑄉𑄧𑄖𑄴,.আকাশের কালো মেঘগুলো বিদ্যুৎ চমকাচ্ছে।
𑄎𑄪𑄟𑄧 𑄥𑄪𑄘𑄧𑄉𑄮𑄣 𑄜𑄪𑄘𑄬𑄥𑄚𑄴 𑄜𑄪𑄘𑄨 𑄗𑄬𑄘𑄬 𑄟𑄧𑄖𑄴𑄨𑄇𑄴 𑄟𑄚𑄬𑄭𑄃𑄮 𑄝𑄪𑄉𑄧𑄖𑄴।,জুমের বীজগুলো ফোটার সম বেঁচে থাকে
𑄦𑄧𑄢𑄴 𑄦𑄧𑄢𑄬 𑄟𑄘𑄬 𑄡𑄬𑄘𑄬 𑄥𑄪𑄞𑄪𑄣𑄴 𑄌𑄋𑄴𑄟 𑄞𑄏𑄬।,হারিে হারিে কথা বলে যে
"𑄉𑄏𑄧 𑄖𑄢𑄪𑄟𑄴 𑄃𑄬𑄣𑄧, 𑄃𑄬𑄣𑄧 𑄍𑄧𑄢𑄍𑄧𑄢𑄨, 𑄟𑄮𑄚𑄴 𑄟𑄪𑄢𑄳𑄦𑄧 𑄦𑄬𑄭𑄣𑄴 𑄖𑄢𑄪𑄟𑄴","গাছের চারা এসেছে,গাছের চারা গুলো এসেছে, পাহাের পাহাের চারা"
𑄛𑄨𑄝𑄨𑄢𑄴 𑄛𑄨𑄝𑄨𑄢𑄴 𑄝𑄮𑄭𑄠𑄬𑄢𑄧 𑄚𑄣𑄧𑄖𑄴 𑄉𑄏𑄧 𑄍𑄝𑄖𑄴 𑄙𑄧𑄚𑄴𑄛𑄪𑄘𑄨𑄘𑄊𑄨,পিপিে পিপিে গাছের ছালে ধন পুিেছে
𑄢𑄙𑄟𑄧𑄚𑄬 𑄣𑄬𑄊𑄨𑄘𑄧 𑄙𑄧𑄚𑄴𑄛𑄪𑄘𑄨𑄢𑄬 𑄌𑄨𑄘𑄨।,রাধাকৃষ্ণের লেলিে দো ধনপুি
"𑄖𑄪𑄭 𑄃𑄬𑄣𑄬 𑄇𑄧𑄙𑄧𑄇𑄴 𑄟𑄘𑄬𑄘𑄇𑄴 𑄖𑄧𑄢𑄬 𑄢𑄨𑄝𑄬𑄋𑄧𑄖𑄴𑄪𑄚𑄴 𑄍𑄉𑄨 𑄖𑄪𑄣𑄨,",তুমি এলে কেকদিন তোমাকে রিবেং থেকে তুলে নিই
𑄖𑄪𑄭 𑄃𑄬𑄣𑄬 𑄇𑄧𑄙𑄧𑄇𑄴 𑄥𑄪𑄉𑄨।,তুমি এলে কত সুখ
𑄦𑄬𑄭𑄣𑄴 𑄖𑄢𑄪𑄟𑄴 𑄏𑄢𑄴 𑄚𑄬𑄭 𑄘𑄋𑄴𑄙𑄋𑄳𑄠𑄬 𑄃𑄧𑄭 𑄃𑄢𑄴𑄥𑄣𑄴𑄮 𑄦𑄧𑄣𑄧,.লবনাক্ত জঙ্গল নেই এরকম জঙ্গল এই আরসা হলো
𑄖𑄧𑄢𑄬 𑄚𑄧 𑄌𑄨𑄚𑄧𑄚𑄴 𑄃𑄨𑄢𑄪𑄇𑄴 𑄛𑄨𑄢𑄳𑄦𑄨 𑄃𑄪𑄘𑄨 𑄡𑄬𑄣𑄧 𑄝𑄬𑄇𑄴 𑄘𑄧𑄬𑄪𑄠 𑄟𑄬𑄠𑄳𑄠;,তোমাকে না চিনে সব মেে উঠে গেল
𑄎𑄖𑄴𑄮 𑄎𑄋𑄢𑄬 𑄙𑄧𑄢𑄨 𑄞𑄬𑄘𑄧𑄚𑄴 𑄃𑄧𑄭 𑄢𑄧𑄦𑄮 𑄛𑄧𑄢𑄧𑄟𑄴,জাতী জাগাটা ধরে ভেদ করতে হবে
𑄃𑄧𑄏𑄛𑄖𑄴 𑄖𑄪𑄭 𑄃𑄉𑄧𑄌𑄴 𑄟𑄧𑄋𑄴𑄌 𑄉𑄧𑄢𑄨।,.আকাশে তুমি আগুন জ্বালাও
𑄘𑄪𑄈𑄳𑄠𑄬 𑄦𑄧𑄢𑄧𑄇𑄴 𑄃𑄧𑄏𑄛𑄖𑄴 𑄖𑄪𑄭 𑄞𑄢𑄨 𑄟𑄬𑄙𑄃𑄮𑄠𑄨𑄚𑄨,কষ্টে সৃষ্টে তুমি অনেক পারদর্শী
𑄃𑄬𑄙𑄧𑄇𑄴 𑄦𑄬𑄣𑄜𑄬𑄣 𑄉𑄧𑄢𑄚 𑄛𑄧𑄢𑄴𑄃𑄮 𑄃𑄟𑄳𑄦𑄢𑄬 𑄚𑄧 𑄡𑄬𑄣𑄬 𑄃𑄨𑄢𑄨।,এত হেলাফেলা করা আমাদের উচিত না
𑄥𑄧𑄟𑄧𑄇𑄴 𑄈𑄬𑄭 𑄇𑄧𑄋𑄧𑄢𑄴 𑄟𑄪𑄭-,সম খেে কেকটা পা
𑄚𑄧 𑄥𑄢𑄨𑄟𑄴 𑄇𑄨𑄠𑄬𑄖𑄴 𑄃𑄬𑄇𑄴 𑄜𑄪𑄘𑄧 𑄣𑄮 𑄗𑄇𑄴𑄬,না শেষ হে শরীরে এক ফোটা কালো থাকে
𑄇𑄧𑄖𑄪𑄇𑄴 𑄖𑄧 𑄛𑄨𑄢𑄳𑄦𑄬 𑄥𑄢𑄨 𑄘𑄨 𑄥𑄨𑄘𑄨 𑄘𑄨𑄟𑄴,কত ব তোমার অসুখ সেরে উঠবে
"𑄃𑄧𑄚𑄨𑄇𑄬𑄖𑄴 𑄝𑄧𑄚𑄴𑄘 𑄟𑄪𑄠𑄬 𑄟𑄪𑄠𑄬,",আমি একা একা কাজ করি
"𑄥𑄧𑄇𑄳𑄠𑄬 𑄥𑄪 𑄘𑄨𑄚𑄴, 𑄥𑄪 𑄟𑄙𑄚𑄴 𑄃𑄬𑄞𑄧 𑄜𑄨𑄢𑄨।",".সব সম ভালো দিন, ভালো ভাগ্য এখনো আছে"
𑄞𑄬𑄘𑄧𑄚𑄴 - 𑄢𑄧𑄦𑄮 𑄟𑄧𑄋𑄴𑄌 𑄟𑄬𑄙𑄃𑄮𑄠𑄨𑄚𑄨 𑄛𑄧𑄢𑄧𑄟𑄴 - 𑄇𑄧𑄖𑄪𑄇𑄴- 𑄃𑄧𑄚𑄨𑄇𑄬𑄖𑄴 - 𑄝𑄧𑄚𑄴𑄘 -,ভেদন -রহো মারমা মেধাও পরবো -কতুক-নিঃসঙ্গ- বন্ধু
"𑄇𑄪𑄙𑄪 𑄡𑄬𑄣𑄧 𑄊𑄨𑄣𑄬 𑄈𑄢, 𑄉𑄪𑄘𑄪 𑄈𑄢, 𑄛𑄧𑄖𑄴𑄨 𑄈𑄢 𑄃 𑄢𑄧𑄁 𑄙𑄧𑄁।","কোথা গেল ঘিলে খেলা,গুো খেলা,পাহাের খেলা"
𑄇𑄪𑄙𑄪 𑄡𑄬𑄣𑄧 𑄎𑄧𑄙 𑄝𑄧𑄣𑄴,কোথা গেল বল
𑄇𑄪𑄙𑄪 𑄡𑄬𑄣𑄧 𑄘𑄨𑄃𑄮𑄚𑄴 𑄥𑄨𑄃𑄮𑄚𑄴,কোথা গেল সে
𑄇𑄪𑄙𑄪 𑄡𑄬𑄣𑄧 𑄊𑄧𑄢𑄧 𑄥𑄪𑄇𑄴?,কোথা গেল বাির মিষ্টি গন্ধ
𑄃𑄬𑄡𑄧 𑄣𑄟𑄨 𑄝𑄉𑄧𑄖𑄴,এত ব জঙ্গল
𑄚𑄨𑄎𑄬 𑄦𑄋𑄨 𑄡 𑄃𑄊𑄬 𑄝𑄪𑄉𑄧𑄖𑄴,নিজে নিজে যাওা যা
𑄍𑄨𑄘𑄨 𑄘𑄨 𑄊𑄧𑄢𑄬 𑄊𑄧𑄢𑄴।,ছিঁা দিে ঘর
𑄟𑄬𑄭𑄣𑄧𑄢𑄴 𑄛𑄧𑄢𑄴 𑄟𑄬𑄭𑄣𑄴 𑄦𑄘𑄨 𑄃𑄬𑄣𑄧𑄁,মেইলে পা মেইলে হেঁটে আসলাম
𑄟𑄮𑄚𑄴 𑄟𑄪𑄢𑄳𑄦𑄧 𑄞𑄈𑄨 𑄍𑄧𑄢 𑄉𑄋𑄴 𑄍𑄨𑄢𑄨।,পাহাের পাহাের শিরা
"𑄜𑄮𑄝𑄬 𑄜𑄮𑄝𑄬, 𑄣𑄬𑄋𑄬 𑄣𑄬𑄋𑄬","ফোঁে ফোঁে, নেচে নেচে"
"𑄏𑄧𑄢𑄧𑄖𑄴 𑄞𑄨𑄎𑄨, 𑄢𑄮𑄘𑄧𑄖𑄴 𑄛𑄪𑄢𑄨;","বৃষ্টিতে ভিজে,রোদে পে"
𑄃𑄮 𑄞𑄬𑄭-𑄞𑄮𑄚𑄴 𑄣𑄧𑄇𑄴!,ও ভাই-বোনেরা লক
𑄃𑄬𑄎𑄧 𑄦𑄘𑄨 𑄃𑄢𑄧 𑄚𑄪𑄃𑄧 𑄛𑄧𑄘𑄬,এক জাতী জুতা আর স্যান্ডেল পে
𑄥𑄣𑄳𑄠𑄋𑄧𑄖𑄴 𑄡𑄧𑄘𑄧𑄇𑄴𑄧𑄚𑄴 𑄚𑄧 𑄣𑄪𑄟𑄨।,.সা বেশি না
𑄛𑄮𑄖𑄳𑄠 𑄘𑄧𑄉𑄧𑄢𑄬𑄢𑄴 𑄟𑄮𑄚𑄴 𑄝𑄮𑄉,পাহাের চূা দিে পাহাে যাওা
𑄃𑄪𑄘𑄨𑄝𑄧 𑄛𑄪𑄉𑄬𑄘𑄨 𑄢𑄋 𑄝𑄬𑄣𑄚𑄴,এক জাতী লাল বেলা
𑄜𑄉𑄮𑄚𑄧 𑄦𑄞 𑄜𑄨𑄢𑄨𑄝𑄧,ফাকিঁ দো ফিরবে
𑄎𑄪𑄟𑄧𑄖𑄴 𑄥𑄧𑄘𑄧𑄢𑄧𑄇𑄴 𑄜𑄪𑄘𑄨𑄝𑄇𑄴।,. জুমে শসা ফোটার শব্দ
𑄛𑄮𑄖𑄳𑄠 𑄛𑄮𑄝𑄁 𑄘𑄧𑄉𑄧𑄖𑄴𑄧𑄚𑄴,.পোা পোার শব্দ
𑄛𑄳𑄦𑄧𑄢𑄴 𑄜𑄘𑄨 𑄃𑄬𑄝𑄢𑄴 𑄇𑄏𑄬𑄣𑄧,সূর্য ডোবার সম কেটেছে
𑄡𑄖𑄳𑄢 𑄝𑄧𑄌𑄧𑄚𑄴 𑄗𑄨𑄇𑄴 𑄉𑄧𑄢𑄨,যাত্রাপথ ঠিক করে
𑄝𑄉𑄧𑄖𑄴 𑄣𑄟𑄨𑄝𑄧𑄁 𑄝𑄬𑄉𑄬 𑄟𑄨𑄣𑄨।,বাগানে বানরটা লাফিে মিশে
𑄎𑄘𑄧𑄢𑄴 𑄥𑄨𑄋𑄮𑄢𑄴 𑄘𑄧𑄢𑄧 𑄉𑄧𑄢𑄨,ব ব করে
𑄝𑄁𑄣𑄘𑄬𑄏𑄧𑄖𑄴 𑄦𑄨𑄣𑄴 𑄌𑄘𑄨𑄉𑄋𑄴,.বাঙালিতে হিল জুতা
𑄛𑄣𑄖𑄴 𑄙𑄧𑄣𑄳𑄠𑄧 𑄃𑄨𑄢𑄪𑄇𑄴 𑄛𑄨𑄢𑄨।,.পালাে সাদা ইরুি
𑄛𑄪𑄢𑄧𑄚𑄨 𑄘𑄨𑄚𑄴 𑄟𑄙𑄚𑄴 𑄥𑄧𑄖𑄳𑄠𑄧 𑄡𑄪𑄇𑄴,.পুরাতন দিন সম ঠিক আছে
𑄊𑄧𑄢𑄧𑄖𑄴 𑄝𑄚𑄳𑄠 𑄃𑄬𑄣𑄧 𑄝𑄬𑄉𑄧𑄢𑄴 𑄥𑄪𑄇𑄴।,বািতে বান এসেছে বাতাস
𑄥𑄬 𑄘𑄨𑄚𑄪𑄚𑄴 𑄃𑄨𑄙𑄮𑄖𑄴 𑄖𑄪𑄣𑄨,সে দিন গুলো এখানে তুলে
𑄛𑄣𑄖𑄴 𑄣𑄟𑄨𑄣𑄇𑄴 𑄢𑄬𑄁 𑄘𑄨।,.পাহাে পাহাে রেং দিে
𑄎𑄪𑄟𑄧 𑄙𑄚𑄴 𑄍𑄧𑄢 𑄙𑄧𑄣𑄳𑄠𑄧 𑄢𑄧𑄁,জুমের ধানের সাদা রং
𑄛𑄪𑄇𑄴𑄘𑄇𑄴 𑄍𑄝 𑄉𑄬𑄣𑄴 𑄛𑄪𑄢𑄨,.পুিটা শেষ হে গেল
𑄝𑄪𑄇𑄴 𑄞𑄋 𑄛𑄪𑄢𑄧𑄚𑄴 𑄛𑄨𑄢𑄨।,বুক ভাঙা অসুখ
𑄙𑄢𑄧𑄚𑄨 𑄥𑄣𑄧𑄖𑄴 𑄅𑄮𑄖𑄴 𑄛𑄧𑄢𑄨𑄣𑄧,ধারিে পে গেল
𑄃𑄨𑄢𑄪𑄇𑄴 𑄛𑄨𑄢𑄨 𑄎𑄉𑄨 𑄃𑄪𑄘𑄨𑄣𑄧।,জ্বরটা সেরে উঠল
𑄏𑄧𑄢𑄴 𑄝𑄮𑄭𑄠𑄬𑄢𑄴 𑄉𑄧𑄋𑄬𑄝𑄧,বৃষ্টি পে যাবে
𑄣𑄮 𑄚𑄣𑄴 𑄝𑄬𑄭 𑄡𑄬𑄝𑄧।,লাল নালা বেে যাওা
𑄘𑄉𑄨 𑄇𑄧𑄢𑄴 𑄃𑄨𑄢𑄪𑄇𑄴 𑄛𑄨𑄢𑄨-,ডেকের কেকটি পিি
𑄎𑄘𑄧𑄢𑄴 𑄥𑄨𑄋𑄮𑄢𑄴 𑄘𑄧𑄢𑄧 𑄉𑄧𑄢𑄨।,ব ব করে
𑄹𑄷/𑄶𑄾/𑄸𑄶𑄸𑄸,১.০৮/২০২২
𑄃𑄟𑄨 𑄚𑄪𑄃𑄧 𑄡𑄪𑄉𑄧𑄢𑄴 𑄚𑄪𑄃𑄧 𑄉𑄬𑄁𑄈𑄪𑄣𑄨,আমরা নতুন যুগের সূচনা করবো
𑄚𑄪𑄃𑄧 𑄡𑄪𑄉𑄧𑄢𑄴 𑄚𑄪𑄃𑄧 𑄉𑄬𑄁𑄈𑄪𑄣𑄨।,.নতুন যুগের নাচা
𑄍𑄢𑄣𑄳𑄠 𑄌𑄨𑄣𑄴 𑄃𑄧𑄃𑄨 𑄟𑄮𑄚𑄴 𑄟𑄪𑄢𑄳𑄦𑄧 𑄞𑄧𑄋𑄨𑄝𑄧𑄁,ছাালা চিল এই পাহাে আমার ভ করছে
"𑄘𑄪𑄇𑄳𑄠 𑄝𑄛𑄴-𑄞𑄬𑄭, 𑄟-𑄞𑄮𑄚𑄴 𑄉𑄧𑄚𑄨𑄝𑄧𑄁,","দুঃখ বাবা-মা,মা-ভাই চিন্তা করবো"
𑄝𑄬𑄉𑄧𑄢𑄴 𑄇𑄠𑄴 𑄗𑄬𑄭 𑄃𑄧𑄖𑄣𑄨𑄠𑄬 𑄇𑄮𑄌𑄴𑄛𑄚𑄣𑄮𑄃𑄨,বেগের কাা থেকে বাতাস আসতেছে
𑄌𑄮𑄉𑄧𑄛𑄚𑄨 𑄛𑄪𑄎𑄨 𑄘𑄨𑄝𑄧𑄁।,চোখের পানি শেষ করে দিব
𑄃𑄎𑄢𑄴 𑄘𑄪𑄉𑄧𑄢𑄴 𑄥𑄬𑄢𑄬,.আার ডোবার মধ্যে
"𑄥𑄧𑄁 𑄎𑄮𑄠𑄢𑄬 𑄢𑄬𑄁 𑄖𑄪𑄣𑄨,",.সমান জোার রেং তুলি
𑄥𑄧𑄁 𑄥𑄧𑄟𑄢𑄬 𑄈𑄪𑄌𑄴 𑄛𑄬𑄣𑄬𑄝𑄃𑄁,.সাথে সাথে পদচিহ্ন পাওা
"𑄘𑄬𑄏𑄧𑄢𑄴 𑄎𑄘𑄧𑄢𑄴 𑄇𑄧𑄙 𑄞𑄝𑄨,",দেশের লোকের কথা ভাবি
𑄟𑄪𑄎𑄪𑄋𑄧𑄖𑄴 𑄡𑄢𑄴 𑄡𑄨𑄠𑄬𑄚𑄴 𑄛𑄧𑄢𑄬,পাহাে যেতে হ
𑄞𑄣𑄧𑄇𑄴 𑄝𑄧𑄎𑄧𑄢𑄴 𑄛𑄧𑄢𑄴 𑄎𑄨𑄖𑄴𑄮 𑄢𑄟𑄬 𑄢𑄋𑄟𑄖𑄳𑄠𑄖𑄴𑄪𑄚𑄴 𑄝𑄨.𑄃𑄬.𑄃𑄧𑄚𑄢𑄧𑄌𑄴 𑄥𑄬𑄌𑄴 𑄉𑄧𑄢𑄨 𑄊𑄧𑄢𑄧𑄖𑄴 𑄜𑄨𑄢𑄨𑄣𑄧।,অনেক বছর পর জিতে যাওয়া রাম লালমাা দিে বািতে ফিরল
𑄈𑄉𑄢 𑄍𑄧𑄢𑄨 𑄟𑄮𑄚𑄴𑄖𑄧𑄣 𑄃𑄘𑄟𑄧𑄖𑄴।,পাহাের চূা দিে গ্রামে যাওা যা
𑄇𑄪𑄣𑄨𑄢𑄟𑄴 𑄇𑄢𑄴𑄝𑄌𑄴𑄡𑄳𑄠 𑄚𑄨𑄘𑄪𑄇𑄴𑄖𑄪𑄇𑄴 𑄃𑄤𑄧𑄧𑄢𑄴 𑄛𑄪𑄃𑄧।,. কুলিার শব্দ করে বাতাস বের হ
"𑄃𑄧𑄚𑄬𑄇𑄴 𑄛𑄫𑄎𑄧-𑄃𑄢𑄙𑄧𑄚 𑄉𑄧𑄢𑄨 𑄖𑄬, 𑄖𑄢𑄬 𑄛𑄨𑄠𑄧𑄚𑄴।","অনেক পূজা-আা করে সে, তাকে পে"
𑄣𑄬𑄊 𑄛𑄧𑄢-𑄛𑄧𑄢 𑄣𑄧𑄉𑄬 𑄍𑄖𑄳𑄢 𑄢𑄎𑄧𑄚𑄨𑄖𑄩 𑄉𑄧𑄖𑄴𑄧।,লেখা পা-পা সাথে ছাত্ররা রাজনিতী করতেছে
𑄥𑄨𑄖𑄳𑄠𑄭 𑄉𑄧𑄢𑄧𑄖𑄴 𑄃𑄬𑄡𑄚 𑄚𑄧'𑄃𑄧𑄠𑄴।,.সেটা করতে আসা যা না
𑄃𑄨𑄌𑄳𑄠 𑄘𑄨𑄚𑄴𑄟𑄙𑄚𑄴 𑄉𑄧𑄟𑄴 𑄦𑄨𑄖𑄳𑄠𑄭 𑄊𑄧𑄢𑄧𑄖𑄴 𑄛𑄨𑄢𑄧𑄘𑄬 𑄝𑄧𑄢𑄟𑄧𑄖𑄴 𑄚𑄬𑄭।,আজকে দিনকাল ভালো মনে হ বািতে রোগী নেই
"𑄍𑄧/𑄥𑄖𑄴 𑄝𑄧𑄎𑄧𑄢𑄴 𑄢𑄋𑄟𑄖𑄳𑄠 𑄗𑄇𑄴𑄇𑄬 𑄗𑄇𑄴𑄇𑄬 𑄟𑄮𑄚𑄴𑄖𑄧𑄣 𑄃𑄘𑄟𑄚𑄴 𑄖𑄬, 𑄍𑄧𑄝𑄨 𑄥𑄚𑄳𑄠 𑄘𑄬𑄊𑄬𑄢𑄴।",ছ/সাের বছর লালমাা থাকতে সে ছবি দেখতেছে
𑄝𑄬𑄇𑄴 𑄝𑄧𑄘𑄧𑄣𑄨 𑄡𑄨𑄠𑄬।,সব বদলে গেছে
𑄝𑄬𑄣𑄚𑄴 𑄥𑄧𑄇𑄴𑄇𑄬 𑄓𑄪𑄝𑄧𑄁 𑄓𑄪𑄝𑄧𑄁।,সূর্য ডোবার সম
"𑄦𑄘𑄨 𑄟𑄎𑄧, 𑄛𑄨𑄣𑄁 𑄇𑄣𑄴।","পালিে যাওা, পালিে যাওা"
𑄚𑄋𑄬𑄣𑄴 𑄘𑄨𑄊𑄧𑄣𑄩 𑄦𑄙𑄧𑄘𑄬 𑄦𑄙𑄧𑄘𑄬 𑄖 𑄘𑄨'𑄉𑄣𑄴 𑄝𑄬𑄭 𑄑𑄬𑄛𑄴 𑄑𑄬𑄛𑄴 𑄉𑄟𑄴 𑄎𑄪𑄢𑄨 𑄛𑄧𑄢𑄬𑄢𑄴।,পাহাের দুই পাশ দিে হেঁটে যেতে হ
𑄜𑄨𑄝𑄨𑄢𑄴 𑄜𑄨𑄛𑄨𑄢𑄴 𑄝𑄮𑄠𑄬𑄢𑄬 𑄖' 𑄛𑄌𑄴 𑄛𑄧𑄢𑄚𑄴 𑄏𑄪𑄢𑄬 𑄡𑄢𑄴।,.পানি পার সমে তার পাঁচটা পে যা
"𑄃𑄬𑄘𑄧𑄇𑄴 𑄃𑄧𑄢𑄚𑄴 𑄖𑄳𑄠𑄪𑄃𑄧 𑄖𑄢𑄬 𑄦𑄧𑄢𑄚𑄴 𑄉𑄧𑄢𑄨 𑄚𑄧' 𑄛𑄢𑄴𑄴𑄴𑄴𑄴𑄴𑄴𑄴𑄴𑄴𑄴𑄴𑄴𑄴𑄬 ,𑄦𑄪𑄝𑄧 𑄉𑄧𑄟𑄴 𑄣𑄉𑄬𑄢𑄴।",এত ব ব করে তাকে দৌাদৌি করতে হ না
𑄥𑄬 𑄃𑄧𑄇𑄴𑄖𑄧𑄖𑄴 𑄇𑄧𑄟𑄧𑄣 𑄛𑄧𑄖𑄨' 𑄃 𑄖'𑄏𑄨 𑄙𑄧𑄚𑄧𑄝𑄨 𑄝𑄢 𑄝𑄚 𑄦𑄨𑄡𑄬𑄦𑄨𑄡𑄧𑄌𑄳𑄠 𑄛𑄧𑄢𑄨 𑄡𑄨𑄠𑄳𑄠 ।,সে সমে কমলা পতি' আর তার স্ত্রী ধনবি বিে পে যা
𑄃𑄬𑄭 𑄃𑄧𑄇𑄴𑄖𑄧𑄖𑄴 𑄃𑄘𑄨𑄇𑄳𑄠 𑄉𑄧𑄢𑄨 𑄙𑄧𑄚𑄧𑄝𑄨𑄢𑄬 𑄘𑄨𑄊𑄩 𑄞𑄝𑄧𑄚 𑄢𑄬𑄡𑄳𑄠𑄖𑄴 𑄓𑄪𑄝𑄨 𑄉𑄬𑄣𑄧 𑄡𑄨𑄖𑄴𑄖𑄮 𑄢𑄟𑄬।,এই বছর আগের মতো ধনবিে দুই ভাগ হে গেল যতগুলো রাম
"𑄃𑄉𑄎𑄧𑄖𑄴 𑄓𑄪𑄝𑄴 𑄓𑄪𑄝𑄴 𑄟𑄬𑄊𑄧 𑄍𑄉 𑄇𑄧𑄖𑄴𑄖 𑄇𑄧𑄖𑄴𑄖 𑄉𑄧𑄢𑄩 𑄞𑄎𑄨 𑄡𑄢𑄴, 𑄏𑄇𑄴𑄏𑄇𑄴 𑄛𑄬𑄭𑄇𑄴 𑄦𑄨𑄎𑄨𑄇𑄴 𑄦𑄎𑄇𑄴 𑄉𑄧𑄢𑄨 𑄊𑄧𑄢𑄧𑄖𑄴 𑄜𑄨𑄢𑄨𑄘𑄧𑄚𑄴 𑄡𑄘𑄧𑄚𑄴।",".আকাশে ডুব ডুব করে মেঘ ভেসে যা, ঝাক ঝাঁক করে বািতে ফিরে যা"
𑄇𑄟𑄴𑄟𑄮 𑄟𑄚𑄴𑄌𑄳𑄠 𑄉𑄘𑄨 𑄉𑄪𑄘𑄠𑄴 𑄥𑄁𑄥𑄋𑄳𑄠 𑄉𑄧𑄢𑄨 𑄊𑄧𑄢𑄧𑄖𑄴 𑄜𑄨𑄢𑄧𑄘𑄧𑄚𑄴।,কাজে যাওা মানুষরা গর্ত করে বািতে ফিরে
"𑄉𑄨𑄢𑄨𑄖𑄳𑄠 𑄊𑄧𑄢𑄧 𑄟𑄨𑄣𑄬𑄃𑄪𑄚𑄴 𑄗𑄬𑄛𑄴𑄗𑄬𑄛𑄳𑄠 𑄛𑄚𑄨 𑄦𑄪𑄟𑄴 𑄇𑄧𑄢𑄧𑄖𑄴, 𑄟𑄙𑄖𑄴 𑄌𑄪𑄇𑄴𑄌𑄪𑄇𑄳𑄠 𑄛𑄨𑄣𑄬𑄣𑄮𑄭 𑄛𑄚𑄨 𑄃𑄚𑄧𑄘𑄧𑄚𑄴।","গিরিত বাির মেেরা পাহাের পানি হা করে,মাথা চুক চুক করে পানি আনে"
𑄥𑄧𑄇𑄳𑄠 𑄥𑄎𑄧 𑄣𑄟𑄨 𑄬𑄧𑄎𑄬𑄢𑄴।,এক জাতী সবজি যা সবজি হিসেবে ব্যবহৃত হ
𑄎𑄨𑄖𑄴𑄖𑄮𑄢𑄟𑄧 𑄟'𑄝𑄪 𑄎𑄪𑄟𑄧𑄖𑄴𑄖𑄪𑄚𑄴 𑄜𑄨𑄢𑄨 𑄃𑄬𑄣𑄧।,এক জাতী মেে জুম থেকে ফিরে আসলো
"𑄎𑄨𑄖𑄴𑄖𑄮𑄢𑄟𑄴:- 𑄃𑄬𑄘𑄧 𑄟, 𑄃𑄨𑄇𑄳𑄠।","জেদী-এই মা,আজকে"
"(𑄖'𑄟𑄢𑄬 𑄌𑄬𑄣𑄁-𑄌𑄪𑄣𑄧𑄁 𑄉𑄧𑄢𑄴𑄣𑄧) 𑄖𑄬, 𑄟'𑄝𑄬𑄇𑄴𑄇𑄪𑄚𑄬 𑄉𑄃𑄪𑄣𑄨 𑄉𑄧𑄟𑄴 𑄃𑄊𑄧?",".সে আমাকে জিজ্ঞাসা করল,সে আমাকে জিজ্ঞেস করল,মা-ছেলে সবাই মিলে ভালো আছে?"
𑄘𑄮𑄣𑄬 𑄃𑄬𑄌𑄴𑄌𑄮𑄥𑄧 𑄝'𑄙𑄧𑄚𑄴?,ভালোভাবে এসেছো তো?
"𑄃 𑄝𑄦 𑄦𑄘𑄪 𑄡𑄨𑄠𑄳𑄠, 𑄟?",".আবা হাত দিে যাও,মা?"
𑄖𑄧'𑄝𑄛𑄬 𑄝𑄚 𑄟𑄧𑄘𑄧 𑄦𑄚 𑄝𑄎𑄧 𑄘𑄨𑄘𑄳𑄠।,তোমার বাবা শুধু মদের নেশা করে
"𑄝𑄮𑄘𑄳𑄠 𑄊𑄧𑄢𑄧𑄖𑄴 𑄛𑄨𑄢𑄨𑄣𑄳𑄠, 𑄇𑄢𑄴𑄝𑄢𑄨 𑄉𑄧𑄢𑄴 𑄞𑄋।","বইের বািতে পিরিা,কারবারি করো"
𑄥𑄎𑄳𑄠 𑄖'𑄝𑄛𑄧𑄢𑄬 𑄃𑄬𑄭 𑄊𑄧𑄢𑄚𑄴𑄘𑄮।,সাজানো গোছানো এই বািটা
𑄝𑄚 𑄟𑄧𑄘𑄧 𑄦𑄚!,শুধু মদ খাওা
𑄃𑄬𑄘𑄧𑄇𑄴 𑄦𑄧𑄁𑄉𑄬 𑄃𑄨𑄎𑄮𑄢𑄚𑄴 𑄥𑄮𑄢𑄴 𑄉𑄧𑄢𑄨 𑄝𑄢𑄴।,এত ব হেছে এই দরজাটা বন্ধ করতে হবে
𑄎𑄨𑄖𑄴𑄖𑄮 𑄢𑄟𑄧𑄢𑄬 𑄖'𑄟 𑄎𑄪𑄟𑄧𑄖𑄴𑄖𑄪𑄚𑄴 𑄎𑄪𑄢𑄧 𑄃𑄣𑄪 𑄇𑄬𑄝𑄖𑄳𑄠 𑄚𑄬𑄉𑄬𑄣𑄳𑄠 𑄘𑄨𑄠𑄳𑄠।,জেতা রামকে তার মা জুম থেকে জুর আলু কুড়িয়ে নিে গেছে
𑄃 𑄟'𑄝𑄢 𑄝𑄚 𑄃𑄨𑄌𑄴𑄬𑄘𑄳𑄠 𑄉𑄝𑄪𑄢𑄨𑄬𑄮𑄢 𑄚𑄧'𑄌𑄨𑄚𑄨𑄣𑄪𑄋𑄴।,.এই মাাটা শুধু আজকে গািে নিে গেল
𑄖 𑄟'𑄦𑄧𑄣𑄧:- 𑄖𑄪𑄭 𑄥𑄬 𑄉𑄝𑄪𑄢𑄨𑄣𑄮 𑄦𑄨 𑄣𑄧𑄇𑄴𑄜𑄇𑄴?,তার মা বলল- তুমি সেই গািটা কীলক করো?
𑄣𑄬𑄊 - 𑄛𑄧𑄢 𑄥𑄨𑄇𑄴𑄈𑄮𑄌𑄴 𑄣𑄬𑄊 𑄛𑄌𑄴𑄍𑄬 𑄝𑄯 𑄊𑄧𑄢𑄧𑄖𑄴 𑄖𑄪𑄣𑄨𑄝𑄧𑄁।,লেখা-পা লেখা পার পর বৌ বািতে তুলবো
𑄖 𑄟 𑄦𑄧𑄙𑄚𑄨 𑄣𑄮𑄭 𑄎𑄨𑄖𑄴𑄖𑄮𑄢𑄟𑄧𑄢𑄴 𑄝𑄪𑄉𑄧 𑄚𑄧'𑄞𑄢𑄬।,তার মা হগুলো ভালোভাবে ধরে না
"𑄖𑄬, 𑄥𑄧𑄦𑄧𑄢𑄧𑄖𑄴 𑄣𑄬𑄊 𑄛𑄧𑄢 𑄥𑄨𑄇𑄴𑄈𑄬 𑄥𑄧𑄦𑄧𑄢𑄧 𑄟𑄨𑄣𑄬 𑄃𑄪𑄚𑄧𑄢𑄴 𑄌𑄣𑄴 - 𑄌𑄧𑄣𑄧𑄚𑄴 𑄉𑄪𑄎𑄨 𑄣𑄮𑄭 𑄚𑄧'𑄛𑄢𑄬।",সে রাস্তায় পার সমে পাশের মেেদের চাল-চলতে পারে না
"𑄃𑄘𑄟𑄧𑄢𑄴 𑄛𑄪𑄃𑄧 𑄃𑄘𑄟𑄧𑄢𑄴 𑄥𑄧𑄟𑄌𑄴, 𑄥𑄧𑄁𑄌𑄴𑄇𑄳𑄢𑄨𑄖𑄨 𑄈𑄪𑄃𑄪𑄝𑄴 𑄝𑄪𑄉𑄧 𑄞𑄪𑄢𑄨 𑄡𑄠𑄴।",গ্রামের ছেলে-মেেরা একসাথে খাবার খেে যা
"𑄖𑄬, 𑄞𑄝𑄬 𑄥𑄧𑄦𑄧𑄢𑄧 𑄟𑄨𑄣𑄬𑄃𑄪𑄚𑄧𑄢𑄴 𑄌𑄣𑄴 - 𑄌𑄧𑄣𑄧𑄚𑄴 𑄝𑄢𑄝𑄨𑄉𑄨𑄘𑄨।",সে ভাবে গ্রামের মেেদের চাল-চাল বোচ্ছে
"𑄦𑄧𑄣𑄧:-𑄚𑄧'""𑄌𑄨𑄚𑄧𑄋𑄴𑄢𑄧 𑄘𑄧'𑄛𑄪𑄎𑄧𑄢𑄴 𑄉𑄧𑄢𑄴𑄣𑄳𑄠 𑄦𑄨 𑄘𑄪𑄌𑄴 𑄃𑄬𑄝𑄧 𑄚𑄨𑄚 𑄟?",.হওাচার সম কি দোষ আসবে মা?
"𑄃𑄟𑄧𑄚𑄧𑄢𑄴 𑄌𑄮𑄉𑄧 𑄗𑄬𑄚𑄬𑄭 𑄇𑄚𑄴, 𑄥𑄨𑄖𑄴𑄖𑄳𑄠𑄭 𑄣𑄬𑄊 𑄛𑄌𑄴𑄍𑄳𑄠 𑄝𑄯 𑄛𑄬𑄝𑄢𑄴 𑄌𑄁।","আমার চোখ থেকে কান্না, তার থেকে লেখা পাচ্ছি বৌ পার জন্য"
𑄃 𑄖𑄧' 𑄟𑄪𑄎𑄨 𑄇𑄧𑄟𑄧𑄣 𑄛𑄪𑄘𑄨 𑄏𑄨𑄝𑄪 𑄙𑄧𑄚𑄧𑄝𑄨 𑄘𑄳𑄠।,তোমার মুখ কমলা রঙের মেেটা ধনবি দিেছে
𑄖' 𑄝𑄛𑄴𑄝𑄪𑄢𑄬 𑄏𑄢𑄴𑄝𑄮 𑄃𑄪𑄚𑄬 𑄟𑄢𑄬 𑄛𑄬𑄣𑄴𑄣𑄧𑄚𑄴।,তার বাপকে জঙ্গলের মধ্যে মেরে ফেললো
𑄝𑄬𑄎𑄢𑄨 𑄥𑄨𑄖𑄴𑄖𑄪 𑄙𑄪𑄢𑄩 𑄣𑄬𑄊 𑄛𑄧𑄢𑄠𑄳𑄠𑄪 𑄗𑄪𑄟𑄴 𑄃𑄧𑄠𑄳𑄠।,বোইটির ছিদ্র দিে লেখা শেষ হছে
𑄃𑄨𑄇𑄳𑄠 𑄟𑄚𑄴𑄌𑄮 𑄃𑄨𑄘𑄪 𑄚𑄧' 𑄉𑄬𑄣𑄬 𑄞𑄖𑄴 𑄛𑄬𑄘𑄧𑄖𑄴 𑄚𑄧' 𑄛𑄧𑄢𑄬।,একটা মাছ এইটা না গেলে ভাত খেতে হ না
𑄖𑄧' 𑄝𑄛𑄬 𑄝𑄨𑄏𑄪 𑄃𑄧𑄇𑄴𑄖𑄧𑄖𑄴 𑄃𑄬𑄇𑄴𑄝𑄢𑄬𑄋𑄴 𑄙𑄚𑄴 𑄘𑄨𑄚𑄳𑄠𑄭 𑄝𑄧𑄘𑄧𑄚𑄟𑄴 𑄉𑄧𑄖𑄴𑄧𑄚𑄴 𑄃𑄧𑄚𑄴 𑄝𑄨𑄣𑄬 𑄖𑄧' 𑄟𑄪𑄎𑄨 𑄣𑄮𑄭 𑄛𑄉𑄧𑄣𑄴𑄘𑄳𑄠।,তোমার বাবা বিঝুর সম এক কেজি ধান দিে বদনাম করছে
𑄎𑄨𑄖𑄴𑄖𑄮 𑄢𑄟𑄬 𑄥𑄬 𑄦𑄧𑄙 𑄥𑄪𑄚 𑄚𑄬𑄭 𑄖' 𑄟𑄧𑄚𑄚𑄴 𑄃𑄢𑄧 𑄝𑄬𑄎𑄧 𑄃𑄇𑄴𑄇𑄮𑄭 𑄉𑄬𑄣𑄧 𑄙𑄧𑄚𑄧 𑄝𑄨 𑄃𑄨𑄚𑄴𑄘𑄨 ।,জিতে যাওা রাম সেই কথাটা শুনে আর বেঁচে থাকল না
𑄌𑄨𑄉𑄧𑄚𑄧𑄖𑄴𑄖𑄪𑄚𑄴 𑄙𑄪𑄢𑄨 𑄙𑄧𑄚𑄧𑄝𑄨 𑄣𑄮𑄭 𑄥𑄧𑄁 𑄛𑄧𑄖𑄴𑄖𑄇𑄴।,বাচ্চার কাছ থেকে ধন বিে নিতে হ
𑄥𑄧𑄁 𑄥𑄧𑄟𑄢𑄬 𑄃𑄨𑄇𑄴𑄪𑄣𑄧𑄖𑄴 𑄡𑄬𑄘𑄇𑄴 - 𑄃𑄬𑄘𑄇𑄴।,একসাথে স্কুলে যাওা
"𑄊𑄨𑄣𑄬 , 𑄚𑄔𑄬𑄋𑄴 𑄦𑄢 𑄈𑄬𑄣𑄬𑄘𑄇𑄴।","ঘিলে,নাকটা হাওা খেলো"
𑄢𑄕𑄳𑄠 𑄎𑄪𑄟𑄧𑄖𑄴𑄪𑄚𑄴𑄴 𑄍𑄧𑄘𑄧𑄢𑄧𑄇𑄴 𑄜𑄪𑄣𑄴 𑄖𑄪𑄣𑄨 𑄉𑄎𑄧 𑄍𑄝𑄖𑄴 𑄝𑄮𑄭 𑄜𑄪𑄣𑄴 𑄍𑄧𑄢 𑄉𑄙𑄬 𑄘𑄇𑄴,.রান্না জুমের চূা দিে এক জাতী ফুল ছানো হ
𑄃𑄨𑄠𑄚𑄨 𑄖𑄢𑄴 𑄣𑄢𑄬 𑄣𑄢𑄬 𑄃𑄫𑄘𑄮𑄖𑄴 𑄃𑄪𑄘𑄨 𑄌𑄨𑄇𑄮𑄚𑄴 𑄇𑄣𑄧𑄖𑄴 𑄜𑄨𑄢𑄨 𑄉𑄬𑄣𑄴 ।,. এগুলো তার ধীরে ধীরে উপরে উঠে গেল।
𑄃𑄬𑄉𑄧 𑄚𑄨𑄟𑄮𑄚𑄴 𑄉𑄧𑄢𑄨 𑄦𑄨 𑄞𑄝𑄬𑄢𑄴।,একটি নিম করে মাথা ধুে যাচ্ছে
𑄃𑄬𑄭 𑄃𑄇𑄴𑄖𑄴𑄧 𑄖 𑄟'𑄇𑄧𑄣𑄧:- 𑄝'𑄙𑄧𑄚𑄴 𑄉𑄧𑄢𑄧𑄟𑄴 𑄛𑄚𑄨𑄠𑄚𑄴 𑄚𑄮𑄭 𑄉𑄖𑄴𑄮𑄃𑄨।,এই আগে তার মা-বাবা গরম পানি দিেছিল
"𑄢𑄬𑄘𑄧, 𑄇𑄪𑄣𑄨𑄢𑄟𑄬 𑄊𑄧𑄢𑄧𑄖𑄴 𑄜𑄨𑄢𑄨𑄣𑄧।","রাতের বেলা, কুলিমে বািতে ফিরল"
𑄃𑄬𑄉𑄧 𑄥𑄧𑄟𑄢𑄬 𑄞𑄘𑄧 𑄈𑄬𑄣𑄇𑄴।,এক সমে ভাত খাওা
𑄖 𑄃𑄤𑄎𑄧𑄢𑄴 𑄛𑄪𑄃𑄧 𑄎𑄨𑄖𑄴𑄖𑄮𑄢𑄟𑄬 𑄣𑄮𑄌𑄨𑄋𑄮𑄖𑄴 𑄗𑄚 𑄈𑄚 𑄛𑄮𑄘𑄳𑄠𑄚𑄬 𑄝𑄘𑄧 𑄛𑄨𑄎𑄮𑄢𑄴 𑄉𑄧𑄢𑄴𑄣𑄴𑄧।,তার ভাতিজা খাওার জন্য টেবিলে বসে টিফিনবাক্সটি নিে গেল
"𑄖𑄨𑄚𑄴 𑄟-𑄝𑄛𑄴 𑄛𑄪𑄘𑄬 𑄚𑄚𑄋𑄴 𑄇𑄧𑄙 𑄝𑄖𑄴𑄖𑄠𑄴 𑄇𑄪𑄣𑄨𑄢𑄟𑄬 𑄇𑄧𑄣𑄧 :- ""𑄛𑄪𑄖𑄴, 𑄖𑄪𑄃𑄨 𑄟𑄧𑄢𑄴 𑄃𑄨𑄇𑄴𑄇𑄮𑄧 𑄚𑄨𑄘𑄪𑄇𑄴𑄖𑄪𑄇𑄴𑄳𑄠 𑄃𑄤𑄧𑄎𑄮𑄢𑄴 𑄛𑄪𑄃𑄧।","তিন মা-বাবা একসাথে কথা বলতেছে,পুে,তুমি আমার জন্য একটা লজ্জাবোধ করো"
"𑄃𑄎 𑄉𑄧𑄢𑄧𑄁 𑄟𑄧'𑄇𑄧𑄙𑄚𑄨 𑄝𑄪𑄏𑄨 𑄛𑄢𑄧𑄢𑄴, 𑄦𑄧𑄙𑄧𑄇𑄴 𑄘𑄪𑄉𑄬 𑄦𑄧𑄌𑄴𑄑𑄧 𑄟𑄚𑄴𑄬 - 𑄟𑄪𑄢𑄴 𑄞𑄋𑄨 𑄞𑄋𑄨 𑄃𑄨𑄌𑄳𑄠 𑄖𑄧𑄢𑄬 𑄡𑄨𑄖𑄴𑄖𑄪𑄢𑄴 𑄛𑄢𑄨 𑄣𑄬𑄊 - 𑄛𑄧𑄢 𑄥𑄬𑄊𑄬𑄢𑄴।","এত ব করে কথা বলতে পার,যতদূর পর্যন্ত মনে হ তুমি আমার সাথে টেক্কা দিতে পারবে"
𑄃𑄨𑄠𑄚𑄴 𑄃𑄟 𑄊𑄧𑄢𑄴-𑄥𑄧𑄁𑄥𑄢𑄧𑄖𑄴 𑄟𑄬𑄖𑄴 𑄖𑄧𑄢𑄴 𑄦𑄨 𑄥𑄧𑄞𑄧𑄚𑄴 𑄃𑄊𑄬 𑄥𑄨𑄠𑄚𑄴 𑄟𑄪𑄭 𑄃𑄧𑄉𑄧𑄢𑄴 𑄚𑄧'𑄛𑄋𑄴।,এগুলো আমাদের বািতে আছে সেগুলো আমার সহ্য হ না
"𑄟𑄧𑄢𑄴 𑄝𑄨𑄌𑄴𑄥𑄬𑄌𑄴 𑄃𑄟𑄨 𑄃𑄬𑄇𑄴 𑄇𑄣𑄬 𑄢𑄎 𑄃𑄬𑄣𑄧𑄁 𑄟𑄖𑄴𑄖𑄧𑄢𑄴 𑄃𑄬𑄌𑄳𑄠 𑄞𑄋 𑄞𑄋 𑄊𑄧𑄢𑄴, 𑄖𑄨𑄚𑄴𑄚𑄮 𑄦𑄬𑄘𑄇𑄴𑄖𑄪𑄇𑄴।","আমার বিশ্বাস আমি এক কালে রাজা হবো,তিন বছর থাকবো"
𑄃𑄬𑄭 𑄖𑄨𑄚𑄴𑄚𑄮 𑄦𑄬𑄘𑄇𑄴𑄗𑄪𑄇𑄧𑄖𑄴𑄪𑄚𑄴 𑄖𑄧𑄢𑄬 𑄃𑄟𑄨 𑄚𑄧𑄇𑄴𑄈𑄧𑄖𑄳𑄢𑄧 𑄝𑄚𑄬𑄣𑄧𑄁।,এই তিন হাজার টাকা থেকে তোমাকে আমি নাচা করলাম
"𑄃𑄨𑄌𑄳𑄠 𑄖𑄧𑄢𑄬 𑄃𑄬𑄘𑄧𑄇𑄳𑄠 𑄉𑄧𑄢𑄨 𑄘𑄨𑄊𑄩𑄚𑄬𑄭 𑄝𑄢𑄴 𑄉𑄧𑄢𑄨 𑄛𑄢𑄨 , 𑄃𑄟 𑄟𑄪' 𑄛𑄨𑄦𑄴𑄢𑄴 𑄃𑄧𑄠𑄳𑄠।",".তোমাকে এত ব করে দেখতেছি, আমাদের মাথা ব আছে"
"𑄃𑄎𑄪 𑄟𑄢𑄬 𑄃𑄬𑄇𑄴𑄇𑄚𑄴 𑄇𑄧𑄙 𑄦𑄮𑄭𑄠𑄬 ""𑄝𑄨𑄣𑄴𑄣𑄮 𑄇𑄪𑄌𑄪 𑄛𑄪𑄚𑄴 𑄇𑄝𑄨 𑄇𑄝𑄨 𑄣𑄉𑄬𑄣𑄬 𑄖𑄨𑄚𑄴 𑄝𑄧𑄎𑄧𑄢𑄴 𑄛𑄧𑄢𑄬 𑄈𑄬𑄭 𑄛𑄢𑄬''।","আজু মেে একটা কথা বলল,বিালটা কোন পাছা কুিে মারলে তিন বছর পর খেতে হ"
"(𑄃𑄧𑄖𑄴𑄗𑄖𑄴, 𑄝𑄨𑄣𑄴𑄣𑄮 𑄇𑄪𑄌𑄪 𑄈𑄬𑄭𑄛𑄖𑄴𑄬 𑄖𑄨𑄚𑄴 𑄝𑄧𑄎𑄧𑄢𑄴 𑄥𑄧𑄁 𑄛𑄪𑄚𑄴 𑄇𑄝𑄨 𑄇𑄝𑄨 𑄣𑄉 𑄛𑄧𑄢𑄬 ) 𑄃𑄨𑄢𑄪𑄇𑄴 𑄡𑄪𑄉𑄧𑄖𑄴 𑄥𑄬 𑄇𑄧𑄙 𑄃𑄧𑄚𑄧 𑄟𑄬𑄖𑄴 𑄚𑄬𑄭।",".আকাশে,বিালটা কোন কিছু খেে পতে তিন বছর পর্যন্ত পাছা বাঁকা করতে হ"
𑄃𑄨𑄢𑄪𑄇𑄴 𑄡𑄪𑄉𑄧𑄖𑄴 𑄥𑄬 𑄝𑄨𑄣𑄴𑄣𑄮 𑄇𑄪𑄌𑄪 𑄛𑄨𑄖𑄴𑄨𑄟𑄨𑄠𑄚𑄧𑄢𑄬 𑄚𑄬𑄖𑄳𑄢𑄨𑄖𑄧 𑄙𑄬𑄓𑄧𑄚𑄴।,এখনকার দিনে সেই বিালটা কোন পৃথিবীটাকে দেখিেছে
"𑄃𑄟 𑄇𑄣𑄴 𑄥𑄬𑄌𑄴, 𑄃𑄨𑄇𑄴𑄈𑄬 𑄖𑄧𑄟 𑄇𑄣𑄴 ।","আমাদের কাল,এখন আমাদের কাল"
"𑄖𑄪𑄟𑄨 𑄦𑄨 𑄛𑄬𑄝 𑄥𑄨𑄠𑄚𑄴 𑄚𑄧𑄠𑄴, 𑄦𑄨 𑄘𑄨'𑄛𑄢𑄨𑄝 𑄛𑄨𑄖𑄴𑄨𑄟𑄨𑄠𑄚𑄧𑄢𑄬 𑄥𑄨𑄠𑄚𑄴 𑄞𑄝𑄨𑄝।","তুমি সেটা পাবে না,সে পৃথিবীটাকে সেটা পাবে"
𑄖𑄪𑄟𑄨 𑄛𑄢𑄨𑄝 𑄛𑄨𑄖𑄴𑄨𑄟𑄨𑄠𑄚𑄧𑄬𑄮 𑄥𑄎𑄬।,তোমরা পারবে নাকি সিলিংেও যাও
𑄃𑄬𑄭 𑄇𑄧𑄙𑄚𑄨 𑄦𑄮𑄭𑄚𑄬𑄭 𑄇𑄪𑄣𑄨𑄢𑄟𑄬 𑄊𑄪𑄟𑄧𑄖𑄴 𑄛𑄧𑄢𑄴𑄣𑄧।,এই কথাগুলো বলে কুলিটাঘুমিে পলো
𑄃𑄬𑄇𑄴 𑄘𑄨𑄚𑄬 𑄎𑄨𑄖𑄴𑄖𑄮𑄢𑄟𑄬 𑄖𑄢 𑄊𑄧𑄢𑄧𑄖𑄴 𑄃𑄫𑄏𑄮𑄢𑄧 𑄟𑄙𑄖𑄴 𑄛𑄨𑄎𑄪𑄟𑄧 𑄝𑄌𑄴𑄍𑄪 𑄃𑄬𑄣𑄚𑄴 𑄘𑄨𑄚𑄳𑄠𑄭 𑄉𑄠𑄴 𑄉𑄠𑄴 𑄝𑄧𑄭 𑄃𑄉𑄬 ।,এক দিনে জিতেরা তাদের বািে উঠার সম মাথা বালিশ দিে বসে আছে
"𑄌𑄬𑄢𑄮 𑄦𑄨𑄖𑄴𑄖𑄳𑄠𑄭 𑄢𑄨𑄚𑄨 𑄌𑄠𑄴, 𑄃𑄧𑄎𑄧𑄣𑄴 - 𑄚𑄩𑄎𑄧, 𑄛𑄧𑄣𑄴𑄣-𑄛𑄪𑄣𑄴𑄨 𑄟𑄮𑄚𑄴-𑄟𑄪𑄢𑄧।","চোর মানুষরাই চা,অমল-নীজ,পালিে পালিে মো"
𑄉𑄌𑄴-𑄝𑄎𑄧 𑄖𑄢𑄪𑄟𑄴।,এক জাতী বুনো ফল যা সবজি হিসেবে ব্যবহৃত হ
𑄚𑄚𑄁 𑄜𑄪𑄣𑄴 𑄜𑄪𑄘𑄨 𑄜𑄨𑄝𑄨𑄢𑄴 𑄜𑄨𑄝𑄨𑄢𑄴 𑄝𑄮𑄃𑄨𑄠𑄬𑄢𑄬 𑄔𑄪𑄣𑄧𑄘𑄧𑄚𑄴।,.নানাং ফুল ফোটার সম বইটি পতেছে।
𑄏𑄇𑄴 𑄏𑄇𑄴 𑄛𑄧𑄖𑄴𑄖𑄛𑄧𑄖𑄴𑄨 𑄃 𑄞𑄮𑄟𑄧𑄢𑄃𑄪𑄚𑄬 𑄥𑄬 𑄜𑄪𑄣𑄧𑄖𑄴 𑄛𑄪𑄢𑄨 𑄟𑄧𑄚𑄬 𑄟𑄧𑄚𑄴𑄡𑄧𑄇𑄴𑄇 𑄉𑄪𑄢𑄨 𑄃𑄪𑄢𑄨 𑄃𑄪𑄢𑄨 𑄝𑄬𑄢𑄘𑄧𑄚𑄴।,ঝাঁক ঝাঁক পা পাখিগুলো সেই ফুলটি মনে পে ঘুরে বোচ্ছে
"𑄃𑄉𑄎𑄧𑄖𑄴 𑄢𑄨𑄚𑄨 𑄌𑄭 -𑄃𑄬𑄃𑄨𑄣𑄴 𑄃𑄉𑄌𑄴, 𑄓𑄪𑄝𑄴 𑄓𑄪𑄝𑄴 𑄟𑄬𑄉𑄧 𑄌𑄊 𑄇𑄧𑄖𑄴𑄖 𑄇𑄧𑄖𑄴𑄖 𑄉𑄢𑄨 𑄞𑄎𑄨 𑄡𑄢𑄴 𑄛𑄨𑄖𑄴𑄗𑄨𑄟𑄨 𑄃𑄬𑄇𑄴 𑄇𑄧𑄕𑄖𑄴𑄪 𑄃𑄢𑄧 𑄃𑄬𑄇𑄴 𑄇𑄧𑄕𑄖𑄴।",".আকাশে নীল চাঁদ,ডুবডুব মেেরা এক টুকরো জমিতে আর এক টুকরো জমিতে"
𑄗𑄬𑄚𑄴𑄕𑄳𑄠 𑄟𑄧𑄢𑄨 𑄃 𑄚𑄚𑄁 𑄛𑄬𑄭𑄇𑄴 𑄓𑄪𑄃𑄧 𑄡𑄉𑄢𑄬 𑄡𑄉𑄢𑄬 𑄣𑄬𑄎𑄧 𑄣𑄢𑄬 𑄣𑄢𑄬 𑄟𑄧𑄚𑄬 𑄡𑄨𑄚𑄴𑄘𑄨 𑄃𑄧𑄠𑄴 𑄥𑄨𑄚𑄴𑄘𑄨 𑄃𑄪𑄢𑄨 𑄡𑄘𑄧𑄚𑄴।,পাহাে মারা যাওা মানুষরা পাহাে হেঁটে যেতে যেতে মনে পে যা
𑄎𑄨𑄖𑄴𑄖𑄮𑄢𑄟𑄬 𑄞𑄝𑄬𑄢𑄴 𑄖 𑄝𑄛𑄧𑄢𑄴 𑄇𑄧𑄙 𑄃 𑄙𑄧𑄚𑄧𑄝𑄨𑄢𑄬 𑄚𑄨𑄚𑄳𑄠𑄭।,জ্যেঠীটা তার বাবাের কথা ধনবিকে নিে যাচ্ছে
𑄃𑄨𑄇𑄳𑄠 𑄖𑄬 𑄦𑄨 𑄉𑄪𑄢𑄨𑄝𑄧!,এখন সে গুো করবে
𑄙𑄧𑄚𑄧𑄝𑄨𑄢𑄬 𑄛𑄪𑄘𑄧-𑄝𑄮 𑄦𑄨𑄎𑄬𑄝𑄬 𑄉𑄎𑄨 𑄣𑄮𑄭 𑄚𑄧'𑄛𑄢𑄨𑄝𑄇𑄴 𑄃𑄨𑄠𑄚𑄴 𑄦𑄟𑄇𑄴𑄇𑄭।,ধনবিে পে যাবে গাছটির চারাগুলো ভালোভাবে উঠতে পারবে না
𑄦𑄨𑄋𑄨𑄢𑄨 𑄞𑄋𑄨 𑄃𑄧𑄝𑄧 𑄖𑄬 𑄡𑄬𑄙𑄧𑄚𑄧𑄝𑄨𑄢𑄬 𑄦𑄮𑄌𑄴𑄛𑄠𑄴।,মনে হ সে যেকারো জন্য হ
𑄃𑄬𑄭 𑄃𑄇𑄴𑄖𑄴𑄧 𑄖𑄢𑄪𑄟𑄬 𑄃𑄬𑄣𑄧।,এই প্রথম সে তাাতাি আসলো
"𑄖𑄬, 𑄃𑄇𑄴𑄇𑄬 𑄡𑄬𑄘𑄧𑄁?","সে,আগে নাকি?"
𑄃𑄬𑄌𑄳𑄠 𑄖𑄢𑄢𑄴 𑄛𑄨𑄔𑄬 𑄈' 𑄝𑄧𑄣𑄚𑄴𑄬 𑄛𑄨𑄠𑄮𑄚𑄴 𑄙𑄧𑄚𑄧𑄝𑄨 𑄘𑄉𑄨𑄓𑄪।,আসা যাওা করতে করতে তারা পিনোন ধনবি ডেকেছে
"𑄔𑄝 𑄈𑄬𑄭 𑄣𑄧𑄉𑄨, 𑄡𑄬𑄘𑄧𑄁 𑄟𑄦𑄬।",".ঢাকা খেে দৌাদৌি করিও না,যেভাবে বলি"
𑄟𑄘𑄨𑄠𑄬 𑄟𑄘𑄨𑄠𑄬 𑄡𑄬𑄝𑄧𑄁𑄉𑄳𑄠 ।,মাটি দিে মাটিতে যাবো
𑄜𑄠𑄚𑄴𑄓𑄧 𑄟𑄨𑄑𑄨𑄁 𑄃𑄊𑄬 𑄡𑄘𑄨 𑄡𑄘𑄨 𑄥𑄢𑄨 𑄛𑄢𑄴𑄣𑄴𑄬 𑄟𑄨𑄑𑄨𑄋𑄮𑄖𑄴 𑄃𑄬𑄎𑄣𑄴 𑄘𑄨 𑄛𑄢𑄨𑄟𑄴𑄮।,.ফাঁদে মিটিং আছে যেতে যেতে সারিে মিশে যেতে পারবো।
𑄖𑄢 𑄘𑄨'𑄎𑄧𑄚𑄬 𑄚𑄚𑄋𑄴 𑄉𑄧𑄛𑄬 𑄥𑄧𑄛𑄬 𑄕𑄋𑄬𑄣𑄴𑄘𑄨𑄊𑄧𑄣𑄨 𑄃𑄬𑄋 𑄝𑄬𑄋 𑄛𑄧𑄘𑄬 𑄃𑄦𑄴𑄘 𑄓𑄧𑄢𑄴𑄣𑄇𑄴 𑄙𑄧𑄚𑄧𑄝𑄨 𑄘𑄉𑄨𑄘𑄪 𑄟𑄮𑄚𑄧 𑄊𑄧𑄢𑄧𑄖𑄴।,তারা দুইজন মিলে একটি লাঠি দিে হেঁটে যাচ্ছে মাটির বািতে
"𑄥𑄧𑄟𑄎𑄧𑄢𑄴, 𑄘𑄬𑄎𑄧𑄢𑄴, 𑄃𑄘𑄟𑄧𑄢𑄴 𑄞𑄣𑄬𑄘𑄨 𑄦𑄨𑄋𑄨𑄢𑄨 𑄃𑄬𑄝𑄧 𑄥𑄬 𑄛𑄮𑄭𑄘𑄳𑄠𑄚𑄬 𑄇𑄧𑄙 𑄃𑄧𑄙𑄬 𑄃𑄧𑄙𑄬 𑄙𑄧𑄚𑄧𑄝𑄨 𑄘𑄉𑄨 𑄊𑄧𑄢𑄧𑄖𑄴 𑄣𑄪𑄟𑄨𑄣𑄇𑄴।","সমাজ, দোল, গ্রাম ভালো করে কথা বলে সেই বািে নামল"
𑄃𑄨𑄚𑄴𑄘𑄨 𑄙𑄧𑄚𑄧𑄝𑄨𑄢𑄴 𑄛𑄧𑄢𑄚𑄴 𑄖𑄨𑄙𑄧 𑄚𑄬𑄭।,এখানে ধনবিালের শান্তি নেই
𑄝𑄣𑄇𑄴 𑄝𑄧𑄎𑄧𑄢𑄴 𑄛𑄧𑄢𑄴 𑄎𑄨𑄖𑄴𑄖𑄮𑄢𑄟𑄧𑄢𑄬 𑄘𑄨𑄊𑄨।,এক জাতী ব অজগরকে দিে দিে যাচ্ছে
𑄥𑄋𑄪 𑄘𑄪𑄃𑄧𑄢𑄧 𑄗𑄟𑄪𑄣𑄪𑄇𑄴 𑄦𑄪𑄖𑄴𑄨𑄝𑄪𑄖𑄴 𑄑𑄬𑄛𑄴 𑄑𑄬𑄛𑄳𑄠 𑄛𑄚𑄨 𑄢𑄊𑄬𑄠𑄳𑄠 ।,.সাঙু দুার ফাঁক দিে ফোটা ফোটা পানি আছে।
𑄟𑄧𑄚𑄬 𑄟𑄧𑄚𑄬 𑄞𑄝𑄬𑄢𑄴 𑄦𑄨 𑄦𑄮𑄭𑄟𑄴।,মনে মনে চিন্তা করলে ভালো হবে
"𑄖𑄬,𑄦𑄨 𑄟𑄧𑄢𑄬 𑄃𑄊𑄧 𑄥𑄚𑄴 𑄦𑄮𑄌𑄴𑄛𑄬𑄝𑄧𑄚𑄨?",সে আমার সাথে থাকবে নাকি?
𑄖𑄬 𑄘𑄧' 𑄣𑄬𑄊𑄧-𑄛𑄧𑄢 𑄥𑄨𑄊𑄨 𑄓𑄋𑄧𑄢𑄴 𑄃𑄧𑄠𑄳𑄠।,সে তো লেখা পার সম দক্ষ
"𑄣𑄎𑄬𑄭 𑄣𑄎𑄬𑄭 𑄚𑄮𑄚𑄴𑄳𑄠𑄥𑄨𑄣𑄧 𑄎𑄪𑄢𑄧 𑄛𑄚𑄨 𑄦𑄪𑄖𑄴𑄨, 𑄝𑄬𑄎𑄮𑄚𑄴 𑄃 𑄔𑄝 𑄝𑄏𑄬𑄭 𑄃𑄚𑄨 𑄘𑄨𑄠𑄴।","লাজে লাজে নাকের পানি হেছে,সবগুলো এক সাথে নিে আসি"
"𑄚𑄳𑄠𑄪𑄃𑄧 𑄛𑄨𑄚𑄮𑄚𑄴, 𑄦𑄘𑄨 𑄃 𑄟𑄙𑄖𑄴 𑄦𑄧𑄝𑄁 𑄝𑄚𑄨 𑄙𑄧𑄚𑄧𑄝𑄨 𑄃𑄢𑄧 𑄝𑄬𑄌𑄴 𑄘𑄮𑄣𑄴 𑄣𑄉𑄬𑄢𑄴।",".নাুটা পিন,হািটা এই মাথা হবে ধনগুলো আরও বেশি সুন্দর লাগে"
𑄖𑄢𑄬 𑄘𑄨𑄊𑄨𑄣𑄬 𑄛𑄪𑄢𑄴𑄚𑄨𑄟 𑄎𑄪𑄚𑄚𑄴 𑄣𑄎𑄬 𑄟𑄪 𑄜𑄬𑄢𑄠𑄴।,.তাকে অমাবস্যার জ্যোৎস্না লাজে মুখ ফেরা
"𑄙𑄧𑄚𑄧𑄝𑄨 𑄟𑄝𑄪 𑄇𑄧𑄣𑄧:- 𑄝'𑄙𑄧𑄚𑄴, 𑄖𑄪𑄟𑄨 𑄇𑄧𑄘 𑄦𑄧'।","ধনবি মা বলে,তুমি কথা দাও"
𑄖𑄢 𑄖𑄨𑄚𑄴 𑄎𑄧𑄚𑄬 𑄣𑄢𑄬 𑄣𑄢𑄬 𑄉𑄧𑄛𑄴 𑄥𑄧𑄛𑄴 𑄘𑄬𑄘𑄧𑄚𑄴।,তারা তিনজন ধীরে ধীরে গল্প করতেছে
𑄃𑄬𑄭 𑄃𑄧𑄇𑄴𑄖𑄧𑄖𑄴 𑄏𑄢𑄴𑄝𑄮𑄃𑄪𑄚𑄴 𑄣𑄪𑄟𑄨 𑄎𑄨𑄖𑄴𑄖𑄮𑄢𑄟𑄧𑄢𑄬 𑄝𑄚𑄨 𑄚𑄨𑄣𑄇𑄴।,এই পৃথিবীতে জঙ্গলটা সবচেে বেশি নিে নিল
𑄙𑄧𑄚𑄧𑄝𑄨 𑄃 𑄖 𑄟𑄝𑄪 𑄌𑄪𑄣𑄴 𑄝𑄬𑄢𑄳𑄠𑄭 𑄣𑄟𑄴𑄝 𑄥𑄬𑄣𑄁 𑄉𑄧𑄢𑄨 𑄛𑄪𑄢𑄨 𑄖𑄳𑄠𑄪𑄃𑄧 𑄢𑄧𑄇𑄴𑄬 𑄉𑄧𑄢𑄨 𑄚𑄧'𑄛𑄢𑄧𑄚𑄴।,ধনবি আর তার মা চুল বোই করে লম্বা লম্বা করে কাটতে পারে না
𑄦𑄨 𑄃𑄧𑄝𑄧 𑄎𑄨𑄖𑄴𑄖𑄮𑄢𑄟𑄧 𑄎𑄨𑄋𑄴𑄦𑄚𑄨?,সে কেন এত ব হেছে?
𑄦𑄨 𑄃𑄧𑄝𑄧 𑄙𑄧𑄚𑄧𑄝𑄨 𑄎𑄨𑄁𑄦𑄚𑄨?,.সে নাকি ধনবি গিেছে?
𑄦𑄨 𑄃𑄧𑄝𑄧 𑄟𑄮𑄚𑄴 𑄖𑄧𑄣 𑄃𑄘𑄟𑄧𑄢𑄴?,.সে কেন পাহাের তলানিে যাচ্ছ?
𑄙𑄧𑄚𑄧𑄝𑄨 𑄃𑄨𑄇𑄳𑄠 𑄉𑄮𑄘 𑄛𑄨𑄖𑄴𑄗𑄨𑄟𑄨𑄠𑄚𑄴 𑄃𑄚𑄴𑄙𑄢𑄴 𑄘𑄬𑄊𑄬𑄢𑄴 ।,ধনবি একটা গোা পৃথিবীতে আলো দিচ্ছে
𑄘𑄨' 𑄌𑄮𑄉𑄧𑄖𑄴 𑄙𑄢 𑄙𑄢 𑄌𑄮𑄉𑄧 𑄛𑄚𑄨।,দুই চোখে দুই চোখের পানি
𑄖' 𑄌𑄨𑄘𑄮𑄖𑄴 𑄊 𑄃𑄠𑄳𑄠 𑄌𑄨𑄟𑄴𑄌𑄨𑄟𑄳𑄠 𑄘𑄪𑄣𑄪𑄊𑄧𑄖𑄴।,তার শরীরে ঘা আছে
𑄑𑄬𑄛𑄴 𑄑𑄬𑄛𑄴 𑄣𑄮 𑄏𑄧𑄢𑄬𑄢𑄴।,. ফোটা ফোটা লালা পরতেছে
𑄃𑄬𑄭 𑄖𑄮 𑄝𑄌𑄴𑄖𑄧𑄝𑄧𑄖!,এই তো বাঁচো!
𑄃𑄬𑄭 𑄖𑄮 𑄥𑄧𑄟𑄧𑄠𑄴!,এই তো সম
𑄃𑄬𑄢𑄴 𑄃𑄊𑄬 𑄡 𑄟𑄪𑄦𑄧𑄖𑄴 𑄃𑄎𑄨 𑄖𑄢𑄴 𑄃𑄨𑄇𑄳𑄠... .. ... ...!,তার আছে যা মুখে আছে তার জন্য
𑄇𑄣 𑄟𑄮𑄢𑄧𑄋𑄧𑄖𑄴 𑄦𑄨 𑄟𑄣 𑄞𑄎𑄨𑄝𑄪,কালো মলা সে মালা ভাজিবে
"𑄛𑄧𑄢𑄨𑄠𑄬 𑄣𑄧𑄉𑄧, 𑄃𑄪𑄉𑄪𑄢𑄬𑄘𑄨 𑄣𑄬𑄊𑄠𑄚𑄴 𑄟𑄧𑄢𑄴 𑄃𑄬𑄇𑄴𑄇𑄚𑄴 𑄃𑄬𑄇𑄴 𑄝𑄌𑄳𑄠 𑄇𑄧𑄙।","পে যাওার টুল,উপরের লেখাগুলো আমার একটা কথা"
"""𑄇𑄣 𑄟𑄮𑄢𑄧𑄋𑄧𑄖𑄴 𑄟𑄣 𑄞𑄎𑄬 𑄝 𑄇𑄣 𑄟𑄬𑄊𑄧 𑄍𑄬𑄢𑄬 𑄢𑄋 𑄝𑄬𑄣𑄴 𑄦𑄎𑄬।",.কালা মেেতে মালা বিক্রি করে বা কালো মেঘ ছেে লাল হে
"𑄃𑄨𑄠𑄚𑄴 𑄟𑄪𑄃𑄨 𑄃𑄨𑄢𑄪𑄇𑄴 𑄘𑄨𑄚𑄧𑄢𑄴 𑄛𑄧𑄢𑄨𑄌𑄴𑄗𑄨𑄖𑄨 𑄘𑄨𑄚𑄴 𑄟𑄙𑄚𑄴 𑄞𑄝𑄴 𑄖𑄪𑄣𑄨 𑄝𑄧'𑄚𑄨𑄏𑄬𑄖𑄴 𑄛𑄬𑄣𑄬 𑄇𑄧𑄙𑄪𑄁 𑄌𑄁 ""𑄇𑄣 𑄟𑄮𑄢𑄧𑄋𑄧𑄖𑄴 𑄦𑄨 𑄟𑄣 𑄞𑄎𑄨𑄝𑄪''?","এগুলো আমি প্রতিদিন মনে পে বসিে বসিে ভাবতেছি,কালকে আমার পাশে পেলে কোথা যাবো?"
"𑄃𑄬𑄌𑄳𑄠 𑄎𑄧𑄉𑄧𑄖𑄧𑄢𑄴 𑄥𑄪𑄘𑄧𑄟𑄬 𑄘𑄨𑄚𑄴 𑄃𑄬𑄎𑄬, 𑄥𑄎𑄧 𑄣𑄟𑄨 𑄢𑄬𑄖𑄴 𑄃𑄧𑄠𑄴।",".এই পৃথিবীতে অনেক সুন্দর দিন আসে, সেজেগুজে রাত হ"
𑄛𑄧𑄖𑄴𑄨𑄇𑄴 𑄝𑄬𑄚𑄴𑄚𑄳𑄠 𑄛𑄪𑄉𑄧 𑄟𑄮𑄚𑄧 𑄟𑄙𑄖𑄴 𑄢𑄋 𑄝𑄬𑄣𑄴 𑄦𑄎𑄬।,এক জাতী বানরের মাথা লাল বো পরে
"𑄛𑄬𑄭𑄉𑄬 𑄉𑄩𑄘𑄧 𑄉𑄚𑄴, 𑄗𑄪𑄛𑄴 𑄗𑄪𑄛𑄴 𑄜𑄪𑄣𑄴 𑄜𑄪𑄘𑄧𑄚𑄴 𑄉𑄎𑄬 𑄉𑄎𑄬।",".পঁচে পে গান,বুো বুো ফুল ফোটে"
"𑄛𑄮𑄖𑄳𑄠 𑄛𑄮𑄝𑄋𑄴 𑄓𑄉𑄨𑄣𑄬, 𑄝𑄬𑄚𑄴𑄚𑄳𑄠 𑄢𑄘 𑄓𑄇𑄧𑄖𑄴 𑄃𑄘𑄟𑄧𑄢𑄴 𑄚𑄳𑄠𑄪𑄃𑄧 𑄝𑄯 𑄊𑄪𑄟𑄴 𑄞𑄋𑄨 𑄎𑄪𑄟𑄧 𑄢𑄕𑄳𑄠 𑄢𑄩𑄛𑄴 𑄢𑄩𑄛𑄴 𑄛𑄧𑄘𑄬 𑄇𑄪𑄟𑄴𑄮 𑄦𑄧𑄢𑄧𑄖𑄴 𑄉𑄧𑄢𑄨 𑄈𑄪𑄎𑄨 𑄟𑄧𑄚𑄬 𑄉𑄋𑄴𑄦𑄧𑄖𑄴 𑄡𑄚𑄴।",".পোাপোা ডাকলে,গ্রামের সবাই ঘুম ভেঙে জুমের পাে হেঁটে যা"
𑄟𑄖𑄴𑄧𑄢𑄴 𑄃𑄇𑄴𑄇𑄧𑄢𑄨 𑄥𑄚𑄴 𑄛𑄬𑄭𑄈𑄬 𑄦𑄨 𑄉𑄩𑄘𑄧 𑄉𑄚𑄴?,.মাতলামি করে কেন গান করেন?
𑄉𑄎𑄬 𑄉𑄎𑄬 𑄗𑄪𑄛𑄴 𑄗𑄪𑄛𑄴 𑄦𑄨 𑄜𑄪𑄣𑄴 𑄜𑄪𑄘𑄧𑄚𑄴?,.গাে গাে কি ফুল ফোটে?
𑄚 𑄦𑄨 𑄚𑄳𑄠𑄪𑄃𑄧 𑄝𑄪𑄎𑄨 𑄈𑄪𑄎𑄨 𑄟𑄧𑄚𑄬 𑄉𑄋𑄴𑄦𑄧𑄖𑄴 𑄡𑄠𑄴?,.স্বামী-স্ত্রী মিলে গাঙে যাওা
"𑄚𑄬𑄭 𑄃𑄨𑄇𑄳𑄠 𑄥𑄬 𑄉𑄩𑄘𑄧,𑄥𑄬 𑄉𑄨𑄘𑄧 𑄥𑄪𑄢𑄴।",".এত ব দুঃখ,এত দুঃখ"
𑄗𑄪𑄛𑄴 𑄗𑄪𑄛𑄴 𑄜𑄪𑄣𑄴 𑄚𑄧'𑄜𑄪𑄘𑄧𑄚𑄴 ।,থোকা থোকা ফুল উঠতেছে না
"𑄚𑄳𑄠𑄪𑄃𑄧 𑄝𑄪𑄎𑄨 𑄌𑄨𑄘𑄬 𑄗𑄠𑄴, 𑄃𑄬𑄉𑄧 𑄝𑄪𑄉𑄧 𑄌𑄨𑄘𑄬𑄣𑄮 𑄉𑄋𑄧𑄖𑄴 𑄡𑄚𑄴।",".নাকটা বুজিে থাকে,এক বুো গাঙে যাওা"
𑄉𑄋𑄧𑄖𑄴𑄪𑄚𑄴 𑄜𑄨𑄢𑄨𑄣𑄬 𑄖'𑄛𑄧𑄢𑄚𑄳𑄠 𑄥𑄋𑄪 𑄘𑄪𑄃𑄧𑄢𑄧 𑄛𑄨𑄎𑄪𑄟𑄧 𑄝𑄌𑄴𑄥𑄪 𑄃𑄨𑄚𑄴𑄘𑄨 𑄛𑄚𑄨 𑄦𑄪𑄟𑄴𑄧 𑄙𑄪𑄢𑄨𑄘𑄨 𑄛𑄬𑄝𑄧 𑄚𑄨 𑄚𑄧 𑄛𑄬𑄝𑄧 𑄚 𑄦𑄨 𑄥𑄢 𑄎𑄧𑄚𑄧𑄟𑄧𑄖𑄳𑄠 𑄦𑄎𑄨 𑄎𑄬𑄝𑄧।,গাঙ থেকে ফিরলে তার পাের বামে পানি পে যাবে না
𑄃𑄬𑄘𑄧𑄇𑄳𑄠 𑄌𑄨𑄘𑄬𑄣𑄰 𑄎𑄨𑄁𑄦𑄚𑄨 𑄉𑄧𑄋𑄬 𑄘𑄬𑄘𑄚𑄴 𑄃𑄟 𑄟 𑄝𑄮𑄚𑄪𑄚𑄴।,এত চিটিংবাজ করে আমাদের মা বোন
𑄝𑄪𑄇𑄴 𑄘𑄨𑄝𑄬𑄘𑄨𑄛𑄳𑄠 𑄉𑄧𑄢𑄨 𑄎𑄩𑄋𑄴𑄦𑄚𑄨 𑄛𑄢𑄴 𑄉𑄧𑄖𑄴𑄧𑄚𑄴।,বুক দিে জীবন চলতেছে
𑄃𑄎𑄧𑄣𑄬 𑄃𑄨𑄠𑄚𑄨 𑄌𑄮𑄉𑄧 𑄞𑄌𑄴𑄌𑄳𑄠 𑄇𑄧𑄙 𑄚𑄧𑄠𑄴।,আজকে এগুলো চোখের কথা না
𑄛𑄧𑄖𑄴𑄧𑄟𑄧 𑄊𑄧𑄑𑄧𑄚 𑄉𑄧𑄘𑄨 𑄡𑄢𑄴 𑄦𑄨𑄣𑄴𑄌𑄘𑄬𑄉𑄋𑄴𑄦𑄧𑄖𑄴।,.পথের পাশে একটা ঘটনা ঘটে গেছে।
𑄃𑄬𑄥𑄕𑄳𑄠 𑄃𑄬𑄇𑄴𑄇𑄚𑄴 𑄊𑄧𑄑𑄧𑄚 𑄸𑄶𑄶𑄽 𑄥𑄣𑄧𑄖𑄴 𑄘𑄨𑄊𑄨𑄚𑄣 𑄎𑄮𑄢 𑄝𑄳𑄢𑄨𑄎𑄧 𑄌𑄉𑄣𑄧𑄖𑄴 𑄎𑄚𑄪𑄠𑄢𑄨 𑄛𑄧𑄣𑄴𑄣𑄬 𑄥𑄛𑄴𑄖𑄖𑄴 𑄉𑄧𑄘𑄨 𑄡𑄨𑄠𑄳𑄠 ।,আসা যাওা একটা ঘটনা ২০০৭ সালে ব্রীজের ঢালে গিে বসলে সাথে সাথে মাথা ঘুরে যা
𑄃𑄬 𑄊𑄧𑄑𑄧𑄚 𑄦𑄧𑄠𑄧𑄖𑄴 𑄥𑄪𑄚𑄴𑄚𑄧।,এই অবস্থাটা হেছে ভালো
"𑄦𑄟𑄇𑄴𑄇𑄭 𑄎𑄨𑄁𑄦𑄚𑄨 𑄉𑄧𑄋𑄢𑄬 𑄘𑄨𑄇𑄴𑄇𑄪𑄚𑄴 𑄃𑄟 𑄥𑄧𑄝𑄧𑄚𑄚𑄨 𑄟𑄪𑄦𑄪𑄖𑄴𑄖𑄳𑄠𑄭 𑄜𑄢𑄧𑄇𑄴 𑄃𑄭 𑄞𑄋𑄨 𑄡𑄠𑄴, 𑄝𑄪𑄇𑄴 𑄞𑄧𑄢 𑄃𑄎 𑄙𑄧𑄋𑄴𑄥𑄧 𑄃𑄧𑄭 𑄡𑄠𑄴 𑄘𑄨𑄚𑄴 𑄉𑄧𑄟𑄨 𑄚𑄧'𑄡𑄘𑄬।","আমাদের স্বপ্নগুলো পাশ কেটে চলে যা, বুক ভরা সুখ হে যা না"
𑄗𑄨𑄇𑄴 𑄥𑄨𑄇𑄴𑄇𑄳𑄠 𑄉𑄧𑄢𑄨 𑄞𑄋𑄨 𑄉𑄬𑄣𑄧 𑄌𑄧𑄢𑄧𑄚𑄴 𑄚𑄋𑄬 𑄃𑄬𑄇𑄴𑄇𑄪 𑄛𑄪𑄃𑄧𑄢𑄴 𑄥𑄧𑄝𑄧𑄚𑄴।,.ঠিক সম করে একটি শিশু চরতেছে।
"𑄡𑄬 𑄃𑄧𑄇𑄴𑄖𑄧𑄖𑄴 𑄖𑄢𑄴 𑄎𑄮𑄢 𑄥𑄪𑄉𑄧𑄣𑄧𑄁 𑄥𑄬𑄌𑄴, 𑄡𑄬 𑄃𑄧𑄇𑄴𑄖𑄧𑄖𑄴 𑄊𑄪𑄟𑄧𑄖𑄴 𑄛𑄪𑄢𑄨𑄝𑄢𑄴, 𑄥𑄬 𑄃𑄇𑄴𑄖𑄧𑄖𑄴 𑄇𑄧𑄠𑄬𑄇𑄴𑄎𑄧𑄚𑄴 𑄟𑄚𑄴𑄌𑄳𑄠 𑄇𑄧𑄙 𑄃𑄉𑄬 𑄉𑄧𑄢𑄨 𑄘𑄉𑄨 𑄚𑄬𑄠𑄳𑄠𑄭 𑄎𑄧𑄚𑄧𑄟𑄧𑄖𑄳𑄠𑄭 𑄛𑄨𑄖𑄴𑄗𑄨𑄟𑄩 𑄝𑄪𑄉𑄧𑄖𑄴𑄪𑄚𑄴 𑄝𑄨𑄘𑄬𑄠𑄴 𑄘𑄳𑄠𑄪𑄚𑄴।",".যেখানে তার জাগা আছে,যেখানে ঘুমা,সেইখানে কজন লোক আগে থেকে কথা বলে দিছে"
𑄝𑄬𑄌𑄢𑄭 𑄃𑄧𑄚𑄳𑄠𑄧 𑄷𑄶/𑄻 𑄎𑄧𑄚𑄧𑄢𑄴 𑄥𑄚𑄴 𑄥𑄪𑄇𑄴 𑄘𑄪𑄉𑄧𑄢𑄴 𑄇𑄠𑄴 𑄇𑄪𑄠𑄴 𑄗𑄬𑄭 𑄘𑄨'𑄘𑄨𑄚𑄧𑄢𑄴 𑄎𑄨𑄋𑄴𑄦𑄚𑄨 𑄉𑄧𑄋𑄬 𑄘𑄨𑄝𑄖𑄳𑄠 𑄡𑄬 𑄥𑄧𑄝𑄧𑄚𑄴 𑄃𑄎 𑄝𑄬𑄇𑄴 𑄞𑄋𑄨 𑄉𑄬𑄣𑄧।,.ছেলেরা ২.৫ জনের সমান ভাগ করে দিে সারাদিন যে স্বপ্ন দেখেছি তা সব ভেঙে গেল
𑄃𑄨𑄇𑄳𑄠 𑄦𑄨 𑄃𑄧𑄝𑄧 𑄖𑄢𑄴?,.এইটা কি তার?
𑄥𑄬 𑄝𑄮𑄚𑄴𑄚𑄪।,সে বুা
𑄊𑄧𑄢𑄧𑄖𑄴 𑄜𑄨𑄢𑄨 𑄡𑄚 𑄝𑄘𑄬 𑄦𑄨 𑄃𑄉𑄬।,বািতে ফিরে যাওা বাকি আছে
"𑄖 𑄟𑄳𑄦 - 𑄝𑄛𑄴𑄛𑄪𑄚𑄴 𑄡𑄪𑄚𑄨 𑄛𑄪𑄎𑄮𑄢𑄴 𑄉𑄧𑄢𑄧𑄚𑄴 ""𑄎𑄧𑄟𑄬𑄭 𑄘𑄉𑄨 𑄦𑄪𑄘𑄪''?",তার বাবা-মা একসাথে পূজা করে কেন?
𑄎𑄮𑄛𑄴 𑄘𑄨 𑄚𑄧𑄛𑄢𑄬।,জো দিে না
𑄘𑄨'𑄌𑄮𑄉𑄧 𑄝𑄬𑄭 𑄌𑄬𑄢𑄋𑄴 𑄌𑄬𑄢𑄋𑄴 𑄛𑄚𑄨।,দুই চাকার মধ্যে চাচা পানি
"𑄦𑄧𑄝𑄢𑄴 𑄚𑄧 𑄛𑄋𑄧𑄢𑄴 𑄥𑄬 𑄝𑄮𑄚𑄴𑄚𑄪 𑄦𑄪𑄘𑄪 𑄃𑄉𑄬 𑄃𑄨𑄇𑄳𑄠, 𑄦𑄬𑄚𑄴𑄎𑄚𑄴 𑄃𑄊𑄬।",".হওা যা না,হেঁচা আছে"
𑄦𑄟𑄇𑄴𑄇𑄭 𑄃𑄬𑄇𑄴 𑄝𑄪𑄇𑄴 𑄃𑄝𑄨𑄣𑄳𑄠𑄎𑄧 𑄝𑄪𑄉𑄧𑄢𑄴𑄉𑄮𑄢𑄬𑄋𑄧𑄖𑄴 𑄝𑄚𑄨 𑄎𑄨𑄁𑄦𑄚𑄨 𑄉𑄧𑄋𑄬 𑄘𑄬𑄢𑄴।,হামাগুি দিে লাফিে যা
"𑄦𑄳𑄠𑄀 𑄝𑄮𑄚𑄴, 𑄖𑄪𑄭 𑄚𑄧'𑄇𑄚𑄨𑄌𑄴 𑄃𑄝𑄨𑄣𑄳𑄠𑄎𑄧 𑄚𑄧'𑄦𑄬𑄌𑄴।","হা বোন,তুমি চোখের পলক ফেলিও না"
"𑄦𑄘𑄧 𑄇𑄣𑄨 𑄛𑄪𑄎𑄨𑄣𑄬 𑄡𑄠𑄴, 𑄇𑄧𑄛𑄣𑄧 𑄇𑄣𑄨 𑄞𑄪𑄎 𑄛𑄧𑄢𑄬।","পাহাের কালি পূজা করলে যা, কপাল কালিমা পরতে হ"
𑄟𑄧𑄚𑄬 𑄉𑄧𑄢𑄴 𑄃𑄨𑄠𑄚𑄴 𑄖𑄧𑄢𑄴 𑄃𑄉𑄧 𑄎𑄧𑄚𑄧𑄟𑄧𑄢𑄴 𑄇𑄧𑄢𑄴𑄟𑄧 𑄜𑄧𑄣𑄴।,মনে করো এটা তোমার আগের জনের কর্মের ফল
𑄃𑄬𑄭 𑄛𑄨𑄖𑄴𑄗𑄩𑄟𑄨𑄖𑄴 𑄝𑄚 𑄖𑄧𑄢𑄴 𑄉𑄧𑄘𑄨 𑄚𑄧𑄠𑄴।,এই পৃথিবীতে শুধু তোমার গা
𑄖𑄧 𑄥𑄚𑄴 𑄃𑄎𑄢𑄴 𑄃𑄎𑄢𑄴 𑄟 𑄝𑄮𑄚𑄴 𑄃𑄧𑄉𑄪𑄢𑄴 𑄥𑄉𑄧𑄢𑄧𑄖𑄴 𑄛𑄪𑄢𑄨 𑄃𑄤𑄧𑄌𑄳𑄠 𑄢𑄬𑄖𑄴 𑄉𑄧𑄋𑄬 𑄘𑄬𑄘𑄧𑄚𑄴।,তোমার বোন আাআি করে রাত করতেছে
𑄖𑄢𑄢𑄴 𑄦𑄨𑄖𑄴𑄖𑄳𑄠 𑄌𑄬𑄭 𑄟𑄮𑄚𑄴𑄛 𑄘𑄪𑄉𑄧𑄉𑄚𑄨 𑄍𑄬𑄭 𑄉𑄧𑄢𑄴।,তাদের কলিজাটা দেখে পাহাের ময়লাগুলো ছেে যা
"𑄡𑄢 𑄖𑄮𑄟 𑄥𑄧𑄞𑄧𑄚𑄚𑄨 𑄛𑄧𑄖𑄴𑄧𑄟𑄬 𑄦𑄧𑄝𑄖𑄳𑄠 𑄚𑄧'𑄘𑄳𑄠𑄪𑄚𑄴, 𑄖𑄪𑄭 𑄖𑄢𑄖𑄴𑄬 𑄟𑄰𑄖𑄴𑄖𑄳𑄢𑄨 𑄞𑄝𑄧𑄚 𑄉𑄧𑄢𑄴 - 𑄉𑄬𑄭𑄣𑄴 𑄚𑄧' 𑄘𑄨𑄌𑄴।",". যারা তোমার আপনজন হবে না,তোমরা তাদের জন্য চিন্তা করো - চলে যাও না"
𑄃𑄨𑄠𑄚𑄴 𑄟𑄧𑄢𑄴 𑄇𑄮𑄎𑄪𑄣𑄨 𑄖𑄮𑄟 𑄥𑄨𑄘𑄪।,এগুলো আমার কোমাগুলো সেগুলো
"𑄟𑄧𑄢𑄴 𑄃𑄬𑄭 𑄣𑄬𑄊𑄚𑄴 𑄃𑄟 𑄎𑄘𑄧𑄢𑄴 𑄛𑄎 𑄛𑄰𑄱𑄘𑄳𑄠𑄚𑄬, 𑄖𑄧𑄝𑄬 𑄖'𑄃𑄉𑄬 𑄥𑄬𑄎𑄧 𑄇𑄪𑄌𑄴𑄎𑄳𑄠 𑄃𑄉𑄬 𑄞𑄋𑄚 𑄘𑄮𑄣𑄴।","আমার এই লেখা আমাদের জাগা পেছে, কিন্তু তার আগের ঝগাটা অনেক সুন্দর"
𑄦𑄨𑄖𑄴𑄖𑄳𑄠𑄭 𑄟𑄪𑄃𑄨 𑄦𑄧𑄚𑄧 𑄇𑄧𑄝𑄨 𑄚𑄧𑄠𑄴-𑄚𑄧𑄠𑄴 𑄇𑄖𑄳𑄠(𑄣𑄬𑄈𑄧𑄇𑄴)।,মনে হ আমি কবি না-নই কবি
𑄥𑄨𑄖𑄳𑄠𑄭 𑄛𑄧𑄢𑄮𑄠 𑄣𑄧𑄇𑄧𑄢𑄴 𑄃𑄨𑄘𑄪 𑄦𑄬𑄟 𑄌𑄁 𑄡𑄪𑄚𑄨 𑄝𑄬𑄌𑄴 𑄦𑄧𑄟𑄴 𑄃𑄧𑄠𑄴 𑄟𑄧'𑄣𑄬𑄊𑄖𑄴।,.সে পার মতো কালো চামা বেশি হবে আমার
𑄇𑄧𑄙 𑄃𑄊𑄬 𑄟𑄪𑄎𑄪𑄋𑄬 𑄃𑄇𑄴𑄇𑄰𑄱 𑄡𑄚 𑄎𑄨𑄝𑄧𑄚𑄧𑄢𑄴 𑄛𑄎।,কথা আছে সামনে সামনে যাওা জীবনটা
𑄃𑄇𑄴𑄇𑄰𑄱 𑄡𑄚 𑄃𑄨𑄠𑄧𑄖𑄴 𑄃𑄊𑄬 𑄎𑄨𑄝𑄧𑄚𑄧𑄢𑄴 𑄥𑄪𑄇𑄴 - 𑄦𑄎𑄨।,.একজনে যাওা এখানে জীবনে সুখ- হাসি
𑄟𑄪𑄣𑄪𑄇𑄴 𑄇𑄧𑄙 𑄃𑄧𑄣𑄧𑄘𑄳𑄠 𑄎𑄨𑄋𑄴𑄦𑄚𑄨 𑄖𑄧𑄎𑄨𑄟𑄴𑄛𑄪𑄢𑄴।,পাহাের কথা সবসম বলে
𑄛𑄨𑄌𑄴𑄎𑄬 𑄛𑄪𑄢𑄨 𑄝 𑄣𑄬𑄟𑄴 𑄛𑄪𑄢𑄨 𑄗𑄚 𑄎𑄨𑄝𑄧𑄚𑄴 𑄚𑄧𑄠𑄴।,.পঁচে পা বা লেপ পে থাকা জীবন না
"𑄎𑄨𑄝𑄧𑄚𑄧𑄢𑄴 𑄛𑄎𑄠𑄳𑄠 𑄚𑄧𑄠𑄴,𑄣𑄧𑄇𑄴𑄈𑄳𑄠 𑄚𑄧𑄠𑄴।","জীবনে পাা না,লম্বা না"
𑄝𑄧𑄢𑄧𑄁 𑄝𑄧𑄌𑄴 𑄡𑄚 𑄘𑄮𑄣𑄴।,বেশি ব হওা ভালো
"𑄟𑄚𑄪𑄌𑄴 𑄥𑄨𑄢𑄨𑄖𑄨 𑄥𑄬𑄢 𑄎𑄩𑄝𑄴 𑄦𑄨𑄎𑄬𑄝𑄬 𑄥𑄧𑄟𑄌𑄴, 𑄘𑄬𑄌𑄴 𑄞𑄣𑄬𑄘𑄨𑄖𑄳𑄠𑄭 𑄡 𑄥𑄬𑄘𑄟𑄬 𑄇𑄪𑄣𑄭 𑄘𑄬𑄊𑄚, 𑄘𑄬𑄊𑄬𑄭 𑄡𑄚𑄖𑄴 𑄃𑄉𑄬 𑄎𑄨𑄝𑄧𑄚𑄧𑄢𑄴 𑄥𑄪𑄚𑄴𑄎𑄪𑄇𑄴।","মানুষরা সিিে দিে যা,দো ভালো করে দেখা, দেখে চলে যাওা জীবনে অনেক সুখ"
𑄖𑄬 𑄝𑄛𑄴-𑄞𑄬𑄭 𑄣𑄧𑄇𑄴!,সে বাপ-বেই লক
"𑄖𑄪𑄟𑄨 𑄌𑄧 𑄃𑄟𑄧𑄣𑄴 𑄉𑄪𑄢𑄨, 𑄟𑄪𑄢𑄧𑄖𑄴 𑄛𑄪𑄢𑄨 𑄝𑄪𑄉𑄧𑄖𑄴 𑄦𑄘𑄧 𑄘𑄨𑄚𑄳𑄠𑄭 𑄃𑄬𑄇𑄴𑄝𑄢𑄴 𑄦𑄨 𑄞𑄝𑄨𑄝?","তোমরা চূা পাপি,মোরত পাপি পাে একনাগাে হাঁটবে নাকি?"
𑄦𑄟𑄇𑄴𑄇𑄭 𑄞𑄝𑄧𑄚 𑄃𑄪𑄌𑄨𑄖𑄴।,সহজে চিন্তা করা
"𑄚𑄧 𑄃𑄧𑄣𑄬 𑄎𑄬𑄘 𑄝𑄘𑄬 𑄥𑄧𑄢𑄴𑄉𑄧,𑄚𑄨𑄢𑄴𑄝𑄕𑄧 𑄣𑄝𑄴 𑄉𑄢𑄨𑄝𑄧𑄋𑄴।","না থাকলে চলে যাওা ভালো,নিচে লাফ দিবো"
𑄡𑄢 𑄃𑄬𑄌𑄳𑄠 𑄘𑄬𑄌𑄴 - 𑄎𑄖𑄴 𑄃𑄬𑄢𑄚𑄴 𑄉𑄧𑄢𑄨𑄝𑄖𑄳𑄠 𑄣𑄢𑄬𑄭 𑄉𑄧𑄖𑄴𑄧𑄚𑄴 𑄖𑄢 𑄦𑄨 𑄥𑄧𑄖𑄴𑄖𑄨 𑄥𑄧𑄖𑄴𑄖𑄨 𑄘𑄬𑄌𑄴 𑄎𑄖𑄴 𑄦𑄮𑄌𑄴𑄛𑄬𑄚𑄳𑄠𑄠𑄴 𑄉𑄧𑄖𑄴𑄖𑄧𑄚𑄴?,. যারা আসা যাওা করতেছে তারা হিসু করতেছে।
𑄘𑄬𑄊𑄧𑄢𑄴 𑄎𑄖𑄴𑄪 𑄃𑄧𑄖𑄴𑄧𑄟𑄚𑄴 𑄣𑄬𑄁 𑄃𑄧𑄣𑄧।,ঘর থেকে বের হে যাওার সম অনেক ব জিনিস বের হ
"𑄞𑄬𑄭𑄠𑄬-𑄞𑄬𑄭𑄠𑄬, 𑄟𑄢𑄟𑄢𑄨 𑄘𑄮𑄣 - 𑄘𑄪𑄣𑄨, 𑄢𑄪𑄉𑄧-𑄢𑄪𑄉𑄳𑄠𑄖𑄴𑄪𑄚𑄴 𑄡𑄬 𑄟𑄚𑄬𑄝𑄪 𑄚𑄧' 𑄘𑄨𑄇𑄴𑄇𑄳𑄠 𑄎𑄨𑄚𑄨𑄥𑄚𑄴 𑄘𑄬𑄊𑄬𑄠𑄬,𑄚𑄧'𑄥𑄪𑄚𑄴𑄚𑄳𑄠 𑄇𑄧𑄙𑄠𑄚𑄴 𑄥𑄪𑄚𑄬𑄠𑄬, 𑄛𑄮-𑄍 𑄥𑄚𑄳𑄠 𑄛𑄣𑄬 𑄃𑄚𑄳𑄠, 𑄡𑄬 𑄟𑄚𑄬𑄝𑄪 𑄌𑄋𑄴𑄟 𑄎𑄘𑄧𑄢𑄴 𑄟𑄢𑄧𑄚𑄴 𑄇𑄝𑄪𑄇𑄴 𑄦𑄛𑄴𑄖𑄳𑄠 𑄉𑄧𑄘 𑄛𑄰𑄘𑄳𑄠𑄚𑄬 𑄛𑄳𑄢𑄧𑄖𑄨𑄝𑄘𑄧 𑄉𑄧𑄌𑄴𑄍𑄬,","বোই-বোইনটা যে মানুষরা দেখে না,পাহাের পাহািটা দেখে আসি,যে মানুষটা পাহাের পাে পাহািে আসে,যে মানুষটা পাহাের পাে পাহািে আসে"
𑄖𑄨𑄚𑄴 𑄝𑄧𑄎𑄧𑄢𑄴 𑄎𑄬𑄣𑄴 𑄦𑄖𑄳𑄠।,তিন বছর গেলো হাত
"𑄝𑄬𑄉𑄧𑄖𑄴𑄪𑄚𑄴 𑄝𑄬𑄌𑄴 𑄟𑄪𑄣𑄪𑄇𑄴 𑄇𑄧𑄙 𑄃𑄧𑄣𑄧𑄘𑄳𑄠 𑄎𑄘𑄧𑄢𑄴 𑄃𑄬𑄢𑄚𑄧𑄖𑄳𑄠𑄭 𑄥𑄪𑄘𑄴𑄧 𑄙𑄧𑄚𑄴 𑄢𑄎 𑄛𑄪𑄃𑄧 𑄞𑄧𑄉𑄧𑄝𑄚𑄴 𑄝𑄪𑄘𑄴𑄧 𑄥𑄚𑄴 𑄎𑄨𑄋𑄴𑄦𑄚𑄨 𑄝𑄬𑄉𑄧 𑄥𑄪𑄉𑄧 𑄃𑄨𑄢𑄨 𑄃𑄖𑄳𑄠𑄢𑄴 𑄉𑄧𑄎𑄨𑄣𑄰 𑄏𑄢𑄧𑄖𑄴 𑄌𑄧𑄟𑄴𑄟𑄬, 𑄥𑄬 𑄎𑄘𑄧𑄢𑄴 𑄛𑄖𑄴𑄧𑄣𑄨𑄝𑄪𑄢𑄬 𑄃𑄢𑄬𑄣𑄧𑄁 𑄃𑄧𑄚𑄧 𑄇𑄨𑄌𑄴𑄍𑄪 𑄚𑄧'𑄞𑄝𑄨,𑄉𑄧𑄟𑄴 𑄝𑄕𑄳𑄠 𑄌𑄨𑄚𑄴𑄖𑄳𑄠 𑄚𑄧'𑄉𑄧𑄢𑄨 𑄎𑄖𑄴𑄪𑄢𑄬 𑄝𑄪𑄉𑄧 𑄌𑄬𑄭 𑄣𑄖𑄴𑄬𑄣𑄇𑄴।","বেগ থেকে বেশি ব ব কথা বলে জঙ্গল থেকে বের হে আসবে, সেই পাহাের পাশ দিে হেঁটে যাওার সম সে পাহাের পাশ দিে যাচ্ছে"
"𑄟-𑄝𑄮𑄚𑄴, 𑄝𑄛𑄴-𑄝𑄬𑄭 𑄇𑄚𑄬 𑄣𑄇𑄴-𑄘𑄪𑄉𑄧𑄖𑄴 𑄜𑄬𑄣𑄬 𑄣𑄇𑄴।","মা-বাবা,বাবা-ভাই কানে না শুনে লাফাচ্ছে"
𑄃𑄨𑄠𑄚𑄴 𑄦𑄨 𑄃𑄟 𑄎𑄘𑄧𑄢𑄴 𑄛𑄎?,.এটা কি আমাদের জাগা?
𑄚 𑄎𑄖𑄴𑄮𑄬𑄮 𑄟𑄪𑄎𑄪𑄋𑄬 𑄃𑄇𑄴𑄮𑄃𑄨 𑄚𑄬𑄡𑄬𑄚𑄭?,না জাতেরও পাহাে আাআি নিেছে
𑄥𑄧𑄢𑄴𑄝𑄧𑄚𑄌𑄴!,এক জাতী মাছ
𑄃𑄬 𑄥𑄚𑄳𑄠 𑄉𑄧𑄢𑄨 𑄞𑄬𑄭𑄠𑄬 𑄝𑄬𑄭𑄠𑄬 𑄟𑄢𑄚 𑄇𑄧𑄚𑄴𑄚 𑄥𑄨𑄇𑄴𑄈𑄳𑄠 𑄘𑄨𑄠𑄳𑄠?,.এত করে বোই মারা কে ছিঁে দো
𑄟𑄪𑄃𑄨 𑄞𑄝𑄴 𑄝𑄘𑄨 𑄚𑄧𑄠𑄴 𑄟𑄧𑄃 𑄟𑄚𑄪𑄌𑄴𑄤𑄧 𑄚𑄧𑄠𑄴।,আমি চিন্তা করি না আমার মানুষও না
𑄖𑄳𑄠𑄪𑄃𑄧 𑄟𑄧𑄢𑄴 𑄛𑄧𑄢𑄚𑄚𑄴 𑄇𑄚𑄨 𑄇𑄚𑄨 𑄛𑄪𑄎𑄮𑄢𑄴 𑄉𑄧𑄢𑄬 𑄟𑄚𑄪𑄌𑄴 𑄃𑄬𑄘𑄧𑄇𑄴 𑄌𑄨𑄖𑄴 𑄚𑄬𑄭 - 𑄟𑄳𑄠𑄠𑄬 𑄚𑄬𑄭 𑄃𑄧𑄣𑄇𑄴 𑄦𑄨𑄋𑄴𑄢𑄨 ?,.তুমি কেন আমার প্রাণটা কান্না করতেছে?আমার প্রাণটা কান্না করতেছে কেন?
"""𑄇𑄧𑄝 𑄃𑄬𑄢 𑄇𑄧𑄝𑄠𑄳𑄠 𑄚𑄧'𑄈𑄚𑄴"" 𑄎𑄖𑄴 𑄞𑄬𑄭 𑄃𑄰 𑄚𑄭 𑄞𑄬𑄭 𑄟𑄢𑄚 𑄞𑄨𑄎𑄧𑄠𑄴 𑄥𑄧𑄁𑄈𑄧 𑄝𑄎𑄬𑄢𑄴।",".কবা এরা কবা না, জাত ভাই এই না জেনেই মারা গেছে।"
"𑄞𑄢𑄨 𑄛𑄨𑄢𑄬 𑄇𑄧𑄙, 𑄞𑄢𑄨 𑄖𑄧𑄍𑄳𑄠 𑄇𑄧𑄙 𑄡𑄢 𑄘𑄬𑄌𑄴 𑄃𑄫𑄘𑄧𑄢𑄧𑄖𑄳𑄠, 𑄎𑄖𑄴 𑄃𑄬𑄢𑄚𑄧𑄖𑄳𑄠, 𑄘𑄬𑄌𑄴 𑄃 𑄎𑄖𑄴 𑄟𑄧𑄁𑄣𑄧𑄖𑄳𑄠 𑄃𑄖𑄳𑄠𑄢𑄴 𑄘𑄧𑄌𑄴𑄎𑄮𑄚𑄴, 𑄖𑄢 𑄡𑄪𑄚𑄨 𑄌𑄧𑄢𑄨𑄖𑄳𑄢𑄧 𑄦𑄨𑄚𑄴 𑄦𑄧𑄚𑄴, 𑄔𑄬𑄁 𑄝𑄎𑄨 𑄉𑄧𑄢𑄧𑄚𑄴, 𑄊𑄪𑄌𑄴 𑄈𑄚𑄴, 𑄘𑄪𑄢𑄴𑄝𑄧𑄣𑄴, 𑄚𑄨𑄢𑄛𑄧𑄢𑄙𑄧 𑄟𑄚𑄬𑄭 𑄃𑄪𑄚𑄧𑄢𑄬 𑄛𑄬𑄢𑄎𑄚𑄴 𑄘𑄳𑄠𑄪𑄚𑄴, 𑄦𑄧𑄟𑄧𑄖 𑄃𑄧𑄛𑄧𑄝𑄳𑄠𑄧𑄝𑄧𑄦𑄢𑄴 𑄉𑄧𑄢𑄧𑄚𑄴।","ভারী অসুখ কথা, জাতি এক জাতী মানুষ,ঘুষি খা,অতিরিক্ত হলে তাকে ঘুষ খা,অতিরিক্ত হলে তাকে পিে দে,অতিরিক্ত হলে তাকে পতে হ,অতিরিক্ত হলে তাকে পিে দে,অতিরিক্ত হলে তাকে কষ্ট দে"
𑄃𑄬𑄌𑄳𑄠 𑄛𑄑𑄨𑄇𑄢𑄴𑄟𑄨 𑄛𑄮𑄱𑄱𑄭𑄘𑄳𑄠𑄚𑄬 𑄉𑄧𑄘𑄬𑄣𑄴 𑄉𑄧𑄘𑄬𑄣𑄴 𑄝𑄧𑄘𑄧𑄚𑄟𑄴 𑄥𑄪𑄚 𑄡𑄠𑄴।,এক পাটিকাা পাখি দিে বদনাম শোনা যা
"𑄡𑄢 𑄘𑄬𑄌𑄴 𑄎𑄖𑄴 𑄞𑄣𑄬𑄘𑄨 𑄛𑄧𑄝𑄨𑄖𑄳𑄢𑄧 𑄚𑄋𑄬 𑄚𑄨𑄎𑄧 𑄇𑄟𑄧𑄖𑄴 𑄦𑄬𑄣𑄛𑄬𑄣 𑄉𑄧𑄢𑄧𑄚𑄴, 𑄖𑄢𑄢𑄴 𑄇𑄧𑄒𑄮𑄢𑄴 𑄥𑄌𑄴𑄖𑄨 𑄦𑄧𑄚 𑄃𑄪𑄌𑄨𑄖𑄴।",". যারা দেশ ভালো করে নিজেদের কাজে অবহেলা করে, তাদের শক্ত হওা উচিত"
𑄟𑄖𑄴𑄧𑄢𑄴 𑄖𑄢𑄢𑄴 𑄃𑄬 𑄟𑄧𑄃𑄛𑄛𑄧𑄢𑄴 𑄛𑄳𑄢𑄠𑄴𑄥𑄨𑄌𑄴𑄖𑄴𑄧 𑄚𑄬𑄭।,মনে হ তারা এই মলা পছন্দ করে না
"𑄡𑄢 𑄃𑄧𑄝𑄇𑄴 𑄞𑄢𑄨 𑄉𑄧𑄟𑄴,𑄖𑄢 𑄎𑄪𑄚𑄨 𑄝𑄬𑄌𑄴 𑄦𑄢𑄛𑄴 𑄦𑄧𑄚𑄴 𑄥𑄣𑄬𑄚𑄴, 𑄥𑄨𑄠𑄚𑄧𑄢𑄴 𑄟𑄨𑄟𑄁𑄥 𑄦𑄨 ?","যারা অবাক হ তারা বেশি হারিে যা, সেটার মীমাংসা কি?"
"𑄡𑄬 𑄥𑄧𑄥𑄳𑄠𑄝𑄪 𑄣𑄰𑄮 𑄞 𑄖𑄴 𑄓𑄛𑄚𑄴, 𑄥𑄬 𑄥𑄧𑄥𑄳𑄠 𑄝𑄪𑄢𑄬 𑄡𑄪𑄚𑄨 𑄞𑄫𑄖𑄬 𑄛𑄠𑄴 ?","যে সাপটা নিে ভাই-বোনের সাথে ভূতে পাওা যা,"
"𑄃𑄬𑄌𑄳𑄠 𑄎𑄖𑄴𑄪 𑄃𑄬𑄟𑄧𑄚𑄴 𑄃𑄬𑄇𑄴 𑄢𑄬𑄖𑄴 𑄉𑄧𑄋𑄬 𑄘𑄬𑄢𑄴 𑄡𑄬 𑄢𑄬𑄘𑄮𑄖𑄴 𑄃𑄧𑄚𑄧 𑄛𑄪𑄇𑄴 𑄎𑄪𑄇𑄴 𑄚𑄧'𑄓𑄧𑄉𑄧𑄢𑄧𑄚𑄴, 𑄡𑄬 𑄢𑄬𑄘𑄮𑄖𑄴 𑄃𑄧𑄚𑄧 𑄖𑄢 𑄚𑄬𑄭।","এই জাতিটা এমন এক রাত করতেছে যে রাতে কোনো পোকা বের হনা, যে রাতে তারা নেই"
"𑄝𑄚 𑄝𑄧𑄚 𑄝𑄧𑄚 𑄇𑄣 𑄟𑄬𑄊𑄧, 𑄏𑄨𑄟𑄨𑄖𑄴 𑄏𑄨𑄟𑄨𑄖𑄴 𑄏𑄨𑄟𑄨𑄣𑄚𑄨, 𑄃𑄧𑄚𑄧 𑄢𑄧'𑄚𑄬𑄭,𑄚𑄬𑄭 𑄛𑄬𑄢𑄇𑄴 - 𑄃𑄪𑄢𑄴𑄉𑄪𑄟𑄳𑄠 ।","শুধু শুধু কালো মেঘ,ঝিঝিরিঝিরি আলো,অপর রেছে,নাই পাা,পাহাের পোকা-উগল"
"𑄥𑄨𑄖𑄴𑄖𑄳𑄠𑄭 𑄞𑄫𑄛𑄬𑄚𑄴 𑄦𑄎𑄢𑄨𑄇 𑄥𑄪𑄢𑄴 𑄖𑄪𑄣𑄬 𑄃𑄧𑄗𑄧𑄌𑄧 𑄃𑄬𑄇𑄴 𑄃𑄧𑄇𑄴𑄖𑄧𑄖𑄴 𑄢𑄎 𑄃𑄬𑄣𑄧𑄁 𑄛𑄳𑄢𑄎 𑄃𑄫𑄠𑄬𑄭, 𑄛𑄳𑄢𑄎 𑄃𑄬𑄣𑄧𑄁 𑄊𑄝𑄪𑄢𑄴 𑄃𑄫𑄠𑄬𑄭, 𑄗𑄉𑄧𑄠𑄳𑄠 𑄃𑄬𑄣𑄧𑄁 𑄃𑄬𑄍𑄳𑄠 𑄖𑄨𑄚𑄴𑄚𑄪, 𑄖𑄨𑄚𑄴𑄚𑄪 𑄦𑄬𑄘𑄇𑄴𑄖𑄪𑄇𑄴 𑄘𑄬𑄌𑄴 𑄞𑄎𑄨 𑄡𑄢𑄴 𑄞𑄬𑄭𑄠𑄬 𑄞𑄬𑄭𑄠𑄬 𑄣𑄢𑄬𑄖𑄴।",".সে ভূপেন হাজারিকা সুর তুলে কিন্তু এক মুহুর্তে রাজা আসলো গাে, থাপ্প দিে আসলো টিনি, তাাতাি এসেছে সে, তাাতাি আসতেছে টিনি, তাাতাি আসলো সে"
"𑄃𑄢𑄬𑄣𑄧𑄁 𑄞𑄫𑄭 , 𑄝𑄉𑄚𑄴 𑄊𑄧𑄢𑄴 𑄝𑄬𑄉𑄧 𑄇𑄨𑄍𑄪।","আেলং জমি, বাগান ঘর কিছু"
"𑄃𑄬𑄭𑄣𑄴 𑄟𑄮𑄚𑄴, 𑄟𑄪𑄢𑄧 𑄃𑄧𑄣𑄇𑄴 𑄖𑄇𑄴𑄇𑄪𑄣𑄴 - 𑄃𑄧𑄥𑄨𑄌𑄨।","এই ছেলে,মুরের একজাতী ছেলে"
"𑄖𑄳𑄠𑄪𑄃𑄧 𑄞𑄫𑄛𑄬𑄚𑄴 𑄦𑄎𑄢𑄨𑄇 𑄥𑄪𑄢𑄴 𑄖𑄪𑄣𑄬,"" 𑄥𑄨𑄠𑄚𑄴 𑄦𑄨 𑄥𑄧𑄟𑄴𑄞𑄧𑄝𑄴 ?",".তরকারিটা হাজার টাকার সুর তুলে,সেটা কি সত্যি?"
𑄇𑄢𑄧𑄚𑄴 𑄃𑄟 𑄥𑄧𑄟𑄎𑄧𑄖𑄴 𑄟𑄯𑄣𑄧𑄝𑄘𑄨 𑄞𑄭𑄢𑄌𑄴 𑄃𑄉𑄧𑄚𑄴 𑄝𑄨𑄣𑄨 𑄟𑄧𑄚𑄬 𑄃𑄧𑄠𑄴।,কেন আমাদের সমাজে মৌলবাদি ভাইরা আছে মনে হ
𑄡𑄢𑄴 𑄜𑄧𑄣𑄬 𑄎𑄪𑄟𑄴𑄧 𑄣𑄳𑄠𑄕𑄧𑄓𑄧 𑄥𑄧𑄁𑄉𑄳𑄢𑄟𑄧𑄖𑄴 𑄃𑄬𑄖𑄧 𑄝𑄙 - 𑄛𑄬𑄢𑄟𑄢𑄴।,. যার ফলে জুা বলে এত বাধা- বিঘ্ন
𑄎𑄖𑄴𑄖𑄮 𑄣𑄭 𑄥𑄬 𑄔𑄬𑄋𑄴𑄢𑄴 𑄝𑄪𑄉𑄧𑄖𑄴 𑄃𑄧𑄚𑄧 𑄘𑄨𑄚𑄴 𑄃𑄝𑄨𑄣𑄳𑄠𑄌𑄴 𑄚𑄬𑄭।,জাতটা কম বলে সেই পাহাের বুোটা একদিনও আসে না
𑄛𑄗𑄧𑄢𑄴 𑄉𑄧𑄣𑄧𑄚𑄴 𑄖𑄳𑄠𑄪𑄃𑄧 𑄖𑄢 𑄟𑄧𑄚𑄚𑄨 𑄖𑄳𑄠𑄪𑄃𑄧 𑄚𑄧'𑄉𑄧𑄣𑄬 ।,পাথর গলন করে তবুও তাদের মনগুলো গললো না
"𑄃𑄬𑄭 𑄛𑄨𑄖𑄴𑄗𑄨𑄟𑄩𑄖𑄴 𑄟𑄚𑄪𑄌𑄧𑄢𑄴 𑄞𑄉𑄳𑄠𑄖𑄴 𑄡𑄨𑄇𑄴𑄇𑄬 𑄇𑄪𑄉𑄪𑄢𑄬 𑄟𑄨𑄙𑄬 𑄚𑄧'𑄈𑄠𑄴 , 𑄘𑄪𑄉𑄧 - 𑄦𑄧𑄌𑄴𑄑𑄧 𑄛𑄬𑄢𑄥𑄢𑄴 𑄃𑄉𑄬 𑄥𑄨𑄇𑄴𑄇𑄬 𑄃𑄬𑄇𑄴𑄘𑄨𑄚𑄴 𑄏𑄨𑄉𑄬 𑄜𑄪𑄣𑄴 𑄜𑄪𑄘𑄧𑄚𑄴।","এই পৃথিবীতে মানুষরা কখনো কুকুরকে মিশিে খা না,ছাগলের হে একদিন ফুল ফোটে"
𑄇𑄢𑄧𑄚𑄴 𑄟𑄚𑄧𑄝𑄴 𑄞𑄉𑄳𑄠𑄖𑄴 𑄃𑄬𑄇𑄴 𑄥𑄚𑄴𑄖𑄧𑄚 𑄎𑄧𑄉𑄧𑄖𑄴 𑄃𑄉𑄬।,. কারণ মানুষের ভাগ এক সান্তনা জগৎ আছে।
"𑄟𑄚𑄪𑄌𑄴 𑄥𑄨𑄟𑄬 𑄚𑄬𑄭 𑄘𑄪𑄉𑄧𑄖𑄴, 𑄥𑄧𑄖𑄧 𑄛𑄬𑄢𑄥𑄚𑄨𑄖𑄴 𑄃𑄬𑄇𑄴𑄘𑄨𑄚𑄴 𑄝𑄪𑄉𑄧𑄖𑄴 𑄃𑄎 𑄎𑄉𑄬।","মানুষ সিমে নেই দুলিে,সত্তির পাে একদিন বুো হে আসে"
𑄦𑄧𑄚𑄧 𑄘𑄪𑄉𑄧 𑄦𑄧𑄌𑄴𑄑𑄧 𑄗𑄨𑄘𑄧𑄝𑄴𑄧𑄢𑄨 𑄚𑄧𑄠𑄴।,. হওার সম স্থির হ না
𑄃𑄬𑄇𑄴 𑄘𑄨𑄚𑄴 𑄥𑄧𑄠𑄧𑄁 𑄝𑄩𑄢𑄴 𑄥𑄬𑄚𑄛𑄧𑄖𑄨 𑄢𑄙𑄟𑄧𑄚𑄴 𑄃 𑄟𑄧𑄃𑄛𑄪𑄢𑄪𑄌𑄴 𑄎𑄪𑄟𑄴𑄧 𑄎𑄘𑄧𑄢𑄴 𑄛𑄖𑄴𑄗𑄧𑄣𑄨 𑄣𑄢𑄴𑄟 𑄎𑄖𑄴𑄮𑄢𑄬 𑄃𑄪𑄘𑄴𑄮𑄢𑄴 𑄉𑄧𑄢𑄨𑄝𑄖𑄳𑄠 𑄚𑄳𑄠𑄪𑄃𑄧 𑄉𑄪𑄢𑄨 𑄃𑄟 𑄎𑄘𑄧𑄢𑄴 𑄎𑄧𑄚𑄧𑄟𑄴 𑄚𑄨𑄝𑄇𑄴।,এক দিন সংবীর যোদ্ধারা আমাদের গ্রামের মানুষদের আশীর্বাদ করছে
𑄥𑄧𑄇𑄴𑄇𑄬 𑄛𑄪𑄉𑄧 𑄟𑄮𑄚𑄴 𑄟𑄙𑄖𑄴 𑄢𑄋 𑄝𑄬𑄣𑄴 𑄃𑄎𑄨𑄝𑄪।,.সমান পাের মাথা লাল বো
𑄦𑄨𑄣𑄧𑄢𑄴 𑄟𑄮𑄚𑄴 𑄟𑄪𑄢𑄧 𑄚𑄳𑄠𑄪𑄃𑄧 𑄉𑄧𑄢𑄨 𑄥𑄎𑄨𑄝𑄪 ।,হিল পাহাের পাহাটা একটু একটু করে মুছতে হবে
𑄌𑄧𑄢𑄴 𑄌𑄧𑄢𑄴 𑄉𑄪𑄢𑄨 𑄏𑄪𑄢𑄨 𑄛𑄚𑄨 𑄉𑄧𑄋𑄬𑄝𑄧।,চর চর করে পানি করবে
"𑄥𑄧𑄇𑄴𑄇𑄬 𑄢𑄧𑄚𑄴𑄎𑄨𑄖𑄴 𑄘𑄬𑄝𑄚𑄬 𑄚𑄳𑄠𑄪𑄃𑄧 𑄉𑄪𑄢𑄨 𑄥𑄪𑄢𑄴 𑄖𑄪𑄣𑄨 𑄉𑄬𑄝𑄧,""𑄚𑄧' 𑄌𑄁 𑄡𑄬𑄝𑄢𑄴 𑄎𑄉𑄚𑄴 𑄥𑄢𑄨/ 𑄃𑄨𑄘𑄪 𑄃𑄉𑄧𑄁 𑄎𑄧𑄚𑄧𑄟𑄚𑄴 𑄉𑄪𑄢𑄨/ 𑄃𑄬𑄭 𑄎𑄉𑄚𑄧𑄖𑄴 𑄢𑄰𑄠𑄬𑄘𑄳𑄠 𑄟𑄧' 𑄟𑄧𑄚𑄚𑄴 𑄎𑄪𑄢𑄨-𑄥𑄪𑄢𑄨""।",".সবসম আলো নিভে যাবে,শুধু চাং যাওার জাগাটা শুরু করবে,এই জাগা আমার মনটা রেছে"
𑄃𑄬𑄎𑄧 𑄛𑄧𑄢𑄨𑄝𑄧𑄢𑄴𑄖𑄧𑄚𑄴 𑄛𑄧𑄘𑄬 𑄃𑄦𑄴𑄘𑄨,সে আগের চাইতে অনেক বদলে গেছে
𑄟𑄧𑄚𑄴 𑄃𑄬𑄇𑄴𑄇𑄚𑄴 𑄟𑄬𑄟𑄮𑄢𑄨।,মন একটি স্মৃতি
"𑄃𑄬 𑄟𑄬𑄟𑄮𑄢𑄨 𑄖𑄧𑄗𑄳𑄠 𑄛𑄳𑄢𑄡𑄪𑄇𑄴𑄖𑄨 𑄡𑄪𑄉𑄧𑄖𑄴 𑄓𑄋𑄧𑄢𑄴 𑄃𑄬𑄇𑄴𑄇𑄚𑄴 𑄘𑄧𑄢𑄴𑄇𑄢𑄨 𑄚𑄋𑄴, 𑄌𑄨𑄚𑄴 𑄛𑄧𑄌𑄴𑄍𑄬 𑄚𑄋𑄴 ।",".এই স্মৃতিটা ট্রাক্টরে করে,চিনে পে নাচিে"
𑄚𑄧'𑄌𑄨𑄚𑄧𑄚𑄴 𑄛'𑄟𑄚𑄪𑄌𑄴 𑄚𑄬𑄭।,.নাচা পাখানা নেই
"𑄃𑄬𑄭 𑄟𑄬𑄟𑄮𑄢𑄨𑄖𑄴 𑄉𑄚𑄴,𑄍𑄧𑄝𑄨,𑄉𑄬𑄟𑄴𑄥𑄧 𑄚𑄚𑄋𑄴 𑄇𑄨𑄎𑄪 𑄉𑄧𑄟𑄴 - 𑄝𑄚𑄳𑄠 𑄣𑄮𑄓𑄧 𑄉𑄧𑄢 𑄡𑄠𑄴, 𑄃𑄧𑄇𑄴𑄇𑄧𑄢𑄴 𑄃𑄰 𑄗𑄬𑄝𑄧।","এই মেমোরিতে গান,ছবি,গেম ইত্যাদি অনেক ভালো-বানে যাওা যা,এখন সেই থাকবে"
"𑄉𑄧𑄟𑄴 𑄣𑄉𑄨 𑄢𑄨𑄝𑄬𑄋𑄧𑄖𑄴𑄪𑄚𑄴 𑄍𑄉𑄨 𑄍𑄪𑄉𑄠𑄴 𑄃𑄤𑄧𑄎𑄬 𑄣𑄮𑄓𑄧 𑄉𑄧𑄢 𑄃𑄧𑄠𑄳𑄠, 𑄥𑄨𑄠𑄚𑄴 𑄦𑄟𑄇𑄴𑄇𑄭 𑄃𑄬𑄇𑄴𑄝𑄢𑄴 𑄝𑄳𑄠𑄝𑄧𑄦𑄢𑄴 𑄉𑄧𑄢𑄨𑄝𑄢𑄴 𑄟𑄧𑄚𑄧𑄖𑄴 𑄃𑄧𑄖𑄣𑄨𑄠𑄬 𑄙𑄢𑄎𑄧, 𑄌𑄨𑄖𑄴 𑄘𑄨𑄉𑄮𑄣𑄴 𑄇𑄮𑄎𑄪𑄣𑄩।","ভালো লাগিে রিবেং থেকে সুতা বের করে আসা যা,সেটার জন্য মনটা ছটফট করতেছে,"
"𑄉𑄧𑄟𑄴 𑄤𑄧𑄇𑄴,𑄝𑄚𑄳𑄠 𑄤𑄧𑄇𑄴 𑄟𑄧𑄚𑄧 𑄖𑄨𑄢𑄮𑄌𑄴 𑄥𑄪𑄚𑄴𑄥𑄪𑄇𑄴 𑄤𑄧𑄇𑄴।","ভালো ও,বাাবাি ও মনের দুঃখ শুনাও"
"𑄃𑄬𑄌𑄳𑄠 𑄉𑄮𑄘 𑄛𑄨𑄖𑄴𑄗𑄨𑄟𑄨 𑄦𑄨𑄖𑄴𑄖𑄬 𑄌𑄮𑄉𑄧 𑄟𑄨𑄣𑄨𑄣𑄬 𑄘𑄬𑄊 𑄡𑄠𑄴, 𑄎𑄧𑄣𑄴𑄝𑄠𑄪 𑄛𑄧𑄢𑄨𑄝𑄢𑄴𑄖𑄧𑄚𑄴, 𑄛𑄳𑄢𑄇𑄨𑄢𑄨𑄖𑄨 𑄘𑄪𑄢𑄴𑄡𑄮𑄉𑄧, 𑄃𑄧𑄢𑄴𑄗𑄧𑄚𑄨𑄖𑄨 𑄟𑄧𑄚𑄴𑄘, 𑄥𑄧𑄟𑄌𑄧𑄢𑄴 𑄘𑄪𑄢𑄴𑄡𑄮𑄉𑄧 𑄝 𑄟𑄚𑄪𑄌𑄴 𑄥𑄨𑄢𑄨𑄖𑄴𑄖𑄨 𑄘𑄪𑄢𑄴𑄡𑄮𑄉𑄧।","এত ব পৃথিবীতে চোখ মেলে তাকালে দেখা যা, পানি ব হলে দেখা যা"
"𑄛𑄨𑄖𑄴𑄖𑄨𑄟𑄨𑄖𑄴 𑄚𑄚𑄋𑄴 𑄦𑄨𑄖𑄴𑄖𑄬 𑄘𑄝𑄚𑄧𑄣𑄴, 𑄝𑄧𑄚𑄳𑄠, 𑄈𑄧𑄢 𑄃 𑄟𑄬𑄛𑄮 𑄃𑄇𑄴𑄇𑄳𑄢𑄧𑄟𑄧𑄚𑄴 𑄥𑄚𑄳𑄠 𑄛𑄳𑄢𑄇𑄨𑄢𑄨𑄖𑄨 𑄘𑄪𑄢𑄴𑄡𑄮𑄉𑄧 𑄉𑄧𑄟𑄨 𑄡𑄢𑄴।","পৃথিবীতে অনেক ধরনের দাবানল,বাাবাি, খরার সম বন্যা হ"
"𑄢𑄥𑄨𑄠, 𑄃𑄨𑄃𑄪𑄇𑄳𑄢𑄬𑄚𑄴, 𑄛𑄇𑄨𑄌𑄴𑄖𑄚𑄴, 𑄃𑄜𑄧𑄉𑄚𑄨𑄌𑄴𑄖𑄚𑄴 𑄥𑄧𑄟𑄪𑄖𑄴𑄧 𑄚𑄚𑄋𑄴 𑄘𑄬𑄎𑄧𑄖𑄴 𑄦𑄬𑄖𑄴-𑄦𑄬𑄖𑄴𑄖𑄨 𑄣𑄇𑄴 𑄣𑄇𑄴 𑄃𑄬𑄇𑄧𑄢𑄴 𑄘𑄝𑄚𑄧𑄣𑄧𑄖𑄴 𑄛𑄪𑄢𑄨 𑄡𑄨𑄠𑄳𑄠 𑄃 𑄛𑄚𑄨 𑄝𑄚𑄬 𑄦𑄧𑄠𑄴 𑄦𑄧𑄖𑄨 𑄃𑄧𑄠𑄳𑄠।","রাসিা, ইউক্রেন,পাকিা,আফসোস প্রভৃতির মধ্যে পালিে যাওার সম পালিে যাওার সমে পালিে যাওার সম কত ব বন্যা হেছে"
𑄝𑄨𑄌𑄴𑄥𑄧 𑄹𑄠𑄴 𑄉𑄧𑄟𑄴 𑄢𑄧𑄛𑄴𑄖𑄚𑄨 𑄘𑄬𑄌𑄴 𑄢𑄥𑄨𑄠 𑄉𑄧𑄟𑄴 𑄢𑄧𑄛𑄖𑄚𑄨 𑄚𑄧' 𑄉𑄧𑄢𑄨𑄝𑄢𑄴 𑄚𑄨𑄥𑄬𑄌𑄴 𑄉𑄧𑄌𑄴𑄍𑄬।,বিচার ৩. ভালো রপ্তানি দো ভালো না করে গরিবিে নিে যাচ্ছে
(𑄷𑄹/𑄶𑄾/𑄷𑄶 𑄇𑄣𑄬𑄢𑄴 𑄇𑄧𑄚𑄴𑄒𑄧),.১৩/০৮/১০ জন লোকের কণ্ঠ
𑄃 𑄟𑄚𑄪𑄌𑄴 𑄥𑄨𑄢𑄨𑄌𑄴𑄖𑄧 𑄘𑄪𑄢𑄴𑄡𑄮𑄉𑄧 𑄤𑄧 𑄗𑄨𑄝𑄪𑄢𑄪𑄇𑄴 𑄚𑄬𑄭।,.একজন লোক সামনে বিপদের সমও লাফাচ্ছে
"𑄃𑄧𑄚𑄧 𑄃𑄬𑄉𑄧 𑄥𑄪𑄉𑄨 𑄘𑄮𑄣𑄴 𑄊𑄧𑄢𑄴 𑄥𑄧𑄁𑄥𑄢𑄴 𑄘𑄳𑄠𑄪𑄃𑄧𑄢𑄧𑄖𑄴 𑄃𑄬𑄚𑄳𑄠𑄭 𑄟𑄪𑄦𑄪𑄢𑄴𑄖𑄬 𑄥𑄬 𑄊𑄧𑄢𑄴 𑄥𑄧𑄁𑄥𑄢𑄴 𑄞𑄋𑄨 𑄘𑄬𑄠𑄴, 𑄞𑄋𑄨 𑄘𑄬𑄠𑄴 𑄟𑄧𑄚𑄧 𑄃𑄧𑄖𑄣𑄨𑄠𑄬 𑄥𑄧𑄞𑄧𑄚𑄴, 𑄜𑄬𑄣𑄬 𑄘𑄬𑄠𑄴 𑄟𑄪𑄎𑄪𑄋𑄴𑄢𑄴 𑄘𑄨𑄚𑄧𑄢𑄴 𑄝𑄨𑄎𑄧 𑄙𑄚𑄧𑄢𑄴 𑄝𑄢𑄬𑄁 𑄪 𑄙𑄨𑄋𑄨𑄢𑄨।",".অন্যেরা সুন্দর ঘর দিে আসার সমে সেই বািটা ভেঙে দে, ভেঙে দোর সম পাহাের ধান বািে দে"
𑄛𑄪𑄖𑄴𑄖𑄧𑄇𑄴 𑄢𑄬𑄘𑄧 - 𑄘𑄨𑄚𑄴 𑄃𑄬 𑄘𑄪𑄢𑄴𑄡𑄮𑄉𑄧𑄖𑄴𑄪𑄚𑄴 𑄢𑄧𑄇𑄴𑄇𑄬 𑄚𑄧'𑄛𑄚𑄴।,.পজ্জো রাত-দিন এই দুর্যোগ থেকে রেহাই পাওা যা না
"𑄘𑄨𑄚𑄴 𑄉𑄧𑄋𑄬 𑄘𑄨𑄣𑄬 𑄢𑄬𑄖𑄴𑄖𑄮 𑄣𑄮 𑄌𑄨𑄘𑄬, 𑄢𑄬𑄖𑄴 𑄉𑄧𑄋𑄬 𑄘𑄨𑄣𑄬 𑄘𑄨𑄚𑄴𑄪 𑄣𑄰 𑄌𑄨𑄘𑄬।","সারাদিন করলে রাত হে যা,রাত হলে দিে যা"
𑄃𑄨𑄇𑄴𑄈𑄬 𑄃𑄬𑄉𑄧 𑄦𑄧𑄚𑄴 𑄌𑄪𑄇𑄴𑄌𑄪𑄇𑄳𑄠 𑄇𑄪-𑄘𑄨𑄚𑄴 𑄟𑄙𑄚𑄴 𑄝𑄪𑄉𑄧 𑄘𑄨𑄞𑄬𑄘𑄨𑄛𑄴𑄛𑄳𑄠 - 𑄝𑄬'𑄥𑄪𑄚𑄴𑄎𑄪𑄇𑄴 𑄉𑄪𑄢𑄨 𑄎𑄨𑄋𑄴𑄦𑄚𑄨 𑄖𑄮𑄢𑄘𑄧𑄚𑄴।,এখনকার মতো কত ব হেছে মাটিটা-বোই করে যাওা
"𑄖𑄬, 𑄃𑄨𑄢𑄪𑄇𑄴 𑄛𑄳𑄢𑄧𑄢𑄧𑄎𑄧𑄢𑄴𑄟𑄧 𑄘𑄨𑄇𑄴𑄇𑄞𑄪𑄣𑄴 - 𑄌𑄨𑄤𑄧𑄟𑄳𑄠।","সে,এত ব ব ভুল -চিম"
"𑄚𑄬𑄭 𑄎𑄚𑄴 𑄟𑄣𑄧 𑄚𑄨𑄢𑄛𑄧𑄖𑄴𑄖 𑄚𑄬𑄭 𑄝𑄨𑄌𑄬𑄢𑄴 𑄃𑄍𑄢𑄴, 𑄝𑄧𑄁 𑄛𑄘𑄢𑄬 𑄟𑄚𑄪𑄌𑄧𑄢𑄴 𑄟𑄧𑄢, 𑄇𑄪𑄉𑄪𑄢𑄧 𑄟𑄧𑄢𑄖𑄴𑄪𑄚𑄴 𑄃𑄙𑄧𑄁।",". নেই জানমাল নিরাপত্তা নেই,বং পাহাে মানুষ মরে গেছে,কুকুরের মৃতদেহ থেকে গন্ধ বের হ"
"𑄖𑄬, 𑄚𑄳𑄠𑄪𑄃𑄧 𑄛𑄳𑄢𑄧𑄎𑄧𑄢𑄴𑄟𑄧?",সে কি প্রমত্ত?
𑄃𑄨𑄠𑄚𑄴 𑄉𑄮𑄘 𑄛𑄨𑄖𑄴𑄗𑄨𑄟𑄨 𑄇𑄧𑄙।,এই ছোট পৃথিবীর কথা
𑄸𑄶𑄶𑅄 𑄥𑄣𑄧𑄖𑄴 𑄦𑄧𑄥𑄧𑄖𑄴𑄖𑄪𑄚𑄴 𑄥𑄮𑄠𑄚𑄴 𑄛𑄳𑄢𑄢𑄪 𑄝𑄢𑄴𑄓𑄧 𑄝𑄳𑄠𑄘𑄨 𑄸𑄶𑄷𑄶 𑄥𑄣𑄧𑄖𑄴 𑄃𑄬𑄚𑄴𑄑𑄳𑄢𑄇𑄴 𑄃𑄨𑄝𑄧𑄣 𑄝𑄳𑄠𑄙𑄨 𑄘𑄬𑄊 𑄡𑄨𑄠𑄳𑄠 𑄉𑄧𑄢𑄪𑄖𑄴𑄖𑄪𑄚𑄴 𑄡𑄨𑄠𑄬𑄚𑄴 𑄃𑄬𑄎𑄧 𑄚𑄨𑄟𑄪𑄣𑄴 𑄉𑄧𑄢𑄨 𑄚𑄧'𑄛𑄖𑄴𑄧𑄚𑄴।,.২০০লা সালে হেসোা পাখিগুলো একটির পর আরেকটি আসতেছে।
"𑄡 𑄟𑄚𑄪𑄌𑄧𑄢𑄴 𑄃𑄨𑄘𑄪 𑄥𑄧𑄦𑄧𑄎𑄬 𑄃𑄬𑄭 𑄝𑄳𑄠𑄙𑄨 𑄙𑄧𑄢𑄬 , 𑄥𑄬 𑄃𑄬𑄢 𑄈𑄬𑄣𑄬।","যে মানুষরা সহজে এই বাসা ধরে, সে এগুলো খেলে"
𑄖𑄳𑄠𑄪𑄃𑄧 𑄎𑄚𑄨 𑄛𑄢𑄨 𑄚𑄬𑄭 𑄃𑄬𑄭 𑄃𑄬𑄢 𑄈𑄬𑄭 𑄪𑄈𑄚𑄴 𑄃𑄤𑄧𑄎𑄬।,.তরকারিটা শুধু খাওার জন্য আসে
"""𑄟𑄚𑄪𑄌𑄴 𑄟𑄚𑄪𑄌𑄧𑄖𑄴𑄬 , 𑄎𑄨𑄝𑄧𑄚𑄴 𑄎𑄨𑄝𑄧𑄚𑄧𑄖𑄴𑄬""।",".মানুষ মানুষ,জীবন যাপন করতেছে"
"𑄃𑄬𑄭 𑄥𑄮𑄚 𑄇𑄧𑄙𑄠𑄚𑄴 𑄎𑄧𑄚𑄧𑄟𑄴 𑄃𑄧𑄚𑄢𑄴 𑄛𑄧𑄢𑄴 𑄟- 𑄟𑄪𑄦𑄧𑄖𑄴𑄪𑄚𑄴 𑄥𑄪𑄚𑄨, 𑄦𑄮𑄣𑄴-𑄦𑄪𑄌𑄴𑄎𑄬 𑄚𑄧' 𑄉𑄧𑄌𑄴𑄎𑄮।","এই সোনার কথা জনমে পর মা- মুখ থেকে শুনে, হনা তো"
"𑄟𑄚𑄴𑄌𑄮𑄬𑄮 𑄓𑄋𑄧𑄢𑄴 𑄇𑄧𑄙 𑄚𑄧'𑄦𑄰𑄮𑄠𑄴, 𑄌𑄪𑄢𑄴-𑄔𑄬𑄁 𑄚𑄧'𑄉𑄧𑄌𑄴𑄍𑄮 𑄃𑄬𑄘𑄧𑄇𑄳𑄠 𑄚𑄚𑄋𑄴 𑄞𑄣𑄬𑄘𑄨 𑄃𑄫𑄛𑄧𑄘𑄬𑄌𑄴 𑄥𑄨𑄇𑄴𑄈𑄬 𑄇𑄧𑄙 𑄟'𑄟𑄪𑄦𑄧𑄖𑄴𑄖𑄪𑄚𑄴 𑄛𑄨𑄠𑄳𑄠𑄭।",মানুষরা ব কথা না বলে এত ব কথা বলতেছে যে মানুষদের সাথে কথা বলতেছে
"𑄡 𑄃𑄣 𑄃𑄪𑄘𑄧𑄘𑄨𑄚𑄴 𑄃𑄡𑄢𑄴𑄡𑄳𑄠 𑄛𑄳𑄢𑄘𑄨𑄝𑄴, 𑄃𑄧𑄟𑄫𑄣𑄳𑄠 𑄢𑄧𑄖𑄴𑄖𑄧𑄚𑄴।",".যাওার সম আসতেছে,অপরিষ্কার হেছে"
𑄖𑄳𑄠𑄪𑄃𑄧 𑄦𑄨𑄖𑄴𑄖𑄬𑄭 𑄃𑄬𑄘𑄧𑄇𑄴 𑄘𑄪𑄢𑄴𑄡𑄮𑄉𑄧 ?,.তরকারির কারণে এত দুর্যোগ?
𑄃𑄬𑄭 𑄇𑄢𑄧𑄚𑄴 𑄦𑄨?,এই কেন?
"𑄖𑄢𑄴 𑄇𑄢𑄧𑄚𑄴 𑄬𑄧𑄢𑄴 𑄃𑄉𑄬 𑄦𑄮𑄭 𑄃𑄧𑄠𑄳𑄠 𑄥𑄮𑄠𑄚𑄴 𑄛𑄳𑄢𑄪𑄢𑄪 𑄝𑄢𑄴𑄓𑄧 𑄃 𑄃𑄬𑄚𑄴𑄑𑄳𑄢𑄇𑄴 𑄝𑄳𑄠𑄙𑄨 𑄃𑄧𑄣𑄬𑄠𑄪 𑄥𑄬 𑄥𑄪𑄉𑄧𑄢𑄴 𑄃 𑄉𑄪𑄢𑄪 ,𑄦𑄌𑄴 𑄃𑄬𑄢 𑄘𑄨𑄉𑄨𑄣𑄬 𑄗𑄬𑄛𑄴 𑄗𑄬𑄛𑄴 𑄣𑄬𑄖𑄴𑄮 𑄏𑄪𑄢𑄨 𑄛𑄧𑄬 𑄎𑄖𑄴𑄉𑄧𑄖𑄴 𑄃𑄤𑄧𑄎𑄧𑄢𑄴 𑄈𑄬𑄝𑄢𑄴 𑄃𑄬𑄢।","তার কারণ হচ্ছে আগে থেকে সবুজ ঘাসের উপর দিে থাকা পাখি,পাহাে পাহাে লালা পতেছে"
"𑄖𑄬, 𑄃𑄬𑄌𑄳𑄠 𑄥𑄧𑄟𑄎𑄧𑄢𑄴 𑄡𑄬 𑄘𑄪𑄢𑄴𑄡𑄮𑄉𑄧 𑄌𑄧𑄣𑄬𑄢𑄴 𑄎𑄖𑄴 𑄉𑄧𑄖𑄧 𑄛𑄎 𑄇𑄧𑄣𑄬 𑄝𑄧𑄎𑄧𑄁 𑄚𑄧' 𑄃𑄧𑄝𑄧।","সে,আসবাবপত্রের যে দুর্যোগ চলতেছে জাতটা আর টিকবে না"
"𑄖𑄬, 𑄃𑄨𑄇𑄳𑄠 𑄇𑄧𑄙 𑄦𑄧𑄖𑄴𑄬 𑄊𑄧𑄢𑄧𑄖𑄴 𑄦𑄧𑄘𑄧𑄇𑄴𑄇𑄧𑄚𑄴 𑄛'𑄗𑄬𑄭।",সে এখন কথা বলতেছে বািতে
𑄝𑄬𑄌𑄴 𑄞𑄉𑄧 𑄥𑄧𑄟𑄧𑄠𑄴 𑄊𑄧𑄢𑄧 𑄝𑄬𑄮 𑄛𑄧𑄢𑄨𑄝𑄬𑄌𑄴𑄍𑄮𑄭 𑄣𑄪𑄘𑄪𑄛𑄪𑄘𑄪।,বেশি ভাগ সমে বাির বো পরতে হবে
𑄎𑄨𑄝𑄧𑄚𑄴 𑄖𑄮 𑄥𑄧𑄁𑄉𑄳𑄢𑄟𑄴।,জীবন তোসংগ্রাম
𑄛𑄧𑄖𑄴𑄖𑄨𑄇𑄴 𑄥𑄬𑄇𑄬𑄚𑄴𑄓𑄧 𑄃𑄟𑄖𑄴𑄪𑄚𑄴 𑄥𑄧𑄋𑄴𑄉𑄳𑄢𑄟𑄴 𑄉𑄧𑄢𑄨 𑄝𑄎𑄨 𑄗'𑄛𑄧𑄬𑄮 𑄛𑄨𑄖𑄴𑄗𑄨𑄟𑄩𑄖𑄴 𑄝𑄪𑄉𑄧𑄖𑄴।,পাহাের দুই সেকেন্ড আমাদের সাথেসাথে থাকে
𑄝𑄬𑄎𑄨 𑄞𑄉𑄧 𑄥𑄧𑄟𑄧𑄠𑄴 𑄊𑄧𑄢𑄴 𑄝𑄢𑄬 𑄚𑄚𑄋𑄴 𑄎𑄧𑄚𑄬 𑄚𑄚𑄋𑄴 𑄟𑄚𑄴𑄌𑄳𑄠 𑄡𑄬 𑄇𑄮𑄚𑄧 𑄇𑄟𑄴 𑄦𑄧𑄢𑄧𑄌𑄴 𑄉𑄧𑄢𑄨 𑄎𑄩𑄋𑄴𑄦𑄚𑄨 𑄖𑄮𑄢𑄚𑄴।,বেজি ভাগ করে বাির বাইরে নানা ধরনের মানুষ যে কোন কাজ করে
𑄝𑄬𑄉𑄧 𑄛𑄧𑄢𑄚𑄴 𑄝𑄧𑄣 𑄇𑄧𑄢𑄴𑄟𑄬 𑄃𑄧𑄙𑄨𑄚𑄴।,বেগ পা কাজের সম
"𑄖𑄬 𑄊𑄧𑄢𑄧𑄖𑄴𑄪𑄚𑄴 𑄡𑄧𑄇𑄳𑄠 𑄝𑄢𑄴 𑄦𑄧𑄝𑄧𑄁 𑄘𑄨𑄊𑄨 𑄟𑄢 - 𑄟𑄢𑄨, 𑄦𑄮𑄣𑄴- 𑄇𑄪𑄌𑄴𑄎𑄳𑄠, 𑄦𑄬𑄚𑄧-𑄦𑄬𑄚𑄨, 𑄟𑄧𑄘𑄧 - 𑄎𑄪𑄠, 𑄥𑄨𑄚𑄣𑄴-𑄝𑄮𑄚𑄬𑄣𑄴 𑄃 𑄔𑄬𑄁 - 𑄝𑄎𑄨 𑄥𑄚𑄴 𑄚𑄚𑄋𑄴 𑄇𑄪-𑄦𑄌𑄴𑄡𑄳𑄠𑄇𑄴 𑄥𑄧𑄟𑄌𑄴 𑄞𑄣𑄬𑄘𑄨 𑄚𑄧𑄠𑄴 𑄝𑄧𑄢𑄧𑄁 𑄊𑄧𑄢𑄴-𑄥𑄧𑄁𑄥𑄢𑄴 𑄃𑄧𑄥𑄚𑄴𑄖𑄨 𑄝𑄳𑄦 𑄝𑄚𑄬।",".সে বাির থেকে যত ব হেছে,মার-মার, এমন-হেনা, মদ-জুা প্রভৃতির সম যত ব হেছে, শুধু বাি- সংসার নষ্ট করে"
"𑄥𑄧𑄟𑄌𑄴 𑄃𑄧𑄠𑄴 𑄦𑄣𑄪𑄇𑄴, 𑄃𑄧𑄠𑄴 𑄦𑄎𑄧𑄢𑄴 𑄎𑄚𑄨 𑄛𑄢𑄧𑄚𑄴 𑄇𑄪𑄥𑄧𑄁𑄌𑄴𑄇𑄢𑄴 𑄖𑄳𑄠𑄪𑄃𑄧 𑄥𑄧𑄥𑄌𑄴 𑄦𑄧𑄢𑄮𑄣𑄧𑄣𑄮 𑄃𑄧𑄠𑄴 𑄃𑄬𑄘𑄧𑄇𑄳𑄠 𑄇𑄟𑄴 𑄉𑄧𑄢𑄧𑄚𑄴।",".সম কম হেছে, তবুও হাত দিে কাজ করতে হ"
𑄟𑄳𑄦-𑄝𑄛𑄧𑄢𑄴 𑄥𑄪𑄥𑄨𑄇𑄴𑄈𑄬 𑄦𑄧𑄙 𑄃𑄫𑄘𑄮𑄖𑄴 𑄚𑄧'𑄖𑄪𑄣𑄧𑄚𑄴।,মা-বাবা সুঁচালো হাত উঠা না
"𑄇𑄧𑄙 𑄃𑄉𑄬 ""𑄣𑄬𑄋𑄮 𑄛𑄪𑄖𑄴, 𑄇𑄚𑄧 𑄛𑄪𑄖𑄴"" 𑄃𑄧𑄚𑄧 𑄟𑄳𑄦-𑄝𑄛𑄬 𑄚𑄧' 𑄌𑄚𑄴 𑄃𑄬𑄭 𑄛𑄪𑄝𑄮 𑄟𑄧𑄢𑄮𑄇𑄴-𑄝𑄌𑄮𑄇𑄴।",". কথা আছে, কানের পোকা, অন্য মা-বাবাও দেখতে পারেনা এই বাচ্চাটাকে"
𑄖𑄢 𑄎𑄧𑄚𑄧𑄟𑄴 𑄘𑄖 𑄝𑄘𑄬𑄠𑄳𑄠𑄪 𑄥𑄨𑄇𑄴𑄈𑄬 𑄉𑄪𑄢𑄪 - 𑄘𑄨𑄇𑄴𑄈𑄬 𑄉𑄪𑄢𑄪।,তাদের জনমে দাতা বাদে সবাই সে সমে গুরু
"𑄖𑄬, 𑄃𑄬𑄘𑄧𑄇𑄴 𑄦𑄨𑄖𑄴𑄖𑄬 𑄃𑄬𑄘𑄧𑄇𑄴 𑄃𑄬𑄣-𑄜𑄬𑄣?",সে এত কেন আসা-ফেলা
𑄃𑄧𑄠𑄧𑄚𑄧𑄖𑄴 𑄖𑄧𑄠𑄧𑄚𑄧𑄖𑄴 𑄣𑄬𑄣𑄧𑄚𑄴 𑄛𑄘 𑄏𑄋𑄣𑄳𑄠 𑄥𑄇𑄴।,এক জাতী বুনো শাক
"𑄇𑄢𑄧𑄚𑄴 𑄊𑄧𑄢𑄧 𑄝𑄢𑄬 𑄛𑄧𑄢𑄨𑄝𑄬𑄌𑄴 𑄝𑄪𑄉𑄧𑄖𑄴 𑄌𑄨𑄘𑄧𑄖𑄴, 𑄟𑄬𑄟𑄮𑄢𑄨𑄖𑄴 𑄃 𑄟𑄧𑄉𑄧𑄎𑄧𑄖𑄴 𑄣𑄮𑄓𑄧 𑄃𑄧𑄠𑄴, 𑄡𑄢𑄴 𑄜𑄧𑄣𑄬 𑄌𑄨𑄘𑄬𑄚𑄧𑄢𑄴 𑄇𑄧𑄚𑄘𑄨 𑄛𑄧𑄦𑄴𑄢𑄴 𑄘𑄨𑄊𑄨, 𑄥𑄧𑄟𑄌𑄴 𑄃𑄧𑄞𑄣𑄬𑄘𑄨 𑄎𑄚𑄨 𑄛𑄢𑄨𑄚𑄳𑄠𑄭 𑄃𑄪𑄣𑄴𑄣𑄮 𑄉𑄧𑄢𑄨 𑄥𑄧𑄟𑄎𑄧𑄢𑄴 𑄦𑄪𑄖𑄨 𑄝𑄬𑄌𑄴 𑄉𑄖𑄴𑄧𑄚𑄴।",".কেন বাির বারে পতে হবে তরুণ মনে, যার ফলে তরুণরা কোন সমে যেতে পারবে না"
𑄚𑄳𑄠𑄪𑄃𑄧 𑄃 𑄃𑄨𑄢𑄪𑄇𑄴 𑄛𑄳𑄢𑄧𑄎𑄧𑄢𑄴𑄟𑄧𑄬𑄮 𑄥𑄬 𑄛𑄧𑄘𑄬 𑄃𑄘𑄙𑄬 𑄦𑄧𑄚𑄧 𑄃𑄘𑄧𑄁 𑄚𑄬𑄭 𑄦𑄟𑄇𑄴𑄇𑄭।,নুটা এত বেও সেই পদে থাকতে পারে না
"𑄇𑄪𑄣𑄨 𑄡𑄪𑄉𑄧 𑄃 𑄦𑄮𑄠𑄳𑄠𑄉𑄪𑄣𑄧 𑄡𑄪𑄉𑄧 𑄡𑄬 𑄡𑄪𑄉𑄧 𑄦𑄮𑄭 𑄚 𑄇𑄬𑄚𑄴 𑄃𑄨𑄢𑄪𑄇𑄴 𑄡𑄪𑄉𑄧𑄖𑄴 "" 𑄝𑄪𑄢𑄧 𑄦𑄧𑄙 𑄇𑄪𑄢𑄧 𑄉𑄪""।",কুলি যুগ হেছে এমন যুগ যে যুগ হোক না কেন এখন বুো হেছে
"𑄃𑄨𑄌𑄳𑄠 𑄉𑄮𑄘 𑄥𑄧𑄟𑄌𑄴 𑄉𑄮𑄋𑄣𑄪𑄘𑄨, 𑄉𑄮𑄋𑄣𑄪𑄘𑄨 𑄦𑄨𑄣𑄴𑄌𑄘𑄬𑄉𑄁।",.ঈর্ষার কুকুরটি গোঙাচ্ছে।
𑄛𑄉𑄧𑄎𑄳𑄠 𑄃 𑄛𑄧𑄢𑄴𑄌𑄣𑄴𑄮 𑄙𑄧𑄌𑄴𑄏𑄬 𑄎𑄖𑄴𑄮𑄢𑄬।,পাগাটা বাচ্চাটাকে পতেছে
𑄃𑄬𑄇𑄴𑄮 𑄥𑄨𑄣𑄧𑄖𑄴 𑄖𑄧𑄣𑄬 𑄃𑄬𑄇𑄴𑄪 𑄦𑄋𑄢।,একটি শীলের নিচে একটি হাা
𑄃𑄢𑄧 𑄇𑄧𑄙 𑄦𑄬𑄃𑄪 𑄥𑄪𑄚𑄧𑄥𑄪𑄚𑄨 𑄚𑄬𑄭।,আরও কথা হলো তার সুনাম নেই
"𑄇𑄧𑄙 𑄃𑄉𑄬,𑄚𑄳𑄠𑄪𑄃𑄧 𑄃 𑄃𑄨𑄢𑄪𑄇𑄴 𑄛𑄳𑄢𑄧𑄎𑄢𑄴𑄟𑄧 𑄘𑄬𑄌𑄴-𑄎𑄘𑄧𑄢𑄴 𑄟𑄪𑄎𑄪𑄋𑄧𑄢𑄴 𑄘𑄨𑄚𑄧𑄢𑄴 𑄃𑄎,𑄎𑄖𑄴 𑄖𑄧𑄎𑄨𑄟𑄴𑄛𑄪𑄢𑄧 𑄉𑄧𑄢𑄨𑄝𑄢𑄴 𑄓𑄋𑄧𑄢𑄴 𑄃𑄖𑄳𑄠𑄢𑄴।",".কথা আছে,কথা আছে,ব ব গরীবের ভ আছে"
"𑄥𑄬, 𑄃𑄖𑄳𑄠𑄢𑄚𑄴 𑄡𑄪𑄚𑄨 𑄞𑄋 𑄃𑄧𑄠𑄴-𑄃𑄧𑄠𑄴 𑄝𑄎𑄧𑄁 𑄥𑄬 𑄛𑄉𑄧𑄏𑄳𑄠 ,𑄥𑄬 𑄛𑄧𑄢𑄴𑄥𑄣𑄴𑄮 - 𑄃𑄙𑄧𑄁 𑄇𑄎𑄬𑄝𑄧 𑄦𑄧𑄚𑄴𑄚?","সে,আতারটা যোগা না-ও বাজা সেই পাহাটা-অতিরিক্ত কাজে যাবে?"
"𑄖𑄬, 𑄝𑄛𑄴 -𑄞𑄬𑄭 ,𑄟𑄳𑄦-𑄝𑄮𑄚𑄴 𑄣𑄧𑄇𑄴!","সে বাপ-বেই,মা-বোন লক"
"𑄖𑄪𑄟𑄨 𑄘𑄬𑄉𑄧𑄢𑄴 𑄎𑄖𑄴𑄪 𑄔𑄇𑄴, 𑄝𑄧𑄌𑄴 𑄡𑄬𑄘𑄧 𑄃𑄡𑄨𑄠𑄬।","তোমরা দোলের জাতটা ঢাক,বশ এসেছে"
"𑄃𑄬𑄇𑄴 𑄇𑄣𑄬 𑄢𑄎 𑄃𑄬𑄣𑄧𑄁, 𑄛𑄳𑄢𑄎 𑄃𑄧𑄠𑄳𑄠 𑄛𑄳𑄢𑄎 𑄃𑄬𑄣𑄧𑄁 𑄘𑄥𑄨 𑄃𑄪𑄠𑄬𑄭 ।","এক কালে রাজা আসলাম,পুার সমে দাস হলাম"
𑄒𑄉𑄠𑄬 𑄃𑄬𑄣𑄧𑄁 𑄃𑄨𑄌𑄳𑄠 𑄖𑄨𑄚𑄴𑄚𑄪 𑄦𑄬𑄘𑄇𑄴𑄖𑄪𑄇𑄴।,এক জাতী বুনো ফল যা সবজি হিসেবে ব্যবহৃত হ
"𑄃𑄨𑄠𑄚𑄨 𑄘𑄨𑄊𑄨 𑄎𑄘𑄧𑄢𑄴 𑄛𑄖𑄴𑄗𑄪𑄣𑄨 𑄟𑄪𑄇𑄴𑄖𑄨𑄢𑄴 𑄘𑄫𑄖𑄴 𑄣𑄢𑄴𑄟𑄳𑄦 𑄦𑄮𑄭𑄠𑄬,""𑄃𑄟𑄨 𑄚𑄨𑄢𑄬𑄖𑄨𑄖𑄴𑄖𑄳𑄠 , 𑄃𑄟𑄢𑄴 𑄝𑄢𑄴 𑄉𑄧𑄢𑄨𑄝𑄢𑄴 𑄇𑄨𑄎𑄪 𑄚𑄬𑄭।","এগুলোদিঘির পাথরগুলো মুক্তির দূত হেছে,আমরা দরিদ্র,আমার ভিক্ষা করার কিছুই নেই"
𑄃𑄬𑄇𑄴 𑄇𑄧𑄙 𑄃𑄪𑄘𑄨𑄣𑄬 𑄥𑄖𑄴 𑄇𑄧𑄙 𑄃𑄪𑄘𑄬।,এক কথা বললে সাত কথা উঠে
𑄟𑄪𑄭 𑄃𑄬𑄇𑄴𑄪 𑄉𑄧𑄢𑄴𑄛𑄧 𑄣𑄮𑄭 𑄣𑄬𑄊𑄠𑄚𑄴 𑄥𑄬𑄌𑄴 𑄉𑄧𑄢𑄨𑄘𑄪𑄁 𑄌𑄁।,.আমি একটি বড় লাল লেখা লিখেছি।
𑄃𑄬𑄉𑄧 𑄃𑄘𑄟𑄧𑄖𑄴 𑄘𑄨𑄞𑄬𑄭 𑄃𑄬𑄣𑄇𑄴।,এক গ্রাম থেকে দুই গ্রামে আসা
𑄃𑄬𑄇𑄴 𑄎𑄧𑄚𑄬 𑄟𑄧𑄘𑄧 𑄈𑄠𑄴 𑄃 𑄟𑄮𑄇𑄴 𑄛𑄪𑄃𑄧 𑄃𑄪𑄉𑄪𑄢𑄬 𑄖𑄨𑄉𑄪𑄌𑄳𑄠 𑄟𑄢𑄴-𑄙𑄧𑄢𑄴 𑄉𑄧𑄢𑄨𑄘𑄪।,এক লোক মদ খেে আরেক লোক মার ধর করে
"𑄃𑄧𑄚𑄳𑄠 𑄃𑄬𑄇𑄴 𑄞𑄬𑄭𑄠𑄬 𑄊𑄧𑄢𑄴𑄉𑄨𑄢𑄨 𑄃𑄪𑄚𑄧𑄚𑄬𑄭, 𑄞𑄧𑄢𑄧𑄚𑄴 𑄛𑄨𑄢𑄧𑄚𑄴-𑄖𑄧𑄎𑄨𑄟𑄴𑄛𑄪𑄢𑄴।","অনৈক্য এক বোই বাি উঠেছে,ভে জ্বর হেছে"
𑄓𑄋𑄧𑄢𑄴 𑄝𑄳𑄠𑄥𑄠𑄨।,"বাই, বাই"
𑄟𑄚𑄴𑄌𑄳𑄠 𑄛𑄎𑄨𑄣𑄴 𑄉𑄧𑄢𑄨 𑄦𑄧𑄙𑄇𑄴 𑄟𑄳𑄦-𑄝𑄛𑄧𑄢𑄴 𑄘𑄨'𑄝𑄬 𑄛𑄪𑄃𑄧 𑄃𑄬𑄇𑄴 𑄛𑄧𑄢𑄨𑄝𑄬𑄥𑄧𑄖𑄴𑄪𑄚𑄴 𑄍𑄝𑄧𑄣𑄧𑄇𑄴 𑄃𑄰𑄚𑄠𑄴 𑄖𑄢𑄢𑄴 𑄟𑄧𑄙𑄳𑄠𑄧 𑄃𑄉𑄌𑄴-𑄛𑄖𑄣𑄴 𑄜𑄢𑄧𑄇𑄴।,.মাছটা চ্যাপ্টা করে হেছে বাবা-মা এক পার পর থেকে
"𑄓𑄋𑄧𑄢𑄴 𑄞𑄬𑄭𑄝𑄪𑄪𑄖𑄴𑄪𑄚𑄴 𑄛𑄪𑄎𑄮𑄢𑄴 𑄉𑄧𑄢 𑄦𑄧𑄣𑄧, 𑄖𑄬 𑄟𑄧𑄘𑄧 𑄈𑄭 𑄦𑄨𑄖𑄴𑄖𑄬𑄭 ?","ডাঙর ভোটা পূজা করা হলো,সে মদ খাওার জন্য"
"𑄖𑄬 𑄦𑄧𑄣𑄧 ""𑄎𑄘𑄧𑄢𑄴 𑄛𑄎 𑄦𑄪𑄘𑄪 𑄡𑄠𑄴 ?",সে হচ্ছে জাগা ভাগ হে যাওা
𑄃𑄟 𑄝𑄳𑄦𑄝𑄳𑄦 𑄃𑄬𑄣𑄧 𑄟𑄧𑄘𑄧 𑄇𑄪𑄢𑄴 𑄟𑄧𑄘𑄧 𑄈𑄬𑄭 𑄔𑄬𑄁 𑄝𑄎𑄨 𑄉𑄧𑄖𑄴𑄧 𑄖 𑄟𑄮𑄇𑄴 𑄛𑄪𑄃𑄧 𑄟𑄢𑄨𑄘𑄪।,আমাদের বািটা এল মদের মদ খেে ভে আছে
"𑄖𑄬, 𑄟𑄪𑄭 𑄃 𑄃𑄧𑄚𑄳𑄠 𑄇𑄨𑄎𑄪 𑄦𑄨 𑄃𑄰 𑄛𑄢𑄧𑄁?","সে,আমি কেন এত ব হই?"
𑄃𑄧𑄚𑄳𑄠 𑄞𑄬𑄭𑄝𑄪 𑄖 𑄝𑄨𑄛𑄧𑄢𑄨𑄖𑄴।,অনাত্মী ভাই তার পাশে
"𑄖𑄬,𑄦𑄧𑄣𑄧"" 𑄖'𑄞𑄣𑄬𑄘𑄨 𑄇𑄢𑄧𑄚𑄴 𑄖 𑄝𑄛𑄬।",সে তার বাপকে ভ দে
"𑄃𑄟𑄨 𑄡𑄧𑄇𑄳𑄠 𑄚𑄝𑄣𑄧𑄇𑄴 𑄃𑄬𑄣𑄧𑄁 𑄥𑄧𑄇𑄳𑄠 𑄝𑄳𑄦𑄝𑄳𑄦 𑄟𑄧𑄘𑄧 𑄈𑄬𑄭 𑄔𑄬𑄁 𑄝𑄎𑄨 𑄉𑄨𑄖𑄴𑄧,𑄟𑄢𑄬, 𑄖𑄌𑄳𑄠-𑄛𑄬𑄢𑄥𑄢𑄴 𑄘𑄬𑄠𑄴।","আমরা যত ব ব মদ খেে খেেছি,মার,তাাতাি করে দিই"
"𑄖𑄬,𑄟𑄪𑄭 𑄗𑄨𑄉𑄧 𑄉𑄧𑄌𑄴𑄍𑄮𑄁 𑄟𑄧𑄘𑄧 𑄚𑄧'𑄈𑄬𑄭𑄟, 𑄝𑄳𑄦𑄝𑄳𑄦 𑄥𑄚𑄴 𑄚𑄧'𑄦𑄯𑄟𑄴।","সে,আমি আর মদ খাই না,বাাটা ভালো হবে না"
"𑄖𑄬, 𑄟𑄪𑄭 𑄟𑄧𑄘𑄧 𑄚𑄧' 𑄈𑄁, 𑄔𑄬𑄁 𑄝𑄎𑄨 𑄚𑄧'𑄉𑄧𑄢𑄧𑄁।","সে,আমি মদ খাই না,ঢং করে নাচি"
"𑄃𑄨𑄇𑄳𑄠 𑄟𑄪𑄭 𑄃𑄬𑄇𑄴𑄇𑄪 𑄓𑄋𑄧𑄢𑄴 𑄝𑄳𑄠𑄝𑄴𑄥𑄠𑄨""।",একটা আমি ব বছি
𑄛𑄨𑄖𑄴𑄗𑄨𑄟𑄨 𑄃𑄧𑄣𑄧𑄘𑄬 𑄃𑄬𑄇𑄴𑄇𑄚𑄴 𑄃𑄣𑄟𑄴।,পৃথিবীতে একটু আলো
"𑄃𑄣𑄟𑄧𑄖𑄴 𑄚𑄚𑄋𑄴 𑄌𑄨𑄖𑄴 𑄎𑄪𑄢𑄧𑄚𑄨, 𑄟𑄧𑄚𑄴 𑄉𑄪𑄣𑄧𑄚𑄨 𑄜𑄪𑄣𑄬 𑄃𑄟𑄨𑄎𑄬 𑄝𑄪𑄉𑄧 𑄃𑄟𑄪𑄢𑄩 𑄃𑄬𑄎𑄬।",".আবোল তাবোল মনে পা,মনে পে আমি বুো হবো"
"𑄖𑄬 , 𑄃𑄬𑄭 𑄛𑄨𑄖𑄴𑄗𑄨𑄟𑄨𑄖𑄴 𑄚𑄚𑄋𑄴 𑄥𑄳𑄢𑄬𑄚𑄩 𑄟𑄚𑄪𑄌𑄴 𑄃𑄊𑄧𑄚𑄴।",সে এই পৃথিবীতে অনেক ধরনের মানুষ আছে
𑄃𑄬𑄭 𑄉𑄧𑄣𑄴𑄛𑄧𑄝𑄪 𑄗𑄨𑄉𑄧 𑄥𑄨𑄠𑄚𑄴 𑄥𑄨𑄇𑄴𑄇𑄬 𑄘𑄬𑄠𑄴।,এই গল্পটা ঠিক সেভাবে দে
𑄚𑄬𑄖𑄨𑄝𑄌𑄧𑄇𑄴 𑄌𑄨𑄘𑄬𑄌𑄧𑄌𑄴𑄍𑄖𑄴𑄪𑄚𑄴 𑄚𑄨𑄎𑄬𑄢𑄬 𑄃𑄬𑄢𑄚𑄴 𑄉𑄪𑄢𑄨 𑄃𑄨𑄖𑄨𑄝𑄌𑄧𑄇𑄴 𑄌𑄬𑄘𑄧𑄚𑄴 𑄟𑄬𑄟𑄮𑄢𑄨𑄖𑄴 𑄟𑄧𑄉𑄧𑄎𑄧𑄖𑄴 𑄣𑄮𑄓𑄧 𑄉𑄧𑄢𑄨 𑄚𑄳𑄠𑄪𑄃𑄧 𑄦𑄨𑄎𑄪 𑄞𑄣𑄬𑄘𑄨 𑄃𑄝𑄨𑄌𑄴𑄇𑄢𑄴 𑄉𑄧𑄢𑄨 𑄘𑄨'𑄘𑄨𑄚𑄧𑄢𑄴 𑄟𑄚𑄬𑄭 𑄎𑄨𑄝𑄧𑄚𑄴 𑄛𑄮𑄖𑄴𑄛𑄮𑄖𑄴𑄖𑄳𑄠 𑄉𑄢𑄚 𑄘𑄧𑄢𑄧𑄇𑄢𑄴।,.নেওা ভালো করে মনে পে দিন কাটানো
"𑄖𑄬,𑄃𑄫𑄘𑄮𑄖𑄴 𑄢𑄊𑄬𑄝 𑄪 𑄥𑄧𑄌𑄬𑄘𑄧𑄚𑄴 𑄟𑄧𑄚𑄧𑄢𑄴 𑄌𑄨𑄚𑄴𑄖𑄬 𑄉𑄧𑄢𑄚 𑄝𑄧𑄣𑄴 𑄃𑄊𑄬।",সে উপরে রেছে মনে হ সে অনেক ভালো আছে
"𑄥𑄧𑄌𑄬𑄘𑄧𑄚𑄴 𑄟𑄧𑄚𑄴 𑄉𑄪𑄎𑄨𑄣𑄮𑄭 𑄛𑄬𑄮, 𑄃 𑄜𑄬𑄣𑄬𑄠𑄳𑄠𑄪 𑄘𑄨' 𑄛𑄢𑄬।",".সবগুলো মন দিে পাওা যা, আর ফেলে দিতে পারে।"
𑄟𑄖𑄴𑄧𑄢𑄴 𑄃𑄧𑄌𑄬𑄘𑄧𑄚𑄴 𑄟𑄧𑄚𑄴 𑄝𑄚 𑄉𑄪𑄎𑄨 𑄣𑄰 𑄛𑄢𑄬।,.মানুষটা সব গুছিে নিতে পারে।
𑄃 𑄡𑄨𑄠𑄚𑄴 𑄉𑄪𑄎𑄨 𑄣𑄧𑄠𑄴 𑄥𑄨𑄠𑄚𑄴 𑄉𑄧𑄟𑄴-𑄝𑄚𑄳𑄠 𑄝𑄨𑄌𑄬𑄢𑄴 𑄚𑄧'𑄉𑄧𑄢𑄬।,.যেটা গুছিে নাও সেটা ভালো না
"𑄖𑄬, 𑄟𑄧𑄚𑄴 𑄃𑄧𑄣𑄧𑄘𑄬 𑄖𑄧𑄢𑄴 𑄥𑄎𑄨𑄠𑄬 𑄜𑄪𑄣𑄴 𑄝𑄉𑄚𑄴।","সে,তোমার মন ভালো করে ফুল বািে"
𑄥𑄨𑄠𑄮𑄖𑄴 𑄖𑄧𑄢𑄴 𑄘𑄮𑄣𑄴 𑄘𑄮𑄣𑄴 𑄜𑄪𑄣𑄴𑄜𑄪𑄘𑄨 𑄗𑄬𑄝𑄇𑄴।,সেখানে তোমার সুন্দর সুন্দর ফুল ফুটে থাকবে
"𑄡 𑄘𑄨𑄊𑄨𑄣𑄬 𑄘𑄨'𑄌𑄮𑄉𑄧 𑄎𑄪𑄢𑄬𑄭 𑄡𑄬𑄝𑄧, 𑄡𑄬𑄝𑄧 𑄟𑄧𑄚𑄴 𑄉𑄮𑄣𑄨।",". যাওার সম দুই পা জুে যাবে,যাওা যাবে মনে হ"
𑄖𑄨𑄉𑄌𑄳𑄠 𑄍𑄨𑄘𑄨𑄝𑄧 𑄖𑄪𑄟𑄴𑄝𑄌𑄴।,তেতুলের বিচির সুগন্ধ
"𑄖𑄬, 𑄟𑄪𑄭𑄠𑄳𑄠𑄪 𑄌𑄬𑄢𑄬𑄌𑄴𑄑 𑄉𑄢𑄨𑄟𑄴 𑄖𑄧'𑄥𑄚𑄴 𑄘𑄮𑄣𑄴 𑄃𑄬𑄇𑄴𑄇𑄚𑄴 𑄜𑄪𑄣𑄴 𑄝𑄉𑄚𑄴 𑄥𑄎𑄬𑄟𑄴 ।",সে আর আমি চোরগা একটা ফুল বাগান বানাবো
"𑄃𑄨𑄇𑄳𑄠 𑄉𑄪𑄢𑄨 𑄘𑄮𑄣𑄴 𑄃𑄬𑄇𑄴𑄇𑄚𑄴 𑄛𑄨𑄖𑄴𑄗𑄨𑄟𑄨 𑄎𑄧𑄚𑄧𑄟𑄴 𑄤𑄧𑄇𑄴, 𑄘𑄮𑄣𑄴 𑄃𑄞 𑄝𑄬𑄭 𑄡𑄮𑄇𑄴।","একটা বাচ্চা সুন্দর একটা পৃথিবীতে যাক, সুন্দর চেহারা বেে যাক"
𑄃𑄧𑄟𑄧𑄣𑄬 𑄃𑄟 𑄞𑄬𑄭𑄃𑄪𑄚𑄧𑄢𑄴 𑄌𑄬𑄘𑄧𑄚𑄴 𑄃𑄬𑄝𑄧,আমরা আমাদের ভাই-বোনের মতো হবো
"""𑄉𑄪𑄭𑄠𑄧 𑄇𑄧𑄛𑄣𑄴, 𑄥𑄪𑄢𑄪𑄋𑄧𑄖𑄴, 𑄝𑄚𑄴𑄘𑄧𑄢𑄧 𑄇𑄧𑄛𑄣𑄴 𑄑𑄢𑄬𑄋𑄧𑄖𑄴""।","গুো কপাল,সুোর কপাল"
𑄃𑄬𑄌𑄳𑄠 𑄃𑄟 𑄦𑄨𑄣𑄴 𑄌𑄘𑄬𑄉𑄋𑄧𑄢𑄴𑄴 𑄃𑄪𑄚𑄴 𑄖𑄨𑄚𑄴𑄪 𑄦𑄬𑄘𑄇𑄴 𑄖𑄪𑄇𑄴।,আসা যাওার সম আমাদের হিল চূাটা তেতো হেছে
"𑄡𑄪𑄉𑄧 𑄡𑄪𑄉𑄧 𑄙𑄪𑄢𑄨 𑄚𑄚𑄁 𑄖𑄧𑄌𑄳𑄠, 𑄛𑄬𑄢𑄥𑄚𑄨 𑄦𑄘𑄬 𑄦𑄘𑄬 𑄞𑄬𑄘 𑄞𑄬𑄘 𑄤𑄧𑄠𑄳𑄠𑄭।","যুগের যুগ ধরে নানা ধরনের তসা,পাহাের পাে পাহাি পা ও"
𑄢𑄋 𑄇𑄣 𑄟𑄪'𑄤𑄰 𑄘𑄨𑄉𑄧 𑄇𑄞𑄪𑄣𑄴।,লাল কালো মুখও দুই কাপ
𑄟𑄧𑄚𑄚𑄨 𑄌𑄨𑄤𑄧𑄟𑄳𑄠।,"মনের জ্বালা, জ্বালা"
"𑄝𑄛𑄴 𑄘𑄬𑄙 𑄌𑄯𑄘𑄴𑄧 𑄛𑄪𑄢𑄪𑄌𑄴 𑄞𑄪𑄭, 𑄝𑄉𑄚𑄴 𑄦𑄢𑄬𑄭 𑄇𑄮𑄕 - 𑄇𑄪𑄕𑄨, 𑄉𑄮𑄕 -𑄉𑄪𑄚𑄨, 𑄢𑄪𑄇𑄴𑄈𑄁 𑄛𑄧𑄘𑄬 𑄇𑄣 𑄟𑄪𑄢𑄧𑄖𑄴 𑄟𑄙 𑄣𑄪𑄉𑄳𑄠𑄭 𑄖𑄧𑄌𑄳𑄠, 𑄛𑄬𑄢𑄥𑄚𑄨𑄖𑄴𑄪𑄚𑄴 𑄝𑄎𑄨𑄝𑄖𑄳𑄠𑄭।","বাবা দো দশ টাকা জিতে,বাগান হারিে কুনি,গোনা গুনি,রুখা পাে কালো পাে মাথা লুকাবো,পাহাের পাশে কালো পাে মাথা লুকাবো,পাহাের পাশে কালো মুখে মাথা লুকাবো,পাহাের পাশে কালো মুখে মাথা লুকাবো,পাহাের পাশে কালো মুখে মাথা লুকিে আছে"
"𑄖𑄪𑄃𑄧 𑄘𑄪𑄉𑄧𑄢𑄴 𑄥𑄨𑄟𑄬 𑄚𑄬𑄭, 𑄚𑄬𑄭 𑄙𑄪𑄡𑄨।","তুমি দুার সিমে নেই, শেষ হে গেছে"
"𑄇𑄧𑄙 𑄃𑄉𑄬 ""𑄃𑄬𑄢 𑄈𑄬𑄭𑄠𑄬 𑄝𑄊𑄧 𑄓𑄧𑄢𑄬 𑄌𑄨𑄖𑄴 𑄈𑄬𑄭𑄠𑄬 𑄝𑄊𑄧 𑄣𑄉𑄧𑄖𑄴 𑄛𑄠𑄴""।",কথা আছে এরা খেে বাঘের ভে কলিজা খেে বাঘের মতো লাগে
𑄃𑄢𑄧 𑄝𑄬𑄌𑄴 𑄘𑄪𑄉𑄧 𑄃𑄬𑄣𑄧 𑄎𑄪𑄟𑄴𑄧 𑄃𑄪𑄚𑄧𑄢𑄴 𑄎𑄩𑄁𑄦𑄚𑄨𑄖𑄴 𑄃𑄧𑄥𑄪𑄇𑄬 𑄝𑄨𑄥𑄪𑄈𑄬 𑄦𑄧𑄘𑄧𑄇𑄴 𑄃𑄧𑄛𑄧𑄘𑄬 𑄃𑄧𑄊𑄘𑄬 𑄟𑄪𑄢𑄨 𑄡𑄨𑄠𑄧𑄚𑄴।,"আরও বেশি বিপদ আসতেছে, আর বেশি বিপদ আসতেছে"
"𑄃𑄧𑄚𑄧 𑄃𑄧𑄚𑄧 𑄎𑄧𑄚𑄬 𑄉𑄌𑄴-𑄝𑄌𑄴 𑄣𑄰 𑄣𑄢𑄬𑄭 𑄉𑄧𑄖𑄴𑄬 𑄟𑄧𑄢𑄨 𑄉𑄬𑄣𑄇𑄴, 𑄛𑄪𑄋𑄴𑄉𑄪 𑄃𑄧𑄭 𑄝𑄬𑄥𑄪𑄚𑄴𑄎𑄪𑄇𑄴 𑄉𑄪𑄢𑄨 𑄃𑄬𑄇𑄴 𑄝𑄪𑄉𑄧 𑄃𑄝𑄨𑄣𑄳𑄠𑄌𑄴, 𑄦𑄧𑄚𑄴 𑄦𑄨𑄎𑄨𑄦𑄨𑄌𑄳𑄠 𑄉𑄪𑄢𑄨 𑄎𑄩𑄋𑄴𑄦𑄚𑄨 𑄉𑄧𑄋𑄘𑄧𑄚𑄴 𑄦𑄨𑄣𑄧𑄢𑄴 𑄟𑄚𑄬𑄃𑄪𑄚𑄴।","অনেক অনেক লোক গাছ থেকে বাঁশ-গাছ কেটে চলে গেল,পুে এই সব গুঁো করে জঙ্গল কেটে যাচ্ছে"
𑄥𑄣𑄬𑄚𑄴 𑄃𑄬𑄇𑄴𑄇 𑄌𑄮𑄉𑄧𑄣𑄬𑄎𑄧𑄚𑄴𑄘𑄨 𑄛𑄨𑄎𑄬 𑄛𑄨𑄢𑄨 𑄌𑄬𑄭 -,. সালেন একটু চোখ বাঁকা করে দেখে
𑄷𑅄𑄾𑄻 𑄥𑄣𑄴 𑄟𑄪𑄭 𑄥𑄧𑄇𑄴𑄇𑄬 𑄻 𑄝𑄧𑄎𑄧𑄌𑄳𑄠 𑄉𑄪𑄢𑄧 𑄃𑄬𑄣𑄪𑄁।,১.৮৫ সালে আমি আগে ৫ বছর বড় ছিলাম
𑄊𑄨𑄣𑄬 𑄦𑄢 𑄦𑄝𑄖𑄴𑄖𑄬 𑄘𑄘 𑄥𑄧𑄢𑄧𑄖𑄴 𑄇𑄚𑄴𑄖𑄨 (𑄎𑄬𑄖𑄴𑄖 𑄦𑄪𑄖𑄴 𑄞𑄬𑄭) 𑄘𑄉𑄨𑄘𑄪 𑄝𑄬𑄢 𑄡𑄨𑄠𑄧𑄋𑄴।,ঘিলে হাাতে দাদা সমের কান্তি (যেটা হাত দিে) ঘুরে বো
𑄦𑄇𑄴𑄇𑄚𑄴 𑄛𑄧𑄢𑄬 𑄟𑄳𑄦 𑄟𑄧𑄢𑄬 𑄛𑄬𑄘 𑄥𑄢𑄨 𑄥𑄢𑄨 𑄓𑄉𑄬𑄢𑄴।,হাত দিে মা আমাকে পেট দিে দািে
"𑄢𑄧𑄚𑄴𑄎𑄧𑄚𑄴 𑄟𑄪𑄚𑄨 𑄇𑄢𑄴𑄝𑄢𑄨 𑄛𑄢𑄖𑄴 𑄝𑄋𑄣𑄬, 𑄃𑄢𑄴𑄟𑄨𑄠𑄬 𑄌𑄋𑄟𑄳𑄦 𑄦𑄝𑄧𑄘𑄧𑄚𑄴।","রংধনুর পাে বাঙালি, আর্মিরা হামাগুি দিচ্ছে"
𑄥𑄪𑄚𑄨 𑄊𑄧𑄢𑄴 𑄟𑄧𑄇𑄳𑄠 𑄘𑄨𑄣𑄪𑄁 𑄙𑄝।,শোনা বািটা ফেলে দিলাম
𑄟𑄳𑄦𑄠𑄪 𑄦𑄧𑄚𑄴 𑄦𑄨𑄎𑄬𑄦𑄨𑄌𑄴𑄡𑄬 𑄉𑄪𑄢𑄨 𑄟𑄬𑄮 𑄦𑄧𑄎 𑄃𑄬𑄎𑄬𑄢𑄴।,পাহাে যাওার সম বাচ্চা হেছে
"𑄛𑄧𑄢𑄚𑄴 𑄗𑄨𑄘𑄧 𑄚𑄬𑄭, 𑄌𑄪𑄣𑄧 𑄃𑄉𑄖𑄴 𑄃𑄪𑄖𑄴𑄬।","প্রাণটা স্থির নেই,চুলের আগা উঠে"
"𑄛𑄧𑄢𑄚𑄴 𑄝𑄨𑄢𑄪𑄁 𑄝𑄨𑄢𑄪𑄁, 𑄝𑄪𑄉𑄧𑄖𑄴 𑄌𑄨𑄇𑄪𑄖𑄴-𑄌𑄇𑄖𑄴, 𑄥𑄪𑄣𑄭𑄚𑄨 𑄛𑄧𑄢𑄭 𑄃𑄧𑄉𑄢𑄴 𑄚𑄧' 𑄛𑄋𑄧𑄢𑄴।","পরানটা ব ব,বুো মাথা,সুো মাথা,সুি পা যা না"
𑄝𑄬𑄉𑄬 𑄙𑄬𑄭 𑄡𑄘𑄧𑄚𑄴।,দ্রুত চলে যাওা
"𑄦𑄣𑄴𑄣𑄮𑄁 𑄝𑄪𑄇𑄴𑄇𑄬 𑄝𑄪𑄇𑄴𑄇𑄬 𑄟𑄳𑄦-𑄝𑄮𑄚𑄪𑄚𑄴, 𑄝𑄛𑄴-𑄝𑄬𑄭𑄠𑄪𑄚𑄴 𑄉𑄪𑄢𑄪-𑄍𑄉𑄧𑄣𑄴 𑄓𑄨𑄋𑄨𑄢𑄬 𑄚𑄬𑄡𑄘𑄧𑄚𑄴।","পাহাে পাহাে মা-বোনেরা, বাবা-বোইন ছাগলটাকে নিে যাচ্ছে"
𑄥𑄬 𑄘𑄨𑄚𑄴 𑄃𑄬𑄣𑄧 𑄷𑅄 𑄥𑄬 𑄓𑄨𑄥𑄬𑄟𑄴𑄝𑄧𑄢𑄴 𑄷𑅄𑄾𑄻 𑄃𑄨𑄁𑄢𑄬𑄎𑄨।,সে দিন হলো ১. সে রাত হলো ২. সে দিন হলো বৃহস্পতিবার
𑄤𑄧𑄣𑄴 𑄎𑄮𑄣𑄴 𑄃𑄧𑄭 𑄦𑄨𑄠𑄳𑄠 𑄦𑄨𑄠𑄳𑄠 𑄛𑄪𑄃𑄧/𑄌 𑄜𑄬𑄣𑄬𑄭 𑄑𑄬𑄛𑄴 𑄑𑄬𑄛𑄴 𑄌𑄮𑄉𑄧 𑄛𑄚𑄨 𑄜𑄬𑄣𑄬 𑄜𑄬𑄣𑄬 𑄇𑄣 𑄏𑄢𑄧𑄖𑄴 𑄛𑄪𑄣𑄴𑄣𑄬𑄧𑄪𑄚𑄴।,.ওল জোা হেছে হেছে পুা/চামা ফেলতে ফেলতে কালো জঙ্গলে পলো
𑄃𑄟𑄨 𑄙𑄬𑄭 𑄉𑄬𑄣𑄧𑄁 𑄃𑄎𑄪 𑄘𑄉𑄨𑄙𑄪(𑄟 𑄇𑄪𑄣𑄬𑄚𑄴𑄘𑄨)।,আমরা পাহাে গেলাম আরু ডাকতেছি
"𑄃𑄎𑄪𑄣𑄮𑄭, 𑄝𑄬𑄝𑄬 𑄃𑄬𑄘𑄧𑄇𑄴𑄧𑄚𑄴 𑄘𑄧𑄢𑄴𑄛𑄰𑄢𑄬 𑄘𑄧𑄢𑄴𑄛𑄰𑄢𑄬 𑄃𑄊𑄚𑄴।","আাআি, বোই এত ভে ভে আছে"
𑄃𑄊 𑄃𑄬𑄎𑄬𑄢𑄴 𑄚 𑄟𑄪𑄘𑄧 𑄃𑄬𑄎𑄬𑄢𑄴 𑄖𑄢𑄠𑄳𑄠𑄪 𑄃𑄧𑄉𑄧𑄢𑄴 𑄚𑄧' 𑄛𑄘𑄧𑄚𑄴।,আাআি আসতেই তারা আর পাহাে পে না
𑄛𑄧𑄘𑄧 𑄦𑄨𑄖𑄴𑄬 𑄌𑄬𑄭 𑄗𑄚𑄴।,পদচিহ্ন অনুসরণ করে থাকা
𑄥𑄬𑄌𑄴 𑄟𑄬𑄌𑄴 𑄝𑄪𑄉𑄧 𑄛𑄧𑄢𑄭 𑄃𑄟𑄢𑄬 𑄖𑄣𑄌𑄴 𑄉𑄧𑄢 𑄃𑄬𑄝𑄢𑄴 𑄃𑄧𑄇𑄴𑄖𑄴𑄧 𑄃𑄟𑄨 𑄖𑄢 𑄃𑄨𑄘𑄪 𑄞𑄬𑄘 𑄘𑄨𑄠𑄮𑄭।,সে মলার বুো পার জন্য আমাকে তালা দো
𑄝𑄚 𑄦𑄨 𑄃𑄨𑄠𑄚𑄴 𑄚𑄰 𑄥𑄬𑄌𑄴. . . . . . . . . .?,.শুধু সে এইটা করে?
𑄥𑄬 𑄦𑄧𑄚𑄴 𑄥𑄪𑄎𑄧𑄇𑄳𑄠 𑄦𑄧𑄙 𑄦𑄧𑄣𑄬 𑄃𑄬𑅄𑄧 𑄦𑄨𑄠𑄬 𑄦𑄬𑄌𑄴𑄥𑄚𑄨 𑄃𑄪𑄝𑄧 𑄃𑄪𑄝𑄧 𑄃𑄧𑄠𑄴।,সে ভালো হেছে মনে হ
"𑄝𑄧𑄚 𑄝𑄧𑄚 𑄎𑄢𑄧 𑄦𑄘 𑄃𑄪𑄘𑄧𑄚𑄴, 𑄎𑄇𑄧𑄖𑄴 𑄎𑄇𑄧𑄖𑄴 𑄃𑄪𑄉𑄪𑄢𑄨 𑄃𑄪𑄘𑄧𑄁 𑄃𑄬𑄎𑄧।","অনেক অনেক জারজ হাত উে উঠছে,সাথে সাথে উো উঠছে"
𑄥𑄬 𑄇𑄣 𑄝𑄨𑄎𑄧𑄉𑄧𑄢𑄴 𑄃𑄢𑄴𑄟𑄨𑄖𑄴𑄪𑄚𑄴 𑄟𑄳𑄦-𑄝𑄳𑄦𑄝𑄳𑄦 𑄃𑄪𑄙𑄬 𑄃𑄪𑄠𑄧𑄚𑄴।,সে কালো বিজের আর্মি থেকে মা-বাি উঠে
𑄃𑄪𑄙𑄬 𑄚𑄧' 𑄦𑄧𑄚𑄴 𑄛𑄢 𑄟𑄚𑄪𑄌𑄴 𑄚𑄬𑄭।,.উঠা যাওা মানুষ নেই
𑄃𑄪𑄙𑄬 𑄃𑄪𑄠𑄬 𑄛𑄧𑄝𑄨𑄖𑄴𑄳𑄢 𑄟𑄳𑄦-𑄞𑄫𑄟𑄨 𑄦𑄨𑄣𑄴𑄌𑄘𑄬𑄉𑄁।,উে উে পবিত্র মাটি চতেছি
𑄾 𑄝𑄢𑄴 𑄃𑄟 𑄃𑄘𑄟𑄧 𑄊𑄧𑄢𑄚𑄨 𑄃𑄉𑄪𑄚𑄴 𑄝𑄎𑄬 𑄘𑄨𑄠𑄳𑄠 𑄃𑄪𑄠𑄳𑄠।,আমাদের বািগুলো আগুন দিে দে
𑄖' 𑄛𑄧𑄢𑄬 𑄡𑄬 𑄡𑄨𑄠𑄮𑄖𑄴 𑄛𑄧𑄢𑄚𑄴 𑄖𑄮𑄢𑄬 𑄛𑄢𑄬 𑄥𑄨𑄠𑄮𑄖𑄴 𑄍𑄨𑄘𑄨 𑄛𑄧𑄌𑄴𑄍𑄮𑄚𑄴 𑄚𑄚𑄋𑄴 𑄦𑄨𑄖𑄴𑄬𑄖𑄴।,তার পরে যে যেখানে পতে পারে সেখানে ছিঁে পে থাকতে হ
"𑄏𑄨𑄘𑄪 𑄘𑄉𑄨 𑄞𑄢𑄧𑄘𑄧𑄖𑄴 𑄞𑄢𑄧𑄘𑄧𑄖𑄴 𑄉𑄬𑄣𑄬𑄠𑄳𑄠𑄪 𑄃𑄟𑄨 𑄚𑄧' 𑄡𑄬𑄭 , 𑄚𑄨𑄎𑄧 𑄘𑄬𑄌𑄴 𑄍𑄢𑄨।",ঝিদু ডেকে ভে ভে গেলে আমরাও যা না
"""𑄡𑄬 𑄘𑄬𑄎𑄧𑄖𑄴 𑄎𑄧𑄢𑄴𑄟𑄧 𑄥𑄬 𑄘𑄬𑄎𑄧𑄖𑄴 𑄟𑄧𑄢𑄚𑄴"" 𑄃𑄨𑄠𑄚𑄴 𑄝𑄳𑄦𑄝𑄳𑄦𑄢𑄴 𑄦𑄧𑄙𑄃𑄬𑄣𑄧।",.যে দেশে বেশি ব ব হেছে সেটা বাাবাি হলো
𑄌𑄬𑄢𑄁 𑄌𑄬𑄢𑄁 𑄌𑄮𑄉𑄧 𑄛𑄚𑄨𑄠𑄬 𑄥𑄬 𑄘𑄨𑄚𑄴 𑄦𑄨𑄖𑄴𑄮 𑄦𑄘𑄪𑄟𑄴𑄮𑄃𑄨 𑄎𑄬𑄙 𑄜𑄢𑄧𑄇𑄴 𑄃𑄰 𑄛𑄧𑄌𑄴𑄍𑄬।,.চওা চওা চোখের পানি সে দিন চলতেছে হাত দিে
𑄃𑄎 𑄚𑄧' 𑄃𑄬𑄣𑄧 𑄘𑄬𑄊 𑄃𑄧𑄝𑄧𑄁 𑄦𑄨𑄖𑄴𑄮 𑄦𑄪𑄘𑄪𑄟𑄴𑄮𑄃𑄨।,আজ না আসার সম আমার পছন্দ হেছে
𑄃𑄟𑄨 𑄗𑄬𑄭 𑄉𑄬𑄣𑄧𑄁 𑄇𑄣 𑄟𑄮𑄚𑄧𑄖𑄴 𑄃𑄎𑄪 𑄘𑄉𑄨𑄘𑄪।,আমরা কালো পাে আসলাম
𑄛𑄃𑄣 𑄃𑄘𑄟𑄧𑄖𑄴 𑄚𑄨𑄎𑄧 𑄞𑄪𑄭 𑄎𑄧𑄟𑄨 𑄜𑄬𑄣𑄬 𑄝𑄳𑄦𑄝𑄳𑄦 𑄇𑄣 𑄟𑄮𑄚𑄴 𑄎𑄢𑄴 𑄎𑄪𑄟𑄴 𑄇𑄝𑄙 𑄧𑄢𑄴𑄣𑄴𑄧।,পাহাের গ্রামে নিজের জমি রেখে কালো পাহাের জুম করতেছে
𑄃𑄬𑄭 𑄏𑄢𑄧𑄖𑄴 𑄎𑄪𑄟𑄴 𑄇𑄝𑄧𑄘𑄳𑄠 𑄝𑄳𑄦𑄝𑄳𑄦 𑄒𑄬𑄦𑄧𑄖𑄴 𑄝𑄌𑄴 𑄝𑄧𑄎𑄬𑄠𑄳𑄠।,এই জঙ্গলে জুম কাটার জন্য বাঁশ বসানো হ
𑄢𑄋 𑄣𑄮 𑄞𑄨𑄎𑄨 𑄉𑄬𑄣𑄴 𑄚𑄖𑄴 𑄞𑄫𑄭।,লাল হলুদ ভে গেল নাকের কাছে
𑄟𑄳𑄦 𑄝𑄌𑄴𑄌𑄪𑄢𑄨 𑄗𑄮𑄉𑄘𑄳𑄠 𑄃𑄏𑄢𑄴 𑄈𑄬𑄭 𑄝𑄋𑄬𑄘𑄨 𑄦𑄘𑄧 𑄢𑄧𑄉𑄧 𑄇𑄝 𑄡𑄨𑄠𑄳𑄠।,পাহাের চাপ খেে পাহাের রগ কেটে যা
𑄃𑄬𑅄𑄧 𑄥𑄬 𑄦𑄖𑄴𑄗𑄚𑄴𑄮 𑄓𑄋𑄧𑄢𑄴 𑄎𑄨𑄚𑄨𑄌𑄴 𑄙𑄧𑄢𑄴𑄖𑄳𑄠 𑄦𑄧𑄌𑄴𑄖𑄧 𑄃𑄧𑄠𑄴।,.সে হাত দিে ব জিনিস ধরতো
"𑄃𑄟 𑄇𑄠𑄴 𑄃𑄘𑄟𑄴 ""𑄎𑄚𑄴𑄘𑄨 𑄟𑄪𑄢𑄧"" 𑄛𑄳𑄢𑄬𑄟𑄴𑄖𑄧𑄣 𑄝𑄛𑄴 𑄝𑄌𑄴 𑄇𑄝 𑄡𑄬𑄭𑄚𑄬𑄭 𑄞𑄣𑄪𑄇𑄧𑄖𑄴𑄪𑄚𑄴 𑄇𑄟𑄧𑄢𑄴 𑄈𑄬𑄭 𑄃𑄇𑄣𑄬 𑄟𑄪𑄢𑄨 𑄛𑄨𑄠𑄳𑄠।",আমাদের গ্রামের মানুষরা ভালুক থেকে কামি খেে আসছে
𑄃𑄨𑄠𑄚𑄨 𑄟𑄧𑄢𑄴 𑄘𑄨' 𑄌𑄮𑄉𑄬 𑄘𑄨𑄇𑄴𑄇𑄬 𑄊𑄧𑄑𑄧𑄚।,এগুলো আমার দুচোখের মধ্যে দেখা যা
"𑄃𑄨𑄇𑄳𑄠 𑄉𑄪𑄢𑄨 𑄦𑄧𑄘𑄧𑄇𑄴 𑄝𑄛𑄴 - 𑄞𑄬𑄭, 𑄟𑄳𑄦-𑄝𑄮𑄚𑄴 𑄟𑄪𑄚𑄨 𑄉𑄬𑄣𑄇𑄴, 𑄛𑄪𑄋𑄴𑄉𑄪 𑄃𑄧𑄭 𑄝𑄪𑄉𑄧 𑄘𑄨𑄝𑄬𑄘𑄨𑄛𑄴𑄝𑄬 𑄉𑄪𑄢𑄨 𑄎𑄨𑄁𑄦𑄚𑄨 𑄖𑄮𑄢𑄘𑄧𑄚𑄴।","একটা বাচ্চা হেছে বাবা,ভাই-বোন চলে গেল"
𑄃 𑄡𑄢 𑄞𑄢𑄧𑄘𑄧𑄖𑄴 𑄥𑄧𑄢𑄧𑄕𑄖𑄴𑄗𑄨 𑄡𑄨𑄠𑄧𑄚𑄴 𑄖𑄢𑄢𑄴 𑄘𑄪𑄉𑄧 𑄇𑄧𑄙 𑄝𑄪𑄉𑄧 𑄍𑄨𑄢𑄨 𑄘𑄬𑄊𑄬𑄝𑄢𑄴 𑄚𑄧𑄠𑄴।,. যারা ভার বহন করছে তাদের কথা বুো করে দেখার নাই
𑄈𑄬𑄭 𑄚𑄧' 𑄛𑄬𑄚𑄳𑄠𑄭 𑄛𑄬𑄘𑄧 𑄃𑄋𑄪𑄘𑄬 𑄃𑄋𑄪𑄘𑄬 𑄢𑄪𑄃𑄪𑄚𑄴।,খেে না পেে পেট ভরে রুা
𑄥𑄨𑄖𑄴𑄪𑄚𑄴 𑄝𑄬𑄌𑄴 𑄇𑄧𑄢𑄪𑄚𑄴 𑄃𑄬𑄣𑄧 𑄃𑄪𑄘𑄧𑄞𑄌𑄴𑄖𑄴𑄧 𑄎𑄨𑄋𑄴𑄦𑄚𑄨।,সেখান থেকে বেশি করে পানি উঠতেছে
𑄥𑄧𑄘𑄬𑄎𑄧𑄖𑄴 𑄖𑄬𑄣𑄬𑄠𑄳𑄠𑄪 𑄥𑄪𑄉𑄧 𑄦𑄨 𑄎𑄨𑄚𑄨𑄌𑄴 𑄞𑄝𑄨𑄝𑄢𑄴 𑄎𑄪 𑄚𑄬𑄭।,.সকালে তেল দিে সুন্দর হ এমন জিনিস ভাবার জো নেই
𑄃𑄣𑄪 𑄉𑄘𑄧𑄖𑄴 𑄛𑄪𑄢𑄨 𑄟𑄪𑄢𑄨 𑄡𑄨𑄠𑄧𑄚𑄴 𑄝𑄨𑄎𑄧𑄉𑄧 𑄃𑄊𑄬।,আলুর গাে পুিে যে পোকা আছে
"𑄥𑄧𑄢𑄧𑄚𑄢𑄴𑄗𑄩𑄃𑄪𑄚𑄧𑄢𑄬 𑄞𑄢𑄧𑄖𑄧 𑄥𑄧𑄢𑄴𑄇𑄌𑄳𑄠 𑄘𑄨' 𑄃𑄬𑄇𑄴𑄇 𑄚𑄉𑄧𑄖𑄴 𑄌𑄪𑄟𑄬 𑄘𑄨𑄣𑄬𑄠𑄳𑄠𑄪, 𑄡𑄢 𑄥𑄧𑄘𑄬𑄎𑄧𑄖𑄴 𑄃𑄬𑄣𑄇𑄴, 𑄡𑄢 𑄚𑄨𑄎𑄧 𑄞𑄫𑄫𑄭 𑄎𑄧𑄟𑄨 𑄜𑄬𑄣𑄬 𑄢𑄪𑄇𑄴𑄇𑄋𑄧𑄖𑄴 𑄟𑄙 𑄣𑄪𑄊𑄳𑄠𑄠𑄪𑄚𑄴 𑄖𑄢 𑄌𑄪𑄇𑄴 𑄌𑄪𑄇𑄴, 𑄟𑄧𑄢 𑄟𑄧𑄌𑄳𑄠 𑄝𑄪𑄉𑄨 𑄣𑄰 𑄷𑄻-𑄸𑄶 𑄇𑄨.𑄟𑄨. 𑄛𑄧𑄘𑄧 𑄟𑄯𑄚𑄴-𑄟𑄪𑄢𑄴 𑄞𑄋𑄨 𑄍𑄧𑄢 𑄉𑄋𑄴 𑄍𑄨𑄢𑄨 𑄜𑄮𑄛𑄬 𑄜𑄮𑄛𑄬 𑄃𑄘 𑄦𑄧𑄣𑄮𑄘𑄧 𑄝𑄨𑄎𑄨 𑄘𑄨' 𑄃𑄬𑄇𑄴𑄇𑄚𑄴 𑄝𑄎𑄢𑄴 𑄝𑄬𑄌𑄴 𑄉𑄧𑄢𑄴𑄣𑄴𑄬 𑄥𑄚𑄴𑄖𑄨 𑄝𑄦𑄩𑄚𑄨 𑄝𑄎𑄢𑄴 𑄦𑄮𑄭 𑄦𑄮𑄭 𑄦𑄢𑄨 𑄢𑄊𑄚𑄴, 𑄘𑄧𑄊𑄬 𑄚𑄧' 𑄃𑄧𑄣𑄬 𑄟𑄢𑄴 𑄛𑄨𑄖𑄴 𑄉𑄧𑄢𑄨 𑄦𑄎𑄡𑄧𑄖𑄴 𑄔𑄮𑄉𑄬 𑄘𑄳𑄠𑄪𑄚𑄴।",".সরনার্থীদেরকে ভারত সকা দিে চুি দিে, যারা নিজ জমি থেকে জমি নিে আসে,তারা পাহাের পাশ দিে হেঁটে যাচ্ছে,মরা মলা পাহাের পাশ দিে হেঁটে আসে, যারা নিজ জমি থেকে পাহািে আসে,তারা নিজেদের জমি ফেলে দিে ঘুরে ঘুরে রে থাকে"
𑄝𑄎𑄢𑄧𑄖𑄴 𑄥𑄟𑄘𑄬 𑄘𑄨' 𑄃𑄋𑄪𑄣𑄴𑄬 𑄃𑄬𑄇𑄴𑄇𑄚𑄴 𑄦𑄉𑄮𑄌𑄴 𑄘𑄳𑄠𑄪𑄚𑄴।,বাজারে সামাদ দুই আঙুল দিে একটি হাত দিে
𑄃𑄬𑄖𑄴𑄬 𑄥𑄧𑄣𑄖𑄴 𑄥𑄨𑄠𑄚𑄴 𑄘𑄨' 𑄃𑄬𑄡 𑄛𑄧𑄢𑄬।,এখানে ওখানে সেটা দিে আসতে হ
𑄦𑄢𑄬𑄣𑄬 𑄝𑄇𑄴𑄝𑄇𑄴𑄈𑄬 𑄛𑄉𑄚 𑄢𑄮𑄘𑄧𑄖𑄴 𑄃𑄪𑄝𑄧𑄖𑄴 𑄛𑄪𑄚𑄴𑄘𑄪𑄢𑄨 𑄉𑄧𑄢𑄨 𑄢𑄊𑄚𑄴।,হারিে গেলে শুধু রোদে পে থাকে
𑄚𑄚𑄋𑄴 𑄟𑄌𑄴𑄖𑄨 𑄘𑄳𑄠𑄪𑄚𑄴।,নানা ধরনের মাছ দিে
𑄟𑄪𑄣𑄪𑄇𑄴 𑄇𑄧𑄙 𑄃𑄧𑄣𑄘𑄬 𑄛𑄑𑄨 𑄥𑄧𑄌𑄴𑄥𑄧𑄖𑄳𑄢𑄧 𑄣𑄢𑄬𑄭𑄠𑄧𑄖𑄴 𑄃𑄪𑄘𑄧𑄝𑄌𑄴𑄖𑄪 𑄝 𑄥𑄧𑄘𑄬𑄎𑄧𑄖𑄴 𑄢𑄧𑄠𑄬 𑄟𑄚𑄬𑄭𑄃𑄪𑄚𑄧𑄢𑄴 𑄞𑄫𑄟𑄨𑄇 𑄝𑄬𑄌𑄴 𑄗𑄚𑄢𑄴 𑄛𑄧𑄢𑄴𑄠𑄳𑄠𑄪 𑄖𑄢 𑄇𑄧𑄛𑄣𑄧𑄖𑄴 𑄛𑄢𑄴𑄝𑄧𑄖𑄴𑄖𑄳𑄠𑄧 𑄌𑄪𑄇𑄴𑄖𑄨𑄖𑄴 𑄣𑄬𑄊 𑄗𑄬𑄣𑄬𑄠𑄳𑄠𑄪 𑄃𑄬𑅄𑄧 𑄃𑄬𑄇𑄴 𑄇𑄚 𑄛𑄧𑄠𑄴𑄥𑄬 𑄃𑄧𑄚𑄪𑄘𑄚𑄴 𑄚𑄧' 𑄎𑄪𑄑𑄬।,পাহাে পাহাে হেঁটে গেলে তাদের ভাগ্য বেশি হ না
𑄛𑄤𑄧𑄖𑄴𑄨 𑄤𑄧 𑄚𑄬𑄭।,পাহাি ও নেই
𑄛𑄢𑄴𑄝𑄧𑄖𑄴𑄖𑄳𑄠𑄧 𑄌𑄪𑄇𑄴𑄖𑄨 𑄝𑄬𑄉𑄧𑄢𑄴 𑄟𑄪' 𑄛𑄮𑄖𑄛𑄮𑄖𑄳𑄠 𑄉𑄪𑄢𑄨 𑄘𑄨𑄣𑄬𑄠𑄳𑄠𑄪 𑄃𑄨𑄢𑄪𑄇𑄴 𑄘𑄨𑄚𑄧𑄢𑄴 𑄛𑄧𑄢𑄨𑄖𑄴𑄖𑄨𑄖𑄨 𑄈𑄪𑄃𑄪𑄝𑄴 𑄝𑄬-𑄥𑄪𑄚𑄴𑄎𑄪𑄇𑄴 𑄉𑄧𑄢𑄬𑄢𑄴।,.পারভাতের মতো আমি পাহাে দৌাদৌি করিও না
𑄘𑄪𑄉𑄧𑄉𑄚𑄴 𑄖𑄢𑄢𑄴 𑄃𑄨𑄠𑄚𑄴।,তাদের এইটা
𑄃𑄬𑄌𑄳𑄠 𑄖𑄢𑄖𑄴𑄪𑄚𑄴 𑄚𑄚𑄋𑄴 𑄛𑄮𑄭𑄘𑄳𑄠𑄚𑄬 𑄌𑄀𑄘 𑄘𑄝𑄨 𑄉𑄧𑄢𑄧𑄚𑄴।,.আসারা তাদের কাছ থেকে অনেক চাঁদা নিে থাকে
𑄃 𑄎𑄪𑄟𑄴 𑄇𑄝𑄚 𑄝𑄙 𑄘𑄳𑄠𑄪𑄚𑄴 𑄇𑄝𑄳𑄠 𑄎𑄪𑄟𑄴 𑄉𑄧𑄢𑄨 𑄚𑄧' 𑄛𑄚𑄴।,.এ জুম কাটা বাধা দিে কাটা যা না
"𑄖𑄬, 𑄦𑄬𑄋𑄴𑄢𑄨 𑄝𑄎𑄨𑄝𑄧𑄁 𑄦𑄨𑄋𑄴𑄢𑄨 ?","সে,হেঁচকির মতো থাকবে?"
𑄃𑄬𑄌𑄳𑄠 𑄥𑄧𑄢𑄴𑄇𑄌𑄳𑄠 𑄛𑄢𑄴𑄝𑄧𑄖𑄴𑄖𑄳𑄠𑄧 𑄌𑄪𑄇𑄴𑄖𑄨 𑄝𑄌𑄴𑄖𑄧𑄝𑄠𑄧𑄚𑄴 𑄚𑄧' 𑄉𑄧𑄢𑄚𑄢𑄴 𑄇𑄢𑄧𑄕𑄬 𑄚𑄚𑄋𑄴 𑄥𑄧𑄟𑄧𑄥𑄳𑄠 𑄔𑄬𑄣𑄖𑄴𑄪𑄚𑄴 𑄔𑄬𑄣 𑄎𑄧𑄚𑄧𑄟𑄴 𑄃𑄧𑄢𑄴।,.এ যুগের মানুষরা চুক্তি করে না বলে বিভিন্ন সমের ডাল থেকে ঢেঁা বের করবে
"𑄛𑄢'𑄝𑄧𑄖𑄳𑄠𑄧 𑄌𑄧𑄖𑄴𑄑𑄧𑄉𑄳𑄢𑄟𑄧𑄖𑄴 𑄃𑄉𑄪𑄚𑄴 𑄎𑄧𑄣𑄬𑄢𑄴, 𑄝𑄧𑄚 𑄝𑄧𑄚 𑄇𑄣 𑄙𑄪𑄟𑄧 𑄘𑄬𑄝𑄝𑄪𑄢𑄬 𑄛𑄉𑄧𑄣𑄴 𑄉𑄧𑄌𑄴𑄡𑄳𑄠।","পাহাে চূা আগুন জ্বলতেছে,অনেকগুলো কালো ধোঁার জন্য পাগল হেছে"
"𑄃𑄳𑄠𑄬𑄃𑄨𑄣𑄴 𑄃𑄉𑄌𑄴 𑄦𑄧𑄣𑄧𑄖𑄳𑄠 𑄃𑄧𑄭 𑄃𑄬𑄎𑄬𑄢𑄴 𑄇𑄢𑄴𑄞𑄨𑄃𑄪(𑄥𑄚𑄴𑄙𑄳𑄠 𑄃𑄭𑄚𑄴), 𑄷𑄺𑄺 𑄙𑄢 𑄎𑄢𑄨, 𑄾𑄶𑅄𑄶 𑄘𑄧𑄥𑄧𑄇𑄴 𑄥𑄚𑄴 𑄃𑄬𑅄𑄧 𑄥𑄟𑄧𑄢𑄨𑄇𑄴 𑄥𑄥𑄧𑄚𑄬 𑄃𑄬𑄌𑄳𑄠 𑄃𑄢𑄴𑄟𑄨𑄃𑄪𑄚𑄧𑄢𑄴 𑄝𑄪𑄪𑄪𑄣𑄬𑄑𑄧𑄢𑄴 𑄟𑄳𑄦 - 𑄝𑄮𑄚𑄧𑄢𑄴 𑄝𑄪𑄉𑄧 𑄞𑄬𑄘 𑄞𑄬𑄘 𑄉𑄧𑄢𑄬।",".আকাশে বজ্রপাত হেছে, ১৪৪ ধারা জারি, ৮৫০ জন সেনা সমে আসা আর্মির সাথে যুদ্ধ করতেছে"
"𑄸𑄶𑄶𑄹 𑄥𑄣𑄧𑄖𑄴 𑄃𑄉𑄧𑄥𑄧𑄑𑄧 𑄟𑄧𑄦𑄣𑄴 𑄍𑄧𑄢𑄨 𑄛𑄧𑄢 𑄟𑄘𑄨 𑄦𑄬𑄢𑄴 𑄃𑄪𑄘𑄧𑄘𑄬 𑄚𑄧' 𑄃𑄪𑄘𑄧𑄘𑄬 𑄸𑄶𑄷𑄶 𑄥𑄣𑄧𑄖𑄴 𑄷𑅄-𑄸𑄶 𑄜𑄬𑄛𑄴𑄝𑄳𑄢𑄧𑄧𑄠𑄢𑄨 𑄝𑄊𑄬 𑄦𑄑𑄧, 𑄸𑄼 𑄜𑄬𑄛𑄴𑄝𑄳𑄢𑄧𑄧𑄠𑄢𑄨 𑄦𑄉𑄢𑄍𑄃𑄢𑄨 𑄹𑄶𑄶 𑄃𑄧𑄙𑄨𑄇𑄴 𑄊𑄧𑄢𑄧𑄖𑄴 𑄃𑄉𑄚𑄴 (𑄘𑄨' 𑄠𑄚𑄴 𑄦𑄨𑄠𑄧𑄁 𑄥𑄧𑄟𑄪𑄖𑄴𑄧), 𑄝𑄪𑄘𑄴𑄧 𑄟𑄪𑄖𑄴𑄖𑄨 𑄞𑄋𑄨 𑄘𑄳𑄠𑄪𑄚𑄴।",".২০০৩ সালে আগের চাইতে অনেক নরম মাটি হেছে, ২ ফুট পাহাের মাটি ৩ ফুট দিে হেঁটে যাওার জন্য ৩ ফুট বািে আসলাম,বুো মাথা ভেঙে দাও"
𑄝𑄪𑄘𑄴𑄧 𑄛𑄧𑄖𑄨 𑄥𑄧𑄟𑄪𑄖𑄴𑄧 𑄽 𑄎𑄧𑄚𑄴 𑄌𑄋𑄴𑄟𑄳𑄦 𑄃𑄢𑄴𑄟𑄨𑄃𑄪𑄚𑄧𑄢𑄴 𑄝𑄪𑄣𑄬𑄑𑄧𑄢𑄴 𑄛𑄧𑄢𑄚𑄴 𑄘𑄨'𑄛𑄨𑄠𑄧𑄚𑄴।,বুো স্বামী গুলো ৭ জন চামা আর্মির বুলেট পেছে
"𑄃𑄬𑄢𑄧 𑄨𑄞𑄨𑄘𑄨𑄢𑄬 𑄥𑄨𑄘𑄪 𑄌𑄁𑄟𑄳𑄦𑄃𑄪𑄚𑄧𑄢𑄬 𑄎𑄪𑄟𑄴 𑄇𑄝 𑄝𑄙 𑄘𑄳𑄠𑄪𑄚𑄴, 𑄇𑄝𑄨 𑄚𑄧' 𑄛𑄚𑄴।","তার পেছনে সেই চাকমারা জুমের কাটা দিে দে, কাটতে পাওা যা না"
𑄖𑄬 𑄝𑄎𑄚 𑄦𑄨𑄋𑄴𑄢𑄨 ?,সে বাাবাি করে
𑄃𑄧𑄚𑄴𑄖𑄧𑄖𑄴 𑄝𑄎𑄨𑄝𑄢𑄴 𑄛𑄧𑄘𑄧 𑄘𑄬𑄊𑄬𑄭 𑄘𑄬𑄚 𑄘𑄧𑄢𑄴𑄇𑄢𑄴 𑄚𑄧𑄡𑄴 𑄦𑄨 ?,.নিঃসঙ্গতার পদ দেখলে ভ লাগে নাকি?
𑄝𑄬𑄉𑄧𑄢 𑄃𑄉𑄬 𑄚𑄨𑄎𑄧𑄢𑄴 𑄎𑄉 𑄎𑄧𑄟𑄨 𑄦𑄢𑄬𑄭 𑄝𑄙𑄳𑄠 𑄃𑄧𑄭𑄛𑄨𑄠𑄧𑄚𑄴 𑄢𑄨𑄎𑄬𑄝𑄴 𑄎𑄢𑄧𑄖𑄴 𑄟𑄙 𑄣𑄪𑄉𑄬𑄠𑄪𑄚𑄴।,বেগরা আগে নিজের জাগা জমি হারিে বাঁধতো এখন মাথা নিচু করে
"𑄇𑄧𑄙 𑄃𑄊𑄬, ""𑄌𑄪𑄢𑄬 𑄚𑄨𑄣𑄬 𑄌𑄬𑄢𑄴 𑄃𑄬𑄇𑄴 𑄇𑄪𑄚𑄴, 𑄓𑄇𑄨𑄘𑄬 𑄚𑄨𑄣𑄬 𑄖𑄨𑄚𑄴 𑄇𑄪𑄚𑄴 𑄃 𑄃𑄉𑄪𑄚𑄬 𑄚𑄨𑄣𑄬 𑄌𑄬𑄢𑄴 𑄇𑄪𑄚𑄴।",".কথা আছে,বলতে গেলে এক কথা,ডাকলে তিন কথা,ডাকলে তিন কথা"
""" 𑄃𑄬𑄌𑄳𑄠 𑄝𑄬𑄉𑄧 𑄇𑄨𑄎𑄪 𑄦𑄢𑄬𑄭 𑄇𑄧𑄣 𑄈𑄬𑄭 𑄛𑄧𑄢𑄚𑄴 𑄖𑄮𑄢𑄘𑄧𑄚𑄴, 𑄥𑄬 𑄎𑄉𑄖𑄴 𑄎𑄪𑄟 𑄇𑄝 𑄝𑄙।",".এই বেগের সাথে কলা খেে পা, সেই জাগা কবর দেওা হ"
𑄥𑄣𑄬𑄚𑄴 𑄃𑄨𑄠𑄚𑄴 𑄃𑄧𑄟𑄚𑄴𑄝𑄨𑄇𑄴 𑄃𑄌𑄧𑄢𑄧𑄚𑄴 𑄦𑄟𑄇𑄴𑄇𑄭।,. সালেনটা খুব খারাপ ব্যবহার
"𑄖𑄬, 𑄝𑄧𑄢𑄴 𑄞𑄬𑄭𑄠𑄪𑄚𑄴 𑄟𑄪𑄭 𑄖𑄮𑄟𑄢𑄬 𑄇𑄪𑄎𑄮𑄣𑄨 𑄉𑄧𑄎𑄁 𑄃𑄬𑄇𑄴𑄝𑄢𑄴 𑄖𑄪𑄟𑄨 𑄦𑄨 𑄝𑄪𑄎𑄨𑄝𑄢𑄴 𑄌𑄧' 𑄃𑄟 𑄎𑄘𑄧𑄢𑄴 𑄘𑄪𑄇𑄴𑄈𑄚𑄨।","সে, ব ভাই-বোনেরা আমি তোমাকে অনেক কষ্ট দিেছি"
𑄇𑄧𑄠𑄴 𑄖𑄧𑄌𑄳𑄠 𑄈𑄬𑄝𑄇𑄴।,কটা ভাত খাওা
𑄎𑄘𑄧 𑄞𑄬𑄭𑄠𑄮𑄢𑄴 𑄖𑄧𑄌𑄳𑄠 𑄚 𑄃𑄧𑄚𑄳𑄠𑄧 𑄎𑄘𑄧𑄢𑄴 𑄖𑄧𑄌𑄳𑄠।,জাগা ভাইার তসা না অন্য জাগা তসা
"𑄡𑄬 𑄟𑄳𑄦 𑄪 𑄝𑄮𑄚𑄪𑄚𑄴 𑄖𑄧𑄌𑄳𑄠 𑄛𑄬𑄢𑄥𑄚𑄨 𑄈𑄘𑄧𑄚𑄴, 𑄡𑄬 𑄝𑄛𑄧𑄢𑄴 - 𑄞𑄬𑄭𑄠𑄬 𑄛𑄬𑄢𑄥𑄢𑄴 𑄈𑄘𑄧𑄚𑄴 ,𑄥𑄬 𑄟𑄳𑄦 𑄪- 𑄝𑄮𑄚𑄧𑄢𑄴 𑄝𑄪𑄉𑄧𑄢𑄴 𑄣𑄮 (𑄘𑄪𑄙𑄧) 𑄈𑄬𑄭, 𑄥𑄬 𑄝𑄛𑄧𑄢𑄴 -𑄞𑄬𑄭𑄠𑄧𑄢𑄴 𑄛𑄨𑄘𑄨𑄖𑄴 𑄇𑄚𑄖𑄴 𑄥𑄪𑄢𑄨 𑄥𑄪𑄢𑄨 𑄚𑄝𑄣𑄧𑄇𑄧𑄖𑄴𑄪𑄚𑄴 𑄍𑄝𑄧𑄣𑄧𑄇𑄴, 𑄓𑄋𑄧𑄢𑄴 𑄓𑄨𑄋𑄧𑄢𑄴 𑄃𑄰 𑄎𑄘𑄧𑄢𑄴 𑄟𑄪𑄇𑄴𑄖𑄨𑄖𑄳𑄠𑄭 𑄣𑄢𑄬𑄭 𑄉𑄧𑄢𑄧𑄢𑄴 𑄘𑄮𑄮𑄣𑄴 𑄇𑄧𑄙 𑄖𑄳𑄠𑄪𑄃𑄧 𑄦𑄨𑄖𑄴𑄖𑄬𑄭 𑄝𑄪𑄏𑄨𑄝𑄢𑄴 𑄌𑄬𑄢𑄌𑄴𑄑 𑄚𑄧' 𑄉𑄧𑄢𑄧𑄢𑄴 𑄖𑄢𑄢𑄴 𑄘𑄪𑄉𑄧𑄇𑄚𑄨 ?",".যে মা বোন দুধ খেে খা, যে বাপ-বোন দুধ খেে খা, সেই বাপ-বোনের দুধটা খা, ব ব দুধ খা, ব ডিঙর ডিঙর নদীর তীরে দৌাদৌি করে,সে বাপ-বোনের দুধ খা,এত ব ব দুধ খেেছে,এত ব দুধ খেেছে,এত ব দুধ খেে পাহাের মধ্যে পাহাের দুধ খা, যে বাপ-বোনের দুধ খা,এত ব ব বে পে পে"
"𑄘𑄉𑄧 𑄇𑄧𑄙𑄖𑄴 𑄃𑄊𑄬 ""𑄣𑄪𑄢𑄧 𑄥𑄪𑄉𑄧𑄢𑄴 𑄥𑄣𑄧𑄖𑄴 𑄃𑄪𑄘𑄨𑄣𑄬 𑄊𑄪𑄉𑄧 𑄉𑄫𑄊𑄨 𑄓𑄋𑄧𑄢𑄴 𑄃𑄧𑄠𑄴""।",".লবনাক্ত কথা আছে,লবনাক্ত কথা উঠলে গাে গুো করে"
"𑄥𑄧𑄇𑄳𑄠 𑄎𑄖𑄴 𑄞𑄬𑄭 , 𑄦𑄨𑄖𑄴𑄮𑄦𑄘𑄪𑄟𑄴 𑄚𑄧' 𑄌𑄨𑄚𑄧𑄚𑄴।","এক জাতী ভাই, সহজে দেখা যা না"
"𑄚𑄬𑄠𑄳𑄠 - 𑄚𑄙, 𑄝𑄪𑄢𑄧 - 𑄝𑄪𑄢𑄨 𑄇𑄧𑄙𑄚𑄨 𑄃𑄟𑄧𑄣𑄴 𑄚𑄧' 𑄘𑄳𑄠𑄪𑄚𑄴।","নো - নাা, বুো কথা গুলো আমল দে না"
𑄥𑄬 𑄞𑄋 𑄞𑄋 𑄇𑄧𑄙𑄚𑄨 𑄎𑄧𑄢 𑄚𑄧' 𑄝𑄧𑄖𑄴𑄖𑄬 𑄃𑄪𑄛𑄧𑄘𑄬𑄌𑄴 𑄡𑄪𑄚𑄨 𑄃𑄟𑄧𑄣𑄴 𑄉𑄧𑄖𑄴𑄖𑄇𑄴 𑄎𑄖𑄴𑄪 𑄃𑄬𑄇𑄴𑄇 𑄃𑄧𑄣𑄬𑄠𑄪 𑄞𑄣𑄬𑄘𑄨 𑄃𑄬𑄣𑄫𑄚𑄴 𑄦𑄟𑄇𑄴𑄇𑄭।,সে ভাঙা ভাঙা কথা গুলো সহ্য করতে পারতেছে না বলে শুধু ভালো করে আসতেছে
"𑄘𑄪𑄇𑄴𑄈𑄬 𑄝𑄛𑄴-𑄞𑄬𑄭𑄠𑄪𑄚𑄴 𑄥𑄧𑄦𑄧𑄎𑄧 𑄥𑄧𑄣𑄧𑄢𑄴 𑄃𑄧𑄣𑄬𑄠𑄪 𑄎𑄖𑄴𑄖𑄮𑄖𑄳𑄠 𑄝𑄨𑄢𑄬𑄖𑄴 𑄃𑄬𑄇𑄴𑄇𑄚𑄴 𑄗𑄚𑄴 𑄃𑄊𑄬, 𑄃𑄊𑄬 𑄃𑄖𑄣𑄨𑄠𑄬 𑄦𑄮𑄌𑄴𑄛𑄚 𑄃 𑄞𑄧𑄇𑄴𑄖𑄨 𑄥𑄧𑄢𑄧𑄘𑄧𑄙 𑄝𑄨𑄎𑄮𑄢𑄴 𑄇𑄪𑄢𑄧 𑄇𑄝𑄨 𑄇𑄝𑄬𑄠𑄬 𑄝𑄨𑄎𑄧𑄉𑄧 𑄃𑄊𑄬।","কষ্টেসৃষ্টে বাবা-ছেলেরা গ্রামে অনেক দিন আছে, আছে একা একা কাজ করার অনেক শখ আছে"
𑄟𑄖𑄴𑄖𑄧𑄢𑄴 𑄃𑄟 𑄢𑄎𑄧𑄚𑄨𑄖𑄨 𑄌𑄬𑄣𑄃𑄪𑄚𑄴 𑄥𑄨𑄠𑄚𑄨 𑄚𑄧' 𑄝𑄪𑄎𑄧𑄚𑄴।,.মানুষরা শুধু আমাদের political leaders সেগুলো বোঝে না
𑄚𑄋𑄬 𑄑𑄋𑄬 𑄝𑄰𑄙𑄳𑄠 𑄞𑄬𑄭 𑄉𑄪𑄚𑄬 𑄟𑄧𑄚𑄴𑄖𑄧𑄢𑄬 𑄨𑄇𑄌𑄴𑄎𑄪 𑄚𑄬𑄭।,পাহাে হেঁটে ভালো করে কামাতে হ না
𑄬𑄧𑄇𑄴 𑄘𑄨𑄚𑄴 𑄝𑄬𑄉𑄧𑄢𑄴 𑄥𑄪𑄞𑄧 𑄝𑄪𑄘𑄴𑄨 𑄃𑄨𑄘𑄮𑄖𑄴 𑄃𑄪𑄘𑄨𑄝𑄧।,কত ব ব মানুষ এখানে আসবে
"𑄡𑄬,𑄇𑄧𑄛𑄣𑄧𑄢𑄴 𑄊𑄟𑄴 𑄏𑄧𑄢𑄬 𑄎𑄘𑄧𑄢𑄴 𑄃𑄬𑄢𑄚𑄧𑄖𑄳𑄠𑄭 𑄘𑄪𑄇𑄴𑄇𑄬 𑄎𑄖𑄴 𑄞𑄬𑄭𑄠𑄪𑄚𑄬 𑄌𑄀𑄘 𑄘𑄬𑄘𑄧𑄚𑄴, 𑄥𑄬 𑄊𑄟𑄴 𑄡𑄪𑄚𑄨 𑄥𑄨𑄥𑄨 𑄃𑄧𑄠𑄴 𑄃𑄬𑄇𑄴 𑄘𑄨𑄚𑄴 ""𑄎𑄪𑄟𑄴𑄟𑄧 𑄣𑄳𑄠𑄚𑄴𑄓𑄧"" 𑄛𑄬𑄝𑄧𑄋𑄴 𑄦𑄟𑄇𑄴𑄇𑄭।","যে কপালের ঘাম পে যাচ্ছে, সেই ঘামের সাথে মিশে যাবে এক দিন"
𑄦𑄨 𑄦𑄧𑄘𑄧 𑄡𑄢𑄴 𑄦𑄨𑄣𑄴𑄌𑄘𑄬𑄉𑄋𑄴,.সেটা হেছে
"𑄦𑄉𑄢 𑄍𑄧𑄢𑄨, 𑄢𑄋𑄟𑄖𑄳𑄠 𑄃 𑄝𑄚𑄴𑄘𑄧𑄢𑄴 𑄝𑄧𑄚𑄴 𑄃𑄬𑄭 𑄖𑄨𑄚𑄴𑄚𑄪 𑄎𑄬𑄣𑄢𑄬 𑄦𑄨𑄣𑄴𑄌𑄘𑄬𑄉𑄋𑄴 𑄝 𑄎𑄪𑄟𑄴𑄧 𑄣𑄳𑄠𑄚𑄴𑄓𑄧 𑄦𑄮𑄭।","পাহাের চূা,রাঙামাা দিে দৌাদৌি করিও না"
"𑄃𑄬𑄇𑄴 𑄇𑄣𑄬 𑄃𑄬𑄭 𑄘𑄬𑄎𑄧𑄖𑄴 𑄥𑄪𑄘𑄨𑄚𑄴 𑄥𑄪𑄟𑄙𑄚𑄴 𑄃𑄬𑄣𑄧 - 𑄃𑄬𑄣𑄧 𑄃𑄣𑄪𑄣𑄴𑄮 𑄘𑄪𑄣𑄪𑄣𑄴𑄮, 𑄝𑄨𑄌𑄴𑄥𑄬𑄌𑄴 𑄃 𑄦𑄮𑄌𑄴𑄛𑄚𑄠𑄴 𑄖𑄎𑄨𑄟𑄴𑄛𑄪𑄢𑄴।",এক কালে এই দেশে সুদিন সুদিন আসলো - আলু গুলো দুলিে দুলিে আসলাম
"𑄡𑄬 𑄎𑄨𑄁𑄦𑄚𑄨 𑄈𑄪𑄭𑄝 𑄃𑄨𑄘𑄮𑄖𑄴 𑄉𑄘𑄬 𑄢𑄉𑄬𑄝𑄢𑄴, 𑄥𑄬 𑄌𑄨𑄇𑄮𑄚𑄴 𑄥𑄪𑄘𑄧 𑄚𑄣𑄬 𑄝𑄬𑄢𑄝𑄬𑄍𑄳𑄠 𑄎𑄨𑄁𑄦𑄚𑄨।",".যে গিঁটটা এখানে গাে লাগতেছে, সেই গিঁটটা একটু একটু করে ঘুরতেছে"
"𑄘𑄪𑄉𑄧 𑄃𑄢𑄬 𑄃𑄧𑄠𑄴, 𑄌𑄨𑄘𑄬 𑄌𑄧𑄢𑄴𑄡 𑄦𑄨 𑄎𑄨𑄚𑄨𑄌𑄴 𑄃𑄧𑄉𑄧𑄢𑄴𑄚𑄧' 𑄛𑄬𑄘𑄇𑄴 𑄥𑄬 𑄇𑄣𑄧𑄢𑄴 𑄉𑄝𑄪𑄡𑄳𑄠 𑄛𑄳𑄢𑄧𑄎𑄧𑄢𑄴𑄟𑄧 𑄃𑄪𑄚𑄬।","দুঃখ আছে নাকি,চিরযৌবনী সে কালো জাগা বসে আছে"
𑄚𑄧' 𑄘𑄧 𑄃𑄬𑄣𑄧 𑄃𑄧𑄞𑄝𑄴 𑄃𑄧𑄚𑄧𑄑𑄧𑄚𑄴।,নাাচাা করলো অভাব অনটন
"𑄘𑄨' 𑄛𑄧𑄌𑄴𑄡𑄳𑄠 𑄟𑄙𑄚𑄴 𑄜𑄉𑄮𑄚𑄴 - 𑄌𑄮𑄖𑄴 𑄟𑄏𑄳𑄠 𑄃𑄧𑄇𑄴𑄖𑄧𑄖𑄴 𑄟𑄍𑄴 - 𑄦𑄋𑄢 𑄗𑄮𑄉𑄬𑄭 𑄝 𑄉𑄎𑄧 𑄍𑄝𑄖𑄴 𑄊𑄩𑄣𑄬 , 𑄚𑄔𑄬𑄁 𑄦𑄢 𑄈𑄬𑄣𑄬 𑄈𑄬𑄣𑄬 𑄘𑄩𑄘𑄬 𑄢𑄬𑄋𑄬 𑄘𑄨𑄚𑄴 𑄢𑄊𑄬𑄘𑄇𑄴।",দুই পার মাটি ফাটা-চোখে মাছ -হাতে মাছ রেখে মাঠে দাঁিে দিন কাটানো
𑄟𑄮𑄚𑄴 - 𑄟𑄪𑄢𑄴 𑄃𑄬𑄣𑄇𑄴 𑄃𑄉𑄝𑄴 - 𑄝𑄧𑄣।,পাহাে আসার সম পাহাে আসা
𑄍𑄧𑄢 𑄪 𑄍𑄧𑄢𑄨 𑄃𑄬𑄣𑄧 𑄎𑄣𑄝𑄴𑄧𑄢𑄴 ।,দৌাদৌি করে আসলো সে
"𑄛𑄬𑄭𑄈𑄧 𑄦𑄨𑄎𑄨𑄇𑄴 𑄦𑄎𑄇𑄬 𑄘𑄨𑄚𑄴 𑄥𑄪𑄢𑄪 𑄃𑄧𑄠𑄴, 𑄢𑄬𑄖𑄴 𑄥𑄪𑄢𑄪 𑄃𑄧𑄠𑄴 𑄃𑄎𑄪 𑄚𑄚𑄪 𑄛𑄧𑄎𑄴𑄧𑄚𑄴 𑄥𑄪𑄚𑄨 𑄥𑄪𑄚𑄨।",".পাখির মতো হািে দিন সুর হ, রাত সুর হে আসা নানিদের গল্প শুনা"
"𑄟𑄮𑄚𑄴 𑄟𑄪𑄢𑄧 𑄙𑄪𑄘𑄪𑄇𑄴, 𑄦𑄬𑄋𑄴𑄉𑄧𑄢𑄧𑄁 𑄤𑄠𑄖𑄬 𑄤𑄧𑄠𑄖𑄬 𑄌𑄨𑄋𑄬 𑄢𑄧'𑄠𑄬 𑄟𑄮𑄚𑄴 - 𑄟𑄪𑄢𑄧 𑄉𑄪𑄎𑄪𑄢𑄨𑄘𑄇𑄴।",পাহাে পাহাে চার শব্দ
𑄚𑄔𑄬𑄁 𑄛𑄧𑄖𑄴𑄨 𑄛𑄧𑄖𑄴𑄨 𑄛𑄬𑄭𑄈𑄧 𑄥𑄚𑄴 𑄃𑄬𑄣𑄧 𑄃𑄪𑄣𑄧𑄟𑄧𑄖𑄴𑄧 𑄎𑄨𑄁𑄦𑄚𑄨।,.ন্যাকামো করতে করতে পেে গেল সে
𑄚𑄬𑄭 𑄙𑄧𑄢 𑄝𑄙।,নেই ধরা বাধা
𑄖𑄪𑄗𑄪𑄢𑄴 𑄖𑄪𑄗𑄪𑄢𑄴 𑄊𑄪𑄢𑄨 𑄊𑄪𑄢𑄨 𑄚𑄋𑄬𑄣𑄴 𑄛𑄨𑄘𑄬 𑄛𑄨𑄘𑄬 𑄃𑄪𑄝𑄧 𑄉𑄩𑄘𑄬 𑄞𑄪𑄢𑄨 𑄖𑄪𑄣𑄨𑄘𑄇𑄴।,দৌাদৌি করে নাাচাি করে ভাত তুলতে হ
𑄥𑄨𑄖𑄴𑄖𑄳𑄠𑄭 𑄢𑄧𑄚𑄴𑄎𑄨𑄖𑄴 𑄘𑄬𑄝𑄚𑄬 𑄥𑄪𑄢𑄴 𑄖𑄪𑄣𑄨 𑄉𑄠𑄴:-,সে রংধনুতে সুর তুলে যা
𑄚𑄧' 𑄌𑄁 𑄡𑄬𑄝𑄢𑄴 𑄎𑄉𑄚𑄴 𑄍𑄢𑄨 𑄃𑄨𑄘𑄪 𑄃𑄉𑄧𑄋𑄴 𑄎𑄧𑄚𑄧𑄟𑄚𑄴 𑄉𑄪𑄢𑄨 𑄃𑄬𑄭 𑄎𑄉𑄚𑄧𑄖𑄴 𑄢𑄧𑄃𑄨𑄠𑄬𑄘𑄬 𑄟𑄧- 𑄟𑄧𑄚𑄚𑄴 . . . . . . . . .।,আমার আগের জনমটা ভুলে এই জাগা রেছে
𑄊𑄨 𑄃𑄧𑄘𑄧 𑄡𑄢𑄴 𑄦𑄨𑄣𑄴 𑄌𑄘𑄬𑄉𑄋𑄴 ?,ঘি বেশি যার হিল চুলকাচ্ছে
"𑄟𑄮𑄚𑄴 - 𑄟𑄪𑄢𑄴 𑄓𑄋𑄴𑄓𑄋𑄳𑄠 - 𑄖𑄇𑄴𑄇𑄪𑄣𑄴, 𑄍𑄧𑄢 𑄪 𑄍𑄧𑄢𑄨 𑄃𑄧𑄭 𑄃𑄬𑄣𑄧 𑄍𑄡 𑄚𑄬𑄭 𑄛𑄚𑄨।","পাহাের চূা - তাকল, ছা ছিে আসা পানি"
𑄝𑄬𑄉𑄧 𑄃𑄰 𑄃𑄬𑄣𑄧 𑄎𑄧𑄉𑄧𑄣।,"১. বেগ ওইটা, ২. বেগ ওইটা"
𑄥𑄧𑄟𑄌𑄴 𑄃𑄰 𑄃𑄬𑄣𑄧 𑄦𑄣𑄪𑄇𑄴।,এক জাতী বুনো ফল
𑄞𑄬𑄭𑄠𑄬 𑄞𑄬𑄭𑄠𑄬 𑄝𑄨𑄌𑄴𑄥𑄬𑄌𑄴 𑄚𑄬𑄭 - 𑄚𑄬𑄭 𑄗𑄨𑄉𑄧 𑄃𑄭𑄚𑄴𑄇𑄚𑄪𑄚𑄴।,ভে ভে বিশ্বাস নেই-ঠিকঠাক নেই
𑄎𑄘𑄧𑄢𑄴 𑄢𑄌𑄴𑄚𑄰𑄖𑄨𑄇𑄴 𑄤𑄧𑄣𑄧 𑄤𑄧𑄣𑄴𑄎𑄮𑄣𑄴 - 𑄃𑄪𑄣𑄧𑄟𑄧𑄖𑄴𑄧 𑄝𑄧𑄘𑄧𑄣𑄨 𑄊𑄬𑄣𑄧 𑄦𑄨𑄣𑄧𑄢𑄴 𑄔𑄧𑄇𑄴 - 𑄡𑄨𑄠𑄳𑄠 𑄝𑄧𑄘𑄧𑄣𑄨 𑄟𑄚𑄴𑄌𑄮𑄢𑄴 𑄟𑄧𑄚𑄴।,ভূতে ভর করল - উন্ত হিলের মাথা - যে পাে মানুষরা ঘোরাফেরা করে
𑄃𑄨𑄇𑄴𑄇𑄪 𑄥𑄩𑄣𑄧𑄖𑄴 𑄖𑄧𑄣𑄬 𑄃𑄨𑄇𑄴𑄇𑄪 𑄃𑄋𑄢।,একটি খুঁটির নিচে একটি আংটা
𑄌𑄘𑄬𑄉𑄋𑄴 𑄃𑄧𑄣𑄧 𑄦𑄢𑄮𑄣𑄴𑄮।,এক জাতী বুনো লতা
𑄦𑄨𑄣𑄧𑄢𑄴 𑄎𑄧𑄙 𑄉𑄬𑄣𑄧 𑄞𑄋𑄨।,কোমরের সুতা ভেঙে গেছে
𑄷𑅄𑅄𑄽 𑄥𑄣𑄧𑄖𑄴 𑄸𑄢 𑄓𑄨𑄥𑄬𑄟𑄴𑄝𑄧𑄢𑄴 𑄛𑄢𑄴𑄝𑄖𑄴𑄳𑄠 𑄌𑄪𑄇𑄴𑄖𑄨 𑄛𑄧𑄢𑄴 𑄃𑄨𑄃𑄫𑄛𑄨𑄓𑄨𑄃𑄬𑄜𑄧 𑄚𑄋𑄬 𑄃𑄬𑄇𑄴 𑄎𑄧𑄙(𑄥𑄧𑄁𑄉𑄧𑄒𑄧𑄚𑄴) 𑄃 𑄖' 𑄛𑄧𑄢𑄬 𑄸𑄶𑄶𑄽 𑄥𑄣𑄧𑄖𑄴 𑄸𑄢 𑄓𑄨𑄥𑄬𑄟𑄴𑄝𑄧𑄢𑄧𑄖𑄴 𑄎𑄬.𑄃𑄬𑄥𑄧.𑄃𑄬𑄥𑄧 𑄘𑄨'𑄞𑄉𑄬 𑄞𑄉𑄧 𑄃𑄰 𑄃𑄨𑄌𑄳𑄠 𑄦𑄨𑄣𑄴 𑄌𑄘𑄬𑄉𑄋𑄧𑄖𑄴 𑄣𑄢𑄬𑄭 𑄌𑄧𑄣𑄬𑄢𑄴 𑄞𑄬𑄭𑄠𑄬 𑄞𑄬𑄭𑄠𑄬।,১.লম্বা ২.তারিখে ২.বছরে এক দল আর দুই ভাগে ভাগ হেছে ওই পাহাড়ের ঢালুতে হেঁটে হেঁটে
𑄦𑄨𑄣𑄧𑄢𑄴 𑄝𑄪𑄉𑄧𑄖𑄴 𑄣𑄟𑄨 𑄃𑄬𑄣𑄧 𑄃𑄚𑄴𑄘𑄢𑄴 𑄢𑄬𑄖𑄴।,এক জাতী বুো লোক রোদ পোহাচ্ছে
𑄦𑄨𑄡𑄬𑄚𑄨 𑄎𑄘𑄧𑄢𑄴 𑄞𑄉𑄳𑄠𑄧 𑄦𑄨 𑄃𑄧𑄝𑄧 !,"হিস্যু করার ভাগ, হিস্যু করবা"
"𑄟𑄤𑄧𑄥𑄬𑄖𑄪𑄋𑄬 𑄃𑄬𑄇𑄴𑄇𑄚𑄴 𑄇𑄧𑄙 𑄈𑄪𑄃𑄪𑄝𑄴 𑄘𑄮𑄣𑄬 𑄦𑄮𑄭𑄠𑄬, ""𑄟𑄍𑄧 𑄛𑄧𑄧𑄌𑄧𑄚𑄴 𑄟𑄗 𑄦𑄧𑄖𑄬 𑄎𑄖𑄴 𑄛𑄧𑄌𑄧𑄚𑄴 𑄚𑄬𑄖 𑄦𑄧𑄖𑄬""।",".মাদীটা একটি কথা বলতেছে,মাছের মাথা থেকে পঁচা গন্ধ বের হ"
𑄥𑄣𑄬𑄚𑄴 𑄃𑄟 𑄎𑄪𑄟𑄴𑄟𑄧 𑄎𑄖𑄴𑄖𑄪 𑄦𑄨 𑄝𑄧𑄌𑄴 𑄡𑄬𑄝𑄧𑄁 ?,.সে আমাদের সাথে যাবে নাকি?
𑄡𑄪𑄉𑄬 𑄡𑄪𑄉𑄬 𑄃𑄟 𑄌𑄬𑄣𑄃𑄪𑄚𑄬 𑄃𑄬𑄇𑄴 𑄤𑄰 𑄚𑄧' 𑄛𑄢𑄧𑄚𑄴 - 𑄚𑄧' 𑄛𑄖𑄴𑄧𑄚𑄴।,যুগে যুগে আমাদের চোলগুলো এক ও পারে না -পাা পাওা
𑄥𑄨𑄖𑄳𑄠𑄭 𑄎𑄘𑄧𑄢𑄴 𑄘𑄪𑄉𑄧 𑄘𑄫𑄢𑄴𑄘𑄪𑄥 𑄝𑄬𑄌𑄴 𑄞𑄢𑄨 𑄡𑄢𑄴।,সেখানে নদীর বন্যা বেশি হ
𑄥𑄧𑄖𑄴𑄖𑄨 𑄦𑄨 𑄎𑄪𑄟𑄴𑄟𑄧 𑄎𑄖𑄴𑄖𑄪 𑄛𑄪𑄌𑄨 𑄡𑄢𑄴 ?,.সত্তি তাাতাি বাচ্চা প্রসব করে?
𑄃𑄬𑄘𑄧𑄇𑄳𑄠 𑄚𑄚𑄁 𑄛𑄨𑄎𑄮𑄢𑄴 𑄦𑄨𑄣𑄧𑄢𑄴 𑄖𑄧𑄢𑄪𑄚𑄧 𑄝𑄪𑄉𑄧𑄖𑄴 𑄈𑄪𑄃𑄪𑄝𑄴 𑄖𑄪𑄝𑄮𑄣𑄴 𑄃𑄪𑄘𑄬।,এত ব ব কাপ চে
𑄃𑄪𑄘𑄬 𑄛𑄧𑄖𑄴𑄗𑄨 𑄘𑄨𑄚𑄴 𑄟𑄮𑄚𑄧 𑄟𑄙𑄖𑄴 𑄝𑄬𑄚𑄳𑄠 𑄢𑄋 𑄝𑄬𑄣𑄴।,.উঠে পে প্রতিদিন পাহাের মাথা বো লাল
"𑄟𑄖𑄴𑄖𑄧𑄢𑄴, 𑄎𑄪𑄟𑄴𑄟𑄧 𑄎𑄘𑄧𑄢𑄴 𑄛𑄧𑄦𑄧𑄢𑄴 𑄚𑄧' 𑄃𑄧𑄠𑄴।","মাা,জুম্মদের সম ভালো না"
𑄃𑄬𑄉𑄧 𑄝𑄪𑄉𑄪 𑄌𑄨𑄘𑄬𑄣𑄮 𑄎𑄪𑄟𑄧 𑄢𑄨𑄛𑄴 𑄢𑄨𑄛𑄴 𑄛𑄧𑄘𑄬 𑄉𑄋𑄧𑄖𑄴 𑄛𑄚𑄨 𑄃𑄧𑄏 𑄡𑄠𑄴 𑄦𑄨𑄣𑄧𑄢𑄴 𑄚𑄳𑄠𑄪𑄃𑄧 𑄝𑄮।,একটি শিশু জুমের রিপ রিপ দিে গাঙে পানি আসতেছে
"𑄉𑄮𑄘 𑄛𑄨𑄖𑄴𑄗𑄨𑄟𑄩𑄠𑄚𑄴 𑄉𑄩𑄘𑄬 𑄢𑄬𑄋𑄬 𑄟𑄪𑄎𑄪𑄋𑄬 𑄧𑄇𑄴𑄇𑄮𑄠𑄴 𑄡𑄢𑄴, 𑄎𑄪𑄟𑄴𑄟𑄧 𑄎𑄖𑄴𑄖𑄪 𑄞𑄎𑄨 𑄡𑄢𑄴 𑄉𑄋𑄴𑄦𑄧 𑄣𑄟𑄪𑄚𑄨।","গোদা পৃথিবীটা করতে করতে ক্লান্ত হে যা,জুম্ম জাতিটা ডুবে যা"
𑄝𑄋𑄣𑄪𑄚𑄬 𑄡𑄧𑄇𑄴𑄇𑄬 𑄣𑄈𑄮 𑄇𑄧𑄚𑄴𑄒𑄬 𑄥𑄮𑄚𑄢𑄴 𑄝𑄁𑄣 𑄉𑄨𑄠𑄮𑄚𑄴 𑄥𑄧𑄇𑄳𑄠 𑄃𑄟𑄨 𑄟𑄢 𑄟𑄢𑄨 𑄉𑄧𑄢𑄨𑄢𑄴 ।,বাঙালিরা যখন হাজার মুখে সোনার বাংলা গিেছে তখন আমরা মারামারি করি
𑄃𑄨𑄠𑄚𑄴 𑄦𑄨 𑄃𑄟 𑄛𑄎 𑄔𑄧𑄇𑄴 ?,.এটা কি আমাদের পাহাের চেহারা?
𑄥𑄣𑄬𑄚𑄴 𑄦𑄨 𑄉𑄧𑄘𑄨 𑄡𑄢𑄴 𑄦𑄨𑄣𑄧𑄖𑄴 ?,. সালেনটা কি হিলে গেছে?
𑄡𑄬 𑄝𑄚𑄴 𑄟𑄢𑄴𑄣𑄬 𑄉𑄮𑄘 𑄥𑄪𑄖𑄴𑄖𑄪𑄢𑄪 𑄞𑄧𑄌𑄴 𑄡𑄬𑄝𑄢𑄴 𑄦𑄧𑄙 𑄥𑄬 𑄝𑄚𑄴𑄚𑄪𑄣𑄰 𑄃𑄟𑄨 𑄟𑄪𑄢𑄨𑄢𑄴 ।,যে বাঁশ দিে গোদা শুকর ভ যা সেই বাঁশটা দিে আমরা বসবো
𑄃𑄬𑄉𑄧 𑄃𑄘𑄟𑄧𑄖𑄴 𑄃𑄧𑄢𑄴𑄥𑄧 𑄗𑄟 𑄚𑄋𑄬 𑄃𑄬𑄇𑄴 𑄟𑄚𑄬𑄭 𑄗𑄬𑄘𑄧 ।,একটি গ্রামের অর্শ বন্ধ নাে এক ভাবে থাকে
𑄖𑄬 𑄈𑄪𑄃𑄪𑄝𑄴 𑄘𑄮𑄣𑄬 𑄘𑄣𑄬 𑄥𑄪𑄢𑄴 𑄖𑄪𑄣𑄨 𑄢𑄟𑄠𑄧𑄚𑄴 𑄛𑄧𑄢𑄨 𑄛𑄬𑄮 𑄃 𑄞𑄋𑄨 𑄘𑄨' 𑄛𑄢𑄬 𑄃𑄬𑄇𑄴𑄇𑄧𑄢𑄬 𑄘𑄬𑄊𑄧𑄁 𑄘𑄬𑄊𑄧𑄁 𑄉𑄧𑄢𑄨 ।,সে পাহাের পাশে সুন্দর করে রামদাটা ভেঙে দিতে পারে
𑄥𑄨𑄖𑄴𑄖𑄳𑄠𑄭 𑄥𑄌𑄴 𑄣𑄟𑄨 𑄃𑄬𑄣𑄬 𑄏𑄇𑄴 𑄏𑄇𑄴 𑄟𑄚𑄪𑄌𑄴 𑄖' 𑄃𑄨𑄘𑄪 𑄢𑄟𑄠𑄧𑄚𑄴 𑄥𑄪𑄚 𑄡𑄚𑄴 ।,সেখান থেকে মাছ ধরতে আসলে অনেক অনেক মানুষ তার এই রামাটা শুনে যা
𑄃𑄬𑄇𑄴 𑄘𑄨𑄚𑄴 𑄥𑄧𑄠𑄧𑄋𑄴 𑄘𑄬𑄝𑄧 𑄢𑄎𑄧 𑄃𑄨𑄚𑄴𑄘𑄳𑄢𑄧 𑄃𑄪𑄘𑄮𑄚𑄧𑄖𑄴𑄖𑄪𑄚𑄴 𑄥𑄪𑄚𑄨 𑄗𑄠𑄴 ।,এক দিন শতান দেবতার মন্ত্র থেকে শুনা যা
𑄘𑄨𑄚𑄴 𑄡𑄠𑄴 𑄟𑄌𑄴 𑄡𑄠𑄴 𑄃𑄬𑄘𑄧𑄇𑄳𑄠 𑄉𑄪𑄢𑄨 𑄗𑄨𑄇𑄴 𑄃𑄬𑄇𑄴 𑄘𑄨𑄚𑄬 𑄃𑄧𑄢𑄴𑄥𑄧𑄗𑄟 𑄌𑄮𑄉𑄧𑄖𑄴 𑄙𑄧𑄢 𑄛𑄧𑄌𑄳𑄠 𑄘𑄬𑄝𑄧 𑄢𑄎𑄧 𑄃𑄨𑄚𑄴𑄘𑄳𑄢𑄧 ।,দিন যাওা মাছ যাওার সমে সূর্য অস্ত যাচ্ছে
𑄃𑄨𑄚𑄴𑄘𑄳𑄢𑄳𑄢𑄳𑄢𑄳𑄢𑄳𑄢𑄳𑄢𑄧 𑄛𑄧𑄖𑄴𑄧𑄟𑄬 𑄌𑄨𑄚𑄴𑄛𑄧𑄌𑄳𑄠 𑄘𑄨𑄘𑄧 𑄚𑄧' 𑄌𑄬𑄣𑄬𑄠𑄪 𑄥𑄬𑄎𑄬 𑄖' 𑄌𑄨𑄚𑄴 𑄛𑄧𑄌𑄳𑄠 𑄘𑄨𑄠𑄳𑄠।,সূর্য অস্ত যাওার সমে চিনে না দেখলেও তার চিনে পা দে
"𑄃 𑄛𑄪𑄎𑄮𑄢𑄴 𑄉𑄧𑄢𑄴𑄣𑄴𑄧 , ""𑄃𑄧𑄢𑄴𑄥𑄧𑄗𑄟 𑄖𑄪𑄃𑄨 𑄦𑄨 𑄝𑄧𑄢𑄴 𑄥𑄌𑄴 ?",".এই পূজাটা করতেছো,তুমি কি বস হও?"
"𑄖𑄬, 𑄞𑄝𑄨 𑄌𑄨𑄚𑄴𑄘𑄬 𑄦𑄧𑄣𑄧, ""𑄟𑄧𑄢𑄴 𑄡𑄬𑄚𑄴 𑄦𑄧𑄚𑄧 𑄥𑄪𑄖𑄴𑄖𑄪𑄢𑄪 𑄚𑄧' 𑄗𑄚𑄴 ।","সে,স্বামী-স্ত্রী একসাথে থাকে না"
"𑄃𑄬𑄭 𑄝𑄧𑄢𑄚𑄴 𑄟𑄪𑄭 𑄌𑄁 ""।",এই বরনটা আমি চাং
"𑄃𑄨𑄚𑄴𑄘𑄳𑄢𑄧 𑄦𑄧𑄣𑄧, ""𑄃𑄬𑄭 𑄝𑄧𑄢𑄚𑄴 𑄘𑄨' 𑄚𑄧-𑄛𑄢𑄨𑄟𑄴।","ইন্দ্র হলো,এই বরটা দিতে পারবো না"
𑄖𑄧𑄝𑄬 𑄃𑄬𑄭 𑄝𑄚𑄴𑄚𑄪 𑄘𑄨𑄣𑄪𑄁।,তবে এই বাঁশটা দিে দিলাম
𑄃𑄬𑄭 𑄝𑄚𑄴𑄚𑄪 𑄟𑄢𑄴𑄣𑄬 𑄖𑄧'𑄥𑄪𑄖𑄴𑄖𑄪𑄢𑄪 𑄡𑄨𑄘𑄪 𑄗𑄬𑄝𑄇𑄴 𑄝𑄬𑄉𑄧 𑄞𑄧𑄌𑄴 𑄡𑄬𑄝𑄇𑄴।,এই বাঁশটা কাটলে তোমার পাছাটা একদম ভ পাবে
"𑄃 𑄡𑄪𑄚𑄨 𑄦𑄧𑄚𑄧 𑄥𑄪𑄖𑄴𑄖𑄪𑄢𑄪 𑄚𑄧' 𑄗𑄧𑄚𑄴 𑄌𑄣𑄬𑄚𑄴 𑄛𑄨𑄢𑄨 𑄃𑄬𑄭 𑄖𑄧' 𑄝𑄪𑄉𑄧𑄖𑄴 𑄣𑄉𑄨𑄝𑄧 ""।",".এই জুটিটা হেছে পাহাের পাে,তোমার বুোটা লাগবে"
𑄃𑄨𑄠𑄚𑄴 𑄦𑄮𑄃𑄨 𑄘𑄬𑄝𑄧𑄢𑄎𑄧 𑄃𑄨𑄚𑄴𑄘𑄳𑄢𑄧 𑄣𑄪𑄉𑄨 𑄉𑄬𑄣𑄧।,.এইটা হওা দেবতা লুকিে গেল
𑄘𑄨𑄚𑄴 𑄡𑄢𑄴 𑄝𑄧𑄎𑄧𑄢𑄴 𑄡𑄢𑄴 𑄃𑄨𑄇𑄳𑄠 𑄉𑄪𑄢𑄨 𑄝𑄨𑄘𑄨 𑄉𑄬𑄣𑄧 𑄝𑄣𑄧𑄇𑄴 𑄝𑄧𑄎𑄧𑄢𑄴 ।,দিন যাওার সম অনেক ব হে গেল বালক ব
𑄃𑄧𑄢𑄴𑄥𑄧𑄗𑄟 𑄌𑄨𑄚𑄴𑄘𑄬 𑄉𑄧𑄢𑄬 𑄖' 𑄥𑄪𑄖𑄴𑄖𑄪𑄢𑄪 𑄦𑄧𑄚𑄴𑄚 𑄃𑄧𑄭 𑄛𑄢𑄬।,তার পাছাটা ছোট হছে
𑄦𑄪𑄘𑄪 𑄃𑄊𑄧𑄚𑄴 ।,হে আছে
𑄈𑄪𑄃𑄪𑄝𑄴 𑄍𑄉𑄨 𑄌𑄬𑄝𑄢𑄴 𑄟𑄧𑄚𑄧𑄢𑄴 𑄃𑄧𑄖𑄣𑄨𑄠𑄬 𑄙𑄢𑄌𑄴 ।,.কাপ ছাার জন্য মনের ইচ্ছা পূরণ হচ্ছে।
"𑄟𑄖𑄴𑄧𑄢𑄴, 𑄗𑄮𑄉𑄬𑄠𑄴 𑄚𑄧' 𑄘𑄬𑄊𑄬 𑄦𑄧𑄚𑄴𑄚 𑄖' 𑄥𑄪𑄖𑄴𑄖𑄪𑄢𑄪 ?",".বাবা,রান্না করে না দেখে কি তার সুতরু?"
𑄃𑄬𑄇𑄴 𑄘𑄨𑄚𑄴 𑄖' 𑄊𑄧𑄢𑄧 𑄣𑄠𑄴 𑄉𑄧𑄎𑄧𑄖𑄴 𑄃𑄨𑄇𑄴𑄇𑄪 '𑄇𑄧' 𑄘𑄨𑄊𑄨 𑄌𑄨𑄚𑄴𑄘𑄬 𑄉𑄧𑄢𑄬𑄢𑄴 𑄃𑄨𑄝𑄬 𑄟𑄧𑄢𑄴 𑄥𑄪𑄖𑄴𑄖𑄪𑄢𑄪 𑄃𑄰 𑄛𑄢𑄬 ।,এক দিন তার বািে একটা দিঘি চিবুেছে এখন আমার পাছাটা ওইটা পারে
"𑄦𑄨𑄖𑄳𑄠𑄭 𑄖𑄬, 𑄃𑄟 𑄌𑄯𑄘𑄧𑄙𑄧 𑄛𑄪𑄢𑄪𑄥𑄧𑄢𑄴 𑄎𑄪𑄟𑄧𑄖𑄴𑄗𑄪𑄚𑄴 𑄙𑄚𑄴 𑄈𑄬𑄭 𑄘𑄨𑄠𑄳𑄠 ।","মনে হ সে,আমাদের গ্রামের জুম থেকে ধান খেে দে"
𑄃𑄨𑄠𑄚𑄴 𑄞𑄝𑄨 𑄥𑄬 𑄝𑄚𑄴𑄚𑄪 𑄟𑄢𑄴𑄣𑄧 ।,এই ভাই সেই বাঁশটা মারলো
𑄟𑄖𑄴𑄖𑄧𑄢𑄴 '𑄇𑄧'𑄃𑄨𑄇𑄴𑄇𑄪 𑄃𑄧𑄚𑄧 𑄘𑄨𑄚𑄴𑄴 𑄟𑄚𑄪𑄌𑄧𑄢𑄴 𑄥𑄪𑄖𑄴𑄖𑄪𑄢𑄪 𑄃𑄰 𑄚𑄧'𑄛𑄢𑄬 ।,.মনে হ একজন মানুষ সারাদিন সেলাই করতে পারে না।
𑄇𑄧' 𑄝𑄪𑄖𑄴 𑄚𑄧' 𑄣𑄉𑄨 𑄌𑄬𑄢𑄮 𑄟𑄪𑄇𑄴𑄇𑄬 𑄉𑄪𑄢𑄨 𑄥𑄪𑄖𑄴𑄗𑄪𑄢𑄪 𑄚𑄧' 𑄛𑄬𑄭 𑄜𑄨𑄢𑄨 𑄃𑄬𑄭 𑄖' 𑄝𑄪𑄉𑄧𑄖𑄴 𑄣𑄉𑄨 𑄟𑄪𑄢𑄨 𑄉𑄬𑄣𑄧 ।,কবুত না লাগিে ছোট পাের সুুগুলো না খেে এই বুোটা পিছন ফিরে গেল
𑄃𑄟 𑄎𑄪𑄟𑄴𑄟𑄧 𑄎𑄖𑄴𑄗𑄪 𑄔𑄧𑄇𑄴 𑄃𑄬𑄭 𑄃𑄧𑄢𑄴𑄥𑄧 𑄗𑄟 𑄟𑄚𑄬𑄭𑄝𑄪 𑄥𑄚𑄴 𑄥𑄧𑄖𑄴𑄖𑄨 𑄥𑄧𑄖𑄴𑄖𑄨 𑄃𑄧𑄘𑄧 𑄡𑄢𑄴।,আমাদের জুা জাতিটা এই অর্শ শেষ হলে সব শেষ হে যা
𑄎𑄪𑄟𑄴𑄟𑄧 𑄎𑄘𑄧𑄢𑄴 𑄊𑄟𑄧 𑄑𑄬𑄋𑄣𑄰 𑄦𑄨𑄚𑄴𑄚𑄳𑄠 𑄃𑄖𑄴𑄳𑄠𑄢𑄴 𑄥𑄪𑄖𑄴𑄗𑄪𑄢𑄪 𑄟𑄧𑄇𑄴𑄇𑄳𑄠 𑄚𑄧' 𑄖𑄇𑄨 𑄃𑄬𑄌𑄳𑄠 𑄎𑄪𑄟𑄴𑄟𑄧 𑄎𑄘𑄧𑄢𑄴 𑄟𑄧𑄇𑄴𑄇𑄬 𑄖𑄇𑄴 𑄃𑄰 𑄃𑄊𑄬 𑄪- 𑄎𑄖𑄴 𑄞𑄬𑄭 𑄟𑄪𑄢𑄨 𑄡𑄬𑄢𑄴 ।,জুম্মদের ঘামের ন্যা স্যান্ডেল দিে হেঁটে আসা মানুষদের সাথে কথা বলতেছে - জাত ভাই
𑄞𑄧𑄌𑄴 𑄡𑄬𑄘𑄧𑄋𑄴 𑄃𑄡𑄨𑄠𑄴𑄬 ।,ভে ভে এসেছে
𑄦𑄨𑄣𑄴 𑄌𑄘𑄬𑄉𑄋𑄧𑄢𑄴 𑄃𑄝𑄨𑄣𑄳𑄠𑄌𑄴,এক জাতী পাখি
"𑄦𑄧𑄙𑄧 𑄡𑄪𑄉𑄧 𑄦𑄧𑄘𑄧 𑄇𑄣𑄴 𑄖𑄧𑄌𑄳𑄠 - 𑄛𑄬𑄢𑄥𑄚𑄨 𑄞𑄮𑄉𑄧 𑄉𑄧𑄢𑄨 𑄃𑄬𑄖𑄴𑄖𑄳𑄠 𑄃𑄬𑄖𑄴𑄖𑄳𑄠 𑄃𑄬𑄌𑄳𑄠 𑄎𑄪𑄟𑄴𑄟𑄧 𑄎𑄖𑄴𑄪 𑄞𑄬𑄘 𑄞𑄬𑄘, 𑄢𑄪𑄉𑄮𑄚𑄨, 𑄌𑄨𑄤𑄧𑄟𑄳𑄠 ।","হে যাওার সম পেট ভরে এসেছে,রুা,চিমা"
𑄃𑄬𑄇𑄴 𑄇𑄣𑄬 𑄎𑄘𑄧𑄢𑄴 𑄦𑄧𑄙 𑄦𑄧𑄣𑄬 𑄦𑄠𑄮𑄋𑄴 𑄉𑄪𑄎𑄪𑄢𑄨𑄘𑄧 𑄟𑄘𑄨𑄖𑄴 𑄞𑄫𑄎𑄮𑄣𑄴 𑄞𑄬𑄘𑄧 ।,এক কালে জঙ্গল হে গেলে পাহাে জঙ্গল হ
𑄢𑄎 𑄝𑄨𑄎𑄧𑄠𑄴 𑄉𑄨𑄢𑄨 𑄖' 𑄥𑄬𑄚 𑄛𑄧𑄖𑄨 𑄢𑄙𑄟𑄧𑄚𑄴 𑄃 𑄢𑄎 𑄥𑄬𑄢𑄴 𑄘𑄮𑄣𑄧𑄖𑄴 𑄈𑄀 𑄖' 𑄥𑄬𑄚𑄛𑄧𑄖𑄨 𑄢𑄧𑄚𑄴𑄖𑄪 𑄘𑄬𑄝𑄚𑄴𑄣𑄰 𑄥𑄧 - 𑄥𑄧𑄉𑄧𑄢𑄴 𑄘𑄬𑄌𑄴 𑄎𑄧𑄠𑄴 𑄉𑄧𑄌𑄴𑄎𑄮𑄚𑄴 ।,রাজা বিজ গিে তার স্ত্রীর সাথে সুন্দর করে খাওার জন্য অনেক ব কথা বলতেছে
𑄥𑄬 𑄎𑄖𑄴 𑄌𑄋𑄴𑄟 𑄎𑄖𑄴 𑄥𑄖𑄴 𑄥𑄉𑄧𑄢𑄴 𑄖𑄬𑄢𑄴 𑄘𑄬𑄝𑄖𑄴 𑄓𑄪𑄝𑄧𑄋𑄴 𑄓𑄪𑄝𑄧𑄋𑄴 ।,সে জাতের চাংমা জাতী সাত সাগরের পানিতে ডুবে যাচ্ছে
𑄡𑄢 𑄘𑄬𑄌𑄴 𑄎𑄘𑄧𑄢𑄴 𑄞𑄉𑄳𑄠𑄧 𑄛𑄧𑄢𑄨𑄝𑄧𑄢𑄴𑄖𑄧𑄚𑄴 𑄉𑄧𑄢𑄨𑄝𑄖𑄳𑄠 𑄣𑄢𑄬𑄭 𑄉𑄧𑄢𑄴𑄖𑄧𑄚𑄴 𑄖𑄢 𑄃𑄬𑄌𑄳𑄠 𑄘𑄨 - 𑄖𑄨𑄚𑄴 𑄞𑄉𑄬 𑄞𑄉𑄧 𑄃𑄰 𑄢𑄬𑄚 - 𑄢𑄬𑄚𑄨 𑄉𑄪𑄢𑄨 𑄃𑄊𑄧𑄚𑄴 ।,যারা দোলের ভাগ দিে চলে আসে তারা তিন ভাগে ভাগ করে এই রাতটি -তিন ভাগে ভাগ করে
𑄞𑄊𑄬 𑄪 𑄟𑄮𑄏𑄬 𑄃𑄣𑄴 ।,ভে ভে আছে
"𑄃𑄨𑄠𑄚𑄴 𑄘𑄪𑄉𑄴𑄧, 𑄃𑄨𑄠𑄚𑄴 𑄃𑄨𑄠𑄚𑄴 𑄃𑄝𑄨𑄣𑄳𑄠𑄌𑄴 ।","এইটা দুগ,এইটা এইটা আসলাম"
"𑄘𑄪𑄉𑄨 𑄎𑄧𑄚𑄧𑄟𑄴 𑄘𑄪𑄉𑄨, 𑄇𑄧𑄛𑄣𑄴 𑄛𑄧𑄢 𑄝𑄛𑄴 - 𑄞𑄬𑄭, 𑄟𑄳𑄦 - 𑄝𑄮𑄚𑄪𑄚𑄴 𑄃𑄬𑄌𑄳𑄠 𑄃𑄧𑄣𑄇𑄴 𑄃𑄧𑄝 𑄪 𑄃𑄧𑄝, 𑄦𑄧𑄞 - 𑄦𑄧𑄞 ।","দুপা ফাঁক করে, কপাল পা বাবা - ভাই -বোনেরা আসার সম অনেক ব হেছে, হ - হ"
𑄎𑄪𑄟𑄴𑄧 𑄎𑄖𑄴𑄪 𑄃𑄧𑄣𑄧 𑄘𑄨𑄇𑄴 𑄇𑄞𑄪𑄣𑄴 - 𑄤𑄧𑄣𑄴𑄎𑄮𑄣𑄴 ।,জুম্ম জাতি সব দিক কাপ দিে কাপ দিে
𑄦𑄨𑄣𑄴 𑄌𑄘𑄬𑄉𑄁 𑄃𑄧𑄥𑄪𑄇𑄴 - 𑄣𑄬𑄋𑄴 ।,হিল চূা জামা-প্যান্ট
"𑄃𑄬𑄘𑄧𑄇𑄳𑄠 𑄦𑄧𑄚𑄴𑄌𑄪𑄇𑄴𑄌𑄪𑄇𑄳𑄠 𑄘𑄨𑄚𑄴 𑄟𑄙𑄚𑄴 𑄉𑄧𑄋𑄬 𑄘𑄬𑄘𑄧𑄚𑄴 𑄚𑄚𑄪𑄚𑄬𑄭(𑄃𑄧𑄙𑄨𑄇𑄢𑄴𑄦𑄩𑄚𑄴) 𑄟𑄚𑄬𑄭𑄃𑄪𑄚𑄴 𑄘𑄨𑄚𑄴𑄪𑄬𑄮 𑄟𑄧𑄚𑄬 𑄃𑄧𑄠𑄴 𑄡𑄪𑄉𑄧,𑄢𑄬𑄖𑄴𑄪𑄬𑄮 𑄟𑄧𑄚𑄬 𑄃𑄧𑄠𑄴 𑄥𑄧𑄖𑄝𑄴𑄘𑄨 ।","এত ব হওা দিন মাা করে দো মানুষগুলোও মনে হ না,রেতেও মনে নেই"
𑄝𑄬𑄚𑄳𑄠 𑄊𑄧𑄢𑄧𑄖𑄴𑄪𑄚𑄴 𑄣𑄟𑄨𑄣𑄬 𑄝𑄬𑄣𑄳𑄠 𑄊𑄧𑄢𑄧𑄖𑄴 𑄜𑄨𑄢𑄨 𑄝𑄢𑄴 𑄃𑄎 𑄚𑄧' 𑄗𑄠𑄴 ।,বোর বাি থেকে বের হে বোর বািতে ফিরে যাওা যা না
"𑄃𑄟𑄨𑄎𑄬 𑄛𑄧𑄢𑄚𑄴 𑄌𑄮𑄉𑄧 𑄌𑄮𑄉𑄧, 𑄝𑄪𑄉𑄧 𑄘𑄨𑄝𑄬𑄘𑄨𑄛𑄴𑄛𑄬 ।","আমরা পাহাে পাহাে,বুো পাে"
"𑄥𑄌𑄴 𑄣𑄟𑄨𑄣𑄬 𑄃𑄧𑄚𑄴𑄚 𑄓𑄉𑄬𑄢𑄴 𑄢𑄧' 𑄟𑄳𑄦 𑄪 𑄝𑄮𑄚𑄧𑄢𑄴 𑄘𑄨'𑄇𑄚𑄧𑄖𑄴 𑄃𑄧𑄚𑄴𑄥𑄪𑄢𑄴 𑄥𑄪𑄚𑄬 ""𑄘𑄪𑄃𑄧𑄢𑄴 𑄦𑄪𑄣𑄧""।",সূর্য ডোবার সমে মা বোন দুপা ফাঁক করে কথা বলে
"𑄘𑄨𑄚𑄴 𑄥𑄪𑄢𑄪 𑄃𑄧𑄠𑄴 𑄝𑄪𑄣𑄬𑄑𑄧𑄢𑄴 𑄢𑄧'𑄣𑄰, 𑄢𑄬𑄖𑄴 𑄖𑄮𑄢𑄘𑄧𑄚𑄴 𑄟𑄳𑄦 𑄪 𑄝𑄮𑄚𑄧𑄢𑄴 𑄟𑄧𑄢 𑄦𑄨𑄎𑄬𑄇𑄴 ।","সারাদিন ভোর হেছে,রাত বেলা মা বোন মরা হেছে"
𑄘𑄨𑄚𑄴𑄪 𑄃𑄧𑄣𑄬 𑄦𑄚𑄴𑄡𑄝 𑄎𑄪𑄬𑄮 𑄃𑄬𑄎𑄬 ।,পাহাের নিচের অংশটা জুে আছে
𑄃𑄪𑄘𑄮𑄖𑄴 - 𑄗𑄪𑄘𑄮𑄖𑄴 𑄛𑄚𑄨 𑄚𑄬𑄭 𑄃𑄟 𑄎𑄘𑄧𑄢𑄴 𑄟𑄳𑄦 𑄪 𑄝𑄮𑄚𑄧𑄢𑄴 ।,উপরে-তুতে পানি নেই আমাদের বোন
𑄃𑄬𑄚𑄳𑄠 𑄢𑄧𑄇𑄴𑄬 𑄉𑄪𑄢𑄨𑄝𑄇𑄴 𑄡𑄢𑄴 𑄡𑄢𑄴 𑄃𑄤𑄧𑄎𑄧𑄢𑄴 𑄚𑄮𑄚𑄨𑄠𑄬 𑄛𑄪/𑄚𑄬𑄇𑄴 ।,এত ব করে চলে যাওার সম বাচ্চা নিে যাচ্ছে
𑄦𑄨 𑄟𑄚𑄧𑄌𑄴 𑄉𑄧𑄖𑄴𑄧𑄚𑄴 𑄃𑄧𑄚𑄴 𑄞𑄚𑄴𑄖𑄬 𑄃𑄨𑄘𑄪 𑄉𑄬𑄣𑄬 . . . . . . .।,.সে মানত করে ভে এখানে গেলে .
𑄃𑄬𑄘𑄧𑄇𑄳𑄠 𑄌𑄨𑄘𑄬 𑄌𑄢𑄴𑄧𑄡𑄳𑄠 𑄖𑄨𑄉𑄪𑄌𑄳𑄠 𑄖𑄪𑄝𑄮𑄣𑄴 𑄝𑄬𑄭 𑄡𑄢𑄴 𑄇𑄧𑄎𑄧𑄟 𑄖𑄪𑄢𑄪𑄚𑄪 𑄝𑄪𑄉𑄧𑄖𑄴 ।,এত ছোট চূা চূা বেে যাচ্ছে কথা বলতে বলতে
𑄝𑄬𑄣𑄚𑄴 𑄓𑄪𑄝𑄨𑄣𑄬 𑄦𑄪𑄣𑄪𑄋𑄴 𑄝𑄪𑄘𑄨 𑄃𑄬𑄎𑄬 𑄌𑄨𑄖𑄴𑄊𑄨𑄣𑄬 ।,সূর্য ডোবার সম মনটা বুে আসে
𑄃𑄨𑄠𑄚𑄴 𑄡𑄬𑄚𑄴 𑄃𑄨𑄢𑄪𑄇𑄴 𑄘𑄨𑄚𑄧𑄢𑄴 𑄢𑄩𑄖𑄨𑄥𑄪𑄘𑄪𑄟𑄴 ।,.এটা যেন আজকের দিনের রীতি
"𑄖𑄬, 𑄃𑄬𑄌𑄳𑄠 𑄝𑄬𑄉𑄧𑄢𑄴 𑄃𑄝𑄨𑄣𑄳𑄠𑄌𑄴, 𑄃𑄬𑄇𑄴 𑄦𑄣𑄬 𑄢𑄎 𑄃𑄬𑄣𑄧𑄋𑄴 𑄛𑄳𑄢𑄧𑄎 𑄃𑄧𑄠𑄳𑄠𑄭, 𑄛𑄳𑄢𑄧𑄎 𑄃𑄬𑄣𑄧𑄋𑄴 - 𑄚𑄬𑄭𑄠𑄳𑄠 𑄚𑄙 𑄃𑄧𑄠𑄳𑄠𑄭, 𑄃𑄧𑄣𑄧𑄁 𑄃𑄬𑄌𑄳𑄠 𑄖𑄨𑄚𑄴𑄪 𑄦𑄬𑄘𑄇𑄴𑄖𑄪𑄇𑄴 ।","সে,এত ব ব আসতেছে,এক পালে রাজা আসতেছে,আরও কোন নাগাে মানুষ নাই,অমল এই পাহাে তেন্নে হাঁটতেছে"
𑄃𑄧𑄥𑄧𑄦𑄠𑄴 - 𑄎𑄨𑄟𑄴𑄨 𑄎𑄪𑄟𑄴𑄧 𑄎𑄖𑄴𑄗𑄪 ।,অসমান-হওা জাত
"𑄌𑄋𑄴𑄟 𑄎𑄘𑄧𑄢𑄴 𑄟𑄧𑄢𑄧𑄚𑄴 𑄇𑄞𑄪𑄇𑄴 𑄇𑄛𑄴𑄖𑄬 𑄉𑄧𑄘𑄠𑄚𑄴 𑄞𑄋𑄨 𑄘𑄨𑄣𑄧 𑄦𑄨𑄣𑄴𑄌𑄘𑄬𑄉𑄋𑄧𑄢𑄴 𑄝𑄪𑄉𑄧𑄢𑄴 𑄃𑄧𑄖𑄣𑄨𑄠𑄬 𑄥𑄧𑄞𑄧𑄚𑄴, 𑄥𑄬𑄑𑄬𑄣𑄢𑄴 𑄝𑄋𑄣𑄪𑄚𑄬 𑄦𑄢𑄨 𑄚𑄨𑄣𑄇𑄴 𑄞𑄪𑄭-𑄎𑄧𑄟𑄨, 𑄝𑄉𑄚𑄴-𑄝𑄉𑄨𑄌 ।","চাকমাদের মরণের কাপটা ভেঙে দিল হিলসেগাের বুোটা, সেটেলার বাঙালিটা হারিে নিল ভুই- জমি, বাগান-বাি"
𑄃𑄟 𑄢𑄌𑄴𑄚𑄩𑄖𑄨 𑄝𑄧𑄣 𑄌𑄬𑄣𑄃𑄪𑄚𑄬 𑄦𑄢𑄨 𑄚𑄬𑄡𑄘𑄧𑄚𑄴 𑄎𑄪𑄟𑄴𑄧 𑄎𑄘𑄧𑄢𑄴 𑄛𑄧𑄢𑄚𑄴 ।,আমাদের চাকমারা বোলতা গুলো হািে নিে যাচ্ছে
𑄦𑄨𑄣𑄴𑄌𑄘𑄬𑄉𑄋𑄴 𑄦𑄧𑄣𑄧 𑄇𑄪𑄢𑄧𑄣𑄴𑄮 ।,এক জাতী ফল যা সবজি হিসেবে ব্যবহৃত হ
𑄖𑄬 𑄘𑄨'𑄃𑄘𑄪𑄖𑄴 𑄘𑄨' 𑄦𑄘𑄧 𑄪𑄟𑄙 𑄚𑄨𑄊𑄪𑄢𑄨 𑄝𑄮𑄭 𑄌𑄬𑄢𑄋𑄴 𑄌𑄬𑄢𑄋𑄴 𑄌𑄮𑄉𑄧 𑄛𑄚𑄨 𑄑𑄬𑄛𑄴 𑄑𑄬𑄛𑄴 𑄏𑄧𑄢𑄬 𑄟𑄳𑄦 𑄟𑄬𑄘𑄨𑄚𑄨 𑄝𑄪𑄉𑄧𑄖𑄴 ।,সে দুপা ফাঁক করে পাখানা করে চোখের পানি ফেলতেছে
"""𑄤𑄧 𑄎𑄘𑄧𑄢𑄴 𑄛𑄖𑄴𑄗𑄪𑄣𑄨 𑄚𑄮𑄚𑄨𑄠𑄳𑄠 𑄣𑄢𑄴𑄟 𑄖𑄪𑄭 𑄛𑄬𑄣𑄬 𑄉𑄬𑄣𑄬 𑄦𑄪𑄘𑄪 ?",.ওর জাগাটা নিে যাওার সম তুমি পেলে কি হবে?
"𑄜𑄨𑄢𑄨 𑄃𑄠𑄴 𑄦𑄨𑄣𑄧𑄖𑄴 𑄝𑄪𑄉𑄧𑄖𑄴 𑄃-𑄢𑄧 𑄃𑄬𑄇𑄴𑄝𑄢𑄴 𑄣𑄧' 𑄦𑄧𑄢𑄧𑄖𑄴 𑄎𑄪𑄟𑄴𑄧 𑄎𑄖𑄴𑄗𑄪""।",.ফিরে আসার সম এক মাইল দূরে আছি আমি
𑄃𑄬𑄌𑄳𑄠 𑄦𑄨𑄣𑄴𑄌𑄘𑄬𑄉𑄋𑄧𑄢𑄴 𑄜𑄨𑄢𑄨𑄣𑄴𑄬 - 𑄣𑄬𑄋𑄴 ।,.এলোমেলো হিলের উপর দিে লেংটি
𑄟𑄮𑄚𑄴 𑄟𑄪𑄢𑄴 𑄃𑄧𑄭 𑄃𑄬𑄣𑄇𑄴 𑄖𑄇𑄴𑄇𑄪𑄣𑄴 𑄍𑄧𑄢 𑄉𑄋𑄴 𑄃𑄧𑄣𑄧 𑄍𑄡 ।,পাহাের মাটিটা নরম হে আসছে
"𑄃𑄊𑄧 𑄥𑄚𑄴 𑄎𑄪𑄟𑄧𑄖𑄴 𑄙𑄚𑄴, 𑄟𑄧𑄢𑄨𑄌𑄴, 𑄉𑄧𑄡𑄳𑄠, 𑄥𑄪𑄘𑄧 𑄃𑄪𑄖𑄴𑄛𑄧𑄚𑄴𑄧 𑄚𑄧' 𑄃𑄧𑄠𑄴 ।",".আংসা জুমে ধান, মরিচ,গা,সুঁচালো উঠে না"
𑄃𑄬𑄘𑄧𑄇𑄳𑄠 𑄉𑄪𑄢𑄨 𑄦𑄨𑄋𑄴𑄢𑄨 𑄛𑄧𑄢𑄚𑄴 𑄖𑄮𑄢𑄚 ?,এত ছোট করে পা
𑄚𑄨𑄎𑄧 𑄘𑄬𑄌𑄴 𑄍𑄢𑄨 𑄖𑄨𑄝𑄨𑄢𑄬 𑄢𑄬𑄡𑄳𑄠𑄖𑄴 (𑄞𑄢𑄧𑄖𑄴) 𑄝𑄢𑄧/𑄖𑄬𑄢𑄧 𑄝𑄧𑄎𑄧𑄢𑄴 𑄥𑄧𑄁 𑄥𑄧𑄢𑄧𑄚𑄖𑄴𑄗𑄨 𑄟𑄚𑄴𑄝𑄬𑄖𑄧𑄢𑄴 𑄎𑄨𑄋𑄴𑄦𑄚𑄨 𑄖𑄮𑄢𑄬 𑄛𑄳𑄠𑄇𑄬𑄌𑄴 𑄌𑄪𑄇𑄴𑄖𑄨 𑄟𑄮𑄖𑄝𑄬𑄇𑄴 𑄖𑄬𑄌𑄴 𑄇𑄪𑄣𑄧𑄖𑄴 𑄜𑄨𑄢𑄨 𑄃𑄬𑄣𑄇𑄴 ।,.নিজের দেশ থেকে বের হওার সমে মানুষরা যুদ্ধ করার জন্য তেস কুলে ফিরে আসলো।
𑄚𑄨𑄎𑄧 𑄞𑄪𑄭 𑄎𑄉 𑄎𑄧𑄟𑄨 𑄜𑄨𑄢𑄨 𑄚𑄧' 𑄛𑄚𑄴 𑄟𑄨𑄠𑄚𑄴 𑄃𑄬𑄘𑄧𑄇𑄴 𑄘𑄪𑄉𑄴𑄧 𑄚𑄧𑄠𑄴 𑄘𑄪𑄉𑄧𑄉𑄚𑄴 𑄃𑄨𑄠𑄚𑄴 𑄉𑄮𑄘 𑄘𑄨𑄚𑄴𑄚𑄪 𑄢𑄮𑄘𑄬 𑄛𑄪𑄢𑄨 𑄏𑄧𑄬𑄮 𑄞𑄨𑄏𑄨 𑄃𑄧𑄢𑄚𑄴 𑄃𑄰 𑄊𑄧𑄢𑄧𑄖𑄴 𑄃𑄚𑄪𑄚𑄨 𑄚𑄪𑄚𑄴𑄌𑄮 𑄞𑄖𑄴 𑄈𑄬𑄭 𑄢𑄬𑄖𑄴𑄖𑄪 𑄛𑄪𑄢𑄨 𑄚𑄨𑄛𑄧𑄢𑄴𑄝 𑄉𑄪𑄢𑄨 𑄊𑄪𑄟𑄚𑄴 𑄛𑄧𑄢𑄡𑄧𑄚𑄧𑄖𑄴 𑄡𑄬 𑄚𑄧' 𑄛𑄘𑄧𑄚𑄴 ।,.নিজের জমি ফেরত না দিে লবনাক্ত ভাত খেে ওই বািেঘুমিে ঘুমাইও না
"𑄡𑄬 𑄛𑄪𑄃𑄧𑄬𑄮 𑄘𑄧𑄌𑄴 𑄟𑄌𑄴 𑄘𑄧𑄌𑄴 𑄘𑄨𑄚𑄴 𑄛𑄬𑄘𑄧𑄖𑄴 𑄢𑄊𑄬𑄭, 𑄝𑄪𑄉𑄧𑄢𑄴 𑄣𑄮 𑄈𑄝𑄬𑄠𑄴 𑄚𑄝𑄣𑄧𑄖𑄴𑄪𑄚𑄴 𑄍𑄝𑄧𑄣𑄧𑄇𑄴 𑄉𑄧𑄌𑄴𑄍𑄮𑄚𑄴 𑄥𑄬 𑄛𑄪𑄃𑄧 𑄃𑄬𑄌𑄳𑄠 𑄟𑄳𑄦𑄢𑄴 𑄝𑄪𑄉𑄧𑄖𑄴 𑄣𑄘𑄨 𑄟𑄖𑄴𑄧𑄚𑄴 ।",".যে বাচ্চাটা দস মাছ দস খাওার সমে আছে,বুো ভাত খেে নাবাল থেকে লালা খেে আসছে।"
𑄡𑄬 𑄟𑄳𑄦 𑄛𑄧𑄢𑄚𑄬 𑄟𑄇𑄴𑄇𑄬 𑄙𑄧𑄢𑄧𑄛𑄴𑄠𑄚𑄴 𑄚𑄧' 𑄈𑄬𑄭 𑄛𑄪𑄃𑄧 𑄍𑄢𑄬 𑄈𑄝𑄬𑄠𑄬 𑄥𑄬 𑄛𑄪𑄃𑄧 𑄃𑄬𑄌𑄳𑄠 𑄟𑄳𑄦' 𑄝𑄪𑄢𑄬 𑄢𑄚𑄨 𑄉𑄧𑄖𑄴𑄧𑄚𑄴।,যে মা আগে থেকে ধরে নিে এসেছে সে মা বৃদ্ধ হে যাচ্ছে
"𑄡𑄬, 𑄟𑄳𑄦' 𑄟𑄘𑄨𑄖𑄴 𑄚𑄧' 𑄗𑄧𑄠𑄴 𑄛𑄨𑄛𑄨𑄢𑄬 𑄇𑄟𑄢𑄚𑄴, 𑄍𑄡𑄖𑄴 𑄚𑄧' 𑄗𑄧𑄠𑄴 𑄜𑄨𑄢𑄬 𑄛𑄬𑄝𑄧 𑄞𑄝𑄨 𑄚𑄮𑄚𑄨𑄠𑄳𑄠 𑄉𑄧𑄢𑄨 𑄛𑄣𑄬 𑄃𑄚𑄴𑄚𑄬 𑄥𑄬 𑄛𑄨𑄃𑄧 𑄃𑄬𑄌𑄳𑄠 𑄟𑄳𑄦'𑄢𑄴 𑄘𑄨' 𑄌𑄮𑄉𑄧𑄖𑄴 𑄙𑄢 𑄙𑄢 𑄛𑄚𑄨 𑄏𑄧𑄬𑄮 𑄘𑄬𑄘𑄧𑄚𑄴।",".যে মানুষরা মাটিতে থাকে না,ছাে থাকা মানুষদের উপর পানি ছেে আসে"
𑄡𑄬 𑄝𑄛𑄬 𑄢𑄧𑄚𑄴 𑄘𑄪𑄉𑄧𑄉𑄧 𑄇𑄟𑄬𑄠𑄬 𑄑𑄬𑄋 𑄛𑄧𑄠𑄴𑄥𑄬 𑄘𑄘𑄬 𑄞𑄋𑄨 𑄚𑄧' 𑄈𑄬𑄭 𑄣𑄬𑄊 𑄛𑄧𑄢 𑄥𑄨𑄊𑄬𑄠𑄳𑄠 𑄥𑄬 𑄛𑄪𑄃𑄧 𑄃𑄬𑄌𑄳𑄠 𑄝𑄛𑄴𑄛𑄪𑄢𑄬 𑄉𑄪𑄣𑄨 𑄉𑄧𑄖𑄴𑄗𑄬 𑄃𑄘𑄧𑄋𑄴 𑄚𑄬।,.যে বাবা ছোট কাজ করে তার পাে গুলি করতেছে।
"𑄡𑄬 𑄓𑄉𑄬 𑄪 𑄇𑄧𑄘𑄧𑄉𑄨𑄠𑄬 𑄃𑄬𑄇𑄴𑄘𑄨𑄚𑄴 𑄃𑄟 𑄚𑄮𑄚𑄨𑄠𑄬 𑄥𑄮𑄚 𑄛𑄪𑄃𑄧 - 𑄍𑄃𑄪𑄚𑄴 𑄦𑄮𑄭 𑄝𑄉𑄨𑄚𑄨(𑄝𑄢𑄴) 𑄉𑄧𑄖𑄴𑄧,𑄥𑄬 𑄓𑄉𑄧 - 𑄥𑄬 𑄇𑄧𑄙𑄧𑄉𑄨 𑄟𑄙 𑄚𑄨𑄉𑄪𑄢𑄨 𑄃𑄊𑄬।","যে ডাগ দিে কথা বলে একদিন আমাদের নানি সোনা দিে ঘুরতেছে, সেই ডাগ - সেই কেকটা মাথা নিচু আছে"
"𑄖𑄬, 𑄇𑄧𑄝𑄨 𑄘𑄋𑄴𑄉𑄪 𑄚𑄪𑄃𑄧𑄢𑄟𑄬 𑄦𑄮𑄭 𑄡𑄨𑄠𑄬","সে, কবি ব ব হেছে"
𑄃𑄧𑄎𑄧𑄣𑄴 𑄛𑄉𑄪𑄌𑄳𑄠 𑄚𑄨𑄎𑄧 𑄏𑄪𑄛𑄴 𑄘𑄨𑄚𑄴 𑄘𑄨𑄚𑄴 𑄛𑄧𑄢𑄬𑄣𑄴𑄨 𑄇𑄪𑄣𑄨 𑄡𑄪𑄉𑄧 𑄇𑄪𑄣𑄨 𑄡𑄪𑄉𑄖𑄴 𑄥𑄧𑄖𑄳𑄠𑄧 𑄚𑄬𑄭 𑄝𑄪𑄉𑄧 𑄍𑄨𑄢𑄨 𑄘𑄬𑄊𑄬𑄣𑄬𑄠𑄳𑄠𑄪 𑄛𑄧𑄖𑄳𑄠𑄧 𑄚𑄬𑄭।,"প্রচুর পাগা নিজের পাগি দিে দিন পেছে,পাহাের পাশ দিে গেলে পথ নেই"
𑄡𑄬 𑄦𑄨𑄢𑄴𑄌𑄘𑄬𑄉𑄋𑄴 𑄬𑄧𑄇𑄴 𑄇𑄢𑄬 𑄗𑄬𑄝𑄴𑄗𑄬𑄭𑄛𑄳𑄠 𑄃𑄬𑄣𑄧।,যে হিচাটা কেকজনকে ধরে নিে আসলো
𑄉𑄎𑄬 𑄉𑄎𑄬 𑄜𑄪𑄣𑄴 𑄜𑄪𑄘𑄨 𑄛𑄨𑄝𑄨𑄢𑄴 𑄛𑄨𑄝𑄨𑄢𑄴 𑄝𑄮𑄭𑄠𑄬𑄢𑄬 𑄘𑄪𑄣𑄨 𑄘𑄪𑄣𑄨 𑄗𑄬𑄘𑄇𑄴 𑄥𑄬 𑄦𑄨𑄣𑄴 𑄌𑄘𑄬𑄉𑄋𑄴 𑄃𑄊𑄧 𑄔𑄧𑄇𑄳𑄠 𑄚𑄬𑄭।,গাে গাে ফুল পে হেঁটে যাওার সম যে হিলটা দেখা যা
"𑄡𑄬 𑄢𑄬𑄖𑄴 𑄛𑄮𑄖𑄴 𑄛𑄮𑄖𑄴𑄖𑄳𑄠𑄧 𑄎𑄪𑄚𑄧𑄛𑄧𑄦𑄴𑄢𑄧𑄖𑄴 𑄃𑄨𑄎𑄮𑄢𑄧𑄖𑄴 𑄝𑄮𑄭 𑄘𑄪𑄙𑄪𑄇𑄴, 𑄦𑄬𑄋𑄴𑄉𑄧𑄢𑄧𑄋𑄴, 𑄌𑄨𑄋𑄬 𑄝𑄬𑄭 𑄉𑄧𑄝𑄬 𑄥𑄧𑄝𑄬 𑄃𑄧𑄘𑄧𑄙𑄬𑄇𑄴 𑄢𑄬𑄖𑄴 𑄢𑄊𑄬𑄘𑄇𑄴, 𑄡𑄬 𑄘𑄨𑄚𑄧𑄖𑄴 𑄃𑄣𑄪𑄣𑄴𑄮 - 𑄘𑄪𑄣𑄪𑄣𑄴𑄮, 𑄃𑄎𑄨 𑄢𑄧𑄋𑄬 𑄘𑄨𑄚𑄴 𑄉𑄧𑄋𑄬 𑄘𑄨𑄘𑄇𑄴 𑄃 𑄦𑄮𑄌𑄴𑄛𑄚 𑄥𑄪𑄘𑄧 𑄚𑄣𑄬 𑄝𑄬𑄢𑄝𑄬𑄌𑄳𑄠 𑄃𑄬𑄣𑄧 𑄥𑄬 𑄘𑄨𑄚𑄴 𑄥𑄬 𑄇𑄣𑄴 𑄃𑄨𑄇𑄴𑄇𑄬 𑄚𑄬𑄭।","যে রাতে ভাত খাওার জন্য ব ব করে ভাত খাওা হ, যে দিনে আলুগুলো দিে ভাত খাওা হ, যে দিনে আলুগুলো ব করে দো হ, যে দিনে আলুগুলো দুলিে দো হ"
"𑄡𑄬 𑄢𑄬𑄖𑄴 𑄛𑄬𑄭𑄇𑄧 𑄦𑄨𑄎𑄨𑄇𑄴 𑄦𑄎𑄇𑄬 𑄛𑄧𑄦𑄧𑄢𑄴 𑄃𑄧𑄘𑄧, 𑄡𑄬 𑄢𑄬𑄖𑄴 𑄃𑄎𑄪 𑄚𑄚𑄪 𑄛𑄧𑄌𑄴𑄎𑄧𑄚𑄴 𑄥𑄪𑄚𑄨 𑄥𑄪𑄚𑄨 𑄊𑄪𑄟𑄴 𑄡𑄬𑄘𑄧𑄋𑄴, 𑄥𑄬 𑄘𑄨𑄚𑄴,𑄥𑄬 𑄢𑄬𑄖𑄴, 𑄥𑄬 𑄉𑄨𑄘𑄧 𑄥𑄪𑄢𑄴 𑄃𑄨𑄇𑄴𑄇𑄬 𑄚𑄬𑄭।",". যে রাতে অনেক রাত হ, যে রাত, সেই রাত, সেই রাত, সেই রাত, সেই রাত, সেই রাত, সেই রাত, সেই রাত"
"𑄃𑄊𑄬, 𑄝𑄚 𑄃𑄊𑄬 𑄃𑄬𑄇𑄴 𑄝𑄪𑄉𑄧 𑄃𑄝𑄨𑄣𑄳𑄠𑄌𑄴।",". আছে,শুধু আছে এক বুো আম"
𑄃𑄬𑄇𑄴 𑄘𑄨𑄚𑄴 𑄇𑄣 𑄟𑄬𑄇𑄴 𑄚𑄧'𑄗𑄬𑄝𑄧 𑄝𑄬𑄚𑄴𑄳𑄠 𑄢𑄋 𑄝𑄬𑄣𑄴 𑄃𑄎𑄨𑄝𑄪,এক দিন কালো মেে না থাকলে বো লাল হবে
"𑄃𑄬𑄇𑄴 𑄘𑄨𑄚𑄴 𑄌𑄋𑄴𑄟𑄳𑄦 𑄎𑄘𑄧𑄢𑄴 𑄇𑄧𑄙 𑄇𑄧𑄣𑄬 𑄦𑄠𑄮𑄁 𑄉𑄎𑄪𑄢𑄨𑄙𑄧, 𑄟𑄙𑄨𑄖𑄴 𑄞𑄪𑄎𑄮𑄣𑄴 𑄝𑄬𑄙𑄧।","এক দিন চামা জাতী কথা বলে হাত ধুেছি, মাটিতে ভূমিকম্প হচ্ছে"
"𑄢𑄎 𑄝𑄨𑄎𑄧𑄠𑄴 𑄉𑄨𑄢𑄨 𑄖' 𑄥𑄬𑄚𑄛𑄧𑄖𑄨 𑄢𑄙𑄟𑄧𑄚𑄴𑄣𑄮𑄭 𑄃𑄢𑄇𑄚𑄴 𑄢𑄬𑄡𑄳𑄠 𑄎𑄧𑄠𑄴 𑄉𑄧𑄌𑄴𑄌𑄬, 𑄃 𑄢𑄎 𑄥𑄬𑄢𑄴𑄘𑄮𑄣𑄧𑄖𑄴 𑄈𑄀 𑄖' 𑄥𑄬𑄚𑄛𑄧𑄖𑄨 𑄢𑄧𑄚𑄴𑄖𑄪 𑄘𑄬𑄝𑄚𑄴𑄣𑄮𑄱𑄭 𑄃𑄨𑄁𑄢𑄬𑄌𑄴𑄌𑄪𑄚𑄧𑄢𑄬 𑄖𑄨𑄚𑄴 𑄖𑄨𑄚𑄴 𑄝𑄢𑄴 𑄤𑄧𑄘𑄬𑄭 𑄘𑄨𑄠𑄳𑄠।","রাজা বিজ গিে তার সেনাপতিকে আরাকানে খেে দো হেছে, আর রাজা বিজের সমে তাকে তিন বার বোতে হ"
"𑄟𑄖𑄴𑄧𑄢𑄴, 𑄃𑄬𑄌𑄳𑄠 𑄃𑄟𑄨 𑄛𑄉𑄧𑄣𑄴𑄳𑄠 𑄝𑄎𑄧 𑄥𑄚𑄴 𑄃𑄧𑄉𑄪𑄢𑄴 𑄘𑄧𑄌𑄴𑄎𑄬𑄖𑄴 𑄃𑄧𑄚𑄴𑄥𑄪𑄢𑄴 𑄞𑄎𑄨 𑄝𑄎𑄨 𑄃𑄉𑄨।","মানুষ,আমরা পাগল হে হরিণের সমে বসে আছি"
𑄉𑄧𑄣𑄴𑄬𑄖𑄴 𑄛𑄪𑄢𑄨 𑄘𑄨𑄇𑄴 𑄇𑄞𑄪𑄣𑄴 𑄃𑄰 𑄇𑄧𑄚𑄧 𑄦𑄨𑄖𑄴𑄳𑄠 𑄇𑄮𑄣𑄬 𑄚𑄧'𑄛𑄢𑄨𑄢।,.করালে পুে যাওার সম কোনো মাথা রাখতে পারে না
"𑄃𑄬-𑄃𑄝𑄨𑄣𑄬𑄌𑄴 𑄃𑄬𑄌𑄴𑄳𑄠 𑄝𑄬𑄇𑄴𑄪𑄚𑄧𑄢𑄴, 𑄦𑄨𑄣𑄴𑄌𑄘𑄬𑄉𑄋𑄧𑄢𑄴।",এ-আবোল তাবোল কথা বলতেছে সবাই
𑄎𑄘𑄧𑄢𑄴 𑄟𑄪𑄇𑄴𑄖𑄨 𑄚𑄋𑄬 𑄡𑄬 𑄢𑄌𑄴𑄚𑄰𑄖𑄨𑄇𑄴 𑄘𑄧𑄣𑄴𑄃𑄪𑄚𑄴 𑄖𑄢 𑄃𑄧𑄇𑄴𑄖𑄧𑄖𑄴 𑄃𑄬𑄇𑄴 𑄃𑄰 𑄚𑄧'𑄛𑄢𑄧𑄚𑄴 𑄝 𑄃𑄬𑄇𑄴 𑄃𑄧𑄣𑄬𑄠𑄳𑄠𑄪 𑄛𑄧𑄢𑄬 𑄞𑄋𑄨 𑄡𑄤𑄴।,জাগা থেকে মুক্তি নেওার জন্য যে political দলগুলো আছে তারা একনাগাে চলে যা
"𑄷𑅄𑄸𑄶 𑄘𑄧𑄥𑄧𑄇𑄧𑄖𑄴 𑄘𑄋𑄴𑄉, 𑄇𑄟𑄨𑄚𑄨 𑄟𑄮𑄦𑄧𑄚𑄴 𑄘𑄬𑄝𑄚𑄬 𑄃 𑄇𑄧𑄁𑄉𑄳𑄢𑄬𑄌𑄴 𑄚𑄬𑄖𑄃𑄪𑄚𑄧𑄢𑄴 𑄇𑄧𑄙-𑄝𑄖𑄴𑄖' 𑄖' 𑄃𑄬𑄇𑄴 𑄣𑄬𑄊𑄖𑄴 𑄃𑄟𑄨 𑄘𑄨𑄊𑄨","৮১২০. দশ দিনে দাঙ্গা,কামিনীমোহন দিে এক দলের লিডারের কথা,তার এক লাঠি আমি দিে আছি"
"𑄃 𑄃𑄨𑄠𑄚𑄨 𑄝𑄘𑄬𑄠𑄳𑄠𑄪 𑄝𑄨𑄎𑄧𑄉𑄧𑄖𑄴 𑄛𑄮𑄖𑄴𑄛𑄮𑄖𑄴𑄳𑄠 𑄉𑄧𑄢𑄨, 𑄥𑄬 𑄘𑄬𑄝𑄚𑄧𑄢𑄴 𑄇𑄮𑄣𑄴-𑄇𑄮𑄎𑄳𑄠 𑄇𑄧𑄙।",".এইগুলো বাদ দিে সবসম কথা বলে, সেই আকাশের কোল ঘেষে কথা বলে"
"𑄷𑅄𑄽𑄷 𑄥𑄧𑄚𑄧𑄖𑄴 𑄝𑄋𑄣𑄘𑄬𑄌𑄴 𑄥𑄙𑄨𑄚𑄧𑄖 𑄣𑄢𑄬𑄭𑄠𑄧𑄖𑄴 𑄢𑄎 𑄖𑄳𑄢𑄨𑄘𑄨𑄛𑄴 𑄢𑄠𑄴 𑄛𑄇𑄨𑄌𑄴𑄖𑄚𑄧𑄢𑄴 𑄛𑄧𑄇𑄴𑄧 𑄃 𑄢𑄎 𑄟𑄧𑄁 𑄛𑄪𑄢𑄪 𑄌𑄭 𑄌𑄯𑄙𑄪𑄢𑄨, 𑄘𑄁𑄉𑄪, 𑄌𑄢𑄪 𑄝𑄨𑄇𑄌𑄴 𑄌𑄇𑄴𑄟 𑄥𑄧𑄟𑄪𑄖𑄖𑄪 𑄝𑄪𑄦𑄪𑄖𑄴 𑄌𑄋𑄴𑄟𑄳𑄦 𑄟𑄪𑄇𑄴𑄖𑄴𑄨 𑄡𑄪𑄖𑄴𑄘𑄧𑄖𑄴 𑄃𑄬𑄎𑄣𑄴 𑄘𑄳𑄠𑄪𑄚𑄴।",৮১২১. বছর পূর্তির সমে বাঙালীদের দলপতিরা পাহাের উপর বসে চামার সমে আসলো
"𑄎𑄪𑄟𑄴𑄧 𑄎𑄘𑄧𑄢𑄴 𑄛𑄖𑄴𑄧𑄣𑄨 𑄟𑄧𑄃𑄚𑄴 𑄚𑄬𑄖 𑄃𑄬𑄟𑄴. 𑄃𑄬𑄚𑄴. 𑄣𑄢𑄴𑄟 𑄉𑄮𑄘 𑄦𑄨𑄣𑄴 𑄌𑄘𑄬𑄉𑄋𑄧 𑄟𑄚𑄬𑄃𑄪𑄚𑄧𑄢𑄬 𑄃𑄬𑄇𑄴 𑄉𑄧𑄣𑄴𑄬𑄠𑄳𑄠𑄪 𑄷𑅄𑄾𑄶 𑄘𑄧𑄥𑄧𑄇𑄧 𑄛𑄧𑄢𑄬 𑄣𑄟𑄴𑄝-𑄝𑄙𑄨 𑄞𑄇𑄴 𑄃𑄰 𑄃𑄬𑄟𑄴. 𑄃𑄬𑄚𑄴. 𑄣𑄢𑄴𑄟𑄢𑄬(𑄓𑄨𑄥𑄬𑄟𑄴𑄝𑄧𑄢𑄴 𑄷𑄶, 𑄷𑅄𑄾𑄹) 𑄌𑄬𑄢𑄴 𑄇𑄪-𑄌𑄧𑄇𑄴𑄢𑄨 𑄉𑄨𑄢𑄨-𑄛𑄳𑄢𑄧𑄇𑄌𑄴-𑄘𑄬𑄝𑄬𑄚𑄴-𑄛𑄧𑄣𑄌𑄴𑄘𑄉𑄨 𑄟𑄬𑄮 𑄜𑄬𑄣𑄬𑄭 𑄎𑄘𑄧𑄢𑄴 𑄃𑄚𑄴𑄘𑄢𑄴 𑄢𑄬𑄖𑄴, 𑄖𑄢𑄚𑄬𑄭 𑄃𑄉𑄌𑄴 𑄉𑄪𑄎𑄪𑄢𑄨 𑄉𑄎𑄪𑄢𑄨 𑄣𑄟𑄨𑄨 𑄃𑄬𑄣𑄧।",".জুম্মদের পাহাে পাহাের মানুষরা এক করলে,এত ব পাহাে পাহাের মানুষরা এক করলে,লম্বা পাহাের মানুষরা এক করলে,তারা পাহাের গাে লাফিে লাফিে নামল"
"𑄥𑄧𑄘𑄬 𑄥𑄧𑄖𑄴 𑄎𑄪𑄟𑄴𑄧 𑄟𑄪𑄢𑄨 𑄉𑄬𑄣𑄇𑄴, 𑄛𑄪𑄋𑄴𑄉𑄪 𑄃𑄧𑄣𑄇𑄴।",".সে শুে গেল,পুে গেল"
"𑄥𑄨𑄠𑄚𑄴 𑄛𑄧𑄢𑄬 𑄷𑅄𑅄𑄽, 𑄸𑄓𑄨𑄥𑄬𑄟𑄴𑄝𑄧𑄢𑄴 𑄛: 𑄌𑄪𑄇𑄴𑄖𑄴𑄨 𑄃𑄧𑄣𑄬, 𑄌𑄪𑄇𑄴𑄖𑄴𑄨 𑄛𑄧𑄇𑄴𑄈𑄧-𑄝𑄨𑄛𑄧𑄇𑄴𑄈𑄧 𑄞𑄇𑄴 𑄃𑄰 𑄃𑄬𑅄𑄧 𑄥𑄧𑄁 𑄘𑄮𑄣𑄴 𑄘𑄮𑄣𑄴 𑄣𑄬𑄊 𑄛𑄌𑄴𑄎𑄬, 𑄦𑄧𑄎𑄣𑄴 𑄥𑄬𑄚 𑄎𑄖𑄴 𑄞𑄬𑄭𑄠𑄳𑄠𑄪𑄚𑄴 𑄟𑄪𑄢𑄨 𑄡𑄘𑄧𑄚𑄴, 𑄃𑄧𑄙𑄧𑄇𑄴 𑄛𑄪𑄋𑄴𑄉𑄪 𑄃𑄰 𑄟𑄚𑄧𑄝𑄬𑄖𑄧𑄢𑄴 𑄎𑄩𑄋𑄴𑄦𑄚𑄨 𑄖𑄮𑄢𑄘𑄧𑄚𑄴।",".সেটা পেছে ২তারিখে,দুইদিন পেছে,হাতির দলটা পিছন ফিরে যা,অমুক পাের মানুষরা পাে যা,অমুক পািে যা,অমুক পািে যা,অমুক পািে যা,অমুক পািে যাচ্ছে"
𑄎𑄬𑄣𑄴-𑄦𑄎𑄡𑄧𑄖𑄴 𑄇𑄧𑄘𑄧𑄇𑄴 𑄎𑄖𑄴 𑄞𑄬𑄭 𑄛𑄪𑄢𑄨 𑄃𑄉𑄧𑄚𑄴 𑄃𑄇𑄪𑄣𑄧𑄖।,জেলে-চাষে কত জাতের বোই পে আছে
𑄃𑄬𑄭 𑄃𑄇𑄴𑄖𑄧𑄖𑄴 𑄝𑄬𑄉𑄧𑄢𑄴 𑄙𑄪𑄚𑄴𑄘𑄪𑄇𑄴!,এই পৃথিবীতে বেগের শব্দ
𑄃𑄬𑄌𑄳𑄠 𑄘𑄨𑄚𑄴 - 𑄢𑄬𑄖𑄴 𑄃𑄞𑄋𑄴 𑄚𑄬𑄭 𑄉𑄪𑄢𑄨 𑄥𑄧𑄘𑄬-𑄥𑄧𑄖𑄴 𑄝𑄋𑄣𑄴 𑄃𑄬𑄖𑄴𑄧𑄚𑄴।,এক দিন- রাত-বিকাল বাঙালি সম
"𑄸𑄻𑅄 𑄚𑄧𑄁 𑄘𑄇𑄴𑄇𑄪𑄛𑄴𑄳𑄠 𑄟𑄪𑄃𑄪𑄎𑄧 𑄇𑄮𑄘𑄟𑄪𑄚𑄣𑄧𑄖𑄴 𑄹𑄶𑄶 𑄘𑄨𑄢𑄨, 𑄝𑄝𑄪 𑄍𑄧𑄢 𑄥𑄅𑄙𑄓𑄧𑄚 𑄑𑄨𑄣, 𑄟𑄬𑄢𑄪𑄁 𑄸𑄾 𑄚𑄧𑄁 𑄢𑄬𑄋𑄴𑄇𑄢𑄴𑄡𑄳𑄠 𑄟𑄪𑄃𑄪𑄎𑄧,𑄸𑅄 𑄚𑄧𑄁 𑄍𑄮𑄑𑄧 𑄟𑄬𑄢𑄪𑄁 𑄟𑄪𑄃𑄪𑄎𑄧 𑄥𑄧𑄟𑄪𑄖𑄴𑄪 𑄦𑄎𑄢𑄴 𑄦𑄎𑄢𑄴 𑄥𑄧𑄟𑄪𑄖𑄴𑄪 𑄦𑄎𑄢𑄴 𑄦𑄎𑄢𑄴 𑄥𑄧𑄢𑄧𑄕𑄖𑄴𑄩 𑄝𑄋𑄣𑄴 𑄃𑄢𑄴𑄟𑄨𑄃𑄪𑄚𑄧𑄢𑄴 𑄃𑄬𑄎𑄣𑄬 𑄦𑄨𑄣𑄧𑄢𑄴 𑄎𑄪𑄟𑄴𑄧𑄃𑄪𑄚𑄴 𑄎𑄉-𑄎𑄪𑄟𑄨 𑄃𑄢𑄨 𑄣𑄧𑄘𑄧𑄚।","৮১৫১. কুঁজো হে থাকা পাহাের টিলা,পাহাের ছোট পাহাের টিলা,পাহাের ছোট পাহাের পাহাে হাজার হাজার লোক জড়ো হে আছে"
"𑄞𑄘𑄧 𑄎𑄉 𑄜𑄬𑄚𑄩 𑄉𑄁, 𑄌𑄬𑄋𑄬, 𑄟𑄨𑄋𑄨𑄚𑄨, 𑄇𑄎𑄣𑄧𑄁 𑄇𑄪𑄣𑄴 𑄥𑄧𑄟𑄨𑄖𑄖𑄪 𑄦𑄨𑄣𑄴𑄌𑄘𑄬𑄉𑄋𑄧 𑄘𑄮𑄣𑄴 𑄘𑄮𑄣𑄴 𑄝𑄬𑄇𑄴 𑄎𑄉𑄚𑄨 𑄃𑄢𑄬𑄭 𑄡𑄬𑄢𑄴𑄣𑄰 𑄢𑄎𑄚𑄧𑄓𑄉𑄓𑄧𑄢𑄴, 𑄢𑄕𑄩𑄦𑄖𑄴-𑄝𑄨𑄝𑄨𑄦𑄖𑄴, 𑄇𑄬𑄘𑄤𑄢𑄴𑄟𑄢, 𑄟𑄚𑄬𑄇𑄴𑄍𑄓𑄧𑄢𑄨 𑄔𑄃 𑄜𑄬𑄕𑄩 𑄉𑄋𑄴 𑄡𑄨𑄇𑄴𑄈𑄬 𑄉𑄪𑄢𑄨 𑄃𑄢𑄬𑄭 𑄡𑄨𑄠𑄬𑄭।",".বাির জাগাটা ফেনী নদী,চেে,মিে,স্বামী-স্ত্রী আরও বেশি ব হেছে"
"𑄃 𑄃𑄬-𑄃𑄬𑄇𑄴𑄇 𑄃𑄬𑄇𑄴𑄇 𑄛𑄬𑄢𑄚𑄨, 𑄟𑄮𑄚𑄴-𑄟𑄪𑄢𑄧𑄔𑄃𑄪𑄚𑄴 𑄡𑄪𑄚𑄨 𑄃𑄢𑄬𑄭 𑄌𑄣𑄬𑄚𑄴 𑄝𑄎𑄨 𑄝𑄧𑄁 𑄦𑄨𑄋𑄨𑄢𑄨?","একটু একটু পোরা, পাহা-মুরগাগুলো আরও একটু করে চালগুলো বেঁধে রাখবো"
𑄃𑄬𑄭 𑄘𑄪𑄇𑄴𑄇𑄚𑄴 𑄚𑄧'𑄝𑄪𑄎𑄨 𑄃𑄟𑄨-𑄃𑄟 𑄢𑄌𑄴𑄚𑄩𑄖𑄨 𑄌𑄬𑄣𑄃𑄪𑄚𑄬।,এই দুঃখ আমরা ভুলতে পারবো না
𑄎𑄘𑄧𑄢𑄴 𑄟𑄪𑄇𑄴𑄖𑄨 𑄇𑄧𑄙 𑄦𑄮𑄱𑄭 𑄦𑄮𑄱𑄭 𑄚𑄨𑄎𑄧 𑄃𑄣𑄪 𑄇𑄪𑄢𑄧𑄚(𑄝𑄬𑄇𑄴𑄇𑄪𑄚𑄬 𑄚𑄧𑄤𑄴) 𑄝𑄘𑄬 𑄇𑄨𑄎𑄪 𑄌𑄮𑄉𑄧𑄖𑄴 𑄚𑄧' 𑄛𑄧𑄢𑄬𑄢।,স্বর্গে যাওার কথা বলতে বলতে নিজের আলু কুানো (সবাই নাা) বাদে আর কিছু দেখতে হ না
"𑄟𑄪𑄭 𑄦𑄮𑄟𑄴 𑄖𑄢 𑄎𑄘𑄧𑄢𑄴 𑄟𑄪𑄇𑄴𑄖𑄴𑄨 𑄚𑄧'𑄌𑄚𑄴, 𑄚𑄧'𑄌𑄚𑄴 𑄎𑄘𑄧𑄢𑄴 𑄞𑄣𑄬𑄘𑄨 𑄖𑄢 𑄖𑄢𑄢𑄴 𑄟𑄯𑄣𑄨𑄇𑄴 𑄃𑄙𑄨𑄇𑄢𑄴 𑄖𑄧𑄎𑄨𑄟𑄴𑄛𑄪𑄢𑄧 𑄉𑄧𑄖𑄴𑄧𑄚𑄴।","আমি তাদের সাথে যেতে পছন্দ করি না,নাাচাা করে তারা তাদের মৌলিক কাজ করতেছে"
𑄃𑄢𑄴𑄟𑄨𑄃𑄪𑄚𑄧𑄬𑄮 𑄌𑄨𑄖𑄴𑄘𑄨𑄊𑄮𑄣𑄴 𑄉𑄧𑄢𑄨 𑄃𑄬𑄎𑄣𑄴 𑄘𑄬𑄘𑄧𑄚𑄴।,আর্মিরা চিৎকার করে আসতেছে
"𑄥𑄧𑄖𑄴𑄨 𑄡𑄪𑄚𑄨 𑄃𑄟𑄨 𑄎𑄘𑄧𑄢𑄴 𑄇𑄧𑄙 𑄞𑄝𑄨𑄘𑄧𑄁, 𑄃𑄬𑄌𑄴𑄳𑄠 𑄞𑄬𑄭𑄠𑄬 𑄞𑄬𑄭𑄠𑄬 𑄟𑄢𑄟𑄢𑄨, 𑄘𑄮𑄣-𑄘𑄮𑄣𑄨 𑄚𑄧'𑄉𑄖𑄴𑄧𑄋𑄴।","সব সম আমরা গ্রামের কথা ভাবি, আসা যাওা করে মারামারি, দোলান দোলাই না"
𑄝𑄨𑄘𑄨 𑄡𑄨𑄠𑄳𑄠 𑄘𑄨𑄚𑄧𑄖𑄴 𑄘𑄬𑄊 𑄡𑄨𑄠𑄳𑄠 𑄷𑅄𑄾𑅄 𑄃𑄨𑄁𑄢𑄬𑄎𑄨𑄖𑄴 𑄚𑄨𑄢𑄴𑄝𑄌𑄧𑄚𑄧𑄖𑄴 𑄝𑄬𑄇𑄴 𑄙𑄝𑄦𑄘𑄨 𑄣𑄢𑄬𑄠𑄳𑄠𑄚𑄴 𑄃𑄢𑄴𑄟𑄨𑄃𑄪𑄚𑄬।,"বিদা দাওা দিনে দেখা যা, আর্মিরা সব দৌাদৌি করতেছে"
𑄚𑄟𑄩-𑄘𑄟𑄩 𑄎𑄪𑄟𑄴𑄧𑄃𑄪𑄚𑄧𑄬𑄮 𑄝𑄳𑄠𑄧𑄥𑄖𑄴 𑄃𑄬𑄎𑄣𑄴 𑄃 𑄚𑄚𑄋𑄴 𑄉𑄮𑄛𑄧𑄚𑄴 𑄥𑄪𑄝𑄨𑄙𑄬 𑄘𑄨𑄚𑄳𑄠𑄭 𑄎𑄨𑄟𑄴𑄧 𑄎𑄘𑄧𑄢𑄴 𑄟𑄪𑄇𑄴𑄖𑄴𑄨 𑄃𑄚𑄴𑄘𑄮𑄣𑄧𑄚𑄚𑄧𑄢𑄬 𑄟𑄪𑄎𑄪𑄋𑄬 𑄘𑄬𑄠𑄣𑄴 𑄘𑄳𑄠𑄪𑄚𑄴।,নামী-দামি জুম্মরা বস সুবিধা দিে শান্তিপূর্ণ আন্দোলনগুলো শেষ করে দিল
"𑄟𑄖𑄴𑄧𑄢𑄴, 𑄎𑄪𑄟𑄴𑄧 𑄎𑄘𑄧𑄢𑄴 𑄥𑄧𑄁 𑄎𑄪𑄠𑄬𑄮 𑄝𑄙𑄳𑄠𑄧 𑄃𑄰 𑄛𑄨𑄠𑄧𑄚𑄴 𑄛𑄢𑄴𑄝𑄧𑄖𑄴𑄳𑄠 𑄌𑄪𑄇𑄴𑄖𑄴𑄨 𑄉𑄧𑄖𑄴𑄬।",".মাতলা,জুম্মদের সাথে জুেও ওই পাহািটা চুক চুক করতেছে"
"𑄖𑄬, 𑄝𑄛𑄴-𑄞𑄬𑄭, 𑄟-𑄝𑄮𑄚𑄴 𑄣𑄧𑄇𑄴!","সে,বাবা-মা লক্ষী,মা-বোন লক্ষী"
"𑄎𑄘𑄧𑄢𑄴 𑄞𑄣𑄬𑄘𑄨𑄖𑄳𑄠, 𑄎𑄘𑄧𑄢𑄴 𑄟𑄪𑄇𑄴𑄖𑄴𑄨𑄖𑄳𑄠𑄭, 𑄛𑄨𑄖𑄴𑄨𑄟𑄩 𑄝𑄪𑄉𑄧𑄖𑄴 𑄎𑄪𑄟𑄴𑄧 𑄎𑄖𑄴𑄪 𑄗𑄨𑄘𑄧𑄝𑄧𑄢𑄨𑄖𑄳𑄠𑄭 𑄃𑄟𑄖𑄴𑄪𑄚𑄴 𑄃-𑄢𑄧 𑄃𑄬𑄇𑄴𑄝𑄢𑄴 𑄎𑄧𑄙 𑄃𑄰𑄚𑄭 𑄣𑄢𑄬𑄭 𑄉𑄪𑄢𑄨 𑄛𑄢𑄴𑄣𑄴𑄬 𑄃𑄬𑄇𑄴𑄘𑄨𑄚𑄴 𑄛𑄪𑄉𑄧 𑄟𑄮𑄚𑄧 𑄟𑄙𑄖𑄴 𑄝𑄬𑄚𑄴𑄳𑄠 𑄢𑄋 𑄝𑄬𑄣𑄴 𑄃𑄎𑄨𑄝𑄪, 𑄇𑄣 𑄟𑄬𑄇𑄴 𑄚𑄧' 𑄗𑄬𑄝𑄧।",".জাগা ভালো করে দেখার জন্য,পৃথিবীর বুো মানুষরা একনাগাে ঘুরতেছে, কালো মেেটা আর থাকবে না"
"𑄃 𑄡𑄬 𑄡𑄬𑄁𑄢𑄨 𑄛𑄢𑄨 𑄇𑄮𑄕-𑄇𑄪𑄕𑄨, 𑄊𑄧𑄕-𑄊𑄪𑄕𑄨 𑄍𑄬𑄬𑄮 𑄡𑄬 𑄃𑄧𑄖𑄴𑄙𑄬𑄇𑄴 𑄣𑄋𑄴𑄖 𑄟𑄚𑄪𑄌𑄴 𑄃𑄉𑄧𑄚𑄴 𑄖𑄢𑄬𑄮 𑄖𑄪𑄣𑄨 𑄃𑄚 𑄛𑄧𑄢𑄨𑄝 ...।",".এত ব করে কোণাকুণি,ঘোর-ঘোর করে যে অনেক লম্বা মানুষ আছে তাকে তুলে আনতে হবে"
𑄥𑄧𑄝𑄧𑄚𑄧𑄢𑄴 𑄝𑄨𑄌𑄴 - 𑄝𑄩𑄎𑄨𑄘𑄨 𑄌𑄢𑄬𑄭 𑄟𑄪𑄎𑄪𑄋𑄬 𑄃𑄇𑄴𑄇𑄮𑄭 𑄡𑄬𑄭,সপ্নের বীজ -বীজগুলো রোপণ করার সম আছে
"𑄦𑄢𑄴 𑄞𑄋 𑄘𑄪𑄉𑄧 𑄦𑄧𑄌𑄴𑄑𑄧𑄠𑄚𑄧𑄢𑄬 𑄥𑄧𑄡𑄳𑄠𑄧 𑄉𑄮𑄢𑄨, 𑄟𑄮𑄚𑄴 - 𑄟𑄪𑄢𑄴 𑄞𑄋𑄨, 𑄍𑄧𑄢 𑄉𑄋𑄴 𑄍𑄨𑄢𑄨 𑄃𑄧𑄚𑄞𑄘𑄬 𑄣𑄢𑄬𑄭 𑄉𑄮𑄢𑄨, 𑄟𑄙𑄉𑄟𑄴 𑄑𑄬𑄋𑄧𑄖𑄴 𑄜𑄬𑄣𑄬, 𑄃𑄚𑄴𑄘𑄢𑄴 𑄢𑄬𑄘𑄮𑄖𑄴 𑄑𑄬𑄋𑄴𑄦𑄧 𑄛𑄚𑄨 𑄚𑄧' 𑄥𑄪𑄇𑄠𑄴 𑄥𑄧𑄁 𑄟𑄮𑄚𑄴 - 𑄟𑄪𑄢𑄧 𑄛𑄢𑄨, 𑄜𑄮𑄛𑄬 𑄜𑄮𑄛𑄬, 𑄣𑄬𑄋𑄬 𑄣𑄬𑄋𑄬 𑄎𑄘𑄧𑄢𑄴 𑄃𑄬𑄢𑄚𑄧𑄖𑄳𑄠𑄭 𑄣𑄢𑄬𑄭 𑄉𑄪𑄌𑄴𑄍𑄧𑄚𑄴।","হা ভাঙা দুগা হেছো, পাহাের পাে হেঁটে হেঁটে,পাহাের পাে হেঁটে,পাহাের পাে হেঁটে,পাহাের পাে করে,পাহাের পাে হেঁটে"
"𑄘𑄮𑄣𑄴 𑄟𑄮𑄇𑄴, 𑄛𑄪𑄃𑄧, 𑄏𑄨, 𑄝𑄪𑄢𑄧 𑄟𑄳𑄦-𑄝𑄛𑄴 𑄦𑄨𑄖𑄴𑄮𑄦𑄘𑄪𑄟𑄴𑄧 𑄜𑄬𑄣𑄬 𑄃𑄧𑄉𑄪𑄢𑄴 𑄃𑄚𑄴𑄙𑄢𑄴 𑄏𑄢𑄧𑄖𑄴 𑄝𑄳𑄦' 𑄝𑄚𑄴𑄚𑄮𑄚𑄴।","সুন্দর মেে,পুে,ঝি,বুোর মা-বাবা সবকিছু ফেলে অন্ধকারে বািেছে"
"𑄛𑄧𑄢 𑄑𑄬𑄝𑄨𑄢𑄴 𑄥𑄢𑄨, 𑄉𑄧𑄢𑄧𑄌𑄧𑄢𑄴 𑄛𑄧𑄢𑄨𑄇𑄴𑄇𑄬 𑄜𑄬𑄣𑄬 𑄎𑄘𑄧𑄢𑄴 𑄟𑄪𑄇𑄴𑄖𑄴𑄨 𑄟𑄨𑄍𑄨𑄣𑄴 𑄟𑄨𑄑𑄨𑄋𑄴𑄦𑄧𑄖𑄴 𑄥𑄧𑄢𑄨𑄖𑄴 𑄃𑄪𑄠𑄧𑄚𑄴।","পার গাড়ির সারি, গরল পার শব্দ করে মিলিে উঠছে"
𑄦𑄖𑄴𑄪𑄚𑄴 𑄟𑄧𑄚𑄬 𑄇𑄧𑄠𑄴 𑄃𑄨𑄠𑄚𑄨?,হাত থেকে মনে হ এইগুলো?
"𑄇𑄳𑄠𑄛𑄨𑄑𑄣𑄨𑄎𑄧𑄟𑄧𑄢𑄴 𑄡𑄪𑄉𑄧𑄖𑄴, 𑄚𑄨𑄎𑄧 𑄞𑄧𑄝𑄨𑄥𑄧𑄖𑄴𑄧 𑄥𑄬𑄌𑄴 𑄉𑄧𑄢𑄨𑄚𑄬𑄭।","কাপিা করার দিনে,নিজের বািটা সেলাই করে"
𑄃𑄟 𑄎𑄘𑄧𑄢𑄴 𑄝𑄨𑄢𑄴 𑄥𑄬𑄚𑄃𑄪𑄚𑄴 𑄥𑄨𑄠𑄚𑄴 𑄈𑄪𑄝𑄴 𑄥𑄧𑄦𑄧𑄎𑄬 𑄉𑄪𑄎𑄨 𑄣𑄪𑄠𑄧𑄚𑄴।,আমাদের গ্রামের বিালগুলো সেগুলো খুব সহজে গুো করে নিল
"𑄇𑄢𑄧𑄚𑄴 𑄖𑄢𑄢𑄴 𑄌𑄮𑄉𑄧𑄖𑄴 𑄃𑄬𑄇𑄴𑄇𑄚𑄴 𑄥𑄧𑄝𑄧𑄚𑄴 𑄃𑄬𑄣𑄧 𑄎𑄘𑄧𑄢𑄴 𑄞𑄉𑄳𑄠𑄧𑄉𑄎𑄧𑄖𑄴, 𑄦𑄨𑄣𑄧𑄖𑄴 𑄚𑄪𑄃𑄧 𑄢𑄋 𑄝𑄬𑄣𑄧𑄢𑄴 𑄛𑄧𑄦𑄧𑄢𑄴 𑄜𑄪𑄘𑄬𑄝𑄢𑄴।",".কেন তাদের চোখে একটি স্বপ্ন আসলো,হিলে নীল রঙের আলো ফুটতেছে"
𑄟𑄪𑄦𑄧𑄖𑄴 𑄃𑄬𑄇𑄴𑄇𑄚𑄴 𑄞𑄌𑄴 𑄟𑄳𑄦-𑄞𑄫𑄟𑄨 𑄦𑄨𑄣𑄴𑄌𑄘𑄬𑄉𑄋𑄴𑄦𑄧𑄢𑄬 𑄢𑄦 𑄪 𑄛𑄢 𑄘𑄧𑄥𑄖𑄴𑄪𑄚𑄴 𑄟𑄪𑄇𑄴𑄖𑄧 𑄉𑄧𑄢𑄚।,মুখে একটা ভে থাকা মাটিটা পরিষ্কার করা
"𑄃𑄬𑄭 𑄖𑄮 𑄥𑄧𑄞𑄧𑄚𑄴, 𑄃𑄬𑄭 𑄖𑄮 𑄛𑄧𑄘𑄧 𑄌𑄧𑄣।","এই তো সহোদর, এই তো পাহাে চলা"
"𑄖𑄬, 𑄥𑄬 𑄙𑄢𑄘𑄨𑄊𑄧𑄣𑄨𑄖𑄴𑄪𑄚𑄴 𑄷𑅄𑅄𑄽 𑄥𑄣𑄴 𑄸𑄢 𑄓𑄨𑄥𑄬𑄟𑄴𑄝𑄧𑄢𑄴 𑄘𑄨𑄚𑄴𑄪 𑄝𑄨𑄎𑄧𑄉𑄧𑄖𑄴 𑄛𑄘𑄖𑄴𑄓𑄋𑄧𑄢𑄴 𑄃𑄬𑄇𑄴𑄇𑄚𑄴 𑄎𑄉 𑄗𑄨𑄘𑄧𑄝𑄴𑄧𑄢𑄨 𑄉𑄧𑄢𑄨 𑄚𑄨𑄣𑄧।","সে, তার দল থেকে ২রা ডিসেম্বর একটি জাগা স্থির করে নিল"
"𑄥𑄧𑄦𑄩𑄘𑄧 𑄃𑄧𑄠𑄳𑄠 𑄝𑄩𑄢𑄴 𑄥𑄬𑄚𑄃𑄪𑄚𑄴 𑄥𑄙𑄪𑄝𑄘𑄧 𑄎𑄚𑄬 𑄣𑄇𑄴, 𑄛𑄖𑄴𑄖𑄪𑄢𑄪𑄖𑄪𑄢𑄪 𑄎𑄚𑄬𑄃𑄪𑄚𑄴 𑄝𑄧𑄢𑄴𑄟𑄳𑄦, 𑄝𑄨𑄌𑄴𑄕𑄪, 𑄥𑄨𑄝𑄴, 𑄚𑄢𑄠𑄧𑄚𑄴, 𑄃𑄨𑄚𑄴𑄘𑄳𑄢𑄧𑄢𑄧 𑄥𑄧𑄟𑄪𑄖𑄴𑄧 𑄝𑄬𑄉𑄧 𑄓𑄋𑄧𑄢𑄴 𑄓𑄋𑄧𑄢𑄴 𑄘𑄬𑄝𑄧-𑄘𑄬𑄝𑄨𑄃𑄪𑄚𑄴।","সহা হেছে বীর সেনাগুলো,বিস্ম হেছে সে,বিস্ম হেছে সে,নাাচা করে দেব-দেবতাগুলো"
𑄷𑄸 𑄇𑄮𑄑𑄨 𑄝𑄋𑄣𑄧 𑄣𑄧𑄉𑄬 𑄟𑄖𑄴𑄖𑄳𑄢𑄧𑄢𑄧 𑄥𑄖𑄴 𑄣𑄇𑄴 𑄟𑄚𑄬𑄭𑄠𑄬 𑄣𑄧𑄢𑄚 𑄃𑄚𑄪𑄘𑄧𑄢𑄴 𑄃𑄧𑄣𑄬𑄠𑄪 𑄟𑄖𑄴𑄖𑄧𑄢𑄴 𑄥𑄨𑄠𑄚𑄴 𑄣𑄢𑄴𑄟𑄳𑄦 𑄝𑄩𑄢𑄴 𑄥𑄬𑄚𑄃𑄪𑄚𑄴 𑄈𑄪𑄝𑄴 𑄥𑄧𑄦𑄧𑄎𑄬 𑄛𑄌𑄴𑄍𑄪𑄚𑄴।,.দুই কোটি বাঙালীর সাথে পালিে আসা সাত জন সৈন্য খুব সহজে পাচ্ছে
𑄃𑄨𑄠𑄚𑄨 𑄃𑄬𑄇𑄴𑄥𑄧𑄟𑄧𑄠𑄴 𑄝𑄬𑄇𑄴 𑄥𑄧𑄝𑄧𑄚𑄴 𑄃𑄬𑄣𑄧।,এগুলো সব শেষ হেছে
𑄃𑄬 𑄃𑄧𑄇𑄴𑄖𑄴𑄧 𑄞𑄫𑄛𑄬𑄚𑄴 𑄦𑄎𑄢𑄨𑄇 𑄉𑄚𑄴𑄚𑄪 𑄈𑄪𑄝𑄴 𑄃𑄨𑄘𑄮𑄖𑄴 𑄃𑄪𑄘𑄬𑄢𑄴।,এই গাছটি অনেক বে উঠে
"𑄖' 𑄉𑄚𑄴𑄚𑄪 "" 𑄖𑄬, 𑄟𑄮𑄚𑄴 𑄟𑄪𑄢𑄧 𑄘𑄬𑄎𑄧𑄖𑄴 𑄘𑄮𑄣𑄴 𑄃𑄞 𑄝𑄬𑄭 𑄡𑄬𑄝𑄧, 𑄉𑄎𑄬 𑄉𑄎𑄬 𑄜𑄪𑄣𑄴 𑄜𑄪𑄘𑄨𑄝𑄇𑄴, 𑄛𑄬𑄉𑄬 𑄉𑄩𑄖𑄴 𑄥𑄮𑄚𑄬𑄝𑄇𑄴, 𑄚𑄪𑄃𑄧 𑄟𑄧𑄚𑄧𑄢𑄴 𑄟𑄚𑄪𑄌𑄴 𑄎𑄉𑄨 𑄃𑄪𑄘𑄨𑄝𑄇𑄴।","তার গািে সুন্দর ফুল ফুটবে,গাে গাে ফুল ফুটবে,নতুন মনের মানুষ জেগে উঠবে"
𑄟𑄖𑄴𑄧𑄢𑄴 𑄛𑄨𑄖𑄴𑄗𑄨𑄟𑄨 𑄔𑄧𑄇𑄴 𑄃𑄬𑄘𑄧𑄇𑄳𑄠 𑄚𑄧' 𑄃𑄧𑄠𑄴।,.মনে হ পৃথিবীটা এত ব না
𑄝𑄬𑄉𑄧𑄖𑄴𑄖𑄪𑄚𑄴 𑄝𑄬𑄌𑄴 𑄘𑄪𑄉𑄧 𑄦𑄧𑄙 𑄃𑄧𑄣𑄧 𑄃𑄨𑄘𑄪 𑄞𑄬𑄭𑄠𑄬 𑄞𑄬𑄭𑄠𑄬 𑄢𑄪𑄉𑄧𑄢𑄪𑄉𑄳𑄠।,বেগ থেকে বেশি ভ হেছে এখানে ভে ভে
𑄸𑄢 𑄓𑄨𑄥𑄬𑄟𑄴𑄝𑄧𑄢𑄴 𑄃𑄬𑄇𑄴 𑄘𑄉𑄨 𑄥𑄚𑄴𑄖𑄨 𑄌𑄪𑄇𑄴𑄖𑄴𑄨 𑄦𑄨𑄎𑄬𑄝𑄬 𑄘𑄬𑄊𑄧𑄚𑄴 𑄃 𑄃𑄬𑄇𑄴 𑄘𑄉𑄨 𑄇𑄣 𑄌𑄪𑄇𑄴𑄖𑄴𑄨 𑄦𑄨𑄎𑄬𑄝𑄬 𑄘𑄬𑄊𑄧𑄚𑄴।,২. ডিসেম্বর এক ডাকে শাকগুলো চলে যা আর এক ডাকে কালো চামা চলে
"𑄃𑄨𑄖𑄴𑄪𑄚𑄴 𑄎𑄘𑄧𑄢𑄴 𑄝𑄪𑄉𑄧𑄖𑄴 𑄎𑄧𑄚𑄧𑄟𑄴 𑄣𑄪𑄠𑄳𑄠 𑄌𑄨𑄤𑄧𑄟𑄳𑄠, 𑄓𑄧𑄢𑄴 - 𑄓𑄧𑄢𑄴, 𑄗𑄧𑄢𑄴- 𑄗𑄧𑄢𑄴।","এখান থেকে ব ব মানুষ নিে আসলাম, জোরে জোরে, জোরে, জোরে"
"𑄬𑄧𑄇𑄴𑄇𑄚𑄴 𑄃𑄪𑄘𑄦𑄧𑄢𑄧𑄚𑄴 𑄘𑄨𑄣𑄬 𑄝𑄪𑄏 𑄡𑄬𑄝, 𑄸𑄶𑄶𑄼 𑄥𑄣𑄧𑄖𑄴 𑄷𑄻 𑄓𑄨𑄥𑄬𑄟𑄴𑄝𑄧𑄢𑄴 𑄟𑄧𑄋𑄴𑄉𑄧𑄣𑄴 𑄝𑄢𑄴 𑄝𑄬𑄚𑄳𑄠 𑄾 𑄑 𑄷𑄻 𑄟𑄨𑄚𑄨𑄖𑄴 𑄃𑄧𑄇𑄴𑄖𑄴𑄧 𑄘𑄨𑄊𑄩𑄚𑄣 𑄡𑄪𑄝𑄧 𑄥𑄧𑄟𑄨𑄖𑄨 𑄥𑄧𑄞𑄛𑄧𑄖𑄨 𑄢𑄨𑄁𑄇𑄪 𑄟𑄧𑄕𑄨𑄢𑄬 𑄝𑄋𑄬 𑄛𑄨𑄌𑄴𑄎𑄬 𑄘𑄨' 𑄦𑄘𑄧 𑄝𑄚𑄨 𑄌𑄬𑄠𑄢𑄧𑄖𑄴 𑄝𑄧𑄎𑄬𑄭 𑄟𑄙𑄖𑄴 𑄉𑄪𑄣𑄨 𑄉𑄧𑄌𑄴𑄎𑄮𑄚𑄴।","একটি উদাহরন দিলে বুঝা যা,২০০৬ সালে ২ ডিসেম্বর মঙ্গল বাির বো দুইজনে হাত বেঁধে মাথা গুলি করে"
𑄦𑄧𑄘𑄧𑄇𑄴 𑄖𑄪𑄘𑄩 𑄉𑄪𑄢𑄨 𑄛𑄧𑄢𑄚𑄴 𑄞𑄨𑄇𑄴𑄇𑄬 𑄥𑄬𑄠𑄳𑄠 𑄖𑄪𑄃𑄧 𑄖𑄢𑄬 𑄦𑄬𑄟 𑄚𑄧' 𑄉𑄧𑄢𑄧𑄚𑄴।,অনেক লুকোচুরি খেলা সে তাকে গ্রাহ্য করে না
"𑄸𑄾 𑄚𑄧𑄁 𑄢𑄬𑄁𑄇𑄡𑄳𑄠 𑄟𑄪𑄃𑄪𑄡𑄧𑄖𑄴 𑄡𑄧𑄇𑄳𑄠 𑄥𑄬𑄑𑄬𑄣𑄢𑄴 𑄝𑄋𑄣𑄪𑄚𑄴 𑄷𑄻𑄶 𑄃𑄬𑄇𑄧𑄢𑄴 𑄌𑄋𑄴𑄟𑄃𑄪𑄚𑄧𑄢𑄴 𑄎𑄉𑄖𑄴 𑄌 𑄝𑄉𑄚𑄴 𑄛𑄳𑄢𑄧𑄇𑄧𑄣𑄴𑄛𑄧 𑄦𑄘𑄧𑄖𑄴 𑄣𑄪𑄠𑄧𑄚𑄴, 𑄥𑄧𑄇𑄳𑄠𑄧 𑄢𑄨𑄁𑄇𑄪𑄟𑄪𑄚𑄨 𑄃𑄬𑄎𑄣𑄬 𑄥𑄨𑄘𑄪𑄇𑄧 𑄌𑄋𑄴𑄟𑄃𑄪𑄚𑄬 𑄛𑄳𑄢𑄧𑄖𑄨𑄝𑄘𑄧 𑄉𑄧𑄌𑄴𑄍𑄪𑄚𑄴।","৮১১৮. রাত হলে যতগুলো চামা নিে আসা যা,সবগুলো রিংকুনি আসতেছে সেই চামার জন্য"
𑄦𑄧𑄠𑄧𑄘𑄧 𑄃𑄨𑄠𑄚𑄴 𑄖' 𑄘𑄪𑄌𑄴।,হ এটা তার দোষ
𑄃 𑄃𑄨𑄠𑄚𑄴 𑄡𑄪𑄚𑄨 𑄖' 𑄘𑄪𑄌𑄴 𑄃𑄧𑄠𑄴 𑄥𑄬𑄖𑄪𑄪 - 𑄢𑄨𑄖𑄪 𑄖𑄢𑄢𑄴 𑄦𑄨 𑄘𑄪𑄌𑄴?,.এটা কি তার দোষ নাকি?
"𑄎𑄧𑄚𑄧𑄟𑄧𑄖𑄳𑄠𑄭 𑄝𑄛𑄧𑄢𑄴 𑄃𑄘𑄧𑄢𑄴,𑄦𑄮𑄌𑄴𑄛𑄚 𑄃𑄧𑄚𑄧𑄘𑄨𑄚𑄴 𑄚𑄧' 𑄛𑄬𑄝𑄇𑄴।",".মানুষটা বাপের আদর,ভ পাওা প্রত্যেকদিন পাওা যা না"
𑄝𑄛𑄧𑄢𑄴 𑄌𑄨𑄚𑄴𑄛𑄪𑄌𑄴𑄍𑄬 𑄘𑄨' 𑄚𑄧 - 𑄛𑄢𑄨𑄝𑄇𑄴।,বাপ-চাচাকে দিতে পারবো না
"𑄃𑄨𑄠𑄚𑄴 𑄌𑄧𑄁𑄢 𑄍𑄧𑄢𑄨, 𑄟𑄬𑄢𑄪𑄁 𑄃𑄨𑄃𑄪𑄚𑄨𑄠𑄧𑄧𑄖𑄴 𑄛𑄧𑄖𑄴𑄧𑄟𑄧 𑄊𑄧𑄑𑄧𑄚 𑄃𑄧𑄣𑄬𑄠𑄪 𑄦𑄨𑄣𑄴 𑄌𑄘𑄬𑄉𑄋𑄧𑄢𑄴 𑄚𑄪𑄃𑄧 𑄦𑄧𑄚𑄧 𑄊𑄧𑄑𑄧𑄚 𑄚𑄧𑄠𑄴।",".এটা চংরা ছিে,মার ইউনিে সবচেে বেশি ঘটনা ঘটে না"
𑄛𑄢𑄴𑄝𑄧𑄖𑄳𑄠𑄧 𑄌𑄪𑄇𑄴𑄖𑄴𑄨 𑄛𑄧𑄢 𑄴𑄷𑅄𑅄𑄾 𑄥𑄣𑄧𑄖𑄴𑄪𑄚𑄴 𑄙𑄪𑄢𑄨 𑄚𑄪𑄃𑄧 𑄉𑄪𑄢𑄨 𑄌𑄧𑄣𑄨 𑄃𑄬𑄎𑄬𑄢𑄴।,.পাহাের চুকি পা ১. পাহাের নিচ থেকে দৌাদৌি করে আসতেছে
𑄖' 𑄛𑄧𑄢𑄬 𑄷𑄺 𑄜𑄬𑄝𑄳𑄢𑄧𑄠𑄢𑄨 𑄸𑄶𑄶𑄽 𑄥𑄣𑄧𑄖𑄴 𑄌𑄧𑄋𑄴𑄢 𑄌𑄧𑄢𑄨 𑄃𑄡𑄳𑄠𑄟 𑄍𑄧𑄢 𑄞𑄨𑄘𑄨𑄬𑄮 𑄟𑄪𑄣𑄧 𑄝𑄛𑄴 𑄚𑄋𑄬 𑄘𑄪𑄉𑄧𑄢𑄴 𑄉𑄨𑄢𑄨𑄖𑄴𑄖𑄨 𑄝𑄧𑄣 𑄟𑄚𑄬𑄭 𑄟𑄪𑄢𑄨 𑄉𑄬𑄣𑄧 𑄢𑄴 𑄉𑄪𑄣𑄨𑄖𑄴।,.তার পরে ১৪ ফেব্রি ২০০৭ সালে চংরা চরিে আসার সম পাহাের পাশে দৌাদৌি করতে করতে মাথা ঘুরে গেল
𑄌𑄢𑄪 𑄝𑄨𑄇𑄌𑄴 𑄌𑄋𑄴𑄟 𑄃 𑄘𑄪𑄣𑄣𑄴 𑄌𑄋𑄴𑄟 𑄚𑄋𑄬 𑄘𑄨' 𑄎𑄧𑄚𑄴 𑄃𑄦𑄧𑄖𑄧 𑄃𑄪𑄠𑄧𑄚𑄴।,চারু বিালের চামা দিে মানুষ আহত হ
𑄌𑄢𑄪 𑄛𑄧𑄢𑄚𑄬 𑄝𑄎𑄨𑄣𑄬𑄠𑄪 𑄛𑄪𑄋𑄴𑄉𑄪 𑄃𑄰 𑄥𑄖𑄴 𑄥𑄉𑄧𑄢𑄴 𑄖𑄬𑄢𑄴 𑄘𑄬𑄝𑄖𑄴 𑄓𑄪𑄝𑄧𑄁 𑄓𑄪𑄝𑄧𑄁 𑄉𑄧𑄢𑄨 𑄃𑄊𑄬।,চারু মনে লাগলে পুংটা ওই সাত সাগরের মধ্যে ডুবে থাকে
𑄃 𑄟𑄪𑄣𑄧𑄝𑄛𑄧𑄢𑄴 𑄖𑄨𑄚𑄴𑄪 𑄛𑄪𑄃𑄧 - 𑄏𑄨 𑄥𑄬 𑄥𑄬𑄖𑄪/𑄢𑄨𑄖𑄪 𑄥𑄚𑄴 𑄃𑄰 𑄃𑄇𑄪𑄣𑄴 𑄥𑄉𑄧𑄢𑄧𑄖𑄴 𑄘𑄨𑄚𑄴 𑄇𑄣𑄴 𑄖𑄮𑄢𑄘𑄧𑄚𑄴।,.আবোল তাবোল কথা বলতে বলতে দিন কেটে যাচ্ছে
𑄃𑄨𑄠𑄚𑄴 𑄃𑄨𑄢𑄪𑄇𑄴 𑄡𑄪𑄉𑄧𑄖𑄴 𑄛𑄢𑄴𑄝𑄧𑄖𑄳𑄠𑄧 𑄌𑄧𑄖𑄴𑄑𑄧𑄉𑄳𑄢𑄟𑄧𑄢𑄴 𑄛𑄧𑄢𑄨𑄌𑄴𑄖𑄨𑄖𑄨।,.এটা এখনকার দিনে পতেছে।
"𑄉𑄮𑄘 𑄦𑄨𑄣𑄴𑄌𑄘𑄬𑄉𑄋𑄧𑄦𑄧𑄖𑄴 𑄦𑄧𑄘𑄧𑄇𑄴 𑄟𑄳𑄦 - 𑄝𑄮𑄚𑄬 𑄢𑄚𑄨 𑄦𑄧𑄘𑄧𑄚𑄴 𑄟𑄳𑄦 𑄦𑄢𑄢𑄴 𑄖' 𑄃𑄤𑄧𑄎𑄮𑄢𑄴 𑄛𑄪𑄃𑄧, 𑄎𑄖𑄴𑄖𑄪 𑄦𑄢𑄢𑄴 𑄘𑄮𑄣𑄴 𑄘𑄮𑄣𑄴 𑄣𑄬𑄊 𑄛𑄌𑄴𑄍𑄬 𑄎𑄘𑄧𑄢𑄴 𑄚𑄧𑄇𑄴𑄇𑄧𑄖𑄧𑄢𑄧 𑄪 𑄡𑄪𑄘𑄴𑄧 𑄛𑄌𑄴𑄌𑄬 𑄝𑄪𑄉𑄧𑄢𑄴 𑄛𑄘 𑄝𑄚𑄳𑄠 𑄛𑄪𑄃𑄧/𑄍।","গোদা হিলসে অনেক মা - বোন ব ব হেছে তার, জাগা ব বই পেছে ব ব লেখা পেছে ব ব লেখা পাচ্ছে"
𑄌𑄪𑄇𑄴𑄖𑄨 𑄛𑄧𑄇𑄴𑄇𑄧 𑄃 𑄝𑄨𑄛𑄧𑄇𑄴𑄇𑄧 𑄦𑄘𑄧𑄖𑄴𑄖𑄪𑄚𑄴 𑄃𑄧𑄚𑄧 𑄎𑄧𑄚𑄬 𑄢𑄧𑄇𑄴𑄇𑄬 𑄚𑄧' 𑄛𑄘𑄧𑄚𑄴।,চুক্তির সম একজনের কাছ থেকে অন্যজন সহজে পে না
𑄚𑄚𑄋𑄴 𑄝𑄝𑄧𑄖𑄳𑄠 𑄖𑄧𑄌𑄳𑄠 𑄛𑄬𑄢𑄥𑄚𑄨 𑄃 𑄦𑄧𑄠𑄴𑄢𑄚𑄨 𑄦𑄧𑄘𑄧𑄚𑄴।,নানা ধরনের তরকারি হেছে
𑄥𑄨𑄖𑄴𑄖𑄳𑄠𑄭 𑄃𑄬𑄭 𑄌𑄪𑄇𑄴𑄖𑄨𑄝𑄪𑄢𑄬 𑄃𑄧𑄥𑄚𑄴𑄖𑄨 𑄌𑄪𑄇𑄴𑄖𑄨 𑄝𑄨𑄣𑄨𑄚𑄴 𑄖𑄧𑄣𑄴 𑄝𑄨𑄌𑄴 𑄉𑄧𑄢𑄧𑄚𑄴 𑄃𑄧𑄚𑄧𑄎𑄧𑄚𑄬।,.সে এই চুক্তিটা বেেছে নিচ পর্যন্ত
𑄖𑄧𑄝𑄬 𑄌𑄪𑄇𑄴𑄖𑄨 𑄝𑄌𑄴𑄖𑄧𑄝𑄠𑄧𑄚𑄴 𑄃𑄧𑄚 𑄃𑄪𑄌𑄨𑄖𑄴 𑄦𑄟𑄇𑄴𑄇𑄭।,. তবে চুক্তির বাকি অংশটা না থাকা ভালো
𑄖𑄪𑄃𑄧 𑄎𑄖𑄴𑄖𑄪 𑄥𑄧𑄝𑄧𑄚𑄬 𑄘𑄬𑄊𑄬 𑄃𑄬𑄇𑄴 𑄘𑄨𑄚𑄴 𑄎𑄘𑄧𑄢𑄴 𑄞𑄉𑄳𑄠𑄧𑄉𑄎𑄧𑄖𑄴 𑄇𑄣 𑄟𑄬𑄊𑄧 𑄍𑄨𑄢𑄨 𑄢𑄋 𑄝𑄬𑄣𑄴 𑄃𑄪𑄘𑄨𑄝𑄪 𑄣𑄧𑄇𑄴𑄇𑄧 𑄇𑄮𑄑𑄨 𑄖𑄢 𑄛𑄳𑄢𑄚𑄴 𑄈𑄪𑄣𑄨 𑄦𑄎𑄨𑄝𑄇𑄴।,তুমি জাতী স্বপ্নে দেখা এক দিন জঙ্গলের মধ্যে কালো মেঘ নিে হেঁটে যাবে
𑄃𑄉𑄎𑄧𑄖𑄴 𑄛𑄮𑄖𑄴𑄛𑄮𑄖𑄳𑄠 𑄢𑄋 𑄝𑄬𑄣𑄧 𑄛𑄧𑄦𑄛𑄢𑄴 𑄜𑄪𑄘𑄨𑄝।,.আকাশে উজ্জ্বল লাল বেল পতেছে
𑄢𑄟𑄴 - 𑄣𑄇𑄴𑄇𑄧𑄚𑄴 𑄌𑄚𑄴 𑄞𑄬𑄭𑄠𑄬 𑄞𑄬𑄭𑄠𑄬 𑄮𑄌𑄴𑄛𑄚 𑄗𑄨𑄘𑄧𑄝𑄴𑄧𑄢𑄨 𑄃𑄧𑄝𑄧।,রাম -লম্বা চেহারা করে লাফানো স্থির হে আছে
𑄦𑄨𑄢𑄴𑄌𑄘𑄬𑄉𑄋𑄧𑄢𑄴 𑄟𑄮𑄚𑄧 𑄛' 𑄎𑄧𑄟 𑄃𑄧𑄠𑄳𑄠 𑄘𑄪𑄉𑄧𑄇𑄚𑄨 𑄛𑄚𑄨 𑄃𑄰 𑄡𑄬𑄝𑄧।,পাথুরে পাে জমা থাকা পানি ওই যাবে
𑄟𑄪𑄭𑄠𑄳𑄠𑄪 𑄃𑄎𑄝𑄘𑄨 𑄃 𑄥𑄧𑄝𑄧𑄚𑄬 𑄘𑄬𑄊𑄧𑄋𑄴 𑄉𑄪𑄢𑄴𑄉𑄌𑄳𑄠 𑄃𑄚𑄴𑄘𑄢𑄴 𑄃𑄬𑄇𑄴𑄘𑄨𑄚𑄴 𑄚𑄧' 𑄗𑄬𑄝𑄧।,আমি আসার সম স্বপ্ন দেখি জঙ্গলটা একদিনও থাকবে না
"𑄃𑄎𑄢𑄴 𑄘𑄪𑄉𑄧𑄖𑄴𑄪𑄚𑄴 𑄏𑄇𑄬 𑄏𑄇𑄬 𑄥𑄨𑄇𑄴𑄈𑄨𑄖𑄧 𑄦𑄧𑄘𑄧𑄚𑄴 𑄃𑄟 𑄎𑄘𑄧𑄢𑄴 𑄛𑄪𑄃𑄧/𑄏𑄨𑄃𑄪𑄚𑄴, 𑄃𑄊𑄧𑄖𑄴𑄪𑄚𑄴 𑄝𑄬𑄌𑄴 𑄌𑄬𑄘𑄧𑄚𑄴 𑄃𑄬𑄭 𑄡𑄨𑄠𑄬 𑄝𑄪𑄏𑄨 𑄛𑄖𑄴𑄧𑄚𑄴, 𑄎𑄧𑄙 𑄦𑄧𑄘𑄧𑄚𑄴।",.আকাশের দুধগুলো ঝগাতে ঝগা করতেছে।
𑄃 𑄥𑄨𑄇𑄴𑄈𑄨𑄖𑄧 𑄃𑄧𑄣𑄬 𑄚𑄧' 𑄃𑄧𑄝𑄧।,এই কাজটা শেষ হ না
𑄥𑄬 𑄥𑄨𑄇𑄴𑄈𑄚𑄧𑄢𑄬 𑄍𑄨𑄘𑄨 𑄘𑄨' 𑄛𑄪𑄢𑄨𑄝𑄪 𑄛𑄦𑄢𑄴 𑄝𑄪𑄉𑄧𑄖𑄴 𑄦𑄨𑄣𑄴𑄌𑄘𑄬𑄉𑄋𑄧𑄦𑄧 𑄟𑄚𑄬𑄭𑄃𑄪𑄚𑄧𑄢𑄴 𑄃𑄨𑄘𑄪।,.সে সেটা ছিঁা দিে বুো পাহাের বুোটা পাহাে যাচ্ছে
"𑄃𑄧𑄚𑄬𑄇𑄴 𑄥𑄨𑄇𑄴𑄇𑄬 𑄃𑄊𑄬 𑄎𑄖𑄴𑄖𑄪𑄢𑄬 𑄘𑄪𑄉𑄧 𑄘𑄬𑄠𑄴, 𑄛𑄧𑄢𑄴 𑄉𑄪𑄢𑄨 𑄘𑄬𑄠𑄴।","অনেক সমে আছে যাওার সম দুঃখ দে, পরশ্রীকাতর করে দে"
𑄥𑄧𑄟𑄎𑄧𑄖𑄴𑄪𑄚𑄴 𑄜𑄢𑄧𑄇𑄴 𑄃𑄰 𑄡𑄚𑄴।,সমাজ থেকে দূরে যাওা
𑄥𑄬 𑄥𑄨𑄇𑄴𑄈𑄬 𑄃𑄧𑄚𑄧 𑄟𑄫𑄣𑄳𑄠𑄧 𑄚𑄬𑄭।,সে এখানে আর মূল নেই
"𑄚𑄨𑄃𑄣𑄴𑄏𑄨, 𑄚𑄨𑄟𑄪𑄣𑄨, 𑄃𑄧𑄖𑄣𑄨𑄠𑄬 𑄦𑄮𑄌𑄴𑄛𑄚 𑄚𑄨𑄚𑄬𑄭 𑄚𑄪𑄃𑄧 𑄟𑄧𑄚𑄧𑄢𑄴 𑄚𑄪𑄃𑄧 𑄟𑄚𑄪𑄌𑄴 𑄎𑄧𑄚𑄧𑄟𑄴 𑄣𑄧𑄘𑄮𑄇𑄴 𑄟𑄮𑄚𑄴 - 𑄟𑄪𑄢𑄧 𑄘𑄬𑄎𑄧𑄖𑄴 𑄦𑄨𑄣𑄴𑄌𑄘𑄬𑄉𑄋𑄧𑄦𑄧𑄖𑄴।",".নিলুঝি,নিমুলি,অতিরিক্ত টাকা নিে নতুন মানুষ জন্ম নিবে -মুরের সামনে"
"𑄟𑄪𑄎𑄪𑄋𑄬 𑄃𑄇𑄴𑄇𑄮𑄭 𑄡𑄬𑄝𑄇𑄴 𑄝𑄬𑄉𑄧 𑄃𑄧𑄚𑄴𑄚𑄭, 𑄃𑄧𑄝𑄨𑄌𑄢𑄴 𑄛𑄬𑄢𑄥𑄚𑄨 𑄛𑄳𑄢𑄧𑄖𑄨𑄝𑄘𑄧 𑄎𑄚𑄬𑄝𑄖𑄴𑄬।","পাহাে আসা যা, অবিচার সহ্য করতে হবে"
𑄦𑄨𑄣𑄴 𑄌𑄘𑄬𑄉𑄋𑄴𑄦𑄧𑄖𑄴 𑄘𑄪𑄉𑄧 𑄦𑄧𑄌𑄴𑄒𑄧 𑄚𑄧' 𑄗𑄬𑄝𑄧।,হিল ঢালুতে দুঃখ হ না
𑄃𑄧𑄚𑄧 𑄦𑄧𑄌𑄴𑄒𑄧 𑄘𑄪𑄉𑄧 𑄗𑄨𑄘𑄧𑄝𑄴𑄧𑄢𑄨 𑄚𑄧𑄠𑄴।,অন হওার সম স্থির হ না
"𑄟𑄪𑄎𑄪𑄋𑄬 𑄛𑄮𑄖𑄴𑄛𑄮𑄖𑄳𑄠𑄧 𑄝𑄬𑄚𑄳𑄠 𑄝𑄬𑄣𑄴𑄝𑄌𑄴𑄡𑄬 𑄃𑄊𑄬, 𑄛𑄧𑄖𑄴𑄖𑄨𑄇𑄴 𑄘𑄨𑄚𑄴 𑄦𑄨𑄣𑄴 𑄌𑄘𑄬𑄉𑄋𑄴 𑄝𑄪𑄉𑄧𑄖𑄴 𑄛𑄧𑄦𑄧𑄢𑄴 𑄃𑄧𑄠𑄴, 𑄛𑄬𑄭𑄇𑄬 𑄉𑄩𑄖𑄴 𑄥𑄪𑄚𑄚𑄴।","পাহাে পাহাে বো আছে, অনেক দিন হিল জুতা পরে আছে,পেকে গান শুনতেছি"
"𑄟𑄪𑄭𑄠𑄳𑄠𑄧 𑄃𑄟𑄧𑄚𑄧𑄢𑄴 𑄎𑄧𑄚𑄧𑄟𑄴 𑄞𑄫𑄟𑄨 𑄦𑄨𑄣𑄴 𑄌𑄘𑄬𑄉𑄋𑄧𑄦𑄧𑄢𑄴 𑄦𑄨𑄖𑄴𑄖𑄬 𑄌𑄬𑄭 𑄥𑄧𑄝𑄧𑄚𑄴 𑄘𑄬𑄊𑄧𑄋, 𑄃𑄟 𑄎𑄩𑄁𑄦𑄚𑄨 𑄃 𑄥𑄧𑄁 𑄌𑄴𑄇𑄨𑄢𑄨𑄢𑄬 𑄃𑄟𑄨 𑄥𑄬𑄌𑄴 𑄉𑄧𑄢𑄨 𑄘𑄨' 𑄚𑄧 𑄛𑄢𑄨।","আমি আমার জন ভূমিধসে দেখতেছি,আমাদের জীবনটা এত চূা করে দিতে পারিনা"
𑄦𑄨𑄣𑄴 𑄌𑄘𑄬𑄉𑄋𑄴 𑄃𑄟𑄬𑄮 𑄥𑄧𑄝𑄧𑄚𑄴 𑄘𑄬𑄊𑄠𑄴 𑄥𑄬 𑄥𑄧𑄝𑄧𑄚𑄧𑄢𑄴 𑄝𑄩𑄌𑄴 𑄝𑄨𑄎𑄨𑄘𑄨 𑄌𑄢𑄬𑄭 𑄟𑄪𑄎𑄪𑄋𑄬 𑄃𑄇𑄴𑄇𑄮𑄭 𑄡𑄬𑄭 𑄡𑄬𑄝𑄧𑄋।,হিল চামা দিে আমার স্বপ্ন দেখে সেই স্বপ্ন গুলো ভুলে যাবো
𑄦𑄧𑄘𑄧𑄇𑄴 𑄖𑄧𑄌𑄳𑄠 𑄉𑄧𑄟𑄨 𑄡𑄬𑄝𑄧,.কিছু তসা করতে হবে
"𑄦𑄟𑄇𑄴𑄇𑄭 𑄦𑄮𑄭 𑄡𑄠𑄴, 𑄃𑄨𑄢𑄪𑄇𑄴 𑄘𑄨𑄚𑄧𑄢𑄴 𑄌𑄋𑄴𑄟 𑄎𑄖𑄴𑄖𑄮 𑄖𑄨𑄚𑄴 𑄞𑄉𑄬 𑄜𑄢𑄧𑄇𑄴।","হামাগুি দিে যাওা, আজকের দিনে চাকমারা তিন ভাগে ভাগ হ"
𑄛𑄪𑄢𑄧𑄚𑄨 𑄃𑄟𑄧𑄣𑄧𑄖𑄴𑄪𑄚𑄴 𑄙𑄪𑄢𑄨 𑄚𑄚𑄋𑄴 𑄢𑄎𑄧𑄚𑄰𑄖𑄨𑄇𑄴 𑄃𑄪𑄘𑄧𑄚𑄴𑄘𑄨 𑄛𑄧𑄢𑄧𑄚𑄴𑄘𑄨 𑄙𑄢𑄘𑄨𑄊𑄧𑄣𑄨 𑄛𑄧𑄢𑄨𑄝𑄧𑄢𑄴𑄖𑄧𑄚𑄧 𑄛𑄧𑄘𑄧 𑄙𑄪𑄢𑄨 𑄟𑄪𑄎𑄪𑄋𑄬 𑄃𑄪𑄎𑄘𑄬 𑄃𑄪𑄎𑄘𑄬 𑄃𑄬𑄇𑄴 𑄃𑄧𑄇𑄴𑄖𑄧𑄖𑄴 𑄌𑄘𑄬𑄉𑄋𑄴𑄦𑄧𑄖𑄴 𑄃𑄬𑄚𑄭 𑄗𑄨𑄘𑄧𑄝𑄴𑄧𑄢𑄨 𑄃𑄪𑄠𑄧𑄚𑄴।,.পুরাতন আমল থেকে বের হে আসা বিভিন্ন ধরনের পাহাের মধ্য দিে এক রাস্তা এসে স্থির হে আছে
𑄟𑄖𑄴𑄧𑄢𑄴 𑄃𑄬 𑄗𑄨𑄘𑄧𑄝𑄴𑄧𑄢𑄨 𑄥𑄬𑄌𑄴 𑄃𑄧𑄘𑄬 𑄝𑄬𑄌𑄴 𑄥𑄧𑄟𑄧𑄠𑄴 𑄚𑄧' 𑄣𑄉𑄬।,মনে হ এই সমস্যা বেশি সম লাগে না
𑄖𑄢𑄢𑄴 𑄃𑄬𑄇𑄴𑄇𑄪 𑄃𑄧𑄁𑄥𑄧 𑄃𑄬𑄇𑄴 𑄥𑄧𑄟𑄧𑄠𑄴 𑄚𑄚𑄋𑄴 𑄇𑄢𑄧𑄕𑄬 𑄟𑄫𑄣𑄴 𑄞𑄫 - 𑄈𑄧𑄚𑄴𑄘𑄧𑄖𑄴𑄪𑄚𑄴 𑄃𑄧𑄚𑄳𑄠𑄧 𑄦𑄨𑄖𑄳𑄠𑄭 𑄙𑄬𑄭 𑄡𑄬𑄭 𑄛𑄨𑄠𑄧𑄚𑄴।,তাদের একটি গোষ্ঠী এক সমে অনেক কারণে মূল ভূমি থেকে দূরে যা
𑄝𑄨𑄢𑄨𑄑𑄨𑄌𑄴 𑄥𑄥𑄧𑄚𑄟𑄧𑄣𑄧𑄖𑄴 𑄝𑄨𑄋𑄴𑄥𑄧𑄖𑄝𑄴𑄘𑄨 𑄥𑄦𑄘𑄧𑄖𑄴 𑄝𑄪𑄦𑄪𑄖𑄴 𑄌𑄋𑄴𑄟 𑄉𑄨𑄢𑄨 𑄃𑄙𑄬 𑄃𑄎𑄬 𑄢𑄬𑄡𑄳𑄠𑄖𑄴 𑄙𑄬𑄭 𑄡𑄨𑄃𑄪𑄚𑄴।,বিালের সমে অনেক চামা গিে পে যা
𑄖'𑄛𑄬𑄍𑄧𑄚𑄬 𑄃𑄬𑄣𑄧 𑄢𑄌𑄴𑄚𑄰𑄖𑄨𑄇𑄴 𑄇𑄢𑄧𑄚𑄴।,তার পেছনে আছে রাজনৈতিক কারণ
𑄞𑄢𑄧𑄖𑄴 - 𑄛𑄇𑄨𑄌𑄴𑄖𑄚𑄴 𑄞𑄉𑄧 𑄚𑄧' 𑄃𑄧𑄝𑄢𑄴 𑄃𑄊𑄬𑄘𑄨 𑄦𑄨𑄣𑄴 𑄌𑄘𑄬𑄉𑄋𑄴 𑄃𑄬𑄣𑄧 𑄌𑄋𑄟𑄃𑄪𑄚𑄧𑄢𑄴 𑄌𑄉𑄣।,ভারত- পাকিস্তান ভাগ না করে হিলচামা করে এসেছে চামাগুলো
𑄟𑄮𑄑𑄧 𑄎𑄧𑄚𑄧𑄥𑄧𑄁𑄈𑄳𑄠 𑅄𑄻 𑄃𑄬𑄣𑄇𑄴 𑄌𑄋𑄴𑄟।,মোট লোক ৪. মোট জন
𑄃𑄬𑄭 𑄌𑄋𑄴𑄟𑄃𑄪𑄚𑄧𑄢𑄴 𑄢𑄬𑄡𑄳𑄠𑄧𑄠𑄚𑄴 𑄷𑅄𑄺𑄾 𑄥𑄣𑄧𑄖𑄴 𑄛𑄇𑄨𑄌𑄴𑄖𑄚𑄧𑄢𑄴 𑄞𑄉𑄬 𑄛𑄧𑄣𑄴𑄬 𑄝𑄧𑄦𑄪𑄖𑄴 𑄌𑄋𑄴𑄟 𑄥𑄧𑄢𑄴𑄇𑄢𑄨 𑄇𑄧𑄢𑄴𑄟𑄧𑄌𑄢𑄨 𑄞𑄢𑄧𑄘𑄧𑄖𑄴 𑄙𑄬𑄭 𑄡𑄨𑄠𑄧𑄚𑄴।,এই চাকমারা রাত হলে পাকিস্তান থেকে বের হে যা
𑄌𑄋𑄟 𑄛𑄧𑄖𑄴𑄖𑄧𑄟𑄧 𑄉𑄳𑄢𑄎𑄪𑄠𑄬𑄖𑄴 𑄡𑄟𑄨𑄚𑄨 𑄇𑄪𑄟𑄢𑄴 𑄘𑄬𑄝𑄚𑄴 𑄃𑄬𑄟𑄴.𑄝𑄨.𑄝𑄨.𑄃𑄬𑄌𑄴 𑄚𑄨𑄢𑄴𑄟𑄧𑄣𑄴 𑄌𑄧𑄚𑄴𑄘𑄧𑄢𑄧 𑄘𑄬𑄝𑄚𑄴 𑄃 𑄛𑄧𑄖𑄴𑄧𑄟𑄧 𑄚𑄨𑄙𑄪𑄇𑄴𑄖𑄪𑄇𑄴 𑄃𑄭.𑄥𑄨.𑄃𑄬𑄌𑄴 𑄃𑄧𑄜𑄨𑄥𑄢𑄴 𑄟𑄪𑄇𑄪𑄣𑄴 𑄇𑄚𑄴𑄖𑄨 𑄈𑄩𑄥 𑄃𑄬𑄭 𑄓𑄋𑄧𑄢𑄴 𑄓𑄋𑄧𑄢𑄴 𑄥𑄧𑄇𑄴𑄈𑄨𑄖𑄧 𑄟𑄚𑄬𑄭𑄃𑄪𑄚𑄴 𑄘𑄬𑄌𑄴 𑄍𑄢𑄨 𑄡𑄚𑄢𑄴 𑄌𑄋𑄴𑄟𑄃𑄪𑄚𑄧𑄢𑄴 𑄝𑄨𑄢𑄬𑄑𑄧 𑄃𑄧𑄛𑄫𑄢𑄧𑄚𑄨𑄠𑄴 𑄦𑄧𑄖𑄨 𑄃𑄧𑄠𑄳𑄠।,এই পথ দিে যাওার সম তারা অনেক ব পাহাের পাশ দিে যা এবং চামাগুলো নষ্ট হে যা
𑄖𑄢𑄢𑄴 𑄦𑄨𑄖𑄴𑄮𑄦𑄘𑄪𑄟𑄧𑄃𑄪𑄚𑄧 𑄣𑄢𑄬 𑄣𑄢𑄬 𑄑𑄨𑄝𑄨𑄢𑄬 𑄢𑄬𑄡𑄳𑄠𑄖𑄴 𑄗𑄨𑄘𑄧𑄝𑄴𑄧𑄢𑄨𑄃𑄪𑄠𑄧𑄚𑄴।,তাদের পাহাের হাঁিগুলো ধীরে ধীরে ঘুরতেছে
"𑄃 𑄡𑄢 𑄥𑄧𑄘𑄬𑄎𑄧𑄖𑄴 𑄃𑄬𑄣𑄇𑄴 𑄖𑄢 𑄚𑄚𑄋𑄴 𑄖𑄧𑄌𑄳𑄠, 𑄛𑄬𑄢𑄥𑄚𑄨, 𑄦𑄧𑄠𑄴𑄢𑄚𑄨 𑄃𑄪𑄠𑄧𑄚𑄨 𑄃𑄰 𑄃𑄙𑄟𑄧𑄢।",". যারা স্বর্গে এসেছে তাদের অনেক ক্ষুধা,পোরা,হওাগুলো হেছে এই আধামরা"
"𑄝𑄨𑄎𑄧𑄉𑄧𑄖𑄴 𑄘𑄬𑄊 𑄡𑄭 ""𑄷𑅄𑄻𑄷 𑄥𑄣𑄧𑄖𑄴 𑄎𑄬𑄣 𑄥𑄬𑄚𑄥𑄢𑄴𑄥𑄧 𑄢𑄨𑄛𑄮𑄑𑄧𑄖𑄴 𑄦𑄰𑄮𑄠𑄬 𑄃𑄬𑄭 𑄎𑄬𑄣𑄖𑄴 𑄃𑄧𑄢𑄴𑄗𑄧𑄚𑄰𑄖𑄨𑄇𑄴 𑄃𑄧𑄝𑄧𑄥𑄧𑄖 𑄦𑄪𑄎𑄨 𑄦𑄧𑄝𑄢𑄴 𑄚𑄧𑄠𑄴।",".বিজাতী দেখতে যাওা যা:""১.বিজাতী দেখতে হ না"
𑄝𑄧𑄦𑄨𑄢𑄉𑄧𑄖𑄧 𑄃𑄪𑄚𑄧𑄢𑄴 𑄦𑄘𑄧𑄖𑄴 𑄝𑄬𑄇𑄴 𑄇𑄢𑄴𑄝𑄢𑄴( )।,.পরের হাতে সব কার্বার
𑄃𑄬𑄭 𑄎𑄬𑄣𑄖𑄴 𑄼𑄼-𑄠𑄚𑄴 𑄝𑄎𑄢𑄴 𑄃𑄊𑄬 𑄃𑄬𑄭 𑄟𑄧𑄘𑄧𑄙𑄳𑄠𑄧 𑄈𑄪𑄃𑄪𑄝𑄴 𑄇𑄠𑄬𑄇𑄴𑄎𑄧𑄚𑄴 𑄃𑄘𑄨𑄝𑄥𑄩 𑄘𑄮𑄇𑄚𑄧𑄢𑄴 𑄚𑄚𑄪।,এই জেলায় ৬৬-ান বাজার আছে এবং এই গ্রামে কেকজন আদিবাসী দোকানদার আছে
"𑄜𑄬𑄢𑄨𑄤𑄧𑄠𑄣𑄨𑄃𑄪𑄚𑄧 𑄝𑄬𑄇𑄴 𑄌𑄨𑄘𑄉𑄋𑄧𑄖𑄴𑄪𑄚𑄴 𑄃𑄨𑄌𑄳𑄠 𑄝𑄋𑄣𑄴""।",ফেরিওালারা সব চিটাগা থেকে এসেছে
"𑄦𑄨𑄣𑄧𑄢𑄴 𑄝𑄎𑄢𑄚𑄨 𑄣𑄢𑄬 𑄣𑄢𑄬 𑄝𑄋𑄣𑄨 𑄇𑄢𑄴𑄝𑄢𑄴𑄃𑄪𑄚𑄬 𑄎𑄧𑄙 𑄃𑄪𑄠𑄧𑄚𑄴, 𑄃𑄘𑄨𑄝𑄥𑄨 𑄃𑄪𑄚𑄬 𑄖𑄢 𑄟𑄣𑄚𑄨 𑄃𑄧𑄎𑄬-𑄃𑄧𑄎𑄧 𑄘𑄟𑄴 𑄚𑄧' 𑄛𑄚𑄴।",". হিল বাজারগুলো ধীরে ধীরে উঠতেছে,আদিবাসিরা এসে তাদের মালাগুলো সহজে পরিধান করতে পারে না"
𑄃𑄬𑄭 𑄛𑄮𑄘𑄳𑄠𑄚𑄬 𑄃𑄬𑄇𑄴𑄎𑄧𑄚𑄴 𑄛𑄧𑄢𑄴𑄡𑄧𑄝𑄬𑄇𑄴𑄈𑄬 𑄣𑄨𑄇𑄴𑄈𑄬 ,এই বাচ্চাটা একজন পর্যাে বসেছে
"""𑄝𑄋𑄣𑄨 𑄇𑄢𑄴𑄝𑄢𑄴𑄃𑄪𑄚𑄬 𑄟𑄧𑄘𑄧𑄙𑄳𑄠𑄧 𑄇𑄚𑄬 𑄇𑄚𑄬, 𑄌𑄪𑄛𑄬 𑄌𑄪𑄛𑄬 𑄥𑄧𑄣𑄴𑄣 𑄃𑄬𑄣𑄧 𑄃𑄘𑄨𑄝𑄥𑄨𑄃𑄪𑄚𑄧𑄖𑄖𑄖𑄪𑄚𑄴 𑄖𑄮𑄚𑄴-𑄛𑄖𑄴, 𑄜𑄧𑄣𑄴 - 𑄟𑄫𑄣𑄴, 𑄚𑄚𑄋𑄴 𑄟𑄣𑄟𑄣𑄴 𑄥𑄧𑄣𑄴𑄣 𑄘𑄟𑄧𑄖𑄴𑄖𑄪𑄚𑄴 𑄝𑄬𑄌𑄴 𑄘𑄟𑄬 𑄚𑄧' 𑄇𑄨𑄚𑄬𑄚।",".বাঙালিরা মদ পান করতেছে কানে কানে,চুপ করে কথা বলে,ফল-মূল,নানা জিনিসপত্রের দাম থেকে বেশি নাাচা করে"
𑄃𑄬𑄘𑄟𑄴 𑄝𑄎𑄢𑄧 𑄘𑄧𑄢𑄧𑄖𑄴𑄖𑄪𑄚𑄴 𑄝𑄧𑄦𑄪𑄖𑄴 𑄇𑄧𑄟𑄬।,এই বাজারের দর থেকে অনেক কমে
𑄃𑄘𑄢𑄴 𑄃𑄧𑄎𑄧 𑄘𑄟𑄴 𑄝𑄎𑄢𑄧 𑄘𑄧𑄢𑄴 𑄃𑄬𑄣𑄧 𑄛𑄧𑄖𑄴𑄖𑄨𑄇𑄴 𑄥𑄬𑄢𑄴 𑄻/- 𑄑𑄬𑄋 𑄥𑄧𑄇𑄳𑄠𑄧 𑄝𑄚𑄴𑄘𑄧𑄢𑄴𑄝𑄚𑄴 𑄝𑄎𑄢𑄧𑄖𑄴 𑄃𑄬𑄇𑄴 𑄃𑄘𑄨𑄝𑄥𑄩 𑄻/- 𑄑𑄬𑄋 𑄟𑄧𑄕𑄧 𑄘𑄧𑄢𑄬 𑄃𑄬𑄇𑄴𑄇𑄪 𑄝𑄋𑄣𑄨 𑄘𑄮𑄇𑄚𑄧𑄖𑄴 𑄝𑄨𑄌𑄴𑄎𑄳𑄠𑄧।,আদার অসমান বাজারে ৫/৫ টাকা বিক্রি করে একটি বাঙালি দোকানে বসে আছে।
𑄃𑄨𑄡𑄚𑄴 𑄘𑄨𑄌𑄮𑄉𑄬 𑄚𑄧' 𑄘𑄬𑄣𑄬 𑄝𑄨𑄌𑄴𑄥𑄬𑄌𑄴 𑄚𑄧' 𑄃𑄬𑄡𑄬।,এদিক ওদিক না দেখলে বিশ্বাস হ না
𑄟𑄪𑄭 𑄚𑄨𑄎𑄬 𑄝𑄎𑄢𑄧𑄖𑄴 𑄡𑄬𑄚𑄳𑄠𑄭 𑄘𑄨𑄇𑄴𑄈𑄪𑄋𑄴 𑄃𑄬𑄇𑄴 𑄃𑄘𑄨𑄝𑄥𑄩 𑄟𑄨𑄣𑄬 𑄷𑄶𑄶 𑄇𑄈𑄪𑄎𑄨 𑄸𑄶 𑄑𑄬𑄋 𑄘𑄨𑄚𑄳𑄠𑄭 𑄃𑄬𑄇𑄴 𑄝𑄋𑄣𑄧𑄖𑄴𑄖𑄪𑄚𑄴 𑄝𑄨𑄌𑄳𑄠।,আমি নিজে বাজারে যাে দেখলাম এক আদিবাসী মেে ১০০০ টাকা দিে এক বাঙালি থেকে বিেছি
"𑄻 𑄟𑄨𑄚𑄨𑄖𑄴 𑄛𑄧𑄢𑄬 𑄝𑄋𑄣𑄳𑄠 𑄃 𑄃𑄬𑄇𑄴 𑄝𑄎𑄧𑄚𑄳𑄠𑄖𑄴𑄪𑄚𑄴 𑄽𑄻% 𑄑𑄬𑄋 𑄘𑄨𑄚𑄳𑄠𑄭 𑄝𑄨𑄌𑄳𑄠""।",পাঁচ টাকা পে বাঙালি একটা বাজনিে ৭৫% টাকা দিে বিচা
𑄷𑅄𑄽𑄾 𑄥𑄣𑄧𑄖𑄴 𑄷𑅄 𑄃𑄬𑄛𑄳𑄢𑄨𑄣𑄴 𑄃𑄨𑄇𑄧𑄚𑄧𑄟𑄨𑄇𑄴 𑄃𑄬𑄚𑄴𑄓𑄧 𑄛𑄧𑄣𑄨𑄑𑄨𑄇𑄬𑄣𑄴 𑄃𑄪𑄃𑄨 𑄇𑄧𑄣𑄨𑄖𑄴 𑄦𑄮𑄃𑄨 𑄃𑄧𑄠𑄳𑄠 𑄛𑄢𑄴𑄝𑄧𑄖𑄳𑄠𑄧 𑄌𑄧𑄖𑄴𑄑𑄧𑄉𑄳𑄢𑄟𑄧𑄖𑄴 𑄇𑄧𑄣𑄴𑄇𑄢𑄴𑄈𑄚 𑄗𑄨𑄘𑄧𑄝𑄴𑄧𑄢𑄨 𑄃𑄚𑄢𑄴 𑄧𑄘𑄨𑄝𑄥𑄩𑄃𑄪𑄚𑄧𑄢𑄴 𑄃𑄧𑄚𑄧 𑄣𑄞𑄧 𑄚𑄧' 𑄃𑄠𑄴।,.১.৭৮ সালে ১. ইকোনমিক এন্ড পলিটিকাল মানুষরা চত গ্রামে কলকা কাটতে আসে।
𑄇𑄢𑄧𑄚𑄴 𑄥𑄨𑄠𑄧𑄖𑄴 𑄝𑄬𑄇𑄴 𑄛𑄧𑄘𑄨𑄖𑄴𑄖𑄚𑄨𑄖𑄴 𑄃𑄧𑄃𑄘𑄨𑄝𑄥𑄨𑄧𑄪𑄚𑄧𑄢𑄬 𑄚𑄨𑄠𑄮𑄉𑄧 𑄘𑄨' 𑄃𑄧𑄠𑄳𑄠।,. কারণ সেখানে সব বাসিন্দাকে নিে যাওা হ
𑄃𑄨𑄠𑄧𑄖𑄴 𑄇𑄧𑄣𑄴-𑄇𑄢𑄴 𑄈𑄚 𑄝𑄧𑄎𑄚 𑄟𑄚𑄬 𑄃𑄧𑄃𑄘𑄨𑄝𑄥𑄨𑄃𑄪𑄚𑄧𑄢𑄬 𑄌𑄇𑄢𑄨 𑄘𑄬𑄚 𑄃 𑄃𑄘𑄨𑄝𑄥𑄨𑄃𑄪𑄚𑄧𑄢𑄬 𑄖𑄧𑄌𑄳𑄠 - 𑄛𑄬𑄢𑄥𑄚𑄨 𑄝𑄢𑄬 𑄘𑄬𑄚।,এখানে কল-কা করা মানে অনিমদেরকে তাাতাি দো আর তেলাপোকাদেরকে তাাতাি দে
𑄡𑄬𑄟𑄧𑄚𑄴 : 𑄌𑄧𑄚𑄴𑄘𑄳𑄢𑄧𑄊𑄧𑄚𑄢𑄴 𑄇𑄉𑄧𑄎𑄧𑄢𑄴 𑄇𑄢𑄴𑄈𑄚 𑄍𑄧' 𑄃𑄎𑄢𑄴 𑄦𑄟𑄴𑄪(𑄥𑄳𑄢𑄧𑄟𑄨𑄇𑄴)𑄃𑄪𑄚𑄧𑄢𑄴 𑄟𑄧𑄙𑄳𑄠𑄬 𑄃𑄘𑄨𑄝𑄥𑄩 𑄝𑄚 𑄺𑄶 𑄎𑄧𑄚𑄴।,.যেমন: চাঁদের আলো দিে আসা লোকগুলোর মধ্যে ৪০ জন
"𑄷𑅄𑄽𑄹 -𑄽𑄺 𑄥𑄢𑄧𑄖𑄴 𑄛𑄢𑄴𑄝𑄧𑄖𑄳𑄠𑄧 𑄌𑄧𑄖𑄴𑄉𑄳𑄢𑄧𑄟𑄧𑄖𑄴 𑄘𑄨𑄊𑄩𑄚𑄣, 𑄢𑄪𑄟 𑄃 𑄃𑄣𑄩𑄇𑄧𑄘𑄧𑄟𑄴 𑄃𑄬𑄭 𑄖𑄨𑄚𑄚𑄴 𑄟𑄨𑄣𑄨𑄑𑄢𑄨 𑄇𑄳𑄠𑄚𑄴𑄑𑄧𑄣𑄴𑄟𑄬𑄚𑄴𑄑𑄧 𑄗𑄨𑄘𑄧𑄝𑄴𑄧𑄢𑄩 𑄉𑄧𑄢 𑄃𑄧𑄠𑄳𑄠 𑄥𑄪𑄢𑄪 𑄣𑄢𑄬𑄭 𑄦𑄧𑄣।",১.০৩-০৪. সারত পার হওা চূা দিে চূা পার হওার সম এই তিন জন মিলিটারি কেলটা শক্ত হেছে
𑄦𑄨𑄣𑄴𑄌𑄘𑄬𑄉𑄋𑄧𑄖𑄴 𑄝𑄨𑄢𑄬𑄖𑄴 𑄇𑄣 𑄟𑄬𑄊𑄧𑄌𑄉𑄎𑄧𑄚𑄧𑄟𑄴 𑄣𑄪𑄠𑄳𑄠।,বিল্ডিংে অনেক কালো মেঘ পেছে
"𑄢𑄋𑄟𑄖𑄳𑄠, 𑄦𑄉𑄢𑄍𑄧𑄢𑄨, 𑄘𑄨𑄊𑄩𑄚𑄣 𑄃 𑄝𑄚𑄴𑄘𑄧𑄢𑄴𑄝𑄚𑄧𑄖𑄴 𑄌𑄬𑄢𑄚𑄴 𑄝𑄳𑄢𑄨𑄉𑄬𑄖𑄴 𑄦𑄬𑄓𑄧 𑄇𑄮𑄠𑄑𑄢𑄴, 𑄢𑄪𑄟 𑄃 𑄃𑄣𑄨𑄇𑄧𑄘𑄧𑄟𑄴 𑄘𑄨'𑄠𑄚𑄴 𑄉𑄳𑄠𑄢𑄨𑄥𑄧𑄚𑄴, 𑄛𑄧𑄖𑄴𑄖𑄨𑄇𑄴 𑄃𑄪𑄛𑄧𑄎𑄬𑄣𑄖𑄴 𑄥𑄬𑄚𑄍𑄃𑄪𑄚𑄨,𑄇𑄛𑄴𑄖𑄖𑄴 𑄘𑄨'𑄠𑄚𑄴 𑄉𑄚𑄴 𑄞𑄮𑄖𑄴, 𑄝𑄚𑄴𑄘𑄧𑄢𑄴𑄝𑄚𑄴, 𑄇𑄛𑄴𑄖𑄭 𑄃 𑄉𑄪𑄭𑄟𑄢𑄖𑄴 𑄛𑄌𑄴𑄥𑄚𑄴 𑄢𑄨𑄎𑄨𑄤𑄧𑄚𑄳𑄠𑄣𑄴 𑄦𑄬𑄓𑄧 𑄇𑄮𑄠𑄑𑄢𑄴, 𑄸𑄹-𑄠𑄚𑄴 𑄃𑄢𑄴𑄟𑄨 𑄎𑄮𑄚𑄴, 𑄖𑄨𑄚𑄚𑄴 𑄝𑄨.𑄓𑄨.𑄃𑄢𑄴 𑄎𑄮𑄚𑄴, 𑄟𑄣𑄴𑄍𑄧𑄢𑄨𑄖𑄴 𑄃𑄬𑄇𑄴𑄇𑄚𑄴 𑄃𑄬𑄚𑄴𑄑𑄨 𑄉𑄬𑄢𑄨𑄣 𑄑𑄳𑄢𑄬𑄚𑄨𑄋𑄴 𑄥𑄬𑄚𑄴𑄑𑄢𑄴 𑄌𑄣𑄪 𑄃𑄧𑄠𑄳𑄠।",".রাঙামাা,হাগাের মাঠে চাচা করিে প্রধান কোাটা,তিনটা বি.ডি.আরের দল,তিনটা বি.ডি.র দল,মালসীতে একটা এন্টিক"
"𑄃𑄬 𑄝𑄘𑄬 𑄸𑄹𑄶-𑄠𑄚𑄴 𑄃𑄢𑄴𑄟𑄨 𑄇𑄳𑄠𑄟𑄴𑄛𑄧, 𑄷𑄶𑄶-𑄠𑄚𑄴 𑄝𑄨.𑄓.𑄨𑄃𑄢𑄴 𑄇𑄳𑄠𑄟𑄴𑄛𑄧 𑄃 𑄾𑄶-𑄠𑄚𑄴 𑄛𑄪𑄣𑄨𑄌𑄴 𑄇𑄳𑄠𑄟𑄴𑄛𑄧 𑄗𑄨𑄘𑄧𑄝𑄴𑄧𑄢𑄨 𑄃𑄧𑄠𑄳𑄠।","এই বাদে ২.৫-টা আর্মি কাম্প,১০-টা বিাল কাম আছে"
𑄃𑄬 𑄥𑄧𑄁𑄈𑄳𑄠𑄧 𑄃𑄢𑄧 𑄝𑄢𑄨 𑄡𑄨𑄠𑄳𑄠।,এই সম আরও বারি যা
𑄉𑄧𑄘 𑄛𑄢𑄴𑄝𑄧𑄖𑄳𑄠𑄧 𑄌𑄟𑄴𑄟𑄪 𑄃𑄪𑄣𑄴 𑄥𑄚𑄴 𑄜𑄪𑄘𑄨 𑄃𑄊𑄬 𑄇𑄳𑄠𑄟𑄚𑄨।,. পুরো পাে চামাটা ফুটে আছে।
𑄡 𑄌𑄋𑄴𑄟𑄳𑄦 𑄃𑄪𑄚𑄧𑄢𑄬 𑄦𑄟𑄟𑄙𑄖𑄴 𑄦𑄌𑄴𑄌𑄳𑄠 𑄉𑄌𑄴 𑄉𑄧𑄢𑄨 𑄢𑄊𑄚।,যার চামা তাকে হাত দিে হাত দিে রাখা
"𑄝𑄚 𑄥𑄨𑄠𑄚𑄴 𑄚𑄧𑄠𑄴, 𑄃𑄬𑄭 𑄥𑄨𑄘𑄨𑄢𑄬 𑄛𑄪𑄇𑄴𑄈𑄪𑄚𑄬 𑄝𑄮𑄚𑄧𑄢𑄴 𑄣𑄮𑄠𑄬 𑄢𑄋 𑄉𑄧𑄢𑄨 𑄘𑄳𑄠𑄪𑄚𑄴 𑄟-𑄞𑄫𑄟𑄨।",".শুধু সেটা না,এইটার ফুলগুলো বোনার জন্য লাল করে দো হ"
𑄞𑄬𑄭𑄠𑄬 𑄣𑄮𑄭𑄠𑄬 𑄞𑄨𑄎𑄨 𑄘𑄳𑄠𑄪𑄚𑄴 𑄟𑄮𑄚𑄴 - 𑄟𑄪𑄢𑄴।,ভেে ভে পে গেল মো
"𑄃𑄬𑅄𑄧 𑄟-𑄝𑄮𑄚𑄧𑄢𑄴 𑄘𑄨' 𑄌𑄮𑄉𑄧𑄖𑄴 𑄝𑄢𑄨𑄏𑄬 𑄣𑄟𑄬, 𑄝𑄚𑄴 𑄃𑄧𑄠𑄴।","এল মেে আর ভাই-বোনেরা চোখে পরতেছে,বাা নেই"
𑄥𑄥𑄧𑄇𑄴 𑄉𑄮𑄌𑄴𑄒𑄨𑄃𑄪𑄚𑄧𑄢𑄴 𑄝𑄧𑄌𑄴 𑄚𑄬𑄡𑄬𑄚 𑄎𑄣𑄴 𑄝𑄪𑄚𑄧𑄚 𑄃𑄬𑄎𑄧 𑄗𑄪𑄟𑄴 𑄚𑄧𑄃𑄧𑄠𑄴 - 𑄝𑄚𑄨 𑄡𑄘𑄧𑄚𑄴।,সাপ গুলো বাঁশ নিে জাল নিে যাচ্ছে- বেঁধে যাচ্ছে
"𑄟𑄨𑄎𑄬 𑄟𑄨𑄎𑄬 𑄃𑄨𑄥𑄳𑄠𑄪 𑄚𑄨𑄚𑄬𑄭 𑄥𑄬𑄑𑄬𑄣𑄢𑄴 𑄝𑄋𑄣𑄪𑄚𑄬 𑄦𑄧𑄢𑄴𑄖𑄣𑄴, 𑄃𑄝𑄧𑄢𑄮𑄙𑄧, 𑄙𑄧𑄢𑄴𑄟𑄧𑄊𑄖𑄴, 𑄟𑄨𑄌𑄨𑄣𑄴-𑄟𑄨𑄑𑄨𑄋𑄴 𑄉𑄧𑄢𑄧𑄚𑄴।","মিজো মিজো ইু নিে সেট করল,আবোল তাবোল কথা বলে"
𑄝𑄪𑄞𑄬 𑄥𑄧𑄞𑄧𑄚𑄴 𑄘𑄬𑄊𑄚।,বুো সাপ দেখা
𑄦𑄮𑄭 𑄚𑄧' 𑄛𑄢𑄬।,.হওা যা না
"𑄘𑄉𑄬 𑄦𑄮𑄭 𑄡𑄨𑄠𑄧𑄚𑄴 𑄞𑄋𑄨 𑄃𑄧𑄣𑄬 𑄢𑄧𑄚𑄴 𑄉𑄧𑄢𑄬, 𑄟𑄧𑄚𑄧𑄖𑄴 𑄗𑄮𑄣𑄬 𑄉𑄪𑄚𑄴 𑄉𑄧𑄢𑄬।","দাগে হে যা যা,মনে রাখলে গুণ করে"
"𑄖𑄬, 𑄝𑄪𑄉𑄧𑄖𑄴 𑄢𑄊𑄚 𑄘𑄮𑄣𑄴।","সে,বুো হওা সুন্দর"
"𑄃𑄬𑄭 𑄖𑄧𑄌𑄳𑄠 𑄝𑄪𑄉𑄧𑄖𑄴 𑄝𑄚𑄨, 𑄃𑄛𑄧𑄚𑄴 𑄟𑄧𑄚𑄬 𑄎𑄩𑄋𑄴𑄦𑄚𑄨 𑄖𑄮𑄢𑄘𑄧𑄚𑄴 𑄃𑄬𑄇𑄴𑄘𑄨𑄚𑄴 𑄛𑄪𑄉𑄧 𑄟𑄮𑄚𑄧𑄖𑄴 𑄝𑄬𑄚𑄳𑄠 𑄢𑄋 𑄝𑄬𑄣𑄴 𑄃𑄎𑄨𑄝𑄪 𑄃𑄬𑄭 𑄃𑄎𑄠𑄴।","এই তসা বুদ্ধটা বানাই,নিজের মনে লাল বিাল বিেছে এই আসা"
𑄎𑄉𑄨𑄃𑄪𑄘𑄧 𑄞𑄬𑄭-𑄝𑄮𑄚𑄴 𑄣𑄧𑄇𑄴!,জেগে থাকা ভাই-বোনেরা লক
"𑄃𑄢𑄇𑄚𑄴, 𑄃𑄧𑄇𑄴𑄥𑄘𑄬𑄌𑄴, 𑄈𑄬𑄠𑄁𑄘𑄬𑄌𑄴 𑄥𑄧𑄟𑄪𑄖𑄴𑄧 𑄚𑄚𑄋𑄴 𑄘𑄬𑄎𑄧 𑄌𑄋𑄴𑄟𑄃𑄪𑄚𑄬 𑄎𑄧𑄠𑄴 𑄉𑄧𑄌𑄴𑄌𑄧𑄚𑄴।","আরাকান, আরাকান, খোল ইত্যাদি বিভিন্ন দেশের চাকমারা যা"
𑄥𑄙𑄨𑄚𑄴𑄘𑄬𑄎𑄧𑄢𑄴 𑄥𑄙𑄨𑄚𑄴 𑄟𑄚𑄪𑄌𑄴 𑄃 𑄥𑄥𑄧𑄇𑄴 𑄎𑄖𑄴 𑄃𑄬𑄣𑄇𑄴।,এক জাতী মানুষ এক জাতী মানুষ
𑄡𑄪𑄘𑄧𑄙𑄧 𑄉𑄪𑄢𑄨 𑄉𑄪𑄢𑄨 𑄃𑄪𑄎𑄬𑄠𑄴 𑄡𑄨𑄠𑄧𑄚𑄴 𑄘𑄬𑄎𑄬-𑄝𑄨𑄘𑄬𑄎𑄬।,প্রতিযোগিতা করে উঠে যা যা
𑄥𑄪𑄉𑄧 𑄝𑄘𑄬 𑄘𑄪𑄉𑄧𑄢𑄴 𑄦𑄧𑄝𑄧𑄢𑄴 𑄚𑄧' 𑄛𑄬𑄘𑄇𑄴।,.সুগন্ধি বাদেদুগা হবে না
𑄷𑄽𑄽𑄼 𑄥𑄣𑄧𑄖𑄴 𑄞𑄘𑄧 𑄢𑄘𑄧 𑄃𑄧𑄣𑄬 𑄉𑄮𑄘 𑄝𑄋𑄴𑄣𑄖𑄴 𑄃𑄬𑄇𑄴 𑄖𑄳𑄢𑄨𑄖𑄨𑄠𑄋𑄴𑄥𑄧 𑄥𑄚𑄪𑄌𑄴 𑄡𑄇𑄳𑄠𑄬 𑄟𑄪𑄢𑄨 𑄡𑄨𑄡𑄧𑄚𑄴 𑄥𑄧𑄇𑄳𑄠𑄬 𑄦𑄨𑄣𑄧𑄢𑄴 𑄟𑄚𑄬𑄭𑄃𑄪𑄚𑄬 𑄚𑄧' 𑄈𑄬𑄭 𑄗𑄬𑄭 𑄚𑄧' 𑄛𑄚𑄴।,"৮১০২. ভাতে এক তৃতী লবনাক্ত গন্ধ যাওা যা, যে গুলো পান করে সেগুলো খেতে হ না"
𑄖' 𑄛𑄧𑄢𑄬 𑄷𑅄𑄺𑄹 𑄥𑄣𑄧𑄖𑄴 𑄞𑄘𑄧𑄢𑄖𑄴𑄪𑄠𑄳𑄠𑄪 𑄝𑄧𑄉𑄧𑄣𑄧 𑄍𑄬𑄢𑄬𑄘𑄨 𑄛𑄘𑄬 𑄘𑄳𑄠𑄪𑄚𑄴।,.তার পরে ১. তার পরে ২. বগল ফেটে পে গেল
"𑄃𑄬𑄭 𑄗𑄧𑄖𑄳𑄠𑄧 𑄟𑄧𑄢𑄴 𑄚𑄧𑄠𑄴, 𑄃𑄨𑄠𑄚𑄨 𑄣𑄨𑄊𑄨 𑄡𑄨𑄠𑄧𑄚𑄴 𑄝𑄳𑄢𑄨𑄑𑄨𑄌𑄴 𑄃𑄟𑄧𑄣𑄧𑄢𑄴 𑄎𑄬𑄣𑄢𑄴 𑄥𑄥𑄧𑄚𑄴 𑄇𑄧𑄢𑄴𑄖 𑄥𑄪𑄛𑄢𑄨𑄑𑄬𑄚𑄴𑄓𑄧𑄚𑄴𑄑𑄧 𑄃 𑄓𑄬𑄛𑄪𑄑𑄨 𑄇𑄧𑄟𑄨𑄥𑄧𑄚𑄢𑄴𑄃𑄪𑄚𑄬।","এইগুলো আমার না,এইগুলো বিলিে দিে যেগুলো বিে করা হ সেগুলো বিে করা হ"
𑄟𑄖𑄴𑄧𑄢𑄴 𑄃𑄬𑄌𑄳𑄠𑄬 𑄃𑄟 𑄎𑄧𑄚𑄧𑄟𑄴 𑄞𑄫𑄫𑄫𑄫𑄟𑄨 𑄇𑄣 𑄟𑄬𑄊𑄧 𑄔𑄇𑄨 𑄡𑄨𑄠𑄬।,আমাদের জাতী জমিটা কালো মেঘে ঢেকে গেছে
𑄦𑄨𑄣𑄧𑄢𑄴 𑄟𑄚𑄬𑄧𑄭𑄃𑄪𑄚𑄴 𑄇𑄑𑄥𑄬𑄋𑄮𑄣𑄧𑄖𑄴 𑄊𑄨𑄌𑄴𑄍𑄬।,হিল মানবটা কাটাছো
𑄃𑄟𑄨 𑄃𑄧𑄙𑄨𑄦𑄨𑄚𑄴 𑄎𑄖𑄴।,আমরা একজাতী জাতি
𑄃𑄟 𑄝𑄮𑄚𑄧𑄢𑄴 𑄣𑄮 𑄢𑄋 𑄃𑄧𑄠𑄬 𑄥𑄧𑄘𑄬𑄌𑄴।,আমাদের বোন লাল হেছে
𑄞𑄬𑄭𑄠𑄬 𑄣𑄮𑄠𑄬 𑄟𑄮𑄚𑄴 𑄟𑄪𑄢𑄧 𑄞𑄨𑄎𑄨 𑄡𑄨𑄠𑄧𑄚𑄴।,ভো রোদ পে যা
"𑄃𑄟 𑄝𑄛𑄴 𑄞𑄬𑄭𑄠𑄧𑄢𑄴, 𑄟 𑄪 𑄝𑄮𑄚𑄧𑄢𑄴 𑄟𑄧𑄢 𑄦𑄨𑄎𑄬𑄇𑄬 𑄉𑄮𑄘 𑄦𑄨𑄣𑄴𑄌𑄘𑄬𑄉𑄋𑄴 𑄉𑄪𑄎𑄪𑄢𑄨 𑄃𑄪𑄘𑄬𑄢𑄴।","আমাদের বাবা মারা গেছে, মা বোন মরে গেছে"
"𑄌𑄮𑄉𑄧𑄢𑄴 𑄟𑄪𑄎𑄪𑄋𑄬 𑄃𑄟 𑄝𑄮𑄚𑄧𑄢𑄬 𑄏𑄛𑄘𑄧𑄚𑄴, 𑄃𑄟 𑄞𑄬𑄭𑄠𑄳𑄠𑄪𑄚𑄧𑄢𑄬 𑄝𑄬𑄠𑄴𑄚𑄬𑄖𑄴𑄖𑄮𑄭 𑄝𑄬𑄚𑄴𑄚𑄘𑄧𑄚𑄴।","চোখের পলকে আমাদের বোনকে ঝাু দেওা, আমাদের ভাইকে বোইে দেওা"
𑄞𑄋 𑄛𑄧𑄠𑄴𑄥𑄬𑄃𑄪𑄚𑄬 𑄇𑄢𑄨 𑄚𑄬𑄡𑄘𑄧𑄚𑄴 𑄃𑄟 𑄛𑄫𑄢𑄴𑄝𑄧 𑄛𑄫𑄢𑄪𑄥𑄧𑄢𑄴 𑄞𑄫𑄭-𑄎𑄧𑄟𑄨।,ভাঙা পা মানুষরা আমাদের পূর্ব দিকের জমি দখল করছে
𑄃𑄨𑄇𑄳𑄠𑄬 𑄉𑄪𑄢𑄨 𑄃𑄟 𑄎𑄧𑄖𑄧 𑄟𑄚𑄬𑄭𑄃𑄪𑄚𑄬 𑄚𑄬𑄠𑄳𑄠 𑄚𑄙 𑄃𑄪𑄠𑄧𑄚𑄴।,একটা বাচ্চা আমাদের সাথে যাবে না
𑄈𑄬𑄭 𑄚𑄧' 𑄛𑄬𑄚𑄳𑄠𑄭 𑄟𑄪𑄢𑄨 𑄡𑄘𑄧𑄚𑄴।,খেে না পেে চলে যা
𑄃𑄬𑄌𑄳𑄠𑄬 𑄃𑄟 𑄎𑄘𑄧𑄢𑄴 𑄞𑄬𑄭𑄃𑄪𑄚𑄴 𑄛𑄨𑄖𑄴𑄗𑄩𑄟𑄨 𑄝𑄪𑄉𑄧𑄖𑄴 𑄝𑄎𑄨 𑄗𑄬𑄭 𑄛𑄢𑄨𑄝𑄇𑄴 𑄚 𑄚𑄧' 𑄛𑄢𑄨𑄝𑄇𑄴 𑄥𑄨𑄠𑄚𑄴 𑄃𑄚𑄨𑄌𑄴𑄥𑄧𑄖𑄴।,আসা আমাদের দলের ভাইটা পৃথিবীতে বেঁচে থাকতে পারবে না সেটা আনতে
𑄦𑄨𑄣𑄴 𑄌𑄘𑄬𑄉𑄋𑄴 𑄝𑄘𑄬 𑄛𑄨𑄖𑄴𑄗𑄨𑄟𑄩𑄖𑄴 𑄦𑄮𑄚𑄧 𑄦𑄨𑄖𑄴𑄖𑄬𑄭 𑄃𑄬𑄇𑄴 𑄥𑄧𑄥𑄳𑄠𑄧 𑄛 𑄎𑄉 𑄚𑄬𑄭।,হিল চামা বাদে পৃথিবীতে আর কোনো জাগা নেই
𑄢𑄎𑄧𑄚𑄰𑄖𑄨𑄇𑄴 𑄃𑄧𑄙𑄨𑄇𑄢𑄴 𑄍𑄢 𑄃𑄧𑄚𑄧 𑄎𑄖𑄴 𑄛𑄨𑄖𑄴𑄗𑄨𑄟𑄩 𑄝𑄪𑄉𑄧𑄖𑄴 𑄗𑄨𑄊𑄩 𑄚𑄧𑄛𑄢𑄬।,এক জাতী মানুষ পৃথিবীতে টিকতে পারে না
𑄦𑄨𑄣𑄧𑄢𑄴 𑄟𑄚𑄬𑄭𑄃𑄪𑄚𑄧𑄢𑄴 𑄢𑄎𑄧𑄚𑄰𑄖𑄨𑄇𑄴 𑄃𑄙𑄨𑄇𑄢𑄴 𑄛𑄧𑄖𑄴𑄗𑄧𑄟𑄧 𑄥𑄧𑄚𑄧𑄘𑄧 𑄛𑄢𑄴𑄝𑄧𑄖𑄳𑄠𑄧 𑄌𑄪𑄇𑄴𑄖𑄨 𑄃𑄬𑄌𑄳𑄠𑄬 𑄛𑄧𑄘𑄧𑄘𑄧𑄣𑄨𑄖𑄴।,হিল মানুষরা রাজনৈতিক সম চুক্তি করতেছে
"𑄖𑄬, 𑄎𑄉𑄨 𑄃𑄪𑄘𑄧 𑄞𑄬𑄭-𑄝𑄮𑄚𑄴 𑄣𑄧𑄇𑄴!","সে,জাগা ঘুম থেকে ওঠা ভাই-বোনের তালিকা"
𑄛𑄬𑄢𑄥𑄚𑄨 𑄖𑄧𑄌𑄳𑄠 𑄈𑄬𑄭𑄠𑄬 𑄟𑄚𑄬𑄭𑄃𑄪𑄚𑄧𑄢𑄴 𑄘𑄪𑄉𑄧𑄇𑄚𑄨 𑄟𑄪𑄢𑄧𑄖𑄴 𑄛𑄪𑄢𑄨 𑄞𑄝𑄨 𑄌𑄧।,পাহাের চামা খেে মানুষরা দুঃখগুলো ভুলে যা
𑄖𑄮𑄟 𑄎𑄘𑄧 𑄟𑄚𑄬𑄃𑄪𑄚𑄴 𑄃𑄬𑄏𑄧 𑄎𑄢𑄴 𑄃𑄣𑄪 𑄈𑄬𑄭 𑄈𑄬𑄭 𑄃𑄧𑄚𑄧 𑄝𑄞𑄧𑄖𑄳𑄠𑄭 𑄘𑄨𑄚𑄴 𑄗𑄮𑄢𑄘𑄧𑄚𑄴।,তরকারির জাগা মানুষরা এখন জাগা আলু খেে অন বে দিন রাখে
𑄖𑄪𑄟𑄨 𑄘𑄬𑄊𑄧𑄢𑄴 𑄃𑄘𑄟𑄧𑄖𑄴 𑄚𑄬𑄠𑄳𑄠 𑄟𑄚𑄬𑄃𑄪𑄚𑄴 𑄦𑄨𑄨𑄋𑄴𑄢𑄨 𑄘𑄨𑄚𑄴 - 𑄇𑄣𑄴 𑄉𑄧𑄋𑄬 𑄘𑄬𑄙𑄧𑄚𑄴।,তোমরা গ্রামের মানুষদের সাথে মিশিে দিন-কাল করে দে
𑄥𑄎𑄧𑄚𑄳𑄠 𑄣𑄟𑄨 𑄃𑄬𑄣𑄬 𑄇𑄬𑄢𑄮𑄥𑄨𑄚𑄧 𑄌𑄬𑄢𑄇𑄴 𑄟𑄧𑄢 𑄟𑄧𑄢 𑄉𑄧𑄢𑄨 𑄎𑄧𑄣𑄧𑄘𑄬 𑄘𑄬𑄊 𑄡𑄠𑄴।,সাজসরঞ্জাম নিতে আসলে কেরোসিনের চূা ঝাপসা করে দেখা যা
𑄦𑄨𑄠𑄳𑄠 𑄦𑄨𑄠𑄳𑄠 𑄝𑄬𑄣𑄧 𑄛𑄧𑄦𑄴𑄢𑄧𑄖𑄴 𑄞𑄖𑄴 𑄈𑄚𑄴।,হিি হিি ভাত খাওা
𑄌𑄋𑄴𑄟𑄃𑄪𑄚𑄧𑄢𑄴 𑄌𑄮𑄉𑄧𑄛𑄚𑄨 𑄝𑄪𑄉𑄧𑄢𑄴 𑄣𑄮 𑄇𑄛𑄴𑄖𑄬 𑄉𑄮𑄘 𑄝𑄨𑄘𑄳𑄠𑄪𑄖𑄴 𑄖𑄢𑄢𑄴 𑄇𑄧𑄛𑄣𑄧𑄖𑄴 𑄚𑄬𑄭।,চাকমাদের চোখের পানির বুো সাদা হলেও তাদের কপালে নেই
"𑄊𑄧𑄢𑄴 𑄚𑄬𑄭, 𑄘𑄬𑄌𑄴 𑄚𑄬𑄭, 𑄎𑄉 𑄚𑄬𑄭 𑄟𑄚𑄬𑄭𑄃𑄪𑄚𑄴 𑄘𑄨𑄚𑄴 𑄘𑄨𑄚𑄴 𑄝𑄢𑄧𑄘𑄧𑄚𑄴।","বাি নেই,দেশ নেই, জাগা নেই মানুষের দিন"
"𑄃𑄬𑄌𑄳𑄠 𑄖𑄢 𑄃𑄘𑄟𑄴 𑄌𑄢𑄨 𑄡𑄘𑄧𑄚𑄴 𑄚𑄢𑄬𑄍𑄧𑄢𑄨, 𑄥𑄪𑄇𑄧𑄚𑄧𑄍𑄧𑄢𑄨 𑄉𑄧𑄁𑄉𑄢𑄟𑄴, 𑄚𑄧𑄚𑄴𑄘𑄧𑄢𑄟𑄴 𑄖𑄪𑄟𑄴।","আসা যাওা করে তাদের গ্রামের পাশ দিে যাচ্ছে,সুঁচালো কাজ,নরক তুমি"
𑄃𑄟 𑄛𑄫𑄢𑄴𑄝𑄧 𑄛𑄪𑄢𑄪𑄌𑄴𑄥𑄪𑄚𑄬 𑄃𑄧𑄘𑄧𑄇𑄴 𑄥𑄪𑄉𑄬 𑄎𑄨𑄋𑄴𑄦𑄚𑄨 𑄗𑄮𑄢𑄬𑄃𑄪𑄚𑄴।,আমাদের পূর্ব প্রজন্ম অনেক কষ্ট করে জে আছে
𑄃𑄬𑄌𑄳𑄠 𑄥𑄨𑄠𑄚𑄨 𑄘𑄨' 𑄌𑄮𑄉𑄧𑄖𑄴 𑄝𑄎𑄬।,এগুলো সেগুলো চোখে পে
"𑄚𑄬𑄭 𑄃𑄧𑄚𑄧 𑄃𑄧𑄞𑄝𑄴 𑄃𑄧𑄚𑄧𑄑𑄧𑄚𑄴, 𑄞𑄬𑄬𑄭𑄠𑄬 𑄞𑄬𑄭𑄠𑄬 𑄢𑄪𑄉𑄧𑄢𑄪𑄉𑄳𑄠, 𑄟𑄢𑄟𑄢𑄨, 𑄙𑄪𑄢𑄨 𑄚𑄬𑄡𑄚𑄬𑄡𑄨 𑄚𑄬𑄭।","শুধু অভাব অনটন, বোই বোইন, মারামারি,ফাঁদে নেওা নেই"
"𑄚𑄬𑄭 𑄃𑄧𑄚𑄧 𑄦𑄨𑄋𑄴𑄥𑄬 𑄦𑄨𑄋𑄴𑄥𑄨, 𑄢𑄬𑄚𑄢𑄬𑄚𑄨𑄟𑄧𑄚𑄴 𑄟𑄚𑄧𑄥𑄨𑄇𑄧𑄖 - 𑄃𑄬𑄣𑄧 𑄃𑄣𑄪𑄣𑄴𑄣𑄮 𑄘𑄪𑄣𑄧𑄣𑄴𑄣𑄮 𑄎𑄨𑄋𑄴𑄦𑄚𑄨।",.নেওার মতো মানসিকতা- এল আলুটা দুলে দুলে যাচ্ছে
"𑄃𑄬𑄇𑄴 𑄎𑄧𑄚𑄴 𑄟𑄚𑄪𑄌𑄧𑄢𑄬 𑄝𑄧𑄚𑄴𑄘𑄨 𑄉𑄧𑄢𑄨 𑄛𑄢𑄬, 𑄖𑄧𑄌𑄳𑄠-𑄛𑄬𑄢𑄥𑄚𑄨 𑄃 𑄜𑄢𑄧𑄇𑄴 𑄉𑄧𑄢𑄨 𑄛𑄢𑄬 𑄟𑄖𑄴𑄧𑄢𑄴 𑄖𑄢𑄴 𑄃𑄘𑄧𑄢𑄴𑄥𑄧, 𑄚𑄩𑄖𑄨 𑄃 𑄖𑄬, 𑄡𑄬 𑄥𑄧𑄋𑄴𑄉𑄳𑄢𑄟𑄧𑄢𑄴 𑄛𑄳𑄢𑄧𑄖𑄨𑄇𑄴 𑄥𑄨𑄠𑄚𑄴 𑄙𑄧𑄁𑄥𑄧 𑄉𑄮𑄢𑄨 𑄚𑄧' 𑄛𑄢𑄬।","এক জন মানুষ বন্দী করতে পারে, তসা-পোরা আর আলাদা করতে পারে না"
𑄝𑄳𑄢𑄨𑄑𑄨𑄌𑄴 𑄞𑄢𑄧𑄘𑄧𑄖𑄴 𑄥𑄙𑄨𑄚𑄴 𑄥𑄧𑄋𑄴𑄉𑄳𑄢𑄟𑄨𑄃𑄪𑄚𑄬𑄮 𑄃𑄨𑄋𑄴𑄢𑄬𑄌𑄴 𑄥𑄥𑄧𑄇𑄴𑄇𑄪𑄚𑄬 𑄦𑄧𑄙𑄇𑄴 𑄥𑄧𑄚𑄴𑄖𑄳𑄢𑄥𑄨।,বিেতে যোগ দেওার সম সাথীরা এক সারিতে দাঁড়িয়ে আছে
𑄥𑄧𑄥𑄧𑄌𑄴𑄖𑄧𑄢𑄧 𑄣𑄢𑄬𑄭 𑄌𑄧𑄣𑄇𑄣𑄨𑄚𑄴 𑄖𑄮𑄟 𑄎𑄘𑄧𑄢𑄴 𑄃𑄧𑄙𑄨𑄇𑄢𑄴 𑄇𑄟𑄨𑄃𑄪𑄚𑄢𑄬 𑄥𑄥𑄧𑄇𑄴𑄉𑄯𑄌𑄴𑄒𑄨 𑄥𑄧𑄚𑄴𑄖𑄬𑄢𑄥𑄩 𑄦𑄰 𑄝𑄧𑄘𑄧𑄚𑄟𑄴 𑄉𑄧𑄖𑄴𑄖𑄇𑄴।,.সমান সমান করে কাজ করার সম তারা সবাই বদনাম করে
𑄟𑄨𑄓𑄨𑄠𑄖𑄴 𑄜𑄧𑄉𑄧𑄘𑄋𑄴 𑄉𑄧𑄖𑄴𑄖𑄇𑄴।,.মিডিেতে প্রকাশ করা
"𑄟𑄖𑄴𑄧𑄢𑄴 𑄖𑄮𑄟 𑄎𑄘𑄧𑄢𑄴 𑄃𑄧𑄙𑄨𑄇𑄢𑄴 𑄇𑄟𑄩𑄃𑄪𑄚𑄬 𑄎𑄘𑄧𑄢𑄴 𑄃𑄬𑄢𑄚𑄧𑄖𑄴𑄬, 𑄎𑄘𑄧𑄢𑄴 𑄟𑄪𑄇𑄴𑄖𑄨𑄖𑄬𑄭 𑄥𑄥𑄧𑄇𑄴𑄉𑄯𑄌𑄴𑄒𑄩𑄢𑄴 𑄝𑄨𑄢𑄪𑄘𑄧𑄘𑄬 𑄣𑄢𑄬𑄭 𑄉𑄧𑄌𑄴𑄍𑄧𑄚𑄴।",".মানুষরা তো তোমার জন্য কাজ করতেছে,কাজে সাহায্য করতেছে"
"𑄖𑄮𑄟 𑄎𑄘𑄧𑄢𑄴 𑄟𑄚𑄬𑄃𑄪𑄚𑄧𑄢𑄴 𑄎𑄩𑄝𑄧𑄚𑄧𑄢𑄴 𑄘𑄪𑄉𑄧, 𑄖𑄧𑄌𑄳𑄠, 𑄃𑄎,𑄥𑄧𑄞𑄧𑄚𑄴 𑄎𑄩𑄝𑄧𑄚𑄴 𑄥𑄧𑄁𑄉𑄳𑄢𑄟𑄴, 𑄎𑄧𑄠𑄴 - 𑄛𑄧𑄢𑄎𑄧𑄠𑄴 𑄝𑄬𑄉𑄧 𑄃𑄟𑄧𑄣𑄴 𑄉𑄧𑄢𑄨 𑄞𑄝𑄨𑄝𑄢𑄴 𑄃𑄧𑄇𑄴𑄖𑄧 𑄃𑄨𑄌𑄳𑄠।",".তোমা জাতির মানুষদের জীবন কষ্ট,তরকারি,জা-পর্যা বেগের সম চিন্তা করতে হ"
"𑄖𑄬, 𑄎𑄉𑄨 𑄃𑄪𑄘𑄧।","সে,জাগা উঠে"
𑄃𑄀𑄢𑄬 𑄚𑄘𑄨𑄚𑄴 𑄖𑄚𑄳𑄠𑄝𑄨,ভেতরের নািভুিটা তাাতাি বের হ
𑄖𑄪𑄣𑄳𑄠 𑄥𑄋𑄪 𑄛𑄢𑄴𑄎𑄳𑄠 𑄘𑄨𑄣𑄬 𑄇𑄢𑄴 𑄣𑄉𑄧।,.তুলনা শাক পা দিলে তরকারি লাগে
𑄖𑄚𑄳𑄠𑄝𑄨 𑄉𑄋𑄧𑄖𑄴 𑄡𑄠𑄴 𑄟𑄎𑄨 𑄃𑄚𑄬 𑄥𑄧𑄚𑄢𑄴 𑄗𑄣𑄴,.তান্যেবি গাঙে যাওার সম পরিষ্কার করে আনে সাবানের থাল
𑄢𑄧𑄎𑄬 𑄞𑄧𑄢𑄨 𑄛𑄪𑄢 𑄃𑄧𑄠𑄳𑄠 𑄝𑄳𑄦𑄬 𑄖𑄚𑄳𑄠𑄝𑄨 𑄡𑄪𑄝𑄧𑄇𑄴𑄇𑄣𑄴।,রগে ভে সব গুলো এক হেছে
𑄖𑄚𑄳𑄠𑄝𑄨𑄠𑄬 𑄃𑄪𑄢𑄳𑄦𑄬 𑄛𑄨𑄚𑄬 𑄖𑄬𑄣𑄴𑄘𑄨 𑄟𑄘 𑄃𑄎𑄪𑄢𑄬,.তান্যেবি পে তেল দো এক জাতী মাছ
𑄖𑄢𑄴 𑄡𑄮𑄝𑄧𑄚𑄬 𑄛𑄉𑄧𑄣𑄴 𑄃𑄧𑄚𑄬𑄃𑄨 𑄥𑄬 𑄃𑄘𑄟𑄧𑄢𑄴 𑄉𑄞𑄪𑄢𑄬।,তার আচরণে পাগল সে গ্রামের লোক
𑄖𑄚𑄳𑄠𑄝𑄨𑄠𑄬 𑄛𑄚𑄴 𑄈𑄠𑄴 𑄟𑄧𑄙𑄪𑄡𑄧𑄥𑄴𑄒𑄨 𑄟𑄮𑄟𑄴 𑄉𑄧𑄢𑄬,.তান্যেবি পান খেে মধুটা মিষ্টি করে
𑄇𑄪𑄇𑄨𑄍𑄧𑄢𑄢𑄴 𑄃𑄢𑄳𑄦𑄨𑄋𑄴 𑄛𑄚𑄴 𑄃𑄚𑄨 𑄘𑄬𑄘𑄧𑄚𑄴 𑄉𑄞𑄪𑄢𑄬।,কুমার আরিা পান নিে যাচ্ছে যুবক
𑄖𑄚𑄳𑄠𑄝𑄨𑄠𑄬 𑄞𑄖𑄴 𑄢𑄚𑄬 𑄘𑄣𑄨 𑄜𑄬𑄣𑄬𑄃𑄨 𑄞𑄘𑄧𑄟𑄪,তাাতাি ভাত খাওার জন্য দালি ফেলে ভাত খাবো
𑄖𑄚𑄳𑄠𑄝𑄨𑄠𑄬 𑄃𑄧𑄥𑄪𑄇𑄴 𑄦𑄧𑄣𑄬 𑄝𑄬𑄇𑄴 𑄉𑄞𑄪𑄢𑄴𑄣𑄧𑄉𑄬 𑄌𑄪𑄙𑄮𑄟𑄪।,.তান্যেবি ভালো হলে সব গািে লাগবে
𑄖𑄚𑄳𑄠𑄝𑄨𑄠𑄬 𑄞𑄖𑄴 𑄈𑄠𑄴 𑄃𑄨𑄖𑄴𑄖𑄪𑄇𑄴 𑄃𑄨𑄖𑄴𑄖𑄪𑄇𑄴 𑄃𑄪𑄣𑄪𑄖𑄮𑄚𑄴,.তরকারি দিে ভাত খাওা এত ব ব তরকারি
𑄉𑄞𑄪𑄢𑄴𑄣𑄧𑄉𑄬 𑄚𑄧 𑄈𑄬𑄃𑄨 𑄈𑄝𑄠𑄴 𑄝𑄬𑄇𑄴𑄈𑄪𑄚𑄧𑄢𑄴 𑄖𑄬 𑄉𑄪𑄢𑄧𑄝𑄮𑄚𑄴।,.গািটা না খেে সবাই গািেছে
𑄖𑄚𑄳𑄠𑄝𑄨𑄠𑄬 𑄙𑄪𑄚𑄴𑄘𑄧 𑄈𑄠𑄴 𑄘𑄝 𑄟𑄘𑄬 𑄛𑄧𑄘𑄮𑄣𑄧𑄖𑄴,.তার বো দিে হুক্কা খা
𑄟𑄧𑄘𑄧𑄢𑄧𑄎𑄨 𑄞𑄧𑄢𑄬𑄃𑄨 𑄗𑄧𑄃𑄨𑄠𑄬 𑄙𑄪𑄛𑄴 𑄜𑄧𑄑𑄨𑄉𑄧𑄢𑄴 𑄝𑄧𑄘𑄧𑄣𑄧𑄖𑄴।,মদটা ভরে আছে সাদা পলিথিনে
𑄖𑄚𑄳𑄠𑄝𑄨𑄠𑄬 𑄛𑄚𑄴 𑄈𑄠𑄴 𑄛𑄚𑄧𑄣𑄧𑄉𑄬 𑄝𑄧𑄖𑄴𑄖𑄍𑄣𑄴,.তান্যেবি পান খেে পানশে হলো।
𑄉𑄞𑄪𑄢𑄴𑄣𑄧𑄉𑄬 𑄝𑄎𑄬𑄃𑄨 𑄜𑄬𑄣𑄳𑄠𑄚𑄴 𑄖𑄚𑄳𑄠𑄝𑄨𑄢𑄬 𑄟𑄬𑄃𑄨𑄠𑄬 𑄎𑄣𑄴।,লাঠি দিে তাাতাি তাকে মেরে ফেলল
𑄖𑄚𑄳𑄠𑄝𑄨𑄠𑄬 𑄝𑄬𑄚𑄴𑄝𑄪𑄚𑄬 𑄝𑄬𑄚𑄧𑄖𑄴 𑄖𑄧𑄣𑄬 𑄝𑄧𑄘𑄧𑄣,.তান্যেবি বেইনগুলো বোর তলা বদলা
𑄖𑄚𑄳𑄠𑄝𑄨𑄢𑄬 𑄙𑄧𑄢𑄨 𑄚𑄨𑄝𑄇𑄴 𑄇𑄬𑄢𑄬𑄖𑄴𑄇𑄝 𑄟𑄮𑄚𑄴 𑄖𑄧𑄣।,.তান্যেবিকে পাহাের তলা ধরে নিে যাওা যাবে।
𑄖𑄚𑄳𑄠𑄝𑄨𑄠𑄬 𑄜𑄪𑄣𑄴 𑄖𑄪𑄣𑄬 𑄃𑄣𑄟𑄧𑄖𑄴𑄖𑄪𑄚𑄴 𑄥𑄝𑄋𑄴 𑄉𑄌𑄴,.তান্যেবিে ফুল তুলে আমটি পরিষ্কার করেছে।
𑄝𑄮 𑄌 𑄃𑄬𑄣𑄬 𑄇𑄧𑄙 𑄘𑄨𑄘𑄧𑄋𑄴 𑄤𑄧 𑄖𑄚𑄳𑄠𑄝𑄨 𑄇𑄬𑄏𑄚𑄴 𑄛𑄌𑄴।,ব চামা আসলে কথা গুলো কেরা করে
𑄖𑄚𑄳𑄠𑄝𑄨𑄠𑄬 𑄝𑄢 𑄝𑄚𑄬 𑄇𑄪𑄣𑄧 𑄛𑄨𑄘𑄨𑄖𑄴 𑄖𑄣𑄴 𑄢𑄉𑄠𑄴,.তান্যেবি বাঁশের বো দিে কুল পাতিলে লবনাক্ত তরকারি তৈরি করে
𑄝𑄮 𑄌 𑄃𑄬𑄝𑄢𑄴 𑄇𑄧𑄣𑄬 𑄖 𑄟𑄢𑄬 𑄖𑄬 𑄌𑄮𑄇𑄴 𑄛𑄉𑄠𑄴।,.ব চাা এবার বললে সে চোখ বাঁকা করে
𑄖𑄚𑄳𑄠𑄝𑄨𑄠𑄬 𑄉𑄋𑄧𑄖𑄴 𑄡𑄠𑄴 𑄇𑄧𑄖𑄴𑄖𑄨𑄝𑄱 𑄗𑄧𑄠𑄴 𑄙𑄪𑄛𑄴 𑄉𑄧𑄢𑄨,.তান্যেবি নদী যাওার সম সাদা করে
𑄉𑄞𑄪𑄢𑄴 𑄣𑄧𑄉𑄬 𑄈𑄛𑄴𑄘𑄨 𑄃𑄊𑄧𑄚𑄴 𑄈𑄉𑄢 𑄘𑄪𑄝𑄧𑄖𑄴 𑄌𑄪𑄛𑄴 𑄉𑄧𑄢𑄨।,গািে সাথে খাপ খাওা নেই এমন খেলা চুপ করে
𑄖𑄚𑄳𑄠𑄝𑄨𑄠𑄬 𑄝𑄪𑄢𑄴 𑄟𑄢𑄬 𑄥𑄬𑄛𑄴𑄛𑄪𑄠 𑄘𑄨𑄚𑄬𑄃𑄨 𑄡𑄪𑄁 𑄉𑄧𑄢𑄨,.তার বোটা বুো করে সেই দিনও জুে থাকে
𑄃𑄨𑄎𑄬 𑄟𑄎𑄬 𑄙𑄝 𑄃𑄬𑄖𑄴𑄖𑄧𑄚𑄴 𑄖𑄚𑄳𑄠𑄝𑄨𑄢𑄬 𑄣𑄮𑄞𑄴 𑄉𑄧𑄢𑄨।,ইে মািে এত ব ব করে
𑄖𑄚𑄳𑄠𑄝𑄨𑄠𑄬 𑄥𑄎𑄪𑄢𑄬 𑄝𑄪𑄉𑄧𑄖𑄴 𑄖𑄧𑄣𑄬 𑄈𑄪𑄟𑄴 𑄘𑄨𑄚𑄬𑄃𑄨,তাাতাি সাজুকে বুো করে নিচে নিে যা
𑄉𑄞𑄪𑄢𑄴 𑄣𑄧𑄉𑄬 𑄟𑄪𑄌𑄴𑄍𑄱 𑄈𑄬𑄃𑄨 𑄡𑄚𑄴 𑄃𑄧𑄟𑄧𑄇𑄧𑄘𑄧 𑄘𑄮𑄣𑄴 𑄇𑄬𑄚𑄬𑄃𑄨।,গাছের সাথে পাখানা খেে যাওা অনেক সুন্দর
𑄖𑄚𑄳𑄠𑄝𑄨𑄠𑄬 𑄥𑄪𑄘 𑄇𑄘𑄬 𑄌𑄧𑄢𑄴𑄇𑄖𑄴 𑄘𑄨𑄣𑄧 𑄟𑄧𑄣𑄴𑄊𑄧𑄢,.তার বিালটা সুঁচালো জামা দিে চূা দিল
𑄌𑄧𑄟𑄴𑄝𑄜𑄪𑄣𑄧𑄢𑄴 𑄝𑄳𑄦𑄌𑄴 𑄚𑄨𑄉𑄨𑄣𑄬 𑄢𑄪𑄝𑄬 𑄢𑄧𑄋𑄬 𑄘𑄧𑄣𑄇𑄧𑄢।,চূা ফুলের সুগন্ধ নিে রে যা
𑄖𑄚𑄳𑄠𑄝𑄨𑄠𑄬 𑄝𑄨𑄌𑄴𑄍𑄮𑄚𑄧𑄖𑄴 𑄡𑄠𑄴 𑄈𑄘𑄨𑄖𑄴 𑄉𑄮𑄎𑄬𑄃𑄨 𑄈𑄬𑄁𑄉𑄧𑄢𑄧𑄁,.তার বোটা মাটিতে গিে খেেছি
𑄖𑄣𑄬 𑄖𑄣𑄬 𑄚𑄎𑄨 𑄃𑄪𑄘𑄬 𑄥𑄧𑄢𑄴𑄉𑄧 𑄢𑄎 𑄃𑄨𑄚𑄴𑄘𑄳𑄢𑄧𑄢𑄧𑄁।,তালে তালে নাচতে নাচতে স্বর্গে উঠে স্বর্গ রাজা
𑄖𑄚𑄳𑄠𑄝𑄨𑄠𑄬 𑄊𑄪𑄟𑄴 𑄡𑄠𑄴 𑄑𑄋𑄬𑄃𑄨 𑄜𑄪𑄣𑄧 𑄟𑄧𑄎𑄧𑄢𑄨,.তান্যেবি ঘুমাই যা ফুলের মলা দিে
𑄖𑄚𑄳𑄠𑄝𑄨𑄢𑄬 𑄌𑄬𑄘𑄧 𑄡𑄬𑄃𑄨𑄠𑄬 𑄦𑄧𑄢𑄨𑄌𑄴𑄌𑄧𑄚𑄴𑄘𑄳𑄢𑄧 𑄌𑄮𑄙𑄪𑄢𑄨।,.তান্যেবিকে দেখতে হ হরিণের মতো
𑄖𑄚𑄳𑄠𑄝𑄨𑄠𑄬 𑄝𑄬𑄃𑄨𑄚𑄳𑄠 𑄃𑄪𑄘𑄬 𑄇𑄝𑄢𑄴 𑄌𑄮𑄝𑄧𑄢𑄴 𑄥𑄮𑄢𑄴𑄉𑄧𑄢𑄨,তাাতাি বেইনটা উঠতেছে কাপের তলানি
𑄉𑄮𑄎𑄬𑄚𑄧𑄖𑄴𑄖𑄪𑄚𑄴 𑄝𑄧𑄢𑄴 𑄟𑄉𑄬 𑄦𑄎𑄧𑄁 𑄦𑄎𑄧𑄁 𑄟𑄪 𑄉𑄧𑄢𑄨।,গরুগুলো ব ব করে হাসছে
𑄖𑄚𑄳𑄠𑄝𑄨𑄠𑄬 𑄝𑄬𑄢𑄳𑄦𑄬𑄘𑄧 𑄡𑄠𑄴 𑄇𑄧𑄖𑄴𑄖 𑄘𑄨𑄣𑄧 𑄟𑄧𑄖𑄴𑄖𑄧 𑄝𑄨𑄣𑄴,তাাতাি বো যাওা অনেক ব বিল দিল
𑄖 𑄇𑄪𑄘𑄪𑄟𑄴𑄟𑄮 𑄃𑄨𑄘𑄪 𑄉𑄬𑄣𑄧 𑄉𑄳𑄠𑄬𑄖𑄨 𑄉𑄪𑄖𑄴𑄖𑄨 𑄌𑄬𑄉𑄮𑄦𑄨𑄣𑄴।,তার কুটুমটা এখানে দিে গেল
𑄖𑄚𑄳𑄠𑄝𑄨𑄠𑄬 𑄜𑄨𑄢𑄨 𑄃𑄬𑄣𑄧 𑄊𑄧𑄢𑄧 𑄇𑄟𑄧𑄖𑄴 𑄘𑄨𑄣𑄧 𑄟𑄧𑄚𑄴,.তান্যেবি ফিরে আসলো বাির কাজে
𑄖𑄚𑄳𑄠𑄝𑄨𑄢𑄬 𑄝𑄮 𑄌 𑄃𑄬𑄣𑄧 𑄝𑄪𑄢𑄨 𑄊𑄘𑄧𑄢𑄴 𑄇𑄧𑄟𑄧𑄣𑄴 𑄙𑄧𑄚𑄴।,.তার বিচির চামা হলো বুির গাে অনেক ধন
𑄖𑄚𑄳𑄠𑄝𑄨𑄠𑄬 𑄇𑄧𑄙 𑄥𑄪𑄚𑄨 𑄟𑄧𑄚𑄬 𑄟𑄧𑄚𑄬 𑄟𑄧𑄚𑄴 𑄇𑄚𑄬,তার কথাগুলো মনে পে
𑄝𑄮 𑄘𑄨𑄝𑄖𑄴𑄖𑄬 𑄇𑄧𑄙 𑄘𑄨𑄣𑄇𑄴 𑄖 𑄝𑄝𑄬 𑄃 𑄟𑄠𑄬।,ব করার সম কথা দিল সে
𑄖𑄚𑄳𑄠𑄝𑄨 𑄢𑄚𑄳𑄠𑄖𑄴 𑄡𑄠𑄴 𑄥𑄪𑄉𑄧𑄢𑄨 𑄘𑄘𑄨 𑄑𑄚𑄬𑄢𑄴𑄣𑄮𑄃𑄨,.তান্যেবি রানা যাওার সম সুঁচালো দাঁিটা টানলো
𑄛𑄪𑄢𑄧𑄚𑄨 𑄇𑄧𑄙 𑄃𑄨𑄘𑄮𑄖𑄴 𑄖𑄪𑄣𑄨 𑄉𑄪𑄎𑄪𑄢𑄨 𑄉𑄪𑄎𑄪𑄢𑄨 𑄇𑄚𑄬𑄢𑄴𑄣𑄮𑄃𑄨।,.পুরাতন কথা গুলো মনে পতেছে
𑄖𑄚𑄳𑄠𑄝𑄨𑄠𑄬 𑄜𑄧𑄣𑄴 𑄌𑄢𑄃𑄨 𑄘𑄮𑄣𑄬 𑄘𑄮𑄣𑄬 𑄌𑄋𑄚𑄴 𑄘𑄨,.তান্যেবি ফলের চারাগুলো ভালো করে পরিষ্কার করে।
𑄉𑄞𑄪𑄢𑄴 𑄣𑄧𑄉𑄬 𑄇𑄮 𑄇𑄨 𑄉𑄧𑄖𑄴𑄖𑄧𑄚𑄴 𑄝𑄮 𑄌 𑄃𑄬𑄣𑄬 𑄘𑄨𑄝𑄇𑄴 𑄞𑄋𑄧𑄚𑄴𑄘𑄨।,"গাির সাথে কে যেন কথা বলতেছে, আলোন করতেছে"
𑄉𑄞𑄪𑄢𑄴 𑄘𑄘 𑄝𑄢𑄬𑄁 𑄝𑄪𑄚𑄬 𑄘𑄮𑄣𑄬 𑄘𑄮𑄣𑄬 𑄇𑄪𑄚𑄴 𑄞𑄋𑄬,গািে দো ভালো করে কোন কিছু ভেঙ্গে যা
𑄃𑄎𑄧𑄣𑄴 𑄇𑄧𑄙 𑄇𑄧𑄙𑄧 𑄉𑄬𑄣𑄬 𑄥𑄧𑄁𑄉𑄨 𑄞𑄬𑄃𑄨𑄠𑄬 𑄟𑄧𑄚𑄴 𑄞𑄋𑄬।,আজকে কথা বললে সাথে সাথে মন ভেঙে যা
𑄖𑄚𑄳𑄠𑄝𑄨𑄠𑄬 𑄢𑄚𑄳𑄠𑄖𑄴 𑄡𑄠𑄴 𑄢𑄚𑄨 𑄈𑄃𑄨𑄉𑄰 𑄇𑄧𑄣 𑄉𑄌𑄴,.তান্যেবিে ভাত খাওার জন্য যা কলা খাওা
𑄖𑄚𑄳𑄠𑄝𑄨𑄠𑄬 𑄇𑄪𑄢𑄬 𑄡𑄬𑄃𑄨 𑄚𑄧 𑄛𑄢𑄬 𑄞𑄪𑄢𑄪𑄁 𑄞𑄪𑄢𑄪𑄁 𑄛𑄧𑄎 𑄝𑄌𑄴।,.তান্যেবিার পাশ দিে যা না
𑄖𑄚𑄳𑄠𑄝𑄨𑄠𑄬 𑄍𑄧𑄢 𑄃𑄨𑄏𑄬 𑄘𑄨𑄚𑄴𑄚𑄮𑄠 𑄃𑄨𑄎𑄬 𑄟𑄎𑄬 𑄃𑄬𑄇𑄴 𑄇𑄪𑄢𑄪𑄟𑄴,.তার বোটা সারাদিন মাটিতে পে থাকে
𑄖𑄚𑄳𑄠𑄝𑄨𑄢𑄬 𑄘𑄮𑄣𑄴 𑄘𑄮𑄣𑄴 𑄇𑄧𑄚𑄴𑄘𑄬 𑄛𑄪𑄚𑄬 𑄟𑄧𑄙𑄠𑄴 𑄃𑄬𑄇𑄴 𑄥𑄪𑄢𑄪𑄁।,.তান্যেবিকে সুন্দর সুন্দর কথা বলে এক সুর
𑄖𑄚𑄳𑄠𑄝𑄨𑄠𑄬 𑄎𑄪𑄟𑄴 𑄍𑄪𑄣𑄬 𑄌𑄢𑄳𑄦𑄨 𑄟𑄙𑄧𑄠𑄴 𑄊𑄪𑄖𑄴𑄖𑄬 𑄡𑄧𑄠𑄴,.তার বিে জুম করলে চার মাা ঘুরে যা
𑄖𑄚𑄳𑄠𑄝𑄨𑄢𑄬 𑄇𑄟𑄴𑄟𑄱 𑄇𑄧𑄚𑄴𑄘𑄬 𑄃𑄪𑄖𑄴𑄖𑄬 𑄝𑄧𑄖𑄴𑄖𑄬 𑄘𑄨𑄚𑄴𑄚𑄱 𑄡𑄠𑄴।,.তান্যেবিকে কাজ করার জন্য কেকদিন যেতে হ
𑄖𑄚𑄳𑄠𑄝𑄨𑄠𑄬 𑄊𑄧𑄢𑄧𑄖𑄴 𑄃𑄬𑄡𑄬 𑄌𑄪𑄘𑄱 𑄝𑄪𑄉𑄨 𑄝𑄢𑄬𑄋𑄱,.তান্যেবিে বািতে এসে শুে থাকলাম
𑄜𑄢𑄴𑄣𑄬𑄃𑄨 𑄜𑄣𑄴𑄣𑄬𑄃𑄨 𑄙𑄝 𑄃𑄬𑄡𑄬 𑄍𑄧𑄢𑄴(𑄥𑄬𑄣𑄴) 𑄈𑄬𑄭𑄠𑄬 𑄦𑄧𑄢𑄨𑄋𑄱।,. লাফিে লাফিে দৌে এসেছে হরিণটা
𑄖𑄚𑄳𑄠𑄝𑄨𑄠𑄬 𑄛𑄨𑄚𑄧𑄚𑄴 𑄛𑄨𑄚𑄬 𑄚𑄬𑄠𑄬𑄖𑄴 𑄉𑄪𑄎𑄬𑄃𑄨 𑄌𑄝𑄮𑄉𑄨,তাাতাি পিনন পরিধান করে নেওা জামা পরিধান করে চামা করবে
𑄣𑄌𑄴 𑄥𑄧𑄢𑄧𑄟𑄴 𑄚𑄧 𑄌𑄨𑄚𑄬 𑄖𑄬 𑄘𑄪𑄉𑄧𑄢𑄴 𑄇𑄧𑄙 𑄇𑄧𑄝𑄧 𑄇𑄨?,.লম্বা পথ না চিনে সে বিপদের কথা বলবে কি?
𑄖𑄚𑄳𑄠𑄝𑄨𑄠𑄬 𑄊𑄪𑄟𑄴 𑄡𑄠𑄴 𑄖𑄬𑄣𑄳𑄠𑄛𑄪𑄉𑄬 𑄊𑄪𑄢𑄴𑄇𑄢𑄬,.তান্যেবিে ঘুম যা তেল পে
𑄥𑄧𑄁𑄥𑄟𑄎𑄳𑄠 𑄊𑄪𑄟𑄧𑄖𑄴 𑄛𑄧𑄢𑄴𑄣𑄳𑄠 𑄞𑄖𑄴 𑄖𑄮𑄚𑄚𑄨 𑄌𑄪𑄢𑄴 𑄉𑄧𑄢𑄬।,সঙ্গীরা ঘুমা ভাত রান্না করার সম চুরি করে
𑄖𑄚𑄳𑄠𑄝𑄨𑄠𑄬 𑄝𑄬𑄚𑄴 𑄝𑄪𑄚𑄬 𑄝𑄬𑄚𑄧𑄖𑄴 𑄖𑄧𑄣𑄬 𑄒𑄪𑄢𑄴𑄌𑄪𑄟,.তান্যেবি বেইন বুনে বোইনের নিচে গিেছে
𑄃𑄧𑄎𑄎𑄮𑄝𑄱 𑄇𑄧𑄚𑄧𑄟𑄧𑄘𑄬 𑄜𑄪𑄣𑄴𑄖𑄪𑄣𑄧𑄚 𑄖𑄢𑄴 𑄒𑄪𑄟।,আগাছাটি কোন রকমে ফুল তুলছে
𑄖𑄚𑄳𑄠𑄝𑄨𑄠𑄬 𑄉𑄋𑄧𑄖𑄴 𑄡𑄠𑄴 𑄈𑄘𑄨𑄖𑄴𑄖𑄧𑄣𑄬 𑄟𑄌𑄴𑄍𑄱 𑄥𑄨𑄣𑄴,.তরকারিটা গাঙে যাওার সম মাছের শীল
𑄞𑄧𑄢𑄧𑄚𑄴 𑄛𑄨𑄢𑄧𑄚𑄴 𑄇𑄧𑄚𑄴𑄘𑄬 𑄖𑄢𑄬 𑄇𑄝𑄧𑄢𑄴 𑄃𑄪𑄣𑄴𑄣𑄳𑄠 𑄇𑄖𑄴𑄖𑄧𑄱𑄠 𑄌𑄨𑄣𑄴।,ভরে যাওার সম তাকে কাপ দিে কাত করা হ
𑄖𑄚𑄳𑄠𑄝𑄨𑄠𑄬 𑄟𑄚𑄳𑄠 𑄉𑄧𑄢𑄬 𑄇𑄧𑄘𑄧𑄣𑄴𑄛𑄪𑄢𑄧𑄖𑄴 𑄡𑄬𑄝𑄖𑄳𑄠𑄃𑄨,তাাতাি মাা করে কেকটা গ্রামে যা
𑄉𑄞𑄪 𑄟𑄧𑄢𑄧𑄘𑄧 𑄣𑄧𑄉𑄬 𑄣𑄧𑄉𑄬 𑄖𑄨𑄚𑄋𑄴 𑄜𑄣𑄋𑄴 𑄃𑄝𑄘𑄳𑄠𑄃𑄨।,যুবক সাথে সাথে দৌড় প্রতিযোগিতা করছে।
𑄖𑄚𑄳𑄠𑄝𑄨𑄠𑄬 𑄌𑄪𑄣𑄴 𑄃𑄀𑄎𑄪𑄢𑄬 𑄃𑄪𑄉𑄪𑄢𑄴 𑄇𑄣 𑄈𑄘𑄨 𑄛𑄳𑄦𑄬𑄌𑄴,.তান্যেবিে চুলে কালো হাদি পেছে
𑄖𑄚𑄳𑄠𑄝𑄨𑄖𑄴𑄖𑄪𑄚𑄴 𑄌𑄪𑄣𑄴 𑄃𑄊𑄬 𑄇𑄧𑄚𑄴 𑄍𑄉𑄧𑄣𑄧𑄘𑄢𑄨 𑄥𑄨𑄖𑄴𑄖𑄪𑄚𑄴 𑄝𑄳𑄦𑄬𑄌𑄴।,তার মাথা চুল আছে কোন ছাগল তার কাছ থেকে চুলগুলো নিে এসেছে
𑄖𑄚𑄳𑄠𑄝𑄨𑄠𑄬 𑄊𑄧𑄢𑄧𑄖𑄴 𑄡𑄠𑄴 𑄃𑄨𑄎𑄮𑄢𑄴 𑄎𑄧𑄉 𑄈𑄪𑄟𑄴 𑄛𑄨𑄣,তার বোইে বািতে যাওার সম একটা কাপ পে যা
𑄖𑄚𑄳𑄠𑄝𑄨𑄢𑄬 𑄘𑄮𑄣𑄴 𑄘𑄮𑄣𑄴 𑄇𑄧𑄚𑄴𑄘𑄬 𑄢𑄎𑄢𑄴 𑄦𑄘𑄧𑄢𑄴 𑄓𑄪𑄟𑄧 𑄟𑄨𑄣।,.তান্যেবিকে সুন্দর সুন্দর বলে রাজার হাতদুম মিলে
𑄖𑄚𑄳𑄠𑄝𑄨𑄠𑄬 𑄇𑄧𑄙 𑄥𑄪𑄚𑄨 𑄟𑄧𑄚𑄬 𑄞𑄝𑄬 𑄊𑄧𑄚𑄧 𑄊𑄧𑄚𑄴,তার কথাগুলো মনে পে ঘন ঘন
𑄉𑄞𑄪𑄢𑄴 𑄣𑄧𑄉𑄧𑄢𑄴 𑄞𑄋𑄧𑄚𑄴𑄘𑄨 𑄚𑄧 𑄥𑄪𑄚𑄨𑄣𑄧 𑄇𑄧𑄟𑄧𑄣𑄴𑄙𑄧𑄚𑄴।,.গািটা লাঙলের ভাংচি না শুনে হাসছে।
𑄖𑄚𑄳𑄠𑄝𑄨𑄠𑄬 𑄇𑄧𑄙 𑄇𑄧𑄠𑄴 𑄚𑄧𑄢𑄧𑄟𑄴 𑄛𑄘𑄧𑄣𑄴 𑄃𑄪𑄖𑄴𑄖𑄚𑄨,.তান্যেবি কথা বলে নরম পাত উঠা
𑄖𑄚𑄳𑄠𑄝𑄨𑄠𑄬 𑄦𑄎𑄬𑄢𑄴 𑄥𑄪𑄚𑄨 𑄙𑄧𑄢𑄴𑄝𑄚𑄳𑄦 𑄝𑄬𑄇𑄴𑄇𑄚𑄨।,.তান্যেবিে হাত দো সবগুলো
𑄖𑄚𑄳𑄠𑄝𑄨𑄠𑄬 𑄝𑄮 𑄡𑄬𑄝𑄢𑄴 𑄟𑄧𑄚𑄴𑄚𑄧 𑄃𑄬𑄝𑄬𑄣𑄴 𑄉𑄧𑄣𑄳𑄠𑄧 𑄘𑄮𑄣𑄴,.তার বিালের বোাল যেতে ইচ্ছে করছে।
𑄇𑄪𑄢𑄳𑄦𑄨 𑄖𑄢𑄨𑄇𑄴 𑄟𑄊𑄧 𑄎𑄢𑄧𑄖𑄴 𑄇𑄧𑄟𑄧𑄣𑄴𑄙𑄧𑄚𑄴 𑄣𑄧𑄃𑄨 𑄟𑄨𑄣𑄧𑄚𑄴 𑄤𑄧𑄣𑄴।,কুিে তাাতাি বরফে কমলগুলো নিে মিললো
𑄉𑄞𑄪𑄢𑄴 𑄘𑄙 𑄛𑄬𑄃𑄨𑄇𑄴 𑄛𑄪𑄎𑄬 𑄛𑄬𑄚𑄴𑄎𑄪𑄢𑄧𑄖𑄴𑄖𑄪𑄚𑄴 𑄇𑄬𑄢𑄴 𑄈𑄬𑄢𑄠𑄴,গাের দাঁতগুলো পোকা খেেছে
𑄃𑄬𑄇𑄴 𑄃𑄧𑄇𑄴𑄖𑄧𑄖𑄴 𑄃𑄪𑄢𑄳𑄦𑄨 𑄡𑄨𑄠𑄬 𑄇𑄚𑄬 𑄘𑄘 𑄖𑄢𑄴 𑄛𑄧𑄢𑄠𑄴।,এক সমে উে যাওার পর কানে দাদা পে
𑄌𑄋𑄴𑄟𑄳𑄦 𑄃𑄬𑄇𑄴 𑄝𑄌𑄳𑄠 𑄇𑄧𑄙,চাকমাদের এক ধরনের কথা
𑄗𑄮𑄝𑄨𑄠𑄬: 𑄘𑄋𑄴𑄉𑄪 𑄃𑄨𑄚𑄴𑄎𑄬𑄝𑄴 𑄌𑄋𑄴𑄟𑄳𑄦 𑄌𑄢𑄪,তোবি: ব ব চামা চামা
𑄃𑄢𑄧 𑄇𑄪𑄘𑄪𑄟𑄴।,"আরও, আরও, আরও"
𑄃𑄚𑄴𑄘𑄢𑄧𑄖𑄴 𑄙𑄚𑄴 𑄇𑄪𑄎𑄧𑄚।,উঠানে ধান চাষ করা
𑄃𑄎𑄝𑄬𑄢𑄴 𑄚𑄧 𑄦𑄨𑄠𑄬।,অপরিচ্ছন্ন হেছে
𑄃𑄙𑄧 𑄇𑄪𑄢𑄨 𑄊𑄘𑄧'𑄟𑄌𑄴।,এক জাতী মাছ
𑄃𑄙𑄨𑄇𑄳𑄠 𑄛𑄧𑄣𑄴𑄣𑄚𑄴।,.অতিরিক্ত পথ
𑄃 𑄘𑄧𑄋𑄬𑄠𑄳𑄠 𑄉𑄪𑄢𑄪।,একজন দঙিা গুরু
𑄃𑄣𑄨𑄉𑄖𑄴𑄬 𑄟𑄣𑄬𑄭 𑄜𑄪𑄣𑄴।,এক জাতী ফুল
𑄃𑄟𑄨𑄣𑄬𑄠𑄳𑄠 𑄥𑄨𑄉𑄮𑄝𑄴 𑄥𑄇𑄴।,এক জাতী শাক
𑄃𑄟𑄧𑄖𑄴𑄧𑄣𑄴 𑄝𑄙𑄨।,আমটি ভর্তা
𑄃𑄳𑄦𑄙𑄬 𑄦𑄪𑄌𑄴𑄦𑄪𑄎𑄚।,অব্য পদ
𑄃𑄏𑄢𑄴 𑄝𑄚𑄴 𑄥𑄧𑄦𑄧𑄥𑄳𑄢𑄧 𑄝𑄚𑄴।,বজ্রপাতের শব্দ
𑄃𑄉𑄪𑄚𑄧𑄖𑄴 𑄘𑄳𑄠𑄨 𑄘𑄪𑄢𑄴।,আগুনটা দাউ দাউ করে জ্বলতেছে
𑄃 𑄤𑄧𑄣𑄮𑄖𑄴 𑄘𑄨𑄠𑄳𑄠 𑄖𑄮𑄚𑄴।,এদিকে দিে দিে তরকারি
𑄃𑄘𑄋 𑄃𑄪𑄢𑄚।,গ্রাম ঘুরে যাওা
𑄃𑄬𑄇𑄴𑄮 𑄇𑄟𑄧𑄢𑄧𑄖𑄴 𑄉𑄧𑄌𑄳𑄠 𑄛𑄌𑄳𑄠।,এক কামে গা খাওা
𑄃𑄬𑄢 𑄇𑄪𑄘𑄧 𑄉𑄧𑄢𑄴।,এগুলো বেশি করে
𑄃𑄬𑄇𑄴𑄮 𑄇𑄟𑄧𑄢𑄧𑄧𑄖𑄴 𑄉𑄧𑄌𑄳𑄠 𑄛𑄧𑄢𑄚।,এক কামে গিে পা
𑄇𑄚 𑄃𑄪𑄉𑄪𑄢𑄬𑄘𑄨 𑄝𑄝𑄬𑄃𑄨 𑄘𑄬𑄚।,কানা ছিদ্র করে দো
𑄇𑄚𑄬 𑄥𑄨𑄋𑄬 𑄝𑄚।,কানে না শোনা
𑄇𑄧𑄢 𑄛𑄪𑄇𑄴 𑄈𑄨𑄠𑄳𑄠 𑄇𑄪𑄢𑄧𑄝𑄮।,.কেকটা পোকা খেেছে
𑄇𑄋𑄢 𑄟𑄧𑄎 𑄜𑄘𑄨 𑄘𑄬𑄚।,কাঁকার খোলস খুলে দো
𑄇𑄪𑄟𑄧𑄢𑄧 𑄖𑄮𑄚𑄧 𑄃𑄨𑄎𑄬।,এক জাতী ফল যা সবজি হিসেবে ব্যবহৃত হ
𑄇𑄪𑄢𑄧 𑄟𑄪𑄤𑄧𑄖𑄴 𑄃𑄨𑄎𑄬 𑄛𑄧𑄌𑄳𑄠 𑄛𑄢।,কুালের মুখে একটা পা পা
𑄇𑄪𑄢𑄧 𑄌𑄧𑄢 𑄝𑄨𑄣𑄬𑄃𑄨।,এক জাতী বুনো ফল
"𑄇𑄪𑄘𑄪 𑄃𑄉𑄌𑄴 𑄌𑄚𑄴 𑄖𑄢, 𑄇𑄪𑄘𑄪 𑄛𑄪𑄚𑄧 𑄇𑄬𑄌𑄴 𑄜𑄧𑄢।",".কুটির আগা দেখছেন তারা,কুটির আগার কাঁটা"
"𑄇𑄨𑄠𑄮𑄢𑄴 𑄝𑄪𑄉𑄧𑄢𑄴 𑄥𑄌𑄴, 𑄇𑄨𑄠𑄮𑄢𑄴 𑄛𑄨𑄘𑄧 𑄥𑄌𑄴।","এক জাতী শাক,কিোর পিপা"
𑄇𑄧𑄎𑄪 𑄛𑄘 𑄛𑄚𑄨।,কচু পাতার পানি
𑄇𑄚𑄴 𑄉𑄧𑄢𑄪 𑄌𑄧𑄢𑄚।,কান গরু চরানো
𑄇𑄨𑄠𑄧𑄋𑄴 𑄊𑄧𑄢𑄧 𑄇𑄪𑄉𑄪𑄢𑄴।,এক জাতী কুকুর
𑄉𑄎𑄧𑄖𑄴𑄪𑄚𑄴 𑄦𑄧𑄣 𑄛𑄧𑄌𑄳𑄠 𑄛𑄢।,গাছ থেকে পা পা
𑄉𑄙𑄨 𑄝𑄪𑄢𑄴 𑄟𑄢𑄨 𑄃𑄪𑄘𑄚।,লাঠি দিে মারা
𑄉𑄚𑄴𑄎 𑄇𑄚𑄨 𑄝𑄨𑄎𑄨 𑄘𑄬𑄚।,গানজামা কাপ ছিঁে দেওা
𑄉𑄠𑄴 𑄌𑄬𑄣 𑄉𑄠𑄴 𑄥𑄨𑄋𑄴।,এক জাতী গাছ
𑄉𑄧𑄢𑄴 𑄉𑄡𑄳𑄠 𑄝𑄉𑄧𑄖𑄴 𑄛𑄢𑄚।,গা গাছ দিে বাগানে যাওা
𑄊 𑄚𑄬𑄭 𑄉𑄪𑄢𑄨 𑄛𑄪𑄇𑄴 𑄛𑄧𑄢𑄚।,ঘা আছে এমন পোকা পা
𑄊𑄧𑄢𑄧 𑄃𑄪𑄚𑄴𑄘𑄪𑄢𑄬 𑄝𑄬𑄢𑄴 𑄇𑄟𑄢𑄚।,বাির ইঁদুরে বোনো
𑄊𑄧𑄢𑄧 𑄃𑄪𑄚𑄴𑄘𑄪𑄝𑄮 𑄃𑄪𑄙𑄬𑄢𑄴 𑄃𑄢𑄴 𑄛𑄧𑄢𑄬𑄢𑄴।,বাির উন্দুটা উঠতেছে আর পরতেছে
𑄊𑄧𑄢𑄧𑄖𑄴 𑄈𑄨𑄣𑄴𑄈𑄨𑄣𑄚𑄨।,বািতে খিল খিল শব্দ
𑄌𑄨𑄉𑄧𑄚𑄴 𑄟𑄧𑄢𑄢𑄨𑄌𑄴 𑄏𑄣𑄴 𑄝𑄬𑄌𑄴।,এক জাতী মরিচ
𑄌𑄨𑄚𑄴𑄘𑄬𑄣𑄬 𑄣𑄮 𑄚𑄧 𑄛𑄧𑄢𑄬।,ছেঁা লাগলে রক্ত পে না
𑄌𑄮𑄉𑄧𑄖𑄴 𑄖𑄬𑄣𑄴 𑄘𑄨𑄚𑄬 𑄇𑄚𑄚।,চোখের তেল দিে কান্না করা
𑄌𑄘𑄢 𑄣𑄉𑄧𑄖𑄴 𑄛𑄚।,কাঠ দিে বানানো
𑄌𑄮𑄉𑄧𑄘𑄨 𑄎𑄪𑄚𑄨 𑄘𑄬𑄉𑄚।,চোখ বন্ধ করা
𑄌𑄪𑄉𑄮𑄚𑄧 𑄟𑄘𑄨𑄖𑄴 𑄃𑄏𑄢𑄴 𑄈𑄚।,চূা মাটিতে আছে খাওা
𑄌𑄨𑄘𑄬𑄚𑄧 𑄇𑄚𑄘𑄨 𑄛𑄳𑄦𑄧𑄢𑄴 𑄘𑄬𑄊𑄚।,চিটা কানটা ঝাপসা দেখা
𑄌𑄨𑄉𑄧𑄚𑄴 𑄉𑄪𑄢𑄧 𑄛𑄬𑄭𑄉𑄧 𑄝𑄳𑄦 𑄥𑄛𑄴 𑄛𑄨𑄠𑄬 𑄛𑄢।,ছোট আকারের এক জাতী সাপ ধরতে পারা
𑄌𑄧𑄋𑄴𑄢 𑄃𑄙𑄣𑄨।,এক জাতী বুনো ফল
𑄌𑄮𑄇𑄧 𑄇𑄪𑄢𑄬 𑄝𑄚𑄴𑄘𑄧𑄢𑄴 𑄟𑄏𑄨।,চোখের পলকের মধ্যে বানর মেে
𑄏𑄪𑄛𑄧 𑄥𑄬𑄢𑄬 𑄛𑄮𑄢𑄮𑄣𑄴।,লাফিে পা
𑄏𑄨𑄉𑄬 𑄜𑄪𑄣𑄴।,ঝিঙে ফুল
𑄏𑄢𑄴𑄝𑄮 𑄌𑄮𑄇𑄴।,জঙ্গলের চোখ
𑄏𑄢𑄴𑄝𑄮 𑄟𑄧𑄚𑄴।,জঙ্গলি মন
𑄖𑄬𑄣𑄳𑄠 𑄃𑄨𑄎𑄬𑄛𑄴।,এক জাতী মাছ
𑄖𑄪𑄉𑄪𑄚𑄧 𑄝𑄌𑄴।,এক জাতী বুনো ফল যা সবজি হিসেবে ব্যবহৃত হ
𑄖𑄪𑄌𑄳𑄠 𑄛𑄪𑄇𑄴।,এক জাতী পোকা
𑄖𑄨𑄝𑄨𑄢𑄬𑄋𑄴 𑄉𑄪𑄃𑄨।,ত্রিপুরা ছেলে
𑄖 𑄦𑄘𑄧𑄖𑄴 𑄘𑄧𑄞𑄇𑄙𑄨।,তার হাতের বালা
𑄖𑄧𑄘𑄖𑄴 𑄃𑄢𑄴 𑄝𑄌𑄳𑄠 𑄛𑄢।,তার থেকে আরও বাঁশ পাওা
𑄖𑄨𑄝𑄨𑄢𑄬 𑄟𑄨𑄣𑄬 𑄣𑄨𑄋𑄴।,ত্রিপুরা মেে
𑄖𑄨𑄝𑄨𑄢𑄬 𑄉𑄧𑄢𑄴𑄝।,ত্রিপুরা জাতি
𑄗𑄣𑄧𑄖𑄴 𑄛𑄚𑄨 𑄘𑄨𑄠𑄳𑄠 𑄛𑄢।,থালা পানি দো
𑄗𑄬𑄋𑄴 𑄜𑄘 𑄚𑄘𑄬𑄋𑄴।,পাের ফাকেঁ হাত দিে নাচ
𑄘𑄪𑄟𑄴 𑄟𑄨𑄣𑄬 𑄟𑄪।,দুম্ম মেে
𑄘𑄧𑄎𑄧𑄚𑄬 𑄟𑄨𑄣𑄚।,দুইজনে মেশা
𑄘𑄧𑄎𑄧 𑄝𑄢 𑄃𑄬𑄉𑄢𑄧।,এক জাতী বুনো ফল
𑄘𑄘𑄧𑄖𑄴𑄪𑄚𑄴 𑄥𑄟𑄬 𑄝𑄧𑄢𑄧।,দাদোই থেকে বর
𑄘𑄘𑄬 𑄃𑄳𑄠𑄢 𑄝𑄠𑄴।,শক্ত আাবাি
𑄙𑄚𑄴 𑄚𑄬𑄭 𑄦𑄬𑄢𑄴 𑄏𑄢𑄏𑄢𑄨।,ধান নেই এমন জঙ্গল
𑄙𑄧𑄣𑄭 𑄝𑄝𑄧 𑄉𑄨𑄢𑄨𑄖𑄴𑄨।,এক জাতী বুনো লতা
𑄙𑄪𑄣𑄳𑄠 𑄌𑄧𑄢𑄧𑄖𑄴 𑄦𑄘𑄚।,বালুচরে হাঁটা
𑄙𑄬𑄣𑄴 𑄃𑄩𑄙𑄨𑄖𑄴 𑄝𑄌𑄳𑄠 𑄛𑄢।,ঢালু জমিতে বাঁশ পা
𑄙𑄬𑄣𑄴 𑄝𑄘𑄧𑄣𑄧 𑄉𑄪𑄣𑄨।,এক জাতী বুনো ফল
𑄚,bdmean
𑄚𑄧𑄣 𑄇𑄬𑄌𑄴 𑄈𑄨𑄠𑄳𑄠 𑄇𑄪𑄉𑄪𑄢𑄴।,নালা খাা কুকুর
𑄚𑄧' 𑄃𑄇𑄳𑄠 𑄇𑄪𑄢𑄧 𑄝𑄨𑄌𑄴।,এক জাতী বিষধর সাপ
𑄚𑄇𑄴 𑄇𑄝𑄨𑄣𑄬 𑄍𑄟𑄴𑄟𑄮 𑄝𑄧𑄢𑄬।,নাক কাটলে ছাা বের হ
𑄚' 𑄛𑄨𑄘𑄬 𑄦' 𑄛𑄨𑄘𑄬।,নাচিে নাচিে
𑄚𑄘𑄨𑄚𑄴 𑄘𑄬𑄈𑄳𑄠 𑄟𑄪।,নাতি-নাদি দেখতেছি আমি
𑄚𑄨𑄣𑄧 𑄊 𑄃𑄢𑄧𑄖𑄴 𑄘𑄪𑄎𑄚।,নীল ঘািে যাওা
𑄚𑄇𑄧 𑄘𑄪𑄠𑄮𑄢𑄧 𑄜𑄧𑄢।,নাকের ফোঁা
𑄚𑄧𑄣𑄇𑄴 𑄟𑄪𑄚𑄨 𑄝𑄨𑄘𑄴𑄘𑄬।,নলাক মুনি বিে
"𑄛𑄨𑄖𑄴𑄖𑄨𑄟𑄨𑄖𑄴 𑄇𑄧𑄚𑄧 𑄇𑄨𑄌𑄴𑄍𑄪 𑄚𑄬𑄃𑄨 𑄃𑄧𑄣𑄧𑄢𑄴, 𑄝𑄬𑄇𑄴 𑄝𑄧𑄘𑄧𑄣𑄨 𑄡𑄠𑄴।","মাটিতে কিছু নেই,সব বদলে যাওা"
𑄃𑄬𑄇𑄴 𑄃𑄧𑄇𑄴𑄖𑄧𑄖𑄴 𑄏𑄉𑄬 𑄏𑄉𑄬 𑄏𑄢𑄬 𑄏𑄢𑄬 𑄊𑄪𑄢𑄨 𑄏𑄢𑄧𑄖𑄴 𑄜𑄧𑄣𑄴-𑄟𑄪𑄣𑄴 𑄈𑄬𑄃𑄨 𑄎𑄨𑄁𑄇𑄚𑄨 𑄉𑄧𑄋𑄬𑄘𑄇𑄴।,এক সমে ঝাুে ঘুরে ঘুরে জীবন কাটানো
"𑄃𑄉𑄪𑄚𑄴 𑄎𑄣𑄨 𑄚𑄧 𑄎𑄚𑄨𑄘𑄇𑄴, 𑄇𑄎 𑄟𑄌𑄴, 𑄦𑄢𑄬 𑄈𑄬𑄃𑄨 𑄎𑄨𑄁𑄇𑄚𑄨 𑄖𑄮𑄢𑄬𑄘𑄇𑄴।","আগুন জ্বালানো যা না,কাঁকা মাছ,হাতে খেে জীবন ভরপুর"
𑄟𑄖𑄴𑄖𑄧𑄢𑄴 𑄃𑄬𑄌𑄳𑄠 𑄣𑄢𑄬 𑄣𑄢𑄬 𑄖𑄧𑄗𑄳𑄠𑄧 𑄛𑄳𑄢𑄧𑄡𑄪𑄇𑄴𑄖𑄨 𑄡𑄪𑄉𑄧𑄖𑄴 𑄗𑄬𑄋𑄴 𑄘𑄳𑄠𑄪𑄚𑄴।,মানুষরা ধীরে ধীরে টেকনোলজির যুগে পা দিে যা
𑄃𑄬 𑄡𑄉𑄧𑄖𑄴 𑄛𑄨𑄖𑄴𑄖𑄨𑄟𑄨𑄠𑄚𑄴 𑄃𑄬𑄇𑄴𑄈𑄚𑄴 𑄃𑄘𑄟𑄴।,এই যাত্রাপথটা একটা গ্রাম
𑄃𑄬 𑄃𑄘𑄟𑄧𑄚𑄧𑄢𑄴 𑄃𑄬𑄇𑄴𑄎𑄧𑄚𑄴𑄘𑄮𑄃𑄨 𑄃𑄢𑄧 𑄃𑄬𑄇𑄴𑄎𑄧𑄚𑄬 𑄟𑄘𑄟𑄘𑄨 𑄉𑄧𑄖𑄴𑄖𑄬 𑄝 𑄝𑄪𑄉𑄧𑄢𑄴 𑄃𑄧𑄖𑄣𑄨𑄠𑄬 𑄞𑄛𑄴 𑄜𑄧𑄉𑄧𑄘𑄋𑄴 𑄉𑄧𑄖𑄴𑄖𑄬 𑄣𑄉𑄬 𑄞𑄌𑄴।,এই গ্রামের এক জন অন্য জনের সাথে কথা বলতেছে বা বুোটা কথা বলতেছে
"𑄥𑄬 𑄞𑄌𑄴, 𑄌𑄋𑄴𑄟 𑄞𑄌𑄴 𑄃𑄬𑄌𑄳𑄠 𑄌𑄋𑄴𑄣 𑄃 𑄌𑄋𑄴𑄣𑄨 𑄃𑄧𑄃𑄨 𑄡𑄬𑄣𑄧।","সে বাস,চামাবাস আসতে আসতে ক্লান্ত হে গেল"
𑄞𑄌𑄴 𑄢𑄧𑄇𑄴𑄈𑄬 𑄉𑄧𑄢𑄚 𑄝𑄬𑄉𑄧𑄖𑄴𑄖𑄪𑄚𑄴 𑄝𑄬𑄌𑄴 𑄘𑄋𑄧𑄢𑄴 𑄇𑄟𑄴 𑄢𑄌𑄴𑄖𑄳𑄢𑄧𑄢𑄴।,ভে ভে অনেক ব কাজ করছে
𑄟𑄖𑄴𑄖𑄧𑄢𑄴 𑄡𑄬 𑄢𑄧𑄌𑄴𑄖𑄳𑄢𑄧 𑄞𑄏𑄧𑄖𑄳𑄠𑄃𑄨 𑄣𑄢𑄳𑄦𑄬𑄃𑄨 𑄉𑄧𑄢𑄨 𑄣𑄮 𑄘𑄨𑄚𑄬𑄃𑄨 𑄃𑄬𑄇𑄴𑄈𑄚𑄴 𑄢𑄌𑄴𑄖𑄳𑄢𑄧 𑄛𑄬𑄣𑄧𑄁 𑄥𑄬 𑄢𑄌𑄴𑄖𑄳𑄢𑄧𑄢𑄴 𑄃𑄧𑄚𑄳𑄠𑄧 𑄎𑄘𑄧𑄢𑄴 𑄞𑄌𑄴 𑄌𑄋𑄴𑄣 𑄃 𑄌𑄋𑄴𑄣𑄨 𑄦𑄧𑄚𑄢𑄴 𑄃𑄬𑄇𑄴𑄈𑄚𑄴 𑄣𑄎𑄧𑄢𑄴 𑄇𑄧𑄙।,".মাতে যে রোদ পেছে, সেই রোদ পার সমে একটা লজ্জাবোধ করলো"
𑄞𑄌𑄴 𑄇𑄧𑄠𑄚𑄴 𑄃𑄨𑄠𑄚𑄴 𑄚𑄨𑄚𑄬𑄃𑄨 𑄝𑄧𑄦𑄪𑄖𑄴 𑄉𑄧𑄝𑄬𑄥𑄧𑄚 𑄉𑄧𑄌𑄴𑄍𑄮𑄚𑄴 𑄘𑄋𑄧𑄢𑄴 𑄘𑄋𑄧𑄢𑄴 𑄎𑄧𑄙𑄠𑄳𑄠।,ভাই-বোনেরা এইটা নিে অনেক ব কাজ করছে
𑄥𑄬 𑄥𑄬𑄢𑄬 𑄥𑄟𑄢𑄴 𑄃𑄨𑄚𑄴𑄃𑄬𑄥𑄴𑄑𑄨𑄑𑄨𑄃𑄪𑄑𑄴 𑄃𑄧𑄝𑄴 𑄣𑄨𑄁𑄉𑄪𑄃𑄨𑄥𑄴𑄑𑄨𑄇𑄴𑄥𑄴 𑄉𑄧𑄝𑄬𑄥𑄧𑄚𑄃𑄚𑄴 𑄝𑄬𑄉𑄧𑄖𑄴𑄖𑄪𑄚𑄴 𑄘𑄋𑄧𑄢𑄴।,.তার মধ্যে মেেটা সাঁতার কাটতেছে।
𑄖𑄢 𑄇𑄧𑄙𑄧𑄚𑄴 𑄉𑄮𑄘 𑄛𑄨𑄖𑄴𑄖𑄨𑄟𑄨𑄖𑄴 𑄞𑄌𑄴 𑄃𑄊𑄬 𑄼𑄿𑄶𑄿𑄃𑄚𑄴।,তাদের কেকটা গরুর পেটে ভাত আছে ৬৯০৯.
𑄃𑄬 𑄃𑄨𑄎𑄬𑄛𑄴 𑄸𑄶𑄶𑄿 𑄥𑄣𑄧𑄖𑄴।,এই বছর বৃষ্টি পেছে
𑄃 𑄞𑄏𑄧𑄢𑄴 𑄛𑄮𑄃𑄮𑄘𑄳𑄠𑄚𑄬 𑄖𑄧𑄗𑄳𑄠𑄧 𑄍𑄨𑄘𑄨 𑄘𑄨𑄠𑄳𑄠 𑄃𑄮𑄠𑄬𑄝𑄴𑄥𑄃𑄨𑄑𑄴 𑄃𑄬𑄗𑄴𑄚𑄮𑄣𑄧𑄉𑄴 𑄟𑄧𑄘𑄬 𑄃𑄨𑄢𑄪𑄇𑄴 𑄛𑄨𑄖𑄴𑄖𑄨𑄟𑄨𑄖𑄴 𑄝𑄎𑄨 𑄃𑄊𑄬 𑄽𑄶𑄿𑄽 𑄃𑄚𑄴 𑄞𑄌𑄴।,.এই মাসের পোার সমে তার মাথা ছিঁা দিে বস মদ পেছে।
𑄃𑄨𑄃𑄪𑄚𑄬𑄥𑄴𑄇𑄮 𑄟𑄧𑄘𑄬 𑄃𑄬 𑄥𑄧𑄖𑄝𑄴𑄘𑄨𑄖𑄴 𑄛𑄨𑄖𑄴𑄖𑄨𑄟𑄨𑄖𑄴𑄖𑄪𑄚𑄴 𑄃𑄧𑄢𑄴𑄙𑄬𑄇𑄧𑄖𑄴𑄖𑄪𑄚𑄴 𑄝𑄬𑄌𑄴 𑄞𑄌𑄴 𑄝𑄎𑄨 𑄚𑄧 𑄗𑄬𑄝𑄧।,. ইউনেস্কোর মদে এই সতের জনের মধ্যে সবচেে বেশি ভাত থাকবে না
"𑄇𑄧𑄣𑄧𑄟𑄴𑄝𑄨𑄠 𑄝𑄨𑄌𑄴𑄥𑄧𑄝𑄨𑄘𑄳𑄠𑄣𑄧𑄠𑄧𑄢𑄴 𑄟𑄧𑄘𑄬, 𑄃𑄬𑄡𑄬𑄖𑄴𑄖𑄬 𑄸𑄷𑄷𑄻 𑄥𑄣𑄧𑄖𑄴 𑄝𑄌𑄴 𑄞𑄎𑄨 𑄗𑄬𑄝𑄧 𑄝𑄚 𑄼𑄶𑄶𑄃𑄚𑄴।","কেকটি বিালের মদে, তাই ২১৫ সালে বাঁশটা ফেটে যাবে"
𑄃𑄢𑄴𑄉𑄚𑄨 𑄃𑄮𑄇𑄴 𑄚𑄪𑄃𑄧 𑄉𑄬𑄁𑄈𑄪𑄣𑄨 𑄦𑄘𑄚:,আগুনটা একটু নাচা করা
𑄝𑄧𑄁𑄘𑄬𑄏𑄧𑄖𑄴 𑄸𑄶𑄸𑄸 𑄥𑄣𑄧𑄖𑄴 𑄃𑄧𑄃𑄨 𑄡𑄬𑄣𑄧 𑄻𑄷 𑄝𑄧𑄏𑄧𑄢𑄴 𑄃𑄨𑄠𑄧𑄖𑄴।,বসে ২২২ সালে হেছে৫১ বছর এখন
𑄃𑄬 𑄟𑄙𑄚𑄴 𑄃𑄬𑄭 𑄇𑄧𑄚𑄧 𑄘𑄨𑄚𑄴 𑄞𑄝𑄨 𑄚𑄧 𑄛𑄢𑄨 𑄃𑄟𑄳𑄦𑄢𑄴 𑄛𑄧𑄇𑄴 𑄘𑄇𑄴 𑄍𑄝 𑄛𑄧𑄢𑄨 𑄡𑄬𑄝𑄧।,এই দেশ এইকোন দিন ভাবতে পারবো না
𑄃𑄬 𑄃𑄧𑄇𑄴𑄖𑄧𑄖𑄴 𑄞𑄪𑄛𑄬𑄚𑄴 𑄦𑄎𑄢𑄨𑄇 𑄉𑄚𑄴𑄚𑄮 𑄞𑄢𑄨 𑄉𑄧𑄢𑄨 𑄃𑄨𑄙𑄮𑄖𑄴 𑄃𑄪𑄘𑄬𑄢𑄴-,এই মুহুর্তে ভুপেন হাজারিকা গানটি বেশি করে এখানে উঠে
𑄦𑄨𑄣𑄴 𑄌𑄘𑄨𑄉𑄋𑄧𑄖𑄴 𑄃𑄟𑄳𑄦 𑄘𑄧𑄇𑄴𑄠𑄳𑄠𑄧 𑄃𑄬𑄙𑄧𑄇𑄳𑄠 𑄃𑄧𑄃𑄨 𑄡𑄬𑄣𑄧।,হিল চূা আমাদের সম এত ব হে গেল
𑄝𑄁𑄣𑄘𑄬𑄌𑄴 𑄥𑄙𑄨𑄚𑄧𑄖𑄴 𑄻𑄷 𑄝𑄧𑄏𑄧𑄢𑄴 𑄃 𑄛𑄧𑄢𑄴𑄝𑄧𑄖𑄳𑄠𑄧 𑄌𑄪𑄇𑄴𑄖𑄨 𑄸𑄻 𑄝𑄨𑄘𑄨 𑄡𑄬𑄣𑄧।,বাংলা নববর্ষে ৮১২০.বাঙালিদের দল থেকে ৩. বিদা দিে গেল
"𑄚𑄧 𑄛𑄬𑄣𑄧𑄁 𑄞𑄏𑄧𑄢𑄴 𑄃𑄧𑄙𑄨𑄉𑄢𑄴, 𑄚𑄧 𑄛𑄬𑄣𑄧𑄁 𑄥𑄙𑄨𑄚𑄧𑄖।",".বাসস্থান পেলাম না, পেলাম না আশা"
𑄝𑄢𑄬𑄖𑄴𑄖𑄪𑄚𑄴 𑄏𑄇𑄴 𑄏𑄇𑄴 𑄥𑄬𑄑𑄬𑄣𑄢𑄴 𑄝𑄋𑄣𑄴 𑄥𑄧𑄟𑄬 𑄃𑄪𑄎𑄪 𑄥𑄪𑄢𑄪𑄋𑄳𑄠 𑄎𑄪𑄟𑄴𑄟𑄧 𑄎𑄖𑄴𑄖𑄪𑄚𑄴 𑄍𑄧𑄣𑄬 𑄝𑄧𑄣𑄬 𑄇𑄪𑄎𑄧𑄣𑄬 𑄝𑄬𑄇𑄴 𑄇𑄢𑄨 𑄣𑄧𑄘𑄧𑄚𑄴।,বোর থেকে ঝাঁক ঝাঁক বাঙালি মিলে সব পরিষ্কার করে নিল
"𑄝𑄬𑄇𑄴 𑄥𑄧𑄠𑄴𑄥𑄧𑄟𑄴𑄛𑄧𑄖𑄴𑄖𑄨, 𑄝𑄎𑄨 𑄗𑄬𑄝𑄢𑄴 𑄃𑄢𑄨𑄠𑄚𑄨।","সব সম্পত্তি, বেঁচে থাকার ইচ্ছা"
"𑄦𑄨𑄣𑄧𑄢𑄴 𑄥𑄪𑄙𑄪𑄢𑄪𑄋𑄮 𑄟𑄚𑄬𑄃𑄪𑄚𑄧𑄢𑄴 𑄞𑄪𑄃𑄨, 𑄞𑄌𑄴, 𑄥𑄇𑄴, 𑄦𑄎𑄨 𑄃 𑄝𑄎𑄨 𑄗𑄬𑄝𑄢𑄴 𑄥𑄧𑄝𑄧𑄚𑄴।","হিল শুার মানুষরা ভুই, ভাত, শাক,হাওা হাসছে"
𑄟 𑄞𑄏𑄧𑄖𑄴𑄖𑄪𑄚𑄴 𑄝𑄬𑄌𑄴 𑄟𑄨𑄙𑄬 𑄃𑄢𑄴 𑄇𑄨𑄌𑄴𑄍𑄪 𑄚𑄬𑄃𑄨।,মা ভাত থেকে বেশি মিষ্টি আর কিছু নেই
"𑄇𑄨 𑄘𑄪𑄉𑄧𑄢𑄴 𑄇𑄧𑄙, 𑄞𑄏𑄧𑄢𑄴 𑄣𑄢𑄳𑄦𑄬𑄠𑄧𑄖𑄴 𑄣𑄮-𑄛𑄧𑄢𑄚𑄴 𑄃𑄪𑄖𑄴𑄥𑄧𑄢𑄴𑄉𑄧 𑄉𑄧𑄌𑄴𑄍𑄬 𑄡𑄬 𑄘𑄬𑄌𑄴, 𑄥𑄬 𑄘𑄬𑄏𑄧𑄖𑄴 𑄃𑄧𑄚𑄳𑄠𑄧 𑄞𑄌𑄴𑄍𑄚𑄨 𑄃𑄬𑄌𑄳𑄠 𑄦𑄬𑄣𑄜𑄬𑄣।","কি বিপদের কথা,বর্ষার সমে লাল পার জন্য যে দেশ, সেই দেশে ভাতগুলো আসে না"
𑄐𑄪𑄚𑄨𑄃𑄮 𑄘𑄬𑄏𑄧𑄢𑄴 𑄛𑄌𑄴𑄍𑄪 𑄃𑄘𑄨𑄝𑄥𑄨𑄃𑄪𑄚𑄧𑄢𑄴 𑄞𑄏𑄧𑄢𑄴 𑄝𑄧𑄃𑄨 𑄛𑄳𑄢𑄇𑄴-𑄛𑄳𑄢𑄗𑄧𑄟𑄨𑄇𑄴 - 𑄇𑄬𑄣𑄌𑄴 𑄖𑄳𑄢𑄨𑄖𑄴 𑄥𑄧𑄁 𑄘𑄨𑄠𑄳𑄠 𑄦𑄧𑄠𑄴 𑄸𑄶𑄷𑄽 - 𑄸𑄶𑄸𑄸 𑄥𑄣𑄧𑄢𑄴 𑄥𑄧𑄁।,.নতুন দেশের পাহাের পাহাের মানুষরা কাপের ত্রিকোণা দিে পাহাে দিে যাচ্ছে
𑄟𑄖𑄴𑄖𑄧𑄢𑄴 𑄚𑄚𑄚𑄴 𑄃𑄟𑄴𑄣 𑄞𑄬𑄎𑄣𑄧𑄖𑄳𑄠 𑄖𑄢 𑄛𑄧𑄢𑄨 𑄚𑄧 𑄛𑄘𑄧𑄚𑄴।,.মানুষরা নানারকম আমে ফেঁসে যা
"𑄃𑄮 𑄚𑄪𑄃𑄧 𑄘𑄨𑄚𑄧𑄢𑄴 𑄚𑄪𑄃𑄧 𑄉𑄬𑄁𑄈𑄪𑄣𑄨, 𑄃𑄢𑄴 𑄦𑄞𑄨𑄣𑄳𑄠𑄌𑄴 𑄚𑄧𑄠𑄴, 𑄃𑄟𑄨 𑄣𑄟𑄨 𑄟𑄘𑄧𑄖𑄴 𑄃𑄬𑄝𑄢𑄧𑄖𑄴।",".ও নতুন দিনের সূচনা করে,আবার পাহাে যাওা যা না,আমরা পাহাে নেমে যাবো"
"𑄞𑄌𑄴 𑄚𑄬𑄃𑄨 𑄟𑄚𑄬 𑄥𑄧𑄁𑄥𑄴𑄇𑄳𑄢𑄨𑄖𑄨 𑄚𑄬𑄃𑄨, 𑄚𑄬𑄃𑄨 𑄥𑄪𑄚𑄴𑄎𑄪𑄇𑄴।","ভাত নেই এমন মানুষের সাথে সম্পর্ক নেই,সুযোগ নেই"
𑄥𑄬𑄚𑄬 𑄚𑄨𑄎𑄧 𑄞𑄧𑄌𑄴𑄍𑄚𑄧𑄖𑄳𑄠 𑄃𑄟𑄳𑄦𑄖𑄴𑄖𑄪𑄚𑄴 𑄘𑄋𑄧𑄢𑄴 𑄇𑄟𑄴 𑄉𑄧𑄢 𑄛𑄧𑄢𑄨𑄝𑄧।,সে নিজের ভে আমাদের থেকে ব কাজ করতে হবে
"𑄥𑄧𑄢𑄴𑄉𑄢𑄧 𑄟𑄪𑄃𑄧 𑄇𑄨𑄗𑄳𑄠 𑄌𑄬𑄃𑄨 𑄚𑄧 𑄗𑄬𑄚𑄬𑄃𑄨 𑄚𑄨𑄎𑄧 𑄃𑄃𑄮𑄎𑄬, 𑄚𑄨𑄎𑄧𑄢𑄴 𑄉𑄧𑄢𑄧𑄎𑄬 𑄃𑄪𑄎𑄬 𑄃𑄬𑄝𑄢𑄴 𑄝𑄬𑄇𑄴𑄇𑄪𑄚𑄧𑄢𑄴 𑄃𑄨𑄙𑄪 𑄇𑄪𑄎𑄮𑄣𑄨 𑄗𑄬𑄣𑄧।","স্বর্গে মানুষের মুখগুলো একা একা থাকে না,নিজের গরজে সবাই এখানে লুকিয়ে থাকল"
𑄥𑄪𑄚𑄚𑄪 𑄃𑄨𑄚𑄴𑄎𑄬𑄝𑄴 𑄌𑄋𑄴𑄟,কানে না শোনা
𑄃𑄬𑄖𑄴𑄗𑄬 𑄃𑄬𑄣𑄧 𑄝𑄬𑄙𑄧𑄇𑄳𑄠𑄬।,. আসতেছে অনেক
𑄖𑄬 𑄃𑄨𑄇𑄴𑄇𑄬 𑄞𑄢𑄨 𑄚𑄙।,সে এখন অনেক নাছো
𑄟𑄚𑄴𑄌𑄮 𑄊𑄧𑄢𑄧𑄖𑄴 𑄇𑄟𑄴 𑄚𑄧 𑄉𑄧𑄢𑄴𑄣𑄬 𑄖 𑄛𑄬𑄘𑄧𑄖𑄴 𑄞𑄖𑄴 𑄚𑄧 𑄛𑄧𑄢𑄬।,মারমাদের বািতে কাজ না করলে তার পেটে ভাত পরে না
𑄘𑄨𑄚𑄬 𑄃𑄚𑄨 𑄘𑄨𑄚𑄬 𑄈𑄠𑄴।,প্রতিদিন খাওা
𑄃𑄉𑄬𑄘𑄨 𑄖𑄢𑄴 𑄊𑄧𑄢𑄴 𑄉𑄨𑄢𑄨𑄖𑄴𑄖𑄨 𑄘𑄧𑄛𑄴𑄘𑄧𑄝 𑄃𑄬𑄣𑄧/ 𑄃𑄬𑄣𑄧 𑄗𑄚𑄬𑄗𑄧𑄟𑄧𑄉𑄬।,তার বািটা বন্ধ হেছে/আসছে
𑄡𑄨𑄠𑄬𑄚𑄴 𑄦𑄖𑄴 𑄘𑄬 𑄥𑄨𑄠𑄚𑄴 𑄛𑄠𑄴।,যে হাত দে সেটা পাওা যা
𑄖𑄢𑄴 𑄃𑄬𑄇𑄴𑄇𑄱 𑄉𑄧𑄢𑄨 𑄚𑄙𑄪𑄇𑄴𑄖𑄪𑄇𑄳𑄠 𑄏𑄨 𑄃𑄧𑄥𑄪𑄇𑄴 𑄦𑄧𑄚𑄢𑄴 𑄎𑄉𑄎𑄧𑄟𑄨 𑄝𑄬𑄇𑄴 𑄝𑄨𑄎𑄨 𑄛𑄬𑄣𑄧।,তার একনাগাে নাচ করার জাগাটা সব গুো হলো
𑄖𑄢 𑄃𑄘𑄟𑄧𑄖𑄴 𑄝𑄬𑄉𑄬 𑄎𑄧𑄁𑄎𑄧𑄁 𑄉𑄧𑄢𑄨 𑄌𑄧𑄣𑄧𑄘𑄧𑄚𑄴।,তাদের গ্রামের মানুষরা ব ব করে চলে
𑄝𑄬𑄉𑄧 𑄊𑄧𑄢𑄴 𑄉𑄨𑄢𑄨 𑄗𑄚𑄬𑄗𑄧𑄟𑄧𑄉𑄬।,বোর বািটা বন্ধ হেছে
𑄝𑄬𑄙𑄧𑄇𑄳𑄠𑄬 𑄡𑄧𑄇𑄴𑄇𑄬 𑄗𑄉𑄧𑄠𑄳𑄠 𑄃𑄬𑄣𑄧 𑄝𑄬𑄇𑄴𑄇𑄪𑄚𑄧𑄢𑄬 𑄛𑄢𑄴𑄎𑄢𑄴 𑄌𑄣𑄬 𑄘𑄬।,"সবাই যখন থাকে,সবাইকে সালাম দে"
𑄇𑄧𑄚𑄧 𑄎𑄧𑄚𑄬 𑄗𑄬𑄉𑄧𑄖𑄴 𑄛𑄧𑄢𑄴𑄣𑄬 𑄢𑄖𑄬 𑄡𑄨𑄁𑄢𑄨 𑄛𑄢𑄬 𑄃𑄬𑄎𑄣𑄴 𑄘𑄨𑄘𑄧।,কোন লোক বিপদে পলে রাতে দৌে আসতে পারে
𑄃𑄬𑄙𑄧𑄇𑄳𑄠𑄬 𑄉𑄧𑄢𑄨 𑄘𑄮𑄣𑄴 𑄃𑄬𑄇𑄴𑄈𑄚𑄴 𑄃𑄘𑄟𑄴 𑄝𑄚𑄨𑄣𑄇𑄴।,এত সুন্দর একটা গ্রাম বানালো
𑄇𑄧𑄚𑄧 𑄎𑄧𑄚𑄬 𑄖𑄬𑄋 𑄘𑄪𑄇𑄳𑄠𑄬 𑄌𑄉𑄪𑄢𑄨 𑄙𑄧𑄢𑄨 𑄚𑄧 𑄛𑄢𑄨𑄣𑄬 𑄝𑄬𑄙𑄧𑄇𑄳𑄠𑄬 𑄃𑄨𑄙𑄪 𑄖𑄬𑄋 𑄌 𑄃𑄬𑄘𑄇𑄴।,কোন জনে টাকা খরচ করতে না পারলে অনেক লোক এখানে টাকা চা
𑄃 𑄝𑄬𑄙𑄧𑄇𑄳𑄠𑄬𑄠𑄳𑄠𑄧 𑄖𑄠𑄴𑄘𑄳𑄠 𑄛𑄧𑄇𑄴𑄇𑄬 𑄚 𑄚𑄧 𑄉𑄧𑄢𑄬।,"এত ব, এত ব"
𑄃𑄨𑄇𑄴𑄇𑄬 𑄃𑄘𑄟𑄳𑄠𑄃𑄪𑄚𑄴 𑄝𑄬𑄉𑄬 𑄌𑄉𑄪𑄢𑄨 𑄝𑄧𑄣 𑄃 𑄎𑄉𑄎𑄟𑄨𑄠𑄬 𑄗𑄬𑄛𑄴𑄗𑄬𑄛𑄳𑄠।,এখন গ্রামের মানুষরা দ্রুত জাগা যাচ্ছে
"𑄖𑄢𑄴 𑄘𑄧 𑄟𑄙𑄖𑄴 𑄖𑄚𑄨𑄣𑄬 𑄗𑄬𑄋𑄧𑄖𑄴 𑄚𑄬𑄃𑄨, 𑄗𑄬𑄋𑄧𑄖𑄴 𑄖𑄚𑄨𑄣𑄬 𑄟𑄙𑄖𑄴 𑄚𑄬𑄃𑄨।","তার তো মাথা টোকা দিলে পাে নেই, পাে টোকা দিলে মাথা নেই"
"𑄇𑄧𑄙 𑄃𑄊𑄬- 𑄉𑄧𑄢𑄬𑄋𑄴 𑄟𑄧𑄢𑄮𑄁𑄋𑄮 𑄌𑄧𑄢𑄴 𑄦𑄧𑄠𑄴, 𑄌𑄧𑄢𑄴 𑄟𑄧𑄢𑄮𑄁𑄋𑄮 𑄉𑄧𑄢𑄬𑄋𑄴 𑄦𑄧𑄠𑄴।",কথা আছে- করে ব ব হেছে
𑄃𑄨𑄇𑄴𑄇𑄬 𑄝𑄬𑄙𑄧𑄇𑄳𑄠𑄬 𑄖 𑄏𑄨𑄝𑄱𑄢𑄬 𑄌𑄨𑄇𑄨𑄥𑄳𑄠 𑄉𑄧𑄖𑄴𑄖𑄬 𑄉𑄧𑄖𑄴𑄖𑄬 𑄝𑄬𑄇𑄴 𑄦𑄖𑄴 𑄏𑄢 𑄦𑄧𑄣𑄧।,এখন তার ঝিিটা সব হাত ঝািেছে
𑄃 𑄖 𑄏𑄨𑄝𑄱𑄢𑄬𑄠𑄳𑄠𑄧 𑄝𑄎𑄬 𑄚𑄧 𑄛𑄢𑄬।,সে তার ঝিিে বাজতে পারে না
𑄙𑄧𑄚𑄬 𑄎𑄧𑄚𑄬 𑄝𑄬𑄇𑄴 𑄚𑄌𑄴 𑄦𑄧𑄣𑄧।,ধনে জনে সব নাচ হলো
𑄃𑄨𑄇𑄴𑄇𑄬 𑄟𑄚𑄴𑄎𑄮𑄢𑄴 𑄊𑄧𑄢𑄧𑄖𑄴 𑄇𑄟𑄴 𑄚𑄧 𑄉𑄧𑄢𑄨𑄣𑄬 𑄛𑄬𑄘𑄧𑄖𑄴 𑄞𑄖𑄴 𑄚𑄧 𑄛𑄢𑄬।,আজকে মেেদের বািতে কাজ না করলে পেটে ভাত পারে না
𑄖𑄢𑄬 𑄃𑄨𑄇𑄴𑄇𑄬 𑄇𑄧𑄚𑄧 𑄎𑄧𑄚𑄬 𑄘𑄧𑄠𑄬 𑄉𑄧𑄢𑄨𑄠𑄬 𑄚𑄬𑄃𑄨।,তাকে এখন কেউ দা করে নাই
𑄃𑄘𑄟𑄳𑄠 𑄟𑄚𑄪𑄌𑄴𑄃𑄪𑄚𑄴 𑄛𑄧𑄖𑄴𑄖𑄨𑄇𑄴 𑄝𑄧𑄎𑄧𑄢𑄴 𑄃𑄘𑄟𑄧 𑄇𑄨𑄠𑄮𑄋𑄧𑄖𑄴 𑄚𑄧 𑄃𑄧𑄃𑄨 𑄛𑄧𑄢𑄧 𑄃𑄘𑄟𑄧 𑄇𑄨𑄠𑄮𑄋𑄧𑄖𑄴 𑄘𑄚𑄴 𑄙𑄧𑄢𑄴𑄟𑄧 𑄃 𑄛𑄧𑄖𑄴𑄖𑄨𑄇𑄴 𑄝𑄧𑄏𑄧𑄢𑄴 𑄎𑄨𑄘𑄬𑄎𑄨𑄖𑄴𑄢𑄬 𑄉𑄧𑄢𑄨 𑄇𑄧𑄒𑄨𑄚𑄴 𑄌𑄨𑄝𑄧𑄢𑄴 𑄘𑄚𑄴 𑄉𑄧𑄢𑄨 𑄘𑄳𑄠𑄪𑄚𑄴।,গ্রামের মানুষরা অনেক ব বছর গ্রামে থাকে না
𑄣𑄇𑄴 𑄣𑄇𑄴 𑄖𑄬𑄋 𑄘𑄚𑄴 𑄉𑄧𑄢𑄧𑄚𑄴।,.লবনাক্ত টাকা দান করে
𑄖𑄢𑄢𑄴 𑄇𑄠𑄴 𑄝𑄬𑄙𑄧𑄇𑄳𑄠𑄬𑄢𑄬 𑄃𑄬𑄇𑄴𑄇𑄠𑄳𑄠𑄧 𑄌𑄮𑄊𑄧𑄖𑄴 𑄚𑄧 𑄝𑄎𑄚𑄴।,তাদের কাকা সবাইকে একটু দেখে না
𑄃𑄧𑄗𑄧𑄌𑄧 𑄃𑄧𑄠𑄧𑄚𑄧𑄖𑄴 - 𑄖𑄧𑄠𑄧𑄚𑄧𑄖𑄴 𑄖𑄢𑄢𑄴 𑄇𑄟𑄧𑄖𑄴 𑄝𑄬𑄙𑄧𑄇𑄳𑄠𑄬 𑄣𑄉𑄬।,"তবুও, তবুও, তবুও তাদের কাজে অনেক ব লাগে"
"𑄉𑄪𑄢𑄧𑄝𑄱 𑄦𑄧𑄣𑄬 𑄝𑄬𑄙𑄧𑄇𑄳𑄠𑄬, 𑄝𑄪𑄢𑄧𑄝𑄱 𑄦𑄧𑄣𑄬 𑄝𑄬𑄙𑄧𑄇𑄳𑄠𑄬, 𑄃𑄨𑄠𑄚𑄴 𑄉𑄧𑄢𑄴, 𑄃𑄪𑄝𑄚𑄴 𑄉𑄧𑄢𑄴।","গুরুজন হলে অনেক,বুো হলে অনেক,এইটা করো,ওটা করো"
"𑄎𑄪𑄢𑄧 𑄇𑄝, 𑄍𑄉𑄧𑄣𑄴 𑄇𑄝 𑄝𑄬𑄇𑄴𑄇𑄚𑄨 𑄝𑄬𑄙𑄧𑄇𑄳𑄠𑄬 𑄉𑄧𑄢𑄨 𑄛𑄠𑄴।","জুের কাবা,ছাগলের কাবা সবগুলো সমান করে পাওা যা"
𑄇𑄨𑄠𑄮𑄋𑄧𑄖𑄴 𑄉𑄬𑄣𑄬 𑄝𑄬𑄇𑄴 𑄝𑄧𑄣𑄧 𑄇𑄟𑄚𑄨 𑄖𑄢𑄬 𑄝𑄎𑄬 𑄘𑄨𑄘𑄇𑄴।,কোথা গেলে সব বল করে তাকে দে
𑄢𑄇𑄴 𑄛𑄚𑄨 𑄉𑄧𑄢𑄨 𑄡𑄬 𑄡𑄨𑄠𑄬𑄚𑄴 𑄝𑄎𑄬 𑄘𑄳𑄠𑄪𑄚𑄴 𑄥𑄨𑄠𑄚𑄴 𑄉𑄧𑄢𑄬।,.রেক পানি করে যে মেশিনটা বেজে যা
𑄃𑄬𑄇𑄴𑄘𑄨𑄚𑄴 𑄝𑄬𑄙𑄧𑄇𑄳𑄠𑄬 𑄟𑄧𑄚𑄬 𑄟𑄧𑄚𑄬 𑄦𑄞𑄨𑄣𑄳𑄠𑄌𑄴 𑄈𑄢𑄴- 𑄃𑄂 𑄃𑄨𑄠𑄚𑄴 𑄇𑄧𑄠𑄴 𑄟𑄚𑄬𑄃𑄨 𑄎𑄨𑄁𑄇𑄚𑄨!,এক দিন সব মনে মনে হাত দিে চা-এইটা কটা?
𑄟𑄪𑄃𑄨 𑄡𑄧𑄇𑄴𑄇𑄬 𑄈𑄬𑄃𑄨 𑄘𑄬𑄃𑄨 𑄛𑄌𑄴𑄍𑄮𑄁 𑄥𑄧𑄇𑄴𑄇𑄬 𑄇𑄢𑄧𑄢𑄬 𑄇𑄪𑄣𑄨 𑄚𑄧 𑄉𑄧𑄢𑄧𑄁।,.আমি যখন খোল করি কাউকে কুলি করিও না
𑄥𑄬 𑄛𑄦𑄮𑄖𑄴𑄖𑄨 𑄃𑄨𑄇𑄴𑄇𑄬 𑄛𑄋𑄧𑄢𑄴।,সে পাহািটা এখন পা
𑄡𑄢𑄬 𑄡𑄨𑄋𑄨𑄢𑄨 𑄛𑄢𑄧𑄁 𑄃𑄬𑄎𑄣𑄴 𑄘𑄨𑄣𑄪𑄁।,.যেকে আমি সাথে সাথে আসলাম
𑄃𑄨𑄇𑄴𑄇𑄬 𑄟𑄧𑄢𑄴 𑄚𑄬𑄃𑄨 𑄇𑄢𑄧𑄢𑄴 𑄃𑄬𑄎𑄣𑄴 𑄛𑄚 𑄘𑄪𑄢𑄧 𑄇𑄧𑄙 𑄚𑄋𑄴𑄠𑄳𑄠𑄧 𑄚𑄧 𑄊𑄨𑄚𑄧𑄚𑄴।,এখন আমার কারো আসার সম কথা শুনতে ইচ্ছে করে না
"𑄟𑄖𑄴𑄖𑄧𑄢𑄴 𑄝𑄬𑄙𑄧𑄇𑄳𑄠𑄬 𑄇𑄢𑄧𑄢𑄬 𑄝𑄧𑄢𑄴 𑄇𑄧𑄙 𑄚𑄧 𑄇𑄧𑄠𑄴, 𑄉𑄬𑄃𑄨𑄣𑄴 𑄚𑄧 𑄘𑄬।",".মানুষ বেশি কাউকে ব কথা বলে না,গেও না"
𑄝𑄚 𑄚𑄨𑄎𑄧 𑄞𑄉𑄳𑄠𑄧𑄢𑄬 𑄘𑄪𑄌𑄴 𑄘𑄬।,শুধু নিজের ভাগ দো
"𑄇𑄧𑄠𑄴, 𑄖𑄬𑄋 𑄛𑄧𑄠𑄴𑄎𑄬𑄃𑄪𑄚𑄴 𑄡𑄪𑄚𑄨 𑄟𑄚𑄴𑄎𑄮𑄢𑄬 𑄚𑄧 𑄘𑄨𑄚𑄬𑄃𑄨 𑄝𑄬𑄁𑄉𑄧𑄖𑄴 𑄎𑄧𑄟 𑄘𑄨𑄘𑄪𑄁 𑄙𑄮𑄃𑄨 𑄙𑄮𑄃𑄨 𑄈𑄬𑄘𑄪𑄁 𑄈𑄬𑄃𑄨 𑄚𑄧 𑄛𑄪𑄢𑄬𑄣𑄪𑄋𑄪𑄚𑄴।","ক,টাকা-পয়সা সব শেষ করে দো যা না"
𑄃𑄬𑄙𑄧𑄇𑄳𑄠 𑄉𑄧𑄢𑄨 𑄢𑄬𑄖𑄴 𑄊𑄪𑄟𑄧𑄖𑄴 𑄛𑄧𑄢𑄨𑄣𑄬 𑄘𑄳𑄦𑄨 𑄚𑄬𑄇𑄴 𑄟𑄮𑄉𑄬 𑄦𑄞𑄨𑄣𑄳𑄠𑄌𑄴 𑄈𑄚𑄴।,এত করে রাতে ঘুমাইলে দুইজনে হাত দিে ভাত খা
𑄃𑄬𑄇𑄴𑄘𑄨𑄚𑄴 𑄦𑄧𑄣𑄧 𑄇𑄨!,এক দিন হলো কি!
𑄥𑄳𑄦𑄧𑄢𑄴𑄉𑄧𑄖𑄴𑄖𑄪𑄚𑄴 𑄃𑄬𑄇𑄴𑄇𑄱 𑄘𑄪𑄖𑄴 𑄃𑄬𑄣𑄧।,পাশ থেকে একটা ধাক্কা আসলো
"𑄥𑄬 𑄃𑄘𑄣𑄟𑄳𑄠𑄃𑄪𑄚𑄧𑄢𑄬 𑄘𑄉𑄨 𑄇𑄧𑄣𑄧- 𑄖𑄪𑄟𑄨𑄘𑄧 𑄛𑄧𑄖𑄴𑄖𑄨𑄇𑄴 𑄝𑄧𑄏𑄧𑄢𑄴 𑄘𑄚𑄴 𑄙𑄧𑄢𑄴𑄟𑄧 𑄉𑄧𑄢𑄧, 𑄇𑄪𑄢𑄧 𑄥𑄪𑄉𑄧𑄢𑄴 𑄚𑄧 𑄇𑄝𑄧, 𑄥𑄬𑄚𑄧𑄖𑄳𑄠 𑄥𑄳𑄦𑄧𑄢𑄴𑄉𑄧 𑄛𑄧𑄖𑄴𑄖𑄚𑄴 𑄈𑄪𑄣𑄧 𑄘𑄨𑄠𑄳𑄠 𑄦𑄧𑄠𑄳𑄠।","সে এলাকার মানুষদের ডেকে বলো-তোমরা অনেক বছর ধর্ম করো,কুালের গর্তটা বন্ধ করে দাও"
𑄃𑄨𑄇𑄴𑄇𑄬 𑄖𑄪𑄟𑄨 𑄥𑄳𑄦𑄧𑄢𑄴𑄉𑄧𑄖𑄴 𑄡𑄬𑄃𑄨 𑄛𑄢𑄨𑄝।,এখন তোমরা সৈকতে যেতে পারবে
𑄃𑄬 𑄇𑄧𑄙 𑄥𑄪𑄚𑄨 𑄃𑄘𑄟𑄳𑄠𑄃𑄪𑄚𑄴 𑄈𑄪𑄎𑄨।,এই কথা শুনে গ্রামের মানুষরা খুশি
𑄝𑄚 𑄝𑄬𑄙𑄧𑄇𑄳𑄠𑄬 𑄍𑄚 𑄞𑄪𑄢𑄧𑄖𑄴 𑄝𑄮𑄃𑄨 𑄘𑄝𑄝𑄱 𑄇𑄚𑄴𑄎𑄝𑄖𑄴 𑄘𑄨𑄚𑄬𑄃𑄨 𑄃𑄟𑄧𑄇𑄴 𑄉𑄧𑄢𑄨 𑄝𑄮𑄃𑄨 𑄃𑄊𑄬।,.শুধু অনেক গুলো ছানা ভুে বুো করে আছে।
"𑄝𑄬𑄇𑄴𑄇𑄪𑄚𑄬 𑄙𑄝 𑄘𑄬𑄘𑄧𑄚𑄴 𑄖𑄖𑄴𑄖𑄪𑄚𑄴 𑄡𑄬 𑄃𑄇𑄴𑄇𑄧𑄣𑄴, 𑄖𑄖𑄴𑄖𑄪𑄚𑄴 𑄡𑄬 𑄃𑄇𑄴𑄇𑄧𑄣𑄴 𑄉𑄧𑄢𑄨।",সবাই দৌাদৌি করতেছে তার থেকে যে আলাদা
𑄃𑄨𑄚𑄴𑄘𑄨 𑄖𑄢 𑄇𑄧𑄖𑄴𑄖𑄧𑄟𑄚𑄴 𑄙𑄢𑄴𑄟𑄨𑄇𑄴 𑄛𑄧𑄢𑄨𑄇𑄴𑄈𑄬 𑄉𑄧𑄢𑄨𑄝𑄖𑄴𑄖𑄬 𑄥𑄧𑄠𑄧𑄁 𑄉𑄮𑄎𑄬𑄚𑄬 𑄣𑄟𑄴𑄟𑄬।,এখানে তারা অনেক ধর্ম পালন করতেছে
𑄛𑄧𑄘𑄧 𑄇𑄠𑄴 𑄃𑄬𑄇𑄴𑄇𑄱 𑄟𑄧𑄢 𑄉𑄧𑄢𑄪𑄣𑄮𑄃𑄨 𑄝𑄬𑄘 𑄘𑄨𑄣𑄧।,পাহাের কেকটা মরা গরুকে বোই দিল
𑄖𑄢 𑄌𑄮𑄊𑄬𑄘𑄨 𑄘𑄬𑄊𑄧𑄚𑄴- 𑄛𑄪𑄘𑄧𑄖𑄴𑄖𑄪𑄚𑄴 𑄃𑄬𑄇𑄴𑄇𑄱 𑄝𑄪𑄢𑄮 𑄟𑄚𑄪𑄌𑄴 𑄇𑄎𑄨 𑄙𑄧𑄢𑄨𑄚𑄬𑄃𑄨 𑄉𑄧𑄢𑄪𑄝𑄱𑄢𑄬 𑄖𑄚𑄨 𑄖𑄪𑄣𑄨𑄝𑄢𑄴 𑄌𑄢𑄴 𑄟𑄖𑄴𑄖𑄧𑄢𑄴 𑄚𑄧 𑄛𑄢𑄬𑄢𑄴।,তাদের চোখে দেখা যা-পুে এক বুো লোক গরুটাকে তুলতে চার হাজার টাকা পারে না
𑄇𑄢𑄧𑄢𑄴 𑄝𑄧𑄣𑄴 𑄛𑄬𑄣𑄬 𑄉𑄧𑄢𑄪𑄝𑄱𑄢𑄬 𑄛𑄪𑄘𑄮𑄖𑄴𑄖𑄪𑄚𑄴 𑄖𑄪𑄣𑄨 𑄛𑄢𑄨𑄝𑄧 𑄟𑄖𑄴𑄖𑄧𑄢𑄴 𑄇𑄧𑄚𑄧 𑄎𑄧𑄚𑄬 𑄖𑄢 𑄝𑄧𑄣𑄴 𑄘𑄨𑄝𑄢𑄴 𑄉𑄧𑄢𑄧𑄌𑄴 𑄟𑄧𑄚𑄬 𑄚𑄧 𑄉𑄧𑄢𑄧𑄚𑄴।,কার শক্তি পেলে গরুটিকে উঠান থেকে তুলে নিতে পারবে কিন্তু কেউ মনে করে না
𑄝𑄚 𑄥𑄳𑄦𑄧𑄢𑄴𑄉𑄧 𑄟𑄧𑄇𑄴𑄇𑄬 𑄙𑄝 𑄘𑄬𑄘𑄧𑄚𑄴।,শুধু পাশের মেেকে দৌে দে
𑄝𑄬𑄉𑄧 𑄥𑄬𑄎𑄬 𑄝𑄬𑄙𑄧𑄇𑄳𑄠𑄬𑄘𑄊𑄨 𑄖𑄢 𑄘𑄳𑄦𑄨 𑄎𑄧𑄚𑄬 𑄥𑄨𑄡𑄮𑄖𑄴 𑄣𑄪𑄟𑄨𑄣𑄇𑄴।,বোই করে তারা দুইজনে সেখানে পৌঁছে গেল
"𑄖𑄢𑄠𑄳𑄠𑄧 𑄘𑄬𑄊𑄧𑄘𑄧𑄚𑄴 𑄃𑄬𑄇𑄴𑄇𑄱 𑄝𑄪𑄢𑄧 𑄟𑄚𑄪𑄌𑄴 𑄃𑄬𑄇𑄴𑄇𑄱 𑄉𑄧𑄢𑄪 𑄇𑄎𑄨 𑄙𑄧𑄢𑄨 𑄛𑄪𑄘𑄮𑄖𑄴𑄖𑄪𑄚𑄴 𑄖𑄪𑄣𑄨𑄝𑄢𑄴 𑄌𑄢𑄴, 𑄖𑄪𑄣𑄨 𑄚𑄧 𑄛𑄢𑄬𑄢𑄴 𑄘𑄨𑄊𑄨 𑄇𑄨𑄎𑄬𑄈𑄨𑄎𑄳𑄠 𑄉𑄧𑄢𑄨 𑄡𑄬𑄃𑄨 𑄖𑄢 𑄝𑄪𑄎𑄳𑄠𑄢𑄬 𑄝𑄧𑄣𑄴 𑄘𑄨𑄣𑄇𑄴।","তারা দেখতেছে একদল বুো মানুষ একটা গরু ধরে তুলছে, তুলতে পারে না দিঘিটা কীজানি করে যে তারা বুঝবে"
𑄖𑄢𑄢𑄴 𑄝𑄧𑄣𑄴 𑄛𑄬𑄚𑄬𑄃𑄨 𑄝𑄪𑄎𑄳𑄠 𑄉𑄧𑄢𑄪𑄝𑄱𑄢𑄬 𑄛𑄧𑄘𑄮𑄖𑄴𑄖𑄪𑄚𑄴 𑄖𑄪𑄣𑄨 𑄛𑄢𑄨𑄣𑄧।,তারা বল পেে বুজা গরুটাকে পাের থেকে তুলতে পারল
𑄝𑄪𑄎𑄳𑄠 𑄖𑄢𑄢𑄬 𑄝𑄧𑄢𑄴 𑄘𑄨𑄣𑄧।,বুোটা তাদেরকে আশীর্বাদ করলো
𑄃 𑄇𑄧𑄣𑄧 𑄖𑄪𑄟𑄨 𑄥𑄳𑄦𑄧𑄢𑄴𑄉𑄧𑄖𑄴 𑄚𑄧 𑄡𑄨𑄠𑄮 𑄊𑄧𑄢𑄧𑄖𑄴 𑄜𑄨𑄢𑄨 𑄡𑄧।,.আবোল তাবোল কথা বলে বািতে ফিরে যাও
𑄖𑄢 𑄝𑄎𑄳𑄠 𑄇𑄧𑄙𑄣𑄮𑄃𑄨 𑄊𑄧𑄢𑄧𑄖𑄴 𑄜𑄨𑄢𑄨 𑄃𑄬𑄣𑄇𑄴।,তাদের বাির কথা ফিরে আসলো
𑄃𑄨𑄚𑄴𑄘𑄨 𑄡𑄢 𑄥𑄳𑄦𑄧𑄢𑄴𑄉𑄧𑄖𑄴 𑄡𑄘𑄧𑄚𑄴 𑄖𑄢𑄢𑄴 𑄃𑄙 𑄛𑄧𑄘𑄧𑄖𑄴 𑄊𑄪𑄢𑄴𑄊𑄌𑄳𑄠 𑄃𑄚𑄴𑄙𑄢𑄴 𑄢𑄬𑄖𑄴 𑄣𑄟𑄨 𑄃𑄬𑄣𑄧।,এখানে যারা রাস্তায় যাচ্ছে তারা মাঝপথে রাত নেমে আসলো
𑄝𑄧𑄢𑄴 𑄝𑄮𑄃𑄨𑄠𑄬𑄢𑄴 𑄝𑄳𑄦𑄢𑄴।,ব ব
𑄌𑄮𑄇𑄇𑄴 𑄌𑄮𑄇𑄴 𑄘𑄬𑄝𑄇𑄣।,১. চোখ বন্ধ করা; ২. চোখ বন্ধ করা
"𑄃𑄉𑄌𑄴 𑄝𑄮𑄟𑄢𑄴, 𑄛𑄬𑄘𑄧 𑄖𑄨𑄣𑄮𑄃𑄨 𑄇𑄝𑄬 𑄥𑄧𑄁।","এক জাতী বোমা,পেটের টিলিে কাটার সম"
𑄝𑄬𑄇𑄴𑄇𑄪𑄚𑄬 𑄡𑄬 𑄡𑄨𑄚𑄴𑄘𑄨 𑄌𑄮𑄉𑄧 𑄛𑄳𑄦𑄧𑄢𑄴 𑄘𑄬𑄊𑄬 𑄛𑄧𑄢𑄚𑄴 𑄖𑄮𑄢𑄬𑄝𑄖𑄴𑄖𑄬 𑄙𑄬𑄃𑄨 𑄉𑄬𑄣𑄇𑄴।,সবাই যে যেদিকে চোখের পলক পে গেল
"𑄚𑄬𑄉𑄬 𑄟𑄮𑄉𑄬 𑄜𑄢𑄧𑄇𑄴, 𑄝𑄝𑄬-𑄛𑄪𑄘𑄬, 𑄟-𑄏𑄨𑄠𑄬 𑄦𑄢𑄦𑄢𑄨 𑄦𑄮𑄃𑄨 𑄥𑄬𑄎𑄬 𑄝𑄬𑄉𑄬 𑄃𑄘𑄟𑄧𑄖𑄴 𑄜𑄨𑄢𑄨 𑄃𑄬𑄣𑄇𑄴।","নেে মেে আলাদা, বেে-বেে ঘুরে বেে গ্রামে ফিরে আসলো"
𑄥𑄳𑄦𑄧𑄢𑄴𑄉𑄧𑄖𑄴 𑄡𑄚 𑄖𑄢𑄢𑄴 𑄥𑄨𑄠𑄮𑄖𑄴 𑄗𑄪𑄟𑄴 𑄦𑄧𑄣𑄧।,কাছাকাছি যাওা তাদের সেখানে শেষ হলো
𑄊𑄧𑄢𑄧𑄖𑄴 𑄜𑄨𑄢𑄨 𑄚𑄚𑄚𑄴 𑄃𑄧𑄥𑄇𑄴-𑄝𑄨𑄥𑄪𑄉𑄬 𑄖𑄢𑄢𑄴 𑄊𑄧𑄢𑄴 𑄉𑄨𑄢𑄨𑄖𑄴𑄖𑄨 𑄢𑄧𑄎𑄖𑄴𑄖𑄣𑄬 𑄛𑄧𑄢𑄨 𑄡𑄬𑄣𑄧।,বািে ফিরে নানান অসুবিধার মধ্যে তাদের বািটা রে গেল
𑄝𑄬𑄇𑄴𑄇𑄪𑄚𑄴 𑄙𑄬𑄝𑄣𑄳𑄠 𑄦𑄮𑄃𑄨 𑄃𑄊𑄧𑄚𑄴।,সবাই ডুবে আছে
𑄝𑄬𑄙𑄇𑄳𑄠𑄬 𑄉𑄮𑄎𑄬𑄚𑄧 𑄝𑄧𑄢𑄬 𑄘𑄮𑄣𑄴 𑄥𑄧𑄁𑄥𑄢𑄴 𑄗𑄨𑄘𑄧 𑄦𑄧𑄣𑄧 𑄃𑄊𑄧𑄥𑄚𑄴।,সব পরিষ্কার করে সুন্দর সংসার হেছে
𑄥𑄪𑄚𑄚𑄪 𑄘𑄨𑄛𑄧𑄚 𑄌𑄋𑄴𑄟,.সুঁচালো দুই পাচা
𑄃𑄉𑄧 𑄛𑄧𑄠𑄴𑄙𑄬 𑄛𑄧𑄢𑄴: 𑄚𑄧 𑄟𑄘𑄨 𑄗𑄬𑄣𑄬 𑄚𑄨𑄣𑄮𑄌𑄴 𑄉𑄪𑄢𑄨 𑄉𑄪𑄢𑄨 𑄟𑄘𑄠𑄴।,আগে পার পর: না মাটিতে থাকলে নীল গুো করে মাটি
"𑄡𑄨𑄙𑄪 𑄡𑄬𑄘𑄧𑄥𑄖𑄴, 𑄡𑄬 𑄉𑄧𑄖𑄴𑄧𑄥𑄖𑄴 𑄇𑄨𑄌𑄴𑄪 𑄚𑄧 𑄇𑄧𑄠𑄴।","যেখানে সেখানে, যেখানে সেখানে কিছুই বলে না"
"𑄦𑄝 𑄊𑄧𑄢𑄧 𑄇𑄟𑄴 𑄚𑄧 𑄉𑄧𑄢𑄬, 𑄖𑄬𑄋 𑄛𑄧𑄠𑄴𑄎𑄳𑄠 𑄚𑄧 𑄇𑄟𑄠𑄴।",".হাবা বাির কাজ করে না,টাকা উপার্জন করে না"
𑄈𑄧𑄢𑄧𑄌𑄴 𑄝𑄨𑄢𑄮𑄌𑄴 𑄘𑄨 𑄚𑄧𑄛𑄢𑄬।,খরচ বহন করতে পারে না
𑄟𑄐𑄴𑄎𑄮𑄖𑄴𑄪𑄚𑄴 𑄣𑄪𑄣𑄧𑄁 𑄉𑄪𑄢𑄨 𑄉𑄪𑄢𑄨 𑄇𑄠𑄴।,মাটি থেকে বের হে যাওা যা
𑄢𑄧𑄖𑄴𑄝𑄧𑄣𑄴 𑄗𑄬𑄚𑄬𑄭।,রোদ পোহানো
𑄇𑄟𑄬𑄝𑄢𑄴 𑄥𑄬𑄘𑄟𑄴 𑄗𑄬𑄚𑄬𑄭 𑄇𑄨𑄖𑄴𑄬 𑄟𑄐𑄴𑄎𑄮 𑄘𑄮𑄠𑄬 𑄚𑄨𑄚𑄬 𑄝𑄎𑄨 𑄗𑄚।,কাজে যাওার সম থেকে মেেটা নিে বেঁচে থাকা
𑄣𑄬𑄝𑄴𑄣𑄬𑄝𑄨 𑄟 𑄥𑄨𑄠𑄚𑄨 𑄥𑄧𑄌𑄴𑄎𑄳𑄠𑄧 𑄉𑄪𑄢𑄨 𑄚𑄧 𑄛𑄢𑄬।,লেলিে দেওা মা এগুলো সহ্য করতে পারে না
𑄘𑄬𑄊𑄨𑄣𑄬 𑄢𑄇𑄴 𑄃𑄪𑄘𑄬।,.দেখলে রোদ উঠে
"𑄖 𑄚𑄬𑄇𑄴𑄱 𑄣𑄧𑄉𑄬 𑄣𑄧𑄉𑄬 𑄖 𑄚𑄬𑄇𑄴𑄱𑄢𑄬 𑄡𑄨𑄉𑄪𑄌𑄚 𑄇𑄟𑄴 𑄝𑄎𑄬 𑄘𑄳𑄠𑄪𑄚𑄴, 𑄟𑄘𑄧 𑄃𑄎𑄠𑄴 𑄇𑄟𑄴 𑄈𑄚𑄴 𑄥𑄨𑄉𑄪𑄚𑄧𑄢𑄬 𑄝𑄧𑄎𑄧𑄁 𑄇𑄧𑄙 𑄇𑄮𑄃𑄨𑄠𑄬 𑄣𑄬𑄝𑄴𑄣𑄬𑄝𑄨 𑄟।","তার স্বামী সাথে সাথে তার স্ত্রীকে কাজ করতে দে,মা আর ছেলে একসাথে কাজ করে"
"𑄥𑄬𑄚𑄧𑄖𑄳𑄠𑄬 𑄖𑄢𑄬 𑄞𑄣𑄧𑄇𑄴 𑄎𑄧𑄚𑄴 𑄟𑄚𑄴𑄎𑄳𑄠 𑄘𑄬𑄭 𑄚𑄧 𑄛𑄢𑄧𑄚𑄴, 𑄇𑄮𑄌𑄴 𑄚𑄧 𑄛𑄚𑄴।","সে তাকে অনেক জন মানুষ দিতে পারে না, ঘৃণা করে"
𑄥𑄪𑄚𑄴𑄬𑄘𑄬 𑄖𑄢𑄬 𑄞𑄬𑄣𑄬 𑄎𑄪 𑄛𑄬𑄣𑄬 𑄚𑄧 𑄍𑄢𑄨𑄝𑄇𑄴 𑄃𑄬𑄇𑄴𑄘𑄊𑄨𑄠𑄳𑄠।,শুনতেছি তাকে নাকি জুে পেলে ছারবে না
𑄖𑄮𑄣𑄳𑄠 𑄖𑄮𑄉𑄬 𑄖𑄮𑄉𑄬 𑄃𑄊𑄧𑄚𑄴।,তরকারিটা তাাতাি আছে
𑄃𑄬𑄇𑄴𑄈𑄚 𑄎𑄪 𑄛𑄬𑄣𑄬 𑄃𑄬𑄇𑄴 𑄚𑄧𑄇𑄴𑄇𑄪𑄚𑄨𑄃𑄮 𑄚𑄧 𑄍𑄢𑄨𑄝𑄇𑄴।,একটা জুা পেলে একটাও ছারবে না
𑄥𑄬 𑄇𑄧𑄙𑄚𑄨 𑄞𑄝𑄧𑄘𑄬 𑄞𑄝𑄧𑄘𑄬 𑄃𑄙𑄨𑄇𑄳𑄠 𑄉𑄪𑄢𑄨 𑄎𑄧𑄠𑄴𑄎𑄮𑄉𑄢𑄴 𑄥𑄪𑄚𑄮𑄣𑄧।,সে কথাগুলো ভাবতে ভাবতে অনেক ব ব কথা বলতেছে
"𑄙𑄧𑄢𑄧, 𑄟𑄢𑄧, 𑄘𑄪𑄃𑄮 𑄉𑄧𑄖𑄴𑄧𑄚𑄴।","ধর,মার,দুই যাওা"
𑄛𑄮𑄎𑄳𑄠𑄖𑄴𑄪𑄚𑄴 𑄥𑄨𑄢𑄬𑄝𑄱 𑄃𑄣𑄧𑄇𑄴 𑄉𑄪𑄢𑄨𑄚𑄬 𑄇𑄚𑄴 𑄛𑄘𑄨 𑄥𑄪𑄚𑄨 𑄗𑄬𑄚𑄬𑄭 𑄌𑄃𑄨𑄘𑄨 𑄖 𑄚𑄬𑄇𑄴𑄱 𑄢𑄧𑄝𑄱 𑄥𑄪𑄚𑄬।,পাটা মাথার কাছে রেখে কান বন্ধ করে তার স্বামীর কথা শুনতেছে
𑄞𑄇𑄴𑄝𑄇𑄴 𑄜𑄇𑄴𑄜𑄪𑄇𑄴 𑄘𑄬 𑄘𑄨 𑄉𑄧𑄖𑄴𑄧𑄚𑄴।,বাঁশটা ফেটে গেছে
𑄙𑄝 𑄙𑄝 𑄛𑄮𑄎𑄳𑄠𑄖𑄴𑄪𑄚𑄴 𑄃𑄪𑄘𑄨𑄚𑄬 𑄊𑄧𑄢𑄧 𑄞𑄨𑄘𑄨𑄢𑄬𑄖𑄴𑄪𑄚𑄴 𑄚𑄨𑄊𑄨𑄣𑄮।,দৌে দৌে ঘর থেকে বের হে গেল
𑄙𑄧𑄚𑄧𑄉𑄪𑄣𑄮𑄢𑄬 𑄘𑄉𑄨𑄝𑄢𑄴 𑄌𑄬𑄚𑄬𑄃𑄮 𑄝𑄬𑄦𑄣𑄴 𑄉𑄪𑄢𑄨 𑄊𑄪𑄟𑄴 𑄡𑄢𑄴 𑄇𑄨𑄚𑄬 𑄚𑄧 𑄘𑄉𑄨𑄣𑄧।,ধনগুলো ডাকার পরেও ভালোভাবে ঘুমিে গেল না
𑄉𑄠𑄴 𑄉𑄠𑄴 𑄈𑄘𑄨 𑄍𑄢 𑄙𑄝 𑄘𑄨𑄣𑄴 𑄃𑄚𑄴𑄙𑄢𑄬 𑄝𑄚𑄴𑄘𑄢𑄬।,গাে গাে খাদি ছেে দিল অন্ধকারে
𑄣𑄬𑄝𑄴𑄣𑄬𑄝𑄨 𑄟 𑄃𑄚𑄴𑄙𑄢𑄬 𑄝𑄚𑄴𑄙𑄢𑄬 𑄢𑄧 𑄃𑄪𑄚𑄴 𑄃𑄪𑄘𑄨𑄌𑄴 𑄉𑄪𑄢𑄨 𑄉𑄪𑄢𑄨 𑄥𑄬 𑄟𑄪𑄇𑄳𑄠𑄬 𑄙𑄝 𑄘𑄨𑄚𑄬 𑄣𑄪𑄋𑄨𑄣𑄮𑄉𑄮𑄃𑄨।,লেলিে দেওার সমে সে পাে দৌে গেল
𑄡𑄬𑄚𑄬 𑄌𑄠𑄴𑄘𑄨 𑄛𑄪𑄖𑄪𑄣𑄨 𑄟 𑄘𑄊𑄨 𑄊𑄧𑄢𑄧 𑄛𑄨𑄎𑄬𑄚𑄴𑄘𑄨 𑄈𑄟 𑄟𑄪𑄇𑄳𑄠𑄬 𑄎𑄉𑄚𑄧𑄖𑄴 𑄇𑄧𑄠𑄬𑄇𑄴 𑄎𑄧𑄚𑄴 𑄘𑄧𑄣𑄟𑄧𑄎 𑄉𑄪𑄢𑄨 𑄃𑄊𑄧𑄚𑄴।,.যেন চামা দিে পাহাের পাশে কজন লোক গাদাগাদি করে আছে
𑄇𑄢𑄧𑄣𑄮𑄃𑄨 𑄇𑄧𑄚𑄴𑄚 𑄇𑄮𑄎𑄳𑄠𑄝𑄇𑄬𑄣𑄇𑄴 𑄇𑄧𑄚𑄴𑄚 𑄇𑄢𑄨 𑄣𑄧𑄘𑄧𑄚𑄴𑄘𑄨 𑄟𑄳𑄦𑄬𑄖𑄴 𑄛 𑄡𑄢𑄴।,কার সাথে তরকারি নিে যাওা যা
"𑄝𑄚 𑄖 𑄚𑄬𑄇𑄴𑄮 𑄢𑄪𑄝𑄮𑄉𑄪𑄣𑄮 𑄢𑄧𑄝𑄮 𑄥𑄪𑄚𑄬𑄘𑄬, 𑄃𑄮 𑄘, 𑄟𑄪𑄃𑄨 𑄚𑄧 𑄣𑄧𑄁𑄉𑄧।",".শুধু তার ছেলের রুাগুলো শুনতেছে,ও দাদা,আমি শুনতেছি না"
𑄟𑄧𑄢𑄬 𑄇𑄨𑄖𑄴𑄬 𑄥𑄪𑄙𑄮 𑄥𑄪𑄙𑄮 𑄟𑄢𑄧𑄖𑄴𑄬।,আমাকে কেন জিজ্ঞাসা করতেছে
𑄖𑄪𑄃𑄨 𑄣𑄮𑄠𑄮𑄥𑄳𑄠𑄬 𑄇𑄖𑄴𑄮𑄢𑄴 𑄝𑄌𑄴𑄌।,তোরা হলুদ তরকারির বাচ্চা
𑄚𑄧 𑄦𑄧𑄣𑄬 𑄃𑄨𑄠𑄮𑄖𑄴 𑄟𑄢𑄬 𑄜𑄬𑄣𑄬𑄟𑄴 𑄖𑄧𑄢𑄬 𑄬𑄧𑄌𑄳𑄠𑄬।,.না হলে এখানে মেরে ফেলব
𑄣𑄬𑄝𑄴𑄣𑄬𑄝𑄨 𑄟 𑄝𑄪𑄏𑄨 𑄛𑄢𑄨𑄣𑄧 𑄖 𑄚𑄬𑄇𑄴𑄧𑄱𑄢𑄬 𑄙𑄧𑄚 𑄝𑄝𑄬 𑄟𑄢𑄬𑄖𑄴𑄬।,লেলিে দেওা মা মনে হ তার ছেলেকে ধরে মেরে ফেলছে
𑄙𑄝 𑄥𑄨𑄠𑄮𑄖𑄴 𑄡𑄬𑄚𑄬 𑄌𑄠𑄴𑄘𑄨 𑄙𑄧𑄚 𑄝𑄝𑄬 𑄚𑄧 𑄎𑄨𑄝𑄮।,দৌে সেখানে যাওা যা না
𑄖𑄪𑄃𑄮 𑄞𑄮𑄣𑄠𑄳𑄠 𑄟𑄳𑄦𑄬𑄢𑄴 𑄈𑄢𑄴।,তুমি তো ভোলাভালা মার খাও
"𑄣𑄬𑄝𑄴𑄣𑄬𑄝𑄨 𑄟 𑄙𑄧𑄚𑄝𑄝𑄧𑄢𑄬 𑄇𑄪𑄎𑄮𑄣𑄨 𑄉𑄪𑄢𑄨 𑄇𑄧𑄣𑄧, 𑄃 𑄘, 𑄇𑄨 𑄦𑄧𑄠𑄬𑄘𑄬?","লেলিে দেওা বাচ্চাটাকে কুজোলি করে বল,কি হেছে?"
𑄥𑄨𑄠𑄚𑄴 𑄇𑄮𑄚𑄬 𑄙𑄧𑄚𑄝𑄛𑄴 𑄝𑄪𑄉𑄮𑄖𑄴𑄧𑄣𑄬𑄖𑄴𑄪𑄚𑄴 𑄢𑄪𑄝𑄮𑄉𑄪𑄣𑄮𑄢𑄬 𑄗𑄚𑄨𑄝𑄖𑄴𑄬 𑄡𑄬𑄚𑄬 𑄙𑄧𑄚𑄝𑄝𑄬 𑄃𑄬𑄇𑄴𑄮 𑄗𑄬𑄣𑄖𑄴 𑄣𑄬𑄝𑄴𑄣𑄬𑄝𑄨 𑄟𑄢𑄬 𑄃𑄪𑄢𑄬 𑄛𑄬𑄣𑄬𑄠𑄳𑄠𑄉𑄮𑄃𑄨।,.সে কোন ধনী বুো থেকে রুোগুলো চুরি করার জন্য এক পাতিলে লেলিেছিল।
𑄃𑄢𑄧 𑄢𑄪𑄝𑄮𑄉𑄪𑄣𑄮𑄢𑄬 𑄞𑄇𑄴𑄪𑄝𑄇𑄴 𑄘𑄳𑄠𑄬 𑄙𑄧𑄎𑄳𑄠𑄬।,আর রুাগুলোকে বকা দেওা হ
𑄣𑄬𑄝𑄴𑄣𑄬𑄝𑄨 𑄟 𑄝𑄨𑄎𑄨𑄢𑄬 𑄝𑄎𑄢𑄠𑄴 𑄃𑄬𑄇𑄴𑄈𑄚𑄴 𑄛𑄢 𑄘𑄢𑄴𑄝𑄱 𑄣𑄮𑄃𑄨𑄚𑄬 𑄙𑄧𑄚𑄝𑄝𑄧 𑄇𑄋𑄬𑄣𑄧 𑄌𑄬𑄃 𑄙𑄧𑄢𑄧 𑄟𑄧𑄢𑄧 𑄉𑄪𑄢𑄨 𑄟𑄪𑄉𑄮𑄢𑄴 𑄘𑄨𑄣𑄮।,লেলিে দেওার সম একটা পাহাের পাশ দিে এক ছেলে পাহািে দৌে গেল
𑄟𑄪𑄉𑄮𑄢𑄧𑄖𑄴 𑄙𑄧𑄚𑄝𑄝𑄬 𑄇𑄬𑄋𑄧𑄢𑄴 𑄞𑄬𑄋𑄧𑄢𑄴 𑄉𑄪𑄢𑄨 𑄴𑄟𑄘𑄪 𑄈𑄮𑄘 𑄉𑄧𑄢𑄬𑄖𑄴𑄬 𑄥𑄧𑄣𑄖𑄴 𑄢𑄪𑄝𑄮𑄉𑄪𑄣𑄮𑄢𑄬 𑄝𑄪𑄉𑄮𑄖𑄧𑄣𑄬𑄖𑄴𑄪𑄚𑄴 𑄚𑄨𑄊𑄨𑄣𑄬 𑄃𑄚𑄨𑄣𑄇𑄴 𑄟𑄚𑄪𑄌𑄴𑄪𑄚𑄬।,পাহাের ধনগুলো ব ব করে বুোদের কাছ থেকে নিে আসলো মানুষগুলো
"𑄢𑄪𑄝𑄮𑄉𑄪𑄣𑄮 𑄖𑄮𑄘𑄬𑄠𑄳𑄠 𑄖𑄮𑄘𑄬𑄠𑄳𑄠 𑄉𑄧𑄢𑄨 𑄣𑄬𑄝𑄴𑄣𑄬𑄝𑄨 𑄟𑄢𑄬 𑄇𑄧𑄣𑄧, 𑄃𑄨𑄠𑄚𑄴 𑄇𑄨 𑄇𑄟𑄴 𑄉𑄪𑄢𑄨𑄣𑄬𑄘𑄬 𑄣𑄬𑄝𑄴𑄣𑄬𑄝𑄨 𑄟 𑄖𑄪𑄃𑄨?",".রুাগুলো রান্না করে খাওার জন্য বললে,এইটা কি কাজ করো তুমি?"
𑄟𑄧𑄢𑄬 𑄟𑄧𑄚𑄬 𑄇𑄧𑄣𑄬 𑄟𑄢𑄬 𑄜𑄬𑄣𑄮𑄇𑄴।,আমাকে মনে পে মেরে ফেলবে
"𑄣𑄬𑄝𑄴𑄣𑄬𑄝𑄨 𑄟 𑄢𑄧 𑄘𑄋𑄧𑄢𑄴 𑄉𑄪𑄢𑄨 𑄇𑄧𑄣𑄧, 𑄡𑄬 𑄃𑄧𑄝𑄧 𑄃𑄮𑄇𑄴 𑄖𑄬 𑄖𑄧𑄢𑄬 𑄟𑄖𑄴𑄬 𑄟𑄪𑄃𑄨 𑄇𑄨 𑄌𑄬𑄃 𑄗𑄬𑄘𑄁।","লেলিে দেওা মাার শব্দ,যেটা তোমাকে দেখতেছি"
𑄡𑄬 𑄉𑄪𑄢𑄨𑄝𑄮 𑄉𑄮𑄢𑄮𑄇𑄴 𑄇𑄨𑄌𑄴𑄪 𑄚𑄧 𑄘𑄧𑄢𑄋𑄴।,যে বাচ্চাটা কিছুই বোঝে না
𑄇𑄨𑄖𑄴𑄬 𑄢𑄪𑄝𑄮𑄉𑄪𑄣𑄮 𑄖 𑄟𑄮𑄇𑄴𑄮𑄢𑄬 𑄥𑄬 𑄇𑄧𑄙𑄠𑄚𑄴 𑄇𑄧𑄣𑄧 𑄃𑄢𑄧 𑄎𑄨𑄚𑄨𑄝𑄢𑄴 𑄞𑄧 𑄗𑄬𑄚𑄬𑄃𑄮 𑄇𑄨𑄖𑄴𑄬 𑄙𑄧𑄚𑄝𑄝𑄧𑄢𑄬 𑄦𑄖𑄳𑄠𑄢𑄴 𑄚𑄧 𑄙𑄧𑄢𑄴𑄣𑄧?,. কেন রুাগুলো তার ছেলেকে সেই কথাগুলো বলল আর ভ পােও হাত দিে ধরলো না?
𑄙𑄧𑄝𑄝𑄝𑄬 𑄦𑄧𑄣𑄧𑄘𑄬 𑄃𑄘𑄟𑄧𑄢𑄴 𑄇𑄪𑄎𑄪𑄢𑄮 𑄥𑄬𑄢।,ধুুুুুুুে হলো গ্রামের কুকুর
𑄃𑄘𑄟𑄧𑄖𑄴 𑄊𑄪𑄣𑄴 𑄖𑄪𑄣𑄨𑄠𑄳𑄠𑄝𑄱 𑄦𑄧𑄣𑄧𑄘𑄬 𑄖𑄬।,সে গ্রামের আলো নিে যাচ্ছে
𑄈𑄇𑄳𑄠 𑄟𑄚𑄪𑄌𑄴𑄃𑄪𑄚𑄴 𑄎𑄮𑄘𑄬 𑄛𑄢𑄬।,কিছুক্ষণ পর পর মানুষরা আসতে পারে
𑄖𑄬 𑄌𑄬𑄣𑄬 𑄉𑄧𑄟𑄴 𑄇𑄟𑄚𑄨𑄃𑄮 𑄘𑄮𑄣𑄬 𑄥𑄬𑄢𑄬 𑄛𑄢𑄬।,সে শুধু ভালো কাজগুলো ভালো করে করতে পারে
𑄚𑄧 𑄌𑄬𑄣𑄬 𑄡𑄧𑄘𑄧𑄃𑄨 𑄉𑄧𑄟𑄴 𑄃𑄮𑄇𑄴 𑄥𑄨𑄠𑄚𑄴 𑄏𑄨𑄟𑄨𑄘𑄮𑄖𑄴 𑄝𑄧𑄎𑄧𑄁 𑄉𑄪𑄢𑄨 𑄘𑄬𑄘𑄬 𑄖𑄢𑄴 𑄥𑄧𑄟𑄧𑄠𑄴 𑄚𑄧 𑄣𑄉𑄬।,.না দেখলে যেহেতু ভালো হবে সেটার বিদ্যুৎ চমকানি তার ভালো লাগে না
𑄃𑄘𑄟𑄧𑄢𑄴 𑄉𑄞𑄪𑄎𑄳𑄠 𑄣𑄧𑄇𑄴𑄃𑄪𑄚𑄧𑄢𑄬 𑄟𑄪𑄙𑄮 𑄞𑄨𑄘𑄨𑄢𑄬 𑄢𑄊𑄠𑄴।,গ্রামের গািে থাকা মানুষদের মাথা রেখে দেওা
𑄥𑄬𑄚𑄧𑄖𑄴𑄬 𑄟𑄪𑄢𑄪𑄝𑄴𑄨𑄃𑄪𑄚𑄴 𑄖𑄢𑄬 𑄌𑄮𑄉𑄧𑄖𑄴 𑄝𑄎𑄬 𑄛𑄚𑄴।,তত ব মানুষ তাকে চোখে পে
𑄚𑄧 𑄦𑄧𑄣𑄬 𑄉𑄞𑄪𑄎𑄳𑄠 𑄟𑄧𑄢𑄧𑄖𑄴𑄪𑄚𑄧𑄢𑄬 𑄃𑄪𑄌𑄴𑄇𑄚𑄨 𑄘𑄨𑄚𑄬 𑄝𑄬𑄇𑄴 𑄍𑄢𑄚𑄘 𑄉𑄪𑄢𑄨 𑄘𑄬।,.না হলে গািে থাকা ছেলেরা সব গুো করে দে
𑄡𑄢𑄬 𑄇𑄮𑄃𑄨𑄠𑄬 𑄛𑄬𑄘𑄬 𑄛𑄬𑄘𑄬 𑄝𑄪𑄘𑄴𑄙𑄨।,.যেকে বলা হেছে সে হচ্ছে বোকা
𑄖𑄬 𑄇𑄨𑄖𑄴𑄬 𑄢𑄪𑄝𑄮𑄉𑄪𑄣𑄮 𑄙𑄧𑄚𑄝𑄝𑄧𑄖𑄴𑄪𑄚𑄴 𑄟𑄳𑄦𑄬𑄢𑄴 𑄈𑄬𑄣𑄧?,সে কেন রুাগুলো ধরে মার খেলো?
𑄙𑄧𑄚𑄝𑄝𑄬 𑄞𑄬𑄣𑄬 𑄎𑄪 𑄈𑄢 𑄃𑄧𑄢𑄴।,ধনে নাকি জুা খেলা পারদর্শী
𑄖𑄬𑄋𑄃𑄪𑄚𑄴 𑄢𑄪𑄝𑄮𑄉𑄪𑄣𑄧 𑄦𑄘𑄧𑄖𑄴 𑄢𑄊 𑄝𑄎𑄬 𑄘𑄨𑄠𑄳𑄠।,টাকাগুলো রুোটার হাতে বেজে যা
"𑄃𑄨𑄚𑄴𑄘𑄨 𑄟𑄧𑄘𑄴 𑄈𑄠𑄴, 𑄃𑄪𑄚𑄴𑄘𑄨 𑄈𑄢 𑄦𑄧𑄠𑄴।","এখানে মদ খা,ওখানে খেলা হ"
𑄛𑄧𑄣𑄳𑄠 𑄛𑄧𑄣𑄳𑄠 𑄣𑄞𑄴 𑄉𑄮𑄌𑄴𑄬।,.পঁচে পা পা লাভ
𑄛𑄧𑄢𑄬𑄘𑄨 𑄈𑄝 𑄥𑄪𑄢𑄪 𑄉𑄧𑄌𑄴𑄬।,পিে খাওা সহজ পতেছে
𑄈𑄝𑄘𑄬 𑄈𑄝𑄘𑄬 𑄇𑄧𑄈𑄳𑄠𑄬 𑄠𑄬 𑄖𑄬𑄋𑄃𑄪𑄚𑄴 𑄈𑄝𑄬 𑄜𑄪𑄢𑄬𑄣𑄧 𑄟𑄧𑄘𑄧 𑄟𑄖𑄴𑄧𑄣𑄬 𑄟𑄳𑄦𑄬𑄖𑄴 𑄚𑄧 𑄛𑄠𑄴।,খাা খাা করে কেক টাকা খাওার পর মদের গন্ধ পাওা যা না
𑄃𑄢𑄧 𑄈𑄢 𑄃𑄝𑄖𑄴𑄬 𑄡𑄬𑄚𑄬 𑄡𑄧𑄇𑄳𑄠𑄬 𑄢𑄪𑄝𑄧𑄉𑄪𑄣𑄮 𑄖𑄬𑄋 𑄚𑄬𑄃𑄨 𑄇𑄮𑄠𑄬 𑄥𑄧𑄇𑄳𑄠𑄬 𑄃𑄉𑄪𑄚𑄴-𑄛𑄚𑄨𑄠𑄬 𑄢𑄇𑄴 𑄃𑄪𑄘𑄨 𑄡𑄨𑄠𑄳𑄠।,আরও খেলা যতগুলো রুা আছে ততগুলো আগুনে পে যা
"𑄚𑄧 𑄎𑄨𑄚𑄬𑄖𑄴𑄬, 𑄢𑄇𑄴𑄈𑄚𑄴 𑄢𑄪𑄝𑄮𑄉𑄪𑄣𑄮 𑄃𑄪𑄉𑄪𑄢𑄬 𑄜𑄬𑄣 𑄙𑄧𑄌𑄴𑄬।",.লম্বা রুাগুলো উপরে ফেলছে
𑄇𑄧𑄠𑄴𑄘𑄨 𑄖𑄬𑄋 𑄞𑄬𑄣𑄬 𑄖𑄬 𑄚𑄧 𑄈𑄝𑄠𑄴।,কত টাকা নাকি সে খা না
𑄢𑄪𑄝𑄮𑄉𑄪𑄣𑄮 𑄌𑄪𑄢𑄴𑄉𑄪𑄢𑄨 𑄥𑄧𑄢𑄬 𑄗𑄮𑄠𑄬𑄘𑄬।,.রুাগুলো চূা রেখে দে
𑄃𑄬 𑄥𑄬𑄚𑄬 𑄢𑄪𑄝𑄮𑄉𑄪𑄣𑄮𑄢𑄬 𑄟𑄢𑄨 𑄟𑄢𑄨 𑄖𑄬𑄋 𑄟𑄉𑄬𑄢𑄴।,এই সেই বাচ্চাগুলোকে মেরে মেরে টাকা উপার্জন করে
𑄣𑄬𑄝𑄴𑄣𑄬𑄝𑄨 𑄟 𑄈𑄧𑄝𑄧𑄢𑄴 𑄛𑄠𑄴𑄘𑄨 𑄖 𑄚𑄬𑄇𑄴𑄱 𑄢𑄬𑄘𑄬 𑄘𑄨𑄚𑄬 𑄟𑄧𑄘𑄴 𑄈𑄬𑄃𑄨 𑄈𑄬𑄃𑄨 𑄟𑄮𑄇𑄴 𑄛𑄮 𑄖𑄣𑄌𑄴 𑄚𑄬𑄃𑄨 𑄉𑄪𑄢𑄨 𑄗𑄬𑄣𑄬𑄃𑄮 𑄌𑄪𑄢𑄴𑄉𑄪𑄢𑄨𑄝𑄢𑄴 𑄥𑄚𑄴 𑄇𑄟𑄴 𑄉𑄧𑄢𑄨𑄝𑄢𑄴 𑄌𑄨𑄉𑄮𑄚𑄴 𑄟𑄧𑄚𑄴 𑄚𑄬𑄃𑄨।,লেলিে দিে তার স্বামী রাতে মদ খেে চলে গেলে তার স্ত্রীর আর কাজ করার ইচ্ছা নেই
𑄥𑄳𑄦𑄧𑄠𑄧𑄁 𑄞𑄧𑄉𑄧𑄝𑄚𑄬 𑄃𑄬𑄚𑄬𑄭 𑄇𑄧𑄣𑄬𑄃𑄮 𑄖𑄬 𑄝𑄨𑄌𑄴𑄎𑄬𑄌𑄴 𑄚𑄧 𑄉𑄪𑄢𑄨𑄝𑄧।,সহং ভগবান বললেও সে বিশ্বাস করবে না
𑄙𑄧𑄚𑄝𑄚𑄬 𑄟𑄪𑄉𑄮𑄢𑄴 𑄇𑄬𑄚𑄬 𑄣𑄬𑄝𑄴𑄣𑄬𑄝𑄨 𑄟𑄢𑄬 𑄦𑄪𑄟𑄧𑄇𑄨 𑄘𑄬𑄢𑄴।,ধোঁার জন্য পাহাে কি লেলিে হুমকি দে
𑄖𑄧𑄢𑄬 𑄃𑄬𑄇𑄴𑄘𑄨𑄚𑄴 𑄌𑄋𑄴।,তোমাকে একদিন চাংমাহ্ দেখি
𑄖𑄧𑄢𑄬 𑄃𑄬𑄟𑄧𑄚𑄴 𑄝𑄨𑄛𑄧𑄘𑄧𑄖𑄴 𑄜𑄬𑄣𑄬𑄟𑄴 𑄖𑄧 𑄌𑄮𑄘𑄴𑄮𑄉𑄪𑄌𑄴𑄖𑄨𑄠𑄳𑄠 𑄃𑄬𑄣𑄬𑄃𑄮 𑄖𑄧𑄢𑄬 𑄝𑄎𑄬 𑄛𑄖𑄴𑄖𑄇𑄴 𑄚𑄧𑄠𑄴।,তোমাকে এত বিপদের মধ্যে ফেলব তোমার চোদ্দোগুা এলেও তোমাকে পাত্তা দিবো না
𑄖𑄧 𑄎𑄨𑄋𑄴𑄇𑄚𑄨𑄠𑄚𑄧𑄖𑄴 𑄎𑄪𑄘𑄨 𑄘𑄇𑄴 𑄣𑄉𑄬 𑄘𑄨𑄚 𑄧 𑄛𑄢𑄧𑄁 𑄥𑄣𑄬𑄚𑄴 𑄟𑄪𑄃𑄨 𑄙𑄧𑄚𑄝𑄛𑄴 𑄚𑄧𑄠𑄴।,তোমার জীবনে যোগা দাঁত লাগে দিন পার করার জন্য যা না
𑄟𑄧 𑄚𑄋𑄬 𑄃𑄬𑄇𑄴𑄱 𑄇𑄪𑄉𑄪𑄢𑄴 𑄛𑄪𑄎𑄨𑄌𑄴।,আমার নাঙে একটা কুকুর পূজা করছে
𑄣𑄬𑄝𑄴𑄣𑄬𑄝𑄨 𑄟 𑄖 𑄚𑄬𑄇𑄴𑄱𑄢𑄬 𑄛𑄪𑄖𑄪𑄣𑄨 𑄟 𑄘𑄊𑄨 𑄊𑄧𑄢𑄧 𑄞𑄨𑄘𑄨𑄢𑄬 𑄚𑄨𑄚𑄬𑄃𑄨 𑄌𑄠𑄴𑄘𑄨 𑄚𑄇𑄴 𑄟𑄪 𑄢𑄋 𑄃𑄧𑄃𑄨 𑄃𑄊𑄬।,লেলিে দেওা মাা তার ছেলেকে পুতুলি মাের সাথে নিে যাচ্ছে
𑄙𑄬𑄢𑄴𑄙𑄬𑄌𑄳𑄠𑄬 𑄉𑄪𑄢𑄨 𑄣𑄮 𑄛𑄧𑄢𑄬𑄢𑄴।,পানি পতেছে
𑄌𑄮𑄉𑄮 𑄈𑄧𑄛𑄴 𑄜𑄪𑄣𑄨 𑄇𑄣 𑄘𑄇𑄴 𑄟𑄪𑄢𑄨 𑄌𑄮𑄇𑄴𑄮𑄚𑄴 𑄘𑄬𑄊 𑄚𑄧 𑄡𑄠𑄴 𑄃𑄢𑄴।,চোখের কাজলের কালো দাগগুলো আর দেখা যা না
"𑄣𑄮𑄠𑄚𑄨 𑄛𑄪𑄎𑄨 𑄘𑄨𑄚𑄬 𑄇𑄧𑄣𑄧, 𑄡𑄬𑄃𑄨 𑄊𑄧𑄢𑄧𑄖𑄴।",লাঠি দিে পূজা করো যে বািতে
𑄃𑄪𑄟𑄴 𑄃𑄪𑄟𑄴 𑄛𑄚𑄨𑄣𑄮𑄃𑄨 𑄙𑄮𑄃𑄨 𑄘𑄨𑄘𑄪𑄁 𑄟𑄣𑄬𑄚𑄴।,উম্ উম্ পানি দিে ধুে দিলাম
"𑄣𑄬𑄝𑄴𑄣𑄬𑄝𑄨 𑄟 𑄖 𑄚𑄬𑄇𑄴𑄱𑄢𑄬 𑄚𑄨𑄚𑄬 𑄊𑄧𑄢𑄧 𑄟𑄪𑄈𑄳𑄠𑄬 𑄡𑄬𑄝𑄢𑄴 𑄥𑄧𑄣𑄖𑄴 𑄛𑄪𑄖𑄪𑄣𑄨 𑄟 𑄣𑄬𑄝𑄴𑄣𑄬𑄝𑄨 𑄟𑄢𑄬 𑄝𑄢𑄖𑄴 𑄙𑄪𑄢𑄨 𑄇𑄧𑄣𑄧, 𑄝𑄮𑄚𑄴 𑄖𑄧𑄢𑄬 𑄚𑄨𑄚𑄬 𑄌𑄨𑄘𑄬 𑄉𑄧𑄢𑄧𑄋𑄧𑄢𑄴।","লেলিেবি মা তার ছেলেকে নিে বািতে যাওার সম পুতুল দিে দৌে যাচ্ছে, বোন তোমাকে নিয়ে চিন্তা করছে"
𑄃𑄧𑄣𑄧𑄢𑄴 𑄉𑄪𑄢𑄨 𑄗𑄬𑄚𑄬 𑄙𑄧𑄚𑄝𑄝𑄧𑄖𑄴𑄪𑄚𑄴 𑄝𑄎𑄨 𑄚𑄧 𑄛𑄢𑄬 𑄃𑄬𑄌𑄳𑄠𑄬 𑄖𑄪𑄃𑄨 𑄖 𑄃𑄪𑄉𑄪𑄢𑄬 𑄦𑄖𑄌 𑄖𑄪𑄣𑄴𑄮𑄌𑄴।,অকৃতকার্য হওার পর থেকে তুমি তার উপরে আর টিকতে পারবে না
𑄇𑄨𑄏𑄬𑄚𑄨 𑄥𑄬 𑄇𑄬𑄚𑄝𑄱 𑄖𑄧𑄖𑄴𑄪𑄚𑄴 𑄇𑄬𑄚𑄬 𑄃𑄪𑄎𑄮𑄣𑄴 𑄉𑄧𑄢𑄬।,.কেন যে সেই কেনাটা উপরে উঠে
"𑄞𑄢𑄨 𑄘𑄢𑄋𑄧𑄢𑄴, 𑄃𑄪𑄎𑄬 𑄌𑄪𑄣𑄨𑄌𑄴।","ভারী দাঁিা, উে চুল"
"𑄣𑄬𑄝𑄴𑄣𑄬𑄝𑄨 𑄟 𑄇𑄧𑄣𑄧, 𑄃 𑄇𑄨 𑄉𑄧𑄖𑄴𑄧।","লেলিে দেওার শব্দ, কী যে অবস্থা"
𑄇𑄨𑄌𑄴𑄪 𑄉𑄪𑄢𑄨 𑄚𑄧 𑄛𑄢𑄨𑄝𑄧।,.কিছু গুো করতে পারবে না
𑄚𑄧 𑄘𑄧𑄢𑄋𑄴।,নাচা
"𑄟𑄖𑄴𑄧𑄢𑄴, 𑄥𑄬 𑄇𑄧𑄙𑄠𑄚𑄴 𑄣𑄬𑄝𑄴𑄣𑄬𑄝𑄨 𑄟 𑄟𑄪𑄠𑄬𑄘𑄨 𑄇𑄧𑄣𑄬𑄃𑄮 𑄟𑄧𑄚𑄚𑄬 𑄚𑄧 𑄇𑄧𑄠𑄴।","আমার কথা, সেই কথা গুলো লেলিে দেওার পরেও মনে হ না"
𑄖𑄬𑄃𑄮 𑄗𑄨𑄇𑄴 𑄛𑄪𑄖𑄪𑄣𑄨 𑄟 𑄙𑄧𑄇𑄳𑄠𑄬𑄚𑄴 𑄌𑄨𑄘𑄬 𑄉𑄧𑄢𑄬𑄢𑄴।,.সে ঠিক পুতুলের মতো মেেকে দেখতেছে
𑄉𑄧𑄋𑄧𑄖𑄴 𑄙𑄧𑄚𑄝𑄝𑄧𑄢𑄬 𑄟𑄪𑄉𑄮𑄢𑄬𑄣𑄬𑄃𑄮 𑄃𑄨𑄇𑄳𑄠𑄬 𑄘𑄧𑄢𑄢𑄴।,গাতে ধরা মানুষটাকে পাইলেও ভ পা
𑄖 𑄇𑄬𑄚𑄝𑄱 𑄎𑄪𑄘𑄨 𑄖 𑄚𑄬𑄇𑄴𑄱 𑄃𑄪𑄉𑄪𑄢𑄨 𑄜𑄬𑄣𑄠𑄴।,তার বোটা জুে ফেলে
𑄃𑄎𑄧𑄣𑄬 𑄙𑄧𑄚𑄝𑄝𑄬 𑄇𑄨 𑄇𑄬𑄚 𑄃𑄪𑄉𑄪𑄢𑄬𑄝𑄧?,আজলে ধনে কি কেনা উঠবে?
𑄇 𑄃𑄪𑄉𑄪𑄢𑄨 𑄇𑄬𑄚 𑄜𑄬𑄣𑄬𑄝𑄧?,কার উকুন কিনে ফেলবে?
𑄣𑄬𑄝𑄴𑄣𑄬𑄝𑄨 𑄟 𑄖 𑄚𑄬𑄇𑄴𑄱 𑄢𑄪𑄝𑄮𑄉𑄪𑄣𑄮𑄢𑄬 𑄚𑄨𑄚𑄬 𑄊𑄧𑄢𑄧𑄖𑄴 𑄡𑄬𑄚𑄬 𑄌𑄪𑄣𑄮 𑄎𑄳𑄦𑄣𑄬𑄃𑄨 𑄃𑄪𑄟𑄴 𑄃𑄪𑄟𑄴 𑄛𑄚𑄨 𑄘𑄨𑄚𑄬 𑄚𑄇𑄴 𑄟𑄪 𑄌𑄮𑄉𑄧 𑄘𑄮𑄣 𑄙𑄮𑄃𑄨 𑄘𑄨𑄣𑄧।,লেলিে দেওা মা তার নাতিকে নিে বািে যাচ্ছে আর চোখগুলো ধুে নিল
𑄞𑄖𑄴 𑄘𑄨𑄝𑄬 𑄈𑄝𑄬𑄚𑄬 𑄛𑄳𑄠𑄢𑄥𑄨𑄑𑄟𑄧𑄣𑄴 𑄈 𑄝𑄎𑄬𑄃𑄪 𑄘𑄨𑄣𑄧।,ভাত দিে তরকারিটা খাওা হেছে
𑄥𑄬 𑄛𑄧𑄢𑄬𑄚𑄴𑄘𑄨 𑄊𑄪𑄟𑄮𑄖𑄴 𑄛𑄪𑄢𑄨𑄣𑄇𑄴।,সে পরে ঘুম থেকে উঠে গেল
𑄃𑄬𑄇𑄴 𑄣𑄬𑄎 𑄊𑄪𑄟𑄴 𑄛𑄘𑄬 𑄚 𑄧𑄛𑄘𑄬 𑄢𑄘 𑄘𑄇𑄴 𑄇𑄢𑄧𑄘𑄧𑄚𑄴।,এক লেজা ঘুম পে না পে রোদ পোহাতেছে
𑄌𑄮𑄉𑄬 𑄃𑄨𑄢𑄨 𑄚𑄧 𑄘𑄬𑄢𑄴 𑄖𑄪𑄃𑄮 𑄟𑄧𑄚𑄬 𑄚𑄧 𑄇𑄧𑄃𑄨𑄠𑄬 𑄉𑄪𑄢𑄨 𑄊𑄪𑄟𑄮𑄖𑄴𑄪𑄚𑄴 𑄃𑄪𑄘𑄨𑄚𑄬𑄃𑄨 𑄟𑄪 𑄙𑄮𑄚𑄬𑄃𑄨 𑄞𑄖𑄴,চোখ বন্ধ করতে না করতে মুখে ভাত পে
𑄖𑄮𑄚𑄴 𑄢𑄚 𑄙𑄪𑄢𑄨𑄣𑄧 𑄣𑄬𑄝𑄴𑄣𑄬𑄝𑄨 𑄟।,.তরকারি পাতিলের তলানি দিে লেলিে আছে।
𑄛𑄪𑄃𑄧 𑄏𑄨 𑄃𑄢𑄧 𑄣𑄪𑄢𑄳𑄦𑄨𑄌𑄪𑄢𑄳𑄦𑄨 𑄚𑄧 𑄛𑄎𑄳𑄠𑄬 𑄥𑄮𑄃𑄮𑄢𑄴𑄝𑄱𑄢𑄬 𑄈𑄝𑄬 𑄘𑄝𑄬 𑄇𑄟𑄧𑄖𑄴 𑄡 𑄛𑄪𑄢𑄨𑄝𑄧।,".পুা ঝিি আর চুরি করতে পারে না,সুো ঝিিে কাজে যাওা লাগবে"
𑄥𑄬𑄚𑄧𑄖𑄴𑄬 𑄃𑄬𑄇𑄴𑄥𑄧𑄟𑄢𑄬 𑄘𑄨𑄝𑄧𑄎𑄳𑄠 𑄞𑄘𑄧 𑄥𑄌𑄴𑄪𑄃𑄮 𑄢𑄚𑄨 𑄗𑄧𑄣𑄧।,.সে আগের চাইতে দুই বছর বেছে।
𑄃𑄪𑄚𑄴𑄘𑄨 𑄙𑄧𑄚𑄧𑄉𑄪𑄣𑄮𑄃𑄮 𑄊𑄪𑄟𑄧𑄖𑄴𑄪𑄚𑄴 𑄃𑄪𑄘𑄨 𑄖 𑄝𑄝𑄧𑄢𑄴 𑄊𑄪-𑄟𑄪𑄘𑄮 𑄇𑄝𑄧𑄢𑄴𑄃𑄚𑄨 𑄚𑄨𑄚𑄬 𑄃𑄚𑄴𑄙𑄢𑄴 𑄃𑄚𑄴𑄙𑄢𑄴 𑄗𑄉𑄧𑄘𑄬 𑄉𑄋𑄧𑄖𑄴 𑄡𑄬𑄌𑄚 𑄙𑄮𑄭 𑄃𑄚𑄨𑄣𑄧𑄉𑄮𑄃𑄨।,উন্দু ধনগুলো ঘুম থেকে উঠে তার ব ব কাপগুলো নিে অন্ধকারে তাাতাি কুড়িয়ে নিল
𑄥𑄬 𑄛𑄧𑄢𑄬𑄚𑄴𑄘𑄨 𑄘𑄨 𑄘𑄨𑄃𑄮𑄢𑄴 𑄞𑄮𑄎𑄬 𑄘𑄨𑄝𑄬 𑄘𑄨𑄝𑄬 𑄞𑄖𑄴 𑄈𑄬𑄭 𑄦𑄮𑄣𑄮𑄖𑄴 𑄣𑄉𑄬𑄝𑄖𑄴𑄬 𑄣𑄧𑄖𑄴 𑄘𑄨𑄣𑄇𑄴।,সে পে দুই দিে ভাত খেে চলে গেল
𑄙𑄧𑄚𑄧𑄉𑄪𑄣𑄮 𑄢𑄬𑄘𑄮 𑄞𑄨𑄘𑄨𑄢𑄬 𑄇𑄨 𑄊𑄧𑄘𑄧𑄚 𑄊𑄪𑄘𑄨 𑄡𑄨𑄠𑄬 𑄇𑄨𑄌𑄴𑄪 𑄈𑄧𑄝𑄧𑄢𑄴 𑄚𑄧 𑄛𑄠𑄴।,ধনগুলো রাতের বেলা কি ঘিে পে যা কিছুই জানা যা না
𑄇𑄟𑄧𑄖𑄴 𑄡𑄘𑄬 𑄥𑄧𑄣𑄖𑄴 𑄣𑄬𑄝𑄴𑄣𑄬𑄝𑄨 𑄟 𑄥𑄪𑄚𑄬𑄣𑄬 𑄖𑄬 𑄈𑄧𑄝𑄧𑄢𑄴 𑄛𑄬𑄣𑄧।,কাজে যাওার সম লেলিে গেলে সে খবর পেল
"𑄞𑄬𑄭 𑄃𑄧𑄣𑄬 𑄞𑄬𑄭, 𑄖 𑄞𑄬𑄭𑄝𑄱 𑄟𑄬𑄢𑄴 𑄈𑄬𑄠𑄳𑄠 𑄥𑄪𑄚𑄨𑄚𑄬 𑄌𑄟𑄴 𑄛𑄮𑄢𑄢𑄴।","ভে ভে, তার ভে মার খেে চামা পে"
"𑄖 𑄞𑄪𑄎𑄨𑄢𑄬 𑄇𑄧𑄣𑄧, 𑄟𑄧𑄢𑄬 𑄇𑄨𑄖𑄴𑄬 𑄚𑄧 𑄘𑄉𑄧𑄌𑄴।",তার ভে আমাকে ডাকিও না
𑄟𑄪𑄃𑄨 𑄈𑄧𑄝𑄧𑄢𑄴 𑄃𑄙𑄟𑄧𑄢 𑄦𑄧𑄠𑄴 𑄥𑄧𑄁 𑄙𑄧𑄚𑄝𑄝𑄧𑄢𑄬 𑄈𑄝𑄬 𑄘𑄨𑄘𑄪𑄁।,আমি খবর পেলাম আধামরা তাকে খাওাবো
𑄥𑄧𑄌𑄴 𑄛𑄠𑄴 𑄞𑄨𑄣𑄨 𑄃𑄬𑄇𑄴𑄬𑄢𑄬 𑄟𑄢𑄬𑄖𑄴𑄬।,সস পা দিে একটু মারে
𑄉𑄧𑄟𑄴 𑄦𑄧𑄠𑄳𑄠𑄘𑄬 𑄟𑄪𑄉𑄮𑄢𑄴 𑄘𑄧𑄌𑄳𑄠𑄬।,ভালো হেছে পাহাের দাগ
𑄉𑄧𑄟𑄴 𑄇𑄟𑄴 𑄉𑄧𑄌𑄴𑄮𑄌𑄨।,ভালো কাজ করেছো
𑄘𑄨 𑄘𑄨𑄤𑄧𑄢𑄴 𑄞𑄮𑄎𑄬 𑄥𑄬 𑄛𑄮𑄃𑄨𑄘𑄳𑄠𑄚𑄬 𑄇𑄧𑄙 𑄇𑄮𑄃𑄨 𑄇𑄮𑄃𑄨 𑄇𑄟𑄧𑄖𑄴 𑄣𑄪𑄟𑄨𑄣𑄇𑄴𑄮𑄃𑄨।,দুই দেওার ভে সেই বাচ্চাটি কাজে নামল
𑄚𑄨𑄦𑄣𑄴𑄌𑄨 𑄉𑄪𑄢𑄨 𑄦𑄮𑄣𑄮𑄖𑄴 𑄣𑄉𑄚 𑄃𑄢𑄧 𑄃𑄬𑄇𑄴 𑄥𑄧𑄟𑄢𑄬 𑄝𑄮𑄃𑄨𑄚𑄬 𑄘𑄝 𑄞𑄇𑄴𑄎𑄪𑄇𑄴 𑄉𑄪𑄢𑄨 𑄈𑄚𑄴।,.নিলচি গুঁে লাগা এবং এক সাথে হুক্কা দিে খাওা
𑄥𑄨𑄘𑄨𑄇𑄳𑄠𑄉𑄪𑄢𑄨 𑄙𑄉𑄙𑄇𑄳𑄠 𑄝𑄮𑄃𑄨𑄚𑄬 𑄘𑄝 𑄈𑄘𑄬 𑄥𑄧𑄣𑄖𑄴 𑄇𑄧𑄠𑄬𑄇𑄴 𑄎𑄧𑄚𑄴 𑄉𑄞𑄪𑄎𑄳𑄠 𑄃𑄢𑄧 𑄛𑄮𑄢𑄴𑄝𑄛𑄳𑄠𑄬 𑄥𑄨𑄠𑄮𑄖𑄴 𑄡𑄬𑄚𑄬 𑄖𑄢𑄢𑄬 𑄇𑄧𑄙 𑄃𑄊𑄬 𑄉𑄪𑄢𑄨 𑄘𑄉𑄨𑄣𑄇𑄴।,.সেদিক থেকে দৌাদৌি করে কজন লোক দাবা খেলছে এবং পোাবাি করেছে তাদেরকে।
"𑄟𑄖𑄴𑄧𑄢𑄴, 𑄇𑄧𑄚𑄧 𑄇𑄧𑄙 𑄚𑄧 𑄇𑄮𑄃𑄨𑄚𑄬 𑄃𑄪𑄘𑄮𑄟𑄴𑄙𑄪𑄟𑄧 𑄉𑄏𑄧𑄖𑄴𑄪𑄚𑄴 𑄦𑄧𑄣 𑄛𑄮𑄎𑄳𑄠 𑄛𑄢 𑄉𑄪𑄢𑄨 𑄘𑄨 𑄘𑄨𑄤𑄧𑄢𑄴 𑄞𑄮𑄎𑄧𑄢𑄬 𑄛𑄨𑄌𑄳𑄠𑄬 𑄦𑄘𑄬 𑄝𑄚𑄨 𑄃𑄘𑄟𑄧 𑄟𑄪𑄈𑄳𑄠𑄬 𑄚𑄬𑄎 𑄙𑄪𑄢𑄨𑄣𑄇𑄴।",".সত্যি,কোনো কথা না বলে পাহাড়ের পাদদেশ থেকে পাহািে যাওার জন্য পাহাের মুখ থেকে পাহাি বের হলো"
"𑄣𑄬𑄝𑄴𑄣𑄬𑄝𑄨 𑄟 𑄃𑄢𑄧 𑄙𑄧𑄚𑄧𑄉𑄪𑄣𑄮 𑄞𑄝𑄨𑄚𑄬 𑄇𑄪𑄣𑄴 𑄚𑄧 𑄛𑄘𑄧𑄚𑄴, 𑄖𑄢 𑄇𑄨 𑄘𑄪𑄌𑄴 𑄉𑄪𑄢𑄨𑄣𑄇𑄴।","লেলিে দেওা মা এবং ধনগুলো চিন্তা করে কূল নাই,তারা কি দোষ করল"
"𑄃𑄣𑄟𑄧𑄖𑄴 𑄣𑄪𑄟𑄬𑄚𑄬 𑄛𑄁𑄛𑄁 𑄉𑄪𑄢𑄨 𑄞𑄋𑄨 𑄇𑄧𑄣𑄇𑄴, 𑄖𑄢 𑄘𑄨 𑄘𑄨𑄤𑄧𑄢𑄴 𑄞𑄮𑄎𑄬𑄢𑄬 𑄝𑄬𑄙𑄧𑄇𑄳𑄠𑄬 𑄉𑄪𑄢𑄨 𑄣𑄉𑄧𑄖𑄴 𑄛𑄨𑄠𑄮𑄚𑄴𑄘𑄮𑄃𑄨।",". আলামত নিে পাংপাং করে কলা খাচ্ছে,তারা দুইজনে বিে করতে অনেক ব ব লাগে"
𑄖𑄢𑄖𑄴 𑄞𑄬𑄣𑄬 𑄃𑄃𑄨𑄛𑄃𑄨 𑄃𑄊𑄬।,তাদের নাকি বিদ্যুৎ আছে
𑄥𑄬𑄚𑄧𑄖𑄳𑄠𑄬 𑄞𑄬𑄣𑄬 𑄣𑄬𑄝𑄴𑄣𑄬𑄝𑄨 𑄝𑄝𑄬 𑄟𑄧𑄚𑄧 𑄘𑄪𑄉𑄬 𑄊𑄧𑄢𑄧𑄖𑄴 𑄚𑄧 𑄗𑄠𑄴।,.সে নাকি লেলিে দিবে মনে করে বািতে থাকে না
𑄟𑄚𑄴𑄎𑄮𑄢𑄴 𑄊𑄧𑄢𑄬 𑄊𑄧𑄢𑄬 𑄟𑄧𑄘𑄴 𑄈𑄬𑄭 𑄈𑄬𑄭 𑄛𑄪𑄢𑄳𑄦𑄨 𑄗𑄠𑄴।,.মাছের বািতে মদ খেে পেট ভরে থাকে
𑄙𑄧𑄚𑄧𑄉𑄪𑄣𑄮 𑄥𑄬𑄚𑄧𑄖𑄴𑄬 𑄟𑄮𑄇𑄴 𑄚𑄧 𑄣𑄧𑄖𑄬𑄴।,ধনগুলো সাথে সাথে নেওা যা না
𑄢𑄬𑄘𑄮𑄖𑄴 𑄦𑄧𑄣𑄬 𑄊𑄧𑄢𑄧𑄖𑄴𑄪𑄚𑄴 𑄚𑄧 𑄌𑄖𑄴𑄢𑄠𑄴।,রাত হলে বাি থেকে বের হ না
𑄞𑄣𑄧𑄇𑄴 𑄎𑄧𑄚𑄴 𑄟𑄚𑄴𑄎𑄳𑄠 𑄞𑄬𑄣𑄬 𑄖𑄢𑄢𑄬 𑄝𑄬𑄌𑄧𑄣𑄌𑄧𑄣𑄴 𑄉𑄧𑄖𑄴𑄬 𑄘𑄬𑄇𑄴𑄮𑄚𑄴।,অনেক লোক নাকি তাদেরকে বিদা দিচ্ছে
𑄘𑄨 𑄘𑄨𑄤𑄧𑄢𑄴 𑄞𑄮𑄎𑄬 𑄝𑄪𑄎𑄨 𑄛𑄢𑄨𑄣𑄇𑄴 𑄃𑄨𑄠𑄚𑄴 𑄇𑄢𑄴 𑄟𑄇𑄴।,দুই দুইটা ভাত খেে বুঝতে পারলাম এইটা কার মা
"𑄟𑄖𑄴𑄧𑄢𑄴, 𑄃𑄬𑄙𑄇𑄴 𑄡𑄘𑄨 𑄟𑄘𑄨 𑄡𑄬 𑄙𑄧𑄚𑄝𑄝𑄬 𑄇𑄬𑄚 𑄃𑄪𑄎𑄮𑄣𑄴 𑄉𑄪𑄢𑄨𑄝𑄱 𑄥𑄨𑄠𑄚𑄴 𑄣𑄬𑄝𑄴𑄣𑄬𑄝𑄨 𑄟 𑄞𑄪𑄣𑄬𑄃𑄮 𑄚𑄧 𑄞𑄝𑄬।",".বাবা,এত ব মাটিতে যে ধন ব করবে সেটা মা ভুলে যাবে না"
"𑄡𑄃𑄨 𑄃𑄮𑄇𑄴, 𑄇𑄨 𑄃𑄢𑄴 𑄉𑄧𑄢𑄚।",যাওা যাওা
𑄣𑄬𑄝𑄴𑄣𑄬𑄝𑄨 𑄟 𑄟𑄧𑄚𑄚𑄴 𑄙𑄧𑄢𑄧 𑄉𑄪𑄢𑄨𑄃𑄊𑄬।,লেলিে দেওা মাা করে
𑄚𑄨𑄎𑄮 𑄇𑄨𑄠𑄬𑄖𑄴 𑄡𑄬𑄇𑄳𑄠𑄬 𑄛𑄬𑄢𑄴𑄉 𑄚𑄬𑄃𑄨 𑄖𑄬 𑄇𑄨 𑄘𑄧𑄢𑄚?,.নিজের শরীরে এত ময়লা আছে কেন?
𑄖𑄬 𑄇𑄨 𑄌𑄨𑄘𑄬 𑄉𑄧𑄢𑄚?,সে কি চিন্তা করা
𑄃𑄢𑄧 𑄦𑄧𑄣𑄧𑄘𑄬 𑄙𑄧𑄚𑄝𑄝𑄬 𑄖𑄢𑄬 𑄡𑄬 𑄇𑄬𑄚 𑄃𑄪𑄉𑄪𑄢𑄬𑄝𑄖𑄴𑄬 𑄙𑄧𑄟𑄳𑄠𑄬 𑄥𑄨𑄠𑄚𑄴 𑄝𑄬𑄉𑄬 𑄈𑄧𑄝𑄧𑄢𑄴 𑄛𑄚𑄴।,আর হলদে ধনে তাকে যে কেনা ছাদে দেখা যা সেটা খুব জানা যা
𑄃𑄢𑄧 𑄖𑄢 𑄃𑄇𑄴𑄧𑄣𑄴 𑄇𑄬𑄏𑄚𑄳𑄠 𑄥𑄨𑄠𑄚𑄨 𑄈𑄧𑄝𑄧𑄢𑄴 𑄛𑄚𑄴।,আর তারা অনেক কেরা সেগুলো খবর পাওা
"𑄡𑄧𑄘𑄧𑄃𑄨 𑄟𑄨𑄎𑄬 𑄝𑄧𑄚𑄴𑄚𑄋𑄴 𑄘𑄬𑄘𑄮𑄇𑄴, 𑄢𑄧𑄁𑄌𑄧𑄁 𑄟𑄨𑄚𑄬𑄚𑄬 𑄇𑄧𑄙 𑄥𑄬𑄖𑄳𑄢 𑄉𑄮𑄢𑄮𑄘𑄮𑄇𑄴 𑄟𑄚𑄴𑄎𑄳𑄠 𑄡𑄬 𑄝𑄨𑄌𑄴𑄥𑄬𑄌𑄴 𑄚𑄧 𑄉𑄪𑄢𑄨𑄝𑄇𑄴 𑄞𑄨𑄣𑄨 𑄣𑄬𑄝𑄴𑄣𑄬𑄝𑄨 𑄟 𑄟𑄧𑄚𑄬 𑄉𑄧𑄢𑄬।","যত ব ব কথা, রংচঙে কথা, রংচঙে কথা বলে মানুষরা যে দোষ করে না মনে করে"
𑄥𑄬 𑄘𑄨𑄚𑄴𑄬 𑄝𑄬𑄣𑄳𑄠 𑄟𑄙𑄚𑄴 𑄇𑄧𑄚𑄧 𑄇𑄧𑄙 𑄇𑄧𑄝𑄢𑄴 𑄎𑄪 𑄚𑄧 𑄘𑄨𑄚𑄬 𑄝𑄨𑄎𑄬𑄢𑄧𑄖𑄴 𑄝𑄮𑄎𑄬𑄣𑄇𑄴।,সে দিন সূর্য ডোবার সম কোনো কথা বলার সম ছিলনা
𑄌𑄮𑄇𑄴 𑄗𑄬𑄛𑄧𑄖𑄴 𑄚𑄧 𑄉𑄧𑄌𑄴𑄬 𑄉𑄪𑄢𑄨 𑄃𑄘𑄟𑄧𑄢𑄴 𑄇𑄧𑄠𑄬𑄇𑄴𑄮 𑄟𑄚𑄴𑄎𑄳𑄠 𑄖𑄢𑄖𑄬 𑄚𑄨𑄚𑄬 𑄟𑄨𑄎𑄬 𑄟𑄨𑄎𑄬 𑄉𑄪𑄢𑄨 𑄥𑄳𑄦𑄇𑄴𑄈𑄨 𑄘𑄨𑄣𑄇𑄴।,চোখ বন্ধ না করে গ্রামের কেকজন লোক তাদের সাথে যোগ দিল
"𑄃𑄬𑄙𑄧𑄇𑄳𑄠𑄬 𑄉𑄪𑄢𑄨 𑄇𑄧𑄣𑄇𑄴 𑄃𑄧𑄉𑄧𑄟𑄚𑄬 𑄣𑄬𑄝𑄴𑄣𑄬𑄝𑄨 𑄟 𑄝𑄪𑄉𑄧𑄖𑄴 𑄣𑄖𑄴𑄗𑄣𑄖𑄴𑄗𑄨 𑄉𑄧𑄢𑄬𑄢𑄴, 𑄖𑄧𑄘 𑄊𑄳𑄦𑄬𑄖𑄴 𑄘𑄨 𑄡𑄢𑄴, 𑄘𑄨 𑄌𑄮𑄉𑄧𑄖𑄴𑄪𑄚𑄴 𑄖𑄬𑄛𑄴𑄖𑄬𑄛𑄴 𑄌𑄮𑄉𑄧 𑄛𑄚𑄨 𑄏𑄧𑄢𑄬𑄢𑄴।",".এত ব ব কথা বলতেছে, মাথা দিে যা, দুচোখের পানি পে যা"
𑄃𑄢𑄧 𑄙𑄧𑄚𑄧𑄉𑄪𑄣𑄮 𑄢𑄉𑄬 𑄃𑄧𑄉𑄧𑄟𑄚𑄬 𑄉𑄨𑄢𑄴𑄉𑄨𑄢𑄢𑄴।,আরও ধনগুলো রাগে গিেছে
𑄞𑄝𑄬𑄖𑄴𑄬 𑄝𑄚𑄳𑄠𑄖𑄴𑄪𑄚𑄴 𑄥𑄧𑄢𑄚𑄴 𑄛𑄬𑄣𑄬 𑄟𑄧𑄢𑄴𑄣𑄬 𑄟𑄧𑄢𑄧𑄁 𑄝𑄎𑄨𑄣𑄬 𑄝𑄎𑄧𑄁 𑄟𑄨𑄎𑄬 𑄥𑄳𑄦𑄇𑄴𑄈𑄨𑄃𑄪𑄚𑄧𑄢𑄬 𑄟𑄢𑄬 𑄛𑄬𑄣𑄬𑄝𑄧।,মনে হ মনে হ যে বাঁশটা পানিতে পে গেলে মেেকে মেরে ফেলবে
𑄟𑄖𑄴𑄧𑄢𑄴 𑄖𑄢 𑄟𑄘𑄨𑄝𑄢𑄴 𑄝 𑄥𑄧𑄢𑄚𑄴 𑄛𑄬𑄝𑄢𑄴 𑄎𑄧𑄚𑄧 𑄎𑄪 𑄚𑄬𑄃𑄨।,.সেখানে তাদের মাটি বা পানি পাওার কোন জাগা নেই
𑄣𑄬𑄝𑄴𑄣𑄬𑄝𑄨 𑄝𑄝𑄬 𑄃𑄬𑄚𑄬𑄭 𑄗𑄮𑄘𑄬𑄠𑄴 𑄗𑄮𑄘𑄬𑄠𑄴 𑄇𑄧𑄣𑄧𑄉𑄨 𑄖 𑄟𑄮𑄇𑄴𑄮𑄢𑄴 𑄃 𑄖 𑄞𑄬𑄭𑄝𑄱𑄢𑄴 𑄟𑄧𑄙𑄳𑄠𑄬 𑄇𑄧𑄚𑄧,লেলিে দেওার পর তার স্ত্রী আর ছেলের মধ্যে কোনো সম্পর্ক নেই
𑄃𑄃𑄨𑄛𑄃𑄨 𑄚𑄬𑄃𑄨।,আইল নেই
𑄇𑄧𑄚𑄧𑄘𑄨𑄚𑄴 𑄥𑄬𑄚𑄚𑄳𑄠 𑄌𑄬𑄠𑄬𑄇𑄴 𑄚𑄧 𑄛𑄠𑄴।,কোন দিন সেনাটা দেখতে পারা যা না
𑄖𑄢𑄢𑄬 𑄟𑄨𑄎𑄬 𑄝𑄧𑄚𑄴𑄚𑄋𑄴 𑄘𑄬𑄘𑄧𑄚𑄴𑄘𑄬।,.তারা মেেকে মেে বলে
"𑄙𑄧𑄚𑄝𑄝𑄬 𑄡𑄬𑄇𑄳𑄠𑄬 𑄃𑄬𑄇𑄴 𑄎𑄮𑄉𑄢𑄴 𑄘𑄨𑄚𑄬 𑄇𑄧𑄣𑄧, 𑄖𑄪𑄃𑄨 𑄟𑄬𑄘𑄬𑄢 𑄈𑄧𑄝𑄧𑄢𑄴 𑄛𑄌𑄴।","ধনে যে এক যোগার দিে বলে, তুমি মেদবহুল হও"
𑄢𑄬𑄘𑄬 𑄘𑄨𑄚𑄬 𑄟𑄧𑄘𑄴 𑄈𑄬𑄭 𑄥𑄪𑄚𑄴𑄘𑄪𑄣𑄴 𑄉𑄪𑄢𑄨 𑄛𑄪𑄢𑄳𑄦𑄨 𑄗𑄌𑄴।,রাতের বেলা মদ খেে সুন্দর করে থাক
𑄖𑄧 𑄟𑄮𑄇𑄴𑄮𑄢𑄬 𑄚𑄨𑄚𑄬 𑄖𑄧 𑄞𑄬𑄭𑄝𑄱 𑄥𑄧𑄁𑄥𑄢𑄴 𑄉𑄪𑄢𑄨 𑄈𑄖𑄴𑄬 𑄃𑄪𑄘𑄮 𑄛𑄌𑄴𑄚𑄨?,তোমার ভাইকে নিে তোমার ভাই সংসার করতে পারবে নাকি?
𑄙𑄧𑄚𑄝𑄝𑄧𑄖𑄴𑄪𑄚𑄴 𑄎𑄮𑄉𑄢𑄴 𑄈𑄬𑄃𑄨𑄚𑄬 𑄣𑄬𑄝𑄴𑄣𑄬𑄝𑄨 𑄝𑄝𑄬 𑄙𑄪𑄢𑄨 𑄃𑄚𑄳𑄠𑄬 𑄃𑄧𑄉𑄧𑄣𑄧𑄉𑄧 𑄥𑄚𑄴 𑄗𑄧𑄝 𑄝𑄪𑄘𑄨 𑄉𑄬𑄣𑄧।,ধোঁাবাি খেে শামুকের খোলস থেকে বের হে আসলো
𑄣𑄬𑄝𑄴𑄣𑄬𑄝𑄨 𑄟 𑄃 𑄙𑄧𑄚𑄧𑄉𑄪𑄣𑄮 𑄇𑄧𑄙𑄚𑄨 𑄟𑄨𑄎𑄬 𑄥𑄳𑄦𑄇𑄴𑄈𑄨 𑄘𑄨𑄠𑄳𑄠𑄃𑄪𑄚𑄧𑄢𑄴 𑄇𑄧𑄙 𑄣𑄧𑄉𑄬 𑄝𑄮𑄢𑄬 𑄚𑄧 𑄃𑄬𑄣𑄧।,লেলিে দেওা মাের কথাগুলো সাথে সাথে মেনে নিল না
"𑄝𑄬𑄌𑄴𑄞𑄇𑄴 𑄉𑄞𑄪𑄎𑄳𑄠, 𑄃𑄘𑄟𑄳𑄠 𑄃𑄢𑄴 𑄟𑄧𑄘𑄴 𑄈𑄬𑄠𑄳𑄠 𑄎𑄪 𑄈𑄢 𑄦𑄧𑄠𑄬 𑄟𑄚𑄪𑄌𑄴𑄪𑄚𑄴 𑄙𑄧𑄚𑄝𑄝𑄧 𑄘𑄧𑄣𑄧𑄖𑄴 𑄞𑄨𑄎𑄳𑄠।",বেশি মদ খেে মানুষরা মদ খেে খেলা করতেছে
𑄡𑄨𑄉𑄪𑄚𑄬 𑄣𑄬𑄝𑄴𑄣𑄬𑄝𑄨 𑄟 𑄛𑄧𑄇𑄴𑄈𑄬 𑄥𑄨𑄉𑄪𑄚𑄬𑄃𑄮 𑄘𑄧𑄢𑄬 𑄇𑄧𑄚𑄧 𑄇𑄧𑄙 𑄇𑄮𑄃𑄨 𑄚𑄧 𑄛𑄢𑄧𑄚𑄴।,.যেগুলো লেলিে দেওার সম কথাও বলতে পারে না
𑄃𑄘𑄟𑄧 𑄇𑄢𑄴𑄝𑄎𑄳𑄠𑄃𑄮 𑄟𑄪𑄏𑄪𑄋𑄬𑄘𑄨 𑄟𑄬𑄟𑄴𑄝𑄢𑄴 𑄉𑄨𑄢𑄨 𑄉𑄧𑄢𑄨𑄝𑄖𑄴𑄬 𑄙𑄧𑄚𑄧𑄉𑄪𑄣𑄮 𑄝𑄝𑄧 𑄇𑄧𑄙 𑄟𑄧𑄎𑄨𑄟𑄴 𑄖𑄨𑄉𑄪𑄖𑄴 𑄖𑄨𑄉𑄪𑄖𑄴 𑄉𑄧𑄢𑄬।,গ্রামের কার্জগুলো পাশ কেটে চলে যাওার জন্য ধনগুলো শুধু এদিক সেদিক করে
𑄙𑄧𑄚𑄝𑄝𑄧𑄢𑄬 𑄦𑄘𑄧𑄖𑄴 𑄚𑄧 𑄢𑄊𑄬𑄣𑄬 𑄖𑄬 𑄇𑄧𑄚𑄧𑄘𑄨𑄚𑄴 𑄟𑄬𑄟𑄴𑄝𑄢𑄴 𑄃𑄧𑄃𑄨 𑄛𑄖𑄴𑄧 𑄚𑄧𑄠𑄴।,ধোঁাটা হাতে না থাকলে সে কোনদিন মেে হতে পারে না
𑄥𑄬𑄚𑄧𑄖𑄳𑄠 𑄣𑄬𑄝𑄴𑄣𑄬𑄝𑄨 𑄟 𑄇𑄧𑄝𑄣𑄧𑄖𑄴 𑄘𑄪𑄇𑄴 𑄃𑄬𑄣𑄧।,সে লেলিে দেওার সম দুঃখ পেল
𑄥𑄬𑄎𑄬𑄘𑄨 𑄘𑄨𑄋𑄨𑄢𑄨 𑄘𑄨𑄣𑄇𑄴 - 𑄘𑄳𑄦𑄨 𑄎𑄧𑄚𑄧𑄢𑄬 𑄖𑄨𑄚𑄴 𑄜𑄉𑄣𑄉𑄪𑄢𑄨 𑄌𑄪𑄣𑄴 𑄇𑄝𑄨 𑄘𑄨𑄚𑄬 𑄃𑄘𑄟𑄧𑄖𑄴 𑄙𑄬𑄚𑄴𑄘𑄬𑄢 𑄘𑄨𑄚𑄬 𑄣𑄮𑄃𑄨 𑄝𑄬𑄢𑄚।,.সে দুইজনে চুল কেটে দুইজনে গ্রামে ঘুরে বো
𑄡𑄨𑄠𑄚𑄴 𑄘𑄨𑄋𑄨𑄢𑄨 (𑄢𑄠𑄴) 𑄘𑄨𑄣𑄇𑄴 𑄥𑄨𑄠𑄚𑄴 𑄣𑄧𑄉𑄬 𑄣𑄧𑄉𑄬 𑄥𑄬𑄢𑄬𑄣𑄇𑄴।,.যেটা দিে দৌা দিল সেটা সাথে সাথে শেষ হলো
𑄌𑄪𑄣𑄴 𑄇𑄝𑄨𑄘𑄨𑄚𑄬𑄃𑄨 𑄙𑄬𑄚𑄴𑄘𑄬𑄢 𑄘𑄨𑄚𑄬𑄃𑄨 𑄖𑄬𑄋 𑄉𑄢𑄳𑄦𑄨 𑄉𑄪𑄚𑄮𑄃𑄢𑄴 𑄙𑄪𑄢𑄨𑄚𑄬𑄃𑄨 𑄃𑄨𑄢𑄨 𑄘𑄨𑄣𑄇𑄴।,চুল কাটতে কাটতে টাকা গুলো গুো করে বের করে দিল
𑄣𑄬𑄝𑄴𑄣𑄬𑄝𑄨 𑄝𑄝𑄬 𑄚 𑄖 𑄟𑄮𑄉𑄧𑄖𑄴𑄪𑄚𑄴 𑄚 𑄞𑄬𑄭𑄃𑄮𑄖𑄴𑄪𑄚𑄴 𑄇𑄢𑄧𑄖𑄴𑄪𑄚𑄴 𑄟𑄧𑄚𑄴 𑄚𑄧 𑄛𑄬𑄣𑄧 𑄃𑄢𑄴।,লেলিে দিবে নাকি তার মা আর ভাতিজার কাছ থেকে মন পেল না
"𑄘𑄪𑄃𑄮𑄎𑄧𑄚𑄬 𑄇𑄧𑄣𑄇𑄳𑄠 𑄖𑄪𑄃𑄨 𑄎𑄪𑄚𑄨 𑄉𑄧𑄟𑄴 𑄦𑄧𑄘𑄬, 𑄟𑄧𑄘𑄴 𑄞𑄋𑄴 𑄚𑄧 𑄈𑄬 𑄊𑄧𑄢𑄧𑄖𑄴 𑄟𑄮𑄇𑄴 𑄛𑄪𑄃𑄨 𑄏𑄨 𑄃𑄎 𑄉𑄪𑄢𑄨𑄚𑄬𑄃𑄨 𑄗𑄬𑄘𑄬 𑄥𑄣𑄬𑄚𑄴 𑄇𑄬𑄣𑄳𑄠 𑄞𑄬𑄎𑄣𑄚𑄴 𑄚𑄧 𑄦𑄧𑄘𑄧।","দুইজনে কলা খাওা ভালো, মদ না খেে বািতে মেেরা ভালো হ না"
𑄃𑄬𑄌𑄳𑄠𑄬 𑄥𑄧𑄢𑄧𑄡𑄧𑄚𑄴𑄖𑄳𑄢𑄧 𑄃𑄚𑄴 𑄚𑄧 𑄦𑄧𑄘𑄧।,.আসবাবপত্রটি আনতে হ না
𑄖𑄧𑄢𑄴𑄣𑄃𑄨 𑄃𑄬𑄌𑄳𑄠𑄬 𑄉𑄮𑄘 𑄝𑄬𑄇𑄴𑄪𑄚𑄬 𑄘𑄪𑄉𑄮𑄖𑄴 𑄛𑄪𑄢𑄳𑄦𑄨𑄣𑄧𑄁।,তর্জনি দিে সবাই দৌে গেলাম
𑄟𑄚𑄴 𑄥𑄧𑄟𑄴𑄟𑄚𑄴 𑄦𑄢𑄬𑄣𑄧𑄁।,.মানুষ সম্মান হারিেছে
𑄝𑄬𑄚𑄳𑄠 𑄛𑄳𑄦𑄧𑄢𑄴 𑄃𑄮𑄚𑄬 𑄙𑄧𑄚𑄧𑄉𑄪𑄣𑄮 𑄉𑄬𑄣𑄧 𑄃𑄉𑄢𑄬 𑄇𑄖𑄴𑄮𑄚𑄴 𑄉𑄪𑄢𑄨𑄝𑄖𑄴𑄬।,বো ভোর হে ধনগুলো আগা গিে যাচ্ছে
𑄣𑄬𑄝𑄴𑄣𑄬𑄝𑄨 𑄟 𑄉𑄬𑄣𑄧 𑄛𑄪𑄃𑄧 𑄏𑄨 𑄣𑄮𑄃𑄨𑄚𑄬 𑄟 𑄝𑄝𑄧 𑄊𑄧𑄢𑄧 𑄟𑄪𑄈𑄳𑄠𑄬।,লেলিে দেওা মাার পরে বাবা বাির মুখ
𑄣𑄬𑄝𑄴𑄣𑄬𑄝𑄨 𑄝𑄝𑄬 𑄥𑄨𑄋𑄮𑄝 𑄘𑄪𑄃𑄮𑄢𑄧𑄖𑄴 𑄗𑄠𑄬𑄚𑄬 𑄥𑄪𑄙𑄮𑄟𑄪 𑄉𑄪𑄢𑄨 𑄌𑄬 𑄗𑄬𑄣𑄧।,লেলিে দেওার সমে সুঁচালো মুখ করে তাকিে থাকল
𑄃𑄪𑄚𑄴𑄘𑄨 𑄝𑄪𑄎𑄳𑄠𑄬 𑄈𑄪𑄇𑄴𑄈𑄪𑄣𑄪𑄇𑄴 𑄈𑄪𑄇𑄴𑄈𑄪𑄣𑄪𑄇𑄴 𑄉𑄪𑄢𑄨 𑄈𑄎𑄬𑄢𑄴।,উন্দু বুজিে খুক খুক করে কাশি খা
𑄟𑄉𑄧 𑄘𑄧𑄣 𑄜𑄬𑄣𑄬𑄝𑄢𑄴 𑄍𑄬𑄭𑄃𑄮 𑄇𑄧𑄘𑄧𑄢𑄝𑄱 𑄝𑄝𑄬 𑄘𑄨𑄝𑄢𑄴 𑄇𑄨𑄠𑄮𑄃𑄨 𑄚𑄬𑄃𑄨।,.মাছের দলা ফেলার সম ঢাকনাটা বন্ধ করার কিছুই নেই
"𑄣𑄬𑄝𑄴𑄣𑄬𑄝𑄨 𑄝𑄝𑄬 𑄃𑄚𑄴𑄙𑄎𑄳𑄠𑄬 𑄟𑄪 𑄃𑄧𑄃𑄨 𑄛𑄧𑄙𑄧 𑄇𑄨𑄗𑄳𑄠 𑄌𑄬 𑄃𑄊𑄬, 𑄃𑄨𑄚𑄴𑄘𑄨 𑄝𑄪𑄎𑄳𑄠𑄬 𑄙𑄧𑄉𑄬𑄢𑄴।",লেলিে দেওার সম আমি এই পথের দিকে তাকিে আছি
𑄟𑄬𑄊𑄧 𑄛𑄨𑄙𑄬,মেঘের পিঠা
𑄥𑄪𑄚𑄚𑄪 𑄃𑄣𑄮𑄟𑄧𑄠𑄴 𑄌𑄋𑄴𑄟,শুনে শুনে আমরা চাংমাা
𑄈𑄬𑄝𑄢𑄴 𑄟𑄧𑄚𑄬 𑄦𑄧𑄠𑄴 𑄟𑄬𑄊𑄧 𑄛𑄨𑄙𑄬,খাওার মনে হ মেঘের পিঠা
𑄥𑄧𑄚𑄢𑄴 𑄌𑄨𑄎𑄨𑄖𑄴𑄖𑄪𑄚𑄴।,সনাের চোঙা
"𑄟𑄬𑄇𑄴𑄈𑄚𑄨 𑄢𑄧𑄃𑄨𑄠𑄬 𑄃𑄉𑄏𑄧𑄖𑄴,",মেেটা মাটিতে পে আছে
𑄘𑄪𑄢𑄮𑄖𑄴 𑄟𑄘𑄨𑄖𑄴𑄖𑄪𑄚𑄴।,দূরের জিনিস
"𑄃𑄬𑄇𑄴𑄘𑄨𑄚𑄴 𑄃𑄬𑄣𑄧 𑄖𑄬𑄚𑄴𑄖𑄬𑄋𑄪𑄢𑄨,","এক দিন এসেছে তেকোণা, একদিন এসেছে তেকোণা"
𑄚𑄨𑄣𑄧 𑄛𑄨𑄘𑄨𑄖𑄴 𑄉𑄧𑄢𑄨।,নীলপিঠ করে
𑄌𑄨𑄎𑄨 𑄌𑄬𑄣𑄧𑄉𑄮𑄃𑄨 𑄟𑄬𑄇𑄴𑄈𑄚𑄨𑄢𑄬,ছোট ছোট মেেকে
𑄦𑄙𑄧𑄖𑄴 𑄙𑄪𑄢𑄨 𑄙𑄪𑄢𑄨।,পাে পাে
𑄥𑄧𑄚𑄢𑄴 𑄌𑄨𑄎𑄨𑄢𑄴 𑄞𑄢𑄨 𑄙𑄛𑄴 𑄟𑄬𑄊𑄧 𑄘𑄬𑄏𑄧𑄖𑄴 𑄡𑄬𑄝𑄢𑄴।,স্যান্ডেলের চূা দিে মেঘের দেশে যাওা
𑄇𑄨 𑄘𑄮𑄣𑄴 𑄟𑄬𑄇𑄴𑄈𑄚𑄨।,কি সুন্দর মেে
"𑄢𑄋 𑄟𑄬𑄇𑄴, 𑄢𑄋𑄧𑄌𑄳𑄠𑄬 𑄟𑄬𑄇𑄴, 𑄙𑄪𑄛𑄴 𑄟𑄬𑄇𑄴, 𑄙𑄮𑄣𑄮𑄌𑄳𑄠𑄬 𑄟𑄬𑄇𑄴।","লাল মেে,রাঙা মেে, সাদা মেে"
𑄥𑄬𑄟𑄬𑄖𑄴 𑄖𑄪𑄣𑄧 𑄙𑄧𑄇𑄴 𑄙𑄪𑄛𑄴 𑄙𑄪𑄛𑄴 𑄟𑄬𑄇𑄴𑄈𑄚𑄨𑄖𑄴 𑄉𑄪𑄌𑄴𑄍𑄬𑄣𑄬 𑄞𑄢𑄨 𑄥𑄪𑄇𑄴 𑄃𑄧𑄞𑄧 𑄛𑄢 𑄛𑄠𑄴।,তত ব সাদা খাটে বসলে অনেক সুখ পাওা যা
𑄟𑄖𑄴𑄖𑄧𑄢𑄴 𑄇𑄣 𑄌𑄪𑄇𑄴 𑄌𑄪𑄇𑄴 𑄟𑄬𑄇𑄴𑄈𑄚𑄨𑄖𑄴 𑄖𑄬 𑄘𑄬𑄃𑄨 𑄚𑄧 𑄛𑄢𑄬।,.সে শুধু কালো চুক চুক করে মেেকে দিতে পারে।
𑄃𑄬𑄇𑄴𑄈 𑄃𑄧𑄣𑄬 𑄏𑄧𑄣𑄴𑄉 𑄝𑄮𑄃𑄨𑄠𑄬𑄢𑄴 𑄃𑄬𑄚𑄬𑄃𑄨 𑄥𑄧𑄁𑄥𑄢𑄚𑄴 𑄏𑄨𑄚𑄴𑄘𑄪𑄢𑄪𑄇𑄴 𑄈𑄨𑄚𑄴𑄘𑄪𑄢𑄪𑄇𑄴 𑄉𑄧𑄢𑄨 𑄘𑄳𑄠।,একনাগাে ঝগা বইে সংসারটা নেচে নেচে দে
𑄥𑄬 𑄣𑄧𑄉𑄬 𑄃𑄬𑄡𑄧𑄚𑄴 𑄝𑄧𑄢𑄴 𑄝𑄧𑄢𑄴 𑄘𑄬𑄝 𑄛𑄬𑄢𑄇𑄴।,তার সাথে এখন ব ব ভূমিকম্প
𑄟𑄖𑄴𑄖𑄧𑄢𑄴 𑄛𑄬𑄢𑄇𑄴 𑄃 𑄇𑄣 𑄇𑄣 𑄟𑄬𑄇𑄴 𑄌𑄇𑄴𑄃𑄪𑄚𑄴 𑄉𑄧𑄟𑄴 𑄚𑄧 𑄣𑄉𑄨𑄣𑄬𑄃𑄮 𑄉𑄧𑄟𑄴 𑄣𑄉𑄨𑄘𑄧 𑄎𑄢𑄚𑄨।,.মাটির পোকা ও কালো রঙের মেেগুলো ভালো না লাগলেও ভালো লাগে
𑄦𑄖𑄴 𑄇𑄣 𑄦𑄧𑄠𑄴 𑄥𑄧𑄁 𑄏𑄧𑄢𑄳𑄦𑄧𑄖𑄴 𑄞𑄨𑄎𑄨𑄘𑄬 𑄉𑄧𑄟𑄴 𑄣𑄉𑄬 𑄇𑄚𑄚𑄨 𑄘𑄨𑄝𑄬 𑄃𑄋𑄪𑄣𑄬 𑄇𑄇𑄴𑄇𑄬 𑄙𑄨𑄝𑄬 𑄘𑄨𑄚𑄬𑄃𑄨 𑄃 𑄇𑄇𑄴𑄇𑄬 𑄚𑄙𑄬𑄚𑄬 𑄥𑄪𑄚𑄨 𑄗𑄇𑄴𑄇𑄬।,. হাত কালো হে বৃষ্টিতে ভিজলে ভালো লাগে
"𑄡𑄪𑄚𑄨 𑄥𑄨𑄣𑄴 𑄛𑄧𑄢𑄳𑄦𑄧𑄚𑄴, 𑄥𑄣𑄬 𑄈𑄪𑄎𑄨𑄠𑄬 𑄛𑄧𑄢𑄚𑄴 𑄥𑄧𑄌𑄴𑄌𑄧𑄘𑄠𑄴।",".জুনি শীল পেছে,সে খুশি হে পে"
"𑄖 𑄟𑄟𑄳𑄦 𑄇𑄧𑄠𑄴, 𑄥𑄬 𑄥𑄨𑄣𑄪𑄚𑄴 𑄈𑄬𑄣𑄬 𑄞𑄨𑄣𑄬 𑄎𑄨𑄁𑄇𑄚𑄨𑄃𑄚𑄴 𑄥𑄬𑄞𑄇𑄎𑄬 𑄚𑄧 𑄙𑄧𑄢𑄬।","তার মা বলে,সে সুইচটা খেললে জীবনটা ভালো লাগে না"
𑄝𑄬𑄌𑄴 𑄉𑄧𑄢𑄨 𑄥𑄨𑄣𑄴 𑄛𑄧𑄢𑄴𑄣𑄬 𑄥𑄨𑄣𑄪𑄚𑄴 𑄜𑄣𑄴𑄣𑄬 𑄜𑄣𑄴𑄣𑄬 𑄊𑄧𑄢𑄧𑄖𑄴 𑄥𑄧𑄟𑄚𑄴𑄘𑄨।,বেশি করে সীল পলে ছিঁে পে বািে যাওা যা
𑄈𑄚 𑄇𑄧𑄙𑄇𑄴 𑄈𑄬𑄝𑄬 .....,খাওার কথা খাওা লাগবে
𑄟𑄪𑄠𑄮𑄖𑄴 𑄘𑄨𑄣𑄬 𑄟𑄪𑄠𑄮𑄝𑄬𑄘 𑄥𑄳𑄦𑄧𑄚𑄴 𑄟𑄧𑄢𑄬।,আমি তোমাকে দিলে আমার ভালো লাগে
𑄇𑄨 𑄥𑄪𑄠𑄮𑄖𑄴!,কি মজা!
𑄌𑄨𑄏𑄨 𑄞𑄝𑄬 𑄥𑄨𑄣𑄪𑄚𑄴 𑄥𑄬𑄖𑄴𑄖𑄧𑄟𑄚𑄴 𑄥𑄪𑄠𑄮𑄖𑄴 𑄃 𑄟𑄬𑄇𑄴𑄈𑄚𑄨 𑄇𑄧𑄖𑄴𑄖𑄧𑄟𑄚𑄴 𑄥𑄪𑄠𑄮𑄖𑄴 𑄃𑄧𑄞𑄧 𑄇𑄨𑄏𑄬𑄚𑄨?,চিঝির মতো সিলিং এত উঁচুতে কেন বসাতেছো?
"𑄦𑄟𑄨𑄎𑄬 𑄞𑄝𑄬, 𑄡𑄪𑄚𑄨 𑄛𑄬𑄃𑄨𑄇𑄴 𑄃𑄧𑄘𑄧 𑄖𑄬 𑄎𑄨𑄁𑄇𑄚𑄨𑄃𑄚𑄴 𑄟𑄬𑄊𑄬 𑄟𑄬𑄊𑄬 𑄞𑄧𑄋𑄨 𑄞𑄧𑄋𑄨 𑄇𑄘𑄬 𑄘𑄨𑄣𑄪𑄚𑄴।",".আমি চিন্তা করি,যেভাবে জীবনটা কেটেছে তার জন্য কাঁদতেছে"
𑄟𑄘𑄨𑄖𑄴 𑄚𑄧 𑄣𑄟𑄨𑄣𑄪𑄚𑄴।,মাটিতে নামতে পারলাম না
"𑄛𑄬𑄖𑄴 𑄛𑄪𑄢𑄨𑄣𑄬 𑄟𑄬𑄇𑄴 𑄈𑄬𑄣𑄪𑄚𑄴, 𑄃𑄬 𑄟𑄬𑄇𑄴 𑄌𑄉𑄖𑄴𑄖𑄪𑄚𑄴 ...𑄃𑄪 𑄟𑄬𑄇𑄴 𑄌𑄉𑄧𑄖𑄴 𑄝𑄬𑄢𑄳𑄦𑄬 𑄝𑄬𑄢𑄳𑄦𑄬𑄃𑄨 𑄗𑄬𑄣𑄪𑄚𑄴।","পেট ভরে খাওা হলে মেে খাওা, এই মেেটার থেকে -ও মেেটা ঘুরে বেে থাকল"
𑄃𑄬𑄇𑄴𑄘𑄨𑄚𑄴 𑄌𑄨𑄏𑄨 𑄟𑄮𑄚𑄧 𑄛𑄨𑄘𑄨𑄖𑄴 𑄃𑄨𑄎𑄧𑄢𑄧𑄖𑄴 𑄝𑄮𑄃𑄨 𑄃𑄊𑄬।,এক দিন চিঝি পাে বরফে বসে আছে
𑄟𑄪𑄏𑄪𑄋𑄮𑄖𑄴 𑄜𑄪𑄢𑄪𑄢𑄪𑄖𑄴 𑄉𑄧𑄢𑄨 𑄃𑄬𑄇𑄴𑄇𑄱 𑄖𑄬𑄚𑄴𑄖𑄬𑄋𑄪𑄢𑄨 𑄃𑄪𑄢𑄳𑄦𑄨 𑄃𑄬𑄣𑄧।,পাহাে হঠাৎ করে একটা ঝাঁকি উঠল
𑄢𑄋 𑄌𑄨𑄇𑄴 𑄌𑄨𑄇𑄴 𑄘𑄨𑄃𑄚𑄴 𑄙𑄪𑄠𑄮।,লাল রঙের চোখগুলো ধুেছে
𑄇𑄨𑄠𑄬𑄃𑄚𑄴 𑄢𑄋𑄀।,শরীরটা লাল
𑄣𑄬𑄌𑄴𑄃𑄚𑄴 𑄝𑄚𑄴𑄝𑄚𑄴।,লেংটি বানানো
𑄟𑄖𑄴𑄖𑄧𑄢𑄴 𑄌𑄮𑄇𑄴𑄇𑄪𑄚𑄴 𑄦𑄬𑄣𑄴 𑄌𑄪𑄇𑄴𑄌𑄪𑄇𑄴।,.মাটির চোখগুলো সবুজ
𑄉𑄧𑄖𑄴𑄖𑄧𑄚𑄝𑄱 𑄇𑄇𑄴𑄇𑄬 𑄃𑄨𑄚𑄴𑄘𑄨 𑄇𑄇𑄴𑄇𑄬 𑄃𑄪𑄚𑄴𑄘𑄨 𑄊𑄪𑄢𑄬 𑄛𑄢𑄬।,ট্রাক্টরটা এদিক সেদিক ঘুরতে পারে
𑄝𑄧𑄢𑄴𑄳𑄦 𑄝𑄧𑄢𑄴𑄳𑄦 𑄘𑄨𑄝𑄬 𑄌𑄮𑄇𑄴।,ব ব চোখ
𑄃𑄬𑄣𑄧 𑄘𑄧 𑄃𑄬𑄣𑄧 𑄖𑄬 𑄚𑄧𑄠𑄴 𑄛 𑄌𑄨𑄏𑄨𑄢𑄬 𑄇𑄧𑄖𑄴𑄖𑄬,এল দা সে পা চিঝিেছে
𑄌𑄨𑄎𑄨 𑄃𑄬𑄝𑄳𑄢𑄬 𑄦𑄟𑄧𑄇𑄴!,এক জাতী হাম
"𑄃𑄮𑄟, 𑄖𑄬 𑄇𑄨 𑄘𑄮𑄣𑄬 𑄇𑄧𑄙 𑄇𑄧𑄠𑄴।","ওমা,সে কি ভালো কথা বলে"
𑄌𑄨𑄎𑄨 𑄥𑄮𑄢𑄮𑄖𑄴 𑄉𑄧𑄢𑄨 𑄝𑄪𑄘𑄴𑄙𑄨 𑄚𑄨𑄉𑄨𑄣𑄬𑄣𑄧।,চট করে বুদ্ধি বের হওা
𑄖𑄬 𑄇𑄧𑄣𑄧..........,সে কল
"........𑄞𑄝𑄧𑄋𑄧𑄢𑄴, 𑄟𑄧𑄢𑄴𑄃𑄮 𑄡𑄪𑄚𑄨 𑄖𑄧𑄟 𑄥𑄚𑄴𑄚𑄬 𑄘𑄪𑄠𑄮 𑄗𑄬𑄘𑄧।","ব, আমার সাথে তোমার যোগা আছে"
: 𑄖𑄬 𑄇𑄨 𑄉𑄮𑄢𑄴𑄣𑄨𑄚𑄴?,সে কি গরল?
: 𑄇𑄨 𑄉𑄮𑄢𑄴𑄣𑄪𑄋𑄪𑄚𑄴.........।,কি গুো করলাম
𑄃𑄩𑄙𑄮𑄖𑄴 𑄃𑄪𑄘𑄨𑄣𑄧 𑄖𑄢𑄴 𑄘𑄧 𑄟𑄬𑄇𑄴 𑄈𑄬𑄝𑄢𑄴 𑄙𑄛𑄴।,.এখানে উঠে তার মেেকে খাওার শখ
𑄟𑄬𑄊𑄧 𑄘𑄬𑄏𑄧𑄖𑄴 𑄡𑄬𑄝𑄢𑄴 𑄃𑄃𑄮𑄧𑄌𑄴।,মেঘের দেশে যাওা
"𑄃𑄬𑄇𑄴𑄇𑄱 𑄃𑄋𑄪𑄣𑄴𑄣𑄮𑄃𑄨 𑄟𑄬𑄇𑄴𑄊𑄚𑄨 𑄘𑄬𑄊𑄬𑄃𑄨 𑄘𑄨𑄚𑄬𑄃𑄨 𑄇𑄧𑄣𑄧,",এক আঙুল দিে মেে কথা বলে
..... 𑄃𑄪 𑄃𑄪 𑄃𑄪 ........ 𑄟𑄬𑄇𑄴𑄇𑄚𑄨𑄖𑄴 𑄉𑄬𑄣𑄪𑄋𑄪𑄚𑄴 𑄃𑄠𑄴।,.উ উ উ উ করে পানিতে পলাম
"𑄖𑄬𑄚𑄴𑄖𑄬𑄋𑄪𑄢𑄨𑄝𑄱 𑄇𑄧𑄣𑄧, 𑄟𑄪𑄃𑄨 𑄝𑄬𑄌𑄴 𑄃𑄪𑄢𑄳𑄦𑄨 𑄚𑄧 𑄛𑄢𑄧𑄋𑄴 𑄃𑄪𑄖𑄴𑄖𑄪𑄚𑄴।","তেকোণাটা কল,আমি বেশি উঠতে পারি না"
𑄟𑄪𑄃𑄨 𑄃𑄉𑄎𑄧𑄢𑄴 𑄖𑄧𑄣𑄬 𑄖𑄣𑄖𑄴 𑄃𑄪𑄢𑄳𑄦𑄧𑄁।,পাহাের নিচে তালা দো
𑄖𑄪𑄃𑄨 𑄡𑄬𑄝𑄢𑄴 𑄌𑄬𑄣𑄬 𑄟𑄪𑄃𑄨 𑄖𑄧𑄢𑄬 𑄚𑄘𑄬𑄋𑄴𑄇𑄪𑄖𑄴𑄖𑄨𑄝𑄮𑄣𑄧𑄃𑄨 𑄃𑄬𑄉𑄧𑄖𑄴𑄖𑄧𑄢𑄴 𑄉𑄪𑄢𑄨 𑄘𑄨 𑄛𑄢𑄨𑄟𑄴।,তুমি যাওা চাইলে আমি তোমাকে নাছোাচাা করে দিতে পারবো
𑄖𑄬 𑄟𑄧 𑄃𑄪𑄉𑄪𑄢𑄬𑄚𑄴𑄘𑄨𑄠𑄳𑄠𑄧 𑄃𑄪𑄢𑄳𑄦𑄨 𑄛𑄢𑄨𑄟𑄴।,সে আমার উপর দিে উঠতে পারবে
𑄌𑄨𑄎𑄨𑄤𑄧 𑄢𑄎𑄨 𑄤𑄧𑄣𑄴।,চিজওালা ভাজি
𑄘𑄬𑄇𑄴𑄈𑄬 𑄘𑄬𑄇𑄴𑄈𑄬 𑄖𑄬𑄚𑄴𑄖𑄬𑄋𑄪𑄢𑄨𑄝𑄱 𑄝𑄨𑄢𑄬𑄖𑄴 𑄤𑄧𑄣𑄴।,দেখতে দেখতে তেন্নেটা অনেক ব
𑄌𑄨𑄎𑄨 𑄃𑄪𑄘𑄨𑄣𑄧 𑄖 𑄛𑄨𑄘𑄨𑄖𑄴।,তার পিঠে
𑄡𑄘𑄧𑄚𑄴 𑄡𑄬 𑄡𑄘𑄧𑄚𑄴 𑄃𑄪𑄢𑄳𑄦𑄨।,".যেদিকে যা,যেদিকে যা"
𑄡𑄘𑄬 𑄡𑄘𑄬 𑄡𑄘𑄬𑄃𑄨 .... 𑄚𑄘𑄬𑄋𑄴𑄇𑄪𑄖𑄴𑄖𑄨𑄝𑄮𑄣𑄧𑄃𑄨 𑄘𑄬𑄊।,.যাওাযাওা করতে করতে...নারিকেলের মতো দেখতে
"𑄚𑄘𑄬𑄋𑄴𑄇𑄪𑄖𑄴𑄖𑄨𑄝𑄱𑄃𑄨 𑄇𑄧𑄣𑄧, 𑄃 𑄖𑄪𑄟𑄨 𑄇𑄪𑄙𑄪 𑄡𑄬𑄝?","নাক থেকে গন্ধ বের হওার শব্দ, তুমি কোথা যাবে?"
"𑄖𑄬𑄚𑄴𑄖𑄬𑄋𑄪𑄢𑄨𑄝𑄱 𑄟𑄘𑄨 𑄃𑄪𑄘𑄨𑄣𑄧, 𑄃𑄨𑄀 ...... 𑄖𑄧 𑄃𑄨𑄘𑄪 𑄘𑄳𑄠𑄬 𑄡𑄬𑄖𑄴𑄖𑄬𑄃𑄨।","তেন্নেটা মাটি উঠতেছে,এই মাটিটা তোমার দিতে হ"
𑄖𑄢𑄬 𑄝𑄬𑄇𑄴𑄇𑄚𑄨 𑄞𑄋𑄨 𑄇𑄧𑄣𑄇𑄴।,তাকে সবগুলো ভেঙ্গে কলাই বানানো হ
𑄃𑄬𑄝𑄢𑄧𑄖𑄴 𑄌𑄨𑄎𑄨 𑄃𑄪𑄘𑄨𑄣𑄮 𑄚𑄘𑄬𑄋𑄴𑄇𑄪𑄖𑄴𑄖𑄨𑄝𑄱 𑄛𑄨𑄘𑄨𑄖𑄴।,এইবারে টিউমারটা উঠে গেল
𑄥𑄬 𑄇𑄨 𑄉𑄧𑄋𑄴!,সে কত ব
𑄇𑄚𑄴𑄎𑄝 𑄌𑄪𑄣𑄚𑄨 𑄝𑄮𑄃𑄨𑄠𑄬𑄢𑄬 𑄃𑄪𑄢𑄬𑄢𑄴।,কানের চুলগুলো বাতাসে উতেছে
𑄖𑄢𑄴 𑄛𑄧𑄢𑄬 𑄃𑄪𑄘𑄨𑄣𑄮 𑄖𑄧𑄘𑄬𑄇𑄴𑄇𑄮 𑄛𑄨𑄘𑄨𑄖𑄴।,তার পরে আরেকজন উঠলো
𑄖𑄧𑄘𑄬𑄇𑄴𑄇𑄮 𑄚𑄬𑄡𑄘𑄬 𑄚𑄬𑄡𑄘𑄬𑄃𑄨.... 𑄘𑄨𑄣𑄧𑄉𑄮𑄃𑄨 𑄝𑄢𑄴𑄉𑄨 𑄛𑄬𑄃𑄨𑄇𑄴𑄇𑄮𑄢𑄬।,".সে নেওা নেওা করতেছে,বিালের বিালকে"
𑄖𑄬 𑄝𑄢𑄴𑄉𑄨 𑄛𑄬𑄃𑄨𑄇𑄴𑄇𑄮𑄃𑄨 𑄘𑄨𑄣𑄧𑄉𑄮𑄃𑄨 𑄙𑄧𑄞𑄥𑄨𑄣𑄴𑄣𑄮𑄢𑄬।,.সে বার বার টোকাই দিে দিল
"𑄙𑄧𑄞𑄥𑄨𑄣𑄴𑄣𑄮 𑄇𑄧𑄠𑄴, 𑄟𑄪𑄃𑄨 𑄘𑄧 𑄝𑄬𑄌𑄴𑄞𑄇𑄴 𑄟𑄬𑄇𑄴 𑄈𑄬 𑄈𑄬 𑄗𑄁।","সাদা শার্টটা ক,আমি তো বেশি মলা খেে থাকি"
𑄟𑄪𑄃𑄨 𑄖𑄧𑄢𑄬 𑄃𑄨𑄇𑄴𑄇𑄨𑄢𑄬 𑄟𑄬𑄊𑄧 𑄘𑄬𑄎𑄧𑄖𑄴 𑄣𑄪𑄟𑄬 𑄘𑄨𑄟𑄴𑄟𑄮𑄃𑄨।,আমি তোমাকে আজকে মেঘের সামনে নিে যাবো
𑄖𑄬 𑄌𑄨𑄎𑄨 𑄙𑄧𑄞𑄥𑄨𑄣𑄴𑄣𑄮 𑄛𑄨𑄘𑄨𑄖𑄴 𑄉𑄢𑄨 𑄡𑄘𑄬 𑄡𑄘𑄬 𑄡𑄘𑄬𑄃𑄨 ,সে ছোট ধবলের পিঠে করে হেঁটে যা
𑄃𑄬𑄇𑄴𑄇𑄧𑄢𑄬 𑄟𑄬𑄇𑄴𑄇𑄧𑄚𑄳𑄠𑄝𑄱 𑄃𑄪𑄘𑄧𑄚𑄧𑄖𑄴।,এক মেেটা উঠতেছে
𑄟𑄬𑄇𑄴𑄇𑄧𑄚𑄳𑄠𑄝𑄱 𑄛𑄨𑄖𑄴𑄘𑄨 𑄃𑄪𑄘𑄮𑄚𑄴 𑄥𑄪𑄢𑄬𑄢𑄴।,মেেটা পিছন ফিরে আসে
𑄃𑄪𑄘𑄧𑄚𑄧𑄖𑄴 𑄇𑄧𑄚𑄧 𑄜𑄬𑄎 𑄚𑄬𑄃𑄨।,উপরে কোনো আবর্জনা নেই
𑄉𑄧𑄟𑄬 𑄌𑄃𑄨𑄘𑄨 𑄇𑄧𑄚𑄴 𑄥𑄨𑄣𑄴।,ভালোভাবে দেখার মতো কোন শীল
𑄘𑄬𑄝𑄝𑄮 𑄏𑄧𑄢𑄴 𑄘𑄨𑄣𑄬 𑄡𑄨𑄃𑄪𑄚𑄴 𑄖𑄢𑄳𑄦𑄃𑄨𑄘𑄪 𑄛𑄧𑄢𑄧𑄚𑄴।,আকাশটা ঝ দিলে তারা পে
𑄟𑄧𑄚𑄬 𑄇𑄧𑄖𑄴𑄖𑄬 𑄛𑄬𑄘𑄬 𑄛𑄬𑄘𑄬 𑄦𑄎𑄪𑄣𑄴 𑄉𑄧𑄢𑄨 𑄉𑄧𑄢𑄨 𑄣𑄧।,মনের ইচ্ছা পূরণ করে নাও
𑄣𑄌𑄴 𑄉𑄧𑄢𑄬 𑄛𑄢।,.লবনাক্ত করতে পারা
𑄟𑄬𑄇𑄴𑄇𑄧𑄚𑄳𑄠𑄝𑄮𑄢𑄬 𑄢𑄨𑄚𑄨 𑄌𑄬𑄣𑄧।,মেেটাকে বিে করল
"𑄟𑄬𑄇𑄴𑄇𑄮𑄃𑄨 𑄈𑄧𑄝𑄧𑄋𑄴 𑄝𑄚𑄴𑄚𑄬, 𑄟𑄬𑄊𑄧𑄢𑄴 𑄈𑄘𑄨, 𑄟𑄬𑄊𑄧𑄢𑄴 𑄛𑄨𑄚𑄮𑄚𑄴।","মেেটি খবং বানি,মেঘের খাদি,মেঘের পিনন"
𑄛𑄨𑄚𑄮𑄚𑄧𑄢𑄴 𑄌𑄝𑄪𑄉𑄨𑄝𑄮 𑄢𑄚𑄴𑄎𑄪𑄚𑄨𑄣𑄮𑄃𑄨 𑄝𑄪𑄚𑄳𑄠।,. পিনোনের চামাগুলো রেছে
𑄈𑄘𑄨 𑄛𑄬𑄣𑄪𑄚𑄴 𑄢𑄚𑄴𑄎𑄪𑄚𑄨𑄣𑄮𑄃𑄩 𑄝𑄪𑄚𑄳𑄠 𑄦𑄧𑄣𑄬𑄠𑄪 𑄥𑄨𑄃𑄪𑄚𑄴 𑄃𑄬𑄇𑄴𑄇 𑄌𑄨𑄉𑄮𑄚𑄴 𑄌𑄨𑄉𑄮𑄚𑄴।,খাদি পোরাগুলো রোদে দিে বোনা হলে সেগুলো একটু ছোট
𑄞𑄧𑄢𑄧𑄚𑄴 𑄞𑄨𑄢𑄮𑄚𑄴 𑄟𑄬𑄇𑄴𑄇𑄧𑄚𑄳𑄠𑄝𑄱 𑄝𑄪𑄇𑄴𑄇𑄱 𑄎𑄧𑄣𑄬𑄢𑄴 𑄈𑄘𑄨 𑄛𑄬𑄣𑄪𑄚𑄴𑄘𑄮𑄃𑄨।,ভরা বিালটা পানির খাটিা পেল
"𑄟𑄬𑄊𑄧𑄢𑄴 𑄉𑄌𑄴, 𑄟𑄬𑄊𑄧𑄢𑄴 𑄝𑄌𑄴, 𑄟𑄬𑄊𑄧𑄢' 𑄊𑄧𑄢𑄴।","মেঘ গাছ,মেঘের বাজ,মেঘরা বাি"
𑄡𑄨𑄚𑄴𑄘𑄨 𑄌𑄃𑄨 𑄥𑄨𑄚𑄴𑄘𑄨 𑄘𑄮𑄣𑄴!,যেদিকে যা সেখানে সুন্দর
𑄃𑄪𑄘𑄮𑄚𑄧𑄢𑄴 𑄘𑄧𑄉𑄨𑄚𑄴 𑄙𑄉𑄬𑄘𑄨 𑄝𑄧𑄢𑄬𑄖𑄴 𑄉𑄌𑄴।,এক জাতী গাছ
𑄏𑄪𑄢𑄳𑄦𑄨 𑄛𑄧𑄖𑄴𑄖𑄧𑄚𑄴 𑄜𑄪𑄇𑄴 𑄜𑄪𑄇𑄴 𑄉𑄧𑄢𑄨।,ঝুিটা ফোটা ফোটা করে
𑄃𑄬 𑄥𑄨𑄃𑄪𑄚𑄴 𑄟𑄬𑄇𑄴𑄇𑄧𑄚𑄳𑄠𑄝𑄮 𑄥𑄪𑄢𑄬𑄖𑄴𑄖𑄬।,এই সেই মেেটা অনেক কষ্ট পাচ্ছে
𑄡𑄨𑄃𑄪𑄚𑄴 𑄡𑄨𑄃𑄪𑄚𑄴 𑄉𑄌𑄴 𑄛𑄉𑄚 𑄃 𑄟𑄧𑄎𑄧𑄘𑄧𑄚𑄴 𑄥𑄨𑄃𑄪𑄚𑄴 𑄡𑄚𑄬 𑄎𑄧𑄣𑄧𑄘𑄧𑄚𑄴!,যারা যারা গাছ কাটতে যাচ্ছে তাদের বেশিরভাগই যাচ্ছে
𑄙𑄧𑄞𑄥𑄨𑄣𑄴𑄣𑄱 𑄟𑄬𑄇𑄴𑄇𑄧𑄚𑄳𑄠𑄝𑄱𑄢𑄬 𑄃𑄬𑄇𑄴𑄇𑄮 𑄏𑄪 𑄏𑄪 𑄘𑄨𑄣𑄧।,.ধবলটা মেেটাকে একটা ঝুি দিল
𑄟𑄬𑄇𑄴𑄇𑄧𑄚𑄳𑄠𑄝𑄮𑄢𑄬𑄠𑄪 𑄏𑄪 𑄏𑄪 𑄘𑄨𑄣𑄧।,মেেটাকে ঝুিে দিল
𑄖𑄢𑄬 𑄟𑄬𑄊𑄧 𑄛𑄨𑄙𑄬 𑄈𑄝𑄬𑄝𑄖𑄴𑄖𑄬 𑄖𑄧 𑄃𑄨𑄘𑄪 𑄃𑄚𑄴𑄚𑄪𑄋𑄴।,তাকে মেঘের পিঠা খাওার জন্য তোমার এখানে আছে
𑄉𑄧𑄟𑄴 𑄃𑄧𑄠𑄬 𑄃𑄃𑄨 𑄇𑄮𑄃𑄨𑄚𑄬𑄃𑄨 𑄙𑄝 𑄡𑄬𑄃𑄨 𑄃𑄎 𑄉𑄧𑄢𑄨 𑄙𑄧𑄢𑄨𑄣𑄧𑄉𑄨।,ভালো হে আসো বলে দৌে গেল
𑄃𑄬𑄙𑄧𑄇𑄴𑄇𑄧𑄚𑄴 𑄥𑄧𑄁 𑄃𑄉𑄎𑄬 𑄃𑄉𑄎𑄬 𑄃𑄪𑄖𑄴𑄖𑄬 𑄃𑄪𑄖𑄴𑄖𑄬 𑄇𑄨𑄠𑄬𑄃𑄚𑄴 𑄉𑄧𑄘 𑄎𑄪𑄢𑄬𑄠𑄬।,এত সমে উঠতে উঠতে শরীরটা জুেছে
𑄟𑄬𑄇𑄴𑄇𑄪𑄟𑄮𑄢𑄨 𑄃𑄎𑄉𑄧𑄢𑄨 𑄖 𑄊𑄧𑄢𑄧𑄢𑄴 𑄥𑄚𑄖𑄴 𑄝𑄧𑄎𑄬𑄣𑄧𑄮𑄃𑄨।,মেেটি তার বািতে বসে আছে
𑄃𑄬𑄇𑄴𑄇𑄚𑄴 𑄟𑄬𑄇𑄴𑄇𑄮𑄃𑄨 𑄝𑄪𑄚𑄳𑄠 𑄝𑄪𑄢𑄴𑄉𑄨 𑄘𑄨𑄣𑄧𑄉𑄨।,একটি মেে একটি মেেকে বুো করে দিল
𑄇𑄧𑄣𑄛𑄘𑄣𑄮𑄃𑄨 𑄃𑄚𑄨 𑄘𑄨𑄣𑄧 𑄃𑄪𑄟𑄴𑄃𑄪𑄟𑄴 𑄟𑄬𑄊𑄧𑄢𑄴 𑄛𑄨𑄙𑄬।,কলা পাতা দিে এনে দিল উম্ মেঘের পিঠা
𑄃𑄬𑄇𑄴𑄇 𑄃𑄬𑄇𑄴𑄇 𑄞𑄛𑄴 𑄃𑄪𑄢𑄳𑄦𑄧𑄘𑄧𑄚𑄴।,একটু একটু ভাপ উঠতেছে
𑄎𑄢𑄣𑄳𑄠𑄬 𑄟𑄪𑄠𑄧𑄖𑄴𑄖𑄪𑄚𑄴 𑄞𑄛𑄴 𑄃𑄪𑄢𑄳𑄦𑄬 𑄛𑄢।,আমার থেকে ভ পা
𑄈𑄬𑄣𑄬 𑄥𑄮𑄠𑄧𑄖𑄴।,১. খেলে সুস্বাদু ২. খেলে সুস্বাদু
𑄟𑄪𑄠𑄮𑄖𑄴 𑄞𑄧𑄢𑄬𑄣𑄬 𑄉𑄧𑄣𑄨 𑄡𑄚𑄴।,আমার সাথে মিশে যাওা
𑄃𑄨𑄇𑄴𑄇𑄬 𑄈𑄬𑄣𑄬 𑄃𑄢𑄧 𑄈𑄬𑄝𑄢𑄴 𑄟𑄧𑄚𑄬 𑄇𑄧𑄠𑄴।,এখন খেলে আর খাওার ইচ্ছা করে
𑄘𑄨 𑄎𑄧𑄚𑄬 𑄟𑄬𑄊𑄧 𑄛𑄨𑄘𑄬 𑄈𑄘𑄧𑄚𑄴 𑄃 𑄉𑄧𑄛𑄴 𑄟𑄖𑄴𑄖𑄧𑄚𑄴।,দুইজনে মেঘপিঁপা খা
"𑄟𑄬𑄇𑄴𑄇𑄪𑄟𑄮𑄢𑄨 𑄖𑄢𑄬 𑄇𑄧𑄠𑄴, 𑄃𑄟𑄨 𑄃𑄪𑄘𑄮𑄚𑄴 𑄥𑄪𑄢𑄨𑄚𑄬 𑄡𑄨𑄠𑄬𑄚𑄨 𑄜𑄬𑄣𑄬 𑄘𑄨𑄃𑄨 𑄖𑄧𑄟 𑄃𑄨𑄘𑄪 𑄥𑄨𑄃𑄚𑄨 𑄥𑄨𑄣𑄴 𑄇𑄧𑄚𑄴𑄘𑄬 𑄌𑄳𑄠𑄬।",".মেেটি তাকে বলে,আমরা ঝর্ণা যেগুলো ফেলে দিই সেগুলো সেলাই করে দে"
"𑄃 𑄃𑄟𑄃𑄨𑄘𑄪 𑄟𑄨𑄣𑄬𑄃𑄪𑄚𑄬 𑄟𑄙𑄊𑄪𑄎𑄨 𑄜𑄪𑄢𑄬𑄣𑄬 𑄡𑄬𑄇𑄴𑄇𑄬 𑄌𑄪𑄣𑄚𑄨 𑄝𑄎𑄳𑄠𑄚𑄴, 𑄛𑄚𑄨 𑄚𑄨𑄠𑄨𑄢𑄬𑄚𑄴 𑄥𑄬𑄇𑄴𑄇𑄬 𑄖𑄧𑄟 𑄥𑄨𑄘𑄪 𑄏𑄧𑄢𑄴 𑄛𑄧𑄢𑄬𑄘𑄬।",".আমরা মেেরা মাথা গুো করলে কিছুক্ষণ পর পানি বের হ, আর পানি নিে গেলে তোমার মাথা ঝ পে"
𑄥𑄧𑄚𑄢𑄴 𑄌𑄨𑄎𑄨 𑄥𑄪𑄚𑄨 𑄗𑄠𑄴 𑄃 𑄈𑄟𑄧𑄇𑄴 𑄃𑄧𑄠𑄴।,স্যান্ডেলের চিঁচি শুনে আর কী আছে
"𑄟𑄬𑄇𑄴𑄇𑄪𑄟𑄧𑄢𑄨 𑄖𑄢𑄬 𑄇𑄧𑄠𑄴, 𑄖𑄧𑄢𑄴 𑄡𑄬𑄘𑄧𑄇𑄴 𑄘𑄨𑄚𑄴 𑄟𑄧𑄚𑄬 𑄃𑄧𑄠𑄴 𑄟𑄧 𑄣𑄧𑄉𑄬 𑄗𑄬𑄃𑄨 𑄛𑄢𑄨𑄝𑄬।","মেেটা তাকে বলে,তোমার যত দিন মনে থাকবে আমার সাথে থাকতে পারবে"
"𑄈𑄪𑄪𑄛𑄴 𑄦𑄇𑄴𑄇𑄧𑄚𑄴 𑄛𑄧𑄢𑄬 𑄟𑄬𑄇𑄴𑄇𑄪𑄟𑄧𑄢𑄨𑄝𑄮 𑄇𑄧𑄠𑄴𑄘𑄨, 𑄡𑄬𑄃𑄨 𑄉𑄘𑄨𑄠𑄮𑄃𑄨।","পাহাের পাহাটা পরে যা, যে গািে"
𑄟𑄪𑄃𑄨 𑄃𑄢𑄧 𑄟𑄙 𑄊𑄪𑄎𑄨 𑄛𑄬𑄟𑄴𑄟𑄮𑄃𑄨।,পাহা আর মাথা ঘুর্ণিবাি
𑄟𑄬𑄊𑄧𑄢𑄴 𑄟𑄪𑄢𑄮 𑄃 𑄟𑄪𑄢𑄮 𑄥𑄬𑄢𑄬 𑄎𑄪𑄢𑄳𑄦𑄨।,মেঘের পাহাের মধ্যে জুে আছে
𑄝𑄬𑄇𑄴 𑄟𑄬𑄇𑄴𑄇𑄮𑄃𑄨 𑄝𑄚𑄬𑄠𑄬।,সব মেেদের বানানো
𑄥𑄬 𑄎𑄪𑄢𑄳𑄦𑄨𑄖𑄴 𑄖𑄉𑄧𑄣𑄧𑄇𑄴।,সে জাগা তগলক
𑄖𑄉𑄧𑄣𑄧𑄇𑄴 𑄖𑄧𑄣𑄬 𑄘𑄨𑄎𑄧𑄚𑄬 𑄉𑄘𑄧𑄘𑄧𑄚𑄴।,রামদার নিচে দুইজনে গািে
"𑄛𑄚𑄧𑄠𑄬𑄚𑄨𑄠𑄮 𑄟𑄬𑄊𑄧𑄢𑄴, 𑄥𑄤𑄧𑄚𑄚𑄴𑄠𑄪 𑄟𑄬𑄊𑄧𑄢𑄴।","পানীেও মেঘ, সাওানটাও মেঘ"
𑄟𑄬𑄇𑄴𑄇𑄪𑄟𑄧𑄢𑄨 𑄇𑄧𑄠𑄴𑄘𑄨 𑄃𑄠𑄴 𑄌𑄨𑄇𑄴𑄇𑄮 𑄖𑄧𑄢𑄬 𑄥𑄤𑄧𑄚𑄴𑄘𑄮𑄃𑄨 𑄙𑄪𑄣𑄨 𑄙𑄪𑄣𑄨 𑄉𑄙𑄬 𑄘𑄮𑄋𑄴।,.মেেটা শুধু তোমাকে পাহাের দুলে দুলে দে
"𑄚𑄬𑄃𑄨, 𑄃 𑄇𑄨 𑄃𑄪𑄠𑄬?","নেই, কি আছে?"
𑄌𑄨𑄎𑄨 𑄊𑄪𑄟𑄧𑄖𑄴𑄖𑄪𑄚𑄴 𑄎𑄉𑄨𑄣𑄧।,ছোট ঘুম থেকে জেগে উঠল
𑄢𑄨𑄚𑄨 𑄌𑄠𑄴𑄘𑄨 𑄖𑄟𑄴𑄟 𑄃𑄎𑄉𑄧𑄢𑄨 𑄃𑄊𑄬।,বিনি চামা দিে তার মা এসেছে
𑄃𑄪𑄖𑄴𑄖𑄚𑄨𑄣𑄮𑄃𑄨 𑄌𑄠𑄴𑄘𑄨 𑄃𑄬𑄝𑄧 𑄟𑄬𑄇𑄴 𑄛𑄨𑄙𑄬𑄢𑄴 𑄥𑄮𑄖𑄴 𑄝𑄏𑄨 𑄃𑄊𑄬।,ছাদে চাটাই দিে প্রস্তুত মেেটি আছে
"𑄞𑄣𑄧𑄇𑄴 𑄝𑄧𑄎𑄧𑄢𑄴 𑄛𑄧𑄢𑄴 𑄎𑄨𑄖𑄴𑄮 𑄢𑄟𑄬 𑄢𑄋𑄟𑄖𑄴𑄳𑄠𑄖𑄴𑄪𑄚𑄴 𑄝𑄨.𑄃𑄬.𑄃𑄧𑄚𑄢𑄧𑄥𑄴 𑄥𑄬𑄌𑄴 𑄉𑄧𑄢𑄨 𑄊𑄧𑄢𑄧𑄖𑄴 𑄜𑄨𑄢𑄨𑄣𑄧, 𑄈𑄉𑄢𑄍𑄧𑄢𑄨 𑄟𑄮𑄚𑄴𑄖𑄧𑄣 𑄃𑄘𑄟𑄧𑄖𑄴।","অনেক বছর পর জিতে আসা রাম লালমাাই করে বািতে ফিরে গেল, কুস্তি করতে করতে বািতে ফিরে গেল"
𑄇𑄪𑄣𑄨𑄢𑄟𑄴 𑄇𑄢𑄴𑄝𑄌𑄴𑄡𑄳𑄠 𑄚𑄨𑄘𑄪𑄇𑄴𑄖𑄪𑄇𑄴 𑄃𑄬𑄇𑄴𑄇𑄮 𑄃𑄃𑄮𑄧𑄎𑄧𑄢𑄴 𑄛𑄪𑄃𑄧।,কুলিরা বাতাস দিে এক পশলা বৃষ্টি পেছে
"𑄝𑄪𑄦𑄪𑄖𑄴 𑄛𑄫𑄎𑄧-𑄃𑄢𑄙𑄧𑄚 𑄉𑄧𑄢𑄨 𑄖𑄬, 𑄖𑄢𑄬 𑄛𑄨𑄠𑄧𑄚𑄴।",সে অনেক পূজা-আা করে তাকে পে
𑄣𑄬𑄊 𑄛𑄧𑄢 𑄣𑄧𑄉𑄬 𑄍𑄖𑄳𑄢𑄧 𑄢𑄎𑄴𑄚𑄨𑄖𑄨 𑄉𑄧𑄖𑄴𑄧।,লেখা পার সাথে ছাত্র রাজনীতি করছে
𑄥𑄨𑄖𑄳𑄠𑄭 𑄊𑄧𑄢𑄧𑄖𑄴 𑄃𑄬𑄡𑄚 𑄚𑄧 𑄃𑄧𑄠𑄴।,সেখানে বািতে আসা যা না
𑄃𑄨𑄌𑄳𑄠 𑄘𑄨𑄚𑄴𑄟𑄙𑄚𑄴 𑄉𑄧𑄟𑄴 𑄇𑄨𑄗𑄳𑄠𑄠𑄴 𑄊𑄧𑄢𑄧𑄖𑄴 𑄜𑄨𑄢𑄧𑄘𑄬 𑄝𑄧𑄢𑄟𑄧𑄖𑄴 𑄚𑄬𑄭।,আজকাল দিন ভালো নাকি বািতে ফিরতেছি
"𑄍𑄧/𑄥𑄖𑄴 𑄝𑄧𑄏𑄧𑄢𑄴 𑄢𑄋𑄟𑄖𑄳𑄠 𑄗𑄇𑄴𑄇𑄬 𑄗𑄇𑄴𑄇𑄬 𑄟𑄮𑄚𑄴𑄖𑄧𑄣 𑄃𑄘𑄟𑄚𑄴 𑄖𑄬, 𑄍𑄧𑄝𑄨 𑄥𑄚𑄳𑄠 𑄘𑄬𑄊𑄬𑄢𑄴।",ছ/সাা বছর লালমাা দেখে সে ছবি তুলছে
𑄝𑄬𑄣𑄚𑄴 𑄥𑄧𑄇𑄴𑄇𑄬 𑄘𑄪𑄝𑄧𑄁 𑄘𑄪𑄝𑄧𑄁।,সূর্য ডোবার সম
"𑄇𑄘𑄨 𑄟𑄌𑄴, 𑄛𑄨𑄣𑄁 𑄇𑄣𑄴।","এক জাতী মাছ,পিঁপা মাছ"
𑄚𑄋𑄬𑄣𑄴 𑄘𑄨𑄊𑄧𑄣𑄩 𑄦𑄘𑄧𑄘𑄬 𑄃 𑄘𑄨𑄉𑄣𑄴 𑄝𑄬𑄭 𑄖𑄬𑄛𑄴 𑄖𑄬𑄛𑄴 𑄉𑄟𑄴 𑄏𑄪𑄢𑄨 𑄛𑄧𑄢𑄬𑄢𑄴।,.নাঙেল পাে দুই পাে গাছ পরতেছে
𑄜𑄨𑄝𑄨𑄢𑄴 𑄜𑄨𑄛𑄨𑄢𑄴 𑄟𑄨𑄘𑄬 𑄟𑄨𑄘𑄬 𑄝𑄮𑄠𑄬𑄢𑄬 𑄖 𑄛𑄌𑄴 𑄛𑄧𑄢𑄚𑄴 𑄏𑄪𑄢𑄬 𑄡𑄢𑄴।,পাহাের পাে পাহাের পাখানা হে যা
"𑄃𑄬𑄘𑄧𑄇𑄴 𑄦𑄧𑄢𑄚𑄴 𑄖𑄳𑄠𑄪𑄃𑄧 𑄖𑄢𑄬 𑄃𑄧𑄢𑄚𑄴 𑄉𑄧𑄢𑄨 𑄚𑄧 𑄛𑄬𑄮, 𑄖𑄢𑄴 𑄈𑄪𑄛𑄴 𑄉𑄧𑄟𑄴 𑄣𑄉𑄬𑄢𑄴।","এত হরন তাকে করো না, তার মাথা ভালো লাগে"
𑄥𑄬 𑄃𑄧𑄇𑄴𑄖𑄧𑄖𑄴 𑄇𑄧𑄟𑄧𑄣 𑄛𑄪𑄘𑄨 𑄃 𑄖 𑄏𑄨 𑄙𑄧𑄚𑄧𑄝𑄨 𑄝𑄢 𑄝𑄚 𑄇𑄨𑄎𑄬𑄈𑄨𑄎𑄳𑄠 𑄛𑄧𑄢𑄨 𑄡𑄨𑄠𑄳𑄠।,.সে মুখে কমলা পিে আছে আর তার স্ত্রী ধনবি বিচি পে গেছে
𑄃𑄬 𑄃𑄧𑄇𑄴𑄖𑄧𑄖𑄴 𑄃𑄘𑄨𑄇𑄳𑄠 𑄉𑄧𑄢𑄨 𑄙𑄧𑄚𑄧𑄝𑄨𑄢𑄬 𑄘𑄨𑄨𑄊𑄨 𑄞𑄝𑄧𑄚 𑄢𑄬𑄡𑄳𑄠𑄧𑄖𑄴 𑄘𑄪𑄝𑄨 𑄉𑄬𑄣𑄧 𑄎𑄨𑄖𑄴𑄖𑄮 𑄢𑄟𑄬।,এই বছর আগে ধনবিে দিে ভে দৌে গেল রাম
"𑄃𑄉𑄏𑄧𑄖𑄴 𑄙𑄪𑄛𑄴 𑄙𑄪𑄛𑄴 𑄟𑄬𑄇𑄴𑄴𑄌𑄉 𑄇𑄧𑄖𑄴𑄖 𑄇𑄧𑄖𑄴𑄖 𑄉𑄧𑄢𑄨 𑄞𑄎𑄨 𑄡𑄢𑄴, 𑄏𑄇𑄴𑄏𑄇𑄴 𑄛𑄬𑄭𑄇𑄴 𑄇𑄨𑄎𑄨𑄇𑄴 𑄇𑄎𑄇𑄴 𑄉𑄧𑄢𑄨 𑄊𑄧𑄢𑄧𑄖𑄴 𑄜𑄨𑄢𑄨𑄘𑄧𑄚𑄴𑄴।",".আকাশে সাদা সাদা মেে ভেসে যা, ঝাক ঝাঁক করে বািতে ফিরে"
𑄇𑄟𑄴𑄟𑄮 𑄟𑄚𑄴𑄌𑄳𑄠𑄬 𑄉𑄘𑄨 𑄉𑄪𑄘𑄠𑄴 𑄥𑄁𑄥𑄋𑄳𑄠 𑄉𑄧𑄢𑄨 𑄊𑄧𑄢𑄧𑄖𑄴 𑄜𑄨𑄢𑄧𑄘𑄧𑄚𑄴।,কর্মঠ মানুষরা গাছের ফাঁকা দিে বািতে ফিরে
"𑄉𑄨𑄢𑄨𑄖𑄴𑄨 𑄊𑄧𑄢𑄧 𑄟𑄨𑄣𑄬𑄃𑄪𑄚𑄴 𑄗𑄬𑄛𑄴𑄗𑄬𑄛𑄳𑄠 𑄛𑄚𑄨 𑄇𑄪𑄟𑄴 𑄇𑄧𑄢𑄧𑄖𑄴, 𑄟𑄙𑄖𑄴 𑄌𑄪𑄇𑄴𑄌𑄪𑄇𑄳𑄠 𑄛𑄨𑄣𑄬𑄣𑄮𑄭 𑄛𑄚𑄨 𑄃𑄚𑄧𑄘𑄧𑄚𑄴।","গিরিপথ বাির মেেরা পাহাের পানি কুমা করতো,মাথা চুক চুক করে পানি আনতো"
𑄥𑄧𑄇𑄴𑄬 𑄥𑄌𑄴 𑄣𑄟𑄨 𑄃𑄬𑄎𑄬𑄢𑄴।,এক জাতী শাক আসতেছে
𑄎𑄨𑄖𑄴𑄖𑄮𑄢𑄟𑄧 𑄟𑄳𑄦𑄝𑄱 𑄎𑄪𑄟𑄧𑄖𑄴𑄪𑄚𑄴 𑄜𑄨𑄢𑄨 𑄃𑄬𑄣𑄧।,জ্যেঠারা জুম থেকে ফিরে আসলো
𑄇𑄧𑄇𑄴𑄬 𑄣𑄪𑄟𑄨𑄣𑄬 𑄝𑄳𑄦𑄙𑄧𑄚𑄴 (𑄃𑄎𑄧𑄁𑄃𑄎𑄧𑄁 𑄛𑄪𑄎𑄧𑄢𑄴 𑄉𑄧𑄢𑄴𑄣𑄧)?,কখন লুচ্চামি করতেছে?
"𑄎𑄨𑄖𑄴𑄖𑄮𑄢𑄟𑄴: 𑄃𑄬𑄘𑄧 𑄟𑄳𑄦, 𑄃𑄨𑄇𑄳𑄠।","জেদী: এখন মা, এখন"
"(𑄖 𑄟𑄢𑄬 𑄥𑄬𑄣𑄁-𑄥𑄪𑄣𑄧𑄁 𑄉𑄧𑄢𑄴𑄣𑄧) 𑄖𑄬, 𑄟'𑄝𑄬𑄇𑄴𑄇𑄪𑄚𑄬 𑄉𑄃𑄪𑄣𑄨 𑄉𑄧𑄟𑄴 𑄃𑄊𑄧?","সে তার মারে সুংসুং করতেছে,কেন সবাই গািে যাওা ভালো?"
𑄃 𑄝𑄝𑄳𑄦 𑄇𑄪𑄙𑄪 𑄡𑄨𑄠𑄬 𑄟?,বাবা কোথা গিেছে
𑄖𑄧 𑄝𑄝𑄬 𑄝𑄚 𑄟𑄧𑄘𑄴 𑄈𑄚 𑄞𑄌𑄴 𑄘𑄳𑄠𑄨।,তোমার বাবা শুধু মদ খাওা ভাত দিে
"𑄝𑄮𑄘𑄳𑄠𑄧 𑄊𑄧𑄢𑄧𑄖𑄴 𑄛𑄨𑄢𑄨𑄣𑄳𑄠, 𑄇𑄢𑄴𑄝𑄢𑄨 𑄊𑄧𑄢𑄴 𑄞𑄋।","বইের বািতে রোগী, কার্ভারি বাি ভাঙা"
𑄥𑄎𑄳𑄠𑄬 𑄖𑄧 𑄝𑄝𑄧𑄢𑄬 𑄃𑄬𑄭 𑄊𑄧𑄢𑄚𑄴𑄘𑄮𑄭।,তোমার বাপকে এই বািটা দিে
𑄝𑄚 𑄟𑄧𑄘𑄴 𑄈𑄚!,শুধু মদ খাওা
𑄃𑄬𑄘𑄧𑄇𑄴 𑄇𑄧𑄁𑄋𑄬 𑄃𑄨𑄎𑄮𑄢𑄚𑄴 𑄥𑄮𑄢𑄴 𑄉𑄧𑄢𑄨𑄝𑄢𑄴।,এত কেকদিন এখানে কষ্ট করতে হ
𑄎𑄨𑄖𑄴𑄖𑄮 𑄢𑄟𑄧𑄢𑄬 𑄖 𑄟 𑄎𑄪𑄟𑄧𑄖𑄴𑄖𑄪𑄚𑄴 𑄎𑄪𑄢𑄧 𑄃𑄣𑄪 𑄈𑄬𑄝𑄖𑄳𑄠𑄬 𑄚𑄬𑄉𑄬𑄣𑄬 𑄘𑄳𑄠𑄨।,জেতা রামকে তার মা জুম থেকে জো আলু খেে দিল
"𑄟, 𑄝𑄢 𑄝𑄚 𑄃𑄨𑄌𑄴𑄬𑄘𑄳𑄠𑄬 𑄉𑄞𑄪𑄢𑄨𑄢𑄬 𑄚𑄧 𑄌𑄨𑄚𑄨𑄣𑄪𑄋𑄴।","মা,বাি শুধু আজকে বাচ্চাটাকে দেখলাম না"
𑄖 𑄟 𑄇𑄧𑄣𑄧:- 𑄖𑄪𑄭 𑄥𑄬 𑄉𑄞𑄪𑄢𑄨𑄣𑄮𑄭 𑄇𑄨 𑄣𑄧𑄇𑄴𑄜𑄧𑄇𑄴?,তার মা জিজ্ঞেস করল: তুমি এই কুকুরটার জন্য কি লক্ষী?
𑄣𑄬𑄊 - 𑄛𑄧𑄢𑄳𑄦 𑄥𑄨𑄇𑄴𑄈𑄮𑄌𑄴 𑄣𑄬𑄊 𑄛𑄌𑄴𑄍𑄬 𑄝𑄯 𑄊𑄧𑄢𑄧𑄖𑄴 𑄖𑄪𑄣𑄨𑄝𑄧𑄁।,লেখা-পা কাগজটা পার পর বৌ বািতে তুলবো
𑄖 𑄟 𑄇𑄧𑄙𑄚𑄨 𑄣𑄮𑄭 𑄎𑄨𑄖𑄴𑄖𑄮𑄢𑄟𑄧𑄢𑄴 𑄝𑄪𑄇𑄴 𑄚𑄧 𑄞𑄧𑄢𑄬।,তার কথা গুলো ভালো করে মনে হ না
"𑄖𑄬, 𑄥𑄧𑄦𑄧𑄢𑄧𑄖𑄴 𑄣𑄬𑄊 𑄛𑄧𑄢𑄳𑄦 𑄥𑄨𑄇𑄴𑄈𑄬 𑄥𑄧𑄦𑄧𑄢𑄧 𑄟𑄨𑄣𑄬 𑄃𑄪𑄚𑄧𑄢𑄴 𑄌𑄣𑄴 - 𑄌𑄧𑄣𑄧𑄚𑄴 𑄉𑄪𑄎𑄨 𑄣𑄮𑄭 𑄚𑄧 𑄛𑄢𑄬।",সে পাশে লেখা পা সেখানে পাশের মেেরা চাল-চলতে পারে না
"𑄃𑄘𑄟𑄧𑄢𑄴 𑄛𑄪𑄃𑄧 𑄃𑄘𑄟𑄧𑄢𑄴 𑄥𑄧𑄟𑄌𑄴, 𑄥𑄧𑄁𑄌𑄴𑄇𑄳𑄢𑄨𑄖𑄨 𑄈𑄪𑄃𑄪𑄛𑄴 𑄝𑄪𑄇𑄴 𑄞𑄪𑄢𑄨 𑄡𑄠𑄴।",গ্রামের ছেলে-মেেরা একসাথে পেট ভরে যা
"𑄇𑄧𑄣𑄧:-𑄚𑄧 ""𑄌𑄨𑄚𑄧𑄋𑄴𑄢𑄧 𑄘𑄧 𑄛𑄪𑄎𑄧𑄢𑄴 𑄉𑄧𑄢𑄴𑄣𑄬 𑄇𑄨 𑄘𑄪𑄌𑄴 𑄃𑄬𑄝𑄧 𑄚𑄨𑄚 𑄟?",কল দিে শিস দিলে কি দোষ আসবে?
"𑄃𑄟𑄧𑄚𑄧𑄢𑄴 𑄌𑄮𑄇𑄴 𑄗𑄬𑄚𑄬𑄭 𑄇𑄚𑄴, 𑄥𑄨𑄖𑄴𑄖𑄳𑄠𑄭 𑄣𑄬𑄊 𑄛𑄌𑄳𑄠 𑄝𑄮 𑄛𑄬𑄝𑄢𑄴 𑄌𑄁।","আমার চোখ থেকে কান্না, সেটার জন্য লেখা পেছি বই পতে"
𑄃 𑄖𑄧 𑄟𑄪𑄎𑄨 𑄇𑄧𑄟𑄧𑄣 𑄛𑄪𑄘𑄨 𑄏𑄨𑄝𑄪 𑄙𑄧𑄚𑄧𑄝𑄨 𑄘𑄳𑄠।,তোমার মুখে কমলালেবু বিে দো
𑄚𑄧 𑄌𑄨𑄚𑄧𑄌𑄴 𑄝𑄪𑄏𑄧?,না চিনে বুঝছো?
𑄖 𑄝𑄛𑄴𑄝𑄪𑄢𑄬 𑄏𑄢𑄴𑄝𑄮𑄃𑄪𑄚𑄬 𑄟𑄢𑄬 𑄛𑄬𑄣𑄴𑄣𑄮𑄧𑄚𑄴।,তার বাপকে জঙ্গলের মধ্যে মেরে ফেললো
𑄝𑄬𑄎𑄢𑄨 𑄥𑄨𑄖𑄴𑄖𑄪 𑄙𑄪𑄢𑄨 𑄣𑄬𑄊 𑄛𑄧𑄢𑄠𑄳𑄠𑄧 𑄗𑄪𑄟𑄴 𑄃𑄧𑄠𑄳𑄠𑄬।,বোইটির পাশ দিে পা শেষ হেছে
𑄃𑄨𑄇𑄴𑄬 𑄟𑄚𑄴𑄌𑄮 𑄃𑄨𑄙𑄪 𑄚𑄧 𑄉𑄬𑄣𑄬 𑄞𑄖𑄴 𑄛𑄬𑄘𑄧𑄖𑄴 𑄚𑄧 𑄛𑄧𑄢𑄬।,এখন মাছটা এখানে না গেলে ভাত খেতে হ না
𑄖𑄧 𑄝𑄝𑄬 𑄝𑄨𑄏𑄪 𑄃𑄧𑄇𑄴𑄖𑄧𑄖𑄴 𑄃𑄬𑄇𑄴𑄝𑄢𑄬𑄋𑄴 𑄙𑄚𑄴 𑄘𑄨𑄚𑄬𑄃𑄨 𑄝𑄧𑄘𑄴𑄚𑄟𑄴 𑄉𑄧𑄖𑄴𑄧𑄚𑄴 𑄇𑄧𑄚𑄴 𑄝𑄨𑄣𑄬 𑄖𑄧 𑄟𑄪𑄎𑄨𑄣𑄮𑄭 𑄛𑄉𑄧𑄣𑄴 𑄘𑄳𑄠।,তোমার বাবা বিঝুর সম এক বারে ধান চাষ করতেছে কোন বিলের জন্য
𑄎𑄨𑄖𑄴𑄖𑄮𑄢𑄟𑄬 𑄥𑄬 𑄇𑄧𑄙 𑄥𑄪𑄚𑄨 𑄚𑄬𑄭 𑄖 𑄟𑄧𑄚𑄚𑄴 𑄃𑄢𑄧 𑄝𑄬𑄌𑄴 𑄃𑄇𑄴𑄇𑄮𑄭 𑄉𑄬𑄣𑄧 𑄙𑄧𑄚𑄧𑄝𑄨 𑄃𑄨𑄚𑄴𑄘𑄨।,জেতাটা সেই কথা শুনে আর মনের মিল হলোনা তার
"𑄊𑄨𑄣𑄬 , 𑄚𑄔𑄬𑄋𑄴 𑄈𑄢 𑄈𑄬𑄣𑄬𑄘𑄇𑄴।","ঘিলে,নাাচা খেলে"
𑄢𑄕𑄳𑄠𑄬 𑄎𑄪𑄟𑄧𑄖𑄴𑄪𑄚𑄴𑄴 𑄍𑄧𑄘𑄧𑄢𑄧𑄇𑄴 𑄜𑄪𑄣𑄴 𑄖𑄪𑄣𑄨 𑄉𑄏𑄧 𑄍𑄝𑄖𑄴 𑄝𑄮𑄭 𑄜𑄪𑄣𑄴 𑄍𑄧𑄢 𑄉𑄘𑄬𑄘𑄇𑄴।,.রান্না জুমের চূা দিে এক জাতী ফুল ছানো হ
𑄃𑄨𑄠𑄚𑄨 𑄖𑄢𑄴 𑄣𑄢𑄬 𑄣𑄢𑄬 𑄃𑄨𑄘𑄮𑄖𑄴 𑄃𑄪𑄘𑄨 𑄌𑄨𑄉𑄮𑄚𑄴 𑄇𑄣𑄧𑄖𑄴 𑄜𑄨𑄢𑄨 𑄉𑄬𑄣𑄧।,এগুলো তার ধীরে ধীরে এখানে ফিরে আসলো
𑄃𑄬𑄇𑄴 𑄚𑄨𑄟𑄮𑄚𑄴 𑄉𑄧𑄢𑄨 𑄇𑄨 𑄞𑄝𑄬𑄢𑄴!,.একনিম করে কি করবে!
𑄃𑄬𑄭 𑄃𑄧𑄇𑄴𑄖𑄧𑄖𑄴 𑄖 𑄟 𑄇𑄧𑄣𑄧:- 𑄝𑄳𑄦𑄙𑄧𑄚𑄴 𑄉𑄧𑄢𑄧𑄟𑄴 𑄛𑄚𑄨𑄠𑄚𑄴 𑄘𑄮𑄃𑄨 𑄉𑄖𑄴𑄮𑄃𑄨।,এই পর্যন্ত তার মা কল দিে গরম পানি দিেছে
"𑄢𑄬𑄖𑄴, 𑄇𑄪𑄣𑄨𑄢𑄟𑄬 𑄊𑄧𑄢𑄧𑄖𑄴 𑄜𑄨𑄢𑄨𑄣𑄧।","রাতের বেলা, কুলিে বািতে ফিরল"
𑄃𑄬𑄇𑄴 𑄥𑄧𑄟𑄢𑄬 𑄞𑄖𑄴 𑄈𑄬𑄣𑄇𑄴।,এক সাথে ভাত খাওা
𑄖 𑄃𑄃𑄮𑄎𑄧𑄢𑄴 𑄛𑄪𑄃𑄧 𑄎𑄨𑄖𑄴𑄖𑄮𑄢𑄟𑄬 𑄣𑄮𑄌𑄨𑄋𑄮𑄖𑄴 𑄗𑄚 𑄈𑄚 𑄛𑄮𑄭𑄘𑄳𑄠𑄚𑄬 𑄛𑄪𑄎𑄮𑄢𑄴 𑄉𑄧𑄢𑄴𑄣𑄧।,.তার ছেলে জোটা মাঠে দাঁিে আছে।
"𑄖𑄨𑄚𑄴 𑄟-𑄝𑄛𑄴 𑄛𑄪𑄘𑄬 𑄚𑄚𑄋𑄴 𑄇𑄧𑄙 𑄝𑄖𑄴𑄖𑄠𑄴 𑄇𑄪𑄣𑄨𑄢𑄟𑄬 𑄇𑄧𑄣𑄧 :- ""𑄛𑄪𑄖𑄴, 𑄖𑄪𑄃𑄨 𑄟𑄧𑄢𑄴 𑄃𑄬𑄇𑄴𑄱 𑄚𑄨𑄘𑄪𑄇𑄴𑄖𑄪𑄇𑄳𑄠 𑄃𑄃𑄮𑄎𑄮𑄢𑄴 𑄛𑄪𑄃𑄧।","তিন মা-বাবা কথা বলতে বলতে ক্লান্ত: ছেলে, তুমি আমার জন্য একটু অপেক্ষা করো"
"𑄃𑄏 𑄉𑄧𑄢𑄧𑄁 𑄟𑄧 𑄇𑄧𑄙𑄚𑄨 𑄝𑄪𑄏𑄨 𑄛𑄢𑄧𑄢𑄴, 𑄇𑄧𑄙𑄧𑄇𑄴 𑄘𑄪𑄊𑄬 𑄇𑄧𑄌𑄴𑄖𑄧 𑄟𑄮𑄚𑄴 - 𑄟𑄪𑄢𑄴 𑄞𑄋𑄨 𑄞𑄋𑄨 𑄃𑄨𑄌𑄳𑄠𑄬 𑄖𑄧𑄢𑄬 𑄡𑄨𑄖𑄴𑄖𑄪𑄢𑄴 𑄛𑄢𑄨 𑄣𑄬𑄊 - 𑄛𑄧𑄢𑄳𑄦 𑄥𑄬𑄊𑄬𑄢𑄴।","আমার কথাগুলো মনে হ, কত দুঃখ করে আমার কথাগুলো মনে পে"
𑄃𑄨𑄠𑄚𑄴 𑄃𑄟𑄳𑄦 𑄊𑄧𑄢𑄴-𑄥𑄧𑄁𑄥𑄢𑄧𑄖𑄴 𑄟𑄬𑄭𑄖𑄴 𑄖𑄧𑄢𑄴 𑄇𑄨 𑄥𑄧𑄝𑄧𑄚𑄴 𑄃𑄊𑄬 𑄥𑄨𑄠𑄚𑄴 𑄟𑄪𑄭 𑄈𑄧𑄝𑄧𑄢𑄴 𑄚𑄧 𑄛𑄋𑄴।,এগুলো আমাদের বািতে-সংসারে কি আছে সেটা আমি জানি না
"𑄟𑄧𑄢𑄴 𑄝𑄨𑄌𑄴𑄥𑄬𑄌𑄴 𑄃𑄟𑄨 𑄃𑄬𑄇𑄴 𑄇𑄣𑄬 𑄢𑄎 𑄃𑄬𑄣𑄧𑄁 𑄟𑄖𑄴𑄖𑄧𑄢𑄴 𑄃𑄬𑄌𑄳𑄠 𑄞𑄋 𑄞𑄋 𑄊𑄧𑄢𑄴, 𑄖𑄨𑄚𑄴𑄚𑄮 𑄇𑄬𑄘𑄇𑄴𑄖𑄪𑄇𑄴।","আমার বন্ধু আমি এক কালে রাজা ছিলাম,তিন কালে কথা বলি"
𑄃𑄬 𑄖𑄨𑄚𑄴𑄚𑄮 𑄇𑄬𑄘𑄇𑄴𑄗𑄪𑄇𑄧𑄖𑄴𑄪𑄚𑄴 𑄖𑄧𑄢𑄬 𑄃𑄟𑄨 𑄚𑄧𑄇𑄴𑄈𑄧𑄖𑄳𑄢𑄧 𑄝𑄚𑄬𑄣𑄧𑄁।,এই তিন ভাগ থেকে তোমাকে আমি নাচা করলাম
"𑄃𑄨𑄌𑄳𑄠𑄬 𑄖𑄧𑄢𑄬 𑄃𑄬𑄘𑄧𑄇𑄳𑄠𑄬 𑄉𑄧𑄢𑄨 𑄘𑄨𑄊𑄩𑄚𑄬𑄭 𑄝𑄢𑄴 𑄉𑄧𑄢𑄨 𑄛𑄢𑄨, 𑄃𑄟𑄳𑄦 𑄟𑄪 𑄛𑄳𑄦𑄧𑄢𑄴 𑄃𑄧𑄠𑄬।",".তোমাকে এত ব করে দেখতেছি, আমাদের মুখ ঝাপসা হেছে"
"𑄃𑄎𑄪 𑄟𑄧𑄢𑄬 𑄃𑄬𑄇𑄴𑄇𑄚𑄴 𑄇𑄧𑄙 𑄇𑄮𑄭𑄠𑄬 ""𑄝𑄨𑄣𑄴𑄣𑄮 𑄇𑄪𑄎𑄪 𑄛𑄪𑄚𑄴 𑄇𑄝𑄨 𑄇𑄝𑄨 𑄣𑄉𑄬𑄣𑄬 𑄖𑄨𑄚𑄴 𑄝𑄧𑄏𑄧𑄢𑄴 𑄣𑄉 𑄛𑄧𑄢𑄬 𑄈𑄬𑄭 𑄛𑄖𑄴𑄬''।","আমি তোমাকে একটা কথা বলতেছি,বিালটা পাছা কুচি কুচি করে কাটলে তিন বছর লাগে"
"(𑄃𑄧𑄖𑄴𑄗𑄖𑄴, 𑄝𑄨𑄣𑄴𑄣𑄮 𑄇𑄪𑄎𑄪 𑄈𑄬𑄭𑄛𑄖𑄴𑄬 𑄖𑄨𑄚𑄴 𑄝𑄧𑄏𑄧𑄢𑄴 𑄥𑄧𑄁 𑄛𑄪𑄚𑄴 𑄇𑄝𑄨 𑄇𑄝𑄨 𑄣𑄉 𑄛𑄧𑄢𑄬 ) 𑄃𑄨𑄢𑄪𑄇𑄴 𑄡𑄪𑄉𑄧𑄖𑄴 𑄥𑄬 𑄇𑄧𑄙 𑄇𑄧𑄚𑄧 𑄟𑄬𑄭𑄖𑄴 𑄚𑄬𑄭।",".আকাশে,বিালের কুমা খেে তিন বছর পর্যন্ত পাছা গুঁো করতে হ"
𑄃𑄨𑄢𑄪𑄇𑄴 𑄡𑄪𑄉𑄧𑄖𑄴 𑄥𑄬 𑄝𑄨𑄣𑄴𑄣𑄮 𑄇𑄪𑄎𑄪 𑄛𑄨𑄖𑄴𑄨𑄟𑄨𑄠𑄚𑄧𑄢𑄬 𑄚𑄬𑄖𑄳𑄢𑄨𑄖𑄴𑄧 𑄘𑄬𑄓𑄧𑄚𑄴।,এখনকার দিনে সেই বাঁশটা কুচি কুচি করে পিটে দে
"𑄖𑄪𑄟𑄨 𑄇𑄨 𑄛𑄬𑄝 𑄥𑄨𑄠𑄚𑄴 𑄚𑄧𑄠𑄴, 𑄇𑄨 𑄘𑄨 𑄛𑄢𑄨𑄝 𑄛𑄨𑄖𑄴𑄨𑄟𑄨𑄠𑄚𑄧𑄢𑄬 𑄥𑄨𑄠𑄚𑄴 𑄞𑄝𑄨𑄝।","তুমি কি পেে যাবে সেটা না, পৃথিবীটাকে সেটা ভাবতে হবে"
𑄖𑄪𑄟𑄨 𑄛𑄢𑄨𑄝 𑄛𑄨𑄖𑄴𑄨𑄟𑄨𑄠𑄚𑄧𑄢𑄬 𑄥𑄎𑄬𑄭।,তুমি পৃথিবীটাকে সাজাও
𑄃𑄬𑄭 𑄇𑄧𑄙𑄚𑄨 𑄇𑄮𑄭𑄚𑄬 𑄇𑄪𑄣𑄨𑄢𑄟𑄬 𑄊𑄪𑄟𑄧𑄖𑄴 𑄛𑄧𑄢𑄴𑄣𑄧।,এই কথাগুলো বলতে বলতে কুলিটাঘুমিে গেল
𑄃𑄬𑄇𑄴 𑄘𑄨𑄚𑄬 𑄎𑄨𑄖𑄴𑄖𑄮𑄢𑄟𑄬 𑄖𑄢 𑄊𑄧𑄢𑄧𑄖𑄴 𑄃𑄨𑄏𑄮𑄢𑄧 𑄟𑄙𑄖𑄴 𑄥𑄋𑄪 𑄘𑄪𑄠𑄧𑄱𑄢𑄧𑄖𑄴 𑄛𑄨𑄎𑄪𑄟𑄴 𑄝𑄌𑄴𑄍𑄪𑄖𑄴 𑄃𑄬𑄣𑄚𑄴 𑄘𑄨𑄚𑄠𑄴 𑄉𑄠𑄴 𑄉𑄠𑄴 𑄝𑄧𑄱𑄭 𑄃𑄊𑄬 ।,এক দিনে জিতেরা তাদের বািে এসে মাথা শুে আছে
"𑄌𑄬𑄢𑄮 𑄇𑄨𑄗𑄳𑄠 𑄢𑄨𑄚𑄨 𑄌𑄠𑄴, 𑄃𑄧𑄎𑄧𑄣𑄴 - 𑄚𑄨𑄎𑄧, 𑄛𑄧𑄣𑄴𑄣-𑄛𑄪𑄣𑄴𑄨 𑄟𑄮𑄚𑄴-𑄟𑄪𑄢𑄧।","চোর কিথ্রা চা,অমল-নিজের,পলাশ-মুর"
𑄚𑄚𑄁 𑄜𑄪𑄣𑄴 𑄜𑄪𑄘𑄨 𑄜𑄨𑄝𑄨𑄢𑄴 𑄜𑄨𑄝𑄨𑄢𑄴 𑄝𑄮𑄃𑄨𑄠𑄬𑄢𑄬 𑄘𑄪𑄣𑄧𑄘𑄧𑄚𑄴।,.নানাং ফুল ফোটার আওাজ পতেছে
"𑄃𑄉𑄏𑄧𑄖𑄴 𑄢𑄨𑄚𑄨 𑄌𑄠𑄴-𑄦𑄬𑄣𑄴 𑄃𑄉𑄌𑄴, 𑄘𑄪𑄛𑄴 𑄘𑄪𑄛𑄴 𑄟𑄬𑄇𑄴 𑄌𑄉 𑄇𑄧𑄖𑄴𑄖 𑄇𑄧𑄖𑄴𑄖 𑄉𑄧𑄢𑄨 𑄞𑄎𑄨 𑄡𑄢𑄴 𑄛𑄨𑄖𑄴𑄗𑄨𑄟𑄨 𑄃𑄬𑄇𑄴 𑄇𑄧𑄕𑄖𑄴𑄪𑄚𑄴 𑄃𑄢𑄧 𑄃𑄬𑄇𑄴 𑄇𑄧𑄕𑄖𑄴।",".আকাশে নীল আকাশ,দুপ দুপ মেে ভে ভাসে তার পৃথিবীতে"
𑄖𑄬𑄕𑄳𑄠 𑄟𑄧𑄢𑄨 𑄃 𑄚𑄚𑄁 𑄛𑄬𑄭𑄇𑄴 𑄘𑄪𑄃𑄧 𑄡𑄉𑄢𑄬 𑄡𑄉𑄢𑄬 𑄣𑄬𑄌𑄴 𑄣𑄢𑄬 𑄣𑄢𑄬 𑄟𑄧𑄚𑄬 𑄡𑄨𑄚𑄴𑄘𑄨 𑄇𑄧𑄠𑄴 𑄥𑄨𑄚𑄴𑄘𑄨 𑄃𑄪𑄢𑄨 𑄡𑄘𑄧𑄚𑄴।,তেন্নে মারা যাওার সম পাহাে পাহাে পে যা
𑄎𑄨𑄖𑄴𑄖𑄮𑄢𑄟𑄬 𑄞𑄝𑄬𑄢𑄴 𑄖 𑄝𑄝𑄧𑄢𑄴 𑄇𑄧𑄙 𑄃 𑄙𑄧𑄚𑄧𑄝𑄨𑄢𑄬 𑄚𑄨𑄚𑄬𑄃𑄨।,এক লোক তার বাির কথা ধনবিকে নিে যাচ্ছে
𑄃𑄨𑄇𑄳𑄠𑄬 𑄖𑄬 𑄇𑄨 𑄉𑄪𑄢𑄨𑄝𑄧!,এখন সে কি গুরু
𑄙𑄧𑄚𑄧𑄝𑄨𑄢𑄬 𑄛𑄪𑄘𑄧-𑄝𑄮 𑄃𑄨𑄎𑄬𑄝𑄬 𑄉𑄧𑄎𑄨 𑄣𑄮𑄭 𑄚𑄧 𑄛𑄢𑄨𑄝𑄇𑄴 𑄃𑄨𑄠𑄚𑄴 𑄈𑄟𑄇𑄴𑄇𑄠𑄴।,ধনবিে পোকা-মাকটা আর সহ্য করতে পারবে না
𑄇𑄨𑄋𑄨𑄢𑄨 𑄞𑄋𑄨 𑄇𑄧𑄝𑄧 𑄖𑄬 𑄡𑄬 𑄙𑄧𑄚𑄧𑄝𑄨𑄢𑄬 𑄇𑄮𑄌𑄴𑄛𑄠𑄴।,কেন ভেঙে বলবে সে যে ধন বিে করবে
𑄃𑄬𑄭 𑄃𑄧𑄇𑄴𑄖𑄧𑄖𑄴 𑄖𑄢𑄪𑄟𑄬 𑄃𑄬𑄣𑄧।,এই মুহুর্তে সে তাাতাি আসলো
"𑄖𑄬, 𑄇𑄧𑄇𑄴𑄇𑄬 𑄡𑄬𑄘𑄧𑄁?","সে, কখন যাবে?"
𑄛𑄪𑄎𑄧𑄢𑄴 𑄉𑄧𑄧𑄢𑄴𑄣𑄧 𑄖𑄢𑄪𑄟𑄬 𑄎𑄨𑄖𑄴𑄖𑄮𑄢𑄟𑄧𑄖𑄴𑄪𑄚𑄴।,পোকামাকরা তাাতাি বের হে আসছে
𑄃𑄬𑄌𑄳𑄠𑄬 𑄖𑄢𑄳𑄦 𑄛𑄨𑄘𑄬 𑄈 𑄝𑄧𑄣𑄚𑄳𑄠 𑄛𑄨𑄠𑄮𑄚𑄴 𑄙𑄧𑄚𑄧𑄝𑄨 𑄘𑄉𑄨𑄘𑄪।,তারা পিঠা খাওার জন্য পিঠা বানাইেছে
"𑄘𑄝 𑄈𑄬𑄭 𑄣𑄧𑄉𑄨, 𑄡𑄬𑄘𑄧𑄁 𑄟𑄣𑄬𑄚𑄴।","হুক্কা খেে যা,যেকোন কিছু"
𑄝𑄧𑄎𑄚 𑄚𑄧𑄠𑄴।,১. বসা বা বসানো ২. বসা বা বসানো
𑄟𑄘𑄨𑄠𑄬 𑄟𑄘𑄨𑄠𑄬 𑄡𑄬𑄝𑄧𑄁𑄉𑄬।,মাটি দিে মাটিতে যাবে
𑄜𑄠𑄚𑄴𑄓𑄧 𑄟𑄨𑄑𑄨𑄁 𑄃𑄊𑄬 𑄡𑄘𑄨 𑄡𑄘𑄨 𑄥𑄢𑄨 𑄛𑄢𑄴𑄣𑄬 𑄟𑄨𑄑𑄨𑄋𑄮𑄖𑄴 𑄃𑄬𑄎𑄣𑄴 𑄘𑄨 𑄛𑄢𑄨𑄟𑄴𑄮𑄃𑄨।,.ফাঁদে মিটিং আছে যেতে যেতে ভুলে গেলাম
𑄖𑄢𑄳𑄦 𑄘𑄨 𑄎𑄧𑄚𑄬 𑄚𑄚𑄋𑄴 𑄉𑄧𑄝𑄬 𑄥𑄧𑄝𑄬 𑄚𑄋𑄬𑄣𑄴𑄘𑄨𑄊𑄧𑄣𑄨 𑄃𑄬𑄋 𑄝𑄬𑄋 𑄛𑄧𑄘𑄬 𑄦𑄘 𑄙𑄧𑄢𑄴𑄣𑄇𑄴 𑄙𑄧𑄚𑄧𑄝𑄨 𑄘𑄉𑄨𑄘𑄪 𑄟𑄮𑄚𑄧 𑄊𑄧𑄢𑄧𑄖𑄴।,তারা দুই জনে মিলে একটি লাঠি নিে হেঁটে যাচ্ছে বািতে
"𑄥𑄧𑄟𑄎𑄧𑄢𑄴, 𑄘𑄬𑄏𑄧𑄢𑄴, 𑄃𑄘𑄟𑄧𑄢𑄴 𑄞𑄣𑄬𑄘𑄨 𑄇𑄨𑄋𑄨𑄢𑄨 𑄃𑄬𑄝𑄧 𑄥𑄬 𑄛𑄮𑄃𑄨𑄘𑄳𑄠𑄚𑄬 𑄇𑄧𑄙 𑄇𑄧𑄙𑄬 𑄇𑄧𑄙𑄬 𑄙𑄧𑄚𑄧𑄝𑄨 𑄘𑄉𑄨 𑄊𑄧𑄢𑄧𑄖𑄴 𑄣𑄪𑄟𑄨𑄣𑄇𑄴।","সমাজ, দেশ, গ্রাম ভালো করে বলতে বলতে সেই বাচ্চাটা ধনবি ডেকে বািতে নামল"
𑄃𑄨𑄚𑄴𑄘𑄨 𑄙𑄧𑄚𑄧𑄝𑄨𑄢𑄴 𑄛𑄧𑄢𑄚𑄴 𑄗𑄨𑄘𑄧 𑄚𑄬𑄭।,এখানে ধনবিালের প্রাণটা ঠিক নেই
𑄖𑄪𑄣𑄴𑄛𑄧𑄣𑄳𑄠𑄬 𑄃𑄧𑄠𑄬।,এক জাতী বুনো ফল
𑄞𑄣𑄧𑄇𑄴 𑄝𑄧𑄏𑄧𑄢𑄴 𑄛𑄧𑄢𑄴 𑄎𑄨𑄖𑄴𑄖𑄮𑄢𑄟𑄧𑄢𑄬 𑄘𑄨𑄊𑄨।,অনেক বছর পর পর অসুস্থ হে পেছে
𑄥𑄋𑄪 𑄘𑄪𑄠𑄮𑄱𑄢𑄧𑄖𑄴 𑄖𑄟𑄪𑄣𑄪𑄇𑄴 𑄇𑄪𑄖𑄴𑄨𑄝𑄪𑄖𑄴 𑄗𑄬𑄛𑄴𑄗𑄬𑄛𑄳𑄠𑄬 𑄛𑄚𑄨 𑄢𑄊𑄬𑄠𑄳𑄠 ।,.সাঙু দুা পাহাের মধ্যে পানি আছে।
𑄟𑄧𑄚𑄬 𑄟𑄧𑄚𑄬 𑄞𑄝𑄬𑄢𑄴 𑄇𑄨 𑄇𑄧𑄱𑄟𑄴।,মনে মনে কি বলতেছি
"𑄖𑄬, 𑄇𑄨 𑄟𑄧𑄢𑄬 𑄃𑄉𑄧 𑄥𑄚𑄴 𑄇𑄮𑄌𑄴𑄛𑄬𑄝𑄧𑄚𑄨?",সে কেন আমাকে আগে থেকে জিজ্ঞেস করবে?
𑄖𑄬 𑄘𑄧 𑄣𑄬𑄊-𑄛𑄧𑄢 𑄥𑄨𑄊𑄨 𑄘𑄋𑄧𑄢𑄴 𑄃𑄧𑄠𑄬।,সে তো লেখাপার মতো ব হেছে
"𑄣𑄎𑄬𑄭 𑄣𑄎𑄬𑄭 𑄚𑄮𑄚𑄳𑄠𑄥𑄨𑄣𑄧 𑄎𑄪𑄢𑄧 𑄛𑄚𑄨 𑄇𑄪𑄖𑄴𑄨, 𑄝𑄬𑄎𑄮𑄚𑄴 𑄃 𑄘𑄝 𑄝𑄎𑄬𑄭 𑄃𑄚𑄨 𑄘𑄨𑄠𑄳𑄠।",লাজে লাজে ঝর্ণার পানি কুটিে নিে আসি
"𑄚𑄪𑄃𑄧 𑄛𑄨𑄚𑄮𑄚𑄴, 𑄈𑄘𑄨 𑄃 𑄟𑄙𑄖𑄴 𑄈𑄧𑄝𑄁 𑄝𑄚𑄨 𑄙𑄧𑄚𑄧𑄝𑄨𑄢𑄬 𑄃𑄢𑄧 𑄝𑄬𑄌𑄴 𑄘𑄮𑄣𑄴 𑄣𑄉𑄬𑄢𑄴।",".নতুন পিন,খাওা মাথা খাওা বাঁধতে আরও সুন্দর লাগে"
"𑄙𑄧𑄚𑄧𑄝𑄨 𑄟𑄝𑄪 𑄇𑄧𑄣𑄧:- 𑄝𑄳𑄦𑄙𑄧𑄚𑄴, 𑄖𑄪𑄟𑄨 𑄇𑄧𑄙 𑄇𑄧।","ধনবি মেে কথা বলে,তুমি কথা বলো"
𑄟𑄪𑄭 𑄛𑄨𑄘𑄬𑄚𑄨 𑄥𑄬𑄏𑄁।,মুখ সেলাই করার সম
𑄙𑄧𑄚𑄧𑄝𑄨 𑄃 𑄖 𑄟𑄝𑄪 𑄌𑄪𑄣𑄴 𑄝𑄬𑄢𑄬𑄭 𑄣𑄟𑄴𑄝 𑄥𑄬𑄣𑄁 𑄉𑄧𑄢𑄨 𑄛𑄪𑄢𑄨 𑄖𑄪𑄠𑄱 𑄢𑄧𑄇𑄴𑄬 𑄉𑄧𑄢𑄨 𑄚𑄧 𑄛𑄢𑄧𑄚𑄴।,ধনবি আর তার মা চুল বোই করে লম্বা লম্বা করে কাটতে পারে না
𑄇𑄨 𑄃𑄧𑄝𑄧 𑄎𑄨𑄖𑄴𑄖𑄮𑄢𑄟𑄧 𑄎𑄨𑄋𑄴𑄇𑄚𑄨?,কি অব্য পদ পেতেছো?
𑄇𑄨 𑄃𑄧𑄝𑄧 𑄙𑄧𑄚𑄧𑄝𑄨 𑄎𑄨𑄁𑄇𑄚𑄨?,কি ধনবি জীবন?
𑄇𑄨 𑄃𑄧𑄝𑄧 𑄟𑄮𑄚𑄴 𑄖𑄧𑄣 𑄃𑄘𑄟𑄧𑄢𑄴?,কি নিচ পর্যন্ত যাচ্ছ?
𑄙𑄧𑄚𑄧𑄝𑄨 𑄃𑄨𑄇𑄳𑄠𑄬 𑄉𑄮𑄘 𑄛𑄨𑄖𑄴𑄗𑄨𑄟𑄨𑄠𑄚𑄴 𑄃𑄚𑄴𑄙𑄢𑄴 𑄘𑄬𑄊𑄬𑄢𑄴 ।,ধনবি এই পৃথিবীটা অন্ধকার দেখতেছে
𑄘𑄨 𑄌𑄮𑄉𑄧𑄖𑄴 𑄙𑄢 𑄙𑄢 𑄌𑄮𑄉𑄧 𑄛𑄚𑄨।,দুই চোখে দুই চোখের পানি
𑄖 𑄌𑄨𑄘𑄮𑄖𑄴 𑄊 𑄦𑄧𑄠𑄬 𑄌𑄨𑄟𑄴𑄌𑄨𑄟𑄳𑄠𑄬 𑄘𑄪𑄣𑄪𑄊𑄧𑄖𑄴।,তার শরীরে ক্ষত হেছে
𑄖𑄬𑄛𑄴 𑄖𑄬𑄛𑄴 𑄣𑄮 𑄏𑄧𑄢𑄬𑄢𑄴।,একটু একটু বৃষ্টি পতেছে
𑄃𑄬 𑄖𑄮 𑄝𑄌𑄴𑄖𑄧𑄝𑄧𑄖!,এই তো বাঁচো!
"𑄃𑄬𑄡𑄧 𑄚𑄨𑄎𑄧 𑄞𑄌𑄴, 𑄚𑄨𑄎𑄧 𑄣𑄬𑄊 𑄥𑄨𑄊𑄨","এখন নিজের ভাত,নিজের লেখা সিকি"
"𑄇𑄨𑄖𑄝𑄧𑄖𑄴 𑄣𑄬𑄊 𑄃𑄊𑄬, 𑄌𑄋𑄴𑄟 𑄃𑄮𑄇𑄴𑄇𑄮𑄢𑄪𑄚𑄴 𑄝𑄎𑄬 𑄢𑄊𑄬𑄝𑄖𑄴𑄖𑄬 𑄷𑄿𑄻𑄿 𑄈𑄨 𑄚𑄮𑄠𑄢𑄟𑄴 𑄌𑄋𑄴𑄟, 𑄦𑄧𑄢𑄧𑄇𑄨𑄥𑄮𑄢𑄴 𑄌𑄋𑄴𑄟𑄖𑄴𑄖𑄪𑄚𑄴 𑄙𑄪𑄢𑄨 𑄦𑄪𑄖𑄴𑄖𑄪𑄢𑄴 𑄘𑄧𑄥𑄧𑄇𑄧𑄖𑄴 𑄥𑄪𑄛𑄳𑄢𑄨𑄠𑄧 𑄖𑄣𑄪𑄇𑄴𑄘𑄢𑄴, 𑄚𑄧𑄚𑄙𑄧𑄚𑄴 𑄌𑄋𑄴𑄟, 𑄥𑄳𑄢𑄨𑄟𑄧𑄖𑄴 𑄥𑄳𑄢𑄧𑄘𑄴𑄙𑄣𑄧𑄁𑄇𑄢𑄴 𑄞𑄚𑄴𑄖𑄬, 𑄦𑄎𑄨 𑄘𑄧𑄥𑄧𑄉𑄧𑄖𑄴 𑄇𑄧𑄣𑄴𑄇𑄘𑄖𑄴 𑄥𑄳𑄢𑄨𑄟𑄚𑄬𑄠 “𑄌𑄋𑄴𑄟 𑄃𑄊𑄧𑄢𑄴𑄖𑄢”, 𑄚𑄧𑄝𑄴𑄝𑄧𑄃𑄨 𑄘𑄧𑄥𑄧𑄉𑄧𑄖𑄴 𑄃𑄚𑄧𑄚𑄴𑄘𑄧 𑄟𑄮𑄦𑄧𑄚𑄴 𑄌𑄋𑄴𑄟, 𑄝𑄨𑄁𑄥𑄧 𑄥𑄧𑄖𑄝𑄴𑄘𑄨𑄖𑄴 𑄌𑄋𑄴𑄟 𑄥𑄦𑄨𑄖𑄳𑄠𑄧 𑄝𑄳𑄦 𑄃𑄨𑄢𑄪𑄇𑄴 𑄚𑄋𑄴𑄚𑄮𑄠𑄢𑄟𑄴 𑄌𑄋𑄴𑄟 𑄥𑄦𑄨𑄖𑄳𑄠𑄧 𑄥𑄧𑄁𑄥𑄧𑄘𑄴 𑄃𑄬𑄇𑄮𑄇𑄱 𑄎𑄧𑄙𑄠𑄳𑄠𑄧 𑄌𑄋𑄴𑄟 𑄥𑄦𑄨𑄖𑄳𑄠𑄧 𑄛𑄧𑄖𑄳𑄢𑄨𑄇 𑄨 𑄚𑄋𑄬 𑄃𑄬𑄇𑄴𑄇𑄱 𑄟𑄳𑄠𑄉𑄎𑄨𑄚𑄴 𑄜𑄧𑄉𑄧𑄘𑄋𑄨 𑄉𑄧𑄬𑄨𑄣𑄬 𑄥𑄦𑄨𑄖𑄳𑄠𑄧 𑄌𑄧𑄌𑄴𑄡 𑄃𑄢𑄧 𑄘𑄧𑄛𑄴𑄘𑄧𑄝 𑄦𑄧𑄠𑄴।",". কিতাবে লেখা আছে,চামা অক্ষরে লেখা আছে,চামা বর্ণমালার সম পাহাে পাহাের চূা পাহাের পাশ দিে হেঁটে যাচ্ছে,চামার পাশে বসে আছে"
𑄃𑄨𑄢𑄪𑄇𑄴 𑄌𑄋𑄴𑄟 𑄥𑄦𑄨𑄖𑄳𑄠𑄧 𑄛𑄧𑄖𑄳𑄢𑄨𑄇 𑄌𑄘𑄨 𑄝𑄁𑄣 𑄃𑄮𑄇𑄴𑄇𑄮𑄢𑄴 𑄃 𑄝𑄁𑄣 𑄞𑄏𑄧𑄢𑄴 𑄟𑄎𑄢 𑄚𑄬𑄃𑄨।,এক চামা শাকের চামা দিে বাঙালি একটাও নেই
𑄃𑄎𑄧𑄣𑄴 𑄇𑄧𑄙 𑄇𑄧𑄙𑄧 𑄉𑄬𑄣𑄬 𑄛𑄢𑄴𑄝𑄧𑄖𑄳𑄠𑄧 𑄌𑄪𑄇𑄴𑄖𑄨 𑄛𑄧𑄢𑄴 𑄌𑄋𑄴𑄟 𑄞𑄌𑄴𑄍𑄮𑄃𑄨 𑄥𑄦𑄨𑄖𑄳𑄠𑄧 𑄌𑄧𑄌𑄴𑄠 𑄃𑄉𑄧𑄖𑄴𑄖𑄪𑄚𑄴 𑄝𑄬𑄌𑄴 𑄃𑄇𑄴𑄇𑄮𑄃𑄨 𑄡𑄨𑄠𑄳𑄠।,.আকাশের কথা বলতে গেলে মনে হ চুক্তির পর চামাগুলো বেশি আসতেছে
𑄃𑄨𑄇𑄴𑄇𑄬 𑄟𑄧𑄚𑄬 𑄇𑄧𑄣𑄬 𑄃𑄟𑄨 𑄇𑄧𑄟𑄴𑄛𑄨𑄃𑄪𑄑𑄢𑄧𑄖𑄴 𑄃 𑄃𑄪𑄢𑄴𑄝𑄮𑄖𑄘𑄬 𑄌𑄋𑄴𑄟 𑄃𑄮𑄇𑄴𑄇𑄮 𑄃 𑄌𑄋𑄴𑄟 𑄞𑄏𑄬 𑄥𑄦𑄨𑄖𑄳𑄠𑄧 𑄌𑄧𑄌𑄴𑄡 𑄝 𑄣𑄬𑄊 𑄣𑄬𑄊𑄨 𑄉𑄧𑄢𑄨 𑄛𑄢𑄨𑄢𑄴।,এখন মনে পলে আমরা কম্পিউটারে একজন চাকমার ছবি লিখতে পারি
𑄃𑄨𑄠𑄚𑄴 𑄈𑄟𑄇𑄴𑄇𑄠𑄴 𑄌𑄪𑄇𑄴𑄖𑄨 𑄜𑄧𑄥𑄧𑄣𑄴 𑄦𑄮𑄃𑄨 𑄡𑄠𑄴।,এগুলো অবশ্যই চুক্তির ফসল হ
"𑄥𑄧𑄟𑄢𑄬 𑄚𑄚𑄚𑄴 𑄥𑄦𑄨𑄖𑄳𑄠𑄧 𑄎𑄧𑄙, 𑄘𑄋𑄧𑄢𑄴 𑄉𑄧𑄢𑄨 𑄇𑄮𑄃𑄨 𑄡𑄠𑄴 𑄈𑄉𑄢𑄍𑄧𑄢𑄨𑄖𑄴 𑄥𑄋𑄴𑄛𑄒𑄉𑄢𑄴, 𑄚𑄮𑄠𑄢𑄟𑄴 𑄌𑄋𑄴𑄟 𑄥𑄦𑄨𑄖𑄳𑄠𑄧 𑄥𑄧𑄁𑄥𑄧𑄘𑄴 𑄦𑄨𑄣𑄴 𑄌𑄘𑄨𑄉𑄋𑄴 𑄝𑄘𑄬𑄠𑄳𑄠𑄧 𑄌𑄘𑄨𑄉𑄋𑄴, 𑄔𑄇𑄖𑄴 𑄌𑄋𑄴𑄟 𑄣𑄬𑄊 𑄥𑄨𑄊𑄨𑄝𑄢𑄴 𑄇𑄮𑄢𑄴𑄥𑄴 𑄌𑄋𑄪 𑄉𑄧𑄢𑄨 𑄃𑄬𑄡𑄬𑄢𑄴।","সমে অনেক সাা যাওা যা,পাহাের চামা দিে হেঁটে যাওা,পাহাের চামা দিে যাওা যা,পাহাের চামা দিে যাওার সমে চামা করার জন্য চামা করে এসেছে"
𑄟𑄧𑄢𑄴 𑄃𑄬𑄇𑄴𑄈𑄚𑄴 𑄥𑄢𑄴𑄞𑄬:,আমার একটা সার্ভে
𑄃𑄬𑄙𑄧𑄇𑄴 𑄎𑄪 𑄛𑄚𑄢𑄴 𑄛𑄧𑄢𑄴 𑄃𑄟𑄨 𑄃𑄬𑄡𑄧 𑄊𑄪𑄟𑄧𑄖𑄴 𑄃𑄊𑄨।,এত সুখ পাওার পর আমরা এখন ঘুমা
𑄥𑄨𑄖𑄴𑄖𑄬𑄃𑄨 𑄃𑄬𑄌𑄳𑄠 𑄝𑄬𑄉𑄧𑄢𑄴 𑄦𑄞𑄨𑄣𑄳𑄠𑄌𑄴 𑄎𑄖𑄴𑄖𑄮 𑄛𑄨𑄖𑄴𑄖𑄨𑄟𑄨𑄖𑄴 𑄞𑄧𑄌𑄴 𑄡𑄘𑄬 𑄝𑄬𑄌𑄴 𑄥𑄧𑄟𑄧𑄠𑄴 𑄚𑄧 𑄣𑄊𑄨𑄝𑄧।,.সে এত ব পাহাের পাহাে ভ পাওা যা না
"𑄇𑄨𑄖𑄴𑄖𑄬, 𑄃𑄟𑄨 𑄸𑄶𑄶𑄺 𑄥𑄣𑄧𑄖𑄴𑄖𑄪𑄚𑄴 𑄙𑄪𑄢𑄨 𑄃𑄬𑄝𑄧 𑄥𑄧𑄁 𑄌𑄋𑄴𑄟 𑄣𑄬𑄊 𑄥𑄬𑄊𑄚𑄖𑄴𑄖𑄪𑄚𑄴 𑄃𑄨𑄠𑄢𑄴𑄃𑄮 𑄇𑄮𑄃𑄨 𑄛𑄢𑄨, 𑄃𑄟𑄨 𑄌𑄋𑄴𑄟 𑄣𑄬𑄊 𑄥𑄨𑄊𑄨 𑄎𑄖𑄴𑄖𑄪𑄢𑄬 𑄇𑄮𑄌𑄴 𑄛𑄬𑄚𑄬𑄃𑄨, 𑄌𑄉𑄪𑄢𑄨 𑄛𑄬𑄝𑄖𑄳𑄠 𑄚𑄧𑄠𑄴।",".কেন,আমরা ২০০৪ সাল থেকে চামা পা পর্যন্ত চামা করতে পারতাম না, চামা করতে করতে ক্লান্ত হে গেছি, চামা করতে করতে ক্লান্ত হে গেছি, চামা করতে করতে ক্লান্ত হই নি"
𑄃𑄨𑄢𑄪𑄇𑄴 𑄇𑄪𑄘𑄨𑄚𑄴 𑄟𑄙𑄚𑄬 𑄥𑄨𑄃𑄚𑄴 𑄉𑄧𑄢𑄨𑄝𑄢𑄴 𑄇𑄧𑄠𑄴।,কবে যে আসবে সেটা বলা হ
"𑄇𑄨𑄖𑄴𑄖𑄴𑄬, 𑄌𑄉𑄪𑄢𑄨 𑄝𑄧𑄣𑄝𑄘𑄬 𑄃𑄧𑄚𑄴𑄚𑄮 𑄟𑄚𑄬𑄃𑄪𑄚𑄴 𑄘𑄨𑄚𑄴 𑄇𑄣𑄴 𑄖𑄮𑄢𑄥𑄬 𑄞𑄢𑄨 𑄘𑄪𑄇𑄴 𑄦𑄧𑄢𑄴।","কেন,চামা চামা দিে মানুষদের অনেক দুঃখ হ"
"𑄖𑄢𑄢𑄬 𑄃𑄧𑄚𑄴𑄥𑄪𑄢𑄴 𑄌𑄮𑄊𑄬 𑄌𑄮𑄊𑄬 𑄢𑄊𑄚𑄴, 𑄇𑄪𑄙𑄪𑄡𑄢𑄴, 𑄇𑄨 𑄉𑄧𑄢𑄬𑄢𑄴, 𑄇𑄢𑄴𑄣𑄮𑄃𑄨 𑄇𑄧𑄙 𑄇𑄧𑄢𑄴।","তাদেরকে স্বপ্নে দেখি, কোথা গিে,কি করে, কার্লোে কথা বলে"
"𑄚, 𑄢𑄋𑄟𑄖𑄳𑄠 𑄡𑄬𑄚𑄬𑄃𑄨 𑄇𑄢𑄴𑄣𑄮 𑄇𑄧𑄙 𑄇𑄧𑄢𑄴, 𑄖𑄬𑄋 𑄇𑄪𑄙𑄪 𑄛𑄬𑄣𑄧।","না,রাঙামাা যেন কথা বলে,টাকা কোথা পেল"
"𑄚, 𑄈𑄉𑄢𑄍𑄧𑄢𑄨𑄖𑄴 𑄡𑄢𑄴।","না, খেলা যাওা"
𑄃𑄨𑄢𑄪𑄇𑄴 𑄇𑄪𑄘𑄨𑄚𑄴 𑄟𑄙𑄚𑄬 𑄥𑄨𑄃𑄚𑄴 𑄉𑄧𑄢𑄨𑄝𑄖𑄴𑄖𑄬 𑄇𑄧𑄠𑄴।,আজকে কিছুক্ষণ পর পর সেটা কান্না করতেছে
𑄌𑄉𑄪𑄢𑄨 𑄝𑄧𑄣𑄝𑄘𑄬 𑄃𑄧𑄚𑄴𑄚𑄮 𑄟𑄚𑄬𑄃𑄪𑄚𑄴 𑄘𑄨𑄚𑄴𑄇𑄣𑄴 𑄖𑄮𑄢𑄘𑄧𑄚𑄴 𑄞𑄢𑄨 𑄘𑄪𑄉𑄬।,চামা দিে মানুষরা সারাদিন ভাত খাওা অভ্যস্ত
𑄖𑄢 𑄚𑄨𑄖𑄳𑄠𑄧 𑄌𑄮𑄉𑄬 𑄌𑄮𑄉𑄬 𑄢𑄊𑄚𑄴।,.তারা চোখ বন্ধ করে রেছে
"𑄇𑄪𑄙𑄪𑄡𑄢𑄴, 𑄇𑄨 𑄉𑄧𑄢𑄬𑄢𑄴, 𑄇𑄢𑄴𑄣𑄮𑄃𑄨 𑄇𑄧𑄙 𑄇𑄧𑄢𑄴, 𑄚 𑄢𑄋𑄟𑄖𑄳𑄠𑄖𑄴 𑄡𑄢𑄴, 𑄚 𑄈𑄉𑄢𑄍𑄧𑄢𑄨𑄖𑄴 𑄡𑄢𑄴।","কোথা যাবো,কি করবো,কালকে কথা বলে,না লালিমা যা,না লুকোচুরিতে যা"
"𑄇𑄬𑄚𑄬 𑄌𑄧𑄣𑄬𑄢𑄴, 𑄖𑄬𑄋 𑄇𑄪𑄙𑄪 𑄛𑄠𑄴 𑄚𑄚𑄋𑄚𑄴।","কেন চলে,টাকা কোথা পাওা যা"
𑄃𑄨𑄃𑄚𑄧𑄢𑄴 𑄃𑄬𑄇𑄴𑄇 𑄎𑄪 𑄛𑄬𑄣𑄬 𑄝 𑄇𑄬𑄚 𑄗𑄬𑄣𑄬 𑄇𑄧𑄙 𑄚𑄬𑄃𑄨।,এখানে একটু জুে পাওা বা কেনা থাকলে কথা নেই
"𑄝𑄢 𑄝𑄢 𑄉𑄧𑄢𑄨 𑄇𑄧𑄚𑄧 𑄎𑄧𑄚𑄬 𑄇𑄮𑄃𑄨 𑄘𑄨𑄣𑄬 𑄣𑄇𑄴 𑄣𑄇𑄴 𑄖𑄬𑄋 𑄉𑄪𑄚𑄨 𑄘𑄨 𑄛𑄬𑄝𑄬, 𑄙𑄧𑄉𑄬 𑄚𑄧 𑄦𑄧𑄣𑄬 𑄛𑄧𑄢𑄚𑄴𑄃𑄮 𑄦𑄢𑄘𑄬 𑄃𑄧𑄘𑄧𑄋𑄴 𑄚𑄬𑄃𑄨।","বাাবাি করে কোন জনে বললে অনেক বেশি টাকা গণনা করতে হবে, না হলে প্রাণটাও বেঁচে থাকবে না"
𑄃𑄬𑄙𑄧𑄇𑄴𑄇𑄬 𑄘𑄨𑄚𑄴 𑄟𑄙𑄚𑄧𑄖𑄴𑄖𑄪𑄚𑄴 𑄟𑄚𑄪𑄌𑄴 𑄃𑄨𑄇𑄴𑄇𑄬 𑄷𑄻/𑄷𑄼 𑄣𑄇𑄴 𑄘𑄨𑄚𑄬𑄃𑄨 𑄌𑄉𑄪𑄢𑄨 𑄖𑄮𑄉𑄚𑄴।,এত দিন থেকে মানুষরা এখন ১৫/১৬ বার চামা তৈরি করে
𑄌𑄨𑄉𑄮𑄚𑄴 𑄦𑄮𑄇𑄴 𑄘𑄋𑄧𑄢𑄴 𑄦𑄮𑄇𑄴 𑄃𑄬 𑄘𑄧𑄎𑄖𑄴𑄖𑄪𑄚𑄴 𑄌𑄉𑄪𑄢𑄨 𑄗𑄬𑄣𑄬 𑄃𑄬 𑄘𑄧𑄎𑄖𑄴𑄖𑄪𑄚𑄴 𑄝𑄎 𑄡𑄠𑄴।,ছোট হোক ব হোক এই দাটা চামা দিে চলে যা
𑄃𑄬𑄌𑄳𑄠 𑄛𑄧𑄢𑄴𑄝𑄧𑄖𑄳𑄠𑄧 𑄌𑄪𑄇𑄴𑄖𑄨 𑄷𑄾 𑄝𑄧𑄏𑄧𑄢𑄴 𑄛𑄧𑄢𑄴 𑄃𑄟𑄳𑄦 𑄞𑄌𑄴𑄍𑄮𑄃𑄨 𑄣𑄬𑄊 𑄥𑄨𑄊𑄚 𑄎𑄪 𑄛𑄬𑄣𑄧𑄁।,.এই পর্বে চুক্তি ১৮ বছর পর আমাদের বািতে লেখা শেষ হলো
𑄃𑄨𑄃𑄚𑄴 𑄃𑄬𑄇𑄴𑄈𑄚𑄴 𑄘𑄋𑄧𑄢𑄴 𑄛𑄃𑄮𑄖𑄴𑄖𑄨।,এইটা একটা ব পাতিল
"𑄃𑄬𑄇𑄴𑄇𑄱 𑄎𑄖𑄴 𑄃𑄨𑄎𑄬𑄝𑄬 𑄝𑄎𑄨 𑄗𑄬𑄝𑄢𑄴 𑄃𑄢𑄧 𑄃𑄬𑄇𑄴𑄈 𑄘𑄧𑄢𑄧𑄟𑄧𑄢𑄧 𑄦𑄧𑄣𑄧, 𑄃𑄙𑄨𑄉𑄢𑄴 𑄚𑄧 𑄛𑄬𑄧𑄣𑄠𑄳𑄠𑄧।","একটা জাতি বেঁচে থাকার জন্য আরও শক্ত হেছে, কিছুই পেল না"
𑄎𑄘𑄧𑄢𑄴 𑄞𑄌𑄴 𑄙𑄪𑄢𑄨 𑄢𑄊𑄬𑄝𑄢𑄴 𑄝 𑄥𑄦𑄨𑄖𑄳𑄠𑄧 𑄜𑄪𑄘𑄬 𑄖𑄪𑄣𑄨𑄝𑄢𑄴 𑄘𑄋𑄧𑄢𑄴 𑄃𑄬𑄇𑄴𑄈𑄚𑄴 𑄎𑄪।,জাগা ভাত খাওার জন্য ব একটা জাগা আছে
"𑄟𑄖𑄴𑄖𑄧𑄢𑄴 𑄘𑄪𑄉𑄧 𑄇𑄧𑄙 𑄃𑄧𑄣𑄧𑄘𑄬, 𑄃𑄟𑄨 𑄃𑄟𑄳𑄦 𑄃𑄧𑄏𑄛𑄖𑄴 𑄚𑄨𑄎𑄧 𑄉𑄧𑄢𑄧𑄎𑄬, 𑄚𑄨𑄎𑄧 𑄙𑄝𑄬 𑄚𑄧 𑄥𑄨𑄊𑄬𑄢𑄴, 𑄝𑄚 𑄌𑄬𑄃𑄨 𑄃𑄊𑄨 𑄥𑄧𑄢𑄴𑄉𑄢𑄧𑄢𑄴 𑄟𑄪𑄃𑄧 𑄇𑄨𑄗𑄳𑄠।","মানুষরা নিজেদের মতো কথা বলতেছে,আমরা নিজেদের থেকে দূরে আছি,শুধু তাাতাি তাকিয়ে আছি নরকের মুখে"
"𑄇𑄧𑄟𑄧𑄣𑄬 𑄟𑄌𑄴𑄖𑄧𑄢𑄴 𑄘𑄨𑄝𑄧, 𑄇𑄧𑄟𑄧𑄣𑄬 𑄇𑄢𑄨𑄇𑄧𑄣𑄟𑄧𑄖𑄴 𑄥𑄧𑄟𑄬𑄝𑄧 𑄉𑄧𑄢𑄨।",".কালকে মাছ দিবে,কালকে কারিকলে সমে আসবে"
"𑄃𑄮 𑄝𑄛𑄴-𑄞𑄬𑄃𑄨, 𑄟-𑄝𑄮𑄚𑄴𑄣𑄧𑄇𑄴!","ও বাবা-মা, মা-বোন"
"𑄇𑄨𑄖𑄝𑄧𑄖𑄴 𑄣𑄬𑄊 𑄃𑄊𑄬 𑄷𑄾𑄼𑄹 𑄥𑄣𑄧𑄖𑄴 𑄝𑄳𑄢𑄨𑄖𑄨𑄌𑄴 𑄥𑄧𑄢𑄴𑄉𑄢𑄬 𑄃 𑄷𑄿𑄻𑄿 𑄥𑄣𑄧𑄖𑄴 𑄛𑄇𑄨𑄥𑄴𑄖𑄚𑄴 𑄥𑄧𑄢𑄴𑄉𑄢𑄬 𑄃𑄟𑄢𑄬 𑄃𑄟𑄳𑄦 𑄞𑄌𑄴𑄍𑄮𑄃𑄨, 𑄃𑄟𑄳𑄦 𑄃𑄮𑄇𑄴𑄇𑄮𑄣𑄧𑄃𑄨 𑄣𑄬𑄊 𑄥𑄨𑄊𑄨𑄝𑄖𑄴𑄖𑄬 𑄎𑄪 𑄉𑄧𑄢𑄨 𑄘𑄨𑄡𑄳𑄠।","বইে লেখা আছে, ১৯৫৮ সালে বিেতে বিেতে আমাদের বািতে আর ১৯৫৯ সালে পাকিস্তান বিেতে যোগ দিেছি"
𑄟𑄖𑄴𑄖𑄧𑄢𑄴 𑄃𑄟𑄳𑄦 𑄎𑄖𑄴 𑄞𑄬𑄃𑄨𑄃𑄪𑄚𑄴 𑄥𑄨𑄃𑄚𑄴 𑄚𑄧 𑄌𑄚𑄢𑄴 𑄃𑄢𑄴 𑄥𑄨𑄊𑄨𑄝𑄢𑄴 𑄎𑄪 𑄚𑄧 𑄗𑄬𑄣𑄧।,শুধু আমাদের জাতের ভাই সেটা দেখার আর সুযোগ থাকল না
"𑄃𑄬𑄌𑄳𑄠 𑄇𑄧 𑄡𑄪𑄇𑄴, 𑄇𑄧 𑄝𑄧𑄏𑄧𑄢𑄴 𑄣𑄢𑄬𑄃𑄨 𑄉𑄧𑄢𑄚𑄢𑄴 𑄛𑄧𑄢𑄴 𑄛𑄢𑄴𑄝𑄧𑄖𑄳𑄠𑄧 𑄌𑄪𑄇𑄴𑄖𑄨 𑄦𑄧𑄣𑄬 𑄥𑄬 𑄌𑄪𑄇𑄴𑄖𑄨𑄖𑄴 𑄹𑄹 𑄙𑄢 𑄝𑄨 𑄃𑄧𑄚𑄪𑄍𑄬𑄘𑄧𑄖𑄴 𑄃𑄊𑄬 𑄟 𑄞𑄌𑄴𑄍𑄮𑄃𑄨 𑄣𑄬𑄊 𑄥𑄨𑄊𑄨𑄚।",".এসিা ক বছর,কত ব বছর সহ্য করতে হ,তাাতাি সে লেখাপা করে"
𑄥𑄬 𑄚𑄣𑄬 𑄸𑄶𑄷𑄽 𑄥𑄣𑄧𑄖𑄴 𑄛𑄧𑄣𑄳𑄠 𑄛𑄳𑄢𑄇𑄴 𑄛𑄳𑄢𑄃𑄨𑄗𑄧𑄟𑄨𑄉𑄧𑄖𑄴 𑄟 𑄞𑄏𑄧𑄢𑄴 𑄝𑄧𑄃𑄨 𑄛𑄬𑄣𑄧𑄁।,সে নাাচাা করলে ২০১৭ সালে পলা প্রাক সমে মাের বই পেলাম
𑄸𑄶𑄸𑄶 𑄥𑄣𑄧𑄖𑄴 𑄃𑄬𑄚𑄬𑄃𑄨 𑄖𑄳𑄢𑄨𑄖𑄴 𑄥𑄧𑄁 𑄝𑄧𑄃𑄨 𑄛𑄬𑄣𑄧𑄁।,২০২০ সালে এসে তিন জন বই পেলাম
"𑄃𑄨𑄇𑄴𑄇𑄬 𑄃𑄟𑄨 𑄃𑄟𑄳𑄦 𑄃𑄮𑄇𑄴𑄇𑄮, 𑄞𑄌𑄴 𑄥𑄨𑄊𑄨𑄝𑄢𑄴 𑄉𑄧𑄢𑄧𑄌𑄴 𑄟𑄧𑄚𑄬 𑄚𑄧 𑄉𑄧𑄢𑄨 𑄥𑄨𑄃𑄚𑄧𑄢𑄴 𑄘𑄪𑄌𑄴 𑄥𑄧𑄢𑄴𑄉𑄢𑄧𑄢𑄴 𑄚𑄧𑄠𑄴, 𑄃𑄟𑄢𑄴।","এখন আমরা আমাদের ভাই,মন দিে তাাতাি তাা করিও না,আমার"
"𑄃𑄟𑄨 𑄈𑄧𑄝𑄧𑄢𑄴 𑄛𑄬𑄃𑄨, 𑄝𑄨𑄎𑄧𑄉𑄧𑄖𑄴 𑄣𑄬𑄊 𑄃𑄊𑄬, 𑄛𑄨𑄖𑄴𑄖𑄨𑄟𑄨𑄖𑄴 𑄘𑄨𑄠𑄚𑄴 𑄞𑄏𑄧𑄢𑄴 𑄣𑄢𑄬𑄠𑄧𑄖𑄴 𑄣𑄮 𑄘𑄨 𑄛𑄨𑄠𑄧𑄚𑄴।","আমরা খবর পেেছি,পৃথিবীতে লেখা আছে,পেটে দিে বাতাস বে পে"
𑄝𑄋𑄴𑄣 𑄃 𑄝𑄨𑄌𑄴𑄌𑄪𑄚𑄧𑄛𑄳𑄢𑄨𑄠 𑄁𑄟𑄧𑄚𑄨𑄛𑄪𑄢𑄨।,বাঁশটা বোর জন্য ব্যবহৃত হ
𑄝𑄋𑄴𑄣 𑄞𑄏𑄧𑄢𑄴 𑄣𑄢𑄬𑄃𑄨 𑄈𑄧𑄝𑄧𑄢𑄴 𑄃𑄟𑄨 𑄛𑄬𑄣𑄬𑄠𑄳𑄠𑄧 𑄝𑄨𑄌𑄴𑄌𑄪𑄚𑄧𑄛𑄳𑄢𑄨𑄠 𑄁𑄟𑄧𑄚𑄨𑄛𑄪𑄢𑄨 𑄞𑄏𑄧𑄢𑄴 𑄣𑄢𑄳𑄦𑄬𑄃𑄨 𑄈𑄧𑄝𑄧𑄢𑄴 𑄝𑄬𑄉𑄬 𑄚𑄧 𑄛𑄬𑄃𑄨।,বাঁশের জঙ্গলের মধ্যে খোঁজ নিে খবর নেওা যা না
𑄥𑄨𑄖𑄴𑄖𑄬 𑄃𑄮𑄠𑄧𑄖𑄴 𑄥𑄬 𑄇𑄧𑄙 𑄇𑄳𑄦𑄨𑄪 𑄇𑄧𑄝𑄢𑄴 𑄌𑄋𑄧𑄢𑄴।,সে কেন যে কথা বলতেছে জানিনা
𑄃𑄥𑄟𑄴 𑄃 𑄖𑄨𑄝𑄨𑄢𑄬 𑄝𑄨𑄌𑄴𑄌𑄪𑄚𑄧𑄛𑄳𑄢𑄨𑄠 𑄁𑄟𑄧𑄚𑄨𑄛𑄪𑄢𑄨 𑄞𑄏𑄧𑄢𑄴 𑄙𑄨𑄋𑄨𑄢𑄨 𑄛𑄬𑄝𑄖𑄳𑄠 𑄷𑄿𑄻𑄻 𑄥𑄣𑄧𑄖𑄴 𑄝𑄨𑄌𑄴𑄌𑄪𑄚𑄧𑄛𑄳𑄢𑄨𑄠 𑄁𑄟𑄧𑄚𑄨𑄛𑄪𑄢𑄨।,আসা যাওা করার সম বাম হাত দিে বািে আসি
"𑄃𑄟𑄧𑄣𑄴 𑄉𑄧𑄢𑄨, 𑄟𑄪𑄢𑄧𑄖𑄴 𑄛𑄧𑄢𑄨 𑄞𑄝𑄨 𑄌𑄧, 𑄝𑄁𑄣 𑄥𑄧𑄢𑄴𑄉𑄢𑄬 𑄇𑄨 𑄃𑄟𑄳𑄦𑄢𑄬 𑄞𑄢𑄨 𑄇𑄮𑄌𑄴𑄛𑄬𑄚𑄬𑄃𑄨 𑄃𑄬𑄌𑄳𑄠 𑄃𑄟𑄨 𑄃𑄟𑄳𑄦 𑄟-𑄞𑄌𑄴𑄍𑄮𑄃𑄨 𑄣𑄬𑄊 𑄥𑄨𑄊𑄨𑄝𑄢𑄴 𑄎𑄪 𑄛𑄬𑄃𑄨𑄢𑄴?",".আসা যাওা করিও না,আমরা আমাদের মা-বোনের জন্য লেখা পাঠাবো।"
𑄚𑄚𑄚𑄴 𑄌𑄝𑄧𑄢𑄴 𑄇𑄢𑄧𑄚𑄬 𑄃𑄟𑄢𑄬 𑄟 𑄞𑄏𑄧𑄢𑄴 𑄝𑄧𑄃𑄨 𑄘𑄨 𑄛𑄢𑄴।,বিভিন্ন চামা দিে আমাকে মা ভাত দিে দিতে হ
𑄥𑄨𑄖𑄴𑄖𑄬 𑄃𑄟𑄨 𑄝𑄢𑄴𑄝𑄋𑄚𑄬 𑄇𑄪𑄎𑄮𑄣𑄨 𑄉𑄧𑄢𑄨𑄢𑄴 𑄃𑄬 𑄎𑄪𑄝𑄱 𑄇𑄟𑄧𑄖𑄴 𑄣𑄉𑄬𑄃𑄨।,সেকারণে আমরা বার বার একই কাজ করি
"𑄖𑄬 “𑄃𑄬𑄡𑄧 𑄥𑄨𑄊𑄨- 𑄚𑄨𑄎𑄧 𑄞𑄌𑄴, 𑄚𑄨𑄎𑄧 𑄣𑄬𑄊, 𑄚𑄨𑄎𑄧 𑄉𑄨𑄖𑄴”।","সে-এই সে-নিজের ভাই,নিজের লেখা,নিজের গিঁট"
𑄌𑄋𑄴𑄟 𑄝𑄨𑄎𑄧𑄉𑄧𑄖𑄴 𑄎𑄧𑄚𑄧𑄟𑄴 𑄣𑄧𑄢𑄴 𑄃𑄬𑄇𑄴𑄇𑄮 𑄚𑄪𑄃𑄧 𑄎𑄖𑄴।,চাংমা জাতী মানুষ নাও একনাগাে
𑄝𑄨𑄎𑄧𑄉𑄧𑄢𑄴 𑄟𑄎𑄢 𑄦𑄘𑄬𑄣𑄬 𑄘𑄬𑄊 𑄡𑄠𑄴।,.বিচ্ছেদের হাত দিে দেখা যা
𑄛𑄪𑄢𑄧𑄚𑄨 𑄃𑄟𑄧𑄣𑄧𑄖𑄴𑄖𑄪𑄚𑄴 𑄙𑄧𑄢𑄨 𑄌𑄧𑄣𑄨 𑄃𑄬𑄥𑄳𑄠𑄬 𑄝𑄢𑄴𑄝𑄮 𑄌𑄋𑄴𑄟 𑄎𑄖𑄴।,.পুরাতন আমল থেকে চলে আসতেছে ব ব গোষ্ঠী
𑄟𑄙 𑄚𑄧 𑄣𑄧𑄋𑄚𑄴 𑄇𑄧𑄚𑄧 𑄘𑄨𑄚𑄴।,মাথা না নো কোনো দিন
𑄎𑄖𑄴 𑄚𑄧 𑄝𑄪𑄏𑄨𑄣𑄇𑄴 𑄛𑄪𑄢𑄧𑄚𑄨 𑄇𑄣𑄧𑄢𑄴 𑄦𑄃𑄧𑄇𑄴𑄈𑄧𑄢𑄴 𑄟𑄚𑄪𑄌𑄴।,জাতি বুঝ না বোঝে না এমন মানুষ
𑄟𑄪𑄊𑄧𑄣𑄴 𑄃𑄟𑄧𑄣𑄧𑄖𑄴 𑄈𑄀/𑄈𑄚𑄴 𑄃𑄪𑄛𑄘𑄨 𑄣𑄧𑄣𑄬𑄠𑄳𑄠𑄧 𑄙𑄧𑄢𑄴𑄟𑄧 𑄚𑄧 𑄉𑄧𑄎𑄬𑄃𑄨 𑄚𑄧 𑄛𑄢𑄧𑄚𑄴 𑄢𑄎/𑄝𑄘𑄴𑄥।,. মুঘল আমল খাওা/খাওা করলে ধর্ম টিকতে পারে না
"𑄥𑄬 𑄎𑄬𑄢𑄬 𑄝𑄨𑄎𑄧𑄉𑄧𑄢𑄴 𑄣𑄬𑄃𑄨𑄇𑄴 𑄦𑄙𑄬𑄣𑄬 𑄘𑄬𑄊 𑄡𑄠𑄴, 𑄝𑄳𑄢𑄨𑄑𑄨𑄌𑄴𑄃𑄪𑄚𑄬 𑄌𑄋𑄴𑄟 𑄢𑄬𑄎𑄳𑄠𑄧𑄖𑄴 𑄥𑄧𑄟𑄬𑄝𑄢𑄴 𑄚𑄧 𑄘𑄬𑄚।","সে কারণে বেশি রাত হলে দেখা যা,বিালগুলো চামার সম ঘুমাতে যা না"
𑄣𑄢𑄳𑄦𑄬𑄃𑄨 𑄉𑄧𑄢𑄨𑄣𑄇𑄴 𑄷𑄸 𑄝𑄧𑄏𑄧𑄢𑄴।,দীর্ঘসূত্রিতা
𑄥𑄬𑄌𑄴𑄟𑄬𑄌𑄴 𑄣𑄢𑄳𑄦𑄬𑄠𑄧𑄖𑄴 𑄦𑄧𑄘𑄨 𑄉𑄬𑄣𑄇𑄴 𑄌𑄋𑄴𑄟𑄃𑄪𑄚𑄬।,কৃষিকাজ করতে করতে ক্লান্ত হে গেল তারা
𑄟𑄚𑄨 𑄣𑄧𑄃𑄨 𑄛𑄬𑄣𑄇𑄴 𑄝𑄳𑄢𑄨𑄑𑄨𑄏𑄧𑄢𑄴 𑄥𑄥𑄧𑄚𑄴।,টাকা দিে বিে করতে হ
𑄖𑄢𑄢𑄴 𑄘𑄨𑄊𑄧𑄣𑄴 𑄥𑄥𑄧𑄚𑄧𑄖𑄴 𑄌𑄬𑄢𑄬𑄌𑄴𑄖𑄢𑄴 𑄇𑄧𑄚𑄧 𑄃𑄪𑄚𑄧 𑄚𑄧 𑄉𑄧𑄢𑄨𑄣𑄇𑄴।,.তারা দুই মাইলের মধ্যে কোনো শব্দ করল না
𑄖𑄳𑄠𑄪𑄃𑄧 𑄉𑄧𑄎𑄬𑄃𑄨 𑄚𑄧 𑄛𑄢𑄧𑄚𑄴 𑄖𑄢 𑄙𑄧𑄢𑄴𑄟𑄧।,তাদের ধর্ম সহজে বদলাতে পারে না
𑄉𑄧𑄎𑄨 𑄚𑄧 𑄣𑄧𑄣𑄇𑄴 𑄖𑄢𑄢𑄴 𑄙𑄧𑄢𑄴𑄟𑄧 𑄌𑄋𑄴𑄟𑄃𑄪𑄚𑄬।,তাদের ধর্ম চামা নেই
𑄥𑄬 𑄎𑄬𑄢𑄬 𑄘𑄬𑄌𑄴𑄞𑄇𑄴।,সে ধরনের আচরণ
𑄖𑄢𑄴 𑄎𑄬𑄢𑄬 𑄎𑄧𑄚𑄧𑄟𑄴 𑄣𑄧𑄣𑄧 𑄝𑄁𑄣𑄘𑄬𑄌𑄴।,তার পরে জনম নেওা করল বাঙালি
𑄟𑄪𑄢𑄧𑄣𑄳𑄠 𑄌𑄘𑄨𑄉𑄋𑄧𑄖𑄴 𑄥𑄚𑄬𑄥𑄨𑄈𑄳𑄠𑄃𑄨 𑄃𑄇𑄴𑄟𑄧𑄣𑄨𑄟𑄴 𑄌𑄋𑄴𑄟𑄃𑄪𑄚𑄬।,পাহাের চামা শুে থাকবো
𑄃𑄪𑄎𑄧𑄚𑄴𑄘𑄨 𑄦𑄧𑄣𑄇𑄴 𑄝𑄬𑄇𑄴 𑄇𑄨𑄗𑄳𑄠।,. উপরে হলো সব কিছু
𑄎𑄧𑄚𑄧𑄟𑄴 𑄣𑄧𑄣𑄇𑄴 𑄉𑄪𑄖𑄳𑄠𑄬𑄝𑄧𑄣 𑄟𑄚𑄪𑄌𑄴।,মানুষরা এক জাতী মানুষ
𑄘𑄬𑄌𑄴 𑄎𑄖𑄴 𑄃𑄪𑄖𑄴𑄘𑄮𑄢𑄴 𑄉𑄧𑄢𑄨𑄝𑄢𑄴 𑄚𑄋𑄬 𑄎𑄧𑄚𑄧𑄟𑄴 𑄣𑄧𑄣𑄧 𑄝𑄧𑄣𑄨𑄝𑄧𑄚𑄴𑄘𑄧 𑄘𑄧𑄣𑄴।,দেশ জাতী গরীবদের নািতে জনম নেওা মানুষরা
𑄸𑄺 𑄝𑄧𑄏𑄧𑄢𑄴 𑄥𑄧𑄁 𑄏𑄢𑄬 𑄏𑄢𑄬 𑄣𑄢𑄳𑄦𑄬𑄃𑄨 𑄉𑄧𑄢𑄨 𑄌𑄬𑄣𑄇𑄴।,২৪ বছর পর্যন্ত জঙ্গলাকীর্ণ করে চেেছে
"𑄇𑄧𑄙 𑄃𑄪𑄖𑄴𑄗𑄬 𑄇𑄧𑄙 𑄃𑄪𑄙𑄬, 𑄥𑄬 𑄎𑄬𑄢𑄬 𑄞𑄇𑄴 𑄦𑄧𑄣𑄇𑄴।","কথা বলতে বলতে গলা বাঁকা হেছে, তার পরে গলা বাঁকা হলো"
𑄞𑄉𑄧𑄖𑄴𑄖𑄪𑄚𑄴 𑄃𑄢𑄧 𑄞𑄇𑄴।,ভাগ থেকে আরেক ভাগ
𑄃𑄪𑄙𑄨 𑄃𑄬𑄣𑄧 𑄦𑄨𑄁𑄎𑄬 𑄛𑄨𑄎𑄪𑄟𑄴।,উপরে এলো হিংসুটে প্যান্ট
𑄎𑄧𑄚𑄧𑄟𑄴 𑄣𑄧𑄣𑄧 𑄝𑄨𑄌𑄴 𑄘𑄬𑄊-𑄘𑄨!,মানুষরা বিচার দিে বিচার দে
𑄘𑄬𑄊 𑄡𑄢𑄴 𑄚𑄨𑄖𑄴𑄖𑄮 𑄈𑄪𑄚𑄧𑄈𑄪𑄚𑄨।,দেখে যার নিত্য খুনখুনি
𑄣𑄮 𑄣𑄧𑄃𑄨 𑄈𑄢?,.লবনাক্ত খাওা
𑄃𑄬𑄚𑄴 𑄚𑄨𑄢𑄬𑄖𑄨𑄨𑄖𑄴𑄖𑄬 𑄃𑄧𑄇𑄴𑄖𑄧𑄖𑄴 𑄟𑄙𑄟𑄪𑄇𑄴 𑄙𑄧𑄢𑄨 𑄇𑄧𑄚𑄧 𑄃𑄪𑄝𑄧𑄠𑄴 𑄚𑄧 𑄘𑄬𑄃𑄨 𑄖𑄧𑄛𑄨𑄚𑄨𑄘𑄧𑄚𑄴!,.এত কম খরচে এত ব মানুষ ধরিও না!
𑄟𑄨𑄣𑄬𑄃𑄪𑄚𑄴 𑄖𑄧𑄇𑄳𑄠𑄬 𑄝𑄧𑄣 𑄣𑄧𑄘𑄧𑄚𑄴।,মেেগুলো তক্কে তক্কে যাচ্ছে
𑄃𑄬 𑄃𑄚𑄴 𑄇𑄬𑄏𑄚𑄴 𑄎𑄖𑄴 𑄃𑄪𑄖𑄴𑄘𑄮𑄢𑄴 𑄉𑄧𑄢𑄚?,.এত কেন জাত উপরে তোলা?
𑄃𑄢𑄴 𑄇𑄨𑄏𑄪𑄘𑄨𑄚𑄴 𑄎𑄬𑄢𑄬 𑄌𑄋𑄴𑄟 𑄎𑄘𑄧𑄖𑄴 𑄎𑄧𑄚𑄧𑄟𑄴 𑄣𑄳𑄦𑄧𑄢𑄴 𑄌𑄋𑄴𑄟 𑄟𑄪𑄎𑄪𑄢𑄴𑄟𑄚𑄴।,আরও কিছু দিন পরে চামা থেকে মানুষ নিে যাওা যাবে
"𑄚𑄚𑄪𑄣𑄧𑄇𑄴, 𑄘𑄋𑄴𑄉𑄪𑄣𑄧𑄇𑄴- 𑄇𑄧𑄙𑄚𑄴 𑄇𑄚𑄴𑄥𑄪𑄇𑄴 𑄚𑄧 𑄣𑄉𑄨𑄣𑄬𑄠𑄳𑄠𑄧 𑄃𑄟𑄧𑄣𑄴 𑄉𑄧𑄢𑄨 𑄇𑄧𑄃𑄨 𑄛𑄢𑄨 𑄃𑄬 𑄛𑄮𑄃𑄨𑄘𑄳𑄠𑄚𑄬 𑄡𑄪𑄚𑄨 𑄃𑄚𑄳𑄠𑄧 𑄎𑄧𑄘𑄧𑄢𑄴 𑄝𑄨𑄎𑄧𑄉𑄧𑄢𑄴 𑄟𑄎𑄢 𑄦𑄘𑄬𑄃𑄨 𑄌𑄬𑄃𑄨।","নাকটা লম্বা না লাগিে,দাঙ্গুলা না লাগিে এই বাচ্চাটা অনেক ব ব কথা বলতেছে"
𑄝𑄳𑄢𑄨𑄑𑄨𑄌𑄴 𑄃𑄟𑄧𑄣𑄧𑄖𑄴 𑄞𑄢𑄧𑄘𑄧𑄖𑄴 𑄟𑄧𑄕𑄨𑄛𑄪𑄢𑄴 𑄢𑄬𑄎𑄳𑄠𑄧 𑄘𑄧𑄋𑄧𑄣𑄴 𑄚𑄬𑄡𑄚𑄢𑄴 𑄎𑄬𑄢𑄬 𑄎𑄬𑄢𑄬 𑄝𑄳𑄢𑄨𑄑𑄨𑄏𑄧𑄢𑄴 𑄥𑄧𑄭𑄚𑄳𑄠𑄧 𑄛𑄓𑄟𑄴 𑄥𑄧𑄟𑄬𑄣𑄇𑄴 𑄥𑄬 𑄢𑄬𑄎𑄳𑄠𑄧𑄖𑄴।,বিালের তালে দুলে দুলে বিালের সিমগুলো পতেছে সে রাতে
𑄥𑄬 𑄛𑄓𑄟𑄴 𑄥𑄧𑄭𑄚𑄳𑄠𑄧𑄃𑄪𑄚𑄬 𑄣𑄧𑄣𑄇𑄴 𑄟𑄧𑄚𑄨𑄛𑄧𑄢𑄨 𑄟𑄨𑄣𑄬।,সে পাতা গুলো মেেকে নিে যাচ্ছে
𑄥𑄨𑄖𑄴𑄖𑄪𑄚𑄴 𑄚𑄧𑄃𑄧 𑄉𑄧𑄢𑄨 𑄎𑄧𑄚𑄧𑄟𑄴 𑄦𑄧𑄣𑄧 𑄟𑄧𑄕𑄨𑄛𑄪𑄢𑄨 𑄟𑄪𑄎𑄪𑄟𑄚𑄴।,. তার থেকে নািভুিটা ভালো হবে।
𑄖𑄢𑄢𑄬 𑄛𑄋𑄣𑄴 𑄇𑄧𑄚𑄴।,তাদের পাহাি বলে
𑄥𑄬 𑄟𑄪𑄎𑄪𑄢𑄴𑄟𑄚𑄴 𑄟𑄧𑄕𑄨𑄛𑄪𑄢𑄨𑄃𑄪𑄚𑄬 𑄃𑄧𑄎𑄧𑄣𑄴 𑄟𑄧𑄕𑄨𑄛𑄪𑄢𑄨𑄃𑄪𑄚𑄧𑄢𑄬 𑄘𑄉𑄧𑄚𑄴 “𑄟𑄟𑄪”।,সে পাহািটা মণিপুরে অনেক বেশি পাহািেছে
𑄥𑄬 𑄝𑄘𑄬 𑄃𑄥𑄟𑄧𑄖𑄴𑄠𑄳𑄠𑄧 𑄃𑄦𑄧𑄟𑄨𑄠 𑄟𑄪𑄎𑄪𑄟𑄚𑄴 𑄃𑄧𑄣𑄇𑄴।,সে বাদে এসে মলাটা শেষ করল
"𑄃𑄨𑄢𑄪𑄇𑄴 𑄇𑄣𑄬 𑄃𑄟𑄨 𑄞𑄬𑄃𑄨𑄠𑄬 𑄞𑄬𑄃𑄨𑄠𑄬 𑄟𑄢𑄟𑄢𑄨, 𑄈𑄪𑄚𑄧𑄈𑄪𑄚𑄨 𑄉𑄧𑄢𑄨 𑄎𑄧𑄚𑄧𑄟𑄴 𑄘𑄨𑄢𑄴 𑄝𑄢𑄴𑄝𑄮 𑄌𑄋𑄴𑄟 𑄎𑄘𑄧𑄖𑄴 𑄚𑄪𑄃𑄧 𑄎𑄖𑄴?","আজকে আমরা ভে ভে মারামারি করি, খুন করে মানুষরা কোথা যাবে?"
𑄟𑄪𑄢𑄧𑄖𑄴 𑄛𑄪𑄢𑄨 𑄞𑄝𑄨𑄣𑄬 𑄘𑄬𑄊 𑄡𑄠𑄴 𑄌𑄋𑄴𑄟 𑄎𑄘𑄧𑄢𑄴 𑄘𑄪𑄇𑄴 𑄜𑄪𑄢𑄬𑄝𑄢𑄴 𑄇𑄧𑄚𑄧 𑄃𑄨𑄁𑄉𑄨𑄖𑄴 𑄚𑄬𑄃𑄨,.মলা ভুলে গেলে চাকমাদের দুঃখ শেষ হনা
𑄷𑄿𑄺𑄽 𑄥𑄣𑄧𑄖𑄴 𑄞𑄢𑄧𑄖𑄴 𑄃 𑄛𑄇𑄨𑄥𑄴𑄖𑄚𑄴 𑄞𑄇𑄴 𑄦𑄧𑄚𑄢𑄴 𑄎𑄬𑄢𑄬𑄖𑄴𑄖𑄪𑄚𑄴 𑄙𑄧𑄢𑄨 𑄃𑄟 𑄌𑄋𑄴𑄟 𑄎𑄘𑄧 𑄇𑄧𑄝𑄣𑄧𑄖𑄴 𑄡𑄬 𑄘𑄪𑄇𑄴 𑄣𑄬𑄝𑄬𑄘𑄳𑄠 𑄡𑄬𑄠𑄳𑄠।,১৯৪৭ সালে ভারত আর পাকিস্তান ভাগ হওার পর আমাদের চামা যে দুঃখ পেছে
"𑄝𑄢𑄴𑄝𑄋𑄚𑄬 𑄡𑄬𑄙𑄧𑄇𑄴 𑄝𑄢𑄴 𑄃𑄬𑄇𑄴𑄈𑄚 𑄥𑄪𑄉𑄧𑄢𑄴 𑄛𑄳𑄦𑄧𑄢𑄴 𑄝𑄬𑄘 𑄘𑄳𑄠, 𑄥𑄬 𑄛𑄳𑄦𑄧𑄢𑄧𑄢𑄴 𑄈𑄬𑄝𑄬 𑄈𑄬𑄝𑄬 𑄟𑄢𑄬 𑄝𑄪𑄘𑄧𑄙𑄧 𑄙𑄳𑄠𑄚𑄴 𑄞𑄋𑄨 𑄘𑄨𑄝𑄖𑄳𑄠𑄃𑄨 𑄃𑄇𑄳𑄢𑄧𑄟𑄚𑄴 𑄉𑄧𑄌𑄴𑄍𑄬 𑄛𑄢 𑄇𑄣 𑄊𑄪𑄢𑄴𑄊𑄌𑄳𑄠 𑄃𑄚𑄴𑄙𑄢𑄬 𑄏𑄝𑄬𑄃𑄨 𑄥𑄬 𑄛𑄳𑄦𑄧𑄢𑄴 𑄦𑄏𑄨 𑄡𑄬𑄠𑄬𑄉𑄮𑄃𑄨 𑄌𑄧𑄣𑄧𑄚𑄴𑄘𑄨 𑄊𑄧𑄣𑄮𑄚𑄴𑄘𑄨𑄖𑄴।",বার বার খেতে খেতে মনে হ সে রাতের বেলা কালো ঘুঙিে দৌাদৌি করে সে কালো ঘুঙিে হেঁটে যাচ্ছে
𑄃𑄬𑄇𑄴𑄘𑄨𑄚𑄴 𑄃𑄬𑄇𑄴𑄇𑄱 𑄃𑄧𑄇𑄴𑄖𑄧 𑄃𑄬𑄣𑄧 𑄷𑄿𑄼𑄺 𑄥𑄣𑄧𑄢𑄴 𑄝𑄧𑄢𑄴 𑄛𑄧𑄢𑄧𑄋𑄴 𑄎𑄬𑄢𑄬।,এক দিন একটা চিঠি আসলো ১৯৬৪ সালে
"𑄎𑄘𑄧𑄢𑄴 𑄟𑄚𑄪𑄌𑄴𑄍𑄪𑄚𑄧𑄢𑄬 𑄝𑄬-𑄃𑄪𑄘𑄨𑄌𑄴 𑄃𑄧𑄃𑄨 𑄃𑄪𑄖𑄴𑄖𑄮𑄚𑄴 𑄇𑄧𑄚𑄬 𑄇𑄪𑄙𑄪 𑄡𑄬𑄝𑄇𑄴, 𑄇𑄧𑄚𑄬 𑄇𑄪𑄙𑄪 𑄗𑄬𑄝𑄇𑄴।",".গ্রামের মানুষদের সবাই এই উনে কে কোথা যাবে,কে কোথা থাকবে"
𑄃𑄨𑄚𑄴𑄘𑄨 𑄝𑄧𑄢𑄴 𑄛𑄧𑄢𑄧𑄋𑄧𑄢𑄴 𑄘𑄬𑄌𑄴 𑄥𑄢𑄨 𑄡𑄬𑄝𑄢𑄴 𑄉𑄧𑄋𑄴।,এখানে ব ব আকাশ দেখা যা
𑄃𑄪𑄚𑄴𑄘𑄨 𑄃𑄨𑄖𑄴𑄖𑄮 𑄇𑄪𑄘𑄪𑄟 𑄃 𑄝𑄛𑄴 𑄘𑄘 𑄊𑄧𑄢𑄴𑄛𑄘 𑄎𑄉 𑄥𑄢𑄨 𑄚𑄧 𑄛𑄌𑄴𑄍𑄬 𑄟𑄬𑄠𑄳𑄠।,.উপরের দিকে বাবা-চাচারা জাগা খুঁজে পাচ্ছে না
"𑄝𑄝𑄬-𑄛𑄪𑄘𑄬, 𑄟-𑄏𑄨𑄠𑄬, 𑄞𑄬𑄃𑄨𑄠𑄬 𑄞𑄬𑄃𑄨𑄠𑄬, 𑄝𑄮𑄚𑄬 𑄝𑄮𑄚𑄬 𑄃𑄨𑄖𑄴𑄖𑄮𑄇𑄪𑄘𑄪𑄟𑄴 𑄜𑄢𑄧𑄇𑄴 𑄦𑄧𑄚𑄢𑄴 𑄘𑄬𑄊𑄬𑄃𑄨 𑄚𑄧 𑄛𑄌𑄴𑄍𑄬 𑄟𑄧𑄚𑄧 𑄘𑄪𑄇𑄴।","বোই-পুি, মা-ঝি, ভাই-বোনেরা এত ব হেছে তবুও মনের দুঃখ পেতেছে না"
"𑄡𑄨𑄃𑄪𑄚𑄴 𑄘𑄬𑄌𑄴 𑄥𑄢𑄨 𑄡𑄨𑄠𑄮𑄚𑄴 𑄘𑄧 𑄡𑄨𑄠𑄮𑄚𑄴𑄘𑄮𑄃𑄨, 𑄖𑄢𑄢𑄴 𑄇𑄧𑄝𑄣𑄧𑄖𑄴 𑄘𑄪𑄇𑄴 𑄘𑄧 𑄃𑄬𑄣𑄬𑄠𑄳𑄠𑄧 𑄃𑄬𑄣𑄧 𑄃 𑄡𑄨𑄃𑄪𑄚𑄴 𑄊𑄧𑄢𑄴𑄛𑄘 𑄎𑄉 𑄟𑄬𑄠𑄳𑄠 𑄃𑄨𑄢𑄨 𑄚𑄧 𑄛𑄢𑄨 𑄃𑄨𑄢𑄪𑄇𑄴 𑄦𑄨𑄣𑄴 𑄌𑄘𑄨𑄉𑄋𑄧𑄖𑄴 𑄢𑄧𑄣𑄇𑄴 𑄖𑄢𑄢𑄴𑄠𑄳𑄠𑄧 𑄜𑄁 𑄦𑄧𑄣𑄧 𑄚𑄪𑄃𑄧 𑄉𑄧𑄢𑄨 𑄃𑄢𑄧 𑄘𑄪𑄇𑄴।",". যারা দোলের পাশে থাকে, তাদের বািতে দুঃখ তো আসেই না, তারা শুধু পাহাের পাশে দুঃখ করে"
𑄚𑄨𑄎𑄧 𑄞𑄨𑄘𑄬 𑄟𑄘𑄨 𑄝𑄎𑄬𑄃𑄨 𑄢𑄊𑄬𑄝𑄖𑄳𑄠𑄃𑄨 𑄣𑄢𑄳𑄦𑄬 𑄃𑄬𑄡𑄧 𑄗𑄪𑄟𑄴 𑄚𑄬𑄃𑄨 𑄘𑄪𑄉𑄧𑄢𑄴 𑄎𑄨𑄁𑄇𑄚𑄨।,নিজের ভে মাটিতে আর শেষ নেই এমন জীবন
𑄃𑄬 𑄙𑄧𑄇𑄳𑄠𑄬 𑄉𑄧𑄢𑄨 𑄝𑄨𑄘𑄨 𑄉𑄬𑄣𑄇𑄴 𑄞𑄣𑄮𑄇𑄴𑄇𑄮 𑄝𑄧𑄏𑄧𑄢𑄴।,এই রকম করে অনেক বছর গেল
𑄣𑄳𑄦𑄬𑄟𑄴 𑄛𑄧𑄢𑄨 𑄗𑄬𑄣𑄧 𑄎𑄖𑄴𑄖𑄮 𑄝𑄬𑄇𑄴 𑄇𑄨𑄗𑄳𑄠𑄘𑄨।,লেংটি পে থাকল সব কিছু
𑄥𑄬 𑄉𑄧𑄙𑄬𑄣𑄴 𑄝𑄧𑄏𑄧𑄢𑄴 𑄎𑄬𑄢𑄬 𑄃𑄧𑄊𑄪𑄢𑄴 𑄃𑄚𑄴𑄙𑄢𑄧𑄟𑄠𑄴 𑄎𑄪𑄟𑄴𑄟𑄧 𑄎𑄘𑄧 𑄃𑄨𑄙𑄪 𑄞𑄬𑄘 𑄘𑄨𑄣𑄴 𑄃𑄬𑄇𑄴𑄇𑄱 𑄝𑄮𑄟𑄴𑄝𑄢𑄴 𑄛𑄮𑄖𑄴𑄛𑄮𑄖𑄳𑄠 𑄍𑄧𑄘𑄧𑄇𑄴 𑄍𑄨𑄘𑄨।,সে বছর পরে খুব অন্ধকার হে একটা বই পে গেল
𑄎𑄘𑄧𑄢𑄴 𑄘𑄧𑄢𑄧𑄟𑄧𑄢𑄧 “𑄟𑄪𑄢𑄴𑄈𑄟𑄴” 𑄙𑄧𑄇𑄴 𑄥𑄪𑄚𑄚𑄪 𑄟𑄚𑄧𑄝𑄬𑄚𑄴𑄘𑄳𑄢𑄧 𑄚𑄢𑄠𑄧𑄚𑄴 𑄣𑄢𑄴𑄟।,দৌাদৌি করে মানুষের নাাচাা করতে হ
𑄥𑄧𑄝𑄧𑄚𑄴 𑄘𑄬𑄊𑄬𑄣𑄧 𑄘𑄪𑄉𑄧𑄖𑄴𑄖𑄪𑄚𑄴 𑄥𑄧𑄢𑄚𑄴 𑄛𑄬𑄝𑄢𑄴।,স্বপ্ন দেখতেছি নদী থেকে পানি পার
𑄎𑄖𑄴𑄖𑄮𑄠𑄳𑄠𑄧 𑄟𑄧𑄚𑄬 𑄉𑄧𑄢𑄨𑄣𑄧 𑄦𑄧𑄠𑄴 𑄘𑄪𑄉𑄧𑄖𑄴𑄖𑄪𑄚𑄴 𑄥𑄧𑄢𑄚𑄴 𑄛𑄬𑄝𑄢𑄴 𑄦𑄧𑄣𑄬 𑄃𑄬 𑄝𑄧𑄚𑄴𑄘𑄝𑄱 𑄛𑄢𑄨𑄝𑄧𑄘𑄬।,জাতিটা মনে করে নদী থেকে পানি বের করতে হলে এই বান্দাটা পারবে
𑄌𑄨𑄘𑄬 𑄉𑄧𑄢𑄨𑄣𑄧 𑄦𑄧𑄠𑄴𑄘𑄧 𑄥𑄧𑄁𑄥𑄢𑄚𑄬 𑄏𑄪𑄙𑄮/𑄚𑄬𑄖 𑄇𑄨 𑄖𑄨𑄉𑄪𑄌𑄳𑄠 𑄃𑄧𑄞𑄬𑄘𑄧𑄢𑄴 𑄉𑄧𑄢𑄨 𑄜𑄪𑄘𑄧𑄠𑄴 𑄚𑄨𑄚।,মনে হ সংসারটা শেষ হেছে/ছেলেটা কি টিক টিক করে ফুটলো
"𑄏𑄪𑄙𑄮 𑄘𑄧 𑄃𑄧𑄞𑄁𑄛𑄘𑄢𑄬, 𑄚𑄨𑄎𑄧𑄢𑄬 𑄚𑄨𑄎𑄬 𑄏𑄪𑄙𑄮 𑄇𑄮𑄠𑄬 𑄍𑄥𑄉𑄧𑄢𑄴।","ঝুি তো বিপদ ঘটিে, নিজে নিজে ঝুি দিে কথা বলে"
"𑄟𑄖𑄴𑄖𑄧𑄢𑄴, 𑄟𑄚𑄧𑄝𑄬𑄚𑄴𑄘𑄳𑄢𑄧 𑄚𑄢𑄠𑄧𑄚𑄴 𑄣𑄢𑄴𑄟 𑄙𑄧𑄇𑄳𑄠𑄬 𑄇𑄧𑄠𑄴𑄝𑄮 𑄎𑄖𑄴 𑄛𑄳𑄢𑄬𑄖𑄳𑄠𑄃𑄨 𑄥𑄪 𑄌𑄨𑄘𑄬 𑄉𑄧𑄢𑄨𑄠𑄬, 𑄘𑄬𑄌𑄴 𑄞𑄣𑄬𑄖𑄳𑄠 𑄏𑄪𑄙𑄮 𑄃𑄟𑄳𑄦 𑄎𑄘𑄧𑄖𑄴 𑄦𑄮𑄠𑄮𑄚𑄴।","মানুষরা পাহাের মতো দেখতে এক জাতী প্রেতের সাথে মিশিেছে,দেশটা ভালো হেছে আমাদের সাথে"
𑄟𑄖𑄴𑄖𑄧𑄢𑄴 𑄎𑄘𑄧𑄢𑄴 𑄇𑄧𑄚𑄴 𑄙𑄧𑄇𑄳𑄠𑄬 𑄃𑄬 𑄇𑄪𑄈𑄌𑄳𑄠𑄖𑄴?,.মাটির নিচের কোন চেহারা আছে?
"𑄃𑄨𑄇𑄴𑄇𑄬 𑄖𑄢𑄬𑄠𑄳𑄠𑄧 𑄦𑄢𑄬𑄣𑄧𑄁 𑄃𑄎𑄚𑄴𑄘𑄖𑄴, 𑄚𑄧 𑄟𑄇𑄴𑄇𑄬 𑄉𑄧𑄢𑄨 𑄟𑄧𑄚𑄬 𑄟𑄧 𑄇𑄧𑄣𑄬𑄠𑄳𑄠𑄧।","আজকে তাকে হারিেছি,কিছুক্ষণ করে মনে হ"
"𑄗𑄬𑄝𑄧𑄢𑄧𑄇𑄴 𑄈𑄬𑄣𑄧 𑄃𑄢𑄧 𑄃𑄬𑄇𑄴 𑄈𑄬𑄛𑄴, 𑄎𑄘𑄧𑄢𑄴 𑄃𑄪𑄎𑄮𑄚𑄨 𑄃𑄪𑄎𑄚।","হোঁচট খেলো আরও একবার,ঝামেলা উঠে"
𑄃𑄧𑄃𑄨 𑄃𑄪𑄘𑄨𑄣𑄧 𑄃𑄚𑄴𑄙𑄢𑄴 𑄎𑄘𑄧𑄢𑄴 𑄃𑄪𑄘𑄧𑄚𑄴𑄘𑄨 𑄝𑄬𑄣𑄧 𑄃𑄉𑄌𑄴।,ওই উে আসা আঁধারের মধ্যে এক জাতী বেল গাছ
𑄍𑄝𑄨 𑄢𑄧𑄣𑄧 𑄃𑄚𑄴𑄙𑄢𑄬 𑄣𑄢𑄴𑄟𑄢𑄴—𑄃𑄬𑄙𑄧𑄇𑄴 𑄝𑄧𑄏𑄧𑄢𑄧𑄢𑄴 𑄚𑄨𑄃𑄣𑄴𑄌𑄨 𑄈𑄘𑄪𑄚𑄨𑄣𑄮𑄃𑄨 𑄝𑄚𑄬𑄠𑄳𑄠 𑄎𑄘𑄧 𑄣𑄢𑄳𑄦𑄬𑄠𑄧𑄢𑄴 𑄉𑄧𑄙 𑄃𑄢𑄴𑄉𑄚𑄨।,.ছাবি আলো আলো দিে অনেক বছর কেটে গেছে।
"𑄃𑄢𑄴 𑄃𑄨𑄢𑄪𑄇𑄴 𑄘𑄨𑄚𑄧𑄖𑄴 𑄎𑄖𑄴 𑄛𑄳𑄢𑄬𑄖𑄳𑄠𑄃𑄨 𑄘𑄧 𑄝𑄬𑄉𑄮𑄘𑄮𑄃𑄨 𑄇𑄮𑄣𑄬𑄢𑄴 𑄟𑄖𑄴𑄖𑄧𑄢𑄴, 𑄃𑄟𑄳𑄦 𑄙𑄧𑄙𑄳𑄠𑄬 𑄎𑄖𑄴 𑄛𑄳𑄢𑄬𑄖𑄳𑄠𑄃𑄪𑄚𑄧𑄢𑄴 𑄇𑄧𑄙 𑄇𑄧𑄎𑄧𑄚𑄬 𑄥𑄪𑄚𑄧𑄘𑄧𑄚𑄴।","অন্য দিনে জাত ভূতগুলো তো বোর মানুষ,আমাদের জাতী ভূতগুলো কথা বলতেছে"
𑄥𑄧𑄁𑄥𑄢𑄧𑄖𑄴 𑄎𑄖𑄴 𑄝𑄎𑄬𑄝𑄢𑄴 𑄃 𑄚𑄨𑄎𑄧 𑄃𑄧𑄊𑄧 𑄟𑄉𑄚 𑄛𑄬𑄝𑄢𑄴 𑄣𑄢𑄳𑄦𑄬𑄠𑄧𑄖𑄴 𑄟𑄚𑄪𑄌𑄴 𑄗𑄪𑄝𑄮 𑄉𑄧𑄢𑄧𑄘𑄬 𑄡𑄬𑄚𑄬𑄃𑄨 𑄘𑄧𑄢𑄧𑄟𑄧𑄢𑄧 𑄏𑄪𑄙𑄮𑄢𑄴 𑄡𑄬𑄙𑄧𑄇𑄳𑄠𑄬 𑄉𑄧𑄢𑄧𑄌𑄴 𑄃𑄊𑄬 𑄗𑄨𑄇𑄴 𑄥𑄬𑄙𑄧𑄇𑄳𑄠𑄬 𑄟𑄚𑄴𑄌𑄪𑄢𑄴 𑄟𑄧𑄚𑄧𑄖𑄴 𑄃𑄪𑄌𑄴𑄍𑄮𑄟𑄨 𑄖𑄪𑄣𑄨 𑄘𑄬𑄘𑄬𑄠𑄳𑄠𑄧 𑄇𑄧𑄠𑄬𑄇𑄴 𑄙𑄧𑄇𑄳𑄠𑄬 𑄇𑄝𑄨𑄣𑄴 𑄟𑄚𑄪𑄌𑄴 𑄉𑄧𑄢𑄧𑄌𑄴 𑄃𑄊𑄬।,"সংসারে মানুষ রাখার জন্য আর নিজের মতো করে থাকার জন্য এত ব মানুষ আছে, কত ব মানুষ আছে"
"𑄡𑄬𑄙𑄧𑄇𑄳𑄠𑄬 𑄣𑄬𑄊𑄨𑄠𑄳𑄠 𑄇𑄝𑄨𑄣𑄴, 𑄉𑄨𑄖𑄴 𑄉𑄬𑄃𑄨𑄠𑄳𑄠 𑄇𑄝𑄨𑄣𑄴 𑄃𑄨𑄃𑄪𑄚𑄴।","যতগুলো লেলিে যাওা কাপ, গিে গিে ওঠা কাপ"
𑄣𑄬𑄊𑄩𑄠𑄳𑄠 𑄇𑄝𑄨𑄣𑄴𑄃𑄪𑄚𑄬 𑄡𑄬𑄙𑄧𑄇𑄳𑄠𑄬 𑄉𑄧𑄢𑄨 𑄖𑄢𑄢𑄴 𑄣𑄬𑄊 𑄖𑄚𑄬 𑄖𑄚𑄨𑄚𑄬𑄠𑄴 𑄟𑄚𑄴𑄎𑄮𑄢𑄬 𑄃𑄬𑄇𑄴𑄈𑄚𑄴 𑄎𑄉𑄖𑄴 𑄃𑄚𑄨 𑄗𑄪𑄝𑄮 𑄉𑄧𑄢𑄨 𑄛𑄢𑄧𑄚𑄴 𑄗𑄨𑄇𑄴 𑄥𑄨𑄖𑄴𑄖𑄪𑄚𑄴 𑄏𑄘𑄨 𑄉𑄨𑄖𑄴 𑄉𑄬𑄃𑄨𑄠𑄳𑄠 𑄇𑄝𑄨𑄣𑄴𑄃𑄪𑄚𑄬 𑄉𑄨𑄘𑄧𑄢𑄴 𑄇𑄧𑄙 𑄃 𑄥𑄪𑄢𑄧𑄢𑄴 𑄟𑄬𑄠𑄳𑄠𑄃𑄨 𑄟𑄚𑄪𑄌𑄴 𑄗𑄪𑄝𑄮 𑄃𑄧𑄃𑄨 𑄃𑄬𑄇𑄴𑄈𑄚𑄴 𑄎𑄉𑄖𑄴 𑄎𑄙 𑄝𑄧𑄘𑄧𑄚𑄴।,"লেলিে যাওা কাপগুলো যতগুলো করে সেলাই করে মানুষরা একটা জাগা আসে, সেখান থেকে পাখানা করে মানুষরা একটি জাগা বসে আছে"
𑄃𑄨𑄢𑄪𑄇𑄴 𑄘𑄨𑄚𑄧𑄖𑄴 𑄉𑄨𑄖𑄴 𑄉𑄬𑄃𑄨𑄠𑄳𑄠 𑄘𑄧 𑄍𑄧𑄥𑄉𑄧𑄢𑄴।,এখনকার দিনে গিে গিেছে তো ছিে
"𑄟𑄖𑄴𑄖𑄧𑄢𑄴, 𑄥𑄬 𑄉𑄨𑄘𑄧𑄖𑄴 𑄟𑄚𑄴𑄎𑄮𑄢𑄴 𑄛𑄧𑄢𑄚𑄧𑄖𑄴 𑄜𑄪𑄘𑄬 𑄛𑄢 𑄉𑄨𑄘𑄮𑄢𑄴 𑄇𑄧𑄙 𑄃 𑄛𑄧𑄢𑄚𑄴 𑄦𑄉𑄧𑄣𑄴 𑄛𑄉𑄧𑄣𑄴 𑄃𑄧𑄃𑄨 𑄃𑄪𑄘𑄬 𑄛𑄢 𑄉𑄧𑄣 𑄢𑄧 𑄇𑄧𑄠𑄴𑄝𑄱 𑄉𑄨𑄘𑄧 𑄇𑄝𑄨𑄣𑄴 𑄃𑄊𑄧𑄚𑄴।","সেই গিঁটে মানুষের প্রাণের কথা হেছে, তার গলা একটা গিঁট আছে"
𑄟𑄧 𑄃𑄨𑄎𑄬𑄝𑄬 𑄡𑄬𑄘𑄪𑄇𑄴𑄇𑄮 𑄉𑄨𑄖𑄴 𑄥𑄪𑄚𑄴𑄚𑄮𑄁 𑄃 𑄉𑄨𑄘𑄮𑄢𑄴 𑄉𑄧𑄣 𑄘𑄬𑄇𑄴𑄈𑄮𑄁 𑄃𑄨𑄢𑄪𑄇𑄴 𑄘𑄨𑄚𑄧𑄢𑄴 𑄥𑄪𑄚𑄚𑄪 𑄥𑄧𑄟𑄴𑄞𑄪𑄣𑄣𑄴 𑄌𑄋𑄴𑄟 𑄙𑄧𑄇𑄴 𑄇𑄧𑄟𑄴𑄠𑄳𑄠𑄧 𑄘𑄬𑄊 𑄡𑄨𑄠𑄬।,আমার বাবা যে দুটি গিে শুনালো তার গলা অনেক কম দেখা যা
𑄡𑄬𑄙𑄧𑄇𑄳𑄠𑄬 𑄖𑄢𑄴 𑄉𑄧𑄘𑄧𑄢𑄴 𑄇𑄧𑄙 𑄥𑄬𑄙𑄧𑄇𑄳𑄠𑄬 𑄖 𑄉𑄧𑄣𑄢𑄴 𑄢𑄧 𑄃 𑄉𑄧𑄌𑄴𑄌𑄢।,এত তার ভে এত ব কথা বলতেছে
"𑄟𑄖𑄴𑄖𑄧𑄢𑄴, 𑄦𑄞𑄨𑄣𑄳𑄠𑄌𑄴 𑄈𑄬𑄝𑄢𑄴 𑄇𑄧𑄙 𑄡𑄬𑄙𑄧𑄇𑄳𑄠𑄬 𑄉𑄧𑄢𑄨 𑄎𑄘𑄧𑄢𑄴 𑄇𑄧𑄝𑄣𑄧 𑄇𑄇𑄳𑄠𑄬 𑄘𑄋𑄧𑄢𑄧𑄖𑄴𑄖𑄪𑄚𑄴 𑄘𑄋𑄧𑄢𑄴 𑄏𑄪𑄙𑄮 𑄟𑄚𑄧𑄝𑄬𑄚𑄴𑄘𑄳𑄢𑄧 𑄚𑄢𑄠𑄧𑄚𑄴 𑄣𑄢𑄴𑄟𑄢𑄬 𑄦𑄢𑄬𑄠𑄬𑄃𑄨।",".মানুষ,হাত দিে ভাত খাওার কথা এত ব ব করে বলতেছে যে,মানুষটা ব ব করে হামাগুি দিচ্ছে"
𑄥𑄨𑄖𑄴𑄪𑄚𑄴 𑄃𑄬𑄇𑄴𑄈𑄚 𑄏𑄪𑄙𑄮 𑄙𑄧𑄉𑄬 𑄃𑄢𑄘𑄬 𑄡𑄬𑄢𑄴 𑄥𑄪𑄚𑄚𑄪 𑄥𑄧𑄟𑄴𑄞𑄪𑄣𑄣𑄴 𑄌𑄋𑄴𑄟𑄢𑄬𑄠𑄳𑄠𑄧।,.তার থেকে একটা ঝুি ধরে চলে গেছে।
"𑄖𑄢𑄴 𑄇𑄧𑄠𑄬𑄇𑄴𑄇𑄱 𑄡𑄬 𑄘𑄬𑄌𑄴 𑄇𑄮𑄌𑄴𑄛𑄨𑄠𑄬, 𑄘𑄬𑄌𑄴𑄛𑄳𑄢𑄬𑄖𑄳𑄠 𑄉𑄨𑄖𑄴 𑄃𑄢𑄧 𑄥𑄬 𑄣𑄧𑄉𑄬 𑄉𑄧𑄣 𑄢𑄧 𑄃𑄏 𑄉𑄧𑄢𑄧𑄁 𑄎𑄘𑄧𑄢𑄴 𑄗𑄚𑄴 𑄗𑄬𑄣𑄬 𑄥𑄬 𑄉𑄨𑄖𑄴𑄖𑄪𑄚𑄴 𑄥𑄪𑄚𑄴𑄚𑄮, 𑄥𑄣𑄬𑄚𑄴 𑄃𑄬𑄇𑄴𑄇 𑄦𑄧𑄣𑄬𑄠𑄳𑄠𑄧 𑄟𑄧𑄚𑄴 𑄚𑄧 𑄇𑄚𑄬 𑄥𑄬 𑄉𑄨𑄖𑄴 𑄥𑄪𑄚𑄨?","তার কেকটা যে দোল আছে, দোলটা একটু হলে মনে হ না সেই গিঁটটা"
𑄬 𑄝𑄛𑄴-𑄞𑄬𑄃𑄨𑄣𑄧𑄇𑄴!,বাবা-মা!
𑄫𑄨𑄃𑄪𑄚𑄴 𑄎𑄘𑄧𑄢𑄴 𑄏𑄪𑄙𑄮 𑄦𑄢𑄬𑄣𑄧𑄁 𑄖𑄢𑄢𑄬 𑄘𑄧 𑄃𑄢𑄴 𑄜𑄨𑄢𑄨 𑄛𑄬𑄝𑄢𑄴 𑄚𑄧𑄠𑄴।,উনা জাগা ঝগা করলো তাদেরকে আর ফিরতে হবে না
"𑄟𑄖𑄴𑄖𑄧𑄢𑄴 𑄡𑄢𑄬 𑄃𑄬𑄞𑄧 𑄛𑄬𑄝𑄢𑄴 𑄃𑄏 𑄃𑄊𑄬 𑄎𑄘𑄧𑄢𑄴 𑄖𑄧𑄛𑄴𑄛𑄬𑄖𑄴𑄪𑄚𑄴 𑄇𑄪𑄎𑄮𑄣𑄨 𑄉𑄧𑄢𑄨𑄚𑄴, 𑄃𑄢𑄴 𑄖 𑄎𑄖𑄴 𑄛𑄳𑄢𑄬𑄖𑄳𑄠𑄃𑄨, 𑄎𑄖𑄴 𑄞𑄣𑄬𑄘𑄨𑄖𑄳𑄠𑄃𑄨 𑄖 𑄉𑄨𑄘𑄮𑄢𑄴 𑄉𑄌𑄴𑄌𑄢𑄠𑄴 𑄘𑄉𑄨 𑄃𑄬𑄇𑄴𑄈𑄚𑄧𑄖𑄴 𑄗𑄪𑄝𑄮 𑄉𑄧𑄢𑄮𑄇𑄴𑄇𑄨 𑄃𑄬 𑄞𑄬𑄃𑄨𑄠𑄬 𑄞𑄬𑄃𑄨𑄠𑄬 𑄇𑄮𑄌𑄴𑄛𑄛𑄨 𑄚𑄬𑄃𑄨, 𑄚𑄬𑄃𑄨 𑄥𑄬𑄢𑄬𑄖𑄴𑄖 𑄌𑄋𑄴𑄟𑄃𑄪𑄚𑄧𑄢𑄬।",".মাছেদের পেট থেকে শুধু গন্ধ বের হ, আর তার জাতের ভূতটা,জাতের ভালোর জন্য তার গিঁটগুলো আলাদা করে রেখেছে।"
𑄈𑄧𑄝𑄧𑄢𑄴 𑄛𑄁 𑄖𑄢𑄴 𑄃𑄨𑄢𑄪𑄇𑄴 𑄎𑄨𑄁𑄇𑄚𑄨𑄢𑄴 𑄥𑄧𑄟𑄧𑄠𑄧𑄢𑄴 𑄣𑄉𑄚𑄇𑄳𑄠𑄬𑄃𑄨 𑄃𑄬𑄇𑄴𑄇𑄚 𑄖𑄢𑄖𑄋𑄧𑄌𑄳𑄠 𑄃𑄧𑄞𑄧।,খবরটা পাওার পর তার শরীরটা একটু কাঁপতেছে
𑄃 𑄚𑄧 𑄦𑄧𑄣𑄬 𑄌𑄋𑄴𑄟 𑄎𑄠𑄴𑄮 𑄝𑄢𑄴𑄦𑄋𑄚𑄬 𑄛𑄨𑄠𑄬 𑄦𑄖𑄳𑄠𑄢𑄚𑄨 𑄃𑄧𑄇𑄴𑄖𑄧 𑄟𑄧𑄎𑄨𑄟𑄴 𑄣𑄢𑄨 𑄚𑄧 𑄎𑄚𑄢𑄴 𑄇𑄢𑄧𑄚𑄬 𑄖𑄨𑄉𑄪𑄌𑄳𑄠 𑄙𑄪𑄚𑄴𑄘𑄪𑄇𑄴 𑄈𑄬𑄃𑄨𑄝𑄢𑄴 𑄃𑄧𑄇𑄴𑄖𑄧 𑄃𑄧𑄞𑄧-,সে না হলে চামা দিে হেঁটে যাওার সম পাহাে পাহাে হাত দিে হেঁটে যাওার জন্য পাহাের মাথা হাত দিে হেঁটে যাওার সম চামা দিে হেঁটে যাওার জন্য তেতো হাত দিে হেঁটে যাওার সমে পাহাে হাত দিে হেঁটে যাওার জন্য পাহাে হাত দিে হেঁটে যাওার সম পাহাে হেঁটে যেতে পারে না বলে তেতো হাতপাহা
𑄚𑄨𑄖𑄴𑄖𑄮 𑄝𑄬𑄢𑄳𑄦𑄬 𑄛𑄁।,প্রতিদিন বোতে হ
𑄃𑄧𑄚𑄴𑄥𑄪𑄢𑄴 𑄇𑄨 𑄉𑄧𑄟𑄴 𑄇𑄧𑄦𑄇𑄴 𑄟𑄚𑄴𑄌𑄳𑄠?,.অঞ্চল কি ভালো?
𑄇𑄪 𑄇𑄧𑄙𑄃𑄮 𑄥𑄪𑄚𑄧 𑄛𑄧𑄢𑄬 𑄇𑄨𑄏𑄪।,কোন কথা শুনতে হ
𑄥𑄬𑄚𑄬 𑄇𑄨 𑄟𑄧𑄚𑄴 𑄞𑄋𑄨𑄝𑄬 𑄘𑄪𑄊𑄬?,সে কি মন ভেঙে দিবে?
𑄥𑄨𑄠𑄚𑄴𑄘𑄮𑄃𑄨 𑄃𑄬𑄙𑄧𑄇𑄴𑄬 𑄗𑄬𑄝𑄬 𑄚𑄨𑄉𑄪𑄢𑄨?,.সে কেন এত চুপ করে থাকবে?
𑄝𑄬𑄚𑄳𑄠 𑄙𑄮𑄃𑄨 𑄘𑄳𑄠 𑄥𑄨𑄢𑄧 𑄛𑄨𑄚𑄠𑄬।,বেইনটা ধোা সেলাই করে দো
𑄖𑄧 𑄟𑄪𑄠𑄚𑄴 𑄎𑄪𑄚𑄨 𑄃𑄬𑄙𑄧𑄇𑄴𑄬 𑄍𑄬𑄃𑄨 𑄃𑄈𑄢-,তোমার আমি এত ব ব করে তাকিে থাকি
𑄟𑄧 𑄎𑄨𑄁𑄇𑄚𑄨𑄖𑄴 𑄥𑄢𑄣𑄳𑄠 𑄣𑄉𑄬 𑄥𑄧𑄇𑄴𑄬!,আমার জীবনে আরাম লাগে
𑄜𑄣𑄬𑄬 𑄟𑄙 𑄃𑄪𑄎𑄪 𑄉𑄧𑄢𑄨 𑄝𑄎𑄨 𑄘𑄳𑄦𑄨𑄎𑄧𑄚𑄬।,. লাফিে মাথা উঁচু করে দুইজনে
"𑄃𑄮 𑄃𑄣𑄪𑄑𑄨𑄣 𑄟𑄮𑄚𑄴 𑄖𑄧𑄢𑄬 𑄘𑄉𑄨 𑄇𑄧𑄋𑄴,",ও আলুটিলা মন তোমাকে ডাকতেছি
𑄇𑄧𑄘𑄧 𑄇𑄨𑄎𑄪𑄢𑄴 𑄥𑄇𑄴𑄈𑄨 𑄖𑄪𑄭 𑄡𑄪𑄇𑄴 𑄡𑄪𑄇𑄴 𑄥𑄧𑄁।,কত ব মানুষ তুমি সম
𑄛𑄬𑄣𑄬 𑄖𑄪𑄭 𑄃𑄟𑄢𑄬 𑄇𑄧𑄚𑄧 𑄇𑄨𑄖𑄳𑄠𑄬𑄖𑄴 𑄚𑄧 𑄡𑄌𑄴।,পেলে তুমি আমাকে একটুও ভুলে যা না
"𑄇𑄧𑄚𑄴 𑄃𑄏𑄠𑄴 𑄉𑄧𑄢𑄧𑄢𑄴 𑄟𑄚𑄪𑄌𑄴 𑄎𑄢𑄧𑄖𑄴 𑄉𑄬𑄣𑄇𑄴,",কোন আঝা মানুষ মারা গেল
"𑄇𑄨 𑄃𑄏 𑄃𑄬𑄣𑄧 𑄇𑄨 𑄃𑄧𑄣𑄧, 𑄃 𑄇𑄨 𑄛𑄬𑄣𑄇𑄴?","কি আপ্যান আসলো, কি পেল?"
"𑄡𑄬𑄇𑄴𑄬 𑄇𑄧𑄚𑄧 𑄇𑄨𑄌𑄴𑄍𑄪 𑄚𑄧 𑄃𑄬𑄣𑄧 𑄇𑄨𑄘𑄨𑄇𑄳𑄠𑄬𑄚𑄴 𑄥𑄪𑄇𑄴,",যখন কোনো কিছু আসলো না তখন শুধু সুখ
𑄃𑄨𑄇𑄴𑄬 𑄃𑄬𑄘𑄧𑄇𑄴 𑄃𑄉𑄬 𑄖𑄮𑄠 𑄝𑄚 𑄝𑄚 𑄘𑄪𑄇𑄴।,এখনকার মতো আগে তো শুধু দুঃখ
"𑄊𑄧𑄢𑄴 𑄘𑄮𑄢𑄴 𑄃𑄬𑄌𑄳𑄠 𑄃𑄊𑄬, 𑄇𑄬𑄣𑄳𑄠 𑄚𑄬𑄭,","বাির দোল আছে,কলম নেই"
𑄇𑄨𑄖𑄳𑄠𑄬𑄃𑄨 𑄃𑄨𑄘𑄨𑄇𑄳𑄠𑄬𑄚𑄴?,কী এইদিক?
"𑄃𑄮-𑄝𑄛𑄴 𑄞𑄬𑄭𑄣𑄧𑄇𑄴, 𑄃𑄟𑄨 𑄃𑄬𑄇𑄴𑄇 𑄞𑄝𑄨 𑄌𑄬𑄭,",".ও-বামা ভালো,আমরা একটু চিন্তা করি"
𑄞𑄬𑄭𑄠𑄬 𑄞𑄬𑄭𑄠𑄬 𑄥𑄧𑄋𑄴 𑄚𑄬𑄭 𑄡𑄨𑄠𑄪𑄖𑄴 𑄥𑄨𑄠𑄪𑄖𑄴 𑄇𑄟𑄢-𑄇𑄟𑄢𑄨,ভে ভে বন্ধু নেই যেখানে সেখানে মারামারি
𑄝𑄢𑄬 𑄞𑄨𑄘𑄨𑄢𑄬 𑄃𑄬𑄇𑄴𑄪𑄃𑄨 𑄗𑄬𑄠𑄴𑄘𑄬𑄠𑄴 𑄥𑄧𑄟𑄢𑄬-𑄥𑄧𑄟𑄮𑄢𑄨।,বারে বসার সম একজন বসে আছেন।
"𑄃𑄬𑄇𑄴𑄮 𑄥𑄨𑄣𑄧𑄖𑄴 𑄖𑄧𑄣𑄬 𑄃𑄬𑄇𑄴𑄮 𑄇𑄋𑄢 𑄝𑄬𑄉𑄧 𑄘𑄋𑄧𑄢𑄴 𑄟𑄪𑄭,",একটা সীলের নিচে একটা কাঁকার বেগ ব আছে
"𑄖 𑄃𑄪𑄉𑄪𑄢𑄬 𑄖𑄬 𑄢𑄎, 𑄊𑄪 𑄃𑄪𑄉𑄪𑄢𑄬 𑄟𑄎𑄨 𑄢𑄎 𑄇𑄧𑄚𑄴 𑄖𑄪𑄭।","তার উপরে সে রাজা,ঘুরতে ঘুিে রাজা বলে"
"𑄟𑄠𑄴-𑄟𑄪𑄢𑄪𑄝𑄴𑄨, 𑄘𑄋𑄧𑄢𑄴-𑄌𑄨𑄉𑄮𑄚𑄴 𑄚𑄧 𑄌𑄨𑄚𑄨 𑄚𑄧 𑄟𑄚𑄨,","বাবা-মা, ব-ছোট চিনে না"
𑄘𑄋𑄧𑄢𑄴 𑄃𑄧𑄘𑄧 𑄌𑄬𑄣𑄬 𑄌𑄨𑄉𑄮𑄚𑄴 𑄤𑄛𑄧𑄢𑄬 𑄃𑄬𑄎𑄮 𑄚𑄧 𑄥𑄨𑄉𑄨।,ব ব দেখলে ছোট বাচ্চাটাকে আর দেখতে হ না
"𑄖𑄨𑄚𑄴𑄮 𑄈𑄬𑄘𑄇𑄴 𑄖𑄪𑄉𑄧 𑄃𑄪𑄉𑄪𑄢𑄬 𑄊𑄧𑄢𑄴, 𑄥𑄪𑄇𑄴-𑄥𑄚𑄴𑄖𑄨𑄖𑄴 𑄃𑄬𑄣𑄧 𑄞𑄧𑄢𑄴,",".তিননাগাে বাি,সুগন্ধিতে ভরলো"
"𑄃𑄨𑄇𑄴𑄬 𑄘𑄣𑄚𑄴 𑄇𑄮𑄒, 𑄖𑄮𑄠𑄇𑄨𑄠 𑄃𑄬𑄘𑄧𑄇𑄴 𑄘𑄧𑄢𑄴।","এখন দোল ঘর, তোাকা অনেক ভ"
𑄛𑄨𑄚𑄮𑄚𑄴 𑄈𑄘𑄨 𑄛𑄨𑄚𑄨 𑄚𑄧 𑄛𑄁 𑄢𑄘𑄧 𑄇𑄣𑄳𑄠 𑄘𑄨𑄚𑄧𑄖𑄴,পিনন খাদি পরিধান করে রাত কাটানো যা না
𑄣𑄎𑄬 𑄥𑄧𑄢𑄧𑄟𑄬 𑄗𑄬𑄣𑄬𑄃𑄮 𑄚𑄧 𑄃𑄢𑄁 𑄃𑄨𑄎𑄴𑄧𑄖𑄴।,"লজ্জাবতী লতা, লজ্জাবতী লতা"
𑄢𑄋𑄈𑄘𑄨 𑄎𑄧𑄣𑄴𑄎𑄧𑄣𑄳𑄠 𑄃𑄨𑄇𑄴𑄬 𑄇𑄝𑄧𑄢𑄬 𑄌𑄮𑄝𑄧𑄢𑄬 𑄝𑄬𑄃𑄨𑄎𑄴𑄧𑄖𑄴,.রাঙাখাদি পানি বেছে এখন চোখে পে
𑄖𑄬𑄋 𑄛𑄧𑄠𑄴𑄎𑄬 𑄏𑄧𑄣𑄴𑄧𑄛𑄧𑄣𑄴𑄧 𑄖𑄮𑄠 𑄚𑄬𑄭 𑄥𑄪𑄉𑄧𑄖𑄴।,টাকা পে পে তোমার সাথে দেখা হ না
𑄥𑄚𑄴𑄖𑄨 𑄃𑄧𑄝𑄢𑄴 𑄣𑄠𑄴 𑄥𑄚𑄴𑄖𑄨𑄌𑄪𑄇𑄴𑄖 𑄦𑄧𑄠𑄬𑄚𑄨 𑄝𑄥𑄴𑄖𑄧𑄝𑄠𑄧𑄚𑄴?,পাহাের নিচ থেকে পানি বের হেছে নাকি?
"𑄘𑄨𑄠𑄬 𑄎𑄨𑄚𑄨𑄥𑄴 𑄚𑄧 𑄛𑄬𑄢𑄴, 𑄛𑄬𑄝𑄧𑄁𑄚𑄨 𑄃𑄢𑄧 𑄥𑄠𑄧𑄖𑄴𑄧 𑄥𑄥𑄧𑄚𑄴।","দুইটা জিনিস পতে পারছি না,পেবংনি আর শাক"
"𑄡 𑄘𑄬𑄢𑄴 𑄥𑄨𑄖𑄴𑄪𑄚𑄴 𑄝𑄬𑄌𑄴 𑄃𑄪𑄎𑄮𑄣𑄴 𑄉𑄧𑄢𑄬,",যা দে তার থেকে বেশি উঠতে হ
𑄝𑄪𑄘𑄴𑄙𑄨 𑄈𑄣𑄛𑄴 𑄈𑄣𑄛𑄴 𑄣𑄬𑄎𑄧𑄖𑄴 𑄚𑄧 𑄙𑄧𑄢𑄨 𑄛𑄬𑄎𑄧𑄖𑄴 𑄙𑄧𑄢𑄬।,বুদ্ধির লোপ পেলে লেজে ধরে না
"𑄚𑄨𑄎𑄧 𑄎𑄉, 𑄚𑄨𑄎𑄧 𑄊𑄧𑄢𑄴 𑄦𑄧𑄣𑄬𑄃𑄮 𑄇𑄘𑄬𑄖𑄳𑄠𑄭 𑄛𑄧𑄢𑄴𑄝𑄎𑄳𑄠 𑄎𑄨𑄁𑄇𑄚𑄨।","নিজের জাগা, নিজের বাি হলেও কান্না করতেছে"
𑄇𑄪𑄚𑄴𑄘𑄨 𑄗𑄬𑄣𑄬 𑄥𑄚𑄴𑄖𑄨 𑄃𑄧𑄝𑄧 𑄣𑄬𑄊𑄧𑄋𑄧𑄢𑄴 𑄟𑄧𑄢𑄴 𑄘𑄪𑄉𑄧 𑄇𑄧𑄙𑄚𑄨।,.কুটি খেে থাকলে আমার দুঃখগুলো লেখা হ
"𑄗𑄬𑄋𑄧𑄖𑄴 𑄖𑄧𑄣𑄬 𑄥𑄧𑄌𑄴 𑄟𑄘𑄨, 𑄟𑄙𑄃𑄪𑄪𑄉𑄪𑄢𑄬 𑄚𑄬𑄭 𑄍𑄝,","পাের নিচে নরম মাটি, পাের নিচে নরম মাটি"
"𑄚𑄨𑄖𑄨 𑄃 𑄘𑄧𑄢𑄴 𑄥𑄧𑄝𑄧𑄎𑄧𑄁𑄃𑄧𑄠𑄴 𑄚𑄧 𑄛𑄢𑄨𑄢𑄴 𑄇𑄬𑄃𑄪𑄃𑄨 𑄚𑄬𑄖,",.নিচে এত ভ পেছে কেউই পারে না
𑄚𑄳𑄠𑄠𑄴-𑄃𑄧𑄚𑄳𑄠𑄠𑄧 𑄝𑄨𑄌𑄢𑄴 𑄝𑄬𑄇𑄴 𑄖𑄬𑄋 𑄛𑄧𑄠𑄴𑄎𑄬𑄢𑄴 𑄇𑄢𑄴𑄝𑄢𑄴।,.নাা-নাা সব টাকা পতেছে
𑄡𑄢𑄴 𑄞𑄉𑄧𑄖𑄴 𑄛𑄧𑄢𑄬 𑄖𑄢𑄴 𑄛𑄨𑄖𑄴𑄗𑄨𑄟𑄨𑄃𑄚𑄴 𑄃𑄚𑄴𑄘𑄢𑄴।,যার ভাগ পরে তার পৃথিবীটা আা
𑄖𑄧𑄢𑄬 𑄛𑄢𑄨 𑄇𑄧𑄘𑄧 𑄥𑄧𑄠𑄴-𑄥𑄧𑄟𑄴𑄛𑄧𑄖𑄴𑄨 𑄃𑄢𑄧 𑄛𑄢𑄴।,তোমাকে আমি অনেক সম্পত্তি দিতে পারি
𑄌𑄮𑄇𑄴 𑄟𑄪 𑄗𑄬𑄚𑄬𑄃𑄨 𑄃𑄮 𑄚𑄬𑄭 𑄇𑄨 𑄉𑄧𑄢𑄨𑄝𑄬 𑄃𑄢𑄴।,চোখ বন্ধ করে আর কি আছে
𑄥𑄬𑄘𑄟𑄴 𑄚𑄬𑄭 𑄟𑄧𑄖𑄴𑄪𑄚𑄴𑄠𑄳𑄠𑄧 𑄇𑄢𑄨 𑄢𑄉𑄬𑄝𑄢𑄴।,সে সম নেই মত্তদের সাথে মারামারি করার
𑄝𑄮𑄝𑄠𑄴 𑄥𑄧𑄝𑄧𑄚𑄴 𑄘𑄬𑄊𑄬 𑄛𑄢 𑄚𑄧 𑄛𑄢𑄬 𑄝𑄪𑄏𑄬𑄝𑄢𑄴।,এক জাতী সাপ দেখতে পারা যা না
𑄇𑄧𑄘𑄧𑄇𑄴 𑄃𑄢𑄴 𑄗𑄬𑄝𑄬 𑄚𑄧 𑄟𑄘𑄨 𑄚𑄧 𑄝𑄪𑄣𑄨 𑄌𑄪𑄛𑄴 𑄉𑄧𑄢𑄨?,কত আর চুপ করে থাকবে মাটি না বলে?
"𑄎𑄉𑄨 𑄖𑄪𑄣𑄧, 𑄃𑄪𑄌𑄴𑄉𑄢𑄴 𑄉𑄧𑄢𑄧 𑄎𑄮𑄉𑄢𑄴 𑄛𑄢𑄨𑄛𑄢𑄨।","জেগে উঠো,উঠা যাওা যা"
"𑄡𑄬𑄘𑄧𑄇𑄴 𑄘𑄨𑄚𑄴 𑄡𑄢𑄴 𑄥𑄪𑄉𑄪𑄚𑄴 𑄃𑄬𑄖𑄴𑄗𑄧𑄚𑄴 𑄃𑄪𑄢𑄨𑄃𑄪𑄢𑄨,",অনেক দিন যার শুকিেরা আসতেছে
𑄇𑄮𑄚𑄇𑄮𑄚𑄨 𑄞𑄧𑄢𑄨 𑄉𑄬𑄣𑄧𑄉𑄮𑄠𑄴 𑄉𑄮𑄘 𑄈𑄉𑄢𑄍𑄪𑄢𑄨।,কোণাকোণি ভরে গেল গোদা খাগা
𑄝𑄃𑄪𑄚𑄴𑄚𑄧 - 𑄸𑄷,১. তামাক ২. তামাকের কাপ
𑄥𑄪𑄚𑄚𑄪 𑄃𑄚𑄧𑄚𑄴𑄘𑄧 𑄟𑄮𑄦𑄧𑄚𑄴 𑄌𑄋𑄴𑄟,.সুগন্ধি সুগন্ধযুক্ত চামা
𑄛𑄇𑄨𑄥𑄴𑄖𑄚𑄧𑄢𑄴 𑄥𑄥𑄧𑄇𑄴 𑄉𑄪𑄖𑄴𑄖𑄨𑄠𑄬,পাকিস্তান শাকের গোা
"𑄉𑄮𑄌𑄳𑄠𑄚𑄴 𑄗𑄨𑄇𑄴 𑄗𑄇𑄴,",গরুটা ঠিক থাক
𑄃𑄬 𑄘𑄬𑄏𑄧𑄢𑄴 𑄟 𑄇𑄧𑄙-𑄟 𑄞𑄌𑄴,এই দেশের মানুষের কথা-বার্তা
𑄖𑄢 𑄇𑄢𑄨 𑄣𑄧𑄝𑄇𑄴।,তাদের দল নেওা
𑄚𑄚𑄚𑄴 𑄙𑄧𑄇𑄳𑄠𑄬 𑄖𑄧𑄌𑄳𑄠 𑄃,বিভিন্ন ধরনের তরকারি আছে
𑄝𑄪𑄚𑄴𑄘𑄪𑄉𑄮𑄢𑄴 𑄃𑄝𑄎𑄧𑄖𑄴,বুোটা আছে আছে
"𑄟𑄧𑄚𑄬 𑄉𑄧𑄌𑄳𑄠𑄚𑄴, 𑄃𑄬 𑄘𑄬𑄏𑄧𑄢𑄴 𑄟𑄚𑄬𑄠𑄪𑄚𑄴",মনে হ এই দেশের মানুষরা
𑄃𑄨𑄠𑄚𑄨 𑄘𑄧𑄋𑄬𑄝𑄢𑄴 𑄛𑄧𑄘𑄴।,এগুলো পরিষ্কার করার পদ
𑄃𑄬𑄡𑄚𑄳𑄠 𑄉𑄪𑄢𑄨 𑄃𑄬𑄇𑄴𑄘𑄨𑄚𑄴 𑄃𑄬𑄣𑄧,আসা যাওা বাচ্চা একদিন আসলো
𑄝𑄃𑄪𑄚𑄴𑄚𑄧 𑄃𑄬𑄉𑄮𑄌𑄴 𑄜𑄬𑄝𑄳𑄢𑄧𑄠𑄢𑄨,এক জাতী মাশরুম
𑄟𑄢𑄴 𑄞𑄌𑄴-𑄟 𑄇𑄧𑄙 𑄣𑄪𑄉𑄬𑄃𑄨 𑄘𑄨𑄝𑄖𑄳𑄠𑄃𑄨,.মার ভাই-বোনের কথা লুকাে সারাদিন
𑄉𑄧𑄣𑄳𑄠𑄇𑄴 𑄷𑄺𑄺 𑄙𑄢 𑄎𑄢𑄨।,গালি বিশেষ
𑄃𑄬𑄃𑄨𑄚𑄴 𑄞𑄋𑄨𑄣𑄇𑄴 𑄃𑄬 𑄘𑄬𑄏𑄧𑄢𑄴 𑄟𑄚𑄬𑄠𑄪𑄚𑄬,এই দেশের মানুষরা এই দেশের মানুষরা
"𑄉𑄪𑄢𑄪𑄁 𑄉𑄪𑄢𑄪𑄁 𑄝𑄪𑄚𑄴𑄘𑄪𑄉𑄮𑄢𑄴 𑄃𑄝𑄎𑄧𑄖𑄴,",. গুরুং গুরুং বুো বাতাস আসছে
𑄟 𑄞𑄏𑄧𑄖𑄳𑄠𑄃𑄨 𑄃𑄎𑄨 𑄃𑄎𑄨 𑄛𑄧𑄢𑄚𑄴 𑄘𑄨𑄣𑄇𑄴,.মা ভে আবার প্রাণ দিল
"𑄢𑄧𑄜𑄨𑄇𑄴, 𑄥𑄧𑄜𑄨𑄇𑄴, 𑄥𑄣𑄟𑄴, 𑄎𑄧𑄝𑄴𑄝𑄧𑄢𑄴 𑄃 𑄝𑄧𑄢𑄴𑄇𑄧𑄖𑄴।","রফিক, সফিক, সালাম, জবরদস্ত"
𑄣𑄮 𑄘𑄬𑄚 𑄖𑄢𑄢𑄴 𑄝𑄧𑄢𑄴𑄝𑄘𑄴 𑄚𑄧 𑄡𑄠𑄴,চাল দো তাদের বরবাদ হ না
"𑄃𑄢𑄴, 𑄚𑄧 𑄡𑄬𑄝𑄧 𑄇𑄧𑄚𑄧 𑄘𑄨𑄚𑄴,","আরও,কোনো দিন যাবে না"
𑄖𑄢𑄢𑄴 𑄛𑄮𑄃𑄨𑄘𑄳𑄠𑄚𑄬 𑄛𑄬𑄠𑄬𑄃𑄨 𑄃𑄟𑄨,তাদের পা পে গেছি আমরা
𑄃𑄚𑄴𑄖𑄧𑄢𑄴𑄎𑄖𑄨𑄇𑄴 𑄟 𑄞𑄏𑄧𑄢𑄴 𑄘𑄨𑄚𑄴।,এক জাতী মাছ ধরার দিন
𑄟𑄧𑄚𑄧𑄢𑄴 𑄘𑄪𑄇𑄴 𑄇𑄧𑄙,মনের দুঃখ কথা
𑄥𑄪𑄚𑄚𑄪 𑄛𑄳𑄢𑄧𑄉𑄧𑄖𑄨 𑄌𑄋𑄴𑄟,সুঁচালো চামা
𑄟𑄪𑄃𑄨 𑄝𑄬𑄌𑄴 𑄉𑄧𑄟𑄴 𑄚𑄬𑄃𑄨 𑄞𑄬𑄃𑄨 𑄝𑄮𑄚𑄴 𑄣𑄧𑄇𑄴,.আমি বেশি ভালো নেই ভাই-বোনের লক্ষী
𑄝𑄚 𑄟𑄧𑄚𑄧𑄖𑄴 𑄌𑄨𑄘𑄬 𑄗𑄠𑄴,শুধু মনে চিন্তা করে থাকে
𑄇𑄪𑄙𑄪 𑄡𑄬𑄟𑄴 𑄦𑄬𑄋𑄪𑄢𑄨 𑄗𑄬𑄟𑄴 𑄇𑄪𑄣𑄴 𑄚𑄧 𑄛𑄋𑄧𑄢𑄴।,কোথা যাবো জানিনা
𑄥𑄧𑄟𑄢𑄴 𑄖𑄮𑄉𑄬𑄣𑄬 𑄥𑄧𑄟𑄢𑄴 𑄚𑄬𑄃𑄨𑄘𑄬 𑄙𑄧𑄇𑄴,সম আলোচনা করলে সম নাই এমন চেহারা
"𑄇𑄟𑄧 𑄇𑄧𑄢𑄧𑄎𑄬 𑄝𑄧𑄣𑄴 𑄚𑄬𑄃𑄨𑄘𑄬 𑄥𑄚𑄴,",কাজ করতে শক্তি নেই
𑄡𑄨𑄚𑄴𑄚𑄨 𑄌𑄋𑄴 𑄥𑄨𑄚𑄴𑄚𑄨 𑄟𑄪𑄃𑄨 𑄝𑄚 𑄘𑄬𑄊𑄧𑄋𑄴,.যেগুলো চামা দিে দেখা যা
𑄃𑄨𑄚𑄴𑄚𑄨 𑄃𑄪𑄚𑄴𑄚𑄨 𑄝𑄬𑄇𑄴𑄇𑄪𑄚𑄬 𑄟𑄬𑄢𑄴 𑄈𑄚𑄴।,সবাই মার খাওা
𑄍𑄨𑄖𑄴𑄖𑄨𑄢𑄨𑄁 𑄛𑄖𑄴𑄖𑄢𑄁 𑄟𑄧 𑄎𑄖𑄴 𑄞𑄬𑄃𑄨,এক জাতী পাখি
"𑄘𑄬𑄏𑄧𑄖𑄴 𑄝𑄨𑄘𑄬𑄏𑄧𑄖𑄴 𑄛𑄧𑄢𑄨 𑄗𑄚𑄴,",মাটিতে পে থাকে
"𑄇𑄢𑄧𑄣𑄮𑄃𑄨 𑄈𑄧𑄝𑄧𑄢 𑄈𑄧𑄝𑄧𑄢𑄴, 𑄝𑄧𑄣𑄝𑄧𑄣𑄴 𑄚𑄬𑄃𑄨",".কারো খবর নেই,বলবান নেই"
𑄇𑄢𑄮 𑄣𑄉𑄧𑄖𑄴 𑄇𑄬𑄃𑄪𑄃𑄨 𑄚𑄧 𑄛𑄚𑄴।,কারো লাগতে কেউ পাওা যা না
"𑄚𑄬𑄃𑄨 𑄎𑄉, 𑄝𑄎𑄨 𑄡𑄬𑄝𑄢𑄴 𑄃𑄧𑄙𑄨𑄉𑄢𑄴","নেই জাগা, বেঁচে থাকার আশা"
"𑄚𑄬𑄃𑄨 𑄢𑄨𑄘𑄨𑄥𑄪𑄘𑄧𑄟𑄴, 𑄦𑄮𑄌𑄴 𑄛 𑄛𑄨,","নেই রিসটা,হওা পাওা"
"𑄖𑄢𑄬 𑄖𑄬 𑄉𑄧𑄝𑄉𑄧𑄝𑄨, 𑄝𑄧𑄘𑄴𑄚𑄟𑄴 𑄉𑄧𑄢𑄚","তাকে ভ দেওা, ভ করা"
"𑄃𑄬𑄇𑄴𑄟𑄪𑄖𑄴𑄖𑄬 𑄘𑄳𑄦𑄨 𑄟𑄪𑄖𑄴𑄖𑄬, 𑄣𑄟𑄴𑄝𑄝𑄘𑄨।","এক দিকে দুই পা,লম্বা"
"𑄖𑄬 𑄇𑄧𑄝𑄧 𑄃𑄬𑄇𑄴𑄈𑄚𑄴, 𑄃𑄪𑄖𑄬 𑄌𑄬𑄝𑄧 𑄃𑄢𑄧𑄇𑄴𑄈𑄚𑄴","সে বলবে একটা,ওর পরে আরেকটা"
"𑄡𑄬𑄚𑄴 𑄃𑄟𑄨 𑄛𑄣𑄴𑄣𑄖𑄴 𑄖𑄪𑄣𑄳𑄠 𑄝𑄬𑄁,",.যেন আমরা পাহাে তোলা ব্যাঙ
𑄡𑄨𑄙𑄪 𑄟𑄬𑄧𑄚 𑄇𑄧𑄠𑄴 𑄥𑄨𑄙𑄪 𑄝𑄬𑄢𑄬 𑄝𑄬𑄢𑄬 𑄗𑄚𑄴,যেখানে সেখানে মেেরা ঘুরে বো
"𑄃𑄧𑄥𑄪𑄉𑄨, 𑄡𑄬𑄚𑄴 𑄞𑄋 𑄃𑄙𑄪 𑄗𑄬𑄋𑄴।","অসুুগি, যেন ভাঙা পা"
𑄃𑄨𑄇𑄴𑄇𑄨𑄚𑄬 𑄡𑄨𑄉𑄪𑄚𑄬 𑄇𑄧𑄌𑄴𑄖𑄬 𑄝𑄨𑄌𑄴𑄖𑄬 𑄥𑄨𑄊𑄧𑄘𑄧𑄚𑄴,আজকাল সবাই কথা বলতেছে
𑄥𑄨𑄊𑄨𑄣𑄬 𑄌𑄉𑄪𑄢𑄨 𑄛𑄬𑄣𑄬 𑄘𑄬𑄟𑄇𑄴,সে চামা পেলে দেমাক
"𑄇𑄢𑄮 𑄊𑄧𑄢𑄧𑄖𑄴 𑄃𑄪𑄘𑄮 𑄃𑄪𑄘𑄨 , 𑄌 𑄌𑄨 𑄚𑄬𑄃𑄨","কারো বািে উঠতে হ, চাংচি নেই"
"𑄎𑄧𑄙 𑄉𑄧𑄢𑄨 𑄚𑄧 𑄗𑄚𑄴, 𑄉𑄠𑄴 𑄗𑄬𑄝𑄇𑄴।","জোর করে থাকে না,গাে থাকবে"
𑄊𑄧𑄢𑄧𑄖𑄴 𑄃𑄪𑄚𑄴𑄘𑄪𑄝𑄱 𑄃𑄪𑄘𑄬𑄢𑄴 𑄃𑄢𑄴 𑄛𑄧𑄢𑄬𑄢𑄴,বািতে উন্দুটা উঠতেছে আর পতেছে
"𑄖𑄬 𑄝𑄚 𑄉𑄧𑄛𑄴 𑄘𑄨 𑄘𑄨 𑄝𑄬𑄢𑄳𑄦𑄠𑄴,",সে শুধু এদিক সেদিক ঘুরে বো
𑄌𑄬𑄘𑄟𑄴 𑄚𑄬𑄃𑄨 𑄃𑄬𑄇𑄴𑄈𑄚 𑄟𑄨𑄙𑄬𑄉𑄪𑄣𑄨 𑄞𑄖𑄴,চোম নেই একটা মিষ্টি ভাত
𑄥𑄪𑄟𑄪𑄘𑄬 𑄘𑄋𑄧𑄢𑄴 𑄟𑄍𑄳𑄠𑄧 𑄦𑄢𑄠𑄴।,সুমোতে ব মাছ হেছে
"𑄥𑄪𑄚𑄚𑄪 𑄖𑄮𑄇𑄨 𑄌𑄋𑄴𑄟, 𑄝𑄨𑄃𑄬𑄥𑄴𑄥𑄨 𑄃𑄨𑄚𑄴 𑄚𑄢𑄴𑄥𑄨𑄁 𑄷 𑄝𑄧𑄏𑄧𑄢𑄴 𑄸𑄶𑄸𑄸",.সুঁচালো তরকারির চামা ১ বছর হবে
𑄃𑄃𑄮𑄎𑄮𑄢𑄴 𑄇𑄮𑄌𑄴𑄛𑄚,উঠান পরিষ্কার করা
𑄦𑄏𑄨 𑄉𑄬𑄣𑄬 𑄇𑄪𑄙𑄪?,হেঁটে গেলে কোথা?
𑄌𑄨𑄘𑄮𑄖𑄴 𑄥𑄎𑄬𑄠𑄳𑄠𑄧 𑄃𑄊𑄬,মনে হ সে ছোট আছে
𑄖𑄧 𑄦𑄣𑄴𑄣𑄬𑄋𑄧𑄢𑄴 𑄟𑄬𑄠𑄳𑄠 𑄝𑄧𑄘𑄪।,তোমার হাত দিে মেে দেওা ব
𑄚𑄬𑄃𑄨 𑄖𑄧𑄢𑄴 𑄇𑄧𑄚𑄳𑄦𑄧 𑄈𑄪𑄌𑄴,তোমার কোনো পদচিহ্ন
"𑄚𑄬𑄃𑄨 𑄖𑄧𑄢𑄴 𑄟𑄎𑄢,","তোমার মা নেই, নেই তোমার মা"
𑄃𑄚𑄴𑄙𑄢𑄴 𑄖𑄢𑄪𑄟𑄬 𑄘𑄉𑄨 𑄛𑄬𑄣𑄢𑄴,রাতের বেলা ডাক পেলাম
𑄚𑄮𑄚𑄬𑄠𑄳𑄠𑄧 𑄥𑄧𑄝𑄧𑄚𑄧𑄢𑄴 𑄃𑄏।,নাচা করে স্বপ্ন দেখা
𑄛𑄮𑄖𑄳𑄠 𑄝𑄬𑄣𑄴 𑄃𑄪𑄘𑄧𑄚𑄴𑄘𑄨𑄖𑄴,.পোা সূর্য অস্ত যাচ্ছে
"𑄟𑄧𑄚𑄚𑄬 𑄚𑄨𑄖𑄴𑄖𑄮 𑄦𑄞𑄨𑄣𑄳𑄠𑄌𑄴 𑄈𑄠𑄴,",মনে হ মনে হাত দিে খা
𑄇𑄮𑄌𑄴𑄛𑄚𑄢𑄴 𑄝𑄧 𑄚𑄨𑄎𑄬𑄌𑄴𑄃𑄚𑄨,কাপের ব টুকরো
𑄝𑄪𑄇𑄴𑄇𑄮𑄖𑄴 𑄘𑄨𑄝𑄬𑄘𑄨 𑄡𑄠𑄴।,বুকে ভর দিে যাও
𑄟𑄬𑄠𑄳𑄠 𑄝𑄢𑄬𑄁 𑄖𑄧𑄠𑄮𑄁 𑄥𑄪𑄟𑄪𑄢𑄨।,.মাা বারেং তোামুি
𑄖𑄧𑄢𑄬 𑄚𑄨𑄚𑄬𑄃𑄨 𑄃𑄬𑄇𑄴𑄇𑄱 𑄇𑄧𑄝𑄨𑄘𑄬,তোমাকে নিে একটা কবি আছে
𑄡𑄬 𑄇𑄧𑄝𑄨𑄘𑄬𑄝𑄱𑄖𑄴 𑄣𑄬𑄊 𑄗𑄬𑄝𑄧,যে কবিটাতে লেখা থাকবে
𑄝𑄚 𑄖𑄧 𑄇𑄟𑄧 𑄃 𑄖𑄧 𑄇𑄧𑄙।,"শুধু তোমার কাজ, শুধু তোমার কথা"
𑄜𑄉𑄪𑄚𑄧 𑄝𑄮𑄃𑄨𑄠𑄬𑄢𑄧𑄖𑄴 𑄍𑄨𑄘𑄨 𑄡𑄢𑄴,ফাল্গুন মাস ছিঁে যাওা
𑄟𑄨𑄋𑄨𑄚𑄨 𑄌𑄉𑄣𑄢𑄴 𑄦𑄬𑄘𑄬 𑄃𑄉𑄢𑄬,মিইনি নদীর উৎসস্থল
𑄃𑄢𑄧 𑄍𑄨𑄘𑄨 𑄛𑄧𑄢𑄬𑄢𑄴,আরও ছিঁা পরতেছে
𑄦𑄨𑄣𑄴 𑄌𑄘𑄨𑄋𑄧𑄢𑄴 𑄟𑄮𑄚𑄴 𑄟𑄪𑄢𑄳𑄦𑄧 𑄍𑄧𑄢𑄠𑄴 𑄍𑄧𑄢𑄠𑄴।,হিল চাদিা পাহাের পাহাে চা
𑄃𑄚𑄴𑄎𑄬𑄝𑄴 𑄘,এক জাতী বুনো ফল
𑄖𑄪𑄃𑄨 𑄚𑄨𑄦𑄣𑄴𑄌𑄨 𑄉𑄧𑄢𑄨,তোমরা লুকোচুরি করে
𑄖𑄧 𑄇𑄟𑄧𑄢𑄴 𑄇𑄧𑄙 𑄣𑄬𑄊 𑄗𑄬𑄝𑄧 𑄎𑄪𑄟𑄴𑄟𑄧 𑄝𑄨𑄎𑄧𑄉𑄧 𑄝𑄧𑄃𑄨𑄠𑄮𑄖𑄴,তোমার কাজের কথা বইে লেখা থাকবে
𑄖𑄪𑄃𑄨 𑄘𑄬𑄊𑄬 𑄡𑄧𑄢𑄴 𑄎𑄖𑄴𑄖𑄮𑄢𑄬,তোমরা দেখিে যাও
"𑄚𑄨𑄎𑄧 𑄞𑄌𑄴, 𑄚𑄨𑄎𑄧 𑄣𑄬𑄊 𑄥𑄬𑄊𑄚𑄢𑄴 𑄛𑄧𑄖𑄴,","নিজের ভাই,নিজের লেখা পা পথ"
𑄥𑄬𑄚𑄬 𑄖𑄧𑄚 𑄋𑄴 𑄖𑄧 𑄇𑄟𑄴 𑄃 𑄖𑄧 𑄇𑄧𑄙,সে তো তোমার কাজে পটু
"𑄥𑄪𑄚𑄚𑄪 𑄢𑄨𑄚 𑄌𑄋𑄴𑄟, 𑄞𑄢𑄧𑄖𑄴 𑄺/𑄿/𑄸𑄶𑄸𑄸","সুঁচালো চাংমা, ভারত ৪/০৯/২০২২"
"𑄚𑄨𑄢𑄴 𑄘𑄬𑄝𑄝𑄱 𑄖𑄧𑄣𑄬 𑄗𑄬𑄃𑄨 𑄃𑄊𑄧𑄌𑄴,",.নিঃশব্দ আকাশটার নিচে বসে আছে
"𑄢𑄨𑄛𑄴𑄢𑄨𑄛𑄴 𑄃𑄧𑄃𑄨 𑄚𑄨𑄢𑄴 𑄟𑄮𑄚𑄴,",রিপা এই নির্বংশ পা
"𑄃𑄧𑄣𑄧𑄢𑄴 𑄉𑄧𑄢𑄨 𑄝𑄌𑄳𑄠𑄬𑄃𑄨 𑄃𑄊𑄧𑄌𑄴,",.অপরিষ্কার করে বাতাস আসতেছে
𑄇𑄧 𑄘𑄧𑄇𑄴 𑄡𑄪𑄉𑄧𑄖𑄴𑄖𑄪𑄚𑄴।,কত যুগ থেকে
"𑄙𑄢𑄮𑄌𑄴 𑄉𑄧𑄢𑄨 𑄘𑄉𑄮𑄌𑄴 𑄟𑄧𑄢𑄬,",আমাকে আগ্রহ করে ডাকো
𑄟𑄨𑄙𑄬 𑄝𑄮𑄠𑄬𑄢𑄧𑄢𑄴 𑄥𑄨𑄇𑄴 𑄇𑄢𑄚 𑄣𑄮𑄃𑄨।,মিঠা বাতাসের শিস মারা হ
"𑄌𑄨𑄇𑄴𑄌𑄨𑄈𑄳𑄠 𑄃𑄟𑄖𑄴 𑄚𑄨𑄏𑄬𑄌𑄴 𑄣𑄧𑄃𑄨,",চিক চিক করে আমাদের নিশ্বাস নাও
"𑄘𑄬𑄝𑄣𑄳𑄠, 𑄃𑄬𑄉𑄟𑄧𑄚𑄴 𑄢𑄧 𑄚𑄨𑄏𑄬𑄚𑄨 𑄖𑄪𑄃𑄨।","আকাশ,এগজস্ট রেছে তুমি"
"𑄖𑄧𑄖𑄴 𑄃𑄪𑄘𑄮𑄚𑄨 𑄣𑄟𑄧𑄚𑄨𑄢𑄴 𑄦𑄘𑄧𑄖𑄴 𑄛𑄧𑄢𑄚𑄴,",.তার উঠা নামা পাে পা
𑄟𑄧𑄢𑄬 𑄟𑄪𑄃𑄨 𑄎𑄢𑄬𑄣𑄪𑄁 𑄝𑄚।,আমার মাথা টিউমার হছে
"𑄖𑄧𑄢𑄴 𑄃𑄚𑄴𑄴 𑄎𑄬𑄡𑄬 𑄊𑄚𑄴 𑄎𑄬𑄠𑄬, 𑄢𑄨𑄚𑄚,","তোমার মাথা গিে ঘাঁি গেছে,রান্না করা"
𑄛𑄨𑄏𑄪𑄟𑄴 𑄉𑄧𑄢𑄨 𑄘𑄮𑄌𑄴 𑄉𑄧𑄝𑄧𑄣 𑄝𑄚।,.নিঃশব্দ করে দো
"𑄖𑄧𑄢𑄴𑄥𑄚𑄴 𑄣𑄟𑄧𑄟𑄧𑄚𑄨𑄢𑄴 𑄘𑄚𑄴𑄘𑄢𑄋𑄳𑄠 𑄖𑄢 𑄡𑄋𑄣𑄴 𑄢𑄧 𑄥𑄬𑄢𑄬,",.তরকারিটা তাদের গাড়ির মধ্যে দিে যাচ্ছে
𑄃𑄧𑄃𑄨 𑄌𑄨𑄖𑄴 𑄘𑄨𑄊𑄮𑄣𑄴 𑄃𑄧𑄙𑄬𑄣𑄴 𑄇𑄮𑄌𑄴𑄛𑄚𑄢𑄴,এই মনটা নরম হেছে
"𑄚𑄧𑄚𑄬𑄠𑄳𑄠 𑄃𑄚𑄴𑄘𑄧𑄣𑄬,","বো আালে, /n banner"
"𑄃𑄧𑄣𑄧𑄢𑄴 𑄉𑄧𑄢𑄨 𑄌 𑄌𑄨 𑄉𑄧𑄢𑄨 𑄝𑄌𑄳𑄠𑄬𑄃𑄨 𑄗𑄚,",.অতিরিক্ত করে চাচিে থাকা
𑄞𑄢𑄨 𑄌𑄨𑄖𑄴 𑄞𑄨𑄎𑄨𑄘𑄬 𑄟𑄧𑄢𑄴।,আমার খুব মন খারাপ হ
"𑄃𑄧𑄜𑄪𑄢𑄧𑄚𑄴𑄘𑄨 𑄟𑄧𑄚𑄴 𑄇𑄘𑄢𑄴 𑄇𑄮𑄌𑄴𑄛𑄚 𑄉𑄧𑄎𑄬𑄃𑄨 𑄘𑄨𑄚𑄬𑄃𑄨,",.অপুরন্ত মনের কাটাকুটি কাটানো হ দিনে
"𑄃𑄪 𑄙𑄢𑄮𑄌𑄴 𑄢𑄧 𑄘𑄬𑄟𑄳𑄠 𑄚𑄨𑄢𑄴𑄟𑄮𑄚𑄴,",.উদ্ধত নদীর পানি নিে আসি
"𑄃𑄧𑄣𑄧𑄢𑄴 𑄉𑄧𑄢𑄨 𑄃𑄉𑄧𑄌𑄴 𑄝𑄌𑄳𑄠𑄬𑄃𑄨,",.অতিরিক্ত করে আগুন জ্বলতেছে
𑄥𑄧𑄝𑄧𑄚𑄧𑄖𑄴 𑄘𑄨𑄣𑄪𑄁---,স্বপ্নে দেখলাম
𑄜𑄉𑄪𑄚𑄧 𑄦𑄞 𑄜𑄨𑄢𑄨𑄣𑄬 𑄃𑄢𑄧 𑄃𑄬𑄃𑄨𑄟𑄴 𑄟𑄪𑄃𑄨।,ফাল্গুন মাস ফিরলে আবার আসবো আমি
𑄃𑄟𑄳𑄦 𑄃𑄘𑄟𑄚𑄴,আমাদের গ্রাম
𑄝𑄧𑄁𑄉𑄧𑄟𑄨𑄖𑄳𑄢𑄧 𑄌𑄋𑄴𑄟 𑄸𑄻/𑄷𑄷/𑄸𑄶𑄸𑄸,বঙ্গ মেে ২. বঙ্গ মেে
𑄚𑄚𑄚𑄴 𑄎𑄉 𑄚𑄚 𑄘𑄬𑄌𑄴,নানা জাগা নানা ছবি
"𑄡 𑄝𑄬𑄢𑄳𑄦𑄬𑄣𑄪𑄁 𑄎𑄨𑄁𑄇𑄚𑄨𑄖𑄴,",যেখানে সেখানে ঘুরে বোলাম
𑄝𑄬𑄉𑄧𑄖𑄴𑄖𑄪𑄚𑄴 𑄉𑄧𑄟𑄴 𑄣𑄉𑄬𑄘𑄬 𑄃𑄟𑄳𑄦 𑄘𑄬𑄌𑄴𑄍𑄚𑄧𑄖𑄴,বেগ থেকে ভালো লাগে আমাদের দেশে
𑄝𑄬𑄉𑄧𑄖𑄴𑄖𑄪𑄚𑄴 𑄌𑄨𑄖𑄴 𑄞𑄨𑄎𑄬𑄘𑄬 𑄃𑄟𑄳𑄦 𑄎𑄉𑄚𑄧𑄖𑄴।,বেগ থেকে আমাদের জাগা মন ভিজে যা
"𑄃𑄟𑄳𑄦 𑄃𑄘𑄟𑄚𑄴 𑄃𑄟𑄳𑄦 𑄎𑄉𑄃𑄚𑄴,",আমাদের গ্রামটা আমাদের জাগা
𑄃𑄨𑄠𑄚𑄴 𑄝𑄘𑄬 𑄟𑄧𑄢𑄴 𑄉𑄧𑄟𑄴 𑄚𑄧 𑄣𑄉𑄬 𑄃𑄢𑄴।,এগুলো বাদে আমার ভালো লাগে না
"𑄃𑄟𑄳𑄦 𑄃𑄘𑄟𑄧𑄢𑄴 𑄘𑄮𑄣𑄴 𑄊𑄧𑄢𑄚𑄨,",আমাদের গ্রামের সুন্দর বাি
𑄛𑄪𑄉𑄧 𑄘𑄪𑄡𑄢𑄨 𑄃𑄢𑄴 𑄘𑄬𑄚𑄴𑄥𑄨𑄡𑄢𑄨।,.পুে দৌাদৌি
"𑄎𑄚𑄣𑄃𑄪𑄚𑄴 𑄘𑄨𑄣𑄬 𑄈𑄪𑄣𑄨,",জানালাগুলো বন্ধ করলে খোলে
𑄛𑄨𑄝𑄨𑄢𑄴 𑄛𑄨𑄝𑄨𑄢𑄴 𑄝𑄮𑄃𑄨𑄠𑄬𑄢𑄴 𑄝𑄎𑄬।,জোরে জোরে বাতাস বে
"𑄃𑄉𑄬 𑄝𑄬𑄉𑄧𑄖𑄴𑄖𑄪𑄚𑄴 𑄜𑄪𑄣𑄧 𑄝𑄉𑄚𑄴,",".আগে থেকে ফুল বাগান,এখন ফুল বাগান"
𑄜𑄧𑄣𑄴 𑄝𑄉𑄚𑄧 𑄥𑄧𑄟𑄚𑄴 𑄥𑄧𑄟𑄚𑄴।,.ফুলের বাগান সমান সমান
"𑄉𑄠𑄴 𑄉𑄠𑄴 𑄟𑄧𑄚𑄚𑄴 𑄟𑄧𑄢𑄴 𑄚𑄎𑄨 𑄃𑄪𑄘𑄬,",গাে গাে মনটা আমার নাচতেছে
𑄌𑄬𑄢𑄮𑄇𑄨𑄗𑄳𑄠𑄘𑄨 𑄜𑄪𑄣𑄴 𑄝𑄎𑄬।,এক জাতী ফুল
"𑄃𑄘𑄟𑄧 𑄊𑄎𑄨𑄚𑄬𑄃𑄨 𑄝𑄬𑄋 𑄉𑄋𑄚𑄴,",গ্রামের পাশে ব্যাঙের গাঙ
𑄣𑄮 𑄉𑄋𑄴 𑄛𑄪𑄎𑄴 𑄉𑄋𑄧𑄢𑄴 𑄥𑄧𑄁 𑄘𑄧𑄎𑄧𑄝𑄢𑄴।,.লবনাক্ত নদীর সাথে সংযোগ আছে এমন
"𑄚𑄋𑄬 𑄘𑄟𑄬 𑄃𑄬 𑄘𑄮𑄣𑄴 𑄃𑄘𑄟𑄚𑄴,",.ন্যাকামো করে এই সুন্দর গ্রাম
"𑄡𑄨𑄙𑄪 𑄬𑄫𑄘𑄪𑄋𑄴 𑄥𑄖𑄴 𑄝𑄬𑄇𑄴 𑄥𑄧𑄟𑄢𑄪𑄚𑄴,",যেখানে দুং সাত জন একসাথে থাকে
𑄃𑄨𑄙𑄪 𑄃𑄊𑄧𑄚𑄴 𑄟𑄧𑄢𑄴 𑄝𑄬𑄇𑄴 𑄇𑄪𑄘𑄪𑄟𑄴𑄃𑄪𑄚𑄴।,এখানে আছে আমার সব জিনিসপত্র
"𑄃𑄨𑄠𑄚𑄴 𑄝𑄘𑄬 𑄟𑄧𑄢𑄴 𑄉𑄧𑄟𑄴 𑄚𑄧 𑄣𑄉𑄬,",এগুলো বাদে আমার ভালো লাগে না
𑄃𑄟𑄳𑄦 𑄃𑄘𑄟𑄚𑄴 𑄃𑄟𑄳𑄦 𑄎𑄉𑄃𑄚𑄴,আমাদের গ্রাম আমাদের জাগা
𑄇𑄧𑄣𑄴𑄛𑄧𑄚 𑄖𑄪𑄃𑄨 𑄜𑄨𑄢𑄨 𑄃𑄬𑄞𑄬 𑄞𑄨𑄣𑄨,স্বপ্ন তুমি ফিরে আসবে তো
𑄥𑄪𑄚𑄚𑄪 𑄥𑄮𑄦𑄬𑄣𑄴 𑄖𑄣𑄪𑄇𑄴𑄘𑄢𑄴,.সুগন্ধি লেবু তালুক
𑄌𑄘𑄨 𑄉𑄋𑄧𑄢𑄴 𑄃𑄞 𑄝𑄧𑄘𑄧𑄣𑄨 𑄡𑄢𑄴,চাদি গাঙের আলো পে যা
𑄝𑄬𑄉𑄧𑄢𑄴 𑄟𑄧𑄚𑄧𑄖𑄴 𑄖𑄧𑄢𑄴 𑄘𑄬𑄊𑄨𑄠𑄳𑄠 𑄥𑄧𑄝𑄧𑄚𑄴 𑄟𑄨𑄎𑄨 𑄡𑄢𑄴,বেগের মনে তোমার ছবি দেখে সব মিশে যা
𑄦𑄨𑄁𑄎𑄬 𑄛𑄨𑄎𑄪𑄟𑄴 𑄛𑄚𑄨 𑄉𑄧𑄋𑄢𑄧 𑄣𑄉𑄬 𑄞𑄎𑄨 𑄡𑄢𑄴,.হুক্কার মতো পানি বে যা
𑄃𑄧𑄇𑄴𑄖𑄧 𑄃𑄪𑄠𑄬 𑄥𑄧𑄁 𑄃𑄧𑄃𑄨𑄝𑄬 𑄎𑄧𑄙𑄝𑄧𑄣𑄬 𑄟𑄪𑄏𑄪𑄋𑄬 𑄃𑄪𑄎𑄬 𑄡𑄬𑄝𑄢𑄴,.অতিরিক্ত উঠতে হবে বলে সামনে এগিয়ে যেতে হবে
𑄡𑄨𑄙𑄪 𑄗𑄬𑄘𑄬𑄥𑄖𑄴 𑄣𑄪𑄉𑄬𑄃𑄨 𑄚𑄧 𑄗𑄬𑄌𑄴 𑄃𑄢𑄴।,যেখানে সেখানে পে থাকিও না
𑄝𑄬𑄎𑄖𑄴 𑄃𑄬𑄖𑄴𑄖𑄧𑄚𑄴 𑄇𑄧𑄣𑄬𑄃𑄮 𑄌𑄨𑄉𑄮𑄚𑄴 𑄉𑄪𑄢𑄧𑄃𑄪𑄚𑄴 𑄚𑄧 𑄘𑄧𑄢𑄚𑄴 𑄃𑄢,বোতে এত কল দিলেও ছোট বাচ্চারা ভ পা না
𑄎𑄪𑄟𑄴𑄟𑄧𑄝𑄨𑄘𑄊𑄨 𑄝𑄚 𑄞𑄖𑄴 𑄛𑄨𑄣𑄬𑄝𑄮𑄣𑄮𑄃𑄨 𑄚𑄧 𑄗𑄚𑄴 𑄃𑄢𑄴,জুম্মবিরা শুধু ভাত খাওার জন্য থাকে না
𑄉𑄞𑄪𑄎𑄳𑄠𑄃𑄪𑄚𑄴 𑄝𑄨𑄎𑄧𑄠𑄴 𑄉𑄨𑄢𑄨 𑄦𑄮𑄝𑄇𑄴 𑄃𑄢𑄴 𑄃𑄬𑄇𑄴𑄝𑄢𑄴,গািাগুলো আরও শক্ত হে যাবে
𑄇𑄬𑄃𑄪𑄎𑄧𑄚𑄬 𑄊𑄧𑄢𑄧 𑄇𑄮𑄚𑄖𑄴 𑄝𑄧𑄎𑄨 𑄚𑄧 𑄗𑄬𑄝𑄇𑄴 𑄃𑄢𑄴,কারো বািতে আর বসে থাকবে না
𑄃𑄇𑄴𑄖𑄧 𑄃𑄪𑄠𑄬 𑄖𑄧𑄢𑄴 𑄜𑄨𑄢𑄨 𑄃𑄬𑄝𑄢𑄴।,তোমার ফিরে যাওা এখন
𑄟𑄨𑄑𑄨𑄁 𑄟𑄨𑄍𑄨𑄣𑄧𑄖𑄴 𑄃𑄉𑄧𑄚𑄴𑄘𑄨 𑄟𑄚𑄪𑄌𑄴 𑄃𑄬𑄃𑄨,সভা-সমাবেশে অনেক লোক আসে
𑄢𑄎𑄴𑄛𑄧𑄘𑄧𑄖𑄴 𑄥𑄮𑄣𑄧𑄉𑄚𑄴 𑄘𑄨𑄝𑄇𑄴 𑄃𑄬𑄝𑄢𑄴।,রাজকার্যে যোগ দাওা যাক
𑄛𑄧𑄖𑄴𑄖𑄧𑄇𑄪𑄣𑄳𑄠𑄃𑄪𑄚𑄧𑄢𑄴 𑄊𑄨𑄣𑄬𑄎𑄧𑄝𑄧𑄢𑄴 𑄈𑄧𑄝𑄧𑄢𑄚𑄴 𑄛𑄬𑄃𑄨,পথকলিরা ঘিলুর খবর পেে
𑄝𑄬𑄎𑄘𑄧𑄢𑄬 𑄘𑄧𑄢𑄬 𑄇𑄪𑄙𑄪 𑄡𑄬𑄝𑄇𑄴 𑄈𑄧𑄝𑄧𑄢𑄴 𑄚𑄧 𑄛𑄬𑄝𑄇𑄴 𑄃𑄢𑄴,বোদের জন্য আর কোথা যে খবর পাবি না আর
𑄝𑄚 𑄖𑄧𑄢𑄬 𑄖𑄮𑄉𑄘𑄧𑄚𑄴 𑄣𑄢𑄳𑄦𑄬𑄠𑄧𑄖𑄴 𑄥𑄧𑄟𑄢𑄴।,.শুধু তোমাকে তরকারিটা লাইে আসতেছে
𑄝𑄬𑄇𑄴𑄇𑄪𑄚𑄧𑄢𑄴 𑄎𑄘𑄧𑄢𑄴𑄣𑄠𑄴 𑄣𑄮 𑄃𑄪𑄘𑄮𑄢𑄢𑄴,সবাই জাগা রোদ পোহাচ্ছে
𑄃𑄧𑄇𑄴𑄖𑄧 𑄃𑄪𑄠𑄬 𑄚𑄪𑄃𑄧 𑄉𑄧𑄢𑄨 𑄦𑄖𑄳𑄠𑄢𑄴 𑄇𑄚𑄖𑄴 𑄣𑄧𑄝𑄢𑄴,.অতি উে হাত দিে হাত বের করার জন্য
𑄦𑄢𑄨𑄠𑄳𑄠 𑄢𑄬𑄎𑄳𑄠𑄧 𑄃𑄢𑄧 𑄌𑄘𑄨𑄉𑄋𑄴 𑄃𑄢𑄪𑄇𑄴𑄈𑄚𑄴 𑄛𑄨𑄖𑄴𑄖𑄨𑄟𑄨 𑄝𑄪𑄉𑄧𑄖𑄴,হািা রাত এবং চাটাইটা আরও শক্ত হেছে
𑄝𑄬𑄉𑄬 𑄌𑄘𑄧𑄚𑄴 𑄜𑄨𑄢𑄨 𑄃𑄚𑄨𑄝𑄢𑄴,দ্রুত চাঁদ ফিরে আনার জন্য
𑄝𑄚 𑄝𑄉𑄨 𑄃𑄉𑄬 𑄖𑄪𑄃𑄨 𑄜𑄨𑄢𑄨 𑄃𑄬𑄝𑄢𑄴।,শুধু অপেক্ষা করে থাকো তুমি এখন ফিরো
𑄚𑄮𑄠𑄢𑄟𑄴 𑄌𑄋𑄴𑄟 𑄎𑄨𑄁𑄇𑄚𑄨 𑄣𑄟,নাচা চা জীবনে অভ্যস্ত হওা
𑄥𑄪𑄚𑄚𑄪 𑄃𑄨𑄎𑄬𑄝𑄴 𑄌𑄋𑄴𑄟,সুঁচালো চামা
"𑄡𑄬 𑄉𑄧𑄘 𑄎𑄨𑄁𑄇𑄚𑄨 𑄥𑄧𑄁 𑄚𑄨𑄎𑄧 𑄇𑄧𑄙 𑄚𑄧 𑄞𑄝𑄨 𑄌𑄋𑄴𑄟 𑄞𑄌𑄴, 𑄃𑄧𑄏𑄛𑄖𑄴, 𑄢𑄨𑄘𑄨𑄥𑄪𑄙𑄮𑄟𑄴 𑄃𑄣𑄳𑄠𑄇𑄴𑄈𑄚𑄨 𑄞𑄣𑄬𑄘𑄨 𑄛𑄧𑄘𑄧𑄖𑄴 𑄃𑄚𑄨𑄝𑄖𑄴𑄬 𑄣𑄬𑄖𑄴𑄛𑄬𑄖𑄴 𑄉𑄧𑄢𑄨 𑄢𑄧𑄠𑄬 𑄖𑄬 𑄦𑄧𑄣𑄧𑄘𑄬 𑄥𑄪𑄚𑄚𑄪 𑄚𑄪𑄠𑄮𑄢𑄟𑄴 𑄌𑄋𑄴𑄟।","যে পুরো জীবনে নিজের কথা চিন্তা করে না,অচেতনভাবে পালিে আছে সে"
𑄖𑄢𑄴 𑄎𑄧𑄚𑄧𑄟𑄴 𑄚𑄧 𑄦𑄧𑄣𑄬 𑄃𑄧𑄏𑄛𑄖𑄴 𑄦𑄧𑄠𑄧𑄘𑄧 𑄦𑄏𑄨 𑄡𑄘𑄬 𑄃𑄘𑄧𑄁 𑄚𑄬𑄭।,তার জন্ম না হলে সংসারে হনা
𑄖𑄢𑄴 𑄌𑄬𑄘𑄧𑄚𑄧𑄢𑄴 𑄝𑄧𑄣𑄬 𑄃𑄬𑄌𑄳𑄠𑄬 𑄃𑄟𑄨 𑄃𑄟 𑄣𑄮 𑄜𑄪𑄘𑄧 𑄃𑄧𑄏𑄛𑄖𑄴 𑄘𑄮𑄣𑄬 𑄘𑄮𑄣𑄬 𑄣𑄢𑄴𑄌𑄢𑄴 𑄉𑄧𑄢𑄨 𑄛𑄢𑄨𑄢𑄴।,তার চূা আমরা ভালোভাবে হাঁটতে পারি
"𑄥𑄪𑄚𑄚𑄪 𑄚𑄮𑄠𑄢𑄟𑄴 𑄌𑄋𑄴𑄟 𑄝𑄛𑄴𑄮 𑄚𑄋𑄚𑄴 𑄥𑄪𑄚𑄚𑄪 𑄥𑄪𑄇𑄳𑄢𑄧𑄟𑄧𑄕𑄨 𑄌𑄋𑄴𑄟, 𑄟𑄝𑄱 𑄚𑄋𑄚𑄴 𑄇𑄣𑄝𑄨 𑄌𑄋𑄴𑄟।",".শুনানো নাাচাা করতে করতে ক্লান্ত, মাার নাাচাা করতে ক্লান্ত"
𑄖𑄢𑄴 𑄛𑄌𑄴𑄮 𑄏𑄨 𑄃 𑄃𑄬𑄇𑄴𑄮 𑄛𑄪𑄃𑄧।,তার পাের মেে একটা বাচ্চা
𑄷।,১. ১. এক জাতী বুনো ফল
"𑄥𑄪𑄚𑄚𑄪 𑄝𑄥𑄧𑄚𑄴𑄖𑄨 𑄌𑄋𑄴𑄟, 𑄸।","সুঁচালো চামা, ২. সুঁচালো চাংমা"
"𑄥𑄪𑄚𑄚𑄪 𑄃𑄢𑄧𑄖𑄨 𑄌𑄋𑄴𑄟, 𑄹।",".সুঁচালো তরকারি, ৩.সুঁচালো তরকারি"
"𑄥𑄪𑄚𑄚𑄪 𑄝𑄨𑄢𑄧𑄖𑄨 𑄌𑄋𑄴𑄟, 𑄺।",".সুঁচালো চুমুক, ৪.সুঁচালো চামা"
"𑄥𑄪𑄚𑄚𑄪 𑄟𑄧𑄚𑄧𑄘𑄬𑄝𑄨 𑄌𑄋𑄴𑄟, 𑄻।",".শুনানো মনের মানুষ,৫"
𑄥𑄪𑄚𑄚𑄪 𑄇𑄧𑄣𑄳𑄠𑄕𑄴 𑄥𑄙𑄧𑄚𑄴 𑄌𑄋𑄴𑄟 𑄃 𑄼।,.সুগন্ধি কলুষ সাধনের চামা আছে।
𑄥𑄪𑄚𑄚𑄪 𑄢𑄨𑄚 𑄘𑄬𑄝𑄨 𑄌𑄋𑄴𑄟।,কানে না শোনা এক জাতী পাখি
𑄥𑄪𑄚𑄚𑄪 𑄚𑄮𑄠𑄢𑄟𑄴 𑄌𑄋𑄴𑄟 𑄚𑄝𑄣𑄧𑄇𑄴 𑄃𑄇𑄴𑄗𑄧 𑄉𑄮𑄟𑄬𑄖𑄴 𑄇𑄪𑄣𑄧𑄖𑄴𑄪𑄚𑄴 𑄖 𑄎𑄬𑄖𑄴𑄖 𑄥𑄪𑄚𑄚𑄪𑄥𑄛𑄳𑄠𑄬 𑄌𑄋𑄴𑄟 𑄥𑄧𑄟𑄢𑄬 𑄟𑄨𑄋𑄨𑄚𑄨 𑄌𑄉𑄣𑄖𑄴 𑄝𑄎𑄬𑄭𑄍𑄧𑄢 𑄃𑄘𑄟𑄧𑄖𑄴 𑄈𑄪𑄌𑄴 𑄘𑄨𑄣𑄧।,.শুনানো নাচার সম পাহাের পাশ দিে হেঁটে যাচ্ছে সে
𑄥𑄪𑄚𑄚𑄪 𑄥𑄛𑄳𑄠𑄬 𑄌𑄋𑄴𑄟 𑄉𑄮𑄟𑄬𑄖𑄴 𑄇𑄪𑄣𑄧𑄖𑄴 𑄝𑄬𑄢 𑄡𑄬𑄚𑄬𑄭 𑄟 𑄦𑄢 𑄥𑄪𑄚𑄚𑄪 𑄚𑄮𑄠𑄢𑄟𑄴 𑄌𑄋𑄴𑄟𑄘𑄊𑄨𑄢𑄬 𑄣𑄧𑄉𑄬 𑄃𑄚𑄬।,সুঁচালো সাপে চাংমাহ্ গ্রামের মাঠে বো বো ঘুরে বো যেন মা হারানো বাচ্চাগুলোকে সাথে নিে আসে
𑄥𑄧𑄇𑄳𑄠𑄬 𑄃𑄬𑄙𑄧𑄇𑄳𑄠𑄬 𑄉𑄧𑄢𑄨 𑄃𑄘𑄟𑄬 𑄃𑄘𑄟𑄬 𑄇𑄨𑄠𑄮𑄋𑄴 𑄃 𑄃𑄨𑄇𑄴𑄪𑄣𑄴 𑄚𑄧 𑄃𑄬𑄣𑄧।,সবসম এত ব করে গ্রামে গ্রামে কিছু আসলো না
𑄌𑄨𑄖𑄴𑄟𑄧𑄢𑄧𑄋𑄧𑄖𑄴𑄪𑄚𑄴 𑄃𑄬𑄇𑄴𑄮 𑄞𑄚𑄴𑄖𑄬𑄢𑄬 𑄌𑄧𑄁𑄢𑄍𑄧𑄢𑄨 𑄜𑄪𑄣𑄴𑄌𑄚𑄴 𑄇𑄢𑄴𑄝𑄢𑄨 𑄛𑄢 𑄃𑄘𑄟𑄧𑄖𑄴 𑄇𑄧𑄚𑄧 𑄃𑄬𑄇𑄴𑄈𑄚𑄴 𑄇𑄬𑄎𑄴𑄮𑄖𑄴 𑄜𑄁 𑄉𑄧𑄢𑄨 𑄃𑄚𑄨𑄣𑄬 𑄥𑄬 𑄞𑄚𑄴𑄖𑄬𑄝𑄱𑄣𑄮𑄭 𑄥𑄪𑄚𑄚𑄪 𑄥𑄛𑄳𑄠𑄬 𑄌𑄋𑄴𑄟𑄢𑄴 𑄘𑄬𑄊 𑄦𑄧𑄠𑄴।,ছোট থেকে একটা ভান্তেকে চংরাং করে গ্রামের কোন এক জঙ্গলে নিে আসলে সে ভের মতো দেখতে হ
𑄚𑄚𑄋𑄴 𑄇𑄧𑄙 𑄥𑄬𑄢𑄬 𑄥𑄪𑄚𑄚𑄪 𑄥𑄛𑄳𑄠𑄬 𑄌𑄋𑄴𑄟 𑄞𑄚𑄴𑄖𑄬𑄢𑄬 𑄥𑄪𑄚𑄚𑄪 𑄚𑄮𑄠𑄢𑄟𑄧 𑄌𑄋𑄴𑄟𑄢𑄴 𑄛𑄮𑄭𑄘𑄳𑄠𑄚𑄬 𑄇𑄧𑄙 𑄇𑄧𑄚𑄢𑄴 𑄎𑄪 𑄦𑄧𑄠𑄴।,নানা কথা বলতে বলতে চামা সাপটা চামার সমে কথা বলতে বলতে কান্না হ
𑄞𑄚𑄴𑄖𑄬𑄖𑄴𑄪𑄚𑄴 𑄌𑄨𑄖𑄴𑄛𑄪𑄢𑄨 𑄃𑄪𑄘𑄨 𑄣𑄬𑄊 𑄥𑄬𑄊𑄬𑄝𑄖𑄴𑄬 𑄖 𑄥𑄧𑄟𑄢𑄬 𑄌𑄨𑄖𑄴𑄟𑄧𑄢𑄧𑄋𑄧𑄖𑄴 𑄚𑄨𑄣𑄧।,ভ থেকে তার মনটা বের হে গেল
𑄞𑄚𑄴𑄖𑄴𑄬𑄢𑄴 𑄃𑄢𑄧 𑄃𑄬𑄇𑄴𑄮 𑄉𑄪𑄢𑄧 𑄃𑄬𑄣𑄧।,খারাপ আর একটা বিপদ আসলো
𑄖 𑄚𑄋𑄚𑄴 𑄇𑄣𑄨𑄇𑄪𑄟𑄢𑄴 𑄌𑄋𑄴𑄟।,তার নািটা কালির মতো
𑄇𑄣𑄨 𑄇𑄪𑄟𑄢𑄴 𑄌𑄋𑄴𑄟 𑄚𑄮𑄠𑄢𑄟𑄴 𑄌𑄋𑄴𑄟𑄖𑄴𑄪𑄚𑄴 𑄝𑄧𑄎𑄚𑄴 𑄃𑄪𑄎𑄮𑄣𑄧 𑄦𑄧𑄠𑄴।,কালি কুমারের চামাটা নাচা করে উঠে
"𑄃𑄬𑄇𑄴 𑄥𑄧𑄟𑄢𑄬 𑄃𑄨𑄇𑄴𑄪𑄣𑄧𑄖𑄴 𑄡𑄬𑄘𑄇𑄴, 𑄈𑄬𑄘𑄇𑄴 𑄃 𑄗𑄬𑄘𑄇𑄴।","এক সাথে স্কুলে যা,খোল আছে"
𑄃𑄨𑄇𑄴𑄬 𑄉𑄧𑄢𑄨 𑄖𑄢 𑄇𑄬𑄣𑄌𑄴 𑄖𑄳𑄢𑄨 𑄃𑄪𑄘𑄨𑄣𑄇𑄴।,এখন করে তাদের ক্ল্যাচটা তেতো হলো
𑄇𑄣𑄨 𑄇𑄪𑄟𑄢𑄴 𑄌𑄋𑄴𑄟𑄢𑄴 𑄥𑄧𑄣𑄴𑄣 𑄛𑄧𑄢𑄟𑄧𑄢𑄴𑄥𑄧𑄣𑄮𑄭 𑄚𑄮𑄠𑄢𑄟𑄴 𑄌𑄋𑄴𑄟 𑄌𑄧𑄣𑄨 𑄛𑄬𑄘𑄧।,কালো রঙের চামা দিে নাাচাা করতে হ
𑄖 𑄇𑄧𑄙 𑄚𑄧 𑄟𑄚𑄨𑄣𑄬 𑄥𑄬𑄎 𑄈𑄬𑄭 𑄛𑄠𑄴।,তার কথা না মানলে তাাতাি খাওা যা
𑄌𑄋𑄴𑄟 𑄞𑄢𑄨 𑄙𑄁 𑄃𑄬𑄣𑄧।,চামা অনেক ব হছে
𑄃𑄧𑄇𑄴𑄗𑄧 𑄟𑄧𑄎𑄨𑄟𑄴 𑄃𑄨𑄇𑄴𑄪𑄣𑄧𑄖𑄴 𑄚𑄧 𑄡𑄠𑄴।,. সম মেেরা স্কুলে যা না
𑄉𑄬𑄣𑄬𑄠𑄳𑄠𑄧 𑄛𑄧𑄘𑄧𑄖𑄴 𑄛𑄧𑄣𑄴𑄬 𑄗𑄠𑄴।,.পাহাে পলেপদে পে
𑄃 𑄚𑄮𑄠𑄢𑄟𑄬 𑄃𑄨𑄇𑄴𑄪𑄣𑄧𑄖𑄴 𑄉𑄬𑄣𑄬 𑄟𑄚 𑄉𑄧𑄢𑄬।,এক নাগাে স্কুলে গেলে মানা করে
𑄡𑄬𑄘𑄨𑄚𑄴 𑄃𑄨𑄇𑄴𑄪𑄣𑄧𑄖𑄴 𑄡𑄚 𑄚𑄧 𑄦𑄧𑄠𑄴 𑄥𑄬𑄘𑄨𑄚𑄴 𑄙𑄬𑄁 𑄉𑄧𑄢𑄨𑄘𑄧।,যেদিন স্কুলে যাওা হনা তখন বকাবকি করে
"𑄇𑄪𑄌𑄴𑄬𑄣𑄴 𑄌𑄪𑄢𑄴, 𑄚𑄢𑄨𑄇𑄪𑄣𑄴 𑄌𑄪𑄢𑄴 𑄚𑄚𑄋𑄚𑄴 𑄙𑄬𑄁 𑄉𑄧𑄢𑄬।","কুাল চুরি,নারিকুল চুরি সবসম করে"
𑄃𑄬𑄇𑄴𑄘𑄨𑄚𑄴 𑄖𑄢𑄢𑄴 𑄙𑄬𑄋𑄧 𑄇𑄧𑄙𑄚𑄨 𑄞𑄚𑄴𑄖𑄬 𑄇𑄚𑄬 𑄣𑄬 𑄉𑄧𑄌𑄴𑄬।,এক দিন তাদের নদীর কথা ভে কানে পেছে
"𑄞𑄚𑄴𑄖𑄬 𑄖𑄢 𑄘𑄨𑄎𑄧𑄢𑄬 𑄘𑄉𑄨𑄣𑄧, 𑄚𑄮𑄠𑄧𑄢𑄟𑄧𑄖𑄴𑄪𑄚𑄴 𑄛𑄪𑄎𑄮𑄢𑄴 𑄉𑄧𑄢𑄨𑄣𑄧 𑄥𑄬 𑄇𑄧𑄙।","ভে তারা দুইজনে ডাকলো,নাারাম থেকে পূজা করল সেই কথা"
𑄚𑄮𑄠𑄢𑄧𑄟𑄬 𑄇𑄧𑄚𑄧 𑄎𑄮𑄛𑄴 𑄚𑄧 𑄘𑄨 𑄝𑄚 𑄥𑄨𑄢𑄬𑄝𑄱 𑄛𑄮𑄌𑄴𑄬 𑄛𑄮𑄌𑄴𑄬 𑄃𑄊𑄬।,নাারমে কোনো জোা না দিে শুধু মাথার বালিশটা পে আছে
"𑄖 𑄙𑄧𑄇𑄴 𑄝𑄪𑄏𑄨 𑄞𑄚𑄴𑄖𑄴𑄬 𑄇𑄧𑄣𑄧, 𑄖𑄬 𑄌𑄪𑄢𑄴 𑄉𑄧𑄢𑄬 𑄞𑄨𑄣𑄨𑄚𑄴 𑄖𑄪𑄭 𑄌𑄪𑄢𑄴 𑄉𑄧𑄢𑄨𑄝𑄬?","তার চেহারা দেখে ভ লাগে,সে চুরি করে নাকি তুমি চুরি করো?"
𑄝𑄢𑄴𑄝𑄢𑄴 𑄖𑄢𑄢𑄴 𑄙𑄬𑄋𑄧 𑄇𑄧𑄙 𑄃 𑄃𑄨𑄇𑄴𑄪𑄣𑄧𑄖𑄴 𑄚𑄧 𑄡𑄚𑄢𑄴 𑄇𑄧𑄙 𑄥𑄪𑄚𑄨 𑄞𑄚𑄴𑄖𑄬 𑄚𑄧 𑄢𑄊𑄬𑄝𑄢𑄴 𑄟𑄧𑄚𑄴𑄎𑄪𑄇𑄴 𑄉𑄧𑄢𑄬।,বার বার আসা যাওার কথা শুনে ভে আর থাকতে ইচ্ছে করে না
𑄥𑄨𑄠𑄚𑄴 𑄇𑄣𑄨𑄇𑄪𑄟𑄢𑄧 𑄇𑄚𑄬 𑄣𑄳𑄦𑄬 𑄉𑄧𑄌𑄴𑄬।,.সে কালিটা কানে পরিধান করছে।
𑄚𑄮𑄠𑄢𑄧𑄟𑄢𑄬 𑄘𑄉𑄨 𑄇𑄧𑄣𑄧 𑄃𑄬𑄝𑄢𑄴 𑄃𑄟𑄢𑄴 𑄃𑄨𑄙𑄪 𑄗𑄬𑄝𑄢𑄴 𑄎𑄉 𑄚𑄬𑄭।,নাারমাকে ডেকে বল এবার আমাদের এখানে থাকার জাগা নেই
𑄞𑄚𑄴𑄖𑄬 𑄙𑄝𑄬 𑄘𑄨𑄝𑄢𑄴 𑄇𑄧𑄢𑄴।,ভে দৌে যাওা
𑄚𑄮𑄠𑄢𑄟𑄧𑄢𑄴 𑄝𑄪𑄉𑄧𑄖𑄴 𑄌𑄨𑄘𑄬 𑄥𑄧𑄟𑄬𑄣𑄧।,এক জাতী বুনো ফল যা সবজি হিসেবে ব্যবহৃত হ
"𑄇𑄨 𑄉𑄧𑄢𑄨𑄝𑄧, 𑄞𑄝𑄨 𑄇𑄪𑄣𑄧 𑄚𑄧 𑄛𑄠𑄴।","কি গরিব,নিজের কূল পাওা যা না"
𑄖𑄬 𑄌𑄠𑄴 𑄣𑄬𑄊 𑄛𑄧𑄢 𑄥𑄨𑄊𑄨𑄝𑄢𑄴।,সে চাা পা দেখতে চা
𑄇𑄣𑄨 𑄇𑄪𑄟𑄢𑄴 𑄚𑄮𑄠𑄢𑄟𑄧𑄢𑄬 𑄝𑄢𑄴 𑄝𑄢𑄴 𑄇𑄪𑄎𑄮𑄣𑄨 𑄉𑄧𑄢𑄬 𑄙𑄬𑄭 𑄡𑄬𑄝𑄢𑄴।,কালি কুমারের নািে নাাচাা করে যেতে হ
"𑄛𑄧𑄢𑄬 𑄚𑄮𑄠𑄢𑄟𑄧𑄢𑄬 𑄝𑄪𑄇𑄴 𑄝𑄚𑄨 𑄘𑄨𑄚𑄬𑄭 𑄇𑄧𑄣𑄧, 𑄌𑄨𑄘𑄬 𑄚𑄧 𑄉𑄧𑄢𑄨𑄌𑄴, 𑄖𑄪𑄭 𑄝𑄚 𑄟𑄧 𑄥𑄧𑄟𑄢𑄬 𑄡𑄬𑄣𑄬 𑄃𑄧𑄞𑄧।","পারামকে বুক বেঁধে দাও,চিন্তা করিও না,তুমি শুধু আমার সাথে যাও"
𑄟𑄪𑄭 𑄝𑄬𑄇𑄴 𑄎𑄪𑄉𑄧𑄣𑄴 𑄉𑄧𑄢𑄨𑄟𑄴।,.আমি সব যোগা করবো
𑄘𑄨𑄚𑄴𑄛𑄪𑄢𑄴 𑄗𑄨𑄇𑄴 𑄉𑄧𑄢𑄨 𑄖𑄢 𑄇𑄧𑄣𑄴𑄇𑄖 𑄟𑄧𑄈𑄳𑄠𑄬 𑄣𑄧𑄖𑄴 𑄘𑄨𑄣𑄇𑄴 𑄞𑄚𑄴𑄖𑄬𑄖𑄴𑄪𑄚 𑄌𑄪𑄢𑄴 𑄉𑄧𑄢𑄨।,সারাদিন চুপ করে তারা কলকা মাকার জন্য রওনা দিল
𑄃𑄨𑄚𑄴𑄘𑄨 𑄞𑄚𑄴𑄖𑄬 𑄖𑄢 𑄙𑄬𑄭 𑄡𑄚 𑄈𑄧𑄝𑄧𑄢𑄴 𑄛𑄬𑄣𑄧।,এই ভে তারা পথে যাওা খবর পেল
𑄞𑄚𑄴𑄖𑄬 𑄌𑄨𑄘𑄬 𑄥𑄧𑄟𑄴𑄬।,ভে ভে
𑄝𑄬𑄇𑄴 𑄎𑄉𑄠𑄴 𑄎𑄉𑄠𑄴 𑄈𑄧𑄝𑄧𑄢𑄴 𑄘𑄨𑄣𑄧 𑄞𑄚𑄴𑄖𑄬।,সব জাগা জাগা খবর দিল সে
𑄇𑄧𑄠𑄬𑄇𑄴 𑄘𑄨𑄚𑄴 𑄛𑄧𑄢𑄴 𑄌𑄨𑄖𑄉𑄁𑄝𑄧𑄚𑄴𑄘𑄧𑄢𑄧𑄖𑄴𑄪𑄚𑄴 𑄖𑄢𑄢𑄬 𑄙𑄪𑄢𑄨 𑄃𑄚𑄨 𑄞𑄚𑄴𑄖𑄬𑄢𑄬 𑄉𑄧𑄎𑄬 𑄘𑄨𑄣𑄇𑄴।,কদিন পর চিতা জঙ্গল থেকে তাদেরকে ধরে নিয়ে গেল
𑄃𑄨𑄇𑄳𑄠𑄬 𑄞𑄚𑄴𑄖𑄬𑄢𑄴 𑄃𑄢𑄧 𑄝𑄬𑄌𑄴 𑄌𑄨𑄘𑄬 𑄥𑄧𑄟𑄬𑄣𑄧।,একটা ভিক্ষুক আরও বেশি চিবিেছে
𑄇𑄧𑄠𑄬𑄇𑄴 𑄘𑄨𑄚𑄴 𑄡𑄘𑄬 𑄞𑄋𑄟𑄪𑄢𑄧𑄖𑄴𑄪𑄚𑄴 𑄡𑄖𑄳𑄢𑄟𑄧𑄕𑄨 𑄚𑄋𑄬 𑄃𑄬𑄇𑄴 𑄝𑄧𑄚𑄴𑄘 𑄌𑄨𑄖𑄴𑄟𑄧𑄢𑄧𑄁 𑄇𑄨𑄠𑄮𑄋𑄧𑄖𑄴 𑄟𑄚𑄴𑄠𑄳𑄠 𑄥𑄬𑄢 𑄡𑄠𑄴।,কদিন যাওার পর ভাঙা পাের থেকে যাত্রাপালা করে এক বান্দার শরীর দিে মানুষ মারা যা
𑄞𑄚𑄴𑄖𑄬 𑄖𑄢𑄬 𑄇𑄧𑄠𑄴- 𑄃𑄬 𑄉𑄪𑄢𑄧𑄝𑄧𑄢𑄬 𑄝𑄎𑄬𑄭𑄍𑄧𑄢 𑄥𑄛𑄳𑄠𑄬𑄢𑄬 𑄉𑄧𑄎𑄬 𑄘𑄨 𑄘𑄨𑄌𑄴𑄮𑄠𑄴।,ভে তাকে বলে-এই ভে সাপটাকে মেরে দাও
𑄊𑄧𑄢𑄧𑄖𑄴 𑄣𑄪𑄟𑄨 𑄡𑄖𑄳𑄢𑄟𑄧𑄕𑄨 𑄚𑄮𑄠𑄢𑄟𑄧𑄖𑄴𑄪𑄚𑄴 𑄝𑄬𑄇𑄴 𑄃𑄪𑄘𑄧 𑄣𑄧𑄣𑄧।,বািে যাওার সম সব তুলে নিল
𑄛𑄪𑄎𑄮𑄢𑄴 𑄉𑄧𑄢𑄬𑄉𑄧𑄢𑄬 𑄖𑄢𑄴 𑄊𑄧𑄢𑄧𑄖𑄴 𑄉𑄧𑄢𑄪 𑄌𑄧𑄢 𑄗𑄬𑄝𑄧 𑄚𑄨𑄚।,পূজা করতে করতে তার বািতে গরু চতে হবে
𑄚𑄮𑄠𑄢𑄟𑄬 𑄖 𑄊𑄧𑄢𑄧𑄖𑄴 𑄗𑄬𑄝𑄢𑄴 𑄢𑄎𑄨 𑄦𑄧𑄣𑄧।,তার বািতে থাকার জন্য সম্মত হলো
"𑄇𑄨𑄖𑄴𑄬, 𑄖𑄢𑄴 𑄘𑄬𑄚𑄬 𑄌𑄬𑄣𑄬 𑄚𑄬𑄭 𑄝𑄋𑄬 𑄌𑄬𑄣𑄬 𑄇𑄧𑄚𑄧 𑄉𑄳𑄦𑄖𑄴 𑄝𑄌𑄳𑄠𑄬 𑄃𑄨𑄖𑄴𑄮𑄇𑄪𑄘𑄪𑄟𑄴 𑄚𑄬𑄭।","কেন, তার ডান দিকে না থাকলে কোন গাছে বাঁশ নেই"
𑄖 𑄎𑄬𑄖𑄴𑄖𑄝𑄮 𑄥𑄧𑄟𑄢𑄬 𑄃𑄬𑄚𑄬𑄭 𑄞𑄚𑄴𑄖𑄬𑄢𑄬 𑄉𑄧𑄎𑄬 𑄘𑄨𑄣𑄧।,তার জাগাটা একসাথে এনে ভে দিল
𑄃𑄨𑄠𑄚𑄨 𑄞𑄝𑄨 𑄖𑄬 𑄞𑄋𑄟𑄪𑄢𑄧𑄖𑄴 𑄡𑄖𑄳𑄢𑄟𑄪𑄕𑄨 𑄊𑄧𑄢𑄧𑄖𑄴 𑄉𑄧𑄢𑄪𑄌𑄧𑄢 𑄗𑄬𑄭 𑄉𑄬𑄣𑄧।,এগুলো চিন্তা করে সে বািতে গরু রাখতে গেল
𑄥𑄬 𑄞𑄋𑄟𑄪𑄢𑄧𑄖𑄴 𑄃𑄬𑄇𑄴𑄱 𑄟𑄌𑄴𑄖𑄧𑄢𑄴 𑄃𑄊𑄬।,সে ভাঙামুিে একটা মাছ আছে
𑄖𑄬 𑄣𑄬𑄊 𑄥𑄬𑄊𑄘𑄬 𑄚𑄮𑄠𑄢𑄟𑄬 𑄝𑄧𑄎𑄧𑄋𑄚𑄨 𑄙𑄪𑄢𑄨 𑄘𑄳𑄠𑄬।,সে লেখাপা দিে নাচা করে সংসার থেকে বের হে গেল
"𑄃𑄬𑄇𑄴 𑄘𑄨𑄚𑄴 𑄡𑄖𑄳𑄢𑄟𑄧𑄕𑄨 𑄥𑄨𑄡𑄚𑄴 𑄈𑄧𑄝𑄧𑄢𑄴 𑄛𑄬𑄣𑄧 𑄃 𑄚𑄮𑄠𑄢𑄟𑄧𑄢𑄬 𑄘𑄉𑄨 𑄛𑄪𑄎𑄮𑄢𑄴 𑄣𑄧𑄣𑄧, 𑄖𑄬 𑄇𑄨𑄠𑄮𑄋𑄧𑄖𑄴 𑄗𑄬𑄚𑄬𑄭 𑄇𑄨 𑄉𑄧𑄌𑄴𑄬।","এক দিন যাত্রা শুরু হেছে, সে ছেলেটাকে ডেকে পূজার নিে কি করছে"
𑄞𑄚𑄴𑄖𑄬 𑄖𑄢𑄬 𑄣𑄬𑄊 𑄥𑄬𑄊𑄬𑄠𑄬 𑄞𑄨𑄣𑄨𑄚𑄴 𑄇𑄧𑄣𑄬 𑄡𑄖𑄳𑄢𑄟𑄪𑄕𑄨 𑄚𑄮𑄠𑄢𑄟𑄧𑄢𑄬 𑄉𑄧𑄢𑄪𑄌𑄧𑄢𑄖𑄴𑄪 𑄥𑄧𑄢𑄚𑄴 𑄘𑄨 𑄟𑄌𑄴𑄖𑄧𑄢𑄴 𑄝𑄚𑄬𑄣𑄧।,ভে তাকে বোই করার জন্য রওনা হে গেল
𑄃𑄨𑄖𑄴𑄪𑄚𑄴 𑄚𑄮𑄠𑄢𑄟𑄧 𑄟𑄧𑄚𑄚𑄴 𑄘𑄋𑄧𑄢𑄴 𑄦𑄧𑄣𑄧।,এখান থেকে আমার মনটা ব হেছে
"𑄎𑄪 𑄛𑄬𑄣𑄬 𑄇𑄧𑄝𑄨𑄘𑄳𑄠 𑄣𑄬𑄊𑄬, 𑄚𑄚𑄋𑄴 𑄥𑄥𑄴𑄖𑄳𑄢𑄧 𑄇𑄧𑄙 𑄇𑄧𑄠𑄴।","জুে পেলে কবি পে,নানা ধরনের কথা বলে"
𑄌𑄘𑄬 𑄌𑄘𑄬 𑄝𑄬𑄉𑄧𑄢𑄴 𑄟𑄧𑄚𑄴 𑄎𑄧𑄠𑄴 𑄉𑄧𑄢𑄨 𑄚𑄨𑄣𑄧।,স্বপ্নে স্বপ্নে বেগের মন জ করে নিল
𑄥𑄪𑄚𑄚𑄪 𑄡𑄖𑄳𑄢𑄟𑄧𑄕𑄨 𑄌𑄋𑄴𑄟 𑄖 𑄏𑄨 𑄜𑄪𑄣𑄬𑄥𑄳𑄦𑄧𑄢𑄨 𑄌𑄋𑄴𑄟𑄢𑄬 𑄚𑄮𑄠𑄢𑄧𑄟𑄴𑄣𑄮𑄃𑄨 𑄎𑄧𑄙𑄧𑄚𑄴 𑄝𑄚𑄨 𑄘𑄨𑄝𑄢𑄴 𑄃𑄃𑄮𑄌𑄴 𑄉𑄧𑄢𑄬।,.শুনানো যাওার সম তার স্ত্রী ফুল দিে জুতা তৈরি করার চেষ্টা করছে
𑄜𑄪𑄣𑄬𑄥𑄳𑄦𑄧𑄢𑄨𑄢𑄴 𑄟𑄚𑄴𑄌𑄳𑄠 𑄇𑄮𑄌𑄴 𑄚𑄧 𑄛𑄨𑄠𑄳𑄠 𑄝𑄬𑄙𑄨 𑄃𑄊𑄬।,.ফুলেশা মাছটা সহজে ধরে না এমন বোই আছে
𑄖𑄪𑄃𑄧 𑄚𑄮𑄠𑄢𑄟𑄬 𑄢𑄎𑄨 𑄦𑄧𑄣𑄧।,তুতো নাাচাা করতে রাজি হলো
"𑄇𑄨𑄖𑄴𑄬𑄠𑄴, 𑄥𑄪𑄚𑄚𑄪 𑄡𑄖𑄳𑄢𑄟𑄧𑄕𑄨 𑄍𑄝 𑄛𑄬𑄚𑄬𑄭 𑄃𑄨𑄇𑄳𑄠𑄬 𑄖𑄢𑄬 𑄟𑄌𑄴𑄖𑄧𑄢𑄴 𑄃𑄨𑄎𑄬𑄝𑄬 𑄌𑄨𑄚𑄧𑄚𑄴।","কোথা,কেন,শুনানো যাওার সমে তাকে মাছ ধরার সম মনে হ"
𑄝𑄧𑄌𑄧𑄚𑄴 𑄌𑄬𑄭 𑄃𑄬𑄇𑄴 𑄟𑄧𑄦𑄬𑄚𑄴𑄘𑄳𑄢𑄧 𑄈𑄬𑄚𑄧𑄖𑄴 𑄖𑄢𑄢𑄴 𑄘𑄨𑄎𑄧𑄚𑄧𑄢𑄴 𑄎𑄧𑄙𑄧𑄚𑄴 𑄦𑄧𑄣𑄧।,কথা শুনে তারা দুই জন জ হেছে
𑄃𑄨𑄚𑄴𑄘𑄨 𑄘𑄨𑄚𑄴 𑄘𑄨𑄚𑄴 𑄜𑄪𑄣𑄬𑄥𑄳𑄦𑄧𑄢𑄨 𑄝𑄬𑄙𑄨𑄠𑄚𑄴 𑄞𑄢𑄨 𑄡𑄢𑄴।,এখানে দিন দিন ফুলতেছে বোই যা
𑄥𑄧𑄟𑄢𑄬 𑄖𑄢𑄴𑄠𑄳𑄠𑄧 𑄥𑄎𑄪𑄢𑄨𑄣𑄧।,একসাথে তার বিয়ে হলো
𑄈𑄧𑄝𑄧𑄢𑄴 𑄛𑄬𑄣𑄧 𑄌𑄧𑄚𑄴𑄘𑄳𑄢𑄧𑄊𑄮𑄚 𑄥𑄨𑄙𑄪 𑄜𑄢𑄋𑄨 𑄌𑄨𑄇𑄨𑄖𑄴𑄥𑄳𑄠 𑄉𑄧𑄢𑄧𑄚𑄴।,. খবর পাওার পর চন্দ্রটা ছিঁা শুরু করে
𑄃 𑄇𑄧𑄠𑄬𑄇𑄴 𑄎𑄧𑄚𑄴𑄠𑄳𑄠𑄧 𑄉𑄧𑄟𑄴 𑄃𑄧𑄭 𑄃𑄬𑄣𑄇𑄴।,কতজন লোক ভালো হে আসলো
𑄚𑄮𑄠𑄢𑄟𑄬 𑄃𑄢𑄴 𑄘𑄬𑄢𑄨 𑄚𑄧 𑄉𑄧𑄢𑄨 𑄘𑄨𑄙𑄪 𑄡𑄬𑄣𑄇𑄴।,নাাচাা করে আবার চলে গেল
𑄓 𑄃𑄬𑄌𑄴𑄇𑄳𑄢𑄮𑄝𑄴 𑄖𑄢𑄬 𑄃𑄬𑄇𑄴𑄈𑄚𑄴 𑄥𑄧𑄢𑄴𑄖𑄧 𑄘𑄨𑄣𑄧।,ডা এস্কটা তাকে একটা পরামর্শ দিল
"𑄈𑄳𑄢𑄨𑄥𑄴𑄑𑄚𑄴 𑄃𑄧𑄭 𑄛𑄧𑄢𑄨𑄝𑄧, 𑄖𑄳𑄦𑄬,𑄜𑄢𑄋𑄨 𑄌𑄨𑄇𑄨𑄖𑄴𑄥𑄳𑄠 𑄛𑄬𑄝𑄧।","খ্রিস্টান হতে হবে,সে,ফারাঙি শিক্ষা পাবে"
𑄥𑄪𑄚𑄚𑄪 𑄚𑄮𑄠𑄢𑄟𑄬 𑄥𑄬 𑄥𑄧𑄖𑄴𑄧𑄠𑄚𑄴 𑄟𑄚𑄨 𑄛𑄬𑄣𑄧 𑄟𑄧𑄚𑄬 𑄚𑄧 𑄦𑄧𑄣𑄬𑄠𑄳𑄠𑄧।,শুনানো নাামাা করে সেই সত্যটা মনে হ না হলে
𑄙𑄢𑄘𑄨𑄊𑄧𑄣𑄨,এক জাতী বুনো ফল
𑄥𑄛𑄴𑄎𑄧𑄠𑄨 𑄢𑄪𑄛𑄴𑄚 𑄌𑄋𑄴𑄟𑄝𑄁𑄣 𑄘𑄬𑄏𑄧𑄢𑄴 𑄃𑄬𑄇𑄴𑄇𑄱 𑄟𑄨𑄣𑄬 𑄗𑄬𑄋𑄴𑄝𑄮𑄣𑄴/𑄜𑄪𑄑𑄴𑄝𑄧𑄣𑄴 𑄈𑄢 𑄦𑄧𑄠𑄬।,সাপটা চাকমাদের গ্রামের এক মেে পালিে খেলছে
𑄖𑄢 𑄝𑄁𑄣𑄘𑄬𑄌𑄴 𑄎𑄖𑄨𑄠𑄧 𑄟𑄧𑄦𑄨𑄣 𑄜𑄪𑄓𑄴𑄝𑄧𑄣𑄴 𑄘𑄧𑄣𑄴 𑄃 𑄝𑄧𑄥𑄪𑄚𑄴𑄙𑄧𑄢 𑄇𑄨𑄁𑄥𑄴 𑄟𑄧𑄦𑄨𑄣 𑄜𑄪𑄓𑄴𑄝𑄧𑄣𑄴 𑄘𑄧𑄣𑄧𑄢𑄴 𑄦𑄧𑄃𑄨 𑄈𑄬𑄣𑄬।,তারা বাঙালি জাতী মহিলা ফুটবল খেলছে
𑄸𑄶𑄸𑄸 𑄈𑄳𑄢𑄨 𑄥𑄜𑄴 𑄟𑄨𑄣𑄬 𑄌𑄳𑄠𑄟𑄴𑄛𑄨𑄠𑄧𑄚𑄴𑄥𑄨𑄛𑄧𑄖𑄴 𑄝𑄁𑄣𑄘𑄬𑄏𑄨 𑄎𑄖𑄨𑄠𑄧 𑄘𑄧𑄣𑄧𑄖𑄴 𑄈𑄢 𑄈𑄬𑄣𑄬 𑄌𑄳𑄠𑄟𑄴𑄛𑄨𑄠𑄧𑄚𑄴 𑄦𑄧𑄚𑄴 𑄃 𑄖𑄢𑄢𑄬 𑄥𑄬 𑄑𑄪𑄢𑄴𑄚𑄟𑄬𑄚𑄴𑄑𑄧𑄢𑄴 𑄥𑄬𑄢 𑄉𑄮𑄣𑄴𑄢𑄧𑄇𑄴𑄇𑄬 𑄉𑄧𑄢𑄨𑄠𑄳𑄠 𑄃𑄨𑄎𑄬𑄝𑄬 𑄚𑄇𑄴𑄝𑄌𑄴 𑄦𑄧𑄠𑄴।,.২০২২ সালে সাফ মেে চে খেলে চাই হেছে।
𑄖𑄖𑄴𑄖𑄪𑄚𑄴 𑄎𑄮𑄛𑄴 𑄣𑄮𑄃𑄨𑄠𑄬 𑄌𑄋𑄴𑄟 𑄥𑄦𑄨𑄖𑄳𑄠𑄧 𑄛𑄧𑄖𑄳𑄢𑄨𑄇 𑄘𑄋𑄧𑄢𑄴 𑄇𑄝𑄨𑄘𑄳𑄠𑄋𑄴 𑄥𑄪𑄚𑄚𑄪 𑄃𑄨𑄚𑄴𑄎𑄬𑄝𑄴 𑄌𑄋𑄴𑄟𑄘𑄊𑄨।,তার কাছ থেকে জোপ দিে চামা পত্রিকা ব করে শুনাচ্ছে
𑄌𑄘𑄨: 𑄖𑄧𑄌𑄨𑄚𑄴𑄛𑄧𑄌𑄳𑄠𑄬 𑄘𑄨𑄝𑄬?,চাদি: পরিষ্কার করে দিবে?
𑄢𑄪𑄛𑄧𑄚: 𑄟𑄧 𑄚𑄋𑄚𑄴 𑄢𑄪𑄛𑄴𑄚 𑄌𑄋𑄴𑄟।,.রূপনা: আমার নািভুিটা সুন্দর
"𑄟𑄧 𑄝𑄝 𑄚𑄋𑄚𑄴 𑄉𑄎 𑄟𑄧𑄚𑄨 𑄌𑄋𑄴𑄟, 𑄟𑄖𑄴𑄖𑄧 𑄟𑄧 𑄝𑄝 𑄃𑄨𑄇𑄴𑄬 𑄚𑄬𑄃𑄨।","আমার বাবা সোনার চামা দিে ব্যবসা করে,আমার বাবা এখন নেই"
𑄝𑄝𑄢𑄬 𑄞𑄢𑄨 𑄉𑄧𑄢𑄨 𑄃𑄬 𑄃𑄧𑄇𑄴𑄖𑄧𑄖𑄴 𑄃𑄨𑄙𑄮𑄖𑄴 𑄖𑄪𑄣𑄧𑄋𑄧𑄢𑄴।,বাবাকে অনেক ব করে এই পৃথিবীতে তুলতেছি
𑄟𑄧 𑄟𑄟𑄳𑄦 𑄚𑄋𑄚𑄴 𑄥𑄮𑄚 𑄌𑄋𑄴𑄟।,আমার মামার নাম সোনার চামা
"𑄃𑄟𑄳𑄦 𑄃𑄘𑄟𑄴 𑄞𑄪𑄃𑄨𑄠𑄮 𑄃𑄘𑄟𑄴 𑄚𑄚𑄳𑄠𑄌𑄧𑄢𑄴 𑄃𑄪𑄛𑄧𑄎𑄬𑄣, 𑄢𑄋𑄟𑄖𑄳𑄠 𑄎𑄬𑄣𑄖𑄴।","আমাদের গ্রামের পাশের গ্রাম,রাঙামাা গ্রামে"
𑄌𑄘𑄨: 𑄇𑄬𑄚𑄬 𑄇𑄬𑄚𑄬 𑄝𑄮𑄣𑄴 𑄈𑄢 𑄈𑄬𑄣𑄬𑄝𑄢𑄴 𑄃𑄃𑄮𑄌𑄴 𑄦𑄧𑄣𑄧?,চাদি: কেন বোল খেলার শখ হলো?
𑄢𑄪𑄛𑄴𑄚: 𑄟𑄪𑄃𑄨 𑄡𑄧𑄇𑄴𑄇𑄬 𑄇𑄬𑄣𑄌𑄴 𑄖𑄪-𑄖𑄳𑄢𑄨 𑄛𑄧𑄢𑄨𑄘𑄪𑄋𑄴 𑄥𑄬𑄇𑄴𑄇𑄬 𑄎𑄪 𑄛𑄬𑄣𑄬 𑄃𑄬𑄇𑄴𑄇 𑄃𑄬𑄇𑄴𑄇 𑄝𑄮𑄣𑄴 𑄈𑄢 𑄈𑄬𑄣𑄬𑄘𑄪𑄁।,রুপনা: আমি যখন ক্লাস ফাকি দিেছি তখন একটু সুযোগ পেলে একটুবোল খেলা খেলব
𑄈𑄬𑄣𑄘𑄬 𑄈𑄬𑄣𑄘𑄬 𑄉𑄠𑄴 𑄉𑄠𑄴 𑄃𑄃𑄮𑄌𑄴 𑄝𑄢𑄬𑄢𑄴 𑄃 𑄃𑄟𑄳𑄦 𑄃𑄨𑄇𑄴𑄇𑄪𑄣𑄮𑄢𑄴 𑄦𑄬𑄓𑄴𑄟𑄌𑄴𑄖𑄧𑄌𑄳𑄠 𑄟𑄚𑄴𑄝𑄧𑄣 𑄥𑄪𑄚𑄚𑄪 𑄥𑄧𑄁𑄇𑄧𑄢𑄴 𑄘𑄬 𑄃𑄪𑄌𑄴𑄍𑄮𑄟𑄨 𑄘𑄳𑄠।,খেলা খেলা গাে গাে আওাজ দো
"𑄃𑄢𑄧 𑄟𑄧 𑄉𑄨𑄢𑄨𑄖𑄴𑄖𑄪𑄚𑄴 𑄟𑄳𑄦 𑄃 𑄟𑄧𑄢𑄴 𑄝𑄧𑄢𑄴 𑄞𑄬𑄃𑄨𑄃𑄪𑄚𑄬 𑄃𑄬𑄎𑄣𑄴 𑄘𑄳𑄠𑄪𑄚𑄴, 𑄥𑄬𑄚𑄬 𑄃𑄬𑄌𑄳𑄠 𑄟𑄪𑄃𑄨 𑄃𑄨𑄖𑄴𑄘𑄪𑄢𑄧𑄖𑄴 𑄃𑄬𑄃𑄨 𑄛𑄌𑄴𑄌𑄪𑄋𑄴।","আমার ঘর থেকে মা আর ব ভাই বের হে আসলো,তাই এখন এই পাহাে এই পাহাি"
𑄌𑄘𑄨: 𑄝𑄮𑄣𑄴 𑄈𑄢 𑄦𑄮𑄃𑄨𑄚𑄬𑄭 𑄝𑄬𑄉𑄧𑄖𑄴𑄖𑄪𑄚𑄴 𑄝𑄬𑄌𑄴 𑄉𑄧𑄟𑄴 𑄣𑄉𑄨𑄣𑄧 𑄃𑄬𑄙𑄧𑄇𑄳𑄠𑄬 𑄃𑄬𑄇𑄴𑄈𑄚𑄴 𑄚𑄨𑄏𑄬𑄚𑄨 𑄇𑄧𑄝𑄬?,চাদি: বোলতা হওার জন্য বোর থেকে বেশি ভালো লাগলো কেন একটা নিেছো?
𑄢𑄪𑄛𑄴𑄚: 𑄟𑄪𑄃𑄨 𑄡𑄬𑄇𑄴𑄈𑄚𑄨 𑄈𑄢 𑄈𑄬𑄣𑄬𑄠𑄮𑄋𑄴 𑄝𑄬𑄉𑄧𑄖𑄴𑄖𑄪𑄚𑄴 𑄝𑄬𑄌𑄴 𑄟𑄧𑄚𑄧𑄖𑄴 𑄢𑄊𑄬𑄝𑄢𑄴 𑄃𑄨𑄙𑄮𑄖𑄴 𑄉𑄘𑄬 𑄖𑄮𑄝𑄢𑄴 𑄃𑄊𑄬 𑄥𑄳𑄦𑄉𑄧𑄖𑄨𑄇𑄴 𑄚𑄬𑄛𑄣𑄴 𑄌𑄬𑄏𑄧𑄢𑄴 𑄜𑄃𑄨𑄚𑄣𑄴 𑄈𑄬𑄣𑄠𑄚𑄴।,.রূপনা: আমি যতগুলো তাস খেলেছি ততগুলো মন দিে রাখার আছে।
"𑄇𑄨𑄖𑄴𑄖𑄬, 𑄥𑄬 𑄈𑄢𑄚𑄧𑄖𑄴 𑄏𑄨𑄘𑄨𑄚𑄬𑄃𑄨 𑄑𑄳𑄢𑄧𑄛𑄨 𑄃𑄚𑄨 𑄛𑄢𑄨𑄣𑄧𑄁।","কেন, সেই খাা গিে ট্রপি আনতে পারলাম"
𑄥𑄬 𑄘𑄧𑄟𑄢𑄬 𑄌𑄬𑄢𑄛𑄇𑄨𑄗𑄳𑄠 𑄘𑄬𑄏𑄧𑄢𑄴 𑄥𑄪𑄚𑄋𑄴 𑄍𑄨𑄘𑄨 𑄛𑄪𑄢𑄨𑄣𑄧।,সেই হুমকিতে সারা গ্রামের শুনা ছিঁা শেষ হলো
𑄥𑄬𑄚𑄧𑄖𑄳𑄠𑄃𑄨 𑄚𑄨𑄏𑄬𑄨𑄚𑄨 𑄃𑄨𑄎𑄬𑄝𑄬 𑄟𑄧 𑄃𑄨𑄙𑄪 𑄃𑄬 𑄈𑄢𑄚𑄴 𑄟𑄪𑄣𑄳𑄠𑄧 𑄝𑄬𑄌𑄴।,.সে নাকি আমার এখানে এই খোলটা শেষ করবে
𑄌𑄘𑄨: 𑄟𑄪𑄏𑄪𑄋𑄧𑄢𑄴 𑄘𑄨𑄚𑄧𑄖𑄴 𑄖𑄧𑄟 𑄃𑄪𑄘𑄴𑄘𑄬𑄥𑄳𑄠𑄧 𑄇𑄨?,চাটাই: পাহাের দিনে তোমার আগ্রহ কি?
𑄢𑄪𑄛𑄴𑄚: 𑄟𑄪𑄏𑄪𑄋𑄧𑄢𑄴 𑄘𑄨𑄚𑄪𑄚𑄴 𑄝𑄬𑄉𑄧𑄢𑄴 𑄘𑄮𑄣𑄴 𑄃𑄮𑄘𑄮𑄇𑄴।,.রূপক: সামনের দিন গুলো অনেক সুন্দর
"𑄟𑄪𑄃𑄨 𑄡𑄬𑄙𑄧𑄇𑄳𑄠𑄬 𑄈𑄢 𑄛𑄢𑄨𑄚𑄬𑄃𑄨 𑄘𑄬𑄏𑄧𑄢𑄴 𑄃 𑄎𑄘𑄧𑄢𑄬 𑄈𑄪𑄎𑄨 𑄉𑄪𑄢𑄨 𑄛𑄌𑄴𑄍𑄮𑄣𑄴, 𑄟𑄪𑄏𑄪𑄋𑄬𑄘𑄨 𑄘𑄨𑄚𑄪𑄚𑄮𑄖𑄴 𑄟𑄧 𑄉𑄪𑄢𑄧 𑄞𑄬𑄃𑄨-𑄞𑄮𑄚𑄪𑄚𑄴 𑄟𑄧𑄖𑄴𑄪𑄚𑄴 𑄝𑄬𑄌𑄴 𑄉𑄧𑄟𑄴 𑄈𑄢 𑄘𑄬𑄊𑄬𑄚𑄬𑄃𑄨 𑄘𑄬𑄏𑄧𑄢𑄬 𑄃 𑄎𑄘𑄧𑄢𑄬 𑄥𑄪𑄚𑄋𑄴 𑄢𑄊𑄬 𑄘𑄨 𑄛𑄢𑄧𑄚𑄴 𑄛𑄢 𑄃𑄬 𑄃𑄏𑄃𑄚𑄴 𑄢𑄊𑄋𑄴।","আমি যতগুলো খেলা পারি দেখতেছি, পাহাের দিকে আমার ভাই-বোনগুলো অনেক ভালো করে খেলতে পারে এই কথাগুলো মনে হ"
"𑄌𑄘𑄨: 𑄌𑄋𑄴𑄟 𑄎𑄖𑄴𑄖𑄮𑄢𑄬 𑄖𑄪𑄟𑄨 𑄘𑄮𑄣𑄴 𑄃𑄬𑄇𑄴𑄈𑄚𑄴 𑄎𑄉𑄖𑄴 𑄣𑄪𑄟𑄬 𑄘𑄨𑄣, 𑄃𑄬 𑄎𑄘𑄧𑄖𑄳𑄠𑄃𑄨 𑄇𑄨 𑄉𑄧𑄢𑄨𑄝𑄢𑄴 𑄃𑄃𑄮𑄌𑄴 𑄃𑄊𑄬?","চাদি: চাকমাদেরকে তুমি সুন্দর একটা জাগা রেখেছো, এই জাগা কি কষ্ট আছে?"
"𑄢𑄪𑄛𑄴𑄚: 𑄡𑄬𑄙𑄧𑄇𑄳𑄠𑄬 𑄉𑄧𑄢𑄨𑄚𑄬𑄃𑄨 𑄟𑄪𑄃𑄨 𑄃 𑄢𑄨𑄖𑄪𑄛𑄪𑄢𑄴𑄕, 𑄟𑄧𑄚𑄨𑄌, 𑄃𑄧𑄚𑄪𑄌𑄨𑄁 𑄃 𑄃𑄚𑄃𑄨 𑄟𑄧𑄉𑄧𑄚𑄨 𑄥𑄪𑄟𑄪𑄖𑄴𑄖𑄧 𑄈𑄢 𑄘𑄬𑄊𑄬𑄃𑄨 𑄛𑄌𑄴𑄍𑄬𑄃𑄨, 𑄟𑄪𑄏𑄪𑄋𑄬 𑄘𑄨𑄚𑄪𑄚𑄴 𑄃𑄨𑄖𑄴𑄪𑄚𑄴 𑄝𑄬𑄌𑄴 𑄘𑄮𑄣𑄴 𑄘𑄮𑄣𑄴 𑄈𑄢 𑄘𑄬𑄊𑄬𑄝𑄧𑄁।",".রূপনা: যতগুলো করে আমি স্বর্ণকেশী,মানিশা, অনুচিে আসা মেেদের সাথে খেলা দেখবো,সামনের দিনগুলো সুন্দর করে দেখবো"
𑄟𑄪𑄏𑄪𑄋𑄬𑄘𑄨 𑄃𑄢𑄧 𑄃𑄬𑄇𑄴𑄇𑄮 𑄇𑄛𑄴 𑄃𑄚𑄨𑄝𑄧𑄁 𑄃𑄬 𑄃𑄏𑄠𑄚𑄴 𑄃𑄊𑄬।,পাহাে আরেকটা কাপ আনবে এই ইচ্ছাটা আছে
𑄃 𑄡𑄪𑄚𑄨 𑄟𑄪𑄏𑄪𑄋𑄬𑄘𑄨 𑄃𑄬𑄇𑄴𑄇𑄱 𑄑𑄳𑄢𑄧𑄛𑄨 𑄃𑄚𑄨 𑄛𑄢𑄨𑄃𑄨 𑄘𑄬𑄏𑄧𑄢𑄴 𑄥𑄪𑄚𑄋𑄧𑄢𑄴 𑄣𑄧𑄉𑄬 𑄣𑄧𑄉𑄬 𑄃𑄟𑄳𑄦 𑄟𑄪𑄢𑄪𑄣𑄳𑄠 𑄌𑄉𑄣𑄢𑄴 𑄎𑄪𑄟𑄴𑄟𑄧 𑄎𑄖𑄴𑄖𑄮𑄠𑄳𑄠𑄧 𑄡𑄬𑄚𑄴 𑄘𑄬𑄏𑄬 𑄝𑄨𑄘𑄬𑄏𑄬 𑄘𑄧𑄢𑄧𑄟𑄧𑄢𑄧 𑄦𑄧𑄃𑄨𑄚𑄬 𑄃𑄪𑄎𑄪 𑄉𑄧𑄢𑄨 𑄗𑄨𑄠𑄳𑄠 𑄗𑄬𑄃𑄨 𑄛𑄢𑄧𑄚𑄴।,.অন্যরা সামনে একটা ট্র্যাক নিে আসার সম আমাদের পাহাের পাশে একটা ট্র্যাক নিে আসছে বলে মনে হ
𑄃𑄬 𑄃𑄃𑄮𑄌𑄴𑄃𑄚𑄴 𑄟𑄧 𑄟𑄧𑄚𑄧 𑄞𑄨𑄘𑄨𑄢𑄬 𑄢𑄊𑄬𑄠𑄮𑄋𑄴।,এই আওাজটা আমার মনে পেছে
"𑄌𑄘𑄨: 𑄌𑄋𑄴𑄟𑄃𑄪𑄚𑄬 𑄘𑄋𑄧𑄢𑄴 𑄃𑄬𑄇𑄴𑄇𑄱 𑄎𑄖𑄴, 𑄖𑄢𑄢𑄴 𑄃𑄮𑄇𑄴𑄇𑄮𑄢𑄴, 𑄞𑄌𑄴, 𑄥𑄦𑄨𑄖𑄳𑄠𑄧 𑄥𑄧𑄁𑄥𑄴𑄇𑄳𑄢𑄨𑄖𑄨 𑄃𑄊𑄬, 𑄃𑄬𑄇𑄴 𑄃𑄧𑄇𑄴𑄖𑄧𑄖𑄴 𑄘𑄬𑄌𑄴 𑄃𑄬𑄣𑄧 𑄃𑄨𑄇𑄴𑄇𑄬 𑄛𑄧𑄢𑄙𑄨𑄚𑄴, 𑄃𑄬 𑄛𑄮𑄃𑄨𑄘𑄳𑄠𑄚𑄬 𑄖𑄪𑄃𑄨 𑄇𑄨 𑄇𑄧𑄝𑄬?","চাদি: চাকমারা ব একটা জাতি,তারা একদল, ভাত, সহা সংগঠন আছে, এক সমে দেশ এসেছে আজকে,এই পৃথিবীতে তুমি কি হবে?"
"𑄢𑄪𑄛𑄧𑄚: 𑄌𑄋𑄴𑄟 𑄃𑄬𑄇𑄴𑄇𑄱 𑄘𑄋𑄧𑄢𑄴 𑄎𑄖𑄴 𑄃𑄨𑄎𑄬𑄝𑄬 𑄡𑄬𑄟𑄬𑄚𑄴 𑄃𑄮𑄇𑄴𑄇𑄮𑄢𑄴, 𑄞𑄌𑄴 𑄃 𑄢𑄨𑄘𑄨𑄥𑄪𑄙𑄮𑄟𑄴 𑄃𑄊𑄬 𑄃𑄬 𑄛𑄮𑄃𑄨𑄘𑄳𑄠𑄚𑄬 𑄟𑄪𑄢𑄴 𑄇𑄪𑄎𑄮𑄣𑄨 𑄝𑄬𑄇𑄴𑄇𑄪𑄚𑄬 𑄎𑄧𑄙 𑄦𑄮𑄚𑄬𑄃𑄨 𑄢𑄨𑄘𑄨𑄥𑄪𑄙𑄮𑄟𑄚𑄨 𑄘𑄧𑄢𑄧𑄟𑄧𑄢𑄧 𑄉𑄪𑄢𑄨 𑄙𑄪𑄢𑄨 𑄢𑄊𑄚 𑄉𑄧𑄢𑄧𑄌𑄴 𑄃𑄊𑄬।",".রূপনা: চাকমারা এক জাতী জাত আছে, ভাত আছে এই চাকমাদের মধ্যে"
𑄃𑄟𑄨 𑄥𑄨𑄠𑄚𑄨𑄢𑄬 𑄡𑄪𑄚𑄨 𑄙𑄪𑄢𑄨 𑄢𑄊𑄬 𑄛𑄢𑄨𑄃𑄨 𑄈𑄟𑄇𑄴𑄇𑄠𑄴 𑄃𑄬𑄇𑄴𑄘𑄨𑄚𑄴 𑄥𑄪𑄇𑄴 𑄜𑄨𑄢𑄨 𑄛𑄬𑄝𑄧𑄁 𑄃𑄬 𑄃𑄏𑄠𑄚𑄴 𑄟𑄧 𑄟𑄧𑄚𑄧𑄖𑄴 𑄃𑄊𑄬।,"আমরা তাদের সাথে সাথে থাকতে পারতাম না, একদিন এই আশাটা আমার মনে থাকবে"
𑄌𑄘𑄨: 𑄦𑄨𑄣𑄴 𑄌𑄘𑄨𑄉𑄋𑄴 𑄚𑄨𑄚𑄬𑄃𑄨 𑄖𑄧𑄢𑄴 𑄇𑄨 𑄥𑄧𑄝𑄧𑄚𑄴 𑄃𑄊𑄬?,চাদি: হিল চাদিগাে তোমার কি শখ আছে?
𑄢𑄪𑄛𑄴𑄚: 𑄦𑄨𑄣𑄧𑄢𑄴 𑄞𑄨𑄘𑄨𑄎𑄳𑄠 𑄟𑄪𑄢𑄪𑄣𑄳𑄠 𑄎𑄪𑄟𑄴𑄟𑄧𑄃𑄪𑄚𑄴 𑄃𑄬𑄇𑄴𑄘𑄨𑄚𑄴 𑄎𑄧𑄙 𑄘𑄬𑄊𑄬𑄝𑄇𑄴।,. রূপনা: হিলের মাথা দিে জুম্মরা একদিন যুদ্ধ করবে
"𑄥𑄨𑄇𑄴𑄈 𑄘𑄨𑄇𑄴𑄈𑄠𑄴 𑄃𑄪𑄎𑄬 𑄡𑄬𑄝𑄇𑄴, 𑄎𑄧𑄙𑄝𑄧𑄣𑄬 𑄥𑄧𑄁𑄉𑄧𑄢𑄨 𑄣𑄟𑄨𑄝𑄇𑄴।",".সেটা দেখার পর উঠে যাবে,অন্যদের সাথে মিশে যাবে"
"𑄃𑄟𑄳𑄦 𑄃𑄬 𑄦𑄨𑄣𑄴 𑄌𑄘𑄨𑄉𑄋𑄚𑄧𑄖𑄴 𑄃𑄬𑄇𑄴𑄘𑄨𑄚𑄴 𑄜𑄉𑄮𑄚𑄧 𑄦𑄞 𑄜𑄨𑄢𑄨𑄝𑄧, 𑄥𑄪𑄉𑄮𑄢𑄴 𑄝𑄮𑄃𑄨𑄠𑄬𑄢𑄴 𑄝𑄬𑄃𑄨 𑄡𑄬𑄝𑄧 𑄃𑄬𑄙𑄧𑄇𑄳𑄠𑄬 𑄘𑄮𑄣𑄴 𑄃𑄏 𑄟𑄧 𑄟𑄧𑄚𑄧𑄖𑄴 𑄃𑄧𑄚𑄴𑄥𑄪𑄢𑄴 𑄖𑄪𑄝𑄮𑄣𑄴 𑄈𑄬𑄣𑄬।","আমাদের এই হিল বাগানে একদিন ফাকি দিবে, শুকরের বই বেে যাবে এত সুন্দর আছে আমার মনে"
𑄌𑄘𑄨: 𑄝𑄬𑄉𑄧𑄢𑄴 𑄃𑄪𑄘𑄨𑄎𑄬 𑄇𑄨𑄏𑄪 𑄇𑄮𑄃𑄨 𑄡𑄬𑄝𑄬?,চাদি: বেগ উঠে কি বলা যাবে?
𑄢𑄪𑄛𑄧𑄚: 𑄃𑄟𑄢𑄴 𑄟𑄪𑄢𑄪𑄣𑄳𑄠 𑄌𑄉𑄣𑄢𑄴 𑄝𑄬𑄇𑄴 𑄎𑄪𑄟𑄴𑄟𑄧𑄃𑄪𑄚𑄧𑄢𑄬 𑄟𑄧 𑄟𑄧𑄚𑄧 𑄢𑄨𑄝𑄬𑄋𑄧𑄖𑄴𑄪𑄚𑄴 𑄌𑄨𑄖𑄴 𑄘𑄨𑄊𑄮𑄣𑄴 𑄞𑄣𑄬𑄘𑄨 𑄃 𑄇𑄮𑄌𑄴𑄛𑄚 𑄎𑄚𑄋𑄧𑄢𑄴 𑄃 𑄝𑄬𑄉𑄧𑄢𑄴 𑄃𑄪𑄘𑄨𑄎𑄬 𑄃𑄬𑄇𑄴 𑄎𑄧𑄙 𑄃𑄧𑄃𑄨 𑄗𑄬𑄝𑄢𑄴 𑄇𑄪𑄎𑄮𑄣𑄨 𑄗𑄬𑄣𑄧।,.রূপনা: আমার পাহাের চূা সব জুাগুলো আমার মনে পে যাচ্ছে আর মনে পতেছে যে থাকার ইচ্ছা আছে
𑄌𑄘𑄨: 𑄃𑄬𑄙𑄧𑄇𑄴𑄇𑄧𑄚𑄴 𑄥𑄧𑄁 𑄖𑄧𑄟𑄢𑄴 𑄥𑄖𑄴𑄇𑄟𑄴 𑄜𑄬𑄣𑄬𑄃𑄨 𑄥𑄧𑄟𑄧𑄠𑄴 𑄘𑄬𑄚𑄢𑄴 𑄖𑄧𑄟𑄢𑄬 𑄛𑄖𑄴𑄖𑄪𑄢𑄪𑄖𑄪𑄢𑄪।,চাদি: এত ব তোমার সাতকা ফেলে সমে দো
𑄢𑄪𑄛𑄴𑄚: 𑄖𑄧𑄟𑄢𑄬𑄃𑄮 𑄛𑄖𑄴𑄖𑄪𑄢𑄪𑄖𑄪𑄢𑄪 𑄃 𑄏𑄪 𑄏𑄪।,রূপনা: তোমাকেও প্রজাপতির মতো দেখতেছি
𑄘𑄧𑄢𑄧𑄖𑄴𑄪𑄚𑄴 𑄃 𑄣𑄎𑄧𑄖𑄴𑄪𑄚𑄴 𑄌𑄋𑄴𑄟 𑄣𑄬𑄊 𑄥𑄨𑄉𑄚,ভের জন্য আর লজ্জা থেকে চামা পা
"𑄥𑄪𑄚𑄚𑄪 𑄥𑄪𑄌𑄴𑄟𑄨𑄖 𑄌𑄋𑄴𑄟, 𑄌𑄧𑄖𑄴𑄧𑄉𑄳𑄢𑄟𑄴 𑄝𑄨𑄌𑄴𑄥𑄧𑄝𑄨𑄘𑄳𑄠𑄣𑄧𑄠𑄴 (𑄛𑄣𑄨 𑄖𑄨𑄚𑄴 𑄝𑄧𑄏𑄧𑄎𑄳𑄠 𑄛𑄧𑄢𑄴𑄝𑄱)।","সুঁচালো চাংমাহ্, চূা তিন বছরের পর্ব"
𑄘𑄧𑄁𑄉 𑄛𑄨𑄢𑄳𑄦𑄬 𑄇𑄧𑄢𑄮𑄚𑄖𑄳𑄠𑄃𑄨 𑄊𑄧𑄢𑄧𑄖𑄴 𑄃𑄬𑄣𑄬 𑄌𑄋𑄴𑄟 𑄣𑄬𑄉 𑄥𑄨𑄊𑄨𑄝𑄢𑄴 𑄎𑄪 𑄦𑄧𑄠𑄴।,ভূমিধসে আক্রান্ত বািতে এলে চামা লেগে যা
𑄖𑄬 𑄉𑄬𑄣𑄴𑄬 𑄃𑄧𑄇𑄴𑄒𑄮𑄝𑄧𑄢𑄴 𑄟𑄏𑄧𑄖𑄴 𑄌𑄋𑄴𑄟 𑄥𑄦𑄨𑄖𑄳𑄠𑄧 𑄝𑄳𑄦 𑄝𑄊𑄃𑄨𑄍𑄧𑄢𑄳𑄦𑄨 𑄃𑄪𑄛𑄧𑄎𑄬𑄣 𑄙𑄬𑄣 𑄃𑄪𑄘𑄴𑄮𑄉𑄬 𑄃𑄪𑄉𑄧𑄣𑄴𑄍𑄧𑄢𑄳𑄦𑄨 𑄚𑄧𑄝𑄧𑄎𑄮𑄖𑄨 𑄟𑄧𑄚𑄮𑄢𑄧𑄟𑄴 𑄝𑄮𑄘𑄴𑄙𑄮 𑄝𑄨𑄦𑄢𑄧𑄖𑄴 {𑄥𑄨𑄎𑄧𑄇𑄴 𑄝𑄧𑄑𑄴𑄖𑄧𑄣} 𑄌𑄋𑄴𑄟 𑄣𑄬𑄊 𑄥𑄢𑄴𑄑𑄨𑄜𑄨𑄇𑄬𑄑𑄴 𑄇𑄮𑄢𑄴𑄥𑄴 𑄜𑄁 𑄉𑄧𑄢𑄳𑄦 𑄦𑄧𑄣𑄬 𑄥𑄪𑄚𑄚𑄪 𑄥𑄪𑄌𑄴𑄟𑄨𑄖 𑄌𑄋𑄴𑄟𑄢𑄬𑄠𑄳𑄠𑄧 𑄌𑄋𑄴𑄟 𑄣𑄬𑄊 𑄥𑄨𑄊𑄨𑄝𑄢𑄴 𑄎𑄪 𑄛𑄨𑄠𑄳𑄠 ।,"সে অনেক ব নদীর তীরে চাংমাির পাশ দিে হেঁটে যাচ্ছে,চাংমাের পাশ দিে হেঁটে যাচ্ছে"
𑄃𑄬𑄘𑄧𑄇𑄴 𑄞𑄨𑄣𑄮𑄚𑄴 𑄝𑄚 𑄍𑄧𑄱𑄖𑄴𑄜𑄮𑄘𑄬 𑄍𑄧𑄱𑄖𑄴𑄜𑄮𑄘𑄬 𑄃𑄬𑄣𑄧 𑄌𑄋𑄴𑄟 𑄣𑄬𑄊 𑄥𑄨𑄊𑄨𑄝𑄢𑄴।,এত ভে ভে একটা চামা পা যা
"𑄟𑄖𑄴𑄖𑄧𑄢𑄴, 𑄎𑄪 𑄚𑄧 𑄛𑄚𑄢𑄴 𑄥𑄨𑄊𑄚 𑄚𑄧 𑄦𑄧𑄠𑄴।","মাটি, জুে পাওা যা না"
"𑄖𑄬 𑄇𑄧𑄣𑄧 -𑄟𑄪𑄃𑄨 𑄈𑄧𑄝𑄧𑄢𑄴 𑄛𑄁, 𑄃𑄟𑄨 𑄝𑄢𑄴𑄝𑄋𑄚𑄬 𑄟-𑄞𑄌𑄴𑄍𑄮𑄃𑄨 𑄣𑄬𑄊 𑄥𑄨𑄊𑄨𑄝𑄢𑄴 𑄎𑄪 𑄛𑄚𑄢𑄴 𑄛𑄧𑄢𑄴𑄠𑄳𑄠𑄧 𑄃 𑄚𑄬𑄖𑄘𑄊𑄨 𑄃𑄧𑄣𑄨𑄛𑄴 𑄉𑄧𑄢𑄚𑄢𑄴 𑄃𑄬𑄌𑄳𑄠𑄬 𑄌𑄋𑄴𑄟 𑄎𑄖𑄴𑄮 𑄣𑄳𑄦𑄬𑄟𑄴 𑄛𑄧𑄢𑄨 𑄃𑄊𑄨 ।","সে কল দিে খবর পা,আমি কল দিে খবর পে আসি,আমাদের দলে যোগ দিে আসলাম"
"𑄦𑄎𑄨 𑄡𑄢𑄴 𑄟-𑄞𑄌𑄴, 𑄃𑄣𑄳𑄠𑄇𑄴 𑄃 𑄢𑄨𑄘𑄨𑄥𑄪𑄙𑄮𑄟𑄚𑄨।","হাসিখুশি যার মা-বাবা,আবোল তাবোল কথা বলে"
"𑄡𑄬𑄚𑄴 𑄇𑄮𑄃𑄨 𑄛𑄢𑄨 𑄷𑄾𑄼𑄶 𑄥𑄣𑄧𑄖𑄴 𑄝𑄳𑄢𑄨𑄑𑄨𑄎𑄬 𑄛𑄢𑄴𑄝𑄧𑄖𑄳𑄠𑄧 𑄌𑄧𑄑𑄳𑄢𑄧𑄉𑄳𑄢𑄟𑄴 𑄘𑄧𑄋𑄧𑄣𑄬 𑄚𑄬𑄡𑄚 𑄥𑄧𑄟𑄢𑄬 𑄌𑄋𑄴𑄟, 𑄟𑄢𑄴𑄟 𑄞𑄌𑄴𑄮𑄃𑄨 𑄣𑄬𑄊 𑄥𑄨𑄊𑄨𑄝𑄢𑄴 𑄎𑄪 𑄉𑄧𑄢𑄳𑄦𑄨 𑄘𑄨𑄠𑄳𑄠।",". যেন বলতে পারতেছি, চট্রগ্রামে নিে যাওার সম চামা করার সুযোগ করে দে"
𑄃𑄬𑄢𑄴 𑄛𑄧𑄢𑄴 𑄷𑄿𑄹𑄽-𑄹𑄾 𑄥𑄣𑄧𑄖𑄴𑄠𑄳𑄠𑄧 𑄎𑄪 𑄉𑄧𑄢𑄨 𑄘𑄨𑄠𑄳𑄠।,.তার পর ১৯৩৭-৩৮ সালে জুে দো
𑄥𑄧𑄇𑄳𑄠𑄬 𑄥𑄪𑄚𑄚𑄪 𑄇𑄟𑄨𑄚𑄨 𑄟𑄮𑄦𑄧𑄚𑄴 𑄘𑄬𑄝𑄚𑄴𑄘𑄊𑄨 𑄥𑄨𑄠𑄚𑄴 𑄉𑄪𑄎𑄨 𑄚𑄧 𑄣𑄧𑄚𑄢𑄴 𑄟-𑄞𑄌𑄴𑄍𑄮𑄃𑄨 𑄣𑄬𑄊 𑄥𑄨𑄊𑄚 𑄃𑄢𑄴 𑄚𑄧 𑄦𑄧𑄠𑄴।,.সকালে যে কাজগুলো সুন্দর করে নিে আসে সেগুলো আর করা হ না
𑄖𑄢𑄴 𑄛𑄧𑄢𑄴 𑄷𑄿𑄹𑄿 𑄥𑄣𑄧𑄖𑄴 𑄃𑄨𑄚𑄴𑄘𑄪𑄥𑄴𑄖𑄚𑄴- 𑄛𑄇𑄨𑄥𑄴𑄖𑄚𑄴 𑄞𑄇𑄴 𑄦𑄧𑄣𑄬 𑄛𑄢𑄴𑄝𑄧𑄖𑄳𑄠𑄧 𑄌𑄧𑄑𑄳𑄢𑄧𑄉𑄳𑄢𑄟𑄴 𑄛𑄇𑄨𑄥𑄴𑄖𑄚𑄧𑄢𑄴 𑄞𑄉𑄬 𑄛𑄧𑄢𑄨𑄣𑄬 𑄛𑄇𑄨𑄥𑄴𑄖𑄚𑄴 𑄥𑄧𑄢𑄴𑄇𑄢𑄴𑄥𑄳𑄠 𑄃𑄟𑄢𑄬 𑄌𑄋𑄴𑄟 𑄣𑄬𑄊 𑄥𑄨𑄊𑄨𑄝𑄢𑄴 𑄎𑄪 𑄉𑄧𑄢𑄨 𑄘𑄨𑄣𑄧 𑄷𑄿𑄻𑄿 𑄥𑄣𑄧𑄖𑄴।,তার পর ১৯৩৯ সালে পাকিস্তান- পাকিস্তান ভাগ হলে পাকিস্তান সার্সরা আমাকে চামা দিে দিে দিল
𑄥𑄧𑄇𑄳𑄠 𑄘𑄬𑄝𑄚𑄴𑄘𑄊𑄨 𑄚𑄧 𑄌𑄚𑄢𑄴 𑄃𑄟𑄨 𑄝𑄢𑄴𑄝𑄋𑄚𑄬 𑄟 𑄞𑄌𑄴𑄍𑄮𑄃𑄨 𑄣𑄬𑄊 𑄥𑄨𑄉𑄚 𑄣𑄳𑄦𑄬𑄟𑄴 𑄛𑄧𑄢𑄨𑄢𑄴।,.সবসম আকাশ দেখতে না চাইলেও আমরা সবসম মাের ছবি লিখতে বসবো
𑄷𑄿𑄿𑄽 𑄥𑄣𑄧𑄖𑄴 𑄛𑄢𑄴𑄝𑄧𑄖𑄳𑄠 𑄌𑄪𑄇𑄴𑄖𑄨 𑄦𑄧𑄠𑄴।,.১৯৯৭ সালে পার হওা চুক্তি হ
𑄛𑄢𑄴𑄝𑄧𑄖𑄳𑄠𑄧 𑄌𑄧𑄑𑄳𑄢𑄧𑄉𑄳𑄢𑄟𑄴 𑄌𑄪𑄇𑄴𑄖𑄨𑄖𑄴 𑄹𑄹 𑄚𑄧𑄁 𑄙𑄢𑄖𑄴 {𑄝𑄨} 𑄃𑄧𑄚𑄪𑄍𑄬𑄘𑄧𑄖𑄴 𑄛𑄢𑄴𑄝𑄧𑄖𑄳𑄠𑄧 𑄌𑄉𑄣𑄖𑄴 𑄟-𑄞𑄌𑄴𑄍𑄮𑄃𑄨 𑄣𑄬𑄊 𑄥𑄨𑄊𑄨𑄝𑄢𑄴 𑄛𑄮𑄖𑄴𑄛𑄮𑄖𑄳𑄠 𑄉𑄧𑄢𑄨 𑄣𑄬𑄊 𑄗𑄚𑄢𑄴 𑄛𑄧𑄢𑄬𑄠𑄳𑄠𑄧 𑄸𑄶𑄷𑄽 𑄥𑄣𑄧𑄖𑄴 𑄃𑄬𑄚𑄬𑄃𑄨 𑄛𑄳𑄢𑄇𑄴 𑄛𑄳𑄢𑄗𑄧𑄟𑄨𑄇𑄧𑄖𑄴 𑄝𑄧𑄃𑄨 𑄛𑄬𑄚𑄬𑄃𑄨 𑄇𑄧𑄚𑄧 𑄜𑄧𑄣𑄴 𑄚𑄬𑄃𑄨।,".পাহাে যেতে পারতেছি না,চাগাে পাহাে বই পতে হ।"
𑄟𑄌𑄴𑄖𑄧𑄃𑄪𑄚𑄴,মাচান
𑄡𑄬𑄟𑄬𑄚𑄴 𑄛𑄧𑄢𑄳𑄦𑄬𑄝𑄢𑄴 𑄉𑄧𑄢𑄧𑄌𑄴 𑄟𑄧𑄚𑄬 𑄚𑄧 𑄉𑄧𑄢𑄧𑄚𑄴 𑄖𑄬𑄟𑄬𑄚𑄴 𑄥𑄧𑄢𑄴𑄇𑄢𑄧𑄢𑄴 𑄇𑄧𑄚𑄧 𑄇𑄢𑄨𑄇𑄧𑄣𑄟𑄴 𑄚𑄬𑄭 𑄟 𑄞𑄏𑄧𑄢𑄴 𑄛𑄮𑄭𑄘𑄳𑄠𑄚𑄬।,যেরকম মনে হ সেরকম মনে হ না এমন করে মা ভাতে কোনো তরকারি নেই
𑄃 𑄝𑄬𑄉𑄧𑄖𑄴𑄪𑄚𑄴 𑄝𑄬𑄌𑄴 𑄘𑄋𑄧𑄢𑄴 𑄇𑄧𑄙 𑄦𑄧𑄣𑄧𑄘𑄬- 𑄟𑄧𑄢𑄴 𑄢𑄪𑄟𑄴𑄟𑄬𑄖𑄴 𑄥𑄦𑄨𑄚 𑄃𑄬𑄇𑄴𑄘𑄨𑄚𑄴 𑄟𑄧𑄖𑄴𑄪𑄚𑄴 𑄛𑄪𑄎𑄮𑄢𑄴 𑄉𑄧𑄢𑄬𑄢𑄴 𑄃𑄬𑄇𑄴𑄱 𑄌𑄋𑄴𑄟 𑄎𑄖𑄴 𑄃𑄨𑄎𑄬𑄝𑄬 𑄃𑄟𑄢𑄴 𑄃𑄮𑄇𑄴𑄮𑄢𑄴 𑄃𑄊𑄧𑄚𑄴𑄚𑄨 𑄚𑄬𑄭?,.এই পৃথিবী থেকে সবচেে ব কথা হলো-আমার রুম থেকে একদিন পূজা করার জন্য একটা চাংমা জাতি আসবে।
𑄟𑄧𑄢𑄴 𑄟𑄧𑄚𑄧𑄖𑄴 𑄥𑄧𑄇𑄳𑄠 𑄘𑄧𑄢𑄴 𑄥𑄧𑄟𑄳𑄠 𑄇𑄧𑄚𑄧 𑄣𑄬𑄊 𑄝𑄎𑄬 𑄘𑄬 𑄚𑄨𑄚।,আমার মনে সব ভের সম একটা লেখা বেজে দে
"𑄟𑄖𑄴𑄧𑄢𑄴, 𑄟𑄪𑄭 𑄃𑄊𑄧𑄚𑄴 𑄇𑄧𑄚 𑄥𑄧𑄟𑄢𑄬 𑄥𑄧𑄟𑄢𑄬 𑄃𑄢𑄴 𑄇𑄨𑄌𑄴𑄪 𑄛𑄪𑄎𑄮𑄢𑄴 𑄚𑄧 𑄉𑄧𑄢𑄨𑄣𑄧।",".বাবা,আমি আর কান্না করিও না"
𑄟𑄪𑄭 𑄝𑄎𑄨 𑄉𑄬𑄣𑄪𑄁 𑄘𑄧𑄢𑄴 𑄃 𑄣𑄎𑄧𑄖𑄴𑄪𑄚𑄴।,আমি ভ পেলাম না এই লজ্জা থেকে
𑄖𑄪𑄃𑄧 𑄘𑄧𑄢𑄴 𑄗𑄠𑄴 𑄝𑄋𑄣𑄴 𑄥𑄧𑄟𑄎𑄳𑄠𑄣𑄮𑄭 𑄇𑄧𑄙 𑄇𑄧𑄣𑄬।,তুমি ভ পাওা মানুষদের সাথে কথা বলে
𑄇𑄧𑄚𑄧 𑄃 𑄃𑄧𑄏𑄛𑄘𑄧𑄢𑄴 𑄛𑄮𑄭𑄘𑄳𑄠𑄚𑄬 𑄇𑄨𑄏𑄪 𑄛𑄪𑄎𑄮𑄢𑄴 𑄉𑄧𑄢𑄧𑄚𑄴 𑄚𑄨𑄚।,কোন সম পার সমে কি পূজা করা হ
𑄃𑄬 𑄘𑄧𑄢𑄧𑄖𑄴𑄪𑄚𑄴 𑄃 𑄣𑄎𑄧𑄖𑄴𑄪𑄚𑄴 𑄟𑄧𑄢𑄴𑄠𑄳𑄠𑄧 𑄌𑄋𑄴𑄟 𑄣𑄬𑄊 𑄥𑄨𑄊𑄚।,এই ভ থেকে আমার লজ্জা থেকে বের হে যাওা
"𑄃𑄟𑄖𑄴𑄪𑄚 𑄴𑄈𑄟𑄇𑄴𑄇𑄃𑄨 𑄈𑄟𑄇𑄴𑄇𑄃𑄨 𑄌𑄋𑄴𑄟 𑄞𑄌𑄴, 𑄃𑄧𑄏𑄛𑄖𑄴 𑄥𑄨𑄉𑄚 𑄘𑄧𑄢𑄴𑄉𑄢𑄴-","আমাদের অবশ্যই চাকমা ভাত,অপুে সিগানো শক্ত"
"𑄥𑄪𑄚𑄚𑄪 𑄟𑄨𑄒𑄪𑄚𑄴 𑄌𑄋𑄴𑄟, 𑄗𑄨𑄠𑄬𑄑𑄢𑄴 𑄃𑄬𑄚𑄴𑄘𑄴𑄛𑄢𑄴𑄜𑄧𑄢𑄴𑄟𑄬𑄚𑄴𑄥𑄴,",".শুনানো মিঠুন চামা,থইটা এত ব"
𑄎𑄖𑄨𑄠𑄧 𑄇𑄧𑄝𑄨 𑄇𑄎𑄨𑄚𑄧𑄎𑄧𑄢𑄪𑄣𑄴 𑄃𑄨𑄥𑄴𑄣𑄟𑄴 𑄝𑄨𑄥𑄴𑄧𑄝𑄨𑄘𑄳𑄠𑄣𑄧𑄠𑄴,জাতি কবি কেকদিন সমে ভ্রমণ করছে
𑄟𑄧 𑄚𑄟𑄚𑄴 𑄟𑄨𑄒𑄪𑄚𑄴 𑄌𑄇𑄴𑄟।,আমার নাম মিছরি চাকমা
𑄟𑄪𑄭 𑄎𑄖𑄨𑄠𑄧 𑄇𑄧𑄝𑄨 𑄇𑄎𑄨𑄚𑄧𑄎𑄧𑄢𑄪𑄣𑄴 𑄃𑄨𑄥𑄴𑄣𑄟𑄧𑄖𑄴 𑄗𑄨𑄠𑄬𑄑𑄢𑄴 𑄃𑄬𑄚𑄴𑄘𑄴𑄛𑄢𑄴𑄜𑄧𑄢𑄴𑄟𑄬𑄚𑄴𑄥𑄴 𑄃𑄬𑄥𑄴𑄑𑄘𑄨𑄎𑄴 𑄝𑄨𑄞𑄉𑄧𑄖𑄴 𑄛𑄧𑄢𑄧𑄋𑄧𑄢𑄴।,আমি জাতী কবি কাজিনের সমে বসে আছি
"𑄸𑄶𑄸𑄶 𑄥𑄣𑄧𑄖𑄴 𑄃𑄧𑄇𑄴𑄑𑄮𑄝𑄧𑄢𑄴 𑄟𑄏𑄧𑄖𑄴 ""𑄌𑄋𑄴𑄟 𑄥𑄦𑄨𑄖𑄳𑄠𑄧 𑄝𑄳𑄦"" 𑄛𑄚𑄴𑄍𑄧𑄢𑄨 𑄙𑄬𑄣 𑄖𑄧𑄛𑄴𑄬𑄖𑄴𑄪𑄚𑄴 𑄥𑄚𑄴𑄖𑄨𑄛𑄪𑄢𑄴 𑄥𑄧𑄢𑄴𑄇𑄢𑄨 𑄛𑄳𑄢𑄭𑄟𑄢𑄨𑄃𑄨𑄇𑄴𑄪𑄣𑄮𑄖𑄴 𑄌𑄋𑄴𑄟 𑄣𑄬𑄊 𑄥𑄢𑄴𑄑𑄨𑄜𑄨𑄇𑄬𑄗𑄴 𑄇𑄮𑄢𑄴𑄥𑄴 𑄎𑄪𑄉𑄧𑄣𑄴 𑄉𑄧𑄢𑄴𑄣𑄬 𑄟𑄧𑄢𑄴𑄠𑄳𑄠𑄧 𑄥𑄬 𑄇𑄮𑄢𑄴𑄥𑄧𑄖𑄴 𑄌𑄋𑄴𑄟 𑄣𑄬𑄊 𑄥𑄨𑄉𑄨𑄝𑄢𑄴 𑄎𑄪 𑄦𑄧𑄠𑄴।",".২০২০ সালে অক্টোবর মাসে, চামা শাকের চারা দিে স্যাঁতসেঁতে মাঠে চামা করার সমে চামা করার সমে চামা লেখা হ"
𑄃𑄨𑄇𑄴𑄬 𑄟𑄪𑄭 𑄌𑄋𑄴𑄟 𑄣𑄬𑄊 𑄣𑄬𑄉𑄨 𑄛𑄧𑄢𑄨𑄛𑄢𑄧𑄋𑄴।,এখন আমি চামা লেলিে পতেছি
𑄥𑄨𑄖𑄳𑄠𑄃𑄨 𑄟𑄪𑄃𑄨 𑄌𑄋𑄴𑄟 𑄥𑄦𑄨𑄖𑄳𑄠𑄧𑄝𑄳𑄦𑄢𑄬 𑄏𑄪 𑄏𑄪 𑄃 𑄛𑄖𑄴𑄪𑄢𑄪𑄖𑄪𑄢𑄪 𑄚𑄧 𑄚𑄧𑄎𑄚𑄬𑄭 𑄗𑄬𑄭 𑄚𑄧 𑄛𑄢𑄧𑄋𑄧𑄢𑄴 𑄃 𑄥𑄧𑄟𑄢𑄬 𑄥𑄧𑄟𑄢𑄬 𑄌𑄋𑄴𑄟 𑄥𑄦𑄨𑄖𑄳𑄠𑄧 𑄝𑄳𑄦𑄝𑄮𑄢𑄴 𑄞𑄣𑄬𑄘𑄨 𑄖𑄧𑄝𑄧𑄚,সেখানে আমি চামা সাা দৌাদৌি করতে পারতাম না আর একসাথে চামা করতে পারতাম না
𑄃𑄬 𑄟𑄘𑄚𑄧𑄖𑄴 𑄃𑄨𑄘𑄮𑄖𑄴 𑄖𑄪𑄣𑄧𑄋𑄧𑄢𑄴- 𑄡𑄢 𑄚𑄨𑄃𑄣𑄴𑄌𑄨 𑄉𑄧𑄢𑄨 𑄃𑄟𑄢𑄬 𑄌𑄋𑄴𑄟 𑄣𑄬𑄊 𑄥𑄬𑄊𑄬𑄣𑄇𑄴 𑄖𑄢 𑄘𑄊𑄨𑄢𑄬।,এই পৃথিবীতে আমাকে তুলতেছি- যারা ছোট করে আমাকে চাংমা লিখতেছে
𑄌𑄋𑄴𑄟 𑄣𑄬𑄊 𑄝 𑄌𑄋𑄴𑄟 𑄦𑄧𑄢𑄧𑄇𑄴𑄪𑄚𑄴 𑄥𑄨𑄊𑄨𑄚𑄬 𑄟𑄧𑄖𑄴𑄪𑄚𑄴 𑄈𑄪𑄝𑄴 𑄉𑄧𑄟𑄴 𑄣𑄇𑄳𑄠।,চামা বা চামা ইঁদুরগুলো তাাতাি বের হে আসে
"𑄌𑄋𑄴𑄟 𑄦𑄧𑄢𑄧𑄇𑄴𑄪𑄚𑄴 𑄚𑄧 𑄛𑄢𑄨𑄝𑄢𑄴 𑄃𑄉𑄬𑄘𑄨 𑄝𑄋𑄣𑄪𑄚𑄬 𑄝𑄬𑄌𑄴 𑄇𑄧𑄙𑄇𑄴 𑄖𑄧𑄟𑄢𑄴 𑄃𑄮𑄇𑄴𑄮𑄢𑄴, 𑄞𑄌𑄴 𑄚𑄬𑄃𑄨 𑄖𑄪𑄟𑄨 𑄃𑄪𑄛𑄧𑄎𑄖𑄨।",চামা করতে না পারা বাঙালিরা বেশি কথা বলে আপনাদের সাথে
𑄃𑄬𑄙𑄧𑄇𑄴𑄬 𑄇𑄧𑄙𑄚𑄨 𑄥𑄪𑄚 𑄛𑄧𑄖𑄴𑄧।,এত ব কথা বলা
"𑄃𑄨𑄇𑄴𑄬 𑄟𑄪𑄭 𑄝𑄪𑄇𑄴 𑄜𑄪𑄣𑄬 𑄇𑄮𑄃𑄨 𑄛𑄢𑄨𑄟𑄴 𑄃𑄟𑄢𑄴 𑄞𑄌𑄴 𑄃𑄊𑄬, 𑄃𑄮𑄇𑄴𑄮𑄢𑄴 𑄃𑄊𑄧𑄚𑄴।","এখন আমি বুক ফুলিে বলতে পারি আমার ভাই আছে,একটা আছে"
𑄥𑄧𑄁𑄥𑄴𑄇𑄳𑄢𑄨𑄖𑄨𑄖𑄢𑄖𑄴𑄪𑄚𑄴 𑄎𑄪𑄘𑄮 𑄥𑄨𑄠𑄚𑄴 𑄝𑄪𑄎𑄧𑄘𑄬 𑄃𑄢𑄧 𑄝𑄬𑄌𑄧 𑄃𑄪𑄌𑄴𑄮 𑄃𑄧𑄣𑄧।,সংস্রব থেকে বের হওা ওইটা আরও বেশি ভালো
𑄃𑄢𑄴 𑄃𑄟𑄨 𑄡𑄧𑄚𑄨 𑄃𑄟 𑄞𑄌𑄴 𑄣𑄨𑄉𑄨-𑄛𑄧𑄢𑄨 𑄚𑄧 𑄎𑄚𑄨 𑄃𑄟 𑄎𑄖𑄴𑄮 𑄣𑄪𑄉𑄨 𑄡𑄬𑄝𑄧 𑄘𑄨𑄚𑄴 𑄘𑄨𑄚𑄴 𑄇𑄧𑄚𑄧 𑄌𑄨𑄚𑄴 𑄚𑄧 𑄗𑄬𑄝𑄧।,"আবার আমরা যখন আমাদের ভাই-বোনের সাথে দেখা করতে যাব, কোনো দিন আমাদের বািটা চিনবে না"
𑄥𑄙𑄢𑄧𑄚𑄴 𑄉𑄳𑄠𑄚𑄴,সাধারণ
𑄝𑄁𑄣 𑄟𑄮𑄉𑄧𑄣𑄴 𑄥𑄪𑄝𑄬𑄘𑄢𑄴 𑄥𑄠𑄬𑄥𑄴𑄖 𑄈𑄚𑄴 𑄇𑄧𑄇𑄴𑄬 𑄛𑄢𑄴𑄝𑄧𑄖𑄳𑄠𑄧 𑄌𑄖𑄴𑄧𑄉𑄳𑄢𑄟𑄴 𑄘𑄧𑄋𑄧𑄣𑄴 𑄉𑄧𑄌𑄴𑄬?,.বাঙালি মোগল সুবেদার কখন চাটা গ্রামটা দং করল?
: 𑄷𑄼𑄼𑄻 𑄈𑄳𑄢𑄨 𑄃𑄢𑄇𑄚𑄨𑄃𑄪𑄚𑄧𑄢𑄬 𑄛𑄧𑄢𑄎𑄧𑄠𑄴 𑄉𑄧𑄢𑄨 𑄛𑄢𑄴𑄝𑄧𑄖𑄳𑄠𑄧 𑄌𑄖𑄴𑄧𑄉𑄳𑄢𑄟𑄴 𑄘𑄧𑄋𑄧𑄣𑄴 𑄉𑄧𑄌𑄴𑄬।,.১৬৬৫ সালে আরাকানি মানুষদের পরাজ করে চাষবাস করতে হ
𑄸।,১. ২. দুই
𑄟𑄮𑄉𑄧𑄣𑄴 𑄃 𑄌𑄋𑄴𑄟 𑄢𑄎𑄢𑄴 𑄘𑄮𑄣𑄴 𑄣𑄧𑄇𑄴𑄜𑄧𑄇𑄴 𑄇𑄧𑄠𑄴 𑄥𑄣𑄴 𑄥𑄧𑄁 𑄃𑄬𑄣𑄧?,.বাঙালি এক চামা রাজার সুন্দর লম্ফঝম্প ক বছর হলো?
: 𑄷𑄽𑄷𑄹 𑄈𑄳𑄢𑄨-𑄖𑄴𑄪𑄚𑄴 𑄙𑄪𑄢𑄨 𑄷𑄽𑄻𑄽 𑄈𑄳𑄢𑄨 𑄥𑄧𑄁 𑄃 𑄌𑄋𑄴𑄟 𑄢𑄎𑄢𑄴 𑄘𑄮𑄣𑄴 𑄣𑄧𑄇𑄴𑄜𑄧𑄇𑄴 𑄃𑄬𑄣𑄧।,.১৭০৯ সালে থেকে খনন করার পর একটা চাংমা রাজা সুন্দর লুকিে আছে
𑄹।,১. ৩. ৩.
𑄛𑄢𑄴𑄝𑄧𑄖𑄳𑄠𑄧 𑄌𑄧𑄖𑄴𑄖𑄉𑄳𑄢𑄟𑄧𑄖𑄴 𑄛𑄧𑄣𑄳𑄠 𑄌𑄨𑄜𑄴 𑄇𑄧𑄚𑄴𑄚?,.পাহাের চূা গ্রামে পার প্রধান কে?
𑄺।,"১. ৪. ৪. ৪. ২. ৩. (গাছের) শাখা, শাখা"
𑄢𑄎 𑄥𑄬𑄢𑄴𑄟𑄪𑄥𑄴𑄖𑄧 𑄏 𑄇𑄧𑄇𑄴𑄬 𑄟𑄮𑄉𑄧𑄣𑄪𑄚𑄧𑄢𑄬 𑄚𑄟𑄬𑄟𑄖𑄳𑄢𑄧 𑄇𑄧𑄢𑄴 𑄘𑄨𑄝𑄢𑄴 𑄢𑄎𑄨 𑄦𑄧𑄣𑄧?,রাজা সেরমুস কখন মোগলদেরকে মেরে দিতে রাজি হলো?
: 𑄷𑄽𑄽𑄹 𑄈𑄳𑄢𑄨।,১. বছর ২. বছর
𑄻।,"১. ৫. ৫. (দা, ছুরি প্রভৃতির) বাট, হাতল"
𑄇𑄧𑄇𑄴𑄬 𑄟𑄮𑄉𑄧𑄣𑄪𑄚𑄬 𑄌𑄋𑄴𑄟 𑄢𑄬𑄎𑄳𑄠𑄧𑄖𑄴 𑄦𑄖𑄴 𑄘𑄨𑄣𑄇𑄴?,কখন বাঙালীরা চামা রোদে হাত দিল
: 𑄷𑄽𑄸𑄺 𑄈𑄳𑄢𑄨।,এক জাতী বুনো ফল
𑄼।,"১. ২. ১. (দা, ছুরি প্রভৃতি) শান দেওা"
𑄇𑄧𑄇𑄴𑄬 𑄝𑄳𑄢𑄨𑄑𑄨𑄥𑄴 𑄥𑄧𑄢𑄴𑄇𑄢𑄧𑄢𑄴 𑄇𑄢𑄴𑄝𑄢𑄴 𑄌𑄋𑄴𑄟𑄃𑄪𑄚𑄧𑄢𑄴 𑄉𑄧𑄟𑄴 𑄚𑄧 𑄣𑄉𑄬?,কবে বিালের সকার চাংমাহ্ ভালো লাগে না?
: 𑄷𑄽𑄽𑄸 𑄈𑄳𑄢𑄨,"১.১৭২৭. বছর, বছর"
𑄽।,"১. ১. ৩. ১. (কলা প্রভৃতির) কাঁদি, ২. (গবাদিপশু প্রভৃতির) গোা"
𑄌𑄧𑄖𑄴𑄧𑄉𑄳𑄢𑄟𑄧𑄖𑄴 𑄇𑄇𑄴𑄬 𑄃𑄨𑄁𑄢𑄬𑄎𑄴 𑄥𑄧𑄥𑄧𑄚𑄴 𑄗𑄨𑄘𑄧 𑄦𑄧𑄠𑄴?,চত্তগ্রামে কাকে ইংরেজ সম স্থির হ?
: 𑄷𑄽𑄼𑄶 𑄈𑄳𑄢𑄨।,"১. (দিন, রাত, সম) রাত"
𑄾।,"১. ৮. ৮. (কলা প্রভৃতির) কাঁদি, মালা, ব্রেসলেট"
𑄛𑄢𑄴𑄝𑄧𑄖𑄳𑄠𑄧 𑄌𑄧𑄖𑄴𑄧𑄉𑄳𑄢𑄟𑄧𑄖𑄴 𑄇𑄧𑄇𑄴𑄬 𑄌𑄇𑄣𑄘𑄢𑄨 𑄌𑄣𑄪 𑄦𑄧𑄠𑄴?,মনে হ চূা গ্রামে কখন দৌাদৌি হ
: 𑄷𑄽𑄽𑄸 𑄈𑄳𑄢𑄨।,"১. জন্ম, জন্ম ২. জন্ম, জন্ম"
𑄿।,"১. ১. ১. ৩. (কলা প্রভৃতির) কাঁদি, ২. (কলা প্রভৃতির) কাঁদি"
𑄇𑄧𑄇𑄴𑄬 𑄌𑄋𑄴𑄟𑄃𑄪𑄚𑄧𑄢𑄴 𑄞𑄨-𑄈𑄧𑄚𑄴𑄓𑄧𑄢𑄬 𑄘𑄨 𑄞𑄇𑄴 𑄉𑄧𑄢𑄨𑄝𑄢𑄴 𑄥𑄧𑄣𑄴𑄣 𑄙𑄨𑄋𑄨𑄢𑄨 𑄘𑄨𑄣𑄇𑄴?,কখন চাকমারা বিালটাকে দুই ভাগ করে দিল
: 𑄷𑄾𑄽𑄹 𑄈𑄳𑄢𑄨।,"১. জন্ম, জন্ম ২. জন্ম, জন্ম"
𑄷𑄶।,"১. এক জাতী বুনো ফল, যা সবজি হিসেবে ব্যবহৃত হ"
𑄇𑄧𑄇𑄴𑄬 𑄝𑄳𑄢𑄨𑄑𑄨𑄥𑄴 𑄥𑄧𑄭𑄚𑄳𑄠𑄧𑄃𑄪𑄚𑄬 𑄢𑄋𑄟𑄖𑄳𑄠 𑄘𑄧𑄋𑄧𑄣𑄴 𑄉𑄧𑄢𑄧𑄚?,কখন বিিে সিমগুলো লাল করে?
: 𑄷𑄽𑄾𑄻 𑄈𑄳𑄢𑄨।,"১. বছর, বছর, বছর, বছর"
𑄷𑄷।,"১. ১. ১. ১. (কলা প্রভৃতির) কাঁদি, ২. (কলা প্রভৃতির) কাঁদি"
𑄝𑄳𑄢𑄨𑄑𑄨𑄥𑄴 𑄥𑄧𑄢𑄴𑄇𑄢𑄴𑄣𑄮 𑄇𑄧𑄚𑄴𑄚 𑄇𑄧𑄚𑄴𑄚 𑄣𑄢𑄳𑄦𑄬𑄠𑄴 𑄉𑄧𑄌𑄴𑄮𑄚𑄴?,.বিটিস সাবানটা কে হেলেদুলে করছে?
": 𑄥𑄬𑄢𑄴 𑄘𑄮𑄣𑄧𑄖𑄴 𑄈𑄚𑄴, 𑄎𑄚𑄴 𑄝𑄧𑄇𑄴𑄥𑄧 𑄈𑄚𑄴 𑄃 𑄖𑄧𑄝𑄴𑄮𑄇𑄴 𑄈𑄚𑄴𑄘𑄊𑄨।",".সে সুন্দর করে খা,যাওা ব খা আরকি"
𑄷𑄸।,"১. (দা, ছুরি প্রভৃতি) শান দেওা; ২. (দা, ছুরি প্রভৃতি) শান দেওা"
𑄇𑄢𑄴 𑄃𑄟𑄧𑄣𑄧𑄖𑄴 𑄝𑄨𑄏𑄪 𑄷 𑄟𑄌𑄴 𑄍𑄪𑄖𑄨𑄬 𑄃𑄣𑄧?,কার আমল বিঝু ১ মাছ ছেেছে?
: 𑄝𑄳𑄢𑄨𑄑𑄨𑄥𑄴 𑄃𑄟𑄧𑄣𑄧𑄖𑄴।,বিলেতি আমল
𑄷𑄹।,"১. ১. (দা, ছুরি প্রভৃতি) শান দেওা ২. (দা, ছুরি প্রভৃতির) শান"
𑄇𑄧𑄇𑄴𑄬 𑄌𑄋𑄴𑄟 𑄢𑄎𑄢𑄴 𑄥𑄧𑄘𑄧𑄢𑄴 𑄘𑄧𑄛𑄴𑄖𑄧𑄢𑄴 𑄢𑄋𑄟𑄖𑄳𑄠𑄖𑄴 𑄃𑄚 𑄦𑄧𑄠𑄬?,কখন চাকমা রাজার সদর দপ্তর রাঙামাটিতে আনা হ?
𑄘𑄨 𑄣𑄟,এক জাতী বুনো ফল
"𑄖𑄧𑄘𑄖𑄴 𑄝𑄬𑄢𑄬𑄭 𑄙𑄪𑄛𑄴 𑄇𑄝𑄧𑄢𑄴,",তার বিেতে সাদা কাপ
𑄉𑄮𑄎𑄬𑄚𑄴 𑄌𑄧𑄢𑄧𑄕𑄧𑄖𑄴 𑄝𑄧𑄎𑄧𑄋𑄧𑄢𑄴।,গরুর পাে ব ব
"𑄃𑄉𑄬 𑄍𑄣𑄟𑄴 𑄘𑄳𑄠𑄪𑄋𑄴𑄴 𑄥𑄨𑄝𑄴𑄌𑄧𑄢𑄧𑄚𑄴,",.আগে সালাম দিেছিলাম সেটা
𑄟𑄉𑄧𑄁 𑄉𑄮𑄎𑄬𑄚𑄧𑄢𑄴 𑄘𑄨 𑄌𑄧𑄢𑄧𑄚𑄴।,.মাকসা গোার দুটি চর
"𑄍𑄝𑄖𑄴 𑄖𑄧𑄣𑄬 𑄢𑄊𑄬 𑄘𑄧,",ছাার নিচে আছে তো
"𑄃𑄬 𑄇𑄣𑄴 𑄃𑄪𑄇𑄣𑄴 𑄖𑄮𑄢𑄬 𑄘𑄧,",এ কাল উত্তীর্ণ হওা তোমাকে তো
𑄌𑄨𑄘𑄬 𑄟𑄧𑄚𑄬 𑄃𑄬𑄉 𑄃𑄮𑄇𑄴!,চিন্তা করে এসো তো!
"𑄘𑄬𑄝𑄧𑄁𑄥𑄨 𑄉𑄮𑄎𑄬𑄚𑄬 𑄚𑄧 𑄘𑄪𑄏𑄨,",দেবংসি পূজা করলে দূর হ না
𑄃𑄧𑄝𑄪𑄌𑄴 𑄟𑄚𑄬𑄭𑄠𑄬 𑄚𑄧 𑄝𑄪𑄏𑄨।,অব্য মানে বুঝি না
𑄥𑄪𑄚𑄧 𑄥𑄪𑄚𑄧𑄢𑄬 𑄛𑄮𑄢𑄴𑄝𑄧𑄠 𑄞𑄬𑄭,সু সু করে পানি পে যা
𑄘𑄨𑄝 𑄃𑄮𑄇𑄴𑄮𑄢𑄬 𑄖𑄮𑄢𑄨 𑄡𑄬𑄭।,সারাদিন তরকারি দিে যা
𑄉𑄪𑄢𑄪 𑄥𑄙𑄨 𑄚𑄋𑄴 𑄛𑄬𑄭𑄠𑄬,.গুরু সাধনা করে নাচতে হ
𑄃𑄧𑄚 𑄉𑄪𑄢𑄪 𑄛𑄢𑄴 𑄦𑄮𑄃𑄨𑄠𑄬?,.অন্যা গুরু পার হেছে?
"𑄥𑄙𑄨 𑄃𑄚𑄧𑄁 𑄃𑄢𑄧 𑄎𑄧𑄚𑄧𑄟𑄴,",আলাদা করে নিে আসিও আর জন
𑄥𑄧𑄉𑄧𑄣𑄴 𑄘𑄚𑄴 𑄉𑄧𑄢𑄧𑄋𑄧𑄢𑄴 𑄃𑄬 𑄎𑄧𑄚𑄧𑄟𑄴।,এই জনমে ছাগল দান করিও
𑄎𑄪𑄢𑄨 𑄚𑄧 𑄛𑄣𑄳𑄠𑄬 𑄇𑄪𑄙𑄪 𑄛𑄬𑄝𑄬,জুে না পে কোথা পবে
𑄚𑄧 𑄢𑄧𑄣𑄬 𑄙𑄧𑄚𑄴 𑄟𑄚𑄴 𑄥𑄙𑄧𑄚𑄬-,না থাকলে ধন মাা করা যা
𑄖𑄮𑄢𑄨𑄝𑄧 𑄟𑄚𑄬𑄭 𑄣𑄮𑄇𑄴 𑄜𑄪𑄣𑄴 𑄘𑄚𑄬।,রংধনুর মতো মানুষ ফুল দিে
"𑄉𑄪𑄢𑄪 𑄌𑄧𑄢𑄧𑄚𑄴 𑄥𑄢𑄴 𑄉𑄧𑄢𑄬,",গুরু চরন পরিষ্কার করে
𑄝𑄧𑄁𑄥𑄧 𑄙𑄧𑄚𑄬 𑄇𑄨 𑄛𑄢𑄴 𑄉𑄧𑄢𑄬?,বংস ধনে কি পারা যা
𑄃𑄬𑄉 𑄟𑄧𑄚𑄬 𑄞𑄪𑄎𑄨𑄣𑄬,একবার মনে পে
𑄥𑄧𑄉𑄧𑄣𑄴 𑄖𑄨𑄗𑄳𑄠𑄧 𑄜𑄧𑄣𑄴 𑄛𑄠𑄴 𑄞𑄨𑄣𑄬,.সগলের তেতুলে ফল পাওা যা
𑄘𑄧𑄠 𑄘𑄬𑄣𑄬 𑄥𑄢𑄴 𑄉𑄧𑄢𑄬,দা দো সার করে
𑄃𑄧𑄛𑄢𑄴 𑄛𑄚𑄨 𑄥𑄉𑄧𑄢𑄬-,.অপচ পানি সাগরে
𑄖𑄳𑄢𑄨𑄌𑄴 𑄖𑄨𑄚𑄴 𑄎𑄘𑄨 𑄞𑄌𑄴 𑄛𑄖𑄴𑄖𑄪𑄁𑄉𑄮𑄃𑄨 𑄦𑄧𑄢𑄧𑄉𑄬।,.তিন তিন বারে ভাত খেতে হ
𑄡𑄧𑄟𑄬 𑄚𑄧 𑄙𑄧𑄢𑄨𑄝𑄧 𑄃𑄰 𑄇𑄣𑄬।,যমে ধরবেন না এই কালে
𑄡𑄬 𑄝𑄧𑄢𑄴 𑄟𑄉𑄬 𑄥𑄬 𑄝𑄧𑄢𑄴 𑄛𑄠𑄴,যে প্রার্থনা করে সে আশীর্বাদ পাওা
𑄉𑄮𑄎𑄬𑄚𑄬 𑄝𑄧𑄢𑄴 𑄘𑄨𑄣𑄬 𑄚𑄧 𑄜𑄪𑄢𑄧𑄠𑄴।,ভগবান আশীর্বাদ করলে শেষ হ না
𑄉𑄮𑄎𑄬𑄚𑄧 𑄟𑄬𑄭𑄠𑄳𑄠 𑄃𑄪𑄘𑄧 𑄚𑄬𑄭,গাগি মাা উঠে না
𑄛𑄧𑄢𑄧𑄟𑄴 𑄝𑄳𑄢𑄨𑄇𑄴𑄈𑄧 𑄞𑄧𑄢𑄴 𑄘𑄨𑄠𑄳𑄠,পা ব্যাগ ভর দো
𑄝𑄪𑄏𑄨 𑄛𑄢𑄬 𑄇𑄧𑄚𑄴𑄚 𑄖𑄢𑄴 𑄟𑄬𑄭𑄠𑄳𑄠?,কে তার মা?
𑄥𑄧𑄉𑄧𑄣𑄴 𑄎𑄨𑄝𑄬 𑄝𑄨𑄘𑄠𑄴 𑄃𑄮𑄇𑄴,এক জাতী বুনো ফল
𑄌𑄨𑄖𑄴𑄖𑄧 𑄟𑄧𑄚𑄬 𑄃𑄬𑄉 𑄃𑄮𑄇𑄴।,মনের মতো হওা
𑄛𑄧𑄢𑄧𑄟𑄴 𑄉𑄮𑄎𑄬𑄚𑄴 𑄇𑄪𑄙𑄪 𑄗𑄠𑄴?,.পজ্জোনীরা কোথা থাকে?
𑄥𑄖𑄴𑄝𑄢𑄴 𑄥𑄙𑄨𑄣𑄬𑄠𑄧 𑄌𑄬𑄭 𑄚𑄧 𑄛𑄠𑄴।,দৌাদৌি করলে দেখা যা না
𑄖𑄧𑄘 𑄥𑄙𑄨 𑄃𑄚𑄨𑄝𑄧,মাথা ধুে আনবে
𑄛𑄧𑄢𑄧𑄟𑄴 𑄉𑄮𑄎𑄬𑄚𑄬 𑄝𑄪𑄎𑄨𑄝𑄧।,পাপ করলে শেষ হওা
𑄌𑄧𑄢𑄧𑄕𑄬 𑄍𑄣𑄋𑄬 𑄞𑄪𑄎𑄨𑄣𑄬,.পাহাে পাহাে ডুবে গেল
𑄙𑄧𑄢𑄴𑄟𑄧 𑄥𑄙𑄧𑄚𑄚𑄴 𑄛𑄠𑄴 𑄞𑄨𑄣𑄬।,ধর্ম সাধনা সহজে পাওা যা
𑄥𑄣𑄟𑄴 𑄘𑄨𑄝𑄬𑄢𑄴 𑄇𑄎𑄬𑄣𑄧,সালাম দেওা
𑄉𑄨𑄖𑄴 𑄘𑄨 𑄣𑄟 𑄜𑄪𑄢𑄬𑄣𑄧।,গিঁট দিে লাফিে
𑄉𑄨𑄖𑄴 𑄘𑄨 𑄣𑄟 𑄜𑄪𑄢𑄬𑄣𑄧 𑄚𑄧𑄡𑄬𑄝𑄧𑄁,গিঁট দিে লাফিে যাবো
𑄉𑄮𑄎𑄬𑄚𑄴 𑄥𑄧𑄟𑄴𑄪𑄉𑄬 𑄝𑄧𑄢𑄴 𑄣𑄧𑄝𑄧𑄁।,গরুকে ব ব করে ব করবো
𑄙𑄧𑄚𑄴𑄛𑄪𑄘𑄨𑄢𑄴 𑄦𑄣𑄳𑄠𑄋𑄴,ধনপুার হাল
𑄝𑄢 𑄝𑄬𑄉𑄬 𑄝𑄚𑄚𑄴𑄘𑄮𑄃𑄨,বাাবাি করে আগুন দো
𑄝𑄎𑄢𑄴 𑄉𑄮𑄢𑄨 𑄃𑄚𑄧𑄚𑄴𑄘𑄮𑄃𑄨,বাজার গুরিা খুশিতে
𑄛𑄮𑄖𑄳𑄠 𑄘𑄧𑄉𑄧𑄣𑄳𑄠𑄧 𑄟𑄮𑄚𑄴𑄝𑄧𑄉,পাহাের ঢাল দিে নৌকা বাইতে হ
𑄙𑄧𑄚𑄴𑄚𑄱 𑄢𑄙𑄢𑄬 𑄘𑄉𑄨𑄣𑄧।,ধন্নোটা রাধাকে ডাকলো
𑄝𑄧𑄢𑄴𑄉𑄨 𑄥𑄪𑄘𑄧 𑄖𑄪𑄟𑄴 𑄉𑄮𑄌𑄳𑄠,এক জাতী সবজি
𑄝𑄮𑄌𑄳𑄠𑄧𑄚𑄴 𑄃𑄨𑄎𑄮𑄢𑄧𑄖𑄴 𑄎𑄪𑄚𑄴 𑄛𑄮𑄎𑄳𑄠𑄧।,বইের ভিতরে জুন মাস
𑄛𑄪𑄉𑄧 𑄇𑄨𑄗𑄳𑄠 𑄌𑄚𑄧𑄚𑄴𑄘𑄨,পোকামাকা চামা
𑄟𑄪𑄠𑄮𑄟𑄪𑄠𑄨 𑄝𑄮𑄠𑄳𑄠𑄚𑄴𑄘𑄨,আমি বাই বাই
𑄘𑄮𑄣𑄴 𑄦𑄧𑄠𑄬𑄘𑄬 𑄛𑄳𑄦𑄧𑄢𑄬𑄘𑄨।,সুন্দর হেছে
𑄎𑄪𑄚𑄧 𑄛𑄳𑄦𑄧𑄢𑄧 𑄢𑄬𑄘𑄮𑄟𑄠𑄴,জুন মাসের রাত
𑄇𑄮𑄌𑄳𑄠 𑄟𑄙𑄚𑄴 𑄞𑄎𑄨 𑄡𑄠𑄴।,কা মাটি ফেটে যা
𑄜𑄪𑄣𑄧 𑄝𑄨𑄎𑄧𑄚𑄴 𑄝𑄨𑄎𑄨𑄚𑄬,.ফুলের বিে
𑄇𑄧𑄙 𑄇𑄧𑄙𑄧𑄚𑄴 𑄘𑄨𑄎𑄧𑄚𑄬।,দুইজনে কথা বলে
𑄝𑄮𑄌𑄳𑄠𑄬 𑄙𑄧𑄚𑄴𑄚𑄱 𑄥𑄎𑄨𑄛𑄬𑄢𑄴,বইের ধনগুলো সজারু
𑄘𑄙 𑄢𑄙𑄢𑄬 𑄝𑄨𑄎𑄨 𑄘𑄬𑄢𑄴।,এক জাতী সবজি যা সবজি হিসেবে ব্যবহৃত হ
𑄘𑄬𑄝𑄧 𑄙𑄧𑄢𑄴𑄟𑄧 𑄟𑄚𑄨𑄌𑄌𑄍𑄮𑄃𑄨,দেবধর্ম মানুষরা পালন করে
𑄥𑄧𑄌𑄴𑄌𑄬𑄇𑄴 𑄖𑄉𑄧𑄣𑄧𑄇𑄴 𑄣𑄮𑄃𑄨 𑄘𑄨𑄌𑄴𑄍𑄮𑄃𑄨।,এক জাতী ঢিল দিে দৌে যাচ্ছে
𑄜𑄪𑄣𑄧 𑄉𑄟𑄴𑄍𑄢𑄴 𑄝𑄬𑄭𑄚𑄴 𑄉𑄧𑄢𑄧𑄁,.ফুলের গাছ বোই করি
𑄥𑄖𑄴 𑄃𑄋𑄪𑄣𑄳𑄠 𑄈𑄬𑄁𑄉𑄧𑄢𑄧𑄁।,সাত আঙুল খাওার শব্দ
𑄟𑄨𑄘𑄨𑄋𑄳𑄠 𑄝𑄏𑄧𑄢𑄴 𑄣𑄮𑄃𑄨 𑄘𑄨𑄝𑄬।,মাটিটা জঙ্গল করে দিবে
𑄙𑄪𑄟𑄮 𑄃𑄪𑄎𑄪 𑄗𑄮𑄃𑄨 𑄘𑄨𑄝𑄬।,ধোঁা পরিষ্কার করে রাখবে
𑄜𑄪𑄚𑄨 𑄥𑄧𑄣 𑄇𑄝𑄨 𑄘𑄨𑄌𑄴।,. ফোটা ফোটা কেটে দো
𑄦𑄬𑄭𑄣𑄴 𑄥𑄟𑄴𑄟𑄱 𑄝𑄪𑄚𑄨 𑄘𑄨𑄌𑄴।,তরমুজটা বুনে দাও
𑄛𑄢𑄴𑄝𑄱 𑄝𑄏𑄧𑄢𑄴 𑄘𑄨𑄛𑄳𑄠𑄝𑄱,পাহাের বাঁশটা দিে দৌা
𑄝𑄧 𑄇𑄘𑄨 𑄣𑄮𑄃𑄨 𑄘𑄨𑄝𑄬 𑄥𑄪𑄣𑄧𑄝𑄱।,ব কাপ দিে সেলাই করবে সে
𑄢𑄬𑄘𑄮𑄖𑄴 𑄣𑄟𑄬𑄢𑄴 𑄎𑄪𑄚𑄧 𑄛𑄳𑄦𑄧𑄢𑄴,রাতের বেলা বিদ্যুৎ চমকানি
𑄥𑄪𑄚𑄨𑄌𑄴 𑄘𑄙 𑄃𑄃𑄮𑄌𑄴𑄍𑄚𑄴 𑄟𑄧𑄢𑄴।,শোনা কথা আছে আমার
𑄏𑄉𑄬 𑄎𑄪𑄚𑄨 𑄃𑄪𑄢𑄨 𑄡𑄢𑄴,ঝগা করে উড়ে যা
𑄜𑄪𑄣𑄧 𑄈𑄘𑄨 𑄝𑄨𑄚𑄨𑄝𑄢𑄴।,.ফুলের হাদি পরিধান করার সম
𑄝𑄉𑄬 𑄖𑄬𑄉𑄬 𑄉𑄋𑄴 𑄡𑄬𑄝𑄴,বাগানে তেগেন নদী যাবে
𑄎𑄧𑄝𑄧𑄟𑄧𑄖𑄳𑄠𑄬 𑄚𑄣𑄴 𑄗𑄬𑄝𑄧।,সবসম নালা থাকবে
𑄈𑄮𑄣𑄳𑄠 𑄟𑄬𑄣𑄨 𑄛𑄚𑄴 𑄈𑄬𑄣𑄧,খোল দিে পান খেলে
𑄎𑄪𑄚𑄧 𑄛𑄳𑄦𑄧𑄢𑄚𑄴 𑄜𑄪𑄢𑄬𑄃𑄨 𑄡𑄢𑄴,জুন মাস শেষ হে যা
𑄇𑄧𑄙𑄞𑄪𑄠 𑄚𑄧 𑄜𑄪𑄢𑄢𑄴।,কথা গুলো শেষ হ না
𑄚𑄚𑄚𑄴 𑄇𑄧𑄙 𑄇𑄮𑄃𑄨 𑄣𑄇𑄴,নানারকম কথা বলতেছি
𑄎𑄬𑄢𑄬 𑄘𑄨 𑄎𑄧𑄚𑄬 𑄊𑄪𑄟𑄴 𑄉𑄬𑄣𑄇𑄴।,সে দুই জনে ঘুমাতে গেল
𑄃𑄧𑄎𑄧𑄚𑄨𑄢𑄴 𑄘𑄧𑄏𑄧𑄚𑄴 𑄜𑄨𑄢𑄚,এত ব ব ফেরা
𑄃𑄢𑄴𑄡𑄳𑄠𑄧 𑄟𑄨𑄖𑄳𑄢𑄧 𑄌𑄋𑄴𑄟,এক জাতী চামা
𑄢𑄧𑄎𑄧𑄚𑄨 𑄃 𑄃𑄧𑄎𑄧𑄚𑄨𑄨𑄢𑄴 𑄊𑄧𑄢𑄴 𑄇𑄪𑄘𑄪𑄇𑄴𑄍𑄧𑄢𑄨𑄢𑄴 𑄃𑄬𑄇𑄴 𑄟𑄪𑄢𑄮 𑄃𑄘𑄟𑄧𑄖𑄴।,রাত হলে এক পাহাে এক পাহাে থাকা হ
𑄘𑄮𑄎𑄧𑄚𑄧𑄢𑄴 𑄝𑄨𑄘𑄳𑄠𑄬 𑄇𑄧𑄘𑄧 𑄉𑄬𑄣𑄬 𑄝𑄚 𑄟𑄬𑄑𑄳𑄢𑄨𑄇𑄴।,দুইজনে কথা বললে শুধু মেে
𑄃𑄨𑄖𑄴𑄖𑄪𑄚𑄧 𑄝𑄬𑄌𑄴 𑄦𑄧𑄝𑄧 𑄝 𑄇𑄬𑄚𑄬।,এখান থেকে বেশি হবে নাকি
𑄘𑄮𑄎𑄧𑄚𑄧 𑄊𑄧𑄢𑄴𑄝𑄮𑄠𑄪𑄚𑄴 𑄦𑄣𑄴 𑄌𑄌𑄴 𑄉𑄧𑄢𑄨 𑄉𑄚𑄬 𑄉𑄚𑄬 𑄝𑄧𑄏𑄧𑄢𑄴 𑄜𑄬𑄣𑄚𑄴।,দুইজনে বািটা হাল চাষ করে বছর অতিবাহিত করে
𑄚𑄨𑄢𑄖𑄨𑄖𑄳𑄠𑄬 𑄎𑄨𑄁𑄇𑄚𑄨 𑄘𑄨 𑄊𑄧𑄢𑄴𑄝𑄮𑄢𑄴 𑄚𑄨𑄖𑄳𑄠𑄧 𑄥𑄧𑄟𑄢𑄴 ।,.নিঃশব্দ জীবন দুইটা বাির নিচ দিে চলে
𑄃𑄨𑄖𑄴𑄖𑄪𑄚𑄴 𑄝𑄬𑄌𑄴 𑄝𑄨𑄘𑄳𑄠𑄬 𑄥𑄨𑄉𑄬𑄝𑄢𑄴 𑄜𑄣𑄴 𑄟𑄢𑄚 𑄖𑄢𑄢𑄴 𑄝𑄧𑄣𑄬 𑄚𑄧 𑄙𑄧𑄢𑄴𑄬।,এখান থেকে বেশি বিদা দো তারা ধরতে পারেনা
"𑄟𑄧𑄚𑄬 𑄇𑄧𑄣𑄬 𑄙𑄧𑄚𑄬 𑄚𑄧 𑄇𑄪𑄣𑄮𑄠𑄴, 𑄙𑄧𑄚𑄬 𑄇𑄪𑄣𑄬𑄣𑄬 𑄟𑄧𑄚𑄬 𑄚𑄧 𑄙𑄧𑄢𑄬।","মনে হলে ধনে কুললো না, ধনে কুললে মনে হ না"
𑄥𑄬𑄖𑄳𑄠𑄬 𑄇𑄨 𑄃𑄢𑄴 𑄃𑄨𑄇𑄴𑄇𑄪 𑄦𑄧𑄝𑄧 - 𑄘𑄮𑄎𑄧𑄚𑄬 𑄊𑄧𑄢𑄴 𑄝𑄮𑄱𑄃𑄨𑄘𑄬।,.সে কি আরও একটা হবে- দুইজনে বািে বসাচ্ছে
𑄟𑄚𑄴𑄎𑄳𑄠𑄬 𑄇𑄧𑄣𑄬𑄎𑄧𑄖𑄴 𑄛𑄧𑄖𑄴𑄖𑄬 𑄖𑄢𑄢𑄴 𑄌𑄬𑄃𑄨 𑄗𑄚 𑄇𑄟𑄴 𑄝𑄘𑄬 𑄃𑄢𑄴 𑄇𑄨 𑄗𑄬𑄝𑄧।,মলা কলেজ পে তাদের কাজ বাদে আর কি থাকবে
"𑄃𑄨𑄇𑄴𑄇𑄪 𑄘𑄨 𑄎𑄧𑄚𑄧 𑄇𑄟𑄴 𑄇𑄧𑄣𑄬 𑄝𑄚 𑄃𑄬𑄇𑄴𑄇 𑄃𑄪𑄇𑄴𑄇𑄪 𑄊𑄧𑄢𑄧 𑄇𑄟𑄴 𑄉𑄧𑄢𑄚, 𑄃𑄘𑄟𑄧 𑄝𑄧𑄑𑄴 𑄉𑄌𑄴𑄌𑄮 𑄉𑄧𑄢𑄖𑄴 𑄝𑄮𑄃𑄨 𑄉𑄧𑄝𑄴 𑄟𑄢𑄚, 𑄝𑄨𑄉𑄨𑄘𑄨, 𑄇𑄨𑄢𑄨𑄟𑄨𑄢𑄨 𑄉𑄧𑄢𑄚।","একজন লোক কাজ করলে শুধু একটি ঘরের কাজ করা,গ্রামের বট গাছ দিে কাজ করা,বিে দো,কিরিমিরি করা"
𑄇𑄣𑄨𑄇𑄴 𑄟𑄬𑄑𑄳𑄢𑄨𑄇𑄴 𑄛𑄥𑄴 𑄎𑄟𑄬𑄠𑄧𑄢𑄴 𑄃𑄬 𑄇𑄣𑄧𑄖𑄴 𑄝𑄮 𑄟𑄨𑄣𑄬𑄚 𑄇𑄨 𑄃𑄉𑄖𑄳𑄠𑄬 𑄢𑄧𑄎𑄧𑄚𑄨 𑄇𑄧𑄢𑄬 𑄇𑄧𑄢𑄬 𑄟𑄳𑄦𑄬𑄖𑄴 𑄛𑄬𑄣𑄧।,কালি মেেরা এই শীতে কি গাে রেছে
𑄥𑄨𑄠𑄚𑄴 𑄃𑄢𑄧 𑄉𑄢𑄪 𑄦𑄧𑄣𑄧 𑄃𑄧𑄎𑄧𑄚𑄨𑄢𑄴 𑄛𑄧𑄢𑄨 𑄟𑄨𑄣𑄥𑄚𑄴 𑄌𑄬𑄢𑄇𑄴𑄝𑄧𑄣 𑄦𑄧𑄚𑄃𑄨𑄨।,সে আর গািটা আর কুকুর হলো সবসম এক হেছে
𑄃𑄧𑄎𑄧𑄚𑄨𑄢𑄴 𑄃𑄬 𑄌𑄬𑄢𑄇𑄴𑄣𑄮𑄃𑄨 𑄝𑄮 𑄝𑄎𑄢𑄧𑄖𑄴 𑄃𑄢𑄧 𑄃𑄬𑄇𑄴𑄇 𑄘𑄟𑄴 𑄅𑄎𑄬𑄝𑄧 𑄥𑄨𑄠𑄚𑄴 𑄘𑄧 𑄝𑄬𑄉𑄧𑄢𑄴 𑄎𑄚।,অসুুস্থ এই চোলটা বাজারে আরও একটু দাম উঠবে সেটা তো জানা যা
𑄃𑄧𑄎𑄧𑄚𑄨𑄢𑄬 𑄃𑄟𑄨𑄎 𑄝𑄮 𑄌 𑄙𑄧𑄢𑄴 𑄣𑄇𑄴 𑄇𑄣𑄨𑄇𑄴 𑄃𑄧𑄎𑄧𑄚𑄨𑄢𑄴 𑄟𑄧𑄚𑄴 𑄚𑄧 𑄗𑄚𑄃𑄨 𑄝𑄬𑄇𑄴 𑄃𑄮𑄎𑄮𑄢𑄨 𑄡𑄢𑄴।,অসুন্দরকে আমিজা বের চামা ধরে না বলে সবাই চলে যায়
𑄃𑄨𑄠𑄚𑄴 𑄢𑄧𑄎𑄧𑄚𑄨𑄢𑄴 𑄟𑄙 𑄛𑄉𑄬 𑄘𑄬 𑄙𑄧𑄢𑄴𑄣𑄧।,.এটা রোদ পোহাচ্ছে
𑄢𑄧𑄎𑄧𑄚𑄨 𑄟𑄪𑄢𑄮𑄖𑄴 𑄛𑄧𑄢𑄨 𑄞𑄝𑄬 - 𑄚𑄨𑄏𑄧𑄢𑄬 𑄡𑄪𑄉𑄧 𑄥𑄧𑄟𑄢𑄬 𑄎𑄪𑄠𑄬𑄃𑄨 𑄚𑄧 𑄛𑄢𑄚𑄃𑄨 𑄃𑄬 𑄇𑄣𑄴𑄳𑄦।,শীতকালের পাহাে পা যা - শীতকালের সমে টিকতে পারা যা না
𑄟𑄧𑄚𑄴 𑄘𑄧𑄢𑄧 𑄉𑄧𑄢𑄨 𑄚𑄨𑄎𑄏𑄧𑄢𑄬 𑄎𑄪𑄠𑄬𑄃𑄨 𑄖𑄪𑄣𑄨𑄝𑄢𑄴 𑄇𑄧𑄘 𑄞𑄝𑄨 𑄞𑄝𑄨 𑄘𑄨𑄚𑄴 𑄉𑄪𑄚𑄬-𑄇𑄬𑄚𑄬 𑄃𑄧𑄇𑄪𑄣𑄴 𑄥𑄉𑄧𑄢𑄧𑄖𑄴 𑄖𑄬 𑄇𑄪𑄣𑄴 𑄛𑄬𑄝𑄧।,.মনে হ সে নিজের কথা ভাবতে ভাবতে একদিন কূল পাবে
𑄃𑄨𑄚𑄴𑄘𑄨 𑄃𑄣𑄣𑄮-𑄘𑄪𑄣𑄧𑄣𑄮 𑄉𑄧𑄢𑄨 𑄗𑄉𑄧𑄘𑄬 𑄗𑄉𑄧𑄘𑄬 𑄘𑄨𑄠𑄚𑄴 𑄟𑄧𑄚𑄧𑄢𑄴 𑄎𑄬 𑄇𑄮𑄌𑄴 𑄛𑄳𑄦𑄛𑄨𑄢𑄴 𑄥𑄨𑄋𑄮𑄢𑄴 𑄇𑄪𑄛𑄳𑄠𑄬 𑄥𑄨𑄠𑄚𑄴 𑄃𑄬𑄘𑄧𑄇𑄴 𑄡𑄘𑄨 𑄍𑄨𑄚𑄨𑄝𑄧 𑄇𑄬𑄋𑄬𑄢𑄨।,.এত ব করে তাাতাি তাাতাি তাাতাি করতে করতে মনটা যে নরম হেছে
𑄝𑄝𑄴 - 𑄟𑄃𑄨 𑄘𑄨𑄎𑄧𑄚𑄧𑄢𑄬 𑄜𑄨𑄢𑄬𑄝𑄢𑄴 𑄝𑄬𑄇𑄴 𑄃𑄧𑄌𑄴𑄖𑄧 𑄛𑄪𑄢𑄬𑄃𑄨 𑄦𑄖𑄴 𑄃𑄨𑄢𑄨 𑄘𑄨𑄣𑄇𑄴।,বাবা-মা সবাইকে ফেরার জন্য হাত উে দিল
𑄘𑄮𑄎𑄧𑄚𑄧 𑄊𑄧𑄢𑄧𑄖𑄴 𑄞𑄧𑄎𑄚𑄴 𑄑𑄚𑄛𑄧𑄎𑄳𑄠𑄚𑄴 𑄡𑄬𑄃𑄨 𑄝𑄝𑄴-𑄟 𑄥𑄬𑄌𑄴𑄟𑄬𑄌𑄴 𑄦𑄖𑄴 𑄅𑄞𑄧 𑄉𑄧𑄢𑄨 𑄇𑄮𑄃𑄨 𑄛𑄬𑄣𑄇𑄴 - 𑄡𑄧 𑄖𑄪𑄟𑄨 𑄥𑄪𑄉𑄬 𑄗𑄬𑄣𑄬 𑄃𑄟𑄨 𑄃𑄮 𑄥𑄪𑄊𑄨।,দুইজনে বািে বসে আছেন - যে তুমি চুপ করে থাকলে আমরাও চুপ থাকি
𑄘𑄨 𑄎𑄧𑄚𑄧 𑄊𑄧𑄢𑄴𑄝𑄮𑄠𑄪𑄚𑄬 𑄥𑄪𑄘𑄪𑄢𑄪𑄋𑄮𑄉𑄧𑄢𑄨 𑄟𑄬𑄣 𑄥𑄨𑄢𑄬𑄃𑄨 𑄘𑄨 𑄇𑄧𑄣𑄇𑄴 - 𑄡𑄧 𑄃𑄬𑄝𑄬𑄣𑄴 𑄖𑄮𑄟 𑄥𑄧𑄁𑄥𑄢𑄴 𑄖𑄪𑄟𑄨 𑄥𑄟𑄧𑄣𑄧𑄉𑄧𑄃𑄨।,দুই জনের বািগুলো সুসুি দিে দুটি কলা - যা দিে তোমার সংসার চলবে
𑄃𑄨𑄇𑄴𑄇𑄪 𑄢𑄧𑄎𑄧𑄚𑄨𑄢𑄴 𑄃 𑄃𑄧𑄎𑄧𑄚𑄨𑄢𑄴 𑄇𑄣𑄴𑄳𑄦𑄇𑄘 𑄇𑄨 𑄉𑄧𑄢𑄨𑄝𑄇𑄴।,একটির পর একটি কালোজাদু করতেছে
"𑄇𑄨 𑄈𑄬𑄃𑄨 𑄝𑄏𑄨𑄝𑄇𑄴, 𑄇𑄬𑄚𑄬 𑄛𑄬𑄖𑄴 𑄖𑄧𑄢𑄬𑄝𑄇𑄴।","কি খেে ক্ষুধা লাগে,কেন যে ক্ষুধা লাগে"
𑄎𑄬𑄢𑄬 𑄃𑄬𑄇𑄴𑄈𑄚𑄴 𑄉𑄧𑄢𑄨 𑄛𑄧𑄖𑄴 𑄟𑄪𑄎𑄪𑄋𑄮𑄖𑄴 - 𑄇𑄪𑄟𑄴𑄝𑄧𑄚𑄨 𑄌𑄉𑄪𑄢𑄨।,. ফলে একটা করে পথ বের হেছে - কুমা কুকুর
𑄝𑄝𑄴 - 𑄟 𑄥𑄬𑄝𑄴 𑄝𑄧𑄖𑄴𑄖𑄣𑄮𑄃𑄨 𑄃𑄬𑄇𑄴𑄘𑄨𑄚𑄴 𑄝𑄬𑄚𑄳𑄠𑄬𑄟𑄙𑄚𑄴 𑄌𑄘𑄨𑄉𑄁 𑄘𑄨𑄣𑄇𑄴 𑄣𑄧𑄢𑄴।,বাবা-মা এই বজনের জন্য একদিন বোইঘর বন্ধ করে দিল
𑄃𑄨𑄛𑄨𑄎𑄬𑄓𑄴 𑄝𑄥𑄳𑄠𑄬 𑄝𑄳𑄦𑄟𑄧𑄖𑄴 𑄃𑄬𑄇𑄴 𑄌𑄨𑄚𑄴𑄛𑄧𑄎𑄳𑄠𑄧 𑄟𑄚𑄴𑄎𑄮 𑄊𑄧𑄢𑄧𑄖𑄴 𑄃𑄪𑄘𑄨 𑄗𑄧𑄢𑄴 𑄙𑄧𑄢𑄴𑄣𑄇𑄴।,ইপিজেডের বাঁশটা এক চিনের বািে উঠছে
"𑄑𑄚𑄥𑄬𑄎𑄬𑄢𑄬𑄠𑄳𑄠𑄬 𑄎𑄨𑄁𑄇𑄚𑄨, 𑄃𑄬 𑄇𑄣𑄴𑄇𑄘𑄖𑄴 𑄛𑄧𑄎𑄳𑄠𑄬 𑄟𑄚𑄴𑄎𑄮𑄢𑄬 𑄇𑄨 𑄃𑄢𑄴 𑄌𑄮𑄇𑄴 𑄟𑄬𑄣𑄨 𑄢𑄨𑄚𑄨 𑄌𑄬𑄃𑄨 𑄗𑄬𑄃𑄨 𑄛𑄢𑄬।","টানাহেঁচা জীবনে জীবন, এই সমে পে থাকা মানুষরা কি আর চোখ বন্ধ করে থাকতে পারে"
"𑄦𑄎𑄢𑄴 𑄦𑄮𑄇𑄴 𑄎𑄖𑄴𑄞𑄬𑄃𑄨 𑄡𑄬 𑄡𑄨𑄠𑄚𑄴 𑄛𑄢𑄬 𑄥𑄨𑄠𑄚𑄴 𑄝𑄧𑄣𑄴 𑄘𑄨𑄣𑄇𑄴, 𑄝𑄪𑄘𑄴𑄙𑄨 𑄘𑄨𑄣𑄇,𑄴 𑄃𑄬𑄎𑄣𑄴 𑄘𑄨𑄣𑄇𑄴।","হাজার হোক জাতটা যে শক্তি আছে সেটা বল দিল, বুদ্ধি দিল"
𑄢𑄧𑄎𑄧𑄚𑄨 𑄃𑄧𑄎𑄧𑄚𑄨 𑄎𑄨𑄁𑄇𑄚𑄨𑄢𑄴 𑄖𑄨𑄙𑄬 - 𑄟𑄨𑄙𑄬 𑄃𑄬𑄋𑄬𑄢𑄨 𑄛𑄮𑄣𑄳𑄠𑄬 𑄟𑄪𑄃𑄧𑄟𑄨 𑄦𑄧𑄣𑄇𑄴𑄴।,.রান্নার সম অনেক মিষ্টি কথা বলে -মিষ্টি কথা বলতেছি
𑄘𑄨𑄚𑄴 𑄡𑄘𑄬 𑄛𑄬𑄖𑄴 𑄖𑄧𑄢𑄬𑄝𑄢𑄴 𑄎𑄪 𑄃𑄮 𑄦𑄧𑄣𑄧 - 𑄘𑄨 𑄎𑄧𑄚𑄢𑄴 𑄎𑄧𑄘 𑄇𑄪𑄟𑄴𑄝𑄧𑄚𑄨𑄖𑄴 𑄌𑄉𑄪𑄢𑄨 𑄟𑄨𑄣𑄨𑄣𑄧।,প্রতিদিন ক্ষুধা লাগতেছে-দুইজন লোকের জাগা চামা মিলল
𑄝𑄬𑄘𑄧𑄚𑄴 𑄝𑄬𑄌𑄴 𑄚𑄧 𑄦𑄧𑄣𑄬𑄃𑄮 𑄛𑄬𑄖𑄴 𑄖𑄧𑄢𑄬𑄝𑄢𑄴 𑄥𑄪𑄘𑄪𑄢𑄪𑄋𑄧 𑄃𑄢𑄴 𑄦𑄧𑄣𑄧।,বেইনটা বেশি না হলেও ক্ষুধা লাগতেছে আবার
𑄢𑄧𑄎𑄧𑄚𑄨 𑄃 𑄃𑄧𑄎𑄚𑄨 𑄛𑄮𑄣𑄳𑄠𑄬 𑄛𑄮𑄣𑄳𑄠𑄬 𑄞𑄧𑄎𑄚𑄴 𑄟𑄧𑄚𑄴𑄘𑄨𑄣𑄴 𑄉𑄧𑄟𑄴 𑄉𑄧𑄢𑄨 𑄇𑄘𑄬𑄣𑄇𑄴।,শীতকালের সম ভে ভে ভালো করে রোদ পোহালো
𑄣𑄢𑄬 𑄣𑄢𑄬 𑄉𑄧𑄞𑄨𑄚𑄴 𑄉𑄋𑄧 𑄥𑄬𑄢𑄬 𑄌𑄧𑄢𑄴 𑄎𑄉 𑄙𑄧𑄢𑄴 𑄣𑄧।,ধীরে ধীরে গহীন জঙ্গলের মধ্যে জাগা ধরে নাও
𑄃𑄬𑄇𑄴 𑄎𑄧𑄚𑄴 𑄝𑄬𑄚𑄳𑄠𑄬 𑄉𑄘𑄖𑄴 𑄛𑄧𑄣𑄳𑄠𑄬 𑄃𑄢𑄧 𑄃𑄬𑄇𑄴 𑄎𑄧𑄚𑄴 𑄝𑄬𑄣𑄳𑄠𑄬 𑄉𑄘𑄖𑄴।,এক জন বোর গাদা পেছে এবং এক জন বোর গাদা
𑄃𑄧𑄇𑄴𑄖𑄧 𑄃𑄧𑄇𑄴𑄖𑄧 𑄃𑄬𑄇𑄴 𑄊𑄧𑄢𑄧𑄖𑄴 𑄗𑄬𑄭𑄚𑄬 𑄘𑄬𑄊𑄘𑄬𑄊𑄨 𑄚𑄧 𑄦𑄧𑄚𑄴 𑄥𑄛𑄴𑄖 𑄟𑄪𑄣𑄮 𑄥𑄧𑄁।,অনেক অনেক এক বািে দাঁিে দেখা যা না
𑄝𑄎𑄢𑄴 𑄉𑄧𑄢𑄚 𑄃𑄬𑄇𑄴 𑄥𑄧𑄟𑄢𑄬 𑄘𑄧𑄏𑄧𑄚𑄴 𑄇𑄧𑄟𑄴 𑄦𑄧𑄘𑄧।,বাজার করা এক সাথে দশ জনের কম হ
𑄈𑄨𑄎𑄈𑄨𑄌𑄳𑄠𑄬 𑄛𑄧𑄢𑄴𑄣𑄬 𑄇𑄉𑄧𑄎𑄖𑄴 𑄣𑄨𑄉𑄨 𑄡 𑄛𑄧𑄖𑄴𑄖𑄧।,খিটখিটে পরলে কাগজ দিে যা
"𑄃𑄟𑄨𑄎 𑄇𑄚𑄨𑄥𑄣𑄧𑄖𑄴 𑄣𑄬𑄊 𑄗𑄬𑄘𑄧 - 𑄉𑄘𑄖𑄴 𑄡𑄬𑄝𑄢𑄴 𑄃𑄉𑄬 𑄝𑄎𑄢𑄴 𑄉𑄧𑄢𑄨𑄌𑄴, 𑄃𑄨𑄠𑄚𑄴 𑄃𑄨𑄠𑄚𑄴 𑄇𑄨𑄚𑄨 𑄃𑄚𑄨𑄌𑄴।",আমিজা কানিে লেখা আছে-গাে যাওার আগে বাজার করে নিে আসো
"𑄟𑄧𑄢𑄨𑄌𑄴 𑄚𑄬𑄃𑄨, 𑄌 𑄛𑄘 𑄚𑄬𑄃𑄨 .. 𑄃𑄬𑄎𑄚𑄴 𑄃𑄬𑄎𑄚𑄴 𑄉𑄧𑄢𑄨।","মরিচ নেই,চামার পাতা নেই"
𑄝𑄝𑄴 - 𑄞𑄬𑄃𑄨 𑄍𑄢𑄨 𑄃𑄬 𑄚𑄨𑄢𑄬𑄖𑄨𑄖𑄳𑄠𑄬 𑄎𑄨𑄁𑄇𑄚𑄨 𑄥𑄧𑄣 𑄥𑄧𑄣 𑄞𑄝𑄨 𑄞𑄝𑄨 𑄃𑄧𑄇𑄴𑄖𑄧 𑄃𑄧𑄇𑄴𑄖𑄧 𑄘𑄨 𑄎𑄧𑄚𑄬 𑄃𑄩𑄙𑄮𑄖𑄴 𑄖𑄪𑄣𑄨 𑄖𑄪𑄣𑄨 𑄝𑄳𑄦𑄧 𑄚𑄨𑄏𑄌𑄴 𑄜𑄬𑄣𑄚𑄴 𑄃 𑄟𑄪𑄎𑄪𑄋𑄮 𑄛𑄧𑄖𑄴𑄗𑄚𑄴 𑄞𑄝𑄨 𑄇𑄪𑄣𑄮𑄖𑄴 𑄞𑄨𑄢𑄨𑄝𑄢𑄴 𑄌𑄚𑄴।,ব ভাই-বোনেরা এই কম খরচে জীবন যাপনের জন্য দুইজনে একসাথে হেঁটে যাচ্ছে
𑄘𑄨𑄎𑄧𑄚𑄧 𑄟𑄪𑄎𑄪𑄋𑄬 𑄎𑄬𑄚𑄬 𑄃𑄧𑄇𑄪𑄣𑄴 𑄘𑄧𑄎𑄳𑄠।,দুইজন লোক একসাথে গেলে অনেক বিপদ
"𑄃𑄬𑄃𑄨𑄇𑄪𑄣𑄴 𑄘𑄧𑄎𑄳𑄠 𑄛𑄢𑄴 𑄦𑄧𑄘𑄬 𑄣𑄉𑄬-𑄖𑄬𑄋 𑄃 𑄝𑄨𑄘𑄳𑄠𑄝𑄧𑄣𑄴, 𑄡𑄨𑄠𑄚𑄴 𑄖𑄢𑄢𑄴 𑄘𑄮𑄎𑄧𑄚𑄢𑄴 𑄚𑄬𑄃𑄨।","এই কুলে দশ জন লাগে-টাকা এই কূলে লাগে,যেটা তাদের দোজনার নেই"
"𑄝𑄨𑄘𑄳𑄠 𑄚𑄧 𑄗𑄬𑄣𑄬 𑄚𑄧 𑄗𑄬𑄣𑄬 𑄟𑄧𑄢 𑄜𑄬𑄘𑄬𑄢 𑄌𑄉𑄪𑄢𑄨, 𑄟𑄧𑄢 𑄜𑄬𑄘𑄬𑄢 𑄌𑄉𑄪𑄢𑄨 𑄟𑄚𑄬 𑄚𑄨𑄢𑄬𑄖𑄨𑄖𑄳𑄠𑄬 𑄎𑄨𑄁𑄇𑄚𑄨।",বিদা না থাকলে মরা মরা চামা চামা চামা চামা চামা চা করে জীবন
𑄢𑄧𑄎𑄧𑄚𑄨 𑄃𑄧𑄇𑄴𑄖𑄧 𑄃𑄧𑄇𑄴𑄖𑄧 𑄉𑄃𑄨 𑄉𑄃𑄨 𑄉𑄪𑄘𑄨𑄖𑄴 𑄛𑄧𑄢𑄨 𑄞𑄝𑄬 - 𑄉𑄧𑄟𑄴 𑄝𑄨𑄘𑄳𑄠 𑄚𑄧 𑄗𑄚𑄃𑄨 𑄃𑄬𑄌𑄳𑄠𑄬 𑄃𑄬 𑄘𑄧𑄏!,সারাদিন একা একা রুমে থাকে - ভালো রেজাল্ট না করে এই বিপদ আসতেছে!
𑄞𑄝𑄧𑄘𑄬 𑄞𑄝𑄧𑄘𑄬 𑄇𑄪𑄣𑄴 𑄃𑄮 𑄎𑄬𑄚𑄬 𑄜𑄬𑄣𑄧।,.ভাবতে ভাবতে কুলও জেনে নাও
𑄟𑄧𑄚𑄴 𑄗𑄨𑄘𑄧 𑄉𑄧𑄢𑄴𑄣𑄧 - 𑄃. 𑄃𑄬. 𑄞𑄧𑄖𑄴𑄖𑄨 𑄦𑄧𑄝𑄧।,মন শান্ত করো -এইটা ঠিক হবে
"𑄇𑄪𑄟𑄴𑄝𑄨𑄚𑄨 𑄌𑄉𑄪𑄢𑄨, 𑄢𑄬𑄘𑄮 𑄇𑄧𑄣𑄬𑄎𑄧𑄖𑄴 𑄉𑄣 𑄉𑄣 𑄇𑄬𑄣𑄌𑄴 𑄉𑄧𑄢 𑄡𑄬𑄝𑄧, 𑄃𑄨𑄠𑄚𑄴 𑄞𑄝𑄨𑄚𑄬 𑄢𑄧𑄎𑄧𑄚𑄨𑄢𑄴 𑄞𑄧𑄖𑄴 𑄖𑄨 𑄦𑄧𑄣𑄧 ।","কুমি চামা, রাতের বেলা গালা গালা ক্লাস করতে হবে, এই চিন্তা মনটা তেতো হেছে"
𑄖𑄢𑄬 𑄘𑄬𑄃𑄨 𑄃𑄧𑄎𑄧𑄚𑄨 𑄃𑄮 𑄖𑄢𑄬 𑄝𑄬𑄋𑄬𑄣𑄧।,তাকে দিে অজনি ও তাকে বেইন করল
𑄖𑄬𑄠𑄮 𑄖 𑄥𑄧𑄟𑄢𑄬 𑄃𑄬𑄇𑄴𑄘𑄨𑄚𑄴 𑄡𑄬𑄃𑄨 𑄞𑄧𑄖𑄴𑄖𑄨 𑄦𑄧𑄣𑄧।,সে তার সাথে একদিন যে ভ পেল
"𑄎𑄨𑄢𑄬𑄚𑄴 𑄗𑄬𑄣𑄬 𑄘𑄨𑄎𑄧𑄚𑄬 𑄛𑄧𑄢𑄚𑄨 𑄞𑄋𑄌𑄪𑄢𑄧 𑄉𑄧𑄢𑄧𑄚𑄴, 𑄃𑄨𑄠𑄚𑄴 𑄘𑄨𑄎𑄧𑄚𑄢𑄬 𑄃𑄬𑄇𑄴𑄇𑄚𑄴 𑄚𑄪𑄃𑄧 𑄎𑄨𑄁𑄇𑄚𑄨𑄖𑄴 𑄎𑄬𑄚𑄬 𑄚𑄬𑄎 𑄙𑄧𑄢𑄴𑄣𑄧।","বেঁচে থাকলে দুইজনে পাচা করে,এইটা দুইজনে একটা নতুন জীবনে ঢুকে নেওা ধরলো"
"𑄃𑄬𑄝𑄢𑄧𑄖𑄴 𑄥𑄧𑄟𑄎𑄳𑄠𑄬𑄣𑄮𑄃𑄨 𑄇𑄧𑄟𑄴 𑄉𑄧𑄛𑄴 𑄟𑄢𑄚, 𑄃𑄣𑄴𑄎𑄨 𑄃𑄧𑄇𑄴𑄖𑄧 𑄜𑄬𑄣𑄚, 𑄝𑄢𑄥𑄪𑄘𑄧 𑄇𑄧𑄘 𑄟𑄬𑄣𑄚 𑄝𑄧𑄚𑄴 𑄦𑄮𑄃𑄨 𑄥𑄪𑄇𑄟𑄧𑄖𑄴 𑄃𑄧𑄇𑄴 𑄖𑄧𑄚𑄨 𑄇𑄪𑄣𑄧𑄈𑄎 𑄦𑄮 𑄙𑄧𑄢𑄴𑄣𑄧।","এইবারে সমাজ থেকে কম কথা বলা,আবোল তাবোল কথা বলা অনেক সুবিধা হলো"
"𑄞𑄬𑄭𑄘𑄮 𑄥𑄧𑄟𑄎𑄳𑄠𑄬 𑄖𑄢𑄢𑄬 𑄌𑄧𑄌𑄴𑄎𑄚𑄴, 𑄇𑄧𑄚𑄴 - 𑄘𑄧𑄌𑄴 𑄥𑄧𑄟𑄎𑄧𑄖𑄴 𑄚𑄧 𑄟𑄨𑄣𑄬।","ভাই-বোনেরা তাদেরকে ঘৃণা করে,কোন সমে মিলে না"
𑄖𑄢 𑄘𑄨𑄎𑄧𑄚𑄬 𑄥𑄨𑄠𑄚𑄨 𑄖𑄳𑄠𑄬𑄚𑄴 𑄟𑄳𑄦𑄧𑄣𑄴 𑄚𑄧 𑄉𑄧𑄢𑄧𑄚𑄴।,তারা দুজনেই সেগুলো গ্রাহ্য করে না
𑄃𑄧𑄇𑄴𑄖𑄧 𑄃𑄧𑄇𑄴𑄖𑄧 𑄃𑄧𑄎𑄧𑄚𑄨 𑄢𑄧𑄎𑄧𑄚𑄨𑄢𑄬 𑄚𑄚 𑄝𑄝𑄧𑄖𑄳𑄠𑄬 𑄇𑄧𑄘 𑄇𑄚𑄧𑄖𑄴 𑄘𑄬।,অনেক অনেক অসুুস্থ মানুষদের কথা কানে দেওা
𑄢𑄧𑄎𑄧𑄚𑄨 𑄥𑄬𑄇𑄳𑄠𑄬 𑄇𑄧𑄘𑄧 - 𑄟𑄚𑄴𑄎𑄮𑄢𑄴 𑄝𑄬𑄇𑄴 𑄇𑄧𑄘𑄚𑄨 𑄇𑄚𑄧𑄖𑄴 𑄞𑄧𑄢𑄬 𑄚𑄧 𑄛𑄢𑄬।,শীতকালের কেকটা তরকারি কানে নিতে পারে না
𑄃𑄧𑄎𑄧𑄚𑄨 𑄃𑄧𑄇𑄴𑄖𑄧 𑄃𑄧𑄇𑄴𑄖𑄧 𑄚𑄚 𑄝𑄝𑄧𑄖𑄳𑄠𑄬 𑄇𑄧𑄘 𑄥𑄪𑄚𑄨 𑄟𑄧𑄚𑄴 𑄉𑄮𑄢𑄴 𑄉𑄧𑄢𑄨 𑄗𑄠𑄴।,সবসম কথা বলে মন ভালো করে থাকে
"𑄢𑄧𑄎𑄧𑄚𑄨𑄢𑄬 𑄃𑄬𑄃𑄨 𑄥𑄬𑄃𑄨 𑄥𑄪𑄚𑄮𑄠𑄴, 𑄥𑄬𑄇𑄳𑄠𑄬 𑄢𑄧𑄎𑄧𑄚𑄨 𑄇𑄧𑄘𑄧-𑄥𑄧𑄟𑄎𑄳𑄠𑄬 𑄜𑄉𑄧𑄖𑄴 𑄛𑄧𑄢𑄨 𑄝𑄧𑄎𑄧𑄁 𑄃𑄟𑄧𑄣𑄴 𑄝𑄎𑄬𑄣𑄬 𑄇𑄨 𑄉𑄧𑄟𑄴 𑄦𑄧𑄝𑄧!",".রাজনদেরকে এই সেই শোনো,সে সমে কথা বলে আর কি ভালো হবে!"
𑄃𑄧𑄎𑄧𑄚𑄨 𑄚𑄧 𑄟𑄙𑄨 𑄗𑄬𑄘𑄧।,সামর্থ্য না থাকলে চুপ করে থাকে
𑄟𑄪𑄢𑄧𑄖𑄴 𑄛𑄧𑄢𑄨 𑄢𑄧𑄎𑄧𑄚𑄨 𑄇𑄧𑄘 𑄖𑄧𑄣𑄴𑄝𑄨𑄌𑄴 𑄉𑄧𑄢𑄬।,.মোরগ পীা কথা বলতেছে
𑄇𑄧𑄟𑄴 𑄇𑄧𑄘 𑄇𑄳𑄦𑄧𑄚𑄃𑄨 𑄎𑄬𑄚𑄬 𑄇𑄟𑄴 𑄥𑄨𑄘𑄴𑄙𑄨 𑄃𑄨𑄠𑄚𑄴 𑄞𑄝𑄨𑄚𑄬 𑄟𑄪𑄎𑄪𑄋𑄮 𑄛𑄧𑄗𑄴 𑄙𑄧𑄢𑄨 𑄦𑄘𑄬।,কত ব কথা বলে কাজ শেষ হে যাওা যা
𑄝𑄧𑄏𑄧𑄢𑄴 𑄡𑄘𑄬 𑄡𑄘𑄬 𑄝𑄬𑄘𑄧𑄚𑄴 𑄃𑄬𑄇𑄴𑄇 𑄝𑄢 𑄙𑄧𑄢𑄴𑄣𑄧।,বছর যেতে যেতে বেইনটা একটু বাঁকা ধরলো
𑄃𑄬𑄇𑄴𑄘𑄨𑄚𑄴 𑄃𑄧𑄎𑄧𑄚𑄨 𑄢𑄧𑄎𑄧𑄚𑄨𑄢𑄬 𑄇𑄧𑄣𑄧 - 𑄃।,এক দিন অসুুস্থ মানুষদের কল-কলানি দাও
𑄝𑄬𑄘𑄧𑄚𑄴 𑄚𑄧 𑄝𑄖𑄴𑄖𑄬 𑄚𑄧 𑄌𑄧𑄣𑄨 𑄚𑄬।,বিদ্যা না থাকলে চলে না
𑄃𑄬𑄝𑄢𑄧𑄖𑄴 𑄃𑄬𑄇𑄴𑄇 𑄉𑄪𑄣𑄮𑄘𑄧𑄇𑄴 𑄎𑄧𑄟 𑄗𑄮𑄃𑄨।,এবার একটু জমা রাখো
𑄢𑄧𑄎𑄧𑄚𑄨 𑄞𑄝𑄨 𑄌𑄬𑄃𑄨 𑄇𑄧𑄣𑄧 - 𑄌𑄧𑄣𑄨 𑄛𑄢𑄨𑄝𑄧𑄁 𑄚𑄬।,শীতকালে চিন্তা করে বললাম - চলতে পারবো নাকি
𑄢𑄧𑄎𑄧𑄚𑄨 𑄇𑄧𑄘 𑄥𑄪𑄚𑄨 𑄃𑄧𑄎𑄧𑄚𑄨 𑄇𑄧𑄣𑄧 - 𑄈𑄬𑄣𑄬 𑄇𑄨 𑄢𑄬𑄎𑄳𑄠𑄬 𑄙𑄧𑄚𑄬 𑄇𑄪𑄣𑄮𑄠𑄴!,.রজনী কথা শুনা অজগর কল - খেলে কি ধনে ধনে ভরপুর?
𑄃𑄧𑄎𑄧𑄚𑄨 𑄇𑄧𑄘𑄢𑄴 𑄎𑄮𑄝𑄴 𑄢𑄧𑄎𑄧𑄚𑄨 𑄜𑄨𑄢𑄬 𑄚𑄧 𑄛𑄢𑄴𑄣𑄧।,অসুুস্থ কাঠওালা ফিরে না
𑄃𑄬𑄝𑄢𑄧𑄖𑄴 𑄟𑄏𑄬 𑄛𑄌𑄴 𑄥𑄧𑄖𑄴 𑄖𑄬𑄇𑄳𑄠𑄬 𑄙𑄧𑄌𑄴 𑄎𑄧𑄟𑄧𑄚𑄨 𑄉𑄧𑄢 𑄙𑄧𑄢𑄴𑄣𑄇𑄴।,এবার মাঝে পাঁচ জন সমে ফর্সা হেছে
𑄃𑄨𑄚𑄴𑄘𑄨 𑄢𑄧𑄎𑄧𑄚𑄨𑄢𑄴 𑄟𑄙𑄖𑄴 𑄃𑄝𑄪𑄌𑄳𑄠𑄬 - 𑄇𑄟𑄴 𑄉𑄧𑄖𑄴𑄖𑄬 𑄉𑄧𑄖𑄴𑄖𑄬 𑄇𑄝𑄨𑄣𑄴𑄠𑄚𑄴 𑄃𑄝𑄪𑄎𑄬।,এখানে রোদ পোহাতেছে- কাজ করতে করতে চুলকাচ্ছে
𑄟𑄚𑄪𑄌𑄴 𑄇𑄟𑄬 - 𑄇𑄧𑄌𑄴𑄎𑄬 𑄛𑄁𑄇 𑄦𑄧𑄚𑄴।,মানুষ কাজে-কর্মে দক্ষ হওা
𑄇𑄟𑄴𑄟𑄮 𑄟𑄚𑄴𑄎𑄬 𑄦𑄝𑄬𑄣𑄮𑄘𑄧 𑄅𑄙𑄧𑄚𑄴𑄘𑄨 𑄛𑄧𑄙𑄴 𑄙𑄧𑄢𑄧𑄚𑄴।,কাজে যাওার সম পাহাের উপর দিে যাওা যা
𑄃𑄣𑄴𑄎𑄨 𑄃𑄬𑄇𑄴𑄎𑄧𑄚𑄴 𑄟𑄚𑄴𑄎𑄮𑄢𑄴 𑄙𑄋𑄧𑄢𑄴 - 𑄥𑄧𑄖𑄴𑄖𑄪𑄢𑄪।,এক জাতী মাছ ধরছে - সত্তুর
𑄃𑄨𑄠𑄚𑄨 𑄟𑄙𑄖𑄴 𑄢𑄉𑄬𑄃𑄨 𑄢𑄧𑄎𑄧𑄚𑄨 𑄃 𑄃𑄧𑄎𑄚𑄨 𑄚𑄨𑄎𑄧 𑄇𑄟𑄴 𑄥𑄨𑄢𑄬𑄃𑄨𑄚𑄬 𑄝𑄢𑄢𑄬 𑄃𑄮 𑄝𑄧𑄣𑄴 𑄘𑄮𑄚𑄴।,এগুলো মাথা রাগ করে নিজের কাজ করে দো
𑄘𑄨𑄚𑄴 𑄉𑄧𑄋𑄨 𑄡𑄠𑄴 𑄖𑄢 𑄘𑄨 𑄎𑄧𑄚𑄢𑄴 𑄇𑄟𑄴 𑄎𑄬𑄚𑄬 𑄚𑄧 𑄛𑄪𑄢𑄧𑄠𑄴।,সারাদিন করে যাওার পরেও তারা দুই জনের কাজ শেষ করে না
𑄃𑄬𑄚𑄬 𑄃𑄬𑄚𑄬 𑄃𑄬𑄇𑄴𑄘𑄨𑄚𑄴 𑄘𑄮𑄎𑄧𑄚𑄬 𑄛𑄧𑄢𑄨𑄇𑄴𑄈𑄬 𑄘𑄨 𑄃𑄃𑄨. 𑄃𑄬 𑄛𑄥𑄴 𑄉𑄧𑄢𑄴𑄣𑄇𑄴।,. এনে এনে একদিন দুইজনে পরীক্ষা দিে আসলাম
𑄞𑄋 𑄝𑄪𑄇𑄴 𑄃𑄬𑄇𑄴𑄇 𑄎𑄬𑄚𑄬 𑄎𑄧𑄢 𑄝𑄪𑄘𑄨𑄣𑄧।,ভাঙা বুক একটু দেখে জ্বর সেরে উঠলো
𑄃𑄚𑄴𑄘𑄢𑄧𑄖𑄴 𑄏𑄨𑄟𑄨𑄣𑄬𑄚𑄨 𑄘𑄬𑄊 𑄘𑄨𑄣𑄧।,আকাশে বিদ্যুৎ চমকানো দেখল
𑄏𑄨𑄟𑄨𑄣𑄬𑄚𑄨𑄖𑄴 𑄛𑄧𑄙𑄴 𑄖𑄧𑄮𑄉𑄚𑄥𑄚𑄴 𑄛𑄧𑄙𑄧 𑄙𑄪𑄢𑄴 𑄎𑄬𑄚𑄬 𑄖𑄮𑄉𑄬 𑄛𑄬𑄣𑄇𑄴।,বিদ্যুৎ চমকানির পথটি খুঁজে বের হলো
𑄖𑄢 𑄃𑄢𑄧 𑄝𑄨. 𑄃𑄬. 𑄞𑄧𑄖𑄴𑄖𑄨 𑄦𑄧𑄣𑄇𑄴।,তারা দুজনেই বি. এ. ভর্তি হলো
𑄟𑄧𑄢 𑄟𑄧𑄢 𑄃𑄉𑄪𑄚𑄚𑄴 𑄎𑄬𑄚𑄬 𑄙𑄪𑄟𑄬𑄃𑄨 𑄅𑄙𑄨𑄣𑄧।,মরা মরা আগুন দেখে ধোঁা উঠে গেল
𑄝𑄨𑄘𑄳𑄠 𑄣𑄧𑄚 𑄃 𑄛𑄬𑄖𑄴 𑄖𑄧𑄢𑄚।,বিদা নেওা ক্ষুধা লাগা
𑄎𑄨𑄁𑄇𑄚𑄨𑄖𑄴 𑄝𑄨𑄘𑄳𑄠𑄬 𑄇𑄨𑄖𑄳𑄠𑄬 𑄣𑄉𑄬 𑄣𑄢𑄬 𑄣𑄢𑄬 𑄃𑄢𑄧 𑄛𑄮𑄖𑄴𑄛𑄮𑄖𑄳𑄠𑄬 𑄦𑄮𑄃𑄨 𑄙𑄧𑄢𑄴𑄣𑄧।,জীবনে বিদ্যুৎ লাগে ধীরে ধীরে আর বিদ্যুৎ চমকানো হ
𑄃𑄟𑄨𑄎𑄬 𑄘𑄨𑄎𑄧𑄚𑄬 𑄃𑄬𑄇𑄴 𑄥𑄧𑄟𑄢𑄬 𑄗𑄬𑄣𑄬 𑄖𑄢 𑄇𑄪𑄃𑄨𑄇𑄨 𑄉𑄧𑄢𑄧𑄚𑄴 - 𑄃𑄠𑄴 𑄗𑄉𑄧𑄘𑄬 𑄝𑄬𑄇𑄴 𑄇𑄨𑄖𑄳𑄠𑄚𑄴 𑄘𑄨 𑄗𑄨𑄘𑄨𑄝𑄨𑄘𑄨 𑄦𑄮𑄃𑄨 𑄚𑄧 𑄛𑄢𑄴𑄣𑄬 𑄎𑄬𑄢𑄧 𑄎𑄨𑄁𑄇𑄚𑄨 𑄦𑄧𑄝𑄧 𑄃𑄝𑄨𑄣𑄬𑄎𑄧𑄢𑄴।,আমরা দুইজন এক সাথে থাকলে তারা খিলখিল করে - আর থাকতে গেলে সব কিছু ঠিকঠাক হবে না
"𑄉𑄧𑄟𑄴 𑄝𑄨𑄘𑄳𑄠 𑄉𑄧𑄟𑄴 𑄌𑄉𑄪𑄢𑄨, 𑄉𑄧𑄟𑄴 𑄌𑄉𑄪𑄢𑄨 𑄉𑄧𑄟𑄴 𑄎𑄨𑄁𑄇𑄚𑄨।","ভালো কাজ ভালো চাকরি, ভালো কাজ"
𑄃𑄬𑄇𑄴𑄘𑄨𑄚𑄴 𑄃𑄧𑄎𑄧𑄚𑄨 𑄇𑄧𑄢𑄧𑄖𑄴 𑄖𑄢𑄢𑄴 𑄛𑄮𑄣𑄳𑄠𑄬 𑄛𑄪𑄃𑄧 𑄃𑄧𑄎𑄧𑄣𑄬 𑄥𑄪𑄘𑄮𑄝𑄧𑄣 𑄥𑄚𑄴𑄉𑄧𑄢𑄨 𑄃𑄝𑄪𑄎𑄨𑄣𑄧𑄉𑄨।,এক দিন যুদ্ধ করতেছে তাদের ছেলে পার সমে শুে আছে
𑄛𑄮𑄣𑄳𑄠𑄬 𑄛𑄮𑄣𑄳𑄠𑄬 𑄈𑄪𑄎𑄨𑄠𑄬 𑄘𑄨𑄚𑄴 𑄉𑄧𑄋𑄨 𑄉𑄬𑄣𑄧।,পে পে দিন কেটে গেল
"𑄎𑄬𑄢𑄬 𑄘𑄨𑄚𑄴 𑄛𑄧𑄖𑄴𑄖𑄨 𑄝𑄬𑄣𑄚𑄴 𑄅𑄘𑄧𑄧𑄘𑄬 𑄥𑄧𑄥𑄉𑄧𑄢𑄴 𑄃𑄚𑄚, 𑄎𑄪𑄢𑄧𑄚 𑄃𑄝𑄧𑄢𑄴 𑄈 𑄙𑄧𑄢𑄴𑄣𑄧।",".অন্যরা দিন দুপুরে সূর্য ডোবার সম লবণ নিে আসা, জুে আপ্প খাওা শুরু করল"
𑄎𑄨𑄁𑄇𑄚𑄨𑄢𑄴 𑄖𑄨𑄙𑄬𑄠𑄚𑄴 𑄃𑄬𑄝𑄢𑄧𑄖𑄴 𑄃𑄢𑄧 𑄉𑄢𑄪 𑄦𑄧𑄣𑄧।,জীবনে তেতো হেছে
𑄃𑄧𑄎𑄧𑄚𑄨 𑄥𑄧𑄝𑄧𑄚𑄴 𑄎𑄬𑄚𑄬 𑄃𑄬 𑄖𑄨𑄙𑄬 𑄉𑄧𑄋𑄧𑄖𑄴 𑄞𑄎𑄨 𑄡 𑄙𑄧𑄢𑄴𑄣𑄧।,এই তিতা গে ভে যা
𑄢𑄧𑄎𑄧𑄚𑄨 𑄝𑄨. 𑄃𑄬. 𑄛𑄨𑄢𑄨𑄇𑄴𑄈𑄬 𑄘𑄨𑄣𑄬 𑄃𑄮 𑄃𑄧𑄎𑄧𑄚𑄨𑄢𑄴 𑄚𑄧 𑄦𑄧𑄣𑄧।,রগচটা বি. এই রোগটা সহ্য হলো না
𑄃𑄧𑄎𑄧𑄣𑄳𑄠𑄬𑄢𑄬 𑄃𑄬 𑄛𑄮𑄢𑄇𑄧𑄝𑄣𑄳𑄠𑄬 𑄘𑄨𑄚𑄮𑄖𑄴 𑄘𑄨 𑄃𑄬𑄇𑄴 𑄎𑄧𑄚𑄬 𑄌𑄬𑄃𑄨 𑄘𑄬𑄚𑄃𑄨 𑄃𑄧𑄎𑄧𑄚𑄨 𑄌𑄉𑄪𑄢𑄨𑄠𑄚𑄴 𑄇𑄧𑄚𑄧 𑄝𑄝𑄧𑄘𑄬 𑄗𑄨𑄘𑄨 𑄢𑄉𑄬𑄣𑄧।,এত ব দিনে দুইজনে তাাতাি চেে দিে দুইজনে খেে নিল
"𑄚𑄉𑄚𑄇𑄳𑄠𑄬, 𑄖𑄚𑄛𑄧𑄎𑄳𑄠𑄬𑄚𑄴 𑄎𑄨𑄁𑄇𑄚𑄨 𑄣𑄮𑄇𑄴𑄘𑄮𑄇𑄳𑄠𑄬 𑄉𑄢𑄨 𑄥𑄚𑄴 𑄘𑄬𑄇𑄳𑄠𑄬𑄢𑄴 𑄥𑄬𑄇𑄳𑄠𑄬𑄢𑄴 𑄉𑄧𑄢𑄨 𑄟𑄪𑄎𑄪𑄋𑄧 𑄛𑄧𑄗𑄴 𑄙𑄧𑄢𑄨 𑄦𑄘 𑄙𑄧𑄢𑄴𑄣𑄧।",".নাগাে,তানাাতাি মানুষরা যে পথ ধরে হেঁটে যাচ্ছে"
𑄃𑄧𑄎𑄧𑄣𑄳𑄠𑄬𑄢𑄴 𑄛𑄨𑄢𑄘𑄨𑄢𑄬𑄖𑄴 𑄖𑄨𑄙𑄬𑄟𑄨𑄘𑄬𑄢𑄴 𑄖𑄪𑄢𑄴 𑄝𑄢𑄨𑄘𑄧।,এক জাতী অসুখে তেতো তেতো করে
𑄖𑄪𑄢𑄴 𑄠𑄚𑄴 𑄃𑄢𑄧 𑄝𑄢𑄨𑄘𑄨 - 𑄎𑄧𑄚𑄨 𑄅𑄘𑄮𑄢𑄴 𑄙𑄢𑄴 𑄃 𑄟𑄚𑄴𑄎𑄮𑄢𑄴 𑄃𑄬𑄎𑄣𑄴 𑄚𑄧 𑄟𑄨𑄣𑄨𑄘𑄧।,তুর-নাা আর বারিা - জঙ্গলের ধার আর আসে না
𑄘𑄧𑄥𑄴 - 𑄥𑄧𑄟𑄌𑄴 𑄇𑄨𑄖𑄳𑄠𑄬 𑄃𑄧𑄎𑄧𑄚𑄨 𑄃 𑄢𑄧𑄎𑄧𑄚𑄨 𑄈𑄧𑄚𑄴𑄘𑄧𑄢𑄬 𑄈𑄧𑄚𑄴𑄘𑄧𑄢𑄬 𑄝𑄪𑄌𑄴 𑄜𑄬𑄣𑄇𑄴।,দস-সমের সম অনেক পানি পে যা
𑄃𑄬 𑄘𑄪𑄉𑄮 𑄘𑄨𑄚𑄮𑄖𑄴 𑄃𑄬𑄇𑄴𑄘𑄨𑄚𑄴 𑄥𑄪𑄈𑄬𑄚𑄴 𑄃𑄬𑄣𑄧 - 𑄢𑄧𑄎𑄧𑄚𑄨 𑄝𑄨. 𑄃𑄬. 𑄛𑄥𑄴 𑄉𑄧𑄢𑄴𑄣𑄧।,এই দুই দিনে একদিন সুখ আসলো-রজনি বি. এ. পাা করল
"𑄥𑄧𑄟𑄎𑄳𑄠𑄬, 𑄊𑄧𑄢𑄴 𑄝𑄮𑄠𑄴 𑄝𑄬𑄉𑄬 𑄟𑄧𑄚𑄴 𑄘𑄨𑄣𑄴 𑄉𑄧𑄟𑄴 𑄦𑄧𑄣𑄧।","সমাজ, বাির বই বেশি করে মন দো ভালো হলো"
𑄊𑄧𑄢𑄧 𑄝𑄝𑄴-𑄟𑄠𑄪𑄚𑄬 𑄥𑄟𑄴𑄝𑄘𑄴 𑄚𑄬𑄎 𑄙𑄧𑄢𑄴𑄣𑄇𑄴।,বাির বাবা-মা মাছ ধরতেছে
"𑄌𑄉𑄪𑄢𑄨𑄖𑄴 𑄙𑄛𑄴 𑄝𑄢𑄨𑄣𑄧, 𑄝𑄬𑄖𑄧𑄚𑄴 𑄝𑄢𑄨𑄣𑄧।",.চাকা পাহাে পাহাের বোল
𑄘𑄨 𑄎𑄧𑄚𑄧 𑄉𑄨𑄢𑄨𑄖𑄴𑄖𑄨 𑄎𑄣𑄝𑄴𑄝𑄧𑄢𑄴 𑄦𑄮 𑄙𑄧𑄢𑄴𑄣𑄧।,দুইজন লোক জালা ধরলো
𑄎𑄧𑄚𑄴 𑄇𑄧𑄟𑄴 𑄗𑄚𑄃𑄨 𑄊𑄧𑄢𑄴 - 𑄉𑄨𑄢𑄨𑄖𑄴𑄖𑄨𑄢𑄴 𑄎𑄬 𑄅𑄚𑄧 𑄥𑄨𑄠𑄚𑄴 𑄞𑄧𑄢𑄬𑄝𑄖𑄳𑄠𑄬 𑄢𑄧𑄎𑄧𑄚𑄨 𑄟𑄝𑄮 𑄃𑄬𑄝𑄢𑄧𑄖𑄴 𑄃𑄝𑄪𑄎𑄨𑄣𑄧𑄉𑄨।,মানুষ কম থাকা বাি-ঘর - গিরিপথ যে দিে সেটা ভরা হ
𑄃𑄧𑄎𑄧𑄣𑄳𑄠𑄬𑄢𑄬 𑄌𑄮𑄇𑄴𑄘𑄬𑄚 𑄃 𑄊𑄧𑄢𑄴 𑄢𑄊𑄚 ।,এত বেকে চোখ বন্ধ করা আর বাি করা
𑄃𑄬𑄝𑄢𑄧𑄖𑄴 𑄃𑄧𑄎𑄧𑄚𑄨𑄢𑄴 𑄃𑄬𑄇𑄴𑄇 𑄍𑄬𑄢𑄴 𑄦𑄧𑄣𑄧।,এইবারে সম একটু কম হলো
"𑄖𑄬 𑄃𑄮 𑄝𑄨. 𑄃𑄬. 𑄛𑄧𑄢 𑄙𑄧𑄢𑄴𑄣𑄧 𑄃 𑄢𑄧𑄎𑄧𑄚𑄨 𑄃𑄬𑄟. 𑄃𑄬. 𑄛𑄧𑄢𑄨𑄇𑄴𑄈𑄬 𑄘𑄬𑄚, 𑄃𑄢𑄧 𑄉𑄧𑄟𑄴 𑄌𑄉𑄪𑄢𑄨 𑄖𑄮𑄉𑄚 𑄝𑄚 𑄃𑄬 𑄘𑄨𑄠𑄚𑄴 𑄇𑄟𑄴।","সে এখনো বি. বি. এ. পতেছে, এই পরীক্ষাটা দাও, আর ভালো চামা দো শুধু এই দুইটা কাজ"
𑄢𑄧𑄎𑄚𑄨𑄢𑄴 𑄌𑄉𑄪𑄢𑄨𑄖𑄴 𑄙𑄛𑄴 𑄝𑄢𑄚𑄃𑄨 - 𑄝𑄬𑄉𑄧 𑄟𑄙𑄖𑄴 𑄃𑄝𑄪𑄎𑄨𑄣𑄧 𑄃𑄬𑄎𑄚𑄴 𑄇𑄟𑄴 𑄘𑄧 𑄃𑄟𑄨 𑄃𑄮 𑄉𑄧𑄢𑄨 𑄛𑄖𑄴𑄖𑄧𑄁।,.রজা নিে পালিে যাওা-পালিে যাওার সম যে কাজ আমরা করি
𑄇𑄣𑄨𑄇𑄴 𑄚𑄧 𑄉𑄧𑄢𑄨 ।,কালি না করে
𑄥𑄬𑄖𑄳𑄠𑄬 𑄎𑄨𑄁𑄇𑄚𑄨𑄢𑄬 𑄝𑄧𑄘𑄧𑄣𑄬 𑄚𑄧 𑄛𑄢𑄨।,সে জীবনটা বদলাতে পারে না
𑄝𑄬𑄉𑄬 𑄇𑄪𑄃𑄨𑄝𑄪𑄣𑄧 𑄉𑄧𑄢 𑄙𑄧𑄢𑄴𑄣𑄇𑄴 𑄢𑄧𑄎𑄧𑄚𑄨 𑄃𑄢𑄧 𑄃𑄇𑄴𑄇𑄮𑄃𑄨 𑄡𑄬𑄝𑄧।,দ্রুত গরম হে যাবে
𑄢𑄧𑄎𑄧𑄚𑄨 𑄃𑄬𑄟𑄴. 𑄃𑄬. 𑄛𑄧𑄢𑄨𑄇𑄴𑄈𑄬 𑄘𑄨 𑄃𑄬𑄟𑄴. 𑄃𑄬. 𑄛𑄥𑄴 𑄉𑄧𑄢𑄨𑄣𑄧 𑄃 𑄃𑄧𑄎𑄧𑄚𑄨 𑄝𑄨. 𑄃𑄬. 𑄛𑄧𑄢𑄨𑄇𑄴𑄈𑄬 𑄘𑄨 𑄝𑄨. 𑄃𑄬. 𑄛𑄥𑄴 𑄉𑄧𑄢𑄨𑄣𑄴।,"রোদ পোহাতে দিতে আসলাম,এত পতেছি আমি,এত পতে আসলাম"
"𑄉𑄧𑄘 𑄝𑄳𑄦𑄟𑄴 𑄃 𑄃𑄘𑄟𑄴 𑄙𑄪𑄣𑄪𑄟𑄪𑄣𑄪 - 𑄃𑄧𑄎𑄧𑄚𑄨, 𑄢𑄧𑄎𑄧𑄚𑄨 - 𑄘𑄪𑄇𑄴 𑄇𑄟𑄴, 𑄌𑄬𑄢𑄬𑄌𑄴𑄖𑄠𑄴 𑄇𑄨 𑄚𑄧 𑄦𑄧𑄠𑄴।",পুরো বামহাতি এই গ্রামের ঢোলটা - বাজানোর সম কিছুই হ না
𑄚𑄨𑄎𑄧 𑄦𑄝𑄬𑄣𑄬𑄖𑄴 𑄚𑄨𑄎𑄬 𑄜𑄨𑄢 𑄛𑄧𑄢𑄬।,নিজে নিজে ফিরতে হ
"𑄃𑄧𑄎𑄧𑄚𑄨, 𑄢𑄧𑄎𑄧𑄚𑄨𑄢𑄴 𑄟𑄪𑄎𑄪𑄋𑄧 𑄇𑄪𑄠𑄮𑄚𑄨 𑄣𑄢𑄬 𑄣𑄢𑄬 𑄟𑄨𑄣𑄬𑄃𑄨 𑄡 𑄙𑄧𑄢𑄴𑄣𑄧।",অসুুস্থ কুাগুলো ধীরে ধীরে মেেগুলো ধরলো
𑄃𑄬𑄝𑄢𑄧𑄖𑄴 𑄃𑄬𑄇𑄴𑄇 𑄃𑄬𑄇𑄴𑄇 𑄘𑄨𑄎𑄧𑄚𑄧 𑄥𑄧𑄁𑄥𑄢𑄧𑄖𑄴 𑄥𑄪𑄉𑄮 𑄛𑄳𑄦𑄧𑄢𑄴 𑄜𑄪𑄘𑄮 𑄙𑄧𑄢𑄴𑄣𑄧।,এবার একটু দুইজনে শুকরের আলো ধরলো
"𑄖𑄬𑄋, 𑄝𑄨𑄘𑄳𑄠𑄬𑄠𑄴 𑄟𑄚𑄴 𑄎𑄮𑄢𑄴 𑄟𑄧𑄚𑄴 𑄝𑄧𑄣 𑄉𑄧𑄢𑄬।","টাকা,বিদাে মানুষ ভালো করে চিন্তা করে"
𑄃𑄧𑄎𑄧𑄚𑄨 𑄃𑄢𑄧 𑄥𑄧𑄝𑄧𑄚𑄴 𑄘𑄬𑄊𑄬।,অসুুস্থ অবস্থা
𑄢𑄧𑄎𑄧𑄚𑄨 𑄉𑄧𑄟𑄴 𑄌𑄉𑄪𑄢𑄨 𑄖𑄮𑄉𑄘𑄬 𑄖𑄮𑄉𑄘𑄬 𑄃𑄬𑄇𑄴𑄘𑄨𑄚𑄴 𑄃𑄬𑄇𑄴𑄇𑄚𑄴 𑄉𑄧𑄟𑄴 𑄌𑄉𑄪𑄢𑄨 𑄟𑄨𑄣𑄬𑄣𑄧।,শীতকালে ভালো চামা খুঁজতে খুঁজতে একদিন একটা ভালো চামা মিলল
"𑄉𑄧𑄟𑄴 𑄝𑄬𑄖𑄧𑄚𑄴, 𑄉𑄧𑄟𑄴 𑄖𑄬𑄋, 𑄉𑄧𑄟𑄴 𑄎𑄨𑄁𑄇𑄚𑄨।","ভালো বেতন, ভালো টাকা, ভালো জীবন"
"𑄇𑄪𑄟𑄴𑄝𑄧𑄚𑄨 𑄌𑄉𑄪𑄢𑄨𑄠𑄚𑄴 𑄃𑄨𑄢𑄨 𑄚𑄪𑄃𑄧 𑄌𑄉𑄪𑄢𑄨𑄖𑄴 𑄥𑄧𑄟𑄬𑄣𑄧 𑄣𑄧𑄉𑄬 𑄃𑄧𑄎𑄧𑄚𑄨, 𑄃𑄧𑄎𑄧𑄣𑄳𑄠𑄬, 𑄖𑄟𑄴𑄟 𑄃𑄮 𑄚𑄪𑄃𑄧 𑄎𑄉𑄖𑄴 𑄉𑄬𑄣𑄇𑄴।","কুমি চামা সমে সমে আসলো, এবং তার মা ও নতুন জাগা গেল"
"𑄃𑄧𑄎𑄧𑄚𑄨 𑄃𑄨𑄇𑄴𑄇𑄪 𑄉𑄬𑄚𑄴𑄎𑄟𑄴 𑄚𑄬𑄃𑄨, 𑄛𑄮-𑄝𑄮 𑄃𑄬𑄇𑄴𑄇 𑄃𑄬𑄇𑄴𑄇 𑄌𑄚 𑄃 𑄛𑄬𑄛𑄢𑄴, 𑄝𑄧𑄃𑄨 𑄛𑄧𑄢𑄚।",".অন্যদের একটি গোষ্ঠী নেই,ছেলেটি একটু একটু চাা আর বই পা"
𑄝𑄧𑄢𑄧𑄋 𑄣𑄧𑄉𑄬 𑄖𑄢𑄴 𑄈𑄬𑄚𑄴 𑄉𑄧𑄋𑄨 𑄡𑄚𑄴।,বস সাথে তার খোল করে যাওা
𑄎𑄪 𑄛𑄬𑄚𑄬 𑄝𑄨. 𑄃𑄬𑄓𑄴. 𑄞𑄧𑄖𑄴𑄖𑄨 𑄦𑄧𑄣𑄧।,জুে পেে বি.এ. ভর্তি হলো
𑄇𑄃𑄨𑄇𑄪𑄢𑄬 𑄑𑄳𑄢𑄬𑄚𑄨𑄁 𑄇𑄧𑄣𑄬𑄌𑄴 𑄗𑄚𑄃𑄨 𑄃𑄬 𑄎𑄪𑄝𑄮 𑄖𑄬 𑄙𑄧𑄢𑄨 𑄣𑄧𑄧𑄣𑄧।,.কাউকে ট্রেনিং ক্লাস থেকে বের হে এই জুটিটা ধরে নিল
𑄃𑄬𑄚𑄬 𑄃𑄬𑄚𑄬 𑄘𑄨𑄚𑄴 𑄉𑄧𑄋𑄨 𑄡 𑄙𑄧𑄢𑄬।,. এনে এনে দিন করে যা
𑄛𑄮 𑄝𑄮𑄢𑄬 𑄃𑄨𑄥𑄴𑄇𑄪𑄣𑄧𑄖𑄴 𑄞𑄧𑄖𑄴𑄖𑄨 𑄉𑄧𑄢𑄨 𑄘𑄬𑄚𑄢𑄴 𑄎𑄬𑄢𑄬 𑄘𑄨 𑄃𑄬𑄇𑄴 𑄘𑄨𑄚𑄴 𑄇𑄨 𑄎𑄬 𑄟𑄙 𑄎𑄮𑄣𑄴 𑄥𑄨𑄠𑄚𑄴 𑄖𑄬 𑄝𑄘𑄬 𑄃𑄢𑄴 𑄇𑄧𑄚𑄴 𑄚 𑄇𑄮𑄃𑄨 𑄛𑄢𑄬।,ছেলের মা স্কুলে ভ দেখানোর পর এক দিন কি যে মাথা ঝালালো সেটা সে আর বলতে পারে না
"𑄛𑄮𑄣𑄳𑄠𑄬 𑄛𑄮𑄣𑄳𑄠𑄬 𑄛𑄧𑄢𑄚𑄴 𑄎𑄬𑄚𑄬 𑄃𑄧𑄘𑄧𑄖𑄴 𑄚𑄬𑄃𑄨-𑄝𑄬𑄚𑄳𑄠𑄬 𑄛𑄮𑄖𑄳𑄠𑄬 𑄞𑄖𑄴 𑄢𑄚𑄚, 𑄃𑄨𑄥𑄴 𑄇𑄪𑄣𑄮𑄖𑄴 𑄚𑄬𑄎𑄚, 𑄝𑄌𑄴𑄌𑄬𑄃𑄨 𑄗𑄚, 𑄇𑄨 𑄎𑄬 𑄛𑄬𑄢𑄬𑄖𑄚𑄨 𑄇𑄮𑄃𑄨𑄚𑄬 𑄎𑄬𑄚𑄬 𑄗𑄪𑄟𑄴 𑄚𑄧 𑄦𑄧𑄠𑄴।",".পে পে ভাত খাওা,এই কুে থাকা,কি যে ঝামেলা করে শেষ হ না"
"𑄇𑄣𑄨𑄇𑄴 𑄇𑄪𑄟𑄴𑄝𑄧𑄚𑄨𑄖𑄴 𑄌𑄉𑄪𑄢𑄨 𑄉𑄧𑄢𑄚𑄃𑄨 𑄖𑄢𑄴 𑄟𑄧𑄚𑄴 𑄘𑄧𑄢𑄧, 𑄖𑄬 𑄟𑄪 𑄜𑄪𑄘𑄬 𑄢𑄳𑄦 𑄚𑄧 𑄉𑄧𑄢𑄬, 𑄝𑄬𑄇𑄴 𑄥𑄮𑄠𑄬 𑄚𑄬𑄎𑄠𑄴, 𑄘𑄨𑄚𑄴 𑄡𑄘𑄬 𑄝𑄬𑄇𑄴 𑄖𑄢𑄴 𑄉 𑄃𑄨𑄣𑄳𑄠𑄬 𑄦𑄧𑄠𑄴।",".কালকে কুমে চামা করা তার পছন্দ, সে সব নিে নিে যা,দিন যেতে সব তার ভালো হ"
"𑄎𑄬𑄢𑄬 𑄖 𑄥𑄪𑄢𑄨𑄝𑄮 𑄖𑄢𑄬 𑄇𑄟𑄧𑄖𑄴 𑄃𑄬𑄎𑄣𑄴 𑄘𑄬, 𑄖𑄬 𑄝𑄨. 𑄃𑄬𑄓𑄴.-𑄃𑄧𑄢𑄴 𑄣𑄬𑄊𑄛𑄧𑄢 𑄌𑄣𑄬 𑄚𑄬𑄎𑄠𑄴।","সে তাকে কাজে নিে আসে,সে বি.এ-র লেখা পে নিে আসে"
𑄛𑄧𑄢𑄨𑄇𑄴𑄈𑄬 𑄘𑄨 𑄛𑄥𑄴 𑄉𑄧𑄢𑄬।,পরীক্ষা পাশ করতে হ
"𑄥𑄨𑄚𑄳𑄠𑄬 𑄃𑄧𑄎𑄧𑄚𑄨 𑄃 𑄢𑄧𑄎𑄧𑄚𑄨 𑄘𑄮 𑄎𑄧𑄚𑄴 𑄞𑄧𑄎𑄚𑄴 𑄅𑄌𑄴𑄌𑄮, 𑄟𑄧𑄚𑄧𑄖𑄴 𑄃𑄬𑄇𑄴𑄖𑄣𑄴 𑄥𑄧𑄝𑄧𑄚𑄬 𑄙𑄪𑄝𑄴 𑄟𑄬𑄉𑄧𑄥𑄚𑄴 𑄅𑄢𑄨 𑄅𑄢𑄨 𑄡 𑄙𑄧𑄎𑄳𑄠𑄬।",".সীেদের অভিশাপগুলো মনে পে,মনে একটা ঢোল বেজে যা"
𑄢𑄧𑄎𑄧𑄣𑄨 𑄇𑄧𑄣𑄧 - 𑄃𑄬𑄝𑄢𑄧𑄖𑄴 𑄘𑄧 𑄖𑄧𑄢𑄴 𑄘𑄧𑄏𑄧𑄚𑄴 𑄜𑄨𑄢𑄨𑄝𑄧।,রগচটা কল - এবার তো তোমার দশ জন ফিরবে
𑄃𑄧𑄎𑄚𑄨 𑄛𑄪𑄏𑄢𑄴 𑄉𑄧𑄢𑄬 - 𑄇𑄬𑄚𑄬 𑄝𑄪𑄏𑄨𑄣𑄬?,মিথ্যা কথা বলে -কিভাবে বুঝবে?
𑄢𑄧𑄎𑄧𑄚𑄨 𑄎𑄮𑄝𑄴 𑄘𑄬 - 𑄃।,রোদ পোহা আরকি
𑄦𑄃𑄨 𑄃𑄨𑄥𑄴𑄇𑄪𑄣𑄧 𑄟𑄌𑄴𑄖𑄧𑄢𑄴 𑄦𑄮𑄃𑄨 𑄛𑄢𑄨𑄝𑄬।,হাই ইস্কুলের শিক্ষক হতে পারবে
𑄃𑄧𑄎𑄧𑄚𑄨 𑄟𑄪 𑄌𑄨𑄝𑄬𑄃𑄨 𑄦𑄏𑄨𑄚𑄬 𑄢𑄧𑄎𑄧𑄚𑄨𑄢𑄬 𑄇𑄧𑄠𑄴 - 𑄃।,অসুুস্থ পাে হাঁটা মানুষদেরকে বলে -
𑄌𑄉𑄪𑄢𑄨 𑄃𑄬𑄇𑄴𑄎𑄧𑄚𑄬 𑄉𑄧𑄢𑄴𑄣𑄬 𑄘𑄧 𑄌𑄧𑄣𑄨 𑄛𑄢𑄬।,চূা এক জনে করলে চলতে পারে
𑄢𑄧𑄎𑄧𑄚𑄨 𑄖𑄢𑄬 𑄝𑄪𑄏𑄬𑄃𑄨 𑄇𑄧𑄠𑄴 - 𑄥𑄨𑄈𑄳𑄠𑄬 𑄝𑄨𑄘𑄳𑄠𑄬 𑄇𑄧𑄚𑄧 𑄇𑄟𑄧𑄖𑄴 𑄚𑄧 𑄣𑄉𑄨𑄣𑄬 𑄖𑄢𑄴 𑄉𑄪𑄚𑄴 𑄚𑄧 𑄗𑄠𑄴।,.রাত হলে তাকে বিশ্বাস করে না - তার সুনাম থাকে না
𑄃𑄧𑄎𑄧𑄚𑄨 𑄚𑄧 𑄟𑄙𑄨 𑄗𑄠𑄴।,অসুুস্থ মানুষ থাকে না
𑄞𑄝𑄬 𑄃𑄬𑄘𑄧𑄇𑄴 𑄘𑄪𑄉𑄬 𑄥𑄨𑄈𑄳𑄠𑄬 𑄝𑄨𑄘𑄳𑄠𑄬 𑄇𑄟𑄧𑄖𑄴 𑄣𑄉𑄬 𑄚𑄧 𑄛𑄢𑄴𑄣𑄬 𑄇𑄨 𑄥𑄢𑄴!,মনে হ এত ব পরীক্ষা টিকতে না পারলে কি সার!
𑄥𑄨𑄚𑄳𑄠𑄬𑄖𑄴𑄖𑄪𑄚𑄴 𑄙𑄧𑄢𑄨 𑄃𑄧𑄎𑄧𑄚𑄨 𑄟𑄌𑄴𑄖𑄧𑄢𑄨 𑄌𑄉𑄪𑄢𑄨 𑄝𑄧𑄉 𑄙𑄮𑄇𑄳𑄠𑄬𑄉𑄧𑄢𑄨 𑄈𑄝𑄴 𑄘𑄨 𑄗𑄠𑄴।,সিঁি থেকে ধরে আসা কুকুরগুলো বাঁশের কঞ্চি দিে খাওা
𑄚𑄨𑄎𑄧𑄢𑄬 𑄎𑄪𑄉𑄮𑄣𑄴 𑄉𑄨𑄢𑄨 𑄗𑄧𑄠𑄴।,.নিজের সাথে মিল হওা
𑄃𑄧𑄎𑄧𑄚𑄨 𑄎𑄚𑄬 - 𑄃𑄬𑄇𑄴𑄎𑄧𑄚𑄴 𑄟𑄚𑄴𑄎𑄮𑄢𑄴 𑄚𑄨𑄎𑄧𑄢𑄬 𑄎𑄪𑄉𑄮𑄣𑄴 𑄉𑄧𑄢𑄚 𑄇𑄟𑄴𑄠𑄚𑄴 𑄎𑄧𑄘𑄧𑄝𑄧𑄘𑄬 𑄃𑄊𑄖𑄳𑄠𑄬।,অসুুস্থ হওা - একজন মেে নিজের কাজগুলো একদম নষ্ট হেছে
𑄚𑄨𑄎𑄧𑄢𑄬 𑄎𑄪𑄉𑄮𑄣𑄴 𑄉𑄧𑄢𑄨 𑄚𑄧 𑄛𑄣𑄳𑄠𑄬 𑄥𑄧𑄁𑄥𑄢𑄧𑄖𑄴 𑄝𑄬𑄇𑄴 𑄎𑄬𑄚𑄬 𑄃𑄧𑄥𑄢𑄴।,.নিজের সাথে যুদ্ধ করে সংসারে সব জানা যা না
𑄃𑄣𑄴𑄎𑄨 𑄦𑄧𑄣𑄬 𑄝𑄬𑄇𑄴 𑄘𑄢𑄨𑄘𑄬 𑄝𑄬𑄢𑄠𑄴।,একা একা ঘুরে বো
𑄃𑄧𑄣𑄨𑄞𑄬 𑄇𑄌𑄴𑄎𑄮 𑄚𑄙 - 𑄖 𑄝𑄝𑄧𑄢𑄴 𑄃𑄬 𑄇𑄧𑄘𑄠𑄚𑄴 𑄚𑄨𑄖𑄳𑄠𑄧 𑄇𑄚𑄧𑄖𑄴 𑄃𑄝𑄧𑄢𑄴 𑄈𑄠𑄴।,অলিভে কাচো নাক - তার এই কথাটা কানে পে
"𑄃𑄬𑄇𑄴𑄘𑄨𑄚𑄴 𑄃𑄘𑄟𑄧𑄖𑄴𑄖𑄪𑄚𑄴 𑄈𑄧𑄝𑄧𑄢𑄴 𑄃𑄬𑄎𑄬 𑄃𑄨𑄥𑄴𑄇𑄪𑄣𑄮𑄖𑄴 𑄃𑄬𑄇𑄴𑄎𑄧𑄚𑄴 𑄟𑄨𑄣𑄬 𑄟𑄌𑄴𑄖𑄧𑄢𑄴 𑄣𑄉𑄬𑄢𑄴, 𑄃𑄧𑄎𑄚𑄨𑄢𑄬 𑄝𑄬𑄉𑄬 𑄙𑄢𑄌𑄴 𑄉𑄧𑄖𑄴𑄖𑄧𑄚𑄴।","একদিন গ্রাম থেকে খবর আসতেছে স্কুলে এক মেে মাছ ধরছে, তাকে খুব ব লাগছে"
𑄢𑄧𑄎𑄧𑄚𑄨𑄣𑄮𑄃𑄨 𑄃𑄧𑄎𑄧𑄚𑄨 𑄖𑄬𑄟𑄴𑄟𑄁 𑄉𑄧𑄢𑄨𑄚𑄬 𑄎𑄧𑄢 𑄝𑄧𑄘𑄬 𑄚𑄧 𑄝𑄢𑄧𑄚𑄴।,আগুন থেকে শুধু আগুন বের হ
𑄘𑄨 𑄞𑄝𑄨𑄚𑄬 𑄎𑄧𑄚𑄬 𑄇𑄧𑄚𑄧 𑄇𑄪𑄣𑄴 𑄚𑄧 𑄛𑄬𑄣𑄇𑄴।,দুইজনে কোনো কূল পেল না
𑄎𑄬𑄢𑄬 𑄃𑄧𑄎𑄧𑄚𑄨 𑄃𑄘𑄟𑄧𑄖𑄴 𑄡𑄬𑄃𑄨 𑄗𑄧𑄇𑄴 𑄌 𑄉𑄬𑄣𑄧।,সে পাশের গ্রামে যে থাপ্প দিে গেল
"𑄡𑄘𑄬 𑄡𑄘𑄬 𑄃𑄧𑄎𑄧𑄚𑄨 𑄞𑄝 𑄙𑄧𑄎𑄳𑄠 𑄃𑄬 𑄃𑄘𑄟𑄧𑄖𑄴𑄖𑄪𑄚𑄴 𑄃𑄬𑄇𑄴𑄘𑄨𑄚𑄴 𑄡𑄘𑄬 𑄌𑄮𑄊𑄮 𑄛𑄚𑄨𑄠𑄬 𑄟𑄪𑄎𑄪𑄋𑄮 𑄛𑄧𑄖𑄴𑄗𑄚𑄴 𑄚𑄧 𑄘𑄬𑄉𑄧𑄁, 𑄜𑄮𑄖𑄴 𑄜𑄮𑄖𑄳𑄠𑄬 𑄝𑄬𑄣𑄧 𑄛𑄳𑄦𑄧𑄢𑄧𑄖𑄴 𑄃𑄮 𑄝𑄬𑄇𑄴 𑄃𑄋𑄪𑄌𑄳𑄠𑄬 𑄃𑄚𑄴𑄘𑄢𑄴 𑄥𑄚𑄴 𑄣𑄇𑄳𑄠𑄬।","এই গ্রামে যেতে যেতে চোখের পানি পে যানা,শুধু চোখের পানি পতেছে,বিালের পানিতে সব স্যাঁত স্যাঁতে হ"
𑄇𑄣𑄨𑄇𑄴 𑄃𑄬𑄌𑄳𑄠𑄬 𑄜𑄨𑄢𑄬𑄢𑄴 𑄃𑄢𑄧 𑄃𑄬𑄇𑄴 𑄘𑄧𑄉𑄬 - 𑄃𑄨𑄠𑄚𑄴 𑄞𑄝𑄨𑄚𑄬 𑄟𑄧𑄚𑄬 𑄟𑄧𑄚𑄬 𑄃𑄬𑄇𑄴𑄇 𑄦𑄏𑄨 𑄅𑄙𑄨𑄣𑄧।,.কালকে আবার ফিরে আসছে-এটা মনে পে মনে একটু হািে উঠল
𑄃𑄨𑄠𑄚𑄴 𑄥𑄨𑄠𑄚𑄴 𑄞𑄝𑄧𑄘𑄬 𑄞𑄝𑄧𑄘𑄬 𑄇𑄧𑄇𑄴𑄈𑄬 𑄜𑄪𑄘𑄧 𑄜𑄪𑄘𑄧 𑄌𑄮𑄉𑄧 𑄛𑄚𑄨 𑄛𑄧𑄢 𑄙𑄧𑄎𑄳𑄠 𑄇𑄮𑄃𑄨 𑄚𑄧 𑄛𑄢𑄬।,.এটা সেটা ভাবতে ভাবতে কখন চোখের পানি পে যা কে জানে
𑄎𑄬𑄢𑄬 𑄝𑄬𑄉𑄬 𑄎𑄬𑄇𑄴𑄇𑄬 𑄣𑄟𑄧𑄘𑄧𑄚𑄴 𑄦𑄪𑄌𑄴 𑄦𑄧𑄣𑄧 - 𑄖𑄬 𑄃𑄘𑄟𑄧𑄖𑄴 𑄣𑄪𑄋𑄳𑄠𑄬।,.সে খুব দ্রুত পাহাে গেল-সে গ্রামের লোক
𑄃𑄘𑄟𑄧𑄖𑄴 𑄣𑄪𑄋𑄨𑄚𑄬 𑄖 𑄃𑄬𑄢𑄝𑄬𑄢 𑄝𑄬𑄇𑄴 𑄇𑄮𑄎𑄬𑄃𑄨 𑄃𑄬𑄣𑄇𑄴 - 𑄝𑄬𑄉𑄬 𑄈𑄪𑄎𑄨।,গ্রামের সবাই তার সাথে কথা বলতেছে
𑄃𑄧𑄎𑄚𑄨𑄢𑄴 𑄝𑄳𑄦𑄚𑄨 𑄝𑄬𑄉𑄧 𑄟𑄪𑄠𑄮𑄖𑄴।,পোকামাকের বাসা
𑄃𑄧𑄎𑄧𑄚𑄨 𑄝𑄚 𑄎𑄮𑄝𑄴 𑄘𑄬 - 𑄖𑄮𑄟 𑄝𑄬𑄉𑄧 𑄥𑄬𑄝𑄴𑄝𑄖𑄴𑄖𑄃𑄨 𑄟𑄪𑄃𑄨 𑄃𑄬𑄖𑄴 𑄘𑄪𑄢𑄮𑄖𑄴।,অজনি শুধু জো দাও-তোমার বোর জন্য আমি এত দূরে
𑄖 𑄇𑄬𑄣𑄳𑄠𑄬 𑄝𑄬𑄚𑄳𑄠𑄬 𑄃𑄨𑄌𑄴𑄇𑄪𑄣𑄮𑄖𑄴 𑄡𑄬𑄭𑄚𑄬 𑄟𑄠𑄴 - 𑄟𑄪𑄢𑄪𑄝𑄴𑄝𑄨𑄣𑄮𑄃𑄨 𑄇𑄧𑄘 𑄌𑄣𑄌𑄣𑄨 𑄦𑄧𑄣𑄧।,তার কেলে বো এসে মা-মেেদের সাথে কথা বলছে
𑄝𑄬𑄉𑄬 𑄝𑄬𑄢𑄬 𑄇𑄧𑄢𑄬𑄃𑄨 𑄙𑄧𑄢𑄴𑄣𑄇𑄴 𑄃𑄧𑄎𑄚𑄨𑄢𑄬 𑄟𑄌𑄴𑄖𑄧𑄢𑄴 𑄃𑄬𑄃𑄨 𑄛𑄬𑄝𑄧𑄧।,দ্রুত বের হে আসলো এই পাখি
𑄃𑄧𑄎𑄧𑄚𑄨 𑄃𑄘𑄟𑄳𑄠𑄬𑄠𑄪𑄚𑄧𑄢𑄴 𑄇𑄧𑄘 𑄜𑄬𑄣𑄬𑄃𑄨 𑄘𑄨 𑄚𑄧 𑄛𑄢𑄴𑄣𑄧।,অজনি গ্রামের কথা ফেলতে পারতেছি না
𑄇𑄣𑄨𑄇𑄴 𑄇𑄧𑄣𑄧 - 𑄢𑄧𑄎𑄧𑄣𑄨𑄣𑄮𑄃𑄨 𑄖𑄬𑄟𑄴𑄟𑄁 𑄉𑄧𑄢𑄨𑄚𑄬 𑄥𑄟𑄴𑄝𑄘𑄴 𑄘𑄧𑄝𑄧।,কালিকল-রজলি দিে গোসল করতে হবে
𑄃𑄨𑄚𑄴𑄘𑄨 𑄞𑄝𑄬𑄢𑄴 - 𑄢𑄧𑄎𑄚𑄨 𑄌𑄉𑄪𑄢𑄨 𑄘𑄪𑄢𑄧 𑄎𑄉𑄖𑄴।,এখানে বাতাস-রজানি চামার জাগা
"𑄃𑄧𑄎𑄧𑄚𑄨 𑄣𑄪𑄋𑄨𑄣𑄬 𑄢𑄧𑄎𑄧𑄚𑄨𑄣𑄮𑄃𑄨 𑄖𑄬𑄟𑄴𑄟𑄁 𑄉𑄧𑄢𑄧𑄚𑄴, 𑄇𑄧𑄚𑄧 𑄎𑄧𑄢 𑄚𑄧 𑄝𑄧𑄘𑄬।","অসুুস্থ হে রেছে,কোনো ঝামেলা করে না"
𑄎𑄬𑄢𑄬 𑄢𑄧𑄎𑄧𑄚𑄨 𑄇𑄧𑄣𑄧 - 𑄌𑄁 𑄝𑄧𑄘𑄧𑄣𑄨 𑄦𑄮𑄃𑄨 𑄛𑄢𑄧𑄁 𑄇𑄨𑄚।,.তরকারির কল -চাং বদল করতে পারি নাকি
𑄢𑄧𑄎𑄧𑄚𑄨 𑄝𑄧𑄘𑄧𑄣𑄨 𑄦𑄧𑄝𑄢𑄴 𑄟𑄧𑄚𑄴𑄎𑄪𑄇𑄴 𑄉𑄧𑄢𑄨 - 𑄘𑄧𑄢𑄴𑄈𑄌𑄴𑄖𑄧 𑄘𑄨𑄣𑄧।,সূর্য ডোবার সম সে ভ পাে ভ পেল
"𑄖𑄨𑄚𑄴 𑄟𑄥𑄴 𑄡𑄠𑄴, 𑄌𑄬𑄢𑄴 𑄟𑄥𑄴 𑄡𑄠𑄴 𑄇𑄧𑄚𑄧 𑄈𑄧𑄝𑄧𑄢𑄴 𑄚𑄬𑄃𑄨।","তিন মাস যাওা, চার মাস যাওা"
𑄃𑄨𑄚𑄴𑄘𑄨 𑄃𑄘𑄟𑄖𑄴𑄖𑄪𑄚𑄴 𑄊𑄧𑄚𑄧 𑄊𑄧𑄚𑄧 𑄥𑄟𑄴𑄝𑄘𑄴 - 𑄃𑄧𑄎𑄧𑄚𑄨 𑄇𑄧𑄟𑄧𑄣𑄬 𑄃𑄬𑄎𑄧𑄢𑄴।,.এই গ্রামটা ঘন ঘন সম - শীত কমছে
𑄃𑄧𑄎𑄧𑄚𑄨𑄢𑄴 𑄝𑄚 𑄃𑄬𑄇𑄴𑄇𑄚𑄴 𑄎𑄮𑄝𑄴 - 𑄏𑄘𑄨 𑄃𑄬𑄝𑄢𑄴 𑄌𑄋𑄧𑄢𑄴।,অসুুস্থ শুধু একটু বিশ্রাম নাও - বিশ্রাম নাও
𑄃𑄧𑄎𑄧𑄚𑄨 𑄎𑄚𑄬 𑄃𑄨𑄠𑄚𑄧𑄢𑄴 𑄉𑄧𑄟𑄴 𑄎𑄮𑄝𑄴𑄛𑄚𑄴 𑄖 𑄃𑄨𑄘𑄪 𑄚𑄬𑄃𑄨।,অসুুস্থ হেছে তার এখানে নেই
𑄘𑄧𑄏𑄧𑄚𑄬 𑄈𑄘𑄨𑄚𑄬 𑄥𑄖𑄴 𑄟𑄥𑄴 𑄎𑄬𑄢𑄬 𑄢𑄧𑄎𑄧𑄚𑄨𑄢𑄴 𑄢𑄋𑄟𑄖𑄳𑄠𑄬 𑄝𑄧𑄘𑄧𑄣𑄨 𑄦𑄧𑄣𑄧।,দশজনে খাা দিে সাত জনে বদল হলো
𑄖𑄨𑄚𑄴 𑄌𑄬𑄢𑄴 𑄘𑄨𑄚𑄴 𑄎𑄬𑄢𑄬 𑄖𑄢 𑄢𑄋𑄟𑄖𑄳𑄠𑄬 𑄟𑄮𑄇𑄳𑄠𑄬 𑄣𑄧𑄢𑄴 𑄘𑄨𑄣𑄇𑄴।,তিন চোর দিন পর তারা রাঙামাটিতে রওনা দিল
"𑄘𑄮𑄎𑄧𑄚𑄧𑄢𑄴 𑄟𑄧𑄚𑄴 𑄈𑄪𑄎𑄨, 𑄃𑄧𑄎𑄧𑄚𑄨𑄘𑄊𑄨𑄢𑄴 𑄝𑄧𑄘𑄧𑄣𑄨 𑄥𑄪𑄚𑄨𑄚𑄬 𑄃𑄘𑄟𑄳𑄠𑄬𑄠𑄪𑄚𑄴 𑄃𑄢𑄧 𑄝𑄬𑄌𑄴 𑄈𑄪𑄎𑄨।","দুইজনে মন দিে,অন্যদের কথা শুনে গ্রামের মানুষরা আরও বেশি খুশি"
𑄉𑄧𑄘 𑄛𑄧𑄖𑄴 𑄗𑄚𑄴 𑄃𑄧𑄎𑄚𑄨 𑄃𑄬𑄖𑄴𑄖𑄬 𑄃𑄬𑄖𑄴𑄖𑄬 𑄞𑄬𑄭𑄘𑄮 𑄇𑄧𑄘 𑄃𑄨𑄙𑄮𑄖𑄴 𑄖𑄪𑄣𑄨 𑄖𑄪𑄣𑄨 𑄃𑄬𑄎 𑄙𑄧𑄎𑄳𑄠𑄬।,পুরো পথ হেঁটে হেঁটে আসার সম বোটা এখানে তুলে আনার মতো
𑄚𑄨𑄏𑄧 𑄃𑄘𑄟𑄧 𑄞𑄣𑄬𑄘𑄧 𑄇𑄟𑄧𑄖𑄴 𑄖𑄢𑄴 𑄎𑄨𑄚𑄨 𑄜𑄉𑄧𑄖𑄴 𑄥𑄧𑄟𑄚 𑄦𑄧𑄠𑄴 𑄥𑄨𑄠𑄚𑄧 𑄥𑄚𑄴𑄴 𑄉𑄧𑄟𑄴 𑄇𑄟𑄴 𑄇𑄨 𑄃𑄢𑄴 𑄃𑄊𑄬।,.নিজের গ্রামের ভালো কাজে তার স্ত্রী যোগ দিে আছে
𑄃𑄨𑄚𑄴𑄘𑄨 𑄍𑄨𑄉𑄮𑄚𑄴 𑄇𑄣𑄧𑄢𑄴 𑄥𑄧𑄟𑄎𑄳𑄠𑄬𑄠𑄪𑄚𑄴 𑄡𑄢𑄢𑄴 𑄖𑄬𑄋-𑄛𑄧𑄠𑄴𑄎𑄬 𑄚𑄧 𑄗𑄚𑄃𑄨 𑄣𑄬𑄊𑄛𑄧𑄢 𑄃𑄙 𑄛𑄧𑄙𑄧𑄖𑄴 𑄗𑄪𑄟𑄴 𑄦𑄪𑄭𑄠𑄳𑄠𑄬 𑄖𑄢 𑄇𑄧𑄘 𑄞𑄝𑄨 𑄞𑄝𑄨 𑄟𑄧𑄚𑄚𑄴 𑄃𑄬𑄇𑄴𑄇 𑄌𑄨𑄉𑄪𑄖𑄴 𑄉𑄧𑄢𑄨 𑄅𑄘𑄨𑄣𑄧।,.এই ছোট সমে যাদের টাকা-পয়সা নেই তারা আধা পথে লেখা শেষ হেছে
𑄢𑄋𑄟𑄖𑄳𑄠𑄬 𑄡𑄬𑄘𑄧𑄇𑄴 𑄇𑄃𑄨 𑄃𑄬𑄎 𑄙𑄧𑄎𑄳𑄠𑄧𑄚𑄴 𑄥𑄬𑄘𑄧𑄇𑄴 𑄅𑄌𑄴𑄌𑄧 𑄃 𑄘𑄪𑄉𑄧 𑄖𑄝𑄪𑄣𑄬 𑄟𑄧𑄚𑄚𑄴 𑄎𑄬𑄚𑄬 𑄃𑄬𑄣𑄮𑄚𑄨 𑄛𑄬𑄣𑄮𑄚𑄨 𑄦𑄧𑄢𑄴 ।,.রাঙামাে যে রংগুলো আসে সেগুলো মনে পে আসে
𑄟𑄧𑄚𑄬 𑄟𑄧𑄚𑄬 𑄥𑄧𑄥𑄉𑄧𑄢𑄴 𑄇𑄧𑄘 𑄟𑄧𑄚𑄧 𑄟𑄪𑄢𑄮𑄖𑄴 𑄃𑄬𑄃𑄨 𑄃𑄬𑄃𑄨 𑄝𑄢𑄨 𑄟𑄢 𑄙𑄧𑄎𑄳𑄠।,মনে হ মনে কত ব ব বারি পড়ছে
𑄃𑄧𑄎𑄧𑄚𑄨 𑄟𑄪𑄢𑄮𑄖𑄴 𑄛𑄧𑄢𑄨 𑄞𑄝𑄨𑄚𑄬 𑄛𑄠𑄴 - 𑄇𑄧𑄝𑄣𑄴 𑄘𑄧 𑄚𑄧𑄠𑄴।,.অন্যের পাে পে ভাবতে হ - কপাল তো না
𑄌𑄬𑄌𑄴𑄖 𑄃 𑄇𑄟𑄬 𑄃𑄬𑄇𑄴𑄎𑄧𑄚𑄴 𑄟𑄚𑄴𑄎𑄮𑄢𑄬 𑄃𑄇𑄴𑄇𑄮𑄃𑄨 𑄚𑄬𑄎𑄠𑄴।,চূা দিে একজন লোক অন্যজনকে ধরে নিয়ে যা
𑄖𑄬 𑄎𑄧𑄚𑄨 𑄃𑄧𑄣𑄧𑄢𑄴 𑄉𑄧𑄢𑄨 𑄊𑄧𑄢𑄧𑄖𑄴 𑄝𑄮𑄃𑄨 𑄗𑄬𑄘𑄧 𑄥𑄣𑄬 𑄇𑄨 𑄦𑄧𑄣𑄪𑄚𑄴।,সে সবসম বািে বসে কি হলো জানিনা
𑄃𑄬𑄇𑄴 𑄘𑄨𑄚𑄴 𑄡𑄬 𑄘𑄪𑄇𑄴 𑄉𑄧𑄎𑄳𑄠𑄬 𑄥𑄨𑄠𑄚𑄧𑄢𑄴 𑄜𑄧𑄣𑄴 𑄃𑄨𑄇𑄴𑄇𑄪 𑄟𑄨𑄣𑄬𑄢𑄴।,এক দিন যে দুঃখ হেছে তার ফল হলো এক মহিলা
𑄃𑄬𑄚𑄬 𑄃𑄬𑄚𑄬 𑄢𑄋𑄟𑄖𑄳𑄠𑄬𑄖𑄴 𑄣𑄪𑄟𑄨𑄣𑄇𑄴𑄇𑄨 ।,আসা যাওা করে লালমািে উঠল
𑄗𑄨𑄘𑄧𑄝𑄨𑄘𑄧 𑄦𑄮𑄃𑄨 𑄃𑄬𑄇𑄴𑄘𑄨𑄚𑄴 𑄃𑄧𑄎𑄧𑄚𑄨 𑄝𑄬𑄚𑄳𑄠𑄬𑄉𑄧𑄢𑄨 𑄣𑄧𑄢𑄴 𑄘𑄨 𑄃𑄨𑄌𑄴𑄇𑄪𑄣𑄮𑄖𑄴 𑄡𑄬𑄃𑄨 𑄟𑄌𑄴𑄖𑄧𑄢𑄧 𑄈𑄘𑄖𑄴 𑄚𑄋𑄴 𑄣𑄨𑄉𑄨𑄣𑄧।,স্থির হে একদিন সমের বোলের পাশ দিে যে মাছটা খাছে তার মুখে হাত দিে আসলাম
𑄃𑄧𑄎𑄧𑄚𑄨 𑄟𑄌𑄴𑄖𑄧𑄢𑄧 𑄎𑄨𑄁𑄇𑄚𑄨𑄖𑄴 𑄥𑄨𑄚𑄳𑄠𑄬𑄖𑄴𑄖𑄪𑄚𑄴 𑄙𑄧𑄢𑄨 𑄈𑄪𑄌𑄴 𑄜𑄬𑄣𑄬𑄣𑄧।,এক জাতী মাছটি জীবনে পাহাে পাহািে নিশ্বাস ফেললো
𑄢𑄋𑄟𑄖𑄳𑄠𑄬𑄖𑄪𑄚𑄴 𑄝𑄬𑄚𑄳𑄠𑄬 𑄟𑄧𑄘𑄧𑄢𑄴 𑄥𑄭𑄇𑄬𑄣𑄬 𑄡𑄠𑄴 𑄃 𑄝𑄬𑄣𑄳𑄠𑄬 𑄜𑄨𑄢𑄬।,রংধনুটা বো মদ দিে ফিরে যা
𑄘𑄨𑄚𑄴𑄛𑄧𑄖𑄴𑄖𑄨 𑄜𑄨𑄖𑄳𑄠𑄬 𑄜𑄨𑄖𑄳𑄠𑄬 𑄌𑄬𑄢𑄧𑄝𑄣 𑄢𑄨𑄚𑄨 𑄌𑄬𑄃𑄨 𑄌𑄬𑄃𑄨 𑄜𑄨𑄢𑄬।,সারাদিন না খেে চাচা করে ফিরে
𑄞𑄬𑄭𑄘𑄮 𑄇𑄧𑄘 𑄃𑄨𑄙𑄮𑄖𑄴 𑄅𑄘𑄬।,ভোটা এখানে উঠে
𑄝𑄨𑄘𑄨 𑄡𑄨𑄠𑄬 𑄘𑄨𑄚𑄪𑄚𑄮 𑄇𑄧𑄘 𑄟𑄧𑄚𑄧𑄖𑄴 𑄖𑄪𑄣𑄨 𑄝𑄳𑄦𑄧 𑄚𑄨𑄏𑄌𑄴 𑄃𑄨𑄢𑄨 𑄘𑄬।,বিদা দো দিনগুলো মনে পে দাও
𑄘𑄨 𑄌𑄮𑄊𑄮𑄖𑄴 𑄘𑄨𑄚𑄴 𑄛𑄧𑄖𑄴𑄖𑄨 𑄝𑄧𑄎𑄧𑄟𑄧𑄖𑄨 𑄝𑄧𑄘𑄧𑄣 𑄙𑄧𑄢𑄬।,দুই চোখের পলকের মধ্যে দুই চোখের পলক ধরে
𑄝𑄧𑄘𑄧𑄣 𑄙𑄧𑄢𑄬 𑄉𑄨𑄢𑄨𑄖𑄴𑄖𑄨।,বদল করে কাজ করা
𑄊𑄧𑄢𑄧𑄖𑄴 𑄘𑄨𑄎𑄧𑄚𑄬 𑄖𑄬𑄋 𑄇𑄟𑄚𑄃𑄨 𑄝𑄧𑄏𑄧𑄢𑄴 𑄝𑄧𑄏𑄧𑄢𑄴 𑄉𑄨𑄢𑄨𑄖𑄴𑄖𑄨 𑄃𑄢𑄪𑄇𑄴 𑄜𑄨𑄢𑄬।,বািতে দুইজনে টাকা রোজগার করে প্রতি বছর ফিরে
"𑄝𑄨𑄘𑄳𑄠𑄬 𑄗𑄬𑄣𑄬 𑄖𑄬𑄋 𑄃𑄬𑄎𑄬, 𑄖𑄬𑄋 𑄗𑄬𑄣𑄬 𑄟𑄚𑄴।","বিে থাকলে টাকা আসে,বিে থাকলে মানুষ"
𑄎𑄨𑄖𑄴𑄝𑄖𑄴 𑄃𑄬 𑄡𑄪𑄉𑄧𑄖𑄴 𑄝𑄨𑄘𑄳𑄠𑄬 𑄚𑄬𑄃𑄨 𑄝𑄬𑄇𑄴 𑄎𑄬𑄚𑄬 𑄃𑄚𑄴𑄘𑄢𑄴।,প্রতিযোগিতা এই যুগে কোনো বিশ্বাস নেই
𑄃𑄧𑄎𑄧𑄚𑄨𑄣𑄮𑄃𑄨 𑄢𑄧𑄎𑄧𑄚𑄨 𑄃𑄧𑄇𑄴𑄖𑄧 𑄃𑄧𑄇𑄴𑄖𑄧 𑄞𑄝𑄧𑄚𑄴 - 𑄎𑄧𑄚𑄨 𑄉𑄧𑄟𑄴 𑄝𑄨𑄘𑄳𑄠𑄬 𑄣𑄮𑄃𑄨 𑄚𑄧 𑄛𑄖𑄴𑄖𑄧𑄁 𑄥𑄣𑄬 𑄃𑄘𑄟𑄴 𑄥𑄋𑄬𑄖𑄴 𑄘𑄬𑄚 𑄇𑄟𑄴 𑄃𑄝𑄧𑄢𑄴 𑄈𑄬𑄣𑄪𑄚𑄴।,.অন্যরা অনেক বেশি চিন্তা করে -গ্রামের মানুষদের কাজে সাহায্য করো
𑄟𑄪𑄎𑄪𑄋𑄧 𑄘𑄨𑄚𑄪𑄚𑄴 𑄃𑄢𑄧 𑄝𑄬𑄌𑄴 𑄛𑄧𑄢 𑄇𑄧𑄝𑄣𑄳𑄠𑄬।,পাহাের দিনগুলো আরও বেশি পতেছে
𑄉𑄧𑄟𑄴 𑄝𑄨𑄘𑄳𑄠𑄬 𑄚𑄧 𑄗𑄬𑄣𑄬 𑄃𑄢𑄌𑄉𑄧 𑄙𑄧𑄇𑄴 𑄉𑄋𑄴 𑄣𑄟𑄧𑄚𑄨 𑄞𑄏𑄨 𑄡𑄚 𑄝𑄘𑄬 𑄇𑄧𑄚𑄧 𑄢𑄳𑄦 𑄚𑄬𑄃𑄨।,ভালো বিদা না থাকলে পাশের দিকে গাঙে ভেসে যাওা ছাড়া কোনো কিছু নেই
𑄃𑄘𑄟𑄳𑄠𑄬𑄠𑄪𑄚𑄬 𑄖𑄢 𑄘𑄨𑄎𑄧𑄚𑄧𑄢𑄬 𑄚𑄨𑄚𑄬 𑄚𑄚 𑄇𑄧𑄘 𑄖𑄪𑄣𑄧𑄛𑄢 𑄉𑄧𑄢𑄧𑄚𑄴।,গ্রামের মানুষরা তাদের দুইজনকে নিয়ে নানারকম কথা বলে
𑄢𑄧𑄎𑄧𑄚𑄨𑄢𑄧-𑄃𑄧𑄎𑄧𑄚𑄨𑄢𑄴 𑄝𑄳𑄦𑄚𑄨 𑄃𑄘𑄟𑄧 𑄟𑄚𑄴𑄎𑄮𑄢𑄴 𑄟𑄪𑄠𑄬 𑄟𑄪𑄠𑄬।,রজনির-অজনি গ্রামের মানুষ আমি
𑄥𑄪𑄉𑄬-𑄘𑄪𑄉𑄬 𑄟𑄚𑄬𑄃𑄨𑄠𑄧𑄢𑄴 𑄎𑄨𑄁𑄇𑄚𑄨।,সুসুি মানে জীবন
𑄚𑄨𑄎𑄧 𑄎𑄨𑄁𑄇𑄚𑄨𑄢𑄬 𑄚𑄨𑄎𑄬 𑄌𑄬𑄢𑄬𑄌𑄴𑄖 𑄉𑄧𑄢 𑄛𑄧𑄢𑄬।,নিজের জীবন নিজে যাপন করতে হ
𑄌𑄬𑄢𑄬𑄌𑄴𑄖 𑄉𑄪𑄚𑄬 𑄘𑄧𑄏𑄧𑄚𑄴 𑄜𑄨𑄢𑄬।,চোরগুণে দশ জন ফিরে
𑄃𑄟𑄧𑄚𑄧 𑄦𑄘𑄧𑄖𑄴 𑄃𑄟𑄧𑄚𑄧 𑄘𑄧𑄏𑄧𑄚𑄴।,আমার হাতে আমার দা
𑄇𑄧𑄝𑄣𑄧 𑄃𑄏𑄠𑄴 𑄝𑄮𑄃𑄨 𑄗𑄬𑄣𑄬 𑄛𑄧𑄖𑄴𑄖 𑄛𑄧𑄢𑄬।,কপাল খারাপ থাকলে পতে হ
𑄃𑄧𑄎𑄧𑄚𑄨 𑄇𑄧𑄝𑄣𑄴 𑄃𑄏𑄠𑄴 𑄝𑄮𑄃𑄨 𑄚𑄧 𑄗𑄠𑄴 𑄇𑄬𑄃𑄨 𑄃𑄬𑄌𑄳𑄠𑄬 𑄃𑄬 𑄦𑄣𑄴 ।,এই হালে কেউ থাকে না
𑄃𑄟 𑄊𑄧𑄢𑄴,আমাদের বাি
𑄃𑄨𑄠𑄬𑄚𑄴 𑄟𑄧 𑄊𑄧𑄢𑄴 ।,এটি আমার বাি
𑄊𑄧𑄢𑄧𑄖𑄴 𑄟 𑄝 𑄃 𑄌𑄨𑄎𑄨𑄘𑄉𑄨 𑄝𑄮𑄃𑄨 𑄃𑄉𑄧𑄚𑄴 ।,বািতে মা বািে আছে
𑄟 𑄞𑄖𑄴 𑄢𑄚𑄬𑄢𑄴 ।,মা ভাত রান্না করতেছে
𑄟𑄪𑄃𑄨 𑄞𑄖𑄴 𑄈𑄬𑄟𑄴 ।,আমি ভাত খাবো
𑄞𑄖𑄴 𑄦𑄬𑄝𑄖𑄳𑄠𑄬𑄃𑄨 𑄦𑄖𑄴 𑄙𑄧𑄋𑄧𑄢𑄴 ।,ভাত খাওার জন্য হাত ধুেছি
𑄝𑄬𑄇𑄴𑄇𑄪𑄚𑄬 𑄞𑄖𑄴 𑄈𑄬𑄢𑄴 ।,সবাই ভাত খেেছে
𑄌𑄨𑄎𑄨 𑄙𑄪𑄣𑄮𑄚𑄧𑄖𑄴 𑄊𑄪𑄟𑄴 𑄡𑄢𑄴 ।,ছোট দোলনা ঘুমাই যা
𑄌𑄨𑄎𑄨 𑄛𑄚𑄨 𑄈𑄢𑄴 ।,ছোট পানি খাওা
𑄟 𑄛𑄚𑄨 𑄈𑄧𑄎 𑄡𑄢𑄴 ।,মা পানি খেে যাওা
𑄝𑄝 𑄎𑄪𑄟𑄧𑄖𑄴 𑄡𑄢𑄴 ।,বাবা জুমে যা
𑄟𑄪𑄃𑄨 𑄃𑄨𑄥𑄴𑄇𑄧𑄣𑄧𑄖𑄴 𑄡𑄋𑄧𑄢𑄴 ।,পাহাে যাওা
𑄷,১. ১. ১. ১. ১. এক জাতী সবজি
𑄷𑄷,১. ১. ১. এক জাতী বুনো ফল ২. এক জাতী সবজি
𑄃𑄟 𑄊𑄧𑄢𑄚𑄨,আমাদের বাি
(𑄌𑄋𑄴𑄟 𑄇𑄧𑄙𑄠𑄴 𑄢𑄧𑄎𑄬𑄠𑄬 𑄌𑄨𑄍𑄨𑄉𑄮𑄚𑄴 𑄉𑄪𑄢𑄧 𑄝𑄮𑄃𑄨),.চামা কথা ছোট বাচ্চা বুো
𑄢𑄧𑄎𑄬𑄠𑄬 : 𑄝𑄨𑄘𑄴𑄪𑄖𑄴 𑄎𑄳𑄠𑄮𑄖𑄨 𑄌𑄋𑄴𑄟,রেছে: বিেতে ব ব চামা
𑄍𑄧𑄝𑄨 𑄃𑄉𑄬𑄠𑄧𑄚𑄴 : 𑄌𑄧𑄣𑄧𑄚𑄴𑄖𑄧 𑄖𑄳𑄢𑄨𑄛𑄪𑄢,ছবি আছে:চলমান ত্রিপুরা
𑄇𑄝𑄨𑄘𑄋𑄴 : 𑄌𑄋𑄴𑄟 𑄞𑄥 𑄇𑄧𑄟𑄨𑄖𑄨,কাপের চামা: চামা ভরা কাপ
𑄚𑄋𑄴𑄦𑄨𑄚𑄨𑄢𑄴 : 𑄈𑄪𑄘𑄴𑄘𑄳𑄢 𑄚𑄳𑄢𑄨-𑄉𑄮𑄥𑄴𑄖𑄨 𑄥𑄋𑄴𑄥𑄴𑄇𑄳𑄢𑄨𑄖𑄨𑄇𑄴,পাহাি: পাহাের নািভুি
"𑄃𑄨𑄚𑄴𑄃𑄨𑄥𑄴𑄖𑄨𑄖𑄨𑄃𑄪𑄖𑄴, 𑄈𑄉𑄢𑄍𑄧𑄢𑄨 ।","অন্তর্মুখী, লুকোচুরি"
"𑄃𑄪𑄛𑄧𑄎𑄬𑄣 𑄢𑄨𑄥𑄮𑄢𑄴𑄥𑄴 𑄥𑄬𑄚𑄴𑄖𑄢𑄴,",".উত্যক্তকারী,অপচ ব্যক্তি"
𑄉𑄨𑄢𑄮𑄎𑄴 : 𑄥𑄬𑄞𑄴 𑄘𑄳𑄠 𑄌𑄨𑄣𑄴𑄘𑄳𑄢𑄬𑄚𑄴,গিরা: সেভ দিে চিলগুলো
𑄷 𑄚𑄧𑄟𑄴𑄝𑄧𑄢𑄴 𑄜𑄧𑄉𑄧𑄘𑄋𑄴 : 𑄸𑄶𑄷𑄶,১ নম্বর বিজ্ঞপ্তি: ২০১০
𑄸𑄚𑄧𑄟𑄴𑄝𑄧𑄢𑄴 𑄜𑄧𑄉𑄧𑄘𑄋𑄴 : 𑄸𑄶𑄷𑄺,.দুইনম্বর বিজ্ঞপ্তি:২০১৪
𑄚𑄬𑄠𑄬𑄣𑄬𑄠𑄧𑄚𑄴 : 𑄥𑄨𑄥𑄪𑄢𑄴 𑄈𑄧𑄟𑄧𑄖𑄠𑄧𑄚𑄴 𑄛𑄳𑄢𑄇𑄧𑄣𑄴𑄛𑄧,নেেলা: সিসুের খমতা
𑄥𑄬𑄞𑄴 𑄘𑄳𑄠 𑄌𑄨𑄣𑄴𑄘𑄳𑄢𑄬𑄚𑄴,রক্ষা দো চিল
𑄊𑄧𑄢𑄴 𑄚𑄧𑄟𑄴𑄝𑄧𑄢𑄴-𑄥 𑄨𑄘𑄧𑄝𑄴𑄣𑄨𑄃𑄪,বাি নম্বর-সে দুই. বাি নম্বর
"𑄃𑄬𑄚𑄴 -𑄹𑄻, 𑄛𑄧𑄘𑄧 𑄚𑄧𑄟𑄴𑄝𑄧𑄢𑄴-𑄺𑄹","এনো-৩৫, পদ নম্বর-৪৩"
"𑄉𑄪𑄣𑄴𑄥𑄥𑄚𑄴-𑄸, 𑄔𑄇-𑄷𑄸𑄷𑄸","গুলশাটা ২, ঢাকা-১১"
𑄃𑄟 𑄃𑄪𑄢𑄧𑄚𑄴-𑄛𑄨𑄚𑄧𑄚𑄴,আমাদের উোন পিনন
𑄟𑄧-𑄚𑄋𑄚𑄴 𑄢𑄋𑄙𑄧𑄚𑄴 ।,আমার নামটা লাল
𑄟𑄪𑄃𑄨𑄉𑄚𑄴𑄎𑄇𑄚𑄨 𑄃-𑄃𑄎𑄪 𑄙𑄪𑄘𑄨 𑄛𑄨𑄚𑄨 𑄝𑄎𑄧𑄢𑄧𑄖𑄴 𑄡𑄬𑄢𑄴 ।,পাহািটা এখনো ধুতি পে দৌাচ্ছে
𑄝 𑄣𑄪𑄋𑄴𑄉𑄨 𑄛𑄨𑄚𑄨 𑄇𑄟𑄧𑄖𑄴 𑄡𑄢𑄴 ।,বা লুঙ্গি পরে কাজে যাওা
𑄙𑄧𑄚𑄧 𑄛𑄨𑄚𑄧𑄚𑄴 𑄛𑄨𑄚𑄨 𑄎𑄪𑄟𑄧𑄖𑄴 𑄡𑄢𑄴 ।,ধন পিনন পরিধান করে জুমে যাওা
𑄟𑄪𑄎𑄨 𑄈𑄧𑄝𑄧𑄋𑄴 𑄝𑄚𑄨 𑄛𑄚𑄨 𑄃𑄚𑄬𑄣𑄴𑄣𑄮𑄃𑄨 ।,পাহাের কাঁকা পানি আনে
𑄟𑄪𑄎𑄨 𑄌𑄧𑄟𑄎𑄴𑄎𑄳𑄠 𑄃𑄪𑄚𑄬 𑄝𑄬𑄢𑄬𑄝𑄖𑄴𑄖𑄳𑄠𑄃𑄨 𑄃𑄬𑄥𑄴𑄥𑄮𑄚𑄴 ।,পাহাের চূা বোতে এসেছে
𑄈𑄪𑄟𑄴𑄖𑄭 𑄢𑄨𑄚𑄭 𑄢𑄨𑄥 𑄛𑄨𑄚𑄨𑄃𑄬𑄥𑄴𑄥𑄳𑄠𑄬 ।,কুমা দিে রিসা পরিধান করছে
𑄇𑄬𑄢𑄥𑄨𑄋𑄴 𑄗𑄧𑄝𑄪𑄃𑄨𑄋𑄴 𑄛𑄨𑄚𑄨 𑄃𑄬𑄥𑄴𑄥𑄳𑄠𑄬 ।,বেতের ঝুি পে এসেছে
𑄖𑄢𑄢𑄬 𑄌𑄘𑄬 𑄎𑄧𑄘𑄧𑄝𑄧𑄘𑄬 𑄘𑄮𑄣𑄴 𑄣𑄉𑄬𑄢𑄴 ।,তাদেরকে দেখতে অনেক সুন্দর লাগে
𑄟𑄧 𑄍𑄧𑄢 𑄝𑄧𑄃𑄨,আমার ছো বই
𑄛𑄪𑄚𑄧𑄁 𑄌𑄚𑄴,.পুং চামা
𑄥𑄨𑄣𑄧𑄖𑄴 𑄖𑄧𑄣𑄬 𑄖𑄪𑄙𑄨𑄁 𑄟𑄌𑄴,শীলের নিচে এক জাতী মাছ
𑄉𑄪𑄎𑄪𑄢𑄨 𑄛𑄧𑄣𑄧𑄉𑄨 𑄝𑄧𑄭𑄎𑄬𑄈𑄴 𑄟𑄌𑄴 ।,এক জাতী মাছ
𑄝𑄧𑄭𑄎𑄬𑄈𑄴 𑄟𑄌𑄳𑄠 𑄙𑄚𑄴 𑄇𑄧𑄎,এক জাতী মাছ
𑄃𑄪𑄖𑄴𑄖𑄧𑄢𑄴 𑄘𑄉𑄧𑄖𑄴 𑄛𑄚𑄴 𑄇𑄧𑄘 ।,উত্তর দিক থেকে পান করার শব্দ
𑄛𑄪𑄉𑄬𑄘𑄨 𑄃𑄪𑄖𑄳𑄠𑄬 𑄛𑄪𑄚𑄧𑄁 𑄌𑄚𑄴 ।,.পুে উঠার সম পাছাটা বাঁকা করে দেখতেছি
।,bdmean
𑄃𑄠𑄴 𑄃𑄠𑄴 𑄌𑄚𑄴𑄘𑄮 𑄃𑄠𑄴,আাআি চাঁদ
𑄌𑄨𑄎𑄨 𑄃𑄨𑄘𑄪 𑄃𑄠𑄴 ।,ছোট এইটা
"𑄞𑄖𑄴 𑄘𑄨𑄝𑄧𑄁 𑄎𑄧𑄢 𑄎𑄧𑄢,",ভাত দিে দেওা
𑄖𑄮𑄚𑄴 𑄘𑄨𑄝𑄧𑄁 𑄗𑄣𑄴𑄞𑄧𑄢 ।,তরকারি দুই ভাগ হেছে
𑄃𑄠𑄴 𑄌𑄚𑄴𑄘𑄮 𑄃𑄠𑄴,আা চাঁদ
𑄃𑄟𑄳𑄦 𑄃𑄨𑄘𑄪 𑄃𑄠𑄴 ।,আমাদের এখানে
𑄇𑄣 𑄈𑄧𑄇𑄧𑄇𑄴𑄬𑄴𑄇𑄬𑄋𑄴,কালো রঙের কোঁকানো
𑄇𑄣 𑄇𑄣 𑄈𑄧𑄇𑄴𑄇𑄬𑄋𑄴,কালো রঙের কোঁকা
𑄌𑄨𑄘𑄨𑄢𑄬 𑄌𑄨𑄘𑄨𑄢𑄬 𑄉𑄪𑄃𑄨,ছোট ছোট বাচ্চা
𑄞𑄪𑄇𑄴 𑄉𑄧𑄢𑄨 𑄏𑄟𑄴 𑄘𑄨𑄣𑄬𑄠𑄧,ভুক করে ঝাি দিলে
𑄖𑄪𑄦𑄧 𑄚𑄧-𑄓𑄧𑄢𑄋𑄴 𑄟𑄪𑄃𑄨 ।,তুমি নাচা করো না
"𑄖𑄪𑄟𑄨 𑄇𑄨 𑄖𑄧𑄉𑄧𑄢𑄴,",তোমরা কি গুপ্তধন
𑄇𑄣 𑄇𑄣 𑄏𑄪𑄝𑄧 𑄥𑄬𑄢𑄬,কালো রঙের ঝুির মধ্যে
𑄝𑄖𑄴𑄖𑄨 𑄎𑄣𑄬𑄠𑄴 𑄝𑄬𑄢𑄧𑄢𑄴 ।,বাতি জ্বালিে বোচ্ছে
𑄎𑄪𑄟𑄧𑄖𑄴 𑄃𑄪𑄘𑄬𑄖𑄴𑄖𑄬 𑄝𑄌𑄴𑄌𑄧𑄢𑄨𑄝𑄱,জুমে উঠার জন্য বাঁশটা
𑄙𑄧𑄢𑄨𑄣𑄬 𑄌𑄪𑄋𑄴 𑄌𑄪𑄋𑄨,ধরে ধরলে চুি চুি
𑄃𑄟𑄳𑄦 𑄌𑄨𑄎𑄨𑄢𑄬 𑄛𑄨𑄚𑄬𑄃𑄨 𑄘𑄨𑄝𑄧𑄁,আমাদের বাচ্চাটাকে পে দিব
𑄢𑄪𑄝𑄧𑄢𑄴 𑄝𑄚𑄬𑄠 𑄏𑄪𑄚𑄴 𑄏𑄪𑄚𑄨 ।,রাবার বানানো ঝুি
𑄗𑄌𑄴 𑄗𑄪𑄌𑄴 𑄗𑄬𑄌𑄴,থাপ্পের শব্দ
𑄖𑄧-𑄟𑄟𑄪 𑄊𑄧𑄢𑄧𑄖𑄴 𑄡𑄬𑄥𑄴 ।,তোমার মামার বািতে যাও
𑄖𑄧-𑄟𑄟𑄨 𑄘𑄨𑄝𑄧 𑄇𑄪𑄢𑄳𑄦𑄧 𑄊𑄨𑄣𑄬,তোমার মা-মেে সব ঘিলে
𑄛𑄬𑄑𑄴 𑄞𑄧𑄢𑄧𑄚𑄴 𑄈𑄬𑄌𑄴 ।,পেট ভরে খাওা
𑄃𑄟𑄴 𑄛𑄘,আম পাতা
𑄃𑄟𑄴 𑄛𑄘 𑄣𑄧𑄇𑄴𑄈𑄧𑄚𑄴,আম পাতা লক্ষী
𑄖𑄧𑄢𑄬 𑄟𑄖𑄴𑄖𑄬 𑄇𑄧𑄘𑄧𑄇𑄴𑄈𑄧𑄚𑄴 ।,তোমাকে আমি অনেক ভালোবাসি
𑄟𑄪𑄃𑄨 𑄡𑄬𑄟𑄴 𑄃𑄘𑄎𑄧𑄖𑄴,আমি যে গ্রামে যাবো
𑄛𑄚𑄨 𑄈𑄬𑄟𑄴 𑄉𑄧𑄣𑄧𑄎𑄧𑄖𑄴 ।,পানি খেে পেট ভরে
𑄝𑄨𑄣𑄬𑄃𑄨 𑄉𑄧𑄢𑄬𑄢𑄴 𑄟𑄨𑄐𑄨𑄐𑄧𑄁 𑄟𑄨𑄐𑄨𑄐𑄧𑄧𑄁𑄁,বিে করার সম বিে
𑄝𑄨𑄣𑄬𑄃𑄨 𑄉𑄧𑄢𑄬𑄢𑄴 𑄟𑄨𑄐𑄧𑄁 𑄟𑄨𑄐𑄧𑄁,বিে করার শব্দ
"𑄌𑄨𑄎𑄨 𑄡𑄬𑄠𑄬 𑄇𑄮𑄃𑄨,",ছোট যে কোা
𑄥𑄨𑄎𑄨𑄝𑄱𑄢𑄬 𑄓𑄉𑄨𑄃𑄚𑄧,সিধে করে দেওা
𑄝𑄨𑄣𑄬𑄃𑄨 𑄟𑄢 𑄡𑄬𑄠𑄬 𑄥𑄨𑄎𑄨,বিে হেছে সেলাই
"𑄃𑄏𑄢𑄴 𑄈𑄬𑄠𑄬𑄉𑄮𑄃𑄨,",বজ্রপাত খেেছে
𑄏𑄢𑄧 𑄝𑄨𑄣𑄬𑄃𑄨 𑄏𑄢𑄧𑄖𑄴 𑄡𑄬𑄠𑄬,জঙ্গল ভে জঙ্গল গেছে
𑄇𑄪𑄘𑄪 𑄛𑄬𑄝𑄧𑄉𑄮𑄃𑄨 ।,এক জাতী পাখি
𑄟𑄧𑄚𑄧𑄚𑄮𑄊𑄮𑄊𑄧𑄢𑄧𑄢𑄧𑄖𑄧𑄖𑄴 𑄎𑄨𑄬𑄨𑄢𑄬𑄝𑄧𑄋𑄧𑄋𑄴,.মনে হ মনের রুম যাচ্ছি
𑄌𑄉 𑄌𑄉 𑄝𑄬𑄋𑄴 𑄛𑄨𑄘𑄳𑄠𑄬,.চাকাচাকা বো
𑄦𑄘𑄨 𑄚𑄧-𑄛𑄢𑄧𑄋𑄴 𑄒𑄬𑄋𑄴 𑄛𑄨𑄢𑄬 ।,পাহাে পাহাের অসুখ
𑄦𑄘𑄨 𑄚𑄧-𑄛𑄢𑄴𑄣𑄬 𑄣𑄪𑄘𑄨𑄇𑄴 𑄙𑄧𑄢𑄴,পাহা না পারলে লুকিে ধর
𑄇𑄪𑄘𑄴𑄘𑄪𑄢𑄴 𑄉𑄬𑄣𑄬 𑄟𑄮𑄚𑄮𑄊𑄧𑄢𑄴 ।,কোথা গেলে পাহাি
𑄟𑄮𑄚𑄮 𑄊𑄧𑄢𑄧𑄖𑄴 𑄎𑄨𑄢𑄬𑄝𑄧𑄋𑄴,পাহাের বািতে জো হওা
𑄕𑄘𑄬𑄋𑄴 𑄇𑄝𑄨 𑄊𑄪𑄢𑄬𑄝𑄧𑄋𑄴 ।,নাচা করে ঘুরতে হবে
𑄟𑄟𑄪 𑄊𑄧𑄢𑄧𑄖𑄴 𑄡𑄬𑄃𑄨 ।,মামার বািতে যে
𑄟𑄟𑄨 𑄘𑄨𑄝𑄧 𑄘𑄪𑄖𑄴𑄞𑄖𑄴,মামী দুই ভাত
𑄛𑄬𑄑𑄴 𑄞𑄧𑄢𑄧𑄚𑄴 𑄈𑄬𑄃𑄨 ।,পেট ভরে খাওা
𑄟𑄟𑄨𑄢𑄴 𑄦𑄘𑄧 𑄘𑄪𑄖𑄴𑄞𑄖𑄴,মামীর হাতের দুধ
"𑄈𑄘𑄬 𑄞𑄢𑄨 𑄥𑄪𑄠𑄧𑄘𑄴,",.খাওা অনেক সুখ
𑄥𑄬𑄃𑄨 𑄥𑄪𑄠𑄧𑄖𑄴𑄗𑄚𑄴 𑄞𑄣𑄧𑄇𑄴𑄈𑄧𑄚𑄴,সেই সুতাটা অনেক দিন
𑄝𑄎𑄨 𑄗𑄠𑄴 𑄟𑄪𑄠𑄧𑄖𑄴 ।,বেঁচে থাকে আমি
"𑄃𑄖𑄳𑄠𑄬 𑄇𑄧𑄣𑄢𑄴 𑄝𑄪𑄇𑄴,",এক জাতী কলার বুক
𑄊𑄧𑄢𑄧 𑄃𑄪𑄘𑄧𑄚𑄧 𑄝𑄨𑄉𑄪𑄚𑄴 𑄟𑄧𑄢𑄨𑄌𑄴,বাির উকুন মরিচ
𑄖𑄪𑄣𑄨 𑄈𑄘𑄬 𑄘𑄪𑄇𑄴 ।,তুলে খেতে কষ্ট
𑄃𑄮 𑄌𑄨𑄎𑄨 𑄊𑄪𑄟𑄴 𑄡 𑄖𑄪𑄃𑄨,ও ছেঁা ঘুম যাও তুমি
𑄉𑄋𑄧𑄖𑄴 𑄉𑄬𑄣𑄬 𑄃𑄚𑄨 𑄘𑄨𑄝𑄧𑄋𑄴,গাঙে গেলে আনবে
𑄎𑄪𑄟𑄧𑄖𑄴 𑄉𑄬𑄣𑄬 𑄃𑄚𑄨 𑄘𑄨𑄝𑄧𑄋𑄴,জুমে গেলে এনে দিব
𑄥𑄪𑄘𑄧 𑄜𑄨𑄢𑄨𑄋𑄴 𑄙𑄧𑄢𑄨 ।,টাকা ফেরত নেওা
𑄏𑄢𑄧𑄖𑄴 𑄉𑄬𑄣𑄬 𑄃𑄚𑄨 𑄘𑄨𑄝𑄧𑄋𑄴,জঙ্গলের মধ্যে গেলে এনে দিবে
"𑄏𑄢𑄧 𑄦𑄧𑄢𑄨𑄋𑄴 𑄙𑄧𑄢𑄨,",জঙ্গলের হরিণ
𑄣𑄧𑄇𑄴𑄈𑄨 𑄉𑄧𑄢𑄨 𑄛𑄧𑄢𑄨 ।,লক্ষী করে পা
𑄢𑄧𑄗𑄧𑄗𑄴 𑄌𑄧𑄇𑄧𑄇𑄳𑄢𑄧𑄝𑄳𑄢𑄧𑄝𑄎𑄨,চূাচা
𑄦𑄘𑄧𑄖𑄴 𑄡𑄬𑄃𑄨 𑄝𑄎𑄢𑄧𑄖𑄴 𑄡𑄬𑄃𑄨,হাত দিে যে বাজারে যা
"𑄇𑄨𑄚𑄨 𑄃𑄚𑄨 𑄍𑄘𑄨,",কিনে এনে ছাউনি
𑄢𑄧𑄗𑄴𑄡𑄖𑄳𑄢 𑄟𑄬𑄣𑄖𑄴 𑄟𑄖𑄴𑄖𑄧𑄚𑄴,রথযাত্রার অনুষ্ঠানে মাতন ব্যবহৃত হ
𑄉𑄧𑄣𑄇𑄴 𑄦𑄝𑄮𑄃𑄨 𑄝𑄎𑄨 ।,গলা চেপে ধরে রাখো
𑄌𑄨𑄖𑄴𑄖𑄨 𑄌𑄨𑄎𑄨 𑄦𑄏𑄨-𑄈𑄪𑄏𑄨,চিত্তি ছিঁচকাঁদুনে পাখি
"𑄖𑄨𑄝𑄪𑄢𑄪𑄇𑄴 𑄖𑄨𑄝𑄪𑄢𑄪𑄇𑄴 𑄚𑄎𑄴,",ত্রিপুরাদের এক ধরনের নাচ
𑄥𑄬 𑄥𑄧𑄟𑄢𑄬 𑄖𑄨𑄝𑄪𑄢𑄪𑄇𑄴 𑄖𑄨𑄝𑄪𑄢𑄪𑄇𑄴,সে সমে তেতো তেতো
𑄚𑄎𑄬 𑄛𑄘𑄨 𑄦𑄎𑄴 ।,এক জাতী বুনো শাক
𑄃𑄬𑄢𑄬 𑄖𑄨-𑄨-𑄖𑄨 𑄝𑄧𑄝𑄧𑄝𑄳𑄦𑄳𑄦𑄧𑄧,তাকে টি টি ব ব করবে
𑄃𑄬𑄢𑄬 𑄖𑄨-𑄖𑄨 𑄝𑄧𑄝𑄳𑄦𑄧,.তাকে তেতো করলা
"𑄟𑄖𑄳𑄠𑄬 𑄛𑄬𑄉𑄮 𑄍𑄧,",এক জাতী পাখি
𑄓𑄬𑄚𑄬 𑄝𑄋𑄬 𑄚𑄧 𑄡𑄬𑄠𑄧,ডান বাম করা যা না
𑄃𑄪𑄎𑄪 𑄉𑄧𑄢𑄨 𑄡𑄧 ।,সোজা সোজা হওা
𑄃𑄬𑄇𑄴𑄃𑄢𑄨 𑄙𑄚𑄧𑄢𑄴,এক কেজি ধান
"𑄘𑄨𑄃𑄢𑄨 𑄌𑄧𑄝,",এক জাতী চূা
𑄌𑄨𑄎𑄨 𑄚𑄎𑄬𑄢𑄴,এক জাতী নাচ
𑄙𑄪𑄙𑄪𑄙𑄪𑄇𑄪𑄇𑄴,ধুধুক
𑄙𑄪𑄙𑄪𑄇𑄴 𑄚𑄖𑄪𑄇𑄴 𑄑𑄪𑄑𑄪𑄇𑄴 𑄑𑄪𑄇𑄴,ধুধুক নাটুকে টুকি টুকি
𑄝𑄘𑄮𑄃𑄨 𑄝𑄧𑄓 𑄌𑄨𑄘𑄨𑄢 𑄙𑄪𑄝𑄴 ।,বাঁশের বোটা শক্ত
𑄑𑄪𑄑𑄪𑄇𑄴 𑄑𑄪𑄇𑄴 𑄑𑄪𑄑𑄪𑄇𑄴 𑄑𑄪𑄇𑄴,"টুকরো টুকরো, টুকরো, টুকরো"
𑄙𑄪𑄙𑄪𑄇𑄴 𑄚𑄖𑄪𑄇𑄴 𑄑𑄪𑄑𑄪𑄇𑄴 𑄑𑄪𑄇𑄴 ।,ধুধুক নাটুক টুকি
𑄇𑄘𑄟𑄧𑄣 𑄉𑄌𑄴,এক জাতী গাছ
𑄖𑄬𑄢𑄋𑄴 𑄘𑄉𑄨𑄖𑄴𑄖𑄪𑄚𑄴 𑄃𑄬𑄇𑄴𑄇𑄚𑄴 𑄝𑄉𑄚𑄴 𑄃𑄬𑄣𑄧 ।,তেরাং গর্ত থেকে একটি বাগান আসলো
𑄖𑄟𑄴𑄟 𑄃 𑄖𑄬 𑄝𑄉𑄚𑄧𑄖𑄴 𑄝𑄬𑄢𑄘𑄧𑄚𑄴 ।,তার মা এখন বাগানে বোচ্ছে
𑄝𑄬𑄢𑄘𑄬 𑄝𑄬𑄢𑄘𑄬 𑄖𑄬 𑄃𑄬𑄇𑄴𑄇𑄱 𑄜𑄧𑄣𑄴 𑄉𑄌𑄴 𑄘𑄬𑄇𑄴𑄇𑄳𑄠 ।,. ঘুরতে ঘুরতে সে একটা ফল গাছ দেখতেছে।
𑄖𑄬𑄢𑄋𑄬 𑄖𑄟𑄴𑄟𑄢𑄬 𑄇𑄧𑄣𑄧-𑄟 𑄌𑄘𑄬𑄃𑄨 𑄉𑄌𑄴𑄌𑄱𑄖𑄴 𑄃𑄨𑄉𑄪𑄚𑄴 𑄇𑄨 𑄜𑄧𑄣𑄴 ।,তেরাঙে তার মাকে জিজ্ঞেস করলো গাছটিতে কি ফল আছে
𑄖𑄟𑄴𑄟 𑄇𑄧𑄣𑄧-𑄥𑄨𑄝𑄬 𑄇𑄘𑄟𑄧𑄣 𑄉𑄌𑄴 ।,তার মা কল-সে এক জাতী গাছ
𑄖𑄢 𑄘𑄨𑄎𑄧𑄚𑄬 𑄇𑄘𑄟𑄧𑄣 𑄈𑄬𑄣𑄇𑄴 𑄃 𑄊𑄧𑄢𑄧𑄖𑄴 𑄚𑄨𑄣𑄇𑄴 ।,তারা দুইজনে মারামারি করে বািতে নিে গেল
𑄖𑄬𑄢𑄋𑄬 𑄊𑄧𑄢𑄧𑄖𑄴 𑄃𑄬𑄚𑄬𑄃𑄨 𑄖 𑄝𑄝𑄢𑄬 𑄈𑄝𑄬𑄣𑄧 ।,তেরাঙে বািতে এনে তার বাপকে খাওালো
𑄗 𑄝𑄝𑄬 𑄇𑄧𑄣𑄧-𑄖𑄧 𑄥𑄧𑄟𑄎𑄳𑄠𑄃𑄪𑄚𑄧𑄢𑄬 𑄞𑄇𑄴 𑄘𑄬 ।,.তার বাবা-মা তাদেরকে ভাত দিে দে
𑄖𑄬𑄢𑄋𑄬 𑄖 𑄥𑄧𑄟𑄎𑄳𑄠𑄃𑄪𑄚𑄧𑄢𑄬 𑄞𑄇𑄴 𑄉𑄧𑄢𑄨 𑄘𑄨𑄣𑄧 ।,তেরাঙে তার সমাজকে ভ করে দিল
𑄢𑄧𑄎𑄬𑄠𑄬 : 𑄥𑄝𑄨𑄚 𑄖𑄳𑄢𑄨𑄛𑄪𑄢,রেছে: সাা ত্রিপুরা
𑄍𑄧𑄝𑄨 𑄃𑄉𑄬𑄠𑄧𑄚𑄴 : 𑄟𑄨𑄣𑄧𑄚𑄴 𑄎𑄮𑄖𑄨 𑄖𑄳𑄢𑄨𑄛𑄪𑄢,ছবি আছে: মিলন জুটি ত্রিপুরা
𑄚𑄧𑄟𑄴𑄝𑄧𑄢𑄴 𑄜𑄧𑄉𑄧𑄘𑄋𑄴 : 𑄸𑄶𑄷𑄺,নম্বর তালিকা: ২০১৪
𑄛𑄧𑄌𑄴𑄎𑄧𑄚𑄧 𑄝𑄧𑄃𑄨,.পঁচার বই
𑄏𑄪𑄟𑄢𑄴 𑄥𑄧𑄢𑄴𑄉𑄧𑄖𑄴 𑄡𑄚 . . . . . . . . . . . . . . . . . . . . . . . . . . . . . . . . . . . . . . . . 𑄺,.নিঃশব্দ স্বর্গে যাওা
𑄛𑄬𑄎𑄢𑄴 𑄝𑄪𑄘𑄴𑄙𑄨 . . . . . . . . . . . . . . . . . . . . . . . . . . . . . . . . . . . . . . . . . . . . . . 𑄽,.নিঃসঙ্গ বুদ্ধি . . .
𑄌𑄬𑄢𑄴 𑄥𑄧𑄟𑄎𑄳𑄠 . . . . . . . . . . . . . . . . . . . . . . . . . . . . . . . . . . . . . . . . . . . . . . 𑄷𑄶,চূা সমাজ
𑄥𑄨𑄠𑄣𑄧𑄢𑄴 𑄝𑄪𑄘𑄴𑄙𑄨 . . . . . . . . . . . . . . . . . . . . . . . . . . . . . . . . . . . . . . . . . . . . 𑄷𑄹,.সেটার বুদ্ধি
𑄛𑄧𑄢𑄬𑄠 𑄇𑄧𑄙𑄖𑄴 𑄇𑄚𑄴 𑄚𑄧-𑄘𑄬𑄚 . . . . . . . . . . . . . . . . . . . . . . . . . . . . . . . . . 𑄷𑄼,.অন্যের কথা কান দিও না।
𑄛𑄬𑄌𑄳𑄠 𑄇𑄪𑄣𑄴 𑄇𑄪𑄣𑄧𑄠𑄴 𑄈𑄪𑄢𑄮𑄣𑄳𑄠 𑄥𑄧𑄚𑄢𑄴 𑄑𑄪𑄇𑄴 𑄛𑄠𑄴 . . . . . . . . . . . . . . . . . . . . . 𑄷𑄿,.পাখির কুল কুল দিে শামুকের টুক পাওা যা।
𑄏𑄪𑄟𑄢𑄴 𑄥𑄧𑄢𑄴𑄉𑄧𑄖𑄴 𑄡𑄚,দৌাদৌি করা
𑄉𑄬𑄣𑄴𑄣𑄬 𑄇𑄬𑄣𑄳𑄠𑄬 𑄃𑄬𑄣𑄧𑄘𑄬 𑄜𑄪𑄣𑄴 𑄝𑄨𑄏𑄪।,এক জাতী বুনো ফুল
𑄏𑄪𑄟 𑄃𑄘𑄟𑄳𑄠 𑄥𑄧𑄟𑄎𑄳𑄠𑄣𑄧𑄃𑄨 𑄝𑄧𑄢𑄴𑄉𑄋𑄧𑄖𑄴 𑄜𑄪𑄣𑄴 𑄞𑄎𑄬𑄠𑄬 𑄉𑄮𑄃𑄨।,জুমের গ্রামের মানুষরা বর্গা ফুল বিক্রি করে
𑄜𑄪𑄣𑄴 𑄞𑄎𑄘𑄬 𑄥𑄧𑄣𑄖𑄴 𑄏𑄪𑄟 𑄟 𑄉𑄧𑄋𑄴𑄉𑄨𑄖𑄴𑄪𑄚𑄴 𑄦𑄖𑄴 𑄎𑄪𑄢𑄴 𑄉𑄧𑄢𑄨 𑄃𑄘𑄪 𑄇𑄪𑄝𑄨 𑄝𑄧𑄏𑄨 𑄉𑄧𑄘 𑄎𑄨𑄁𑄇𑄚𑄨𑄠𑄚𑄴 𑄥𑄪𑄉𑄬 𑄥𑄚𑄴𑄘𑄨𑄠𑄬 𑄢𑄉𑄬𑄝𑄖𑄳𑄠𑄬 𑄝𑄧𑄢𑄴 𑄟𑄇𑄳𑄠𑄬।,.ফুল ভাজার সমে জুে জুে পুরো জীবনটা জুে আছে
𑄉𑄋𑄧𑄖𑄴 𑄜𑄪𑄣𑄴 𑄞𑄎𑄬𑄃𑄨 𑄝𑄧𑄢𑄴𑄟𑄉𑄨 𑄜𑄪𑄢𑄬𑄣𑄬 𑄏𑄪𑄟 𑄜𑄮𑄛𑄴 𑄜𑄮𑄛𑄴 𑄉𑄧𑄢𑄨 𑄉𑄧𑄋𑄴𑄉𑄨𑄟𑄢𑄬 𑄃𑄢𑄧 𑄃𑄬𑄇𑄴 𑄥𑄣𑄟𑄴 𑄘𑄨𑄚𑄬 𑄛𑄚𑄨𑄖𑄴 𑄣𑄟𑄨 𑄉𑄘𑄨𑄣𑄧।,গাঙে ফুল ভে সুগন্ধি করে আর এক সালাম দিতে পানিতে নামল
𑄉𑄘𑄨 𑄜𑄪𑄢𑄬𑄣𑄬 𑄇𑄝𑄧𑄢𑄴 𑄌𑄪𑄝𑄧𑄢𑄴 𑄝𑄮𑄘𑄮𑄣𑄬𑄃𑄨 𑄊𑄧𑄢𑄧𑄖𑄴 𑄃𑄬𑄣𑄧।,গাি শেষ হলে কাপের কাপ পরে বািতে আসলো
𑄊𑄧𑄢𑄧𑄖𑄴 𑄃𑄬𑄚𑄬𑄃𑄨 𑄖-𑄟𑄢𑄬 𑄊𑄧𑄢𑄧 𑄛𑄌𑄴 𑄇𑄟𑄴 𑄉𑄧𑄢 𑄝𑄧𑄣𑄴 𑄘𑄬𑄢𑄴।,বািতে এনে তাকে পাঁচটা কাজ করতে বলে
𑄃𑄬𑄌𑄳𑄠 𑄟𑄪𑄢𑄴 𑄝𑄨𑄏𑄪।,এক জাতী পাখি
𑄏𑄪𑄟 𑄝𑄨𑄏𑄪𑄖𑄴 𑄝𑄬𑄢𑄬𑄝𑄖𑄳𑄠𑄬 𑄝𑄬𑄚𑄳𑄠𑄬 𑄛𑄧𑄖𑄳𑄠𑄬 𑄉𑄘𑄨𑄣𑄧𑄉𑄮𑄃𑄨।,জোনাকির আলো বোতে বোলটা ঘুরে বো
𑄚𑄪𑄠𑄧 𑄚𑄪𑄠𑄧 𑄇𑄝𑄧𑄢𑄴 𑄛𑄨𑄚𑄨𑄣𑄧।,না নািভুি পরিধান করলো
𑄃𑄘𑄟𑄳𑄠 𑄥𑄧𑄟𑄎𑄳𑄠𑄃𑄪𑄚𑄬 𑄓𑄉𑄓𑄉𑄨 𑄉𑄧𑄢𑄨 𑄗𑄪𑄝𑄬𑄣𑄇𑄴।,গ্রামের মানুষরা ডাগিে ডাগিে থাকে
𑄝𑄬𑄇𑄴𑄈𑄪𑄚𑄬 𑄟𑄨𑄣𑄨 𑄃𑄘𑄟𑄧𑄢𑄴 𑄊𑄧𑄢𑄬 𑄊𑄧𑄢𑄬 𑄇𑄪𑄢𑄳𑄦𑄧 𑄃𑄘𑄢𑄴 𑄘𑄬𑄘𑄬𑄚𑄘𑄮𑄃𑄨।,সবাই মিলে গ্রামের ঘরে কুাকুি করা
𑄇𑄇𑄴𑄧𑄚𑄴 𑄝𑄘𑄬 𑄏𑄪𑄟 𑄊𑄧𑄢𑄧𑄖𑄴 𑄃𑄬𑄣𑄧𑄉𑄮𑄃𑄨।,কেকদিন বাদে জুে বািতে আসলো
𑄃𑄨𑄚𑄴𑄘𑄨 𑄊𑄧𑄢𑄧𑄖𑄴 𑄖𑄟𑄴𑄟 𑄝𑄨𑄏𑄪 𑄛𑄎𑄧𑄚𑄴 𑄢𑄚𑄳𑄦𑄨 𑄛𑄪𑄢𑄬𑄃𑄨 𑄇𑄨𑄠𑄧𑄋𑄧𑄖𑄴 𑄡𑄬𑄝𑄖𑄳𑄠𑄬 𑄡𑄳𑄟𑄪𑄪𑄣𑄬𑄃𑄨 𑄃𑄊𑄬।,এখানে বািতে তার মা বিঝু পাজন রানী পে আছে
𑄏𑄪𑄟 𑄊𑄧𑄢𑄧𑄖𑄴 𑄃𑄬𑄌𑄳𑄠𑄬 𑄟𑄧𑄖𑄴𑄧𑄢𑄴 𑄘𑄨-𑄟𑄃𑄨 𑄏𑄨𑄠𑄬 𑄇𑄨𑄠𑄧𑄋𑄧𑄖𑄴 𑄉𑄬𑄣𑄇𑄴।,জুমের বািতে এসে দুই-আমার মেে মারা গেল
𑄇𑄨𑄠𑄧𑄋𑄧𑄖𑄴 𑄞𑄚𑄴𑄖𑄬 𑄓𑄉𑄨 𑄙𑄧𑄢𑄴𑄟𑄧 𑄇𑄧𑄙 𑄇𑄮𑄃𑄨 𑄘𑄨𑄣𑄇𑄴।,কোথা ভে ধর্ম কথা বলে দিল
𑄏𑄪𑄟 𑄟𑄧𑄚𑄴𑄘𑄨 𑄥𑄪𑄚𑄨𑄣𑄧।,এক জাতী মিষ্টি গন্ধযুক্ত বুনো ফল
𑄙𑄧𑄢𑄴𑄟𑄧 𑄉𑄧𑄣𑄴𑄣𑄬 𑄥𑄧𑄢𑄴𑄉𑄧𑄖𑄴 𑄡𑄬𑄃𑄨 𑄛𑄢𑄬 𑄟𑄳𑄦𑄬𑄖𑄴 𑄛𑄬𑄣𑄧।,ধর্ম করলে স্বর্গে যে কেউ ঢুকতে পারে
𑄏𑄪𑄟𑄢𑄴 𑄟𑄧𑄚𑄧𑄖𑄴 𑄙𑄝𑄴 𑄎𑄧𑄟𑄴𑄟𑄬𑄣𑄧 𑄥𑄧𑄢𑄴𑄉𑄧𑄖𑄴 𑄡𑄬𑄝𑄢𑄴।,ঝগা করলে স্বর্গে যাওা
𑄏𑄪𑄟 𑄇𑄨𑄠𑄧𑄋𑄧𑄖𑄴𑄪𑄚𑄴 𑄃𑄬𑄚𑄬𑄃𑄨 𑄥𑄧𑄟𑄎𑄳𑄠 𑄥𑄧𑄟𑄢𑄬 𑄝𑄨𑄏𑄪 𑄈𑄬𑄝𑄖𑄳𑄠𑄬 𑄝𑄬𑄢 𑄣𑄟𑄨𑄣𑄧।,ঝুমার শরীর থেকে বের হে বিঝুর খাওা খেতে বোতে নামল
𑄏𑄪𑄟 𑄘𑄨𑄚𑄴𑄚𑄮𑄝𑄱 𑄝𑄬𑄢𑄘𑄬 𑄝𑄬𑄢𑄘𑄬 𑄥𑄏𑄧𑄚𑄳𑄠 𑄟𑄬𑄣𑄮𑄟𑄌𑄴 𑄉𑄧𑄢𑄨 𑄊𑄧𑄢𑄧𑄖𑄴 𑄜𑄨𑄢𑄨𑄣𑄧।,জুমের দিনে বোতে বোতে সাা দিে বািতে ফিরল
𑄖𑄬 𑄏𑄘𑄨 𑄏𑄘𑄨 𑄊𑄪𑄟𑄧𑄖𑄴 𑄛𑄧𑄣𑄴𑄣𑄧।,সে লাফিে লাফিে ঘুম থেকে পলো
"𑄊𑄪𑄟𑄬 𑄊𑄪𑄟𑄬 𑄥𑄧𑄝𑄧𑄚𑄬 𑄘𑄬𑄉𑄬𑄖𑄬𑄴 𑄇𑄧𑄠𑄬𑄇𑄴𑄇𑄱 𑄛𑄪𑄢𑄨𑄟𑄨𑄣𑄬 𑄃𑄬𑄚𑄬𑄃𑄨 𑄛𑄧𑄉𑄮𑄘𑄨 𑄇𑄚𑄘𑄨 𑄟𑄪-𑄝𑄝𑄬𑄃𑄨 𑄏𑄪𑄟𑄢𑄬 𑄓𑄉𑄧𑄘𑄧𑄚𑄴𑄘𑄨, 𑄏𑄪𑄟-𑄃𑄠𑄴 𑄥𑄧𑄢𑄴𑄉𑄧𑄖𑄴 𑄡𑄬𑄃𑄨।","ঘুমিে স্বপ্ন দেখতে দেখতে কেকটা পরীকে এনে পতেছে,স্বর্গে যেও"
"𑄖𑄪𑄃𑄨 𑄃𑄟𑄳𑄦 𑄃𑄬𑄇𑄴𑄎𑄧𑄚𑄴 𑄛𑄨𑄔𑄨𑄖𑄴 𑄃𑄪𑄘𑄨𑄝𑄬, 𑄃𑄟𑄨 𑄃𑄪𑄢𑄨 𑄥𑄧𑄢𑄴𑄉𑄧𑄖𑄴 𑄚𑄬𑄡𑄬𑄝𑄧𑄁।","তোমরা আমাদের একজনে আরোহণ করবে,আমরা উপরে স্বর্গে যাবো"
𑄏𑄪𑄟𑄪 𑄊𑄪𑄟𑄧𑄖𑄴𑄪𑄚𑄴 𑄃𑄪𑄘𑄨 𑄃𑄬𑄇𑄴𑄇𑄱 𑄛𑄪𑄢𑄨𑄟𑄨𑄣𑄬 𑄛𑄨𑄔𑄨𑄖𑄴 𑄃𑄪𑄘𑄨 𑄥𑄧𑄢𑄴𑄉𑄧𑄖𑄴 𑄡𑄢𑄴।,ঝুমকো ঘুম থেকে উঠে একটা সপ্নে পে স্বর্গে যা
𑄟𑄬𑄊𑄧 𑄢𑄬𑄎𑄳𑄠𑄧 𑄛𑄪𑄢𑄳𑄦𑄨 𑄡𑄬𑄃𑄨 𑄖𑄢𑄴 𑄢𑄬𑄎𑄳𑄠𑄧𑄖𑄴 𑄣𑄪𑄟𑄨𑄣𑄇𑄴𑄇𑄧𑄃𑄨।,মেঘের বৃষ্টি পে তার রাত হেছে
"𑄡𑄬𑄚𑄴 𑄥𑄧𑄣𑄖𑄴 𑄖𑄟𑄴𑄟 𑄖𑄢𑄬 𑄓𑄉𑄬𑄢𑄴, 𑄏𑄪𑄟 𑄏𑄪𑄟 𑄃𑄪𑄖𑄴 𑄟 𑄇𑄧𑄇𑄴𑄧𑄚𑄴 𑄊𑄪𑄟𑄴 𑄡𑄬𑄝𑄬।",".যেন সকালে তার মা তাকে দাঁিে দিেছে,ঝিঁঝিিে মা কেকদিন ঘুমাতে যাবে"
𑄏𑄪𑄟 𑄌𑄮𑄇𑄴 𑄟𑄬𑄣𑄨 𑄌𑄠𑄴𑄘𑄬 𑄛𑄧𑄘𑄋𑄴𑄑𑄋𑄴 𑄛𑄳𑄦𑄧𑄢𑄴।,ঝগাটে চোখ মেে চাা দো
𑄃𑄬𑄇𑄴 𑄝𑄧𑄚𑄧𑄖𑄴 𑄗𑄬𑄘𑄧 𑄃𑄬𑄇𑄴𑄇𑄱 𑄇𑄬𑄚𑄨 𑄥𑄪𑄉𑄮𑄢𑄴।,এক বনে একটা কুকুর বসে আছে।
𑄖𑄬 𑄖𑄢𑄴 𑄝𑄚𑄳𑄦 𑄃𑄬𑄇𑄴𑄇𑄱 𑄍𑄧 𑄣𑄧𑄃𑄨 𑄏𑄢𑄧 𑄞𑄨𑄘𑄨𑄢𑄬 𑄃𑄬𑄇𑄴𑄇𑄱 𑄉𑄘𑄧 𑄞𑄨𑄘𑄨𑄢𑄬 𑄊𑄪𑄟𑄴 𑄡𑄬𑄘𑄧।,সে তার বািটা একটা গাছের আড়ালে লুকিয়ে আছে
𑄝𑄬𑄚𑄳𑄠𑄬 𑄛𑄳𑄦𑄧𑄢𑄴 𑄦𑄧𑄣𑄬 𑄖𑄬 𑄖 𑄍𑄧𑄝𑄱𑄢𑄬 𑄣𑄧𑄃𑄨𑄚𑄬 𑄈𑄬𑄝𑄢𑄴 𑄖𑄧𑄉 𑄣𑄟𑄨𑄘𑄧।,বোইনে রাত হলে সে তার ছিে খাওার খোঁজ করতেছে
"𑄏𑄢𑄧 𑄃𑄣𑄪 𑄇𑄪𑄎𑄪 𑄈𑄪𑄢𑄨 𑄈𑄪𑄢𑄨 𑄈𑄬𑄘𑄧, 𑄍𑄧𑄝𑄱𑄢𑄬 𑄈𑄝𑄬𑄘𑄧।","জঙ্গলের আলু কুচি কুচি করে খাওা,ছাতে হবে"
𑄃𑄬𑄇𑄴𑄘𑄨𑄚𑄴 𑄥𑄪𑄠𑄧𑄢𑄨 𑄌𑄠𑄴𑄘𑄬 𑄃𑄬𑄇𑄴 𑄝𑄊𑄧𑄚𑄨 𑄟𑄧𑄢𑄨 𑄟𑄪𑄢𑄪𑄃𑄨 𑄃𑄊𑄬।,এক দিন শুকিে দেখ এক বাঘ মরে গেছে
𑄝𑄊𑄧𑄚𑄨 𑄍𑄧𑄝𑄱 𑄖𑄟𑄴𑄟 𑄙𑄉𑄧𑄖𑄴 𑄈𑄢 𑄦𑄧𑄢𑄴।,বাঘের চূা তার মা দৌাদৌি করে
𑄝𑄊𑄧 𑄌𑄧𑄝𑄱𑄢𑄬 𑄖-𑄥𑄧𑄟𑄢𑄬 𑄃𑄚𑄨𑄣𑄧।,বাঘের চূা তার স্ত্রীকে নিে আসলো
𑄥𑄳𑄟𑄪𑄪𑄢𑄨 𑄘𑄨𑄝𑄳𑄠 𑄍𑄧𑄣𑄧𑄃𑄨 𑄌𑄧𑄢𑄖𑄴 𑄡𑄬𑄘𑄧।,.পাখিটা দুলিে চরতেছে
𑄃𑄣𑄪 𑄇𑄪𑄎𑄪 𑄡𑄨𑄠𑄚𑄴 𑄛𑄠𑄴 𑄥𑄨𑄠𑄚𑄴 𑄘𑄨𑄝𑄳𑄠𑄬 𑄍𑄧𑄢𑄬 𑄞𑄉𑄴 𑄉𑄧𑄢𑄨 𑄈𑄝𑄃𑄨।,আলুর কুচি যেগুলো পাওা যা সেগুলো দুই ভাগ করে খাওা
"𑄝𑄊𑄬 𑄈𑄚𑄴 𑄦𑄬𑄢, 𑄝𑄊𑄧 𑄍𑄧𑄝𑄮𑄃𑄨 𑄇𑄪𑄙𑄪 𑄛𑄬𑄝𑄧𑄉𑄮𑄃𑄨 𑄦𑄬𑄢।","বাঘে খাওা মাংস,বাঘে খাওা কোথা পেে যাবে"
𑄃𑄣𑄪-𑄇𑄪𑄎𑄪 𑄃𑄬𑄇𑄴 𑄇𑄟𑄧𑄢𑄴 𑄘𑄨-𑄇𑄟𑄧𑄢𑄴 𑄘𑄬𑄘𑄬 𑄝𑄊𑄧 𑄍𑄧𑄝𑄮𑄃𑄨𑄠𑄧 𑄃𑄣𑄪-𑄇𑄪𑄎𑄪 𑄈𑄚 𑄘𑄧𑄢𑄧 𑄦𑄧𑄣𑄧।,আলু-কুটি এক কামা দিে বাঘের ছানা দিে আলু-কুটি খাওা ভালো হলো
𑄝𑄪𑄢𑄧 𑄦𑄮𑄃𑄨𑄚𑄬 𑄥𑄳𑄟𑄪𑄪𑄢𑄨 𑄟𑄧𑄢𑄨 𑄉𑄬𑄣𑄧।,বুো হে শামুক মারা গেল
𑄥𑄪𑄉𑄮𑄢𑄧 𑄍𑄧 𑄃 𑄝𑄊𑄧 𑄍𑄧𑄝𑄱 𑄥𑄧𑄟𑄢𑄬 𑄝𑄬𑄢𑄬𑄘𑄇𑄴।,শুকরের চূা বাঘের চূা বোচ্ছে
𑄝𑄬𑄢𑄘𑄬 𑄝𑄬𑄢𑄘𑄬 𑄃𑄣𑄪 𑄇𑄪𑄎𑄪 𑄖𑄮𑄉𑄬𑄃𑄨 𑄈𑄬𑄘𑄇𑄴।,বোতে বোতে আলু কুচি করে খাওা
𑄈𑄣𑄨𑄇𑄴 𑄝𑄊𑄧 𑄍𑄧𑄝𑄮𑄢𑄴 𑄃𑄣𑄪 𑄇𑄪𑄎𑄪 𑄈𑄚 𑄃𑄩𑄣𑄴 𑄚𑄧-𑄦𑄧𑄠𑄴।,খালি গাের আলুগুলো খাওা ভালো না
𑄃𑄬𑄚𑄴 𑄉𑄧𑄖𑄬𑄴 𑄉𑄧𑄖𑄬𑄴 𑄝𑄊𑄧 𑄍𑄧𑄝𑄱 𑄃 𑄥𑄪𑄉𑄮𑄢𑄧 𑄍𑄧𑄝𑄱 𑄈𑄢𑄴𑄇𑄮𑄌𑄳𑄠 𑄦𑄮𑄃𑄨 𑄃𑄪𑄘𑄨𑄣𑄇𑄴।,এত ব করে বাঘের চূাটা খাম্বা হে উঠল
𑄈𑄣𑄨𑄇𑄴 𑄝𑄊𑄧 𑄍𑄧𑄝𑄱𑄢𑄴 𑄃𑄣𑄪 𑄇𑄪𑄎𑄪 𑄈𑄚 𑄃𑄩𑄣𑄴 𑄚𑄧-𑄦𑄧𑄠𑄴 𑄇𑄪𑄚𑄨 𑄖𑄬 𑄈𑄬𑄋𑄬𑄘 𑄃 𑄥𑄪𑄉𑄮𑄢𑄧 𑄍𑄧𑄝𑄮 𑄣𑄪𑄘𑄪𑄢𑄧 𑄟𑄪𑄘𑄪𑄢𑄧।,খালি গাের আলুগুলো খাওার সম কিছুই সে খেেছে
𑄃𑄬𑄇𑄴𑄘𑄨𑄚𑄴 𑄝𑄊𑄧 𑄍𑄧𑄝𑄱 𑄊𑄪𑄟𑄧𑄖𑄴𑄪𑄚𑄴 𑄃𑄪𑄘𑄨 𑄥𑄪𑄉𑄮𑄢𑄧 𑄍𑄧𑄝𑄱𑄢𑄬 𑄇𑄧𑄠𑄴 𑄃𑄬𑄌𑄳𑄠 𑄥𑄧𑄝𑄧𑄚𑄬 𑄘𑄬𑄇𑄴𑄈𑄳𑄠𑄧𑄋𑄴𑄉𑄬 𑄞𑄧𑄉𑄧𑄝𑄚𑄬 𑄇𑄧𑄠𑄬𑄘𑄬 𑄖𑄧𑄢𑄬 𑄈𑄬𑄝𑄖𑄳𑄠𑄬।,একদিন বাঘের ছা ঘুম থেকে উঠে শুকরকে স্বপ্নে দেখি
𑄥𑄪𑄉𑄮𑄢𑄧 𑄍𑄧𑄝𑄱 𑄛𑄬𑄌𑄬𑄴𑄢𑄬 𑄟𑄪𑄢𑄳𑄆𑄧𑄇𑄴𑄝𑄨 𑄙𑄧𑄢𑄨𑄣𑄧𑄉𑄧𑄃𑄨।,শুকরের খোলসটা মলা ধরলো
𑄛𑄬𑄌𑄴𑄌𑄬𑄢𑄴 𑄝𑄪𑄘𑄴𑄙𑄨𑄠𑄬 𑄥𑄪𑄉𑄮𑄢𑄧 𑄍𑄧𑄝𑄮𑄃𑄨 𑄢𑄎 𑄃𑄨𑄘𑄪 𑄝𑄨𑄎𑄬𑄢𑄴 𑄘𑄨𑄣𑄧𑄉𑄮𑄃𑄨।,.পাখির বুদ্ধি দিে শুকরটি এখানে বিে দিল
"𑄝𑄨𑄎𑄬𑄢𑄧𑄖𑄴 𑄡𑄬𑄃𑄨𑄚𑄬 𑄛𑄬𑄌𑄬𑄴 𑄢𑄎𑄢𑄬 𑄇𑄧𑄣𑄧𑄘𑄬, 𑄢𑄎 𑄝𑄝𑄪 𑄟𑄪𑄃𑄨 𑄃𑄬𑄌𑄳𑄠𑄬 𑄥𑄧𑄝𑄧𑄚𑄬 𑄇𑄬𑄴𑄈𑄳𑄠𑄧𑄋𑄴𑄉𑄬 𑄞𑄧𑄉𑄧𑄝𑄚𑄬 𑄇𑄧𑄖𑄬𑄴 𑄟𑄪𑄃𑄨 𑄞𑄨𑄣𑄬 𑄖𑄧-𑄏𑄨𑄝𑄮𑄢𑄬 𑄣𑄧𑄘𑄪𑄁।","বিঝুর সম যে কালো রাজার কথা বলে,ভগবান ভগবান বলে আমি তোমারঝিকে নিে আসবো"
𑄢𑄎 𑄥𑄨𑄠𑄬𑄚𑄴 𑄥𑄪𑄚𑄨 𑄇𑄧𑄣𑄧 𑄥𑄧𑄝𑄧𑄚𑄬 𑄘𑄬𑄣𑄬 𑄥𑄨𑄠𑄬𑄚𑄴 𑄉𑄧𑄢 𑄛𑄧𑄢𑄨𑄝𑄧 𑄞𑄨𑄣𑄨 𑄇𑄧𑄙 𑄚𑄧𑄠𑄴।,রাজা সেটা শুনে শুনলে সেটা করতে হবে না
𑄝𑄇𑄳𑄠𑄠𑄧 𑄖𑄧𑄢𑄬 𑄈𑄬𑄃𑄨 𑄚𑄧 𑄛𑄢𑄨𑄝𑄧 𑄃 𑄛𑄬𑄌𑄳𑄠𑄬𑄠𑄧 𑄟𑄧 𑄏𑄨𑄝𑄱 𑄣𑄧𑄃𑄨 𑄚𑄧𑄛𑄬𑄝𑄧।,বািটা তোমাকে খেে দিতে পারবে না আর আমার মেেটা নিতে হবে
"𑄥𑄪𑄎𑄖𑄴, 𑄥𑄪𑄡𑄧𑄌𑄴, 𑄥𑄪𑄎𑄧𑄠𑄴 𑄃 𑄥𑄪𑄎𑄧𑄚𑄴 𑄖𑄢𑄳𑄦 𑄌𑄬𑄢𑄴 𑄥𑄧𑄟𑄎𑄳𑄠।",".সুগন্ধি,সুগন্ধি,সুগন্ধি তারা চোর সমাজ"
𑄖𑄢𑄳𑄦 𑄃𑄬𑄇𑄴 𑄃𑄘𑄟𑄧𑄖𑄴 𑄗𑄚𑄴।,তারা এক গ্রামে থাকে
𑄖𑄢𑄳𑄦𑄢𑄴 𑄌𑄬𑄢𑄮𑄎𑄧𑄚𑄧 𑄝𑄛𑄴 𑄃𑄮𑄘𑄨𑄚𑄴 𑄦𑄮𑄠𑄧𑄚𑄴।,তাদের চোর বাপ প্রত্যেকদিন হ
𑄇𑄖𑄴𑄧𑄚𑄧𑄖𑄴 𑄡𑄬𑄃𑄨𑄚𑄬 𑄖𑄢𑄳𑄦 𑄝𑄛𑄴𑄛𑄪𑄚𑄧𑄢𑄬 𑄞𑄨𑄣𑄬 𑄏𑄢𑄧𑄖𑄴 𑄢𑄬𑄇𑄴𑄈𑄧𑄎𑄬 𑄈𑄬𑄠𑄧𑄚𑄴।,কাঁকা পৌঁছে তারা বাপকে ভে জঙ্গলে খেেছে
𑄖𑄢𑄳𑄦 𑄓𑄋𑄧𑄢𑄴 𑄦𑄮𑄃𑄨𑄚𑄬 𑄒𑄨𑄇𑄴 𑄉𑄧𑄢𑄨𑄣𑄇𑄴 𑄢𑄬𑄇𑄴𑄈𑄧𑄥𑄴 𑄟𑄢𑄨 𑄖𑄢𑄳𑄦𑄢𑄴 𑄝𑄛𑄴 𑄟𑄢𑄨𑄘𑄬𑄚𑄢𑄴 𑄃𑄨𑄣𑄴 𑄟𑄢𑄨𑄝𑄇𑄴।,তারা ব হে ঠিক করে রাতে তাদের বাবা-মা মারা যাবে
𑄃𑄘𑄟𑄧𑄖𑄴 𑄃𑄬𑄇𑄴𑄇𑄱 𑄍𑄧-𑄇𑄪𑄢𑄨 𑄝𑄧𑄠𑄧𑄌𑄳𑄠 𑄝𑄪𑄢𑄮 𑄟𑄨𑄣𑄬 𑄃𑄊𑄬।,গ্রামের একটি ছিে বসা যুবতী আছে।
𑄝𑄪𑄢𑄨 𑄢𑄬𑄇𑄴𑄈𑄧𑄥𑄴𑄌𑄱 𑄗𑄠𑄴𑄘𑄬 𑄎𑄉𑄚𑄴 𑄥𑄪𑄇𑄴 𑄛𑄠𑄴।,বুিটা রাত হলে জাগাটা পরিষ্কার হ
𑄌𑄬𑄢𑄴 𑄥𑄧𑄟𑄎𑄳𑄠 𑄟𑄨𑄣𑄨 𑄝𑄪𑄢𑄨𑄃𑄨𑄙𑄪 𑄉𑄬𑄣𑄇𑄴।,চেরা সমাজ মিলে বুিে গেল
𑄝𑄪𑄢𑄨𑄖𑄴𑄪𑄚𑄴 𑄛𑄪𑄏𑄮𑄢𑄴 𑄉𑄧𑄖𑄴𑄧𑄚𑄴 𑄚𑄚𑄪𑄝𑄬 𑄚𑄚𑄪𑄝𑄬 𑄢𑄬𑄇𑄴𑄈𑄧𑄥𑄴𑄌𑄱 𑄇𑄪𑄙𑄪 𑄃𑄊𑄬 𑄃𑄟𑄢𑄬 𑄃𑄬𑄇𑄴𑄇 𑄇𑄳𑄦𑄧।,বুোটা পুে যাওার সম কে যেন আমার জন্য অপেক্ষা করছে
𑄝𑄪𑄢𑄨 𑄖𑄢𑄳𑄦𑄢𑄬 𑄇𑄪𑄠𑄧 𑄙𑄧𑄣𑄴𑄣𑄧।,বুো তাদেরকে কে ধরলো
𑄝𑄪𑄢𑄨 𑄇𑄧𑄠𑄴𑄘𑄬 𑄥𑄨𑄠𑄬𑄚𑄴𑄘𑄧 𑄞𑄣𑄪𑄖𑄴𑄘𑄪𑄢𑄧 𑄛𑄧𑄘𑄴।,বুো বলে সেটা অনেক দূর
𑄃𑄨𑄖𑄴𑄪𑄚𑄴 𑄥𑄖𑄴 𑄘𑄨𑄚𑄧𑄢𑄴 𑄛𑄧𑄘𑄴।,এখান থেকে সাত দিন পদ
𑄃𑄬𑄇𑄴𑄘𑄨𑄚𑄴 𑄦𑄘𑄨𑄣𑄬 𑄃𑄬𑄇𑄴𑄈𑄚𑄴 𑄥𑄢 𑄃𑄘𑄟𑄴 𑄣𑄉𑄧𑄖𑄴 𑄛𑄠𑄴।,একদিন হাঁটলে একটা পুরো গ্রাম লাগে
𑄃𑄬𑄘𑄮𑄇𑄳𑄠 𑄉𑄧𑄢𑄨 𑄍𑄧𑄉𑄚𑄴 𑄥𑄢 𑄃𑄘𑄟𑄴 𑄛𑄬𑄣𑄬𑄃𑄨 𑄡𑄬𑄃𑄨𑄚𑄬 𑄥𑄖𑄴 𑄘𑄨𑄚𑄮 𑄟𑄙𑄖𑄴 𑄢𑄬𑄇𑄴𑄈𑄧𑄥𑄨 𑄗𑄬𑄝𑄢𑄴 𑄉𑄖𑄴𑄖𑄱 𑄣𑄉𑄧𑄖𑄴 𑄛𑄠𑄴𑄠𑄮𑄃𑄨।,এত করে ছাদৌি করার পর রাতে মাথা রাখার গািটা লাগে
𑄝𑄪𑄢𑄨 𑄟𑄧𑄚𑄴𑄘𑄨 𑄥𑄪𑄚𑄨 𑄌𑄬𑄢𑄴 𑄥𑄧𑄟𑄎𑄳𑄠 𑄞𑄪𑄙𑄨 𑄝𑄧𑄇𑄴𑄥 𑄝𑄚𑄩 𑄣𑄧𑄢𑄴 𑄘𑄨𑄣𑄇𑄴।,বুি মন্ত্র শুনে চোররা ভুনা বের করে দিল
𑄡𑄘𑄬 𑄃𑄬𑄇𑄴𑄈𑄚𑄴 𑄝𑄎𑄢𑄧𑄖𑄴𑄪𑄚𑄴 𑄌𑄬𑄢𑄴𑄎𑄧𑄚𑄬 𑄌𑄬𑄢𑄚𑄴 𑄈𑄢 𑄇𑄨𑄚𑄨 𑄣𑄧𑄣𑄇𑄴।,যাওা একটা বাজার থেকে চা কিনে নিে যাওা
𑄝𑄬𑄇𑄴 𑄒𑄨𑄇𑄴𑄑𑄇𑄴 𑄉𑄧𑄢𑄨 𑄃𑄬𑄝𑄢𑄴 𑄇𑄧𑄟𑄧𑄢𑄴 𑄘𑄧𑄢𑄳𑄦𑄧 𑄉𑄧𑄢𑄨 𑄌𑄬𑄢𑄴 𑄥𑄧𑄟𑄎𑄳𑄠 𑄣𑄧𑄢𑄴 𑄘𑄨𑄣𑄇𑄴 𑄢𑄬𑄇𑄴𑄈𑄧𑄥𑄨 𑄗𑄧𑄉।,সব ঠিক করে এবার চাচাা করে সমাজটা চলে গেল
𑄥𑄬𑄢𑄴 𑄥𑄧𑄟𑄎𑄳𑄠 𑄢𑄬𑄇𑄴𑄈𑄧𑄎𑄨𑄢𑄬 𑄗𑄧𑄉 𑄡𑄘𑄧𑄚𑄴 𑄃 𑄡𑄘𑄧𑄚𑄴।,তত ব মানুষরা খরগোশকে তাাতাি ডাকতেছে
𑄃𑄬𑄇𑄴𑄘𑄨𑄚𑄴 𑄦𑄘𑄨 𑄃𑄬𑄇𑄴𑄈𑄚𑄴 𑄥𑄢 𑄃𑄘𑄟𑄴 𑄣𑄉𑄧𑄖𑄴 𑄛𑄚𑄴𑄘𑄮𑄃𑄨।,এক দিন পাে একটা সারা গ্রাম লাগে
"𑄥𑄨𑄠𑄧𑄖𑄴 𑄃𑄬𑄇𑄴𑄈𑄚𑄴 𑄥𑄢 𑄊𑄧𑄢𑄧𑄖𑄴 𑄛𑄣𑄴𑄣 𑄛𑄣𑄴𑄣 𑄉𑄧𑄢𑄨 𑄃𑄬𑄇𑄴𑄎𑄧𑄚𑄴 𑄃𑄬𑄇𑄴𑄎𑄧𑄚𑄴 𑄛𑄢 𑄘𑄳𑄠𑄧𑄚𑄴, 𑄖𑄨𑄚𑄴𑄎𑄧𑄚𑄴 𑄊𑄪𑄟𑄴 𑄡𑄚𑄴।","সেখানে একটা সারা বািতে একজন লোক দৌাদৌি করে,তিন জনে ঘুমাতে যা"
𑄃𑄨𑄋𑄨𑄢𑄨 𑄛𑄳𑄦𑄧𑄢𑄴 𑄦𑄧𑄣𑄬 𑄥𑄨𑄖𑄴𑄪𑄚𑄴 𑄣𑄧𑄢𑄴 𑄘𑄳𑄠𑄧𑄚𑄴।,এখানে রাত হলে সেখান থেকে চলে যা
𑄃𑄨𑄋𑄨𑄢𑄨 𑄥𑄖𑄴 𑄘𑄨𑄚𑄮 𑄟𑄙𑄖𑄴 𑄢𑄬𑄇𑄴𑄈𑄧𑄥𑄨 𑄉𑄘𑄧𑄇𑄪𑄢𑄬 𑄣𑄪𑄋𑄨𑄣𑄇𑄴𑄇𑄮𑄃𑄨।,এখন সাত দিন মাথা রেছে গািটা
𑄢𑄬𑄇𑄴𑄈𑄧𑄎𑄨 𑄟𑄚𑄴𑄎𑄳𑄠𑄧 𑄝𑄎𑄴 𑄛𑄬𑄚𑄬𑄃𑄨 𑄊𑄪𑄟𑄮𑄖𑄴𑄪𑄚𑄴 𑄎𑄉𑄨।,রাতের বেলা ঘুম থেকে জাগি
"𑄟𑄪𑄣𑄧 𑄛𑄢 𑄛𑄢 𑄘𑄖𑄴, 𑄑𑄇𑄴𑄇𑄱 𑄛𑄢 𑄛𑄢 𑄇𑄬𑄌𑄴 𑄉𑄧𑄢𑄨 𑄞𑄬𑄉𑄬𑄘𑄬𑄃𑄨 𑄌𑄬𑄢𑄴 𑄥𑄧𑄟𑄎𑄳𑄠 𑄟𑄪𑄇𑄳𑄠 𑄃𑄬𑄡 𑄙𑄧𑄢𑄴𑄣𑄧।",".মূল পাের দাঁত,টা পাের পাে কেস করে পাের পাে কেস করে চোর মানুষরা আসতেছে"
𑄌𑄬𑄢𑄴 𑄥𑄧𑄟𑄎𑄳𑄠 𑄌𑄬𑄢𑄴 𑄇𑄪𑄚𑄮𑄖𑄴𑄪𑄚𑄴 𑄢𑄬𑄇𑄴𑄈𑄧𑄎𑄨𑄢𑄬 𑄊𑄨𑄢𑄨 𑄙𑄧𑄢𑄨𑄣𑄇𑄴।,চূা সমাজ চা কুা থেকে খরগোশকে ঘিলিে ধরলো
𑄇𑄧𑄚𑄧 𑄝𑄝𑄧𑄘𑄬 𑄢𑄬𑄇𑄴𑄈𑄧𑄎𑄨𑄢𑄬 𑄜𑄬𑄣𑄬𑄃𑄨 𑄚𑄧-𑄛𑄖𑄴𑄧𑄚𑄴।,কোন কিছু ফেলে দিতে পারতেছি না
"𑄃𑄬𑄚𑄴 𑄥𑄧𑄣𑄖𑄴 𑄝𑄬𑄋𑄴𑄉𑄧𑄟 𑄝𑄬𑄋𑄴𑄉𑄧𑄟𑄨 𑄃𑄪𑄢𑄨 𑄡𑄘𑄬 𑄡𑄘𑄬 𑄇𑄧𑄣𑄇𑄴, 𑄓𑄬𑄚𑄬 𑄇𑄝𑄨 𑄝𑄋𑄬 𑄛𑄪𑄏𑄧।",".এই সমে বেংটা বেংটা উে যাওা কলা,ডেকে কেটে বেে যাওা কলা"
𑄝𑄋𑄬 𑄇𑄝𑄨 𑄓𑄬𑄚𑄬 𑄛𑄪𑄏𑄧।,বামে কেটে নিে যাওা পোকা
𑄌𑄬𑄢𑄴 𑄥𑄧𑄟𑄎𑄳𑄠𑄠𑄴 𑄥𑄨𑄠𑄚𑄴 𑄉𑄧𑄢𑄨 𑄢𑄬𑄇𑄴𑄈𑄧𑄎𑄨𑄢𑄬 𑄞𑄪𑄙𑄪𑄟𑄴 𑄉𑄧𑄢𑄨 𑄜𑄬𑄣𑄬𑄣𑄇𑄴।,চেের মানুষরা তাাতাি তাকে ভুনা করে ফেললো
𑄖𑄳𑄦𑄬 𑄝𑄪𑄇𑄴 𑄃𑄧𑄎𑄧𑄣𑄴 𑄉𑄧𑄢𑄨 𑄃𑄘𑄟𑄧𑄖𑄴 𑄜𑄨𑄢𑄨 𑄃𑄬𑄣𑄇𑄴।,.সে বুক শক্ত করে গ্রামে ফিরে আসলো
𑄃𑄬𑄇𑄴 𑄥𑄨𑄠𑄣𑄴 𑄃 𑄥𑄨𑄠𑄣𑄬𑄚𑄨 𑄟𑄬𑄣।,এক সিাল আর সিালের মেলা
𑄖𑄢𑄳𑄦 𑄟𑄬𑄣𑄖𑄴 𑄏𑄢𑄧𑄢𑄴 𑄞𑄣𑄪𑄇𑄴𑄈𑄪𑄚𑄴 𑄦𑄬𑄟𑄚𑄴 𑄟𑄬𑄣 𑄈 𑄃𑄬𑄌𑄳𑄠𑄧𑄚𑄴।,তারা বিেতে জঙ্গলের ভালুকগুলো হাওা দিে খা
𑄥𑄨𑄠𑄣𑄳𑄠 𑄃 𑄥𑄨𑄠𑄣𑄧𑄚𑄨 𑄘𑄨𑄎𑄧𑄚𑄬 𑄟𑄧𑄚𑄴 𑄈𑄪𑄏𑄨𑄠𑄬 𑄝𑄬𑄢𑄚𑄴।,তাাতাি আর তাাতাি দুইজনে মন খুলতেছে
𑄡𑄨𑄠𑄧𑄖𑄴 𑄢𑄬𑄖𑄴 𑄥𑄨𑄠𑄧𑄖𑄴 𑄇𑄬𑄖𑄴।,যে রাত সে রাত
𑄢𑄬𑄘𑄮𑄖𑄴 𑄊𑄪𑄟𑄴 𑄡𑄬𑄝𑄢𑄴 𑄃𑄬𑄇𑄴𑄈𑄚𑄴 𑄥𑄉𑄨𑄚𑄴 𑄚𑄬𑄃𑄨।,রাতের বেলা ঘুম যাওার জন্য একটা বালিশ নেই
𑄃𑄨𑄋𑄨𑄢𑄨 𑄗𑄉𑄧𑄘𑄬 𑄗𑄉𑄧𑄘𑄬 𑄥𑄨𑄠𑄣𑄬𑄚𑄨 𑄛𑄬𑄘𑄮𑄣𑄨 𑄦𑄮𑄠𑄬𑄘𑄬 𑄥𑄨𑄠𑄣𑄳𑄠𑄬𑄢𑄴 𑄇𑄧𑄚𑄧 𑄪𑄎𑄴 𑄚𑄬𑄃𑄨।,এখানে তাাতাি তাাতাি তাাতাি তাাতাি বের হেছে তার কোনো শেষ নেই
"𑄥𑄨𑄠𑄬𑄣𑄬𑄚𑄨 𑄥𑄨𑄠𑄣𑄳𑄠𑄢𑄬 𑄇𑄧𑄣𑄧, 𑄃𑄟𑄢𑄴 𑄃𑄬𑄇𑄴𑄈𑄚𑄴 𑄥𑄉𑄨𑄚𑄴 𑄒𑄨𑄇𑄴 𑄉𑄧𑄢 𑄛𑄧𑄢𑄨𑄝𑄧।","সে যদি আমাকে বলে,আমার একটা সাি ঠিক করতে হবে"
𑄃𑄟𑄳𑄦 𑄃𑄙𑄪 𑄃𑄬𑄇𑄴𑄇𑄱 𑄚𑄪𑄠𑄧 𑄉𑄧𑄢𑄴𑄝 𑄃𑄬𑄡𑄬𑄢𑄴।,আমাদের আা একনাগাে ভ করছে
𑄥𑄪𑄚𑄨 𑄥𑄨𑄠𑄣𑄳𑄠 𑄝𑄨𑄢𑄑𑄴 𑄈𑄪𑄏𑄨।,শুনে শুনে অনেক খুচি
𑄖𑄢𑄳𑄦 𑄘𑄨𑄎𑄧𑄚𑄬 𑄎𑄉 𑄖𑄧𑄉 𑄙𑄧𑄣𑄴𑄣𑄇𑄴।,তারা দুইজনে জাগা খুঁজতে যাচ্ছে
𑄥𑄨𑄠𑄣𑄳𑄠𑄣𑄧𑄃𑄨 𑄥𑄨𑄠𑄬𑄣𑄧𑄚𑄨 𑄎𑄉 𑄖𑄧𑄉𑄘𑄬 𑄖𑄧𑄉𑄘𑄬 𑄃𑄬𑄇𑄴𑄇𑄱 𑄝𑄨𑄢𑄴𑄝𑄨𑄌𑄳𑄠 𑄛𑄨𑄌𑄴𑄌𑄮𑄣𑄴 𑄃𑄬𑄇𑄴𑄇𑄱 𑄉𑄖𑄴 𑄛𑄬𑄣𑄇𑄴𑄇𑄮𑄃𑄨।,সোলটা জাগা খুঁজতে খুঁজতে একটা গাছ পেল
𑄥𑄨𑄠𑄬𑄣𑄧𑄚𑄨𑄖𑄴𑄪𑄚𑄴 𑄎𑄉𑄚𑄴 𑄞𑄢𑄨 𑄟𑄧𑄚𑄧𑄖𑄴 𑄛𑄧𑄣𑄴𑄣𑄧।,সেখান থেকে জাগাটা খুব মনে পলো
𑄥𑄨𑄠𑄣𑄳𑄠𑄣𑄧𑄃𑄨 𑄥𑄨𑄠𑄬𑄣𑄧𑄚𑄨 𑄘𑄨𑄚𑄴𑄚𑄱 𑄝𑄬𑄢𑄚𑄴।,সেকারণে সে সারাদিন ঘুরে বো
𑄢𑄬𑄖𑄴 𑄦𑄧𑄣𑄬 𑄉𑄖𑄴𑄖𑄱𑄖𑄴 𑄃𑄬𑄚𑄬𑄃𑄨 𑄊𑄪𑄟𑄴 𑄡𑄬𑄘𑄇𑄴।,রাত হলে গােঘুমিে যা
𑄃𑄨𑄋𑄨𑄢𑄨 𑄃𑄬𑄇𑄴 𑄢𑄬𑄘𑄮𑄖𑄴 𑄥𑄨𑄠𑄬𑄣𑄧𑄚𑄨 𑄘𑄨𑄝𑄬 𑄍𑄧 𑄜𑄪𑄘𑄬𑄣𑄧।,এখানে এক রাতে সেগুলো ফোটালো
𑄝𑄬𑄚𑄳𑄠𑄬 𑄛𑄳𑄦𑄧𑄢𑄴 𑄦𑄮𑄃𑄨𑄚𑄬 𑄥𑄨𑄠𑄣𑄳𑄠 𑄉𑄬𑄣𑄧 𑄌𑄧𑄢𑄖𑄴।,বোটা অন্ধকার হে সেটা চলে গেল
𑄥𑄨𑄠𑄬𑄣𑄧𑄚𑄨 𑄖 𑄘𑄨𑄝𑄬 𑄍𑄧𑄣𑄧𑄃𑄨 𑄣𑄪𑄘𑄪𑄛𑄪𑄘𑄪 𑄉𑄧𑄢𑄨 𑄃𑄊𑄬।,সেগুলো তার পাশে লুকিে আছে
𑄃𑄨𑄚𑄴𑄘𑄨 𑄝𑄇𑄳𑄠 𑄖 𑄉𑄖𑄴𑄖𑄱 𑄟𑄧𑄚𑄧𑄖𑄴 𑄃𑄪𑄘𑄨 𑄃𑄬𑄡 𑄙𑄧𑄌𑄳𑄠𑄬।,এই বোটা তার গাে উঠে আসছে
𑄖 𑄉𑄖𑄴𑄖𑄱 𑄇𑄪𑄢𑄬 𑄇𑄪𑄢𑄬 𑄣𑄪𑄟𑄨𑄣𑄬𑄉𑄨 𑄇𑄨 𑄡𑄬 𑄝𑄎𑄴 𑄛𑄠𑄴।,তার গাছের পাশে লুকিে কি যে বাঁশ পাওা যা
𑄥𑄬𑄚𑄬 𑄝𑄎𑄴 𑄌𑄪𑄟𑄨 𑄌𑄪𑄟𑄨 𑄣𑄨𑄠𑄧𑄁 𑄣𑄨𑄠𑄧𑄁 𑄉𑄧𑄢𑄨 𑄃𑄬𑄡𑄬𑄖𑄬𑄴 𑄥𑄨𑄠𑄬𑄣𑄧𑄚𑄨 𑄘𑄬𑄉𑄨𑄣𑄧।,সে বাঁশটা চুিে চুিে আসতেছে সেগুলো দেখে
𑄥𑄨𑄠𑄬𑄣𑄧𑄚𑄨 𑄝𑄇𑄳𑄠 𑄘𑄬𑄉𑄨 𑄃𑄬𑄇𑄴𑄈𑄚𑄴 𑄝𑄪𑄘𑄴𑄙𑄨 𑄎𑄳𑄟𑄪𑄪𑄣𑄬𑄣𑄧।,এগুলো বাক দিে একটা বুদ্ধি বের হ
"𑄇𑄪𑄠𑄧 𑄙𑄧𑄣𑄳𑄠𑄧, 𑄖 𑄝𑄝𑄧𑄢𑄬 𑄇𑄧𑄠𑄧𑄁𑄉𑄬 𑄡𑄘𑄨 𑄃𑄬𑄌𑄳𑄠𑄠𑄴।","কুাল সাদা,তার বাপকে বলে যাওা"
𑄝𑄇𑄴 𑄖𑄧𑄉𑄘𑄬 𑄃𑄬𑄘𑄧𑄇𑄴𑄈𑄧𑄚𑄴 𑄣𑄉𑄬𑄚𑄨।,বাঘ খুঁজতে এত ব ব লাগে
𑄝𑄇𑄳𑄠 𑄥𑄨𑄠𑄬𑄣𑄧𑄚𑄨 𑄇𑄧𑄙𑄉𑄚𑄴 𑄥𑄪𑄚𑄨 𑄓𑄧𑄢𑄬 𑄛𑄨𑄌𑄬𑄴 𑄙𑄬𑄃𑄨 𑄉𑄬𑄣𑄧।,বািটা সেই কথাগুলো শুনে ভয়ে পে গেল
"𑄝𑄇𑄳𑄠 𑄛𑄨𑄌𑄬𑄴 𑄜𑄨𑄢𑄨 𑄃𑄬𑄖𑄬𑄴 𑄥𑄧𑄣𑄖𑄴 𑄝𑄚𑄴𑄘𑄧𑄎𑄳𑄠 𑄝𑄇𑄳𑄠𑄢𑄬 𑄘𑄬𑄉𑄨 𑄇𑄧𑄣𑄧, 𑄇𑄨 𑄟𑄟𑄪 𑄇𑄪𑄖𑄴𑄪𑄚𑄴 𑄃𑄬𑄡𑄧𑄢𑄴।","বাঁশের ফালি দিে ফিরে আসো,কি মামা কোথা আছে"
𑄖𑄧𑄢𑄬 𑄇𑄨 𑄌𑄪𑄘𑄮𑄟𑄪 𑄘𑄬𑄉𑄧𑄋𑄧𑄖𑄬𑄴।,তোমাকে কি শুে দেখতেছি
𑄇𑄨 𑄦𑄮𑄠𑄬 𑄚𑄬𑄚?,কি হে নেওা?
𑄝𑄇𑄳𑄠 𑄇𑄧𑄣𑄧 𑄚𑄧-𑄇𑄮𑄌𑄴 𑄞𑄉𑄨𑄚!,বো কল না-কোচ ভাগা
"𑄞𑄣𑄪𑄇𑄴𑄘𑄨𑄚𑄴 𑄝𑄘𑄬 𑄟𑄪𑄃𑄨 𑄗𑄋𑄴𑄉𑄬 𑄎𑄉𑄚𑄧𑄖𑄴 𑄡𑄋𑄧𑄖𑄬𑄴, 𑄥𑄨𑄠𑄧𑄖𑄴 𑄇𑄧𑄚𑄴𑄚 𑄃𑄬𑄃𑄨 𑄃𑄪𑄃𑄨 𑄃𑄉𑄧𑄚𑄴𑄘𑄨।","ভালুকদিন বাদে আমি জাগা যাচ্ছি,সেখানে কে এই উই আছে"
𑄟𑄨𑄣𑄬 𑄝𑄮 𑄇𑄧𑄘𑄬 𑄥𑄪𑄚𑄴𑄚𑄳𑄠𑄧𑄋𑄴 𑄉𑄧𑄃𑄨𑄘𑄬 𑄖 𑄚𑄬𑄇𑄴𑄇𑄱 𑄞𑄨𑄣𑄬 𑄝𑄇𑄴 𑄖𑄧𑄉 𑄡𑄬𑄃𑄨𑄠𑄬𑄘𑄬।,মেেটা কথা বলতে বলতে তার স্বামীর নাম খুঁজতে যা
𑄇𑄨𑄚𑄬 𑄇𑄨 𑄓𑄧𑄢𑄬 𑄙𑄬𑄃𑄨 𑄃𑄬𑄡𑄧𑄋𑄧𑄖𑄬𑄴।,.বিক্রে কি বিপদ আসতেছে
"𑄝𑄚𑄴𑄘𑄧𑄎𑄳𑄠 𑄝𑄇𑄳𑄠𑄢𑄬 𑄇𑄧𑄠𑄴𑄘𑄬, 𑄃𑄢𑄬 𑄟𑄟𑄪 𑄖𑄧𑄖𑄴𑄪𑄚𑄴 𑄓𑄋𑄧𑄢𑄴 𑄇𑄧𑄚𑄴𑄚 𑄃𑄊𑄬𑄘𑄬।",বাঁশের বো দিে কেকটা আছে
𑄝𑄇𑄳𑄠 𑄇𑄧𑄠𑄴𑄘𑄬 𑄞𑄉𑄬𑄚𑄴 𑄖𑄪𑄃𑄨 𑄦𑄧𑄣𑄬𑄘𑄬 𑄙𑄬𑄋𑄴।,বো বলে তুমি হলে নদীর স্রোত
𑄝𑄨𑄝𑄧𑄘𑄴 𑄘𑄬𑄣𑄬 𑄦𑄧𑄣𑄬 𑄟𑄧𑄢𑄬 𑄜𑄬𑄣𑄬𑄃𑄨 𑄙𑄬𑄃𑄨 𑄃𑄬𑄝𑄬𑄉𑄮𑄃𑄨।,বিদা দিলে আমাকে ফেলে চলে আসবে
𑄟𑄧-𑄣𑄬𑄌𑄴𑄌𑄚𑄴 𑄃 𑄖𑄧 𑄣𑄬𑄌𑄴𑄌𑄚𑄴 𑄉𑄬𑄖𑄴 𑄘𑄨𑄣𑄬 𑄖𑄬 𑄡𑄬𑄟𑄴𑄝𑄬।,আমি তোমার ব্যবহারটা গিে দিলে সে যাবে
𑄘𑄨𑄎𑄧𑄚𑄬 𑄣𑄬𑄌𑄴𑄌𑄚𑄨 𑄎𑄧𑄢 𑄘𑄨𑄣𑄇𑄴।,দুইজনে লেখাজোকা করে দিল
𑄌𑄪𑄛𑄴 𑄌𑄪𑄛𑄴 𑄉𑄧𑄢𑄨 𑄡𑄘𑄧𑄚𑄴।,চুপ করে যাওা
"𑄉𑄖𑄴𑄖𑄱 𑄇𑄪𑄢𑄬 𑄣𑄪𑄟𑄨𑄣𑄬𑄉𑄮𑄃𑄨 𑄥𑄨𑄠𑄬𑄣𑄧𑄚𑄨 𑄘𑄬𑄚𑄬𑄃𑄨 𑄇𑄧𑄢𑄴, 𑄝𑄚𑄴𑄘𑄧𑄎𑄳𑄠𑄢𑄬 𑄇𑄧𑄠𑄧𑄁𑄉𑄬 𑄞𑄪𑄣𑄬𑄃𑄨 𑄞𑄣𑄬𑄃𑄨 𑄃𑄬𑄇𑄴𑄇𑄱 𑄝𑄇𑄴 𑄃𑄚𑄨 𑄘𑄬𑄉𑄧𑄃𑄨।","গাছটির পাশে লুকিে থাকলে সেটা দে,বাঁশিটা ভুলে ভালো করে একটা বাক এনে দে"
𑄖𑄬𑄠𑄧 𑄘𑄬𑄉 𑄚𑄬𑄃𑄨।,সে দো নেই
𑄥𑄪𑄚𑄨 𑄝𑄇𑄳𑄠 𑄃𑄬𑄇𑄴 𑄘𑄪𑄟𑄪𑄢𑄴।,শ্রবণকারী এক দৌ
𑄜𑄣𑄪𑄇𑄴 𑄜𑄣𑄪𑄇𑄴 𑄜𑄣𑄴।,লাফিে লাফানো
𑄃𑄨𑄚𑄴𑄘𑄨 𑄝𑄚𑄴𑄘𑄧𑄎𑄳𑄠 𑄌𑄨𑄖𑄴 𑄛𑄧𑄘𑄋𑄴।,এখানে ব ব হৃদপন্ড
𑄛𑄧𑄢𑄬𑄠 𑄇𑄧𑄙𑄖𑄴 𑄇𑄚𑄴 𑄚𑄧-𑄘𑄬𑄚,পা কথা কান দো
𑄃𑄬𑄇𑄴𑄇𑄱 𑄟𑄚𑄪𑄥𑄴 𑄒𑄬𑄋 𑄇𑄟𑄬𑄝𑄖𑄳𑄠𑄬 𑄞𑄣𑄪𑄖𑄴𑄘𑄪𑄢𑄴 𑄃𑄬𑄇𑄴 𑄘𑄬𑄏𑄧𑄖𑄴 𑄉𑄬𑄣𑄧।,একলোক ঠেলাগাড়ি করে অনেক দূর দিে গেল
𑄟𑄚𑄪𑄌𑄴𑄌𑄱 𑄖 𑄊𑄧𑄢𑄧𑄖𑄴 𑄖 𑄟𑄮𑄇𑄴𑄇𑄱 𑄃 𑄌𑄨𑄉𑄮𑄚𑄴 𑄃𑄬𑄇𑄴𑄇𑄱 𑄛𑄪𑄠𑄧 𑄜𑄬𑄣𑄬𑄃𑄨 𑄡𑄬𑄃𑄨𑄠𑄬।,লোকটি তার বািতে তার স্ত্রীকে একটি ছোট বাচ্চা রেখে চলে গেছে
𑄥𑄬𑄚𑄧𑄖𑄳𑄠𑄬 𑄖𑄢𑄴 𑄟𑄮𑄇𑄴𑄇𑄱 𑄃 𑄛𑄪𑄠𑄧𑄝𑄱𑄖𑄳𑄠𑄬 𑄃𑄧𑄚𑄴𑄎𑄚𑄴 𑄥𑄨𑄚𑄴𑄘𑄬 𑄉𑄧𑄢𑄬।,সে তার মাের সাথে যুদ্ধ করতেছে
𑄈𑄣𑄨𑄇𑄴 𑄟𑄧𑄚𑄚𑄧𑄢𑄬 𑄛𑄳𑄢𑄧𑄞𑄪𑄖𑄴 𑄘𑄬𑄠𑄴।,খালি মনে প্রভু দো
𑄞𑄣𑄪𑄇𑄴𑄈𑄪𑄚𑄴 𑄑𑄬𑄋 𑄇𑄟𑄬𑄃𑄨 𑄊𑄧𑄢𑄧𑄖𑄴 𑄚𑄨 𑄚𑄧-𑄛𑄢𑄨𑄣𑄬 𑄃𑄬𑄖𑄴𑄘𑄪𑄢𑄴 𑄘𑄪𑄢𑄮𑄖𑄴 𑄑𑄬𑄋 𑄇𑄟𑄬𑄝𑄖𑄳𑄠𑄬 𑄃𑄬𑄡𑄚𑄉𑄚𑄴 𑄥𑄖𑄴𑄧 𑄚𑄧-𑄦𑄧𑄝𑄧।,ভালুকগুলো ছোট কাজে বািতে নিে আসতে না পারলে এত দূর থেকে তাাতাি আসবে না
𑄥𑄬 𑄖𑄬 𑄚𑄚 𑄇𑄟𑄧𑄖𑄴 𑄓𑄪𑄝𑄨 𑄡𑄠𑄴।,সে অনেক কাজে ডুবে যা
𑄃𑄨𑄋𑄨𑄢𑄨 𑄗𑄉𑄧𑄘𑄬 𑄗𑄉𑄧𑄘𑄬 𑄞𑄣𑄪𑄇𑄴 𑄝𑄧𑄏𑄧𑄢𑄴 𑄦𑄧𑄣𑄧।,এখন থাকতে থাকতে ভালুক হেছে
𑄞𑄣𑄪𑄇𑄴𑄈𑄪𑄚𑄴 𑄑𑄬𑄋 𑄇𑄟𑄬𑄣𑄧।,ভালুকের মতো দেখতে এক জাতী কচু
𑄃𑄬𑄝𑄢𑄴 𑄊𑄧𑄢𑄧𑄖𑄴 𑄜𑄨𑄢𑄨𑄝𑄧।,এবার বািতে ফিরবে
𑄛𑄧𑄎𑄝𑄨𑄢 𑄎𑄳𑄟𑄪𑄪𑄣𑄧𑄢𑄴।,এক জাতী বুনো ফল যা সবজি হিসেবে ব্যবহৃত হ
𑄟𑄚𑄪𑄌𑄴𑄌𑄱 𑄖 𑄟𑄮𑄇𑄴 𑄛𑄪𑄠𑄧𑄖𑄳𑄠𑄬 𑄇𑄝𑄧𑄢𑄴 𑄌𑄪𑄝𑄧𑄢𑄴 𑄃𑄚𑄨 𑄘𑄨𑄝𑄖𑄳𑄠𑄬 𑄥𑄨𑄙𑄪𑄉𑄧𑄢𑄴 𑄃𑄬𑄇𑄴𑄈𑄚𑄴 𑄝𑄎𑄢𑄧𑄖𑄴 𑄉𑄬𑄣𑄧।,লোকটি তার স্ত্রীকে কাপচোপ নিে সকালে একটি বাজারে গেল
𑄝𑄎𑄢𑄧𑄖𑄴𑄪𑄚𑄴 𑄚𑄚𑄉𑄚𑄴 𑄎𑄨𑄚𑄨𑄥𑄴 𑄇𑄨𑄚𑄴𑄘𑄬 𑄃𑄬𑄇𑄴 𑄘𑄧𑄉𑄚𑄧𑄖𑄴 𑄡𑄬𑄃𑄨 𑄘𑄬𑄉𑄬𑄉𑄧𑄃𑄨𑄘𑄬 𑄇𑄧𑄘𑄧𑄇𑄴𑄈𑄚𑄨 𑄣𑄬𑄊 𑄘𑄮𑄣𑄬𑄃𑄨 𑄣𑄬𑄊𑄨 𑄣𑄬𑄊𑄨 𑄝𑄬𑄎𑄧𑄘𑄧𑄚𑄴।,বাজার থেকে বিভিন্ন ধরনের জিনিসপত্র কিনে এক দৌে পে যাচ্ছে
𑄥𑄨𑄠𑄧𑄖𑄴𑄪𑄚𑄴 𑄃𑄬𑄇𑄴𑄈𑄚𑄴 𑄣𑄬𑄊 𑄘𑄬𑄚𑄬𑄃𑄨 𑄞𑄢𑄨 𑄟𑄧𑄚𑄧𑄖𑄴 𑄛𑄧𑄣𑄧।,.তার থেকে একটা লেখা দিে খুব ভালো লাগে
𑄣𑄬𑄊𑄉𑄚𑄴 𑄦𑄧𑄣𑄧𑄘𑄬 𑄛𑄧𑄢𑄬𑄠 𑄇𑄧𑄘𑄖𑄴 𑄇𑄚𑄴 𑄚𑄧-𑄘𑄬𑄚।,.লেখাগুলো মুখে নিতে হ না
𑄥𑄬 𑄣𑄬𑄊𑄉𑄚𑄴 𑄖𑄬 𑄇𑄨𑄚𑄨 𑄣𑄧𑄣𑄧।,সে লেখা গুলো সে কিনে নিল
𑄝𑄎𑄢𑄧𑄖𑄴𑄪𑄚𑄴 𑄊𑄧𑄢𑄧𑄖𑄳𑄠𑄬 𑄚𑄚𑄉𑄚𑄴 𑄎𑄨𑄚𑄨𑄥𑄴 𑄇𑄨𑄚𑄨 𑄇𑄪𑄚𑄪𑄃𑄨।,বাজার থেকে বিভিন্ন জিনিসপত্র কিনছেন
𑄊𑄧𑄢𑄴𑄟𑄪𑄇𑄳𑄠 𑄣𑄧𑄢𑄴 𑄘𑄨𑄣𑄧।,বািটা বের করে দিল
𑄃𑄬𑄖𑄬𑄴 𑄃𑄬𑄖𑄬𑄴 𑄖𑄢 𑄃𑄘𑄟𑄧𑄖𑄴 𑄣𑄪𑄟𑄨𑄣𑄧𑄉𑄨।,এভাবে এভাবে তারা গ্রামে পৌঁছে গেল
𑄥𑄬𑄇𑄴𑄇𑄬 𑄖𑄢𑄬 𑄇𑄨𑄠𑄬𑄃𑄨 𑄚𑄧-𑄌𑄨𑄚𑄧𑄚𑄴।,এখন তাকে দেখতেইছি না
𑄃𑄬𑄇𑄴𑄘𑄊𑄨 𑄟𑄨𑄣𑄬𑄃𑄨 𑄇𑄪𑄠𑄧𑄇𑄨 𑄉𑄧𑄖𑄴𑄧𑄚𑄴𑄘𑄬 𑄥𑄪𑄚𑄬𑄘𑄬 𑄖-𑄟𑄮𑄇𑄴𑄇𑄱 𑄞𑄨𑄣𑄬 𑄛𑄧𑄢𑄴 𑄛𑄉𑄮𑄣𑄳𑄠 𑄦𑄮𑄠𑄬।,এক মহিলা কোথা যাচ্ছেন তা শুনে তার স্বামী পাগল হেছে
𑄥𑄨𑄠𑄬𑄚𑄴 𑄥𑄪𑄚𑄨 𑄞𑄢𑄨 𑄟𑄧𑄚𑄧𑄘𑄪𑄇𑄴 𑄛𑄬𑄣𑄧।,.সেটা শুনে মনটা দুঃখ পেল
𑄟𑄖𑄴𑄧𑄢𑄴 𑄖𑄬 𑄇𑄨𑄚𑄨 𑄃𑄚𑄳𑄠𑄬𑄘𑄬 𑄇𑄧𑄙𑄉𑄚𑄴 𑄟𑄧𑄚𑄧𑄖𑄴 𑄃𑄪𑄘𑄨 𑄟𑄧𑄚𑄧𑄢𑄬 𑄛𑄳𑄢𑄧𑄞𑄪𑄖𑄴 𑄘𑄨𑄚𑄬𑄃𑄨 𑄖 𑄟𑄮𑄇𑄴𑄇𑄱𑄢𑄬 𑄌𑄳𑄦𑄬𑄇𑄴 𑄘𑄨𑄝𑄖𑄳𑄠𑄬 𑄊𑄧𑄢𑄧𑄖𑄴 𑄚𑄧-𑄉𑄬𑄣𑄧।,সে শুধু তার স্ত্রীর কথা মনে পেছে বলে তার স্বামীকে সারাদিন বািতে দেখা যা না
𑄟𑄚𑄪𑄌𑄴𑄌𑄱 𑄊𑄧𑄢𑄧𑄖𑄴 𑄚𑄧-𑄡𑄬𑄃𑄨 𑄉𑄬𑄣𑄧𑄘𑄬 𑄖𑄬 𑄥𑄧𑄟𑄎𑄳𑄠 𑄊𑄧𑄢𑄧𑄖𑄴।,মানুষটা বািতে না-গিয়ে গেল তার বািে
𑄥𑄨𑄖𑄴𑄪𑄚𑄴 𑄟𑄧𑄘𑄬 𑄟𑄧𑄘𑄬 𑄌𑄠𑄴𑄘𑄬 𑄖-𑄟𑄮𑄇𑄴𑄇𑄱 𑄇𑄢𑄴𑄣𑄧𑄃𑄨 𑄛𑄧𑄢𑄴 𑄛𑄉𑄧𑄣𑄴 𑄚𑄬𑄚?,.সে মদের মদে আসক্ত হেছে কেন?
𑄥𑄨𑄙𑄪 𑄚𑄚𑄉𑄚𑄴 𑄉𑄧𑄢𑄨 𑄖-𑄟𑄮𑄇𑄴𑄇𑄱 𑄝𑄦𑄨𑄚𑄨 𑄇𑄧𑄙 𑄥𑄪𑄚𑄨𑄣𑄧𑄉𑄧𑄃𑄨।,.সে আবোল তাবোল কথা বলতেছে
𑄖-𑄟𑄮𑄇𑄴𑄇𑄱 𑄦𑄥𑄴 𑄛𑄣𑄃𑄨 𑄇𑄪𑄢𑄳𑄦𑄧 𑄛𑄣𑄃𑄨।,তার মা হাত দিে কুাকুি করে
"𑄃𑄬𑄘𑄢𑄬 𑄃𑄪𑄖𑄢𑄬 𑄣𑄧𑄇𑄴𑄧, 𑄌𑄨𑄇𑄴𑄧, 𑄝, 𑄘 𑄓𑄉𑄨 𑄝𑄎𑄢𑄧𑄖𑄴 𑄝𑄬𑄎 𑄝𑄎𑄬𑄃𑄨 𑄘𑄬।",.আকাশে লাফিে লাফিে দো
𑄝𑄎𑄢𑄧𑄖𑄴𑄪𑄚𑄴 𑄚𑄪𑄚𑄴 𑄟𑄧𑄢𑄨𑄌𑄴 𑄟𑄨𑄎𑄬𑄣𑄴 𑄇𑄧𑄎𑄣𑄴 𑄇𑄨𑄚𑄨 𑄃𑄚 𑄝𑄎𑄬𑄃𑄨 𑄘𑄬।,বাজার থেকে লবণ মরিচ কিনে আনো তো
𑄚𑄬𑄇𑄴𑄇𑄱 𑄚𑄧-𑄗𑄬𑄣𑄬𑄠𑄧 𑄖𑄬 𑄟𑄨𑄣𑄬 𑄦𑄮𑄃𑄨 𑄊𑄧𑄢𑄧 𑄛𑄌𑄴 𑄇𑄟𑄴 𑄉𑄧𑄢𑄨 𑄖 𑄛𑄪𑄠𑄧𑄝𑄱𑄢𑄬 𑄃𑄨𑄇𑄴𑄇𑄪𑄣𑄧𑄖𑄴 𑄘𑄨𑄠𑄬।,.স্বামী না থাকলে সে মেেকে বািতে দে
𑄇𑄨𑄠𑄬 𑄇𑄨𑄠𑄬 𑄥𑄨𑄠𑄬𑄚𑄨 𑄃𑄨𑄁𑄥𑄬 𑄉𑄧𑄢𑄨 𑄝𑄧𑄘𑄴𑄚𑄟𑄴 𑄑𑄋𑄬𑄃𑄨 𑄘𑄨𑄝𑄬𑄢𑄴 𑄌𑄚𑄴।,কেন জানি না সেগুলো বাঁকা করে বেঁধে দিবে
𑄟𑄚𑄪𑄌𑄴𑄌𑄱 𑄃𑄬𑄝𑄢𑄴 𑄝𑄬𑄇𑄴 𑄝𑄪𑄏𑄨 𑄊𑄧𑄢𑄧𑄖𑄴 𑄃𑄬𑄣𑄧।,লোকটি এবার সব বুঝে বািতে আসলো
𑄛𑄬𑄌𑄳𑄠 𑄇𑄪𑄣𑄴 𑄇𑄪𑄣𑄧𑄠𑄴 𑄈𑄪𑄢𑄮𑄣𑄳𑄠 𑄥𑄧𑄚𑄢𑄴 𑄑𑄪𑄇𑄴 𑄛𑄠𑄴,.পাখির কুল কুল দিে সনার টুক পা
𑄃𑄬𑄇𑄴𑄝𑄢𑄴 𑄛𑄨𑄖𑄴𑄗𑄨𑄟𑄨𑄖𑄴 𑄞𑄢𑄨 𑄉𑄧𑄢𑄨 𑄞𑄘𑄧 𑄢𑄖𑄴 𑄛𑄧𑄣𑄴𑄣𑄧।,একনাগাে পৃথিবীতে রাত পলো
𑄟𑄚𑄪𑄌𑄴 𑄞𑄖𑄴 𑄈𑄬𑄃𑄨 𑄚𑄧 𑄛𑄬𑄃𑄨 𑄟𑄧𑄢𑄨𑄝𑄢𑄴 𑄃𑄧𑄇𑄴𑄖𑄧 𑄦𑄮𑄃𑄨𑄠𑄬।,.মানুষ ভাত খেে না পেলে মরে যাবে।
𑄥𑄬𑄚𑄬 𑄝𑄨𑄠𑄳𑄝𑄳𑄢 𑄘𑄬𑄝𑄬𑄘 𑄥𑄧𑄢𑄴𑄉𑄧𑄖𑄴 𑄟-𑄣𑄧𑄇𑄴𑄈𑄨𑄟 𑄃𑄩𑄙𑄪 𑄉𑄬𑄣𑄧।,সে বিালটা দেবতাকে প্রণাম করার জন্য এখানে আসলো
"𑄝𑄨𑄠𑄳𑄝𑄳𑄢 𑄟-𑄣𑄧𑄇𑄴𑄈𑄨𑄟 𑄟𑄪𑄎𑄪𑄋𑄬 𑄃𑄘𑄪𑄛𑄢𑄨 𑄦𑄖𑄴 𑄎𑄪𑄢𑄴 𑄉𑄧𑄢𑄨 𑄇𑄧𑄣𑄧, 𑄟 𑄛𑄨𑄖𑄴𑄗𑄨𑄟𑄨𑄖𑄴 𑄞𑄢𑄨 𑄉𑄧𑄢𑄨 𑄞𑄘𑄧 𑄢𑄖𑄴 𑄛𑄧𑄌𑄳𑄠𑄬।","বিালটি মা-ছেলে একসাথে হাত জুে বললো,পৃথিবীতে খুব বেশি ভাত পেছে"
𑄟𑄚𑄪𑄌𑄴 𑄞𑄖𑄴 𑄈𑄬𑄃𑄨 𑄚𑄧-𑄛𑄬𑄃𑄨 𑄟𑄧𑄢𑄨𑄝𑄢𑄴 𑄃𑄧𑄇𑄴𑄖𑄧 𑄦𑄮𑄃𑄨𑄠𑄬।,.মানুষ ভাত খেে না খেে মরে যাবে।
𑄖 𑄇𑄧𑄙 𑄥𑄪𑄚𑄨 𑄟-𑄣𑄧𑄇𑄴𑄈𑄨𑄟 𑄥𑄪𑄉𑄮𑄢𑄴𑄝𑄱𑄢𑄬 𑄓𑄉𑄨𑄣𑄧।,.তার কথা শুনে মা-বাবা শুকরকে ডেকে দিল
𑄟-𑄣𑄧𑄇𑄴𑄈𑄨𑄟 𑄥𑄪𑄉𑄮𑄢𑄮 𑄜𑄨𑄔𑄨𑄖𑄴 𑄃𑄪𑄘𑄨 𑄛𑄨𑄖𑄴𑄗𑄨𑄟𑄨 𑄟𑄮𑄇𑄳𑄠 𑄣𑄧𑄢𑄴 𑄘𑄨𑄣𑄧।,এক জাতী শুকর লাফ দিে পৃথিবীতে লাফ দিল
𑄥𑄪𑄉𑄮𑄢𑄧 𑄜𑄨𑄔𑄨𑄖𑄴 𑄉𑄧𑄢𑄨 𑄟-𑄣𑄧𑄇𑄴𑄈𑄨𑄟 𑄛𑄨𑄖𑄴𑄗𑄨𑄟𑄨 𑄟𑄮𑄇𑄳𑄠 𑄃𑄬𑄖𑄬𑄴 𑄃𑄬𑄖𑄬𑄴 𑄟𑄪𑄎𑄪𑄋𑄬 𑄃𑄬𑄇𑄴𑄈𑄚𑄴 𑄥𑄉𑄧𑄢𑄴 𑄛𑄧𑄣𑄴𑄣𑄧।,.সুঁচালো করে পাহাের পাশে একটা সাগর পলো
𑄥𑄪𑄉𑄮𑄢𑄴𑄝𑄱 𑄃𑄬𑄚𑄬 𑄃𑄬𑄇𑄴𑄇𑄱 𑄘𑄪𑄢𑄧 𑄜𑄨𑄔𑄨𑄖𑄴 𑄃𑄪𑄘𑄨𑄣𑄧।,শুকরটা একটা দূরে পে গেল
𑄥𑄉𑄧𑄢𑄴 𑄛𑄢𑄴 𑄦𑄧𑄣𑄇𑄴।,সাগর পার হওা
𑄃𑄬𑄇𑄴𑄇𑄱 𑄟𑄉𑄧𑄢𑄧𑄇𑄴 𑄙𑄞 𑄃𑄬𑄚𑄬𑄃𑄨 𑄥𑄧𑄢𑄴𑄉𑄧 𑄃 𑄛𑄨𑄖𑄴𑄗𑄨𑄟𑄨 𑄣𑄧𑄃𑄨 𑄖 𑄦𑄥𑄴𑄣𑄧𑄃𑄨 𑄢𑄬𑄉 𑄝𑄚𑄨𑄘𑄨𑄣𑄧।,একটা মাকসা দাঁিে স্বর্গ এই পৃথিবীতে তার হাসিটা বেে দিল
𑄃𑄬𑄚𑄴 𑄃𑄧𑄇𑄴𑄖𑄧𑄖𑄴 𑄃𑄬𑄇𑄴𑄇𑄱 𑄟𑄬 𑄟𑄬 𑄍𑄉𑄧𑄣𑄨 𑄜𑄪𑄢𑄳𑄆𑄧𑄖𑄴 𑄜𑄪𑄢𑄳𑄆𑄧𑄖𑄴 𑄉𑄧𑄢𑄨 𑄃𑄪𑄢𑄨 𑄃𑄪𑄢𑄨 𑄟-𑄣𑄧𑄇𑄴𑄈𑄨𑄟 𑄛𑄨𑄖𑄴𑄗𑄨𑄟𑄨𑄖𑄴 𑄃𑄬𑄡𑄬𑄚 𑄇𑄧𑄙𑄉𑄚𑄴 𑄛𑄨𑄖𑄴𑄗𑄨𑄟𑄨𑄢𑄴 𑄝𑄬𑄇𑄴𑄈𑄪𑄚𑄧𑄢𑄬 𑄥𑄁𑄝𑄖𑄴 𑄘𑄨𑄣𑄧𑄉𑄨।,.এই মুহুর্তে একটা মেে মেে লাফিে পুরো পৃথিবীতে কথা বলতেছে
𑄥𑄨𑄖𑄴𑄪𑄚𑄴 𑄙𑄧𑄢𑄨 𑄛𑄨𑄖𑄴𑄗𑄨𑄟𑄨𑄢𑄴 𑄟𑄚𑄴𑄎𑄳𑄠𑄬 𑄟𑄬 𑄟𑄬 𑄍𑄉𑄧𑄣𑄨 𑄙𑄚𑄧 𑄥𑄬𑄢𑄬 𑄝𑄳𑄦 𑄝𑄚𑄨𑄣𑄬 𑄎𑄪𑄟𑄧𑄖𑄴 𑄙𑄚𑄴 𑄝𑄬𑄥𑄴 𑄜𑄧𑄣𑄬 𑄞𑄨𑄣𑄨 𑄟𑄧𑄚𑄬 𑄉𑄧𑄢𑄧𑄚𑄴।,.তার থেকে ধরে পৃথিবীতে মেে মেে ধান বেে গেলে জুমে ধান বেে যা
𑄟-𑄣𑄧𑄇𑄴𑄈𑄨𑄟 𑄡𑄬𑄘𑄨𑄚𑄳𑄠 𑄛𑄨𑄖𑄴𑄗𑄨𑄟𑄨𑄖𑄴 𑄣𑄪𑄟𑄨𑄝𑄧𑄉𑄨 𑄥𑄬 𑄃𑄉𑄧 𑄢𑄬𑄘𑄮𑄖𑄴 𑄛𑄬𑄌𑄳𑄠 𑄢𑄬𑄖𑄖𑄮𑄝𑄱 𑄇𑄪𑄣𑄴 𑄇𑄪𑄣𑄬𑄠𑄴 𑄟-𑄣𑄧𑄇𑄴𑄈𑄨𑄟 𑄃𑄬𑄡𑄬𑄖𑄬𑄴 𑄇𑄬𑄣𑄬𑄴 𑄛𑄨𑄖𑄴𑄗𑄨𑄟𑄨𑄖𑄴 𑄣𑄪𑄋𑄬𑄢𑄴𑄣𑄨 𑄞𑄨𑄣𑄨 𑄇𑄧𑄃𑄨 𑄇𑄧𑄃𑄨 𑄝𑄬𑄢𑄬𑄣𑄧।,.মা-ছেলে যেদিন পৃথিবীতে আসবে সে আগে রাতে পাহািে ঘুরে বো
𑄇𑄪𑄣𑄴 𑄇𑄪𑄣𑄬𑄠𑄴 𑄇𑄪𑄣𑄴 𑄇𑄪𑄣𑄬𑄠𑄴 𑄝𑄬𑄢𑄘𑄬 𑄝𑄬𑄢𑄘𑄬 𑄛𑄧𑄖𑄳𑄠 𑄃𑄟𑄧𑄣𑄳𑄠 𑄃𑄬𑄇𑄴𑄇 𑄎𑄨𑄢𑄬𑄃𑄨 𑄣𑄧𑄖𑄬𑄴 𑄇𑄧𑄇𑄴𑄈𑄬 𑄊𑄪𑄟𑄴 𑄡𑄬𑄃𑄨 𑄟𑄬𑄖𑄴 𑄚𑄧 𑄛𑄠𑄴।,কুলকুল করে ঘুরে বো পথে বোতে ঘুরতে কখন যে ঘুম হ জানিনা
𑄃𑄨𑄚𑄴𑄘𑄨 𑄈𑄪𑄢𑄮𑄣𑄳𑄠𑄝𑄱 𑄉𑄏𑄧 𑄛𑄪𑄇𑄴 𑄈𑄬𑄝𑄖𑄳𑄠𑄬 𑄖𑄧𑄇𑄴𑄖𑄧𑄇𑄴 𑄖𑄧𑄇𑄴𑄖𑄧𑄇𑄴 𑄉𑄧𑄢𑄨 𑄉𑄌𑄴 𑄈𑄪𑄚𑄧 𑄙𑄧𑄌𑄳𑄠𑄬।,এখানে কুালটা গাছের পোকা খেে গাছ কেটে দিচ্ছে
𑄟𑄚𑄪𑄌𑄴𑄌𑄪𑄚𑄬 𑄢𑄬𑄖𑄴𑄒𑄨𑄉 𑄇𑄪𑄣𑄴 𑄇𑄪𑄣𑄬𑄠𑄴 𑄇𑄪𑄣‘ 𑄇𑄪𑄣𑄬𑄠𑄴 𑄟-𑄣𑄧𑄇𑄴𑄈𑄨𑄟 𑄃𑄬𑄡𑄬𑄖𑄬𑄴 𑄇𑄧𑄙𑄉𑄚𑄴 𑄡𑄬 𑄛𑄬𑄇𑄴𑄇𑄱 𑄇𑄧𑄃𑄨𑄠𑄬 𑄥𑄨𑄝𑄬𑄢𑄬 𑄥𑄧𑄚𑄢𑄴 𑄑𑄪𑄇𑄴 𑄘𑄨𑄝𑄖𑄳𑄠𑄬 𑄖𑄧𑄉𑄘𑄧𑄚𑄴।,মানুষরা রাতের বেলা কুলকুল করে আর কুলকুল করে আর কথা বলতেছে যে পাখিটা তাকে সোনার টুকরো দিে খুঁজতেছে
𑄃𑄬𑄚𑄴 𑄃𑄧𑄇𑄴𑄖𑄧𑄖𑄴 𑄈𑄪𑄢𑄮𑄣𑄳𑄠𑄝𑄱𑄢𑄬 𑄘𑄬𑄉𑄨 𑄇𑄧𑄚𑄴𑄘𑄬 𑄖𑄬𑄠𑄳𑄠 𑄢𑄬𑄖𑄴 𑄎𑄉𑄨𑄚𑄬 𑄟-𑄣𑄧𑄇𑄴𑄈𑄨𑄟 𑄃𑄬𑄡𑄬𑄖𑄬𑄴 𑄥𑄁𑄝𑄖𑄴𑄖𑄚𑄴 𑄘𑄨𑄠𑄬𑄘𑄬।,এই সকালে খুপাটা দিে সে রাত জাগার জন্য সংকেত দে
𑄖𑄳𑄦𑄬 𑄖𑄢𑄬 𑄥𑄧𑄚𑄢𑄴 𑄑𑄪𑄇𑄴 𑄟𑄙𑄖𑄴 𑄘𑄨 𑄘𑄨𑄣𑄇𑄴।,সে তাকে সোনার মাথা দিে দিল
𑄥𑄬𑄚𑄬 𑄇𑄧𑄠𑄴𑄘𑄬 𑄛𑄬𑄌𑄳𑄠 𑄇𑄪𑄣𑄴 𑄇𑄪𑄣𑄧𑄠𑄴 𑄈𑄪𑄢𑄮𑄣𑄳𑄠 𑄥𑄧𑄚𑄢𑄴 𑄑𑄪𑄇𑄴 𑄛𑄠𑄴।,.সে কেকটা পাখির পালক দিে সনার টুকরো পা
𑄝𑄓𑄮𑄃𑄨 𑄝𑄪𑄙𑄨𑄥𑄧𑄖𑄴𑄧 . . . . . . . . . . . . . . . . . . . . . . . . . . . . . . . . . . . . . . . . 𑄺,.বাধাই বুচি।
𑄌𑄨𑄉𑄮𑄚𑄴 𑄝𑄮 . . . . . . . . . . . . . . . . . . . . . . . . . . . . . . . . . . . . . . . . . . . . . 𑄽,ছোট ভাই . . . . .
𑄝𑄧𑄢𑄴𑄎𑄧𑄚𑄧 𑄇𑄧𑄙 𑄙𑄧𑄢𑄚 𑄉𑄧𑄟𑄴 . . . . . . . . . . . . . . . . . . . . . . . . . . . . . . . 𑄷𑄶,.অপচ কথা বলা ভালো।
𑄛𑄧𑄢𑄴 𑄞𑄣𑄬𑄖𑄴 . . . . . . . . . . . . . . . . . . . . . . . . . . . . . . . . . . . . . . . . . . 𑄷𑄹,". পর ভালো, . . . . ."
𑄚𑄋𑄬 𑄑𑄋𑄬 𑄝𑄰𑄘𑄳𑄠𑄧 𑄞𑄬𑄃𑄨 . . . . . . . . . . . . . . . . . . . . . . . . . . . . . . . . . .𑄷𑄼,.নিচে পাে বৈদ্য ভাই
𑄞𑄥𑄴 𑄥𑄨𑄊𑄬𑄚 . . . . . . . . . . . . . . . . . . . . . . . . . . . . . . . . . . . . . . . . . .𑄷𑄿,.বিে যাওা . ..
𑄝𑄓𑄮𑄃𑄨 𑄝𑄪𑄙𑄨𑄥𑄧𑄖𑄴𑄧,এক জাতী বুনো ফল
𑄎𑄖𑄧𑄇𑄧𑄢𑄴 𑄝𑄪𑄙𑄨𑄥𑄧𑄖𑄴𑄧 𑄃𑄬𑄇𑄴𑄝𑄢𑄴 𑄝𑄧𑄖𑄴𑄧𑄇𑄴 𑄇𑄪𑄣𑄧𑄖𑄴 𑄎𑄧𑄚𑄴𑄟𑄬𑄠𑄬𑄉𑄨।,জাতক বসে এক বছর কুলে আছে
𑄝𑄪𑄙𑄨𑄥𑄧𑄖𑄴𑄧 𑄎𑄧𑄚𑄴𑄟𑄬𑄝𑄢𑄴 𑄃𑄧𑄇𑄴𑄖𑄧 𑄃𑄬𑄣𑄬 𑄟 𑄝𑄘𑄮𑄃𑄨 𑄃𑄬𑄇𑄴 𑄇𑄝 𑄎𑄪𑄟𑄧𑄢𑄴 𑄛𑄧𑄘𑄧𑄚 𑄥𑄬𑄢𑄬 𑄝𑄳𑄦 𑄝𑄚𑄨 𑄝𑄪𑄙𑄨𑄥𑄧𑄖𑄴𑄧𑄢𑄬 𑄜𑄪𑄘𑄬𑄣𑄧।,বুো আসার সমে মা-বাবা একটা জুমের মাঝখান দিে বাঁশি বাজালো
𑄝𑄝𑄴 𑄝𑄘𑄮𑄃𑄨 𑄟 𑄃 𑄛𑄪𑄠𑄧𑄢𑄬 𑄃𑄘𑄢𑄴 𑄖𑄮𑄉𑄬𑄃𑄨 𑄃𑄚𑄨 𑄈𑄝𑄬𑄘𑄧𑄉𑄨।,বাঁশের বো দিে মা আর বাচ্চারা মিলে খাওাচ্ছে
𑄃𑄬𑄘𑄮𑄇𑄳𑄠 𑄉𑄧𑄢𑄨 𑄞𑄣𑄪𑄇𑄴 𑄘𑄨𑄚𑄴 𑄝𑄨𑄘𑄨 𑄉𑄬𑄣𑄧।,এত ব করে ভালুকটা মারা গেল
"𑄝𑄪𑄙𑄨𑄥𑄧𑄖𑄴𑄧 𑄃 𑄖𑄟𑄴𑄟 𑄃𑄬𑄇𑄬𑄴𑄚 𑄘𑄧𑄢𑄧𑄟𑄧𑄢𑄧 𑄦𑄧𑄣𑄬, 𑄝𑄝𑄴 𑄝𑄧𑄖𑄴𑄧𑄇𑄴 𑄃 𑄟 𑄝𑄘𑄮𑄃𑄨 𑄍𑄧 𑄝𑄪𑄙𑄨𑄥𑄧𑄖𑄴𑄧𑄢𑄬 𑄝𑄳𑄦 𑄞𑄨𑄘𑄨𑄢𑄬 𑄜𑄬𑄣𑄬𑄃𑄨 𑄃𑄘𑄢𑄴 𑄖𑄧𑄉 𑄡𑄬𑄘𑄇𑄴।","বুো হলে,বুো হলে,ব বসে তার মা বস করে বাির খোঁজ নেওা যা"
𑄟 𑄝𑄘𑄮𑄃𑄨 𑄃 𑄝𑄝𑄴 𑄝𑄘𑄮𑄃𑄨 𑄃𑄬𑄘𑄮𑄇𑄳𑄠 𑄉𑄧𑄢𑄨 𑄡𑄘𑄬 𑄡𑄘𑄬 𑄃𑄬𑄇𑄴𑄘𑄨𑄚𑄴 𑄞𑄣𑄪𑄖𑄴𑄘𑄪𑄢𑄮𑄖𑄴 𑄡𑄬𑄠𑄧𑄚𑄴।,মা বাবা এত ব ব করে যা একদিন অনেকদূরে যা
𑄃𑄬 𑄞𑄨𑄘𑄨𑄢𑄬 𑄎𑄪𑄟𑄴 𑄝𑄧𑄣𑄝𑄱 𑄘𑄨𑄝𑄪𑄎𑄳𑄠 𑄃𑄧𑄇𑄴𑄖𑄧𑄖𑄴 𑄃𑄬𑄚𑄬𑄃𑄨 𑄇𑄝 𑄎𑄪𑄟𑄮𑄚𑄧𑄖𑄴 𑄃𑄳𑄟𑄪𑄚𑄴 𑄝𑄎𑄬𑄃𑄨 𑄘𑄨𑄣𑄧।,এই ভিটেটা জুম করার জন্য সকালে আর বিকালে জুমের সমে আসলো
𑄃𑄪𑄢𑄴 𑄃𑄪𑄢𑄬𑄃𑄨 𑄃𑄳𑄟𑄪𑄚𑄧 𑄎𑄨𑄣𑄴 𑄃𑄉𑄎𑄴 𑄝𑄨𑄚𑄴𑄘𑄢𑄴𑄣𑄧𑄃𑄨।,উু উে অনেক গুলো সবুজ ঘাসে ঢাকা
𑄝𑄧𑄚 𑄝𑄧𑄚 𑄇𑄣 𑄙𑄪𑄟𑄧 𑄃𑄪𑄘𑄬𑄢𑄴।,অনেক অনেক কালো ধোঁা উঠতেছে
𑄟 𑄝𑄘𑄮𑄃𑄨 𑄃 𑄝 𑄝𑄘𑄮𑄃𑄨 𑄘𑄪𑄢𑄮𑄖𑄴𑄪𑄚𑄴 𑄘𑄬𑄚𑄬𑄃𑄨 𑄈𑄧-𑄚𑄨𑄎𑄬𑄌𑄴𑄌𑄳𑄠 𑄉𑄧𑄢𑄨 𑄣𑄪𑄟𑄨𑄣𑄇𑄴𑄇𑄨।,.মা বাবা এদিক সেদিক দৌাদৌি করতেছে
𑄟𑄖𑄴𑄧𑄢𑄴 𑄖𑄢𑄳𑄦 𑄃𑄳𑄟𑄪𑄚𑄧 𑄖𑄧𑄠𑄴 𑄖𑄢𑄳𑄦 𑄝𑄳𑄦𑄝𑄱𑄖𑄴 𑄉𑄧𑄚𑄬𑄃𑄨 𑄚𑄧-𑄛𑄖𑄴𑄧𑄚𑄴।,.আসলে তারা তোমার বািতে ঢুকতে পারতেছে না
𑄃𑄨𑄚𑄴𑄘𑄨 𑄃𑄪𑄚𑄴𑄘𑄨 𑄞𑄢𑄨 𑄌𑄘𑄧𑄚𑄴 𑄇𑄬𑄚𑄬 𑄝𑄳𑄦𑄝𑄱𑄖𑄴𑄪𑄚𑄴 𑄍𑄧𑄝𑄱 𑄚𑄨𑄊𑄨𑄣𑄬𑄝𑄇𑄴।,.এইদিকে এত চাঁদ কেন বািটা নিে যাচ্ছে
𑄚!,না! না! না!
𑄛𑄢 𑄚𑄧 𑄡𑄢𑄴।,পাা যা না
𑄃𑄨𑄚𑄴𑄘𑄨 𑄝𑄘𑄮𑄃𑄨 𑄍𑄧 𑄝𑄪𑄙𑄨𑄥𑄧𑄖𑄴𑄧 𑄞𑄝𑄬𑄢𑄴 𑄇𑄬𑄚𑄬 𑄛𑄧𑄢𑄚𑄴 𑄝𑄎 𑄡𑄠𑄴।,এই বাঁশটা দিে কেমনে প্রাণটা বেজে যা
𑄘𑄪𑄠𑄧𑄚𑄨𑄖𑄴 𑄃𑄬𑄎𑄧 𑄜𑄮𑄢𑄴 𑄚𑄧 𑄃𑄪𑄘𑄬।,দুনিে আর ফেনা উঠে না
𑄥𑄬𑄚𑄬 𑄃𑄪𑄢𑄨𑄠𑄧 𑄚𑄧-𑄛𑄢𑄬।,সে সহজে উঠতে পারে না
𑄦𑄘𑄨𑄠𑄧 𑄚𑄧-𑄛𑄢𑄬 𑄙𑄞 𑄙𑄞 𑄦𑄘𑄨 𑄙𑄬𑄠𑄴 𑄡𑄬𑄘𑄧।,পাখানা করতে না পেরে দৌাদৌি করে যাচ্ছে
𑄥𑄬𑄚𑄬 𑄌𑄮𑄇𑄴𑄈𑄘𑄨 𑄝𑄧𑄢𑄴𑄟𑄢𑄬 𑄖𑄧𑄝𑄧𑄚 𑄉𑄧𑄢 𑄙𑄧𑄣𑄴𑄧।,সে চোখ বন্ধ করে বর্মাটা ধরে নিল
"𑄝𑄧𑄢𑄴𑄟𑄢𑄬 𑄝𑄘𑄮𑄃𑄨 𑄝𑄪𑄙𑄨𑄥𑄧𑄖𑄴𑄧 𑄇𑄧𑄣𑄧,",আগুন থেকে শুধু ধোঁা বের হ
𑄘𑄪𑄢𑄮𑄖𑄴 𑄡𑄬𑄠𑄧𑄚𑄴 𑄝𑄝𑄴-𑄟।,.দূরে যে বাঁশ-মাা
"𑄃𑄋𑄴𑄉𑄨 𑄃𑄊𑄬 𑄛𑄋𑄴𑄉𑄨 𑄚𑄬𑄃𑄨,",আাআি নেই
𑄝𑄪𑄙𑄴𑄘𑄨 𑄃𑄊𑄬 𑄌𑄧𑄇𑄴𑄖𑄨 𑄚𑄬𑄃𑄨।,বুোটা আছে দাঁত নেই
𑄃𑄪𑄚𑄴𑄘𑄨 𑄝𑄧𑄢𑄴𑄟 𑄥𑄨𑄁𑄦𑄥𑄧𑄚𑄴 𑄉𑄧𑄢𑄧𑄟𑄴 𑄦𑄮𑄃𑄨 𑄃𑄪𑄘𑄨𑄣𑄧।,উন্দুমার সিংহাসন গরম হে উঠল
𑄝𑄧𑄢𑄴𑄟 𑄌𑄠𑄴𑄘𑄬 𑄝𑄪𑄙𑄨𑄥𑄧𑄖𑄴𑄧 𑄝𑄨𑄝𑄧𑄘𑄧𑄖𑄴 𑄛𑄧𑄢𑄨 𑄃𑄊𑄬।,বার্মা চামাটা সবসম পে আছে
𑄝𑄧𑄢𑄴𑄟 𑄖𑄉𑄧𑄖𑄴 𑄉𑄧𑄢𑄨 𑄝𑄧𑄢𑄴𑄥 𑄝𑄧𑄣𑄦𑄧𑄇𑄴 𑄘𑄬𑄝𑄧 𑄛𑄪𑄠𑄧𑄢𑄬 𑄃𑄩𑄘𑄮𑄖𑄴 𑄉𑄧𑄢𑄨𑄣𑄧।,আগুনের তাপে দেবতার পূজা করা হ
𑄝𑄧𑄢𑄴𑄥 𑄝𑄧𑄣𑄦𑄧𑄇𑄴 𑄘𑄬𑄝𑄧𑄛𑄪𑄠𑄧 𑄏𑄧𑄢𑄴𑄃𑄚𑄨 𑄃𑄳𑄟𑄪𑄚𑄧𑄚𑄴 𑄟𑄢𑄬𑄃𑄨 𑄘𑄨𑄣𑄧।,বস দেবতা বৃষ্টিগুলো সব শেষ করে দিল
𑄝𑄎𑄨 𑄉𑄬𑄣𑄧 𑄝𑄘𑄮𑄃𑄨 𑄍𑄧 𑄝𑄪𑄙𑄨𑄥𑄧𑄖𑄴𑄧।,বোই গেল বাঁশটা কাটতে
𑄌𑄨𑄉𑄮𑄚𑄴 𑄝𑄮,ছোট বোা
𑄃𑄬𑄇𑄴 𑄝𑄪𑄎𑄳𑄠𑄖𑄴𑄪𑄚𑄴 𑄥𑄖𑄴𑄖𑄱 𑄛𑄪𑄠𑄧।,এক বুো বাচ্চা দিে দৌা
𑄍𑄧𑄝𑄱 𑄛𑄪𑄠𑄧𑄖𑄳𑄠𑄬 𑄝𑄮 𑄃𑄚𑄳𑄠𑄬।,ছানো পাতা দিে বাতাস আনে
𑄌𑄨𑄉𑄮𑄚𑄴 𑄛𑄪𑄠𑄧𑄝𑄮 𑄉𑄝𑄪𑄢𑄴।,ছোট বাচ্চা
"𑄝𑄪𑄎𑄳𑄠𑄢𑄴 𑄚𑄘𑄧𑄁𑄍𑄢 𑄊𑄧𑄢𑄴 𑄉𑄨𑄢𑄨𑄖𑄴𑄨, 𑄞𑄖𑄴 𑄛𑄮𑄠𑄮𑄖𑄬𑄴 𑄗𑄣𑄴 𑄚𑄬𑄃𑄨।","বুোদের নাছোার বাি, ভাতে ভাতে ভাত নেই"
𑄖𑄮𑄚𑄴 𑄝𑄢𑄨𑄝𑄢𑄴 𑄇𑄧𑄘𑄧𑄢 𑄚𑄬𑄃𑄨।,তরকারি তরকারির অভাব আছে
"𑄃𑄬𑄇𑄴𑄇𑄱 𑄞𑄖𑄴 𑄛𑄨𑄣𑄬, 𑄃𑄬𑄇𑄴𑄇𑄱 𑄖𑄮𑄚𑄴 𑄛𑄨𑄣𑄬।","একটা ভাত পাতিল, একটা তরকারি পাতিল"
𑄇𑄧𑄣𑄛𑄘𑄣𑄧𑄃𑄨 𑄛𑄮𑄠𑄴𑄝𑄢𑄨 𑄞𑄖𑄴 𑄈𑄚𑄴।,কলা পাতা দিে ভাত খাওা
𑄉𑄖𑄴𑄇𑄪𑄢𑄨 𑄇𑄧𑄣𑄛𑄘 𑄝𑄨𑄎𑄬𑄃𑄨 𑄞𑄖𑄴 𑄖𑄮𑄚𑄴 𑄛𑄨𑄣𑄬 𑄃𑄎𑄬𑄢𑄴 𑄉𑄧𑄢𑄧𑄚𑄴।,এক জাতী কলা পাতা দিে ভাত রান্না করা হ
𑄃𑄬𑄚𑄴 𑄥𑄧𑄟𑄧𑄖𑄴 𑄌𑄨𑄉𑄮𑄚𑄴 𑄛𑄪𑄠𑄧𑄝𑄮𑄖𑄳𑄠𑄬 𑄝𑄮 𑄃𑄚𑄨𑄣𑄇𑄴।,একটি সমে ছোট বাচ্চাটি বোা নিে আসলো
𑄌𑄨𑄉𑄮𑄚𑄴 𑄝𑄮𑄝𑄮 𑄃𑄬𑄚𑄬𑄃𑄨 𑄌𑄠𑄴𑄘𑄬 𑄎𑄳𑄟𑄪𑄣𑄪𑄇𑄳𑄠 𑄊𑄧𑄢𑄴 𑄊𑄨𑄢𑄨𑄖𑄴𑄨।,ছোট বোা দিে বািটা ঘিরতেছে
𑄊𑄧𑄢𑄚𑄴 𑄉𑄖𑄴 𑄉𑄖𑄴 𑄣𑄨𑄛𑄳𑄠-𑄛𑄪𑄌𑄳𑄠 𑄚𑄬𑄃𑄨।,বািটা গাছের ডালে ঝুলে আছে
𑄣𑄢𑄬 𑄣𑄢𑄬 𑄉𑄖𑄴𑄪𑄚𑄴 𑄟𑄘𑄨 𑄞𑄮𑄢𑄬𑄃𑄨 𑄞𑄮𑄢𑄬𑄃𑄨 𑄣𑄨𑄝𑄨𑄣𑄧।,ধীরে ধীরে গাছ থেকে মাটি বের হ
𑄖 𑄚𑄬𑄇𑄴𑄇𑄱𑄖𑄴𑄪𑄚𑄴 𑄑𑄬𑄋 𑄣𑄧𑄃𑄨 𑄣𑄧𑄃𑄨 𑄃𑄬𑄌𑄳𑄠 𑄃𑄬𑄇𑄴𑄈𑄚 𑄉𑄨𑄢𑄨𑄖𑄴𑄨 𑄥𑄪𑄚𑄴𑄎𑄪𑄇𑄴 𑄇𑄮𑄣𑄴 𑄇𑄨𑄚𑄬।,তার স্বামী তার থেকে টাকা নিে একটা জাগা কিনছে
"𑄊𑄧𑄢𑄧 𑄝𑄬𑄇𑄴𑄈𑄪𑄚𑄧𑄢𑄬 𑄇𑄧𑄣𑄧𑄘𑄬 𑄡𑄬 𑄡𑄨𑄘𑄪 𑄡𑄬𑄝 𑄡𑄧, 𑄈𑄣𑄳𑄠 𑄦𑄘𑄬 𑄚𑄧-𑄃𑄬𑄝।","বাির সবাইকে বলে দাও যে যে যাও,খাওা যা না"
𑄦𑄘𑄧𑄖𑄴 𑄝𑄎𑄬𑄃𑄨 𑄡𑄬 𑄇𑄪𑄚𑄧𑄇𑄴𑄈𑄚𑄴 𑄃𑄚𑄨𑄚𑄬 𑄟𑄧𑄢𑄬 𑄉𑄮𑄎𑄬𑄃𑄨 𑄘𑄨𑄝𑄉𑄨।,পাহাে বেজে যে কেকটা নিে আমাকে দে
𑄥𑄨𑄖𑄴𑄪𑄚𑄴 𑄙𑄧𑄢𑄨 𑄡𑄬 𑄡𑄨𑄘𑄪 𑄡𑄚𑄴 𑄜𑄨𑄖𑄬𑄴 𑄌𑄨𑄉𑄮𑄚𑄴 𑄓𑄋𑄧𑄢𑄴 𑄡𑄬 𑄇𑄪𑄚𑄧𑄇𑄴𑄈𑄚𑄴 𑄦𑄘𑄧𑄖𑄴 𑄉𑄧𑄢𑄨 𑄃𑄚𑄨 𑄌𑄨𑄉𑄮𑄚𑄴 𑄝𑄮𑄝𑄮𑄢𑄬 𑄉𑄧𑄎𑄬𑄃𑄨 𑄘𑄳𑄠𑄧𑄚𑄴𑄘𑄨।,.তার থেকে যে গাড়িটি যা সেটা ধরে নিে ছোট বাচ্চাটাকে ধরে নিে আসি
𑄃𑄬𑄇𑄴𑄘𑄨𑄚𑄴 𑄊𑄧𑄢𑄧 𑄝𑄬𑄊𑄧 𑄓𑄋𑄧𑄢𑄴 𑄞𑄬𑄃𑄨𑄝𑄮 𑄇𑄨𑄥𑄴𑄥𑄪 𑄚𑄧-𑄛𑄠𑄴।,এক দিন বাির সব ডাংগুলো ভেঙে যাবে
𑄉𑄘𑄧𑄖𑄴 𑄉𑄧𑄢𑄨 𑄇𑄨 𑄃𑄚𑄨𑄝𑄧 𑄞𑄝𑄬𑄢𑄴।,গাে করে কি আনবে ভাবছে
𑄞𑄝𑄧𑄘𑄬 𑄞𑄝𑄧𑄘𑄬 𑄟𑄙𑄖𑄴 𑄙𑄬𑄋𑄧 𑄝𑄪𑄘𑄴𑄙𑄨 𑄃𑄬𑄣𑄧।,চিন্তা করতে করতে মাথা বুদ্ধি আসলো
𑄖𑄬 𑄦𑄊𑄨𑄚𑄬 𑄘𑄮𑄣𑄬𑄃𑄨 𑄟𑄧𑄎 𑄉𑄧𑄢𑄨 𑄃𑄚𑄨 𑄌𑄪𑄉𑄮𑄚𑄴 𑄝𑄮𑄝𑄮𑄢𑄬 𑄘𑄨𑄣𑄧𑄉𑄨।,সে হাত দিে ভালো করে চামা দে
𑄌𑄨𑄉𑄮𑄚𑄴 𑄝𑄮𑄝𑄮 𑄎𑄚𑄨 𑄛𑄌𑄳𑄠𑄬 𑄃𑄨𑄠𑄚𑄴 𑄊𑄪।,ছোট বইের মতো এই ঘুিটা পেেছে
𑄖𑄬 𑄥𑄨𑄠𑄚𑄧𑄢𑄬 𑄜𑄬𑄣𑄬𑄃𑄨 𑄚𑄧 𑄘𑄨𑄚𑄬𑄃𑄨 𑄟𑄎 𑄃𑄳𑄟𑄪𑄪𑄢𑄬 𑄖𑄪𑄣𑄨 𑄖𑄧𑄣𑄧।,সে সেটা ফেলে না দিে পাহাের উপর তুলে রাখে
"𑄞𑄣𑄪𑄇𑄴 𑄝𑄧𑄏𑄧𑄢𑄴 𑄝𑄘𑄬 𑄃𑄬𑄇𑄴 𑄥𑄧𑄟𑄧𑄖𑄴 𑄃𑄘𑄟𑄬 𑄃𑄘𑄟𑄬 𑄔𑄪𑄣𑄴 𑄛𑄨𑄘𑄳𑄠 𑄦𑄧𑄢𑄴, 𑄡𑄖𑄴𑄪𑄚𑄴 𑄝𑄢𑄧 𑄝𑄧𑄠𑄧𑄌𑄳𑄠 𑄊𑄪 𑄛 𑄡𑄬𑄝𑄧 𑄖𑄢𑄬 𑄃𑄧𑄘𑄴𑄙𑄬𑄇𑄴 𑄢𑄎𑄳𑄠𑄧 𑄘𑄨𑄠 𑄦𑄧𑄝𑄧।","ভালুক বছর বাদে এক সমে গ্রামে ঢুলি হেছে, যার থেকে দুই বছর শাস্তি পাওা যাবে তাকে অনেক শাস্তি দেওা হবে"
"𑄥𑄬 𑄊𑄪𑄠𑄚𑄴 𑄢𑄎𑄢𑄴 𑄌𑄮𑄇𑄪𑄚𑄧𑄖𑄴 𑄳𑄟𑄪𑄣𑄨 𑄘𑄨𑄚𑄬 𑄢𑄎𑄢𑄴 𑄌𑄮𑄇𑄴𑄈𑄪𑄚𑄴 𑄛𑄳𑄦𑄧𑄢𑄴 𑄦𑄧𑄝𑄇𑄴, 𑄢𑄎 𑄌𑄮𑄉𑄬𑄘𑄨 𑄘𑄬𑄝𑄧।","সে ঘুিটা রাজার চোখে পে যাবে, রাজা চোখ বন্ধ করবে"
𑄥𑄨𑄠𑄬𑄚𑄴 𑄥𑄪𑄚𑄨 𑄌𑄨𑄉𑄮𑄚𑄴 𑄝𑄮𑄝𑄮 𑄝𑄢𑄧 𑄝𑄧𑄏𑄧𑄢𑄴 𑄃𑄉𑄧𑄘𑄨 𑄙𑄪𑄟𑄮𑄖𑄴𑄖𑄪𑄣𑄨 𑄗𑄮𑄠 𑄊𑄪 𑄟𑄧𑄎𑄝𑄮 𑄌𑄠𑄴𑄘𑄬 𑄘𑄮𑄣𑄬𑄃𑄨 𑄃𑄊𑄬।,.সেটা শুনে ছোট বাচ্চাটি দুই বছর ধরে ধোঁার পর ভালো করে আছে
𑄖𑄬 𑄖 𑄚𑄬𑄇𑄴𑄇𑄮𑄢𑄬 𑄔𑄪𑄣𑄴𑄣𑄮 𑄙𑄧𑄢 𑄝𑄎𑄬𑄃𑄨 𑄘𑄨𑄣𑄧।,সে তার ছেলেকে ঢোল বাজিে দিল
𑄢𑄎 𑄥𑄬 𑄊𑄪𑄠𑄧𑄚𑄴 𑄌𑄮𑄇𑄴𑄈𑄪𑄚𑄧𑄖𑄴 𑄣𑄨𑄝𑄨 𑄘𑄨𑄚𑄬𑄃𑄨 𑄌𑄮𑄇𑄴𑄈𑄪𑄚𑄴 𑄛𑄳𑄦𑄧𑄢𑄴 𑄦𑄮𑄠𑄧𑄚𑄴।,রাজা সে ঘুর্ণিে চোখ বন্ধ করলে চোখগুলো পে যা
𑄌𑄨𑄉𑄮𑄚𑄴 𑄝𑄮𑄝𑄮 𑄚𑄋𑄬 𑄢𑄎𑄠𑄴 𑄃𑄧𑄘𑄴𑄙𑄬𑄇𑄴 𑄢𑄬𑄎𑄳𑄠𑄧 𑄣𑄬𑄊𑄨 𑄘𑄨𑄣𑄧।,ছোট বাচ্চাটি নাাচাা করে অনেক রাত লেখালো
𑄥𑄨𑄖𑄴𑄪𑄚𑄴 𑄙𑄧𑄢𑄨 𑄝𑄪𑄎𑄳𑄠𑄢𑄴 𑄉𑄨𑄢𑄨𑄖𑄴𑄨 𑄘𑄧𑄝‘𑄘𑄧𑄝 𑄦𑄧𑄣𑄧।,তার থেকে জ্ঞান বের হেছে
𑄝𑄧𑄢𑄴𑄎𑄧𑄚𑄧 𑄇𑄧𑄙 𑄙𑄧𑄢𑄚 𑄉𑄧𑄟𑄴,ব কথা বলা ভালো
𑄦𑄋𑄧𑄢𑄴 𑄇𑄪𑄣𑄧𑄖𑄴 𑄃𑄬𑄇𑄴𑄇𑄱 𑄝𑄨𑄢𑄑𑄴 𑄟𑄑𑄴।,হাঙর কূলে একটা বিশাল মাছ
𑄟𑄒𑄴𑄖𑄱𑄖𑄴 𑄛𑄬𑄉𑄮 𑄟𑄬𑄣 𑄛𑄧𑄎𑄳𑄠𑄬।,মাঠে এক জাতী পাখি খেলছে
𑄌𑄬𑄢𑄮 𑄇𑄨𑄖𑄳𑄠𑄬𑄖𑄴𑄪𑄚𑄴 𑄛𑄬𑄃𑄨𑄇𑄴 𑄃𑄬𑄖𑄴𑄧𑄚𑄴।,চোর শরীর থেকে পেে যাচ্ছে
"𑄌𑄨𑄣𑄪𑄚𑄬 𑄃𑄪𑄢𑄨 𑄃𑄪𑄢𑄨 𑄌𑄬𑄝𑄇𑄴, 𑄡𑄬𑄚𑄴 𑄇𑄧𑄚𑄧 𑄉𑄮𑄣𑄮𑄡𑄮𑄇𑄴 𑄚𑄧-𑄦𑄧𑄠𑄴।","চিলগুলো উে উে তাকা, যেন কোনো গোল হ না"
𑄣𑄟𑄴𑄝 𑄒𑄪𑄇𑄴𑄝𑄧𑄣 𑄛𑄬𑄇𑄴𑄈𑄪𑄚𑄬 𑄛𑄢𑄳𑄦 𑄘𑄨𑄝𑄇𑄴।,এক জাতী পাখি
𑄃𑄨𑄚𑄴𑄘𑄨 𑄃𑄬𑄇𑄴𑄇𑄱 𑄝𑄧𑄢𑄧𑄃𑄨 𑄉𑄏𑄧 𑄈𑄪𑄣𑄪𑄋𑄧 𑄞𑄨𑄘𑄨𑄢𑄬 𑄇𑄧𑄝𑄮 𑄖 𑄌𑄨𑄉𑄮𑄚𑄴 𑄍𑄧𑄝𑄮𑄣𑄧𑄃𑄨 𑄛𑄧𑄢𑄨 𑄃𑄊𑄬।,এখানে একটা বরই গাছের নিচে একটা বাচ্চা পে আছে
"𑄖 𑄇𑄬𑄠 𑄉𑄧𑄟𑄴 𑄚𑄧𑄠𑄴 𑄃 𑄍𑄧𑄝𑄮𑄠𑄧 𑄌𑄨𑄉𑄮𑄚𑄴, 𑄥𑄬𑄚𑄬 𑄖𑄬 𑄟𑄬𑄣𑄖𑄴 𑄡𑄬𑄘𑄧 𑄚𑄧𑄠𑄴।","তার কো ভালো না, তার সাথে সে মেলা যা না"
"𑄟𑄖𑄴𑄧𑄢𑄴 𑄇𑄳𑄦𑄧𑄝𑄮𑄢𑄴 𑄃𑄢𑄬𑄇𑄴𑄇𑄱 𑄓𑄋𑄧𑄢𑄴 𑄍𑄧 𑄃𑄊𑄬𑄘𑄬, 𑄖𑄬 𑄟𑄬𑄣𑄖𑄴 𑄡𑄬𑄝𑄘𑄬 𑄌𑄢𑄴।",".মেেটা আরেকটা ব আছে,সে মেলা চে"
𑄃𑄧𑄚𑄳𑄠𑄧 𑄛𑄬𑄇𑄴𑄈𑄪𑄚𑄬 𑄇𑄮𑄍𑄧𑄝𑄮𑄢𑄬 𑄚𑄨𑄝𑄖𑄳𑄠𑄬 𑄌𑄬𑄣𑄇𑄴।,অন্য কুকুরগুলো কুকুরটাকে নিে যাচ্ছে
𑄈𑄣𑄨𑄇𑄴 𑄇𑄳𑄦𑄧𑄝𑄮 𑄇𑄢𑄧 𑄃𑄳𑄟𑄪𑄪𑄢𑄬 𑄟𑄧𑄚𑄧 𑄛𑄳𑄢𑄧𑄞𑄪𑄖𑄴 𑄘𑄨 𑄚𑄧-𑄛𑄢𑄬।,খালি পেটে কেউ কাউকে মন দিতে পারে না
𑄥𑄬𑄚𑄬 𑄇𑄢𑄧 𑄥𑄧𑄟𑄢𑄬 𑄖 𑄍𑄧𑄝𑄮𑄢𑄬 𑄃𑄨𑄢𑄨 𑄚𑄧-𑄘𑄨𑄣𑄧।,সে কারো সাথে তার বাচ্চাটাকে তাা করলো না
𑄖 𑄍𑄧𑄝𑄮 𑄟𑄬𑄣𑄖𑄴 𑄡𑄬𑄝𑄖𑄳𑄠𑄬 𑄇𑄚𑄬𑄢𑄴 𑄃 𑄇𑄚𑄬𑄢𑄴।,তার ছটা মেলা যে কান্না করে
𑄖𑄬 𑄇𑄳𑄦𑄧𑄍𑄧𑄝𑄮𑄢𑄴 𑄇𑄚𑄚 𑄥𑄪𑄚𑄨 𑄥𑄨𑄠𑄧𑄖𑄴 𑄉𑄬𑄣𑄧।,সে কেকবার কান্না করতে করতে সেখানে গেল
𑄇𑄧𑄝𑄝𑄮 𑄝𑄪𑄏𑄬𑄃𑄨 𑄝𑄪𑄏𑄪𑄃𑄨 𑄇𑄳𑄦𑄧𑄝𑄮𑄢𑄬 𑄖 𑄍𑄧𑄝𑄮 𑄖 𑄥𑄧𑄟𑄢𑄬 𑄃𑄨𑄢𑄳𑄦𑄨 𑄘𑄨𑄝𑄬𑄢𑄴 𑄇𑄟𑄴 𑄈𑄝𑄬𑄣𑄧।,.কাটা বুঝে বুঝে তার সাথে কাজ করবে।
𑄃𑄨𑄇𑄴𑄪 𑄇𑄧𑄝𑄝𑄮 𑄇𑄳𑄦𑄧𑄍𑄧𑄝𑄮𑄣𑄧𑄃𑄨 𑄃𑄪𑄢𑄳𑄦𑄨 𑄡𑄢𑄴।,একজন লোক কথা বলতে বলতে উড়ে যা
𑄘𑄨𑄝𑄪𑄎𑄳𑄠 𑄢𑄮𑄘𑄴𑄘𑄮𑄉𑄮𑄖𑄴 𑄇𑄧𑄝𑄝𑄮 𑄞𑄢𑄨 𑄛𑄚𑄨 𑄖𑄥𑄴 𑄉𑄧𑄢𑄬𑄢𑄴।,সারাদিন রোদে কেকটা বেশি পানি তাাচ্ছে
𑄃𑄳𑄟𑄪𑄪𑄪𑄢𑄧𑄖𑄴𑄪𑄚𑄴 𑄖𑄧𑄣𑄧 𑄟𑄮𑄇𑄳𑄠 𑄢𑄨𑄚𑄨 𑄌𑄠𑄴𑄘𑄬 𑄃𑄬𑄇𑄴𑄇𑄱 𑄘𑄧𑄃𑄨 𑄝𑄬𑄎𑄨𑄠 𑄘𑄧𑄃𑄨 𑄖𑄧𑄝𑄳𑄟𑄪𑄚𑄴 𑄙𑄉𑄬𑄘𑄨 𑄗𑄮𑄃𑄨𑄚𑄬 𑄉𑄏𑄧 𑄥𑄝𑄖𑄴 𑄎𑄨𑄢𑄘𑄬 𑄎𑄨𑄢𑄘𑄬 𑄎𑄪𑄢𑄬𑄢𑄴।,পাহাের তলা বসে একটা দই বোনো দই দিে গাছের স্যাঁতসেঁতে জাগা বিশ্রাম নিতেছে
𑄥𑄨𑄠𑄬 𑄘𑄬𑄚𑄬𑄃𑄨 𑄇𑄧𑄝𑄝𑄮𑄢𑄴 𑄘𑄧𑄃𑄨 𑄈𑄬𑄝𑄢𑄴 𑄣𑄪𑄞𑄴 𑄦𑄧𑄣𑄧।,সে ডান দিকে কবার দই খেে নিল
𑄇𑄧𑄝𑄝𑄱 𑄇𑄳𑄦𑄧𑄍𑄧𑄝𑄮𑄢𑄬 𑄇𑄧𑄠𑄴𑄘𑄬 𑄞𑄉𑄨𑄚𑄬 𑄃𑄨𑄠𑄧𑄖𑄴 𑄃𑄬𑄇𑄴𑄇 𑄎𑄨𑄢𑄬𑄃𑄨।,কেকটা কেকটাকে ভাগ করে এখানে একটু বিশ্রাম নেওা
𑄖𑄳𑄦𑄬 𑄎𑄪𑄥𑄴 𑄉𑄧𑄢𑄨 𑄟𑄘𑄨𑄖𑄴 𑄣𑄟𑄨𑄣𑄇𑄴।,.সে জুে মাটিতে নামল
𑄇𑄧𑄝𑄝𑄮 𑄌𑄠𑄴𑄘𑄬 𑄘𑄧𑄃𑄨𑄝𑄧𑄣𑄝𑄮 𑄡𑄧𑄘𑄬𑄛𑄧𑄘𑄬 𑄊𑄪𑄟𑄴 𑄡𑄢𑄴।,কাটা চাা দিে দইটা একদম শুে যা
𑄎𑄪 𑄝𑄪𑄏𑄨 𑄘𑄧𑄃𑄨 𑄈 𑄙𑄧𑄌𑄳𑄠𑄬।,জুে বুঝি দই খাওা ভালো
𑄇𑄳𑄦𑄧𑄍𑄧𑄝𑄮𑄢𑄬 𑄇𑄧𑄠𑄴𑄘𑄬 𑄖𑄪𑄃𑄨 𑄃𑄬𑄇𑄴𑄇𑄮𑄖𑄴𑄪𑄚𑄴 𑄈𑄳𑄦।,কেকটা বাচ্চাকে কেকটা থেকে খাও
𑄇𑄳𑄦𑄧𑄍𑄧𑄝𑄮 𑄇𑄧𑄠𑄴 𑄟𑄪𑄃𑄨 𑄚𑄧-𑄈𑄬𑄟𑄴 𑄟𑄟𑄪।,কেকটা কথা আমি শুনব না
𑄛𑄧𑄢𑄬𑄠 𑄎𑄨𑄚𑄨𑄥𑄴 𑄙𑄧𑄢𑄚 𑄉𑄧𑄟𑄴 𑄚𑄧𑄠𑄴।,পা জিনিস ধরা ভালো না
𑄇𑄧𑄝𑄝𑄮 𑄇𑄧𑄠𑄴 𑄖𑄪𑄃𑄨 𑄈𑄬𑄣𑄬 𑄈𑄳𑄦 𑄚𑄧-𑄈𑄬𑄣𑄬 𑄚𑄬𑄃𑄨।,কবাি কলা খেলে খাওা যা না
𑄟𑄪𑄃𑄨 𑄦𑄧𑄣𑄬 𑄈𑄋𑄧𑄢𑄴।,পাহা হলে খা
𑄃𑄨𑄚𑄴𑄘𑄨 𑄘𑄧𑄃𑄨𑄝𑄧𑄣𑄝𑄮 𑄊𑄪𑄟𑄧𑄖𑄴𑄪𑄚𑄴 𑄎𑄉𑄨 𑄌𑄠𑄴𑄘𑄬 𑄇𑄧𑄝𑄝𑄮 𑄃𑄬𑄇𑄴𑄇𑄱 𑄘𑄧𑄃𑄨 𑄖𑄧𑄝𑄖𑄴 𑄒𑄪𑄖𑄴 𑄝𑄪𑄢𑄬𑄃𑄨 𑄃𑄊𑄬।,এই দইটা ঘুম থেকে উঠে একটা দই তোমার মুখে লেগে আছে
𑄇𑄧𑄝𑄝𑄱𑄢𑄬 𑄃𑄨𑄘𑄬𑄣𑄴 𑄟𑄬𑄣𑄨𑄝𑄖𑄳𑄠𑄬 𑄘𑄧𑄣 𑄖𑄧𑄉𑄘𑄬 𑄇𑄧𑄝𑄝𑄮 𑄟𑄳𑄦𑄬𑄖𑄴 𑄛𑄬𑄃𑄨 𑄏𑄪 𑄏𑄪 𑄉𑄧𑄢𑄨 𑄘𑄨𑄣𑄧 𑄘𑄪𑄟𑄪𑄢𑄴।,কেকটা ইগল মেে দাঁিে দৌা দিল
"𑄇𑄳𑄦𑄧𑄍𑄧𑄝𑄮𑄘𑄧 𑄣𑄬𑄘𑄬𑄢, 𑄖𑄬 𑄃𑄪𑄢𑄨 𑄡𑄘𑄬 𑄘𑄬𑄢𑄨 𑄦𑄮𑄃𑄨 𑄘𑄧𑄃𑄨𑄝𑄧𑄣𑄝𑄮 𑄃𑄨𑄘𑄬𑄣𑄣𑄱 𑄖 𑄇𑄬𑄠𑄬𑄖𑄴 𑄣𑄉𑄨 𑄃𑄬𑄇𑄴𑄈𑄚𑄴 𑄓𑄪𑄠𑄧 𑄞𑄋𑄨 𑄉𑄬𑄣𑄧।",".কেকটা লেলিেছে,সে উতে যেতে দেরি হে দইটা ভেঙে গেল"
𑄇𑄧𑄝𑄝𑄮𑄢𑄴 𑄇𑄧𑄚𑄧 𑄘𑄬𑄉 𑄚𑄬𑄃𑄨 𑄃𑄢𑄴।,মুরগির কোনো দোল নেই
𑄇𑄳𑄦𑄧𑄍𑄧𑄝𑄮 𑄇𑄧𑄚𑄧 𑄝𑄝𑄧𑄘𑄬 𑄢𑄬𑄖𑄴 𑄥𑄧𑄁𑄞𑄉𑄧𑄖𑄴 𑄊𑄧𑄢𑄧𑄖𑄴 𑄣𑄪𑄟𑄨𑄣𑄧𑄉𑄧𑄃𑄨।,কেকটা রাত সমে বািতে নামল
𑄖𑄳𑄦𑄬 𑄖 𑄟 𑄇𑄧𑄠𑄴𑄘𑄬 𑄝𑄧𑄢𑄴𑄎𑄧𑄚𑄧 𑄇𑄧𑄙 𑄚𑄧-𑄥𑄪𑄚𑄨 𑄝𑄨𑄝𑄧𑄘𑄧𑄖𑄴 𑄛𑄧𑄢𑄨 𑄛𑄠𑄴।,সে তার মাের সাথে কথা না বলে কথা বলতে পারে
𑄛𑄧𑄢𑄴 𑄞𑄣𑄬𑄖𑄴,"পর ভালো, পর ভালো"
𑄃𑄬 𑄃𑄘𑄟𑄧𑄖𑄴 𑄃𑄬𑄇𑄴 𑄉𑄝𑄪𑄎𑄳𑄠 𑄝𑄚𑄳𑄦 𑄟𑄚𑄴𑄎𑄳𑄠𑄧𑄢𑄴 𑄞𑄣𑄬𑄘𑄴 𑄇𑄟𑄴 𑄉𑄧𑄢𑄬।,এই গ্রামে এক যুবক অনেক কাজ করে
𑄈𑄣𑄨𑄇𑄴 𑄚𑄨𑄎𑄧 𑄞𑄣𑄬𑄘𑄨𑄢𑄴 𑄇𑄧𑄚𑄧 𑄇𑄟𑄧𑄖𑄴 𑄚𑄬𑄃𑄨।,.খাওার কোনো কাজ নেই
𑄊𑄧𑄢𑄧 𑄟𑄚𑄴𑄎𑄳𑄠𑄬 𑄖𑄢𑄬 𑄊𑄧𑄢𑄧𑄢𑄴 𑄇𑄧𑄚𑄧 𑄇𑄟𑄧𑄖𑄴 𑄚𑄧-𑄛𑄚𑄴।,বাির মািে তাকে কোনো কাজ করতে দে না
𑄥𑄬𑄚𑄬 𑄊𑄧𑄢𑄧 𑄟𑄚𑄪𑄌𑄴𑄌𑄪𑄚𑄬 𑄖 𑄃𑄳𑄟𑄪𑄪𑄢𑄬 𑄪𑄟𑄪𑄎𑄳𑄠 𑄉𑄧𑄢𑄨 𑄗𑄚।,সে বাির মানুষরা তার উপর ভর দিে থাকে
𑄥𑄬𑄚𑄬 𑄖𑄬 𑄞𑄣𑄬𑄘𑄴 𑄦𑄧𑄝𑄖𑄳𑄠𑄬 𑄈𑄧𑄘 𑄖𑄧𑄉 𑄣𑄟𑄨𑄣𑄧।,সে ভালো হবে নাকি খোঁজ নেওা শুরু করল
𑄡𑄘𑄬 𑄡𑄘𑄬 𑄃𑄬𑄇𑄴 𑄊𑄧𑄢𑄧𑄖𑄴 𑄖𑄨𑄚𑄴 𑄞𑄬𑄃𑄨𑄠𑄬 𑄝𑄝𑄧𑄘𑄨𑄚𑄳𑄠 𑄌𑄬𑄢𑄴 𑄇𑄪𑄘𑄨 𑄙𑄧𑄚𑄴 𑄞𑄉𑄴 𑄉𑄧𑄢𑄨 𑄚𑄧-𑄛𑄖𑄴𑄧𑄚𑄴 𑄉𑄝𑄪𑄎𑄳𑄠𑄝𑄱𑄢𑄬 𑄇𑄧𑄣𑄇𑄴 𑄖𑄪𑄃𑄨 𑄡𑄬𑄇𑄬𑄴 𑄈𑄧𑄘 𑄖𑄧𑄉 𑄡𑄧𑄢𑄴 𑄃𑄟𑄳𑄦 𑄙𑄧𑄚𑄚𑄨 𑄇𑄬𑄚𑄬 𑄞𑄉𑄴 𑄉𑄧𑄢𑄨𑄝𑄧𑄁 𑄃𑄬𑄇𑄬𑄴𑄚 𑄈𑄧𑄘𑄝𑄱𑄖𑄴𑄪𑄚𑄴 𑄛𑄪𑄏𑄮𑄢𑄴 𑄉𑄧𑄢𑄨 𑄘𑄨𑄌𑄴।,. যেতে যেতে এক বািে তিন ভাই একসাথে আমাদের ধনগুলো ভাগ করে না-পেে দো
𑄥𑄨𑄖𑄴𑄪𑄚𑄴 𑄡𑄘𑄬 𑄡𑄘𑄬 𑄢𑄎𑄴𑄊𑄧𑄢𑄴 𑄃𑄬𑄇𑄴𑄈𑄚𑄴 𑄣𑄉𑄧𑄖𑄴 𑄛𑄬𑄣𑄧𑄉𑄮𑄃𑄨।,সেখান থেকে যেতে যেতে রাজঘরটা একটা লাগবে
𑄢𑄎 𑄖𑄢𑄬 𑄇𑄧𑄣𑄧 𑄈𑄧𑄘𑄝𑄱 𑄣𑄉𑄧𑄖𑄴 𑄛𑄬𑄣𑄬 𑄛𑄪𑄏𑄮𑄢𑄴 𑄉𑄧𑄢𑄨 𑄘𑄨𑄌𑄴 𑄟𑄧 𑄛𑄇𑄴𑄇 𑄘𑄧𑄉𑄚𑄚𑄴 𑄇𑄨𑄉𑄧𑄣𑄳𑄠𑄬 𑄞𑄋𑄨 𑄚𑄧 𑄡𑄬𑄝𑄧।,রাজা তাকে কল খোল করলে আমার পাকা দাঁতগুলো ভেঙে যা না
𑄖𑄬 𑄃 𑄡𑄘𑄬 𑄡𑄘𑄬 𑄃𑄬𑄇𑄴𑄇𑄱 𑄇𑄚𑄴 𑄦𑄬𑄃𑄨𑄖𑄴 𑄣𑄉𑄧𑄖𑄴 𑄛𑄬𑄣𑄧𑄉𑄮𑄃𑄨।,সে আসতে যেতে একটা কানের হেতে লাগলো
"𑄦𑄬𑄃𑄨𑄖𑄴𑄖𑄱 𑄖𑄢𑄬 𑄇𑄧𑄣𑄧, 𑄃𑄮 𑄞𑄃𑄨 𑄈𑄧𑄘𑄝𑄱𑄖𑄴𑄪𑄚𑄴 𑄛𑄪𑄏𑄮𑄢𑄴 𑄉𑄧𑄢𑄨 𑄘𑄨𑄌𑄴 𑄟𑄧 𑄌𑄮𑄇𑄴𑄈𑄪𑄚𑄴 𑄇𑄬𑄚𑄬 𑄛𑄳𑄦𑄧𑄢𑄴 𑄦𑄧𑄝𑄇𑄴।","সে তাকে বলল,ও ভাই গর্ত থেকে বের হে এসো আমার চোখগুলো কেন ঝাপসা হে যাবে"
"𑄉𑄝𑄪𑄎𑄳𑄠𑄝𑄱 𑄡𑄘𑄬 𑄡𑄘𑄬 𑄈𑄧𑄘𑄝𑄱 𑄣𑄉𑄧𑄖𑄴 𑄛𑄬𑄃𑄨, 𑄛𑄧𑄣𑄳𑄠𑄖𑄴𑄪𑄚𑄴 𑄙𑄧𑄢𑄨 𑄃𑄉𑄬 𑄖𑄨𑄚𑄴 𑄞𑄬𑄃𑄨𑄠𑄧𑄢𑄴 𑄙𑄧𑄚𑄴 𑄞𑄉𑄴 𑄉𑄧𑄢𑄚, 𑄖𑄳𑄦𑄬 𑄢𑄎𑄢𑄴 𑄘𑄧𑄉𑄚𑄧 𑄇𑄧𑄙 𑄃 𑄦𑄬𑄃𑄨𑄖𑄴𑄖𑄱 𑄌𑄮𑄇𑄴 𑄛𑄳𑄦𑄧𑄢𑄴 𑄦𑄧𑄚 𑄇𑄧𑄙 𑄇𑄮𑄃𑄨 𑄛𑄪𑄢𑄬𑄃𑄨 𑄈𑄧𑄘𑄝𑄱 𑄖𑄨𑄚𑄚𑄴 𑄛𑄪𑄏𑄮𑄢𑄧 𑄎𑄮𑄝𑄴 𑄘𑄨𑄚𑄬𑄃𑄨 𑄣𑄪𑄇𑄴 𑄘𑄨𑄣𑄧।",".গািটা যেতে যেতে কথা গুলো মনে পে,পাহাটা ধরে তিন ভাগ করে ধন ভাগ করা, সে রাজার সাথে কথা বলতে বলতে চোখ বন্ধ করে দিল"
𑄈𑄧𑄘𑄠𑄴 𑄖𑄨𑄚𑄚𑄧𑄖𑄴𑄪𑄚𑄴 𑄝𑄬𑄥𑄴 𑄚𑄧-𑄈𑄧𑄚𑄴।,ভগবান! পাহাের নিচ থেকে কেউ বের হ না
"𑄥𑄬𑄚𑄬 𑄇𑄧𑄚𑄴𑄘𑄬 𑄈𑄧𑄘 𑄊𑄧𑄢𑄧𑄖𑄴 𑄃𑄬𑄇𑄴, 𑄘𑄪𑄃𑄨, 𑄖𑄨𑄚𑄴।","সে কত ব বািতে এক,দুই,তিন"
"𑄉𑄝𑄪𑄎𑄳𑄠𑄝𑄱 𑄜𑄨𑄢𑄨 𑄃𑄬𑄖𑄬𑄴 𑄦𑄬𑄖𑄴𑄖𑄱𑄢𑄬 𑄇𑄧𑄣𑄧, 𑄈𑄧𑄘 𑄇𑄧𑄃𑄨𑄠𑄬𑄘𑄬 𑄖𑄪𑄃𑄨 𑄃𑄬𑄇𑄴𑄇𑄱 𑄢𑄬𑄉 𑄘𑄨 𑄘𑄨𑄣𑄬 𑄖𑄧 𑄌𑄮𑄇𑄴𑄈𑄪𑄚𑄴 𑄛𑄳𑄦𑄧𑄢𑄴 𑄦𑄧𑄝𑄇𑄴।","যুবকটা ফিরে এসে তাকে বলল,ভগবান! বললে তোমার চোখগুলো সুন্দর হবে"
𑄦𑄬𑄖𑄴𑄖𑄱 𑄇𑄧𑄣𑄧 𑄖𑄪𑄃𑄨 𑄟𑄧𑄢𑄬 𑄝𑄧𑄣𑄴𑄘𑄬 𑄟𑄪𑄃𑄨 𑄎𑄨𑄁𑄇𑄚𑄨𑄖𑄳𑄠𑄬 𑄖𑄧𑄢𑄴 𑄦𑄮𑄟𑄴।,হাতির কলকি তুমি আমার জন্য সারাজীবন অপেক্ষা করো
𑄦𑄬𑄖𑄴𑄖𑄮 𑄉𑄝𑄪𑄎𑄳𑄠𑄝𑄱 𑄝𑄧𑄣𑄬 𑄢𑄬𑄉𑄝𑄱 𑄘𑄨𑄚𑄬𑄃𑄨 𑄌𑄮𑄉𑄬𑄘𑄨 𑄘𑄬𑄉𑄬।,হাতির গািটা শুধু এদিক সেদিক দৌাচ্ছে
𑄉𑄝𑄪𑄎𑄳𑄠 𑄦𑄬𑄘𑄮 𑄜𑄨𑄘𑄨𑄖𑄴 𑄉𑄧𑄢𑄨 𑄜𑄨𑄢𑄬𑄢𑄴।,গািটা পাখানা করে ফিরে
"𑄢𑄎 𑄖𑄢𑄬 𑄈𑄧𑄘𑄝𑄮𑄃𑄨 𑄟𑄧 𑄘𑄧𑄉𑄚𑄧 𑄇𑄧𑄙 𑄇𑄨 𑄇𑄧𑄣𑄧, 𑄢𑄎𑄢𑄬 𑄇𑄧𑄣𑄧, 𑄖𑄧𑄖𑄴𑄪𑄚𑄴 𑄃𑄬𑄇𑄴𑄇𑄱 𑄉𑄝𑄪𑄢𑄴 𑄏𑄨 𑄃𑄊𑄬।","রাজার সাথে আমার কথা কি বলে, রাজার সাথে কথা বলে,তার সাথে একটা ছোট ঝি আছে"
𑄏𑄨𑄝𑄱 𑄝𑄮 𑄘𑄨𑄚𑄬 𑄖𑄧 𑄘𑄧𑄉𑄚𑄴 𑄗𑄬𑄝𑄧।,মেেটা ব দিনে তোমার পাশে থাকবে
𑄢𑄎 𑄘𑄬𑄢𑄨 𑄚𑄧-𑄉𑄧𑄢𑄨 𑄉𑄝𑄪𑄎𑄳𑄠𑄖𑄳𑄠𑄬 𑄖 𑄏𑄨𑄝𑄱 𑄝𑄮 𑄘𑄨𑄣𑄧।,রাজা দেরি না করে তার মেেকে বোটা দিল
𑄦𑄬𑄘𑄮 𑄜𑄨𑄘𑄨𑄖𑄴 𑄉𑄧𑄢𑄨 𑄝𑄮 𑄣𑄧𑄃𑄨 𑄃𑄬𑄖𑄬𑄴 𑄘𑄬𑄚𑄬𑄃𑄨 𑄖𑄨𑄚𑄴 𑄞𑄬𑄃𑄨𑄠𑄬 𑄈𑄪𑄏𑄨।,পাহাের পাশ দিে বই নিে সে তিন বোই করে
"𑄇𑄧𑄣𑄇𑄴 𑄈𑄧𑄘𑄝𑄱 𑄃𑄟 𑄇𑄧𑄙 𑄇𑄨 𑄇𑄧𑄣𑄧, 𑄈𑄧𑄘𑄝𑄱 𑄖𑄧𑄟𑄢𑄬 𑄇𑄧𑄃𑄨𑄠𑄬𑄘𑄬 𑄖𑄨𑄚𑄴 𑄞𑄬𑄃𑄨𑄠𑄬 𑄃𑄬𑄇𑄴 𑄇𑄪𑄘𑄨 𑄉𑄧𑄢𑄨 𑄞𑄉𑄴 𑄉𑄧𑄢𑄨 𑄃𑄬𑄇𑄴 𑄇𑄪𑄘𑄨 𑄝𑄝 𑄚𑄋𑄬 𑄙𑄚𑄴 𑄉𑄧𑄢𑄨 𑄘𑄨𑄝𑄖𑄳𑄠𑄬।","কলা খাওাটা আমাদের কথা কি বলে,কলা খাওাটা আমাদেরকে তিন ভাগ করে এক ভাগ করে দিচ্ছে"
𑄖𑄨𑄚𑄴 𑄞𑄬𑄃𑄨𑄠𑄬 𑄃𑄬𑄇𑄴 𑄇𑄪𑄘𑄨 𑄙𑄧𑄚𑄴 𑄝𑄝 𑄚𑄋𑄬 𑄖𑄢𑄬 𑄘𑄨𑄣𑄇𑄴।,তিন ভাই এক কেজি ধন তাকে দিল
"𑄃𑄨𑄠𑄚𑄧𑄢𑄬 𑄇𑄧𑄠𑄴𑄘𑄬, 𑄡𑄬 𑄉𑄧𑄢𑄬 𑄛𑄧𑄢𑄧𑄢𑄴 𑄞𑄣, 𑄞𑄧𑄉𑄧𑄝𑄚𑄬 𑄉𑄧𑄢𑄬 𑄖𑄢𑄴 𑄞𑄣।",".এটাকে বলে,যেটা পার ভালো,ভগবান করে তার ভালো"
𑄥𑄬𑄚𑄧𑄖𑄳𑄠𑄬 𑄖 𑄚𑄋𑄴 𑄦𑄧𑄣𑄧 𑄛𑄧𑄢𑄴 𑄞𑄣𑄬𑄖𑄴।,সে তার নাম হলো পর ভালো
𑄚𑄋𑄬 𑄑𑄋𑄬 𑄝𑄰𑄘𑄳𑄠𑄧 𑄞𑄬𑄃𑄨,.নামে মাত্র বৈদ্য
𑄃𑄬𑄇𑄴 𑄃𑄘𑄟𑄧𑄢𑄴 𑄃𑄬𑄇𑄴𑄇𑄱 𑄉𑄨𑄢𑄮𑄎𑄬 𑄛𑄪𑄠𑄧𑄖𑄳𑄠𑄬 𑄝𑄮 𑄃𑄚𑄬𑄢𑄴।,এক গ্রামের একজন গিরাপুে বই নিে আসছে
𑄝𑄮 𑄈𑄧𑄎 𑄡𑄬𑄃𑄨𑄠 𑄝𑄮 𑄝𑄢𑄬𑄃𑄨 𑄘𑄨𑄠 𑄃 𑄃𑄘𑄟𑄳𑄠 𑄟𑄧𑄠𑄴 𑄟𑄪𑄢𑄪𑄝𑄴𑄝𑄨 𑄟𑄨𑄣𑄨 𑄉𑄨𑄢𑄮𑄌𑄱 𑄊𑄧𑄢𑄧𑄖𑄴 𑄈𑄧𑄣𑄧𑄢𑄧𑄝𑄧।,ব ব ব জিনিস যা দিে বািে দৌাদৌি করবে আমার বািতে
𑄉𑄧𑄢𑄴𑄝 𑄉𑄧𑄢𑄴𑄝𑄨 𑄛𑄨𑄘𑄬 𑄈𑄝𑄘𑄧𑄚𑄴।,গর্ব করে গর্বের সাথে পিঠা খাওা
"𑄥𑄨𑄋𑄴𑄉𑄮𑄝𑄖𑄴 𑄟𑄧𑄢𑄧𑄖𑄴𑄪𑄚𑄴, 𑄛𑄨𑄎𑄮𑄢𑄧𑄖𑄴 𑄟𑄨𑄣𑄬𑄃𑄪𑄚𑄬 𑄛𑄨𑄘𑄬 𑄈𑄘𑄧𑄚𑄴।","সেখানে ছেলেরা,পিঁপাতে মেেরা পিঁিে খাচ্ছে"
𑄈𑄇𑄴𑄧𑄚𑄴 𑄝𑄘𑄬 𑄳𑄟𑄪𑄘𑄨 𑄞𑄨𑄘𑄨𑄢𑄬 𑄝𑄮𑄝𑄮 𑄚𑄧𑄚𑄴𑄚𑄱 𑄛𑄨𑄘𑄬 𑄛𑄪𑄢𑄨 𑄃𑄬𑄇𑄴𑄇𑄱 𑄗𑄣𑄧𑄖𑄴 𑄉𑄧𑄢𑄨 𑄖-𑄝𑄪𑄎𑄨𑄢𑄬 𑄈𑄝𑄬𑄝𑄖𑄳𑄠𑄬 𑄚𑄬𑄡𑄬𑄠𑄬।,কিছুক্ষণ পর পর মেেটা পাছা দিে তাকে খেে নিে যা
𑄖‘ 𑄝𑄪𑄎𑄨 𑄚𑄪𑄠𑄧 𑄝𑄮 𑄈𑄬𑄘𑄧 𑄣𑄎𑄢𑄴।,তার বুঝে না ব অসুখ হেছে
"𑄖𑄬 𑄇𑄧𑄠𑄴 𑄈𑄳𑄦 𑄝𑄬, 𑄖𑄬 𑄇𑄧𑄠𑄴 𑄈𑄳𑄦 𑄝𑄪𑄎𑄨।","সে কেকটা খাবে,সে কেকটা বুঝবে"
𑄚𑄪𑄠𑄧 𑄝𑄮𑄝𑄱 𑄣𑄎𑄬𑄃𑄨 𑄣𑄎𑄬𑄃𑄨 𑄥𑄚𑄳𑄠 𑄛𑄨𑄘𑄬 𑄃𑄬𑄇𑄴𑄇𑄱 𑄟𑄪𑄠𑄧𑄖𑄴 𑄘𑄨𑄣𑄧।,.নতুন বোাটা লজ্জা করে স্যাঁতসেঁতে করে মাথা দিল
𑄥𑄚𑄳𑄠 𑄛𑄨𑄘𑄬𑄝𑄱 𑄉𑄧𑄢𑄧𑄟𑄴 𑄉𑄧𑄢𑄧𑄟𑄴 𑄟𑄪𑄠𑄧𑄖𑄴 𑄞𑄮𑄢𑄬𑄠𑄬।,সাা বাতাসটা গরম গরম মুখে পেছে
"𑄉𑄧𑄢𑄧𑄟𑄬 𑄟𑄪𑄠𑄧𑄖𑄴 𑄢𑄉𑄬𑄠𑄧 𑄚𑄧-𑄛𑄢𑄬𑄢𑄴, 𑄛𑄬𑄣𑄬𑄠𑄧 𑄚𑄧-𑄛𑄢𑄬𑄢𑄴।","গরমে মুখে রাগ করতে পারে না, পাইলে পারে না"
𑄥𑄬𑄚𑄬 𑄎𑄪𑄥𑄴 𑄉𑄧𑄢𑄨 𑄛𑄨𑄘𑄬𑄝𑄱 𑄟𑄪𑄢𑄬 𑄟𑄪𑄢𑄬 𑄉𑄨𑄣𑄴𑄣𑄬𑄉𑄧𑄃𑄨।,সে সু সু করে পাইপটা লুকিে লুকিে গিে গেল
𑄛𑄨𑄘𑄬𑄝𑄱 𑄉𑄨𑄣𑄨 𑄝𑄌𑄬𑄴𑄉𑄧𑄃𑄨 𑄖𑄧𑄘𑄖𑄴।,পাহাটা গিললে ব্যাথা করে
𑄚𑄪𑄠𑄧 𑄝𑄮𑄝𑄱 𑄈𑄬𑄇𑄴 𑄈𑄬𑄇𑄴 𑄉𑄧𑄢𑄬𑄢𑄴।,.নতুন বই গুলো খেক খেক করে
𑄌𑄮𑄇𑄴𑄈𑄪𑄚𑄴 𑄃𑄳𑄟𑄪𑄪𑄘𑄧 𑄦𑄮𑄠𑄧𑄚𑄴।,চোখগুলো ব হেছে
𑄚𑄪𑄠𑄧 𑄝𑄮 𑄟𑄧𑄢𑄨𑄝𑄬𑄢𑄴 𑄘𑄧𑄎।,.নাক থেকে রক্ত পে যাবে
𑄝𑄰𑄘𑄳𑄠𑄠𑄢𑄬 𑄖𑄧𑄉𑄘𑄧𑄚𑄴।,বৈদ্যদের খোঁজাখুজি
𑄝𑄰𑄘𑄳𑄠𑄠 𑄚𑄬𑄃𑄨।,বৈদ্য নেই
𑄛𑄬𑄠𑄧𑄚𑄴 𑄝𑄰𑄘𑄳𑄠𑄠 𑄳𑄟𑄪𑄢𑄧 𑄞𑄬𑄃𑄨𑄝𑄱𑄢𑄬।,৮১২৩. প্যান্ট বৈদ্যর মন্ত্রে মুরিে পে
𑄖𑄢𑄬 𑄓𑄉𑄧𑄘𑄧𑄚𑄴 𑄚𑄪𑄠𑄧 𑄝𑄮𑄝𑄮 𑄏𑄢𑄨𑄝𑄖𑄳𑄠𑄬 𑄝𑄰𑄘𑄳𑄠𑄠 𑄞𑄬𑄃𑄨𑄝𑄱 𑄇𑄧𑄠𑄴𑄘𑄬 𑄟𑄪𑄃𑄨 𑄇𑄨𑄌𑄴𑄌𑄪 𑄚𑄧 𑄛𑄢𑄧𑄋𑄴।,তাকে ডাক্তার না নিে বৈদ্যর সাথে কথা বলতেছি আমি কিছুই পারিনা
𑄥𑄧𑄝𑄃𑄨 𑄚𑄧-𑄛𑄣𑄳𑄠𑄬𑄠𑄧 𑄝𑄰𑄘𑄳𑄠 𑄞𑄬𑄃𑄨।,সবাই না-পালা বৈদ্য
𑄇𑄨𑄌𑄪 𑄇𑄌𑄪 𑄛𑄢𑄨𑄝𑄬 𑄃𑄠𑄴।,.কিছু কুাকুা করতে পারবে
𑄝𑄰𑄘𑄳𑄠𑄠 𑄞𑄬𑄃𑄨𑄝𑄱 𑄍𑄢𑄨 𑄚𑄧-𑄛𑄖𑄬𑄴 𑄃𑄬𑄡 𑄛𑄧𑄣𑄴𑄧।,বৈদ্যটা বোইটা ছাে নিে আসলো
𑄖𑄳𑄦𑄬 𑄚𑄪𑄠𑄧 𑄝𑄮𑄝𑄱 𑄖𑄧𑄘𑄝𑄱 𑄟𑄧𑄣𑄨 𑄟𑄧𑄣𑄨 𑄏𑄢𑄬𑄢𑄴-,.সে শুধু ব ব কথা বলতেছে
"𑄚𑄋𑄬 𑄑𑄋𑄬 𑄝𑄰𑄘𑄳𑄠 𑄞𑄬𑄃𑄨,",.নামে মাত্র বৈদ্য ভাই
"𑄳𑄟𑄪𑄚𑄬 𑄟𑄧𑄚𑄴𑄬𑄳𑄝𑄳𑄢 𑄇𑄨𑄌𑄴𑄌𑄪 𑄚𑄬𑄃𑄨,",.মনে হ মনের মতো কিছু নেই
𑄘𑄘𑄳𑄦𑄃𑄬𑄣𑄬 𑄝𑄪𑄏𑄨𑄝𑄬।,দাদা-দিদা আসলে বুঝবে
𑄃𑄨𑄋𑄨𑄢𑄨 𑄖𑄧𑄘 𑄟𑄧𑄣𑄨 𑄟𑄧𑄣𑄨 𑄏𑄢𑄧𑄘𑄬 𑄏𑄢𑄧𑄘𑄬 𑄛𑄨𑄘𑄬𑄝𑄱 𑄖𑄧𑄘𑄖𑄴𑄪𑄚𑄴 𑄍𑄧𑄢𑄬𑄃𑄨 𑄉𑄬𑄣𑄧।,.এত ব ব জঙ্গল পাে পাে গেল
𑄚𑄪𑄠𑄧 𑄝𑄮𑄝𑄮 𑄛𑄧𑄢𑄚𑄬 𑄝𑄎𑄨𑄣𑄧।,না বইটা মনে পতেছে
𑄖𑄳𑄦𑄬 𑄟𑄚𑄪𑄌𑄴𑄌𑄪𑄚𑄬 𑄇𑄧𑄚𑄴𑄘𑄬 𑄦𑄎𑄢𑄴 𑄦𑄮𑄣𑄬 𑄝𑄰𑄘𑄳𑄠 𑄞𑄬𑄃𑄨।,সে মানুষরা কেক হাজার হলে বৈদ্য হ
𑄖𑄧𑄗𑄛𑄨 𑄟-𑄝𑄝𑄧𑄢𑄴 𑄚𑄧𑄚𑄬𑄠 𑄃𑄬𑄇𑄴𑄇𑄱 𑄏𑄨।,তবুও মা-বাবা হয়নি এমন একটা ঝি
"𑄖𑄧𑄗𑄛𑄨 𑄟 𑄇𑄪𑄣𑄧𑄢𑄴 𑄇𑄢𑄧𑄢𑄬 𑄚𑄧-𑄘𑄬𑄊𑄬, 𑄥𑄬𑄚𑄧𑄖𑄳𑄠𑄬 𑄟-𑄇𑄪𑄣𑄧𑄢𑄴 𑄇𑄢𑄧𑄢𑄬 𑄖𑄬 𑄚𑄧-𑄌𑄨𑄚𑄬।",". তবুও মা-কুলের কাউকে সে দেখে না,সে মা-কুলের কাউকে সে দেখে না"
𑄃𑄬𑄇𑄴𑄘𑄨𑄚𑄴 𑄖𑄧𑄗𑄛𑄨 𑄉𑄠𑄴 𑄉𑄠𑄴 𑄊𑄧𑄢𑄧 𑄃𑄪𑄘𑄮𑄚𑄧𑄖𑄴 𑄈𑄢 𑄦𑄧𑄢𑄴।,এক দিন তবুও গাে গাি দিে বািতে খেলা হ
𑄦𑄬𑄚𑄴 𑄃𑄧𑄇𑄴𑄖𑄧𑄖𑄴 𑄃𑄬𑄇𑄴𑄇𑄱 𑄝𑄪𑄢𑄮 𑄟𑄚𑄪𑄌𑄴 𑄖𑄢𑄳𑄦 𑄊𑄧𑄢𑄧 𑄘𑄮𑄠𑄧𑄢𑄧𑄖𑄴 𑄗𑄨𑄠𑄬𑄣𑄧𑄉𑄨।,.সে রাস্তায় একজন বৃদ্ধলোক তার বািতে দাঁড়িয়ে আছে।
"𑄖𑄧𑄗𑄛𑄨 𑄝𑄪𑄢𑄮 𑄟𑄚𑄪𑄌𑄴𑄌𑄱𑄢𑄬 𑄜𑄨𑄢𑄬𑄃𑄨 𑄛𑄉𑄬𑄃𑄨 𑄌𑄬𑄣𑄧, 𑄖𑄳𑄦𑄬 𑄊𑄧𑄢𑄧 𑄞𑄨𑄘𑄨𑄢𑄬 𑄥𑄮𑄟𑄬𑄃𑄨 𑄖𑄟𑄴𑄟𑄢𑄬 𑄇𑄧𑄣𑄧𑄉𑄧𑄃𑄨।","তবুও বুো মানুষটাকে ফিরে দেখে আসলাম,সে বাির ভিতরে তার মাকে বলে"
𑄖𑄟𑄴𑄟 𑄙𑄞𑄳𑄦 𑄃𑄬𑄚𑄬𑄃𑄨 𑄌𑄠𑄴𑄘𑄬 𑄖-𑄝𑄝𑄬।,তার মা তাাতাি আসে তাাতাি
𑄖𑄟𑄴𑄟 𑄖𑄧𑄗𑄛𑄨𑄢𑄬 𑄇𑄧𑄣𑄧 𑄃𑄨𑄝𑄬 𑄖𑄧𑄢𑄴 𑄃𑄎𑄪।,তার মা তোমাকে কল দিবে
"𑄖 𑄃𑄎𑄪 𑄖𑄢𑄬 𑄇𑄧𑄣𑄧, 𑄇𑄨 𑄝𑄬𑄝𑄬 𑄃𑄬𑄌𑄳𑄠𑄬 𑄟𑄪𑄃𑄨 𑄖𑄧𑄃𑄨𑄙𑄪 𑄚𑄪𑄠𑄧 𑄉𑄧𑄢𑄴𑄝।","তার বাবা তাকে বলে,কি বেে আসবে আমি তোমার সাথে বসবো"
𑄖𑄧𑄗𑄛𑄨 𑄖 𑄟-𑄇𑄪𑄣𑄬𑄘𑄨 𑄃𑄎𑄪𑄢𑄬 𑄃𑄝𑄘 𑄉𑄧𑄢𑄨 𑄘𑄬𑄇𑄴𑄈𑄳𑄠𑄬 𑄞𑄨𑄣𑄨 𑄃𑄎𑄪 𑄣𑄧𑄉𑄬 𑄣𑄧𑄣𑄧𑄌𑄴-𑄛𑄧𑄣𑄧𑄌𑄴 𑄚𑄧𑄠𑄴।,". তবুও তার মা-চাচারা সবসম আাআি করে দেখতেছে যে, সে সাথে সাথে চলে গেল না"
𑄝𑄬𑄢𑄧 𑄃𑄚𑄴𑄘𑄧𑄣𑄬 𑄃𑄚𑄴𑄘𑄧𑄣𑄬 𑄗𑄠𑄴।,.বোতে বোতে থাকে
𑄖 𑄃𑄎𑄪 𑄖𑄧𑄗𑄛𑄨𑄢𑄬 𑄓𑄉𑄬।,তার ভাতিজাকে দািে দিে
𑄟𑄪-𑄣𑄪𑄉𑄧 𑄝𑄬𑄢𑄧𑄃𑄚𑄴𑄘𑄧𑄣𑄬 𑄗𑄬𑄣𑄬 𑄇𑄬𑄚𑄬 𑄇𑄧𑄙 𑄇𑄧𑄝𑄧𑄋𑄴।,মুখে মুখে কথা বললে কেন কথা বলে
𑄃𑄠𑄴 𑄝𑄬 𑄟𑄧-𑄇𑄪𑄢𑄬 𑄃𑄠𑄴।,সে তো আমার সাথে থাকে
𑄖𑄧𑄗𑄛𑄨 𑄎𑄨𑄝𑄧𑄚𑄧𑄖𑄴 𑄚𑄧-𑄥𑄪𑄚𑄬 𑄟𑄪-𑄣𑄪𑄉𑄧 𑄝𑄬𑄢𑄴 𑄃 𑄃𑄪𑄘𑄮𑄚𑄧𑄖𑄴 𑄗𑄇𑄬𑄴 𑄃𑄎𑄪 𑄇𑄧𑄣𑄧𑄘𑄬 𑄚𑄪𑄠𑄧 𑄉𑄧𑄢𑄴𑄝।,.তবুও জীবনে না-সৃষ্টে মুখে মুখে কথা বলে
𑄖𑄧𑄗𑄛𑄨 𑄣𑄎𑄬𑄃𑄨 𑄣𑄎𑄬𑄃𑄨 𑄃𑄎𑄪 𑄇𑄠𑄴 𑄃𑄬𑄣𑄧।,. তবুও লাজে লাজে আু কাটলো
"𑄃𑄎𑄪 𑄃 𑄇𑄧𑄣𑄧, 𑄖𑄧𑄟𑄳𑄦 𑄃𑄪𑄘𑄮𑄚𑄧𑄖𑄴 𑄃𑄧𑄞𑄬𑄘𑄧𑄢𑄴 𑄥𑄝𑄢𑄁 𑄘𑄬𑄣𑄪𑄋𑄴।",আজ তো কল দিে তোমাদের উপরে দৌে আসলাম
𑄖𑄧𑄗𑄛𑄨 𑄃𑄎𑄪𑄢𑄴 𑄃𑄬 𑄇𑄧𑄙𑄚𑄨 𑄚𑄧-𑄝𑄪𑄏𑄬।,তবুও আু এই কথাগুলো বোঝে না
𑄟𑄧𑄚𑄬 𑄟𑄧𑄚𑄬 𑄞𑄝𑄬 𑄟𑄟𑄳𑄦𑄖𑄴𑄪𑄚𑄴 𑄃𑄎𑄪𑄢𑄴 𑄃𑄬 𑄇𑄧𑄙𑄚𑄨 𑄛𑄪𑄏𑄮𑄢𑄴 𑄉𑄧𑄢 𑄛𑄧𑄢𑄨𑄝𑄧।,মনে মনে এই কথাগুলো বলতে হবে
𑄈𑄇𑄧𑄴𑄚𑄴 𑄝𑄘𑄬 𑄃𑄎𑄪 𑄖𑄧𑄗𑄛𑄨𑄢𑄬 𑄇𑄧𑄖𑄬𑄴 𑄝𑄬𑄝𑄬 𑄃𑄨𑄎𑄮𑄢𑄧𑄖𑄴𑄪𑄚𑄴 𑄟𑄧-𑄃𑄙-𑄃𑄖𑄴𑄨𑄋𑄴𑄋𑄱 𑄃𑄚𑄨 𑄘𑄬।,"কিছুক্ষণ পর,একটু পরে,আমার মাথা-আটি এনে দাও"
𑄖𑄧𑄗𑄛𑄨 𑄃𑄎𑄪𑄖𑄴𑄪𑄚𑄴 𑄛𑄪𑄏𑄮𑄢𑄴 𑄉𑄧𑄢𑄬 𑄥𑄨𑄝𑄬 𑄇𑄨 𑄃𑄎𑄪?,তবুও সে সকাল থেকে ছটফট করতেছে কেন?
𑄃𑄎𑄪 𑄖𑄧𑄗𑄛𑄨𑄢𑄬 𑄃𑄨𑄎𑄮𑄢𑄧𑄖𑄴 𑄚𑄨𑄚𑄬𑄃𑄨 𑄘𑄬𑄉𑄬𑄃𑄨 𑄘𑄨𑄣𑄧𑄉𑄧𑄃𑄨।,.আবোল তাবোল তাকে তাাতাি বের করে দিল
𑄥𑄬𑄚𑄬 𑄖𑄧𑄗𑄛𑄨 𑄃𑄙 𑄃𑄖𑄴𑄨𑄋𑄴 𑄌𑄨𑄚𑄨 𑄛𑄣𑄳𑄠𑄧।,সে তবুও আধা আতিঁা চিনে
𑄃𑄙𑄃𑄖𑄴𑄨𑄋𑄴 𑄦𑄧𑄣𑄧𑄘𑄬 𑄦𑄖𑄴 𑄝𑄧𑄣 𑄉𑄧𑄚𑄴𑄎𑄨।,আধা হাত দিে হাত বলা
"𑄎𑄪𑄛𑄬𑄃𑄨 𑄖𑄧𑄗𑄛𑄨 𑄖𑄟𑄴𑄟𑄖𑄴𑄪𑄚𑄴 𑄛𑄪𑄏𑄮𑄢𑄴 𑄉𑄧𑄣𑄳𑄠𑄧 𑄉𑄧𑄢𑄴𑄝, 𑄟𑄪-𑄣𑄪𑄉𑄧𑄝𑄬𑄢𑄴, 𑄃𑄧𑄞𑄬𑄘𑄧𑄢𑄴।","জুে থাকলেও তার মা থেকে ব ব ব ভে ব হেছে,আমি তার সাথে থাকবো"
"𑄖𑄟𑄴𑄟 𑄖𑄧𑄗𑄛𑄨𑄢𑄬 𑄃𑄬𑄇𑄴 𑄃𑄬𑄇𑄴 𑄉𑄧𑄢𑄨 𑄇𑄧𑄣𑄧, 𑄝𑄢𑄧𑄢𑄴 𑄇𑄨𑄠𑄬 𑄝𑄬𑄢𑄬𑄝𑄖𑄳𑄠𑄬 𑄃𑄬𑄣𑄬 𑄖𑄢𑄬 𑄇𑄧𑄚𑄴 𑄉𑄧𑄢𑄴𑄝, 𑄥𑄨𑄋𑄴𑄉𑄱𑄝 𑄌𑄚 𑄃 𑄛𑄨𑄎𑄮𑄢𑄮 𑄌𑄚𑄢𑄴 𑄟𑄧𑄙𑄳𑄠𑄬𑄧 𑄡𑄬 𑄝𑄬𑄢𑄉𑄚𑄴 𑄗𑄠𑄴 𑄥𑄨𑄠𑄬𑄚𑄧𑄢𑄬 𑄇𑄧𑄠𑄴 𑄟𑄪-𑄣𑄪𑄉𑄧 𑄝𑄬𑄢𑄴।","তার মা তাকে একটু একটু করে বলে,বিালের খেলা আসলে তাকে বলে পাহাের বো"
𑄃 𑄃𑄞𑄬𑄘𑄧𑄢𑄴 𑄦𑄧𑄣𑄧𑄘𑄬 𑄇𑄧𑄚𑄧 𑄎𑄨𑄚𑄨𑄥𑄴 𑄝𑄬𑄥𑄴 𑄦𑄧𑄣𑄬 𑄇𑄧𑄚𑄴𑄘𑄬 𑄃𑄧𑄞𑄬𑄘𑄧𑄢𑄴।,আাআিভাবে কোন কিছু বেে গেলে কেকটা হবে
𑄃𑄨𑄋𑄨𑄢𑄨 𑄖𑄧𑄗𑄛𑄨 𑄞𑄣𑄪𑄇𑄴𑄈𑄪𑄚𑄴 𑄟𑄖𑄴 𑄥𑄨𑄊𑄨𑄣𑄧।,এখানে তবুও ভালুকগুলো মাছ ধরছে
𑄜𑄪𑄣𑄴𑄛𑄧𑄢𑄨 . . . . . . . . . . . . . . . . . . . . . . . . . . . . . . . . . . . . . . . . . . . . . 𑄺,.ফুলপুরি
𑄢𑄮𑄋𑄳𑄠𑄞𑄪𑄖𑄴 . . . . . . . . . . . . . . . . . . . . . . . . . . . . . . . . . . . . . . . . . . . . . 𑄽,রোংটাভুি
𑄥𑄨𑄃𑄪𑄣𑄨 𑄚𑄋𑄬 𑄃𑄬𑄇𑄴 𑄢𑄎𑄢𑄴 𑄏𑄨 . . . . . . . . . . . . . . . . . . . . . . . . . . . .𑄷𑄶,.শিউলি নাঙে এক রাজার ঝি
𑄃𑄬𑄇𑄴 𑄇𑄮𑄉𑄬𑄠 𑄉𑄧𑄢𑄨 𑄘𑄧𑄣𑄨 𑄗𑄳𑄟𑄪𑄠 . . . . . . . . . . . . . . . . . . . . . . . . . 𑄷𑄹,.এককগা করে থাকবো।
𑄘𑄪𑄢𑄴𑄝𑄮 𑄃 𑄥𑄨𑄠𑄣𑄳𑄠 . . . . . . . . . . . . . . . . . . . . . . . . . . . . . . . . . . . . 𑄷𑄼,কচ্ছপটা তািে দেওা
𑄛𑄚𑄨 𑄎𑄨𑄝𑄧𑄚𑄴 𑄛𑄚𑄨 𑄟𑄧𑄢𑄧𑄚𑄴 . . . . . . . . . . . . . . . . . . . . . . . . . . . . . . . 𑄷𑄿,.পানির জীবন পানির মরণ
𑄜𑄪𑄣𑄴𑄛𑄧𑄢𑄨,এক জাতী ফুল
𑄘𑄮𑄣𑄴 𑄃𑄬𑄇𑄴𑄈𑄚𑄴 𑄃𑄘𑄟𑄴।,সুন্দর একটা গ্রাম
𑄃𑄘𑄟𑄧 𑄙𑄇𑄴𑄊𑄎𑄨 𑄃𑄬𑄇𑄴𑄈𑄚𑄴 𑄝𑄧𑄢𑄴𑄉𑄋𑄴 𑄦𑄘𑄨 𑄡𑄬𑄃𑄨𑄠𑄬।,গ্রামের পাশ দিে একটা পথ দিে গেছে
𑄝𑄧𑄢𑄴𑄉𑄋𑄧 𑄛𑄢𑄧𑄖𑄴 𑄃𑄬𑄇𑄴𑄈𑄚𑄴 𑄃𑄨𑄇𑄴𑄪𑄣𑄴।,বস পাে একটা স্কুল
𑄉𑄋𑄧 𑄛𑄢𑄬𑄘𑄨 𑄃𑄨𑄇𑄴𑄪𑄣𑄧 𑄛𑄧𑄘𑄴।,গাঙের পারে এক জাতী পদ
𑄛𑄧𑄘𑄧 𑄛𑄎𑄢𑄖𑄴 𑄇𑄨𑄌𑄴𑄌𑄪𑄚𑄧 𑄜𑄪𑄣𑄧 𑄉𑄌𑄴।,এক জাতী ফুল
𑄃𑄘𑄟𑄧𑄖𑄴 𑄃𑄬𑄇𑄴𑄇𑄱 𑄌𑄨𑄉𑄮𑄚𑄴 𑄟𑄨𑄣𑄬 𑄍𑄧।,গ্রামের একটা ছোট মেে আছে
𑄚𑄋𑄚𑄴 𑄟𑄨𑄖𑄣𑄨।,নািভুি
𑄟𑄨𑄖𑄣𑄨 𑄘𑄨𑄚𑄴 𑄝𑄦𑄚𑄬 𑄃𑄨𑄇𑄴𑄪𑄣𑄧𑄖𑄴 𑄡𑄠𑄴।,.মেেদের দিন শেষ করে স্কুলে যাওা
"𑄟𑄧𑄚𑄴𑄘𑄨 𑄝𑄧𑄃𑄨 𑄟𑄘𑄃𑄨, 𑄣𑄬𑄊 𑄥𑄨𑄊𑄬।","মন্ত্রের বই মাা, লেখা আছে"
"𑄘𑄨𑄝𑄪𑄎𑄳𑄠 𑄃𑄨𑄇𑄴𑄪𑄣𑄴 𑄘𑄨𑄝𑄮𑄢𑄴 𑄍𑄪𑄘𑄨 𑄦𑄧𑄣𑄬 𑄝𑄬𑄇𑄴𑄈𑄪𑄚𑄬 𑄇𑄨𑄎𑄨𑄇𑄴 𑄇𑄎𑄇𑄴 𑄉𑄧𑄢𑄧𑄚𑄴, 𑄈𑄢 𑄦𑄧𑄚𑄴।","দুপুর হলে সবাই গোসল করে, মজা করে"
𑄟𑄨𑄖𑄣𑄨 𑄃𑄬𑄇𑄴 𑄇𑄪𑄢𑄬 𑄇𑄨𑄌𑄴𑄌𑄪𑄚𑄧 𑄌𑄪𑄢 𑄉𑄏𑄧 𑄥𑄝𑄖𑄴 𑄡𑄬𑄃𑄨𑄚𑄬 𑄝𑄧𑄃𑄨 𑄟𑄘𑄠𑄮𑄃𑄨।,এক পাশে কিছু চুরি করা গাছের শািে বসে আছে
𑄇𑄨𑄌𑄴𑄌𑄪𑄚𑄧 𑄌𑄪𑄢 𑄜𑄪𑄣𑄴 𑄉𑄏𑄧𑄖𑄴 𑄗𑄪𑄛𑄴 𑄗𑄪𑄛𑄴 𑄜𑄪𑄣𑄴।,এক জাতী ফুল গাছে থোকা থোকা ফুল
𑄟𑄨𑄖𑄣𑄨 𑄝𑄃𑄨 𑄟𑄘𑄃𑄨 𑄃 𑄜𑄪𑄣𑄪𑄚𑄴 𑄢𑄨𑄚𑄨 𑄌𑄃𑄨।,.মেেটি বা মাির ফুলগুলো সুন্দর করে দেখতেছে
𑄟𑄨𑄖𑄣𑄨 𑄃𑄬𑄚𑄴 𑄃𑄧𑄇𑄴𑄖𑄧𑄖𑄴 𑄘𑄬𑄣𑄧 𑄃𑄬𑄇𑄴𑄇𑄱 𑄘𑄮𑄣𑄴 𑄟𑄨𑄣𑄬 𑄍𑄧।,.মেেটা এই রাস্তায় একটা সুন্দর মেে আছে।
𑄥𑄨𑄣𑄬 𑄍𑄧𑄝𑄮 𑄟𑄨𑄖𑄣𑄨𑄢𑄬 𑄟𑄘𑄢𑄴।,শীলে ছানো মিতালিকে মা
𑄖𑄧 𑄚𑄋𑄴 𑄇𑄨?,তোমার নাম কি?
"𑄟𑄨𑄖𑄣𑄨 𑄖 𑄚𑄋𑄚𑄴 𑄘𑄨𑄝𑄬𑄢𑄴 𑄃𑄉𑄧𑄘𑄨, 𑄉𑄏𑄧 𑄃𑄳𑄟𑄪𑄪𑄢𑄧 𑄟𑄨𑄣𑄬 𑄍𑄧𑄝𑄮 𑄖 𑄚𑄋𑄚𑄴 𑄘𑄨𑄣𑄧।","তার নািটা দৌাদৌি করতেছে, গাছের এক মেে তার নািটা দিল"
𑄜𑄪𑄣𑄴 𑄛𑄧𑄢𑄨।,.ফুল পরী
𑄡𑄬 𑄟𑄧𑄚𑄴𑄘𑄨 𑄣𑄬𑄊 𑄟𑄘𑄃𑄨 𑄟𑄪𑄃𑄨 𑄖𑄢𑄴𑄣𑄧𑄃𑄨 𑄝𑄧𑄚𑄴 𑄎𑄪𑄢𑄧𑄋𑄴।,যে পাহাের মাটি দিে পাহাে যোগা
𑄟𑄨𑄖𑄣𑄨 𑄘𑄨𑄝𑄮𑄢𑄴 𑄍𑄪𑄘𑄨 𑄛𑄪𑄢𑄬𑄃𑄨 𑄃𑄨𑄇𑄴𑄪𑄣𑄧 𑄞𑄨𑄘𑄨𑄢𑄬 𑄉𑄬𑄣𑄧।,.মেেটি ছেলে ঘোমটা পে একটি ঘরের মধ্যে ঢুকে গেল।
𑄖-𑄥𑄧𑄟𑄎𑄳𑄠𑄃𑄪𑄚𑄧𑄢𑄬 𑄜𑄪𑄣𑄴𑄛𑄧𑄢𑄨 𑄇𑄧𑄙 𑄇𑄧𑄣𑄧𑄉𑄧𑄃𑄨।,তার গ্রামের মানুষদের ফুলের কথা বলে
𑄃𑄨𑄇𑄴𑄪𑄣𑄴 𑄍𑄪𑄘𑄨 𑄦𑄮𑄃𑄨𑄚𑄬 𑄟𑄨𑄖𑄣𑄨 𑄥𑄧𑄟𑄎𑄳𑄠𑄃𑄪𑄚𑄬 𑄏𑄇𑄴 𑄉𑄧𑄢𑄨 𑄜𑄪𑄣𑄴𑄛𑄧𑄢𑄨 𑄌𑄬𑄝𑄖𑄳𑄠𑄬 𑄃𑄬𑄣𑄇𑄴।,.ছেলেরা ছোট বলে সবাই ফুল পতেছে
𑄈𑄣𑄨𑄇𑄴 𑄖𑄢 𑄜𑄪𑄣𑄴𑄛𑄧𑄢𑄨 𑄚𑄧 𑄘𑄬𑄉𑄧𑄚𑄴𑄘𑄨।,খালিক তারা ফুল পে না
𑄜𑄪𑄣𑄴𑄛𑄧𑄢𑄨 𑄜𑄪𑄣𑄧 𑄗𑄪𑄝𑄧 𑄥𑄬𑄢𑄬 𑄣𑄪𑄉𑄬𑄃𑄨 𑄣𑄪𑄉𑄬𑄃𑄨 𑄇𑄧𑄙 𑄇𑄧𑄠𑄴।,.ফুলের মালার মধ্যে লুকিে লুকিে কথা বলে
"𑄇𑄧𑄠𑄴, 𑄡𑄢 𑄟𑄧𑄚𑄴𑄘𑄨 𑄣𑄬𑄊 𑄥𑄨𑄊𑄧𑄚𑄴, 𑄝𑄧𑄃𑄨 𑄟𑄘𑄚𑄴 𑄟𑄪𑄃𑄨 𑄖𑄢𑄢𑄴𑄣𑄧𑄃𑄨 𑄝𑄧𑄚𑄴 𑄎𑄪𑄢𑄧𑄋𑄴 𑄟𑄪𑄎𑄪𑄋𑄧-𑄟𑄪𑄎𑄪𑄋𑄨 𑄇𑄧𑄙 𑄇𑄧𑄋𑄴।","ক, যারা মন্দ কথা বলে তাদের সাথে সাথে কথা বলে"
"𑄖𑄪𑄟𑄨 𑄎𑄧𑄚𑄨 𑄟𑄧𑄚𑄴𑄘𑄨 𑄣𑄬𑄊 𑄥𑄨𑄊𑄧, 𑄝𑄧𑄃𑄨 𑄟𑄘𑄧 𑄟𑄪𑄃𑄨 𑄖𑄧𑄟𑄳𑄦 𑄃𑄨𑄙𑄪 𑄘𑄬𑄊 𑄘𑄨𑄟𑄴।","তোমরা দুইজন মিলে লিখো,বই মাা আমি তোমাদের এখানে দেখা দিবো"
"𑄥𑄨𑄖𑄴𑄪𑄚𑄴 𑄙𑄧𑄢𑄨 𑄟𑄨𑄖𑄣𑄨 𑄥𑄧𑄟𑄎𑄳𑄠𑄃𑄪𑄚𑄬 𑄟𑄧𑄚𑄴𑄘𑄨 𑄝𑄧𑄃𑄨 𑄟𑄘𑄚𑄴, 𑄣𑄬𑄊 𑄥𑄨𑄊𑄧𑄚𑄴।","সেখান থেকে মিশিে আসা মানুষরা মিষ্টি কথা বলতেছে, লেখা বলতেছে"
𑄢𑄮𑄋𑄳𑄠𑄞𑄪𑄖𑄴,রোদ পোহানো
𑄛𑄪𑄢𑄮𑄚𑄴𑄘𑄨 𑄃𑄟𑄧𑄣𑄧𑄖𑄴 𑄟𑄚𑄪𑄌𑄴 𑄎𑄧𑄚𑄴 𑄇𑄧𑄟𑄴 𑄃𑄬𑄣𑄇𑄴।,পুরনো আমল মানুষ কম আসতেছে
𑄏𑄢𑄴 𑄝𑄬𑄥𑄴 𑄃𑄬𑄣𑄧।,জঙ্গলের বো আসলো
"𑄡𑄬 𑄎𑄉𑄖𑄴 𑄟𑄚𑄪𑄌𑄴 𑄚𑄧 𑄃𑄬𑄣𑄇𑄴, 𑄥𑄬 𑄎𑄉𑄖𑄴 𑄞𑄪𑄖𑄴 𑄃𑄬𑄣𑄇𑄴।","যে জাগা মানুষ আসে না, সেই জাগা ভূত আসে"
"𑄣𑄢𑄬 𑄣𑄢𑄬 𑄉𑄧𑄢𑄨 𑄟𑄚𑄪𑄌𑄴 𑄏𑄢𑄴 𑄇𑄝𑄨 𑄇𑄝𑄨 𑄎𑄪𑄟𑄴 𑄉𑄧𑄖𑄴𑄖𑄇𑄴, 𑄊𑄧𑄢𑄴 𑄖𑄪𑄣𑄨𑄘𑄇𑄴, 𑄥𑄬 𑄎𑄉𑄚𑄨𑄖𑄴𑄪𑄚𑄴 𑄞𑄪𑄖𑄴𑄪𑄚𑄴 𑄙𑄬𑄃𑄨 𑄡𑄬𑄘𑄇𑄴।","ধীরে ধীরে মানুষ জঙ্গল কেটে জুম করতেছে,বাি তুলতেছে, সেই জাগা থেকে ভূতটা বের হে যাচ্ছে"
𑄈𑄣𑄨𑄇𑄴 𑄢𑄮𑄋𑄳𑄠 𑄞𑄪𑄖𑄴𑄪𑄚𑄬 𑄉𑄖𑄳𑄠।,এক জাতী গাছ
𑄈𑄢 𑄙𑄬𑄃𑄨 𑄡𑄬𑄘𑄇𑄴 𑄚𑄧-𑄌𑄚𑄴।,খেলা বেশি দুষ্টামি করিও না
𑄡𑄬𑄚𑄬 𑄖𑄬𑄚𑄬 𑄟𑄚𑄴𑄌𑄧𑄢𑄬 𑄃𑄥𑄳𑄢𑄧𑄠𑄴 𑄉𑄧𑄢𑄨 𑄗𑄬𑄘𑄇𑄴 𑄌𑄚 𑄃 𑄚𑄚𑄉𑄚𑄴 𑄇𑄧𑄌𑄴𑄑𑄧 𑄘𑄨𑄝𑄬𑄢𑄴 𑄌𑄚𑄴।,যেন তেন্নেকে সম করে খোল চাা করা হ
𑄃𑄬𑄇𑄴 𑄘𑄨𑄚𑄳𑄠 𑄃𑄬𑄇𑄴𑄇𑄱 𑄟𑄚𑄪𑄌𑄴 𑄖 𑄌𑄪𑄉𑄮𑄚𑄴 𑄛𑄪𑄠𑄧 𑄃𑄬𑄇𑄴𑄇𑄱 𑄃 𑄖 𑄟𑄮𑄇𑄴𑄇𑄱𑄢𑄬 𑄊𑄧𑄢𑄧𑄖𑄴 𑄜𑄬𑄣𑄬𑄃𑄨 𑄇𑄖𑄴𑄧𑄚𑄧𑄖𑄴 𑄉𑄬𑄣𑄧।,এক দিন একজন লোক তার কুকুরকে বািতে ফেলে চলে গেল
𑄥𑄨𑄚𑄬 𑄌𑄌𑄳𑄠𑄬 𑄊𑄧𑄢𑄴।,সিমের চামা বাি
𑄥𑄨𑄠𑄬𑄚𑄴 𑄈𑄧𑄝𑄧𑄢𑄴 𑄛𑄬𑄃𑄨 𑄢𑄮𑄋𑄳𑄠 𑄞𑄪𑄘𑄧 𑄃𑄬𑄇𑄴𑄝𑄬𑄣𑄳𑄠𑄬 𑄟𑄨𑄣𑄬𑄝𑄱 𑄃𑄨𑄙𑄪 𑄃𑄬𑄣𑄧।,.সে খবর পেে রোদ পোহানো মেেটা এখানে এসেছে
𑄃𑄟𑄧𑄖𑄴𑄧𑄣𑄧𑄖𑄴𑄪𑄚𑄴 𑄇𑄚 𑄥𑄬𑄢𑄬𑄘𑄨 𑄦𑄖𑄴𑄖𑄚𑄴 𑄝𑄝𑄬𑄃𑄨 𑄘𑄨𑄚𑄬𑄃𑄨 𑄇𑄧𑄠𑄴𑄘𑄬 𑄙𑄧𑄢𑄴 𑄛𑄧𑄣𑄧𑄚𑄨 𑄟𑄧-𑄦𑄖𑄴𑄖𑄚𑄴 𑄇𑄎𑄳𑄠𑄧𑄠𑄴 𑄘𑄬।,.আমের ছিদ্র দিে হাত দিে আমার হাতটি কেটে দে
𑄟𑄨𑄣𑄬𑄝𑄱 𑄖𑄘𑄖𑄧𑄋𑄧𑄢𑄨 𑄊𑄪𑄟𑄧𑄖𑄴𑄪𑄚𑄴 𑄃𑄪𑄘𑄨𑄚𑄬 𑄌𑄠𑄴𑄘𑄬 𑄃𑄬𑄇𑄴𑄈𑄚𑄴 𑄦𑄖𑄴 𑄖𑄇𑄴𑄇𑄱 𑄛𑄢 𑄛𑄢 𑄇𑄬𑄌𑄴।,মেেটা তাাতাি ঘুম থেকে উঠে একটা হাত নাাচাা করছে
𑄟𑄨𑄣𑄬𑄝𑄱 𑄓𑄧𑄢𑄬 𑄇𑄨 𑄉𑄧𑄢𑄨𑄝𑄧 𑄇𑄨 𑄚𑄧 𑄉𑄧𑄢𑄨𑄝𑄧 𑄦𑄮𑄃𑄨𑄠𑄬।,মেেটা ভে কি গরিব কি গরিব হেছে
"𑄞𑄪𑄖𑄴𑄗𑄱 𑄇𑄧𑄠𑄴, 𑄏𑄘𑄨 𑄇𑄎𑄳𑄠𑄧𑄠𑄴 𑄘𑄬।","মাটিটা কেকটা, ঝাু দো"
𑄟𑄨𑄣𑄬𑄝𑄱𑄠𑄴 𑄓𑄧𑄢𑄬 𑄞𑄪𑄘𑄮 𑄦𑄖𑄴𑄖𑄚𑄴 𑄇𑄎𑄳𑄠𑄧𑄠𑄴 𑄘𑄨𑄠 𑄙𑄧𑄌𑄳𑄠𑄬।,মেেটা ভে ভুনা হাত দিে কাজ করে
"𑄞𑄪𑄘𑄮 𑄇𑄧𑄠𑄴, 𑄃𑄨𑄋𑄨 𑄃𑄬𑄇𑄴𑄇𑄬𑄢𑄬 𑄥𑄪𑄇𑄴 𑄛𑄋𑄧𑄢𑄴।","ভুনা কা,এখানে একটু সুখ পাই"
𑄟𑄨𑄣𑄬𑄝𑄱 𑄇𑄎𑄳𑄠𑄧𑄠𑄴 𑄘𑄬𑄘𑄬 𑄦𑄧𑄢𑄚𑄴 𑄞𑄪𑄘𑄮𑄢𑄴 𑄃𑄩𑄣𑄴 𑄚𑄧-𑄟𑄧𑄢𑄬।,মেেটা কাজ দোর সম হ না
𑄢𑄬𑄖𑄴 𑄥𑄧𑄁𑄞𑄇𑄴 𑄥𑄧𑄁 𑄇𑄎𑄳𑄠𑄧𑄠𑄴 𑄘𑄨𑄚𑄬𑄃𑄨 𑄞𑄪𑄘𑄮 𑄇𑄧𑄣𑄧 𑄦𑄮𑄃𑄨𑄠𑄬 𑄦𑄬𑄝𑄬।,রাতের সমে ভূতে ডাকার শব্দ হবে
𑄊𑄪𑄟𑄴 𑄡।,ঘুম যাওা
𑄟𑄪𑄃𑄨 𑄘𑄨𑄚𑄴 𑄝𑄦𑄚𑄬 𑄃𑄬𑄟𑄴 𑄇𑄎𑄳𑄠𑄧𑄠𑄴 𑄨𑄘 𑄛𑄬𑄝𑄬।,আমি দিন থাকতে এই কাজটা করতে হবে
𑄞𑄪𑄘𑄮 𑄘𑄨𑄚𑄴 𑄝𑄦𑄚𑄬 𑄃𑄬𑄡𑄬।,ভুনা দিন শেষ হে এসেছে
𑄟𑄨𑄣𑄬𑄝𑄮 𑄇𑄎𑄳𑄠𑄧𑄠𑄴 𑄘𑄨-𑄛𑄠𑄴।,মেেটা কাজ করে দো
𑄟𑄨𑄣𑄬𑄝𑄱 𑄇𑄬𑄋𑄬𑄘 𑄦𑄮𑄃𑄨𑄠𑄬।,মেেটা বাঁকা হেছে
𑄞𑄣𑄪𑄇𑄴 𑄘𑄨𑄚𑄴 𑄝𑄘𑄬 𑄖-𑄚𑄬𑄇𑄴𑄇𑄱 𑄇𑄖𑄴𑄧𑄚𑄧𑄖𑄴𑄪𑄚𑄴 𑄃𑄬𑄣𑄧𑄉𑄧𑄃𑄨।,ভালুকের দিন বাদে তার স্বামী জঙ্গল থেকে বের হ
"𑄖-𑄟𑄮𑄇𑄴𑄇𑄱𑄢𑄬 𑄇𑄬𑄋𑄬𑄘 𑄘𑄬𑄚𑄬𑄃𑄨 𑄇𑄧𑄣𑄧, 𑄃 𑄇𑄨 𑄇𑄬𑄋𑄬𑄘 𑄦𑄮𑄠𑄧𑄌𑄴?","তার স্ত্রীকে কেংটা দিে কল,কি কান্না হ?"
𑄃𑄧𑄥𑄪𑄇𑄴 𑄦𑄮𑄠𑄧𑄌𑄴 𑄚𑄬𑄚?,.অসুক হওা?
𑄟𑄨𑄣𑄬𑄝𑄱 𑄞𑄪𑄘𑄮 𑄇𑄧𑄙𑄚𑄨 𑄖-𑄚𑄬𑄇𑄴𑄇𑄱𑄢𑄬 𑄞𑄋𑄨 𑄇𑄧𑄣𑄧।,মেেটা ভুনা কথা গুলো তার স্বামীকে বলে
𑄥𑄨𑄠𑄬𑄚𑄴 𑄥𑄪𑄚𑄨 𑄟𑄚𑄪𑄌𑄌𑄱𑄠𑄴 𑄖𑄉𑄧𑄣𑄚𑄴 𑄇𑄬𑄎𑄬𑄢𑄬𑄁 𑄇𑄬𑄎𑄬𑄢𑄬𑄁 𑄉𑄧𑄢𑄨 𑄙𑄢𑄬𑄣𑄧।,.সেটা শুনে মানুষ গুলো তাাতাি করে দেখল
𑄥𑄋𑄴 𑄥𑄣𑄬 𑄃𑄬𑄌𑄳𑄠𑄬 𑄃𑄬𑄡𑄮𑄇𑄴 𑄞𑄪𑄘𑄮।,এক জাতী ব ভুঁি
𑄞𑄪𑄘𑄮 𑄢𑄬𑄘𑄮𑄖𑄴 𑄖 𑄃𑄧𑄇𑄴𑄖𑄧 𑄉𑄧𑄢𑄨 𑄃𑄬𑄣𑄧।,ভূতে রাতের বেলা তার হাত নিে আসলো
"𑄟𑄨𑄣𑄬𑄝𑄱𑄢𑄬 𑄇𑄧𑄢𑄴𑄣𑄨, 𑄇𑄨 𑄉𑄧𑄢𑄧𑄟𑄴 𑄉𑄧𑄢𑄧𑄟𑄴 𑄛𑄋𑄴।","মেেটা কেরা,কি গরম গরম পা"
𑄖𑄧 𑄚𑄬𑄇𑄴𑄇𑄱 𑄃𑄬𑄌𑄳𑄠𑄬 𑄚𑄬𑄚?,তোমার স্বামী কি আসতেছে?
𑄟𑄨𑄣𑄬𑄝𑄱 𑄇𑄧𑄠𑄴 𑄚𑄘𑄬।,মেেটা কেকটা নাচে
𑄥𑄣𑄬𑄚𑄴 𑄙𑄧𑄢𑄴 𑄦𑄖𑄴𑄖𑄚𑄴 𑄇𑄎𑄳𑄠𑄧𑄠𑄴 𑄘𑄬।,সালিমের হাতগুলো পরিষ্কার করে দাও
𑄞𑄪𑄢𑄪𑄖𑄴 𑄉𑄧𑄢𑄨 𑄦𑄖𑄴𑄖𑄚𑄴 𑄝𑄝𑄬𑄃𑄨 𑄘𑄨𑄣𑄧।,রাগ করে হাত বন্ধ করে দিল
𑄟𑄨𑄣𑄬𑄝𑄱 𑄇𑄧𑄠𑄴 𑄃𑄢𑄧 𑄃𑄬𑄇𑄴𑄇 𑄝𑄝𑄬𑄃𑄨 𑄘𑄬।,মেেটা আরও একটু বেঁধে দে
𑄃𑄨𑄚𑄴 𑄘𑄨 𑄖 𑄚𑄬𑄇𑄴𑄇𑄱 𑄖𑄉𑄧𑄣𑄚𑄴 𑄙𑄧𑄢𑄨 𑄖𑄇𑄴 𑄉𑄧𑄢𑄨 𑄃𑄊𑄬।,.ইন দিে তার নোটা শক্ত করে আছে
𑄞𑄪𑄘𑄮 𑄉𑄧𑄢𑄥𑄧𑄁 𑄦𑄖𑄴𑄖𑄚𑄴 𑄝𑄝𑄬𑄃𑄨 𑄘𑄨𑄣𑄧।,ভুনা করার হাতটি বন্ধ করে দিল
𑄟𑄚𑄪𑄌𑄴𑄌𑄱𑄃𑄨 𑄃𑄬𑄇𑄴 𑄇𑄪𑄝𑄬 𑄞𑄪𑄘𑄮 𑄦𑄖𑄴𑄖𑄚𑄴 𑄥𑄨𑄚𑄬𑄃𑄨 𑄘𑄨𑄣𑄧।,লোকটি এক কুে পাখানা করে দিল
"𑄞𑄪𑄘𑄮 𑄃𑄮𑄟, 𑄈𑄧𑄘 𑄉𑄧𑄢𑄨 𑄉𑄧𑄢𑄨 𑄘𑄨𑄣𑄧 𑄙𑄞।",ভূতটা তো লাফিে দৌে দিল
𑄥𑄨𑄃𑄪𑄣𑄨 𑄚𑄋𑄬 𑄃𑄬𑄇𑄴 𑄢𑄎𑄢𑄴 𑄏𑄨,সিউলিতে এক রাজার ঝি
𑄃𑄬𑄖𑄬𑄴 𑄃𑄬𑄣𑄧 𑄃𑄬𑄇𑄴 𑄢𑄎।,.সে এলো এক রাজা
𑄖𑄖𑄴𑄪𑄚𑄴 𑄃𑄬𑄣𑄧 𑄃𑄬𑄇𑄴𑄇𑄱 𑄏𑄨।,তার থেকে একটা ঝি
𑄚𑄋𑄚𑄴 𑄦𑄧𑄣𑄧𑄘𑄬 𑄥𑄨𑄃𑄪𑄣𑄨।,নাকটা হলো সিউলি
𑄥𑄨𑄃𑄪𑄣𑄨 𑄢𑄪𑄝𑄬 𑄢𑄧𑄋𑄬 𑄞𑄢𑄨 𑄘𑄮𑄣𑄴।,সিউলির রুবে অনেক সুন্দর
𑄥𑄨𑄃𑄪𑄣𑄨 𑄡𑄬𑄘𑄧𑄇𑄴 𑄓𑄋𑄧𑄢𑄴 𑄦𑄧𑄢𑄴 𑄥𑄬𑄘𑄧𑄇𑄴 𑄝𑄬𑄥𑄴 𑄘𑄮𑄣𑄴 𑄦𑄧𑄢𑄴।,সে অনেক ব হেছে
𑄇𑄧𑄎𑄧𑄟 𑄝𑄧𑄠𑄧𑄥𑄳𑄠 𑄥𑄨𑄃𑄪𑄣𑄨।,এক জাতী সিউলি
"𑄥𑄬𑄇𑄬𑄴𑄚𑄴 𑄦𑄧𑄣𑄧𑄘𑄬 𑄞𑄘𑄧 𑄃𑄢𑄧𑄃𑄪𑄢𑄨, 𑄃𑄏𑄨𑄚𑄧 𑄉𑄧𑄢 𑄉𑄧𑄢𑄨।",তত ব ব করে
𑄥𑄨𑄃𑄪𑄣𑄨 𑄊𑄪𑄟𑄮𑄖𑄴𑄪𑄚𑄴 𑄃𑄪𑄘𑄨 𑄃𑄎𑄪𑄢𑄨-𑄝𑄨𑄎𑄪𑄢𑄨 𑄌𑄪𑄣𑄴 𑄝𑄚𑄬𑄢𑄴।,সে ঘুম থেকে উঠে বিঝুর মতো চুল বানিে
𑄦𑄬𑄚𑄴 𑄥𑄧𑄟𑄧𑄖𑄴 𑄝𑄬𑄣𑄧 𑄍𑄧𑄘𑄧𑄇𑄴𑄈𑄚𑄬 𑄥𑄨𑄃𑄪𑄣𑄨 𑄳𑄟𑄪𑄘𑄨𑄝𑄮𑄢𑄴 𑄜𑄧𑄉𑄧𑄘𑄨 𑄇𑄚𑄝𑄮𑄘𑄨 𑄥𑄮𑄟𑄬𑄣𑄧𑄉𑄨।,সে সমেবেলের শব্দ করে কান্না করতেছে
𑄝𑄬𑄣𑄧 𑄍𑄧𑄘𑄧𑄉𑄧𑄢𑄬 𑄥𑄨𑄃𑄪𑄣𑄨 𑄞𑄢𑄨 𑄘𑄮𑄣𑄴 𑄘𑄬𑄣𑄧।,সূর্য ডোবার সম সিউলটা অনেক সুন্দর
𑄖𑄬 𑄟𑄧𑄚𑄬 𑄟𑄧𑄚𑄬 𑄝𑄬𑄣𑄧 𑄍𑄧𑄘𑄧𑄉𑄧𑄢𑄬 𑄣𑄧𑄝𑄖𑄳𑄠𑄬 𑄒𑄨𑄇𑄴 𑄉𑄧𑄣𑄴𑄧।,সে মনে মনে বিালের শব্দ করে ঠিক করলো
𑄃𑄨𑄚𑄴𑄘𑄨 𑄢𑄎𑄠𑄴 𑄖 𑄉𑄝𑄪𑄢𑄴𑄏𑄨 𑄥𑄨𑄃𑄪𑄣𑄨𑄖𑄳𑄠𑄬 𑄎𑄟𑄬𑄃𑄨 𑄖𑄧𑄉𑄠𑄴।,এখানে রাজা তার গাি দিে বোতেছে
"𑄃𑄬𑄇𑄴𑄘𑄨𑄚𑄴 𑄥𑄨𑄃𑄪𑄣𑄨 𑄖 𑄝𑄝𑄧𑄢𑄬 𑄇𑄧𑄣𑄧, 𑄖𑄬 𑄟𑄧𑄚𑄬 𑄟𑄧𑄚𑄬 𑄝𑄬𑄣𑄧 𑄍𑄧𑄘𑄧𑄉𑄧𑄢𑄬 𑄎𑄟𑄬𑄃𑄨 𑄒𑄨𑄇𑄴 𑄉𑄧𑄢𑄨 𑄖𑄮𑄠𑄬।","একদিন সে তার পিতাকে কল দিল,সে মনে মনে বিাল বাজা"
𑄃𑄬𑄇𑄴𑄘𑄨𑄚𑄴 𑄢𑄎 𑄝𑄖𑄴𑄖𑄱 𑄛𑄬𑄇𑄴𑄇𑄱𑄢𑄬 𑄘𑄨𑄚𑄬𑄃𑄨 𑄖 𑄏𑄨𑄝𑄮𑄖𑄳𑄠𑄬 𑄎𑄟𑄬𑄃𑄨 𑄉𑄧𑄢𑄨𑄝𑄢𑄴 𑄃𑄃𑄮𑄎𑄧 𑄇𑄧𑄙𑄉𑄚𑄴 𑄝𑄬𑄣𑄧 𑄍𑄧𑄘𑄧𑄉𑄧 𑄃𑄨𑄙𑄪 𑄣𑄪𑄟𑄬𑄣𑄧𑄉𑄧𑄃𑄨।,এক দিন রাজা বাতথোককে ডাকার সমে তার ঝিিটা অসুখের কথা বলতে বলতে এখানে পৌঁছে গেল
𑄟𑄖𑄴𑄧𑄢𑄴 𑄝𑄬𑄣𑄧 𑄍𑄧𑄘𑄧𑄉𑄬 𑄥𑄨𑄃𑄪𑄣𑄨 𑄟𑄚𑄬𑄃𑄨 𑄟𑄨𑄣𑄬 𑄇𑄪𑄚𑄨 𑄟𑄧𑄚𑄴 𑄚𑄧-𑄘𑄨𑄣𑄧।,.মাছে বিালের মতো দেখতে মেেটি একটুও মন দিলো না
𑄝𑄬𑄣𑄧 𑄍𑄧𑄘𑄧𑄉𑄧𑄢𑄴 𑄥𑄁𑄝𑄖𑄴𑄖𑄚𑄴 𑄛𑄬𑄚𑄬𑄃𑄨 𑄥𑄨𑄃𑄪𑄣𑄨 𑄞𑄢𑄨 𑄟𑄧𑄚𑄧𑄘𑄪𑄇𑄴 𑄛𑄬𑄣𑄧।,সূর্য ডোবার সম সে খুব দুঃখ পেল
𑄟𑄧𑄚𑄧𑄘𑄪𑄉𑄬 𑄥𑄨𑄃𑄪𑄣𑄨 𑄞𑄖𑄴-𑄛𑄚𑄨 𑄃𑄨𑄢𑄨 𑄇𑄝𑄧𑄢𑄴-𑄟𑄪 𑄑𑄨𑄋𑄴𑄑𑄨𑄋𑄳𑄠 𑄉𑄧𑄢𑄨 𑄊𑄪𑄟𑄮𑄖𑄴 𑄛𑄧𑄣𑄧𑄉𑄧𑄃𑄨।,.মনে হ মনের মতো ভাত-পানি দিে ঘুমাচ্ছে
𑄃𑄨𑄚𑄴𑄘𑄨 𑄢𑄎𑄢𑄴𑄠𑄧 𑄟𑄧𑄚𑄧 𑄘𑄪𑄇𑄴।,এখানে রাজার মন দুঃখ
𑄢𑄎 𑄇𑄪𑄝𑄴 𑄟𑄢𑄚 𑄦𑄮𑄎𑄨𑄢𑄨 𑄡𑄬𑄃𑄨𑄠𑄬।,রাজা কুানো হেছে
𑄖𑄢𑄴 𑄇𑄬𑄣𑄳𑄠𑄬 𑄌𑄚𑄴𑄘𑄬 𑄢𑄎𑄏𑄨 𑄟𑄢 𑄡𑄬𑄃𑄨𑄠𑄬।,তার কালে রাজা মারা যা
𑄢𑄎𑄏𑄨 𑄥𑄧𑄝𑄥𑄣𑄧𑄖𑄴 𑄚𑄨𑄉𑄬𑄣𑄇𑄴।,রাজাঝির মন্ত্রতন্ত্রে নিে গেল
𑄢𑄪𑄝𑄮𑄇𑄪𑄢𑄴 𑄇𑄪𑄢𑄬𑄃𑄨 𑄘𑄦𑄧 𑄉𑄧𑄢𑄨𑄣𑄇𑄇𑄮𑄃𑄨।,রোবোকার পাশে দাহ করলো
𑄥𑄨𑄃𑄪𑄣𑄨 𑄥𑄧𑄝𑄥𑄣𑄧𑄖𑄴 𑄢𑄬𑄘𑄬 𑄢𑄬𑄘𑄬 𑄃𑄬𑄇𑄴𑄇𑄱 𑄉𑄏𑄧 𑄌𑄢 𑄃𑄪𑄘𑄨𑄣𑄧।,সিউলিতে রাত হলে একটা গাছের চারা উঠল
𑄌𑄢𑄝𑄮 𑄘𑄨𑄚𑄴𑄘𑄨𑄚𑄴 𑄓𑄋𑄧𑄢𑄴 𑄦𑄧𑄘𑄬 𑄦𑄧𑄘𑄬 𑄝𑄧𑄢𑄴 𑄃𑄬𑄇𑄴𑄇𑄱 𑄉𑄌𑄴 𑄦𑄧𑄣𑄧।,চারাটা ব হে ব একটা গাছ হলো
𑄉𑄌𑄴𑄌𑄱 𑄚𑄋𑄴 𑄝𑄮𑄎𑄬𑄃𑄨 𑄘𑄨𑄣𑄇𑄴 𑄥𑄨𑄃𑄪𑄣𑄨।,গাছের নাম বলে দিল সিউলি
𑄉𑄌𑄴𑄌𑄱 𑄓𑄋𑄧𑄢𑄴 𑄦𑄮𑄃𑄨𑄚𑄬 𑄞𑄘𑄧 𑄃𑄪𑄢𑄧𑄃𑄪𑄢𑄨 𑄃𑄏𑄨𑄚𑄧 𑄉𑄧𑄢𑄉𑄧𑄢𑄨 𑄃𑄧𑄇𑄴𑄖𑄧𑄖𑄴 𑄜𑄪𑄣𑄴 𑄜𑄪𑄘𑄧𑄚𑄴।,গাছটি ছোট হে মাটিতে ফুল ফোটাচ্ছে
𑄟𑄖𑄴𑄧𑄢𑄴 𑄜𑄪𑄣𑄪𑄚𑄴 𑄛𑄧𑄖𑄳𑄠𑄬 𑄃𑄟𑄧𑄣𑄳𑄠 𑄜𑄪𑄘𑄨 𑄢𑄮𑄘𑄮 𑄍𑄧𑄘𑄧𑄇𑄴 𑄜𑄪𑄖𑄳𑄠𑄬 𑄚𑄧-𑄜𑄪𑄖𑄳𑄠𑄬 𑄏𑄧𑄢𑄨 𑄛𑄧𑄢𑄧𑄚𑄴।,.মাটির ফুলগুলো পথেঘাটে ঝরে পে
𑄥𑄨𑄠𑄬𑄚𑄴 𑄦𑄧𑄣𑄧𑄘𑄬 𑄥𑄨𑄃𑄪𑄣𑄨 𑄎𑄨𑄁𑄇𑄚𑄨𑄝𑄧𑄢𑄴 𑄟𑄚𑄬𑄃𑄨 𑄣𑄧𑄉𑄧 𑄥𑄧𑄟𑄢𑄬 𑄗𑄬𑄝𑄧।,.সেটা হলো জীবন যাপনের সম
𑄈𑄣𑄨𑄇𑄴 𑄝𑄬𑄣𑄧-𑄟𑄪 𑄌𑄬𑄘𑄧 𑄚𑄧𑄠𑄴।,খালিক বেলটা দেখা যা না
𑄥𑄬𑄚𑄬 𑄛𑄧𑄖𑄳𑄠𑄬 𑄃𑄟𑄧𑄣𑄳𑄠 𑄜𑄪𑄘𑄨 𑄢𑄮𑄘𑄮 𑄍𑄧𑄘𑄧𑄇𑄴 𑄜𑄪𑄘𑄨𑄝𑄢𑄴 𑄃𑄉𑄧𑄘𑄨 𑄏𑄧𑄢𑄨 𑄛𑄧𑄢𑄬।,.সে পথে আমলগুলো ফোটার আগে রোদ পতে হ
𑄃𑄬𑄇𑄴 𑄇𑄮𑄉𑄬𑄠 𑄉𑄧𑄢𑄨 𑄘𑄧𑄣𑄨 𑄗𑄳𑄟𑄪𑄠,এক মুঠো করে গুো করে রাখবো
𑄃𑄬𑄖𑄬𑄴 𑄃𑄬𑄣𑄧 𑄃𑄬𑄇𑄴 𑄝𑄪𑄎𑄳𑄠।,.সে এক বুজা
𑄝𑄪𑄎𑄳𑄠𑄖𑄴𑄪𑄚𑄴 𑄖𑄨𑄚𑄴𑄚𑄱 𑄏𑄨।,বুোটা নাচতেছে
𑄝𑄪𑄎𑄳𑄠 𑄞𑄘𑄬 𑄛𑄚𑄨𑄠𑄬 𑄗𑄳𑄟𑄪𑄠𑄬।,বুো ভাতে পানিতে থাকবো
𑄝𑄪𑄎𑄳𑄠𑄢𑄴 𑄓𑄋𑄧𑄢𑄴 𑄎𑄩𑄝𑄱 𑄉𑄝𑄪𑄢𑄴 𑄥𑄪𑄚𑄴𑄘𑄧𑄢𑄴 𑄇𑄮𑄃𑄨𑄚𑄬 𑄇𑄮𑄇𑄴𑄇𑄱 𑄚𑄘𑄧𑄁𑄍𑄢 𑄟𑄚𑄴𑄎𑄳𑄠𑄧 𑄛𑄪𑄠𑄧 𑄣𑄮𑄠𑄬 𑄉𑄮𑄃𑄨।,বুো মানুষরা ছোট সুন্দর কথা বলতে বলতে পাখানা করে
𑄥𑄬𑄚𑄧𑄖𑄳𑄠𑄬 𑄞𑄢𑄨 𑄝𑄬𑄎𑄢𑄴।,সে খুব বেজার
𑄖𑄬 𑄖 𑄓𑄋𑄧𑄢𑄴 𑄏𑄨𑄝𑄮𑄢𑄬 𑄜𑄬𑄣𑄬𑄃𑄨 𑄘𑄨𑄠𑄬 𑄃 𑄘𑄨𑄝𑄬 𑄏𑄨𑄢𑄬 𑄉𑄧𑄟𑄴 𑄗𑄳𑄟𑄪𑄠𑄬 𑄟𑄚𑄴𑄎𑄳𑄠𑄧 𑄊𑄧𑄢𑄧𑄖𑄴 𑄝𑄮 𑄘𑄨𑄠𑄬।,সে তার ব ঝিকে ফেলে দিে দিে এসেছে বািে
𑄃𑄬𑄇𑄴𑄘𑄨𑄚𑄴 𑄝𑄪𑄎𑄳𑄠 𑄃𑄬𑄇𑄴𑄈𑄚𑄴 𑄟𑄬𑄥𑄴𑄝𑄚𑄴 𑄉𑄧𑄢𑄬𑄢𑄴।,এক দিন বুজিে একটা ম্যাজ ম্যাজ করে
𑄖 𑄘𑄨𑄝𑄬 𑄏𑄨𑄢𑄬 𑄖𑄢𑄢𑄴 𑄥𑄮𑄢𑄴-𑄥𑄮𑄢𑄨 𑄥𑄪𑄘𑄴𑄙𑄮 𑄝𑄖𑄳𑄠𑄬𑄠𑄬।,তার দুই মেেকে তারা সুসুিে বাজা
𑄟𑄖𑄴𑄧𑄢𑄴 𑄖 𑄓𑄋𑄧𑄢𑄴 𑄏𑄨𑄝𑄮𑄢𑄬 𑄚𑄧-𑄝𑄖𑄳𑄠𑄠𑄴।,তার ব ঝিকে ব করে না
𑄟 𑄛𑄧𑄢𑄚𑄬 𑄚𑄧-𑄝𑄪𑄏𑄬।,মা প্রাণটা বোঝে না
𑄝𑄪𑄢𑄨 𑄝𑄪𑄎𑄳𑄠 𑄚𑄧-𑄎𑄚𑄬 𑄛𑄢 𑄓𑄋𑄧𑄢𑄴 𑄏𑄨𑄝𑄮𑄢𑄬 𑄝𑄧𑄣𑄚𑄳𑄠 𑄘𑄨𑄠𑄬।,বুো জ্ঞান না করে পাহাের ঝিিটাকে বলা হ
𑄟𑄚𑄴𑄎𑄳𑄠𑄧 𑄏𑄉𑄧𑄖𑄴 𑄝𑄪𑄎𑄳𑄠 𑄚𑄧 𑄌𑄨𑄚𑄨𑄝𑄧।,পাহাের জঙ্গল ভালো করে চিনবে না
𑄃𑄟𑄨 𑄟𑄠𑄴-𑄏𑄨𑄠𑄬 𑄘𑄬𑄉 𑄦𑄮𑄃𑄨 𑄛𑄢𑄨𑄝𑄧𑄁।,আমরা মা-ঝির মতো হতে পারব
𑄝𑄪𑄎𑄳𑄠𑄢𑄴 𑄓𑄋𑄧𑄢𑄴 𑄏𑄨𑄝𑄱 𑄣𑄪𑄋𑄨𑄣𑄧𑄉𑄨।,বুজরার ডাঙিটা লুকিেছে
𑄎𑄪𑄥𑄴 𑄉𑄧𑄢𑄨 𑄖𑄟𑄴𑄟𑄢𑄬 𑄥𑄣𑄋𑄴 𑄉𑄧𑄢𑄨 𑄖𑄟𑄴𑄟 𑄥𑄧𑄟𑄢𑄬 𑄢𑄚-𑄞𑄢 𑄇𑄟𑄧𑄖𑄴 𑄃𑄝𑄧𑄢𑄴𑄈𑄬𑄣𑄧।,জুে তার মা আর ছেলে একসাথে রেছে
𑄝𑄪𑄎𑄳𑄠𑄢𑄴 𑄃 𑄘𑄨𑄝𑄬 𑄏𑄨 𑄝𑄬𑄇𑄴 𑄃𑄳𑄟𑄪𑄪𑄢𑄬 𑄃𑄳𑄟𑄪𑄪𑄢𑄬 𑄉𑄧𑄢𑄴𑄝𑄦𑄘𑄨।,বুোরা আর দিে গিে সব একাকার
𑄓𑄋𑄧𑄢𑄴 𑄏𑄨 𑄟𑄬𑄥𑄴𑄝𑄚𑄧 𑄇𑄟𑄴 𑄉𑄧𑄖𑄬𑄴 𑄉𑄧𑄖𑄬𑄴 𑄦𑄣𑄪𑄉𑄧।,ডাঙর ঝির কাজ করতে করতে ক্লান্ত হেছে
𑄈𑄬𑄃𑄨 𑄘𑄬𑄃𑄨 𑄊𑄧𑄢𑄴 𑄘𑄮𑄢𑄴 𑄌𑄪𑄢𑄨-𑄛𑄪𑄎𑄨 𑄦𑄢𑄨 𑄙𑄮𑄠𑄴-𑄙𑄪𑄃𑄨 𑄃𑄎𑄬𑄢𑄴 𑄝𑄨𑄎𑄬𑄢𑄴 𑄦𑄮𑄃𑄨𑄚𑄬 𑄊𑄧𑄢𑄧𑄖𑄴 𑄜𑄨𑄢𑄨𑄝𑄖𑄳𑄠𑄬 𑄖𑄟𑄴𑄟𑄢𑄬 𑄥𑄣𑄋𑄴 𑄉𑄧𑄢𑄨𑄣𑄧𑄉𑄮𑄃𑄨।,খেে দিে বাির দরজা চুরি করে তার মাকে হত্যা করল
"𑄖𑄟𑄴𑄟 𑄖𑄢𑄬 𑄌𑄬𑄢𑄴 𑄃𑄚 𑄦𑄘𑄧𑄖𑄴 𑄘𑄨𑄚𑄬𑄃𑄨 𑄇𑄧𑄣𑄧, 𑄃𑄳𑄟𑄨𑄪𑄚𑄴𑄘𑄮𑄃𑄨 𑄚𑄘𑄨𑄚𑄪𑄚𑄧𑄢𑄬 𑄛𑄨𑄘𑄬 𑄇𑄨𑄚𑄨 𑄚𑄨-𑄘𑄨𑄌𑄴।","তার মা তাকে চোর আনা হাত দিে বলে,অন্যেরা নাতনিকে কিনে নিে যা"
𑄝𑄪𑄎𑄳𑄠𑄢𑄴 𑄓𑄋𑄧𑄢𑄴 𑄏𑄨𑄝𑄱 𑄡𑄘𑄬 𑄡𑄘𑄬 𑄃𑄬𑄇𑄴𑄎𑄧𑄚𑄬 𑄃𑄬𑄇𑄴𑄇𑄱 𑄛𑄉𑄚 𑄇𑄮𑄉𑄬𑄠 𑄝𑄬𑄎𑄬𑄖𑄬𑄴 𑄘𑄬𑄣𑄧।,বুজারের ডাঙিটা যাওার সম একটা কথা বলে দিল
𑄖𑄬 𑄞𑄝𑄬𑄖𑄬𑄴 𑄛𑄨𑄘𑄬-𑄟𑄨𑄘𑄬 𑄚𑄧-𑄇𑄨𑄚𑄨 𑄇𑄮𑄉𑄬𑄠𑄬𑄝𑄱 𑄇𑄨𑄚𑄨 𑄚𑄬𑄡𑄋𑄴।,সে চিন্তা করে-চিন্তা করে মোবাইলটা নিে যা
"𑄳𑄟𑄪𑄢𑄳𑄟𑄮𑄪𑄚𑄬 𑄇𑄮𑄉𑄬𑄠𑄬𑄝𑄱 𑄈𑄬𑄝𑄇𑄴, 𑄝𑄨𑄎𑄨 𑄌𑄢𑄬𑄃𑄨 𑄛𑄢𑄨𑄟𑄴।","পাহাের মধ্যে কেকটা খেেছে, বিে করতে পারবো"
𑄝𑄪𑄎𑄳𑄠 𑄏𑄨𑄝𑄱 𑄃𑄨𑄋𑄨𑄢𑄨 𑄇𑄮𑄉𑄬𑄠 𑄈𑄬𑄖𑄴 𑄉𑄧𑄢𑄨 𑄷𑄸 𑄝𑄧𑄏𑄧𑄢𑄴 𑄥𑄧𑄁 𑄒𑄬𑄋 𑄇𑄟𑄬𑄣𑄧।,বুো ঝিিটা একটু একটু করে ধান কাটতেছে
𑄃𑄨𑄇𑄴𑄇𑄪 𑄖𑄬 𑄖 𑄝𑄝𑄧𑄖𑄴𑄪𑄚𑄴 𑄝𑄬𑄥𑄴 𑄗𑄳𑄟𑄪𑄠𑄬।,সে তার বািটা বেে রাখবে
𑄟𑄮𑄎𑄬 𑄳𑄟𑄪𑄢𑄪𑄠𑄬 𑄘𑄧𑄝𑄴𑄘𑄧𑄝।,পাহাের পাহাি
𑄘𑄪𑄢𑄴𑄝𑄮 𑄃 𑄥𑄨𑄠𑄣𑄳𑄠,দুধটা সিাল
𑄃𑄬𑄖𑄬𑄴 𑄃𑄬𑄣𑄧 𑄃𑄬𑄇𑄴 𑄘𑄪𑄢𑄴।,.এলোমেলো
𑄇𑄧𑄠𑄴𑄘𑄨𑄚𑄴 𑄥𑄧𑄁 𑄖𑄢𑄴 𑄗𑄚-𑄛𑄨𑄚 𑄚𑄬𑄃𑄨।,কদিন পর্যন্ত তার থাকা-খাওা নেই
𑄃𑄬 𑄏𑄢𑄧𑄖𑄴 𑄝𑄬𑄢𑄃𑄨 𑄃𑄮 𑄓𑄧𑄚𑄖𑄴 𑄥𑄧𑄟𑄃𑄨।,এই জঙ্গলে ঘুরে বোই ও দৌা
𑄇𑄧𑄚𑄧 𑄇𑄨𑄖𑄳𑄠𑄬𑄖𑄴 𑄈𑄬𑄝𑄢𑄴 𑄇𑄨𑄌𑄴𑄌𑄪 𑄚𑄧-𑄛𑄠𑄴।,কোন কিছু খাওার কিছুই নাই
𑄛𑄬𑄑𑄴 𑄛𑄪𑄢𑄧𑄚𑄨 𑄎𑄣𑄠𑄴 𑄘𑄨-𑄌𑄮𑄇𑄴 𑄃𑄚𑄴𑄘𑄢𑄴।,পেট ভরে খাওার জন্য দুই চোখ বন্ধ করো
𑄖𑄧𑄉𑄘𑄬 𑄖𑄧𑄉𑄘𑄬 𑄃𑄬𑄇𑄴 𑄟𑄪𑄢𑄮 𑄟𑄙𑄖𑄴 𑄛𑄬𑄣𑄧𑄉𑄮𑄃𑄨 𑄃𑄬𑄇𑄴𑄇𑄱 𑄛𑄢𑄴𑄝𑄮 𑄘𑄪𑄢𑄴।,খুঁজতে খুঁজতে এক পাহাে একটা পাহা পেলাম
"𑄳𑄟𑄪𑄣𑄴𑄉𑄣𑄴 𑄌𑄬𑄝𑄬𑄘𑄇𑄴, 𑄥𑄨𑄢𑄬 𑄟𑄙 𑄚𑄬𑄃𑄨।",".মলা মুখ,মাথা নেই"
"𑄇𑄟𑄧𑄢𑄴 𑄘𑄨-𑄌𑄃𑄨 𑄘𑄧𑄢𑄳𑄦𑄧, 𑄣𑄬𑄃𑄨 𑄌𑄃𑄨 𑄥𑄳𑄟𑄪𑄪𑄚𑄧।","কর্মঠ দুই-চাই ভ,লবনাক্ত"
𑄢𑄧𑄥𑄴 𑄇𑄧𑄥𑄴 𑄚𑄬𑄃𑄨।,"রগচটা, রগচটা"
𑄥𑄨𑄠𑄣𑄴 𑄡𑄬𑄇𑄬𑄴 𑄘𑄪𑄢𑄴𑄝𑄮𑄢𑄬 𑄈𑄬𑄝𑄢𑄴 𑄞-𑄚𑄧𑄘𑄬𑄉𑄬𑄢𑄴 𑄥𑄬𑄚𑄬 𑄛𑄬𑄑𑄴 𑄛𑄪𑄢𑄧𑄚𑄨 𑄎𑄣 𑄃 𑄞𑄢𑄨 𑄉𑄬𑄣𑄧।,সে যখন বাচ্চাটাকে খাওার জন্য ভাতের বান নিে যাচ্ছে তখন পেট ভরে যাচ্ছে
"𑄖𑄳𑄦𑄬 𑄥𑄨𑄠𑄣𑄳𑄠 𑄟𑄧𑄚𑄧 𑄘𑄪𑄉𑄬 𑄇𑄧𑄣𑄧,",সে সেটা মনে পে বলে
𑄃𑄳𑄟𑄪𑄪𑄢𑄬 𑄟𑄣 𑄖𑄧𑄣𑄬 𑄟𑄣,.অমুকের মালার নিচে মালা
"𑄥𑄨𑄢𑄬 𑄟𑄙 𑄚𑄬𑄃𑄨,",মাথার মাথা নেই
𑄇𑄟𑄧𑄢𑄴 𑄘𑄨𑄣𑄬 𑄘𑄧𑄢𑄳𑄦𑄧 𑄛𑄋𑄴,কাম দিলে ভ পা
𑄇𑄬𑄚𑄬 𑄈𑄬𑄟𑄴𑄝𑄬 𑄌𑄬𑄃𑄨।,.কেন খেে দো?
𑄃𑄨𑄚𑄴𑄘𑄨 𑄘𑄪𑄢𑄴𑄝𑄮 𑄟𑄧𑄚𑄬 𑄟𑄧𑄚𑄬 𑄞𑄝𑄬𑄖𑄬𑄴 𑄇𑄬𑄚𑄬 𑄛𑄧𑄢𑄚𑄴 𑄝𑄎𑄬𑄝𑄧 𑄥𑄨𑄠𑄣𑄳𑄠𑄖𑄴𑄪𑄚𑄴।,.এই কচ্ছপটা মনে মনে কিভাবে প্রাণ বাজাবে সেটার জন্য
𑄇𑄧𑄚𑄧 𑄝𑄝𑄧𑄘𑄬 𑄛𑄚𑄨𑄖𑄴 𑄡𑄬𑄃𑄨 𑄛𑄣𑄳𑄠𑄬 𑄙𑄬𑄝𑄢𑄴 𑄛𑄧𑄘𑄴 𑄛 𑄡𑄬𑄝𑄧।,কোন রকমে পানিতে যে গোসল করতে হবে
"𑄞𑄝𑄨 𑄥𑄨𑄚𑄴𑄘𑄨 𑄘𑄪𑄢𑄴𑄝𑄮 𑄇𑄧𑄣𑄧,",ভাবি সেই কচ্ছপটা কল
𑄥𑄬𑄘𑄟𑄴 𑄚𑄬𑄃𑄨 𑄞𑄬𑄘𑄟𑄴,সে তো ভেদ করে না
"𑄃𑄬𑄟𑄴𑄝 𑄦,",এত ব
𑄞𑄨𑄎𑄬𑄃𑄨 𑄞𑄨𑄎𑄬𑄃𑄨 𑄈।,ভিজে ভিজে খাও
𑄘𑄪𑄢𑄴𑄝𑄱 𑄇𑄧𑄙𑄚𑄨 𑄥𑄪𑄚𑄨 𑄥𑄨𑄠𑄣𑄳𑄠 𑄞𑄝𑄬 𑄇𑄧𑄙 𑄒𑄨𑄇𑄴।,.দুরের কথা শুনা যা ঠিক
𑄃𑄨𑄝𑄬𑄢𑄬 𑄞𑄨𑄎𑄬𑄃𑄨 𑄈𑄳𑄦 𑄛𑄧𑄢𑄨𑄝𑄧𑄘𑄬।,.আজকে ভিজে খাওা লাগবে
𑄞𑄨𑄎𑄬𑄣𑄬 𑄚𑄧𑄢𑄧𑄟𑄴 𑄦𑄧𑄝𑄧।,ভিজে গেলে নরম হবে
𑄥𑄬𑄚𑄬 𑄥𑄨𑄠𑄣𑄳𑄠 𑄘𑄪𑄢𑄴𑄝𑄮𑄢𑄬 𑄑𑄚𑄨 𑄑𑄚𑄨 𑄛𑄚𑄨𑄖𑄴 𑄃𑄬𑄇𑄴𑄇𑄱 𑄝𑄧𑄢𑄴 𑄟𑄮𑄢𑄮𑄋𑄧𑄖𑄴 𑄞𑄨𑄎𑄬𑄃𑄨 𑄖𑄧𑄣𑄧𑄉𑄧𑄃𑄨।,সে সেই কচ্ছপটাকে টেনে নিে পানিতে একটা ব মলা ডুবে গেল
"𑄘𑄪𑄢𑄴𑄝𑄮 𑄎𑄪 𑄛𑄬𑄃𑄨 𑄊𑄪𑄢𑄴 𑄊𑄪𑄢𑄴, 𑄊𑄪𑄢𑄴 𑄊𑄪𑄢𑄴 𑄉𑄧𑄢𑄨 𑄌𑄖𑄬𑄴𑄃𑄨 𑄌𑄖𑄬𑄴𑄃𑄨 𑄙𑄬𑄃𑄨 𑄉𑄬𑄣𑄧 𑄛𑄚𑄨 𑄖𑄧𑄣𑄖𑄴।",কচ্ছপটা জুে লাফিে লাফিে পানির তলা চলে গেল
𑄛𑄚𑄨 𑄎𑄨𑄝𑄧𑄚𑄴 𑄛𑄚𑄨 𑄟𑄧𑄢𑄧𑄚𑄴,পানি জীবন পানি মরণ
𑄝𑄬𑄚𑄳𑄠𑄬 𑄛𑄧𑄖𑄳𑄠𑄬 𑄟𑄧𑄚𑄴𑄚 𑄃 𑄙𑄧𑄚𑄧 𑄘𑄨-𑄞𑄬𑄃𑄨-𑄞𑄮𑄚𑄴 𑄊𑄪𑄟𑄧𑄖𑄴𑄪𑄚𑄴 𑄃𑄪𑄘𑄨 𑄛𑄮𑄢𑄧 𑄛𑄢𑄧𑄖𑄴 𑄝𑄬𑄢𑄘𑄧𑄚𑄴।,বোইন পথ আমি আর বোইনটা ঘুম থেকে উঠে পেছি
𑄖𑄢𑄳𑄦𑄢𑄬 𑄘𑄬𑄚𑄬𑄃𑄨 𑄖𑄢𑄳𑄦 𑄃𑄘𑄟𑄧𑄢𑄴 𑄥𑄚𑄴𑄖𑄧 𑄖𑄬𑄠𑄧 𑄛𑄮𑄢𑄮 𑄛𑄢𑄧𑄖𑄴 𑄃𑄬𑄚𑄬𑄃𑄨 𑄖𑄢𑄳𑄦 𑄥𑄧𑄟𑄢𑄬 𑄟𑄨𑄎𑄬𑄣𑄧𑄉𑄨।,তাদেরকে দিে তারা গ্রামের সমে এসেছে
𑄟𑄧𑄚𑄴𑄚 𑄃 𑄥𑄚𑄴𑄖𑄧 𑄃𑄬𑄇𑄴 𑄇𑄬𑄣𑄎𑄧𑄖𑄴 𑄳𑄝𑄳𑄢𑄨𑄖𑄨𑄠𑄧 𑄥𑄳𑄢𑄬𑄕𑄨𑄖𑄴 𑄛𑄧𑄢𑄧𑄚𑄴।,আমার স্বামী এক কেজি চাল দিে স্কেটিং করতেছে
𑄙𑄧𑄚𑄧 𑄃𑄬𑄇𑄴𑄇𑄱 𑄝𑄮𑄣𑄴 𑄦𑄘𑄧𑄖𑄴 𑄉𑄧𑄢𑄨 𑄃𑄚𑄳𑄠𑄬।,ধন এক মুঠো করে হাতে নিে আসে
𑄙𑄧𑄚𑄧𑄣𑄧𑄃𑄨 𑄛𑄮𑄢𑄮 𑄛𑄢𑄧𑄖𑄴 𑄝𑄮𑄣𑄴𑄣𑄮𑄣𑄧𑄃𑄨 𑄘𑄨-𑄎𑄨𑄚𑄬 𑄈𑄢 𑄦𑄧𑄘𑄧𑄚𑄴।,ধনলতার পাে বল খেলা হ
𑄈𑄢 𑄦𑄧𑄘𑄬 𑄦𑄧𑄘𑄬 𑄝𑄧𑄣𑄴𑄣𑄱 𑄛𑄮𑄢𑄮𑄖𑄴 𑄛𑄧𑄢𑄨 𑄉𑄬𑄣𑄧𑄉𑄮𑄃𑄨।,খেলা করতে করতে বলে পে গেল
𑄝𑄮𑄣𑄴𑄣𑄱 𑄘𑄬𑄉𑄧𑄘𑄬 𑄘𑄬𑄉𑄧𑄘𑄬 𑄝𑄧𑄠𑄬𑄢𑄬 𑄘𑄪𑄢𑄮𑄖𑄴 𑄚𑄬𑄡𑄢𑄴।,বইটা দেখতে দেখতে অনেক দূরে নিে যা
𑄙𑄧𑄚𑄧 𑄛𑄇𑄴𑄇𑄣𑄇𑄴 𑄉𑄧𑄢𑄨 𑄘𑄨𑄣𑄧 𑄛𑄚𑄨𑄖𑄴 𑄏𑄟𑄴।,ধন পাকা করে পানিতে ঝাপ দিলাম
𑄙𑄧𑄚𑄧 𑄥𑄎𑄪𑄢𑄨 𑄚𑄧-𑄎𑄚𑄬 𑄛𑄚𑄨𑄖𑄴 𑄔𑄪𑄝𑄬𑄢𑄴𑄣𑄧𑄃𑄨।,ধন স্যাঁতসেঁতে না খেলে পানিতে পে
𑄟𑄧𑄚𑄴𑄚 𑄇𑄨𑄎𑄬𑄇𑄴 𑄇𑄨𑄎𑄬𑄇𑄴 𑄖 𑄝𑄝𑄧𑄢𑄬 𑄓𑄉𑄬𑄢𑄴।,মলাটা বেশি বেশি তার বাপকে দািে দে
𑄥𑄬𑄘𑄨𑄚𑄳𑄠 𑄃𑄨𑄇𑄴𑄇𑄪𑄣𑄧𑄖𑄴 𑄝𑄨𑄉𑄳𑄠𑄚𑄴 𑄥𑄢𑄬 𑄛𑄚𑄨𑄣𑄧𑄃𑄨 𑄛𑄧𑄢𑄢𑄴।,সেইদিন দুপুরে বিালটা পানিতে পতেছে
"𑄛𑄧𑄢𑄉𑄚𑄴 𑄦𑄧𑄣𑄧𑄘𑄬 𑄛𑄚𑄨 𑄎𑄨𑄝𑄧𑄚𑄴, 𑄛𑄚𑄨 𑄟𑄧𑄢𑄧𑄚𑄴।",".পজ্জোন হলো পানির জীবন,পানির মরণ"
"𑄥𑄢𑄬 𑄇𑄧𑄖𑄬𑄴 𑄛𑄚𑄨 𑄈𑄬𑄃𑄨𑄚𑄬 𑄃𑄟𑄨, 𑄛𑄚𑄨 𑄖𑄨𑄢𑄮𑄌𑄴 𑄟𑄢𑄨, 𑄛𑄚𑄨𑄣𑄧𑄃𑄨 𑄢𑄚-𑄝𑄢 𑄉𑄧𑄢𑄨, 𑄛𑄚𑄨𑄖𑄴 𑄉𑄘𑄨, 𑄛𑄚𑄨𑄖𑄴 𑄇𑄝𑄧𑄢𑄴 𑄙𑄮𑄠𑄴।",".সারের মতো পানি খেে আমরা,পানিতে গোসল করি, পানিতে গাে গোসল করি"
𑄟𑄚𑄪𑄥𑄴 𑄛𑄚𑄨 𑄚𑄧-𑄗𑄬𑄣𑄬 𑄈𑄇𑄴𑄧𑄚𑄴 𑄚𑄧-𑄝𑄎𑄧𑄚𑄴।,মানুষ পানি না থাকলে কিছুক্ষণ পর পর বন্যা হ
𑄥𑄚𑄴𑄖𑄧 𑄟𑄧𑄚𑄬 𑄟𑄧𑄚𑄬 𑄞𑄝𑄬𑄖𑄬𑄴 𑄛𑄚𑄨 𑄟𑄧𑄢𑄧𑄚𑄴 𑄦𑄧𑄝𑄧।,.সান্ত মনে মনে পানি মরে যাবে
𑄛𑄚𑄨 𑄚𑄧𑄣𑄬 𑄟𑄚𑄴𑄎𑄳𑄠𑄧𑄢𑄴 𑄈𑄇𑄴𑄧𑄚𑄴 𑄚𑄧 𑄌𑄧𑄣𑄬।,.পানির নলে মাা একটুও চলে না
𑄛𑄚𑄨𑄠𑄬 𑄟𑄚𑄴𑄎𑄳𑄠𑄧𑄢𑄴 𑄎𑄨𑄝𑄧𑄚𑄴 𑄝𑄎𑄠𑄴 𑄞𑄨𑄣𑄨 𑄛𑄚𑄨 𑄎𑄨𑄝𑄧𑄚𑄴।,পানিতে ডুবে যাওার শব্দ
"𑄃𑄢𑄬𑄇𑄴 𑄇𑄧𑄙𑄖𑄴 𑄥𑄢𑄬 𑄇𑄧𑄖𑄬𑄴, 𑄛𑄚𑄨𑄠𑄬 𑄡𑄬𑄚𑄴 𑄟𑄚𑄪𑄎𑄧𑄢𑄬 𑄝𑄎𑄚𑄴 𑄥𑄬𑄚𑄴 𑄛𑄚𑄨 𑄟𑄚𑄴𑄎𑄳𑄠𑄧𑄢𑄬 𑄟𑄢𑄨 𑄜𑄬𑄣𑄠𑄴।","আরেক কথা বলে,পানি দিে মানুষটাকে মেরে ফেলবে"
𑄥𑄎𑄪𑄢𑄨 𑄚𑄧-𑄎𑄚𑄨𑄣𑄬 𑄛𑄚𑄨𑄖𑄴 𑄏𑄟𑄴 𑄘𑄨𑄣𑄬 𑄛𑄚𑄨𑄖𑄴 𑄓𑄪𑄝𑄨 𑄟𑄚𑄪𑄥𑄴 𑄟𑄧𑄢𑄧𑄚𑄴।,একা একা পানিতে ঝাপ দিলে মানুষ মারা যা
"𑄉𑄧𑄢𑄧𑄟𑄴 𑄛𑄚𑄨 𑄇𑄬𑄠𑄬𑄖𑄴 𑄛𑄧𑄣𑄬 𑄇𑄬𑄠𑄬 𑄦𑄬𑄢𑄬𑄃𑄨 𑄡𑄠𑄴, 𑄜𑄧𑄏 𑄃𑄪𑄘𑄬।","গরম পানি পে শরীর ফেটে যা, ফোঁা উঠে"
𑄃 𑄇𑄎𑄧𑄢𑄴 𑄛𑄚𑄨 𑄈𑄬𑄣𑄬 𑄚𑄚𑄋𑄴 𑄃𑄧𑄥𑄪𑄈𑄳𑄠 𑄎𑄨𑄝𑄚𑄪 𑄛𑄬𑄘𑄧𑄖𑄴 𑄡𑄬𑄃𑄨 𑄇𑄬𑄠𑄬𑄖𑄴 𑄚𑄚𑄋𑄴 𑄃𑄧𑄥𑄪𑄈𑄴 𑄉𑄧𑄢𑄨 𑄘𑄬𑄠𑄴।,.এই মলার পানি খেলে শরীরে অনেক অসুখ করে।
"𑄥𑄬𑄚𑄧𑄖𑄳𑄠𑄬 𑄇𑄧𑄠𑄴𑄘𑄬 𑄛𑄚𑄨 𑄟𑄧𑄢𑄧𑄚𑄴, 𑄥𑄚𑄴𑄖𑄧 𑄛𑄧𑄢𑄉𑄚𑄴 𑄘𑄮𑄣𑄬𑄃𑄨 𑄝𑄪𑄏𑄨𑄣𑄧।",".সে কেকটা পানির মরণ, সান্ত পোকাটা ভালো করে বুঝালো"
𑄎𑄨𑄝𑄧𑄚𑄴-𑄟𑄧𑄢𑄧𑄚𑄴 𑄃𑄬𑄃𑄨 𑄘𑄨𑄠𑄬𑄚𑄧𑄢𑄴 𑄛𑄚𑄨𑄢𑄴 𑄣𑄢𑄴𑄎𑄢𑄴 𑄝𑄪𑄏𑄨 𑄛𑄢𑄨𑄣𑄧।,জীবন-মরন এই দুই জনের পানির লার্ভা বুঝেছিল
𑄝𑄱𑄠 𑄝𑄬𑄋𑄴 𑄃 𑄛𑄪𑄘𑄨 𑄟𑄌𑄴,বইের বো এক প্রজাতির মাছ
𑄟𑄪𑄢𑄧 𑄌𑄬𑄢𑄬 𑄃𑄬𑄇𑄴𑄇𑄚𑄴 𑄌𑄨𑄉𑄮𑄚𑄴 𑄍𑄧𑄢 𑄃𑄬𑄣𑄧 ।,আমার মুখে একটি ছোট ছাা আসলো
𑄈𑄧𑄢𑄚𑄳𑄠 𑄉𑄧𑄢𑄧𑄟𑄧𑄖𑄴 𑄍𑄧𑄢𑄚𑄴 𑄥𑄪𑄉𑄬 𑄡𑄬𑄃𑄨𑄠𑄬 ।,খরার গরমে ছাটা সেরে গেছে
𑄝𑄱𑄃𑄝𑄬𑄋𑄴𑄃𑄪 𑄃 𑄛𑄪𑄘𑄨 𑄟𑄎𑄴𑄌𑄱 𑄛𑄚𑄨𑄖𑄴𑄖𑄬𑄃𑄨 𑄜𑄧𑄝𑄘𑄧𑄚𑄴 ।,বাই মাছটা পানিতে পছে
𑄘𑄨-𑄝𑄧𑄚𑄧𑄢𑄴 𑄌𑄱𑄉𑄬𑄘𑄨 𑄛𑄚𑄨 𑄝𑄬𑄃𑄨 𑄛𑄧𑄢𑄬𑄣𑄴𑄣𑄨 ।,দুই-বানর চোখের পানি বেে পরলো
𑄛𑄪𑄘𑄨 𑄟𑄌𑄴𑄌𑄱 𑄇𑄧𑄖𑄴𑄖𑄬 𑄟𑄧𑄢𑄨 𑄡𑄋𑄧𑄣𑄴𑄣𑄮𑄃𑄨 ।,.পুটি মাছটা মরে যাচ্ছে
𑄝𑄱𑄠 𑄝𑄬𑄋𑄴𑄋𑄮 𑄇𑄧𑄖𑄴𑄖𑄬-'𑄟𑄪𑄃𑄨𑄃𑄧 𑄟𑄧𑄢𑄨 𑄡𑄋𑄧𑄢𑄴' ।,বইের বো বলে-আমি মরে যাচ্ছি
𑄃-𑄘𑄨𑄇𑄴𑄇𑄳𑄠 𑄉𑄧𑄢𑄨 𑄘𑄬𑄝𑄝𑄱 𑄟𑄬𑄃𑄪𑄣𑄮 𑄉𑄧𑄣𑄴𑄣𑄧 ।,.আকাশটা হঠাৎ করে মেঘলা করলো
𑄝𑄱𑄠 𑄝𑄬𑄋𑄴 𑄃 𑄛𑄪𑄘𑄨 𑄟𑄌𑄴𑄌𑄱 𑄈𑄪𑄎𑄨 𑄦𑄧𑄣𑄇𑄴 ।,বইের বোটা একটা মাছ ধরার জন্য খোঁজা হছে
𑄖𑄢 𑄈𑄪𑄎𑄨𑄠𑄬 𑄚𑄎𑄧𑄘𑄧𑄚𑄴 ।,তারা খুশি নাকি নাচ করছে
𑄘𑄨-𑄝𑄧𑄚𑄬 𑄚𑄎𑄧𑄘𑄬 𑄚𑄎𑄧𑄘𑄬 𑄛𑄚𑄨𑄖𑄴 𑄓𑄪𑄝𑄨𑄣𑄇𑄴𑄮𑄧𑄃𑄨 ।,দুই-বোন নাচতে নাচতে পানিতে ডুবে গেল
𑄝𑄚𑄴𑄘𑄧𑄢𑄴𑄝𑄱 𑄝𑄬𑄢𑄣𑄴𑄣𑄨,বানরটা ঘুরতেছে
𑄝𑄚𑄴𑄘𑄧𑄢𑄴𑄝𑄱 𑄦𑄬𑄖𑄴𑄖𑄱 𑄊𑄧𑄢𑄧𑄖𑄴 𑄝𑄬𑄢 𑄃𑄬𑄥𑄴𑄌𑄳𑄠 ।,বানরটা হাতির বািতে বোতে এসেছে
𑄘𑄬𑄉 𑄦𑄮𑄃𑄨 𑄖𑄢 𑄈𑄪𑄎𑄨𑄠𑄬 𑄃𑄎𑄃𑄎𑄨 𑄉𑄧𑄖𑄴𑄖𑄧𑄚𑄴 ।,দািে দািে তারা খুঁজতেছে
𑄖𑄢 𑄃𑄘𑄟𑄚𑄴 𑄊𑄪𑄢𑄨 𑄌𑄘𑄧𑄚𑄴 ।,তাদের গ্রাম ঘুরে চাঁদ
𑄝𑄬𑄇𑄴 𑄊𑄧𑄢𑄚𑄨𑄖𑄴 𑄛𑄨𑄢𑄬𑄣𑄴𑄣𑄳𑄠 𑄘𑄬𑄉𑄨𑄣𑄇𑄴 ।,সব বািে অসুস্থ হেছে
𑄝𑄚𑄴𑄘𑄧𑄢𑄴𑄝𑄱 𑄇𑄧𑄣𑄧-𑄖𑄢 𑄘𑄢𑄪 𑄚𑄧 𑄈𑄚𑄴 ।,বানরটা কথা বলে-তারা ঔষুধ খা না
"𑄦𑄬𑄖𑄴𑄖𑄱 𑄇𑄧𑄣𑄧-𑄃𑄪𑄉𑄪𑄚𑄬 𑄘𑄢𑄪𑄠𑄮 𑄈𑄚𑄴, 𑄉𑄧𑄟𑄮 𑄗𑄚𑄴 ।","হেত্তো কোকিলগুলো ঔষুধও খা, ভালো করে থাকে"
𑄇𑄧𑄠𑄬𑄇𑄘𑄨𑄚𑄴 𑄝𑄘𑄬 𑄃𑄢𑄧 𑄛𑄨𑄢𑄬 𑄛𑄧𑄢𑄧𑄚𑄴 ।,কদিন পর আবার অসুস্থ হ
𑄖𑄢 𑄛𑄮𑄢𑄴𑄝𑄱 𑄃𑄨𑄙𑄪 𑄉𑄬𑄣𑄇𑄴 ।,তাদের পাহািটা এখানে গেল
𑄖𑄢 𑄘𑄬𑄣𑄇𑄴𑄇𑄬 𑄖𑄨𑄚𑄴𑄚𑄱 𑄦𑄬𑄟𑄚𑄬 𑄛𑄚𑄨 𑄈𑄘𑄧𑄚𑄴 ।,তারা দুইজন মিলে পানি খা
𑄝𑄚𑄴𑄘𑄧𑄢𑄴𑄝𑄱 𑄇𑄧𑄣𑄧-𑄛𑄮𑄢𑄴𑄝𑄱 𑄛𑄚𑄨𑄠𑄚𑄴 𑄇𑄎𑄧𑄢𑄴 ।,বানরটা কল-পুলের পানিটা মুছতেছে
𑄃 𑄇𑄧𑄚𑄴 𑄇𑄧𑄚𑄴 𑄎𑄉𑄖𑄴𑄖𑄪𑄚𑄴 𑄛𑄚𑄨 𑄈𑄚𑄴 ?,.কোন কোন জাগা থেকে পানি খা?
𑄝𑄚𑄴𑄘𑄧𑄢𑄴𑄝𑄱 𑄇𑄧𑄣𑄧 ।,বানরটা কল
𑄝𑄚𑄴𑄘𑄧𑄢𑄴𑄝𑄱 𑄇𑄧𑄣𑄧-𑄃𑄬 𑄛𑄚𑄨𑄃𑄚𑄨 𑄉𑄧𑄢𑄧𑄟𑄴 𑄉𑄧𑄢𑄨 𑄈 𑄛𑄧𑄢𑄨𑄝𑄮 ।,বানরটা কলসে পানিগুলো গরম করে খেতে হবে
𑄷𑄹,"১. ৩. ৩. ১. ১. ১. (দা, ছুরি প্রভৃতি) শান দেওা"
𑄝𑄚𑄴𑄘𑄧𑄢𑄴𑄝𑄱 𑄃𑄢𑄧 𑄇𑄧𑄣𑄧-𑄝𑄬𑄉𑄧𑄖𑄴𑄖𑄪𑄚𑄴 𑄝𑄬𑄥𑄴 𑄉𑄧𑄟𑄴,বানরটা আর কল-বোতে বো ভালো
𑄛𑄚𑄨 𑄦𑄧𑄣𑄧 𑄛𑄠𑄬𑄝𑄧 𑄛𑄚𑄨 (𑄚𑄨𑄢𑄛𑄧𑄖𑄴)।,পানি হলো পান করার পানি
𑄷𑄺,১. ১. ১. এক জাতী বুনো ফল; ২. এক জাতী সবজি
𑄏𑄨𑄟𑄨𑄘𑄧𑄢𑄴 𑄉𑄧𑄟𑄴 𑄗𑄚,বিদ্যুৎ চমকানো
𑄢𑄧𑄎𑄬𑄠𑄬 : 𑄃𑄪𑄇𑄳𑄢𑄌𑄨𑄋𑄴 𑄟𑄢𑄴𑄟,"রগচটা, রগচটা"
𑄃𑄬𑄇𑄴𑄇𑄮 𑄟𑄮𑄚𑄧𑄖𑄴 𑄎𑄪𑄟𑄴 𑄝𑄧𑄣 𑄗𑄬𑄘𑄇𑄴 ।,এক পাে জুম বলা আছে
"𑄗 𑄎𑄪𑄟𑄧𑄖𑄴 𑄟𑄟𑄴𑄟𑄢, 𑄌𑄨𑄚𑄴𑄘𑄨𑄢𑄬, 𑄟𑄮𑄇𑄴𑄇𑄳𑄠 𑄎𑄧𑄘𑄧𑄝𑄧𑄘𑄬 𑄃𑄬𑄣𑄇𑄴 ।","তা জুমের মাা, চিটিংবাজ, মেেটা অনেক বে আসলো"
𑄉𑄪𑄣𑄧𑄃𑄪𑄚𑄴 𑄘𑄬𑄉𑄨𑄌𑄚𑄃𑄨 𑄝𑄚𑄴𑄘𑄧𑄢𑄪𑄚𑄧𑄢𑄴 𑄈𑄪𑄝𑄴 𑄣𑄮𑄝𑄴 𑄃𑄧𑄣𑄧 ।,গুলতিগুলো দেখতে সুন্দর
𑄟𑄮𑄇𑄴𑄇𑄬 𑄥𑄪𑄉𑄪𑄢𑄨 𑄉𑄪𑄣𑄧𑄃𑄪𑄚 𑄌𑄘𑄉𑄨𑄌𑄚𑄃𑄨 𑄖𑄢𑄢𑄴 𑄈𑄬𑄝𑄢𑄴 𑄙𑄢𑄌𑄴 𑄦𑄧𑄣𑄧 ।,.মেে শুকরগুলো চামা দিে তাদের খাওার শখ হলো
𑄝𑄚𑄴𑄘𑄧𑄢𑄪𑄚𑄬 𑄥𑄧𑄣𑄴𑄣 𑄉𑄧𑄣𑄴𑄣𑄇𑄴 ।,বানরগুলো সলাপরামর্শ করে
"𑄞𑄚𑄴𑄘𑄧𑄢𑄪𑄚𑄬 𑄟𑄟𑄴𑄟𑄢, 𑄌𑄨𑄚𑄴𑄘𑄨𑄢𑄬 𑄌𑄪𑄢𑄴 𑄉𑄧𑄢𑄨 𑄈𑄘𑄧𑄚𑄴 ।",ভান্ডটা মাা করে খা
𑄉𑄨𑄢𑄮𑄌𑄴𑄌𑄪𑄤𑄧 𑄎𑄪𑄟𑄧𑄖𑄴 𑄎𑄣𑄴 𑄛𑄘𑄨 𑄗𑄧𑄣𑄧 ।,গিরাটা জুমে জাল পলো
𑄖 𑄇𑄬𑄣𑄴𑄣𑄳𑄠 𑄎𑄪𑄟𑄧𑄖𑄴 𑄝𑄚𑄴𑄘𑄧𑄢𑄪𑄚𑄴 𑄃𑄬𑄥𑄴𑄥𑄧𑄚𑄴 ।,তার জুমের বানরগুলো আসতেছে
𑄢𑄧 𑄥𑄪𑄚𑄨 𑄉𑄨𑄢𑄮𑄌𑄴𑄌𑄪𑄤𑄧 𑄟𑄪𑄉𑄮𑄢𑄴 𑄙𑄧𑄢𑄨 𑄣𑄧𑄢 𑄙𑄧𑄣𑄴𑄣𑄧 ।,.র শুনে গিেটা বাচ্চাটাকে ধরে নিে গেল
𑄔𑄧𑄢𑄬 𑄝𑄧𑄢𑄬 𑄃𑄬𑄇𑄴𑄇𑄮 𑄝𑄚𑄴𑄘𑄧𑄢𑄴 𑄎𑄣𑄧𑄖𑄴 𑄝𑄎𑄨𑄣𑄧 ।,.ঢেে বরই একটা বানর জালিে বসলো।
𑄥𑄨𑄠𑄬𑄣𑄴𑄣𑄬 𑄃𑄬𑄇𑄴𑄘𑄨𑄚𑄳𑄠 𑄝𑄎𑄨 𑄝𑄎𑄢𑄴 ।,.সে একদিন কুস্তি প্রতিযোগিতা করে।
𑄖 𑄝𑄎𑄨 𑄢𑄧 𑄥𑄪𑄚𑄨 𑄃𑄪𑄚𑄴𑄘𑄪𑄢𑄪𑄚𑄴 𑄇𑄠𑄴 𑄃𑄬𑄣𑄇𑄴 ।,তার বাজির শুনা ইঁদুরগুলো কেে আসলো
𑄥𑄨𑄠𑄬𑄣𑄴𑄣𑄬𑄢𑄴 𑄝𑄎𑄨 𑄢𑄧𑄝𑄱 𑄃𑄢𑄧 𑄟𑄨𑄘𑄬 𑄃𑄧𑄣𑄧 ।,.সে শুধু বেঁচে থাকবে এবং মেরে যাবে।
𑄇𑄪𑄉𑄪𑄢𑄴𑄝𑄱 𑄃 𑄝𑄨𑄣𑄬𑄃𑄨𑄝𑄱 𑄥𑄨𑄠𑄬𑄣𑄴𑄣𑄬 𑄇𑄠𑄴 𑄃𑄬𑄣𑄇𑄴 ।,কুকুরটা তাাতাি খেে আসলো
𑄥𑄨𑄠𑄬𑄣𑄴𑄣𑄬 𑄖𑄢𑄢𑄬 𑄘𑄬𑄉𑄨𑄚𑄬𑄃𑄨 𑄎𑄧𑄘𑄧𑄝𑄧𑄘𑄬 𑄈𑄪𑄎𑄨 𑄃𑄧𑄣𑄧 ।,.সে তাদেরকে দেখে অনেক খুশি
𑄃𑄪𑄚𑄴𑄘𑄪𑄢𑄪𑄚𑄬 𑄇𑄪𑄉𑄪𑄢𑄴𑄝𑄱 𑄃 𑄝𑄨𑄣𑄬𑄃𑄨𑄝𑄱𑄢𑄬 𑄊𑄨𑄢𑄨 𑄙𑄧𑄢𑄴𑄣𑄇𑄴 ।,ইঁদুরগুলো এই বাচ্চাটাকে ঘিলিে ধরলো
𑄖𑄢𑄢𑄬 𑄘𑄬𑄉𑄨𑄚𑄬𑄃𑄨 𑄇𑄪𑄉𑄪𑄢𑄴𑄝𑄱 𑄃 𑄝𑄨𑄣𑄬𑄃𑄨𑄝𑄱 𑄓𑄢𑄬𑄣𑄇𑄴 ।,তাদের দেখে কুকুরটি ঘেউ ঘেউ করতেছে।
𑄓𑄧𑄢𑄬 𑄇𑄪𑄉𑄪𑄢𑄴𑄝𑄮 𑄃 𑄝𑄨𑄣𑄬𑄭𑄝𑄮 𑄙𑄬𑄃𑄨 𑄉𑄬𑄣𑄇𑄴 ।,ভীতু কুকুরটি তাাতাি চলে গেল
𑄃𑄪𑄚𑄴𑄘𑄪𑄢𑄪𑄚𑄬 𑄟𑄧𑄚𑄧 𑄥𑄪𑄉𑄬 𑄥𑄨𑄠𑄬𑄣𑄴𑄣𑄬𑄢𑄴 𑄝𑄎𑄨 𑄢𑄧 𑄥𑄚𑄴𑄉𑄧𑄚𑄴 ।,ইঁদুরগুলো মন ভালো করে সেটার জন্য অপেক্ষা করতেছে
𑄟𑄬𑄣 𑄊𑄧𑄢𑄴,মেলা বাি
𑄟𑄪𑄃𑄨 𑄃𑄧𑄋𑄴𑄇𑄪𑄢𑄴 𑄃𑄨𑄥𑄴𑄇𑄪𑄣𑄧𑄖𑄴 𑄛𑄧𑄢𑄧𑄋𑄴 ।,পাহাের ঝর্ণা পতেছি
𑄝𑄬𑄝𑄬𑄢𑄴 𑄟𑄬𑄣 𑄦𑄧𑄢𑄴 ।,বোর মেলা হ
𑄟𑄬𑄣𑄖𑄴 𑄟𑄃 𑄞𑄬𑄃𑄨𑄝𑄱 𑄌𑄨𑄉𑄧𑄚𑄴𑄌𑄚𑄬 𑄃𑄬𑄥𑄴𑄌𑄳𑄠 ।,.মেলা মা বোইটা ছোট হে এসেছে
𑄖𑄬 𑄟𑄧𑄢𑄴 𑄟𑄧𑄢𑄴 𑄟𑄮𑄣𑄴𑄣𑄳𑄠 ।,সে আমার মা
𑄝𑄝𑄢𑄴 𑄓𑄋𑄧𑄢𑄴 𑄞𑄬𑄃𑄨𑄝𑄱 𑄛𑄪𑄚𑄴𑄚𑄧 𑄟𑄧𑄢𑄴 𑄎𑄬𑄖𑄴𑄖 ।,বাপের ব ভাইটা আমার জন্য অপেক্ষা করতেছে
𑄎𑄨𑄘𑄪𑄣𑄮𑄃𑄨 𑄎𑄬𑄘𑄬𑄃𑄨 ।,যেখানে সেখানে
𑄃𑄎𑄪𑄣𑄮𑄃𑄨 𑄚𑄚𑄪 𑄃𑄬𑄥𑄴𑄌𑄱𑄚𑄴 ।,.আলু দিে নানু এসেছে
𑄝𑄬𑄝𑄬𑄣𑄮𑄃𑄨 𑄝𑄮𑄚𑄮𑄃𑄨 𑄃𑄬𑄥𑄴𑄌𑄱𑄚𑄴 ।,বোই বোনে এসেছে
𑄟𑄬𑄣𑄖𑄴 𑄃𑄟 𑄇𑄪𑄘𑄪𑄟𑄴𑄟𑄱𑄉𑄪𑄚𑄴 𑄃𑄬𑄥𑄴𑄌𑄱𑄚𑄴 ।,মেলা আমাদের কুমাটা আগুন দিচ্ছে
𑄝𑄬𑄝𑄬𑄃𑄨 𑄟𑄨𑄖𑄢𑄴 𑄟𑄬𑄣𑄖𑄴 𑄃𑄧𑄟𑄧𑄇𑄧𑄘𑄧 𑄢𑄧𑄋𑄴𑄘𑄧𑄋𑄴 𑄉𑄧𑄣𑄴𑄣𑄧𑄋𑄴 ।,বোই মেেে অনেক রং করলো
𑄢𑄧𑄎𑄬𑄠𑄬 : 𑄉𑄮𑄛𑄨𑄚𑄗𑄴 𑄖𑄳𑄢𑄨𑄛𑄪𑄢,"রগচটা, রগচটা"
𑄝𑄨𑄎𑄪 𑄃𑄬𑄥𑄴𑄌𑄳𑄠𑄬 𑄖𑄚𑄳𑄠𑄝𑄨 𑄃 𑄢𑄚𑄳𑄠𑄝𑄨 𑄈𑄪𑄝𑄴 𑄈𑄪𑄎𑄨 ।,বিালের তাাতাি এই রানাটা খুব পছন্দ
𑄗𑄢 𑄝𑄨𑄎𑄪 𑄘𑄨𑄚𑄧𑄖𑄴 𑄜𑄪𑄣𑄴 𑄖𑄪𑄣𑄧𑄘𑄧𑄚𑄴 ।,তাাতাি ফুল তুলতেছে
𑄗𑄢 𑄝𑄨𑄎𑄪𑄢𑄴 𑄜𑄪𑄣𑄴𑄣𑄮𑄃𑄨 𑄊𑄧𑄢𑄴 𑄥𑄎𑄬𑄠𑄭𑄚𑄴 ।,থারা বিজুে বািটা সুন্দর হেছে
𑄗𑄢 𑄝𑄬𑄚𑄳𑄠 𑄛𑄧𑄖𑄳𑄠𑄬 𑄉𑄘𑄨𑄚𑄳𑄠𑄃𑄨𑄚𑄱 𑄥𑄪𑄣𑄪𑄟𑄴 𑄃𑄪𑄢𑄨𑄣𑄇𑄴 ।,তাা বো পথে গািে পে গেল
𑄚𑄱 𑄥𑄪𑄣𑄪𑄟𑄴 𑄃𑄪𑄢𑄨 𑄟-𑄝𑄝𑄧 𑄣𑄧𑄉𑄬 𑄇𑄨𑄠𑄧𑄋𑄧𑄖𑄴 𑄡𑄨𑄠𑄧𑄚𑄴 ।,না জামা পে মা-বাবার সাথে কিে যা
𑄘𑄨-𑄝𑄮𑄚𑄬 𑄥𑄧𑄟𑄎𑄳𑄠𑄃𑄪𑄚𑄴 𑄣𑄮𑄃𑄨 𑄝𑄪𑄎𑄨𑄢𑄴 𑄛𑄎𑄧𑄚𑄴 𑄈𑄘𑄧𑄚𑄴 ।,দুইজনে মিলে রসালো জুস খা
𑄖𑄚𑄳𑄠𑄝𑄨𑄢𑄴 𑄈𑄬𑄝𑄢𑄴 𑄃𑄉𑄬𑄘𑄨 𑄛𑄬𑄣𑄬𑄖𑄧𑄖𑄮 𑄃𑄪𑄉𑄪𑄢𑄬 𑄝𑄨𑄣𑄬𑄃𑄨𑄝𑄱 𑄜𑄣𑄴𑄘𑄨𑄣𑄧 ।,.তানাার সম খাবার সম পেলে উপরে উঠে গেল।
𑄖𑄚𑄳𑄠𑄝𑄨𑄢𑄴 𑄛𑄬𑄣𑄬𑄖𑄴𑄖𑄮 𑄟𑄘𑄨𑄖𑄴 𑄛𑄧𑄣𑄴𑄣𑄧 ।,.তার বিচি মাটিতে পলো
"𑄝𑄨𑄣𑄬𑄃𑄨𑄝𑄱𑄢𑄬 𑄟𑄢𑄨𑄝𑄖𑄳𑄠𑄬𑄃𑄨 𑄣𑄧𑄢𑄘𑄧𑄚𑄴, 𑄝𑄨𑄣𑄬𑄃𑄨𑄝𑄱 𑄙𑄬𑄃𑄨 𑄡𑄢𑄴𑄣𑄮𑄃𑄨 ।","বিলাইটাকে মারিে নিে যাচ্ছে,বিালটা থেমে গেল"
𑄝𑄨𑄎𑄪,"বিঝু, বিঝু"
𑄢𑄧𑄎𑄬𑄠𑄬 :,"রগচটা, গোঁার, গোঁার"
𑄷 𑄚𑄧𑄟𑄴𑄝𑄧𑄢𑄴 𑄜𑄧𑄉𑄧𑄘𑄋𑄴 : 𑄸𑄶𑄶𑄿,১ নম্বর বিজ্ঞপ্তি: ২০০৯
𑄸 𑄚𑄧𑄟𑄴𑄝𑄧𑄢𑄴 𑄜𑄧𑄉𑄧𑄘𑄋𑄴 : 𑄸𑄶𑄷𑄺,.দুই নম্বর বিজ্ঞপ্তি:২০১৪
𑄇𑄳𑄦𑄨 𑄘𑄮𑄣𑄴 𑄟𑄧 𑄃𑄬 𑄘𑄬𑄌𑄴𑄌𑄚𑄴,কি সুন্দর আমার এই চেহারা
𑄇𑄨𑄌𑄴𑄪 𑄚𑄬𑄭 𑄃𑄪𑄚𑄧,কিছু নেই এরকম
𑄃𑄊𑄧𑄚𑄴 𑄃𑄨𑄠𑄮𑄖𑄴 𑄟𑄪𑄢𑄳𑄦𑄧 𑄟𑄪𑄢𑄳𑄦𑄨 𑄃𑄧𑄎𑄧𑄣𑄴 𑄃𑄧𑄎𑄧𑄣𑄴 𑄟𑄮𑄚𑄴,এখানে পাহাে পাহাে শক্ত শক্ত পা
"𑄃𑄊𑄬 𑄃𑄨𑄠𑄮𑄖𑄴 𑄍𑄧𑄢 𑄍𑄧𑄢𑄨, 𑄇𑄧𑄣𑄧𑄇𑄴, 𑄝𑄨𑄣𑄴, 𑄞𑄪𑄭","এখানে ছা ছি, কলক, বিল, ভুই"
"𑄉𑄌𑄴, 𑄝𑄌𑄴, 𑄣𑄪𑄘𑄨-𑄏𑄪𑄛𑄴, 𑄜𑄪𑄣𑄴, 𑄳𑄟𑄪𑄣𑄧-𑄳𑄟𑄪𑄣𑄨","গাছ, বাঁশ,ফুল,ফুল,মূলমুলি"
"𑄟𑄌𑄴, 𑄇𑄋𑄢𑄳𑄦, 𑄃𑄨𑄎𑄬, 𑄥𑄟𑄪𑄇𑄴 𑄃𑄢𑄧 𑄇𑄧𑄙𑄧𑄇𑄴 𑄇𑄨","মাছ, কাঁকার,ইস, শামুক আর কত কি"
"𑄃𑄊𑄧𑄚𑄴 𑄃𑄢𑄧 𑄛𑄬𑄇𑄴-𑄦𑄬𑄟𑄚𑄴, 𑄚𑄚𑄋𑄴 𑄛𑄪𑄇𑄴-𑄎𑄪𑄇𑄴",". আছে এবং পেক-মেে,অনেকগুলো পোকা-মলা"
"𑄃𑄊𑄬 𑄉𑄩𑄖𑄴, 𑄥𑄧𑄞-𑄍𑄝",". আছে গীত,সভা-সভা"
𑄃𑄊𑄧𑄚𑄴 𑄚𑄚𑄋𑄴 𑄢𑄨𑄖𑄴,আাআি রোদ
"𑄃𑄊𑄬 𑄃𑄢𑄧 𑄢𑄬𑄖𑄴-𑄘𑄨𑄚𑄴, 𑄝𑄬𑄣𑄴, 𑄖𑄢, 𑄎𑄪𑄚𑄴",". আছে আর রাত-দিন, বিাল,তারা,জুন"
"𑄃𑄊𑄬 𑄝𑄧𑄠𑄬𑄢𑄴 𑄃𑄊𑄬 𑄟𑄬𑄊𑄴, 𑄢𑄋, 𑄇𑄣, 𑄙𑄪𑄛𑄴",".আকাশে অনেক মেঘ, লাল, কালো, সাদা"
"𑄃𑄊𑄬 𑄏𑄧𑄢𑄴, 𑄃𑄊𑄬 𑄢𑄮𑄖𑄴",". আছে বৃষ্টি, আছে রোদ"
𑄖𑄪𑄎𑄨𑄟𑄴 𑄛𑄪𑄢𑄧 𑄝𑄬𑄇𑄴-,এক জাতী ফল যা সবজি হিসেবে ব্যবহৃত হ
𑄡𑄨𑄠𑄬𑄚𑄴 𑄌𑄳𑄦𑄭 𑄥𑄨𑄠𑄬𑄚𑄴 𑄛𑄭,.যেটা দেখতে পাই সেটা পাই
𑄡𑄨𑄠𑄬𑄚𑄴 𑄌𑄳𑄦𑄭 𑄥𑄨𑄠𑄬𑄚𑄴 𑄘𑄮𑄣𑄴,.যেটা দেখতে সুন্দর
𑄡𑄨𑄚𑄴𑄨 𑄌𑄳𑄦𑄭 𑄥𑄨𑄚𑄴𑄨 𑄎𑄪𑄢𑄬 𑄡𑄠𑄴 𑄌𑄮𑄇𑄴,.যেগুলো দেখে সেগুলো ঠিক হ
𑄞𑄧𑄢𑄨 𑄡𑄠𑄴 𑄟𑄧𑄚𑄴,মন ভরে যাওা
𑄚𑄨𑄢𑄴𑄝𑄚𑄴 𑄥𑄪𑄉𑄴 𑄞𑄬𑄘 𑄟𑄢𑄬 𑄉𑄢𑄳𑄦𑄬 𑄉𑄭,.নিবাচন শাকের ছিদ্র দিে মারে গাে
𑄃𑄬 𑄟𑄧𑄚𑄧 𑄟𑄪𑄢𑄮𑄖𑄴,এই মনের পাে
𑄃𑄈!,আা!
𑄇𑄳𑄦𑄨 𑄘𑄮𑄣𑄴 𑄟𑄧 𑄘𑄬𑄌𑄴𑄌𑄚𑄴 𑄇𑄳𑄦𑄨 𑄘𑄮𑄣𑄴।,কি সুন্দর আমার চেহারা
𑄟𑄮𑄚𑄪𑄚𑄴 𑄃𑄊𑄧𑄚𑄴 𑄥𑄧𑄞 𑄉𑄧𑄢𑄳𑄦𑄨,পাহাে পাহাি করে
𑄦𑄬𑄣𑄴 𑄢𑄧𑄁 𑄍𑄨𑄘𑄬𑄭,সবুজ রঙের শার্ট
𑄥𑄪𑄢𑄴 𑄦𑄖𑄳𑄠𑄴 𑄦𑄙𑄬 𑄦𑄖𑄴 𑄙𑄧𑄢𑄨,সুর হাত দিে হাত ধরে
𑄘𑄉𑄧𑄘𑄧𑄚𑄴 𑄟𑄧𑄢𑄳𑄦𑄬 𑄥𑄨𑄖𑄴𑄗𑄪𑄚𑄴,ডাকতেছে আমাকে সেখান থেকে
𑄚𑄨𑄟𑄮𑄚𑄴 𑄟𑄧𑄚𑄬 𑄖𑄢𑄳𑄦,.নিঃশব্দ মনে তারা
𑄃𑄟𑄘𑄨 𑄞𑄎𑄧𑄘𑄨,আমাদি ভাজি
𑄡𑄬𑄚𑄴 𑄡𑄘𑄪 𑄉𑄧𑄢𑄳𑄦𑄨,.যেন জাদু করে
𑄟𑄧𑄡𑄨 𑄡𑄬𑄭 𑄥𑄨𑄠𑄮𑄖𑄴 𑄟𑄪𑄭,আমি যেখানে সেখানে থাকি
𑄇𑄧𑄙 𑄇𑄧𑄋𑄳𑄦𑄧𑄢𑄴 𑄇𑄧𑄙𑄧𑄇𑄴,কথা বলতে বলতে
𑄖𑄢𑄳𑄦𑄢𑄬 𑄢𑄨𑄚𑄨 𑄌𑄳𑄦𑄬𑄭,তাদেরকে দেখে মনে হ
𑄟𑄧𑄚𑄚𑄴 𑄦𑄎𑄬 𑄜𑄬𑄣𑄬𑄭,মনের ইচ্ছা পূরণ করে না এমন
𑄖𑄢𑄳𑄦 𑄟𑄧𑄚𑄧 𑄟𑄪𑄢𑄧𑄖𑄴,তাদের মনের মলা
𑄇𑄳𑄦𑄨 𑄥𑄪𑄈𑄴 𑄥𑄨𑄠𑄬𑄚𑄴 𑄇𑄳𑄦𑄨 𑄥𑄪𑄈𑄴।,.কি সুখ সেটা?
𑄡𑄬𑄇𑄴𑄈𑄬 𑄃𑄪𑄙𑄨𑄟𑄴 𑄃𑄢𑄧 𑄃𑄧𑄎𑄧𑄣𑄴 𑄟𑄮𑄚𑄧 𑄌𑄪𑄉𑄧𑄖𑄴,কখন উপরে উঠবে আর কখন পাহাে পাহাে শুে থাকবো
𑄢𑄨𑄚𑄨 𑄌𑄳𑄦𑄬𑄟𑄴 𑄖𑄧𑄣𑄬𑄘𑄨,.নিে চোর নিচে
𑄃𑄮 𑄝𑄪𑄇𑄴!,ও বুক
𑄇𑄳𑄦𑄨 𑄥𑄪𑄈𑄴!,কি সুখ
𑄇𑄳𑄦𑄨 𑄘𑄮𑄣𑄴!,কি সুন্দর!
𑄇𑄳𑄦𑄨 𑄥𑄧𑄞!,কি সভা
𑄇𑄳𑄦𑄨 𑄥𑄧𑄢𑄴𑄉𑄧 𑄥𑄨𑄠𑄬𑄚𑄴 𑄃𑄬𑄇𑄴 𑄃𑄢𑄧!,কি স্বর্গ সেটা এক
𑄎𑄪𑄢𑄮 𑄎𑄪𑄢𑄮 𑄦𑄞 𑄃𑄬𑄡𑄬𑄢𑄴,জুে জুে হাত আসছে
𑄝𑄬𑄣𑄧 𑄍𑄧𑄧𑄘𑄧𑄇𑄴 𑄛𑄧𑄢𑄬𑄢𑄴,সূর্য ডোবার সম
𑄦𑄬𑄣𑄴 𑄢𑄧𑄋𑄬 𑄥𑄎𑄨 𑄃𑄊𑄬 𑄘𑄬𑄝𑄝𑄮,সবুজ রঙে সেজেগুজে আছে আকাশটা
𑄟𑄮𑄚𑄧 𑄌𑄪𑄉𑄧𑄖𑄴 𑄃𑄊𑄧𑄁 𑄟𑄪𑄭 𑄉𑄏𑄧𑄖𑄴 𑄖𑄧𑄣𑄬 𑄝𑄳𑄆𑄮,পাহাের নিচে বসে আছি
𑄃𑄪𑄌𑄴𑄍𑄳𑄠𑄧𑄢𑄴 𑄙𑄪𑄟𑄪𑄣𑄴𑄪𑄇𑄴𑄧𑄳𑄆 𑄢𑄨𑄚𑄨 𑄌𑄳𑄦𑄋𑄧𑄢𑄴 𑄖𑄧𑄣𑄬𑄘𑄨,.উচ্ছের ধোঁার তলা দিে তাকা
𑄘𑄬𑄊𑄧𑄋𑄧𑄢𑄴 𑄇𑄳𑄦𑄨 𑄘𑄮𑄣𑄬 𑄝𑄨𑄎𑄬 𑄃𑄊𑄧𑄚𑄴 𑄝𑄬𑄇𑄴,দেখে মনে হ সব সুন্দর আছে
"𑄟𑄮𑄚𑄴-𑄟𑄪𑄢𑄳𑄦𑄧, 𑄉𑄌𑄴-𑄝𑄌𑄴","পাহা-মুর, গাছ-বাু"
𑄍𑄧𑄝𑄨 𑄗𑄬𑄭 𑄖𑄧𑄢𑄬 𑄟𑄧𑄢𑄬 𑄃𑄉𑄬𑄠𑄳𑄠 𑄍𑄧𑄝𑄨 𑄙𑄧𑄇𑄴,ছবি থেকে তোমাকে আমার মতো দেখতেছি
𑄡𑄬𑄚𑄴 𑄇𑄧𑄚𑄴 𑄡𑄘𑄪 𑄛𑄪𑄢𑄨𑄖𑄴,.যেন কোন ভূতে পুরিে
𑄗𑄬𑄠𑄳𑄠 𑄃 𑄥𑄧𑄞 𑄟𑄮𑄢𑄧𑄖𑄴,তাাতাি চলে যাওার সম
𑄞𑄎𑄧𑄋𑄧𑄢𑄴 𑄟𑄪𑄭 𑄥𑄬𑄇𑄴𑄈𑄬 𑄃𑄧𑄊𑄪𑄢𑄴 𑄚𑄨𑄢𑄴𑄝𑄚𑄧𑄖𑄴,নদীর মোহনা এখন অনেক ব নদী
𑄚𑄨 𑄟𑄧𑄚𑄧𑄢𑄴 𑄝𑄬𑄗𑄢𑄧𑄖𑄴,.নিঃশব্দ বাতাস
𑄃𑄨𑄚𑄴𑄘𑄳𑄢𑄧 𑄛𑄪𑄢𑄨 𑄘𑄧 𑄇𑄨𑄌𑄴𑄌𑄪 𑄚𑄧𑄠𑄴 𑄖𑄢𑄳𑄦𑄬 𑄌𑄳𑄦𑄬𑄣𑄬,ইন্দ্রপুরী তো তাকে কিছুই বলে না
𑄡𑄬𑄚𑄴 𑄃𑄊𑄧𑄁 𑄟𑄪𑄭 𑄎𑄬𑄘𑄝𑄘𑄬 𑄚𑄨𑄢𑄴𑄝𑄚𑄧𑄖𑄴-,যেভাবে আছি আমি সেভাবে থাকবো
𑄇𑄳𑄦𑄨 𑄘𑄮𑄣𑄬 𑄏𑄌𑄴 𑄘𑄬𑄢𑄴 𑄛𑄚𑄨𑄠𑄚𑄴,কি সুন্দর পরিষ্কার পানি
𑄃𑄪𑄌𑄴𑄍𑄳𑄠𑄧𑄠𑄴 𑄖𑄣𑄬 𑄖𑄣𑄬,উস্কুখুস্কুভাবে
𑄟𑄨𑄙𑄬 𑄙𑄬𑄉𑄬 𑄉𑄨𑄖𑄴 𑄉𑄬𑄭,মিষ্টি করে গিে গিে
𑄍𑄨𑄘𑄨 𑄘𑄳𑄆𑄨 𑄳𑄟𑄪𑄃𑄧 𑄚𑄧𑄁,ছিঁা দিে মুখ বন্ধ করো
𑄃𑄢𑄧 𑄦𑄨𑄚𑄧 𑄦𑄞𑄣𑄳𑄆𑄮,আর তাাতাি
𑄎𑄪𑄢𑄬 𑄘𑄬𑄢𑄴 𑄟𑄧𑄚𑄴-𑄛𑄧𑄢𑄚𑄴,.মনে হ মন পা
𑄎𑄪𑄢𑄬 𑄘𑄬𑄢𑄴 𑄌𑄮𑄇𑄴,জুে দো চোখ
𑄇𑄢𑄳𑄦𑄨 𑄚𑄬𑄡𑄢𑄴 𑄟𑄧𑄢𑄴 𑄃𑄢𑄧 𑄟𑄧𑄚𑄚𑄴,আমার প্রাণটা নিে যা
𑄇𑄳𑄦𑄨 𑄘𑄮𑄣𑄴 𑄇𑄳𑄦𑄨 𑄘𑄮𑄣𑄴,কি সুন্দর কি সুন্দর
𑄙𑄨𑄛𑄴𑄣𑄬𑄭 𑄃𑄪𑄙𑄬 𑄟𑄧𑄚𑄚𑄧𑄖𑄴 𑄥𑄪𑄉𑄧𑄢𑄴 𑄚𑄨𑄢𑄴𑄝𑄚𑄴।,ডিঙিতে করে উপরে ওঠা মনে সুখ
𑄣𑄋𑄬𑄣𑄴 𑄘𑄨𑄊𑄧𑄣𑄨 𑄡𑄬𑄇𑄴𑄈𑄬 𑄝𑄬𑄢𑄬𑄟𑄴,লাঠি দিে যেভাবে বো
𑄚𑄨𑄥𑄪𑄣𑄨 𑄉𑄏𑄧 𑄍𑄬𑄢𑄬 𑄍𑄬𑄢𑄬,.নিচু গাছের ফাঁক দিে লাফিে
𑄇𑄳𑄦𑄨 𑄝𑄪𑄇𑄴 𑄎𑄪𑄢𑄬𑄭 𑄃𑄊𑄧𑄚𑄴 𑄔𑄪𑄣𑄨 𑄔𑄪𑄣𑄨,কি বুক ভরে আছে ঢুলি ঢুলি
𑄢𑄋 𑄢𑄋 𑄗𑄪𑄛𑄴 𑄗𑄪𑄛𑄴,লাল রঙের ছোপ ছোপ
"𑄥𑄮𑄢𑄴𑄞𑄬𑄇𑄴 𑄳𑄟𑄪𑄣𑄧, 𑄎𑄧𑄊𑄧𑄚 𑄳𑄟𑄪𑄣𑄧, 𑄝𑄧𑄖𑄴𑄖 𑄳𑄟𑄪𑄣𑄧, 𑄇𑄮 𑄳𑄟𑄪𑄣𑄧,","সূর্য অস্ত যাওার সম, জনা মুলা,কোমা মুলা"
"𑄊𑄨𑄢𑄬 𑄃𑄟𑄴, 𑄃𑄬𑄟𑄬𑄣𑄬𑄇𑄴 𑄝𑄨𑄎𑄨, 𑄘𑄬𑄟𑄮𑄣𑄴 𑄳𑄟𑄪𑄣𑄧, 𑄈𑄢𑄪 𑄳𑄟𑄪𑄣𑄧,","ঘেরা আম,আমের বিচি,দেমোর মুলা,খাওা মুলা"
"𑄃𑄟𑄴𑄢 𑄳𑄟𑄪𑄣𑄧, 𑄳𑄟𑄪𑄢𑄳𑄆𑄧𑄖𑄴𑄳𑄠, 𑄦𑄮𑄖𑄴𑄳𑄠𑄣𑄴, 𑄉𑄧𑄢𑄬𑄁 𑄚𑄢𑄨𑄇𑄪𑄣𑄴","আমটি মূল,মুরইত,হোটাল,গরং নারিকুল"
𑄃𑄢𑄧 𑄇𑄧𑄙𑄧𑄇𑄴 𑄇𑄨-,আরও কত কি
"𑄣𑄪𑄘𑄨𑄖𑄴 𑄃𑄊𑄧𑄚𑄴 𑄚𑄧𑄣𑄟𑄴, 𑄢𑄧𑄟𑄬𑄌𑄴𑄇𑄮, 𑄌𑄧 𑄝𑄨𑄎𑄨, 𑄛𑄧𑄛𑄧𑄇𑄴 𑄳𑄟𑄪𑄣𑄧","লুকিে আছে নালাম,রিমকো,চবি,পপম মুলা"
"𑄃𑄢𑄧 𑄛𑄨𑄣𑄬 𑄳𑄟𑄪𑄣𑄧 𑄃𑄞𑄬𑄘𑄧𑄢𑄴,",আরেক পাতিলের আম
𑄎𑄮𑄇𑄴-𑄟𑄧𑄚𑄴 𑄎𑄪𑄢𑄬 𑄃𑄊𑄧𑄚𑄴 𑄇𑄬𑄘 𑄜𑄧𑄣𑄴,জো-মন ভালো আছে গাছের ফল
𑄢𑄋 𑄘𑄮𑄘𑄮𑄇𑄴𑄳𑄠 𑄉𑄧𑄢𑄳𑄦𑄨,লাল ডোরাকাটা করে
𑄊𑄨𑄣𑄬 𑄣𑄪𑄘𑄨𑄖𑄴 𑄃𑄊𑄧𑄚𑄴 𑄊𑄨𑄣𑄬𑄖𑄴 𑄖𑄇𑄴 𑄔𑄪𑄣𑄨 𑄔𑄪𑄣𑄨,ঘিলে ঝোলে আছে ঘিলে ঝোলে
𑄎𑄉𑄖𑄴 𑄣𑄬𑄖𑄴𑄧𑄳𑄠 𑄛𑄧𑄢𑄬,জাগা লালা পতেছে
𑄌𑄮𑄇𑄴 𑄟𑄧𑄚𑄴 𑄎𑄪𑄢𑄬 𑄡𑄠𑄴।,চোখ বন্ধ করে যাওা
𑄃𑄪𑄌𑄴𑄍𑄮𑄠𑄴 𑄇𑄪𑄙𑄪 𑄦𑄎𑄨 𑄡𑄁 𑄇𑄳𑄆𑄮 𑄚𑄧 𑄛𑄢𑄧𑄁 𑄚𑄨𑄎𑄬,উপরে উঠে কোথা গিে যা বলতে পারিনা
𑄘𑄨𑄇𑄴𑄇𑄝𑄪𑄣𑄧 𑄦𑄳𑄆𑄮 𑄇𑄨 𑄈𑄬𑄟𑄴,.একটু একটু করে কি খাবো
𑄇𑄪𑄇𑄪𑄴𑄚𑄴 𑄈𑄬𑄟𑄴,কুকুন খাওা
𑄞𑄎𑄧𑄁 𑄥𑄉𑄧𑄢𑄧𑄖𑄴।,পানিতে ডুবে যাওা
𑄇𑄨 𑄃𑄢𑄴 𑄛𑄬𑄖𑄴 𑄛𑄧𑄢,কি আবার ক্ষুধা লাগা
𑄇𑄨 𑄃𑄢𑄴 𑄛𑄧𑄢𑄳𑄦𑄌𑄴-𑄖𑄨𑄢𑄮𑄌𑄴,কি আরও পা-তিরা
𑄝𑄬𑄇𑄴 𑄡𑄠𑄳𑄆𑄮𑄮 𑄣𑄪𑄉𑄨-,সব জাগা গিেছে
𑄦𑄳𑄆𑄮 𑄃𑄪𑄙𑄬 𑄟𑄧𑄚𑄚𑄴 𑄃𑄢𑄧 𑄝𑄬𑄌𑄴 𑄖𑄬𑄛𑄴𑄖𑄬𑄛𑄳𑄠𑄴,হে উঠে মনটা আরও বেশি তেতো
𑄝𑄧𑄣𑄴 𑄛𑄬𑄠𑄴𑄳𑄠 𑄦𑄳𑄆𑄮 𑄃𑄪𑄙𑄬 𑄇𑄬𑄠𑄳𑄠𑄚𑄴,শক্তি ক্ষ হে উঠে কে
𑄦𑄖𑄴-𑄒𑄬𑄁 𑄦𑄧𑄠𑄴 𑄘𑄧𑄢𑄳𑄦𑄧 𑄟𑄧𑄢𑄳𑄦𑄧,আমার হাত-পা শক্ত হেছে
𑄇𑄧𑄎𑄧𑄟 𑄦𑄳𑄆𑄮 𑄃𑄪𑄙𑄬 𑄝𑄧𑄌𑄴,এক জাতী ব ব গাছ
𑄙𑄪𑄟𑄪𑄣𑄪𑄇𑄴 𑄇𑄢𑄳𑄦𑄨 𑄃𑄪𑄙𑄬 𑄛𑄧𑄢𑄚𑄚𑄧𑄖𑄴 𑄝𑄚 𑄃𑄪𑄌𑄴𑄍𑄧 𑄃𑄢𑄴 𑄃𑄪𑄌𑄴𑄍𑄧,. ধোঁার ধোঁা উঠতেছে শুধু উো আর উো
𑄇𑄳𑄦𑄨 𑄥𑄪𑄈𑄴 𑄃𑄨𑄠𑄬𑄚𑄴 𑄇𑄳𑄦𑄨 𑄥𑄪𑄈𑄴,কি সুখ এই জীবনে
𑄇𑄳𑄦𑄨 𑄥𑄧𑄢𑄴𑄉𑄧 𑄟𑄧 𑄃𑄬 𑄘𑄬𑄌𑄴𑄌𑄚𑄴,কি সুন্দর আমার এই চেহারা
𑄇𑄪𑄙𑄪 𑄃𑄊𑄬 𑄃𑄨𑄙𑄨𑄇𑄴𑄈𑄳𑄠𑄚𑄴?,কোথা আছে এইগুলো?
𑄊𑄧𑄢𑄧𑄖𑄴 𑄛𑄁 𑄃𑄢𑄧 𑄃𑄧𑄞𑄬𑄘𑄧𑄢𑄴,বািতে পা আর অব্য
"𑄃𑄟𑄴, 𑄇𑄖𑄴𑄗𑄮𑄣𑄴, 𑄣𑄨𑄎𑄪, 𑄎𑄟𑄴","আম, কাঁঠাল, লিচু, জাম"
"𑄇𑄧𑄢𑄧𑄋, 𑄇𑄧𑄟𑄧𑄣. 𑄛𑄕𑄳𑄠 𑄟𑄣, 𑄓𑄣𑄨𑄟,𑄴","কাঁকা, কমলা, পাের মালা, ডালিম"
"𑄇𑄧𑄚𑄴𑄘𑄣𑄴, 𑄥𑄧 𑄛𑄬𑄘, 𑄇𑄝𑄪𑄎𑄨, 𑄉𑄧𑄠𑄴𑄳𑄠𑄟𑄴,","কাঁঠাল, স পোা, কাবুজি, গাম"
"𑄚𑄢𑄨𑄇𑄪𑄣𑄴, 𑄥𑄪𑄝𑄧𑄢𑄨, 𑄇𑄧𑄉𑄮𑄠𑄳𑄠, 𑄃𑄚𑄌𑄴,","নািকুি,সুি,কলা,আনি"
"𑄥𑄇𑄴 𑄇𑄧𑄢𑄳𑄦, 𑄜𑄖𑄴𑄗𑄢𑄌𑄴, 𑄃𑄧𑄜𑄧𑄣𑄴, 𑄃𑄙 𑄳𑄟𑄪𑄣𑄧,",".সাক করা,ফাঁদ,অমল, আধা মূল"
"𑄝𑄧𑄢𑄳𑄆𑄧, 𑄇𑄧𑄣, 𑄈𑄎𑄪𑄢𑄴 𑄝𑄨𑄎𑄨, 𑄝𑄬𑄣𑄴 𑄳𑄟𑄪𑄣𑄧,","বরই,কলা,খাজ বিচি,বেল মুল"
𑄖𑄬𑄙𑄳𑄆𑄮 𑄥𑄧𑄟𑄧𑄖𑄴 𑄃𑄢𑄧 𑄚𑄚𑄋𑄴 𑄳𑄟𑄪𑄣𑄳𑄟𑄧𑄪𑄣𑄨,তেতুলের সম এবং নানা ধরনের মলা
𑄇𑄧𑄚𑄧 𑄢𑄖𑄴 𑄚𑄬𑄭 𑄉𑄧𑄢𑄳𑄦𑄨।,কোন রাত নেই এমন
𑄥𑄬𑄚𑄬 𑄛𑄧𑄢𑄚𑄧𑄢𑄴 𑄥𑄧𑄟𑄢𑄴 𑄟𑄧𑄢𑄴 𑄃𑄬 𑄣𑄪𑄘𑄨 𑄉𑄌𑄴𑄌𑄪𑄚𑄴,সে প্রাণের বন্ধু আমার এই লুকিে গাছটি
𑄗𑄢𑄳𑄦𑄭 𑄟𑄧𑄢𑄴 𑄙𑄧𑄚𑄴,তাাতাি আমার ধন
𑄖𑄢𑄳𑄦𑄭 𑄟𑄧𑄢𑄴 𑄃𑄨𑄃𑄮𑄖𑄴 𑄛𑄧𑄢𑄚𑄴,তারা আমার এখানে প্রাণ
𑄖𑄢𑄳𑄦𑄭 𑄟𑄧𑄢𑄴 𑄥𑄧𑄘𑄧𑄢𑄴।,.তারাই আমার আপন
𑄖𑄢𑄳𑄦𑄭 𑄘𑄬𑄘𑄧𑄚𑄴 𑄟𑄧𑄢𑄳𑄦𑄬 𑄈𑄬𑄝𑄢𑄴,তারা আমাকে খেে দিতেছে
𑄘𑄬𑄘𑄧𑄚𑄴 𑄃𑄢𑄧 𑄘𑄢𑄪,দো আর ওষুধ
𑄘𑄬𑄘𑄧𑄚𑄴 𑄃𑄢𑄧 𑄥𑄧𑄞-𑄍𑄝,দোল আর সভা-সভা
𑄘𑄬𑄘𑄧𑄚𑄴 𑄇𑄬𑄠𑄳𑄠𑄖𑄴 𑄝𑄧𑄣𑄴,দো কোর বল
𑄥𑄪𑄊𑄬 𑄗𑄬𑄝𑄢𑄴 𑄊𑄧𑄢𑄴,সুে থাকার বাি
𑄇𑄨𑄌𑄴𑄪 𑄖𑄪𑄘𑄧 𑄚𑄬𑄭 𑄉𑄧𑄢𑄳𑄦𑄨।,.কিছুই সুরাহা না করে
𑄇𑄧𑄚𑄴𑄚 𑄛𑄢𑄴 𑄃𑄨𑄙𑄨𑄇𑄴𑄈𑄳𑄠𑄚𑄴!,কে পাখানা করছে!
𑄇𑄳𑄦𑄨 𑄞𑄬𑄉𑄮𑄖𑄳𑄠 𑄟𑄪𑄭 𑄃𑄬 𑄘𑄬𑄌𑄴𑄌𑄚𑄧𑄖𑄴 𑄛𑄬𑄣𑄪𑄁 𑄎𑄧𑄚𑄧𑄟𑄴।,কি আবোল তাবোল কথা দিে এই পৃথিবীতে আসলাম
𑄃 𑄝𑄌𑄴𑄌𑄪𑄚𑄧 𑄇𑄧𑄙 𑄇𑄨 𑄇𑄮𑄟𑄴!,এত ব কথা কি বলবো!
𑄖𑄢𑄳𑄦 𑄃𑄮 𑄘𑄬𑄘𑄧𑄚𑄴 𑄑𑄬𑄋 𑄙𑄧𑄚𑄴,তারা দুই হাজার টাকার ধন
"𑄥𑄪𑄈𑄴, 𑄥𑄧𑄝𑄧𑄚𑄴, 𑄃𑄏,","সুখ,সমান,আা"
"𑄥𑄞, 𑄍𑄝, 𑄝𑄬𑄇𑄴𑄈𑄚𑄨-",".সাবা,ছাবা,বেকখানি"
"𑄘𑄬𑄘𑄧𑄚𑄴 𑄊𑄧𑄢𑄴, 𑄉𑄨𑄢𑄳𑄦𑄨𑄖𑄴𑄖𑄨 𑄥𑄪𑄚𑄴𑄎𑄪𑄇𑄴","দোল বাি,গৃহটি সুন্দর"
"𑄣𑄬𑄭 𑄇𑄣𑄮𑄴𑄋𑄴, 𑄌𑄝𑄢𑄳𑄦, 𑄈𑄌𑄬𑄴𑄋𑄴, 𑄛𑄧𑄘𑄧𑄢𑄴","লেই কালো, চাটা,খাওা,পাছা"
"𑄃𑄨𑄌𑄴𑄍𑄧𑄚𑄨, 𑄞𑄬𑄢, 𑄘𑄪𑄣𑄧, 𑄛𑄪𑄣𑄬𑄴𑄋𑄴, 𑄥𑄟𑄴𑄮,","ইছনি, ভো, দুল,পুা,পুা,সাঁা, শামুক, শামুক"
"𑄝𑄬𑄢𑄴, 𑄖𑄬𑄋𑄬𑄢𑄳𑄦, 𑄇𑄧𑄝𑄧𑄇𑄴, 𑄢𑄪𑄃𑄧 𑄝𑄌𑄴, 𑄌𑄨𑄘𑄪𑄢𑄨, 𑄃𑄢𑄳𑄦𑄨,","বো, বো, কেক,রুা, আরি, আরি"
"𑄌𑄬𑄭, 𑄖𑄬𑄢, 𑄃𑄨𑄎𑄬 𑄟𑄪𑄏𑄨, 𑄘𑄪𑄛𑄴, 𑄇𑄬𑄢𑄛𑄴, 𑄇𑄞𑄪𑄇𑄴,","চেে, তেরা, তেরা, কেরা, কেরা, কেরা, কেরা, কেরা, কেরা, কেরা"
"𑄟𑄪, 𑄝𑄪𑄁, 𑄈𑄎, 𑄌𑄣𑄮𑄚𑄴, 𑄌𑄎, 𑄘𑄪𑄣𑄪𑄇𑄴,","আমি বুো,খাওা,চামা,দুলু,দুলু"
"𑄘𑄪𑄣𑄴, 𑄘𑄨𑄋𑄨𑄢𑄬, 𑄝𑄢𑄬𑄁, 𑄖𑄧𑄣𑄳𑄆𑄮, 𑄝𑄬𑄖𑄴, 𑄔𑄪𑄣𑄮𑄚𑄴,","দুধ, দিঙিে,বাঁশি,বেত,ঢোল,ঢোল"
"𑄟𑄬𑄎𑄁, 𑄜𑄪𑄣𑄴 𑄝𑄢𑄬𑄁, 𑄒𑄬𑄁𑄘𑄳𑄠 𑄇𑄣𑄴𑄮𑄋𑄴, 𑄏𑄉, 𑄘𑄮𑄉𑄮𑄚𑄴,","মেজবান,ফুল বারেং, পাহাের কাপ, ঝাু, দোা, দোা"
"𑄃𑄢𑄴 𑄝𑄬𑄋, 𑄣𑄉𑄢𑄇𑄴, 𑄘𑄮𑄢𑄴, 𑄃𑄢𑄧 𑄚𑄚𑄋𑄴 𑄥𑄧𑄌𑄴𑄛𑄧𑄘𑄧𑄢𑄴","আরও বো, জাগা, জাগা, আর নানা ধরনের সংসার"
𑄇𑄨 𑄃𑄊𑄬 𑄖𑄪𑄘𑄧!,কি আছে তোমার
𑄇𑄳𑄦𑄨 𑄞𑄬𑄉𑄮𑄖𑄳𑄠𑄴 𑄟𑄪𑄭 𑄃𑄬 𑄘𑄬𑄌𑄴𑄌𑄚𑄧𑄖𑄴 𑄛𑄬𑄠𑄮𑄁 𑄎𑄧𑄚𑄧𑄟𑄴।,.কী আবোল তাবোল কথা আমি এই পৃথিবীতে পেেছি
𑄃 𑄏𑄢𑄴𑄝𑄮 𑄜𑄪𑄣𑄪𑄚𑄴 𑄡𑄬𑄇𑄴𑄈𑄬 𑄘𑄳𑄦𑄬𑄟𑄴,.এই জঙ্গলের ফুলগুলো যখন দেখবো
𑄃𑄙𑄨𑄇𑄴 𑄃𑄪𑄞𑄮𑄣𑄴𑄜𑄣𑄬 𑄝𑄪𑄉𑄧𑄖𑄴 𑄌𑄝𑄬𑄢𑄬𑄭 𑄃𑄪𑄙𑄨,বেশি উপরে উঠার সম পাহাের উপরে উঠে
𑄇𑄳𑄦𑄳𑄆𑄮 𑄚𑄧 𑄛𑄢𑄧𑄁 𑄇𑄧𑄇𑄴𑄇𑄬 𑄇𑄧𑄁,কেকটা পারে না
𑄝 𑄝𑄧𑄁 𑄇𑄨 𑄘𑄮𑄣𑄴-।,বাং কি সুন্দর
𑄛𑄧𑄢𑄚𑄴 𑄝𑄏𑄨 𑄗𑄠𑄴,পরানটা বন্ধ করে থাকে
𑄌𑄮𑄇𑄴 𑄟𑄧𑄚𑄴 𑄎𑄪𑄢𑄬 𑄡𑄠𑄴,চোখ বন্ধ করে যাওা
𑄇𑄳𑄦𑄨 𑄘𑄮𑄣𑄬 𑄃𑄊𑄧𑄚𑄴 𑄔𑄪𑄣𑄨 𑄔𑄪𑄣𑄨,.কি সুন্দর আছে ঢুলি ঢুলি
𑄛𑄪𑄢𑄨 𑄟𑄨𑄣𑄬 𑄙𑄧𑄇𑄴 𑄉𑄧𑄢𑄳𑄦𑄨,.পুে মেেদের মতো করে
"𑄗𑄧𑄢𑄬 𑄗𑄧𑄢𑄬 𑄃𑄨𑄚𑄴𑄘𑄨 𑄃𑄪𑄚𑄴𑄘𑄨, 𑄃𑄨𑄠𑄳𑄠𑄧𑄖𑄴 𑄪𑄝𑄧𑄖𑄴",".এত ব করে এদিকে,এত ব"
𑄡𑄬𑄚𑄴 𑄥𑄨𑄖𑄴𑄗𑄪𑄚𑄴 𑄓𑄉𑄧𑄘𑄧𑄚𑄴 𑄟𑄧𑄢𑄳𑄦𑄬 𑄌𑄮𑄉𑄮 𑄣𑄬𑄎𑄬 𑄣𑄬𑄎𑄬,.যেন সেখান থেকে আমাকে চোখ বন্ধ করতে হ
"𑄚𑄧𑄘𑄨 𑄚𑄧𑄘𑄨 𑄌𑄮𑄇𑄴𑄮𑄳𑄆, 𑄟𑄬𑄠𑄳𑄠 𑄞𑄧𑄢𑄧𑄕𑄴 𑄦𑄎𑄨𑄣𑄳𑄆𑄮","নািভুি চোখে,মেেটা ভরা হেছে"
𑄚𑄧𑄚𑄬𑄭 𑄉𑄧𑄢𑄳𑄦𑄨 𑄟𑄧𑄢𑄳𑄦𑄬,আমাকে নানি করে আমাকে
𑄃𑄣𑄳𑄠𑄋𑄴 𑄉𑄧𑄖𑄴𑄗𑄇𑄴 𑄌𑄳𑄦𑄘𑄧𑄚𑄴,আাআিভাবে তাকানো
𑄟𑄢𑄬𑄝𑄢𑄴 𑄟𑄧𑄚𑄧 𑄖𑄨𑄢𑄮𑄌𑄴 𑄟𑄧𑄢𑄳𑄦𑄬 𑄃𑄎 𑄉𑄧𑄢𑄳𑄦𑄨।,মারার ইচ্ছা আমাকে করতেছে
𑄟𑄪𑄭𑄃𑄮 𑄛𑄉𑄧𑄣𑄴 𑄦𑄳𑄆𑄮 𑄇𑄧𑄇𑄴𑄈𑄬 𑄝𑄬𑄗𑄢𑄧𑄖𑄴,পাহােও পাগল হে কখন মাটিতে পে
𑄛𑄢𑄨 𑄃𑄚𑄨 𑄃𑄎 𑄉𑄧𑄢𑄳𑄦𑄨 𑄖𑄨𑄖𑄴𑄨 𑄉𑄧𑄢𑄳𑄦𑄨 𑄌𑄪𑄟𑄳𑄦𑄨,পাখানা করে টিকি দিে শুেছি
𑄳𑄟𑄪𑄎𑄬 𑄣𑄧𑄁 𑄇𑄚𑄧𑄖𑄴 𑄝𑄏𑄬 𑄗𑄧𑄁 𑄝𑄪𑄉𑄧𑄖𑄴,মেেটা লং কানে ধরে থাকে
𑄇𑄳𑄆𑄮 𑄚𑄧 𑄛𑄢𑄧𑄁 𑄚𑄨𑄎𑄬,কথা বলতে পারি না
𑄖𑄢𑄳𑄦𑄢𑄴 𑄟𑄬𑄠𑄳𑄠 𑄑𑄚𑄴𑄮𑄳𑄆,তাদের মেেটা টানাই
𑄇𑄳𑄦𑄨 𑄥𑄪𑄈𑄴 𑄥𑄨𑄠𑄬𑄚𑄴 𑄇𑄳𑄦𑄨 𑄥𑄪𑄈𑄴!,কি সুখ তার!
𑄥𑄬𑄚𑄬 𑄘𑄧 𑄞𑄬𑄉𑄮𑄖𑄴𑄳𑄠𑄟𑄪𑄭 𑄃𑄬 𑄘𑄬𑄌𑄴𑄌𑄚𑄧𑄖𑄴 𑄛𑄬𑄠𑄳𑄠𑄧𑄁 𑄎𑄧𑄚𑄧𑄟𑄴।,সে তো বোইার জন্য এই দোলে পেেছি
𑄃 𑄊𑄧𑄢𑄴𑄝𑄮 𑄜𑄪𑄣𑄪𑄚𑄧 𑄇𑄧𑄙 𑄘𑄧 𑄇𑄧𑄝𑄢𑄴 𑄚𑄬𑄭-,.এই বাির ফুলের কথা তো বলার নাই
𑄃𑄧𑄚𑄪𑄝𑄢𑄨𑄏𑄬 𑄇𑄳𑄦𑄨 𑄘𑄮𑄣𑄬 𑄥𑄧𑄞 𑄍𑄨𑄘𑄬𑄭,অনুর্বরগুলো কি ভালো করে সভা করে
"𑄢𑄋, 𑄙𑄪𑄛𑄴 𑄦𑄧𑄣𑄮𑄖𑄴𑄙𑄳𑄠, 𑄙𑄪𑄝𑄪𑄢𑄧 𑄦𑄬𑄣𑄴.","লাল, সাদা হলুদ, ধুুুর সবুজ"
"𑄇𑄣𑄮𑄌𑄴𑄍𑄳𑄠, 𑄢𑄋𑄮𑄌𑄴𑄍𑄳𑄠, 𑄝𑄳𑄟𑄬𑄪𑄚𑄨, 𑄌𑄨𑄘𑄨𑄢𑄬","কালোজাদু,রঙোন,বুো,ছোট"
𑄃𑄢𑄧 𑄚𑄚𑄋𑄴 𑄢𑄧𑄋𑄬 𑄜𑄪𑄘𑄨,আর নানান রঙে ফুটে
𑄎𑄪𑄢𑄬 𑄘𑄳𑄠𑄧𑄚𑄴 𑄟𑄧𑄢𑄳𑄦𑄬 𑄛𑄧𑄢𑄚𑄴,আমার প্রাণটা জুে দো
𑄎𑄪𑄢𑄬 𑄘𑄳𑄠𑄧𑄚𑄴 𑄟𑄧𑄚𑄴,মনের ইচ্ছা পূরণ করে দো
𑄚𑄉𑄧𑄢𑄴 𑄟𑄘𑄨 𑄟𑄘𑄨 𑄝𑄝𑄇𑄳𑄠 𑄦𑄎𑄨 𑄘𑄨,.নরক মাটি মাটিতে হাসি দে
𑄃𑄭𑄣𑄴𑄳𑄠 𑄚𑄧𑄚𑄬𑄠𑄬𑄭 𑄟𑄬𑄠𑄳𑄠𑄬 𑄢𑄬𑄉 𑄝𑄚𑄨,আইল না মেেরা রেগা তৈরি করে
𑄖𑄪𑄟𑄴 𑄝𑄏𑄧𑄖𑄴 𑄝𑄪𑄢𑄬𑄭 𑄗𑄧𑄚𑄴 𑄟𑄧𑄢𑄳𑄦𑄬 𑄃𑄧𑄊𑄪𑄢𑄴 𑄥𑄪𑄊𑄧𑄖𑄴,তুত বাঁশে বুে থাকে আমাকে অনেক শক্ত
𑄉𑄧𑄘 𑄝𑄧𑄏𑄧𑄢𑄴 𑄗𑄨𑄉𑄬-,পুরো বছর ধরে
𑄇𑄳𑄦𑄨 𑄥𑄪𑄈𑄴 𑄟𑄧𑄢𑄴 𑄇𑄳𑄦𑄨 𑄥𑄪𑄈𑄴!,কি সুখ আমার!
𑄃𑄬𑄡𑄧𑄚𑄴 𑄃𑄢𑄧 𑄥𑄨𑄃𑄧𑄖𑄴 𑄛𑄧𑄖𑄴𑄗 𑄛𑄧𑄖𑄴𑄗𑄨,এখন আর সেই অবস্থা
"𑄟𑄪 𑄛𑄪𑄇𑄴, 𑄞𑄧𑄋𑄧𑄢 𑄃𑄢𑄧 𑄚𑄚𑄋𑄴 𑄛𑄪𑄇𑄴-𑄎𑄪𑄇𑄴","এক জাতী পোকা, ব ব পোকা"
𑄟𑄨𑄙𑄬 𑄉𑄧𑄢𑄳𑄦𑄨 𑄉𑄩𑄖𑄴 𑄉𑄬𑄭 𑄇𑄚𑄬 𑄇𑄚𑄬 𑄇𑄧𑄙 𑄇𑄳𑄆𑄮,মিষ্টি করে গান করে কানে কানে কথা বলে
𑄡𑄬𑄚𑄴 𑄃𑄭 𑄛𑄭 𑄦𑄳𑄆𑄮 𑄖𑄣𑄴𑄮𑄳𑄆 𑄖𑄬,সে যেন আই পাই হেছে
𑄃𑄎 𑄃𑄌𑄴𑄳𑄠 𑄉𑄧𑄢𑄳𑄦𑄨,আাআি করে
𑄌𑄪𑄟𑄮 𑄌𑄪𑄟𑄴𑄳𑄠 𑄦𑄳𑄆𑄮,ঠোঁটটা লম্বা হেছে
𑄇𑄮𑄌𑄴 𑄛𑄛𑄳𑄦𑄨𑄠𑄚𑄴 𑄘𑄬𑄊𑄚𑄴𑄘𑄨,কোকড়ানো কাপটা দেখতেছি
𑄣𑄁-𑄣𑄋𑄧𑄚𑄨 𑄟𑄨𑄣𑄨,লাফিে লাফিে
𑄇𑄳𑄦𑄨 𑄥𑄪𑄈𑄴 𑄌𑄳𑄦𑄘𑄬 𑄇𑄳𑄦𑄨 𑄥𑄪𑄈𑄴,কি সুখ চাওা কি সুখ
𑄍𑄧𑄚𑄧 𑄟𑄧𑄚𑄧 𑄦𑄳𑄆𑄮 𑄃𑄪𑄙𑄬 𑄟𑄧𑄚𑄚𑄴 𑄖𑄢𑄳𑄦𑄢𑄬 𑄌𑄳𑄦𑄬𑄭 𑄌𑄳𑄦𑄬𑄭,ছন্নমন হওা মন তাদেরকে দেখে দেখে
𑄃𑄙𑄨𑄇𑄴 𑄃𑄪𑄌𑄴𑄍𑄮𑄠𑄴-,বেশি উেছে
𑄇𑄳𑄦𑄨 𑄘𑄮𑄣𑄴 𑄃𑄬 𑄘𑄬𑄌𑄴𑄌𑄚𑄴 𑄇𑄳𑄦𑄨 𑄘𑄮𑄣𑄴।,কি সুন্দর এই দেশটা
"𑄖𑄎𑄨𑄚𑄴𑄓𑄧𑄁, 𑄇𑄬𑄃𑄪 𑄳𑄢𑄓𑄧𑄁, 𑄟𑄬𑄊𑄴𑄣, 𑄌𑄨𑄟𑄴𑄝𑄪𑄇𑄴, 𑄜𑄪𑄢𑄧𑄟𑄮𑄚𑄴","তাজেং,কেউ রাং,মেঘা,চিম্বুক,চিম্বুক, ফুরমোন"
"𑄇𑄬𑄢𑄬𑄖𑄴 𑄇𑄝, 𑄃𑄙𑄢𑄧 𑄇𑄛𑄴, 𑄃𑄣𑄪𑄑𑄨𑄣𑄬, 𑄉𑄣𑄴𑄧𑄳𑄠 𑄟𑄮𑄚𑄴","কেরাত কাটা,খাওার কাপ, আলুটিলে,গাে পাা পা"
"𑄞𑄧𑄉𑄧𑄝𑄚𑄴 𑄑𑄨𑄣𑄬, 𑄦𑄬𑄘𑄧 𑄥𑄨𑄢𑄬, 𑄘𑄨 𑄑𑄨𑄣𑄬, 𑄝𑄨𑄘𑄬𑄥𑄨 𑄟𑄪𑄢𑄧","ভগবান টিলে,হাতের শিরা,দুই টিলে, বিদা দো মেে"
"𑄡𑄧𑄟𑄧 𑄌𑄪𑄇𑄴, 𑄛𑄇𑄨𑄥𑄴𑄖𑄚𑄴 𑄑𑄨𑄣𑄬, 𑄃𑄢𑄧 𑄇𑄧𑄙𑄧𑄇𑄴 𑄟𑄮𑄚𑄧 𑄟𑄪𑄢𑄳𑄦𑄧","যমের চুক, পাকিস্তান টিলে, আর কত ব মানুষ"
𑄖𑄢𑄳𑄦 𑄇𑄧𑄙 𑄃𑄢𑄴 𑄇𑄨 𑄇𑄮𑄟𑄴!,তাদের কথা আরও কি বলবেন!
𑄖𑄢𑄳𑄦𑄭 𑄘𑄧 𑄟𑄧𑄢𑄴 𑄦𑄨𑄢𑄬 𑄟𑄚𑄬𑄇𑄴,তারা তো আমার হিরে মানুষ
𑄖𑄢𑄳𑄦𑄭 𑄘𑄧 𑄟𑄧𑄢𑄴 𑄥𑄧𑄚,তারা তো আমার বোন
𑄖𑄢𑄳𑄦𑄭 𑄘𑄧 𑄖𑄪𑄣𑄴𑄧𑄳𑄠𑄚𑄴 𑄟𑄧𑄢𑄳𑄦𑄬 𑄃𑄧𑄎𑄧𑄣𑄧𑄖𑄴,তারা তো আমাকে উপরে তুললো
𑄘𑄬𑄝𑄖𑄴𑄗𑄪𑄚𑄴𑄃𑄮 𑄃𑄧𑄎𑄧𑄣𑄧𑄖𑄴,আকাশটাও মেঘলা
𑄚𑄋𑄴 𑄜𑄪𑄘𑄬𑄭 𑄟𑄬𑄘𑄨𑄚𑄨𑄖𑄴।,নাক থেকে রক্ত পতেছে মেদবহুল
𑄖𑄢𑄳𑄦 𑄉𑄩𑄖𑄴𑄗𑄬𑄭 𑄃𑄬𑄌𑄴𑄧𑄳𑄠 𑄟𑄧𑄠𑄴𑄘𑄪,তাদের সাথে আসতেছি আমি
𑄃𑄬𑄖𑄴𑄗𑄧𑄚𑄴 𑄣𑄈𑄴 𑄣𑄈𑄴 𑄟𑄚𑄬𑄭,এত হাজার হাজার টাকা হলে
𑄝𑄢𑄴𑄞𑄮 𑄢𑄬𑄌𑄴𑄧𑄳𑄠𑄖𑄴𑄪𑄚𑄴,বোটা ভাত দিেছে
𑄖𑄢 𑄃𑄳𑄟𑄪𑄪𑄢𑄬 𑄃𑄪𑄙𑄨,তারা একে অপরকে বিদা দে
𑄖𑄢𑄳𑄦 𑄥𑄧𑄞 𑄌𑄳𑄦𑄬𑄭,তারা সভা করে
𑄖𑄢𑄳𑄦 𑄦𑄝 𑄈𑄬𑄭,তারা হাবা খেে
𑄥𑄪𑄊𑄧𑄢𑄴 𑄚𑄨𑄎𑄬𑄌𑄴 𑄣𑄳𑄆𑄮 𑄝𑄪𑄉𑄧𑄖𑄴,সুঙ্গটা নিজে নিজে বুো
𑄟𑄧𑄚𑄧 𑄦𑄃𑄮𑄌𑄴 𑄛𑄪𑄢𑄘𑄧𑄚𑄴,মনের ইচ্ছা পূরণ হওা
𑄃𑄪𑄌𑄴𑄍𑄳𑄠𑄮 𑄛𑄬𑄣𑄁 𑄝𑄬𑄭 𑄟𑄧𑄚𑄚𑄨𑄖𑄴,.উদ্ধত হেছে মনের মধ্যে
𑄦𑄎𑄬 𑄚𑄬𑄘𑄧𑄚𑄴 𑄚𑄨𑄎𑄧𑄢𑄬,পাখানা করে নেওা
𑄦𑄎𑄧𑄘𑄧𑄚𑄴 𑄇𑄨𑄢𑄨 𑄟𑄳𑄦𑄨𑄢𑄨 𑄉𑄧𑄖𑄴𑄗𑄧𑄚𑄴,হাত দিে চিমটি কাটতেছে
𑄜𑄪𑄘𑄮 𑄖𑄪𑄣𑄧𑄘𑄧𑄚𑄴 𑄇𑄧𑄙𑄧𑄇𑄴 𑄝𑄦𑄨𑄚𑄨 𑄉𑄧𑄢𑄳𑄦𑄨 𑄉𑄧𑄢𑄳𑄦𑄨-,ফোটা ফোটাগুলো কত বাহিনী করে
𑄛𑄋𑄳𑄦𑄧𑄢𑄴 𑄟𑄪𑄭 𑄥𑄨𑄖𑄴𑄗𑄪𑄚𑄴 𑄌𑄨𑄚𑄴𑄛𑄪𑄌𑄴𑄳𑄠,পাের আমি সেখান থেকে চিনতেছি
"𑄑𑄬𑄋, 𑄙𑄧𑄚𑄴-𑄟𑄚𑄴","টাকা,ধন-মান"
"𑄛𑄋𑄳𑄦𑄧𑄢𑄴 𑄚𑄋𑄴, 𑄟𑄬𑄠𑄳𑄠-𑄘𑄧𑄠𑄳𑄠, 𑄃𑄣𑄪𑄣𑄮 𑄘𑄪𑄣𑄮𑄣𑄮","পাের নাা, মেে-দাা, আলুলো দুলোলো"
𑄇𑄮𑄌𑄴 𑄛𑄛𑄳𑄦𑄨-𑄥𑄧𑄙𑄧𑄢𑄴 𑄃𑄢𑄧,এক জাতী সাপ
𑄟𑄧𑄚𑄧 𑄢𑄬𑄉 𑄝𑄚𑄴-,"মনের মতো, মনের মতো"
𑄃𑄨𑄖𑄴𑄗𑄪𑄚𑄴 𑄛𑄢𑄳𑄦 𑄇𑄳𑄦𑄨 𑄃𑄊𑄬 𑄃𑄢𑄴 𑄛𑄬𑄝𑄢𑄴,এখানে মনে হ কী আছে আর পার
𑄇𑄳𑄦𑄨 𑄃𑄊𑄬 𑄃𑄢𑄴 𑄥𑄪𑄈𑄴!,কি আছে আর সুখ
𑄇𑄳𑄦𑄨 𑄞𑄬𑄤𑄮𑄖𑄴𑄳𑄠 𑄟𑄪𑄭 𑄃𑄬 𑄘𑄬𑄌𑄴𑄌𑄚𑄧𑄖𑄴 𑄛𑄬𑄠𑄳𑄠𑄧𑄁 𑄎𑄧𑄚𑄧𑄟𑄴,কি ভে আমি এই পৃথিবীতে পেেছি
𑄇𑄳𑄦𑄨 𑄘𑄮𑄣𑄴 𑄟𑄧 𑄃𑄬 𑄘𑄬𑄌𑄴𑄌𑄚𑄴 𑄇𑄳𑄦𑄨 𑄘𑄮𑄣𑄴!,.কি সুন্দর আমার এই চেহারাটা!
𑄝𑄬𑄚𑄴𑄳𑄠 𑄡𑄬𑄇𑄴𑄈𑄬 𑄝𑄬𑄣𑄚𑄴 𑄃𑄪𑄙𑄨𑄝𑄧,বোটা যখন রোদ উঠবে
𑄛𑄧𑄢𑄨𑄝𑄧 𑄌𑄬𑄢𑄴 𑄇𑄨𑄖𑄬𑄴 𑄍𑄧𑄘𑄧𑄇𑄴,চূা চা করতে হবে
𑄃𑄪𑄙𑄨𑄝𑄇𑄴 𑄟𑄮𑄚𑄴𑄟𑄪𑄢𑄳𑄦𑄧𑄃𑄪𑄚𑄴 𑄥𑄧𑄞 𑄦𑄳𑄆𑄮,উদুখল মানুষরা সভা হ
𑄉𑄌𑄴-𑄝𑄌𑄴𑄪𑄚𑄴 𑄒𑄨𑄠𑄬𑄭 𑄗𑄬𑄝𑄇𑄴 𑄘𑄬𑄝 𑄟𑄪𑄇𑄴𑄈𑄬,গাছ-বাঁশগুলো সেভাবেই থাকবে
𑄖𑄖𑄴𑄗𑄪𑄚𑄴 𑄖𑄬 𑄃𑄧𑄎𑄧𑄣𑄴 𑄦𑄳𑄆𑄮,তার থেকে সে অনেক শক্ত
𑄞𑄎𑄨 𑄃𑄬𑄝𑄧 𑄟𑄬𑄊𑄴 𑄌𑄇𑄴,এক জাতী পাখি
𑄛𑄧𑄢𑄨𑄝𑄧 𑄍𑄝,পে যাবে ছাা
𑄝 𑄦𑄧𑄝𑄧 𑄟𑄬𑄊𑄪𑄣𑄴𑄧𑄳𑄠 𑄛𑄧𑄢𑄨𑄝𑄧 𑄏𑄧𑄢𑄴,বা হবে বৃষ্টি পে যাবে
𑄦𑄘𑄨𑄝𑄧 𑄙𑄮𑄣𑄳𑄠𑄢𑄴 𑄏𑄪𑄀𑄖𑄴 𑄏𑄪𑄀𑄖𑄴,পাহাের ধোঁার শব্দ
𑄃𑄪𑄌𑄴𑄍𑄮𑄠𑄴 𑄉𑄌𑄴-𑄝𑄌𑄴𑄍𑄪𑄚𑄴 𑄦𑄧𑄝𑄇𑄴 𑄃𑄪𑄣𑄧𑄟𑄧𑄖𑄴𑄧𑄳𑄠,.উচ্ছে গাছ-বাঁশগুলো ব হেছে
𑄙𑄧𑄢𑄨𑄝𑄇𑄴 𑄚𑄎 𑄃𑄬𑄉𑄧𑄎 𑄎𑄨𑄘𑄬 𑄎𑄨𑄖𑄬𑄴 𑄉𑄧𑄢𑄳𑄦𑄨,ধরে নিে যাওাটা একটু একটু করে জিতে
𑄇𑄳𑄦𑄨 𑄘𑄮𑄣𑄴 𑄌𑄳𑄦𑄘𑄬 𑄥𑄬𑄇𑄴𑄈𑄬,.সে কি সুন্দর দেখতেছে
𑄇𑄧𑄇𑄴𑄈𑄬 𑄎𑄪𑄢𑄬 𑄡𑄠𑄴 𑄟𑄧𑄚𑄴,কখন মন চলে যা
𑄌𑄮𑄊𑄧 𑄛𑄚𑄨 𑄓𑄧𑄢𑄬 𑄝𑄳𑄦𑄬𑄭,চোখের পানি সবসম
𑄏𑄧𑄢𑄴 𑄡𑄬𑄇𑄴𑄈𑄬 𑄕𑄨𑄃𑄧𑄟𑄴 𑄦𑄧𑄝𑄧 𑄚𑄎𑄚 𑄖𑄧 𑄦𑄧𑄝𑄧,বৃষ্টি যখন বৃষ্টি হবে তোমার হবে
𑄦𑄨𑄣𑄴 𑄜𑄪𑄘𑄨 𑄟𑄧𑄚𑄧𑄢𑄴 𑄉𑄌𑄴-𑄝𑄌𑄴𑄪𑄚𑄧𑄢𑄴,হিল ফুটিে মনের গাছ-বাচ্চু
𑄌𑄬𑄢𑄴 𑄇𑄨𑄖𑄬𑄴 𑄃𑄚𑄴𑄙𑄢𑄴 𑄉𑄧𑄢𑄳𑄦𑄨 𑄉𑄨𑄣𑄨𑄇𑄴 𑄉𑄧𑄢𑄳𑄦𑄨 𑄙𑄪𑄟𑄧𑄠𑄴,চোরটা অন্ধকার করে ধোঁা
𑄙𑄧𑄢𑄨𑄝𑄧 𑄟𑄮𑄚𑄧 𑄝𑄪𑄢𑄳𑄦𑄨 𑄞𑄖𑄴 𑄢𑄕,.ধরে আনবে পাহাের ভাত
"𑄃𑄪𑄌𑄴𑄍𑄳𑄠𑄧 𑄦𑄳𑄆𑄮 𑄥𑄬𑄇𑄴𑄈𑄬 𑄪𑄢𑄨𑄁 𑄌𑄧𑄋𑄧𑄢, 𑄃𑄪𑄚𑄴𑄘𑄪𑄢𑄴, 𑄞𑄣𑄪𑄇𑄴","উস্কুখুস্কু হে এখন রিং চংরা, উু, ভালুক"
"𑄝𑄊𑄴, 𑄦𑄬𑄖𑄴, 𑄟𑄳𑄦𑄣𑄴 𑄟𑄪𑄢𑄳𑄦𑄧, 𑄌𑄧𑄉𑄧𑄘, 𑄡𑄪𑄉𑄨 𑄝𑄇𑄴","বাঘ, হেট, মাদী শুকর, চগা, যুগি বাঘ, যুগি বাঘ"
"𑄳𑄟𑄪𑄭, 𑄘𑄪𑄢𑄴, 𑄇𑄧𑄇𑄬𑄴𑄋𑄴, 𑄝𑄚𑄴𑄘𑄧𑄢𑄴","পাহা, কুা, বানর"
"𑄉𑄧𑄚𑄴𑄘, 𑄇𑄪𑄘𑄪𑄇𑄴, 𑄜𑄨𑄝𑄮, 𑄚𑄪𑄢𑄴","গা,কুদুক,ফিো,নর"
"𑄉𑄧𑄝𑄧, 𑄏𑄢𑄴𑄝𑄮 𑄇𑄳𑄟𑄪𑄪𑄢𑄴, 𑄝𑄨𑄣𑄬𑄭, 𑄇𑄨𑄚𑄴𑄘𑄪 𑄝𑄊𑄴","গরু,জঙ্গলের কাম,বিাল,কিন্দু বাঘ"
𑄉𑄮𑄢𑄴 𑄳𑄟𑄪𑄚𑄨 𑄥𑄧𑄟𑄧𑄖𑄴 𑄃𑄢𑄧 𑄚𑄚𑄋𑄴,গোার মানুষ সম আর নানা ধরনের
𑄃𑄪𑄞𑄧𑄣 𑄜𑄣𑄴 𑄦𑄳𑄆𑄮 𑄛𑄬𑄇𑄴𑄈𑄪𑄚𑄴,এক জাতী পাখি
𑄉𑄩𑄖𑄴 𑄉𑄬𑄝𑄇𑄴 𑄎𑄧𑄉𑄢𑄴 𑄛𑄢𑄨 𑄖𑄨𑄚𑄬𑄁 𑄉𑄧𑄢𑄳𑄦𑄨 𑄉𑄧𑄢𑄳𑄦𑄨,গীত গান করতে করতে নেচে নেচে
𑄇𑄨𑄃𑄳𑄆𑄮 𑄝 𑄎𑄪𑄢𑄮𑄝𑄘𑄬 𑄗𑄚𑄴 𑄚𑄧 𑄛𑄬𑄠𑄳𑄠𑄬 𑄉𑄧𑄢𑄳𑄦𑄨,.কিছুই একা একা থাকতে পারতেছি না
"𑄖𑄧𑄉-𑄖𑄧𑄉𑄨, 𑄟𑄬𑄉-𑄟𑄬𑄉𑄨 𑄉𑄧𑄢𑄳𑄦𑄨𑄝𑄇𑄴 𑄖𑄣𑄧𑄴𑄳𑄆 𑄖𑄬,-","খুঁজতে খুঁজতে,মেে-মেে করে সে,-"
"𑄃𑄎𑄧𑄝𑄧 𑄥𑄛𑄴, 𑄪𑄢𑄨𑄁 𑄎𑄟𑄪𑄢𑄧, 𑄇𑄣 𑄎𑄟𑄪𑄢𑄧,","এক জাতী সাপ, রিং জামুর, কালোজাম"
"𑄜𑄬𑄌𑄴𑄧𑄳𑄠 𑄎𑄟𑄪𑄢𑄧, 𑄗𑄪𑄘𑄧 𑄎𑄟𑄪𑄢𑄧, 𑄝𑄉𑄌𑄨𑄣𑄬, 𑄥𑄪𑄘𑄧𑄖𑄴 𑄚𑄧𑄣𑄨",".ফসলের জাম,তুত জাম,বাঁকা জাম,আঁকাবাঁকা,সুঁচালো নালি"
"𑄇𑄪𑄣𑄧𑄝𑄚𑄴, 𑄃𑄧𑄢𑄳𑄦𑄧𑄣𑄴, 𑄖𑄧𑄞, 𑄟𑄮𑄚𑄴 𑄖𑄧𑄞,","কুলবান,ঔরল, তবা, পাহাের তবা"
"𑄃𑄪𑄢𑄴𑄝𑄧 𑄝𑄧𑄣𑄳𑄦, 𑄛𑄚𑄴𑄳𑄠, 𑄟𑄖𑄴𑄳𑄠, 𑄃𑄧𑄢𑄳𑄦𑄝𑄧𑄖𑄨","উো বলা, পানা, মাছ, তরকারি"
𑄃𑄢𑄧 𑄚𑄚𑄋𑄴 𑄝𑄨𑄌𑄴-𑄃𑄧𑄝𑄨𑄌𑄴 𑄝𑄧𑄣 𑄥𑄝𑄬,.আরও অনেক বিচি বিচি বলে
"𑄏𑄢𑄴𑄝𑄮 𑄇𑄪𑄢𑄳𑄦𑄧, 𑄟𑄪𑄢𑄴 𑄇𑄪𑄢𑄳𑄦𑄧, 𑄇𑄬𑄖𑄴𑄇𑄬𑄖𑄴𑄳𑄠, 𑄢𑄧𑄁 𑄢𑄁,","জঙ্গলটা কুা,মুর কুা, কেতকেত, রং রাং"
"𑄢𑄨𑄌𑄴𑄮𑄣𑄴𑄳𑄠, 𑄙𑄪𑄁𑄉𑄧, 𑄖𑄧𑄘𑄬𑄇𑄴, 𑄥𑄧𑄚𑄖𑄴𑄖𑄣𑄨","ট্রাক্টর,ঢুক,তোক,সনাতালি"
"𑄝𑄢𑄴𑄉𑄨, 𑄞𑄨𑄢𑄬𑄌𑄴, 𑄥𑄳𑄠𑄬𑄢𑄴, 𑄝𑄧𑄉,","বুো, বিাল, বগা"
"𑄟𑄮𑄚𑄴 𑄝𑄧𑄉, 𑄍𑄧𑄖𑄴𑄖 𑄛𑄬𑄇𑄴, 𑄦𑄢𑄨𑄇𑄪𑄢𑄳𑄦𑄨, 𑄦𑄬𑄖𑄴𑄙𑄉,","পাহাের পাখি, হািকুি, হাকুি, পাহাি"
"𑄦𑄧𑄉𑄧𑄣𑄧𑄇𑄴, 𑄝𑄪𑄌𑄴𑄳𑄠-𑄝𑄪𑄢𑄳𑄦𑄨, 𑄛𑄨𑄏𑄬𑄭𑄢𑄬 𑄛𑄨𑄏𑄬𑄭, 𑄦𑄖𑄴𑄗𑄳𑄠 𑄢𑄘,","হগল,বুো-বুি,পেকে পে,হাতের রা"
"𑄈𑄪𑄢𑄧𑄣𑄴𑄳𑄠, 𑄇𑄪𑄠𑄴𑄳𑄠 𑄛𑄬𑄇𑄴, 𑄙𑄪𑄙𑄪𑄈𑄁, 𑄍𑄬𑄘𑄴𑄘𑄧𑄞,","কোদাল,কুা পাখি, ধুধুক, ছেঁা বাঁশ, ছেঁা বাঁশ"
"𑄌𑄨𑄣𑄴, 𑄌𑄨𑄊𑄨𑄢𑄬, 𑄛𑄬𑄎 𑄃𑄢𑄧 𑄚𑄚𑄋𑄴 𑄛𑄬𑄊𑄬","চিল,পাখি,পিঁপা,পিঁপা আর নানা ধরনের পাখি"
𑄇𑄳𑄦𑄨 𑄘𑄮𑄣𑄴 𑄘𑄮𑄣𑄴 𑄊𑄧𑄎𑄣𑄳𑄆𑄮 𑄉𑄩𑄖𑄴 𑄉𑄬𑄭,কি সুন্দর ঘিে গান গেে
"𑄳𑄟𑄪𑄎𑄪𑄢𑄬 𑄖𑄪𑄣𑄨𑄝𑄇𑄴 𑄈𑄮𑄠𑄁, 𑄘𑄬𑄝, 𑄟𑄘𑄨-","মুত্রথলি খোল,আকাশ, মাটি"
"𑄳𑄟𑄪𑄟𑄴𑄳𑄟𑄪𑄟𑄬𑄭 𑄃𑄪𑄙𑄨𑄝𑄇𑄴 𑄟𑄪𑄢𑄳𑄦𑄧 𑄟𑄪𑄢𑄳𑄦𑄨, 𑄏𑄢𑄴","পাহাের উপরে উঠে যাওা, জঙ্গল"
𑄇𑄳𑄦𑄨 𑄇𑄚𑄴 𑄥𑄪𑄈𑄴 𑄥𑄪𑄚𑄴𑄘𑄬,কি কানের সুখ পাওা যা
𑄟𑄧𑄚𑄚𑄴 𑄦𑄏𑄨 𑄡𑄬𑄭 𑄇𑄪𑄙𑄪 𑄃𑄊𑄧𑄁 𑄥𑄬𑄇𑄴𑄈𑄬,মনের ইচ্ছা পূরণ করতে যে কোথা আছি
𑄃𑄙𑄨𑄇𑄴 𑄃𑄪𑄌𑄴𑄍𑄮𑄠𑄴 𑄃𑄪𑄞𑄮𑄣𑄴𑄜𑄣𑄴 𑄦𑄳𑄆𑄮।,বেশি উপরে উঠে যাওা
𑄊𑄧𑄢𑄧𑄖𑄴 𑄃𑄬𑄣𑄬 𑄊𑄧𑄢𑄧 𑄛𑄬𑄇𑄴𑄪𑄚𑄬,বািতে এলে বািতে আসে সবাই
"𑄎𑄪𑄢𑄬, 𑄘𑄳𑄠𑄧𑄚𑄴 𑄝𑄬𑄌𑄴 𑄃𑄢𑄮 𑄖𑄢𑄳𑄦 𑄟𑄧𑄚𑄚𑄴","জুে,জে আরও বেশি তাদের মন"
"𑄟𑄧𑄚, 𑄌𑄧𑄚, 𑄝𑄧𑄢𑄧𑄕𑄩, 𑄛𑄬𑄠𑄢, 𑄜𑄪𑄣𑄴 𑄌𑄪𑄎𑄧𑄚𑄨, 𑄛𑄬𑄎,","মেে,চনা,বো,পোরা,ফুলের গন্ধ,পোরা,পোরা"
"𑄇𑄧, 𑄝𑄣𑄪, 𑄏𑄪𑄖𑄴𑄖𑄳𑄠𑄣𑄴 𑄟𑄧𑄚, 𑄟𑄳𑄦𑄢𑄋, 𑄥𑄪𑄘𑄧𑄖𑄴𑄪𑄝𑄨, 𑄦𑄧𑄉𑄧𑄣𑄧𑄇𑄴,","ক, বালু, ঝুি, সুততুবি, হগলক, হগলক"
"𑄌𑄚𑄴 𑄌𑄧𑄢𑄳𑄆𑄮, 𑄃𑄳𑄟𑄪𑄪𑄢𑄳𑄦𑄨𑄇𑄴, 𑄝𑄧𑄉, 𑄟𑄬𑄟𑄬 𑄍𑄉𑄧𑄣𑄨,","চাঁদ চরিে,অমুক, বগা,মেে ছাগল"
"𑄖𑄬𑄣𑄨 𑄞𑄨𑄢𑄬𑄌𑄴, 𑄃𑄳𑄟𑄪𑄪𑄢𑄨𑄇𑄴𑄝𑄇𑄴, 𑄝𑄣𑄴𑄳𑄦𑄳𑄠, 𑄕𑄘𑄬𑄁 𑄛𑄪𑄖𑄴𑄨,","তেলি পাখি,অমুুক,বাঁশি,নাাচা"
"𑄌𑄚𑄴 𑄌𑄨𑄘𑄨𑄣𑄳𑄦𑄬, 𑄇𑄧𑄝, 𑄉𑄮𑄣𑄴 𑄌𑄮𑄙𑄧𑄢𑄨, 𑄗𑄨𑄗𑄨𑄗𑄨𑄃𑄮𑄇𑄴, 𑄈𑄧𑄚𑄴𑄎𑄧𑄚𑄴,","সাদা চিটিংবাজ, কা, গোল চোখ, স্থির চোখ, চুপ করে থাকা, খোল"
"𑄝𑄙𑄳𑄆𑄮, 𑄞𑄪𑄭 𑄛𑄬𑄇𑄴, 𑄛𑄘𑄨 𑄦𑄌𑄴, 𑄎𑄪𑄢𑄴𑄞𑄧 𑄛𑄬𑄇𑄴, 𑄘𑄮𑄇𑄴","বাধোই, ভুই পাখি, পাতার হা, জুের পা, /n Fetch"
𑄃𑄢𑄧 𑄇𑄧𑄙𑄧𑄇𑄴 𑄛𑄬𑄇𑄴,এক জাতী পাখি
𑄥𑄬 𑄥𑄧𑄟𑄢𑄬 𑄃𑄊𑄧𑄚𑄴 𑄃𑄢𑄧 𑄛𑄬𑄇𑄴 𑄇𑄪𑄎𑄧𑄢𑄨,সে সাথে আছে আর কুকুরও আছে
𑄇𑄳𑄦𑄨 𑄘𑄮𑄣𑄬 𑄉𑄩𑄖𑄴 𑄥𑄪𑄚𑄬𑄭 𑄢𑄬𑄘𑄬-𑄘𑄨𑄚𑄬 𑄟𑄧𑄢𑄳𑄦𑄬,কি ভালো গান শুনাচ্ছে আমাকে
𑄝𑄪𑄢𑄬 𑄗𑄧𑄚𑄴 𑄚𑄨𑄢𑄴𑄝𑄚𑄴 𑄥𑄪𑄊𑄧𑄖𑄴,বুো পাহাের পথ পরিষ্কার
𑄉𑄧𑄘 𑄝𑄧𑄏𑄧𑄢𑄴 𑄗𑄨𑄉𑄬,পুরো বছর চুপ করে
𑄇𑄳𑄦𑄨 𑄥𑄪𑄈𑄴 𑄇𑄳𑄦𑄨 𑄥𑄪𑄈𑄴!,কি সুখ কি সুখ
𑄇𑄪𑄙𑄪 𑄗𑄁 𑄟𑄪𑄭 𑄝 𑄇𑄪𑄙𑄪 𑄦𑄏𑄨 𑄡𑄁,কোথা থাকি আমি বা কোথা যাই
𑄇𑄳𑄆𑄮 𑄚𑄧 𑄛𑄢𑄧𑄁 𑄚𑄨𑄎𑄬 𑄥𑄪𑄊𑄧𑄖𑄴 𑄝𑄪𑄢𑄨 𑄡𑄬𑄭।,.কথা বলতে পারিনা নিজে বুে যাওা
𑄝𑄬𑄣𑄚𑄴 𑄦𑄧𑄝𑄧 𑄡𑄬𑄇𑄴𑄈𑄬 𑄓𑄪𑄝𑄧𑄁 𑄓𑄪𑄝𑄧𑄁,সূর্যটা যখন ডুবিে যাবে
𑄃𑄪𑄙𑄨𑄝𑄧 𑄞𑄎𑄨 𑄢𑄋 𑄟𑄬𑄊𑄴,.উদ্ধব ভাজি লাল মেঘ
𑄌𑄬𑄢𑄴 𑄇𑄨𑄖𑄬𑄴 𑄍𑄨𑄘𑄨𑄝𑄧 𑄢𑄧𑄁,এক জাতী রং
𑄘𑄮𑄣𑄴 𑄦𑄳𑄆𑄮 𑄃𑄪𑄙𑄨𑄝𑄧 𑄝𑄬𑄇𑄴𑄈𑄚𑄴 𑄣𑄨𑄝 𑄡𑄬𑄭 𑄥𑄬 𑄢𑄧𑄋𑄚𑄴,সুন্দর করে সব গুছাবো যে রংটা
"𑄘𑄬𑄝-𑄟𑄘𑄨, 𑄉𑄌𑄴-𑄝𑄌𑄴, 𑄛𑄬𑄇𑄴-𑄟𑄚𑄬𑄭 𑄝𑄬𑄇𑄴 𑄃𑄪𑄙𑄨𑄝𑄇𑄴 𑄥𑄎𑄨","আকাশ- মাটি, গাছ-বাঁকা,পাখি-পেকে সব উো হেছে"
𑄃𑄪𑄌𑄴𑄍𑄮𑄠𑄴 𑄟𑄘𑄨 𑄜𑄪𑄢𑄴 𑄟𑄢𑄨 𑄃𑄪𑄢𑄨𑄝𑄇𑄴 𑄃𑄪𑄣𑄴𑄛𑄪𑄇𑄴,.উচ্ছে মাটি শেষ হে উে যাবে
𑄃𑄪𑄢𑄨𑄝𑄇𑄴 𑄜𑄮𑄢𑄴 𑄝𑄧𑄣 𑄝𑄨𑄌𑄴 𑄜𑄨𑄉𑄨𑄢𑄬,.উিটা ফোসকা পেছে
𑄥𑄨𑄃𑄪𑄚𑄴 𑄘𑄳𑄦𑄬𑄭 𑄛𑄬𑄇𑄴𑄪𑄚𑄬 𑄎𑄧𑄘𑄧𑄝𑄧𑄘𑄬 𑄃𑄪𑄌𑄴𑄍𑄧 𑄦𑄳𑄆𑄮𑄚𑄬,সেগুলো দেখে সবাই উত্তেজিত হেছে
𑄃𑄪𑄢𑄨 𑄃𑄪𑄢𑄨 𑄈 𑄙𑄧𑄢𑄨𑄝𑄇𑄴 𑄖𑄣𑄴𑄮𑄳𑄆 𑄖𑄬 𑄎𑄨𑄖𑄴 𑄝𑄘𑄬,উে উে খাওার পর সে বেঁচে থাকবে
𑄇𑄨𑄏𑄨𑄇𑄴 𑄇𑄏𑄇𑄴 𑄉𑄧𑄢𑄳𑄦𑄨 𑄚𑄉𑄧𑄢𑄴 𑄟𑄘𑄨 𑄟𑄘𑄨,কত ব করে নাচা করে সুন্দর মাটি
𑄇𑄧𑄇𑄴𑄈𑄬 𑄌𑄮𑄇𑄴-𑄟𑄧𑄚𑄴 𑄎𑄪𑄢𑄬 𑄡𑄬𑄭,কখন চোখ বন্ধ হ
𑄌𑄮𑄊𑄧 𑄛𑄚𑄨 𑄛𑄧𑄢𑄨 𑄝𑄳𑄦𑄬𑄭,চোখের পানি পে যাবে
𑄦𑄏𑄨 𑄡𑄭 𑄟𑄧𑄚𑄚𑄴 𑄇𑄳𑄆𑄮 𑄚𑄧 𑄛𑄢𑄧𑄁 𑄚𑄨𑄎𑄬,হেঁটে যাওা মনের ইচ্ছা বলতে পারি না
𑄖𑄢𑄳𑄦𑄢𑄬 𑄌𑄳𑄦𑄬𑄭 𑄗𑄇𑄴𑄈𑄬।,তাদেরকে দেখে থাক
𑄥𑄏𑄧 𑄃𑄧𑄇𑄴𑄗𑄧𑄖𑄴 𑄏𑄪𑄝𑄪𑄢𑄴 𑄉𑄏𑄧𑄖𑄴,ঘাসের সম ঝুি পতেছে গাছে
𑄡𑄬𑄇𑄴𑄈𑄬 𑄝𑄬𑄇𑄴𑄈𑄪𑄚𑄴 𑄗𑄪𑄝𑄧 𑄦𑄳𑄆𑄮,এখন সব গুো হেছে
𑄊𑄪𑄟𑄴 𑄡𑄬𑄝𑄖𑄴𑄳𑄠 𑄃𑄬𑄞𑄇𑄴,ঘুম আসতেছে
𑄃𑄪𑄌𑄴𑄍𑄳𑄠𑄧 𑄦𑄳𑄆𑄮 𑄖𑄨𑄚𑄬𑄋𑄬,উঁচু হে নেচে নেচে
𑄉𑄚𑄧𑄢𑄴 𑄟𑄘𑄨 𑄖𑄣𑄴𑄮𑄳𑄆 𑄖𑄬,গান করতেছে সে
𑄇 𑄇𑄧𑄙 𑄇𑄧𑄚𑄴𑄕 𑄥𑄪𑄚𑄬𑄢𑄴,কথা গুলো সুন্দর
𑄡 𑄇𑄧𑄙 𑄇𑄳𑄆𑄮 𑄖𑄬,যে কথা বলে সে
𑄇𑄳𑄦𑄨 𑄇𑄚𑄴 𑄥𑄪𑄈𑄴 𑄥𑄪𑄚𑄧𑄘𑄬,কি কানের সুখ শোনা যা
𑄌𑄳𑄦𑄘𑄬 𑄣𑄉𑄬 𑄇𑄳𑄦𑄨 𑄘𑄮𑄣𑄴,দেখতে সুন্দর লাগে কি সুন্দর
𑄎𑄉𑄖𑄴 𑄛𑄧𑄢𑄚𑄴 𑄎𑄪𑄢𑄬 𑄡𑄬𑄭,জাগা প্রাণ জুে যা
𑄌𑄮𑄊𑄧 𑄛𑄚𑄨 𑄛𑄧𑄢𑄬 𑄝𑄳𑄦𑄬𑄭,চোখের পানি পে
𑄟𑄧𑄚𑄧𑄖𑄴 𑄇𑄢𑄳𑄦𑄬 𑄃𑄪𑄋𑄪𑄘𑄧,মনে হ কাউকে মনে পে
𑄥𑄪𑄊𑄧𑄢𑄴 𑄗𑄪𑄝𑄧𑄣𑄴 𑄃𑄪𑄙𑄨,.সুার বুো উঠা
𑄇𑄳𑄦𑄨 𑄥𑄪𑄈𑄴 𑄃𑄨𑄠𑄬𑄚𑄴 𑄇𑄳𑄦𑄨 𑄥𑄪𑄈𑄴!,কি সুখ এই জীবনে!
"𑄖 𑄝𑄨𑄢𑄨𑄖𑄴𑄧𑄃𑄮 𑄃𑄊𑄧𑄚𑄴 𑄃𑄢𑄧 𑄞𑄧𑄋𑄮𑄢𑄳𑄦, 𑄇𑄧𑄟𑄧𑄢𑄬𑄁 𑄃","তার বিিটাও আছে আর ভও আছে, কমরং আছে"
"𑄇𑄪𑄟𑄧𑄌𑄴𑄍𑄳𑄠 𑄛𑄪𑄇𑄴, 𑄝𑄧𑄣𑄳𑄦, 𑄛𑄘 𑄝𑄧𑄣𑄳𑄦, 𑄟𑄖𑄴𑄳𑄠 𑄖𑄬𑄉, 𑄟𑄪 𑄛𑄪𑄇𑄴,","এক জাতী পোকা, বোলতা, পাহাের পোকা, পাহাের পোকা, পাহাের পোকা"
"𑄝𑄬𑄚𑄴𑄝𑄬𑄚𑄨, 𑄞𑄬𑄋𑄪𑄢𑄴, 𑄛𑄨𑄣𑄬 𑄞𑄬𑄋𑄪𑄢𑄴,","বেনেনি, বেইননি,পিলে বোনো,পিলে বোইন"
𑄘𑄮𑄣𑄴 𑄉𑄧𑄢𑄳𑄦𑄨 𑄃𑄪𑄢𑄨 𑄃𑄪𑄢𑄨 𑄉𑄩𑄖𑄴 𑄉𑄳𑄦𑄬𑄭 𑄇𑄧𑄘𑄧𑄚𑄴𑄙𑄨 𑄟𑄧𑄢𑄳𑄦𑄬,সুন্দর করে উে উে গান করে আমাকে বলতেছে
𑄇𑄳𑄦𑄨 𑄉𑄧𑄟𑄴 𑄣𑄉𑄬 𑄖𑄢𑄳𑄦 𑄉𑄩𑄖𑄴𑄗𑄪𑄚𑄴-𑄥𑄪𑄚𑄴𑄘𑄬 𑄣𑄉𑄬 𑄇𑄳𑄦𑄨 𑄥𑄪𑄈𑄴,কি ভালো লাগে তাদের গীতে-সুগন্ধি লাগে
𑄉𑄭 𑄉𑄭 𑄟𑄧𑄚𑄚𑄴 𑄞𑄧𑄢𑄨 𑄡𑄭 𑄟𑄧𑄢𑄴।,একা একা মন ভরে যা আমার
𑄛𑄪𑄢𑄨 𑄟𑄨𑄣𑄬 𑄙𑄧𑄇𑄴 𑄃𑄊𑄧𑄚𑄴 𑄃𑄢𑄧 𑄛𑄧𑄖𑄴𑄗 𑄛𑄪𑄖𑄴𑄗𑄨,.পুে মেেে চেহারা আছে আর পথটা পুে আছে
"𑄦𑄬𑄣𑄴, 𑄢𑄋, 𑄇𑄣, 𑄙𑄪𑄛𑄴, 𑄌𑄨𑄘𑄨𑄢𑄬","সবুজ,লাল, কালো, সাদা, চিটিংবাজ"
"𑄇𑄣𑄮𑄌𑄴𑄍𑄳𑄠, 𑄢𑄋𑄮𑄌𑄴𑄍𑄳𑄠, 𑄦𑄧𑄣𑄮𑄖𑄴𑄘𑄳𑄠, 𑄙𑄪𑄝𑄪𑄢𑄧,","কালোজাদু,রঙোজা,হওা,ধুবু"
"𑄝𑄳𑄟𑄬𑄪𑄚𑄨 𑄘𑄬𑄝 𑄢𑄧𑄁, 𑄌𑄮𑄌𑄴","বাই চাঁদের রং, চোখ"
𑄃𑄊𑄧𑄚𑄴 𑄃𑄢𑄧 𑄖𑄬𑄚𑄴𑄧𑄳𑄠 𑄟𑄪𑄢𑄨,. আছে এবং তেন্নে মুরি
𑄘𑄮𑄣𑄴 𑄉𑄧𑄢𑄳𑄦𑄨𑄚𑄬 𑄃𑄪𑄢𑄨 𑄃𑄪𑄢𑄨 𑄥𑄧𑄞 𑄍𑄨𑄘𑄬𑄭 𑄝𑄬𑄇𑄴𑄈𑄚𑄴,সুন্দর করে সুন্দর করে সব গুছানো
𑄇𑄧𑄙 𑄇𑄧𑄚𑄴𑄘𑄨 𑄟𑄧𑄣𑄴𑄮𑄳𑄆 𑄃𑄨𑄎𑄨𑄢𑄳𑄦𑄬𑄭 𑄗𑄢𑄬 𑄗𑄢𑄬,কথা বলার সম সবাই চুপ করে থাকে
𑄇𑄪𑄢𑄬 𑄇𑄪𑄢𑄬 𑄃𑄬𑄭 𑄣𑄎𑄁 𑄣𑄎𑄁 𑄌𑄮𑄇𑄴𑄮𑄳𑄆,.কাছে নিকটে এই লজ্জাবোধ
𑄇𑄮𑄌𑄴 𑄛𑄚𑄚𑄴 𑄘𑄬𑄊𑄚𑄴𑄘𑄨 𑄟𑄬𑄣𑄳𑄦𑄨-,কেকটা পানশে দেখতেছি
𑄇𑄳𑄦𑄨 𑄉𑄧𑄟𑄴 𑄣𑄉𑄬 𑄟𑄧𑄚𑄚𑄧𑄖𑄴,কী ভালো লাগে মনে হ
𑄃𑄨𑄖𑄴𑄗𑄪𑄚𑄴 𑄛𑄢𑄳𑄦 𑄥𑄪𑄈𑄴 𑄃𑄢𑄴 𑄇𑄨 𑄗𑄬 𑄛𑄢𑄬!,এখান থেকে আর কি সুখ থাকতে পারে!
𑄇𑄳𑄦𑄨 𑄘𑄮𑄣𑄴 𑄟𑄧 𑄃𑄬 𑄘𑄬𑄌𑄴𑄌𑄚𑄴 𑄇𑄳𑄦𑄨 𑄘𑄮𑄣𑄴।,কি সুন্দর আমার এই চেহারা
𑄇𑄣 𑄢𑄬𑄖𑄴𑄧𑄳𑄠 𑄉𑄧𑄋𑄨 𑄡𑄬𑄭,কালো রাত করে যে
𑄝𑄬𑄣𑄧 𑄛𑄳𑄦𑄧𑄢𑄴 𑄜𑄘𑄨 𑄃𑄬𑄭,সূর্য ডোবার সম
𑄗𑄚𑄴 𑄛𑄬𑄣𑄬 𑄛𑄬𑄇𑄴𑄪𑄚𑄬 𑄊𑄪𑄟𑄧𑄖𑄴𑄗𑄪𑄚𑄴,.ঘুম পেলে কুকুরগুলো ঘুম থেকে বের হ
𑄎𑄪𑄢𑄮 𑄎𑄪𑄢𑄮 𑄦𑄞 𑄃𑄬𑄣𑄬,জুে জুে আসা
𑄗𑄚𑄴 𑄛𑄁 𑄚𑄧 𑄛𑄁 𑄟𑄪𑄭 𑄦𑄧𑄣𑄬,.থাপ্প পা না পাে হলে
𑄥𑄬 𑄃𑄧𑄇𑄴𑄗𑄧𑄖𑄴 𑄉𑄮𑄣𑄴 𑄌𑄮𑄙𑄪𑄢𑄨 𑄎𑄪𑄢𑄮 𑄉𑄧𑄢𑄳𑄦𑄨 𑄃𑄬𑄭,সেই সমে গোল চোখগুলো জুে আছে
𑄇𑄧𑄚𑄴𑄘𑄣𑄴 𑄝 𑄎𑄪𑄘𑄧 𑄉𑄏𑄧𑄖𑄴 𑄏𑄪𑄝𑄧𑄖𑄴 𑄖𑄧𑄣𑄬 𑄝𑄳𑄆𑄮,কাঠঠোকরা গাছের নিচে বসে আছে
𑄇𑄨 𑄘𑄮𑄣𑄬 𑄉𑄩𑄖𑄴 𑄉𑄳𑄦𑄬𑄭 𑄘𑄬𑄊𑄨 𑄟𑄨𑄙𑄬 𑄊𑄧𑄎𑄣𑄳𑄆𑄮,কি ভালো গান গিে দেখা যা
𑄇𑄳𑄦𑄨 𑄥𑄪𑄈𑄴 𑄥𑄨𑄠𑄬𑄚𑄴 𑄇𑄳𑄦𑄨 𑄥𑄪𑄈,কি সুখ তার কি সুখ
𑄎𑄪𑄢𑄬 𑄡𑄭 𑄛𑄧𑄢𑄚𑄴 𑄞𑄧𑄢𑄨 𑄡𑄭 𑄝𑄪𑄇𑄴,ভালোভাবে প্রাণটা ভরে যাওা যা
𑄥𑄨𑄏𑄨 𑄦𑄳𑄆𑄮 𑄃𑄪𑄙𑄬 𑄟𑄧𑄚𑄚𑄴,সিঝির মতো উঠে মন
𑄚𑄨𑄢𑄴𑄝𑄚𑄴 𑄥𑄪𑄈𑄴 𑄞𑄎𑄨 𑄃𑄬𑄭।,.নিঃসঙ্গ সুখ ভাজি এই
𑄝𑄬𑄚𑄴𑄳𑄠 𑄘𑄨𑄞𑄮𑄢𑄴 𑄝𑄨𑄘𑄨 𑄡𑄬𑄭,বেইনটা দুই ভাগ করে যা
𑄉𑄞𑄪𑄢𑄴 𑄘𑄨𑄞𑄮𑄢𑄴 𑄝𑄬𑄣𑄚𑄴 𑄦𑄳𑄆𑄮,গািটা দুই ভাগ হ
𑄇𑄢𑄴 𑄇𑄌𑄴𑄳𑄠 𑄦𑄳𑄆𑄮 𑄃𑄪𑄙𑄨𑄣𑄬 𑄝𑄬𑄣𑄧 𑄖𑄧,কার কাচা হে উঠলে বিাল
𑄃𑄪𑄟𑄪𑄌𑄴𑄍𑄳𑄠𑄭 𑄜𑄘𑄨 𑄡𑄬𑄣𑄬 𑄝𑄪𑄇𑄴,.উমাটা ফেটে গেলে বুক
𑄝𑄬𑄇𑄴 𑄛𑄬𑄇𑄴𑄈𑄪𑄚𑄴 𑄎𑄪𑄢𑄮 𑄦𑄳𑄆𑄮,সব পাখি শান্ত হেছে
𑄉𑄩𑄖𑄴 𑄉𑄳𑄦𑄚𑄴 𑄖𑄧 𑄉𑄧𑄢𑄳𑄦𑄨 𑄗𑄳𑄆𑄮,গীতটা তোমার করে রাখো
𑄊𑄧𑄢𑄧 𑄇𑄪𑄢𑄬 𑄏𑄪𑄝𑄪𑄢𑄴 𑄉𑄏𑄧𑄖𑄴,বাির পাশে ঝুি গাছ
𑄇𑄳𑄦𑄨 𑄟𑄨𑄙𑄬 𑄙𑄬𑄉𑄬 𑄇𑄚𑄴 𑄥𑄪𑄈‘ 𑄉𑄧𑄢𑄳𑄦𑄨,কি মিষ্টি কথা বলে কান ব্যাথা করে
𑄚𑄚𑄋𑄴 𑄊𑄧𑄎𑄠𑄴 𑄥𑄪𑄢𑄧𑄖𑄴 𑄖𑄪𑄣𑄨,বিভিন্ন ঘিে সুর তুলে
𑄉𑄩𑄖𑄴 𑄉𑄳𑄦𑄬𑄭 𑄘𑄧𑄚𑄴𑄙𑄨 𑄟𑄧𑄚𑄃𑄪𑄚𑄬,গীত গান করে দুই বন্ধু মিলে
𑄥𑄧𑄢𑄴𑄉𑄧 𑄥𑄪𑄙 𑄈𑄝𑄬𑄭,স্বর্গে মদ খাওা যাবে
𑄚𑄧𑄚𑄬𑄠𑄳𑄠 𑄚𑄧𑄚𑄬𑄠𑄳𑄠 𑄉𑄧𑄢𑄳𑄦𑄨,না না করে
𑄇𑄳𑄦𑄨 𑄥𑄪𑄈𑄴 𑄥𑄨𑄠𑄬𑄚𑄴 𑄇𑄳𑄦𑄨 𑄥𑄪𑄈𑄴,কি সুখ সেটা কি সুখ
𑄇𑄧𑄇𑄴𑄈𑄬 𑄎𑄪𑄢𑄬 𑄡𑄬𑄭 𑄛𑄧𑄢𑄚𑄴 𑄣𑄪𑄁𑄋𑄧𑄉𑄳𑄆𑄮 𑄚𑄨𑄢𑄴𑄝𑄚𑄧𑄖𑄴,কখন যে প্রাণটা লেছি বের হেছে
𑄇𑄳𑄆𑄮 𑄚𑄧 𑄛𑄢𑄧𑄁 𑄚𑄨𑄎𑄬-,আমি বলতে পারি না
𑄇𑄳𑄦𑄨 𑄃𑄢𑄴 𑄢𑄮𑄘𑄧 𑄖𑄧,কি আরও রোদ
𑄇𑄳𑄦𑄨 𑄃𑄢𑄴 𑄃𑄪𑄟𑄪𑄌𑄴𑄍𑄳𑄠!,কি আবার উঠতেছে
𑄝𑄬𑄇𑄴 𑄡𑄭 𑄎𑄪𑄢𑄬।,সব জুে
𑄝𑄢𑄳𑄦𑄨𑄏𑄬 𑄢𑄨𑄖𑄴 𑄡𑄬𑄇𑄴𑄈𑄬 𑄃𑄬𑄝𑄧,বারিে রাত যখন আসবে
𑄉𑄨𑄣𑄨𑄇𑄴 𑄉𑄧𑄢𑄳𑄦𑄨 𑄇𑄣 𑄟𑄬𑄊𑄬,গিলিে কালো মেঘে
𑄘𑄬𑄝-𑄝𑄬𑄣𑄴 𑄣𑄪𑄉𑄬 𑄗𑄳𑄆𑄮,বজ্রপাত পে থাকে
𑄊𑄪𑄢𑄴 𑄊𑄪𑄢𑄬𑄭 𑄃𑄪𑄙𑄨 𑄃𑄪𑄙𑄨 𑄇𑄚𑄴 𑄜𑄘 𑄛𑄬𑄢𑄇𑄴 𑄇𑄢𑄳𑄦𑄨,.ঘোর ঘিে উপরের দিকে কান ফাটার শব্দ
𑄝𑄪𑄉𑄧 𑄊𑄨𑄣𑄬 𑄣𑄢𑄬 𑄘𑄨 𑄏𑄨𑄟𑄴𑄣𑄬𑄭 𑄃𑄪𑄙𑄨𑄝𑄧,বুো ঘিলে দৌাদৌি করবে
𑄏𑄧𑄢𑄴 𑄘𑄨𑄝𑄧 𑄃𑄧𑄊𑄪𑄢𑄴 𑄉𑄧𑄢𑄳𑄦𑄨,মুষলধারে
𑄛𑄬𑄣𑄁 𑄝𑄳𑄦𑄬𑄭 𑄃𑄪𑄙𑄨𑄝𑄧 𑄍𑄧𑄢 𑄍𑄪𑄢𑄨,পাহাের বেে উঠবে ছা ছুরি
𑄌𑄬𑄢𑄴 𑄇𑄨𑄖𑄬𑄴 𑄦𑄧𑄝𑄧 𑄙𑄪𑄛𑄴,চূা দিে সাদা
𑄉𑄧𑄋𑄀𑄢𑄴 𑄦𑄧𑄝𑄧 𑄍𑄧𑄢 𑄚𑄣𑄴,নদী হবে ছার নালা
𑄖𑄪𑄝𑄮𑄣𑄴 𑄃𑄪𑄙𑄨𑄝𑄧 𑄟𑄪𑄢𑄧𑄖𑄴𑄗𑄪𑄚𑄴,.মোরগ উঠবে আমার কাছ থেকে
𑄃𑄢 𑄌𑄇𑄴 𑄃𑄬𑄞𑄇𑄴 𑄞𑄎𑄨,এক জাতী ভাজি
𑄊𑄪𑄣𑄴 𑄛𑄉𑄧𑄖𑄴 𑄃𑄢 𑄌𑄇𑄴 𑄃𑄪𑄙𑄨𑄝𑄇𑄴 𑄃𑄪𑄙𑄨𑄝𑄇𑄴,ঘুর্ণিবাি বা ঘুর্ণিবাি
𑄥𑄬 𑄏𑄧𑄢𑄧𑄟𑄠𑄴 𑄎𑄪𑄟𑄴𑄢𑄚𑄳𑄆𑄮 𑄟𑄪𑄭,সে ঝগা জুমে মারা যা
𑄡𑄬𑄭𑄚𑄬 𑄥𑄨𑄃𑄧𑄖𑄴 𑄗𑄬𑄟𑄳𑄆𑄮 𑄌𑄳𑄦𑄬,যখন তখন তাাতাি দেখ
𑄇𑄳𑄦𑄨 𑄌𑄮𑄇𑄴 𑄎𑄪𑄢𑄠𑄴!,কি চোখ জুানো
𑄟𑄧𑄚𑄚𑄴 𑄦𑄧𑄠𑄴 𑄖𑄨𑄚𑄬𑄁 𑄜𑄣𑄁,মনের মতো হওা বা হওা
𑄇𑄧𑄠𑄴 𑄝𑄚 𑄚𑄧 𑄃𑄬𑄌𑄴 𑄃𑄢𑄴 𑄥𑄨𑄖𑄴𑄗𑄪𑄚𑄴,কটা শুধু এখানে আসিও আর সেখান থেকে
𑄌𑄳𑄦𑄬𑄭 𑄗𑄇𑄴 𑄝𑄚 𑄌𑄳𑄦𑄬𑄭 𑄗𑄇𑄴,চেে থাক শুধু তাাতাি থাক
𑄇𑄨 𑄥𑄪𑄈𑄴 𑄥𑄨𑄠𑄬𑄚𑄴 𑄃𑄬𑄇𑄴𑄈𑄚𑄴,কি সুখ সেটা একটা
𑄞𑄋𑄨 𑄇𑄨 𑄇𑄳𑄆𑄮 𑄛𑄢𑄬!,ভেঙে কি বলতে পারে!
"𑄣𑄧𑄉𑄬 𑄣𑄧𑄉𑄬 𑄃𑄪𑄙𑄨𑄝𑄇𑄴 𑄓𑄳𑄟𑄪𑄪𑄢𑄨 𑄞𑄧𑄠 𑄝𑄬𑄋𑄴, 𑄇𑄧𑄢𑄴𑄇𑄪𑄢𑄨 𑄝𑄬𑄋𑄴,",".সাথে সাথে ব ব বো বো,কাঁকার বো"
"𑄊𑄨𑄣𑄬 𑄝𑄬𑄋𑄴, 𑄇𑄪𑄙𑄪 𑄝𑄨𑄎𑄨 𑄝𑄬𑄋𑄴, 𑄞𑄎 𑄝𑄬𑄋𑄴, 𑄉𑄌𑄴 𑄝𑄬𑄋𑄴,","ঘিলে বো, কোথা বো, ভাজা বো, গাের বো"
"𑄈𑄇𑄴 𑄝𑄬𑄋𑄴, 𑄈𑄧𑄌𑄴𑄧𑄳𑄠 𑄝𑄬𑄋𑄴, 𑄗𑄪𑄛𑄴𑄖𑄪𑄝𑄨 𑄝𑄬𑄋𑄴,",".খাওা বো,তুতুবি বো"
𑄌𑄬𑄢𑄮 𑄇𑄨𑄖𑄬𑄴 𑄞𑄧𑄢𑄨 𑄃𑄪𑄙𑄬 𑄝𑄚 𑄝𑄬𑄋𑄧 𑄉𑄩𑄖𑄴,চোর কি ভে শুধু ব্যাঙের গান
𑄇𑄖𑄴𑄗𑄪𑄚𑄴 𑄇𑄧𑄚𑄴𑄚𑄳𑄦 𑄉𑄳𑄦𑄬𑄭 𑄎𑄚𑄬 𑄘𑄮𑄣𑄬,কে কোথা গিে জানে
𑄇𑄳𑄦𑄨 𑄇𑄚𑄴 𑄥𑄪𑄈𑄴 𑄥𑄪𑄚𑄧𑄘𑄬 𑄇𑄳𑄦𑄨 𑄇𑄚𑄴 𑄥𑄪𑄈𑄴,কি কান সুখ পাওা যা
𑄃𑄪𑄌𑄴𑄍𑄧𑄠𑄴 𑄖𑄨𑄚𑄬𑄁 𑄦𑄳𑄆𑄮 𑄃𑄪𑄙𑄬 𑄟𑄧𑄚𑄚𑄴,.উচ্ছে তেং করে উঠে মনটা
𑄟𑄧𑄚𑄬 𑄇𑄧𑄠𑄴𑄘𑄳𑄠𑄬 𑄥𑄪𑄚𑄨 𑄗𑄇𑄴 𑄝𑄚 𑄥𑄪𑄚𑄨 𑄗𑄇𑄴,মনে কেকটা শুনা থাক শুধু শুনা
𑄊𑄪𑄟𑄴 𑄚𑄧 𑄡𑄬𑄌𑄴 𑄢𑄬𑄖𑄴𑄮𑄝𑄮,ঘুম না যাওা রাত
𑄃𑄨𑄙𑄨𑄇𑄴𑄈𑄳𑄠𑄚𑄴 𑄥𑄪𑄈𑄴 𑄇𑄨𑄟 𑄞𑄊𑄬 𑄇𑄧𑄚𑄧 𑄇𑄨𑄖𑄴𑄬:𑄗𑄖𑄴!,.এত সুখ কোথা আছে?
"𑄟𑄌𑄴, 𑄇𑄋𑄢𑄳𑄦, 𑄃𑄨𑄎𑄬, 𑄥𑄟𑄪𑄇𑄴","মাছ, কাঁকা, মাছ, শামুক, শামুক"
"𑄥𑄨𑄣𑄮𑄚𑄴, 𑄟𑄪𑄣𑄨, 𑄟𑄪𑄘𑄪𑄢𑄧 𑄃 𑄟𑄪𑄣𑄧 𑄝𑄨𑄎𑄨 𑄛𑄪𑄇𑄴","সিলো, পালি, পাহাের এক জাতী পোকা"
𑄖𑄢𑄳𑄦𑄢𑄴 𑄘𑄧 𑄃𑄨𑄏𑄪 𑄝𑄨𑄏𑄪-,তাদের তো বিঝু
𑄝𑄬𑄇𑄴𑄈𑄚𑄴 𑄟𑄬𑄣𑄳𑄦 𑄈𑄧𑄣,"সব পরিষ্কার, পরিষ্কার"
𑄝𑄬𑄢𑄘𑄧𑄚𑄴 𑄎𑄪𑄇𑄴 𑄝𑄪𑄘𑄨 𑄃𑄨𑄚𑄴𑄘𑄨 𑄃𑄪𑄚𑄴𑄘𑄨,বোতে জুে বোতে এদিকে
𑄃𑄙𑄨𑄇𑄴 𑄃𑄪𑄌𑄴𑄍𑄧𑄠𑄴 𑄖𑄢𑄳𑄦 𑄞𑄎𑄬 𑄢𑄬𑄁 𑄘𑄨,বেশি উে তারা ভে রেং দে
𑄜𑄣𑄴 𑄘𑄨 𑄃𑄪𑄖𑄴𑄗𑄧𑄚𑄴 𑄇𑄨𑄃𑄳𑄆𑄮 𑄇𑄨𑄃𑄳𑄆𑄮,লাফ দিে উঠে কেন জানিনা
"𑄍𑄧𑄢, 𑄝𑄨𑄣𑄴 𑄞𑄪𑄠𑄳𑄠𑄧𑄖𑄴𑄗𑄪𑄚𑄴","ছা, বিল জমি থেকে"
𑄌𑄳𑄦𑄘𑄬 𑄇𑄳𑄦𑄨 𑄘𑄮𑄣𑄴 𑄣𑄉𑄬,দেখে কি সুন্দর লাগে
𑄇𑄧𑄇𑄴𑄈𑄬 𑄟𑄧𑄚𑄴 𑄛𑄧𑄢𑄚𑄴 𑄎𑄪𑄢𑄬 𑄡𑄭 𑄃𑄪𑄌𑄴𑄍𑄧𑄠𑄴,কখন মনটা ভালো হে যা
𑄞𑄪𑄠𑄳𑄠𑄧 𑄇𑄨𑄖𑄬𑄴 𑄡𑄪𑄚𑄨 𑄌𑄳𑄦𑄁,ভুিে কি দেখতেছি
𑄎𑄪𑄢𑄬 𑄡𑄠𑄴 𑄛𑄧𑄢𑄚𑄴,ভালোভাবে যাওা বা যাওা
𑄦𑄬𑄣𑄴 𑄦𑄬𑄣𑄴 𑄙𑄚𑄬 𑄎𑄪𑄢𑄬 𑄡𑄠𑄴 𑄝𑄪𑄇𑄴,সুন্দর সুন্দর ধানে শুে যাওা যা
𑄞𑄧𑄢𑄨 𑄡𑄠𑄴 𑄟𑄧𑄚𑄴 𑄗𑄚𑄴 𑄛𑄠𑄴 𑄃𑄏-𑄥𑄧𑄝𑄧𑄚𑄴,.মনে হ মন বসে যা
𑄃𑄪𑄌𑄴𑄍𑄧𑄢𑄴 𑄗𑄪𑄝𑄮𑄣𑄧𑄖𑄴 𑄚𑄎𑄨 𑄃𑄪𑄙𑄬 𑄛𑄧𑄢𑄚𑄴,.উচ্ছের শেষে নাচতে হ
𑄞𑄎𑄨 𑄃𑄪𑄙𑄨 𑄌𑄮𑄊𑄧𑄖𑄴 𑄟 𑄣𑄧𑄇𑄴𑄈𑄨 𑄟𑄢𑄬,. ভাজির উপরে মা লক্ষী মারে
𑄇𑄳𑄦𑄨 𑄥𑄪𑄈𑄴 𑄃𑄬𑄡𑄬 𑄟𑄧𑄚𑄧𑄖𑄴 𑄇𑄳𑄦𑄨 𑄥𑄪𑄈𑄴!,.কি সুখ এই মনে!
𑄎𑄪𑄟𑄧 𑄇𑄨𑄖𑄬𑄴 𑄡𑄪𑄚𑄨 𑄌𑄳𑄦𑄁,জুমে জুমে চামা দেখি
𑄇𑄳𑄦𑄨 𑄥𑄧𑄢𑄴𑄉𑄧 𑄃𑄢𑄧 𑄥𑄨𑄠𑄬𑄚𑄴!,কি স্বর্গ আর সেটা
"𑄝𑄬𑄚𑄴𑄳𑄠, 𑄝𑄬𑄣𑄴𑄳𑄠, 𑄘𑄨𑄝𑄪𑄌𑄴𑄍𑄳𑄠 𑄝 𑄢𑄬𑄘𑄮𑄢𑄴 𑄎𑄪𑄚𑄧 𑄛𑄳𑄦𑄧𑄢𑄧𑄖𑄴","বো,বিাল,বিাল,বিালের রাত"
"𑄡𑄬𑄇𑄴𑄈𑄬 𑄎𑄪𑄢𑄳𑄦𑄨, 𑄙𑄪𑄢𑄨, 𑄈𑄧𑄠𑄁 𑄜𑄢𑄨","যখন তখন, চুরি করে, খোল করে"
𑄏𑄧𑄣𑄴𑄊 𑄝𑄮𑄠𑄳𑄠𑄢𑄴 𑄝𑄏𑄨𑄝𑄧 𑄎𑄪𑄟𑄧𑄖𑄴,ঝগা বাঝি জুমে
𑄙𑄚𑄴 𑄉𑄌𑄴𑄍𑄪𑄚𑄴 𑄃𑄪𑄙𑄨𑄝𑄇𑄴 𑄚𑄎𑄨 𑄖𑄨𑄚𑄬𑄁 𑄜𑄣𑄁 𑄦𑄳𑄆𑄮,ধানের চারাগুলো উে উে যাচ্ছে
"𑄊𑄧𑄌𑄴𑄍𑄳𑄠 𑄎𑄬𑄙𑄬𑄚, 𑄇𑄮𑄚𑄴","ঘিে যাওা,কোনদিকে"
"𑄥𑄪𑄙𑄧, 𑄇𑄬𑄌𑄴𑄝𑄨𑄎𑄨, 𑄥𑄧𑄘𑄧𑄢𑄧𑄇𑄴 𑄜𑄪𑄣𑄧 𑄉𑄌𑄴",".সুগন্ধি শাক,এক জাতী ফুল"
𑄃𑄪𑄌𑄴𑄍𑄧𑄠𑄴 𑄔𑄪𑄣𑄨𑄝𑄇𑄴 𑄦𑄎𑄨 𑄦𑄎𑄨,.উচ্ছে দুলে দুলে হাসছে
𑄟𑄪𑄭 𑄝𑄳𑄆𑄮 𑄘𑄝𑄝𑄧𑄣𑄳𑄆𑄮 𑄃𑄬𑄇𑄴𑄇 𑄃𑄬𑄇𑄴𑄇 𑄑𑄚𑄨,পাহাের চূা একটু একটু টানা
𑄢𑄨𑄚𑄨 𑄌𑄳𑄦𑄬𑄠𑄴 𑄥𑄬 𑄟𑄪𑄇𑄴𑄈𑄬,সে মুখে হাসি দিে আছে
𑄘𑄬𑄊𑄨𑄟𑄴 𑄥𑄨𑄠𑄬𑄚𑄨,দেখতেছি সেগুলো
𑄇𑄳𑄦𑄨 𑄝𑄪𑄇𑄴 𑄎𑄪𑄢𑄠𑄴 𑄌𑄬𑄇𑄴𑄈𑄬 𑄇𑄳𑄦𑄨 𑄝𑄪𑄇𑄴 𑄎𑄪𑄢𑄠𑄴,কি বুক জুে দেখিে কি বুক জুে থাকে
𑄇𑄧𑄇𑄴𑄈𑄬 𑄟𑄪𑄢𑄧𑄖𑄴𑄗𑄪𑄚𑄴 𑄃𑄪𑄙𑄬 𑄟𑄪𑄠𑄚𑄴 𑄞𑄬𑄉𑄬𑄙𑄬𑄭,কখন আমার থেকে বের হে গেল
𑄇𑄳𑄦𑄨 𑄥𑄪𑄈𑄴 𑄃𑄨𑄠𑄬𑄚𑄴 𑄇𑄳𑄦𑄨 𑄥𑄪𑄈𑄴-,কী সুখ এই জীবনে?
𑄝𑄪𑄏𑄬 𑄇𑄨 𑄘𑄬𑄊𑄬 𑄛𑄢𑄬 𑄃𑄨𑄠𑄬𑄚𑄴!,.এটা কি দেখতে পারে?
𑄃 𑄝𑄬𑄚𑄴𑄳𑄠 𑄝 𑄝𑄬𑄣𑄴𑄳𑄠 𑄎𑄪𑄢𑄮 𑄃𑄧𑄇𑄴𑄗𑄧𑄖𑄴,এ বো বা বো জুা সমে
𑄎𑄪𑄟𑄧 𑄙𑄚𑄧 𑄍𑄬𑄢𑄬 𑄍𑄬𑄢𑄬 𑄡𑄬𑄇𑄴𑄈𑄬 𑄝𑄬𑄢𑄬𑄟𑄴,জুমের ধান খেে যখন বের হবো
"𑄃𑄧𑄊𑄪𑄢𑄴 𑄟𑄳𑄦𑄟𑄴𑄢 𑄌𑄨𑄚𑄴𑄘𑄨𑄢𑄳𑄦, 𑄥𑄪𑄊𑄪𑄢𑄨 𑄳𑄟𑄪𑄣𑄧, 𑄇𑄪𑄟𑄴𑄪𑄢𑄮","এক জাতী বুনো ফল,সুগন্ধি ফুল,কুমরো"
"𑄳𑄟𑄪𑄣𑄧 𑄳𑄟𑄪𑄣𑄧 𑄃𑄊𑄧𑄚𑄴 𑄉𑄧𑄌𑄬𑄴 𑄉𑄧𑄌𑄬𑄴,",.মূল মূল আছে বেশি বেশি
"𑄌𑄋𑄧𑄖𑄴 𑄃 𑄣𑄪𑄢𑄴 𑄌𑄳𑄦𑄬𑄣𑄬 𑄇𑄪𑄙𑄪 𑄳𑄟𑄪𑄣𑄧, 𑄖𑄨𑄘𑄬 𑄳𑄟𑄪𑄣𑄧, 𑄍𑄪𑄟𑄨,","চাঙে আগুন দেখলে কোথা যাবো, তেতো আগুন দেখলে কোথা যাবো"
"𑄏𑄨𑄉𑄬, 𑄇𑄋𑄢𑄳𑄦 𑄳𑄟𑄪𑄣𑄧, 𑄇𑄳𑄆𑄧𑄘𑄳𑄠, 𑄖𑄨𑄖𑄴𑄧𑄣𑄴 𑄳𑄟𑄪𑄣𑄧","ঝিঙে, কাঁকার মূল, কোকা, তেতুলের মূল"
"𑄟𑄘𑄨 𑄜𑄘𑄨 𑄃𑄪𑄖𑄴𑄗𑄧𑄚𑄴 𑄍𑄟𑄴𑄮 𑄇𑄧𑄎𑄪, 𑄉𑄧𑄢𑄨 𑄇𑄧𑄎𑄪, 𑄍𑄧 𑄇𑄧𑄎𑄪,","মাটি ফালি দিে তুলছে ছাা কচু, কলা কচু"
"𑄝𑄧𑄘 𑄇𑄧𑄎𑄪, 𑄃𑄪𑄣𑄴 𑄇𑄧𑄎𑄪, 𑄚𑄢𑄨𑄇𑄪𑄣𑄴 𑄇𑄧𑄎𑄪, 𑄜𑄨𑄣𑄬 𑄃𑄣𑄪, 𑄦𑄬𑄘𑄧 𑄒𑄬𑄁 𑄃𑄣𑄪","এক জাতী কচু, ওল কচু, এক জাতী আলু, এক জাতী আলু"
"𑄝𑄳𑄝𑄴𑄳𑄢 𑄃𑄣𑄪, 𑄊𑄪𑄘𑄨 𑄃𑄣𑄪, 𑄟𑄪 𑄃𑄣𑄪, 𑄎𑄪𑄢𑄮 𑄃𑄣𑄪, 𑄥𑄨𑄟𑄬 𑄃𑄣𑄪-","ব আলু,গুো আলু,সিমের আলু"
"𑄞𑄮𑄚 𑄞𑄮𑄚 𑄦𑄳𑄆𑄮 𑄃𑄊𑄬 𑄇𑄧𑄠𑄳𑄠𑄬𑄧𑄁 𑄃𑄣𑄪, 𑄛𑄚𑄴 𑄃𑄣𑄪, 𑄖𑄖𑄴 𑄃𑄣𑄪","ভে ভে আছে কেকটা আলু, পান আলু, তাত আলু"
𑄢𑄟𑄴 𑄃𑄣𑄪 𑄥𑄧𑄟𑄧𑄖𑄴 𑄚𑄚𑄋𑄴 𑄏𑄢𑄴𑄝𑄧 𑄃𑄣𑄪 𑄣𑄪𑄘𑄨,রাম আলু সম অনেকগুলো বুনো আলু
"𑄣𑄧𑄏 𑄣𑄧𑄏 𑄦𑄳𑄆𑄮 𑄃𑄊𑄧𑄚𑄴 𑄟𑄚𑄴 𑄇𑄧𑄎𑄪, 𑄒𑄬𑄋 𑄇𑄧𑄎𑄪, 𑄘𑄪𑄖𑄴 𑄇𑄧𑄎𑄪","পাহাের কচু, পাহাের কচু"
"𑄦𑄬𑄢 𑄇𑄧𑄎𑄪, 𑄝𑄪𑄚𑄴𑄘𑄪𑄇𑄴 𑄇𑄧𑄎𑄪,","মাংস কচু,বুো কচু"
𑄉𑄨𑄢𑄳𑄦𑄬𑄭 𑄉𑄨𑄢𑄳𑄦𑄬𑄭 𑄙𑄧𑄢𑄨 𑄃𑄊𑄧𑄚𑄴 𑄃𑄬𑄇𑄴 𑄒𑄬𑄋𑄬 𑄒𑄨𑄠𑄬𑄭,গিে গিে আছে এক পাে
𑄟𑄧𑄇𑄴𑄳𑄠 𑄃 𑄙𑄉 𑄍𑄪𑄟𑄨 𑄉𑄌𑄴,.মাকা আাশা গাছ
𑄝𑄳𑄟𑄬𑄪𑄚𑄴 𑄉𑄏𑄧𑄖𑄴 𑄃𑄊𑄧𑄚𑄴 𑄝𑄳𑄟𑄬𑄪𑄚𑄴,বস গাছ আছে বসে
"𑄏𑄧𑄣𑄧𑄁 𑄝𑄮𑄖𑄴𑄗𑄳𑄠 𑄦𑄳𑄆𑄮 𑄃𑄊𑄧𑄚𑄴 𑄟𑄬𑄠𑄳𑄠 𑄍𑄇𑄴, 𑄃𑄟𑄴𑄮𑄌𑄴 𑄍𑄇𑄴, 𑄟𑄢𑄳𑄦𑄬𑄌𑄴 𑄥𑄇𑄴","ঝগাটে বইের মতো আছে মেের পাতা,আমের পাতা,মারের শাক"
"𑄛𑄪𑄏𑄮𑄇𑄴, 𑄜𑄪𑄎𑄨, 𑄃𑄟𑄨𑄣𑄬, 𑄝𑄬𑄀𑄋𑄮𑄣𑄴, 𑄖𑄨𑄘𑄬 𑄝𑄬𑄀𑄋𑄮𑄣𑄴, 𑄝𑄧𑄢𑄴 𑄝𑄬𑄀𑄋𑄮𑄣𑄴,",".পুো, ফুজি, আমিলে, তেতো বেঙোল, ব বেঙোল, ব বেঙোল, ব বেঙোল"
"𑄚𑄢𑄬𑄌𑄴 𑄍𑄇𑄴, 𑄍𑄝𑄢𑄁, 𑄣𑄪𑄟𑄴 𑄜𑄪𑄣𑄴, 𑄟𑄖𑄴𑄳𑄠 𑄇𑄚𑄮𑄌𑄴, 𑄙𑄨𑄟𑄬 𑄖𑄨𑄘𑄬,",".নাার ছাকা, লুডু ফুল,মাছের কান, তেতো তেতো"
"𑄖𑄧𑄘𑄬𑄉𑄧 𑄎𑄨𑄣𑄴 𑄍𑄇𑄴, 𑄃𑄮𑄏𑄮𑄚𑄴 𑄍𑄇𑄴 𑄃 𑄣𑄬𑄣𑄧𑄟𑄴 𑄛𑄘 𑄘𑄪𑄝𑄧","এক জাতী বুনো শাক,ওরোজনা পাতা দিে সালাদ বানানো হ"
"𑄘𑄝𑄬 𑄘𑄝𑄬 𑄃𑄊𑄬 𑄖𑄨𑄙𑄬 𑄇𑄧𑄎𑄪, 𑄍𑄨𑄃𑄮𑄚𑄴 𑄍𑄇𑄴, 𑄣𑄧𑄁𑄘𑄳𑄠 𑄇𑄧𑄎𑄪, 𑄃𑄬𑄇𑄴 𑄘𑄌𑄴𑄳𑄠 𑄇𑄧𑄎𑄪","তেতো কচু,ছিঁা কচু,এক ডালের কচু,এক ডালের কচু"
𑄞𑄨𑄘𑄬𑄠𑄴 𑄞𑄨𑄘𑄬𑄠𑄴 𑄜𑄪𑄘𑄨 𑄃𑄊𑄧𑄚𑄴 𑄙𑄪𑄛𑄴 𑄙𑄪𑄛𑄴 𑄍𑄟𑄴𑄮 𑄃𑄪𑄣𑄴,ভে ভে সাদা সাদা জামা পে আছে
"𑄟𑄧𑄢 𑄉𑄏𑄧𑄖𑄴 𑄜𑄪𑄘𑄨 𑄃𑄊𑄧𑄚𑄴 𑄉𑄌𑄴 𑄃𑄪𑄣𑄴, 𑄇𑄧𑄇𑄴𑄈𑄬𑄁 𑄈𑄛𑄴𑄧𑄳𑄠 𑄃𑄪𑄣𑄴,","মৃত গাছে ফুটে আছে গাছের মাশরুম, কেকটা খাগা মাশরুম"
𑄃𑄪𑄚𑄴𑄪𑄢𑄴 𑄇𑄚𑄴 𑄃𑄪𑄣𑄴-,এক জাতী মাশরুম
"𑄟𑄘𑄨𑄖𑄴 𑄜𑄪𑄘𑄨 𑄃𑄊𑄧𑄚𑄴 𑄉𑄧𑄢𑄪𑄖𑄴𑄱𑄇𑄴 𑄃𑄪𑄣𑄴, 𑄪𑄢𑄨𑄁 𑄝𑄥𑄴 𑄃𑄪𑄣𑄴, 𑄍𑄧𑄚 𑄃𑄪𑄣𑄴","মাটিতে পে আছে গরুটা, রিং বাশ, ছনা উল"
"𑄎𑄪𑄟𑄧 𑄙𑄪𑄏𑄨 𑄘𑄧𑄚𑄖𑄴 𑄃𑄊𑄧𑄚𑄴 𑄖𑄢, 𑄌𑄬𑄋𑄬 𑄖𑄢, 𑄇𑄧𑄣 𑄉𑄌𑄴,","জুমের জমিতে আছে তারা,চেঙে তারা,কলা গাছ"
"𑄇𑄧𑄣𑄖𑄴𑄗𑄪𑄢𑄴, 𑄙𑄨𑄋𑄨 𑄍𑄇𑄴, 𑄃𑄨𑄎𑄬 𑄘𑄢𑄧 𑄍𑄇𑄴, 𑄃𑄢𑄧 𑄚𑄚𑄋𑄚𑄴","কলাত্তুর, ঢেঁকির ছাক, ইজে পাহাের চামা, আরও অনেক কিছু"
𑄛𑄨𑄝𑄨𑄢𑄴 𑄛𑄨𑄝𑄨𑄢𑄴 𑄝𑄮𑄠𑄳𑄠𑄢𑄴 𑄝𑄳𑄦𑄢𑄴,জোরে জোরে বাতাস বছে
𑄍𑄨𑄇𑄴 𑄇𑄢𑄳𑄦𑄧𑄋𑄧𑄢𑄴 𑄃𑄬𑄇𑄴𑄇 𑄃𑄬𑄇𑄴𑄇,ছিঁচকাঁদুনে একটু একটু
𑄇𑄇𑄴𑄈𑄬 𑄎𑄪𑄢𑄬 𑄡𑄬𑄠𑄳𑄠 𑄛𑄧𑄢𑄚𑄚𑄴,হঠাৎ করে প্রাণটা ছটফট করতেছে
𑄥𑄪𑄊𑄧𑄢𑄴 𑄖𑄪𑄝𑄮𑄣𑄧𑄖𑄴 𑄃𑄪𑄋𑄪𑄘𑄧 𑄇𑄢𑄳𑄦𑄨 𑄃𑄪𑄙𑄨,.সুগন্ধি বুদবুদে উে ওঠা
𑄚𑄎𑄨 𑄃𑄪𑄙𑄬𑄢𑄴 𑄟𑄧𑄚𑄚𑄴,নাচতে নাচতে মনটা নাচতেছে
𑄟𑄧𑄚𑄧 𑄟𑄪𑄢𑄴 𑄈𑄧𑄎𑄧𑄢𑄬𑄭,মনের মলা
𑄇𑄧𑄣𑄬𑄠𑄮 𑄇𑄨 𑄇𑄳𑄆𑄮 𑄜𑄪𑄢𑄬𑄭!,.কথাও কি শেষ হেছে!
𑄘𑄨𑄚𑄴𑄮𑄝𑄳𑄠𑄧 𑄇𑄟𑄴 𑄉𑄧𑄢𑄳𑄦𑄨,সারাদিন কাজ করে
𑄞𑄖𑄴 𑄈𑄬𑄭 𑄖𑄨𑄖𑄴𑄨 𑄉𑄧𑄢𑄳𑄦𑄨,ভাত খেে তিত্তি করে
𑄢𑄬𑄘𑄮𑄢𑄴 𑄎𑄪𑄢𑄮 𑄦𑄞𑄖𑄴 𑄃𑄨𑄎𑄮𑄢𑄧𑄖𑄴 𑄝𑄳𑄆𑄮,রাতের বেলা জুার হাত ধোা হেছে
"𑄡𑄪𑄚𑄨 𑄝𑄁 𑄈𑄬𑄁𑄉𑄳𑄢𑄧𑄁, 𑄙𑄪𑄙𑄪𑄇𑄴, 𑄥𑄨𑄋𑄬 𑄝𑄏𑄨","যুক্তাক্ষর, ধুধুক, সিঙে বাশি"
𑄃𑄪𑄇𑄪𑄣𑄬 𑄎𑄪𑄟𑄧𑄖𑄴𑄗𑄪𑄚𑄴 𑄃𑄢𑄧 𑄃𑄬𑄇𑄴 𑄘𑄊𑄨,উকুলে জুম থেকে আর এক দফা
𑄙𑄧𑄢𑄨𑄝𑄇𑄴 𑄃𑄮𑄠𑄖𑄴 𑄟𑄧𑄢𑄳𑄦𑄬,আমাকে ধরে নিে যাবে
𑄟𑄪𑄭 𑄘𑄨𑄟𑄴 𑄎𑄮𑄛𑄴 𑄜𑄨𑄢𑄬,আমি দিে দিে আসবো
𑄖𑄢𑄳𑄦 𑄘𑄨𑄝𑄇𑄴 𑄟𑄧𑄢𑄳𑄦𑄬,তারা আমাকে বিদা দিবে
𑄃!,অব্য পদ
𑄃𑄪𑄌𑄴𑄍𑄧𑄖𑄴 𑄇𑄪𑄙𑄪 𑄟𑄧𑄚𑄚𑄴 𑄡𑄭 𑄦𑄏𑄨,উপরের দিকে কোথা মনটা যা
𑄇𑄳𑄆𑄮 𑄛𑄢𑄬 𑄇𑄨 𑄥𑄬𑄇𑄴𑄈𑄬!,.বলতে পারে কি তাহলে!
𑄝𑄎 𑄡𑄬𑄇𑄴𑄈𑄬 𑄗𑄪𑄟𑄴 𑄦𑄧𑄝𑄧,বাজা কিছুক্ষণ পর শেষ হে যাবে
𑄢𑄬𑄖𑄴 𑄚𑄨𑄏𑄨 𑄦𑄧𑄝𑄧,রাত ভোর হবে
𑄉𑄧𑄌𑄬𑄴𑄳𑄠 𑄛𑄧𑄢𑄨𑄟𑄴 𑄃𑄨𑄎𑄮𑄢𑄧𑄖𑄴 𑄟𑄧𑄚𑄧𑄢𑄴 𑄃𑄪𑄌𑄴𑄍𑄧 𑄉𑄧𑄢𑄳𑄦𑄨,গাগি পে যাবো আজকে মনে পে
𑄢𑄨𑄚𑄨 𑄌𑄳𑄦𑄬𑄟𑄴 𑄘𑄬𑄝 𑄟𑄪𑄇𑄴𑄈𑄬,.নিচে চামা রংধনুর মতো
𑄘𑄬𑄊𑄧𑄁 𑄎𑄪𑄚𑄚𑄬 𑄌𑄳𑄦𑄬𑄭 𑄃𑄊𑄬 𑄥𑄬𑄇𑄴𑄈𑄬,দেখে দেখে আছে সে
𑄇𑄧𑄙𑄧𑄇𑄴 𑄟𑄧𑄚𑄧𑄢𑄴 𑄙𑄢𑄎𑄬,কত মন খারাপ হেছে
𑄇𑄧𑄙 𑄇𑄧𑄞𑄢𑄴 𑄟𑄧𑄣𑄴𑄮𑄳𑄆,কথা ফাঁস হেছে
𑄟𑄧𑄚𑄧 𑄙𑄨𑄝𑄬 𑄈𑄪𑄣𑄨,মন খোলা
𑄦𑄏𑄨 𑄦𑄏𑄨 𑄃𑄨𑄏𑄨𑄢𑄬𑄘𑄨 𑄓𑄉𑄨-,পাহাে পাহাে ডাগা
𑄘𑄬𑄊𑄧𑄁 𑄖𑄢𑄃𑄪𑄚𑄬𑄠𑄳𑄠𑄧 𑄓𑄉𑄧𑄘𑄧𑄚𑄴 𑄌𑄮𑄊𑄧 𑄗𑄢𑄬 𑄗𑄢𑄬,দেখে মনে হ তারা সবাই চোখ বন্ধ করে থাকে
𑄇𑄧𑄙𑄧𑄚𑄴 𑄃𑄠𑄴 𑄃𑄠𑄴 𑄡𑄬𑄭 𑄙𑄧𑄚𑄴,কত ধন আছে যে ধন
𑄝𑄌𑄴𑄍𑄬 𑄃𑄊𑄨 𑄖𑄧𑄢𑄳𑄦𑄬,তোমাকে মনে পে আছে
𑄞𑄣𑄧𑄇𑄴𑄈𑄚𑄨 𑄇𑄧𑄙 𑄃𑄊𑄬 𑄖𑄧𑄣𑄴𑄮𑄳𑄆,অনেক কথা আছে তার
𑄟𑄧𑄚𑄴 𑄛𑄪𑄢𑄬𑄭 𑄇𑄧𑄝𑄧𑄁 𑄃𑄬𑄌𑄬𑄴𑄳𑄦-,মনের মতো কথা বলতেছি
𑄘𑄬𑄊𑄧𑄁 𑄎𑄪𑄕𑄨𑄃𑄪𑄚𑄬𑄠𑄳𑄠𑄧 𑄓𑄉𑄧𑄘𑄧𑄚𑄴,চেহারা জুি দিে কথা বলে
𑄃𑄨𑄚𑄴𑄘𑄨 𑄃𑄠𑄴 𑄡𑄬𑄭 𑄃𑄨𑄚𑄴𑄘𑄨 𑄃𑄠𑄴,এখানে যে দিকে আছে
𑄇𑄧𑄇𑄴𑄈𑄧𑄚𑄴 𑄦𑄧𑄣𑄧 𑄝𑄌𑄴𑄍𑄬 𑄃𑄊𑄨 𑄖𑄧𑄢𑄳𑄦𑄬,কবে যে তোমার জন্য অপেক্ষা করে আছি
𑄃𑄘𑄬 𑄇𑄪𑄢𑄬 𑄊𑄪𑄢𑄨 𑄊𑄪𑄢𑄨,মাঝে মাঝে ঘুরে বো
𑄇𑄧𑄙 𑄇𑄧𑄝𑄧𑄁 𑄞𑄨𑄣𑄨-,কথা বলতে বলতে
𑄝𑄮𑄠𑄳𑄠𑄢𑄚𑄬 𑄇𑄳𑄦𑄧𑄢𑄴 𑄇𑄨𑄌𑄴𑄍𑄪 𑄚𑄧 𑄌𑄳𑄦𑄬𑄌𑄴 𑄡𑄬𑄭,বইের মধ্যে কিছু দেখতেছ না
𑄟𑄪𑄭 𑄃𑄬𑄌𑄴𑄍𑄳𑄠𑄧𑄁 𑄖𑄧𑄠𑄴𑄘𑄪,আমি এসেছি তোমার সাথে
𑄝𑄨𑄎𑄮𑄚𑄴 𑄝𑄨𑄎𑄨 𑄘𑄧𑄋𑄧𑄢𑄴,বিদ্যুৎ চমকানি
𑄊𑄪𑄟𑄴 𑄡 𑄖𑄪𑄭 𑄎𑄪𑄢𑄮 𑄉𑄧𑄢𑄳𑄦𑄨,ঘুম যাও তুমি শান্ত হও
𑄝𑄏𑄨 𑄃𑄊𑄧𑄁 𑄟𑄪𑄭 𑄖𑄧 𑄇𑄬𑄠𑄳𑄠𑄖𑄴-,আমি তোমার জন্য অপেক্ষা করতেছি
"𑄦𑄧𑄉𑄧𑄣𑄧𑄇𑄴, 𑄛𑄬𑄎, 𑄙𑄪𑄙𑄪𑄈𑄋𑄪𑄚𑄬 𑄇𑄧𑄙𑄧𑄚𑄴","হগল,পো,ধুধুুকের কথা"
"𑄇𑄨 𑄉𑄧𑄢𑄳𑄦𑄧𑄢𑄴, 𑄇𑄧𑄇𑄴𑄈𑄧𑄚𑄴 𑄃𑄊𑄧𑄌𑄴","কি করতেছে,কিছুক্ষণ আছে"
𑄃𑄠𑄴 𑄃𑄠𑄴 𑄏𑄘𑄨-𑄉𑄩𑄖𑄴 𑄉𑄳𑄦𑄬𑄭 𑄥𑄧𑄟𑄢𑄬-,.আাআি গান গাইতেছে
"𑄊𑄪𑄋𑄪𑄢𑄧, 𑄇𑄣𑄴 𑄊𑄪𑄋𑄪𑄢𑄧, 𑄜𑄨𑄢𑄨𑄋𑄴, 𑄌𑄨𑄉𑄬𑄃𑄪𑄚𑄬 𑄇𑄧𑄙𑄧𑄚𑄴","ঘুঙুর, কালো ঘুঙুর,ফিরিে,চিগিে কথা বলে"
𑄊𑄪𑄟𑄴 𑄡 𑄞𑄬𑄭 𑄖𑄪𑄭 𑄊𑄪𑄟𑄴 𑄡,ঘুম যাে তোমরা ঘুম যাও
𑄇𑄚𑄴 𑄥𑄪𑄈𑄴 𑄉𑄧𑄢𑄳𑄦𑄨 𑄦𑄘 𑄦𑄖𑄴𑄗𑄳𑄠 𑄖𑄧𑄢𑄳𑄦𑄬,কানের সুখ করে হাত দাও তোমাকে
𑄃𑄪𑄣𑄨 𑄓𑄉𑄨 𑄘𑄨𑄢𑄴 𑄃𑄟𑄨,আমরা এদিক ওদিক ছোটাছুটি করি
𑄇𑄳𑄦𑄨 𑄥𑄪𑄈𑄴 𑄃𑄨𑄠𑄬𑄚𑄨 𑄇𑄳𑄦𑄨 𑄥𑄪𑄈𑄴,কি সুখ এগুলো কি সুখ
𑄇𑄪𑄙𑄪 𑄃𑄊𑄧𑄁 𑄟𑄪𑄭 𑄍𑄪𑄇𑄴 𑄚𑄧 𑄛𑄁 𑄚𑄨𑄎𑄧𑄢𑄬,কোথা আছি আমি দেখতে পাই না
𑄚𑄨𑄢𑄴𑄝𑄚𑄴?,অব্য পদ
𑄚 𑄖𑄖𑄴𑄗𑄪𑄚𑄴 𑄃𑄢𑄧 𑄃𑄳𑄟𑄪𑄪𑄢𑄬!,না তার থেকে আরও বেশি
𑄇𑄳𑄦𑄨 𑄞𑄬𑄉𑄮𑄖𑄴𑄗𑄳𑄠 𑄟𑄪𑄭 𑄃𑄬 𑄘𑄬𑄌𑄴𑄌𑄚𑄧𑄖𑄴 𑄛𑄬𑄠𑄳𑄠𑄧𑄁 𑄎𑄧𑄚𑄧𑄟𑄴!,কি বোকা আমি এই পৃথিবীতে পেেছি
𑄝𑄢𑄳𑄦𑄨𑄏𑄬 𑄢𑄨𑄖𑄴 𑄝𑄨𑄘𑄨-𑄥𑄧𑄖𑄴 𑄢𑄨𑄖𑄴 𑄃𑄬𑄣𑄬 𑄜𑄨𑄢𑄨,বর্ষা রোদ-বৃষ্টি আসলে ফিরে
𑄘𑄬𑄊𑄧𑄁 𑄝𑄬𑄚𑄴𑄳𑄠 𑄛𑄧𑄖𑄴𑄗𑄳𑄠 𑄥𑄨𑄢𑄧 𑄛𑄚𑄨 𑄜𑄪𑄘𑄧,এক জাতী বো নদীর পানি ফোটা
𑄙𑄚𑄴 𑄝 𑄈𑄬𑄢𑄧 𑄃𑄉𑄖𑄴 𑄃𑄊𑄧𑄚𑄴 𑄔𑄪𑄣𑄨 𑄔𑄪𑄣𑄨,ধান বা খের আগা হেলে দুলে
𑄛𑄪𑄉𑄧𑄢𑄴 𑄘𑄬𑄝𑄖𑄴𑄗𑄪𑄚𑄴 𑄢𑄋 𑄝𑄬𑄣𑄴 𑄃𑄪𑄙𑄨,.পুার দোল থেকে লাল বেল উে
𑄛𑄧𑄢𑄨𑄣𑄬 𑄥𑄨𑄃𑄪𑄚𑄧𑄖𑄴 𑄍𑄧𑄘𑄧𑄇𑄴,. পলে শার্টে পা লাগে
𑄏𑄨𑄣𑄨𑄇𑄴 𑄟𑄢𑄨 𑄃𑄪𑄙𑄨 𑄥𑄬 𑄜𑄪𑄘𑄧𑄃𑄪𑄚𑄴,সে ফোটা ফোটাগুলো
𑄛𑄧𑄢𑄨𑄝𑄇𑄴 𑄏𑄪𑄢𑄨 𑄑𑄧𑄛𑄴 𑄑𑄧𑄛𑄴,পরিবাক ঝরে পতেছে
𑄇𑄳𑄦𑄨 𑄌𑄮𑄇𑄴-𑄟𑄧𑄚𑄴 𑄎𑄪𑄢𑄬 𑄡𑄠𑄴 𑄥𑄬𑄇𑄴𑄈𑄬,.কি চোখগুলো শান্ত হে যা
𑄇𑄳𑄆𑄮 𑄚𑄧 𑄛𑄢𑄧𑄁 𑄇𑄧𑄇𑄴𑄈𑄬 𑄟𑄧𑄚𑄚𑄧𑄖𑄴 𑄞𑄎𑄨 𑄃𑄪𑄙𑄬 𑄚𑄨𑄢𑄴𑄝𑄚𑄴 𑄥𑄪𑄈𑄴।,.কোন রকমে মনে পে সুখ
𑄇𑄳𑄦𑄨 𑄘𑄮𑄣𑄴 𑄟𑄧 𑄃𑄬 𑄘𑄬𑄌𑄴𑄌𑄚𑄴 𑄇𑄳𑄦𑄨 𑄘𑄮𑄣𑄴-,কি সুন্দর আমার এই চেহারা
𑄇𑄪𑄙𑄪 𑄃𑄊𑄬 𑄃𑄨𑄙𑄨𑄇𑄴𑄈𑄳𑄠𑄚𑄴!,কোথা আছে এটা!
𑄎𑄪𑄟𑄧 𑄙𑄚𑄴 𑄢𑄧𑄁 𑄙𑄧𑄢𑄨-𑄙𑄚𑄴 𑄍𑄧𑄢𑄃𑄪𑄚𑄴 𑄔𑄪𑄣𑄨 𑄔𑄪𑄣𑄨,জুমের ধানের রং ধরে- ধানের চারাগুলো ঢুলি ঢুলি
𑄃𑄊𑄧𑄚𑄴 𑄣𑄪𑄇𑄴𑄈𑄨𑄢𑄬 𑄝𑄪𑄉𑄨 𑄦𑄏𑄨 𑄦𑄏𑄨,এক লুকিে লুকিে
𑄎𑄬𑄙𑄬𑄚 𑄃 𑄇𑄮𑄚𑄪𑄚𑄴𑄃𑄮 𑄝𑄪𑄉𑄨 𑄣𑄪𑄇𑄴𑄈𑄨𑄢𑄬,যে কোন বুো লুকিে আছে
𑄃𑄊𑄧𑄚𑄴 𑄃𑄪𑄌𑄴𑄍𑄧𑄠 𑄥𑄨𑄢𑄬 𑄚𑄳𑄟𑄨𑄪𑄢𑄨,আাআি শিরা
𑄊𑄮𑄌𑄴𑄍𑄳𑄠 𑄜𑄪𑄣𑄴 𑄃 𑄥𑄪𑄙𑄧 𑄝𑄘𑄚 𑄎𑄪𑄟𑄴 𑄎𑄧𑄊,ঘোঁৎ ঘোঁৎ শব্দ করে জুম করা
𑄟𑄬𑄠𑄳𑄠 𑄞𑄧𑄢𑄧𑄚𑄴 𑄦𑄏𑄨𑄣𑄳𑄆𑄮 𑄙𑄪𑄛𑄴 𑄘𑄖𑄴𑄗𑄪𑄚𑄴 𑄘𑄬𑄊𑄬𑄭,মেেটা ভরা হে সাদা দাঁতগুলো দেখতেছি
𑄍𑄨𑄘𑄨 𑄃𑄊𑄧𑄚𑄴 𑄡𑄬𑄚𑄴 𑄝𑄬𑄇𑄴𑄈𑄚𑄴 𑄟𑄪𑄇𑄘𑄖𑄧 𑄎𑄪𑄟𑄚𑄧𑄖𑄴,ছিঁা আছে যেন সব মাখামাখি
𑄥𑄬 𑄉𑄌𑄴𑄍𑄪𑄚𑄴 𑄝𑄳𑄦𑄬𑄭 𑄃𑄊𑄧𑄚𑄴,সে গাছটি বেে আছে
"𑄇𑄳𑄦𑄨 𑄘𑄮𑄣𑄬 𑄃𑄢𑄧 𑄝𑄨𑄏𑄬, 𑄦𑄬𑄖𑄴 𑄝𑄨𑄏𑄬","কি ভালো আর বিে, মাথা বিে"
"𑄇𑄧𑄖𑄴𑄇𑄖𑄴𑄳𑄠 𑄝𑄨𑄏𑄬, 𑄎𑄧𑄙𑄧𑄚 𑄃 𑄖𑄪𑄢𑄨𑄁 𑄛𑄪𑄇𑄴","কত ব বিচি বিেছে,যতগুলো ব ব পোকা"
𑄛𑄬𑄇𑄴 𑄙𑄚𑄴 𑄛𑄇𑄴𑄧𑄳𑄠𑄚𑄴 𑄍𑄧𑄢 𑄍𑄧𑄢 𑄉𑄧𑄢𑄳𑄦𑄨,এক জাতী ধান গাছটা ছা ছিে
𑄣𑄪𑄋𑄨 𑄛𑄧𑄢𑄨 𑄉𑄌𑄴,লুকিে পা গাছ
𑄖𑄧𑄘𑄬𑄇𑄴 𑄃 𑄚𑄚𑄋𑄴 𑄛𑄬𑄇𑄴 𑄃𑄪𑄢𑄨 𑄃𑄬𑄭 𑄥𑄨𑄃𑄧𑄖𑄴,.তার মতো অনেক পাখি উে এই বাসা
𑄛𑄧𑄖𑄴𑄧𑄚𑄴𑄙𑄨 𑄏𑄉𑄬 𑄏𑄇𑄴,পাহাটা ঝগা করে
𑄈𑄘𑄧𑄚𑄴𑄙𑄨 𑄥𑄬 𑄙𑄚𑄪𑄚𑄴 𑄟𑄧𑄚𑄧 𑄥𑄪𑄊𑄬,খাদিে সে ধানগুলো মনে পে
𑄇𑄧𑄙𑄧𑄇𑄴 𑄃𑄪𑄌𑄴𑄍𑄧 𑄉𑄧𑄢𑄳𑄦𑄨,কত ব করে
𑄇𑄳𑄦𑄨 𑄘𑄮𑄣𑄴 𑄌𑄳𑄦𑄘𑄬 𑄇𑄳𑄦𑄨 𑄘𑄮𑄣𑄴,কি সুন্দর দেখতেছি
𑄌𑄮𑄇𑄴 𑄟𑄧𑄚𑄴 𑄎𑄪𑄢𑄬 𑄡𑄬𑄭 𑄣𑄧𑄇𑄴𑄈𑄨 𑄃𑄝𑄪𑄎𑄨,চোখ বন্ধ করে যে লক্ষীটি আছে
𑄞𑄎𑄨 𑄃𑄪𑄙𑄬 𑄞𑄣𑄬𑄘𑄧𑄢𑄴 𑄢𑄋 𑄥𑄧𑄝𑄧𑄚𑄴,. ভাজি উঠতে অনেক লাল রং
𑄦𑄏𑄨 𑄡𑄠𑄴 𑄘𑄪𑄊𑄧 𑄍𑄘,পাে যাওা যাা যা
𑄃𑄏 𑄃𑄪𑄙𑄬 𑄜𑄪𑄢𑄴 𑄟𑄢𑄨 𑄃𑄧𑄞𑄬𑄘𑄧𑄢𑄴 𑄝𑄪𑄉𑄧𑄖𑄴,.আকাশের উে ফুি দিে বাতাস বেছে
𑄃𑄝𑄧𑄢𑄴 𑄈𑄠𑄨 𑄚𑄨𑄢𑄴𑄝𑄚𑄴 𑄥𑄪𑄈𑄴 𑄟𑄧𑄚𑄚𑄧𑄖𑄴,.আবোল তাবোল সুখ মনে পে
𑄃𑄪𑄢𑄧𑄟𑄴𑄝𑄧 𑄦𑄧𑄠𑄴 𑄟𑄧𑄚𑄚𑄴 𑄃𑄪𑄌𑄴𑄍𑄧𑄠𑄴।,.মনটা উতেছে
"𑄇𑄳𑄦𑄨 𑄥𑄪𑄈𑄴, 𑄇𑄳𑄦𑄨 𑄥𑄪𑄈𑄴!","কি সুখ, কি সুখ"
𑄜𑄬𑄎 𑄇𑄧𑄎 𑄈𑄬𑄢𑄧 𑄎𑄉𑄧𑄖𑄴,কচুরিপানার জাগা
𑄇𑄳𑄦𑄨 𑄇𑄚𑄴 𑄥𑄪𑄈𑄴 𑄉𑄧𑄢𑄳𑄦𑄨 𑄃𑄬𑄇𑄴 𑄖𑄣𑄬 𑄃𑄬𑄇𑄴 𑄊𑄧𑄎𑄠𑄴,কি কান ভালো করে এক পাশে এক ঘি
𑄢𑄧 𑄜𑄘𑄬𑄭 𑄉𑄳𑄦𑄘𑄧𑄚𑄴 𑄉𑄩𑄖𑄴,.রের ফাকিঁ দিে গান
𑄛𑄬𑄣𑄁 𑄝𑄳𑄦𑄬𑄭 𑄃𑄪𑄙𑄨 𑄃𑄪𑄌𑄴𑄍𑄧 𑄟𑄧𑄚𑄚𑄨𑄖𑄴 𑄖𑄢𑄳𑄦𑄢𑄬,.পোরা সব সমে উপরে উঠতেছে তাদেরকে
𑄏𑄧𑄢𑄧 𑄢𑄨𑄖𑄴 𑄝𑄨𑄘𑄨𑄣𑄧 𑄞𑄨𑄣𑄨,মুষলধারে বৃষ্টি পে গেল
𑄇𑄳𑄦𑄨 𑄇𑄚𑄴 𑄥𑄪𑄈𑄴 𑄥𑄪𑄚𑄴𑄘𑄬 𑄇𑄳𑄦𑄨 𑄇𑄚𑄴 𑄥𑄪𑄈𑄴,কি কান সুখ পাওা যা
𑄟𑄧𑄚𑄴 𑄎𑄪𑄢𑄬 𑄡𑄠𑄴 𑄉𑄢𑄳𑄦𑄬 𑄉𑄭।,"মন শান্ত হওা, শান্ত হওা"
𑄊𑄧𑄢𑄧 𑄃𑄘𑄬 𑄇𑄪𑄢𑄬 𑄦𑄬𑄎𑄣 𑄏𑄢𑄬 𑄏𑄢𑄬,বাির পাশ দিে হেঁচে আছে
𑄃𑄪𑄢𑄧𑄘𑄧𑄚𑄴 𑄝𑄧𑄣𑄳𑄦 𑄢𑄋 𑄦𑄳𑄆𑄮,.উঠার বোলতা লাল হ
𑄥𑄪𑄢𑄧𑄖𑄴 𑄉𑄩𑄘𑄧 𑄙𑄬𑄉𑄬 𑄇𑄧𑄙𑄧𑄚𑄴 𑄃𑄚𑄬 𑄃𑄚𑄬,সুর করে শব্দ করে কথা আনে
𑄖𑄧𑄝𑄧𑄖𑄴 𑄡𑄬𑄣𑄴𑄮𑄳𑄆 𑄃𑄟𑄨,ধাক্কা খেলাম আমরা
𑄎𑄢𑄧 𑄢𑄨𑄖𑄴 𑄃𑄬𑄡𑄬𑄢𑄴,শীত আসতেছে
𑄝𑄬𑄎𑄢𑄴 𑄚𑄧 𑄦𑄮𑄌𑄴 𑄖𑄪𑄭,বেজার হে থেকো না তুমি
"𑄘𑄨 𑄡𑄬𑄢𑄴 𑄑 𑄑, 𑄃𑄢𑄧 𑄦𑄧𑄝𑄧𑄁 𑄘𑄬𑄊","দুই যে টা টা, আর হবে দেখা"
𑄥𑄬𑄇𑄴𑄈𑄧𑄚𑄴 𑄥𑄧𑄁 𑄥𑄪𑄊𑄬 𑄗𑄬𑄌𑄴 𑄖𑄪𑄭,কিছুক্ষণ পর্যন্ত চুপ করে থাক তুমি
𑄇𑄳𑄦𑄨 𑄟𑄧𑄚𑄴 𑄎𑄪𑄢𑄠𑄴!,কি মন শান্ত হওা!
𑄇𑄬𑄌𑄴𑄳𑄠 𑄜𑄪𑄣𑄴 𑄜𑄪𑄖𑄴𑄗𑄧𑄚𑄴 𑄌𑄬𑄢𑄴 𑄇𑄨𑄖𑄬𑄴 𑄙𑄪𑄛𑄴 𑄙𑄪𑄛𑄴,.কাঁকা ফুলের ফুলটি দেখতে সাদা
𑄚𑄪𑄘𑄨 𑄚𑄪𑄘𑄨 𑄦𑄎𑄨 𑄘𑄨 𑄉𑄧𑄖𑄴𑄗𑄧𑄚𑄴 𑄟𑄬𑄉𑄟𑄬𑄉𑄨,ন্যাকামো ন্যাকামো হাসি দিে হাসছে সে
𑄦𑄬𑄘𑄧𑄢𑄴 𑄦𑄞𑄠𑄴 𑄚𑄎𑄨 𑄚𑄎𑄨 𑄃𑄪𑄙𑄨,পাহাের পাে নেচে নেচে উঠা
𑄝𑄨𑄎𑄬𑄭 𑄚𑄨 𑄇𑄮𑄌𑄴 𑄛𑄛𑄳𑄦𑄨𑄠𑄚𑄴 𑄖𑄣𑄴𑄮𑄳𑄆 𑄖𑄬,বিজেে না কাপ কাপ দিে তাকিেছে সে
𑄓𑄪𑄝𑄨 𑄡𑄬𑄭 𑄟𑄧𑄚𑄧 𑄟𑄪𑄢𑄴 𑄥𑄉𑄧𑄢𑄧𑄖𑄴,ডুবিে যাওা যে মন পাগলের মতো
𑄣𑄪𑄉𑄨 𑄡𑄬𑄭 𑄇𑄣 𑄟𑄬𑄊𑄴 𑄘𑄬𑄝𑄖𑄴,লুকিে থাকা কালো মেঘ
𑄜𑄪𑄘𑄨 𑄃𑄪𑄖𑄴𑄖𑄬 𑄙𑄪𑄛𑄴 𑄟𑄬𑄊𑄴,. ফোটা ফোটা সাদা মেঘ
𑄍𑄨𑄚𑄨 𑄍𑄨𑄚𑄨 𑄃𑄬𑄡𑄬𑄢𑄴 𑄦𑄏𑄨 𑄦𑄏𑄨 𑄍𑄨𑄘𑄨,ছিঁে ছিঁে আসার শব্দ
𑄉𑄧𑄘 𑄘𑄬𑄝 𑄍𑄝𑄨,পুরো আকাশটা ছাা
𑄘𑄬𑄊 𑄦𑄳𑄆𑄮 𑄘𑄨 𑄘𑄊𑄨𑄢𑄴 𑄇𑄬𑄌𑄴𑄳𑄠 𑄃 𑄙𑄪𑄛𑄴 𑄟𑄬𑄊𑄧𑄢𑄴,ছবি হে দুইটা সাদা মেঘ
𑄢𑄧𑄟𑄪𑄌𑄴 𑄈𑄬𑄭 𑄟𑄧𑄚𑄚𑄨 𑄟𑄉𑄧𑄘𑄧𑄚𑄴 𑄚𑄉𑄧𑄢𑄴,রমুস খেে মনটা কেমন যেন করে
𑄉𑄧𑄢𑄧𑄘𑄧𑄚𑄴 𑄦𑄏 𑄦𑄏𑄨 𑄔𑄣𑄧𑄘𑄧𑄚𑄴 𑄇𑄮𑄌𑄴 𑄛𑄛𑄳𑄦𑄨,গরল হাত দিে ঢালের উপর চা চা করে
𑄥𑄧𑄘𑄧𑄢𑄴 𑄦𑄳𑄆𑄮 𑄖𑄣𑄴𑄮𑄳𑄆 𑄖𑄬,সে সম হেছে
𑄖𑄣𑄴𑄮𑄳𑄆 𑄖𑄬 𑄝𑄧𑄚𑄴 𑄎𑄪𑄢𑄨,.তার মাথা সে জুে থাকে
𑄘𑄬𑄝 𑄃𑄢𑄴 𑄛𑄘𑄣𑄬,বজ্রপাতের শব্দ
𑄌𑄳𑄦𑄘𑄬 𑄇𑄳𑄦𑄨 𑄜𑄪𑄘𑄬 𑄥𑄪𑄈𑄴,.চামা দিে কি সুখ?
𑄃𑄪𑄌𑄴𑄍𑄧𑄠𑄴 𑄞𑄎𑄨 𑄃𑄪𑄙𑄬 𑄚𑄨𑄢𑄴𑄝𑄚𑄴 𑄟𑄧𑄚𑄚𑄧𑄖𑄴,.উচ্ছে ভাজি উঠতেছে মনে হ
𑄥𑄧𑄖𑄴 𑄢𑄨𑄖𑄴 𑄝𑄨𑄘𑄨 𑄡𑄬𑄭 𑄛𑄨𑄣𑄳𑄦𑄋𑄧 𑄢𑄨𑄖𑄴 𑄃𑄬𑄭,.তন্ন তন্ন করে যে পানি পতেছে
𑄢𑄚𑄨 𑄈𑄪𑄦𑄧 𑄛𑄧𑄢𑄨 𑄝𑄬𑄚𑄴𑄳𑄠-𑄝𑄬𑄣𑄴𑄳𑄠,রানী কেশ পে বোই-বোই
𑄘𑄪𑄇𑄴𑄇𑄚𑄨 𑄃𑄟𑄢𑄴 𑄘𑄨𑄚𑄴 𑄘𑄨𑄚𑄴 𑄦𑄳𑄆𑄮 𑄡𑄢𑄴,দুঃখগুলো আমার দিন দিন হে যা
𑄛𑄧𑄢𑄧 𑄎𑄨𑄚𑄨𑄌𑄴𑄍𑄚𑄨 𑄃𑄎 𑄉𑄮𑄢𑄳𑄦𑄨𑄢𑄴,.পরের জিনিস গুলো আলগা হেছে
𑄚𑄨𑄎𑄧 𑄎𑄨𑄚𑄨𑄌𑄴𑄍𑄚𑄨 𑄗𑄮𑄢𑄴 ।,নিজের জিনিসপত্র গুছাও
𑄝𑄬𑄝𑄮𑄢𑄬 𑄓𑄊𑄨𑄢𑄴 𑄘𑄨𑄘𑄨 𑄃𑄨𑄇𑄴𑄬,বোইকে দাঁিে দো এখন
𑄟𑄪𑄏𑄨𑄢𑄬 𑄓𑄉𑄨𑄢𑄴 𑄟𑄥𑄨,পাহাে পাহাের মাসি
𑄟𑄁𑄥𑄧 𑄟𑄧𑄣𑄬 𑄘𑄮𑄣𑄴 𑄛𑄳𑄦𑄬𑄢𑄴 𑄞𑄢𑄨,মাংস পেলে সুন্দর পেে
𑄦𑄬𑄢 𑄇𑄧𑄣𑄬 𑄦𑄏𑄨 ।,মাংস খাওা অভ্যস্ত
𑄝𑄋𑄣𑄧 𑄇𑄮𑄙 𑄇𑄮𑄢𑄴 𑄃𑄨𑄇𑄴𑄬,বাঙালি কথা বলে এখন
𑄃𑄬𑄇𑄴 𑄥𑄧𑄘𑄧𑄖𑄴𑄪𑄚𑄴 𑄚𑄮𑄝𑄴𑄳𑄠𑄮𑄠𑄚𑄴,এক সাথে নিে গেছে
𑄚𑄨𑄎𑄧 𑄎𑄘𑄧𑄢𑄴 𑄞𑄏𑄨𑄢𑄴 𑄃𑄨𑄇𑄴𑄬,নিজের জাগা ব ভাই
𑄚𑄳𑄠𑄬 𑄃𑄢𑄴 𑄇𑄧𑄚𑄧 𑄑𑄚𑄴 ।,না আরও বেশি টান
"𑄊𑄪𑄌𑄴, 𑄌𑄪𑄢𑄴, 𑄗𑄮𑄇𑄴𑄨, 𑄚𑄮𑄇𑄴𑄨","ঘুষ,চুা,ঢুকি,নাকি"
𑄝𑄬𑄇𑄴𑄇𑄚𑄨 𑄥𑄨𑄊𑄨𑄣𑄧𑄋𑄴,সব পরিষ্কার
𑄚𑄨𑄎𑄧 𑄎𑄘𑄧𑄢𑄴 𑄘𑄮𑄣𑄴 𑄟𑄧𑄚𑄚𑄨 𑄝𑄬𑄇𑄴𑄇𑄚𑄨 𑄜𑄬𑄣𑄬 𑄘𑄨𑄣𑄧𑄋𑄴 ।,.নিজের সুন্দর মনগুলো সব ফেলে দিলাম
"𑄈𑄎𑄴𑄳𑄠𑄧𑄖𑄴, 𑄥𑄪𑄙𑄧𑄟𑄴, 𑄟𑄧𑄚𑄬 𑄃𑄨𑄇𑄴𑄬",".খাওা,মিষ্টি,মনে হ এখন"
𑄝𑄬𑄇𑄴𑄇𑄚𑄨 𑄦𑄳𑄆𑄮 𑄝𑄋𑄣𑄴,সব গুলোই বাঙালি
𑄚𑄨𑄎𑄬 𑄚𑄨𑄎𑄬 𑄟𑄪𑄢𑄨𑄢𑄴 𑄦𑄬𑄝𑄬𑄣𑄴,. নিজে নিজে টুপি পেছে
𑄦𑄧𑄣𑄧𑄋𑄴 𑄃𑄨𑄇𑄴𑄬 𑄝𑄬𑄦𑄣𑄴 ।,হতো এখন খারাপ
𑄇𑄨𑄌𑄴𑄪 𑄚𑄬𑄭 𑄃𑄢𑄴 𑄃𑄪𑄚𑄧,.কিছু নেই আর
"𑄃𑄧𑄎𑄧𑄣𑄴 - 𑄚𑄨𑄎𑄮, 𑄗𑄃𑄮𑄠𑄳𑄠 -𑄚𑄬𑄠𑄳𑄦𑄳𑄠𑄢𑄴","উঁচু-নিচে, থাকা-থাকা-না"
𑄜𑄇𑄴 𑄝𑄢𑄳𑄦𑄨𑄣𑄧 𑄘𑄪𑄚𑄧 ।,. লাফিে লাফিে
𑄝𑄋𑄣𑄬 𑄡𑄪𑄚𑄨 𑄝𑄋𑄣𑄴 𑄇𑄧𑄣𑄬,বাঙালি জাতী গালি বিশেষ
𑄃𑄢𑄧 𑄢𑄉𑄬 𑄃𑄪𑄘𑄨 𑄜𑄪𑄣𑄨,আর রাগে ফুলি
𑄎𑄪𑄟𑄴𑄟𑄧 𑄈𑄮𑄣𑄳𑄆𑄬 𑄘𑄧𑄢𑄳𑄦𑄧 𑄉𑄧𑄢𑄳𑄦𑄨,জোা বন্ধ করে ভ করে
𑄥𑄎𑄨 𑄦𑄮𑄟𑄳𑄦 𑄝𑄪𑄣𑄨 ।,এক জাতী বুনো ফল
𑄛𑄧𑄢𑄧 𑄣𑄬𑄊𑄠𑄴 𑄇𑄖𑄴 𑄦𑄧𑄣𑄬,পরলেখা ভালো হলে
𑄚𑄨𑄎𑄧 𑄎𑄖𑄴𑄳𑄠𑄧 𑄊𑄨𑄚𑄚𑄴,এক জাতী ঘিন
𑄇𑄪𑄖𑄴𑄪𑄚𑄴 𑄖𑄮𑄉𑄳𑄆𑄬 𑄛𑄬𑄣𑄧𑄁 𑄃𑄟𑄨,কোথা থেকে কুড়িয়ে পেলাম আমরা
𑄃𑄬 𑄃𑄇𑄴𑄧𑄣𑄚𑄴 𑄘𑄚𑄴 ?,এই আসাটা কেন?
𑄇𑄨𑄖𑄴𑄳𑄠𑄳𑄆 𑄦𑄧𑄣𑄧𑄁 𑄦𑄨𑄇𑄴𑄬𑄚𑄴 𑄃𑄟𑄨,কেন যে হলাম আমরা
𑄇𑄧𑄚𑄧 𑄘𑄨𑄚𑄴 𑄘𑄧 𑄦𑄮𑄝𑄢𑄴 𑄇𑄮𑄙 𑄚𑄧𑄠𑄴,কোন দিন তো হওার কথা না
𑄃𑄟𑄨 𑄦𑄬𑄙𑄧𑄇𑄴 𑄝𑄬𑄙𑄧𑄇𑄴!,আমরা এত ব
𑄗𑄨𑄠𑄬𑄭 𑄎𑄉,এক জাতী জাগা
𑄛𑄖𑄴𑄪𑄋𑄴 𑄚𑄧𑄠𑄴 𑄟𑄪𑄭 𑄃𑄬 𑄇𑄮𑄙𑄚𑄴 𑄟𑄪𑄃𑄧𑄖𑄴𑄪𑄚𑄴 𑄃𑄬𑄇𑄴𑄬 𑄚𑄧 𑄃𑄚𑄨𑄌𑄴,পাত না দিে আমি এই কাগজটা একবারে আনিও না
𑄛𑄖𑄴𑄬 𑄖𑄪𑄭 𑄇𑄧𑄚𑄧 𑄈𑄬𑄝𑄴 𑄟𑄧𑄚𑄚𑄴 𑄚𑄨𑄢𑄮𑄌𑄴 𑄚𑄧 𑄉𑄮𑄢𑄨𑄌𑄴 ।,তুমি কোনো খোল মন নিেছো?
𑄇𑄧 𑄟𑄧𑄚𑄚𑄴 𑄘𑄧𑄢𑄳𑄦𑄧 𑄉𑄮𑄢𑄳𑄦 𑄨 𑄟𑄧 𑄙𑄮𑄇𑄴𑄳𑄠𑄚𑄴 𑄚𑄬𑄭 𑄝𑄪𑄣𑄨,কত মন ভ করে আমার পছন্দ নেই
𑄟𑄧𑄢𑄴 𑄥𑄬𑄖𑄴𑄧𑄟𑄚𑄴 𑄃𑄊𑄬 𑄝𑄧𑄣𑄴 𑄝𑄬𑄇𑄴𑄇𑄚𑄨 𑄛𑄢𑄧𑄁 𑄒𑄬𑄣𑄨 ।,আমার অনেক শক্তি আছে সবগুলো পাে ঠেলে
𑄇𑄧 𑄃𑄢𑄧 𑄖𑄪𑄭 𑄘𑄧𑄢𑄳𑄦𑄧 𑄉𑄮𑄢𑄳𑄦 𑄨 𑄚𑄧 𑄉𑄮𑄢𑄳𑄦𑄨𑄟𑄴 𑄟𑄪𑄭 𑄞𑄚𑄴𑄎𑄬 𑄇𑄟𑄴,কে আর তুমি ভ করিও না আমি ভ করি
𑄞𑄚𑄴𑄎𑄬 𑄇𑄟𑄴𑄳𑄆𑄮 𑄟𑄚𑄴𑄎𑄳𑄠𑄧 𑄃𑄨𑄙𑄪 𑄟𑄪𑄭 𑄚𑄧 𑄜𑄪𑄘𑄬𑄟𑄴 𑄚𑄋𑄴 ।,ভে কাজ করতে এখানে আমি আসবো না
𑄦𑄧𑄇𑄴 𑄎𑄋𑄣𑄚𑄴 𑄝𑄳𑄆𑄬𑄚𑄬 𑄟𑄪𑄭 𑄦𑄧𑄇𑄴 𑄇𑄮𑄙𑄚𑄴 𑄇𑄮𑄟𑄴,হক জাগাটা বোই করে আমরা কথা বলি
𑄘𑄪𑄈𑄴𑄳𑄠 𑄟𑄚𑄪𑄌𑄴 𑄘𑄬𑄣𑄬 𑄝𑄪𑄉𑄧𑄖𑄴 𑄃𑄎 𑄉𑄮𑄢𑄳𑄦𑄨 𑄗𑄮𑄟𑄴 ।,দুঃখী মানুষ দেখলে বৌদ্ধ ভিক্ষুরা তািে থাকবে
𑄚𑄧 𑄉𑄮𑄢𑄳𑄦𑄨𑄟𑄴 𑄟𑄪𑄭 𑄝𑄬𑄖𑄪𑄣𑄴𑄝𑄨𑄌𑄴 𑄟𑄚𑄴𑄎𑄳𑄠𑄢𑄬𑄃𑄮 𑄉𑄧𑄗𑄴𑄬 𑄘𑄨𑄓𑄪𑄁 𑄚𑄧𑄠𑄴,না করে আমি বেতুলবসি মানুষদেরও করে দিই না
𑄥𑄧𑄘𑄧𑄢𑄴 𑄃𑄣𑄴𑄉 𑄞𑄉𑄴 𑄚𑄧 𑄉𑄮𑄢𑄳𑄦𑄨𑄟𑄴 𑄟𑄨𑄎𑄬𑄠𑄚𑄴 𑄦𑄧𑄇𑄴 𑄇𑄮𑄙𑄪𑄁 𑄚𑄧𑄠𑄴 ।,.সাের কোণার ভাগ না করে মিশিে কথা বলি না
𑄛𑄧𑄢𑄧 𑄇𑄕𑄖𑄴 𑄚𑄧 𑄌𑄮𑄢𑄳𑄦𑄨𑄟𑄴 - 𑄗𑄮𑄉 𑄝𑄎𑄨 𑄚𑄧 𑄉𑄮𑄢𑄳𑄦𑄨𑄟𑄴,অন্যের টাকা চুরি করবো না-রাখা বাজি করবো না
𑄥𑄨𑄏𑄨 𑄟𑄧𑄚𑄬 𑄖𑄮𑄢𑄨 𑄡𑄬𑄝𑄢𑄴 𑄚𑄨𑄎𑄧 𑄇𑄟𑄧𑄖𑄴 𑄞𑄧𑄢𑄴 𑄉𑄮𑄢𑄳𑄦𑄨𑄟𑄴 ।,সে মনে করে নিজের কাজে ভর করবো
𑄘𑄋𑄳𑄦𑄧𑄢𑄴 𑄎𑄧𑄚𑄴 𑄟𑄚𑄨𑄟𑄴 𑄃𑄳𑄦 𑄟-𑄝𑄝𑄧𑄢𑄬 𑄛𑄪𑄎𑄨𑄟𑄴,ব জন মানুষ আমি ভগবানকে পূজা করবো
"𑄉𑄧𑄟𑄴 𑄥𑄨𑄈𑄴𑄳𑄠𑄧 , 𑄉𑄧𑄟𑄴 𑄥𑄪𑄣𑄴𑄪𑄇𑄴 𑄟𑄧𑄚𑄬 𑄛𑄎𑄨𑄠𑄬 𑄙𑄪𑄢𑄨𑄟𑄴 ।","ভালো সে, ভালো সুল্লুক মনে পে রাখবো"
𑄟𑄚𑄴𑄎𑄳𑄠 𑄡𑄨𑄇𑄴𑄬𑄚𑄴 𑄦𑄮𑄝𑄢𑄴 𑄦𑄮𑄙𑄮𑄇𑄴 𑄖𑄢𑄳𑄦𑄣𑄴𑄳𑄆𑄮 𑄚𑄧 𑄦𑄮𑄟𑄴 𑄥𑄧𑄁,মাটিটা যতগুলো হওার হ ততগুলো হনা
𑄟𑄧 𑄙𑄮𑄇𑄴𑄳𑄠𑄚𑄴 𑄟𑄪𑄭 𑄇𑄟𑄴 𑄉𑄮𑄢𑄳𑄦𑄨𑄟𑄴 𑄟𑄧 𑄟𑄧𑄚𑄚𑄴𑄳𑄆𑄮 𑄢𑄊𑄬𑄟𑄴 𑄟𑄧𑄚𑄴 ।,আমার মতো আমি কাজ করবো
𑄃𑄪𑄎𑄪 𑄃𑄪𑄎𑄪 𑄇𑄮𑄙 𑄇𑄮𑄟𑄴 𑄢𑄧𑄝𑄮 𑄉𑄮𑄢𑄳𑄦𑄨𑄟𑄴 𑄟𑄨𑄙𑄬,সোজা সোজা সরল কথা বললে মিষ্টি লাগে
𑄝𑄬𑄋 𑄇𑄮𑄋 𑄞𑄧 𑄚𑄧 𑄉𑄮𑄢𑄳𑄦𑄨𑄟𑄴 𑄟𑄧𑄚𑄚𑄴 𑄢𑄊𑄬𑄟𑄴 𑄥𑄨𑄙𑄬 ।,বোর খাঁচাটা আর করবো না মনে রাখবো
𑄃𑄨𑄇𑄴𑄬𑄚𑄴 𑄇𑄟𑄴 𑄉𑄮𑄢𑄳𑄦𑄨 𑄡𑄪𑄚𑄨 𑄃𑄨𑄇𑄴𑄬𑄚𑄴 𑄇𑄮𑄙 𑄇𑄧𑄌𑄴,একটা কাজ ভালো করে করার পর একটা কথা বলে
𑄘𑄬𑄞𑄬 𑄥𑄬𑄇𑄴𑄬 𑄝𑄬𑄇𑄴𑄪𑄚𑄧 𑄃𑄨𑄙𑄪 𑄦𑄮𑄠𑄧𑄌𑄴 𑄘𑄋𑄳𑄦𑄧𑄢𑄴 𑄉𑄧𑄢𑄧𑄌𑄴 ।,.আজকে সবাই এখানে হেছে
𑄌𑄬𑄢𑄮𑄇𑄨𑄖𑄴𑄬 𑄥𑄬𑄇𑄴𑄬 𑄖𑄧𑄢𑄳𑄦𑄬 𑄘𑄋𑄳𑄦𑄧𑄢𑄴 𑄉𑄮𑄢𑄳𑄦𑄨 𑄘𑄬𑄊𑄧𑄘𑄧𑄚𑄴,চূাচা করতে এখন তোমাকে ব ব দেখি
𑄖𑄧 𑄇𑄮𑄙𑄚𑄨 𑄥𑄬𑄇𑄴𑄬 𑄝𑄬𑄇𑄴𑄪𑄚𑄴 𑄥𑄪𑄚𑄧𑄘𑄧𑄚𑄴 𑄃𑄳𑄦 𑄙𑄧𑄢𑄧𑄘𑄧𑄚𑄴 ।,তোমার কথাগুলো এখন সবাই শুনতেছে
𑄚𑄧 𑄗𑄬𑄌𑄴𑄴 𑄃𑄢𑄴 𑄥𑄬𑄚𑄬 𑄖𑄪𑄭 𑄞𑄋𑄨 𑄜𑄬𑄣𑄬𑄭 𑄟𑄧𑄚𑄴,না থাকো আর সেজন্য তুমি মন ভেঙে ফেলবে
𑄒𑄨𑄠𑄬𑄭 𑄎𑄉 𑄘𑄧𑄢𑄳𑄦𑄧 𑄉𑄮𑄢𑄳𑄦𑄨 𑄟𑄚𑄪𑄌𑄴 𑄦𑄮𑄝𑄢𑄴 𑄥𑄧𑄝𑄧𑄚𑄴 ।,সে জাগাটা শক্ত করে মানুষ হেছে
"𑄦𑄧𑄇𑄴 = 𑄥𑄧𑄖𑄳𑄠𑄧, 𑄎𑄋𑄣𑄚𑄴 = 𑄛𑄧𑄖𑄴𑄗𑄚𑄴, 𑄉𑄧𑄢𑄧𑄌𑄴 = 𑄘𑄧𑄢𑄴𑄇𑄢𑄴 (𑄛𑄳𑄢𑄧𑄠𑄮𑄎𑄧𑄚𑄴)","হক/স, জাগা /পথ,ভ/প্রোজন"
𑄉𑄪𑄕𑄬,"গুণ, বৈশিষ্ট্য, বৈশিষ্ট্য"
𑄎𑄘𑄬 𑄇𑄪𑄣𑄬 𑄢𑄎𑄧𑄟𑄚𑄴-𑄢𑄧𑄋𑄬 𑄙𑄧𑄉𑄬 𑄜𑄪𑄣𑄧 𑄥𑄚𑄴,.যে কুলে রাজমান-রঙে দিে ফুল ফোটে।
"𑄡𑄪𑄚𑄨 𑄚𑄧 𑄗𑄠𑄴 𑄉𑄪𑄕𑄴,",যোগা না থাকে গুণ
𑄇𑄨 𑄥𑄬𑄭 𑄢𑄎𑄧𑄇𑄪𑄣𑄴-𑄇𑄨 𑄥𑄬𑄭 𑄥𑄮𑄞 𑄜𑄪𑄣𑄴,কি সেই রাজকুল-কি সেই গোলাপ
𑄚𑄧𑄠𑄴 𑄥𑄨𑄠𑄬𑄚𑄴 𑄝𑄬𑄇𑄴 𑄊𑄪𑄚𑄴!,না সেটা সব গুো!
𑄇𑄬𑄘𑄜𑄧𑄣𑄴 𑄇𑄨 𑄘𑄮𑄣𑄴-𑄢𑄧𑄋𑄬 𑄙𑄧𑄉𑄬 𑄉𑄧𑄢𑄳𑄆 𑄃𑄮𑄣𑄴,.কাঠালটা কি সুন্দর করে কাটতে হ
𑄇𑄨𑄠𑄳𑄆𑄮 𑄖𑄢𑄳𑄦𑄬 𑄈𑄬𑄭 𑄌𑄚𑄴!,.কেন তাকে খেে দে?
𑄃𑄧𑄊 𑄎𑄧𑄚𑄴 𑄘𑄮𑄣𑄴 𑄥𑄎𑄬-𑄟𑄚𑄴 𑄘𑄬𑄊𑄳𑄆𑄬 𑄡𑄪𑄚𑄨 𑄦𑄙𑄬,অনেক মানুষ সুন্দর করে সেজেগুজে-মান দেখে যোগা
𑄇𑄪𑄢𑄬 𑄃𑄬𑄡𑄬 𑄖𑄢𑄴 𑄟𑄚𑄴!,তার মা!
𑄇𑄪 𑄎𑄧𑄚𑄴 𑄦𑄧𑄣𑄧 𑄣𑄧𑄁𑄇𑄢𑄴 𑄢𑄎 𑄛𑄧𑄢𑄴 𑄟𑄢𑄨 𑄦𑄧𑄚𑄴 𑄚𑄨𑄎𑄬 𑄇𑄎,কোন জন হলো লংকার রাজা পর মারা হ নিজে মারা
"𑄃𑄪𑄚𑄴𑄎𑄪𑄢𑄴 𑄇𑄢𑄳𑄦𑄬 𑄟𑄢𑄨 𑄇𑄢𑄳𑄦𑄬 𑄈𑄬𑄟𑄴,",উজ্জু কে মেরে কাকে খাবো
𑄡𑄨𑄝𑄬 𑄖𑄢𑄳𑄦𑄬 𑄉𑄧𑄢𑄳𑄦𑄬 𑄉𑄪𑄕𑄴 𑄉𑄧𑄢𑄳𑄦𑄬 𑄃𑄢𑄳𑄦𑄧 𑄖𑄢𑄳𑄦𑄬 𑄈𑄪𑄚𑄴,যে তাকে ভালো করে গুণ করে আর তাকে খুন করে
𑄞𑄮𑄢𑄬𑄭 𑄘𑄬 𑄇𑄪𑄚𑄋𑄴 ।,ভোরের আলো ফোটার সম
𑄡𑄬𑄚𑄴 𑄌𑄧 𑄜𑄪𑄣𑄴𑄉𑄌𑄴 𑄍𑄨𑄘𑄨 𑄘𑄳𑄆𑄨 𑄖𑄪𑄟𑄴 𑄝𑄥𑄴,.যেন চূা ফুলের ছিঁা দিে তুমি বাি
𑄉𑄮𑄘 𑄝𑄪𑄇𑄴 𑄟𑄬𑄣𑄨,এক জাতী মেে
"𑄜𑄪𑄢𑄨, 𑄉𑄨𑄠𑄬𑄚𑄨, 𑄃𑄧𑄊 𑄎𑄧𑄚𑄴 𑄝𑄬𑄊𑄬 𑄣𑄧𑄚𑄴 𑄎𑄪𑄢𑄬 𑄟𑄧𑄚𑄴","শেষ হেছে, গিেছে,অনেক জন মিলে মন জুে নাও"
𑄝𑄪𑄉𑄧 𑄘𑄮𑄢𑄴 𑄈𑄪𑄣𑄨 ।,বুো দরজা বন্ধ করো
𑄉𑄪𑄣𑄧 𑄉𑄌𑄴 𑄌𑄧 𑄃𑄢𑄳𑄦𑄧 𑄇𑄨 𑄖𑄢𑄴 𑄉𑄪𑄚𑄧𑄢𑄴 𑄥𑄢𑄴,গুল গাছ আরও কি তার গুণ আছে
"𑄣𑄪𑄋𑄨 𑄗𑄠𑄴 𑄉𑄪𑄣𑄧𑄠𑄴 𑄝𑄪𑄇𑄴,",লুকিে থাকে গুলতি
𑄗𑄠𑄴 𑄗𑄨𑄠𑄳𑄆𑄬 𑄟𑄧𑄢 𑄉𑄌𑄴 𑄚𑄬𑄭 𑄇𑄧𑄚𑄧 𑄥𑄎𑄴 𑄞𑄎𑄴,.তাাতাি মরা গাছ নেই কোনো সাজাভাা
𑄘𑄬𑄊𑄧𑄢𑄴 𑄖𑄢𑄴 𑄇𑄧𑄚𑄧 𑄥𑄪𑄊𑄴!,তার কোন সুখ
𑄉𑄪𑄕𑄬 𑄦𑄧𑄠𑄴 𑄡𑄬𑄙𑄧𑄇𑄴 𑄞𑄢𑄴 𑄚𑄧𑄢𑄧𑄟𑄴 𑄝𑄪𑄇𑄴 𑄥𑄬𑄙𑄧𑄇𑄴 𑄖𑄢𑄴,গুণ হে হে যত নরম বুক তার
𑄉𑄪𑄕𑄬 𑄟𑄬𑄘𑄨𑄚𑄨𑄖𑄴 𑄟𑄚𑄪𑄌𑄴 𑄟𑄪𑄚𑄪𑄌𑄴 𑄦𑄧𑄠𑄴,.গুণে মেে হেছে
𑄟𑄧𑄢 𑄉𑄌𑄴 𑄃𑄢𑄴 𑄃𑄧𑄊 𑄎𑄧𑄚𑄴 𑄥𑄬𑄇𑄴 𑄥𑄎𑄴 𑄡𑄬𑄚𑄴 𑄃𑄬𑄇𑄴 𑄎𑄧𑄚𑄴,মৃত গাছ এবং অনেক লোক এক সাথে সাজছে
𑄞𑄋𑄨𑄣𑄬 𑄞𑄋𑄧𑄚𑄴 𑄖𑄢𑄳𑄦 𑄣𑄪𑄋𑄨𑄠𑄬 𑄚𑄧𑄠𑄴 ।,ভেঙে গেলে ভাংলে তারা লাই করে না
𑄟𑄪𑄚𑄪𑄌𑄴𑄧𑄢𑄴,মুষল
𑄍𑄉𑄧𑄣𑄴 𑄎𑄧𑄚𑄧𑄟𑄴 𑄃𑄬𑄡𑄧𑄚𑄴 𑄡𑄨𑄃𑄪𑄚𑄴,ছাগল জন এত ব
𑄍𑄉𑄧𑄣𑄴 𑄗𑄬𑄭𑄚𑄬 𑄟𑄧𑄢𑄧𑄚𑄴,ছাগল থেকে মরণ
"𑄉𑄪𑄢𑄪 𑄎𑄧𑄚𑄧𑄟𑄴 𑄃𑄬𑄣𑄳𑄦𑄬 𑄉𑄪𑄢𑄪,",গুরু জনমে এলে গুরু
𑄦𑄬𑄟𑄚𑄧 𑄎𑄧𑄚𑄧𑄟𑄴 𑄃𑄬𑄣𑄳𑄦𑄬 𑄚𑄧 𑄦𑄧𑄚𑄴,হেমানব জনমে হ না
𑄥𑄨𑄃𑄪𑄚𑄴 𑄟𑄪𑄚𑄪𑄌𑄴𑄧𑄢𑄴,শিমের মলা
𑄟𑄪𑄚𑄪𑄌𑄴𑄧𑄢𑄴 𑄃𑄬𑄚𑄬𑄠𑄳𑄠𑄧 𑄟𑄖𑄴𑄧𑄢𑄴 𑄃𑄬𑄇𑄴 𑄘𑄊𑄨,মুষল দিে এক দাি
𑄡𑄬 𑄦𑄬𑄟𑄚𑄴 𑄦𑄧𑄚𑄴 ।,যে পুরুষটা হ
𑄦𑄬𑄟𑄚𑄧𑄢𑄴 𑄚𑄬𑄭 𑄃𑄇𑄴𑄧𑄣𑄴- 𑄝𑄪𑄘𑄴𑄨,হেমোর নেই আক্কেল-বুো
"𑄞𑄝𑄧𑄚𑄴 𑄝𑄪𑄏𑄧𑄚𑄴, 𑄉𑄧𑄟𑄴 - 𑄞𑄚𑄴𑄎𑄬","চিন্তা করা, ভালো- মন্দ"
"𑄥𑄪𑄊𑄴 - 𑄘𑄪𑄇𑄴, 𑄟𑄬𑄠𑄳𑄠- 𑄘𑄮𑄠𑄳𑄠","সু-দুঃখ, মেে-দোা"
"𑄃𑄣𑄪𑄣𑄮 -𑄘𑄪𑄣𑄪𑄣𑄮 , 𑄝𑄬𑄢𑄚𑄴 - 𑄌𑄬𑄢𑄚𑄴,","আলুলো দুলুলো, বো-চা, চা"
"𑄚𑄬𑄭 𑄝𑄝𑄴-𑄟, 𑄞𑄬𑄭-𑄝𑄮𑄚𑄴, 𑄃𑄨𑄖𑄴𑄳𑄠𑄧-𑄇𑄪𑄘𑄪𑄟𑄴","নেই বাবা,ভাই-বোন,এখানে-কুদুম"
"𑄥𑄧𑄟𑄎𑄴 - 𑄙𑄧𑄢𑄴𑄟𑄧, 𑄚𑄬𑄭","সমাজ-ধর্ম, নেই"
"𑄖𑄢𑄳𑄦𑄢𑄴 𑄦𑄏𑄧𑄚𑄨, 𑄇𑄚𑄚𑄨−","তাদের হাত, কান্না"
"𑄚𑄧 𑄌𑄚𑄴 𑄥𑄨𑄊𑄨𑄝𑄢𑄴, 𑄝𑄪𑄏𑄨𑄝𑄢𑄴 −","না দেখে দেখার,বুঝার"
"𑄃𑄊𑄬 𑄝𑄚𑄳𑄣 𑄥𑄨𑄁𑄉𑄢𑄴, 𑄛𑄳𑄢𑄬𑄖𑄴, 𑄢𑄨𑄥𑄳𑄠𑄧",". আছে বানলা সিঙ্গারা, ভূত, রিস"
"𑄇𑄪𑄣𑄨, 𑄃𑄧𑄝𑄨𑄌𑄴𑄬𑄥𑄴 𑄃 𑄓𑄧𑄢𑄴 ।","কুলি,অচেতন আা"
𑄚𑄬𑄭 𑄖𑄢𑄳𑄦𑄢𑄴 𑄇𑄮𑄌𑄴 𑄛𑄳𑄣-𑄛𑄨 𑄉𑄧𑄢𑄧𑄚𑄴,. নেই তাদের মলা পা করে
𑄟𑄢𑄟𑄢𑄨- 𑄟𑄬𑄠𑄳𑄠 𑄉𑄧𑄢𑄧𑄚𑄴 𑄝𑄕 𑄚𑄨𑄎𑄧𑄢𑄬,মারামারি-মেে করা শুধু নিজের
𑄃𑄳𑄦 𑄌𑄨𑄚𑄧𑄚𑄴 𑄚𑄨𑄎𑄧 𑄛𑄬𑄖𑄴𑄳𑄠𑄧 ।,মনে হ নিজের পেট
𑄥𑄬𑄚𑄬 𑄦𑄬𑄟𑄚𑄧𑄢𑄴 𑄈𑄎𑄴𑄳𑄠𑄧𑄖𑄴 𑄟𑄪𑄚𑄪𑄌𑄴𑄧𑄢𑄧𑄢𑄴 𑄗𑄬𑄣𑄬,সে লোহার খাা বসে আছে
𑄚𑄧 𑄗𑄬𑄣𑄬 𑄟𑄪𑄚𑄨𑄌𑄴𑄧𑄢𑄧𑄢𑄴 𑄉𑄪𑄕𑄴-,না থাকলে মেেদের গুণ
𑄟𑄪𑄚𑄪𑄌𑄴𑄧𑄢𑄴 𑄃𑄬𑄣𑄬𑄠𑄳𑄠𑄧 𑄚𑄧 𑄇𑄧𑄚𑄴,মুত্রথলি আসলে বলে না
"𑄥𑄨𑄝𑄬𑄢𑄬 𑄟𑄪𑄚𑄪𑄌𑄴𑄧𑄢𑄴, 𑄇𑄧𑄚𑄴","সে মুত্রথলি,কোন কিছু"
"𑄦𑄬𑄟𑄚𑄴, 𑄚𑄧𑄦𑄧𑄣𑄬 𑄦𑄬𑄟𑄚𑄧𑄖𑄴𑄪𑄚𑄴","হে,না হলে হেছে আমার"
𑄖𑄧𑄣𑄬 ।,"নীচে, নিম্নে"
𑄟𑄪𑄚𑄪𑄌𑄴𑄧𑄢𑄴 𑄎𑄧𑄚𑄧𑄟𑄴 𑄦𑄬𑄣𑄬𑄠𑄳𑄠𑄧 𑄥𑄬𑄚𑄬,মুষল দিে মানুষরা বেঁচে থাকে
𑄟𑄪𑄚𑄪𑄌𑄴𑄧𑄢𑄴 𑄦𑄧𑄚 𑄃𑄪𑄎𑄴𑄳𑄠𑄧 𑄚𑄧𑄠𑄴,মলা হওা ভালো না
𑄗𑄜𑄧𑄢𑄬 𑄖𑄖𑄴𑄪𑄚𑄴 𑄟𑄪𑄚𑄪𑄌𑄴𑄧𑄢𑄧𑄢𑄴,তাাতাি তার থেকে মলা বের হ
𑄉𑄪𑄚𑄴 −,গুণ
"𑄟𑄧𑄚𑄬, 𑄌𑄨𑄘𑄬𑄠𑄴, 𑄇𑄮𑄙𑄠𑄴, 𑄇𑄟𑄬 𑄉𑄧𑄞𑄨𑄚𑄴","মনে,চিন্তা,কথা,কাজ ইত্যাদি"
𑄖𑄧𑄝𑄧𑄚𑄠𑄴 𑄟𑄚𑄬𑄠𑄧𑄢𑄴 𑄉𑄪𑄚𑄬 𑄖𑄪𑄎𑄨𑄟𑄴,তুমি আমার জন্য অপেক্ষা করো
𑄛𑄪𑄢𑄧 𑄦𑄧𑄣𑄬- 𑄥𑄨𑄝𑄬 𑄖𑄬 𑄟𑄪𑄚𑄪𑄌𑄴𑄧𑄢𑄴,.পুে গেলে-সে মলা
𑄎𑄧𑄚𑄧𑄟𑄴 𑄃𑄳𑄆𑄬 𑄟𑄪𑄚𑄪𑄌𑄴𑄧𑄢𑄴 𑄦𑄧𑄠𑄴 ।,জন এই বানরটা হ
𑄟𑄪𑄚𑄪𑄌𑄴𑄧𑄢𑄧𑄖𑄴𑄪𑄚𑄴 𑄎𑄖𑄴𑄳𑄠 𑄟𑄪𑄚𑄪𑄌𑄴𑄧𑄢𑄴 𑄦𑄧𑄚,বিদ্যুৎ চমকানি থেকে সৃষ্ট বিদ্যুৎ চমকানি
𑄃𑄢𑄧 𑄃𑄉𑄖𑄴𑄳𑄠- 𑄖𑄖𑄴𑄪𑄚𑄴 𑄗𑄜𑄧𑄢𑄬,আরও উপরে-তার থেকে থাকে
𑄉𑄪𑄕𑄴 𑄃𑄢𑄧 𑄚𑄚𑄚𑄴 𑄝𑄝𑄧𑄖𑄴𑄳𑄠,গুণ আর নানা রকম
𑄟𑄚𑄬𑄠𑄧𑄢𑄴 𑄉𑄪𑄕𑄴 𑄜𑄢𑄨 𑄥𑄧𑄢𑄴𑄉𑄧𑄢𑄴,. মানুষের গুণ বের হে স্বর্গ
𑄘𑄬𑄝𑄬𑄘 𑄉𑄪𑄕𑄬 𑄎𑄪𑄣𑄨 𑄃𑄪𑄘𑄨 𑄡𑄪𑄚𑄨,দেবতা ভালো করেজুে উঠে
"𑄇𑄮𑄙𑄠𑄴, 𑄇𑄟𑄬, 𑄟𑄧𑄚𑄬, 𑄇𑄨𑄢𑄴𑄝𑄳𑄠𑄠𑄴",".কথা,কাজ,মনে,মনে"
𑄟𑄚𑄪𑄌𑄴 𑄈𑄪𑄏𑄨 𑄦𑄳𑄆𑄮 𑄛𑄪𑄎𑄨𑄣𑄬- 𑄟𑄚𑄨𑄣𑄬,মানুষদের ছোট করে পূজা করলে-মানলে
𑄥𑄨𑄝𑄬 𑄖𑄬 𑄦𑄧𑄠𑄴 𑄟𑄪𑄚𑄪𑄌𑄴𑄧𑄢𑄧𑄖𑄴𑄪𑄚𑄴,সে হচ্ছে মুত্রথলি
𑄎𑄖𑄴𑄳𑄠 𑄟𑄪𑄚𑄪𑄌𑄴𑄧𑄢𑄴 ।,জাতি বানর
𑄃𑄬𑄡𑄧 𑄥𑄬𑄚𑄬 𑄝𑄬𑄇𑄴𑄪𑄚𑄴 𑄃𑄟𑄨,এখন পর্যন্ত সবাই আমরা
"𑄟𑄪𑄚𑄪𑄌𑄴𑄧𑄢𑄴 𑄦𑄮𑄝𑄢𑄴 𑄌𑄳𑄆𑄬, 𑄚𑄧","মলা হওার চেে, না"
𑄟𑄪𑄚𑄪𑄌𑄴𑄧𑄢𑄚𑄴 𑄇𑄮𑄌𑄴 𑄛𑄳𑄆𑄬-,মলাটা শক্ত হেছে
"𑄝𑄮𑄘𑄮𑄣𑄬 𑄘𑄳𑄆𑄨 𑄎𑄨𑄁𑄇𑄚𑄨, 𑄝𑄮𑄘𑄮𑄣𑄬 𑄘𑄳𑄆𑄨 𑄘𑄨𑄚𑄴","বে দো জীবন, বে দো দিন"
𑄟𑄬𑄘𑄨𑄚𑄨 𑄃𑄟 𑄟𑄮𑄇𑄴𑄳𑄠 𑄊𑄪𑄢𑄳𑄆𑄬 ।,মেদবহুল আমাদের মা ঘুরে
𑄃𑄨𑄚𑄴𑄎𑄬𑄝𑄴,এক জাতী বুনো ফল যা সবজি হিসেবে ব্যবহৃত হ
𑄃𑄨𑄚𑄴𑄎𑄬𑄛𑄴𑄛𑄚𑄴 𑄃𑄟𑄨 𑄝𑄬𑄇𑄴𑄪𑄚𑄬 𑄌𑄳𑄆𑄬 𑄥𑄬𑄚𑄬 𑄃𑄨𑄚𑄴𑄎𑄬𑄝𑄧 𑄇𑄮𑄙 𑄇𑄳𑄆𑄮,.ইনজেপটা আমরা সবাই দেখে শুনে রাখবো
𑄇𑄨𑄖𑄴𑄳𑄆𑄬 𑄥𑄣𑄬𑄚𑄴 𑄝𑄬𑄇𑄴𑄪𑄚𑄴 𑄃𑄢𑄧 𑄃𑄨𑄚𑄴𑄎𑄬𑄝𑄴 𑄦𑄢 𑄦𑄳𑄆𑄮 !,কত সালন সবাই আবার অন্তর্মুখী হ
𑄟𑄪𑄃𑄚𑄧𑄖𑄴 𑄝𑄚𑄳𑄣 𑄉𑄧𑄟𑄚𑄨 𑄃𑄟𑄢𑄴 𑄟𑄧𑄚𑄬 𑄟𑄖𑄴𑄧𑄢𑄴 𑄚𑄧𑄠𑄴,পাহাে বানলা করা আমার পছন্দ না
𑄥𑄨𑄚𑄪𑄖𑄴𑄳𑄠𑄳𑄆 𑄃𑄟𑄢𑄴 𑄃𑄨𑄚𑄴𑄎𑄬𑄝𑄴𑄛𑄚𑄴 𑄈𑄇𑄴𑄬 𑄝𑄬𑄃𑄨𑄚𑄴𑄎𑄬𑄝𑄴 𑄦𑄧𑄠𑄴 ।,সেই থেকে আমার ইঞ্জিনটা কিছুক্ষণ পর নষ্ট হ
𑄛𑄬𑄝𑄢𑄴 𑄌𑄬𑄣𑄬 𑄝𑄬𑄎𑄴 𑄛𑄬𑄘𑄧𑄋𑄴 𑄌𑄳𑄆𑄬 𑄈𑄬𑄝𑄢𑄴 𑄌𑄬𑄣𑄬 𑄝𑄬𑄎𑄴,পেট ভরে খাওার পর পেট ভরে খাওা
𑄝𑄬𑄇𑄴𑄇𑄚𑄨𑄖𑄴 𑄝𑄚𑄳𑄣 𑄚𑄨𑄎𑄬 𑄎𑄨𑄘𑄨𑄝𑄢𑄴 𑄃𑄪𑄚𑄴𑄎𑄪𑄢𑄴 𑄒𑄮𑄉𑄳𑄆𑄬 𑄛𑄬𑄎𑄴 ।,সব জাগা বানগুলো নিজে নিজে গিে যা
𑄛𑄧𑄢𑄬 𑄡𑄪𑄚𑄨 𑄚𑄨𑄎𑄧𑄢𑄬 𑄒𑄮𑄉𑄚𑄴 𑄥𑄬𑄇𑄴𑄬 𑄃𑄨𑄚𑄴𑄎𑄬𑄝𑄴 𑄦𑄢 𑄇𑄳𑄆𑄮,পিে যাওার সম তারা নিজেদের মধ্যে কথা বলে
𑄚𑄨𑄎𑄬 𑄡𑄪𑄚𑄨 𑄛𑄧𑄢𑄧𑄢𑄬 𑄒𑄮𑄉𑄳𑄆𑄬 𑄎𑄪𑄎𑄴 𑄉𑄮𑄢𑄳𑄦𑄨𑄚𑄬 𑄢𑄳𑄆𑄮 ।,.নিজের সাথে অন্যের তুলনা করে রোদ পোহাচ্ছে।
𑄇𑄪𑄖𑄴𑄪𑄚𑄴 𑄗𑄬𑄝𑄧 𑄃𑄨𑄚𑄴𑄎𑄬𑄝𑄴 𑄃𑄟𑄢𑄴!,কোথা থাকবো আমার
𑄉𑄮𑄢𑄠𑄚𑄴 𑄦𑄧𑄣𑄧 𑄛𑄳𑄢𑄬𑄖𑄴,গোাটা হলো প্রেত
𑄛𑄳𑄢𑄬𑄘𑄧 𑄟𑄧𑄚𑄚𑄴 𑄚𑄧 𑄉𑄧𑄢𑄳𑄦𑄬 𑄥𑄬𑄚𑄬 𑄉𑄧𑄟𑄴-𑄞𑄚𑄴𑄎𑄬 𑄞𑄬𑄘𑄴 ।,ভ মনে করে সে ভালো- মন্দ করে
𑄛𑄳𑄢𑄬𑄘𑄧 𑄣𑄧𑄉𑄬 𑄇𑄪𑄣𑄨 𑄗𑄠𑄴 𑄃𑄬 𑄥𑄬𑄇𑄴𑄬 𑄦𑄧𑄠𑄴 𑄛𑄎𑄨 𑄟𑄧𑄚𑄴,দূরের সাথে মিশিে থাকতে হ এরকম মনে হ
𑄥𑄬𑄚𑄬 𑄇𑄮𑄌𑄴 𑄛𑄬𑄣𑄬𑄠𑄳𑄠𑄧 𑄃𑄨𑄚𑄴𑄎𑄬𑄝𑄴𑄛𑄚𑄴 𑄝𑄬𑄃𑄨𑄚𑄴𑄎𑄬𑄝𑄨 𑄦𑄧𑄚𑄴 ।,সে কোচ পেলে ইঞ্জিনটা বোই হ
𑄥𑄨𑄠𑄬𑄚𑄨 𑄡𑄬 𑄞𑄚𑄴𑄎𑄬 𑄝𑄬𑄇𑄴𑄇𑄚𑄴 𑄇𑄳𑄆𑄮 𑄛𑄢𑄨𑄃𑄮 𑄝𑄬𑄇𑄴𑄪𑄚𑄬,সেগুলো যে সবাই বলতে পারে
𑄖𑄳𑄠𑄧 𑄇𑄨𑄠𑄳𑄠 𑄃𑄢𑄧 𑄦𑄃𑄮𑄏𑄴 𑄉𑄮𑄢𑄳𑄦𑄨 𑄢𑄊𑄬𑄭 𑄖𑄢𑄳𑄦𑄬 𑄙𑄪𑄢𑄨𑄚𑄬!,.ত-কি আর হামাগুি দিে তাকে ধরছে!
"𑄃𑄨𑄢𑄨 𑄘𑄨 𑄌𑄬𑄭 𑄃𑄟𑄨 𑄥𑄣𑄬𑄚𑄴 𑄛𑄳𑄢𑄬𑄖𑄴, 𑄇𑄪𑄣𑄨, 𑄛𑄎𑄨𑄃𑄚𑄴","ইি দিে আমরা দুইজন প্রেত, কুলি,পাজি"
𑄃𑄬𑄡𑄬𑄚𑄬 𑄚𑄧 𑄃𑄬𑄎𑄬 𑄌𑄳𑄆𑄬 𑄥𑄣𑄬𑄚𑄴 𑄃𑄟 𑄃𑄨𑄙𑄪 𑄃𑄨𑄚𑄴𑄎𑄬𑄝𑄴𑄛𑄚𑄴 ।,আসা যাওা না করে আমাদের বািতে আসতে হবে
𑄛𑄳𑄢𑄬𑄖𑄴𑄳𑄠 𑄃 𑄇𑄪𑄣𑄨 𑄟𑄧𑄚𑄚𑄬 𑄚𑄧 𑄘𑄳𑄆𑄨 𑄝𑄚𑄳𑄣 𑄛𑄬𑄘𑄧 𑄌𑄠𑄴,ভূতটা এখনো মনের মতো কাম না দিে পাহাের চাা দে না
𑄌𑄪𑄌𑄴𑄬𑄋𑄴 𑄞𑄪𑄖𑄴𑄬𑄋𑄴 𑄝𑄬𑄇𑄴 𑄉𑄮𑄢𑄳𑄦𑄨𑄚𑄬 𑄃𑄪𑄚𑄴𑄎𑄪𑄢𑄴 𑄒𑄮𑄉𑄬 𑄡𑄠𑄴 ।,চূা চা করে সব গুো করে যা
𑄥𑄬𑄚𑄬 𑄃𑄟𑄨 𑄃𑄨𑄚𑄴𑄎𑄬𑄝𑄴 𑄦𑄢 𑄈𑄇𑄴𑄬 𑄝𑄬𑄇𑄴𑄪𑄚𑄴 𑄦𑄳𑄆𑄮,সেকারণে আমরা আগের চাইতে অনেক বেশি হেছি
𑄡𑄪𑄚𑄨𑄃𑄮 𑄃𑄟𑄨 𑄃𑄨𑄚𑄴𑄎𑄬𑄝𑄧 𑄇𑄮𑄙 𑄃𑄪𑄚𑄴𑄎𑄪𑄢𑄴 𑄟𑄧𑄃𑄧𑄖𑄴 𑄗𑄳𑄆𑄮 ।,যখন তখন কথা বলতেছি
𑄖𑄳𑄆𑄪 𑄚𑄨𑄎𑄬,তুমি নিজে
𑄈𑄪𑄝𑄴 𑄟𑄪𑄢𑄧𑄖𑄴 𑄛𑄪𑄢𑄨 𑄌 𑄉𑄮𑄞𑄨𑄚𑄴 𑄉𑄮𑄢𑄳𑄦𑄨,অনেক ভ পা চামা করে
𑄘𑄮𑄣𑄬 𑄟𑄧𑄚𑄚𑄴 𑄟𑄎𑄨,ভালোভাবে মন বসা
𑄇𑄟𑄚𑄨 𑄡𑄨𑄇𑄴𑄬𑄚𑄴 𑄖𑄧𑄢𑄴 𑄉𑄧𑄢𑄳𑄦𑄧𑄢𑄴 𑄎𑄨𑄋𑄴𑄇𑄚𑄨 𑄞𑄧𑄢𑄴,কামিগুলো যতগুলো তোমার করা হ
𑄡𑄧𑄢𑄴 𑄥𑄨𑄇𑄴𑄬𑄚𑄴 𑄞𑄪𑄢𑄧𑄖𑄴 𑄞𑄏𑄨 ।,.যত ব ব ভূমিকম্প হ
𑄡𑄬𑄇𑄴𑄬 𑄉𑄧𑄢𑄧𑄌𑄴 𑄘𑄮𑄣𑄴 𑄇𑄟𑄴 𑄥𑄬𑄇𑄴𑄬 𑄛𑄥𑄴 𑄉𑄧𑄟𑄴 𑄚𑄋𑄴,".যত ব সুন্দর কাজ, তত ব ভালো কাজ"
𑄟𑄧𑄚𑄚𑄴 𑄦𑄧𑄠𑄴 𑄞𑄢𑄨 𑄘𑄮𑄣𑄴,মনটা খুব সুন্দর
𑄡𑄬𑄇𑄴𑄬 𑄉𑄧𑄢𑄧𑄌𑄴 𑄇𑄪𑄇𑄟𑄴 𑄥𑄬𑄇𑄴𑄬 𑄛𑄥𑄴 𑄇𑄪𑄚𑄋𑄴,"যে কেকটা করে কুাকুা, কুাকুা"
𑄥𑄬𑄇𑄴𑄬 𑄦𑄧𑄠𑄴 𑄟𑄧𑄚𑄚𑄴 𑄎𑄮𑄣𑄴 ।,এখন তো মন ভালো হ
𑄗𑄮𑄇𑄴𑄨-𑄚𑄮𑄇𑄴𑄨 𑄉𑄧𑄢𑄴 𑄛𑄧𑄢𑄧 𑄇𑄚𑄳𑄦𑄖𑄴 𑄌𑄧𑄢𑄴,থকি-নাকি কলা কানের চা
𑄘𑄪𑄊𑄴 𑄝𑄘𑄬 𑄚𑄧 𑄛𑄬𑄝𑄬 𑄥𑄪𑄊𑄴,দুঃখ থেকে রেহাই পাবি না
𑄌 𑄚𑄨𑄎𑄧 𑄊𑄧𑄢𑄴 𑄛𑄧𑄢𑄴 𑄞𑄣𑄬𑄘𑄴𑄃𑄮 𑄉𑄧𑄢𑄴,চা নিজের বািটা ভালো করে পরিষ্কার করে
𑄚𑄧 𑄃𑄬𑄝𑄧 𑄖𑄧𑄢𑄴 𑄇𑄧𑄚𑄧 𑄈𑄬𑄝𑄴 𑄘𑄪𑄊𑄴 ।,তোমার কোনো খোলের দুঃখ
𑄖𑄳𑄆𑄪 𑄚𑄨𑄎𑄬 𑄝𑄬𑄇𑄴𑄇𑄚𑄴- 𑄚𑄧𑄠𑄴 𑄉𑄨𑄢𑄮𑄎𑄴 𑄞𑄧𑄉𑄧𑄝𑄚𑄴,তুমি নিজে সবগুলো গিেছিলে ভগবান
𑄖𑄬 𑄇𑄨𑄌𑄴𑄪 𑄚𑄧 𑄉𑄧𑄢𑄳𑄦𑄬 𑄖𑄧𑄢𑄳𑄦𑄬,সে তোমাকে কিছুই করে না
𑄖𑄳𑄆𑄪 𑄚𑄨𑄎𑄬 𑄣𑄪𑄇𑄴𑄈𑄨 𑄖𑄳𑄆𑄪 𑄚𑄨𑄎𑄬 𑄞𑄧𑄉𑄧𑄝𑄚𑄴,তুমি নিজে লুকিে থাকো
𑄖𑄳𑄆𑄪 𑄝𑄬𑄇𑄴𑄇𑄚𑄨 𑄉𑄧𑄢𑄧𑄌𑄴 𑄚𑄨𑄎𑄬 𑄚𑄨𑄎𑄧𑄢𑄬 ।,তুমি সবগুলো নিজের জন্য করো
𑄝𑄚𑄴𑄘 𑄣𑄋𑄴,এক জাতী বুনো লতা
𑄙𑄧𑄢𑄴𑄟𑄧 𑄇𑄢𑄬 𑄇𑄧𑄠𑄴 ?,ধর্ম কাকে বলে?
𑄛𑄪𑄖𑄴𑄨 𑄝𑄨𑄣𑄮𑄚𑄴 𑄇𑄨𑄃𑄮𑄋𑄴 𑄟𑄪𑄚𑄴𑄳𑄠𑄨𑄢𑄧𑄖𑄴 𑄡𑄬𑄣𑄬 ?,.পুততি বিচিটা কেন পানিতে পে গেল?
𑄉𑄮𑄎𑄬𑄚𑄴 𑄒𑄉𑄪𑄢𑄴 𑄛𑄪𑄎𑄨𑄣𑄬 ?,গবাদি পশুর পূজা করলে?
𑄖𑄢𑄳𑄦 𑄃𑄨𑄙𑄪 𑄘𑄋𑄳𑄦𑄧𑄢𑄴 𑄘𑄋𑄳𑄦𑄧𑄢𑄴 𑄘𑄚𑄴 𑄘𑄨𑄣𑄬?,তারা এখানে ব ব দান দিলে
𑄥𑄨𑄣𑄬 𑄥𑄪𑄖𑄴𑄳𑄢𑄧 𑄙𑄧𑄢𑄴𑄟𑄧 𑄇𑄮𑄙 𑄥𑄪𑄚𑄨𑄣𑄬?,শীলে ধর্ম কথা শুনলে?
𑄟𑄚𑄴𑄎𑄳𑄠𑄧𑄢𑄬 𑄣𑄟𑄴𑄝 𑄣𑄟𑄴𑄝 𑄙𑄧𑄢𑄴𑄟𑄧 𑄃𑄇𑄴𑄧𑄣𑄴 𑄘𑄨𑄣𑄬?,.মানুষকে লম্বা লম্বা ধর্ম দেখালেন কেন?
𑄙𑄮𑄠𑄧 𑄉𑄮𑄢𑄳𑄦𑄨 𑄛𑄧𑄘𑄴 𑄇𑄎𑄬𑄣𑄬 ?,ধোঁার কাজ করলে?
𑄥𑄨𑄠𑄬𑄚𑄴 𑄃𑄬𑄇𑄴𑄇𑄃𑄮 𑄙𑄧𑄢𑄴𑄟𑄧 𑄚𑄧𑄠𑄴- 𑄟𑄧𑄚𑄚𑄴 𑄡𑄪𑄚𑄨,.সেটা একটুও ধর্ম না-মন যোগা
𑄥𑄨𑄃𑄧𑄖𑄴 𑄚𑄧 𑄦𑄧𑄠𑄴 𑄜𑄪𑄣𑄧 𑄥𑄚𑄴 𑄥𑄪𑄘𑄴𑄧 𑄥𑄋𑄴𑄉𑄧 −,সেখানে হ না ফুলের সুগন্ধ শেষ হ
"𑄡𑄪𑄚𑄨 𑄗𑄠𑄴 𑄥𑄨𑄃𑄧𑄖𑄴 𑄥𑄮𑄟𑄬 𑄢𑄉𑄴, 𑄇𑄪𑄖𑄴𑄪𑄢𑄨 , 𑄇𑄪𑄣𑄨 𑄟𑄧𑄚𑄴","যোগা থাকে সেখানে রাগ,কুটির,কুটির মন"
𑄟𑄚𑄴𑄎𑄬 𑄡𑄪𑄚𑄨 𑄟𑄧𑄚𑄧 𑄈𑄪𑄎𑄨𑄠𑄬 𑄞𑄝𑄨 𑄚𑄧 𑄛𑄢𑄧𑄚𑄴 𑄥𑄧𑄘𑄧𑄢𑄴 −,.মানুষরা এখনো মনের ইচ্ছা পূরণ করতে পারে না
𑄡𑄪𑄚𑄨 𑄗𑄠𑄴 𑄥𑄨𑄃𑄧𑄖𑄴 𑄃𑄢𑄧 𑄑𑄬𑄋 − 𑄙𑄧𑄚𑄧𑄢𑄴 𑄛𑄳𑄢𑄬𑄖𑄴,যোগা থাকে সেটা আর টাকা- ধন প্রেত
𑄥𑄨𑄃𑄧𑄖𑄴 𑄇𑄨 𑄗𑄳𑄆𑄬 𑄛𑄢𑄬 𑄙𑄧𑄢𑄴𑄟𑄧 !,সেখানে কি থাকতে পারে ধর্ম
𑄚𑄧𑄠𑄴 𑄇𑄨 𑄥𑄨𑄠𑄬𑄚𑄴 𑄇𑄎𑄧𑄢𑄴 ?,না কি সেটা মলা?
"𑄚𑄧 𑄢𑄨𑄚𑄨𑄣𑄬 𑄟𑄚𑄪𑄌𑄴 𑄎𑄧𑄚𑄴, 𑄚𑄧 𑄌𑄬𑄣𑄬 𑄜𑄨𑄢𑄨 𑄥𑄪𑄊𑄴 - 𑄘𑄪𑄊𑄴","না দেখলে মানুষ জন,না দেখলে ফিরে যা,দুঃখ"
𑄡𑄪𑄚𑄨 𑄃𑄢𑄧 𑄝𑄪𑄇𑄴 𑄦𑄋𑄬 𑄛𑄧𑄢𑄧 𑄞𑄣𑄬𑄘𑄴 𑄘𑄬𑄣𑄬,যোগা আর বুক হাে ভালো লাগে
𑄝𑄚𑄳𑄣 𑄚𑄨𑄎𑄬 𑄛𑄬𑄝𑄢𑄴 𑄌𑄚 𑄛𑄧𑄢𑄬 𑄛𑄬𑄣𑄬 𑄝𑄬𑄎𑄢𑄴𑄴,বানলা নিজে প্যান্টের চামা পরে গেলে বিরক্তিবোধ করে
𑄡𑄪𑄚𑄨 𑄌𑄬𑄣𑄬 𑄗𑄬𑄋𑄧𑄖𑄴 𑄖𑄧𑄣𑄬 𑄟𑄚𑄪𑄌𑄴 𑄦𑄟𑄬𑄇𑄴𑄧𑄚𑄴 𑄗𑄮𑄝𑄢𑄴,যোগা করলে পাের নিচে মানুষরা থাকে
𑄥𑄨𑄠𑄬𑄚𑄴 𑄇𑄨 𑄦𑄳𑄆𑄮 𑄛𑄢𑄬 𑄙𑄧𑄢𑄴𑄟𑄧𑄢𑄴 𑄃𑄢𑄪𑄉𑄴 !,.সেটা কি হতে পারে ধর্ম আরুা
𑄦𑄳𑄆𑄮 𑄛𑄢𑄬 𑄙𑄧𑄢𑄴𑄟𑄧𑄢𑄴 𑄚𑄨𑄎𑄬𑄚𑄨 !,ধর্মী মানুষ
𑄟𑄚𑄬𑄠𑄧𑄢𑄴 𑄟𑄪𑄢𑄴 𑄙𑄧𑄢𑄴𑄟𑄧 𑄦𑄧𑄣𑄧 𑄟𑄚𑄬𑄠𑄧𑄢𑄴 𑄝𑄚𑄴𑄳𑄢𑄣𑄋𑄴,. মানুষ মানুষের ধর্ম হলো মানুষের ধর্ম
𑄚𑄧 𑄝𑄬𑄝𑄧 𑄎𑄘𑄴 - 𑄝𑄬𑄎𑄘𑄴 𑄟𑄧𑄚𑄚𑄴 𑄗𑄬𑄝𑄧 𑄟𑄬𑄣𑄳𑄣𑄇𑄴,.বেঁচে যাওা-বেঁচে থাকা মনে থাকবে
𑄇𑄮𑄌𑄴 𑄛𑄬𑄝𑄧 𑄟𑄚𑄬𑄭- 𑄚𑄧 𑄝𑄬𑄝𑄧 𑄃𑄧𑄎𑄧𑄣𑄴 - 𑄚𑄨𑄎𑄮,কোচ পোর মানে-বোর মতো না -নিজের
𑄥𑄪𑄊𑄧𑄖𑄴-𑄘𑄪𑄊𑄧𑄖𑄴 𑄝𑄬𑄇𑄴𑄪𑄚𑄧𑄣𑄴𑄣𑄳𑄆 𑄡𑄬𑄝𑄧 𑄝𑄪𑄇𑄴 𑄘𑄨 𑄃𑄪𑄎𑄳𑄆𑄬,সকালে- বিকালে সবাই বুক দিে উঠবে
𑄝𑄬𑄇𑄴𑄪𑄚𑄴𑄳𑄆𑄮 𑄗𑄬𑄝𑄧 𑄦𑄏𑄨-𑄢𑄪𑄎𑄨 𑄥𑄧𑄘𑄧𑄢𑄴 𑄦𑄳𑄆𑄮 𑄟𑄧𑄚𑄧𑄢𑄴,সবাই থাকার জন্য পাহাি-রুচি ঠিক করতেছে
"𑄞𑄧𑄎𑄧𑄟𑄚𑄴 𑄉𑄮𑄢𑄳𑄦𑄨𑄝𑄧 𑄟𑄚𑄬𑄭 𑄦𑄧𑄣𑄬 𑄦𑄧𑄎𑄧𑄣𑄴, 𑄚𑄨𑄎𑄮 𑄚𑄧 𑄇𑄳𑄆𑄮","ভালো ছেলে হলে হিল,নিজের কথা বলে না"
𑄥𑄪𑄚𑄴𑄎𑄪𑄇𑄴 𑄘𑄨 𑄚𑄧 𑄛𑄣𑄴𑄬𑄃𑄮 𑄖𑄪𑄘𑄧 𑄉𑄧𑄖𑄴𑄧 𑄚𑄧𑄠𑄴,সুুক দিতে না পারলে সহ্য হ না
𑄃𑄬 𑄥𑄨𑄠𑄬𑄚𑄧𑄢𑄬 𑄇𑄧𑄠𑄴𑄘𑄳𑄠 𑄝𑄚𑄴𑄳𑄢𑄣𑄋𑄴,এই তাকে বলে ব বানলা
𑄃𑄬 𑄥𑄨𑄠𑄬𑄚𑄧𑄢𑄬 𑄙𑄧𑄢𑄴𑄟𑄧 𑄇𑄧𑄠𑄴 ।,এই তাকে ধর্ম বলে
𑄟𑄚𑄬𑄠𑄧𑄢𑄴 𑄃𑄊𑄬 𑄝𑄚𑄳𑄣 𑄞𑄝𑄧𑄚𑄴-𑄝𑄪𑄏𑄧𑄚𑄴- 𑄇𑄧𑄚𑄧,.মানুষ আছে বন্যা ভাব-বুঝি-কোন কিছু
𑄦𑄬𑄟𑄚𑄧𑄢𑄴 𑄚𑄳𑄆𑄬- 𑄥𑄬𑄚𑄬 𑄟𑄚𑄬𑄠𑄬,হেঁচার নেই-সেচে মানুষ
𑄛𑄢𑄧𑄚𑄴 𑄝𑄚𑄳𑄣 𑄉𑄧𑄟𑄴-𑄞𑄚𑄴𑄎𑄬 𑄝𑄨𑄎𑄨𑄢𑄳𑄆𑄬,.পাহাের বন্যা ভালো-খারাপ
"𑄖𑄢𑄳𑄣 𑄡𑄪𑄚𑄨 𑄛𑄪𑄎𑄨𑄣𑄬, 𑄖𑄢𑄳𑄣 𑄡𑄪𑄚𑄨 𑄟𑄚𑄨𑄣𑄬","তাাতাি পূজা করলে, তাাতাি মেনে নিলে"
𑄟𑄪𑄢𑄨 𑄡𑄬𑄣𑄬 𑄡𑄪𑄚𑄨 𑄖𑄢𑄳𑄣 𑄌𑄮𑄊𑄧 𑄛𑄚𑄨 𑄜𑄬𑄣𑄬𑄣𑄬,.মেে গেলে তার চোখের পানি পে
𑄉𑄧𑄟𑄴 𑄚𑄋𑄴 𑄚𑄨𑄚𑄬 𑄡𑄪𑄚𑄨 𑄃𑄳𑄆𑄣𑄪𑄟𑄴 𑄎𑄧𑄝𑄧𑄚𑄴,ভালো নাম নিে যাওা ভালো
"𑄃𑄬𑄥𑄬𑄇𑄴𑄬 𑄖𑄬 𑄦𑄧𑄠𑄴 𑄥𑄧𑄢𑄴𑄉𑄧, 𑄥𑄬𑄇𑄴𑄬 𑄖𑄬 𑄦𑄧𑄠𑄴 𑄚𑄨𑄢𑄴𑄝𑄚𑄴 ।","এখন সে হ স্বর্গ, এখন সে হ স্বর্গ"
"𑄙𑄧𑄢𑄴𑄟𑄧𑄢𑄴 𑄗𑄠𑄴 𑄢𑄨𑄥𑄴𑄳𑄠𑄧, 𑄙𑄧𑄚𑄴 𑄛𑄳𑄢𑄬𑄖𑄴, 𑄥𑄪𑄊𑄧 𑄛𑄳𑄢𑄬𑄖𑄴 𑄥𑄬𑄚𑄬","ধর্ম আছে রিস,ধন প্রেত,সুগ প্রেত"
𑄌𑄳𑄆𑄬 𑄚𑄧 𑄛𑄢𑄬 𑄖𑄬 𑄥𑄪𑄊𑄴 - 𑄘𑄪𑄊𑄴 𑄇𑄨𑄖𑄴𑄳𑄠,সে সহজে দেখতে পারে না-দুঘোর কীত
"𑄝𑄢𑄳𑄣𑄬 𑄃𑄢𑄧 𑄃𑄨𑄁𑄉𑄢𑄴, 𑄛𑄨𑄎𑄪𑄟𑄴, 𑄌𑄪𑄢𑄴, 𑄙𑄬𑄋𑄴, 𑄇𑄪𑄣𑄨","বোল আর মেশিন,চিম,চামা,কুা,কুা"
𑄛𑄎𑄨𑄘𑄨 𑄦𑄧𑄠𑄴 𑄟𑄧𑄚𑄚𑄴 𑄃𑄢𑄧 𑄝𑄬𑄎𑄴 𑄟𑄪𑄢𑄴,পালিে যাওা মন আর বোর মুর্খ
𑄥𑄧𑄟𑄎𑄴 𑄦𑄧𑄠𑄴 𑄃𑄢𑄧 𑄎𑄮𑄣𑄴 𑄥𑄪𑄊𑄴 𑄙𑄭 𑄟𑄧𑄚𑄧𑄖𑄴𑄪𑄚𑄴,সমাজ হে আর জো সুখ আসে মন থেকে
𑄢𑄘𑄴 𑄞𑄢𑄳𑄣𑄨 𑄦𑄳𑄆𑄮 𑄡𑄠𑄴 𑄛𑄬𑄣𑄋𑄴 𑄛𑄬𑄣𑄋𑄴,রাত হে যাওা যা
𑄃𑄬𑄙𑄨𑄇𑄴𑄳𑄠𑄚𑄴 𑄦𑄧𑄠𑄴 𑄝𑄚𑄳𑄣 𑄚𑄧 𑄗𑄬𑄣𑄬 𑄝𑄚𑄴𑄳𑄢𑄣𑄋𑄴 ।,এত ব না থাকলে ব হনা
𑄃𑄬𑄡𑄧 𑄃𑄬𑄝𑄢𑄴 𑄃𑄟𑄨 𑄝𑄚𑄴𑄳𑄢𑄣𑄋𑄨 𑄦𑄳𑄆𑄮,এখন তো আমরা ব হেছি
𑄟𑄧𑄚𑄧𑄢𑄴 𑄃𑄙𑄧𑄋𑄴 𑄇𑄎𑄧𑄢𑄴 𑄙𑄳𑄆𑄮 𑄝𑄬𑄇𑄴𑄇𑄚𑄨,মনের সব ময়লা পরিষ্কার করে সবগুলো
"𑄥𑄧𑄘𑄧𑄢𑄴 𑄃𑄣𑄴𑄉, 𑄃𑄧𑄎𑄧𑄣𑄴 𑄚𑄨𑄎𑄮 𑄚𑄧 𑄉𑄮𑄢𑄳𑄦𑄨 𑄃𑄢𑄴 𑄞𑄬𑄘𑄴",".সাের আলগা,অমল নিজের না করে আর ভেদ করে না"
𑄥𑄧𑄁 𑄉𑄮𑄢𑄳𑄦𑄨 𑄦𑄃𑄮𑄘𑄨 𑄃𑄟𑄨 𑄝𑄬𑄊𑄬 𑄝𑄬𑄊𑄧𑄢𑄴 𑄈𑄬𑄘𑄴,সম করে হেটে যাওা আমরা বোতে বোতে খাই
𑄃𑄬𑄇𑄴 𑄟𑄧𑄚𑄴 𑄃𑄬𑄇𑄴𑄎𑄧𑄚𑄴 𑄦𑄳𑄆𑄮 𑄃𑄟𑄨 𑄝𑄬𑄇𑄴𑄪𑄚𑄬,এক মন একমন হওা আমরা সবাই
𑄃𑄬𑄇𑄴 𑄎𑄧𑄚𑄧 𑄘𑄪𑄊𑄧𑄖𑄴 𑄃𑄢𑄧 𑄃𑄬𑄇𑄴 𑄎𑄧𑄚𑄴 𑄇𑄚𑄨,এক জন দুঃখ আর এক জন কান্না
𑄥𑄪𑄊𑄨 𑄦𑄳𑄆𑄮 𑄥𑄧𑄁𑄉𑄮𑄢𑄳𑄦𑄨 𑄙𑄧𑄚𑄬 𑄃𑄢𑄴 𑄟𑄚𑄬,.সুঁচালো হে সঙ্গ দো আরও ভালো
𑄥𑄧𑄢𑄴𑄉𑄧𑄃𑄚𑄴 𑄃𑄚𑄨 𑄑𑄚𑄨 𑄛𑄪𑄖𑄴𑄨 𑄎𑄧𑄚𑄬 𑄎𑄧𑄚𑄬 ।,স্বর্গটা নিে যাওা দুইজনে
𑄃𑄟 𑄜𑄎𑄚𑄨,আমাদের ফাকিঁ
𑄃𑄟 𑄜𑄎𑄚𑄨 𑄇𑄧𑄚𑄴 𑄙𑄮𑄇𑄴𑄳𑄠𑄚𑄴 𑄃𑄬𑄇𑄴𑄇 𑄘𑄮𑄣𑄬 𑄌𑄧,আমাদের দলের কোন ধোঁাটা একটু ভালো করে দেখ
𑄃𑄪𑄚𑄴𑄎𑄪𑄢𑄴 𑄗𑄭𑄘𑄳𑄠 𑄟𑄧𑄚𑄚𑄨𑄖𑄴 𑄃𑄟𑄢𑄴 𑄜𑄇𑄴 𑄟𑄢𑄳𑄦𑄨𑄝𑄢𑄴 𑄞𑄧 ।,উষর মনের মধ্যে আমার লাফ মারা লাগবে
𑄎𑄪 𑄖𑄮𑄉𑄬𑄚𑄬𑄭 𑄗𑄬𑄭𑄘𑄬 𑄃𑄪𑄚𑄴𑄎𑄪𑄢𑄴 𑄇𑄬𑄚𑄬 𑄛𑄧𑄢𑄧 𑄇𑄚𑄳𑄦𑄖𑄴 𑄌𑄪𑄢𑄳𑄦𑄨𑄟𑄴,জুো তোষক দিে কোথা লুকিে থাকবো
𑄥𑄪𑄘𑄧 𑄘𑄳𑄆𑄨𑄚𑄬 𑄉𑄧𑄛𑄴 𑄟𑄢𑄨𑄚𑄬 𑄑𑄮𑄉𑄬 𑄇𑄬𑄚𑄬 𑄍𑄢𑄨𑄟𑄴 ।,সুদ দো ঠকিে কেমনে চলে যাবো
𑄚𑄨𑄎𑄬 𑄉𑄧𑄣𑄴𑄬 𑄘𑄪𑄊𑄴 𑄛𑄬𑄭 𑄞𑄢𑄨,নিজে করলে দুঃখ পাওা
𑄛𑄮𑄢𑄨𑄠𑄬 𑄉𑄧𑄣𑄴𑄬 𑄃𑄪𑄎𑄴𑄧 𑄛𑄬𑄭,পিা করলে ভালো লাগে
𑄚𑄨𑄎𑄧 𑄘𑄪𑄇𑄴𑄇𑄚𑄨 𑄘𑄪𑄊𑄴 𑄞𑄝𑄨 𑄛𑄧𑄢𑄧 𑄘𑄪𑄇𑄴𑄇𑄚𑄨 𑄇𑄨𑄌𑄴𑄪 𑄚𑄬𑄭 ।,নিজের দুঃখগুলো চিন্তা করে অন্যের দুঃখগুলো কিছুই নেই
𑄚𑄨𑄎𑄧 𑄥𑄪𑄇𑄴𑄇𑄚𑄨 𑄇𑄨𑄌𑄴𑄪 𑄚𑄧𑄠𑄴 𑄛𑄧𑄢𑄧 𑄥𑄪𑄇𑄴𑄇𑄚𑄨 𑄝𑄬𑄎𑄴 𑄘𑄬𑄊𑄨,নিজের সুখগুলো কিছুই না অন্যের সুখগুলো বেে দেখি
𑄛𑄧𑄢𑄧 𑄞𑄇𑄴𑄳𑄠𑄧 𑄃𑄪𑄚𑄴𑄎𑄪𑄢𑄴 𑄝𑄬𑄎𑄴 𑄚𑄨𑄎𑄧 𑄞𑄇𑄴𑄇𑄳𑄠𑄧 𑄇𑄧𑄟𑄴 𑄘𑄬𑄊𑄨 ।,পার ভাই-বোনেরা কম দেখে
𑄃𑄨𑄙𑄮𑄖𑄴 𑄚𑄧 𑄗𑄠𑄴 𑄇𑄢𑄧 𑄦𑄬𑄎𑄣𑄴 𑄇𑄖𑄴𑄗𑄪𑄚𑄴 𑄦𑄮𑄠𑄳𑄆𑄬 𑄇𑄨,এখানে থাকলে কার লাভ হ কে জানে
𑄚𑄨𑄎𑄧 𑄞𑄪𑄘𑄨𑄝𑄮 𑄛𑄪𑄢𑄬 𑄛𑄣𑄴𑄬 𑄥𑄨𑄝𑄬𑄢𑄬 𑄝𑄚𑄬𑄭 𑄜𑄨 ।,নিজের ভুিটা পুরে ফেললে তাকে বিে করে
𑄞𑄣𑄬𑄘𑄨 𑄇𑄟𑄧𑄖𑄴 𑄜𑄣𑄴 𑄘𑄨 𑄃𑄪𑄎𑄬𑄭 𑄟𑄧𑄚𑄚𑄴 𑄘𑄬𑄊𑄬𑄭 𑄘𑄮𑄣𑄴,ভালো কাজ করে মনটা দেখতে সুন্দর
𑄇𑄟𑄴𑄃𑄢𑄬𑄚𑄬 𑄇𑄪𑄘𑄴𑄪𑄢𑄴 𑄡𑄬𑄣𑄬 𑄝𑄎𑄬𑄭 𑄚𑄚𑄚𑄴 𑄎𑄮𑄣𑄴 ।,কাজ করতে করতে কোথা যাওা যা জানিনা
𑄇𑄪𑄢𑄳𑄣𑄨 𑄝𑄚𑄳𑄣 𑄚𑄨𑄎𑄧 𑄃𑄣𑄪𑄝𑄮 𑄡𑄨𑄠𑄬𑄚𑄴 𑄡𑄬𑄝𑄧 𑄡𑄮𑄇𑄴 𑄞𑄋𑄨,তরকারিটা নিজের আলুটা যে দুই ভাগ ভেঙে যাবে
𑄚𑄧 𑄌𑄳𑄆𑄬 𑄥𑄨𑄃𑄧𑄖𑄴 𑄡𑄬𑄝𑄧𑄚𑄨 𑄇𑄧𑄚𑄧 𑄞𑄣𑄬𑄘𑄨 𑄇𑄟𑄚𑄴 𑄃𑄋𑄳𑄦𑄨 ।,.না দেখে সেখানে যেগুলো আছে সেগুলো ভালো করে কাটার আছে।
𑄇𑄮𑄙 𑄃𑄳𑄆𑄨𑄚𑄬 𑄇𑄮𑄙 𑄚𑄧 𑄢𑄊𑄬𑄭 𑄜𑄎 𑄉𑄮𑄢𑄳𑄦𑄨 𑄎𑄪𑄘𑄧,.কথা কথা না বলে চুপিসারে চলে যা
𑄃𑄎 𑄘𑄨𑄚𑄬 𑄛𑄎 𑄟𑄢𑄨 𑄟𑄧𑄚𑄴 𑄉𑄮𑄢𑄳𑄦𑄨 𑄘𑄨 𑄌𑄪𑄙𑄧 ।,আজকে দিনে পাহাে পাহাে মনের ইচ্ছা পূরণ করে
𑄉𑄧𑄟𑄴 𑄇𑄮𑄣𑄳𑄆𑄬𑄘𑄬 𑄎𑄧𑄘𑄧𑄝𑄧𑄘𑄬 𑄃𑄢𑄧 𑄝𑄪𑄏𑄨𑄠𑄬 𑄈𑄮𑄣𑄳𑄆𑄬𑄘𑄬𑄃𑄮 𑄝𑄬𑄎𑄴 𑄉𑄮𑄢𑄳𑄦𑄨,ভালো নেে শুধু বোই করে
𑄝𑄢𑄴𑄝𑄳𑄠𑄧 𑄌𑄬𑄘𑄳𑄆𑄬 𑄚𑄉𑄧𑄢𑄴 𑄔𑄣𑄨 𑄚𑄧𑄠𑄴𑄘𑄳𑄠 𑄃𑄨𑄠𑄬𑄚𑄴𑄃𑄮 𑄦𑄧𑄠𑄴 𑄉𑄮𑄢𑄳𑄦𑄨 ।,.বিালের চেে নাগর দোলাই না এরকম হ
𑄃𑄬𑄇𑄴𑄇 𑄃𑄬𑄇𑄴𑄇 𑄛𑄢𑄨 𑄚𑄧 𑄛𑄢𑄨 𑄉𑄧𑄛𑄴 𑄟𑄢𑄨𑄘𑄳𑄆𑄬 𑄖𑄣𑄴,একটু একটু পারা যা না বলে গালি মারে
𑄃𑄢𑄧 𑄃𑄬𑄇𑄴𑄇 𑄝𑄬𑄎𑄴 𑄛𑄣𑄴𑄬 𑄘𑄧 𑄘𑄟𑄨 𑄦𑄳𑄆𑄮 𑄗𑄳𑄆𑄬 𑄝𑄬𑄦𑄣𑄴 ।,আরও একটু বেস পেলে তো ভালো হে থাকে
𑄟𑄚𑄨 𑄈𑄪𑄣𑄬𑄭 𑄎𑄧𑄘𑄧𑄝𑄧𑄘𑄬 𑄃𑄬𑄇𑄴𑄇 𑄎𑄪 𑄛𑄬𑄣𑄬,.মেেটি একটু সুযোগ পেলে
𑄟𑄪𑄢𑄪𑄝𑄴𑄨 𑄌𑄬𑄘𑄬𑄭 𑄉𑄬𑄎 𑄟𑄢𑄨 𑄥𑄨𑄃𑄧𑄖𑄴 𑄌𑄬𑄢𑄴 𑄛𑄬𑄣𑄬 ।,.মেেটা চেে গিে সেখানে চে পেলে
𑄚𑄨𑄎𑄧 𑄜𑄬𑄎𑄚𑄨 𑄚𑄧 𑄘𑄬𑄊𑄨 𑄛𑄧𑄢𑄧 𑄜𑄬𑄎𑄚𑄨 𑄣𑄳𑄆𑄮,নিজের ছবি না দেখে অন্যের ছবি উঠতেছে
𑄊𑄧𑄢𑄴 𑄝𑄬𑄢𑄳𑄆𑄬𑄚𑄬 𑄇𑄪𑄖𑄴𑄪𑄢𑄨 𑄟𑄘𑄨 𑄟𑄪𑄃𑄚𑄴 𑄜𑄬𑄚 𑄦𑄳𑄆𑄮 ।,বাি ঘুরতে ঘুরতে মাটিটা ফেনা হ
𑄥𑄬 𑄊𑄧𑄢𑄧𑄖𑄴𑄗𑄪𑄚𑄴 𑄃𑄪𑄙𑄨 𑄃𑄳𑄆𑄬𑄚𑄬 𑄃𑄢𑄧 𑄃𑄬𑄇𑄴𑄇𑄚𑄴 𑄊𑄧𑄢𑄧𑄖𑄴 𑄡𑄳𑄆𑄬,সে বাি থেকে উঠে আরেকটা বািতে যাওা যা
𑄇𑄪𑄖𑄴𑄪𑄢𑄨 𑄟𑄘𑄨 𑄥𑄨𑄝𑄬𑄢𑄬 𑄃𑄢𑄧 𑄟𑄨𑄙𑄬 𑄉𑄮𑄢𑄳𑄦𑄨𑄚𑄳𑄆𑄬 ।,কুত্তির মাটি তাকে আর মিষ্টি করে
𑄇𑄧𑄚𑄧 𑄘𑄨𑄚𑄴 𑄚𑄧 𑄇𑄳𑄆𑄮 𑄚𑄨𑄎𑄧 𑄇𑄮𑄙𑄚𑄨 𑄟𑄳𑄆𑄪 𑄇𑄧𑄖𑄴𑄧𑄟𑄚𑄴 𑄛𑄎𑄨,কোন দিন না বলে নিজের কথা গুলো মুখে পে
𑄟𑄨𑄙𑄬 𑄉𑄮𑄢𑄳𑄦𑄨 𑄇𑄢𑄬 𑄈𑄋𑄧𑄢𑄴 𑄘𑄮𑄣𑄴 𑄉𑄮𑄢𑄳𑄦𑄨𑄚𑄬 𑄃𑄏𑄨 ।,মিষ্টি করে কাকে খাওার সম সুন্দর করে আছে
𑄚𑄨𑄎𑄧 𑄘𑄪𑄌𑄴𑄥𑄚𑄨 𑄛𑄧𑄢𑄧𑄢𑄬 𑄘𑄳𑄆𑄨𑄚𑄬 𑄥𑄙𑄪 𑄈𑄮𑄣𑄬𑄝𑄢𑄴 𑄌𑄳𑄆𑄬,.নিজের দোষ অন্যের সাথে তুলনা করে ভালো করে দেখা যা
𑄟𑄨𑄎𑄬 𑄇𑄮𑄙𑄖𑄴 𑄙𑄧𑄢 𑄛𑄧𑄣𑄴𑄬𑄃𑄮 𑄘𑄘𑄧 𑄉𑄮𑄢𑄳𑄦𑄨 𑄗𑄳𑄆𑄬 ।,মিষ্টি কথা ধরা পলেও শক্ত করে থাকে
𑄘𑄪𑄌𑄴𑄌𑄚𑄨 𑄇𑄨𑄃𑄳𑄆𑄮 𑄘𑄬𑄊𑄬 𑄘𑄨𑄣𑄬 𑄥𑄨𑄝𑄬𑄢𑄬 𑄝𑄬𑄎𑄢𑄴 𑄦𑄳𑄆𑄮,দোষগুলো দেখলে তাকে খারাপ লাগে
𑄇𑄮𑄎𑄴𑄳𑄠 𑄝𑄎𑄳𑄠𑄬 𑄥𑄖𑄴 𑄚𑄣𑄴 𑄥𑄪𑄘𑄧 𑄖𑄣𑄴𑄳𑄆𑄮 𑄍𑄨𑄚𑄨 𑄣𑄳𑄆𑄮 ।,কোজা বাঁশে সাত নাল সুতা দিে ছিঁেছে
𑄝𑄧𑄎𑄧𑄢𑄴 𑄍𑄧 𑄟𑄥𑄴 𑄡𑄘𑄬 𑄚𑄧 𑄡𑄘𑄬 𑄃𑄢𑄧 𑄘𑄮𑄣𑄬 𑄟𑄨𑄣𑄨,বছর ছা মাস যা না আর ভালো করে মিশে
𑄇𑄮𑄌𑄴 𑄛𑄛𑄨 𑄦𑄳𑄆𑄮 𑄃𑄢𑄧 𑄘𑄮𑄣𑄬 𑄛𑄪𑄚𑄴 𑄣𑄨𑄠𑄳𑄆𑄬 𑄘𑄳𑄠𑄘𑄨 𑄉𑄮𑄢𑄳𑄦𑄨 ।,.কোচপাপি হে আর ভালো করে পাছা লিে দিে দিল
𑄝𑄬𑄢𑄚 𑄃 𑄉𑄧𑄛𑄴𑄛𑄚𑄨 𑄛𑄬𑄣𑄬 𑄦𑄧𑄠𑄴 𑄟𑄨𑄙𑄬 𑄈𑄪𑄟𑄴,.গবাদিপশু পেলে হ মিষ্টি খাওা
𑄃𑄨𑄙𑄮𑄖𑄴 𑄚𑄧 𑄃𑄪𑄘𑄬 𑄞𑄖𑄴 𑄛𑄚𑄨 𑄃𑄨𑄙𑄮𑄖𑄴 𑄚𑄧 𑄃𑄪𑄘𑄬 𑄊𑄪𑄟𑄴 ।,এখানে না উঠে ভাত পানি এখানে না উঠে
𑄢𑄧𑄋𑄴𑄉𑄧𑄃𑄚𑄨 𑄛𑄬𑄣𑄬 𑄘𑄧 𑄃𑄢𑄴 𑄇𑄮𑄙 𑄚𑄬𑄭,রঙ্গ তামাশা পেলে তো আর কথা নেই
𑄃𑄪𑄝𑄮𑄣𑄴 𑄜𑄣𑄴 𑄦𑄳𑄆𑄮𑄚𑄬 𑄦𑄙 𑄙𑄮𑄢𑄨 𑄊𑄧𑄢𑄧 𑄈𑄨𑄖𑄴𑄬 𑄃𑄢𑄴 𑄚𑄧 𑄌𑄳𑄆𑄬 ।,.উবোল লাফ দিে হাত দিে বািটা আর দেখা যা না
𑄇𑄟𑄧𑄖𑄴 𑄉𑄮𑄢𑄳𑄦𑄨 𑄌𑄮𑄃𑄮𑄣𑄨 𑄇𑄨 𑄚𑄨𑄎𑄧 𑄇𑄟𑄴 𑄃𑄢𑄴 𑄛𑄧𑄢𑄧 𑄇𑄟𑄴,কাজে অবহেলা করে অন্যের কাজ আর পর কাজ
𑄛𑄬𑄝𑄢𑄴 𑄃𑄧𑄇𑄴𑄖𑄧𑄖𑄴 𑄝𑄬𑄎𑄴 𑄌𑄳𑄆𑄬 𑄟𑄖𑄴𑄧𑄢𑄴 𑄚𑄧 𑄜𑄬𑄣𑄬𑄭𑄚𑄬 𑄊𑄟𑄴 ।,.পাহাের নিচে বেশি ময়লা দেখে মাথা থেকে ঘাম বের হ না
𑄎𑄪 𑄈𑄬𑄢 𑄃𑄢𑄴 𑄟𑄧𑄘𑄴 𑄝𑄧𑄘𑄧𑄣𑄴𑄳𑄠𑄧 𑄡𑄪𑄚𑄨 𑄟𑄧𑄢𑄧𑄖𑄴𑄪𑄚𑄬 𑄛𑄳𑄆𑄬,জুা খেলা এবং মদের বদল দুইজনে পেেছে
"𑄥𑄬𑄇𑄴𑄬, 𑄥𑄧𑄋𑄴𑄥𑄢𑄚𑄴 𑄇𑄪𑄚𑄴𑄘𑄨 𑄞𑄏𑄨 𑄡𑄢𑄴 𑄇𑄨𑄌𑄴𑄪 𑄟𑄳𑄣𑄳𑄠𑄙𑄴 𑄚𑄧 𑄛𑄳𑄆𑄬","এখন, সঙরাটা কুমাটা যা না"
𑄘𑄮𑄃𑄚𑄧𑄖𑄴 𑄝𑄧𑄣𑄬 𑄃𑄪𑄖𑄴𑄗𑄧𑄋𑄴 𑄚𑄧 𑄌𑄳𑄆𑄬 𑄘𑄨𑄚𑄴𑄧 𑄉𑄮𑄢𑄳𑄦𑄨 𑄗𑄪𑄟𑄴,দোকানে বলে উঠার সম না দেখে দিন কাটানো শেষ
𑄇𑄧𑄚𑄧 𑄇𑄟𑄧𑄖𑄴 𑄚𑄬𑄭 𑄉𑄮𑄢𑄳𑄦𑄨 𑄑𑄬𑄋𑄃𑄪𑄚𑄴 𑄉𑄮𑄢𑄳𑄦𑄨 𑄈𑄪𑄚𑄴 ।,কোন কাজে নেই গিে গিে খুন
𑄃𑄬𑄇𑄴 𑄑𑄬𑄋 𑄇𑄟𑄳𑄆𑄬 𑄘𑄨 𑄑𑄬𑄋 𑄈𑄳𑄆𑄬 𑄉𑄮𑄢𑄳𑄦𑄨 𑄊𑄧𑄢𑄧 𑄌𑄨𑄘𑄬,এক টাকা কাজ করে দুই টাকা খেে ঘর পরিষ্কার করে
𑄚𑄬𑄉𑄬 𑄟𑄮𑄉𑄬 𑄇𑄮𑄎𑄴𑄳𑄠 𑄝𑄎𑄳𑄆𑄬 𑄥𑄧𑄁𑄥𑄢𑄚𑄴 𑄉𑄮𑄢𑄳𑄦𑄨 𑄖𑄨𑄙𑄬 ।,.স্বামী-স্ত্রী মিলে সংসার করে
𑄃𑄢𑄧 𑄇𑄧𑄙𑄧𑄇𑄴 𑄜𑄎 𑄃𑄊𑄬 𑄇𑄳𑄆𑄮 𑄛𑄪𑄢𑄬𑄝𑄢𑄴 𑄚𑄧𑄠𑄴,আরও কেকটা ছেঁা আছে বলে কিছু নেই
𑄃𑄬𑄙𑄨𑄇𑄴𑄳𑄠𑄚𑄴 𑄜𑄎 𑄎𑄘𑄧𑄘𑄴 𑄗𑄬𑄣𑄬 𑄇𑄧𑄚𑄧 𑄞𑄣𑄬𑄘𑄴 𑄦𑄧𑄠𑄴!,এত ঘুরাফেরা করলে কোনো ভালো হ না
𑄟𑄳𑄣𑄳𑄠𑄙𑄴 = 𑄈𑄧𑄝𑄧𑄢𑄴 𑄛𑄚,মলা দিে খবর পাওা
𑄃𑄟 𑄎𑄪𑄟𑄴𑄧𑄃𑄪𑄚𑄬,আমাদের ভ্রাতৃবধু
𑄃𑄟 𑄎𑄪𑄟𑄴𑄧𑄃𑄪𑄚𑄬 𑄇𑄖𑄴 𑄦𑄳𑄆𑄮𑄚𑄬,আমাদের জুমগুলো কাত হেছে
𑄛𑄬𑄣𑄧𑄋𑄴 𑄝𑄕 𑄝𑄢𑄳𑄦𑄚𑄴-,পাহাের বো
𑄃𑄨𑄁𑄉𑄢𑄴 𑄃𑄢𑄧 𑄛𑄳𑄢𑄬𑄖𑄴,এক জাতী প্রেত
𑄚𑄧 𑄣𑄮𑄢𑄴 𑄇𑄨𑄃𑄳𑄆𑄮 𑄦𑄃𑄮𑄎𑄴 𑄉𑄮𑄢𑄳𑄦𑄨,নালার পানি নালা দিে হেঁটে যাওা
𑄉𑄮𑄞𑄨𑄚𑄴 𑄟𑄪𑄢𑄧𑄖𑄴 𑄓𑄪𑄝𑄨,গিমসি মাথা পে
𑄇𑄮𑄚𑄴𑄚 𑄃𑄟𑄨 𑄇𑄪𑄙𑄪 𑄃𑄊𑄨,.আমরা কোথা আছি
𑄇𑄪𑄙𑄪 𑄡𑄬𑄝𑄧𑄋𑄴 𑄇𑄨 𑄉𑄮𑄢𑄳𑄦𑄨𑄝𑄧𑄋𑄴,কোথা যাবো জানিনা
𑄃𑄟 𑄇𑄟𑄚𑄴 𑄇𑄨-,আমাদের কাজ কি
𑄇𑄨 𑄣𑄉𑄴 𑄦𑄮𑄠𑄳𑄠- 𑄇𑄨𑄇𑄴𑄬𑄚𑄴 𑄉𑄮𑄢𑄳𑄦𑄨,কি ভালো হেছে- কিছুক্ষণ পর পর
𑄟𑄚𑄳𑄆𑄬 𑄈𑄮𑄣𑄳𑄆𑄬 𑄗𑄳𑄆𑄬𑄚𑄬 𑄖𑄪𑄢𑄨,. মানে খুলেই থাকে তুরি
𑄇𑄧𑄝𑄧𑄋𑄴 𑄎𑄉𑄚𑄴 𑄃𑄟𑄢𑄴-,কত জাগা আমার
𑄇𑄧𑄚𑄴 𑄇𑄟𑄚𑄴 𑄃𑄢𑄴 𑄇𑄧𑄚𑄴 𑄃𑄇𑄴𑄧𑄣𑄚𑄴,কোন কাম আর কোন আপ্যান
𑄉𑄧𑄢𑄧𑄎𑄴 𑄦𑄮𑄠𑄳𑄠 𑄝𑄬𑄎𑄴-,গাগি হে গেল
𑄇𑄪𑄝𑄮𑄚𑄴 𑄃𑄟𑄨 𑄘𑄨𑄝𑄧𑄋𑄴 𑄜𑄬𑄣𑄬,কী আমরা সারাদিন ফেলে রাখি
𑄇𑄪𑄝𑄮𑄚𑄴 𑄣𑄧𑄝𑄧𑄋𑄴 𑄇𑄪𑄢𑄳𑄆𑄬,কোথা যাবো
𑄘𑄮𑄣𑄴 𑄉𑄮𑄢𑄨𑄚𑄬 𑄍𑄉𑄨 !,সুন্দর করে ছাা
𑄝𑄬 𑄣𑄳𑄆𑄮 𑄃𑄟𑄨 𑄇𑄪𑄛𑄧𑄖𑄴𑄗𑄚𑄴,বোই করে আমরা কামরা বসি
𑄌𑄨𑄣𑄴𑄳𑄠 𑄦𑄧𑄣𑄧𑄋𑄴 𑄎𑄧𑄚𑄬 𑄎𑄧𑄚𑄬,চঞ্চল হেছে দুইজনে
𑄦𑄧𑄣𑄧𑄋𑄴 𑄝𑄕 𑄎𑄘𑄧𑄃𑄨𑄘𑄪 𑄉𑄋𑄳𑄦𑄧𑄢𑄴,ব ব নদী
"𑄝𑄪𑄣𑄨, 𑄥𑄬𑄙𑄟𑄴 𑄝𑄧𑄣-","কথা, কথা বলা"
𑄚𑄨𑄎𑄧 𑄉𑄮𑄘𑄴𑄧𑄚 𑄚𑄨𑄎𑄬 𑄟𑄪𑄣𑄨,নিজের গোা নিজে মুি
𑄣𑄮-𑄦𑄬𑄢 𑄈𑄈𑄨 𑄉𑄮𑄢𑄳𑄦𑄨,এক জাতী গোা
𑄚𑄨𑄎𑄧 𑄌𑄳𑄦𑄢 𑄚𑄨𑄎𑄬 𑄣𑄪𑄉𑄬𑄝𑄢𑄴,নিজের চামা নিজে নিে যাওা
𑄎𑄨𑄘𑄴𑄝𑄘𑄴 𑄙𑄪𑄢𑄨 𑄚𑄨𑄎𑄧𑄣𑄴𑄳𑄆𑄮,যেখানে সেখানে
𑄚𑄨𑄎𑄧 𑄞𑄨𑄙𑄬𑄖𑄴𑄪𑄚𑄴 𑄚𑄨𑄎𑄧𑄢𑄬,নিজের ঘর থেকে বের হওা
𑄃𑄏-𑄥𑄧𑄝𑄧𑄚𑄴 𑄟𑄧𑄚𑄧𑄝𑄧𑄣𑄴,.আবোল তাবোল চিন্তা
𑄎𑄧𑄚𑄧𑄝𑄧𑄣𑄴 𑄃𑄢𑄴 𑄙𑄧𑄚𑄧𑄝𑄧𑄣𑄴,শক্তি ও ধনবল
𑄥𑄨𑄖𑄴𑄪𑄚𑄴 𑄘𑄋𑄳𑄦𑄧𑄢𑄴 𑄎𑄱𑄙𑄝𑄧𑄣𑄴 𑄝𑄬𑄇𑄴,সেখান থেকে ব ব জলাশ সব
𑄞𑄋𑄨𑄚𑄳𑄆𑄬 𑄃𑄨𑄇𑄴𑄬 𑄃𑄟𑄨 𑄌𑄨𑄃𑄮𑄚𑄧𑄖𑄴𑄪𑄚𑄴,ভাঙার জন্য এখন আমরা চওা থেকে বের হেছি
𑄌𑄨𑄃𑄮𑄚𑄴 𑄦𑄳𑄆𑄮 𑄌𑄳𑄦𑄢 𑄣𑄪𑄉𑄨𑄝𑄢𑄴 𑄙𑄪𑄢𑄴𑄝𑄮𑄖 𑄴𑄡𑄳𑄆𑄬,ছোট ছোট চামা লুকিে আছে এমন
𑄘𑄮𑄣𑄴 𑄉𑄮𑄢𑄳𑄦𑄨𑄚𑄬 𑄗𑄨𑄠𑄬𑄣𑄧𑄋𑄴 ।,সুন্দর করে দাঁড়িয়ে আছি
𑄦𑄧𑄣𑄧 𑄝𑄕 𑄃𑄨𑄇𑄴𑄬 𑄃𑄟𑄢𑄴-,এখন শুধু আমার
𑄇𑄖𑄴𑄪𑄚𑄴 𑄇𑄮𑄚𑄴𑄚 𑄘𑄋𑄳𑄦𑄧𑄢𑄴 𑄦𑄧𑄝𑄧𑄋𑄴,কাপটা কোন ব হবে
𑄙𑄧𑄚𑄧 𑄇𑄪𑄢𑄧𑄖𑄴 𑄥𑄪𑄊𑄧𑄖𑄴 𑄗𑄬𑄝𑄧𑄋𑄴,ধনের কলসির সামনে থাকবো
"𑄖𑄣 𑄖𑄣 𑄊𑄧𑄢𑄴 𑄖𑄪𑄣𑄨𑄝𑄧𑄋𑄴, 𑄥𑄬",তালা তালা ঘর তুলবো সে
"𑄌𑄨𑄘𑄬𑄣𑄳𑄆𑄮 𑄎𑄘𑄧 𑄇𑄮𑄙, 𑄝𑄝𑄴-𑄞𑄳𑄆𑄬, 𑄟-","ছেঁা কথা,বাবে-বো,মা"
𑄝𑄮𑄚𑄴 𑄘𑄬𑄏𑄧𑄢𑄴 𑄇𑄮𑄙 𑄝𑄬𑄇𑄴𑄇𑄚𑄨 𑄗𑄧𑄣𑄧𑄋𑄴,ভাই-বোনের কথাগুলো সব গুো করল
𑄉𑄢𑄬-,"গাে, গাে"
𑄥𑄪𑄖𑄴𑄗𑄪𑄢𑄴𑄝𑄮𑄢𑄬 𑄥𑄧𑄙𑄧𑄢𑄴 𑄉𑄮𑄢𑄳𑄦𑄨 𑄚𑄨𑄎𑄧 𑄎𑄖𑄴𑄳𑄠𑄧 𑄉𑄮𑄢𑄳𑄦𑄨𑄢𑄴 𑄛𑄧𑄢𑄴,সূর্যটাকে একদম নিজের মতো করে দেখতেছি
𑄞𑄪𑄙𑄨𑄝𑄮𑄣𑄴𑄳𑄆𑄧 𑄞𑄨𑄣𑄨 ।,ভূতে ভে
"𑄡𑄬𑄇𑄴𑄬, 𑄇𑄝 𑄈𑄳𑄆𑄬𑄚𑄬, 𑄛𑄮𑄢 𑄈𑄳𑄆𑄬𑄚𑄬-","কখন,কাঁকা খেে, পোা খেে"
𑄊𑄧𑄢𑄴 𑄘𑄮𑄢𑄴 𑄦𑄢 𑄦𑄳𑄆𑄮𑄚𑄬,বাির দরজা বন্ধ হেছে
𑄦𑄧𑄝𑄧𑄋𑄴 𑄍𑄢𑄚𑄘-,হে যাওা
𑄥𑄬𑄇𑄴𑄬 𑄖𑄬 𑄦𑄳𑄆𑄮 𑄘𑄨𑄇𑄴 𑄇𑄝𑄪𑄣𑄧,.সে কিছুক্ষণ পর পর পিছন ফিরে তাকা
𑄇𑄨 𑄉𑄮𑄢𑄳𑄦𑄨𑄝𑄧𑄋𑄴- 𑄇𑄪𑄙𑄪 𑄡𑄬𑄝𑄧𑄋𑄴,কি করবো- কোথা যাবো
𑄇𑄪𑄙𑄪 𑄗𑄬𑄝𑄧𑄋𑄴-𑄇𑄨 𑄈𑄬𑄝𑄧𑄋𑄴 𑄃𑄚𑄴𑄘𑄢𑄴,কোথা থাকবো জানিনা
𑄘𑄬𑄊𑄨 𑄝𑄬𑄇𑄴𑄇𑄚𑄴 ।,দেখে সবগুলো
𑄃𑄬 𑄥𑄬𑄇𑄴𑄬 𑄖𑄬 𑄥𑄧𑄘𑄴 𑄜𑄨𑄢𑄨,এই মুহুর্তে সে ফিরে
𑄢𑄉𑄴 𑄘𑄬𑄊𑄳𑄆𑄬𑄚𑄬 𑄉𑄧𑄋𑄴 𑄟𑄢𑄨,রাগ দেখে মার মারে
𑄎𑄮𑄠𑄢𑄴 𑄛𑄖𑄴𑄧𑄋𑄴 𑄌𑄳𑄆𑄬,জোার পাতা দিে হেঁটে যাওা
𑄥𑄨𑄠𑄬𑄚𑄴 𑄜𑄪𑄢𑄬𑄬𑄣𑄬 𑄃𑄢𑄧 𑄦𑄧𑄙𑄧𑄖𑄴,.সেটা শেষ হলে আবার হ
𑄡𑄬𑄠𑄳𑄠𑄳𑄆𑄧 𑄜𑄨𑄢𑄨 𑄃𑄥𑄧 𑄛𑄧𑄘𑄧𑄖𑄴,যে ফিরে আসে পথে
𑄚𑄨𑄎𑄧 𑄛𑄧𑄖𑄴𑄗𑄚𑄴 𑄚𑄨𑄎𑄧 𑄘𑄧𑄇𑄴𑄇𑄚𑄴,নিজের পথ নিজের পথ
𑄃𑄬𑄇𑄴 𑄃𑄬𑄉𑄬𑄟𑄬 𑄃𑄢𑄧 𑄘𑄮𑄣𑄬,এক আসতে আর ভালো
𑄘𑄧𑄢𑄳𑄦𑄧 𑄉𑄮𑄢𑄳𑄦𑄨 𑄙𑄪𑄢𑄨 ।,ভ পাে পে
𑄇𑄧𑄚𑄴 𑄙𑄮𑄇𑄴𑄳𑄠𑄚𑄴 𑄎𑄘𑄴 𑄦𑄧𑄣𑄧𑄋𑄴 𑄃𑄟𑄨,কোন ধোঁা যাইনি আমরা
𑄇𑄨 𑄥𑄨𑄊𑄨𑄚𑄳𑄆𑄬 𑄦𑄧𑄣𑄧𑄋𑄴 𑄇𑄖𑄴,কি সিকনিে হেছে কে জানে
𑄥𑄣𑄬𑄚𑄴 𑄃𑄟𑄨 𑄦𑄧𑄙𑄧𑄋𑄴 𑄌𑄳𑄦𑄬𑄢𑄴,বছর আমরা বেশি দেখতেছি
"𑄖𑄖𑄴 = 𑄥𑄨𑄇𑄴𑄈𑄨𑄖𑄧, 𑄣𑄉𑄴 = 𑄘𑄧𑄢𑄴𑄇𑄢𑄴 (𑄛𑄳𑄢𑄧𑄠𑄮𑄎𑄧𑄚𑄴) 𑄌𑄨𑄣𑄴𑄳𑄠 = 𑄞𑄉𑄴",".তাত = সেটা,লবনাক্ত,ভ - ভাগ"
𑄚𑄧 𑄗𑄮𑄇𑄴 𑄃𑄢𑄴,না থাকে আর
𑄉𑄧𑄟𑄚𑄴 𑄃𑄟𑄨 𑄝𑄬𑄇𑄴𑄪𑄚𑄬 𑄖𑄮𑄉𑄳𑄆𑄬 𑄈𑄮𑄣𑄳𑄆𑄬 𑄚𑄨𑄎𑄬𑄃𑄮 𑄉𑄧𑄟𑄴,ভে আমরা সবাই চুপ করে থাকা ভালো
𑄃𑄘𑄧𑄘𑄬 𑄃𑄟𑄨 𑄘𑄮𑄣𑄬 𑄌𑄬𑄣𑄬 𑄝𑄬𑄇𑄴𑄪𑄚𑄴 𑄛𑄎𑄨 𑄟𑄧𑄚𑄴 ।,আগে আমরা ভালো করে দেখলে সবাই খুশি
"𑄦𑄨𑄁𑄥𑄬, 𑄢𑄨𑄥𑄴𑄳𑄠𑄧, 𑄛𑄳𑄢𑄬𑄖𑄴 𑄗𑄬𑄣𑄬 𑄗𑄬𑄣𑄬 𑄃𑄢𑄧 𑄇𑄪𑄣𑄨-𑄙𑄬𑄋𑄴","হিংসা,রিা, প্রেত থাকলে আবার কুলি-পালিে থাকে"
𑄗𑄬𑄣𑄬 𑄃𑄢𑄧 𑄢𑄉𑄴 𑄇𑄪𑄖𑄴𑄪𑄢𑄨 𑄖𑄮𑄇𑄴𑄨-𑄚𑄮𑄇𑄴𑄨 𑄦𑄘𑄴-𑄒𑄬𑄋𑄴,.থাকলে আবার রাগ করে হাত দিে দৌা
"𑄝𑄢𑄴𑄝𑄮-𑄌𑄬𑄘𑄬𑄠𑄳𑄠, 𑄟𑄘𑄧𑄋𑄴 𑄚𑄧 𑄟𑄘𑄧𑄋𑄴 𑄣𑄪𑄌𑄴𑄳𑄠𑄧 𑄃𑄢𑄧 𑄌𑄪𑄢𑄴","বোই-চো, আমার সাথে কথা না বলে চুরি করে"
𑄥𑄬 𑄣𑄧𑄉𑄬 𑄗𑄬𑄣𑄬 𑄡𑄪𑄚𑄨 𑄃𑄢𑄧 𑄚𑄚𑄚𑄴 𑄝𑄝𑄧𑄖𑄴𑄳𑄠 𑄈𑄪𑄢𑄴,সে সাথে থাকলে সাথে সাথে অন্যান্য কাজ করে
𑄥𑄨𑄠𑄬𑄚𑄨 𑄗𑄬𑄣𑄬 𑄦𑄳𑄆𑄮 𑄛𑄢𑄬 𑄇𑄨 𑄥𑄬 𑄟𑄧𑄚𑄚𑄴 𑄃𑄢𑄴 𑄉𑄧𑄟𑄴 ?,.সেগুলো থাকলে কি সেই মনটা আরও ভালো?
"𑄟𑄧𑄚𑄬 𑄉𑄧𑄢𑄧𑄋𑄴 𑄝𑄬𑄇𑄴𑄇𑄚𑄨 𑄃𑄟𑄢𑄴 𑄃𑄊𑄬 𑄝𑄬𑄎𑄴 𑄃𑄢𑄴 𑄇𑄧𑄟𑄴,",মনে হ সবগুলো আমার আছে আর কম
𑄥𑄨𑄚𑄪𑄖𑄴𑄳𑄠𑄳𑄆 𑄘𑄧 𑄃𑄬𑄥𑄴𑄳𑄠 𑄃𑄟𑄨 𑄦𑄮𑄠𑄳𑄆𑄬 𑄝𑄬𑄇𑄴𑄪𑄚𑄴 𑄛𑄎𑄨,সেখানে তো আমরা সবাই পালি
𑄉𑄧𑄟𑄴 𑄎𑄨𑄚𑄨𑄌𑄴𑄌𑄚𑄨 𑄛𑄮𑄎𑄬𑄚𑄳𑄆𑄬 𑄛𑄢𑄨 𑄘𑄨 𑄥𑄨𑄃𑄧𑄖𑄴 𑄃𑄏𑄨,ভালো জিনিসপত্র পে সেগুলো সেখানে আছে
𑄉𑄧𑄟𑄴 𑄇𑄟𑄚𑄨 𑄉𑄮𑄢𑄳𑄦𑄨 𑄎𑄮𑄣𑄴 𑄉𑄧𑄟𑄴 𑄛𑄧𑄖𑄴𑄗𑄚𑄨𑄖𑄴 𑄦𑄮𑄠𑄳𑄠𑄳𑄆𑄧 𑄃𑄮𑄣𑄴,ভালো কাজ ভালো পথে হেছে
𑄚𑄧 𑄛𑄢𑄨 𑄇𑄨𑄌𑄴𑄪 𑄉𑄮𑄢𑄳𑄦𑄨 𑄘𑄮𑄣𑄴 𑄦𑄮𑄠𑄳𑄠𑄳𑄆𑄧 𑄝𑄬𑄇𑄴𑄈𑄚𑄨 𑄃𑄮𑄣𑄮𑄏𑄮𑄣𑄴,সব গুি সুন্দর হেছে
𑄚𑄧 𑄛𑄢𑄨 𑄇𑄨𑄌𑄴𑄪 𑄗𑄪𑄟𑄴 𑄉𑄮𑄢𑄳𑄦𑄨 𑄚𑄧 𑄛𑄢𑄨 𑄇𑄨𑄌𑄴𑄪 𑄚𑄋𑄴 𑄉𑄮𑄢𑄳𑄦𑄨,.কিছু শেষ করতে পারি না কিছু শেষ করতে পারি না
𑄘𑄋𑄳𑄦𑄧𑄢𑄴 𑄦𑄮𑄝𑄖𑄴𑄳𑄠𑄳𑄆 𑄌𑄳𑄆𑄬𑄚𑄬 𑄝𑄬𑄇𑄴𑄪𑄚𑄴 𑄎𑄃𑄮𑄣𑄪𑄇𑄴 𑄝𑄪𑄘𑄨 𑄟𑄪𑄢𑄨 ।,ব হওার পরেও সবাই বুো হে যাচ্ছে
𑄇𑄪𑄝𑄮𑄖𑄴 𑄃𑄢𑄴 𑄃𑄊𑄨 𑄃𑄟𑄨 𑄉𑄧𑄟𑄴 ?,কোথা আরও আছে আমি ভালো
𑄇𑄪𑄝𑄮𑄖𑄴 𑄃𑄢𑄴 𑄃𑄊𑄨 𑄃𑄟𑄨 𑄘𑄮𑄣𑄴 ?,কোথা আরও আছে আমরা সুন্দর
𑄚𑄨𑄎𑄬 𑄃𑄬𑄇𑄴𑄇𑄃𑄮 𑄘𑄮𑄣𑄴 𑄚𑄳𑄆𑄬 𑄉𑄮𑄢𑄳𑄦𑄨 𑄇𑄨𑄖𑄴𑄳𑄆𑄬 𑄖𑄮𑄉𑄳𑄆𑄬 𑄉𑄧𑄟𑄴 𑄃𑄢𑄴 𑄘𑄮𑄣𑄴 ?,.নিজের থেকে একটুও সুন্দর নেই এমন বাচ্চা কেন?
𑄘𑄮𑄣𑄴 𑄖𑄮𑄉𑄬𑄣𑄬 𑄉𑄧𑄟𑄴 𑄖𑄮𑄉𑄬𑄣𑄬 𑄥𑄨𑄠𑄬𑄚𑄴 𑄦𑄳𑄆𑄮 𑄃𑄊𑄬 𑄚𑄨𑄎𑄬,সুন্দর করে পরিষ্কার করলে ভালো করে সেটা আছে
𑄚𑄧 𑄦𑄧𑄣𑄬 𑄦𑄧𑄝𑄧 𑄇𑄧𑄚 𑄃𑄟𑄢𑄴 𑄌𑄮𑄊𑄴 𑄜𑄮𑄢𑄴 𑄛𑄮𑄢𑄳𑄆𑄬 𑄟𑄨𑄎𑄬 ;,.আমার চোখের পলক পতে হবে না হলে আমার চোখের পলক পে যাবে
𑄉𑄧𑄟𑄚𑄴 𑄡𑄬𑄇𑄴𑄬 𑄝𑄬𑄇𑄪𑄚𑄬 𑄖𑄮𑄉𑄳𑄆𑄬 𑄃𑄬𑄡𑄧 𑄝𑄬𑄇𑄴𑄪𑄚𑄴 𑄉𑄧𑄟𑄴 𑄦𑄳𑄆𑄮,ভে যখন সব পরিষ্কার হ তখন সবার ভালো হ
𑄛𑄧𑄎 𑄡𑄬𑄇𑄴𑄇𑄚𑄨 𑄃𑄊𑄬 𑄟𑄧𑄚𑄧𑄖𑄴 𑄝𑄬𑄇𑄴𑄇𑄚𑄨 𑄜𑄬𑄣𑄬 𑄗𑄳𑄆𑄮,.পজ্জোন যতগুলো আছে মনে সবগুলো ফেলে রাখি
𑄥𑄪𑄊𑄨 𑄦𑄳𑄆𑄮 𑄝𑄬𑄇𑄴𑄪𑄚𑄴 𑄃𑄟𑄨 𑄝𑄬𑄇𑄴𑄇𑄚𑄴 𑄦𑄮𑄇𑄴 𑄘𑄮𑄣𑄴,সুো হে সবাই সুন্দর হোক
𑄚𑄧 𑄗𑄮𑄇𑄴 𑄃𑄟𑄢𑄴 𑄇𑄧𑄚𑄧 𑄘𑄪𑄊𑄴 𑄚𑄧 𑄗𑄮𑄇𑄴 𑄃𑄢𑄴 𑄇𑄧𑄚𑄧 𑄎𑄮𑄣𑄴 ।,না থাক আমার কোনো দুঃখ আর রেখো না
𑄗𑄃𑄮𑄠𑄳𑄠 𑄃𑄢𑄴 𑄚𑄬𑄠𑄳𑄠,তাাতাি আর নাই
𑄗𑄃𑄮𑄠𑄳𑄠𑄝𑄮 𑄌𑄭𑄘𑄳𑄠 𑄚𑄬𑄠𑄳𑄦𑄳𑄠𑄝𑄮𑄖𑄴𑄪𑄚𑄴 𑄇𑄟𑄚𑄨 𑄝𑄬𑄎𑄴 𑄈𑄳𑄆𑄬𑄚𑄬,থাওাটা চাা না দিে বোই খেে
𑄇𑄬𑄚𑄬 𑄚𑄬𑄡𑄬𑄟𑄴 𑄇𑄧𑄟𑄴 𑄒𑄬𑄋𑄣𑄳𑄆𑄮 𑄇𑄟𑄚𑄴 𑄦𑄪𑄝𑄳𑄆𑄬𑄚𑄬 ।,.কেন যে বেশি পাহাি দিে কাজ করবে।
"𑄘𑄪𑄊𑄧 𑄇𑄮𑄙, 𑄢𑄘𑄧 𑄇𑄧𑄙 𑄃𑄢𑄧 𑄚𑄚𑄚𑄴 𑄇𑄮𑄙 𑄥𑄪𑄚𑄳𑄆𑄬","দুঃখ কথা,রাদের কথা আর নানারকম কথা শুনে"
𑄍𑄧𑄣𑄴 𑄙𑄪𑄢𑄨𑄚𑄬 𑄟𑄧𑄚𑄴 𑄉𑄮𑄣𑄬 𑄘𑄳𑄆𑄨 𑄘𑄮𑄣𑄬 𑄇𑄟𑄚𑄴 𑄣𑄮𑄚𑄳𑄆𑄬,প্রতারণা করে মন ভালো করে ভালো করে কাজ করে
𑄝𑄪𑄘𑄴𑄨 𑄈𑄘𑄳𑄆𑄬 𑄟𑄧𑄚𑄬 𑄟𑄧𑄚𑄬 𑄎𑄠𑄴𑄎𑄪𑄇𑄴𑄧𑄣𑄬 𑄗𑄠𑄴,বুো অবস্থা মনে পে থাকে
𑄇𑄨𑄎𑄪 𑄒𑄬𑄋 𑄡𑄬𑄝𑄢𑄴 𑄃𑄧𑄇𑄴𑄖𑄧𑄖𑄴 𑄇𑄧𑄟𑄴 𑄘𑄨𑄝𑄣𑄴𑄳𑄆𑄮 𑄃𑄏𑄠𑄴 ।,কত টাকা যাওার সম কম টাকা আছে
𑄚𑄬𑄠𑄳𑄦𑄳𑄠𑄝𑄮 𑄌𑄳𑄆𑄘𑄳𑄠 𑄗𑄃𑄮𑄠𑄳𑄠𑄝𑄮𑄢𑄬 𑄇𑄬𑄚𑄬 𑄈𑄪𑄏𑄨 𑄢𑄊𑄳𑄆𑄬,.নোরাটা চোখ বন্ধ করে রাখে
"𑄌𑄪𑄃𑄪𑄣𑄨 𑄉𑄮𑄢𑄳𑄦𑄨 𑄒𑄬𑄋𑄃𑄪𑄚𑄴 𑄈𑄬𑄟𑄴 𑄟𑄨𑄙𑄬 𑄉𑄮𑄢𑄳𑄦𑄨 𑄒𑄮𑄉𑄳𑄆𑄬 ,",চূা দিে পাহাি গুলো খেে নিই
𑄊𑄨𑄢𑄮𑄥𑄴𑄳𑄠𑄧 𑄗𑄬𑄣𑄬 𑄘𑄮𑄣𑄬 𑄉𑄮𑄢𑄳𑄦𑄨 𑄛𑄨𑄘𑄴 𑄘𑄨𑄣𑄬 𑄉𑄮𑄢𑄳𑄦𑄨 𑄛𑄮𑄃𑄧𑄢,ঘিরা থাকলে ভালো করে পিঠ দিলে গিে পা
𑄝𑄪𑄘𑄴𑄨 𑄎𑄮𑄢𑄬 𑄗𑄠𑄴 𑄘𑄮𑄣𑄬 𑄡𑄬𑄚𑄴 𑄚𑄧 𑄦𑄧𑄠𑄴 𑄖𑄬 𑄜𑄦𑄢 ।,বুোটা বেশি থাকলে ভালো হনা সে
𑄇𑄟𑄴 𑄜𑄪𑄢𑄳𑄆𑄬𑄚𑄬 𑄡𑄬𑄝𑄢𑄴 𑄃𑄧𑄇𑄴𑄖𑄧𑄖𑄴 𑄃𑄬𑄝𑄢𑄴 𑄘𑄬𑄊𑄬 𑄇𑄧𑄠𑄴,কাজ শেষ হে চলে যাওার সম এখন তো দেখা যা
𑄇𑄟𑄚𑄴 𑄞𑄢𑄨 𑄘𑄮𑄣𑄴 𑄉𑄮𑄢𑄳𑄦𑄨 𑄘𑄮𑄋𑄴 - 𑄃𑄨𑄇𑄴𑄬𑄚𑄴 𑄇𑄟𑄴 𑄃𑄢𑄴 𑄚𑄧 𑄦𑄧𑄠𑄴 ।,কামানটা অনেক সুন্দর করে দে - এখন কাজ আর হ না
"𑄃𑄬𑄝𑄢𑄴 𑄇𑄧𑄠𑄴 𑄣𑄪𑄘𑄪𑄉𑄴 𑄉𑄮𑄢𑄳𑄦𑄨 𑄘, 𑄎𑄨𑄙𑄪, 𑄃𑄎𑄪","এবার ক লুডু দিে দাও,যাও,আওা"
𑄇𑄟𑄚𑄧𑄖𑄴 𑄞𑄢𑄨 𑄘𑄪𑄊𑄴 𑄛𑄬𑄠𑄳𑄠𑄧𑄋𑄴 𑄃𑄢𑄧 𑄃𑄨𑄚𑄴𑄎𑄬𑄝𑄴 𑄉𑄮𑄢𑄳𑄦𑄨𑄥𑄴 𑄇𑄨𑄎𑄪 ।,কামে অনেক কষ্ট পেেছো আর ভিতরে গুো করে কি
𑄗𑄃𑄮𑄠𑄳𑄠𑄝𑄮 𑄌𑄳𑄆𑄘𑄳𑄠 𑄇𑄧𑄟𑄴 𑄘𑄨𑄝𑄢𑄴 𑄚𑄬𑄠𑄳𑄦𑄳𑄠𑄝𑄮 𑄌𑄳𑄆𑄘𑄳𑄠 𑄝𑄬𑄎𑄴,.থাওাটা চোখগুলো কম দেখার আছে
"𑄝𑄎𑄴𑄳𑄠𑄝𑄢𑄨 𑄦𑄧𑄠𑄴 𑄇𑄮𑄙𑄢𑄴 𑄖𑄮𑄉𑄳𑄆𑄬 𑄚𑄚𑄚𑄴 𑄛𑄬𑄎𑄴 ,",বাঁশের বো দিে নানারকম পাতা হ
𑄎𑄬𑄢𑄬 𑄖𑄢𑄳𑄦 𑄘𑄮𑄎𑄧𑄚𑄬 𑄛𑄚𑄴𑄳𑄦𑄳𑄠𑄧 𑄘𑄮𑄣𑄬 𑄃𑄪𑄘𑄧,. ফলে তারা দুইজনে পান করে ভালোভাবে উঠছে
"𑄇𑄢𑄧 𑄝𑄪𑄘𑄴𑄨 𑄇𑄟𑄧𑄖𑄴 𑄚𑄧 𑄣𑄉𑄨 𑄦𑄳𑄆𑄮 𑄗𑄚𑄴 𑄘𑄮𑄎𑄧𑄚𑄴 𑄌𑄪𑄙𑄧,",কার বুদ্ধি কাজে না লাগিে দুই জন শুে থাকে
𑄃𑄬𑄝𑄢𑄴 𑄜𑄢𑄧𑄇𑄴 𑄦𑄳𑄆𑄮𑄚𑄬 𑄖𑄢𑄳𑄦𑄬 𑄖𑄬 𑄇𑄪𑄖𑄴𑄪𑄢𑄨 𑄟𑄘 𑄙𑄧𑄢𑄧𑄚𑄴,এবার আলাদা হে তাকে কুত্তির মা বলে
𑄊𑄧𑄢𑄧𑄖𑄴 𑄃𑄬𑄝𑄢𑄴 𑄟𑄮𑄇𑄴𑄪𑄚𑄧𑄖𑄴𑄪𑄚𑄴 𑄃𑄧𑄉𑄮𑄙 𑄈𑄘𑄬 𑄟𑄧𑄢𑄧𑄚𑄴 ।,বািতে এখন সবার থেকে কম খরচে মরতে হ
𑄃𑄇𑄴𑄧𑄣𑄚𑄬,আাআি
𑄌𑄉𑄪𑄢𑄨 𑄗𑄬𑄣𑄬 𑄊𑄧𑄢𑄴 𑄘𑄮𑄣𑄴 𑄦𑄧𑄣𑄬,চাকমাদের ঘর সুন্দর হলে
𑄗𑄬𑄣𑄬 𑄑𑄬𑄋 𑄙𑄧𑄚𑄴,.থাকলে টাকা ধন
𑄃𑄨𑄇𑄴𑄬 𑄥𑄨𑄃𑄪𑄚𑄴 𑄃𑄇𑄴𑄧𑄣𑄴 𑄝𑄧𑄣,এখন সেগুলো আক্কেল বলা
"𑄝𑄝𑄪, 𑄘𑄋𑄳𑄦𑄧𑄢𑄴 𑄃𑄢𑄴 𑄉𑄧𑄟𑄴 ।","বাবু, ব আরও ভালো"
"𑄦𑄮𑄙𑄮𑄇𑄴 𑄃𑄨𑄁𑄉𑄢𑄨, 𑄛𑄳𑄢𑄬𑄖𑄴𑄳𑄠, 𑄛𑄎𑄨","এক জাতী ইঙি, প্রেত, প্রেত, পাজি"
𑄞𑄧𑄎𑄧𑄟𑄚𑄴 𑄖𑄮𑄉𑄚𑄴 𑄝𑄬𑄇𑄴𑄪𑄚𑄧𑄖𑄴𑄪𑄚𑄴,ভালো তরকারি সবার কাছ থেকে
𑄈𑄮𑄣𑄚𑄴 𑄘𑄋𑄳𑄦𑄧𑄢𑄴 𑄟𑄚𑄴 𑄝𑄧𑄣 ।,খোলা ব মানুষ বলা
𑄖𑄢𑄳𑄦 𑄝𑄢𑄳𑄦𑄃𑄪𑄚 𑄇𑄨𑄌𑄴𑄪 𑄚𑄧𑄠𑄴,তাদের বািটা কিছু না
𑄃𑄪𑄚𑄴𑄳𑄠𑄧 𑄝𑄨𑄎𑄨 𑄌𑄚𑄴,উন বিচি চাা
𑄃𑄇𑄴𑄧𑄣𑄴 𑄗𑄬𑄣𑄬𑄠𑄳𑄠𑄧 𑄣𑄖𑄴𑄳𑄠𑄧 - 𑄜𑄖𑄴𑄳𑄠𑄧,.আবোল তাবোল কথা বললে লাফ - লাফ
𑄚𑄳𑄆𑄬 𑄖𑄢𑄳𑄦𑄢𑄴 𑄇𑄧𑄚𑄧 𑄟𑄚𑄴 ।,তাদের কোনো মান নেই
𑄃𑄨𑄇𑄴𑄬 𑄘𑄨𑄚𑄧𑄖𑄴 𑄃𑄇𑄴𑄧𑄣𑄴 𑄟𑄝𑄧𑄚𑄴,আজকে দিনে গরম মাা
"𑄌𑄉𑄪𑄢𑄨, 𑄑𑄬𑄋, 𑄙𑄧𑄚𑄴𑄳𑄆𑄮","চামা, টাকা, ধন"
𑄥𑄪𑄙𑄧𑄟𑄴 𑄚𑄳𑄆𑄬 𑄃𑄢𑄴 𑄟𑄝𑄨𑄝𑄢𑄴 𑄃𑄨𑄇𑄴𑄬,.সুগন্ধি নেই আর গোসল করার
"𑄃𑄇𑄴𑄧𑄣, 𑄛𑄧𑄘𑄧𑄢𑄴, 𑄟𑄧𑄚𑄴𑄳𑄆𑄮 ।","আাআি, পদ, মন"
𑄟𑄨𑄣𑄧𑄚𑄴 𑄥𑄬𑄚𑄬 𑄃𑄨𑄇𑄴𑄬 𑄝𑄚𑄳𑄦,.মিলনের সম এখন হওা
𑄌𑄉𑄮𑄎𑄴𑄳𑄠 𑄝𑄮𑄣𑄠𑄴 𑄃𑄢𑄴 𑄙𑄧𑄚𑄴 𑄝𑄮𑄣𑄠𑄴,চাগা দিে আরও ধন বেছে
𑄈𑄬𑄝𑄢𑄴 𑄘𑄬𑄝𑄢𑄴 𑄚𑄳𑄆𑄬 𑄡𑄨𑄃𑄪𑄚𑄧𑄢𑄴,খাওার দো নেই তাদের
𑄥𑄨𑄃𑄪𑄚𑄧𑄢𑄴 𑄛𑄧𑄎 𑄝𑄎𑄬 𑄉𑄧𑄣𑄴 𑄉𑄮𑄣𑄠𑄴,.সিউার পা বেজে গেল
𑄝𑄬𑄃𑄇𑄴𑄧𑄣𑄚𑄴 𑄥𑄬𑄚𑄬 𑄢𑄎 𑄃𑄨𑄇𑄴𑄬,সব জিনিসপত্র গুছাও এখন
𑄃𑄇𑄴𑄧𑄣𑄚𑄴 𑄦𑄧𑄣𑄧 𑄃𑄨𑄇𑄴𑄬 𑄥𑄬𑄚𑄬,আকা-বাকা হেছে এখন
𑄘𑄋𑄧𑄢𑄴 𑄞𑄪𑄖𑄴𑄮 𑄇𑄪𑄉𑄪𑄢𑄴 ।,এক জাতী কুকুর
𑄡𑄨𑄠𑄬𑄚𑄴 𑄈𑄪𑄏𑄨 𑄖𑄬 𑄉𑄧𑄢𑄳𑄦𑄬𑄢𑄴,.যেটা সে করে
𑄃𑄇𑄴𑄧𑄣𑄚𑄬 𑄓𑄧𑄢𑄴𑄬 𑄃𑄨𑄇𑄴𑄬,আাআিভাবে
𑄃𑄬𑄇𑄴 𑄘𑄊𑄨 𑄟𑄖𑄴𑄧𑄢𑄴 𑄢𑄗𑄴𑄳𑄠𑄧 𑄃𑄧𑄢𑄗𑄴𑄳𑄠𑄧,এক দিক থেকে রাত হেছে
𑄝𑄬𑄇𑄴𑄪𑄚𑄧 𑄃𑄨𑄙𑄪 𑄥𑄧𑄁,সবাই এখানে
𑄥𑄨𑄃𑄪𑄚𑄴𑄃𑄮 𑄃𑄨𑄇𑄴𑄬 𑄌𑄨𑄃𑄮𑄚𑄴 𑄦𑄮𑄠𑄳𑄠𑄧𑄚𑄴,সেগুলো এখন ছোট হেছে
𑄉𑄮𑄚𑄠𑄴 𑄞𑄢𑄨 𑄇𑄧𑄟𑄴-,গণনাকারী খুব কম
𑄃𑄬 𑄥𑄨𑄃𑄪𑄚𑄧 𑄃𑄨𑄙𑄪 𑄃𑄇𑄴𑄧𑄣𑄚𑄬,এই সেগুলো এখানে আসে
𑄇𑄧𑄚𑄧 𑄝𑄝𑄧𑄘𑄬 𑄗𑄳𑄆𑄬,কোন রকমে থাকা
𑄝𑄎𑄨 𑄢𑄮𑄠𑄳𑄠 𑄙𑄪𑄉𑄨 𑄙𑄪𑄉𑄨,বাজির রোা ধুে ধুে
𑄎𑄘𑄧 𑄟𑄧𑄙𑄴𑄬 𑄦𑄧𑄣𑄬 𑄦𑄧𑄝𑄧𑄋𑄴𑄉𑄬 𑄝𑄬𑄉𑄧 𑄜𑄬𑄣 𑄛𑄮𑄎𑄴𑄳𑄠𑄝𑄮 𑄃𑄟𑄨,জাগা হলে হবে বেগ পে যাবে আমরা
𑄌𑄨𑄃𑄮𑄚𑄴 𑄟𑄧𑄚𑄴 𑄃𑄢𑄴 𑄇𑄎𑄧𑄢𑄴 𑄌𑄨𑄘𑄬𑄠𑄴 𑄥𑄬𑄚𑄬 𑄗𑄳𑄆𑄬 𑄊𑄟𑄨 ।,ছোট মন আর মলা চিন্তা করে সে চুপ করে থাকে
𑄡𑄨𑄠𑄬𑄚𑄴 𑄉𑄮𑄢𑄳𑄦𑄨𑄝𑄢𑄴 𑄥𑄨𑄠𑄬𑄚𑄴 𑄚𑄧 𑄉𑄮𑄢𑄳𑄦𑄨 𑄉𑄮𑄢𑄳𑄦𑄨 𑄃𑄢𑄧 𑄃𑄬𑄇𑄴𑄇𑄚𑄴 𑄎𑄪𑄘𑄧,.যেগুলো গুো করার সেগুলো না করে আরও একটু যোগা
𑄘𑄮𑄣𑄴 𑄉𑄮𑄢𑄳𑄦𑄨𑄝𑄢𑄴 𑄎𑄉𑄚𑄧𑄖𑄴 𑄌𑄳𑄆𑄬 𑄃𑄪𑄚𑄴𑄎𑄪𑄢𑄴 𑄉𑄮𑄢𑄳𑄦𑄨 𑄖𑄪𑄘𑄧 ।,সুন্দর গোার জাগা দেখে ভ পেলাম
𑄇𑄢𑄳𑄦𑄧𑄢𑄴 𑄇𑄮𑄙 𑄇𑄨𑄃𑄳𑄆𑄮 𑄚𑄧 𑄥𑄪𑄚𑄨 𑄇𑄢𑄳𑄦𑄧𑄢𑄬 𑄇𑄨𑄃𑄳𑄆𑄮 𑄚𑄧 𑄢𑄨𑄚𑄨,কারো কথা কেন শুনা যা না
𑄡 𑄈𑄪𑄏𑄨𑄣𑄮𑄠𑄴 𑄖𑄬 𑄇𑄟𑄴 𑄉𑄮𑄢𑄳𑄦𑄨 𑄈𑄮𑄣𑄳𑄆𑄬 𑄝𑄬𑄇𑄴𑄪𑄚𑄴 𑄉𑄨𑄠𑄬𑄚𑄨,.যে কাজ করে সে সব গিেছে
𑄎𑄘𑄴 𑄝𑄬𑄎𑄘𑄴 𑄃𑄢𑄴 𑄥𑄪𑄖𑄴𑄗𑄪𑄢𑄴 𑄟𑄧𑄖𑄴𑄪𑄢𑄴 𑄇𑄨𑄌𑄴𑄪 𑄌𑄨𑄚𑄴𑄮𑄋𑄴 𑄚𑄧 𑄌𑄳𑄆𑄬,জাগা বো আর সুুর মলা কিছুই দেখা যা না
𑄜𑄨𑄢𑄨𑄋𑄧 𑄙𑄮𑄇𑄴𑄳𑄠𑄚𑄴 𑄏𑄟𑄴 𑄘𑄨 𑄛𑄪𑄢𑄨 𑄞𑄪𑄙𑄨𑄝𑄮 𑄡𑄬𑄇𑄴𑄬 𑄘𑄳𑄆𑄬,.ফিরঙের ধোঁাটা ঝাুে দো
𑄟𑄪𑄃𑄘𑄨 𑄈𑄮𑄣𑄳𑄆𑄬 𑄎𑄘𑄴 𑄇𑄮𑄌𑄴 𑄛𑄬𑄠𑄳𑄠 𑄎𑄘𑄧𑄣𑄴𑄣𑄳𑄆 𑄛𑄢𑄨 𑄟𑄪𑄢𑄨,পাহাের পাশ দিে যাওা বাতাস দিে যা
𑄇𑄟𑄧𑄘𑄨 𑄌𑄬𑄣𑄬 𑄇𑄨𑄌𑄴𑄪 𑄚𑄳𑄆𑄬 𑄎𑄖𑄴𑄳𑄠𑄧 𑄈𑄳𑄆𑄬 𑄃𑄢𑄧 𑄙𑄪𑄢𑄨 ।,কাজ করলে কিছু নেই জাত খেে আর ধরি
𑄙𑄧𑄢𑄴𑄟𑄨𑄇𑄴𑄳𑄠𑄧 𑄌𑄬𑄘𑄳𑄆𑄬 𑄘𑄚𑄴 𑄉𑄮𑄢𑄳𑄦𑄨𑄚𑄬 𑄇𑄨𑄃𑄮𑄋𑄴 𑄟𑄪𑄚𑄴𑄘𑄨𑄢𑄧𑄢𑄴 𑄡𑄳𑄆𑄬,ধর্মীরা তাাতাি দান করতেছে
𑄃𑄨𑄚𑄴𑄨 𑄌𑄬𑄣𑄬 𑄚𑄬𑄠𑄳𑄠 𑄟𑄚𑄪𑄌𑄴𑄪𑄚𑄴 𑄊𑄨𑄚𑄬 𑄛𑄨𑄘𑄴 𑄘𑄨 𑄗𑄳𑄆𑄬 ।,ইন্নি দেখলে মানুষ ভে চুপ করে থাকে
𑄣𑄃𑄧𑄖𑄴 𑄛𑄛𑄨 𑄚𑄳𑄆𑄬 𑄇𑄧𑄚𑄧 𑄇𑄨𑄌𑄴𑄪 𑄝𑄬𑄇𑄴𑄇𑄚𑄨 𑄉𑄮𑄢𑄳𑄦𑄨 𑄃𑄪𑄉𑄪𑄙𑄧,লাঠি দিে সব গুিে উঠে
𑄇𑄧𑄚𑄧 𑄃𑄙𑄨𑄇𑄴 𑄝𑄪𑄏𑄧𑄣𑄳𑄆𑄮 𑄦𑄧𑄢𑄴𑄚𑄨 𑄃𑄟𑄢𑄴 𑄝𑄬𑄇𑄴 𑄞𑄣𑄬𑄖𑄴𑄖𑄚𑄨 𑄌𑄪𑄙𑄧 !,কোন কিছু জানলে আমার সব ভালোগুলো বন্ধ করে দে
𑄃 𑄚𑄧 𑄦𑄧𑄣𑄬 𑄦𑄃𑄮𑄏𑄬 𑄇𑄧𑄖𑄴𑄳𑄆𑄬 𑄃𑄬 𑄇𑄟𑄚𑄨 𑄉𑄮𑄢𑄳𑄦𑄨𑄢𑄨,সে না হলে কে এই কাজগুলো করে
𑄞𑄚𑄴𑄎𑄳𑄠𑄚𑄧𑄢𑄬 𑄉𑄧𑄟𑄴 𑄘𑄬𑄊𑄨𑄚𑄬 𑄎𑄨𑄘𑄬 𑄎𑄨𑄖𑄴𑄳𑄠𑄬 𑄟𑄪𑄪𑄢𑄨𑄢𑄴 !,বাঁশটা ভালো করে দেখতে যেতে যেতে পাহা
𑄇𑄨𑄖𑄴𑄳𑄠𑄳𑄆𑄬 𑄦𑄙𑄨𑄢𑄴 𑄦𑄖𑄴𑄖𑄚𑄨𑄣𑄳𑄆𑄮 𑄑𑄬𑄋𑄚𑄨 𑄃𑄪𑄉𑄪𑄢𑄬 𑄖𑄪𑄣𑄨,কত পাহাের পাহাগুলো উপরে তুলে
𑄛𑄪𑄚𑄴𑄘𑄪𑄢𑄨 𑄛𑄘𑄧𑄣𑄴 𑄥𑄨𑄢𑄳𑄦𑄬 𑄉𑄳𑄦𑄮𑄢𑄴 𑄦𑄳𑄆𑄮 𑄈𑄮𑄣𑄬𑄢𑄴 𑄘𑄋𑄳𑄦𑄧𑄢𑄴 𑄝𑄪𑄣𑄨 !,.পাহাের পাতের মাথা অনেক ব ব বুলি
𑄎𑄘𑄧 𑄞𑄳𑄆𑄬 𑄝𑄮𑄚𑄪𑄚𑄴 𑄟𑄪𑄢𑄧𑄖𑄴 𑄛𑄪𑄢𑄨 𑄦𑄧𑄠𑄴𑄚𑄬 𑄚𑄧𑄠𑄴 𑄃𑄬𑄇𑄴𑄇 𑄌𑄧,.ছেলে মেেরা মলা শেষ হ না একটুও
𑄎𑄘𑄴 𑄝𑄎𑄬𑄝𑄢𑄴 𑄌𑄬𑄣𑄬 𑄘𑄮𑄣𑄬 𑄙𑄪𑄢𑄴𑄝𑄮 𑄖𑄮𑄮𑄉𑄬 𑄣𑄧 ।,জাগা বাঁধতে চাইলে ভালো করে দরজাটা বন্ধ করে নাও
𑄸𑄻 𑄃 𑄸𑄼 𑄚𑄧𑄞𑄬𑄟𑄴𑄝𑄧𑄢𑄴 𑄸𑄶𑄷𑄼,"১. ২৫শে নভেম্বর, ২০১৬"
𑄇𑄨 𑄇𑄮𑄟𑄴 𑄖𑄧𑄢𑄳𑄦𑄬 𑄟𑄳𑄆𑄪 𑄚𑄧 𑄛𑄢𑄧𑄋𑄧𑄢𑄴 𑄇𑄮,কি বলবো তোমাকে আমি বলতে পারি না
𑄘𑄨𑄟𑄴 𑄛𑄖𑄴𑄪𑄢𑄪𑄖𑄪𑄢𑄪 𑄚𑄇𑄨 𑄃𑄉𑄴𑄟𑄧𑄁𑄉𑄧𑄣𑄴,ব ব ব জিনিস নাকি আছে
𑄚𑄇𑄨 𑄉𑄮𑄢𑄳𑄦𑄨𑄟𑄴 𑄞𑄧𑄎𑄧𑄟𑄚𑄴 𑄎𑄪𑄢𑄨𑄚𑄬,নাকি গরুটা ভালো করে জুেছে
𑄘𑄨 𑄦𑄙𑄴−,দুই হাত
𑄞𑄝𑄨𑄚𑄬 𑄚𑄧 𑄛𑄋𑄧𑄢𑄴 𑄃𑄪𑄘𑄧 ।,চিন্তা করতে পারতেছি না
𑄖𑄳𑄆𑄪 𑄡𑄧𑄚𑄨 𑄚𑄧 𑄃𑄬𑄙𑄬 𑄚𑄧 𑄦𑄮𑄙𑄪𑄋𑄴 𑄟𑄳𑄆𑄪 𑄇𑄮𑄝𑄨,তোমরা যখন আসবেনা তখন আমি কথা বলি
𑄎𑄧𑄚𑄧𑄟𑄚𑄴 𑄓𑄪𑄝𑄨 𑄗𑄬𑄘𑄧 𑄟𑄧𑄢𑄴 𑄥𑄧𑄝𑄧𑄚𑄚𑄴 𑄥𑄧𑄝𑄧𑄚𑄴 𑄦𑄳𑄆𑄮,জীবনটা কেটে যাক আমার ইচ্ছে মতো হোক
𑄃𑄧𑄙𑄧 𑄍𑄳𑄆𑄬 𑄝𑄪𑄇𑄴𑄧 𑄟𑄧𑄢𑄴 𑄖𑄪𑄎𑄧𑄢𑄴 𑄃𑄈𑄪𑄚𑄴 𑄎𑄪𑄣𑄨,নিচের দিকে বসে থাকা বুোটা আমার জন্য অপেক্ষা করতেছে
𑄖𑄳𑄆𑄪 𑄘𑄨𑄣𑄬 𑄟𑄧𑄢𑄳𑄦𑄬 𑄥𑄧𑄝𑄧𑄚𑄚𑄴 𑄛𑄪𑄢𑄳𑄆𑄬,তুমি দিলে আমার মনটা পুরে যা
𑄃𑄬 𑄉𑄨𑄢𑄴𑄉𑄨𑄥𑄴𑄳𑄠 𑄝𑄪𑄇𑄴𑄧 𑄎𑄪𑄢𑄬 𑄘𑄨𑄣𑄬 𑄟𑄧𑄢𑄴,এই গিরাটা আমার মাথা লাগতেছে
𑄜𑄪𑄙𑄬 𑄘𑄨𑄣𑄬 𑄚𑄋𑄚𑄴 𑄖𑄳𑄆𑄪 𑄟𑄧𑄚𑄚𑄴 𑄘𑄨𑄣𑄬 𑄝𑄢𑄳𑄦𑄬,.ফুলে উঠলে মনটা কেমন যেন করে
𑄝𑄢𑄳𑄦𑄬 𑄘𑄨𑄣𑄬 𑄦𑄨𑄃𑄮𑄖𑄴 𑄃 𑄖𑄪𑄎𑄨𑄟𑄴 𑄛𑄪𑄢𑄧 𑄝𑄧𑄣𑄴 ।,বাইরে দিলে মনে হ এখানে আর শক্তি নেই
𑄚𑄧 𑄓𑄮𑄢𑄬𑄟𑄴 𑄃𑄢𑄴 𑄟𑄳𑄆𑄪 𑄦𑄧𑄇𑄴 𑄇𑄧𑄙 𑄇𑄧𑄙𑄬,আমি আর কথা বলতে পারবো না
"𑄎𑄘𑄧𑄢𑄴 𑄥𑄪𑄊𑄴 𑄘𑄪𑄊𑄧𑄖𑄴 𑄝𑄪𑄇𑄴 𑄘𑄨 𑄗𑄙𑄬,−",.জের সম বুক দিে থাকে
"𑄦𑄧𑄠𑄴𑄃𑄚𑄧𑄢𑄬 𑄦𑄧𑄠𑄴, 𑄚𑄧𑄠𑄴𑄃𑄚𑄧𑄬𑄮 𑄚𑄧𑄠𑄴 𑄇𑄳𑄆𑄮","হেছে হেছে, নাচা করে না বলে"
𑄘𑄨𑄟𑄴 𑄖𑄧 𑄟𑄧𑄚𑄧𑄢𑄴 𑄃𑄪𑄘𑄨𑄌𑄴𑄌𑄚𑄴 𑄛𑄪𑄢𑄳𑄆𑄬,তোমার মনের ইচ্ছা পূরণ করবো
𑄥𑄬𑄟𑄧𑄇𑄴 𑄈𑄳𑄆𑄬𑄚𑄬 𑄇𑄧𑄋𑄧𑄢𑄴 ।,এত খেে কলা
𑄥𑄬𑄚𑄬 𑄃𑄢𑄧 𑄌𑄋𑄧𑄢𑄴 𑄝𑄧𑄢𑄴,সে আর ব ব
𑄖𑄧𑄖𑄴𑄗𑄪𑄚𑄴 𑄃 𑄝𑄬𑄇𑄴𑄪𑄚𑄧𑄖𑄴𑄗𑄪𑄚𑄴,তাদের সবার থেকে
𑄘𑄳𑄠𑄧 𑄟𑄧𑄢𑄳𑄦𑄬 𑄝𑄧𑄢𑄴,আমাকে আশীর্বাদ করো
𑄥𑄨𑄢𑄳𑄦𑄬𑄝𑄮𑄖𑄴 𑄙𑄪𑄢𑄨 ।,মাথা ঢুকানো
𑄃𑄨𑄖𑄴𑄳𑄠𑄧 𑄇𑄪𑄘𑄪𑄟𑄴,এখানে কোথা
𑄃𑄉𑄧 𑄘𑄨𑄚𑄧𑄖𑄴 𑄟𑄚𑄪𑄌𑄴𑄪𑄚𑄬 𑄣𑄬𑄊 𑄛𑄧𑄢𑄳𑄦 𑄚𑄧 𑄥𑄨𑄊𑄧𑄚𑄴,আগের দিনে মানুষরা লেখা পে নাই
𑄣𑄬𑄊 𑄛𑄧𑄢𑄳𑄦 𑄥𑄨𑄠𑄬𑄚𑄴 𑄇𑄨 𑄃𑄨𑄥𑄴𑄇𑄪𑄣𑄴 𑄛𑄪𑄎𑄴𑄧𑄚𑄴 𑄚𑄧 𑄘𑄬𑄊𑄧𑄚𑄴 ।,লেখা পা সেটা কেন স্কুল পে না
𑄙𑄧𑄢𑄴𑄟𑄧 𑄎𑄉𑄃𑄮 𑄃𑄬𑄣𑄧 𑄇𑄧𑄟𑄴 𑄙𑄧𑄢𑄴𑄟𑄧𑄃𑄮 𑄖𑄢𑄳𑄦 𑄇𑄧𑄟𑄴 𑄉𑄧𑄖𑄴𑄖𑄇𑄴,ধর্মের জাগা কম ধর্মও তারা পালন করে
𑄝𑄚𑄳𑄦 𑄥𑄪𑄊𑄴 𑄗𑄬𑄝𑄣𑄴𑄣𑄳𑄆 𑄚𑄚𑄚𑄴 𑄘𑄬𑄝𑄬𑄘 𑄘𑄣𑄨 𑄘𑄳𑄆𑄨𑄚𑄬 𑄛𑄪𑄎𑄨𑄘𑄇𑄴 ।,.বানান শাকের পাে অনেক দেবতা দাঁিে পূজা করে
𑄖𑄳𑄠𑄧 𑄘𑄧 𑄃𑄬𑄣𑄧 𑄖𑄢𑄳𑄦 𑄟𑄧𑄚𑄚𑄨 𑄥𑄬𑄇𑄴𑄬 𑄞𑄢𑄨 𑄘𑄮𑄣𑄴,.ত- তো তাদের মনটা অনেক সুন্দর
𑄃𑄬 𑄦𑄨𑄋𑄴𑄥𑄬 𑄦𑄨𑄋𑄴𑄥𑄨 𑄢𑄬𑄎𑄢𑄬𑄥𑄳𑄠𑄖𑄴 𑄚𑄧 𑄃𑄬𑄣𑄧 𑄇𑄧𑄚𑄧 𑄎𑄮𑄣𑄴 ।,এই হিস্যুতে কোনো জো আসলো না
"𑄃𑄇𑄴𑄮𑄣𑄳𑄠 𑄃𑄬𑄣𑄇𑄴, 𑄇𑄮𑄙𑄮𑄉𑄨 𑄃𑄬𑄣𑄇𑄴, 𑄃𑄬𑄣𑄧 𑄟𑄬𑄠𑄳𑄠 𑄘𑄮𑄠𑄳𑄠",".আক্কেল আসতেছে,কোথাি আসতেছে, এল মেে দো"
𑄞𑄉𑄴 𑄚𑄧 𑄃𑄬𑄣𑄧 𑄖𑄢𑄳𑄦 𑄟𑄧𑄚𑄧𑄖𑄴 𑄗𑄃𑄮𑄠𑄳𑄠 𑄃𑄢𑄴 𑄚𑄬𑄠𑄳𑄠𑄳𑄦,ভাগ না দিে তারা মনে থাকে আর নাই
"𑄗𑄃𑄮𑄠𑄳𑄠 𑄃𑄮𑄙𑄮𑄇𑄴, 𑄚𑄬𑄠𑄳𑄠𑄳𑄦 𑄃𑄮𑄙𑄮𑄇𑄴 𑄝𑄬𑄇𑄴𑄪𑄚𑄴 𑄞𑄝𑄧𑄚𑄴 𑄥𑄧𑄙𑄧𑄢𑄴",".থাওা বেশি,নো আরও বেশি সবাই চিন্তা করতেছে"
𑄝𑄬𑄢𑄚𑄴 𑄌𑄬𑄢𑄚𑄴 𑄉𑄧𑄢𑄧𑄚𑄴 𑄘𑄮𑄣𑄬 𑄃𑄬𑄣𑄧 𑄟𑄬𑄠𑄳𑄠 𑄃𑄘𑄧𑄢𑄴 ।,বো চা করতে করতে মেেটা আদর করলো
𑄥𑄪𑄊𑄧𑄖𑄴 𑄘𑄪𑄊𑄧𑄖𑄴 𑄝𑄪𑄇𑄴 𑄘𑄨 𑄃𑄪𑄎𑄚𑄴 𑄛𑄧𑄢𑄚𑄴 𑄘𑄳𑄆𑄨𑄚𑄬 𑄔𑄣𑄨,.সুগন্ধি বুক দিে উজান পরান দিে ঢালি
𑄇𑄧𑄚𑄧 𑄈𑄬𑄝𑄴 𑄖𑄢𑄳𑄦 𑄃𑄨𑄖𑄴𑄳𑄠𑄧 𑄇𑄪𑄘𑄪𑄟𑄴 𑄚𑄧 𑄉𑄧𑄢𑄧𑄚𑄴 𑄝𑄪𑄉𑄧𑄖𑄴 𑄈𑄣𑄨 ।,.কোনো খোল তারা এখানে করে না
𑄟𑄚𑄴 𑄞𑄧𑄎𑄧𑄟𑄚𑄴 𑄃𑄬𑄣𑄧 𑄖𑄢𑄳𑄦𑄢𑄴 𑄥𑄪𑄙𑄧𑄟𑄴 𑄃𑄬𑄣𑄧 𑄘𑄮𑄣𑄴,মানুষ ভালো আসলো তাদের সুখ আসলো
𑄌𑄪𑄌𑄴𑄬𑄋𑄴 𑄞𑄪𑄖𑄴𑄗𑄬𑄋𑄴 𑄚𑄧 𑄉𑄮𑄖𑄴𑄗𑄇𑄴 𑄚𑄧 𑄉𑄮𑄖𑄴𑄗𑄇𑄴 𑄞𑄚𑄴𑄎𑄬 𑄍𑄮𑄣𑄴 ।,চূা চূা না করে চাচা করে চাল
"𑄃𑄢𑄴; 𑄃𑄨𑄇𑄴𑄬 𑄃𑄟𑄨 𑄣𑄬𑄊 𑄥𑄧𑄊𑄨 𑄝𑄨, 𑄃𑄬, 𑄃𑄬𑄟𑄴, 𑄃𑄬 𑄦𑄳𑄆𑄮","আরও,এখন আমরা লেখা শুরু করবো,এই,এই"
𑄟𑄬𑄠𑄳𑄠 𑄘𑄮𑄠𑄳𑄠 𑄇𑄢𑄳𑄦𑄬 𑄇𑄧𑄠𑄴 𑄇𑄨𑄌𑄴𑄪 𑄛𑄢𑄨 𑄇𑄳𑄆𑄮 !,মো দো কাউকে কিছু বলতে বলে
"𑄌𑄨𑄃𑄮𑄚𑄴 𑄘𑄋𑄳𑄦𑄧𑄢𑄴 , 𑄗𑄃𑄮𑄠𑄳𑄠 𑄚𑄬𑄠𑄳𑄠𑄳𑄦 𑄝𑄬𑄇𑄴𑄇𑄚𑄨 𑄃𑄨𑄇𑄴𑄬 𑄝𑄳𑄆𑄬","ছোট ব, থাকা যা না"
"𑄃𑄨𑄖𑄴𑄳𑄠𑄧 𑄇𑄪𑄘𑄪𑄟𑄴, 𑄥𑄧𑄙𑄧𑄢𑄴 𑄃𑄣𑄴𑄉 𑄖𑄣𑄥𑄴 𑄣𑄮𑄣𑄨 𑄚𑄳𑄆𑄬 ।","এখানে কোথা,সফরের তালাস নেই"
𑄃𑄨𑄇𑄴𑄬 𑄙𑄧𑄢𑄴𑄟𑄧 𑄎𑄉𑄃𑄮 𑄞𑄬𑄘𑄬𑄢𑄴 𑄌𑄬𑄘𑄬𑄢𑄴 𑄘𑄚𑄴 𑄙𑄧𑄢𑄴𑄟𑄧𑄃𑄮 𑄉𑄮𑄢𑄳𑄦𑄨,এখন ধর্ম জাগা ভেদ করে দান ধর্ম করে
𑄛𑄛𑄴 𑄙𑄧𑄢𑄴𑄟𑄧 𑄇𑄮𑄙 𑄇𑄳𑄆𑄮𑄚𑄬 𑄢𑄬𑄘𑄬 𑄘𑄨𑄚𑄬 𑄟𑄪𑄢𑄨𑄢𑄴,পাপ ধর্ম কথা বলতে বলতে মাথা ঘুরে
𑄖𑄳𑄠𑄧 𑄇𑄨𑄖𑄴𑄳𑄆𑄬 𑄦𑄨𑄋𑄴𑄥𑄬 𑄛𑄨𑄎𑄪𑄟𑄴 𑄃𑄟𑄢𑄴 𑄦𑄬𑄙𑄧𑄇𑄴 𑄦𑄧𑄣𑄧 −,সে কেন আমার মতো হবে?
𑄉𑄧𑄟𑄴 𑄟𑄧𑄚𑄚𑄨 𑄜𑄬𑄣𑄳𑄆𑄬 𑄇𑄨𑄖𑄴𑄳𑄆𑄬 𑄇𑄎𑄧𑄢𑄴 𑄟𑄧𑄚𑄚𑄴 𑄃𑄬𑄣𑄧!,ভালো মন রেখে কী যে খারাপ মন আসলো!
𑄃𑄨𑄠𑄬𑄚𑄴 𑄇𑄨 𑄥𑄣𑄬𑄚𑄴 𑄥𑄧𑄈𑄳𑄠𑄧𑄢𑄴 𑄜𑄧𑄣𑄴 ?,.এইটা কি বর্ষাকালের ফল?
𑄃𑄨𑄠𑄬𑄚𑄴 𑄇𑄨 𑄥𑄣𑄬𑄚𑄴 𑄙𑄧𑄢𑄴𑄟𑄧𑄢𑄴 𑄘𑄚𑄴 −,.এটা কি বৌদ্ধ ধর্ম দান?
"𑄚𑄳𑄆𑄬 𑄇𑄨 𑄥𑄣𑄬𑄚𑄴 𑄥𑄨𑄈𑄳𑄠𑄧𑄖𑄴, 𑄙𑄧𑄢𑄴𑄟𑄧𑄖𑄴 𑄟𑄬𑄠𑄳𑄠 𑄘𑄮𑄠𑄳𑄠 𑄟𑄚!","নেই কি সালেতন সেখা,ধর্মে মেে দো মানা"
"𑄚𑄳𑄆𑄬 𑄇𑄨 𑄥𑄣𑄬𑄚𑄴 𑄟𑄚𑄪𑄌𑄴 𑄇𑄮𑄌𑄴𑄛𑄚, 𑄃𑄖𑄴𑄳𑄠𑄧 𑄇𑄪𑄘𑄪𑄟𑄴 𑄌𑄚 −","নেই কি সালেন মানুষ চা,এখন কোথা চাা"
𑄚𑄳𑄆𑄬 𑄇𑄨 𑄥𑄣𑄬𑄚𑄴 𑄥𑄪𑄊𑄧𑄖𑄴 𑄘𑄪𑄊𑄧𑄖𑄴 𑄝𑄪𑄇𑄴 𑄟𑄬𑄣𑄨 𑄘𑄨 𑄗𑄮𑄚 !,নেই কি সালে দুঃখে বুক ভর্তি করে রাখা
𑄃𑄧𑄇𑄴𑄬𑄚𑄴 𑄡𑄪𑄚𑄨 𑄦𑄧𑄣𑄬 𑄃𑄟𑄢𑄴 𑄦𑄮𑄠𑄳𑄠 𑄞𑄝𑄨𑄝𑄢𑄴,অনেক যুগ হলে আমার হেছে
"𑄇𑄬𑄚𑄬 𑄗𑄬𑄝𑄧 𑄟𑄬𑄠𑄳𑄠 𑄘𑄮𑄠𑄳𑄠, 𑄃𑄨𑄖𑄴𑄳𑄠𑄧 𑄇𑄪𑄘𑄪𑄟𑄴 𑄃𑄟𑄢𑄴 !","কেন থাকবো আমি দো, এখানে কোথা যাবো"
𑄚𑄬𑄠𑄳𑄠𑄳𑄦 𑄗𑄃𑄮𑄠𑄳𑄠,.নো থাকে
𑄚𑄬𑄠𑄳𑄠𑄳𑄦𑄝𑄮 𑄞𑄝𑄬 𑄃𑄬 𑄎𑄨𑄋𑄴𑄇𑄚𑄨𑄖𑄴,.নোটা এই জীবনে মনে হ
𑄇𑄪𑄙𑄪 𑄃𑄢𑄴 𑄛𑄬𑄙𑄪𑄋𑄴 𑄥𑄪𑄊𑄴,কোথা আর কোথা যাচ্ছেন
𑄘𑄪𑄊𑄬 𑄘𑄪𑄊𑄬 𑄎𑄨𑄋𑄴𑄇𑄚𑄨 𑄡𑄬𑄝𑄧,কষ্টেসৃষ্টে জীবনটা যাবে
𑄇𑄖𑄴𑄧 𑄚𑄧𑄠𑄴 𑄃𑄢𑄴 𑄘𑄪𑄊𑄴 ।,কাঁকা আর দুঃখ
𑄝𑄬𑄚𑄴𑄳𑄠 𑄈𑄬𑄣𑄬 𑄝𑄬𑄣𑄴𑄳𑄠 𑄌𑄨𑄘𑄬,বো খেলে বিাল চিবা
𑄇𑄪𑄖𑄴𑄪𑄚𑄴 𑄛𑄬𑄟𑄴𑄳𑄆𑄮 𑄇𑄟𑄴,কোথা থেকে কামা যা
"𑄃𑄢𑄴, 𑄇𑄧𑄚𑄴 𑄇𑄟𑄚𑄴𑄳𑄆𑄮 𑄘𑄨 𑄃𑄬𑄇𑄴 𑄑𑄬𑄋","আরও,কোন কাজ করলে এক টাকা"
𑄘𑄬𑄚 𑄃𑄊𑄬 𑄥𑄧𑄠𑄴 𑄥𑄊𑄮𑄎𑄴𑄳𑄠,দো আছে সে স্বীকার করেছে
𑄇𑄖𑄴𑄗𑄪𑄚𑄴 𑄛𑄘𑄨𑄟𑄴 𑄦𑄙𑄴,কাপের পাতা দিে হাঁটা
𑄃𑄨𑄖𑄴𑄳𑄠𑄧 𑄇𑄪𑄘𑄪𑄟𑄴 𑄗𑄬𑄣𑄬𑄃𑄮 𑄚𑄳𑄆𑄬,এখানে থাকলে নেই
𑄡𑄬𑄣𑄬𑄃𑄮 𑄚𑄧 𑄛𑄠𑄴 𑄟𑄘𑄴 ।,. যাওা চাইলেও পাওা যা না
𑄊𑄧𑄢𑄚𑄴 𑄦𑄮𑄠𑄳𑄠 𑄞𑄋 𑄎𑄋,বািটা ভেঙে যাচ্ছে
𑄊𑄧𑄢𑄴 𑄛𑄘 𑄎𑄉 𑄚𑄳𑄆𑄬,বাি পাতা জাগা নেই
𑄢𑄬𑄖𑄴𑄳𑄠𑄧 𑄃𑄬𑄣𑄬 𑄃𑄨𑄠𑄬𑄚𑄨 𑄞𑄝𑄨,রাতের বেলা এগুলো ভাবি
𑄃𑄪𑄘𑄧 𑄣𑄊𑄧𑄖𑄴 𑄚𑄳𑄆𑄬 ।,.উপরের দিকে নেই
𑄢𑄬𑄘𑄴 𑄘𑄨𑄚𑄴 𑄞𑄝𑄨 𑄃𑄨𑄇𑄳𑄠𑄪𑄧𑄢𑄨,রাতের বেলা আলো ফোটার সম
𑄇𑄧𑄚𑄧 𑄙𑄪𑄢𑄴 𑄃𑄢𑄴 𑄚𑄧 𑄘𑄬𑄊𑄨,কোন গর্ত আর দেখা যা না
𑄃𑄏 𑄥𑄧𑄝𑄧𑄚𑄴 𑄡 𑄃𑄊𑄬,আসা যাওা যা
𑄝𑄬𑄇𑄴𑄇𑄚𑄨 𑄃𑄨𑄢𑄨 𑄘𑄨 −,সব গুো করে দো
𑄇𑄬𑄣𑄴𑄳𑄠 𑄌𑄨𑄘𑄬 𑄚𑄧 𑄉𑄮𑄢𑄳𑄦𑄨 𑄃𑄢𑄴 𑄝𑄚𑄳𑄦 𑄃𑄬𑄥𑄴𑄳𑄠 𑄌𑄨𑄘𑄬 𑄣𑄳𑄆𑄮,কেলটা চিটিং না করে আবার শুধু চিটিং করে
𑄃𑄚𑄳𑄦𑄬 𑄇𑄨𑄚𑄨 𑄦𑄬𑄢 𑄟𑄌𑄴,আনা কিনি মাংস মাছ
𑄑𑄬𑄋 𑄉𑄮𑄢𑄳𑄦𑄨 𑄌𑄳𑄆𑄮 −,এক জাতী চোখ
"𑄟𑄧𑄘𑄴, 𑄎𑄧𑄉𑄧𑄢𑄳𑄦 , 𑄇𑄚𑄴𑄎𑄨 𑄈𑄳𑄆𑄬","মদ,জগা, কানি খেে"
𑄜𑄪𑄣𑄪 𑄜𑄣 𑄞𑄌𑄴 𑄟𑄘𑄨,এক জাতী মাটি
𑄈𑄬𑄟𑄴𑄬 𑄇𑄧𑄠𑄴 𑄡 𑄛𑄢𑄧𑄋𑄴,খোলেরা বলে যা
𑄛𑄎𑄴 𑄃𑄋𑄪𑄣𑄴𑄳𑄆𑄮 𑄊𑄙𑄨 ।,পাের আঙুলের গর্ত
𑄇𑄬𑄣𑄴𑄳𑄠 𑄟𑄧𑄣𑄴𑄬 𑄈𑄳𑄆𑄬 𑄚𑄧 𑄛𑄬𑄟𑄴,কাঠঠোকরা খেলে খেতে পারবো না
𑄈𑄬 𑄈𑄳𑄆 𑄡𑄪𑄚𑄨 𑄟𑄪𑄢𑄨 𑄡𑄋𑄴𑄧,খেে খেে যাচ্ছি
𑄦𑄧𑄝𑄧 𑄝𑄝𑄧 𑄚𑄋𑄴 ।,এক জাতী নাচ
𑄗𑄃𑄮𑄠𑄳𑄠𑄝𑄮 𑄞𑄝𑄬 𑄇𑄧𑄚𑄴 𑄇𑄟𑄚𑄴𑄳𑄆𑄮,.তাাতাি ভাবে কাজ করে
𑄇𑄪𑄖𑄴𑄪𑄚𑄴 𑄑𑄬𑄋 𑄛𑄬𑄟𑄴,কোথা থেকে তেতো পেেছি
𑄌𑄨𑄟𑄮𑄢𑄴 𑄉𑄮𑄢𑄳𑄦𑄨 𑄈𑄳𑄆𑄬𑄚𑄬 𑄥𑄨𑄖𑄴𑄗𑄪𑄚𑄴,ছোট গুি খেে সেখান থেকে
𑄇𑄧𑄙𑄧𑄇𑄴 𑄑𑄬𑄋 𑄝𑄎𑄬𑄟𑄴 ।,কত টাকা লাগবে
𑄇𑄧𑄚𑄴 𑄇𑄪𑄎𑄧𑄣𑄬 𑄇𑄨𑄇𑄴𑄬𑄚𑄴 𑄉𑄧𑄣𑄴𑄬,কোন ঝামেলা করলে কিছুক্ষণ পর পর জিজ্ঞাসা করলে
𑄃𑄬𑄇𑄴 𑄑𑄬𑄋𑄣𑄳𑄆𑄮 𑄘𑄧𑄎𑄴 𑄑𑄬𑄋,এক টাকা দিে দুই টাকা
𑄇𑄬𑄚𑄳𑄦𑄬 𑄉𑄮𑄢𑄳𑄦𑄨𑄟𑄴 𑄝𑄬𑄎𑄴 ।,কেন গোরিা বো
𑄇𑄢𑄳𑄦𑄬 𑄇𑄨𑄇𑄴𑄬𑄚𑄴 𑄇𑄧𑄙 𑄇𑄳𑄆𑄮𑄚𑄬,কাউকে কিছুক্ষণ পর পর কথা বলে
𑄟𑄪𑄙𑄧 𑄞𑄨𑄘𑄨𑄢𑄬 𑄗𑄮𑄟𑄴,পাহাের পাশে রাখবো
𑄎𑄨𑄚𑄨𑄥𑄴 𑄛𑄘𑄨 𑄛𑄬𑄣𑄳𑄦𑄬 𑄇𑄬𑄚𑄳𑄦𑄬,জিনিসপত্র পেলে কেমনে
𑄇𑄧𑄟𑄴 𑄑𑄬𑄋𑄣𑄳𑄆𑄮 𑄣𑄮𑄟𑄴 ।,কম প্যান্টে লোম
𑄃𑄢𑄧 𑄇𑄬𑄚𑄳𑄦𑄬 𑄎𑄉 𑄎𑄮𑄢𑄬𑄟𑄴,আরও কীভাবে জাগা দখল করবো
𑄖𑄉𑄴 𑄉𑄮𑄢𑄳𑄦𑄨 𑄗𑄳𑄆𑄬 𑄎𑄪,তাগ করে থাক
𑄟𑄪𑄢𑄬 𑄟𑄪𑄢𑄬 𑄃𑄢𑄬 𑄗𑄢𑄬,গোপনে গোপনে আর থাকে
𑄃𑄪𑄚𑄴𑄎𑄪𑄢𑄴 𑄖𑄮𑄉𑄳𑄆 𑄈𑄪 ।,উইপোকার খুটি
𑄊𑄧𑄢𑄚𑄴 𑄖𑄪𑄣𑄨𑄟𑄴 𑄇𑄨𑄇𑄴𑄳𑄠𑄪𑄧𑄢𑄨,বািটা তুলবো কি জানি
𑄇𑄧𑄚𑄴 𑄘𑄨𑄎𑄃𑄨𑄚𑄬 𑄉𑄮𑄢𑄳𑄦𑄨𑄟𑄴,কোন দিক থেকে গোরিা
𑄉𑄨𑄢𑄬𑄃𑄪𑄚𑄴 𑄗𑄳𑄆𑄮𑄚𑄬 𑄣𑄞𑄧 𑄑𑄬𑄋𑄣𑄳𑄆𑄮,গিরাগুলো তাাতাি লাভ করে
𑄇𑄪𑄘𑄴𑄪𑄢𑄴 𑄃𑄪𑄞𑄬 𑄛𑄢𑄨𑄟𑄴 ।,কোথা যেতে পারবো
𑄥𑄨𑄃𑄧𑄖𑄴 𑄗𑄬𑄝𑄧 𑄇𑄧𑄙𑄧𑄇𑄴 𑄣𑄞𑄴,সেখানে থাকবে কত লাভ
𑄝𑄧𑄏𑄧𑄢𑄬 𑄇𑄧𑄙𑄧𑄇𑄴 𑄛𑄬𑄟𑄴,.বছরে কেক প্যান্ট
𑄥𑄨𑄖𑄴𑄗𑄪𑄚𑄴𑄴 𑄃𑄢𑄧 𑄇𑄨𑄇𑄴𑄬𑄚𑄴 𑄉𑄮𑄢𑄳𑄦𑄨,সেগুলো আরও কিছুক্ষণ পর পর গুো করা
𑄃𑄢𑄧 𑄇𑄪𑄙𑄪 𑄡𑄬𑄟𑄴 −,আরও কোথা যাবো
𑄃𑄨𑄇𑄴𑄬𑄚𑄴 𑄉𑄮𑄢𑄳𑄦𑄨 𑄃𑄪𑄚𑄴𑄎𑄪𑄢𑄴 𑄞𑄝𑄨,এখন গরুটি উতেছে
𑄟𑄪𑄢𑄧𑄖𑄴 𑄛𑄪𑄢𑄨 𑄢𑄳𑄆𑄮,এক জাতী পাখি
𑄢𑄬𑄖𑄴𑄳𑄠𑄧 𑄃𑄬𑄣𑄬 𑄊𑄪𑄟𑄬 𑄚𑄧 𑄙𑄧𑄢𑄬,রাত হলে ঘুম আসে না
𑄛𑄬𑄞𑄢𑄴 𑄃𑄏𑄣𑄳𑄆𑄮 ।,পেট ভর্তি করে খাওা
𑄚𑄬𑄠𑄳𑄠𑄝𑄮 𑄌𑄠𑄴 𑄛𑄬𑄘𑄧 𑄥𑄧𑄁,নোটা চাা দিে পেেছে
𑄗𑄃𑄮𑄠𑄳𑄠𑄝𑄮 𑄌𑄠𑄴 𑄘𑄬𑄝,থাওাটা চাা দেওা
𑄥𑄨𑄚𑄪𑄖𑄴𑄳𑄠𑄳𑄆 𑄖𑄢𑄳𑄦𑄢𑄴 𑄘𑄨 𑄎𑄧𑄚𑄧𑄢𑄴,সেখান থেকে তারা দুই জন
𑄚𑄧 𑄟𑄨𑄣𑄬 𑄟𑄝𑄬 𑄎𑄮𑄉 ।,না মেে মাা দো
𑄣𑄪𑄇𑄴𑄈𑄨,লুকিে
𑄟𑄨𑄣𑄬𑄃𑄪𑄚𑄴 𑄞𑄨𑄣𑄬 𑄊𑄧𑄢𑄧 𑄣𑄪𑄇𑄴𑄨,মেেগুলো বোর বাি লুকিে আছে
𑄉𑄨𑄢𑄨𑄖𑄴𑄗𑄨 𑄃𑄪𑄎𑄮𑄚𑄴𑄘𑄨 𑄉𑄧𑄢𑄳𑄦𑄧𑄚𑄴,ঘরটি উঠতেছে
𑄝𑄮 𑄃𑄬𑄣𑄬 𑄖𑄢𑄳𑄦 𑄥𑄮𑄢𑄮 𑄊𑄧𑄢𑄧𑄖𑄴,ব এলে তারা ছোা বািতে থাকে
𑄥𑄮𑄢𑄴 𑄥𑄪𑄢𑄨 𑄥𑄪𑄊𑄧𑄖𑄴 𑄗𑄧𑄚𑄴 ।,.সোার সুরিটা সামনে রাখো
𑄚𑄧𑄚𑄧𑄚𑄴 𑄘𑄨𑄃𑄮𑄢𑄴 𑄇𑄮𑄌𑄴 𑄛𑄚𑄳𑄦 𑄘𑄨,ননদ দিে আদর পাওা
𑄝𑄪𑄉𑄧𑄖𑄴 𑄞𑄮𑄢𑄬 𑄗𑄳𑄆𑄮,বুোটা জেগে থাকে
𑄊𑄧𑄢𑄚𑄧𑄢𑄬 𑄉𑄧𑄢𑄳𑄦𑄧𑄚𑄴 𑄘𑄮𑄣𑄴,বািটা সুন্দর
𑄟𑄬𑄠𑄳𑄠 𑄘𑄮𑄠𑄳𑄠 𑄣𑄳𑄆𑄮 ।,মেে দই দিে রান্না করা
𑄊𑄧𑄢𑄧𑄖𑄴 𑄡𑄪𑄚𑄨 𑄗𑄬𑄝𑄧𑄢𑄧𑄇𑄴 𑄈𑄬𑄣𑄬,বািে যাওা হেছে
𑄘𑄮𑄣𑄬 𑄥𑄬𑄎𑄬 𑄚𑄬𑄡𑄚𑄴,ভালোভাবে সেজেগুজে নেওা
𑄟𑄬𑄠𑄳𑄠 𑄘𑄳𑄆𑄨𑄚𑄬 𑄇𑄪𑄎𑄧𑄣𑄴 𑄉𑄮𑄢𑄳𑄦𑄨,মেেটা দো দিে কুমা করে
𑄞𑄋𑄚𑄴 𑄘𑄮𑄣𑄬 𑄥𑄎𑄚𑄴 ।,ভাঙাটা ভালো করে সাজানো
𑄚𑄨𑄃𑄧𑄟𑄴 𑄙𑄧𑄢𑄧𑄟𑄴 𑄉𑄮𑄢𑄳𑄦𑄨 𑄖𑄢𑄳𑄦,.তারা সবাই নিচু হে আছে
𑄣𑄪𑄇𑄴𑄈𑄨 𑄃𑄚𑄧𑄚𑄴 𑄜𑄨𑄢𑄳𑄆𑄬,লুকিে আছে এমন
𑄇𑄘𑄇𑄖𑄴𑄳𑄠 𑄊𑄧𑄢𑄴 𑄥𑄧𑄁𑄥𑄢𑄚𑄴,কেকটা বাি সংসার
𑄙𑄧𑄚𑄬 𑄃𑄚𑄧𑄚𑄴 𑄞𑄮𑄢𑄳𑄆𑄬 ।,ধনে কানায় কানায়
𑄥𑄨𑄚𑄪𑄖𑄴𑄳𑄠𑄳𑄆 𑄇𑄧𑄚𑄴 𑄊𑄧𑄢𑄧 𑄣𑄪𑄇𑄴𑄈𑄨,.সেগুলোতে কোন বাি লুকিে নেই
𑄊𑄧𑄢𑄚𑄴 𑄉𑄧𑄢𑄳𑄦𑄧𑄚𑄴 𑄥𑄮𑄞,বািটা সুন্দর
𑄦𑄏𑄨 𑄟𑄬𑄠𑄳𑄠 𑄚𑄉𑄧𑄢𑄴 𑄞𑄮𑄢𑄳𑄆𑄬,পাহাি মেে নাগর দোলা
𑄥𑄨𑄙𑄚𑄴 𑄥𑄪𑄊𑄧𑄢𑄴 𑄦𑄞 ।,.সেটা পরিষ্কার করার সম।
𑄃𑄇𑄴𑄬 𑄘𑄨𑄚𑄧𑄢𑄴 𑄟𑄨𑄣𑄬𑄃𑄪𑄚𑄴 𑄟𑄖𑄴𑄧𑄢𑄴,আগের দিনের মেেগুলো মাা
𑄥𑄬 𑄣𑄪𑄇𑄴𑄨 𑄃𑄢𑄴 𑄚𑄳𑄆𑄬,সে লুকোচুরি আর নেই
𑄃𑄪𑄝𑄮𑄘𑄴 𑄏𑄝𑄧𑄖𑄴 𑄉𑄧𑄢𑄳𑄦𑄧𑄚𑄴 𑄃𑄨𑄇𑄴𑄬,.উবব করতেছে এখন
𑄥𑄮𑄢𑄮 𑄊𑄧𑄢𑄧𑄖𑄴 𑄃𑄳𑄆𑄬 ।,শুকরের বািতে এই
𑄝𑄥𑄴 𑄛𑄚𑄴 𑄃𑄨𑄇𑄴𑄬 𑄥𑄮𑄢𑄴 𑄥𑄪𑄢𑄨𑄖𑄴𑄪𑄚𑄴,বাঁশ পানশে এখন রৌদ্র পোহাতেছে
𑄇𑄪𑄢𑄬 𑄃𑄬𑄣𑄬 𑄊𑄨𑄚𑄚𑄴,.কাছে আসলে ঘৃণা
𑄟𑄚𑄴𑄎𑄴𑄳𑄠𑄧 𑄃𑄨𑄙𑄪 𑄥𑄮𑄢𑄴 𑄥𑄪𑄢𑄨 𑄞𑄨𑄣𑄨,মাটি দিে এখানে সু সুি তৈরি হ
𑄌𑄨𑄚𑄴 𑄘𑄨𑄝𑄣𑄴𑄣𑄳𑄆 𑄣𑄎𑄚𑄴 ।,চেনা দিনটাই লাজ
"𑄚𑄧𑄚𑄧𑄚𑄴, 𑄘𑄨𑄃𑄮𑄢𑄴, 𑄞𑄬𑄎𑄪𑄢𑄴, 𑄎𑄣𑄴","ননদ, দেওার, বেজো, জাল"
𑄝𑄬𑄇𑄴𑄪𑄚𑄴𑄳𑄆𑄮 𑄦𑄧𑄚𑄴 𑄜𑄧𑄢𑄮𑄣𑄴𑄳𑄠𑄧,সবাই হওা শুরু করল
"𑄦𑄮𑄖𑄴𑄗, 𑄟𑄮𑄖𑄴𑄖 𑄦𑄮𑄝𑄢𑄴 𑄚𑄨𑄎𑄬",".হওা,মোটা হওা নিজে"
𑄇𑄮𑄙𑄚𑄨 𑄇𑄧𑄚𑄴 𑄃𑄢𑄣𑄴𑄳𑄠𑄧 ।,কথা গুলো কোন ঝামেলা
𑄝𑄬𑄋 𑄇𑄮𑄋 𑄇𑄮𑄙 𑄇𑄳𑄆𑄮𑄚𑄬,ব ব কথা বলে
𑄃𑄪𑄚𑄴𑄎𑄪𑄢𑄴 𑄖𑄮𑄉𑄚𑄴 𑄎𑄮𑄣𑄴,এক জাতী বুনো ফল
𑄥𑄮𑄚 𑄙𑄮𑄇𑄴𑄳𑄠𑄚𑄴 𑄊𑄧𑄢𑄴 𑄥𑄧𑄁𑄥𑄢𑄚𑄴,সোনার ধোঁা দিে ঘর সংসার
𑄞𑄋𑄨 𑄉𑄮𑄢𑄳𑄦𑄚𑄴 𑄦𑄮𑄣𑄴 ।,ভেঙে গিে গেল
𑄚𑄚𑄚𑄴 𑄛𑄬𑄎𑄬 𑄇𑄪𑄎𑄮𑄣𑄴 𑄙𑄪𑄢𑄨,বিভিন্ন ধরনের মাশরুম খাওা যা
𑄚𑄬𑄇𑄴𑄳𑄠𑄧𑄢𑄳𑄦𑄬 𑄦𑄣𑄬𑄟𑄴𑄟𑄮 𑄉𑄮𑄢𑄳𑄦𑄨,.স্বামীকে হালচাষ করতে হবে।
𑄊𑄮𑄢𑄴𑄝𑄮𑄃𑄪𑄚𑄴𑄳𑄆𑄮 𑄜𑄮𑄢𑄮𑄣𑄴𑄳𑄠𑄧 𑄝𑄚𑄳𑄆𑄬,ঘোড়সওয়াররা বেলুন বানিেছে
𑄊𑄧𑄢𑄚𑄴 𑄚𑄬𑄡𑄚𑄴 𑄃𑄨𑄢𑄨 ।,বািটা নিে যাওা ইে
𑄥𑄮𑄢𑄴 𑄥𑄮𑄢𑄨 𑄊𑄧𑄢𑄴 𑄃𑄨𑄢𑄨 𑄃𑄳𑄆𑄬𑄚𑄬,সাদা সাদা বাি আসতেছে
𑄚𑄨𑄎𑄬 𑄝𑄚𑄴𑄬 𑄊𑄧𑄢𑄴,নিজে নিজে বাি
𑄥𑄬𑄇𑄴𑄬 𑄖𑄬 𑄦𑄧𑄚𑄴 𑄣𑄪𑄇𑄴𑄈𑄨 𑄥𑄨𑄙𑄬,সে এখন লুকিে আছে
𑄚𑄬𑄇𑄴𑄳𑄠𑄧 𑄦𑄧𑄣𑄬 𑄚𑄨𑄎𑄧𑄢𑄴 ।,নেওা হলে নিজের
𑄛𑄮𑄝𑄳𑄠𑄧 𑄃𑄨𑄇𑄴𑄬 𑄝𑄮𑄝𑄳𑄠𑄨 𑄇𑄮𑄙𑄣𑄳𑄆𑄮,বাচ্চারা এখন ব ব কথা বলে
𑄚𑄨𑄎𑄧 𑄊𑄮𑄢𑄴𑄝𑄮𑄃𑄪𑄚𑄴 𑄗𑄳𑄆𑄮,নিজের ভগুলো রেখে দাও
𑄣𑄧𑄣𑄧𑄥𑄴 𑄛𑄧𑄣𑄧𑄥𑄴 𑄦𑄧𑄠𑄴 𑄝𑄬𑄇𑄴𑄈𑄚𑄴,সব পরিষ্কার হেছে
"𑄥𑄮𑄢-𑄴𑄥𑄪𑄢𑄨, 𑄍𑄣-𑄍𑄣𑄨",".সোজা-সুি, ছাা ছাি"
𑄝𑄬𑄇𑄴𑄇𑄪𑄚𑄴𑄴𑄳𑄆𑄮 𑄦𑄧𑄚𑄴 𑄥𑄧𑄙𑄧𑄢𑄴,সবাই সম সৎ
"𑄈𑄚 𑄘𑄚𑄠𑄴, 𑄑𑄬𑄋 𑄛𑄮𑄎𑄳𑄠𑄠𑄴","খাওা দাওা,টেঙা পোজ"
𑄝𑄬𑄇𑄴𑄇𑄚𑄨𑄖𑄴 𑄝𑄢𑄳𑄦𑄠𑄴 𑄃𑄘𑄧𑄢𑄴 ।,সবকিছুতে আদর
"𑄚𑄨𑄎𑄧 𑄝𑄝𑄴 𑄟, 𑄞𑄳𑄆𑄬 𑄝𑄮𑄚𑄴, 𑄃𑄨𑄖𑄴𑄳𑄠𑄧","নিজের বাপ,ভাই,ইত"
𑄝𑄬𑄇𑄴𑄪𑄚𑄴𑄳𑄆𑄮 𑄦𑄳𑄆𑄮 𑄜𑄢𑄧𑄇𑄴,সবাই তো আলাদা
"𑄟𑄬𑄠𑄳𑄠 𑄘𑄮𑄠𑄳𑄠, 𑄝𑄬𑄢𑄚𑄴 𑄌𑄬𑄢𑄚𑄴","মেে দো, বো চা"
𑄝𑄬𑄇𑄴𑄇𑄚𑄨𑄖𑄴 𑄦𑄧𑄠𑄴 𑄃𑄣𑄧𑄇𑄴 ।,সবটাতে হ
𑄛𑄨𑄢𑄬 𑄛𑄮𑄖𑄴𑄮𑄇𑄴 𑄚𑄨𑄎𑄧 𑄟𑄚𑄪𑄌𑄴𑄪𑄚𑄴,অসুখী মানুষরা নিজেদের মানুষ
𑄚𑄧 𑄌𑄠𑄴 𑄜𑄨𑄢𑄨 𑄚𑄧 𑄣𑄧𑄠 𑄴𑄈𑄪,না দেখে ফিরে যাওা
𑄡𑄬 𑄦𑄧𑄝𑄧 𑄦𑄮𑄇𑄴 𑄇𑄣𑄴 ।,যে হওা হ কাল
"𑄃𑄨𑄇𑄴𑄬𑄚𑄴 𑄉𑄮𑄢𑄨 𑄟-𑄝𑄝𑄴, 𑄞𑄳𑄆𑄬 - 𑄝𑄮𑄚𑄴","এখন গরুর মা-বাবা,ভাই-বোন"
𑄝𑄬𑄇𑄴𑄪𑄚𑄴𑄳𑄆𑄮 𑄗𑄳𑄆𑄬 𑄘𑄪𑄢𑄧𑄖𑄴,সবাই দািে আছে
𑄚𑄨𑄎𑄧 𑄝𑄧𑄋𑄴𑄥𑄧𑄢𑄴 𑄑𑄚𑄚𑄴 𑄝𑄬𑄇𑄴𑄇𑄚𑄴,নিজের বস টানা সবগুলো
𑄜𑄬𑄣𑄚𑄴 𑄉𑄢𑄳𑄆𑄬 𑄟𑄪𑄢𑄧𑄖𑄴 ।,.ফেলা গাছের মাথা
𑄃𑄨𑄇𑄴𑄬 𑄥𑄬𑄘𑄬𑄚𑄴 𑄟- 𑄝𑄛𑄴𑄪𑄚𑄧𑄢𑄴,এখন সে মা-বাবা
𑄝𑄪𑄉𑄧𑄖𑄴 𑄥𑄮𑄟𑄴𑄳𑄠 𑄌𑄨𑄘𑄬,বুো সম চিবিে
𑄃𑄪𑄞𑄮𑄘𑄴 𑄦𑄧𑄝𑄧𑄚𑄨 𑄝𑄮 𑄃𑄚𑄨𑄣𑄬,উভন্ত হওা বৌ নিে আসলে
𑄝𑄧𑄋𑄴𑄥𑄧 𑄥𑄧𑄋𑄴𑄥𑄢𑄴 𑄞𑄨𑄙𑄬 !,বস পিঠা
𑄝𑄮 𑄚𑄧 𑄃𑄬𑄖𑄴𑄬 𑄟𑄨𑄣𑄬𑄃𑄪𑄚𑄴 𑄟𑄖𑄴𑄧𑄢𑄴,ব না এমন মেেগুলো মািে
𑄥𑄬𑄇𑄴𑄬 𑄞𑄢𑄨 𑄉𑄧𑄟𑄴,এখন অনেক ভালো
𑄝𑄮 𑄃𑄬𑄣𑄬 𑄇𑄨𑄖𑄴𑄗𑄳𑄆𑄬 𑄌𑄪𑄌𑄴𑄬𑄋𑄴- 𑄞𑄪𑄖𑄴𑄬𑄋𑄴,.ব এলে কেন চূাচা করতেছে
𑄝𑄬𑄇𑄴𑄇𑄚𑄨 𑄦𑄬𑄙𑄧𑄇𑄴 𑄦𑄧𑄚𑄴!,সব গুো হেছে
𑄘𑄪𑄌𑄴𑄌𑄚𑄴 𑄃𑄨𑄇𑄴𑄬 𑄇𑄢𑄴 !,দুধটা এখন কার
"𑄝𑄮 𑄝𑄳𑄠𑄧𑄢𑄴 𑄚 𑄖 𑄝𑄝𑄴- 𑄟𑄢𑄴,",ব ব না তার ব মা
𑄚𑄧 𑄖 𑄥𑄮𑄢𑄴 𑄥𑄮𑄢𑄳𑄦𑄨𑄢𑄴 -,. তার সু সুি নেই
𑄚 𑄚𑄧𑄚𑄧𑄚𑄴 𑄘𑄨𑄃𑄮𑄢𑄴 𑄎𑄣𑄧𑄢𑄴 !,নাননন দেওার জাল
𑄟𑄧𑄚𑄬 𑄉𑄧𑄢𑄳𑄦𑄧𑄋𑄴 𑄝𑄬𑄇𑄴𑄪𑄚𑄧𑄖𑄴𑄗𑄪𑄚𑄴,মনে হ সবার থেকে
𑄃𑄊𑄬 𑄌𑄨𑄃𑄮𑄚𑄴 𑄘𑄋𑄳𑄦𑄧𑄢𑄴 𑄘𑄪𑄎𑄴,.অনেক ব ব দুঃখ
𑄝𑄬𑄊𑄧𑄢𑄴 𑄘𑄋𑄳𑄦𑄧𑄢𑄴 𑄘𑄪𑄌𑄴𑄌𑄚𑄴 𑄦𑄧𑄣𑄧,বািটা ব হেছে
𑄇𑄢𑄳𑄦𑄧𑄖𑄴𑄗𑄪𑄚𑄴 𑄚𑄳𑄆𑄬 𑄝𑄪𑄌𑄴 ।,কারো থেকে বুো নেই
𑄥𑄪𑄢𑄳𑄦𑄨𑄝𑄮 𑄇𑄧𑄣𑄬 𑄝𑄮- 𑄝𑄳𑄠𑄧 𑄚𑄧 𑄝𑄪𑄏𑄬𑄢𑄴,সুরিটা বললে ব করতে পারে না
𑄝𑄮- 𑄝𑄳𑄠𑄧 𑄇𑄧𑄣𑄬 𑄥𑄪𑄢𑄳𑄦𑄨𑄝𑄳𑄠𑄧,ব ব কথা বলতেছি
𑄚𑄧𑄚𑄧𑄚𑄴- 𑄘𑄨𑄃𑄮𑄢𑄴 𑄎𑄣𑄬 𑄇𑄧𑄣𑄬,ননন দিে খেলে
𑄦𑄧𑄣𑄬 𑄚𑄧 𑄝𑄪𑄏𑄬𑄢𑄴 𑄝𑄮- 𑄝𑄳𑄠𑄧 ।,না হলে বুঝবে না ব
𑄃𑄨𑄇𑄴𑄬𑄚𑄴 𑄉𑄮𑄢𑄳𑄦𑄨 𑄗𑄬 𑄞𑄋𑄨 𑄡𑄳𑄆𑄬,এখন গরুটা পা ভেঙে যা
𑄊𑄧𑄢𑄧𑄖𑄴 𑄥𑄮𑄟𑄚𑄴 𑄙𑄪𑄙𑄪𑄇𑄋𑄴,বািতে মেেটা ধুধুক
𑄇𑄟𑄬- 𑄇𑄮𑄙𑄠𑄴 𑄖𑄣𑄴𑄳𑄆𑄮 𑄖𑄬 𑄃𑄢𑄴,কাজে- কথা বলে সে আবার
𑄇𑄨𑄌𑄴𑄪 𑄚𑄧 𑄈𑄠𑄴 𑄥𑄋𑄴 ।,.কিছু খানা শাক
𑄛𑄬𑄎- 𑄛𑄬𑄥𑄳𑄠 𑄝𑄏𑄬 𑄃𑄨𑄇𑄴𑄬,.পোরা-পোরা লাগে এখন
"𑄇𑄢𑄳𑄦𑄬, -𑄇𑄮𑄚𑄴𑄚 𑄛𑄢𑄬 𑄏𑄢𑄨","কাউকে,কেউ কেউ পারে ঝাি"
𑄗𑄪𑄟𑄬𑄚𑄴𑄨 𑄦𑄧𑄠𑄴 𑄘𑄋𑄳𑄦𑄧𑄢𑄴 𑄜𑄧𑄣𑄚𑄴,শেষ হে ব ফল
𑄊𑄧𑄢𑄚𑄴 𑄡𑄚 𑄃𑄨𑄢𑄨 ।,বািটা যাওা ইে
𑄥𑄪𑄊𑄧𑄢𑄴 𑄃𑄏𑄠𑄴 𑄝𑄮 𑄃𑄚𑄨𑄚𑄬,সুগর আছে বই নিে
𑄃𑄨𑄇𑄴𑄳𑄠𑄧𑄢𑄨 𑄛𑄪𑄢𑄨 𑄘𑄪𑄊𑄧𑄖𑄴,.ইচিরি পুি দুঃখ
𑄦𑄏𑄨- 𑄢𑄋𑄬 𑄗𑄬𑄝𑄢𑄴 𑄎𑄉𑄖𑄴,পাহাে থাকার জাগা
𑄇𑄘𑄳𑄆𑄬 𑄘𑄪𑄊𑄧𑄢𑄴 𑄞𑄪𑄉𑄧𑄖𑄴 ।,কান্না করতে করতে কোমর ব্যাথা করে
𑄃𑄨𑄇𑄴𑄳𑄠𑄧𑄢𑄨 𑄃𑄟𑄢𑄴 𑄃𑄏- 𑄥𑄧𑄝𑄧𑄚𑄴,এখন আমার আছে-সমান
𑄝𑄬𑄇𑄴𑄇𑄚𑄨 𑄡𑄠𑄴 𑄞𑄋𑄨,সব ভেঙে যাওা
𑄍𑄳𑄆𑄬 𑄦𑄳𑄆𑄮 𑄡𑄟𑄳𑄠𑄳𑄆𑄧 𑄣𑄧𑄣𑄧𑄎𑄴- 𑄛𑄧𑄣𑄧𑄎𑄴,ছেঁা হে যাওা-পা
𑄟𑄬𑄠𑄳𑄠 𑄘𑄮𑄠𑄳𑄠 𑄦𑄋𑄨 ।,মেে দোা হাঁি
𑄟𑄪𑄢𑄴 𑄇𑄮𑄙𑄃𑄚𑄴 𑄃𑄨𑄃𑄮𑄖𑄴 𑄟𑄖𑄴𑄧𑄢𑄴,.আমার কথা গুলো এখানে একদম
𑄇𑄨𑄃𑄳𑄆𑄮 𑄍𑄉𑄨 𑄚𑄧 𑄌𑄳𑄆𑄬,.কিছুই দেখা যা না
𑄃𑄚𑄴𑄘𑄢𑄧𑄖𑄴 𑄗𑄳𑄆𑄬 𑄝𑄬𑄇𑄴𑄪𑄚𑄴 𑄓𑄪𑄝𑄨,বাইরে থেকে সবাই ডুবে যা
𑄘𑄋𑄳𑄦𑄧𑄢𑄴 𑄃𑄇𑄴𑄮𑄣𑄴𑄳𑄠 𑄌𑄬𑄘𑄳𑄆𑄬 ।,ব আকারের আাআি দেখি
𑄥𑄨𑄃𑄧𑄖𑄴𑄪𑄚𑄴 𑄦𑄧𑄠𑄴 𑄝𑄬𑄇𑄴𑄈𑄚𑄨 𑄃𑄟𑄢𑄴,সেখান থেকে সব কিছু আমার
𑄚𑄧 𑄦𑄧𑄚 𑄌𑄨𑄃𑄮𑄚𑄴 𑄃𑄧𑄝𑄪𑄏𑄧,না হওা ছোট অবুঝ
𑄥𑄳𑄦𑄧𑄃𑄧𑄚𑄴- 𑄝𑄳𑄦𑄧𑄃𑄧𑄚𑄴 𑄇𑄨𑄌𑄴𑄪 𑄚𑄧 𑄗𑄠𑄴,সহা জিনিসপত্র কিছুই থাকে না
𑄃𑄙𑄨𑄇𑄴 𑄌𑄬𑄘𑄳𑄆𑄬 𑄝𑄪𑄏𑄧 ।,বেশি দেখে বুঝ
𑄥𑄬𑄚𑄬 𑄚𑄧𑄠𑄴 𑄝𑄮-𑄝𑄳𑄠𑄧 𑄝𑄚𑄳𑄦,সে না ব ব বানানো
𑄝𑄬𑄇𑄴𑄪𑄚𑄴 𑄘𑄪𑄎𑄬 𑄦𑄧𑄠𑄴,সবাই আলাদা হ
𑄥𑄳𑄦𑄧𑄃𑄧𑄚𑄴-𑄝𑄳𑄦𑄧𑄃𑄧𑄚𑄴 𑄈𑄬𑄟 𑄗𑄬𑄣𑄬,সহা-সবসম ক্ষমা করে দিলে
𑄃𑄨𑄠𑄬𑄚𑄨 𑄈𑄢𑄠𑄴 𑄚𑄧 𑄦𑄧𑄠𑄴 ।,এগুলো খেলা হ না
"𑄚𑄬𑄉𑄬-𑄟𑄮𑄉𑄬, 𑄥𑄮𑄢𑄴-𑄥𑄪𑄢𑄨",".নেে-নেে,সোর-সুি"
"𑄚𑄧𑄚𑄧𑄚𑄴, 𑄘𑄨𑄃𑄮𑄢𑄴, 𑄞𑄬𑄎𑄪𑄢𑄴𑄣𑄴𑄳𑄆𑄮","ননদ, দেওার, বিপত্নীক"
"𑄚𑄧𑄚𑄴𑄥𑄮𑄥𑄴, 𑄎𑄣𑄴, 𑄥𑄣-𑄥𑄣𑄨","নস্যি, জাল, স্যাঁত স্যাতেঁলি"
"𑄎𑄬𑄉𑄧𑄖𑄴, 𑄥𑄮𑄃𑄮𑄚𑄴𑄘𑄨, 𑄛𑄮-𑄏𑄨𑄣𑄳𑄆𑄮","জী, সোওা, ছেলে-ঝিলো"
𑄡𑄪𑄚𑄨 𑄃𑄟𑄨 𑄃𑄣𑄪𑄣𑄮-𑄘𑄪𑄣𑄪𑄣𑄳𑄆𑄮,যোগা আমরা আলুলো করলাম
𑄥𑄪𑄊𑄬 𑄗𑄬𑄘𑄧𑄋𑄴 𑄌𑄳𑄆𑄬,সুঁচালো পাখানা
"𑄟𑄬𑄠𑄳𑄠 -𑄃𑄘𑄧𑄢𑄴, 𑄟𑄚𑄴 𑄥𑄧𑄢𑄴𑄟𑄚𑄴","মেে-আদর,মানুষ সম"
𑄥𑄧𑄁 𑄉𑄮𑄢𑄳𑄦𑄨𑄚𑄬 𑄘𑄨 𑄡𑄳𑄆𑄬 ।,সমান করে দো
"𑄦𑄏𑄨-𑄢𑄪𑄎𑄨, 𑄥𑄳𑄦𑄧𑄚𑄴-𑄝𑄳𑄦𑄧𑄚𑄬","পাহাি-রুচি, সহা বহন"
𑄗𑄳𑄆𑄮 𑄝𑄬𑄇𑄴𑄪𑄚𑄴 𑄥𑄧𑄙𑄧𑄢𑄴,তোরা সবাই সম
𑄞𑄪𑄣𑄴 𑄘𑄬𑄊𑄨𑄣𑄬 𑄘𑄪𑄎𑄴 𑄚𑄧 𑄙𑄧𑄢𑄨,ভুল দেখলে দুঃখ ধরে না
𑄉𑄮𑄢𑄳𑄦𑄨 𑄃𑄢𑄧 𑄃𑄘𑄧𑄢𑄴 ।,গোরি আর আদর
𑄃𑄨𑄇𑄴𑄬𑄚𑄴 𑄉𑄮𑄢𑄳𑄦𑄨 𑄡𑄪𑄚𑄨 𑄦𑄧𑄣𑄬,আজকে গোরি যোগা হওা হলে
𑄦𑄳𑄆𑄮 𑄛𑄢𑄨𑄣𑄬 𑄘𑄮𑄣𑄴,.হওা গেলে সুন্দর
𑄚𑄧 𑄞𑄋𑄨𑄝𑄧 𑄊𑄧𑄢𑄴 𑄥𑄧𑄁𑄥𑄢𑄴,.বাি সংসার
𑄃𑄉𑄧 𑄘𑄨𑄚𑄧𑄢𑄴 𑄥𑄚𑄴 𑄉𑄮𑄢𑄳𑄦𑄨,আগের দিনের স্মৃতি রোমন্থন
𑄘𑄮𑄣𑄴 𑄉𑄮𑄢𑄳𑄦𑄨𑄚𑄬 𑄥𑄬𑄇𑄴𑄬 𑄊𑄧𑄢𑄚𑄴,সুন্দর করে গোছানো বাি
𑄟𑄬𑄠𑄳𑄠𑄠𑄴 𑄃𑄪𑄘𑄨𑄝𑄧 𑄞𑄪𑄢𑄨 ।,মেেটা তরকারি খাওা
𑄦𑄪𑄎𑄴,"হুক্কা, হুক্কা"
𑄃𑄟 𑄘𑄊𑄬 𑄦𑄳𑄆𑄮 𑄡𑄬𑄠𑄳𑄠𑄧𑄚𑄴 𑄦𑄪𑄎𑄬 𑄞𑄨𑄣𑄬 𑄟𑄚𑄪𑄌𑄴,আমাদের পাশে হে যে মানুষগুলো হেছে
𑄡𑄨𑄃𑄪𑄚𑄬 𑄥𑄨𑄠𑄬𑄚𑄴 𑄙𑄪𑄢𑄨 𑄌𑄬𑄠𑄳𑄠𑄧𑄚𑄴 𑄥𑄨𑄃𑄪𑄚𑄬 𑄛𑄬𑄠𑄳𑄠𑄧𑄚𑄴 𑄜𑄧𑄣𑄴,".যেগুলো সেটা পাশ কেটে যা, সেগুলো পাের ফল"
"𑄦𑄪𑄎𑄬 𑄈𑄬𑄣𑄬, 𑄦𑄪𑄎𑄬 𑄗𑄬𑄣𑄬, 𑄦𑄪𑄎𑄬 𑄌𑄬𑄣𑄬 𑄃𑄢𑄧","হুক্কা খেলে,হুক্কা খেলে,হুক্কা খেলে,হুক্কা খেলে আর কি"
𑄇𑄨𑄌𑄴𑄪 𑄚𑄧 𑄦𑄧𑄠𑄴 𑄥𑄨𑄝𑄬𑄢𑄴 𑄞𑄨𑄣𑄬 𑄃𑄞𑄣𑄴- 𑄃𑄝𑄧𑄘𑄴 𑄃𑄬𑄣𑄬 ।,.কিছু হনা তার কোমরের আাল
𑄃𑄪𑄙𑄬 𑄝𑄧𑄎𑄬 𑄦𑄪𑄎𑄬 𑄡𑄨𑄝𑄬 𑄃𑄢𑄧 𑄦𑄪𑄎𑄬 𑄇𑄧𑄠𑄴 𑄡𑄨𑄝𑄬,উপরে বসে পাশাপাশি করে যাবে আর পাশাপাশি করে কথা বলবে
"𑄟𑄚𑄴- 𑄥𑄧𑄢𑄴𑄟𑄚𑄬 𑄢𑄧𑄠𑄴 𑄖𑄬 𑄚𑄧 𑄛𑄠𑄴 𑄣𑄎𑄴- 𑄘𑄪𑄊𑄴,",মানুষ-সমানের মধ্যে সে লজ্জা- দুঃখ
𑄙𑄪𑄚𑄴𑄘𑄪𑄇𑄴𑄇𑄚𑄴 𑄦𑄧𑄠𑄴 𑄝𑄚 𑄥𑄨𑄝𑄬𑄢𑄴 𑄡𑄨𑄝𑄬 𑄦𑄪𑄎𑄴 𑄦𑄢 𑄦𑄧𑄠𑄴,ধুন্দুক হে শুধু তার যেদিকে হ
𑄚𑄧 𑄦𑄪𑄢𑄨𑄝 𑄃𑄝𑄣-𑄃𑄝𑄧𑄘𑄴 𑄎𑄧𑄚𑄧𑄟𑄴 𑄞𑄪𑄢𑄨 𑄖𑄢𑄴 ।,.সে একা একা মানুষ খাওা-আসা করে না
𑄇𑄬𑄠𑄳𑄠𑄖𑄴 𑄛𑄬𑄝𑄧 𑄘𑄪𑄊𑄴 𑄖𑄬 𑄣𑄎𑄴-𑄥𑄧𑄢𑄧𑄟𑄴 𑄡𑄬𑄝𑄧,.সে কেন লজ্জা পাবে?
𑄟𑄚𑄴 𑄦𑄢𑄬𑄝𑄧 𑄡𑄨𑄃𑄧𑄖𑄴 𑄥𑄨𑄃𑄧𑄖𑄴 𑄘𑄪𑄊𑄧𑄖𑄴 𑄗𑄬𑄝𑄧 𑄈𑄪𑄝𑄴,মানুষ মরলে সেটা কষ্ট পাবে
𑄦𑄪𑄎𑄴 𑄦𑄢 𑄦𑄮𑄠𑄳𑄠𑄧𑄚𑄴 𑄡𑄨𑄃𑄪𑄚𑄴 𑄃𑄬𑄥𑄴𑄳𑄠 𑄥𑄧𑄁 𑄡𑄢,হুক্কা খাওা হে যারা এসেছে তাদের সাথে
𑄈𑄟𑄇𑄴𑄇𑄳𑄆 𑄖𑄢𑄳𑄦 𑄇𑄳𑄆𑄮 𑄛𑄢𑄨𑄝𑄇𑄴 𑄃𑄬 𑄜𑄧𑄣𑄚𑄨 𑄛𑄬𑄠𑄳𑄠𑄧𑄚𑄴 ।,অবশ্যই তারা এই ফলাটা পেেছে
𑄝𑄬𑄦𑄪𑄎𑄴 𑄚𑄧 𑄦𑄳𑄆𑄮 𑄃𑄬𑄡𑄧 𑄥𑄬𑄚𑄬 𑄝𑄬𑄇𑄴𑄪𑄚𑄴 𑄦𑄪𑄎𑄬 𑄗𑄳𑄆𑄬,সবাই না হে শুধু বসে থাকে
𑄥𑄪𑄊𑄬 𑄗𑄳𑄆𑄬𑄚𑄬 𑄘𑄮𑄣𑄬 𑄉𑄮𑄋𑄳𑄆𑄬 𑄉𑄮𑄘 𑄎𑄨𑄁𑄇𑄚𑄨,সুে থাকতে ভালো করে ভালো করে জীবন কাটানো
𑄣𑄎𑄴-𑄘𑄪𑄊𑄴 𑄚𑄧 𑄃𑄬𑄡𑄮𑄇𑄴 𑄃𑄟 𑄇𑄪𑄢𑄬-𑄇𑄠𑄴,লজ্জা-লজ্জা আসে না আমাদের কাছে
𑄚𑄧 𑄦𑄢𑄳𑄆 𑄡𑄬𑄚𑄴 𑄃𑄬 𑄟𑄧𑄚𑄚𑄬 𑄖𑄢𑄴 𑄚𑄨𑄎𑄧 𑄟𑄚𑄴,এই মনটা হারিে না পে যেন তার নিজের মা
𑄎𑄨𑄁𑄇𑄚𑄨𑄠𑄚𑄴 𑄘𑄮𑄣𑄬 𑄇𑄘𑄳𑄆𑄬 𑄝𑄨𑄘𑄨 𑄚𑄨𑄝𑄇𑄴 𑄙𑄨𑄚𑄴,জীবনটা ভালো করে কেটে যাওা যা
𑄟𑄧𑄚𑄧 𑄥𑄪𑄊𑄬 𑄗𑄳𑄆𑄬𑄚𑄬 𑄝𑄬𑄇𑄴𑄪𑄚𑄴 𑄟𑄪𑄃𑄧𑄖𑄴 𑄜𑄪𑄘𑄳𑄆𑄬 𑄦𑄏𑄨 ।,মনটা ভালো থাকার জন্য সবাই মুখ খুলতেছে
𑄥𑄪𑄖𑄴𑄪𑄢𑄴- 𑄟𑄨𑄖𑄴𑄪𑄢𑄴,সুতরো-মিতরো
𑄥𑄪𑄖𑄴𑄪𑄢𑄴-𑄟𑄨𑄖𑄴𑄪𑄢𑄴 𑄦𑄳𑄆𑄮 𑄝𑄚𑄳𑄦 𑄟𑄖𑄴𑄧𑄢𑄴 𑄥𑄪𑄖𑄴𑄪𑄢𑄴-𑄟𑄨𑄖𑄴𑄪𑄢𑄴 𑄚𑄧 𑄌𑄨𑄚𑄨,সুসুি করে শুধু সুসুি করিও না
𑄇𑄮𑄚𑄴𑄚 𑄥𑄪𑄖𑄴𑄪𑄢𑄴 𑄇𑄮𑄚𑄴𑄚 𑄟𑄨𑄖𑄴𑄪𑄢𑄴 𑄇𑄮𑄃𑄳𑄆𑄮 𑄘𑄮𑄣𑄬 𑄚𑄧 𑄢𑄨𑄚𑄨 ।,কোন সুোসুো কোন মিোর কথা ভালো করে শুনা যা না
𑄇𑄟𑄬 𑄇𑄮𑄙𑄠𑄴 𑄥𑄁 𑄚𑄧 𑄈𑄬𑄣𑄬 𑄥𑄨𑄝𑄬𑄢𑄬 𑄥𑄪𑄖𑄴𑄪𑄢𑄴 𑄇𑄳𑄆𑄮,কাজে কথা না বলে তাকে সুতরো বলে
𑄝𑄬𑄇𑄴𑄇𑄚𑄨 𑄡𑄪𑄚𑄨 𑄥𑄁 𑄇𑄠𑄴 𑄟𑄧𑄚𑄚𑄴 𑄥𑄨𑄝𑄬𑄢𑄬 𑄟𑄨𑄖𑄴𑄪𑄢𑄴 𑄇𑄳𑄆𑄮 ।,.সবগুলো যোগা করে তাকে মিষ্টি কথা বলে
𑄃𑄢𑄴 𑄇𑄢𑄧𑄣𑄴𑄳𑄆𑄮𑄃𑄮 𑄎𑄧𑄚𑄧𑄟𑄴 𑄞𑄪𑄢𑄨 𑄥𑄪𑄖𑄴𑄪𑄢𑄴-𑄟𑄨𑄖𑄴𑄪𑄢𑄴 𑄚𑄧 𑄢𑄧𑄠𑄴,আরও বলেও মানুষ ভ পা না
𑄦𑄧𑄣𑄬- 𑄥𑄪𑄖𑄴𑄪𑄢𑄴𑄝𑄮 𑄦𑄧𑄠𑄴 𑄟𑄨𑄖𑄴𑄪𑄢𑄴 𑄃𑄢𑄧 𑄟𑄨𑄖𑄴𑄪𑄢𑄴𑄝𑄮 𑄃𑄢𑄧 𑄥𑄪𑄖𑄴𑄪𑄢𑄴 𑄦𑄧𑄠𑄴 ।,১. সুতরোটা হ মিতরো ২. সুতরোটা আর মিতরোটা একসাথে হ
𑄇𑄟𑄬 𑄇𑄮𑄙𑄠𑄴 𑄡𑄬𑄇𑄴𑄧𑄚𑄴 𑄗𑄬 𑄈𑄠𑄴 𑄥𑄬𑄇𑄴𑄧𑄚𑄴 𑄝𑄚𑄳𑄦 𑄟𑄨𑄖𑄴𑄪𑄢𑄴 𑄦𑄳𑄆𑄮,কাজটা করতে বললে একটু চুপ করে থাকে তো
𑄝𑄬𑄇𑄪𑄠𑄬𑄥𑄴𑄳𑄠 𑄦𑄧𑄣𑄬 𑄥𑄨𑄠𑄬𑄚𑄨 𑄃𑄬𑄇𑄴𑄇 𑄥𑄬𑄇𑄴𑄬 𑄃𑄢𑄧 𑄥𑄪𑄖𑄴𑄪𑄢𑄴 𑄦𑄳𑄆𑄮 ।,বেঠিক হলে সেগুলো একটু একটু করে সেলাই করতে হ
𑄃𑄨𑄇𑄴𑄬𑄚𑄴 𑄉𑄮𑄢𑄳𑄦𑄨 𑄗𑄳𑄆𑄬 𑄃𑄪𑄟𑄮𑄢𑄚𑄴 𑄚𑄮 𑄛𑄪𑄢𑄮𑄚𑄴 𑄝𑄪𑄘𑄪𑄣𑄨,এখন গরুগুলো পুরনো বুিে আছে
𑄃𑄨𑄁𑄉𑄢𑄴 𑄃𑄢𑄴 𑄢𑄬𑄎𑄢𑄬𑄥𑄴𑄳𑄠𑄖𑄴 𑄉𑄮𑄢𑄳𑄦𑄨 𑄘𑄧𑄣𑄘𑄮𑄣𑄨 ।,ইঞ্জিন এবং জ্বালানি কাঠ দিে গিেছে
𑄟𑄚𑄴𑄎𑄳𑄠 𑄞𑄛𑄴𑄧𑄚𑄴 𑄟𑄧𑄢𑄬 𑄥𑄪𑄖𑄴𑄪𑄢𑄴 𑄟𑄳𑄆𑄪 𑄞𑄝𑄧𑄋𑄧𑄢𑄴 𑄟𑄚𑄴𑄎𑄳𑄠𑄧𑄢𑄬,মাছটা আমার পাছাটা মনে পে
𑄝𑄋𑄝𑄥𑄴𑄳𑄠 𑄞𑄝𑄨 𑄃𑄪𑄚𑄴𑄎𑄪𑄢𑄴 𑄇𑄢𑄳𑄦𑄧𑄢𑄬 𑄚𑄧𑄠𑄴 𑄇𑄢𑄳𑄦𑄧𑄢𑄬 ।,বাঙালিটা ভাবি উস্কুখুস্কু কাউকে করে না
𑄟𑄨𑄖𑄴𑄪𑄢𑄴𑄝𑄮 𑄃𑄬𑄣𑄬 𑄃𑄙𑄨𑄇𑄴 𑄈𑄪𑄏𑄨𑄖𑄴 𑄇𑄨𑄌𑄴𑄪 𑄈𑄧𑄝𑄧𑄢𑄴 𑄚𑄧 𑄛𑄳𑄆𑄬,মিস্ত্রিটা আসলে বেশি খোঁজাখুঁজি করে কিছুই জানা যা না
𑄇𑄨 𑄈𑄝𑄬𑄝𑄧𑄁 𑄇𑄨 𑄉𑄮𑄢𑄳𑄦𑄨𑄝𑄧𑄁 𑄣𑄮𑄝𑄨𑄃𑄧𑄖𑄴 𑄦𑄧𑄠𑄴𑄗𑄪𑄟𑄴 𑄚𑄳𑄆𑄬 ।,.কি খাবো কি খাবো জানিনা
𑄥𑄪𑄖𑄴𑄪𑄢𑄬 𑄞𑄨𑄣𑄬 𑄥𑄪𑄖𑄴𑄪𑄢𑄴 𑄝𑄢𑄳𑄦𑄳𑄆 𑄟𑄨𑄖𑄴𑄪𑄢𑄬 𑄝𑄢𑄳𑄦𑄳𑄆 𑄟𑄨𑄖𑄴𑄪𑄢𑄴,শুে শুে শুে শুে শুে থাকা
𑄇𑄳𑄆𑄮 𑄛𑄢𑄨𑄃𑄮 𑄥𑄬 𑄇𑄮𑄙𑄚𑄨 𑄖𑄳𑄠𑄧 𑄇𑄨𑄠𑄳𑄠 𑄃𑄟𑄨 𑄥𑄨𑄘𑄴𑄪𑄢𑄴 ?,.বলতে পারা সেই কথাগুলো কী?
𑄇𑄮𑄚𑄴𑄚 𑄉𑄧𑄢𑄳𑄦𑄬 𑄥𑄨𑄠𑄚𑄨 𑄃𑄟𑄢𑄬 𑄃𑄬𑄡𑄧 𑄃𑄬𑄇𑄴𑄇 𑄖𑄮𑄉𑄳𑄆𑄬,কোন কোন করে সেগুলো আমাকে একটু দে
"𑄉𑄮𑄢 𑄞𑄨𑄣𑄬 𑄃𑄟 𑄟𑄧𑄚𑄚𑄴 𑄦𑄧𑄠𑄴 𑄚𑄬 𑄚𑄧𑄠𑄴 𑄃𑄬𑄇𑄴𑄇 𑄌𑄳𑄆𑄬,",পুরুষ মানুষ হলে আমাদের মন হনা একটু দেখে
𑄈𑄟𑄇𑄴𑄇𑄳𑄆 𑄦𑄧𑄠𑄴 𑄃𑄟 𑄟𑄧𑄚𑄚𑄴 𑄝𑄬𑄇𑄴𑄇𑄚𑄨 𑄖𑄬 𑄉𑄧𑄢𑄳𑄦𑄬,অবশ্যই হ আমাদের মনগুলো সে করে
𑄃𑄬 𑄟𑄪𑄠𑄧𑄚𑄴 𑄃 𑄉𑄮𑄘 𑄇𑄬𑄠𑄳𑄠𑄚𑄴 𑄖 𑄦𑄪𑄟𑄴𑄳𑄆𑄮 𑄣𑄧𑄢𑄬 ।,এই আমি আর গোদা কোটা তার মাকে নিে যা
"𑄟𑄧𑄚𑄚𑄬 𑄇𑄧𑄣𑄬 𑄟𑄪𑄠𑄚𑄬 𑄇𑄧𑄠𑄴 𑄦𑄘𑄴, 𑄑𑄬𑄁, 𑄌𑄮𑄇𑄴𑄪𑄚𑄬 𑄉𑄧𑄢𑄳𑄦𑄧𑄚𑄴","মনের কথা বললে আমি হাত দিে হাঁটি,টেং,চোখে করে"
𑄃𑄬 𑄥𑄨𑄠𑄬𑄚𑄴𑄳𑄆𑄮 𑄉𑄮𑄘 𑄃𑄪𑄟𑄮𑄢𑄚𑄴 𑄝𑄬𑄇𑄴𑄪𑄚𑄬 𑄈𑄳𑄆𑄬 𑄘𑄮𑄋𑄚𑄴 ।,এই এই গরুগুলো সবাই খেে দে
𑄃𑄟𑄨 𑄇𑄧𑄙𑄧𑄇𑄴 𑄞𑄪𑄣𑄴 𑄌𑄧 𑄖𑄢𑄳𑄦𑄬 𑄛𑄬𑄘𑄧𑄘𑄴 𑄢𑄉𑄳𑄆𑄬,.আমরা কেক বার ভুল করেছি তাকে
𑄃𑄢𑄧 𑄃𑄟𑄨 𑄇𑄨 𑄘𑄮𑄣𑄬 𑄖𑄖𑄴𑄗𑄪𑄚𑄴 𑄘𑄮𑄋𑄚𑄴 𑄈𑄳𑄆𑄬 ।,আরও আমরা তার থেকে দই খেে নিই
𑄃𑄬𑄡𑄧 𑄃𑄟𑄨 𑄖𑄢𑄳𑄦𑄬 𑄘𑄮𑄋𑄳𑄆𑄬 𑄃𑄟 𑄙𑄮𑄇𑄴𑄳𑄠𑄚𑄴 𑄉𑄮𑄢𑄳𑄦𑄨,এখন আমরা তাকে আমাদের দলে নিে আসি
𑄉𑄧𑄟𑄴 𑄇𑄨𑄖𑄴𑄬𑄘𑄨 𑄚𑄬𑄡𑄳𑄆𑄬 𑄖𑄢𑄳𑄦𑄬 𑄞𑄚𑄴𑄎𑄬𑄠𑄚𑄴 𑄣𑄳𑄆𑄮 𑄇𑄢𑄳𑄦𑄨 ।,ভালো কিছু না নিে তাকে ভ করে
𑄃𑄬𑄝𑄢𑄴 𑄃𑄟𑄨 𑄇𑄳𑄆𑄮 𑄛𑄣𑄴𑄧𑄋𑄴 𑄟𑄚𑄪𑄌𑄴𑄳𑄠𑄧 𑄇𑄨𑄌𑄴𑄪 𑄚𑄧𑄠𑄴,এইবার আমরা কেকজন লোক কিছু না
𑄥𑄪𑄖𑄴𑄪𑄢𑄴 𑄟𑄨𑄖𑄴𑄪𑄢𑄴 𑄝𑄬𑄇𑄴𑄇𑄚𑄴 𑄃𑄟𑄢𑄴 𑄃𑄬 𑄟𑄧𑄚𑄚𑄴𑄳𑄆𑄮 𑄦𑄧𑄠𑄴 ।,সুতার টুকরোগুলো সব আমার মনে হ
𑄃𑄟𑄨𑄃𑄮 𑄣𑄢𑄳𑄆𑄬 𑄉𑄪𑄗𑄴𑄳𑄠𑄠𑄚𑄴,আমিও ধীরে ধীরে ঢুকতেছি
𑄃𑄟𑄨 𑄇𑄖𑄴 𑄃𑄧𑄇𑄖𑄴 𑄥𑄧𑄘𑄬𑄥𑄧𑄘𑄴,আমরা সম সম বিশ্রাম নিচ্ছি
𑄇𑄮𑄙𑄣𑄧 𑄃𑄏𑄠𑄴 𑄗𑄳𑄆𑄬,.কথা কথা থাকে
𑄟𑄧𑄚𑄬 𑄉𑄮𑄢𑄳𑄦𑄨 𑄚𑄧 𑄛𑄢𑄨 𑄃𑄟𑄨,মনে করতে পারি না আমরা
𑄇𑄮𑄙𑄣𑄧 𑄝𑄢𑄳𑄦 𑄡𑄳𑄆𑄬 ।,এক জাতী বুনো ফল
𑄃𑄳𑄆𑄬 𑄟𑄨𑄣𑄬 𑄟𑄧𑄢𑄧𑄖𑄴 𑄎𑄧𑄚𑄧𑄠𑄴 𑄦𑄧𑄚,এই মেে ছেলে মেে হওা
𑄃 𑄃𑄬 𑄡𑄬 𑄃𑄟 𑄇𑄟𑄚𑄨,এই যে আমাদের কাজ
𑄝𑄬𑄇𑄴 𑄞𑄉𑄧𑄝𑄚𑄧𑄖𑄴𑄪𑄚𑄴 𑄛𑄳𑄆𑄬𑄘𑄬 𑄇𑄳𑄆𑄮,সব ভাগ থেকে বঞ্চিত হওা
𑄃𑄟 𑄛𑄛𑄴-𑄙𑄧𑄢𑄴𑄟𑄧 𑄜𑄧𑄣𑄚𑄨 ।,আমাদের পাপ-ধর্ম পালন
𑄃𑄬𑄇𑄴 𑄝𑄢𑄴𑄃𑄮 𑄘𑄧 𑄚𑄧 𑄌𑄳𑄆𑄬 𑄢𑄨𑄚𑄨,এক বারেও দেখা যা না
𑄚𑄨𑄃𑄪𑄥𑄴 𑄉𑄮𑄢𑄳𑄦𑄨 𑄖𑄮𑄉𑄳𑄆𑄬,.নতুন গোা রান্না করে
𑄇𑄨𑄖𑄴𑄳𑄆𑄬 𑄇𑄳𑄆𑄮 𑄥𑄬 𑄇𑄮𑄙𑄚𑄨,কত কথা সেই কথাগুলো
𑄃𑄇𑄴𑄧𑄣𑄧 𑄢𑄬𑄎𑄴𑄳𑄠𑄧𑄖𑄴 𑄥𑄮𑄟𑄳𑄆𑄬 ।,এক সম রাত
𑄚𑄨𑄎𑄧 𑄉𑄪𑄖𑄴𑄒𑄳𑄠𑄠𑄚𑄴 𑄥𑄪𑄟𑄪𑄢𑄨,নিজের রুম থেকে বের হে যাওা
𑄃𑄪𑄘𑄮𑄎𑄴𑄳𑄠 𑄞𑄨𑄣𑄬 𑄇𑄮𑄙𑄣𑄳𑄆𑄮,এক জাতী বুনো ফল যা সবজি হিসেবে ব্যবহৃত হ
𑄟𑄧𑄢 𑄛𑄨𑄚𑄴𑄘𑄪𑄇𑄴 𑄥𑄎𑄨𑄣𑄧𑄁,মৃতদেহ শ্মশানে নিে গেলাম
𑄥𑄬𑄙𑄟𑄴 𑄛𑄚𑄴𑄏 𑄦𑄳𑄆𑄮 ।,তত পানশে হ
"𑄃𑄳𑄆𑄬 𑄡𑄬 𑄇𑄝𑄧𑄢𑄴-𑄌𑄪𑄝𑄧𑄢𑄴, 𑄉𑄢𑄳𑄦𑄨 , 𑄛𑄬𑄣𑄬𑄚𑄴","এই কাপ-চোপ,গাি,পেেছে"
𑄃 𑄡𑄬𑄇𑄴𑄇𑄚𑄨 𑄥𑄪𑄚𑄴𑄎𑄪𑄇𑄴 𑄛𑄳𑄦𑄬𑄢𑄴,একটা সুঁচালো পেেছে
𑄝𑄬𑄇𑄴 𑄇𑄨 𑄃𑄨𑄠𑄬𑄚𑄨 𑄃𑄨𑄌𑄴𑄧𑄢𑄧𑄢𑄴 𑄘𑄚𑄴,সব পরিষ্কার করে দো
𑄚 𑄇𑄨 𑄟𑄚𑄴𑄥𑄳𑄠𑄧𑄢𑄴 𑄘𑄚𑄴 𑄈𑄬𑄢𑄴 ?,না কি মানুষ দান খেেছে?
𑄥𑄨𑄠𑄬𑄚𑄨 𑄇𑄟𑄇𑄴𑄇𑄳𑄆 𑄟𑄚𑄴𑄥𑄳𑄠𑄧𑄢𑄴 𑄘𑄚𑄴,সেগুলো কামানোর জন্য মানুষরা দান করে
𑄞𑄧𑄉𑄧𑄝𑄚𑄧𑄢𑄴 𑄚𑄧𑄠𑄴,ভগবান না
𑄟𑄚𑄴𑄥𑄳𑄠 𑄌𑄬𑄣𑄬 𑄃𑄧𑄥𑄙𑄳𑄠𑄧𑄃𑄚𑄴,মানুষ দেখলে অসা
𑄘𑄮𑄣𑄬 𑄥𑄙𑄧𑄚𑄴 𑄦𑄧𑄠𑄴,ভালোভাবে সাধন হ
𑄃𑄟 𑄥𑄨𑄢𑄳𑄦𑄬𑄢𑄴 𑄃𑄬 𑄉𑄪𑄒𑄴𑄳𑄠𑄠𑄚𑄴,আমাদের মাথা এই ঘরটি
𑄡𑄬 𑄡𑄬𑄙𑄧𑄇𑄴 𑄝𑄬𑄎𑄴 𑄣𑄢𑄬,যে বেশি বো চলতেছে
𑄖𑄬 𑄥𑄬𑄙𑄧𑄇𑄴 𑄝𑄬𑄎𑄴 𑄘𑄮𑄣𑄬 𑄘𑄣𑄬,সে এত সুন্দর করে দাঁিে আছে
𑄝𑄬𑄇𑄴𑄇𑄚𑄨 𑄃𑄪𑄞𑄬 𑄛𑄢𑄨𑄝𑄧 ।,সব উঠতে পারবে
𑄖𑄢𑄳𑄦 𑄥𑄨𑄠𑄬𑄚𑄨 𑄝𑄪𑄌𑄴𑄧𑄚𑄴 𑄇𑄨𑄚𑄳𑄆𑄬,.তারা সেগুলো বুনন করে
𑄞𑄣𑄬𑄘𑄨 𑄘𑄬𑄎𑄧 𑄟𑄚𑄪𑄌𑄴𑄪𑄚𑄴,ভালো করে দো মানুষ
𑄚𑄨𑄎𑄧 𑄉𑄪𑄖𑄴𑄒𑄳𑄠𑄚𑄨 𑄣𑄢𑄬 𑄣𑄢𑄳𑄆𑄬,নিজের রুমগুলো একটু একটু করে গুছাও
𑄃𑄪𑄉𑄪𑄢𑄬 𑄃𑄪𑄖𑄴𑄗𑄧𑄚𑄴 𑄝𑄬𑄉𑄧𑄖𑄴𑄗𑄪𑄚𑄴,উপরে উঠতে হেছে
𑄃𑄢𑄴 𑄃𑄟𑄨 𑄇𑄨 𑄉𑄮𑄢𑄳𑄦𑄨𑄢𑄴 !,আরও আমরা কি করি
𑄞𑄧𑄉𑄧𑄝𑄚𑄧 𑄃𑄏𑄠𑄴 𑄗𑄳𑄆𑄬,ভগবান আছা থাকে
𑄟𑄧𑄚𑄧 𑄃𑄏𑄚𑄨 𑄛𑄪𑄢𑄬𑄝𑄖𑄴𑄳𑄠𑄳𑄆,মনের ইচ্ছা পূরণ হবে
𑄖𑄖𑄴𑄗𑄪𑄚𑄴 𑄝𑄧𑄢𑄴 𑄟𑄊𑄨𑄚𑄬 𑄌𑄳𑄆𑄬 ।,তার থেকে আশীর্বাদ নেওা
𑄛𑄪𑄢𑄳𑄆 𑄇𑄨 𑄃𑄟 𑄃𑄏𑄚𑄨 !,.পুরাতন কি আমাদের আশা?
𑄌𑄬𑄣𑄬 𑄇𑄨𑄌𑄴𑄪 𑄚𑄳𑄆𑄬,দেখে কিছু নেই
𑄥𑄬𑄚𑄬 𑄘𑄧 𑄃𑄟𑄢𑄴 𑄃𑄬 𑄘𑄧𑄎,সে তো আমার এই জাগা
𑄇𑄧𑄚𑄧 𑄞𑄣𑄬𑄘𑄴 𑄚𑄳𑄆𑄬 ।,কোন ভালো নেই
𑄛𑄧𑄢𑄧 𑄃𑄪𑄃𑄪𑄢𑄬 𑄞𑄧𑄢𑄴 𑄉𑄮𑄢𑄳𑄦𑄨𑄣𑄬,পর্যাে ভর করে
𑄇𑄮𑄚𑄴𑄚 𑄇𑄨 𑄛𑄢𑄬 !,কোন কী পারে
"𑄝𑄚𑄳𑄦 𑄃𑄨𑄁𑄥𑄬-𑄛𑄨𑄎𑄪𑄟𑄴, 𑄃𑄣𑄴𑄥𑄨𑄃𑄚𑄨","বেইন-জুম,আলসি"
𑄉𑄮𑄣𑄴 𑄉𑄮𑄢𑄳𑄦𑄨𑄚𑄬 𑄝𑄢𑄳𑄦𑄬 ।,গোল করে বাইরে যাওা
"𑄞𑄝𑄧 𑄇𑄮𑄙𑄠𑄴, 𑄦𑄞 𑄇𑄮𑄙𑄠𑄴","ভাব কথা,হাবা কথা"
𑄡𑄬 𑄎𑄖𑄴𑄳𑄠𑄧 𑄦𑄙𑄨𑄝𑄧,যে জাতি লাঠি দিে দৌে
𑄥𑄬 𑄎𑄘𑄧𑄢𑄴 𑄇𑄧𑄚𑄧 𑄢𑄮𑄇𑄴𑄳𑄠 𑄚𑄳𑄆𑄬,সেই নদীর কোনো স্রোত নেই
𑄘𑄪𑄇𑄴𑄇𑄚𑄬 𑄑𑄬𑄋𑄴𑄳𑄆𑄮 𑄊𑄘𑄨𑄝𑄧 ।,দুকানে সেলাই করতে হবে
𑄃𑄟𑄨𑄃𑄮 𑄣𑄢𑄳𑄆𑄬 𑄉𑄪𑄖𑄴𑄒𑄳𑄠𑄠𑄚𑄴,আমিও ধীরে ধীরে ঢুকতেছি
𑄃𑄢𑄴 𑄞𑄝𑄧 𑄇𑄮𑄙𑄠𑄴 𑄚𑄧𑄠𑄴,অন্য কথা বলে না
𑄈𑄟𑄇𑄴𑄇𑄳𑄆 𑄃𑄟𑄢𑄴 𑄦𑄧𑄝𑄧 𑄞𑄣𑄬𑄘𑄴,অবশ্যই আমার হবে
𑄝𑄬𑄇𑄴 𑄉𑄮𑄢𑄨𑄝𑄧𑄁 𑄎𑄧𑄠𑄴 ।,সব গুো হেছে
𑄟𑄳𑄦𑄎𑄧𑄚𑄴 𑄃 𑄥𑄪𑄊𑄨,মানুষরা অনেক শুকিে
"𑄟𑄧𑄚𑄴 𑄛𑄪𑄢𑄬𑄘𑄧𑄁, 𑄥𑄪𑄊𑄨 𑄦𑄧𑄘𑄧𑄁","মন ভালো হওা, ভালো হওা"
𑄦𑄮𑄝𑄢𑄴 𑄌𑄳𑄆𑄬 𑄥𑄬𑄚𑄬 𑄝𑄬𑄊𑄬 𑄟𑄏𑄧𑄚𑄴,.হওা দেখার জন্য সবাই বসে আছে।
𑄥𑄬 𑄃𑄪𑄙𑄨𑄎𑄬 𑄇𑄨𑄃𑄮𑄋𑄴 𑄛𑄪𑄎𑄨,সে উপরে কিছু পূজা করে
𑄘𑄚𑄴-𑄙𑄧𑄢𑄴𑄟𑄧 𑄉𑄮𑄢𑄳𑄦𑄨,দান-ধর্মকারী
𑄥𑄨𑄣𑄬-𑄥𑄪𑄖𑄴𑄳𑄢𑄧 𑄥𑄪𑄚𑄨,শীল-সূত্র শোনা
𑄝𑄧𑄢𑄴 𑄟𑄊𑄨 𑄑𑄬𑄋 𑄛𑄬𑄘𑄧𑄁; 𑄙𑄧𑄚𑄴 𑄛𑄬𑄘𑄧𑄁,"ব ব টাকা পেছে, ধন পা"
"𑄟𑄳𑄦𑄎𑄧𑄚𑄴 𑄦𑄧𑄙𑄧𑄁, 𑄥𑄪𑄊𑄧𑄖𑄴 𑄗𑄬𑄘𑄧𑄁, 𑄥𑄪𑄊𑄨 𑄦𑄧𑄘𑄧𑄁",".মানুষ হেছি,সুদূরে থাকবো,সুদূরে থাকবো"
"𑄃𑄬 𑄎𑄧𑄚𑄧𑄟𑄴, 𑄛𑄧𑄢𑄧 𑄎𑄧𑄚𑄧𑄟𑄴","এই জনম, পরের জনম"
𑄛𑄬𑄘𑄧𑄁 𑄥𑄧𑄢𑄴𑄉𑄧-𑄚𑄨𑄢𑄴𑄝𑄚𑄴,পাহাের নরকে নির্বাণ
𑄃𑄢𑄧 𑄚𑄚𑄋𑄚𑄴 ।,আরও অনেকগুলো
𑄥𑄬𑄚𑄬 𑄦𑄃𑄮𑄎𑄬 𑄛𑄪𑄢𑄨 𑄡𑄨𑄇𑄴𑄳𑄠𑄧𑄢𑄨 𑄛𑄢𑄨,সে হাত দিে পুে যেতে পারে
"𑄇𑄟𑄳𑄆𑄬 𑄑𑄬𑄋, 𑄙𑄧𑄚𑄴 −","কাজে কর্মে টাকা,ধন-সম্পদ"
𑄇𑄟𑄳𑄆𑄬𑄃𑄮 𑄦𑄧𑄣𑄬 𑄃𑄧𑄞𑄬𑄘𑄧𑄢𑄴,কর্মঠ হলেও অকর্মণ্য
"𑄦𑄧𑄣𑄬 𑄝𑄛𑄴-𑄟𑄖𑄴𑄪𑄚𑄴𑄃𑄮 𑄛𑄳𑄆𑄬,",.বাবা-মাও পেে
"𑄥𑄮𑄘𑄴𑄳𑄠 𑄖𑄮𑄚𑄴𑄳𑄆𑄮 𑄈𑄳𑄆𑄬 𑄞𑄖𑄴, 𑄣𑄳𑄆𑄮 𑄘𑄮𑄣𑄴 𑄘𑄮𑄣𑄴","সবুজ তরকারি খেে ভাত,লই সুন্দর"
"𑄇𑄝𑄧𑄢𑄴-𑄌𑄪𑄝𑄮𑄢𑄴, 𑄃𑄣𑄧𑄁𑄇𑄢𑄴","কাপচোপ,আলংকার"
𑄘𑄮𑄣𑄴 𑄘𑄮𑄣𑄴 𑄊𑄧𑄢𑄴 𑄖𑄪𑄣𑄨 𑄉𑄢𑄳𑄦𑄨 𑄊𑄮𑄢 𑄎𑄮𑄢𑄳𑄆𑄬,সুন্দর সুন্দর বাি তুলে গািটা ঘুরতেছে
𑄖𑄪𑄎𑄨𑄟 𑄛𑄪𑄢𑄧 𑄦𑄳𑄆𑄮,তুজিমা পুরি হেছে
𑄃𑄘𑄧𑄘𑄬 𑄃𑄟𑄨 𑄇𑄨 𑄥𑄪𑄊𑄨 𑄦𑄳𑄆𑄮 ?,.আগে আমরা কি সুখী হই?
𑄊𑄧𑄢𑄬 𑄊𑄧𑄢𑄬 𑄝𑄬𑄢𑄬 𑄌𑄳𑄆𑄬 𑄛𑄪𑄏𑄮𑄢𑄴 𑄉𑄮𑄢𑄳𑄦𑄨 𑄎𑄧𑄚𑄬 𑄎𑄧𑄚𑄬,বািতে বোতে বোতে ঘুরে বো
𑄇𑄮𑄚𑄴𑄚𑄳𑄦 𑄃𑄊𑄬 𑄥𑄪𑄊𑄨 −,.কোনটা আছে দেখতেছি
𑄘𑄬𑄝𑄧𑄁 𑄃𑄟𑄨 𑄝𑄬𑄇𑄴𑄪𑄚𑄴 𑄢𑄘𑄧𑄖𑄴,দেবং আমরা সবাই রাতে
𑄚𑄬𑄉𑄬-𑄟𑄮𑄉𑄬 𑄝𑄏𑄘𑄧𑄚𑄴 𑄇𑄮𑄎𑄴𑄳𑄠,.স্বামী-স্ত্রী একসাথে কথা বলছে
"𑄝𑄝𑄬-𑄛𑄪𑄘𑄬, 𑄟𑄠𑄳𑄠-𑄏𑄨𑄠𑄬","বাবা-মা, মা-ঝি"
"𑄃𑄪𑄚𑄴𑄎𑄪𑄢𑄴 𑄃𑄳𑄆𑄬 𑄚𑄳𑄆𑄬, 𑄥𑄳𑄆𑄬 𑄚𑄳𑄆𑄬 𑄉𑄮𑄢𑄳𑄦𑄨","উস্কুখুস্কু এই নেই,এই নেই গোা"
𑄃𑄬 𑄢𑄘𑄧 𑄘𑄨𑄖𑄴𑄳𑄆𑄬 ।,এই রোদ দিে
𑄇𑄨𑄖𑄴𑄳𑄆𑄬 𑄥𑄣𑄬𑄚𑄴 𑄟𑄳𑄦𑄎𑄧𑄚𑄴 𑄦𑄧𑄘𑄧𑄁 𑄌𑄳𑄆𑄬 ?,কত সালে মানুষ হেছে
𑄇𑄨𑄖𑄴𑄳𑄆𑄬 𑄥𑄪𑄊𑄨 𑄦𑄧𑄘𑄧𑄁 𑄌𑄳𑄆𑄬 ?,কি সুন্দর হেছে দেখতেছি
𑄑𑄬𑄋 𑄙𑄧𑄚𑄴𑄳𑄆𑄮 𑄟𑄚𑄪𑄌𑄴 𑄟𑄳𑄦𑄎𑄧𑄚𑄴 𑄚𑄧 𑄦𑄧𑄚𑄴,টাকা ধনীরা মানুষ হ না
𑄥𑄪𑄊𑄨 𑄚𑄧 𑄦𑄧𑄚𑄴 𑄇𑄧𑄚𑄧 𑄎𑄧𑄚𑄴,.সুঁচালো না হওা কোনো ব্যক্তি
"𑄝𑄚𑄳𑄦 𑄦𑄧𑄚𑄴 𑄦𑄨𑄁𑄥𑄪𑄇𑄴, 𑄛𑄳𑄢𑄬𑄖𑄴𑄳𑄠, 𑄢𑄬𑄇𑄴𑄈𑄧𑄎𑄧 𑄃𑄢𑄪𑄉𑄴","শুধু হিংসুক, ভূত প্রেত, রেকস আরুগ"
𑄝𑄬𑄃𑄇𑄴𑄧𑄣𑄴𑄳𑄠 𑄦𑄬𑄟𑄚𑄧 𑄙𑄧𑄇𑄴,সবসম হাতির মতো চেহারা
"𑄃𑄪𑄚𑄴𑄎𑄪𑄢𑄴 𑄇𑄢𑄳𑄦𑄬 𑄈𑄬𑄟𑄴, 𑄇𑄬𑄚𑄳𑄦𑄬 𑄈𑄬𑄟𑄴 ।","উস্কুখুস্কু কাকে খাবো,কিভাবে খাবো"
𑄡𑄨𑄝𑄬𑄢𑄴 𑄃𑄪𑄚𑄴𑄎𑄪𑄢𑄴 𑄢𑄘𑄴 𑄗𑄳𑄆,যত ব ব রোদ থাকে
𑄡𑄨𑄝𑄬 𑄃𑄪𑄚𑄴𑄎𑄪𑄢𑄴 𑄈𑄬𑄘𑄧 𑄌𑄳𑄆,যত ব ব খাওা দেখি
𑄥𑄨𑄝𑄬 𑄇𑄨 𑄟𑄳𑄦𑄎𑄧𑄚𑄴 𑄦𑄧𑄠𑄴 !,সে কি মানুষ হ
𑄡𑄨𑄝𑄬 𑄃𑄪𑄚𑄴𑄎𑄪𑄢𑄴 𑄛𑄬𑄘𑄧 𑄌𑄳𑄆,যেখানে সেখানে চোখ বন্ধ করে থাকে
𑄡𑄨𑄝𑄬 𑄃𑄪𑄚𑄴𑄎𑄪𑄢𑄴 𑄦𑄧𑄘𑄧 𑄌𑄳𑄆,.যেদিকে উো হ
𑄥𑄨𑄝𑄬 𑄇𑄨 𑄥𑄪𑄊𑄨 𑄦𑄧𑄠𑄴 !,সে কেন খুশি হ
𑄥𑄬𑄚𑄬 𑄃𑄟𑄨 𑄟𑄳𑄦𑄎𑄧𑄚𑄴 𑄚𑄧𑄠𑄴,সেকারণে আমরা মানুষ না
𑄥𑄬𑄚𑄬 𑄃𑄟𑄨 𑄥𑄪𑄊𑄨 𑄚𑄧𑄠𑄴 ।,সেকারণে আমরা খুশি না
𑄘𑄮𑄣𑄴 𑄚𑄳𑄆𑄬 𑄃𑄟 𑄟𑄧𑄚𑄚𑄴,আমাদের মন ভালো নেই
𑄉𑄧𑄟𑄴 𑄎𑄋𑄣𑄴 𑄚𑄧 𑄝𑄳𑄆𑄬,ভালো জাগা বে না
𑄚𑄧 𑄖𑄮𑄉𑄳𑄆𑄬 𑄃𑄇𑄴𑄧𑄣𑄚𑄴,না বলে আাআি করা
𑄝𑄬𑄃𑄇𑄴𑄧𑄣𑄧 𑄙𑄪𑄢𑄴 𑄌𑄳𑄆𑄬,সবসম পেছন ফিরে
𑄚𑄧 𑄞𑄝𑄨 𑄛𑄧𑄢𑄧 𑄇𑄮𑄙,না দেখে অন্যের কথা
"𑄚𑄧 𑄍𑄉𑄨 𑄛𑄧𑄢𑄧 𑄘𑄪𑄊𑄴,",না ছাা পরে দুঃখ
𑄚𑄬𑄠𑄳𑄠 𑄛𑄬𑄘𑄧𑄖𑄴 𑄟𑄢𑄨 𑄣𑄙𑄨,.নো পেটে মারি লাঠি
𑄟𑄧𑄢 𑄝𑄮𑄢𑄳𑄦𑄬 𑄦𑄪𑄢𑄨,মরা বোরা হুি
𑄦𑄧𑄙𑄧𑄁 𑄌𑄳𑄆𑄬 𑄘𑄋𑄧𑄢𑄴 ।,ব ব
𑄥𑄬𑄚𑄬 𑄛𑄳𑄆𑄬 𑄥𑄬 𑄜𑄧𑄣𑄚𑄴,সে পে পে সেই ফল
𑄥𑄪𑄚𑄴𑄎𑄪𑄇𑄴 𑄚𑄳𑄆𑄬 𑄟𑄧𑄚𑄚𑄴,সুঙ্গ নেই মন
𑄎𑄖𑄴𑄗𑄳𑄆 𑄞𑄨𑄚𑄴𑄘𑄳𑄆 𑄃𑄪𑄚𑄴𑄎𑄪𑄢𑄴,জাগা বেইন উানো
𑄖𑄳𑄠𑄧 𑄃𑄟𑄨 𑄛𑄬𑄝𑄖𑄴𑄳𑄠𑄳𑄆,. তো আমি পেবােছি
𑄚𑄧 𑄜𑄨𑄢𑄳𑄆𑄬 𑄟𑄧𑄚𑄚𑄴,না ফিরে মন
𑄚𑄧 𑄜𑄬𑄣𑄳𑄆𑄬 𑄃𑄧 𑄇𑄟𑄚𑄴,. না ফেলে রেখে চলে যাওা
𑄈𑄮𑄣𑄬 𑄝𑄖𑄴𑄳𑄠𑄳𑄆 𑄟𑄳𑄦𑄎𑄧𑄚𑄴,খোলের বাঁশওালা মানুষ
𑄦𑄮𑄝𑄖𑄴𑄗𑄳𑄆 𑄥𑄪𑄊𑄨 ।,.হোবাতই শুকি
𑄃𑄬 𑄃𑄨𑄇𑄴𑄧𑄪𑄢𑄨 𑄗𑄳𑄆𑄬 𑄘𑄪𑄊𑄧𑄖𑄴,.এইটি থেকে অনেকদূর দূরে
𑄃𑄘𑄧𑄁 𑄇𑄎𑄧𑄢𑄴 𑄇𑄪𑄢𑄳𑄆𑄬,আষ্ট মলার পাশে
"𑄇𑄪𑄚𑄋𑄚𑄴𑄳𑄆𑄮 𑄟𑄪𑄢𑄨 𑄡𑄳𑄆𑄬 ,",.কুনানটা মুরিে যাও
𑄟𑄳𑄦𑄎𑄧𑄚𑄴𑄃𑄮 𑄚𑄧 𑄦𑄧𑄣𑄧𑄋𑄴 𑄥𑄪𑄊𑄨𑄃𑄮 𑄚𑄧 𑄦𑄧𑄣𑄧𑄁 ।,.মানুষও হলোনা খুশি হলাম না
𑄇𑄮𑄚𑄴𑄚𑄳𑄦 𑄦𑄧𑄠𑄴 𑄟𑄳𑄦𑄎𑄧𑄚𑄴 ?,.কোনটা হ মানুষ?
𑄇𑄮𑄚𑄴𑄚𑄳𑄦 𑄦𑄧𑄠𑄴 𑄥𑄪𑄊𑄨 ?,.কোনটা হেছে?
𑄊𑄧𑄢𑄚𑄴 𑄦𑄮𑄇𑄴 𑄞𑄋-𑄏𑄋,বািটা হোক ভাঙাচোরা
"𑄚𑄧 𑄗𑄮𑄇𑄴 𑄑𑄬𑄋, 𑄚𑄧 𑄗𑄮𑄇𑄴 𑄙𑄧𑄚𑄴","না থাক টাকা, না থাক ধন"
𑄡𑄨𑄠𑄬𑄚𑄴 𑄃𑄊𑄬 𑄡 𑄛𑄳𑄆,.যেগুলো আছে সেগুলো রেখে দাও
𑄥𑄨𑄠𑄬𑄚𑄴𑄳𑄆𑄮 𑄈𑄪𑄏𑄨 𑄗𑄠𑄴,.সেটা খোলা থাকে
𑄉𑄧𑄟𑄴 𑄛𑄧𑄙𑄬 𑄦𑄙𑄨-𑄉𑄧𑄟𑄴 𑄇𑄟𑄴𑄝𑄳𑄆𑄮 𑄇𑄟𑄳𑄆𑄬,ভালো করে হাত দিে ভালো কাজ
"𑄊𑄪𑄟𑄧𑄖𑄴 𑄛𑄧𑄢𑄬 𑄟𑄧𑄚𑄧 𑄥𑄪𑄊𑄬, 𑄟𑄧𑄚𑄧 𑄥𑄪𑄊𑄬 𑄃𑄪𑄙𑄬","ঘুম থেকে পে মনটা ভালো লাগে,মন ভালো লাগে"
"𑄟𑄧𑄚𑄧 𑄥𑄪𑄊𑄬 𑄦𑄏𑄬-𑄟𑄘𑄬, 𑄟𑄧𑄚𑄧 𑄥𑄪𑄊𑄬 𑄉𑄳𑄆","মন ভালো করে মাা,মন ভালো করে গোা"
𑄝𑄬𑄎𑄴 𑄚𑄧 𑄌𑄳𑄆-𑄚𑄧 𑄖𑄮𑄉𑄳𑄆,বোই না চোখ তোমার
"𑄟𑄚𑄪𑄌𑄴𑄎𑄧𑄚𑄴 𑄚𑄧 𑄗𑄮𑄉𑄳𑄆 , 𑄝𑄬𑄇𑄴𑄇𑄚𑄧𑄙𑄨","মানুষরা থাকে না,সবগুলো"
𑄦𑄪𑄎𑄬 𑄗𑄠𑄴 𑄃𑄬,হে থাকে এরকম
𑄥𑄨𑄝𑄬 𑄖𑄬 𑄎𑄖𑄴𑄳𑄠 𑄟𑄳𑄦𑄎𑄧𑄚𑄴,সে জাতী মানুষ
𑄃𑄬𑄥𑄨𑄝𑄬 𑄖𑄬 𑄎𑄖𑄴𑄳𑄠 𑄥𑄪𑄊𑄨,সে তো জাত শুকিেছে
𑄖 𑄝𑄢𑄳𑄦𑄧𑄃𑄪𑄚𑄴 𑄚𑄧𑄠𑄴 ।,তার বারগুলো না
𑄃𑄙𑄨𑄇𑄴 𑄘𑄪𑄊𑄬,"বেশি কষ্ট, কষ্ট"
𑄣𑄬𑄊 𑄛𑄧𑄢𑄳𑄦 𑄥𑄨𑄊𑄨 𑄃𑄟𑄨 𑄃𑄮𑄟𑄳𑄦 𑄃𑄮𑄟𑄳𑄦 𑄇𑄖𑄴 𑄦𑄧𑄣𑄧𑄁,লেখা পার পর আমরা সবাই কাত হেছি
𑄛𑄎𑄧𑄢𑄴 𑄞𑄪𑄙𑄨 𑄇𑄪𑄢𑄳𑄆𑄬 𑄟𑄖𑄴𑄧𑄢𑄴 𑄟𑄚𑄪𑄌𑄴 𑄥𑄧𑄝𑄳𑄆 𑄚𑄧 𑄦𑄧𑄣𑄧𑄁 !,পাহাের ভূমির কাছে অনেক মানুষ তবুও গেল না
𑄚𑄧 𑄦𑄧𑄣𑄧𑄁 𑄇𑄨𑄖𑄴𑄗𑄳𑄆𑄬 𑄃𑄇𑄴𑄧𑄣𑄴𑄳𑄠 𑄇𑄧𑄚𑄧 𑄚𑄧 𑄦𑄧𑄣𑄧𑄁 𑄇𑄨𑄖𑄴𑄳𑄆𑄬 𑄉𑄪𑄕𑄨,".না হলো কেন জানি না,কেন জানি না এই গুণি"
𑄇𑄎𑄧𑄢𑄴 𑄝𑄘𑄬 𑄎𑄘𑄧𑄖𑄴 𑄇𑄨𑄖𑄴𑄳𑄆𑄬 𑄉𑄧𑄟𑄴 𑄚𑄧 𑄛𑄢𑄨𑄢𑄴 𑄃𑄚𑄳𑄦𑄨 !,পাপের পর আর ভালো করতে পারে না
𑄛𑄧𑄘𑄴 𑄥𑄪𑄇𑄴 𑄚𑄧 𑄛𑄳𑄆𑄬 𑄟𑄖𑄴𑄧𑄣𑄴 𑄦𑄳𑄆𑄮𑄚𑄬 𑄥𑄬𑄙𑄬𑄢𑄴 𑄞𑄬𑄘𑄬𑄢𑄴 𑄇𑄮𑄙 𑄇𑄮𑄢𑄴,পাহাের সুখ না পেে মানুষদের সাথে কথা বলে
𑄥𑄪𑄊𑄬 𑄗𑄮𑄝𑄢𑄴 𑄎𑄉𑄚𑄧𑄖𑄴 𑄇𑄨𑄖𑄴𑄗𑄳𑄆𑄬 𑄎𑄖𑄴𑄳𑄠𑄧 𑄘𑄪𑄊𑄧𑄖𑄴 𑄗𑄮𑄢𑄴 !,.সুে থাকার জাগা কি জাগা দুঃখ রাখছে
𑄎𑄪 𑄈𑄬𑄢 𑄃𑄢𑄴 𑄛𑄎𑄨 𑄇𑄟𑄚𑄨 𑄉𑄮𑄢𑄳𑄦𑄨𑄢𑄴 𑄇𑄨𑄖𑄬𑄴𑄗𑄳𑄆 𑄥𑄧𑄟𑄢𑄴,জুি খেলা আর পাজি খেলা দিে কি যেন প্রতিযোগিতা করছে
𑄘𑄮𑄣𑄚𑄨 𑄇𑄨𑄖𑄬𑄴𑄗𑄳𑄆 𑄎𑄘𑄧𑄖𑄴 𑄘𑄨𑄝𑄢𑄴 𑄃𑄨𑄙𑄮𑄖𑄴 𑄚𑄧 𑄃𑄪𑄘𑄬 𑄃𑄟𑄢𑄴 !,দোলাগুলো কেন এইদিকে দো যা না আমার
"𑄇𑄨𑄖𑄬𑄴𑄗𑄳𑄆 𑄚𑄧 𑄌𑄳𑄆𑄬 𑄃𑄨𑄖𑄴𑄳𑄠𑄧 𑄇𑄪𑄘𑄪𑄟𑄴 𑄌𑄬𑄘𑄳𑄆𑄬 𑄝𑄢𑄴𑄝𑄮, 𑄟𑄚𑄨","কেন না দেখে এখানে কোথা যাবো জানিনা,মানি"
𑄘𑄋𑄧𑄢𑄴 𑄇𑄨𑄖𑄴𑄗𑄳𑄆𑄬 𑄈𑄮𑄣𑄳𑄆𑄬 𑄃𑄬𑄙𑄧𑄇𑄴 𑄥𑄧𑄟𑄎𑄴𑄳𑄠 𑄚𑄧 𑄌𑄳𑄆𑄬 𑄢𑄨𑄚𑄨 !,ব ছিদ্রে এত সমাজ দেখা যা না
"𑄃𑄨𑄠𑄬𑄚𑄴 𑄇𑄨 𑄃𑄟𑄢𑄴 𑄎𑄖𑄴𑄳𑄠𑄧 𑄌𑄠𑄴, 𑄃𑄨𑄠𑄬𑄚𑄴 𑄇𑄨 𑄃𑄟𑄢𑄴 𑄇𑄟𑄴 −",".এটা কি আমার জাতি,এটা কি আমার কাজ"
𑄃𑄨𑄠𑄬𑄚𑄴𑄳𑄆𑄮 𑄇𑄨 𑄎𑄘𑄧𑄖𑄴 𑄃𑄟𑄨 𑄜𑄪𑄙𑄬𑄘𑄧𑄁 𑄌𑄳𑄆𑄬 𑄚𑄋𑄴 !,এখানে কেন আমরা ফোটা ফোটা দেখি
𑄎𑄖𑄴𑄳𑄠𑄧 𑄇𑄢𑄳𑄦𑄬 𑄌𑄳𑄆𑄬 𑄃𑄊𑄬 𑄃 𑄇 𑄃𑄏𑄣𑄳𑄆𑄮 𑄗𑄳𑄆𑄬,জাতি কাকে দেখে আছে একা একা থাকে
𑄥𑄪𑄇𑄴𑄇𑄚𑄴 𑄗𑄮𑄉𑄠𑄴 𑄝𑄪𑄉𑄴 𑄞𑄪𑄢𑄨𑄚𑄬 𑄘𑄮𑄣𑄴 𑄥𑄧𑄝𑄧𑄚𑄴 𑄘𑄳𑄆𑄬 !,.সুঁচালো সুতা দিে বুো করে সুন্দর স্বপ্ন দে
𑄇𑄖𑄴𑄗𑄪𑄚𑄴 𑄥𑄨𑄊𑄨𑄝𑄧 𑄎𑄖𑄴𑄳𑄠𑄧 𑄃𑄟𑄢𑄴 𑄉𑄧𑄟𑄴 𑄞𑄣𑄬𑄘𑄨 𑄇𑄟𑄚𑄨,.কাথা থেকে সিকি এসেছে আমার ভালো ভালো কাজ করতে
𑄇𑄖𑄴𑄗𑄪𑄚𑄴 𑄣𑄧𑄝𑄧 𑄖𑄮𑄉𑄬 𑄎𑄖𑄴𑄳𑄠 𑄜𑄪𑄣𑄧 𑄙𑄮𑄇𑄴𑄳𑄠𑄚𑄴 𑄟𑄧𑄚𑄚𑄨 !,কাপে নিে যাওার সম ফুলের গন্ধ পাচ্ছি
𑄃𑄨𑄠𑄬𑄚𑄨 𑄃𑄟𑄨 𑄌𑄳𑄆𑄬𑄚𑄬 𑄢𑄨𑄚𑄨 𑄣𑄬𑄊 𑄛𑄧𑄢𑄳𑄦 𑄥𑄨𑄊𑄨,এগুলো আমরা চেইনে বেঁধে সেলাই করি
𑄟𑄧𑄚𑄧 𑄈𑄙 𑄟𑄬𑄣𑄨 𑄘𑄮𑄣𑄬 𑄘𑄨 𑄃𑄬𑄇 𑄉𑄬𑄘 𑄣𑄨𑄊𑄨 ?,মনের ইচ্ছা পূরণ করে একা একা গিেছো?
𑄞𑄣𑄬𑄘𑄨 𑄘𑄬𑄏𑄧𑄢𑄴 𑄟𑄚𑄴𑄎𑄳𑄠𑄧 𑄇𑄨𑄖𑄴𑄬 𑄇𑄨𑄖𑄴𑄳𑄆𑄬 𑄥𑄧𑄝𑄳𑄆 𑄚𑄧 𑄌𑄳𑄆𑄬,ভালো করে দিে দোর মাটি কেন এই সব কিছু দেখে না
𑄇𑄮𑄚𑄴𑄚 𑄚𑄨𑄣𑄧 𑄖𑄢𑄳𑄦 𑄎𑄖𑄴𑄳𑄠𑄧 𑄃𑄬𑄙𑄧𑄇𑄴 𑄘𑄮𑄣𑄬 𑄥𑄎𑄳𑄆𑄬 !,.কোন নিল তাদের জাতি এত ভালোভাবে বাঁচে
𑄌𑄳𑄆𑄬𑄚𑄨 𑄃𑄟𑄨 𑄇𑄮𑄚𑄴𑄚 𑄖𑄢𑄳𑄦𑄢𑄴 𑄉𑄧𑄟𑄴 𑄞𑄚𑄴𑄎𑄬𑄚𑄨 𑄝𑄬𑄠𑄳𑄠𑄧𑄚𑄴,চেে আমরা কোনটা তাদের ভালো বাি বেেছি
𑄃𑄚𑄴𑄎𑄬𑄚𑄨 𑄝𑄬𑄇𑄴 𑄜𑄬𑄣𑄬 𑄘𑄨𑄚𑄳𑄆𑄬 𑄇𑄨𑄖𑄬𑄴𑄗𑄳𑄆 𑄉𑄧𑄟𑄚𑄴 𑄣𑄮𑄠𑄳𑄠𑄧𑄚𑄴 ?,আগুনটা সব ফেলে দিে কেন জ্বলতেছে
"𑄃𑄢𑄴, 𑄃𑄟𑄢 𑄇𑄨𑄖𑄴𑄖𑄳𑄆𑄬 𑄃𑄬 𑄘𑄧𑄎 𑄇𑄨𑄖𑄴𑄖𑄳𑄆𑄬 𑄃𑄬 𑄉𑄪𑄘𑄨","আরও, আমাদের জন্য এই ঘরটি আমাদের জন্য"
𑄇𑄖𑄴 𑄦𑄳𑄆𑄮𑄚𑄬 𑄇𑄨𑄖𑄴𑄖𑄳𑄆𑄬 𑄝𑄚𑄳𑄦 𑄝𑄚𑄴𑄎𑄬𑄚𑄨 𑄣𑄮𑄢𑄴 𑄌𑄨𑄘𑄨 !,কাত হে কেন শুধু বাঁশগুলো খসখসে
𑄟𑄧𑄚𑄧 𑄘𑄪𑄇𑄴𑄇𑄚𑄴 𑄥𑄨𑄃𑄧𑄖𑄴 𑄟𑄧𑄢𑄴 𑄝𑄪𑄉𑄧𑄖𑄴 𑄚𑄧 𑄃𑄘𑄬 𑄥𑄧𑄁,মনের দুঃখ সেখানে বেশিদিন থাকে না
𑄃𑄙𑄨𑄇𑄴 𑄘𑄪𑄊𑄬 𑄟𑄧𑄚𑄬 𑄇𑄧𑄖𑄴𑄬 𑄃𑄨𑄇𑄬 𑄑𑄨𑄠𑄬𑄖𑄴 𑄟𑄧𑄢𑄧𑄁 ।,বেশি দুঃখে মনে পে এখন মরতেছি
𑄃𑄉𑄧 𑄘𑄨𑄚𑄧𑄢𑄴 𑄓𑄉𑄬𑄖𑄴𑄖𑄪𑄚𑄬 𑄢𑄬𑄘𑄮𑄖𑄴 𑄊𑄧𑄢𑄧𑄖𑄴 𑄡𑄳𑄆𑄬,আগের দিনের ডাগা থেকে রাতে বািতে যা
𑄦𑄖𑄴𑄳𑄠𑄢𑄴 𑄘𑄬𑄊𑄳𑄆𑄬 𑄟𑄪𑄉𑄧𑄢𑄴 𑄛𑄉𑄳𑄆𑄬 𑄘𑄳𑄠𑄧𑄚𑄴 𑄛𑄧𑄢𑄧 𑄙𑄧𑄚𑄚𑄨 𑄈𑄳𑄆𑄬 ।,হাত দিে পর ধনগুলো খেে দো
𑄃𑄢𑄴 𑄚𑄧𑄠𑄴 𑄇𑄧𑄚𑄴 𑄌𑄨𑄘𑄨 𑄣𑄨𑄊𑄨 𑄑𑄬𑄋 𑄛𑄘𑄬 𑄘𑄳𑄠𑄧,আরও নাাচাা করে ট্যাঙি পে
𑄚𑄧 𑄦𑄧𑄣𑄬 𑄈𑄪𑄣𑄧𑄖𑄴 𑄛𑄪𑄢𑄨 𑄈𑄬𑄝𑄢𑄴 𑄝𑄬𑄢𑄴𑄟 𑄗𑄪𑄝𑄬 𑄗𑄧 ।,.না হলে খুলে খাওার বািটা রেখে দিও
𑄟𑄚𑄪𑄌𑄴𑄪𑄚𑄬 𑄈𑄨𑄎𑄨𑄈𑄨𑄥𑄴𑄳𑄠 𑄑𑄬𑄋 𑄗𑄪𑄝𑄬 𑄣𑄳𑄆𑄮,মানুষরা খিসকি করে টাকা জমা রাখে
𑄙𑄝 𑄘𑄨 𑄘𑄨 𑄝𑄢𑄳𑄦𑄳𑄆𑄬 𑄘𑄮𑄚𑄴𑄳𑄆𑄮 𑄝𑄪𑄇𑄴 𑄖𑄪𑄣𑄴 𑄛𑄪𑄣𑄴𑄳𑄠 𑄦𑄳𑄆𑄮 ।,দৌে দৌে বামে বুক তুলতে হ
𑄥𑄬𑄇𑄴𑄬 𑄖𑄢𑄳𑄦 𑄇𑄪𑄙𑄪 𑄗𑄬𑄘𑄇𑄴 𑄇𑄧𑄚𑄧 𑄥𑄊𑄨𑄟𑄴 𑄚𑄳𑄆𑄬,এখন তারা কোথা পাহাে যাবে
𑄃𑄨𑄇𑄴𑄬 𑄥𑄨𑄃𑄪𑄚𑄴 𑄚𑄳𑄆𑄬 𑄃𑄢𑄴 𑄟𑄖𑄴𑄧𑄢𑄴 𑄚𑄋𑄚𑄴𑄃𑄮 𑄖𑄢𑄳𑄦 𑄣𑄪𑄉𑄬𑄠𑄧𑄚𑄴,এখন সে নেই আর গ্রামটাও তারা লুট করে
𑄃𑄨𑄇𑄴𑄬 𑄌𑄉𑄮𑄥𑄳𑄠 𑄝𑄧𑄣𑄃𑄪𑄚𑄴 𑄚𑄮 𑄉𑄮𑄢𑄳𑄦𑄨 𑄃𑄟𑄢𑄴 𑄓𑄉𑄬𑄖𑄴 𑄦𑄮𑄠𑄳𑄠𑄧𑄚𑄴 ।,এখন চাগোা বলগুলো না করে আমার সাথে হেছে
𑄥𑄧𑄢𑄴𑄇𑄢𑄧𑄖𑄴𑄪𑄚𑄴 𑄝𑄬𑄖𑄧𑄚𑄴 𑄈𑄳𑄆𑄬𑄚𑄬 𑄉𑄧𑄖𑄴𑄖𑄧𑄚𑄴 𑄌𑄉𑄪𑄢𑄨,সকাল থেকে বেতন খেে যাচ্ছে কুকুরটি
𑄃 𑄃𑄬𑄟𑄚𑄴𑄎𑄳𑄠𑄧𑄖𑄴𑄗𑄪𑄚𑄴 𑄈𑄬𑄝𑄣𑄴𑄣𑄳𑄆 𑄃𑄪𑄚𑄴𑄎𑄪𑄢𑄴 𑄗𑄚𑄴 𑄦 𑄉𑄮𑄢𑄳𑄦𑄨 ।,.এই মেশিন থেকে খোলগুলো বের হে যা
𑄇𑄨𑄃𑄳𑄆𑄮 𑄡𑄪𑄚𑄨 𑄃𑄮𑄝𑄨𑄎𑄧𑄖𑄴 𑄡𑄳𑄆𑄬𑄚𑄬 𑄇𑄟𑄧 𑄇𑄮𑄙 𑄇𑄧𑄚𑄴,.কিছু লোক সৈকতে এসে কাজ করে
"𑄥𑄬𑄇𑄴𑄬, 𑄌𑄮𑄊𑄴 𑄚𑄧 𑄈𑄖𑄴𑄳𑄠 𑄦𑄘𑄴 𑄛𑄘𑄨𑄚𑄳𑄠𑄳𑄆 𑄑𑄬𑄋𑄃𑄪𑄚𑄴 𑄃𑄉𑄬 𑄟𑄉𑄧𑄚𑄴 ।","এখন,চোখ বন্ধ না করে হাত দিে টাকাগুলো আছে"
𑄑𑄬𑄋 𑄡𑄪𑄚𑄨 𑄘𑄨 𑄚𑄧 𑄛𑄣𑄴𑄬 𑄟𑄘𑄴𑄃𑄮 𑄛𑄬𑄘𑄧 𑄚𑄧𑄠𑄴,টাকা যোগা না করলে মানুষের পেটও ভরে না
𑄃𑄪𑄟𑄧𑄢𑄬 𑄃𑄪𑄟𑄧𑄢𑄴 𑄖 𑄇𑄟𑄚𑄴 𑄃𑄢𑄴 𑄇𑄧𑄚𑄧 𑄈𑄬𑄝𑄴 𑄦𑄧𑄘𑄧 𑄚𑄧𑄠𑄴 ।,.উে উে তার কাজ আর ভালো হ না
𑄃𑄨𑄇𑄴𑄬𑄚𑄴 𑄉𑄮𑄢𑄨 𑄛𑄪𑄖𑄴𑄨𑄘𑄨𑄚𑄴 𑄟𑄚𑄴𑄎𑄧 𑄑𑄬𑄋 𑄇𑄢𑄳𑄦𑄨,এখন গোিটা পাহাের উপর দাঁিে আছে
𑄊𑄧𑄢𑄧𑄖𑄴 𑄡𑄳𑄆𑄬𑄚𑄬 𑄟𑄮𑄇𑄴𑄪𑄚𑄴𑄳𑄆𑄮 𑄉𑄧𑄟𑄴 𑄈𑄮𑄣𑄚𑄴𑄳𑄆𑄮 𑄞𑄢𑄨 ।,বািতে যে মানুষরা ভালো খোলে বেশি
𑄚𑄬𑄇𑄴𑄪𑄚𑄬 𑄃𑄚𑄴𑄎𑄪𑄢𑄴 𑄑𑄬𑄋 𑄛𑄚𑄴 𑄟𑄮𑄇𑄴𑄪𑄚𑄬𑄃𑄮 𑄈𑄪𑄏𑄨 𑄗𑄚𑄴,.স্বামী-স্ত্রী সমানে সমানে থাকে
𑄃𑄨𑄇𑄴𑄬 𑄌𑄬𑄘𑄬𑄠𑄳𑄠 𑄦𑄳𑄆𑄮𑄚𑄬 𑄟𑄮𑄇𑄴𑄪𑄚𑄬 𑄟𑄚𑄪𑄌𑄴 𑄌𑄳𑄆𑄬 𑄌𑄳𑄆𑄬 𑄟𑄘𑄚𑄴 ।,এখন চাচা করে মানুষরা চাচা করে
𑄚𑄬𑄉𑄬-𑄟𑄮𑄉𑄬 𑄌𑄉𑄪𑄢𑄨 𑄉𑄧𑄣𑄴𑄬 𑄥𑄬𑄇𑄴𑄬 𑄘𑄧 𑄃𑄢𑄴 𑄇𑄮𑄙 𑄚𑄳𑄆𑄬,.স্বামী-স্ত্রী একসাথে কাজ করলে তারপর আর কথা নেই
𑄃𑄖𑄴𑄗𑄳𑄠 𑄛𑄖𑄴𑄗𑄳𑄠 𑄟𑄚𑄪𑄌𑄴 𑄥𑄬𑄇𑄴𑄬 𑄚𑄧 𑄛𑄢𑄧𑄚𑄴 𑄖𑄢𑄳𑄦 𑄇𑄪𑄢𑄬 𑄡𑄳𑄆𑄬 ।,দূরের মানুষরা এখন তাদের পাশ দিে যেতে পারেনা
𑄛𑄧𑄢𑄧 𑄑𑄬𑄋 𑄓𑄉𑄬𑄖𑄴 𑄉𑄮𑄢𑄳𑄦𑄨 𑄌𑄨𑄝𑄨𑄘𑄨 𑄉𑄪𑄣𑄴𑄳𑄠 𑄊𑄧𑄢𑄴 𑄖𑄪𑄣𑄧𑄚𑄴,পার টাকা দিে ছোট ছোট বাি তোলা
𑄚𑄋𑄴 𑄜𑄪𑄖𑄴𑄗𑄳𑄠 𑄇𑄨𑄃𑄮𑄋𑄧𑄖𑄴 𑄡𑄳𑄆𑄬 𑄣𑄈𑄴 𑄣𑄈𑄴 𑄑𑄬𑄋 𑄘𑄚𑄴 𑄉𑄧𑄢𑄧𑄚𑄴 ।,নাক থেকে দুর্গন্ধ বের হে কোথা যে হাজার হাজার টাকা দান করে
𑄃𑄬𑄇𑄴𑄖𑄣𑄴 𑄃𑄬𑄇𑄴𑄖𑄣𑄴 𑄑𑄬𑄋 𑄛𑄳𑄆𑄬𑄚𑄬 𑄑𑄉𑄪𑄢𑄪𑄚𑄬𑄃𑄮 𑄈𑄪𑄏𑄨 𑄦𑄳𑄆𑄮,একটু একটু টোকা দিে টোকা মারা যা
𑄉𑄪𑄏𑄨 𑄣𑄧𑄚𑄴 𑄖𑄢𑄳𑄦 𑄈𑄪𑄝𑄴 𑄘𑄮𑄣𑄬 𑄥𑄙𑄪 𑄥𑄙𑄪 𑄇𑄳𑄆𑄮 ।,গুঁি নিে তারা খুব ভালো করে কথা বলে
𑄥𑄨𑄃𑄪𑄚𑄴 𑄡𑄬 𑄓𑄉𑄬𑄘𑄧 𑄑𑄬𑄋 𑄇𑄧𑄚𑄧 𑄑𑄉𑄪𑄢𑄬 𑄚𑄧 𑄇𑄧𑄚𑄴,.সে যে ডাগার টাকাগুলো কোনো ট্রাকে বলে না
𑄟𑄚𑄴𑄎𑄳𑄠𑄧𑄃𑄨𑄙𑄪 𑄃𑄬 𑄘𑄚𑄧 𑄇𑄮𑄙 𑄃𑄢𑄧 𑄝𑄢𑄴 𑄉𑄮𑄢𑄳𑄦𑄨 𑄘𑄨 𑄇𑄧𑄚𑄴 ।,গ্রামের মানুষদের এই দানটা আরও বেশি করে দাও
𑄃𑄨𑄇𑄴𑄬𑄚𑄴 𑄉𑄮𑄢𑄳𑄦𑄨 𑄓𑄉𑄬𑄖𑄴𑄗𑄪𑄚𑄬 𑄦𑄧𑄚𑄴 𑄙𑄧𑄢𑄴𑄟𑄨𑄇𑄴𑄮 𑄥𑄙𑄪,এখন গোার দল থেকে ধর্মী সন্ন্যাসী হ
𑄉𑄧𑄟𑄴 𑄟𑄚𑄪𑄌𑄴 𑄞𑄨𑄣𑄨 𑄚𑄋𑄴 𑄜𑄪𑄘𑄚𑄴 𑄃𑄬 𑄟𑄚𑄴𑄎𑄳𑄠𑄧 𑄃𑄨𑄙𑄪,ভালো মানুষ ব ব হেছে এই মাটিতে
𑄥𑄨𑄃𑄪𑄚𑄴 𑄞𑄢𑄨 𑄊𑄨𑄚𑄋𑄴 𑄟𑄳𑄆𑄪 𑄥𑄨𑄃𑄪𑄚𑄴 𑄃𑄟𑄢𑄴 𑄇𑄎𑄧𑄢𑄴,সেগুলো অনেক ঘৃণা করি আমি
𑄥𑄨𑄃𑄪𑄚𑄴𑄳𑄆𑄮 𑄃𑄬𑄥𑄴𑄳𑄠 𑄝𑄬𑄇𑄴 𑄉𑄧𑄟𑄚𑄨 𑄞𑄏𑄨 𑄉𑄬𑄣𑄧 𑄎𑄘𑄧𑄢𑄴 ।,.সে আসার সম সব গিে গেল
𑄚𑄨𑄎𑄧 𑄟𑄮𑄇𑄴-𑄛𑄮 𑄥𑄪𑄊𑄬 𑄗𑄳𑄆𑄮𑄚𑄬 𑄛𑄧𑄢𑄧 𑄟𑄮𑄇-𑄛𑄮 𑄟𑄢𑄨,নিজের মেেকে শুে রেখে অন্যের মেেকে মারি
𑄇𑄧𑄚𑄴 𑄃𑄇𑄴𑄧𑄣𑄬 𑄉𑄧𑄢𑄧𑄚𑄴 𑄥𑄨𑄠𑄬𑄚𑄴 𑄇𑄧𑄚𑄴 𑄙𑄧𑄢𑄴𑄟𑄬 𑄙𑄪𑄢𑄨 !,কোন ধর্ম করে সেটা কোন ধর্ম ধরে
𑄇 𑄉𑄝𑄪𑄢𑄴 𑄉𑄧𑄖𑄴𑄗𑄧𑄚𑄴 𑄖𑄢𑄳𑄦 𑄃𑄬𑄇𑄴 𑄉𑄬𑄘𑄃𑄮 𑄇𑄨 𑄞𑄝𑄧𑄚𑄴,.কাঁকার মতো তারা এক গেে কি ভাবে
𑄃𑄬𑄇𑄴 𑄉𑄬𑄘𑄃𑄮 𑄇𑄨 𑄌𑄘𑄧𑄚𑄴 𑄢𑄨𑄚𑄨 𑄇𑄣𑄴𑄳𑄆𑄮 𑄇𑄨 𑄉𑄧𑄖𑄴𑄗𑄧𑄚𑄴 !,এক গেে কি চাঁদের আলো পতেছে
𑄞𑄧𑄎𑄧𑄟𑄚𑄴 𑄉𑄮𑄢𑄳𑄦𑄨 𑄖𑄮𑄟𑄢𑄬 𑄛𑄖𑄴𑄪𑄢𑄪𑄖𑄪𑄢𑄪 𑄔𑄣𑄧𑄋𑄧𑄢𑄴,ভজনক গরুটি তোমাকে পাহাের উপর দৌাচ্ছে
𑄡𑄨𑄃𑄪𑄚𑄬-𑄌𑄉𑄪𑄢𑄨 𑄉𑄮𑄢𑄳𑄦𑄨 𑄈𑄪𑄝𑄴 𑄘𑄮𑄣𑄬 𑄟𑄚𑄳𑄆𑄬 𑄌𑄬𑄢𑄖𑄴𑄳𑄠 𑄉𑄧𑄢𑄧𑄢𑄴,.স্বামী-স্ত্রী খুব সুন্দর হলেই চা
𑄖𑄮𑄟𑄢𑄳𑄦𑄬 𑄇𑄧𑄚𑄴𑄬 𑄎𑄖𑄴𑄖𑄳𑄠 𑄟𑄚𑄪𑄌𑄴 𑄘𑄬𑄝𑄧 𑄣𑄧𑄉𑄧𑄢𑄴 𑄥𑄚𑄴,তোমাকে বলা হ যে মানুষ দোলের সম
𑄖𑄮𑄟𑄣𑄴𑄳𑄆𑄮 𑄦𑄧𑄚𑄴 𑄟𑄚𑄪𑄌𑄴 𑄈𑄪𑄎𑄨 𑄃𑄬𑄡𑄬 𑄎𑄘𑄧𑄢𑄴 𑄟𑄚𑄴,.তরকারিটা হে মানুষ খুঁজতে আসে
𑄖𑄮𑄟 𑄙𑄮𑄇𑄴𑄈𑄳𑄠𑄚𑄴 𑄙𑄮𑄢𑄴𑄟𑄨𑄇𑄴𑄮 𑄦𑄮𑄙𑄮𑄇𑄴 𑄎𑄘𑄧𑄢𑄴 𑄝𑄬𑄇𑄴 𑄟𑄚𑄪𑄌𑄴𑄪𑄚𑄴,তোমাদের ধোঁাটা শক্ত হেছে সব মানুষ
𑄎𑄉 𑄚𑄧 𑄛𑄘𑄮𑄇𑄴 𑄇𑄧𑄚𑄧 𑄇𑄨𑄖𑄴𑄬𑄖𑄴 𑄃𑄬 𑄟𑄙 𑄈𑄬𑄠𑄳𑄠 𑄓𑄉𑄬𑄖𑄴𑄴𑄪𑄚𑄴 ।,এই মাথা খাওার জন্য কোনো জাগা না পাওা যা
𑄝𑄚𑄳𑄦 𑄇𑄮𑄙 𑄇𑄧𑄣𑄬 𑄇𑄮𑄙𑄪𑄉𑄨 𑄚𑄧 𑄦𑄧𑄠𑄴 𑄥𑄨𑄝𑄬,.শুধু কথা বললে হয় না সে
𑄡𑄪𑄚𑄨 𑄟𑄪𑄘𑄴 𑄚𑄧 𑄜𑄪𑄢𑄳𑄆 𑄥𑄬 𑄇𑄮𑄙𑄚𑄨,যুক্তাক্ষর না শেষ হে সেই কথাগুলো
𑄃𑄪𑄘𑄧𑄚𑄬𑄠𑄬 𑄇𑄮𑄙 𑄇𑄧𑄣𑄬 𑄉𑄮𑄛𑄴𑄳𑄠𑄧 𑄇𑄧𑄚𑄴 𑄥𑄨𑄝𑄬,উপরে কথা বললে খুশি হ না সে
𑄇𑄧𑄚𑄧 𑄎𑄧𑄚𑄴 𑄖 𑄇𑄮𑄙𑄚𑄨 𑄈𑄎𑄧𑄖𑄴 𑄚𑄧 𑄃𑄚𑄧𑄚𑄴 ।,কোন ব্যক্তি তার কথাগুলো গ্রাহ্য করে না
"𑄣𑄪𑄘𑄪𑄉𑄴 𑄉𑄮𑄢𑄳𑄦𑄨 𑄉𑄪𑄚𑄧𑄢𑄴 𑄇𑄮𑄙, 𑄌𑄮𑄉𑄴",".লম্বা লম্বা লম্বা কথা,চোখগুলো বড় বড় কথা"
"𑄈𑄪𑄣𑄨 𑄘𑄨 𑄟𑄧𑄚𑄧𑄢𑄴 𑄇𑄮𑄙, 𑄟𑄨𑄙𑄬 𑄉𑄮𑄢𑄳𑄦𑄨 𑄇𑄳𑄆𑄮𑄚𑄬","খুলি দিে মনের কথা,মিষ্টি কথা"
𑄡𑄪𑄚𑄨 𑄟𑄚𑄪𑄌𑄴 𑄟𑄮𑄎𑄬 𑄗𑄮𑄠𑄴-,যতগুলো মানুষ মেে রাখে
"𑄑𑄚𑄨 𑄃𑄚𑄨 𑄘𑄬 𑄟𑄧𑄚𑄧𑄢𑄴 𑄢𑄧𑄎𑄴, 𑄟𑄧𑄚𑄧𑄢𑄴 𑄌𑄮𑄇𑄴𑄪𑄚𑄴 𑄈𑄪𑄣𑄨 𑄘𑄨","টানি এনে মনের র, মনের চোখগুলো বন্ধ করে দাও"
𑄃𑄏 𑄥𑄧𑄝𑄧𑄚𑄴 𑄎𑄉𑄳𑄆𑄬 𑄘𑄳𑄆𑄨𑄚𑄬 𑄛𑄧𑄘𑄴 𑄘𑄬𑄉𑄬,আগুনটা দাউ দাউ করে জ্বলতেছে
𑄘𑄨 𑄇𑄧𑄠𑄴-,দুই কা
𑄃𑄬 𑄥𑄨𑄝𑄬 𑄖𑄬 𑄖𑄪𑄎𑄨𑄟𑄴 𑄛𑄪𑄢𑄧 𑄘𑄮𑄣𑄴 𑄇𑄮𑄙𑄪𑄉𑄨 𑄦𑄧𑄠𑄴 ।,এই সে তো পুরো সুন্দর কথা বলতেছে
𑄝𑄚𑄳𑄦 𑄇𑄟𑄴 𑄉𑄮𑄢𑄳𑄦𑄨𑄣𑄬 𑄇𑄟𑄴𑄮 𑄚𑄧𑄠𑄴 𑄥𑄨𑄝𑄬 𑄡𑄪𑄚𑄨,শুধু কাজ করলে কাজ হবে না সে
𑄥𑄬 𑄇𑄟𑄚𑄨 𑄖𑄢𑄴 𑄦𑄧𑄠𑄴 𑄃𑄧𑄞𑄣𑄬𑄖𑄴𑄗𑄳𑄠- 𑄉𑄧𑄢𑄴𑄞𑄬𑄣𑄴𑄳𑄠-,সে কাজ তার হেছে-বেেছে
𑄏𑄮𑄢𑄮𑄇𑄴 𑄦𑄎𑄢𑄴 𑄥𑄨𑄃𑄧𑄖𑄴 𑄊𑄟𑄴 𑄦𑄮𑄇𑄴 𑄦𑄎𑄢𑄴 𑄘𑄪𑄊𑄴,এক হাজার টাকা দিে হাজার টাকা হ
𑄃𑄬𑄇𑄴 𑄛𑄮𑄎𑄬𑄃𑄮 𑄘𑄟𑄴 𑄡𑄪𑄚𑄨 𑄚𑄧 𑄃𑄬𑄡𑄬 𑄥𑄨𑄃𑄧𑄖𑄴 ।,এক পোজেও দাম যোগা না সেটা
𑄡𑄬 𑄇𑄟𑄚𑄨 𑄟𑄧𑄚𑄴 𑄔𑄣𑄨 𑄘𑄨 𑄇𑄧𑄚𑄧 𑄇𑄨𑄖𑄴𑄳𑄠𑄬 𑄚𑄧 𑄦𑄣𑄳𑄆𑄬,যে কামি মন ঢালিে দিে কোনো কিছু হবে না
𑄏𑄧𑄢𑄴 𑄝𑄮𑄠𑄳𑄠𑄢𑄴 𑄃𑄬𑄣𑄬 𑄃𑄬𑄡𑄮𑄇𑄴 𑄇𑄧𑄚𑄧 𑄇𑄨𑄌𑄴𑄪 𑄚𑄧 𑄓𑄮𑄮𑄢𑄳𑄆𑄬,ঝের বাতাস আসলে একটাও পে না
𑄚𑄨𑄎𑄧 𑄞𑄣𑄬𑄘𑄴 𑄛𑄧𑄢𑄧 𑄞𑄣𑄬𑄘𑄴 𑄦𑄃𑄮𑄎𑄴 𑄉𑄮𑄢𑄳𑄦𑄨 𑄢𑄨𑄚𑄨,নিজের ভালোর জন্য অন্যের ভালো হে নেচে নেচে
"𑄦𑄏𑄨 𑄚𑄉𑄧𑄢𑄴, 𑄥𑄪𑄊𑄴 𑄃𑄚𑄨","হাি নাগর,সুগন্ধি আনি"
𑄃𑄬 𑄥𑄨𑄝𑄬𑄢𑄬 𑄖𑄬 𑄎𑄧𑄘𑄧𑄝𑄧𑄘𑄬 𑄉𑄧𑄟𑄴 𑄇𑄟𑄴𑄳𑄠𑄧 𑄇𑄧𑄠𑄴 ।,সে অনেক ভালো কাজ করে
"𑄃𑄇𑄴𑄧𑄣𑄴𑄳𑄠 𑄚𑄧 𑄦𑄧𑄠𑄴 𑄥𑄨𑄝𑄬 𑄝𑄚𑄳𑄦 𑄝𑄨, 𑄃𑄬, 𑄃𑄬𑄟𑄴, 𑄃𑄬 𑄦𑄧𑄣𑄬",".আক্কেল হ না সে শুধু বি, এ, এ, এরকম হলে"
𑄡𑄪𑄚𑄨 𑄚𑄧 𑄍𑄨𑄘𑄬 𑄥𑄨𑄖𑄴𑄪𑄚𑄴 𑄥𑄮𑄘𑄴𑄳𑄠 𑄜𑄪𑄣𑄧 𑄝𑄎𑄴 −,যোগা না রেখে সেখান থেকে ফুলের সুগন্ধ বের হ
𑄟𑄚𑄴𑄎𑄳𑄠 𑄘𑄬𑄣𑄬 𑄡𑄪𑄚𑄨 𑄊𑄨𑄚𑄚𑄴 𑄓𑄧𑄢𑄬 𑄉𑄬𑄣𑄬 𑄙𑄳𑄆𑄬,মাটি দো দিলে ঘিনটা ভে যা
𑄥𑄨𑄠𑄬𑄚𑄴 𑄇𑄧𑄚𑄧 𑄥𑄨𑄈𑄴𑄳𑄠𑄧 𑄚𑄧 𑄦𑄧𑄠𑄴- 𑄚𑄧 𑄦𑄧𑄠𑄴 𑄥𑄨𑄈𑄴𑄳𑄠𑄧𑄢𑄴 𑄃𑄢𑄪𑄉𑄴,.সেটা কোনো সেটা হনা-সেটা হনা আর
𑄥𑄬 𑄃𑄢𑄪𑄇𑄴𑄇𑄚𑄴 𑄦𑄬𑄟𑄚𑄧𑄢𑄴 ।,সে আরও বেশি হছে
𑄉𑄧𑄟𑄴 𑄃𑄇𑄴𑄧𑄣𑄴𑄳𑄠 𑄦𑄧𑄣𑄬 𑄖𑄬 𑄚𑄧 𑄘𑄬𑄊𑄠𑄴 𑄟𑄚𑄴𑄎𑄳𑄠𑄧𑄢𑄬,ভালো মানুষ হলে সে দেখে না
"𑄡𑄨𑄘𑄴𑄪𑄢𑄴 𑄦𑄧𑄝𑄧 𑄦𑄮𑄇𑄴 𑄇𑄖𑄴,",যত ব হে হোক কাত
𑄞𑄚𑄴𑄎𑄳𑄠 𑄇𑄟𑄴𑄳𑄆𑄮 𑄟𑄚𑄪𑄌𑄴 𑄗𑄮𑄉𑄳𑄆𑄬 𑄚𑄨𑄎𑄧𑄢𑄬 𑄚𑄧 𑄖𑄧𑄢𑄳𑄆,ব কাজ করা মানুষরা নিজের জন্য কিছুই করতে পারে না
𑄇𑄮𑄙𑄚𑄨 𑄇𑄧𑄠𑄴 𑄘𑄮𑄣𑄴 𑄉𑄮𑄢𑄳𑄦𑄨,কথা গুলো সুন্দর করিও
𑄇𑄮𑄌𑄴𑄛𑄚 𑄘𑄬 𑄝𑄬𑄇𑄴𑄪𑄚𑄧𑄢𑄬 𑄥𑄧𑄘𑄧𑄢𑄴 𑄘𑄬𑄊𑄠𑄴 𑄟𑄧𑄚𑄚𑄴,কোচান দিে সবাইকে দেখতে ইচ্ছে করে
𑄃𑄬𑄥𑄨𑄝𑄬 𑄃𑄧𑄠𑄴 𑄃𑄇𑄴𑄧𑄣𑄴𑄳𑄠 𑄥𑄨𑄃𑄧𑄖𑄴 𑄗𑄠𑄴 𑄞𑄧𑄎𑄧𑄟𑄚𑄴 ।,.সে এখনো আক্কেলহীন সেখানে থাকে
𑄃𑄇𑄴𑄧𑄣𑄴𑄳𑄠 𑄦𑄧𑄙𑄬 𑄥𑄬𑄚𑄬 𑄝𑄚𑄳𑄦 𑄘𑄋𑄳𑄦𑄧𑄢𑄴 𑄇𑄖𑄴𑄗𑄪𑄚𑄴 𑄚𑄧 𑄦𑄧𑄚𑄴,অগ্রহাণ হে তারপর ব হনা
𑄃𑄧𑄇𑄖𑄴 𑄇𑄧𑄟𑄴 𑄇𑄖𑄴𑄪𑄚𑄴𑄃𑄮 𑄦𑄧𑄣𑄬 𑄉𑄧𑄟𑄴 𑄃𑄇𑄴𑄧𑄣𑄴𑄳𑄠 𑄦𑄧𑄚𑄴 ।,.অকেকটা তরকারিও হলে ভালো হ
𑄝𑄬𑄇𑄴𑄪𑄚𑄬 𑄚𑄧 𑄦𑄧𑄚𑄴 𑄉𑄧𑄟𑄴 𑄟𑄪𑄢𑄪𑄝𑄴𑄨 𑄟𑄪𑄢𑄪𑄝𑄴𑄨 𑄦𑄧𑄣𑄬𑄠𑄳𑄠𑄧,সবাই ভালো মানুষ না হলে
𑄟𑄪𑄢𑄪𑄝𑄴𑄨 𑄦𑄧𑄣𑄬 𑄇𑄪𑄙𑄪𑄇𑄴𑄪𑄚𑄴 𑄦𑄧𑄚𑄴 𑄛𑄧𑄢𑄧 𑄟𑄙 𑄈𑄬𑄠𑄳𑄠 −,গুরুজন হলে কোথা গিে মাথা খেে যা
𑄖𑄪𑄣𑄴𑄝𑄨𑄎𑄴 𑄉𑄧𑄢𑄧𑄚𑄴 𑄝𑄬𑄖𑄪𑄣𑄴𑄝𑄨𑄎𑄴 𑄊𑄪𑄥𑄴 𑄈𑄳𑄆𑄬 𑄥𑄧𑄘𑄧𑄢𑄴 𑄝𑄳𑄆𑄬,তুলসি গাছ থেকে সব গুঁা গুঁি খেে শেষ হেছে
𑄃𑄧𑄎𑄧𑄣𑄪𑄚𑄴 𑄗𑄧𑄚𑄴 𑄥𑄨𑄢𑄳𑄦𑄬𑄖𑄴 𑄖𑄪𑄣𑄨 𑄚𑄨𑄎𑄮𑄃𑄪𑄚𑄴 𑄗𑄧𑄚𑄴 𑄉𑄢𑄬𑄭-,অসুুস্থ পা গুলো মাথা তুলে নিে যা
𑄃𑄘𑄟𑄴 𑄝𑄬𑄎𑄨 𑄌𑄉𑄣 𑄝𑄬𑄎𑄨 𑄘𑄋𑄳𑄦𑄧𑄢𑄧𑄖𑄴𑄪𑄚𑄴 𑄘𑄋𑄳𑄦𑄧𑄢𑄴 𑄦𑄧𑄚𑄴,গ্রামের সবাই একসাথে ব হেছে
𑄃𑄬 𑄥𑄨𑄃𑄪𑄚𑄧𑄢𑄬 𑄇𑄧𑄚𑄧 𑄘𑄨𑄚𑄴 𑄉𑄧𑄟𑄴 𑄟𑄪𑄢𑄪𑄝𑄴𑄨 𑄚𑄧 𑄇𑄧𑄚𑄴 ।,এই বাচ্চাগুলোকে কোনো দিন ভালো মানুষ বলে না
𑄛𑄧𑄢𑄧 𑄟𑄢𑄨𑄠𑄬 𑄚𑄧 𑄦𑄧𑄚𑄴 𑄇𑄧𑄚𑄧 𑄉𑄧𑄟𑄴 𑄟𑄪𑄢𑄪𑄝𑄴𑄨𑄠𑄬,পর মেরে কোনো ভালো মানুষ হ না
"𑄝𑄬𑄇𑄴𑄪𑄚𑄧 𑄃𑄨𑄙𑄪 𑄃𑄬𑄇𑄴𑄳𑄆𑄪 𑄗𑄚𑄴 𑄃𑄧𑄎𑄧𑄣𑄴 𑄃𑄢𑄴 𑄚𑄨𑄎𑄮,",সবাই এখানে একসাথে থাকে আর নিজের
𑄖𑄪𑄣𑄴𑄝𑄨𑄎𑄧𑄢𑄬 𑄝𑄬𑄖𑄪𑄣𑄴𑄝𑄨𑄎𑄴 𑄖𑄢𑄳𑄦 𑄉𑄮𑄖𑄴𑄗𑄇𑄴 𑄚𑄧𑄠𑄴,তুলসিকে বেতুলেছে তাদের ঘর
𑄑𑄬𑄋 𑄙𑄧𑄚𑄴 𑄇𑄢𑄳𑄦𑄨𑄈𑄳𑄆𑄬 𑄛𑄳𑄢𑄧𑄎𑄢𑄬 𑄚𑄧 𑄟𑄢𑄧𑄚𑄴,টাকা উপার্জন করে মানুষদের মারে না
𑄥𑄪𑄊𑄴-𑄘𑄪𑄊𑄴 𑄝𑄬𑄇𑄴𑄇𑄚𑄨 𑄈𑄪 𑄣𑄧𑄚𑄧 𑄖𑄢𑄳𑄦,.সুো-সুো সব পরিষ্কার করে তারা
𑄃𑄨𑄇𑄴𑄳𑄠𑄧𑄢𑄨 𑄟𑄚𑄪𑄌𑄴𑄪𑄚𑄧𑄢𑄴 𑄉𑄧𑄟𑄚𑄨 𑄌𑄚𑄴 𑄡𑄪𑄚𑄨,এখনকার মানুষদের ভালো করে দেখতে হ
𑄃𑄬 𑄥𑄨𑄃𑄪𑄚𑄧𑄢𑄬 𑄟𑄚𑄴𑄎𑄳𑄠 𑄇𑄧𑄚𑄴 𑄉𑄧𑄟𑄴 𑄟𑄪𑄢𑄪𑄝𑄴𑄨 ।,এই বাচ্চাটাকে মেেটা কোন ভালো লোক
𑄝𑄚𑄳𑄦 𑄙𑄧𑄢𑄴𑄟𑄧 𑄇𑄮𑄙 𑄇𑄧𑄣𑄬 𑄙𑄧𑄢𑄴𑄟𑄨𑄇𑄴𑄧 𑄚𑄧 𑄦𑄧𑄠𑄴 𑄥𑄨𑄝𑄬,শুধু ধর্ম কথা বললে ধর্ম হনা সে
𑄡𑄪𑄚𑄨 𑄥𑄧𑄠𑄴𑄥𑄉𑄧𑄥𑄳𑄠 𑄃𑄘𑄧𑄁 𑄇𑄎𑄧𑄢𑄴 𑄗𑄠𑄴 𑄖 𑄝𑄪𑄉𑄧𑄖𑄴 ।,এক জাতী শাকগুলো একদম মলা থাকে তার
𑄃𑄪𑄘𑄨𑄣𑄬 𑄝𑄪𑄘𑄴𑄧 𑄝𑄧𑄣𑄬 𑄝𑄪𑄘𑄴𑄧 𑄃𑄪𑄚𑄴𑄎𑄪𑄢𑄴 𑄟𑄪𑄃𑄧𑄖𑄴 𑄗𑄳𑄆𑄮,. উঠলে বুো বলে বুো মাথা রাখে
"𑄛𑄧𑄢𑄧 𑄙𑄧𑄚𑄧𑄢𑄴 𑄇𑄨𑄖𑄴𑄬 𑄡𑄪𑄚𑄨 𑄗𑄠𑄴 𑄘𑄋𑄳𑄦𑄧𑄢𑄴 𑄛𑄳𑄢𑄬𑄖𑄴,",".পরের ধনগুলো কোথা থাকে জানি না,"
"𑄦𑄬𑄢 𑄟𑄌𑄴 𑄈𑄬𑄘𑄧 𑄌𑄠𑄴 𑄣𑄪𑄉𑄬 𑄣𑄪𑄉𑄬 𑄟𑄢𑄨,",মাংস খাওার জন্য লুকিে লুকিে মারি
𑄙𑄧𑄢𑄴𑄟𑄧 𑄝𑄬𑄃𑄢𑄴 𑄉𑄧𑄢𑄳𑄦𑄬 𑄡𑄪𑄚𑄨 𑄇𑄨𑄃𑄮𑄁 𑄟𑄪𑄚𑄴𑄘𑄨𑄢𑄴 𑄛𑄪𑄎𑄨,ধর্ম বেশি করে শুধু পাহাের পূজা করে
𑄥𑄨𑄝𑄬 𑄇𑄧𑄚𑄧 𑄘𑄨𑄚𑄴 𑄙𑄧𑄢𑄴𑄟𑄨𑄇𑄴𑄧 𑄚𑄧𑄠𑄴 𑄥𑄨𑄝𑄬 𑄛𑄎𑄨𑄢 𑄉𑄮𑄢 ।,"সে কোনো দিন ধর্ম পালন করে না,সে পাজিা করে"
𑄙𑄧𑄢𑄴𑄟𑄨𑄇𑄴𑄧 𑄦𑄧𑄠𑄴 𑄥𑄨𑄝𑄬 𑄡𑄨𑄝𑄬𑄢𑄴 𑄇𑄮𑄙𑄚𑄨,ধর্মী হওা সে যতগুলো কথা বলে
𑄥𑄪𑄚𑄨 𑄟𑄚𑄴𑄎𑄳𑄠𑄧𑄢𑄴 𑄛𑄧𑄢𑄚𑄴 𑄎𑄪𑄢𑄳𑄆 𑄎𑄪𑄢𑄳𑄆 𑄟𑄧𑄚𑄴 𑄌𑄨𑄖𑄴-,শোনা মাার মন জুে জুেছে মন
"𑄡𑄨𑄝𑄬𑄢𑄴 𑄟𑄧𑄚𑄧𑄖𑄴 𑄛𑄳𑄢𑄬𑄖𑄴, 𑄃𑄨𑄁𑄉𑄢𑄴 𑄥𑄪𑄖𑄴𑄗𑄪𑄢𑄴-𑄟𑄨𑄖𑄴𑄪𑄢𑄴 𑄚𑄳𑄆𑄬","যে মনে ভূত,ঈর্ষার সুখ-দুঃখ নেই"
𑄝𑄧𑄢𑄴 𑄟𑄉𑄨 𑄘𑄬 𑄝𑄬𑄇𑄴𑄪𑄚𑄧𑄣𑄴𑄣𑄳𑄆 𑄉𑄧𑄟𑄴 𑄞𑄣𑄬𑄘𑄨 𑄌𑄳𑄆𑄬,বমাগি দো সবাই ভালো করে দেখে
𑄈𑄝𑄬𑄣𑄬𑄠𑄳𑄠𑄧 𑄝𑄬𑄎𑄴 𑄚𑄧 𑄈𑄠𑄴 𑄚𑄧 𑄣𑄧𑄠𑄴 𑄖𑄬 𑄘𑄨𑄣𑄬𑄠𑄳𑄠𑄧,খাওালে বেশি খা না সে দিলে
𑄥𑄧𑄙𑄧𑄢𑄴 𑄞𑄝𑄨 𑄝𑄬𑄇𑄴𑄪𑄚𑄴𑄳𑄆𑄮 𑄗𑄠𑄴 𑄦𑄏𑄨-𑄢𑄪𑄎𑄨 −,শক্ত ভাবে সবাই থাকে-কাজ করে
𑄟𑄧𑄚𑄬 𑄟𑄧𑄚𑄬 𑄞𑄧𑄉𑄧𑄝𑄚𑄴 𑄃𑄪𑄚𑄴𑄎𑄪𑄢𑄴 𑄎𑄪𑄝𑄨 𑄗𑄠𑄴,মনে হ মনে ভগবান উংশু বের হ
𑄚𑄧 𑄗𑄬𑄝𑄧 𑄖𑄢𑄴 𑄇𑄧𑄚𑄧 𑄖𑄨𑄢𑄮𑄏𑄴 𑄚𑄧 𑄖𑄮𑄉𑄬𑄝𑄧 𑄟𑄚𑄴 ।,"তার কোনো দুঃখ থাকবে না, তার কোনো দুঃখ থাকবে না"
𑄇𑄮𑄚𑄴𑄚 𑄇𑄧𑄚𑄴 𑄙𑄮𑄇𑄴𑄈𑄳𑄠𑄚𑄴 𑄃𑄨𑄇𑄴𑄬 𑄝𑄬𑄇𑄴𑄪𑄚𑄴 𑄃𑄟𑄨 𑄘𑄬𑄊𑄨𑄣𑄧𑄁,কোন কোন ধোঁাগুলো এখন আমরা দেখলাম
𑄇𑄪𑄝𑄮𑄚𑄴 𑄦𑄧𑄝𑄧𑄁 𑄃𑄨𑄇𑄴𑄬 𑄃𑄟𑄨 𑄘𑄮𑄣𑄴 𑄚 𑄘𑄮𑄣𑄴 𑄚𑄳𑄆𑄬𑄠𑄚𑄴?,.আজকে আমরা সুন্দর নাকি সুন্দর নেই?
𑄝𑄬 𑄣𑄳𑄆𑄮 𑄃𑄟𑄨 𑄡𑄨𑄠𑄬𑄚𑄴 𑄘𑄮𑄣𑄴 𑄞𑄣𑄬𑄘𑄨 𑄃𑄟𑄢𑄴 𑄡𑄨𑄠𑄬𑄚𑄴,বোই করে আমরা ভালো করে ভালো করে থাকি
𑄡𑄨𑄠𑄬𑄚𑄳𑄆𑄮 𑄃𑄬𑄝𑄧 𑄃𑄟 𑄟𑄧𑄚𑄧𑄖𑄴 𑄏𑄘𑄨𑄟𑄘𑄨 𑄥𑄪𑄇𑄴𑄈𑄚𑄴 −,.যেটা এখন আমাদের মন ঝাু দে
𑄘𑄮𑄣𑄬 𑄗𑄘𑄮𑄇𑄴 𑄛𑄮-𑄍𑄃𑄪𑄚𑄬 𑄗𑄘𑄮𑄇𑄴 𑄘𑄋𑄳𑄦𑄧𑄢𑄴 𑄥𑄪𑄊𑄧𑄖𑄴,ভালোভাবে থাকা ছেলে-মেয়েরা ব ব করে
𑄥𑄨𑄖𑄴𑄪𑄚𑄴 𑄗𑄘𑄮𑄇𑄴 𑄘𑄮𑄣𑄬 𑄃𑄢𑄧 𑄚𑄘𑄨𑄚𑄴 𑄛𑄪𑄘𑄨𑄚𑄴 𑄥𑄪𑄘𑄨𑄚𑄪𑄚𑄴 ।,.তার থেকে দিনগুলো ভালো আর নাতি নাতনিরা ভালো
𑄞𑄝𑄧𑄢𑄴 𑄇𑄨𑄖𑄴𑄳𑄆𑄬 𑄟𑄨𑄎𑄬 𑄉𑄮𑄣𑄴𑄪𑄋𑄴 𑄎𑄨𑄁𑄇𑄚𑄨𑄠𑄚𑄴 𑄟𑄳𑄆𑄪 ?,মনের কি মিছামিছি জীবনটা আমি?
𑄛𑄬𑄝𑄬 𑄃𑄨𑄇𑄴𑄬 𑄘𑄮𑄣𑄴 𑄉𑄮𑄢𑄳𑄦𑄨𑄚𑄬 𑄌 𑄃𑄨𑄃𑄧𑄖𑄴 𑄖𑄳𑄆𑄪-,.পেকে এখন সুন্দর করে চাচ্ছো তুমি
"𑄛𑄧𑄘𑄧 𑄛𑄎𑄢𑄖𑄴, 𑄘𑄮𑄚-𑄊𑄮𑄚𑄖𑄴, 𑄇𑄧𑄣𑄧𑄉𑄴 𑄟𑄮𑄚𑄴-𑄟𑄪𑄢𑄧𑄖𑄴","পদচিহ্নে,দোনা-ঘোরে,কলক পাহাে,কলক পাহাে"
𑄇𑄧𑄙𑄧𑄇𑄴 𑄉𑄌𑄴 𑄉𑄎𑄢𑄳𑄦 𑄦𑄬𑄣 𑄜𑄬𑄣𑄖𑄴 𑄢𑄮𑄠𑄳𑄠𑄧𑄚𑄴 𑄃𑄪𑄢𑄳𑄦𑄧 𑄟𑄢𑄖𑄴,কতগুলো গাছের গাে রোদ পেছে
𑄥𑄬 𑄉𑄌𑄴𑄪𑄚𑄬 𑄟𑄧𑄚𑄧 𑄘𑄪𑄊𑄬 𑄡𑄚𑄴𑄳𑄆𑄮 𑄝𑄬𑄇𑄴𑄪𑄚𑄴 𑄟𑄪𑄢𑄨 !,সেই গাছ গুলো মন খারাপ করে চলে যা
𑄚𑄇𑄨 𑄃𑄢𑄧 𑄘𑄮𑄣𑄴 𑄉𑄮𑄢𑄳𑄦𑄨𑄚𑄬 𑄃𑄪𑄉𑄪𑄢𑄬 𑄃𑄪𑄙𑄧𑄚𑄴 𑄜𑄪𑄢𑄨 ?,. নাকি আরও সুন্দর করে উপরে উঠতেছে?
"𑄚, 𑄚𑄧 𑄟𑄧𑄢𑄧𑄚𑄴 𑄖𑄢𑄳𑄦 𑄇𑄧𑄚𑄧 𑄈𑄬𑄝𑄴 𑄟𑄧𑄚𑄧 𑄘𑄪𑄊𑄧𑄖𑄴 𑄗𑄳𑄆𑄬","না,মারা যাওা তারা কোন খোল মনের দুঃখে থাকে"
𑄃𑄪𑄘𑄧𑄚𑄴 𑄃𑄢𑄧 𑄘𑄨𑄉𑄴 𑄟𑄬𑄣𑄨𑄚𑄳𑄠𑄳𑄆 𑄦𑄏𑄨 𑄦𑄏𑄨 𑄌𑄳𑄆𑄬।,উন আর দিগ্ মেে হেঁটে হেঁটে
𑄌𑄳𑄆𑄬𑄚𑄨 𑄃𑄟𑄨 𑄟𑄪𑄢𑄧𑄖𑄴 𑄛𑄪𑄢𑄨 𑄖𑄢𑄳𑄦 𑄇𑄧𑄖𑄴𑄧𑄟𑄚𑄴 𑄘𑄢𑄪,চেইনিে আমি লুকিে তাদের অনেক সুনাম করি
𑄛𑄧𑄢𑄚𑄴 𑄝𑄧𑄣𑄣𑄴𑄣𑄳𑄆 𑄖𑄢𑄳𑄦 𑄉𑄪𑄚𑄚𑄨 𑄇𑄧𑄖𑄴𑄧𑄟𑄚𑄴 𑄃𑄊𑄬 𑄉𑄢𑄪 ?,প্রাণটা বললে তাদের গুনগুলো কেমন আছে?
𑄣𑄉𑄴 𑄦𑄧𑄣𑄬 𑄖𑄬 𑄇𑄨𑄏𑄨𑄇𑄨𑄥𑄴𑄳𑄠 𑄃𑄉𑄧𑄣𑄴-𑄛𑄉𑄧𑄣𑄴 𑄦𑄳𑄆𑄮,. লাগা লাগলে সে পাগল হ
𑄖𑄮𑄉 𑄙𑄪𑄢𑄨 𑄘𑄮𑄣𑄴 𑄉𑄮𑄢𑄳𑄦𑄨𑄚𑄳𑄠𑄳𑄆 𑄡𑄧𑄖𑄴𑄧𑄚𑄴 𑄉𑄮𑄢𑄳𑄦𑄨 𑄣𑄳𑄆𑄮 ।,তরকারির পাশ দিে সুন্দর করে তরকারি বানানো হ
𑄑𑄨𑄊𑄴 𑄥𑄬 𑄙𑄧𑄇𑄴𑄳𑄠𑄚𑄴 𑄖𑄧 𑄉𑄪𑄚𑄚𑄨 𑄡𑄮𑄇𑄴𑄳𑄆𑄮 𑄃𑄨𑄇𑄴𑄬 𑄉𑄢,.এত ব তোমার গুণগুলো যতগুলো আছে
𑄟𑄧𑄚𑄴 𑄚𑄧 𑄞𑄋𑄨 𑄟𑄪𑄢𑄬 𑄟𑄪𑄢𑄬 𑄛𑄣𑄴𑄬 𑄃𑄢𑄧 𑄝𑄢𑄳𑄦 ।,মন না ভেঙে গোপনে পলে আবার বো
𑄃𑄬𑄇𑄴 𑄈𑄬𑄝𑄴 𑄘𑄬𑄝𑄬 𑄖𑄧 𑄉𑄪𑄚𑄚𑄨 𑄘𑄢𑄪 𑄦𑄳𑄆𑄮𑄚𑄬 𑄣𑄉𑄨𑄝𑄧,এক খেপ দিে তোমার গুণগুলো ঔষুধ হিসেবে লাগবে
𑄃𑄬 𑄥𑄬𑄇𑄴𑄬 𑄖𑄬 𑄖𑄧 𑄚𑄋𑄚𑄴 𑄝𑄮𑄠𑄳𑄠𑄢𑄧 𑄙𑄮𑄇𑄴𑄳𑄠𑄚𑄴 𑄍𑄨𑄘𑄨𑄝𑄧 ।,এখন সে তোমার নাার ধোঁাটা ছিঁে ফেলবে
𑄌𑄬𑄢𑄴 𑄇𑄨𑄖𑄴𑄳𑄠 𑄦𑄧𑄝𑄧 𑄎𑄧𑄠𑄴 𑄎𑄮𑄠𑄢𑄴 𑄖𑄧𑄣𑄴𑄳𑄆𑄮 𑄉𑄮𑄢𑄳𑄦𑄨 𑄝𑄢𑄴,চের তলানিে গিে যাচ্ছে
𑄥𑄬𑄇𑄴𑄬 𑄦𑄮𑄝𑄇𑄴 𑄖𑄢𑄳𑄦 𑄃𑄎𑄢𑄳𑄦 𑄝𑄚𑄳𑄦 𑄖𑄳𑄆𑄪 𑄦𑄧𑄝𑄬 𑄥𑄢𑄴 ।,কিছুক্ষণ পর তারা আসবে আর তুমি হবে সার
𑄜𑄪𑄣𑄴 𑄍𑄧𑄢𑄣𑄳𑄆𑄮 𑄞𑄮𑄢𑄬 𑄘𑄨𑄝𑄇𑄴 𑄖𑄳𑄆𑄪 𑄉𑄬𑄣𑄬𑄉𑄳𑄆𑄮 𑄟𑄪𑄢𑄨,.ফুল ছেে ভোরের আলো ফোটার সম তুমি গেলে মাি
𑄛𑄪𑄖𑄴𑄨 𑄝𑄧𑄎𑄧𑄢𑄴 𑄥𑄪𑄢𑄧𑄚𑄴 𑄉𑄮𑄢𑄳𑄦𑄨𑄝𑄇𑄴 𑄖𑄧 𑄉𑄪𑄚𑄚𑄨 𑄙𑄪𑄢𑄨 ।,.পুে বছর সুর বের হেছে তোমার গুনগুলো থেকে
𑄥𑄬𑄇𑄴𑄬 𑄗𑄬𑄝𑄬 𑄟𑄚𑄴𑄎𑄳𑄠 𑄃𑄨𑄙𑄪 𑄘𑄬𑄝𑄬𑄘 𑄙𑄮𑄇𑄴𑄳𑄠𑄚𑄴 𑄦𑄳𑄆𑄮,কিছুক্ষণ পর পর মানুষরা এখানে দেবতার মতো হ
𑄃𑄪𑄟𑄧𑄢𑄴 𑄃𑄪𑄟𑄧𑄢𑄴 𑄗𑄬𑄝𑄬 𑄝𑄎𑄨 𑄃𑄧𑄟𑄧𑄢𑄴 𑄉𑄮𑄢𑄳𑄦𑄨 𑄢𑄳𑄆𑄮 ।,উু উু করে বেঁচে থাকে
𑄡𑄨𑄝𑄳𑄆𑄬 𑄚𑄧 𑄍𑄉𑄬,যেখানে সেখানে পে না
𑄃𑄢𑄴𑄥𑄣𑄴𑄳𑄠𑄧 𑄦𑄧𑄣𑄬𑄠𑄳𑄠𑄧 𑄇𑄮𑄙𑄚𑄨,আরাল হলে কথা বলে
𑄖𑄢𑄳𑄦𑄬 𑄝𑄧𑄎𑄧𑄋𑄴 𑄚𑄧 𑄞𑄝𑄨𑄥𑄴,তাকে বসে চিন্তা করিও না
𑄘𑄮𑄣𑄴 𑄉𑄮𑄢𑄳𑄦𑄨𑄚𑄬 𑄢𑄨𑄚𑄨 𑄚𑄧 𑄌𑄳𑄆𑄬,সুন্দর সুন্দর করে তাকিে না
𑄞𑄚𑄴𑄎𑄳𑄠 𑄌𑄮𑄇𑄴𑄳𑄆𑄮 𑄚𑄧 𑄟𑄝𑄨𑄥𑄴 ।,বাঁশটা চোখ দিে মাা যা না
𑄇𑄧𑄟𑄴 𑄇𑄮𑄙 𑄇𑄧𑄠𑄴 𑄡𑄨𑄝𑄬,কত কথা বলে যাবে
𑄘𑄮𑄣𑄬 𑄍𑄉𑄨 𑄇𑄧𑄠𑄴 ।,ভালোভাবে ছাা বলে
𑄈𑄢𑄠𑄴 𑄚𑄧 𑄌𑄮𑄎𑄴𑄬𑄥𑄴 𑄖𑄢𑄳𑄦𑄬 𑄖𑄳𑄆𑄪,.তাকে খেলা দেখিও না তুমি
𑄡𑄨𑄝𑄬 𑄣𑄢𑄬 𑄇𑄟𑄴 𑄉𑄧𑄢𑄳𑄦𑄬,যে বেশি কাজ করে
𑄦𑄧𑄣𑄬-𑄣𑄢𑄬 𑄦𑄧𑄣𑄬𑄠𑄳𑄠𑄧 𑄖 𑄇𑄟𑄚𑄴,. হলে-লেলিে হলে তার কামাই
𑄟𑄧𑄚𑄬 𑄛𑄎𑄨𑄠𑄬 𑄉𑄧𑄢𑄳𑄦𑄬 ।,মনে পে
𑄈𑄮𑄖𑄴𑄗𑄣𑄴-𑄎𑄨𑄠𑄬𑄣𑄴 𑄦𑄧𑄣𑄬𑄠𑄳𑄠𑄧 𑄖𑄢𑄳𑄦𑄬,খোটাল-জিাল হলে তাকে
𑄈𑄢𑄠𑄴 𑄚𑄧 𑄞𑄝𑄨𑄥𑄴 𑄇𑄪𑄖𑄴𑄪𑄢𑄨,খেলা চিন্তা করিও না কুত্তি
𑄦𑄧𑄣𑄬 𑄦𑄳𑄆𑄮 𑄛𑄢𑄬 𑄖 𑄟𑄧𑄚𑄚𑄴𑄃𑄮,তার মনের ইচ্ছা পূরণ করতে পারে
𑄟𑄨𑄙𑄬 𑄟𑄪𑄙𑄪 𑄟𑄨𑄥𑄴𑄨𑄢𑄨 ।,মিষ্টি মেে
𑄓𑄮𑄢𑄬𑄝 𑄖𑄳𑄆𑄪 𑄇𑄢𑄳𑄦𑄬 −,দৌাদৌি তুমি কাকে-কে
𑄡𑄨𑄝𑄬𑄢𑄴 𑄇𑄮𑄙𑄚𑄨𑄖𑄴 𑄟𑄨𑄙𑄬 𑄟𑄧𑄙𑄪 𑄃𑄧𑄚𑄴𑄎𑄪𑄢𑄴 𑄏𑄪𑄢𑄨 𑄛𑄧𑄢𑄨,যত ব মেে মধু পে
𑄉𑄮𑄣𑄠𑄴 𑄛𑄧𑄢𑄚𑄴 𑄌𑄨𑄘𑄴,গোলা দিে পা
𑄡𑄨𑄝𑄬𑄢𑄴 𑄦𑄧𑄝𑄧 𑄣𑄮𑄝𑄨𑄠𑄧𑄖𑄴𑄖𑄚𑄨,"যত ব হেছে, তত ব হছে"
𑄛𑄧𑄢𑄚𑄴 𑄙𑄳𑄆𑄮 𑄈𑄝𑄳𑄆 𑄥𑄧𑄁,পরানটা ধুে খাওার সম
"𑄦𑄧𑄣𑄬, 𑄥𑄨𑄝𑄬𑄢𑄴 𑄟𑄧𑄚𑄚𑄴 𑄇𑄎𑄧𑄢𑄴 𑄦𑄳𑄆𑄮 𑄛𑄢𑄬",. তার মনটা মলা হতে পারে
𑄝𑄢𑄳𑄦𑄬𑄘𑄨 𑄘𑄬𑄊𑄧𑄢𑄴 𑄢𑄧𑄋𑄴 ।,বোই দো রং
𑄃𑄧𑄟𑄧𑄇𑄧𑄘𑄧 𑄥𑄧𑄘𑄧𑄢𑄴 𑄦𑄳𑄆𑄮𑄚𑄬,অনেক সম হে
𑄡𑄨𑄝𑄬 𑄉𑄧𑄟𑄴 𑄈𑄮𑄣𑄬𑄝𑄢𑄴 𑄌𑄳𑄆,.যেতে ভালো হবে সে চোখ বন্ধ করে
𑄦𑄧𑄣𑄬 𑄥𑄨𑄝𑄬𑄢𑄴 𑄟𑄧𑄚𑄧𑄖𑄴 𑄝𑄬𑄇𑄴𑄪𑄚𑄧𑄖𑄴𑄪𑄚𑄴,.সে মনে হলে সবার থেকে মনে হ
𑄇𑄪𑄝𑄪𑄘𑄴𑄨 𑄝𑄬𑄎𑄴 𑄗𑄠𑄴 ।,.কুকুরটা বেে থাকে
𑄝𑄬𑄎𑄴 𑄇𑄮𑄙 𑄦𑄧𑄠𑄴 𑄡𑄨𑄝𑄬,বোই কথা বলতে হবে
𑄖𑄢𑄬𑄃𑄮 𑄖𑄳𑄆𑄪 𑄓𑄮𑄢𑄬𑄥𑄴,তাকে তুমি বেঁধে রাখো
"𑄉𑄧𑄟𑄴, 𑄘𑄮𑄣𑄴, 𑄇𑄮𑄙, 𑄇𑄟𑄚𑄨","ভালো,সুন্দর,কথা,কথা,কাজ"
𑄛𑄧𑄣𑄴𑄬 𑄖𑄖𑄴𑄗𑄪𑄚𑄴 𑄞𑄢𑄬𑄥𑄴 ।,পলে তার থেকে ভাত বের হ
𑄇 𑄇𑄮𑄙 𑄇𑄢𑄳𑄦𑄬 𑄇𑄧𑄢𑄴,এক জাতী কথা বলে
𑄑𑄨𑄊𑄴 𑄚𑄳𑄆𑄬 𑄇𑄧𑄇𑄴𑄬 𑄇𑄪𑄝𑄮𑄖𑄴,টিকি নেই কখন কোথা
𑄙𑄧𑄉𑄬 𑄚𑄧 𑄦𑄧𑄣𑄬 𑄖𑄧 𑄜𑄮𑄃𑄨𑄢𑄬,ধলে না হলে তোমার ফোসকা পরে
𑄝𑄬𑄇𑄴 𑄉𑄮𑄢𑄳𑄦𑄨𑄝𑄧 𑄃𑄪𑄞𑄮𑄘𑄴 ।,সব গিে উঠেছে
𑄥𑄨𑄝𑄬 𑄇𑄳𑄆𑄮 𑄟𑄪𑄖𑄴𑄪𑄚𑄨 𑄟𑄨𑄎𑄬 𑄟𑄘𑄬,সে তো পাহাের নিচ দিে মেে মারে
𑄛𑄧𑄢𑄧 𑄦𑄬𑄎𑄣𑄴 𑄈𑄟𑄴 𑄚𑄧 𑄈𑄠𑄴,পরান্নের কাজ খা না
𑄙𑄧𑄉𑄬 𑄚𑄧 𑄦𑄧𑄣𑄬 𑄊𑄪 𑄣𑄨𑄝𑄨 𑄘𑄨,ধলে না হলে ঘুলিে দিবে
𑄃𑄮𑄟𑄳𑄦 𑄗𑄮𑄉𑄖𑄴 𑄜𑄬𑄣𑄠𑄴 ।,. সেগুলো স্তুপাকারে ফেলা হ
𑄉𑄨𑄠𑄬𑄚𑄨 𑄌𑄬𑄘𑄠𑄴 𑄜𑄮𑄌𑄴𑄳𑄠 𑄌𑄬𑄘𑄠𑄴,গিেগুলো ফোসকা পেছে
𑄃𑄉 𑄉𑄮𑄢 𑄚𑄧 𑄝𑄪𑄏𑄨,আগার গোা বুঝি না
"𑄦𑄧𑄣𑄬, 𑄡𑄨𑄠𑄬𑄚𑄴 𑄚𑄧 𑄉𑄧𑄢𑄬 𑄥𑄨𑄠𑄬𑄚𑄴 𑄇𑄧𑄠𑄴",১. যা করে সেটা করে না ২. যেটা করে সেটা করে
𑄡𑄬𑄇𑄴𑄬 𑄡𑄨𑄠𑄬𑄚𑄴 𑄈𑄪𑄏𑄨 ।,যখন তখন
𑄖𑄧 𑄟𑄪𑄎𑄪𑄋𑄧𑄖𑄴 𑄛𑄧𑄢𑄧 𑄇𑄪𑄖𑄴𑄪𑄢𑄨,তোমার মুখে পর কুটিকুটি
𑄡𑄨𑄝𑄬 𑄃𑄪𑄚𑄴𑄎𑄪𑄢𑄴 𑄟𑄘𑄬,এক জাতী উকুন
𑄖𑄢𑄬𑄃𑄮 𑄖𑄳𑄆𑄪 𑄓𑄮𑄢𑄬𑄥𑄴 𑄃𑄬𑄇𑄴𑄇,তাকে একটু গোসল করো তো
𑄗𑄬𑄥𑄴 𑄦𑄧𑄙𑄬-𑄟𑄧𑄘𑄬 ।,পাখানা হেছে
𑄘𑄨 𑄃𑄬𑄇𑄴𑄇𑄚𑄴 𑄇𑄮𑄙 𑄇𑄧𑄥𑄴 𑄡𑄪𑄚𑄨,দুটি একটি কথা বলতেছি
𑄖 𑄇𑄮𑄙𑄚𑄨 𑄟𑄨𑄙𑄬 𑄛𑄳𑄆𑄬,তার কথাগুলো মিষ্টি লাগে
"𑄦𑄧𑄣𑄬, 𑄖𑄖𑄴𑄗𑄪𑄚𑄴 𑄝𑄢𑄳𑄦 𑄣𑄉𑄧𑄖𑄴 𑄛𑄬𑄣𑄬",". তার থেকে ব লাগতেছে, তার থেকে বেশি লাগবে"
𑄖𑄢𑄳𑄦𑄬 𑄘𑄨𑄝𑄧𑄉𑄳𑄆𑄮 𑄥𑄪𑄚𑄳𑄆𑄬 ।,তাকে দুইজনে শুনে
𑄃 𑄚𑄧 𑄦𑄧𑄣𑄬 𑄖𑄳𑄆𑄘𑄪 𑄘𑄮𑄣𑄬 𑄖𑄧𑄢𑄳𑄦𑄬 𑄇𑄪𑄖𑄴𑄪𑄢𑄨 𑄟𑄘𑄨,সে না হলে তো তোমাকে কুত্তির মাটি দিে কুত্তির মাটি
𑄥𑄧𑄙𑄧𑄢𑄴 𑄦𑄧𑄝𑄧 𑄘𑄮𑄣𑄴 𑄉𑄮𑄢𑄳𑄦𑄨𑄚𑄬,.সুন্দর হবে সুন্দর করে
𑄖𑄧𑄢𑄳𑄦𑄬 𑄊𑄘𑄨 𑄊𑄘𑄨 ।,"তোমাকে খুঁজতে খুঁজতে, তোমাকে খুঁজতে"
𑄦𑄧𑄣 𑄖𑄣𑄴𑄳𑄆𑄮 𑄝𑄬𑄎𑄢- 𑄝𑄬𑄎𑄬𑄢𑄨,হিংসুটে বোরা- বোই
𑄖𑄬 𑄈𑄮𑄣𑄬𑄣𑄧 𑄉𑄧𑄟𑄴,সে খুললো ভালো
𑄙𑄧𑄉𑄬 𑄚𑄧 𑄦𑄧𑄣𑄬 𑄇𑄮𑄎𑄴𑄳𑄠 𑄝𑄎𑄳𑄆𑄬,.ঠিকমতো না হলে কোা বেজে যা
𑄞𑄋𑄨 𑄜𑄬𑄣𑄬𑄣 𑄟𑄧𑄚𑄴 ।,ভেঙে ফেললো মন
𑄃𑄬 𑄜𑄎𑄚𑄨 𑄃𑄟 𑄎𑄘𑄧𑄖𑄴,এই ছেঁা আমাদের সাথে
𑄈𑄟𑄇𑄴𑄇𑄳𑄆 𑄉𑄮𑄢𑄳𑄦𑄨 𑄃𑄊𑄬,অবশ্যই গোরি আছে
𑄝𑄬𑄇𑄪𑄥𑄴𑄳𑄠𑄖𑄴 𑄛𑄧𑄢𑄬 𑄥𑄨𑄝𑄬 𑄥𑄣𑄬𑄚𑄴,বেকুে পেছে সে
𑄟𑄚𑄪𑄌𑄴 𑄌𑄨𑄚𑄚,মানুষ চেনা
𑄃𑄨𑄇𑄴𑄬 𑄇𑄧𑄚𑄴𑄬 𑄟𑄚𑄪𑄌𑄴 𑄌𑄨𑄚𑄚,আজকে কোন মানুষ চেনা
𑄞𑄢𑄨 𑄃𑄊𑄖𑄴𑄳𑄠,ভারী জিনিস
𑄜𑄮𑄌𑄴𑄳𑄠𑄃𑄪𑄚𑄬 𑄇𑄧𑄚𑄴𑄬 𑄥𑄧𑄝𑄳𑄆 𑄚𑄧𑄠𑄴,ফোসকাগুলো বলে কিছুই না
𑄃𑄇𑄴𑄧𑄣𑄴 𑄘𑄳𑄆𑄨𑄚𑄬 𑄟𑄧𑄚𑄴𑄳𑄆𑄮 𑄌𑄬𑄣𑄬,আক্কেল দিে মন দিে দেখলে
𑄝𑄬𑄇𑄴𑄇𑄚𑄨 𑄛𑄠𑄴 𑄟𑄪𑄎𑄪𑄋𑄧𑄖𑄴,সবগুলো পাে পাে
𑄃𑄬𑄇𑄴𑄇𑄃𑄮 𑄘𑄪𑄢𑄧𑄖𑄴 𑄚𑄧𑄠𑄴 ।,একটুও দূরে না
𑄃𑄨𑄃𑄧𑄖𑄴 𑄚𑄧 𑄣𑄉𑄬 𑄢𑄨𑄙𑄴𑄘𑄨- 𑄟𑄧𑄚𑄴𑄘𑄧𑄢𑄴,এখানে লাগে না রিদি-মা
𑄉𑄧𑄞𑄨𑄚𑄴 𑄏𑄢𑄧𑄖𑄴 𑄡𑄳𑄆𑄬𑄚𑄬,গহীন জঙ্গলে যা
𑄜𑄪𑄉𑄨𑄢𑄴 𑄥𑄙𑄧𑄇𑄴 𑄦𑄧𑄚,.ফুলের সাধক হওা
𑄣𑄉𑄬 𑄝𑄚𑄳𑄦 𑄚𑄨𑄃𑄪𑄎𑄴 𑄉𑄮𑄢𑄳𑄦𑄨,লাগে শুধু নিউজ গোরি
𑄇𑄮𑄚 𑄇𑄪𑄚𑄨 𑄏𑄢𑄨 𑄏𑄢𑄨,কোনাকুনি ঝাি
𑄚𑄨𑄎𑄧𑄢𑄴 𑄟𑄪𑄢𑄚𑄴 𑄌𑄚 ।,নিজের মাথা চাা
𑄇𑄪𑄝𑄮𑄚𑄴 𑄉𑄧𑄟𑄴 𑄃𑄢𑄴,কোনটা ভালো আর কোনটা ভালো
𑄇𑄖𑄴𑄪𑄚𑄴 𑄇𑄨 𑄃𑄏 𑄉𑄧𑄢𑄳𑄦𑄬,কার্তিক মাস
𑄇𑄖𑄴𑄪𑄚𑄴 𑄇𑄨𑄋𑄪𑄢𑄨,কার্তিক মাস
𑄇𑄨 𑄛𑄬𑄘𑄧 𑄌𑄠𑄴 ।,কি পেট চাওা
𑄃𑄬 𑄃𑄨𑄠𑄬𑄚𑄴 𑄦𑄧𑄣𑄧 𑄟𑄪𑄢𑄴 𑄇𑄮𑄙𑄠𑄚𑄴,এইটা হলো আমার কথা
𑄃𑄢𑄴 𑄇𑄨𑄌𑄴𑄪 𑄚𑄧𑄠𑄴,আরও কিছু না
𑄝𑄬𑄇𑄴𑄇𑄚𑄨 𑄛𑄠𑄴 𑄃𑄨𑄃𑄧𑄖𑄴-,সবগুলো পাওা যা
𑄌 𑄚𑄧 𑄛𑄧𑄢𑄬 𑄛𑄨𑄖𑄴𑄗𑄨𑄟𑄨 𑄊𑄪𑄢𑄨,পৃথিবীতে ঘুরতে হ না
𑄘𑄋𑄳𑄦𑄧𑄢𑄴 𑄘𑄋𑄳𑄦𑄧𑄢𑄴 𑄉𑄪𑄢𑄪 𑄙𑄪𑄢𑄨,ব ব গুহা
𑄖𑄳𑄆𑄪 𑄡𑄨𑄠𑄬𑄚𑄨 𑄛𑄬𑄙𑄬 𑄌𑄥𑄴,তোমরা সেগুলো পেকে দেখ
𑄡𑄨𑄇𑄴𑄳𑄠𑄧𑄢𑄨 𑄖𑄳𑄆𑄪 𑄈𑄪𑄏𑄨 𑄦𑄧𑄥𑄴,"যত ব হও, তত ব হও"
𑄟𑄚𑄴𑄎𑄳𑄠𑄣𑄳𑄆𑄮 𑄥𑄨𑄇𑄴𑄬𑄚𑄴 𑄉𑄧𑄢𑄴,মাচান দিে সেলাই করে
𑄥𑄬𑄇𑄴𑄬 𑄟𑄚𑄴𑄎𑄳𑄠 𑄈𑄪𑄏𑄨 𑄦𑄳𑄆𑄮,এখন মাা পরিষ্কার হ
𑄃𑄬𑄝𑄇𑄴 𑄖𑄧𑄢𑄳𑄦𑄬 𑄉𑄪𑄏𑄨 𑄣𑄳𑄆𑄮,এখন তোমাকে শুকিে নিে যাও
𑄃𑄢𑄴 𑄚𑄧 𑄦𑄮𑄝𑄇𑄴 𑄛𑄧𑄢𑄴 ।,আরও হনা
𑄃𑄟𑄧𑄣𑄴 𑄉𑄮𑄢𑄳𑄦𑄨 𑄛𑄧𑄘𑄧𑄢𑄴 𑄘𑄳𑄆𑄨𑄚𑄬,.আমগুলো গুো করে পে
𑄦𑄧 𑄥𑄬𑄙𑄧𑄇𑄴𑄳𑄠𑄚𑄴 𑄖𑄳𑄆𑄪,এত ব তুমি
𑄃𑄨𑄙𑄧𑄢𑄴 𑄖𑄣 𑄈𑄪𑄠𑄳𑄆𑄬 𑄥𑄬𑄇𑄴𑄬,এখানে তালা দো যা
𑄖𑄧𑄢𑄳𑄦𑄬 𑄘𑄨𑄝𑄧 𑄉𑄮𑄏𑄳𑄆𑄬,তোমাকে আমি দেব ঠিক করেছি
𑄥𑄮𑄟 𑄃𑄬𑄝𑄬𑄣𑄴 𑄖𑄳𑄆𑄪 ।,সোমা এবেল তুমি
𑄛𑄖𑄴𑄬 𑄚𑄧 𑄌𑄬𑄥𑄴 𑄃𑄪𑄖𑄴𑄗𑄬 𑄖𑄳𑄆𑄪,পাহাের দিকে তাকা না তুমি
𑄇𑄢𑄧 𑄃𑄪𑄉𑄪𑄢𑄬,কার উপরে
"𑄃𑄨𑄢𑄨𑄘𑄨𑄥𑄴 𑄇𑄮𑄙𑄮𑄇𑄴, 𑄉𑄮𑄖𑄴𑄗𑄮𑄇𑄴","এক জাতী বুনো ফল,গোখরা"
𑄖𑄢𑄳𑄦 𑄣𑄧𑄉𑄬 𑄦𑄧𑄠𑄴 𑄣𑄧𑄠𑄴 𑄉𑄧𑄢𑄴,তাদের সাথে হে নাও
𑄇𑄟𑄧𑄖𑄴 𑄝𑄧𑄘𑄴 𑄜𑄇𑄴,কাজে কর্মে অসাধুতা
𑄖𑄢𑄳𑄦 𑄃𑄏𑄚𑄨 𑄛𑄪𑄢𑄮𑄇𑄴 ।,তাদের আসাটা পুরনো
𑄦𑄮𑄇𑄴 𑄚𑄧 𑄦𑄮𑄇𑄴 𑄖𑄢𑄳𑄦 𑄇𑄮𑄙𑄚𑄨,. হোক বা না হোক তাদের কথা
𑄝 𑄇𑄟𑄚𑄨,"১. (কাজ) শেষ করা, শেষ করা ২. (কাজ) শেষ করা"
𑄥𑄬𑄇𑄴𑄬 𑄦𑄮𑄝𑄇𑄴 𑄈𑄪𑄏𑄨,কিছুক্ষণ পর পর হে যা
𑄗𑄬𑄝𑄇𑄴 𑄃𑄧𑄘𑄧𑄢𑄴 𑄦𑄳𑄆𑄮,পাখানা হেছে
𑄟𑄧𑄚𑄴𑄳𑄆𑄮 𑄛𑄪𑄢𑄨 𑄟𑄪𑄎𑄨 ।,.মনে হ সে পরী
𑄃𑄧𑄎𑄧𑄣𑄴 𑄚𑄨𑄎𑄮 𑄚𑄧 𑄝𑄳𑄆𑄬,প্রচুর নিজের বোই না
𑄥𑄧𑄘𑄧𑄢𑄴 𑄃𑄣𑄴𑄉 𑄚𑄧 𑄌𑄳𑄆𑄬,.সাাবাি করা যা না
𑄇𑄮𑄌𑄴𑄧𑄛𑄚 𑄃 𑄞𑄧𑄎𑄧𑄟𑄚𑄴 𑄘𑄬 𑄔𑄣𑄨,কোঁকানো অনেক ভালো তো
𑄡𑄨𑄝𑄬 𑄡𑄪𑄚𑄨 𑄈𑄬𑄘𑄧 𑄌𑄳𑄆,যখন তখন খাওা দেখি
𑄗𑄬𑄣𑄬 𑄘𑄬 𑄈𑄬𑄝𑄢𑄴,রাখলে দো খাওা
𑄊𑄧𑄢𑄧 𑄟𑄚𑄪𑄌𑄴 𑄈𑄮𑄣𑄳𑄆𑄬 ।,ঘরের মানুষ খোলে
𑄦𑄏𑄨 𑄘𑄳𑄆𑄨𑄚𑄬 𑄉𑄪𑄏𑄨 𑄣𑄧,হাত দিে গুঁো নাও
𑄉𑄪𑄟𑄪𑄏𑄴𑄳𑄠 𑄃𑄬𑄎𑄴𑄳𑄠 𑄚𑄧𑄠𑄴,গুোটা আসতেছে না
𑄡𑄢𑄳𑄦𑄬 𑄡𑄨𑄃𑄧𑄖𑄴 𑄛𑄥𑄴,.যেকে বিশ্বাস করা হ
𑄛𑄣𑄴𑄬 𑄃𑄨𑄇𑄴𑄳𑄠𑄧 𑄘𑄬 𑄦𑄎𑄨,পালিে যাওা
𑄥𑄪𑄊𑄧𑄢𑄴 𑄘𑄪𑄊𑄧𑄢𑄴 𑄣𑄧 𑄈𑄪,.সুার দৌাদৌি করো
𑄔𑄣𑄨 𑄟𑄨𑄙𑄬 𑄞𑄏𑄴 ।,ঢালি মিঠাই ভাত
𑄟𑄪𑄃𑄧 𑄦𑄏𑄨𑄝𑄮 𑄇𑄧𑄟𑄴 𑄚𑄧 𑄝𑄪𑄏𑄨𑄥𑄴,মুখে হাত দিে বেশি বুঝা যা না
𑄝𑄬𑄇𑄴 𑄙𑄧𑄚𑄧𑄖𑄴𑄪𑄚𑄴 𑄘𑄋𑄳𑄦𑄧𑄢𑄴,সব ধন থেকে ব
𑄡𑄪𑄚𑄨 𑄘𑄳𑄠𑄧𑄥𑄴 𑄘𑄮𑄣𑄬,যোগা ভালো
𑄥𑄨𑄣𑄴 𑄛𑄖𑄴𑄗𑄧𑄢𑄴 𑄡𑄬 𑄦𑄧𑄝𑄧 𑄦𑄮𑄇𑄴,শীল পাথর যে হবে
𑄚𑄧 𑄗𑄬𑄝𑄧 𑄥𑄬𑄇𑄴𑄬 𑄘𑄧𑄢𑄳𑄦𑄧,.এত ভে থাকবে না সে
𑄝𑄬𑄇𑄴 𑄃𑄚𑄬 𑄖𑄬 𑄉𑄮𑄣𑄬 ।,সব আনে সে
𑄥𑄬 𑄣𑄧𑄉𑄬 𑄡𑄪𑄚𑄨 𑄏𑄪 𑄘𑄳𑄠𑄧𑄌𑄴 𑄃𑄢𑄧,সে সাথে সাথে চলে যা
𑄘𑄨𑄠𑄬𑄚𑄴 𑄦𑄘𑄴 𑄎𑄪𑄢𑄨,দুই হাত জুে দেওা
𑄚𑄨𑄟𑄮𑄚𑄴 𑄟𑄧𑄚𑄬 𑄡𑄪𑄚𑄨,.নিঃশব্দ মনে যাওা
𑄖𑄨𑄙𑄬 𑄝𑄨𑄎𑄴 𑄡𑄬 𑄦𑄧𑄝𑄧 𑄦𑄮𑄇𑄴,তেতো বিচি যে হবে
𑄣𑄪𑄉𑄨 𑄡𑄠𑄳𑄠𑄳𑄆𑄧 𑄉𑄪𑄕𑄴,লুকিে যাওার গুণ
𑄝𑄬𑄇𑄴 𑄦𑄮 𑄡𑄠𑄳𑄠𑄳𑄆𑄧 𑄛𑄚𑄨 ।,সব পরিষ্কার হে যা পানি
𑄃𑄬𑄇𑄴𑄇 𑄉𑄮𑄢𑄳𑄦𑄨 𑄘𑄋𑄳𑄦𑄧𑄢𑄴 𑄇𑄮𑄙,একটু ব ব কথা
𑄃𑄬𑄇𑄴𑄇 𑄉𑄮𑄢𑄳𑄦𑄨 𑄝𑄧𑄎𑄧𑄋𑄴,একটু ছোট ব
𑄥𑄨𑄠𑄬𑄚𑄴𑄃𑄮 𑄞𑄝𑄨𑄥𑄴 𑄘𑄋𑄳𑄦𑄧𑄢𑄴,.সেটাও ভাবতেছি
𑄟𑄪𑄙𑄪𑄃𑄚𑄧𑄢𑄬 𑄝𑄚𑄳𑄆 𑄝𑄨𑄎𑄴,পাহাের পানিকে লবনাক্ত বলে
𑄛𑄚𑄨𑄠𑄚𑄴 𑄝𑄚𑄳𑄆 𑄦𑄨𑄚𑄴,পানিটা বানিে হ
𑄉𑄮𑄣𑄴𑄳𑄠𑄃𑄚𑄴 𑄝𑄚𑄳𑄆 𑄛𑄖𑄴𑄧𑄢𑄴 ।,গোলটা বানিে বানানো
𑄃𑄪𑄏𑄴 𑄗𑄧𑄝𑄬 𑄝𑄬𑄊𑄧𑄢𑄴 𑄃𑄬𑄇𑄴𑄇𑄚𑄴,উপর থেকে একটু বািে যাওা
𑄃𑄊𑄬 𑄘𑄮𑄣𑄴 𑄘𑄋𑄳𑄦𑄧𑄢𑄴 𑄟𑄧𑄚𑄴,সুন্দর ব মন
𑄡𑄨𑄠𑄬𑄚𑄴 𑄞𑄢𑄨 𑄟𑄨𑄙𑄬,.যেটা বেশি মিষ্টি
𑄃𑄬 𑄥𑄨𑄠𑄬𑄚𑄴𑄳𑄆𑄮 𑄈𑄮𑄣𑄚𑄴 𑄉𑄧𑄟𑄴,এই সেটা খোলা ভালো
𑄌𑄬𑄘𑄚𑄴 𑄘𑄋𑄳𑄦𑄧𑄢𑄴 𑄈𑄮𑄣 𑄟𑄧𑄚𑄴,চোখ ব খোলা মন
𑄞𑄝𑄧𑄚𑄴 𑄞𑄢𑄨 𑄥𑄨𑄙𑄬 ।,মনটা খুব নরম
𑄥𑄬 𑄟𑄧𑄚𑄚𑄳𑄆𑄮 𑄟𑄚𑄴𑄎𑄳𑄠 𑄖𑄮𑄉𑄚𑄴,সে মনে করে মেেরা রান্না করে
𑄛𑄬𑄙𑄇𑄴 𑄌𑄚𑄴 𑄘𑄨𑄘𑄇𑄴 𑄌𑄚𑄴,মুখ বাঁকা করে তাকানো
𑄞𑄢𑄨 𑄦𑄃𑄮𑄎𑄴 𑄉𑄮𑄢𑄳𑄦𑄨,ভারি হাওা গরু
𑄖𑄳𑄆𑄪𑄃𑄮 𑄥𑄨𑄠𑄬𑄚𑄴 𑄛𑄬𑄙𑄬 𑄌𑄥𑄴,তুমিও তাাতাি খেে নাও
𑄟𑄚𑄴𑄎𑄳𑄠𑄢𑄬𑄃𑄮 𑄘𑄨𑄝𑄢𑄴 𑄌𑄥𑄴,মাটিও দিে দো
𑄟𑄧𑄚𑄧 𑄘𑄮𑄢𑄴 𑄈𑄪𑄣𑄨 ।,মনের দরজা বন্ধ করো
𑄖𑄳𑄆𑄪 𑄡𑄨𑄠𑄬𑄚𑄨 𑄉𑄧𑄖𑄴𑄬 𑄌𑄥𑄴,তোমরা সেগুলো করতে চাও
𑄟𑄚𑄴𑄎𑄳𑄠𑄃𑄮 𑄥𑄨𑄠𑄬𑄚𑄴 𑄌𑄚𑄴,মাটিও তাাতাি চে
𑄚𑄨𑄎𑄧 𑄟𑄪𑄚𑄴𑄎𑄪𑄉𑄬 𑄉𑄮𑄢𑄳𑄦𑄨 𑄛𑄬𑄣𑄬,নিজে নিজে গোা পেলে
𑄚𑄨𑄎𑄧 𑄙𑄧𑄊𑄬 𑄦𑄳𑄆𑄮 𑄛𑄬𑄣𑄬,নিজের মতো হওা
𑄟𑄚𑄪𑄌𑄴 𑄈𑄪𑄏𑄨 𑄗𑄚𑄴 ।,মানুষ খোলা স্থানে থাকে
𑄃𑄬 𑄃𑄨𑄇𑄴𑄳𑄠𑄧𑄢𑄨 𑄟𑄚𑄪𑄌𑄴 𑄌𑄨𑄚𑄧𑄚𑄴,এই ধরনের মানুষ চিনে
𑄌𑄨𑄚𑄧𑄚𑄴 𑄟𑄚𑄴𑄎𑄳𑄠𑄧 𑄟𑄧𑄚𑄴,চেনা মানুষ
𑄡𑄨𑄃𑄪𑄚𑄴 𑄜𑄮𑄌𑄴𑄳𑄠 𑄦𑄧𑄚𑄴,.যেগুলো ফোসকা পা হ
𑄝𑄬𑄇𑄴𑄪𑄚𑄴𑄳𑄆𑄮 𑄥𑄧𑄙𑄧𑄢𑄴 𑄦𑄳𑄆𑄮,সবাই শক্ত হেছে
𑄝𑄧𑄎𑄴𑄌𑄚𑄴 𑄉𑄮𑄋𑄚𑄴 𑄥𑄪𑄊𑄨 𑄦𑄳𑄆𑄮,বস কান্না করতেছে
𑄥𑄪𑄊𑄨 𑄦𑄳𑄆𑄮𑄚𑄬 𑄟𑄧𑄢𑄧𑄚𑄴 ।,সুসুি হে মরণ
𑄝𑄝𑄪,বাবু
𑄃𑄉𑄧 𑄘𑄨𑄚𑄧𑄢𑄴 𑄇𑄮𑄙𑄚𑄨 𑄃𑄢𑄴 𑄃𑄨𑄇𑄴𑄬 𑄘𑄨𑄚𑄧𑄢𑄴 𑄇𑄮𑄙𑄚𑄨,আগের দিনের কথা আর এখন দিনের কথা
𑄝𑄪𑄘𑄪𑄣𑄨 𑄡𑄬𑄠𑄳𑄠 𑄃𑄢𑄪𑄇𑄴𑄇𑄚𑄨 𑄝𑄪𑄘𑄪𑄣𑄨 𑄡𑄬𑄠𑄳𑄠 𑄙𑄧𑄇𑄴𑄇𑄚𑄨 ।,বুো হে আবার বুো হেছে চেহারা
𑄃𑄨𑄇𑄴𑄬 𑄡𑄨𑄃𑄪𑄚𑄴 𑄝𑄝𑄧𑄁 𑄇𑄧𑄚𑄴 𑄃𑄉𑄬 𑄇𑄮𑄙𑄇𑄴 𑄥𑄨𑄙𑄬,এখনকার বাচ্চারা কোনো কথা বলে না
𑄃𑄨𑄇𑄴𑄬 𑄡𑄨𑄃𑄪𑄚𑄴 𑄜𑄮𑄌𑄴𑄳𑄠 𑄇𑄧𑄚𑄴 𑄃𑄉𑄬 𑄇𑄮𑄙𑄇𑄴 𑄛𑄎𑄨 ।,এখন যারা ফোসকা পরে তারা কোনো কথা বলে না
"𑄗𑄮𑄇𑄴𑄨-𑄚𑄮𑄇𑄴𑄨, 𑄌𑄪𑄢𑄴, 𑄙𑄬𑄁, 𑄛𑄎𑄨𑄃𑄪𑄚𑄬 𑄉𑄧𑄢𑄧𑄚𑄴","থোকি-নোক,ঢুক,ঢুক,পাচাা করে"
𑄜𑄮𑄌𑄴𑄳𑄠𑄃𑄪𑄚𑄬 𑄉𑄧𑄟𑄴 𑄞𑄚𑄴𑄎𑄬𑄚𑄨 𑄗𑄬𑄝𑄴 𑄉𑄮𑄢𑄳𑄦𑄨𑄚𑄬 𑄙𑄧𑄢𑄧𑄚𑄴 ।,ফোসকাগুলো ভালো করে থাকতে পারে না
𑄃𑄉𑄧 𑄘𑄨𑄚𑄧𑄢𑄴 𑄜𑄮𑄌𑄴𑄳𑄠𑄃𑄪𑄚𑄧𑄢𑄴 𑄇𑄧𑄚𑄧 𑄙𑄬𑄁-𑄛𑄎𑄨 𑄚𑄳𑄆𑄬,আগের দিনের ফোসকাগুলো একটুও নরম নেই
𑄃𑄨𑄇𑄴𑄬 𑄘𑄨𑄚𑄧𑄖𑄴 𑄜𑄮𑄌𑄴𑄳𑄠 𑄦𑄧𑄚𑄴𑄬 𑄛𑄧𑄢𑄧 𑄟𑄙 𑄈𑄳𑄆𑄬 ।,আজকে দিনে ফোসকা পা হে পে মাথা খেে
𑄃𑄇𑄴𑄧𑄣𑄴 𑄝𑄪𑄘𑄴𑄨𑄠𑄬 𑄜𑄮𑄌𑄴𑄳𑄠 𑄦𑄧𑄣𑄬 𑄥𑄨𑄃𑄪𑄚𑄧𑄢𑄬 𑄇𑄮𑄙𑄇𑄴 𑄝𑄝𑄪,.আক্কেল বুো হলে তাকে বাবু বলে
𑄃𑄨𑄇𑄴𑄬 𑄘𑄨𑄚𑄧𑄖𑄴 𑄜𑄮𑄌𑄴𑄳𑄠 𑄦𑄧𑄚𑄴𑄬 𑄟𑄚𑄪𑄌𑄴 𑄉𑄮𑄢𑄳𑄦𑄨 𑄜𑄉𑄪 ।,এখন দিনে ফোসকা হে মানুষ ছোট হেছে
"𑄘𑄮𑄣𑄴 𑄥𑄎𑄴-𑄛𑄮𑄎𑄇𑄴, 𑄌𑄉𑄪𑄢𑄨 𑄗𑄬𑄣𑄬-𑄗𑄬𑄣𑄬 𑄑𑄬𑄋 𑄘𑄧𑄉𑄴","সুন্দর জামা-প্যান্ট,চামা থাকলে পাহাের দাগ"
𑄡𑄨𑄃𑄪𑄚𑄧 𑄃𑄨𑄙𑄪 𑄃𑄬 𑄟𑄚𑄪𑄌𑄴𑄪𑄚𑄴 𑄃𑄪𑄚𑄴𑄎𑄪𑄢𑄴 𑄗𑄳𑄆𑄬 𑄛𑄚𑄴 𑄈𑄧𑄇𑄴,. যারা এখানে আসে তারা পান তামাক খায়।
𑄃𑄨𑄇𑄴𑄬 𑄘𑄨𑄚𑄧𑄖𑄴 𑄥𑄨𑄃𑄪𑄚𑄴 𑄝𑄝𑄪 𑄡𑄨𑄃𑄪𑄚𑄴 𑄟𑄚𑄴𑄎𑄬 𑄊𑄨𑄚𑄚𑄴,এখনকার দিনে সিঁিগুলো মেেরা মািে থাকে
𑄃𑄙𑄨𑄇𑄴 𑄊𑄨𑄚𑄬 𑄃𑄪𑄉𑄪𑄙𑄧 𑄉𑄮𑄢𑄳𑄦𑄨 𑄘𑄬𑄘𑄧𑄚𑄴 𑄝𑄝𑄪 𑄚𑄋𑄴-,বেশি ঘিলে উগুে দো বাবু নাচতেছে
𑄥𑄬 𑄝𑄝𑄪𑄃𑄪𑄚𑄬 𑄈𑄬𑄣𑄇𑄴 𑄎𑄘𑄴 𑄈𑄬𑄣𑄇𑄴 𑄉𑄮𑄘 𑄥𑄧𑄟𑄎𑄴,সেই বাবুগুলো খেলা খেলতে খেলতে গোদা সমাজ
𑄝𑄮𑄘𑄮𑄣𑄬 𑄘𑄨𑄣𑄇𑄴 𑄡𑄪𑄇𑄴𑄧 𑄖𑄢𑄳𑄦 𑄝𑄬𑄇𑄴 𑄉𑄮𑄢𑄳𑄦𑄨𑄣𑄇𑄴 𑄚𑄎𑄴−,বইে দিল তারা সব গুিে দিল
𑄥𑄨𑄃𑄪𑄚𑄧𑄘𑄨𑄖𑄴𑄗𑄳𑄆𑄬 𑄃𑄨𑄇𑄴𑄬 𑄃𑄟𑄢𑄴 𑄉𑄧𑄟𑄴 𑄝𑄝𑄪 𑄃𑄢𑄴 𑄚𑄳𑄆𑄬,সেখানে এখন আমার ভালো বাবু আর নেই
𑄝𑄬𑄇𑄴𑄇𑄚𑄨 𑄈𑄬𑄣𑄇𑄴 𑄙𑄪𑄢𑄨 𑄖𑄢𑄳𑄦 𑄝𑄬𑄇𑄴𑄇𑄚𑄨 𑄘𑄨𑄣𑄇𑄴 𑄣𑄪𑄉𑄳𑄆𑄬 ।,সবগুলো খেলা শেষ করে তারা সব গুো করে দিল
𑄃𑄇𑄴𑄳𑄠𑄋𑄴,আাআি
𑄟𑄢𑄴 𑄛𑄬𑄘𑄧𑄖𑄴𑄗𑄪𑄚𑄴 𑄦𑄧𑄙𑄬 𑄇𑄨𑄃𑄳𑄆𑄮 𑄙𑄧𑄢𑄴𑄟𑄧 𑄣𑄳𑄆𑄮𑄚𑄬 𑄚𑄧 𑄃𑄬𑄡𑄧𑄚𑄴,মারের পেট থেকে শুধু ধর্ম বের হ না
𑄥𑄬𑄇𑄴𑄬 𑄚𑄧 𑄗𑄠𑄴 𑄇𑄧𑄚𑄧 𑄃𑄇𑄴𑄧𑄣𑄴 𑄚𑄧 𑄗𑄠𑄴 𑄞𑄝𑄧𑄚𑄴 𑄝𑄪𑄏𑄧𑄚𑄴 ।,এখন না থাকে কোনো আক্কেল থাকেনা মনে হ
𑄡𑄬 𑄊𑄧𑄢𑄚𑄧𑄖𑄴 𑄡𑄬 𑄥𑄧𑄟𑄎𑄧𑄖𑄴 𑄎𑄧𑄚𑄧𑄟𑄴 𑄣𑄳𑄆𑄮𑄚𑄬 𑄃𑄬𑄝𑄧,যে বািে যে সংসারে জনম হবে
𑄈𑄳𑄆𑄬𑄚𑄬 𑄗𑄳𑄆𑄬𑄚𑄬 𑄡𑄨𑄃𑄧𑄖𑄴 𑄖𑄬 𑄘𑄋𑄳𑄦𑄧𑄢𑄴 𑄘𑄨𑄋𑄳𑄦𑄧𑄢𑄴 𑄦𑄧𑄝𑄧,খেে তারপর সে ব হে যাবে
𑄥𑄬 𑄊𑄧𑄢𑄚𑄧𑄢𑄴 𑄥𑄬 𑄥𑄧𑄟𑄎𑄧𑄢𑄴 𑄙𑄧𑄢𑄴𑄟𑄧 𑄥𑄪𑄙𑄧𑄟𑄴 𑄣𑄳𑄆𑄮,সেই বািটা সেই গ্রামে ধর্ম পবিত্র হেছে
𑄘𑄪𑄝𑄨 𑄗𑄳𑄆𑄬𑄚𑄬 𑄥𑄨𑄊𑄨 𑄣𑄧𑄠𑄴 𑄟𑄧𑄚𑄚𑄴 𑄃𑄇𑄴𑄳𑄠𑄋𑄴 𑄦𑄳𑄆𑄮-,দুলিে তাাতাি মন চলে যা
"𑄝𑄨𑄌𑄴𑄬𑄥𑄨 𑄦𑄳𑄆𑄮 𑄃𑄪𑄙𑄧𑄚𑄴 𑄃𑄩𑄌𑄴𑄧𑄢𑄴, 𑄈𑄮𑄘, 𑄞𑄧𑄉𑄧𑄝𑄚𑄴","বিচ্চিসি করে উঠে আসলাম, খোদা, ভগবান"
"𑄃𑄨𑄇𑄴𑄳𑄠𑄧𑄪𑄢𑄨 𑄦𑄧𑄚𑄴 𑄟𑄪𑄎𑄪𑄢𑄴𑄟𑄚𑄴, 𑄦𑄨𑄚𑄴𑄘𑄪, 𑄝𑄪𑄘𑄴𑄙𑄧, 𑄈𑄨𑄢𑄨𑄥𑄴𑄑𑄚𑄴 ।","এক জাতী হওা মানুষ, হিন্দু, বৌদ্ধ, খিরিশ"
"𑄃𑄨𑄁𑄉𑄢𑄨, 𑄛𑄨𑄎𑄪𑄟𑄴𑄳𑄠, 𑄛𑄳𑄢𑄬𑄖𑄳𑄠, 𑄇𑄪𑄣𑄨, 𑄌𑄪𑄢𑄴, 𑄙𑄬𑄋𑄴, 𑄛𑄎𑄨","ইগাি, পিজুম, প্রেত, কুা, কুা, পা, পা, পা, পা, পা"
𑄦𑄳𑄆𑄮𑄚𑄬 𑄇𑄨𑄃𑄳𑄆𑄮 𑄎𑄧𑄚𑄧𑄟𑄴 𑄚𑄧 𑄣𑄧𑄚𑄴 𑄣𑄧𑄚𑄴 𑄃𑄨𑄠𑄬𑄚𑄨 𑄥𑄨𑄊𑄨 ।,.হওার জন্য কোনো জনম নাই এগুলো
𑄡𑄬 𑄊𑄧𑄢𑄚𑄧𑄖𑄴 𑄡𑄬 𑄥𑄧𑄟𑄎𑄧𑄖𑄴 𑄃𑄬𑄙𑄨𑄇𑄴𑄳𑄠𑄚𑄴 𑄇𑄎𑄧𑄢𑄴 𑄗𑄠𑄴,যে বািে যে সমাজে এত মলা থাকে
"𑄎𑄧𑄚𑄧𑄟𑄴 𑄣𑄧𑄣𑄬 𑄢𑄨𑄚𑄨, 𑄥𑄪𑄚𑄨 𑄟𑄧𑄚𑄧𑄖𑄴 𑄉𑄙 𑄡𑄠𑄴","জনম নিলে সে,শুনতে মনে গাধা যা"
𑄉𑄧𑄟𑄴 𑄦𑄧𑄣𑄬 𑄉𑄧𑄟𑄚𑄴 𑄃𑄢𑄴 𑄇𑄎𑄧𑄢𑄴 𑄦𑄧𑄣𑄬 𑄇𑄎𑄧𑄢𑄴,ভালো হলে ভালো আর খারাপ হলে ভালো
𑄃𑄇𑄴𑄳𑄠𑄋𑄴 𑄦𑄳𑄆𑄮𑄚𑄬 𑄥𑄧𑄟𑄢𑄴 𑄝𑄚𑄚𑄴 𑄎𑄨𑄁𑄇𑄚𑄨 𑄛𑄧𑄙𑄧𑄢𑄴,আাআি হে জীবনটা পতেছে
𑄉𑄧𑄟𑄴 𑄞𑄚𑄴𑄎𑄬 𑄦𑄧𑄚 𑄥𑄬𑄚𑄬 𑄇𑄧𑄝𑄣𑄧 𑄣𑄬𑄊 𑄚𑄧𑄠𑄴,ভালো ভালো হওা সেজন্য কথা বলা হ না
𑄢𑄨𑄚𑄨 𑄥𑄪𑄚𑄨 𑄉𑄮𑄢𑄳𑄦𑄨 𑄙𑄪𑄢𑄨 𑄃𑄇𑄴𑄳𑄠𑄋𑄧𑄖𑄴𑄪𑄚𑄴 𑄦𑄧𑄠𑄴 ।,.বিালের শব্দ শুনে কান থেকে বের হ
𑄃𑄟𑄨 𑄡𑄪𑄚𑄨 𑄃𑄟 𑄛𑄮-𑄏𑄨𑄃𑄪𑄚𑄴 𑄈𑄟𑄇𑄴𑄇𑄳𑄆 𑄉𑄮𑄢𑄳𑄦𑄨 𑄇𑄮𑄌𑄴 𑄛𑄳𑄆𑄬,আমরা সবাই আমাদের ছেলে-মেেকে পছন্দ করি
𑄝𑄛𑄴-𑄟 𑄦𑄳𑄆𑄮𑄚𑄬 𑄖𑄢𑄳𑄦𑄖𑄴𑄗𑄪𑄚𑄴 𑄡𑄪𑄚𑄨 𑄉𑄧𑄟𑄴 𑄎𑄨𑄚𑄨𑄌𑄴𑄌𑄚𑄴 𑄌𑄳𑄆𑄬,বাবা-মা হে তাদের সব ভালো জিনিসগুলো দেখে
"𑄚𑄨𑄎𑄬 𑄝𑄪𑄘𑄪𑄣𑄨, 𑄥𑄧𑄟𑄎𑄴 𑄝𑄮𑄘𑄮𑄣𑄳𑄆𑄬 𑄞𑄚𑄴𑄎𑄬 𑄝𑄬𑄇𑄴𑄇𑄚𑄨 𑄃𑄨𑄢𑄨","নিজে বুো,সমাজ ব হলে সব গুো করে"
𑄥𑄨𑄊𑄳𑄆𑄬- 𑄘𑄬𑄊𑄳𑄆𑄬 𑄉𑄧𑄟𑄴 𑄇𑄟𑄚𑄨 𑄥𑄨𑄠𑄬𑄚𑄨𑄖𑄴 𑄃𑄇𑄴𑄳𑄠𑄋𑄴 𑄉𑄮𑄢𑄳𑄦𑄨 ।,সে-ই দেখে ভালো কাজগুলো সেখানে করে
𑄃𑄇𑄴𑄳𑄠𑄋𑄚𑄴 𑄦𑄧𑄣𑄧 𑄝𑄬𑄉𑄧𑄢𑄴 𑄘𑄋𑄳𑄦𑄧𑄢𑄴 𑄃𑄬 𑄛𑄧𑄢𑄚𑄴 𑄝𑄧𑄣 𑄎𑄨𑄁𑄇𑄚𑄨𑄖𑄴,আকা-বাকা হলো ব ব এই জীবনে
𑄝𑄬𑄉𑄴 𑄖 𑄉𑄝𑄪𑄢𑄴 𑄦𑄳𑄆𑄮𑄚𑄬 𑄊𑄪𑄢𑄴 𑄛𑄇𑄴 𑄈𑄳𑄆𑄬 𑄃𑄊𑄨 𑄟𑄬𑄘𑄨𑄚𑄨𑄖𑄴 −,. বেগ তার গাে ঘোর খেে আছে
𑄡𑄨𑄠𑄬𑄚𑄴 𑄃𑄇𑄴𑄳𑄠𑄋𑄴 𑄦𑄧𑄠𑄴 𑄟𑄧𑄚𑄚𑄴 𑄃𑄪𑄚𑄴𑄎𑄪𑄢𑄴 𑄥𑄨𑄠𑄬𑄚𑄴 𑄉𑄧𑄖𑄴𑄧 𑄌𑄠𑄴,.যেটা আগে হ মনে হ সেটা আগে হ
𑄖 𑄝𑄢𑄳𑄦𑄘𑄨 𑄇𑄧𑄚𑄧 𑄇𑄨𑄖𑄴𑄗𑄬𑄖𑄴 𑄛𑄖𑄴𑄬 𑄞𑄉𑄬 𑄚𑄧 𑄡𑄠𑄴 ।,তার ব্যবহারটা কোনো কিছুতেই সহ্য করা যা না
"𑄃𑄬 𑄌𑄪𑄢𑄴, 𑄙𑄬𑄁, 𑄇𑄪𑄖𑄴𑄪𑄢𑄨-𑄃𑄨𑄁𑄉𑄢𑄴, 𑄛𑄳𑄢𑄬𑄖𑄴 𑄃𑄢𑄧 𑄇𑄪𑄣𑄨","এই চোর, ধেং,কুটিকুটি ইঙর, ভূত আর কুটিকুটি"
𑄃𑄇𑄴𑄳𑄠𑄋𑄴 𑄦𑄳𑄆𑄮𑄚𑄬 𑄈𑄎𑄴𑄳𑄠𑄧𑄖𑄴 𑄦𑄳𑄆𑄮 𑄟𑄧𑄚𑄚𑄨𑄖𑄴 𑄗𑄳𑄆 𑄔𑄪𑄣𑄨 ।,আাআি হে মনে পে পে
"𑄉𑄧𑄢𑄳𑄦 , 𑄛𑄧𑄢𑄳𑄦 , 𑄛𑄚𑄳𑄦 𑄃𑄢𑄧 𑄢𑄬𑄚",". পা, পা, পাওা আর রা"
"𑄉𑄧𑄟𑄴-𑄞𑄚𑄴𑄎𑄬, 𑄊𑄪𑄟𑄴-𑄎𑄉𑄧𑄚𑄴, 𑄃𑄣𑄴𑄥𑄨-𑄇𑄟𑄴𑄳𑄠𑄧 𑄦𑄧𑄚","ভালো-খারাপ,ঘুম-জাগরণ,আলসি-কামা"
"𑄝𑄨𑄌𑄴𑄬𑄥𑄴 𑄃𑄧𑄝𑄨𑄌𑄴𑄬𑄥𑄴 𑄙𑄳𑄠𑄚𑄨-𑄉𑄨𑄠𑄬𑄚𑄨, 𑄎𑄖𑄴 𑄃𑄢𑄧 𑄃𑄧𑄎𑄖𑄴","বিচ্চিে বিচ্চিে গিেছে, জাত আর অস্থাী"
"𑄈𑄚, 𑄡𑄚, 𑄞𑄣𑄬𑄘𑄴-𑄃𑄪𑄢𑄮𑄚𑄴, 𑄦𑄧𑄏-𑄇𑄚, 𑄟𑄘𑄴","খাওা, যাওা, যাওা, ভালো করে যাওা, হওা, খারাপ হওা, মাা"
𑄃𑄨𑄠𑄬𑄚𑄨 𑄝𑄬𑄇𑄴𑄇𑄚𑄨 𑄟𑄚𑄳𑄆𑄬 𑄎𑄨𑄁𑄇𑄚𑄨𑄖𑄴 𑄃𑄇𑄴𑄳𑄠𑄋𑄧 𑄘𑄨𑄖𑄴𑄳𑄠 𑄦𑄧𑄠𑄴,এগুলো সবসম জীবনে আসতেই হ
𑄥𑄨𑄚𑄪𑄖𑄴𑄳𑄠𑄳𑄆 𑄃𑄇𑄴𑄳𑄠𑄋𑄧 𑄝𑄢𑄳𑄦 𑄃𑄬 𑄟𑄬𑄘𑄨𑄚𑄨𑄖𑄴 𑄇𑄧𑄚𑄧 𑄘𑄧𑄟𑄴 𑄝𑄧𑄣 𑄚𑄧𑄠𑄴 ।,.সেগুলোতে আাআি করে কোনো দম বলা হ না
𑄃𑄬𑄡 𑄃𑄟𑄨 𑄇𑄟𑄬 𑄇𑄮𑄙𑄠𑄴 𑄌𑄨𑄘𑄬 𑄃𑄢𑄧 𑄟𑄧𑄚𑄬,এখানে আমি কাজ করতেছি আর মনে পে
𑄉𑄧𑄟𑄴 𑄃𑄇𑄴𑄳𑄠𑄋𑄚𑄴 𑄉𑄮𑄢𑄳𑄦𑄨 𑄃𑄪𑄚𑄴𑄎𑄪𑄢𑄴 𑄛𑄪𑄖𑄴𑄨 𑄎𑄧𑄚𑄬 𑄎𑄧𑄚𑄬 −,ভালো আাআি করে উস্কুখুস্কু করে পোকা উে আসে
𑄃𑄟 𑄊𑄧𑄢𑄚𑄴 𑄃𑄟 𑄥𑄧𑄟𑄎𑄴 𑄃𑄟 𑄎𑄖𑄴𑄳𑄠𑄧 𑄦𑄮𑄇𑄴 𑄘𑄮𑄣𑄴,আমাদের বািটা আমাদের বািতে হোক সুন্দর
𑄞𑄚𑄴𑄎𑄳𑄠 𑄇𑄎𑄧𑄢𑄴 𑄃𑄇𑄴𑄳𑄠𑄋𑄴 𑄃𑄨𑄢𑄨 𑄜𑄪𑄘𑄮𑄇𑄴 𑄘𑄮𑄣𑄧𑄢𑄴 𑄝𑄮𑄣𑄴 ।,. বাঁশটা মলার আা ফুলছে।
𑄚𑄙𑄢𑄴 𑄘𑄪𑄊𑄴,নািভুি
𑄛𑄨𑄢𑄬 𑄈𑄧𑄝𑄧𑄢𑄴 𑄥𑄨𑄝𑄬 𑄚𑄧 𑄛𑄠𑄴,অসুখের খবর সে পা না
𑄡𑄨𑄝𑄬 𑄛𑄨𑄢𑄬 𑄚𑄧 𑄛𑄧𑄢𑄬,যেখানে সেখানে অসুখ করতে হ না
𑄥𑄨𑄝𑄳𑄆𑄬 𑄝𑄚𑄳𑄦 𑄇𑄳𑄆𑄮 𑄛𑄢𑄬,সে শুধু বলতে পারে
𑄡𑄨𑄝𑄬 𑄛𑄨𑄢𑄬 𑄛𑄧𑄢𑄬 ।,যে রোগী অসুস্থ হ
𑄃𑄬 𑄥𑄬𑄙𑄧𑄇𑄴𑄳𑄠𑄚𑄴 𑄚𑄙𑄢𑄴 𑄘𑄪𑄇𑄴𑄈𑄚𑄴,এত ব ব দুঃখ
𑄡𑄨𑄝𑄬 𑄚𑄙 𑄚𑄧 𑄦𑄧𑄠𑄴,যেখানে সেখানে হ না
𑄇𑄳𑄆𑄮 𑄚𑄧 𑄛𑄢𑄬 𑄖𑄬 𑄇𑄧𑄚𑄧 𑄘𑄨𑄚𑄴,সে কোনো দিন বলতে পারে না
𑄚𑄙 𑄇𑄢𑄳𑄦𑄬 𑄇𑄧𑄠𑄴 ।,নাকটা কাকে বলে
𑄚𑄙𑄢𑄴 𑄘𑄪𑄇𑄴𑄈𑄚𑄴 𑄃𑄬𑄇𑄴𑄇 𑄌𑄳𑄆𑄬,নাকের দুঃখটা একটু দেখি
𑄃𑄨𑄚𑄴𑄨 𑄌𑄬𑄣𑄬 𑄃𑄪𑄚𑄴𑄨 𑄚𑄳𑄆𑄬,.নিচে দেখলে উঠে না
𑄟𑄮𑄇𑄴𑄈𑄳𑄠𑄧 𑄌𑄬𑄣𑄬 𑄛𑄮𑄝𑄳𑄠𑄧 𑄚𑄳𑄆𑄬,.মাকার মতো বাচ্চা নেই
𑄛𑄮𑄝𑄳𑄠𑄧 𑄌𑄬𑄣𑄬 𑄚𑄨𑄎𑄧𑄢𑄴 𑄚𑄳𑄆𑄬,ছেলে দেখলে নিজের নেই
𑄃𑄪𑄣𑄮𑄚𑄴 𑄍𑄣𑄧𑄖𑄴 𑄃𑄉𑄪𑄚𑄴 𑄚𑄳𑄆𑄬,.উলো ছালে আগুন নেই
𑄊𑄧𑄢𑄧𑄖𑄴 𑄌𑄬𑄣𑄬 𑄈𑄬𑄝𑄢𑄴 𑄚𑄳𑄆𑄬,বািতে দেখলে খাওা যা না
𑄛𑄨𑄢𑄬𑄛𑄧𑄣𑄴𑄬 𑄘𑄢𑄪 𑄚𑄳𑄆𑄬,অসুখের ঔষধ নেই
𑄊𑄧𑄢𑄚𑄴 𑄡𑄬𑄠𑄳𑄠 𑄉𑄮𑄘 𑄞𑄋𑄨,বািটা যে গোদা ভেঙে গেছে
𑄝𑄢𑄨𑄏𑄬𑄖𑄴 𑄘𑄬 𑄌𑄣𑄬 𑄛𑄚𑄨,বর্ষা দো পানি
𑄇𑄟𑄴 𑄖𑄮𑄉𑄬𑄣𑄬 𑄇𑄟𑄴 𑄚𑄧 𑄛𑄠𑄴,কাজ করতে না পারলে কাজ পা না
𑄗𑄃𑄮𑄠𑄳𑄠𑄝𑄳𑄠𑄧𑄖𑄴𑄪𑄚𑄴 𑄟𑄘𑄴 𑄚𑄧 𑄛𑄠𑄴,থাওার থেকে রেহাই পাওা যা না
"𑄃𑄨𑄚𑄴𑄨, 𑄘𑄨 𑄚𑄧 𑄛𑄣𑄴𑄬 𑄥𑄧𑄟𑄎𑄴 𑄝𑄬𑄎𑄢𑄴","ইন্নি,দুই না পাে সংসার বো"
𑄘𑄨 𑄚𑄧 𑄛𑄣𑄴𑄬 𑄙𑄧𑄢𑄴𑄟𑄧 𑄝𑄬𑄎𑄢𑄴,দুই না পারলে ধর্ম বেজার
𑄎𑄮𑄚𑄴𑄎𑄣𑄚𑄴 𑄗𑄠𑄴 𑄃𑄪𑄚𑄴𑄎𑄪𑄢𑄴 𑄊𑄧𑄢𑄧𑄖𑄴,.জিনিসপত্র তাাতাি বািতে
𑄇𑄪𑄝𑄮𑄖𑄴 𑄃𑄊𑄬 𑄥𑄪𑄊𑄴 ?,কোথা আছে সুা
𑄃𑄬 𑄃𑄨𑄠𑄬𑄚𑄧𑄢𑄬 𑄇𑄧𑄠𑄴𑄘𑄳𑄠 𑄚𑄘 𑄎𑄨𑄁𑄇𑄚𑄨,এই তাকে বলা হেছে নাাচাা জীবন
𑄃𑄨𑄠𑄬𑄚𑄧𑄢𑄬 𑄇𑄧𑄠𑄴𑄘𑄳𑄠 𑄚𑄙𑄢𑄴 𑄘𑄪𑄊𑄴 ।,. তাকে বলা হেছে নাার দুঃখ
𑄚𑄙𑄃𑄚𑄴 𑄦𑄧𑄣𑄧 𑄘𑄪𑄊𑄧𑄢𑄴 𑄞𑄪𑄙𑄨,নাকটা হলো নদীর ভুি
𑄇𑄧𑄚𑄧 𑄥𑄪𑄊𑄴 𑄚𑄳𑄆𑄬 𑄖𑄢𑄴,তার কোনো সুখ নেই
𑄦𑄬𑄣 𑄜𑄬𑄣 𑄝𑄬𑄇𑄴𑄪𑄚𑄧𑄢𑄴,হেলাফেলা সবাই
𑄡𑄬𑄚𑄴 𑄖𑄧𑄘𑄖𑄴 𑄝𑄥𑄴𑄳𑄠 𑄦𑄢𑄴 ।,যেন তার বাি হা
𑄃𑄨𑄇𑄴𑄬 𑄘𑄨𑄚𑄧𑄖𑄴 𑄝𑄬𑄇𑄴 𑄞𑄧 𑄝𑄧𑄣,এখন দিনে সব ভ বলা
𑄞𑄪𑄣𑄴 𑄝𑄬𑄘𑄧𑄟 𑄛𑄬𑄝𑄢𑄴 𑄚𑄳𑄆𑄬,মিথ্যা কথা পেে লাভ নেই
𑄞𑄪𑄣𑄧𑄢𑄬 𑄡𑄪𑄚𑄨 𑄢𑄨𑄚𑄨 𑄌𑄬𑄣𑄬,ভুলে যাওার মতো দেখতেছি
𑄖𑄬𑄠𑄳𑄠𑄧 𑄑𑄮𑄊𑄠𑄴 𑄟𑄚𑄪𑄌𑄴,সে টোকাই মানুষ
𑄇𑄢𑄳𑄦𑄬 𑄣𑄧𑄝𑄬 𑄝𑄳𑄆𑄬 !,কাউকে নিে যাবে নাকি?
𑄛𑄉𑄣 𑄝𑄬𑄢𑄳𑄆 𑄛𑄧𑄙𑄬 𑄛𑄧𑄙𑄬,পাহাের বো পে
𑄛𑄉𑄧𑄣𑄧 𑄞𑄏𑄴 𑄟𑄘𑄨,পাগল মাটি
𑄛𑄬𑄑𑄳𑄠𑄧 𑄡𑄬𑄇𑄴𑄬 𑄈𑄣𑄴𑄳𑄠 𑄦𑄧𑄝𑄧,পেটটা কিছুক্ষণ পর পাতলা হে যাবে
𑄇𑄨𑄋𑄪𑄢𑄨 𑄞𑄧𑄢𑄬𑄝𑄧,কিঙরি ভরবে
𑄝𑄪𑄘𑄴𑄨 𑄈𑄘𑄠𑄴 𑄖𑄬𑄠𑄳𑄠𑄧 𑄘𑄮𑄣𑄬,বুো খাওা সে ভালো
𑄘𑄮𑄣𑄴 𑄘𑄮𑄣𑄴 𑄇𑄮𑄙 𑄟𑄘𑄨 ।,সুন্দর সুন্দর মাটি
𑄖𑄢𑄳𑄦 𑄡𑄪𑄚𑄨 𑄥𑄬 𑄙𑄧𑄇𑄴𑄳𑄠𑄚𑄴 𑄦𑄧𑄚𑄴,তারা দুইজনে সেই রকম হ
𑄉𑄧𑄟𑄴 𑄟𑄚𑄪𑄌𑄴𑄪𑄚𑄴 𑄇𑄨 𑄦𑄧𑄝𑄧𑄋𑄴 ?,ভালো মানুষ কি হবে?
𑄥𑄬𑄚𑄬 𑄦𑄮𑄠𑄳𑄆𑄬 𑄃𑄬 𑄙𑄨𑄇𑄴𑄳𑄠𑄚𑄴 −,তাাতাি হেছে এইদিক
𑄇𑄖𑄴𑄗𑄪𑄚𑄴 𑄇𑄮𑄚𑄴𑄚 𑄞𑄧 𑄉𑄮𑄢𑄳𑄦𑄨𑄚𑄬,কোথা যেন ভ করতেছে
𑄌𑄮𑄢 𑄟𑄬𑄢𑄴 𑄟𑄢𑄨,চোরা মার
𑄇𑄬𑄚𑄬 𑄈𑄬𑄝𑄧𑄁 𑄘𑄋𑄳𑄦𑄧𑄢𑄴 𑄞𑄇𑄴𑄳𑄠𑄧,.কেন যে এত ব ব কথা
𑄥𑄬 𑄃𑄪𑄘𑄨𑄏𑄬 𑄇𑄪𑄎𑄋𑄣𑄚𑄴,সে উঠতেছে কোথা
𑄙𑄮 𑄉𑄮𑄢𑄳𑄦𑄨𑄚𑄬 𑄙𑄪𑄢𑄴 𑄇𑄝𑄨 −,ধোঁার জন্য গর্ত কেটেছে-
𑄥𑄬 𑄙𑄪𑄢𑄧 𑄎𑄋𑄣𑄴 𑄝𑄳𑄆𑄬,সে গর্তটা বেেছে
𑄈𑄮𑄣𑄬𑄢𑄴 𑄃𑄮𑄟𑄳𑄦 𑄜𑄮𑄌𑄴𑄳𑄠,খোলের উপরে ফোসকা
𑄖 𑄥𑄨𑄢𑄳𑄦𑄬𑄝𑄳𑄠𑄧 𑄖𑄬 𑄈𑄳𑄆𑄬 ।,তার মাথা সে খেে
𑄥𑄨𑄠𑄬𑄚𑄴 𑄃𑄨𑄇𑄴𑄬 𑄖𑄧 𑄉𑄮𑄢𑄳𑄦𑄨𑄚𑄬,.সেটা এখন তোমার করা
𑄊𑄧𑄢𑄧 𑄟𑄮𑄇𑄴𑄳𑄠 𑄢𑄨𑄚𑄨 −,বাির মেে - মেে
"𑄝𑄛𑄴 𑄛𑄪𑄘𑄬, 𑄞𑄬𑄠𑄬 𑄞𑄬𑄠𑄬","বাবা পুে, বিে বিে"
𑄈𑄬𑄘𑄧𑄁 𑄌𑄳𑄦𑄬𑄢𑄴 𑄖𑄢𑄳𑄦𑄬 𑄖𑄬,সে তাকে খোল করছে
𑄈𑄳𑄆𑄬 𑄚𑄧 𑄛𑄬𑄣𑄬 𑄢𑄉𑄴 𑄎𑄪𑄣𑄨𑄢𑄴,খেে না পেলে রাগ উঠে
𑄌𑄮𑄎𑄴𑄬𑄢𑄴 𑄇𑄮𑄎𑄴𑄳𑄠 𑄝𑄡𑄬𑄢𑄴,চোখের কাজল
"𑄟𑄢 𑄟𑄢𑄨, 𑄎𑄃𑄮𑄣𑄪𑄇𑄴 𑄝𑄪𑄘𑄨",".মারামারি,যাওালু বুি"
"𑄟𑄘𑄝𑄪𑄣𑄧, 𑄝𑄬𑄢𑄚𑄴-𑄌𑄬𑄢𑄚𑄴","মাচান, বোচা"
𑄣𑄮-𑄦𑄬𑄢 𑄟𑄧𑄚𑄧𑄢𑄴 𑄑𑄚𑄴,.লম্বা মনের টান
𑄝𑄬𑄇𑄴𑄈𑄚𑄨 𑄜𑄬𑄣𑄳𑄆𑄬 𑄞𑄋𑄨 ।,সব ফেলে রেখে ভেঙে
𑄃𑄨𑄇𑄴𑄮𑄢𑄨 𑄃𑄢𑄧 𑄇𑄧𑄙𑄧𑄇𑄴 𑄘𑄮𑄣𑄬,এগুলো আরও কেকটা ভালো
𑄇𑄨𑄃𑄳𑄆𑄮 𑄃𑄨𑄇𑄴𑄬 𑄈𑄮𑄣𑄬𑄘𑄧𑄁 𑄚𑄧 𑄌𑄳𑄦𑄬𑄢𑄴,.কিছুই এখন খুলতেছি না
"𑄃𑄢𑄧 𑄌𑄬𑄘𑄳𑄆𑄬 𑄉𑄧𑄟𑄴, 𑄈𑄮𑄣𑄳𑄆𑄬 𑄙𑄧𑄢𑄴𑄟𑄨𑄇𑄴𑄳𑄠𑄧","আর দেখে ভালো,খুলে ভালো"
𑄃𑄪𑄎𑄪 𑄥𑄨𑄙𑄬 𑄉𑄧𑄟𑄴 𑄟𑄧𑄚𑄴 ।,সোজা সোজা
𑄟𑄚𑄪𑄌𑄴 𑄝𑄪𑄏𑄳𑄆𑄬 𑄖𑄪𑄣𑄴𑄝𑄨𑄎𑄴 𑄉𑄮𑄢𑄳𑄦𑄨,মানুষ বুঝে উে উঠছে গোরি
𑄥𑄬𑄎 𑄘𑄨 𑄃𑄬𑄚𑄴 𑄉𑄮𑄢𑄳𑄦𑄨,তত ব ছোট
𑄟𑄖𑄴𑄧𑄢𑄴 𑄚𑄨𑄎𑄧 𑄥𑄬𑄎 𑄚𑄨𑄎𑄧 𑄖𑄪𑄣𑄴𑄝𑄨𑄎𑄴,সবসম নিজের তোলা
𑄇𑄧𑄚𑄧 𑄈𑄬𑄝𑄴 𑄚𑄧 𑄉𑄮𑄢𑄳𑄦𑄨 ।,কোন স্বীকার করে না
"𑄇𑄨𑄖𑄴𑄗𑄳𑄆𑄬 𑄦𑄧𑄣𑄧 𑄃𑄬𑄙𑄨𑄇𑄴𑄳𑄠𑄚𑄴, 𑄥𑄣𑄬𑄚𑄴","কেন হলো এত ব,এত ব"
𑄃𑄨𑄠𑄬𑄚𑄧𑄢𑄬 𑄇𑄧𑄠𑄴𑄘𑄳𑄠 𑄜𑄮𑄌𑄴𑄳𑄠 !,.এটাকে কেকটা ফোসকা!
𑄝𑄧𑄎𑄧𑄁 𑄚𑄧 𑄞𑄝𑄨𑄥𑄴 𑄇𑄨𑄢𑄴𑄝𑄳𑄠 𑄉𑄮𑄢𑄳𑄦𑄨,বস চিন্তা করিও না
𑄇𑄪𑄎𑄪𑄣𑄨 𑄉𑄮𑄢𑄳𑄦𑄨 𑄇𑄧𑄋𑄧𑄢𑄴,এক জাতী পাখি
𑄎𑄮𑄛𑄴𑄛𑄚𑄴 𑄌𑄋𑄧𑄢𑄴 𑄖𑄧𑄖𑄴𑄗𑄪𑄚𑄴 𑄃𑄬𑄇𑄴𑄇,জোাটা একটু বাঁকা করো
𑄇𑄨𑄖𑄴𑄖𑄳𑄆𑄬 𑄃𑄨𑄇𑄴𑄬𑄚𑄴 𑄦𑄧𑄢𑄴 ?,কেন আজকে হ?
𑄟𑄳𑄠𑄙𑄴 𑄚𑄧 𑄛𑄁 𑄟𑄳𑄆𑄪 𑄇𑄧𑄚𑄧 𑄇𑄨𑄌𑄴𑄪,.আমি কিছুই পাই না
𑄈𑄪𑄏𑄨 𑄦𑄮𑄟𑄴 𑄃𑄨𑄠𑄬𑄚𑄴 𑄞𑄋𑄨 𑄘𑄨𑄣𑄬,.কুটির ঘরটি ভেঙে দিলে
𑄞𑄌𑄴 𑄞𑄬𑄘𑄬𑄣𑄟𑄴 𑄖𑄳𑄆𑄪 ।,ভাত পেেছো তুমি
𑄥𑄪𑄖𑄴𑄛𑄧𑄣𑄴,এক জাতী পাখি
𑄥𑄪𑄖𑄴𑄛𑄧𑄣𑄴 𑄞𑄳𑄆𑄬 𑄖𑄧𑄢𑄳𑄦𑄬 𑄇𑄨 𑄇𑄮𑄟𑄴,.সুতপলের মতো তোমাকে কি বলি?
𑄘𑄬𑄝𑄬𑄘 !,দেবতা
𑄚 𑄃𑄢𑄧 𑄎𑄪𑄘!,না আরও যোগা
𑄏𑄨𑄟𑄨𑄘𑄧𑄖𑄴 𑄘𑄨𑄣𑄬 𑄝𑄮𑄘𑄮𑄣𑄬 𑄟𑄧 𑄟𑄧𑄢 𑄎𑄨𑄁𑄇𑄚𑄨𑄃𑄚𑄴,বিদ্যুৎ চমকিে আমার বেঁচে থাকা
𑄗𑄳𑄆𑄮 𑄚𑄧 𑄘𑄨𑄣𑄬 𑄖𑄪𑄘𑄧 ।,থাক না দিলে তুত
𑄖𑄳𑄆𑄪 𑄘𑄨𑄣𑄬 𑄝𑄮𑄘𑄮𑄣𑄬 𑄌𑄮𑄇𑄴𑄈𑄪𑄚𑄴 𑄟𑄧𑄢𑄳𑄦𑄬,তুমি দিলে চোখগুলো আমাকে দেখে
𑄖𑄳𑄆𑄪 𑄘𑄨𑄣𑄬 𑄝𑄮𑄘𑄮𑄣𑄬 𑄟𑄧𑄚𑄚𑄴,তুই দিলে মনে হ
𑄘𑄳𑄆𑄪 𑄘𑄨𑄣𑄬 𑄜𑄨𑄢𑄬 𑄝𑄪𑄉𑄧𑄢𑄴 𑄃𑄏𑄚𑄨,দুই দিলে আবার বুো আছে
𑄖𑄳𑄆𑄪 𑄜𑄨𑄢𑄬 𑄘𑄨𑄣𑄬 𑄥𑄧𑄝𑄧𑄚𑄚𑄴 ।,তুমি ফিরে দিলে সপ্ন
𑄖𑄳𑄆𑄪 𑄡𑄪𑄚𑄨 𑄊𑄧𑄢𑄧𑄖𑄴 𑄃𑄳𑄆𑄬 𑄚𑄧 𑄎𑄉𑄬𑄘𑄬 𑄟𑄧𑄢𑄳𑄦𑄬,তোমাদের যৌথ বািতে এখনো আসেনাই আমাকে
𑄗𑄬𑄙𑄪𑄁 𑄦𑄧𑄣𑄬 𑄃𑄬𑄏𑄧 𑄃𑄧𑄊𑄪𑄢𑄴 𑄊𑄪𑄟𑄧𑄖𑄴,পাহা হলে এখন অনেক রাত
𑄖𑄳𑄆𑄪 𑄡𑄪𑄚𑄨 𑄝𑄪𑄉𑄧𑄢𑄴 𑄝𑄧𑄣𑄴 𑄚𑄧 𑄘𑄨𑄘𑄬 𑄎𑄉𑄳𑄆𑄬,তোমরা দুইজন বুো শক্তি না দিে বেঁচে থাকে
𑄦𑄧𑄣𑄬 𑄟𑄳𑄆𑄪 𑄚𑄧 𑄛𑄬𑄘𑄪𑄁 𑄝𑄧𑄣𑄴 𑄃𑄬 𑄃𑄪𑄟𑄮𑄢𑄧𑄖𑄴 ।,.আমি এই উে টিকতে পারবো না
𑄥𑄬𑄚𑄬 𑄇𑄮𑄟𑄴 𑄖𑄧 𑄘𑄨𑄖𑄴𑄳𑄆𑄬 𑄦𑄮𑄣𑄪𑄋𑄴 𑄟𑄳𑄆𑄪 𑄇𑄧𑄝𑄨,সে কথা গুলো আমার ভালো লাগে
𑄃𑄉𑄋𑄧𑄢𑄴 𑄇𑄧𑄝𑄨𑄖𑄬𑄖𑄴 𑄃𑄨𑄇𑄴𑄬 𑄥𑄪𑄊𑄴 𑄘𑄪𑄊𑄧𑄢𑄴 𑄍𑄪𑄝𑄨,.আকাশের কবি এখন অনেক দৌাদৌি করবে
𑄃𑄉𑄬 𑄌𑄋𑄧𑄢𑄴 𑄟𑄬𑄘𑄨𑄚𑄨𑄠𑄚𑄴 𑄡𑄨𑄇𑄴𑄳𑄠𑄧𑄪𑄢𑄨 𑄛𑄢𑄧𑄁,আগে চাঙর মেেটা যতগুলো পারে
𑄥𑄎𑄬 𑄡𑄳𑄆𑄬 𑄚𑄚𑄚𑄴 𑄢𑄧𑄁 𑄣𑄨𑄝𑄨।,সাজে যে নানান রঙের লেই
𑄝𑄬𑄇𑄴 𑄖𑄧 𑄘𑄚𑄬 𑄖𑄧 𑄇𑄮𑄌𑄴𑄛𑄚𑄠𑄴,সব তোমার দানে ভরপুর
𑄃𑄬 𑄌𑄪𑄘𑄧 𑄎𑄨𑄁𑄇𑄚𑄨𑄠𑄚𑄴 𑄚𑄧 𑄦𑄧𑄣𑄧 𑄌𑄪𑄙𑄧,এই লুকোচুরি খেলাটা হলো না
𑄥𑄬𑄚𑄬 𑄇𑄨 𑄇𑄳𑄆𑄮𑄚𑄬 𑄓𑄉𑄨𑄟𑄴 𑄖𑄧𑄢𑄳𑄦𑄬,সে কেন আমাকে হুমকি দিবে
𑄞𑄝𑄨𑄚𑄳𑄆𑄬 𑄚𑄧 𑄛𑄋𑄳𑄦𑄧𑄢𑄴 𑄃𑄪𑄘𑄧 ।,চিন্তা করতে পারতেছি না
𑄥𑄨𑄚𑄪𑄖𑄴𑄳𑄠𑄳𑄆 𑄚𑄧 𑄛𑄋𑄳𑄦𑄧𑄢𑄴 𑄖𑄧𑄉𑄳𑄆𑄬 𑄇𑄧𑄚𑄧 𑄃𑄉𑄴𑄟𑄧𑄁𑄉𑄧𑄣𑄴,সেগুলোতেও পানা পাওা যা না
𑄘𑄧𑄋𑄧𑄢𑄴 𑄇𑄧𑄚𑄧 𑄛𑄖𑄴𑄪𑄢𑄪𑄖𑄪𑄢𑄪,দৌাদৌি
𑄘𑄨𑄣𑄪𑄁 𑄝𑄚𑄳𑄦 𑄎𑄉 𑄃𑄬 𑄟𑄧𑄚𑄧𑄢𑄴 𑄞𑄨𑄘𑄨𑄢𑄬,এই মনের জাগা শুধু এই মনের ভিতরে
𑄝𑄚𑄬 𑄚𑄳𑄆𑄨 𑄟𑄧𑄚𑄧𑄢𑄴 𑄉𑄪𑄢𑄪 ।,বানিে নিে যাওা মনের গুরু
𑄃𑄬 𑄃𑄨𑄁𑄉𑄢𑄴 𑄃𑄢𑄴 𑄝𑄢𑄴𑄝𑄳𑄠𑄧𑄃𑄚𑄬,এই নদী আরও বািেছে
𑄃𑄉𑄖𑄴𑄗𑄳𑄠 𑄦𑄮𑄠𑄬 𑄃𑄨𑄇𑄴𑄬 𑄘𑄨𑄚𑄴𑄧 𑄝𑄬𑄇𑄴𑄇𑄚𑄨 𑄞𑄉𑄴 𑄦𑄮𑄠𑄳𑄠,.আকাশ হেছে এখন সব ভাগ হেছে
𑄡𑄬𑄚𑄴 𑄞𑄉𑄴 𑄦𑄮𑄠𑄳𑄠 𑄇𑄨 𑄘𑄮𑄣𑄬 𑄗𑄃𑄮𑄠𑄳𑄠 𑄃𑄢𑄴 𑄚𑄬𑄠𑄳𑄦𑄳𑄠,.যেন ভাগ হেছে কি ভালো থাকে আর নাই
"𑄌𑄉𑄮𑄎𑄴𑄳𑄠𑄝𑄧𑄣𑄃𑄪𑄚𑄴 𑄞𑄉𑄴 𑄦𑄮𑄠𑄧𑄚𑄴 𑄦𑄣𑄴𑄳𑄠, 𑄎𑄣𑄴𑄳𑄠, 𑄇𑄟𑄴𑄮𑄣𑄳𑄆𑄮","চাগাগুলো ভাগ হে হাল দিে, জাল দিে, কাজ করে"
𑄝𑄳𑄆𑄮 𑄚𑄧 𑄛𑄢𑄧𑄚𑄴 𑄃𑄬𑄇𑄴 𑄎𑄉𑄖𑄴 𑄟𑄧𑄚𑄬 𑄛𑄎𑄨𑄠𑄬 𑄇𑄳𑄆𑄮 ।,বই না পারা এক জাগা মনে পে বলে
𑄞𑄉𑄴 𑄦𑄮𑄠𑄳𑄠 𑄃𑄢𑄧 𑄊𑄧𑄢𑄚𑄨 𑄘𑄮𑄣𑄴 𑄊𑄧𑄢𑄴 𑄞𑄢𑄴 𑄞𑄋 𑄊𑄧𑄢𑄴,ভাগ হে আবার ঘরগুলো সুন্দর হেছে আর ঘরগুলো সুন্দর হেছে
𑄝𑄬𑄢𑄚𑄴 𑄃𑄨𑄇𑄴𑄬 𑄥𑄬 𑄙𑄧𑄉𑄬 𑄥𑄬 𑄙𑄧𑄉𑄬 𑄦𑄮𑄠𑄳𑄠𑄧𑄚𑄴 𑄥𑄧𑄙𑄧𑄢𑄴 𑄛𑄧𑄢𑄴 ।,বোটা এখন সেই ভাবে হেছে
𑄞𑄉𑄴 𑄦𑄮𑄠𑄳𑄠 𑄃𑄢𑄧 𑄇𑄨𑄃𑄮𑄋𑄚𑄨 𑄛𑄢𑄴𑄝𑄧𑄖𑄴𑄳𑄠𑄧 𑄃𑄢𑄴 𑄝𑄧𑄚𑄴,ভাগ হওা আরও কিছু করতে পারা যা
𑄝𑄧𑄚𑄴 𑄇𑄧𑄣𑄬 𑄏𑄝𑄬 𑄛𑄧𑄢𑄧𑄚𑄴 𑄛𑄢𑄴𑄝𑄧𑄖𑄴𑄳𑄠𑄧 𑄇𑄧𑄣𑄬 𑄘𑄋𑄴𑄉𑄗𑄧𑄚𑄴 ।,মিলেমিশে থাকতে পারতেছে না বলে মারামারি করে
𑄃𑄬 𑄃𑄨𑄁𑄉𑄢𑄴 𑄃𑄢𑄴 𑄝𑄢𑄴𑄝𑄳𑄠𑄧𑄃𑄚𑄬 𑄇𑄪𑄘𑄴𑄪𑄢𑄴 𑄉𑄧𑄣𑄴𑄧 𑄌𑄧,এই মেশিনটা আর বোলটা কত ব করলো
𑄃𑄨𑄠𑄬𑄚𑄧𑄖𑄴𑄪𑄚𑄴 𑄃𑄪𑄘𑄪𑄢𑄬 𑄃𑄬𑄞𑄢𑄴 𑄃𑄊𑄬𑄚𑄨 𑄃𑄢𑄴 𑄞𑄧 !,এখানে থেকে উঠে আসার আছে আরও
𑄥𑄧𑄝𑄧𑄚𑄴,"স্বপ্ন, স্বপ্ন"
𑄇𑄧𑄙𑄧𑄇𑄴 𑄥𑄧𑄝𑄧𑄚𑄴 𑄘𑄬𑄊𑄨 𑄢𑄬𑄘𑄮𑄖𑄴,কত স্বপ্ন দেখতেছি রাতে
𑄊𑄪𑄟𑄧𑄖𑄴 𑄛𑄧𑄣𑄴𑄬 𑄃𑄟𑄨,ঘুম থেকে জেগে উঠলে আমরা
𑄦𑄏𑄨 𑄡𑄠𑄳𑄠𑄳𑄆𑄧 𑄇𑄨𑄎𑄪 𑄥𑄧𑄝𑄧𑄚𑄴 𑄇𑄨𑄎𑄪,হেঁটে যাওা আর কি সুন্দর কিসু
𑄗𑄠𑄴 𑄃𑄨𑄙𑄮𑄖𑄴,তাা এখানে
𑄟𑄪𑄢𑄧𑄖𑄴 𑄛𑄪𑄢𑄨 𑄓𑄪𑄝𑄨 ।,.মলা পুরে ডুবে যাওা
𑄈𑄪𑄏𑄨 𑄗𑄠𑄴 𑄟𑄧𑄚𑄚𑄴 𑄘𑄨𑄚𑄴𑄧 𑄥𑄧𑄝𑄧𑄚𑄚𑄴,.কুড়িয়ে থাকা মন দিন রাত স্বপ্ন
𑄦𑄧𑄣𑄬 𑄘𑄮𑄣𑄴,১. সুন্দর হলে সুন্দর ২. সুন্দর
𑄞𑄚𑄴𑄎𑄬 𑄡𑄪𑄚𑄨 𑄦𑄧𑄣𑄬 𑄥𑄬𑄇𑄴𑄬 𑄟𑄧𑄚𑄚𑄴,ভে যোগা হলে কিছুক্ষণ পর মন চলে যা
𑄇𑄣 𑄦𑄳𑄆𑄮−𑄚𑄧 𑄢𑄪𑄥𑄴𑄳𑄠 𑄦𑄧𑄠𑄴,কালো হে রা হ
𑄞𑄖𑄴-𑄛𑄚𑄨 𑄦𑄙𑄧𑄖𑄴 𑄚𑄧 𑄃𑄪𑄘𑄬 𑄇𑄟𑄴 𑄇𑄧𑄢𑄧𑄌𑄴,ভাত-পানি হাতে না উঠে কাজ করো
𑄇𑄨 𑄦𑄧𑄝𑄧𑄚𑄨 𑄇𑄨 𑄦𑄧𑄝𑄧 −,কি হবে কী হবে
𑄊𑄪𑄟𑄧 𑄥𑄧𑄝𑄧𑄚𑄴 𑄚𑄧 𑄣𑄉𑄨𑄣𑄬𑄠𑄳𑄠𑄧,ঘুম আসতেছে না
𑄇𑄧𑄘𑄧𑄇𑄴𑄇𑄚𑄨 𑄡𑄬 𑄣𑄉𑄬,কেকটা যে লাগে
𑄝𑄪𑄢𑄧 𑄝𑄪𑄢𑄨𑄠𑄬 𑄇𑄧𑄚𑄴,বুো বুো কোন কিছু
𑄥𑄬𑄚𑄬 𑄉𑄧𑄢𑄧𑄚𑄴 𑄟𑄚𑄴𑄎𑄳𑄠 𑄝𑄨𑄌𑄴𑄬𑄥𑄴,এক জাতী মাছ
𑄦𑄏𑄨𑄢𑄴 𑄝𑄧𑄏𑄧𑄢𑄴 𑄃𑄉𑄧𑄖𑄴𑄗𑄪𑄚𑄴,পাহাের বছর থেকে
𑄔𑄣𑄨 𑄘𑄳𑄆𑄨𑄚𑄬 𑄟𑄧𑄚𑄴 ।,ঢালিে দো মন
"𑄟𑄖𑄴𑄧𑄢𑄴, 𑄊𑄪𑄟𑄧 𑄥𑄧𑄝𑄧𑄚𑄴 𑄣𑄉𑄨𑄣𑄬𑄠𑄳𑄠𑄧","মা,ঘুমের স্বপ্ন লাগতেছে"
𑄛𑄪𑄚𑄴𑄘𑄨𑄇𑄴 𑄇𑄮𑄙𑄱𑄉𑄨 𑄇𑄮𑄙𑄠𑄴,.পজ্জোনের কথা
𑄇𑄧𑄚𑄧 𑄟𑄚𑄴𑄎𑄳𑄠𑄧𑄢𑄴 𑄟𑄧𑄚𑄧 𑄃𑄏,কোন মাার মন আছে
𑄃𑄬 𑄥𑄧𑄝𑄧𑄚𑄴𑄳𑄆𑄮𑄱 𑄚𑄧 𑄛𑄪𑄢𑄳𑄆 ।,এই জীবনটাও শেষ হ না
𑄡𑄬 𑄥𑄧𑄝𑄧𑄚𑄚𑄴 𑄎𑄇𑄴𑄳𑄠 𑄗𑄳𑄆𑄬𑄚𑄬,যে সপ্নটা ভালো থাকে
𑄌𑄮𑄊𑄴 𑄛𑄮𑄢𑄴 𑄛𑄮𑄢𑄳𑄆𑄬 𑄘𑄬𑄊𑄬,চোখের পলক পা
𑄡𑄬 𑄥𑄧𑄝𑄧𑄚𑄚𑄴 𑄊𑄪𑄟𑄴 𑄚𑄧 𑄚𑄨𑄠𑄳𑄆,যে স্বপ্ন গুলো ঘুমা না
𑄢𑄬𑄖𑄴 𑄘𑄨𑄚𑄴 𑄇𑄮𑄙 𑄇𑄳𑄆𑄮,রাতের বেলা কথা বলে
𑄣𑄪𑄋𑄬𑄝𑄣𑄴𑄳𑄆𑄮 𑄥𑄬 𑄎𑄉𑄚𑄧𑄖𑄴 𑄇𑄟𑄧𑄖𑄴,সে জাগা কাজ করতেছে
"𑄓𑄪𑄝𑄬 𑄗𑄳𑄆𑄮,",ডুবে থাকা
𑄃𑄣𑄴𑄥𑄨𑄝𑄮𑄢𑄬 𑄇𑄟𑄴𑄳𑄠𑄧 𑄝𑄚𑄳𑄆𑄬,আলসিটাকে কাজ দে
𑄢𑄇𑄴𑄳𑄠𑄧𑄝𑄧𑄢𑄬 𑄥𑄨𑄙𑄬,এক জাতী সবজি
𑄈𑄣𑄴𑄳𑄠𑄧 𑄢𑄧𑄝𑄮 𑄟𑄨𑄙𑄬 𑄝𑄚𑄳𑄆𑄬,খাল দিে ভাত তৈরি করে
𑄟𑄧𑄚𑄚𑄴 𑄈𑄝𑄳𑄆𑄬 𑄖𑄨𑄙𑄬 ।,মনটা খাওার জন্য তেতো
𑄃𑄝𑄣𑄴 𑄃𑄝𑄧𑄘𑄴 𑄓𑄮𑄢𑄬𑄝𑄢𑄴 𑄚𑄧𑄘𑄨,আাআি আাবাি
𑄝𑄧𑄚𑄴 𑄎𑄮𑄢𑄬 𑄘𑄨 𑄟𑄧𑄢𑄧𑄚𑄴𑄳𑄆𑄮 -,বেশি বেশি মারা যাওা
𑄛𑄬𑄘𑄧𑄖𑄴 𑄚𑄧 𑄛𑄮𑄢𑄮𑄇𑄴 𑄞𑄖𑄴-𑄛𑄚𑄨,পেটে না খাওা ভাত-পানি
𑄜𑄨𑄢𑄬𑄝𑄢𑄴 𑄚𑄧 𑄘𑄨 𑄌𑄨𑄖𑄴,.ফিরে যাওার ইচ্ছা নেই
𑄘𑄨𑄚𑄴 𑄟𑄥𑄴 𑄝𑄧𑄎𑄧𑄢𑄴 𑄉𑄮𑄋𑄮𑄇𑄴 𑄌𑄬𑄝𑄢𑄴,দিন মাস রোদ পোহানো
𑄚𑄧 𑄘𑄨 𑄢𑄨𑄚𑄨,না দো
𑄘𑄬𑄚𑄴 𑄝𑄁 𑄦𑄣𑄬𑄝𑄢𑄴 𑄦𑄧𑄣𑄬 𑄒𑄚𑄨,ডান বাম করতে হলে আলো
𑄢𑄊𑄳𑄆 𑄙𑄪𑄢𑄨,রাতকানা
𑄥𑄬 𑄥𑄧𑄝𑄧𑄚𑄚𑄴 𑄖𑄬 𑄎𑄖𑄴𑄳𑄠 𑄥𑄧𑄝𑄧𑄚𑄴,সে সপ্নটা সে জন্ম দিয়েছে
𑄃𑄬 𑄥𑄨𑄠𑄬𑄚𑄴𑄳𑄆𑄮 𑄃𑄬 𑄟𑄬𑄘𑄨𑄚𑄨𑄖𑄴,এই সেটা এই মেদিনীতে
𑄟𑄚𑄴𑄎𑄳𑄠 𑄃𑄧𑄟𑄧𑄢𑄴 𑄦𑄧𑄚𑄴 ।,মাা অমর হ
𑄡𑄬𑄠𑄳𑄠𑄳𑄆𑄧 𑄝𑄪𑄘𑄪𑄣𑄨,যে বুো
𑄇𑄧𑄟𑄧𑄣𑄬 𑄃𑄪𑄘𑄨𑄝𑄧𑄁 𑄎𑄉𑄨 𑄇𑄧𑄠𑄴 𑄘𑄨𑄚𑄴 𑄗𑄬𑄝𑄧𑄁 𑄊𑄪𑄟𑄧𑄖𑄴,কবে জেগে উঠবে জানিনা
𑄚𑄧 𑄃𑄪𑄘𑄨𑄝𑄧𑄁 𑄉𑄎𑄨 𑄇𑄨 𑄃𑄟𑄨 𑄃𑄬 𑄃𑄪𑄟𑄮𑄢𑄧𑄖𑄴 !,.আমরা এই সৈকতে কেন উঠবো না?
𑄎𑄪𑄘𑄧 𑄟𑄚𑄴𑄎𑄳𑄠 𑄇𑄨 𑄉𑄧𑄖𑄴𑄧𑄚𑄴 𑄃𑄢𑄴 𑄃𑄟𑄨 𑄉𑄮𑄢𑄳𑄦𑄨𑄢𑄴 𑄇𑄨,জুার মাছটা কি করতেছে আর আমরা গিেছি
𑄌𑄳𑄦𑄬𑄢𑄴 𑄚𑄨 𑄖𑄮𑄣𑄬 𑄇𑄧𑄚𑄧 𑄈𑄬𑄝𑄴 𑄟𑄧𑄚𑄧 𑄌𑄮𑄇𑄴𑄪𑄚𑄴 𑄘𑄨 ?,চোর নিে কোন খোলের চোখগুলো দিে?
𑄌𑄳𑄦𑄬𑄢𑄴 𑄇𑄨 𑄘𑄮𑄣𑄬 𑄇𑄧𑄚𑄧 𑄈𑄬𑄝𑄴 𑄖𑄢𑄳𑄦 𑄡𑄬𑄣𑄇𑄴 𑄇𑄪𑄙𑄪,চোর কি ভালো করে খাবে তারা কোথা গেল
𑄃𑄢𑄴 𑄇𑄨𑄖𑄴𑄗𑄳𑄆𑄬 𑄃𑄊𑄨 𑄃𑄟𑄨 𑄛𑄪𑄢𑄨 𑄙𑄪𑄣𑄴𑄳𑄠𑄖𑄴 𑄣𑄪𑄘𑄪𑄛𑄪𑄘𑄪 ?,আরও কি আছে আমাদেরপুে ঢোল বাজাবো?
𑄃𑄧𑄎𑄧𑄣𑄴 𑄇𑄨𑄖𑄴𑄗𑄳𑄆𑄬 𑄦𑄮𑄣𑄇𑄴 𑄖𑄢𑄳𑄦 𑄚𑄧𑄁 𑄥𑄧𑄁 𑄟𑄚𑄳𑄆𑄬 𑄦𑄳𑄆𑄮𑄚𑄬,.এত কেন হেছে তারা নম্বর অনুসারে হেছে
𑄃𑄢𑄴 𑄃𑄟𑄢𑄬 𑄇𑄨𑄖𑄴𑄗𑄳𑄆𑄬 𑄇𑄧𑄚𑄧 𑄇𑄨𑄖𑄴𑄬 𑄚𑄧 𑄛𑄳𑄆 𑄖𑄮𑄉𑄳𑄆𑄬𑄚𑄬?,আরও আমাকে কেন জিজ্ঞেস করে না?
𑄃𑄟𑄨 𑄃𑄊𑄨𑄘𑄳𑄆𑄬 𑄛𑄧𑄢𑄧 𑄇𑄣𑄧𑄢𑄴 𑄥𑄧𑄢𑄴𑄉𑄧 𑄚𑄨𑄢𑄴𑄝𑄚𑄧 𑄃𑄏𑄣𑄳𑄆𑄮,আমরা সবাই পরকালে যাব বলে বিশ্বাস করি
𑄥𑄨𑄠𑄬𑄚𑄴𑄳𑄆𑄮 𑄝𑄬𑄇𑄴 𑄦𑄧𑄣𑄧𑄁 𑄚𑄎𑄴 𑄟𑄪𑄘𑄨𑄍𑄧𑄚𑄴𑄧 𑄦𑄳𑄆𑄮 ।,.সেটা সব পরিষ্কার হেছে
𑄉𑄪𑄖𑄴𑄗𑄳𑄠-𑄃𑄇𑄴𑄧𑄣𑄴 𑄝𑄬𑄇𑄴𑄇𑄚𑄨 𑄗𑄳𑄆𑄬𑄚𑄬 𑄦𑄧𑄣𑄧𑄁 𑄘𑄋𑄳𑄦𑄧𑄢𑄴 𑄝𑄝𑄧𑄁,.ঘর-দরজা সব গুো হেছে
𑄚𑄨𑄎𑄧𑄢𑄴 𑄝𑄬𑄇𑄴𑄇𑄚𑄨 𑄃𑄨𑄢𑄨𑄘𑄳𑄆𑄨𑄚𑄬 𑄈𑄮𑄣𑄴𑄳𑄠 𑄏𑄢 𑄦𑄧𑄣𑄧𑄁 ।,.নিজের সবগুলো বের করে জঙ্গল হেছি
𑄇𑄚𑄴 𑄥𑄎𑄨𑄚𑄬 𑄃𑄨𑄇𑄴𑄬 𑄖𑄖𑄴𑄪𑄚𑄴 𑄝𑄬𑄉𑄬 𑄞𑄬𑄇𑄴𑄳𑄠 𑄟𑄉𑄨𑄢𑄴,কান সাজাে এখন তার থেকে ব ইঁদুর বের হ
𑄃𑄏 𑄛𑄪𑄢𑄬 𑄘𑄨𑄥𑄴 𑄃𑄮 𑄞𑄧𑄉𑄧𑄝𑄚𑄴 𑄇𑄨𑄢𑄴𑄝𑄳𑄠 𑄌𑄳𑄆𑄬𑄚𑄬 𑄓𑄉𑄨𑄢𑄴 ।,আছা পুরে দো ভগবান ভগবান চেইন দিে দৌা
𑄇𑄧𑄚𑄧 𑄇𑄨𑄌𑄴𑄪 𑄛𑄳𑄦𑄬𑄢𑄴 𑄇𑄨 𑄖𑄖𑄴𑄗𑄪𑄚𑄴 !,কোন কিছু পার আছে তার
𑄛𑄧𑄣𑄴𑄧𑄋𑄴 𑄃𑄢𑄧 𑄚𑄘𑄢𑄧𑄖𑄴,পলো আর নািতে
𑄌𑄨𑄂 𑄌𑄨𑄂−𑄊𑄨𑄂 𑄊𑄨𑄂 𑄦𑄳𑄆𑄮𑄚𑄬 𑄃𑄊𑄨 𑄘𑄋𑄴𑄉 𑄛𑄙𑄢𑄧𑄖𑄴 ।,ছিঁে ছিঁে আছে দাঙ্গার মাঠে
𑄛𑄧𑄢𑄧 𑄃𑄏𑄣𑄳𑄆𑄮 𑄗𑄳𑄆𑄘𑄳𑄠 𑄃𑄨𑄝𑄬𑄢𑄴 𑄇𑄧𑄚𑄧 𑄇𑄨𑄌𑄴𑄪 𑄇𑄨 𑄥𑄬𑄙𑄟𑄴 𑄗𑄳𑄆 ?,.পরের আপদে কি কিছু রেখেছো?
𑄝𑄪𑄏𑄨 𑄚𑄧 𑄌𑄳𑄆𑄬 𑄚𑄨𑄎𑄬 𑄚𑄧 𑄉𑄧𑄣𑄴𑄬 𑄞𑄧𑄉𑄧𑄝𑄚𑄧𑄖𑄴𑄪𑄚𑄴 𑄚𑄧 𑄛𑄠𑄴 ।,বুঝে না দেখে নিজে না করলে ভগবান থেকে পাওা যা না
"𑄃𑄪𑄢𑄳𑄦𑄧𑄚𑄴-𑄛𑄨𑄚𑄧𑄚𑄴, 𑄈𑄚-𑄡𑄚 𑄃𑄬 𑄃𑄪𑄚𑄧 𑄚𑄬𑄠𑄳𑄠 𑄥𑄪𑄚𑄴𑄎𑄪𑄇𑄴","উন- পিনন, খাওা-যাওা এইটা ভালো না"
𑄌𑄬𑄣𑄬 𑄛𑄳𑄦𑄬𑄢𑄴 𑄟𑄧𑄚𑄴 𑄛𑄪𑄢𑄳𑄆𑄬 𑄡𑄢𑄴 𑄡𑄨𑄠𑄬𑄚𑄴 𑄟𑄪𑄚𑄴𑄎𑄪𑄇𑄴 ।,চূা পাের মন ভরে যা এমন হ
𑄃𑄨𑄠𑄬𑄚𑄨 𑄡𑄢 𑄝𑄚𑄘𑄧𑄚𑄴 𑄃𑄨𑄠𑄬𑄚𑄨 𑄡𑄢 𑄥𑄎𑄘𑄧𑄚𑄴,"এগুলো যারা বানা, এগুলো যারা সাজাচ্ছে"
𑄖𑄢𑄳𑄦 𑄇𑄨 𑄟𑄉𑄨𑄚𑄬 𑄃𑄨𑄠𑄬𑄚𑄨 𑄞𑄧𑄉𑄧𑄝𑄧𑄚𑄧𑄖𑄴𑄪𑄚𑄴 𑄛𑄙𑄧𑄚𑄴 !,.তারা কি মাগীদের কাছ থেকে তাবিজ নিে আসছে
𑄞𑄧𑄉𑄧𑄝𑄚𑄧𑄖𑄴𑄪𑄚𑄴 𑄇𑄨𑄌𑄴𑄪 𑄚𑄧 𑄛𑄠𑄴 𑄖𑄢𑄳𑄦 𑄘𑄮𑄣𑄬 𑄇𑄳𑄆𑄮 𑄛𑄢𑄨,ভগবান থেকে কিছু পাওা যা না তারা ভালো করে বলতে পারে
𑄟𑄧𑄚𑄧 𑄌𑄮𑄇𑄴𑄪𑄚𑄴 𑄈𑄪𑄣𑄨 𑄖𑄢𑄳𑄦 𑄉𑄧𑄖𑄴𑄗𑄧𑄚𑄴 𑄉𑄪𑄖𑄴𑄗𑄳𑄠 𑄣𑄢𑄨,মনের চোখগুলো বন্ধ করে তারা যাত্রা শুরু করে
𑄖𑄢𑄳𑄦 𑄌𑄨𑄘𑄬𑄣𑄳𑄆𑄮 𑄃𑄬𑄌𑄴𑄳𑄠 𑄃𑄟𑄨 𑄦𑄏𑄨𑄢𑄴 𑄃𑄢𑄴 𑄟𑄘𑄨𑄢𑄴,তারা চূা দিে এসেছে আমরা হেঁটে আর মাটিতে
𑄖𑄢𑄳𑄦 𑄌𑄨𑄘𑄬𑄣𑄳𑄆𑄮 𑄃𑄬𑄥𑄴𑄳𑄠 𑄃𑄟𑄨 𑄥𑄧𑄢𑄴𑄉𑄧 𑄥𑄪𑄉𑄧𑄖𑄴 𑄞𑄏𑄨𑄢𑄴 ।,তাদের চিটিংবাজে আমরা স্বর্গে যাচ্ছি
𑄦𑄧𑄚𑄖𑄴𑄗𑄪𑄚𑄴 𑄙𑄪𑄢𑄨 𑄟𑄧𑄢𑄚 𑄥𑄧𑄁 𑄖𑄢𑄳𑄦 𑄉𑄪𑄕𑄚𑄨 𑄈𑄳𑄆𑄬,. হওাতাি মারা যাওা পর্যন্ত তারা গুণগুলো খেেছে
𑄖𑄳𑄠𑄧 𑄇𑄨𑄠 𑄃𑄟𑄨 𑄇𑄚𑄴 𑄥𑄎𑄨𑄚𑄳𑄆𑄬 𑄞𑄧𑄉𑄧𑄝𑄚𑄧𑄖𑄴𑄪𑄚𑄴 𑄖𑄮𑄉𑄳𑄆𑄬 !,.তরকারি দিে আমরা কান পরিষ্কার করে ভগবানের কাছ থেকে প্রার্থনা করি
𑄃𑄊𑄨𑄚𑄨 𑄃𑄢𑄴 𑄃𑄟𑄨 𑄟𑄚𑄪𑄌𑄴!,আাই আর আমরা মানুষ
𑄃𑄊𑄬𑄚𑄨 𑄃𑄟𑄢𑄴 𑄣𑄎𑄴!,আমার লজ্জা
𑄥𑄬𑄚𑄬 𑄘𑄧 𑄦𑄧𑄣𑄧𑄁 𑄃𑄬𑄙𑄧𑄇𑄴 𑄖𑄧𑄣𑄬 𑄦𑄧𑄣𑄧𑄁 𑄃𑄬𑄙𑄧𑄇𑄴 𑄚 𑄈𑄥𑄴 ।,সে তো নিচে হেছে এত নিচে হে
"𑄎𑄉𑄨 𑄃𑄬𑄞𑄬𑄣𑄴, 𑄉𑄪𑄖𑄴𑄗𑄳𑄠𑄃𑄚𑄴 𑄣𑄢𑄳𑄆𑄬, 𑄟𑄧𑄚𑄧 𑄌𑄮𑄇𑄴𑄪𑄚𑄴 𑄈𑄪𑄣𑄨","ঘুম থেকে উঠে, পেটটা বাঁকা করে,মনটা বন্ধ করে"
𑄚𑄧 𑄗𑄳𑄆𑄬 𑄃𑄢𑄴 𑄃𑄨𑄇𑄴𑄬𑄚𑄴 𑄦𑄳𑄆𑄮 𑄡𑄬𑄠𑄳𑄠𑄳𑄆𑄧 𑄝𑄪𑄘𑄪𑄣𑄨 ।,না থাকে আর একটু হে যা
𑄚𑄧 𑄦𑄧𑄣𑄬,"না হলে, না হলে"
𑄝 𑄝𑄨𑄎𑄧𑄠𑄴 𑄉𑄨𑄢𑄨 𑄈𑄬𑄢𑄴𑄝𑄪𑄣𑄨 𑄢𑄙𑄟𑄧𑄚𑄴,বা বিঝু গিরি খোল করে রাধামন
"𑄚𑄨𑄣𑄧𑄇𑄴 𑄙𑄧𑄚𑄴, 𑄛𑄪𑄚𑄴𑄳𑄠𑄧 𑄙𑄧𑄚𑄴, 𑄚𑄨𑄙𑄚𑄴𑄳𑄠,","নীল ধন,পুে ধন,নিচা,নিচে"
"𑄎𑄧𑄠𑄴 𑄉𑄨𑄢𑄨, 𑄎𑄧𑄠𑄴 𑄟𑄧𑄁𑄉𑄧𑄣𑄴, 𑄥𑄪𑄝𑄦𑄪","জ গিরি, জ মংগল"
𑄇𑄪𑄙𑄪 𑄃𑄊𑄧 𑄖𑄪𑄟𑄨 !,কোথা আছো তোমরা
𑄉𑄮𑄞𑄨𑄚𑄴 𑄞𑄧𑄎𑄧𑄟𑄚𑄬 𑄖𑄧𑄝𑄧𑄚 𑄉𑄮𑄢𑄳𑄦𑄨,গরুগুলো ভ পেলে তাাতাি করে
𑄥𑄧𑄢𑄴𑄉𑄧 𑄚𑄨𑄢𑄴𑄝𑄚𑄴 𑄡𑄨𑄙𑄪 𑄗𑄉𑄧 𑄟𑄧,স্বর্গে যেখানে থাকি আমি
𑄢𑄧𑄝𑄳𑄠𑄧 𑄥𑄪𑄚𑄨 𑄏𑄘𑄨 𑄟𑄘𑄨 𑄃𑄨𑄇𑄴𑄬,রব শোনা জাগা মাটিতে এখন
𑄃𑄬𑄡𑄧 𑄟𑄧𑄠𑄴𑄘𑄪 𑄜𑄨𑄢𑄨,এখন আমি ফিরে আসি
𑄃𑄪𑄘𑄴𑄙𑄮𑄢𑄴 𑄉𑄧𑄢𑄳𑄦𑄧 𑄟𑄧𑄢𑄳𑄦𑄬 ।,আমাকে উদ্ধার করো
"𑄖𑄮𑄟𑄢𑄴 𑄃𑄪𑄖𑄴𑄨-𑄛𑄪𑄖𑄴𑄨, 𑄚𑄨𑄎𑄬𑄚𑄨 𑄡𑄨𑄠𑄬𑄚𑄴","তোমার নাতনি,নিজের নাতনি"
𑄙𑄪𑄢𑄨 𑄗𑄬𑄝𑄢𑄴 𑄗𑄳𑄆𑄮 𑄡𑄬𑄠𑄳𑄠𑄧,.দরজার পাশে থাকার কথা আছে।
𑄟𑄧𑄢𑄳𑄦𑄬 𑄃𑄨𑄣𑄴𑄮𑄖𑄴 𑄘𑄨,আমাকে এখানে দো
𑄝𑄬𑄇𑄴 𑄦𑄢𑄬𑄠𑄳𑄠𑄧𑄁 𑄟𑄳𑄆𑄪 ।,সব হারিেছি আমি
𑄦𑄢𑄬𑄠𑄳𑄠𑄧𑄁 𑄖𑄮𑄟𑄢𑄴 𑄣𑄮 𑄔𑄣𑄴𑄳𑄠 𑄥𑄨𑄏𑄨,হারিেছি তোমার লাল ঢাল
𑄟𑄘𑄨𑄠𑄚𑄴 𑄡𑄨𑄃𑄧𑄖𑄴 𑄛𑄨𑄢𑄨 𑄛𑄨𑄢𑄨,মাটিটা যত পিঁি পিঁি
𑄟𑄧𑄚𑄧 𑄥𑄪𑄊𑄬 𑄝𑄪𑄇𑄴 𑄃𑄧𑄎𑄧𑄣𑄴 𑄉𑄮𑄢𑄳𑄦𑄨 𑄗𑄬𑄝𑄢𑄴,মন ভালো করে বুক শক্ত করে থাকার
𑄈𑄬𑄝𑄢𑄴 𑄟𑄧𑄢𑄬 𑄗𑄳𑄆𑄮 𑄡𑄬𑄠𑄳𑄠𑄧 −,খাওার জন্য আমাকে রেখে দিে যা
𑄦𑄢𑄬𑄠𑄧𑄁 𑄖𑄮𑄟 𑄘𑄨 𑄡𑄬𑄠𑄳𑄠 𑄥𑄨𑄏𑄨,হারিেং তোমা দিে যে সিঝি
"𑄝𑄬𑄣𑄚𑄴, 𑄎𑄪𑄚𑄚𑄴, 𑄖𑄢𑄃𑄪𑄚𑄴 𑄡𑄨𑄃𑄪𑄚𑄬","সূর্য, চাঁদ,তারা"
𑄟𑄧𑄢𑄬 𑄘𑄨𑄝𑄣𑄴𑄣𑄳𑄆 𑄃𑄪𑄟𑄧𑄢𑄴 𑄃𑄪𑄟𑄧𑄢𑄴,আমাকে দিওার সম গোসল করতে হবে
"𑄛𑄳𑄦𑄧𑄧𑄢𑄴, 𑄝𑄪𑄇𑄴 𑄞𑄧𑄢𑄧𑄚𑄴 𑄟𑄧𑄚𑄧 𑄥𑄪𑄊𑄴, 𑄦𑄏𑄨","আলো, বুক ভরা মন ভালো,হাসি"
"𑄉𑄨𑄘𑄴, 𑄃𑄳𑄆𑄣𑄳𑄠𑄁 𑄚𑄉𑄧𑄢𑄴","গিঁট,অমল নাগর"
𑄎𑄨𑄁𑄇𑄚𑄨 𑄞𑄪𑄢𑄨 𑄛𑄨𑄢𑄨 𑄛𑄨𑄢𑄨 ।,জীবনটা ছটফট করতেছে
𑄦𑄢𑄬𑄠𑄳𑄠𑄧𑄁 𑄥𑄬 𑄥𑄨𑄏𑄨 𑄝𑄮𑄠𑄳𑄠𑄢𑄚𑄴 𑄡𑄨𑄠𑄬𑄚𑄴,হারিে গেছি সেই সিঝির বইগুলো যা
𑄖𑄪𑄟𑄨 𑄘𑄨 𑄡𑄬𑄠𑄳𑄠𑄧 𑄚𑄨𑄎𑄬𑄎𑄬 𑄚𑄨𑄎𑄬𑄎𑄬 𑄝𑄪𑄇𑄴,তুমি দিে নিজে নিজে বুক
𑄞𑄧𑄢𑄧𑄚𑄴 𑄝𑄧𑄣𑄴 𑄝𑄢𑄳𑄦𑄳𑄆𑄬 𑄟𑄧𑄚𑄧 𑄥𑄪𑄊𑄬 𑄎𑄨𑄁𑄇𑄚𑄨,ভরণ বল দিে মনের ইচ্ছা পূরণ করা
𑄉𑄮𑄋𑄬𑄝𑄢𑄴 𑄟𑄬𑄘𑄨𑄚𑄨 𑄃𑄩𑄃𑄮𑄖𑄴 𑄥𑄧𑄁,গাগিটা মেদবহুল
𑄦𑄏𑄬𑄠𑄳𑄠𑄧𑄁 𑄟𑄳𑄆𑄪 𑄥𑄬 𑄝𑄧𑄣𑄚𑄴 𑄡𑄨𑄠𑄬𑄚𑄴 𑄝𑄪𑄉𑄧𑄖𑄴𑄗𑄪𑄚𑄴 𑄚𑄨𑄏𑄨,পাহািে আমি সেই কথাটা যে বুোটা থেকে বের হ
"𑄟𑄧𑄢𑄳𑄦𑄬 𑄘𑄨 𑄡𑄬𑄠𑄳𑄠𑄧 𑄣𑄪𑄃𑄧, 𑄇𑄘𑄝𑄧𑄚𑄴, 𑄖𑄚𑄴𑄎𑄁 𑄢𑄨𑄎𑄬𑄋𑄧𑄢𑄴","আমাকে দিে যা,কাঁটা দিেছি, তাঙিে রেছে"
𑄝𑄚𑄴 𑄃𑄨𑄙𑄨 𑄖𑄪𑄣𑄨 𑄉𑄧𑄁 𑄟𑄢𑄨 𑄇𑄮𑄎𑄬 𑄚𑄨 𑄍𑄨𑄚𑄨 𑄚𑄨𑄝𑄢𑄴 −,বাঁশটা উপরে তুলে কেটে নিে যাওার জন্য
𑄦𑄏𑄬𑄠𑄳𑄠𑄧𑄁 𑄥𑄬 𑄥𑄬𑄙𑄟𑄚𑄴 𑄟𑄳𑄆𑄪 𑄡𑄨𑄠𑄬𑄚𑄴 𑄖𑄪𑄟𑄨 𑄝𑄪𑄇𑄴 𑄜𑄢𑄨 𑄘𑄨,পাহাের সেই স্থানটা আমি যেখানে থাকি তোমরা বুক বন্ধ করে দে
"𑄡𑄬𑄠𑄳𑄠𑄧 𑄟𑄧𑄢𑄳𑄦𑄬 𑄟𑄧 𑄟𑄘𑄨𑄃𑄚𑄴, 𑄟𑄧𑄢𑄳𑄦𑄬, 𑄟𑄧 𑄙𑄧𑄚𑄴-𑄟𑄚𑄴","যে আমাকে আমার মাটি,আমাকে আমার ধন-মান"
𑄗𑄨𑄘𑄧𑄝𑄴𑄧𑄢𑄴 𑄗𑄮𑄝𑄣𑄴𑄣𑄳𑄆 𑄥𑄪𑄖𑄴𑄪𑄢𑄴𑄣𑄳𑄆𑄮 𑄝𑄪𑄇𑄴 𑄛𑄘𑄨,মাথা পলিথিন দিে বই পা
"𑄣𑄢𑄳𑄦𑄳𑄆𑄬 𑄉𑄧𑄖𑄴𑄬, 𑄟𑄧𑄖𑄴𑄬 𑄚𑄧 𑄓𑄮𑄢𑄬𑄝𑄢𑄴, 𑄣𑄪𑄌𑄴𑄳𑄠𑄧",".লবনাক্ত করতেছে,মনে হ না ধরার জন্য,লবনাক্ত"
𑄣𑄪𑄣𑄧𑄁 𑄉𑄣𑄨 𑄥𑄪𑄖𑄴𑄪𑄢𑄧 𑄒𑄬𑄋𑄧𑄖𑄴 𑄛𑄪𑄢𑄨 𑄖,.লম্বা পাহাি প্যান্টের পাে পুরেছে সে
𑄚𑄧𑄊𑄧𑄢𑄴 𑄈𑄘𑄨 𑄎𑄨𑄁𑄇𑄚𑄨 𑄉𑄮𑄋𑄬𑄝𑄢𑄴,.নাগাের খাগা দিে জীবন কাটানো
𑄊𑄨𑄚𑄬𑄝𑄢𑄴 𑄣𑄎𑄬𑄝𑄢𑄴 −,ঘৃণা করার জন্য লজ্জাবোধ
𑄉𑄪𑄣𑄨 𑄡𑄬𑄠𑄳𑄠 𑄟𑄧𑄢𑄴 𑄥𑄬 𑄥𑄨𑄏𑄨,আমার সে সিঝি
𑄉𑄪𑄖𑄴𑄗𑄳𑄠𑄠𑄚𑄴 𑄡𑄨𑄠𑄬𑄚𑄴 𑄖𑄪𑄟𑄨 𑄥𑄨𑄢𑄬 𑄜𑄢𑄨 𑄘𑄨,ঘরটি যা তুমি মাথা হেলান দে
𑄡𑄬𑄠𑄳𑄠𑄧 𑄟𑄧 𑄥𑄨𑄢𑄬𑄝𑄳𑄠𑄧𑄖𑄴 𑄖𑄊𑄧𑄖𑄴 𑄉𑄮𑄢𑄳𑄦𑄨,.যেটা আমার মাথা ব্যাথা করে
𑄌𑄨𑄘𑄬 𑄉𑄮𑄢𑄳𑄦𑄨 𑄝𑄬𑄇𑄴𑄇𑄚𑄨 𑄘𑄬𑄊𑄨 𑄇𑄨 𑄦𑄧𑄝𑄧,ছোট ছোট সবগুলো দেখে কি হবে
𑄚𑄧 𑄦𑄧𑄝𑄧 𑄑𑄨𑄊𑄴 𑄉𑄮𑄢𑄳𑄦𑄨 𑄣𑄳𑄆𑄮 𑄃𑄧𑄞𑄬𑄘𑄧𑄢𑄴 𑄘𑄬𑄈𑄴𑄳𑄠,.একটুও হবে না টিকির মতো হবে দেখতেছি
𑄚𑄧 𑄘𑄬𑄈𑄴𑄳𑄠 𑄇𑄟𑄴 𑄘𑄮𑄣𑄬 𑄘𑄣𑄬 𑄞𑄬𑄣𑄬 𑄞𑄬𑄣𑄬,না দেখে কাজ ভালো করে করলে নাকি
"𑄃𑄪𑄞𑄬 𑄚𑄳𑄆𑄨 𑄇𑄪𑄥𑄃𑄖𑄴𑄳𑄠 𑄘𑄢𑄨𑄖𑄴𑄳𑄠, 𑄜𑄢 𑄘𑄮𑄎","উপরের দিকে কুাটা দাঁিে আছে,ফারা দো"
𑄃𑄧𑄥𑄨𑄏𑄨 𑄝𑄬𑄇𑄴𑄇𑄚𑄨 𑄞𑄧𑄎𑄴 𑄚𑄨𑄠𑄳𑄆𑄬 𑄚𑄨𑄎𑄧𑄢𑄬,অসিঝি সবগুলো ভালো করে নিে নিজে
𑄢𑄮𑄇𑄴𑄳𑄠 𑄉𑄮𑄢𑄳𑄦𑄨 𑄘𑄧𑄝𑄴𑄘𑄧𑄝 𑄞𑄣𑄬𑄖𑄴𑄗𑄳𑄆𑄮,রোদ পোহানো ভালো
𑄚𑄋𑄴 𑄟𑄚𑄴 𑄇𑄪𑄢𑄬𑄝𑄢𑄴 −,.নাক থেকে পানি বের হওা -
𑄦𑄨𑄚𑄴 𑄦𑄮𑄠𑄳𑄠 𑄟𑄧𑄢𑄴 𑄥𑄬 𑄥𑄨𑄏𑄨 𑄣𑄮𑄃𑄚𑄴 𑄡𑄨𑄠𑄬𑄚𑄴,হেছে আমার সেই সিঝির লেজটা
𑄖𑄮𑄟 𑄇𑄬𑄠𑄳𑄠 𑄇𑄝𑄨 𑄘𑄨 𑄡𑄬𑄠𑄳𑄠𑄧 𑄟𑄧,তোমার মা কে কেটে দিে যা
"𑄇𑄬𑄠𑄳𑄠𑄖𑄴 𑄛𑄧𑄢𑄧 𑄝𑄬𑄖𑄪𑄣𑄴𑄝𑄨𑄥𑄴, 𑄝𑄧𑄎𑄧𑄋𑄴 𑄇𑄟𑄚𑄨𑄖𑄴","কোতে পর বোচ্ছে,বস করা"
𑄥𑄨𑄢𑄬 𑄣𑄮𑄋𑄬 𑄚𑄧 𑄗𑄳𑄆𑄬 𑄘𑄋𑄳𑄦𑄧𑄢𑄴 𑄎𑄨𑄘𑄴 𑄊𑄨𑄚𑄴𑄳𑄆𑄮 𑄃𑄪𑄘𑄪𑄢𑄬,মাথা নিচু করে থাকতে হ না দাঙিে আছে
𑄃𑄪𑄘𑄨 𑄎𑄮𑄛𑄴 𑄘𑄨 𑄣𑄢𑄳𑄦𑄬 𑄉𑄮𑄢𑄳𑄦𑄨 𑄟𑄪𑄎𑄪𑄋𑄬𑄘𑄨 𑄃𑄪𑄎𑄳𑄆𑄬 𑄇𑄮𑄎𑄬 𑄚𑄳𑄆𑄨,উঠাবসা করে হেঁটে হেঁটে কথা বলি
𑄥𑄪𑄖𑄴𑄪𑄢𑄴 𑄊𑄬𑄣𑄴 𑄘𑄝𑄳𑄆𑄬 𑄦𑄮𑄙𑄬 𑄘𑄳𑄆𑄨 𑄚𑄨𑄎𑄧𑄢𑄴 𑄘𑄧𑄝𑄴 𑄘𑄧𑄝 𑄘𑄧𑄢𑄳𑄦𑄧,সুতার শক্ত দৌাদৌি করে নিজের ব ব ভ করে
𑄉𑄮𑄢𑄳𑄦𑄨 𑄗𑄨𑄘𑄧𑄝𑄴𑄧𑄢𑄴 𑄗𑄮𑄝𑄢𑄴 −,গোিটা স্থির রাখার
𑄦𑄏𑄨 𑄡𑄬𑄠𑄳𑄠 𑄟𑄧𑄢𑄴 𑄥𑄬 𑄟𑄧𑄚𑄚𑄴 𑄡𑄨𑄠𑄬𑄚𑄴 𑄖𑄮𑄟𑄢𑄴,হেঁটে যাওা যে আমার সেই মনটা যা তোমার
"𑄃𑄘𑄪𑄢𑄨, 𑄌𑄨𑄖𑄴-𑄊𑄨𑄣𑄬, 𑄛𑄮𑄃𑄮𑄚𑄴𑄉𑄪𑄣𑄧, 𑄃𑄧𑄎𑄧𑄞𑄧 𑄥𑄧𑄟𑄧𑄖𑄴","একা একা,একা একা,একা একা,অমুক সম"
𑄝𑄬𑄇𑄴 𑄈𑄮𑄎𑄮𑄢𑄳𑄆𑄬 𑄚𑄨𑄎𑄨𑄚𑄳𑄆𑄬 𑄥𑄨𑄏𑄨𑄉𑄮𑄢𑄳𑄦𑄨 𑄟𑄧𑄢𑄳𑄦𑄬 𑄘𑄨 𑄡𑄬𑄠𑄳𑄠𑄧,সব খুঁজাখুজি করে আমাকে দিে যা
"𑄌𑄨𑄖𑄴 𑄘𑄨𑄃𑄮𑄣𑄴 𑄇𑄮𑄌𑄴𑄛𑄚 𑄔𑄣𑄨 𑄘𑄨 𑄘𑄮𑄠𑄳𑄠-𑄟𑄬𑄠𑄳𑄠, 𑄃𑄣𑄪𑄣𑄮-𑄘𑄪𑄣𑄮𑄣𑄳𑄆𑄮","মনের ইচ্ছা পূরণ করে দো-মেে,আলু-দুলিে"
"𑄦𑄏𑄨-𑄢𑄪𑄎𑄳𑄆𑄨, 𑄃𑄳𑄆𑄣𑄳𑄠𑄋𑄬, 𑄥𑄧𑄃𑄧𑄚𑄴-𑄝𑄳𑄦𑄧𑄚𑄬 𑄘𑄮𑄣𑄬","পাহাি-রুচি,ওলাঙে,সবগুলো ভালোভাবে চলে"
𑄃𑄎𑄃𑄎𑄨 𑄉𑄮𑄢𑄳𑄦𑄨 𑄗𑄬𑄝𑄢𑄴 𑄥𑄪𑄊𑄬 𑄘𑄪𑄊𑄬 −,সারাদিন একা একা থাকতে ভালো লাগে
𑄦𑄏𑄨 𑄡𑄬𑄠𑄳𑄠 𑄟𑄧𑄢𑄴 𑄥𑄬 𑄦𑄖𑄴𑄖𑄚𑄨 𑄡𑄨𑄠𑄬𑄚𑄨 𑄚𑄨𑄎𑄨𑄚𑄳𑄆𑄬,হাত দিে আমার সেই হাতগুলো নিে
𑄥𑄨𑄏𑄨 𑄉𑄮𑄢𑄳𑄦𑄨 𑄟𑄧𑄢𑄳𑄦𑄬 𑄘𑄨 𑄡𑄬𑄠𑄳𑄠𑄧 −,সে ছোট করে আমাকে দিে যা
𑄚𑄨𑄎𑄧𑄢𑄴 𑄇𑄟𑄚𑄨 𑄉𑄮𑄢𑄳𑄦𑄨 𑄝𑄣𑄬𑄘𑄴 𑄃𑄚𑄨𑄝𑄢𑄴 𑄃,নিজের কাজ নিজে করে আনার আছে
𑄥𑄪𑄖𑄴𑄪𑄢𑄴𑄣𑄳𑄆𑄮 𑄣𑄢𑄳𑄦𑄬𑄃𑄧𑄖𑄴 𑄗𑄨𑄠𑄳𑄆𑄬 𑄥𑄪𑄖𑄴𑄪𑄢𑄴,সুুটা থেমে থেমে আছে
𑄚𑄎𑄴 𑄉𑄮𑄚𑄨 𑄥𑄪𑄖𑄴𑄪𑄢𑄴 𑄦𑄮𑄙𑄳𑄆𑄬 𑄚𑄨𑄎𑄧𑄢𑄬 𑄢𑄮𑄇𑄴𑄳𑄠 𑄉𑄮𑄢𑄳𑄦𑄨 𑄚𑄨𑄎𑄧𑄢𑄴,.নাকটা গুো হে নিজে রোদ পোহা
𑄝𑄧𑄣𑄴 𑄝𑄧𑄣 𑄃 𑄘𑄧𑄝𑄴𑄘𑄧𑄝 𑄝𑄢𑄳𑄦𑄳𑄆𑄬 𑄖𑄪𑄣𑄨 𑄘𑄧𑄢𑄳𑄦𑄧 𑄟𑄧𑄢𑄳𑄦𑄧,শক্তি কম হলেও আমাকে তাাতাি তুলে দাও
𑄉𑄮𑄢𑄳𑄦𑄨 𑄖𑄪𑄢𑄨 𑄗𑄬𑄝𑄢𑄴 −,গিে বসে থাকা
𑄦𑄏𑄨 𑄡𑄬𑄠𑄳𑄠 𑄟𑄧𑄢𑄴 𑄥𑄬 𑄥𑄨𑄏𑄨 𑄒𑄬𑄋𑄚𑄨 𑄡𑄨𑄠𑄬𑄚𑄨,হাত দিে আমার সেই চিমটিগুলো গেছে
"𑄟𑄧𑄢𑄳𑄦𑄬 𑄘𑄨 𑄡𑄬𑄠𑄳𑄠𑄧 𑄥𑄨𑄣𑄴-𑄛𑄖𑄴𑄗𑄧𑄢𑄴, 𑄇𑄟𑄳𑄦-𑄖𑄢𑄬𑄁, 𑄟𑄮𑄚𑄴 -","আমাকে দিে যে শীল- পাথর,কাজ-তারং,মোন"
"𑄟𑄪𑄢𑄧, 𑄥𑄧𑄁 𑄎𑄋𑄣𑄴 𑄝𑄳𑄆𑄬 𑄘𑄧𑄢𑄳𑄦𑄧 𑄟𑄧𑄢𑄳𑄦𑄧 𑄉𑄮𑄢𑄳𑄦𑄨 𑄘𑄧𑄝𑄴𑄘𑄧𑄝𑄳𑄆𑄬",".আমি,সমান জাগা বেে ভ পাচ্ছি"
𑄝𑄣𑄬𑄘𑄨 𑄇𑄟𑄧𑄖𑄴 𑄃 𑄥𑄪𑄖𑄴𑄪𑄢𑄧 𑄟𑄪𑄎𑄪𑄋𑄧𑄖𑄴 𑄃𑄪𑄎𑄬𑄝𑄢𑄴 −,.বালির কাজে একটি সুতার মাথা উঠার সম।
𑄉𑄪𑄣𑄨 𑄡𑄬𑄠𑄳𑄠𑄧𑄚𑄴 𑄟𑄧𑄢𑄴 𑄥𑄬 𑄌𑄮𑄇𑄴𑄪𑄚𑄴 𑄡𑄨𑄃𑄪𑄚𑄴 𑄃𑄃𑄮𑄎𑄬,গুলি দিে আমার সেই চোখগুলো আসে
"𑄥𑄨𑄏𑄨 𑄉𑄮𑄢𑄳𑄦𑄨 𑄟𑄧𑄢𑄳𑄦𑄬 𑄘𑄨 𑄡𑄬𑄠𑄳𑄠𑄧 𑄉𑄧𑄟𑄴 𑄞𑄚𑄴𑄎𑄬, 𑄘𑄮𑄣𑄴, 𑄘𑄮𑄣𑄴 𑄚𑄳𑄆𑄬","সে গরুটা আমাকে ভালো করে দিে যা, সুন্দর, সুন্দর নেই"
"𑄢𑄋-𑄇𑄣, 𑄙𑄧𑄇𑄴-𑄝𑄬𑄙𑄇𑄴, 𑄃𑄢𑄇𑄪𑄢𑄧, 𑄃𑄘𑄧𑄁 𑄇𑄎𑄧𑄢𑄴, 𑄥𑄪𑄊𑄴-𑄘𑄪𑄊𑄴","লাল-কালা, সাদা-কালো, আংটা কাজ,সুক্ষ্ম-সুক্ষ্ম, সুক্ষ্ম-সুক্ষ্ম"
"𑄝𑄬𑄇𑄴𑄇𑄚𑄨 𑄢𑄨𑄚𑄨 𑄌𑄳𑄆𑄬, 𑄖𑄮𑄣𑄬 𑄌𑄳𑄆𑄬 𑄚𑄨𑄎𑄧𑄢𑄬 𑄝𑄪𑄏𑄬𑄝𑄢𑄴, 𑄥𑄎𑄬𑄝𑄢𑄴,","সবগুলো দেখে দেখে,সবগুলো দেখে নিজের চিনতে পারা"
"𑄦𑄮𑄝𑄢𑄴, 𑄉𑄮𑄢𑄳𑄦𑄨𑄝𑄢𑄴 𑄃𑄇𑄴𑄧𑄣𑄚𑄴 𑄖𑄪𑄎𑄨𑄟𑄴 𑄛𑄪𑄢𑄧 𑄉𑄮𑄢𑄳𑄦𑄨 𑄘𑄨𑄝𑄢𑄴 −",". হওার,গাির আংটা গুঁো করে দো"
"𑄝𑄪𑄘𑄪𑄣𑄨 𑄡𑄬𑄠𑄳𑄠 𑄟𑄧𑄢𑄴 𑄚𑄇𑄴𑄳𑄠𑄧, 𑄟𑄪𑄠𑄚𑄴 𑄃 𑄇𑄚𑄚𑄨 𑄡𑄨𑄠𑄬𑄚𑄨 𑄞𑄢𑄨","বুোটা যে আমার নাম, আমি হলাম কানিটা ভারী"
𑄥𑄨𑄏𑄨 𑄉𑄮𑄢𑄳𑄦𑄨 𑄉𑄮𑄞𑄨𑄚𑄴 𑄃𑄏𑄣𑄳𑄆𑄮 𑄃𑄃𑄮𑄎𑄬 𑄘𑄨 𑄡𑄬𑄠𑄳𑄠𑄧,সিঝি গরুগুলো বাসা ঢুকে যা
"𑄚𑄨𑄎𑄬𑄎𑄴 𑄣𑄳𑄆𑄮 𑄜𑄬𑄣𑄳𑄆𑄬 𑄝𑄎𑄨 𑄗𑄳𑄆𑄬 𑄖𑄪𑄟𑄴 𑄝𑄎𑄴,",.নিজের ভালোবাসা ফেলে রেখে তুমি বেঁচে থাকো
"𑄛𑄮𑄎 𑄝𑄎𑄴 𑄝𑄪𑄏𑄨𑄚𑄳𑄠, 𑄟𑄘𑄨𑄚𑄳𑄠𑄳𑄆 𑄚𑄨𑄎𑄧 𑄌𑄨𑄚𑄴 𑄘𑄨𑄚𑄳𑄆𑄬",".পোজা বাি বুঝছো,মাদিেও নিজের চিনবে না"
"𑄥𑄪𑄊𑄴-𑄘𑄪𑄊𑄧𑄢𑄴 𑄇𑄮𑄙 𑄇𑄳𑄆𑄮, 𑄉𑄧𑄟𑄴-𑄝𑄧𑄎𑄧𑄁 𑄝𑄬𑄇𑄴𑄇𑄚𑄨 𑄥𑄪𑄚𑄨𑄚𑄳𑄠𑄳𑄆,","সু-সুি কথা বলে, ভালো-খারাপ সবগুলো শুনতেছি"
𑄝𑄪𑄏𑄨𑄚𑄳𑄠𑄳𑄆 𑄃𑄇𑄴𑄧𑄣𑄚𑄴 𑄝𑄢𑄬𑄚𑄳𑄠𑄳𑄆 𑄇𑄟𑄴 𑄉𑄮𑄢𑄳𑄦𑄨𑄝𑄢𑄴 𑄃,মনে হ বুঝি আপ্যান করে কাজ করার আছে
"𑄥𑄪𑄖𑄴𑄪𑄢𑄴𑄣𑄳𑄆𑄮 𑄎𑄮𑄝𑄴 𑄘𑄨-𑄎𑄮𑄠𑄢𑄴 𑄛𑄢𑄨, 𑄇𑄨𑄎𑄬𑄇𑄴 𑄇𑄢𑄳𑄦𑄨","সুতা দিে জোা করতে পারি, কি জানি"
𑄥𑄪𑄖𑄴𑄪𑄢𑄪𑄚𑄴 𑄦𑄮𑄙𑄬𑄝𑄢𑄴।,রান্নাঘর থেকে বের হওা
𑄇𑄨𑄌𑄴𑄪 𑄚𑄳𑄆𑄬 𑄃𑄢𑄴 𑄟𑄧𑄢𑄴,আমার কিছু নেই আর
𑄇𑄨𑄌𑄴𑄪 𑄚𑄳𑄆𑄬,কিছু নেই
𑄝𑄬𑄇𑄴 𑄜𑄪𑄘𑄴𑄧 𑄦𑄳𑄆𑄮 𑄦𑄮𑄣𑄪𑄁 𑄥𑄢𑄳𑄦 𑄚𑄙 𑄚𑄘𑄧𑄁 𑄥𑄢𑄳𑄦,সব শেষ হে গেল
"𑄗𑄨𑄘𑄧 𑄞𑄨𑄙𑄬 𑄚𑄳𑄆𑄬,",স্থির বিশ্বাস নেই
𑄘𑄨𑄇𑄴 𑄇𑄝𑄪𑄣𑄧 𑄦𑄳𑄆𑄮 𑄃𑄢𑄛𑄉𑄧𑄣𑄴 𑄥𑄎𑄨,দিক কালো হে পাগল হেছে
"𑄟𑄪𑄚𑄪𑄌𑄴𑄧𑄢𑄴𑄃𑄮 𑄥𑄧𑄠𑄴, 𑄦𑄬𑄟𑄚𑄴𑄃𑄮 𑄚𑄧𑄠𑄴","মুষলও সে,মলাও না"
𑄉𑄮𑄢𑄳𑄦𑄨 𑄚𑄨𑄎𑄧 𑄦𑄬𑄢 𑄚𑄨𑄎𑄬 𑄈𑄳𑄆𑄬,গোরি নিজের মাংস নিজে খেে
"𑄚𑄨𑄎𑄧𑄢𑄳𑄦𑄬 𑄚𑄨𑄎𑄬 𑄝𑄨𑄎𑄨, 𑄣𑄪𑄌𑄴𑄳𑄠𑄧-𑄣𑄪𑄣𑄮𑄁 𑄉𑄣𑄨","নিজে নিজে বিজি,লুলিে লাফিে গালি"
𑄥𑄪𑄖𑄴𑄪𑄢𑄧 𑄒𑄬𑄋𑄧𑄖𑄴 𑄛𑄪𑄢𑄨 𑄖 𑄣𑄬𑄎𑄮𑄖𑄴,ধুতির পাে পুরে তার লেজে
𑄙𑄪𑄢𑄨 𑄃𑄊𑄧𑄁 𑄔𑄪𑄣𑄨 ।,.দরজাটা বন্ধ করে রাখ
"𑄥𑄬𑄚𑄬, 𑄖𑄮𑄟𑄢𑄳𑄦𑄬 𑄥𑄪𑄢𑄧𑄚𑄴 𑄉𑄧𑄢𑄳𑄦𑄧𑄋𑄧𑄢𑄴","সে,তোমাকে সুর করতেছে"
𑄃𑄬𑄡𑄧 𑄏𑄙𑄨 𑄟𑄘𑄨,এক জাতী মাটি
𑄚𑄧 𑄗𑄇𑄴𑄳𑄠𑄧 𑄃𑄢𑄴 𑄣𑄪𑄉𑄴 𑄘𑄨,না থাকে আরও লুলা দিে
𑄍𑄞 𑄘𑄮𑄊𑄨 𑄟𑄪𑄢𑄴 𑄃𑄢𑄪𑄊𑄬 𑄟𑄧,ছাা দো আমার জন্য অপেক্ষা করছে
"𑄌𑄨𑄖𑄴 𑄊𑄨𑄣𑄬, 𑄛𑄮𑄃𑄮𑄚𑄴 𑄉𑄪𑄣𑄧, 𑄃𑄘𑄪𑄢𑄨","প্রাণটা ঘিলে, পোা গুল, আু"
"𑄃𑄧𑄎𑄧𑄝𑄧𑄖𑄴, 𑄝𑄪𑄉𑄧𑄖𑄴, 𑄛𑄧𑄢𑄚𑄧𑄖𑄴, 𑄟𑄧𑄚𑄧𑄖𑄴,","অসম,বুো,বুো,মনে"
"𑄉𑄪𑄖𑄴𑄒𑄳𑄠𑄖𑄴, 𑄚𑄨𑄎𑄬𑄎𑄧𑄖𑄴,𑄟𑄪𑄃𑄧𑄖𑄴, 𑄘𑄨 𑄌𑄮𑄊𑄧𑄖𑄴,","পেটটা,নিজের,মুত,দুই চোখ"
"𑄘𑄨 𑄇𑄚𑄧𑄖𑄴, 𑄘𑄨 𑄦𑄙𑄧𑄖𑄴, 𑄘𑄨 𑄒𑄬𑄋𑄧𑄖𑄴 𑄃𑄉𑄧","দুই কান,দুই হাত,দুই পা"
"𑄖𑄬𑄎𑄬, 𑄃𑄉𑄧 𑄞𑄬𑄎𑄬, 𑄃𑄉𑄧 𑄟𑄧𑄚𑄬,","তেজে,আগে ভেসে,আগে মনে"
𑄃𑄉𑄧 𑄥𑄬𑄙𑄟𑄬 𑄚𑄮 𑄉𑄮𑄢𑄳𑄦𑄨 𑄝𑄬𑄘𑄨 ।,আগে সেখানে কোন গোা বেদী ছিলোনা
𑄚𑄧 𑄦𑄧𑄣𑄬 −,না হলে-না হলে
𑄇𑄨𑄌𑄴𑄪 𑄚𑄧 𑄗𑄬𑄝𑄧 𑄖𑄮𑄟𑄢𑄴,তোমার কিছু থাকবে না
𑄟𑄳𑄆𑄪𑄃𑄮 𑄣𑄪𑄉𑄨 𑄡𑄬𑄟𑄴,মুখ লুকিে যাওা
𑄖𑄮𑄟𑄢𑄴 𑄃𑄮 𑄚𑄋 𑄥𑄬𑄙𑄟𑄴 𑄣𑄪𑄉𑄨𑄝𑄧 ।,তোমার ও নাামাা শেষ হবে
"𑄈𑄬𑄢𑄴 𑄝𑄪𑄣𑄨 𑄥𑄬𑄚𑄛𑄧𑄖𑄨, 𑄃𑄨𑄣𑄴𑄮𑄖𑄴 = 𑄘𑄠𑄨𑄖𑄴𑄧 , 𑄜𑄪𑄘𑄴𑄧 = 𑄥𑄧𑄝𑄴 𑄇𑄨𑄌𑄪 𑄈𑄢, 𑄖𑄧𑄝𑄧𑄚 =𑄥𑄙𑄧𑄚","খোলের নেতা,এখানে তো দািে আছে,ফুদ - সব কিছু খাওা,তাাতাি"
𑄍𑄞 = 𑄌𑄮𑄉𑄮𑄖𑄴 / 𑄟𑄧𑄚𑄧𑄖𑄴 𑄞𑄎 𑄘𑄨 𑄃𑄪𑄘𑄧𑄚 ( 𑄌𑄮𑄈𑄬/𑄟𑄧𑄚𑄬 𑄞𑄬𑄥𑄬 𑄃𑄪𑄒 ),ছাা/চোখে/মনে পা
𑄃𑄚𑄪𑄙𑄮𑄢𑄴,অব্য পদ
𑄃𑄪𑄘𑄧 𑄚𑄳𑄆𑄬 𑄦𑄮𑄠𑄳𑄠 𑄞𑄝𑄨 𑄇𑄨𑄇𑄴𑄬 𑄇𑄨𑄖𑄴𑄳𑄆𑄬 𑄃𑄨𑄇𑄴𑄈𑄬𑄚𑄴 𑄦𑄧𑄣𑄧,উ নেই এমন চিন্তা কিে আজকে হেছে
𑄃𑄇𑄴𑄧𑄣𑄴 𑄛𑄧𑄘𑄧𑄢𑄴 𑄝𑄬𑄇𑄴𑄇𑄚𑄨 𑄘𑄧 𑄃𑄟𑄢𑄴 𑄞𑄏𑄨 𑄉𑄬𑄣𑄧 !,এক পাের সবগুলো আমার ভাই গেল
𑄙𑄪𑄎𑄴 𑄈𑄬𑄣𑄬 𑄞𑄨𑄣𑄬 𑄝𑄪𑄎𑄴 𑄃𑄝𑄪𑄎𑄬 𑄃𑄇𑄴𑄧𑄣𑄚𑄴 𑄃𑄪𑄘𑄬 𑄍𑄉𑄨,ধাক্কা খেে মাথা ঘুরে উঠে
𑄃𑄨𑄠𑄬 𑄘𑄧 𑄃𑄟𑄢𑄴 𑄃𑄪𑄉𑄪𑄙𑄧 𑄃𑄢𑄧 𑄝𑄬𑄇𑄴𑄈𑄚𑄨 𑄉𑄬𑄣𑄧 𑄔𑄉𑄨𑄨 ।,.এটা তো আমার উপর আর সব ভেসে গেল
𑄦𑄧𑄣𑄧𑄁 𑄃𑄨𑄇𑄴𑄬 𑄃𑄢 𑄛𑄉𑄧𑄣𑄴 𑄥𑄬𑄙𑄟𑄚𑄴 𑄉𑄬𑄣𑄧 𑄉𑄪𑄣𑄨,.হওা পাগল সেখানে গেল
𑄥𑄬𑄙𑄟𑄴𑄝𑄧𑄣 𑄦𑄧𑄣𑄧𑄁 𑄝𑄚 𑄚𑄨𑄎𑄧𑄢𑄬 𑄚𑄨𑄎𑄬 𑄟𑄪𑄣𑄨 ।,.সে মেজবানটা শুধু নিজের জন্য বানাই
𑄚𑄨𑄎𑄧 𑄌𑄳𑄦𑄢 𑄚𑄨𑄎𑄬 𑄣𑄪𑄉𑄬𑄢𑄴 𑄚𑄨𑄎𑄬 𑄚𑄨𑄎𑄧𑄢𑄴 𑄦𑄧𑄣𑄧𑄁 𑄡𑄧𑄟𑄴,নিজের চামা নিজে লুট করে নিজে নিজের হেছি
𑄚𑄧 𑄝𑄪𑄏𑄨𑄢𑄴 𑄃𑄢𑄴 𑄞𑄝𑄨 𑄃𑄨𑄇𑄴𑄬 𑄇𑄪𑄝𑄮𑄚𑄴 𑄞𑄚𑄴𑄎𑄬 𑄉𑄧𑄟𑄴 ।,না বুঝে আর চিন্তা করে এখন দুইটা বাি বানানো ভালো
𑄚𑄧 𑄜𑄬𑄣𑄬𑄢𑄴 𑄃𑄢 𑄌𑄮𑄊𑄧 𑄛𑄚𑄨 𑄟𑄪 𑄚𑄧 𑄦𑄧𑄢𑄴 𑄃𑄢𑄴 𑄇𑄣,. না ফেলে আসা চোখের পানি আমি না ফেলে আর কালো
𑄚𑄧 𑄝𑄪𑄏𑄨𑄢𑄴 𑄃𑄢𑄴 𑄘𑄪𑄊𑄴 𑄇𑄢𑄳𑄦𑄬 𑄇𑄧𑄠𑄴 𑄚𑄧 𑄝𑄪𑄏𑄨𑄢𑄴 𑄃𑄢𑄴 𑄎𑄣 ।,না বুঝে আর দুঃখ কাকে বলে না
𑄥𑄧𑄘𑄴 𑄦𑄢𑄳𑄦 𑄦𑄳𑄆𑄮 𑄝𑄬𑄇𑄴𑄈𑄚𑄴 𑄦𑄧𑄣𑄧𑄁 𑄦𑄧𑄎𑄧𑄟𑄴 𑄝𑄪𑄘𑄴𑄙𑄨 𑄚𑄎𑄴,ভালো হারিে সব গুলো হজম হে গেল
𑄘𑄬𑄊𑄨𑄚𑄬𑄃𑄮 𑄚𑄧 𑄘𑄬𑄊𑄨𑄢𑄴 𑄃𑄨𑄇𑄴𑄬 𑄝𑄬𑄇𑄴 𑄦𑄢𑄳𑄦𑄬𑄣𑄧𑄁 𑄞𑄎𑄴 ।,.দেখেও দেখি না এখন সব ভেছে
𑄟𑄬𑄟 𑄟𑄨𑄥𑄴𑄳𑄢𑄨 𑄟𑄮𑄎𑄝𑄳𑄠𑄧 𑄘𑄳𑄆𑄬 𑄌𑄮𑄊𑄴-𑄟𑄪 𑄃𑄚𑄴𑄙𑄢𑄴 𑄦𑄳𑄆𑄮,মেেদের মিশিে দিে চোখগুলো অন্ধকার হ
𑄥𑄪𑄖𑄴𑄗𑄪𑄢𑄴𑄝𑄳𑄠𑄧𑄢𑄬 𑄥𑄧𑄙𑄧𑄢𑄴 𑄉𑄧𑄣𑄴𑄧𑄋𑄴 𑄎𑄘𑄴-𑄞𑄨𑄙𑄬 𑄝𑄬𑄇𑄴 𑄗𑄳𑄆𑄮 ।,.সুতারকে সব জিনিসপত্র গুছালো
𑄛𑄪𑄘𑄪𑄣𑄴 𑄥𑄎𑄨 𑄦𑄧𑄣𑄧𑄁 𑄃𑄨𑄇𑄴𑄬 𑄇𑄬𑄠𑄳𑄠 𑄃𑄊𑄬 𑄛𑄧𑄢𑄚𑄴 𑄚𑄳𑄆𑄬,.পুালটা শুে হলাম এখন আর প্রাণ নেই
𑄛𑄬𑄝𑄢𑄴 𑄃𑄏𑄠𑄴 𑄘𑄨𑄣𑄧𑄁 𑄖𑄢𑄳𑄦𑄬 𑄉𑄪𑄖𑄴𑄗𑄳𑄠-𑄟𑄧𑄚𑄴 𑄝𑄬𑄇𑄴 𑄉𑄮𑄎𑄳𑄆𑄬 ।,.তাকে খাবারের লোভ দিে মনের ইচ্ছে পূরণ করলাম
𑄖 𑄥𑄎𑄣𑄳𑄆𑄮 𑄥𑄏𑄨𑄢𑄴 𑄃𑄨𑄇𑄴𑄬 𑄖 𑄟𑄘𑄣𑄳𑄆𑄮 𑄟𑄘𑄨𑄢𑄴,তার স্যাঁতসেঁতে স্যাঁতসেঁতে মাটি
𑄖𑄬 𑄡𑄨𑄇𑄴𑄈𑄳𑄠𑄚𑄴 𑄇𑄧𑄢𑄴 𑄖 𑄙𑄧𑄉𑄬 𑄘𑄮𑄣𑄴 𑄉𑄧𑄢𑄳𑄦𑄨𑄚𑄬 𑄚𑄎𑄨𑄢𑄴।,সে যতবার তার সাথে সুন্দর করে নাচে
𑄦𑄬𑄚𑄴 𑄃𑄨𑄚𑄴𑄎𑄬𑄛𑄴𑄛𑄚𑄴 𑄘𑄨𑄣𑄧𑄁 𑄞𑄎𑄳𑄆𑄬 𑄃𑄨𑄇𑄴𑄳𑄠𑄧 𑄝𑄨𑄢𑄨𑄣𑄳𑄆𑄮,হেঁচাটা ভাঁজ করে এখন বিেলো
𑄞𑄪𑄣𑄧𑄖𑄴 𑄛𑄪𑄢𑄳𑄦𑄨 𑄔𑄣𑄨 𑄘𑄬𑄊𑄬𑄢𑄴 𑄝𑄢𑄬𑄋𑄴 𑄃𑄪𑄝𑄮𑄘𑄴 𑄦𑄳𑄆𑄮 ।,ভূলে পে দেখে বার বার উঠতে হ
𑄃𑄢𑄧 𑄝𑄢𑄴𑄝𑄳𑄠𑄧 𑄌𑄬𑄘𑄳𑄆𑄬 𑄘𑄋𑄳𑄦𑄧𑄢𑄴 𑄈𑄮𑄣𑄳𑄆𑄬 𑄘𑄬𑄝 𑄟𑄖𑄴𑄗𑄧𑄋𑄴 𑄌𑄳𑄆𑄬 𑄉𑄪𑄘𑄧,আর বার বার দাঁিে দাঁিে দাঁিে দাঁিে আকাশটা দেখতে হ
𑄛𑄧𑄘𑄧𑄢𑄴 𑄦𑄬𑄙𑄧𑄇 𑄞𑄋𑄴𑄳𑄠 𑄃𑄟𑄢𑄴 𑄚𑄨𑄎𑄧𑄢𑄬 𑄚𑄧 𑄌𑄳𑄦𑄬𑄢𑄴 𑄃𑄪𑄘𑄧 ।,পাহাের হেঁচা ভেঙে আমার নিজের দিকে তাকা না
𑄟𑄪𑄘𑄨 𑄥𑄧𑄚𑄴𑄧 𑄦𑄳𑄆𑄮𑄚𑄬 𑄃𑄨𑄇𑄴𑄬 𑄛𑄪𑄚𑄧𑄖𑄴 𑄊𑄪 𑄗𑄳𑄆𑄬 𑄥𑄨𑄢𑄳𑄦𑄬 𑄙𑄮𑄢𑄴,মুদির সম হে এখন পাছা গিে গিে মাথা ব্যাথা হ
𑄃𑄣𑄴𑄉 𑄃𑄪𑄝𑄧𑄢𑄴 𑄥𑄪𑄊𑄧𑄖𑄴 𑄗𑄬𑄝𑄢𑄴 𑄃𑄪𑄘𑄴𑄙𑄮𑄢𑄧 𑄇𑄮𑄙 𑄇𑄮𑄢𑄴 ।,.আকাশ উার সম থাকার জন্য পরামর্শ করো।
𑄇𑄬𑄣𑄧 𑄇𑄣 𑄦𑄧𑄣𑄧𑄁 𑄝𑄬𑄇𑄴𑄈𑄚𑄴 𑄟𑄬𑄠𑄳𑄠-𑄘𑄮𑄠𑄳𑄠 𑄦𑄢,কালো হেছে সব মেেরা-দাা
𑄚𑄨𑄎𑄬 𑄟𑄧𑄣𑄴𑄬 𑄦𑄨𑄣𑄴 𑄛𑄬𑄭 𑄃𑄢𑄧 𑄚𑄎𑄳𑄆𑄬 𑄘𑄮𑄣𑄬 𑄝𑄢𑄳𑄦 ।,নিজে নিজে হিল পেে আর নেচে নেচে ভালো করে বো
𑄞𑄝𑄨 𑄃𑄨𑄇𑄴𑄬 𑄟𑄪𑄢𑄧𑄖𑄴 𑄛𑄪𑄢𑄨 𑄃𑄨𑄠𑄬𑄚𑄴 𑄦𑄧𑄣𑄧 𑄇𑄨,.ভাবিে এখন মাথা পুে এইটা হলো কি
𑄇𑄨 𑄃𑄌𑄴𑄌𑄢 𑄦𑄧𑄣𑄧 𑄃𑄟𑄢𑄴 𑄇𑄨 𑄝𑄎𑄬𑄣𑄧𑄁 𑄜𑄨 ।,কি আপ্যান হলো আমার কি আপ্যান হলো
𑄇𑄪𑄘𑄴𑄙𑄪𑄢𑄴 𑄡𑄬𑄝𑄧𑄁 𑄖𑄧𑄣𑄬𑄘𑄨 𑄃𑄢𑄧 𑄇𑄪𑄘𑄴𑄙𑄪𑄢𑄴 𑄡𑄬𑄝𑄧𑄁 𑄉𑄢,কুকুর যাবে নিচে আর কুকুর যাবে নিচে
𑄇𑄪𑄘𑄴𑄙𑄪𑄢𑄴 𑄉𑄬𑄣𑄬 𑄖𑄬 𑄥𑄧𑄘𑄴 𑄜𑄨𑄢𑄨𑄝𑄧 𑄃𑄢𑄧 𑄇𑄧𑄙𑄧𑄇𑄴 𑄦𑄧𑄣𑄬 𑄦𑄢!,কোথা গেলে সে ভালো হবে আর কত হলে হা
𑄃𑄚𑄪𑄙𑄮𑄢𑄴 𑄦𑄮𑄠𑄬 𑄞𑄝𑄨 𑄃𑄨𑄇𑄴𑄈𑄳𑄠 𑄥𑄨𑄢𑄳𑄦𑄬𑄝𑄳𑄠𑄧 𑄃𑄪𑄙𑄬𑄢𑄴 𑄊𑄪𑄢𑄳𑄆𑄬,.অচেতন হে ভাবি এখন মাথা উঠতেছে
𑄃𑄪𑄘𑄴𑄙𑄮𑄢𑄴 𑄦𑄮𑄝𑄢𑄴 𑄛𑄧𑄖𑄴𑄗𑄚𑄴 𑄥𑄣𑄬𑄚𑄴 𑄚𑄧 𑄛𑄬𑄝𑄧𑄧𑄁 𑄇𑄨 𑄖𑄮𑄉𑄳𑄆𑄬 !,.উদ্ধত হওার পথটা খুঁজেও পাবো না
𑄃𑄬𑄇𑄴 𑄈𑄬𑄝𑄴,এক খোল
𑄞𑄝𑄨 𑄃𑄊𑄧𑄁 𑄟𑄳𑄆𑄪 𑄃𑄬𑄇𑄴 𑄈𑄬𑄝𑄴 𑄟𑄧𑄠𑄴𑄘𑄪,ভাবি আছি আমি এক খেে নেবো
𑄃𑄬𑄇𑄴𑄈𑄚𑄴 𑄢𑄋 𑄝𑄬𑄣𑄴 𑄃𑄪𑄙𑄨𑄝𑄧,একটি লাল বেল উঠবে
𑄡𑄬 𑄝𑄬𑄣𑄧 𑄛𑄳𑄦𑄧𑄢𑄚𑄴 𑄃𑄬 𑄈𑄬𑄠𑄳𑄠 𑄙𑄨𑄝𑄴𑄘𑄳𑄠,যে বিালটা খেেছে এই খেে
𑄃𑄧𑄥𑄨𑄏𑄨 𑄃𑄚𑄴𑄙𑄢𑄚𑄴 𑄛𑄪𑄏𑄨 𑄚𑄳𑄆𑄨,অসিঝির আলো নিে যাও
𑄌𑄬𑄢𑄴 𑄇𑄨𑄖𑄴𑄳𑄠 𑄍𑄧𑄙𑄧𑄇𑄴 𑄍𑄨𑄘𑄨,চূার মতো শক্ত ছিঁা
𑄎𑄨𑄁𑄇𑄚𑄨𑄢𑄴 𑄎𑄋𑄣𑄴 𑄙𑄪𑄢𑄴 𑄟𑄬𑄣𑄇𑄴,এক জাতী জঙ্গল ফাঁকা হেছে
"𑄃𑄮𑄏𑄢𑄴 𑄉𑄮𑄢𑄳𑄦𑄨, 𑄥𑄪𑄊𑄧𑄢𑄴 𑄖𑄪𑄝𑄮𑄣𑄧𑄖𑄴","ওঝা গোা,সুগন্ধি গোা"
𑄃𑄪𑄘𑄨 𑄎𑄨𑄁𑄇𑄚𑄨 𑄉𑄮𑄋𑄬𑄝𑄢𑄴 𑄘𑄋𑄳𑄦𑄧𑄢𑄴,উে যাওা জীবনটা কঠিন
𑄝𑄧𑄢𑄴 𑄔𑄣𑄨𑄘𑄳𑄆𑄨 𑄘𑄮𑄣𑄴 𑄉𑄮𑄢𑄳𑄦𑄨 𑄛𑄳𑄦𑄧𑄢𑄴 𑄟𑄬𑄣𑄨,ব ঢালিে সুন্দর সুন্দর রোদ মেেছে
𑄦𑄏𑄨 𑄦𑄏𑄨 𑄟𑄧𑄠𑄴𑄘𑄪 𑄢𑄋 𑄦𑄳𑄆𑄮 𑄎𑄪𑄣𑄨𑄝𑄧 ।,পাে পাে আমি লাল হে যাবো
𑄃𑄏 𑄉𑄮𑄢𑄳𑄦𑄨 𑄃𑄊𑄧𑄁 𑄃𑄬𑄇𑄴 𑄈𑄬𑄝𑄴 𑄟𑄧𑄠𑄴𑄘𑄪,এক খেে আছি আমি
𑄃𑄬𑄇𑄴𑄈𑄚𑄴 𑄚𑄮 𑄝𑄧 𑄦𑄙𑄨𑄝𑄧 −,একটা নাগাে হাত দিে
𑄡𑄬 𑄝𑄧𑄃𑄚𑄴 𑄟𑄧𑄠𑄴𑄘𑄪 𑄦𑄋𑄴𑄳𑄠 𑄃𑄉𑄪𑄚𑄚𑄴,যে বইটা আমি হাত দিে ধরি
𑄃𑄪𑄢𑄬 𑄘𑄨 𑄟𑄧𑄢𑄴 𑄎𑄪𑄣𑄨,উে দিে আমার জুলি
"𑄡𑄬𑄠𑄳𑄠, 𑄛𑄪𑄢𑄨 𑄡𑄬𑄠𑄳𑄠 𑄇𑄬𑄠𑄳𑄠𑄃𑄚𑄴, 𑄛𑄧𑄢𑄚𑄚𑄴","যে,পুে যােছে কো, প্রাণটা"
𑄌𑄨𑄖𑄴 𑄊𑄨𑄣𑄬 𑄝𑄬𑄇𑄴𑄈𑄚𑄨 𑄎𑄪𑄢𑄬 𑄘𑄳𑄆𑄨 𑄚𑄮 𑄘𑄧𑄟𑄴 𑄚𑄮 −,মন ভালো হলে সব পরিষ্কার করে দে না
"𑄝𑄧𑄣𑄴, 𑄚𑄮-𑄥𑄧𑄝𑄧𑄚𑄴, 𑄚𑄮 𑄃𑄏, 𑄚𑄮 𑄟𑄧𑄚𑄴, 𑄚𑄮 −","১. বল, শক্তি, শক্তি, মন, মন, মন, মন, মন"
𑄎𑄨𑄁𑄇𑄚𑄨 𑄘𑄳𑄆𑄨 𑄚𑄮 𑄉𑄮𑄢𑄳𑄦𑄨 𑄟𑄧𑄢𑄳𑄦𑄬 𑄘𑄮𑄣𑄬 𑄎𑄉𑄬 𑄖𑄪𑄣𑄨𑄝𑄧 ।,জীবন দো না করে আমাকে ভালো করে জাগাবে
𑄃𑄏𑄠𑄴 𑄃𑄉𑄧𑄁 𑄟𑄧𑄠𑄴𑄘𑄪 𑄃𑄬𑄇𑄴 𑄈𑄬𑄝𑄴 𑄃𑄨𑄇𑄴𑄳𑄠𑄧,আসা যাওা করার আগে আমি এক খোল করবো
𑄚𑄮 𑄘𑄨𑄚𑄴 𑄃𑄬𑄝𑄧 −,.কোন দিন আসবে না
𑄡𑄬 𑄘𑄨𑄚𑄴𑄧𑄖𑄴 𑄝𑄬𑄇𑄴 𑄌𑄪𑄣𑄳𑄦𑄚𑄨-𑄛𑄮𑄢𑄚𑄨 𑄣𑄪𑄉𑄨 𑄡𑄳𑄆𑄬,যে দিনে সব চুল পে গেছে
𑄃𑄙𑄨𑄇𑄴 𑄃𑄪𑄌𑄴𑄳𑄠𑄧𑄣𑄳𑄆𑄮,বেশি উস্কুখুস্কু
𑄞𑄖𑄴-𑄛𑄚𑄨 𑄃𑄨𑄢𑄨,ভাত-পানির মিশ্রণ
"𑄦𑄏𑄨 𑄢𑄬𑄋𑄬, 𑄚𑄎𑄬-𑄉𑄨𑄘𑄬","পালিে, নেচে নেচে"
𑄃𑄪𑄝𑄮𑄣𑄴 𑄜𑄣𑄴 𑄦𑄳𑄆𑄮 𑄥𑄪𑄊𑄧𑄢𑄴 𑄇𑄚𑄠𑄴,.উবল লাফ দিে সুার ছিদ্র করে
𑄇𑄚𑄨 𑄇𑄚𑄨−𑄌𑄮𑄉𑄧 𑄛𑄚𑄨 𑄛𑄪𑄢𑄨 𑄝𑄪𑄉𑄧,কানি কানি-চোপের পানি পুে বুো
𑄙𑄨𑄝𑄬 𑄈𑄪𑄣𑄨 𑄡𑄳𑄆𑄬,ধে পে যে
𑄟𑄧𑄚𑄧 𑄦𑄨𑄣𑄴 𑄟𑄪𑄢𑄨𑄝𑄧 ।,মন হিল মেে
𑄃𑄏 𑄉𑄮𑄢𑄳𑄦𑄨 𑄃𑄊𑄧𑄁 𑄃𑄬𑄇𑄴 𑄈𑄬𑄝𑄴,আছা দিে আছি এক খাবা
𑄟𑄧𑄠𑄴𑄘𑄪 𑄃𑄨𑄇𑄴𑄳𑄠𑄧 𑄢𑄬𑄖𑄴 𑄃𑄬𑄝𑄧 −,আমার এখন রাত হবে
𑄡𑄬 𑄢𑄬𑄖𑄴𑄳𑄠𑄧𑄖𑄴 𑄎𑄇𑄴𑄳𑄠 𑄗𑄬𑄝𑄇𑄴 𑄛𑄬𑄇𑄴 - 𑄦𑄬𑄟𑄚𑄴,. যে রাতে ঘুমা - মেে
"𑄛𑄪𑄇𑄴-𑄎𑄪𑄇𑄴, 𑄉𑄌𑄴-𑄝𑄌𑄴 −","পোকা-মাক, গাছ-পাখি"
"𑄝𑄏𑄨, 𑄈𑄬𑄁𑄉𑄧𑄢𑄧𑄁 𑄙𑄪𑄙𑄪𑄇𑄴, 𑄥𑄨𑄋𑄬, 𑄝𑄎, 𑄔𑄪𑄣𑄴","বাঁশি, খেংরং ধুধুুক, সিঙে, বাজা, ঢুল"
"𑄎𑄪𑄚𑄴𑄎𑄮𑄚𑄨, 𑄉𑄮𑄎𑄨𑄚, 𑄖𑄧𑄝𑄧𑄣, 𑄃𑄢𑄧 𑄚𑄚𑄚𑄴","জুি, গোজনি, তবলা, আরও অনেক"
𑄝𑄘𑄳𑄠𑄧 𑄚𑄚𑄚𑄴 𑄉𑄧𑄘𑄬 𑄝𑄎𑄨𑄝𑄇𑄴 −,বাঁশটা নানারকম করে থাকবে
"𑄉𑄬𑄁𑄈𑄪𑄣𑄨, 𑄝𑄢𑄧𑄟𑄥𑄴, 𑄉𑄨𑄘𑄴-𑄃𑄪𑄞𑄧𑄉𑄨𑄘𑄴 𑄃𑄢𑄧",".গবাদিপশু,বিাল,বিাল ইত্যাদি"
𑄚𑄚𑄚𑄴 𑄢𑄧𑄋𑄬 𑄔𑄧𑄋𑄬 −,নানা রঙে রঙে
"𑄚𑄎𑄬-𑄟𑄘𑄬 𑄢𑄬𑄋𑄮𑄌𑄇𑄴 𑄈𑄧𑄣𑄧𑄢𑄧𑄝𑄧,",নাচ করতে করতে রাত হেছে
𑄎𑄧𑄠𑄴 𑄎𑄮𑄠𑄢𑄴 𑄘𑄬𑄝-𑄛𑄘𑄣𑄴 𑄜𑄢𑄨 𑄉𑄪𑄟𑄴 𑄉𑄪𑄟𑄳𑄆𑄬,জ জোার আকাশ- পাতাল ভাগ করে
"𑄉𑄪𑄎𑄪𑄢𑄨 𑄃𑄪𑄘𑄨 𑄞𑄪𑄖𑄴, 𑄛𑄳𑄢𑄬𑄖𑄴, 𑄘𑄮𑄖𑄴𑄳𑄠𑄧, 𑄞𑄢𑄣𑄴𑄳𑄠 𑄃𑄧𑄥𑄨𑄏𑄨","গিে উঠা ভূত, ভূত, দোা, বোলের অসি"
𑄘𑄬𑄝𑄬𑄘𑄢𑄴 𑄃𑄥𑄨𑄏𑄨 𑄇𑄣 𑄇𑄬𑄠𑄳𑄠 𑄃𑄢𑄪𑄉𑄴,দেবদারের আসিে কালো কো আরু
"𑄇𑄣 𑄃𑄙𑄧 𑄍𑄝, 𑄣𑄮 𑄉𑄪𑄣𑄴𑄳𑄠 𑄢𑄋 𑄌𑄮𑄇𑄴, 𑄣𑄮 𑄝𑄥𑄳𑄠","কালো রঙের ছাা, হলুদ রঙের চোখ,লাল বাা"
"𑄢𑄋 𑄎𑄨𑄣𑄴, 𑄌𑄪𑄌𑄴𑄬𑄁 𑄇𑄧𑄢𑄧𑄇𑄢 𑄣𑄮-𑄦𑄬𑄢 𑄈𑄬𑄠𑄳𑄠","লাল জিল,চোপার লালা খেেছে"
𑄇𑄧𑄢𑄧𑄣 𑄘𑄖𑄴 𑄝𑄬𑄇𑄴 𑄞𑄧𑄥𑄴𑄖𑄧 𑄦𑄳𑄆𑄮 𑄣𑄪𑄉𑄨𑄝𑄇𑄴 ।,. করলা দাঁত সব ভে লুকিে থাকবে
𑄃𑄬𑄎𑄧 𑄘𑄧 𑄚𑄧 𑄃𑄬𑄡𑄧𑄚𑄴 𑄟𑄧𑄠𑄴𑄘𑄪 𑄥𑄨𑄃𑄪𑄚𑄴,এত ব আসেনা আমার সেগুলো
𑄃𑄏𑄠𑄴 𑄃𑄊𑄧𑄁 𑄡𑄬 𑄃𑄬𑄝𑄇𑄴,আশা করি যে আসবে
𑄟𑄧 𑄞𑄝𑄨 𑄗𑄚𑄢𑄴 𑄃𑄏𑄚𑄧𑄢𑄴 𑄥𑄋𑄪 𑄝𑄳𑄆𑄬 ।,আমার স্ত্রী নদীর তীরে দাঁিে আছে
𑄟-𑄝𑄛𑄴𑄪𑄚𑄬 𑄃𑄟𑄨,বাবা-মা আমরা
𑄟-𑄝𑄛𑄴𑄪𑄚𑄬 𑄃𑄟𑄨 𑄛𑄮 𑄏𑄨𑄃𑄪𑄚𑄧𑄢𑄬 𑄇𑄧𑄙𑄧𑄇𑄴 𑄇𑄮𑄌𑄴 𑄛𑄳𑄆𑄬,মা-বাবারা আমাদের নাতনিকে অনেক আদর করে
𑄉𑄣𑄧𑄖𑄴 𑄌𑄪𑄟𑄨 𑄇𑄨𑄢𑄴𑄝𑄳𑄠 𑄉𑄮𑄢𑄳𑄦𑄨 𑄇𑄧𑄢𑄧𑄖𑄴 𑄖𑄪𑄣𑄨 𑄣𑄳𑄆𑄮 𑄝𑄬𑄢𑄳𑄆𑄬 ।,গালের চূাটা শক্ত করে তুলে বো
𑄟𑄘𑄨𑄖𑄴 𑄗𑄧𑄣𑄬 𑄝𑄨𑄃𑄨𑄢𑄳𑄆𑄬 𑄈𑄬𑄝𑄇𑄴 𑄥𑄨𑄢𑄳𑄦𑄬𑄖𑄴 𑄗𑄧𑄣𑄬 𑄃𑄪𑄉𑄪𑄚𑄬,মাটিতে পে অনেক গুলো খেেছে
𑄇𑄪𑄝𑄮𑄖𑄴 𑄗𑄧𑄝𑄧𑄁 𑄇𑄳𑄆𑄮 𑄚𑄧 𑄛𑄢𑄨 𑄃𑄙𑄨𑄇𑄴 𑄟𑄬𑄠𑄳𑄠 𑄉𑄮𑄢𑄳𑄦𑄨𑄚𑄬 ।,কোথা থাকব জানিনা
𑄃𑄬𑄇𑄴𑄇 𑄃𑄬𑄇𑄴𑄇 𑄘𑄧𑄣𑄧𑄉𑄴 𑄘𑄨𑄣𑄬 𑄃𑄢𑄧 𑄡𑄪𑄚𑄨 𑄇𑄬𑄢𑄴 𑄇𑄬𑄢𑄚𑄴,একটু একটু দৌাদৌি করলে আরও কেকটি কেরা কেরা
𑄃𑄬𑄇𑄴𑄬 𑄝𑄬𑄎𑄴 𑄦𑄧𑄠𑄴 𑄊𑄧𑄢𑄚𑄴 𑄞𑄪𑄢𑄨 𑄦𑄏𑄨 𑄢𑄧𑄋𑄴𑄉𑄧𑄃𑄚𑄴 ।,এক বেস হে বািটা ভুি হেছে
𑄇𑄮𑄙 𑄡𑄪𑄚𑄨 𑄇𑄳𑄆𑄮 𑄛𑄢𑄨𑄣𑄬 𑄃𑄢𑄧 𑄃𑄧𑄇𑄴𑄖𑄧 𑄦𑄧𑄣𑄬 𑄝𑄬𑄢𑄬𑄝𑄢𑄴,.কথা বলতে বলতে ক্লান্ত হলে আবার ঘুরতে হ
"𑄥𑄬𑄇𑄴𑄬𑄖𑄴𑄗𑄪𑄚𑄴 𑄙𑄪𑄢𑄨 𑄃𑄇𑄴𑄧𑄣𑄴 𑄘𑄳𑄠 𑄙𑄪𑄢𑄨 𑄜𑄮𑄌𑄴𑄳𑄠, 𑄃𑄇𑄴𑄧𑄣𑄴𑄳𑄠 𑄝𑄚𑄬𑄝𑄢𑄴 ।","এখন থেকে দূরে দূরে ফোসকা পা,আক্কেল বানানো"
"𑄚𑄧𑄟𑄧 𑄘𑄬, 𑄖 𑄖 𑄘𑄬 𑄥𑄨𑄊𑄳𑄆𑄬 𑄃𑄢𑄧 𑄇𑄧𑄙𑄧𑄇𑄴 𑄇𑄨","নমস্কার দো,তার পরে আরও কত কি"
𑄡𑄬𑄟𑄬𑄖𑄴𑄬 𑄟𑄚𑄴𑄎𑄳𑄠 𑄟𑄬𑄠𑄳𑄠 𑄉𑄧𑄢𑄧𑄚𑄴 𑄛𑄧𑄢𑄚𑄴 𑄔𑄣𑄨 𑄘𑄨 ।,যে মেেটা মাা করে পরান ঢালিে দে
𑄃𑄢𑄧 𑄃𑄬𑄇𑄴𑄇 𑄘𑄋𑄳𑄦𑄧𑄢𑄴 𑄦𑄧𑄣𑄬 𑄥𑄬𑄇𑄴𑄬 𑄉𑄮𑄢𑄳𑄦𑄨 𑄟𑄚𑄳𑄦,আরও একটু ব হলে তারপর আগের অবস্থা হ
𑄡𑄨𑄠𑄬𑄚𑄨 𑄖𑄢𑄳𑄦 𑄉𑄮𑄖𑄴𑄗𑄇𑄴 𑄌𑄚𑄴 𑄝𑄬𑄇𑄴𑄈𑄚𑄨 𑄇𑄳𑄆𑄮 𑄚𑄚 ।,.যেগুলো তারা গোাচা করে সবগুলো বলে
𑄚𑄬𑄎 𑄙𑄪𑄢𑄨 𑄇𑄨𑄃𑄮𑄋𑄧𑄖𑄴 𑄙𑄧𑄢𑄴𑄟𑄧 𑄃𑄇𑄴𑄇𑄧𑄣𑄴 𑄘𑄨𑄝𑄣𑄴𑄣𑄳𑄆,.পাহাের পাশ দিে ধর্মগুরুরা ঘোরাফেরা করতেছে
𑄦𑄪𑄏𑄬 𑄝𑄪𑄏𑄬 𑄘𑄮𑄣𑄴 𑄉𑄮𑄢𑄳𑄦𑄨 𑄣𑄧𑄇𑄴𑄈𑄨 𑄉𑄮𑄢𑄳𑄦𑄨 𑄗𑄮𑄝𑄣𑄴𑄣𑄭 ।,.হুক্কাটা ভালোভাবে পরিষ্কার করে রাখ
𑄝𑄪𑄘𑄴𑄙𑄧-𑄞𑄚𑄴𑄖𑄬 𑄛𑄛𑄴 𑄘𑄨𑄝𑄧 𑄇𑄳𑄆𑄮 𑄡𑄪𑄚𑄨 𑄛𑄎𑄨 𑄉𑄧𑄢𑄧𑄚𑄴,বুদ্ধ-বুদ্ধ পাপ দিব বলে সব পরিষ্কার করে
𑄚𑄧𑄢𑄧𑄉𑄧𑄢𑄴 𑄓𑄧𑄢𑄴 𑄘𑄬𑄊𑄳𑄆𑄬 𑄇𑄳𑄆𑄮𑄚𑄬 𑄘𑄮𑄋𑄬 𑄗𑄳𑄆𑄮 𑄘𑄨 𑄟𑄧𑄚𑄴 ।,.নরগার দৌাদৌি দেখে মন বেঁধে দে
𑄃𑄨𑄇𑄴𑄬𑄚𑄴 𑄉𑄮𑄢𑄳𑄦𑄨 𑄖𑄢𑄳𑄦 𑄉𑄪𑄖𑄴𑄳𑄠𑄚𑄨 𑄗𑄳𑄆𑄮 𑄘𑄨 𑄃𑄟𑄨 𑄥𑄪𑄟𑄪𑄢𑄨,এখন তাদের গুোগুলো রেখে দিই আমরা
𑄞𑄧𑄉𑄧𑄝𑄚𑄧 𑄃𑄏𑄠𑄴 𑄛𑄮𑄢𑄬 𑄗𑄳𑄆𑄮 𑄥𑄬𑄙𑄟𑄴 𑄛𑄚𑄴𑄎 𑄉𑄮𑄢𑄳𑄦𑄨 ।,ভগবান আশীর্বাদ করে সে পানসে গোা করে
𑄈𑄬𑄝𑄢𑄴 𑄘𑄳𑄢𑄧𑄝𑄴 𑄃𑄪𑄚𑄧 𑄚𑄳𑄆𑄬-𑄚𑄧 𑄈𑄬𑄣𑄬𑄠𑄳𑄠𑄧 𑄈𑄝𑄳𑄆𑄬,খাওার ঔষুধ নেই-না খেলে খাবে
𑄘𑄮𑄃𑄚𑄧𑄖𑄴 𑄚𑄨 𑄚𑄨 𑄝𑄳𑄆𑄬 𑄣𑄮 𑄘𑄨-𑄘𑄨𑄠𑄳𑄠𑄳𑄆𑄧 𑄃𑄏𑄚𑄨 𑄛𑄪𑄢𑄳𑄆𑄬 ।,দোকানে নিে নিে সব পরিষ্কার করে আছে
"𑄡𑄨𑄠𑄬𑄚𑄴 𑄌𑄘𑄧𑄚𑄴 𑄥𑄨𑄠𑄬𑄚𑄴 𑄘𑄨𑄢𑄴, 𑄡𑄬𑄝𑄢𑄴 𑄌𑄬𑄣𑄬 𑄃𑄨𑄢𑄨 𑄘𑄨𑄢𑄴","যে চাঁদ সেটা দিে দি,যেবার তাকা সে দিে দে"
𑄇𑄧𑄚𑄧 𑄇𑄨𑄖𑄴𑄬𑄖𑄴 𑄖𑄢𑄳𑄦 𑄟𑄧𑄚𑄚𑄨 𑄃𑄪𑄚𑄧 𑄗𑄳𑄆𑄮 𑄚𑄧 𑄘𑄨𑄢𑄴 ।,কোন কিছুতেই তারা মনের ইচ্ছা পূরণ করে না
𑄃𑄨𑄇𑄴𑄈𑄬𑄚𑄴 𑄉𑄮𑄢𑄳𑄦𑄨 𑄖𑄢𑄳𑄦 𑄟𑄧𑄚𑄚𑄨 𑄇𑄝𑄴 𑄝𑄢𑄳𑄦𑄳𑄆𑄬 𑄘𑄨 𑄃𑄟𑄨,এখন তাদের মনের ইচ্ছা পূরণ করে দিই আমরা
𑄘𑄋𑄳𑄦𑄧𑄢𑄴 𑄦𑄳𑄆𑄮𑄚𑄬 𑄝𑄬𑄎𑄴 𑄦𑄧𑄣𑄬𑄉𑄳𑄆𑄮 𑄚𑄧 𑄛𑄢𑄨 𑄃𑄢𑄴 𑄑𑄚𑄨 ।,ব হে গেলে আর টানা যা না
𑄡𑄬𑄇𑄴𑄬 𑄊𑄧𑄢𑄧𑄖𑄴 𑄞𑄬𑄎𑄣𑄴 𑄉𑄮𑄢𑄳𑄦𑄨𑄝𑄇𑄴 𑄚𑄧 𑄛𑄬𑄣𑄬 𑄉𑄮𑄢𑄳𑄦𑄨𑄝𑄇𑄴 𑄌𑄪𑄢𑄴,যখনি বািে ঢুকতে না পারলে চুরি করে
𑄌𑄝 𑄣𑄳𑄦𑄳𑄆 𑄣𑄳𑄦𑄳𑄆 𑄦𑄳𑄆𑄮 𑄝𑄬𑄢𑄬𑄝𑄇𑄴 𑄝𑄎𑄬𑄝𑄇𑄴 𑄚𑄚𑄚𑄴 𑄈𑄪𑄢𑄴,চাটা বাঁশটা দিে ঘুরে বো
𑄃𑄬 𑄥𑄬𑄇𑄴𑄬 𑄖𑄬 𑄟-𑄝𑄛𑄴𑄪𑄚𑄬 𑄟𑄧𑄚𑄧𑄖𑄴 𑄚𑄧 𑄛𑄳𑄆𑄬 𑄥𑄚𑄴𑄖𑄨,.এই মুহুর্তে সে মা-বাবাকে মনে পে না
𑄝𑄪𑄉𑄧 𑄙𑄨𑄝𑄬 𑄈𑄪𑄣𑄨 𑄜𑄬𑄣𑄳𑄆𑄬 𑄚𑄚𑄚𑄴 𑄝𑄝𑄧𑄖𑄴𑄳𑄠 𑄉𑄬𑄣𑄴 𑄘𑄨 ।,বুোটা খুলে ফেলে অনেক বািতে চলে গেল
𑄓𑄉𑄨 𑄇𑄳𑄆𑄮 𑄥𑄬𑄇𑄴𑄬 𑄞𑄧𑄉𑄧𑄝𑄚𑄧𑄢𑄬 𑄞𑄧𑄉𑄧𑄝𑄚𑄴 𑄃𑄨𑄠𑄬𑄚𑄴 𑄇𑄨 𑄦𑄧𑄣𑄧,লাঠি দিে কিছুক্ষণ পর ভগবানকে কি হেছে
𑄇𑄧𑄚𑄴 𑄛𑄛𑄧 𑄜𑄧𑄣𑄴 𑄞𑄪𑄉𑄧𑄋𑄧𑄢𑄴 𑄃𑄉𑄬 𑄘𑄧 𑄇𑄨𑄇𑄴𑄬𑄚𑄴 𑄚𑄧 𑄃𑄬𑄣𑄧 ।,কোন পাপ কাজ করার আগে তো কিছু নাই
𑄉𑄪𑄢𑄧 𑄃𑄧𑄇𑄴𑄗𑄧𑄖𑄴 𑄖𑄢𑄳𑄦 𑄙𑄬𑄋𑄚𑄨 𑄃𑄢𑄧 𑄝𑄢𑄴 𑄉𑄮𑄢𑄳𑄦𑄨 𑄘𑄨 𑄃𑄟𑄨,বড় সমে তাদের দাঁতগুলো আর বোর গোা দিই আমরা
𑄖𑄢𑄳𑄦 𑄟𑄎𑄪𑄋𑄧𑄖𑄴 𑄇𑄳𑄆𑄮 𑄟𑄚𑄴𑄎𑄳𑄠𑄧𑄢𑄬 𑄥𑄬𑄘𑄬𑄭 𑄇𑄮𑄙𑄚𑄨 −,তারা পাহাে পাহাে কথা বলে
𑄥𑄬𑄇𑄴𑄬 𑄖𑄢𑄳𑄦 𑄃𑄮𑄠 𑄛𑄳𑄆𑄬 𑄃𑄢𑄧 𑄟𑄧𑄚𑄬 𑄟𑄧𑄚𑄬 𑄞𑄝𑄧𑄚𑄴,এখন তারা ও পাা পা এবং মনে মনে চিন্তা করে
𑄉𑄪𑄏𑄨 𑄦𑄧𑄚𑄴𑄬 𑄃𑄬𑄕 𑄟𑄟𑄳𑄦 𑄘𑄊𑄨 𑄥𑄬𑄚𑄬 𑄃𑄢𑄧 𑄝𑄬𑄎𑄴 𑄉𑄧𑄢𑄧𑄚𑄴 ।,. ছোট হওা মামার সাথে আর বো করে
𑄃𑄨𑄇𑄴𑄬𑄚𑄴 𑄉𑄮𑄢𑄳𑄦𑄨 𑄎𑄬𑄢𑄬 𑄘𑄨 𑄖𑄢𑄳𑄦𑄢𑄴 𑄘𑄨𑄣𑄚𑄨 𑄘𑄋𑄳𑄦𑄧𑄢𑄴 𑄦𑄳𑄆𑄮,এখন তাদের দিলগুলো ব হেছে
𑄟𑄬𑄢𑄴 𑄈𑄬𑄣𑄬𑄠𑄳𑄠𑄧 𑄚𑄧 𑄓𑄮𑄢𑄚𑄴 𑄡𑄚𑄴𑄳𑄆𑄮 𑄃𑄢𑄧 𑄝𑄬𑄎𑄴 𑄦𑄳𑄆𑄮 ।,মার খেলে বন্ধ হে যা না
𑄃𑄧𑄇𑄟𑄴 𑄇𑄪𑄇𑄟𑄴 𑄝𑄬𑄇𑄴𑄇𑄚𑄨 𑄉𑄧𑄢𑄳𑄦𑄧𑄚𑄴 𑄇𑄢𑄧𑄢𑄳𑄦𑄬 𑄌𑄮𑄊𑄮𑄖𑄴 𑄚𑄧 𑄢𑄨𑄚𑄨,সব কুমাগুলো কাউকে দেখতে হ না
𑄃𑄬 𑄥𑄬𑄇𑄴𑄬 𑄖𑄬 𑄟-𑄝𑄛𑄴𑄪𑄚𑄬 𑄟𑄧𑄢𑄧𑄚𑄧 𑄘𑄮𑄎𑄖𑄴 𑄛𑄪𑄢𑄨 ।,.এই মুহুর্তে সে মা-বাবা মারা গেছে।
𑄃𑄨𑄥𑄴𑄇𑄪𑄣𑄧𑄖𑄴 𑄡𑄚𑄴𑄬 𑄥𑄨𑄖𑄴𑄗𑄪𑄚𑄴𑄴 𑄙𑄪𑄢𑄨 𑄖𑄢𑄳𑄦𑄢𑄬 𑄃𑄟𑄨 𑄥𑄨𑄊𑄳𑄆𑄬,স্কুলে যাওার আগে তাদেরকে আমরা সেখান থেকে বের করি
𑄊𑄪𑄥𑄴 𑄈𑄳𑄆𑄬𑄚𑄬 𑄡𑄨𑄃𑄪𑄚𑄴 𑄝𑄨𑄣𑄴𑄘𑄨𑄋𑄴 𑄖𑄪𑄣𑄴𑄧𑄚𑄴 𑄖𑄢𑄳𑄦 𑄊𑄧𑄢𑄚𑄨 𑄘𑄬𑄊𑄳𑄆𑄬,ঘুষ খেে যারা বিল দিে তুলছে তাদের বািগুলো দেখে
"𑄇𑄳𑄆𑄮, 𑄉𑄧𑄟𑄬 𑄘𑄣𑄬 𑄣𑄬𑄊 𑄥𑄨𑄊𑄧 𑄖𑄪𑄟𑄨𑄃𑄮 𑄌𑄉𑄪𑄢𑄨 𑄉𑄮𑄢𑄳𑄦𑄨",". বলে, ভালো করে লিখো সেটা তুমিও ছোট"
𑄥𑄨𑄖𑄴𑄗𑄪𑄚𑄴 𑄝𑄬𑄎𑄴 𑄘𑄮𑄣𑄴𑄘𑄮𑄣𑄴 𑄊𑄧𑄢𑄴 𑄛𑄢𑄧 𑄛𑄢𑄳𑄦 𑄖𑄪𑄣𑄨 ।,.তার থেকে সুন্দর সুন্দর বাি মনে হ
"𑄌𑄉𑄪𑄢𑄨 𑄉𑄧𑄣𑄴𑄬 𑄑𑄬𑄋 𑄛𑄳𑄆 𑄇𑄳𑄆𑄮, 𑄃𑄢𑄧 𑄝𑄝𑄪 𑄦𑄧𑄚𑄴","চামা করলে টাকা দিতে হ, আর বাবু হওা যা"
𑄃𑄧𑄝𑄨𑄎𑄧𑄖𑄴 𑄖𑄢𑄳𑄦𑄢𑄬 𑄟𑄚𑄴𑄎𑄳𑄠 𑄃𑄬𑄇𑄴 𑄖𑄣𑄴 𑄃𑄬𑄇𑄴 𑄖𑄣𑄴 𑄑𑄬𑄋 𑄘𑄳𑄠𑄧𑄚𑄴 ।,অব্যে তাদেরকে এক টাকা এক টাকা দিে দিে
𑄡𑄨𑄃𑄪𑄚𑄬 𑄘𑄮𑄣𑄬 𑄣𑄬𑄊 𑄚𑄧 𑄥𑄨𑄊𑄧𑄚𑄴 𑄖𑄢𑄳𑄦 𑄇𑄟𑄴 𑄉𑄮𑄢𑄳𑄦𑄨 𑄛𑄚𑄴,. যারা ভালো করে কাজ করে না তারা কাজ করে
𑄥𑄨𑄃𑄪𑄚𑄧 𑄊𑄧𑄢𑄚𑄨 𑄞𑄋-𑄎𑄋 𑄚𑄙 𑄦𑄳𑄆𑄮𑄚𑄬 𑄗𑄚𑄴 ।,.তার বািগুলো ভাঙা-ভাঙা হে থাকে
𑄥𑄨𑄖𑄴𑄪𑄚𑄴 𑄙𑄪𑄢𑄨 𑄘𑄮𑄣𑄴 𑄟𑄧𑄚𑄚𑄨 𑄖𑄢𑄳𑄦𑄢𑄬 𑄘𑄨 𑄞𑄋𑄨,সেখান থেকে সুন্দর মনগুলো তাদেরকে বিে করে
𑄖𑄢𑄳𑄦 𑄟𑄧𑄚𑄚𑄨𑄖𑄴 𑄃𑄪𑄚𑄴𑄎𑄪𑄢𑄴 𑄃𑄟𑄨 𑄛𑄳𑄢𑄬𑄖𑄴𑄳𑄠𑄃𑄚𑄴 𑄘𑄨 𑄃𑄚𑄨 ।,তারা মনে করছে আমরা প্রেতটা দিে আসি
𑄘𑄋𑄳𑄦𑄧𑄢𑄴 𑄦𑄧𑄣𑄬 𑄥𑄨𑄃𑄪𑄚𑄬 𑄃𑄢𑄴 𑄛𑄧𑄢𑄴 𑄞𑄣𑄬𑄘𑄨 𑄚𑄧 𑄦𑄧𑄚𑄴,ব হলে সেগুলো আর ভালো হ না
𑄚𑄨𑄎𑄧 𑄟𑄪𑄎𑄧𑄋𑄚𑄴 𑄝𑄘𑄬 𑄖𑄢𑄳𑄦 𑄝𑄛𑄴-𑄟𑄃𑄪𑄚𑄮 𑄚𑄧 𑄌𑄨𑄚𑄧𑄚𑄴 ।,তাদের বাপ-মাও চিনে না
𑄥𑄬𑄇𑄴𑄬 𑄖𑄬 𑄙𑄪𑄚𑄴𑄘𑄪𑄇𑄴 𑄈𑄳𑄆𑄬 𑄘𑄪𑄊𑄧𑄢𑄴 𑄇𑄮𑄙 𑄇𑄳𑄆𑄮,.সে কিছুক্ষণ পর চিৎকার করে দৌাদৌি করে
"𑄦𑄬𑄙𑄧𑄇𑄴 𑄘𑄪𑄊𑄴, 𑄣𑄈𑄴 𑄣𑄈𑄴 𑄑𑄬𑄋 𑄝𑄬𑄇𑄴𑄈𑄚𑄨 𑄉𑄬𑄣𑄧 𑄛𑄚𑄨 𑄦𑄳𑄆𑄮 ।","এত দুঃখ, লক্ষ লক্ষ টাকা পানিতে গেল"
"𑄃𑄨𑄥𑄴𑄇𑄪𑄣𑄧𑄖𑄴 𑄡𑄳𑄆𑄬𑄚𑄬, 𑄝𑄬𑄢𑄘𑄬 𑄝 𑄝𑄎𑄢𑄴 𑄝 𑄊𑄘𑄧𑄖𑄴 𑄡𑄳𑄆𑄬𑄚𑄬","স্কুলে যাওা, ঘুরে বো বা বাজারে যাওা"
𑄈𑄝𑄚𑄴 𑄡𑄪𑄚𑄨 𑄥𑄧𑄟𑄎𑄴𑄳𑄠𑄢𑄬 𑄃𑄟 𑄛𑄮-𑄏𑄨𑄃𑄪𑄚𑄴,খাওার সম মিশিে আমাদের ছেলে-মেয়েরা
𑄊𑄧𑄢𑄧𑄖𑄴 𑄉𑄬𑄣𑄬 𑄉𑄬𑄣𑄴𑄘𑄨 𑄇𑄳𑄆𑄮 𑄛𑄧𑄢𑄴 𑄞𑄣𑄬𑄖𑄴𑄳𑄠𑄃𑄪𑄚𑄴 ।,বািতে গেলে পর ভালো করে পে যা
𑄝𑄚𑄳𑄦 𑄛𑄢𑄧 𑄟𑄚𑄴𑄎𑄳𑄠𑄢𑄬 𑄈𑄝𑄳𑄆𑄬 𑄈𑄳𑄆𑄬 𑄚𑄧 𑄛𑄢𑄧 𑄛𑄧𑄚𑄧𑄖𑄴𑄗𑄪𑄚𑄴,বাা পাের মানুষরা খাওার পর আর খেতে পারেনা
𑄃𑄬𑄙𑄧𑄇𑄴 𑄇𑄬𑄚𑄬 𑄦𑄧𑄣 𑄞𑄪𑄣𑄴 𑄈𑄝𑄧 𑄝𑄚𑄳𑄦 𑄚𑄨𑄎𑄮𑄖𑄴𑄗𑄪𑄚𑄴 ।,এত কেন হেছে নিজের থেকে
𑄃𑄨𑄇𑄴𑄬𑄚𑄴 𑄉𑄮𑄢𑄳𑄦𑄨 𑄥𑄨𑄊𑄳𑄆𑄬 𑄃𑄟𑄨 𑄛𑄧𑄢𑄧 𑄇𑄚𑄖𑄴 𑄌𑄧𑄢𑄚,এখন ছোট সেজন্য আমরা অন্যের কানা চা
𑄚𑄨𑄎𑄧 𑄉𑄨𑄢𑄬𑄝𑄳𑄠𑄧 𑄚𑄧 𑄈𑄪𑄣𑄨 𑄃𑄪𑄚𑄴𑄎𑄪𑄢𑄴 𑄥𑄪𑄟𑄪𑄢𑄨 𑄗𑄮𑄚 ।,নিজের গিরাটা না খুলে উিে রাখা
"𑄃𑄬 𑄃𑄨𑄇𑄴𑄬𑄚𑄴 𑄉𑄮𑄢𑄳𑄦𑄨 𑄇𑄪𑄣𑄨, 𑄛𑄳𑄢𑄬𑄖𑄴𑄳𑄠 𑄝𑄚𑄳𑄆𑄬 𑄛𑄮-𑄏𑄨𑄃𑄪𑄚𑄴","এত ব কুলি, প্রেত ব কুলি"
𑄟𑄚𑄪𑄌𑄴 𑄇𑄮𑄌𑄴𑄛𑄚 𑄟𑄧𑄚𑄚𑄨 𑄃𑄟𑄨 𑄇𑄢𑄨 𑄣𑄳𑄆𑄮 𑄖𑄢𑄳𑄦𑄖𑄴𑄪𑄚𑄴 ।,মানুষদের পছন্দ করা মনগুলো আমরা করি তাদের থেকে
𑄘𑄋𑄳𑄦𑄧𑄢𑄴 𑄦𑄧𑄣𑄬 𑄥𑄨𑄃𑄪𑄚𑄬 𑄥𑄬𑄚𑄬 𑄇𑄪𑄣𑄨-𑄛𑄳𑄢𑄬𑄖𑄴𑄳𑄠 𑄦𑄧𑄚𑄴,ব হলে সে আবার কুলি- প্রেত হেছে
𑄛𑄧𑄢𑄴 𑄟𑄢𑄨𑄚𑄬 𑄚𑄨𑄎𑄧 𑄞𑄪𑄘𑄨𑄝𑄮 𑄘𑄧𑄢𑄳𑄦𑄧 𑄉𑄮𑄢𑄳𑄦𑄨 𑄗𑄧𑄚𑄴 ।,ব্যভিচার করে নিজের ভুিটা শক্ত করে রাখে
𑄇𑄪𑄖𑄴𑄪𑄢𑄨 𑄟𑄘𑄨 𑄟𑄚𑄴𑄎𑄳𑄠𑄧𑄢𑄬 𑄃𑄟𑄨 𑄛𑄮-𑄏𑄨𑄃𑄪𑄚𑄧𑄢𑄴 𑄟𑄪𑄎𑄪𑄋𑄧𑄖𑄴,কুটিকুটি মাটি দিে আমরা সন্তান জন্ম দিচ্ছি
𑄥𑄪𑄘𑄴𑄙𑄧 𑄥𑄧𑄁𑄉𑄧 𑄟𑄧𑄚𑄚𑄨 𑄖𑄢𑄳𑄦𑄢𑄴 𑄓𑄪𑄝𑄬 𑄚𑄬𑄎𑄳𑄆𑄬 𑄇𑄎𑄧𑄢𑄧𑄖𑄴 ।,ভালোভাবে মন দিে তারা কাজ করতেছে
𑄟𑄚𑄳𑄦 𑄉𑄮𑄢𑄳𑄦𑄨 𑄥𑄨𑄃𑄪𑄚𑄧 𑄃𑄨𑄙𑄪 𑄚𑄧 𑄡𑄬𑄝𑄢𑄴 𑄃𑄢𑄴 𑄚𑄧 𑄈𑄬𑄝𑄢𑄴,মানা করে সেগুলো এখানে আর খেে নাও
𑄃𑄟 𑄣𑄧𑄉𑄬 𑄖𑄢𑄳𑄦𑄢𑄬𑄠𑄳𑄠𑄧 𑄘𑄮𑄣𑄬 𑄝𑄚𑄳𑄆𑄬 𑄥𑄧𑄟𑄢𑄴 ।,আমাদের সাথে তাদেরকে ভালো করে বাঁধে
𑄘𑄋𑄳𑄦𑄧𑄢𑄴 𑄦𑄧𑄣𑄬 𑄥𑄨𑄃𑄪𑄚𑄬 𑄃𑄨𑄇𑄴𑄬 𑄛𑄧𑄢𑄧 𑄇𑄪𑄖𑄴𑄪𑄢𑄨 𑄟𑄘𑄧𑄚𑄴,ব হলে সেগুলো এখন পর কুটকুট করে
𑄞𑄚𑄴𑄎𑄬 𑄝𑄘𑄬 𑄉𑄧𑄟𑄚𑄨 𑄖𑄢𑄳𑄦 𑄇𑄧𑄚𑄧 𑄟𑄚𑄴𑄎𑄳𑄠𑄧𑄢𑄴 𑄚𑄧 𑄘𑄬𑄊𑄧𑄚𑄴 ।,ভে ভে তারা কোনো মজা করে না
𑄝𑄮 𑄃𑄚𑄨𑄣𑄬 𑄥𑄬𑄇𑄴𑄬 𑄃𑄟𑄨 𑄥𑄮𑄢𑄴-𑄥𑄮𑄢𑄨 𑄈𑄮𑄣𑄳𑄆𑄬,ব আনলে কিছুক্ষণ পর আমরা রোদ- রোদ পোহা
𑄘𑄋𑄳𑄦𑄧𑄢𑄴 𑄌𑄬𑄘𑄳𑄆𑄬 𑄥𑄧𑄛𑄴𑄛𑄚𑄧𑄖𑄴 𑄟𑄚𑄴 𑄖𑄮𑄉𑄚𑄖𑄴 𑄗𑄳𑄆𑄬 ।,বচেে সবসম মানুষ তরকারিতে থাকে
𑄃𑄬𑄖𑄴𑄬 𑄚𑄧 𑄃𑄬𑄖𑄴𑄬 𑄖𑄖𑄴𑄗𑄪𑄚𑄴 𑄝𑄚𑄳𑄦 𑄈𑄬𑄘𑄧𑄁 𑄌𑄳𑄆𑄬 𑄃𑄟𑄨 𑄇𑄟𑄚𑄳𑄦𑄨,তার থেকে না খেে আমরা কাজ করি
𑄚𑄨𑄎𑄧 𑄙𑄧𑄉𑄬 𑄥𑄧𑄛𑄴𑄛𑄚𑄧𑄖𑄴 𑄉𑄧𑄖𑄴𑄗𑄧𑄋𑄴 𑄌𑄳𑄆𑄬 𑄝𑄬𑄇𑄴𑄈𑄚𑄨 ।,নিজের মতো করে সব গুছাও
𑄃𑄬𑄇𑄴𑄇 𑄡𑄪𑄚𑄨 𑄗𑄬𑄝𑄧𑄢𑄧𑄇𑄴 𑄈𑄠𑄴 𑄦𑄙𑄦𑄖𑄴𑄗𑄳𑄠 𑄙𑄪𑄢𑄨,একটু ধাক্কা খাওার জন্য হাত দিে হোঁচট খাই
𑄇𑄮𑄚𑄳𑄦𑄖𑄴 𑄗𑄳𑄆𑄬 𑄥𑄬𑄇𑄴𑄬 𑄝𑄚𑄳𑄦 𑄚𑄚𑄚𑄴 𑄝𑄝𑄧𑄖𑄴𑄳𑄠 𑄉𑄮𑄢𑄳𑄦𑄨 ।,কোনখানে থেকে কিছুক্ষণ পর পর বাাবাি করে
𑄃𑄟 𑄙𑄧𑄉𑄬 𑄝𑄬𑄇𑄴𑄈𑄚𑄨 𑄘𑄢𑄴 𑄌𑄝𑄧𑄖𑄴 𑄗𑄳𑄆𑄮𑄚𑄬,আমাদের সব জিনিসপত্র টেবিলে রেখে দিে
𑄗𑄧𑄘𑄧𑄁 𑄌𑄳𑄆𑄬 𑄥𑄨𑄢𑄳𑄦𑄬 𑄣𑄮𑄋𑄳𑄆𑄬 𑄥𑄮𑄢𑄴-𑄥𑄮𑄢𑄨 𑄓𑄮𑄢𑄳𑄆𑄬𑄚𑄬 ।,থং করে মাথা রোদ পোহা
𑄘𑄨-𑄃𑄬𑄇𑄴 𑄉𑄬𑄘 𑄡𑄪𑄚𑄨 𑄖𑄢𑄳𑄦 𑄃𑄟𑄢𑄳𑄦𑄬 𑄙𑄧𑄢𑄧𑄚𑄴 𑄥𑄮𑄣𑄴,দুই এক গেে তারা আমাকে পছন্দ করে
𑄉𑄪𑄒𑄴𑄳𑄠-𑄥𑄨𑄢𑄳𑄦𑄬 𑄝𑄬𑄇𑄴 𑄎𑄃𑄮𑄣𑄪𑄇𑄴 𑄝𑄪𑄘𑄨 𑄝𑄌𑄳𑄆𑄬 𑄃𑄬𑄞𑄬𑄣𑄴 𑄎𑄮𑄣𑄴 ।,.ঘর-সিে সব গুছিে আসতেছে
𑄝𑄮𑄃𑄪𑄚𑄧 𑄣𑄧𑄉𑄬 𑄛𑄮𑄃𑄪𑄚𑄧𑄢𑄬𑄠𑄳𑄠𑄧 𑄎𑄝𑄎𑄨 𑄦𑄳𑄆𑄮𑄚𑄬,বই সাথে সাথে পে যা
𑄦𑄨𑄣𑄴 𑄚𑄧 𑄦𑄳𑄆𑄮𑄚𑄬 𑄇𑄪𑄖𑄴𑄪𑄢𑄨 𑄟𑄘𑄨 𑄟𑄚𑄴𑄎𑄳𑄠𑄧 𑄊𑄧𑄢𑄧𑄖𑄴 𑄡𑄳𑄆𑄬𑄚𑄬 ।,হিল না হে কুতুরি মাটি দিে বািতে যা
𑄃𑄨𑄇𑄴𑄬 𑄃𑄬𑄞𑄬𑄣𑄴 𑄛𑄮𑄃𑄪𑄚𑄬 𑄢𑄉𑄬 𑄊𑄧𑄢𑄧𑄖𑄴𑄪𑄚𑄴 𑄦𑄳𑄆𑄮 𑄡𑄚𑄴 𑄎𑄪𑄘𑄧,এখন আসা পারা রাগে বাি থেকে চলে যা
𑄝𑄪𑄉𑄧𑄖𑄴 𑄚𑄧 𑄃𑄖𑄴𑄳𑄠 𑄘𑄪𑄇𑄴𑄴𑄳𑄆𑄮 𑄃𑄨𑄇𑄴𑄬 𑄗𑄳𑄆𑄬 𑄃𑄬𑄞𑄬𑄣𑄴 𑄦𑄳𑄆𑄮𑄚𑄬 𑄌𑄪𑄙𑄧 ।,বুো না থাকার দুঃখ এখন থাকতে হবে
𑄃𑄨𑄇𑄴𑄬 𑄝𑄬𑄇𑄴𑄪𑄚𑄬 𑄍𑄉𑄨 𑄌𑄳𑄆𑄬 𑄘𑄪𑄌𑄴𑄌𑄚𑄨 𑄃𑄨𑄇𑄴𑄬 𑄇𑄢𑄴 ?,আজকে সবাই ছাাচাা করতেছে কেন?
𑄘𑄪𑄌𑄴𑄌𑄚𑄨 𑄇𑄨 𑄛𑄮-𑄏𑄨𑄃𑄮𑄚𑄧𑄢𑄴 𑄚 𑄝𑄬𑄇𑄴𑄈𑄚𑄨 𑄃𑄟𑄢𑄴 !,দুধগুলো কী সুন্দর না আমার
𑄃𑄪𑄉𑄪𑄙𑄧 𑄃𑄬𑄇𑄴𑄢𑄎 𑄃𑄬𑄣𑄧 𑄃𑄬𑄇𑄴 𑄢𑄬𑄎𑄴𑄳𑄠𑄧𑄖𑄴,উপরে এক রাজা এক রাত
"𑄇𑄟𑄬, 𑄇𑄮𑄙𑄠𑄴, 𑄙𑄧𑄉𑄬 𑄖𑄬 𑄝𑄬𑄇𑄴𑄇𑄚𑄧𑄘𑄨 𑄖𑄎𑄴𑄮𑄇𑄴 ।","কাজে, কথা, কথা, তো সে সব গুঁো করেছে"
𑄦𑄙𑄧𑄛𑄨𑄖𑄴𑄳𑄆𑄮 𑄖𑄪𑄣𑄬 𑄞𑄖𑄴 𑄉𑄨𑄣𑄬 𑄚𑄉𑄧𑄙𑄨,হাত দিে ভাত খাওা
𑄌𑄮𑄇𑄴 𑄈𑄘𑄨𑄚𑄬 𑄥𑄪𑄚𑄬 𑄇𑄮𑄙 𑄚𑄨𑄎𑄬𑄥𑄴 𑄑𑄚𑄬 𑄇𑄚𑄧𑄙𑄨 ।,চোখ বন্ধ করে কথা বলতে বলতে কান্না করে
𑄟𑄪𑄃𑄮𑄚𑄴 𑄗𑄧𑄠𑄴 𑄌𑄪𑄝𑄬𑄌𑄝𑄬 𑄌𑄮𑄇𑄴𑄳𑄆𑄮 𑄇𑄮𑄙 𑄇𑄧𑄠𑄴,মুখ বন্ধ করে চোখ বন্ধ করে কথা বলে
𑄇𑄧𑄚𑄧 𑄎𑄨𑄚𑄨𑄥𑄴 𑄢𑄨𑄚𑄨 𑄌𑄬𑄣𑄬 𑄦 𑄉𑄮𑄢𑄳𑄦𑄨𑄚𑄬 𑄢𑄧𑄠𑄴 ।,কোন কিছু না পেলে হা করে থাকে
𑄘𑄨𑄠𑄬𑄚𑄴 𑄦𑄖𑄴𑄳𑄆𑄮 𑄦𑄙𑄬 𑄖𑄬 𑄘𑄬𑄝 𑄟𑄮𑄇𑄴𑄳𑄠 𑄒𑄬𑄋𑄚𑄨,দুই হাত দিে সে রংধনুর পাখানা করে
𑄛𑄨𑄢𑄬 𑄛𑄧𑄣𑄴𑄬 𑄎𑄪𑄢𑄮 𑄗𑄠𑄴 𑄉𑄧𑄟𑄴 𑄦𑄧𑄣𑄬 𑄖𑄢𑄴 𑄇𑄮𑄋𑄚𑄨,রোগাক্রান্ত হলে শুে থাকা ভালো হলে তার কোঁকানো
𑄊𑄮𑄢 𑄝𑄪𑄉𑄧𑄖𑄴 𑄌𑄧𑄢𑄳𑄦𑄬 𑄢𑄎 𑄛𑄨𑄖𑄴𑄒𑄚𑄴 𑄟𑄘𑄨𑄖𑄴 𑄛𑄮𑄢𑄬𑄭,ঘুরতে ঘুরতে রাজা মাটিতে পে
𑄙𑄝 𑄘𑄨𑄘𑄧 𑄘𑄬𑄌𑄴-𑄝𑄨𑄘𑄬𑄎𑄧𑄖𑄴 𑄛𑄪𑄚𑄧𑄖𑄴 𑄣𑄊𑄟𑄴 𑄎𑄮𑄢𑄬𑄭 ।,দৌে দিে দেশ-বিালের পাছা লাফ দিবো
𑄦𑄘𑄧𑄖𑄴 𑄗𑄬𑄘𑄧 𑄃𑄬𑄇𑄴𑄈𑄚𑄴 𑄍𑄪𑄢𑄨 𑄟𑄙𑄖𑄴 𑄎𑄮𑄢𑄬𑄭 𑄘𑄘𑄴,হাতের কাছে একটা ছুরি আছে
𑄛𑄧𑄢𑄚𑄴 𑄈𑄬𑄭 𑄘𑄬 𑄥𑄨𑄝𑄬𑄢𑄬 𑄡𑄨𑄝𑄬 𑄖𑄪𑄣𑄬 𑄟𑄘𑄴 ।,পন খেে তাকে যে তুলে
𑄘𑄨𑄦𑄙𑄴 𑄣𑄟𑄴𑄝 𑄚𑄇𑄴𑄧𑄖𑄢𑄴 𑄥𑄪𑄢𑄪𑄋𑄧𑄖𑄴 𑄖𑄢𑄴 𑄇𑄚𑄚𑄨,দুই মাইল লম্বা নাাচািে তার কান্না
𑄦𑄖𑄴𑄖𑄚𑄨 𑄖𑄢𑄴 𑄘𑄨 𑄃𑄨𑄋𑄴𑄌𑄨 𑄥𑄢𑄳𑄦𑄬 𑄍𑄧 𑄦𑄙𑄴 𑄒𑄬𑄋𑄚𑄨 ।,পাহাটা তার দুই পাশে চে
𑄛𑄬𑄖𑄴𑄳𑄠𑄧 𑄦𑄧𑄣𑄧 𑄛𑄨𑄙𑄨𑄖𑄴 𑄖𑄢𑄴 𑄟𑄪𑄃𑄚𑄴 𑄖𑄢𑄴 𑄉𑄣𑄧𑄖𑄴,পেট হলো তার মুখে
"𑄖𑄣𑄴𑄳𑄠𑄧𑄖𑄴 𑄦𑄧𑄣𑄧 𑄌𑄮𑄇𑄴𑄪𑄚𑄴 𑄖𑄢𑄴 𑄌𑄪𑄣𑄚𑄨 𑄖𑄢𑄴 𑄇𑄧𑄝𑄣𑄧𑄖𑄴,",তার চুলগুলো লম্বা হেছে তার মুখে
𑄃𑄚𑄖𑄴 𑄌𑄬𑄭 𑄞𑄝𑄬 𑄖𑄬 𑄙𑄧𑄇𑄴𑄈𑄚𑄴 𑄟𑄧𑄢𑄴 𑄞𑄢𑄨 𑄘𑄮𑄣𑄴,.আকাশে দেখে সে চেহারাটা আমার খুব সুন্দর
𑄚𑄋𑄬 𑄇𑄟𑄬 𑄥𑄬𑄚𑄬 𑄦𑄧𑄠𑄴 𑄛𑄨𑄖𑄴𑄨𑄟𑄨𑄃𑄚𑄴 𑄃𑄮𑄣𑄴 ।,পাহাে কাজ করতে করতে পিঠটা বাঁকা হ
𑄣𑄪𑄘𑄨 𑄝𑄌𑄴 𑄍𑄧𑄢𑄳𑄦𑄖𑄴 𑄃𑄬𑄇𑄴 𑄝𑄬𑄖𑄢𑄴,লাঠি দিে এক বেতার
𑄥𑄪𑄚𑄋𑄴 𑄖𑄧𑄢𑄳𑄦𑄬 𑄉𑄧𑄛𑄴 𑄖𑄢𑄴,শুনে তোমাকে ভালো লাগে তার
𑄟𑄚𑄪𑄌𑄴 𑄛𑄬𑄣𑄬 𑄟𑄢𑄬 𑄉𑄧𑄛𑄴,মানুষ পেলে মারে প্রবাদ
𑄢𑄬𑄖𑄴 𑄘𑄨𑄚𑄴 𑄚𑄳𑄆𑄬 𑄖𑄢𑄴 ।,রাত দিন নেই তার
𑄟𑄚𑄪𑄌𑄴 𑄉𑄬𑄣𑄬 𑄖 𑄊𑄧𑄢𑄧𑄖𑄴,মানুষ গেলে তার বািতে
𑄌𑄮𑄇𑄴 𑄥𑄟𑄚𑄴 𑄘𑄬 𑄇𑄧𑄝𑄣𑄧𑄖𑄴,চোখের পলক দো
𑄇𑄮𑄙 𑄇𑄧𑄠𑄴 𑄛𑄧𑄖𑄴𑄧𑄟𑄧𑄖𑄴 ।,কথা বলতে বলতে পথঘাট
𑄖 𑄎𑄬𑄢𑄬 𑄚𑄬𑄡𑄠𑄴 𑄑𑄚𑄨,তার পরে নিে টানি
"𑄌𑄨𑄚𑄴, 𑄎𑄛𑄚𑄴, 𑄗𑄭𑄣𑄳𑄠𑄚𑄴𑄘𑄴","চিনে,জাপান,থাইতান"
"𑄛𑄇𑄨𑄥𑄴𑄖𑄚𑄴, 𑄃𑄨𑄚𑄴𑄘𑄨𑄠","পাকিস্তান,ইন্দা"
"𑄃𑄟𑄬𑄢𑄨𑄇, 𑄃𑄨𑄋𑄴𑄣𑄳𑄠𑄚𑄴𑄘𑄴 ।","আমেরিকা, ইংলা"
𑄙𑄪𑄚𑄴 𑄘𑄪𑄉𑄬 𑄌𑄮𑄎𑄴𑄎𑄠𑄴 𑄃𑄢𑄧,ধুধুক করে চোখ বন্ধ করো
𑄃𑄨𑄑𑄣𑄨𑄢𑄴 𑄟𑄢𑄴𑄇𑄮𑄚𑄨,ইতালির মার্কোনি
𑄇𑄨 𑄃𑄬𑄇𑄴𑄈𑄚𑄴 𑄢𑄬𑄓𑄨𑄃𑄮,কি একটা রেডিও
𑄝𑄚𑄬𑄣𑄧 𑄑𑄚𑄨 𑄖𑄪𑄚𑄨 −,ফানুস টানি টানি
𑄜𑄬𑄣𑄬𑄣𑄧 𑄎𑄃𑄮𑄣𑄪𑄉𑄧𑄖𑄴 𑄟𑄧𑄢𑄳𑄦𑄬,আমাকে ফেলে চলে গেল
𑄇𑄨 𑄉𑄮𑄢𑄳𑄦𑄨𑄟𑄴 𑄟𑄪𑄭 𑄃𑄢𑄴,কি গুো করবো আমি
𑄟𑄪𑄭 𑄡𑄪𑄚𑄨 𑄝𑄚𑄋𑄴 𑄢𑄬𑄓𑄨𑄃𑄮,পাহাের শিরা
𑄚𑄋𑄚𑄴 𑄦𑄳𑄆𑄮 𑄡𑄠𑄴 𑄖𑄢𑄴 ।,তার নাম হে যা
𑄢𑄬𑄓𑄨𑄃𑄮 𑄥𑄬𑄚𑄬 𑄚𑄧 𑄝𑄚𑄠𑄴,রেডিও শুনে না
𑄃𑄬 𑄘𑄪𑄊𑄧𑄖𑄴𑄪𑄚𑄴,এই দুঃখ থেকে
𑄚𑄧𑄦𑄧𑄣𑄬 𑄇𑄧𑄠𑄴 𑄦𑄬𑄚𑄝𑄘𑄬,না হলে বলা হ
𑄢𑄬𑄓𑄨𑄃𑄮 𑄛𑄬𑄣𑄚𑄴 𑄟𑄧𑄖𑄴𑄪𑄚𑄴 ।,রেডিও শুনতে শুনতে
𑄘𑄨- 𑄃𑄬𑄇𑄴𑄈𑄚𑄴 𑄗𑄠𑄴 𑄃𑄪𑄚𑄴𑄎𑄪𑄢𑄴 𑄖𑄢𑄴,দুইটা একটা তাাতাি উঠে তার
𑄞𑄋-𑄎𑄋 𑄢𑄬𑄓𑄨𑄃𑄮,ভাঙাচোরা রেডিও
𑄟𑄚𑄪𑄌𑄴 𑄟𑄪𑄎𑄨𑄟𑄴 𑄌𑄳𑄦𑄨𑄕𑄬 𑄘𑄬,মানুষ মেরে দো
𑄃𑄨𑄠𑄬𑄚𑄨 𑄞𑄬𑄭 𑄞𑄨𑄓𑄨𑄃𑄮 ।,এগুলো বোই ভিডিও
𑄃𑄬𑄇𑄴 𑄉𑄬𑄘 𑄚-𑄇𑄨 𑄛𑄬𑄣𑄬𑄚𑄴 𑄝𑄚𑄳𑄦𑄬𑄠𑄳𑄠,এক থোকা নািে এক গেে আছে
𑄑𑄮𑄚𑄴 𑄞𑄋𑄣𑄳𑄆𑄮 𑄎𑄮𑄢 𑄘𑄨,টোন ভাঙালে জোা দেওা
𑄝𑄢𑄳𑄦𑄬 𑄡𑄬𑄇𑄴𑄬 𑄕𑄨𑄊𑄬𑄣𑄴𑄳𑄠 𑄥𑄨𑄠𑄬𑄚𑄴,বাইরে কিছুক্ষণ পর পর নিে গেল সেটা
𑄌𑄳𑄦𑄭𑄘𑄳𑄠 𑄡𑄖𑄴𑄳𑄆𑄮 𑄦𑄪𑄢𑄨 −,চাংমাা যাওাহুি
𑄗𑄬 𑄚-𑄇𑄨 𑄈𑄨𑄎𑄨 𑄈𑄨𑄥𑄴𑄳𑄠,.সে নাকি কি খেে নিে যা
𑄘𑄨𑄝𑄬-𑄖𑄨𑄚𑄴𑄮 𑄝𑄌𑄴 𑄎𑄮𑄢 𑄘𑄨,দুই-তিনটা বাঁশ যোগা
𑄝𑄢𑄨 𑄘𑄳𑄆𑄨𑄚𑄬 𑄃𑄚𑄴𑄬 𑄛𑄢𑄨,বারি দিে আনতে পারে
𑄥𑄨𑄢𑄳𑄦𑄬𑄝𑄮 𑄞𑄋𑄨 𑄘𑄨 ।,মাথাটা ভেঙে দাও
𑄓𑄮𑄢𑄬𑄭𑄚𑄬 𑄇𑄧𑄠𑄴 𑄟𑄚𑄪𑄌𑄴𑄪𑄚𑄧𑄢𑄬,ডাকতেছে কলোককে
𑄝𑄂 𑄞𑄣𑄭 𑄛𑄎𑄴𑄏𑄮𑄋𑄴 𑄢𑄊𑄬𑄭,বািটা সুন্দর আছে
𑄚𑄧𑄦𑄧𑄣𑄬 𑄊𑄧𑄢𑄴 𑄙𑄪𑄎𑄴 𑄟𑄢𑄨𑄚𑄳𑄠𑄭,না হলে ঘর ধোঁা মেরে দো
𑄘𑄨𑄣𑄪𑄚𑄴 𑄃𑄮𑄟𑄳𑄦 𑄙𑄮𑄎𑄬𑄭 ।,দিলটা তার ধোঁা
𑄥𑄨𑄚𑄪𑄖𑄴𑄳𑄠𑄳𑄆 𑄚-𑄇𑄨 𑄛𑄬𑄣𑄬𑄚𑄴 𑄚𑄧 𑄝𑄚𑄭,.সেগুলোতেও নাকি কিছু পেল না
𑄈𑄬𑄭𑄚𑄬 𑄃𑄬𑄇𑄴 𑄉𑄬𑄘 𑄙𑄪𑄎𑄴,খেে এক গেে ধোঁা
𑄝𑄏𑄴𑄳𑄠 𑄞𑄨𑄣𑄬 𑄖 𑄟𑄧𑄚𑄚𑄧𑄖𑄴,বাঁশটা ভ পেলে তার মনে হ
𑄘𑄋𑄳𑄦𑄧𑄢𑄴 𑄃𑄬𑄇𑄴𑄈𑄚𑄴 𑄦𑄪𑄎𑄴 ।,ব একটা নৌকা
𑄖𑄮𑄚𑄧𑄖𑄴 𑄞𑄨𑄣𑄬 𑄣𑄉𑄬 𑄖𑄢𑄴,তরকারিতে ভে লাগে তার
𑄥𑄛𑄴𑄖𑄠𑄴 𑄥𑄖𑄴 𑄥𑄬𑄢𑄴 𑄎𑄨𑄢𑄬,সাপটা সাত সের জিরে
𑄖𑄳𑄠𑄧 𑄞𑄨𑄣𑄬 𑄃𑄢𑄧 𑄚𑄧 𑄇𑄪𑄣𑄠𑄴,তাাতাি আর কুলা না
𑄝𑄏𑄬 𑄊𑄧𑄢𑄧𑄖𑄴 𑄉𑄨𑄢𑄳𑄦𑄳𑄠 ।,বািতে গিেছে
𑄥𑄪𑄚𑄧𑄚𑄴 𑄝𑄕 𑄟𑄚𑄪𑄌𑄴𑄪𑄚𑄬,কানে না শোনা মানুষ
𑄇𑄨𑄃𑄳𑄆𑄮 𑄇𑄨𑄌𑄴𑄪 𑄚𑄧𑄇𑄧𑄚𑄴,.কিছু কিছু ন
𑄖𑄬 𑄛𑄨𑄖𑄴 𑄘𑄨𑄣𑄬 𑄟𑄖𑄴𑄧𑄢𑄴 𑄝𑄬𑄇𑄴𑄪𑄚𑄬,সে পিছন ফিরলে সবাই স্বীকার করে
𑄎𑄨𑄢𑄬 𑄈𑄬𑄠𑄳𑄠 𑄓𑄉𑄧𑄚𑄴 ।,জিরে খেে দো
𑄇𑄨𑄃𑄳𑄠𑄮 𑄉𑄬𑄣𑄬 𑄖 𑄊𑄧𑄢𑄧𑄖𑄴,.কেউ গেলে তার বািতে
"𑄘𑄮𑄣𑄬 𑄇𑄧𑄠𑄴, 𑄞𑄬𑄭","ভালো করে বলে,ভাই"
𑄟𑄧 𑄊𑄮𑄢𑄴𑄝𑄮𑄃𑄪𑄚𑄴 𑄦𑄬𑄙𑄧𑄇𑄴 𑄃𑄣𑄴𑄥𑄨,আমার ভাতিজারা অনেক ব ব
𑄙𑄪𑄚𑄴𑄘𑄧 𑄛𑄪𑄎𑄴𑄧𑄚𑄴 𑄚𑄬𑄭 ।,ধুঁা পোকা নেই
𑄘𑄧𑄟𑄴 𑄘𑄧𑄟𑄖𑄴𑄪𑄚𑄴 𑄈𑄥𑄴𑄳𑄠𑄧 𑄛𑄘,টুকরা টুকরা করে খাওা
𑄇𑄨𑄃𑄳𑄆𑄮 𑄚𑄧 𑄘𑄳𑄠𑄧𑄚𑄴 𑄛𑄢𑄨,.কিছুই দিতে পারি না
𑄥𑄨𑄚𑄪𑄖𑄴𑄳𑄠𑄳𑄆 𑄞𑄨𑄣𑄨 𑄟𑄭𑄃𑄮 𑄞𑄬𑄭,সেগুলো বোই বোই করে
𑄈𑄬𑄭 𑄛𑄋𑄴 𑄃𑄨𑄇𑄴𑄬 𑄝𑄨𑄢𑄨 ।,খোলের ঠোঙা এখন বিে
𑄥𑄨𑄃𑄪𑄚𑄧 𑄃𑄨𑄇𑄴𑄬 𑄜𑄪𑄢𑄬𑄠𑄳𑄠𑄧𑄚𑄴,সেগুলো এখন শেষ হেছে
"𑄇𑄨𑄈𑄬𑄝𑄬 𑄌𑄬, 𑄞𑄬𑄭 ?","কেন তাাতাি চাও, ভাই?"
𑄖𑄧𑄖𑄴𑄪𑄚𑄴 𑄡𑄪𑄚𑄨 𑄗𑄚𑄴𑄬 𑄥𑄣𑄬𑄚𑄴,.তন্ন তন্ন করে থাকে সে
𑄃𑄚𑄴𑄚 𑄘𑄨𑄝𑄬 𑄙𑄮𑄢𑄬𑄭 ।,আগুনটা দাউ দাউ করে জ্বলতেছে
𑄥𑄨𑄠𑄬𑄚𑄨 𑄡𑄬 𑄉𑄧𑄛𑄴 𑄝𑄬𑄇𑄴𑄈𑄚𑄨,সেগুলো যে সব গুো
𑄟𑄚𑄴𑄪𑄌𑄴𑄪𑄚𑄬 𑄡𑄬 𑄇𑄳𑄆𑄮 𑄛𑄢𑄧𑄚𑄴,.মানুষরা যে কথা বলতে পারে
"𑄥𑄬𑄚𑄬, -𑄦𑄏𑄨 𑄦𑄏𑄨 𑄟𑄚𑄪𑄌𑄴𑄪𑄚𑄬","সে,হেঁটে হেটে মানুষরা"
𑄦𑄧𑄠𑄴 𑄦𑄧𑄠𑄴 𑄞𑄨𑄣𑄨 𑄇𑄧𑄚𑄴 ।,হে হে বলে
𑄃𑄬 𑄙𑄨𑄇𑄴𑄳𑄠𑄚𑄴 𑄖𑄢𑄴 𑄜𑄘 𑄉𑄧𑄛𑄴,এই দোষটা তার মিথ্যা দোষ
𑄇𑄳𑄆𑄮 𑄜𑄪𑄢 𑄇𑄨 𑄡𑄠𑄴 ?,.ক ফুটা কি যা?
𑄦𑄏𑄢𑄴 𑄇𑄧𑄣𑄬𑄠𑄳𑄠𑄧 𑄖 𑄇𑄮𑄙𑄚𑄨,হাত দিে তার কথাগুলো
𑄣𑄈𑄴𑄇𑄚𑄴 𑄃𑄪𑄚𑄧 𑄗𑄠𑄴 ।,হাজার টাকা থাকে
𑄝𑄳𑄠𑄚𑄴 𑄘𑄢𑄴 𑄉𑄧𑄢𑄳𑄦𑄬 𑄘𑄧𑄣𑄴 𑄝𑄕𑄬,বাটা দৌাদৌি করে
"𑄝𑄏𑄨, 𑄖𑄧𑄝𑄧𑄣, 𑄝𑄎","বাঁশি, তবলা, বাজা"
"𑄎𑄪𑄢𑄨, 𑄇𑄧𑄢𑄧𑄚𑄬𑄑𑄴 𑄝𑄎𑄚𑄖𑄴 𑄃𑄮","১. জুে, কোরাস বাজানো ২. জুে, কোরাস বাজানো"
𑄃𑄬𑄣𑄧 𑄇𑄝𑄨𑄣𑄴 𑄝𑄬𑄇𑄴𑄈𑄚𑄨 ।,এল কাপের সবগুলো
"𑄓𑄇𑄴𑄖𑄧𑄢𑄴 𑄛𑄢𑄬, 𑄝𑄮𑄘𑄴𑄳𑄠𑄧 𑄛𑄢𑄬","ডাকতে পারে, পড়তে পারে"
𑄛𑄨𑄢𑄬𑄚𑄨𑄃𑄮 𑄌𑄨𑄚𑄬,রোগীও চিনে
𑄌𑄬𑄢𑄬𑄖𑄴𑄳𑄠𑄃𑄮 𑄘𑄮𑄣𑄬𑄉𑄧𑄢𑄬,চোরটাও সুন্দর
𑄉𑄧𑄟𑄴𑄉𑄧𑄟𑄴 𑄘𑄢𑄪 𑄘𑄳𑄆𑄨𑄚𑄬 ।,ভালো ঔষুধ দিে
𑄥𑄨𑄚𑄪𑄖𑄴𑄳𑄠𑄳𑄆 𑄟𑄪𑄚𑄪𑄌𑄴𑄪𑄚𑄬 𑄎𑄬 𑄖𑄢𑄳𑄦𑄬,সেখান থেকে মলাগুলো বের হে যা
𑄌𑄨𑄖𑄴 𑄘𑄨𑄃𑄮𑄣𑄬 𑄇𑄮𑄌𑄴𑄛𑄳𑄦𑄚𑄴,মন দিে ভালোবাসা
𑄟𑄪𑄢𑄨𑄚𑄬𑄃𑄮 𑄥𑄬𑄚𑄬 𑄖𑄢𑄳𑄦𑄬,পাহােও তাকে সেভাবে দেখে
𑄃𑄬𑄎𑄧 𑄚𑄋𑄴 𑄊𑄨𑄚𑄨 𑄛𑄚𑄴 ।,এই নাকটা ঘিনি পান
𑄚𑄋𑄚𑄴 𑄖𑄢𑄴 𑄎𑄪𑄢𑄮𑄌𑄚𑄴,নাকটা তার সুন্দর
𑄢𑄬𑄓𑄨𑄃𑄮 𑄟𑄬𑄇𑄢𑄴,রেডিও মেে
𑄝𑄬𑄎𑄴 𑄉𑄧𑄛𑄴 𑄘𑄬 𑄇𑄨𑄚𑄬𑄭 𑄓𑄉𑄧𑄚𑄴 𑄖𑄢𑄳𑄦𑄬,বোই করে তাকে বিে করে
𑄣𑄪𑄘𑄨 𑄝𑄌𑄴 𑄍𑄧𑄢 𑄝𑄬𑄖𑄢𑄴 ।,এক জাতী রেডিও
𑄝𑄬𑄋𑄴𑄢𑄎 𑄃𑄢𑄴 𑄝𑄬𑄋𑄴𑄢𑄚𑄨,"বোই, বোই"
𑄃𑄬𑄇𑄴 𑄃𑄧𑄇𑄴𑄖𑄧𑄖𑄴 𑄃𑄬𑄇𑄴 𑄝𑄬𑄋𑄴𑄢𑄎 𑄃𑄢𑄧 𑄃𑄬𑄇𑄴 𑄝𑄬𑄋𑄴𑄢𑄚𑄨,এক লাঠিতে এক বো আর এক বো
𑄃𑄬𑄇𑄴 𑄉𑄬𑄘 𑄝𑄎𑄬𑄣𑄇𑄴 𑄖𑄢𑄳𑄦 𑄇𑄮𑄙 𑄑𑄚𑄑𑄚𑄨 −,এক কথা বলে তারা মুখ বাঁকা করলো
𑄃𑄬𑄚𑄬 𑄃𑄬𑄚𑄬 𑄝𑄎𑄨𑄣𑄧 𑄖𑄢𑄳𑄦𑄢𑄴 𑄃𑄬𑄇𑄴 𑄃𑄮𑄟𑄳𑄦 𑄎𑄮𑄣𑄴,এনে এনে বেঁধে দিল তাদের এক জোা
𑄥𑄬 𑄎𑄮𑄣𑄮𑄖𑄴 𑄢𑄎𑄴𑄊𑄧𑄢𑄚𑄴 𑄉𑄮𑄘 𑄦𑄧𑄣𑄧 𑄃𑄮𑄣𑄮 𑄏𑄮𑄣𑄴 ।,সে পাতিলে রাজঘরটা গুো হলো
𑄢𑄎 𑄙𑄮𑄎𑄴𑄳𑄠 𑄢𑄚𑄨 𑄣𑄬𑄎𑄮𑄖𑄴 𑄢𑄚𑄨 𑄙𑄮𑄎𑄴𑄳𑄠 𑄢𑄎𑄢𑄴,রাজা ধোঁা রানির লেজে রানী ধোঁা রাজা
𑄑𑄚𑄑𑄚𑄨 𑄉𑄮𑄢𑄳𑄦𑄨 𑄖𑄢𑄳𑄦𑄢𑄴 𑄘𑄨𑄚𑄴 𑄉𑄮𑄋𑄬 𑄝𑄧𑄏𑄧𑄢𑄴 𑄡𑄢𑄴 ।,তাদের দিনগুলো ভালোভাবে কেটে যা
𑄃𑄨𑄇𑄴𑄬𑄚𑄴 𑄉𑄮𑄢𑄳𑄦𑄨 𑄉𑄧𑄖𑄴𑄬 𑄉𑄧𑄖𑄴𑄬 𑄇𑄨 𑄦𑄧𑄣𑄧 𑄗𑄪𑄟𑄬𑄚𑄴𑄘𑄨,এখন গুঁো করতে করতে কি হলো শেষটা
𑄉𑄮𑄢 𑄥𑄪𑄘𑄴𑄙𑄧 𑄣𑄬𑄌𑄴𑄌𑄚𑄨 𑄘𑄮 𑄎𑄧𑄚𑄧𑄢𑄴 𑄉𑄬𑄣𑄧 𑄍𑄨𑄚𑄨 ।,.গোসাপের লেজটা দুই জন নিে গেল
𑄣𑄬𑄎𑄴𑄍𑄨𑄚𑄨 𑄡𑄬𑄭 𑄃𑄨𑄇𑄴𑄬 𑄖𑄢𑄳𑄦𑄢𑄴 𑄇𑄮𑄎𑄴𑄳𑄠 𑄗𑄟𑄬𑄣𑄧,লেজটা এখন তাদের কোমা থামলো
𑄌𑄪𑄚𑄴𑄙𑄪𑄣𑄴 𑄉𑄮𑄢𑄳𑄦𑄨 𑄉𑄮𑄎𑄴𑄬 𑄛𑄪𑄢𑄨 𑄢𑄎 𑄃𑄨𑄇𑄴𑄬 𑄞𑄝𑄨𑄣𑄧,চূা গিে পুিে রাজা এখন চিন্তা করছে
𑄝𑄬𑄇𑄴𑄪𑄚𑄧𑄖𑄴𑄪𑄚𑄴 𑄣𑄬𑄎𑄴 𑄗𑄬𑄭𑄚𑄬 𑄝𑄕 𑄃𑄟𑄖𑄴𑄪𑄚𑄴 𑄚𑄬𑄭,সবাই আমাদের থেকে দূরে থাকে শুধু আমাদের থেকে
𑄇𑄨 𑄉𑄮𑄢𑄳𑄦𑄨𑄝𑄧 𑄢𑄎 𑄃𑄨𑄇𑄴𑄬 𑄚𑄧 𑄛𑄳𑄦𑄢𑄴 𑄞𑄝𑄨𑄚𑄬 ।,কি গিার রাজা এখনো পাওা যাচ্ছে না
𑄎𑄬𑄢𑄬𑄘𑄨 𑄃𑄬𑄇𑄴𑄈𑄚𑄴 𑄝𑄪𑄘𑄴𑄙𑄨 𑄈𑄘𑄬𑄭 𑄞𑄪𑄢𑄪𑄖𑄴 𑄉𑄮𑄢𑄳𑄦𑄨 𑄑𑄨𑄠𑄬𑄣𑄧,সে একটা বুদ্ধি দিে ভুরু গুিে ফেলল
𑄝𑄬𑄇𑄴 𑄝𑄬𑄋𑄪𑄚𑄴 𑄢𑄎𑄴 𑄊𑄧𑄢𑄧𑄖𑄴 𑄃𑄬𑄝𑄣𑄴𑄣𑄭 𑄦𑄪𑄟𑄴 𑄘𑄨𑄣𑄧 ।,সব ব্যাঙগুলো রাজবািতে এসে লাফ দিল
𑄖𑄪𑄣𑄴 𑄛𑄪𑄣𑄴𑄳𑄠 𑄦𑄳𑄆𑄮 𑄝𑄬𑄇𑄴 𑄝𑄬𑄋𑄪𑄚𑄴 𑄢𑄎𑄴 𑄊𑄧𑄢𑄧𑄖𑄴 𑄃𑄬𑄭,.তুলনা পুল হে সব ব্যাঙগুলো রাজ বািতে আছে
𑄌𑄚𑄴𑄘𑄬 𑄘𑄧 𑄃𑄮𑄟𑄳𑄦 𑄝𑄬𑄙𑄧𑄇𑄴 𑄢𑄎𑄢𑄴 𑄣𑄬𑄌𑄴𑄌𑄚𑄴 𑄚𑄬𑄭 ।,চাঁদ তো আমাদের সাথে অনেক রাজার লেলিে আছে
𑄝𑄬𑄇𑄴𑄪𑄚𑄧𑄢𑄬 𑄢𑄨𑄚𑄨 𑄌𑄬𑄭 𑄢𑄎𑄠𑄴 𑄃𑄨𑄇𑄴𑄬 𑄦𑄪𑄟𑄴 𑄘𑄨𑄣𑄧,সবাই তাকে দেখে লাফ দিল
𑄟𑄧𑄙𑄮𑄇𑄴𑄳𑄠𑄚𑄴 𑄉𑄮𑄢𑄳𑄦𑄨 𑄝𑄬𑄇𑄴 𑄝𑄬𑄋𑄪𑄚𑄬 𑄣𑄬𑄌𑄴𑄌𑄚𑄨 𑄇𑄝𑄨 𑄜𑄬𑄣𑄧 ।,মলাটা ছোট করে সবগুলো সেলাই করে ফেলে
𑄣𑄬𑄌𑄴𑄌𑄚𑄨 𑄦𑄧𑄣𑄧 𑄎𑄮𑄚𑄴𑄎𑄃𑄮𑄣𑄪𑄇𑄴 𑄌𑄘𑄬𑄃𑄮 𑄣𑄉𑄬 𑄝𑄬𑄙𑄧𑄇𑄴,লেজটা হলো জোালের মতো দেখতে লাগে
𑄚𑄧 𑄗𑄬𑄣𑄬 𑄦𑄧𑄠𑄴 𑄇𑄬𑄠𑄳𑄠𑄚𑄴𑄃𑄮 𑄛𑄘𑄧𑄣𑄴 𑄌𑄘𑄬𑄃𑄮 𑄣𑄉𑄬 𑄙𑄧𑄇𑄴 ।,.না থাকলে হ না থাকলে শুধু পাতলা চামা লাগে
𑄢𑄎 𑄇𑄮𑄙𑄚𑄴 𑄥𑄪𑄚𑄨 𑄃𑄨𑄇𑄴𑄬 𑄝𑄬𑄇𑄴𑄪𑄚𑄴 𑄦𑄮𑄣𑄇𑄴 𑄗𑄧,রাজার কথা শুনে সবাই হেছে
𑄖𑄮𑄉𑄬 𑄚𑄧𑄛𑄘𑄧𑄚𑄴 𑄃𑄨𑄇𑄴𑄬 𑄖𑄢𑄳𑄦 𑄇𑄧𑄚𑄧 𑄝𑄪𑄘𑄴𑄙𑄨 𑄞𑄧 ।,.তরকারি বিক্রি করার মতো এখন তাদের কোনো বুদ্ধি নেই
𑄢𑄎 𑄇𑄢𑄧𑄢𑄴 𑄎𑄮𑄝𑄴 𑄚𑄧 𑄛𑄬𑄭 𑄢𑄉𑄬 𑄃𑄪𑄙𑄨 𑄜𑄪𑄣𑄨,রাজা কারের জো না পেে রাগে ফুলিে
"𑄇𑄧𑄣𑄧, 𑄥𑄣𑄬𑄚𑄴 𑄟𑄪𑄭 𑄎𑄮𑄝𑄴 𑄣𑄧𑄋𑄧𑄢𑄴 𑄎𑄧𑄚𑄬 𑄎𑄧𑄚𑄬 𑄉𑄮𑄢𑄳𑄦𑄨 ।","কল, সালেন পাহাে যাওা দুইজনে করে"
𑄇𑄮𑄥𑄴𑄳𑄠𑄧 𑄝𑄬𑄋𑄴𑄳𑄠𑄧𑄢𑄬 𑄇𑄧𑄣𑄧 𑄃𑄉𑄬 𑄛𑄪𑄚𑄴𑄘𑄨𑄇𑄴𑄳𑄠 𑄇𑄨 𑄉𑄮𑄢𑄳𑄦𑄨𑄝𑄬 𑄖𑄪𑄭,কেকটা বোইকে কল দিে কি করবা তুমি
𑄖𑄪𑄭 𑄇𑄝𑄨𑄝𑄬 𑄣𑄬𑄌𑄴𑄌𑄚𑄴 𑄚𑄨𑄎𑄬 𑄚 𑄇𑄝𑄨 𑄘𑄨𑄟𑄴 𑄟𑄪𑄭 ?,তুমি কেটে দিবে নাকি কেটে দিবো আমি
𑄇𑄮𑄥𑄴𑄳𑄠𑄧 𑄝𑄬𑄋𑄴𑄧 𑄇𑄧𑄣𑄧 𑄃𑄨𑄇𑄴𑄬 𑄚𑄚𑄪 𑄟𑄧𑄦𑄢𑄎𑄴,কেকটা বেংটা কল এখন নানু মা
𑄣𑄬𑄌𑄴𑄌𑄚𑄴 𑄡𑄪𑄚𑄨 𑄚𑄧 𑄗𑄬𑄣𑄬 𑄞𑄢𑄨 𑄦𑄧𑄝𑄧 𑄣𑄎𑄴 ।,লেজটা একসাথে না থাকলে অনেক লজ্জা করবে
𑄛𑄪𑄚𑄴 𑄘𑄨𑄇𑄴 𑄟𑄪𑄭 𑄝𑄝𑄪 𑄟𑄪𑄭 𑄚𑄋𑄴 𑄓𑄇𑄴 𑄟𑄧𑄢𑄴,পাছা দিে পাহাের নাা ডাকি আমি
𑄟𑄧𑄢𑄳𑄦𑄬 𑄌𑄬𑄣𑄬 𑄢𑄎 𑄚𑄚𑄪 𑄇𑄨 𑄚𑄋𑄴 𑄃𑄊𑄬 𑄖𑄧𑄢𑄴 ?,আমাকে দেখলে রাজার নানি কি নাম আছে তোমার
𑄇𑄮𑄥𑄴𑄳𑄠𑄧 𑄝𑄬𑄋𑄴𑄳𑄠𑄧 𑄇𑄮𑄙𑄚𑄴 𑄥𑄪𑄚𑄨 𑄢𑄎 𑄃𑄪𑄘𑄨𑄣𑄧 𑄥𑄮𑄎𑄬𑄭,কেকটা বেইন কেকটা কথা শুনে রাজা উঠল
𑄦𑄪𑄟𑄴 𑄉𑄧𑄣𑄴𑄣𑄧 𑄎𑄧𑄣𑄴𑄣𑄖𑄴𑄳𑄠𑄢𑄬 𑄟𑄪𑄉𑄧𑄢𑄴 𑄃𑄚𑄨𑄝𑄢𑄴 𑄖𑄮𑄉𑄬𑄭 −,হুম করলাম পানিতে মুগুর আনার জন্য
𑄃𑄬 𑄢𑄬𑄎𑄴𑄳𑄠𑄧𑄖𑄴 𑄢𑄎 𑄟𑄪𑄭 𑄖𑄪𑄭 𑄇𑄮𑄚𑄴𑄚 𑄇𑄮𑄠𑄳𑄠 𑄥𑄬 𑄇𑄮𑄙,এই রাতে তুমি আমার সাথে কোন কথা বলো না
𑄦𑄪𑄟𑄴 𑄉𑄮𑄢𑄳𑄦𑄨𑄣𑄧 𑄟𑄢𑄨 𑄖𑄢𑄳𑄦𑄬 𑄥𑄣𑄴𑄝𑄚𑄨 𑄘𑄳𑄠𑄧 𑄉𑄮𑄘 ।,হুম গোাল মেরে তাকে স্যাঁতসেঁতে করে দো
𑄃𑄬𑄚𑄴 𑄟𑄢𑄨𑄝 𑄇𑄬𑄠𑄳𑄠𑄖𑄴 𑄖𑄢𑄳𑄦𑄬 𑄉𑄮𑄘 𑄇𑄬𑄠𑄳𑄠 𑄜𑄪𑄣𑄨,এই মারি দিে তাকে ফুলিে দেওা হ
𑄡𑄨𑄃𑄧𑄖𑄴 𑄙𑄧𑄢𑄬 𑄥𑄨𑄃𑄧𑄖𑄴 𑄡𑄬𑄚𑄴 𑄛𑄪𑄎𑄴 𑄛𑄧𑄢𑄬𑄉𑄨 𑄉𑄪𑄣𑄨 ।,যে ধরে সেখানে যেন গুলি পেছে
𑄃𑄬𑄚𑄴 𑄟𑄢𑄨𑄣𑄧 𑄃𑄨𑄇𑄴𑄬 𑄖𑄢𑄳𑄦𑄬 𑄉𑄮𑄘 𑄇𑄬𑄠𑄳𑄠 𑄘𑄟𑄴 𑄘𑄟𑄴,.এই মারিটা এখন তাকে গোদা করে দিচ্ছে
𑄙𑄧𑄣𑄴𑄬 𑄃𑄨𑄇𑄴𑄬 𑄛𑄪𑄎𑄴 𑄛𑄧𑄢𑄬𑄉𑄨 𑄈𑄧𑄥𑄴 𑄈𑄧𑄥𑄴 𑄦𑄮𑄠𑄳𑄠 𑄌𑄟𑄴 ।,ধলে এখন পোকা পতেছে খসখসে হেছে
𑄟𑄬𑄢𑄴-𑄙𑄬𑄢𑄴 𑄈𑄬𑄭 𑄃𑄨𑄇𑄴𑄬 𑄝𑄬𑄇𑄴𑄈𑄚𑄴 𑄝𑄬𑄙𑄧𑄇𑄳𑄠 𑄦𑄳𑄆𑄮,মার খেে এখন সব পরিষ্কার হ
𑄇𑄮𑄥𑄴𑄳𑄠𑄧 𑄝𑄬𑄋𑄴 𑄃𑄨𑄇𑄴𑄬 𑄢𑄎𑄠𑄴 𑄖𑄢𑄳𑄦𑄬 𑄚𑄋𑄚𑄴 𑄘𑄨𑄣𑄧 𑄗𑄳𑄆𑄮 ।,কোাল বো এখন তাকে নাঙিে দিল
𑄥𑄨𑄖𑄴𑄗𑄪𑄚𑄴 𑄙𑄪𑄢𑄨 𑄇𑄮𑄥𑄴𑄳𑄠𑄧 𑄝𑄬𑄋𑄴 𑄦𑄧𑄣𑄧 𑄖 𑄚𑄋𑄚𑄴,সেখান থেকে বের হে যাওার সম তার নাম হলো বেইন
𑄇𑄨𑄃𑄳𑄆𑄮 𑄃𑄢𑄴 𑄙𑄮𑄖𑄴 𑄖𑄇𑄴 𑄚𑄧 𑄌𑄚𑄴 𑄝𑄬𑄊𑄬 𑄃𑄨𑄇𑄴𑄬 𑄊𑄨𑄚𑄚𑄴 ।,.কেন যে আর ধোঁা দেখতে পারে না এখন
𑄎𑄮𑄣𑄴𑄣𑄖𑄴𑄳𑄠 𑄃𑄢𑄧 𑄜𑄮𑄝𑄬 𑄜𑄮𑄝𑄬 𑄇𑄧𑄣𑄧-𑄚𑄚𑄪 𑄟𑄧𑄦𑄢𑄎𑄴,দৌাদৌি আর দৌাদৌি করে বলল-ভগবান!
𑄦𑄪𑄟𑄴 𑄉𑄮𑄢𑄳𑄦𑄨 𑄘𑄬 𑄃𑄢𑄧 𑄟𑄧𑄢𑄳𑄦𑄬 𑄇𑄢𑄳𑄦𑄬 𑄉𑄮𑄢𑄳𑄦𑄨𑄟𑄴 𑄚𑄎𑄴 ।,হাঁি দো আর আমি তোমাকে গুি দিবো
𑄢𑄎 𑄃𑄨𑄇𑄴𑄬 𑄦𑄪𑄟𑄴 𑄉𑄮𑄢𑄳𑄦𑄨𑄣𑄧 𑄎𑄮𑄣𑄴𑄣𑄖𑄴𑄳𑄠𑄢𑄬 𑄓𑄉𑄨,রাজা এখন শামুকের খোলস দিে দৌা
𑄇𑄮𑄥𑄴𑄳𑄠𑄧 𑄝𑄬𑄋𑄴𑄳𑄠𑄧𑄢𑄬 𑄣𑄬𑄌𑄴𑄌𑄚𑄴 𑄘𑄬𑄉𑄳𑄆𑄮 𑄉𑄮𑄢𑄥𑄪𑄘𑄴𑄙𑄧 𑄇𑄝𑄨 ।,কোালের বোটা দিে মাথা টোকা দেওা
𑄇𑄝𑄨 𑄜𑄬𑄣𑄬 𑄘𑄬 𑄝𑄬𑄇𑄴 𑄣𑄬𑄌𑄴𑄌𑄚𑄨 𑄡𑄬𑄇𑄴𑄪𑄚𑄴 𑄃𑄉𑄧𑄚𑄴 𑄝𑄬𑄋𑄴,কাপে ফেলে দো সব সেলাইগুলো একটা বাকি আছে
𑄝𑄬𑄇𑄴𑄪𑄚𑄴 𑄃𑄟𑄨 𑄣𑄬𑄎𑄴 𑄍𑄢 𑄦𑄳𑄆𑄮 𑄇𑄢𑄧𑄢𑄴 𑄚𑄧 𑄗𑄮𑄇𑄴 𑄙𑄬𑄋𑄴 ।,সবাই আমরা লেজ ছাা করে আর থাকতে পারিনা
𑄃𑄬𑄉𑄬 𑄃𑄬𑄉𑄬 𑄝𑄬𑄇𑄴 𑄣𑄬𑄌𑄴𑄌𑄚𑄨 𑄎𑄮𑄣𑄴𑄣𑄖𑄴𑄳𑄠 𑄘𑄨𑄣𑄧 𑄇𑄝𑄨,.একটু একটু করে সবগুলো লেলিে দিল কেটে
𑄃𑄢𑄧 𑄘𑄨𑄝𑄬 𑄝𑄬𑄋𑄧𑄢𑄬 𑄚𑄧𑄛𑄘𑄧𑄚𑄴 𑄃𑄨𑄇𑄴𑄬 𑄓𑄉𑄨 ।,আরও দুটি বানর নাচিেছে
𑄃𑄨𑄚𑄴𑄨 𑄖𑄮𑄉𑄬𑄭 𑄦𑄪𑄚𑄴𑄨 𑄖𑄮𑄉𑄬𑄭 𑄥𑄪𑄇𑄴 𑄚𑄧𑄛𑄘𑄧𑄚𑄴- 𑄎𑄬𑄢𑄬,.নিজের মতো হে অন্যের সাথে সুখ পাওা যা না
𑄥𑄪𑄇𑄴 𑄛𑄬𑄣𑄇𑄴𑄳𑄆𑄮 𑄃𑄨𑄇𑄴𑄳𑄠𑄧 𑄝𑄬𑄋𑄴 𑄇𑄪𑄎𑄪 𑄛𑄘 𑄍𑄬𑄢𑄬 ।,.সুক পাওা একটা বো পাতা ছেে
𑄌𑄪𑄣𑄧𑄖𑄴 𑄙𑄪𑄢𑄨 𑄃𑄚𑄨 𑄖𑄢𑄳𑄦𑄬 𑄎𑄮𑄣𑄴𑄣𑄖𑄴𑄳𑄠 𑄃𑄬𑄚𑄴 𑄥𑄬𑄎 𑄥𑄨𑄎𑄨𑄣𑄧,চুল ধরে নিে তাকে জোা নিে আসলো
𑄣𑄬𑄎𑄴 𑄇𑄝𑄨 𑄘𑄳𑄆𑄨 𑄛𑄨𑄘𑄨 𑄖𑄢𑄳𑄦𑄬 𑄙𑄬𑄢𑄴 𑄙𑄬𑄢𑄴 𑄝𑄚𑄬𑄣𑄧 ।,লেজ কেটে তাকে ব ব বানালে
𑄥𑄨𑄢𑄬𑄖𑄴 𑄟𑄢𑄨 𑄛𑄪𑄚𑄧𑄖𑄴 𑄟𑄢𑄨 𑄃𑄬𑄚𑄴 𑄝𑄚𑄬𑄣𑄧 𑄉𑄪𑄣𑄴,মাথা মেরে পাছা মেরে একটা বান গুল
𑄘𑄬𑄇𑄴𑄬 𑄖𑄢𑄳𑄦𑄬 𑄊𑄨𑄣𑄬 𑄙𑄮𑄇𑄴𑄳𑄠𑄚𑄴 𑄃𑄢𑄴 𑄃𑄬𑄇𑄴 𑄞𑄧𑄠𑄴 𑄌𑄬𑄣𑄳𑄦𑄬 𑄔𑄪𑄣𑄴 ।,দেখে তাকে ঘিলে ধোঁা আর এক ভে দেখলে ভ লাগে
𑄥𑄨𑄖𑄴𑄪𑄚𑄴 𑄙𑄪𑄪𑄢𑄨 𑄢𑄎𑄠𑄴 𑄘𑄨𑄣𑄧 𑄊𑄨𑄣𑄬 𑄝𑄬𑄋𑄴 𑄚𑄋𑄴 𑄖𑄢𑄳𑄦𑄬,তার থেকে ধোঁার রাজা তাকে ঘিলে বো দিল
𑄊𑄨𑄣𑄬 𑄝𑄬𑄋𑄴 𑄇𑄧𑄣𑄬 𑄃𑄨𑄇𑄴𑄬 𑄌𑄨𑄚𑄨 𑄃𑄟𑄨 𑄡𑄢𑄳𑄦𑄬 ।,ঘিলে বিাল বললে এখন তাকে চেনা যা
𑄖 𑄎𑄬𑄢𑄬𑄘𑄨 𑄙𑄮𑄎𑄴𑄳𑄠𑄧𑄚𑄴 𑄃𑄢𑄧 𑄃𑄨𑄇𑄴𑄳𑄠𑄧 𑄝𑄬𑄋𑄧𑄢𑄬 𑄖𑄮𑄉,তার ধোঁার ধোঁা আর একটা ব্যাঙকে খাওা
𑄟𑄘𑄨 𑄛𑄘𑄣𑄴 𑄚𑄧 𑄇𑄪𑄣𑄬𑄭 𑄉𑄮𑄘 𑄘𑄬𑄝 𑄎𑄮𑄉 −,মাটির পাতা না কুলালে ডিম দো
𑄖𑄮𑄉𑄬 𑄖𑄮𑄉𑄬 𑄚𑄬𑄘𑄬 𑄚𑄬𑄘𑄬 𑄃𑄨𑄇𑄴𑄇𑄳𑄠𑄧 𑄉𑄎𑄧 𑄈𑄪𑄣𑄪𑄋𑄧𑄖𑄴 𑄃𑄪𑄙𑄨,"তাাতাি, তাাতাি, তাাহুো করে একটা গাছ খুলতে হেছে"
𑄌𑄚𑄴𑄬 𑄙𑄧 𑄥𑄨𑄃𑄧𑄖𑄴 𑄥𑄬 𑄝𑄬𑄋𑄴𑄳𑄠𑄧 𑄃𑄊𑄬 𑄥𑄨𑄢𑄳𑄦𑄬 𑄉𑄪𑄎𑄨,চামা তো সেখানে সেই বোই আছে
𑄥𑄨𑄖𑄴𑄪𑄚𑄴 𑄙𑄪𑄢𑄨 𑄃𑄚𑄨 𑄖𑄢𑄳𑄦𑄬 𑄉𑄮𑄏𑄬 𑄘𑄨𑄣𑄇𑄴 𑄢𑄎𑄢𑄬,সেখান থেকে বের করে এনে রাজাকে দিল
𑄢𑄎 𑄢𑄉𑄬 𑄑𑄚𑄨𑄑𑄚𑄭 𑄝𑄬𑄦𑄣𑄴 𑄉𑄧𑄣𑄴𑄧 𑄖𑄢𑄳𑄦𑄬 ।,রাজা রাগে টানিে দিল তাকে
𑄎𑄬𑄢𑄬𑄘𑄨 𑄘𑄨𑄣𑄧 𑄣𑄬𑄌𑄴𑄌𑄚𑄴 𑄇𑄝𑄨 𑄣𑄬𑄎𑄮 𑄟𑄙𑄖𑄴 𑄙𑄪𑄢𑄨,ঝেে দিে লেজের মাথা গিে আছে
𑄘𑄨𑄣𑄧 𑄦𑄬𑄝𑄬𑄣𑄴 𑄉𑄎𑄧 𑄜𑄉𑄖𑄴 𑄢𑄎𑄠𑄴 𑄖𑄢𑄳𑄦𑄬 𑄃𑄨𑄢𑄨 ।,দিল হাতির গাে রাজা তাকে বিে করেছে
𑄑𑄚𑄨𑄑𑄚𑄭 𑄣𑄟𑄴𑄝 𑄉𑄮𑄢𑄳𑄦𑄬𑄭 𑄈𑄉𑄴 𑄇𑄬𑄟𑄮𑄥𑄚𑄴 𑄝𑄚𑄬𑄭,টানিটা লম্বা লম্বা করে কামে
𑄈𑄉𑄴 𑄝𑄬𑄋𑄴 𑄚𑄋𑄚𑄴 𑄃𑄨𑄇𑄴𑄬 𑄢𑄎𑄠𑄴 𑄘𑄨𑄣𑄧 𑄖𑄢𑄳𑄦𑄬 𑄝𑄮𑄎𑄬𑄭 ।,খাগ বেইনটা এখন তাকে রাজা করে দিল
𑄢𑄎 𑄃𑄢𑄧 𑄘𑄮𑄣𑄬 𑄃𑄨𑄇𑄴𑄬 𑄉𑄮𑄞𑄨𑄚𑄴 𑄉𑄮𑄢𑄳𑄦𑄨 𑄞𑄝𑄨,রাজা আরও ভালো করে আর ভালো করে চিন্তা করে
𑄜𑄪𑄚𑄴𑄘𑄨𑄉𑄧 𑄇𑄟𑄚𑄴 𑄘𑄨𑄣𑄧 𑄉𑄮𑄏𑄬 𑄃𑄢𑄧 𑄃𑄨𑄇𑄴𑄳𑄠𑄧 𑄝𑄬𑄋𑄧𑄢𑄬 𑄓𑄉𑄨,.ফুলের কাম দিে একটা ব্যাঙকে ডাঙিেছে
𑄜𑄮𑄘𑄛𑄮𑄖𑄴𑄳𑄠 𑄥𑄨𑄣𑄪𑄟𑄴 𑄖𑄢𑄳𑄦𑄬 𑄘𑄨𑄣𑄧 𑄇𑄬𑄠𑄳𑄠𑄖𑄴 𑄦𑄪𑄢𑄬𑄭,.ফোটকা শার্ট তাকে দিল কেে
𑄦𑄪𑄟𑄴 𑄘𑄨𑄣𑄴 𑄃𑄨𑄇𑄴𑄬 𑄉𑄨𑄖𑄴 𑄥𑄪𑄚𑄬𑄝𑄢𑄴 𑄚𑄨𑄎𑄬 𑄚𑄨𑄎𑄬 𑄎𑄮𑄢𑄬𑄭 ।,হুম দিে গিে শুনার জন্য নিজে নিজে
𑄛𑄪𑄚𑄴𑄘𑄨𑄇𑄴𑄳𑄠 𑄃𑄨𑄇𑄴𑄬 𑄉𑄨𑄖𑄴 𑄉𑄳𑄦 𑄙𑄧𑄣𑄴𑄣𑄧 𑄘𑄮𑄣𑄴 𑄉𑄮𑄢𑄳𑄦𑄨𑄚𑄬 𑄇𑄮𑄢𑄴 𑄇𑄮𑄢𑄬𑄭,.পন্দুকটা এখন গিঁটটা সুন্দর করে করে
𑄇𑄮𑄢𑄴 𑄇𑄮𑄢𑄨 𑄝𑄬𑄋𑄴 𑄚𑄋𑄴 𑄗𑄮 𑄘𑄨𑄣𑄧 𑄢𑄎𑄠𑄴 𑄃𑄨𑄇𑄴𑄬 𑄌𑄳𑄦𑄬𑄭 ।,কেকটা করে বেইন নািে দিল রাজা
𑄃𑄢𑄬𑄇𑄴𑄳𑄠𑄧 𑄝𑄬𑄋𑄴 𑄛𑄚𑄨𑄖𑄴 𑄞𑄎𑄨 𑄢𑄮𑄠𑄳𑄠 𑄢𑄎𑄢𑄴 𑄇𑄠𑄴,অন্যজন বেইন পানিতে ডুবে মারা গেছে।
𑄘𑄮𑄣𑄬 𑄌𑄳𑄦𑄬𑄧𑄭𑄚𑄬 𑄞𑄎 𑄝𑄬𑄋𑄴 𑄚𑄋𑄚𑄴 𑄗𑄳𑄆𑄮 𑄘𑄨𑄣𑄧 𑄖𑄢𑄳𑄦𑄬 𑄢𑄎𑄠𑄴 ।,ভালো করে দেখে ভাজা বোটা রেখে দিল তাকে
𑄃𑄢𑄬𑄇𑄴𑄳𑄠𑄧 𑄃𑄊𑄬 𑄌𑄨𑄃𑄮𑄚𑄴 𑄝𑄬𑄋𑄴 𑄇𑄨 𑄚𑄋𑄴 𑄘𑄨𑄝𑄧 𑄗𑄳𑄆𑄮,আরেকটা আছে ছোট বো কি নাম দিে আছে
𑄃𑄪𑄘𑄧 𑄚𑄧𑄛𑄢𑄴 𑄢𑄎 𑄃𑄨𑄇𑄴𑄬 𑄢𑄮𑄠𑄳𑄠 𑄃𑄟𑄴𑄝𑄧𑄇𑄴 𑄦𑄳𑄆𑄮,উ নালার রাজা এখন রোদ হেছে
𑄝𑄬𑄇𑄴𑄪𑄚𑄬 𑄇𑄧𑄚𑄴𑄬 𑄢𑄎 𑄚𑄚𑄪 𑄖𑄬𑄘𑄧 𑄇𑄪𑄘𑄪 𑄝𑄨𑄎𑄨 𑄥𑄚𑄴,সবাই বলে রাজার নািে বিে আছে
𑄇𑄬𑄎𑄚𑄴 𑄦𑄧𑄝𑄧 𑄗𑄳𑄆𑄮 𑄘𑄨𑄣𑄬 𑄖𑄢𑄳𑄦𑄬 𑄇𑄪𑄙𑄪 𑄝𑄨𑄎𑄨 𑄚𑄋𑄴,কেজান হে দিলে তাকে কোথা বিে না
𑄢𑄎 𑄇𑄧𑄣𑄧 𑄦𑄧𑄠𑄴 𑄦𑄧𑄠𑄴 𑄞𑄢𑄩 𑄈𑄪𑄏𑄨 𑄦𑄮𑄣𑄪𑄋𑄴,রাজা কল হে হে অনেক ছোট হেছে
𑄇𑄪𑄙𑄪 𑄝𑄨𑄎𑄨 𑄝𑄬𑄋𑄴 𑄖 𑄚𑄋𑄚𑄴 𑄖𑄢𑄳𑄦𑄬 𑄗𑄳𑄆𑄮 𑄘𑄨𑄣𑄪𑄋𑄴 ।,বিচি বিচি তার নামটা রেখে দিলাম
𑄢𑄎 𑄃𑄨𑄇𑄴𑄬 𑄃𑄪𑄘𑄨 𑄇𑄧𑄣𑄧 𑄝𑄧𑄣𑄴 𑄛𑄮𑄎𑄴𑄬 𑄃𑄬𑄝𑄬𑄣𑄴 𑄟𑄧𑄖𑄴𑄪𑄚𑄴,রাজা এখন কল কল করে বল পতেছে
𑄝𑄬𑄇𑄴 𑄚𑄋𑄚𑄨 𑄝𑄮𑄎𑄬 𑄘𑄬𑄚 𑄃𑄬𑄥𑄴𑄳𑄠 𑄚𑄧𑄦𑄧𑄣𑄧 𑄗𑄪𑄟𑄴 -,সব নাচাা করে দো আর শেষ হলোনা
𑄃𑄬 𑄎𑄬𑄢𑄬𑄘𑄨 𑄡𑄬𑄇𑄴𑄬 𑄓𑄉𑄨𑄟𑄴 𑄥𑄬𑄇𑄴𑄬 𑄝𑄬𑄇𑄴𑄪𑄚𑄴 𑄃𑄬𑄥𑄴𑄳𑄠,এই কারণে যখন ডাগি আসে তখন সবাই আসে
𑄝𑄉𑄨 𑄚𑄋𑄚𑄨 𑄥𑄬𑄇𑄴𑄬 𑄘𑄨𑄟𑄴 𑄃𑄨𑄇𑄴𑄬 𑄊𑄧𑄢𑄧𑄖𑄴 𑄡𑄧 ।,বামহাতি নাচগুলো এখন বািতে যাও
𑄃𑄬 𑄇𑄮𑄙𑄚𑄨 𑄇𑄳𑄆𑄮𑄚𑄬 𑄢𑄎𑄠𑄴 𑄡𑄬𑄝𑄢𑄴 𑄦𑄪𑄟𑄴 𑄘𑄨𑄣𑄧 ।,এই কথাগুলো বলে রাজা চলে গেল
𑄣𑄬𑄎𑄴 𑄍𑄢 𑄗𑄚 𑄘𑄪𑄇𑄴𑄈𑄚𑄴 𑄘𑄮𑄣𑄬 𑄥𑄮𑄢𑄬𑄣𑄧 ।,লেজ ছেে থাকা দুঃখটা ভালো
𑄃𑄨𑄇𑄴𑄳𑄠𑄬𑄢𑄨 𑄚𑄋𑄴 𑄝𑄪𑄎𑄨𑄣𑄧 𑄣𑄬𑄌𑄴𑄌𑄚𑄨 𑄉𑄬𑄣𑄧 𑄇𑄝,এক জাতী শামুকের লেজটা কেটে গেল বাি
𑄃𑄬𑄚𑄬 𑄃𑄬𑄚𑄬 𑄝𑄬𑄋𑄧 𑄉𑄧𑄛𑄴𑄛𑄚𑄴 𑄃𑄨𑄃𑄧𑄖𑄴 𑄉𑄮𑄣𑄴𑄪𑄋𑄴 𑄖𑄮𑄞 ।,এনে এনে ব্যাঙের ডিমগুলো এই ব ব তরকারি
𑄢𑄧𑄋𑄴𑄛𑄪𑄘𑄨𑄣𑄮𑄃𑄨 𑄥𑄮𑄚𑄝𑄨𑄢𑄴 𑄝𑄨𑄎𑄪𑄖𑄴 𑄝𑄬𑄢𑄚,রংপুটি দিে সোনার বিে বোনো
𑄢𑄧𑄋𑄴𑄛𑄪𑄘𑄨𑄣𑄮𑄭 𑄥𑄮𑄚𑄝𑄨 𑄝𑄨𑄎𑄪𑄖𑄴𑄖𑄬𑄭 𑄜𑄪𑄣𑄴 𑄖𑄪𑄣𑄧𑄘𑄧𑄚𑄴 ।,রংতুলি দিে সোনা বিঝুর জন্য ফুল তুলতেছে
𑄢𑄧𑄋𑄴𑄛𑄪𑄘𑄨𑄣𑄮𑄭 𑄥𑄮𑄚𑄝𑄨 𑄍𑄧𑄢𑄖𑄴 𑄉𑄘𑄧𑄘𑄧𑄚𑄴 ।,রংবেরঙের সোনা বিে ঘুরতেছে
𑄢𑄧𑄋𑄴𑄛𑄪𑄘𑄨𑄣𑄮𑄭 𑄥𑄮𑄚𑄝𑄨 𑄍𑄧𑄢𑄚𑄧𑄢𑄬 𑄎𑄪𑄘𑄨𑄚𑄬𑄭 𑄜𑄪𑄣𑄴 𑄞𑄎𑄘𑄧𑄚𑄴 ।,রংবেরঙের সোনা বিে করার সম ফুল ফুটতেছে
𑄊𑄧𑄢𑄧𑄖𑄴 𑄝𑄧𑄎𑄨 𑄉𑄪𑄢𑄧𑄞𑄬𑄭𑄝𑄱 𑄜𑄪𑄣𑄴𑄍𑄧𑄢 𑄉𑄘𑄢𑄴 𑄃 𑄝𑄧𑄢𑄴𑄝𑄮𑄚𑄴𑄚𑄮 𑄥𑄨𑄉𑄪𑄚𑄴 𑄊𑄧𑄢𑄧 𑄘𑄮𑄢𑄧𑄖𑄴 𑄑𑄋𑄢𑄴 ।,বািে বসা বুোটা ফুলের গাদা দিে ববোনের বাসা বসে আছে
𑄢𑄧𑄋𑄴𑄛𑄪𑄘𑄨𑄣𑄮𑄭 𑄥𑄮𑄚𑄝𑄨 𑄉𑄧𑄢𑄪-𑄍𑄉𑄧𑄣𑄪𑄚𑄧𑄢𑄬 𑄜𑄪𑄣𑄴𑄍𑄧𑄢 𑄛𑄨𑄚𑄬𑄭 𑄘𑄬𑄘𑄧𑄚𑄴 ।,রংবেরঙের সোনার গরু-ছাগলকে ফুলছাা পে দে
𑄖𑄢 𑄘𑄨𑄝𑄮𑄚𑄬 𑄇𑄮𑄎𑄮𑄭 𑄛𑄚𑄨 𑄥𑄨𑄘𑄨 𑄘𑄬𑄘𑄧𑄚𑄴 ।,তারা দুইজন মিলে পানি সেলাই করছে
𑄢𑄧𑄋𑄴𑄛𑄪𑄘𑄨𑄣𑄮𑄭 𑄥𑄮𑄚𑄝𑄨 𑄊𑄧𑄢𑄧 𑄃𑄪𑄘𑄧𑄚𑄧𑄖𑄴 𑄇𑄪𑄢𑄧𑄉𑄪𑄚𑄧𑄢𑄬 𑄙𑄚𑄴 𑄍𑄨𑄘𑄨 𑄘𑄬𑄘𑄧𑄚𑄴 ।,রংবেরঙের সোনার বািে কুকুরগুলো ধান ছিঁে দিচ্ছে
"𑄖𑄢 𑄘𑄨 𑄝𑄮𑄚𑄬 𑄛𑄨𑄘𑄳𑄠𑄬 𑄝𑄚𑄘𑄧𑄚𑄴, 𑄖𑄟𑄴𑄟 𑄛𑄨𑄘𑄬𑄃𑄚𑄨 𑄞𑄎 ।","তারা দুই বোন পিঠা বানাচ্ছে,তার মা পিঠা বানাচ্ছে"
𑄢𑄧𑄋𑄴𑄛𑄪𑄘𑄨𑄣𑄮𑄭 𑄥𑄮𑄚𑄝𑄨 𑄟-𑄝𑄛𑄴 𑄃 𑄟𑄪𑄢𑄪𑄝𑄴𑄝𑄨𑄃𑄪𑄚𑄧𑄢𑄬 𑄎𑄪𑄏𑄪 𑄉𑄧𑄖𑄴𑄖𑄧𑄚𑄴 ।,রংবেরঙের সোনাবি মা-বাবা এই লোকগুলোকে জুে দিচ্ছে
"𑄃𑄘𑄟𑄧𑄖𑄴 𑄉𑄧𑄢𑄨𑄠𑄬 𑄚𑄎𑄨𑄠𑄬 𑄃𑄬𑄌𑄴𑄳𑄠𑄚𑄴, 𑄘𑄨 𑄝𑄮𑄚𑄬 𑄖𑄢𑄢𑄬 𑄌𑄬𑄝𑄖𑄴𑄖𑄬𑄭 ।","গ্রাম করে নাচতে এসেছে,দুই বোন তাদেরকে দেখতে এসেছে"
𑄊𑄧𑄢𑄨𑄠𑄬 𑄚𑄎𑄨𑄠𑄬𑄃𑄪𑄚𑄧 𑄥𑄧𑄟𑄢𑄬 𑄉𑄪𑄢𑄧𑄃𑄪𑄚𑄧 𑄟𑄧𑄚𑄧 𑄈𑄪𑄎𑄨𑄠𑄬 ।,বািে নাচিেরা একসাথে সুখ পেতেছে
𑄏𑄢𑄧𑄖𑄴 𑄝𑄌𑄴 𑄇𑄝𑄚,জঙ্গল পরিষ্কার করা
𑄝𑄨𑄖𑄴𑄘𑄪𑄖𑄴 𑄃 𑄥𑄪𑄚𑄨𑄣𑄬 𑄃𑄧𑄟𑄧𑄇𑄧𑄘𑄧 𑄇𑄟𑄴𑄟𑄱 ।,স্বপ্নে দেখলে অনেক কাজ করতে হ
𑄖𑄢 𑄘𑄨𑄎𑄧𑄚𑄬 𑄏𑄢𑄧 𑄝𑄌𑄴 𑄇𑄝 𑄡𑄘𑄧𑄚𑄴 ।,তারা দুইজন জঙ্গলের বাঁশ কাটতে যাচ্ছে
𑄏𑄢𑄧𑄖𑄴 𑄡𑄬𑄚𑄬𑄃𑄨 𑄃𑄬𑄇𑄴𑄇𑄚𑄴 𑄛𑄬𑄇𑄴 𑄝𑄎𑄖𑄴 𑄃𑄪𑄘𑄨𑄣𑄇𑄴 ।,জঙ্গলের মধ্যে যেন একটা পাখি লাফিে উঠল
𑄝𑄨𑄖𑄴𑄘𑄪𑄖𑄬 𑄢𑄬𑄘𑄮𑄖𑄴 𑄈𑄬𑄝𑄢𑄴 𑄢𑄚𑄬𑄢𑄴 ।,.বিদাে রাতে খাওার জন্য রওনা হওা
𑄥𑄪𑄚𑄨𑄣𑄬 𑄘𑄢𑄴𑄝𑄮 𑄖𑄮𑄉𑄬𑄃𑄨 𑄃𑄚𑄳𑄠𑄬 ।,শুনে দািে আনে
𑄖𑄢 𑄈 𑄙𑄧𑄢𑄴𑄣𑄇𑄴 ।,তাদের খাওার অভ্যাস
𑄢𑄬𑄘𑄮𑄖𑄴 𑄟𑄮𑄎𑄮𑄢𑄨 𑄞𑄨𑄘𑄨𑄢𑄬 𑄊𑄪𑄟𑄴 𑄡𑄚𑄴 ।,রাতের বেলা মেেরা মাদুরের উপর ঘুমা
𑄝𑄬𑄚𑄴𑄚𑄳𑄠 𑄖𑄢 𑄝𑄌𑄴 𑄇𑄝 𑄙𑄧𑄢𑄴𑄣𑄇𑄴 ।,বেইনটা তাদের বাঁশ কেটে ধরলো
𑄝𑄌𑄴𑄌𑄪𑄚𑄴 𑄌𑄣𑄨 𑄝𑄚𑄨𑄣𑄇𑄴 ।,কাপের চালি বানানো হ
𑄌𑄣𑄨𑄃𑄪𑄚𑄴𑄘𑄧𑄃𑄨 𑄌𑄧𑄢𑄘𑄨 𑄖𑄢 𑄝𑄎𑄢𑄧𑄖𑄴 𑄉𑄬𑄣𑄇𑄴 ।,টিনের চালা দিে তারা বাজারে গেল
𑄝𑄎𑄢𑄧𑄖𑄴 𑄝𑄌𑄴𑄌𑄪𑄚𑄴 𑄝𑄬𑄎𑄨𑄣𑄇𑄴 ।,বাজারে বিচি বিচি
𑄝𑄬𑄎𑄨𑄚𑄬𑄃𑄨 𑄞𑄣𑄪𑄇𑄴𑄇𑄪𑄚𑄴 𑄑𑄬𑄋 𑄛𑄬𑄣𑄇𑄴 ।,সবাই অনেক টাকা পেেছে
𑄢𑄧𑄎𑄬𑄠𑄬 : 𑄳𑄢𑄨𑄛𑄧𑄚𑄴 𑄖𑄳𑄢𑄨𑄛𑄪𑄢,"রগচটা, রগচটা, রগচটা"
𑄏𑄢𑄧𑄢𑄴 𑄟𑄟𑄪,জঙ্গলের মাা
"𑄥𑄨𑄠𑄬𑄚𑄧𑄖𑄴 𑄃𑄬𑄃𑄨𑄖𑄴, 𑄦𑄧𑄢𑄨𑄋𑄴, 𑄥𑄛𑄴 𑄃 𑄥𑄨𑄠𑄬𑄣𑄴 𑄃𑄉𑄧𑄚𑄴","সেখানে এই, হরিণ, সাপ এই সেখানে আছে"
"𑄥𑄨𑄠𑄬𑄚𑄧𑄖𑄴 𑄃𑄬𑄥𑄨𑄖𑄴, 𑄃𑄧𑄢𑄨𑄋𑄴 𑄥𑄛𑄴 𑄃 𑄥𑄨𑄠𑄬𑄣𑄴 𑄃𑄉𑄧𑄚𑄴 ।","সেখানে এসি,অতিরিক্ত সাপ আছে সেখানে"
𑄏𑄢𑄧 𑄉𑄎𑄴𑄥𑄪𑄚𑄧𑄘𑄧𑄭 𑄃𑄬𑄟𑄚𑄴 𑄃 𑄛𑄬𑄇𑄴𑄇𑄪𑄚𑄧𑄢𑄴 𑄎𑄧𑄘𑄧𑄛𑄧𑄘𑄬 𑄞𑄝𑄴 ।,জঙ্গলের মধ্যে এই পোকামাকগুলো সবসম আছে
𑄏𑄢𑄧 𑄞𑄨𑄘𑄨𑄢𑄬 𑄃𑄬𑄇𑄴 𑄘𑄨𑄚𑄴𑄚𑄳𑄠𑄬 𑄟𑄟𑄪 𑄥𑄨𑄠𑄬𑄣𑄴𑄣𑄳𑄠𑄬𑄢𑄴 𑄟𑄬𑄣 𑄃𑄧𑄢𑄴 ।,জঙ্গলের ভিতরে এক দিন মেে তাাতাি চলে যা
"𑄟𑄬𑄣𑄖𑄴 𑄞𑄬𑄇𑄴 𑄃𑄬𑄟𑄚𑄴, 𑄛𑄬𑄇𑄴 𑄃 𑄉𑄎𑄴𑄥𑄪𑄚𑄴 𑄃𑄬𑄌𑄳𑄠𑄚𑄴 ।",".মেলা ভ আছে,পেকে একটা গাছ আসতেছে"
"𑄟𑄬𑄣𑄖𑄴 𑄊𑄧𑄚𑄴𑄘𑄧, 𑄝𑄨𑄚𑄨𑄞𑄖𑄴 𑄃 𑄟𑄨𑄖𑄴𑄖𑄚𑄴𑄚𑄧 𑄢𑄚 𑄦𑄮𑄠𑄬 ।",".মেলা তরকারি, বিেতে তরকারিটা রান্না করা হ"
𑄝𑄬𑄇𑄴𑄇𑄪𑄚𑄬 𑄎𑄧𑄘𑄧𑄝𑄧𑄘𑄬 𑄥𑄪𑄠𑄧𑄖𑄴 𑄉𑄧𑄢𑄨 𑄈𑄬𑄣𑄇𑄴 ।,সবাই ভালো করে খেলো
𑄟𑄟𑄨 𑄥𑄨𑄠𑄬𑄣𑄧𑄚𑄨𑄢𑄬 𑄛𑄬𑄇𑄴𑄇𑄱 𑄜𑄪𑄣𑄴 𑄌𑄧𑄢 𑄃𑄚𑄨 𑄘𑄨𑄣𑄧 ।,মেেটি সিেলকে কবুতরের ফুলের চা এনে দিল
"𑄇𑄨𑄠𑄧𑄠𑄴 𑄇𑄨𑄠𑄧𑄠𑄴 𑄃𑄟𑄴, 𑄎𑄟𑄴, 𑄃𑄚𑄌𑄴 𑄃 𑄇𑄧𑄣 𑄃𑄚𑄨 𑄘𑄪𑄃𑄧𑄚𑄴 ।","কি কি আম,জাম,আনার আ কলা আনে"
𑄟𑄟𑄪𑄣𑄧𑄭 𑄟𑄟𑄨 𑄥𑄨𑄠𑄬𑄣𑄳𑄠 𑄥𑄨𑄠𑄬𑄣𑄧𑄚𑄨 𑄎𑄧𑄘𑄬𑄛𑄧𑄘𑄬 𑄈𑄪𑄎𑄨 𑄃𑄧𑄣𑄇𑄴 ।,পাহাের মেে তাাতাি তাাতাি খুঁজতে আসলাম
𑄌𑄚𑄧𑄢𑄴 𑄝𑄪𑄢𑄨,"চাঁদি, চাঁদি"
𑄌𑄚𑄧 𑄘𑄬𑄎𑄧𑄖𑄴 𑄃𑄬𑄇𑄴𑄇𑄱 𑄝𑄪𑄢𑄧 𑄟𑄨𑄣𑄬 𑄃𑄬𑄣𑄧 ।,সূর্য ডোবার সম এক মেে আসলো
𑄃𑄬𑄇𑄴𑄘𑄨𑄚𑄴𑄚𑄳𑄠 𑄟𑄧𑄚𑄧 𑄈𑄪𑄎𑄨𑄠𑄬 𑄖𑄬 𑄃𑄉𑄎𑄧𑄖𑄴 𑄃𑄪𑄢𑄨 𑄝𑄬𑄢𑄢𑄴 ।,এক দিন সে মন দিে ঘুরে বো
𑄝𑄪𑄢𑄨𑄢𑄬 𑄘𑄬𑄉𑄨 𑄃𑄬𑄇𑄴𑄇𑄱 𑄢𑄧𑄋𑄴𑄌𑄧𑄋𑄴𑄋𑄳𑄠 𑄛𑄪𑄢𑄨 𑄃𑄬𑄣𑄧 ।,বুোটাকে দেখে একটা রংচঙে পরী আসলো
𑄛𑄧𑄢𑄨𑄝𑄱 𑄝𑄪𑄢𑄨𑄢𑄬 𑄃𑄬𑄇𑄴𑄇𑄚𑄴 𑄥𑄪𑄉𑄪𑄚𑄧 𑄇𑄝𑄧𑄢𑄴 𑄘𑄨𑄣𑄧 ।,পতে হবে বুোকে একটি সুঁচালো কাপ দিল
𑄝𑄪𑄢𑄨 𑄥𑄬 𑄇𑄝𑄧𑄢𑄚𑄴 𑄛𑄨𑄚𑄨𑄣𑄧 ।,বুো সে কাপ পলো
𑄝𑄪𑄢𑄨𑄢𑄬 𑄛𑄧𑄢𑄨𑄝𑄱 𑄖 𑄘𑄬𑄎𑄧𑄖𑄴 𑄚𑄬𑄎𑄬𑄣𑄧 ।,বুোটা তার দোলে নিতে হবে
𑄛𑄧 𑄢𑄨𑄝𑄱 𑄝𑄪𑄢𑄨𑄢𑄬 𑄖-𑄘𑄬𑄎𑄖𑄴 𑄚𑄬𑄎𑄬𑄣𑄧 ।,পুা বুিটা তাাতাি নিে গেল
𑄌𑄚𑄧𑄢𑄴 𑄝𑄨𑄢𑄨,চামা বিি
𑄷 𑄚𑄧𑄟𑄴𑄝𑄧𑄢𑄴 𑄜𑄧𑄉𑄧𑄘𑄋𑄴 : 𑄸𑄶𑄶𑄾,১ নম্বর বিজ্ঞপ্তি: ২০০৮
[ 𑄃𑄪𑄞𑄉𑄩𑄖 𑄴],.উভাগী
𑄷. 𑄟𑄥𑄬 𑄈𑄬𑄣𑄧 𑄥𑄨𑄣𑄧 𑄇𑄬𑄃𑄨 𑄚𑄧 𑄘𑄬𑄣𑄬 𑄖𑄧𑄢𑄬 𑄌𑄨𑄇𑄧𑄚𑄴 𑄝𑄬𑄃𑄨 𑄚𑄧 𑄛𑄢𑄧𑄋- 𑄗𑄬𑄃𑄨 ।,১.মাসে খেলার শীল না দিলে তোমাকে চিকন করে দেখতে পারতেছি না
𑄸. 𑄃𑄪𑄢𑄬𑄢𑄴 𑄛𑄧𑄇𑄴𑄈𑄨 𑄖𑄧𑄣𑄴 𑄍𑄬𑄃𑄨𑄠 𑄍𑄢𑄨𑄘𑄧 𑄚𑄧 𑄛𑄢𑄨𑄟𑄴 𑄖𑄧 𑄟𑄬𑄃𑄨𑄠 ।,২. উের তলানি ছেে যেতে পারবো না তোমার মেে
𑄹.𑄍𑄧𑄢𑄍𑄧𑄢𑄨 𑄝𑄨𑄣𑄴 𑄦𑄧𑄝𑄧 𑄖𑄧𑄢𑄴 𑄦𑄘𑄧 𑄛𑄚𑄴 𑄈𑄨𑄣𑄨𑄇𑄴 𑄦𑄩𑄣𑄴 𑄦𑄧𑄝𑄧 ।,.তিন.ছাচা করলে তোমার হাতের পান খিলিক হে যাবে
𑄺. 𑄝𑄧𑄚𑄧𑄖𑄴 𑄘𑄧𑄉𑄧𑄢𑄬𑄢𑄴 𑄦𑄧𑄢𑄨𑄋𑄴 𑄥𑄧 𑄖𑄧𑄢𑄬 𑄚𑄧 𑄘𑄬𑄣𑄬 𑄟𑄧𑄢𑄨𑄟𑄴 𑄝𑄧𑄧 ।,বন থেকে ভের হরিণ সে তোমাকে না পেলে মরে যাবে
𑄻.𑄓𑄨𑄋𑄴𑄉𑄨 𑄇𑄪𑄣𑄬𑄟𑄴𑄝𑄨 𑄖𑄧 𑄊𑄑𑄧𑄖𑄴 𑄟𑄧𑄢𑄴 𑄃𑄥𑄧𑄣𑄴 𑄟𑄪𑄣𑄴 𑄛𑄧𑄢𑄕𑄚𑄴 𑄖𑄧 𑄦𑄖𑄧𑄖𑄴 ।,এক.ডিঙি কুলে তোমার ঘাটে আমার আসল প্রাণটা আছে
][,"১. (দা, ছুরি প্রভৃতি) শান দেওা; ২. (দা, ছুরি প্রভৃতির) শান"
𑄜𑄧𑄢𑄈𑄪𑄣𑄧 𑄟𑄌𑄴𑄖𑄧𑄢𑄧 𑄛𑄱।,এক জাতী মাছ
𑄖 𑄝𑄝𑄬 𑄈𑄬𑄋𑄧𑄖𑄳𑄠 𑄛𑄳𑄢𑄃𑄨𑄟𑄢𑄨 𑄃𑄨𑄥𑄴𑄇𑄪𑄣𑄧 𑄟𑄌𑄴𑄖𑄧𑄢𑄴।,তার বাবা-মা প্রাইমারী ইস্কুলের শিক্ষক
𑄘𑄨 𑄞𑄬𑄃𑄨 𑄃𑄬𑄇𑄴𑄝𑄮𑄚𑄴।,দুই ভাই এক বোন
𑄟𑄌𑄴𑄖𑄧𑄢𑄴 𑄃𑄨𑄎𑄬𑄝𑄬 𑄈𑄬𑄋𑄧𑄖𑄳𑄠𑄢𑄴 𑄃𑄘𑄟𑄧𑄖𑄴 𑄝𑄬𑄌𑄴 / .. 𑄟𑄚𑄴 𑄥𑄧𑄢𑄴𑄟𑄚𑄴।,মাছ ধরার মেশিনটা গ্রামে বেশি খেেছে/মন দিে
𑄝𑄝𑄧𑄢𑄴 𑄘𑄨𑄚𑄬 𑄎𑄉 - 𑄎𑄧𑄟𑄨𑄚𑄴𑄣𑄮𑄃𑄨 𑄃𑄳𑄦 𑄌𑄉𑄢𑄨 𑄛𑄧𑄃𑄨𑄎𑄳𑄠𑄬𑄣𑄮𑄃𑄨 𑄘𑄮𑄣𑄴 𑄉𑄨𑄢𑄨𑄖𑄴𑄖𑄨।,ব দিনে জাগা- জমি- জঙ্গল দিে সুন্দর বাগান
𑄝𑄬𑄉𑄬 𑄇𑄧𑄚𑄴 𑄟𑄌𑄴𑄖𑄧𑄢𑄧 𑄛𑄱 𑄣𑄬𑄉 𑄚𑄧 𑄛𑄧𑄢𑄴𑄣𑄬 𑄇𑄧𑄚𑄴𑄚 𑄛𑄢𑄨𑄝𑄧।,দ্রুত কোন মাছ ধরতে না পারলে কে পারবে
𑄛𑄨𑄖𑄴𑄗𑄨𑄟𑄨 𑄥𑄪𑄘𑄮𑄟𑄴 𑄠𑄚𑄴 𑄝𑄬𑄣𑄬 𑄃𑄪𑄉𑄪𑄙𑄧 𑄝𑄬𑄌𑄴 𑄦𑄧𑄠𑄴।,পৃথিবীতে সুখ-দুঃখ বেশি হ
𑄈𑄬𑄋𑄧𑄖𑄳𑄠 𑄟𑄌𑄴𑄖𑄧𑄎𑄳𑄠𑄬𑄖𑄴𑄖𑄬 𑄃𑄮 𑄥𑄨𑄠𑄚𑄴 𑄦𑄧𑄣𑄧।,খোল মাছ ধরতেও সেটা হলো
𑄞𑄧𑄉𑄧𑄝𑄚𑄴 𑄚𑄮 𑄇𑄨𑄖𑄳𑄠𑄬 𑄎𑄬𑄚𑄬 𑄈𑄬𑄋𑄧𑄖𑄳𑄠 𑄟𑄌𑄴 𑄖𑄧𑄎𑄳𑄠𑄖𑄴 𑄖𑄪𑄚𑄴 𑄃𑄧𑄚𑄳𑄠𑄧𑄟𑄧𑄇𑄳𑄠𑄬 𑄊𑄪𑄢𑄬 𑄚𑄬 / . . . 𑄛𑄨𑄖𑄴 𑄗𑄨𑄟𑄨𑄢𑄴 𑄇𑄧𑄚𑄧 𑄟𑄚𑄬𑄃𑄨𑄠𑄧𑄢𑄴 𑄈𑄧𑄝𑄧𑄢𑄴 𑄛𑄬𑄝𑄢𑄴 𑄚𑄧𑄠𑄴।,ভগবান না কি জানি খেে খেে মাছটা আর ঘুরতে পারে না
𑄓𑄋𑄧𑄢𑄴 𑄛𑄱 𑄝𑄮 𑄘𑄳𑄦𑄨𑄝𑄢𑄴 𑄟𑄬𑄑𑄳𑄢𑄨𑄇𑄴 𑄛𑄧𑄢𑄨𑄇𑄴 𑄈𑄬 𑄘𑄨 𑄇𑄧𑄚𑄧 𑄝𑄝𑄧𑄘𑄬 𑄒𑄬𑄣𑄨 𑄒𑄬𑄣𑄨 𑄃𑄃𑄨. 𑄃𑄬. 𑄛𑄥𑄴।,ডাঙর ছেলে ম্যাট্রিক পরীক্ষা খেে কোন রকমে বেঁচে আছে
𑄝𑄨. 𑄃𑄬. 𑄇𑄬𑄣𑄎𑄧𑄖𑄴 𑄡𑄬𑄃𑄨𑄚𑄬 𑄍𑄧𑄢𑄖𑄴 𑄃𑄢𑄌𑄉𑄧𑄥𑄚𑄴 𑄡𑄬𑄃𑄨 𑄝𑄏𑄨 𑄢𑄧𑄣𑄧 𑄣𑄧𑄢𑄨𑄝𑄢𑄴 𑄣𑄧𑄇𑄴𑄈𑄧𑄚𑄴 𑄚𑄬𑄃𑄨।,বি. এ. ক্লাস ফাকি দিে যে কামরাটা রেছে সেটার কোনো চিহ্ন নেই
𑄥𑄬𑄌𑄴𑄟𑄬𑄌𑄴 𑄝𑄱 𑄃𑄚𑄨 𑄘𑄨 𑄇𑄧𑄚𑄧 𑄝𑄝𑄧𑄘𑄬 𑄥𑄪𑄉𑄮 /𑄊𑄮 𑄝𑄳𑄦𑄧 𑄚𑄨𑄏𑄌𑄴 𑄍𑄢𑄨𑄝𑄢𑄴 𑄃𑄬𑄇𑄴𑄇 𑄎𑄪 𑄛𑄬𑄣𑄧।,সেচের পানি এনে কোনো রকমে গোসল করার জন্য একটু সুযোগ পেল
𑄖 𑄎𑄬𑄢𑄬 𑄏𑄨𑄝𑄮 𑄝𑄋𑄮𑄘𑄨 𑄟𑄬𑄑𑄳𑄢𑄨𑄇𑄴 𑄛𑄥𑄴 𑄉𑄧𑄢𑄨 𑄢𑄋𑄟𑄖𑄳𑄠𑄬 𑄇𑄧𑄣𑄬𑄎𑄧𑄖𑄴 𑄞𑄧𑄖𑄴𑄖𑄨 𑄦𑄧𑄣𑄧।,তার পরে ঝিটা বামে করে লালমািতে ভর্তি হলো
𑄥𑄬𑄇𑄬𑄚𑄴𑄓𑄴 𑄃𑄨𑄠𑄢𑄧𑄖𑄴 𑄃𑄨𑄠𑄢𑄧𑄖𑄴 𑄃𑄪𑄪𑄖𑄳𑄠𑄬 𑄚𑄧 𑄃𑄪𑄖𑄳𑄠𑄬 𑄎𑄪𑄢𑄧𑄍𑄧𑄢𑄨 𑄃𑄬𑄇𑄴 𑄛𑄱 𑄣𑄮𑄃𑄨 𑄙𑄝 𑄘𑄨 𑄊𑄧𑄢𑄴 𑄝𑄚𑄨𑄣𑄨𑄉𑄮𑄃𑄨।,সেকেন্ড এদিক ওদিক দৌাদৌি করে এক ছেলে দৌে বাি বানালে
𑄃𑄬𑄚𑄬 𑄃𑄬𑄚𑄬 𑄥𑄧𑄢𑄧𑄥𑄧𑄖𑄴𑄖𑄨 𑄘𑄬𑄝𑄨𑄢𑄴 𑄥𑄬𑄝𑄴𑄝𑄖𑄴𑄖 𑄝𑄋𑄮𑄘𑄨𑄖𑄴𑄖𑄪𑄚𑄴 𑄥𑄨𑄠𑄮𑄖𑄴 𑄠𑄮𑄃𑄨 𑄗𑄪𑄟𑄴।,. এনে এনে দেবতার সেবতটা সেখানে শেষ হ
𑄈𑄬𑄋𑄧𑄖𑄳𑄠 𑄟𑄌𑄴𑄖𑄧𑄎𑄳𑄠 𑄝𑄋𑄮𑄘𑄨𑄢𑄴 𑄃𑄬 𑄇𑄧𑄢𑄧𑄟𑄬 𑄃𑄙𑄥𑄪𑄏𑄨 - 𑄃𑄙𑄘𑄪𑄊𑄨 . . . 𑄦𑄧𑄣𑄧।,পাহাের মাটি দিে এই কাজটা শেষ হলো
𑄝𑄋𑄮𑄘𑄨𑄢𑄴 𑄇𑄨𑄃𑄨𑄠𑄬 𑄢𑄧𑄋𑄚𑄴 𑄢𑄧𑄋𑄚𑄴 𑄇𑄣।,ব্যাঙের দেহের রংটা কালো
𑄃𑄨𑄇𑄴 𑄇𑄪 𑄘𑄨𑄚𑄮𑄖𑄴 𑄌𑄟𑄴 𑄢𑄋 𑄚𑄧 𑄦𑄧𑄣𑄬 𑄉𑄧𑄟𑄴 𑄎𑄟𑄬 𑄛𑄚 𑄃𑄊𑄖𑄳𑄠𑄬।,এখন কোন দিনে চামা লাল না হলে ভালো জামা পরা হ না
𑄈𑄬𑄋𑄧𑄖𑄳𑄠 𑄟𑄌𑄴 𑄖𑄧𑄎𑄳𑄠 𑄥𑄨𑄠𑄚𑄴 𑄇𑄧𑄢𑄬 𑄇𑄧𑄢𑄬 / 𑄈𑄧𑄢𑄬 𑄈𑄨𑄢𑄬 𑄎𑄚𑄬।,খোল মাছ তাাতাি করে/খে নিতে পারে
𑄃𑄳𑄦 𑄃𑄨𑄇𑄴 𑄇𑄪 𑄣𑄬𑄉𑄛𑄧𑄢 𑄎𑄚𑄳𑄠𑄬 𑄟𑄨𑄣𑄬𑄠𑄪𑄚𑄧𑄢𑄴 𑄞𑄨𑄚𑄴 𑄎𑄘𑄨 𑄣𑄧𑄚𑄉𑄮𑄃𑄨 𑄎𑄬 𑄎𑄨𑄖𑄴𑄝𑄖𑄴 𑄥𑄨𑄠𑄚𑄴 𑄞𑄝𑄨 𑄌𑄬𑄣𑄬 𑄝𑄬𑄉𑄧𑄢𑄴 𑄎𑄢𑄴 𑄇𑄘 𑄃𑄪𑄙𑄬।,.এই মেেগুলো যেদিকে যাক না কেন সেখানে চিন্তা করলে বেগের কাঁটা উঠে
𑄃𑄬 𑄇𑄧𑄙𑄠𑄚𑄴 𑄈𑄬𑄋𑄧𑄖𑄳𑄠 𑄟𑄌𑄴 𑄖𑄧𑄎𑄳𑄠𑄢𑄴 𑄃𑄮 𑄎𑄚 𑄃𑄬𑄣𑄧।,এই কথাটা খেে মাছ তাাতাি গেল
𑄃𑄨𑄚𑄴𑄘𑄨 𑄃𑄨𑄇𑄴𑄇𑄮𑄉𑄧𑄢𑄨 𑄏𑄨 𑄃𑄬𑄖𑄣𑄳𑄠𑄬𑄉𑄧𑄢𑄨 𑄎𑄟𑄬 𑄣𑄧𑄣𑄧𑄉𑄮𑄃𑄨!,এখানে একটা মেে এত ব জামা পেছে
𑄦𑄎𑄢𑄴 𑄦𑄮𑄇𑄴 𑄟𑄌𑄴𑄖𑄧𑄢𑄧 𑄏𑄨।,হাজার হোক মাছের ঝি
𑄖𑄬 𑄚𑄨 𑄃𑄬𑄇𑄴𑄇 𑄃𑄬𑄎𑄚𑄴 𑄉𑄧𑄢𑄨 𑄙𑄬𑄃𑄨 𑄡𑄬𑄃𑄨 𑄝𑄝𑄧𑄢𑄬 𑄟𑄚𑄴 𑄎𑄮𑄃𑄨𑄘𑄪 𑄖𑄧𑄣𑄬 𑄜𑄬𑄣𑄬𑄝𑄧!,.সে একটু এদিক সেদিক করে ছেলেটাকে মেরে ফেলবে।
𑄃𑄬 𑄇𑄧𑄘𑄠𑄚𑄴 𑄈𑄬𑄋𑄖𑄳𑄠 𑄟𑄌𑄴 𑄖𑄧𑄎𑄳𑄠 𑄟𑄪𑄢𑄮𑄖𑄴 𑄛𑄧𑄢𑄨 𑄞𑄝𑄨𑄚𑄬 𑄢𑄉𑄬 𑄉𑄨𑄢𑄴 𑄉𑄨𑄢𑄬 𑄃𑄪𑄙𑄬।,এই কথাটি খোল মাছের মুখে পে রাগে গিে উঠে
𑄛𑄧𑄣𑄳𑄠 𑄛𑄧𑄣𑄳𑄠 𑄝𑄋𑄮𑄘𑄨 𑄙𑄬𑄃𑄨 𑄡𑄨𑄠𑄬 𑄥𑄪𑄚𑄨𑄚𑄬 𑄞𑄬𑄋𑄧𑄖𑄳𑄠𑄢𑄴 𑄞𑄖𑄴 𑄛𑄚𑄨 𑄉𑄧𑄟𑄬 𑄟𑄪𑄠𑄮𑄖𑄴 𑄚𑄧 𑄃𑄪𑄙𑄨𑄣𑄧।,.পা পা বাঙিে যে শব্দ করে সেটা আমার মনে হ না
𑄊𑄧𑄢𑄧𑄖𑄴 𑄘𑄨𑄚𑄴 - 𑄘𑄪𑄠𑄬𑄇𑄴 𑄝𑄋𑄨𑄘𑄨𑄢𑄬 𑄉𑄧𑄝𑄨 𑄉𑄧𑄝𑄨 𑄉𑄧𑄋𑄬𑄣𑄴।,বািতে দিন-দুাবাি করা
𑄟𑄌𑄴𑄖𑄧𑄢𑄴 𑄟𑄚𑄪𑄌𑄴।,এক জাতী মানুষ
𑄣𑄎𑄬 𑄇𑄬𑄚𑄬 𑄝𑄢𑄬 𑄡𑄬𑄃𑄨 𑄟𑄪 𑄘𑄬𑄊𑄠𑄴।,লাজে কেন বাইরে যে মুখ দেখি
𑄥𑄬𑄖𑄳𑄠𑄬 𑄖 𑄒𑄬𑄋𑄧 𑄈𑄪𑄌𑄴𑄌𑄪𑄚𑄴 𑄊𑄧𑄢𑄧 𑄥𑄋𑄪 𑄝𑄢 𑄚𑄧 𑄛𑄧𑄢𑄴𑄣𑄇𑄴।,এত ব তার পাের চামা পতেছে না
"𑄃𑄬𑄢𑄝𑄬𑄢, 𑄥𑄧𑄟𑄎𑄳𑄠, 𑄃𑄘𑄟𑄳𑄠𑄬 𑄃𑄬𑄃𑄨 𑄞𑄬𑄃𑄨𑄘𑄮 𑄝𑄪𑄏𑄬𑄣𑄇𑄴।","এরাবো, সমাজ, গ্রাম এই বোই বুঝলো"
𑄈𑄬𑄋𑄧𑄖𑄳𑄠𑄢𑄴 𑄃𑄬𑄇𑄴𑄇𑄚𑄴 𑄇𑄧𑄘 - 𑄝𑄋𑄮𑄘𑄨 𑄊𑄧𑄢𑄧𑄖𑄴 𑄃𑄪𑄙𑄨 𑄚𑄧 𑄛𑄬𑄝𑄧।,খোলটা একটা কথা-বাঙি বািতে উঠতে হবে না
𑄃𑄬𑄇𑄴𑄘𑄊𑄨𑄠𑄬 𑄇𑄧𑄚𑄴 - 𑄎𑄧𑄚𑄨 𑄛𑄮 𑄝𑄮 𑄉𑄧𑄢𑄴𑄖𑄧 𑄖𑄬/ 𑄈𑄬𑄋𑄧𑄖𑄳𑄠 𑄇𑄨 𑄉𑄧𑄢𑄴𑄣𑄪𑄚𑄴।,একটা ছেলে ব গর্ত করেছে সে/খাওা কি করছে
𑄈𑄬𑄋𑄧𑄖𑄳𑄠 𑄟𑄌𑄴𑄖𑄧𑄎𑄳𑄠 𑄇𑄧𑄚𑄧 𑄎𑄮𑄝𑄴 𑄚𑄧 𑄘𑄬।,খোল মাছটা কোনো ভাত দে না
𑄝𑄬𑄉𑄬 𑄝𑄪𑄏𑄨𑄣𑄇𑄴 𑄈𑄬𑄋𑄧𑄖𑄳𑄠 𑄟𑄌𑄴 𑄖𑄧𑄎𑄳𑄠 𑄝𑄋𑄮𑄘𑄨𑄢𑄬 𑄎𑄳𑄠𑄬𑄚𑄴𑄉𑄧𑄢𑄨 𑄖𑄙𑄨 𑄃𑄊𑄬 𑄃𑄬 𑄉𑄧𑄢𑄧𑄟𑄴𑄠𑄚𑄴 𑄃𑄨𑄇𑄴𑄇𑄪 𑄚𑄧 𑄎𑄪𑄢𑄬𑄝𑄧।,এই গরমটা আর সহ্য হবে না
𑄜𑄧𑄢𑄈𑄪𑄣𑄧 𑄥𑄬𑄇𑄴 𑄇𑄬 𑄟𑄬𑄑𑄳𑄢𑄨𑄇𑄴 𑄛𑄧𑄢𑄨𑄇𑄴 𑄈𑄬 𑄘𑄨𑄝𑄧 𑄘𑄨𑄝𑄧।,. ফোঁাটা তত ব করে খেে দিবে
𑄃𑄢𑄧 𑄃𑄑𑄳𑄠𑄧 𑄚𑄧 𑄟𑄥𑄴 𑄟𑄪𑄎𑄪𑄋𑄬 𑄃𑄊𑄬।,আরও আট দশটা মাছ সামনে আছে
𑄖𑄢 𑄝𑄪𑄏𑄨𑄠𑄬 𑄃𑄬𑄢𑄝𑄬𑄢𑄠𑄪𑄚𑄬 𑄇𑄧𑄣𑄇𑄴 - 𑄈𑄬𑄋𑄧𑄖𑄳𑄠 𑄘।,তারা মনে করে এরা সবাই কলা খেেছে
𑄝𑄨𑄘𑄨 𑄡𑄨𑄠𑄬𑄘𑄬 𑄥𑄳𑄠𑄬𑄚𑄴 𑄞𑄝𑄨𑄚𑄬 𑄃 𑄇𑄨 𑄦𑄧𑄝𑄧।,বিদা দিে আসা বাতাসটা কি হবে
𑄟𑄪𑄎𑄪𑄋𑄬 𑄜𑄨𑄢𑄈𑄪𑄣𑄮𑄢𑄴 𑄛𑄧𑄢𑄨𑄇𑄴𑄈𑄬।,পাহাে ফিরে যাওা
𑄖𑄪𑄃𑄨 𑄥𑄨𑄠𑄚𑄴 𑄞𑄝𑄨𑄚𑄬 𑄟𑄧𑄚𑄴𑄘𑄨𑄣𑄴 𑄗𑄨𑄘𑄧 𑄉𑄧𑄢𑄴।,তুমি সেটা চিন্তা করে স্থির হও
𑄘𑄨𑄚𑄴 𑄉𑄧𑄋𑄨 𑄡𑄘𑄬 𑄈𑄬𑄋𑄧𑄖𑄳𑄠 𑄢𑄉𑄴𑄇𑄚𑄴 𑄎𑄪𑄢𑄬 𑄡 𑄙𑄧𑄢𑄴𑄣𑄧।,সারাদিন খোল করে রাগটা ঠিক হলো
𑄜𑄧𑄢𑄈𑄪𑄣𑄧 𑄢𑄬 𑄌𑄬𑄃𑄨 𑄌𑄬𑄃𑄨 𑄟𑄪𑄎𑄪𑄋𑄮 𑄘𑄨𑄚𑄪𑄚𑄴 𑄇𑄬𑄚𑄬 𑄉𑄧𑄟𑄴 𑄦𑄧𑄝𑄇𑄴 𑄃𑄨𑄠𑄚𑄴 𑄚𑄧𑄃𑄨 𑄃𑄨𑄇𑄴𑄇𑄪 𑄞𑄝𑄧𑄚 - 𑄈𑄬𑄋𑄧𑄖𑄳𑄠𑄢𑄬 𑄘𑄬𑄣𑄬 𑄝𑄬𑄇𑄴𑄇𑄪𑄚𑄬 𑄥𑄨𑄠𑄚𑄴 𑄇𑄨𑄠𑄬𑄥𑄴 𑄉𑄧𑄢𑄧𑄚𑄴।,.ফরাককে দেখে মনে হ এই দিনটা কেন ভালো হবে? খোলকে দো হলে সবাই সেটা পছন্দ করে
𑄜𑄧𑄢𑄈𑄪𑄣𑄧𑄢𑄴 𑄣𑄬𑄉𑄛𑄧𑄢 𑄟𑄧𑄚𑄴 𑄗𑄬𑄣𑄬𑄃𑄮 𑄟𑄙𑄝𑄮 𑄃𑄬𑄇𑄴𑄇 𑄉𑄧𑄟𑄴 𑄚𑄧𑄠𑄴।,. ফরাগুলের আঠালো মনটা ভালো না
𑄈𑄬𑄋𑄧𑄖𑄳𑄠 𑄃𑄟𑄨𑄎𑄬 𑄖𑄢𑄬 𑄇𑄧𑄢𑄛𑄨𑄚𑄴 𑄟𑄢𑄬 - 𑄛𑄪𑄖𑄴।,খেংটা আমি তাকে বেইন মারে
𑄟𑄌𑄴𑄖𑄧𑄢𑄧 𑄛𑄱।,এক জাতী পাখি
𑄖𑄧𑄖𑄴𑄖𑄪𑄚𑄴 𑄉𑄧𑄟𑄬 𑄣𑄬𑄉 𑄛𑄢 𑄛𑄧𑄢𑄨𑄝𑄧।,.তাকে ভালোভাবে বসাতে হবে
𑄚𑄨𑄖𑄳𑄠𑄧 𑄇𑄝𑄧𑄘𑄬 𑄝𑄬𑄣𑄬 𑄉𑄌𑄴𑄌𑄮 𑄛𑄧𑄢𑄬।,.নিঃশব্দে বিাল করতে হ
𑄜𑄧𑄢𑄈𑄪𑄣𑄧 𑄃𑄬 𑄇𑄧𑄘𑄠𑄚𑄴 𑄥𑄪𑄚𑄨𑄘𑄬 𑄥𑄪𑄚𑄧𑄘𑄬 𑄃𑄬𑄇𑄴 𑄇 𑄎𑄬𑄚𑄬 𑄦𑄣𑄧𑄖𑄴 𑄃𑄬𑄣𑄧।,.আবর্জনাগুলো শুনতে শুনতে এক কান দিে চলে আসলো।
"𑄇𑄣𑄨𑄇𑄴 𑄟𑄙 𑄉𑄧𑄟𑄴 𑄚𑄧 𑄦𑄧𑄣𑄬, 𑄞𑄮𑄘 𑄖𑄉𑄧𑄣𑄴 𑄇𑄨 𑄃𑄢𑄴 𑄙𑄢𑄴 𑄦𑄧𑄠𑄴!","কালো মাথা ভালো না হলে,ভ মাথা কি আরও ধার হ"
𑄖𑄮 𑄝𑄬𑄇𑄴𑄇𑄪𑄚𑄧𑄢𑄴 𑄃𑄏 𑄟𑄬𑄑𑄳𑄢𑄨𑄇𑄴 𑄛𑄧𑄢𑄨𑄇𑄴𑄈𑄬𑄖𑄴 𑄖𑄢𑄴 𑄉𑄧𑄟𑄴 𑄜𑄧𑄣𑄴 𑄦𑄧𑄝𑄧।,তোমাদের সবার সম পরীক্ষা তার ভালো ফল হবে
𑄃𑄨𑄚𑄴 𑄘𑄨 𑄦𑄎𑄢𑄴 𑄦𑄧𑄣𑄬𑄠𑄮 𑄏𑄨।,ইন দুই হাজার হলেও ঝি
𑄝𑄋𑄮𑄘𑄨𑄢𑄴 𑄇𑄧𑄘 𑄃𑄩𑄙𑄮𑄖𑄴 𑄃𑄪𑄙𑄨𑄚𑄬 𑄈𑄬𑄋𑄧𑄖𑄳𑄠 𑄃𑄧𑄇𑄴𑄖𑄧 𑄃𑄧𑄇𑄴𑄖𑄧 𑄝𑄳𑄦𑄧 𑄚𑄨𑄏𑄌𑄴 𑄍𑄢𑄬।,বাঁশের কঞ্চি দিে উপরে উঠে অনেক ব ব নিশ্বাস পে
𑄜𑄧𑄢𑄈𑄪𑄣𑄮𑄢𑄴 𑄟𑄬𑄑𑄳𑄢𑄨𑄇𑄴 𑄛𑄧𑄢𑄨𑄇𑄴𑄈𑄬 𑄗𑄪𑄟𑄴 𑄦𑄮𑄃𑄨 𑄜𑄧𑄣𑄴 𑄚𑄨𑄉𑄨𑄣𑄨𑄣𑄧।,. ফোঁাটা পরীক্ষা শেষ হেছে।
𑄃𑄬𑄘𑄧𑄇𑄴 𑄘𑄨𑄚𑄬 𑄞𑄧𑄉𑄧𑄝𑄚𑄳𑄠𑄬 𑄃𑄬𑄇𑄴𑄇 𑄎𑄬𑄚𑄬 𑄈𑄬𑄋𑄧𑄖𑄳𑄠𑄢𑄬 𑄌𑄮𑄇𑄴 𑄛𑄨𑄏𑄨 𑄢𑄨𑄚𑄨 𑄌𑄬𑄣𑄧।,এত দিনে ভগবান একটু জেনে খোলের চোখ বন্ধ করলো
"𑄝𑄝𑄧-𑄛𑄪𑄘𑄧𑄢𑄴 𑄟𑄚𑄴 𑄃𑄮 𑄃𑄬𑄇𑄴𑄇 𑄢𑄧𑄣𑄧, 𑄇𑄪𑄣𑄴 𑄃𑄮 𑄦𑄧𑄣𑄧।","বাবা-মা একটু রেছে,কুলও হলো"
𑄈𑄬𑄋𑄧𑄖𑄳𑄠𑄢𑄬 𑄜𑄧𑄢𑄈𑄪𑄣𑄧𑄢𑄬 𑄇𑄧𑄣𑄧 - 𑄛𑄪𑄖𑄴।,খোলটাকে কল -পুত
𑄃𑄃𑄨. 𑄃𑄬. 𑄥𑄧𑄋𑄴 𑄢𑄋𑄟𑄖𑄳𑄠𑄬 𑄛𑄧𑄢𑄴।,আই. এ. রঙের পা
𑄎𑄬𑄢𑄬 𑄉𑄧𑄟𑄴 𑄢𑄬𑄎𑄣𑄴𑄑𑄴 𑄦𑄧𑄣𑄬 𑄘𑄪𑄢𑄮𑄖𑄴 𑄞𑄧𑄖𑄴𑄖𑄨 𑄦𑄮𑄌𑄴𑄌𑄮𑄃𑄨।,ভালো রেজাল্ট হলে দূরে যাওা যা
𑄥𑄨𑄎𑄨 𑄘𑄨𑄚𑄴 𑄌𑄬𑄃𑄨 𑄜𑄧𑄢𑄈𑄪𑄣𑄧 𑄢𑄋𑄟𑄖𑄳𑄠𑄬 𑄇𑄧𑄣𑄬𑄎𑄧𑄖𑄴 𑄞𑄧𑄖𑄴𑄖𑄨 𑄦𑄧𑄣𑄧।,সে দিন তাাতাি লালমাি কলেজ ভর্তি হেছে
𑄗𑄬𑄝𑄢𑄴 𑄎𑄉 𑄦𑄧𑄣𑄧 - 𑄛𑄨𑄎𑄬𑄋 𑄊𑄧𑄢𑄧𑄖𑄴।,. থাকার জাগা হলো পিঞ্জরের ঘর
𑄜𑄧𑄢𑄈𑄪𑄣𑄧 𑄇𑄧𑄣𑄬𑄎𑄧𑄖𑄴 𑄞𑄧𑄖𑄴 𑄖𑄨 𑄦𑄧𑄣𑄬𑄃𑄮 𑄈𑄬𑄋𑄧𑄖𑄳𑄠𑄢𑄴 𑄌𑄨𑄙𑄬 𑄉𑄧𑄢𑄚 𑄎𑄬𑄚𑄬 𑄗𑄪𑄟𑄴 𑄚𑄧 𑄦𑄧𑄠𑄴।,.ফরাকুল কলেজ ভে ভে খোল করা শেষ হ না
"𑄚𑄨𑄖𑄳𑄠𑄧 𑄛𑄱𑄝𑄮𑄢𑄴 𑄇𑄨 𑄦𑄧𑄢𑄴 𑄚𑄨 , 𑄇𑄨 𑄦𑄧𑄢𑄴 𑄃𑄬 𑄌𑄨𑄙𑄬𑄠𑄚𑄴 𑄖𑄢𑄬 𑄎𑄬𑄚𑄬 𑄝𑄬𑄢𑄬𑄃𑄨 𑄗𑄠𑄴।","নিে ছেলেটার কি হ নাই, কি হে এই বাচ্চাটা তাকে দেখে বেে থাকে"
𑄈𑄬𑄋𑄧𑄖𑄳𑄠 𑄎𑄚𑄬 𑄟𑄧𑄢 𑄜𑄬𑄘𑄬𑄢 𑄃𑄬 𑄛𑄱 𑄝𑄮𑄢𑄴 𑄣𑄬𑄉𑄛𑄧𑄢 𑄗𑄪𑄟𑄴 𑄚𑄧 𑄦𑄧𑄠𑄴 𑄥𑄧𑄋𑄴 𑄖𑄢𑄴 𑄌𑄨𑄙𑄬𑄠𑄚𑄴 𑄟𑄙𑄖𑄴𑄖𑄪𑄚𑄴 𑄚𑄧 𑄡𑄬𑄝𑄧।,খেে দো জানে মরে যাওার শেষ হনা তার মাথা
𑄃𑄬 𑄘𑄨𑄚𑄴 𑄇𑄣𑄧𑄖𑄴 𑄥𑄨𑄠𑄚𑄴 𑄟𑄙𑄖𑄴 𑄚𑄧 𑄢𑄊𑄬𑄚𑄬 𑄚𑄧 𑄦𑄧𑄠𑄴।,এই দিনে সেটা মাথা থাকে না
𑄥𑄬𑄖𑄳𑄠𑄬 𑄃𑄧𑄇𑄴𑄖𑄧 𑄃𑄧𑄇𑄴𑄖𑄧 𑄈𑄬𑄋𑄧𑄖𑄳𑄠 𑄢𑄋𑄟𑄖𑄳𑄠𑄬 𑄖 𑄝𑄮𑄚𑄧 𑄊𑄧𑄢𑄧𑄖𑄴 𑄡𑄬𑄃𑄨 𑄟𑄧𑄚𑄚𑄧𑄢𑄬 𑄛𑄘𑄧𑄣𑄴 𑄉𑄧𑄢𑄨 𑄃𑄬𑄎𑄬𑄉𑄮𑄃𑄨।,সে অনেক বেশি খেেছে তার বািতে যে মনটা পাতলা করে আসে
𑄜𑄉𑄮𑄚𑄴 𑄟𑄥𑄴।,এক জাতী মাছ
𑄝𑄨𑄏𑄪 𑄊𑄧𑄚𑄬𑄃𑄨 𑄃𑄬𑄎𑄬𑄢𑄴।,বিঝুর সম আসতেছে
𑄜𑄧𑄢𑄈𑄪𑄣𑄧𑄢𑄴 𑄛𑄧𑄢𑄨𑄇𑄴 𑄈𑄬 𑄙𑄪𑄝𑄧𑄙𑄪𑄝𑄨।,. ফোঁা ঔষধি খেে বমি করবে।
𑄈𑄬𑄋𑄧𑄖𑄳𑄠 𑄢𑄋𑄟𑄖𑄳𑄠𑄬𑄖𑄴 𑄖 𑄝𑄮𑄚𑄧 𑄊𑄧𑄢𑄧𑄖𑄴 𑄝𑄮𑄃𑄨 𑄃𑄊𑄬।,খোল লালিমা তার বোন বািতে বসে আছে
𑄃𑄧𑄞𑄨𑄎𑄧 𑄇𑄟𑄬 𑄘𑄨 𑄖𑄨𑄚𑄴 𑄘𑄨𑄚𑄴 𑄥𑄧𑄋𑄴 𑄚𑄧 𑄖𑄋𑄧𑄢𑄬𑄢𑄴।,এই কাজে দুই তিনদিনও টিকলো না
𑄥𑄨𑄚𑄳𑄠𑄬 𑄥𑄧𑄋𑄴 𑄃𑄧𑄞𑄨𑄎𑄧 𑄇𑄟𑄧 𑄙𑄧𑄌𑄴।,সিঁি শামুকের মতো কর্মঠ
𑄖 𑄇𑄬𑄣𑄳𑄠𑄬 𑄦𑄧𑄣𑄬 𑄝𑄬𑄚𑄳𑄠𑄬 𑄊𑄧𑄢𑄧𑄖𑄴 𑄣𑄧𑄢𑄴 𑄘𑄨𑄝𑄧।,তার কালো হলে বোই বািে নিে যাবে
𑄝𑄬𑄚𑄳𑄠𑄬 𑄞𑄬𑄃𑄨𑄈𑄃𑄨 𑄌 𑄈𑄬𑄝𑄢𑄴 𑄎𑄪𑄉𑄮𑄣𑄴 𑄉𑄧𑄢𑄴 𑄖𑄧𑄚𑄴।,বেইনটা কেটে চা খাওার সম ঠিক করো
𑄃𑄳𑄠𑄬𑄚𑄴 𑄃𑄧𑄇𑄴 𑄖𑄧𑄖𑄴 𑄝𑄋𑄮𑄘𑄨𑄣𑄮𑄃𑄨 𑄃𑄢𑄧 𑄃𑄬𑄇𑄴𑄇𑄮 𑄛𑄱 𑄃𑄬𑄃𑄨 𑄈𑄬𑄋𑄧𑄖𑄳𑄠𑄢𑄬 𑄥𑄣𑄟𑄴 𑄉𑄧𑄢𑄨 𑄛𑄧𑄢𑄴𑄣𑄇𑄴𑄇𑄨।,এত ব ব করে আরেকটা ছেলে এই খোলকে সালাম করতেছে
𑄈𑄬𑄋𑄧𑄖𑄳𑄠 𑄝𑄮𑄚𑄴 𑄚𑄧𑄢𑄬 𑄒𑄬𑄋𑄴 𑄝𑄬𑄢𑄬𑄃𑄨 𑄥𑄣𑄋𑄴 𑄉𑄧𑄢 𑄙𑄧𑄢𑄴 𑄣𑄇𑄴।,খোল বোন হরিণের পাে দৌাদৌি করে
𑄈𑄬𑄋𑄧𑄖𑄳𑄠 𑄟𑄪 𑄜𑄨𑄢𑄬𑄃𑄨 𑄃𑄊𑄬।,খোলটা ফিরে আছে
𑄝𑄋𑄮𑄘𑄨𑄢𑄬 𑄘𑄬𑄚𑄬 𑄝𑄪𑄇𑄴𑄇𑄮 𑄖𑄢𑄴 𑄥𑄀𑄖𑄴 𑄉𑄧𑄢𑄨 𑄃𑄪𑄙𑄨𑄣𑄧।,বাঁশটা দিে তার কাঁধটা শক্ত করে উঠল
𑄇𑄣𑄨𑄇𑄴 𑄚𑄨𑄎𑄧𑄢𑄬 𑄥𑄟𑄴 𑄣𑄬 𑄚𑄨𑄣𑄧।,কালিটা নিজে নিজে নিে নিল
𑄝𑄋𑄮𑄘𑄨 𑄃𑄳𑄦 𑄖 𑄎𑄟𑄬𑄝𑄮 𑄎𑄬 𑄖𑄬 𑄃𑄊𑄬 𑄥𑄪𑄚𑄨𑄚𑄬 𑄘𑄬𑄊 𑄉𑄧𑄢𑄴𑄖𑄧𑄚𑄴𑄘𑄨 𑄥𑄨𑄠𑄚𑄴 𑄙𑄧𑄢𑄨 𑄛𑄎𑄳𑄠𑄬।,বাঁশটা যে তার পাশে আছে সেটা ধরে নিে যাচ্ছে
𑄖𑄮 𑄖𑄢𑄴 𑄟𑄪 𑄝𑄧𑄚𑄴।,তো তার মুখ বন্ধ
𑄈𑄬𑄋𑄧𑄖𑄳𑄠 𑄝𑄋𑄮𑄘𑄨𑄢𑄬 𑄇𑄧𑄝𑄢𑄴 𑄃𑄬𑄣𑄧 𑄞𑄣𑄧𑄇𑄴 𑄇𑄚𑄨।,খোলটাকে বলার জন্য অনেক কাঁদিেছে সে
𑄇𑄣𑄨𑄇𑄴 𑄚𑄧 𑄟𑄙𑄨 𑄢𑄧𑄣𑄧।,কালি না মাা হেছে
𑄦𑄎𑄢𑄴 𑄦𑄧𑄣𑄬𑄃𑄮 𑄏𑄨।,হাজার হলেও ঝি
𑄏𑄨𑄝𑄮𑄢𑄬 𑄎𑄟𑄬𑄃𑄨𑄝𑄮 𑄖𑄧𑄣𑄬 𑄚𑄧 𑄜𑄬𑄣𑄬𑄣𑄧।,ঝিঙেটাকে মেেটা নিচে ফেললো
𑄈𑄬𑄋𑄧𑄖𑄳𑄠𑄢𑄬 𑄖 𑄝𑄮𑄚𑄴 𑄚𑄮 𑄊𑄧𑄚𑄧 𑄊𑄧𑄚𑄧 𑄢𑄨𑄚𑄨 𑄌𑄢𑄴।,খোলকে তার বোন বেশি বেশি নিে চে
𑄃𑄢𑄧 𑄃𑄬𑄇𑄴 𑄝𑄢𑄴 𑄝𑄋𑄮𑄘𑄨𑄢𑄬 𑄢𑄨𑄚𑄨 𑄌𑄢𑄴।,আরও এক ব ব্যাঙকে বেে চে
𑄟𑄮𑄖𑄴𑄖𑄪𑄚𑄴 𑄇𑄧𑄘 𑄚𑄧 𑄥𑄪𑄘𑄬𑄢𑄴।,পাহাের সাথে কথা বলা যা না
𑄃𑄢𑄧 𑄖𑄧 𑄝𑄝𑄧 𑄒𑄬𑄋𑄧𑄖𑄴 𑄙𑄧𑄢𑄨 𑄈𑄬𑄟 𑄌𑄧।,আরও তোমার বাপকে ধরে খেে নাও
"𑄈𑄬𑄋𑄧𑄖𑄳𑄠 𑄒𑄬𑄋𑄚𑄨 𑄥𑄪𑄟𑄪𑄢𑄨𑄘𑄧 𑄌𑄢𑄴, 𑄚𑄧 𑄛𑄢𑄬𑄢𑄴।",খোল পাাটা সহজ খোল পাাটা পারেনা
𑄎𑄬𑄢𑄬 𑄈𑄬𑄋𑄧𑄖𑄳𑄠 𑄝𑄮𑄚𑄴 𑄚𑄮 𑄇𑄧𑄣𑄧 - 𑄡𑄧 𑄊𑄧𑄢𑄧 𑄞𑄨𑄘𑄨𑄢𑄬।,ঝেে খেে দো বোন যে বািতে থাকে
𑄞𑄖𑄴 𑄈𑄬𑄃𑄨 𑄈𑄃𑄨 𑄖𑄬 𑄡𑄨𑄠𑄮।,ভাত খেে তারপর সে যা
𑄖𑄢𑄢𑄴 𑄇𑄧𑄘𑄝𑄖𑄴 𑄖 𑄥𑄪𑄚𑄨 𑄊𑄧𑄢𑄧 𑄞𑄨𑄘𑄨𑄢𑄬𑄖𑄴𑄖𑄪𑄚𑄴 𑄜𑄧𑄢𑄈𑄪𑄣𑄧 𑄚𑄨𑄉𑄨𑄣𑄧𑄉𑄨।,তাদের কথা তার বাির ছিদ্র থেকে বুদবুদ বের হ
𑄝𑄋𑄮𑄘𑄨 𑄜𑄧𑄢𑄈𑄪𑄣𑄧𑄢𑄬 𑄘𑄬𑄃𑄨 𑄓𑄬𑄚𑄴 𑄦𑄘𑄬 𑄃𑄏𑄉𑄧𑄢𑄨 𑄙𑄧𑄢𑄨 𑄌𑄮𑄉𑄧𑄛𑄚𑄨 𑄜𑄬𑄣 𑄙𑄧𑄢𑄴𑄣𑄧।,.ব্যাঙটা পাহাের উপর দাঁিে চোখের পানি ফেলতেছে
𑄜𑄧𑄢𑄈𑄪𑄣𑄧𑄠𑄮 𑄇𑄧𑄚𑄧 𑄝𑄝𑄧𑄘𑄬 𑄇𑄚𑄚 𑄖𑄧𑄢𑄨 𑄢𑄧𑄣𑄧।,ফোঁাগুলো কোনো রকমে কান্না করতেছে
𑄜𑄧𑄢𑄈𑄪𑄣𑄧 𑄛𑄨𑄏𑄬𑄋𑄝𑄮 𑄖𑄢𑄢𑄬 𑄊𑄧𑄢𑄧 𑄞𑄨𑄘𑄨𑄢𑄬 𑄚𑄨𑄝𑄢𑄴 𑄥𑄂𑄢𑄴 𑄘𑄨𑄣𑄧।,ফানুসটা তাদেরকে বাির ভিতরে নিে যাবার সা দিল
𑄖𑄢 𑄖𑄨𑄚𑄴 𑄎𑄧𑄚𑄴 𑄊𑄧𑄢𑄧 𑄞𑄨𑄘𑄨𑄢𑄬 𑄥𑄧𑄟𑄨𑄣𑄇𑄴।,তারা তিন জন বািতে সমবেত
𑄊𑄧𑄢𑄧 𑄞𑄨𑄘𑄨𑄢𑄬 𑄝𑄋𑄮𑄘𑄨𑄘𑄊𑄨𑄣𑄮𑄃𑄨 𑄖 𑄛𑄨𑄏𑄬𑄋 𑄛𑄱 𑄏𑄨𑄉𑄪𑄚𑄧𑄢𑄴 𑄚 𑄚 𑄇𑄧𑄘 𑄇𑄪𑄠𑄮 𑄇𑄨 𑄌𑄧𑄣𑄬𑄢𑄴।,বাির ভিতরে আগুন জ্বালানোর পর তার পিে থাকা বাচ্চাটা না না কথা বলতেছে
𑄇𑄣𑄨𑄇𑄴 𑄊𑄧𑄢𑄧 𑄞𑄨𑄘𑄨𑄢𑄬 𑄇𑄨 𑄦𑄧𑄢𑄴 𑄈𑄬𑄋𑄧𑄖𑄳𑄠 𑄃𑄳𑄦 𑄝𑄮𑄚𑄴𑄚𑄮𑄢𑄴 𑄇𑄚𑄴 𑄥𑄨𑄚𑄴𑄘𑄨 𑄚𑄬𑄃𑄨।,কালো বাির ভিতরে কী হেছে জানিনা
𑄞𑄣𑄧𑄇𑄴𑄈𑄧𑄚𑄴 𑄃𑄧𑄣𑄧𑄢𑄴𑄉𑄧𑄢𑄨 𑄗𑄬𑄃𑄨 𑄈𑄬𑄋𑄧𑄖𑄳𑄠 𑄝𑄮𑄚𑄴𑄚𑄮 𑄖𑄪𑄋𑄴𑄛𑄪𑄘𑄨 𑄟 𑄇𑄧𑄣𑄧 - 𑄘।,অনেক ব করে খেেছি বোনটির তুংপুটি মা
𑄇𑄨 𑄃𑄢𑄴 𑄉𑄧𑄢𑄨𑄝𑄢𑄴 𑄃𑄊𑄬।,কি আরও দুঃখ আছে
𑄎𑄬𑄢𑄬 𑄃𑄢𑄧 𑄇𑄧𑄣𑄧 - 𑄦𑄪𑄠𑄬𑄘𑄬 𑄇𑄟𑄴 𑄇𑄨 𑄜𑄨𑄢𑄬𑄝𑄢𑄴 𑄃𑄊𑄬।,. তারপর আবার কল - হেছে কাজ কি ফেরার আছে
𑄈𑄬𑄋𑄧𑄖𑄳𑄠 𑄌𑄮𑄇𑄴𑄈𑄪𑄚𑄴 𑄣𑄢𑄬𑄃𑄨 𑄣𑄢𑄬𑄃𑄨 𑄇𑄨 𑄎𑄳𑄠𑄬𑄚𑄴 𑄞𑄝𑄬𑄢𑄴।,খোল চোখগুলো ধীরে ধীরে কি যেন ভাবতেছে
𑄖 𑄝𑄮𑄚𑄴𑄚𑄮 𑄖𑄪𑄋𑄴𑄛𑄪𑄘𑄨 𑄟𑄢𑄴 𑄇𑄧𑄘 𑄇𑄧𑄚𑄧 𑄎𑄮𑄝𑄴 𑄚𑄧 𑄘𑄨𑄣𑄧।,.তার বোন তার সাথে কোনো কথা বলে নাই
𑄟𑄧𑄚𑄬 𑄟𑄧𑄚𑄬 𑄇𑄨 𑄞𑄝𑄬𑄢𑄴 𑄇𑄨𑄎𑄬𑄚𑄨।,মনে মনে কি চিন্তা করছে
𑄟𑄪𑄠𑄚𑄴𑄘𑄧𑄃𑄨 𑄝𑄪𑄏𑄧 𑄡𑄢𑄴 𑄖𑄬 𑄖𑄬𑄉𑄖𑄴𑄛𑄧𑄢𑄨 𑄟𑄖𑄴 𑄥𑄪𑄘𑄬 𑄚𑄧 𑄛𑄢𑄬𑄢𑄴।,আমি তার সাথে তর্ক করতে পারতেছি না
𑄈𑄬𑄋𑄧𑄖𑄳𑄠 𑄎𑄚𑄬 𑄊𑄧𑄢𑄧𑄖𑄴 𑄡𑄬𑄃𑄨 𑄝𑄋𑄮𑄘𑄨 𑄟𑄣𑄮𑄃𑄨 𑄥𑄧𑄣𑄴 𑄣𑄉𑄧𑄢𑄨 𑄎𑄬𑄢𑄬 𑄡𑄨𑄠𑄚𑄴 𑄦𑄧𑄘𑄧 𑄥𑄖𑄴।,খোলের মতো বািতে যে বাঁশটা লাগানো হ সেটা হ
𑄃𑄨𑄇𑄴𑄇𑄪 𑄇𑄧𑄚𑄧𑄇𑄴 𑄇𑄚𑄴 𑄉𑄧𑄢𑄨𑄣𑄬 𑄝𑄋𑄮𑄘𑄨 𑄟 𑄘𑄪𑄌𑄴 𑄘𑄨𑄝𑄧।,একটি নীল কান্না করলে বামে মা দুঃখ দিবে
𑄖𑄪𑄋𑄴𑄛𑄪𑄘𑄨 𑄟 𑄃𑄬𑄝𑄢𑄧𑄖𑄴 𑄇𑄧𑄣𑄧 - 𑄘।,তুংপুটি মা এবার কল দে
𑄇𑄨 𑄞𑄝𑄨𑄣𑄬।,কি মনে হ
𑄝𑄋𑄮𑄘𑄨𑄢𑄬 𑄇𑄨 𑄇𑄮𑄟𑄴।,ব্যাঙকে কি বলবেন?
𑄃𑄨𑄇𑄴𑄇𑄪 𑄚𑄧𑄠𑄴।,এক নাগাে
𑄎𑄬𑄢𑄬 𑄈𑄬𑄋𑄧𑄖𑄳𑄠 𑄃𑄢𑄧 𑄇𑄧𑄣𑄧 - 𑄝𑄪𑄎𑄨 𑄇𑄨 𑄇𑄧𑄘𑄧 𑄌𑄠𑄴 𑄛𑄪𑄏𑄢𑄴 𑄉𑄧𑄢𑄨𑄌𑄴।,ঝেে খাওা আর কল বুঝি কি বলতেছে
𑄖𑄪𑄋𑄴𑄛𑄪𑄘𑄨 𑄟 𑄇𑄧𑄣𑄧 - 𑄝𑄪𑄎𑄨𑄣𑄮𑄃𑄨 𑄘𑄧 𑄣𑄇𑄴 𑄛 𑄛𑄨 𑄦𑄧𑄘𑄬 𑄘𑄬𑄢𑄨 𑄦𑄧𑄝𑄧।,তুংপুদি মা কল-বুঝলে তো কোমর বাঁকা করতে হবে
𑄃𑄳𑄦 𑄘𑄬𑄢𑄨 𑄦𑄧𑄣𑄬 𑄦𑄧𑄖𑄴 𑄖𑄬 𑄃𑄠𑄴।,.অপচ হলে হতো সে
𑄎𑄬𑄢𑄬 𑄖𑄬 𑄃𑄨𑄞𑄨𑄎𑄧 𑄇𑄟𑄧𑄖𑄴 𑄣𑄧𑄢𑄴 𑄘𑄨𑄣𑄧।,সে এই কাজটা শেষ করে দিল
𑄸.,"২,দুই"
"𑄈𑄬𑄋𑄧𑄖𑄳𑄠 𑄃𑄧𑄞𑄨𑄎𑄧𑄖𑄴 𑄉𑄬𑄣𑄬 𑄖𑄪𑄋𑄴𑄛𑄪𑄘𑄨 𑄟 𑄝𑄋𑄮𑄘𑄨𑄢𑄬 𑄇𑄧𑄣𑄧 - 𑄚𑄧 𑄝𑄪𑄏𑄨, 𑄇𑄟𑄴 𑄉𑄧𑄢𑄧।",পাহাে গেলে তুংপুং করে মাকে বলে কাজ করো
𑄖𑄧 𑄝𑄝𑄧𑄢𑄬 𑄝𑄪𑄏𑄬𑄝𑄢𑄴 𑄌𑄬𑄣𑄪𑄋𑄴।,তোমার পিতাকে বুঝানোর চেষ্টা করছি
𑄉𑄧𑄟𑄬 𑄎𑄮𑄝𑄴 𑄚𑄧 𑄜𑄬𑄣𑄪𑄋𑄴।,ভালো করে নিশ্বাস নেওা
𑄝𑄋𑄮𑄘𑄨 𑄃𑄳𑄦 𑄖 𑄎𑄟𑄬𑄝𑄮 𑄚𑄧 𑄟𑄙𑄨 𑄢𑄧𑄣𑄇𑄴।,ব্যাঙটা আর তার সবজিটা নরম
𑄖𑄪𑄋𑄴𑄛𑄪𑄘𑄨 𑄟 𑄃𑄬𑄃𑄨 𑄇𑄧𑄘 𑄥𑄬𑄃𑄨 𑄇𑄧𑄘 𑄇𑄧𑄃𑄨 𑄚 𑄚 𑄇𑄧𑄘 𑄟𑄬𑄣 𑄙𑄧𑄎𑄳𑄠।,তুংপুি মা এই কথা সেই কথা বলে না
𑄎𑄟𑄬𑄃𑄨𑄝𑄮𑄢𑄴 𑄌𑄨𑄚𑄴𑄛𑄧𑄎𑄳𑄠𑄧𑄠𑄮 𑄣𑄪𑄃𑄧 𑄙𑄧𑄎𑄳𑄠।,জামোর চিহ্নটা লাল
𑄊𑄧𑄢𑄴𑄘𑄮𑄢𑄴 𑄃𑄬𑄢𑄝𑄬𑄢 𑄝𑄬𑄇𑄴 𑄎𑄚𑄨 𑄣𑄧𑄢𑄴।,পাহাের পাশ দিে যাওা
𑄟𑄳𑄦𑄬𑄖𑄴 𑄛𑄬𑄣𑄧 - 𑄦𑄪𑄠𑄬𑄘𑄬 𑄇𑄟𑄴 𑄜𑄨𑄢𑄬𑄝𑄢𑄴 𑄚𑄬𑄃𑄨।,.মেেটা কাজ শেষ হেছে - ফিরতে হবে না
𑄛𑄱-𑄍𑄃𑄨 𑄚𑄧 𑄝𑄪𑄏𑄧𑄚𑄴।,ছেলে-মেয়ে কেউই বোঝে না
"𑄝𑄝𑄴, 𑄟𑄢𑄴 𑄘𑄪𑄇𑄴 𑄜𑄪𑄘𑄨𑄣𑄬𑄠𑄮 𑄥𑄪𑄃𑄧 𑄛𑄧𑄢𑄬।","বাু,আমার দুঃখ ফুটলে ও ভালো হ"
𑄎𑄬𑄢𑄬 𑄝𑄋𑄮𑄘𑄨 𑄃𑄳𑄦 𑄖 𑄎𑄟𑄬𑄝𑄮𑄢𑄬 𑄇𑄧𑄣𑄧 - 𑄃𑄧𑄇𑄴𑄖𑄧 𑄃𑄧𑄇𑄴𑄖𑄧 𑄃𑄬𑄌𑄴𑄌𑄮।,সে বামহাতি আর তার স্ত্রীকে কল দিচ্ছে অজস্র
𑄟𑄪𑄃𑄨 𑄘𑄘𑄢𑄬 𑄎𑄬 𑄝𑄪𑄏𑄬𑄟𑄴।,আমি দাদা-দাদীকে যে বুঝবো
𑄝𑄋𑄮𑄘𑄨 𑄃𑄳𑄦 𑄖 𑄎𑄟𑄬𑄝𑄮 𑄘𑄨𑄝𑄪𑄎𑄳𑄠 𑄞𑄖𑄴 𑄚𑄧 𑄈𑄬𑄃𑄨 𑄣𑄧𑄢𑄴 𑄘𑄨𑄣𑄇𑄴।,ব্যাঙটা সারাদিন ভাত না খেে চলে গেল
𑄖𑄪𑄋𑄴𑄛𑄪𑄘𑄨 𑄟 𑄇𑄧𑄣𑄧 - 𑄝𑄋𑄮𑄘𑄴।,তুংপুটি মা কল -বাং
𑄖𑄧 𑄝𑄝𑄧𑄢𑄴 𑄃𑄃𑄮𑄌𑄴 𑄃𑄬𑄣𑄧 𑄖𑄧𑄢𑄬 𑄞𑄣𑄧𑄇𑄴 𑄘𑄪𑄢𑄴 𑄛𑄧𑄢𑄬𑄝𑄧।,তোমার বাির আওাজ আসলে তোমাকে অনেক কষ্ট দিতে হবে
𑄖𑄪𑄃𑄨 𑄃𑄢𑄧 𑄞𑄧𑄖𑄴𑄖𑄨 𑄦𑄮𑄃𑄨 𑄖𑄧 𑄝𑄝𑄧 𑄘𑄪𑄇𑄴𑄇𑄚𑄴 𑄃𑄬𑄇𑄴𑄇 𑄇𑄧𑄟𑄬 𑄘𑄨𑄌𑄴।,তুমি আর ভে তোমার বািটা একটু কমে দাও
𑄝𑄋𑄮𑄘𑄨𑄣𑄮𑄃𑄨 𑄖 𑄎𑄟𑄬𑄝𑄮 𑄖𑄪𑄋𑄴𑄛𑄪𑄘𑄨 𑄟𑄢𑄬 𑄒𑄬𑄋𑄧𑄖𑄴 𑄙𑄧𑄢𑄨 𑄥𑄬𑄝𑄴𑄝𑄖𑄴𑄖 𑄣𑄮𑄃𑄨 𑄖𑄢𑄴 𑄌𑄨𑄚𑄴𑄛𑄧𑄎𑄳𑄠𑄧 𑄟𑄚𑄴𑄎𑄮 𑄊𑄧𑄢𑄧𑄖𑄴 𑄣𑄧𑄢𑄴 𑄘𑄨𑄣𑄇𑄴।,বাঁশের ফালি দিে তার জাগাটা বেঁধে দিল
𑄝𑄋𑄮𑄘𑄨 𑄃𑄳𑄦 𑄖 𑄎𑄟𑄬𑄝𑄮 𑄣𑄢𑄬 𑄣𑄢𑄬 𑄈𑄪𑄌𑄴 𑄝𑄢𑄬𑄃𑄨 𑄝𑄢𑄬𑄃𑄨 𑄦𑄘 𑄙𑄧𑄎𑄳𑄠𑄧𑄚𑄴।,ব্যাঙটা ধীরে ধীরে পাখানা করতে করতে পাখানা করে
𑄖 𑄛𑄨𑄎𑄬 𑄇𑄧𑄘𑄠𑄚𑄴 𑄝𑄋𑄮𑄘𑄨𑄢𑄴 𑄌𑄨𑄘𑄮𑄖𑄴 𑄜𑄪𑄘𑄨 𑄃𑄊𑄬।,তার পিসের কথা গুলো ব ব করে আছে
𑄥𑄨𑄠𑄚𑄴 𑄖𑄬 𑄝𑄘𑄬 𑄛𑄨𑄖𑄴𑄗𑄨𑄟𑄨𑄖𑄴 𑄇𑄧𑄚𑄴 𑄚 𑄃𑄢𑄴 𑄎𑄚𑄬।,সে বাদে পৃথিবীতে আর কিছুই জানে না
"𑄖 𑄛𑄨𑄏𑄬𑄃𑄨 𑄖𑄪𑄋𑄴𑄛𑄪𑄘𑄨 𑄟 𑄇𑄧𑄘𑄠𑄚𑄴 𑄖 𑄟𑄧𑄚𑄧 𑄥𑄢𑄬𑄋𑄴 𑄉𑄧𑄖𑄴 𑄃𑄟𑄧𑄚𑄬 𑄃𑄟𑄧𑄚𑄬 𑄓𑄧𑄉𑄧𑄢 𑄙𑄧𑄎𑄳𑄠, 𑄖 𑄎𑄟𑄬𑄃𑄨𑄝𑄮 𑄃𑄮 𑄥𑄨𑄠𑄚𑄴 𑄒𑄢𑄴 𑄚𑄧 𑄛𑄢𑄴।","তার ফুফুর কথা তার মনে পেছে, তার সাথে আর মেলামেশা করতে পারে না"
𑄝𑄋𑄮𑄘𑄨 𑄟𑄧𑄚𑄬 𑄟𑄧𑄚𑄬 𑄞𑄝𑄬𑄢𑄴 - 𑄝𑄝 𑄟𑄧𑄖𑄳𑄠𑄬 𑄇𑄨 𑄚𑄧 𑄉𑄧𑄢𑄬।,বৌদ্ধ মনে মনে চিন্তা করছে-বাবা আমার কি করে না
𑄖𑄢𑄴 𑄟𑄧𑄚𑄧 𑄃𑄃𑄮𑄌𑄴 𑄃𑄬𑄣𑄧 𑄛𑄮- 𑄍𑄉𑄪𑄚𑄧𑄢𑄬 𑄉𑄧𑄟𑄬 𑄣𑄬𑄉𑄛𑄧𑄢 𑄥𑄨𑄊𑄬𑄃𑄨 𑄟𑄚𑄴𑄎𑄳𑄠𑄧𑄃𑄨𑄘𑄪 𑄚𑄇𑄴 𑄃𑄧𑄎𑄧𑄣𑄴 𑄉𑄧𑄢𑄨 𑄝𑄬𑄢𑄬𑄘𑄧।,তার মনের ইচ্ছা হলো ছেলে-ছাগলকে ভালো করার জন্য সে গ্রামে ঘুরে বো
𑄟𑄧𑄚𑄬 𑄟𑄧𑄚𑄬 𑄞𑄝𑄨 𑄞𑄝𑄨 𑄃𑄬𑄎𑄬𑄢𑄴 𑄚 𑄇𑄨 𑄃𑄢𑄧 𑄞𑄧𑄖𑄴𑄖𑄨 𑄦𑄮𑄃𑄨 𑄛𑄧𑄢𑄨𑄇𑄴𑄈𑄬 𑄘𑄨𑄝𑄧।,.মনে হ মনে কি আবার ভ পে যাবে
𑄘𑄨𑄎𑄧𑄚𑄬 𑄦𑄘𑄨 𑄦𑄘𑄨 𑄖𑄢𑄢𑄴 𑄃𑄬𑄇𑄴 𑄌𑄨𑄚𑄴𑄛𑄧𑄎𑄳𑄠𑄧 𑄟𑄚𑄴𑄎𑄮 𑄊𑄧𑄢𑄧𑄖𑄴 𑄣𑄪𑄋𑄨𑄣𑄇𑄴।,দুইজনে হেঁটে হেঁটে তাদের এক চেনা বািে পৌছালো
𑄘𑄨𑄝𑄪𑄎𑄳𑄠 𑄟𑄙𑄚𑄴 𑄈𑄬𑄋𑄧𑄖𑄳𑄠 𑄣𑄪𑄋𑄨𑄣𑄧𑄉𑄨।,দুপুরে ভাত খেে আসলাম
𑄖𑄪𑄋𑄴𑄛𑄪𑄘𑄨 𑄟 𑄞𑄣𑄧𑄇𑄴𑄈𑄧𑄚𑄴 𑄥𑄧𑄋𑄴 𑄝𑄌𑄳𑄠𑄬 𑄃𑄬𑄣𑄧।,তুংপুি মা অনেক ব ব ব বাজাচ্ছে
𑄞𑄖𑄴 𑄞𑄬𑄃𑄨 𑄈𑄃𑄨 𑄃𑄬𑄇𑄴𑄇 𑄎𑄨𑄢𑄬𑄣𑄧।,ভাতের সাথে একটু ঝাল খাওা
𑄎𑄬𑄢𑄬 𑄝𑄬𑄇𑄴𑄇𑄪𑄚𑄴 𑄗𑄪𑄝𑄮 𑄦𑄧𑄣𑄬 𑄌 𑄈 𑄙𑄧𑄢𑄴𑄣𑄇𑄴।,.সে সবগুলো শেষ হলে চা খাওা যা
𑄖𑄪𑄋𑄴𑄛𑄪𑄘𑄨 𑄝𑄝𑄬 𑄃𑄬𑄚𑄬 𑄃𑄧𑄞𑄨𑄎𑄧𑄖𑄴 𑄖𑄪𑄚𑄴 𑄜𑄨𑄢𑄬 𑄥𑄎𑄧𑄚𑄳𑄠।,তুংপুটি বেঁধে এনে সামনে তুং ফিরে সাজা
𑄈𑄬𑄋𑄧𑄖𑄳𑄠𑄢𑄴 𑄎𑄬 𑄟𑄧𑄚𑄴𑄘𑄨𑄣𑄴 𑄃𑄬𑄇𑄴𑄇 𑄉𑄧𑄟𑄴 𑄚𑄧𑄠𑄴 𑄥𑄨𑄠𑄚𑄴 𑄖 𑄟𑄪𑄠𑄚𑄴 𑄘𑄬𑄣𑄬 𑄇𑄨𑄠𑄬𑄌𑄴 𑄉𑄧𑄢 𑄡𑄠𑄴।,খোলটা যে ভালো না সেটা তার সাথে দেখা করা যা
𑄌 𑄈𑄘𑄬 𑄈𑄘𑄬 𑄈𑄬𑄋𑄧𑄖𑄳𑄠 𑄖𑄪𑄋𑄴𑄛𑄪𑄘𑄨 𑄟𑄢𑄬 𑄇𑄧𑄣𑄧 - 𑄃𑄧𑄞𑄨𑄎𑄧 𑄇𑄟𑄴 𑄝𑄬𑄇𑄴 𑄥𑄨𑄢𑄬𑄣𑄪𑄋𑄴।,চা খাওার সমে পাহাে পাহাটা মেরে বলো-সব কাজ তার মাথা
𑄖𑄪𑄋𑄴𑄛𑄪𑄘𑄨 𑄟 𑄇𑄧𑄣𑄧 - 𑄃𑄳𑄦 𑄘𑄧।,তুংপুটি মা কল - তো
𑄃𑄬 𑄞𑄨𑄘𑄨𑄢𑄬 𑄚𑄧 𑄃𑄬𑄝𑄬 𑄃𑄢𑄴।,এই ভিটেটা আর থাকবে না
𑄈𑄬𑄋𑄧𑄖𑄳𑄠 𑄇𑄧𑄣𑄧 - 𑄇𑄟𑄴 𑄗𑄬𑄣𑄬 𑄘𑄧 𑄃𑄬𑄎 𑄛𑄧𑄢𑄨𑄝𑄧।,খোল কল-কাজ থাকলে তো আসতে হবে
𑄖𑄪𑄋𑄴𑄛𑄪𑄘𑄨 𑄟 - 𑄝𑄋𑄮𑄘𑄨𑄘𑄊𑄨𑄢𑄬 𑄃𑄨𑄎𑄪 𑄃𑄩𑄙𑄮𑄖𑄴 𑄖𑄪𑄣𑄨 𑄖𑄪𑄣𑄨 𑄟𑄧𑄚𑄚𑄴 𑄉𑄮𑄢𑄴 𑄛𑄋𑄧𑄖𑄳𑄠।,তুংপুি মা -বাঁশিটাকে এখানে তুলে মনটা গাতেছে
𑄇𑄨 𑄞𑄖𑄴 𑄃𑄮 𑄉𑄧𑄟𑄬 𑄚𑄧 𑄎𑄎𑄨𑄣𑄪𑄋𑄴।,কি ভাত ও ভালোভাবে গেল না
𑄈𑄬𑄋𑄧𑄖𑄳𑄠 𑄚𑄧 𑄟𑄙𑄨 𑄢𑄧𑄣𑄧।,পাহাের মাটি শক্ত হেছে
𑄇𑄧𑄘𑄠𑄚𑄴 𑄃𑄢𑄇𑄴 𑄇𑄬𑄖𑄳𑄠𑄬 𑄊𑄪𑄢𑄬 𑄚𑄨𑄣𑄧।,.কদাাটা বাঁকা করে ঘুরে নিল
𑄎𑄬𑄢𑄬 𑄇𑄧𑄣𑄧 - 𑄖𑄪𑄋𑄴𑄛𑄪𑄘𑄨 𑄟।,ঝেে কল- তুংপুি মা
𑄜𑄧𑄢𑄈𑄪𑄣𑄧 𑄣𑄬𑄉𑄛𑄧𑄢 𑄇𑄬𑄎𑄚𑄴 𑄉𑄧𑄢𑄬𑄢𑄴 𑄇𑄨𑄎𑄬𑄚𑄨।,. ফোসকা পার শব্দ করে কে জানে
𑄖𑄪𑄋𑄴𑄛𑄪𑄘𑄨 𑄟 - 𑄘।,তুংপুটি মা-দা
𑄖𑄪𑄃𑄨 𑄥𑄨𑄠𑄚𑄴 𑄌𑄨𑄙𑄬 𑄚𑄧 𑄉𑄧𑄢𑄨𑄌𑄴।,তোমরা সেটা চিন্তা করো না
𑄖 𑄦𑄣𑄬 𑄖𑄬 𑄖 𑄇𑄟𑄴 𑄉𑄧𑄢𑄬𑄢𑄴।,তার সাথে সে তার কাজ করে
𑄈𑄬𑄋𑄧𑄖𑄳𑄠 𑄇𑄧𑄣𑄧 - 𑄟𑄪𑄃𑄨 𑄘𑄧 𑄃𑄨𑄎𑄪 𑄖𑄪𑄟𑄨 𑄃𑄊𑄧 𑄇𑄬𑄃𑄨 𑄝𑄪𑄇𑄴 𑄘𑄧𑄢𑄧 𑄉𑄧𑄢𑄨 𑄗𑄋𑄴𑄉𑄬।,খোল কল -আমি তো তোমাকে ভ করে থাকি
𑄖𑄪𑄋𑄴𑄛𑄪𑄘𑄨 𑄟 - 𑄝𑄋𑄮𑄘𑄨𑄘𑄊𑄨 𑄃𑄢𑄧 𑄇𑄧𑄟𑄧𑄣𑄬 𑄃𑄬𑄎𑄧𑄚𑄴।,তুংপুি মা -বাঁশিটা আরো কবে আসবে
𑄟𑄪𑄃𑄨 𑄦𑄧𑄣𑄬 𑄖𑄪𑄋𑄴𑄛𑄪𑄘𑄨 𑄝𑄝𑄧𑄢𑄬 𑄥𑄳𑄠𑄬 𑄇𑄧𑄘 𑄝𑄬𑄌𑄴 𑄚𑄧 𑄥𑄪𑄚𑄮𑄋𑄴।,আমি হলে তুংপুং করে বাবরকে কথা বলি না
𑄈𑄬𑄋𑄧𑄖𑄳𑄠 𑄇𑄇𑄴𑄈𑄧𑄚𑄴 𑄌𑄪𑄝𑄴𑄉𑄧𑄢𑄨 𑄗𑄬𑄃𑄨 𑄎𑄬𑄢𑄬 𑄇𑄧𑄣𑄧 - 𑄖𑄧𑄢𑄴 𑄃𑄮 𑄏𑄨 𑄃𑄊𑄬।,.খোলটা কাকতালা খেে চলে গেছে - তোমারও ঝি আছে
𑄝𑄬𑄇𑄴 𑄇𑄚𑄨 𑄘𑄧 𑄝𑄪𑄏𑄮𑄌𑄴।,সব কানি তো জানো
𑄜𑄧𑄢𑄈𑄪𑄣𑄧𑄢𑄬 𑄉𑄧𑄟𑄬 𑄃𑄬𑄇𑄴𑄇 𑄣𑄬𑄃𑄨𑄚𑄧𑄖𑄴 𑄣𑄪𑄋𑄬 𑄚𑄧 𑄛𑄢𑄚 𑄥𑄧𑄋𑄴 𑄝𑄪𑄇𑄴𑄇𑄮 𑄛𑄘𑄧𑄣𑄴 𑄚𑄧 𑄦𑄧𑄝𑄧।,. ফরাকটাকে ভালো করে পিঠে তুলতে না পারলে সব বুক পাতলা হবে না
𑄖𑄪𑄋𑄴𑄛𑄪𑄘𑄨 𑄟 - 𑄥𑄨𑄠𑄚𑄴 𑄘𑄧 𑄟𑄧𑄢𑄴 𑄃𑄮।,তুংপুদি মা -সেটা তো আমার
𑄖𑄧 𑄛𑄮 𑄦𑄧𑄣𑄬𑄃𑄮 𑄎𑄬 𑄟𑄧 𑄛𑄮 𑄥𑄚𑄴।,তোমার ছেলে হলেও যে আমার ছেলে
𑄟𑄧𑄖𑄴𑄖𑄪𑄚𑄴 𑄃𑄟𑄨𑄎 𑄥𑄨𑄠𑄚𑄴 𑄟𑄧𑄚𑄧𑄖𑄴 𑄃𑄪𑄙𑄬 𑄃𑄳𑄦 𑄛𑄧𑄢𑄬 ।,মাতালটা সেটা মনে পে
𑄎𑄬𑄢𑄬 𑄇𑄧𑄣𑄧 - 𑄝𑄋𑄮𑄘𑄨𑄢𑄬𑄠𑄮 𑄇𑄧𑄣𑄪𑄋𑄴 𑄃𑄢𑄧 𑄞𑄧𑄖𑄴𑄖𑄨 𑄦𑄧𑄝𑄖𑄳𑄠𑄬।,পরের কল-বাঙিেও কল-বাঙি হবে
𑄃𑄬𑄝𑄢𑄧𑄖𑄴 𑄈𑄬𑄋𑄧𑄖𑄳𑄠 𑄃𑄬𑄇𑄴𑄇 𑄣𑄧𑄢𑄨𑄌𑄧𑄢𑄨 𑄝𑄧𑄣𑄧।,এইবার খাওার সম একটু লরির বল
𑄖𑄪𑄋𑄴𑄛𑄪𑄘𑄨 𑄟 𑄃𑄬𑄃𑄨𑄥𑄬𑄃𑄨𑄉𑄧𑄢𑄨 𑄃𑄢𑄧 𑄞𑄣𑄧𑄇𑄴𑄇𑄚𑄨 𑄇𑄧𑄘 𑄟𑄬𑄣𑄨𑄣𑄧।,তুংপুি মা এরকম আরও অনেক কথা বললো
𑄘𑄨 𑄞𑄬𑄃𑄨 𑄝𑄮𑄚𑄬 𑄞𑄣𑄧𑄇𑄴𑄈𑄧𑄚𑄴 𑄥𑄧𑄋𑄴 𑄇𑄧𑄘 𑄇𑄪𑄃𑄧𑄝𑄪𑄣𑄮 𑄉𑄧𑄢𑄴𑄣𑄇𑄴।,দুই ভাই অনেক ব কথা বলতেছে
𑄘𑄨 𑄞𑄬𑄃𑄨 𑄝𑄮𑄚𑄬𑄢𑄴 𑄇𑄨 𑄇𑄪𑄃𑄮𑄝𑄪𑄣𑄮 𑄦𑄪𑄃𑄨𑄠𑄬 𑄥𑄨𑄠𑄚𑄴 𑄇𑄧𑄚𑄧𑄎𑄧𑄚𑄬 𑄟𑄳𑄦𑄬𑄖𑄴 𑄚𑄧 𑄛𑄬𑄣𑄇𑄴।,দুই ভাই কি কুাকুি হেছে সেটা কেউই দেখতে পেল না
𑄖 𑄇𑄬𑄣𑄳𑄠𑄬 𑄝𑄬𑄚𑄳𑄠𑄬𑄛𑄮𑄖𑄳𑄠 𑄈𑄬𑄋𑄧𑄖𑄳𑄠 𑄣𑄧𑄚𑄴𑄌𑄧𑄖𑄧 𑄉𑄧𑄢𑄨 𑄊𑄧𑄢𑄧𑄖𑄴 𑄣𑄧𑄢𑄴 𑄘𑄨𑄣𑄧।,তার বেলটা বো খেে বািে নিল
𑄣𑄧𑄚𑄴𑄌𑄧𑄖𑄴 𑄃𑄬𑄖𑄴𑄖𑄬 𑄞𑄬𑄃𑄨𑄘𑄮 𑄇𑄧𑄘 𑄞𑄝𑄨 𑄞𑄝𑄨 𑄃𑄬𑄣𑄧।,নৌকা করে এত ব ব কথা আসলো
𑄈𑄬𑄋𑄧𑄖𑄳𑄠 𑄣𑄧𑄚𑄴𑄌𑄧𑄖𑄴 𑄃𑄬𑄇𑄴𑄇 𑄌 𑄖 𑄈𑄬𑄣𑄬𑄃𑄮 𑄞𑄖𑄴 𑄞𑄬𑄣𑄧 𑄟𑄣𑄴𑄍𑄧𑄢𑄨 /𑄥𑄧𑄢𑄨 𑄊𑄘𑄧𑄖𑄴।,খোলের রাস্তায় একটু চা খাওার পর ভাত নাকি তরকারি হিসেবে ব্যবহৃত হ
"𑄎𑄬𑄢𑄬 𑄃𑄢𑄧 𑄟𑄌𑄴𑄥𑄧𑄢𑄨/𑄍𑄧𑄢𑄨 𑄃𑄨𑄥𑄴 𑄛𑄳𑄢𑄨𑄖𑄴 𑄝𑄮𑄘𑄬, 𑄥𑄨𑄖𑄴 𑄖𑄪𑄚𑄴 𑄦𑄘𑄨 𑄈𑄉𑄢𑄍𑄧𑄢𑄨/𑄥𑄧𑄢𑄨 𑄝𑄎𑄢𑄴।",".সে আবার মাছ ধরিেছে,সেখানে পাহাের পাশ দিে ঘুরাফেরা করে"
"𑄖 𑄎𑄬𑄢𑄬 𑄦𑄘𑄨, 𑄈𑄉𑄢𑄍𑄧𑄢𑄨𑄖𑄴/ 𑄥𑄧𑄢𑄨𑄖𑄴 𑄝𑄳𑄦 𑄗𑄬𑄃𑄨𑄚𑄬 𑄃𑄃𑄮𑄚𑄴 𑄎𑄃𑄮𑄚𑄴 𑄉𑄧𑄢𑄬।",তার সাথে হাত দিে দৌাদৌি করে আসে
𑄎𑄢𑄴𑄇𑄣𑄳𑄠𑄬 𑄛𑄧𑄗𑄴 𑄥𑄪𑄉𑄮𑄚𑄧 𑄗𑄚𑄃𑄨 𑄖𑄳𑄠𑄬𑄚𑄴 𑄝𑄬𑄥𑄪𑄚𑄴𑄎𑄪𑄇𑄴 𑄚𑄧 𑄦𑄧𑄠𑄴।,শীতকালে পথ শুকিে থাকা ভালো হ না
𑄝𑄢𑄨𑄎𑄖𑄴 𑄃𑄬𑄇𑄴𑄇 𑄘𑄪𑄇𑄴 - 𑄘𑄧𑄢𑄧𑄝𑄴 𑄝𑄬𑄌𑄴।,বারিটা একটু দুঃখ-কষ্ট
𑄝𑄢𑄨𑄎 𑄃𑄬𑄝𑄢𑄴 𑄃𑄬𑄝𑄧 𑄘𑄬𑄢𑄨।,বর্ষা এখন আসতেছে
𑄥𑄨𑄚𑄳𑄠𑄬 𑄥𑄢 𑄛𑄧𑄗𑄴 𑄗𑄚/𑄖𑄴 𑄗𑄚𑄴 𑄃𑄪𑄝𑄮𑄥𑄴 𑄉𑄧𑄢𑄨 𑄥𑄎𑄧𑄚𑄳𑄠 𑄊𑄧𑄢𑄧𑄖𑄴 𑄣𑄪𑄋𑄨𑄣𑄧।,সিিটা সারা পথে থাকা/তাাতাি সাজানো বািতে পলো
𑄊𑄧𑄢𑄧𑄖𑄴 𑄣𑄪𑄋𑄨 𑄝𑄋𑄮𑄘𑄨 𑄟𑄢𑄬 𑄇𑄧𑄣𑄧 - 𑄘𑄨𑄚𑄴𑄝𑄮 𑄃𑄪𑄝𑄮𑄥𑄴।,বািতে লুকিে লুকিে বল-দিনটা উত্তীর্ণ হওা
𑄞𑄖𑄴 𑄎𑄪𑄉𑄮𑄣𑄴 𑄉𑄧𑄢𑄴।,ভাত খাওা অভ্যস্ত হওা
𑄃𑄬𑄇𑄴𑄇 𑄉𑄘𑄨 𑄃𑄬𑄎𑄧𑄋𑄴 𑄇𑄮𑄃𑄨𑄚𑄬 𑄝𑄳𑄠𑄉𑄴𑄖𑄳𑄠𑄇𑄴 𑄗𑄮𑄃𑄨𑄚𑄬 𑄇𑄪𑄠𑄮 𑄉𑄋𑄧𑄖𑄴 𑄉𑄬𑄣𑄧।,একটু গািটা এপাশ-ওপাশ করে গাঙে গেল
𑄃𑄬 𑄃𑄧𑄇𑄴𑄖𑄧𑄖𑄴 𑄛𑄚𑄨 𑄃𑄬𑄇𑄴𑄇 𑄎𑄳𑄠𑄬𑄣𑄴 𑄘𑄳𑄠𑄬।,এই পানিতে একটু গোসল করতে হ
"𑄇𑄣𑄨𑄇𑄴 𑄇𑄪𑄠𑄮 𑄎𑄪𑄢𑄮 𑄛𑄚𑄨 𑄃𑄬𑄇𑄴 𑄝𑄣𑄴𑄘𑄨, 𑄘𑄨 𑄝𑄣𑄴𑄘𑄨 𑄔𑄣𑄨𑄣𑄬/ . . . . 𑄝𑄬𑄇𑄴 𑄎𑄪𑄢𑄬 𑄡𑄠𑄴।","কালো মুরগির ঠান্ডা পানি এক বান,দুই বান দিে ঢাললে,সব জুে যা"
𑄝𑄬𑄣𑄳𑄠𑄬 𑄇𑄪𑄠𑄮𑄛𑄚𑄨 𑄃𑄬𑄚𑄬 𑄎𑄪𑄢𑄮।,বিালের পানি এনে ঠাণ্ডা হ
𑄇𑄨𑄠𑄬𑄖𑄴 𑄛𑄧𑄖𑄴𑄖𑄬 𑄚𑄧 𑄛𑄧𑄖𑄴𑄖𑄬 𑄝𑄬𑄇𑄴 𑄎𑄪𑄢𑄬 𑄚𑄬𑄡𑄠𑄴।,. শরীরে পতে না পে সব জুে নেওা যা
𑄖𑄢 𑄇𑄪𑄠𑄮 𑄊𑄘𑄧𑄖𑄴 𑄓𑄋𑄧𑄢𑄴 𑄍𑄨𑄉𑄮𑄚𑄴 𑄘𑄨𑄝𑄬 𑄇𑄪𑄠𑄮।,তাদের কুালের পাশে ডাঙি দিে ছিঁে দিবে
"𑄃𑄬𑄇𑄴𑄇𑄮𑄖𑄴𑄖𑄪𑄚𑄴 𑄛𑄚𑄨 𑄈𑄚, 𑄃𑄢𑄧 𑄃𑄬𑄇𑄴𑄇𑄮𑄖𑄴𑄖𑄪𑄚𑄴 𑄛𑄚𑄨 𑄣𑄧𑄃𑄨 𑄉𑄘𑄧𑄚𑄴।","একটা থেকে পানি খাওা, আরেকটা থেকে পানি নিে গাে"
𑄝𑄢𑄨𑄎𑄬𑄖𑄴 𑄝𑄬𑄌𑄴 𑄛𑄚𑄨 𑄦𑄧𑄣𑄬 𑄈𑄬𑄝𑄢𑄴 𑄛𑄚𑄨 𑄃𑄬𑄇𑄴𑄇 𑄃𑄧𑄚𑄧𑄖𑄨𑄖𑄳𑄠𑄬 𑄦𑄧𑄠𑄴।,বৃষ্টিতে বেশি পানি হলে খাওার পানি একটু কম হ
𑄍𑄨𑄉𑄮𑄚𑄴 𑄃𑄬𑄇𑄴𑄇𑄚𑄴 𑄘𑄧𑄢𑄨𑄣𑄮𑄃𑄨 𑄝𑄚𑄳𑄠𑄬 𑄝𑄣𑄴𑄘𑄨।,ছিঁা একটি রশি দিে বাঁশটি বাঁধা হ
𑄛𑄚𑄨 𑄖𑄪𑄣𑄨 𑄖𑄪𑄣𑄨 𑄇𑄨𑄠𑄬𑄖𑄴 𑄔𑄣𑄴𑄘𑄬/ 𑄔𑄣𑄧𑄘𑄬 𑄞𑄧𑄎𑄚𑄴 𑄎𑄪𑄖𑄴।,পানি তুলতে তুলতে শরীরে ঢালতো/ ঢালতো ভালো
"𑄘𑄨𑄝𑄪𑄎𑄳𑄠𑄬, 𑄝𑄬𑄣𑄳𑄠𑄬 𑄘𑄨𑄝𑄢𑄴 𑄉𑄘𑄨𑄣𑄬 𑄦𑄧𑄠𑄴।","সকাল,বিকাল,বিকাল ডাকলে হ"
𑄝𑄢𑄨𑄎𑄬 𑄘𑄨𑄚𑄮𑄖𑄴 𑄥𑄎𑄨 𑄛𑄚𑄨𑄖𑄴 𑄉𑄘 𑄛𑄧𑄢𑄬।,বর্ষাকালের দিনে গোসল করতে হ
𑄎𑄢𑄴 𑄇𑄣𑄳𑄠𑄬 𑄘𑄨𑄝𑄪𑄎𑄳𑄠𑄬 𑄃𑄬𑄇𑄴𑄝𑄢𑄴 𑄉𑄘𑄨𑄣𑄬 𑄦𑄧𑄠𑄴।,শীতকালে এক দিন গাে লাগলে হ
"𑄥𑄨𑄚𑄴𑄚𑄬𑄠𑄮 𑄈𑄬𑄋𑄧𑄖𑄳𑄠 𑄇𑄧𑄠𑄬𑄇𑄴 𑄝𑄣𑄴𑄘𑄨 𑄛𑄚𑄨 𑄔𑄣𑄨, 𑄇𑄨𑄃𑄨𑄠𑄬 𑄙𑄧𑄣𑄨, 𑄇𑄝𑄧𑄢𑄴𑄠𑄚𑄨 𑄝𑄋𑄣 𑄥𑄝𑄮𑄚𑄴𑄘𑄮𑄃𑄨, 𑄇𑄝𑄧𑄢𑄴 𑄃𑄢𑄧𑄖𑄴 𑄢𑄮𑄘𑄮𑄖𑄴 𑄘𑄨 𑄞𑄖𑄴 𑄈𑄬𑄝𑄢𑄴 𑄝𑄧𑄣𑄧।","সিনেও খাওা কেক বানদি পানি ঢালবো, কী জানি, কাপের আালে ভাত খাওার জন্য বল"
𑄝𑄋𑄮𑄘𑄨 𑄟 𑄇𑄪𑄢𑄬 𑄛𑄨𑄢𑄬𑄖𑄴 𑄝𑄮𑄃𑄨 𑄃𑄊𑄬।,বামহাতি মেেটি অসুস্থ হে আছে
𑄈𑄬𑄋𑄖𑄳𑄠 𑄛𑄘𑄨𑄖𑄴 𑄛𑄘𑄨𑄖𑄴 𑄝𑄧𑄏𑄨 𑄞𑄖𑄴 𑄈 𑄙𑄧𑄎𑄳𑄠।,.খাওার থালা ভাত খাওা
𑄞𑄖𑄴 𑄈𑄘𑄬 𑄞𑄘𑄬 𑄇𑄧𑄣𑄧 - 𑄃𑄧𑄞𑄨𑄎𑄧 𑄇𑄟𑄴𑄠𑄚𑄨 𑄥𑄨𑄢𑄬 𑄃𑄬𑄃𑄨𑄚𑄬 𑄇𑄨𑄠𑄬𑄠𑄚𑄴 𑄞𑄧𑄎𑄚𑄴 𑄛𑄘𑄧𑄣𑄴 𑄛𑄋𑄧𑄢𑄴।,ভাত খাওার সম ভাত খেতে বললে শরীরটা পাতলা হে যাচ্ছে
𑄇𑄨 𑄡𑄬 𑄚𑄧 𑄛𑄬𑄝𑄬 𑄃𑄢𑄴 - 𑄝𑄋𑄮𑄘𑄨 𑄟 𑄛𑄪𑄏𑄢𑄴 𑄉𑄧𑄢𑄴𑄣𑄧।,কি যে পেে যাবে আর-বাঙি মাা করতেছে
𑄇𑄟𑄴 𑄚𑄧 𑄗𑄬𑄣𑄬 𑄇𑄨𑄖𑄳𑄠𑄬 𑄡 𑄛𑄧𑄢𑄴𑄖𑄧।,কাজ না থাকলে কষ্টে যেতে হ
𑄇𑄇𑄴𑄈𑄧𑄚𑄴 𑄚𑄧 𑄟𑄙𑄨 𑄢𑄧𑄣𑄧।,.কাঁকার শব্দ হলো না
𑄞𑄖𑄴 𑄉𑄧𑄢𑄌𑄴 𑄟𑄪𑄠𑄮𑄖𑄴 𑄞𑄧𑄢 𑄙𑄧𑄢𑄴𑄣𑄧।,. ভাত তরকারিটা আমার পেটে ভরলো
"𑄃𑄬𑄝𑄢𑄧𑄖𑄴 𑄇𑄧𑄣𑄧 - 𑄝𑄋𑄮𑄘𑄨𑄣𑄮𑄃𑄨 𑄖 𑄎𑄟𑄬𑄝𑄮 𑄃𑄘𑄬𑄇𑄳𑄠𑄉𑄧𑄢𑄨 𑄃𑄬𑄃𑄨𑄚𑄬 𑄒𑄬𑄋𑄧𑄖𑄴 𑄙𑄧𑄢𑄨 𑄥𑄣𑄋𑄴 𑄉𑄧𑄢 𑄙𑄧𑄎𑄳𑄠𑄧𑄚𑄴, 𑄥𑄬 𑄎𑄬𑄢𑄧 𑄇𑄧𑄘𑄠𑄚𑄴 𑄚𑄧 𑄥𑄨𑄢𑄬𑄣𑄧 𑄃𑄢𑄴।","এইবার কল -বাঁশি দিে তার জাগাটা শক্ত করে ধরে, তার সাথে কথা বলে না"
𑄝𑄋𑄮𑄘𑄨𑄘𑄊𑄨 𑄇𑄧𑄘 𑄥𑄪𑄚𑄨 𑄝𑄋𑄮𑄘𑄨 𑄟 𑄝𑄋𑄮𑄘𑄨𑄘𑄊𑄨𑄢𑄴 𑄥𑄟𑄴𑄝𑄘𑄴 𑄎𑄚𑄨𑄝𑄢𑄴 𑄃𑄃𑄮𑄎𑄨 𑄦𑄮𑄃𑄨 𑄃𑄪𑄙𑄨𑄣𑄧।,বাঙিবাঙি কথা শুনে বাঙিবাঙি মা বাঙিে উঠতেছে
𑄎𑄬𑄢𑄬 𑄈𑄬𑄋𑄧𑄖𑄳𑄠𑄢𑄬 𑄢𑄨𑄚𑄨 𑄌𑄬𑄃𑄨 𑄛𑄪𑄏𑄢𑄴 𑄉𑄧𑄢𑄴𑄣𑄧 - 𑄇𑄪𑄘𑄪 𑄣𑄇𑄴 𑄛𑄬𑄣𑄬 𑄘𑄬।,ঝেে খেেছে - কোথা পেলে দাও
𑄖𑄪𑄋𑄴𑄛𑄪𑄘𑄨 𑄟 𑄊𑄧𑄢𑄧𑄖𑄴।,তুংপুটি মাির বািতে
𑄃𑄬 𑄇𑄧𑄘𑄠𑄚𑄴 𑄈𑄬𑄋𑄧𑄖𑄳𑄠 𑄇𑄮𑄃𑄨𑄚𑄬 𑄇𑄇𑄴𑄈𑄧𑄚𑄴 𑄃𑄧𑄣𑄧𑄢𑄴 𑄦𑄧𑄣𑄧।,এই কথাটা খোল করতে করতে সকাল হে গেল
𑄈𑄬𑄋𑄧𑄖𑄳𑄠 𑄎𑄚𑄬 𑄞𑄣𑄧𑄇𑄴𑄘𑄨𑄚𑄴 𑄦𑄧𑄣𑄧 𑄝𑄋𑄮𑄘𑄨 𑄟 𑄃𑄬𑄇𑄴𑄇𑄮𑄉𑄧𑄢𑄨 𑄏𑄨 𑄚𑄧 𑄘𑄬𑄃𑄨𑄚𑄬 𑄟𑄧𑄚𑄴𑄘𑄨𑄣𑄴 𑄝𑄬𑄌𑄴 𑄉𑄧𑄟𑄴 𑄚𑄬𑄃𑄨।,খোল জানে অনেক দিন হলো বাঙিে মা এক কেজি মুরগি না দিে ভালো নেই
𑄝𑄋𑄮𑄘𑄨 𑄟 𑄇𑄨 𑄞𑄝𑄨𑄚𑄬 𑄎𑄬𑄚𑄬 𑄝𑄋𑄮𑄘𑄨 𑄇𑄧𑄘 𑄚𑄧 𑄖𑄪𑄣𑄬।,বামহাতি মা কি চিন্তা করে নাকি বামহাতি কথা বলে না
𑄖 𑄟𑄧𑄚𑄚𑄴 𑄝𑄋𑄮𑄘𑄨 𑄇𑄧𑄘 𑄃𑄨𑄙𑄮𑄖𑄴 𑄖𑄪𑄣𑄨 𑄖𑄪𑄣𑄨 𑄚𑄨𑄖𑄳𑄠𑄧 𑄝𑄬𑄥𑄪𑄚𑄴𑄎𑄪𑄇𑄴।,তার মনটা বামে তুলে নিে নিে যা
𑄃𑄬 𑄝𑄬𑄥𑄪𑄚𑄴 𑄎𑄪𑄇𑄴 𑄟𑄧𑄚𑄧𑄖𑄴 𑄝𑄋𑄮𑄘𑄨 𑄇𑄧𑄘 𑄥𑄪𑄚𑄨𑄚𑄬 𑄃𑄃𑄮𑄌𑄴𑄌𑄚𑄴/ 𑄥𑄚𑄴 𑄃𑄢𑄧 𑄃𑄬𑄇𑄴𑄇 𑄝𑄢𑄨𑄣𑄧।,এই সব শান্ত মনে বামহাতি কথা শুনে আসছে/বোন আর একটু ঘুরলো
𑄃𑄬𑄝𑄢𑄧𑄖𑄴 𑄖𑄬 𑄛𑄪𑄏𑄢𑄴 𑄉𑄧𑄢𑄴𑄣𑄧 - 𑄖𑄬 𑄖𑄪𑄃𑄨 𑄇𑄨 𑄉𑄧𑄢𑄨𑄣𑄬?,এবার সে ঝামেলা করল -সে কি করলো?
𑄈𑄬𑄋𑄧𑄖𑄳𑄠 𑄝𑄬𑄇𑄴 𑄇𑄧𑄘𑄠𑄚𑄨 𑄟𑄬𑄣 𑄙𑄧𑄢𑄴𑄣𑄧।,খোলগুলো সব মেলে ধরলো
𑄖𑄧 𑄏𑄨 𑄖𑄪𑄃𑄨 𑄇𑄨 𑄇𑄧𑄘𑄬 𑄌𑄌𑄴 - 𑄎𑄬𑄢𑄬 𑄝𑄋𑄮𑄘𑄨 𑄟𑄢𑄬 𑄛𑄪𑄏𑄢𑄴 𑄉𑄧𑄢𑄴𑄣𑄧।,তোমার মা তোমরা কি বলতেছো?সে নাকি ব ব করে
𑄝𑄋𑄮𑄘𑄨 𑄟 𑄈𑄬𑄋𑄧𑄖𑄳𑄠 𑄇𑄬𑄃𑄨𑄖𑄴 𑄢𑄨𑄚𑄨 𑄌𑄬𑄃𑄨 𑄇𑄧𑄣𑄧 - 𑄟𑄪𑄢𑄬 𑄟𑄪𑄢𑄬 𑄢𑄋𑄟𑄖𑄳𑄠 𑄡𑄬𑄃𑄨 𑄏𑄨𑄣𑄮𑄃𑄨 𑄥𑄧𑄣𑄴𑄣 𑄉𑄧𑄢𑄨 𑄃𑄬𑄎𑄧𑄌𑄴𑄥𑄮𑄃𑄨 𑄘𑄬 𑄃𑄠𑄴 𑄦𑄧𑄠𑄴।,বামহাতি মাকসা খেে কেত করে হাসছে -মনে হ যে সে হাসছে
𑄝𑄋𑄮𑄘𑄨 𑄟 𑄥𑄨𑄠𑄚𑄴 𑄚𑄧𑄠𑄴 𑄘𑄧।,বামহাতি মা সেটা না
𑄖𑄧𑄢𑄬 𑄚𑄧 𑄟𑄘𑄬 𑄇𑄨 𑄟𑄪𑄃𑄨 𑄇𑄧𑄚𑄧 𑄇𑄟𑄧𑄖𑄴 𑄦𑄖𑄴 𑄘𑄮𑄋𑄴।,তোমাকে না বলে আমি কোনো কাজে হাত দিই
𑄃𑄬𑄃𑄨 𑄥𑄬𑄃𑄨𑄉𑄧𑄢𑄨 𑄈𑄬𑄋𑄧𑄖𑄳𑄠 𑄝𑄋𑄮𑄘𑄨 𑄟𑄢𑄬 𑄝𑄪𑄏 𑄙𑄧𑄢𑄴𑄣𑄧।,এই সেই খেে বাঁশের বোটা মারলো
𑄞𑄣𑄮𑄇𑄴𑄘𑄨𑄚𑄴 𑄎𑄬𑄢𑄬 𑄝𑄋𑄮𑄘𑄨 𑄟𑄢𑄴 𑄝𑄋𑄮𑄘𑄨 𑄇𑄧𑄘 𑄥𑄪𑄚𑄨𑄚𑄬 𑄛𑄪𑄢𑄮𑄚𑄴 𑄉𑄧𑄞 𑄎𑄬𑄚𑄬 𑄃𑄢𑄧 𑄌𑄪𑄣𑄴 𑄌𑄪𑄣𑄬 𑄃𑄪𑄙𑄨𑄣𑄧।,অনেক দিন পরে ব ব কথা শুনে পুরনো কথা গুলো মনে পে আর চুল চুলকাচ্ছে
𑄟𑄧𑄚𑄬 𑄟𑄧𑄚𑄬 𑄞𑄝 𑄙𑄧𑄎𑄳𑄠 𑄟𑄌𑄴𑄖𑄧𑄢𑄧 𑄏𑄨 ।,মনের মতো হওা মাছের ঝি
𑄝𑄋𑄮𑄘𑄨𑄢𑄴 𑄃𑄬 𑄇𑄟𑄴𑄠𑄚𑄴 𑄉𑄧𑄟𑄴 𑄚𑄧 𑄦𑄧𑄠𑄴।,ব্যাঙের এই কাজটা ভালো হ না
𑄥𑄧𑄟𑄎𑄧𑄃𑄨𑄘𑄪 𑄝𑄝𑄴 - 𑄟 𑄟𑄪 𑄖𑄧𑄣𑄬 𑄜𑄬𑄣𑄬 𑄘𑄳𑄠𑄬।,সমাজটা বাপ-মার নিচে ফেলে দে
𑄛𑄮𑄣𑄳𑄠 𑄛𑄮𑄣𑄳𑄠 𑄞𑄧𑄎𑄚𑄴 𑄢𑄉𑄴 𑄦𑄧𑄣𑄬𑄃𑄮 𑄘𑄨𑄚𑄴 𑄡𑄘𑄬 𑄢𑄉𑄴𑄇𑄚𑄴 𑄃𑄬𑄇𑄴𑄇 𑄖𑄬𑄌𑄴 𑄇𑄧𑄟𑄨 𑄃𑄬𑄥𑄳𑄠𑄬।,.পোা পোা রাগ হলেও সারাদিন রাগ কমে আসে
𑄝𑄋𑄮𑄘𑄨 𑄝𑄝𑄬 𑄖𑄢𑄴 𑄞𑄖𑄴 𑄈𑄬𑄃𑄨 𑄛𑄪𑄢𑄬𑄃𑄨 𑄞𑄬𑄃𑄨𑄘𑄮 𑄇𑄧𑄘 𑄟𑄬𑄣𑄟𑄬𑄣𑄨 𑄦𑄧𑄣𑄧।,বাঁশের বো দিে তার ভাত খেে বেে উঠল
𑄎𑄬𑄢𑄬 𑄝𑄋𑄮𑄘𑄨 𑄝𑄝𑄬 𑄖𑄧𑄢𑄴 𑄞𑄖𑄴 𑄈𑄚 𑄈𑄧𑄢𑄬𑄃𑄨 𑄡𑄢𑄴 𑄇𑄮𑄃𑄨𑄚𑄬 𑄃𑄪𑄙𑄨𑄣𑄧।,.সে বামে করে তোমার ভাত খাওার কথা বলে উঠল
𑄝𑄋𑄮𑄘𑄨 𑄟 𑄞𑄖𑄴 𑄈 𑄙𑄧𑄢𑄴𑄣𑄧।,বাঙালি মা ভাত খাওা ধরলো
𑄃𑄬𑄥𑄳𑄠𑄬 𑄖𑄢𑄴 𑄞𑄖𑄴 𑄖𑄪𑄚𑄴 𑄎𑄬𑄚𑄬 𑄉𑄧𑄟𑄬 𑄉𑄨𑄣𑄬 𑄚𑄧 𑄡𑄘𑄧𑄚𑄴।,তার ভাতগুলো ভালোভাবে কেটে যাচ্ছে না
𑄟𑄧𑄚𑄧𑄖𑄴 𑄚𑄨𑄖𑄳𑄠𑄧 𑄖𑄝𑄮𑄣𑄴 𑄃𑄪𑄙𑄧 𑄙𑄧𑄎𑄳𑄠 - 𑄝𑄋𑄮𑄘𑄨 𑄃𑄬 𑄇𑄟𑄴𑄠𑄚𑄴 𑄉𑄧𑄢𑄨𑄚𑄬 𑄇𑄨 𑄛𑄬𑄣𑄧।,মনের নিে তাবোল তাবোল দেখতেছি - বামে এই কাজটা করে কি পেল
𑄜𑄧𑄢𑄈𑄪𑄣𑄮𑄢𑄴 𑄛𑄧𑄢𑄨𑄇𑄴𑄈𑄬 𑄘𑄨𑄚𑄴 𑄘𑄨𑄚𑄴 𑄊𑄧𑄚𑄬 𑄃𑄬𑄎 𑄙𑄧𑄢𑄴𑄣𑄧।,. ফোঁাগুলো পরীক্ষার সম দিন দিন আসতেছে
𑄇𑄟𑄴 𑄚𑄧 𑄗𑄚𑄃𑄨 𑄈𑄬𑄋𑄧𑄖𑄳𑄠𑄢𑄴 𑄃𑄬 𑄞𑄨𑄘𑄨𑄢𑄬 𑄢𑄋𑄟𑄖𑄳𑄠𑄬 𑄃𑄬𑄎𑄚 𑄚𑄧 𑄦𑄧𑄠𑄴।,.কাজ না থাকলে এই পৃথিবীতে আসা হ না
𑄝𑄋𑄮𑄘𑄨𑄘𑄊𑄨 𑄘𑄨 𑄃𑄬𑄇𑄴𑄝𑄢𑄴 𑄃𑄢𑄧 𑄖𑄪𑄋𑄴𑄛𑄪𑄘𑄨 𑄟𑄘𑄊𑄨𑄃𑄨𑄘𑄪 𑄃𑄬𑄌𑄴𑄌𑄮𑄚𑄴।,বাঁশটা এক দিকে আর বাঁশটা দুই দিক থেকে এসেছে
𑄖𑄋𑄴𑄛𑄪𑄘𑄨 𑄟 𑄖𑄢𑄢𑄬 𑄚𑄚 𑄇𑄧𑄘 𑄟𑄬𑄣𑄨𑄚𑄬 𑄟𑄧𑄚𑄴 𑄝𑄪𑄌𑄴 𑄉𑄧𑄢𑄨 𑄘𑄬।,.তাঙপুটি মা তাদেরকে নানারকম কথা বলে দে
𑄎𑄬𑄢𑄬 𑄇𑄧𑄠𑄴 - 𑄖𑄪𑄃𑄨 𑄃𑄢𑄧 𑄛𑄧𑄢𑄨𑄚𑄬 𑄌𑄉𑄪𑄢𑄨 𑄃𑄬𑄇𑄴𑄇𑄚𑄴 𑄣𑄧।,শেষ হে যাওার জন্য একটা চামা নাও
𑄟𑄪𑄃𑄨 𑄚𑄇𑄴 𑄃𑄧𑄎𑄧𑄣𑄴 𑄉𑄧𑄢𑄨𑄚𑄬 𑄖𑄧𑄢𑄬 𑄖 𑄝𑄝𑄧 𑄊𑄧𑄢𑄧𑄖𑄴 𑄖𑄪𑄣𑄨 𑄘𑄨𑄟𑄴𑄝𑄮𑄃𑄨।,.আমি নাক উঁচু করে তোমাকে তার বাবা বািতে তুলে দিবো
𑄖𑄪𑄋𑄴𑄛𑄪𑄘𑄨 𑄟 𑄇𑄧𑄘𑄠𑄴 𑄝𑄋𑄮𑄘𑄨𑄢𑄴 𑄝𑄪𑄉𑄮𑄖𑄴 𑄝𑄧𑄣𑄴 𑄝𑄢𑄬।,তুংপুি মাা কথা বুো মানুষরা বল বেে
𑄟𑄧𑄚𑄬 𑄟𑄧𑄚𑄬 𑄞𑄝𑄬 - 𑄛𑄨𑄏𑄬𑄃𑄨 𑄇𑄧𑄖𑄴𑄖𑄬 𑄇𑄧𑄘𑄠𑄚𑄴 𑄟𑄨𑄎𑄬 𑄚𑄧𑄠𑄴।,মনে মনে বলে - অন্যের সাথে কথা বলা ভালো না
𑄝 𑄢𑄬 𑄎𑄬 𑄟𑄧𑄚𑄧𑄖𑄴 𑄘𑄪𑄇𑄴 𑄜𑄪𑄘𑄬 𑄘𑄮𑄋𑄴 𑄛𑄨𑄏𑄬𑄃𑄨 𑄇𑄧𑄘𑄠𑄚𑄴𑄘𑄮𑄃𑄨 𑄥𑄬 𑄘𑄪𑄇𑄴𑄇𑄚𑄴 𑄙𑄮𑄃𑄨 𑄘𑄬 𑄛𑄧𑄢𑄨𑄝𑄧।,বািটা যে মনে দুঃখ পেছে সেই দুঃখটা ধোা লাগবে
𑄃𑄨𑄠𑄚𑄴 𑄞𑄝𑄨 𑄞𑄝𑄨 𑄟𑄧𑄚𑄚𑄴 𑄛𑄥𑄚𑄴 𑄉𑄧𑄢𑄬।,.এটা চিন্তা করে মনটা ফাঁকা হ
𑄃𑄨𑄇𑄴𑄇𑄪 𑄝𑄪𑄏𑄬𑄢𑄴 𑄖𑄬 𑄉𑄪𑄢𑄮 𑄎𑄧𑄚𑄧𑄃𑄨𑄘𑄪 𑄇𑄧𑄖𑄴𑄟𑄚𑄴 𑄖𑄧𑄣𑄬।,এক শিশু দুইজনে কত ব জিনিস তলা
𑄍𑄮 𑄟𑄧𑄢।,এক জাতী বুনো ফল
𑄖𑄬 𑄎𑄚𑄬 𑄪 𑄛𑄨𑄖𑄴 𑄗𑄨𑄟𑄨𑄖𑄴 𑄝𑄬𑄇𑄴 𑄇𑄚𑄨 𑄥𑄪𑄘𑄮𑄟𑄴 𑄟𑄧𑄎𑄨𑄟𑄴 𑄌𑄧𑄣𑄬।,সে মনে হ সব কানি সেলাই করবে
𑄃𑄨𑄠𑄚𑄧𑄢𑄴 𑄃𑄬𑄇𑄴𑄇 𑄝𑄬 𑄖𑄨𑄢𑄨𑄇𑄴 𑄦𑄧𑄣𑄬 𑄇𑄨 𑄘𑄧𑄏 𑄦𑄧𑄠𑄴।,এগুলো একটু বাঁকা হলে কি বিপদ হ
"𑄖𑄢𑄎𑄟𑄬 𑄎𑄧𑄣𑄨 𑄎𑄧𑄣𑄨, 𑄣𑄟𑄴𑄝 𑄣𑄬𑄌𑄴 𑄎𑄣𑄬𑄃𑄨 𑄇𑄪𑄘𑄪 𑄃𑄪𑄢𑄨 𑄛𑄧𑄢𑄧𑄚𑄴 𑄘𑄮𑄃𑄨।","তারাজামে পানি পে,লম্বা লেজ ধরলে কোথা পে"
𑄎𑄧𑄚𑄨 𑄛𑄨𑄖𑄴𑄗𑄨𑄟𑄨𑄖𑄴 𑄛𑄧𑄢𑄧𑄚𑄴 𑄥𑄣𑄬 𑄘𑄧𑄏 𑄦𑄧𑄠𑄴।,জীবনে মরণের সম বিপদ হ
"𑄝𑄬𑄣𑄴, 𑄌𑄚𑄴, 𑄖𑄢, 𑄛𑄬𑄃𑄨𑄇𑄴, 𑄎𑄪𑄇𑄴, 𑄦𑄬𑄟𑄚𑄴, 𑄉𑄋𑄴, 𑄘𑄧𑄎𑄳𑄠 𑄝𑄬𑄇𑄴 𑄥𑄪𑄘𑄮𑄟𑄴 𑄟𑄧𑄎𑄨𑄟𑄴 𑄣𑄧𑄢𑄌𑄧𑄢।","সূর্য,চামা,তারা,হেঁচা,দুজা সব সম ভ্রমণ করে"
𑄥𑄟𑄌𑄴𑄠𑄮 𑄥𑄬𑄎𑄚𑄴।,সামাজিক মেলামেশা
𑄃𑄨𑄠𑄚𑄧𑄢𑄴 𑄝𑄬𑄖𑄨𑄢𑄨𑄇𑄴 𑄟𑄚𑄬 𑄉𑄬𑄚𑄴 𑄎𑄟𑄴।,এখানে সবসম কালো জাম
"𑄝𑄋𑄮𑄘𑄨 𑄞𑄝𑄬 - 𑄃𑄨𑄠𑄚𑄨 𑄃𑄉𑄬𑄘𑄨 𑄎𑄧𑄚𑄨 𑄝𑄪𑄏𑄨𑄘𑄪𑄋𑄴, 𑄎𑄬𑄢𑄬 𑄝𑄳𑄦𑄧 𑄚𑄨𑄏𑄌𑄴 𑄜𑄬𑄣𑄠𑄴।","ব্যাঙের মতো - এগুলো আগে থেকে জানা আছে, পরে ব নিশ্বাস ফেলা"
𑄥𑄬𑄘𑄨𑄚𑄳𑄠𑄬 𑄝𑄋𑄮𑄘𑄨𑄘𑄊𑄨 𑄖𑄪𑄋𑄴𑄛𑄪𑄘𑄨 𑄟𑄘𑄊𑄨 𑄊𑄧𑄢𑄧𑄖𑄴𑄖𑄪𑄚𑄴 𑄃𑄬𑄃𑄨 𑄖 𑄇𑄬𑄣𑄳𑄠𑄬 𑄊𑄧𑄢𑄧𑄖𑄴 𑄜𑄨𑄢𑄨𑄣𑄇𑄴।,সে ব ব ব বািে বািে ফিরে গেল
𑄣𑄧𑄚𑄴𑄌𑄧𑄚𑄴 𑄉𑄧𑄘 𑄛𑄧𑄖𑄴𑄗𑄚𑄴 𑄖 𑄛𑄨𑄏𑄬 𑄇𑄧𑄘 𑄞𑄝𑄨 𑄞𑄝𑄨 𑄃𑄬𑄣𑄧।,.লঞ্চটা পুরোটা পথ তার পিছনে পিছনে আসলো
𑄖 𑄎𑄟𑄬𑄃𑄨𑄝𑄮 𑄃𑄮 𑄣𑄧𑄚𑄴𑄌𑄧𑄧𑄖𑄴 𑄃𑄬𑄖𑄴𑄖𑄬 𑄇𑄧𑄠𑄬𑄇𑄴 𑄉𑄬𑄘 𑄝𑄋𑄮𑄘𑄨𑄢𑄬 𑄇𑄧𑄣𑄧 - 𑄟𑄪𑄃𑄨 𑄃𑄬𑄇𑄴𑄇𑄚𑄴 𑄌𑄉𑄪𑄢𑄨 𑄎𑄪𑄘𑄬𑄝𑄢𑄴 𑄌𑄬𑄃𑄨𑄟𑄴।,তার স্বামী ও স্ত্রীকে কেকদিন এই পৃথিবীতে কেকটি কুকুর নিে আসবে
𑄖𑄪𑄃𑄨 𑄢𑄋𑄟𑄖𑄳𑄠𑄬 𑄗𑄬𑄃𑄨𑄚𑄬 𑄛𑄧𑄢 𑄌𑄣𑄬𑄌𑄴𑄌𑄮𑄃𑄨।,তোরা লালমাা বসে পেছো
𑄝𑄋𑄮𑄘𑄨 𑄚𑄧 𑄟𑄙𑄨 𑄢𑄧𑄣𑄧।,বামহাতি না মাটি রেছে
𑄎𑄬𑄢𑄬 𑄝𑄮𑄘𑄨 𑄇𑄧𑄣𑄧 - 𑄖𑄪𑄃𑄨 𑄌𑄉𑄪𑄢𑄨 𑄛𑄬𑄣𑄬 𑄘𑄧 𑄌𑄨𑄙𑄬 𑄚𑄬𑄃𑄨।,. শেষে বউ কথা কও - তুমি চামা পেলে তো বাচ্চা নেই
𑄝𑄋𑄮𑄘𑄨 𑄎𑄟𑄬𑄝𑄮 𑄇𑄇𑄴𑄈𑄧𑄚𑄴 𑄃𑄧𑄣𑄧𑄢𑄴𑄉𑄧𑄢𑄨 𑄝𑄋𑄮𑄘𑄨 𑄇𑄧𑄘 𑄥𑄪𑄚𑄨𑄚𑄬 𑄇𑄧𑄣𑄧-𑄟𑄪𑄃𑄨 𑄈𑄟/𑄇𑄟𑄇𑄴𑄇𑄠𑄴 𑄌𑄉𑄪𑄢𑄨 𑄎𑄪𑄘𑄬 𑄛𑄢𑄨𑄟𑄴।,বামহাতি মেেটার কথা শুনে আমি এদিক ওদিক দৌাদৌি করতে পারবো
𑄌𑄨𑄚𑄴𑄛𑄧𑄎𑄳𑄠𑄧 𑄟𑄚𑄪𑄌𑄴 𑄃𑄊𑄧𑄚𑄴।,চেনা মানুষ আছে
𑄝𑄋𑄮𑄘𑄨 𑄖 𑄎𑄟𑄬𑄝𑄮𑄢𑄬 𑄢𑄨𑄚𑄨 𑄌𑄬𑄃𑄨 𑄇𑄧𑄠𑄴 - 𑄌𑄬𑄌𑄴𑄌𑄮 𑄝𑄃𑄨𑄣𑄬𑄘 𑄖𑄬𑄋 𑄈𑄧𑄢𑄧𑄌𑄴 𑄉𑄧𑄢𑄨𑄝𑄬।,ব্যাঙটা তার জামাইকে দেখে টাকা খরচ করে
𑄝𑄋𑄮𑄘𑄨 𑄎𑄟𑄬𑄝𑄮 𑄎𑄮𑄝𑄴 𑄘𑄬 - 𑄖𑄪𑄃𑄨 𑄇𑄧𑄚𑄧 𑄌𑄨𑄘𑄬 𑄚𑄧 𑄉𑄧𑄢𑄨𑄌𑄴।,বাঁশটা কেটে দাও- তুমি কোনো চিন্তা করো না
𑄟𑄪𑄃𑄨 𑄖𑄬𑄋 𑄚𑄧 𑄘𑄳𑄠𑄬 𑄉𑄧𑄢𑄨 𑄌𑄉𑄪𑄢𑄨 𑄛𑄬𑄃𑄨𑄟𑄴।,.আমি টাকা না দিে কুকুরকে পেে যাবো
𑄣𑄧𑄚𑄴𑄌𑄧𑄖𑄴 𑄞𑄬𑄃𑄨𑄘𑄮 𑄇𑄧𑄘 𑄇𑄪𑄃𑄧𑄇𑄨 𑄉𑄧𑄢𑄨 𑄎𑄬𑄢𑄬 𑄊𑄧𑄢𑄧𑄖𑄴 𑄣𑄪𑄋𑄨𑄣𑄇𑄴𑄇𑄨।,নৌকা করে বািতে পৌঁছে গেলাম
𑄹.,"৩,তিন"
"𑄝𑄋𑄮𑄘𑄨 𑄥𑄪𑄢𑄨𑄝𑄮 𑄃𑄬𑄇𑄴𑄇𑄧𑄎𑄚𑄴 𑄃𑄝𑄨𑄣𑄬𑄌𑄴 𑄉𑄧𑄢𑄬 - 𑄝𑄬𑄃𑄨, 𑄝𑄬𑄚𑄨 𑄇𑄨𑄖𑄳𑄠 𑄃𑄬𑄎𑄚𑄴 𑄦𑄧𑄣𑄇𑄴।","বাঁশের ফালিটা একটু এদিক সেদিক করে - বোই, বোইনটা একটু বাঁকা হেছে"
𑄝𑄋𑄮𑄘𑄨𑄠𑄮 𑄃𑄨𑄠𑄚𑄴𑄘𑄧𑄮𑄃𑄨 𑄇𑄧𑄟𑄴 𑄟𑄧𑄚𑄴𑄟𑄧𑄢 𑄚𑄧𑄠𑄴।,বাঁশ দিেও এই গাছটা খুব ভালো না
𑄃𑄬𑄌𑄳𑄠𑄬𑄠𑄮 𑄣𑄧𑄚𑄴𑄌𑄧𑄖𑄴𑄖𑄪𑄚𑄴 𑄣𑄟𑄧𑄚𑄬 𑄝𑄋𑄮𑄘𑄨 𑄌𑄨𑄙𑄬 𑄉𑄧𑄢𑄨 𑄉𑄧𑄢𑄨 𑄃𑄬𑄎𑄬𑄢𑄴 𑄎𑄧𑄚𑄨 𑄖 𑄥𑄪𑄢𑄨𑄝𑄮 𑄇𑄧𑄚𑄧 𑄇𑄧𑄘 𑄛𑄪𑄏𑄢𑄴 𑄉𑄧𑄢𑄬।,আসা যাওার রাস্তা থেকে বের হে আসার সম তার সাথীরা কোন কথা বলে না
𑄘𑄨𑄝𑄪𑄎𑄳𑄠 𑄞𑄖𑄴 𑄈𑄬𑄝𑄢𑄴 𑄃𑄧𑄇𑄴𑄖𑄧 𑄖𑄳𑄠𑄬𑄚𑄴 𑄈𑄧𑄢𑄬 𑄚𑄧 𑄡𑄠𑄴।,সারাদিন ভাত খাওার সম একটুও ভ পা না
𑄖𑄢 𑄣𑄪𑄋𑄴𑄉𑄧𑄚𑄴𑄘𑄨।,এক জাতী বুনো ফল যা সবজি হিসেবে ব্যবহৃত হ
𑄖 𑄥𑄪𑄢𑄨𑄝𑄮 𑄥𑄧𑄟𑄘𑄬 𑄚𑄧 𑄥𑄧𑄟𑄘𑄬 𑄛𑄪𑄏𑄢𑄴 𑄉𑄧𑄢𑄬𑄢 - 𑄃𑄃𑄨𑄠𑄬 𑄏𑄘𑄨 𑄜𑄨𑄢𑄨𑄣𑄉𑄮𑄃𑄨?,তার সুরিটা একসাথে না করে একসাথে ঘুরে বো -
"𑄝𑄋𑄮𑄘𑄨 𑄎𑄟𑄬𑄝𑄮 𑄎𑄮𑄝𑄴 𑄘𑄨𑄣𑄧 - 𑄃, 𑄇𑄧𑄠𑄴𑄘𑄨𑄚𑄴 𑄗𑄬𑄘𑄧𑄋𑄴।",বাঁশের বোটা জো দিল - কদিন থাকবো
𑄝𑄋𑄮𑄘𑄨 𑄥𑄪𑄢𑄨𑄝𑄮 𑄚𑄧 𑄟𑄙𑄨 𑄢𑄧𑄣𑄧।,বাঁশটা সুঁচালো না
𑄝𑄋𑄮𑄘𑄨 𑄟𑄧𑄚𑄧𑄖𑄴 𑄚𑄨𑄖𑄳𑄠𑄧 𑄇𑄟𑄢 𑄙𑄧𑄎𑄳𑄠 𑄃𑄢𑄧 𑄇𑄧𑄚𑄧𑄇𑄴 𑄇𑄚𑄴 𑄛𑄪𑄏𑄢𑄴 𑄉𑄧𑄢𑄬 𑄇𑄨𑄚।,বামহাতি মনে কালো দাগ আর কান জ্বালা করে নাকি
𑄟𑄧𑄚𑄬 𑄟𑄧𑄚𑄬 𑄞𑄝𑄬 𑄃𑄛𑄘𑄎𑄳𑄠𑄬 𑄇𑄟𑄴 𑄉𑄧𑄢𑄚𑄃𑄨 𑄃𑄬𑄥𑄳𑄠𑄬 𑄃𑄬 𑄜𑄧𑄣𑄴 𑄦𑄢𑄬 𑄦𑄢𑄬 𑄛𑄋𑄧𑄢𑄴।,মনের মতো কাজ করে এই ফলটা বেশি বেশি পাচ্ছি
𑄎𑄬𑄢𑄬 𑄃𑄢𑄧 𑄞𑄝𑄬 - 𑄃𑄬𑄌𑄳𑄠𑄬 𑄟𑄧 𑄇𑄟𑄴𑄠𑄚𑄴 𑄎𑄧𑄚𑄨 𑄟𑄧 𑄞𑄬𑄃𑄨𑄠𑄪𑄚𑄬 𑄉𑄧𑄢𑄴𑄗𑄇𑄴!,সে আবার ভাবে - আমার কাজ গুলো আমার ভাই করে
𑄝𑄋𑄮𑄘𑄨 𑄟𑄧𑄚𑄧𑄖𑄴 𑄃𑄨𑄠𑄚𑄧𑄢𑄴 𑄇𑄧𑄚𑄧 𑄎𑄮𑄝𑄴 𑄚𑄧 𑄟𑄨𑄣𑄬।,বামহাতি মনে এইটার কোনো মিল নেই
𑄃𑄢𑄧 𑄞𑄝𑄬 - 𑄟𑄪𑄃𑄨 𑄟𑄨𑄣𑄬𑄇𑄬𑄃𑄨 𑄇𑄨 𑄘𑄪𑄌𑄴 𑄝𑄬𑄌𑄴!,আরও ভাবে-আমি মেেকে কি দোষ করি
𑄃𑄨𑄠𑄚𑄴 𑄇𑄬𑄎𑄚𑄴 𑄥𑄪𑄘𑄮𑄟𑄴।,এগুলো সেলাই করবো
𑄃𑄬 𑄥𑄪𑄘𑄮𑄟𑄴 𑄇𑄨𑄖𑄳𑄠𑄬 𑄥𑄧𑄋𑄴 𑄚𑄧𑄠𑄴।,এই সুতাটা একটুও শক্ত না
𑄝𑄋𑄮𑄘𑄨𑄘𑄊𑄨 𑄉𑄘𑄨𑄉𑄪𑄘𑄧𑄃𑄨 𑄞𑄖𑄴 𑄈𑄬𑄃𑄨 𑄃𑄢𑄧 𑄇𑄧𑄘 𑄇𑄪𑄃𑄧𑄝𑄪𑄣𑄧 𑄉𑄧𑄢𑄴𑄣𑄇𑄴।,বাঁশের ফালি দিে ভাত খেে আবার আবোল তাবোল বলতেছে
𑄖 𑄛𑄨𑄏𑄬𑄃𑄨 𑄇𑄧𑄘𑄠𑄚𑄴 𑄃𑄟𑄨𑄎𑄬 𑄘𑄨 𑄇𑄚𑄧𑄖𑄴 𑄝𑄢𑄨 𑄟𑄢 𑄙𑄧𑄎𑄳𑄠।,তার কথা গুলো কানে বারি মারে
𑄟𑄪𑄎𑄪𑄋𑄮 𑄘𑄨𑄚𑄪𑄚𑄧𑄖𑄴 𑄇𑄬𑄚𑄬 𑄃𑄇𑄴𑄇𑄮𑄃𑄨 𑄡 𑄡𑄠𑄴- 𑄃𑄨𑄠𑄚𑄴 𑄞𑄝 𑄙𑄧𑄢𑄴𑄣𑄇𑄴।,পাহাের দিনে কেন আগে যাওা যা-এইটা চিন্তা করো
𑄃𑄬𑄝𑄢𑄧𑄖𑄴 𑄘𑄨𑄚𑄴𑄛𑄧𑄖𑄴𑄖𑄨 𑄝𑄋𑄮𑄘𑄨𑄘𑄊𑄨 𑄘𑄨 𑄎𑄧𑄚𑄬 𑄃𑄧𑄇𑄴𑄖𑄧 𑄃𑄧𑄇𑄴𑄖𑄧 𑄥𑄧𑄣𑄴𑄣𑄖𑄴 𑄝𑄧𑄏𑄧𑄚𑄴।,এইবারে দিনে দুইজনে এক সাথে বসে
𑄖 𑄥𑄮𑄢𑄴-𑄥𑄪𑄢𑄨𑄠𑄪𑄚𑄴𑄘𑄮𑄃𑄨 𑄇𑄧𑄘 𑄟𑄬𑄣𑄟𑄬𑄣𑄨 𑄉𑄧𑄢𑄧𑄚𑄴।,তার পাের সুসুিটা কথা বলতেছে
𑄖 𑄥𑄮𑄢𑄴-𑄥𑄪𑄢𑄨𑄠𑄪𑄚𑄬 𑄖𑄢𑄢𑄬 𑄇𑄧𑄚𑄴 - 𑄥𑄧𑄋𑄴𑄥𑄢𑄴 𑄍𑄨𑄉𑄮𑄚𑄴 𑄗𑄉𑄧𑄘𑄬 𑄦𑄘𑄧।,তার পাের সুিগুলো তাদেরকে বলে - সসার ছিঁে থাক
𑄎𑄬𑄢𑄬 𑄇𑄪𑄣𑄴 𑄚𑄧 𑄛𑄬𑄝।,.পরের কুল না পাওা
𑄝𑄋𑄮𑄘𑄨 𑄎𑄟𑄬𑄝𑄮 𑄇𑄧𑄣𑄧 - 𑄌𑄉𑄪𑄢𑄨 𑄖𑄧𑄉 𑄛𑄧𑄢𑄨𑄝𑄧𑄘𑄬।,ব্যাঙটা কল-চোপ খুঁজতে হবে
𑄝𑄋𑄮𑄘𑄨 𑄥𑄪𑄢𑄨𑄝𑄮 𑄟𑄙𑄨 𑄇𑄧𑄠𑄴 - 𑄌𑄉𑄪𑄢𑄨 𑄦𑄣𑄬 𑄌𑄉𑄪𑄢𑄨।,বাঁশের ফালি দিে বানানো মাচা
"𑄖𑄪𑄟𑄨 𑄝𑄉𑄚𑄴, 𑄌𑄌𑄴 𑄉𑄧𑄢𑄧 𑄚।","তোমরা বাগান,চাষ করো না"
𑄎𑄬𑄢𑄬 𑄃𑄢𑄧 𑄇𑄧𑄣𑄧 -𑄌𑄉𑄪𑄢𑄨 𑄛𑄬𑄣𑄬𑄃𑄮 𑄇𑄨 𑄃𑄨𑄠𑄚𑄨 𑄉𑄧𑄢𑄨 𑄚𑄧 𑄛𑄢𑄬 𑄚𑄇𑄨।,.তরকারি পেলে কি এগুলো করতে পারে না?
𑄝𑄋𑄮𑄘𑄨 𑄎𑄟𑄬𑄝𑄮𑄢𑄴 𑄊𑄧𑄢𑄧 𑄛𑄪𑄉𑄬𑄘𑄨 𑄝𑄧𑄢𑄴 𑄗𑄧𑄣𑄴 𑄙𑄚𑄴𑄞𑄪𑄃𑄨 𑄃𑄳𑄦 𑄟𑄪𑄢𑄮।,বাঁশের বো দিে ব ব ধান ব করছে
"𑄟𑄪𑄢𑄮𑄖𑄴 𑄦𑄧𑄣𑄮𑄘𑄴, 𑄃𑄘, 𑄃𑄚𑄥𑄴 𑄦𑄧𑄠𑄴 𑄘𑄬𑄘𑄢𑄴।","পাহাে হেছে আদা,আনি হ অনেক"
𑄙𑄚𑄴 𑄞𑄪𑄃𑄨𑄠𑄮𑄖𑄴 𑄃𑄬𑄇𑄴𑄇 𑄃𑄬𑄇𑄴𑄇 𑄇𑄎𑄬𑄃𑄨 𑄙𑄚𑄴 𑄣𑄉𑄬𑄣𑄬 𑄝𑄧𑄣𑄨𑄉𑄧𑄢𑄨 𑄃𑄪𑄙𑄬।,ধানের জমিতে একটু একটু করে ধান লাগালে বলিা উঠে
"𑄟𑄪𑄢𑄮𑄖𑄴 𑄉𑄟𑄢𑄨, 𑄥𑄬𑄉𑄪𑄚𑄴, 𑄃𑄟𑄴, 𑄇𑄖𑄴𑄖𑄮𑄣𑄴, 𑄣𑄨𑄎𑄪 𑄃𑄚𑄥𑄴 𑄝𑄉𑄚𑄴 𑄉𑄧𑄢𑄨 𑄛𑄢𑄴𑄣𑄬 𑄖𑄬𑄋 𑄃𑄪𑄚𑄮 𑄚𑄧 𑄗𑄠𑄴।","পাহাের গাি,সেগুন,আম,কাঁঠাল,লিজু আনার বাগান করলে টাকা উঠে না"
𑄞𑄬𑄃𑄨𑄘𑄮 𑄝𑄉𑄚𑄴 𑄉𑄧𑄢𑄨𑄚𑄬 𑄉𑄨𑄢𑄨𑄖𑄴 𑄖𑄨 𑄜𑄨𑄢𑄬𑄠𑄮𑄚𑄴।,ভো বাগান করে সে ফিরে
"𑄛𑄮 - 𑄍 𑄛𑄧𑄢𑄘𑄧𑄚𑄴, 𑄌𑄉𑄪𑄢𑄨 𑄙𑄧𑄢𑄨𑄘𑄮𑄚𑄴।","ছেলে- ছাা পা,চামা ধরে"
"𑄈𑄣𑄨𑄇𑄴 𑄝𑄚 𑄣𑄉𑄬 - 𑄖𑄬𑄋 𑄝𑄧𑄣𑄴, 𑄇𑄟𑄧 𑄝𑄧𑄣𑄴, 𑄟𑄧𑄚𑄧 𑄝𑄧𑄣𑄴।","খালিক শুধু লাগে-টাকা বল,কাজ বল, মন বল"
𑄺.,"৪, ৪"
𑄖𑄬𑄟𑄴 𑄟𑄋𑄬 𑄎𑄧𑄢 𑄚𑄧 𑄝𑄧𑄘𑄬।,তেমার পাে জো লাগে না
𑄥𑄃𑄧𑄎𑄬 𑄚𑄧 𑄙𑄧𑄢𑄬।,১. সাা ধরে না ২. সাা ধরা
𑄝𑄋𑄮𑄘𑄨 𑄥𑄮𑄢𑄴 𑄝𑄮 𑄃𑄬𑄇𑄴 𑄇𑄧𑄎𑄚𑄴 𑄟𑄧𑄚𑄴 𑄘𑄧𑄢𑄧 𑄉𑄧𑄢𑄨 𑄘𑄳𑄠𑄬।,ব্যাঙটা এক কেজি মন ভ করে দিল
𑄝𑄋𑄮𑄘𑄨𑄘𑄊𑄨 𑄢𑄋𑄟𑄖𑄳𑄠𑄬 𑄉𑄬𑄣𑄬 𑄖𑄪𑄋𑄴𑄛𑄪𑄘𑄨 𑄟- 𑄝𑄝𑄧𑄖𑄴 𑄖𑄪𑄚𑄴 𑄝𑄪𑄘𑄴 𑄙𑄨 𑄣𑄧𑄚𑄴।,বাঙিবাঙি লালমািতে গেলে তুংপুং করে মা বাতাস নিে যা
𑄃𑄬𑄚𑄬 𑄃𑄬𑄚𑄬 𑄝𑄋𑄮𑄘𑄨 𑄥𑄮𑄢𑄴𑄝𑄮 𑄘𑄧𑄥𑄴 𑄦𑄎𑄢𑄴 𑄖𑄬𑄋 𑄚𑄨𑄉𑄨𑄣𑄬𑄃𑄨 𑄘𑄨𑄣𑄧।,এনে এনে বামে দশ হাজার টাকা নিে দিল
"𑄏𑄢𑄴 𑄇𑄝𑄨𑄚𑄬 𑄃𑄚𑄥𑄴 𑄌𑄢, 𑄉𑄟𑄢𑄨 𑄌𑄢 𑄣𑄉𑄬𑄃𑄨 𑄌𑄬𑄣𑄇𑄴।","জঙ্গল কেটে আনা চারা,গামারি চারা লাগে"
"𑄘𑄨 𑄇𑄚𑄨 𑄟𑄪𑄣𑄧 𑄦𑄧𑄣𑄮𑄘𑄴, 𑄃𑄘 𑄣𑄉𑄬𑄃𑄨 𑄘𑄨𑄣𑄇𑄴।","দুই কানি হলুদ হেছে, আদা লাগেই দিল"
𑄃𑄧𑄇𑄴 𑄖𑄧 𑄃𑄧𑄇𑄴 𑄖𑄧 𑄥𑄨𑄠𑄚𑄨 𑄌𑄬𑄘𑄧𑄚𑄴 - 𑄌𑄬𑄢𑄬𑄌𑄴𑄖 𑄉𑄧𑄢𑄧𑄚𑄴 𑄃𑄳𑄦 𑄃𑄬𑄇𑄴𑄇 𑄎𑄪 𑄛𑄬𑄣𑄬 𑄢𑄋𑄟𑄖𑄳𑄠𑄬 𑄡𑄚𑄴।,বেশি তোমার সেগুলো ব্যবহার করো -চারামোচা করে রাঙামাটিতে যাও
𑄘𑄨 𑄃𑄬𑄇𑄴𑄘𑄨𑄚𑄴 𑄗𑄬𑄃𑄨 𑄜𑄨𑄢𑄨 𑄃𑄬𑄎𑄧𑄚𑄴।,দুই একদিন থাকার পর ফিরে আসে
𑄃𑄨𑄚𑄴𑄘𑄨 𑄝𑄋𑄮𑄘𑄨 𑄚𑄬𑄇𑄴𑄇𑄮 𑄈𑄧𑄌𑄴𑄈𑄧𑄎 𑄙𑄧𑄢𑄴𑄣𑄧।,এখানে বাঁশটা খসখোসা ধরলো
𑄖𑄬𑄋 𑄍𑄢 𑄌𑄉𑄪𑄢𑄨 𑄇𑄬𑄚𑄬!,টাকা ছাানো কুকুর কেন!
𑄌𑄬𑄢𑄴 - 𑄛𑄌𑄴 𑄣𑄇𑄴 /𑄈𑄴 𑄖𑄬𑄋 𑄎𑄪𑄉𑄮𑄣𑄧𑄚 𑄇𑄨 𑄃𑄬𑄘𑄧𑄇𑄴 𑄃𑄪𑄌𑄴𑄌𑄮 ।,চে পাঁচ টাকা/খাওা কি এত উঁচুতে
𑄎𑄬𑄢𑄬 𑄚𑄧 𑄦𑄧𑄝𑄧 𑄙𑄧𑄢𑄨 𑄣𑄪𑄠 𑄦𑄧𑄣𑄧।,.শেষ হবে না ধরে নিে গেল
𑄝𑄉𑄚𑄧 𑄇𑄬𑄖𑄳𑄠 𑄟𑄧𑄚𑄚𑄴 𑄝𑄬𑄌𑄴 𑄘𑄳𑄠𑄬 𑄛𑄧𑄢𑄴𑄣𑄧।,বাগানের কেত দিে মনটা ভালো হেছে
"𑄃𑄊𑄪𑄚𑄴 - 𑄛𑄪𑄌𑄴𑄟𑄥𑄴 𑄃𑄘, 𑄦𑄧𑄣𑄮𑄘𑄴 𑄝𑄨𑄎𑄨 𑄉𑄪𑄣𑄮𑄘𑄧𑄇𑄴 𑄖𑄬𑄋 𑄦𑄘𑄧𑄖𑄴 𑄃𑄬𑄣𑄬 𑄃𑄢𑄧 𑄝𑄉𑄚𑄴 𑄝𑄢 𑄙𑄧𑄢𑄴𑄣𑄇𑄴।","আগুন - পোকামাকের আদা,হলো বিে কিছু টাকা হাতে আসলে আর বাগান বাি ধরে"
𑄌𑄬𑄢𑄴 𑄝𑄧𑄏𑄧𑄢𑄧 𑄟𑄙𑄖𑄴 𑄃𑄚𑄥𑄴 𑄝𑄉𑄚𑄴𑄃𑄮 𑄃𑄬𑄇𑄴𑄇 𑄖𑄬𑄋 𑄟𑄪 𑄘𑄬𑄊 𑄛𑄬𑄣𑄇𑄴।,চ বছর মাথা আনা গাছটাও একটু দেখতে পেলাম
"𑄝𑄧𑄏𑄧𑄢𑄬 𑄝𑄧𑄏𑄧𑄢𑄬 𑄃𑄘, 𑄦𑄧𑄣𑄮𑄘𑄴, 𑄃𑄚𑄌𑄴 𑄝𑄉𑄚𑄴 𑄝𑄢 𑄙𑄧𑄢𑄴𑄣𑄧।",".বছরে আদা, হলুদ,আনিা বাগান বাি ধরলো"
𑄃𑄪𑄚𑄴𑄘𑄨 𑄉𑄏𑄧 𑄝𑄉𑄚𑄴𑄠𑄮 𑄃𑄬𑄇𑄴𑄘𑄊𑄨 𑄝𑄧𑄣𑄨𑄉𑄧𑄢𑄨 𑄃𑄪𑄙𑄧 𑄙𑄧𑄎𑄳𑄠 𑄃𑄳𑄦 𑄝𑄢 𑄙𑄧𑄎𑄳𑄠।,উন্দু গাছের বাগানও একবার বলীে উঠেছে
𑄎𑄬𑄢𑄬 𑄘𑄨 𑄃𑄬𑄇𑄴𑄎𑄧𑄚𑄴 𑄉𑄞𑄪𑄢𑄴𑄃𑄮 𑄢𑄉𑄬𑄝𑄢𑄴 𑄉𑄧𑄢𑄧𑄌𑄴 𑄛𑄧𑄢𑄴𑄧𑄣𑄧।,. ফলে দুইজনে রাগ করতেছে।
𑄃𑄬𑄇𑄴 𑄘𑄨𑄚𑄴 𑄝𑄋𑄮𑄘𑄨 𑄛𑄮𑄣𑄳𑄠𑄬 𑄛𑄮 𑄈𑄣𑄥𑄴 𑄉𑄧𑄢𑄨𑄝𑄖𑄳𑄠𑄬 𑄢𑄋𑄟𑄖𑄳𑄠𑄬 𑄡𑄬𑄃𑄨 𑄗𑄨𑄘𑄧 𑄦𑄮𑄃𑄨 𑄛𑄬𑄣𑄧।,এক দিন বাঙি পোলা ছেলে খালাস করতে গিয়ে রাঙামাটিতে যে স্থির হেছে
𑄖𑄨𑄚𑄴𑄟𑄥𑄴 𑄣𑄉𑄨𑄝𑄧 𑄓𑄇𑄴𑄖𑄧𑄢𑄬 𑄙𑄧𑄌𑄴 𑄘𑄨𑄣𑄇𑄴।,তিন মাস লাগবে কুকুরটাকে ডাকতে
𑄛𑄨𑄏𑄬𑄧𑄨 𑄊𑄧𑄢𑄧𑄖𑄴 𑄇𑄬𑄚𑄬 𑄃𑄢𑄴 𑄡𑄬𑄝𑄧।,পিঁিে বািতে আবার যেতে হবে
𑄃𑄨𑄇𑄴𑄇𑄪 𑄗𑄢𑄴𑄠𑄮 𑄝 𑄇𑄪𑄘𑄪 𑄙𑄧𑄢𑄬।,একজন তাাতাি বা কুা ধরে
𑄢𑄌𑄴𑄝𑄢𑄨𑄖𑄴 𑄃𑄬𑄇𑄴𑄇𑄚𑄴 𑄊𑄧𑄢𑄴 𑄞𑄢 𑄣𑄧𑄣𑄇𑄴।,সূর্য ডোবার সম একটি বাি ভরা হ
"𑄖 𑄥𑄪𑄢𑄨, 𑄚𑄧𑄚𑄧𑄚𑄴 𑄃𑄳𑄦 𑄎𑄟𑄬𑄝𑄮 𑄗𑄚𑄴।","তার সুতা,নুনটা লেগে থাকে"
𑄖 𑄎𑄟𑄬𑄝𑄮 𑄃𑄧𑄇𑄴𑄖𑄧 𑄃𑄧𑄇𑄴𑄖𑄧 𑄊𑄧𑄢𑄧𑄖𑄴 𑄡𑄬𑄃𑄨 𑄌𑄬𑄢𑄴 - 𑄛𑄌𑄴𑄘𑄨𑄚𑄴 𑄗𑄬𑄃𑄨 𑄃𑄢𑄧 𑄃𑄬𑄎𑄬𑄉𑄮𑄃𑄨।,তার জামাটি অনেক ব বািে - পাঁচদিন থাকে আর আসে
𑄃𑄨𑄠𑄚𑄴 𑄚𑄧𑄃𑄨 𑄎𑄬𑄚𑄬 𑄖𑄢𑄴 𑄃𑄪𑄘𑄧𑄚𑄴 𑄘𑄨 𑄛𑄧𑄖𑄴𑄗𑄚𑄴 𑄈𑄪𑄣𑄨 𑄘𑄨𑄣𑄧।,.এটা না জেনে তার পুরো পথ বন্ধ করে দিল
𑄖𑄨𑄚𑄴𑄟𑄥𑄴 𑄎𑄬𑄢𑄬 𑄉𑄪𑄢𑄮 𑄈𑄣𑄌𑄴 𑄦𑄧𑄣𑄧।,তিন মাস পর বাচ্চা হলো
𑄟𑄧𑄢𑄧𑄖𑄴 𑄛𑄮।,ছেলে ছেলে
𑄝𑄬𑄉𑄬 𑄃𑄪𑄌𑄴𑄌𑄮।,"দ্রুত বর্ধনশীল, দ্রুত"
𑄖 𑄥𑄮𑄢𑄴𑄝𑄮 𑄈𑄪𑄏𑄨 𑄦𑄮𑄃𑄨 𑄢𑄋𑄟𑄖𑄳𑄠𑄬 𑄘𑄧𑄟𑄧𑄥𑄧𑄟𑄧𑄉𑄧𑄢𑄨 𑄇𑄮𑄎𑄬𑄃𑄨 𑄛𑄚𑄨 𑄉𑄧𑄢𑄨 𑄘𑄨𑄣𑄧।,.তার পাখানা হে রংধনুর মতো পানি করে দিল।
𑄃𑄢𑄧 𑄌𑄬𑄃𑄨𑄢𑄴 𑄟𑄥𑄴 𑄢𑄧𑄣𑄇𑄴।,"এক জাতী বুনো ফল, যা সবজি হিসেবে ব্যবহৃত হ"
𑄊𑄧𑄢𑄧𑄖𑄴 𑄜𑄨𑄢𑄨 𑄡𑄬𑄝𑄢𑄴 𑄟𑄧𑄚𑄴 𑄗𑄨𑄘𑄧 𑄉𑄧𑄢𑄨𑄝𑄢𑄴 𑄌𑄘𑄧𑄚𑄴।,বািতে ফিরে যাওা মনে হ
𑄃𑄳𑄠𑄬𑄚𑄴 𑄃𑄬𑄇𑄴𑄘𑄨𑄚𑄴 𑄝𑄋𑄮𑄘𑄨 𑄎𑄟𑄬𑄝𑄮 𑄊𑄧𑄢𑄧𑄖𑄴𑄖𑄪𑄚𑄴 𑄃𑄬𑄣𑄧।,.ওইটা একদিন ব্যাঙের বাসা থেকে বের হে আসলো
𑄖𑄬 𑄇𑄧𑄣𑄧𑄉𑄨 - 𑄇𑄬𑄣𑄳𑄠𑄬 𑄔𑄉𑄖𑄴 𑄡 𑄛𑄧𑄢𑄨𑄝𑄧।,সে কলকি-কলকি গ্রামে যেতে হবে
𑄝𑄋𑄮𑄘𑄨 𑄇𑄧𑄣𑄧 - 𑄃 𑄇𑄨𑄠।,বাঁশের কলা - আা
𑄝𑄋𑄮𑄘𑄨 𑄎𑄟𑄬𑄝𑄮 𑄇𑄧𑄣𑄧 - 𑄞𑄣𑄧𑄇𑄴𑄘𑄨𑄚𑄴 𑄦𑄧𑄣𑄧 𑄃𑄬𑄇𑄴𑄇𑄚𑄴 𑄌𑄉𑄪𑄢𑄨 𑄘𑄧𑄢𑄴𑄈𑄌𑄴𑄖𑄧 𑄘𑄮𑄋𑄴𑄉𑄬।,ব্যাঙটা কল - অনেক দিন হলো একটি কুকুর দৌাচ্ছে
𑄥𑄨𑄠𑄚𑄴 𑄛𑄧𑄢𑄨𑄇𑄴𑄈𑄬 𑄘𑄨𑄝𑄢𑄴 𑄛𑄪𑄢𑄴 𑄛𑄧𑄎𑄳𑄠𑄬 𑄘𑄬।,.সেটা পরীক্ষা দিতে দিতে ক্লান্ত হেছে।
𑄝𑄋𑄮𑄘𑄨 𑄇𑄧𑄣𑄧 - 𑄌𑄉𑄪𑄢𑄨।,বাঁশের কঞ্চি/চামা
𑄝𑄋𑄮𑄘𑄨 𑄎𑄟𑄬𑄝𑄮 𑄇𑄧𑄣𑄧 - 𑄢𑄮𑄓𑄴 𑄓𑄨𑄞𑄨𑄥𑄧𑄚𑄧 𑄌𑄉𑄪𑄢𑄨।,ব্যাঙের মতো দেখতে এক জাতী কুকুর
𑄝𑄋𑄮𑄘𑄨 𑄇𑄧𑄣𑄧 - 𑄃 𑄟𑄧𑄢𑄬 𑄘𑄧 𑄃𑄬𑄇𑄴𑄉𑄬𑄘𑄠𑄮 𑄚𑄧 𑄇𑄧𑄌𑄴।,ব্যাঙের কল - আমি একটুও কথা বলি না
𑄚𑄧 𑄇𑄧𑄋𑄴𑄉𑄬 𑄦𑄧𑄝𑄧𑄚𑄨 𑄚𑄧 𑄦𑄧𑄝𑄧 𑄥𑄬𑄖𑄳𑄠𑄬 - 𑄝𑄋𑄮𑄘𑄨 𑄎𑄟𑄬𑄝𑄮 𑄎𑄮𑄝𑄴 𑄘𑄨𑄣𑄧।,না বলে হবে না সে-বাঙি মেেটা জো দিল
𑄝𑄋𑄮𑄘𑄨 𑄎𑄚𑄬 𑄃𑄬 𑄘𑄨𑄚𑄮𑄖𑄴 𑄥𑄧𑄢𑄴𑄇𑄢𑄨 𑄌𑄉𑄪𑄢𑄨 𑄛𑄚 𑄇𑄨 𑄃𑄊𑄖𑄳𑄠𑄬।,বাঁশ দিে এই দিনে সার কুকুর পাওা কি আঘাত করেছে
𑄞𑄬𑄃𑄨𑄘𑄮 𑄌𑄉𑄪𑄢𑄨𑄢𑄴 𑄛𑄧𑄢𑄨𑄇𑄴𑄈𑄬 𑄦𑄧𑄠𑄴।,ভো কুকুরটি পরীক্ষা উত্তীর্ণ হ
𑄈𑄣𑄨𑄇𑄴 𑄌𑄉𑄪𑄢𑄨 𑄟𑄚𑄴𑄎𑄮𑄢𑄴 𑄇𑄧𑄟𑄴 𑄦𑄧𑄠𑄴।,খালি জমি কম হ
𑄌𑄉𑄪𑄢𑄨 𑄠𑄚𑄴 𑄛𑄬𑄣𑄬 𑄇𑄧𑄝𑄣𑄧𑄖𑄴 𑄎𑄬𑄚𑄬 𑄏𑄨𑄉𑄬 𑄜𑄪𑄣𑄴 𑄜𑄪𑄘𑄨𑄝𑄧।,চূা-পাহাি পেলে কপাটে গিে ফুল হবে
𑄈𑄣𑄨𑄇𑄴 𑄖𑄢𑄴 𑄎𑄬 𑄞𑄧𑄖𑄴 𑄖𑄨 𑄦𑄧𑄚 𑄥𑄨𑄠𑄚𑄴 𑄘𑄧 𑄦𑄮𑄟𑄴 𑄦𑄮𑄟𑄴 𑄉𑄧𑄢𑄨 𑄘𑄧 𑄃𑄬𑄝𑄧 𑄚𑄧 𑄦𑄧𑄠𑄴।,খালি পেটে তার যে ভ হ সেটা তো আর হ না
𑄟𑄧𑄚𑄬 𑄟𑄧𑄚𑄬 𑄥𑄃𑄧𑄌𑄴 𑄝𑄚𑄨𑄣𑄧 𑄎𑄬𑄚𑄬 𑄥𑄬𑄚𑄬 𑄞𑄧𑄖𑄴 𑄖𑄨 𑄦𑄮𑄃𑄨 𑄛𑄧𑄢𑄨𑄇𑄴 𑄈𑄬 𑄦𑄧𑄣𑄬 𑄘𑄨𑄟𑄴।,.মনে হ মনে শাক বুনলো শুনে ভে তেতো হে পাঠিে দিবো
𑄖 𑄇𑄬𑄣𑄳𑄠𑄬 𑄝𑄬𑄚𑄳𑄠𑄬 𑄝𑄋𑄮𑄘𑄨 𑄎𑄟𑄬𑄝𑄮 𑄔𑄉𑄖𑄴 𑄣𑄧𑄢𑄴 𑄘𑄨𑄣𑄧।,তার বেল্টটা বো নিে গেল
"𑄥𑄮𑄢𑄨-𑄝𑄮𑄠𑄬 𑄞𑄬𑄃𑄨𑄘𑄮 𑄇𑄧𑄘, 𑄥𑄧𑄣𑄴𑄣 𑄉𑄧𑄢𑄴𑄣𑄇𑄴।",সুি-বুি ভাই-বোনের মতো কথা বলে
𑄃𑄬𑄇𑄴𑄇𑄚𑄴 𑄎𑄧𑄢 𑄝𑄪𑄘𑄨𑄣𑄬 𑄃𑄢𑄧 𑄃𑄬𑄇𑄴 𑄇𑄚𑄴 𑄎𑄧𑄢 𑄚𑄧 𑄝𑄧𑄘𑄬।,একটি ব্যাধিাক্রান্ত হইলে আর কান ব্যাথা করে না
𑄇𑄨 𑄉𑄧𑄢𑄨𑄝𑄢𑄴 𑄥𑄨𑄠𑄚𑄴 𑄗𑄨𑄘𑄧 𑄉𑄧𑄢𑄨 𑄚𑄧 𑄛𑄢𑄴𑄣𑄇𑄴।,কি কষ্ট সেটা সহ্য করতে পারলাম না
𑄻.,"১,৫,৫"
𑄜𑄧𑄢𑄈𑄪𑄣𑄧 𑄃.𑄃𑄬. 𑄛𑄥𑄴 𑄉𑄧𑄢𑄨 𑄔𑄉𑄖𑄴 𑄞𑄧𑄖𑄴𑄖𑄨 𑄦𑄧𑄠𑄴।,. ফরাকটা শুধু মাটিতে পে
𑄗𑄬𑄘𑄧 𑄔𑄉𑄖𑄴 𑄎𑄧𑄉𑄧𑄚𑄴𑄚𑄗𑄴 𑄦𑄧𑄣𑄧𑄖𑄴।,পাহাের পাশে জগন্নাথ হল
𑄦𑄧𑄣𑄧𑄖𑄴 𑄛𑄮𑄉𑄪𑄚𑄬 𑄚𑄧 𑄛𑄧𑄢𑄧𑄚𑄴।,হলুদ পোকাগুলো পতেছে না
"𑄖𑄥𑄴𑄈𑄢, 𑄘𑄝𑄈𑄢 𑄈𑄮𑄃𑄨 𑄈𑄮𑄃𑄨 𑄗𑄚𑄴।","তাস খেলা, দৌাদৌি করে থাকা"
𑄃𑄬𑄇𑄴 𑄘𑄊𑄨𑄠𑄬 𑄝𑄚 𑄇𑄬𑄣𑄎𑄧𑄖𑄴 𑄡𑄚𑄴 𑄃𑄳𑄦 𑄃𑄬𑄎𑄧𑄚𑄴।,এক দিে শুধু কাজে যাওা যা
𑄛𑄧𑄢𑄨𑄇𑄴𑄈𑄬 𑄣𑄧𑄇𑄴𑄈𑄬 𑄖𑄢𑄢𑄴 𑄙𑄪𑄝𑄮𑄙𑄪𑄝𑄨 𑄛𑄧𑄢𑄬।,পরিক্ষার্থীরা পরীক্ষা উত্তীর্ণ হতে হ
𑄜𑄧𑄢𑄈𑄪𑄣𑄧 𑄖𑄢𑄢𑄴𑄣𑄮𑄃𑄨 𑄟𑄨𑄣𑄬 𑄇𑄧𑄟𑄴।,ফোঁা বা ফোঁা দিে মেেরা কম
𑄝𑄧𑄃𑄨 𑄛𑄧𑄢𑄬।,বই পা
𑄚𑄨𑄣𑄴𑄈𑄬𑄘𑄧𑄖𑄴𑄖𑄪𑄚𑄴 𑄛𑄪𑄢𑄮𑄚𑄴 𑄝𑄧𑄃𑄨 𑄖𑄮𑄉𑄬 𑄖𑄮𑄉𑄬 𑄇𑄨𑄚𑄬।,সূর্য ডোবার সম পুরনো বই তাাতাি কিনে
𑄌𑄪𑄌𑄳𑄠𑄬𑄋𑄴 𑄝𑄝𑄪𑄣𑄮𑄃𑄨 𑄃𑄮 𑄖𑄢𑄴 𑄇𑄮𑄌𑄴 𑄛 𑄛𑄨 𑄚𑄬𑄃𑄨।,চূা দিে ও তার কাপ পিে নেই
𑄖𑄬 𑄚𑄨𑄖𑄳𑄠𑄧 𑄟𑄧𑄚𑄧𑄖𑄴 𑄢𑄊𑄠𑄴 𑄟𑄌𑄴𑄖𑄧𑄢𑄧 𑄛𑄮।,সে মনে মনে রেছে মাছের বাচ্চা
𑄃𑄧𑄚𑄳𑄠𑄧 𑄝𑄝𑄧𑄖𑄳𑄠𑄉𑄧𑄢𑄨 𑄖𑄢𑄴 𑄌𑄧𑄣𑄚 𑄉𑄧𑄟𑄴 𑄚𑄧𑄠𑄴।,.অন্যের সাথে তার চলা ভালো না
𑄘𑄨 𑄃𑄬𑄇𑄴𑄎𑄧𑄚𑄴𑄘𑄮𑄃𑄨 𑄖𑄢𑄢𑄴 𑄉𑄧𑄟𑄴 𑄟𑄨𑄣𑄬𑄟𑄨𑄣𑄨।,দুটি একনাগাে তাদের ভালো মেে
𑄚𑄨𑄖𑄳𑄠𑄧 𑄇𑄧𑄘 𑄇𑄪𑄃𑄧 𑄇𑄨।,.নিঃশব্দ কথা কী?
𑄝𑄧𑄃𑄨 𑄚𑄨𑄚𑄬 𑄖𑄢𑄢𑄴 𑄇𑄧𑄘 𑄇𑄪𑄃𑄧𑄇𑄨।,বই নিে তাদের কথা
𑄝𑄬𑄉𑄬 𑄇𑄧𑄚𑄴 - 𑄖𑄢 𑄛𑄧𑄖𑄴𑄗𑄚𑄴𑄠𑄮𑄃𑄨 𑄒𑄨𑄇𑄴।,দ্রুত বলে - তাদের পথেও ঠিক
𑄖𑄢𑄢𑄴 𑄃𑄢𑄧 𑄃𑄪𑄌𑄴𑄌𑄮𑄛𑄪𑄇𑄴 𑄃𑄪𑄙𑄬।,তারা আরও উঁচুতে উঠতেছে
𑄃𑄬𑄚𑄬 𑄃𑄬𑄚𑄬 𑄜𑄧𑄢𑄈𑄪𑄣𑄧𑄢𑄴 𑄛𑄮𑄣𑄳𑄠𑄬 𑄝𑄧𑄏𑄧𑄢𑄴 𑄗𑄪𑄟𑄴 𑄦𑄧𑄘𑄬 𑄚𑄧 𑄦𑄧𑄘𑄬 𑄃𑄬𑄇𑄴𑄇𑄚𑄴 𑄌𑄮𑄊𑄮𑄖𑄴 𑄛𑄧𑄢𑄬 𑄛 𑄝𑄧𑄘𑄧𑄣𑄧𑄚 𑄦𑄮𑄃𑄨 𑄉𑄬𑄣𑄧।,. এনে এনে পলিথিনের খুঁটিে বছর শেষ হে গেল
𑄜𑄧𑄢𑄈𑄪𑄣𑄧 𑄟𑄧𑄚𑄧𑄖𑄴 𑄝𑄚𑄨𑄣𑄧-𑄟𑄪𑄃𑄨 𑄛𑄢𑄧𑄋𑄴।,.ফাঁদটা মনে পলো-আমি পারি
𑄘𑄨𑄚𑄬 𑄘𑄨𑄚𑄬 𑄖𑄢𑄴 𑄥𑄃𑄧𑄌𑄴𑄌𑄚𑄴 𑄝𑄢𑄨 𑄡 𑄙𑄧𑄢𑄴𑄣𑄧।,দিনে দিনে তার সাাটা বারি যা
𑄥𑄬𑄇𑄬𑄚𑄴𑄓𑄴 𑄃𑄨𑄠𑄢𑄴 𑄛𑄧𑄢𑄨𑄇𑄴 𑄈𑄬 𑄘𑄨 𑄖𑄬 𑄊𑄧𑄢𑄧𑄖𑄴 𑄜𑄨𑄢𑄬𑄢𑄴।,সেকেন্ড ইার পা খেে সে বািতে ফিরে
𑄖 𑄛𑄨𑄏𑄬𑄃𑄨 𑄖𑄪𑄋𑄴𑄛𑄪𑄘𑄨 𑄟𑄘𑄊𑄨𑄃𑄨𑄘𑄪 𑄃𑄪𑄙𑄨 𑄈𑄧𑄝𑄧𑄢𑄴 𑄛𑄬𑄣𑄧 - 𑄖 𑄝𑄋𑄮𑄘𑄨 𑄝𑄬𑄃𑄨𑄘𑄊𑄨 𑄢𑄌𑄴 𑄝𑄢𑄨 𑄃𑄊𑄧𑄚𑄴𑄘𑄨।,তার পরে পাহাের পাহািটা খবর পেল - তার বািটা বেে রেছে
𑄖 𑄛𑄨𑄏𑄬𑄃𑄨𑄘𑄊𑄨𑄣𑄮𑄃𑄨 𑄉𑄧𑄟𑄴 𑄃𑄪𑄘𑄧𑄚𑄴 - 𑄝𑄧𑄎𑄧𑄚𑄴।,তার অভ্যাসে ভালো উঠে-বজন
𑄖𑄖𑄴 𑄖𑄪𑄚𑄴 𑄥𑄨𑄘𑄪 𑄝𑄬𑄢𑄬𑄝𑄢𑄴 𑄃𑄃𑄮𑄌𑄴 𑄦𑄧𑄣𑄧।,.তার তুনটা সেখানে বোনোর সম হলো।
𑄈𑄣𑄨𑄇𑄴 𑄚𑄧 𑄉𑄬𑄣𑄧।,১. খালি থাকল না ২. খালি থাকল না
𑄖 𑄇𑄬𑄣𑄳𑄠𑄬 𑄝𑄬𑄚𑄳𑄠𑄬 𑄣𑄧𑄚𑄴𑄌𑄧𑄖𑄴 𑄉𑄧𑄢𑄨 𑄊𑄧𑄢𑄧𑄖𑄴 𑄣𑄧𑄢𑄴 𑄘𑄨𑄣𑄧।,তার কেলা বো করে বািতে নিে গেল
𑄼.,১. ৬. ৬
"𑄖𑄧𑄣𑄬 𑄇𑄇𑄴𑄈𑄧𑄚𑄴 𑄃𑄢𑄴 𑄝𑄮𑄃𑄨 𑄗𑄬𑄃𑄨 𑄛𑄢𑄬, 𑄇𑄬𑄝𑄨𑄚𑄧𑄖𑄴 𑄃𑄪𑄙𑄨 𑄛𑄚𑄨 𑄖𑄟𑄴 𑄎 𑄢𑄨𑄚𑄨 𑄌𑄢𑄴।",".নিচে কাক আরও থাকতে পারে,বেঁচে থাকা পানি ছেে যাওা যা"
"𑄓𑄪𑄝𑄪𑄢𑄨, 𑄟𑄳𑄦𑄢𑄋𑄠𑄪𑄚𑄴 𑄛𑄚𑄨𑄖𑄴 𑄓𑄪𑄝𑄨 𑄓𑄪𑄝𑄨 𑄒𑄪𑄘𑄮𑄖𑄴 𑄟𑄌𑄴 𑄇𑄟𑄬𑄢𑄬𑄃𑄨 𑄘𑄪𑄢𑄮𑄖𑄴 𑄃𑄪𑄢𑄨 𑄡𑄘𑄧𑄚𑄴।","ডুবুরি, মাছরাঙারা পানিতে ডুবিে ডুবিে কাজ করতেছে"
𑄝𑄮𑄠𑄬𑄢𑄬 𑄛𑄚𑄨 𑄙𑄬𑄛𑄴𑄛𑄢𑄴 𑄃𑄳𑄦 𑄛𑄢𑄧𑄖𑄴 𑄝𑄢𑄨 𑄈𑄢𑄴।,.বকে পানির বন্যা খা
𑄌𑄨𑄚𑄴𑄛𑄧𑄌𑄴𑄎𑄧 𑄃𑄬𑄇𑄴𑄎𑄧𑄚𑄴𑄃𑄮 𑄚𑄬𑄃𑄨।,চেনা একজনও নেই
𑄟𑄧𑄚𑄚𑄴 𑄥𑄬𑄖𑄳𑄠𑄬 𑄉𑄪𑄟𑄮𑄢𑄴।,মন খারাপ হেছে এমন
𑄃𑄬 𑄛𑄧𑄙𑄬 𑄃𑄬𑄖𑄴 𑄖𑄬 𑄡𑄘𑄬 𑄇𑄧𑄟𑄴 𑄉𑄬𑄘𑄃𑄨 𑄌𑄨𑄚𑄴𑄛𑄧𑄌𑄴𑄎𑄧 𑄟𑄚𑄪𑄌𑄴 𑄣𑄇𑄴 𑄛𑄨𑄠𑄬।,এই পথে সে অনেক ভালো মানুষ দেখতেছে
𑄃𑄬𑄌𑄳𑄠𑄬 𑄃𑄮 𑄥𑄨𑄠𑄚𑄴 𑄦𑄧𑄝𑄧 𑄙𑄧𑄢𑄨 𑄣𑄪𑄠𑄬।,আসা যাওা হবে ধরে নিে গেছে
𑄃𑄘𑄬𑄇𑄳𑄠𑄬𑄉𑄧𑄢𑄨 𑄇𑄬𑄝𑄨𑄚𑄧 𑄎𑄚𑄣 𑄟𑄮𑄇𑄳𑄠𑄬 𑄌𑄮𑄇𑄴𑄇𑄪𑄚𑄴/𑄈𑄪𑄚𑄴 𑄉𑄬𑄣𑄇𑄴।,আদেগাি কেবিনের জানালাটা মোে গেল
𑄌𑄮𑄇𑄴𑄇𑄪𑄚𑄴/𑄈𑄪𑄚𑄴 𑄜𑄨𑄢𑄬 𑄚𑄧 𑄛𑄢𑄴𑄣𑄧।,চোখের পলক ফেলতে পারে না
𑄘𑄨 𑄟𑄠𑄴𑄏𑄨 𑄝𑄮𑄃𑄨 𑄃𑄊𑄧𑄚𑄴।,দুই মাি বই আছে
𑄖𑄢𑄬 𑄊𑄧𑄚𑄧 𑄊𑄧𑄚𑄧 𑄢𑄨𑄚𑄨 𑄌𑄘𑄧𑄚𑄴।,তাকে ঘন ঘন চোখের পলক ফেলতে হ
𑄝𑄪𑄢𑄮𑄝𑄮 𑄗𑄟𑄨 𑄛𑄨𑄚𑄳𑄠𑄬 𑄃 𑄉𑄞𑄪𑄢𑄨 𑄥𑄬𑄣𑄮𑄠𑄢𑄴 - 𑄇𑄟𑄨𑄌𑄴 𑄛𑄨𑄚𑄳𑄠𑄬।,বুোটা থামিে আছে - কামি পে
𑄉𑄞𑄪𑄢𑄨 𑄇𑄧𑄣𑄬𑄎𑄧𑄖𑄴 𑄛𑄧𑄢𑄬 𑄝𑄨𑄣𑄨 𑄙𑄧𑄢𑄨 𑄣𑄧𑄣𑄧।,লাঠি দিে লাফিে নিল
𑄌𑄠𑄴𑄘𑄬 𑄉𑄞𑄪𑄢𑄨𑄠𑄮 𑄖 𑄇𑄬𑄃𑄨𑄖𑄴 𑄢𑄨𑄚𑄨 𑄌𑄬𑄃𑄨 𑄃𑄊𑄬।,চাা দো গািেও তার কান্না দেখিে আছে
𑄜𑄧𑄢𑄈𑄪𑄣𑄧 𑄟𑄪𑄠𑄚𑄴 𑄌𑄨𑄚𑄬 𑄌𑄨𑄚𑄬 𑄛𑄢𑄴।,ফোঁাটা আমি চিনতে পারি
𑄈𑄣𑄨𑄇𑄴 𑄉𑄧𑄟𑄬 𑄃𑄨𑄙𑄮𑄖𑄴 𑄖𑄪𑄣𑄨 𑄚𑄧 𑄛𑄢𑄬𑄢𑄴।,খালি পেটে এখানে তুলতে পারে না
𑄜𑄧𑄢𑄈𑄪𑄣𑄧 𑄇𑄨𑄠𑄬𑄌𑄴 𑄉𑄧𑄢𑄬𑄢𑄴 𑄉𑄞𑄪𑄢𑄨𑄢𑄴 𑄃𑄮 𑄥𑄬 𑄦𑄣𑄴।,.ফসল করার সম ট্রাক্টরও সেই হাল
𑄎𑄬𑄢𑄬 𑄖𑄬 𑄇𑄃𑄨 𑄉𑄬𑄣𑄧।,সে মারা গেল
𑄉𑄞𑄪𑄢𑄨 𑄞𑄋 𑄞𑄋 𑄝𑄋𑄴 𑄣𑄘𑄨 𑄛𑄪𑄏𑄢𑄴 𑄉𑄧𑄢𑄬𑄢𑄴।,গািটা ভাঙা ভাঙা বাঁশের টুকরো দিে দৌে
𑄎𑄬𑄢𑄬 𑄌𑄠𑄴𑄘𑄬 𑄌𑄋𑄴𑄟 𑄇𑄧𑄘 𑄃𑄮 𑄃𑄬𑄇𑄴𑄇 𑄛𑄢𑄬।,তাাতাি কথা বলতে পারে
𑄖𑄧𑄢𑄬 𑄃𑄨𑄎𑄪 𑄌𑄨𑄚𑄧𑄋𑄴 𑄌𑄨𑄚𑄧𑄋𑄴 𑄛𑄋𑄧𑄖𑄴𑄖𑄬 - 𑄜𑄧𑄢𑄈𑄪𑄣𑄧 𑄇𑄧𑄣𑄧।,তোমাকে একদম দেখতেছি- ফোঁা কল
𑄖𑄪𑄃𑄨 𑄎𑄧𑄉𑄧𑄚𑄴𑄚𑄗𑄴 𑄦𑄧𑄣𑄧𑄖𑄴 𑄗𑄌𑄴𑄌𑄬 𑄚𑄧𑄠𑄴 - 𑄉𑄞𑄪𑄢𑄨 𑄎𑄚𑄨𑄝𑄢𑄴 𑄌𑄬𑄣𑄧।,তুমি জগন্নাথ হলে থাকো না-গািে যাওার চেেছ
𑄃𑄧।,bdmean
𑄎𑄬𑄢𑄬 𑄛𑄪𑄏𑄢𑄴 𑄉𑄧𑄢𑄴𑄣𑄧 - 𑄃 𑄖𑄪𑄃𑄨 𑄇𑄬𑄚𑄬 𑄈𑄧𑄝𑄧𑄢𑄴 𑄛𑄥𑄴।,.অন্যরা ঝামেলা করতেছে -তুমি কেন খবর পাও
𑄟𑄪𑄃𑄨 𑄃𑄨𑄓𑄬𑄚𑄧𑄖𑄴।,মুত্রথলি
𑄛𑄮𑄣𑄳𑄠𑄬 𑄝𑄧𑄏𑄧𑄢𑄧𑄖𑄴।,পৌষ মাস
𑄖𑄧𑄢𑄬 𑄌𑄨𑄚𑄧𑄋𑄴 𑄘𑄧 𑄟𑄪𑄃𑄨।,তোমাকে চিনে তো আমি
𑄟𑄨𑄣𑄬𑄝𑄮 𑄜𑄧𑄢𑄈𑄪𑄣𑄧𑄢𑄬 𑄎𑄮𑄝𑄴 𑄘𑄨𑄣𑄧।,মেেটা ফালকে জো দিল
𑄜𑄧𑄢𑄈𑄪𑄣𑄧 𑄟𑄧𑄚𑄧𑄖𑄴 𑄃𑄘𑄬𑄇𑄳𑄠𑄬𑄉𑄧𑄢𑄨 𑄏𑄀𑄖𑄴𑄉𑄧𑄢𑄨 𑄃𑄪𑄙𑄨𑄣𑄧।,ফোঁাটা মনের মতো হেছে
𑄟𑄧𑄚𑄬 𑄟𑄧𑄚𑄬 𑄞𑄝𑄬𑄢𑄴 𑄟𑄧𑄢𑄬 𑄥𑄣𑄬 𑄖𑄬 𑄌𑄨𑄚𑄬।,মনে হ আমাকে সে চিনে
𑄃𑄢𑄧 𑄃𑄬𑄇𑄴𑄇 𑄖𑄢𑄴𑄣𑄮𑄃𑄨 𑄥𑄧𑄘𑄧𑄢𑄴 𑄦𑄧𑄣𑄧।,আরও একটু উপরে উঠল
𑄟𑄨𑄣𑄬𑄝𑄮 𑄎𑄬𑄢𑄬 𑄝𑄢𑄬 𑄃𑄬𑄃𑄨 𑄛𑄚𑄨 𑄌𑄬𑄃𑄨 𑄌𑄬𑄃𑄨 𑄘𑄨 𑄎𑄧𑄚𑄬 𑄇𑄧𑄘 𑄇𑄪𑄃𑄨𑄇𑄨 𑄉𑄧𑄢𑄴𑄣𑄇𑄴।,মেেটা পাশের দিকে এই পানি দেখে দুই জনে বলাবলি করছে
𑄎𑄬𑄢𑄬 𑄚𑄚𑄳𑄠𑄌𑄧𑄢𑄴 𑄜𑄬𑄣𑄬𑄃𑄨 𑄃𑄬𑄃𑄨 𑄍𑄚𑄢𑄴 𑄝𑄎𑄢𑄴 𑄣𑄪𑄋𑄨𑄣𑄇𑄴 𑄇𑄨।,.অন্যের পাে পাে এই বাচ্চাটাকে বাজারে নিে গেল
𑄟𑄨𑄣𑄬𑄝𑄮 𑄞𑄨𑄘𑄨𑄢𑄬 𑄡𑄬𑄃𑄨 𑄝𑄧𑄣𑄧𑄉𑄮𑄃𑄨।,মেেটাকে যে বলে
𑄎𑄧𑄉𑄧𑄚𑄴𑄚𑄗𑄴 𑄦𑄧𑄣𑄧𑄖𑄴 𑄝𑄚𑄴𑄘𑄧𑄢𑄴𑄝𑄚𑄧𑄢𑄴 𑄖𑄨𑄚𑄴𑄌𑄬𑄢𑄴 𑄎𑄧𑄚𑄴 𑄛𑄮 𑄃𑄊𑄧𑄚𑄴 𑄗𑄌𑄨𑄋𑄧𑄢𑄴 𑄃𑄘𑄟𑄳𑄠𑄬 𑄝𑄮𑄚𑄴 - 𑄃𑄪𑄌𑄨𑄋𑄴।,জগন্নাথ হলে তিন জন ছেলে আছে আর গ্রামের বোন -উচি
𑄖 𑄝𑄝𑄴𑄠𑄮 𑄟𑄌𑄴𑄖𑄧𑄢𑄴 𑄝𑄚𑄴𑄘𑄧𑄢𑄴𑄝𑄚𑄧 𑄝𑄇𑄴 𑄟𑄢 𑄛𑄳𑄢𑄃𑄨𑄟𑄢𑄨 𑄃𑄨𑄥𑄴 𑄇𑄪𑄣𑄧𑄖𑄴।,তার বাম হাতের বানরটা প্রাইমারির কুলে মারা গেছে
𑄃𑄪𑄌𑄨𑄋𑄴 𑄃𑄬𑄇𑄴𑄞𑄬𑄃𑄨 𑄈𑄉𑄢𑄥𑄪𑄢𑄨 𑄇𑄳𑄢𑄨𑄥𑄨 𑄝𑄨𑄞𑄉𑄧𑄖𑄴 𑄌𑄉𑄪𑄢𑄨 𑄉𑄧𑄢𑄬।,উচিে একটি খাগা দিে চিটিংবাজ করে
𑄃𑄪𑄌𑄨𑄋𑄬 𑄜𑄧𑄢𑄈𑄪𑄣𑄧𑄢𑄬 𑄇𑄪𑄠𑄬𑄘𑄨 𑄟𑄠𑄴𑄏𑄨𑄠𑄬 𑄥𑄨𑄘𑄪 𑄝𑄬𑄢 𑄡𑄘𑄧𑄚𑄴।,উচিঙে ফালকে কুে দিে মািে সেখানে ঘুরে বো
𑄥𑄛𑄴𑄖 𑄘𑄧𑄥𑄴𑄘𑄨𑄚𑄴 𑄗𑄬𑄝𑄇𑄴।,সাপটা দশ দিন থাকবে
𑄝𑄚𑄴𑄘𑄧𑄢𑄴𑄝𑄚𑄧𑄖𑄴𑄖𑄪𑄚𑄴 𑄃𑄪𑄌𑄨𑄋𑄬 𑄎𑄬𑄢𑄬 𑄇𑄧𑄣𑄬𑄎𑄧𑄖𑄴 𑄜𑄨𑄢𑄨𑄝𑄧।,বানরগুলো সেখান থেকে উপরে উঠে কলেজে ফিরবে
𑄃𑄨𑄓𑄬𑄚𑄧𑄖𑄴 𑄞𑄣𑄧𑄇𑄴𑄎𑄧𑄚𑄴 𑄌𑄋𑄴𑄟 𑄟𑄨𑄣𑄬 𑄃𑄊𑄧𑄚𑄴।,ইডেনে অনেক চামা মেে আছে
𑄃𑄪𑄌𑄨𑄋𑄧𑄢𑄴 𑄥𑄨𑄉𑄪𑄚𑄴𑄘𑄮𑄃𑄨 𑄉𑄧𑄟𑄴 𑄌𑄨𑄚𑄴𑄛𑄧𑄌𑄴𑄎𑄧 𑄃𑄊𑄬।,.উচিঙর সিগুিটা ভালো আছে
𑄖𑄢𑄖𑄴𑄖𑄪𑄚𑄴 𑄘𑄨𑄠𑄚𑄴 𑄃𑄬𑄇𑄴𑄇𑄚𑄴 𑄌𑄋𑄴𑄟 𑄇𑄧𑄘𑄃𑄮 𑄥𑄨𑄊𑄬।,তাদের থেকে দুইটা চামা আছে
𑄃𑄨𑄚𑄴𑄘𑄨 𑄃𑄪𑄥𑄨𑄨𑄋𑄬 𑄖𑄟𑄴𑄟𑄃𑄨𑄘𑄪 𑄜𑄨𑄢𑄨 𑄉𑄬𑄣𑄬 𑄇𑄨 𑄦𑄧𑄝𑄧।,এখানে ফিরে গেলে কি হবে
𑄜𑄧𑄢𑄈𑄪𑄣𑄧 𑄟𑄧𑄚𑄧𑄖𑄴 𑄃𑄪𑄥𑄨𑄋𑄧 𑄃𑄢𑄪𑄇𑄴𑄇𑄚𑄴 𑄘𑄨𑄌𑄮𑄉𑄮𑄖𑄴 𑄞𑄏 𑄙𑄧𑄎𑄳𑄠।,ফোঁাটা মনে পে আবার দুইটা ব ব জিনিস আছে
"𑄌𑄪𑄣𑄮𑄖𑄴 𑄜𑄪𑄣𑄴 𑄉𑄪𑄎𑄬𑄠𑄳𑄠𑄬, 𑄃𑄪𑄖𑄴𑄖𑄚𑄨 𑄢𑄋 𑄣𑄨𑄛𑄨𑄥𑄴𑄖𑄨𑄇𑄴, 𑄌𑄮𑄉𑄧𑄞𑄧𑄋𑄧𑄖𑄴 𑄇𑄎𑄧𑄣𑄴, 𑄝𑄪𑄉𑄮𑄖𑄴 𑄢𑄋 𑄃𑄧𑄢𑄴𑄚, 𑄦𑄧𑄣𑄘𑄳𑄠 𑄥𑄨𑄣𑄪𑄟𑄴, 𑄉𑄧𑄣𑄛𑄨 𑄛𑄳𑄠𑄚𑄴𑄑𑄴 - 𑄇𑄨 𑄎𑄬 𑄟𑄚𑄬𑄠𑄬 𑄌𑄮𑄇𑄴𑄇𑄪𑄚𑄴 𑄎𑄬𑄚𑄬 𑄜𑄨𑄢𑄬𑄝𑄢𑄴 𑄟𑄧𑄚𑄬 𑄚𑄧 𑄇𑄧𑄢𑄴।",".চুলে ফুল নিেছে,উত্তুনি লাল শার্ট,বুে লাল অর্না,গলা পে থাকা প্যান্ট"
𑄟𑄧𑄚𑄬 𑄟𑄧𑄚𑄬 𑄃𑄪𑄌𑄴𑄌𑄮𑄠𑄴 𑄖𑄝𑄮𑄣𑄴 𑄈𑄬𑄣𑄨 𑄡𑄢𑄴।,মনে মনে আবোল তাবোল খেলে যা
"𑄜𑄧𑄢𑄈𑄪𑄣𑄧 𑄞𑄝𑄨 𑄇𑄪𑄣𑄴 𑄚𑄧 𑄛𑄢𑄴 - 𑄃𑄬 𑄥𑄧𑄢𑄴𑄉𑄧𑄢𑄴 𑄛𑄪𑄢𑄨 𑄟𑄨𑄣𑄬𑄝𑄮𑄢𑄬, 𑄟𑄧𑄚𑄧 𑄃𑄃𑄮𑄎𑄧𑄢𑄴 𑄛𑄪𑄢𑄨𑄝𑄮𑄢𑄬 𑄇𑄬𑄚𑄬 𑄃𑄬𑄌𑄳𑄠𑄬 𑄣𑄉𑄧𑄖𑄴 𑄛𑄬𑄣𑄪𑄋𑄴।",. ফরাট ভাবি কূল পারে না - এই স্বর্গটা মেেকে কেন মনে পেছে
𑄞𑄬𑄃𑄨𑄘𑄮 𑄞𑄝𑄨 𑄞𑄝𑄨 𑄇𑄪𑄣𑄴 𑄚𑄧 𑄛𑄢𑄴।,ভো চিন্তা করে কূল পারা যা না
𑄎𑄬𑄢𑄬 𑄃𑄢𑄧 𑄖 𑄟𑄧𑄚𑄧𑄖𑄴 𑄇𑄟𑄬𑄢𑄬 𑄃𑄪𑄘𑄬𑄢𑄴 - 𑄃𑄬 𑄛𑄪𑄢𑄨𑄝𑄮 𑄔𑄉𑄖𑄴 𑄃𑄬𑄘𑄧𑄇𑄴 𑄇𑄃𑄨!,সে আবার তার মনের কাজকে উপরে তুলছে-এই পুিটা মাটিতে অনেক কাটা
𑄖𑄮 𑄇𑄬𑄚𑄬 𑄟𑄧 𑄘𑄨 𑄌𑄮𑄉𑄮𑄖𑄴 𑄙𑄧𑄢 𑄚𑄧 𑄛𑄧𑄢𑄴𑄣𑄧।,তোমার কেন আমার চোখে ধরা পলো না
𑄎𑄬𑄢𑄬 𑄟𑄳𑄦𑄣𑄴𑄥𑄪𑄢𑄨 𑄃𑄬𑄃𑄨 - 𑄃𑄨𑄥𑄴𑄛𑄳𑄢𑄨𑄑𑄴 𑄝𑄮𑄓𑄮𑄖𑄴 𑄃𑄪𑄙𑄨𑄣𑄇𑄴।,মেেটি এই-ইপ্রিট বক্সে উে গেল
𑄜𑄧𑄢𑄈𑄪𑄣𑄧 𑄖𑄢 𑄛𑄧𑄏𑄛𑄨𑄢𑄬 𑄃𑄬𑄇𑄴𑄇 𑄣𑄪𑄠 𑄝𑄧𑄣𑄴 𑄘𑄨𑄣𑄧।,ফোঁাটা তাদেরকে একটু শক্তি দিে দিল
𑄃𑄨𑄥𑄴 𑄛𑄳𑄢𑄨𑄑𑄴 𑄝𑄮𑄓𑄮𑄖𑄴 𑄙𑄉𑄙𑄇𑄳𑄠𑄬𑄉𑄧𑄢𑄨 𑄝𑄧𑄏𑄨 𑄜𑄧𑄢𑄈𑄪𑄣𑄧 𑄃𑄪𑄥𑄨𑄋𑄧𑄢𑄬 𑄎𑄉𑄚𑄨 𑄌𑄨𑄚𑄬 𑄘𑄬𑄢𑄴।,ইস্ প্রিট বেঞ্চে বসে থাকা দুপা ফাঁক করে থাকা জাগাগুলো দেখতেছি
𑄃𑄪𑄥𑄨𑄋𑄬 𑄞𑄨𑄣𑄴𑄞𑄨𑄣𑄬 𑄌𑄢𑄴।,উস্কুখুস্কু চার
𑄃𑄪𑄥𑄨𑄋𑄬 𑄈𑄉𑄢𑄥𑄪𑄢𑄨 𑄇𑄧𑄚𑄧𑄘𑄨𑄚𑄴 𑄚𑄧 𑄃𑄬𑄎𑄬।,উস্কুখুস্কু খেলা কোনদিন আসে না
𑄚𑄪𑄃𑄧 𑄎𑄉 𑄎𑄧𑄟𑄧 𑄉𑄧𑄟𑄴 𑄣𑄉𑄬𑄢𑄴।,.নতুন জাগা ভালো লাগে
"𑄟𑄪𑄢𑄮𑄖𑄴 𑄉𑄌𑄴 𑄝𑄉𑄚𑄴, 𑄉𑄌𑄴 𑄝𑄉𑄚𑄧 𑄍𑄬𑄢𑄬 𑄍𑄬𑄢𑄬 𑄃𑄘𑄟𑄴 𑄠𑄚𑄨 𑄛𑄧𑄣𑄴𑄣𑄛𑄧𑄣𑄴𑄣𑄨 𑄈𑄢 𑄈𑄧𑄢𑄴।","পাহাে গাছের বাগান,গাের বাগান থেকে বের হওা লোকজন লুকোচুরি খেলছে"
"𑄌𑄬𑄋𑄬 𑄛𑄢𑄧 𑄇𑄪𑄢𑄬 𑄇𑄪𑄢𑄬 𑄊𑄧𑄢𑄚𑄨, 𑄟𑄮𑄌𑄴 - 𑄉𑄧𑄢𑄪, 𑄍𑄉𑄧𑄣𑄴 𑄌𑄧𑄖𑄴𑄖𑄬 𑄘𑄬𑄊 𑄡𑄢𑄴।","চেঙে পাের পাশে ঘরগুলো,গরু,ছাগল চতে দেখা যা"
𑄃𑄪𑄥𑄨𑄋𑄧 𑄟𑄝𑄮𑄃𑄮 𑄌𑄬𑄃𑄨 𑄃𑄊𑄬।,উসিঙ মেেটাও তাাতাি আছে
𑄘𑄨 𑄟𑄠𑄴𑄏𑄨𑄠𑄬 𑄇𑄨 𑄇𑄧𑄘 𑄇𑄧𑄚𑄴 𑄜𑄧𑄢𑄈𑄪𑄣𑄧 𑄚𑄧 𑄝𑄪𑄏𑄬।,দুই মাি কি কথা বলতে পারে না
𑄃𑄧𑄇𑄴𑄖𑄧 𑄃𑄧𑄇𑄴𑄖𑄧 𑄃𑄚𑄴𑄘𑄧𑄣𑄬 𑄔𑄉𑄨 𑄡𑄢𑄴।,.অতিরিক্ত পানি পে যা
"𑄞𑄨𑄢𑄮𑄌𑄴, 𑄚𑄧 𑄌𑄨𑄚𑄳𑄠𑄬 𑄃𑄬𑄇𑄴𑄘𑄊𑄨 𑄛𑄬𑄃𑄨𑄇𑄴 𑄇𑄬𑄌𑄳𑄠𑄬 𑄍𑄬𑄢𑄬 𑄍𑄬𑄢𑄬 𑄣𑄧𑄢𑄣𑄧𑄢𑄨 𑄉𑄧𑄢𑄴𑄖𑄧𑄚𑄴।","ভো, চিনে না এমন একটা পাখি লাফিে বো গর্ত"
𑄃𑄧𑄎𑄧𑄣𑄴 𑄞𑄋𑄳𑄠𑄬 𑄛𑄢𑄴।,প্রচুর ভেঙে পা
𑄌𑄳𑄠𑄬𑄋𑄴 𑄞𑄋𑄨 𑄛𑄧𑄢𑄬𑄢𑄴।,চা ভেঙে পতেছে
𑄜𑄧𑄢𑄈𑄪𑄣𑄧 𑄞𑄝𑄬𑄢𑄴 𑄟𑄚𑄴 𑄎𑄮𑄢𑄴 𑄎𑄨𑄋𑄴𑄇𑄚𑄨 𑄃𑄮 𑄌𑄬𑄋𑄬 𑄛𑄢𑄧 𑄘𑄧𑄇𑄴 𑄃𑄬𑄎𑄚𑄴𑄉𑄧𑄢𑄨 𑄃𑄘𑄬𑄇𑄳𑄠𑄬𑄉𑄧𑄢𑄨 𑄞𑄋𑄨 𑄛𑄧𑄢𑄬।,. ফরাবাজ মানুষরা পাহাের দুই পাশ দিে হেঁটে যা
𑄃𑄨𑄠𑄚𑄨 𑄞𑄝𑄨 𑄞𑄝𑄨 𑄜𑄧𑄢𑄈𑄪𑄣𑄧 𑄃𑄬𑄇𑄴𑄇 𑄃𑄚𑄴 𑄟𑄧𑄚 𑄦𑄧𑄠𑄴।,এগুলো চিন্তা করে বের হওা একটু সহজ এগুলো একটু আনো
𑄘𑄨 𑄟𑄠𑄴𑄏𑄨𑄠𑄬 𑄇𑄨 𑄞𑄝𑄧𑄘𑄧𑄚𑄴 𑄇𑄨𑄎𑄬𑄚𑄨।,দুই মাি কি চিন্তা করছে
𑄃𑄪𑄥𑄨𑄋𑄧𑄢𑄬 𑄖𑄟𑄴𑄟 𑄇𑄨 𑄇𑄧𑄣𑄧 𑄝𑄪𑄏𑄨 𑄚𑄧 𑄛𑄢𑄴𑄣𑄧 𑄜𑄧𑄢𑄈𑄪𑄣𑄧।,উসিঙে তার মা কি কল বুঝতে পারে না
𑄃𑄪𑄥𑄨𑄋𑄬 𑄇𑄧𑄢𑄴 - 𑄃 𑄇𑄧𑄖𑄴𑄘𑄪𑄢𑄴 𑄃𑄊𑄬 𑄘?,উসিঙে করে কত ব আছে তো?
𑄃𑄢𑄧 𑄊𑄧𑄚𑄴𑄑 𑄖𑄨𑄚𑄬𑄇𑄴 𑄣𑄉𑄨𑄝𑄧 𑄜𑄧𑄢𑄈𑄪𑄣𑄧 𑄎𑄮𑄝𑄴 𑄘𑄨𑄣𑄧।,আরও তিন ঘন্টা লাগবে ফোঁা তুলতে
𑄃𑄪𑄥𑄨𑄋𑄴𑄉𑄮𑄃𑄨 𑄖𑄟𑄴𑄟 𑄌 𑄌𑄨 𑄉𑄧𑄢𑄴𑄣𑄇𑄴।,উস্কুখুস্কুভাবে তার মা চাংমাহ্ করতেছে
𑄎𑄬𑄢𑄬 𑄃𑄪𑄥𑄨𑄋𑄬 𑄇𑄧𑄣𑄧 - 𑄊𑄧𑄚𑄴𑄑 𑄖𑄨𑄚𑄬𑄇𑄴।,.অপচে কল - ঘন্টা তিনেক
𑄝𑄬𑄌𑄴 𑄃𑄮 𑄣𑄉𑄨 𑄛𑄢𑄬।,বেশি ও লাগতে পারে
𑄃𑄪𑄥𑄨𑄋𑄴 𑄉𑄮𑄃𑄨 𑄖𑄟𑄴 𑄟 𑄖𑄢 𑄇𑄧𑄘𑄘𑄨 𑄇𑄨 𑄇𑄪𑄃𑄧 𑄇𑄨 𑄉𑄧𑄢𑄴 𑄣𑄇𑄴 𑄜𑄧𑄢𑄈𑄪𑄣𑄧 𑄚𑄧 𑄝𑄪𑄏𑄨𑄣𑄧 𑄎𑄬𑄢𑄬 𑄃𑄪𑄥𑄨𑄋𑄬 𑄇𑄧𑄢𑄴 - 𑄃 𑄘।,.উসি গোামাা মা তাদের কথা গুলো কি ভালো করে বুঝালো না
𑄖𑄪𑄃𑄨 𑄃𑄬𑄌𑄳𑄠𑄬 𑄊𑄧𑄢𑄧𑄖𑄴 𑄣𑄪𑄋𑄨𑄝𑄬𑄉𑄮𑄃𑄨?,তোমরা আসার বািতে পৌঁছে যাবে?
𑄥𑄨𑄖𑄴𑄖𑄪𑄚𑄴 𑄎𑄨𑄝𑄧𑄖𑄴 𑄉𑄧𑄢𑄨 𑄈𑄉𑄢𑄥𑄪𑄢𑄨 𑄙𑄧𑄢𑄨𑄌𑄴 𑄃𑄬𑄇𑄴 𑄊𑄧𑄚𑄴𑄑।,তার থেকে মুখ করে খাগা ধরি এক ঘন্টা
𑄃𑄪𑄥𑄨𑄋𑄬 𑄖𑄟𑄴𑄟𑄢𑄬 𑄖𑄢 𑄇𑄧𑄘𑄘𑄨 𑄇𑄨 𑄝𑄪𑄏𑄬 𑄘𑄬𑄢𑄴 𑄇𑄨𑄎𑄬𑄚𑄨।,উপরের দিকে তার মা কি বুঝে
𑄃𑄪𑄥𑄨𑄋𑄧 𑄟𑄝𑄮 𑄖𑄳𑄠𑄬𑄚𑄴 𑄣𑄬𑄉𑄛𑄧𑄢 𑄚𑄧 𑄉𑄧𑄢𑄬 𑄝𑄨𑄣𑄨 𑄜𑄧𑄢𑄈𑄪𑄣𑄧𑄢𑄴 𑄟𑄧𑄚𑄬 𑄦𑄧𑄣𑄧।,উসিঙ মেেটা তর্কাতর্কি করে না
𑄎𑄬𑄢𑄬 𑄃𑄪𑄥𑄨𑄋𑄬 𑄇𑄧𑄢𑄴 - 𑄖𑄬 𑄖𑄪𑄃𑄨 𑄇𑄧𑄇𑄴𑄇𑄬 𑄣𑄪𑄋𑄨𑄝𑄬𑄉𑄮𑄃𑄨?,.অন্যকে জিজ্ঞেস করো -সে কখন আসবে?
"𑄘𑄨 𑄊𑄧𑄚𑄴𑄑 𑄟𑄪𑄣𑄮 , 𑄜𑄧𑄢𑄈𑄪𑄣𑄧 𑄎𑄮𑄝𑄴 𑄘𑄬।",দুই ঘন্টা মুত্রথলি দিে ছেে দেওা
𑄃𑄪𑄥𑄨𑄋𑄬 𑄃𑄟𑄧𑄇𑄴 𑄦𑄮𑄃𑄨 𑄇𑄧𑄣𑄧 - 𑄘𑄨 𑄊𑄧𑄚𑄴𑄑।,উসিঙে একেবারে কল দিে দুই ঘন্টা
𑄜𑄧𑄢𑄈𑄪𑄣𑄧 𑄃𑄬𑄝𑄢𑄧𑄖𑄴 𑄇𑄧𑄣𑄧 - 𑄝𑄬𑄌𑄴𑄠𑄮 𑄣𑄉𑄨 𑄛𑄢𑄬।,.ফোরাকল এবার বেশি লাগতে পারে।
𑄃𑄪𑄥𑄨𑄋𑄬 𑄃𑄟𑄧𑄇𑄴 𑄦𑄮𑄃𑄨 𑄜𑄧𑄢𑄈𑄪𑄣𑄧𑄢𑄬 𑄢𑄨𑄚𑄨 𑄌𑄬𑄣𑄧।,উস্কুখুস্কুভাবে ফালটা দেখল
𑄎𑄬𑄢𑄬 𑄜𑄧𑄢𑄈𑄪𑄣𑄧 𑄇𑄧𑄣𑄧 𑄪 𑄃 𑄡𑄬𑄃𑄨 𑄚 𑄃𑄟𑄃𑄨𑄘𑄪।,.অন্যের সাথে কথা বলে না আমাদের
𑄚𑄧 𑄦𑄧𑄝𑄧 𑄘।,.হওা হবে না তো
𑄃𑄬𑄚𑄬 𑄇𑄨𑄠𑄬 𑄛𑄨𑄢𑄬 𑄦𑄪𑄠𑄬।,.নিচে অসুখ হেছে
𑄛𑄚𑄨 𑄚𑄧 𑄗𑄚𑄃𑄨 𑄃𑄨𑄥𑄴𑄛𑄳𑄢𑄨𑄑𑄴 𑄝𑄮𑄑𑄴 𑄚𑄧 𑄃𑄪𑄎𑄬𑄣𑄴 𑄃𑄢𑄴।,.পানি না থাকাই স্প্রিট বোট আর উলো না
𑄖𑄢𑄖𑄋𑄧𑄢𑄨 𑄞𑄪𑄘𑄨 - 𑄖𑄪𑄘𑄨𑄣𑄮𑄃𑄨 𑄎𑄨𑄝𑄧𑄖𑄴 𑄃𑄪𑄙𑄨𑄣𑄇𑄴।,তারা তাাতািভুি - তাাতাি মুখে দো
𑄉𑄮𑄢𑄴 𑄃𑄨𑄇𑄴𑄇𑄮 𑄞𑄪𑄘𑄨 𑄜𑄧𑄢𑄈𑄪𑄣𑄧 𑄣𑄪𑄠 𑄝𑄧𑄣𑄴 𑄘𑄨𑄣𑄧।,গিে একটা ভুি পে শক্তি নিে গেল
𑄎𑄨𑄝𑄧𑄖𑄴 𑄃𑄢𑄧 𑄘𑄨𑄎𑄧𑄚𑄬 𑄇𑄃𑄨𑄇𑄧𑄃𑄨 𑄝𑄮𑄃𑄨 𑄈𑄉𑄢𑄥𑄪𑄢𑄨 𑄣𑄪𑄋𑄨𑄣𑄇𑄴।,জিবে আরও দুই জন কামি নিে যাচ্ছে
𑄥𑄬𑄇𑄳𑄠𑄬 𑄌𑄬𑄢𑄴𑄝𑄮 𑄝𑄎𑄧𑄋𑄴 𑄝𑄎𑄧𑄋𑄴।,সে চোরটা ঝগাতে
𑄃𑄪𑄥𑄨𑄋𑄴𑄉𑄮𑄃𑄨 𑄖𑄟𑄴𑄟 𑄣𑄟𑄨𑄣𑄇𑄴।,.উচ্ছে তার মা
𑄜𑄧𑄢𑄈𑄪𑄣𑄧 𑄌𑄠𑄴𑄘𑄬 𑄗𑄟𑄨 𑄛𑄨𑄚𑄳𑄠𑄬 𑄟𑄨𑄣𑄬 𑄃𑄬𑄇𑄴𑄎𑄧𑄚𑄴 𑄍𑄨𑄉𑄮𑄚𑄴 𑄉𑄪𑄢𑄮𑄣𑄮𑄃𑄨 𑄝𑄌𑄴𑄌𑄬𑄃𑄨 𑄃𑄊𑄬।,ফরাকুল চাা দিে বসে থাকা এক মহিলা বাচ্চাটির জন্য অপেক্ষা করতেছে
"𑄜𑄧𑄢𑄈𑄪𑄣𑄧 𑄃𑄪𑄥𑄨𑄋𑄧 𑄝𑄪𑄎𑄨, 𑄚𑄧𑄠𑄴 𑄃𑄬𑄢𑄝𑄬𑄢 𑄦𑄧𑄝𑄧 𑄝𑄨𑄣𑄨 𑄙𑄧𑄢𑄨 𑄣𑄧𑄣𑄧।",".ফাঁদটা উপরে তুলে,সবাই মিলে নিে নিল"
𑄇𑄨 𑄇𑄪𑄃𑄧𑄇𑄨 𑄉𑄧𑄢𑄧𑄚𑄴 𑄚𑄧 𑄝𑄪𑄏𑄬।,কি কি করে জানিনা
𑄜𑄧𑄢𑄈𑄪𑄣𑄧 𑄎𑄬𑄢𑄬 𑄇𑄧𑄣𑄧 - 𑄃𑄪𑄥𑄨𑄋𑄴 𑄖𑄧𑄟𑄢𑄬 𑄜𑄬𑄣𑄬 𑄡 𑄛𑄧𑄢𑄬𑄢𑄴।,.ফোরাকলের পরে কল -উত্তরে তোমাকে ফেলে যেতে হ
𑄇𑄇𑄴𑄇𑄬/𑄈𑄬 𑄉𑄢𑄨 𑄣𑄧𑄢𑄴 𑄘𑄨𑄝𑄧।,হুট করে গাি নিে যা
𑄃𑄪𑄥𑄨𑄋𑄬 𑄖 𑄙𑄪𑄝𑄴 𑄘𑄖𑄴𑄖𑄪𑄚𑄴 𑄚𑄨𑄉𑄬𑄣𑄬𑄚𑄬 𑄦𑄏𑄨𑄣𑄧।,উপরের দিকে তার দাঁতগুলো নিে যাচ্ছে
𑄖𑄟𑄴𑄟 𑄃𑄬𑄝𑄢𑄧𑄖𑄴 𑄞𑄋 𑄞𑄋 𑄝𑄋𑄴𑄣𑄠𑄴 𑄇𑄧𑄣𑄧 - 𑄝𑄚𑄴𑄘𑄧𑄢𑄴𑄝𑄚𑄴 𑄃𑄬𑄣𑄬 𑄈𑄟𑄇𑄴𑄇𑄠𑄴 𑄃𑄟 𑄊𑄧𑄢𑄧𑄖𑄴 𑄃𑄬𑄝𑄬।,তার মা এবার ভাঙা ভাঙা বাঁশ দিে কল - বানরটা আসলে আমাদের বািতে আসবে
𑄜𑄧𑄢𑄈𑄪𑄣𑄧 𑄟𑄨𑄉𑄨𑄚𑄨 𑄉𑄢𑄨𑄖𑄴 𑄃𑄪𑄙𑄨𑄣𑄧।,ফোঁাগুলো গাে পে গেল
𑄃𑄙 𑄊𑄧𑄚𑄴𑄑 𑄎𑄬𑄢𑄬 𑄟𑄨𑄉𑄨𑄚𑄨 𑄉𑄢𑄨 𑄣𑄧𑄢𑄴 𑄘𑄨𑄣𑄧।,আধা ঘন্টা পর মেেটা গাি বের করল
𑄜𑄧𑄢𑄈𑄪𑄣𑄧𑄢𑄴 𑄟𑄧𑄚𑄧 𑄖𑄝𑄮𑄣𑄧𑄖𑄴 𑄃𑄪𑄥𑄨𑄋𑄧 𑄛𑄪𑄢𑄨𑄥𑄚𑄴 𑄃𑄢𑄪𑄇𑄴𑄇𑄚𑄴 𑄃𑄪𑄙𑄬𑄢𑄴 𑄃 𑄛𑄧𑄢𑄬𑄢𑄴।,. ফরাখরুলের মনে পা আবার উঠতেছে
"𑄙𑄪𑄝𑄴 𑄘𑄖𑄴𑄖𑄪𑄚𑄴, 𑄌𑄪𑄣𑄴𑄌𑄪𑄘𑄮𑄖𑄴 𑄉𑄪𑄎𑄬𑄠𑄳𑄠𑄬 𑄜𑄪𑄣𑄴𑄠𑄪𑄚𑄴 𑄘𑄨 𑄌𑄮𑄊𑄮𑄖𑄴 𑄞𑄎𑄬𑄢𑄴।","ধোঁার দাঁতগুলো, চুলে গিে থাকা ফুলগুলো চোখে পে"
"𑄟𑄧𑄚𑄬 𑄟𑄧𑄚𑄬 𑄞𑄝𑄬𑄢𑄴 𑄃𑄪𑄥𑄨𑄋𑄬 𑄎𑄧𑄚𑄨 𑄙𑄪𑄝𑄴 𑄗𑄟𑄨 𑄍𑄬𑄢𑄬 𑄝𑄨𑄉𑄪𑄚𑄨 𑄜𑄪𑄣𑄴 𑄖𑄪𑄣𑄳𑄠, 𑄢𑄋 𑄛𑄬𑄃𑄨𑄣𑄴 𑄘𑄳𑄠𑄬, 𑄦𑄧𑄣𑄧𑄖𑄳𑄠 𑄥𑄨𑄣𑄪𑄟𑄴 𑄃𑄪𑄢𑄨 𑄟𑄙𑄖𑄴 𑄜𑄪𑄣𑄧𑄌𑄇𑄴 𑄘𑄬 𑄥𑄨𑄚𑄳𑄠𑄬 𑄖𑄖𑄴𑄖𑄪𑄚𑄴 𑄝𑄬𑄌𑄴 𑄃 𑄇𑄧𑄚𑄴𑄚 𑄘𑄮𑄣𑄴𑄝𑄨 𑄦𑄧𑄝𑄧।",".মনে হ দুই যুবক নদীর তীরে ফুল তুলতেছে, লাল পেেল দিে মাথা ফুল তুলতেছে তার থেকে বেশি সুন্দর হবে"
𑄃𑄨𑄠𑄚𑄴 𑄞𑄝𑄨 𑄜𑄧𑄢𑄈𑄪𑄣𑄧 𑄇𑄧𑄇𑄴𑄇𑄬 𑄉𑄃𑄨 𑄉𑄃𑄨 𑄟𑄪 𑄌𑄨𑄝𑄬𑄃𑄨 𑄦𑄥𑄳𑄠𑄬 𑄇𑄮𑄃𑄨 𑄚𑄧 𑄛𑄢𑄬।,.এইটা বউ কথা কও কখন মুখ বাঁকা করে কথা বলতে পারে না
𑄃𑄘𑄬𑄇𑄳𑄠𑄬𑄉𑄧𑄢𑄨 𑄉𑄢𑄨𑄠𑄚𑄴 𑄃𑄬𑄇𑄴 𑄏𑄟𑄴 𑄘𑄨𑄣𑄧।,এক ঝাঁক গাি এক ঝাু দিল
𑄛𑄧𑄙𑄧 𑄝𑄋𑄬𑄘𑄨 𑄢𑄨𑄚𑄨 𑄌𑄠𑄴𑄘𑄬 𑄃𑄙 𑄛𑄧𑄙𑄧𑄖𑄴 𑄣𑄪𑄋𑄴𑄉𑄧𑄚𑄴𑄘𑄨।,পথটা বাঁকা করে তাকিে আছি
𑄃𑄬 𑄛𑄧𑄖𑄴𑄗𑄚𑄴 𑄘𑄧 𑄖𑄢𑄴 𑄉𑄧𑄟𑄴 𑄌𑄬𑄚।,এই পথটা তো তার ভালো লাগে
𑄃𑄬 𑄛𑄧𑄙𑄬 𑄘𑄧 𑄖𑄬 𑄃𑄬𑄎𑄬 𑄃 𑄡𑄠𑄴।,এই পথে তো সে আসেই
"𑄖𑄢𑄴 𑄟𑄧𑄚𑄧𑄖𑄴 𑄃𑄪𑄌𑄴𑄌𑄮, 𑄇𑄨 𑄎𑄨𑄘𑄨 𑄎𑄬𑄚𑄬 𑄊𑄧𑄢𑄧𑄖𑄴 𑄜𑄨𑄢𑄬𑄢𑄴।","তার মনে কী যেন একটা আছে, কী জানি বািতে ফিরে"
𑄊𑄧𑄢𑄧𑄖𑄴 𑄣𑄪𑄋𑄨𑄣𑄬𑄉𑄮𑄃𑄨 𑄖𑄟𑄴𑄟 𑄣𑄮𑄃𑄨 𑄖 𑄝𑄝𑄬 𑄝𑄪𑄏𑄨𑄣𑄇𑄴 - 𑄇𑄨 𑄃𑄬𑄇𑄴 𑄃𑄪𑄌𑄴𑄌𑄮𑄠𑄴 𑄖𑄬 𑄊𑄧𑄢𑄧𑄖𑄴 𑄣𑄪𑄋𑄴𑄉𑄬𑄉𑄨।,বািতে পৌঁছে সে তার মাের সাথে দেখা করল
𑄈𑄣𑄨𑄇𑄴 𑄎𑄧𑄚𑄨 𑄛𑄪𑄏𑄢𑄴 𑄉𑄧𑄢𑄧𑄚𑄴 𑄝𑄋𑄮𑄘𑄨 𑄇𑄧𑄘 - 𑄃𑄨𑄠𑄚𑄴 𑄟𑄧𑄚𑄧𑄖𑄴 𑄃𑄪𑄙𑄨 𑄟𑄧𑄚𑄚𑄴 𑄥𑄧𑄋𑄴 𑄛𑄧𑄙𑄧𑄖𑄴 𑄝𑄬𑄢𑄘𑄬 𑄝𑄬𑄢𑄘𑄬 𑄃𑄬𑄇𑄴𑄇 𑄃𑄪𑄎𑄪𑄖𑄴 𑄈𑄬𑄣𑄧𑄧।,খালি পায়ে ঘুরে বো - এটা মনে হ মনে ঘুরতে ঘুরতে একটু সোজা হ
𑄥𑄏𑄧𑄚𑄳𑄠 𑄊𑄧𑄚𑄋𑄴 𑄊𑄧𑄚𑄋𑄴 𑄜𑄧𑄢𑄈𑄪𑄣𑄧 𑄊𑄧𑄢𑄧𑄖𑄴 𑄣𑄪𑄋𑄨𑄣𑄧𑄉𑄨।,.সাবানটা ঘিে ঘিে বািতে পে গেল
𑄞𑄣𑄧𑄇𑄴𑄘𑄨𑄚𑄴 𑄦𑄧𑄣𑄧 𑄥𑄨𑄘𑄮𑄣𑄴 𑄘𑄳𑄠𑄬 𑄝𑄬𑄉𑄪𑄚𑄴 𑄖𑄮𑄚𑄴 𑄜𑄧𑄢𑄈𑄪𑄣𑄧 𑄎𑄨𑄣𑄧𑄖𑄴 𑄚𑄧 𑄛𑄧𑄢𑄨 𑄈𑄬𑄝𑄢𑄴 𑄃𑄃𑄮𑄌𑄴 𑄝𑄢𑄨 𑄃𑄊𑄬।,অনেক দিন হলো সিদোল দিে বেগুন তরকারি পে খেতে ইচ্ছে করে না
𑄈𑄬𑄢𑄧𑄖𑄴 𑄛𑄪𑄎𑄳𑄠𑄬𑄇𑄪𑄢𑄧 𑄐𑄬𑄢 𑄥𑄧𑄟𑄢𑄬 𑄥𑄨𑄘𑄮𑄣𑄴 𑄘𑄳𑄠𑄬 𑄝𑄨𑄉𑄪𑄚𑄴 𑄖𑄮𑄚𑄴 𑄛𑄬𑄖𑄴 𑄛𑄧𑄢 𑄉𑄧𑄋𑄧𑄖𑄴 𑄉𑄧𑄢𑄌𑄴 𑄉𑄧𑄢𑄌𑄴 𑄟𑄪𑄠𑄮𑄖𑄴 𑄘𑄨𑄣𑄧।,কাঁকার চূা দিে অনেক তরকারি খেতে ইচ্ছে করে আমার
𑄝𑄝𑄴 𑄟𑄣𑄮𑄃𑄨 𑄇𑄧𑄘 𑄇𑄧𑄝𑄢𑄴 𑄟𑄪𑄠𑄚𑄴 𑄎𑄬𑄚𑄬 𑄃𑄎𑄮𑄢𑄴 𑄚𑄬𑄃𑄨।,বাঁশ পাতা দিে কথা বলে আমি আর বেঁচে নেই
𑄛𑄬𑄖𑄴 𑄞𑄧𑄢𑄧𑄋𑄴 𑄞𑄧𑄢𑄧𑄋𑄴 𑄖𑄬 𑄜𑄧𑄢𑄈𑄪𑄣𑄧 𑄘𑄨𑄠𑄚𑄴 𑄃𑄬𑄇𑄴 𑄇𑄚𑄴 𑄇𑄧𑄘 𑄟𑄬𑄣 𑄙𑄧𑄢𑄴 𑄣𑄧।,পেট ভরে খাওার সম সে আবোল তাবোল কথা বলে
𑄖𑄟𑄴𑄟 𑄇𑄧𑄣𑄧 - 𑄝𑄋𑄮𑄘𑄨𑄘𑄊𑄨 𑄥𑄟𑄴𑄝𑄘𑄴 𑄇𑄨।,তার মা কল -ব্যাঙটার সম কি
𑄟𑄳𑄦𑄧 𑄦𑄮𑄃𑄨 𑄇𑄇𑄴𑄈𑄨𑄚𑄴 𑄎𑄬𑄢𑄬 𑄃𑄢𑄧 𑄇𑄧𑄣𑄧 - 𑄎𑄟𑄬𑄃𑄨𑄘𑄊𑄨 𑄌𑄉𑄪𑄢𑄨 𑄛𑄘𑄧𑄚𑄴 𑄝𑄨𑄣𑄬।,দীর্ঘসূত্রিতা শেষ হেছে আর কল দিে চামা পেছে
𑄟𑄪𑄃𑄨 𑄇𑄮𑄧𑄃𑄨 𑄚𑄧 𑄛𑄢𑄧𑄋𑄴 - 𑄜𑄧𑄢𑄈𑄪𑄣𑄧 𑄎𑄮𑄝𑄴 𑄘𑄨𑄣𑄧।,.আমি বলতে পারিনা -ফরাক জোা দিল
𑄎𑄬𑄢𑄬 𑄖𑄟𑄴𑄟 𑄉𑄃𑄨 𑄉𑄃𑄨 𑄇𑄮𑄃𑄨 𑄃𑄪𑄙𑄨𑄣𑄧 - 𑄢𑄮𑄓𑄴 𑄓𑄨𑄞𑄨𑄥𑄧𑄚𑄧𑄖𑄴 𑄌𑄉𑄪𑄢𑄨 𑄦𑄧𑄝𑄧 𑄘𑄧 𑄝𑄨𑄣𑄬।,. তারপর তার মা একা একা উঠে -রোড ডিভিসনে চামা হবে
𑄃 𑄇𑄬𑄚𑄬 𑄈𑄧𑄝𑄧𑄢𑄴 𑄛𑄬𑄣𑄬।,কেন খবর পাওা
𑄖𑄧 𑄝𑄝𑄬 𑄢𑄋𑄟𑄖𑄳𑄠𑄬 𑄡𑄨𑄠𑄬 𑄘𑄧।,তোমার বািতে লালিমা উঠেছে তো
𑄖𑄧 𑄛𑄨𑄏𑄬𑄃𑄨 𑄖𑄧 𑄝𑄝𑄧𑄢𑄬 𑄥𑄚𑄬𑄠𑄬𑄘𑄬।,তোমার পেছনে তার বাপকে শুেছে
𑄟𑄪 𑄚𑄧 𑄥𑄪𑄘𑄨𑄣𑄴।,আমি খুশি না
𑄝𑄪𑄏𑄨𑄣𑄧 - 𑄝𑄋𑄮𑄘𑄨 𑄎𑄟𑄬𑄝𑄮 𑄌𑄉𑄪𑄢𑄨 𑄛𑄢𑄴 𑄥𑄪𑄚𑄨𑄚𑄬 𑄖𑄟𑄴𑄟 𑄘𑄊𑄨 𑄈𑄪𑄏𑄨।,.বুঝলো-বাঙি জামাটি পাে শুনে তার মা পাখানা করে
𑄞𑄖𑄴 𑄈𑄬𑄃𑄨 𑄟𑄪 𑄦𑄖𑄴 𑄙𑄮𑄃𑄨 𑄥𑄨𑄋𑄧𑄝𑄖𑄴 𑄝𑄮𑄃𑄨 𑄢𑄧𑄣𑄧।,ভাত খেে হাত ধোে সে বেঞ্চে বসলো
"𑄌𑄬𑄢𑄉𑄧 𑄟𑄧𑄢𑄟𑄧𑄢 𑄛𑄳𑄦𑄧𑄢𑄧𑄖𑄴 𑄝𑄋𑄮𑄘𑄧𑄘𑄊𑄨, 𑄦𑄬𑄢𑄝𑄬𑄢𑄠𑄪𑄚𑄧 𑄈𑄧𑄝𑄧𑄢𑄴 𑄣𑄮 𑄣𑄨 𑄉𑄧𑄢𑄴 𑄣𑄇𑄴।","চেরাগের মলা পথে বািে যাওা,হেরাবেরা থেকে খবর নিে যাও"
"𑄊𑄧𑄢𑄧 𑄝𑄢𑄬 𑄜𑄪𑄣𑄴 𑄌𑄢𑄠𑄪𑄚𑄧 𑄇𑄪𑄢𑄬 𑄎𑄧𑄚𑄨𑄠𑄪𑄚𑄴 𑄃𑄬𑄎𑄧𑄚𑄴 - 𑄡𑄚𑄴 𑄉𑄧𑄢𑄴𑄖𑄧𑄚𑄴, 𑄊𑄪𑄋𑄪𑄢𑄧𑄠𑄪𑄚𑄴 𑄇𑄚𑄴 𑄛𑄘 𑄢𑄧 𑄚𑄨𑄉𑄨𑄣𑄬 𑄙𑄧𑄎𑄳𑄠𑄧𑄚𑄴।","বাির বাইরে ফুলের চারাগুলো আছে - যাওার গর্ত,ঘুঙুরের কান পাতা রেছে"
𑄜𑄧𑄢𑄈𑄪𑄣𑄧 𑄞𑄣𑄧𑄇𑄴𑄘𑄨𑄚𑄴 𑄥𑄧𑄋𑄴 𑄃𑄬 𑄢𑄧𑄉𑄪𑄚𑄧𑄖𑄴𑄖𑄪𑄚𑄴 𑄘𑄪𑄢𑄮𑄖𑄴 𑄛𑄧𑄢𑄨 𑄃𑄊𑄬।,ফোঁাগুলো অনেক দিন এই রোদ থেকে দূরে আছে
"𑄢𑄧 𑄠𑄪𑄚𑄴 𑄃𑄟𑄨𑄏𑄬 𑄇𑄚𑄧𑄖𑄴 𑄃𑄬𑄃𑄨 𑄃𑄬𑄃𑄨 𑄝𑄢𑄨 𑄈𑄘𑄧𑄚𑄴, 𑄌𑄨𑄎𑄨𑄇𑄳𑄠𑄬𑄟𑄧𑄚𑄧𑄖𑄴 𑄃𑄪𑄥𑄨𑄋𑄬 𑄜𑄧𑄢𑄈𑄪𑄣𑄧 𑄟𑄧𑄚𑄧 𑄘𑄧𑄎𑄳𑄠𑄛𑄚𑄨𑄖𑄴 𑄍𑄧𑄣 𑄞𑄎𑄬 𑄛 𑄞𑄎𑄬𑄢𑄴।","রুনরা আমি কানে এই বারি খা, বাচ্চারা মনে পে পা ডোবাচ্ছে"
𑄘𑄨 𑄌𑄮𑄊𑄮𑄖𑄴 𑄣𑄢𑄬 𑄣𑄢𑄬 𑄊𑄪𑄟𑄧 𑄘𑄬𑄝𑄬𑄘𑄝𑄮 𑄉𑄏𑄉𑄧𑄢𑄨 𑄣𑄧𑄢𑄴।,দুই চোখে ধীরে ধীরে ঘুমিে যাওা ভূতটা গািে নিল
𑄝𑄨𑄌𑄴𑄌𑄧𑄚𑄧𑄖𑄴 𑄛𑄧𑄢𑄨 𑄘𑄧𑄣𑄧 𑄣𑄟𑄴𑄝 𑄊𑄪𑄟𑄴।,বিল্ডিংে পে লম্বা ঘুম
𑄜𑄧𑄢𑄈𑄪𑄣𑄧 𑄝𑄝𑄴 𑄝𑄮 𑄃𑄬𑄚𑄬 𑄈𑄪𑄏𑄨 𑄛𑄮 𑄃𑄨𑄇𑄴𑄇𑄮 𑄔𑄉 𑄃𑄨𑄠𑄪𑄚𑄨𑄞𑄢𑄴 𑄥𑄨𑄑𑄨𑄖𑄴 𑄛𑄧𑄢𑄬𑄢𑄴।,. ফরাকলের বাঁশটা এনে বাচ্চাগুলোর মাথা পরতেছে
𑄖𑄢𑄬 𑄚𑄨𑄚𑄬 𑄖𑄢𑄴 𑄞𑄧𑄎𑄚𑄴 𑄃𑄏।,তাকে নিে তার ভ আছে
"𑄟𑄌𑄴 𑄖𑄧𑄢𑄧 𑄛𑄮, 𑄉𑄧𑄟𑄬 𑄣𑄬𑄉 𑄚𑄧 𑄛𑄧𑄢𑄴𑄣𑄬 𑄟𑄪 𑄇𑄪𑄘𑄪 𑄘𑄬𑄊𑄬𑄝𑄧।","মাছটা তোমার ছেলে, ভালোভাবে লাগতে না পারলে আমার খারাপ লাগবে"
𑄜𑄧𑄢𑄈𑄪𑄣𑄧𑄢𑄬 𑄡 𑄛𑄢𑄬 𑄝𑄪𑄏𑄬𑄣𑄧।,. ফোঁাটাকে যা পারা যা
𑄜𑄧𑄢𑄈𑄪𑄣𑄧 𑄎𑄚𑄬 𑄎𑄬 𑄘𑄨𑄚𑄴𑄇𑄣𑄴 𑄛𑄧𑄢𑄬𑄢𑄴𑄣𑄨 𑄉𑄧𑄟𑄴 𑄣𑄬𑄊𑄛𑄧𑄢 𑄚𑄧 𑄎𑄚𑄨𑄣𑄬 𑄃𑄬 𑄘𑄨𑄚𑄮𑄖𑄴 𑄖𑄧𑄢𑄚 𑄃𑄊𑄖𑄳𑄠𑄬।,. ফরা করলে যে দিনকাল ভালো হবে না এই দিনে তাাতাি লেখা হ
𑄖 𑄝𑄝𑄧 𑄟𑄧𑄚𑄧𑄖𑄴 𑄛𑄧𑄎𑄳𑄠 𑄇𑄧𑄘𑄚𑄨 𑄃𑄟𑄨𑄎 𑄞𑄝𑄨 𑄌𑄠𑄴 𑄃 𑄇𑄬𑄋𑄬𑄢𑄨 𑄃𑄇𑄴𑄇𑄮𑄝𑄧 𑄛𑄧𑄖𑄴𑄗𑄚𑄴 𑄖𑄮𑄉𑄬 𑄛𑄬𑄘𑄧 𑄌𑄠𑄴।,তার বাবা মনে পে পা কথা গুলো মনে পে আছে
𑄥𑄛𑄴 𑄖 𑄘𑄧𑄥𑄴 𑄘𑄨𑄚𑄴 𑄝𑄨𑄘𑄨 𑄉𑄬𑄣𑄬 𑄔𑄉𑄖𑄴 𑄣𑄧𑄢𑄴 𑄘𑄧𑄣𑄧।,সাপ তাাতাি মাটিতে পে যা
𑄣𑄧𑄚𑄴𑄌𑄧𑄖𑄴 𑄡𑄘𑄬 𑄡𑄘𑄬 𑄃𑄪𑄥𑄨𑄋𑄧 𑄇𑄧𑄘 𑄟𑄧𑄚𑄧𑄖𑄴 𑄖𑄪𑄣𑄨 𑄖𑄪𑄣𑄨 𑄃𑄧𑄇𑄪𑄣𑄴 𑄘𑄧𑄎𑄳𑄠𑄖𑄴 𑄥𑄎𑄪𑄢𑄧 𑄙𑄧𑄢𑄴𑄣𑄧।,নৌকা করে যেতে যেতে উপরের কথা গুলো মনে পে অনেক সমে সাজুলো
𑄃𑄬𑄝𑄢𑄧𑄖𑄴 𑄃𑄬𑄇𑄴 𑄇 𑄝𑄋𑄮𑄘𑄨 𑄘𑄊𑄨 𑄊𑄧𑄢𑄧𑄖𑄴 𑄈𑄪𑄌𑄴 𑄘𑄨𑄣𑄬 𑄇𑄬𑄎𑄚𑄴 𑄦𑄧𑄠𑄴 𑄞𑄝𑄨𑄣𑄧।,এইবারে এক কাপের মাথা টোকা দিলে কেমন হবে মনে হ
𑄃𑄬𑄇𑄴𑄇 𑄛𑄳𑄦𑄧𑄢𑄴 𑄃𑄊𑄬 𑄢𑄋𑄟𑄖𑄳𑄠𑄬 𑄛𑄨𑄏𑄬𑄃𑄨 𑄊𑄧𑄢𑄧𑄖𑄴 𑄃𑄬𑄃𑄨 𑄈𑄪𑄌𑄴 𑄜𑄬𑄣𑄬𑄣𑄧।,একটু অন্ধকার আছে এমন অন্ধকার বািে এই টোকা ফেললো
𑄖 𑄛𑄨𑄏𑄬𑄃𑄨 𑄞𑄬𑄃𑄨𑄘𑄮 𑄇𑄧𑄘 𑄥𑄪𑄚𑄬𑄣𑄧।,তার পেছনে বোই কথা বলে
𑄽.,"১. সাত, সাত"
𑄝𑄋𑄮𑄘𑄨 𑄎𑄟𑄬𑄃𑄨𑄝𑄮𑄢𑄴 𑄌𑄉𑄪𑄢𑄨 𑄦𑄧𑄧𑄣𑄧।,বৌদ্ধ সন্ন্যাসীটি বৌদ্ধ ভিক্ষু হলো
𑄝𑄧𑄚𑄴𑄘𑄧 𑄛𑄬𑄣𑄬 𑄢𑄋𑄟𑄖𑄳𑄠𑄬 𑄘𑄧 𑄃𑄬𑄇𑄴𑄘𑄨𑄚𑄴 𑄗𑄬𑄃𑄨 𑄝𑄬𑄢𑄬 𑄡𑄠𑄴।,বন্ধ পেলে রাঙামাটিতে তো একবার ঘুরে যা
"𑄢𑄋𑄟𑄖𑄳𑄠𑄬 𑄞𑄢 𑄊𑄧𑄢𑄚𑄴 𑄚𑄧 𑄍𑄢𑄨𑄣𑄇𑄴 𑄃𑄢𑄴 𑄝𑄋𑄮𑄘𑄨, 𑄖 𑄛𑄮𑄮 - 𑄝𑄮 𑄃 𑄚𑄧𑄚𑄧𑄚𑄴𑄚𑄮, 𑄃𑄧𑄇𑄴𑄖𑄧 𑄃𑄧𑄇𑄴𑄖𑄧 𑄥𑄮𑄢𑄴 - 𑄥𑄪𑄢𑄨 𑄃𑄬𑄎𑄧𑄚𑄴।","লালমাা বািটা আর ছারলো না, তার ছেলে - ব ব বোন"
𑄖𑄢 𑄣𑄟𑄴𑄝 𑄝𑄧𑄚𑄴𑄘𑄧𑄖𑄴 𑄊𑄧𑄢𑄧𑄖𑄴 𑄘𑄨 𑄃𑄬𑄇𑄴𑄘𑄨𑄚𑄴 𑄗𑄬𑄃𑄨 𑄢𑄋𑄟𑄖𑄳𑄠𑄬 𑄜𑄨𑄢𑄧𑄚𑄴।,তারা লম্বা বন্ধে বািে এক দিন দাঁিে থাকে
𑄝𑄉𑄚𑄴𑄠𑄚𑄨 𑄘𑄨𑄚𑄴 𑄘𑄨𑄚𑄴 𑄌𑄮𑄊𑄮𑄖𑄴 𑄛𑄧𑄢𑄬 𑄛 𑄦𑄧𑄢𑄴।,বাগানগুলো দিন দিন দেখতে হ
𑄖𑄢𑄢𑄬 𑄝𑄬𑄉𑄬 𑄇𑄧𑄚𑄴 𑄃𑄨𑄖𑄴𑄖𑄪𑄚𑄴 𑄖𑄪𑄟𑄨 𑄣𑄈𑄴 𑄖𑄬𑄋 𑄇𑄟𑄬 𑄛𑄢𑄨𑄝।,তাদেরকে অনেক ব কাজ করতে হবে
"𑄝𑄋𑄮𑄘𑄨 𑄞𑄧𑄖𑄴𑄖𑄨 𑄦𑄮𑄃𑄨, 𑄛𑄧𑄢𑄨𑄇𑄴𑄈𑄬 𑄘𑄨𑄣𑄧।",বাঁশটা কেটে দিে পরীক্ষা দিে দিল
𑄛𑄥𑄴 𑄦𑄧𑄣𑄧।,১. পাহাের মাটি ২. পাহাের মাটি
𑄃𑄢𑄧 𑄝𑄨. 𑄃𑄬. 𑄞𑄧𑄖𑄴𑄖𑄨 𑄦𑄧𑄣𑄧।,আর বি. এ. ভর্তি হেছে
𑄝𑄬𑄉𑄬 𑄇𑄧𑄚𑄴 𑄛𑄧𑄢𑄴 𑄟 𑄟𑄌𑄪𑄌𑄴 𑄇𑄨 𑄃𑄬𑄘𑄧𑄇𑄴 𑄉𑄧𑄢𑄧𑄌𑄴 𑄛𑄧𑄎𑄳𑄠।,দ্রুত কোন পর মা মাছ এত ব পে
𑄝𑄋𑄮𑄘𑄨 𑄇𑄚𑄬 𑄣𑄬𑄂 𑄚𑄧 𑄉𑄧𑄢𑄬।,বাঁশটা কানে পে না
𑄖𑄢𑄴 𑄎𑄨𑄖𑄴𑄝𑄖𑄴 𑄝𑄨. 𑄃𑄬. 𑄛𑄥𑄴 𑄉𑄧𑄢𑄨𑄝𑄧।,তার সাথে বি. এ. পাহাের গরীব
"𑄛𑄧𑄢𑄴𑄟 𑄟𑄚𑄪𑄌𑄴, 𑄇𑄧𑄌𑄴𑄖𑄧 - 𑄝𑄨𑄌𑄴𑄖𑄧 𑄉𑄧𑄢 𑄛𑄧𑄢𑄬𑄢𑄴।","পা মানুষ, কেকটা - বিচার করতে হ"
𑄝𑄋𑄮𑄘𑄨 𑄖 𑄛𑄨𑄏𑄬𑄃𑄨 𑄖𑄪𑄋𑄴𑄛𑄪𑄘𑄨 𑄟𑄘𑄊𑄧 𑄃𑄨𑄘𑄪 𑄍𑄬𑄢𑄬 𑄉𑄪𑄚𑄬𑄘𑄨 𑄝𑄬𑄢 𑄡𑄠𑄴।,ব্যাঙটা তার পিঠে করে এদিক সেদিক ঘুরে বো
𑄖 𑄛𑄨𑄏𑄬𑄃𑄨 𑄃𑄬𑄝𑄢𑄧𑄖𑄴 𑄉𑄬𑄣𑄬 𑄇𑄧𑄠𑄴 - 𑄖𑄧 𑄝𑄝𑄧 𑄢𑄉𑄴 𑄃𑄬𑄇𑄴𑄇 𑄇𑄧𑄟𑄨 𑄃𑄬𑄥𑄳𑄠𑄬।,তার বাবা এবার গেলে কেকদিন তোমার বাির রাগ একটু কমে আসে
𑄍𑄬𑄢𑄴 𑄜𑄬𑄣𑄬 𑄟𑄨𑄉𑄨𑄚𑄨𑄖𑄴 𑄝𑄬𑄢𑄬𑄃𑄨 𑄃𑄬𑄎𑄧𑄉𑄮𑄃𑄨।,ছেঁা ফেলে মিশিে বো
𑄝𑄋𑄮𑄘𑄨 𑄇𑄧𑄠𑄴 - 𑄟𑄧𑄢𑄴𑄃𑄮 𑄟𑄧𑄚𑄚𑄴 𑄡𑄬𑄝𑄢𑄴 𑄙𑄢𑄌𑄴।,ব্যাঙের মতো আমার মনটা যাওার ইচ্ছা
𑄈𑄣𑄨𑄇𑄴 𑄃𑄨𑄇𑄴𑄇𑄪 𑄘𑄧 𑄎𑄪 𑄚𑄧 𑄃𑄪𑄙𑄬𑄢𑄴।,খালি পেটে কেউ উঠতেছে না
𑄖𑄪𑄋𑄴𑄛𑄪𑄘𑄨 𑄟 𑄚𑄧 𑄟𑄙𑄨 𑄢𑄧𑄣𑄧।,তুংপুটি মাদি মাদি থাকল না
𑄊𑄧𑄢𑄧𑄖𑄴 𑄝𑄋𑄮𑄘𑄨𑄘𑄊𑄨 𑄇𑄧𑄘-𑄝𑄖𑄴𑄖 𑄝𑄬𑄌𑄴 𑄚𑄧 𑄖𑄪𑄣𑄬।,বািতে বৈদ্যরা কথাবার্তা বেশি তুলে না
𑄖𑄪𑄋𑄴 𑄛𑄪𑄘𑄨 𑄟 𑄎𑄚𑄬 𑄚𑄨𑄎𑄧𑄢𑄴𑄃𑄮 𑄏𑄨 𑄃𑄊𑄧𑄚𑄴।,তুং পুি মাের নিজের ঝি আছে
𑄝𑄢𑄴 𑄇𑄧𑄘 𑄇𑄮𑄃𑄨 𑄚𑄧 𑄛𑄢𑄬।,সব কথা বলতে পারে না
𑄘𑄧𑄉𑄬 𑄚𑄧 𑄦𑄧𑄣𑄬 𑄚𑄨𑄎𑄧 𑄇𑄨𑄠𑄬𑄖𑄴 𑄛𑄧𑄢𑄬।,দৌাদৌি করতে না পারলে নিজের শরীর লাগে
𑄝𑄋𑄮𑄘𑄨 𑄝𑄝𑄧𑄢𑄬 𑄃𑄮 𑄃𑄬𑄝𑄢𑄧𑄖𑄴 𑄃𑄬𑄣𑄬 𑄝𑄪𑄏𑄧𑄠𑄴।,বামহাতি বাপও এবার আসলে বুঝ
"𑄝𑄋𑄮𑄘𑄨 𑄃. 𑄃𑄬. 𑄛𑄥𑄴 𑄉𑄧𑄢𑄨𑄚𑄬 𑄖𑄢𑄴 𑄟𑄧𑄚𑄴 𑄃𑄬𑄇𑄴𑄇 𑄝𑄧𑄘𑄧𑄣𑄨 𑄡𑄨𑄠𑄬, 𑄃𑄨𑄠𑄚𑄴 𑄖𑄬 𑄥𑄳𑄠𑄬𑄇𑄴 𑄛𑄨𑄠𑄬।","বামহাতি সে,এখন তার মনটা একটু বাঁকা হেছে"
𑄖𑄪𑄋𑄴𑄛𑄪𑄘𑄨 𑄟 𑄇𑄮𑄃𑄨 𑄛𑄢𑄬 - 𑄝𑄋𑄮𑄘𑄨 𑄝𑄝𑄧 𑄟𑄧𑄚𑄚𑄴 𑄎𑄬 𑄚𑄧𑄢𑄧𑄟𑄴।,তুংপুি মা বলতে পারে -বাঙি বাবা মন যে নরম
𑄟𑄧𑄚𑄧𑄖𑄴 𑄗𑄬𑄣𑄬𑄃𑄮 𑄝𑄬𑄇𑄴 𑄇𑄧𑄘𑄚𑄨 𑄞𑄋𑄨 𑄇𑄮𑄃𑄨 𑄚𑄧 𑄝𑄢𑄬।,মনে থাকলে সব কথা ভেঙে বলে না
"𑄝𑄋𑄮𑄘𑄨𑄘𑄊𑄨𑄢𑄴 𑄝𑄧𑄏𑄧𑄢𑄴 𑄝𑄧𑄏𑄧𑄢𑄴 𑄃𑄘, 𑄦𑄧𑄣𑄮𑄘𑄴 𑄝𑄬𑄎𑄨, 𑄃𑄚𑄥𑄴 𑄝𑄬𑄎𑄨 𑄥𑄢𑄬 𑄛 𑄖𑄬𑄋 𑄃𑄬𑄎𑄧𑄚𑄴।","বামহাতিদের বছর বছর আদা, হলুদ বোই,আনা বোই করে অনেক টাকা আসে"
𑄃 𑄃𑄨𑄇𑄴𑄇𑄪 𑄘𑄧 𑄎𑄟𑄬𑄝𑄮𑄠𑄮 𑄌𑄉𑄪𑄢𑄨 𑄉𑄧𑄢𑄬।,একজন জ্যেঠীও চামা করে
"𑄉𑄨𑄢𑄨𑄖𑄴 𑄖𑄨 𑄍𑄨𑄉𑄮𑄚𑄴, 𑄈𑄬𑄃𑄨 𑄘𑄬𑄃𑄨 𑄥𑄢𑄬 𑄛 𑄝𑄳𑄠$𑄧𑄖𑄴 𑄖𑄬𑄋 𑄎𑄧𑄟 𑄘𑄨 𑄛𑄢𑄧𑄚𑄴।","গিরিতে তেতো তেতো, খেে দিে সারা বছর টাকা জমা দিতে পারে"
𑄖𑄬𑄋 𑄣𑄧𑄉𑄬 𑄟𑄚𑄴 𑄎𑄮𑄢𑄴 𑄟𑄧𑄚𑄧 𑄈𑄪𑄎𑄨𑄠𑄮 𑄃𑄬𑄎𑄬।,টাকা সাথে সাথে মানুষের মনে আগ্রহ জন্মে
𑄃𑄨𑄇𑄴𑄇𑄪 𑄝𑄚 𑄎𑄧𑄚𑄨 𑄃𑄪𑄚𑄮 𑄗𑄠𑄴 𑄥𑄨𑄠𑄚𑄴 𑄖𑄢𑄴 𑄝𑄨. 𑄃𑄬. 𑄛𑄥𑄴 𑄉𑄧𑄢𑄚 𑄃𑄳𑄦 𑄎𑄟𑄬𑄝𑄮𑄢𑄴 𑄝𑄧𑄘𑄧𑄣𑄨 𑄦𑄧𑄚।,একজন শুধু উনো থাকে সেটা তার বি. এ. পাশ কেটে যাওা
"𑄥𑄧𑄢𑄴𑄇𑄢𑄨 𑄌𑄉𑄪𑄢𑄨, 𑄟𑄧𑄚𑄬 𑄇𑄧𑄣𑄬 𑄘𑄧 𑄃𑄢𑄴 𑄝𑄧𑄘𑄧𑄣𑄨 𑄦𑄮𑄃𑄨 𑄚𑄧 𑄛𑄢𑄬।","সজারু,মনে পলে তো আর বদল হতে পারে না"
𑄇𑄧𑄟𑄧𑄣𑄬 𑄝𑄧𑄘𑄧𑄣𑄨 𑄦𑄮𑄃𑄨 𑄛𑄢𑄨𑄝𑄧 - 𑄃𑄨𑄠𑄚𑄴 𑄚𑄨𑄖𑄳𑄠𑄧 𑄟𑄧𑄚𑄴 𑄇𑄣 𑄉𑄧𑄢𑄨 𑄘𑄳𑄠𑄬।,.কমে বদলি হে যাবে-এইটা মনে কালো করে দে
𑄝𑄋𑄮𑄘𑄨 𑄎𑄟𑄬𑄝𑄮 𑄃𑄬𑄇𑄴𑄝𑄢𑄴 𑄝𑄨𑄏𑄪 𑄇𑄪𑄢𑄬 𑄇𑄪𑄢𑄬 𑄖𑄪𑄋𑄴𑄛𑄪𑄘𑄨 𑄟𑄘𑄊𑄨𑄢𑄬 𑄎𑄧𑄚𑄴 𑄉𑄧𑄘𑄬 𑄉𑄧𑄘𑄬 𑄇𑄝𑄧𑄢𑄴 𑄇𑄨𑄚𑄨 𑄊𑄧𑄢𑄧𑄖𑄴 𑄘𑄨𑄣𑄧𑄉𑄮𑄃𑄨।,ব্যাঙটা এক বিঝুর পাশ দিে কচ্ছপকে জন করে কাপ দিে বািতে দিল
𑄝𑄬𑄇𑄴 𑄇𑄪𑄚 𑄈𑄪𑄎𑄨।,সব পোকামাক
𑄖𑄪𑄋𑄴𑄛𑄪𑄘𑄨𑄘𑄊𑄨 𑄇𑄧𑄚𑄴 - 𑄃𑄟𑄖𑄴𑄖𑄪𑄚𑄴 𑄥𑄧𑄘𑄧𑄢𑄴 𑄝𑄮𑄚𑄧 𑄎𑄟𑄬 𑄚𑄧 𑄗𑄬𑄣𑄬 𑄇𑄨 𑄦𑄧𑄝𑄧।,তুংপুং করে কোন কথা- আমাদের বািটা না থাকলে কি হবে
𑄝𑄋𑄮𑄘𑄨 𑄎𑄟𑄬𑄝𑄮 𑄥𑄧𑄘𑄧𑄢𑄧𑄖𑄴𑄖𑄪𑄚𑄴 𑄝𑄬𑄌𑄴।,বাঁশের বোইটা সদর থেকে বেশি
𑄖𑄪𑄋𑄴𑄛𑄪𑄘𑄨 𑄟 𑄝𑄋𑄮𑄘𑄨 𑄎𑄟𑄬𑄝𑄮𑄢𑄬 𑄇𑄧𑄠𑄴 - 𑄝𑄃𑄨𑄣𑄬𑄘 𑄝𑄬𑄌𑄴 𑄈𑄧𑄢𑄧𑄌𑄴 𑄚𑄧 𑄉𑄮𑄌𑄴𑄎𑄮।,তুংপুং করে মেেকে বলে - বোলটা বেশি খরচ করে না
𑄝𑄋𑄮𑄘𑄨 𑄎𑄟𑄬𑄃𑄨𑄝𑄮 𑄚𑄧 𑄟𑄙𑄨 𑄢𑄧𑄣𑄧।,বাঁশটা শক্ত হেছে
𑄝𑄚 𑄇𑄧𑄣𑄧 - 𑄛𑄨𑄏𑄬𑄃𑄨 𑄃𑄨𑄠𑄚𑄨 𑄇𑄨𑄚𑄧𑄘𑄬 𑄇𑄨 𑄣𑄈𑄴 𑄖𑄬𑄋 𑄣𑄉𑄬।,শুধু কল দিে এগুলো কিনে নিতে কত টাকা লাগে
𑄖𑄪𑄋𑄴𑄛𑄪𑄘𑄨 𑄟 𑄇𑄧𑄣𑄧 - 𑄖𑄪𑄟𑄨 𑄃𑄉𑄬 𑄝𑄧𑄘𑄧𑄣𑄨 𑄦𑄧।,তুংপুটি মা কল - তুমি আগে যাও
𑄥𑄨𑄠𑄚𑄴𑄘𑄮𑄃𑄨 𑄟𑄧𑄢𑄴 𑄞𑄢𑄨 𑄟𑄧𑄚𑄴 𑄇𑄘𑄇𑄘𑄨।,সেকারণে আমার খুব ভালো লাগে
𑄚𑄧 𑄛𑄢𑄧𑄋𑄧𑄖𑄴𑄖𑄬 𑄛𑄨𑄏𑄬𑄃𑄨 - 𑄖𑄪𑄋𑄴𑄛𑄪𑄘𑄨 𑄎𑄟𑄬𑄃𑄨 𑄝𑄮 𑄎𑄮𑄝𑄴 𑄘𑄬।,.পারতে পারতেছি না - তর্জনী দিে বোটা দাও
𑄎𑄬𑄢𑄬 𑄇𑄧𑄣𑄧 𑄪 𑄛𑄨𑄏𑄬𑄃𑄨𑄘𑄊𑄨 𑄢𑄋𑄟𑄖𑄳𑄠𑄬 𑄃𑄟𑄢𑄴 𑄇𑄧𑄚𑄴 𑄚 𑄃𑄊𑄬 𑄃𑄢𑄴।,মেেকে কল দিে লালমািে আমার আর কিছু নেই
𑄃𑄬𑄇𑄴 𑄇 𑄟𑄳𑄦𑄧 𑄦𑄮𑄃𑄨 𑄎𑄬𑄢𑄬 𑄃𑄢𑄧 𑄇𑄮𑄃𑄨 𑄡𑄠𑄴 - 𑄖𑄪𑄟𑄨 𑄃𑄊𑄧𑄇𑄬𑄃𑄨 𑄚𑄨 𑄌𑄨𑄙𑄬𑄉𑄧𑄢𑄨 𑄗𑄬𑄃𑄨 𑄛𑄢𑄧𑄋𑄴𑄉𑄬।,এক কথা বলে আবার চলে যা - তুমি এখনো চুপ করে থাকতে পারবে
𑄎𑄬𑄢𑄬 𑄇𑄧𑄘 𑄟𑄬𑄣𑄬 - 𑄎𑄧𑄚𑄨 𑄏𑄘𑄨 𑄏𑄘𑄨 𑄝𑄧𑄘𑄧𑄣𑄨 𑄦𑄮𑄃𑄨 𑄛𑄖𑄴𑄖।,.অন্যরা কথা বলে -পাহাে পাহাে চলে যা
𑄃𑄬 𑄎𑄬𑄢𑄬 𑄇𑄨 𑄎𑄬𑄚𑄬 𑄇𑄧𑄝𑄢𑄴 𑄎𑄪𑄉𑄪𑄣𑄮𑄠𑄴 𑄈𑄣𑄨𑄇𑄴 𑄟𑄪𑄠𑄖𑄴𑄖𑄪𑄚𑄴 𑄚𑄨𑄉𑄨𑄣𑄬 𑄚𑄧 𑄝𑄢𑄬।,এই কারণে কেন জানি না আমি তার কথাগুলো বিশ্বাস করি না
𑄖𑄪𑄋𑄴𑄛𑄪𑄘𑄨 𑄘𑄊𑄨𑄃𑄨𑄘𑄪 𑄝𑄋𑄮𑄘𑄨 𑄎𑄟𑄬𑄝𑄮 𑄝𑄬𑄢 𑄃𑄬𑄣𑄬 𑄃𑄧𑄇𑄴𑄖𑄧 𑄃𑄧𑄇𑄴𑄖𑄧 𑄖𑄪𑄋𑄴𑄛𑄪𑄘𑄨𑄠𑄮 𑄇𑄧𑄘 𑄟𑄬𑄣𑄬।,তুংপুং করে বাঁশটা ঘুরতে আসলে অনেক গুলো তুংপুং করে কথা বলে
𑄖𑄪𑄋𑄴𑄛𑄪𑄘𑄨 𑄇𑄧𑄠𑄴 - 𑄃 𑄝𑄧𑄚𑄧𑄃𑄨।,তুংপুটি কেকটা-আনি
𑄝𑄋𑄮𑄘𑄨 𑄎𑄟𑄬𑄝𑄮 𑄚𑄧 𑄟𑄙𑄨 𑄗𑄠𑄴।,বাঁশের বোটা মিশিে থাকে না
𑄍𑄬𑄢𑄴 𑄛𑄬𑄣𑄬 𑄖𑄪𑄋𑄴𑄛𑄪𑄘𑄨 𑄟 𑄖𑄪𑄋𑄴𑄛𑄪𑄘𑄨𑄢𑄬 𑄌𑄮𑄊𑄮𑄖𑄴 𑄒𑄢𑄴 𑄟𑄢𑄬।,ছেঁা পেলে তুংপুং করে মা তুংপুং করে চোখে মারে
𑄖𑄪𑄋𑄴𑄛𑄪𑄘𑄨 𑄥𑄬 𑄇𑄧𑄘 𑄚𑄧 𑄟𑄬𑄣𑄬 𑄃𑄢𑄴।,তুংপুতে সেই কথা আর মেলে না
𑄃𑄬𑄝𑄧 𑄇𑄧𑄣𑄬𑄎𑄧𑄖𑄴 𑄛𑄧𑄢𑄴𑄬।,এখন কলেজ পতেছে
𑄝𑄪𑄘𑄴𑄙𑄨 - 𑄥𑄪𑄘𑄴𑄙𑄨 𑄚𑄧 𑄦𑄧𑄠𑄴।,বুদ্ধি-বুদ্ধি হ না
𑄛𑄥𑄴 𑄉𑄧𑄢𑄴𑄣𑄬 𑄔𑄉𑄖𑄴 𑄞𑄧𑄖𑄴𑄖𑄨 𑄦𑄧𑄝𑄧 𑄃𑄏 𑄚𑄨𑄚𑄬 𑄖𑄪𑄋𑄴𑄛𑄪𑄘𑄨 𑄟𑄧𑄚𑄴 𑄘𑄨 𑄛𑄧𑄢𑄬।,পাহাে বসতে হলে ছাতা নিে বসতে হ
𑄖𑄋𑄴 𑄛𑄪𑄘𑄨 𑄖𑄟𑄴𑄟 𑄇𑄧𑄘/𑄙 𑄟𑄧𑄚𑄧𑄖𑄴 𑄝𑄚𑄨𑄚𑄬 𑄛𑄧𑄢𑄖𑄴 𑄟𑄧𑄚𑄴 𑄘𑄳𑄠𑄬।,.তার স্ত্রীর কথা/কথা মনে পেছে
𑄜𑄧𑄢𑄈𑄪𑄣𑄧 𑄃𑄬𑄣𑄬 - 𑄔𑄉 𑄈𑄧𑄝𑄧𑄢𑄴 𑄎𑄚𑄨 𑄣𑄧𑄠𑄴।,. ফরা করলে খবর নেওা যা
𑄜𑄧𑄢𑄈𑄪𑄣𑄧 𑄇𑄧𑄠𑄴 - 𑄛𑄧𑄢𑄨𑄇𑄴𑄈𑄬 𑄗𑄪𑄟𑄴 𑄦𑄧𑄣𑄬 𑄔𑄉𑄖𑄴 𑄝𑄬𑄢𑄬 𑄛𑄢𑄨𑄝𑄬𑄉𑄮𑄃𑄨 𑄘𑄧।,.ফরাক বলল- পরীক্ষা শেষ হলে গ্রামে ফিরতে পারবে তো
𑄖𑄪𑄋𑄴𑄛𑄪𑄘𑄨 𑄃𑄏 𑄝𑄚𑄨 𑄗𑄠𑄴।,তুংপুটি বাসা বেঁধে থাকে
𑄾.,"১, ৮, ৮"
𑄜𑄧𑄢𑄈𑄪𑄣𑄧 𑄢𑄴 𑄊𑄧𑄢𑄧𑄖𑄴 𑄖𑄪𑄚𑄴 𑄜𑄨𑄢𑄨 𑄘𑄨 𑄟𑄥𑄴 𑄝𑄨𑄘𑄨 𑄉𑄬𑄣𑄧।,. ফরাকরুল দিে পাহাে পাহাে গেল
𑄃𑄪𑄥𑄨𑄋𑄧𑄢𑄴 𑄈𑄧𑄝𑄧𑄢𑄴 𑄚𑄬𑄃𑄨।,উস্কুখুস্কু
𑄦𑄧𑄣𑄧𑄖𑄴 𑄟𑄧𑄚𑄴 𑄟𑄧𑄢 𑄉𑄧𑄢𑄨 𑄗𑄠𑄴।,হলুদ মন মরা করে থাকে
𑄚𑄨𑄣𑄴 𑄈𑄬𑄘𑄧𑄖𑄴 𑄖𑄪𑄚𑄴 𑄛𑄪𑄢𑄮𑄚𑄴 𑄝𑄧𑄃𑄨 𑄖𑄮𑄉𑄬𑄃𑄨 𑄇𑄨𑄚𑄬।,নীল খেদে তুন পুরনো বই বিক্রি করে
𑄖 𑄥𑄧𑄟𑄎𑄳𑄠𑄠𑄪𑄚𑄬 𑄛𑄪𑄏𑄢𑄴 𑄉𑄧𑄢𑄧𑄚𑄴 - 𑄖𑄧 𑄊𑄧𑄢𑄧𑄖𑄴 𑄇𑄨 𑄦𑄪𑄠𑄬 𑄚𑄇𑄨।,তার সমাজটা সুন্দর করে - তোমার বািতে কি হেছে নাকি
𑄜𑄧𑄢𑄈𑄪𑄣𑄧 - 𑄟𑄙 𑄣𑄢𑄃𑄨।,এক জাতী বুনো ফল যা সবজি হিসেবে ব্যবহৃত হ
𑄃𑄬𑄇𑄴 𑄘𑄨𑄚𑄴 𑄙𑄨𑄢𑄎𑄴 𑄞𑄧𑄖𑄴𑄖𑄌𑄢𑄴𑄡𑄧𑄢𑄴 ’𑄡𑄧𑄈𑄨𑄚𑄴 𑄛𑄪𑄣𑄨𑄥𑄬 𑄍𑄨𑄣𑄟𑄴‘ 𑄝𑄮𑄃𑄨𑄝𑄮 𑄛𑄧𑄢𑄬𑄢𑄴।,এক দিন ভে ভেছে-যতগুলো পুলিশ আছে -বোইতে হবে
𑄛𑄧𑄖𑄴 𑄖𑄬 𑄛𑄧𑄖𑄴 𑄖𑄬 𑄞𑄧𑄎𑄚𑄴 𑄉𑄧𑄟𑄴 𑄣𑄉𑄬𑄢𑄴।,সে পথে পথে ভালো লাগে
𑄑𑄬𑄇𑄴 𑄚𑄜𑄧‘𑄢𑄴 𑄃𑄬𑄇𑄴 𑄢𑄈𑄃𑄨𑄚𑄴 𑄉𑄞𑄪𑄢𑄨𑄢𑄴 𑄉𑄞𑄪𑄢𑄨𑄣𑄮𑄃𑄨 𑄇𑄮𑄌𑄴 𑄛 𑄛𑄨 𑄇𑄧𑄘/𑄙।,টেকের নালা দিে এক রোহিঙ্গা গািে কথা বলছে
𑄝𑄧𑄃𑄨𑄝𑄮 𑄛𑄧𑄖𑄴𑄖𑄬 𑄛𑄧𑄖𑄴𑄖𑄬 𑄟𑄧𑄚𑄧 𑄇𑄮𑄌𑄴 𑄛𑄚 𑄖𑄪𑄝𑄮𑄣𑄴𑄠𑄪𑄚𑄴 𑄃𑄧𑄏𑄢𑄴 𑄦𑄧𑄘𑄧𑄚𑄴।,বইের পতে পতে মনটা কেমন যেন হছে
𑄛𑄢𑄚𑄧𑄖𑄴 𑄝𑄢𑄨 𑄈𑄘𑄧𑄚𑄴।,পাহাে বারি খা
"𑄈𑄣𑄨𑄇𑄴 𑄎𑄧𑄢 𑄚𑄧 𑄝𑄧𑄖𑄳𑄠𑄬 𑄇𑄮𑄌𑄴 𑄛𑄚, 𑄢𑄈𑄃𑄨𑄚𑄴 𑄘𑄮𑄣𑄴 𑄉𑄞𑄪𑄢𑄨 𑄃𑄧𑄇𑄣𑄳𑄠𑄬 𑄝𑄪𑄘𑄪 𑄍𑄨𑄚𑄨 𑄛𑄧𑄢𑄚 . . 𑄇𑄧𑄘/𑄙 𑄞𑄝𑄨 𑄞𑄝𑄨 𑄟𑄧𑄚𑄚𑄴 𑄥𑄬𑄀𑄖𑄴 𑄥𑄬𑄀𑄖𑄴 𑄛𑄨𑄚𑄴 𑄘𑄮𑄃𑄨 𑄛𑄧𑄢𑄚𑄧𑄖𑄴 𑄇𑄧𑄚𑄴𑄚 𑄉𑄪𑄘𑄧𑄘𑄧𑄚𑄴𑄘𑄬 𑄘𑄧𑄇𑄴 𑄛𑄢𑄴।",". খালি পায়ে বসে থাকা, রাখাইন সুন্দর গািে বসে থাকা"
𑄝𑄧𑄃𑄨𑄝𑄮 𑄛𑄧𑄖𑄴𑄖𑄬 𑄛𑄧𑄖𑄴𑄖𑄬 𑄉𑄪𑄢𑄨 𑄇𑄝𑄮𑄌𑄴 𑄘𑄨 𑄌𑄨𑄚𑄴 𑄘𑄨𑄚𑄬 𑄗𑄮𑄃𑄨𑄚𑄬 𑄗𑄨𑄠𑄬𑄣𑄧।,বইটা পতে পতে ছোট কাপ দিে স্থির হে আছে
𑄢𑄪𑄟𑄧 𑄞𑄨𑄘𑄧𑄢𑄬𑄖𑄴 𑄖𑄪𑄚𑄴 𑄝𑄢𑄚𑄴𑄘 𑄚𑄨𑄉𑄨𑄣𑄨𑄣𑄨 𑄦𑄘 𑄙𑄧𑄢𑄴𑄣𑄧।,রুমের ভিতরে তুন বারান্দা নিে হাত ধরা হ
𑄛𑄧𑄢𑄚𑄴 𑄎𑄳𑄠𑄬𑄚𑄴 𑄃𑄧𑄙𑄧𑄖𑄴 𑄚𑄬𑄃𑄨।,পুা জাগা নেই
𑄖𑄨 𑄖𑄣 𑄃𑄪𑄉𑄪𑄢𑄬𑄖𑄴 𑄖𑄪𑄚𑄴 𑄊𑄧𑄚𑄧 𑄊𑄧𑄚𑄧 𑄝𑄢𑄬 𑄢𑄨𑄚𑄨 𑄌𑄢𑄴।,তে তালার উপরে তুন ঘন ঘন বো চে
"𑄛𑄮 𑄍 𑄃𑄬𑄖𑄴𑄖𑄧𑄚𑄴, 𑄡𑄘𑄧𑄚𑄴, 𑄝𑄮𑄃𑄨 𑄝𑄮𑄃𑄨 𑄇𑄧𑄘/𑄙 𑄇𑄧𑄘𑄧𑄚𑄴 / 𑄙𑄧𑄚𑄴 𑄃𑄢𑄴 𑄇𑄨 𑄉𑄧𑄢𑄴𑄖𑄧𑄚𑄴 𑄥𑄨𑄚𑄴𑄘𑄨 𑄟𑄧𑄚𑄴 𑄚𑄬𑄃𑄨।","ছেলের মা এত ব,যাওা,ব ব কথা/ধন আরও কি গর্ত আছে মনে হ"
𑄌𑄨𑄚𑄴𑄛𑄧𑄌𑄴𑄎𑄧 𑄇𑄢𑄧 𑄢𑄬𑄠𑄮 𑄚𑄧 𑄘𑄬𑄊𑄬𑄢𑄴।,চেনা লোকও দেখতেছি না
𑄢𑄪𑄟𑄧𑄖𑄴 𑄃𑄢𑄧 𑄥𑄧𑄟𑄬𑄣𑄧𑄉𑄨।,"রুম, রুম, রুম"
𑄛𑄧𑄢𑄨 𑄢𑄧𑄣𑄧 𑄇𑄇𑄴𑄈𑄧𑄚𑄴।,এক জাতী পাখি
𑄝𑄧𑄃𑄨𑄝𑄮 𑄟𑄙 𑄇𑄪𑄢𑄬𑄘𑄨 𑄗𑄪𑄠𑄬 𑄃𑄊𑄬।,বইটা মাথার কাছে রেখে আছে
𑄝𑄧𑄃𑄨𑄝𑄮𑄢𑄴 𑄛𑄘 𑄘𑄨 𑄛𑄘 𑄃𑄬𑄝𑄧 𑄃𑄛𑄧𑄎𑄳𑄠 𑄃𑄊𑄬।,বইের পাতা দুই পাতা এখনো আছে
𑄗𑄪𑄟𑄴 𑄉𑄧𑄢𑄨𑄝𑄧 𑄞𑄝𑄬𑄢𑄴 ।,শেষ হওা কঠিন
𑄃𑄳𑄠𑄬𑄚𑄴 𑄃𑄧𑄇𑄴𑄖𑄧𑄖𑄴 𑄗𑄥𑄨𑄋𑄴 𑄉𑄮𑄃𑄨 𑄎𑄪𑄚𑄚𑄬 𑄢𑄪𑄪𑄟𑄧𑄖𑄴 𑄥𑄧𑄟𑄨𑄣𑄇𑄴𑄇𑄨।,.আকাশে তাকিে রোদ পোহাচ্ছে
"𑄗𑄥𑄨𑄋𑄬 𑄥𑄧𑄟𑄘𑄬 𑄚𑄧 𑄥𑄧𑄟𑄘𑄬 𑄝𑄧𑄃𑄨𑄝𑄮 𑄘𑄨 𑄃𑄬𑄇𑄴 𑄛𑄘 𑄃𑄪𑄣𑄴𑄣𑄬𑄃𑄨 𑄌𑄬𑄃𑄨 𑄇𑄧𑄣𑄧 - 𑄃𑄧, 𑄝𑄚𑄴𑄘𑄧𑄢𑄴𑄝𑄚𑄴𑄘𑄮𑄃𑄨 𑄥𑄣𑄬 𑄖𑄧𑄢𑄴 𑄟𑄬𑄠𑄳𑄠𑄬 𑄎𑄧𑄢𑄎𑄧𑄢𑄨 𑄦𑄧𑄖𑄳𑄠𑄬।","চাকমারা একসাথে বসতে না পেরে এক পাতা উপরে তুলে দেখে বলল,ও, বানরটা তখন তোমার মেেকে জিেছে"
𑄜𑄧𑄢𑄈𑄪𑄣𑄧 𑄗𑄥𑄨𑄋𑄧 𑄟𑄪𑄠𑄖𑄴𑄖𑄪𑄚𑄴 𑄝𑄚𑄴𑄘𑄧𑄢𑄴𑄝𑄚𑄧 𑄥𑄧𑄝𑄴𑄘𑄧𑄝𑄮 𑄥𑄪𑄚𑄨𑄚𑄬 𑄇𑄨𑄠𑄬𑄖𑄴 𑄎𑄢𑄴 𑄇𑄘 𑄘𑄨 𑄃𑄪𑄙𑄨𑄣𑄧।,.ফরাখোল তাশিাতাি আমি বানরটার কথা শুনে শরীরে কাঁটা দিে উঠল
𑄟𑄳𑄦𑄬𑄖𑄴 𑄛𑄬𑄣𑄧 𑄗𑄥𑄨𑄋𑄬 𑄇𑄨 𑄎𑄬𑄚𑄬 𑄒𑄢𑄴 𑄛𑄨𑄠𑄳𑄠𑄬।,মেেটা কী জানি তাাতাি জ্বর হেছে
𑄈𑄣𑄧𑄇𑄴 𑄞𑄋𑄨 𑄇𑄮𑄃𑄨 𑄚𑄧 𑄛𑄢𑄬𑄢𑄴।,খাল ভেঙ্গে বলতে পারে না
𑄃𑄨𑄚𑄴𑄘𑄨 𑄜𑄧𑄢𑄈𑄪𑄣𑄧 𑄟𑄚𑄚𑄴 𑄙𑄪𑄉𑄪𑄖𑄴 𑄙𑄪𑄉𑄪𑄖𑄴 𑄉𑄧𑄢𑄬𑄢𑄴 𑄗𑄥𑄨𑄋𑄬 𑄇𑄨 𑄇𑄧𑄘𑄬/𑄙 𑄇𑄨 𑄇𑄧𑄠𑄴।,.এই ফরাকটা পানিতে পে কি বলে?
𑄇𑄇𑄴𑄈𑄧𑄚𑄴 𑄎𑄬𑄢𑄬 𑄗𑄥𑄨𑄋𑄬 𑄃𑄢𑄧 𑄇𑄧𑄣𑄧 - 𑄇𑄨 𑄃𑄪𑄥𑄨𑄋𑄴𑄉𑄮𑄃𑄨 𑄘𑄧 𑄖𑄧𑄢𑄴 𑄎𑄧𑄘𑄧𑄛𑄧𑄘𑄬 𑄖𑄖𑄴 𑄘𑄳𑄠𑄬 𑄘𑄨 𑄦𑄧𑄠𑄴।,কিছুক্ষণ পর পর তাকিে আবার কল-কিে তাকিে দিতে হ
𑄜𑄧𑄢𑄈𑄪𑄣𑄧 𑄃𑄪𑄥𑄨𑄋𑄧 𑄚𑄋𑄴 𑄥𑄪𑄚𑄨𑄚𑄬 𑄟𑄧𑄚𑄚𑄴 𑄉𑄨𑄢𑄴𑄉𑄨𑄢𑄬 𑄃𑄪𑄙𑄨𑄣𑄧।,ফোঁার শব্দ শুনে মনটা গিে উঠল
𑄟𑄧𑄚𑄬 𑄟𑄧𑄚𑄬 𑄞𑄝𑄬𑄢𑄴 𑄈𑄟𑄇𑄴𑄇𑄠𑄴 𑄃𑄪𑄥𑄨𑄋𑄴 𑄉𑄮𑄃𑄨 𑄖𑄢𑄴 𑄘𑄬𑄊𑄘𑄬𑄊𑄨 𑄦𑄪𑄠𑄬।,মনে মনে চিন্তা করার জন্য সে তার সাথে দেখা করেছে
𑄗𑄥𑄨𑄋𑄬 𑄎𑄬 𑄃𑄇𑄴 𑄝𑄚𑄴 𑄘𑄨 𑄙𑄧𑄎𑄳𑄠 𑄥𑄨𑄠𑄬𑄚𑄴 𑄝𑄪𑄏𑄨 𑄛𑄢𑄬𑄢𑄴।,থাসিে যে আংটা দিে তাাতাি বুঝতে পারে
𑄈𑄣𑄨𑄇𑄴 𑄜𑄧𑄢𑄈𑄪𑄣𑄧 𑄟𑄪 𑄚𑄧 𑄈𑄪𑄣𑄬𑄢𑄴।,. খালি কলসিটা আমি খুলতে পারছি না
𑄃𑄬𑄘𑄧𑄇𑄴 𑄈𑄧𑄚𑄴 𑄥𑄧𑄋𑄴 𑄎𑄪𑄚𑄚𑄬 𑄚𑄧 𑄟𑄙𑄨 𑄢𑄧𑄣𑄧।,এত ব ব মাটি নাাচাা করলো
"𑄗𑄥𑄨𑄋𑄧 𑄇𑄬𑄃𑄨𑄖𑄴 𑄢𑄨𑄚𑄨 𑄌𑄬𑄃𑄨 𑄇𑄧𑄣𑄧 - 𑄟𑄧 𑄊𑄧𑄢𑄧 𑄃𑄪𑄙𑄮𑄚𑄧𑄖𑄴 𑄣𑄨𑄣𑄈𑄢, 𑄟𑄪𑄃𑄨 𑄒𑄢𑄴 𑄚𑄧 𑄛𑄋𑄴।","থাসিঙ কেত দিে কল - আমার বািতে লিকলিে যাওা, আমি সহজে দেখতে পাই না"
"𑄎𑄪𑄚𑄚𑄬 𑄃𑄬𑄝𑄢𑄴 𑄦𑄏𑄨 𑄦𑄏𑄨 𑄜𑄧𑄢𑄈𑄪𑄣𑄧 𑄇𑄬𑄃𑄨𑄖𑄴 𑄢𑄨𑄚𑄨 𑄌𑄬𑄣𑄧 𑄃 𑄇𑄧𑄣𑄧 - 𑄃, 𑄇𑄨 𑄃𑄬𑄝𑄢𑄧𑄖𑄴 𑄃𑄬𑄇𑄴𑄇 𑄌𑄨𑄚𑄴𑄛𑄧𑄌𑄴𑄎𑄧 𑄉𑄧𑄢𑄨 𑄘𑄨𑄥𑄴 𑄚।",জোনাকির আলো আঁধারিে কে যেন টোকা দিে বলল - কি এবার একটু চিনে দাও তো
𑄜𑄧𑄢𑄈𑄪𑄣𑄧 𑄚𑄧 𑄟𑄙𑄨 𑄢𑄧𑄣𑄧।,ফোঁাটা আর ধোঁা ধরলো না
𑄗𑄥𑄨𑄋𑄬 𑄎𑄪𑄚𑄚𑄧𑄢𑄬 𑄌𑄮𑄊𑄬𑄘𑄨 𑄇𑄨 𑄎𑄬𑄚𑄬 𑄒𑄢𑄴 𑄘𑄨𑄣𑄧।,থাসিঙে জুে কি জানি তাা করলো
𑄘𑄨𑄎𑄧𑄚𑄬 𑄜𑄨𑄢𑄈𑄪𑄣𑄧𑄢𑄬 𑄌𑄬𑄃𑄨 𑄌𑄬𑄃𑄨 𑄦𑄏 𑄙𑄧𑄧𑄎𑄳𑄠𑄧𑄚𑄴।,দুইজনে ফিরাবুককে দেখে দেখে হাঁটছে
𑄜𑄧𑄢𑄈𑄪𑄣𑄧 𑄣𑄎𑄋𑄴 𑄣𑄎𑄋𑄴 𑄟𑄪 𑄉𑄧𑄢𑄨 𑄃𑄨𑄝𑄬 𑄦𑄧𑄣𑄬 𑄟𑄧𑄢𑄬 𑄟𑄧𑄢𑄬 𑄟𑄨𑄎𑄬 𑄟𑄨𑄎𑄬 𑄃𑄙 𑄝𑄏𑄬 𑄘𑄬 𑄘𑄳𑄠𑄬।,ফোঁাগুলো বেশি বেশি করে বের হে এলে আমাকে চুপ করে থাকতে হ
𑄎𑄪𑄚𑄚𑄬 𑄗𑄥𑄨𑄋𑄧𑄢𑄬 𑄢𑄨𑄚𑄨 𑄌𑄬𑄣𑄧।,জোনাকির জোনাকির মতো দেখতে এক জাতী পাখি
𑄖𑄬 𑄇𑄧𑄣𑄧 -𑄇𑄨 𑄞𑄬𑄃𑄨 𑄃𑄬𑄇𑄴𑄇 𑄞𑄋𑄨 𑄇𑄧‘ 𑄚।,সে বলে-কি ভেে একটু ভেঙে বলে না
𑄝𑄪𑄏𑄨𑄘𑄧 𑄚𑄧 𑄛𑄢𑄧𑄋𑄧𑄢𑄴।,বুঝতে পারতেছি না
𑄗𑄥𑄨𑄋𑄬 𑄇𑄧𑄣𑄧 - 𑄃𑄢𑄬 𑄚𑄧 𑄇𑄮𑄌𑄴 𑄚 𑄞𑄬𑄃𑄨।,.তরকারির কল-ও ভালো না
𑄃𑄪𑄥𑄨𑄋𑄬 𑄘𑄨𑄝𑄢𑄴 𑄦𑄧𑄣𑄧 𑄟𑄧𑄢𑄬 𑄣𑄇𑄴 𑄛𑄖𑄳𑄠𑄬।,উসিঙে দো হলো আমাকে লাক্ষা দেওা
𑄣𑄇𑄴 𑄛𑄬𑄣𑄬 𑄜𑄧𑄢𑄈𑄪𑄣𑄧 𑄇𑄧𑄘/𑄙 𑄛𑄪𑄏𑄢𑄴 𑄉𑄧𑄢𑄬।,. সুযোগ পেলে আবোল তাবোল কথা বলে
𑄃𑄬𑄇𑄴 𑄥𑄧𑄟𑄢𑄬 𑄝𑄬𑄣𑄬 𑄇𑄪𑄘𑄪 𑄡𑄨𑄠𑄮𑄚𑄴।,এক সাথে বিে হেছে
𑄎𑄪𑄚𑄚𑄬 𑄛𑄪𑄏𑄢𑄴 𑄉𑄧𑄢𑄴𑄣𑄧 - 𑄇𑄧𑄚𑄴 𑄃𑄪𑄥𑄨𑄋𑄴।,জোনাকিরা জোনাকির আলো পোহা
𑄃𑄨𑄓𑄬𑄚𑄧𑄖𑄴 𑄃𑄬𑄝𑄢𑄧𑄖𑄴 𑄞𑄧𑄖𑄴𑄖𑄨 𑄦𑄪𑄠𑄬𑄘𑄬 - 𑄗𑄥𑄨𑄋𑄬 𑄎𑄮𑄝𑄴 𑄘𑄨𑄣𑄧।,ইডেনে এবার ভর্তি হেছে -তাসিঙে যোগ দিল
𑄎𑄪𑄚𑄚𑄬 𑄜𑄧𑄢𑄈𑄪𑄣𑄧 𑄢𑄬 𑄢𑄨𑄚𑄨 𑄌𑄬𑄣𑄧।,জোনাকির জোনাকির আলো আঁধারি দেখল
𑄎𑄬𑄢𑄬 𑄗𑄥𑄨𑄋𑄧𑄢𑄬 𑄢𑄨𑄚𑄨 𑄌𑄬𑄃𑄨 𑄇𑄧𑄣𑄧 -𑄥𑄣𑄬 𑄘𑄧 𑄉𑄨𑄢𑄬𑄝𑄮 𑄉𑄧𑄟𑄬 𑄝𑄎𑄨 𑄡𑄨𑄠𑄳𑄠𑄬।,মেেকে দেখার মতো করে কথা বললে তো গিেটা ভালোভাবে বেঁচে থাকে
𑄗𑄥𑄨𑄋𑄬 𑄇𑄧𑄣𑄧 - 𑄜𑄧𑄢𑄈𑄪𑄣𑄧 𑄇𑄮𑄃𑄨 𑄛𑄢𑄨𑄝𑄧𑄘𑄬।,থাসিঙে কল-ফরাকল বলতে পারা
𑄟𑄪𑄃𑄨 𑄇𑄬𑄚𑄬 𑄎𑄚𑄴𑄘𑄪𑄋𑄴 𑄖𑄢 𑄘𑄨𑄎𑄧𑄢𑄴 𑄟𑄧𑄚𑄧 𑄇𑄴𑄘/𑄙।,আমি কিভাবে যাবো তাদের দুই মনের কথা
𑄜𑄧𑄢𑄈𑄪𑄣𑄧 𑄎𑄪𑄚𑄚𑄧𑄢𑄬 𑄌𑄬𑄃𑄨 𑄇𑄧𑄣𑄧 - 𑄃𑄪𑄥𑄨𑄋𑄴𑄉𑄮𑄃𑄨 𑄓𑄪𑄝𑄨 𑄓𑄪𑄝𑄨 𑄛𑄚𑄨 𑄈𑄖𑄴𑄖𑄬।,. ফরাকটা জঙ্গলকে দেখে পানি খা
𑄃 𑄟𑄧𑄢𑄬 𑄝𑄏𑄬𑄃𑄨 𑄘𑄳𑄠𑄬।,আমাকে বেঁধে দো
𑄘𑄬𑄇𑄴𑄈𑄮𑄌𑄴।,"১. দৃষ্টি, দৃষ্টি ২. দৃষ্টি"
𑄗𑄥𑄨𑄋𑄧𑄢𑄬 𑄎𑄪𑄚𑄚𑄬 𑄢𑄨𑄚𑄨 𑄌𑄬𑄣𑄧।,থালাটি ঝগা করতেছে
𑄗𑄥𑄨𑄋𑄬 𑄦𑄏 𑄙𑄧𑄎𑄳𑄠।,থাসিে হাত ধোা
𑄎𑄪𑄚𑄚𑄬 𑄇𑄧𑄣𑄧 - 𑄇𑄨 𑄗𑄥𑄨𑄋𑄴।,জোনাকির কল-কি কল
𑄟𑄪𑄃𑄨 𑄘𑄧 𑄇𑄨 𑄚𑄧 𑄝𑄪𑄏𑄧𑄋𑄧𑄢𑄴।,আমি তো বুঝতেছি না
𑄗𑄥𑄨𑄋𑄬 𑄃𑄬𑄝𑄢𑄧𑄖𑄴 𑄇𑄪𑄃𑄧 𑄙𑄧𑄢𑄴𑄣𑄧 - 𑄃𑄢𑄬 𑄚𑄧 𑄇𑄮𑄌𑄴 𑄞𑄬𑄃𑄨।,থাসিঙে এবার কোথা ধরলো - জানিনা
𑄃𑄪𑄥𑄨𑄋𑄬 𑄣𑄇𑄴 𑄛𑄬𑄣𑄬 𑄝𑄚 𑄜𑄧𑄢𑄈𑄪𑄣𑄧 𑄇𑄧𑄘//𑄙 𑄛𑄪𑄏𑄢𑄴 𑄉𑄧𑄢𑄬𑄘𑄬।,উপরে উঠলে শুধু আবোল তাবোল কথা বলে
𑄃𑄬𑄇𑄴𑄝𑄢𑄴 𑄦𑄧𑄣𑄧𑄖𑄴𑄠𑄮 𑄃𑄬𑄥𑄳𑄠𑄬।,একনাগাে হেছে
𑄎𑄪𑄚𑄚𑄬 𑄛𑄪𑄏𑄢𑄴 𑄉𑄧𑄢𑄬𑄢𑄴 - 𑄖𑄬 𑄖𑄪𑄃𑄨 𑄇𑄨 𑄇𑄧𑄣𑄬?,জোনাকির আলো আঁধারি করতেছে -সে কি বলে?
𑄃𑄢𑄬 𑄥𑄬 𑄝𑄧𑄃𑄨 𑄛𑄉𑄣 𑄘𑄧 𑄃𑄨𑄇𑄴𑄇𑄪 𑄚𑄬𑄃𑄨।,সে বই পাতা তো কেউ নেই
𑄟𑄪𑄃𑄨 𑄃𑄪𑄥𑄨𑄋𑄧𑄢𑄬 𑄇𑄮𑄃𑄨 𑄛𑄨𑄠𑄮𑄋𑄴।,পাহাের উপরে এক প্রকার পিঁপা
𑄚𑄬𑄃𑄨 𑄟𑄚𑄬 𑄖𑄬 𑄥𑄬 𑄃𑄧𑄧𑄇𑄴𑄖𑄧𑄖𑄴 𑄚𑄨𑄣𑄴𑄈𑄬𑄘𑄧𑄖𑄴 𑄝𑄧𑄧𑄃𑄨 𑄖𑄧𑄉𑄢𑄴 𑄃𑄬 𑄇𑄧𑄘/𑄙𑄠𑄚𑄴 𑄃𑄪𑄥𑄨𑄋𑄧𑄢𑄬 𑄎𑄚𑄬 𑄘𑄮𑄋𑄴𑄉𑄬 𑄃𑄠𑄴 - 𑄃𑄨𑄠𑄚𑄴 𑄗𑄥𑄨𑄋𑄬 𑄎𑄪𑄚𑄚𑄧𑄢𑄬 𑄢𑄨𑄚𑄨 𑄌𑄬𑄃𑄨 𑄝𑄪𑄏𑄬 𑄘𑄨𑄣𑄧।,. নেই বলে সে বিকালে বই খুজতে আসে-এইটা সে তাাতাি তাকে দেখে দিল
𑄎𑄪𑄚𑄚𑄴𑄘𑄮𑄃𑄨 𑄗𑄥𑄨𑄋𑄬 𑄌 𑄌𑄨 𑄉𑄧𑄢𑄨 𑄦𑄏𑄦𑄏𑄨 𑄉𑄧𑄢𑄴 𑄣𑄇𑄴।,জোনাকির মতো চামা দিে দৌাদৌি করে
𑄜𑄧𑄢𑄈𑄪𑄣𑄧 𑄢𑄬 𑄃𑄬𑄇𑄴𑄇 𑄢𑄉𑄴 𑄖𑄪𑄣𑄨 𑄘𑄨𑄣𑄇𑄴।,. ফালটাকে একটু রাগ তুলে দিল
𑄜𑄧𑄢𑄈𑄪𑄣𑄧 𑄛𑄌𑄴𑄌𑄮 𑄝𑄏𑄨 𑄃𑄬𑄇𑄴𑄇 𑄝𑄬𑄢𑄬𑄘𑄧 𑄚𑄨𑄉𑄨𑄣𑄬।,ফানুসটা একটু বো নিে গেলে
𑄃𑄟𑄨𑄎 𑄚𑄨𑄣𑄴 𑄈𑄬𑄘𑄧𑄖𑄴 𑄡𑄬𑄃𑄨 𑄛𑄪𑄢𑄮𑄚𑄴 𑄝𑄧𑄃𑄨 𑄣𑄢𑄣𑄢𑄨 𑄉𑄧𑄢𑄬।,আমরা নীল হাওা যে পুরনো বই ঘাটাঘাটি করি
𑄃𑄨𑄚𑄴𑄘𑄨 𑄗𑄥𑄨𑄋𑄧𑄖𑄴𑄖𑄪𑄚𑄴 𑄃𑄪𑄥𑄨𑄋𑄧 𑄇𑄧𑄘/𑄙 𑄥𑄪𑄚𑄨 𑄃𑄪𑄥𑄨𑄋𑄴 𑄉𑄮𑄃𑄨 𑄇𑄧𑄟𑄧𑄣𑄬 𑄣𑄇𑄴 𑄛 𑄛𑄨 𑄦𑄧𑄝𑄧 𑄃𑄬 𑄖𑄨𑄢𑄌𑄴𑄌𑄚𑄴 𑄝𑄢𑄨 𑄡 𑄙𑄧𑄎𑄳𑄠𑄬।,এই তাস থেকে এই তাসটা বের হে যাবে
𑄈𑄣𑄨𑄇𑄴 𑄟𑄧𑄚𑄧 𑄇𑄧𑄘/?,খালি মনের কথা/?
𑄙 𑄞𑄋𑄨 𑄇𑄮𑄃𑄨 𑄚𑄧 𑄝𑄢𑄬𑄢𑄴।,দৌাদৌি করিস না
"𑄎𑄪𑄚𑄚𑄴𑄘𑄮𑄃𑄨, 𑄗𑄥𑄨𑄋𑄬 𑄃𑄨𑄇𑄴𑄇𑄪 𑄜𑄧𑄢𑄈𑄪𑄣𑄧𑄃𑄨 𑄃𑄪𑄥𑄨𑄋𑄧𑄢𑄬 𑄚𑄨𑄚𑄬 𑄝𑄨𑄉𑄨𑄘𑄨 - 𑄇𑄨𑄢𑄨𑄟𑄨𑄢𑄨 𑄉𑄧𑄢 𑄙𑄧𑄎𑄳𑄠𑄧𑄚𑄴।","জোনাকি, থাসিে একটি ফিং নিে হেঁটে যাচ্ছে-কিরিমিরি করে"
𑄃𑄬𑄚𑄬 𑄃𑄬𑄚𑄬 𑄥𑄧𑄟𑄎𑄳𑄠𑄠𑄪𑄚𑄧 𑄃𑄨𑄘𑄪 𑄖 𑄇𑄚𑄧𑄖𑄴𑄖𑄪𑄚𑄴 𑄖 𑄇𑄚𑄧𑄖𑄴 𑄉𑄧𑄖𑄴𑄖𑄬 𑄉𑄧𑄖𑄴𑄖𑄬 𑄝𑄬𑄇𑄴 𑄎𑄚𑄎𑄚𑄨 𑄦𑄧𑄣𑄧।,. এনে এনে সমাজগুলো এগুলো তার কানে দিতে দিতে সব জানা হ
𑄜𑄨𑄢𑄈𑄪𑄣𑄧𑄢𑄴 𑄇𑄮𑄌𑄴𑄛𑄚𑄢𑄴 𑄇𑄪𑄢𑄨𑄝𑄮𑄠𑄮 𑄜𑄪𑄘𑄧 𑄙𑄧𑄢𑄴𑄣𑄧।,ফিরাকলের কাপের কুিটাও ফুটলো
𑄿.,"১,৯,১০"
𑄃𑄬𑄇𑄴𑄘𑄨𑄚𑄴 𑄜𑄧𑄢𑄈𑄪𑄣𑄧 𑄚𑄨𑄣𑄴 𑄈𑄬𑄘𑄧𑄖𑄴 𑄡𑄬𑄃𑄨 𑄝𑄧𑄃𑄨 𑄖𑄧𑄉𑄢𑄴।,এক দিন ফাল নীল খেে যে বই পে
𑄃𑄘𑄬𑄇𑄳𑄠𑄬𑄉𑄧𑄢𑄨 𑄃𑄪𑄥𑄨𑄋𑄴 𑄉𑄮𑄃𑄨 𑄃𑄬𑄇𑄴 𑄝𑄋𑄣𑄴 𑄟𑄨𑄣𑄬 𑄖 𑄇𑄪𑄢𑄬 𑄃𑄬𑄃𑄨 𑄟𑄳𑄦𑄧 𑄦𑄧𑄣𑄇𑄴।,এক বাঙালি মেে তার পাশে এই অবস্থা করলো
𑄜𑄧𑄢𑄈𑄪𑄣𑄧 𑄛𑄮𑄣𑄳𑄠𑄬 𑄒𑄢𑄴 𑄚𑄧 𑄛𑄠𑄴।,. ফোসকা পরা লোক সহজে সহ্য করা যা না
𑄖𑄬 𑄝𑄧𑄃𑄨𑄠𑄮 𑄛𑄘 𑄃𑄪𑄣𑄴𑄣𑄮 𑄙𑄧𑄎𑄳𑄠।,সে বইের পাতা উল্টাচ্ছে
𑄃𑄘𑄬𑄇𑄳𑄠𑄬𑄉𑄧𑄢𑄨 𑄝𑄋𑄬𑄘𑄨 - 𑄜𑄧𑄢𑄈𑄪𑄣𑄧 𑄘 𑄉𑄧𑄢𑄨 𑄃𑄪𑄥𑄨𑄋𑄬 𑄟𑄙𑄬𑄣𑄧।,এক জাতী বাঁশ-ফাটা দিে উানো হ
𑄜𑄧𑄢𑄈𑄪𑄣𑄧 𑄢𑄧 - 𑄝𑄮 𑄥𑄪𑄚𑄨 𑄌𑄨𑄢𑄨 𑄛𑄎𑄳𑄠𑄬।,. ফোঁার শব্দ -বই শুনার শব্দ
𑄢𑄨𑄚𑄨 𑄌𑄠𑄴 𑄘𑄬 𑄃𑄪𑄥𑄨𑄋𑄴।,.নিচে চাা দো
𑄜𑄧𑄢𑄈𑄪𑄣𑄧 𑄟𑄙𑄨 𑄃𑄪𑄙𑄨𑄣𑄧 - 𑄖𑄪𑄃𑄨।,ফোঁার পাত্রটা উপরে তুলো - তুমি
𑄖𑄧𑄢𑄬 𑄖𑄮𑄉𑄬𑄠𑄮𑄋𑄴𑄉𑄮𑄃𑄨 𑄘𑄧 𑄦𑄧𑄣𑄧𑄖𑄴।,তোমাকে খুঁজতে খুঁজতে তো হেছে
𑄈𑄧𑄝𑄧𑄢𑄴 𑄛𑄋𑄴।,খবর পাওা
𑄃𑄪𑄥𑄨𑄋𑄴𑄉𑄮𑄃𑄨 𑄖𑄬 𑄞𑄣𑄧𑄇𑄴𑄈𑄧𑄚𑄴 𑄇𑄧𑄘/𑄙 𑄇𑄪𑄃𑄧𑄇𑄨 𑄉𑄧𑄢𑄴𑄣𑄇𑄴।,উস্কুখুস্কুভাবে কথা বলতেছে
𑄎𑄬𑄢𑄬 𑄜𑄧𑄢𑄈𑄪𑄣𑄧 𑄃𑄪𑄥𑄨𑄋𑄧𑄢𑄬 𑄛𑄪𑄏𑄢𑄴 𑄉𑄧𑄢𑄴𑄣𑄧 - 𑄇𑄨 𑄝𑄧𑄃𑄨 𑄇𑄨𑄚𑄨 𑄘𑄬।,.সে ফোসকা পেছে -কি বই কিনে দে
𑄖𑄬𑄋 𑄘𑄧 𑄚𑄬𑄃𑄨।,টাকা তো নেই
𑄖𑄬 𑄇𑄨𑄖𑄳𑄠𑄬।,"সে কেন, কেন"
𑄃𑄨𑄚𑄴𑄘𑄨 𑄦𑄘𑄨 𑄡𑄬𑄃𑄨𑄢𑄴 𑄖𑄨𑄢𑄬 𑄘𑄬𑄃𑄨𑄚𑄬 𑄃𑄬𑄣𑄪𑄋𑄴𑄉𑄬।,এখানে পাহাের পাশ দিে আসলাম
𑄇𑄨 𑄣𑄧𑄝𑄬 𑄣𑄧𑄚।,কি নিে যাওা
𑄟𑄪𑄃𑄨 𑄦𑄧𑄣𑄬 𑄘𑄨𑄣𑄪𑄋𑄴 𑄙𑄧𑄢𑄨𑄌𑄴 𑄚।,পাহা হলে দোল ধরিও না
𑄃𑄪𑄥𑄨𑄋𑄬 𑄝𑄧𑄃𑄨𑄠𑄪𑄚𑄴 𑄣𑄢𑄨 𑄌𑄠𑄴।,উসিঙে বই গুলো লািে দেখ
𑄛𑄘 𑄃𑄪𑄣𑄴𑄣𑄬𑄠𑄴।,. পাতা উে গেছে
𑄃𑄢𑄧 𑄦𑄘𑄧𑄖𑄴 𑄣𑄧𑄠𑄴 ।,আবার হাতে নেওা
𑄃𑄬𑄚𑄬 𑄃𑄬𑄚𑄬 𑄞𑄣𑄧𑄇𑄴𑄈𑄧𑄚𑄴 𑄉𑄬𑄣𑄧।,. এনে এনে অনেক দিন গেল
"𑄃𑄪𑄥𑄨𑄋𑄧 𑄥𑄧𑄟𑄎𑄳𑄠𑄝𑄮 𑄖𑄪𑄃𑄨 𑄘𑄬𑄢𑄨 𑄦𑄧𑄝𑄬 𑄛𑄋𑄧𑄢𑄴, 𑄟𑄪𑄃𑄨 𑄡𑄋𑄧𑄢𑄴 𑄇𑄮𑄃𑄨𑄚𑄬 𑄃𑄨𑄠𑄪𑄚𑄨𑄞𑄢𑄴𑄥𑄨𑄑𑄨 𑄟𑄧𑄇𑄳𑄠 𑄉𑄬𑄣𑄧𑄉𑄮𑄃𑄨।","উসিঙে সমাজটা তুমি দেরি করবে,আমি যেতে পারবো না বলে এই সমাজটা চলে গেল"
𑄃 𑄖𑄧 𑄥𑄧𑄟𑄎𑄳𑄠𑄝𑄮 𑄇𑄪𑄘𑄪 𑄡𑄢𑄴।,তোমার সমাজটা কোনদিকে যা
𑄖𑄢𑄬 𑄝𑄌 𑄌𑄬 𑄃𑄊𑄬 𑄦𑄧𑄝𑄧𑄣𑄴 𑄃𑄃𑄨।,তাকে বাচানো শুধু বাকি আছে
𑄇𑄧𑄚𑄴𑄚।,কে
𑄃 𑄇𑄧𑄚𑄴𑄚 𑄚𑄧 𑄝𑄪𑄏𑄧𑄌𑄴।,. কে বুঝবে না
𑄒𑄚𑄴𑄘 𑄈𑄬𑄝𑄬?,১.ঠান্ডা খাবে? ২. পিঠা খাবে?
𑄃𑄉𑄬 𑄝𑄧𑄃𑄨 𑄣𑄧𑄋𑄴।,আগে বই নেওা
𑄢𑄧𑄝𑄩𑄚𑄴𑄘𑄳𑄢𑄧𑄚𑄘𑄧𑄢𑄴 𑄝𑄧𑄃𑄨 𑄃𑄨𑄇𑄴𑄇𑄮 𑄣𑄧𑄣𑄧।,রবীন্দ্রসংগীতের বই একটা নেওা
𑄜𑄧𑄢𑄈𑄪𑄣𑄧 𑄖𑄬𑄋𑄠𑄪𑄚𑄴 𑄘𑄨 𑄘𑄨𑄣𑄧।,. ফরাকউলের টাকাগুলো দিে দিল
𑄇𑄧𑄝𑄨𑄖 𑄝𑄧𑄃𑄨।,কবিতা বই
𑄘𑄟𑄴 𑄇𑄧𑄟𑄴 𑄝𑄚 𑄃𑄏𑄨 𑄖𑄬𑄋।,. দাম কম বানাওা টাকা
𑄎𑄬𑄢𑄬 𑄒𑄚𑄴𑄘 𑄈𑄬𑄝𑄖𑄴𑄖𑄬 𑄃𑄬𑄇𑄴𑄇𑄚𑄴 𑄘𑄧𑄉𑄚𑄧𑄖𑄴 𑄥𑄧𑄟𑄨𑄣𑄇𑄴।,সে তাস খেলা একটি দোলের পাশে বসেছে
𑄚𑄥𑄴𑄖 𑄈𑄘𑄬 𑄈𑄘𑄬 𑄘𑄨𑄎𑄧𑄚𑄬 𑄚𑄉𑄧𑄢𑄴 𑄟𑄙 𑄙𑄧𑄎𑄳𑄠𑄧𑄚𑄴।,.খাওার সমে দুইজনে মাথা ধুেছে
𑄃𑄪𑄥𑄨𑄋𑄬 𑄇𑄧‘𑄢𑄴 - 𑄟 𑄞𑄨𑄣𑄬 𑄖𑄧𑄢𑄬 𑄃𑄧𑄟𑄧𑄇𑄧𑄘𑄧 𑄉𑄧𑄟𑄴 𑄛𑄨𑄠𑄬।,উসিঙে করা -মা বললে তোমাকে অনেক ভালো লাগে
𑄜𑄧𑄢𑄈𑄪𑄣𑄧 𑄃𑄧𑄚𑄳𑄠𑄧𑄟𑄧𑄇𑄳𑄠 𑄇𑄧𑄙 𑄊𑄪𑄢𑄬 𑄚𑄨 𑄇𑄧𑄣𑄧 - 𑄃𑄟𑄃𑄨𑄘𑄪 𑄖𑄪𑄟𑄨 𑄝𑄬𑄢𑄬𑄘𑄉𑄮𑄃𑄨 𑄛𑄢𑄨𑄣𑄚𑄴।,ফোঁাটা বেশি কথা বলে না - আমরা বো ঘুরতে পারি
𑄏𑄘𑄨 𑄛𑄨𑄌𑄴 𑄎𑄬𑄃𑄨 𑄘𑄧।,.জঙ্গলে পে যাওা যা
𑄃𑄪𑄥𑄨𑄋𑄬 𑄜𑄧𑄢𑄈𑄪𑄣𑄧𑄢𑄬 𑄌𑄬𑄃𑄨 𑄇𑄧𑄠𑄴।,উসিঙে ফোঁাটাকে দেখে বলে
𑄜𑄧𑄢𑄈𑄪𑄣𑄧 𑄚𑄧 𑄟𑄙𑄨 𑄗𑄠𑄴 ।,ফোঁাটা আর ধোঁা ধোা থাকে না
𑄇𑄧𑄙 𑄇𑄧𑄙𑄬 𑄇𑄧𑄙𑄬 𑄥𑄌𑄴 𑄊𑄧𑄚𑄬 𑄃𑄬𑄥𑄳𑄠𑄬।,কথা বলতে বলতে সাহস হেছে
𑄜𑄧𑄢𑄈𑄪𑄣𑄧 𑄇𑄧𑄣𑄧 - 𑄃𑄪𑄥𑄨𑄋𑄴 𑄃𑄪𑄙𑄨।,.ফরাক কল -উস্কু উঠা
𑄡𑄬𑄃𑄨 𑄇𑄧𑄃𑄨 𑄃𑄪𑄥𑄨𑄋𑄬 𑄃𑄪𑄙𑄨 𑄗𑄨𑄠𑄬𑄣𑄴।,"যে উপরে উঠতে পারে, সেই উঁচুতে উঠল"
𑄘𑄨𑄎𑄧𑄚𑄬 𑄦𑄘 𑄙𑄧𑄢𑄴𑄣𑄇𑄴।,দুইজনে হাত ধরা
"𑄢𑄨𑄇𑄴𑄥, 𑄉𑄢𑄨 𑄦𑄘 𑄙𑄨𑄎𑄳𑄠।","রিক্সা,গাির হাা"
𑄇𑄧𑄣𑄬𑄎𑄧 𑄇𑄪𑄢𑄬 𑄇𑄪𑄢𑄬 𑄜𑄧𑄢𑄈𑄪𑄣𑄧𑄣𑄮𑄃𑄨 𑄃𑄪𑄥𑄨𑄋𑄬 𑄦𑄘𑄨 𑄉𑄬𑄣𑄇𑄴।,.কলেজের পাশ ঘেষে হেঁটে গেল।
𑄃𑄪𑄥𑄨𑄋𑄴 𑄉𑄮𑄃𑄨 𑄜𑄢𑄧𑄇𑄴 𑄦𑄧𑄣𑄇𑄴 𑄦𑄧𑄝𑄢𑄴 𑄃𑄪𑄥𑄨𑄋𑄬 𑄇𑄮𑄃𑄨 𑄉𑄬𑄣𑄧 - 𑄉𑄬𑄃𑄨𑄘𑄮𑄖𑄴 𑄃𑄬𑄃𑄨𑄚𑄬 𑄃𑄠 𑄟𑄧𑄣𑄬𑄝𑄮𑄢𑄬 𑄖𑄨𑄚𑄴 𑄖𑄣𑄖𑄴 𑄟𑄧𑄢𑄬 𑄓𑄉𑄨 𑄘𑄨𑄝𑄢𑄴 𑄇𑄧𑄣𑄬 𑄓𑄉𑄨 𑄘𑄬 𑄥𑄳𑄠𑄬।,.উসি গোা আলাদা হে গেল -গাে এসে তাকে তিন তালা মেরে দো হেছে
𑄃𑄬𑄚𑄬 𑄃𑄬𑄚𑄬 𑄜𑄧𑄢𑄈𑄪𑄣𑄧 𑄣𑄮𑄃𑄨 𑄃𑄪𑄥𑄨𑄋𑄧𑄢𑄴 𑄟𑄬𑄠𑄳𑄠𑄬 𑄢𑄬𑄉 𑄘𑄬 𑄘𑄨 𑄦𑄧𑄣𑄧।,. এনে এনে পলিথিন দিে ঢেকে দো হলো
𑄘𑄨𑄎𑄧𑄚𑄬 𑄝𑄧𑄚𑄴𑄘𑄧 𑄘𑄨𑄚𑄮𑄖𑄴 𑄇𑄧𑄙 𑄇𑄧𑄝𑄢𑄴 𑄘𑄬𑄘𑄢𑄴 𑄎𑄪 𑄃𑄪𑄙𑄬।,দুইজনে প্রতিদিন কথা বলতে বলতে ক্লান্ত হ
𑄘𑄨𑄎𑄧𑄚𑄧𑄢𑄴 𑄃𑄧𑄜𑄪𑄢𑄧𑄚𑄴 𑄘𑄨 𑄟𑄬𑄠𑄳𑄠𑄬 𑄇𑄧𑄙 𑄗𑄪𑄟𑄴 𑄚𑄧 𑄦𑄧𑄠𑄴।,দুইজনে কথা বললেও শেষ হ না
𑄈𑄣𑄨𑄇𑄴 𑄜𑄧𑄢𑄈𑄪𑄣𑄧𑄢𑄴 𑄃𑄬𑄇𑄴𑄇𑄚𑄴 𑄌𑄨𑄚𑄴𑄘𑄬 𑄎𑄧𑄚𑄨 𑄖 𑄝𑄝𑄬 𑄃𑄪𑄥𑄨𑄋𑄧𑄢𑄬 𑄟𑄚𑄨 𑄚𑄧 𑄣𑄧𑄠𑄴।,খালি কলসির মুখে একটি চিটিংবাজ নিে তার বািটা মেনে নাও
𑄚𑄨𑄖𑄳𑄠𑄧 𑄛𑄧𑄢𑄚𑄬 𑄎𑄚𑄴𑄘 𑄘𑄨 𑄗𑄠𑄴।,.নিচে প্রাণটা যেতে থাকে
𑄥𑄬𑄇𑄬𑄚𑄴𑄓𑄴 𑄃𑄨𑄠𑄢𑄴 𑄗𑄪𑄟𑄴 𑄦𑄮𑄃𑄨 𑄃𑄃𑄨 𑄜𑄧𑄢𑄈𑄪𑄣𑄧 𑄊𑄧𑄢𑄧𑄖𑄴 𑄃𑄬𑄝𑄖𑄳𑄠𑄬 𑄢𑄋𑄟𑄖𑄳𑄠𑄬 𑄃𑄬𑄣𑄧।,২. সেকেন্ড ইার শেষ হে এসে লালমাা হেছে
𑄃𑄨𑄚𑄴𑄘𑄨 𑄖𑄪𑄋𑄴𑄛𑄪𑄘𑄨𑄢𑄴 𑄛𑄧𑄢𑄨𑄇𑄴 𑄈𑄬 𑄗𑄪𑄟𑄴।,.এখানে তুংপুি খাওা শেষ হবে।
𑄢𑄬𑄎𑄣𑄴𑄑𑄴 𑄝𑄌𑄴𑄌𑄬 𑄃𑄊𑄬।,রেজাল্ট ব আছে
𑄖𑄪𑄋𑄴𑄛𑄪𑄘𑄨 𑄘𑄊𑄨 𑄊𑄧𑄢𑄧𑄖𑄴 𑄣𑄪𑄋𑄨𑄚𑄬 𑄖𑄪𑄋𑄴 𑄛𑄪𑄘𑄨 𑄈𑄪𑄏𑄨।,পাহাের পাশে লুকিে লুকিে থাকা
𑄜𑄨𑄖𑄴𑄖𑄬 𑄖 𑄣𑄧𑄉𑄬 𑄔𑄉𑄖𑄴 𑄡𑄬𑄝𑄧।,.ফিরে তার সাথে স্কুলে যেতে হবে।
𑄖𑄪𑄋𑄴𑄛𑄪𑄘𑄨 𑄟𑄠𑄮 𑄈𑄪𑄏𑄨।,তুংপুটি মাা পাখি
𑄢𑄬𑄘𑄮𑄖𑄴 𑄞𑄖𑄴 𑄈𑄬𑄃𑄨 𑄈𑄃𑄨 𑄥𑄨𑄋𑄮𑄝𑄖𑄴 𑄖𑄪𑄋𑄴𑄛𑄪𑄘𑄨𑄣𑄮𑄃𑄨 𑄇𑄧𑄙 𑄇𑄧𑄙𑄧𑄚𑄴।,সকালে ভাত খেে বিকালে সেখানে কথা বলে
𑄇𑄧𑄙 𑄇𑄧𑄙𑄬 𑄇𑄧𑄙𑄬 𑄖𑄪𑄋𑄴𑄛𑄪𑄘𑄨 𑄃𑄘𑄬𑄇𑄳𑄠𑄬𑄉𑄧𑄢𑄨 𑄇𑄮𑄃𑄨 𑄃𑄪𑄙𑄨𑄣𑄧 - 𑄝𑄪𑄏𑄨 𑄇𑄬𑄎𑄚𑄴 𑄃𑄊𑄬?,কথা বলতে বলতে ঠোঁটটা বাঁকা করে উঠল- বুঝেছো?
𑄜𑄧𑄢𑄈𑄪𑄣𑄧𑄢𑄴 𑄃𑄘𑄬𑄇𑄳𑄠𑄬𑄉𑄧𑄢𑄨 𑄟𑄖𑄴 𑄝𑄧𑄚𑄴 𑄦𑄮𑄃𑄨 𑄉𑄬𑄣𑄧।,. ফালের আাআি মাটি হে গেল
𑄗𑄧𑄘𑄖𑄧𑄥𑄳𑄠𑄉𑄧𑄢𑄨 𑄇𑄧𑄣𑄧 - 𑄇𑄨?,.মনে হ কী?
𑄝𑄪𑄎𑄨।,"১. বুঝে, বুঝে ২. বুঝে"
𑄖𑄪𑄋𑄴 𑄛𑄪𑄘𑄨 𑄇𑄧𑄙 𑄥𑄪𑄚𑄨 𑄜𑄧𑄢𑄈𑄪𑄣𑄧 𑄇𑄨 𑄎𑄮𑄝𑄴 𑄘𑄨𑄝𑄧 𑄇𑄮𑄃𑄨 𑄚𑄧 𑄝𑄢𑄬𑄢𑄴।,তুং পুতি কথা গুলো কি শুনা যা কে জানে
𑄈𑄣𑄨𑄇𑄴 𑄖𑄪𑄋𑄴𑄛𑄪𑄘𑄨 𑄃𑄬 𑄇𑄧𑄙 𑄎𑄚𑄨𑄣𑄧 𑄇𑄬𑄋𑄬𑄢𑄨?,খালি মুখে এই কথাটা কে বললো?
𑄜𑄧𑄢𑄈𑄪𑄣𑄧𑄢𑄴 𑄟𑄧𑄚𑄴 𑄇𑄟𑄢𑄙𑄧𑄏𑄳𑄠।,. ফোঁাটে মন খারাপ হেছে
𑄖𑄬 𑄝𑄚 𑄚𑄧𑄠𑄴 𑄚𑄧𑄠𑄴 𑄉𑄧𑄢𑄨 𑄎𑄮𑄝𑄴 𑄘𑄳𑄠𑄬𑄢𑄴।,সে শুধু নাচা করে যাচ্ছে
𑄖𑄪𑄋𑄴𑄛𑄪𑄘𑄨 𑄇𑄧𑄙𑄘𑄨 𑄝𑄬𑄢𑄬𑄇𑄧𑄢𑄬 𑄙𑄧𑄎𑄳𑄠।,তুংপুং করে কথা বলতে বলতে গলা চুলকাচ্ছে
𑄇𑄧‘𑄢𑄴 𑄥𑄣𑄬 𑄥𑄬 𑄟𑄨𑄣𑄬𑄝𑄮𑄣𑄮𑄃𑄨 𑄢𑄨𑄇𑄴𑄥𑄖𑄴 𑄌𑄧𑄢𑄨 𑄇𑄪𑄘𑄪 𑄡𑄧?,কবে সে মেেটা রিক্সা করে কোথা যা?
𑄜𑄧𑄢𑄈𑄪𑄣𑄧𑄢𑄴 𑄟𑄪 𑄚𑄧 𑄥𑄪𑄘𑄬।,ফোঁাটা আমার ভালো লাগে না
𑄎𑄬𑄢𑄬 𑄈𑄧𑄝𑄧𑄢𑄴 𑄛𑄬𑄣𑄧 - 𑄝𑄬𑄇𑄴𑄇𑄚𑄴 𑄃𑄨𑄘𑄪 𑄜𑄧𑄉𑄧𑄘𑄋𑄴 𑄦𑄪𑄠𑄬।,. তারপর সব প্রকাশ হেছে।
𑄈𑄣𑄨𑄇𑄴 𑄟𑄚𑄪𑄌𑄴𑄌𑄮 𑄚𑄋𑄚𑄴 𑄚𑄧 𑄇𑄧𑄠𑄴।,খালিক মানুষের নাম বলে না
𑄣𑄎𑄬 𑄝𑄋𑄮𑄘𑄨𑄘𑄊𑄨𑄃𑄨𑄘𑄪𑄠𑄮 𑄝𑄬𑄢 𑄡𑄬𑄃𑄨 𑄚𑄧 𑄛𑄢𑄴𑄣𑄧।,লজ্জাবতী লতাটিও বোতে পারতেছে না
𑄊𑄧𑄢𑄧𑄖𑄴 𑄣𑄧𑄚𑄴𑄌𑄧𑄖𑄴 𑄉𑄧𑄢𑄨 𑄃𑄬𑄖𑄴𑄖𑄬 𑄃𑄬𑄖𑄴𑄖𑄬 𑄝𑄚 𑄃𑄬𑄃𑄨 𑄥𑄬𑄃𑄨 𑄞𑄎𑄨 𑄃𑄪𑄙𑄬𑄢𑄴।,বািতে ঘুরতে ঘুরতে শুধু এই ভাজিটা উঠতেছে
𑄟𑄧𑄚𑄧𑄖𑄴 𑄓𑄧𑄢𑄴 𑄥𑄧𑄟𑄳𑄠 𑄖 𑄝𑄝𑄬 𑄎𑄧𑄚𑄨 𑄈𑄧𑄝𑄧𑄢𑄴 𑄛𑄠𑄴।,মনে হ তার বাবা-মা খবর পা
𑄇𑄧𑄙 𑄥𑄪𑄚𑄨 𑄛𑄬𑄝𑄧।,কথা শুনা লাগবে
𑄖𑄪𑄋𑄴𑄛𑄪𑄘𑄨 𑄇𑄧𑄙𑄠𑄚𑄴 𑄝𑄨𑄎𑄬𑄢𑄬𑄃𑄨 𑄌𑄘𑄬 𑄌𑄘𑄬 𑄇𑄨𑄠𑄬𑄌𑄴 𑄉𑄧𑄢𑄬 - 𑄈𑄟𑄇𑄴𑄇𑄠𑄴 𑄝𑄋𑄮𑄘𑄨 𑄎𑄟𑄬 𑄝𑄮 𑄦𑄧𑄝𑄧।,তুংপুি কথা গুলো মাঝে মাঝে দুষ্টামি করে - অবশ্যই বামহাতি হবে
𑄝𑄧𑄘𑄧𑄣𑄨 𑄦𑄧𑄝𑄢𑄴 𑄣𑄃𑄨 𑄔𑄉𑄖𑄴 𑄚𑄨𑄖𑄳𑄠𑄧 𑄡𑄠𑄴।,বদল হওার জন্য খাটে নিে যাওা
𑄃𑄳𑄠𑄬𑄚𑄴 𑄃𑄧𑄇𑄴𑄖𑄧𑄖𑄴 𑄦𑄧𑄣𑄬 𑄌𑄮𑄊𑄮𑄖𑄴 𑄛𑄧𑄎𑄳𑄠।,.অতিরিক্ত হলে চোখে পা
𑄣𑄧𑄚𑄴𑄌𑄧𑄖𑄴 𑄃𑄬𑄖𑄴𑄖𑄬 𑄃𑄬𑄖𑄴𑄖𑄬 𑄖𑄢𑄴 𑄝𑄚 𑄃𑄬 𑄇𑄧𑄙 𑄥𑄬 𑄇𑄧𑄙 𑄃𑄪𑄙𑄨𑄣𑄧 - 𑄣𑄟𑄨𑄣𑄧।,তার শুধু এই কথাটি উঠতেছে-লাম
𑄥𑄎𑄧𑄚𑄳𑄠 𑄊𑄧𑄢𑄧𑄖𑄴 𑄃𑄬𑄃𑄨 𑄣𑄪𑄋𑄨𑄣𑄧𑄉𑄨।,সাজানো বািতে এই নিল
𑄃𑄨𑄚𑄴𑄘𑄨 𑄖𑄢𑄴 𑄟𑄧𑄚𑄧𑄖𑄴 𑄓𑄧𑄢𑄴 𑄖 𑄝𑄝𑄬 𑄚𑄧 𑄇𑄧𑄣𑄬𑄠𑄮 𑄖𑄟𑄴𑄟 𑄇𑄧𑄝𑄧।,এখানে তার মা কথা বলে না
𑄈𑄣𑄨𑄇𑄴 𑄖𑄟𑄴𑄟 𑄝𑄚 𑄝𑄋𑄮𑄘𑄨𑄘𑄊𑄨 𑄇𑄧𑄙 𑄛𑄪𑄏𑄢𑄴 𑄉𑄧𑄢𑄨 𑄎𑄚𑄨𑄝𑄢𑄴 𑄌𑄬𑄣𑄧।,খালি পেটে তার মা শুধু কথা বলতেছে
𑄷𑄶.,".১০,১০"
𑄘𑄧𑄥𑄴𑄘𑄨𑄚𑄴 𑄛𑄧𑄢𑄴 𑄢𑄋𑄟𑄖𑄳𑄠𑄬 𑄜𑄨𑄢𑄨𑄣𑄧।,দশ দিন পর লালিমা ফিরল
𑄖𑄪𑄋𑄴𑄛𑄪𑄘𑄨𑄢𑄴 𑄇𑄧𑄙 𑄎𑄧𑄢 𑄚𑄧 𑄝𑄧𑄘𑄚𑄠𑄴 𑄎𑄬𑄢𑄬 𑄡𑄬𑄝𑄧 𑄥𑄪𑄚𑄨𑄚𑄬 𑄜𑄧𑄢𑄈𑄪𑄣𑄧 𑄟𑄨𑄚𑄚𑄴 𑄈𑄪𑄏𑄨।,তুংপুং কথা বলতে বলতে ঠোঁটটা ফেটে যাবে শুনে বেলুনটা ফেটে যাবে
𑄖𑄪𑄋𑄴 𑄛𑄪𑄘𑄨 𑄔𑄉𑄖𑄴 𑄃𑄬𑄣𑄬 𑄉𑄪𑄟𑄮𑄢𑄴 𑄃𑄢𑄴 𑄚𑄧 𑄗𑄬𑄝𑄧 𑄃𑄨𑄠𑄚𑄴 𑄃𑄨𑄠𑄚𑄴 𑄃𑄬𑄇𑄴𑄇𑄚𑄴 𑄌𑄨𑄘𑄬 𑄥𑄧𑄟𑄨𑄣𑄧।,তুং পোকাের ভিতরে ঢুকলে গুোটা আর থাকবে না
𑄇𑄬𑄣𑄥𑄴 𑄘𑄬𑄢𑄨 𑄘𑄨 𑄃𑄬𑄇𑄴𑄘𑄨𑄚𑄴 𑄖𑄪𑄋𑄴𑄛𑄪𑄘𑄨𑄘𑄊𑄨𑄣𑄮𑄃𑄨 𑄢𑄧𑄣𑄧।,কলসিটা একদিন দুপা ফাঁক করে রেছে
𑄃𑄬𑄇𑄴𑄘𑄨𑄚𑄴 𑄝𑄬𑄚𑄳𑄠𑄬 𑄝𑄧𑄚𑄧𑄢𑄪𑄝𑄮 𑄝𑄎𑄢𑄧𑄖𑄴 𑄝𑄬𑄢𑄘𑄬 𑄝𑄬𑄢𑄘𑄬 𑄝𑄋𑄮𑄘𑄨𑄢𑄬 𑄣𑄇𑄴 𑄛𑄬𑄣𑄧 - 𑄝𑄋𑄮𑄘𑄨 𑄖𑄢𑄬 𑄝𑄬𑄢𑄬𑄝𑄢𑄴 𑄇𑄧𑄣𑄧।,একদিন বোইন বনরুটি বাজারে ঘুরতে ঘুরতে বানরটাকে খুঁজে পেল - বানরটা তাকে বোইন করতে বলে
𑄜𑄧𑄢𑄈𑄪𑄣𑄧 𑄟𑄧𑄚𑄚𑄴 𑄚𑄨𑄖𑄳𑄠𑄧 𑄇𑄟𑄢 𑄙𑄧𑄎𑄳𑄠 - 𑄃𑄢𑄧 𑄇𑄨 𑄇𑄧𑄠𑄴 𑄚𑄨 𑄚𑄇𑄨।,.ফরাখোল মনটি কামারের মতো - আরও কি বলে?
𑄎𑄬𑄢𑄬 𑄝𑄋𑄮𑄘𑄨 𑄇𑄧𑄣𑄧 - 𑄖𑄪𑄋𑄴𑄛𑄪𑄘𑄨𑄢𑄬 𑄇𑄬𑄣𑄳𑄠𑄬 𑄃𑄬𑄇𑄴 𑄇 𑄝𑄬𑄢𑄬𑄘𑄧𑄉𑄨 𑄇𑄮𑄌𑄴।,বোইন কল- তুংপুং কেলে এক কাপ বোচ্ছে
𑄘𑄨 𑄞𑄬𑄃𑄨 𑄝𑄮𑄚𑄬 𑄜𑄢𑄧𑄇𑄴 𑄦𑄮𑄃𑄨 𑄡 𑄟𑄬𑄮𑄇𑄳𑄠 𑄖𑄬 𑄃𑄬𑄣𑄇𑄴।,দুই ভাই আলাদা হে গেছে সে
𑄖𑄪𑄋𑄴𑄛𑄪𑄘𑄨 𑄞𑄧𑄖𑄴𑄖𑄨 𑄛𑄧𑄢𑄨𑄇𑄴𑄈𑄬𑄖𑄴 𑄇𑄨 𑄇𑄨 𑄃𑄬𑄎𑄬 𑄥𑄨𑄚𑄨 𑄎𑄚𑄨 𑄣𑄧𑄣𑄧।,তুংপুটি পাখির খোলসে কি কি আছে তা দেখে নিল
𑄜𑄧𑄢𑄈𑄪𑄣𑄧 𑄖𑄢𑄬 𑄃𑄬𑄎𑄚𑄴-𑄥𑄬𑄎𑄚𑄴 𑄉𑄧𑄢𑄨 𑄡 𑄛𑄢𑄬 𑄝𑄪𑄏𑄬𑄣𑄧।,ফোঁাটা তাকে সবসম করে যা
𑄎𑄬𑄢𑄬 𑄇𑄧𑄣𑄧 - 𑄃𑄨𑄠𑄪𑄚𑄨𑄞𑄢𑄴𑄥𑄨𑄑𑄨𑄖𑄴 𑄖𑄨𑄉𑄨𑄝𑄢𑄴 𑄌𑄬𑄌𑄴।,মেেকে কল-বিশ্ববিদ্যালয়ে যাবার ইচ্ছা
𑄚𑄧 𑄛𑄢𑄴𑄣𑄬 𑄃𑄧𑄚𑄳𑄠𑄧 𑄟𑄮𑄇𑄳𑄠𑄬 𑄦𑄧𑄝𑄬𑄘𑄬 𑄃𑄠𑄴।,.না পারলে অন্য মানুষ হবে
𑄇𑄨𑄠 𑄃𑄨𑄓𑄬𑄚𑄧𑄖𑄴 𑄦𑄮𑄟𑄴।,.কিা ইডেনে বাসা
𑄜𑄧𑄢𑄈𑄪𑄣𑄧𑄢𑄬 𑄌𑄬𑄃𑄨 𑄖𑄪𑄋𑄴𑄛𑄪𑄘𑄨 𑄇𑄧𑄠𑄴।,ফোঁাটাকে দেখে ফোঁা বলে
𑄜𑄧𑄢𑄈𑄪𑄣𑄧 𑄚𑄧 𑄟𑄙𑄨 𑄗𑄠𑄴।,ফোঁা বা ফোঁা থাকে না
𑄝𑄚 𑄇𑄧𑄠𑄴 - 𑄃𑄢𑄧 𑄉𑄧𑄟𑄴 𑄉𑄧𑄟𑄴 𑄇𑄧𑄣𑄬𑄌𑄴 𑄃𑄊𑄬 𑄘𑄧।,শুধু কেকটা ভালো কথা আছে তো
𑄟𑄪𑄃𑄨 𑄃𑄨𑄓𑄬𑄚𑄧𑄖𑄴 𑄦𑄮𑄟𑄴𑄝𑄬।,মুত্রথলিতে মাংসপিন্ড
𑄇𑄇𑄴𑄈𑄧𑄚𑄴 𑄚𑄧 𑄟𑄙𑄨 𑄗𑄬𑄚𑄬 𑄃𑄢𑄧 𑄇𑄧𑄠𑄴 - 𑄝𑄪𑄌𑄴𑄌𑄮𑄋𑄴।,.কেকদিন না খেে আবার ব করে
𑄝𑄪𑄌𑄴𑄌𑄮𑄋𑄴।,"বুো, বৃদ্ধ"
𑄇𑄨 𑄝𑄪𑄌𑄴𑄌𑄮𑄌𑄴?,কি বুঝছো?
𑄃𑄬𑄝𑄢𑄧𑄖𑄴 𑄇𑄮𑄃𑄨 𑄛𑄬𑄣𑄧 - 𑄃𑄪𑄃𑄨 𑄥𑄨𑄝𑄬 𑄚𑄨𑄌𑄴𑄌𑄧 𑄃𑄨𑄓𑄬𑄚𑄧𑄖𑄴।,এইবারে কেকটা পেেছে - সে নিে যাচ্ছে ইডেন
𑄇𑄧𑄚𑄴 𑄥𑄨𑄝𑄬।,কোন সে
𑄟𑄧𑄉𑄮𑄚𑄨।,এক জাতী বুনো ফল
𑄘𑄨 𑄖𑄨𑄚𑄴𑄘𑄨𑄚𑄴 𑄃𑄨𑄠𑄚𑄨 𑄚𑄨𑄚𑄬 𑄖𑄪𑄋𑄴𑄛𑄪𑄘𑄨𑄣𑄮𑄃𑄨 𑄜𑄧𑄢𑄈𑄪𑄣𑄧𑄢𑄴 𑄥𑄧𑄣𑄥𑄧𑄣𑄨।,দুটি তেন্নে এগুলো নিে তুংপুে বের হেছে
𑄜𑄧𑄢𑄈𑄪𑄣𑄧 𑄟𑄧𑄚𑄬 𑄟𑄧𑄚𑄬 𑄞𑄝 𑄙𑄧𑄎𑄳𑄠 𑄇𑄨 𑄚 𑄘𑄧𑄏।,ফোঁাগুলো মনে পে কি না বিপদ
𑄔𑄉𑄖𑄴 𑄞𑄧𑄖𑄴𑄖𑄨 𑄦𑄧𑄣𑄬 𑄘𑄧𑄏𑄠𑄚𑄴 𑄃𑄢𑄧 𑄝𑄢𑄧𑄝𑄧 𑄃𑄨𑄠𑄚𑄴 𑄃𑄨𑄇𑄴𑄇𑄪 𑄖𑄢𑄴 𑄎𑄚𑄴𑄘 𑄘𑄳𑄠𑄬।,স্কুলে ভ পেলে বিপদটা আরও বেড়ে যা
𑄖𑄪𑄋𑄴𑄛𑄪𑄘𑄨𑄣𑄮𑄃𑄨 𑄦𑄪𑄌𑄴𑄉𑄧𑄢𑄨 𑄇𑄧𑄙 𑄇𑄪𑄃𑄨 𑄛𑄧𑄢𑄨𑄝𑄧 𑄃𑄨𑄠𑄚𑄴 𑄟𑄳𑄦𑄧𑄣𑄴 𑄉𑄧𑄢𑄴𑄣𑄧।,হাতের তালু দিে কথা বলতে হবে
𑄦𑄧𑄣𑄧𑄖𑄴 𑄜𑄨𑄢𑄴𑄣𑄧।,এক জাতী পাখি
𑄇𑄬𑄣𑄌𑄴𑄠𑄮 𑄃𑄨𑄇𑄴𑄇𑄮 𑄘𑄨𑄝𑄬 𑄦𑄧𑄚𑄴।,ক্লাস ফাকিঁ দেওা হ
𑄃𑄪𑄥𑄨𑄋𑄴𑄉𑄮𑄃𑄨 𑄣𑄇𑄴 𑄛 𑄛𑄨 𑄚𑄧 𑄦𑄧𑄘𑄧𑄚𑄴 𑄘𑄬 𑄘𑄬𑄢𑄨 𑄦𑄧𑄢𑄴।,উসিঙ্গোর মতো হনা তো
𑄛𑄧𑄢𑄨𑄇𑄴 𑄈𑄬 𑄌𑄧𑄣𑄬𑄢𑄴 𑄞𑄨𑄣𑄨 𑄈𑄧𑄝𑄧𑄢𑄴 𑄛𑄨𑄠𑄬।,পরীক্ষা উত্তীর্ণ হওার পর খবর পেছে
𑄞𑄣𑄧𑄇𑄴 𑄘𑄨𑄚𑄴 𑄦𑄧𑄣𑄧 𑄛𑄧𑄢𑄨𑄇𑄴𑄈𑄬 𑄗𑄪𑄟𑄴 𑄦𑄧𑄝𑄧 𑄝𑄨𑄣𑄨 𑄞𑄝𑄬𑄢𑄴।,অনেক দিন হলো পরীক্ষা শেষ হবে মনে হ
𑄝𑄬𑄣𑄳𑄠𑄬 𑄟𑄙𑄚𑄴।,সূর্য ডোবার সম
"𑄃𑄳𑄠𑄬𑄚𑄴 𑄃𑄧𑄇𑄴𑄖𑄧𑄖𑄴 𑄟𑄨𑄣𑄬𑄠𑄪𑄚𑄴 𑄚𑄨𑄉𑄨𑄣𑄨 𑄝𑄢𑄬 𑄌 𑄖 𑄈𑄚𑄴, 𑄉𑄧𑄛𑄴 𑄟𑄢𑄧𑄚𑄴।","অনেক সমে মেেগুলো বের হে চাা চাা করে, গর্ব করে"
𑄃𑄨𑄓𑄬𑄚𑄴 𑄇𑄧𑄣𑄬𑄎𑄧 𑄟𑄮𑄇𑄳𑄠𑄬 𑄣𑄢𑄬 𑄣𑄢𑄬 𑄦𑄘𑄨 𑄡𑄢𑄴।,ইডেন কলেজ মেে ধীরে ধীরে হেঁটে যা
𑄇𑄃𑄨 𑄇𑄪𑄢𑄬 𑄣𑄪𑄋𑄨𑄚𑄬 𑄘𑄧𑄉𑄚𑄴 𑄠𑄚𑄨𑄖𑄴 𑄢𑄨𑄚𑄨 𑄌𑄢𑄴।,.কাছে লুকিে দৌাদৌি করে চা
𑄚𑄧 𑄘𑄬𑄊𑄬।,"না দেখে, না দেখে"
𑄉𑄧𑄟𑄬 𑄚𑄧 𑄌𑄨𑄚𑄬।,ভালোভাবে চিনে না এমন
𑄈𑄣𑄨𑄇𑄴 𑄢𑄋𑄟𑄖𑄳𑄠𑄬 𑄟𑄨𑄣𑄬𑄘𑄬 𑄇𑄮𑄃𑄨 𑄛𑄢𑄬।,এক জাতী মেে কথা বলতে পারে
𑄖𑄢𑄬 𑄛𑄪𑄏𑄢𑄴 𑄉𑄧𑄢𑄴𑄣𑄧 - 𑄃𑄪𑄥𑄨𑄋𑄬 𑄇𑄃𑄨 𑄇𑄪𑄢𑄬 𑄃𑄊𑄬 𑄚 𑄇𑄨?,তাকে জিজ্ঞাসা করলো-উসিঙে কে আছে নাকি?
𑄞𑄨𑄘𑄨𑄢𑄬 𑄇𑄧𑄙 𑄇𑄧𑄙𑄧𑄚𑄴 𑄘𑄬।,ভে কথা দাও
𑄥𑄨𑄝𑄬 𑄜𑄧𑄢𑄈𑄪𑄣𑄧𑄢𑄬 𑄎𑄚𑄬𑄣𑄧।,সে আবোল তাবোল বলতেছে
𑄥𑄨𑄝𑄬𑄢𑄬 𑄇𑄪𑄎𑄧𑄣𑄨 𑄉𑄧𑄢𑄴𑄣𑄧 - 𑄖𑄢𑄬 𑄃𑄬𑄇𑄴𑄇 𑄝𑄢𑄬 𑄃𑄬𑄝𑄢𑄴𑄇𑄮𑄃𑄨 𑄘𑄨𑄥𑄴 𑄚।,তাকে কুজো করল - তাকে একটু বাইরে দাও তো
𑄟𑄨𑄣𑄬 𑄝𑄮 𑄉𑄬𑄘𑄮 𑄞𑄨𑄘𑄨𑄢𑄬 𑄥𑄧𑄟𑄨𑄣𑄧𑄉𑄧𑄃𑄨।,মেেটি ব ছেলে পার্কের মধ্যে লুকোচুরি খেলছে
𑄜𑄧𑄢𑄈𑄪𑄣𑄧𑄢𑄬 𑄝𑄌𑄴 𑄌𑄬𑄃𑄨 𑄃𑄊𑄬।,. ফালকে বাতাস দেখিে আছে
𑄇𑄇𑄴𑄈𑄧𑄚𑄴 𑄎𑄬𑄢𑄬 𑄃𑄪𑄥𑄨𑄋𑄧𑄢𑄬 𑄉𑄬𑄘𑄮 𑄟𑄪𑄎𑄪𑄋𑄬 𑄞𑄨𑄣𑄴𑄞𑄨𑄣𑄬𑄖𑄳𑄠𑄬 𑄘𑄬𑄊𑄬।,এক জাতী বুনো ফল যা গাছের আগা ধরে
𑄜𑄧𑄢𑄈𑄪𑄣𑄧 - 𑄃𑄪𑄥𑄨𑄋𑄴 ।,ফোঁা বা ফোঁা
𑄃𑄪𑄥𑄨𑄋𑄴 𑄉𑄧𑄢𑄨 𑄓𑄉𑄨𑄣𑄬 𑄃𑄪𑄥𑄨𑄋𑄬 𑄖 𑄟𑄬𑄇𑄳𑄠𑄬 𑄃𑄬𑄣𑄧।,.উস্কুখুস্কু করলে তারপর তার মেেটা আসলো
𑄘𑄨𑄎𑄧𑄚𑄬 𑄃𑄎𑄨𑄥𑄴 𑄛𑄪𑄢𑄧 𑄟𑄮𑄇𑄳𑄠𑄬 𑄦𑄘 𑄙𑄧𑄢𑄴 𑄣𑄇𑄴।,দুইজনে একসাথে হাত ধরে আছে
𑄜𑄧𑄢𑄈𑄪𑄣𑄧 𑄇𑄧𑄣𑄧 - 𑄖𑄧𑄢𑄴 𑄇𑄨 𑄛𑄧𑄢𑄨𑄇𑄴𑄈𑄬 𑄥𑄨𑄢𑄴 𑄡𑄨𑄠𑄬।,ফরাকল কল -তোমার কি বিপদ ঘটিেছে
𑄃𑄪𑄥𑄨𑄋𑄬 𑄇𑄧𑄣𑄧- 𑄃𑄢𑄧 𑄃𑄨𑄇𑄴𑄇𑄮 𑄃𑄊𑄬।,উসিঙে কল আরেকটা আছে
𑄃𑄬𑄇𑄴 𑄥𑄛𑄴𑄖 𑄎𑄬𑄢𑄬।,এক সাপে
𑄃𑄧 𑄇𑄧𑄃𑄨𑄚𑄬 𑄜𑄧𑄢𑄈𑄪𑄣𑄧 𑄃𑄢𑄧 𑄇𑄧𑄣𑄧 - 𑄃 𑄊𑄧𑄢𑄧𑄖𑄴 𑄚𑄧 𑄡𑄬𑄝𑄬।,.এই বলে ফোঁা আর কল - এই বািতে যাবে না
𑄃𑄪𑄥𑄨𑄋𑄬 𑄃𑄪𑄎𑄪 𑄇𑄧𑄙𑄠𑄚𑄴 𑄎𑄮𑄝𑄴 𑄚𑄧 𑄘𑄨𑄚𑄬 𑄇𑄧𑄣𑄧 - 𑄟 𑄃𑄬𑄥𑄳𑄠𑄬 𑄘𑄧।,.উপরের মতো কথা না বলে মা আসতেছে
𑄖𑄧𑄢𑄬 𑄛𑄪𑄏𑄢𑄴 𑄉𑄧𑄎𑄳𑄠𑄬।,তোরে পার শখ আছে
𑄜𑄧𑄢𑄈𑄪𑄣𑄧 𑄟𑄙𑄨 𑄃𑄪𑄙𑄨𑄣𑄧 - 𑄃𑄧।,.ফরাকটা মাটি উে গেল
𑄎𑄟𑄬𑄘𑄊𑄨𑄢𑄴 𑄈𑄧𑄝𑄧𑄢𑄴 𑄣𑄧𑄚𑄴 𑄢𑄘 𑄃𑄠।,জ্যাকেটের খবর নিে আসো
𑄃𑄪𑄥𑄨𑄋𑄬 𑄎𑄪𑄌𑄴𑄉𑄧𑄢𑄨 𑄜𑄧𑄢𑄈𑄪𑄣𑄧𑄢𑄬 𑄉𑄣𑄧𑄖𑄴 𑄝𑄎𑄬 𑄟𑄢𑄨𑄝𑄢𑄴 𑄌𑄬𑄣𑄧।,উসিঙে জুতা পরা ছেলেটাকে গালে মারার চেেছে
𑄛𑄨𑄎𑄬𑄘𑄨 𑄢𑄨𑄚𑄨 𑄌𑄬𑄃𑄨𑄚𑄬 𑄚𑄧 𑄟𑄢𑄴𑄣𑄧 𑄃𑄢𑄴।,পিসে- ফুফা আর সেলাই করলো না
𑄜𑄧𑄢𑄈𑄪𑄣𑄧 𑄛𑄨𑄎𑄬𑄘𑄨 𑄢𑄨𑄚𑄨 𑄌𑄠𑄴 𑄘𑄬 𑄘𑄨𑄎𑄧𑄚𑄴 𑄟𑄨𑄣𑄬 𑄦𑄘𑄨 𑄃𑄬𑄖𑄴 𑄖𑄧𑄚𑄴।,.কাপের শিরা দিে দুইজন মহিলা হেঁটে যাচ্ছে।
𑄇𑄧𑄙𑄠𑄚𑄨 𑄣𑄮𑄃𑄨 𑄝𑄪𑄏𑄧 𑄡𑄢𑄴 - 𑄝𑄚𑄴𑄘𑄧𑄢𑄴𑄝𑄚𑄧𑄢𑄴 𑄦𑄧𑄝𑄇𑄴।,কথা গুলো ভালোভাবে বুঝে যাওা যা -বানবান হওা
𑄃𑄪𑄥𑄨𑄋𑄧𑄢𑄬 𑄌𑄬𑄃𑄨 𑄌𑄬𑄃𑄨 𑄦𑄏𑄧𑄘𑄧𑄚𑄴।,উস্কুখুস্কুভাবে হাঁটা
𑄃𑄪𑄥𑄨𑄋𑄬 𑄃𑄬𑄇𑄴𑄇 𑄟𑄳𑄦𑄧 𑄦𑄧𑄣𑄧।,উপরে একটু উঁচু হলো
𑄜𑄧𑄢𑄈𑄪𑄣𑄧 𑄇𑄬𑄃𑄨𑄖𑄴 𑄢𑄨𑄚𑄨 𑄌𑄬𑄃𑄨 𑄃𑄪𑄥𑄨𑄋𑄧𑄢𑄬 𑄇𑄨 𑄎𑄬𑄚𑄬 𑄇𑄧𑄚𑄴।,ফোঁার শব্দ করে উঠার সম কি জানি
𑄜𑄧𑄢𑄈𑄪𑄣𑄧 𑄇𑄧𑄙𑄚𑄨 𑄚𑄧 𑄝𑄪𑄏𑄬𑄢𑄴।,.অচেতন কথা গুলো বোঝে না
𑄝𑄚 𑄃𑄬𑄇𑄴𑄇𑄮 𑄥𑄧𑄝𑄴𑄘𑄧 - 𑄇𑄳𑄢𑄧𑄖𑄬 𑄇𑄧𑄢𑄨 𑄇𑄨 𑄎𑄬𑄚𑄬 𑄇𑄧𑄚𑄴।,শুধু একটা সাপ-ল্যাম্প করে কি জানি
𑄜𑄧𑄢𑄈𑄪𑄣𑄧 𑄇𑄨𑄠𑄬𑄌𑄴 𑄉𑄧𑄢𑄴𑄣𑄧 𑄥𑄧𑄝𑄴𑄘𑄧𑄝𑄮𑄢𑄴 𑄃𑄧𑄖𑄴𑄗𑄧 𑄇𑄨 𑄦𑄮𑄃𑄨 𑄛𑄢𑄬।,. ফোঁার শব্দ করে শামুকটা কি হতে পারে।
𑄃𑄪𑄥𑄨𑄋𑄧𑄢𑄬 𑄛𑄪𑄏𑄢𑄴 𑄉𑄧𑄢𑄬 - 𑄇𑄨 𑄇𑄧𑄚𑄴𑄘𑄬।,উস্কুখুস্কু করে -কি বলে
𑄃𑄪𑄥𑄨𑄋𑄬 𑄝𑄚 𑄦𑄏𑄬।,উপরে শুধু হ
𑄘𑄨𑄎𑄧𑄚𑄬 𑄚𑄧 𑄃𑄇𑄴 𑄇𑄮𑄃𑄨𑄣𑄇𑄴 𑄃𑄢𑄴।,দুইজনে কথা বলে না আর
𑄜𑄨𑄢𑄨 𑄃𑄬𑄖𑄴𑄖𑄧𑄚𑄴।,ফিরে যাওা
𑄃𑄬𑄖𑄴𑄖𑄬 𑄃𑄬𑄖𑄴𑄖𑄬 𑄛𑄪𑄢𑄴 𑄒𑄨𑄇𑄴 𑄉𑄧𑄢𑄴𑄣𑄇𑄴।,এত এত করে পরিষ্কার করা
𑄘𑄨𑄎𑄧𑄚𑄴 𑄟𑄨𑄣𑄬𑄃𑄨 𑄖𑄢𑄢𑄬 𑄜𑄬𑄣𑄬𑄃𑄨 𑄘𑄪𑄢𑄮𑄖𑄴 𑄦𑄘𑄨 𑄡 𑄙𑄧𑄢𑄴𑄣𑄇𑄴।,দুজন মেে তাদেরকে রেখে দূরে হেঁটে যা
𑄃𑄪𑄥𑄨𑄋𑄬 𑄣𑄟𑄴𑄝 𑄝𑄧𑄚𑄴𑄘𑄧 𑄚𑄧 𑄦𑄧𑄣𑄬 𑄊𑄧𑄢𑄧𑄖𑄴 𑄚𑄧 𑄡𑄠𑄴।,উপরে লম্বা বন্ধ না হলে বািতে যা না
𑄘𑄨 𑄃𑄬𑄇𑄴𑄘𑄨𑄚𑄴 𑄝𑄧𑄚𑄴𑄘𑄧 𑄗𑄬𑄣𑄬 𑄜𑄧𑄢𑄈𑄪𑄣𑄧𑄣𑄮𑄃𑄨 𑄝𑄬𑄚𑄳𑄠𑄬 𑄘𑄪𑄢𑄮𑄖𑄴 𑄝𑄬𑄢 𑄡𑄚𑄴।,দুই একদিন বন্ধ থাকলে ফাঁক ফাঁক করে বো বো ঘুরে যা
𑄜𑄧𑄢𑄈𑄪𑄣𑄧𑄣𑄮𑄃𑄨 𑄃𑄬𑄇𑄴𑄝𑄢𑄴 𑄛𑄧𑄘𑄴𑄙 𑄉𑄋𑄴 𑄌 𑄉𑄬𑄣𑄇𑄴।,ফোঁা দিে এক পা নদী দেখা গেল
𑄝𑄬𑄚𑄳𑄠𑄬 𑄏𑄘𑄨 𑄉𑄝𑄴 𑄖𑄧𑄣𑄨𑄖𑄴𑄖𑄪𑄚𑄴 𑄣𑄧𑄢𑄴 𑄘𑄨 𑄝𑄥𑄧𑄖𑄴 𑄉𑄧𑄢𑄨 𑄡𑄘𑄬 𑄡𑄘𑄬 𑄘𑄨 𑄎𑄧𑄚𑄧𑄢𑄴 𑄇𑄧𑄙 𑄎𑄬𑄚𑄬 𑄚𑄧 𑄜𑄪𑄢𑄮𑄠𑄴।,বোইন গাছের তলা দিে হেঁটে যেতে যেতে দুই জনের কথা জেনে শেষ হ না
𑄥𑄞𑄢𑄧 𑄃𑄬𑄝𑄣𑄬𑄘𑄨 𑄃𑄪𑄥𑄨𑄋𑄬 𑄇𑄧𑄚𑄧 𑄘𑄨𑄚𑄴 𑄚𑄧 𑄃𑄬𑄎𑄬।,স্যাঁত স্যাতেঁ কোনো দিন আসে না
𑄌𑄬𑄢𑄮𑄛𑄣 𑄢𑄨𑄚𑄨 𑄌𑄠𑄴 𑄃𑄳𑄦 𑄜𑄧𑄢𑄈𑄪𑄣𑄧𑄢𑄬 𑄛𑄪𑄏𑄢𑄴 𑄉𑄧𑄢𑄬।,চোরটা দিে চাচা করে
𑄃𑄪𑄥𑄨𑄋𑄬 𑄇𑄧𑄠𑄴 - 𑄃𑄬 𑄎𑄉 𑄙𑄧𑄇𑄴𑄠𑄚𑄨 𑄘𑄧 𑄛𑄪𑄉𑄬𑄘𑄨 𑄎𑄉𑄣𑄮𑄃𑄨 𑄚𑄧 𑄟𑄨𑄣𑄬।,উসিঙে ক - এই জাগাটা তো পঁচা জাগা না
𑄖𑄧 𑄇𑄧𑄙𑄚𑄨 𑄒𑄨𑄇𑄴 𑄜𑄧𑄢𑄈𑄪𑄣𑄧 𑄃𑄪𑄥𑄨𑄋𑄧𑄢𑄬 𑄌𑄬𑄚𑄬 𑄎𑄮𑄝𑄴 𑄘𑄬।,তোমার কথাগুলো একদম পরিষ্কার করে দাও
𑄎𑄬𑄢𑄬 𑄇𑄧𑄠𑄴 - 𑄃𑄬𑄇𑄴𑄇 𑄃𑄬𑄌𑄴𑄎𑄝𑄧𑄢𑄴 𑄃𑄊𑄬।,ঝেে কেকটা বরফ আছে
𑄃𑄪𑄥𑄨𑄋𑄬 𑄃𑄢𑄧 𑄉𑄧𑄟𑄬 𑄞𑄨𑄣𑄴𑄝𑄨𑄣𑄃𑄨 𑄃 𑄚𑄚𑄉𑄚𑄴 𑄛𑄪𑄏𑄢𑄴 𑄉𑄧𑄢𑄬।,উস্কুখুস্কু আর ভালোভাবে বোই করে
𑄎𑄬𑄢𑄬 𑄜𑄧𑄢𑄈𑄪𑄣𑄧𑄖𑄴 𑄖𑄪𑄚𑄴 𑄎𑄚𑄨𑄝𑄢𑄴 𑄌𑄠𑄴 - 𑄖𑄪𑄃𑄨 𑄝𑄚𑄴𑄘𑄧𑄢𑄴𑄝𑄚𑄴 𑄇𑄧𑄠𑄴𑄝𑄢𑄴 𑄡𑄨𑄠𑄮𑄌𑄴?,.সে ফরা করলে তুমি কবার যাচ্ছো?
𑄜𑄧𑄢𑄈𑄪𑄣𑄧 𑄎𑄮𑄝𑄴 𑄘𑄬 - 𑄃𑄬𑄇𑄴𑄝𑄢𑄴।,ফোঁা দিে একনাগাে
𑄃𑄪𑄥𑄨𑄋𑄬 𑄜𑄧𑄢𑄈𑄪𑄣𑄧 𑄃𑄢𑄧 𑄇𑄨 𑄇𑄧𑄠𑄴 𑄚𑄇𑄨 𑄖 𑄇𑄬𑄖𑄳𑄠𑄬 𑄌𑄬𑄃𑄨 𑄗𑄠𑄴।,উসিঙে ফোঁা আরও কি বলে নাকি তার কান্না
𑄎𑄬𑄢𑄬 𑄇𑄧𑄠𑄴 - 𑄖𑄧𑄢𑄴 𑄝𑄚𑄴𑄘𑄧𑄢𑄴𑄝𑄚𑄴 𑄇𑄬𑄎𑄚𑄴 𑄣𑄉𑄬?,. এর পরে কটা - তোমার বানরটা কেমন লাগে?
𑄉𑄧𑄟𑄴 ।,"ভালো, ভালো"
𑄜𑄧𑄢𑄈𑄪𑄣𑄧 𑄎𑄮𑄝𑄴 𑄘𑄳𑄠𑄬।,. ফোঁা বের হেছে
𑄢𑄋𑄟𑄖𑄳𑄠𑄬𑄣𑄮𑄃𑄨 𑄚𑄧 𑄟𑄨𑄣𑄬𑄘𑄧 𑄚𑄧𑄠𑄴।,রংধনু দিে মিলে না
𑄃𑄪𑄥𑄨𑄋𑄬 𑄃𑄢𑄧 𑄛𑄪𑄏𑄢𑄴 𑄉𑄧𑄢𑄨 𑄎𑄚𑄨𑄝𑄢𑄴 𑄌𑄠𑄴।,উপরে ওাবাি করে যাওা
𑄉𑄧𑄟𑄬 𑄚𑄧 𑄝𑄬𑄢𑄋𑄴।,ভালো করে ঘুরে বো
"𑄈𑄣𑄨𑄇𑄴 𑄟𑄮𑄚𑄴, 𑄟𑄪𑄢𑄮 𑄝𑄬𑄌𑄴।","খালি পা,পাহা বেশি"
𑄜𑄧𑄢𑄈𑄪𑄣𑄧 𑄎𑄮𑄝𑄴 𑄘𑄬।,ফোঁা বা ফোঁা দেওা
𑄇𑄧𑄙 𑄇𑄧𑄙𑄬 𑄇𑄧𑄙𑄬 𑄛𑄧𑄘𑄴𑄙 𑄛𑄢𑄧𑄖𑄴 𑄣𑄪𑄋𑄨𑄣𑄇𑄴 𑄇𑄨।,কথা বলতে বলতে পথের পাে পৌছালো কি
"𑄃𑄧𑄏𑄢𑄴, 𑄓𑄋𑄧𑄢𑄴 𑄉𑄋𑄴।",এক জাতী নদী
𑄃𑄪𑄥𑄨𑄋𑄬 𑄃𑄬𑄟𑄴𑄝 𑄉𑄋𑄴 𑄇𑄧𑄚𑄧𑄘𑄨𑄚𑄴 𑄚𑄧 𑄘𑄬𑄊𑄬।,উপরের দিকে এত নদী দেখা যা না
𑄦𑄟𑄧𑄇𑄴𑄦𑄮𑄃𑄨 𑄢𑄨𑄚𑄨 𑄌𑄬𑄃𑄨 𑄗𑄠𑄴।,হামাগুি দো
𑄎𑄧𑄟𑄧𑄥𑄧𑄟𑄧 𑄉𑄧𑄟𑄴 𑄣𑄉𑄬𑄢𑄴।,সম ভালো লাগে
𑄜𑄬𑄢𑄨𑄖𑄴 𑄃𑄪𑄙𑄨 𑄃𑄮𑄇𑄪𑄣𑄬 𑄉𑄬𑄣𑄇𑄴।,ফেরিতে করে উপরে উঠে গেল
𑄏𑄧𑄝𑄖𑄴 𑄏𑄧𑄝𑄖𑄴 𑄜𑄬𑄢𑄨𑄖𑄴 𑄛𑄚𑄨 𑄝𑄢𑄨 𑄈𑄢𑄴।,.ঝগাতে ঝগাতে পানির বারি খা
"𑄢𑄨𑄛𑄴 𑄢𑄨𑄛𑄴 𑄉𑄧𑄢𑄨 𑄘𑄪𑄢𑄮 𑄚𑄳𑄦𑄧, 𑄝𑄮𑄑𑄴, 𑄎𑄣𑄳𑄠𑄬 𑄚𑄳𑄦𑄧 𑄃𑄪𑄎𑄮𑄣𑄴 - 𑄣𑄟𑄧𑄚𑄴 𑄉𑄧𑄢𑄬𑄢𑄴 ।","রিপ রিপ করে দূরে যেতে হ না, বোট, জালিে উঠে না -লামা করে"
"𑄝𑄪𑄠𑄢𑄴 𑄏𑄧𑄣𑄴𑄉𑄖𑄴 𑄃𑄪𑄥𑄨𑄋𑄧𑄢𑄴 𑄦𑄮𑄣𑄧𑄖𑄳𑄠 𑄃𑄮𑄢𑄴 𑄚𑄠𑄚𑄴, 𑄣𑄟𑄴𑄝 𑄌𑄪𑄣𑄴𑄠𑄚𑄨 𑄚𑄏 𑄙𑄧𑄎𑄳𑄠।","বুার ঝগা উঠেছে তার নাা,লম্বা চুলগুলো লম্বা"
"𑄃𑄧𑄇𑄴𑄖𑄧 𑄃𑄧𑄇𑄴𑄖𑄧 𑄝𑄪𑄠𑄢𑄧 𑄏𑄧𑄣𑄴𑄉𑄖𑄴 𑄃𑄮𑄢𑄴 𑄚 𑄠𑄚𑄴 𑄜𑄧𑄢𑄈𑄪𑄣𑄧 𑄟𑄠𑄮𑄖𑄧 𑄃𑄬𑄃𑄨 𑄝𑄢𑄨 𑄘𑄬𑄢𑄴, 𑄜𑄧𑄢𑄈𑄪𑄣𑄧 𑄌𑄮𑄇𑄴𑄈𑄪𑄚𑄴 𑄃𑄚𑄴𑄘𑄧𑄣𑄴 𑄉𑄧𑄢𑄨 𑄘𑄬𑄢𑄴।","অনেক অনেক বুার ঝগা সে নেই -পাহাের মাথা এই বারি দে,পাহাের চোখগুলো নরম করে দে"
𑄜𑄧𑄢𑄈𑄪𑄣𑄧 𑄃𑄪𑄥𑄨𑄋𑄴 𑄇𑄬𑄃𑄨𑄖𑄴 𑄢𑄨𑄚𑄨 𑄌𑄬𑄃𑄨 𑄘𑄬𑄊𑄬 - 𑄃𑄪𑄥𑄨𑄋𑄴 𑄌𑄮𑄇𑄴 𑄝𑄚 𑄛𑄚𑄨 𑄟𑄮𑄇𑄳𑄠𑄬।,ফোঁাটা উপরের দিকে তাকিয়ে আছে - উপরের চোখ শুধু পানি মো
𑄛𑄚𑄨 𑄥𑄧𑄋𑄴 𑄟𑄧𑄙𑄳𑄠𑄬 𑄡𑄬𑄃𑄨𑄚𑄬 𑄛𑄚𑄨 𑄖𑄝𑄮𑄣𑄧𑄢𑄴 𑄝𑄧𑄣𑄴 𑄃𑄧𑄜𑄪𑄢𑄧𑄚𑄴 𑄘𑄨।,পানির সম যে পানি বুদবুদ করে তাাতাি
𑄏𑄇𑄴 𑄏𑄇𑄴 𑄛𑄬𑄉𑄮 𑄖𑄟𑄴𑄎।,ঝগা ঝগা করতেছে
𑄎𑄣𑄳𑄠𑄬𑄣𑄮𑄃𑄨 𑄛𑄬𑄉𑄮𑄢𑄴 𑄟𑄌𑄴 𑄙𑄧𑄢𑄚 𑄎𑄨𑄖𑄴𑄝𑄖𑄴।,জাল দিে এক জাতী মাছ ধরা যাচ্ছে
"𑄛𑄚𑄨 𑄖𑄝𑄮𑄣𑄧𑄢𑄴 𑄝𑄧𑄘𑄝𑄪𑄘𑄨 - 𑄌𑄘𑄬 𑄌𑄮𑄇𑄴 𑄥𑄪𑄇𑄴, 𑄟𑄧𑄚𑄴 𑄥𑄪𑄇𑄴।",".পানির তাবোল বাচ্চারা - চোখে চোখে,মনে মনে"
𑄃𑄪𑄥𑄨𑄋𑄬 𑄌𑄮𑄇𑄴 𑄚𑄧 𑄜𑄨𑄢𑄬𑄚𑄬 𑄌𑄬𑄃𑄨 𑄃𑄊𑄬।,উপরের দিকে চোখ বন্ধ না করে তাকিে আছে
𑄃𑄘𑄬𑄇𑄳𑄠𑄬𑄉𑄧𑄢𑄨 𑄜𑄬𑄢𑄨𑄠𑄚𑄴 𑄣𑄧𑄢𑄨 𑄃𑄪𑄙𑄨𑄣𑄧।,এক জাতী ফেরিওালা উঠল
𑄃𑄪𑄥𑄨𑄋𑄬 𑄇𑄧𑄇𑄴 𑄇𑄬 𑄜𑄧𑄢𑄈𑄪𑄣𑄧𑄢𑄬 𑄃𑄎𑄉𑄧𑄢𑄨 𑄙𑄧𑄎𑄳𑄠 𑄇𑄮𑄃𑄨 𑄚𑄧 𑄛𑄢𑄬।,উসিঙে কেকটা ফালকে আসা যাওা করতে পারে না
𑄜𑄧𑄢𑄈𑄪𑄣𑄧 𑄌𑄬𑄢𑄴 𑄇𑄬𑄃𑄨𑄖𑄴 𑄃𑄬𑄇𑄴 𑄇 𑄢𑄨𑄚𑄨 𑄌𑄬𑄣𑄧।,ফোঁার শব্দ করে এক কান নিে দেখল
𑄜𑄬𑄢𑄨𑄖𑄴 𑄘𑄨 𑄃𑄬𑄇𑄴 𑄎𑄧𑄚𑄬 𑄖𑄢 𑄇𑄬𑄃𑄨𑄖𑄴 𑄢𑄨𑄚𑄨 𑄌𑄬𑄃𑄨 𑄃𑄊𑄧𑄚𑄴।,ফেরিে দুইজনে তাদের কেত দিে তাকিে আছে
"𑄃𑄧𑄌𑄨𑄚𑄴 𑄎𑄉, 𑄃𑄧𑄌𑄨𑄚𑄴 𑄟𑄚𑄪𑄌𑄴 - 𑄥𑄬𑄖𑄳𑄠𑄬 𑄣𑄌𑄴𑄥𑄚𑄴 𑄖𑄳𑄠𑄬𑄚𑄴 𑄚𑄧 𑄥𑄧𑄟𑄬𑄣𑄧।",".অন্যের জাগা,অন্যের জাগা তাাতাি আসে না"
𑄎𑄬𑄢𑄬 𑄃𑄮 𑄛𑄢𑄧𑄖𑄴 𑄣𑄟𑄨𑄚𑄬 𑄇𑄧𑄖𑄴𑄘𑄪𑄢𑄴 𑄦𑄘𑄨 𑄉𑄬𑄣𑄇𑄴।,বোই ও পাখানা করতে করতে কত ব হে গেল
"𑄌𑄬𑄢𑄮 𑄇𑄬𑄃𑄨𑄖𑄴 𑄃𑄮𑄟 𑄃𑄮𑄟 𑄃𑄧𑄎𑄢𑄴 𑄛𑄢𑄴, 𑄦𑄞 𑄈𑄬𑄣𑄨 𑄡𑄢𑄴।","চওার সম পা,হাওা খেলো"
"𑄘𑄪𑄢𑄮𑄖𑄴 𑄢𑄨𑄛𑄴 𑄢𑄨𑄛𑄴 𑄉𑄧𑄢𑄨 𑄃𑄘𑄟𑄴, 𑄇𑄪𑄌𑄴𑄌𑄬𑄣𑄴 𑄈𑄬𑄖𑄴, 𑄉𑄏𑄧 𑄏𑄪𑄛𑄴, 𑄝𑄉𑄚𑄴, 𑄦𑄬𑄃𑄨𑄣𑄴 𑄞𑄪𑄃𑄨 , 𑄇𑄬𑄌𑄳𑄠𑄬𑄝𑄧𑄚𑄴 ।",".দূরে রিপ রিপ করে যাবো,কুালের জঙ্গল,গাছের জঙ্গল,হেঁচার জঙ্গল,হেঁচার জঙ্গল"
𑄃𑄪𑄥𑄨𑄋𑄬 𑄜𑄧𑄢𑄈𑄪𑄣𑄧𑄢𑄬 𑄇𑄧𑄢𑄴 - 𑄞𑄢𑄨 𑄎𑄧𑄟𑄧𑄥𑄧𑄟𑄧 𑄌𑄨𑄖𑄴 𑄞𑄨𑄎𑄬।,উসিঙে ফোঁাটাকে কর- অনেক ব ব মনে হ
𑄃𑄬𑄝𑄢𑄧𑄖𑄴 𑄜𑄨𑄢𑄚।,এবার ফেরা
𑄜𑄬𑄢𑄨𑄖𑄴 𑄃𑄢𑄧 𑄥𑄬 𑄖𑄟𑄴𑄎।,ফেরিওালা আর সেই সম
𑄛𑄬𑄑𑄴 𑄃𑄨𑄚𑄴𑄘𑄨 𑄌𑄨𑄙𑄬।,পেটটা ছোট
"𑄘𑄮𑄎𑄧𑄚𑄧𑄢𑄴 𑄈𑄬𑄝𑄢𑄴 𑄞𑄪𑄇𑄴, 𑄖𑄨𑄢𑄏𑄬 𑄟𑄪 𑄝𑄧𑄚𑄴।","দুই জনের খাওার ভুঁি, তেতো মুখ"
"𑄛𑄚𑄨 𑄈𑄬𑄃𑄨 𑄃 𑄇𑄬𑄇𑄴, 𑄇𑄧𑄣 𑄈𑄬𑄃𑄨 𑄞𑄪𑄇𑄴 𑄇𑄚𑄴 𑄟𑄢𑄬𑄣𑄇𑄴।","পানি খেে আর কেক,কলা খেে ভে কান্না করলো"
𑄃𑄢𑄨𑄌𑄖𑄴 𑄃𑄬𑄃𑄨 𑄈𑄬𑄝𑄢𑄴 𑄟𑄧𑄚𑄴𑄎𑄪𑄇𑄴 𑄃𑄢𑄴 𑄚𑄧 𑄦𑄧𑄣𑄧।,আগের চাইতে এই খোলটা আর ভালো হলো না
𑄈𑄚 𑄊𑄧𑄢𑄧𑄢𑄴 𑄦𑄣𑄴 𑄘𑄬𑄚𑄬 𑄊𑄨𑄚𑄴 𑄛𑄨𑄢 𑄎𑄉 𑄙𑄧𑄢𑄴𑄣𑄧।,খাওার বািটা হাল দিে ঘিন অসুখের জাগা ধরলো
"𑄎𑄬𑄢𑄬 𑄃𑄢𑄧 𑄌, 𑄇𑄧𑄣, 𑄝𑄧𑄚𑄴 𑄈𑄬𑄃𑄨 𑄃𑄧𑄘𑄧𑄖𑄴 𑄣𑄧𑄢𑄴 𑄘𑄨𑄣𑄇𑄴।",". তারপর আবার চা,কলা,বাদ্যা খেে দৌ দিল"
"𑄛𑄬𑄑𑄴 𑄛𑄧𑄢𑄠𑄴, 𑄉𑄢𑄨 𑄟𑄖𑄴𑄖𑄧𑄣𑄬 𑄝𑄥𑄧𑄖𑄴 𑄃𑄪𑄙𑄨𑄚𑄬 𑄃𑄪𑄥𑄨𑄋𑄧𑄢𑄴 𑄃𑄧𑄊𑄪𑄢𑄴 𑄊𑄪𑄟𑄴।","পেট ভরা,গাি মাা করলে বাসে উে উঠতে হ"
𑄝𑄬𑄣𑄴 𑄃𑄊𑄬 𑄉𑄝𑄴 𑄖𑄪𑄣𑄨𑄖𑄴 𑄣𑄪𑄟𑄨𑄣𑄇𑄴।,সূর্য অস্ত যাচ্ছে
𑄖 𑄎𑄬𑄢𑄬 𑄃𑄎𑄨𑄟𑄴𑄛𑄪𑄢𑄴 𑄣𑄟𑄨 𑄃𑄪𑄥𑄨𑄋𑄧 𑄢𑄬 𑄉𑄬𑄘𑄮𑄖𑄴 𑄣𑄪𑄋𑄬 𑄘𑄨 𑄜𑄧𑄢𑄈𑄪𑄣𑄧 𑄦𑄧𑄣𑄧𑄖𑄴 𑄜𑄨𑄢𑄨 𑄃𑄬𑄣𑄧।,.তার পরে আসা পাহাে পাহাে দুই পাহাে ফিরে আসলো।
𑄘𑄨 𑄃𑄬𑄇𑄴𑄘𑄨𑄚𑄴 𑄎𑄬𑄢𑄬 𑄃𑄪𑄥𑄨𑄋𑄬 𑄜𑄧𑄢𑄈𑄪𑄣𑄧𑄢𑄬 𑄣𑄇𑄴 𑄛𑄬𑄣𑄬 𑄇𑄧𑄠𑄴 - 𑄃𑄢𑄧 𑄃𑄬𑄇𑄴 𑄝𑄢𑄴 𑄡𑄬𑄝𑄧𑄋𑄴।,দুইজনে একসাথে লাফিে লাফিে গেলে বলে আরও একবার যাবে
𑄜𑄧𑄢𑄈𑄪𑄣𑄧 𑄃𑄪𑄥𑄨𑄋𑄧𑄢𑄬 𑄢𑄨𑄚𑄨 𑄌𑄬𑄃𑄨 𑄇𑄧𑄠𑄴 - 𑄊𑄪𑄟𑄴 𑄡𑄬𑄃𑄨 𑄡𑄬𑄃𑄨 𑄃𑄬𑄝𑄖𑄴 𑄖𑄬 𑄃𑄠𑄴 ।,. ফালের উপরে চোখ রেখে সে বলে-ঘুম যেভাবে আসুক সে আর কী
𑄃𑄪𑄥𑄨𑄋𑄬 𑄎𑄮𑄝𑄴 𑄘𑄬 - 𑄛𑄬𑄑𑄴 𑄛𑄪𑄎𑄳𑄠𑄬 𑄟𑄧𑄖𑄴𑄖𑄪𑄚𑄴।,উসিঙে জোব দাও- পেট পুরে খাওা
𑄃𑄮𑄉𑄮𑄣𑄨 𑄘𑄮𑄌𑄴 𑄞𑄨𑄣𑄨 𑄓𑄧𑄢𑄬𑄋𑄮𑄋𑄴।,.গোসলের জামা পরে ডর করে
𑄜𑄧𑄢𑄈𑄪𑄣𑄧 𑄃𑄪𑄥𑄨𑄋𑄧𑄢𑄬 𑄃𑄬𑄇𑄴𑄇 𑄢𑄉𑄴 𑄖𑄪𑄣𑄬 𑄘𑄨𑄝𑄢𑄴 𑄌𑄠𑄴।,. ফালের উপর একটু রাগ তুলে দাও
𑄇𑄨 𑄇𑄧𑄣𑄬𑄘𑄬।,কি বলে
𑄃𑄪𑄥𑄨𑄋𑄬 𑄜𑄧𑄢𑄈𑄪𑄣𑄧 𑄇𑄬𑄃𑄨𑄖𑄴 𑄌𑄮𑄇𑄴 𑄛𑄨𑄎𑄨 𑄢𑄨𑄚𑄨 𑄌𑄠𑄴।,উসিঙে ফোঁা দিে চোখ বন্ধ করে তাকা
𑄎𑄬𑄢𑄬 𑄎𑄮𑄝𑄴 𑄘𑄬 - 𑄖𑄧 𑄇𑄧𑄢𑄴 𑄌𑄬𑄃𑄨 𑄃𑄮𑄉𑄮𑄣𑄨 𑄘𑄨𑄟𑄴𑄝𑄬।,সে জোা দো - তোমার হাত দিে দৌে দিবো
𑄜𑄧𑄢𑄈𑄪𑄣𑄧 𑄃𑄪𑄥𑄨𑄋𑄧𑄢𑄬 𑄌𑄬𑄃𑄨 𑄇𑄧𑄠𑄴 - 𑄥𑄣𑄬 𑄚𑄧 𑄚𑄨𑄟𑄴 𑄃𑄢𑄴।,ফোঁাটা উপরে তুলে বলি - তবুও যাবো না
𑄚𑄨 𑄛𑄬𑄝𑄬 𑄃𑄪𑄥𑄨𑄋𑄬 𑄜𑄧𑄢𑄈𑄪𑄣𑄧𑄢𑄬 𑄎𑄮𑄝𑄴 𑄘𑄬।,.নিচে পার সম ফোঁাগুলো বের করে দাও
𑄜𑄧𑄢𑄈𑄪𑄣𑄧 𑄇𑄨 𑄎𑄬𑄚𑄬 𑄞𑄝𑄬।,ফোঁা বা ফোঁা কি জানে
𑄟𑄪 𑄚𑄧 𑄈𑄪𑄣𑄬।,মুখ খুলতে না পারা
𑄇𑄧𑄙 𑄃𑄧𑄚𑄳𑄠𑄧 𑄇𑄬𑄖𑄳𑄠𑄬 𑄊𑄪𑄢𑄧𑄠𑄴।,কথা শুধু ঘুরা
𑄃𑄪𑄥𑄨𑄋𑄧𑄢𑄴 𑄃𑄟𑄨𑄎 𑄃𑄢𑄧 𑄃𑄬𑄇𑄴 𑄝𑄢𑄴 𑄡𑄬𑄝𑄧𑄋𑄴 𑄇𑄧‘𑄚𑄖𑄴 𑄃𑄊𑄬।,উসিঙর আম আরও এক বছর ধরে আছে
𑄜𑄧𑄢𑄈𑄪𑄣𑄧 𑄢𑄴 𑄚 𑄉𑄧𑄢𑄨𑄝𑄢𑄴 𑄎𑄪 𑄚𑄬𑄃𑄨।,ফোঁা বা ফোঁা আর সহ্য হ না
𑄎𑄬𑄢𑄬 𑄟𑄧𑄚𑄬 𑄚𑄧 𑄇𑄪𑄃𑄨𑄠𑄬 𑄉𑄧𑄢𑄨 𑄃𑄨𑄀 𑄛𑄪𑄢𑄬 𑄛𑄬𑄣𑄧।,.অন্যরা মনে না করে এটা পুরে পেল
𑄇𑄧𑄣𑄬𑄠𑄮 𑄟𑄧𑄚𑄬 𑄟𑄧𑄚𑄬 𑄇𑄨 𑄎𑄬𑄚𑄬 𑄞𑄝𑄬।,কলেও মনে হ কী জানি
𑄷𑄷.,"১,এগারো"
𑄖𑄪𑄋𑄴 𑄛𑄪𑄘𑄨 𑄢𑄬𑄎𑄣𑄴 𑄑𑄴 𑄦𑄮𑄃𑄨 𑄡𑄨𑄠𑄬।,তুং পোকা তরকারিটা নষ্ট হেছে
𑄉𑄧𑄟𑄬 𑄛𑄥𑄴 𑄉𑄧𑄎𑄳𑄠𑄬 𑄞𑄨𑄣𑄨 𑄜𑄧𑄢𑄈𑄪𑄣𑄧 𑄈𑄧𑄝𑄧𑄢𑄴 𑄛𑄨𑄠𑄬।,ভালোভাবে পাে পাে খবর পেছে
𑄇𑄧𑄟𑄧𑄣𑄬 𑄇𑄧𑄟𑄧𑄣𑄬 𑄣𑄪𑄋𑄬𑄉𑄨 𑄥𑄨𑄠𑄚𑄴 𑄞𑄝𑄨 𑄞𑄝𑄨 𑄃𑄊𑄬।,ধীরে ধীরে তাাতাি পে গেছে সেটা মনে পে আছে
𑄘𑄨 𑄟𑄥𑄴 𑄝𑄨𑄘𑄨 𑄡𑄨𑄠𑄬 𑄖𑄮 𑄖𑄪𑄋𑄴 𑄛𑄪𑄘𑄨𑄢𑄴 𑄇𑄧𑄚𑄧 𑄈𑄧𑄝𑄧𑄢𑄴 𑄚𑄬𑄃𑄨।,দুই পা বিদা দিে তোমার পাের কোনো খবর নেই
𑄃𑄬𑄚𑄬 𑄃𑄬𑄚𑄬 𑄖𑄨𑄚𑄴𑄟𑄥𑄴 𑄡𑄋𑄴 𑄡𑄋𑄴।,এনে এনে তিন ভাগ যাওা
𑄞𑄧𑄖𑄴 𑄖𑄨 𑄛𑄧𑄢𑄨𑄇𑄴 𑄈𑄬𑄠𑄮 𑄛𑄪𑄢𑄴 𑄛𑄧𑄎𑄳𑄠𑄬।,ভ তো পে পেছে
𑄜𑄧𑄢𑄈𑄪𑄣𑄧 𑄞𑄝𑄨 𑄚𑄧 𑄛𑄢𑄴 𑄇𑄨 𑄦𑄧𑄣𑄧।,. ফোঁাগুলো ভাবতে পারতেছি না
𑄃𑄬𑄇𑄴𑄘𑄨𑄚𑄴 𑄝𑄬𑄣𑄳𑄠𑄬 𑄟𑄙𑄚𑄴 𑄃𑄪𑄥𑄨𑄋𑄴𑄉𑄮𑄃𑄨 𑄜𑄧𑄢𑄈𑄪𑄣𑄧 𑄝𑄧𑄃𑄨 𑄖𑄧𑄉𑄘𑄧𑄚𑄴।,এক দিন বিাল মাটি উে বই খুজতেছে
𑄞𑄨𑄢𑄴𑄠𑄮 𑄇𑄧𑄟𑄴 𑄚𑄧𑄠𑄴।,ভও কম না
𑄃𑄬𑄞𑄣𑄖𑄴𑄖𑄪𑄚𑄴 𑄃𑄮𑄞𑄮𑄣 𑄘𑄬𑄊 𑄚𑄧 𑄡𑄠𑄴।,এত সহজে দেখা যা না
𑄞𑄨𑄢𑄧 𑄍𑄬𑄢𑄬 𑄍𑄬𑄢𑄬 𑄡 𑄙𑄧𑄎𑄳𑄠𑄧𑄚𑄴।,পিছন ফিরে যাওার মতো অবস্থা
𑄘𑄨𑄎𑄧𑄚𑄬 𑄇𑄧𑄙 𑄇𑄧𑄙𑄧𑄚𑄴।,দুইজনে কথা বলছে
𑄃𑄪𑄥𑄨𑄋𑄬 𑄃𑄘𑄬𑄇𑄳𑄠𑄬𑄉𑄧𑄢𑄨 𑄇𑄧𑄣𑄧 - 𑄃𑄧।,উস্কুখুস্কু কল
𑄖𑄪𑄃𑄨 𑄖𑄪𑄋𑄴𑄛𑄪𑄘𑄨 𑄢𑄬 𑄌𑄨𑄚𑄧𑄌𑄴𑄌𑄬?,তুমি তুংপুি কে চিনবে?
𑄖𑄪𑄋𑄴𑄛𑄪𑄘𑄨 𑄇𑄧𑄙 𑄥𑄪𑄚𑄨 𑄜𑄧𑄢𑄈𑄪𑄣𑄧 𑄃𑄟𑄧𑄇𑄴𑄦𑄮𑄃𑄨 𑄇𑄧𑄣𑄧 - 𑄃𑄧।,তুংপুং কথা গুলো শুনতে শুনতে ঠোঁটটা ফেটে গেল
𑄖𑄪𑄃𑄨 𑄖𑄢𑄬 𑄇𑄪𑄘𑄪 𑄣𑄇𑄴 𑄛𑄬𑄣𑄬?,তোমরা তাকে কোথা খুঁজে পেলে?
𑄦𑄧𑄣𑄧𑄖𑄴 𑄘𑄧 𑄖𑄨𑄚𑄴 𑄌𑄬𑄢𑄴 𑄘𑄨𑄚𑄴 𑄦𑄧𑄣𑄧 𑄃𑄊𑄬𑄘𑄬।,হে তো তিন সপ্তাহ হলো আছে
𑄃।,bdmean
𑄖𑄪𑄃𑄨 𑄇𑄬𑄚𑄬 𑄌𑄨𑄚𑄮𑄌𑄴?,তুমি কেন জানো?
𑄟𑄧 𑄝𑄮𑄚𑄴।,আমার বোন
𑄖𑄧 𑄝𑄮𑄚𑄴।,তোমার বোন
𑄃𑄪𑄥𑄨𑄋𑄬 𑄃𑄟𑄧𑄇𑄴 𑄦𑄮𑄃𑄨𑄚𑄬 𑄜𑄧𑄢𑄈𑄪𑄣𑄧𑄢𑄬 𑄢𑄨𑄚𑄨 𑄌𑄬𑄃𑄨 𑄇𑄧𑄠𑄴।,উস্কুখুস্কু হে ফরাককে দেখে বলে
𑄇𑄨 𑄇𑄧𑄚𑄧 𑄇𑄧𑄙 𑄦𑄪𑄠𑄬।,কি কথা হেছে
𑄚।,bdmean
𑄜𑄧𑄢𑄈𑄪𑄣𑄧 𑄝𑄪𑄇𑄴𑄇𑄮 𑄘𑄪𑄉𑄪𑄖𑄴 𑄘𑄪𑄉𑄪𑄖𑄴 𑄉𑄧𑄢 𑄙𑄧𑄎𑄳𑄠।,. ফোঁাগুলো বুক দুলিে দুলিে আছে।
𑄚 𑄚 𑄥𑄨𑄠𑄧𑄋𑄴𑄥𑄟 𑄃𑄪𑄙𑄮 𑄙𑄧𑄎𑄳𑄠।,না না সেটা উপরে তোলা হ
𑄖𑄢𑄬 𑄃𑄬𑄇𑄴𑄇 𑄍𑄧𑄖𑄴𑄛𑄧𑄖𑄳𑄠 𑄣𑄉𑄬𑄢𑄴।,তাকে একটু ছানো লাগে
𑄊𑄟𑄴 𑄏𑄧𑄢𑄬𑄢𑄴।,ঘাম পড়ছে
𑄇𑄧𑄙 𑄟𑄪𑄠𑄮𑄖𑄴𑄖𑄪𑄚𑄴 𑄎𑄬𑄚𑄬 𑄚𑄧 𑄚𑄨𑄉𑄨𑄣𑄬𑄢𑄴।,কথা আমার থেকে বের হ না
𑄃𑄪𑄥𑄨𑄋𑄬 𑄖 𑄇𑄬𑄃𑄨𑄖𑄴 𑄌𑄬𑄃𑄨 𑄃𑄊𑄬।,উপরে তার কেত দেখে আছে
𑄇𑄧𑄙 𑄚𑄧 𑄚𑄨𑄉𑄨𑄣𑄬𑄢𑄴 ।,কথা না বললে
𑄃𑄪𑄥𑄨𑄋𑄬 𑄃𑄢𑄧 𑄖 𑄇𑄬𑄃𑄨𑄖𑄴 𑄢𑄨𑄚𑄨 𑄌𑄬𑄃𑄨 𑄇𑄧𑄣𑄧 - 𑄖𑄬𑄧 𑄖𑄧𑄢𑄴 𑄇𑄬𑄎𑄚𑄴 𑄝𑄮𑄚𑄴।,উসিঙে আর তার কেত দিে কথা বলে - সে তোমার ভাই
𑄥𑄧𑄘𑄧𑄢𑄴 𑄛𑄨𑄏𑄬𑄋 𑄏𑄨 𑄝𑄮𑄚𑄴।,দৌাদৌি বোন
𑄜𑄧𑄢𑄈𑄪𑄣𑄧 𑄃𑄪𑄥𑄨𑄋𑄧𑄢𑄬 𑄎𑄚𑄬𑄣𑄧।,. ফোঁাটা উঠতেছে
𑄜𑄧𑄢𑄈𑄪𑄣𑄧 𑄇𑄧𑄙 𑄚𑄧 𑄚𑄨𑄉𑄬𑄣𑄧 𑄃𑄢𑄴।,.পঁচে পা কথা আর বলা হলো না
𑄝𑄧𑄃𑄨 𑄘𑄨𑄝𑄬 𑄇𑄨𑄚𑄨 𑄃𑄢𑄧𑄇𑄴 𑄉𑄧𑄣𑄨𑄖𑄴 𑄡𑄬𑄃𑄨 𑄚𑄨𑄉𑄧𑄣𑄧𑄘𑄧𑄚𑄴 𑄘𑄮𑄃𑄨।,বই দিে আরো কেকটা পলিথিন দে
𑄛𑄧𑄙𑄧 𑄟𑄪𑄠𑄮𑄖𑄴 𑄚𑄨𑄉𑄧𑄣𑄧𑄘𑄬 𑄚𑄧 𑄚𑄨𑄉𑄧𑄣𑄧𑄘𑄬 𑄃𑄪𑄥𑄨𑄋𑄬 𑄇𑄧𑄣𑄧 - 𑄃𑄪𑄃𑄨 𑄘𑄧 𑄖𑄧 𑄝𑄮𑄚𑄴𑄚𑄮।,পথটা আমার সামনে নিে যাওা যা না -আমি তো তোমার বোন
𑄜𑄧𑄢𑄈𑄪𑄣𑄧 𑄝𑄋𑄬𑄘𑄨 𑄊𑄪𑄢𑄨 𑄛𑄪𑄉𑄬𑄘𑄨 𑄢𑄨𑄚𑄨 𑄌𑄠𑄴 𑄘𑄬 𑄦𑄧𑄠𑄴।,ফোঁাগুলো ঘুরে ঘুরে দেখে দে
𑄖𑄨𑄚𑄴𑄎𑄧𑄚𑄴 𑄝𑄧𑄃𑄨 𑄦𑄘𑄧𑄖𑄴 𑄉𑄧𑄢𑄨 𑄖𑄢 𑄇𑄬𑄃𑄨𑄖𑄴 𑄢𑄨𑄚𑄨 𑄌𑄬𑄃𑄨 𑄃𑄊𑄧𑄚𑄴।,তিন জন বই হাতে করে তাদের দিকে তাকিে আছে
𑄜𑄧𑄢𑄈𑄪𑄣𑄧 𑄥𑄬 𑄟𑄮𑄇𑄳𑄠𑄬 𑄚𑄧 𑄡𑄬𑄃𑄨 𑄚𑄧 𑄛𑄢𑄴𑄣𑄧।,ফোঁা বা ফোঁা যা না
𑄖𑄪𑄋𑄴𑄛𑄪𑄘𑄨 𑄌𑄮𑄊𑄮 𑄃𑄨𑄎𑄨𑄢𑄬 𑄘𑄨 𑄝𑄪𑄏𑄬𑄣𑄧 - 𑄟𑄚𑄬 𑄃𑄨𑄝𑄬।,তুংপুি চোখের ইশারা বুঝালো -আসলেই
𑄜𑄧𑄢𑄈𑄪𑄣𑄧 𑄌𑄮𑄪𑄇𑄴 𑄛𑄨𑄏𑄨 𑄢𑄨𑄚𑄨 𑄌𑄬𑄣𑄧।,. ফোঁাটা চোখ বন্ধ করে দেখল।
𑄃𑄢𑄬𑄇𑄴𑄘𑄨𑄚𑄴 𑄦𑄧𑄣𑄬 𑄖𑄪𑄋𑄴𑄛𑄪𑄘𑄨𑄢𑄬 𑄞𑄧𑄟𑄬 𑄣𑄪𑄚𑄴।,আরেকদিন হলে তুংপুংকে বস্তাে নিে যাওা
𑄈𑄣𑄨𑄇𑄴 𑄃𑄬𑄌𑄳𑄠𑄬 𑄘𑄨𑄚𑄴 𑄚𑄮 𑄃𑄧𑄚𑄳𑄠𑄧 𑄝𑄝𑄧𑄖𑄳𑄠।,খালি পাা দিন না বাা
𑄖 𑄣𑄧𑄉𑄬 𑄘𑄨𑄎𑄧𑄚𑄴 𑄥𑄧𑄟𑄎𑄳𑄠 𑄃𑄪𑄚𑄴𑄘𑄨 𑄃𑄪𑄥𑄨𑄋𑄴।,তার সাথে দিে দিে মানুষরা উঠতেছে
𑄣𑄧𑄇𑄴𑄈𑄨 𑄃𑄌𑄴𑄌𑄢 𑄉𑄧𑄢𑄨 𑄇𑄧𑄣𑄧 - 𑄖𑄪𑄃𑄨 𑄇𑄧𑄟𑄧𑄣𑄬 𑄃𑄬𑄣𑄬?,তুমি কবে আসবে?
𑄖𑄪𑄋𑄴𑄛𑄪𑄘𑄨 𑄃𑄬𑄇𑄴𑄇 𑄦𑄏𑄨 𑄇𑄧𑄣𑄧 - 𑄃𑄬𑄇𑄴𑄎𑄧𑄚𑄧 𑄈𑄧𑄝𑄧𑄢𑄴 𑄣𑄧𑄣𑄬 𑄦𑄧𑄝𑄧 𑄘𑄧।,তুংপুটি একটু হাত দিে খবর নেওা-একজন খবর নিলে হবে
𑄜𑄧𑄢𑄈𑄪𑄣𑄧 𑄖𑄪𑄋𑄴𑄛𑄪𑄘𑄨 𑄘𑄨 𑄎𑄧𑄚𑄴 𑄥𑄧𑄟𑄎𑄳𑄠𑄟𑄠𑄴 𑄃𑄬𑄇𑄴 𑄎𑄧𑄚𑄬 𑄦𑄧𑄣𑄧𑄖𑄴 𑄗𑄠𑄴𑄘𑄬 𑄎𑄚𑄬।,ফোঁা দিে দুই লোক একসাথে থাকতে পারে
𑄃𑄢𑄧 𑄃𑄬𑄇𑄴𑄎𑄧𑄚𑄴 𑄚𑄧 𑄌𑄨𑄚𑄬।,অন্যজন চিনে না
𑄃𑄪𑄥𑄨𑄋𑄬𑄠𑄮 𑄚𑄧 𑄌𑄨𑄚𑄬 𑄞𑄨𑄣𑄨 𑄇𑄨𑄠𑄬𑄌𑄴 𑄉𑄧𑄢𑄴 𑄣𑄧।,উস্কুখুস্কু না চিনে পরীক্ষা করে নাও
𑄖𑄪𑄋𑄴𑄛𑄪𑄘𑄨 𑄇𑄧𑄙𑄠𑄴 𑄖𑄢𑄬 𑄃𑄬𑄇𑄴𑄇 𑄣𑄎𑄬 𑄝𑄬𑄢𑄬 𑄙𑄧𑄢𑄴𑄣𑄧।,তুংপুদি কথা তাকে একটু লজ্জাবোধ করলো
𑄃𑄨𑄚𑄴𑄘𑄨 𑄣𑄌𑄴 𑄇𑄬𑄚𑄬 𑄊𑄪𑄢𑄬𑄝𑄧 𑄇𑄮𑄃𑄨 𑄚𑄧 𑄛𑄢𑄬𑄢𑄴।,এই লেজটা কেন ঘুরতে পারবে কে জানে
𑄃𑄪𑄥𑄨𑄋𑄧𑄢𑄬 𑄃𑄬𑄇𑄴𑄇 𑄣𑄎𑄋𑄴 𑄣𑄎𑄋𑄴 𑄣𑄉𑄬𑄢𑄴।,উস্কুখুস্কু লাগে
𑄜𑄧𑄢𑄈𑄪𑄣𑄧 𑄌𑄮𑄊𑄮 𑄣𑄬𑄎𑄬𑄘𑄨 𑄢𑄨𑄚𑄨 𑄌𑄬𑄃𑄨 𑄖𑄪𑄋𑄴𑄛𑄪𑄘𑄨𑄢𑄬 𑄇𑄧𑄣𑄧 - 𑄖𑄢 𑄣𑄧𑄉𑄬 𑄗𑄌𑄴𑄌𑄬?,ফানুসটা হেলেদুলে দেখে তুংপুংকে বলল - তারা সাথে আছে?
"𑄖𑄪𑄋𑄴𑄛𑄪𑄘𑄨 𑄎𑄮𑄝𑄴 𑄘𑄨𑄣𑄧 - 𑄃, 𑄖𑄬 𑄚𑄧 𑄇𑄧𑄠𑄴।",তুংপুটি জোব দিল - সে বলে না
𑄜𑄧𑄢𑄈𑄪𑄣𑄧 𑄃𑄬𑄝𑄢𑄴 𑄣𑄌𑄴 𑄊𑄪𑄢𑄧𑄘𑄬 𑄎𑄪 𑄛𑄬𑄣𑄧।,ফোঁাটা এবার মুক্তি পেল
𑄇𑄧𑄣𑄧 - 𑄖𑄢𑄬 𑄘𑄧 𑄃𑄨𑄘𑄪 𑄣𑄇𑄴 𑄛𑄨𑄠𑄮𑄋𑄴𑄉𑄬।,কল - তাকে তো এখানে দেখতেছি
𑄖𑄪𑄋𑄴𑄛𑄪𑄘𑄨 𑄃𑄨𑄎𑄬𑄢𑄨𑄘𑄨 𑄟𑄪 𑄌𑄨𑄝𑄬𑄃𑄨 𑄦𑄏𑄨𑄣𑄧।,তুংপুং হাত দিে মুখ চেপে ধরে আছে
𑄜𑄧𑄢𑄈𑄪𑄣𑄧 𑄢𑄴 𑄛𑄧𑄢𑄚𑄧𑄖𑄴 𑄙𑄧𑄎𑄳𑄠।,. ফোঁাগুলো মনে পে
𑄖𑄪𑄋𑄴𑄛𑄪𑄘𑄨𑄢𑄬 𑄇𑄨 𑄇𑄧𑄝𑄧 𑄞𑄝𑄨 𑄚𑄧 𑄛𑄢𑄴।,তুংপুেকে কি বলা যা না
"𑄃𑄨𑄠𑄚𑄴, 𑄥𑄨𑄠𑄚𑄴 𑄇𑄮𑄃𑄨 𑄣𑄌𑄴 𑄊𑄪𑄢𑄧𑄢𑄴।",এইটা ওইটা বলে লেজ ঘুরো
𑄟𑄧𑄚𑄬 𑄟𑄧𑄚𑄬 𑄞𑄝𑄬𑄢𑄴 𑄜𑄧𑄉𑄧𑄘𑄋𑄚𑄴 𑄉𑄧𑄟𑄬 𑄦𑄧𑄣𑄧।,.মনে হ মনের ইচ্ছা পূরণ হলো
𑄖𑄪𑄋𑄴 𑄛𑄪𑄘𑄨 𑄟𑄪𑄠𑄚𑄴 𑄌𑄨𑄝𑄬 𑄢𑄊𑄬 𑄘𑄨 𑄚𑄧 𑄛𑄣𑄳𑄠𑄬 - 𑄘𑄧𑄏।,তুং পোকা আমি ভালোভাবে থাকতে পারিনা- বিপদ
𑄃𑄨𑄚𑄴𑄘𑄨 𑄃𑄪𑄥𑄨𑄋𑄬𑄠𑄮 𑄇𑄨 𑄎𑄬𑄚𑄬 𑄞𑄝 𑄙𑄧𑄎𑄳𑄠।,এখানে উপরে উঠারও কি জানা নেই
𑄟𑄪𑄠𑄮 𑄌𑄬𑄢𑄇𑄴 𑄇𑄚𑄬 𑄥𑄨𑄠𑄚𑄧𑄃𑄨 𑄝𑄪𑄏𑄧𑄢𑄴।,আমি চেরাক কানে যে কথাগুলো বুঝি
𑄎𑄬𑄢𑄬 𑄇𑄨 𑄞𑄝𑄨𑄚𑄬 𑄎𑄬𑄚𑄬 𑄇𑄧𑄣𑄧 - 𑄖𑄪𑄋𑄴।,.অন্যরা কি চিন্তা করে তাাতাি কল - তুং
𑄟𑄪𑄃𑄨 𑄡𑄋𑄧𑄢𑄴।,পাহাে যাওা
𑄃𑄪𑄥𑄨𑄋𑄧𑄢𑄬𑄠𑄮 𑄃𑄨𑄎𑄨𑄢𑄬 𑄘𑄨 𑄇𑄧𑄣𑄧।,উসিঙেও ইচিে দাও
𑄃𑄪𑄥𑄨𑄋𑄬 𑄖 𑄇𑄬𑄃𑄨𑄖𑄴 𑄢𑄨𑄚𑄨 𑄌𑄬𑄃𑄨 𑄇𑄨 𑄇𑄧𑄝𑄢𑄴 𑄎𑄪𑄉𑄬𑄣𑄬𑄧।,উসিঙে তার কেত দিে কি কথা বলে
𑄖 𑄇𑄧𑄝𑄢𑄴 𑄃𑄉𑄬𑄘𑄨 𑄜𑄧𑄢𑄈𑄪𑄣𑄧 𑄣𑄧𑄢𑄴 𑄘𑄨𑄣𑄧।,তার কথা তোতলামি বের করে দিল
𑄜𑄧𑄢𑄈𑄪𑄣𑄧 𑄃𑄬𑄖𑄴𑄖𑄬 𑄞𑄝𑄨 𑄞𑄝𑄨 𑄃𑄬𑄎𑄬𑄢𑄴 𑄃𑄪𑄥𑄨𑄋𑄬 𑄇𑄬𑄎𑄚𑄴 𑄛𑄬𑄣𑄧 𑄇𑄨𑄎𑄬𑄚𑄨।,ফোঁাগুলো এতো ব করে উঠতেছে কেন কে জানে
𑄃𑄬 𑄈𑄬𑄚𑄧𑄖𑄴 𑄥𑄨𑄠𑄬𑄚 𑄚𑄧 𑄉𑄧𑄢𑄨𑄚𑄬 𑄚𑄧 𑄝𑄢𑄬।,এই খেে সেটা করা যা না
𑄎𑄬𑄢𑄬 𑄝𑄪𑄏𑄃𑄨 𑄇𑄧𑄝𑄧 𑄃𑄨𑄠𑄚𑄴 𑄞𑄝𑄨𑄚𑄬 𑄦𑄧𑄣𑄧𑄖𑄴 𑄣𑄪𑄋𑄨𑄣𑄧𑄉𑄨।,বোর মতো কেকটা এই চিন্তা করে হেছে
"𑄖𑄨𑄚𑄴, 𑄌𑄬𑄢𑄴𑄘𑄨𑄚𑄴 𑄎𑄬𑄢𑄬 𑄃𑄨𑄓𑄬𑄚𑄴 𑄇𑄧𑄣𑄬𑄎𑄧 𑄉𑄬𑄘𑄮𑄖𑄴 𑄈𑄧𑄝𑄧𑄢𑄴 𑄣𑄪𑄠 𑄉𑄬𑄣𑄧।","তিন,চারদিন পর ইডেন কলেজে খবর পে গেল"
𑄖𑄪𑄋𑄴𑄛𑄪𑄘𑄨𑄢𑄬 𑄣𑄇𑄴 𑄚𑄧 𑄛𑄬𑄣𑄧।,তুংপুিটাকে দেখতে পেল না
𑄇𑄪𑄘𑄪 𑄡𑄨𑄠𑄮𑄚𑄴 𑄈𑄧𑄝𑄧𑄢𑄴 𑄚𑄧 𑄛𑄬𑄣𑄧।,কোথা যে খবর পেল না
𑄃𑄪𑄥𑄨𑄋𑄴 𑄉𑄮𑄃𑄨 𑄘𑄬𑄊 𑄦𑄧𑄣𑄧।,উস্কুখুস্কু হলো
𑄟𑄪𑄎𑄪𑄋𑄬𑄘𑄨 𑄃𑄟𑄨𑄎 𑄌𑄮𑄇𑄴 𑄇𑄧𑄚𑄧 𑄇𑄢𑄧𑄢𑄬 𑄣𑄇𑄴 𑄛𑄚𑄴 𑄇𑄨𑄚।,পাহাের দিকে তাকানো কোন কাউকে দেখতে পাওা
𑄙𑄚𑄴𑄟𑄧𑄚𑄴𑄘𑄨 𑄣𑄬𑄉𑄮𑄖𑄴 𑄡𑄬𑄃𑄨 𑄉𑄏𑄧 𑄃𑄚𑄴𑄘𑄧𑄣𑄬 𑄝𑄧𑄣𑄇𑄴।,ধান মাাই করার সম যে গাছের আালে বল থাকে
𑄃𑄪𑄥𑄨𑄋𑄬 𑄙𑄪𑄌𑄴 𑄙𑄧𑄢𑄨 𑄃𑄊𑄬।,উপরের ধাক্কাটা ধরে আছে
𑄜𑄧𑄢𑄈𑄪𑄣𑄧 𑄟𑄳𑄦𑄬𑄖𑄴 𑄛𑄢𑄴 𑄟𑄧𑄚𑄴 𑄉𑄧𑄟𑄴 𑄚𑄧𑄠𑄴।,. ফরাতুল মেে ভালো না
𑄎𑄬𑄢𑄬 𑄃𑄪𑄥𑄨𑄋𑄧𑄢𑄬 𑄝𑄪𑄏𑄬𑄃𑄨 𑄇𑄧𑄣𑄧 - 𑄥𑄨𑄚𑄳𑄠𑄬 𑄟𑄬𑄎𑄚𑄴 𑄉𑄧𑄢 𑄛𑄧𑄎𑄳𑄠।,ঝেে উে যাওার সমে কল দিে কল করা
𑄖𑄧𑄢𑄬 𑄉𑄧𑄟𑄬 𑄟𑄙𑄬 𑄚𑄧 𑄛𑄢𑄧𑄋𑄴।,তোমাকে আমার ভালো লাগে না
𑄃𑄪𑄥𑄨𑄋𑄬 𑄚𑄧 𑄟𑄙𑄨 𑄗𑄠𑄴।,উসিঙে মাটি থাকে না
𑄎𑄬𑄢𑄬 𑄇𑄧𑄣𑄧 - 𑄖𑄧 𑄚𑄉𑄧𑄢𑄴 𑄝𑄮𑄚𑄴𑄚𑄮 𑄖𑄪𑄋𑄴𑄛𑄪𑄘𑄨 𑄎𑄣𑄠𑄴 𑄛𑄧𑄢𑄚𑄴 𑄍𑄨𑄚𑄨 𑄡𑄢𑄴𑄣𑄮𑄃𑄨।,ঝেে কল -তোমার নাগরবোনের হাত দিে পরাণ ছিঁে যা
𑄜𑄧𑄢𑄈𑄪𑄣𑄧 𑄃𑄟𑄧𑄇𑄴 𑄦𑄮𑄃𑄨 𑄢𑄨𑄚𑄨 𑄌𑄬𑄣𑄧।,ফোঁাটা একটু একটু হেছে
𑄃𑄬𑄝𑄢𑄧𑄖𑄴 𑄃𑄬𑄇𑄴𑄇 𑄣𑄢𑄬𑄉𑄧𑄢𑄨 𑄇𑄧𑄣𑄧 - 𑄇𑄨 𑄘𑄮𑄏𑄬𑄃𑄨𑄠𑄬 𑄚 𑄇𑄨!,এবার একটু এগিয়ে যাওার কল - কি দেখতেছি নাকি!
𑄖𑄬 𑄇𑄨।,সে কি
𑄃𑄪𑄥𑄨𑄋𑄬 𑄇𑄇𑄴𑄈𑄧𑄚𑄴 𑄃𑄧𑄣𑄧𑄢𑄴 𑄦𑄮𑄃𑄨 𑄎𑄬𑄢𑄬 𑄃𑄢𑄧 𑄇𑄧𑄣𑄧 - 𑄎𑄪 𑄛𑄬𑄣𑄬 𑄝𑄪𑄎𑄨।,.উপরের কাকটা অলস হে আবার কল পেলে বুঝে
𑄝𑄪𑄎𑄨 𑄓𑄉 𑄙𑄧𑄢𑄬।,বুজিে গিে ধরে
𑄜𑄧𑄢𑄈𑄪𑄣𑄧 𑄟𑄪 𑄌𑄨𑄝𑄬𑄃𑄨 𑄚𑄧 𑄦𑄏𑄨 𑄚𑄧 𑄛𑄢𑄴𑄣𑄧।,. ফোঁাটা মুখ থেকে বের হ না
𑄎𑄬𑄢𑄬 𑄇𑄧𑄣𑄧 - 𑄖𑄬 𑄖𑄪𑄃𑄨 𑄈𑄪𑄏𑄨 𑄚𑄧 𑄦𑄧𑄌𑄴।,পিছে কল-সে তুই চুপ হ না
𑄃𑄪𑄥𑄨𑄋𑄬 𑄜𑄧𑄢𑄈𑄪𑄣𑄧𑄢𑄬 𑄝𑄋𑄴 𑄦𑄖𑄴𑄖𑄚𑄴𑄘𑄮𑄃𑄨 𑄃𑄚𑄴𑄙𑄎𑄳𑄠𑄬𑄉𑄧𑄢𑄨 𑄃𑄨𑄇𑄴𑄇𑄮 𑄞𑄪𑄇𑄴 𑄘𑄨𑄣𑄧।,উসিঙে ফালের হাত দিে একটা ভূমিকম্প হলো
𑄛𑄧𑄢𑄚𑄬 𑄇𑄧𑄣𑄬 𑄃𑄢𑄧 𑄘𑄬।,প্রাণটা বললে আরও দে
𑄜𑄧𑄢𑄈𑄪𑄣𑄧 𑄃𑄪𑄥𑄨𑄋𑄧𑄢𑄬 𑄢𑄨𑄚𑄨 𑄌𑄬𑄃𑄨 𑄇𑄧𑄠𑄴।,ফোঁাটা উপরে তুলে দেখিে বলে
𑄃𑄪𑄥𑄨𑄋𑄬 𑄚𑄧 𑄟𑄙𑄨 𑄢𑄧𑄣𑄧।,.উচ্ছে না মাটি রেছে
𑄎𑄬𑄢𑄬 𑄇𑄧𑄣𑄧 - 𑄖𑄳𑄠𑄬 𑄖𑄬 𑄇𑄬𑄚𑄬 𑄈𑄧𑄝𑄧𑄢𑄴 𑄛𑄠𑄴।,ঝেে কল দিে সে কীভাবে খবর পা
𑄜𑄧𑄢𑄈𑄪𑄣𑄧 𑄎𑄚𑄬 𑄖𑄪𑄋𑄴𑄛𑄪𑄘𑄨 𑄥𑄢𑄬 𑄛 𑄜𑄧𑄎𑄳𑄠।,.পাহাের ছিদ্র দিে পাহাের পাহাে পাহাের ছিদ্র করে পানি বের হ
𑄝𑄋𑄮𑄘𑄨 𑄚𑄬𑄇𑄴𑄇𑄮𑄖𑄴𑄖𑄪𑄚𑄴 𑄥𑄪𑄚𑄨 𑄖𑄪𑄋𑄴𑄛𑄪𑄘𑄨 𑄃𑄨𑄎𑄬𑄝𑄴 𑄟𑄨𑄣𑄬 𑄟𑄨𑄣𑄬 𑄃𑄊𑄬 𑄥𑄨𑄠𑄚𑄴 𑄜𑄧𑄢𑄈𑄪𑄣𑄧𑄢𑄴 𑄎𑄚𑄴𑄘।,ব্যাঙের ন্যাকা থেকে শুনে দুপা ফাঁক করে যাচ্ছে সেটা
𑄃𑄪𑄥𑄨𑄋𑄧𑄢𑄬 𑄥𑄨𑄠𑄚𑄴 𑄞𑄋𑄨 𑄚𑄧 𑄇𑄮𑄃𑄨 𑄚𑄧 𑄛𑄢𑄴𑄣𑄧।,উস্কুখুস্কু সেটা বলতে পারতেছি না
𑄃𑄪𑄥𑄨𑄋𑄬 𑄜𑄧𑄢𑄈𑄪𑄣𑄧𑄢𑄬 𑄢𑄨𑄚𑄨 𑄌𑄬𑄃𑄨 𑄙𑄚𑄴𑄟𑄧𑄚𑄴𑄘𑄨 𑄣𑄬𑄉𑄮 𑄛𑄚𑄨𑄠𑄚𑄴 𑄌𑄬𑄃𑄨 𑄌𑄬𑄃𑄨 𑄇𑄨 𑄎𑄬𑄚𑄬 𑄞𑄝 𑄙𑄧𑄎𑄳𑄠।,উসিঙে ফালকে দেখে দেখে কি যেন মনে হ
𑄖𑄬 𑄎𑄚𑄬 𑄖 𑄝𑄝𑄬 𑄈𑄧𑄝𑄧𑄢𑄴 𑄛𑄬𑄣𑄬 𑄞𑄧𑄎𑄚𑄴 𑄉𑄧𑄢𑄧𑄟𑄴 𑄦𑄧𑄝𑄧।,সে তার বািতে খবর পেলে ভালো হবে
𑄣𑄬𑄉𑄛𑄧𑄢 𑄗𑄪𑄟𑄴 𑄦𑄧𑄣𑄬 𑄎𑄬 𑄦𑄧𑄘𑄧 𑄥𑄖𑄴।,পাহাের শেষ হলে যে হ
𑄛𑄧𑄢𑄚𑄧𑄖𑄴 𑄓𑄧𑄢𑄴 𑄥𑄧𑄟𑄢𑄴 𑄃 𑄟𑄨𑄣𑄬𑄃𑄨 𑄡𑄢𑄴।,.মনে হ প্রাণের ভালোবাসা আছে
𑄜𑄧𑄢𑄈𑄪𑄣𑄧𑄢𑄬 𑄞𑄋𑄨 𑄇𑄮𑄃𑄨 𑄚𑄧 𑄛𑄢𑄬𑄢𑄴।,ফোঁাটা ভেঙে বলতে পারে না
𑄛𑄚𑄨𑄠𑄚𑄴 𑄃𑄬𑄇𑄴 𑄢𑄨𑄚𑄨 𑄌𑄬𑄃𑄨 𑄃𑄊𑄬।,পানিটা একনাগাে তাকিয়ে আছে
"𑄦𑄥𑄴 𑄃𑄬𑄇𑄴𑄘𑄊𑄨 𑄣𑄬𑄉𑄮 𑄛𑄚𑄨𑄖𑄴 𑄃𑄙𑄢𑄴 𑄖𑄧𑄉𑄘𑄧𑄚𑄴 - 𑄇𑄇𑄴𑄈𑄬 𑄓𑄪𑄝𑄧𑄚𑄴, 𑄇𑄇𑄴𑄈𑄬 𑄃𑄪𑄙𑄧𑄚𑄴।","হাত দিে পানিতে খাবার খুঁজতেছে - হঠাৎ ডুবে যাওা, হঠাৎ উঠা"
"𑄦𑄎𑄢𑄴 𑄟𑄚𑄴𑄎𑄮 𑄟𑄨𑄣𑄧𑄚𑄴, 𑄖𑄮 𑄌𑄨𑄎𑄨𑄇𑄳𑄠।","হাজার মেে মিলন, তোমার চিচি"
𑄡 𑄇𑄟𑄴𑄝𑄮𑄃𑄨 𑄖𑄬 𑄚𑄧 𑄖𑄋𑄧𑄢𑄬𑄢𑄴।,যে কাপ দিে সে উঠতে পারে না
𑄝𑄖𑄴𑄖𑄨 𑄛𑄳𑄦𑄧𑄢𑄴 𑄠𑄚𑄨 𑄣𑄢𑄬 𑄣𑄢𑄬 𑄜𑄨𑄖𑄴𑄖𑄨 𑄛𑄚𑄨 𑄣𑄧𑄉𑄬 𑄣𑄧𑄉𑄬 𑄓𑄬𑄣𑄴𑄉𑄠𑄴।,.বাতিটা নিভু নিভু করে পানি সাথে সাথে ঢেলে দিল
𑄥𑄌𑄴 𑄊𑄧𑄚𑄬𑄃𑄨 𑄃𑄬𑄎𑄬𑄢𑄴।,সূর্য ডোবার সম
𑄝𑄬𑄌𑄴 𑄢𑄨𑄚𑄨 𑄌𑄬𑄝𑄢𑄴 𑄟𑄧𑄚𑄴 𑄗𑄬𑄣𑄬𑄃𑄮 𑄃𑄧𑄇𑄴𑄖𑄧 𑄈𑄧𑄢𑄬𑄃𑄨 𑄡𑄢𑄴।,বেশি বেশি দেখার ইচ্ছে থাকলেও বেশি বেশি দেখা যা
𑄘𑄨𑄎𑄧𑄚𑄬 𑄢𑄨𑄇𑄴𑄥 𑄙𑄧𑄢𑄨 𑄚𑄨𑄣𑄴𑄈𑄬𑄖𑄴 𑄃𑄬𑄃𑄨 𑄜𑄢𑄧𑄇𑄴 𑄦𑄧𑄣𑄇𑄴।,দুইজনে রিক্সা ধরে নীল আকাশে রওনা হলো
𑄖𑄪𑄋𑄴𑄛𑄪𑄘𑄨 𑄃𑄨𑄓𑄬𑄚𑄴 𑄇𑄧𑄣𑄬𑄎𑄧𑄖𑄴 𑄞𑄧𑄖𑄴𑄖𑄨 𑄦𑄧𑄣𑄧।,তুংপুটি ইডেন কলেজে ভর্তি হেছে
𑄃𑄧𑄇𑄴𑄖𑄧 𑄃𑄧𑄇𑄴𑄖𑄧 𑄜𑄧𑄢𑄈𑄪𑄣𑄧𑄣𑄮𑄃𑄨 𑄘𑄬𑄊 𑄦𑄧𑄠𑄴।,.অতিরিক্ত ফোঁা দিে দেখা যা
𑄥𑄧𑄟𑄎𑄳𑄠 𑄎𑄪𑄘𑄮𑄚𑄃𑄨 𑄜𑄧𑄢𑄈𑄪𑄣𑄧𑄢𑄬 𑄖𑄢𑄴 𑄖𑄳𑄠𑄬𑄚𑄴 𑄉𑄧𑄢𑄧𑄌𑄴 𑄚𑄧 𑄛𑄧𑄢𑄬 𑄃𑄢𑄴।,সমাজ জুানো ফটিককে তার গ্রাহ্য করতে হ না
𑄜𑄧𑄢𑄈𑄪𑄣𑄧 𑄈𑄪𑄎𑄨 𑄈𑄪𑄎𑄨 𑄈𑄧𑄝𑄧𑄢𑄴 𑄣𑄪𑄃𑄧 𑄛𑄠𑄴।,.আবর্জনাগুলো খুঁজে খুঁজে খবর পাওা যা
𑄛𑄧𑄢𑄈𑄪𑄣𑄧 𑄃𑄧𑄚𑄢𑄴𑄥𑄴 𑄛𑄧𑄢𑄨𑄇𑄴 𑄈𑄬 𑄌𑄧𑄣𑄚𑄠𑄴 𑄃𑄬 𑄞𑄨𑄘𑄨𑄢𑄬 𑄃𑄪𑄥𑄨𑄋𑄴𑄉𑄮𑄃𑄨 𑄘𑄬𑄊 𑄚𑄧 𑄦𑄧𑄠𑄴।,.পাহাের অনার্স পা খেে এই ভিটেটা দেখা যা না
𑄟𑄧𑄚𑄬 𑄟𑄧𑄚𑄬 𑄞𑄝𑄬𑄢𑄴 𑄃𑄪𑄥𑄨𑄋𑄬 𑄦𑄧𑄣𑄬 𑄞𑄧𑄎𑄚𑄴 𑄢𑄉𑄴 𑄦𑄮𑄃𑄨 𑄃𑄊𑄬।,মনে মনে চিন্তা করলে ভ লাগে
𑄊𑄧𑄚𑄧 𑄊𑄧𑄚𑄧 𑄥𑄬 𑄟𑄮𑄇𑄳𑄠𑄬 𑄒𑄬𑄋𑄴𑄃𑄮 𑄚𑄧 𑄃𑄇𑄴𑄇𑄮𑄠𑄴 𑄃𑄢𑄴।,ঘন ঘন সেই মেেটা আর সহ্য করে না
𑄛𑄧𑄢𑄨𑄇𑄴𑄈𑄬 𑄗𑄪𑄟𑄴 𑄦𑄧𑄣𑄬𑄃𑄮 𑄊𑄧𑄢𑄧𑄖𑄴 𑄡𑄬𑄝𑄢𑄴 𑄖𑄳𑄠𑄬𑄚𑄴 𑄙𑄢𑄌𑄴 𑄚𑄬𑄃𑄨।,পরিক্ষার্থীরা শেষ হলেও বািতে যাওার স্রোত নেই
𑄃𑄬𑄇𑄴𑄘𑄨𑄚𑄴 𑄥𑄪𑄇𑄴𑄇𑄧𑄢𑄴 𑄝𑄢𑄴 𑄉𑄧𑄢𑄨 𑄟𑄨𑄢𑄴𑄛𑄪𑄢𑄴 𑄇𑄨𑄠𑄧𑄋𑄧𑄖𑄴 𑄉𑄬𑄣𑄧।,এক দিন সুার করেমিে সৈকতে গেল
𑄉𑄃𑄨 𑄉𑄃𑄨 𑄌𑄨𑄚𑄴𑄛𑄧𑄎𑄳𑄠𑄧 𑄇𑄧𑄚𑄧𑄎𑄧𑄚𑄴 𑄚𑄬𑄃𑄨।,একা একা চিনে না এমন কেউ নেই
𑄝𑄪𑄘𑄴𑄙𑄧𑄝𑄧𑄢𑄬 𑄃𑄬𑄇𑄴𑄇 𑄝𑄧𑄚𑄴𑄘𑄧𑄚 𑄉𑄧𑄢𑄨 𑄃𑄧𑄠𑄣𑄧𑄖𑄴 𑄑𑄋𑄳𑄠𑄬 𑄍𑄧𑄝𑄨𑄠𑄪𑄚𑄴 𑄢𑄨𑄚𑄨 𑄌𑄬𑄃𑄨 𑄌𑄬𑄃𑄨 𑄃𑄊𑄬।,বুদ্ধকে একটু বন্দনা করে দেয়ালে টাঙানো ছবিগুলো তাাতাি আছে
𑄃𑄘𑄬𑄈𑄳𑄠𑄬𑄉𑄧𑄢𑄨 𑄢𑄨𑄚𑄨 𑄌𑄠𑄴 𑄘𑄬 𑄖𑄪𑄋𑄴𑄛𑄪𑄘𑄨𑄘𑄊𑄨 𑄖𑄨𑄚𑄴𑄎𑄧𑄚𑄴 𑄥𑄧𑄟𑄬𑄃𑄨 𑄓𑄬𑄚𑄬 𑄝𑄋𑄬 𑄢𑄨𑄚𑄨 𑄚𑄧 𑄌𑄬𑄃𑄨 𑄝𑄪𑄘𑄴𑄙𑄧𑄢𑄬 𑄝𑄧𑄚𑄴𑄘𑄧𑄚 𑄉𑄧𑄢𑄧𑄘𑄧𑄚𑄴।,.আকাশের দিকে তাকিয়ে শুধু তুংপুং করে বুদ্ধকে বন্দনা করে
𑄖𑄪𑄋𑄴𑄛𑄪𑄘𑄨 𑄜𑄧𑄢𑄈𑄪𑄣𑄧𑄢𑄬 𑄟𑄳𑄦𑄧𑄣𑄴 𑄚𑄧 𑄉𑄧𑄢𑄬।,তুংপুটি ফোঁাগুলো সহজে বের হ না
𑄜𑄧𑄢𑄈𑄪𑄣𑄧 𑄖𑄪𑄋𑄴𑄛𑄪𑄘𑄨𑄢𑄬 𑄝𑄌𑄴 𑄌𑄬𑄃𑄨 𑄃𑄊𑄬।,.কাপের তুংপুে বাঁশটা দেখে আছে
𑄞𑄣𑄧𑄇𑄴 𑄈𑄧𑄚𑄴 𑄎𑄬𑄢𑄬 𑄖𑄢 𑄃𑄬𑄎 𑄙𑄧𑄎𑄳𑄠𑄧𑄚𑄴।,অনেক কষ্ট পে তারা এসেছে
𑄖𑄪𑄋𑄴𑄛𑄪𑄘𑄨 𑄜𑄧𑄢𑄈𑄪𑄣𑄧𑄢𑄬 𑄘𑄬𑄚𑄬𑄃𑄨 𑄦𑄏 𑄙𑄧𑄢𑄴 𑄣𑄧।,তুংপুটি ফটিককে দিে হাত ধরে নাও
𑄜𑄧𑄢𑄈𑄪𑄢𑄧 𑄟𑄙𑄨 𑄃𑄪𑄙𑄨𑄣𑄧 - 𑄃।,. ফার মাটি উে গেল -
𑄖𑄧𑄢𑄴 𑄛𑄧𑄢𑄨𑄇𑄴𑄈𑄬 𑄇𑄨 𑄗𑄪𑄟𑄴 𑄦𑄪𑄠𑄬।,তোমার পরীক্ষা কি শেষ হেছে
𑄦𑄪𑄠𑄬।,"হেছে, হেছে"
𑄃 𑄖𑄢𑄢𑄬 𑄘𑄧 𑄚𑄧 𑄌𑄨𑄚𑄧𑄋𑄧𑄢𑄴।,সে তো তাদেরকে চিনে না
𑄖𑄪𑄋𑄴𑄛𑄪𑄘𑄨 𑄖𑄢𑄢𑄬 𑄌𑄨𑄚𑄴𑄛𑄧𑄌𑄴𑄎𑄧 𑄉𑄧𑄢𑄨 𑄘𑄨𑄣𑄧।,তুংপুি তাদেরকে চিনে দিল
𑄢𑄋𑄟𑄖𑄳𑄠𑄬 𑄚𑄚𑄳𑄠𑄬𑄌𑄧𑄢𑄧𑄖𑄴𑄖𑄪𑄚𑄴।,লালমাা নদী থেকে
𑄈𑄣𑄨𑄇𑄴 𑄝𑄢 𑄇𑄧𑄣𑄬𑄎𑄧𑄖𑄴 𑄛𑄧𑄢𑄧𑄚𑄴।,.খাওার বািতে পা
𑄖𑄪𑄋𑄴𑄛𑄪𑄘𑄨𑄣𑄮𑄃𑄨 𑄜𑄧𑄢𑄈𑄪𑄣𑄧 𑄞𑄣𑄧𑄇𑄴𑄈𑄧𑄚𑄴 𑄇𑄧𑄙 𑄇𑄧𑄣𑄇𑄴।,তুংপুে ফোঁা দিে অনেক কথা বলে
𑄃𑄪𑄥𑄨𑄋𑄬 𑄊𑄧𑄢𑄧𑄖𑄴 𑄡𑄨𑄠𑄬 𑄜𑄧𑄢𑄈𑄪𑄣𑄧 𑄈𑄧𑄝𑄧𑄢𑄴 𑄛𑄬𑄣𑄧।,উপরের বািতে যে ফোঁা আছে সে খবর পেল
𑄜𑄧𑄢𑄈𑄪𑄣𑄧 𑄎𑄚𑄬 𑄖𑄪𑄋𑄴𑄛𑄪𑄘𑄨 𑄟𑄧𑄚𑄴 𑄛𑄪𑄢𑄬 𑄚𑄧 𑄘𑄨𑄣𑄬 𑄇𑄨 𑄘𑄧𑄏 𑄦𑄧𑄠𑄴 𑄥𑄨𑄠𑄚𑄴 𑄞𑄝𑄬𑄢𑄴।,.ফরাক জানে ঠোঁটটা পুরে না দিলে কি বিপদ হ সেটা মনে হ
𑄃 𑄃𑄬 𑄞𑄨𑄘𑄨𑄢𑄬 𑄃𑄪𑄥𑄋𑄴𑄉𑄮𑄃𑄨 𑄉𑄧𑄟𑄴 𑄦𑄎𑄚 𑄟𑄙𑄚 𑄖𑄢𑄴 𑄌𑄧𑄣𑄬𑄢𑄴 𑄥𑄨𑄠𑄚𑄴 𑄎𑄚𑄬।,এই বেিতে উঠে ভালো করে হাঁটা তার ভালো লাগে
𑄜𑄧𑄢𑄈𑄪𑄣𑄧 𑄃𑄨𑄠𑄚𑄧𑄃𑄨 𑄌𑄨𑄠𑄬।,.আবর্জনাগুলো এগুলোই চিবিে
𑄜𑄧𑄢𑄈𑄪𑄣𑄧 𑄖𑄪𑄋𑄴𑄛𑄪𑄘𑄨𑄢𑄬 𑄇𑄧𑄣𑄧 - 𑄡𑄬𑄃𑄨 𑄚 𑄘𑄨𑄝𑄪𑄎𑄳𑄠𑄬 𑄈𑄚𑄝𑄮 𑄃𑄬𑄇𑄴 𑄥𑄧𑄟𑄢𑄬 𑄈𑄬𑄃𑄨।,. ফরারুলের তুংপুিটাকে কল দিে এক সাথে খেে
𑄃𑄢𑄧 𑄃𑄬𑄇𑄴𑄘𑄨𑄚𑄴।,আরও একদিন
𑄖𑄪𑄋𑄴𑄛𑄪𑄘𑄨 𑄥𑄧𑄟𑄎𑄳𑄠𑄠𑄪𑄚𑄬 𑄜𑄧𑄢𑄈𑄪𑄣𑄧𑄢𑄬 𑄎𑄮𑄝𑄴 𑄘𑄨𑄣𑄇𑄴।,তুংপুি সমাজটা ফালটাকে জো দিল
𑄖𑄪𑄋𑄴𑄛𑄪𑄘𑄨𑄠𑄮 𑄇𑄧𑄣𑄧 - 𑄃𑄬𑄥𑄳𑄠𑄬 𑄚𑄧𑄠𑄴।,তুংপুডির কল -আসছে না
𑄉𑄣𑄬 𑄥𑄧𑄟𑄢𑄬 𑄜𑄨𑄢𑄨।,গালের পাশে ফিরো
𑄜𑄧𑄢𑄈𑄪𑄣𑄧 𑄖𑄪𑄋𑄴𑄛𑄪𑄘𑄨𑄢𑄬 𑄢𑄨𑄚𑄨 𑄌𑄬𑄃𑄨 𑄇𑄧𑄣𑄧।,ফোঁাটা পরিষ্কার করে নাও
𑄌𑄬𑄢𑄮𑄎𑄧𑄚𑄬 𑄇𑄧𑄖𑄴𑄘𑄪𑄢𑄴 𑄦𑄘𑄨 𑄃𑄬𑄃𑄨 𑄉𑄢𑄨𑄖𑄴 𑄃𑄪𑄙𑄨𑄣𑄇𑄴।,চেংসে কত ব হাত দিে এই গাে উঠল
𑄖𑄪𑄋𑄴𑄛𑄪𑄘𑄨𑄣𑄮𑄃𑄨 𑄜𑄧𑄢𑄈𑄪𑄣𑄧 𑄙𑄉𑄙𑄇𑄳𑄠𑄬𑄉𑄧𑄢𑄨 𑄃𑄬𑄇𑄴𑄇𑄚𑄴 𑄥𑄨𑄘𑄮𑄖𑄴 𑄃𑄳𑄦 𑄃𑄮 𑄘𑄨𑄎𑄧𑄚𑄴 𑄃𑄢𑄧𑄇𑄴 𑄇𑄚𑄧𑄖𑄴।,তুংপুলি দিে ফোঁা দিে দুই লোক একটি বেঞ্চে বসে আছে
𑄜𑄧𑄢𑄈𑄪𑄣𑄧 𑄖𑄪𑄋𑄴𑄛𑄪𑄘𑄨 𑄌𑄪𑄝𑄬 𑄌𑄪𑄝𑄬 𑄞𑄬𑄃𑄨𑄘𑄮 𑄇𑄧𑄙 𑄇𑄪𑄃𑄧𑄇𑄨 𑄉𑄧𑄢𑄴𑄣𑄇𑄴।,. ফোঁাগুলো পুিে পুে আজেবাজে কথা বলতেছে
𑄜𑄧𑄢𑄈𑄪𑄣𑄧 𑄖𑄪𑄋𑄴𑄛𑄪𑄘𑄨𑄢𑄬 𑄝𑄪𑄏𑄬 𑄝𑄪𑄏𑄬 𑄇𑄧𑄣𑄧।,ফোঁাটা পরিষ্কার করে নাও
𑄇𑄧𑄣𑄧 - 𑄊𑄧𑄢𑄧𑄖𑄴 𑄉𑄬𑄣𑄬 𑄛𑄨𑄏𑄬𑄃𑄨𑄢𑄬 𑄚𑄧 𑄇𑄧𑄝𑄬।,কল- বািতে গেলে রোগটা হবে না
𑄜𑄧𑄢𑄈𑄪𑄣𑄧 𑄎𑄚𑄬 𑄖𑄪𑄋𑄴𑄛𑄪𑄘𑄨 - 𑄃𑄨𑄀 𑄛𑄪𑄢𑄬𑄣𑄬𑄃𑄮 𑄇𑄧𑄙 𑄥𑄧𑄣𑄖𑄴 𑄎𑄧𑄚𑄨 𑄇𑄮𑄃𑄨 𑄖𑄋𑄧𑄢𑄬।,. ফোঁার শব্দ করে কথা বলে সে
𑄃𑄪𑄚𑄴𑄘𑄨 𑄃𑄢𑄧 𑄞𑄝𑄬 𑄃𑄬𑄚𑄬 𑄘𑄧 𑄃𑄬𑄇𑄴𑄇 𑄎𑄚𑄴𑄚𑄮𑄚𑄴।,উপরে আরও ভালোভাবে এনে তো একটু জানো
𑄃𑄬𑄝𑄢𑄧𑄖𑄴 𑄊𑄧𑄢𑄧𑄖𑄴 𑄃𑄮 𑄇𑄧𑄟𑄴 𑄡𑄠𑄴।,এবার বািতে ও কম যা
𑄖 𑄝𑄝𑄧𑄢𑄬 𑄌𑄨𑄘𑄨 𑄣𑄬𑄉𑄬 - 𑄃𑄧𑄚𑄢𑄴𑄥𑄴 𑄛𑄧𑄢𑄨𑄇𑄴𑄈𑄬 𑄗𑄪𑄟𑄴।,তার বাবা-মা অসুস্থ - অনার্স পরীক্ষা শেষ
𑄃𑄨𑄇𑄴𑄇𑄪𑄖𑄴𑄖𑄪𑄚𑄴 𑄙𑄧𑄢𑄨 𑄌𑄉𑄪𑄢𑄨 𑄛𑄬𑄝𑄖𑄳𑄠𑄬 𑄎𑄪𑄉𑄮𑄣𑄴 𑄦𑄮𑄃𑄨 𑄛𑄧𑄢𑄬𑄢𑄴।,.একজনের কাছ থেকে চামা নিে যেতে হ
𑄙𑄚𑄴𑄟𑄧𑄚𑄴𑄘𑄨 𑄃𑄬𑄃𑄨𑄚𑄬 𑄌𑄬𑄢𑄮𑄎𑄧𑄚𑄬 𑄣𑄟𑄨𑄣𑄇𑄴।,ধান মাানোর সম চে পতেছে
𑄜𑄧𑄢𑄈𑄪𑄣𑄧 𑄇𑄪𑄎𑄮𑄣𑄨𑄠𑄬 𑄖𑄪𑄋𑄴𑄛𑄪𑄘𑄨 𑄥𑄧𑄟𑄎𑄳𑄠𑄠𑄪𑄚𑄬 𑄃𑄬𑄇𑄴 𑄥𑄧𑄟𑄢𑄬 𑄈𑄬𑄝𑄢𑄴 𑄢𑄎𑄨 𑄦𑄧𑄣𑄇𑄴।,ফানুসের কুঁচকি দিে ফানুসটা এক সাথে খাওার জন্য সম্মত হলো
𑄈𑄬𑄃𑄨𑄘𑄬𑄃𑄨 𑄃 𑄌 𑄈𑄬𑄃𑄨 𑄜𑄧𑄢𑄈𑄪𑄣𑄧 𑄜𑄨𑄢𑄨𑄣𑄧।,খেে আবার চা খাওার জন্য ফিরে আসলো
𑄖𑄪𑄋𑄴𑄛𑄪𑄘𑄨 𑄖 𑄥𑄧𑄟𑄎𑄳𑄠𑄠𑄪𑄚𑄴𑄘𑄮𑄃𑄨 𑄃𑄢𑄧 𑄇𑄪𑄘𑄪 𑄡𑄬𑄝𑄇𑄴 𑄝𑄨𑄣𑄨 𑄇𑄧𑄣𑄇𑄴।,তুংপুি তার বন্ধুদের সাথে আর কোথা যাবে
𑄷𑄸.,"১,দুই,তিন"
𑄘𑄧𑄥𑄴 𑄛𑄧𑄚𑄧𑄢𑄴 𑄘𑄨𑄚𑄴 𑄎𑄬𑄢𑄬 𑄃𑄪𑄥𑄨𑄋𑄬 𑄜𑄨𑄢𑄨𑄣𑄧।,দা পা দিন পরে উস্কুখুস্কু ফিরলো
𑄖𑄪𑄋𑄴𑄛𑄪𑄘𑄨 𑄃𑄬𑄝𑄢𑄧𑄖𑄴 𑄃𑄢𑄧 𑄝𑄬𑄌𑄴 𑄥𑄧𑄘𑄧𑄢𑄴 𑄦𑄮 𑄙𑄧𑄢𑄴 𑄣𑄧।,তুংপুটি এবার আরো বেশি শক্ত হে নাও
𑄎𑄪 𑄛𑄬𑄣𑄬 𑄃𑄪𑄥𑄨𑄋𑄧𑄢𑄬 𑄟𑄬𑄢𑄨 𑄓𑄉𑄬।,জো পেলে উস্কুখুস্কু মেেরা
𑄘𑄨𑄠𑄚𑄴 𑄃𑄬𑄇𑄴𑄇𑄚𑄴 𑄟𑄢𑄴𑄟 𑄇𑄧𑄙 𑄥𑄨𑄊𑄨 𑄃𑄪𑄥𑄨𑄋𑄧𑄢𑄬 𑄝𑄨𑄉𑄨𑄘𑄨 𑄉𑄧𑄢𑄬।,দুইটা মাা কথা এদিক সেদিক করে
𑄃𑄪𑄥𑄨𑄋𑄧𑄢𑄴 𑄛𑄮𑄣𑄳𑄠𑄬 𑄛𑄮𑄣𑄳𑄠𑄬 𑄖𑄧𑄥𑄳𑄠 𑄦𑄧𑄣𑄬𑄃𑄮 𑄥𑄪𑄚𑄧𑄘𑄬 𑄥𑄪𑄚𑄧𑄘𑄬 𑄉 𑄞𑄨𑄎𑄳𑄠𑄬 𑄦𑄪𑄠𑄬।,উসিঙর পোে তসা হলেও শুনে শুনে গা ভিজে গেছে
𑄖𑄪𑄋𑄴𑄛𑄪𑄘𑄨𑄖𑄴𑄖𑄪𑄚𑄴 𑄜𑄧𑄢𑄈𑄪𑄣𑄧 𑄇𑄧𑄙 𑄥𑄪𑄚𑄨 𑄖𑄨𑄢𑄏𑄨 𑄟𑄧𑄚𑄚𑄴 𑄝𑄪𑄌𑄴 𑄉𑄧𑄢𑄴𑄣𑄧।,তুংপুত কথা গুলো শুনে মনটা শান্ত হ
𑄘𑄨𑄚𑄴 𑄡𑄘𑄬 𑄖𑄪𑄋𑄴𑄛𑄪𑄘𑄨𑄢𑄴 𑄃 𑄃𑄪𑄥𑄨𑄋𑄧𑄢𑄴 𑄝𑄨𑄉𑄨𑄘𑄨 𑄇𑄨𑄢𑄨𑄟𑄨𑄢𑄨 𑄝𑄢 𑄙𑄧𑄢𑄴𑄣𑄧।,সারাদিন তুংপুং করে বাতাস বেছে
𑄃𑄨𑄚𑄴𑄘𑄨 𑄃𑄪𑄥𑄨𑄋𑄬 𑄊𑄧𑄢𑄧𑄖𑄴𑄖𑄪𑄚𑄴 𑄜𑄨𑄎𑄳𑄠𑄬 𑄙𑄧𑄢𑄨 𑄟𑄧𑄚𑄴 𑄟𑄧𑄢।,এখানে উপরে উঠার বাি থেকে ফিরে যাওা
𑄃𑄬𑄇𑄴𑄘𑄨𑄚𑄴 𑄜𑄧𑄢𑄈𑄪𑄣𑄧𑄢𑄬 𑄘𑄬𑄊 𑄦𑄮𑄃𑄨𑄚𑄬 𑄞𑄋𑄨 𑄇𑄪𑄃𑄨𑄠𑄬 - 𑄟 𑄇𑄚𑄧𑄖𑄴 𑄖𑄧𑄢𑄴 𑄟𑄧𑄢𑄴 𑄇𑄮𑄌𑄴 𑄛 𑄛𑄨 𑄇𑄧𑄙𑄠𑄚𑄴 𑄣𑄪𑄋𑄴𑄋𑄬 𑄉𑄮𑄃𑄨।,এক দিন ফালকে দেখে হতবাক হেছি -মা কানে তোমার ব পাের কথা শুনতেছি
𑄜𑄧𑄢𑄈𑄪𑄣𑄧 𑄎𑄚𑄨𑄝𑄢𑄴 𑄌𑄠𑄴 - 𑄖𑄬 𑄖𑄧𑄟𑄴𑄟 𑄃𑄢𑄧 𑄇𑄨 𑄇𑄧𑄣𑄧?,.পাছা খুঁজতে চাও-সে তোমার মা আর কি বলে?
𑄃𑄪𑄥𑄨𑄋𑄬 𑄎𑄮𑄝𑄴 𑄘𑄳𑄠𑄬 - 𑄉𑄧𑄟𑄬 𑄃𑄉𑄬 𑄣𑄬𑄉 𑄛𑄧𑄖𑄴𑄖𑄪𑄋𑄴 𑄝𑄨𑄣𑄬।,উসিঙে জোব দিে - ভালো করে আগে লেগে যাওা পথে
𑄜𑄧𑄢𑄈𑄪𑄣𑄧 𑄟𑄧𑄚𑄚𑄧𑄢𑄴 𑄖𑄨𑄢𑄌𑄴 𑄚𑄧 𑄟𑄧𑄢𑄬।,. ফোঁাগুলো বেশিদিন বাঁচে না
𑄖 𑄖𑄨𑄢𑄏𑄨 𑄟𑄧𑄚𑄚𑄴 𑄃𑄬𑄝𑄧 𑄃𑄪𑄚𑄮 𑄃𑄊𑄬।,তার তেরাঝি মনটা এখনো উে আছে
𑄃𑄢𑄧 𑄛𑄪𑄏𑄢𑄴 𑄉𑄧𑄢𑄬 - 𑄝𑄚 𑄇𑄨 𑄥𑄬 𑄇𑄧𑄙?,আরও বেশি করে - শুধু কি সেই কথা?
"𑄃𑄪𑄥𑄨𑄋𑄬 𑄜𑄧𑄢𑄈𑄪𑄣𑄧 𑄓𑄬𑄃𑄨𑄚𑄴 𑄉𑄣𑄚𑄴, 𑄓𑄬𑄚𑄴 𑄦𑄖𑄴 𑄖𑄮𑄃𑄨 𑄞𑄧𑄘𑄬𑄃𑄨 𑄇𑄧𑄠𑄴 - 𑄃𑄪𑄖𑄴𑄖𑄧𑄢𑄴 𑄘𑄧𑄊𑄨𑄚𑄧 𑄟𑄬𑄠𑄳𑄠𑄬 𑄢𑄬𑄉 𑄝𑄧𑄎𑄯𑄇𑄴 𑄃𑄨𑄠𑄚𑄴 𑄘𑄧 𑄖𑄬 𑄃𑄃𑄮𑄌𑄴 𑄉𑄧𑄢𑄬।",উসিঙে ফরাক দিে গাল দিে বলে-উত্তর দক্ষিণ মেে রেছে এইটা সে করে
𑄜𑄧𑄢𑄈𑄪𑄣𑄧 𑄇𑄇𑄴𑄈𑄧𑄚𑄴 𑄚𑄧 𑄟𑄙𑄨 𑄗𑄠𑄴।,. ফোঁাগুলো একটুও থামে না
𑄘𑄧𑄊𑄨𑄚𑄴𑄇𑄪𑄣𑄴 𑄦𑄋𑄴𑄢𑄴𑄇𑄪𑄣𑄴 𑄚𑄨𑄚𑄬 𑄝𑄪𑄢𑄧𑄝𑄪𑄢𑄨𑄠𑄬 𑄞𑄬𑄃𑄨𑄘𑄮 𑄉𑄧𑄛𑄴 𑄟𑄢𑄧𑄚𑄴।,দক্ষিণ পশ্চিম হাত দিে বুো করে ব্যাঙ মারে
𑄥𑄬 𑄦𑄢𑄨𑄠𑄨𑄠𑄬 𑄘𑄨𑄚𑄪𑄚𑄴 𑄝𑄨𑄎𑄧𑄉𑄧𑄢𑄴 𑄍𑄨𑄚𑄬 𑄛𑄉𑄖𑄴 𑄃𑄬𑄝𑄧 𑄉𑄧𑄋𑄬𑄃𑄨 𑄉𑄨𑄋𑄬𑄃𑄨 𑄇𑄚𑄬𑄢𑄴।,সে হারিে গেছে দিন গুলো বিজের ছিঁে পতেছে
"𑄝𑄨𑄎𑄧𑄉𑄧𑄢𑄴 𑄌𑄧𑄣𑄧𑄚𑄴 𑄘𑄨 𑄊𑄧𑄢𑄝𑄮 𑄟𑄚𑄴 𑄎𑄮𑄢𑄬 𑄇𑄇𑄴𑄇𑄬 𑄇𑄃𑄨 𑄃𑄚𑄬, 𑄇𑄇𑄴 𑄇𑄬 𑄘𑄪𑄢𑄮𑄖𑄴 𑄣𑄪𑄋𑄨 𑄟𑄢𑄨 𑄘𑄳𑄠𑄬।","বিদ্যুৎ চমকানো বািটা জোরে জোরে চিবিে আনে,কাঁকা কে দূরে ফেলে দো"
"𑄝𑄨𑄎𑄧𑄉𑄧𑄢𑄴 𑄝𑄨𑄎𑄮𑄣𑄴 𑄛𑄧𑄙𑄧𑄖𑄴 𑄟𑄚𑄴 𑄎𑄳𑄠𑄬 𑄉𑄧𑄢𑄧𑄎𑄬 𑄇𑄃𑄨 𑄃𑄬𑄃𑄨 𑄛𑄚𑄴, 𑄘𑄪𑄢𑄮 𑄛𑄧𑄖𑄴𑄗𑄚𑄴 𑄝𑄘𑄨 𑄉𑄧𑄢 𑄛𑄧𑄢𑄬।",".বিচার সমে মানুষরা যা,দূর পথটা বাি করতে হ"
"𑄍𑄨𑄉𑄮𑄚𑄴 𑄍𑄨𑄉𑄮𑄚𑄴 𑄇𑄟𑄧 𑄝𑄇𑄴 𑄎𑄧𑄢 𑄘𑄬 𑄘𑄳𑄠𑄬 𑄘𑄬 𑄘𑄳𑄠𑄬 𑄣𑄟𑄴𑄝 𑄦𑄧𑄠𑄴, 𑄊𑄧𑄚𑄧 𑄦𑄧𑄠𑄴।",ছিঁা ছিঁে দো লম্বা হে যা
𑄃𑄬 𑄝𑄉𑄧 𑄇𑄟𑄧𑄖𑄴 𑄖𑄢 𑄎𑄬𑄚𑄬 𑄘𑄨 𑄎𑄧𑄚𑄴।,এই কাজে তারা দুই জন মিলে যাবে
𑄃𑄬𑄎𑄚𑄴𑄉𑄧𑄢𑄨 𑄥𑄧𑄖𑄴 𑄥𑄧𑄖𑄴 𑄇𑄪𑄢𑄨𑄜𑄪𑄣𑄴 𑄡𑄬𑄘𑄨𑄚𑄴 𑄜𑄪𑄘𑄨 𑄟𑄬𑄣 𑄙𑄧𑄢𑄨𑄝𑄇𑄴 𑄥𑄨𑄚𑄳𑄠𑄬 𑄝𑄉𑄚𑄴𑄚𑄮 𑄢𑄧𑄋𑄬 𑄢𑄋𑄬 𑄃𑄪𑄙𑄨𑄝𑄧।,".এত ব কুি ফুলগুলো যেদিন ফুটে উঠবে,বাগানের রঙে রে উঠবে"
𑄛𑄨𑄖𑄴𑄗𑄨𑄖𑄴 𑄖𑄨𑄉𑄨 𑄗𑄬𑄝𑄢𑄴 𑄞𑄣𑄬𑄖𑄴 𑄖𑄚𑄴𑄠𑄮 𑄃𑄧𑄏𑄢𑄴 𑄦𑄧𑄝𑄧।,পৃথিবীর তাাতাি থাকার ভালো হবে
"𑄜𑄧𑄢𑄈𑄪𑄣𑄧 𑄃𑄘𑄬𑄇𑄳𑄠𑄬𑄉𑄧𑄢𑄨 𑄛𑄪𑄏𑄢𑄴 𑄉𑄧𑄢𑄬 - 𑄃, 𑄖𑄪𑄃𑄨 𑄃𑄧𑄉𑄧𑄙 𑄚𑄧 𑄈𑄌𑄴 ?",.আবর্জনাগুলো স্তুপ করে - তুমি বুঝছ না?
𑄃𑄪𑄥𑄨𑄋𑄬 𑄜𑄧𑄢𑄈𑄪𑄣𑄧𑄢𑄬 𑄢𑄨𑄚𑄨 𑄌𑄬𑄃𑄨 𑄇𑄧𑄠𑄴 - 𑄃।,উস্কুখুস্কু পাখিকে দেখে বলে
𑄖𑄪𑄃𑄨 𑄃𑄬𑄘𑄧𑄇𑄴 𑄝𑄪𑄘𑄴𑄙𑄨 𑄛𑄘𑄧𑄣𑄴।,তুমি এতো বোকা
𑄎𑄬𑄢𑄬 𑄃𑄢𑄧 𑄃𑄬𑄉𑄧𑄖𑄴 𑄖𑄧𑄢𑄴𑄉𑄧𑄢𑄨 𑄇𑄧𑄠𑄴 - 𑄖𑄪𑄃𑄨 𑄟𑄢𑄬 𑄇𑄬𑄚𑄬 𑄥𑄬𑄎𑄚𑄴 𑄟𑄧𑄚𑄬 𑄉𑄧𑄢𑄴 𑄣𑄬।,সে আবার এদিকে তাকিে বলে - তুমি কেন আমাকে মনে করো
𑄜𑄧𑄢𑄈𑄪𑄣𑄧 𑄃𑄪𑄥𑄨𑄋𑄧 𑄇𑄧𑄙 𑄥𑄪𑄚𑄨 𑄃𑄬𑄇𑄴𑄇 𑄣𑄎𑄬 𑄙𑄧𑄢𑄬।,.ফাঁদুল উসিঙ কথাগুলো একটু লজ্জা করে
𑄎𑄬𑄢𑄬 𑄎𑄮𑄝𑄴 𑄘𑄬 - 𑄒𑄨𑄇𑄴 𑄇𑄧𑄙।,সে জোা দো - ঠিক কথা
𑄜𑄧𑄢𑄈𑄪𑄣𑄧 𑄎𑄚𑄬 𑄟𑄚𑄴𑄎𑄮𑄢𑄴 𑄝𑄪𑄌𑄴 - 𑄝𑄇𑄴𑄇 𑄣𑄬𑄉𑄛𑄧𑄢𑄣𑄮𑄃𑄨 𑄟𑄝𑄨 𑄚𑄧 𑄛𑄢𑄬।,.পাহাের বুো দিে মাছ ধরতে পারা যা না
𑄝𑄪𑄌𑄴 - 𑄝𑄇𑄴𑄇 𑄃 𑄣𑄬𑄉𑄛𑄧𑄢 𑄃𑄬𑄇𑄴 𑄥𑄪𑄘𑄮𑄖𑄴 𑄖𑄋𑄬 𑄚𑄧 𑄛𑄢𑄬।,বুো- বুো এক গাছে থাকতে পারে না
𑄃𑄪𑄪𑄥𑄨𑄋𑄬 𑄟𑄪 𑄥𑄪𑄘𑄬𑄃𑄨 𑄃𑄧𑄉𑄧𑄙 𑄇𑄧𑄠𑄴 𑄇𑄨𑄚 𑄖 𑄟𑄪𑄠𑄚𑄴 𑄢𑄨𑄚𑄨 𑄌𑄠𑄴।,উুসিঙে আমি তার সাথে কথা বলি
𑄖 𑄟𑄪𑄠𑄚𑄴 𑄝𑄧𑄚𑄴 𑄉𑄧𑄢𑄨𑄝𑄖𑄳𑄠𑄬 𑄃𑄬𑄝𑄢𑄧𑄖𑄴 𑄇𑄧𑄠𑄴 - 𑄖𑄪𑄃𑄨 𑄃𑄬𑄥𑄳𑄠𑄬 𑄞𑄧𑄎𑄚𑄴 𑄝𑄪𑄘𑄴𑄙𑄨 𑄃𑄝𑄪𑄎𑄬 𑄘𑄨𑄣𑄬।,তার আমার সাথে কথা বলতেছে - তুমি এবার ভালো বুদ্ধি করো
𑄃𑄪𑄥𑄨𑄋𑄬 𑄜𑄧𑄢𑄈𑄪𑄣𑄧 𑄇𑄬𑄃𑄨𑄖𑄴 𑄢𑄨𑄚𑄨 𑄌𑄬𑄃𑄨 𑄇𑄧𑄣𑄧 - 𑄌𑄋𑄧𑄧𑄖𑄴𑄖𑄬 𑄇𑄧𑄙 𑄘𑄧 𑄘𑄮𑄣𑄬 𑄇𑄮𑄃𑄨 𑄎𑄚𑄧𑄌𑄴 𑄦𑄧𑄠𑄴।,.উসিঙে ফরাক কথা বলতে বলতে ভালো করে বলতে হ
𑄜𑄧𑄢𑄈𑄪𑄣𑄧 𑄃𑄪𑄥𑄨𑄋𑄧 𑄇𑄬𑄃𑄨𑄖𑄴 𑄢𑄨𑄚𑄨 𑄎𑄮𑄝𑄴 𑄘𑄬 - 𑄟𑄪𑄃𑄨 𑄟𑄨𑄏𑄬 𑄚𑄧 𑄇𑄧𑄋𑄧𑄢𑄴 𑄘𑄧।,ফোঁাটা উপরে তুলে দাও -আমি মিথ্যা কথা বলি না
𑄜𑄧𑄢𑄈𑄪𑄣𑄧 𑄃𑄪𑄥𑄨𑄋𑄧 𑄟𑄪𑄠𑄚𑄴 𑄢𑄨𑄚𑄨 𑄌𑄬𑄃𑄨 𑄚𑄬 𑄇𑄧𑄣𑄧 - 𑄖𑄧𑄟𑄴𑄟𑄢𑄬 𑄜𑄧𑄎𑄳𑄠 𑄣𑄉𑄬 𑄘𑄧।,ফোঁা উঠার সম আমি শুধু তোমার মাকে দেখতেছি
𑄎𑄬𑄢𑄬 𑄃𑄢𑄧 𑄇𑄧𑄙 𑄟𑄨𑄎𑄬𑄃𑄨 - 𑄡𑄨𑄚𑄳𑄠𑄬 𑄣𑄧𑄚𑄴𑄌𑄧𑄖𑄴 𑄣𑄇𑄴 𑄛𑄛𑄨 𑄦𑄪𑄠𑄬𑄃𑄨 𑄟𑄳𑄦𑄧𑄣𑄴 𑄉𑄧𑄌𑄴𑄌𑄮𑄋𑄴 𑄖𑄧𑄟𑄴𑄟 𑄜𑄧𑄎𑄳𑄠।,. তারপর আরও কথা বলতেছি-যেটা রাস্তায় পে গেছে তার নাম হলো তোমার মা
𑄃𑄪𑄥𑄨𑄋𑄬 𑄃𑄧𑄚𑄳𑄠𑄧 𑄟𑄮𑄇𑄳𑄠𑄬 𑄢𑄨𑄚𑄨 𑄌𑄬𑄃𑄨 𑄚𑄬 𑄇𑄮𑄃𑄨 𑄃𑄪𑄙𑄬 - 𑄃𑄨𑄌𑄴।,.উসিঙে একা একা মেেটা কথা বলে না-ই
𑄟𑄧𑄢𑄴 𑄘𑄬 𑄥𑄧𑄟𑄎𑄳𑄠 𑄃𑄬𑄝𑄇𑄳𑄠𑄬।,আমার জন্য সমাজটা আসতেছে
𑄃𑄬𑄘𑄧𑄇𑄴𑄈𑄧𑄚𑄴 𑄝𑄌𑄴𑄌𑄬𑄃𑄨 𑄃𑄊𑄧𑄚𑄴 𑄃𑄧𑄞𑄧𑄣𑄴।,এত ব বাতাস আছে
𑄘𑄧𑄎𑄧𑄚𑄬 𑄜𑄢𑄧𑄇𑄴 𑄦𑄧𑄚𑄴।,দুইজনে আলাদা হওা
𑄜𑄧𑄢𑄈𑄪𑄣𑄧 𑄞𑄝𑄨 𑄞𑄝𑄨 𑄣𑄢𑄬 𑄣𑄢𑄬 𑄦𑄧𑄣𑄧 𑄟𑄮𑄇𑄳𑄠𑄬 𑄈𑄪𑄌𑄴 𑄜𑄬𑄣𑄠𑄴।,.ফসলের চিন্তা করতে করতে মেেটা পাখানা করে ফেললো।
𑄃𑄪𑄥𑄨𑄋𑄬 𑄉𑄬𑄘𑄮 𑄟𑄮𑄇𑄳𑄠𑄬 𑄡𑄠𑄮𑄃𑄨।,উসিঙে গেে যাওা
𑄡𑄬𑄘𑄧𑄇𑄴 𑄈𑄧𑄚𑄴 𑄘𑄬𑄊𑄬 𑄢𑄨𑄚𑄨 𑄌 𑄌𑄨 𑄉𑄧𑄢𑄧𑄚𑄴 ।,এত কষ্ট দেখে সে চোখ বাঁকা করে
𑄎𑄬𑄢𑄬 𑄌𑄮𑄇𑄴 𑄜𑄨𑄢𑄬 𑄣𑄮𑄃𑄨 𑄟𑄪𑄎𑄪𑄋𑄬 𑄛𑄧𑄙𑄧𑄖𑄴 𑄌𑄮𑄇𑄴𑄈𑄪𑄚𑄴 𑄛𑄧𑄢𑄧𑄚𑄴।,. ফলে চোখ বন্ধ করে হাটতে হ
𑄜𑄧𑄢𑄈𑄪𑄣𑄧 𑄃𑄧𑄚𑄢𑄴 𑄥𑄴 𑄢𑄬𑄎𑄣𑄴 𑄑𑄴 𑄚𑄧𑄉𑄧𑄣𑄧𑄣𑄧।,এক জাতী ফল যা তরকারি হিসেবে ব্যবহৃত হ
𑄉𑄧𑄟𑄬 𑄛𑄥𑄴 𑄉𑄮𑄎𑄳𑄠𑄬।,"ভালোভাবে পাে যাওা, ভালোভাবে পাা"
𑄖𑄟𑄴 𑄟𑄘𑄊𑄨 𑄈𑄧𑄝𑄧𑄢𑄴 𑄥𑄪𑄚𑄨𑄚𑄬 𑄈𑄨𑄏𑄨।,.তার মামার কাছ থেকে খবর শুনে খেেছি
𑄊𑄧𑄢𑄧𑄖𑄴 𑄡𑄬𑄃𑄨 𑄚𑄧 𑄛𑄢𑄬𑄢𑄴।,বািতে যেতে পারে না
𑄃𑄉𑄧 𑄥𑄚𑄴 𑄃𑄧𑄇𑄴 𑄖𑄧 𑄚𑄬𑄃𑄨 𑄃𑄢𑄴।,আগের সেই অবস্থা আর নেই
𑄃𑄪𑄥𑄨𑄋𑄧𑄢𑄴 𑄠𑄮 𑄛𑄧𑄢𑄨𑄇𑄴 𑄈𑄬 𑄇𑄪𑄢𑄬 𑄇𑄪𑄢𑄬।,উসিঙর-ও পরীক্ষা খেে
𑄃𑄬𑄇𑄴 𑄘𑄨𑄚𑄴 𑄃𑄨𑄠𑄪𑄚𑄨𑄞𑄢𑄴 𑄥𑄨𑄑𑄨 𑄇𑄪𑄢𑄬 𑄇𑄪𑄢𑄬 𑄉𑄃𑄨 𑄉𑄃𑄨 𑄥𑄎𑄧𑄚𑄳𑄠 𑄝𑄬𑄢𑄴।,এক দিন ইুনির সিটির পাশ দিে হেঁটে হেঁটে বের হে যাচ্ছে
𑄇𑄧𑄖𑄴 𑄘𑄪𑄢𑄴 𑄦𑄘𑄨 𑄃𑄢𑄧 𑄦𑄧𑄣𑄧 𑄟𑄮𑄇𑄳𑄠𑄬 𑄜𑄨𑄢𑄬 𑄙𑄧𑄢𑄴𑄣𑄧।,কত ব পাহাে আবার ফিরে আসলো
𑄃𑄬𑄖𑄴𑄖𑄬 𑄃𑄬𑄖𑄴𑄖𑄬 𑄖𑄪𑄋𑄴𑄛𑄪𑄘𑄨𑄢𑄬 𑄣𑄉𑄧𑄖𑄴 𑄛𑄬𑄣𑄧।,.এত বে বে তুংপুংকে লাগে
𑄖 𑄥𑄧𑄟𑄢𑄬 𑄃𑄬𑄇𑄴𑄎𑄧𑄚𑄴।,তার পাশে একজন
𑄟𑄨𑄣𑄬 𑄦𑄧𑄣𑄧𑄖𑄴 𑄇 𑄃𑄨𑄘𑄪 𑄡𑄬𑄃𑄨 𑄜𑄨𑄢𑄧𑄘𑄧𑄚𑄴।,মেেরা হলে যে ফিরে
𑄖𑄪𑄋𑄴𑄛𑄪𑄘𑄨 𑄇𑄧‘𑄢𑄴 - 𑄃𑄬𑄝𑄢𑄧𑄖𑄴 𑄘𑄧 𑄃𑄬𑄇𑄴𑄢𑄬 𑄉𑄘𑄧𑄥𑄛𑄴 𑄦𑄪𑄠𑄮𑄌𑄴 𑄦𑄧𑄠𑄴।,তুংপুদি কলা - এবার তো জঙ্গল হেছে
𑄜𑄧𑄢𑄈𑄪𑄣𑄧 𑄎𑄮𑄝𑄴 𑄘𑄨𑄣𑄧 - 𑄛𑄧𑄢𑄨𑄇𑄴𑄈𑄬 𑄟𑄪𑄎𑄪𑄋𑄬 𑄘𑄧।,ফোঁাটা বন্ধ করে দিল - পরীক্ষা উত্তীর্ণ হওা যা
𑄥𑄪𑄚𑄴𑄚𑄮𑄋𑄴 𑄘𑄧।,শুনতেছি তো
𑄖𑄪𑄋𑄴𑄛𑄪𑄘𑄨 𑄜𑄧𑄢𑄈𑄪𑄣𑄧𑄢𑄬 𑄢𑄨𑄚𑄨 𑄌𑄬𑄃𑄨 𑄇𑄧𑄣𑄧।,তুংপুটি ফোঁাটাকে বারবার দেখে নাও
𑄃𑄢𑄧 𑄇𑄧𑄣𑄧 - 𑄝𑄋𑄮𑄘𑄨 𑄝𑄬𑄃𑄨𑄘𑄊𑄨 𑄈𑄉𑄢𑄥𑄪𑄢𑄨 𑄗𑄨𑄘𑄮 𑄦𑄪𑄃𑄨𑄠𑄮𑄚𑄴𑄘𑄮𑄃𑄨 𑄘𑄧।,আরও কল-বাঙি খেলার সম স্থির হেছে তো
𑄜𑄧𑄢𑄈𑄪𑄣𑄧 𑄃𑄬 𑄇𑄧𑄙𑄠𑄚𑄴 𑄥𑄪𑄚𑄨𑄚𑄬 𑄟𑄧𑄚𑄬 𑄟𑄧𑄚𑄬 𑄈𑄪𑄏𑄨 𑄦𑄧𑄣𑄧।,ফোঁাটা এই কথাগুলো শুনে মনে পে গেল
𑄞𑄝𑄬𑄢𑄴 𑄃𑄬𑄝𑄢𑄧𑄖𑄴 𑄡𑄘𑄬 𑄃𑄬𑄇𑄴𑄇 𑄥𑄧𑄟𑄬𑄃𑄨 𑄡𑄬𑄝𑄢𑄴 𑄌𑄬𑄝𑄧।,মনে হ এইবারে যেতে একটু সম হবে
𑄈𑄣𑄨𑄇𑄴 𑄟𑄧𑄚𑄬 𑄎𑄚𑄴𑄘 𑄘𑄬𑄢𑄴 𑄝𑄋𑄮𑄘𑄨𑄘𑄊𑄨𑄣𑄮𑄃𑄨 𑄃𑄬𑄘𑄧𑄇𑄴𑄘𑄨𑄚𑄴 𑄈𑄧𑄝𑄧𑄢𑄴 𑄣𑄮 𑄣𑄨 𑄚𑄬𑄃𑄨।,".শুধু মনে পে যাচ্ছে,এতদিন খবর নাই"
𑄦𑄎𑄢𑄴 𑄦𑄧𑄣𑄬𑄠𑄮 𑄝𑄮𑄚𑄴 𑄝𑄋𑄮𑄘𑄨 𑄇𑄧𑄚𑄧𑄘𑄨𑄚𑄴 𑄖𑄢𑄬 𑄜𑄬𑄣𑄬𑄃𑄨 𑄚𑄧 𑄛𑄢𑄨𑄝𑄧।,হাজার হলেও বোন ব হলেও কোনদিন তাকে ফেলে দিতে পারবে না
𑄃𑄨𑄚𑄴𑄘𑄨 𑄃𑄢𑄧 𑄈𑄧𑄝𑄧𑄢𑄴 𑄛𑄬𑄣𑄧 𑄝𑄋𑄮𑄘𑄨 𑄃. 𑄃𑄬 . 𑄛𑄥𑄴 𑄉𑄧𑄢𑄨 𑄢𑄋𑄟𑄖𑄳𑄠𑄬 𑄇𑄧𑄣𑄬𑄎𑄧𑄖𑄴 𑄝𑄨. 𑄃𑄬. 𑄞𑄧𑄖𑄴𑄖𑄨 𑄦𑄪𑄠𑄬।,"এখানে আবার খবর পাওা হেছে, লালমাা কলেজে বি. এ. ভর্তি হেছে"
𑄈𑄉𑄢𑄥𑄪𑄢𑄨 𑄗𑄨𑄘𑄮 𑄦𑄧𑄣𑄬𑄠𑄮 𑄛𑄧𑄢𑄨𑄇𑄴𑄈𑄬 𑄘𑄬 𑄘𑄳𑄠𑄬 𑄢𑄋𑄟𑄖𑄳𑄠𑄬 𑄃𑄬𑄝𑄧।,খাগাগুলো ঠিক হলেও পরীক্ষা দো লাগবে
𑄖𑄪𑄋𑄴𑄛𑄪𑄘𑄨 𑄇𑄧𑄙𑄚𑄨 𑄖 𑄟𑄧𑄚𑄚𑄴 𑄈𑄪𑄏𑄨 𑄦𑄮𑄃𑄨 𑄃𑄪𑄙𑄨𑄣𑄧।,তুংপুং কথা গুলো তার মনে পেছে
𑄎𑄬𑄢𑄬 𑄖𑄪𑄋𑄴𑄛𑄪𑄘𑄨 𑄇𑄧𑄣𑄧 - 𑄊𑄧𑄢𑄧𑄖𑄴 𑄝𑄨𑄣𑄬 𑄡𑄬 𑄘𑄬।,সে তুংপুং কল-বািতে যাও
𑄜𑄧𑄢𑄈𑄪𑄣𑄧 𑄛𑄪𑄏𑄢𑄴 𑄉𑄧𑄢𑄴𑄣𑄧 - 𑄇𑄨 𑄝 𑄃𑄬𑄥𑄳𑄠𑄬 𑄘𑄬।,. ফোঁা ফোঁা করছে -কি যেন আসতেছে
𑄃𑄮𑄝𑄢𑄧𑄖𑄴 𑄃𑄬𑄥𑄳𑄠𑄬 𑄘𑄧।,পানি আসতেছে তো
𑄖𑄪𑄋𑄴𑄛𑄪𑄘𑄨 𑄇𑄮𑄃𑄨 𑄎𑄬𑄢𑄬 𑄃𑄢𑄧 𑄓𑄧𑄢𑄴 𑄘𑄬𑄊𑄬𑄣𑄧 - 𑄖𑄧𑄢𑄴 𑄝𑄧𑄢𑄴 𑄘𑄧𑄏।,তুংপুং কথা বলে আবার ভ পেল - তোমার ব বিপদ
𑄖𑄪𑄋𑄴𑄛𑄪𑄘𑄨 𑄟𑄪 𑄌𑄨𑄝𑄬𑄃𑄨 𑄌𑄨𑄝𑄬𑄃𑄨 𑄦𑄏 𑄙𑄧𑄢𑄴𑄣𑄧।,তুংপুি মুখ চেপে ধরে হাসছে
𑄜𑄧𑄢𑄈𑄪𑄣𑄧 𑄖 𑄇𑄬𑄃𑄨𑄖𑄴 𑄢𑄨𑄚𑄨 𑄌𑄬𑄃𑄨 𑄃𑄊𑄬।,. ফোঁাটা তার কানের দিকে তাকিয়ে আছে।
𑄜𑄧𑄢𑄈𑄪𑄣𑄧 𑄎𑄚𑄬 𑄖𑄪𑄋𑄴𑄛𑄪𑄘𑄨 𑄇𑄧𑄙 𑄝𑄢𑄬𑄃𑄨 𑄇𑄧𑄠𑄴।,. ফোঁা বা ফোঁা কথা বলতে বলতে ঠোঁট বাঁকা করে বলে।
𑄇𑄧𑄙 𑄖𑄬 𑄝𑄋𑄮𑄘𑄨𑄢𑄬 𑄚𑄧 𑄇𑄧𑄝𑄧 𑄃𑄨𑄠𑄚𑄴 𑄝𑄨𑄌𑄴𑄌𑄬𑄌𑄴 𑄚𑄬𑄃𑄨।,সে বামহাতিকে বলে না এই বামহাতি
𑄈𑄣𑄨𑄇𑄴 𑄝𑄚 𑄌𑄨𑄙𑄬𑄃𑄨 𑄙𑄧𑄢𑄴 𑄣𑄧 - 𑄎𑄧𑄚𑄨 𑄖 𑄝𑄝𑄧 𑄇𑄚𑄧𑄖𑄴 𑄣𑄪𑄋𑄬𑄉𑄮𑄃𑄨।,খালি হাতে ধরে নাও - তার বাপ কানে পেছে
"𑄥𑄨𑄠𑄚𑄴 𑄎𑄧𑄚𑄨 𑄦𑄧𑄠𑄴 𑄖𑄪𑄋𑄴𑄛𑄪𑄘𑄨 𑄟, 𑄖 𑄛𑄨𑄏𑄬𑄃𑄨 𑄇𑄧𑄝𑄧।","সে ভালো হেছে তো,তার পরে কথা বলে"
𑄃𑄨𑄠𑄚𑄴 𑄞𑄝𑄨 𑄛𑄧𑄢𑄚𑄴 𑄇𑄟𑄢 𑄙𑄧𑄢𑄴𑄣𑄧।,এগুলো ভাবি পা কামারা ধরলো
𑄖𑄪𑄋𑄴𑄛𑄪𑄘𑄨𑄘𑄊𑄨𑄣𑄮𑄃𑄨 𑄜𑄢𑄧𑄇𑄴 𑄦𑄮𑄃𑄨 - 𑄃𑄬 𑄇𑄧𑄙 𑄞𑄝𑄨 𑄞𑄝𑄨 𑄈𑄪𑄌𑄴 𑄝𑄢 𑄙𑄧𑄎𑄳𑄠।,তুংপুং দিে আলাদা হে-এই কথাটা চিন্তা করে ঠোঁটটা বাঁকা হ
𑄜𑄧𑄢𑄈𑄪𑄣𑄧 𑄎𑄚𑄬 𑄖𑄪𑄋𑄴𑄛𑄪𑄘𑄨 𑄟 𑄚𑄧 𑄝𑄪𑄏𑄬𑄣𑄬 𑄖 𑄝𑄝𑄧𑄢𑄬 𑄝𑄋𑄮𑄘𑄨𑄘𑄊𑄨 𑄘𑄧𑄏𑄖𑄴 𑄖𑄬𑄠𑄮 𑄛𑄧𑄢𑄬𑄢𑄴।,. ফরা করতে পারে না বলে তাকে বামহাতি সমস্যা পতে হ
𑄖𑄪𑄋𑄴𑄛𑄪𑄘𑄨 𑄢𑄬 𑄝𑄪𑄏𑄬𑄃𑄨 𑄥𑄪𑄚𑄬𑄃𑄨 𑄇𑄮𑄃𑄨𑄚𑄬 𑄖𑄟𑄴 𑄟𑄢𑄬 𑄇𑄮𑄃𑄨 𑄛𑄧𑄢𑄨𑄝𑄧।,তুংপুিেকে বুঝে শুনে কাজ করতে হবে
𑄃𑄨𑄇𑄴𑄇𑄪 𑄖𑄢𑄴 𑄊𑄧𑄢𑄧𑄖𑄴 𑄡𑄚 𑄒𑄨𑄇𑄴 𑄚𑄧 𑄦𑄧𑄝𑄧।,একজন তার বািতে যাওা ঠিক হবে না
𑄦𑄧𑄣𑄧𑄖𑄴 𑄜𑄨𑄢𑄨 𑄝𑄪𑄘𑄴𑄙𑄨 𑄎𑄪𑄢𑄧 𑄙𑄧𑄎𑄳𑄠𑄬।,.হলে ফিরে বুদ্ধি জুে আছে
𑄖𑄪𑄋𑄴𑄛𑄪𑄘𑄨 𑄃𑄬𑄎𑄣𑄴 𑄚𑄧 𑄘𑄨𑄣𑄬 𑄖𑄢𑄴 𑄘𑄧𑄏 𑄇𑄟𑄇𑄴𑄇𑄠𑄴।,তুংপুদি আসতে না দিলে তার বিপদ কেটে যা
𑄖𑄪𑄋𑄴𑄛𑄪𑄘𑄨 𑄢𑄬 𑄣𑄉𑄧𑄖𑄴 𑄛𑄬𑄣𑄬 𑄝𑄪𑄏𑄬𑄃𑄨 𑄇𑄧𑄠𑄴।,তুংপুি তাকে পাইলেই বলে
𑄖𑄪𑄋𑄴𑄛𑄪𑄘𑄨 𑄝𑄪𑄌𑄴 𑄛𑄬𑄃𑄨𑄚𑄬 𑄜𑄧𑄢𑄈𑄪𑄣𑄧𑄢𑄬 𑄃𑄧𑄚𑄢𑄴𑄥𑄴 𑄛𑄧𑄢𑄨𑄇𑄴𑄈𑄬 𑄡𑄬𑄇𑄴𑄇𑄬 𑄥𑄬𑄇𑄴𑄇𑄬 𑄇𑄬𑄣𑄌𑄴 𑄚𑄧 𑄌𑄧𑄣𑄨𑄝𑄧।,তুংপুতে বুো পোকাে যে কোন ক্লাস চলবে না
𑄢𑄋𑄟𑄖𑄳𑄠𑄬 𑄡𑄬𑄃𑄨𑄚𑄬 𑄖𑄟𑄴𑄟𑄣𑄮𑄃𑄨 𑄉𑄧𑄟𑄬 𑄇𑄧𑄙 𑄇𑄧𑄝𑄧 𑄝𑄨𑄣𑄨 𑄘𑄨𑄎𑄧𑄚𑄬 𑄥𑄧𑄣𑄴𑄣 𑄉𑄧𑄢𑄴𑄣𑄇𑄴।,লালমাা যেহেতু তার মা আর ছেলে ভালো করে কথা বলে
𑄜𑄧𑄢𑄈𑄪𑄣𑄧 𑄟𑄥𑄴𑄑𑄢𑄴𑄥𑄴 𑄛𑄧𑄢𑄨𑄇𑄴𑄈𑄬 𑄘𑄨 𑄢𑄋𑄟𑄖𑄳𑄠𑄬 𑄦𑄮𑄃𑄨𑄚𑄬 𑄊𑄧𑄢𑄧𑄖𑄴 𑄉𑄬𑄣𑄧।,.পঁচার পরীক্ষার পর দুইজনে বািতে গেল
"𑄖 𑄛𑄨𑄏𑄬𑄋𑄃𑄨𑄘𑄪 𑄚𑄧 𑄗𑄬𑄣𑄧, 𑄥𑄧𑄟𑄎𑄳𑄠 𑄊𑄧𑄢𑄧𑄖𑄴 𑄃𑄬𑄇𑄴 𑄢𑄬𑄖𑄴 𑄗𑄬𑄚𑄬 𑄖 𑄇𑄬𑄣𑄳𑄠𑄬 𑄣𑄧𑄚𑄴𑄌𑄧𑄖𑄴 𑄉𑄧𑄢𑄨 𑄣𑄧𑄢𑄴 𑄘𑄨𑄣𑄧।","তার অভ্যাসটা থাকল না,সমাজের বািতে এক রাত থাকার পর তার কেলটা লিে নিল"
𑄈𑄉𑄢𑄥𑄪𑄢𑄨𑄖𑄴 𑄃𑄬𑄃𑄨𑄚𑄬 𑄝𑄋𑄮𑄘𑄨𑄘𑄊𑄨 𑄊𑄧𑄢𑄧𑄖𑄴 𑄃𑄪𑄙𑄨𑄣𑄧।,খাগাতাি এসে বািে উঠল
𑄢𑄮𑄓𑄴 𑄓𑄨𑄞𑄨𑄥𑄧𑄚𑄧 𑄇𑄮𑄠𑄑𑄢𑄴 𑄃𑄧𑄏𑄢𑄴 𑄊𑄧𑄢𑄴।,রাস্তা দিে হেঁটে যাওা বাি
𑄃𑄘𑄬𑄇𑄎𑄬 𑄘𑄨 𑄃𑄬𑄇𑄴 𑄊𑄧𑄢𑄴।,আদেকাজে দুই ঘর
"𑄇𑄢𑄬𑄚𑄴𑄑𑄴, 𑄛𑄚𑄨 𑄃𑄪𑄚𑄮 𑄚𑄬𑄃𑄨।","কারেন্ট,পানি উনো নেই"
𑄜𑄧𑄢𑄈𑄪𑄣𑄧𑄢𑄴 𑄉𑄧𑄟𑄴 𑄣𑄉𑄨𑄣𑄧।,ফোঁাটা ভালো লাগছে
𑄟𑄧𑄚𑄴𑄟𑄧𑄢 𑄉𑄧𑄢𑄨 𑄝𑄋𑄮𑄘𑄨𑄘𑄊𑄨 𑄊𑄧𑄢𑄧𑄖𑄴 𑄥𑄧𑄟𑄨𑄣𑄧।,মনের মতো বািে ঢুকলাম
"𑄝𑄋𑄮𑄘𑄨𑄢𑄴 𑄘𑄨𑄝𑄬 𑄛𑄮, 𑄃𑄨𑄇𑄴 𑄇𑄮 𑄃𑄬𑄇𑄴 𑄝𑄧𑄏𑄧𑄢𑄴 𑄛𑄪𑄢𑄧𑄋𑄴 𑄛𑄪𑄢𑄧𑄋𑄴 , 𑄃𑄢𑄬𑄇𑄴𑄇𑄮 𑄃𑄨𑄥𑄴𑄇𑄪𑄣𑄧𑄖𑄴 𑄡𑄠𑄴।","ব্যাঙের দোল, একটা বছর পার হে আরেকটা স্কুলে যা"
𑄇𑄟𑄴 𑄉𑄧𑄢𑄨𑄠𑄳𑄠𑄬 𑄟𑄨𑄣𑄬 𑄃𑄬𑄇𑄴𑄇𑄮 𑄃 𑄝𑄋𑄮𑄘𑄨 𑄎𑄟𑄬𑄝𑄮।,কাজ করে এক মহিলা আংটা হেছে
𑄝𑄋𑄮𑄘𑄨 𑄜𑄧𑄢𑄈𑄪𑄣𑄧𑄢𑄬 𑄘𑄬𑄃𑄨𑄚𑄬 𑄈𑄪𑄏𑄨।,বাঁশের ফোঁাগুলো দিে কুচি কুচি করে কাটা
𑄝𑄬𑄚𑄳𑄠𑄬 𑄟𑄙𑄚𑄴 𑄉𑄘𑄨𑄉𑄘𑄃𑄨 𑄘𑄨𑄝𑄬 𑄞𑄖𑄴 𑄈𑄬𑄣𑄧।,বোই মাটি দিে ভাত খেেছে
𑄇𑄇𑄴 𑄈𑄧𑄚𑄴 𑄎𑄬𑄢𑄬 𑄝𑄋𑄮𑄘𑄨 𑄎𑄟𑄬𑄝𑄮 𑄃𑄧𑄞𑄨𑄎𑄮𑄖𑄴 𑄖𑄪𑄚𑄴 𑄣𑄪𑄋𑄨𑄣𑄧𑄉𑄨।,কাকের খের কারণে বোদোি জাগা তুন নিে এসেছে
"𑄇𑄇𑄴𑄈𑄧𑄚𑄴 𑄎𑄨𑄢𑄬𑄃𑄨 𑄉𑄘𑄨𑄉𑄘𑄃𑄨 𑄞𑄖𑄴 𑄈𑄬𑄃𑄨, 𑄒𑄬𑄋𑄴 𑄉𑄢𑄨𑄣𑄮𑄖𑄴 𑄝𑄎𑄢𑄧 𑄏𑄧𑄣𑄝𑄮 𑄣𑄮𑄃𑄨 𑄝𑄎𑄢𑄧𑄖𑄴 𑄉𑄬𑄣𑄧।","হঠাৎ করে গািে ভাত খেে,পাহাের গািে বাজার করতে গেল"
𑄊𑄧𑄚𑄴𑄑 𑄟𑄪𑄣𑄧 𑄎𑄬𑄢𑄬𑄘𑄨 𑄜𑄨𑄢𑄨𑄣𑄧।,ঘন্টা শেষে ফিরে আসলো
𑄖𑄮𑄚𑄴𑄛𑄖𑄴 𑄇𑄪𑄖𑄴𑄖𑄬 𑄇𑄪𑄖𑄴𑄖𑄬 𑄥𑄌𑄴 𑄉𑄧𑄋𑄨 𑄉𑄬𑄣𑄧।,তরকারিটা কোথা কেটে গেল
𑄞𑄖𑄴 - 𑄖𑄮𑄚𑄴 𑄎𑄪𑄉𑄮𑄣𑄴 𑄦𑄮 𑄙𑄧𑄢𑄴𑄣𑄧।,ভাত-তরকারি ঠিক হেছে
𑄛𑄨𑄎𑄮𑄢𑄧𑄖𑄴 𑄝𑄮𑄃𑄨𑄚𑄬 𑄖𑄨𑄚𑄴 𑄎𑄧𑄚𑄬 𑄇𑄧𑄙 𑄇𑄪𑄃𑄧𑄝𑄪𑄣𑄮 𑄉𑄧𑄢𑄴 𑄖𑄧𑄚𑄴।,বাটিতে বসে তিন জনে কথা বলছে
𑄜𑄧𑄢𑄈𑄪𑄣𑄧𑄢𑄴 𑄃𑄟𑄨𑄎 𑄞𑄝𑄧𑄚 𑄇𑄧𑄇𑄴𑄇𑄬 𑄇𑄧𑄙 𑄃𑄪𑄙𑄬।,.ফসলের আাআিভাবে কথা উঠতেছে
𑄃𑄬𑄇𑄴𑄇 𑄍𑄬𑄢𑄴 𑄛𑄬𑄣𑄬 𑄝𑄋𑄮𑄘𑄨 𑄍𑄨𑄉𑄮𑄚𑄴 𑄚𑄮𑄢𑄬 𑄣𑄮𑄃𑄨 𑄜𑄧𑄢𑄈𑄪𑄣𑄧 𑄇𑄪𑄢𑄬 𑄝𑄧𑄣𑄧𑄉𑄨।,একটু ছেঁা পেলে বামহাতি বাচ্চাটি লাফিে লাফিে বলে
𑄜𑄧𑄢𑄈𑄪𑄣𑄧𑄢𑄴 𑄟𑄧𑄚𑄬 𑄎𑄚𑄴𑄘 𑄘𑄬𑄢𑄴 𑄇𑄨 𑄇𑄧𑄙 𑄃𑄪𑄙𑄬।,. ফোঁাটা মনে পে কি কথা উঠে
𑄃𑄪𑄚𑄴𑄘𑄨 𑄝𑄋𑄮𑄘𑄨 𑄎𑄟𑄬𑄝𑄮 𑄃𑄧𑄇𑄴𑄖𑄧 𑄃𑄧𑄇𑄴𑄖𑄧 𑄞𑄖𑄴 - 𑄖𑄮𑄚𑄴 𑄛𑄨𑄣𑄬 𑄢𑄨𑄚𑄨 𑄌𑄬𑄃𑄨 𑄖𑄬𑄠𑄮 𑄇𑄪𑄢𑄬 𑄃𑄬𑄃𑄨 𑄝𑄧𑄏𑄬𑄉𑄨।,উন্দু ব্যাঙের ছাতাটা অনেক বেশি ভাত-তরকারি পে দেখে সে এখানে এসেছে
𑄇𑄧𑄙 𑄖𑄪𑄣𑄧𑄛𑄢 𑄦𑄧𑄢𑄴।,কথা তুলতে না চাওা
𑄟 𑄘𑄨𑄝𑄢𑄴 𑄦𑄧𑄣𑄧 𑄃𑄬𑄎𑄬𑄖𑄴𑄖𑄬 𑄇𑄮𑄃𑄨𑄚𑄬 𑄝𑄋𑄮𑄘𑄨 𑄇𑄧𑄙 𑄟𑄬𑄣𑄨𑄣𑄧।,.মা দিে আসার সমে ব কথা বললো
𑄜𑄧𑄢𑄈𑄪𑄣𑄧 𑄝𑄋𑄮𑄘𑄨𑄢𑄬 𑄛𑄪𑄏𑄢𑄴 𑄉𑄧𑄢𑄴𑄣𑄧।,ফোঁাটা বািে পলো
𑄃𑄬𑄇𑄴𑄝𑄢𑄴 𑄡𑄨𑄠𑄬𑄃𑄨।,একনাগাে
𑄝𑄬𑄚𑄳𑄠𑄬 𑄡𑄬𑄃𑄨𑄚𑄬 𑄝𑄬𑄣𑄳𑄠𑄬 𑄜𑄧𑄌𑄴𑄎𑄬𑄉𑄮𑄃𑄨।,বিালটা যে বিালের শব্দ করে
𑄝𑄋𑄮𑄘𑄨 𑄜𑄧𑄢𑄈𑄪𑄣𑄧𑄢𑄬 𑄃𑄢𑄧 𑄇𑄧𑄣𑄧।,ব্যাঙের খোলসকে আবার কল
𑄜𑄧𑄢𑄈𑄪𑄣𑄧 𑄝𑄋𑄮𑄘𑄨 𑄇𑄧𑄙 𑄥𑄪𑄚𑄨𑄚𑄬 𑄟𑄧𑄚𑄬 𑄟𑄧𑄚𑄬 𑄞𑄝𑄬𑄢𑄴 𑄥𑄣𑄬 𑄝𑄋𑄮𑄘𑄨 𑄝𑄬𑄝𑄬𑄃𑄨 𑄘𑄮𑄢𑄚𑄴 𑄈𑄪𑄣𑄳𑄠𑄬।,ফোঁা বাঙিে কথা শুনে মনে হ সে বাঙিে বেেছে
𑄃𑄬𑄝𑄢𑄧𑄖𑄴 𑄟𑄧‘𑄠𑄬𑄚𑄴।,এইবার আমি
𑄝𑄋𑄮𑄘𑄨 𑄇𑄨 𑄇𑄧𑄠𑄴 𑄥𑄬 𑄟𑄮𑄇𑄳𑄠𑄬 𑄇𑄚𑄴 𑄛𑄘𑄨 𑄃𑄊𑄬।,বাঁশটা কি বলে যে সে মেেটা কান পাতা আছে
𑄃𑄘𑄬𑄇𑄳𑄠𑄬𑄉𑄧𑄢𑄨 𑄝𑄋𑄮𑄘𑄨 𑄎𑄟𑄬𑄝𑄮 𑄜𑄧𑄢𑄈𑄪𑄣𑄧𑄢𑄬 𑄌𑄬𑄃𑄨 𑄇𑄧𑄣𑄧- 𑄃।,এক জাতী ব ব্যাঙটাকে দেখে কল দাও
𑄃𑄮𑄖𑄢𑄬𑄠𑄮 𑄇𑄨𑄠 𑄚𑄧 𑄃𑄚𑄨𑄣𑄬।,.তাকেও কেন আনা হ না
𑄎𑄬𑄢𑄬 𑄃𑄢𑄧 𑄎𑄧𑄢 𑄘𑄨𑄣𑄧 - 𑄥𑄨𑄚𑄳𑄠𑄬 𑄃𑄬𑄇𑄴𑄇𑄉𑄧𑄢𑄨 𑄢𑄨𑄇𑄴𑄥𑄖𑄴 𑄘𑄬𑄈𑄳𑄠𑄬𑄋𑄴 ।,সে আবার যোগা করলো-সিেটা একটু রিক্সা দেখতেছি
𑄃𑄳𑄠𑄬𑄚𑄬 𑄘𑄧 𑄟𑄧𑄚𑄧𑄖𑄴 𑄛𑄧𑄎𑄳𑄠।,সে তো মনে পা
𑄜𑄧𑄢𑄈𑄪𑄣𑄧𑄢𑄴 𑄣𑄪𑄃𑄧 𑄥𑄨𑄢𑄬𑄖𑄴 𑄎𑄬𑄚𑄬 𑄉𑄧𑄋𑄴 𑄝𑄢𑄨 𑄡𑄨𑄠𑄬।,ফরারুলের মাথা গিে গিে যা
𑄛𑄧𑄢𑄚𑄴 𑄊𑄧𑄢𑄚𑄴 𑄙𑄪𑄉𑄪𑄖𑄴 𑄙𑄪𑄉𑄪𑄖𑄴 𑄉𑄧𑄢 𑄙𑄧𑄏𑄳𑄠।,পরানের বািটা ধুধুুুে পেছে
𑄃𑄉𑄬𑄘𑄨 𑄜𑄧𑄢𑄈𑄪𑄣𑄧 𑄡𑄨𑄠𑄚𑄴 𑄞𑄝𑄴𑄛𑄬 𑄥𑄨𑄠𑄚𑄴𑄚𑄧𑄃𑄨 𑄒𑄨𑄇𑄴।,.আগের ফোঁাগুলো যেগুলো মনে হ সেগুলো ঠিক
𑄃𑄨𑄚𑄴𑄘𑄨 𑄟𑄧𑄚𑄧𑄖𑄴 𑄛𑄧𑄎𑄳𑄠𑄬 - 𑄇𑄧𑄙𑄠𑄚𑄴 𑄥𑄪𑄚𑄨 𑄟𑄧𑄚𑄚𑄴 𑄃𑄪𑄌𑄴𑄌𑄮 𑄦𑄮𑄃𑄨 𑄃𑄪𑄙𑄨𑄣𑄧।,এখানে মনে পে - কথা গুলো শুনে মনটা উে উঠলো
𑄝𑄋𑄮𑄘𑄨 𑄖 𑄚𑄬𑄇𑄴𑄇𑄮𑄢𑄬 𑄢𑄨𑄚𑄨 𑄌𑄬𑄃𑄨 𑄇𑄧𑄣𑄧 - 𑄖𑄪𑄃𑄨 𑄝𑄢𑄥𑄪𑄘𑄮 𑄇𑄧𑄙 𑄃𑄢𑄧𑄖𑄴𑄖𑄬 𑄦𑄧𑄠𑄴।,বাঁশটা তার নাতনিকে দেখে কথা বলে-তুমি বস কথা বলতেছো
𑄝𑄋𑄮𑄘𑄨 𑄚𑄬𑄇𑄴𑄇𑄮 𑄝𑄋𑄮𑄘𑄨 𑄇𑄬𑄃𑄨𑄖𑄴 𑄢𑄨𑄚𑄨 𑄌𑄬𑄃𑄨 𑄇𑄪𑄠 𑄙𑄧𑄢𑄴𑄣𑄧 - 𑄇𑄨 𑄝𑄢𑄥𑄪𑄘𑄮 𑄇𑄧𑄙।,ব্যাঙের ন্যাকা ক্যামেরা দিে কি যেন ধরে
𑄃𑄮𑄝𑄢𑄧𑄖𑄴 𑄘𑄧 𑄘𑄨 𑄟𑄠𑄴 - 𑄏𑄨𑄠𑄬 𑄞𑄬𑄃𑄨𑄘𑄮 𑄚𑄉𑄧𑄢𑄴 𑄟𑄙𑄧𑄢𑄴।,উপরে তো দুই মা-মেে বিে মা
𑄜𑄧𑄢𑄈𑄪𑄣𑄧 𑄇𑄨 𑄉𑄧𑄢𑄨𑄝𑄧 𑄇𑄮𑄃𑄨 𑄚𑄧 𑄝𑄢𑄬𑄢𑄴।,. ফোঁাগুলো কি সহজে বের হ না
𑄟𑄧𑄚𑄬 𑄟𑄧𑄚𑄬 𑄞𑄝𑄬𑄢𑄴 𑄥𑄣𑄬 𑄟 𑄎𑄚𑄳𑄠𑄬।,মনে মনে চিন্তা করতে করতে মা গেছে
𑄝𑄋𑄮𑄘𑄨 𑄖 𑄚𑄬𑄇𑄴𑄇𑄮 𑄜𑄧𑄢𑄈𑄪𑄣𑄧𑄢𑄬 𑄢𑄨𑄚𑄨 𑄌𑄠𑄴 𑄃 𑄝𑄋𑄮𑄘𑄨𑄢𑄬 𑄊𑄧𑄚𑄧 𑄊𑄧𑄚𑄧 𑄢𑄨𑄚𑄨 𑄌 𑄙𑄧𑄏𑄳𑄠।,বাঁশটা তার নাতনিকে ঘন ঘন চাা দিে চাে
𑄝𑄋𑄮𑄘𑄨 𑄖 𑄚𑄬𑄇𑄴𑄇𑄮𑄢𑄬 𑄌𑄮𑄇𑄴 𑄛𑄨𑄏𑄨 𑄢𑄨𑄚𑄨 𑄌𑄬𑄃𑄨 𑄇𑄨 𑄎𑄬𑄚𑄬 𑄥‘𑄢𑄴 𑄘𑄨𑄣𑄧।,বাঁশটা তার নাতিকে চোখ বন্ধ করে কি যেন দেখে নিল
𑄝𑄋𑄮𑄘𑄨 𑄖 𑄛𑄮 𑄪 𑄝𑄮 𑄇𑄟𑄧 𑄟𑄧𑄣𑄬 𑄝𑄮𑄢𑄬 𑄘𑄨 𑄞𑄖𑄴 𑄞𑄢 𑄙𑄧𑄢𑄴𑄣𑄧।,বাই তার ছেলের কাজ দেখে ভাত তরকারি ধরলো
𑄞𑄖𑄴 𑄈 𑄙𑄧𑄢𑄴 𑄣𑄇𑄴।,ভাত খাওার সম রুচি হওা
𑄞𑄖𑄴 𑄈𑄬𑄃𑄨 𑄛𑄪𑄢𑄬𑄃𑄨 𑄞𑄣𑄧𑄇𑄴 𑄈𑄧𑄚𑄴 𑄇𑄧𑄙 𑄟𑄬𑄣𑄨 𑄊𑄪𑄟𑄴 𑄉𑄬𑄣𑄇𑄴।,ভাত খাওার পরে অনেক ব কথা বলে ঘুমাতে গেল
𑄜𑄧𑄢𑄈𑄪𑄣𑄧 𑄈𑄪𑄌𑄴 𑄌𑄪𑄚𑄴 𑄟𑄨𑄉𑄨𑄚𑄨 𑄟𑄮𑄇𑄳𑄠𑄬 𑄎𑄬𑄚𑄬 𑄛𑄧𑄢𑄴𑄖𑄧 𑄚𑄧 𑄌𑄚𑄴।,.ফসলের খোসা দিে মেেরা আর দেখতে পারে না
𑄖𑄨𑄚𑄴 𑄘𑄨𑄚𑄴 𑄗𑄬𑄃𑄨 𑄣𑄧𑄢𑄴 𑄘𑄨𑄣𑄧।,তিন দিন খেে নিল
𑄊𑄧𑄢𑄧𑄖𑄴 𑄣𑄪𑄋𑄨𑄣𑄧𑄉𑄨 𑄥𑄎𑄧𑄚𑄳𑄠𑄟𑄠𑄴।,বািতে লুকিে আছি
"𑄛𑄧𑄢𑄨𑄇𑄴 𑄈𑄬 𑄉𑄧𑄟𑄴 𑄘𑄬 𑄥𑄪𑄚𑄨𑄚𑄬 𑄖 𑄝𑄝𑄬, 𑄖𑄟𑄴𑄟 𑄈𑄪𑄏𑄨।",পরীক্ষা ভালো করে খাওা ভালো করে শুনে তার মা রান্না করে
𑄇𑄧𑄚𑄧 𑄇𑄧𑄙 𑄖𑄪𑄣𑄧𑄛𑄢 𑄚𑄬𑄃𑄨।,কোন কথা বলা নেই
𑄜𑄧𑄢𑄈𑄪𑄣𑄧 𑄓𑄧𑄢𑄚𑄴 𑄣𑄢𑄬 𑄣𑄢𑄬 𑄥𑄧𑄢𑄨 𑄡 𑄙𑄧𑄎𑄳𑄠।,ফোঁাটা ধীরে ধীরে দূর হে যা
𑄃𑄨𑄚𑄴𑄘𑄨 𑄌𑄉𑄪𑄢𑄨 𑄌𑄨𑄙𑄬 𑄖𑄢𑄬 𑄃𑄟𑄨𑄎 𑄣𑄧𑄢 𑄙𑄧𑄎𑄳𑄠।,.এই কুকুরটা তাকে আমার সাথে নিে যাচ্ছে
𑄖𑄟𑄴𑄟 𑄖𑄧𑄉𑄧𑄖𑄴 𑄖𑄧𑄉𑄧𑄖𑄴 𑄇𑄧‘𑄢𑄴 - 𑄖𑄧 𑄝𑄝𑄬 𑄝𑄪𑄢𑄧 𑄦𑄪𑄠𑄬𑄉𑄨।,তার মা খুঁজতে খুঁজতে বৃদ্ধ হেছে
𑄌𑄉𑄪𑄢𑄨 𑄖𑄧𑄉 𑄙𑄧𑄢𑄨𑄌𑄴।,চামার খোঁজ নেওা
𑄷𑄹.,"১,তিন,তিন"
𑄜𑄧𑄢𑄈𑄪𑄣𑄧 𑄟𑄧𑄚𑄬 𑄟𑄧𑄚𑄬 𑄌𑄉𑄪𑄢𑄨 𑄖𑄧𑄉 𑄙𑄧𑄎𑄳𑄠।,ফোঁাগুলো মনে পে কুকুর তাাচ্ছে
𑄢𑄬𑄎𑄣𑄴𑄑𑄴 𑄦𑄧𑄣𑄬 𑄃𑄬𑄇𑄴𑄉𑄎𑄳𑄠𑄬 𑄦𑄧𑄝𑄧।,রেজাল্ট হলে একগাে হবে
𑄘𑄨 𑄃𑄬𑄇𑄴 𑄟𑄥𑄴 𑄝𑄬𑄢𑄬 𑄥𑄬𑄢𑄬 𑄇𑄘𑄬𑄣𑄧।,দুই এক মাস বোর মধ্যে দাঁিে থাকল
𑄌𑄉𑄪𑄢𑄨 𑄘𑄧 𑄟𑄧𑄚𑄬 𑄇𑄧𑄣𑄬 𑄚𑄧 𑄛𑄠𑄴।,চামা তো মনে পে না
𑄃𑄨𑄇𑄴𑄇𑄪 𑄝𑄏𑄚 𑄌𑄨𑄙𑄬𑄠𑄚𑄧𑄃𑄨 𑄝𑄬𑄌𑄴।,একটি সাজানো ছোট বাচ্চাই বেশি
𑄛𑄌𑄴 𑄟𑄥𑄴 𑄎𑄬𑄢𑄬 𑄢𑄬𑄎𑄣𑄴 𑄑𑄴 𑄦𑄧𑄣𑄧।,পাঁচ মেে রসালো হেছে
𑄌𑄉𑄪𑄢𑄨 𑄖𑄧𑄉𑄚 𑄉𑄧𑄋𑄴 𑄠𑄚𑄴 𑄃𑄢𑄧 𑄝𑄢𑄨𑄣𑄧।,.চামা খোঁজা আর বারিল
𑄔𑄉𑄣𑄮𑄃𑄨 𑄃𑄪𑄎𑄮𑄚𑄴 - 𑄣𑄟𑄧𑄚𑄴 𑄉𑄧𑄢𑄨 𑄉𑄧𑄢𑄨 𑄃𑄊𑄬।,ঢালুতে উপরে- ঢালু করে আছে
𑄃𑄨𑄇𑄴𑄇𑄪 𑄃𑄢𑄧 𑄝𑄬𑄌𑄴 𑄣𑄎𑄬 𑄙𑄧𑄢𑄬𑄢𑄴।,একজন আরও বেশি লজ্জাবোধ করতেছে
𑄇𑄨 𑄉𑄧𑄢𑄨𑄝𑄧 𑄌𑄮𑄊𑄬𑄘𑄨 𑄎𑄪𑄚𑄨 𑄘𑄬𑄊𑄬𑄢𑄴।,কি গরীব চোখে তাকা
𑄃𑄬𑄝𑄢𑄧𑄖𑄴 𑄝𑄪𑄏𑄨𑄣𑄧 𑄎𑄨𑄋𑄴 𑄇𑄚𑄨 𑄛𑄧𑄗𑄴 𑄇𑄬𑄎𑄚𑄴 𑄇𑄘𑄠𑄴 - 𑄣𑄬𑄋𑄬𑄢𑄠𑄴 𑄞𑄧𑄎𑄳𑄠।,এবার মনে হ যে জিং কানি পথ কেটে যাবে - ল্যাংরা
𑄃𑄬𑄇𑄴𑄝𑄢𑄴 𑄔𑄉𑄖𑄴𑄖𑄪𑄚𑄴 𑄜𑄨𑄢𑄬𑄢𑄴।,এক ঘর থেকে ফিরে
𑄟𑄧𑄚𑄴 𑄉𑄮𑄢𑄴।,এক জাতী বুনো ফল
𑄛𑄧𑄗𑄴 𑄖𑄮𑄉𑄬𑄃𑄨 𑄚𑄧 𑄛𑄢𑄴।,পথ বন্ধ করতে পারে না
𑄢𑄋𑄟𑄖𑄳𑄠𑄬 𑄣𑄪𑄋𑄨𑄣𑄧𑄉𑄨 𑄢𑄬𑄃𑄨𑄖𑄴।,লালমাাই রাত
𑄖𑄪𑄋𑄴𑄛𑄪𑄘𑄨 𑄘𑄊𑄨𑄃𑄨𑄘𑄪 𑄃𑄪𑄙𑄨𑄣𑄧।,তুংপুটি দাঁতগুলো উঠা
𑄞𑄖𑄴 𑄈𑄬𑄃𑄨 𑄖 𑄛𑄨𑄏𑄬𑄃𑄨 𑄣𑄮𑄃𑄨 𑄇𑄧𑄙 𑄖𑄪𑄣𑄧𑄛𑄢 𑄉𑄧𑄢𑄴 𑄖𑄣𑄇𑄴।,ভাত খেে তার মুখে লোনা কথা
𑄃𑄨𑄚𑄴𑄘𑄨 𑄃𑄬𑄇𑄴 𑄝𑄏𑄧𑄢𑄴 𑄡𑄋𑄴 𑄡𑄋𑄴।,এখানে এক বছর যাওা
𑄘𑄨𑄚𑄴 𑄡𑄬𑄘𑄧𑄇𑄴 𑄉𑄧𑄋𑄢𑄴 𑄃𑄬𑄇𑄴 𑄝𑄪𑄇𑄴 𑄌𑄨𑄙𑄬 𑄃𑄝𑄪𑄎𑄮 𑄙𑄧𑄎𑄳𑄠।,সারাদিন যে গাঙে বুক চেপে রাখে সে
𑄖𑄪𑄋𑄴𑄛𑄪𑄘𑄨 𑄟𑄢𑄬𑄠𑄮 𑄞𑄋𑄨 𑄇𑄮𑄃𑄨 𑄚𑄧 𑄝𑄢𑄬𑄢𑄴।,তুংপুটি মারেও ভেঙে বলে না
𑄖𑄪𑄋𑄴𑄛𑄪𑄘𑄨 𑄟 𑄖 𑄟𑄪𑄠𑄚𑄴 𑄌𑄬𑄚𑄬 𑄝𑄪𑄏𑄬𑄢𑄴 𑄇𑄨 𑄦𑄣𑄴।,তুংপুি মাা আমার মতো কি হাল ধরছে
𑄎𑄬𑄢𑄬 𑄇𑄧𑄣𑄧 - 𑄃𑄬𑄎𑄚𑄴 𑄉𑄧𑄢𑄨 𑄇𑄧𑄠𑄴 𑄘𑄨𑄚𑄴 𑄗𑄬𑄝𑄬 𑄃𑄢𑄴।,ঝেে কল করে কদিন থাকবে আর
𑄢𑄋𑄟𑄖𑄳𑄠𑄬 𑄗𑄇𑄴𑄇𑄨।,লালমাা বাসা
𑄎𑄬𑄢𑄬 𑄇𑄧𑄣𑄧 - 𑄔𑄉𑄖𑄴 𑄗𑄬𑄃𑄨 𑄛𑄖𑄴𑄖𑄪𑄋𑄴 𑄘𑄮𑄣𑄴 𑄦𑄧𑄣𑄪𑄚𑄴 𑄘𑄬।,ঝেে কল-ঢাকিে থাকতে ভালো হেছে তো
𑄖𑄪𑄋𑄴𑄛𑄪𑄘𑄨 𑄟 𑄇𑄧𑄣𑄧 - 𑄥𑄨𑄠𑄚𑄴 𑄎𑄪 𑄃𑄪𑄙𑄬 𑄥𑄧𑄋𑄴 𑄃𑄨𑄘𑄪 𑄗𑄇𑄴।,তুংপুটি মা কল -সেটা একদম এখানে থাকে
𑄜𑄧𑄢𑄈𑄪𑄣𑄧 𑄇𑄧𑄣𑄧 - 𑄃𑄉𑄬 𑄊𑄧𑄢𑄧𑄖𑄴 𑄡𑄋𑄴।,ফরাকল কল -আগে বািতে যাও
𑄥𑄨𑄖𑄴𑄖𑄪𑄚𑄴 𑄜𑄨𑄢𑄨 𑄦𑄧𑄣𑄬 𑄦𑄧𑄝𑄧𑄘𑄬 𑄃𑄠𑄴।,সেখান থেকে ফিরলে হবে
𑄖𑄪𑄋𑄴𑄛𑄪𑄘𑄨 𑄟 𑄇𑄧𑄣𑄧 - 𑄃𑄮𑄢𑄝𑄢𑄧𑄖𑄴 𑄖𑄧 𑄝𑄝𑄬 𑄃𑄬𑄥𑄳𑄠𑄬𑄠𑄮 𑄇𑄪𑄠𑄮𑄋𑄴।,তুংপুটি মা কল-ওার জন্য তোমার বািটা এসেছে
𑄜𑄧𑄢𑄈𑄪𑄣𑄧 𑄃𑄧𑄣𑄧𑄢𑄴 𑄉𑄧𑄢𑄨 𑄢𑄧𑄣𑄧।,.আবর্জনাগুলো আলগা করে রাখ
𑄎𑄬𑄢𑄬 𑄖𑄪𑄋𑄴𑄛𑄪𑄘𑄨 𑄟 𑄃𑄢𑄧 𑄇𑄧𑄣𑄧 - 𑄖𑄧 𑄝𑄝𑄧𑄢𑄬 𑄃𑄮 𑄇𑄪𑄃𑄨𑄠𑄮𑄋𑄴।,.তার পরে তুংপুদি মা আবার কল - তোমার বাপকে ও কল
𑄃𑄬𑄇𑄴𑄇 𑄟𑄧𑄚𑄴 𑄟𑄢𑄬।,একটু মন মারে
𑄜𑄧𑄢𑄈𑄪𑄣𑄧 𑄝𑄪𑄇𑄴𑄇𑄮 𑄃𑄬𑄇𑄴𑄇 𑄌𑄨𑄉𑄪𑄖𑄴𑄉𑄧𑄢𑄨 𑄃𑄪𑄙𑄨𑄣𑄧।,ফোঁাটা একটু উপরে উঠল
𑄖𑄬 𑄎𑄚𑄬 𑄖𑄪𑄋𑄴𑄛𑄪𑄘𑄨𑄣𑄮𑄃𑄨 𑄞𑄣𑄮𑄇𑄴 𑄘𑄨𑄚𑄴 𑄦𑄧𑄣𑄧 𑄘𑄬𑄊𑄘𑄬𑄊𑄨 𑄚𑄧 𑄦𑄧𑄖𑄴 𑄖𑄬।,সে চোখ বুজিে অনেক দিন হলো দেখে নাই
𑄃𑄬 𑄞𑄨𑄘𑄨𑄢𑄬 𑄖𑄪𑄋𑄴 𑄛𑄪𑄘𑄨 𑄊𑄧𑄢𑄧𑄖𑄴 𑄃𑄬𑄝𑄧 𑄈𑄟𑄇𑄴𑄇𑄠𑄴।,এই বাচ্চাটাকে তুং পুং বািতে আসতে হবে
𑄃𑄨𑄚𑄴𑄘𑄨 𑄟𑄧𑄚𑄴 𑄟𑄢𑄬 𑄇𑄧𑄙𑄠𑄚𑄴 𑄃𑄧𑄚𑄴𑄎𑄪𑄢𑄴 𑄥𑄬𑄣𑄧𑄥𑄚𑄴 𑄟𑄧𑄚𑄧𑄖𑄴 𑄝𑄨𑄚𑄴 𑄘𑄳𑄠𑄬 𑄙𑄧𑄎𑄳𑄠।,.এই মনের কথা গুলো মনে পে
"𑄜𑄧𑄢𑄈𑄪𑄣𑄧 𑄖𑄨𑄢𑄏𑄨 𑄟𑄧𑄚𑄚𑄴 𑄖 𑄛𑄨𑄏𑄬𑄃𑄨 𑄃𑄢𑄧 𑄇𑄨 𑄇𑄧𑄠𑄴 , 𑄃𑄢𑄧 𑄇𑄨 𑄇𑄧𑄠𑄴 𑄥𑄨𑄠𑄚𑄴 𑄝𑄌𑄳𑄠𑄬 𑄃𑄊𑄬।",".ফরাকুল তেরা মনের মতো আরও কি বলে, আর কি বলে সেটা বাঁশ আছে"
𑄛𑄧𑄢𑄈𑄪𑄣𑄧 𑄢𑄬 𑄎𑄬 𑄥𑄪𑄙𑄧 𑄟𑄪।,প্যারালাইসিসে যে রোগ হ
𑄎𑄬𑄢𑄬 𑄖𑄪𑄋𑄴𑄛𑄪𑄘𑄨 𑄟 𑄇𑄧𑄣𑄧 - 𑄘 𑄘𑄢𑄬 𑄝𑄪𑄏𑄬𑄃𑄨 𑄇𑄮𑄃𑄨𑄚𑄬 𑄖𑄬 𑄝𑄪𑄌𑄴 𑄟𑄚𑄬।,সে তুংপুি মা বলে -দাি দািে কথা বলে
𑄜𑄧𑄢𑄈𑄪𑄣𑄧 𑄟𑄪𑄠𑄚𑄴 𑄃𑄬𑄝𑄢𑄧𑄖𑄴 𑄛𑄮𑄖𑄴𑄛𑄮𑄖𑄳𑄠𑄬 𑄦𑄮𑄃𑄨 𑄃𑄪𑄙𑄨𑄣𑄧।,ফোঁা দিে আমি এবার উপরে উঠে গেলাম
𑄟𑄧𑄚𑄬 𑄟𑄧𑄚𑄬 𑄞𑄝𑄬𑄢𑄴 𑄖𑄪𑄋𑄴𑄛𑄪𑄘𑄨𑄢𑄬 𑄇𑄮𑄃𑄨𑄚𑄬 𑄉𑄪𑄣𑄨𑄝𑄮 𑄉𑄧𑄟𑄬 𑄣𑄇𑄳𑄠𑄬।,মনে হ মনের ইচ্ছা পূরণ করার জন্য গুলি করবে
𑄟𑄧𑄚𑄚𑄴 𑄡𑄬𑄘𑄧𑄇𑄴 𑄦𑄧𑄠𑄴 𑄃𑄪𑄌𑄴𑄌𑄮 𑄦𑄮𑄃𑄨 𑄃𑄪𑄙𑄬𑄢𑄴।,মনটা অনেক ব হেছে
𑄥𑄣𑄬 𑄖𑄬𑄋𑄬𑄢 𑄞𑄣𑄧𑄇𑄴 𑄇𑄚𑄨 𑄞𑄋 𑄡𑄨𑄠𑄬।,.সে বোর অনেক কানি ভেঙে গেছে।
𑄝𑄚 𑄃𑄬𑄇𑄴𑄇𑄚𑄴 𑄃𑄊𑄬 -𑄌𑄉𑄪𑄢𑄨।,.শুধু একটি কুকুর আছে।
𑄃𑄨𑄚𑄴𑄘𑄨 𑄟𑄧𑄚𑄬 𑄦𑄧𑄢𑄴 𑄃𑄢𑄧 𑄔𑄉𑄖𑄴 𑄡𑄬𑄝𑄢𑄴।,এখানে মনে হ আর স্কুলে যাওা
𑄖 𑄛𑄨𑄏𑄬𑄃𑄨𑄖𑄴𑄖𑄪𑄚𑄴 𑄘𑄧 𑄝𑄬𑄇𑄴𑄇𑄚𑄨 𑄃𑄪𑄣𑄴𑄣𑄬 𑄃𑄪𑄣𑄴𑄣𑄬 𑄛𑄪𑄏𑄢𑄴 𑄉𑄧𑄢𑄨 𑄚𑄧 𑄝𑄢𑄬𑄢𑄴।,তার পেট থেকে তো সব গুো করে বের হ না
𑄎𑄬𑄢𑄬 𑄦𑄨𑄎𑄬𑄝𑄴 𑄉𑄧𑄢𑄬𑄢𑄴 𑄖𑄪𑄋𑄴𑄛𑄪𑄘𑄨𑄢𑄴 𑄥𑄬𑄇𑄬𑄚𑄴𑄓𑄴 𑄃𑄨𑄠𑄢𑄧𑄖𑄴 𑄛𑄧𑄢𑄨𑄇𑄴𑄈𑄬 𑄃𑄪𑄠𑄬 𑄚𑄧 𑄦𑄧𑄣𑄬 𑄦𑄧𑄢𑄴।,সে হিস্যু করার সম দুই সেকেন্ড এখানে পে না হলে হ না
𑄥𑄣𑄬 𑄊𑄧𑄢𑄧𑄖𑄴 𑄃𑄬𑄖𑄴 𑄖𑄬 𑄘𑄬𑄢𑄨 𑄚𑄬𑄃𑄨।,.সে বািতে এতো কেন দেরি করে
𑄝𑄪𑄏𑄨𑄣𑄧 - 𑄟𑄨𑄉𑄨𑄚𑄨 𑄖𑄴 𑄗𑄬𑄃𑄨𑄚𑄬 𑄞𑄣𑄧𑄇𑄴 𑄇𑄚𑄨 𑄎𑄪‘𑄖𑄪𑄚𑄴 𑄘𑄪𑄢𑄮𑄖𑄴 𑄃𑄊𑄬।,.বুঝলো-মিঝিনিে অনেক কানি জুে আছে
𑄖 𑄛𑄨𑄏𑄬𑄃𑄨𑄢𑄬 𑄎𑄘𑄨 𑄜𑄨𑄢𑄨𑄟𑄴 𑄝𑄮𑄃𑄨 𑄇𑄮𑄃𑄨𑄚𑄬 𑄊𑄧𑄢𑄧𑄖𑄴 𑄣𑄧𑄢𑄴 𑄘𑄨𑄣𑄧।,তার অসুখটা সেরে উঠার পর বািতে রওনা দিল
𑄈𑄉𑄢𑄥𑄪𑄢𑄨 𑄖𑄴 𑄃𑄬𑄃𑄨𑄚𑄬 𑄝𑄋𑄮𑄘𑄨𑄘𑄊𑄨𑄃𑄨𑄘𑄪 𑄃𑄪𑄙𑄨𑄣𑄧।,খাগা দিে শুধু বাঁশটা উঠতেছে
"𑄝𑄋𑄮𑄘𑄨 𑄚𑄬𑄇𑄴𑄇𑄮 𑄣𑄇𑄴 𑄛𑄬 𑄟𑄧𑄖𑄴𑄖𑄧𑄚𑄴 𑄇𑄧‘𑄢𑄴 - 𑄃, 𑄃𑄧𑄖𑄬 𑄇𑄪𑄘𑄪?",ব্যাঙের ন্যাকার নেশাটা কে করছে -এটা কে?
𑄜𑄧𑄢𑄈𑄪𑄣𑄧 𑄖𑄢𑄖𑄋𑄧𑄢𑄨 𑄎𑄮𑄝𑄴 𑄘𑄨𑄣𑄧 - 𑄃𑄨𑄉𑄨𑄣𑄬 𑄛𑄧𑄢𑄨𑄇𑄴𑄈𑄬 𑄘𑄨𑄝𑄧।,.ফরাকটা তারা তাাতাি বন্ধ করে দিল-আসলে পরীক্ষা দিবে
𑄖𑄧 𑄊𑄧𑄢𑄧𑄖𑄴 𑄖𑄪𑄣𑄨 𑄘𑄨𑄟𑄴𑄝𑄬 𑄃𑄠𑄴।,তোমার বািতে তুলে দিব
𑄝𑄋𑄮𑄘𑄨 𑄚𑄬𑄇𑄴𑄇𑄮 𑄖𑄢𑄬 𑄢𑄨𑄚𑄨 𑄌𑄬𑄃𑄨 𑄇𑄧𑄣𑄧 - 𑄥𑄬𑄘𑄟𑄴 𑄃𑄊𑄬𑄚𑄨।,ব্যাঙের ন্যাকা তাকে দেখে বললো - ভালো আছে
𑄌𑄉𑄪𑄢𑄨 𑄚𑄧 𑄛𑄋𑄴 𑄥𑄧𑄋𑄴 𑄖𑄧 𑄊𑄧𑄢𑄧𑄖𑄴𑄘𑄧𑄃𑄨 𑄖𑄢𑄴 𑄗𑄚𑄴।,চামা না পাওার সমে তার বাি
𑄜𑄧𑄢𑄈𑄪𑄣𑄧 𑄝𑄋𑄮𑄘𑄨 𑄚𑄬𑄇𑄴𑄇𑄮𑄢𑄬 𑄦𑄏𑄨 𑄦𑄏𑄨 𑄇𑄧𑄣𑄧।,পলিথিন ব্যাগ দিে এক জাতী কুকুরকে দৌাদৌি করতেছে
𑄃𑄚𑄴𑄘𑄮𑄃𑄨।,অব্য পদ
𑄈𑄣𑄨𑄇𑄴 𑄖𑄧 𑄝𑄝𑄴𑄘𑄊𑄨𑄢𑄬 𑄝𑄪𑄏𑄬 𑄚𑄧 𑄛𑄢𑄨𑄟𑄴।,শুধু তোমার বািটা বুঝতে পারবো না
𑄉𑄨𑄠𑄚𑄴 𑄦𑄪𑄠𑄬।,গিেছে
𑄜𑄧𑄢𑄈𑄪𑄣𑄧 𑄇𑄧𑄙 𑄥𑄪𑄚𑄨 𑄝𑄋𑄮𑄘𑄨 𑄚𑄬𑄇𑄴𑄇𑄮 𑄚𑄧 𑄟𑄙𑄨 𑄢𑄧𑄣𑄧।,.ফাঁদেল কথা শুনে বামহাতিরা মাথা নিচু করল
𑄝𑄋𑄮𑄘𑄨 𑄃𑄬𑄘𑄧𑄇𑄴𑄈𑄧𑄚𑄴 𑄥𑄪𑄚𑄨 𑄃𑄊𑄬।,বাঁশটা এত কেকটা শুনা আছে
𑄎𑄬𑄢𑄬 𑄇𑄧𑄣𑄧 - 𑄌𑄉𑄪𑄢𑄨 𑄛𑄬𑄣𑄬 𑄡𑄢𑄬 𑄣𑄧𑄘𑄧 𑄥𑄖𑄴 𑄖𑄧𑄢𑄴 𑄇𑄨।,ঝেে কল-চাকি পেলে তাকে নিে যাওা যা
𑄝𑄋𑄮𑄘𑄨 𑄚𑄬𑄇𑄴𑄇𑄮 𑄝𑄋𑄮𑄘𑄨 𑄇𑄬𑄃𑄨𑄖𑄴 𑄢𑄨𑄚𑄨 𑄌𑄬𑄃𑄨 𑄇𑄧𑄣𑄧 - 𑄝।,ব্যাঙের ন্যাকা বাঁশটি দেখে কল করল-বা
𑄞𑄬𑄠𑄮 𑄃𑄨𑄚𑄴𑄘𑄨 𑄖𑄚𑄧𑄌𑄴𑄌𑄬 𑄦𑄧𑄠𑄴।,ভাইও এখানে টানটান হ
𑄜𑄧𑄢𑄈𑄪𑄣𑄧 𑄊𑄧𑄢𑄧𑄖𑄴 𑄣𑄪𑄋𑄨 𑄘𑄨 𑄃𑄬𑄇𑄴𑄘𑄨𑄚𑄴 𑄎𑄬𑄢𑄬 𑄢𑄋𑄟𑄖𑄳𑄠𑄬 𑄜𑄨𑄢𑄨𑄣𑄧।,.ফাঁদেল বািে লুকিে এক দিন পরে রাঙামাটিতে ফিরল
𑄖𑄪𑄋𑄴𑄛𑄪𑄘𑄨𑄘𑄊𑄨 𑄊𑄧𑄢𑄧𑄖𑄴 𑄗𑄧𑄢𑄴 𑄙𑄧𑄢𑄨𑄣𑄧।,তুংপুং বািটা বািতে শক্ত হেছে
𑄎𑄬𑄢𑄬 𑄘𑄨 𑄃𑄬𑄇𑄴𑄴𑄎𑄧𑄚𑄴 𑄛𑄮 𑄛𑄧𑄢 𑄙𑄧𑄢𑄴𑄣𑄧।,.সে দুই একটা ছেলে পেছে
"𑄃𑄨𑄇𑄴𑄇𑄪𑄚𑄪 𑄝𑄬𑄚𑄳𑄠𑄬, 𑄝𑄬𑄣𑄳𑄠𑄬 𑄘𑄨 𑄃𑄬𑄇𑄴𑄎𑄧𑄚𑄴 𑄛𑄮 𑄢𑄬 𑄛𑄧𑄢 𑄘𑄬𑄊𑄬 𑄘𑄳𑄠𑄬।","একজন বোইন,বিাল দুইজন ছেলেকে পে দে"
𑄝𑄬𑄣𑄳𑄠𑄬 𑄟𑄙𑄚𑄴 𑄚𑄨𑄉𑄨𑄣𑄨 𑄥𑄧𑄟𑄎𑄳𑄠𑄬𑄣𑄮𑄃𑄨 𑄚𑄉𑄧𑄢𑄴 𑄟𑄙𑄬।,সূর্য ডোবার সম মানুষরা রোদ পোহা
"𑄣𑄃𑄨𑄝𑄳𑄢𑄬𑄢𑄨𑄖𑄴 𑄡𑄬𑄃𑄨 𑄛𑄬𑄛𑄢𑄴, 𑄝𑄧𑄃𑄨 𑄛𑄧𑄢𑄬।","লাইব্রেরিতে যে কাগজ,বই পে"
𑄃𑄢𑄧 𑄘𑄨 𑄃𑄬𑄇𑄴𑄎𑄧𑄚𑄴 𑄛𑄧𑄢𑄨𑄠𑄬 𑄦𑄧𑄘𑄬 𑄦𑄧𑄘𑄬 𑄃𑄬𑄚𑄬 𑄥𑄖𑄴 - 𑄃𑄑𑄴𑄖𑄮 𑄎𑄧𑄚𑄴 𑄎𑄪𑄘𑄨𑄣𑄇𑄴।,আরও দুই জন পতে পতে পাঁচ জন যোগ দিল
𑄛𑄮 𑄛𑄢𑄚 𑄉𑄬𑄚𑄴𑄎𑄟𑄬 𑄝𑄃𑄨𑄣𑄬𑄘 𑄌𑄨𑄙𑄬 𑄉𑄧𑄢𑄨𑄝𑄢𑄴 𑄎𑄪 𑄇𑄪𑄘𑄪।,.ছেলে পার সম বোচো করতেছে।
𑄌𑄬𑄢𑄴 - 𑄛𑄌𑄴 𑄟𑄥𑄴 𑄝𑄨𑄘𑄨 𑄉𑄬𑄣𑄧।,.চার পাঁচ মাছ বিে গেল
"𑄉𑄧𑄢𑄧𑄌𑄴 𑄚𑄧 𑄗𑄬𑄣𑄬𑄃𑄮 𑄔𑄉𑄖𑄴 𑄡𑄚, 𑄖𑄬𑄋 𑄈𑄧𑄢𑄧𑄌𑄴 𑄉𑄧𑄢𑄚 𑄃𑄖𑄳𑄠𑄬 𑄇𑄪𑄣𑄧𑄇𑄎 𑄦𑄧𑄝𑄧 𑄃𑄨𑄠𑄚𑄴 𑄞𑄝𑄨𑄚𑄬 𑄔𑄉𑄖𑄴 𑄚𑄧 𑄡𑄠𑄴।",".করতে না থাকলে দোকানে যাওা, টাকা খরচ করা আর ভালো হবে না মনে হ"
"𑄃𑄬𑄇𑄴𑄘𑄨𑄚𑄴 𑄛𑄬𑄛𑄢𑄧𑄖𑄴 𑄘𑄬𑄊𑄬 𑄦𑄃𑄨 𑄃𑄨𑄥𑄴 𑄇𑄪𑄣𑄧𑄖𑄴 𑄟𑄌𑄴𑄖𑄧𑄢𑄴 𑄚𑄬𑄘𑄧𑄚𑄴, 𑄘𑄨𑄣𑄧 𑄘𑄧𑄢𑄴𑄈𑄌𑄴𑄖𑄧।","এক দিন পেপারে দেখে এই কুলে মাছ নিে যাচ্ছে,দিল ভ পাচ্ছি"
𑄛𑄬𑄛𑄢𑄴 𑄢𑄨𑄚𑄨 𑄌𑄠𑄴 𑄃 𑄌𑄉𑄪𑄢𑄨 𑄥𑄢𑄴𑄇𑄪𑄣𑄢𑄴 𑄠𑄚𑄨 𑄢𑄨𑄚𑄨 𑄌𑄠𑄴।,.পোরা নেচে নেচে চা
𑄃𑄬𑄇𑄴𑄘𑄊𑄨 𑄌𑄉𑄪𑄢𑄨 𑄖𑄢𑄴 𑄘𑄧𑄢𑄴𑄈𑄌𑄴𑄖𑄧 𑄘𑄨𑄝𑄢𑄴 𑄟𑄧𑄚𑄬 𑄚𑄧 𑄇𑄧𑄣𑄧।,একটা কুকুর তার ঘেউ ঘেউ করতেছে না
𑄃𑄢𑄧 𑄝𑄌𑄴𑄌𑄬𑄃𑄨 𑄗𑄠𑄴 𑄇𑄨 𑄇𑄨 𑄌𑄉𑄪𑄢𑄨 𑄈𑄧𑄝𑄧𑄢𑄴 𑄃𑄪𑄙𑄬।,আর বাঁশে থাকে কি কি চামা উঠে
𑄃𑄨𑄚𑄴𑄘𑄨 𑄛𑄮 𑄛𑄧𑄢𑄘𑄬 𑄛𑄧𑄢𑄘𑄬 𑄌𑄠𑄴 𑄘𑄬 𑄃𑄟𑄧𑄚𑄧𑄢𑄴𑄃𑄮 𑄣𑄞𑄴 𑄦𑄧𑄢𑄴।,.এই ছেলেটা পতে পতে আমার লাভ হ
𑄃𑄢𑄧 𑄃𑄬𑄇𑄴𑄝𑄢𑄴 𑄝𑄳𑄠𑄋𑄴𑄇𑄧𑄖𑄴 𑄘𑄨𑄣𑄧।,আরও এক ব কাপ দিল
𑄎𑄧𑄚𑄨𑄠𑄮 𑄝𑄳𑄠𑄋𑄴𑄇𑄧 𑄌𑄉𑄪𑄢𑄨 𑄖𑄢𑄴 𑄟𑄧𑄚𑄴𑄎𑄪𑄇𑄴 𑄚𑄬𑄃𑄨।,জনির ব আকারের চামাটি তার পছন্দ নেই
𑄥𑄨𑄇𑄴𑄈 𑄝𑄨𑄞𑄉𑄧 𑄌𑄉𑄪𑄢𑄨𑄚𑄨𑄖𑄴 𑄖𑄢𑄴 𑄃𑄃𑄮𑄌𑄴 𑄝𑄬𑄌𑄴।,.সে শাখাটা চামার জন্য বেশি ব করে
𑄜𑄧𑄢𑄈𑄪𑄣𑄧 𑄞𑄝𑄬 𑄦𑄃𑄨 𑄃𑄨𑄥𑄴𑄇𑄪𑄣𑄧𑄖𑄴 𑄥𑄧𑄟𑄬𑄣𑄬𑄠𑄮 𑄎𑄬𑄢𑄬 𑄇𑄧𑄣𑄬𑄎𑄧𑄖𑄴 𑄥𑄧𑄟𑄬 𑄛𑄢𑄨𑄟𑄴।,.অতিরিক্ত ভাবে হাই স্কুলে ভর্তি হলেও পরে কলেজে ঢুকতে পারবো।
𑄟𑄌𑄴𑄖𑄧𑄢𑄧 𑄛𑄮 𑄃𑄧𑄚𑄳𑄠𑄧 𑄌𑄉𑄪𑄢𑄨 𑄖𑄢𑄴 𑄉𑄧𑄖𑄴 𑄖𑄬 𑄇𑄬𑄎𑄚𑄴 𑄇𑄬𑄎𑄚𑄴 𑄣𑄉𑄬।,.মাছের ছেলে ও কুকুর তার জন্য কান্না করতেছে
𑄇𑄇𑄴𑄈𑄧𑄚𑄧𑄖𑄴𑄖𑄬 𑄃𑄬𑄇𑄴𑄇𑄚𑄴 𑄌𑄉𑄪𑄢𑄨 𑄛𑄬𑄣𑄬 𑄦𑄧𑄠𑄴।,হঠাৎ করে একটি কুকুর পেলে হ
"𑄖𑄬 𑄞𑄝𑄬 𑄥𑄨𑄠𑄚𑄴𑄘𑄮𑄃𑄨 𑄃𑄟𑄧𑄚𑄧𑄢𑄬 𑄥𑄎𑄬𑄝𑄢𑄴, 𑄉𑄪𑄎𑄬𑄝𑄢𑄴 𑄎𑄪 𑄛𑄬𑄝𑄧।","সে ভাবে সে আমাকে সাজাবে,জুার সুযোগ পাবে"
𑄜𑄧𑄢𑄈𑄪𑄣𑄧 𑄃𑄬𑄇𑄴𑄘𑄨𑄚𑄴 𑄜𑄧𑄢𑄴𑄖𑄬 𑄢𑄬𑄃𑄨𑄖𑄴 𑄦𑄪𑄠𑄬।,. ফালটা একদিন ফুঁে রাত হেছে
𑄥𑄨𑄚𑄳𑄠𑄬 𑄃𑄬𑄇𑄴𑄇𑄚𑄴 𑄃𑄣𑄮𑄌𑄧𑄚 𑄃𑄧𑄚𑄪𑄥𑄴𑄒𑄚𑄴 𑄃𑄬𑄣𑄧।,সিিটা একটু আলোচনা করতেছে
𑄥𑄨𑄠𑄚𑄴 𑄗𑄪𑄟𑄴 𑄦𑄧𑄘𑄬 𑄢𑄬𑄃𑄨𑄖𑄴 𑄥𑄢𑄬 𑄃𑄑𑄴 𑄑 𑄇𑄧𑄇𑄴𑄇𑄬 𑄝𑄌𑄳𑄠𑄬 𑄦𑄪𑄌𑄴 𑄚𑄧 𑄃𑄬𑄣𑄧।,.সেটা শেষ হে রাতে প্রায় আট টা বেজে গেল
𑄖𑄪𑄋𑄴𑄛𑄪𑄘𑄨𑄘𑄊𑄨 𑄊𑄧𑄢𑄧𑄖𑄴 𑄡𑄬𑄇𑄳𑄠𑄬 𑄜𑄨𑄢𑄨𑄣𑄧 𑄚𑄧- 𑄝𑄮 𑄝𑄏𑄬𑄢𑄴।,তুংপুদিবাি বািতে যে ফিরেনা-ব বাজাচ্ছে
𑄌𑄠𑄴 𑄘𑄬 𑄖𑄪𑄋𑄴𑄛𑄪𑄘𑄨 𑄣𑄪𑄋𑄨 𑄖𑄟𑄴𑄟𑄣𑄮𑄃𑄨 𑄉𑄧𑄛𑄴 𑄟𑄢𑄬𑄢𑄴।,চাা দিে হাত দিে গল্প মারে
𑄖𑄢𑄬 𑄘𑄬‘𑄚𑄬 𑄖𑄪𑄋𑄴 𑄛𑄪𑄘𑄨 𑄢𑄨𑄚𑄨 𑄌𑄬𑄃𑄨 𑄇𑄧𑄣𑄧 𑄪 𑄃𑄃𑄨𑄠𑄬 𑄏𑄘𑄨 𑄃𑄬𑄣𑄬?,তাকে দেে তুং পুং করে কে ঝাকিে আসলো?
𑄃𑄧𑄚𑄪𑄥𑄴𑄒𑄚𑄴 𑄃𑄬𑄣𑄧𑄘𑄬।,অনুসঠান আসলো
𑄇𑄮𑄃𑄨𑄚𑄬 𑄎𑄬𑄢𑄬 𑄝𑄬𑄇𑄴𑄇𑄚𑄨 𑄞𑄋𑄨 𑄇𑄧𑄣𑄧।,.কথা বলতে বলতে সব ভেঙে গেল
𑄖𑄪𑄋𑄴𑄛𑄪𑄘𑄨 𑄟 𑄇𑄧𑄣𑄧 - 𑄡𑄧 𑄘𑄬।,তুংপুটি মা কল -যেও
𑄞𑄖𑄴 𑄈𑄧𑄉𑄮𑄃𑄨।,এক জাতী বুনো ফল
𑄃𑄟𑄨 𑄈𑄨𑄠𑄬𑄃𑄨।,আমি খোল
𑄜𑄧𑄢𑄈𑄪𑄣𑄧𑄣𑄮𑄃𑄨 𑄖𑄪𑄋𑄴𑄛𑄪𑄘𑄨 𑄞𑄖𑄴 𑄈 𑄙𑄧𑄢𑄴 𑄣𑄇𑄴।,ফোঁা দিে ভাত খাওা ভালো
𑄜𑄧𑄢𑄈𑄪𑄣𑄧 𑄖𑄪𑄋𑄴𑄛𑄪𑄘𑄨𑄢𑄬 𑄇𑄧‘𑄢𑄴 - 𑄖𑄪𑄃𑄨 𑄃𑄬𑄘𑄧𑄇𑄴𑄈𑄧𑄚𑄴 𑄇𑄨𑄠 𑄚𑄧 𑄈𑄌𑄴।,ফোঁার শব্দ করে - তুমি এখন কিছুই খাচ্ছো না
𑄖𑄪𑄋𑄴𑄛𑄪𑄘𑄨 𑄇𑄧‘𑄢𑄴 - 𑄉𑄘𑄧𑄣𑄪𑄋𑄴𑄴।,তুংপুটি কা-গাদা
𑄃𑄬𑄚𑄬 𑄃𑄬𑄚𑄬 𑄖𑄪𑄃𑄨 𑄣𑄪𑄋𑄨𑄣𑄬𑄉𑄨।,এনে এনে তোমরা লুলিে যাও
𑄜𑄧𑄢𑄈𑄪𑄣𑄧 𑄚𑄧 𑄟𑄙𑄨 𑄢𑄃𑄣𑄧।,.আবর্জনাগুলো নাাচাা করতেছে
"𑄞𑄖𑄴 𑄈𑄢𑄴, 𑄖𑄪𑄋𑄴𑄛𑄪𑄘𑄨𑄃𑄮 𑄈𑄢𑄴।","ভাত খাওা, তুংপুটি খাওা"
𑄖𑄪𑄋𑄴𑄛𑄪𑄘𑄨 𑄌𑄪𑄝𑄬 𑄌𑄪𑄝𑄬 𑄇𑄧‘𑄢𑄴 - 𑄃𑄪𑄥𑄨𑄋𑄧 𑄢𑄉𑄴 𑄎𑄪𑄢𑄬 𑄘𑄨𑄌𑄴𑄌𑄮𑄃𑄨।,তুংপুং করে কল -উসিঙ রাগ জুে দে
𑄇𑄧𑄟𑄴𑄝 𑄢𑄉𑄴 𑄖𑄪𑄣𑄨 𑄘𑄮𑄌𑄴।,কত রাগ তুলে দাও
𑄜𑄧𑄢𑄈𑄪𑄣𑄧 𑄎𑄚𑄬 𑄃𑄪𑄥𑄨𑄋𑄬 𑄢𑄉𑄴 𑄦𑄮𑄃𑄨 𑄗𑄬𑄝𑄧।,. ফোঁাগুলো পানিতে পে থাকবে।
𑄜𑄧𑄢𑄈𑄪𑄣𑄧 𑄎𑄚𑄬 𑄥𑄨𑄠𑄚𑄴 𑄖𑄬𑄠𑄮 𑄚𑄧 𑄌𑄠𑄴।,.পাহাে ফোঁা যা সেটা সে চা না
𑄖𑄪𑄋𑄴𑄛𑄪𑄘𑄨 𑄇𑄧𑄙𑄠𑄚𑄴 𑄃𑄧𑄚𑄴𑄎𑄪𑄢𑄴 𑄇𑄚𑄧𑄖𑄴 𑄝𑄏 𑄙𑄧𑄎𑄳𑄠।,তুংপুটি কথা গুলো কানে লেগে আছে
𑄜𑄧𑄢𑄈𑄪𑄣𑄧𑄢𑄴 𑄃𑄬𑄃𑄨 𑄥𑄬𑄃𑄨 𑄞𑄬𑄘𑄬𑄢𑄴 𑄥𑄬𑄘𑄬𑄢𑄴 𑄚 𑄚 𑄇𑄧𑄙 𑄟𑄧𑄚𑄧𑄖𑄴 𑄃𑄪𑄙𑄧 𑄙𑄧𑄎𑄳𑄠।,. ফরাকলের এই ভেদটা না না কথা মনে পে
𑄖𑄬 𑄇𑄨 𑄉𑄧𑄢𑄨𑄝𑄧 𑄞𑄝𑄨 𑄞𑄝𑄨 𑄖𑄢𑄖𑄧𑄋𑄧𑄢 𑄞𑄖𑄴 𑄞𑄬𑄃𑄨 𑄈𑄬𑄃𑄨 𑄥𑄨𑄋𑄮𑄝𑄖𑄴 𑄝𑄮𑄃𑄨 𑄢𑄧𑄣𑄧।,সে কি গরিব মনে করে তাদের ভাতগুলো গুো করে খেে নিল
𑄖𑄪𑄋𑄴𑄛𑄪𑄘𑄨 𑄃𑄬𑄃𑄨𑄚𑄬 𑄖𑄢𑄬 𑄃𑄬𑄇𑄴𑄇 𑄃𑄬𑄇𑄴𑄇 𑄢𑄨𑄚𑄨 𑄌𑄬𑄃𑄨 𑄦𑄏 𑄙𑄧𑄢𑄴𑄣𑄧।,তুংপুি এসে তাকে একটু বাঁকা করে দেখল
𑄝𑄪𑄏𑄨𑄣𑄧 𑄜𑄧𑄢𑄈𑄪𑄣𑄧𑄢𑄬 𑄃𑄨𑄇𑄴𑄇𑄪 𑄃𑄬𑄃𑄨 𑄥𑄬𑄃𑄨 𑄇𑄧𑄣𑄬 - 𑄃𑄉𑄪𑄚𑄮𑄖𑄴 𑄊𑄨 𑄔𑄣𑄚 𑄦𑄧𑄝𑄧।,.মনে হ ফোঁাটাকে একটা এই সেই বলে- আগুনে ঘি ফেলা হবে।
𑄖𑄬 𑄚𑄧 𑄟𑄙𑄨 𑄢𑄧𑄣𑄧।,সে মাথা নিচু করল
𑄜𑄧𑄢𑄈𑄪𑄣𑄧 𑄟𑄳𑄦𑄬𑄖𑄴 𑄛𑄬𑄣𑄧 𑄎𑄨𑄋𑄴𑄇𑄚𑄨𑄢𑄴 𑄘𑄨𑄊𑄮𑄣𑄴 𑄛𑄧𑄙𑄧𑄖𑄴 𑄜𑄧𑄢𑄈𑄪𑄣𑄧𑄢𑄴 𑄈𑄪𑄌𑄴 𑄝𑄢𑄚𑄨 𑄃𑄢𑄴𑄉𑄚𑄨 𑄖𑄢𑄴 𑄦𑄪𑄠𑄬।,. ফালটি মাটিতে পে যা এমন ব জিনিস তার হেছে
𑄌𑄉𑄪𑄢𑄨 𑄛𑄬𑄣𑄬 𑄃𑄨𑄠𑄚𑄨 𑄚𑄧 𑄗𑄬𑄝𑄧 𑄃𑄢𑄴।,শ্রমিক পেলে এগুলো আর থাকবে না
𑄞𑄣𑄧𑄇𑄴𑄈𑄧𑄚𑄴 𑄟𑄳𑄦𑄧 𑄦𑄮𑄃𑄨 𑄗𑄬𑄃𑄨 𑄖𑄪𑄋𑄴𑄛𑄪𑄘𑄨𑄢𑄬 𑄜𑄧𑄢𑄈𑄪𑄣𑄧 𑄇𑄧𑄣𑄧 - 𑄌𑄉𑄪𑄢𑄨 𑄛𑄧𑄢𑄨𑄇𑄴𑄈𑄬𑄖𑄴 𑄖𑄬 𑄃𑄬𑄝𑄢𑄧𑄖𑄴 𑄔𑄉𑄖𑄴 𑄡𑄬𑄝𑄢𑄴 𑄎𑄪 𑄦𑄧𑄝𑄧 𑄘𑄬।,.কিছুক্ষণ পর পর তুংপুংকে ফরা করল -চামা পরীক্ষা সে এবার পরীক্ষা যেতে পারবে
𑄇𑄨 𑄌𑄉𑄪𑄢𑄨?,কি চিটিংবাজ?
𑄖𑄪𑄋𑄴𑄛𑄪𑄘𑄨 𑄜𑄧𑄢𑄈𑄪𑄣𑄧𑄖𑄴𑄖𑄪𑄚𑄴 𑄎𑄚𑄨𑄝𑄢𑄴 𑄌𑄬𑄣𑄧।,তুংপুি ফোঁা থেকে বের হওা যা
𑄦𑄃𑄨 𑄃𑄨𑄥𑄴𑄇𑄪𑄣𑄧 𑄟𑄌𑄴𑄖𑄧𑄢𑄨।,এক জাতী মাছ
"𑄃, 𑄖𑄪𑄃𑄨 𑄇𑄧𑄣𑄬𑄎𑄧𑄖𑄴 𑄚𑄧 𑄥𑄧𑄟𑄬𑄝𑄬।","আা, তুমি স্কুলে যেতে পারবে না"
𑄖𑄪𑄋𑄴𑄛𑄪𑄘𑄨 𑄜𑄧𑄢𑄈𑄪𑄣𑄧𑄢𑄬 𑄢𑄨𑄚𑄨 𑄌𑄬𑄃𑄨 𑄎𑄚𑄴𑄘𑄧 𑄌𑄠𑄴।,তুংপুটি ফালকে দেখে চলে যাওা
𑄉𑄨 𑄥𑄨𑄠𑄚𑄴 𑄘𑄧 𑄗𑄬𑄝𑄧𑄠𑄮𑄃𑄨।,গিে সেটা তো থাকবে
𑄜𑄧𑄢𑄈𑄪𑄣𑄧 𑄖𑄪𑄋𑄴𑄛𑄪𑄘𑄨𑄢𑄬 𑄥𑄪𑄚𑄮𑄠𑄴।,ফোঁা বা ফোঁার শব্দ
𑄖𑄪𑄋𑄴 𑄛𑄪𑄘𑄨 𑄚𑄧 𑄟𑄙𑄨 𑄗𑄠𑄴।,পাহাের পাশে পাহা থাকে না
𑄖𑄢𑄴 𑄘𑄨 𑄌𑄮𑄊𑄮𑄖𑄴 𑄊𑄪𑄟𑄧 𑄝𑄨𑄌𑄴।,তার চোখে ঘুম পা
𑄊𑄪𑄟𑄬 𑄟𑄢𑄨 𑄃𑄚𑄬𑄢𑄴 ।,ঘুম থেকে তুলে নিে আসে
"𑄜𑄧𑄢𑄈𑄪𑄣𑄧, 𑄞𑄖𑄴 𑄈𑄬𑄃𑄨 𑄥𑄨𑄋𑄮𑄝𑄖𑄴 𑄃𑄬𑄎𑄬।",".ফরাক, ভাত খেে সেখানে আসে"
𑄖𑄪𑄋𑄴𑄛𑄪𑄘𑄨 𑄘𑄖𑄴 𑄘𑄧𑄣𑄨 𑄉𑄪𑄘𑄨𑄖𑄴 𑄡𑄠𑄴।,তুংপুং হাত দিে ভিতরে যাওা
𑄜𑄧𑄢𑄈𑄪𑄣𑄧 𑄉𑄃𑄨 𑄉𑄃𑄨 𑄥𑄨𑄋𑄮𑄝𑄖𑄴 𑄝𑄮𑄃𑄨 𑄃𑄊𑄬।,ফোঁাযুক্ত একা একা বেঞ্চে বসে আছে
𑄟𑄪𑄎𑄪𑄋𑄬 𑄇𑄬𑄚𑄬 𑄃𑄪𑄎𑄬 𑄡𑄬𑄝𑄧 - 𑄚𑄣𑄴 𑄖𑄧𑄉𑄃𑄨।,পাহাে কীভাবে উঠে যাবে-নাল খুঁজতে
𑄃𑄧𑄇𑄪𑄣𑄴 𑄘𑄧𑄎𑄳𑄠𑄖𑄴 𑄥𑄎𑄪𑄢𑄨 𑄥𑄎𑄪𑄢𑄨 𑄇𑄪𑄣𑄮𑄖𑄴 𑄣𑄪𑄋𑄨𑄝𑄢𑄴 𑄛𑄧𑄗𑄴 𑄖𑄧𑄉𑄠𑄴।,.অকুল দুজে একা একা কুে পে যাওা যা
𑄷𑄺.,"১,১৪"
𑄖𑄪𑄋𑄴𑄛𑄪𑄘𑄨 𑄔𑄉𑄖𑄴 𑄜𑄨𑄢𑄨 𑄉𑄬𑄣𑄬 𑄜𑄧𑄢𑄈𑄪𑄣𑄧 𑄟𑄧𑄚𑄚𑄴 𑄛𑄘𑄧𑄣𑄴 𑄦𑄮𑄃𑄨 𑄙𑄧𑄢𑄴𑄣𑄧।,তুংপুি সৈকতে ফিরে গেলে মনটা পাতলা হে ধরলো
𑄖𑄪𑄋𑄴 𑄛𑄪𑄘𑄨 𑄇𑄧𑄙 𑄥𑄪𑄚𑄨 𑄚𑄬 𑄃𑄪𑄥𑄨𑄋𑄧 𑄢𑄉𑄧 𑄖𑄪𑄢𑄴𑄠𑄚𑄴 𑄃𑄬𑄇𑄴𑄇 𑄛𑄚𑄴𑄎 𑄦𑄧𑄝𑄧।,তুং পুং কথা শুনে উসিঙ রাগটা একটু পাওা যাবে
𑄥𑄨𑄠𑄚𑄨 𑄞𑄝𑄨 𑄞𑄝𑄨 𑄟𑄧𑄚𑄚𑄧𑄢𑄬 𑄛𑄥𑄚𑄴 𑄉𑄧𑄢𑄬।,সেগুলো চিন্তা করে মনে পে
𑄖 𑄟𑄧𑄚𑄚𑄴 𑄃𑄟𑄨𑄎 𑄖𑄨𑄢𑄏𑄨 𑄇𑄧𑄟𑄧𑄣𑄬 𑄌𑄉𑄪𑄢𑄨 𑄌𑄨𑄘𑄨 𑄣𑄪𑄋𑄨𑄝𑄧𑄉𑄨।,তার মনটা হঠাৎ করে চূা পলো
𑄃𑄬𑄇𑄴𑄘𑄨𑄚𑄴 𑄝𑄬𑄣𑄳𑄠𑄬 𑄟𑄙𑄚𑄴।,একদিন সূর্য ডোবার সম
𑄚𑄨𑄉𑄨𑄣𑄨𑄚𑄬 𑄛𑄬𑄛𑄢𑄴 𑄢𑄨𑄚𑄨 𑄌𑄬𑄝𑄧𑄉𑄮𑄃𑄨 𑄞𑄝𑄬𑄢𑄴।,.নিচে কাগজ নিে তাকিে আছে।
𑄃𑄘𑄬𑄈𑄳𑄠𑄬𑄉𑄧𑄢𑄨 𑄓𑄇𑄴 𑄛𑄨𑄠𑄮𑄚𑄴𑄚𑄮 𑄃𑄬𑄃𑄨 𑄖𑄪𑄋𑄴𑄛𑄪𑄘𑄨𑄘𑄊𑄨 𑄊𑄧𑄢𑄧𑄖𑄴 𑄌𑄨𑄘𑄨𑄠𑄚𑄴 𑄘𑄨 𑄉𑄬𑄣𑄧।,.আকাশের ডাক পে এই বািটা চিটিংবাজ করে দিল
𑄜𑄧𑄢𑄈𑄪𑄣𑄧 𑄈𑄪𑄣𑄨 𑄌𑄠𑄴 𑄘𑄬 𑄖 𑄟𑄌𑄴𑄖𑄧𑄢𑄨 𑄌𑄉𑄪𑄢𑄨𑄢𑄴 𑄛𑄧𑄢𑄨𑄇𑄴𑄈𑄬 𑄌𑄨𑄘𑄨।,.পাহািটা খুলে দেখ তো তার কুকুরটার পরীক্ষা
𑄌𑄨𑄘𑄨𑄠𑄚𑄴 𑄛𑄮𑄣𑄳𑄠𑄬 𑄘𑄬𑄚𑄬𑄃𑄨 𑄟𑄧𑄚𑄚𑄴 𑄦𑄪𑄌𑄴𑄌𑄮 𑄦𑄧𑄣𑄧।,চিটিংবাজ লোক দুইটা মনের মতো হেছে
𑄎𑄬𑄢𑄬 𑄟𑄙𑄬𑄃𑄨 𑄙𑄨𑄟𑄙𑄨𑄟 𑄦𑄧𑄣𑄧।,তাাতাি হলো
"𑄖 𑄛𑄧𑄢𑄨𑄇𑄴𑄈𑄬 𑄔𑄉𑄖𑄴 𑄚𑄧𑄠𑄴, 𑄌𑄘𑄨𑄉𑄋𑄴।","তার পরীক্ষা পাশেও না,কাছেও না"
"𑄌𑄨𑄘𑄨𑄠𑄚𑄴 𑄘𑄨 𑄖𑄨𑄚𑄴 𑄝𑄢𑄴 𑄟𑄙𑄬𑄃𑄨, 𑄗𑄧𑄣𑄧।","চিটিংটা দুই তিন বার করতেছে,থাকলো"
𑄡𑄨𑄠𑄚𑄴 𑄞𑄛𑄳𑄠𑄬 𑄦𑄪𑄠𑄬 𑄃𑄢𑄬𑄇𑄴𑄇𑄚𑄴।,.যেটা ভাপা হেছে একটু
𑄜𑄧𑄢𑄈𑄪𑄣𑄧 𑄟𑄧𑄚𑄚𑄴 𑄖𑄮 𑄝𑄪𑄌𑄴 𑄟𑄚𑄨𑄣𑄧 - 𑄎𑄨𑄚𑄨 𑄌𑄉𑄪𑄢𑄨𑄠𑄚𑄴 𑄦𑄧𑄠𑄴।,. ফরাখুল মন তো বুদ্ধ মানি - যা চামা হ
𑄌𑄘𑄨𑄉𑄋𑄴 𑄛𑄧𑄢𑄨𑄇𑄴 𑄈𑄬 𑄘𑄨 𑄃𑄢𑄧 𑄢𑄋𑄟𑄖𑄳𑄠𑄬 𑄜𑄨𑄢𑄨𑄣𑄧।,চাদিগা হোঁচট খেে আবার রাঙামাটিতে ফিরে গেল
𑄔𑄉𑄖𑄴𑄖𑄪𑄚𑄴 𑄜𑄨𑄎𑄳𑄠𑄬 𑄘𑄬𑄢𑄴 𑄝𑄧𑄏𑄧𑄢𑄴 𑄦𑄧𑄢𑄴।,.আকাশ থেকে বৃষ্টি পে যাচ্ছে
𑄥𑄣𑄬 𑄘𑄨 𑄃𑄬𑄇𑄴 𑄘𑄨𑄚𑄧 𑄞𑄨𑄘𑄨𑄢𑄬 𑄡𑄚 𑄚𑄧 𑄦𑄧𑄝𑄧 𑄃𑄢𑄴।,.সে দুই এক দিনও বেঁচে থাকবে না
𑄞𑄝𑄬𑄢𑄴 𑄃𑄬 𑄞𑄨𑄘𑄨𑄢𑄬 𑄃𑄪𑄥𑄨𑄋𑄧𑄢𑄴 𑄟𑄥𑄴𑄑𑄢𑄴𑄥𑄴 𑄛𑄧𑄢𑄨𑄇𑄴𑄈𑄬 𑄦𑄧𑄣𑄬 𑄛𑄪𑄢𑄴 𑄛𑄧𑄎𑄳𑄠𑄬।,মনে হ এই ঘরটি উপর্যুপরি মাস্টার্স পেছে
𑄖𑄢𑄬 𑄃𑄪𑄥𑄨𑄋𑄬 𑄃𑄢𑄧 𑄢𑄉𑄴 𑄦𑄧𑄝𑄧 𑄃𑄨𑄠𑄚𑄨 𑄃𑄟𑄨𑄎 𑄟𑄧𑄚𑄧𑄖𑄴 𑄃𑄪𑄙𑄬 𑄃 𑄣𑄟𑄬।,তাকে উপরে আর রাগ হবে এগুলো আমি মনে পে
𑄛𑄧𑄖𑄳𑄢𑄨𑄇 𑄇𑄪𑄚𑄮𑄖𑄴 𑄌𑄉𑄪𑄢𑄨 𑄘𑄨𑄏𑄬 𑄟𑄇𑄳𑄠𑄬 𑄖𑄮𑄉𑄬𑄃𑄨 𑄚𑄧 𑄛𑄠𑄴।,.পত্রিকার কোথাও চামা দিে চামা দো যা না
𑄌𑄉𑄪𑄢𑄨 𑄖𑄧𑄉𑄘𑄬 𑄎𑄧𑄘 - 𑄥𑄬𑄚𑄴𑄘𑄬𑄣𑄴 𑄞𑄨𑄣𑄬 𑄈𑄧𑄠𑄴 𑄡𑄠𑄴 𑄥𑄨𑄠𑄚𑄴 𑄃𑄨𑄇𑄴𑄇𑄪 𑄈𑄧𑄢𑄬 𑄈𑄧𑄢𑄬 𑄝𑄪𑄏𑄬𑄢𑄴।,কুকুরটা তাাতাি বের হে যা সেটা একজন ভালো করে বোঝে
𑄃𑄬 𑄞𑄨𑄘𑄨𑄢𑄬 𑄓𑄇𑄴 𑄛𑄨𑄠𑄮𑄚𑄴 𑄚𑄮𑄣𑄮𑄃𑄨 𑄖𑄢𑄴 𑄝𑄧𑄚𑄴 𑄎𑄪𑄢𑄧 𑄛𑄧𑄢𑄴𑄣𑄧।,এই পৃথিবীতে ডাক পিঁপা করলে তার ভ পলো
"𑄜𑄧𑄢𑄈𑄪𑄣𑄧 𑄓𑄇𑄴 𑄛𑄨𑄠𑄮𑄚𑄴 𑄚𑄧𑄢𑄬 𑄛𑄪𑄏𑄢𑄴 𑄉𑄧𑄖𑄴𑄖𑄧, 𑄇𑄧𑄘𑄧 - 𑄟𑄧𑄢𑄴 𑄌𑄨𑄘𑄨 𑄃𑄬𑄣𑄬 𑄦𑄘𑄬 𑄦𑄘𑄬 𑄘𑄨𑄌𑄴।",". ফরাকলের ডাক পতেছে,বলতে - আমার ছোট বোন এলে তাাতাি দাও"
𑄃𑄧𑄇𑄴𑄖𑄧 𑄃𑄧𑄇𑄴𑄖𑄧 𑄓𑄇𑄴 𑄊𑄧𑄢𑄧𑄖𑄴 𑄌𑄨𑄘𑄨 𑄘𑄬 𑄡𑄬𑄘𑄧।,.অতিরিক্ত ডাক বািতে দো
𑄥𑄬𑄚𑄬 𑄓𑄇𑄴 𑄛𑄪𑄠𑄮𑄚𑄴𑄚𑄪𑄚𑄴 𑄖𑄢𑄴 𑄌𑄨𑄚𑄴𑄛𑄧𑄌𑄴𑄎𑄧।,সে ডাক পুোটা তার মনে পে
𑄈𑄣𑄨𑄇𑄴 𑄃𑄪𑄥𑄨𑄋𑄧𑄢𑄬 𑄇𑄧𑄚𑄧 𑄌𑄨𑄘𑄨 𑄚𑄧 𑄣𑄬𑄊𑄬।,.খাওার উপরে কোনো চিটিংবাজ নেই।
𑄜𑄧𑄢𑄈𑄪𑄣𑄧 𑄞𑄝𑄨𑄘𑄧 - 𑄎𑄧𑄚𑄨 𑄇𑄧𑄚𑄧𑄎𑄧𑄚𑄬 𑄈𑄪𑄣𑄨 𑄌𑄚𑄴 𑄉𑄪𑄟𑄮𑄢𑄴 𑄚𑄧 𑄗𑄬𑄝𑄧।,.ফসলের ভাবি -স্বামী-স্ত্রী একসাথে থাকবে না
𑄃𑄬𑄇𑄴 𑄘𑄨𑄚𑄴 𑄝𑄧𑄚𑄧𑄢𑄪𑄝𑄧 𑄝𑄎𑄢𑄧𑄖𑄴𑄖𑄪𑄚𑄴 𑄛𑄇𑄴𑄇 𑄛𑄧𑄗𑄴 𑄙𑄧𑄢𑄨 𑄦𑄘 𑄙𑄧𑄏𑄳𑄠।,এক দিন বনরুব বাজার থেকে পাকা পথ ধরে হেঁটে যাচ্ছে
𑄘𑄧𑄊𑄨𑄚𑄬𑄘𑄨 𑄇𑄧𑄖𑄴𑄖𑄪𑄢𑄴 𑄦𑄘𑄨 𑄃𑄪𑄣𑄴𑄣𑄮 𑄜𑄨𑄢𑄴𑄣𑄧।,দক্ষিণ দিকে কচ্ছপরা ঘুরে বো
𑄃𑄪𑄖𑄴𑄖𑄧𑄢𑄴 𑄟𑄧𑄇𑄳𑄠𑄬 𑄦𑄘 𑄙𑄧𑄎𑄳𑄠।,.উত্তর মলা পাা
𑄇𑄧𑄖𑄴𑄘𑄪𑄢𑄴 𑄃𑄬𑄃𑄨𑄚𑄬 𑄢𑄨𑄚𑄨 𑄌𑄠𑄴𑄘𑄬 𑄓𑄇𑄴 𑄛𑄨𑄠𑄮𑄚𑄴𑄚𑄮।,কত ব আসা যাওা করে ডাক পেছে
𑄖𑄢𑄴 𑄌𑄨𑄘𑄨 𑄇𑄮𑄃𑄨𑄚𑄬 - 𑄓𑄇𑄴 𑄛𑄨𑄠𑄮𑄚𑄴 𑄚𑄮 𑄌𑄨𑄘𑄨𑄠𑄚𑄴 𑄦𑄘𑄧𑄖𑄴 𑄉𑄧𑄎𑄬 𑄘𑄨𑄣𑄧।,তার ছোট ভাই-বোনের ডাক না খেে হাত দিে দিল
𑄌𑄨𑄘𑄨𑄠𑄚𑄴 𑄟𑄬𑄣𑄨 𑄌𑄠𑄴 𑄘𑄬 𑄘𑄧𑄥𑄴 𑄘𑄨𑄚𑄧 𑄞𑄨𑄘𑄨𑄢𑄬 𑄡 𑄛𑄧𑄢𑄨𑄝𑄧।,চিটিংবাজটা মেেকে দিে দশ দিন ঘুরতে হবে
𑄝𑄚𑄴𑄘𑄧𑄢𑄴𑄝𑄚𑄴 𑄃𑄨𑄥𑄴𑄇𑄪𑄣𑄴।,বানরটা স্কুল
𑄇𑄨 𑄉𑄧𑄢𑄨𑄝𑄧 𑄞𑄝𑄨 𑄚𑄧 𑄛𑄢𑄴।,কি গরীব ভাবতে পারি না
𑄓𑄇𑄴 𑄛𑄨𑄠𑄮𑄚𑄧𑄢𑄬 𑄇𑄧𑄠𑄴 𑄘𑄬 - 𑄃𑄠𑄴 𑄌 𑄈𑄬𑄃𑄨।,ডাকপিালকে বলে দাও-সে চা খেে
𑄘𑄨𑄎𑄧𑄚𑄬 𑄘𑄧𑄉𑄚𑄧𑄖𑄴 𑄥𑄧𑄟𑄬 𑄌 𑄈𑄬𑄣𑄇𑄴।,দুইজনে একসাথে চা খেলো
𑄜𑄧𑄢𑄈𑄪𑄣𑄧 𑄟𑄧𑄚𑄬 𑄟𑄧𑄚𑄬 𑄞𑄝 𑄙𑄧𑄎𑄳𑄠 - 𑄇𑄨 𑄉𑄨𑄢𑄨𑄝𑄧।,. ফোঁাগুলো মনে পে কী হবে?
𑄌 𑄈𑄬𑄃𑄨 𑄊𑄧𑄢𑄧𑄖𑄴 𑄜𑄨𑄢𑄨 𑄃𑄬𑄣𑄧।,চা খেে বািতে ফিরে আসলো
𑄛𑄨𑄏𑄬𑄃𑄨𑄘𑄊𑄨𑄢𑄬 𑄇𑄮𑄟𑄴 𑄚𑄨 𑄚𑄧 𑄇𑄮𑄟𑄴 - 𑄞𑄝𑄬𑄢𑄴।,পিসেমশাইকে বলবেন না-ভাববো
𑄝𑄨𑄌𑄴𑄌𑄮𑄚𑄧𑄖𑄴 𑄛𑄧𑄢𑄨 𑄌𑄨𑄘𑄨𑄠𑄚𑄴 𑄊𑄧𑄚𑄧 𑄊𑄧𑄚𑄧 𑄈𑄪𑄣𑄨 𑄌𑄢𑄴।,বিছানা পিে পিেছে
𑄟𑄧𑄚𑄚𑄴 𑄚𑄧 𑄃𑄇𑄴𑄇𑄮𑄃𑄨।,মনের মিল না হওা
𑄝𑄬𑄣𑄳𑄠𑄬 𑄖𑄪𑄋𑄴𑄛𑄪𑄘𑄨 𑄟𑄢𑄬 𑄇𑄧𑄙𑄠𑄚𑄴 𑄟𑄬𑄣𑄨𑄣𑄧।,সূর্য ডোবার সম কথা গুলো মিললো
𑄖𑄪𑄋𑄴𑄛𑄪𑄘𑄨 𑄟 𑄇𑄧𑄣𑄧 - 𑄃𑄉𑄬 𑄙𑄧𑄢𑄨𑄣𑄧।,তুংপুটি মা কল -আগে ধরলো
𑄜𑄧𑄢𑄈𑄪𑄣𑄧𑄢𑄴 𑄘𑄨 𑄖𑄨𑄚𑄴 𑄘𑄨𑄚𑄴 𑄟𑄧𑄚𑄴 𑄉𑄮𑄢𑄴 𑄉𑄧𑄢𑄨 𑄢𑄧𑄣𑄧।,. ফালটা দুই দিন মন ভালো করে রাখল
𑄖 𑄛𑄨𑄏𑄬𑄃𑄨 𑄖𑄪𑄋𑄴𑄛𑄪𑄘𑄨 𑄟𑄢𑄴 𑄃𑄬𑄇𑄴𑄇𑄚𑄴 𑄇𑄧𑄙 - 𑄟𑄪𑄎𑄪𑄋𑄮𑄖𑄴 𑄡𑄨𑄠𑄚𑄴 𑄛𑄧𑄢𑄬 𑄥𑄨𑄠𑄚𑄴 𑄙𑄧𑄢𑄨𑄣𑄧।,তার পেছনে আঙুল দিে একটা কথা - পাহাে যেটা পরে সেটা ধরলো
𑄜𑄧𑄢𑄈𑄪𑄣𑄧𑄢𑄴 𑄖𑄪𑄋𑄴𑄛𑄪𑄘𑄨 𑄟 𑄇𑄧𑄙𑄠𑄚𑄴 𑄇𑄧𑄙𑄠𑄚𑄴 𑄌𑄨𑄉𑄪𑄖𑄴 𑄌𑄨𑄉𑄪𑄖𑄴𑄉𑄧𑄢𑄨 𑄃𑄧𑄚𑄴𑄎𑄪𑄢𑄴 𑄝𑄨𑄚𑄳𑄠𑄬 𑄙𑄧𑄎𑄳𑄠𑄬।,ফানুসের তুংপুং কথা গুলো ছোট ছোট করে বলা হ
"𑄃𑄨𑄚𑄴𑄘𑄨 𑄝𑄚𑄴𑄘𑄧𑄢𑄴𑄝𑄚𑄴 𑄉𑄬𑄣𑄬 𑄃𑄪𑄥𑄨𑄋𑄧 𑄝𑄝𑄴, 𑄃𑄬𑄢𑄝𑄬𑄢𑄣𑄮𑄃𑄨 𑄘𑄬𑄊𑄘𑄬𑄊𑄨 𑄦𑄧𑄣𑄬 𑄇𑄨 𑄇𑄧𑄚𑄴 - 𑄥𑄨𑄠𑄚𑄴 𑄞𑄝𑄨𑄣𑄬 𑄜𑄧𑄢𑄈𑄪𑄣𑄧 𑄟𑄧𑄚𑄚𑄴 𑄃𑄢𑄧 𑄝𑄬𑄌𑄴 𑄌𑄨𑄉𑄪𑄖𑄴𑄉𑄧𑄢𑄨 𑄃𑄪𑄙𑄬।","এখানে বান্দরটা গেলে উসিঙ বাঁশ,আালে দেখা যা,সেটা চিন্তা করলে মন আরও ছোট হ"
"𑄃𑄪𑄚𑄴𑄘𑄨 𑄃𑄪𑄥𑄨𑄋𑄧 𑄟𑄝𑄮 𑄖𑄢𑄬 𑄌𑄨𑄚𑄬, 𑄇𑄮𑄌𑄴𑄛𑄠𑄴 𑄃𑄨𑄠𑄚𑄴 𑄞𑄝𑄨𑄚𑄬 𑄟𑄧𑄚𑄚𑄴 𑄃𑄬𑄇𑄴𑄇 𑄘𑄧𑄢𑄧 𑄦𑄧𑄠𑄴।","উপরের উসিঙে মাা তাকে চিনে, কোচা এইটা চিন্তা করলে মনটা একটু ভ লাগে"
𑄎𑄬𑄢𑄬 𑄥𑄢𑄴 𑄉𑄧𑄢𑄴𑄣𑄧 - 𑄡𑄬𑄝𑄧।,.অন্যরা তাাতাি করবে
𑄷𑄻.,"১,৫,৫"
𑄃𑄨𑄥𑄴 𑄇𑄪𑄣𑄧𑄖𑄴 𑄡𑄮𑄉𑄴 / 𑄘𑄬𑄚𑄉𑄮𑄃𑄨 𑄙𑄧𑄌𑄴 𑄃𑄢𑄧 𑄖𑄨𑄚𑄴 𑄘𑄨𑄚𑄴।,.আকাশে যোগ দেওা/দাওার সম আরও তিন দিন
𑄝𑄚𑄴𑄘𑄧𑄢𑄴𑄝𑄚𑄴 𑄣𑄧𑄢𑄴 𑄘𑄨𑄣𑄧।,বানরটা লা দিল
"𑄜𑄧𑄢𑄈𑄪𑄣𑄧 𑄟𑄧𑄚𑄧𑄖𑄴 𑄥𑄧𑄥𑄉𑄧𑄢𑄴 𑄌𑄨𑄙𑄬 𑄖𑄝𑄪𑄣𑄴 𑄃𑄪𑄖𑄴𑄖𑄧𑄚𑄴, 𑄟𑄧𑄚𑄧𑄖𑄴 𑄝𑄢𑄨 𑄘𑄬𑄘𑄧𑄚𑄴।",". ফরাখোল মনে অনেক ছোট বুদবুদ উঠছে, মনে বারি দে"
𑄃𑄉𑄬𑄘𑄨 𑄃𑄬𑄇𑄴𑄝𑄢𑄴 𑄉𑄧𑄢𑄨 𑄝𑄚𑄴𑄘𑄧𑄢𑄴𑄝𑄚𑄴 𑄡𑄨𑄠𑄬।,একা একা বানরটা যা
𑄥𑄨𑄘𑄪 𑄌𑄉𑄪𑄢𑄨𑄝𑄧𑄣 𑄘𑄨 𑄃𑄬𑄇𑄴 𑄎𑄧𑄚𑄧𑄢𑄬 𑄝𑄚 𑄌𑄨𑄚𑄬।,.সে কুকুরটি দুইজনকে শুধু চিনে
𑄟𑄧𑄚𑄚𑄴 𑄥𑄨𑄠𑄚𑄴 𑄘𑄮𑄃𑄨 𑄛𑄥𑄚𑄴 𑄉𑄧𑄢𑄬𑄢𑄴।,মনটা তাাতাি করতেছে
𑄎𑄧𑄚𑄨 𑄇𑄧𑄚𑄧 𑄥𑄧𑄟𑄧𑄖𑄴 𑄃𑄪𑄥𑄨𑄋𑄧 𑄟𑄝𑄮𑄣𑄮𑄃𑄨 𑄘𑄬𑄊 𑄦𑄧𑄠𑄴 𑄥𑄣𑄬 𑄇𑄨 𑄉𑄧𑄢𑄨𑄝𑄧 𑄃𑄨𑄠𑄚𑄴 𑄞𑄝𑄨 𑄞𑄝𑄨 𑄝𑄏𑄧𑄖𑄴 𑄉𑄧𑄢𑄨 𑄡 𑄙𑄧𑄎𑄳𑄠।,জন কোনো সমে উসিে যাওার সমে দেখা যা
𑄝𑄬𑄣𑄳𑄠𑄬 𑄟𑄙𑄚𑄴 𑄝𑄚𑄴𑄘𑄧𑄢𑄴𑄝𑄚𑄴 𑄣𑄪𑄋𑄨𑄣𑄧𑄉𑄮𑄃𑄨।,সূর্য ডোবার সম বানরটা পেলাম
𑄃𑄪𑄙𑄨𑄣𑄧 𑄟𑄧𑄚𑄨𑄘𑄊𑄨𑄃𑄨𑄘𑄪।,এক জাতী পাখি
𑄖𑄢 𑄊𑄧𑄢𑄴 𑄃𑄮 𑄟𑄨𑄉𑄨𑄚𑄨।,তাদের বাি ও মিঠাই
𑄟𑄧𑄚𑄨 𑄖𑄢𑄬 𑄘𑄬𑄃𑄨𑄚𑄬 𑄈𑄪𑄏𑄨।,মনের মতো তাকে খুঁজতেছি
𑄟𑄧𑄚𑄨 𑄇𑄧𑄣𑄧 - 𑄗𑄇𑄴।,মনি কল - থাক
𑄎𑄬𑄢𑄬 𑄚𑄧𑄠𑄴 𑄃𑄧𑄚𑄳𑄠𑄧 𑄟𑄮𑄇𑄳𑄠𑄬 𑄃𑄪𑄙𑄨 𑄛𑄢𑄨𑄝𑄬।,মেেটা একা একা উঠতে পারবে
"𑄖𑄬𑄠𑄮 𑄉𑄃𑄨 𑄉𑄃𑄨 𑄗𑄠𑄴, 𑄃𑄧𑄇𑄴𑄖𑄧 𑄃𑄧𑄇𑄴𑄖𑄧 𑄟𑄨𑄉𑄨𑄚𑄨𑄖𑄴𑄖𑄪𑄚𑄴 𑄖 𑄟𑄮𑄇𑄴𑄛𑄮 𑄃𑄬𑄎𑄧𑄚𑄴।","সে নিজে নিজে থাকে,অতিরিক্ত মিশিে থাকে তার স্ত্রীর কাছ থেকে"
𑄖 𑄇𑄬𑄣𑄳𑄠𑄬 𑄝𑄚𑄴𑄘𑄧𑄢𑄴𑄝𑄚𑄴 𑄃𑄨𑄥𑄴𑄇𑄪𑄣𑄧𑄖𑄴 𑄡𑄬𑄃𑄨 𑄡𑄮𑄉𑄴 𑄘𑄨𑄣𑄧।,তার বানরটা স্কুলে যে যোগ দিল
𑄥𑄨𑄘𑄪 𑄌𑄨𑄚𑄴𑄛𑄧𑄌𑄴𑄎𑄧𑄉𑄪𑄚𑄬 𑄝𑄬𑄇𑄴 𑄈𑄪𑄏𑄨।,.সে চোখ বন্ধ করে সব পরিষ্কার করে
𑄟𑄧𑄚𑄨𑄣𑄮𑄃𑄨 𑄘𑄨𑄎𑄧𑄚𑄬 𑄃𑄪𑄎𑄚𑄨 𑄛𑄢 𑄝𑄥𑄖𑄴 𑄢𑄚𑄨 𑄈𑄚𑄴।,মেেগুলো উজানে পাহাের বাসা ভাত খা
𑄃𑄨𑄥𑄴𑄇𑄪𑄣𑄧 𑄇𑄬𑄢𑄚𑄨𑄝𑄮 𑄊𑄧𑄢𑄴𑄃𑄮 𑄝𑄚𑄴𑄘𑄧𑄢𑄴𑄝𑄚𑄴।,স্কুলশিক্ষিকার বািটা বানরের বাসা
𑄚𑄋𑄴 𑄟𑄧𑄋𑄴𑄗𑄪𑄃𑄨।,নািভুি
𑄖𑄣𑄴𑄣𑄮𑄃𑄨 𑄃𑄬𑄖𑄴𑄖𑄬 𑄚𑄧 𑄃𑄬𑄖𑄴𑄖𑄬 𑄜𑄧𑄢𑄈𑄪𑄣𑄧𑄣𑄮𑄃𑄨 𑄎𑄧𑄟𑄧𑄥𑄧𑄟𑄧 𑄟𑄨𑄣𑄴 𑄦𑄧𑄣𑄧।,.তার মাথা না নাাচাা করে জমজ মিল হলো।
𑄖 𑄊𑄧𑄢𑄴 𑄃𑄢𑄧 𑄘𑄪𑄢𑄮𑄖𑄴।,তার বাি আরও দূরে
𑄃𑄟𑄨𑄎 𑄃𑄨𑄥𑄴𑄇𑄪𑄣𑄧𑄖𑄴 𑄖𑄣𑄴𑄣𑄮𑄃𑄨 𑄌 𑄈𑄬𑄃𑄨 𑄈𑄬𑄃𑄨 𑄇𑄧𑄙 𑄇𑄧𑄚𑄴।,আমিজা স্কুলে তাাতাি চা খেে কথা বলি
𑄃𑄬𑄚𑄬 𑄃𑄬𑄚𑄬 𑄘𑄨𑄚𑄴 𑄉𑄧𑄋 𑄙𑄧𑄎𑄳𑄠।,. এনে এনে নদীর ধারা
"𑄘𑄨 𑄃𑄬𑄇𑄴𑄘𑄨𑄚𑄴 𑄎𑄨𑄢𑄚𑄴 𑄗𑄬𑄣𑄬 𑄘𑄢𑄮𑄖𑄴 𑄝𑄬𑄢𑄚𑄴, 𑄥𑄧𑄟𑄎𑄳𑄠𑄣𑄮𑄃𑄨 𑄉𑄧𑄛𑄴 𑄟𑄢𑄧𑄚𑄴।","দুই একদিন বিশ্রাম নেওা হলে দািে বো,সবাই মিলে গালি মারে"
𑄝𑄚𑄴𑄘𑄧𑄢𑄴𑄝𑄚𑄴 𑄃𑄬𑄥𑄳𑄠𑄬 𑄘𑄨 𑄟𑄥𑄴 𑄝𑄨𑄘𑄨 𑄡𑄋𑄴 𑄡𑄋𑄴।,বানরগুলো দুই পা দিে হেঁটে যা
𑄃𑄬𑄇𑄴𑄘𑄨𑄚𑄴 𑄝𑄬𑄚𑄳𑄠𑄬 𑄟𑄙𑄚𑄴।,এক দিন বোই মাটি
𑄖𑄬 𑄃𑄨𑄥𑄴𑄇𑄪𑄣𑄮𑄖𑄴 𑄡𑄢𑄴।,সে স্কুলে যা
𑄛𑄧𑄙𑄬 𑄛𑄧𑄙𑄬 𑄝𑄎𑄢𑄴 𑄟𑄨𑄣𑄳𑄠𑄬।,পথে পথে বাজার মেে
𑄖𑄬 𑄌𑄬𑄃𑄨 𑄌𑄬𑄃𑄨 𑄡𑄢𑄴।,সে তাাতাি যা
"𑄃𑄘𑄬𑄇𑄳𑄠𑄬𑄉𑄧𑄢𑄨 𑄃𑄪𑄥𑄨𑄋𑄧 𑄟𑄝𑄮 𑄖 𑄟𑄪𑄎𑄪𑄋𑄮𑄖𑄴, 𑄃𑄢𑄧 𑄃𑄬𑄇𑄴𑄎𑄧𑄚𑄴 𑄟𑄧𑄢𑄧𑄘𑄴।","এক জাতী উসিঙ মেে, আর একজন ছেলে"
𑄜𑄧𑄢𑄈𑄪𑄣𑄧 𑄝𑄪𑄌𑄴𑄖𑄬 𑄘𑄬𑄢𑄨 𑄚𑄧 𑄦𑄧𑄠𑄴 𑄃𑄪𑄥𑄨𑄋𑄧 𑄝𑄝𑄴𑄛𑄮।,ফোঁা বা ফোঁা উঠতে দেরি হ না
𑄝𑄢𑄴𑄟𑄨𑄥𑄴 𑄣𑄪𑄋𑄴𑄉𑄨 𑄛𑄨𑄚𑄳𑄠𑄬।,বাঁশের লুঙ্গি পরিধানকারী
𑄝𑄎𑄢𑄧 𑄏𑄧𑄣 𑄦𑄘𑄧𑄖𑄴।,বাজারের ঝাঁকা হাতে
𑄜𑄧𑄢𑄈𑄪𑄣𑄧 𑄃𑄪𑄥𑄨𑄋𑄧 𑄟𑄝𑄮𑄢𑄬 𑄃𑄳𑄦 𑄖 𑄝𑄝𑄧𑄢𑄬 𑄥𑄣𑄋𑄴 𑄉𑄧𑄢𑄴𑄣𑄧।,.ফরাকউলের উসিঙমাকে তার বাবা সালাম করল
𑄖𑄢 𑄘𑄨𑄎𑄧𑄚𑄬 𑄇𑄧𑄙 𑄇𑄪𑄃𑄨𑄇𑄨 𑄉𑄧𑄢𑄧𑄚𑄴।,তারা দুইজনে কথা বলতেছে
𑄜𑄧𑄢𑄈𑄪𑄣𑄧 𑄚𑄧 𑄝𑄪𑄏𑄬।,. ফোঁা বা ফোঁা বোঝে না এমন
𑄃𑄪𑄥𑄨𑄋𑄧 𑄝𑄝𑄴𑄛𑄮 𑄜𑄧𑄢𑄈𑄪𑄣𑄧𑄢𑄬 𑄖𑄪𑄉𑄪𑄖𑄴 𑄖𑄪𑄉𑄪𑄖𑄴 𑄢𑄨𑄚𑄨 𑄌𑄠𑄴।,উসিঙ বাঁশটাকে দৌাদৌি করে চাা
𑄜𑄧𑄢𑄈𑄪𑄣𑄧 𑄝𑄪𑄇𑄴𑄇𑄮 𑄙𑄪𑄉𑄪𑄖𑄴 𑄙𑄪𑄉𑄪𑄖𑄴 𑄉𑄧𑄢 𑄙𑄧𑄏𑄳𑄠।,. ফোঁাটা বুকে ধুধুক করতেছে
𑄌𑄮𑄊𑄮𑄣𑄬𑄎𑄧𑄚𑄴𑄘𑄨 𑄜𑄧𑄢𑄈𑄪𑄣𑄧 𑄢𑄨𑄚𑄨 𑄌𑄠𑄴।,চোখের পলক নিে তাকা
𑄃𑄪𑄥𑄨𑄋𑄧 𑄟𑄝𑄮𑄢𑄬 𑄝𑄬𑄇𑄴𑄇𑄚𑄨 𑄇𑄧𑄣𑄧।,উসিঙ মেেকে সব কলুষ বলে
"𑄝𑄚 𑄟𑄥𑄴𑄖𑄧𑄢𑄴, 𑄟𑄥𑄴𑄖𑄧𑄢𑄴 𑄥𑄨𑄠𑄚𑄴 𑄝𑄪𑄏𑄬, 𑄃𑄪𑄚𑄨 𑄖𑄢𑄴 𑄝𑄪𑄏𑄨𑄝𑄢𑄴 𑄎𑄪 𑄚𑄬𑄃𑄨।","শুধু মাা, শুধু সেটা বোঝে, সে তার বুঝবে না"
𑄇𑄨𑄠𑄬𑄌𑄴 𑄉𑄧𑄢𑄨 𑄣𑄧𑄢𑄴 𑄖𑄢𑄬 𑄚𑄨𑄚𑄬 𑄘𑄨𑄎𑄧𑄚𑄧𑄢𑄴 𑄇𑄧𑄙 𑄌𑄧𑄣𑄬𑄢𑄴।,তার জন্য দুই জন কথা বলতেছে
𑄎𑄬𑄢𑄬 𑄖𑄢𑄬 𑄘𑄮𑄎𑄧𑄧𑄚𑄬 𑄝𑄬𑄢𑄬𑄝𑄢𑄴 𑄇𑄧𑄙𑄧𑄚𑄴 ।,. ফলে তাকে দুইজনে বোচ্ছে।
𑄜𑄧𑄢𑄈𑄪𑄣𑄧 𑄟𑄧𑄚𑄚𑄴 𑄦𑄪𑄌𑄴𑄌𑄮 𑄦𑄮𑄃𑄨 𑄃𑄪𑄙𑄨𑄣𑄧।,. ফোঁাটা মাথা উঠে গেল
𑄟𑄧𑄚𑄬 𑄟𑄧𑄚𑄬 𑄞𑄝𑄬𑄢𑄴 - 𑄎𑄟𑄬 𑄟𑄧𑄚𑄧𑄖𑄴 𑄛𑄧𑄎𑄳𑄠𑄬।,মনে মনে চিন্তা করছে-যাওা মনে পে
𑄷𑄻/𑄼,১.৫. ৫. পাঁচ
"𑄝𑄎𑄢𑄧𑄖𑄴 𑄘𑄬𑄊 𑄦𑄧𑄣𑄬 𑄃𑄪𑄥𑄨𑄋𑄧 𑄟𑄝𑄮 𑄝𑄬𑄢𑄬𑄝𑄢𑄴 𑄇𑄧𑄠𑄴, 𑄜𑄧𑄢𑄈𑄪𑄣𑄧 𑄚𑄧 𑄡𑄠𑄴 ।","বাজারে দেখা হলে উসিঙ মেে বোতে বলে, বের হ না"
𑄃𑄨𑄥𑄴𑄇𑄪𑄣𑄮𑄖𑄴𑄖𑄪𑄚𑄴 𑄜𑄨𑄢𑄨 𑄛𑄬𑄛𑄢𑄴 𑄛𑄧𑄢𑄬।,স্কুল থেকে ফেরার সম কাগজ পে
𑄃𑄬 𑄞𑄨𑄘𑄨𑄢𑄬 𑄘𑄨 𑄃𑄬𑄇𑄴𑄎𑄧𑄚𑄴𑄘𑄮𑄃𑄨 𑄌𑄨𑄚𑄴 𑄛𑄧𑄌𑄴 𑄎𑄧 𑄦𑄧𑄣𑄧।,এই বেিতে দুইটা চিহ্ন পে গেল
𑄟𑄧𑄚𑄚𑄴 𑄃𑄢𑄧 𑄌𑄨𑄖𑄴 𑄞𑄨𑄎𑄬 𑄙𑄧𑄢𑄴 𑄣𑄧।,মনটা আর মনটা ভিজে নাও
𑄗𑄉𑄧𑄘𑄬 𑄗𑄉𑄧𑄘𑄬 𑄛𑄌𑄴 𑄟𑄥𑄴 𑄡𑄬𑄃𑄨 𑄍𑄧 𑄟𑄥𑄴 𑄝𑄨𑄘𑄨 𑄉𑄬𑄣𑄧।,তাাতাি পাঁচ মাস যে ছ মাস গেল
𑄃𑄬𑄇𑄴 𑄘𑄨𑄚𑄴 𑄃𑄨𑄥𑄴𑄇𑄪𑄣𑄮𑄖𑄴 𑄣𑄪𑄋𑄨 𑄘𑄬𑄊𑄬 𑄖 𑄑𑄬𑄝𑄨𑄣𑄧𑄖𑄴 𑄃𑄬𑄇𑄴𑄇𑄚𑄴 𑄌𑄨𑄘𑄨 𑄉𑄮𑄌𑄴𑄌𑄬 𑄉𑄮𑄌𑄴𑄌𑄬 𑄃𑄊𑄬।,এক দিন স্কুলে পে তার টেবিলে একটি চিটিংবাজ আছে
𑄦𑄘𑄧 𑄣𑄬𑄉 𑄘𑄬𑄚𑄬𑄃𑄨 𑄝𑄪𑄏𑄨𑄣𑄧 - 𑄃𑄪𑄥𑄨𑄋𑄧𑄢𑄴।,হাত দিে বুঝালো-উসি
"𑄈𑄪𑄣𑄨 𑄘𑄬𑄊𑄬 𑄃𑄪𑄥𑄨𑄋𑄬 𑄣𑄬𑄈𑄳𑄠𑄬 - 𑄟𑄌𑄴𑄖𑄧𑄢𑄴 𑄥𑄝𑄴, 𑄇𑄧𑄟𑄧𑄣𑄬 𑄇𑄧𑄟𑄧𑄣𑄬 𑄌𑄪𑄝𑄬 𑄌𑄪𑄝𑄬 𑄝𑄚𑄴𑄘𑄧𑄢𑄴𑄝𑄚𑄴 𑄗𑄨𑄘𑄧 𑄦𑄧𑄣𑄬𑄉𑄮𑄃𑄨।","খুলি দিে উস্কুখুস্কু লিখেছে-মাছের মামা,ধীরে ধীরে বানরটা স্থির হেছে"
𑄥𑄮𑄢𑄴 - 𑄥𑄮𑄢𑄨𑄣𑄮𑄃𑄨 𑄘𑄧 𑄎𑄧𑄟𑄧𑄥𑄧𑄟𑄧 𑄟𑄬𑄠𑄳𑄠𑄬 𑄘𑄧𑄠𑄬 𑄦𑄧𑄢𑄴 𑄝𑄬𑄣𑄬।,লোহার রড দিে দুই জমজ মেে হ
𑄘𑄨 𑄟𑄥𑄴 𑄎𑄬𑄢𑄬 𑄖𑄧 𑄛𑄧𑄢𑄚𑄴 𑄝𑄨 𑄣𑄪𑄋𑄬𑄣𑄧𑄣𑄨।,দুই মাস পর তোমার প্রাণটা ব হেছে
𑄖𑄢𑄬 𑄇𑄪𑄘𑄪 𑄗𑄧𑄝𑄬 𑄞𑄝𑄨 𑄒𑄨𑄇𑄴 𑄉𑄧𑄢𑄨𑄌𑄴 . . . 𑄃𑄬𑄋𑄬𑄢𑄨 𑄃𑄬𑄋𑄬𑄢𑄨 𑄞𑄣𑄧𑄇𑄴 𑄇𑄚𑄨।,.তাকে কোথা রাখার জন্য চিন্তা করতেছে।
𑄜𑄧𑄢𑄈𑄪𑄣𑄧 𑄇𑄧𑄠𑄬𑄇𑄴 𑄉𑄬𑄘 𑄌𑄨𑄘𑄨𑄠𑄚𑄴 𑄛𑄧𑄢𑄨𑄣𑄧।,. ফোঁাটা কেকদিন ধরে পরতেছে
𑄟𑄪 𑄌𑄨𑄝𑄬𑄃𑄨 𑄌𑄨𑄝𑄬𑄃𑄨 𑄃𑄬𑄇𑄴𑄇 𑄦𑄏𑄨𑄣𑄧।,মুখ বাঁকা করে একটু হাসা
𑄃𑄨𑄚𑄴 𑄘𑄨 𑄌𑄨𑄙𑄬𑄃𑄨 𑄙𑄧𑄢𑄴 𑄣𑄧 - 𑄘𑄨 𑄟𑄥𑄴 𑄎𑄬𑄢𑄬!,ইন দিচিে ধরে নাও-দুই মাস পরে
𑄇𑄨 𑄉𑄧𑄢𑄨𑄝𑄧 𑄝𑄪𑄘𑄴𑄙𑄨 𑄎𑄪𑄢𑄧 𑄙𑄧𑄎𑄳𑄠𑄬।,কি গরিব বুদ্ধি তার
𑄟𑄧𑄚𑄬 𑄟𑄧𑄚𑄬 𑄊𑄧𑄢𑄴 𑄞𑄢 𑄖𑄧𑄉 𑄙𑄧𑄢𑄴𑄣𑄧।,মনে মনে বািটা খুঁজতেছে
𑄟𑄧𑄚𑄧 𑄇𑄧𑄙 𑄇𑄢𑄧𑄢𑄬 𑄞𑄋𑄨 𑄇𑄮𑄃𑄨 𑄚𑄧 𑄛𑄢𑄬𑄢𑄴।,মনের কথা কাউকে ভেঙে বলতে পারে না
𑄟𑄧𑄋𑄴𑄗𑄪𑄃𑄨 𑄢𑄬 𑄙𑄧𑄢𑄨𑄚𑄬 𑄊𑄧𑄢𑄴 𑄞𑄢 𑄣𑄧𑄣𑄧।,মলাকে ধরে বাির ভার নিে গেল
𑄝𑄬𑄉𑄬 𑄇𑄧𑄚𑄴 - 𑄉𑄃𑄨 𑄉𑄃𑄨 𑄟𑄚𑄪𑄌𑄴 𑄖𑄧𑄢𑄴 𑄇𑄨 𑄊𑄧𑄢𑄴 𑄞𑄢।,দ্রুত কেক জন তোমার বািতে কি বাি ভরে যা
𑄜𑄧𑄢𑄈𑄪𑄣𑄧 𑄃𑄢𑄧 𑄃𑄬𑄇𑄴 𑄇𑄬𑄃𑄨𑄖𑄴 𑄚𑄨𑄚𑄬 𑄇𑄧𑄙𑄠𑄚𑄴 𑄝𑄪𑄏𑄬 𑄘𑄬।,ফোঁা আর এক কাঠি নিে কথা বলে দাও
𑄃𑄨𑄚𑄴𑄘𑄨 𑄘𑄨𑄚𑄴 𑄉𑄪𑄚𑄬 𑄃𑄪𑄥𑄨𑄋𑄧 𑄛𑄪𑄢𑄴 𑄘𑄳𑄠𑄬 𑄙𑄧𑄌𑄴 𑄇𑄧𑄟𑄧𑄣𑄬 𑄛𑄪𑄢𑄮𑄢𑄴।,.এই দিনগুলো গুনে রোগ শেষ হেছে
"𑄘𑄨𑄚𑄪𑄚𑄴 𑄎𑄬𑄚𑄬 𑄣𑄟𑄴 𑄝 𑄃𑄪𑄠𑄮𑄚𑄴, 𑄡𑄬𑄃𑄨 𑄚𑄧 𑄜𑄪𑄢𑄧𑄚𑄴।","সারাদিন যাওা যা,যেদিন শেষ হ না"
𑄃𑄬𑄚𑄬 𑄃𑄬𑄚𑄬 𑄘𑄨 𑄟𑄥𑄴 𑄝𑄨𑄘𑄨 𑄉𑄬𑄣𑄧।,এনে এনে দুই পা বিদা দিল
𑄈𑄣𑄨𑄇𑄴 𑄃𑄪𑄥𑄨𑄋𑄧𑄢𑄴 𑄘𑄬𑄊 𑄚𑄬𑄃𑄨।,.খাওা উস্কুখুস্কু অবস্থা
"𑄇𑄨 𑄦𑄧𑄣𑄧 𑄇𑄨 𑄦𑄧𑄣𑄧 𑄞𑄝𑄨 𑄌𑄬𑄢𑄴, 𑄛𑄌𑄴 𑄘𑄨𑄚𑄴 𑄉𑄧𑄋𑄨 𑄉𑄬𑄣𑄧।",কি হেছে কি হেছে পাঁচ দিন গেল
𑄃𑄨𑄥𑄴𑄇𑄪𑄣𑄴 𑄝𑄧𑄚𑄴𑄘𑄧।,স্কুল বন্ধ
𑄝𑄬𑄚𑄳𑄠𑄬 𑄇𑄝𑄧𑄢𑄴 𑄙𑄮𑄃𑄨 𑄍𑄘𑄧 𑄃𑄪𑄉𑄪𑄢𑄬 𑄥𑄨𑄉𑄮𑄣𑄧𑄖𑄴 𑄢𑄮𑄘𑄮𑄖𑄴 𑄘𑄬‘𑄢𑄴।,বোইন কাপের উপর রোদ দিচ্ছে
𑄇𑄝𑄧𑄢𑄧 𑄃𑄚𑄴𑄘𑄧𑄣𑄬 𑄛𑄨𑄎𑄬𑄘𑄨 𑄘𑄬𑄝𑄢𑄴 𑄇𑄧𑄙 𑄚𑄧𑄠𑄴 ।,কাপের আালে পিঁি দেওা কথা না
𑄃𑄘𑄬𑄇𑄳𑄠𑄬𑄉𑄧𑄢𑄨 𑄦𑄪𑄉𑄪𑄢𑄨 𑄦𑄪𑄉𑄪𑄢𑄨 𑄃𑄪𑄙𑄨𑄣𑄧।,একগুঁে হে উঠল
𑄛𑄨𑄌𑄴𑄌𑄬𑄘𑄨 𑄇𑄧𑄚𑄴𑄚 𑄃𑄬𑄃𑄨 𑄘𑄨 𑄌𑄮𑄇𑄴 𑄚𑄘𑄨 𑄙𑄧𑄎𑄳𑄠𑄉𑄨।,পিছনে কে এই দুই চোখ বন্ধ করে আছে
𑄚𑄧𑄢𑄧𑄟𑄴 𑄦𑄘𑄧 𑄌𑄛𑄴।,নরম হাতের চাপ
𑄜𑄧𑄢𑄈𑄪𑄣𑄧 𑄢𑄴 𑄟𑄳𑄦𑄬𑄖𑄴 𑄛𑄘𑄬 𑄘𑄬𑄢𑄨 𑄚𑄧 𑄦𑄧𑄠𑄴 - 𑄃𑄪𑄥𑄨𑄋𑄴 ।,. ফরারুল পরতে দেরি হ না-উসি
𑄜𑄧𑄢𑄈𑄪𑄣𑄧 𑄟𑄙𑄨 𑄃𑄪𑄙𑄨𑄣𑄧 - 𑄃𑄪𑄥𑄨𑄋𑄴।,. ফরাকটা মাটি উে যাচ্ছে
𑄜𑄧𑄢𑄈𑄪𑄣𑄧 𑄘𑄨 𑄦𑄖𑄴 𑄥𑄧𑄢𑄬 𑄌𑄠𑄴 𑄘𑄬 - 𑄖𑄪𑄋𑄴𑄛𑄪𑄘𑄨।,. ফোঁাটা দুই হাত দূরে রাখো-তুংপুটি
𑄃𑄢𑄧 𑄃𑄬𑄇𑄴𑄇 𑄘𑄪𑄢𑄮𑄖𑄴 𑄃𑄪𑄥𑄨𑄋𑄴।,আরও একটু দূরে যাওা
𑄃𑄪𑄥𑄨𑄋𑄴𑄉𑄮𑄃𑄨 𑄖𑄪𑄋𑄴𑄛𑄪𑄘𑄨 𑄦𑄏𑄨𑄣𑄇𑄴 𑄇𑄇𑄴𑄈𑄧𑄚𑄴।,উস্কুখুস্কু হাত পা
𑄜𑄧𑄢𑄈𑄪𑄣𑄧 𑄘𑄨 𑄇𑄮𑄌𑄴 𑄛𑄨𑄠𑄬 𑄎𑄧𑄚𑄧𑄢𑄬 𑄃𑄘𑄬𑄈𑄳𑄠𑄬𑄉𑄧𑄢𑄨 𑄛𑄬𑄃𑄨 𑄈𑄧𑄢𑄚𑄳𑄠 𑄘𑄋𑄴𑄘𑄋𑄳𑄠𑄬 𑄟𑄘𑄨𑄖𑄴 𑄏𑄧𑄢𑄧 𑄛𑄚𑄨 𑄛𑄧𑄎𑄳𑄠𑄬 𑄝𑄨𑄣𑄨 𑄟𑄧𑄚𑄬 𑄦𑄧𑄣𑄧।,.ফরাখোল দিে দুইজনে বৃষ্টি পেছে।
𑄜𑄧𑄢𑄈𑄪𑄣𑄧𑄢𑄴 𑄖𑄨𑄢𑄏𑄨 𑄟𑄧𑄚𑄴 𑄈𑄪𑄏𑄨𑄠𑄬 𑄖𑄧𑄎𑄨𑄟𑄴 𑄛𑄪𑄢𑄮 𑄦𑄧𑄣𑄧।,. ফালের তেরাখুি মনের ইচ্ছা পূরণ হলো।
𑄖 𑄎𑄬𑄢𑄬 𑄇𑄧𑄙𑄝𑄚 𑄟𑄬𑄣𑄟𑄬𑄣𑄨।,তার সাথে কথা বলা সহজ তার
𑄎𑄬𑄚𑄬 𑄚𑄧 𑄜𑄪𑄢𑄧𑄠𑄴।,জেনে শেষ হ না এমন
𑄃𑄨𑄚𑄴𑄘𑄨 𑄈𑄚 𑄈𑄧𑄢𑄬𑄃𑄨 𑄡𑄬𑄝𑄢𑄴 𑄦𑄧𑄢𑄴।,এখানে খাওা বেশি করে যেতে হ
𑄖𑄨𑄚𑄴 𑄎𑄧𑄚𑄬 𑄇𑄧𑄙 𑄇𑄮𑄃𑄨 𑄥𑄪𑄘𑄪𑄢𑄪𑄋𑄮𑄉𑄧𑄢𑄨 𑄈𑄚 𑄎𑄪𑄉𑄮𑄣𑄴 𑄉𑄧𑄢 𑄙𑄧𑄢𑄴𑄣𑄇𑄴।,তিনজন লোক কথা বলে সুসুি খাওা জুে ধরলো
𑄈𑄚 𑄢𑄚 𑄦𑄧𑄣𑄬 𑄈𑄘𑄬 𑄈𑄘𑄬 𑄃𑄢𑄧 𑄇𑄧𑄙𑄝𑄧𑄚 𑄟𑄬𑄣𑄨 𑄙𑄧𑄢𑄴𑄣𑄇𑄴।,খাওা দাওা হলে কথা বলতে বলতে গলা চেপে ধরলো
𑄞𑄖𑄴 𑄈𑄚 𑄗𑄪𑄟𑄴।,ভাত খাওা শেষ
𑄜𑄧𑄢𑄈𑄪𑄣𑄧 𑄖𑄪𑄋𑄴𑄛𑄪𑄘𑄨𑄢𑄬 𑄇𑄧𑄣𑄧 - 𑄖𑄪𑄋𑄴।,ফোঁা বা ফোঁার শব্দ
𑄃𑄟𑄨 𑄃𑄬𑄇𑄴𑄇 𑄘𑄧𑄥𑄴 𑄟𑄨𑄚𑄨𑄑𑄴 𑄇𑄧𑄙 𑄇𑄮𑄃𑄨।,আমরা একটু দশ মিনিট কথা বলি
𑄖𑄪𑄋𑄴𑄛𑄪𑄘𑄨 𑄃𑄬𑄇𑄴𑄇 𑄘𑄪𑄢𑄮𑄖𑄴 𑄡𑄬𑄃𑄨 𑄝𑄧𑄣𑄧।,তুংপুটি একটু দূরে যে বল
𑄜𑄧𑄢𑄈𑄪𑄣𑄧 𑄣𑄮𑄃𑄨 𑄃𑄪𑄥𑄨𑄋𑄧𑄢𑄴 𑄇𑄨 𑄖𑄬𑄟𑄴𑄟𑄋𑄴 𑄦𑄧𑄣𑄧 𑄖𑄪𑄋𑄴𑄛𑄪𑄘𑄨 𑄈𑄧𑄝𑄧𑄢𑄴 𑄚𑄧 𑄛𑄬𑄣𑄧।,. ফোসকা পার সম কি যে গরম হেছে টের পেল না
"𑄛𑄬𑄛𑄢𑄴 𑄃𑄪𑄣𑄴𑄣𑄬𑄃𑄨, 𑄝𑄧𑄃𑄨 𑄛𑄧𑄢𑄨𑄚𑄬 𑄈𑄧𑄚𑄴 𑄇𑄘𑄬𑄣𑄧।",".পোরা উে, বই পে কান্না করতেছে"
"𑄞𑄣𑄧𑄇𑄴 𑄈𑄧𑄚𑄴 𑄎𑄬𑄢𑄬 𑄦𑄪𑄌𑄴 𑄦𑄧𑄣𑄧 , 𑄃𑄬𑄇𑄴𑄇 𑄌𑄋𑄴𑄉𑄮𑄃𑄨।","অনেক খ নষ্ট হেছে,একটু দেখে আসি"
𑄃𑄪𑄥𑄨𑄋𑄬 𑄖𑄪𑄋𑄴𑄛𑄪𑄘𑄨𑄢𑄬 𑄘𑄬𑄃𑄨𑄚𑄬 𑄇𑄧𑄣𑄧 - 𑄃𑄬𑄃𑄨 𑄛𑄢𑄨𑄝𑄬।,.উসিঙে তুংপুংকে দেে বল-এই পারবে
𑄜𑄧𑄢𑄈𑄪𑄣𑄧 𑄇𑄧𑄣𑄧 - 𑄃𑄬𑄇𑄴𑄇 𑄖𑄪𑄋𑄴𑄛𑄪𑄘𑄨𑄣𑄮𑄃𑄨 𑄇𑄧𑄙 𑄥𑄨𑄢𑄬𑄋𑄴।,. ফোঁার শব্দ - একটু শব্দ করে কথা বলা
𑄃𑄪𑄥𑄨𑄋𑄬 𑄜𑄧𑄢𑄈𑄪𑄣𑄧𑄢𑄬 𑄌𑄬𑄃𑄨 𑄇𑄧𑄣𑄧 - 𑄟𑄪𑄃𑄨 𑄇𑄨 𑄗𑄬𑄃𑄨 𑄛𑄢𑄨𑄟𑄴।,উসিঙে ফালকে দেখে বললাম - আমি কি থাকতে পারবো
𑄜𑄧𑄢𑄈𑄪𑄣𑄧 𑄎𑄮𑄝𑄴 𑄘𑄨𑄣𑄧 - 𑄗𑄬𑄃𑄨 𑄛𑄢𑄨𑄝𑄬 𑄘𑄧।,ফোঁাটা বন্ধ করে দিল - থাকতে পারবে
𑄃𑄪𑄥𑄨𑄋𑄬 𑄇𑄧𑄣𑄧 - 𑄖𑄮𑄟 𑄞𑄬𑄃𑄨 - 𑄝𑄮𑄚𑄧𑄢𑄴 𑄖𑄬𑄟𑄴𑄟𑄋𑄴।,উসিঙে কল - তোমা ভাই-বোনের সম
𑄟𑄧𑄢𑄴 𑄥𑄪𑄚𑄨𑄝𑄢𑄴 𑄃𑄪𑄖𑄴𑄖𑄨 - 𑄟𑄪𑄖𑄴𑄖𑄨 𑄚𑄬𑄃𑄨।,আমার শুনার শখ - মাথা নেই
𑄃𑄪𑄥𑄨𑄋𑄬 𑄞𑄨𑄘𑄨𑄢𑄬 𑄉𑄪𑄘𑄨𑄖𑄴 𑄉𑄬𑄣𑄧।,উপরে উপরে গেল
𑄖𑄪𑄋𑄴𑄛𑄪𑄘𑄨𑄣𑄮𑄃𑄨 𑄜𑄧𑄢𑄈𑄪𑄣𑄧 𑄖𑄬𑄟𑄴𑄟𑄋𑄧𑄖𑄴 𑄝𑄧𑄣𑄇𑄴।,তুংপুটি দিে ফোঁা বের হেছে
𑄇𑄨 𑄖𑄬𑄟𑄴𑄟𑄋𑄴 𑄦𑄧𑄣𑄧 𑄥𑄨𑄠𑄚𑄴 𑄘𑄨𑄎𑄧𑄚𑄬 𑄎𑄚𑄧𑄚𑄴।,কি ঝামেলা হলো সেটা দুইজনে জানে
𑄇𑄇𑄴𑄈𑄧𑄚𑄴 𑄎𑄬𑄢𑄬 𑄃𑄪𑄥𑄨𑄋𑄴𑄉𑄮𑄃𑄨 𑄖𑄪𑄋𑄴𑄛𑄪𑄘𑄨 𑄣𑄧𑄢𑄴 𑄘𑄨𑄣𑄇𑄴।,.কাঁকা উঠার সম হাত দিে লাফ দিল
𑄜𑄧𑄢𑄈𑄪𑄣𑄧 𑄖𑄢𑄢𑄬 𑄇𑄧𑄖𑄴𑄘𑄪𑄢𑄴 𑄥𑄧𑄋𑄴 𑄃𑄇𑄴𑄇𑄮𑄃𑄨 𑄘𑄨 𑄃𑄬𑄣𑄧।,ফানুসটা তাদেরকে কত ব করে নিে আসলো
"𑄃𑄬𑄇𑄴𑄟𑄥𑄴 𑄎𑄬𑄢𑄬 𑄖𑄪𑄋𑄴𑄛𑄪𑄘𑄨, 𑄝𑄋𑄮𑄘𑄨, 𑄖𑄪𑄋𑄴𑄛𑄪𑄘𑄨 𑄟, 𑄝𑄝𑄴, 𑄝𑄋𑄮𑄘𑄨 𑄎𑄟𑄬𑄝𑄮 𑄣𑄧𑄉𑄬 𑄘𑄨𑄝𑄬 𑄛𑄮 𑄝𑄚𑄴𑄘𑄧𑄢𑄴𑄝𑄚𑄴 𑄃𑄬𑄣𑄇𑄴।","এক সাথে তুংপুং,বাঁশি,তুংপুং মা,বাু,বাুং মা,বাু,বাুং মা,বাুং মা,বাুং মা,বাুং মা,বাুং মা,বাুং মা,বাুং মা,বাুং মা,বাুং মা,বাুং মা,বাুং মা,বাুং মা"
𑄙𑄧𑄢𑄨 𑄣𑄪𑄠𑄮 𑄡𑄠𑄴 𑄖𑄪𑄋𑄴𑄛𑄪𑄘𑄨𑄣𑄮𑄃 𑄖𑄬𑄟𑄴𑄟𑄋𑄴 𑄟𑄧𑄎𑄨𑄟𑄴 𑄖𑄢𑄢𑄴 𑄃𑄬 𑄃𑄬𑄎𑄚।,ধরে নিে যাওা তুংপুদিে তাদের আসা
"𑄃𑄪𑄥𑄨𑄋𑄧𑄢𑄴 𑄟, 𑄃𑄬𑄇𑄴 𑄞𑄬𑄃𑄨, 𑄝𑄮𑄚𑄴, 𑄘𑄨 𑄃𑄬𑄇𑄴 𑄎𑄧𑄚𑄴 𑄃𑄘𑄬𑄇𑄎𑄬 𑄟𑄚𑄪𑄌𑄴 𑄜𑄧𑄢𑄈𑄪𑄣𑄧 𑄞𑄢 𑄊𑄧𑄢𑄧𑄖𑄴 𑄞𑄚𑄴 𑄖𑄬 𑄘𑄨𑄎𑄧𑄚𑄴 𑄃𑄚𑄨 𑄥𑄫𑄖𑄳𑄢𑄧 𑄥𑄪𑄚𑄬𑄃𑄨 𑄎𑄧𑄙𑄧𑄚𑄴 𑄝𑄚𑄨 𑄘𑄨𑄣𑄇𑄴।","উসিঙর মা,এক বোন,দুই জন অসৎ ব্যক্তির কাহিনী শুনে দরজা বন্ধ করে দিল"
"𑄥𑄨𑄚𑄳𑄠𑄬 𑄃𑄪𑄥𑄨𑄋𑄧𑄢𑄴 𑄇𑄨𑄠𑄬𑄖𑄴 𑄝𑄬𑄉𑄪𑄚𑄨 𑄢𑄧𑄋𑄧𑄢𑄴 𑄜𑄪𑄣𑄴 𑄖𑄪𑄣𑄳𑄠𑄬 𑄗𑄟𑄨, 𑄙𑄪𑄝𑄴 𑄥𑄨𑄣𑄪𑄟𑄴 . . ., 𑄌𑄪𑄣𑄧𑄖𑄴 𑄜𑄪𑄣𑄴 𑄃 𑄜𑄧𑄢𑄈𑄪𑄣𑄧𑄢𑄴 𑄙𑄪𑄘𑄨, 𑄙𑄪𑄝𑄴 𑄥𑄨𑄣𑄪𑄟𑄴, 𑄢𑄋 𑄈𑄧𑄝𑄧𑄋𑄴 𑄝𑄚𑄳𑄠𑄬।","সিমের উসিঙে বেগুনি রঙের ফুল তুলে থামি, ধুধুক শার্ট, ধুধুক শার্ট, লাল টুপি"
𑄙𑄉𑄙𑄇𑄳𑄠𑄬 𑄉𑄧𑄢𑄨 𑄖𑄢 𑄘𑄨𑄎𑄧𑄚𑄴।,তারা দুইজন পাশাপাশি করে বসে
𑄥𑄫𑄖𑄳𑄢𑄧 𑄇𑄧𑄚 𑄗𑄪𑄟𑄴 𑄦𑄧𑄣𑄬 𑄝𑄋𑄮𑄘𑄨 𑄝𑄋𑄮𑄘𑄨 𑄎𑄟𑄬𑄝𑄮 𑄃𑄬𑄇𑄴𑄇𑄚𑄴 𑄚𑄱 𑄉𑄟𑄴 𑄎𑄣𑄮𑄃𑄨 𑄘𑄧𑄏𑄧𑄖𑄴 𑄖𑄪𑄚𑄴 𑄦𑄪𑄉𑄪𑄟𑄴 𑄟𑄉𑄨 𑄎𑄧𑄢 𑄝𑄚𑄨 𑄘𑄨𑄣𑄧।,.সূত্রের কাজ শেষ হলে বামে বামে মিলে গেল
𑄥𑄫𑄖𑄳𑄢𑄧 𑄥𑄪𑄘𑄮 𑄓𑄬𑄚𑄴 𑄦𑄘𑄧𑄖𑄴 𑄝𑄚𑄨 𑄘𑄳𑄠𑄬 𑄦𑄧𑄣𑄧।,.লবনাক্ত সুতাটা হাতে বেঁধে দো হলো
𑄟𑄨𑄣𑄴 𑄦𑄧𑄣𑄧 𑄘𑄨𑄠𑄚𑄴 𑄟𑄧𑄚𑄧𑄢𑄴।,মিল হলো দুই মনের
𑄝𑄬𑄇𑄴𑄪𑄚𑄧𑄖𑄳𑄠𑄬,সবাই
𑄜𑄧𑄉𑄧𑄘𑄋𑄨 𑄇𑄉𑄮𑄎𑄴,বিজ্ঞপ্তি কাগজ
𑄎𑄖𑄨𑄥𑄧𑄁𑄊𑄧 𑄖𑄮𑄣𑄴𑄝𑄨𑄌𑄴 𑄞𑄚𑄴𑄘𑄣𑄴,জাতিসংঘের তোতলামি
"𑄔𑄇, 𑄝𑄁𑄣𑄘𑄬𑄥𑄴।","ঢাকা, ঢাকা"
𑄞𑄌𑄴 𑄝𑄧𑄘𑄧𑄣𑄴: 𑄳𑄝𑄨𑄎𑄨𑄚𑄘𑄴 𑄌𑄋𑄴𑄟,ভাছ বদল: বিজিনা চামা
𑄇𑄝𑄨𑄘𑄋𑄴: 𑄥𑄚𑄴𑄖𑄨 𑄌𑄋𑄴𑄟,কাপ: সুতার চামা
𑄷𑄿𑄺𑄾 𑄥𑄣𑄧𑄖𑄴 𑄷𑄶 𑄓𑄨𑄥𑄬𑄟𑄴𑄝𑄧𑄢𑄴 𑄎𑄖𑄨𑄥𑄧𑄁𑄊𑄬 𑄟𑄚𑄬𑄃𑄨𑄠𑄧𑄢𑄴 𑄃𑄧𑄙𑄨𑄇𑄢𑄧𑄢𑄴 𑄡𑄬 𑄜𑄧𑄉𑄧𑄘𑄋𑄨 𑄇𑄉𑄮𑄎𑄴 𑄉𑄧𑄎𑄨𑄣𑄧𑄚𑄬𑄃𑄨 𑄃𑄳𑄦 𑄔𑄪𑄣𑄴 𑄛𑄨𑄘𑄨 𑄘𑄨𑄚𑄬𑄃𑄨 𑄥𑄨𑄠𑄚𑄴 𑄦𑄣𑄴𑄝𑄨𑄘𑄬𑄚𑄴𑄖𑄧 𑄎𑄬𑄢𑄬𑄘𑄨 𑄛𑄘𑄚𑄨𑄖𑄴 𑄜𑄧𑄉𑄧𑄘𑄋𑄴 𑄉𑄧𑄢 𑄦𑄧𑄣𑄧।,". ১৯৪৮ সালে ১০ ডিসেম্বর জাতিসংঘে যে ঘোষণা করা হ, তা হলো, ঢোল বাজিে"
"𑄃𑄬 𑄝𑄨𑄎𑄧𑄉𑄧𑄢𑄴 𑄛𑄧𑄘𑄧𑄇𑄴𑄈𑄬𑄛𑄧𑄢𑄴 𑄎𑄬𑄢𑄬 𑄛𑄧𑄢𑄨𑄥𑄧𑄘𑄴 𑄝𑄬𑄇𑄴 𑄝𑄧𑄢𑄴𑄉𑄧 𑄘𑄬𑄌𑄴𑄍𑄚𑄨𑄢𑄬 𑄜𑄧𑄉𑄧𑄘𑄋𑄨 𑄇𑄉𑄮𑄌𑄴𑄍𑄚𑄧𑄖𑄴 𑄟𑄪𑄣𑄪𑄇𑄴 𑄇𑄧𑄙𑄚𑄨 𑄜𑄧𑄉𑄧𑄘𑄋𑄴 𑄃𑄳𑄦 𑄃𑄨𑄠𑄚𑄴 𑄘𑄬𑄏𑄬 𑄘𑄬𑄏𑄬 𑄃𑄳𑄦 𑄌𑄉𑄣𑄠𑄴 𑄌𑄉𑄣𑄠𑄴 𑄢𑄎𑄴𑄚𑄰𑄖𑄨𑄇𑄴 𑄟𑄚𑄴𑄚𑄨𑄚𑄬𑄃𑄨 𑄃𑄣𑄘𑄉𑄧𑄢𑄨 𑄝𑄬𑄇𑄴 𑄚𑄧𑄇𑄴𑄞𑄌𑄴 𑄉𑄮𑄌𑄬𑄴 𑄃𑄨𑄇𑄴𑄪𑄣𑄚𑄨𑄖𑄴 𑄃𑄳𑄦 𑄚𑄚𑄝𑄝𑄧𑄖𑄳𑄠𑄬 𑄥𑄨𑄇𑄴𑄈𑄳𑄠𑄢𑄴 𑄎𑄉𑄖𑄴 𑄞𑄉𑄴𑄉𑄧𑄢𑄨 𑄘𑄬𑄚, 𑄘𑄬𑄉𑄚, 𑄛𑄧𑄢𑄨𑄥𑄪𑄚𑄧𑄚 𑄃𑄳𑄦 𑄞𑄋𑄨 𑄞𑄋𑄨 𑄝𑄪𑄏𑄬𑄃𑄨 𑄘𑄨𑄝𑄢𑄴 𑄇𑄮𑄎𑄧𑄣𑄨 𑄉𑄮𑄌𑄬𑄴।",".এই বিশাল ব্যবধানে পার পর সব সম মানুষরা একই জাগা ভাগ করে দো, দো, পা, পা, পা, পা, পা, পা, পা, পা, পা, পা, পিে দো"
𑄎𑄖𑄨𑄥𑄧𑄁𑄊𑄧 𑄟𑄧𑄦𑄥𑄧𑄌𑄨𑄝𑄴,জাতিসংঘের মহাসচিব
𑄝𑄬𑄇𑄴 𑄟𑄚𑄬𑄠𑄪𑄚𑄴 𑄃𑄢𑄋𑄴 𑄃𑄧𑄙𑄨𑄇𑄢𑄴 𑄃𑄳𑄦 𑄃𑄢𑄋𑄴 𑄥𑄙𑄨𑄇𑄢𑄴 𑄚𑄨𑄚𑄬𑄃𑄨 𑄎𑄧𑄚𑄧𑄟𑄴 𑄣𑄧𑄚𑄴।,সব মানুষ পাহাে পাহাের দখল নিে জনম নেওা
𑄎𑄖𑄨𑄥𑄧𑄁𑄊𑄧 𑄝𑄬𑄇𑄴 𑄟𑄚𑄪𑄌𑄌𑄪𑄚𑄮𑄢𑄴 𑄟𑄚𑄬𑄃𑄨 𑄃𑄧𑄙𑄨𑄇𑄢𑄴 𑄟𑄚𑄨𑄚𑄬𑄃𑄨 𑄝𑄨𑄣𑄨 𑄉𑄧𑄢𑄚 𑄃𑄳𑄦 𑄗𑄪𑄝𑄬𑄃𑄨 𑄢𑄉𑄚𑄢𑄴 𑄈𑄟𑄴 𑄈𑄬𑄠𑄮𑄚𑄴।,জাতিসংঘ সব মানুষদের একসাথে বিলি করা আর শেষ করে দো
𑄎𑄖𑄨𑄥𑄧𑄁𑄊𑄧 𑄥𑄧𑄚𑄧𑄘𑄖𑄴𑄪𑄚𑄴 𑄛𑄬𑄃𑄨𑄠𑄬 𑄃𑄬 𑄈𑄟𑄴 𑄈𑄬𑄠𑄬𑄚𑄨𑄖𑄳𑄠𑄬 𑄃𑄢𑄋𑄴 𑄟𑄚𑄬𑄃𑄨 𑄃𑄧𑄙𑄨𑄇𑄢𑄴 𑄟𑄚𑄬𑄃𑄨𑄠𑄮𑄢𑄴 𑄟𑄚𑄴 𑄃𑄳𑄦 𑄘𑄟𑄚𑄨 𑄉𑄮𑄘 𑄛𑄨𑄖𑄴𑄗𑄨𑄟𑄨𑄖𑄴 𑄟𑄚𑄬𑄃𑄨𑄠𑄪𑄚𑄮𑄢𑄴 𑄝𑄨𑄌𑄴𑄍𑄬𑄌𑄴 𑄃𑄬𑄥𑄳𑄠𑄬।,জাতিসংঘের সনদটা পেেছে বলে মানুষ আর পৃথিবীর মানুষদের বিশ্বাস আছে
𑄡𑄬 𑄃𑄧𑄙𑄨𑄇𑄢𑄚𑄨 𑄝𑄬𑄇𑄴 𑄟𑄚𑄪𑄌𑄴𑄪𑄚𑄮 𑄃𑄨𑄙𑄪 𑄥𑄧𑄋𑄴 𑄉𑄧𑄢𑄨 𑄉𑄧𑄢𑄧𑄎𑄴 𑄦𑄧𑄠𑄴।,যে অধিকারগুলো সব মানুষদের এখানে বেশি করে দিতে হ
𑄟𑄚𑄬𑄃𑄨 𑄃𑄧𑄙𑄨𑄇𑄢𑄧𑄢𑄴 𑄝𑄬𑄇𑄴𑄪𑄚𑄮𑄢𑄴 𑄜𑄧𑄉𑄧𑄘𑄋𑄨 𑄇𑄉𑄮𑄎𑄴 𑄎𑄖𑄨𑄥𑄧𑄁𑄊𑄧 𑄉𑄧𑄟𑄬𑄘𑄣𑄬 𑄃𑄪𑄌𑄴𑄧 𑄞𑄌𑄴𑄮𑄃𑄨 𑄥𑄨𑄠𑄚𑄨 𑄘𑄳𑄠𑄠 𑄦𑄧𑄠𑄳𑄠𑄬।,.মেেদের সবার বিজ্ঞপ্তির কাগজ গুলো জাতিসংঘে পাঠানো হ
𑄃𑄬 𑄃𑄧𑄙𑄨𑄇𑄢𑄚𑄨 𑄖𑄧𑄟𑄢𑄴 𑄝𑄬𑄇𑄴𑄪𑄚𑄮𑄢𑄴 𑄥𑄧𑄟𑄴𑄝𑄧𑄖𑄴𑄨।,এই সম্পত্তিগুলো তোমাদের সবার
𑄃𑄨𑄠𑄚𑄨 𑄖𑄧𑄟𑄢𑄴 𑄃𑄧𑄙𑄨𑄇𑄢𑄴।,এগুলো তোমার প্রাপ্য
𑄃𑄨𑄠𑄚𑄨𑄣𑄮𑄃𑄨 𑄉𑄧𑄟𑄬𑄘𑄣𑄬 𑄥𑄧𑄘𑄧𑄢𑄴 𑄦𑄧𑄃𑄨𑄚𑄬𑄃𑄨 𑄌𑄨𑄚𑄴𑄛𑄧𑄎𑄴𑄧 𑄦𑄧𑄝।,এগুলো সব সমে পরিচিত হওা লাগবে
𑄃𑄟𑄧𑄚𑄧𑄖𑄳𑄠𑄬 𑄃𑄳𑄦 𑄟𑄚𑄬𑄃𑄨 𑄦𑄨𑄎𑄬𑄝𑄬 𑄃𑄧𑄚𑄳𑄠 𑄟𑄚𑄬𑄃𑄨𑄠𑄧𑄖𑄳𑄠𑄬 𑄃𑄨𑄠𑄚𑄨𑄢𑄬 𑄞𑄣𑄬𑄘𑄨 𑄃𑄳𑄦 𑄢𑄧𑄇𑄴𑄈𑄬 𑄉𑄧𑄢𑄧𑄘𑄬 𑄃𑄬𑄎𑄣𑄴 𑄘𑄳𑄠𑄠𑄴।,আমি তো শুধু এগুলো ভালো করে দেখতেছি
𑄟𑄚𑄬𑄃𑄨 𑄃𑄧𑄙𑄨𑄇𑄢𑄧𑄢𑄴 𑄝𑄬𑄇𑄴𑄪𑄚𑄧𑄖𑄳𑄠𑄬 𑄜𑄧𑄉𑄧𑄘𑄋𑄨 𑄇𑄉𑄮𑄎𑄴,.মেেদের সবার জন্য বিজ্ঞপ্তি কাগজ
𑄟𑄪𑄇𑄴𑄛𑄖𑄴𑄨,মুত্রথলি
"𑄡𑄬𑄚𑄴 𑄟𑄚𑄬𑄃𑄨 𑄣𑄧𑄉𑄧𑄢𑄴 𑄝𑄬𑄇𑄴𑄪𑄚𑄮𑄢𑄴 𑄃𑄨𑄎𑄴𑄮𑄖𑄴 𑄥𑄧𑄢𑄧𑄟𑄴 𑄃𑄳𑄦 𑄝𑄬𑄇𑄴𑄪𑄚𑄮𑄖𑄳𑄠𑄬 𑄃𑄬𑄇𑄴𑄪𑄃𑄨 𑄃𑄧𑄙𑄨𑄇𑄢𑄴 𑄟𑄚𑄚 𑄛𑄨𑄖𑄴𑄗𑄨𑄟𑄨𑄖𑄴 𑄥𑄙𑄩𑄚𑄧𑄖, 𑄥𑄧𑄁𑄖𑄮𑄣𑄴𑄝𑄨𑄌𑄴 𑄃𑄳𑄦 𑄥𑄚𑄴𑄖𑄨𑄢𑄴 𑄈𑄪𑄘𑄮𑄴।",".যেন সবার সমে স্থান পাওা, পৃথিবীতে একটা সম্মান থাকা, সহাতা করা, সহাতা করা"
𑄡𑄬𑄚𑄴 𑄟𑄚𑄧𑄝𑄨𑄇𑄴 𑄃𑄧𑄙𑄨𑄇𑄢𑄚𑄨𑄢𑄬 𑄊𑄨𑄚𑄬𑄚 𑄃𑄳𑄦 𑄃𑄧𑄝𑄇𑄴𑄈 𑄉𑄧𑄢𑄚 𑄟𑄚𑄬𑄠𑄴 𑄎𑄘𑄧𑄖𑄳𑄠𑄬 𑄃𑄧𑄉𑄧𑄟𑄚𑄴 𑄎𑄧𑄚𑄧𑄇𑄴 𑄚𑄨𑄌𑄴𑄖𑄪𑄢𑄴 𑄃𑄨𑄨𑄎𑄬𑄝𑄬 𑄢𑄪𑄛𑄴 𑄣𑄞𑄴 𑄉𑄮𑄌𑄬𑄴 𑄃𑄳𑄦 𑄥𑄙𑄢𑄧𑄚𑄴 𑄟𑄚𑄪𑄌𑄴𑄍𑄪𑄚𑄮𑄢𑄴 𑄘𑄋𑄧𑄢𑄴 𑄃𑄏-𑄞𑄧𑄢𑄴𑄥𑄢𑄴 𑄟𑄎𑄢 𑄃𑄨𑄎𑄬𑄝𑄬 𑄃𑄬𑄇𑄴𑄇𑄚𑄴 𑄛𑄨𑄖𑄴𑄗𑄨𑄟𑄨𑄢𑄴 𑄃𑄢𑄴𑄉𑄚𑄨 𑄜𑄧𑄉𑄧𑄘𑄋𑄨 𑄦𑄮𑄠𑄬 𑄡𑄨𑄠𑄮𑄖𑄴 𑄟𑄚𑄪𑄌𑄴𑄍𑄪𑄚𑄬 𑄇𑄧𑄙 𑄇𑄧𑄝𑄢𑄴 𑄃𑄢𑄴 𑄇𑄧𑄚𑄧𑄇𑄨𑄌𑄴𑄍𑄪 𑄝𑄨𑄌𑄴𑄥𑄬𑄌𑄴 𑄉𑄧𑄢𑄨𑄝𑄢𑄴 𑄥𑄙𑄨𑄚𑄧𑄖 𑄛𑄬𑄝𑄇𑄴 𑄃𑄳𑄦 𑄘𑄧𑄢𑄧𑄖𑄴𑄪𑄚𑄴 (𑄞𑄧𑄠𑄴) 𑄃𑄢𑄧‘ 𑄢𑄘𑄧𑄖𑄴𑄪𑄚𑄴 (𑄃𑄧𑄞𑄝𑄴) 𑄃𑄬𑄢𑄚𑄴 𑄛𑄬𑄝𑄇𑄴𑄴 ।,". যেন মানুষদের কষ্ট দো এবং কষ্ট দো করতেছে, যেখানে মানুষরা কথা বলতেছে আর কোন কষ্ট পাবে না"
𑄡𑄬𑄚𑄴 𑄥𑄬𑄎𑄴 𑄛𑄧𑄘𑄧𑄇𑄴𑄈𑄬𑄛𑄴 𑄃𑄨𑄎𑄬𑄝𑄬 𑄟𑄚𑄪𑄌𑄴𑄍𑄪𑄚𑄮𑄢𑄬 𑄃𑄧𑄖𑄳𑄠𑄌𑄢𑄴-𑄚𑄨𑄛𑄨𑄢𑄧𑄚𑄧𑄢𑄴 𑄝𑄨𑄢𑄪𑄘𑄬𑄴 𑄝𑄨𑄘𑄳𑄢𑄮𑄦𑄨 𑄃𑄧𑄘𑄬 𑄝𑄙𑄳𑄠 𑄉𑄧𑄢 𑄚𑄧 𑄃𑄧𑄣𑄬 𑄟𑄚𑄬𑄠𑄴 𑄃𑄧𑄙𑄨𑄇𑄢𑄚𑄨 𑄇𑄟𑄇𑄴𑄈𑄠𑄴 𑄦𑄬𑄚𑄮𑄢𑄴 𑄥𑄥𑄧𑄚𑄧𑄖𑄴 𑄝𑄚𑄨 𑄢𑄉𑄚 𑄃𑄪𑄌𑄨𑄖𑄴𑄴,.যেন সে সমে মানুষদের এত কষ্ট দিতে পারে না বলে হাতির সাসনে বসে থাকা উচিত
𑄡𑄬𑄚𑄴 𑄝𑄬𑄇𑄴 𑄎𑄖𑄴𑄪𑄚𑄮𑄢𑄴 𑄟𑄧𑄙𑄳𑄠𑄬 𑄉𑄧𑄟𑄴 𑄝𑄧𑄚𑄴𑄙𑄪𑄖𑄴𑄧𑄛𑄪𑄢𑄴𑄕𑄧 𑄥𑄧𑄟𑄴𑄛𑄧𑄢𑄴𑄇𑄧 𑄃𑄪𑄎𑄬𑄃𑄨 𑄚𑄬𑄡𑄬𑄝𑄖𑄳𑄠𑄬 𑄃𑄬𑄎𑄣𑄴 𑄘𑄬𑄚 𑄘𑄧𑄢𑄴𑄇𑄢𑄴।,.যেন সব জাতের মধ্যে ভালো বন্ধু আছে।
"𑄡𑄬𑄚𑄴 𑄎𑄖𑄨𑄥𑄧𑄁𑄊𑄧𑄥𑄧𑄢𑄨𑄘𑄴 𑄦𑄮𑄠𑄬 𑄎𑄖𑄴𑄪𑄚𑄬 𑄥𑄧𑄚𑄧𑄘𑄧‘ 𑄟𑄙𑄳𑄠𑄟𑄬 𑄟𑄪𑄣𑄪𑄇𑄴 𑄟𑄪𑄣𑄪𑄇𑄴 𑄟𑄚𑄬𑄠𑄴𑄃𑄧𑄙𑄨𑄇𑄢𑄚𑄨, 𑄟𑄚𑄬𑄠𑄧𑄢𑄴 𑄟𑄚𑄴-𑄟𑄧𑄢𑄴𑄡𑄘 𑄃𑄢𑄧 𑄟𑄪𑄣𑄳𑄠𑄠𑄚𑄨 𑄃𑄳𑄦 𑄟𑄨𑄣𑄬 𑄟𑄧𑄢𑄧𑄘𑄧𑄢𑄴 𑄥𑄧𑄁 𑄥𑄧𑄁 𑄃𑄧𑄙𑄨𑄇𑄢𑄚𑄨𑄢𑄴 𑄛𑄳𑄢𑄧𑄖𑄨 𑄃𑄥𑄴𑄗 𑄛𑄪𑄚𑄧𑄢𑄴𑄝𑄳𑄠𑄧𑄇𑄴𑄖𑄧 𑄉𑄮𑄌𑄴𑄍𑄮𑄚𑄴 𑄃𑄳𑄦 𑄥𑄟𑄎𑄨𑄇𑄴 𑄞𑄣𑄬𑄖𑄴 𑄃𑄢𑄧 𑄝𑄬𑄎𑄴 𑄝𑄬𑄎𑄴 𑄥𑄙𑄨𑄚𑄧𑄖𑄢𑄴 𑄃𑄪𑄎𑄪𑄇𑄴𑄌𑄪𑄇𑄴 𑄎𑄨𑄝𑄧𑄚𑄧𑄢𑄴 𑄟𑄚𑄴 𑄝𑄢𑄬𑄝𑄖𑄳𑄠𑄬 𑄘𑄧𑄢𑄧𑄟𑄧𑄢𑄧 (𑄘𑄳𑄢𑄨𑄢𑄧𑄛𑄳𑄢𑄧𑄖𑄨𑄉𑄴𑄉𑄧)।",".যেন জাতিরা সনদ দিে আছে যে, মানুষের সমে সম্মান ও সম্মান আছে এবং বোর সম জীবন যাপন করতে পারে না"
𑄡𑄬𑄚𑄴 𑄥𑄧𑄘𑄧𑄥𑄳𑄠𑄧 𑄢𑄥𑄴𑄖𑄳𑄢𑄧𑄠𑄚𑄨 𑄎𑄖𑄨𑄥𑄧𑄁𑄊𑄧𑄢𑄴 𑄃𑄬𑄎𑄣𑄬 𑄟𑄚𑄬𑄠𑄴𑄃𑄙𑄨𑄇𑄢𑄴 𑄃𑄢𑄧 𑄟𑄪𑄣𑄪𑄇𑄴 𑄥𑄙𑄨𑄇𑄢𑄧𑄢𑄴 𑄛𑄳𑄢𑄧𑄖𑄨 𑄝𑄬𑄇𑄴𑄇𑄚𑄨 𑄥𑄳𑄢𑄧𑄘𑄴𑄙 𑄃𑄳𑄦 𑄟𑄚𑄴 𑄝𑄢𑄬𑄝𑄖𑄳𑄠𑄬 𑄃𑄧𑄁𑄉𑄨𑄇𑄢𑄴𑄝𑄧𑄘𑄴𑄙𑄧 ।,.যেন মানবরা জাতিসংঘে আসতেছে এবং মানুষরা সবাই একসাথে আসতেছে
𑄡𑄬𑄚𑄴 𑄃𑄬 𑄃𑄧𑄁𑄉𑄨𑄇𑄢𑄚𑄨 𑄉𑄧𑄟𑄬𑄘𑄧𑄣𑄬 𑄛𑄪𑄢𑄮𑄚𑄴 𑄉𑄧𑄢𑄨𑄝𑄖𑄳𑄠𑄬 𑄝𑄬𑄇𑄴 𑄃𑄧𑄙𑄨𑄇𑄢𑄴 𑄃𑄢𑄧 𑄥𑄙𑄨𑄇𑄢𑄧𑄖𑄳𑄠𑄬 𑄃𑄬𑄇𑄴𑄇𑄚𑄴 𑄥𑄙𑄢𑄧𑄚𑄴 𑄝𑄪𑄏𑄴 𑄛𑄛𑄨 𑄦𑄧𑄚 𑄝𑄬𑄇𑄴𑄇𑄪𑄚𑄧𑄖𑄳𑄠𑄬 𑄳𑄟𑄢𑄪𑄖𑄴𑄧𑄛𑄪𑄢𑄴𑄕𑄧𑄴,মনে হ এই কাজগুলো করলে পুরনো ধনীরা সব পাবে এবং সমে সবাই সমান বুঝতো
𑄃𑄨𑄇𑄬𑄴 𑄥𑄬𑄚𑄧𑄖𑄳𑄠𑄬,"এখন, এখন"
𑄥𑄙𑄢𑄧𑄚𑄴 𑄛𑄧𑄢𑄨𑄥𑄧𑄘𑄴,সাধারণ মানুষ
𑄝𑄬𑄇𑄴 𑄎𑄖𑄴 𑄃𑄢𑄧 𑄟𑄚𑄪𑄌𑄴𑄪𑄚𑄮𑄢𑄴 𑄞𑄣𑄬𑄘𑄮𑄢𑄴 𑄃𑄬𑄇𑄴𑄇𑄚𑄴 𑄥𑄙𑄢𑄧𑄚𑄴 𑄟𑄚𑄴𑄘𑄧𑄚𑄴𑄓𑄧 𑄦𑄨𑄎𑄬𑄝𑄬 𑄜𑄧𑄉𑄧𑄘𑄋𑄴 𑄉𑄧𑄢𑄬𑄢𑄴 𑄃𑄬𑄃𑄨,সব জাগা এবং মানুষ একটি সাধারণ মাটিতে বসে আছে
𑄟𑄚𑄬𑄃𑄨 𑄃𑄧𑄙𑄨𑄇𑄢𑄧𑄢𑄴 𑄝𑄬𑄇𑄴𑄇𑄪𑄚𑄧𑄖𑄳𑄠𑄬,. মানুষরা সবার থেকে বেশি দখল করে
𑄥𑄬 𑄃𑄪𑄘𑄨𑄎𑄬 𑄃𑄬𑄇𑄴 𑄃𑄬𑄇𑄴𑄎𑄧𑄚𑄬 𑄃𑄢𑄧 𑄘𑄧𑄥𑄴 𑄞𑄣𑄬𑄘𑄨 𑄝𑄬𑄇𑄴 𑄎𑄉𑄖𑄴 𑄟𑄚𑄬𑄃𑄨 𑄃𑄧𑄙𑄨𑄇𑄢𑄧𑄢𑄴 𑄝𑄬𑄇𑄴𑄇𑄪𑄚𑄧𑄖𑄳𑄠𑄬 𑄜𑄧𑄉𑄧𑄘𑄋𑄨 𑄇𑄉𑄮𑄌𑄴𑄍𑄚𑄴 𑄃𑄟𑄨𑄎𑄬 𑄟𑄧𑄚𑄧𑄖𑄴 𑄢𑄉𑄬𑄃𑄨 𑄥𑄨𑄇𑄴𑄈𑄳𑄠 𑄘𑄬𑄚 𑄃𑄢𑄧 𑄉𑄳𑄠𑄚𑄴 𑄝𑄢𑄚𑄢𑄴 𑄛𑄰𑄘𑄳𑄠𑄚𑄬 𑄃𑄬 𑄃𑄧𑄙𑄨𑄇𑄢𑄚𑄨𑄢𑄴 𑄃𑄢𑄧 𑄥𑄙𑄨𑄇𑄢𑄧𑄖𑄳𑄠𑄬𑄞𑄧𑄎𑄧𑄟𑄚𑄴 𑄎𑄉𑄬𑄃𑄨 𑄖𑄪𑄣𑄨𑄝𑄖𑄳𑄠𑄬 𑄃𑄳𑄦 𑄘𑄬𑄏𑄧 𑄞𑄨𑄘𑄨𑄢𑄬 𑄃𑄳𑄦 𑄃𑄚𑄴𑄖𑄧𑄢𑄴𑄎𑄖𑄨𑄇𑄴𑄥𑄪𑄟𑄪𑄖𑄴𑄮 𑄉𑄧𑄟𑄴 𑄞𑄣𑄬𑄘𑄨 𑄎𑄠𑄴𑄎𑄪𑄇𑄴𑄮𑄣𑄬 𑄝𑄧𑄢𑄴𑄉𑄧 𑄘𑄬𑄏𑄧𑄢𑄴 𑄎𑄖𑄴𑄪𑄚𑄴 𑄃𑄳𑄦 𑄖𑄢𑄳𑄦 𑄞𑄨𑄘𑄨𑄢𑄬 𑄥𑄮𑄟𑄬𑄴 𑄎𑄉𑄢𑄴 𑄟𑄚𑄪𑄌𑄴𑄍𑄪𑄚𑄮𑄢𑄴 𑄞𑄨𑄘𑄨𑄢𑄬 𑄥𑄬 𑄃𑄧𑄙𑄨𑄇𑄢𑄚𑄨𑄢𑄴 𑄝𑄬𑄇𑄴𑄪𑄚𑄮𑄢𑄴 𑄃𑄳𑄦 𑄇𑄟𑄧𑄢𑄴𑄇𑄟𑄴 𑄟𑄚𑄚 𑄃𑄳𑄦 𑄟𑄚𑄴 𑄛𑄬𑄝𑄖𑄳𑄠𑄬 𑄘𑄧𑄢𑄧𑄟𑄧𑄢𑄧 𑄉𑄧𑄢𑄨 𑄌𑄬𑄢𑄬𑄖𑄴𑄖 𑄌𑄣𑄬𑄝𑄇𑄴।,.সে উঠলে আর দশজনে আর দশজনে একসাথে যাবে আর পৃথিবীটাকে ভালো করে দেখার জন্য আর দশজনে একসাথে যাবে।
𑄙𑄢-𑄷,ধারা-১
𑄝𑄬𑄇𑄴 𑄟𑄚𑄪𑄌𑄴𑄍𑄪𑄚𑄴 𑄥𑄙𑄨𑄚𑄴 𑄉𑄧𑄢𑄨 𑄃𑄳𑄦 𑄥𑄧𑄁 𑄃𑄨𑄎𑄴𑄮𑄖𑄴 𑄥𑄧𑄢𑄧𑄟𑄴 𑄃𑄳𑄦 𑄥𑄧𑄁 𑄥𑄧𑄁 𑄃𑄧𑄙𑄨𑄇𑄢𑄴 𑄣𑄮𑄚𑄬𑄃𑄨 𑄎𑄧𑄚𑄧𑄟𑄴 𑄣𑄧𑄚𑄴।,সব মানুষ আশা করে এই পৃথিবীতে সমান সমান সুখ নিে আসুক
𑄖𑄢𑄳𑄦 𑄝𑄪𑄘𑄴𑄙𑄨 𑄃𑄳𑄦 𑄝𑄨𑄝𑄬𑄇𑄴𑄝𑄚𑄴 𑄇𑄨𑄚𑄬𑄃𑄨 𑄥𑄧𑄘𑄧𑄢𑄴 𑄟𑄧𑄚𑄬 𑄌𑄧𑄣𑄧𑄚𑄴-𑄜𑄨𑄢𑄧𑄚𑄴 𑄉𑄧𑄢𑄚 𑄉𑄧𑄢𑄧𑄎𑄴 𑄦𑄧𑄝𑄧।,.তারা বুদ্ধিটা কিনে একা একা চলে যাওা ভালো হবে
𑄙𑄢-𑄸,ধারা ২
"𑄚𑄚𑄚𑄴𑄝𑄝𑄧𑄖𑄳𑄠𑄬 𑄎𑄧𑄉𑄧𑄘𑄋𑄨 (𑄛𑄢𑄴𑄗𑄧𑄇𑄳𑄠) 𑄡𑄬𑄚𑄴- 𑄎𑄘𑄴, 𑄉𑄮𑄎-𑄳𑄟𑄪𑄖𑄴𑄨, 𑄇𑄨𑄠𑄬𑄢𑄧𑄋𑄴, 𑄟𑄨𑄣𑄬-𑄟𑄧𑄢𑄧𑄘𑄴, 𑄞𑄌𑄴, 𑄙𑄧𑄢𑄴𑄟𑄧, 𑄢𑄎𑄴𑄚𑄮𑄖𑄨𑄇𑄴 𑄝𑄳𑄦 𑄚𑄚 𑄎𑄪𑄘𑄮𑄇𑄧𑄙, 𑄘𑄬𑄏𑄧𑄢𑄴 𑄝𑄳𑄦𑄘𑄧𑄌𑄴 𑄞𑄣𑄬𑄘𑄨𑄖𑄴𑄉𑄮𑄎𑄬𑄠𑄬, 𑄎𑄧𑄚𑄧𑄟𑄴𑄃𑄳𑄦𑄎𑄪𑄘𑄮 𑄚𑄚𑄚𑄴𑄝𑄝𑄧𑄖𑄳𑄠 𑄃𑄨𑄎𑄴𑄮𑄖𑄴𑄖𑄚𑄨 𑄝𑄬𑄇𑄴𑄪𑄚𑄬 𑄜𑄧𑄉𑄘𑄋𑄨 𑄇𑄉𑄮𑄎𑄮𑄖𑄴𑄇𑄪𑄠𑄧𑄝𑄪𑄣𑄧 𑄉𑄮𑄌𑄴𑄍𑄬 𑄃𑄧𑄙𑄨𑄇𑄢𑄚𑄨 𑄃𑄳𑄦 𑄥𑄙𑄨𑄇𑄢𑄧𑄢𑄴 𑄘𑄝𑄨𑄘𑄢𑄴।","অনেক বে জগা জগা যাওা, গোজা-ধর্ম, ধর্ম, রাজার বসে যোগ দেওা, জনার বগা এইগুলো সবার সামনে প্রকাশ করবে"
"𑄝𑄬𑄥𑄴𑄞𑄉𑄴 𑄇𑄧𑄚𑄧‘ 𑄟𑄚𑄴𑄎𑄳𑄠 𑄇𑄧𑄚𑄧‘ 𑄘𑄬𑄥𑄴 𑄝 𑄌𑄉𑄣𑄢𑄴 𑄟𑄚𑄪𑄥𑄴 𑄥𑄙𑄨𑄚𑄴, 𑄟𑄪𑄇𑄴𑄖𑄧𑄌𑄉𑄣, 𑄃𑄙 𑄥𑄙𑄨𑄚𑄴 𑄛𑄬𑄃𑄨𑄠𑄬, 𑄝 𑄚𑄚𑄝𑄝𑄧𑄖𑄳𑄠𑄬 𑄉𑄧𑄚𑄴𑄙𑄨 𑄞𑄨𑄘𑄨𑄢𑄬 𑄗𑄘𑄮𑄇𑄴 𑄖𑄢𑄳𑄦𑄢𑄴𑄴 𑄢𑄎𑄚𑄮𑄖𑄨𑄇𑄴, 𑄌𑄉𑄣𑄢𑄴 𑄙𑄪𑄎𑄨 𑄃𑄳𑄦 𑄃𑄚𑄴𑄖𑄧𑄢𑄴𑄎𑄖𑄨𑄇𑄴 𑄟𑄚𑄴 𑄃𑄨𑄎𑄴𑄮𑄖𑄴 𑄚𑄨𑄚𑄬𑄃𑄨 𑄎𑄧𑄉𑄧𑄘𑄁 (𑄛𑄢𑄴𑄗𑄧𑄇𑄳𑄠) 𑄉𑄧𑄢 𑄚𑄧‘ 𑄡𑄬𑄝𑄧।",".সবসম কোনো মানুষ আসে না, মুক্তচো মানুষ আসে না,চলাচল করে শুধু এখানে আসা যা না"
𑄙𑄢-𑄹,ধারা ৩
"𑄝𑄬𑄇𑄴𑄪𑄚𑄮𑄢𑄴 𑄎𑄨𑄁𑄇𑄚𑄨𑄢𑄴 𑄚𑄣𑄴 (𑄘𑄪𑄇𑄴𑄇𑄟𑄴), 𑄥𑄙𑄩𑄚𑄧𑄖 𑄃𑄳𑄦 𑄟𑄚𑄬𑄠𑄮𑄢𑄴 𑄚𑄨𑄢𑄬𑄛𑄧𑄖𑄴𑄖𑄢𑄴 𑄃𑄧𑄙𑄨𑄇𑄢𑄴 𑄃𑄊𑄬।","সবার ছোট নাক (দুপা) ,সমানতা আর আমার সমান অধিকার আছে"
𑄙𑄢-𑄺,ধারা ৪
𑄇𑄢𑄧𑄢𑄬 𑄌𑄉𑄧𑄢𑄴 𑄦𑄨𑄎𑄬𑄝𑄬 𑄝 𑄌𑄉𑄧𑄢𑄧 𑄥𑄚𑄴 𑄉𑄧𑄢𑄨 𑄢𑄉 𑄚𑄧‘ 𑄡𑄬𑄝𑄧: 𑄝𑄬𑄇𑄴 𑄝𑄝𑄧𑄘𑄧𑄢𑄴 𑄌𑄉𑄧𑄢𑄴 𑄥𑄪𑄘𑄮𑄟𑄴 𑄃𑄳𑄦𑄌𑄉𑄧𑄢𑄧𑄇𑄢𑄴𑄝𑄢𑄴 𑄚𑄨𑄥𑄬𑄙𑄴 𑄗𑄬𑄝𑄧।,কাউকে চার জন্য বাছবিচার করতে যাবে না: সব বাির চামা নিে যাবে
𑄙𑄢-𑄻,ধারা ৫
"𑄇𑄢𑄧𑄢𑄬 𑄎𑄪𑄣𑄪𑄟𑄴 𑄝 𑄝𑄧𑄣𑄎𑄪𑄢𑄴, 𑄃𑄧𑄉𑄧𑄟𑄚𑄴 𑄝 𑄃𑄧𑄉𑄧𑄟𑄚𑄴 𑄛𑄃𑄨𑄛𑄢 𑄇𑄎𑄬𑄴𑄇𑄴 𑄝 𑄥𑄥𑄴𑄖𑄨 𑄘𑄨𑄝𑄢𑄴 𑄝𑄙𑄳𑄠 𑄉𑄧𑄢 𑄚𑄧‘ 𑄡𑄬𑄝𑄧।",কারো সাথে বেইমানি বা বেইমানি করা যাবে না
𑄙𑄢-𑄼,ধারা ৬
𑄦𑄬𑄚𑄮𑄢𑄴𑄉𑄧𑄢𑄧𑄎𑄬 𑄝𑄬𑄇𑄴𑄪𑄚𑄧𑄢𑄬 𑄟𑄚𑄪𑄌𑄴 𑄦𑄨𑄎𑄬𑄝𑄬 𑄟𑄚𑄨 𑄣𑄧𑄝𑄢𑄴 𑄃𑄧𑄙𑄨𑄇𑄢𑄴 𑄃𑄊𑄬।,হেঁচারদের সবাইকে মেনে নেওয়ার ক্ষমতা আছে
𑄙𑄢-𑄽,ধারা ৭
𑄦𑄬𑄚𑄮𑄢𑄴𑄟𑄇𑄬𑄴 𑄝𑄬𑄇𑄴𑄪𑄚𑄬 𑄥𑄧𑄁 𑄃𑄳𑄦 𑄇𑄢𑄧𑄢𑄬𑄝𑄬𑄥𑄴𑄇𑄧𑄟𑄴 𑄚𑄧 𑄉𑄧𑄢𑄨 𑄝𑄬𑄇𑄴𑄪𑄚𑄴 𑄦𑄬𑄚𑄮 𑄞𑄨𑄘𑄨𑄢𑄬 𑄥𑄧𑄁 𑄉𑄧𑄢𑄨 𑄗𑄬𑄝𑄢𑄴 𑄃𑄧𑄙𑄨𑄇𑄢𑄴 𑄃𑄊𑄬।,হেঁচেদেরকে সবাই একসাথে থাকার সম আছে
𑄃𑄬 𑄜𑄧𑄉𑄧𑄘𑄋𑄨 𑄇𑄉𑄮𑄌𑄴𑄍𑄚𑄴 𑄚𑄧 𑄟𑄚𑄨𑄚𑄬𑄃𑄨 𑄝𑄬𑄥𑄴𑄇𑄧𑄟𑄴 𑄉𑄧𑄢𑄨𑄣𑄬 𑄝 𑄃𑄬 𑄝𑄬𑄥𑄴𑄇𑄧𑄟𑄚𑄨 𑄇𑄖𑄬𑄴𑄃𑄨 𑄘𑄬𑄚𑄢𑄴 𑄝𑄨𑄢𑄪𑄘𑄬𑄴 𑄥𑄧𑄋𑄴 𑄉𑄧𑄢𑄨 𑄗𑄬𑄝𑄢𑄴 𑄝𑄬𑄇𑄴𑄪𑄚𑄮𑄢𑄴 𑄃𑄧𑄙𑄨𑄇𑄢𑄴 𑄃𑄊𑄬।,এই কাগজটা না মেনে নিলে বা এই কাগজটা কেটে দোর সম সবার অধিকার আছে
𑄙𑄢-𑄾,ধারা ৮
𑄡𑄬 𑄇𑄟𑄚𑄨𑄖𑄳𑄠𑄬𑄦𑄬𑄚𑄴𑄝𑄧𑄚𑄬𑄠𑄮𑄚𑄴 𑄝 𑄦𑄬𑄚𑄮𑄢𑄴 𑄃𑄢𑄋𑄴 𑄃𑄧𑄙𑄨𑄇𑄢𑄚𑄨 𑄣𑄧𑄁𑄊𑄧𑄚𑄴 𑄦𑄧𑄠𑄴 𑄥𑄨𑄠𑄚𑄨𑄖𑄳𑄠𑄬 𑄃𑄪𑄛𑄧𑄡𑄪𑄇𑄴𑄖𑄧 𑄘𑄬𑄏𑄧𑄢𑄴 𑄥𑄣𑄨𑄌𑄴 𑄘𑄧𑄢𑄴𑄝𑄢𑄧𑄖𑄴 𑄝𑄧𑄎𑄨𑄚𑄬𑄃𑄨 𑄃𑄬𑄢𑄚𑄴 𑄛𑄬𑄝𑄢𑄴 𑄃𑄧𑄙𑄨𑄇𑄢𑄴 𑄝𑄬𑄇𑄴𑄪𑄚𑄮𑄢𑄴 𑄃𑄊𑄬।,যে কামগুলো বেশি হেছে বা হাতির পাগুলো বেশি ব হেছে সেগুলো তেতো হেছে আর সবার এটা পাওার ইচ্ছা আছে
𑄙𑄢-𑄿,ধারা ৯
"𑄇𑄢𑄧𑄢𑄬 𑄟𑄧𑄚𑄬 𑄟𑄧𑄚𑄴 𑄎𑄧𑄇𑄴𑄈 𑄉𑄧𑄢𑄨 𑄙𑄧𑄢𑄴-𑄛𑄉𑄧𑄢𑄴, 𑄝𑄧𑄚𑄴 𑄝 𑄙𑄝𑄬𑄃𑄨 𑄘𑄳𑄠𑄠 𑄚𑄧‘ 𑄡𑄬𑄝𑄧।","কাউকে মনে মনে আগ্রহ করে ধরে ধর,বো বা দো যা না"
𑄙𑄢-𑄷𑄶,ধারা-১০
𑄝𑄬𑄇𑄴𑄪𑄚𑄮𑄢𑄴 𑄡𑄢𑄴 𑄡𑄢𑄴 𑄃𑄧𑄙𑄨𑄇𑄢𑄴 𑄃𑄳𑄦𑄇𑄟𑄚𑄨 𑄃𑄳𑄦 𑄥𑄨𑄠𑄚𑄨𑄢𑄴 𑄝𑄨𑄢𑄪𑄘𑄬𑄴 𑄚𑄚𑄝𑄝𑄧𑄖𑄳𑄠𑄬 𑄟𑄢𑄟𑄢𑄨 𑄉𑄧𑄋𑄧𑄣 𑄃𑄚𑄨𑄣𑄬 𑄥𑄨𑄠𑄚𑄨 𑄥𑄧𑄋𑄴 𑄉𑄧𑄢𑄨 𑄥𑄙𑄨𑄚𑄴 𑄃𑄳𑄦 𑄇𑄢𑄧 𑄃𑄨𑄚𑄴𑄘𑄨 𑄝𑄎𑄝𑄎𑄨 𑄚𑄧𑄴 𑄉𑄧𑄢𑄨 𑄘𑄧𑄢𑄴𑄝𑄢𑄧𑄖𑄴 𑄥𑄧𑄋𑄴 𑄖𑄮𑄣𑄴𑄝𑄨𑄌𑄴 𑄃𑄳𑄦 𑄝𑄬𑄇𑄴𑄪𑄚𑄮 𑄟𑄪𑄎𑄪𑄋𑄬 𑄇𑄪𑄠𑄝𑄪𑄣𑄧 𑄉𑄧𑄢𑄨𑄝𑄬𑄢𑄴 𑄃𑄧𑄙𑄨𑄇𑄢𑄴 𑄃𑄊𑄬।,সবাই যার যার ইচ্ছা তার সাথে প্রতিযোগিতা করে আর কে যেন প্রতিযোগিতা করে
𑄙𑄢-𑄷𑄷,ধারা-১১
"𑄇𑄧, 𑄇𑄧𑄚𑄧 𑄘𑄧𑄚𑄴𑄓𑄧 𑄛𑄬𑄝𑄢𑄴 𑄃𑄧𑄛𑄧𑄢𑄙 𑄉𑄧𑄢𑄨 𑄗𑄬𑄣𑄬 𑄝𑄬𑄇𑄴𑄪𑄚𑄮𑄢𑄴 𑄃𑄟𑄧𑄚𑄧𑄟𑄚𑄳𑄠𑄠𑄮 𑄟𑄚𑄨𑄣𑄧𑄚𑄴 𑄛𑄢 𑄃𑄨𑄘𑄨𑄇𑄬𑄴𑄚𑄴 𑄝𑄬𑄇𑄴𑄪𑄚𑄮𑄢𑄴 𑄟𑄪𑄎𑄪𑄋𑄬 𑄘𑄧𑄢𑄴𑄝𑄢𑄧𑄖𑄴 𑄦𑄬𑄚𑄮𑄢𑄴𑄟𑄧𑄖𑄬 𑄇𑄪𑄠𑄝𑄪𑄣𑄧 𑄉𑄧𑄢𑄨 𑄘𑄪𑄥𑄴 𑄚𑄧 𑄛𑄬𑄣𑄬 𑄘𑄪𑄥𑄴 𑄚𑄧‘ 𑄉𑄧𑄢𑄬 𑄦𑄨𑄎𑄬𑄝𑄬 𑄝𑄨𑄝𑄬𑄌𑄧𑄚 𑄛𑄬𑄝𑄢𑄴 𑄃𑄧𑄙𑄨𑄇𑄢𑄴 𑄃𑄊𑄬।",".ক,কোন শাস্তি পেে থাকলে সবার মাথা কষ্ট পেে থাকবে না মনে হ"
"𑄈𑄧, 𑄇𑄢𑄧𑄢𑄬 𑄇𑄧𑄚𑄧 𑄇𑄟𑄧𑄖𑄳𑄠𑄬 𑄞𑄪𑄣𑄴 𑄛𑄬𑄣𑄬𑄘𑄧𑄚𑄴𑄓𑄧 𑄛𑄃𑄨𑄛𑄢 𑄉𑄧𑄢𑄨 𑄘𑄪𑄥𑄴 𑄘𑄳𑄠𑄠 𑄚𑄧‘ 𑄡𑄬𑄝𑄧, 𑄡𑄪𑄚𑄨 𑄎𑄧𑄙 𑄃𑄧𑄇𑄴𑄖𑄧𑄖𑄴 𑄘𑄬𑄏𑄧𑄢𑄴 𑄝 𑄃𑄚𑄴𑄖𑄧𑄢𑄴𑄎𑄖𑄨𑄇𑄴 𑄦𑄬𑄚𑄮𑄟𑄧𑄖𑄬 𑄘𑄧𑄚𑄴𑄓𑄧 𑄛𑄃𑄨𑄛𑄢 𑄘𑄪𑄥𑄴 𑄚𑄧‘ 𑄉𑄧𑄢𑄬।","খ, কাউকে কোনো কাজে ভুল পেলে দুঃখ দো যাবে না,যতগুলো মানুষ পৃথিবীতে আছে তাদের কাউকে কষ্ট দেওা যা না"
𑄃𑄢𑄧 𑄎𑄧𑄙 𑄃𑄧𑄇𑄴𑄖𑄧𑄖𑄴 𑄘𑄧𑄚𑄴𑄓𑄧 𑄛𑄃𑄨𑄛𑄢 𑄘𑄪𑄥𑄴 𑄉𑄧𑄢𑄨 𑄗𑄬𑄣𑄬 𑄡𑄬𑄖𑄴𑄧𑄟𑄚𑄴 𑄥𑄥𑄴𑄖𑄨 𑄛𑄬𑄝𑄢𑄴 𑄇𑄧𑄙 𑄃𑄬𑄣𑄧 𑄥𑄨𑄖𑄴𑄪𑄚𑄴 𑄝𑄬𑄥𑄴 𑄥𑄥𑄴𑄖𑄨 𑄘𑄳𑄠𑄠 𑄚𑄧‘ 𑄡𑄬𑄝𑄧।,.অন্যদের সাথে দন্ড পেে থাকলে এত বেশি কষ্ট পাওা যা না
𑄙𑄢-𑄷𑄸,ধারা-১২
"𑄇𑄢𑄧𑄢𑄬 𑄖 𑄦𑄧𑄉𑄴 𑄝𑄨𑄎𑄨𑄢𑄬, 𑄊𑄧𑄢𑄴-𑄉𑄨𑄢𑄨𑄖𑄴𑄨 𑄝 𑄌𑄨𑄘𑄨𑄛𑄳𑄝𑄳𑄢𑄧𑄧𑄖𑄳𑄠𑄬 𑄟𑄧𑄚𑄬𑄟𑄧𑄚𑄴𑄎𑄧𑄇𑄴𑄈 𑄉𑄧𑄢𑄨 𑄦𑄖𑄴 𑄘𑄬𑄚 𑄝 𑄞𑄧𑄎𑄧𑄟𑄚𑄴 𑄃𑄳𑄦 𑄛𑄰𑄚𑄋𑄨 𑄃𑄳𑄟𑄪𑄪𑄢𑄬 𑄃𑄊𑄖𑄴 𑄘𑄳𑄠𑄠 𑄚𑄧‘ 𑄡𑄬𑄝𑄧।",কাউকে তার মতো করে হাত দো বা দো বা ভালো করে হাত দো যাবে না
𑄙𑄢-𑄷𑄹,ধারা-১৩
"𑄇𑄧, 𑄝𑄬𑄇𑄴𑄪𑄚𑄮𑄢𑄴 𑄃𑄟𑄧𑄚𑄧 𑄙𑄪𑄎𑄨 𑄞𑄨𑄘𑄨𑄢𑄬 𑄃𑄪𑄎𑄮𑄚𑄴 𑄣𑄟𑄧𑄚𑄴 𑄉𑄧𑄢𑄨𑄝𑄢𑄴 𑄃𑄳𑄦 𑄊𑄧𑄢𑄴 𑄝𑄚𑄨𑄝𑄢𑄴 𑄝𑄬𑄇𑄴𑄪𑄚𑄮𑄢𑄴 𑄃𑄧𑄙𑄨𑄇𑄢𑄴 𑄃𑄊𑄬।","ক,সবাই আমার পিছনে দৌাদৌি করার সম আছে"
"𑄈𑄧, 𑄝𑄬𑄇𑄴𑄪𑄚𑄮𑄢𑄴 𑄃𑄟𑄧𑄚𑄧 𑄘𑄬𑄥𑄴𑄥𑄪𑄟𑄪𑄖𑄴𑄮 𑄡𑄬 𑄇𑄮𑄚𑄧 𑄘𑄬𑄥𑄴 𑄍𑄢𑄨 𑄡𑄬𑄝𑄢𑄴 𑄃𑄳𑄦𑄘𑄬𑄏𑄧𑄖𑄴 𑄜𑄨𑄢𑄨 𑄃𑄬𑄝𑄢𑄴 𑄃𑄧𑄙𑄨𑄇𑄢𑄴 𑄃𑄊𑄬।","খ, সবার আমার দোলটা যে কোন দোল থেকে বের হে যাওার ইচ্ছা আছে"
𑄙𑄢-𑄷𑄺,ধারা-১৪
"𑄇𑄧, 𑄎𑄪𑄢𑄴𑄎𑄪𑄣𑄪𑄟𑄴 𑄃𑄬𑄢𑄬𑄝𑄖𑄳𑄠𑄬 𑄝𑄬𑄇𑄴𑄪𑄚𑄮𑄢𑄴 𑄃𑄧𑄚𑄳𑄠𑄧 𑄘𑄬𑄏𑄧𑄖𑄴 𑄦𑄧𑄢𑄴 𑄛𑄬𑄝𑄢𑄴 𑄛𑄳𑄢𑄖𑄴𑄗𑄧𑄚 𑄃𑄳𑄦 𑄦𑄧𑄢𑄴𑄣𑄧𑄝𑄢𑄴 𑄃𑄧𑄙𑄨𑄇𑄢𑄴 𑄃𑄊𑄬।","ক,জুালের আাল দিে সবার ভ পার ইচ্ছা আছে"
"𑄈𑄧, 𑄃𑄧𑄢𑄎𑄴𑄚𑄰𑄖𑄨𑄇𑄴 𑄃𑄧𑄛𑄧𑄢𑄘𑄴 𑄉𑄧𑄢𑄨 𑄗𑄬𑄣𑄬 𑄎𑄖𑄨𑄥𑄧𑄁𑄊𑄧𑄢𑄴 𑄟𑄪𑄣𑄴 𑄚𑄨𑄙𑄨 𑄝𑄨𑄢𑄪𑄘𑄨 𑄇𑄟𑄧𑄖𑄴𑄪𑄚𑄴 𑄥𑄪𑄙𑄮𑄦𑄧𑄠𑄬 𑄎𑄪𑄢𑄴𑄎𑄪𑄣𑄪𑄟𑄚𑄨 𑄃𑄬 𑄃𑄧𑄙𑄨𑄇𑄢𑄴 𑄛 𑄚𑄧‘ 𑄡𑄬𑄃𑄨 𑄛𑄢𑄬।","খ,অপ্রান করে থাকলে জাতিসংঘের মূল নিধির কাজ থেকে রেহাই পাওা যা না"
𑄙𑄢-𑄷𑄻,ধারা-১৫
"𑄇𑄧, 𑄝𑄬𑄇𑄴𑄪𑄚𑄮𑄢𑄴 𑄎𑄖𑄨𑄠𑄧𑄖𑄢𑄴 𑄃𑄧𑄙𑄨𑄇𑄢𑄴 𑄃𑄊𑄬।","কে, সবার জাগা আছে"
"𑄈𑄧, 𑄇𑄢𑄧𑄢𑄬 𑄖 𑄎𑄖𑄨𑄠𑄧𑄖𑄖𑄴𑄪𑄚𑄴 𑄝𑄧𑄚𑄴𑄎𑄨𑄖𑄧 𑄉𑄧𑄢𑄚 𑄝 𑄇𑄢𑄧𑄢𑄴 𑄖 𑄎𑄖𑄨𑄠𑄧𑄖 𑄝𑄧𑄘𑄧𑄣𑄝𑄧𑄘𑄧𑄣𑄧𑄢𑄴 𑄃𑄧𑄙𑄨𑄇𑄢𑄴 𑄃𑄧𑄥𑄨𑄇𑄢𑄴 𑄉𑄧𑄢 𑄚𑄧‘ 𑄡𑄬𑄝𑄧।","খ, কাকে তার দল থেকে আলাদা করা বা কার সাথে তার প্রতিযোগিতা করা যাবে না"
𑄙𑄢-𑄷𑄼,ধারা-১৬
"𑄇𑄧, 𑄝𑄧𑄢𑄧𑄚𑄴-𑄝𑄨𑄢𑄮𑄚𑄴 𑄝𑄧𑄎𑄧𑄢𑄴 𑄟𑄨𑄣𑄬-𑄟𑄧𑄢𑄧𑄘𑄧𑄢𑄴 𑄎𑄘𑄴-𑄝𑄬𑄎𑄘𑄴, 𑄎𑄖𑄨𑄠𑄧𑄖 𑄝 𑄙𑄧𑄢𑄴𑄟𑄧𑄢𑄴 𑄇𑄧𑄚𑄧 𑄃𑄨𑄎𑄬𑄝𑄴-𑄚𑄨𑄉𑄬𑄎𑄴 𑄚𑄧‘ 𑄢𑄉𑄬𑄚𑄬𑄃𑄨 𑄣𑄧𑄣𑄨𑄦𑄧𑄝𑄢𑄴 𑄃𑄳𑄦 𑄉𑄨𑄢𑄨𑄖𑄴𑄨 𑄑𑄋𑄬𑄝𑄢𑄴 𑄃𑄧𑄙𑄨𑄇𑄢𑄴 𑄃𑄊𑄬।","ক,বোন-বসী মেে-অতিরিক্ত মেে-সন্তান প্রসব করার সম অধিকার আছে"
𑄎𑄧𑄢-𑄡𑄧𑄘𑄧𑄚𑄴 𑄚𑄨𑄚𑄬𑄃𑄨 𑄚𑄬𑄇𑄴-𑄟𑄮𑄇𑄴 𑄗𑄚 𑄃𑄧𑄝𑄧𑄥𑄴𑄗𑄖𑄴 𑄃𑄢𑄴 𑄜𑄢𑄧𑄇𑄴 𑄦𑄧𑄘𑄬 𑄖𑄢𑄳𑄦𑄢𑄴 𑄥𑄧𑄋𑄴 𑄥𑄧𑄋𑄴 𑄃𑄧𑄙𑄨𑄇𑄢𑄴 𑄃𑄊𑄬।,জ্বর- জ্বর সেরে উঠার পর আবার আগের অবস্থা হেছে
"𑄈𑄧, 𑄝𑄚 𑄎𑄧𑄢-𑄡𑄧𑄘𑄧𑄚𑄴 𑄉𑄧𑄢𑄨𑄝𑄢𑄴 𑄃𑄨𑄌𑄬𑄴 𑄟𑄨𑄣𑄬 𑄟𑄧𑄢𑄧𑄘𑄧𑄢𑄴 𑄈𑄪𑄣𑄟𑄬𑄣 𑄃𑄳𑄦𑄘𑄧𑄎𑄧𑄢𑄴 𑄥𑄧𑄟𑄴𑄧𑄖𑄨 𑄚𑄨𑄚𑄬𑄃𑄨 𑄚𑄬𑄇𑄴-𑄟𑄮𑄇𑄴 𑄦𑄮𑄠 𑄡𑄬𑄝𑄧।","খ,শুধু জো-জোর সম সম্মতি নিে মানুষ হে যাবে"
"𑄉𑄧, 𑄉𑄨𑄢𑄨 𑄦𑄧𑄣𑄧𑄘𑄬 𑄥𑄧𑄟𑄎𑄧𑄢𑄴 𑄥𑄝𑄝𑄨𑄇𑄴 𑄃𑄳𑄦 𑄟𑄪𑄈𑄳𑄠 𑄃𑄬𑄇𑄧𑄇𑄴: 𑄥𑄧𑄟𑄎𑄴 𑄃𑄳𑄦 𑄘𑄬𑄏𑄧𑄢𑄴 𑄛𑄰𑄘𑄳𑄠𑄚𑄬 𑄖𑄢𑄴 𑄥𑄧𑄁𑄢𑄧𑄇𑄴𑄈𑄨𑄖𑄧 𑄦𑄧𑄝𑄢𑄴 𑄃𑄧𑄙𑄨𑄇𑄢𑄴 𑄃𑄊𑄬।",.নিঃসঙ্গ হওার সম তার সম হেছে
𑄙𑄢-𑄷𑄽,ধারা-১৭
"𑄇𑄧, 𑄝𑄬𑄇𑄴𑄪𑄚𑄮𑄢𑄴 𑄉𑄠𑄴 𑄉𑄠𑄴 𑄃𑄳𑄦 𑄃𑄧𑄚𑄳𑄠𑄎𑄧𑄚𑄧 𑄝𑄧𑄣𑄴𑄮𑄃𑄨 𑄙𑄧𑄚𑄴𑄥𑄧𑄟𑄴𑄛𑄧𑄖𑄴𑄨𑄢𑄴 𑄉𑄨𑄢𑄮𑄎𑄴 𑄦𑄧𑄝𑄢𑄴 𑄃𑄧𑄙𑄨𑄇𑄢𑄴 𑄃𑄊𑄬।",কে সবার গাে গাে ধন-সম্পত্তি গিেছে
"𑄈𑄧, 𑄇𑄢𑄧𑄢𑄬 𑄖 𑄥𑄧𑄟𑄴𑄛𑄧𑄖𑄴𑄨𑄖𑄴𑄪𑄚𑄴 𑄟𑄧𑄚𑄬 𑄟𑄧𑄚𑄴𑄎𑄧𑄇𑄴𑄈 𑄉𑄧𑄢𑄨 𑄝𑄧𑄚𑄴𑄎𑄨𑄖𑄧 𑄉𑄧𑄢 𑄚𑄧 𑄡𑄬𑄝𑄧।","খ, কাউকে তার সম্পত্তি থেকে বঞ্চিত করা যাবে না"
𑄙𑄢-𑄷𑄾,ধারা-১৮
"𑄝𑄬𑄇𑄴 𑄟𑄚𑄪𑄌𑄴𑄪𑄚𑄮𑄢𑄴 𑄌𑄨𑄘𑄬, 𑄃𑄨𑄎𑄴𑄮𑄖𑄴 𑄃𑄳𑄦 𑄙𑄧𑄢𑄴𑄟𑄧𑄢𑄴 𑄥𑄙𑄩𑄚𑄧𑄖𑄢𑄴 𑄃𑄧𑄙𑄨𑄇𑄢𑄴 𑄃𑄊𑄬।","সব মানুষের চিন্তা,এখানে ধর্ম পালনের অধিকার আছে"
"𑄃𑄟𑄧𑄚𑄧 𑄙𑄧𑄢𑄴𑄟𑄧 𑄝𑄳𑄦 𑄙𑄧𑄢𑄴𑄟𑄧𑄢𑄬 𑄝𑄨𑄌𑄴𑄥𑄬𑄌𑄴 𑄉𑄧𑄢𑄨𑄚𑄬𑄃𑄨 𑄝𑄧𑄘𑄧𑄣𑄨 𑄡𑄬𑄝𑄢𑄴 𑄥𑄙𑄩𑄚𑄧𑄖 𑄃𑄳𑄦 𑄉𑄠𑄴 𑄝𑄳𑄦 𑄥𑄟𑄎𑄳𑄠𑄬 𑄣𑄧𑄉𑄬 𑄟𑄨𑄣𑄨𑄏𑄨𑄣𑄨 𑄈𑄮𑄣𑄟𑄬𑄣 𑄝𑄳𑄦 𑄟𑄪𑄢𑄬 𑄟𑄪𑄢𑄬 𑄃𑄟𑄧𑄚𑄧 𑄙𑄧𑄢𑄴𑄟𑄧 𑄝𑄨𑄌𑄴𑄥𑄬𑄌𑄴 𑄉𑄧𑄢𑄨 𑄥𑄨𑄇𑄴𑄈𑄳𑄠 𑄘𑄬𑄚, 𑄜𑄧𑄉𑄧𑄘𑄋𑄴 𑄉𑄧𑄢𑄚, 𑄙𑄧𑄢𑄴𑄟𑄧𑄊𑄧𑄢𑄚𑄨𑄖𑄴 𑄛𑄣𑄧𑄚𑄴 𑄉𑄧𑄢𑄨𑄚𑄬𑄃𑄨 𑄜𑄧𑄉𑄧𑄘𑄋𑄴 𑄉𑄧𑄢𑄨𑄝𑄢𑄴 𑄥𑄙𑄩𑄚𑄧𑄖 𑄃𑄬 𑄃𑄧𑄙𑄨𑄇𑄢𑄚𑄧𑄖𑄴 𑄜𑄉𑄧𑄖𑄴 𑄞𑄮𑄢𑄬𑄠𑄬 𑄃𑄊𑄬।",".আমার ধর্মটা আলাদা করে দেখার ইচ্ছে আছে, প্রকাশ করা, প্রকাশ করা, ধর্ম বািতে পালন করার ইচ্ছা আছে"
𑄙𑄢-𑄷𑄿,"১. ধারা, ধারা ২. ধারা"
𑄝𑄬𑄇𑄴𑄪𑄚𑄮𑄢𑄴 𑄇𑄧𑄙 𑄇𑄧𑄝𑄢𑄴 𑄃𑄳𑄦 𑄇𑄧𑄙 𑄜𑄧𑄉𑄧𑄘𑄋𑄴 𑄉𑄧𑄢𑄨𑄝𑄢𑄴 𑄃𑄧𑄙𑄨𑄇𑄢𑄴 𑄃𑄊𑄬।,সবার কথা বলার সম কথা বলার অধিকার আছে
𑄇𑄧𑄚𑄧‘ 𑄙𑄧𑄢𑄝𑄙 𑄚𑄬𑄃𑄨 𑄉𑄧𑄢𑄨 𑄇𑄧𑄙 𑄃𑄳𑄦 𑄡𑄨𑄋𑄨𑄢𑄨 𑄦𑄧𑄝𑄧𑄴𑄦𑄮𑄇𑄴 𑄘𑄬𑄏𑄧 𑄙𑄪𑄏𑄨𑄢𑄴 𑄌𑄬𑄢𑄮𑄇𑄨𑄖𑄴𑄪𑄚𑄴 𑄖𑄧𑄖𑄴𑄧 𑄃𑄳𑄦 𑄇𑄧𑄙 𑄖𑄮𑄉𑄬𑄃𑄨 𑄣𑄮𑄚𑄬𑄃𑄨 𑄃𑄳𑄦 𑄎𑄚𑄬𑄃𑄨 𑄘𑄨𑄝𑄢𑄴 𑄃𑄬 𑄃𑄧𑄙𑄨𑄇𑄢𑄚𑄧𑄖𑄴 𑄜𑄉𑄧𑄖𑄴 𑄞𑄮𑄢𑄬𑄠𑄬 𑄃𑄊𑄬।,কোন ধরাবাঁধা না করে কথা বলতে বলতে শরীরটা কেমন হেছে
𑄙𑄢-𑄸𑄶,ধারা২০
𑄇𑄧. 𑄝𑄬𑄇𑄴𑄪𑄚𑄮𑄢𑄴 𑄚𑄨𑄢𑄨𑄝𑄨𑄣𑄨 𑄉𑄧𑄢𑄨 𑄃𑄬𑄉𑄧𑄖𑄴𑄧𑄢𑄴 𑄦𑄧𑄝𑄢𑄴 𑄃𑄧𑄙𑄨𑄇𑄢𑄴 𑄃𑄊𑄬।,ক. সবার নিরিবিলি করে আসার অধিকার আছে
𑄈𑄧. 𑄇𑄢𑄧𑄢𑄬 𑄇𑄧𑄚𑄧‘ 𑄎𑄧𑄘 𑄦𑄧𑄝𑄖𑄳𑄠𑄬 𑄝𑄙 𑄘𑄨𑄠𑄳𑄠𑄬 𑄚𑄧𑄴 𑄡𑄬𑄝𑄧‘।,খ. কাউকে কোন কাজে বাধা দিে যাবে না
𑄙𑄢-𑄸𑄷,ধারা২১
𑄇𑄧. 𑄥𑄧𑄢𑄥𑄧𑄢𑄨 𑄝𑄳𑄦 𑄃𑄧𑄝𑄙𑄬 𑄚𑄨𑄢𑄴𑄝𑄌𑄨𑄖𑄧 𑄟𑄚𑄪𑄌𑄴𑄪𑄚𑄮𑄢𑄴 𑄃𑄬𑄎𑄣𑄬 𑄃𑄟𑄧𑄚𑄧 𑄘𑄬𑄏𑄧𑄢𑄴 𑄥𑄧𑄢𑄴𑄇𑄢𑄧𑄢𑄬 𑄜𑄉𑄧𑄖𑄴 𑄞𑄮𑄢𑄬𑄝𑄢𑄴 𑄃𑄧𑄙𑄨𑄇𑄢𑄴 𑄝𑄬𑄇𑄴𑄪𑄚𑄮𑄢𑄴 𑄃𑄊𑄬।,১. সরাসরি বািে আসা মানুষদের সাথে মেশার অধিকার সবার আছে
𑄈𑄧. 𑄝𑄬𑄇𑄴𑄪𑄚𑄮𑄢𑄴 𑄃𑄟𑄧𑄚𑄧 𑄘𑄬𑄏𑄧𑄢𑄴 𑄥𑄧𑄢𑄴𑄇𑄢𑄨 𑄌𑄳𑄟𑄪𑄢𑄨𑄖𑄴 𑄥𑄧𑄋𑄴 𑄥𑄧𑄋𑄴 𑄎𑄪 𑄛𑄬𑄝𑄢𑄴 𑄃𑄧𑄙𑄨𑄇𑄢𑄴 𑄃𑄊𑄬।,খ. সবার আমার দোলের চূা অনেক অনেক জুে পার ইচ্ছা আছে
𑄉𑄧. 𑄝𑄬𑄇𑄴 𑄟𑄚𑄪𑄌𑄴𑄪𑄚𑄮𑄢𑄴 𑄟𑄧𑄚𑄬𑄟𑄧𑄚𑄴𑄎𑄧𑄇𑄴𑄈 𑄉𑄧𑄢𑄨 𑄦𑄧𑄝𑄧𑄘𑄬 𑄥𑄧𑄢𑄴𑄇𑄢𑄧𑄢𑄴 𑄈𑄬𑄟𑄧𑄖𑄢𑄴 𑄈𑄪𑄘𑄮।,.কেকটা মানুষ মনে করবে সার খোল করবে
𑄃𑄬 𑄟𑄧𑄚𑄬 𑄟𑄧𑄚𑄴𑄎𑄧𑄇𑄴𑄈 𑄝𑄬𑄇𑄴𑄪𑄚𑄧𑄖𑄳𑄠𑄬 𑄥𑄧𑄋𑄴 𑄉𑄧𑄢𑄨 𑄞𑄮𑄑𑄴 𑄘𑄬𑄚𑄢𑄴 𑄉𑄧𑄢𑄧𑄎𑄬 𑄃𑄧𑄇𑄴𑄖𑄧𑄟𑄧𑄎𑄨𑄟𑄴 𑄃𑄳𑄦 𑄃𑄎𑄧𑄣𑄴 𑄚𑄨𑄢𑄴𑄝𑄌𑄧𑄚𑄴 𑄉𑄧𑄢𑄨 𑄎𑄧𑄚𑄚 𑄦𑄧𑄝𑄧।,.এই মনে হ সবাই সমান করে ভোট দিবে।
𑄟𑄪𑄢𑄬 𑄟𑄪𑄢𑄬 𑄝𑄳𑄦 𑄥𑄬 𑄝𑄝𑄧𑄖𑄳𑄠 𑄉𑄧𑄢𑄨 𑄃𑄧𑄝𑄘𑄬 𑄞𑄮𑄑𑄴 𑄘𑄨𑄚𑄬𑄃𑄨 𑄚𑄨𑄢𑄴𑄝𑄌𑄧𑄚𑄴 𑄉𑄧𑄢 𑄦𑄧𑄝𑄧।,"গোপনে গোপনে, গোপনে, গোপনে, গোপনে"
𑄙𑄢-𑄸𑄸,ধারা ২
𑄥𑄧𑄟𑄎𑄧𑄢𑄴 𑄟𑄚𑄪𑄌𑄴 𑄦𑄨𑄎𑄬𑄝𑄬 𑄝𑄬𑄇𑄴𑄪𑄚𑄮𑄢𑄴 𑄥𑄧𑄟𑄎𑄧𑄢𑄴 𑄚𑄨𑄢𑄛𑄧𑄖𑄴𑄖𑄢𑄴 𑄃𑄧𑄙𑄨𑄇𑄢𑄴 𑄃𑄊𑄬।,সামাজিক মানুষরা বেঁচে থাকলে সবার নিরাপত্তা আছে
"𑄝𑄬𑄇𑄴𑄪𑄚𑄬 𑄘𑄬𑄏𑄧𑄢𑄴 𑄌𑄬𑄢𑄬𑄖𑄴𑄖 𑄃𑄳𑄦 𑄃𑄚𑄴𑄖𑄧𑄢𑄴𑄎𑄖𑄨𑄇𑄴 𑄃𑄬𑄎𑄣𑄧𑄢𑄴 𑄛𑄯𑄘𑄳𑄠𑄚𑄬 𑄝𑄬𑄇𑄴 𑄘𑄬𑄌𑄴𑄥𑄚𑄨 𑄎𑄧𑄙 𑄃𑄳𑄦 𑄥𑄧𑄟𑄴𑄝𑄧𑄖𑄴𑄨 𑄃𑄧𑄚𑄪𑄟𑄚𑄬 𑄟𑄚𑄴 𑄃𑄨𑄎𑄴𑄮𑄖𑄴 𑄃𑄳𑄦 𑄚𑄨𑄢𑄴𑄞𑄧𑄠𑄬 𑄥𑄧𑄖𑄧𑄖 𑄝𑄨𑄣𑄨𑄚𑄧𑄖𑄳𑄠𑄬 𑄘𑄧𑄢𑄴𑄇𑄢𑄴 𑄟𑄧𑄎𑄨𑄟𑄴 𑄃𑄧𑄢𑄴𑄗𑄧𑄚𑄮𑄖𑄨𑄇𑄴, 𑄥𑄟𑄎𑄨𑄇𑄴 𑄃𑄳𑄦 𑄥𑄁𑄥𑄴 𑄨𑄳𑄢𑄖𑄨𑄇𑄴 𑄃𑄧𑄙𑄨𑄇𑄢𑄚𑄨 𑄃𑄘𑄠𑄴 𑄉𑄧𑄢𑄨 𑄛𑄢𑄨𑄝𑄇𑄴।","সবাই দেখতেছে, সবাই মনে করছে যে মানুষরা আগের চাইতে অনেক ধনী, সামাজিক আর সামাজিক সুখগুলো একা একা করতে পারবে"
𑄙𑄢-𑄸𑄹,ধারা-২৩
"𑄇𑄧. 𑄝𑄬𑄇𑄴𑄪𑄚𑄮𑄢𑄴 𑄇𑄟𑄴 𑄉𑄧𑄢𑄨𑄝𑄢𑄴, 𑄎𑄣𑄛𑄴𑄝𑄧𑄢𑄴 𑄌𑄳𑄟𑄪𑄢𑄨 𑄎𑄠𑄴𑄎𑄪𑄉𑄮𑄣𑄴 𑄉𑄧𑄢𑄨𑄚𑄬𑄃𑄨 𑄇𑄟𑄚𑄨𑄖𑄳𑄠𑄬 𑄃𑄢𑄋𑄴 𑄃𑄳𑄦 𑄉𑄧𑄟𑄴 𑄛𑄧𑄢𑄨𑄝𑄬𑄥𑄴 𑄛𑄬𑄃𑄨𑄚𑄬 𑄃𑄳𑄦 𑄝𑄬𑄇𑄢𑄧𑄖𑄴𑄪𑄚𑄴 𑄢𑄧𑄇𑄴𑄈𑄳𑄠𑄬 𑄛𑄬𑄝𑄢𑄴 𑄃𑄧𑄙𑄨𑄇𑄢𑄴 𑄃𑄊𑄬।","ক. সবার কাজ করার, জালাপ্পা করে কামানো আর পাহাের চূা দিে কামানোর ইচ্ছা আছে"
𑄈𑄧. 𑄝𑄬𑄇𑄴𑄪𑄚𑄧𑄢𑄬 𑄇𑄧𑄚𑄧‘ 𑄎𑄪𑄘𑄮 𑄚𑄧‘ 𑄉𑄧𑄢𑄨 𑄥𑄧𑄋𑄴 𑄇𑄟𑄚𑄨𑄖𑄳𑄠𑄬 𑄥𑄧𑄋𑄴 𑄉𑄧𑄢𑄨 𑄘𑄪𑄊𑄧‘ 𑄦𑄧𑄉𑄴 𑄛𑄬𑄝𑄢𑄴 𑄃𑄧𑄙𑄨𑄇𑄢𑄴 𑄃𑄊𑄬।,খ. সবাইকে কোনো যোগা না করে সম করে হে যাওার অধিকার আছে
𑄉𑄧. 𑄝𑄬𑄇𑄴 𑄇𑄟𑄬𑄃𑄨 𑄉𑄧𑄢𑄨𑄠𑄬𑄃𑄪𑄚𑄬 𑄃𑄟𑄧𑄚𑄧𑄢𑄴 𑄃𑄳𑄦 𑄛𑄧𑄢𑄨𑄝𑄢𑄧𑄖𑄴 𑄟𑄚𑄴 𑄃𑄨𑄎𑄴𑄮𑄖𑄴 𑄢𑄧𑄇𑄴𑄈𑄳𑄠𑄬 𑄉𑄧𑄢𑄨𑄝𑄢𑄴 𑄈𑄬𑄟𑄧𑄖 𑄦𑄠𑄴 𑄃𑄬𑄝𑄝𑄧𑄖𑄳𑄠𑄬 𑄦𑄧𑄉𑄴 𑄃𑄳𑄦 𑄉𑄧𑄟𑄴 𑄘𑄪𑄊𑄮 𑄦𑄧𑄉𑄴 𑄃𑄳𑄦 𑄡𑄪𑄚𑄨 𑄉𑄧𑄢𑄧𑄌𑄴 𑄦𑄧𑄠𑄴 𑄃𑄨𑄠𑄚𑄨 𑄣𑄧𑄉𑄬 𑄥𑄧𑄟𑄎𑄧𑄢𑄴 𑄚𑄨𑄢𑄛𑄧𑄖𑄴𑄖𑄖𑄳𑄠𑄬 𑄚𑄚𑄝𑄝𑄧𑄖𑄳𑄠𑄬 𑄃𑄬𑄎𑄣𑄴 𑄛𑄬𑄝𑄢𑄴 𑄃𑄧𑄙𑄨𑄇𑄢𑄴 𑄃𑄊𑄬।,.কেকটা কাজ করার পর আমার মনে হ যে আমার অনেক কষ্ট হেছে
𑄊𑄧. 𑄝𑄬𑄇𑄴𑄪𑄚𑄬 𑄃𑄟𑄧𑄚𑄧 𑄟𑄚𑄴 𑄢𑄧𑄇𑄴𑄈𑄳𑄠𑄬 𑄉𑄧𑄢𑄨𑄝𑄖𑄳𑄠𑄬 𑄇𑄟𑄬𑄃𑄨 𑄉𑄧𑄢𑄨𑄠𑄬𑄃𑄪𑄚𑄴 𑄎𑄧𑄙 𑄝𑄚𑄚 𑄃𑄳𑄦 𑄃𑄨𑄠𑄮𑄖𑄴 𑄥𑄧𑄢𑄨𑄇𑄴 𑄦𑄧𑄝𑄢𑄴 𑄃𑄧𑄙𑄨𑄇𑄢𑄴 𑄃𑄊𑄬।,.সবাই আমার মতো গরিব হলেও এখানে স্বাধীন হওার অধিকার আছে
𑄙𑄢-𑄸𑄺,ধারা-২৩
𑄝𑄬𑄇𑄴𑄪𑄚𑄮𑄢𑄴 𑄎𑄨𑄢𑄬𑄝𑄢𑄴 𑄃𑄳𑄦 𑄢𑄧𑄁 𑄖𑄟𑄎𑄢𑄴 𑄃𑄧𑄙𑄨𑄇𑄢𑄴 𑄃𑄊𑄬।,সবাই বেঁচে থাকার সম আছে
𑄇𑄟𑄧‘ 𑄃𑄧𑄇𑄴𑄖𑄧𑄖𑄴 𑄉𑄧𑄢𑄧𑄎𑄴 𑄟𑄧𑄎𑄨𑄟𑄴 𑄘𑄪𑄊𑄧‘ 𑄦𑄧𑄉𑄴𑄥𑄪𑄟𑄪𑄖𑄴𑄮 𑄘𑄧𑄢𑄴𑄇𑄢𑄴 𑄣𑄇𑄬𑄴 𑄍𑄪𑄑𑄨 𑄛𑄬𑄝𑄢𑄴 𑄃𑄧𑄙𑄨𑄇𑄢𑄧‘ 𑄞𑄨𑄘𑄨𑄢𑄬 𑄜𑄉𑄧𑄖𑄴 𑄃𑄊𑄬।,কাজ করতে করতে কোমর বাঁকা হে যাবার মতো অবস্থা আছে
𑄙𑄢-𑄸𑄻,ধারা ২. ধারা ৩. ধারা ৩. ধারা
𑄇𑄧. 𑄃𑄟𑄧𑄚𑄧𑄢𑄴 𑄃𑄳𑄦 𑄃𑄟𑄧𑄚𑄧 𑄛𑄧𑄢𑄨𑄝𑄢𑄧𑄢𑄴 𑄉𑄃𑄮𑄣𑄨 𑄉𑄧𑄟𑄧𑄖𑄳𑄠𑄬 𑄥𑄪𑄊𑄬 𑄎𑄩𑄁𑄇𑄚𑄨 𑄉𑄧𑄋𑄬𑄝𑄢𑄴 𑄃𑄧𑄙𑄨𑄇𑄢𑄴 𑄃𑄊𑄬।,".ক,আমার নিজের বািে ভালো করে জীবন কাটানোর ইচ্ছা আছে"
"𑄈𑄬𑄝𑄢𑄴-𑄘𑄬𑄝𑄢𑄴, 𑄃𑄪𑄢𑄮𑄚𑄴-𑄛𑄨𑄚𑄮𑄚𑄴, 𑄊𑄧𑄢𑄴-𑄉𑄨𑄢𑄨𑄖𑄴𑄨, 𑄥𑄬𑄝 𑄃𑄳𑄦 𑄘𑄧𑄢𑄴𑄇𑄢𑄴 𑄟𑄧𑄎𑄨𑄟𑄴 𑄘𑄥𑄴 𑄞𑄣𑄬𑄘𑄨 𑄥𑄬𑄝 𑄇𑄟𑄚𑄨𑄖𑄳𑄠𑄬 𑄎𑄪 𑄃𑄳𑄦 𑄝𑄬𑄇𑄢𑄴, 𑄛𑄨𑄢𑄬, 𑄃𑄧𑄇𑄴𑄧𑄟𑄴, 𑄝𑄰𑄙𑄧𑄝𑄳𑄠𑄧 𑄃𑄣𑄳𑄦 𑄚𑄚𑄚𑄴 𑄇𑄢𑄧𑄚𑄬 𑄎𑄩𑄁𑄇𑄚𑄨 𑄉𑄧𑄋𑄬𑄝𑄢𑄴 𑄃𑄇𑄴𑄧𑄟𑄚𑄨𑄖𑄴𑄪𑄚𑄴 𑄃𑄬𑄢𑄚𑄴 𑄛𑄬𑄝𑄢𑄴 𑄃𑄧𑄙𑄨𑄇𑄢𑄚𑄨𑄖𑄴 𑄜𑄉𑄧𑄖𑄴 𑄌𑄮𑄟𑄬𑄴 𑄃𑄊𑄬।",".খাওার-দাওা,জীবন-জীবিকা করার জন্য জুে আছে।"
𑄈𑄧. 𑄝𑄨𑄚𑄨𑄟𑄨𑄣𑄬 𑄃𑄳𑄦 𑄌𑄨𑄉𑄮𑄚𑄴𑄳𑄟𑄪𑄢𑄮 𑄃𑄧𑄇𑄴𑄖𑄧𑄖𑄴 𑄝𑄬𑄇𑄴𑄪𑄚𑄮𑄢𑄴 𑄥𑄬𑄝 𑄃𑄳𑄦 𑄃𑄬𑄎𑄣𑄴 𑄛𑄬𑄝𑄢𑄴 𑄃𑄧𑄙𑄨𑄇𑄢𑄴 𑄃𑄊𑄬।,"খ. বিনিমেে, ছোট ছেলে-মেে সবার সেবা করার ইচ্ছা আছে"
𑄎𑄧𑄢-𑄡𑄧𑄘𑄧𑄚𑄴 𑄃𑄮𑄚𑄬𑄃𑄨 𑄎𑄧𑄚𑄧𑄟𑄴 𑄣𑄧𑄣𑄬 𑄃𑄳𑄦 𑄎𑄧𑄢-𑄡𑄧𑄘𑄧𑄚𑄴 𑄚𑄧𑄴 𑄃𑄮𑄠𑄬 𑄉𑄧𑄢𑄨 𑄎𑄧𑄚𑄧𑄟𑄴 𑄣𑄧𑄣𑄬𑄠𑄮 𑄝𑄬𑄇𑄴 𑄌𑄨𑄉𑄮𑄚𑄴𑄳𑄟𑄪𑄢𑄮𑄃𑄪𑄚𑄴 𑄥𑄧𑄋𑄴 𑄥𑄧𑄋𑄴 𑄉𑄧𑄢𑄨 𑄥𑄧𑄟𑄎𑄧𑄢𑄴 𑄚𑄨𑄢𑄛𑄧𑄖𑄴𑄖 𑄞𑄮𑄉𑄴 𑄉𑄧𑄢𑄨𑄝𑄇𑄴।,জরা-জা কম করে মানুষ নিে এলেও সব ছোটরা সমান সমান করে সামাজিক নিরাপত্তা ভোগ করে
𑄙𑄢-𑄸𑄼,১. ধারা ২. ধারা
𑄇𑄧. 𑄝𑄬𑄇𑄴𑄪𑄚𑄮𑄢𑄴 𑄥𑄨𑄇𑄴𑄈𑄳𑄠 𑄛𑄬𑄝𑄢𑄴 𑄃𑄧𑄙𑄨𑄇𑄢𑄴 𑄃𑄊𑄬।,ক. সবার সেটা পার অধিকার আছে
𑄇𑄧𑄟𑄬𑄘𑄨 𑄛𑄳𑄢𑄗𑄧𑄟𑄨𑄇𑄴 𑄃𑄳𑄦 𑄃𑄢𑄋𑄴 𑄥𑄨𑄇𑄴𑄈𑄳𑄠 𑄛𑄬𑄝𑄧।,কেকটা প্রাক সম আর তত ব হবে
𑄛𑄳𑄢𑄗𑄧𑄟𑄨𑄇𑄴 𑄥𑄨𑄇𑄴𑄈𑄳𑄠 𑄝𑄧𑄣𑄬𑄎𑄪𑄢𑄬 𑄥𑄨𑄊 𑄛𑄧𑄢𑄨𑄝𑄮।,প্রথম থেকে শেষ পর্যন্ত সেলাই করতে হবে
𑄇𑄧𑄣𑄴𑄇𑄢𑄴𑄈𑄚 𑄃𑄳𑄦 𑄇𑄝𑄨𑄣𑄴 𑄥𑄨𑄇𑄴𑄈𑄳𑄠𑄚𑄨𑄠𑄧 𑄛𑄬𑄝𑄧 𑄃𑄳𑄦 𑄃𑄳𑄟𑄪𑄪𑄢𑄮 𑄇𑄬𑄣𑄎𑄧 𑄥𑄨𑄇𑄴𑄈𑄳𑄠 𑄛𑄬𑄝𑄖𑄳𑄠𑄬 𑄟𑄧𑄘𑄧 𑄃𑄧𑄚𑄪𑄟𑄚𑄬 𑄥𑄧𑄋𑄴 𑄉𑄧𑄢𑄨 𑄈𑄪𑄣𑄧 𑄗𑄬𑄝𑄧।,কোকড়ানো কোকড়ানো কাপগুলো পেে যাবে আর সবার সামনে মদ অনুমান করে চুপ করে থাকবে
𑄈𑄧. 𑄉𑄧𑄟𑄴 𑄟𑄪𑄚𑄨𑄌𑄴𑄮𑄢𑄴 𑄃𑄳𑄦 𑄟𑄚𑄴 𑄃𑄨𑄎𑄴𑄮𑄘𑄧𑄢𑄴 𑄃𑄧𑄙𑄨𑄇𑄢𑄴 𑄃𑄳𑄦 𑄃𑄢𑄋𑄴 𑄥𑄙𑄨𑄇𑄢𑄚𑄨𑄥𑄪𑄟𑄪𑄖𑄴𑄮 𑄞𑄧𑄎𑄧𑄟𑄚𑄴 𑄉𑄧𑄢𑄨𑄝𑄢𑄴 𑄟𑄧𑄉𑄴𑄚𑄧𑄉𑄧𑄢𑄨 𑄥𑄨𑄇𑄴𑄈𑄳𑄠𑄠𑄧𑄚𑄴 𑄦𑄣𑄴 𑄙𑄧𑄢 𑄛𑄧𑄢𑄨𑄝𑄧‘।,কেকটা ভালো মেে আর পাহাের সমে অনেক কষ্ট করতে হবে
"𑄝𑄪𑄏𑄴 𑄛𑄛𑄨, 𑄟𑄢𑄟𑄢𑄨 𑄃𑄣𑄳𑄦 𑄝𑄬𑄇𑄴 𑄎𑄖𑄴𑄪𑄚𑄧‘ 𑄌𑄬𑄋𑄬𑄢 𑄃𑄳𑄦 𑄙𑄧𑄢𑄴𑄟𑄧𑄢𑄴 𑄎𑄖𑄴 𑄦𑄨𑄎𑄬𑄝𑄬 𑄊𑄧𑄚𑄨𑄌𑄴𑄑𑄧 𑄇𑄪𑄘𑄪𑄟𑄴 𑄝𑄢𑄚 𑄃𑄳𑄦 𑄥𑄚𑄴𑄖𑄨 𑄢𑄧𑄇𑄴𑄈𑄳𑄠𑄬 𑄉𑄧𑄢𑄨𑄝𑄖𑄳𑄠𑄬 𑄎𑄖𑄨𑄥𑄧𑄁𑄊𑄧 𑄇𑄟𑄴 𑄝𑄢𑄬𑄝𑄧‘।","বুঝ পাা, মারামারি করা সব জাগা চলে যাবে"
𑄉𑄧. 𑄡𑄬𑄘𑄧𑄇𑄴𑄈𑄚𑄨 𑄥𑄨𑄇𑄴𑄈𑄳𑄠 𑄳𑄟𑄪𑄢𑄮𑄃𑄪𑄚𑄧𑄢𑄬 𑄘𑄳𑄠𑄠 𑄦𑄧𑄝𑄧 𑄥𑄨𑄠𑄚𑄨 𑄛𑄰𑄣𑄳𑄠𑄖𑄴𑄪𑄚𑄴 𑄙𑄧𑄢𑄨 𑄟-𑄝𑄝𑄧𑄢𑄴 𑄝𑄏𑄨 𑄣𑄧𑄝𑄢𑄴 𑄃𑄧𑄙𑄨𑄇𑄢𑄴 𑄃𑄊𑄬।,. কেকটা পাহাি পাহাে দো হবে সেগুলো ধরে মা-বাির বাি নিে যাবার ক্ষমতা আছে
𑄙𑄢-𑄸𑄽,ধারা-২৭
"𑄇𑄧. 𑄝𑄬𑄇𑄴𑄪𑄚𑄮𑄢𑄴 𑄎𑄖𑄴 𑄦𑄨𑄎𑄬𑄝𑄬 𑄥𑄁𑄥𑄴 𑄨𑄖𑄨𑄇𑄴 𑄎𑄩𑄝𑄧𑄚𑄧𑄖𑄴 𑄚𑄨𑄢𑄴𑄞𑄧𑄠𑄬 𑄟𑄨𑄎𑄨𑄚𑄬𑄃𑄨, 𑄥𑄨𑄣𑄴𑄛𑄧𑄇𑄧𑄣 𑄣𑄢𑄴𑄌𑄢𑄴 𑄉𑄧𑄢𑄚 𑄃𑄳𑄦 𑄝𑄨𑄉𑄴𑄉𑄳𑄠𑄚𑄴 𑄃𑄪𑄎𑄮𑄚𑄴𑄘𑄨 𑄃𑄳𑄦 𑄃𑄬 𑄇𑄟𑄧𑄢𑄴𑄜𑄧𑄣𑄚𑄨𑄖𑄴 𑄥𑄧𑄢𑄨𑄇𑄴 𑄦𑄧𑄝𑄢𑄴 𑄃𑄧𑄙𑄨𑄇𑄢𑄴 𑄃𑄊𑄬।","ক.সবাই সাঙ্গপাঙ্গ জীবনে নিে গেছে, সেলাই করা আর বিালটা উপরে তোলা এই কাজে স্বস্তি আছে"
𑄙𑄢-𑄸𑄾,ধারা-২৮
𑄝𑄬𑄇𑄴𑄪𑄚𑄬 𑄃𑄬𑄟𑄧𑄚𑄴 𑄃𑄬𑄇𑄴𑄇𑄚𑄴 𑄥𑄟𑄎𑄨𑄇𑄴 𑄃𑄳𑄦 𑄃𑄚𑄴𑄖𑄧𑄢𑄴𑄎𑄖𑄨𑄇𑄴 𑄝𑄳𑄠𑄝𑄧𑄥𑄴𑄗𑄖𑄳𑄠𑄬 𑄥𑄧𑄖𑄴𑄧𑄝𑄚𑄴 𑄡𑄨𑄠𑄮𑄖𑄴 𑄜𑄧𑄉𑄧𑄘𑄋𑄨 𑄇𑄉𑄮𑄎𑄴𑄌𑄚𑄧𑄖𑄴 𑄃𑄊𑄬𑄘𑄬 𑄃𑄧𑄙𑄨𑄇𑄢𑄚𑄨 𑄃𑄳𑄦 𑄥𑄙𑄩𑄚𑄴𑄉𑄧𑄢𑄨 𑄉𑄧𑄟𑄬𑄘𑄣𑄬 𑄃𑄘𑄠𑄴 𑄉𑄧𑄢 𑄡𑄬𑄝𑄧‘।,সবাই এমন একটি সমে সমে আছে যেখানে তাদের সম্পত্তিগুলো ভাগ করা যাবে
𑄙𑄢-𑄸𑄿,ধারা-২৯
𑄇𑄧. 𑄝𑄬𑄇𑄴𑄪𑄚𑄮𑄢𑄴 𑄥𑄧𑄟𑄎𑄧𑄖𑄳𑄠𑄬 𑄘𑄠𑄴-𑄘𑄠𑄨𑄖𑄴𑄧 𑄃𑄊𑄬 𑄡𑄬 𑄥𑄧𑄟𑄎𑄧𑄖𑄴 𑄃𑄝𑄧𑄢𑄴𑄈𑄬𑄠𑄬 𑄃𑄨𑄎𑄴𑄧𑄘𑄧𑄢𑄴 𑄃𑄧𑄝𑄙𑄴 𑄃𑄳𑄦 𑄖𑄮𑄎𑄨𑄟𑄴𑄛𑄪𑄢𑄮 𑄉𑄧𑄢𑄨 𑄝𑄨𑄣𑄬𑄚 𑄦𑄧𑄠𑄴।,.ক. সবার সংগঠনে দািে দািে আছে যে সংগঠনে অনেক বেশি দৌাদৌি করা হ
𑄈𑄧. 𑄃𑄟𑄧𑄚𑄧‘ 𑄃𑄧𑄙𑄨𑄇𑄢𑄴 𑄃𑄳𑄦 𑄥𑄙𑄨𑄚𑄧𑄖 𑄛𑄳𑄢𑄧𑄠𑄮𑄉𑄴 𑄉𑄧𑄖𑄬𑄴 𑄥𑄧𑄣𑄖𑄴 𑄝𑄬𑄇𑄴𑄪𑄚𑄧𑄖𑄳𑄠𑄬 𑄝𑄚 𑄃𑄬𑄠𑄚𑄳𑄠𑄬 𑄥𑄩𑄟𑄝𑄘𑄴𑄙𑄧𑄖 𑄗𑄬𑄝𑄧‘𑄡𑄨𑄠𑄚𑄴 𑄝𑄚 𑄃𑄧𑄚𑄳𑄠 𑄎𑄧𑄚𑄧𑄢𑄴 𑄃𑄧𑄙𑄨𑄇𑄢𑄴 𑄃𑄳𑄦 𑄥𑄙𑄨𑄚𑄧𑄖𑄚𑄨 𑄟𑄚𑄨𑄣𑄧𑄚 𑄃𑄳𑄦 𑄞𑄧𑄎𑄧𑄟𑄚𑄴 𑄚𑄨𑄌𑄴𑄌𑄨𑄖𑄧 𑄉𑄧𑄢𑄚।,"খ. আমি তোমার জন্য অপেক্ষা করতেছি, শুধু এই সীমাটা মেনে নো আর ভালো করে অপেক্ষা করা"
"𑄃𑄬𑄇𑄴𑄇𑄚𑄴 𑄉𑄧𑄚𑄧𑄖𑄚𑄴𑄳𑄝𑄨𑄇𑄴 𑄥𑄧𑄟𑄎𑄧𑄖𑄴 𑄚𑄰𑄖𑄨𑄇𑄧𑄖, 𑄉𑄧𑄚𑄧𑄥𑄳𑄢𑄨𑄁𑄇𑄧𑄣 𑄃𑄳𑄦 𑄥𑄙𑄢𑄧𑄕𑄴 𑄇𑄧𑄣𑄳𑄠𑄚𑄧𑄢𑄴 𑄃𑄢𑄋𑄴 𑄉𑄧𑄢𑄧𑄎𑄴𑄌𑄚𑄨 𑄛𑄬𑄝𑄖𑄳𑄠𑄬 𑄃𑄬 𑄝𑄝𑄧𑄖𑄳𑄠𑄬 𑄥𑄩𑄟𑄝𑄧𑄘𑄴𑄙𑄧𑄖 𑄦𑄬𑄚𑄴𑄘𑄮𑄃𑄨 𑄎𑄧𑄉 𑄌𑄬𑄚𑄬𑄃𑄨 𑄡𑄚 𑄦𑄧𑄝𑄧।","একটি জনসমুদ্রে নৈতিকতা, জনসমুদ্রের পাশ ঘেষে চলে যাওা হবে"
𑄉𑄧. 𑄃𑄬 𑄃𑄧𑄧𑄙𑄨𑄇𑄢𑄚𑄨 𑄃𑄳𑄦 𑄥𑄙𑄨𑄚𑄧𑄖 𑄣𑄢𑄴𑄌𑄢𑄴 𑄉𑄧𑄖𑄳𑄠𑄬 𑄥𑄧𑄣𑄖𑄴 𑄇𑄧𑄚𑄧𑄇𑄬𑄛𑄴 𑄎𑄖𑄨𑄥𑄧𑄁𑄊𑄧𑄢𑄴 𑄃𑄪𑄘𑄴𑄘𑄬𑄥𑄳𑄠 𑄃𑄳𑄦 𑄃𑄢𑄋𑄴 𑄢𑄨𑄘𑄨𑄥𑄪𑄘𑄮𑄟𑄚𑄨 𑄣𑄧𑄁𑄊𑄧𑄚𑄴 𑄉𑄧𑄢 𑄚𑄧‘ 𑄡𑄬𑄝𑄧।,১. এই অধিকারগুলো সবসম লঙ্ঘন করে না।
𑄙𑄢-𑄹𑄶,ধারা ৩
𑄃𑄬 𑄜𑄧𑄉𑄧𑄘𑄋𑄨𑄖𑄴 𑄖𑄪𑄣𑄧𑄛𑄢 𑄉𑄮𑄎𑄬𑄴 𑄇𑄧𑄚𑄧 𑄝𑄨𑄥𑄧𑄠𑄬 𑄃𑄬𑄠𑄚𑄳𑄠𑄬 𑄞𑄬𑄘𑄬𑄣𑄧𑄟𑄴 𑄞𑄋𑄨 𑄉𑄧𑄢 𑄚𑄧‘ 𑄡𑄬𑄝𑄧 𑄡𑄨𑄠𑄚𑄴𑄘𑄮𑄃𑄨 𑄟𑄧𑄚𑄬 𑄦𑄧𑄝𑄧 𑄡𑄬 𑄃𑄬 𑄜𑄧𑄉𑄧𑄘𑄋𑄨𑄖𑄴 𑄡𑄪𑄇𑄴𑄝𑄧𑄖𑄳𑄠𑄬 𑄇𑄧𑄚𑄧 𑄃𑄧𑄙𑄨𑄇𑄢𑄴 𑄝𑄳𑄦 𑄥𑄙𑄨𑄚𑄧𑄖 𑄇𑄨𑄠𑄮 𑄉𑄧𑄢𑄨𑄝𑄢𑄴 𑄃𑄪𑄘𑄨𑄎𑄬 𑄇𑄧𑄚𑄧 𑄘𑄬𑄏𑄴 𑄎𑄧𑄙 𑄝𑄳𑄦 𑄝𑄳𑄠𑄇𑄴𑄖𑄨𑄢𑄴 𑄝𑄨𑄣𑄨𑄚𑄴 𑄦𑄧𑄝𑄢𑄴 𑄃𑄧𑄙𑄨𑄇𑄢𑄴 𑄃𑄊𑄬।,.এই শব্দ গুলো উঠা নামা করলে মনে হ যে এই শব্দ গুলো আর সহ্য করা যা না
𑄍𑄧𑄢 𑄝𑄧𑄃𑄨,ছানো বই
"𑄢𑄧𑄎𑄬𑄠𑄧𑄚: 𑄛𑄳𑄢𑄥𑄧𑄚𑄴𑄚𑄧 𑄇𑄪𑄟𑄢𑄴 𑄌𑄋𑄴𑄟, 𑄛𑄳𑄢𑄨𑄠𑄧𑄥𑄨 𑄌𑄋𑄴𑄟, 𑄟𑄧𑄚𑄨 𑄌𑄋𑄴𑄟",".রান্না: প্রাের কুেল চাংমা,প্রিে চাংমা,মনি চাংমা"
𑄍𑄧𑄢 -𑄷,ছা-১
𑄌𑄨𑄖𑄴𑄨 𑄌𑄨𑄎𑄨 𑄦𑄏𑄨 𑄈𑄪𑄏𑄨,চিত্তি ছিঁে আছে এমন
"𑄖𑄨𑄝𑄪𑄢𑄪𑄇𑄴 𑄖𑄨𑄝𑄪𑄢𑄪𑄇𑄴 𑄚𑄌𑄴,",এক জাতী নাচ
𑄖 𑄥𑄧𑄟𑄢𑄬 𑄖𑄨𑄝𑄪𑄢𑄪𑄇𑄴 𑄖𑄨𑄝𑄪𑄢𑄪𑄇𑄴,তার সমে তেতো তেতো
𑄚𑄎𑄬 𑄛𑄘𑄨𑄦𑄌𑄴 ।,.নাচিে বানানো মাদুর
𑄍𑄧𑄢 -𑄸,দৌাদৌি
𑄊𑄪𑄟𑄚𑄴 𑄡𑄚 𑄌𑄨𑄎𑄨𑄥𑄧𑄚,ঘুম থেকে উঠে যাওা
𑄖𑄧𑄖𑄳𑄠𑄬 𑄃𑄚𑄳𑄠𑄧𑄋𑄴 𑄊𑄪𑄟𑄴 𑄛𑄉𑄚,.তার জন্য ঘুম থেকে ওঠা
"𑄦𑄋𑄧𑄢𑄴 𑄇𑄪𑄣𑄧𑄖𑄴 𑄡𑄬𑄃𑄨 ,",হাঙর কূলে যে
𑄌𑄨𑄎𑄨 𑄞𑄨𑄣𑄬 𑄌𑄚𑄧𑄖𑄴 𑄡𑄬𑄝𑄧,চিচি বোলে আকাশে যাওা
𑄥𑄨𑄙𑄪 𑄉𑄬𑄣𑄬 𑄥𑄧𑄟𑄢𑄴 𑄛𑄬𑄝𑄧,ত্রিপুরা গেলে সম পেে যাবে
𑄌𑄚𑄧𑄖𑄴 𑄝𑄧𑄃𑄨𑄚𑄬𑄃𑄨 𑄌𑄧𑄢𑄴𑄉 𑄝𑄪𑄢𑄳𑄦𑄨,রোদে বসে চরকা বুো
𑄖𑄢𑄳𑄦𑄬 𑄃𑄊𑄬 𑄌𑄬𑄃𑄨 ।,তাকে দেখার মতো আছে
𑄍𑄧𑄢 -𑄹,ছা-৩
𑄈𑄇𑄴𑄇𑄬 𑄉𑄧𑄢𑄬 𑄟𑄬𑄇𑄴 𑄟𑄬𑄊𑄪𑄣𑄮,কিছুক্ষণ পর পর মেেগুলো মেে হ
"𑄈𑄇𑄴𑄇𑄬 𑄃𑄚𑄬 𑄏𑄧𑄢𑄴,",কিছুক্ষণ পর পর বৃষ্টি আসে
𑄃𑄬𑄇𑄴 𑄇𑄪𑄚𑄬𑄘𑄨 𑄇𑄣 𑄉𑄧𑄢𑄬,এক নাগাে কালো করে
𑄃𑄬𑄇𑄴 𑄇𑄪𑄚𑄬𑄘𑄨 𑄛𑄳𑄦𑄧𑄢𑄴 ।,এক কুমা আলো
𑄍𑄧𑄢 -𑄺,১. ছা- ৪. ছা
"𑄃𑄟𑄳𑄦 𑄘𑄮𑄣 𑄝𑄁𑄣𑄘𑄬𑄌𑄴,",আমাদের বািটা বাঙালি
𑄖𑄢𑄳𑄦𑄬 𑄞𑄢𑄨 𑄇𑄮𑄌𑄴𑄛𑄋𑄴,তাকে খুব পছন্দ
"𑄟𑄮𑄚𑄴𑄟𑄪𑄢𑄳𑄦𑄧 𑄉𑄋𑄴𑄍𑄧𑄢 𑄥𑄧𑄋𑄴𑄎𑄉,",পাহাের গাঙে সাঁতার কাটতে হ
𑄡𑄨𑄚𑄴𑄘𑄨 𑄢𑄨𑄚𑄨 𑄌𑄋𑄴 ।,যেখানে সেখানে তাকানো
𑄍𑄧𑄢 -𑄷𑄶,ছা-১০
𑄇𑄣 𑄞𑄨𑄢𑄬𑄌𑄴 𑄇𑄣 𑄞𑄨𑄢𑄬𑄌𑄴,এক জাতী পাখি
"𑄛𑄪𑄇𑄴 𑄙𑄧𑄢𑄨 𑄈𑄠𑄴,",পোকা ধরে খাওা
𑄟𑄳𑄦𑄢𑄋 𑄟𑄌𑄴 𑄚𑄧 𑄛𑄬𑄣𑄬,মাছরাঙা মাছ না পেলে
𑄌𑄬𑄘𑄧𑄚𑄴 𑄃𑄬𑄇𑄴𑄇𑄚𑄴 𑄘𑄋𑄧𑄢𑄴 𑄦𑄖𑄳𑄠𑄢𑄴,চেহারাটা একটি ব হাত
"𑄘𑄋𑄴𑄉𑄪 𑄃𑄨𑄚𑄴𑄎𑄬𑄝𑄴 𑄌𑄋𑄴𑄟, 𑄘𑄋𑄧𑄢𑄴 𑄇𑄝𑄨𑄘𑄳𑄢𑄋𑄴,","ব ব চামা, ব কাপ"
𑄌𑄋𑄴𑄟 𑄥𑄦𑄨𑄖𑄳𑄠𑄧 𑄛𑄧𑄖𑄳𑄢𑄨𑄇 𑄃 𑄌𑄋𑄴𑄟 𑄥𑄦𑄨𑄖𑄳𑄠𑄧 𑄝𑄳𑄦,চামা সাা পত্রিকা একটা চামা সাা
"𑄃𑄬𑄇𑄴𑄇𑄮 𑄉𑄧𑄣𑄴𑄛𑄧𑄣𑄮𑄃𑄨 𑄇𑄧𑄙𑄪𑄋𑄴 𑄌𑄋𑄴-""𑄌𑄬𑄘𑄧𑄚𑄴 𑄃𑄬𑄇𑄴𑄇𑄚𑄴 𑄘𑄋𑄧𑄢𑄴 𑄦𑄖𑄳𑄠𑄢𑄴""।",একটা গল্প বললে কত ব হাত পাওা যা
𑄃𑄬𑄇𑄴𑄎𑄧𑄚𑄴 𑄌𑄬𑄘𑄧𑄚𑄴 𑄝𑄧𑄣 𑄟𑄚𑄬𑄃𑄨,একজন লোক কথা বলা মানে
𑄛𑄨𑄖𑄴𑄨𑄟𑄖𑄴 𑄃𑄬𑄇𑄴𑄇𑄮 𑄃𑄬𑄇𑄇𑄴𑄇𑄮 𑄚𑄧𑄇𑄴𑄈𑄧𑄖𑄳𑄢𑄧।,মাটিতে একটা নাচা
𑄖𑄢𑄢𑄴 𑄛𑄳𑄦𑄧𑄢𑄬 𑄛𑄨𑄖𑄴𑄨𑄟𑄨 𑄃𑄚𑄴 𑄝𑄧𑄣𑄴𑄝𑄧𑄣।,তাদের পুরো পিঠটা শক্ত
𑄝𑄚 𑄟𑄪𑄎𑄪𑄋𑄬𑄘𑄨 𑄃𑄇𑄴𑄇𑄮𑄃𑄨,.শুধু পাহাে পাহাে আসা
"𑄡𑄬𑄝𑄢𑄴 𑄖𑄢 𑄥𑄧𑄝𑄧𑄚𑄴 𑄘𑄬𑄊𑄧𑄚𑄴, 𑄛𑄨𑄌𑄴𑄥𑄬 𑄛𑄪𑄢𑄨 𑄗𑄬𑄝𑄢𑄴 𑄚𑄧 𑄌𑄚𑄴।",".যেভাবে তারা আগুন দে,পেকে থাকার ইচ্ছা করে না"
𑄟𑄖𑄴𑄖𑄧𑄢𑄴 𑄃𑄟 𑄥𑄧𑄟𑄧𑄎𑄢𑄴 𑄃𑄨𑄇𑄳𑄠𑄬 𑄟𑄚𑄬𑄃𑄨,শুধু আমাদের সমের মানুষ
𑄥𑄨𑄇𑄴𑄇𑄬 𑄃𑄬𑄇𑄴𑄇𑄮 𑄟𑄚𑄬𑄃𑄨 𑄛𑄚𑄴𑄚𑄮𑄟 𑄃 𑄛𑄚𑄴𑄚𑄮𑄝𑄛𑄧𑄢𑄴 𑄇𑄧𑄙 𑄇𑄮𑄃𑄨 𑄡𑄠𑄴।,.সে একটু হলেই পানশে আর পানশে মানুষদের কথা বলে যা
𑄛𑄬𑄣𑄚𑄨𑄥𑄧𑄚𑄧𑄖𑄴 𑄛𑄚𑄴𑄚𑄮𑄝𑄛𑄴,.পানিতে পানশে
𑄚𑄋𑄬 𑄃𑄬 𑄟𑄚𑄬𑄃𑄨𑄝𑄮 𑄗𑄬𑄘𑄧।,.নামে মাত্র এই ছেলেটা থাকে
𑄖𑄬 𑄃𑄬𑄇𑄴 𑄘𑄨𑄚𑄴 𑄎𑄪𑄟𑄴 𑄏𑄛𑄴 𑄝𑄬𑄢𑄳𑄦 𑄡𑄨𑄠𑄬 𑄃 𑄇𑄢𑄴 𑄎𑄪𑄟𑄧 𑄙𑄚𑄚𑄨 𑄝𑄬𑄌𑄴 𑄘𑄮𑄣𑄴 𑄃𑄧𑄠𑄬𑄬,সে এক দিন জুম জুম করে যা এবং তার ধানগুলো অনেক সুন্দর হেছে
𑄥𑄬 𑄛𑄮𑄃𑄨𑄘𑄳𑄠𑄚𑄬।,সে পাে
"𑄥𑄮𑄚𑄢𑄴 𑄢𑄧𑄋𑄧𑄢𑄴 𑄛𑄉𑄚 𑄙𑄚𑄚𑄨 𑄛𑄨𑄝𑄨𑄢𑄴 𑄛𑄨𑄝𑄨𑄢𑄴 𑄝𑄮𑄃𑄨𑄠𑄬𑄢𑄬 𑄚𑄎𑄬, 𑄟𑄮𑄚𑄴 𑄟𑄪𑄢𑄳𑄦𑄧 𑄏𑄨𑄟𑄨𑄖𑄴 𑄏𑄨𑄟𑄨𑄖𑄴","সোনার রঙের পাকানো ধানগুলো পে পে বাতাস বেছে, পাহাের মাথা ঝিমিে আছে"
𑄎𑄧𑄣𑄬𑄢𑄴 𑄥𑄬 𑄥𑄮𑄚𑄢𑄴 𑄙𑄚𑄧𑄢𑄴 𑄢𑄧𑄋𑄬।,.জলের সে সোনার ধানে
"𑄖𑄬, 𑄚𑄋𑄬𑄣𑄧 𑄛𑄨𑄘𑄨𑄖𑄴𑄖𑄪𑄚𑄴 𑄌𑄬𑄙𑄨 𑄌𑄬𑄘𑄧।",সে ন্যাকা পরিধান করে আছে
𑄃𑄧𑄇𑄴𑄖𑄧𑄟𑄧𑄎𑄨𑄟𑄴 𑄊𑄧𑄢𑄧𑄖𑄴 𑄜𑄨𑄢𑄨𑄣𑄧।,.অতিরিক্ত বািতে ফিরে গেল
𑄛𑄚𑄴𑄚𑄮𑄟 𑄚𑄮𑄚𑄳𑄠 𑄥𑄨𑄣𑄧 𑄇𑄱 𑄛𑄚𑄧 𑄇𑄪𑄖𑄴𑄖𑄨𑄝𑄱 𑄃 𑄘𑄝𑄝𑄱 𑄝𑄎𑄬𑄃𑄨 𑄃𑄚𑄨 𑄘𑄨𑄠𑄳𑄠।,পান্নোটা নাাচাা করে পানের কুটিটা বেজে নিে যা
𑄣𑄢𑄬 𑄣𑄢𑄬 𑄛𑄚𑄴𑄚𑄮𑄝𑄝𑄬 𑄘𑄝𑄝𑄱,ধীরে ধীরে পানপাত্রে হুক্কা দেওা
𑄗𑄚𑄬𑄢𑄴 𑄃 𑄉𑄧𑄛𑄴 𑄘𑄬𑄢𑄴।,.থাপ্পের শব্দ
𑄥𑄨𑄢𑄬𑄝𑄱 𑄇𑄌𑄴𑄎𑄮𑄣𑄧 𑄌𑄃𑄨𑄘𑄳𑄠 𑄃𑄬𑄇𑄴𑄇𑄱 𑄙𑄚𑄴 𑄖 𑄥𑄨𑄢𑄬𑄝𑄱𑄖𑄴𑄪𑄚𑄴 𑄛𑄧𑄎𑄳𑄠।,মাথা কাচে ঢাকা একটা ধান তার মাথা পেছে
"𑄈𑄪𑄃𑄪𑄛𑄴 𑄘𑄮𑄣𑄴, 𑄢𑄪𑄛𑄧",". চেহারা সুন্দর, রূপ"
𑄢𑄧𑄋𑄧 𑄥𑄚𑄴।,"রং, /n purify"
𑄘𑄮𑄣𑄬 𑄈𑄪𑄃𑄪𑄛𑄴 𑄜𑄨𑄢𑄬 𑄛𑄉𑄬𑄙𑄨 𑄌𑄬𑄣𑄇𑄴 𑄟𑄖𑄴𑄖𑄧𑄢𑄴 𑄌𑄨𑄚𑄨 𑄚𑄧 𑄛𑄢𑄧𑄚𑄴।,ভালো করে পিছন ফিরে তাকাা যা না
𑄟𑄧𑄚𑄬 𑄟𑄧𑄚𑄬 𑄞𑄝𑄬𑄢𑄴 𑄎𑄪𑄟𑄧𑄖𑄴,মনে মনে জুম
𑄇𑄪𑄎𑄨𑄣𑄬 𑄞𑄢𑄨 𑄘𑄮𑄣𑄴 𑄣𑄉𑄨𑄝𑄧𑄱।,কুালটা খুব সুন্দর লাগবে
"𑄖𑄬, 𑄛𑄚𑄴𑄚𑄮𑄟𑄢𑄬 𑄘𑄮𑄣𑄬 𑄢𑄊𑄬𑄝𑄖𑄴𑄖𑄬𑄃𑄨 𑄇𑄪𑄎𑄮𑄣𑄨 𑄉𑄧𑄢𑄬।",সে পানোনমাকে ভালো করে রাখার জন্য কুটিকুটি করে
𑄛𑄚𑄴𑄚𑄮 𑄟 𑄘𑄮𑄣𑄬,পানশে মা ভালো
𑄥𑄧𑄟𑄪𑄢𑄨 𑄗𑄮𑄣𑄧।,এক জাতী বুনো ফল যা সবজি হিসেবে ব্যবহৃত হ
"𑄃𑄧𑄇𑄴𑄖𑄧 𑄃𑄬𑄚𑄳𑄠𑄃𑄨 𑄎𑄪𑄟𑄧𑄇𑄝𑄨 𑄛𑄪𑄢𑄨, 𑄦𑄢 𑄇𑄢𑄨 𑄥𑄬 𑄙𑄚𑄴𑄚𑄱 𑄇𑄪𑄌𑄴𑄎𑄢𑄚𑄴।",".অতিরিক্ত জুম দিে,হারা করে ওই ধানটা ঝগা করছে"
𑄥𑄬 𑄙𑄚𑄴𑄚𑄧𑄖𑄴𑄖𑄪𑄚𑄴 𑄷𑄻/𑄷𑄼,সে পাহাের ঢালটা ১৫/১৬
𑄝𑄱 𑄙𑄚𑄴 𑄉𑄌𑄴 𑄃𑄪𑄘𑄨𑄣𑄇𑄴।,ব ধান গাছ উঠতেছে
𑄥𑄨𑄃𑄪𑄚𑄴 𑄝𑄬𑄇𑄴𑄇𑄪𑄚𑄴 𑄝𑄨𑄌𑄴 𑄙𑄚𑄴 𑄉𑄧𑄌𑄴𑄍𑄮𑄚𑄴।,.সে সবগুলো বিচি ধান করছে
𑄖 𑄟𑄪𑄎𑄪𑄋𑄬 𑄝𑄧𑄏𑄧𑄢𑄴 𑄥𑄨𑄇𑄴𑄇𑄬 𑄉𑄧𑄢𑄨,তার পাহাে সারা বছর থাকে
𑄃𑄨𑄇𑄳𑄠𑄬 𑄉𑄧𑄢𑄨 𑄡𑄘𑄬 𑄹𑄶/𑄺𑄶 𑄃𑄢𑄨 𑄙𑄚𑄴 𑄃𑄪𑄖𑄴𑄛𑄧𑄚𑄴𑄚𑄧 𑄃𑄪𑄠𑄮𑄚𑄴।,এখন করে যাওার জন্য ৩/৪০ কেজি ধান উঠতেছে
𑄥𑄬 𑄙𑄚𑄴𑄚𑄱 𑄃𑄬𑄣𑄧 𑄝𑄨𑄚𑄨 𑄙𑄚𑄴।,সেই ধানটা হলো বিনি ধান
"𑄖𑄪𑄟𑄴𑄝𑄌𑄴, 𑄈𑄘𑄬 𑄈𑄪𑄝𑄨𑄛𑄴 𑄉𑄧𑄟𑄴।","সুগন্ধ,খাওা ভালো"
𑄃𑄘𑄟𑄳𑄠 𑄟𑄚𑄴𑄌𑄴𑄍𑄪𑄚𑄴𑄧𑄖𑄴𑄪𑄚𑄴 𑄃𑄤𑄧𑄌𑄴 𑄃𑄬 𑄡𑄨𑄠𑄬 𑄥𑄬 𑄝𑄨𑄚𑄨𑄙𑄚𑄴𑄚𑄱 𑄝𑄨𑄌𑄴 𑄉𑄧𑄢𑄨𑄝𑄢𑄴।,গ্রামের মানুষরা আসতেছে এই যে সে বিনি চামার জন্য
"𑄖𑄳𑄦𑄬, 𑄚𑄋𑄚𑄴 𑄘𑄨 𑄚𑄧 𑄛𑄢𑄬, 𑄚𑄧 𑄛𑄬𑄚𑄬𑄃𑄨 𑄃 𑄛𑄚𑄴𑄚𑄮𑄟𑄖𑄴𑄖𑄪𑄚𑄴 𑄃𑄚𑄨𑄣𑄇𑄴 𑄥𑄬𑄚𑄬 𑄛𑄚𑄴𑄚𑄮𑄟 𑄝𑄨𑄚𑄨 𑄙𑄚𑄴 𑄖𑄮𑄠𑄧𑄚𑄴।","সে,পাহাটা দিতে পারে না,পাহাটা থেকে শুধু ধানটা নিে আসলো"
𑄃𑄬𑄌𑄳𑄠𑄬 𑄃𑄬 𑄚𑄋𑄬 𑄃𑄬 𑄃𑄬𑄇𑄴𑄇𑄱 𑄙𑄚𑄧𑄖𑄴𑄖𑄪𑄚𑄴 𑄉𑄧𑄙 𑄛𑄨𑄖𑄴𑄨𑄟𑄨𑄖𑄴 𑄥𑄨𑄘𑄨 𑄛𑄧𑄎𑄳𑄠।,আসা যাওা করার সম এই পাে একটা ধান থেকে বিচি বের হেছে
𑄃 𑄥𑄧𑄟𑄢𑄬 𑄛𑄚𑄴𑄚𑄮𑄟𑄤𑄧 𑄟𑄪𑄢𑄨 𑄚𑄬𑄃𑄨,.অন্যে পানোন্মাও মেে নেই
𑄃𑄬𑄡𑄧 𑄝𑄎𑄨 𑄃𑄊𑄬।,এখনো বেঁচে আছে
𑄃𑄬 𑄡𑄬 𑄌𑄬𑄘𑄧𑄚𑄴!,এই যে চেহারা!
𑄃𑄬𑄇𑄴𑄇𑄱 𑄙𑄚𑄧𑄖𑄴𑄖𑄪𑄚𑄴 𑄃𑄬𑄌𑄳𑄠𑄬 𑄉𑄧𑄙 𑄛𑄨𑄖𑄴𑄨𑄟𑄨𑄖𑄴।,এক কেজি ধান থেকে এক কেজি চাল এসেছে পেটে
"𑄖𑄬, 𑄃𑄬𑄃𑄨 𑄟𑄚𑄬𑄃𑄨𑄝𑄧𑄖𑄴𑄖𑄪𑄚𑄴","সে,এইটা সেইটা"
𑄥𑄨𑄇𑄴𑄈𑄬 𑄣𑄧𑄘𑄬 𑄥𑄣𑄬𑄚𑄴 𑄘𑄪𑄇𑄴 𑄇𑄨?,সেখানে গেলে দুঃখ কি?
"𑄉𑄣𑄬𑄚𑄴 𑄃𑄟𑄨 𑄇𑄨 𑄚𑄧 𑄛𑄢𑄨 𑄃𑄟 𑄣𑄬𑄊𑄃𑄪𑄚𑄴, 𑄃𑄧𑄏𑄛𑄖𑄴𑄖𑄱 𑄝𑄮𑄘𑄳𑄠𑄧𑄃𑄪𑄚𑄧𑄢𑄴","আমরা আমাদের লেখাপা লিখতে পারি না,আসবাবপত্রের লেখা"
"𑄛𑄳𑄦𑄬𑄉𑄬𑄠𑄬𑄖𑄴𑄖𑄪𑄚𑄴 𑄚𑄨𑄊𑄬𑄣𑄬 𑄇, 𑄈, 𑄉, 𑄊, 𑄋.......𑄘𑄊𑄨𑄢𑄬 𑄛𑄨𑄖𑄴𑄨𑄟𑄨𑄖𑄴 𑄥𑄨𑄘𑄨 𑄘𑄨𑄃𑄨, 𑄗𑄨𑄘𑄧𑄛𑄴𑄝𑄧𑄢𑄴 𑄉𑄧𑄢𑄨?","পেট থেকে বের হলে কে,খা গা,ঘাগ,ঙিে,ঘিে গাে কাপ দিে মাথা সিঁি দিই, স্থির করে?"
𑄖𑄢 𑄘𑄧,তারা দা
"𑄟𑄧𑄢 𑄇𑄨𑄎𑄬𑄇𑄴 𑄜𑄬𑄣𑄘𑄧𑄚𑄴, 𑄇𑄧 𑄘𑄨𑄚𑄴 𑄃𑄚𑄴𑄙𑄢𑄧𑄖𑄴 𑄗𑄬𑄝𑄇𑄴।","মৃত কিস্যু ফেলা হেছে,কতদিন অন্ধকারে থাকবে"
"𑄖𑄢 𑄘𑄧 𑄛𑄨𑄖𑄴𑄨𑄃𑄚𑄴 𑄊𑄪𑄢𑄨 𑄝𑄢𑄴 𑄥𑄧𑄝𑄧𑄚𑄴 𑄃𑄊𑄬, 𑄃𑄏","তাদের পিঠটা ঘুরার শখ আছে, আছে"
"𑄃𑄊𑄬 𑄟𑄚𑄬𑄃𑄪𑄚𑄧𑄢𑄴 𑄚𑄧𑄥𑄪𑄣𑄨 𑄝𑄪𑄉𑄧𑄖𑄴, 𑄌𑄨𑄘𑄧𑄢𑄴 𑄃𑄞𑄧𑄢𑄴 𑄈𑄬𑄙𑄨 𑄗𑄬𑄝𑄢𑄴।",". আছে মানুষরা নস্যি পেছে,ছোট আাআি খেে থাকার"
𑄌𑄬𑄘𑄧𑄚𑄴 𑄟𑄚𑄪𑄎𑄧𑄢𑄴 𑄘𑄋𑄧𑄢𑄴 𑄦𑄖𑄳𑄠𑄢𑄴।,এক জাতী মানুষ ব হাত দিে
𑄌𑄬𑄘𑄧𑄚𑄴 𑄚𑄬𑄃𑄨 𑄃𑄟𑄖𑄴𑄖𑄪𑄚𑄴!,আমাদের থেকে দৃষ্টি নাই!
"𑄚𑄨𑄎𑄧𑄖𑄴𑄖𑄪𑄚𑄴 𑄤𑄧𑄇𑄴𑄇𑄮𑄢𑄴, 𑄞𑄌𑄴 𑄗𑄧𑄉𑄧𑄖𑄳𑄠","নিজের থেকে একটু, ভাত রাখতেছি"
𑄃𑄟𑄨 𑄛𑄧𑄢𑄧 𑄘𑄮𑄣𑄬 𑄘𑄮𑄣𑄴 𑄃𑄞𑄢𑄴 𑄌𑄬𑄃𑄨।,আমি পর ভালো করে দেখতেছি
"𑄥𑄬𑄖𑄳𑄠𑄃𑄨 𑄃𑄟𑄨 𑄛𑄨𑄌𑄴𑄍𑄬 𑄛𑄪𑄢𑄨, 𑄣𑄳𑄦𑄬𑄟𑄟𑄴 𑄛𑄪𑄢𑄨 𑄃𑄊𑄨।",তাাতাি আমরা পিছনে পে আছি
"𑄝𑄚 𑄟𑄪𑄠𑄮 𑄙𑄛𑄴,",শুধু আমির পদচিহ্ন
𑄟𑄧𑄚𑄧 𑄙𑄛𑄴 𑄚𑄬𑄃𑄨।,মনের মিল নেই
𑄚𑄬𑄃𑄨 𑄉𑄧𑄢𑄧𑄌𑄴।,নাবোধক শব্দ
"𑄥𑄧𑄢𑄧𑄇𑄌𑄳𑄠𑄢𑄬 𑄌𑄬𑄃𑄨 𑄗𑄬𑄣𑄬 𑄇𑄨 𑄃𑄟𑄨 𑄎𑄘𑄧𑄢𑄴 𑄣𑄬𑄊, 𑄎𑄘𑄧𑄢𑄴 𑄞𑄌𑄴, 𑄥𑄦𑄨𑄖𑄳𑄠𑄧,","সওদাগরকে দেখে থাকলে কি আমরা বের হে যাই,বিালের ভাত,মিষ্টি"
𑄥𑄧𑄁𑄥𑄴 𑄳𑄢𑄨𑄖𑄨 𑄗𑄨𑄘𑄨𑄛𑄴𑄝𑄧𑄢𑄴 𑄉𑄧𑄢𑄨 𑄛𑄢𑄨𑄝𑄧𑄋𑄴?,.মাঝখানে স্থির থাকতে পারবে?
𑄉𑄧𑄢𑄴𑄇𑄢𑄬 𑄘𑄧 𑄚𑄚𑄋𑄴 𑄃𑄟𑄴𑄣 𑄝𑄬𑄎𑄣𑄴 𑄘𑄬𑄊𑄬 𑄘𑄬𑄊𑄬 𑄃𑄊𑄬।,গরগরে তো অনেক আম বোচ্ছে
𑄥𑄧𑄢𑄴𑄇𑄢𑄬 𑄡𑄪𑄚𑄨 𑄞𑄏𑄧𑄢𑄴 𑄘𑄪𑄇𑄴 𑄝𑄪𑄏𑄨𑄘𑄧 𑄝𑄁𑄣𑄘𑄬𑄌𑄴 𑄥𑄙𑄨𑄚𑄧𑄖𑄧 𑄺𑄽 𑄝𑄏𑄧𑄢𑄴 𑄛𑄧𑄢𑄴 𑄃 𑄛𑄢𑄴𑄝𑄧𑄖𑄳𑄠𑄧 𑄌𑄪𑄇𑄴𑄖𑄨 𑄷𑄾 𑄝𑄧𑄏𑄧𑄢𑄴,সারা বছর কষ্ট করতেছে মনে হ বাঙালিরা এক বছর পর পর আসতে পারবে
𑄛𑄧𑄢𑄴 𑄻 𑄞𑄏𑄧𑄢𑄴 𑄝𑄧𑄃𑄨 𑄃𑄨𑄇𑄴𑄇𑄪𑄣𑄧𑄖𑄴 𑄘𑄨𑄣𑄴।,পা ৫ মাসের বই এখানে দিল
𑄃𑄬𑄃𑄨 𑄇𑄟𑄚𑄴 𑄃𑄢𑄧 𑄃𑄨𑄖𑄴𑄖𑄪𑄚𑄴 𑄃𑄊𑄬 𑄉𑄧𑄢𑄚 𑄉𑄧𑄢𑄌𑄴 𑄃𑄬𑄣𑄴।,এই কাম আবার এখান থেকে বের হে আসে
𑄥𑄨𑄃𑄚𑄨,সিঁি
"𑄘𑄨𑄊𑄨𑄢𑄴, 𑄝𑄪𑄏𑄨 𑄛𑄢𑄨𑄢𑄴।","দিঘি,বুঝিে পারি"
𑄥𑄣𑄬𑄚𑄴 𑄟𑄧𑄚𑄧𑄖𑄴 𑄛𑄪𑄎𑄮𑄢𑄴 𑄃𑄬𑄎𑄬 𑄇𑄨𑄖𑄳𑄠 𑄃𑄬𑄙𑄧𑄇𑄴 𑄦𑄖𑄴 𑄗𑄬𑄋𑄴 𑄦𑄋𑄪𑄢𑄮 𑄉𑄧𑄢𑄨 𑄌𑄮𑄇𑄴 𑄜𑄬𑄣𑄬,.বছরে মন পূজা আসতেছে কত ব ব করে চোখ বন্ধ করে
𑄜𑄬𑄣𑄬 𑄌𑄬𑄃𑄨 𑄃𑄊𑄨?,ফেলে তাকিয়ে আছে কেন?
𑄃𑄬 𑄟𑄳𑄦𑄬𑄖𑄴 𑄚𑄧 𑄝𑄪𑄏𑄨 𑄚 𑄃𑄧𑄠𑄴 𑄃𑄟𑄖𑄴𑄖𑄪𑄚𑄴 𑄌𑄬𑄘𑄧𑄚𑄴 𑄚𑄬𑄃𑄨।,এই মেেটা আমরা বুঝি না
𑄘𑄨 𑄃𑄚𑄧𑄖𑄴𑄖𑄪𑄚𑄴 𑄃𑄬𑄇𑄴𑄇𑄚𑄴 𑄙𑄧𑄢𑄨,দুই আনা থেকে একটু ধরে
𑄛𑄢𑄨।,"পা, পা"
"𑄚 𑄟𑄪𑄃𑄨 𑄥𑄨𑄃𑄚𑄴 𑄇𑄧𑄝𑄢𑄴 𑄚𑄧 𑄌𑄋𑄴, 𑄟𑄪𑄃𑄨 𑄇𑄧𑄝𑄢𑄴 𑄌𑄋𑄴- 𑄇𑄳𑄠𑄛𑄨𑄑𑄣𑄨𑄎𑄧𑄟𑄬 𑄃𑄟𑄢𑄬 𑄣𑄬𑄘𑄢 𑄛𑄪𑄇𑄧 𑄥𑄚𑄴 𑄈𑄬𑄙𑄨","না আমি সেটা বলতেছি না,আমি বলতেছি, কথা বলতে বলতে আমার পেট ব্যাথা করে"
𑄃𑄬𑄌𑄳𑄠𑄬 𑄥𑄟𑄎𑄧𑄢𑄴 𑄖𑄬𑄋 𑄝𑄧𑄣 𑄟𑄚𑄬𑄃𑄨 𑄝𑄧𑄦𑄪𑄖𑄴 𑄘𑄬𑄊 𑄡𑄃𑄨।,.এই যুগের টাকা বললে অনেক দেখা যা
"𑄖𑄢𑄢𑄴 𑄟𑄧𑄖𑄴 𑄈𑄘𑄬 𑄖𑄬𑄋 𑄗𑄚𑄴 𑄟𑄖𑄴𑄖𑄧𑄢𑄴,",তাদের মতো খাটতে টাকা থাকে
𑄃𑄬𑄇𑄴𑄇𑄱 𑄥𑄦𑄨𑄖𑄳𑄠𑄧 𑄝𑄧𑄃𑄨 𑄇𑄨𑄚𑄧𑄘𑄬 𑄖𑄬𑄋 𑄚𑄧 𑄗𑄚𑄴।,একটা ঔষধি বই কিনে টাকা থাকে না
𑄃 𑄇𑄧𑄚𑄧 𑄥𑄦𑄨𑄖𑄳𑄠𑄧 𑄎𑄧𑄙𑄢𑄬 𑄟𑄧𑄚𑄧 𑄪 𑄙𑄧𑄚𑄧𑄢𑄴 𑄃𑄬𑄎𑄣𑄴 𑄘𑄨𑄝𑄢𑄴 𑄚𑄧,.কোন সাা মনের ধন আসতেছে না
𑄌𑄚𑄴।,"চাঁদ, চাঁদ"
𑄃𑄨𑄃𑄧𑄚𑄴 𑄃𑄟𑄢𑄴 𑄎𑄘𑄧𑄢𑄴 𑄃 𑄥𑄧𑄟𑄎𑄧𑄢𑄴 𑄛𑄏।,.এটা আমার জাগা আছে
𑄃𑄬 𑄇𑄳𑄠𑄛𑄨𑄑𑄣𑄨𑄎𑄧𑄟𑄖𑄳𑄠𑄃𑄨 𑄛𑄨𑄖𑄴𑄨𑄟𑄨𑄖𑄴 𑄝𑄧𑄦𑄪𑄖𑄴 𑄣𑄢𑄳𑄦𑄬𑄃𑄨 𑄉𑄧𑄟𑄨,এ কাপিটালটাতে অনেক হাঁটতে হ
𑄡𑄬𑄣𑄧।,"এক জাতী বুনো ফল, যা সবজি হিসেবে ব্যবহৃত হ"
𑄝𑄨𑄌𑄴𑄍𑄧 𑄡𑄪𑄘𑄴𑄙𑄧 𑄘𑄨 𑄝𑄢𑄴 𑄃𑄧𑄃𑄨 𑄡𑄬𑄣𑄧।,সব যুদ্ধ শেষ হে গেল
𑄃𑄟 𑄥𑄧𑄟𑄎𑄧𑄢𑄴 𑄝𑄢𑄴𑄝𑄋𑄚𑄬 𑄊𑄧𑄢𑄧 𑄣𑄢𑄳𑄦𑄬𑄃𑄨 𑄃𑄧𑄃𑄨 𑄡𑄢𑄴।,আমাদের সমাজটা ব হে যা
"𑄃𑄟𑄖𑄳𑄠𑄃𑄨 𑄥𑄪𑄞𑄧 𑄚𑄧𑄠𑄴, 𑄚𑄧𑄠𑄴 𑄟𑄧𑄁𑄉𑄧𑄣𑄴।","আমাদের সুখ না,মল"
𑄃𑄟𑄬𑄢𑄨𑄇 𑄥𑄝𑄬𑄇𑄴 𑄛𑄳𑄢𑄬𑄥𑄨𑄓𑄬𑄚𑄴𑄑𑄴 𑄎𑄧𑄚𑄴 𑄃𑄬𑄜𑄴 𑄇𑄬𑄚𑄬𑄘𑄨 𑄇𑄮𑄃𑄨𑄠𑄬-,.আমেরিকার সাবেক প্রেসিডেন্ট জন একটু কান্না করতেছে
(𑄘𑄬𑄌𑄴 𑄖𑄧𑄢𑄬 𑄇𑄨,তোমাকে কি দেখিেছো?
𑄘𑄨 𑄛𑄢𑄬 𑄃𑄨𑄃𑄚𑄴 𑄛𑄪𑄎𑄮𑄢𑄴 𑄚𑄧 𑄉𑄧𑄌𑄴𑄎𑄮।,দুইটা পারে এই পূজা করা যা না
𑄖𑄪𑄃𑄨 𑄘𑄬𑄌𑄴𑄥𑄚𑄧𑄢𑄬 𑄇𑄨 𑄘𑄨 𑄛𑄢𑄧𑄝𑄬 𑄃𑄨𑄃𑄚𑄴 𑄞𑄛𑄴)।,তুমি বাচ্চাটাকে কি দিতে পারবে?
𑄃𑄬 𑄇𑄧𑄙𑄚𑄨 𑄚𑄨𑄥𑄪𑄣𑄨,এই কথা গুলো মিথ্যা
𑄝𑄪𑄉𑄧𑄖𑄴 𑄃𑄞𑄧𑄢𑄬 𑄃𑄟𑄧𑄖𑄴𑄖𑄪𑄚𑄴 𑄇𑄟𑄴 𑄈𑄧𑄢𑄧𑄌𑄴 𑄉𑄧𑄢 𑄛𑄧𑄢𑄨𑄝𑄧।,বুো মানুষদের এখান থেকে কাজ করতে হবে
"𑄚𑄨𑄎𑄧 𑄇𑄧𑄙 𑄚𑄧𑄠𑄴, 𑄘𑄬𑄌𑄴 𑄥𑄧𑄟𑄎𑄧𑄢𑄴 𑄇𑄧𑄙 𑄞𑄝𑄨 𑄟𑄪𑄎𑄪𑄋𑄬","নিজের কথা না, দোলের কথা ভাবি"
𑄃𑄇𑄴𑄇𑄮𑄃𑄨 𑄡 𑄛𑄧𑄢𑄨𑄝𑄧।,আগে যেতে হবে
"𑄘𑄬𑄌𑄴 𑄝𑄎𑄨𑄣𑄬 𑄥𑄧𑄟𑄌𑄴 𑄝𑄎𑄬, 𑄥𑄧𑄟𑄌𑄴 𑄝𑄎𑄨𑄣𑄬 𑄟𑄚𑄬𑄃𑄨 𑄝𑄎𑄬 𑄃 𑄤𑄧𑄇𑄴𑄇𑄮𑄢𑄴, 𑄞𑄌𑄴,","দোল বাজিলে সম বাজায়, দোল বাজিলে সম বাজতেছে, ভাত, ভাত"
𑄥𑄦𑄨𑄖𑄳𑄠𑄧 𑄥𑄧𑄁𑄥𑄴 𑄳𑄢𑄨𑄖𑄨 𑄗𑄨𑄘𑄧𑄛𑄴𑄝𑄧𑄢𑄴 𑄃𑄧𑄣𑄬 𑄃𑄬𑄇𑄴𑄇𑄱 𑄖𑄧𑄎𑄨𑄟𑄴𑄛𑄪𑄢𑄧 𑄎𑄖𑄴 𑄃𑄧𑄠𑄴।,.সাহা নদীর তীরে একটা বসতি আছে।
"𑄥𑄨𑄖𑄳𑄠𑄃𑄨 𑄚𑄨𑄎𑄧 𑄤𑄧𑄇𑄴𑄮𑄢,𑄴 𑄞𑄌𑄴, 𑄥𑄦𑄨𑄖𑄳𑄠𑄧","সেখানে নিজের ওা, ভাত, শাক"
𑄥𑄧𑄁𑄥𑄴 𑄳𑄢𑄨𑄖𑄨 𑄙𑄧𑄢𑄨 𑄢𑄊𑄚 𑄈𑄟𑄇𑄴𑄇𑄙𑄨 𑄉𑄧𑄢𑄧𑄌𑄴 𑄃𑄬 𑄃𑄧𑄇𑄴𑄖𑄧𑄖𑄴।,.সমান সমান করে রাখা লাগবে এই পৃথিবীতে
𑄌𑄨𑄎𑄨𑄢𑄴 𑄦𑄧𑄢𑄧𑄉𑄧 𑄝𑄧𑄃𑄨,এক জাতী বুনো বই
"𑄢𑄧𑄎𑄬𑄠𑄧𑄚: 𑄃𑄢𑄴𑄡𑄳𑄠 𑄟𑄨𑄖𑄳𑄢 𑄌𑄋𑄴𑄟, 𑄇𑄪𑄥𑄧𑄣𑄨 𑄘𑄬𑄃𑄱𑄚𑄴, 𑄣𑄧𑄇𑄴𑄈𑄨 𑄛𑄪𑄖𑄨 𑄌𑄋𑄴𑄟",".রান্না: আর্য মেে চাংমা, কুসলি দেওা চাংমা"
"𑄃𑄢𑄴𑄡𑄳𑄠𑄧 𑄟𑄨𑄖𑄳𑄢𑄧 𑄌𑄋𑄴𑄟, 𑄣𑄧𑄇𑄴𑄈𑄨 𑄛𑄪𑄘𑄨 𑄌𑄋𑄴𑄟 𑄃𑄳𑄦 𑄇 𑄪𑄥𑄧𑄣𑄨 𑄘𑄬𑄝𑄚𑄴","বাঙালি বন্ধু চামা,লক্ষীপুটি চামা আর কার সলি দেব"
𑄇,bdmean
𑄇𑄋𑄢 - 𑄇𑄋𑄢 𑄗𑄚𑄴 𑄥𑄨𑄣𑄧𑄖𑄴 𑄖𑄧𑄣𑄬,কাঁকা - কাঁকার আবাসস্থল
𑄈,bdmean
𑄈𑄢 - 𑄈𑄢 𑄦𑄧𑄝𑄧𑄋𑄴 𑄃𑄧𑄇𑄴𑄖𑄧 𑄦𑄧𑄣𑄬,খেলা - খেলা হবে তো
𑄉,bdmean
𑄉𑄌𑄴 - 𑄉𑄌𑄴 𑄣𑄉𑄬𑄃𑄨 𑄝𑄬𑄌𑄴 𑄉𑄧𑄢𑄨,গাছ-গাছ লাগে বেশি
𑄊,bdmean
𑄊𑄑𑄴 - 𑄊𑄑𑄴 𑄝𑄚𑄚𑄴 𑄉𑄋𑄴 𑄛𑄢𑄧𑄖𑄴,ঘাট-ঘাট বানানো নদীর পারে
𑄋,bdmean
𑄝𑄬𑄋 - 𑄝𑄬𑄋 𑄉𑄎𑄧𑄖𑄴 𑄘𑄪𑄣𑄮𑄚𑄴 𑄖𑄋𑄬𑄃𑄨,বো-বো জমিতে দুলো টাঙে
𑄌,১. চামা ২. চামা
𑄌𑄣𑄮𑄚𑄴- 𑄌𑄣𑄮𑄚𑄴 𑄣𑄉𑄬 𑄉𑄪𑄢𑄨 𑄛𑄪𑄎𑄧𑄘𑄬,চাটা-চাটা লাগে বাচ্চা দিতে
𑄍,bdmean
𑄍𑄘𑄨 - 𑄍𑄘𑄨 𑄟𑄬𑄣𑄨 𑄝𑄢𑄳𑄦𑄬 𑄉𑄬𑄣𑄬।,ছাদি- ছাদি মিলে বাইরে গেলে
𑄎,bdmean
𑄎𑄣𑄴 - 𑄎𑄣𑄴 𑄟𑄢𑄨𑄚𑄬𑄃𑄨 𑄟𑄌𑄴 𑄙𑄧𑄢𑄨,জাল - জাল দিে মাছ ধরে
𑄏,bdmean
𑄏𑄚𑄴𑄓 - 𑄃𑄪𑄙𑄮𑄚𑄴 𑄌𑄪𑄢𑄳𑄦𑄨 𑄏𑄚𑄴𑄓 𑄣𑄧𑄃𑄨,ঝাু-উঠা চুরি ঝাু নাও
𑄟𑄨𑄐𑄧 - 𑄝𑄨𑄣𑄬𑄃𑄨 𑄓𑄉𑄧𑄢𑄧𑄚𑄴 𑄟𑄨𑄐𑄧𑄋𑄴,মিইনি নদীর উৎসস্থল
𑄑,bdmean
𑄑𑄢𑄬𑄋𑄴- 𑄑𑄢𑄬𑄋𑄧 𑄟𑄘𑄖𑄴 𑄎𑄪𑄟𑄴𑄊𑄧𑄢𑄴,পাহাি- পাহাি জমিতে জুম
𑄒,bdmean
𑄒𑄘𑄢𑄴 - 𑄒𑄘𑄢𑄴 𑄛𑄧𑄣𑄴𑄣𑄬 𑄣𑄉𑄬 𑄘𑄧𑄢𑄴,শক্ত - শক্ত পলে লাগে ভ
𑄓,bdmean
𑄓𑄛𑄴 - 𑄓𑄛𑄴 𑄈𑄘𑄬 𑄞𑄢𑄨 𑄥𑄪𑄠𑄧𑄖𑄴,ডাপ ডাপ খেতে খুব মজা
𑄔,bdmean
𑄔𑄉𑄧𑄚𑄨 - 𑄔𑄉𑄧𑄚𑄨 𑄘𑄨𑄚𑄬𑄃𑄨 𑄈𑄚𑄳𑄦 𑄗𑄮𑄃𑄨,ঢাকনি - ঢাকনি দিনে খাওা থাকে
𑄕,bdmean
𑄕𑄙𑄬𑄋𑄴 - 𑄕𑄙𑄬𑄋𑄴 𑄈𑄢 𑄝𑄬𑄉𑄬 𑄦𑄧𑄃𑄨,নাচা করে খেলা হ
𑄖,bdmean
𑄖𑄢 - 𑄃𑄉𑄏𑄧𑄖𑄴 𑄖𑄢 𑄎𑄧𑄣𑄧𑄘𑄧𑄚𑄴,তারা-আকাশে তারা ভাসছে
𑄗,bdmean
𑄗𑄣𑄴 - 𑄗𑄣𑄧𑄖𑄴 𑄉𑄧𑄢𑄨 𑄞𑄖𑄴 𑄈𑄬𑄝𑄧𑄋𑄴,থালা- থালা করে ভাত খাবো
𑄘,bdmean
𑄘𑄖𑄴 - 𑄘𑄖𑄴 𑄚𑄧 𑄗𑄬𑄣𑄬 𑄈𑄘𑄬 𑄘𑄪𑄇𑄴।,দাঁত- দাঁত না থাকলে খেতে দুঃখ
𑄙,bdmean
𑄙𑄚𑄴- 𑄙𑄚𑄧 𑄉𑄧𑄣𑄖𑄴 𑄙𑄚𑄴 𑄢𑄉𑄚𑄴,ধান- ধান গলা ধানরাগ
𑄚𑄢𑄨𑄇𑄪𑄣𑄴- 𑄚𑄢𑄨𑄇𑄪𑄣𑄴𑄣𑄮𑄃𑄨 𑄛𑄨𑄘𑄬 𑄈𑄚𑄴,পাহাি-পাহাি দিে খা
𑄛,bdmean
𑄛𑄘- 𑄛𑄘 𑄏𑄧𑄢𑄬 𑄎𑄢𑄴𑄇𑄣𑄧𑄖𑄴,. পাতা- পাতা ঝরে শীতকালে
𑄜,bdmean
𑄜𑄚𑄌𑄴- 𑄜𑄚𑄌𑄴 𑄃𑄪𑄢𑄬𑄝𑄧𑄋𑄴 𑄛𑄪𑄢𑄴𑄚𑄨𑄟𑄖𑄴,ফানুস- ফানুস উে যাবে পূর্ণিমা
𑄝,bdmean
𑄝𑄇𑄴 - 𑄝𑄇𑄴 𑄉𑄪𑄎𑄪𑄢𑄧𑄚𑄴 𑄝𑄧𑄢𑄴 𑄏𑄢𑄧𑄖𑄴,ব ব জঙ্গল
𑄞,bdmean
𑄞𑄣𑄪𑄇𑄴- 𑄞𑄣𑄪𑄇𑄴 𑄚𑄎𑄬𑄢𑄴 𑄜𑄣𑄪𑄇𑄴 𑄜𑄣𑄪𑄇𑄴,ভালুক- ভাল্লুক নাচ নাচতেছে
𑄟,মা
𑄟𑄌𑄴- 𑄟𑄌𑄴 𑄞𑄎 𑄈𑄘𑄬 𑄥𑄪𑄠𑄧𑄖𑄴,মাছ- মাছ ভাজা খেতে সুস্বাদু
𑄡,bdmean
𑄢,bdmean
𑄢𑄘𑄇𑄪𑄢𑄧 - 𑄢𑄘𑄇𑄪𑄢𑄧𑄃𑄨 𑄓𑄇𑄴 𑄇𑄢𑄧𑄚𑄴,রাখাল - রাখালের ডাক
𑄣,bdmean
𑄣𑄘𑄛𑄘- 𑄣𑄘𑄛𑄘 𑄢𑄚𑄳𑄦𑄨 𑄈𑄠𑄴,.লবনাক্ত-লবনাক্ত তরকারি খা
𑄤𑄇𑄴 - 𑄤𑄇𑄴 𑄘𑄧𑄉𑄧𑄢𑄬𑄢𑄴 𑄛𑄧𑄖𑄳𑄠𑄬𑄟𑄠𑄴,.ওাক-ওার পথ
𑄥,bdmean
𑄥𑄟𑄧𑄣𑄧𑄇𑄴 - 𑄥𑄟𑄧𑄣𑄧𑄇𑄴 𑄗𑄚𑄴 𑄏𑄪𑄝𑄧 𑄍𑄬𑄢𑄬,. সম - সম পর্যন্ত ডুবে যাওা
𑄦,bdmean
𑄦𑄌𑄴 - 𑄦𑄌𑄴 𑄓𑄧𑄉𑄧𑄢𑄬𑄢𑄴 𑄝𑄬𑄚𑄳𑄠 𑄟𑄠𑄴,হাঁস- হাঁসের বো মা
𑄠-𑄃𑄪𑄢𑄨𑄋𑄴- 𑄠-𑄃𑄪𑄢𑄨𑄋𑄴 𑄇𑄟𑄖𑄴 𑄗𑄚𑄴,দৌাদৌি করে কাজ করা
𑄃,bdmean
𑄃𑄟𑄴 - 𑄃𑄟𑄴 𑄛𑄉𑄨𑄣𑄬 𑄟𑄨𑄙𑄬 𑄦𑄧𑄚𑄴,আম- আম পাকলে মিষ্টি হ
𑄌𑄨𑄎𑄨𑄢𑄴 𑄖𑄣𑄴𑄟𑄨𑄣𑄮𑄚𑄨 𑄇𑄧𑄙𑄖𑄢,এক জাতী পাখি
"𑄢𑄧𑄎𑄬𑄠𑄧𑄚𑄴: 𑄥𑄧𑄟𑄞𑄪 𑄟𑄨𑄖𑄳𑄢𑄧 𑄌𑄋𑄴𑄟, 𑄛𑄧𑄢𑄬𑄥𑄴 𑄌𑄋𑄴𑄟, 𑄃𑄬𑄣𑄨𑄠𑄬𑄚𑄴𑄥𑄴 𑄌𑄋𑄴𑄟","সূর্য: সমের বন্ধু চামা, পর্যাের বন্ধু চামা"
𑄣𑄨𑄉𑄨𑄠𑄬 𑄇𑄝𑄨𑄣𑄪𑄚𑄴 𑄃 𑄇𑄝𑄨𑄘𑄬𑄋𑄨:- 𑄘𑄋𑄴𑄉𑄪,লিকলিকে কাপ দিে কাপ দিে দাঁিে
"𑄥𑄧𑄟𑄴𑄞𑄪𑄟𑄨𑄖𑄳𑄢𑄧 𑄌𑄋𑄴𑄟, 𑄘𑄋𑄴𑄉𑄪 𑄛𑄧𑄢𑄬𑄥𑄴 𑄌𑄋𑄴𑄟","সমের চামা, ব ব চামা"
𑄃 𑄘𑄋𑄴𑄉𑄪 𑄃𑄬𑄣𑄨𑄠𑄬𑄚𑄴𑄥𑄴 𑄌𑄋𑄴𑄟।,এক জাতী বুনো ফল
"𑄃𑄢𑄪𑄇𑄴 𑄃𑄉𑄬𑄃𑄨𑄠𑄬 :- 𑄘𑄋𑄴𑄉𑄪 𑄖𑄨𑄖𑄥𑄴 𑄌𑄋𑄴𑄟,",আরও আগে - ব ব চামা
𑄝𑄪𑄣𑄪𑄟𑄴 𑄥𑄧𑄜𑄴𑄑𑄴𑄤𑄢𑄴 𑄃 𑄉𑄪𑄉𑄧𑄣𑄴।,.বুো সফ্টওার আছে।
𑄃𑄃𑄨𑄢𑄬𑄇𑄴𑄥𑄴 𑄃 𑄥𑄬𑄞𑄴 𑄘 𑄌𑄨𑄣𑄴𑄓𑄳𑄢𑄬𑄚𑄴,আইরিক একটা ছোট শিশু
𑄌𑄨𑄉𑄮𑄚𑄴 𑄌𑄨𑄎𑄨,ছোট ছোট
𑄌𑄨𑄉𑄮𑄚𑄴 𑄌𑄨𑄎𑄨 𑄎𑄪𑄟𑄧𑄖𑄴 𑄡𑄢𑄴,ছোট ছোট জুমে যা
"𑄖𑄟𑄴𑄟 𑄦𑄘𑄧𑄖𑄴 𑄙𑄧𑄢𑄨,",তার মা হাতে ধরে
𑄟𑄟𑄳𑄦 𑄣𑄧𑄉𑄬 𑄎𑄪𑄟𑄴 𑄌𑄬𑄝𑄧𑄉𑄮𑄃𑄨,মামা সাথে জুম করবে
𑄃𑄪𑄌𑄴𑄍𑄮 𑄛𑄪𑄌𑄴𑄍𑄮 𑄉𑄪𑄢𑄨।,এক জাতী পাখি
"𑄟𑄳𑄦𑄟𑄳𑄢 𑄌𑄨𑄚𑄴𑄘𑄳𑄢𑄬 𑄃𑄚𑄨𑄝𑄧 𑄜𑄨𑄖𑄴𑄖𑄬,",মাদী কুকুরকে নিে আসবে
𑄇𑄧𑄣,কলা
𑄟𑄨𑄙𑄬 𑄟𑄨𑄙𑄬 𑄇𑄧𑄣 𑄛𑄉𑄚𑄳𑄦,মিষ্টি মিষ্টি কলা বানানো
"𑄈𑄬𑄣𑄬 𑄞𑄢𑄨 𑄥𑄮𑄖𑄴,",খেলা খেলে অনেক সুখ
"𑄟𑄟𑄳𑄦 𑄃𑄢𑄧 𑄇𑄧𑄣 𑄘𑄨𑄝𑄧,",মামা আরও কলা দিে
𑄣𑄪𑄉𑄬 𑄗𑄪𑄠𑄬 𑄏𑄧𑄣𑄖𑄴।,লুকিে লুকিে
𑄘𑄘,bdmean
𑄘𑄘𑄳𑄦 𑄘𑄘𑄳𑄦 𑄘𑄨𑄇𑄴𑄈𑄧𑄌𑄴 𑄚𑄳𑄦𑄦𑄨,দৌাদৌি দেখতেছি
𑄖𑄪𑄖𑄴𑄗𑄬 𑄝𑄧𑄠𑄬𑄢𑄚𑄴 ?,তুত্থে বাতাস
"𑄇𑄪𑄖𑄴𑄖𑄪𑄚𑄴 𑄖𑄬, 𑄇𑄨𑄖𑄴𑄖𑄬𑄃𑄨 𑄃𑄬𑄡𑄬","কোথা থেকে সে,কিভাবে এসেছে"
"𑄈𑄧𑄝𑄧𑄢𑄴𑄘𑄧 𑄟𑄪𑄃𑄨 𑄚𑄧𑄛𑄋𑄴,",খোঁজ নেওা যা না
𑄝𑄧𑄠𑄬𑄢𑄧 𑄚𑄣𑄧𑄖𑄴 𑄛𑄧𑄢𑄴𑄣𑄬 𑄝𑄨𑄣𑄬,বস পানিতে পে
𑄟𑄚𑄪𑄌𑄴𑄌𑄪𑄚𑄧 𑄃𑄪𑄢𑄨 𑄡𑄚𑄴 !,মানুষরা উে যা
𑄘𑄘 𑄘𑄘 𑄇𑄮𑄃𑄨 𑄘𑄬𑄚 𑄃𑄬𑄇𑄴𑄇,দাদা দাঁিে দাও একটু
𑄢𑄋 𑄚 𑄇𑄣 𑄖 𑄙𑄧𑄇𑄴𑄇𑄚𑄴।,লাল না কালো তার চেহারা
𑄟 𑄢𑄧 𑄝𑄱 𑄞𑄢𑄨 𑄟𑄨𑄙𑄬,মাের বই অনেক মিষ্টি
"𑄥𑄪𑄚𑄧𑄘𑄬 𑄣𑄉𑄬 𑄉𑄧𑄟𑄴,",শুনে ভালো লাগে
𑄟 𑄇𑄮𑄌𑄴𑄚𑄧𑄛𑄚𑄴 𑄃𑄬𑄏𑄚𑄴 𑄟𑄚𑄪𑄌𑄴,.মা চাচীরা এত ব মানুষ
𑄃𑄬𑄃𑄨 𑄛𑄨𑄖𑄴𑄖𑄨𑄟𑄨𑄖𑄴 𑄇𑄧𑄟𑄴।,এই পৃথিবীতে কম
𑄜𑄧𑄣𑄴,১. ফল ২. ফল
"𑄃𑄟𑄴, 𑄇𑄖𑄴𑄒𑄮𑄣𑄴, 𑄎𑄟𑄴𑄝𑄨𑄎𑄨","আম,কাঁকা, জাম্বি"
"𑄉𑄧𑄢𑄧𑄟𑄴 𑄇𑄣𑄧𑄖𑄴 𑄛𑄠𑄴,",গরমকালে পাওা
"𑄈𑄣𑄨𑄇𑄴 𑄇𑄧𑄣 𑄃𑄨𑄇𑄴𑄇𑄱 𑄜𑄧𑄣𑄴,",খালিক কলা একটা ফল
𑄥𑄢 𑄝𑄧𑄏𑄧𑄢𑄴 𑄥𑄧𑄁 𑄗𑄠𑄴।,সারাজীবন থাকে
𑄌𑄨𑄎𑄨,১. ছোট ২. ছোট
𑄌𑄨𑄎𑄨𑄘𑄊𑄨 𑄈𑄢 𑄦𑄧𑄘𑄧𑄚𑄴,.ছোট খেলা হচ্ছে
𑄣𑄬𑄘 𑄃𑄧𑄠𑄴 𑄥𑄧𑄁 𑄖𑄧𑄉𑄢𑄴 𑄖𑄟𑄴𑄟,লেলিে দেওার সম তার মা
𑄒𑄬𑄋𑄴 𑄉𑄢𑄨𑄣𑄮𑄃𑄨 𑄝𑄎𑄢𑄧𑄖𑄴 𑄡𑄚,ঠেলাগাড়ি করে বাজারে যাওা
𑄒𑄬𑄋𑄴 𑄉𑄢𑄨𑄃𑄚𑄬 𑄃𑄬𑄇𑄴𑄘𑄨𑄚𑄴𑄚𑄳𑄠 𑄝𑄎𑄢𑄧𑄖𑄴 𑄡𑄢𑄴 𑄡𑄘𑄬 𑄡𑄘𑄬 𑄛𑄧𑄘𑄧𑄖𑄴 𑄢𑄨𑄇𑄴𑄥𑄉𑄚𑄴𑄘𑄮𑄃𑄨 𑄘𑄬𑄊 𑄦𑄧𑄣𑄧 ।,ঠেলাগাি দিে একদিন বাজারে যাওার সম রিক্সা চালাচ্ছেন
𑄘𑄨𑄎𑄧𑄚𑄬 𑄇𑄧𑄙 𑄇𑄮𑄃𑄨 𑄇𑄮𑄃𑄨 𑄡 𑄙𑄧𑄥𑄴𑄎𑄱𑄚𑄴 ।,দুইজনে কথা বলতে বলতে যা
𑄖𑄢 𑄞𑄪𑄣𑄬 𑄡𑄘𑄬 𑄡𑄘𑄬 𑄛𑄧𑄘𑄧 𑄝𑄋𑄬𑄘𑄨 𑄚𑄧 𑄡𑄬𑄃𑄩 𑄓𑄬𑄚𑄬𑄘𑄨 𑄡 𑄙𑄧𑄥𑄴𑄎𑄱𑄚𑄴 ।,তারা ভুলে যেতে যেতে পদচিহ্ন ভুলে যা না
𑄃𑄘𑄨𑄇𑄴𑄇𑄳𑄠 𑄉𑄧𑄢𑄨 𑄃𑄬𑄇𑄴𑄇𑄚𑄴 𑄛𑄨𑄇𑄴-𑄃𑄛𑄬 𑄖𑄢𑄢𑄬 𑄔𑄪𑄌𑄴 𑄘𑄨𑄣𑄧𑄉𑄨 ।,.প্রথমে তাদেরকে একটা পিঠা দিে দিল।
𑄻,১. ৫. ৫. পাঁচ
𑄖𑄢 𑄔𑄪𑄎𑄧𑄖𑄴 𑄃𑄪𑄢𑄨 𑄛𑄪𑄌𑄴𑄎𑄧𑄚𑄴𑄘𑄮𑄃𑄨 ।,তারা পানিতে পতেছে
𑄼,১. ৬. ৫. ৬
𑄖𑄢 𑄃𑄢𑄴 𑄃𑄪𑄘𑄨 𑄚𑄧 𑄛𑄣𑄴𑄣𑄇𑄴 ।,তারা আর উঠতে পারে না
𑄽,১. ৭. ৭. ৩. পাঁচ
𑄝𑄥𑄴 𑄉𑄢𑄨𑄠𑄚𑄬 𑄖𑄢𑄢𑄬 𑄛𑄧𑄘𑄧𑄖𑄴 𑄑𑄚𑄨 𑄖𑄪𑄣𑄨𑄣𑄧 ।,বাঁশের গািটা তাদেরকে পথে টেনে তুললো
𑄾,১. ৮. আট
𑄃𑄬𑄇𑄴𑄇𑄚𑄴 𑄒𑄬𑄣𑄉𑄢𑄨𑄖𑄴 𑄉𑄧𑄢𑄨 𑄖𑄢 𑄝𑄎𑄢𑄧𑄖𑄴 𑄉𑄬𑄣𑄇𑄴 ।,একটি ঠেলাগাড়ি করে তারা বাজারে গেল
𑄿,"১. ৯. ৯. ১. ৩. ৯. ১. ৯. ১. ৯. (কলা প্রভৃতির) কাঁদি, ৩. (কলা প্রভৃতির) কাঁদি"
𑄝𑄎𑄢𑄧𑄖𑄴 𑄓𑄇𑄴𑄖𑄧𑄢𑄴𑄣𑄮𑄃𑄨 𑄘𑄬𑄊 𑄉𑄧𑄢𑄨 𑄖𑄢 𑄊𑄧𑄢𑄧𑄖𑄴 𑄛𑄨𑄣𑄴𑄣𑄇𑄴 ।,বাজারে ডাকের সম দেখে তাদের বািতে পিন্ড
𑄷𑄶,১. দশ ২. দশ
𑄢𑄧𑄎𑄬𑄠𑄬 : 𑄍𑄪𑄟𑄴𑄇𑄨 𑄌𑄋𑄴𑄟,"রগচটা, রগচটা"
𑄛𑄬𑄑𑄴 𑄜𑄪𑄣𑄬𑄣𑄬 𑄇𑄨 𑄉𑄧𑄢𑄨𑄝𑄧𑄋𑄴,পেট ফুলিে কি লাভ
𑄙𑄧𑄚𑄧 𑄃 𑄙𑄧𑄚𑄧𑄝𑄨 𑄃𑄨𑄥𑄴𑄇𑄪𑄣𑄧𑄖𑄴 𑄡𑄘𑄧𑄚𑄴 ।,ধন এ ধনবি স্কুলে যাচ্ছে
𑄡𑄘𑄬 𑄡𑄘𑄬 𑄃𑄬𑄇𑄴𑄇𑄮 𑄌𑄨𑄎𑄨 𑄘𑄬𑄉𑄨𑄣𑄇𑄴 ।,যেতে যেতে একটা চিমটি দেখলাম
𑄸,১. ২. ২. ২. ২. দুই
𑄖𑄢 𑄌𑄨𑄎𑄨𑄝𑄮 𑄟𑄪𑄎𑄪𑄋𑄧𑄖𑄴 𑄉𑄬𑄣𑄇𑄴 ।,.তারা চিটিংবাজের মুখে গেল
𑄛𑄪𑄎𑄧𑄢𑄴 𑄉𑄧𑄢𑄨𑄣𑄇𑄴 𑄇𑄨 𑄃𑄪𑄃𑄨𑄠𑄬 ।,.পুে পার শব্দ
𑄺,১. ৪. ৪. ৪. ৪
𑄖𑄟𑄴𑄟 𑄇𑄧𑄣𑄧 -𑄌𑄨𑄎𑄨𑄝𑄮𑄢𑄴 𑄛𑄬𑄖𑄴 𑄜𑄪𑄣𑄬𑄠𑄬 ।,তার মা কল-চিঝির পেট ফুলে গেছে
𑄌𑄨𑄎𑄨𑄝𑄮 𑄟𑄬𑄣𑄮𑄟𑄌𑄴 𑄉𑄧𑄢𑄨 𑄛𑄧𑄢𑄨 𑄃𑄊𑄬 ।,চিজিটা শামুকের মতো পে আছে
𑄙𑄧𑄚𑄧 𑄙𑄝 𑄙𑄝 𑄘𑄧𑄉𑄚𑄧𑄖𑄴 𑄉𑄬𑄣𑄧 ।,ধনের দৌে দৌে গেল
𑄃𑄬𑄇𑄴 𑄟𑄧𑄎 𑄥𑄬𑄣𑄃𑄨𑄚𑄴 𑄇𑄨𑄚𑄨 𑄃𑄚𑄨𑄣𑄧 ।,এক মজা সেলাই কিনে নিে আসলো
𑄌𑄨𑄎𑄨𑄝𑄮 𑄟𑄝𑄱𑄢𑄬 𑄥𑄬𑄣𑄃𑄨𑄚𑄴 𑄟𑄧𑄎𑄝𑄱 𑄘𑄨𑄣𑄧 ।,চিঝিটা মাকে সেলাইটা শেষ করে দিল
𑄖𑄟𑄴𑄟 𑄛𑄚𑄨𑄣𑄮𑄃𑄨 𑄟𑄨𑄎𑄬𑄚𑄬 𑄥𑄬𑄣𑄃𑄨𑄚𑄴 𑄈𑄝𑄬𑄣𑄧 ।,তার মা পানি দিে সেলাই খেে নিল
𑄙𑄧𑄚𑄧 𑄃 𑄙𑄧𑄚𑄧𑄝𑄨 𑄃𑄨𑄥𑄴𑄇𑄪𑄣𑄧𑄖𑄴 𑄉𑄬𑄣𑄇𑄴 ।,ধন তো ধনবি স্কুলে গেল
𑄛𑄨𑄢𑄧𑄘𑄬 𑄘𑄬𑄊𑄨𑄣𑄇𑄴 𑄌𑄨𑄎𑄨𑄝𑄮 𑄈𑄢 𑄃𑄧𑄢𑄴 ।,অসুখের চোখগুলো চিটিংবাজ করতেছে
𑄟𑄧𑄣𑄬𑄚𑄴 𑄘𑄉𑄨 𑄝𑄉𑄚𑄧𑄖𑄴 𑄖𑄪𑄛𑄴 𑄖𑄪𑄛𑄴 𑄉𑄧𑄢𑄨 𑄣𑄨𑄎𑄪 𑄙𑄧𑄌𑄴𑄎𑄳𑄠𑄧𑄚𑄴 ।,.মেেটা ডাকতে বাগানে তুপ তুপ করে লিচু ধরছে
𑄖𑄢𑄬𑄋𑄴𑄋𑄳𑄠𑄣𑄮𑄃𑄨 𑄟𑄧𑄚𑄨 𑄣𑄨𑄎𑄪 𑄉𑄌𑄴𑄌𑄱 𑄖𑄣𑄬 𑄉𑄬𑄣𑄇𑄴 ।,তার হাত দিে মনি লিচু গাছটা তালে গেল
𑄹,৩. ৩. ৩. ৩. ৩. ৩
𑄘𑄨𑄎𑄧𑄚𑄧𑄢𑄴 𑄣𑄨𑄎𑄪 𑄈𑄬𑄝𑄢𑄴 𑄟𑄧𑄚𑄬 𑄣𑄧𑄣𑄧 ।,দুই জনের লিচু খাওার ইচ্ছা করল
𑄖𑄢𑄬𑄋𑄳𑄠 𑄉𑄌𑄴𑄌𑄱𑄖𑄴 𑄃𑄪𑄘𑄨𑄣𑄧 ।,তারাঙ্গা গাছটা উঠল
𑄟𑄧𑄚𑄨 𑄇𑄧𑄣𑄧-𑄃𑄪 𑄓𑄬𑄣𑄝𑄱𑄖𑄴 𑄝𑄬𑄌𑄴 𑄣𑄨𑄎𑄪 ।,.মেে কল দিে ডালটা বেশি পাতলা
𑄖𑄢𑄬𑄋𑄳𑄠 𑄌𑄨𑄉𑄧𑄚𑄴 𑄓𑄬𑄣𑄝𑄱 𑄝𑄬𑄃𑄨 𑄉𑄬𑄣𑄧 ।,তাকে ছোট দলাটা বেে গেল
𑄡𑄘𑄬 𑄡𑄘𑄬 𑄖𑄢𑄬𑄋𑄴𑄋𑄳𑄠 𑄓𑄬𑄣𑄝𑄱 𑄞𑄋𑄨 𑄛𑄧𑄣𑄴𑄣𑄧 ।,. যেতে যেতে তার দোলটা ভেঙে পলো
𑄛𑄧𑄢𑄨𑄚𑄬𑄃𑄨 𑄖𑄢𑄬𑄋𑄴𑄋𑄳𑄠 𑄇𑄚 𑄙𑄧𑄢𑄴𑄣𑄧 ।,পিে তাকে কানা ধরলো
𑄇𑄚𑄚 𑄢𑄧 𑄥𑄪𑄚𑄨 𑄖 𑄟𑄟𑄪 𑄘𑄝 𑄘𑄨 𑄃𑄬𑄣𑄧 ।,কান্না করতে করতে তার মা হুক্কা দিে আসলো
𑄘𑄨 𑄝𑄮𑄚𑄮𑄢𑄴 𑄇𑄧𑄙,দুইবোনের কথা
𑄙𑄧𑄚𑄧𑄝𑄨 𑄃 𑄢𑄋𑄝𑄨 𑄖𑄢 𑄘𑄨 𑄎𑄧𑄚𑄧𑄢𑄴 𑄃𑄧𑄟𑄧𑄇𑄧𑄘𑄧 𑄇𑄮𑄌𑄴 𑄛𑄜𑄨 𑄃𑄬𑄣𑄧 ।,ধনবি আরাঙা তারা দুই জনের অনেক ব কাপ পেছে
𑄙𑄧𑄚𑄧𑄝𑄨 𑄥𑄮𑄥𑄮𑄇𑄳𑄠 𑄥𑄮𑄥𑄮𑄇𑄳𑄠 𑄉𑄧𑄢𑄨 𑄗𑄬𑄘𑄧 ।,ধনবি সোসা করে থাকে
𑄖𑄬 𑄘𑄨𑄚𑄴 𑄟𑄉𑄚𑄬 𑄘𑄖𑄴 𑄘𑄧𑄣𑄨𑄘𑄧 ।,সে প্রতিদিন দাঁত ব্যথা করে
𑄖𑄬 𑄘𑄨𑄚𑄴 𑄟𑄉𑄚𑄬 𑄦𑄖𑄴 𑄒𑄬𑄋𑄴 𑄙𑄧𑄘𑄧 ।,সে সারাদিন হাত ধোা অভ্যস্ত
𑄖𑄬 𑄃𑄧𑄇𑄴𑄖𑄧 𑄟𑄧𑄎𑄨𑄟𑄴 𑄉𑄘𑄨𑄘𑄧 𑄃 𑄇𑄝𑄧𑄢𑄴-𑄌𑄪𑄝𑄧𑄢𑄴 𑄙𑄧𑄘𑄧 ।,সে অনেক মলা গাে কাপ-কাপ পরিধান করে
𑄖𑄬 𑄛𑄧𑄢𑄨𑄥𑄴𑄇𑄢𑄴 𑄇𑄝𑄧𑄢𑄴-𑄌𑄪𑄝𑄧𑄢𑄴 𑄃𑄪𑄢𑄨𑄘𑄧 ।,সে পরিষ্কার কাপচোপ পে
𑄖𑄢𑄬 𑄝𑄬𑄉𑄬 𑄇𑄮𑄌𑄴 𑄛𑄬𑄘𑄇𑄴 ।,তাকে খুব অসুস্থ মনে হ
𑄢𑄋𑄝𑄨 𑄇𑄎𑄧𑄢𑄴 𑄉𑄧𑄢𑄨 𑄗𑄬𑄘𑄧 ।,লালবিচির করে থাকে
𑄃𑄬𑄇𑄴𑄘𑄨𑄚𑄴𑄳𑄠 𑄖𑄬 𑄥𑄪𑄘𑄧 𑄟𑄪 𑄉𑄧𑄢𑄨 𑄝𑄮𑄃𑄨 𑄃𑄉𑄬 ।,এক দিন সে সুদের মুখ করে বসে আছে
𑄇𑄧𑄚𑄧𑄎𑄧𑄚𑄬 𑄖𑄢𑄬 𑄜𑄉𑄧𑄖𑄴 𑄚𑄧 𑄣𑄧𑄚𑄴 ।,কেউ তাকে সাথে নিে যা না
𑄙𑄧𑄚𑄧𑄝𑄨 𑄖𑄢𑄬 𑄇𑄧𑄢𑄴-𑄇𑄨 𑄃𑄪𑄠𑄬 𑄖𑄧𑄢𑄴 ।,ধনবি তাকে কি করবে?
𑄢𑄋𑄝𑄨 𑄇𑄧𑄣𑄧-𑄟𑄧𑄢𑄬 𑄇𑄧𑄚𑄧𑄎𑄧𑄚𑄬 𑄇𑄮𑄌𑄴 𑄚𑄧 𑄛𑄚𑄴 ।,লাল বিালের মাকে কেউ পছন্দ করে না
𑄖𑄪𑄃𑄨 𑄥𑄮𑄥𑄮𑄇𑄳𑄠 𑄖𑄬𑄣𑄬 𑄖𑄧𑄢𑄬 𑄝𑄬𑄇𑄴𑄇𑄪𑄚𑄬 𑄈𑄮𑄌𑄴 𑄛𑄬𑄝𑄇𑄴 ।,তুমি সাবানের তেল দিে সবাইকে দেখতে পাবে
𑄛𑄢𑄦𑄳𑄆𑄜𑄢𑅄𑄢 𑄛𑄉𑄳𑄆𑄥,"এক জাতী বুনোফল, যা সবজি হিসেবে ব্যবহৃত হ"
𑄳𑄚𑄀𑄁𑄝 𑄛𑄉𑄳𑄆𑄥,এক জাতী বুনো ফল যা সবজি হিসেবে ব্যবহৃত হ
𑄧𑄢𑄃𑄚𑄳𑄆𑄁 𑄛𑄉𑄳𑄆𑄥,এক জাতী বুনো ফল যা সবজি হিসেবে ব্যবহৃত হ
𑄛𑄘 - 𑄼𑄸,১. পাতা - ২. পাতা
𑄊𑄨𑄣𑄈𑄢,"ঘিলু, ঘিলু, ঘিলু"
𑄃𑄘𑄟𑄧 𑄚𑄋𑄴 𑄥𑄧𑄚𑄴𑄈𑄧𑄣 𑄃𑄘𑄟𑄴।,এক জাতী বুনো ফল যা সবজি হিসেবে ব্যবহৃত হ
𑄥𑄧𑄚𑄢𑄟𑄧𑄢𑄴 𑄟𑄟𑄪 𑄊𑄧𑄢𑄴 𑄥𑄨𑄘𑄪।,সনাের মামার বাি
"𑄃𑄘𑄟𑄴𑄠𑄚𑄴 𑄎𑄧𑄟𑄧𑄢𑄴 𑄘𑄮𑄣𑄴, 𑄃𑄨𑄎𑄪 𑄌𑄬𑄝𑄢𑄴।","গ্রামটা সুন্দর,ইজু দেখার"
𑄝𑄧𑄏𑄧𑄢𑄴 𑄝𑄦𑄚𑄬 𑄉𑄧𑄢𑄧𑄟𑄴 𑄇𑄣𑄳𑄠𑄬 𑄍𑄪𑄑𑄴𑄖𑄨𑄖𑄴 𑄥𑄧𑄚𑄢𑄟𑄬 𑄖 𑄟 - 𑄝𑄝𑄧 𑄥𑄧𑄟𑄢𑄬 𑄟𑄟𑄪 𑄊𑄧𑄢𑄧𑄖𑄴 𑄡𑄠𑄴।,প্রতিবছর গরমের সমে তার মা-বাবা একসাথে বািতে যা
𑄥𑄧𑄟𑄢𑄬 𑄝𑄧𑄢𑄴 𑄞𑄮𑄚𑄴 𑄢𑄋𑄝𑄨 𑄗𑄠𑄴।,একসাথে ব ভাই-বোনেরা থাকে
𑄥𑄳𑄦𑄧𑄢𑄧𑄖𑄴𑄪𑄚𑄴 𑄘𑄢𑄮𑄖𑄴 𑄃𑄬 𑄃𑄘𑄟𑄧𑄖𑄴 𑄘𑄨𑄚𑄴 𑄇𑄧𑄘𑄧𑄇𑄴 𑄖𑄢𑄴 𑄈𑄪𑄏𑄨𑄠𑄬 𑄘𑄨𑄚𑄴 𑄉𑄧𑄋𑄨 𑄡𑄠𑄴।,সহাদের থেকে দূরে এই গ্রামের মানুষরা কত ব করে যা
𑄃𑄘𑄟𑄧𑄖𑄴 𑄥𑄧𑄚𑄢𑄟𑄧𑄢𑄴 𑄃 𑄢𑄋𑄝𑄨𑄢𑄴 𑄞𑄣𑄪𑄇𑄴𑄇𑄪𑄚𑄴 𑄥𑄧𑄟𑄎𑄳𑄠𑄬।,গ্রামের সনারা আর লালবিার অনেক লোক আছে
"𑄟𑄧𑄣𑄳𑄠𑄏𑄨 𑄞𑄬𑄃𑄨 𑄞𑄮𑄚𑄴, 𑄥𑄮𑄟 𑄃 𑄎𑄨𑄘𑄨𑄟𑄴 𑄘𑄧 𑄃𑄊𑄬𑄃𑄨।",".মেেটা ভাই ভাই,বোনেরা আছে তো"
"𑄥𑄬 𑄣𑄧𑄉𑄬 𑄃𑄊𑄧𑄚𑄴 𑄇𑄃𑄨𑄇𑄪𑄢𑄬 𑄊𑄧𑄢𑄧𑄢𑄴 𑄇𑄣𑄝𑄨, 𑄛𑄧𑄢𑄚𑄳𑄠, 𑄥𑄪𑄝𑄨𑄟𑄧𑄣𑄴 .. 𑄃𑄢𑄧 𑄞𑄣𑄧𑄇𑄴𑄇𑄪𑄚𑄴।","সে সাথে আছে কেকটা বাির কালাবি,পরান, সুবিমল"
𑄝𑄬𑄇𑄴𑄇𑄪𑄚𑄬 𑄃𑄬𑄇𑄴 𑄥𑄧𑄟𑄢𑄬 𑄇𑄨𑄏𑄨𑄇𑄴𑄇𑄎𑄇𑄴 𑄉𑄧𑄢𑄨 𑄘𑄨𑄚𑄴 𑄇𑄘𑄚𑄴।,সবাই এক সাথে কিসিম করে দিন কাটানো
𑄘𑄨𑄝𑄪𑄎𑄳𑄠𑄬 𑄝𑄉𑄚𑄧𑄖𑄴 𑄖𑄢𑄢𑄴 𑄟𑄨𑄏𑄬 𑄟𑄨𑄏𑄬 𑄟𑄬𑄘𑄴 𑄝𑄚𑄴 𑄦𑄧𑄠𑄴।,সারাদিন বাগানে তারা মিশে মেে তৈরি হ
𑄝𑄬𑄣𑄳𑄠𑄬 𑄈𑄢 𑄦𑄧𑄠𑄴।,সূর্য ডোবার সম খেলা
𑄃𑄢𑄴 𑄢𑄬𑄘𑄮𑄖𑄴 𑄖𑄧𑄣𑄮𑄃𑄨 𑄝𑄨𑄏𑄬𑄃𑄨 𑄚𑄉𑄧𑄢𑄴 𑄟𑄙𑄨 𑄃𑄧𑄇𑄴𑄖𑄧 𑄜𑄬𑄣𑄚𑄴।,আরও রাতে তলোার সমে তামাকের পাতা ফেলা হ
𑄃𑄬𑄝𑄢𑄧𑄖𑄴 𑄥𑄧𑄚𑄢𑄟𑄬 𑄃𑄘𑄟𑄧𑄖𑄴 𑄡𑄬𑄃𑄨 𑄃𑄬𑄇𑄴𑄇𑄚𑄴 𑄚𑄪𑄃𑄧 𑄈𑄢 𑄥𑄨𑄊𑄨𑄣𑄧।,এইবারে স্নোবোর্ডাররা গ্রামে একটি খেলা খেলছে
𑄈𑄢𑄠𑄚𑄧 𑄚𑄋𑄴 𑄊𑄨𑄣𑄈𑄢।,খেলা ব্যবহৃত নাচা করা
𑄎𑄧𑄟𑄧𑄢𑄴 𑄃𑄪𑄌𑄴𑄌𑄮𑄢𑄴 𑄈𑄢।,ব ব খেলা
𑄞𑄣𑄧𑄇𑄴 𑄎𑄧𑄚𑄬 𑄟𑄨𑄣𑄨 𑄃𑄬 𑄈𑄢𑄠𑄚𑄴 𑄦𑄧𑄚𑄴।,অনেক লোক মিলে এই খেলা অংশ হ
𑄊𑄨𑄣𑄬 𑄈𑄢𑄖𑄴 𑄃𑄧𑄏𑄢𑄴 𑄈𑄧𑄣 𑄣𑄉𑄬।,ঘিলে খাা অনেক কাঠ লাগে
𑄃𑄬 𑄈𑄢𑄖𑄴 𑄞𑄣𑄧𑄇𑄴𑄇𑄚𑄨 𑄥𑄪𑄘𑄮𑄟𑄴 𑄃𑄊𑄬।,এই খাটে অনেক সুখ আছে
𑄥𑄬 𑄥𑄪𑄘𑄮𑄟𑄴 𑄟𑄧𑄎𑄨𑄟𑄴 𑄈𑄢𑄠𑄚𑄴 𑄦𑄧𑄚𑄴।,সেই সুতাটা মলা হেছে
𑄃𑄬𑄚𑄬 𑄘𑄨 𑄎𑄧𑄙 𑄦𑄮𑄃𑄨 𑄈𑄢𑄠𑄚𑄴 𑄦𑄪𑄠 𑄛𑄧𑄢𑄬।,. এনে দিে খেলা করতে হ
𑄛𑄘 - 𑄼𑄹,পাতা - ৬৩
𑄊𑄨𑄣𑄬 𑄈𑄢𑄠𑄚𑄴 𑄦𑄧𑄘𑄬 𑄘𑄨- 𑄎𑄧𑄙 𑄣𑄉𑄧𑄚𑄴।,ঘিলে খেলা পারদর্শী হওা- যা
"𑄃𑄬𑄇𑄴 𑄎𑄧𑄙𑄖𑄴 𑄌𑄬𑄢𑄴, 𑄛𑄌𑄴, 𑄍𑄧𑄠𑄴 𑄎𑄧𑄚𑄴 𑄃𑄬𑄋𑄬𑄢𑄨 𑄉𑄧𑄢𑄨 𑄎𑄪𑄇𑄴 𑄝𑄧𑄘𑄧𑄚𑄴।","এক জনে চ, পাঁচ জন এংরি করে জুে বসা"
𑄛𑄧𑄖𑄴𑄖𑄨 𑄎𑄧𑄚𑄧𑄖𑄴𑄖𑄪𑄚𑄴 𑄊𑄨𑄣 𑄗 𑄛𑄧𑄢𑄬।,পাহাের মানুষদের ঘিলে থাকতে হ
𑄡𑄬 𑄣𑄟𑄴𑄝 𑄘𑄉𑄴𑄇𑄚𑄧𑄖𑄴𑄖𑄪𑄚𑄴 𑄈𑄢𑄠𑄚𑄴 𑄃𑄢𑄴 𑄉𑄚𑄨 𑄦𑄧𑄠𑄴 𑄥𑄨𑄠𑄚𑄧𑄢𑄬 𑄥𑄣𑄳𑄠𑄬𑄁 𑄇𑄧𑄚𑄴।,যে লম্বা দাগ দিে খেলা হ সেটা আর গান করিও না
𑄥𑄣𑄳𑄠𑄬𑄋𑄧𑄖𑄴𑄖𑄪𑄚𑄴 𑄃𑄬𑄇𑄴𑄇 𑄘𑄪𑄢𑄮𑄖𑄴𑄉𑄧𑄢𑄨 𑄃𑄢𑄧 𑄃𑄬𑄇𑄴 𑄎𑄧𑄙𑄠𑄴 𑄊𑄨𑄣𑄬 𑄛𑄘𑄬 𑄗𑄧𑄚𑄴।,সালাি থেকে একটু দূরে আর এক জাগা ঘিলে থাকে
"𑄃𑄢𑄧 𑄃𑄬𑄇𑄴 𑄎𑄧𑄙𑄠𑄴 𑄥𑄣𑄳𑄠𑄬𑄋𑄧 𑄘𑄉𑄧𑄖𑄴𑄖𑄪𑄚𑄴 𑄡𑄬𑄃𑄨, 𑄚𑄚 𑄇𑄮𑄎𑄬 𑄊𑄨𑄣𑄬 𑄦𑄘𑄬 𑄚𑄬𑄠𑄬𑄃𑄨 𑄝𑄢 𑄎𑄧𑄙 𑄛𑄘𑄬 𑄘𑄬 𑄊𑄨𑄣𑄬𑄠𑄪𑄚𑄴 𑄟𑄢𑄧𑄚𑄴।","আরও এক জাগা সালি থেকে আসে,নানা কথা বলে শুধু মাথা পাখানা করে"
𑄎𑄬 𑄎𑄧𑄙𑄠𑄴 𑄃𑄉𑄬 𑄝𑄢 𑄎𑄧𑄙𑄢𑄴 𑄊𑄨𑄣𑄬𑄠𑄪𑄚𑄴,যে যেরকম ছিল সেভাবে ঘিলেছে
"𑄖𑄇𑄴 𑄌𑄬𑄃𑄨, 𑄟𑄢𑄨 𑄟𑄘𑄨𑄖𑄴 𑄜𑄬𑄣𑄬 𑄘𑄨 𑄛𑄢𑄧𑄚𑄴 𑄥𑄬 𑄎𑄧𑄙𑄝𑄮𑄠𑄴 𑄎𑄨𑄖𑄳𑄠𑄬 𑄦𑄧𑄠𑄴।","তাাতাি, মেরে মাটিতে ফেলে দিতে পারে সেই ভাগ্যটা"
𑄥𑄣𑄳𑄠𑄬𑄋𑄧𑄖𑄴𑄪𑄚𑄴 𑄊𑄨𑄣𑄬 𑄇𑄨𑄠𑄬𑄖𑄴 𑄚𑄚 𑄎𑄉𑄖𑄴 𑄝𑄎𑄬𑄚𑄬 𑄦𑄘𑄬 𑄚𑄨𑄚𑄬 𑄖 𑄎𑄬𑄢𑄬 𑄦𑄘𑄪𑄖𑄴 𑄖𑄧𑄣𑄬𑄘𑄉𑄧𑄢𑄨𑄨 𑄝𑄢 𑄎𑄧𑄙𑄢𑄴 𑄊𑄨𑄣𑄬 𑄟𑄢𑄨 𑄇𑄧𑄟𑄧𑄖𑄴 𑄃𑄬𑄇𑄴 𑄝𑄨𑄉𑄧𑄖𑄴 𑄘𑄪𑄢𑄮𑄖𑄴 𑄚𑄬𑄡 𑄛𑄧𑄢𑄬।,সালেং থেকে ঘিলে শরীরে বিভিন্ন জাগা নেচে নেচে অনেক দূর যেতে হ
𑄊𑄨𑄣 𑄈𑄢𑄢𑄴 𑄚𑄚𑄚𑄴 𑄚𑄋𑄴।,ঘিলা খেলার নানান ভঙ্গি
"𑄎𑄳𑄠𑄬𑄚𑄴 𑄌𑄧𑄚𑄴𑄘𑄨, 𑄚𑄧𑄇𑄴𑄇𑄪𑄢𑄪, 𑄌𑄧𑄖𑄴𑄖𑄨 𑄈𑄢।","জন চাঁদি,নাককুরি,চওা খেলা"
𑄌𑄧𑄖𑄴 𑄖𑄨 𑄈𑄢𑄠𑄚𑄴 𑄃𑄨 𑄝𑄬𑄌𑄴 𑄦𑄧𑄚𑄴।,চত তেরা খেলাটি বেশি হ
"𑄊𑄨𑄣𑄬 𑄡𑄬 𑄡𑄬 𑄎𑄉𑄖𑄴 𑄣𑄮𑄃𑄨𑄚𑄬, 𑄢𑄊𑄬𑄚𑄬 𑄟𑄢 𑄛𑄧𑄢𑄬 - 𑄒𑄬𑄋𑄧 𑄛𑄘, 𑄈𑄧𑄉𑄧𑄢, 𑄦𑄘𑄪, 𑄇𑄧𑄟𑄧𑄢𑄴, 𑄝𑄪𑄇𑄴, 𑄉𑄧𑄖𑄴𑄧𑄚, 𑄒𑄪𑄖𑄴, 𑄇𑄧𑄝𑄣𑄴, 𑄥𑄨𑄢𑄬, 𑄖𑄣𑄴𑄮 𑄃𑄬𑄎𑄚𑄴।","ঘিলে যে জাগা থাকতে হ, রাতে যে জাগা থাকতে হ, পাহা, পাহা, পাহা, পাহা, পাহা, পাহা, পাহা, পাহা, পাহা, পাহা, পাহা, পাহা, খাট, পাহা"
𑄎𑄧𑄙𑄖𑄴 𑄎𑄧𑄚𑄴 𑄉𑄧𑄘𑄬 𑄉𑄧𑄘𑄬 𑄌𑄬𑄢𑄌𑄴𑄖 𑄉𑄧𑄢𑄧𑄚𑄴 𑄏𑄘𑄨 𑄏𑄘𑄨 𑄈𑄢 𑄙𑄛𑄴𑄛𑄪𑄚𑄴 𑄗𑄪𑄟𑄴 𑄉𑄧𑄢𑄨 𑄝𑄢𑄴।,জীবনে মানুষ করতে করতে সব কাজগুলো শেষ হে যাবে
𑄡𑄬 𑄎𑄧𑄙𑄢𑄴 𑄃𑄉𑄬 𑄝𑄬𑄇𑄴 𑄙𑄛𑄴𑄛𑄪𑄚𑄴 𑄉𑄧𑄢𑄚 𑄗𑄪𑄟𑄴 𑄦𑄧𑄝𑄧 𑄥𑄬 𑄎𑄧𑄙 𑄎𑄨𑄘𑄬।,যে প্রতিযোগিতা আগে সব শেষ হে যাবে
𑄛𑄘 - 𑄼𑄺,১. পাতা - ২. পাতা
"𑄥𑄧𑄚𑄢𑄟𑄴, 𑄢𑄋𑄝𑄨, 𑄥𑄪𑄝𑄨𑄟𑄧𑄣𑄴,𑄎𑄨𑄘𑄨𑄟𑄴,𑄛𑄧𑄢𑄚𑄳𑄠 𑄥𑄧𑄟𑄧𑄖𑄴 𑄝𑄬𑄇𑄴𑄇𑄪𑄚𑄬 𑄈𑄢𑄖𑄴 𑄜𑄉𑄧𑄖𑄴 𑄥𑄧𑄟𑄬𑄣𑄇𑄴।","সুগন্ধ,রাঙাবি,সুগন্ধি,জিনিসপত্র সব সম মিলে"
"𑄥𑄪𑄝𑄨𑄟𑄧𑄣𑄴, 𑄎𑄨𑄘𑄨𑄟𑄴 𑄥𑄧𑄟𑄧𑄖𑄴 𑄝𑄢 𑄛𑄌𑄴𑄎𑄧𑄚𑄴 𑄎𑄪𑄘𑄮 𑄎𑄧𑄙𑄖𑄴।","সুবিমল,জিজ্ঞাসা সম পাচজন যোগা"
𑄥𑄣𑄳𑄠𑄬𑄋𑄧𑄖𑄴𑄪𑄚𑄴 𑄈𑄢 𑄃𑄢𑄴𑄉𑄚𑄨 𑄦𑄧𑄣𑄧।,নদী থেকে পানি বের হে আসছে
𑄥𑄧𑄚𑄢𑄟𑄧𑄢𑄴 𑄛𑄮𑄣𑄳𑄠𑄬 𑄛𑄮𑄣𑄳𑄠𑄬 𑄃𑄊𑄖𑄳𑄠𑄬 𑄣𑄉𑄨𑄣𑄬𑄃𑄮 𑄎𑄬𑄢𑄬 𑄝𑄬𑄇𑄴 𑄦𑄧𑄘𑄧𑄖𑄴 𑄝𑄧𑄣𑄧।,স্যান্ডেলের পাে পাে আঘাত পাওার পর সব হেছে
𑄃𑄬𑄇𑄴𑄘𑄊𑄨𑄠𑄬 𑄌𑄬𑄃𑄨 𑄃𑄊𑄧𑄚𑄴।,একনাগাে তাকিে আছে
𑄝𑄬𑄉𑄬 𑄃𑄪𑄌𑄴𑄌𑄮 𑄦𑄮𑄃𑄨 𑄦𑄏𑄧𑄘𑄧𑄚𑄴।,জোরে জোরে হাঁটতেছে
𑄝𑄬𑄉𑄧𑄢𑄴 𑄟𑄧𑄚𑄧𑄖𑄴 𑄎𑄧𑄟𑄧𑄢𑄴 𑄃𑄪𑄌𑄴 𑄌𑄮𑄢𑄴 𑄖𑄝𑄪𑄣𑄴 𑄈𑄬𑄣𑄬𑄢𑄴।,বেগের মনে জমজ চোর তাস খেলছে
"𑄥𑄬 𑄥𑄧𑄟𑄢𑄬 𑄦𑄏𑄦𑄏𑄨, 𑄌𑄧𑄣𑄌𑄧𑄣𑄨।","সে সাথে সাথে দৌাদৌি করে,চলতেছে"
𑄃𑄘𑄟𑄧 𑄝𑄧𑄑𑄴 𑄉𑄏𑄧 𑄖𑄧𑄣𑄬 𑄃𑄧𑄏𑄢𑄴 𑄈𑄧𑄣।,গ্রামের বট গাছের নিচে এক জাতী গাছ
𑄥𑄨𑄠𑄮𑄖𑄴 𑄈𑄢 𑄌𑄧𑄣𑄬𑄢𑄴।,সেখানে খেলা চলে
𑄇𑄇𑄴𑄈𑄬 𑄥𑄧𑄚𑄢𑄟𑄴𑄘𑄊𑄨 𑄊𑄨𑄣𑄬 𑄟𑄢𑄧𑄚𑄴।,এক জাতী বুনোফল যা সবজি হিসেবে ব্যবহৃত হ
𑄎𑄬𑄢𑄬 𑄥𑄧𑄚𑄢𑄟𑄴𑄘𑄊𑄨 𑄎𑄧𑄙𑄠𑄴 𑄎𑄨𑄘𑄨𑄣𑄇𑄴।,.সে সাবান দিে গোসল করলো
𑄝𑄬𑄇𑄴𑄇𑄪𑄚𑄧𑄢𑄴 𑄇𑄨 𑄃𑄪𑄌𑄴𑄌𑄮।,সবাই কি উঁচু
𑄃𑄳𑄠𑄬𑄚𑄴 𑄃𑄧𑄇𑄴𑄖𑄧𑄖𑄴 𑄥𑄧𑄚𑄢𑄟𑄧 𑄟𑄟𑄪𑄝𑄮 𑄃𑄬𑄣𑄧।,অনেক আগে শামুকের খোলসে এক জাতী শামুক এসেছে
𑄖𑄬 𑄥𑄧𑄚𑄢𑄟𑄴𑄘𑄊𑄨 𑄎𑄨𑄘𑄨𑄚𑄬 𑄈𑄪𑄏𑄨।,সে সনাামাা করতে গেছে
𑄖𑄬 𑄖𑄢𑄢𑄬 𑄝𑄳𑄦𑄚𑄨 𑄉𑄧𑄢𑄴𑄣𑄧।,সে তাদের বিদা দিল
"𑄥𑄧𑄚𑄢𑄟𑄬 𑄖 𑄟𑄟𑄪𑄢𑄬 𑄛𑄪𑄏𑄢𑄴 𑄉𑄧𑄢𑄴𑄣𑄧,“𑄟𑄟𑄪 𑄖𑄪𑄃𑄨𑄠𑄮 𑄇𑄨 𑄃𑄬 𑄈𑄢𑄠𑄚𑄴 𑄎𑄚𑄧𑄌𑄴?","সাপটা তার মাকে পুিে দিল,তুমি কি এই খেলা জানো?"
𑄖 𑄟𑄟𑄪 𑄦𑄏𑄨𑄣𑄧।,তার মামার হাত দিে
𑄃𑄨𑄠𑄚𑄴 𑄞𑄧𑄎𑄚𑄴 𑄛𑄪𑄢𑄧𑄚𑄨 𑄘𑄨𑄚𑄮𑄢𑄴 𑄈𑄢।,এগুলো সব পুরাতন দিনের খেলা
-: 𑄃𑄧𑄚𑄪𑄥𑄩𑄣𑄧𑄚𑄩 :-,.আসবাবপত্র
𑄥𑄧𑄝𑄴𑄘𑄧𑄠𑄪𑄚𑄴 𑄛𑄧𑄢𑄖𑄴𑄪𑄚𑄴 𑄖𑄮𑄉𑄬𑄃𑄨 𑄚𑄨𑄉𑄨𑄣𑄬𑄃𑄨।,. সাবান থেকে পানি বের হে নিে গেলে
𑄟𑄚𑄬 𑄇𑄧𑄃𑄨।,"১. মানে, মানে ২. মানে"
𑄈𑄢 𑄟𑄨𑄏𑄬𑄟𑄨𑄏𑄬 𑄊𑄨𑄣𑄈𑄢 𑄥𑄪𑄘𑄮𑄟𑄴 𑄎𑄧𑄙 𑄥𑄣𑄳𑄠𑄬𑄋𑄴,খেলা দেখতে দেখতে ঘিলুর সুতাগুলো সুন্দর হছে
𑄊𑄧𑄢𑄧 𑄞𑄨𑄘𑄨𑄢𑄬 𑄥𑄧𑄝𑄴𑄘𑄧𑄠𑄪𑄚𑄴 𑄈𑄣𑄳𑄠𑄬 𑄎𑄉𑄖𑄴 𑄝𑄧𑄏𑄬𑄃𑄨 𑄞𑄌𑄴 𑄝𑄚𑄬𑄃𑄨।,বাির ভিতরে বাঁশগুলো কেটে জাগা বানানো হ
𑄇𑄣𑄴 𑄊𑄨𑄣 𑄝𑄳𑄦𑄚𑄨 𑄉𑄧𑄢𑄧𑄟𑄴 𑄥𑄨𑄊𑄬𑄃𑄨 𑄘𑄮𑄚𑄴 𑄈𑄢 𑄃𑄘𑄟𑄧𑄖𑄴,কালো ঘিলা বািগুলো গরমের মধ্যে দিে দৌা
𑄇. 𑄃𑄟𑄨 𑄉𑄬𑄣𑄳𑄠𑄬 𑄟𑄏𑄧𑄖𑄴. . . . . . .𑄡𑄨𑄠𑄬𑄃𑄨।,"কে,আমরা গেলার সম"
"𑄈. 𑄝𑄮𑄎𑄬𑄇𑄴 , 𑄎𑄬𑄖𑄴 𑄟𑄥𑄴 . . . . . . . . . 𑄖𑄙𑄬।",".খাওাব,জেত মাস"
𑄉. 𑄥𑄪𑄝𑄨𑄟𑄧𑄣𑄬 . . . . . . . . . . .𑄜𑄉𑄧𑄖𑄴 𑄥𑄮𑄟𑄳𑄠𑄬।,".গা,সুঁচালো"
𑄊. 𑄥𑄧𑄚𑄢𑄟𑄧 𑄟𑄟𑄪 𑄖𑄢𑄬 𑄎𑄧𑄟𑄧𑄢𑄴 . . . . . 𑄉𑄮𑄌𑄳𑄠𑄬।,.গবাদিপশু তাকে জমজ .গোজ
𑄋. 𑄊𑄨𑄣𑄈𑄢 𑄟𑄧𑄢𑄬 𑄥𑄧𑄟𑄎𑄳𑄠𑄬𑄠𑄴 . . . . . . . .𑄥𑄨𑄊𑄬 𑄘𑄮𑄚𑄴।,".বাবা, ঘিলেরা আমাকে বিে দিেছে।"
𑄌. 𑄟𑄧𑄢𑄴 𑄍𑄨𑄉𑄮𑄚𑄴 . . . . . . 𑄝𑄨𑄘𑄨 𑄡𑄨𑄠𑄬 𑄟𑄟𑄪 𑄊𑄧𑄢𑄧𑄖𑄴।,"চা,আমার ছিঁা,যেটা মামার বািতে আছে"
𑄎𑄧𑄙 𑄃𑄧𑄇𑄴𑄇𑄮𑄢𑄴 / 𑄜𑄧𑄣 𑄌𑄨𑄚𑄴 𑄌𑄨𑄚𑄨 𑄃 𑄚𑄪𑄃𑄧 𑄥𑄧𑄝𑄴𑄘𑄧 𑄝𑄚𑄬𑄃𑄨।,জ্যেঠার/ ফলা চিনে চিনে শুধু লবনাক্ত করে
𑄟𑄪𑄠𑄬 𑄟𑄪𑄠𑄬 𑄎𑄮𑄝𑄴 𑄇𑄧𑄃𑄨 𑄃 𑄣𑄨𑄊𑄨।,আমি আমার জন্য অপেক্ষা করতেছি
𑄇. 𑄥𑄧𑄚𑄢𑄟𑄧𑄢𑄴 𑄟𑄟𑄪 𑄊𑄧𑄢𑄴 𑄇𑄪𑄘𑄪?,"কে, সনাের মামীর বাি কোথা?"
𑄈. 𑄚𑄪𑄃𑄧 𑄈𑄢 𑄚𑄋𑄚𑄴 𑄇𑄨?,".খাও,নাওা খেলা কি?"
𑄉. 𑄥𑄣𑄳𑄠𑄬𑄋𑄴 𑄇𑄨?,.গাের ছাল কি?
𑄊.𑄊𑄨𑄣 𑄈𑄢𑄖𑄴 𑄇𑄧𑄠𑄴𑄝𑄮 𑄎𑄧𑄙 𑄗𑄚𑄴?,ঘাের ঘাে কটা থাকে
𑄻. 𑄒𑄨𑄇𑄴 𑄎𑄮𑄝𑄴𑄛𑄚𑄴 𑄝𑄬𑄃𑄨 𑄣𑄧𑄃𑄨 𑄃 𑄣𑄨𑄊𑄨।,. ঠিক ট্যাবলেটটা বেে নিে আছে
𑄇. 𑄥𑄧𑄚𑄢𑄟𑄬 𑄇𑄧𑄇𑄴 𑄈𑄬 𑄟𑄟𑄪 𑄊𑄧𑄢𑄧𑄖𑄴 𑄡𑄠𑄴?,কে সনাে কবার খেে মামার বািতে যা
𑄷. 𑄎𑄢𑄴 𑄇𑄣𑄳𑄠𑄬 𑄸. 𑄝𑄧𑄏𑄧𑄢𑄴 𑄝𑄦𑄚𑄬,শীতে ২. বছর বাানো
𑄹. 𑄉𑄧𑄢𑄧𑄟𑄴 𑄇𑄣𑄳𑄠𑄬 𑄺. 𑄝𑄢𑄨𑄏𑄬𑄖𑄴,৩. গরমকাল ৪. বৃষ্টি
𑄈. 𑄥𑄧𑄚𑄴𑄈𑄧𑄣 𑄃𑄘𑄟𑄧𑄖𑄴 𑄇 𑄊𑄧𑄢𑄴 𑄃𑄊𑄬?,"খাও,মাঝখানে কার বাি আছে?"
𑄷. 𑄥𑄧𑄚𑄢𑄟𑄧𑄢𑄴 𑄚𑄨𑄏𑄧𑄢𑄴 𑄸. 𑄉𑄧𑄚𑄢𑄟𑄧 𑄟𑄟𑄪𑄢𑄴,এক.সাপের নিে ২.গনারাম মেে
𑄹. 𑄥𑄧𑄚𑄢𑄟𑄧𑄢𑄴 𑄛𑄨𑄏𑄬𑄃𑄨𑄢𑄴 𑄺. 𑄥𑄧𑄧𑄚𑄢𑄟𑄧𑄢𑄴 𑄇𑄇𑄴𑄇𑄢𑄴,৩. সনাার ব্যাথা ৪. সনাার কাপ
𑄉. 𑄊𑄨𑄣𑄬𑄝𑄮 𑄇𑄪𑄚𑄴 𑄘𑄨 𑄟𑄢 𑄛𑄧𑄢𑄬 ?,গা. ঘিলেটা কোথা মারা পে
𑄷. 𑄥𑄨𑄢𑄬 𑄃𑄪𑄉 𑄪𑄢𑄬𑄘𑄨 𑄸.𑄦𑄘𑄪 𑄖𑄧𑄣𑄬𑄘𑄨,১. শিরা উা রাত ২.হাের তলানি
𑄹. 𑄝𑄧𑄉𑄧𑄣𑄧 𑄥𑄬𑄢𑄬𑄘𑄨 𑄺. 𑄒𑄬𑄋𑄧 𑄖𑄧𑄣𑄬𑄘𑄨,".বগলের মধ্যে ৩,পাহাের নিচে"
𑄊. 𑄇𑄪𑄘𑄪 𑄟𑄨𑄏𑄬 𑄟𑄨𑄏𑄬 𑄟𑄬𑄘𑄴𑄝𑄚𑄴 𑄈𑄬𑄘𑄇𑄴?,"ঘা, কোথা মিশিে মেেটা খেেছে?"
𑄷. 𑄊𑄧𑄢𑄧𑄖𑄴 𑄸. 𑄟𑄟𑄪 𑄊𑄧𑄢𑄧𑄖𑄴,"১,বািতে ২. মামার বািতে"
𑄹. 𑄝𑄉𑄚𑄧𑄖𑄴 𑄺.𑄛𑄨𑄏𑄬𑄃𑄨 𑄊𑄧𑄢𑄧𑄖𑄴,"৩,বাগানে ৪.পিছের বািতে"
𑄛𑄘 - 𑄼𑄼,পাতা - ৬৬
𑄼.𑄝𑄨𑄛𑄧𑄢𑄨𑄖𑄴 𑄥𑄧𑄝𑄴𑄘𑄧 𑄎𑄚𑄨 𑄣𑄧𑄃𑄨।,.বিালের মাছ ধরিে
𑄈𑄣𑄳𑄠𑄬 𑄊𑄧𑄢𑄧𑄖𑄴 𑄒𑄨𑄇𑄴 𑄥𑄧𑄝𑄴𑄘𑄧 𑄝𑄧𑄏𑄬𑄃𑄨 𑄞𑄌𑄴 𑄎𑄧𑄢 𑄘𑄨।,খালের বািতে ঠিক সম বসে ভাত খাওা যা
𑄍𑄨𑄉𑄮𑄚𑄴 {𑄓𑄋𑄧𑄢𑄴 ] 𑄞𑄧𑄎𑄚𑄴 [ 𑄃𑄬𑄇𑄴𑄇 ] 𑄟𑄪𑄎𑄪𑄋𑄬[ 𑄛𑄨𑄎𑄬] 𑄃𑄪𑄌𑄴𑄌𑄮 [ 𑄘𑄪𑄊𑄬],ছিঁা/ডাঙি/জুি
𑄇. 𑄝𑄧𑄢𑄴 𑄉𑄋𑄚𑄴 𑄃𑄬𑄇𑄴 𑄇𑄚𑄴 ... ...........................𑄉𑄋𑄴।,কা. ব গাঙ এক কান
𑄈. 𑄃𑄘𑄟𑄧 𑄛𑄮 𑄪 𑄍- 𑄉𑄪𑄚𑄬 . . . . . . . . . . . 𑄈𑄢 𑄦𑄧𑄚𑄴 ।,"খাও, গ্রামের ছেলে-মেেরা গুনগান করে ."
𑄉. 𑄝𑄬𑄇𑄴𑄇𑄪𑄚𑄬 . . . . . . . . . . . . . . . . . 𑄉𑄧𑄢𑄴𑄣𑄇𑄴।,".গা,সবাই . ."
𑄊. 𑄃𑄟𑄖𑄴𑄪 𑄚𑄴 𑄃𑄇𑄴 𑄇𑄮𑄃𑄨 𑄡𑄬𑄝𑄖𑄴𑄬 𑄦𑄧𑄣𑄬 . . . . . . .. .. 𑄌 𑄚𑄧 𑄡𑄬𑄝𑄧।,"ঘা, আমাদের থেকে আলাদা হওা হলে"
𑄽. 𑄝𑄇𑄳𑄠𑄧𑄠𑄪𑄚𑄴 𑄛𑄧𑄢𑄨।,এক.বেইনে পা
𑄇𑄨 𑄝𑄪𑄏𑄖𑄴𑄬 𑄥𑄧𑄝𑄴𑄘𑄧𑄠𑄪𑄚𑄴 𑄣𑄨𑄊𑄨।,কি বুঝা সাপটি লিে গেছে
𑄇. 𑄃𑄟𑄨 𑄃𑄘𑄟𑄧𑄖𑄴 𑄟𑄬𑄘𑄴 𑄝𑄚𑄴 𑄈𑄨𑄠𑄬𑄃𑄨 ।,"কে,আমরা গ্রামের মেজবান খেেছি"
. . . . . . 𑄃𑄘𑄟𑄧𑄖𑄴 . . . . . .,".গ্রামের মধ্যে, গ্রামে"
𑄈. 𑄖𑄢 𑄃𑄪𑄙𑄮𑄚𑄧𑄖𑄴 𑄉𑄧𑄛𑄴 𑄟𑄧𑄖𑄴𑄖𑄧𑄚𑄴 ।,"খা,তারা উপরে গর্ব করে"
. . . . . . . . . . . . . . . . . . .,. . . .
𑄉. 𑄈𑄧𑄣𑄖𑄴 𑄈𑄢 𑄌𑄧𑄣𑄬𑄢𑄴 ।,"গা,খলতে খেলা চলতেছে"
. . . . . . . . . . . . . . . . . . . . . . .,. . . .
𑄊. 𑄥𑄏𑄧𑄚𑄳𑄠 𑄃𑄉𑄏𑄧𑄖𑄴 𑄌𑄚𑄴 𑄃𑄪𑄎𑄳𑄠𑄬 ।,"ঘা,শাঁসগুলো আকাশে উঠে"
. .. . . . . . . . . . . . . . . . .,". , . ."
𑄋. 𑄃𑄘𑄟𑄴 𑄠𑄚𑄴 𑄎𑄧𑄟𑄧𑄢𑄴 𑄘𑄮𑄣𑄴 ।,বাবা-মা অনেক সুন্দর
. . . . . . . . . . . . . . . . . . . .,. . . .
𑄾 . 𑄥𑄧𑄝𑄴𑄘𑄧 𑄖𑄮𑄉𑄬𑄃𑄨।,. ৮. সাবান দিে
𑄥𑄧𑄝𑄴𑄘𑄧𑄢𑄴 𑄟𑄣𑄍𑄧𑄢 𑄝𑄚𑄬𑄃𑄨।,এক জাতী বুনো ফল যা সবজি হিসেবে ব্যবহৃত হ
𑄃𑄨𑄠𑄚𑄴 𑄃𑄬𑄇𑄴𑄇𑄚𑄴 𑄥𑄧𑄝𑄴𑄘𑄧𑄈𑄢।,এটি একটি স্কেটবোর্ড
𑄘𑄨𑄎𑄧𑄚𑄬 𑄝 𑄇𑄧𑄠𑄬𑄇𑄴 𑄎𑄧𑄚𑄬 𑄟𑄨𑄣𑄨 𑄃𑄬 𑄈𑄢𑄠𑄚𑄴 𑄦𑄮 𑄡𑄠𑄴 ।,দুইজনে বা কজন মিলে এই খেলা অংশ হ
𑄈𑄢 𑄥𑄪𑄘𑄮𑄟𑄴 𑄠𑄚𑄴 𑄃𑄬𑄎𑄚𑄴 - 𑄛𑄮𑄣𑄳𑄠𑄬 𑄃𑄬𑄇𑄴 𑄎𑄧𑄚𑄬 𑄃𑄨𑄇𑄴𑄮 𑄥𑄧𑄝𑄴 𑄘𑄧 𑄇𑄧𑄝𑄧।,খেলার সুোটা এরকম -পুলে এক জনে একটা বলে
𑄎𑄳𑄠𑄬𑄚𑄴 : 𑄃𑄟𑄴 ।,জাগা: আম
𑄘𑄨𑄖𑄨𑄠𑄧𑄝𑄮 𑄃𑄟𑄴 𑄥𑄧𑄝𑄴 𑄘𑄧𑄝𑄮𑄣𑄮𑄃𑄨 𑄇𑄮𑄃𑄨𑄚𑄬 𑄗𑄪𑄟𑄧 𑄃𑄧𑄇𑄴𑄮𑄢𑄴 𑄘𑄨 𑄃𑄬𑄇𑄴𑄮 𑄥𑄧𑄝𑄴𑄘𑄧 𑄎𑄪𑄉𑄪𑄣𑄬𑄝𑄧।,ত্রিপুরাটা আমগুলো দুলিে বলে শেষ পর্যন্ত দুইটা বাচ্চা হবে
"𑄎𑄳𑄠𑄬𑄚𑄴: 𑄃𑄟𑄴, 𑄟𑄧𑄏 ।","জন: আম,মশা"
𑄖𑄳𑄢𑄨𑄖𑄨𑄠𑄧 𑄎𑄧𑄚𑄬 𑄃𑄬 𑄘𑄨𑄝𑄬 𑄥𑄧𑄝𑄴 𑄘𑄧 𑄃𑄪𑄌𑄴 𑄌𑄢𑄧𑄕𑄴 𑄉𑄧𑄢𑄨 𑄚𑄪𑄃𑄧 𑄥𑄧𑄝𑄴 𑄘𑄧𑄢𑄴 𑄗𑄪𑄟𑄧 𑄃𑄧𑄇𑄴𑄮 𑄢𑄴 𑄘𑄨𑄚𑄬 𑄥𑄧𑄝𑄴 𑄘𑄧 𑄝𑄚𑄬𑄝𑄧।,ত্রিতী জনে এই দো গুলো সব শেষ করে সব গুলো বানাবে
"𑄎𑄳𑄠𑄬𑄚𑄴 : 𑄃𑄟𑄴 , 𑄟𑄧𑄏, 𑄏𑄉।","জাগা: আম,মশা, জাগা"
𑄃𑄬𑄋𑄬𑄢𑄨 𑄥𑄧𑄝𑄴 𑄘𑄧 𑄟𑄣𑄍𑄧𑄢 𑄝𑄚𑄚 𑄈𑄢 𑄌𑄧𑄣𑄨𑄝𑄧।,.এই সব মালাচা বানানো খেলা চলবে
𑄥𑄧𑄝𑄴𑄘𑄧 𑄟𑄣𑄍𑄧𑄢 𑄢𑄢𑄴 𑄛𑄧𑄖𑄴𑄖𑄨 𑄥𑄧𑄝𑄴𑄘𑄧 𑄣𑄬𑄟𑄧𑄣𑄴𑄣𑄬𑄟𑄴𑄉𑄧𑄢𑄨 𑄇𑄪𑄠 𑄛𑄧𑄢𑄨𑄝𑄧।,এক জাতী বুনো লতার পাতা দিে রান্না করতে হবে
𑄇𑄧𑄚𑄧 𑄎𑄧𑄚𑄬 𑄚𑄧 𑄛𑄢𑄴𑄣𑄬 𑄖𑄬 𑄝𑄘𑄴 𑄡𑄬𑄝𑄧।,কোন জনে না পারলে সে বাদ যাবে
𑄥𑄬𑄇𑄳𑄠𑄬 𑄃𑄢𑄧 𑄃𑄬𑄇𑄴𑄎𑄧𑄚𑄧 𑄛𑄣 𑄃𑄬𑄝𑄧।,.সে আরও একজন লালন পালন করবে।
𑄃𑄬𑄋𑄬𑄢𑄨 𑄃𑄬𑄇𑄴𑄎𑄧𑄚𑄴 𑄃𑄬𑄇𑄴𑄎𑄧𑄚𑄴𑄉𑄧𑄢𑄨 𑄏𑄧𑄢𑄨 𑄡𑄚𑄢𑄴 𑄎𑄬𑄢𑄬 𑄗𑄪𑄟𑄬𑄚𑄴𑄘𑄨 𑄃𑄨𑄝𑄬 𑄎𑄨𑄘𑄨𑄝𑄧।,একজন একজন করে ঝরে যাওার পর শেষটা আসবে
𑄛𑄘 - 𑄼𑄽,পাতা - ৬৭
𑄿. 𑄍𑄧𑄝𑄨 𑄢𑄨𑄚𑄨 𑄌𑄬𑄃𑄨 𑄃 𑄟𑄧𑄚𑄬 𑄟𑄧𑄚𑄴 𑄎𑄧𑄇𑄴 𑄇 𑄛𑄌𑄴 𑄌𑄮 𑄝𑄇𑄳𑄠𑄧 𑄣𑄨𑄊𑄨।,ছবি দেখে মনে হ সে চোখ বন্ধ করে আছে
𑄢𑄋 𑄇𑄪𑄢,লাল কুা
𑄃𑄬. 𑄃𑄬𑄜𑄴.𑄟𑄪𑄣𑄢𑄴,এক.এক.মুলার
𑄃𑄬𑄇𑄴 𑄘𑄨𑄚𑄴 𑄃𑄬(𑄇)𑄴𑄳𑄟𑄪𑄠 𑄢𑄋 𑄇𑄪𑄢 𑄇𑄧𑄘𑄧𑄇𑄴 𑄙𑄚𑄴 𑄛𑄬𑄣𑄧।,এক দিন এই লোকটা লাল কুা কেকটা ধান পেল
𑄖𑄬 𑄝𑄨𑄣𑄬𑄃𑄨 𑄝𑄪𑄠𑄢𑄬 𑄓𑄇𑄨𑄣𑄧।,সে বিালকে ডাকতেছে
𑄖𑄬 𑄦(𑄥𑄴)𑄥𑄪𑄢𑄬 𑄓𑄇𑄨𑄣𑄧।,সে হাত দিে ডাকল
𑄖𑄬 𑄇𑄪𑄖𑄪𑄢𑄴 𑄝𑄪𑄠𑄢𑄬 𑄓𑄇𑄨𑄣𑄧।,সে কুটকৌশলীটাকে ডেকে দিল
"𑄢𑄋 𑄇𑄪𑄢 𑄝𑄪𑄠 𑄇𑄧𑄣𑄧,",লাল কুকুর ঘেউ ঘেউ করে
’ 𑄃𑄬𑄃𑄨 𑄙𑄚𑄪𑄚𑄴 𑄇𑄧𑄚𑄴𑄚 𑄇𑄪𑄎𑄨𑄝𑄧 ?,.এই ধানগুলো কে কুটবে?
"𑄝𑄨𑄣𑄬𑄃𑄨 𑄝𑄪𑄠 𑄇𑄧𑄣𑄧, ’’ 𑄟𑄪𑄃𑄨 𑄚𑄧 𑄇𑄪𑄎𑄨𑄟𑄴 ।","বিেতে বুো কল,আমি স্বীকার করবো না"
"” 𑄦(𑄥𑄴)𑄥𑄪𑄠 𑄇𑄧𑄣𑄧, ’ 𑄟𑄪𑄃𑄨 𑄚𑄧 𑄇𑄪𑄎𑄨𑄟𑄴 ।","হাবাগোবা কল,আমি স্বীকার করবো না"
"𑄇𑄪𑄖𑄪𑄢𑄴 𑄝𑄪𑄠 𑄇𑄧𑄣𑄧, ’ 𑄟𑄪𑄃𑄨 𑄚𑄧 𑄇𑄪𑄎𑄨𑄟𑄴 ।",".কুটির বুা কল,আমি স্বীকার করবো না"
"” 𑄢𑄋 𑄇𑄪𑄢 𑄝𑄪𑄠 𑄇𑄧𑄣𑄧, ’ 𑄥𑄣𑄬 𑄟𑄪𑄃𑄨 𑄙𑄚𑄪𑄚𑄴 𑄇𑄪𑄎𑄨𑄟𑄴 ।","লাল কুা বুো কল,-আমি ধানগুলো কাটবো"
𑄃𑄨𑄠𑄚𑄴 𑄇𑄧𑄧𑄃𑄨𑄚𑄳𑄠𑄠𑄴 𑄖𑄬 𑄙𑄚𑄪𑄚𑄴 𑄇𑄪𑄎𑄨𑄣𑄧।,এগুলো বলে সে ধানগুলো কুালো
"𑄙𑄚𑄴 𑄞𑄢𑄨 𑄃𑄮𑄣𑄴, 𑄢𑄋 𑄇𑄪𑄢 𑄝𑄪𑄠 𑄇𑄧𑄣𑄧, ’’ 𑄃𑄬𑄃𑄨 𑄙𑄚𑄪𑄚𑄴 𑄇𑄧𑄚𑄴𑄚 𑄘𑄳𑄠𑄬𑄝𑄧?","ধান খুব নরম, লাল কুা বুো কল, এই ধানগুলো কে দিবে?"
"𑄝𑄨𑄣𑄬𑄃𑄨 𑄝𑄪𑄠 𑄇𑄧𑄣𑄧, ’’ 𑄟𑄪𑄃𑄨 𑄚𑄧 𑄘𑄬(𑄃𑄨)𑄟𑄴 ।","বিেতে বুো কল,আমি দিবো না"
"” 𑄦(𑄥𑄴)𑄥𑄪𑄠 𑄇𑄧𑄣𑄧, ’’𑄟𑄪𑄃𑄨 𑄚𑄧 𑄘𑄬(𑄃𑄨)𑄟𑄴।",".হাত দিে কল,আমি দিবো না"
"𑄇𑄪𑄖𑄪𑄢𑄴 𑄝𑄪𑄠 𑄇𑄧𑄣𑄧, ’ 𑄟𑄪𑄃𑄨 𑄚𑄧 𑄘𑄬(𑄃𑄨)𑄟𑄴।",".কুটির বুা কল,আমি দিবো না"
"𑄢𑄋 𑄇𑄪𑄢 𑄝𑄪𑄠 𑄇𑄧𑄣𑄧, ’ 𑄥𑄣𑄬 𑄟𑄪𑄃𑄨 𑄙𑄚𑄴 𑄘𑄬(𑄃𑄨)𑄟𑄴।","লাল কুা বুো কল, তারপর আমি ধান দিবো"
𑄃𑄨𑄠𑄚𑄴 𑄇𑄧𑄧𑄃𑄨𑄚𑄳𑄠𑄠𑄴 𑄖𑄬 𑄙𑄚𑄪𑄚𑄴 𑄘𑄬𑄣𑄧।,এগুলো বলে সে ধানগুলো ফেলে দিল
"𑄢𑄋 𑄇𑄪𑄢 𑄝𑄪𑄠 𑄇𑄧𑄣𑄧, ’’ 𑄃𑄬𑄃𑄨 𑄙𑄚𑄪𑄚𑄴 𑄇𑄧𑄚𑄴𑄚 𑄝𑄚𑄨𑄝𑄧 ?","লাল কুা বুা কল,এই ধানগুলো কে বুনবে?"
"𑄝𑄨𑄣𑄬𑄃𑄨 𑄝𑄪𑄠 𑄇𑄧𑄣𑄧, ’’ 𑄟𑄪𑄃𑄨 𑄚𑄧 𑄝𑄚𑄨𑄟𑄴।","বিেতে বুো কল,আমি পারবো না"
"” 𑄦(𑄥𑄴)𑄥𑄪𑄠 𑄇𑄧𑄣𑄧, ’’𑄟𑄪𑄃𑄨 𑄚𑄧 𑄝𑄚𑄨𑄟𑄴।",".হাত দিে কল,আমি বানাবো না"
"𑄇𑄪𑄖𑄪𑄢𑄴 𑄝𑄪𑄠 𑄇𑄧𑄣𑄧, ’’𑄟𑄪𑄃𑄨 𑄚𑄧 𑄝𑄚𑄨𑄟𑄴।",".কুটির বুা কল,আমি বানাবো না"
"𑄢𑄋 𑄇𑄪𑄢 𑄝𑄪𑄠 𑄇𑄧𑄣𑄧, ’’ 𑄥𑄣𑄬 𑄟𑄪𑄃𑄨 𑄙𑄚𑄪𑄚𑄴 𑄝𑄚𑄨𑄟𑄴।","লাল কুা বুো কল,আমি ধানগুলো বানাবো"
𑄃𑄨𑄠𑄚𑄴 𑄇𑄧𑄧𑄃𑄨𑄚𑄳𑄠𑄠𑄴 𑄖𑄬 𑄙𑄚𑄪𑄚𑄴 𑄝𑄚𑄨𑄣𑄧।,এগুলো বলে সে ধানগুলো বািে দিল
"𑄢𑄋 𑄇𑄪𑄢 𑄝𑄪𑄠 𑄇𑄧𑄣𑄧, ’’ 𑄃𑄬𑄃𑄨 𑄌𑄮𑄣𑄴𑄣𑄪𑄚𑄴 𑄇𑄧𑄚𑄴𑄚 𑄢𑄚𑄨𑄝𑄧 ?","লাল কুা বুো কল,এই চালগুলো কে নিবে?"
"𑄝𑄨𑄣𑄬𑄃𑄨 𑄝𑄪𑄠 𑄇𑄧𑄣𑄧, ’’ 𑄟𑄪𑄃𑄨 𑄚𑄧 𑄢𑄚𑄨𑄟𑄴।","বিেতে বুো কল,আমি পারবো না"
"” 𑄦(𑄥𑄴)𑄥𑄪𑄠 𑄇𑄧𑄣𑄧, ’’𑄟𑄪𑄃𑄨 𑄚𑄧 𑄢𑄚𑄨𑄟𑄴।",".হাত দিে বল,আমি পারবো না"
"𑄇𑄪𑄖𑄪𑄢𑄴 𑄝𑄪𑄠 𑄇𑄧𑄣𑄧, ’’𑄟𑄪𑄃𑄨 𑄚𑄧 𑄢𑄚𑄨𑄟𑄴।",".কুটির বুা কল,আমি পারবো না"
"𑄢𑄋 𑄇𑄪𑄢 𑄝𑄪𑄠 𑄇𑄧𑄣𑄧, ’’ 𑄥𑄣𑄬 𑄟𑄪𑄃𑄨 𑄌𑄮𑄣𑄴𑄣𑄪𑄚𑄴 𑄢𑄚𑄨𑄟𑄴।","লাল কুা বুো কল,-সে পাহাের রানী"
𑄃𑄨𑄠𑄚𑄴 𑄇𑄧𑄧𑄃𑄨𑄚𑄳𑄠𑄠𑄴 𑄖𑄬 𑄌𑄮𑄣𑄴𑄣𑄪𑄚𑄴 𑄢𑄚𑄨𑄣𑄧।,এইটা ওইটা বলে সে চালগুলো রান্না করল
"𑄢𑄋 𑄇𑄪𑄢 𑄝𑄪𑄠 𑄇𑄧𑄣𑄧, ’’ 𑄃𑄬𑄃𑄨 𑄞𑄖𑄴𑄖𑄪𑄚𑄴 𑄇𑄧𑄚𑄴𑄚 𑄈𑄳𑄠𑄬𑄝𑄧?","লাল কুা বুো কল, এই ভাতগুলো কে খাবে?"
"𑄝𑄨𑄣𑄬𑄃𑄨 𑄝𑄪𑄠 𑄇𑄧𑄣𑄧, ’’ 𑄟𑄬𑄠𑄧𑄋𑄴 𑄟𑄪𑄃𑄨 𑄈𑄬(𑄃𑄨)𑄟𑄴।","বিেতে বুো কল,মেে পাে খাবো"
"” 𑄦(𑄥𑄴)𑄥𑄪𑄠 𑄇𑄧𑄣𑄧, ’ 𑄛𑄬𑄀𑄇𑄴 𑄛𑄬𑄀𑄇𑄴 𑄛𑄬𑄀𑄇𑄴 𑄟𑄪𑄃𑄨 𑄈𑄬(𑄃𑄨)𑄟𑄴।",".হাওা-হাওা কল,প্যাঁকপ্যাঁক করে আমি খেে নিব"
"” 𑄇𑄪𑄖𑄪𑄢𑄴 𑄝𑄪𑄠 𑄇𑄧𑄣𑄧, ’’𑄞𑄬𑄃𑄧 𑄞𑄬𑄃𑄮𑄃𑄪 𑄟𑄪𑄃𑄨 𑄈𑄬(𑄃𑄨)𑄟𑄴।",".কুটির বুা কল,-বোর বুো মুখ খেে নিব"
"𑄢𑄋 𑄇𑄪𑄢 𑄝𑄪𑄠 𑄇𑄧𑄣𑄧, 𑄖𑄪𑄟𑄨 𑄙𑄚𑄴 𑄚𑄧 𑄇𑄪𑄎𑄧।","লাল কুা বুো কল, তুমি ধান কুা করো না"
𑄖𑄪𑄟𑄨 𑄙𑄚𑄴 𑄚𑄧 𑄘𑄳𑄠𑄧𑄃𑄮।,তুমি ধান দিে দিও না
𑄖𑄪𑄟𑄨 𑄙𑄚𑄴 𑄚𑄧 𑄝𑄚𑄧।,তুমি ধান বানাও না
𑄖𑄪𑄟𑄨 𑄌𑄮𑄣𑄴𑄴 𑄚𑄧 𑄢𑄚𑄧,তোমরা চাল নাাচাা করো না
𑄥𑄨𑄘𑄳𑄠𑄠𑄴 𑄖𑄪𑄟𑄨 𑄞𑄖𑄴 𑄚𑄧 𑄈𑄬𑄝,সেখানে তুমি ভাত খাবে না
𑄟𑄧𑄢𑄴 𑄌𑄨𑄉𑄧𑄚𑄴 𑄌𑄨𑄉𑄧𑄚𑄴 𑄍𑄳𑄟𑄧𑄪𑄚𑄬 𑄈𑄬𑄝𑄇𑄴।,আমার ছোট ছোট বাচ্চা খাওা
𑄃𑄨𑄠𑄚𑄴 𑄇𑄧𑄧𑄃𑄨𑄚𑄳𑄠𑄠𑄴 𑄖𑄢 𑄞𑄖𑄴𑄖𑄪𑄚 𑄈𑄬𑄣𑄇𑄴।,এগুলো বলে তারা ভাত রান্না করে
𑄥𑄧𑄚𑄟𑄪𑄢𑄳𑄦,১. শামুকের খোলস ২. শামুকের খোলস
𑄥𑄪𑄉𑄧𑄖𑄧 𑄌𑄇𑄴𑄟 (𑄚𑄧𑄚𑄙𑄧𑄚𑄴),সুক্ষ্ম চামা
"𑄥𑄧𑄚𑄢𑄴 𑄟𑄪𑄢𑄳𑄦𑄖𑄴 𑄗𑄮𑄟𑄴 𑄥𑄧𑄚𑄢𑄴 𑄇𑄧𑄙𑄉𑄚𑄨 ,",সনার মুখে রাখবো সনার কথা
𑄥𑄧𑄚𑄢𑄴 𑄟𑄪𑄢𑄳𑄦𑄖𑄴 𑄗𑄮𑄟𑄴 𑄥𑄧𑄚𑄢𑄴 𑄎𑄨𑄋𑄴𑄇𑄚𑄨 ।,সনাের মাথা রাখবো সনা জিনিসপত্র
"𑄥𑄧𑄚𑄢𑄴 𑄟𑄪𑄢𑄳𑄦𑄖𑄴 𑄉𑄬𑄝𑄧 𑄥𑄧𑄚𑄢𑄴 𑄛𑄬𑄉𑄬 𑄉𑄚𑄴,",হরিণের মুখে গিে সনার পেগে গান
𑄥𑄪𑄊𑄧𑄢𑄴 𑄉𑄚𑄧𑄢𑄴 𑄖𑄢𑄴 𑄎𑄪𑄢𑄬𑄝𑄧𑄘𑄬 𑄛𑄧𑄢𑄕𑄴 ।,.সুগন্ধি গান তার ভালো লাগে।
"𑄥𑄧𑄚𑄢𑄴 𑄟𑄪𑄢𑄳𑄦𑄖𑄴 𑄦𑄧𑄝𑄧 𑄥𑄧𑄚𑄢𑄴 𑄟𑄬𑄊𑄧𑄈𑄢,",.সনাের মাথা হবে সনা মেঘ
𑄥𑄧𑄚𑄢𑄴 𑄃𑄉𑄌𑄴 𑄎𑄪𑄢𑄨 𑄥𑄧𑄚𑄢𑄴 𑄌𑄚𑄴𑄖𑄢 ;,.সনাের পাতা দিে সনা চামা
"𑄥𑄧𑄟𑄢𑄬 𑄟𑄨𑄣𑄨𑄚𑄬 𑄡𑄪𑄘𑄨 𑄣𑄟𑄬 𑄎𑄪𑄚𑄧 𑄛𑄳𑄦𑄧𑄢𑄴,",একসাথে মিশে যেতে যেতে রাত হে গেল
𑄥𑄬𑄘𑄨𑄚𑄳𑄠 𑄜𑄨𑄢𑄨𑄝𑄧 𑄥𑄪𑄈𑄴 𑄃𑄟𑄳𑄦 𑄎𑄧𑄚𑄧𑄟𑄧𑄢𑄴 ।,সেই দিন আসবে আমাদের জন সুখ
[ 𑄢𑄮𑄎𑄬𑄠𑄬 : 𑄷𑄿-𑄶𑄻-𑄷𑄿𑄽𑄿 𑄈𑄳𑄢𑄨. ],রোজ: ০৯-০৫-২০১৯
[,"১. (দা, ছুরি প্রভৃতির) বাট, বাট ২. (দা, ছুরি প্রভৃতির) বাট"
𑄌𑄋𑄴𑄟 𑄛𑄧𑄖𑄴 𑄧𑄟𑄴 𑄥𑄧𑄚𑄬𑄑𑄴] 𑄇𑄪𑄢𑄪𑄉𑄴,.চামা পথ - শামুকের পা
𑄘𑄩𑄛𑄧𑄋𑄴𑄇𑄧𑄢𑄴 𑄥𑄳𑄢𑄨𑄉𑄳𑄠𑄚𑄴 𑄌𑄇𑄴𑄟 (𑄝𑄝𑄪𑄌𑄚𑄴),প্রদীপের শিখাটা চাকমাহ্
𑄌-𑄚 𑄇𑄨 𑄘𑄬𑄉𑄧𑄌𑄴 𑄘𑄪𑄝𑄴𑄘𑄪𑄝𑄴 𑄊𑄧𑄢𑄚𑄧𑄖𑄴,চা-নাা কি দেখতেছি বািতে
"𑄖𑄧𑄖𑄳𑄠𑄃𑄨 𑄡𑄨𑄠𑄚𑄴 𑄌𑄨𑄎𑄨𑄇𑄳𑄠 𑄛𑄪𑄢𑄬𑄘𑄬, 𑄃𑄊𑄬",".তার শরীরটা চিকন হেছে, আছে"
"𑄇𑄨 𑄢𑄨𑄚𑄨 𑄌, 𑄚𑄬𑄡𑄚 𑄃𑄬-𑄟𑄧𑄚𑄚𑄴 𑄃𑄬 𑄜𑄉𑄬 ।","কি নিে চাও,এই মনটা এইবারে নিে যাও"
𑄡𑄪𑄘𑄨 𑄌(𑄌𑄴) 𑄃-𑄇𑄨𑄎𑄪 𑄖𑄪𑄣𑄨 𑄣𑄧 𑄃𑄩𑄖𑄴𑄖𑄚𑄧𑄖𑄴 ।,যখন চামাটা তুলে নাও উপরে
𑄇𑄨 𑄇𑄨 𑄘𑄬𑄉𑄧𑄌𑄴 𑄇𑄣𑄨 𑄣𑄧𑄧𑄧𑄃𑄨 𑄣𑄨𑄉𑄨 𑄣𑄧 𑄥𑄮𑄚-,কি কি ছবি নিে নিে যাও সোনা
"𑄇𑄪𑄢𑄴, 𑄃𑄊𑄬𑄚𑄨 𑄣𑄪𑄉𑄬𑄃𑄨𑄚𑄬𑄃𑄨 𑄃𑄬 𑄊𑄧𑄢𑄧𑄖𑄴,",এই বািতে অনেক তরকারি পেছে
"𑄃𑄫𑄊𑄧𑄢𑄧𑄖𑄴, 𑄌𑄣𑄧𑄥𑄬𑄢𑄬 𑄇𑄧𑄧𑄝𑄧𑄉𑄧𑄖𑄴, 𑄇𑄮𑄚-","উপরে,চালেরকে কেকবার বলা হ,কোণা"
𑄇𑄪𑄚𑄨 𑄢𑄨𑄚𑄨 𑄌 ; 𑄣𑄧𑄃𑄨 𑄛𑄢𑄧𑄌𑄴 𑄃𑄬 𑄎𑄪𑄝𑄧𑄖𑄴।,কুনি বিালের চামা নিে যাওা যা
"𑄚𑄧 𑄓𑄧𑄢𑄋𑄴 𑄖𑄧 𑄇𑄪𑄢𑄪𑄉𑄴, 𑄡𑄨𑄠𑄚𑄨 𑄡 𑄃𑄊𑄬 -","তোমার কুাগ,যেগুলো আছে সেগুলো যা আছে"
𑄌𑄨𑄛𑄴𑄪𑄢𑄚 𑄇𑄮𑄌𑄴𑄛𑄚 𑄝𑄬(𑄇𑄴)𑄇𑄚𑄨 𑄚𑄨𑄣𑄬𑄠𑄧।,ছেঁাচো করা সব কাপচা করলে
𑄟𑄧 𑄌𑄨𑄖𑄴𑄖𑄚𑄴 𑄎𑄧𑄚𑄧𑄟𑄴𑄱 𑄛𑄬𑄠𑄬 𑄖𑄬 𑄡 𑄣𑄉𑄬,আমার মনে হ সে যা লাগে
𑄚𑄧 𑄦𑄢𑄬𑄟𑄴 𑄇𑄨𑄇𑄪 𑄟𑄪𑄭 𑄝𑄬𑄇𑄴𑄇𑄚𑄨 𑄘𑄨𑄣𑄬𑄠𑄧 ।,.আমি সব ভুলে যাবো।
𑄢𑄧𑄋𑄧𑄛𑄘 𑄟𑄧 𑄃𑄨𑄙𑄪 𑄇𑄨 𑄚𑄨𑄝𑄬 𑄖𑄪𑄢𑄪𑄉𑄧𑄖𑄴 ?,রংটা আমার এখানে কি নিে যাবে
𑄝𑄬(𑄇𑄴)𑄇𑄚𑄨 𑄦𑄢𑄬𑄠𑄧𑄌𑄴 𑄟𑄧 𑄌𑄨𑄘𑄧 𑄇𑄪𑄢𑄪𑄉𑄧𑄖𑄴 ।,সব গুো হেছে আমার মাথা
[𑄇𑄧𑄝𑄨𑄠𑄬 𑄃𑄬𑄃𑄨 𑄥𑄧𑄚𑄬𑄑𑄴𑄑𑄱𑄱 𑄷𑄿𑄽𑄼 𑄥𑄣𑄧𑄚𑄴𑄘𑄨 𑄢𑄮𑄎𑄬𑄠।,কবি এই গানটিও ১৯৭৬ সাল থেকে লিখতেছে
𑄃𑄨𑄠𑄧𑄖𑄴 𑄌𑄋𑄴𑄟 𑄃𑄊𑄧𑄢𑄬 𑄢𑄪𑄛𑄚𑄴𑄖𑄧𑄢𑄴 𑄉𑄮𑄎𑄳𑄠𑄬 𑄥𑄪𑄉𑄧𑄖𑄧 𑄌𑄇𑄴𑄟 ।,এখানে চাকমারা চাকমাদের একটি গোষ্ঠী
]],"এক জাতী বুনো ফল, যা সবজি হিসেবে ব্যবহৃত হ"
𑄢𑄨𑄚𑄣𑄮𑄃𑄨 𑄃𑄧𑄛𑄪 𑄃𑄪𑄘𑄧𑄚𑄧𑄖𑄴 𑄈𑄢 𑄦𑄧𑄘𑄧𑄚𑄴 ।,রিলোডের সম খেলা হচ্ছে
𑄖𑄟𑄴𑄟 𑄃 𑄖𑄃𑄝𑄬 𑄖𑄮𑄚𑄴 𑄖𑄧𑄉 𑄡𑄘𑄧𑄚𑄴 ।,তার মা তার জন্য তরকারি খুঁজতে যাচ্ছে
𑄈𑄢 𑄈𑄧𑄘𑄬 𑄈𑄧𑄘𑄬 𑄖𑄢 𑄛𑄨𑄎𑄮𑄢𑄧𑄖𑄴 𑄥𑄮𑄟𑄬𑄣𑄇𑄴 ।,খেলা খেলতে খেলতে তারা রান্নাঘর সুো হলো
𑄛𑄨𑄎𑄮𑄢𑄧 𑄅𑄣𑄮𑄚𑄴𑄥𑄣𑄧𑄖𑄴 𑄥𑄬𑄇𑄴𑄇𑄬 𑄃𑄉𑄪𑄚𑄚𑄴 𑄎𑄧𑄣𑄬𑄢𑄴 ।,রান্নাঘর এখন আগুন লাগে
𑄅𑄣𑄮𑄚𑄴𑄥𑄣𑄧𑄖𑄴𑄖𑄪𑄚𑄴 𑄃𑄬𑄇𑄴𑄇𑄚𑄴 𑄘𑄢𑄴𑄝𑄮 𑄈𑄪𑄠𑄬𑄚𑄬𑄃𑄨 𑄃𑄧𑄛𑄪 𑄈𑄢 𑄈𑄧𑄢𑄴 ।,.উলোনগুলো থেকে একটি দাঁি বের হে লুকোচুরি খেলছে
𑄈𑄢 𑄦𑄧𑄘𑄬 𑄦𑄧𑄘𑄬 𑄃𑄘𑄨𑄇𑄴𑄇𑄳𑄠 𑄉𑄧𑄢𑄨 𑄖 𑄇𑄨𑄠𑄬𑄖𑄴 𑄃𑄉𑄪𑄚𑄴 𑄝𑄥𑄴𑄎𑄳𑄠𑄬 ।,খেলা করতে করতে তার শরীরে আগুন লাগে
𑄝𑄎𑄨𑄚𑄬𑄃𑄨 𑄃𑄧𑄛𑄪 𑄓𑄧𑄢𑄬 𑄎𑄧𑄉𑄢𑄴 𑄛𑄢𑄨 𑄛𑄢𑄨 𑄛𑄣𑄴𑄣𑄳𑄠𑄢𑄴 ।,বাজিে পে পে গেল
𑄢𑄨𑄚 𑄙𑄝 𑄃𑄬𑄚𑄬𑄭 𑄞𑄨𑄎𑄬 𑄝𑄧𑄥𑄴𑄖𑄣𑄧𑄭 𑄅𑄉𑄪𑄢𑄬 𑄌𑄝𑄨 𑄙𑄧𑄣𑄴𑄣𑄧 ।,রিনা তাাতাি এসে ভেজা বস্তা চাবি ধরলো
𑄃𑄬 𑄛𑄧𑄢𑄬𑄚𑄴𑄘𑄨 𑄢𑄨𑄚 𑄖 𑄟𑄪𑄎𑄨𑄢𑄬 𑄓𑄉𑄨 𑄃𑄚𑄨𑄣𑄧 ।,এই পুাটা তার মাথা তুলে নিল
𑄖 𑄟𑄪𑄎𑄨 𑄃𑄧𑄛𑄪𑄢𑄬 𑄓𑄇𑄴𑄖𑄧𑄢𑄧 𑄃𑄨𑄘𑄪 𑄚𑄨𑄣𑄧 ।,তার মুখ থেকে শুধু গন্ধ বের হ
𑄘𑄢𑄪 𑄘𑄨𑄚𑄬𑄭 𑄓𑄇𑄴𑄖𑄧𑄎𑄴𑄎𑄳𑄠𑄬 𑄖𑄢𑄬 𑄇𑄧𑄣𑄧 𑄃𑄉𑄪𑄚𑄴𑄘𑄭 𑄈𑄢 𑄚𑄧𑄦𑄮𑄎𑄴 𑄃𑄢𑄴 ।,ঔষধির দোকানদার তাকে কল দিে তাকে আর আগুন দে না
𑄞𑄋𑄢𑄜𑄀 𑄙𑄃𑄆𑄪 - 𑄧𑄢𑄃𑄚𑄳𑄆𑄁 𑄛𑄉𑄳𑄆𑄥,ভাঙা টুকরো দো-রান্না করা
𑄏𑄨𑄟𑄨𑄖𑄴 𑄚𑄋𑄬 𑄃𑄬𑄇𑄴𑄇𑄱 𑄉𑄪𑄢𑄧 𑄃𑄬𑄣𑄧 ।,বিদ্যুৎ চমকানি আসলো
𑄖𑄬 𑄃𑄨𑄥𑄴𑄇𑄪𑄣𑄧𑄖𑄴𑄖𑄪𑄚𑄴 𑄙𑄬 𑄡𑄬𑄘𑄧 ।,সে স্কুল থেকে চলে যাচ্ছে
𑄇𑄚𑄴𑄖 𑄣𑄮𑄚𑄬𑄃𑄨 𑄛𑄬𑄃𑄨𑄇𑄴 𑄗𑄮𑄉𑄬𑄘𑄧 ।,.টাকা নিে পেট ভরেছে।
𑄃𑄨𑄥𑄴𑄇𑄪𑄣𑄧 𑄃𑄧𑄇𑄴𑄖𑄧𑄖𑄴 𑄥𑄧𑄟𑄎𑄳𑄠𑄣𑄮𑄃𑄨 𑄈𑄢 𑄦𑄧𑄘𑄧 ।,স্কুল ফাকি দিে খেলা হ
𑄖𑄟𑄴𑄟 𑄇𑄧𑄙 𑄚𑄧 𑄥𑄪𑄚𑄨𑄘𑄧 ।,তার মা কথা শুনে না
𑄢𑄬𑄘𑄮𑄖𑄴 𑄟𑄮𑄎𑄪𑄢𑄨 𑄍𑄢 𑄊𑄪𑄟𑄴 𑄡𑄬𑄘𑄧 ।,রাতের বেলা মোচা ঘুমা
𑄃𑄬𑄇𑄴𑄘𑄨𑄚𑄴𑄚𑄳𑄠 𑄝𑄬𑄥𑄴 𑄉𑄧𑄢𑄨 𑄎𑄧𑄢𑄴 𑄃𑄪𑄘𑄨𑄣𑄧 ।,এক দিন বো বো করে জ্বর উঠল
𑄖 𑄝𑄝𑄬 𑄖𑄢𑄬 𑄓𑄇𑄴𑄖𑄧𑄢𑄧𑄃𑄨𑄙𑄪 𑄚𑄨𑄣𑄧 ।,তার বাবা তাকে ডেকে নিে গেল
𑄣𑄮 𑄛𑄧𑄢𑄨𑄇𑄴𑄈𑄖𑄴 𑄟𑄬𑄣𑄬𑄢𑄨𑄠𑄬 𑄙𑄧𑄢 𑄛𑄧𑄣𑄴𑄣𑄧 ।,লাল পরীক্ষা মেেটা ধরা পলো
𑄓𑄇𑄴𑄖𑄧𑄎𑄳𑄠 𑄘𑄢𑄪 𑄘𑄨𑄣𑄧 𑄃 𑄖𑄬 𑄉𑄧𑄟𑄬-𑄘𑄣𑄬 𑄈𑄬𑄣𑄧 ।,ঔষধি ট্যাবলেট দিল সে ভালো করে খেলো
𑄛𑄨𑄢𑄬 𑄉𑄧𑄟𑄴 𑄦𑄮𑄚𑄬𑄃𑄨 𑄖𑄬 𑄃𑄨𑄥𑄴𑄇𑄪𑄣𑄧𑄖𑄴 𑄉𑄬𑄣𑄧 ।,অসুখ ভালো হে সে স্কুলে গেল
𑄖𑄬 𑄃𑄨𑄇𑄴𑄇𑄬 𑄟𑄮𑄎𑄪𑄢𑄨 𑄑𑄋𑄬𑄚𑄬 𑄊𑄪𑄟𑄴 𑄡𑄃𑄨 ।,সে এখন মশারি টাঙিে ঘুমাই
𑄷𑄸,"১. ১. ২. (দা, ছুরি প্রভৃতি) শান দেওা"
𑄢𑄧𑄎𑄬𑄠𑄬 : 𑄟𑄧𑄚𑄨𑄣𑄣𑄴 𑄌𑄋𑄴𑄟,রেছে:মনিলাল চামা
𑄇𑄮𑄌𑄴𑄎𑄳𑄠 𑄉𑄧𑄢𑄚 𑄉𑄧𑄟𑄴 𑄚𑄧𑄠𑄴,কোচা করা ভালো না
𑄚𑄧𑄠𑄧𑄚 𑄃 𑄌𑄧𑄠𑄧𑄚 𑄘𑄨𑄎𑄧𑄚𑄬 𑄈𑄢 𑄦𑄧𑄘𑄧𑄚𑄴 ।,নাচা করে দুইজনে খেলা হ
𑄈𑄢 𑄦𑄧𑄘𑄬 𑄦𑄧𑄘𑄬 𑄚𑄧𑄠𑄧𑄚 𑄌𑄧𑄠𑄧𑄚𑄢𑄬 𑄒𑄬𑄣𑄨 𑄘𑄨𑄣𑄧 ।,খেলা করতে করতে চা চা করে দিল
𑄍𑄧𑄠𑄧𑄚 𑄃𑄉𑄢𑄴 𑄈𑄬𑄭 𑄘𑄪𑄇 𑄴𑄛𑄬𑄣𑄧 ।,ছার আগা খেে দুঃখ পেল
𑄍𑄧𑄠𑄧𑄚 𑄊𑄧𑄢𑄧𑄖𑄴 𑄡𑄬𑄃𑄨 𑄖𑄟𑄴𑄟𑄢𑄬 𑄇𑄮𑄃𑄨 𑄘𑄨𑄣𑄧 ।,ছানো বািতে যে তার মাকে বলে দিল
"𑄗𑄟𑄴𑄟 𑄇𑄧𑄣𑄧,''𑄚𑄧𑄠𑄧𑄚𑄢𑄬 𑄇𑄮𑄃𑄨𑄘𑄨𑄟𑄴 𑄚𑄧 𑄟𑄢𑄨𑄝𑄬𑄖𑄴𑄃𑄨""।","তাামা বলে,ছেলেটাকে মারবো না"
𑄃𑄬𑄇𑄴 𑄘𑄨𑄚𑄳𑄠𑄚𑄧𑄠𑄧𑄚𑄬 𑄈𑄢 𑄦𑄧𑄘𑄬 𑄦𑄧𑄘𑄬 𑄒𑄘𑄬 𑄛𑄧𑄣𑄴𑄣𑄧 ।,এক দিন দিন খেলা করতে করতে ক্লান্ত হে পলো
𑄚𑄧𑄠𑄧𑄚𑄢𑄬 𑄇𑄨𑄠𑄮𑄎𑄧𑄚𑄬 𑄚𑄧𑄖𑄪 𑄣𑄨𑄣𑄇𑄴 ।,নাচা করে সবাই নাচা করল
𑄍𑄧𑄠𑄧𑄚𑄬 𑄚𑄧𑄠𑄧𑄚𑄢𑄬 𑄖𑄪𑄣𑄨𑄚𑄬𑄭 𑄊𑄧𑄢𑄧𑄖𑄴𑄃 𑄚𑄨𑄣𑄧 ।,ছানো নার জন্য বািটা তুলে নিল
𑄄𑄚𑄴𑄘𑄧 𑄦𑄧𑄚𑄬𑄭 𑄚𑄧𑄠𑄧𑄚 𑄝𑄬𑄇𑄴𑄇𑄪𑄚𑄧𑄢𑄬 𑄘𑄬𑄉𑄨𑄣𑄧 ।,এখানে হনা সবাইকে দেখলে
𑄝𑄬𑄉𑄧 𑄡𑄬𑄢𑄬 𑄌𑄧𑄠𑄧𑄚𑄢𑄬 𑄘𑄬𑄉𑄨𑄣𑄧 ।,বেগ যাকে চা দেখি
"𑄗𑄟𑄴𑄟 𑄖𑄢𑄬𑄇𑄧𑄣𑄧, ''𑄌𑄧𑄠𑄧𑄚𑄬 𑄡𑄧𑄘𑄨𑄚𑄧 𑄗𑄬𑄘𑄧 𑄇𑄨𑄦𑄧𑄣𑄪𑄚𑄴 𑄈𑄧𑄝𑄧𑄢𑄴 𑄛𑄥𑄴""?",.তামামা তাাতাি কোথা থাকে জানো?
𑄥𑄮𑄉𑄧𑄛𑄚𑄨 𑄢𑄬-𑄢𑄬 𑄉𑄧𑄢𑄨 𑄚𑄧𑄠𑄧𑄚 𑄌𑄧𑄠𑄧𑄚𑄢𑄬 𑄦𑄎 𑄉𑄧𑄢𑄨𑄣𑄧 ।,.সোজাপানির শব্দ করে নাচাচা করলো
𑄢𑄧𑄎𑄬𑄠𑄬 : 𑄚𑄧𑄠𑄧𑄚𑄴 𑄎𑄮𑄖𑄨 𑄌𑄋𑄴𑄟,রেছে: না জোা চাংমা
𑄷 𑄚𑄧𑄟𑄴𑄝𑄧𑄢𑄴 𑄜𑄧𑄉𑄧𑄘𑄋𑄴 : 𑄸𑄶𑄷𑄺,১ নম্বর বিজ্ঞপ্তি: ২০১৪
𑄡 𑄇𑄟𑄴 𑄖𑄬 𑄉𑄧𑄢𑄬,যে কাজ সে করে
𑄎𑄪𑄟𑄴 𑄉𑄧𑄢𑄨𑄠𑄬 𑄎𑄪𑄟𑄧𑄖𑄴 𑄡𑄘𑄧𑄚𑄴 ।,জুম করে জুমে যাচ্ছে
𑄞𑄪𑄃𑄨 𑄉𑄧𑄢𑄨𑄠𑄬 𑄙𑄚𑄴 𑄣𑄉𑄘𑄧𑄚𑄴 ।,ভুই করে ধান লাগাচ্ছে
𑄔𑄇𑄴𑄖𑄪𑄎𑄴𑄎𑄳𑄠 𑄛𑄨𑄢𑄨𑄣𑄴𑄣𑄳𑄠 𑄌𑄢𑄴 ।,ঢাক ঢোল বাজালো
𑄚𑄝𑄨𑄖𑄴𑄖𑄳𑄠 𑄌𑄪𑄣𑄴 𑄇𑄝𑄨 𑄘𑄬𑄢𑄴 ।,.নাবোধক চুল কেটে দে
𑄈𑄧𑄣𑄨𑄝𑄝𑄪 𑄇𑄝𑄧𑄢𑄴 𑄥𑄨𑄣𑄢𑄴 ।,পলিথিন শার্ট
𑄘𑄮𑄠𑄚𑄴𑄘𑄎𑄴𑄎𑄳𑄠 𑄟𑄣𑄴 𑄝𑄬𑄎𑄬𑄢𑄴 ।,দোাদাি মাল বেজেছে
𑄝𑄬𑄇𑄴 𑄝𑄢𑄖𑄴 𑄉𑄧𑄢𑄨 𑄃𑄬𑄇𑄴𑄇𑄮 𑄟𑄚𑄪𑄥𑄴 𑄡𑄢𑄴 ।,সব বার করে একজন লোক যা
𑄉𑄎𑄧𑄖𑄴𑄖𑄣𑄬 𑄇𑄧𑄘𑄪𑄇𑄴𑄇𑄮 𑄟𑄚𑄪𑄎𑄬 𑄥𑄧𑄣𑄴𑄣 𑄉𑄧𑄖𑄴𑄖𑄧𑄚𑄴 ।,গাছতলা কত লোক সলাপরামর্শ করছে
𑄘𑄨𑄘𑄨𑄟𑄧𑄚𑄨 𑄛𑄪𑄠𑄃𑄪𑄚𑄢𑄬 𑄛𑄧𑄢𑄢𑄴 ।,.মেেদের বাচ্চাকে পতে হ
𑄝𑄪,"বুো, বৃদ্ধ"
𑄇𑄣𑄢𑄴 𑄃 𑄙𑄧𑄣𑄢𑄴 𑄇𑄧𑄙,সাদা ও সাদা কথা
𑄝𑄧𑄚𑄨 𑄃 𑄖𑄧𑄚𑄨 𑄘𑄨 𑄎𑄧𑄚𑄬 𑄞𑄪𑄠𑄧𑄖𑄴 𑄡𑄘𑄧𑄚𑄴 ।,বেইনটা দুইজনে জমিতে যাচ্ছে
𑄥𑄧𑄟𑄎𑄳𑄠𑄃𑄪𑄚𑄴 𑄝𑄬𑄇𑄴𑄇𑄪𑄚𑄴 𑄞𑄪𑄠𑄧𑄖𑄴 𑄃𑄬𑄉𑄧𑄖𑄴𑄖𑄧𑄢𑄴 𑄃𑄧𑄠𑄧𑄚𑄴 ।,সমাজটা সবাই জমি এসেছে
𑄞𑄧𑄚𑄨 𑄇𑄨𑄖𑄴𑄖𑄬𑄌𑄱𑄇𑄴 𑄝𑄚𑄴𑄳𑄠 𑄈𑄢 𑄦𑄨𑄝𑄨𑄋𑄴 𑄚𑄇𑄨 ?,ভে কি বাজানো যাবে নাকি?
𑄞𑄧𑄚𑄨𑄖𑄧𑄚𑄨𑄢𑄴 𑄌𑄱𑄇𑄴 𑄉𑄚𑄴𑄎 𑄇𑄚𑄨𑄣𑄮𑄃𑄨 𑄝𑄚𑄨 𑄘𑄨𑄣𑄧 ।,ভনভন চোখগুলো বন্ধ করে দিল
𑄥𑄮𑄉𑄴𑄝𑄚𑄳𑄠 𑄇𑄪𑄚𑄴𑄘𑄨 𑄡𑄧𑄢𑄴 𑄡𑄢𑄬 𑄛𑄥𑄴 𑄖𑄢𑄬 𑄙𑄧𑄢𑄴 ।,স্যান্ডেলটা নিে যাওার সম তাকে ধরো
𑄖𑄧𑄚𑄨𑄢𑄴 𑄌𑄬𑄢𑄮𑄇𑄨𑄖𑄴𑄖𑄳𑄠 𑄝𑄬𑄇𑄴𑄇𑄪𑄚𑄬 𑄊𑄪𑄢𑄧𑄘𑄧𑄚𑄴 ।,.তন্ন তন্ন করে সবাই ঘুরতেছে।
𑄝𑄬𑄇𑄴𑄇𑄪𑄚𑄬 𑄖𑄧𑄚𑄨𑄢𑄴 𑄥𑄨𑄣𑄪𑄟𑄧𑄖𑄴 𑄙𑄧𑄢𑄨 𑄖𑄚𑄖𑄚𑄨 𑄉𑄧𑄖𑄴𑄖𑄧𑄚𑄴 ।,সবাই তর্জনি ধরে তাকিে আছে
𑄝𑄧𑄚𑄨 𑄌𑄬𑄢𑄬𑄖𑄴𑄉𑄪𑄢𑄨 𑄖𑄧𑄚𑄨𑄢𑄴 𑄃𑄖𑄴𑄖𑄚𑄴 𑄙𑄧𑄢𑄨 𑄛𑄬𑄣𑄧 ।,বনি চোরটি তার হাত ধরে পেল
𑄞𑄧𑄚𑄨 𑄌𑄱𑄇𑄴 𑄝𑄚𑄴𑄳𑄠 𑄃𑄮𑄃𑄨 𑄛𑄬𑄣𑄧 ।,ভে চোখ বন্ধ করে ওইটা পেল
𑄃𑄨𑄇𑄴𑄇𑄬 𑄝𑄧𑄚𑄨𑄢𑄴 𑄌𑄱𑄇𑄴 𑄝𑄚𑄨 𑄘𑄨𑄝𑄢𑄴 𑄛𑄣 ।,এখন ব চোখ বানিে দেওা লাগবে
𑄝𑄨𑄛𑄧𑄘𑄧𑄖𑄴 𑄦𑄎𑄚 𑄉𑄧𑄟𑄴 𑄚𑄠𑄴,বিপদে পা ভালো না
"𑄃𑄬𑄇𑄴𑄘𑄨𑄚𑄳𑄠𑄬 𑄈𑄪𑄢𑄮𑄣𑄴 𑄜𑄉𑄢, 𑄚𑄋𑄧𑄣𑄴 𑄃 𑄥𑄢𑄨𑄠𑄚𑄬 𑄇𑄟𑄧𑄖𑄴 𑄉𑄬𑄣𑄇𑄴 ।","এক দিন কুেল চিটিংবাজ,নাগাে কাজে গেল"
𑄈𑄟𑄧𑄖𑄴 𑄡𑄬𑄚𑄬𑄃𑄨 𑄇𑄪𑄢𑄮𑄣𑄚𑄬 𑄉𑄌𑄴𑄌𑄱 𑄇𑄝 𑄙𑄧𑄣𑄴𑄣𑄧 ।,কাজ করতে করতে মুরগিটা মারা গেল
𑄉𑄌𑄴𑄌𑄱 𑄇𑄝𑄧𑄘𑄬 𑄇𑄪𑄢𑄮𑄣𑄚𑄧 𑄘𑄖𑄴 𑄞𑄋𑄨 𑄉𑄬𑄣𑄧 ।,গাছের কাটা দিে মুরগির দাঁত ভেঙে গেল
𑄛𑄨𑄢𑄬 𑄛𑄬𑄚𑄬𑄭 𑄈𑄪𑄢𑄮𑄣𑄴𑄃𑄚𑄬 𑄇𑄚 𑄙𑄧𑄎𑄳𑄠𑄬 ।,রোগাক্রান্ত হে চোখ বন্ধ করে আছে
𑄇𑄪𑄢𑄮𑄣𑄚𑄧𑄢𑄴 𑄘𑄪𑄢𑄴𑄉𑄪𑄘𑄨 𑄘𑄬𑄉𑄨 𑄚𑄋𑄧𑄣𑄚𑄬 𑄦𑄎 𑄙𑄧𑄌𑄴𑄎𑄳𑄠𑄬 ।,মুরগিগুলো ব ব করে নাচতেছে
𑄃𑄣𑄴 𑄌𑄪𑄠𑄧𑄘𑄬 𑄌𑄪𑄠𑄧𑄘𑄬 𑄃𑄘𑄨𑄇𑄴𑄇𑄳𑄠𑄬 𑄉𑄪𑄢𑄨 𑄚𑄋𑄧𑄣𑄧 𑄜𑄣𑄴𑄣𑄮 𑄈𑄪𑄠𑄬 𑄉𑄬𑄣𑄧 ।,.আল চুি দিে আালের ফুটোটা খুলে গেল।
𑄚𑄋𑄧𑄣𑄚𑄬 𑄛𑄨𑄢𑄬 𑄛𑄬𑄚𑄬𑄃𑄨 𑄇𑄧𑄋 𑄙𑄧𑄌𑄴𑄎𑄳𑄠𑄬 ।,নাঙে ব্যাথা পেে কাকের মতো হেছে
𑄖𑄢𑄢𑄴 𑄘𑄪𑄢𑄴𑄉𑄧𑄘𑄨 𑄘𑄬𑄚𑄬𑄃𑄨 𑄥𑄢𑄨𑄃𑄚𑄬 𑄃𑄎 𑄙𑄧𑄣𑄴𑄣𑄧 ।,তাদের দূর্গাটা দিে সাজলো
𑄙𑄚𑄴 𑄇𑄝𑄧𑄘𑄬 𑄇𑄝𑄧𑄘𑄬 𑄥𑄢𑄨𑄃𑄚𑄴 𑄝𑄬𑄋 𑄦𑄧𑄣𑄧 ।,ধান কাটতে কাটতে সারিটা বাঁকা হেছে
𑄥𑄢𑄨𑄃𑄚𑄴 𑄝𑄬𑄋 𑄃𑄧𑄘𑄬 𑄘𑄬𑄉𑄨 𑄚𑄋𑄧𑄣𑄚𑄴 𑄃 𑄜𑄉𑄢𑄃𑄚𑄬 𑄃𑄎 𑄙𑄧𑄣𑄴𑄣𑄇𑄴 ।,সারিটা ব্যাঙের মতো দেখতে এক নাগাে নাচতেছে
𑄇𑄪𑄢𑄮𑄣𑄚𑄬 𑄇𑄧𑄣𑄧- 𑄇𑄢𑄧 𑄝𑄨𑄛𑄧𑄘𑄧𑄖𑄴 𑄦𑄎𑄚 𑄉𑄧𑄟𑄴 𑄚𑄧𑄠𑄴 ।,মুরগির ডাক-কারো বিপদে পাে যাওা ভালো না
𑄇𑄮𑄌𑄴𑄛𑄚𑄢𑄴 𑄢𑄪𑄝𑄧 𑄢𑄬𑄉,কাপের রুব রো
𑄛𑄳𑄦𑄧𑄚𑄴 𑄃𑄉𑄎𑄧𑄖𑄴 𑄃𑄬𑄇𑄴𑄇𑄚𑄴 𑄘𑄨𑄠𑄚𑄴 𑄙𑄪𑄝𑄴 𑄟𑄬𑄊𑄴 𑄣𑄧𑄢𑄣𑄧𑄢𑄨𑄉𑄧𑄢𑄨 𑄃𑄪𑄢𑄨 𑄡𑄢𑄴 ।,.পজ্জোনের আকাশে একটি দুপা ফাঁক করে উড়ে যা।
𑄃𑄉𑄏𑄧𑄖𑄴 𑄇𑄘𑄨 𑄟𑄏𑄧𑄢𑄴 𑄛𑄪𑄚𑄴𑄘𑄨𑄟 𑄌𑄚𑄴 𑄣𑄎𑄬𑄭,.আকাশে কাপের পুিটা লজ্জা করে
𑄘𑄨𑄝𑄬 𑄃𑄬𑄇𑄴𑄇𑄮 𑄢𑄬𑄘𑄧 𑄛𑄬𑄭𑄇𑄴 𑄃𑄪𑄢𑄨 𑄃𑄪𑄢𑄨 𑄏𑄪𑄝𑄪𑄢𑄧𑄟𑄧𑄇𑄳𑄠 𑄡 𑄙𑄧𑄎𑄳𑄠𑄚𑄴।,দুটি এক রাত পেে উে যা
𑄛𑄧𑄖𑄴𑄛𑄧𑄖𑄳𑄠 𑄃𑄬 𑄎𑄪𑄚𑄴 𑄛𑄳𑄦𑄧𑄢𑄧𑄖𑄴 𑄉𑄧𑄘,পথঘাট এই জুন মাস পর্যন্ত
𑄝𑄳𑄦𑄟𑄴𑄠𑄚𑄴 𑄢𑄪𑄝𑄧 𑄢𑄧𑄋𑄬 𑄞𑄧𑄢𑄨 𑄃𑄪𑄖𑄳𑄠𑄬।,বামটা রুব রঙে ভরপুর
"𑄐𑄨𑄝𑄢𑄴𑄬 𑄛𑄨𑄝𑄨𑄢𑄴 𑄛𑄨𑄝𑄨𑄢𑄴 𑄝𑄪𑄠𑄢𑄧𑄖𑄴 𑄇𑄨𑄠𑄳𑄠𑄬, 𑄌𑄨𑄖𑄴𑄇𑄧𑄣𑄴𑄎𑄳𑄠 𑄎𑄪𑄢𑄬 𑄡𑄢𑄴।","প্রতিদিন বাতাস বে যা, মন কেমন কেমন করে"
𑄘𑄨𑄚𑄴।,"দিন, দিবস"
𑄇𑄨𑄠𑄧𑄋𑄧 𑄞𑄨𑄘𑄬𑄝𑄮𑄖𑄴 𑄦𑄏𑄢𑄴 𑄝𑄖𑄴𑄖𑄨 𑄛𑄳𑄦𑄧𑄢𑄴𑄠𑄚𑄴 𑄛𑄪𑄚𑄴𑄘𑄨𑄟𑄚𑄧𑄢𑄬 𑄎𑄬𑄚𑄬 𑄃𑄬𑄎𑄣𑄴 𑄘𑄬𑄢𑄴 ।,.কিং ভিে পাহাের বাতিটা দেখে আসলাম।
𑄇𑄭𑄇𑄪𑄢𑄬 𑄗𑄪𑄝𑄬𑄠𑄬,কুাকুা
𑄟𑄚𑄪𑄌𑄴𑄌𑄪𑄚𑄧𑄢𑄴 𑄃𑄢𑄪𑄇𑄴𑄇𑄚𑄨 𑄛𑄧𑄢𑄖𑄴 𑄛𑄧𑄢𑄖𑄴 𑄘𑄬𑄊 𑄡𑄢𑄴।,মানুষরা আরও দূরে দূরে দেখা যা
𑄛𑄧𑄖𑄴𑄛𑄧𑄖𑄳𑄠 𑄛𑄪𑄚𑄴𑄘𑄨𑄟 𑄛𑄳𑄦𑄧𑄢𑄴𑄠𑄚𑄴 𑄝𑄬𑄇𑄴 𑄟𑄚𑄪𑄌𑄴𑄌𑄪𑄚𑄧𑄢𑄬 𑄘𑄬𑄝𑄧 𑄢𑄧𑄋𑄬,পথটা পুিে যাওা মানুষদের দেব রং করে
𑄥𑄎𑄬𑄭 𑄟𑄧𑄚𑄴 𑄢𑄋𑄬 𑄘𑄬 𑄙𑄧𑄎𑄳𑄠।,সুন্দর করে মন বেঁধে দো
𑄚𑄨𑄣𑄪 𑄃𑄳𑄦 𑄙𑄧𑄣𑄴 𑄌𑄚𑄧𑄢𑄴 𑄃𑄬𑄥𑄳𑄠𑄬 𑄃𑄬 𑄎𑄪𑄚𑄴 𑄛𑄳𑄦𑄧𑄢𑄧𑄖𑄴 𑄟𑄧𑄚𑄧 𑄖𑄝𑄪𑄣𑄧𑄖𑄴 𑄇𑄮𑄌𑄴𑄛𑄚,.নীল রঙের আকাশে এই জুন মাসের আকাশে মনটা কেমন যেন করতেছে
𑄊𑄧𑄚𑄧 𑄊𑄧𑄚𑄧 𑄝𑄢𑄨𑄎𑄬 𑄉𑄋𑄧 𑄛𑄚𑄨𑄥𑄚𑄴 𑄣𑄟 𑄙𑄧𑄎𑄳𑄠।,ঘন ঘন নদীর পানি নামতেছে
𑄙𑄧𑄣𑄴 𑄌𑄚𑄬 𑄚𑄨𑄣𑄪𑄢𑄬 𑄎𑄬 𑄇𑄧𑄘𑄧𑄇𑄴 𑄇𑄮𑄌𑄴 𑄛𑄠𑄴 𑄥𑄨𑄠𑄚𑄴 𑄃𑄬 𑄛𑄨𑄖𑄴𑄗𑄨𑄟𑄨𑄖𑄴 𑄖𑄬 𑄃𑄬𑄇𑄴𑄎𑄧𑄚𑄴 𑄝𑄘𑄬 𑄇𑄧𑄚𑄴𑄚 𑄃 𑄇𑄧𑄄 𑄛𑄢𑄬।,ফর্সা চেহারার মানুষদের যে কত ভ পা সেগুলো এই পৃথিবীতে কে বলতে পারে
𑄚𑄨𑄣𑄪𑄠𑄮 𑄙𑄧𑄣𑄴 𑄌𑄚𑄧𑄢𑄬 𑄥𑄬𑄎𑄚𑄳𑄠𑄬।,.নিঃশব্দ সাদা চামা পরতেছে
𑄇𑄣𑄨𑄇𑄴 𑄘𑄨 𑄎𑄧𑄚𑄧𑄢𑄴 𑄟𑄧𑄚𑄧 𑄇𑄧𑄙 𑄞𑄋𑄨 𑄇𑄧𑄝𑄢𑄴 𑄎𑄪 𑄇𑄪𑄘𑄪।,কালো দুই জনের মন ভেঙে কথা বলতেছে
𑄝𑄬𑄣𑄚𑄴 𑄝𑄬𑄚𑄳𑄠𑄬 𑄟𑄙𑄚𑄴 𑄛𑄪𑄉𑄮 𑄟𑄮𑄚𑄴 𑄜𑄪𑄢𑄨 𑄅𑄙𑄬।,সূর্য ডোবার সম পাহাের পাহাে আলো পে
𑄝𑄬𑄣𑄳𑄠𑄬 𑄛𑄧𑄎𑄨𑄟𑄧 𑄟𑄮𑄚𑄧𑄚𑄴𑄘𑄨 𑄓𑄪𑄝𑄬𑄉𑄧𑄄।,বিালের পানিতে ডুবে যা
𑄘𑄨 𑄎𑄧𑄚𑄧𑄢𑄴 𑄟𑄧𑄚𑄧 𑄇𑄧𑄙 𑄞𑄋𑄨,দুই জনের মনের কথা ভেঙে গেছে
𑄇𑄧𑄄𑄚𑄬 𑄝𑄪𑄇𑄴𑄇𑄮 𑄛𑄘𑄧𑄣𑄴 𑄉𑄧𑄢𑄨𑄝𑄢𑄴 𑄎𑄪 𑄚𑄧 𑄦𑄧𑄠𑄴।,কোথা বুক ফাঁপা রোগ হ না
𑄃𑄬𑄥𑄳𑄠𑄬 𑄃𑄬 𑄛𑄪𑄚𑄴𑄘𑄨𑄟 𑄙𑄧𑄣𑄴 𑄌𑄧𑄚 𑄟𑄧𑄚𑄧𑄖𑄴 𑄈𑄬𑄚𑄬 𑄈𑄬𑄚𑄬 𑄝𑄢𑄨 𑄟𑄢 𑄙𑄧𑄎𑄳𑄠।,.সে এই পুিটা সাদা চামা মনে খেে বারি মারে
𑄙𑄧𑄣𑄴 𑄚𑄨𑄣𑄪𑄢𑄬 𑄢𑄨𑄚𑄨 𑄌𑄠𑄴 𑄃,ফর্সা যুবকের দিকে তাাতাি তাকা
𑄛𑄪𑄚𑄴𑄘𑄨𑄟 𑄌𑄧𑄚 𑄇𑄬𑄭𑄖𑄴 𑄌𑄮𑄇𑄴𑄈𑄪𑄚𑄴 𑄖𑄪𑄣𑄬।,.পুঁতির চূা কাটলে চোখগুলো তুলে
𑄛𑄪𑄪𑄚𑄴𑄘𑄨𑄟 𑄛𑄧𑄖𑄴𑄛𑄧𑄖𑄳𑄠 𑄛𑄳𑄦𑄧𑄢𑄧𑄖𑄴 𑄚𑄨𑄣𑄪𑄢𑄴 𑄙𑄧𑄣𑄴 𑄃𑄢𑄪𑄇𑄴𑄇𑄚𑄴 𑄘𑄮𑄣𑄴 𑄛𑄪𑄢𑄨 𑄃𑄢𑄪𑄇𑄴 𑄦𑄮𑄄,.পুুুুুুুুুুুুুুুুুুুুা পথে নীলুর ফর্সা আরুগুলো সুন্দর হে আসে
𑄇𑄬𑄎𑄚𑄴 𑄎𑄬 𑄣𑄉𑄬𑄢𑄴 𑄥𑄨𑄠𑄚𑄴 𑄙𑄧𑄣𑄴 𑄌𑄚𑄬 𑄟𑄪𑄃𑄧 𑄇𑄧𑄙𑄣𑄮𑄄 𑄝𑄪𑄏𑄧𑄄 𑄇𑄬𑄚𑄬!,কেজান যে ফর্সা সেটা দেখলে আমার ভালো লাগে
"𑄚𑄨𑄣𑄪𑄢𑄴 𑄢𑄋 𑄈𑄘𑄨, 𑄇𑄣 𑄛𑄬𑄭𑄣𑄴","নিলুর লাল খাদি, কালো পেইল"
"𑄢𑄋 𑄛𑄨𑄚𑄮𑄚𑄴𑄚𑄚𑄴 , 𑄌𑄪𑄣𑄧𑄖𑄴 𑄜𑄪𑄣𑄴 𑄘𑄬 𑄌𑄧𑄢𑄋𑄴 𑄙𑄧𑄣𑄴 𑄌𑄧𑄚 𑄘𑄨 𑄌𑄮𑄊𑄧𑄖𑄴 𑄘𑄪𑄢𑄴 𑄃𑄉𑄏𑄧𑄢𑄴 𑄛𑄪𑄢𑄨 𑄟𑄨𑄣𑄬 𑄎𑄬𑄚𑄬 𑄟𑄘𑄨","লাল পিনন, চুলে ফুল দিে চাচা করে সবুজ ঘাসে ঢাকা মাটি"
𑄛𑄨𑄖𑄴𑄗𑄨𑄟𑄨𑄖𑄴 𑄃𑄬𑄃𑄨 𑄟𑄚𑄬𑄄𑄠𑄧𑄢𑄬 𑄥𑄋𑄬𑄖𑄴 𑄘𑄬‘𑄣𑄴𑄣𑄨।,পৃথিবীতে এই মানুষটাকে সাা দিলাম
𑄛𑄨𑄝𑄨𑄢𑄴 𑄛𑄨𑄝𑄨𑄢𑄴 𑄝𑄮𑄠𑄬𑄢𑄧𑄖𑄴 𑄚𑄨𑄣𑄪𑄢𑄴 𑄣𑄟𑄴𑄝 𑄌𑄪𑄣𑄚𑄨 𑄚𑄏𑄨 𑄡𑄢𑄴 𑄃,.পিঁপার পিঁপার মতো আকাশে নিলুর লম্বা চুলগুলো নেচে যা
𑄙𑄧𑄣𑄴 𑄌𑄚𑄧 𑄟𑄪𑄠𑄖𑄴 𑄃𑄬𑄇𑄴𑄇 𑄃𑄬𑄇𑄴𑄇 𑄟𑄨𑄙𑄬 𑄟𑄨𑄙𑄬 𑄝𑄢𑄨 𑄘𑄬‘𑄢𑄴।,ফর্সা চাওা আমি একটু মিষ্টি বারি দে
𑄙𑄧𑄣𑄴 𑄌𑄚𑄧𑄢𑄴 𑄅𑄌𑄴𑄌𑄮 𑄟𑄧𑄚𑄧𑄢𑄴 𑄖𑄝𑄪𑄣𑄴𑄠𑄪𑄚𑄴,সাদা রঙের উঁচু মনের মানুষ গুলো
𑄖𑄢𑄬 𑄦𑄧𑄘𑄬 𑄘𑄬𑄘𑄧𑄚𑄴।,তাকে হতে দো
𑄙𑄧𑄣𑄴 𑄌𑄚𑄬 𑄃𑄬𑄥𑄳𑄠𑄬 𑄦𑄧𑄖𑄳𑄠𑄬।,ফর্সা দেখে আসতেছে
𑄎𑄬 𑄇𑄧𑄙 𑄠𑄚𑄴 𑄇𑄧𑄚𑄧𑄘𑄨𑄚𑄴 𑄥𑄨𑄢𑄬 𑄚𑄧 𑄛𑄢𑄬 𑄥𑄨𑄠𑄚𑄴 𑄥𑄨𑄢𑄬𑄝𑄢𑄴,যে কথা কোনদিন ভুলতে পারে না তার মাথা
𑄟𑄧𑄚𑄴 𑄙𑄧𑄢𑄴𑄛𑄧𑄢𑄢𑄴।,মন কেমন কেমন
𑄈𑄣𑄨𑄇𑄴 𑄢𑄧-𑄠𑄪𑄚𑄴 𑄎𑄬𑄚𑄬 𑄟𑄪𑄃𑄧 𑄞𑄨𑄘𑄨𑄢𑄬 𑄟𑄨𑄣𑄬 𑄡𑄘𑄧𑄚𑄴।,খালিক রা গিে মাথা মেে যাচ্ছে
𑄄𑄚𑄴𑄘𑄨 𑄟𑄧𑄚𑄚𑄬 𑄇𑄧𑄖𑄴𑄖𑄬 𑄚!,এখানে মন বসাতেছে না!
𑄖𑄪𑄄 𑄃𑄬𑄥𑄳𑄠𑄬 𑄦𑄧𑄖𑄳𑄠𑄬।,তুমি আগে হেছো
𑄚𑄨𑄣𑄪𑄣𑄮𑄄𑄙𑄧𑄣𑄴 𑄌𑄚𑄬 𑄘𑄨 𑄎𑄧𑄚𑄬 𑄇𑄨𑄠𑄧𑄋𑄧 𑄞𑄨𑄘𑄬𑄝𑄮𑄖𑄴 𑄘𑄧𑄊𑄨𑄚𑄴 𑄇𑄧𑄚𑄖𑄴,.নিলল চামা দিে দুইজনে কথা বলে
𑄡𑄬𑄄 𑄈𑄬𑄢𑄧 𑄅𑄉𑄪𑄢𑄬 𑄝𑄮𑄄 𑄃𑄊𑄧𑄚𑄴।,যে খের উপরে বই আছে
𑄇𑄧𑄙 𑄇𑄧𑄙𑄧𑄚𑄴 ।,কথা বলা
𑄟𑄚𑄪𑄌𑄴𑄌𑄪𑄚𑄧𑄢𑄴 𑄖𑄟𑄴𑄎 𑄌𑄬𑄄 𑄃𑄊𑄧𑄚𑄴।,মানুষরা তাাতাি তািে আছে
"𑄞𑄖𑄴𑄖𑄨 𑄃𑄋𑄘𑄧𑄚𑄴, 𑄇𑄧𑄙 𑄇𑄧𑄙𑄧𑄚𑄴,","বাঁশের আংটা, কথা বলে"
"𑄚𑄉𑄧𑄢 𑄟𑄙𑄧𑄘𑄧𑄚𑄴, 𑄅𑄌𑄴𑄌𑄧 𑄉𑄧𑄢𑄴𑄖𑄧𑄚𑄴 𑄃𑄳𑄦 𑄇𑄧𑄘𑄧𑄇𑄴 𑄇𑄨 ।","পাহাের মাটি, উঁচু গর্ত, কত কি"
"𑄟𑄚𑄴𑄎𑄮𑄢𑄴 𑄖𑄟𑄴𑄎, 𑄛𑄪𑄚𑄴𑄘𑄨𑄟𑄢𑄴 𑄎𑄪𑄚𑄧 𑄛𑄳𑄦𑄧𑄢𑄴 𑄟𑄬𑄠𑄳𑄠𑄬𑄛𑄪𑄢𑄨 𑄥𑄎𑄬 𑄥𑄎𑄳𑄠𑄬 𑄛𑄨𑄖𑄴𑄗𑄨𑄟𑄨।","মাির তামা,পাহাের মেেকে সুন্দর করে সাজা পৃথিবী"
"𑄙𑄉𑄙𑄇𑄳𑄠𑄬 𑄘𑄨 𑄎𑄧𑄚𑄴, 𑄎𑄪𑄚𑄧 𑄛𑄳𑄦𑄧𑄢𑄬 𑄘𑄨𑄎𑄧𑄚𑄧𑄢𑄴 𑄟𑄧𑄚𑄴 - 𑄛𑄧𑄢𑄚𑄴 𑄃𑄬𑄣𑄮𑄚𑄨 - 𑄛𑄬𑄣𑄮𑄚𑄨।",".দুই জন পাশাপাশি করে বসে আছে, জুন তারিখে দুই জনের মন পেছে -পেেছে"
𑄚𑄨𑄣𑄪 𑄜𑄧𑄘𑄋𑄧𑄢𑄴 𑄓𑄬𑄚𑄴 𑄙𑄉𑄬𑄘𑄨 𑄝𑄧𑄥𑄳𑄠।,.লবনাক্ত ডালটা ঢেলে দো
𑄛𑄪𑄚𑄴𑄘𑄨𑄟,পুঁতির মালা
𑄛𑄳𑄦𑄧𑄢𑄴𑄠𑄚𑄴 𑄘𑄮𑄣𑄴 𑄌𑄬𑄢𑄇𑄴𑄠𑄚𑄧𑄢𑄬 𑄢𑄧𑄋𑄬 𑄝𑄢𑄬 𑄘𑄬‘𑄢𑄴 ।,.পাটা সুন্দর চোরকে রঙে বেে দে
"𑄟𑄧𑄚𑄧𑄢𑄴 𑄇𑄮𑄌𑄴𑄛𑄚 𑄖𑄝𑄪𑄣𑄪𑄚𑄴 𑄅𑄙𑄧𑄘𑄧𑄚𑄴, 𑄣𑄟𑄧𑄘𑄧𑄚𑄴।","মনের বাসনাগুলো উঠতেছে, নামতেছে"
𑄘𑄨𑄎𑄧𑄚𑄧𑄢𑄴 𑄟𑄧𑄚𑄧𑄢𑄴 𑄇𑄮𑄌𑄴𑄛𑄚,দুই জনের মনের মিল হওা
𑄛𑄳𑄦𑄬𑄣𑄋𑄴 𑄝𑄬𑄄 𑄛𑄧𑄢𑄬𑄢𑄴।,প্যান্ট পরতে হ
𑄝𑄢𑄨𑄎𑄬 𑄏𑄧𑄢𑄧 𑄛𑄚𑄨 𑄇𑄨 𑄝𑄚𑄨 𑄢𑄊𑄨 𑄛𑄢𑄬!,বর্ষাকালের পানি কি বেঁধে রাখতে পারে!
𑄇𑄮𑄌𑄴𑄛𑄚𑄢𑄴 𑄘𑄨𑄎𑄧𑄚𑄧𑄢𑄴 𑄏𑄧𑄢𑄧 𑄛𑄚𑄨 𑄈𑄬𑄚𑄬 𑄈𑄬𑄚𑄬 𑄝𑄢𑄨 𑄉𑄧𑄘 𑄜𑄧𑄢,কেকটা ঝের পানি খেে বািটা ফাঁকা হেছে
𑄙𑄧𑄎𑄳𑄠 ।,"চেহারা, চেহারা, চেহারা"
𑄚𑄨𑄣𑄪 𑄜𑄧𑄘𑄋𑄧 𑄟𑄪𑄠𑄚𑄴 𑄢𑄨𑄚𑄨 𑄌𑄬𑄣𑄧 ।,নিলুর ফোসকা পা আমি তাাতাি দেখলাম
𑄝𑄪𑄏𑄨 𑄚𑄧 𑄝𑄢𑄬𑄢𑄴 𑄙𑄧𑄣𑄴 𑄌𑄚𑄴 ।,বুঝি নাবারের সাদা চামা
𑄏𑄬𑄢𑄬 𑄙𑄧𑄣𑄴 𑄌𑄚𑄬 𑄢𑄨𑄚𑄨 𑄌𑄬𑄄 𑄇𑄧𑄣𑄧 -,ঝগা করে ফর্সা দেখে কল করল
𑄙𑄧𑄣𑄴 𑄌𑄚𑄴 𑄘।,ফর্সা চামা
𑄃𑄬𑄥𑄳𑄠𑄬 𑄃𑄬 𑄎𑄪𑄚𑄴 𑄛𑄳𑄦𑄧𑄢𑄚𑄴 𑄖𑄧 𑄟𑄧𑄚𑄚𑄧𑄢𑄬 𑄇𑄨 𑄃𑄉𑄧𑄣𑄴 - 𑄛𑄉𑄧𑄣𑄴 𑄚𑄧 𑄉𑄧𑄢𑄬𑄢𑄴?,এখন এই জুন মাসটা তোমার মনটা কি পাগল করে না?
𑄚𑄨𑄣𑄪𑄢𑄴 𑄃𑄬 𑄇𑄧𑄙𑄠𑄚𑄴𑄘𑄮𑄄 𑄙𑄧𑄣𑄴 𑄌𑄚𑄧𑄢𑄴 𑄖𑄨𑄢𑄏𑄨 𑄟𑄧𑄚𑄧𑄖𑄴 𑄥𑄪𑄉𑄪𑄚𑄮 𑄇𑄧𑄢𑄧𑄣𑄨𑄖𑄴 𑄃𑄘𑄬𑄇𑄳𑄠𑄬𑄉𑄧𑄢𑄨 𑄎𑄬𑄚𑄬 𑄏𑄧𑄢𑄧 𑄜𑄪𑄘𑄧,নিলুর এই কথা গুলো সাদা রঙের কচ্ছপের মনে পে ঝরে পে
𑄛𑄧𑄢𑄬 𑄛 𑄛𑄧𑄢𑄨𑄣𑄧 ।,পতে হেছে
𑄙𑄧𑄣𑄴 𑄌𑄚𑄬 𑄚𑄨𑄣𑄪 𑄇𑄬𑄭𑄖𑄴 𑄢𑄨𑄚𑄨 𑄌𑄬𑄣𑄧।,ফর্সা দেখে নীল চোখে তাকা
𑄙𑄧𑄣𑄴 𑄌𑄚𑄬 𑄚𑄨𑄣𑄪𑄢𑄬 𑄖 𑄓𑄬𑄭𑄚𑄴 𑄦𑄖𑄴𑄖𑄚𑄴𑄘𑄮𑄄 𑄝𑄟𑄴 𑄦𑄘𑄧𑄖𑄴,ফর্সা দেখার জন্য নিে এসেছে তার হাত দিে
𑄙𑄧𑄢𑄨 𑄇𑄧𑄣𑄧 - 𑄃𑄉𑄧𑄣𑄴 𑄛𑄉𑄧𑄣𑄴 𑄟𑄚𑄬 ।,ধরে বললে পাগল হ
𑄘𑄮𑄣𑄴 𑄛𑄪𑄚𑄴𑄘𑄨𑄟 𑄌𑄚𑄴।,সুন্দর সুন্দর চামা
𑄝𑄬𑄇𑄴𑄇𑄚𑄨 𑄘𑄮𑄣𑄴।,সবগুলো সুন্দর
𑄃𑄬𑄇𑄴𑄇 𑄟𑄪 𑄞𑄬𑄉𑄬𑄘𑄬𑄄 𑄇𑄧𑄣𑄧 - 𑄖𑄪𑄄𑄠𑄮 𑄘𑄮𑄣𑄴 𑄎𑄚𑄬,একটু মুখ বাঁকা করে বলো-তুমিও সুন্দর জানো
𑄛𑄪𑄢𑄨 𑄟𑄨𑄣𑄬 𑄥𑄚𑄴 ।,.পুে মেে
𑄚𑄨𑄣𑄪 𑄙𑄧𑄣𑄴 𑄌𑄚𑄧𑄢𑄴 𑄃𑄬 𑄇𑄧𑄙𑄠𑄚𑄴 𑄥𑄪𑄚𑄨𑄝𑄢𑄴 𑄎𑄬𑄚𑄬 𑄈𑄧𑄢𑄚𑄳𑄠𑄬 𑄘𑄋𑄴𑄘𑄋𑄳𑄠𑄬 𑄟𑄘𑄨𑄢𑄴 𑄏𑄧𑄢𑄧 𑄜𑄪𑄘𑄧 𑄝𑄌𑄴𑄌𑄬𑄄 𑄗𑄄 𑄛 𑄃𑄊𑄬।,নীল ফর্সা চাঁদের এই কথাটা শুনার জন্য খরা মাটিতেও পা যা
𑄘𑄋𑄴𑄘𑄋𑄳𑄠𑄬 𑄟𑄘𑄨𑄖𑄴 𑄛𑄧𑄣𑄳𑄠𑄬 𑄛𑄧𑄣𑄳𑄠𑄬 𑄏𑄧𑄢𑄧 𑄜𑄪𑄘𑄧 𑄛𑄧𑄢𑄴𑄣𑄬 𑄥𑄧{[[𑄀𑄖𑄴 𑄥𑄧𑄀𑄖𑄴 𑄉𑄧𑄢𑄨 𑄥𑄪𑄉𑄬 𑄡𑄚𑄴 𑄥𑄨𑄠𑄚𑄴 𑄎𑄬𑄚𑄬 𑄚𑄨𑄣𑄪𑄢𑄴 𑄃𑄮 𑄦𑄧𑄣𑄧 ।,দািে দাঁিে বৃষ্টি পলে ভে তাাতাি বের হে যাওা যা সে তািে গেল
𑄙𑄧𑄣𑄴 𑄌𑄚𑄧𑄢𑄬 𑄇𑄧𑄣𑄧 - 𑄟𑄧 𑄥𑄚𑄳𑄠𑄬 𑄥𑄘𑄣𑄴 𑄟𑄨𑄣𑄬𑄢𑄬 𑄖𑄪𑄄 𑄇𑄨 𑄘𑄮𑄣𑄴 𑄘𑄬𑄊𑄧𑄖𑄴𑄖𑄬!,ফর্সা ফর্সা মেেকে তুমি কি সুন্দর দেখতেছো
𑄙𑄧𑄣𑄴 𑄌𑄚𑄬 𑄚𑄨𑄣𑄪𑄢𑄴 𑄛𑄧𑄖𑄴𑄛𑄧𑄖𑄳𑄠 𑄎𑄪𑄚𑄴 𑄛𑄳𑄦𑄧𑄢𑄴 𑄛𑄧𑄎𑄳𑄠𑄬 𑄟𑄪𑄠𑄚𑄴 𑄢𑄨𑄚𑄨 𑄌𑄬𑄄 𑄇𑄧𑄣𑄧 - 𑄃𑄬 𑄛𑄧𑄖𑄴𑄛𑄧𑄖𑄳𑄠𑄬 𑄘𑄮𑄣𑄴 𑄛𑄪𑄚𑄴𑄘𑄨𑄟 𑄛𑄳𑄦𑄧𑄢𑄧𑄖𑄴 𑄖𑄪𑄄,ফর্সা চেহারার নীল রঙের আলো ঝলমলে দিনে আমি তার দিকে তাকিয়ে থাকি - এই পথটা সুন্দর তুমি
𑄘𑄮𑄣𑄴𑄝𑄨 𑄟𑄧 𑄘𑄨 𑄌𑄮𑄊𑄮𑄖𑄴।,আমার দুই চোখে সুন্দর
𑄖𑄪𑄄 𑄘𑄮𑄣𑄴 𑄛𑄪𑄢𑄨 ।,তুমি সুন্দর পরী
𑄚𑄨𑄣𑄪 𑄇𑄧𑄇𑄴𑄇𑄬 𑄅𑄌𑄴𑄌𑄮 𑄦𑄮𑄄 𑄃𑄘𑄬𑄇𑄳𑄠𑄬𑄉𑄧𑄢𑄨 𑄙𑄧𑄣𑄴 𑄌𑄚𑄧𑄢𑄬 𑄝𑄋𑄴 𑄇𑄚𑄴𑄎𑄝𑄖𑄴 𑄎𑄪𑄌𑄴𑄉𑄧𑄢𑄨 𑄓𑄬𑄚𑄴 𑄦𑄖𑄴𑄖𑄚𑄴 𑄝𑄎𑄬𑄄 𑄘𑄨𑄣𑄴 𑄇𑄧𑄄,.নিঃশব্দ হে আসা ফর্সা ছেলেটাকে বাঁশের কঞ্চি দিে হাত দিে কে জানি
𑄚𑄧 𑄛𑄢𑄴𑄣𑄧।,১. না পারলে ২. না পারলে
𑄙𑄧𑄣𑄴 𑄌𑄚𑄬 𑄚𑄨𑄣𑄪 𑄘𑄮𑄣𑄴 𑄟𑄨𑄃𑄧 𑄇𑄬𑄭𑄖𑄴 𑄢𑄨𑄚𑄨 𑄌𑄬𑄄 𑄇𑄧𑄣𑄧 - 𑄃𑄳𑄦।,সাদা রঙের মেে সুন্দর মিে কেত করে কল
𑄝𑄬𑄌𑄴 𑄎𑄪𑄌𑄴𑄉𑄧𑄢𑄨 𑄦𑄧𑄣𑄧𑄘𑄬!,বেশি জুো হেছে!
𑄚𑄨𑄣𑄪 𑄝𑄖𑄴𑄖𑄨𑄠𑄪𑄚𑄴 𑄇𑄬𑄖𑄳𑄠𑄬𑄖𑄪𑄚𑄴 𑄌𑄮𑄇𑄴𑄈𑄪𑄚𑄴 𑄊𑄪𑄢𑄬𑄄 𑄙𑄧𑄣𑄴 𑄌𑄚𑄧𑄢𑄬 𑄢𑄨𑄚𑄨 𑄌𑄬𑄄 𑄇𑄧𑄣𑄧 - 𑄇𑄮𑄌𑄴 𑄛𑄨𑄠𑄬 𑄟𑄚𑄪𑄌𑄴𑄌𑄧𑄢𑄬 𑄇𑄨,.নিল বাতিগুলো সাদা মানুষদের দিকে তাকিয়ে থাকে - কে যেন অসুস্থ মানুষটাকে কি বলে?
𑄃𑄧𑄟𑄉𑄧𑄢𑄨 𑄌𑄪𑄠𑄮𑄢𑄴 𑄘𑄨𑄟𑄴!,.অপরিষ্কার করে দিবো!
𑄙𑄧𑄣𑄴 𑄌𑄚𑄧𑄢𑄴 𑄚𑄨𑄣𑄪𑄢𑄴 𑄃𑄬 𑄇𑄧𑄙𑄠𑄚𑄴 𑄎𑄬𑄚𑄬 𑄞𑄧𑄎𑄚𑄴 𑄃𑄩𑄣𑄴 𑄟𑄢𑄬 𑄘𑄨𑄣𑄧 ।,সাদা রঙের নিলুর এই কথাটা শুনে ভে মেরে দিল
𑄛𑄨𑄝𑄨𑄢𑄴 𑄛𑄨𑄝𑄨𑄢𑄴 𑄝𑄪𑄠𑄢𑄧𑄣𑄧𑄉𑄬 𑄎𑄧𑄣𑄳𑄠𑄬 𑄦𑄏𑄢𑄴 𑄝𑄖𑄴𑄖𑄨𑄠𑄪𑄚𑄴,.পাহাে পাে বাতাস বেছে
"𑄟𑄧𑄢𑄧𑄘𑄧𑄚𑄴, 𑄎𑄧𑄣𑄧𑄘𑄧𑄚𑄴 ।","পুরুষ, মহিলা"
𑄟𑄪𑄉𑄪𑄎𑄧 𑄙𑄪𑄝𑄧 𑄍𑄬𑄢𑄬 𑄍𑄬𑄢𑄬 𑄎𑄧𑄚𑄨𑄠𑄪𑄚𑄴 𑄎𑄧𑄣𑄨 𑄎𑄧𑄣𑄨 𑄛𑄪𑄚𑄴𑄘𑄨𑄟 𑄌𑄧𑄚 𑄛𑄳𑄦𑄧𑄢𑄧 𑄣𑄧𑄉𑄬 𑄎𑄨𑄖𑄴𑄝𑄖𑄴 𑄉𑄧𑄢 𑄙𑄧𑄎𑄳𑄠𑄧𑄚𑄴।,পাহাের ধোঁার সাথে যুদ্ধ করতেছে
𑄟𑄨𑄙𑄬,"১. মিঠাই, মিঠাই ২. মিঠাই"
"𑄝𑄪𑄠𑄢𑄚𑄴 , 𑄛𑄪𑄚𑄴𑄘𑄨𑄟 𑄛𑄳𑄦𑄧𑄢𑄧𑄖𑄴 𑄌𑄬𑄢𑄮𑄝𑄣 𑄃𑄢𑄪𑄇𑄴𑄇𑄚𑄴 𑄘𑄨 𑄎𑄧𑄚𑄧𑄢𑄬 𑄃𑄢𑄧 𑄃𑄬𑄇𑄴𑄇𑄚𑄴 𑄛𑄨𑄖𑄴𑄗𑄨𑄟𑄨𑄖𑄴 𑄞𑄧𑄋 𑄙𑄧𑄎𑄳𑄠𑄬।","বুোটা,পুিে পে দুইজনে আর পৃথিবীতে একটা ভ আছে"
𑄃𑄬 𑄢𑄬𑄖𑄴𑄖𑄮 𑄘𑄨 𑄎𑄧𑄚𑄧𑄖𑄳𑄠𑄬,এই রাতটি দুই জন পালন করে
𑄘𑄨𑄏𑄧𑄢 𑄃𑄬𑄇𑄴𑄇𑄮 𑄢𑄬𑄭𑄖𑄴।,দুইটা একনাগাে রাত
𑄌𑄬𑄢𑄧𑄝𑄣 𑄃𑄢𑄪𑄉𑄨 𑄘𑄨𑄠𑄚𑄴 𑄟𑄧𑄚𑄧𑄢𑄬 𑄊𑄧𑄚𑄬 𑄃𑄚𑄬𑄢𑄴।,চূা আর কুা দিে মানুষরা ঘন করে আনে
𑄙𑄧𑄣𑄴 𑄌𑄚𑄴 𑄟𑄧𑄚𑄧 𑄖𑄝𑄪𑄣𑄧𑄖𑄴 𑄇𑄮𑄌𑄴𑄛𑄚 𑄜𑄪𑄣𑄴𑄣𑄮,ফর্সা মানুষের মাথায় কাপ পরা হ
𑄃𑄧𑄟𑄖𑄴𑄖𑄪𑄚𑄴 𑄃𑄧𑄟 𑄦𑄮𑄄 𑄛𑄉𑄮𑄢𑄴 𑄟𑄬𑄣 𑄙𑄧𑄢𑄴𑄣𑄧।,.অতিরিক্ত হে পে গেল
𑄙𑄧𑄣𑄴 𑄌𑄚𑄧 𑄟𑄧𑄚𑄧 𑄝𑄉𑄚𑄧 𑄇𑄮𑄌𑄴𑄛𑄚 𑄜𑄪𑄣𑄴𑄣𑄮 𑄖𑄧𑄎𑄨𑄟𑄴𑄛𑄪𑄢𑄧 𑄦𑄮𑄄 𑄖𑄪𑄟𑄴𑄝𑄌𑄴 𑄍𑄨𑄘𑄬𑄣𑄧।,ফর্সা মানুষের মনের বাগানে সুগন্ধি পেছে
𑄙𑄧𑄣𑄴 𑄌𑄚𑄬 𑄚𑄨𑄣𑄪 𑄓𑄬𑄚𑄴 𑄦𑄖𑄴𑄖𑄚𑄴 𑄝𑄋𑄬𑄘𑄨 𑄙𑄧𑄢𑄨 𑄝𑄪𑄉𑄧𑄖𑄴 𑄝𑄏𑄬 𑄇𑄧𑄣𑄧 - 𑄚𑄨𑄣𑄪।,ফর্সা দেখে নীল হাত দিে ব ব কথা বলে
𑄖𑄪𑄄 𑄎𑄬 𑄟𑄧𑄢𑄴 𑄇𑄮𑄌𑄴𑄛𑄚 𑄝𑄨।,তুমি যে আমার বন্ধু
𑄚𑄨𑄣𑄪 𑄜𑄧𑄘𑄋𑄧𑄢𑄬 𑄇𑄧𑄣𑄧 - 𑄖𑄪𑄄 𑄟𑄧𑄢𑄴 𑄇𑄮𑄌𑄴𑄛𑄚 𑄢𑄙𑄟𑄧𑄚𑄴।,নিলুর বাচ্চাটাকে কল দিে তুমি আমার ভালোবাসা দাও
𑄃𑄬𑄘𑄧𑄇𑄴𑄘𑄨𑄚𑄴 𑄙𑄧𑄣𑄴 𑄌𑄚𑄬 𑄚𑄨𑄣𑄪 𑄟𑄪𑄃𑄧𑄖𑄴𑄖𑄪𑄚𑄴 𑄃𑄬 𑄇𑄧𑄙𑄠𑄚𑄴 𑄥𑄪𑄚𑄨𑄝𑄢𑄴 𑄙𑄢𑄎𑄨 𑄃𑄬𑄣𑄧।,এত দিন ফর্সা দেখে নিলুর মুখ থেকে এই কথাটা শুনতে ইচ্ছে করে
𑄙𑄧𑄣𑄴 𑄌𑄚𑄧 𑄅𑄌𑄴𑄌𑄮 𑄟𑄧𑄚𑄧𑄖𑄴,সাদা চামা উঁচু মনে
"𑄇𑄮𑄌𑄴𑄛𑄚 𑄖𑄝𑄪𑄣𑄴, 𑄟𑄧𑄚𑄚𑄴 𑄛𑄧𑄖𑄴𑄛𑄧𑄖𑄳𑄠𑄬 𑄎𑄪𑄚𑄧 𑄛𑄳𑄦𑄧𑄢𑄧 𑄥𑄧𑄘𑄧𑄉𑄧 𑄥𑄧𑄟𑄢𑄬 𑄚𑄏 𑄙𑄧𑄎𑄳𑄠𑄬 ।",কেকটা তাাতাি যাওা তাাতাি জুন মাসের সমে নাগাে নাচতেছে
𑄟𑄨𑄙𑄬 𑄝𑄪𑄠𑄢𑄴 𑄉𑄣 𑄉𑄣 𑄘𑄨 𑄎𑄧𑄚𑄧𑄢𑄬 𑄖 𑄚𑄧𑄢𑄧𑄟𑄴 𑄦𑄖𑄴𑄖𑄚𑄴,মিঠা বুার গালা গালা দুইজনকে তার নরম হাত
𑄝𑄏𑄬 𑄘𑄬‘𑄢𑄴 ।,বেঁধে দো
𑄢𑄪𑄝𑄮 𑄢𑄧𑄋𑄧𑄢𑄴 𑄛𑄨𑄖𑄴𑄗𑄨𑄟𑄨 𑄃𑄢𑄧 𑄢𑄪𑄝𑄮 𑄢𑄧𑄋𑄧𑄢𑄴 𑄝𑄬𑄌𑄴 𑄙𑄧𑄢𑄬𑄢𑄴 ।,.রুার রঙের পৃথিবীতে আর রুার রং বেশি ধরে
𑄃𑄧𑄙𑄧𑄇𑄴 𑄛𑄬𑄇𑄴𑄇𑄮 𑄚𑄧𑄚𑄬𑄠𑄬 𑄢𑄧𑄠𑄬 𑄢𑄪𑄝𑄧 𑄢𑄧𑄋𑄧𑄢𑄴 𑄛𑄨𑄖𑄴𑄗𑄨𑄟𑄨𑄢𑄬,.অমুকের নািে রে রেছে পৃথিবী
𑄃𑄢𑄧 𑄃𑄬𑄇𑄴 𑄟𑄬𑄠𑄳𑄠𑄬𑄛𑄪𑄢𑄨𑄖𑄴 𑄃𑄝𑄢 𑄙𑄧𑄎𑄳𑄠𑄬।,আরেকটা মেেতে আবার চেহারা করছে
𑄚𑄨𑄣𑄪 𑄇𑄧𑄇𑄴𑄇𑄬 𑄖 𑄥𑄨𑄢𑄬𑄝𑄮 𑄙𑄧𑄣𑄴 𑄌𑄚𑄧 𑄇𑄧𑄢𑄧𑄖𑄴 𑄃𑄝𑄪𑄎𑄬 𑄘𑄨𑄣𑄧 𑄇𑄧𑄄 𑄚𑄧 𑄛𑄢𑄴𑄣𑄧।,.নিচে কখন তার মাথা সাদা চামা দিল কে জানে
𑄙𑄧𑄣𑄴 𑄌𑄚𑄬,সাদা চামা
𑄇𑄧𑄣𑄧 - 𑄇𑄮𑄌𑄴𑄛𑄚𑄝𑄨।,কল-কল করা
𑄖𑄧𑄢𑄬 𑄇𑄨 𑄊𑄪𑄟𑄧 𑄘𑄬𑄝𑄬𑄘𑄝𑄮 𑄉𑄏 𑄉𑄨𑄎𑄳𑄠𑄬 ।,তোমাকেঘুমের দেবতাটা গািে গিেছে
𑄚𑄨𑄣𑄪 𑄚𑄧𑄚𑄬𑄠𑄬 𑄌𑄬𑄢𑄉𑄬 𑄌𑄮𑄇𑄴𑄈𑄪𑄚𑄴 𑄟𑄬𑄣𑄨 𑄇𑄧𑄣𑄧 - 𑄚 ।,নীল নার চেরাগে চোখ বন্ধ করে বলো - না
𑄙𑄧𑄣𑄴 𑄌𑄚𑄬 𑄎𑄚𑄬 𑄃𑄬 𑄛𑄧𑄖𑄴𑄛𑄧𑄖𑄳𑄠𑄬 𑄎𑄪𑄚𑄧 𑄛𑄳𑄦𑄧𑄢𑄴𑄠𑄚𑄴 𑄛𑄨𑄖𑄴𑄗𑄨𑄟𑄨𑄖𑄴 𑄎𑄬𑄚𑄬 𑄟𑄬𑄠𑄳𑄠𑄬𑄎𑄣𑄴 𑄝𑄨𑄎𑄬𑄄 𑄘𑄬।,ফর্সা দেখে এই পথটি মেেকে মেরে দে
𑄟𑄨𑄙𑄬 𑄝𑄮𑄠𑄬𑄢𑄴𑄠𑄚𑄴 𑄥𑄬,মিষ্টি মদ সে পান করছে
𑄟𑄖𑄖𑄧𑄣𑄴𑄠𑄚𑄴 𑄃𑄢𑄧 𑄝𑄢𑄬 𑄘𑄬‘𑄢𑄴।,মাটিটা আরও বের করে দে
𑄚𑄨𑄣𑄪 𑄌𑄮𑄇𑄴𑄈𑄪𑄚𑄴 𑄎𑄬 𑄃𑄬 𑄟𑄖𑄴𑄖𑄧𑄣𑄬 𑄣𑄬𑄂𑄝𑄬𑄠𑄮𑄚𑄴 𑄥𑄨𑄠𑄚𑄴 𑄛𑄧𑄢𑄖𑄴 𑄛𑄧𑄢𑄖𑄴𑄉𑄧𑄢𑄨 𑄞𑄏𑄨 𑄅𑄙𑄬𑄢𑄴।,নীল চোখগুলো যে এই মাঠে পতেছে সেগুলো পে পে উঠছে
𑄢𑄬𑄭𑄖𑄴,রাত
𑄉𑄧𑄋𑄨 𑄡𑄢𑄴।,গিে যাওা
𑄘𑄨𑄝𑄬 𑄄𑄇𑄴𑄇𑄮 𑄛𑄬𑄭𑄇𑄴 𑄏𑄪𑄝𑄪𑄢𑄧𑄖𑄴 𑄓𑄉𑄨 𑄓𑄉𑄨 𑄢𑄬𑄘𑄮 𑄌𑄨𑄎𑄨𑄇𑄳𑄠𑄬𑄠𑄝𑄧𑄢𑄬 𑄞𑄋𑄨 𑄘𑄬𑄘𑄧𑄚𑄴।,দুটি পাখি দোলনা দাঁিে দাঁিে রাত কাটছে
𑄟𑄚𑄪𑄌𑄴 𑄣𑄧𑄢𑄌𑄧𑄢 𑄎𑄳𑄠𑄬𑄣𑄴 𑄘𑄳𑄠𑄬।,মানুষ পাচার করে দো
𑄘𑄨 𑄃𑄬𑄇𑄴𑄎𑄧𑄚𑄴,দুইজন
𑄇𑄟𑄴 𑄦𑄬𑄝 𑄘𑄨𑄝𑄢𑄴 𑄎𑄪𑄉𑄮𑄣𑄧𑄘𑄧𑄚𑄴।,কাজে যাওা যা
𑄊𑄧𑄢𑄧𑄖𑄴 𑄜𑄨𑄢𑄨𑄝𑄢𑄴 𑄃𑄧𑄇𑄴𑄖𑄧 𑄈𑄧𑄢𑄬𑄄 𑄡𑄢𑄴।,বািতে ফিরে যাওার সম অনেক সম লাগে
𑄙𑄧𑄣𑄴 𑄌𑄚𑄬 𑄇𑄧𑄣𑄧 - 𑄇𑄮𑄌𑄴𑄛𑄚𑄝𑄨।,সাদা চামার কল - কাপ টানা
𑄖𑄧𑄢𑄴 𑄇𑄨 𑄊𑄧𑄢𑄧𑄖𑄴,তোমার কি বাি
𑄜𑄨𑄢𑄨𑄝𑄢𑄴 𑄟𑄧𑄚𑄴𑄎𑄪𑄇𑄴 𑄚𑄬𑄄।,.ফিরে আসার ইচ্ছা নেই
𑄚𑄨𑄣𑄪 𑄙𑄧𑄣𑄴 𑄌𑄚𑄧 𑄇𑄬𑄭𑄖𑄴 𑄢𑄨𑄚𑄨 𑄌𑄬𑄄 𑄇𑄧𑄣𑄧 - 𑄃𑄨𑄌𑄴।,নীল রঙের কেতটা দেখে কল দিলো
𑄃𑄬𑄥𑄳𑄠𑄬 𑄢𑄬𑄖𑄴𑄖𑄮 𑄇𑄨𑄖𑄳𑄠 𑄘𑄨𑄊𑄧𑄣𑄴 𑄚𑄧 𑄦𑄧𑄣𑄧 ।,এত রাত হেও কিনারা হলো না
𑄙𑄧𑄣𑄴 𑄌𑄚𑄬 𑄚𑄨𑄣𑄪 𑄚𑄇𑄴𑄇𑄮 𑄌𑄨𑄝𑄨 𑄘𑄨 𑄇𑄧𑄣𑄧 - 𑄇𑄮𑄌𑄴𑄛𑄚𑄝𑄨 ।,ফর্সা দেখে নীল নাকটা চিমটি দিে কথা বলে
"𑄘𑄨𑄚𑄴, 𑄢𑄬𑄭𑄖𑄴 𑄘𑄨𑄊𑄮𑄣𑄴 𑄦𑄧𑄣𑄬 𑄛𑄨𑄖𑄴𑄗𑄨𑄟𑄨𑄢𑄴 𑄥𑄳𑄢𑄨, 𑄥𑄪𑄘𑄮𑄟𑄴 𑄝𑄬𑄇𑄴 𑄘𑄧 𑄝𑄬𑄘𑄧𑄇𑄴",".দিন, রাত হলে পৃথিবীর আলো,সুগন্ধি,সুগন্ধি সব সম"
𑄦𑄧𑄝𑄧 ।,"হেছে, হবে"
𑄚𑄨𑄣𑄪 𑄙𑄧𑄣𑄴 𑄌𑄚𑄧 𑄇𑄬𑄭𑄖𑄴 𑄢𑄨𑄚𑄨 𑄌𑄬𑄄 𑄎𑄪𑄚𑄚𑄧 𑄇𑄬𑄭𑄖𑄴 𑄌𑄮𑄇𑄴 𑄜𑄨𑄢𑄬𑄣𑄧।,.নীল ফর্সা চামা দেখে চোখ ফেরালো।
𑄅𑄙𑄧𑄚𑄴𑄘𑄨 𑄎𑄪𑄚𑄴 𑄡𑄬𑄘𑄧𑄇𑄴 𑄅𑄙𑄬𑄢𑄴 𑄢𑄪𑄝𑄮 𑄢𑄋𑄚𑄴 𑄎𑄬𑄚𑄬,.উদ্ধতি জুে অনেক রোদ উঠে
𑄝𑄢 𑄙𑄧𑄎𑄳𑄠𑄬।,এক জাতী বুনো ফল
𑄙𑄧𑄣𑄴 𑄌𑄚𑄧𑄢𑄬 𑄢𑄨𑄚𑄨 𑄌𑄬𑄄 𑄇𑄧𑄣𑄧 - 𑄡𑄬𑄄।,ফর্সা চাঁদকে দেখে বলে যে
𑄃𑄬𑄥𑄳𑄠𑄬 𑄛𑄪𑄚𑄴𑄘𑄨𑄟 𑄢𑄬𑄭𑄖𑄴𑄖𑄮 𑄖𑄧𑄢𑄬 𑄟𑄧𑄢𑄬 𑄟𑄬𑄠𑄳𑄠𑄬 𑄢𑄬𑄉 𑄝𑄚𑄨 𑄘𑄨𑄣𑄧 ।,এই পুিটা রাতের বেলা আমাকে মেেে বেঁধে দিল
𑄙𑄧𑄣𑄴 𑄌𑄚𑄬 𑄚𑄨𑄣𑄪 𑄓𑄬𑄚𑄴 𑄦𑄖𑄴𑄖𑄚𑄴 𑄙𑄧𑄢𑄨 𑄖 𑄟𑄪𑄃𑄧 𑄇𑄬𑄭𑄖𑄴 𑄢𑄨𑄚𑄨 𑄌𑄬𑄄 𑄇𑄨𑄣𑄧 - 𑄦𑄧𑄠𑄴।,ফর্সা দেখে নীল হাত ধরে তার মুখে কিল মারলো
𑄖𑄧𑄢𑄴 𑄟𑄨𑄢𑄴 𑄘𑄨𑄠𑄚𑄴 𑄟𑄧𑄚𑄧𑄢𑄴 𑄇𑄮𑄌𑄴𑄛𑄚𑄢𑄴,তোমার মেেটা মনটা কেমন করতেছে
𑄢𑄪𑄝𑄧 𑄢𑄬𑄉।,"রগচটা, রগচটা"
𑄙𑄮𑄎𑄧𑄚𑄬 𑄘𑄮𑄎𑄧𑄚𑄬 𑄊𑄧𑄢𑄧𑄖𑄴 𑄜𑄨𑄢𑄨𑄝𑄢𑄴 𑄅𑄙𑄨𑄣𑄇𑄴 ।,ধোঁার দুইজনে বািতে ফিরে যাচ্ছে
𑄈𑄪𑄌𑄴 𑄝𑄢 𑄙𑄧𑄎𑄳𑄠𑄧𑄚𑄴 ।,পাহাের দাগ
𑄃𑄘𑄬𑄇𑄳𑄠𑄬𑄉𑄧𑄢𑄨 𑄃𑄬𑄇𑄴 𑄏𑄧𑄣𑄴𑄉 𑄟𑄨𑄙𑄬 𑄝𑄮𑄱𑄠𑄬𑄢𑄴 𑄃𑄬𑄃𑄨 𑄘𑄨 𑄎𑄧𑄚𑄧,এই দুই লোক এক ঝগা মিশাছে
𑄈𑄨𑄠𑄬𑄖𑄴 𑄝𑄢𑄨 𑄘𑄨𑄣𑄧 ।,খোল বারি দিল
"𑄚𑄨𑄣𑄪𑄢𑄴 𑄣𑄟𑄴𑄝 𑄌𑄪𑄣𑄚𑄴 , 𑄈𑄘𑄨𑄠𑄚𑄴 𑄙𑄧𑄣𑄴 𑄌𑄧𑄚 𑄟𑄪𑄠𑄮𑄖𑄴 𑄚𑄧𑄚𑄬𑄠𑄳𑄠𑄬 𑄝𑄢𑄨 𑄘𑄨𑄣𑄧 ।","নিলুর লম্বা চুল,খাওার সবুজ চামা আমার মাথা বেঁধে দিল"
𑄘𑄨𑄠𑄚𑄴 𑄟𑄧𑄚𑄧𑄢𑄴 𑄇𑄮𑄌𑄴𑄛𑄚,দুই মনের মিল হওা
𑄢𑄬𑄉𑄝𑄮 𑄥𑄨𑄚𑄳𑄠𑄬 𑄗𑄨𑄘𑄨 𑄦𑄧𑄣𑄧 ।,রেগািটা স্থির হেছে
𑄖𑄪𑄚𑄴𑄚𑄬 𑄇𑄧𑄣𑄢𑄴 𑄇𑄧𑄙,তুন্নে কলার কথা
𑄟𑄧 𑄚𑄋𑄚𑄴 𑄖𑄪𑄚𑄴𑄚𑄳𑄠𑄬 𑄇𑄧𑄣 ।,আমার নাঙে তুন্নে কলা
𑄇𑄎 𑄃𑄧𑄇𑄴𑄖𑄧𑄖𑄴 𑄟𑄧 𑄢𑄧𑄋𑄚𑄴 𑄃𑄳𑄦𑄬𑄧𑄣𑄴 ।,কাঁচা মাটিতে আমার রংটা এলো
𑄛𑄉𑄨𑄣𑄬 𑄟𑄧 𑄢𑄧𑄋𑄚𑄴 𑄦𑄧𑄣𑄮𑄘𑄴𑄘𑄳𑄠𑄬 𑄃𑄳𑄦𑄧𑄠𑄴 ।,.পেকে গেলে আমার রংটা হেছে
𑄌𑄟𑄴𑄝 𑄇𑄧𑄣 𑄃 𑄇𑄖𑄴𑄖𑄮𑄣𑄨 𑄇𑄧𑄣 𑄟𑄧 𑄞𑄬𑄃𑄨 ।,চামা কলা আমার ভাই
𑄟𑄪𑄃𑄨 𑄝𑄬𑄢𑄘𑄬 𑄉𑄧𑄟𑄴 𑄛𑄋𑄴 ।,পাহাে ঘুরতে ভালো লাগে
𑄃𑄬𑄇𑄴𑄘𑄨𑄚𑄴𑄚𑄬 𑄃𑄟𑄨 𑄖𑄨𑄚𑄴𑄎𑄧𑄚𑄬 𑄥𑄧𑄟𑄎𑄴𑄎𑄳𑄠𑄬 𑄃𑄚𑄥𑄴𑄌𑄮 𑄊𑄧𑄢𑄧𑄖𑄴 𑄝𑄬𑄢 𑄉𑄬𑄣𑄧𑄋𑄴 ।,এক দিনে আমরা তিনজন মিলে বািতে বোতে গেলাম
"𑄃𑄚𑄥𑄴𑄌𑄮𑄢 𑄟𑄙𑄖𑄴 𑄏𑄪𑄘𑄮, 𑄛𑄬𑄘𑄧𑄖𑄴 𑄌𑄮𑄇𑄴 ।",".আংটা মাথা ঝুি, পেটে চোখ"
𑄏𑄪𑄘𑄮 𑄃𑄇𑄘𑄉𑄪𑄚𑄴𑄛𑄬𑄘𑄧𑄖𑄴 𑄜𑄪𑄘𑄨 𑄎𑄚𑄬 𑄛𑄨𑄢𑄬 𑄛𑄬𑄭𑄠𑄧𑄋𑄴 ।,ঝগার সম অসুখে পে গেছি
"𑄃𑄚𑄌𑄴𑄌𑄮 𑄇𑄧𑄣𑄧, ""𑄇𑄧𑄣𑄝𑄧𑄚𑄴, 𑄖𑄪𑄃𑄨 𑄃𑄬𑄌𑄴𑄌𑄮𑄌𑄴 𑄇𑄨𑄚𑄬𑄃𑄨 𑄟𑄧𑄢𑄴 𑄟𑄧𑄚𑄧 𑄃𑄏 𑄛𑄪𑄢𑄬𑄣𑄧"" ।","আনাছো কল,কলাবনি, তুমি আসা মাত্রই আমার মনের ইচ্ছা পূরণ হলো"
𑄈𑄧𑄢𑄴𑄉𑄧𑄥𑄴𑄌𑄱 𑄃𑄬𑄇𑄴𑄇𑄚𑄴 𑄝𑄪𑄃𑄨 𑄉𑄧𑄥𑄴𑄎𑄳𑄠𑄬 ।,খরগসটা একটু বুো করে
"𑄞𑄪𑄠𑄧𑄖𑄴 𑄟𑄪𑄣𑄧, 𑄝𑄬𑄉𑄪𑄚𑄴, 𑄈𑄧𑄢𑄧𑄝𑄬𑄉𑄪𑄚𑄴 𑄃 𑄝𑄨𑄣𑄬𑄘𑄨 𑄃𑄣𑄪 𑄣𑄉𑄬𑄠𑄬 ।","ভুে মেে, বেগুন, টক টক আলু লাগে।"
𑄞𑄪𑄃𑄨 𑄞𑄧𑄢𑄧𑄚𑄴 𑄥𑄪𑄉𑄪𑄢𑄨 𑄉𑄪𑄣𑄧 𑄃 𑄇𑄪𑄘𑄪𑄉𑄪𑄣𑄧 𑄙𑄧𑄌𑄴𑄎𑄳𑄠𑄧𑄚𑄴 ।,ভুর ভরা শুকরগুলো কত ব ব
𑄈𑄧𑄢𑄴𑄉𑄧𑄥𑄌𑄱 𑄞𑄪𑄠𑄧𑄖𑄴 𑄝𑄮𑄚𑄬𑄃𑄨𑄟𑄪𑄣𑄧 𑄈𑄢𑄴 ।,খরগসাটা জমিতে বসে খা
𑄃𑄬𑄚𑄴 𑄃𑄧𑄇𑄴𑄖𑄧𑄖𑄴 𑄝𑄚𑄴𑄘𑄧𑄌𑄴𑄎𑄳𑄠𑄏𑄪𑄥𑄴 𑄉𑄧𑄢𑄨 𑄈𑄬𑄘𑄧𑄖𑄴 𑄥𑄮𑄟𑄴𑄟𑄬𑄉𑄨 ।,.এত ব করে খেেছি
𑄥𑄮𑄟𑄬𑄚𑄬𑄃𑄨 𑄟𑄧𑄘𑄧𑄢𑄴 𑄥𑄪𑄟𑄨 𑄈 𑄙𑄧𑄥𑄴𑄎𑄳𑄠 ।,মেেটা মদের সিম খেেছে
𑄈𑄧𑄢𑄴𑄉𑄧𑄥𑄴𑄥𑄮 𑄝𑄚𑄴𑄘𑄧𑄎𑄴𑄎𑄳𑄠𑄬𑄢𑄬 𑄙𑄧𑄢𑄨 𑄛𑄬𑄣𑄧 ।,খরগসটা ছেলেটাকে ধরে নিল
𑄝𑄚𑄴𑄘𑄧𑄎𑄴𑄎𑄬 𑄈𑄧𑄢𑄴𑄉𑄧𑄥𑄴𑄥𑄮𑄖𑄴𑄖𑄪𑄚𑄴 𑄟𑄛𑄴 𑄌𑄬𑄣𑄧 ।,বান্যেটা কাঠঠোকরার কাছ থেকে মাফ নিল
𑄈𑄧𑄢𑄴𑄉𑄧𑄥𑄴𑄥𑄮 𑄝𑄚𑄴𑄘𑄧𑄎𑄴𑄎𑄳𑄠𑄬𑄣𑄧𑄭 𑄟𑄪𑄣𑄮 𑄈𑄬𑄘𑄧𑄖𑄴 𑄥𑄮𑄟𑄬𑄣𑄇𑄴 ।,খরগসটা বাঁশের কঞ্চি দিে পাহাের হাে পেছে
𑄘𑄨-𑄎𑄧𑄚𑄬 𑄛𑄬𑄑𑄴 𑄞𑄧𑄢𑄧𑄚𑄴 𑄟𑄪𑄣𑄮 𑄈𑄬𑄣𑄇𑄴 ।,দুইজনে পেট ভরে আলু খাওা
𑄌𑄨𑄉𑄮𑄚𑄴 𑄌𑄧𑄢𑄚𑄴 𑄝𑄎𑄳𑄠𑄬 ।,ছোট চরটা বাশেঁর তৈরি
𑄖𑄬 𑄃𑄨𑄥𑄴𑄇𑄪𑄣𑄴 𑄍𑄪𑄖𑄴𑄖𑄨 𑄃𑄧𑄃𑄨𑄚𑄬 𑄊𑄧𑄢𑄧𑄖𑄴 𑄡𑄬 𑄚𑄧 𑄛𑄢𑄬𑄢𑄴 ।,সে স্কুল ফাঁকি দিে বািতে যেতে পারে না
𑄍𑄧𑄢 𑄛𑄧𑄢𑄧𑄖𑄴 𑄇𑄢𑄧𑄢𑄬 𑄚𑄧 𑄘𑄬𑄉𑄨 𑄇𑄚𑄬𑄢𑄴 ।,ছার পাে কাউকে দেখতেছি না
𑄝𑄬𑄣𑄚𑄴 𑄓𑄪𑄝𑄧𑄘𑄬 𑄘𑄬𑄉𑄨 𑄖𑄬 𑄥𑄨𑄣𑄪𑄟𑄴𑄟𑄮𑄟𑄮𑄃𑄨 𑄝𑄮𑄃𑄨𑄃𑄪𑄚𑄴 𑄞𑄪𑄘𑄨 𑄉𑄧𑄢𑄬𑄢𑄴 ।,সূর্য ডোবার সম সে শার্টটি ডুবিে দিল
𑄢𑄨𑄎𑄪𑄟𑄴𑄳𑄠 𑄍𑄧𑄢𑄖𑄴 𑄣𑄟𑄨𑄣𑄧𑄉𑄮𑄃𑄨 ।,রিজুমা ছাতে গেলাম
𑄍𑄧𑄢 𑄃𑄧𑄖𑄴𑄙𑄬𑄉𑄧𑄖𑄴 𑄡𑄬𑄚𑄬𑄃𑄨 𑄖𑄢𑄬 𑄛𑄚𑄨 𑄚𑄣𑄬 𑄞𑄎𑄬 𑄚𑄬𑄎𑄢𑄴 ।,দৌাদৌি করে তাকে পানি নালা করে নিে যা
𑄥𑄧𑄘𑄧𑄉𑄬 𑄏𑄟𑄴 𑄘𑄨𑄚𑄬𑄃𑄨 𑄢𑄨𑄎𑄪𑄟𑄧𑄢𑄬 𑄖𑄪𑄣𑄬𑄢𑄴 ।,.সকালে জঙ্গল থেকে কাঠ তুলতেছে।
𑄢𑄨𑄎𑄪𑄟𑄬 𑄛𑄚𑄨 𑄈𑄬𑄚𑄬𑄃𑄨 𑄃 𑄓𑄧𑄢𑄬 𑄟𑄪𑄌𑄴𑄍𑄧 𑄡𑄬𑄃𑄨𑄠𑄬 ।,রিজুমের পানি খেে এখন ভে পােছে
𑄢𑄨𑄎𑄪𑄟𑄧𑄢𑄬 𑄛𑄨𑄘𑄨𑄖𑄴 𑄌𑄝𑄬𑄢𑄬𑄚𑄬𑄃𑄨 𑄃𑄧𑄉𑄧𑄣 𑄝𑄎𑄬 𑄘𑄨𑄣𑄧 ।,রিজুমের পিঠে চামা বেঁধে দিল
𑄥𑄧𑄘𑄧𑄉𑄬 𑄢𑄨𑄎𑄪𑄟𑄧𑄢𑄬 𑄇𑄧𑄢𑄧𑄖𑄴 𑄉𑄧𑄢𑄨 𑄝𑄢𑄬 𑄘𑄬𑄣𑄴𑄣𑄮𑄃𑄨 ।,সুগে রিজুমে করে বাইরে দো
𑄖𑄟𑄴𑄟 𑄇𑄧𑄖𑄴𑄖𑄬- 𑄖𑄪𑄃𑄨𑄘𑄧 𑄛𑄚𑄨𑄖𑄴 𑄓𑄪𑄝𑄨 𑄟𑄧𑄢𑄨𑄣𑄬𑄚𑄴 ।,তার মা-তোতলা পানিতে ডুবে মারা গেল
𑄍𑄧𑄢𑄛𑄚𑄨 𑄝𑄢𑄨𑄣𑄬 𑄉𑄠𑄴 𑄉𑄠𑄴 𑄛𑄢𑄴 𑄚𑄧 𑄦𑄮𑄌𑄴 ।,ছেঁা পানি দিে গাে যেতে হ না
𑄈𑄪𑄘𑄪 𑄉𑄪𑄣𑄧𑄢𑄴 𑄘𑄬𑄌𑄴 𑄝𑄬𑄢𑄚,পাহাের দোল ঘুরে বো
𑄇𑄪𑄘𑄪𑄉𑄪𑄣𑄧𑄝𑄱 𑄝𑄘𑄮𑄣𑄴 𑄦𑄘𑄧𑄖𑄴 𑄉𑄧𑄢𑄨 𑄘𑄬𑄌𑄴 𑄝𑄬𑄢 𑄣𑄟𑄴𑄟𑄳𑄠 ।,কুকুরটা বাঁশটা হাত দিে দৌে যাচ্ছে
𑄞𑄧𑄋𑄧𑄘𑄬 𑄞𑄧𑄋𑄧𑄘𑄬 𑄘𑄬𑄊 𑄦𑄧𑄣𑄧 𑄖𑄢𑄴 𑄇𑄪𑄟𑄪𑄢𑄧𑄝𑄱 𑄣𑄧𑄉𑄬 ।,তার কুমার সাথে দেখা হেছে
𑄈𑄪𑄟𑄪𑄢𑄧𑄝𑄱 𑄇𑄧𑄣𑄧-𑄇𑄪𑄖𑄴𑄘𑄪𑄢𑄧𑄖𑄴𑄖𑄪𑄚𑄴 𑄣𑄧𑄖𑄴 𑄘𑄪𑄃𑄧𑄥𑄴 ।,.কুটিরটা কল-কোট থেকে বের হে যাচ্ছে
𑄇𑄪𑄘𑄪𑄉𑄪𑄣𑄧𑄝𑄱 𑄇𑄧𑄣𑄧-𑄘𑄬𑄌𑄴 𑄞𑄧𑄋𑄧𑄚𑄖𑄴 𑄣𑄟𑄴𑄟𑄱𑄋𑄴 ।,কুদুগাটা কল দিে ভে গেলাম
𑄡𑄘𑄬 𑄡𑄘𑄬 𑄖𑄬-𑄜𑄪𑄣𑄴 𑄇𑄧𑄛𑄨𑄃𑄪𑄚𑄧 𑄘𑄬𑄎𑄧𑄖𑄴 𑄣𑄪𑄋𑄨𑄣𑄧 ।,. যেতে যেতে সে ফুল কপিগুলো দো নামল
𑄜𑄪𑄣𑄴 𑄇𑄧𑄛𑄨𑄃𑄪𑄚𑄴 𑄘𑄬𑄎𑄧𑄖𑄴 𑄃𑄬𑄣𑄧 𑄃𑄬𑄇𑄴𑄇𑄮 𑄢𑄬𑄇𑄴𑄈𑄧𑄥𑄴 ।,.ফুল কপিগুলো দোর সম একটা রেকস
𑄈𑄪𑄘𑄪𑄉𑄪𑄣𑄧𑄝𑄱 𑄇𑄧𑄣𑄧-𑄢𑄬𑄇𑄴𑄈𑄧𑄌𑄴𑄌𑄱𑄢𑄬 𑄟𑄪𑄃𑄨 𑄌𑄬𑄟𑄴 ।,.খুদুগলটা কল-রকেটটার দিকে আমি তাকা
𑄝𑄬𑄣𑄚𑄴 𑄓𑄪𑄝𑄧𑄘𑄬 𑄓𑄪𑄝𑄧𑄘𑄬 𑄇𑄪𑄘𑄪𑄉𑄪𑄣𑄧𑄝𑄱 𑄉𑄎𑄧𑄖𑄴 𑄃𑄪𑄘𑄨 𑄢𑄧𑄣𑄧 ।,সূর্য ডুবতে ডুবতে কতগুলো কুকুর গাছে উঠল
𑄢𑄬𑄘𑄮𑄖𑄴 𑄢𑄬𑄇𑄴𑄈𑄧𑄌𑄴𑄌𑄱 𑄃𑄬𑄣𑄧 𑄇𑄪𑄘𑄪𑄉𑄪𑄣𑄧𑄝𑄱 𑄢𑄬𑄇𑄴𑄈𑄧𑄌𑄴𑄌𑄱𑄢𑄬 𑄥𑄬𑄣𑄴 𑄟𑄣𑄴𑄣𑄧 ।,রাতের বেলা রাত হে গেল
𑄥𑄬𑄣𑄴𑄣𑄱 𑄢𑄬𑄇𑄴𑄈𑄧𑄌𑄴𑄌𑄱 𑄝𑄪𑄉𑄧𑄖𑄴 𑄛𑄪𑄘𑄨𑄣𑄧 ।,সে রাতের বেলা বুো হেছে
𑄢𑄬𑄇𑄴𑄈𑄧𑄌𑄴𑄌𑄱 𑄟𑄧𑄢𑄨 𑄉𑄬𑄣𑄧 ।,রেকছাটা মরে গেল
𑄖𑄇𑄬𑄣𑄴𑄣𑄳𑄠 𑄝𑄬𑄚𑄴𑄚𑄳𑄠 𑄜𑄪𑄣𑄴 𑄇𑄧𑄛𑄨𑄃𑄪𑄚𑄬 𑄏𑄪𑄎𑄨𑄠𑄬 𑄚𑄎 𑄙𑄧𑄥𑄴𑄎𑄳𑄠𑄧𑄚𑄴 ।,.তাকে অনেক বেইন ফুল কপিে নাচতেছে।
𑄣𑄬𑄌𑄴 𑄍𑄨𑄬𑄨𑄚𑄬 𑄝𑄚𑄴𑄘𑄴𑄘𑄧𑄢𑄧𑄢𑄴,লেজ নিে বাতাস বছে
𑄃𑄬𑄇𑄴𑄇𑄚𑄴 𑄏𑄢𑄧𑄖𑄴 𑄗𑄬𑄘𑄇𑄴 𑄇𑄧𑄃𑄨𑄇𑄴𑄇𑄮 𑄝𑄚𑄴𑄘𑄧𑄢𑄴 ।,একটি জঙ্গলে একটি বানর আছে।
𑄖𑄢 𑄃𑄬𑄇𑄴𑄘𑄨𑄚𑄴𑄳𑄠 𑄍𑄧𑄢 𑄛𑄢𑄧𑄖𑄴 𑄉𑄎𑄧𑄛𑄘 𑄈𑄘𑄧𑄚𑄴 ।,তারা একদিন গাছের পাতা খা
𑄥𑄬 𑄃𑄧𑄇𑄴𑄖𑄧𑄖𑄴 𑄍𑄧𑄢𑄘𑄨 𑄃𑄬𑄇𑄴𑄇𑄮 𑄝𑄌𑄴𑄞𑄪𑄢𑄴 𑄞𑄎𑄨 𑄡𑄢𑄴 ।,সেই মুহুর্তে ছাগুলো ভে যা
𑄘𑄨𑄝𑄬 𑄝𑄚𑄴𑄘𑄧𑄢𑄴 𑄝𑄎𑄴𑄞𑄪𑄢𑄧𑄖𑄴 𑄐𑄬𑄚𑄬𑄭 𑄥𑄪𑄉𑄴 𑄈𑄘𑄧𑄚𑄴 ।,দুটি বানর বাঁশে সুগ খাছে।
𑄃𑄘𑄨𑄇𑄴𑄇𑄬 𑄉𑄪𑄢𑄨 𑄃𑄬𑄇𑄴𑄇𑄧 𑄝𑄚𑄴𑄘𑄧𑄢𑄧𑄢𑄴 𑄣𑄬𑄎𑄴 𑄝𑄌𑄴𑄞𑄪𑄢𑄧 𑄌𑄨𑄝𑄬𑄖𑄴 𑄝𑄌𑄳𑄠𑄬 ।,আগে ছোট একটি বানর লেজের নিচে বসে আছে।
𑄖𑄚𑄴𑄘𑄬 𑄖𑄚𑄴𑄘𑄬 𑄣𑄬𑄎𑄴𑄌𑄚𑄴 𑄉𑄬𑄣𑄧 𑄌𑄨𑄚𑄨 ।,তাাতাি লেজটা গেল চিনি
𑄣𑄬𑄌𑄴𑄍𑄨𑄚𑄬 𑄝𑄚𑄴𑄘𑄧𑄢𑄴𑄎𑄬𑄢𑄴 𑄥𑄬𑄚𑄧𑄖𑄳𑄠𑄃𑄨 𑄟𑄧𑄚𑄚𑄴 𑄝𑄧𑄎𑄧𑄋𑄴 𑄃𑄧𑄣𑄧 ।,লেলিে দেওার সম মনটা ব হচ্ছে
𑄥𑄧𑄟𑄎𑄳𑄠𑄬𑄃𑄪𑄌𑄚 𑄇𑄧𑄣𑄇𑄴 𑄟𑄧𑄚𑄴 𑄝𑄧𑄎𑄧𑄋𑄴 𑄚𑄧 𑄉𑄧𑄢𑄨𑄥𑄴 ।,সমাজ ভালো করা কলাটা ভালো করিও না
𑄣𑄪𑄞𑄴 𑄛𑄘𑄚 𑄉𑄧𑄟𑄴 𑄚𑄧𑄠𑄴,.লবনাক্ত করা ভালো না
𑄥𑄪𑄉𑄧𑄎𑄳𑄠𑄣𑄧𑄃𑄨 𑄞𑄣𑄪𑄇𑄴𑄇𑄳𑄠 𑄝𑄌𑄴𑄌𑄪𑄢𑄨 𑄖𑄧𑄉 𑄐𑄘𑄧𑄚𑄴 ।,সুগজালটা ভালুকের বিচি খুঁজতে যাচ্ছে
𑄥𑄪𑄉𑄧𑄢𑄴𑄝𑄱 𑄃𑄇𑄴𑄇𑄬 𑄃𑄇𑄴𑄇𑄬 𑄝𑄬𑄇𑄴 𑄝𑄌𑄴𑄌𑄪𑄢𑄨𑄉𑄪𑄚𑄴 𑄞𑄋𑄨 𑄣𑄧𑄣𑄧 ।,সুোটা একটু একটু করে সবগুলো ভেঙে নিল
𑄥𑄬𑄚𑄧𑄖𑄴𑄖𑄳𑄠𑄠𑄴 𑄞𑄣𑄪𑄇𑄴𑄇𑄳𑄠 𑄘𑄨𑄝𑄬𑄉𑄪𑄢𑄨 𑄝𑄥𑄴𑄌𑄪𑄢𑄨 𑄛𑄬𑄣𑄧 ।,নাচা করে দুইজনে বাছবিচার পেল
𑄥𑄪𑄉𑄧𑄢𑄴𑄝𑄱 𑄝𑄌𑄴𑄌𑄪𑄢𑄨 𑄇𑄣𑄴𑄣𑄧𑄱𑄋𑄋𑄴𑄮 𑄝𑄪𑄉𑄨 𑄇𑄨𑄎𑄇𑄨𑄥𑄳𑄠 𑄉𑄪𑄢𑄨 𑄊𑄧𑄢𑄧𑄖𑄴 𑄜𑄨𑄢𑄬𑄢𑄴 ।,সুোটা বুো বাঁশের টুকরো দিে বািে ফিরে
𑄃𑄬𑄇𑄴𑄘𑄧𑄣𑄴 𑄛𑄧𑄣𑄴𑄣𑄚𑄬 𑄥𑄪𑄉𑄧𑄢𑄴𑄝𑄱𑄢𑄬 𑄃𑄙-𑄛𑄧𑄘𑄧𑄖𑄴 𑄊𑄨𑄢𑄨𑄣𑄇𑄴 ।,একদল লোক সুোটাকে আধা-পাে ঘিরলো
𑄥𑄪𑄉𑄧𑄢𑄴𑄝𑄱 𑄝𑄨𑄛𑄧𑄘𑄧𑄖𑄴 𑄛𑄧𑄢𑄨 𑄌𑄨𑄘𑄬 𑄉𑄧𑄢 𑄙𑄧𑄣𑄴𑄣𑄧 ।,সুোটা বিপদে পেছে
𑄃𑄘𑄨𑄇𑄴𑄇𑄳𑄠 𑄉𑄧𑄢𑄨 𑄞𑄣𑄨𑄇𑄴𑄇𑄳𑄠 𑄛𑄧𑄣𑄴𑄣𑄚𑄪𑄚𑄧𑄢𑄬 𑄎𑄝𑄬𑄘𑄬 𑄙𑄧𑄣𑄴𑄣𑄧𑄪 ।,.আগে থেকে অনেক লোক বের হেছে।
𑄥𑄪𑄉𑄧𑄢𑄴𑄝𑄮 𑄞𑄣𑄪𑄇𑄴𑄇𑄳𑄠𑄬𑄢𑄬 𑄝𑄌𑄴𑄌𑄪𑄢𑄨 𑄞𑄇𑄴 𑄘𑄨𑄝𑄢𑄴 𑄌𑄬𑄣𑄧 ।,সুোটা ভালুককে বুি দিে ভ দিতেছে
"𑄞𑄣𑄪𑄇𑄴𑄇𑄳𑄠 𑄇𑄧𑄣𑄧, 𑄗𑄧𑄱𑄇𑄴, 𑄗𑄧𑄱𑄇𑄴, 𑄌𑄨𑄉𑄪𑄚𑄴𑄘𑄧 - 𑄖𑄧𑄢𑄴 ।","ভালুকের কল, ঠোক, ঠোক,চিগা - তোমার"
"𑄥𑄪𑄉𑄧𑄢𑄴𑄝𑄱 𑄇𑄧𑄣𑄧-𑄟𑄛𑄴 𑄉𑄧𑄢𑄨𑄌𑄴, 𑄣𑄮𑄞𑄴 𑄛𑄘𑄚 𑄞𑄪𑄣𑄴 𑄦𑄧𑄃𑄨𑄠𑄬 ।",".সুোটা কলমাপ করে,লবনাক্ত করা ভুল হ"
𑄛𑄧𑄢𑄬𑄘𑄨 𑄘𑄨𑄎𑄧𑄚𑄬 𑄈𑄪𑄎𑄨-𑄢𑄎𑄨𑄠𑄬 𑄊𑄧𑄢𑄧𑄖𑄴 𑄛𑄨𑄢𑄨𑄣𑄇𑄴 ।,পিে দুইজনে অসুখে পে গেল
𑄢𑄧𑄎𑄬𑄠𑄬 : - 𑄙𑄧𑄚𑄧 𑄢𑄧𑄚𑄴𑄎𑄧𑄝𑄴 𑄖𑄳𑄠𑄛𑄪𑄢,রেছে -ধন রেছে তাাতাি
𑄃𑄪𑄟𑄧𑄋𑄴 𑄃 𑄌𑄨𑄟𑄧𑄋𑄴 𑄘𑄨 𑄞𑄬𑄃𑄨 𑄝𑄮𑄚𑄴 ।,.উম্ম একটি ছোট বোন
𑄖𑄢 𑄖-𑄟𑄟𑄳𑄦 𑄥𑄧𑄟𑄢𑄬 𑄘𑄨𑄚𑄴𑄛𑄧𑄖𑄴𑄖𑄨 𑄍𑄧𑄢𑄖𑄴 𑄉𑄘𑄨𑄘𑄇𑄴𑄇𑄮𑄃𑄨 ।,তারা তার মামার সাথে সারাদিন মাঠে গািেছে
𑄃𑄬𑄇𑄴 𑄘𑄨𑄚𑄴𑄚𑄬 𑄝𑄧𑄢𑄴 𑄏𑄧𑄢𑄴 𑄘𑄨𑄚𑄬𑄃𑄨 𑄍𑄧𑄢 𑄛𑄚𑄨 𑄝𑄢𑄨𑄣𑄧 ।,এক দিন ব বৃষ্টিতে ছা পানি পলো
"𑄖-𑄟 𑄖𑄢𑄢𑄬 𑄇𑄧𑄣𑄧; ""𑄍𑄧𑄢𑄖𑄴 𑄚𑄧 𑄡𑄬𑄠𑄧𑄥𑄳𑄠𑄬 ।","তার মা তাদেরকে বললো, দৌাদৌি করতেছে না"
"""",bdmean
𑄥𑄬𑄝𑄬𑄘𑄬𑄚𑄴 𑄖-𑄟 𑄎𑄪𑄟𑄧𑄖𑄴 𑄉𑄬𑄣𑄧𑄉𑄮𑄃𑄨 ।,সে তার মা জুমে গেল
𑄃𑄪𑄟𑄧𑄋𑄴 𑄃 𑄌𑄨𑄟𑄧𑄋𑄴 𑄖-𑄟 𑄇𑄧𑄙 𑄚𑄧 𑄥𑄪𑄚𑄨𑄚𑄬𑄃𑄨 𑄍𑄧𑄢𑄖𑄴 𑄉𑄬𑄣𑄇𑄴 ।,.ওই ছোট তার মা কথা না শুনে দৌা গেল
𑄃𑄪𑄟𑄧𑄋𑄬 𑄛𑄚𑄨𑄖𑄴 𑄚𑄟𑄨𑄚𑄬𑄃𑄨 𑄗𑄧𑄇𑄴 𑄚𑄧 𑄛𑄬𑄃𑄨 𑄉𑄧𑄋𑄢𑄴 𑄛𑄚𑄨𑄖𑄴 𑄞𑄎𑄨 𑄡 𑄙𑄧𑄢𑄴𑄣𑄧 ।,উপরে পানিতে নামতে না পেরে নদীর পানিতে ডুবে গেল
𑄌𑄨𑄟𑄧𑄋𑄴 𑄇𑄨𑄎𑄬𑄇𑄴𑄇𑄢𑄨 𑄖-𑄟𑄪𑄎𑄨𑄢𑄬 𑄓𑄉 𑄙𑄧𑄢𑄴𑄣𑄧 ।,ছোট কিচিরমিচিরি তার মাথা টোকা দিল
𑄖-𑄟𑄪𑄎𑄨 𑄌𑄨𑄟𑄧𑄋𑄧 𑄢𑄧 𑄥𑄪𑄚𑄨𑄚𑄬𑄃𑄨 𑄙𑄝 𑄘𑄨𑄘𑄨 𑄃𑄬𑄣𑄧 ।,তার মা ছোট করে কথা শুনে দৌে আসলো
𑄖-𑄟𑄪𑄎𑄨 𑄃𑄪𑄟𑄧𑄋𑄧𑄢𑄬 𑄛𑄚𑄨𑄖𑄴𑄖𑄪𑄚𑄴 𑄖𑄚𑄨 𑄖𑄪𑄣𑄨𑄣𑄧 ।,.তার মা বাচ্চাটাকে পানি থেকে তুলে নিল।
"𑄖-𑄟𑄪𑄎𑄨 𑄇𑄧𑄣𑄧; ""𑄛𑄚𑄨 𑄝𑄢𑄨𑄣𑄬 𑄍𑄧𑄢𑄴𑄖𑄴 𑄡𑄚 𑄉𑄧𑄟𑄴 𑄚𑄧𑄠𑄴 ।","তার মা বলল, পানি বারিে ছানো ভালো না"
𑄟𑄬𑄊𑄪𑄣𑄴𑄦𑄧 𑄘𑄬𑄝,মেঘে ঢাকা আকাশ
𑄢𑄧𑄎𑄬𑄠𑄬 : 𑄥𑄪𑄟𑄴𑄇𑄨 𑄥𑄋𑄴𑄟,"রগচটা, রগচটা"
𑄛𑄧𑄢𑄚𑄨𑄢𑄴 𑄜𑄪𑄣𑄧𑄢𑄴 𑄝𑄉𑄚𑄴,এক জাতী ফুল
𑄃𑄨𑄠𑄬𑄚𑄴 𑄟𑄨𑄖𑄢𑄴 𑄛𑄧𑄢𑄚𑄨𑄢𑄴 𑄜𑄪𑄣𑄧 𑄝𑄉𑄚𑄴 ।,একটি মেে পা ফুলের বাগান
"𑄞𑄉𑄚𑄧𑄖𑄴 𑄥𑄧𑄘𑄧𑄢𑄧𑄇𑄴, 𑄥𑄪𑄡𑄳𑄠𑄧𑄟𑄪𑄉𑄨, 𑄎𑄧𑄝 𑄜𑄪𑄣𑄴 𑄜𑄪𑄖𑄴𑄖𑄮𑄚𑄴 ।","ভাগনে আতর,সুগন্ধি ফুল ফোটে"
"𑄥𑄧𑄘𑄧𑄢𑄧𑄇𑄴 𑄜𑄪𑄣𑄴𑄣𑄮 𑄛𑄧𑄢𑄚𑄨𑄢𑄬 𑄇𑄧𑄣𑄧, 𑄉𑄧𑄟𑄴 𑄃𑄉𑄧𑄌𑄴 ?",".সাবানের ফোটা পাটাকে বল, ভালো আছো?"
"𑄥𑄪𑄡𑄳𑄠𑄧𑄟𑄪𑄉𑄨 𑄇𑄧𑄣𑄧, 𑄛𑄧𑄢𑄚𑄨 𑄖𑄧𑄢𑄬 𑄃𑄬𑄌𑄴𑄌𑄳𑄠𑄬𑄎𑄧𑄘𑄧𑄝𑄧𑄘𑄬 𑄘𑄮𑄣𑄴 𑄣𑄉𑄬𑄢𑄴 ।","সুামুি কল, তোমাকে অনেক সুন্দর লাগে"
"𑄛𑄧𑄢𑄚𑄨 𑄇𑄧𑄣𑄧, 𑄟𑄪𑄃𑄨 𑄃𑄨𑄌𑄴𑄌𑄳𑄠𑄬 𑄥𑄮𑄇𑄴𑄥𑄮𑄇𑄳𑄠𑄬 𑄇𑄝𑄧𑄢𑄴 𑄃𑄪𑄌𑄴𑄎𑄮𑄋𑄴 ।","পিা কল,আমি তো জিন্সের পোশাক পেছি"
"𑄦𑄎𑄨𑄚𑄬𑄃𑄨 𑄎𑄧𑄝 𑄜𑄪𑄣𑄴𑄣𑄧 𑄇𑄧𑄣𑄧, 𑄖𑄪𑄃𑄨 𑄃𑄨𑄥𑄴𑄇𑄪𑄣𑄧𑄖𑄴 𑄡𑄬𑄝𑄬 ?","হাসিখুসি জবা ফুল কল, তুমি স্কুলে যাবে?"
"𑄛𑄧𑄢𑄚𑄨 𑄎𑄧𑄝 𑄜𑄪𑄣𑄴𑄣𑄧𑄢𑄬 𑄌𑄪𑄟𑄨𑄚𑄬𑄃𑄨 𑄇𑄧𑄣𑄧, 𑄡𑄬𑄟𑄴 ।",পিা ফুলকে শুকিে কল দিবো
"𑄛𑄧𑄢𑄚𑄨𑄢𑄴 𑄦𑄘𑄧𑄖𑄴 𑄙𑄧𑄢𑄨 𑄃𑄥𑄧𑄘𑄧𑄢𑄧𑄇𑄴, 𑄥𑄪𑄡𑄳𑄠𑄟𑄨𑄉𑄨 𑄜𑄪𑄣𑄪𑄚𑄬 𑄃𑄨𑄥𑄴𑄇𑄪𑄣𑄧𑄖𑄴 𑄡𑄘𑄧𑄚𑄴 ।","পুা হাত ধরে আছে,সুগন্ধি ফুলগুলো স্কুলে যাচ্ছে"
𑄛𑄧𑄢𑄖𑄴𑄖𑄪𑄚𑄴 𑄎𑄚𑄨 𑄣𑄧𑄃𑄨,পা থেকে বের হওা
𑄟𑄘𑄬𑄃𑄨 𑄃𑄳𑄦 𑄃𑄟𑄧𑄚𑄴 𑄝𑄧𑄠𑄧𑄌𑄴 / 𑄝𑄧𑄌𑄴 𑄌𑄧𑄠𑄴 𑄇𑄧𑄃𑄨,আমি ব হবো/ব হবো
𑄃𑄬𑄌𑄳𑄠𑄬 𑄥𑄪𑄇𑄴𑄇𑄧𑄢𑄴 𑄝𑄢𑄴।,এক জাতী বুনো ফল
𑄃𑄨𑄇𑄴𑄇𑄪𑄣𑄧𑄢𑄴 /𑄃𑄨𑄥𑄴𑄇𑄪𑄣𑄧𑄢𑄴 𑄝𑄧𑄚𑄴𑄘𑄧 𑄘𑄨𑄚𑄴।,স্কুল/ ক্লাস ফাকি দো
𑄥𑄧𑄚 𑄃 𑄃𑄧𑄎𑄧𑄚𑄬 𑄝𑄉𑄚𑄧𑄖𑄴 𑄇𑄟𑄴 𑄉𑄧𑄖𑄴 𑄖𑄧𑄚𑄴 / 𑄉𑄧𑄢𑄴 𑄖𑄧𑄚𑄴।,.সনাা আর দুইজনে বাগানে কাজ করছে।
𑄝𑄉𑄚𑄧𑄢𑄴 𑄃𑄬𑄇𑄴𑄙𑄉𑄧𑄖𑄴 / 𑄃𑄬𑄇𑄴𑄇𑄬𑄖𑄳𑄠 𑄜𑄪𑄣𑄴𑄉𑄌𑄴 𑄣𑄉𑄬𑄠𑄧𑄚𑄴।,বাগানের এক পাশে/একত্রে ফুল লাগে
𑄃𑄢𑄧 𑄃𑄬𑄇𑄴𑄘𑄉𑄬𑄚𑄴𑄘𑄨 / 𑄃𑄬𑄇𑄴𑄇𑄬𑄖𑄳𑄠𑄚𑄴𑄘𑄨 𑄚 𑄚 𑄝𑄝𑄧𑄘𑄧𑄢𑄴 𑄥𑄇𑄴𑄛𑄖𑄴 / 𑄣𑄘𑄛𑄘।,"আরও একবার,আরেকবার না না বলার সম /লম্বা"
𑄖𑄢 𑄘𑄨𑄚𑄴𑄛𑄧𑄖𑄴𑄖𑄨 𑄝𑄉𑄚𑄧𑄢𑄴 𑄉𑄌𑄴𑄌𑄪𑄚𑄧𑄖𑄴 𑄛𑄚𑄨 𑄘𑄮𑄚𑄴।,তারা প্রতিদিন বাগানে পানি দে
𑄖𑄢 𑄝𑄧𑄢𑄧𑄋𑄝𑄮𑄃𑄨 𑄖𑄢 𑄝𑄉𑄚𑄚𑄴 𑄌𑄬𑄝𑄖𑄳𑄠𑄃𑄨 𑄃𑄬𑄥𑄳𑄠𑄬।,তারা বাইে তাদের বাগানটা চেে আসছে
𑄖𑄢 𑄝𑄬𑄇𑄴 𑄝𑄉𑄚𑄚𑄴 𑄊𑄪𑄢𑄬𑄃𑄨 𑄊𑄪𑄢𑄬𑄃𑄨 𑄘𑄬𑄊𑄬𑄣𑄇𑄴।,তারা সব বাগান ঘুরে ঘুরে দেখতেছে
𑄝𑄉𑄚𑄚𑄴 𑄘𑄬𑄃𑄨𑄚𑄬𑄃𑄨 𑄖𑄢 𑄝𑄧𑄢𑄧𑄋𑄝𑄱 𑄞𑄢𑄨 𑄈𑄪𑄎𑄨 𑄦𑄧𑄣𑄧।,বাগানটা দিে তাদের বরঙটা অনেক খুশি হলো
𑄖𑄬 𑄇𑄧𑄣𑄧 𑄖𑄧𑄟 𑄝𑄉𑄚𑄚𑄴 𑄞𑄢𑄨 𑄘𑄮𑄣𑄴।,সে তোমাদের বািটা খুব সুন্দর
𑄖𑄢𑄠𑄮 𑄇𑄧𑄣𑄇𑄴 - 𑄝𑄬𑄝𑄬𑄃𑄨 / 𑄚𑄚𑄪 𑄖𑄪𑄃𑄨𑄠𑄮 𑄞𑄢𑄨 𑄘𑄮𑄣𑄴।,তাদের কলা/বোই/নানু তুমিও অনেক সুন্দর
𑄃𑄟𑄨 𑄖𑄧𑄢𑄬 𑄃𑄧𑄟𑄧𑄇𑄧𑄘𑄧𑄉𑄧𑄢𑄨 𑄇𑄮𑄌𑄴 𑄛𑄬𑄃𑄨।,আমি তোমাকে অনেক ভালোবাসি
- : 𑄇𑄱𑄌𑄴 𑄉𑄧𑄢𑄚𑄨 : -,কোকড়ানো - কোকড়ানো
𑄇. 𑄥𑄧𑄚 𑄃𑄳𑄦 𑄃𑄧𑄎𑄧𑄚𑄬 𑄇𑄧𑄚𑄴𑄝𑄢𑄬 𑄝𑄉𑄚𑄧𑄖𑄴 𑄇𑄟𑄴 𑄉𑄧𑄢𑄧𑄚𑄴?,"কে,সনা আর কে বাগানে কাজ করে?"
𑄈. 𑄝𑄉𑄚𑄧𑄖𑄴 𑄇𑄨 𑄇𑄨 𑄉𑄌𑄴 𑄣𑄉𑄬𑄠𑄮𑄚𑄴?,"খা, বাগানে কি কি গাছ লাগে?"
𑄉. 𑄖𑄢 𑄝𑄧𑄢𑄧𑄋𑄝𑄮𑄃𑄨 𑄇𑄨𑄖𑄳𑄠𑄃𑄨 𑄈𑄪𑄎𑄨 𑄦𑄪𑄠𑄬?,গা.তারা বরঙাটা কি খুঁজতে গেছে?
𑄊. 𑄖𑄪𑄃𑄨 𑄖𑄧 𑄝𑄉𑄚𑄧𑄖𑄴 𑄇𑄨 𑄇𑄨 𑄉𑄌𑄴 𑄣𑄉𑄬𑄝𑄬?,"ঘা, তোমার বাগানে কি কি গাছ লাগবে?"
𑄸. 𑄊𑄧𑄢𑄧𑄖𑄴𑄖𑄪𑄚𑄴 𑄥𑄧𑄝𑄴𑄘𑄧 𑄣𑄮𑄃𑄨 𑄚𑄬𑄃𑄨 𑄍𑄧𑄝𑄨𑄢𑄴 𑄖𑄧𑄣𑄬𑄘𑄨 𑄣𑄨𑄊𑄨।,২. বাি থেকে সাবান বের হে গেছে
.. ... 𑄛𑄘 - 𑄸,. পাতা - ২
𑄹.𑄍𑄧𑄝𑄨 𑄌𑄬𑄃𑄨।,ছবি দেখে
𑄃𑄪𑄉𑄪𑄘𑄧 𑄎𑄝𑄘 𑄦𑄧𑄢𑄧𑄇𑄴𑄇𑄪𑄚𑄧𑄖𑄪𑄚𑄴 𑄥𑄧𑄝𑄴𑄘𑄧 𑄝𑄚𑄬𑄃𑄨।,.উপরের জাগাটা নতুন সাবান তৈরি করে
𑄣𑄨𑄊𑄨 𑄃𑄳𑄦𑄳𑄦𑄳𑄦𑄳𑄦𑄳𑄦𑄳𑄦𑄳𑄦𑄳𑄦𑄳𑄦𑄳𑄦 𑄟𑄙𑄬𑄃𑄨।,লেলিে যাওার শব্দ
𑄉𑄎𑄧 𑄍𑄧𑄝𑄨𑄨 𑄦𑄧𑄝𑄧 𑄌𑄴 𑄉 𑄉𑄌𑄴,গাছের ছবি দিে এক জাতী গাছ হবে
𑄝𑄉𑄚𑄧 𑄍𑄧𑄝𑄨 𑄦𑄧𑄝𑄧 𑄉 𑄚𑄴 𑄝 ... ...,বাগানের ছবি হবে গাছটা
𑄝𑄧𑄢𑄧𑄋𑄢𑄴 𑄍𑄧𑄝𑄨 𑄦𑄧𑄝𑄧 𑄢𑄧 𑄋 𑄝𑄧 . . ....,ব্রণযুক্ত ছবি হবে ছবিটা
𑄣𑄬𑄘𑄛𑄘 𑄍𑄧𑄝𑄨 𑄛 𑄇𑄴 𑄖𑄴 𑄥 . .... ... ..,.লম্বা ছবি পাে কেকটা তাাতাি করে
𑄈𑄣𑄳𑄠 𑄊𑄧𑄢𑄧𑄖𑄴 𑄥𑄧𑄝𑄴𑄘𑄧 𑄝𑄧𑄏𑄬𑄙𑄨 𑄚𑄬𑄃𑄨 𑄇𑄧𑄙 𑄝𑄚𑄬𑄃𑄨।,.খাওা বািতে সবসম কথা বলে না
[ 𑄘𑄮𑄣𑄴।,সুন্দর
𑄘𑄨𑄚𑄴𑄟𑄉𑄬𑄚𑄬𑄃𑄨।,সারাদিন
𑄇. 𑄟𑄪𑄃𑄨 .. .. .. .. .. 𑄘𑄖𑄴𑄖𑄪𑄚𑄴 𑄙𑄧𑄋𑄴 / 𑄙𑄧𑄣𑄧𑄋𑄴।,কাপের মাথা ব ব দাঁত
𑄈 . 𑄖𑄢𑄴 𑄍𑄧𑄝𑄨 𑄃𑄉𑄚 𑄃𑄧𑄟𑄧𑄇𑄧𑄘𑄧 . . . . . . . . 𑄦𑄪𑄠𑄬।,খাওার পর তার ছবি আঁকা অনেক বেশি .
𑄉. 𑄟𑄧𑄢𑄬 𑄘𑄬𑄊𑄨𑄚𑄬𑄃𑄨 𑄃𑄎𑄪 𑄃𑄧𑄟𑄧𑄖𑄧𑄘𑄧 .. .. .. .. .. 𑄦𑄪𑄠𑄬।,"গা,আমাকে দেখতে দেখতে আমার খুব খারাপ হেছে"
𑄊. .. .. .. .. .. .. .. .. .. .. .. 𑄃𑄨𑄥𑄴𑄇𑄪𑄣𑄴 𑄝𑄧𑄚𑄴𑄘𑄧।,.গবাদিপশু.গবাদিপশু
𑄛𑄘 - 𑄹,পাতা - ৩
𑄻 . 𑄍𑄧𑄝𑄨𑄠𑄪𑄚𑄧𑄢𑄴 𑄖𑄧𑄣𑄬𑄘𑄨 𑄇𑄧𑄙𑄚𑄨 𑄟𑄘𑄬𑄃𑄨।,ছবি গুলো নিচ থেকে কথা বলে
𑄟𑄨𑄣𑄬𑄢𑄴 𑄎𑄣 𑄣𑄉𑄚 𑄍𑄧𑄝𑄨।,মেের জ্বালা লাগা ছবি
𑄦𑄬𑄭𑄣𑄴 𑄙𑄚𑄴 𑄞𑄪𑄃𑄨 𑄍𑄨𑄉𑄮𑄚𑄴 𑄟𑄨𑄣𑄬 𑄟𑄧𑄢𑄧𑄘𑄬,ধানের ক্ষেতের মধ্যে এক মহিলা মারা গেছে
𑄙𑄚𑄴 𑄞𑄪𑄃𑄨𑄠𑄮 𑄇𑄬𑄭𑄖𑄴 𑄌𑄬𑄃𑄨 𑄃𑄊𑄧𑄚𑄴।,ধান ক্ষেতের দিকে তাকিে আছে
[ 𑄟𑄨𑄣𑄬 𑄠𑄪𑄚𑄬 𑄎𑄣 𑄣𑄉𑄘𑄧𑄚𑄴।,মেে-গুলো জালা লাগাচ্ছে
𑄙𑄚𑄴 𑄞𑄪𑄃𑄨𑄠𑄚𑄴 𑄦𑄬𑄭𑄣𑄴𑄉𑄧𑄢𑄨 𑄘𑄬𑄊 𑄡𑄠𑄴।,ধান ক্ষেতটা লাঙ্গল দিে দেখা যা
𑄼 . 𑄍𑄧𑄝𑄨 𑄌𑄬𑄃𑄨 𑄃𑄳𑄦 𑄇𑄧𑄙 𑄣𑄨𑄊𑄨।,ছবি দেখে কথা বলি
[ 𑄛𑄉𑄚 𑄙𑄚𑄧 𑄈𑄬𑄖𑄴 𑄇𑄝𑄚𑄢𑄴 𑄘𑄨𑄢𑄨𑄥𑄮।,. পাকা ধান খেত কাটাচ্ছো
𑄙𑄚𑄧𑄖𑄢 𑄝𑄮𑄃𑄨 𑄚𑄬𑄎𑄘𑄧𑄚।,ধান শুকানো
𑄍𑄨𑄉𑄮𑄚𑄴𑄉𑄪 𑄇𑄪𑄢𑄬 𑄘𑄨 𑄎𑄧𑄚𑄴 𑄍𑄨𑄉𑄮𑄚𑄴 𑄉𑄪𑄢𑄮 𑄌𑄬𑄃𑄨 𑄃𑄊𑄧𑄚𑄴।,.বাচ্চাটির পাশে দুই লোক বসে আছে।
- 𑄉𑄪𑄢𑄮𑄝𑄮 𑄘𑄪𑄢𑄧𑄖𑄴𑄖𑄪𑄚𑄴 𑄌𑄬𑄃𑄨,বাচ্চাটা দূর থেকে দেখে
𑄃𑄊𑄬।,১. আছে ২. আছে
],"১. (চুলের) স্টাইল, স্টাইল ২. (চুলের) স্টাইল"
.. .. .. .. .. .. .. .. .. .. .. .. ... .. .. .. .. .. .. .. .. .. .. .. .. .. .. .. .. .. .. .. ..,".পিঁপা,পিঁপা,পিঁপা,পিঁপা"
.... .. .. .. .. .. .. .. .. .. .. .. .. .. .. .. .. .. .. .. .. .. .. .. .. .. .. .. .. .. .. .. .. .. .. .. .. . . .. .. ... ... ... ... ... .. .. .. .. .. .. .. .. .. .. .. .. .. .. .. .. .. .. .. .. .. .. .. .. ..,".পিঁপে,পিঁপে,পিঁপে,পিঁপে"
𑄛𑄘 -𑄺,১. পাতা- ৪. পাতা
𑄚𑄚 𑄢𑄧𑄋𑄧𑄢𑄴 𑄜𑄪𑄣𑄴 𑄃𑄳𑄦 𑄉𑄪𑄣𑄧𑄉𑄪𑄣𑄨,নানা রঙের ফুল
"𑄃𑄟 𑄘𑄬𑄌𑄴𑄌𑄚𑄴 𑄦𑄧𑄣𑄧𑄘𑄬 𑄜𑄪𑄣𑄧𑄢𑄴 𑄘𑄬𑄌𑄴, 𑄉𑄪𑄣𑄧𑄉𑄪𑄣𑄨𑄢𑄴𑄘𑄬𑄌𑄴।","আমাদের দেশটা হলো ফুলের দো, গুলতি"
𑄚𑄚 𑄢𑄧𑄋𑄧𑄢𑄴 𑄃𑄳𑄦 𑄚 𑄚 𑄝𑄝𑄧𑄘𑄧𑄢𑄴 𑄜𑄪𑄣𑄴 𑄃𑄳𑄦 𑄉𑄪𑄣𑄧𑄉𑄪𑄣𑄨 𑄉𑄧𑄘 𑄝𑄧𑄏𑄧𑄢𑄧𑄖𑄴 𑄘𑄬𑄊 𑄡𑄠𑄴।,"নানা রঙের, নানা রঙের ফুলগুলো পুরো বছর দেখা যা"
𑄉𑄧𑄣𑄇𑄴/𑄉𑄧𑄣𑄛𑄴 𑄜𑄪𑄣𑄪𑄚𑄴 𑄥𑄪𑄘𑄨𑄚𑄴 𑄝𑄢𑄧 𑄟𑄌𑄴 𑄛 𑄡𑄠𑄴 ।,গলাক/গলাক ফুল দিে নববর্ষের বার মাছ পাওা যা
"𑄢𑄋, 𑄙𑄪𑄝𑄴, 𑄦𑄧𑄣𑄧𑄘𑄳𑄠 𑄚 𑄚 𑄝𑄝𑄧𑄘𑄧𑄢𑄴 𑄢𑄧𑄋𑄴।","লাল, ধুুা, হলো না না বাির রং"
𑄃𑄬 𑄜𑄪𑄣𑄪𑄚𑄧𑄖𑄴𑄖𑄪𑄚𑄴 𑄖𑄪𑄟𑄴𑄝𑄌𑄴 𑄚𑄨𑄉𑄨𑄣𑄬।,এই ফুল থেকে সুগন্ধ বের হ
"𑄢𑄧𑄇𑄴 𑄖𑄧𑄎𑄧𑄝, 𑄇𑄨𑄥𑄴 𑄚𑄧𑄌𑄪𑄢, 𑄥𑄨𑄟𑄬𑄃𑄨𑄜𑄪𑄣𑄴 𑄃𑄳𑄦 𑄟𑄘𑄣𑄴𑄜𑄪𑄣𑄪𑄚𑄴 𑄘𑄮𑄇𑄴𑄘𑄮𑄇𑄳𑄠 𑄢𑄋𑄉𑄧𑄢𑄨 𑄜𑄪𑄘𑄧𑄚𑄴।","রগচটা,কিস নচা,সিমের ফুল প্রভৃতির চোখগুলো লাল হছে"
𑄃𑄨𑄉𑄪𑄚𑄴 𑄘𑄬𑄇𑄴𑄈𑄬 𑄘𑄮𑄣𑄴 𑄦𑄧 𑄣𑄬𑄠𑄮 𑄖𑄪𑄟𑄴𑄝𑄌𑄴 𑄚𑄬𑄃𑄨।,এগুলো দেখতে সুন্দর হলেও সুগন্ধ নেই
"𑄉𑄧𑄚𑄴 𑄙𑄧𑄢𑄎𑄴, 𑄥𑄬𑄜𑄣𑄨 𑄥𑄮𑄚𑄴𑄘𑄳𑄠𑄟𑄣𑄧𑄖𑄨, 𑄢𑄬𑄝𑄬𑄇𑄴, 𑄚𑄇𑄴 𑄥, 𑄞𑄪𑄎𑄪𑄝𑄧𑄜𑄪𑄣𑄴 𑄃𑄳𑄦 𑄢𑄧𑄎𑄧𑄚𑄨𑄉𑄧𑄚𑄴 𑄙 𑄖𑄪𑄟𑄴𑄝𑄌𑄴 𑄉𑄧𑄢𑄨 𑄜𑄪𑄘𑄧𑄚𑄴 ।",".গর্তে ধরা, সেফালি সুতা,রেবেক,ভুজুব ফুল প্রভৃতির সুগন্ধি করে ফোটাচ্ছে।"
"𑄃𑄬 𑄝𑄘𑄬𑄠𑄧 𑄇𑄬𑄥𑄳𑄠𑄜𑄪𑄣𑄴, 𑄖𑄮𑄢𑄬𑄋𑄴𑄜𑄪𑄣𑄴/ 𑄖𑄧𑄢𑄨𑄋𑄴𑄜𑄪𑄣𑄴, 𑄇𑄖𑄴𑄖𑄧𑄘𑄧𑄉𑄧𑄢𑄴 𑄃 𑄛𑄬𑄟 𑄜𑄪𑄣𑄪𑄚𑄧 𑄙𑄪𑄝𑄴𑄉𑄧𑄢𑄨 𑄜𑄪𑄘𑄧𑄚𑄴 ।",".এই বাদে কেশফুল,তরকারি ফুল,কাঁকা ফুল,কাঁকা ফুলগুলো ব হেছে"
𑄉𑄧𑄘𑄧𑄢𑄧𑄇𑄴 𑄃𑄳𑄦 𑄥𑄪𑄢𑄴𑄎𑄧𑄟𑄪𑄉𑄨 𑄜𑄪𑄣𑄧𑄢𑄴 𑄢𑄧𑄋𑄴 𑄦𑄧𑄣𑄧𑄘𑄳𑄠।,গরগর শব্দ করে ফুলটা ফুটে গেল
𑄇𑄣𑄨𑄇𑄴 𑄥𑄧𑄘𑄧𑄢𑄧𑄇𑄴𑄜𑄪𑄣𑄴 𑄇𑄣𑄧𑄥𑄳𑄠 𑄝𑄨𑄚𑄨 𑄝𑄨𑄚𑄨𑄠𑄮 𑄃𑄊𑄧𑄚𑄴।,এক জাতী বুনো ফল যা সবজি হিসেবে ব্যবহৃত হ
"𑄇𑄧𑄣𑄛𑄬𑄣𑄴 𑄜𑄪𑄣𑄴 𑄢𑄋, 𑄦𑄧𑄣𑄧𑄘𑄳𑄠 𑄃𑄳𑄦 𑄝𑄨𑄚𑄨 𑄝𑄨𑄚𑄨𑄉𑄧𑄢𑄨 𑄖𑄨𑄚𑄴 𑄝𑄝𑄧𑄘𑄧𑄢𑄴 𑄘𑄬𑄊 𑄡𑄠𑄴।","কলাপেল ফুল লাল,হওা আর বিে বিে তিন বার দেখা যা"
𑄢𑄘𑄌𑄪𑄣𑄧 𑄜𑄪𑄣𑄧𑄢𑄴 𑄢𑄧𑄋𑄚𑄨 𑄇𑄣𑄧𑄥𑄳𑄠 𑄢𑄋।,সাদা চুলের ফুলের রংগুলো কালো
𑄌𑄪𑄟𑄧 𑄜𑄪𑄣𑄪𑄚𑄴 𑄝𑄨𑄉𑄪𑄚𑄨 𑄢𑄧𑄋𑄧𑄢𑄴।,চূা ফুলের রং
𑄌𑄘𑄬 𑄞𑄢𑄨 𑄘𑄮𑄣𑄴।,চাঁদটা খুব সুন্দর
𑄃𑄬 𑄘𑄬𑄏𑄧𑄢𑄴 𑄝𑄨𑄣𑄧𑄖𑄴 𑄔𑄬𑄝𑄖𑄴 𑄥𑄧𑄠𑄴𑄥𑄉𑄧𑄢𑄴/ 𑄌𑄧𑄠𑄴𑄥𑄉𑄧𑄢𑄴 𑄉𑄧𑄢𑄨 𑄥𑄛𑄴𑄣 𑄃𑄳𑄦 𑄛𑄧𑄘𑄴𑄘𑄧 𑄜𑄪𑄣𑄴 𑄜𑄪𑄘𑄧𑄚𑄴।,.এই দেশের বিলে ঢেঁা দিে অনেক ফুল ফোটে
"𑄙𑄪𑄝𑄴, 𑄢𑄋 𑄃𑄳𑄦 𑄚𑄨𑄣𑄴 / 𑄥𑄮𑄌𑄴 𑄢𑄧𑄋𑄧𑄢𑄴।","ধুধুুু, লাল, নীল রঙের"
𑄌𑄋𑄴 𑄟/𑄌𑄇𑄴𑄟𑄠𑄪𑄚𑄬 𑄥𑄛𑄴𑄣 𑄜𑄪𑄣𑄧𑄢𑄬 𑄍𑄨𑄉𑄮𑄚𑄴 𑄛𑄧𑄘𑄴𑄘𑄧 𑄇𑄧𑄚𑄴।,চাং মাা/চাংমাা ফুলকে ছোট বলে
𑄃𑄟 𑄜𑄪𑄣𑄪𑄚𑄧𑄢𑄴 𑄢𑄧𑄋𑄚𑄨 𑄚𑄚 𑄝𑄝𑄧𑄖𑄳𑄠 𑄦𑄧𑄣𑄬𑄠𑄮 𑄝𑄬𑄇𑄴 𑄜𑄪𑄣𑄴 𑄉𑄌𑄴𑄌𑄪𑄚𑄧𑄢𑄴 𑄛𑄘𑄚𑄨 𑄦𑄬𑄣𑄴।,আমাদের ফুলগুলো বিভিন্ন রঙের হলেও সব ফুলগুলো সবুজ
𑄝𑄬𑄇𑄴 𑄜𑄪𑄣𑄪𑄚𑄴 𑄌𑄘𑄬 𑄞𑄢𑄨 𑄘𑄮𑄣𑄴।,সব ফুলগুলো সুন্দর
𑄃𑄬 𑄘𑄬𑄏𑄧𑄖𑄴 𑄚𑄚 𑄝𑄝𑄧𑄖𑄳𑄠 𑄉𑄪𑄣𑄧𑄉𑄪𑄣𑄨 𑄛 𑄡𑄠𑄴।,এই দেশে অনেক ব ব জিনিস পাওা যা
"𑄇𑄧𑄣, 𑄇𑄖𑄴𑄇𑄮𑄣𑄴 𑄃𑄳𑄦 𑄃𑄚𑄥𑄴 𑄥𑄧𑄠𑄴𑄥𑄉𑄧𑄢𑄴 / 𑄌𑄧𑄠𑄴𑄥𑄉𑄧𑄢𑄴𑄉𑄧𑄢𑄨 𑄛 𑄡𑄠𑄴।","কলা,কাঁকা ও আনোা আনোা/চা করা যা"
"𑄃𑄬 𑄝𑄘𑄬𑄠𑄮 𑄃𑄟𑄴, 𑄎𑄟𑄴, 𑄉𑄮𑄠𑄬𑄟𑄴, 𑄓𑄣𑄧𑄟𑄴, 𑄇𑄧𑄉𑄬𑄠𑄬, 𑄖𑄧𑄢𑄴𑄟𑄪𑄌𑄴, 𑄣𑄨𑄌𑄪𑄠𑄮 𑄥𑄉𑄧𑄢𑄴𑄉𑄧𑄢𑄨 𑄛𑄬𑄃𑄨।",".এ বাদেও আম,জাম,গুো,লব,লব,লব,লব,লব,লব,লব,লব"
"𑄇𑄧𑄟𑄧𑄣, 𑄇𑄉𑄧𑄎𑄨, 𑄇𑄧𑄢𑄧𑄋, 𑄇𑄧𑄚𑄴𑄘𑄣𑄴 𑄃𑄟𑄢𑄴 𑄌𑄨𑄚𑄬𑄎𑄚 𑄉𑄪𑄣𑄧𑄉𑄪𑄣𑄨।","কমলা, কাগজি, কলা, কলা আমার চিনতে পারা গুলতি"
𑄚𑄢𑄨𑄇𑄪𑄣𑄴 𑄉𑄏𑄧𑄖𑄴 𑄗𑄪𑄝𑄴 𑄗𑄪𑄝𑄴 𑄉𑄧𑄢𑄨 𑄓𑄝𑄴 𑄙𑄧𑄢𑄧𑄚𑄴।,.নািভুি গাছে থোকা থোকা করে পানি পে
𑄊𑄧𑄢𑄧𑄖𑄴 𑄣𑄦𑄬𑄠𑄬 𑄉𑄪𑄣𑄧𑄉𑄪𑄣𑄨 𑄝𑄘𑄬𑄠𑄮 𑄃𑄟𑄨 𑄏𑄢𑄧𑄖𑄴 𑄖𑄪𑄚𑄴 𑄚 𑄚 𑄝𑄝𑄧𑄖𑄳𑄠 𑄉𑄪𑄣𑄧𑄉𑄪𑄣𑄨 𑄛𑄬𑄃𑄨।,বািতে যাওার সম গুলতি বাদেও আমরা জঙ্গলে গুলতি পেেছি
"𑄇𑄪𑄥𑄪𑄟𑄴𑄉𑄪𑄣𑄧 , 𑄇𑄮𑄉𑄪𑄣𑄧, 𑄚𑄧 𑄣𑄟𑄴 , 𑄢𑄧𑄉𑄧𑄌𑄴 𑄇𑄮, 𑄥𑄮𑄢𑄴𑄝𑄬𑄇𑄴 𑄉𑄪𑄣𑄧, 𑄌𑄟𑄨𑄚𑄨𑄉𑄪𑄣𑄧, 𑄛𑄨𑄣𑄬𑄉𑄪𑄣𑄧 𑄠𑄪𑄚𑄴 𑄏𑄢𑄧𑄖𑄴 𑄛 𑄡𑄠𑄴।",". কুসুমগুল,কোমগুল,রগ গুল,চামাগুল,পিঁপাগুল,পালিে যাওা যা"
"𑄟𑄣𑄳𑄠𑄬𑄋𑄴, 𑄥𑄇𑄴 𑄇𑄧𑄢, 𑄉𑄧𑄢𑄬𑄇𑄴 𑄚𑄢𑄬𑄇𑄪𑄣𑄴/ 𑄉𑄧𑄢𑄬𑄋𑄴 𑄚𑄢𑄬𑄇𑄪𑄣𑄴 𑄃𑄨𑄉𑄪𑄚𑄴 𑄏𑄢𑄧 𑄉𑄪𑄣𑄧𑄉𑄪𑄣𑄨।","মালা,সাক করা, করে নাাচা, করে নাাচা"
"𑄇𑄎 𑄣𑄧𑄇𑄴𑄇𑄬 𑄃𑄟𑄴, 𑄇𑄧𑄉𑄬𑄠𑄬, 𑄉𑄮𑄠𑄬𑄟𑄴, 𑄚𑄧𑄣𑄟𑄴 𑄉𑄪𑄣𑄧𑄠𑄪𑄚𑄴 𑄦𑄬𑄣𑄴 𑄘𑄬𑄊 𑄡𑄠𑄴।","কাঁচা কাঁচা আম,কেকটা গোা,গোা গুোগুলো সুন্দর দেখা যা"
𑄛𑄉𑄨𑄣𑄬 𑄃𑄨𑄉𑄪𑄚𑄴 𑄦𑄧𑄣𑄧𑄘𑄳𑄠 𑄃𑄳𑄦 𑄢𑄋𑄧𑄥𑄳𑄠 𑄉𑄧𑄢𑄨 𑄥𑄧𑄚𑄣𑄨 𑄢𑄧𑄋𑄧𑄢𑄴 𑄦𑄧𑄚𑄴।,.পেকে এইগুলো লাল হে সুন্দর হ
𑄛𑄉𑄚 𑄓𑄣𑄧𑄟𑄧𑄢𑄴 𑄌𑄨𑄉𑄮𑄚𑄴 𑄌𑄉𑄮𑄚𑄴 𑄘𑄚𑄠𑄪𑄚𑄴 / 𑄝𑄨𑄎𑄨𑄠𑄠𑄪𑄚𑄴 𑄢𑄋𑄉𑄧𑄢𑄨 𑄞𑄨𑄘𑄨𑄢𑄬 𑄗𑄚𑄴।,পাকা ডালের ছোট ছোট দানাগুলো/বিালগুলো লাল করে বসে থাকে
𑄖𑄧𑄢𑄴𑄟𑄮𑄌𑄴 𑄃𑄳𑄦 𑄢𑄧𑄉𑄮𑄌𑄴𑄇𑄮𑄠𑄪𑄚𑄴 𑄞𑄨𑄘𑄨𑄢𑄬 𑄘𑄮𑄇𑄴𑄘𑄮𑄇𑄳𑄠 𑄢𑄋।,.তরমুজ আর রগগুলো ভিতরে লাল
𑄛𑄉𑄚 𑄥𑄮𑄢𑄴 𑄝𑄬𑄇𑄴𑄉𑄪𑄣𑄧 𑄃𑄳𑄦 𑄚𑄧𑄣𑄟𑄧𑄢𑄴 𑄢𑄧𑄋𑄚𑄨𑄠𑄧 𑄢𑄋।,.পাতানো সাদা রঙের ফুলগুলো লাল
𑄇𑄪𑄥𑄪𑄟𑄴𑄉𑄪𑄣𑄧 𑄃𑄳𑄦 𑄇𑄮𑄉𑄪𑄣𑄧𑄠𑄪𑄚𑄴 𑄙𑄪𑄝𑄴।,. কুসুম কুসুম গরম
𑄇𑄣𑄨𑄇𑄴 𑄞𑄨𑄘𑄨𑄢𑄬 𑄇𑄧𑄎𑄠𑄪𑄚𑄴 𑄢𑄋𑄧𑄥𑄳𑄠।,কালির ভিতরে কজাগুলো রেছে
𑄛𑄉𑄚 𑄇𑄧𑄟𑄧𑄣 𑄝𑄢𑄬 𑄞𑄨𑄘𑄨𑄢𑄬 𑄇𑄧𑄟𑄧𑄣 𑄢𑄧𑄋𑄧𑄢𑄴 𑄦𑄧𑄚𑄴।,. পাকা কমলা বারে ভিতরে কমলা রঙের হ
"𑄃𑄟 𑄘𑄬𑄏𑄧𑄖𑄴 𑄏𑄢𑄬𑄎𑄧𑄋𑄧𑄣𑄬 𑄡𑄬 𑄉𑄪𑄪𑄣𑄧𑄉𑄪𑄣𑄨 𑄃𑄊𑄧𑄚𑄴 , 𑄥𑄨𑄉𑄪𑄚𑄴 𑄃𑄨𑄇𑄴𑄇𑄨𑄚𑄬 𑄝𑄉𑄚𑄧𑄖𑄴 𑄣𑄉𑄬𑄙𑄨𑄚𑄬 𑄌𑄌𑄴 𑄉𑄧𑄢𑄧𑄚𑄴।",আমাদের দেশে ঝগা করলে যে মুরগিগুলো থাকে সেগুলো এখন বাগানে চাষ করে
"𑄃𑄟 𑄉𑄪𑄣𑄧𑄉𑄪𑄣𑄨𑄠𑄪𑄚𑄴 𑄌𑄘𑄬 𑄎𑄳𑄠𑄬𑄚𑄴 𑄘𑄮𑄣𑄴, 𑄈𑄘𑄬𑄠𑄧 𑄞𑄢𑄨 𑄥𑄪𑄃𑄧𑄖𑄴 / 𑄥𑄮𑄖𑄴।","আমাদের গুলতিগুলো সুন্দর,খাওা অনেক সুস্বাদু"
𑄥𑄧𑄝𑄴𑄘𑄧𑄠𑄪𑄚𑄴 𑄛𑄧𑄢𑄖𑄴𑄖𑄪𑄚𑄴 𑄖𑄮𑄉𑄬𑄃𑄨 𑄚𑄨𑄉𑄨𑄣𑄬𑄃𑄨।,. সাবান থেকে পানি বের হে নিে গেলে
𑄟𑄚𑄬/ 𑄃𑄧𑄢𑄴𑄗𑄧 𑄇𑄧𑄃𑄨।,. মানে/অর্থ কোথা
𑄇𑄣𑄧𑄥𑄳𑄠 𑄣𑄧𑄇𑄴𑄇𑄬 𑄇𑄧𑄎𑄠𑄪𑄚𑄴 𑄢𑄋𑄧𑄥𑄳𑄠,এক জাতী বুনো ফল যা গাছে ধরে
𑄊𑄧𑄢𑄧 𑄞𑄨𑄘𑄨𑄢𑄬 𑄥𑄧𑄝𑄴𑄘𑄧𑄠𑄪𑄚𑄴 𑄈𑄣𑄳𑄠 𑄎𑄉𑄚𑄨 𑄝𑄧𑄏𑄬𑄙𑄨 𑄇𑄧𑄙/ 𑄞𑄌𑄴 𑄎𑄪𑄉𑄪𑄣𑄬𑄃𑄨।,বাির ভেতরের জাগাগুলো পরিষ্কার হেছে
𑄓𑄝𑄴 𑄦𑄬𑄣𑄴 𑄥𑄮𑄖𑄴 / 𑄥𑄮𑄘𑄴,এক জাতী সবুজ রঙের শাক
𑄇. 𑄗𑄪𑄝𑄴 𑄗𑄪𑄝𑄴𑄉𑄧𑄢𑄨 .. .. .. .. 𑄙𑄧𑄢𑄧𑄚𑄴।,কাপের কাপের টুকরো
𑄈. 𑄇𑄖𑄴𑄖𑄮𑄣𑄴 𑄛𑄉𑄚 𑄈𑄘𑄬 𑄞𑄢𑄨/𑄎𑄧𑄘𑄧𑄝𑄧𑄘𑄬 .. .. .. .. .. .. ।,"খা,কাঁকা পাকানোর কাজে বেশি/বেশি"
𑄉. 𑄃𑄟𑄴 𑄉𑄌𑄴𑄌𑄪𑄚𑄧𑄢𑄴 𑄛𑄘𑄚𑄨 .. .. .. .. .. 𑄉𑄧𑄢𑄨 𑄘𑄬𑄊 𑄡𑄠𑄴।,".গা,আম গাছের পাতা দিে দেখা যা"
𑄹. 𑄟𑄪𑄠𑄧𑄃𑄨 𑄟𑄪𑄠𑄧𑄃𑄨 𑄎𑄮𑄝𑄴 𑄇𑄧𑄃𑄨 𑄃𑄳𑄦 𑄣𑄨𑄊𑄨।,"৩,আমি আমি জোব বললাম"
𑄇. 𑄢𑄋 𑄢𑄧𑄋𑄧𑄢𑄴 𑄜𑄪𑄣𑄴 𑄇𑄪𑄉𑄪𑄚𑄴 𑄇𑄪𑄉𑄪𑄚𑄴?,কে. লাল রঙের ফুল কোথা গিেছে?
𑄈. 𑄚𑄇𑄴𑄥 𑄜𑄪𑄣𑄧𑄖𑄴 𑄖𑄪𑄚𑄴 𑄖𑄪𑄟𑄴 𑄝𑄌𑄴 𑄃𑄊𑄬𑄚𑄬 𑄚𑄬𑄃𑄨?,"খাও,নাকশা ফুলের সুগন্ধ আছে নাকি?"
𑄉. 𑄇𑄧𑄚𑄴 𑄇𑄧𑄚𑄴 𑄜𑄪𑄣𑄧𑄖𑄴 𑄖𑄪𑄚𑄴 𑄖𑄪𑄟𑄴𑄝𑄌𑄴 𑄚𑄬𑄃𑄨?,"গা,কোন কোন ফুলে সুগন্ধ আছে?"
𑄊. 𑄇𑄎 𑄣𑄧𑄇𑄴𑄇𑄬 𑄇𑄧𑄚𑄴 𑄉𑄪𑄣𑄧𑄉𑄪𑄣𑄨𑄠𑄪𑄚𑄴 𑄦𑄬𑄣𑄴 𑄘𑄬𑄊𑄬?,"ঘা, ময়লার মধ্যে কোন গুঁোগুলো সুন্দর দেখি?"
𑄋. 𑄞𑄨𑄘𑄨𑄢𑄬 𑄘𑄮𑄇𑄴𑄘𑄮𑄇𑄳𑄠 𑄢𑄋 𑄉𑄪𑄣𑄧𑄉𑄪𑄣𑄨 𑄇𑄪𑄉𑄪𑄚𑄴?,"ব,বেঁচে থাকা লাল গুলতিগুলো কী?"
𑄺. 𑄖𑄧𑄣𑄬𑄘𑄨 𑄊𑄧𑄢𑄚𑄨𑄖𑄴 𑄇𑄪𑄝𑄮 𑄇𑄨 𑄢𑄧𑄋𑄧𑄢𑄴 𑄜𑄪𑄣𑄴 𑄥𑄨𑄉𑄪𑄚𑄴 𑄣𑄨𑄊𑄨।,তলানিের বািে কে কি রঙের ফুল নিেছে
𑄢𑄧𑄇𑄴𑄖𑄧𑄎𑄧𑄝 - 𑄥𑄪𑄎𑄳𑄠𑄧𑄟𑄪𑄉𑄨 - 𑄥𑄨𑄟𑄬𑄃𑄨𑄜𑄪𑄣𑄴 - 𑄟𑄘𑄣𑄴𑄜𑄪𑄣𑄴,রক্তজবা -সুঁই ফুল - মাদালু
𑄇𑄬𑄥𑄳𑄠𑄜𑄪𑄣𑄴 - 𑄥𑄧𑄘𑄧𑄢𑄧𑄇𑄴 𑄜𑄪𑄣𑄴 - 𑄉𑄧𑄚𑄴𑄘𑄧𑄢𑄌𑄴 - 𑄥𑄧𑄚𑄴𑄘𑄳𑄠𑄟𑄣𑄧𑄖𑄨,এক জাতী ফুল - সুগন্ধ
𑄚𑄇𑄴𑄥 - 𑄢𑄬𑄝𑄬𑄇𑄴 - 𑄥𑄛𑄴𑄣 - 𑄢𑄘𑄌𑄪𑄣𑄧 - 𑄛𑄧𑄘𑄴𑄘𑄧 - 𑄛𑄬𑄟।,.নাকশা - রেবেক - সার্ফবোর্ড - পুা
[𑄝𑄧𑄇𑄴𑄥𑄴 𑄦𑄧𑄝𑄬 𑄙𑄪𑄝𑄴 - 𑄢𑄋 - 𑄦𑄧𑄣𑄧𑄘𑄳𑄠 - 𑄉𑄧𑄣𑄛𑄨],বাক্স হবে লাল - হলা- গলাপি
𑄖𑄧𑄣𑄬𑄘𑄨 𑄘𑄨𑄝𑄬 𑄜𑄪𑄣𑄴 𑄃𑄳𑄦 𑄘𑄨𑄝𑄬 𑄉𑄪𑄣𑄧𑄉𑄪𑄣𑄨𑄢𑄴 𑄍𑄧𑄝𑄨 𑄃𑄊𑄧𑄚𑄴।,নিচের দিকে দুটি ফুলের ছবি আছে
𑄡𑄬𑄇𑄪𑄚𑄴 𑄃𑄬𑄇𑄴𑄇𑄚𑄴 𑄛𑄮𑄃𑄨𑄘𑄳𑄠𑄚𑄬 𑄖𑄨𑄚𑄚𑄴 𑄇𑄧𑄙/ 𑄞𑄌𑄴 𑄣𑄨𑄊𑄨।,যেটি একটি পোাতে তিন জন লোক কথা বলে/ভাসা লিে
𑄇𑄧𑄙𑄚𑄨 𑄝𑄬𑄇𑄴 𑄇𑄪𑄚𑄧𑄢𑄬 𑄟𑄙𑄬𑄃𑄨 𑄥𑄪𑄚𑄬𑄃𑄨।,কথা গুলো সবাই সবাইকে বলে
.. .. .. .. .. .. .. .. .. .. .. .. .. .. .. .. .. .. .. ..,"পিসে- পিসে, পিসে- পিসে"
.. .. .. .. .. .. .. .. .. .. .. .. .. .. .. .. .. .. .. .. ..,".নিঃশব্দ, নিরব, নিরব, নিঃশব্দ"
𑄟𑄧𑄖𑄴𑄖𑄪𑄚𑄴 𑄝𑄬𑄉𑄧𑄖𑄴𑄖𑄪𑄚𑄴 𑄝𑄬𑄌𑄴 𑄉𑄧𑄟𑄴 𑄣𑄉𑄬 .. .. .. .. .. .. 𑄜𑄪𑄣𑄴।,.মেেটা বেগ থেকে বেশি ভালো লাগে
𑄇𑄨𑄖𑄳𑄠𑄃𑄨 𑄉𑄧𑄟𑄴 𑄣𑄉𑄬 𑄥𑄨𑄠𑄚𑄴 𑄝𑄬𑄇𑄴𑄇𑄪𑄚𑄧𑄢𑄬 𑄇𑄧𑄃𑄨 𑄃𑄳𑄦 𑄣𑄨𑄊𑄨।,কত ভালো লাগে সেগুলো সবাইকে বলতেছি
------------------------------------------------------------------------------------------------------------------------------------------------------------------------------ 𑄛𑄘 - 𑄽,. ------------------------------------------------------------------------------ পাতা - ৭
𑄚𑄨 𑄃𑄣𑄴𑄥𑄨 𑄟𑄨𑄉𑄨𑄚𑄨 𑄉𑄋𑄴,.নিচে বালুর গাঙ
"𑄞𑄪𑄣𑄧𑄋𑄴𑄖𑄪𑄣𑄨 𑄣𑄮𑄋𑄴𑄖𑄬𑄢𑄬𑄃𑄨 𑄚𑄋𑄬 𑄃𑄊𑄧𑄚𑄴 𑄘𑄨𑄝𑄬 𑄟𑄮𑄚𑄴, 𑄃𑄢𑄧𑄚𑄨/𑄦𑄢𑄧𑄚𑄨, 𑄟𑄢𑄧𑄚𑄨 𑄚𑄋𑄬 𑄥𑄨𑄘𑄪 𑄎𑄧𑄚𑄴𑄟𑄬𑄠𑄧𑄚𑄴 𑄘𑄨𑄝𑄮𑄚𑄴।","ভুল তুলি দিে মানুষদের নািে আছে, আরনি/হারিে,মারুনির নাঙে সেটা জন্ম নিবে"
"𑄟𑄮𑄚𑄧𑄙𑄉𑄧𑄖𑄴 𑄎𑄧𑄚𑄧𑄟𑄴 𑄦𑄮𑄃𑄨𑄚𑄬𑄃𑄨 𑄘𑄧𑄊𑄨𑄚𑄧𑄢𑄴 𑄛𑄧𑄗𑄴 𑄙𑄧𑄢𑄨, 𑄃𑄧𑄎𑄨𑄢𑄬𑄚𑄴 𑄦𑄘𑄚𑄧𑄖𑄴 𑄙𑄝𑄙𑄝, 𑄣𑄢𑄬𑄣𑄢𑄬 𑄉𑄧𑄢𑄨।","পাহাে মানুষ হওার জন্য নদীর পথ ধরে,আকাশে হাে দৌাদৌি করে"
"𑄘𑄧𑄎𑄧𑄢𑄴 𑄚𑄋𑄬 𑄃𑄬𑄇𑄴𑄇𑄚𑄴 𑄎𑄉𑄖𑄴 𑄡𑄬𑄇𑄴𑄇𑄬 𑄃𑄬𑄌𑄴𑄌𑄮𑄚𑄴, 𑄎𑄧𑄙 𑄥𑄧𑄋𑄴𑄉𑄧𑄢𑄨 𑄘𑄨 𑄝𑄮𑄚𑄬 𑄖𑄢 - 𑄃𑄬𑄉𑄧𑄖𑄴 𑄖𑄧𑄢𑄬 𑄟𑄨𑄎𑄬𑄃𑄨 𑄡𑄨𑄠𑄮𑄚𑄴।","দক্ষিণ দিকে একটি জাগা কিছুক্ষণ পর পর আসতেছে,যোগা সহিে এসেছে তারা"
"𑄟𑄨𑄎𑄬𑄃𑄨/𑄟𑄨𑄏𑄨 𑄡𑄨𑄠𑄬 𑄘𑄨 𑄉𑄋𑄧𑄢𑄴 𑄚𑄋𑄴 𑄦𑄧𑄣𑄧 - 𑄟𑄨𑄉𑄨𑄚𑄨, 𑄘𑄮𑄝𑄮𑄚𑄬 𑄣𑄪𑄉𑄬𑄣𑄇𑄴 𑄖𑄢𑄢𑄴 𑄎𑄪𑄘𑄮 𑄎𑄪𑄘𑄮 𑄚𑄋𑄚𑄨।","মিঝি/মিঝি যে দুই গাঙের নাম হলো -মিঝি,দুইজনে মিলে নাচ করা"
𑄟𑄨𑄉𑄨𑄚𑄨 𑄚𑄋𑄬 𑄚𑄋𑄚𑄴 𑄃𑄬𑄝𑄢𑄴 𑄉𑄧𑄋𑄴𑄝𑄧𑄣 𑄦𑄧𑄣𑄧 / 𑄚𑄋𑄴 𑄜𑄪𑄘𑄬𑄣𑄴।,মিইনি নদীর উৎসস্থল/নাঙি ফুটলো
𑄚𑄪𑄃𑄧 𑄝𑄧𑄣𑄴 𑄣𑄮𑄃𑄨 𑄚𑄪𑄃𑄧𑄉𑄧𑄢𑄨 𑄘𑄧𑄊𑄨𑄚𑄬 𑄦𑄘 𑄟𑄢𑄨𑄣𑄧।,.নতুন বল নিে নতুন বল নিে হাত মারিলো
"𑄦𑄘𑄚𑄢𑄴 𑄛𑄧𑄙𑄧𑄖𑄴 𑄛𑄬𑄣𑄧 𑄣𑄇𑄴 - 𑄍𑄨𑄉𑄮𑄚𑄴 𑄓𑄋𑄧𑄢𑄴 𑄍𑄧𑄢𑄍𑄪𑄢𑄨, 𑄃𑄧𑄉𑄪𑄚𑄴𑄘𑄨/ 𑄃𑄧𑄎𑄨𑄢𑄬𑄚𑄴 𑄥𑄧𑄟𑄎𑄳𑄠 𑄦𑄧𑄚𑄠𑄴 𑄖𑄢, 𑄟𑄨𑄉𑄨𑄚𑄨𑄢𑄴 𑄙𑄪𑄢𑄴 𑄙𑄧𑄢𑄨।","পাহাের রাস্তা পাহাের দৌাদৌি, অগুঁে/অগুঁে মানুষ হেছে তারা,মিলের পথ ধরে"
𑄣𑄟𑄴𑄝 𑄛𑄧𑄗𑄴 𑄡𑄘𑄬 𑄡𑄘𑄬 𑄉𑄧𑄣𑄌𑄨𑄝𑄬 𑄃𑄳𑄦 𑄊𑄪𑄣𑄴 𑄍𑄧𑄢𑄨 𑄍𑄬𑄢𑄬 𑄟𑄨𑄉𑄨𑄚𑄨 𑄉𑄤𑄚𑄴 𑄟𑄨𑄎𑄬𑄃𑄨 / 𑄟𑄨𑄎𑄬𑄠𑄴 𑄡𑄨𑄠𑄬 𑄇𑄌𑄧𑄣𑄧𑄋𑄴 𑄉𑄋𑄧𑄢𑄴 𑄥𑄧𑄟𑄢𑄬।,লম্বা পথ যেতে যেতে গলা গিে গিে গিে গাছটা কেটে গেলো
"𑄈𑄧𑄢𑄚𑄳𑄠𑄖𑄴 𑄝𑄧𑄣𑄴 𑄛𑄧𑄎𑄳𑄠 𑄃𑄳𑄦 𑄝𑄢𑄨𑄏𑄬𑄖𑄴 𑄉𑄧𑄋𑄴 𑄓𑄋𑄧𑄢𑄴 𑄉𑄧𑄢𑄨, 𑄃𑄬𑄇𑄴 𑄥𑄬𑄇𑄬𑄚𑄴 𑄚𑄧𑄎𑄨𑄢𑄨𑄢𑄬𑄃𑄨 𑄖𑄬, 𑄦𑄘𑄬𑄢𑄴 𑄡𑄪𑄉𑄴 𑄡𑄪𑄉𑄴 𑄙𑄧𑄢𑄨।","খরা বল পেছে,একটু একটু বৃষ্টি পেছে সে, পাের যুগ ধরে"
"𑄇𑄧𑄚𑄴 𑄝𑄧𑄏𑄧𑄢𑄧𑄖𑄴 𑄇𑄧𑄇𑄴𑄇𑄬 𑄎𑄧𑄚𑄴𑄟𑄧 𑄥𑄨𑄠𑄬𑄚𑄴 𑄃𑄩𑄙𑄮𑄖𑄴 𑄚𑄬𑄃𑄨, 𑄦𑄏𑄢𑄴 𑄝𑄧𑄏𑄧𑄢𑄴 𑄦𑄘𑄨 𑄃𑄬𑄎𑄬𑄢𑄴 𑄚𑄨 𑄃𑄣𑄴𑄥𑄨 𑄉𑄧𑄢𑄨𑄚𑄬𑄃𑄨।","কোন বছরে কোন বছর সেটা এখানে নেই,হাওার বছর হেঁটে আসে"
𑄥𑄧𑄝𑄴𑄘𑄧𑄠𑄪𑄚𑄴 𑄛𑄧𑄢𑄖𑄴𑄖𑄪𑄚𑄴 𑄖𑄮𑄉𑄬𑄙𑄨 𑄚𑄨𑄉𑄨𑄣𑄬𑄃𑄨।,জঙ্গল থেকে বাঁশ-গাছ কেটে আনতে হ
𑄃𑄧𑄢𑄴𑄗𑄧 𑄇𑄧𑄃𑄨।,অর্থ কী
𑄚𑄨𑄃𑄣𑄴𑄥𑄨 - 𑄎𑄧𑄚𑄴𑄟𑄧 - 𑄟𑄨𑄎𑄬𑄃𑄨 - 𑄣𑄪𑄉𑄬𑄣𑄇𑄴 - 𑄥𑄧𑄟𑄌𑄳𑄠 - 𑄦𑄎𑄢𑄴,.নিলসি - জন্ম - মিছিে - লুলিে - হাজার
𑄊𑄧𑄢𑄧 𑄞𑄨𑄘𑄨𑄢𑄬 𑄥𑄧𑄝𑄴𑄘𑄧𑄠𑄪𑄚𑄴 𑄈𑄣𑄳𑄠 𑄎𑄉𑄚𑄨𑄖𑄴 𑄝𑄧𑄏𑄬𑄙𑄨 𑄇𑄧𑄙 𑄝𑄚𑄬𑄃𑄨/𑄞𑄌𑄴 𑄝𑄚𑄬𑄃𑄨।,বাির ভেতরের জাগা সবাই কথা বলে
𑄎𑄧𑄚𑄴𑄟𑄧 - 𑄣𑄪𑄉𑄬𑄣𑄇𑄴 - 𑄚𑄨𑄃𑄣𑄴𑄥𑄨 - 𑄟𑄨𑄎𑄬𑄃𑄨 - 𑄦𑄎𑄢𑄴 𑄥𑄧𑄟𑄌𑄳𑄠/𑄎𑄳𑄠,জন্ম - অপচ - নিমজ্জন - মিছেই - হাজার সম
[𑄝𑄧𑄇𑄴𑄥𑄴 𑄦𑄧𑄝𑄬],ব হবে
𑄇. 𑄖𑄢 𑄘𑄧𑄎𑄧𑄢𑄴 𑄎𑄉𑄚𑄧𑄖𑄴 .. .. .. .. .. .. .. .. .. 𑄡𑄬𑄠𑄧𑄚𑄴।,কে.তারা দজার জাগা
𑄈. 𑄟𑄨𑄉𑄨𑄚𑄨𑄠𑄬𑄚𑄴 .. .. .. .. .. .. .. .. .. .. .. .. 𑄉𑄧𑄢𑄨 𑄦𑄘𑄨 𑄡𑄢𑄴।,".খাওা মিছিে,পিঁপিে হেঁটে যাওা"
𑄉. 𑄛𑄧𑄙𑄬 𑄛𑄧𑄙𑄬 𑄥𑄉𑄧𑄌𑄳𑄠 .. .. .. .. .. .. .. .. 𑄛𑄨𑄠𑄬।,"গা, পথে পথে শাক দিে যাওা"
𑄊. 𑄘𑄨𑄝𑄮𑄚𑄬 𑄖𑄢𑄢𑄴 𑄚𑄋𑄚𑄨 .. .. .. .. .. .. .. .. .. ।,"ঘা,দুই জনে তাদের নাঁাচাা"
𑄋. 𑄞𑄪𑄣𑄧𑄋𑄴𑄖𑄪𑄣𑄨 𑄃𑄳𑄦𑄣𑄮𑄋𑄴 𑄖𑄬𑄢𑄬𑄃𑄨 𑄟𑄮𑄚𑄮𑄖𑄴 𑄖𑄢𑄢𑄴 .. .. .. 𑄦𑄪𑄠𑄬।,ব ব হেছে
𑄌. .. .. .. .. .. 𑄝𑄧𑄏𑄧𑄢𑄴 𑄙𑄧𑄢𑄨 𑄟𑄨𑄉𑄨𑄚𑄨 𑄚𑄋𑄚𑄴 𑄝𑄏𑄨 𑄃𑄊𑄬।,"চা, ... ... . বছর ধরে মেেগুলো বেঁচে আছে"
𑄹. 𑄟𑄪𑄠𑄧𑄃𑄨 𑄟𑄪𑄠𑄧𑄃𑄨 𑄃𑄪𑄖𑄴𑄖𑄧𑄢𑄴 / 𑄎𑄮𑄝𑄴 𑄇𑄧𑄃𑄨 𑄃𑄳𑄦 𑄣𑄨𑄊𑄨।,৩. আমি আমি উত্তর/জোব কোথা লুকি
𑄇. 𑄇𑄧𑄚𑄴 𑄎𑄉𑄖𑄴 𑄃𑄬𑄃𑄨𑄚𑄬𑄃𑄨/𑄚𑄳𑄠𑄃𑄨 𑄟𑄨𑄉𑄨𑄚𑄧 𑄚𑄋𑄴 𑄦𑄪𑄠𑄬?,কে কোন জাগা আছে/নাই?
𑄈. 𑄍𑄨𑄉𑄮𑄚𑄴 𑄓𑄋𑄧𑄢𑄴 𑄍𑄧𑄢𑄍𑄧𑄢𑄨𑄚𑄬 𑄇 𑄥𑄧𑄟𑄌𑄳𑄠?,".খাও,ছিঁাদৌি করে কার সাথে আছো?"
𑄉. 𑄟𑄨𑄉𑄨𑄚𑄨𑄠𑄚𑄴 𑄇𑄧𑄚𑄴 𑄉𑄋𑄧𑄖𑄴 𑄟𑄨𑄎𑄬𑄠𑄬𑄉𑄮𑄃𑄨?,"গা,মিিগুলো কোন গাঙে মিশে যা"
𑄊. 𑄝𑄢𑄨𑄎𑄬𑄖𑄴 𑄟𑄨𑄉𑄨𑄚𑄨 𑄉𑄋𑄚𑄴 𑄇𑄧𑄘𑄧𑄇𑄳𑄠 𑄦𑄧𑄠𑄴?,"ঘা,বর্ষা মৌসুম কত ব হেছে?"
𑄺. 𑄘𑄉𑄴 𑄑𑄚𑄨𑄚𑄬𑄃𑄨 𑄟𑄨𑄣𑄴 𑄉𑄧𑄢𑄨।,দাগ টানার পর মিল করে
𑄎𑄧𑄚𑄴 𑄟𑄬𑄠𑄧𑄚𑄴 𑄍𑄧𑄢𑄍𑄧𑄢𑄨,জন মানুষ দৌাদৌি
𑄍𑄨𑄉𑄮𑄚𑄴 𑄓𑄋𑄧𑄢𑄴 𑄚𑄋𑄚𑄨,ছিঁা বাঁশের না
𑄎𑄪𑄘𑄮 𑄎𑄪𑄘𑄮 /𑄡𑄪𑄘𑄮 𑄡𑄪𑄘𑄮 𑄉𑄋𑄧𑄖𑄴,জুে জুে গাঙে
𑄦𑄏𑄢𑄴 / 𑄦𑄎𑄢𑄴 𑄘𑄨𑄝𑄮𑄚𑄴,হাজর/ হাজার দেওা
𑄟𑄨𑄉𑄨𑄚𑄨 𑄝𑄧𑄏𑄧𑄢𑄴,মিইনি নদীর উৎসস্থল
𑄻. 𑄍𑄧𑄝𑄨 𑄌𑄬𑄃𑄨।,ছবি দেখে
𑄖𑄨𑄚𑄴 𑄥𑄧𑄍𑄧𑄝𑄮𑄢𑄴 𑄥𑄧𑄟𑄢𑄬 𑄘𑄉𑄴 𑄑𑄚𑄨 𑄟𑄨𑄣𑄬𑄃𑄨।,তিন জন একসাথে দাগ টানিে
𑄘𑄨𑄝𑄬 𑄝𑄧𑄢𑄴 𑄝𑄧𑄢𑄴 𑄟𑄮𑄚𑄧 𑄍𑄧𑄝𑄨 ------- 𑄉𑄋𑄧𑄛𑄢𑄴,দুই ব ব মানুষের ছবি
𑄟𑄨𑄉𑄨𑄚𑄨𑄥𑄚𑄴 𑄉𑄋𑄧 𑄍𑄧𑄝𑄨 -------------------- 𑄟𑄮𑄚𑄴𑄟𑄪𑄢𑄧,মিইনি নদীর ছবি-মুনি
𑄉𑄌𑄴𑄉𑄘𑄣 𑄥𑄧𑄟𑄧𑄖𑄴 𑄉𑄋𑄧 𑄛𑄢𑄧 𑄍𑄧𑄝𑄨 --------------𑄟𑄨𑄉𑄨𑄚𑄨 𑄉𑄋𑄴।,গাছপালার মধ্যে গাঙের পাের ছবি
𑄍𑄧𑄝𑄨 𑄌𑄬𑄃𑄨।,ছবি চেে
𑄒𑄨𑄇𑄴 𑄥𑄧𑄝𑄴𑄘𑄧 𑄝𑄮𑄏𑄬𑄚𑄬𑄃𑄨 𑄈𑄣𑄨 𑄊𑄧𑄢𑄴 𑄛𑄪𑄢𑄧𑄚𑄴 𑄉𑄧𑄢𑄨।,.ঠিক সম বুঝে খালি বাি পুে
𑄍𑄧𑄝𑄨𑄝𑄮 𑄝𑄧𑄃𑄨------------ 𑄆𑄢𑄴 𑄃𑄧𑄕𑄪𑄇𑄧𑄢𑄧𑄚𑄬 𑄦𑄧𑄝𑄬,ছবিটা বই- এর মতো হবে
𑄃𑄨𑄝𑄬 𑄃𑄬𑄇𑄴𑄇𑄮 .. .. .. .. .. .. ।,".আজকে একটা,আজকে একটা"
𑄖𑄬 .. .. .. 𑄗𑄠𑄴।,"সে,সে,সে"
𑄖𑄬 𑄇𑄨𑄠𑄬 𑄢𑄧𑄋𑄚𑄴 .. .. .. .. .. 𑄃𑄳𑄦 ... .. . . . . . ।,.সে কেন রং করে.... .
𑄖𑄬 .. .. .. .. .. ..𑄈𑄠𑄴।,সে
.. .. .. .. .. .. 𑄞𑄢𑄨 𑄘𑄮𑄣𑄴 𑄃𑄬𑄇𑄴𑄇𑄮 𑄦𑄬𑄟𑄚𑄴।,".নিঃশব্দ,নিঃশব্দ"
𑄽.𑄟𑄨𑄉𑄨𑄚𑄨 𑄉𑄋𑄚𑄧 𑄛𑄮𑄃𑄨𑄘𑄳𑄠𑄚𑄬 𑄘𑄨𑄠𑄚𑄴 𑄇𑄧𑄙 𑄣𑄨𑄊𑄨।,.মিছিনি গাঙে দুইটা কথা লিখেছেন
.. .. .. .. .. .. .. . .. .. .. .. .. .. .. .. .. .. .. .. ..,"পিসেমশাই, পিসেমশাই"
.. .. .. .. .. .. .. .. .. .. .. .. .. .. . . .. .. .. .. .. .. ..,".পিঁপা,পিঁপা"
𑄾.𑄇𑄧𑄝𑄨𑄖𑄝𑄮 𑄟𑄪𑄪𑄠𑄧𑄘𑄨 𑄇𑄧𑄃𑄨 𑄃𑄳𑄦 𑄣𑄨𑄊𑄨।,কবিতাটা মুখ থেকে বের হেছে
𑄟𑄧𑄚 𑄛𑄬𑄃𑄨𑄇𑄴,এক জাতী পাখি
𑄎𑄨𑄟𑄨𑄖𑄴 𑄃 𑄢𑄨𑄛𑄴𑄢𑄨𑄛𑄴 𑄘𑄨𑄥𑄧𑄟𑄎𑄴𑄎𑄳𑄠 𑄃𑄨𑄥𑄴𑄇𑄪𑄣𑄧𑄖𑄴 𑄡𑄘𑄧𑄚𑄴 ।,জিমে একটা রিপ্রাপ দিে স্কুলে যা
𑄎𑄨𑄟𑄨𑄖𑄳𑄠 𑄇𑄧𑄖𑄴𑄖𑄬 𑄟𑄧𑄚 𑄛𑄬𑄉𑄮𑄢𑄴 𑄝 𑄘𑄬𑄇𑄴𑄇𑄮𑄋𑄴 ।,জিে বসা একটি কুকুর তাাচ্ছে।
𑄢𑄨𑄛𑄴𑄢𑄨𑄛𑄳𑄠 𑄇𑄧𑄖𑄴𑄖𑄬 𑄡𑄬𑄃𑄨 𑄌𑄬𑄠𑄮𑄃𑄨 ।,রিপাটা যে দেখতেছি
"𑄎𑄨𑄟𑄨𑄖𑄳𑄠 𑄇𑄖𑄴𑄖𑄬, 𑄃𑄨𑄥𑄴𑄇𑄪𑄣𑄧𑄖𑄴 𑄡𑄬𑄃𑄨 𑄃𑄨𑄥𑄴𑄌𑄬 𑄝𑄧𑄠𑄴 ।","জোা কাটা, স্কুলে যে বাতাস বছে"
𑄢𑄨𑄛𑄴𑄢𑄨𑄛𑄳𑄠 𑄇𑄧𑄖𑄴𑄖𑄬 𑄟𑄪𑄃𑄨 𑄥𑄪𑄚𑄴𑄚𑄮𑄋𑄴 𑄟𑄧𑄚𑄠𑄴 𑄇𑄧𑄙 𑄇𑄧𑄚𑄴 ।,রিপা কথা আমি সুন্দর করে কথা বলি
𑄎𑄨𑄟𑄨𑄖𑄳𑄠 𑄇𑄧𑄖𑄴𑄖𑄬 𑄟𑄧𑄚𑄃𑄪𑄚𑄬 𑄦𑄠𑄴 𑄇𑄪𑄢𑄬 𑄝𑄬𑄌𑄴 𑄗𑄚𑄴 ।,জিে বসা মানুষরা তার পাশে বেশি থাকে
𑄟𑄧𑄚 𑄝-𑄝𑄮 𑄉𑄎𑄴𑄌𑄮𑄢𑄴 𑄞𑄣𑄪𑄘𑄴𑄘𑄪𑄢𑄴 𑄃𑄪𑄉𑄪𑄢𑄬 𑄘𑄬𑄇𑄴𑄇𑄮𑄚𑄴 ।,.মেেটি বািটা অনেকদূর উপরে দেখতেছি
"𑄊𑄎𑄴𑄌𑄮𑄖𑄴 𑄃𑄪𑄘𑄨𑄝𑄖𑄴𑄖𑄬𑄃𑄨 𑄌𑄬𑄣𑄇𑄴, 𑄚𑄧 𑄛𑄣𑄴𑄣𑄇𑄴 ।","ঘাে উঠার সম চেেছে,পাহাে পে না"
𑄛𑄧𑄢𑄬𑄚𑄴𑄘𑄨 𑄘𑄨𑄎𑄧𑄚𑄬 𑄟𑄨𑄣𑄨 𑄃𑄨𑄥𑄴𑄇𑄪𑄣𑄧𑄖𑄴 𑄉𑄬𑄣𑄇𑄴 ।,পিে দুইজনে স্কুলে গেল
𑄃𑄨𑄥𑄴𑄇𑄪𑄣𑄧𑄖𑄴 𑄥𑄧𑄋𑄴 𑄥𑄧𑄟𑄎𑄴𑄎𑄳𑄠 𑄟𑄨𑄣𑄨 𑄣𑄬𑄉 𑄟𑄘𑄬𑄣𑄇𑄴 ।,স্কুলে সবাই মিলে মিশে গেল
𑄟𑄧𑄚𑄢𑄴 𑄥𑄧𑄝𑄧𑄚𑄴,এক জাতী সবজি
"𑄢𑄧𑄎𑄬𑄠𑄧𑄚: 𑄉𑄳𑄠𑄚𑄧𑄘𑄧𑄢𑄴𑄥𑄨 𑄌𑄋𑄴𑄟, 𑄃𑄬𑄎𑄬𑄚𑄴𑄥𑄨 𑄌𑄋𑄴𑄟, 𑄛𑄪𑄢𑄴𑄚𑄁𑄉𑄧 𑄌𑄋𑄴𑄟","রগচটা, রগচটা, রগচটা"
𑄚𑄨𑄎𑄨 𑄢𑄬𑄖𑄴 ।,নিজের রাত
𑄟𑄧𑄚 𑄥𑄧𑄝𑄧𑄚𑄬 𑄘𑄬𑄉𑄨𑄣𑄧 𑄃𑄬𑄇𑄴𑄇𑄮,মনের ইচ্ছা পূরণ হলে একনাগাে
𑄙𑄪𑄛𑄴 𑄝𑄪𑄢𑄳𑄦𑄧 𑄟𑄨𑄣𑄬 𑄖𑄢𑄬 𑄓𑄉𑄬𑄢𑄴 ।,সাদা বুো মেে তাকে ডািেছে
𑄖 𑄦𑄘𑄧𑄖𑄴,তার হাত
𑄃𑄬𑄇𑄴𑄇𑄮 𑄖𑄬𑄋 𑄞𑄪𑄙𑄨 ।,এক টাকা ভুি
"𑄝𑄪𑄢𑄳𑄦𑄨 𑄟𑄧𑄚𑄢𑄬 𑄇𑄧𑄣𑄧, 𑄉𑄝𑄪𑄢𑄨 𑄟𑄧𑄢𑄬 𑄃𑄬𑄇𑄴𑄇𑄮","বুি মাির কল,গাি আমাকে একটা কল"
𑄛𑄚𑄧𑄉𑄪𑄣𑄪𑄇𑄴 𑄘𑄨𑄣𑄬 𑄖𑄧𑄢𑄬 𑄖𑄬𑄋 𑄞𑄪𑄘𑄨𑄝𑄮 𑄘𑄨𑄟।,পানশে দিলে তোমাকে টাকা ভুনা করতে হবে
"𑄟𑄧𑄚 𑄟𑄧𑄚𑄬 𑄟𑄧𑄚𑄬 𑄇𑄧𑄣𑄧, 𑄖𑄬𑄋 𑄞𑄪𑄘𑄨𑄝𑄮",".মনে হ মনে কল,টাকা গুো করবে"
𑄛𑄬𑄣𑄬 𑄟𑄪𑄃𑄨 𑄃𑄉𑄬 𑄥𑄮𑄚𑄢𑄪𑄝𑄮𑄣𑄮𑄃𑄨 𑄉𑄙𑄨𑄟𑄴 ।,. পেলে আমি আগে সোনার বো বসবো
"𑄖𑄳𑄦𑄬 𑄝𑄝𑄳𑄦𑄢𑄬 𑄃𑄬𑄇𑄴 𑄞𑄇𑄴, 𑄟𑄟𑄳𑄦𑄢𑄬 𑄃𑄬𑄇𑄴","সে বাবাকে এক ভাগ, মাকে এক ভাগ"
"𑄞𑄇𑄴, 𑄝𑄬𑄇𑄴 𑄃𑄨𑄖𑄴𑄖𑄮 𑄇𑄪𑄘𑄪𑄟𑄧𑄢𑄬 𑄃𑄬𑄇𑄴 𑄃𑄬𑄇𑄴","ভাই,সবাই এখানে এক এক"
𑄞𑄇𑄴 𑄘𑄨𑄚𑄬𑄃𑄨 𑄟𑄧𑄚𑄧 𑄦𑄃𑄮𑄎𑄴 𑄛𑄪𑄢𑄬𑄃𑄨 𑄘𑄨𑄟𑄴 ।,বাির দিনে মনের ইচ্ছা পূরণ করে দিবো
𑄟𑄧𑄚 𑄢𑄎𑄨 𑄦𑄧𑄚𑄬𑄃𑄨 𑄥𑄧𑄝𑄧𑄚𑄧 𑄢𑄬𑄎𑄳𑄠𑄖𑄴 𑄛𑄚𑄧,.মেেরা রাজি হে গান শুনতে পান।
𑄉𑄪𑄣𑄪𑄇𑄴 𑄖𑄧𑄉 𑄣𑄟𑄨𑄣𑄧 ।,গুলতি খুঁজতে বের হওা
𑄡𑄘𑄬 𑄡𑄘𑄬 𑄣𑄉𑄧𑄖𑄴,যাওা যাওা লাগে
𑄛𑄬𑄣𑄧 𑄃𑄬𑄇𑄴𑄇𑄮 𑄢𑄎𑄴𑄛𑄪𑄖𑄳𑄢 ।,এক রাজ পুত্র
𑄢𑄎𑄴𑄛𑄪𑄖𑄳𑄢 𑄟𑄧𑄚𑄢𑄬,রাজ পুত্র মেেকে পছন্দ করে
"𑄇𑄧𑄣𑄧, 𑄇𑄪𑄙𑄪 𑄡𑄧𑄢𑄴 ?","কল, কোথা যাচ্ছ?"
𑄟𑄧𑄚 𑄢𑄎𑄴𑄛𑄪𑄖𑄳𑄢𑄝𑄱𑄢𑄬 𑄝𑄪𑄢𑄳𑄦𑄨 𑄇𑄧𑄙 𑄥𑄪𑄚𑄬𑄣𑄧 ।,.মেেরা রাজপুত্রকে বুি বলে
"𑄢𑄎𑄴𑄛𑄪𑄖𑄳𑄢𑄝𑄮 𑄟𑄧𑄚𑄢𑄬 𑄇𑄧𑄣𑄧, 𑄃𑄬𑄇𑄴𑄈𑄚𑄴 𑄇𑄧𑄙𑄢𑄴",রাজপুাটা মেেকে একটা কথা বলে
𑄃𑄪𑄖𑄴𑄖𑄧𑄢𑄴 𑄘𑄨 𑄛𑄢𑄨𑄣𑄬 𑄖𑄪𑄃𑄨 𑄛𑄚𑄧𑄉𑄪𑄣𑄪𑄇𑄴,উত্তর দিতে পারলে তুমি পানগুলুক
𑄛𑄬𑄝𑄬 ।,"পেকে, পেকে"
"𑄟𑄧𑄚𑄢𑄬 𑄇𑄧𑄣𑄧, 𑄖𑄨𑄚𑄴 𑄥𑄨𑄢𑄬 𑄡𑄖𑄴𑄖𑄪𑄚𑄴 𑄝𑄪𑄘𑄴𑄙𑄨","বানরের কল,তিন মাথা থেকে বুদ্ধি"
𑄣𑄧𑄝𑄬 𑄖𑄖𑄴𑄖𑄪𑄚𑄴... 𑄇𑄨 𑄌𑄬𑄃𑄨 ?,.তার থেকে কি দেখে?
"𑄟𑄧𑄚 𑄖𑄢𑄬 𑄇𑄧𑄣𑄧, 𑄝𑄪𑄖𑄴𑄙𑄨 𑄝𑄧𑄣 𑄝𑄪𑄢𑄮 𑄟𑄚𑄪𑄌𑄴।",".মা তাকে কল,বাম বলা বৃদ্ধ"
𑄟𑄧𑄚𑄢𑄴 𑄃𑄪𑄖𑄴𑄖𑄧𑄢𑄴 𑄥𑄪𑄚𑄨 𑄢𑄎𑄴𑄛𑄪𑄖𑄳𑄢𑄧𑄝𑄮 𑄈𑄪𑄎𑄨,.মেেদের উত্তর শুনে রাজ পুত্রকে খুঁজতেছে
𑄦𑄧𑄣𑄧 ।,১. হলো ২. হলো
𑄖𑄬 𑄟𑄧𑄚𑄢𑄬 𑄛𑄚𑄧𑄉𑄪𑄣𑄪𑄇𑄴𑄇𑄮,সে মনের পানশে হছে
𑄚𑄨𑄉𑄬𑄣𑄬𑄃𑄨 𑄘𑄨𑄣𑄧 ।,.নিচে গেলে দিল
𑄘𑄮𑄣𑄴 𑄥𑄧𑄝𑄧𑄚𑄴 𑄴 𑄘𑄬𑄇𑄴𑄈𑄬 𑄘𑄬𑄇𑄴𑄈𑄬 𑄛𑄧𑄦𑄧𑄢𑄴,সুন্দর স্বপ্ন দেখতে দেখতে অন্ধকার
𑄃𑄮𑄚𑄬𑄃𑄨 𑄟𑄧𑄚𑄢𑄴 𑄊𑄪𑄟𑄴 𑄞𑄋𑄨 𑄉𑄬𑄣𑄧 ।,.ওনার মনের ঘুম ভেঙে গেল
𑄟𑄧𑄚,"এক জাতী বুনো ফল, যা সবজি হিসেবে ব্যবহৃত হ"
𑄌𑄬𑄖𑄧𑄚𑄴 𑄦𑄧𑄃𑄨 𑄖𑄟𑄴𑄟 𑄥𑄨𑄘𑄪 𑄉𑄬𑄣𑄧 ।,তার মা সেখানে গেল
𑄌𑄴𑄌 𑄚𑄴 𑄎𑄨𑄌𑄚𑄃𑄨 𑄑𑄬𑄋,এক জাতী বুনো লতা
𑄟𑄧𑄚𑄨𑄟𑄣𑄢𑄴 𑄇𑄧𑄙,মনিমালার কথা
𑄚𑄨𑄢𑄴 𑄥𑄧𑄝𑄧𑄚𑄴 𑄘𑄬𑄉𑄚,.নিঃশব্দ শব্দ করা
𑄃𑄬𑄇𑄴𑄘𑄨𑄚𑄴𑄳𑄠𑄬 𑄟𑄧𑄚𑄨 𑄈𑄘𑄧𑄘𑄴 𑄊𑄪𑄟𑄴 𑄡𑄢𑄴 ।,এক দিন মনি খাদি ঘুমাই যা
𑄥𑄧𑄝𑄧𑄚𑄬 𑄥𑄧𑄝𑄧𑄚𑄬 𑄊𑄪𑄟𑄧𑄖𑄴 𑄘𑄬𑄉 𑄦𑄧𑄣𑄧 𑄎𑄪𑄚𑄚𑄴𑄘𑄧𑄃𑄨 ।,স্বপ্নে স্বপ্নে ঘুমিে গেলাম
𑄎𑄪𑄚𑄚𑄬 𑄟𑄧𑄚𑄨𑄢𑄬 𑄃𑄬𑄇𑄮 𑄢𑄋 𑄥𑄨𑄣𑄪𑄟𑄴 𑄘𑄨𑄣𑄧 ।,.সুগন্ধি মেেকে এক লাল শার্ট দিল
"𑄥𑄨𑄣𑄪𑄟𑄴𑄟𑄱 𑄃𑄪𑄢𑄨𑄚𑄬𑄃𑄨 𑄟𑄧𑄚𑄨 𑄛𑄪𑄢𑄨 𑄥𑄚𑄴𑄚𑄳𑄠 𑄃𑄪𑄢𑄧 𑄙𑄧𑄣𑄴𑄣𑄧, 𑄃𑄪𑄢𑄧𑄘𑄬 𑄃𑄪𑄢𑄧𑄘𑄬 𑄘𑄬𑄉 𑄦𑄧𑄣𑄧 𑄖𑄢𑄝𑄱𑄣𑄧𑄃𑄨 ।","সিলুমটা উে উঠার সম মনি পুিটা উে উঠল, উে উে দো হলো তাদের"
𑄖𑄢𑄝𑄮 𑄖𑄢𑄬 𑄃𑄬𑄇𑄴𑄇𑄮 𑄥𑄮𑄚𑄢𑄴 𑄛𑄪𑄘𑄪𑄣𑄴 𑄘𑄨𑄣𑄧 ।,.তারা তাকে একটা সোনার টুকরা দিল।
𑄛𑄧𑄢𑄬𑄚𑄴𑄘𑄨 𑄟𑄧𑄚𑄨𑄢𑄴 𑄘𑄬𑄉 𑄦𑄧𑄣𑄧 𑄝𑄬𑄣𑄚𑄴𑄘𑄧𑄭 ।,পুা মনির দো হলো বেলা
𑄝𑄬𑄣𑄚𑄬 𑄟𑄧𑄚𑄨𑄢𑄬 𑄦𑄘𑄧𑄖𑄴 𑄙𑄧𑄢𑄨 𑄛𑄧𑄢𑄨𑄝𑄮 𑄊𑄧𑄢𑄧𑄖𑄴 𑄚𑄬𑄎𑄬𑄣𑄧 ।,সূর্য ডোবার সম তাকে হাত ধরে বািতে নিতে হবে
𑄛𑄧𑄢𑄨𑄝𑄮 𑄖𑄢𑄬 𑄃𑄬𑄇𑄴𑄇𑄮 𑄢𑄋 𑄝𑄧𑄣𑄴 𑄘𑄨𑄣𑄧 ।,তাকে একটা লাল বল দিতে হবে।
𑄥𑄬𑄛𑄧𑄢𑄬 𑄟𑄧𑄚𑄨 𑄎𑄪𑄚𑄚𑄧𑄃𑄨𑄘𑄪 𑄜𑄨𑄢𑄨 𑄃𑄬𑄣𑄧 ।,সে পরে মেেটা ফিরে আসলো
𑄃𑄘𑄨𑄇𑄴𑄇𑄳𑄠 𑄉𑄧𑄢𑄨 𑄟𑄧𑄚𑄨𑄢𑄴 𑄥𑄧𑄝𑄧𑄚𑄚𑄴 𑄞𑄋𑄨 𑄉𑄬𑄣𑄧 ।,হঠাৎ করে মনির সপ্নটা ভেঙে গেল
𑄢𑄘𑄌𑄪𑄣𑄮 𑄜𑄪𑄣𑄴,এক জাতী ফুল
𑄢𑄘𑄌𑄪𑄣𑄧 𑄜𑄪𑄣𑄴𑄣𑄮 𑄇𑄧𑄣𑄧 𑄎𑄪𑄟𑄧𑄖𑄴 𑄚𑄚 𑄝𑄝𑄧𑄖𑄳𑄠 𑄜𑄪𑄣𑄴,রাদাচুলের কলসে অনেক ব ব ফুল
𑄜𑄪𑄘𑄧𑄚𑄴 ।,"ফোটা, ফোটা"
𑄝𑄬𑄉𑄴 𑄜𑄪𑄣𑄪𑄚𑄬 𑄈𑄪𑄎𑄨 𑄃𑄯𑄚𑄬𑄭 𑄃𑄘𑄧𑄌𑄝𑄧𑄢𑄴,বেগ ফুলগুলো দেখতে সুন্দর
𑄟𑄪𑄃𑄨 𑄝𑄬𑄢𑄢𑄴 𑄊𑄧𑄢𑄴 ।,পাহাের ঘর
𑄟𑄧𑄢𑄬 𑄝𑄥𑄴𑄌𑄮𑄭 𑄝𑄚𑄚𑄴 ।,আমাকে বাঁশের ফালি দিে বানানো
𑄟𑄪𑄃𑄨 𑄃𑄧𑄣𑄪𑄋𑄴𑄉𑄬 𑄉𑄪𑄘𑄧𑄟𑄴 𑄊𑄧𑄢𑄴 ।,পাহাে বাি
𑄟𑄧𑄢𑄬 𑄟𑄘𑄨 𑄟𑄧𑄣𑄨𑄚𑄬𑄭 𑄝𑄚𑄚𑄴 ।,আমাকে মাটি মলিন করে বানানো
𑄟𑄪𑄃𑄨 𑄑𑄧𑄋𑄴 𑄊𑄧𑄢𑄴 ।,পাহাের বাি
𑄟𑄧𑄢𑄬 𑄟𑄪𑄢𑄮 𑄃𑄪𑄉𑄪𑄢𑄬 𑄖𑄪𑄣𑄳𑄠𑄧𑄚𑄴 ।,আমাকে পাহাের উপরে তুলে
𑄟𑄪𑄃𑄨 𑄃𑄧𑄣𑄪𑄋𑄴𑄉𑄬 𑄛𑄇𑄴𑄇 𑄊𑄧𑄢𑄴 ।,পাহাে পাকা বাি
"𑄟𑄧𑄢𑄬 𑄃𑄨𑄖𑄴𑄘𑄧𑄣, 𑄥𑄨𑄟𑄬𑄚𑄴, 𑄇𑄧𑄢𑄧𑄣𑄨 𑄟𑄨𑄎𑄬𑄚𑄬𑄃𑄨 𑄖𑄪𑄣𑄳𑄠𑄧𑄚𑄴 ।","আমাকে এখানে নিে যাওা, সিমন, করলা মিশিে তুলে"
𑄟𑄧𑄢𑄬 𑄥𑄧𑄦𑄧𑄢𑄧𑄖𑄴 𑄝𑄬𑄥𑄴 𑄘𑄬𑄉 𑄡𑄃𑄨 ।,আমাকে পাশ কেটে চলে যাওা যা
𑄉𑄧𑄟𑄴 𑄛𑄚𑄨 𑄈𑄚,ভালো পানি খাওা
𑄈𑄣𑄝𑄨 𑄃 𑄢𑄋𑄝𑄨 𑄍𑄧𑄢𑄖𑄴𑄖𑄪𑄚𑄴 𑄛𑄚𑄨 𑄈𑄧𑄎 𑄡𑄘𑄧𑄚𑄴 ।,. খালাবি আর লাল বিচির নিচ থেকে পানি বের হচ্ছে।
𑄛𑄚𑄨 𑄊𑄘𑄧𑄖𑄴 𑄇𑄪𑄠𑄧𑄝𑄮𑄣𑄮𑄃𑄨 𑄘𑄬𑄊 𑄦𑄧𑄣𑄧 ।,পানির স্রোতে কোথা দেখা গেল
𑄈𑄪𑄠𑄧𑄝𑄮 𑄖𑄢𑄢𑄬 𑄇𑄧𑄣𑄧- '𑄍𑄧𑄢 𑄛𑄚𑄨 𑄈𑄚 𑄉𑄧𑄟𑄴 𑄚𑄠𑄴 ।,.খাওাটা তাদেরকে বলল-ছা পানি খাওা ভালো না
𑄖𑄢 𑄘𑄨 𑄎𑄧𑄚𑄬 𑄝𑄨𑄃𑄨𑄝𑄮𑄃𑄨 𑄞𑄝𑄧𑄘𑄧𑄚𑄴 ।,তারা দুইজনই চিন্তা করছে
𑄈𑄪𑄠𑄧𑄝𑄮 𑄇𑄧𑄣𑄧-'𑄛𑄚𑄨 𑄥𑄨𑄎𑄬𑄚𑄬𑄃𑄨 𑄈𑄬𑄃𑄨𑄠𑄧 ।,.কুাটা কল-পানি তাাতাি খাই
𑄛𑄧𑄢𑄬𑄚𑄴𑄘𑄨 𑄖𑄢 𑄛𑄚𑄨 𑄛𑄠𑄬𑄛𑄴𑄛𑄮𑄃𑄨𑄘𑄪 𑄉𑄬𑄣𑄇𑄴 ।,পতে তারা পানি পে গেল
𑄛𑄠𑄬𑄛𑄴𑄛𑄮 𑄇𑄧𑄣𑄧- '𑄟𑄧𑄖𑄴𑄖𑄪𑄚𑄴 𑄉𑄧𑄟𑄴 𑄛𑄚𑄨 𑄃𑄊𑄬' ।,পাের কল-আমার থেকে ভালো পানি আছে
𑄥𑄨𑄠𑄚𑄴 𑄥𑄪𑄚𑄨𑄚𑄬𑄃𑄨 𑄖𑄢 𑄛𑄠𑄬𑄝𑄧 𑄛𑄚𑄨 𑄃𑄚𑄨𑄝𑄖𑄴𑄳𑄠𑄬𑄃𑄨 𑄡𑄘𑄧𑄚𑄴 ।,.সেটা শুনে তারা পানি আনতে যাচ্ছে।
𑄥𑄨𑄖𑄴𑄖𑄪𑄚𑄴 𑄙𑄧𑄢𑄨 𑄖𑄢 𑄛𑄠𑄬𑄝𑄧 𑄛𑄚𑄨 𑄈 𑄙𑄧𑄣𑄴𑄣𑄇𑄴 ।,সেখান থেকে তারা পানি খেে নিবে
"𑄢𑄧𑄎𑄬𑄠𑄧𑄚𑄴: 𑄥𑄚𑄴𑄖𑄨 𑄌𑄋𑄴𑄟, 𑄥𑄳𑄢𑄬𑄠𑄧𑄥𑄨 𑄌𑄋𑄴𑄟, 𑄇𑄬. 𑄞𑄨. 𑄘𑄬𑄝𑄥𑄨𑄥𑄴 𑄌𑄋𑄴𑄟","সূর্য: সাি চামা, সূর্য অস্ত যাওা চাংমা"
"𑄇 𑄣𑄧𑄃𑄨 𑄇𑄣𑄴𑄣𑄮𑄋𑄴, 𑄈 𑄣𑄧𑄃𑄨 𑄈𑄘𑄨","কাপ দিে কাপ,খাওা খাওা"
𑄉 𑄣𑄧𑄃𑄨 𑄉𑄢𑄬𑄋𑄴 𑄟𑄙𑄬𑄃𑄨 𑄥𑄨𑄊𑄨 𑄡𑄘𑄨-𑄟𑄘𑄨।,গাছের ডালের মধ্যে দিে হেঁটে যাওা
𑄊 𑄣𑄧𑄃𑄨 𑄊𑄨𑄣𑄬 𑄈𑄢 𑄈𑄬𑄣𑄨 𑄝𑄨𑄏𑄪 𑄃𑄬𑄣𑄬,ঘা নিে খেলা খেলে বিঝু আসলে
𑄋 𑄣𑄧𑄃𑄨 𑄇𑄋𑄢𑄝𑄮 𑄗𑄠𑄴𑄘𑄬 𑄥𑄨𑄣𑄧𑄖𑄴 𑄖𑄧𑄣𑄬।,না লা কাঁকাটা থাকে শীলের নিচে
"𑄌 𑄣𑄧𑄃𑄨 𑄌𑄝𑄪𑄉𑄨, 𑄍 𑄣𑄧𑄃𑄨 𑄍𑄘𑄨","চা দিে চাবুা, ছাা দিে ছাদ"
"𑄎 𑄣𑄧𑄃𑄨 𑄎𑄪𑄟𑄴, 𑄏 𑄣𑄧𑄃𑄨 𑄏𑄘𑄨 ।","যাওা জুম, যাওা যাওা"
𑄐 𑄣𑄧𑄃𑄨 𑄟𑄨𑄐𑄧- 𑄌𑄮𑄢𑄧𑄚𑄴𑄙𑄧𑄢 𑄝𑄚𑄬𑄃𑄨 𑄟𑄨𑄐𑄧 𑄣𑄧𑄃𑄨 ।,নাচা করে মিশিে নিই
"𑄑 𑄣𑄧𑄃𑄨 𑄑𑄇𑄴𑄇𑄱, 𑄒 𑄣𑄧𑄃𑄨 𑄒𑄘𑄢𑄴","টা নিে যাওা,তাাতাি যাওা"
𑄓 𑄣𑄧𑄃𑄨 𑄓𑄝𑄧 𑄛𑄚𑄨 𑄈𑄘𑄬 𑄥𑄪𑄠𑄧𑄖𑄴,ডাি দিে ডাবের পানি খেতে মজা
"𑄔 𑄣𑄧𑄃𑄨 𑄔𑄪𑄣𑄴, 𑄕 𑄣𑄧𑄃𑄨 𑄕𑄘𑄬𑄋𑄴",".ঢাল নিে ঢুল,ন্যাকামো করতেছে"
𑄃𑄧𑄏𑄛𑄘𑄧 𑄦𑄧𑄢𑄧𑄇𑄴𑄇𑄪𑄚𑄴 𑄚𑄨𑄠𑄣𑄴𑄥𑄨𑄠𑄬 𑄟𑄙𑄬𑄃𑄨 ।,.অতিরিক্ত হেছে সে
"𑄖 𑄣𑄧𑄃𑄨 𑄖𑄉𑄧𑄣𑄧𑄇𑄴, 𑄗 𑄉𑄘𑄬 𑄗𑄎","তার জন্য তাবিজ,রান্না করে থাক"
"𑄘 𑄣𑄧𑄃𑄨 𑄘𑄝, 𑄙 𑄘𑄬 𑄙𑄞 ।","দা নিে হুক্কা, দৌে যাও"
𑄚 𑄣𑄧𑄃𑄨 𑄟𑄘𑄬 𑄚𑄘𑄬𑄃𑄨,না নিে কথা বলে
𑄃𑄬𑄏𑄧 𑄌𑄨𑄎𑄨𑄣𑄧𑄇𑄴 𑄃𑄟𑄳𑄦 𑄦𑄧𑄢𑄧𑄇𑄴𑄇𑄪𑄚𑄴 𑄟𑄘𑄬𑄃𑄨 ।,এখন আমাদের সবার মা
"𑄛 𑄣𑄧𑄃𑄨 𑄛𑄘, 𑄜 𑄣𑄧𑄃𑄨 𑄜𑄉𑄪𑄚𑄧 𑄦𑄞","পাের পাতা,ফাঁকের পাতা"
𑄝 𑄣𑄧𑄃𑄨 𑄝𑄘𑄮𑄣𑄴 𑄦𑄘𑄧𑄖𑄴 𑄌𑄨𑄏𑄨 𑄡𑄬𑄝𑄧 𑄛𑄬𑄃𑄨𑄇𑄴,বাঁশের ডালের হাতে চিঝি আসবে
𑄙𑄝।,দৌ
"𑄞 𑄣𑄧𑄃𑄨 𑄞𑄣𑄪𑄇𑄴 𑄟 𑄣𑄧𑄃𑄨 𑄟𑄟𑄳𑄦,",ভাই নিে ভালুক নিে মামা
𑄟𑄟𑄳𑄦 𑄡𑄬𑄝𑄧 𑄢𑄚𑄳𑄠 𑄝𑄬𑄢 ।,মামা যে রান্না করে বো
"𑄡 𑄣𑄧𑄃𑄨 𑄡𑄖𑄳𑄢, 𑄢 𑄣𑄧𑄃𑄨 𑄢𑄚𑄴𑄎𑄪𑄚𑄨","যাওা যাওা,রান্না খাওা"
"𑄦 𑄣𑄧𑄃𑄨 𑄦𑄖𑄴, 𑄣 𑄣𑄧𑄃𑄨 𑄣𑄟𑄴𑄝","হাত নিে হাত,লবনাক্ত লম্বা"
𑄤 𑄤𑄇𑄴 𑄥𑄘𑄬 𑄌𑄨𑄎𑄨 𑄤𑄇𑄴𑄇𑄮 𑄇𑄧𑄟𑄴𑄞 ।,.ওই আওাজ ছোট আর কত ব
"𑄥 𑄣𑄧𑄃𑄨 𑄥𑄋𑄪, 𑄠 𑄣𑄧𑄃𑄨 𑄠-𑄦𑄧𑄢𑄨𑄋𑄴",".সা নিে সাঙু, -া নিে হরিণ"
𑄿 𑄣𑄧𑄃𑄨 𑄿𑄪𑄘𑄨𑄇𑄴 𑄦𑄘𑄧𑄖𑄴 𑄝𑄬𑄢𑄢𑄴 𑄃𑄎𑄪,. ৯ লে ৩ জনে বোচ্ছে।
𑄃 𑄣𑄧𑄃𑄨 𑄃𑄣𑄟𑄴 𑄌𑄬𑄚𑄬𑄃𑄨 𑄜𑄪𑄣𑄴 𑄖𑄪𑄣𑄨,.আবোল তাবোল দেখে ফুল তুলে
𑄃𑄬𑄎𑄧 𑄌𑄨𑄎𑄨𑄣𑄧𑄇𑄴 𑄦𑄧𑄢𑄧𑄇𑄴 𑄟𑄘𑄬𑄃𑄨 𑄟𑄨𑄘𑄬 𑄥𑄪𑄢𑄴 𑄖𑄪𑄣𑄨,.এত ব কথা বলতে বলতে সুর তুলে
𑄛𑄉𑄚 𑄣𑄨𑄎𑄪,এক জাতী বুনো লতা
𑄢𑄋𑄝𑄨 𑄇 𑄃𑄎𑄪 𑄘-𑄃𑄨𑄘𑄪 𑄝𑄬𑄢 𑄡𑄢𑄴 ।,লাল বিালের দাি দিে ঘুরে যা
𑄖 𑄃𑄎𑄪𑄘𑄉𑄨 𑄝𑄉𑄚𑄧𑄖𑄴 𑄝𑄬𑄇𑄴𑄇𑄚𑄴 𑄣𑄨𑄎𑄪 𑄉𑄎𑄴 ।,তার জাগা সব লিচু গাছ
𑄋𑄨𑄎𑄪 𑄉𑄎𑄴𑄌𑄴𑄪𑄚𑄧𑄖𑄴 𑄘𑄧𑄣𑄉𑄧𑄢𑄨 𑄣𑄨𑄎𑄪 𑄙𑄎𑄴𑄎𑄮𑄚𑄴 ।,.ঙিজু গাছে দলামোচা করছে
𑄣𑄨𑄎𑄪𑄃𑄪𑄚𑄴 𑄛𑄉𑄨𑄚𑄬𑄃𑄨 𑄢𑄋𑄌𑄨𑄇𑄴𑄌𑄨𑄇𑄴 𑄃𑄧𑄠𑄧𑄚𑄴 ।,লিচুগুলো খেতে সুস্বাদু
𑄣𑄨𑄎𑄪𑄃𑄪𑄚𑄴 𑄘𑄬𑄉𑄨𑄚𑄬𑄃𑄨 𑄢𑄋𑄝𑄨 𑄈𑄪𑄎𑄨𑄠𑄬 𑄝𑄎𑄬𑄢𑄴 ।,লিচুগুলো লাল করে দেখতেছি
𑄖𑄖𑄴𑄖𑄪𑄚𑄴 𑄎𑄧𑄘𑄧𑄝𑄧𑄘𑄬 𑄣𑄨𑄎𑄪 𑄈𑄬𑄝𑄢𑄴 𑄟𑄧𑄚𑄬 𑄇𑄧𑄣𑄧।,তার থেকে বেশি লিচু খাওার ইচ্ছে করে
𑄙𑄝 𑄡𑄬𑄚𑄬𑄃𑄨 𑄖 𑄚𑄚𑄢𑄬 𑄓𑄉𑄨 𑄃𑄚𑄨𑄣𑄧 ।,দৌাদৌি করে তার ভাইকে ডেকে নিল
𑄖𑄚𑄚𑄪 𑄃𑄬𑄇𑄴 𑄦𑄘 𑄣𑄨𑄎𑄪 𑄛𑄢𑄨 𑄘𑄨𑄣𑄧 ।,.তানাকটা এক হাত দিে পাে দিল
𑄢𑄋𑄝𑄨𑄣𑄨𑄎𑄪 𑄏𑄬𑄚𑄬𑄃𑄨 𑄎𑄧𑄘𑄧𑄝𑄧𑄘𑄬 𑄥𑄱𑄘𑄴 𑄛𑄬𑄣𑄧 ।,লালবিচি ঝেে অনেক সুখ পেল
𑄟𑄧 𑄚𑄋𑄚𑄴 𑄙𑄧𑄚𑄧 ।,আমার নািটা ধন
𑄟 𑄃 𑄟𑄪𑄎𑄨 𑄌𑄧𑄟𑄢𑄬 𑄟𑄪𑄃𑄨 𑄃𑄉𑄧𑄋𑄴 ।,পাহাের চূা আমি আছি
𑄟𑄪𑄎𑄨 𑄃 𑄟𑄪𑄃𑄨 𑄃𑄨𑄥𑄴𑄇𑄪𑄣𑄧𑄖𑄴 𑄡𑄬𑄢𑄴 ।,পাহাি আর পাহাি স্কুলে যাচ্ছে
"𑄃𑄧𑄚𑄪 𑄝𑄝𑄢𑄴 𑄘𑄪𑄢𑄧 𑄞𑄬𑄃𑄨, 𑄟𑄧𑄢𑄴 𑄇𑄇𑄴𑄇 ।","অনু মামার দূরের ভাই,আমার কাপ"
𑄇𑄇𑄴𑄇 𑄃𑄟𑄃𑄨𑄘𑄪 𑄝𑄬𑄢𑄬𑄝𑄖𑄳𑄠𑄬𑄃𑄨 𑄃𑄬𑄥𑄴𑄌𑄳𑄠 ।,কাঁকা আমাদের বোতে এসেছে
𑄝𑄝 𑄝𑄮𑄚𑄴𑄚𑄱 𑄃𑄬𑄥𑄴𑄌𑄳𑄠 ।,বাবা বোনটি আসতেছে
𑄖𑄬 𑄟𑄧𑄢𑄴 𑄛𑄨𑄎𑄋 ।,সে আমার ফুফু
𑄝𑄝 𑄝𑄎𑄢𑄧𑄖𑄴 𑄡𑄢𑄴 ।,বাবা বাজারে যা
𑄝𑄎𑄢𑄧𑄖𑄴𑄖𑄪𑄚𑄴 𑄝𑄝 𑄟𑄍𑄴 𑄃𑄚𑄬𑄢𑄴 ।,বাজার থেকে বাবা মাছ আনে
𑄃𑄬𑄇𑄴 𑄥𑄧𑄟𑄢𑄬 𑄝𑄧𑄭𑄚𑄬 𑄝𑄬𑄇𑄴𑄇𑄪𑄚𑄬 𑄟𑄨𑄣𑄨 𑄈𑄬𑄢𑄴 ।,এক সাথে বসে সবাই মিলে খাওা
𑄛𑄧𑄖𑄴𑄖𑄛𑄧𑄖𑄴𑄖𑄨𑄢𑄴 𑄢𑄧𑄋𑄧𑄢𑄴 𑄇𑄧𑄙,.পজ্জোনের রঙের কথা
𑄃𑄬𑄇𑄴𑄘𑄨𑄚𑄴 𑄌𑄨𑄎𑄨𑄝𑄨 𑄛𑄧𑄖𑄴𑄖𑄛𑄧𑄖𑄴𑄖𑄨𑄢𑄴 𑄍𑄧𑄝𑄨 𑄃𑄉𑄧𑄘𑄬 𑄊𑄪𑄟𑄴 𑄡𑄬𑄃𑄨𑄠𑄬 ।,এক দিন ছোট প্রজাপতির ছবি উঠে গেছে।
𑄛𑄧𑄖𑄴𑄖𑄛𑄧𑄖𑄴𑄖𑄨𑄢𑄴 𑄚𑄚 𑄢𑄧𑄋 ।,.প্রজাপতির অনেক রং
𑄢𑄬𑄘𑄮 𑄟𑄘𑄚𑄴 𑄃𑄬𑄇𑄴𑄇𑄮 𑄚𑄨𑄣𑄴𑄛𑄧𑄢𑄨 𑄃𑄬𑄥𑄴𑄌𑄬 ।,রাতের বেলা একটা নিে আসতেছে
𑄖𑄬 𑄌𑄨𑄎𑄨𑄝𑄨𑄢𑄬 𑄊𑄪𑄟𑄧𑄖𑄴𑄖𑄪𑄚𑄴 𑄎𑄉𑄬 𑄖𑄪𑄣𑄨𑄣𑄧 ।,সে ছোট ঘুম থেকে জেগে উঠল
𑄛𑄧𑄢𑄨𑄝𑄱 𑄌𑄨𑄎𑄨𑄝𑄨𑄢𑄬 𑄚𑄨𑄚𑄬𑄃𑄨 𑄃𑄉𑄎𑄧𑄖𑄴 𑄃𑄪𑄢𑄬𑄢𑄴 ।,পতে হবে বাচ্চাটাকে নিয়ে আকাশে উতে
𑄃𑄉𑄎𑄧𑄖𑄴 𑄢𑄋 𑄛𑄧𑄢𑄨 𑄃 𑄙𑄪𑄛𑄴 𑄛𑄧𑄢𑄨𑄢𑄴 𑄥𑄧𑄟𑄢𑄬 𑄘𑄬𑄊 𑄃𑄧𑄣𑄧 ।,.আকাশে লাল পে আছে সাদা পার সম
𑄢𑄋 𑄛𑄧𑄢𑄨 𑄌𑄨𑄎𑄨𑄝𑄨𑄢𑄬 𑄛𑄬𑄃𑄨𑄚𑄬𑄃𑄨 𑄈𑄪𑄎𑄨 𑄃𑄧𑄣𑄧 ।,লাল পরীটি ছোট শিশুকে কষ্ট দিে খুশি
𑄝𑄬𑄇𑄴𑄇𑄪𑄚𑄬 𑄃𑄪𑄖𑄴𑄖𑄬 𑄃𑄪𑄖𑄴𑄖𑄬 𑄜𑄪𑄣𑄴 𑄝𑄉𑄚𑄧𑄖𑄴 𑄣𑄪𑄋𑄨𑄣𑄇𑄴𑄇𑄮𑄃𑄨 ।,সবাই উপরে উঠতে উঠতে ফুল বাগানে লুকিেছে
𑄖𑄢 𑄚𑄚 𑄢𑄧𑄋𑄧𑄢𑄴 𑄜𑄪𑄣𑄴 𑄘𑄬𑄉𑄨𑄣𑄇𑄴 ।,তারা অনেক রঙের ফুল দিেছে
𑄥𑄉𑄧𑄢𑄴 𑄛𑄧𑄖𑄴𑄖𑄛𑄧𑄖𑄴𑄖𑄨 𑄘𑄬𑄊𑄨𑄣𑄇𑄴 ।,সাগরের পানি দেখতেছি
𑄈𑄢 𑄥𑄬𑄌𑄴 𑄃𑄧𑄃𑄨𑄚𑄬 𑄛𑄧𑄢𑄨𑄃𑄪𑄚𑄬 𑄖𑄢 𑄊𑄧𑄢𑄧𑄖𑄴 𑄉𑄬𑄣𑄇𑄴𑄇𑄮𑄃𑄨 ।,খেলা ক্লান্ত হে তাদের বািতে গেল
"𑄛𑄪𑄘𑄨 𑄟𑄌𑄴, 𑄇𑄮𑄃𑄨 𑄟𑄌𑄴, 𑄖𑄉𑄨 𑄟𑄌𑄴,𑄃𑄬𑄇𑄴 𑄥𑄧𑄟𑄢𑄬 𑄝𑄨𑄣𑄧𑄖𑄴 𑄗𑄬𑄘𑄇𑄴 ।",".পুি মাছ,কোই মাছ,তাগি মাছ,একসাথে বিল থাক"
𑄇𑄮𑄃𑄨 𑄟𑄌𑄴 𑄃 𑄖𑄉𑄨 𑄟𑄌𑄴𑄌𑄪𑄚𑄴 𑄛𑄪𑄘𑄨𑄟𑄌𑄴𑄌𑄪𑄚𑄧𑄢𑄬 𑄙𑄧𑄢𑄨 𑄙𑄧𑄢𑄨 𑄈𑄚𑄴 ।,এক জাতী মাছ অনেক ছোট মাছকে ধরে খাওা
𑄃𑄬𑄇𑄴𑄘𑄨𑄚𑄴 𑄇𑄮𑄃𑄨 𑄟𑄌𑄴𑄌𑄮 𑄃 𑄖𑄉𑄨 𑄟𑄌𑄴𑄌𑄮 𑄇𑄧𑄎𑄳𑄠𑄬 𑄝𑄎𑄬𑄠𑄧𑄚𑄴 ।,একদিন কেকটি মাছ একটি তাকিে বাজাচ্ছে
𑄖𑄢𑄢𑄬 𑄘𑄬𑄉𑄨 𑄛𑄪𑄘𑄨 𑄟𑄌𑄴𑄌𑄮 𑄜𑄣𑄳𑄠𑄢𑄴 ।,তাদেরকে দেিে দো মাছটা লাফাচ্ছে
𑄜𑄣𑄴𑄣𑄘𑄬 𑄜𑄣𑄴𑄣𑄘𑄬 𑄃𑄪𑄖𑄴𑄖𑄬𑄉𑄧𑄭 𑄝𑄨𑄣𑄧 𑄛𑄢𑄧𑄖𑄴 ।,লাফিে লাফিে বিল পার হওা যা
𑄘𑄪𑄢𑄧𑄖𑄴𑄖𑄪𑄚𑄴 𑄃𑄬𑄇𑄴𑄇𑄮 𑄝𑄧𑄉 𑄛𑄪𑄘𑄨 𑄟𑄎𑄴𑄌𑄮𑄢𑄬 𑄘𑄬𑄇𑄴𑄇𑄳𑄠 ।,দূর থেকে একটা ব বগাকে দেখতেছি
𑄆𑄖 𑄃𑄬𑄇𑄴𑄇𑄪𑄃𑄨 𑄈𑄪𑄘𑄧𑄚𑄬 𑄑𑄪𑄖𑄴𑄖𑄮𑄣𑄮𑄃𑄨 𑄛𑄪𑄘𑄨 𑄟𑄌𑄴𑄌𑄮𑄢𑄬 𑄉𑄨𑄣𑄨𑄣𑄧 ।,সে একটি পুটলি দিে কুকুরটিকে গিললো
𑄇𑄮𑄃𑄨 𑄟𑄌𑄴𑄌𑄮𑄣𑄮𑄃𑄨 𑄖𑄉𑄨 𑄟𑄌𑄴𑄌𑄮 𑄡𑄧𑄘𑄧𑄝𑄧𑄘𑄬 𑄓𑄮𑄢𑄬𑄣𑄇𑄴 ।,মুরগিটা তাাহুো করে তাা করলো
𑄓𑄧𑄢𑄬 𑄃𑄬𑄇𑄴𑄇𑄪𑄝𑄢𑄬 𑄛𑄚𑄨 𑄟𑄪𑄢𑄧𑄖𑄴 𑄓𑄪𑄝𑄨𑄣𑄇𑄴𑄇𑄧𑄭 ।,ডরে একজন পানিতে ডুবে গেল
𑄢𑄚𑄴𑄎𑄪𑄚𑄨,"রংধনু, রংধনু"
𑄢𑄧𑄎𑄬𑄠𑄬 : 𑄥𑄧𑄝𑄨𑄚 𑄖𑄳𑄢𑄨𑄛𑄪𑄢,রেজেে: সপাং ত্রিপুরা
𑄝𑄨𑄚𑄨𑄞𑄖𑄴 𑄊𑄖𑄳𑄠𑄬,বিনি ভাত
𑄝𑄨𑄚𑄨𑄞𑄖𑄴 𑄊𑄖𑄳𑄠𑄬𑄠𑄚𑄴 𑄘𑄪𑄝𑄴 ।,বিনি ভাত খাওা যা
𑄝𑄨𑄚𑄨𑄞𑄖𑄴 𑄊𑄴𑄖𑄳𑄠𑄬𑄈𑄬𑄚𑄬𑄭 𑄃𑄨𑄣𑄴 𑄃𑄧𑄣𑄧 ।,বিনি ভাত খেে ইলিশ মাছ
𑄞𑄪𑄎𑄪𑄘𑄴 𑄉𑄧𑄢𑄨𑄚𑄬𑄭 𑄝𑄬𑄣𑄬𑄭𑄝𑄮𑄃𑄧 𑄃𑄬𑄚𑄬𑄭 𑄝𑄨𑄚𑄨𑄞𑄖𑄴 𑄊𑄖𑄴𑄖𑄳𑄠𑄬𑄠𑄚𑄴 𑄈𑄬𑄣𑄧 ।,ভুনা করে বিালটা এসে বিালটা খেলো
𑄟𑄳𑄦-𑄝𑄬𑄣𑄬𑄭𑄝𑄮𑄢𑄬 𑄘𑄬𑄉𑄨 𑄌𑄮𑄢𑄧𑄚𑄴𑄔𑄢𑄣𑄮𑄃𑄨 𑄣𑄧𑄢𑄬𑄣𑄧 ।,মা-বোলটাকে দৌাদৌি করে নিে গেল
𑄝𑄬𑄣𑄬𑄭𑄝𑄮𑄃𑄧 𑄙𑄬𑄣𑄧 ।,বিালটা ঢাললো
𑄌𑄋𑄴𑄟 𑄦𑄧𑄢𑄧𑄇𑄴,এক জাতী পাখি
𑄦𑄧𑄢𑄧𑄇𑄴 𑄛𑄧𑄢𑄳𑄦𑄚,রাগ পা
𑄃𑄬𑄇𑄴 - 𑄦𑄧𑄢𑄧𑄉𑄧𑄢𑄴 𑄟𑄖𑄴,এক হরগ মাছ
𑄟 𑄝 𑄘 𑄦 𑄊 𑄡 𑄚,.মা বাবা পাহাে যা না
𑄘𑄨 - 𑄦𑄧𑄢𑄧𑄉𑄧𑄢𑄴 𑄟𑄖𑄴,দুই-হরগ মাছ
𑄌𑄚 𑄖𑄢 𑄈𑄚 𑄡𑄚 𑄣𑄘 𑄛𑄘 𑄈𑅄 𑄝𑄚 𑄙𑄚 𑄊𑄢 𑄚𑄙,চানা তারা খাওা যাওা যা না শুধু ধান শুকানোর নাা
𑄟𑄣 𑄈𑄢 𑄌𑄢 𑄟𑄢 𑄃𑄘 𑄝𑄣 𑄃𑄢 𑄑𑄚 𑄣𑄢 𑄍𑄢 𑄟𑄖 𑄗𑄚,মালা খাওা চারা দেওা গাছের আগার পাশে দাঁিে থাকা
𑄞𑄋 𑄣𑄉 𑄝𑄢 𑄦𑄚 𑄟𑄚 𑄔𑄣 𑄇𑄘 𑄙𑄢 𑄚𑄢 𑄇𑄝 𑄣𑄚 𑄎𑄣,ভাঙা লাগা পাহাের ফাঁক দিে দাঁিে দাঁিে কাটা কাটাকাটি করা
𑄖𑄩𑄚𑄴 - 𑄦𑄧𑄢𑄧𑄉𑄧𑄢𑄴 𑄟𑄖𑄴,এক জাতী মাছ
𑄈𑄎𑄚 𑄝𑄎𑄚 𑄛𑄉𑄚 𑄟𑄉𑄚 𑄃𑄝𑄘 𑄏𑄝𑄘 𑄟𑄢𑄋 𑄛𑄢𑄋 𑄥𑄝𑄣 𑄝𑄉𑄣 𑄥𑄘𑄋 𑄃𑄘𑄋 𑄌𑄝𑄚 𑄏𑄝𑄚 𑄃𑄏𑄚 𑄃𑄘𑄢 𑄜𑄉𑄢 𑄟𑄘𑄚 𑄟𑄎𑄢 𑄣𑄉𑄚 𑄌𑄘𑄢 𑄏𑄢𑄚 𑄖𑄥𑄢 𑄛𑄘𑄢,.খাওাবাি করা বাাবাি করা বাাবাি করা /n shave
𑄌𑄬𑄢𑄴 - 𑄦𑄧𑄢𑄧𑄉𑄧𑄢𑄴 𑄟𑄖𑄴,এক জাতী মাছ
𑄇𑄣𑄟𑄣 𑄢𑄋𑄌𑄋 𑄙𑄝𑄙𑄝 𑄟𑄙𑄏𑄝 𑄃𑄢𑄑𑄚 𑄝𑄢𑄝𑄚,কালোজামা লালচাঙে দৌাদৌি করতে মাথা ঝাঁকানো
𑄛𑄣𑄛𑄣 𑄟𑄙𑄏𑄢 𑄏𑄣𑄛𑄣 𑄃𑄏𑄢𑄚 𑄘𑄝𑄢𑄚 𑄜𑄘𑄜𑄘,.পাহাি পাহাি মাথা ঝাঁকানো
𑄣𑄢𑄌𑄢 𑄚𑄉𑄚𑄉 𑄌𑄢𑄈𑄢 𑄟𑄣𑄈𑄢 𑄓𑄞𑄡𑄚 𑄦𑄝𑄎𑄝,লাঠি দিে চারা রোপণ করা হ
𑄌𑄝𑄢𑄚 𑄙𑄝𑄡𑄚 𑄝𑄚𑄝𑄚 𑄏𑄉𑄢𑄚 𑄇𑄟𑄢𑄚 𑄙𑄢𑄙𑄢,চাটা দেওা বানাওা বানাওা কাটাকাটি করা
𑄃𑄛𑄴𑄎𑄪𑄉𑄨 𑄛𑄖,এক জাতী পাতা
𑄜𑄧𑄣 𑄛𑄖,ফলার পাতা
𑄟𑄎𑄢 𑄛𑄖,এক জাতী পাতা
"𑄥𑄳𑄚𑄨𑄉𑄴𑄙 𑄇𑄳𑄣𑄚𑄴𑄖𑄩, 𑄉𑄳𑄣𑄚𑄨, 𑄟𑄟𑄳𑄦","সূর্য অস্ত যাচ্ছে,গোসল, মামা"
"𑄅) 𑄃𑄪, 𑄄 𑄃𑄨 𑄆) 𑄃𑄬 𑄿",উু উে আসা
𑄟𑄌𑄴𑄳𑄠 𑄛𑄖𑄴,মাছ ধরার ফাঁদ
𑄇𑄠𑄨 𑄛𑄖𑄴,কাপের পাতা
𑄇𑄧 𑄇 𑄇𑄨 𑄇𑄩 𑄇𑄪 𑄇𑄫 𑄇𑄬 𑄇𑄰 𑄇𑄮 𑄇𑄯 𑄇𑄁 𑄇𑄂 𑄇𑄀,কেকটা কী কী কুা কুিে কেকটি কুা কুিে কথা বলতেছে
𑄈𑄧 𑄈 𑄈𑄨 𑄈𑄩 𑄈𑄪 𑄈𑄫 𑄈𑄬 𑄈𑄰 𑄇𑄮 𑄈𑄯 𑄈𑄁 𑄈𑄂 𑄈𑄀,খেে খেে কিছু তো খেে খেে খা
𑄉𑄧 𑄉 𑄉𑄨 𑄉𑄩 𑄉𑄪 𑄉𑄫 𑄉𑄬 𑄉𑄰 𑄉𑄮 𑄉𑄯 𑄉𑄁 𑄉𑄂 𑄉𑄀,গি গি করে গি গি করে গি গি গাি
𑄊𑄧 𑄊 𑄊𑄨 𑄊𑄩 𑄊𑄪 𑄊𑄫 𑄊𑄬 𑄊𑄰 𑄊𑄮 𑄊𑄯 𑄊𑄁 𑄊𑄂 𑄊𑄀,.ঘোর ঘি ঘিঘি করে ঘোঁিঘি করে ঘাি ঘি
𑄇𑄳𑄠 𑄛𑄖𑄴,কা পাতা
𑄇𑄳𑄠 𑄈𑄳𑄠 𑄉𑄳𑄠 𑄊𑄳𑄠 𑄌𑄳𑄠 𑄍𑄳𑄠 𑄎𑄳𑄠 𑄏𑄳𑄠 𑄑𑄳𑄠 𑄒𑄳𑄠,কেকটা খা ঘা চা চা করে চা ঝা করে
𑄓𑄳𑄠 𑄔𑄳𑄠 𑄕𑄳𑄠 𑄖𑄳𑄠 𑄗𑄳𑄠 𑄘𑄳𑄠 𑄙𑄳𑄠 𑄚𑄳𑄠 𑄛𑄳𑄠 𑄜𑄳𑄠,ডা ডা করে নাচা করে পা
𑄝𑄳𑄠 𑄞𑄳𑄠 𑄟𑄳𑄠 𑄡𑄳𑄠 𑄢𑄳𑄠 𑄣𑄳𑄠 𑄥𑄳𑄠 𑄦𑄳𑄠 𑄠𑄳𑄠,ব ব ব ব হেছে
𑄇𑄳𑄢 𑄈𑄳𑄢 𑄉𑄳𑄢 𑄊𑄳𑄢 𑄌𑄳𑄢 𑄍𑄳𑄢 𑄎𑄳𑄢 𑄏𑄳𑄢 𑄑𑄳𑄢 𑄒𑄳𑄢,পাহাের গাে চা চা চা পা
𑄓𑄳𑄢 𑄔𑄳𑄢 𑄕𑄳𑄢 𑄖𑄳𑄢 𑄗𑄳𑄢 𑄘𑄳𑄢 𑄙𑄳𑄢 𑄚𑄳𑄢 𑄛𑄳𑄢 𑄜𑄳𑄢,পাহাের চূা পাহাে পাহাে যাওা
𑄝𑄳𑄢 𑄞𑄳𑄢 𑄟𑄳𑄢 𑄡𑄳𑄢 𑄣𑄳𑄢 𑄥𑄳𑄢 𑄦𑄳𑄢,ব্রণযুক্ত মলা শুে পা
𑄇𑄭 𑄈𑄭 𑄉𑄭 𑄊𑄭 𑄌𑄭 𑄍𑄭 𑄎𑄭 𑄏𑄭 𑄑𑄭 𑄒𑄭,.কাঁকা খাওা গাে ছাই যা তাাতাি চলে যা
𑄓𑄭 𑄔𑄭 𑄕𑄭 𑄖𑄭 𑄗𑄭 𑄘𑄭 𑄙𑄭 𑄚𑄭 𑄛𑄭 𑄜𑄭,ডান দিক করে তাাতাি তাাতাি যাওা যা
𑄝𑄭 𑄞𑄭 𑄟𑄭 𑄡𑄭 𑄣𑄭 𑄥𑄭 𑄦𑄭 𑄠𑄭,বাই ভাই আমার সাথে যাইে যা
𑄇𑄱 𑄈𑄱 𑄉𑄱 𑄊𑄱 𑄌𑄱 𑄍𑄱 𑄎𑄱 𑄏𑄱 𑄑𑄱 𑄒𑄱,.কাঁকা গোা চোখগুলো জোা জোি করতেছে
𑄓𑄱 𑄔𑄱 𑄕𑄱 𑄖𑄱 𑄗𑄱 𑄘𑄱 𑄙𑄱 𑄚𑄱 𑄛𑄱 𑄜𑄱,ডোরাকাটা দাগটা তোমার ধোঁা ধোার জন্য ব্যবহৃত হ
𑄝𑄱 𑄞𑄱 𑄟𑄱 𑄡𑄱 𑄣𑄱 𑄥𑄱 𑄦𑄱,ব ভাইটা আমার জন্য অনেক ব হেছে
"𑄌𑄨𑄣𑄳𑄠𑄬,𑄎𑄨𑄢𑄚𑄴 𑄟𑄎𑄢","চিল,জিরানা মাা"
𑄚𑄘,"নািভুি, গলার হার"
"𑄥𑄪𑄉𑄧𑄢𑄴, 𑄉𑄧𑄢𑄪, 𑄝𑄨𑄣𑄬𑄃𑄨, 𑄟𑄮𑄌𑄴, 𑄇𑄪𑄉𑄪𑄢𑄴, 𑄦𑄬𑄖𑄴, 𑄊𑄮𑄢, 𑄝𑄇𑄴, 𑄞𑄣𑄪𑄇𑄴, 𑄥𑄨𑄁𑄦𑄧, 𑄦𑄧𑄢𑄨𑄋𑄴, 𑄌𑄧𑄋𑄧𑄢, 𑄉𑄧𑄝𑄧, 𑄉𑄧𑄚𑄴𑄓, 𑄍𑄉𑄧𑄣𑄴, 𑄃𑄪𑄖𑄴, 𑄝𑄚𑄴𑄘𑄧𑄢𑄴, 𑄚𑄪𑄢𑄴, 𑄉𑄙, 𑄥𑄨𑄠𑄬𑄣𑄴, 𑄇𑄪𑄘𑄪𑄇𑄴, 𑄈𑄧𑄢𑄴𑄉𑄪𑄌𑄴, 𑄝𑄨𑄎𑄨","শুকর, গরু, মোষ, গোা, হরিণ, শুকর, গোা, হরিণ, হরিণ, হরিণ, হরিণ, হরিণ, হরিণ, হরিণ, হরিণ, হরিণ, হরিণ, হরিণ, হরিণ, হরিণ, হরিণ, হরিণ, হরিণ, শুকর, হরিণ, হরিণ, হরিণ, হরিণ, হরিণ, হরিণ, হরিণ, হরিণ, হরিণ, হরিণ, হরিণ, হরিণ, হরিণ, হরিণ, হরিণ, হরিণ, হরিণ, সিংহ, হরিণ, হরিণ, হরিণ, হরিণ, হরিণ, ব, হরিণ, হরিণ, হরিণ, হরিণ, হরিণ, বু, বু, বুু"
𑄛𑄬𑄊𑄮 𑄚𑄋𑄴,.পাখির নাা
"𑄝𑄬𑄣 𑄣𑄉, 𑄑𑄪𑄑𑄨𑄁, 𑄈𑄧𑄚𑄴𑄎𑄧𑄚𑄴, 𑄝𑄙𑄮𑄃𑄨, 𑄉𑄪𑄣𑄴𑄌𑄮𑄙𑄮𑄢𑄨, 𑄑𑄧𑄘𑄬𑄇𑄴, 𑄎𑄪𑄢𑄴𑄉𑄮𑄛𑄬𑄇𑄴, 𑄟𑄧𑄚, 𑄥𑄧𑄚, 𑄇𑄧, 𑄦𑄬𑄖𑄴𑄓𑄉, 𑄥𑄬𑄢𑄴, 𑄦𑄖𑄴𑄬𑄢𑄓, 𑄥𑄪𑄘𑄮𑄖𑄴𑄪𑄝𑄨, 𑄈𑄪𑄢𑄮𑄣𑄳𑄠, 𑄃𑄪𑄉𑄪𑄢𑄨𑄇𑄴, 𑄜𑄪𑄣𑄴𑄥𑄪𑄎𑄧𑄚𑄨, 𑄟𑄢𑄋, 𑄞𑄨𑄢𑄬𑄌𑄴, 𑄙𑄧𑄝𑄌𑄨𑄣𑄴, 𑄇𑄧𑄝, 𑄝𑄧𑄉, 𑄥𑄮𑄞𑄮𑄚𑄴, 𑄙𑄪𑄙𑄪𑄈𑄁, 𑄌𑄧𑄢𑄮𑄃𑄨, 𑄛𑄬𑄢, 𑄃𑄧𑄉𑄧𑄣𑄧𑄇𑄴, 𑄙𑄪𑄁𑄇𑄳𑄦𑄧, 𑄇𑄮𑄘𑄮𑄢𑄴, 𑄛𑄬𑄎, 𑄝𑄨𑄏𑄪𑄛𑄬𑄇𑄴 𑄖𑄩𑄙𑄨𑄛𑄬𑄇𑄴, 𑄥𑄧𑄚𑄖𑄴𑄖𑄣𑄨, 𑄢𑄧𑄋𑄴𑄢𑄋𑄴, 𑄗𑄉𑄪𑄢𑄴𑄛𑄬𑄇𑄴, 𑄇𑄮𑄉𑄨𑄣𑄴, 𑄇𑄪𑄠𑄳𑄠𑄬 𑄛𑄬𑄇𑄴, 𑄇𑄳𑄠𑄬𑄖𑄴𑄇𑄬𑄖𑄳𑄠, 𑄦𑄢𑄨𑄇𑄪𑄢𑄨","সূর্য অস্ত যাওার সম, টুটিং, টুটিং, টিক টিক, টিক টিক, টিক টিক, টিক টিক, টিক টিক, টিক টিক, টিক টিক, টিক টিক, টিক টিক"
𑄜𑄪𑄣𑄧 𑄚𑄋𑄴,ফুলের ন্যাকা
"𑄍𑄧𑄘𑄧𑄢𑄧𑄇𑄴, 𑄏𑄧𑄁𑄉, 𑄉𑄮𑄃𑄨, 𑄚𑄧𑄠𑄧𑄚𑄴𑄖𑄢, 𑄚𑄇𑄴𑄥𑄧, 𑄃𑄮𑄢𑄴, 𑄥𑄚𑄬𑄃𑄨, 𑄢𑄘𑄌𑄪𑄣𑄧, 𑄇𑄧𑄣𑄛𑄬𑄣𑄴, 𑄌𑄟𑄴𑄝, 𑄟𑄣𑄧𑄇𑄴𑄈𑄨𑄟, 𑄎𑄢𑄮𑄣𑄴, 𑄝𑄨𑄏𑄪, 𑄌𑄪𑄟𑄧, 𑄢𑄬𑄝𑄬𑄇𑄴, 𑄘𑄨𑄝𑄪𑄎𑄳𑄠, 𑄥𑄨𑄟𑄬𑄃𑄨, 𑄙𑄪𑄙𑄪𑄢𑄧, 𑄏𑄨𑄉𑄬, 𑄇𑄪𑄉𑄨, 𑄇𑄳𑄢𑄨𑄌𑄴𑄚𑄧𑄌𑄪𑄢, 𑄇𑄧𑄘𑄧𑄟𑄴, 𑄥𑄬𑄜𑄣𑄨, 𑄉𑄮𑄣𑄇𑄴, 𑄟𑄧𑄢𑄨𑄌𑄴, 𑄛𑄧𑄖𑄴𑄘𑄧, 𑄟𑄧𑄊𑄛𑄧𑄖𑄴𑄨, 𑄛𑄬𑄟, 𑄇𑄌𑄴𑄖𑄧 𑄘𑄧𑄉𑄧𑄢𑄴, 𑄣𑄮𑄋𑄴𑄜𑄪𑄣𑄴, 𑄇𑄧𑄎𑄧𑄜𑄪𑄣𑄴, 𑄞𑄖𑄴𑄎𑄧𑄢,","এক জাতী শাক,সুগন্ধি, শিমের রস, শিমের রস, শিমের রস, শিমের রস, শিমের রস, শিমের রস, শিমের রস, তামাকের রস, তামাকের রস, তামাকের রস, তামাকের রস, তামাকের রস, তামাকের রস, তামাকের রস, তামাকের রস"
"𑄃𑄟𑄴, 𑄇𑄖𑄴𑄗𑄮𑄣𑄴, 𑄇𑄧𑄟𑄧𑄣, 𑄇𑄧𑄣, 𑄇𑄧𑄚𑄴𑄘𑄣𑄴, 𑄣𑄬𑄟𑄪, 𑄝𑄮𑄢𑄮𑄃𑄨, 𑄣𑄨𑄎𑄪, 𑄉𑄮𑄠𑄬𑄟𑄴, 𑄝𑄘𑄟𑄴, 𑄝𑄧𑄢𑄉𑄪𑄣𑄧, 𑄦𑄧𑄖𑄳𑄠𑄣𑄴𑄉𑄪𑄣𑄧, 𑄓𑄬𑄟𑄧𑄣𑄴𑄉𑄪𑄣𑄧, 𑄝𑄢𑄧𑄖𑄴𑄧𑄉𑄪𑄣𑄧, 𑄇𑄪𑄎𑄪𑄟𑄴𑄉𑄪𑄣𑄧, 𑄃𑄟𑄢𑄉𑄪𑄣𑄧, 𑄝𑄬𑄣𑄴𑄉𑄪𑄣𑄧, 𑄇𑄮𑄉𑄪𑄣𑄧, 𑄝𑄧𑄖𑄴𑄖𑄉𑄪𑄣𑄧, 𑄌𑄮𑄢𑄴𑄝𑄬𑄇𑄴𑄉𑄪𑄣𑄧, 𑄛𑄨𑄣𑄬𑄉𑄪𑄣𑄧, 𑄇𑄘𑄟𑄧𑄣, 𑄥𑄟𑄨𑄚𑄨𑄉𑄪𑄣𑄧, 𑄛𑄧𑄖𑄴𑄨𑄋𑄴𑄉𑄪𑄣𑄧, 𑄇𑄧𑄢𑄧𑄋, 𑄃𑄪𑄣𑄪, 𑄃𑄧𑄜𑄧𑄣𑄴, 𑄎𑄟𑄴𑄝𑄨𑄎𑄨, 𑄖𑄧𑄢𑄴𑄟𑄮𑄌𑄴, 𑄟𑄢𑄴𑄟, 𑄥𑄨𑄚𑄴𑄘𑄨𑄢𑄬, 𑄎𑄧𑄉𑄧𑄚, 𑄛𑄳𑄢𑄬𑄎𑄁, 𑄛𑄧𑄇𑄴, 𑄛𑄢𑄋 𑄈𑄪𑄠𑄋𑄴 𑄝𑄨𑄎𑄨","১. আম, কলা, কলা, কলা, কলা, কলা, কেল, আম, কলা, কেল, কুাল, আওাজ, তামাক, তামাক, তামাক, তামাক, তামাক, তামাক, তামাক, তামাক, তামাক, তামাক, তামাক, তামাক, তামাক, তামাক, তামাক, তামাক, তামাক, তামাক, তামাক, তামাক, তামাক, তামাক, তামাক, তামাক, তামাক, তামাক, তামাক, তামাক, তামাক, তামাক, তামাক, তামাক, তামাক, তামাক, তামাক, তামাক, তামাক, তামাক, কুুাাাাুা"
𑄟𑄏𑄧 𑄚𑄋𑄴,মাছ ধরার চাঁই
"𑄚𑄢𑄬𑄃𑄨, 𑄥𑄣𑄋𑄴, 𑄑𑄪𑄣𑄨𑄁, 𑄝𑄊𑄬𑄃𑄨, 𑄥𑄬𑄣𑄧𑄌𑄴, 𑄣𑄧𑄁𑄉𑄪, 𑄃𑄪𑄉𑄮𑄣𑄴, 𑄣𑄧𑄙, 𑄝𑄌𑄴𑄛𑄘, 𑄚𑄝𑄣𑄁, 𑄢𑄚𑄴𑄘𑄣𑄳𑄠, 𑄛𑄪𑄖𑄩, 𑄛𑄧𑄘, 𑄒𑄚𑄴𑄓, 𑄒𑄪𑄖𑄴𑄪𑄣𑄨𑄁, 𑄖𑄉𑄬𑄃𑄨, 𑄝𑄉𑄮𑄚𑄴, 𑄌𑄨, 𑄖𑄪𑄝𑄪𑄢𑄴, 𑄉𑄪𑄘𑄪𑄁, 𑄝𑄮𑄣𑄴, 𑄥𑄣𑄴, 𑄟𑄉𑄪𑄢𑄴, 𑄌𑄨𑄘𑄮𑄣𑄴, 𑄉𑄮𑄚𑄳𑄠, 𑄉𑄪𑄣𑄴𑄌𑄧, 𑄛𑄮𑄣𑄮𑄃𑄨, 𑄝𑄬𑄢𑄴𑄟, 𑄛𑄝𑄣, 𑄛𑄨𑄚𑄮𑄚𑄴𑄛𑄘, 𑄌𑄮𑄇𑄴𑄛𑄘, 𑄢𑄪𑄃𑄨, 𑄇𑄘𑄣𑄴, 𑄥𑄮𑄣𑄴, 𑄥𑄪𑄉𑄮𑄢𑄴, 𑄥𑄨𑄣𑄴, 𑄇𑄪𑄌𑄴𑄳𑄠, 𑄊𑄋𑄧𑄢𑄴, 𑄝𑄨𑄠𑄮𑄋𑄴, 𑄌𑄨𑄢𑄨𑄋𑄴","এক জাতী হরিণ, বুো, বুো, বুো, বুো, বুো, গুো, বুো, বুো, বুো, গুো, বুো, বুো, বুো, বুো, গুো, বুো, বুো, বুো, বুো, বুো, বুো, বুো, বুো, বুো, বুো, বুো, বুো,গুো,গুো, গুোো,"
𑄛𑄪𑄇𑄴-𑄎𑄪𑄇𑄴,পোকামাক
"𑄟𑄧𑄏, 𑄛𑄨𑄉𑄨𑄢𑄬, 𑄛𑄮𑄖𑄴𑄖𑄛𑄧𑄖𑄴𑄨, 𑄇𑄬𑄌𑄴𑄥𑄧, 𑄊𑄪𑄟𑄪𑄢𑄮, 𑄖𑄬𑄣𑄳𑄠𑄛𑄪𑄇𑄴, 𑄥𑄨𑄁𑄛𑄪𑄇𑄴, 𑄎𑄪𑄇𑄴, 𑄟𑄏𑄨, 𑄟𑄉𑄧𑄢𑄧𑄇𑄴, 𑄟𑄮𑄛𑄪𑄇𑄴, 𑄖𑄬𑄋𑄴𑄖𑄬𑄋𑄧𑄢𑄨, 𑄇𑄬𑄌𑄴𑄇𑄪𑄟𑄮𑄢𑄨, 𑄜𑄨𑄢𑄨𑄋𑄴, 𑄚𑄎𑄮𑄚𑄨𑄛𑄪𑄇𑄴, 𑄝𑄮𑄣𑄛𑄪𑄇𑄴, 𑄞𑄬𑄋𑄪𑄢𑄴𑄛𑄪𑄇𑄴, 𑄃𑄪𑄃𑄨𑄛𑄪𑄇𑄴, 𑄛𑄚𑄳𑄠𑄛𑄪𑄇𑄴, 𑄟𑄪𑄘𑄪𑄢𑄮𑄛𑄪𑄇𑄴, 𑄎𑄪𑄚𑄨𑄛𑄪𑄇𑄴, 𑄇𑄬𑄀𑄛𑄪𑄇𑄴, 𑄇𑄧𑄢𑄧𑄟𑄴𑄛𑄪𑄇𑄴, 𑄖𑄧𑄢𑄨𑄋𑄴𑄛𑄪𑄇𑄴, 𑄟𑄨𑄙𑄪𑄋𑄴𑄛𑄪𑄇𑄴, 𑄇𑄮𑄟𑄮𑄢𑄬𑄁𑄛𑄪𑄇𑄴, 𑄇𑄧𑄢𑄛𑄪𑄇𑄴, 𑄇𑄪𑄟𑄮𑄌𑄳𑄠𑄛𑄪𑄇𑄴, 𑄥𑄪𑄌𑄳𑄠𑄛𑄪𑄇𑄴, 𑄎𑄧𑄘𑄧𑄚, 𑄘𑄌𑄴, 𑄟𑄬𑄝𑄮, 𑄇𑄧𑄎𑄧, 𑄃𑄪𑄢𑄮𑄌𑄴, 𑄞𑄧𑄋𑄧𑄢, 𑄃𑄙𑄣𑄨, 𑄙𑄬𑄭𑄠𑄬, 𑄃𑄧𑄢𑄮𑄣𑄨, 𑄛𑄮𑄝𑄁, 𑄑𑄬𑄋𑄛𑄪𑄇𑄴, 𑄊𑄪𑄃𑄧𑄛𑄪𑄇𑄴, 𑄥𑄬𑄢𑄬𑄭𑄛𑄪𑄇𑄴, 𑄊𑄚𑄴𑄘𑄨𑄛𑄪𑄇𑄴, 𑄥𑄢𑄴𑄛𑄪𑄇𑄴, 𑄥𑄀𑄖𑄴,","এক জাতী শুকর, কুমাপুা, কুমাপুা, কুমাপুুক, উুপুুক, কুমাপুুক, কুমাপুুক, গুঁো, কুমাপুু, কুমাপুুক, কুমাপুুক, কুমাপুুক, কুমাপুুক, গুঁো, কুমাপুো, কুমারপুেপুাপুাপুা"
"𑄉𑄪𑄭, 𑄥𑄛𑄴, 𑄝𑄳𑄠𑄋𑄴, 𑄘𑄪𑄢𑄴, 𑄟𑄣𑄴𑄟𑄪𑄢𑄳𑄦𑄧, 𑄇𑄪𑄟𑄮𑄢𑄴, 𑄇𑄧𑄇𑄬𑄋𑄴, 𑄖𑄨𑄝𑄨𑄢𑄬𑄁 𑄉𑄪𑄭, 𑄥𑄟𑄧𑄣𑄧𑄇𑄴, 𑄑𑄪𑄛𑄴𑄑𑄪𑄝𑄨, 𑄟𑄉𑄧𑄢𑄧𑄇𑄴, 𑄌𑄬𑄢, 𑄉𑄬𑄢, 𑄥𑄟𑄪𑄇𑄴","বাচ্চা, সাপ,বু, কুমোর, কুমোর, কুা, কুা, কুা, কুা, কুা, কুা, কুা, কুা, কুা, কুা, কুা, কুা, কুা, কুা, কুা, কুা, গুো, কুা, কুা, কুা, কুা, কুু, কুা, কুা, কুা"
"𑄝𑄨𑄉𑄪𑄚𑄴, 𑄞𑄌𑄴𑄪𑄢𑄨, 𑄟𑄪𑄣𑄧, 𑄇𑄪𑄎𑄪, 𑄃𑄣𑄪, 𑄇𑄧𑄞𑄨, 𑄇𑄪𑄟𑄪𑄢𑄮, 𑄥𑄪𑄉𑄪𑄢𑄨𑄉𑄪𑄣𑄧, 𑄇𑄪𑄙𑄪𑄉𑄪𑄣𑄧, 𑄖𑄩𑄘𑄬𑄉𑄪𑄣𑄧, 𑄏𑄨𑄉𑄬, 𑄇𑄰𑄙𑄬, 𑄈𑄧𑄢𑄧𑄝𑄨𑄉𑄪𑄚𑄴, 𑄃𑄪𑄣𑄪, 𑄇𑄧𑄣𑄖𑄴𑄗𑄪𑄢𑄴, 𑄛𑄮𑄢𑄮𑄣𑄴, 𑄇𑄋𑄢𑄉𑄪𑄣𑄧, 𑄔𑄉𑄥𑄪𑄟𑄨, 𑄖𑄨𑄘𑄬 𑄝𑄬𑄉𑄮𑄣𑄴, 𑄃𑄟𑄨𑄣𑄬, 𑄛𑄪𑄎𑄮𑄇𑄴, 𑄟𑄬𑄠𑄬𑄥𑄇𑄴, 𑄔𑄨𑄋𑄨𑄥𑄇𑄴, 𑄣𑄬𑄣𑄧𑄚𑄴𑄛𑄘, 𑄎𑄋𑄣𑄳𑄠𑄥𑄇𑄴, 𑄥𑄨𑄉𑄮𑄚𑄴𑄥𑄇𑄴, 𑄥𑄟𑄴𑄪𑄃𑄪𑄣𑄴, 𑄉𑄌𑄴𑄃𑄪𑄣𑄴, 𑄈𑄧𑄇𑄴𑄇𑄬𑄋𑄴 𑄃𑄪𑄣𑄴, 𑄝𑄌𑄴𑄃𑄪𑄣𑄴, 𑄉𑄪𑄢𑄪𑄖𑄴𑄧𑄃𑄪𑄣𑄴, 𑄃𑄪𑄚𑄴𑄘𑄪𑄢𑄴𑄇𑄚𑄴𑄃𑄪𑄣𑄴, 𑄖𑄢, 𑄇𑄖𑄴𑄗𑄮𑄣𑄴𑄔𑄨𑄋𑄨, 𑄌𑄬𑄋𑄬𑄭𑄉𑄪𑄣𑄧","এক জাতী সবজি, আলু, কুমা, আলু, কুমা, কুমা, কুমা, আলু, কুমা, কুমা, কুমা, কুমা, আলু, কুমা, কুমা, কুমা, কুমা, কুমা, কুমা, কুমা, কুমা, কুমা, কুমা, কুমা, আলু, কচু, কুাকুাাাাা,"
𑄉𑄏𑄧 𑄚𑄋𑄴,গাছের নাি
"𑄝𑄧𑄖𑄴, 𑄥𑄇𑄴𑄉𑄮𑄚𑄴, 𑄉𑄧𑄌𑄴𑄎𑄧𑄁, 𑄉𑄟𑄢𑄨, 𑄌𑄨𑄝𑄨𑄖𑄴, 𑄃𑄟𑄴, 𑄇𑄖𑄴𑄗𑄮𑄣𑄴, 𑄥𑄟𑄨𑄚𑄨, 𑄇𑄪𑄟𑄴𑄝𑄮𑄃𑄨, 𑄥𑄬𑄝𑄢𑄮𑄎𑄨, 𑄝𑄨𑄢𑄨𑄌𑄴, 𑄇𑄮𑄢𑄮𑄃𑄨, 𑄌𑄇𑄴𑄇𑄱, 𑄞𑄘𑄨, 𑄥𑄮𑄢𑄴𑄝𑄬𑄇𑄴, 𑄇𑄬𑄖𑄴𑄳𑄢𑄋𑄴, 𑄝𑄧𑄖𑄴𑄖, 𑄝𑄢𑄧𑄖𑄴𑄧, 𑄎𑄢𑄮𑄣𑄴, 𑄖𑄬𑄘𑄮𑄠𑄬𑄍𑄧𑄢𑄨, 𑄛𑄉𑄮𑄌𑄴𑄳𑄠, 𑄟𑄮𑄚𑄴𑄦𑄧𑄚, 𑄛𑄨𑄙𑄬𑄇𑄧𑄣, 𑄚𑄇𑄴𑄥𑄧, 𑄟𑄧𑄘𑄧𑄚𑄴𑄟𑄮𑄖𑄴𑄳𑄠, 𑄛𑄮𑄝𑄮𑄚𑄴, 𑄃𑄧𑄌𑄴𑄎𑄳𑄠𑄋𑄴, 𑄉𑄪𑄢𑄴𑄉𑄪𑄖𑄳𑄠, 𑄇𑄟𑄢𑄁, 𑄖𑄬𑄘𑄮𑄃𑄨, 𑄝𑄮𑄠",".বত,সিদ্ধ,সিদ্ধ,মিষ্টি,মিষ্টি,মিষ্টি,মিষ্টি,মিষ্টি, কুমা,মিষ্টি,মিষ্টি,মিষ্টি, কুমা, মিষ্টি,মিষ্টি,মিষ্টি,মিষ্টি,মিষ্টি,মিষ্টি, কুমা,মিষ্টি,মিষ্টি,মিষ্টি,মিষ্টি, কুমা,মিষ্টি, কুমা,মিষ্টি,মিষ্টি,মিষ্টি,মিষ্টি,মিষ্টি,মিষ্টি,মিষ্টি,মিষ্টি,মিষ্টি,মিষ্টি,মিষ্টি,মিষ্টি,মিষ্টি,মিষ্টি,মিষ্টি,মিষ্টি,মিষ্টি,মিষ্টি,মিষ্টি,মিষ্টি,মিষ্টি,সুের ব,ব,পু,বো"
𑄝𑄏𑄧 𑄚𑄋𑄴,বাঁশের নালা
"𑄃𑄬𑄉𑄮𑄌𑄳𑄠, 𑄛𑄢𑄴𑄝𑄮, 𑄝𑄌𑄴𑄳𑄠, 𑄞𑄪𑄘𑄪𑄁, 𑄣𑄧𑄘𑄨, 𑄇𑄣𑄨𑄍𑄪𑄢𑄨, 𑄟𑄨𑄓𑄨𑄋𑄬, 𑄖𑄩𑄣𑄪, 𑄟𑄧𑄣𑄨, 𑄎𑄁, 𑄎𑄬𑄃𑄨, 𑄤𑄧𑄢, 𑄚𑄧𑄣𑄨, 𑄘𑄪𑄣𑄪","এগোা,পাওা,বাঁশি,মিচি,ঝিঝি,ওা,ওা,ওা,ওা,ওা,ওা,ওা,ওা,ওা,ওা,ওা,ওা,ওা,ওা,ওা,ওা,ওা,ওা"
𑄊𑄧𑄢𑄧 𑄚𑄋𑄴,বাির নাচ
"𑄝𑄢𑄨𑄎𑄬 𑄊𑄧𑄢𑄴, 𑄔𑄨𑄋𑄨𑄥𑄣𑄴, 𑄙𑄚𑄴𑄊𑄧𑄢𑄴, 𑄇𑄬𑄎𑄨𑄊𑄧𑄢𑄴, 𑄖𑄧𑄁 𑄊𑄧𑄢𑄴, 𑄇𑄪𑄢𑄳𑄦𑄧 𑄣𑄪𑄢𑄴, 𑄟𑄖𑄳𑄠 𑄊𑄧𑄢𑄴, 𑄛𑄇𑄴𑄇 𑄊𑄧𑄢𑄴, 𑄟𑄮𑄚𑄮 𑄊𑄧𑄢𑄴, 𑄉𑄪𑄢𑄪 𑄃𑄪𑄢𑄧, 𑄍𑄉𑄧𑄣𑄴 𑄊𑄧𑄢𑄴, 𑄈𑄧𑄣𑄴 𑄊𑄧𑄢𑄴, 𑄘𑄢𑄴𑄝𑄱 𑄊𑄧𑄢𑄴, 𑄎𑄪𑄟𑄴 𑄊𑄧𑄢𑄴, 𑄃𑄉𑄮𑄚𑄨𑄥𑄣𑄴, 𑄝𑄎𑄬𑄃𑄨, 𑄉𑄢𑄬𑄋𑄴, 𑄛𑄧𑄋𑄴𑄊𑄧𑄢𑄴, 𑄝𑄧𑄢𑄴𑄝𑄳𑄦𑄧 𑄝𑄎𑄬𑄃𑄨","বর্ষাকালের বাি, ঢিঙি বাি, ধান বাি, খাা বাি, গরু বাি, মহিষের বাি, মহিষের বাি, মহিষের বাি, মহিষের বাি, মহিষের বাি, মহিষের বাি, মহিষের বাি, মহিষের বাি, মহিষের বাি, মহিষের বাি, মহিষের বাি, মহিষের বাি, মহিষের বাি, মহিষের বাি"
𑄊𑄧𑄢𑄧 𑄃𑄧𑄁𑄥𑄧,বাির ছিদ্র
"𑄟𑄪𑄣𑄴 𑄊𑄧𑄢𑄴, 𑄥𑄨𑄁𑄊𑄧𑄝, 𑄛𑄨𑄏𑄮𑄢𑄴, 𑄤𑄧𑄎𑄮𑄣𑄬𑄁, 𑄌𑄨𑄘𑄬𑄚𑄴, 𑄉𑄪𑄘𑄨, 𑄥𑄚, 𑄃𑄨𑄎𑄮𑄢𑄴, 𑄇𑄚𑄨𑄥𑄣𑄴, 𑄓𑄮𑄢𑄴, 𑄛𑄪𑄉𑄪𑄘𑄨 𑄇𑄚, 𑄞𑄮𑄢𑄴, 𑄥𑄣𑄴, 𑄃𑄪𑄖𑄴𑄧 𑄟𑄎, 𑄤𑄧𑄣𑄮𑄚𑄴 𑄥𑄣𑄴, 𑄎𑄪𑄢𑄴𑄉𑄮, 𑄝𑄬𑄢𑄴, 𑄇𑄧𑄝𑄴, 𑄌𑄋𑄪 𑄘𑄮𑄢𑄴, 𑄖𑄌𑄴𑄌𑄮𑄣𑄴, 𑄈𑄨𑄢𑄴𑄉𑄬, 𑄦𑄟𑄧𑄖𑄴𑄧𑄣𑄴, 𑄥𑄋𑄪, 𑄃𑄣𑄴𑄥𑄨𑄠𑄬",".মূল বাি, সিঙ্গারা, সিঙ্গারা, আওাজ, সুর, তাল, তাল, তাল, তাল, তাল, তাল, তাল, তাল, তাল, তাল, তাল, তাল, তাল, তাল, তাল, তাল, তাল, তাল, তাল, তাল, তাল, তাল, তাল, তাল, তাল, তাল, তাল, তাল, তাল, তাল, তাল, তাল, তাল, তাল, তাল, তাল, তাল, তাল, তাল, তাল, তাল, তাল, তাল, তাল, তাল, তাল, তাল, তাল,বুবাু,সুু,সু"
𑄝𑄘𑄳𑄠𑄡𑄧𑄚𑄴𑄖𑄳𑄢𑄧,এক জাতী বাদ্যযন্ত্র
"𑄖𑄧𑄝𑄧𑄣, 𑄝𑄎𑄨, 𑄥𑄨𑄋, 𑄥𑄧𑄁𑄈𑄧, 𑄔𑄪𑄣𑄴, 𑄈𑄬𑄁𑄉𑄧𑄢𑄧𑄁, 𑄦𑄢𑄴𑄟𑄧𑄚𑄨, 𑄝𑄬𑄣, 𑄙𑄪𑄙𑄪𑄇𑄴, 𑄉𑄧𑄎𑄨𑄚, 𑄃𑄬𑄇𑄴𑄖𑄢","তবলা, সিঙা, ঢোল, খেংরং, খেংরং, হাওারং, তবলা, একতারা, একতারা"
𑄃𑄧𑄌𑄴𑄖𑄧-𑄃𑄧𑄣𑄧𑄋𑄴𑄇𑄢𑄴,এক জাতী অলংকার
"𑄚𑄇𑄴𑄜𑄪𑄣𑄴, 𑄇𑄚𑄴𑄜𑄪𑄣𑄴, 𑄇𑄧𑄎𑄧𑄜𑄪𑄣𑄴, 𑄚𑄧𑄇𑄴𑄇𑄧𑄖𑄴𑄖𑄧𑄢𑄧, 𑄎𑄮𑄟𑄴𑄝𑄮𑄣𑄨, 𑄇𑄬𑄝, 𑄑𑄬𑄋𑄍𑄧𑄢, 𑄦𑄣𑄴𑄍𑄧𑄢, 𑄛𑄨𑄎𑄨𑄍𑄧𑄢, 𑄦𑄎𑄧𑄣𑄨, 𑄚𑄬𑄉𑄬𑄣𑄬𑄌𑄴, 𑄃𑄚𑄴𑄘𑄨𑄇𑄴, 𑄖𑄌𑄴𑄎𑄮𑄢𑄴, 𑄝𑄣𑄦𑄢𑄪, 𑄝𑄋𑄪𑄢𑄨, 𑄦𑄬𑄘𑄧𑄘𑄙𑄧 𑄝𑄣, 𑄒𑄬𑄋𑄧𑄖𑄴𑄦𑄢𑄪, 𑄏𑄪𑄋𑄴𑄉𑄮, 𑄌𑄨𑄖𑄴𑄍𑄧𑄢, 𑄝𑄧𑄉 𑄉𑄟𑄴𑄎, 𑄇𑄟𑄮𑄢𑄴𑄛𑄨𑄌𑄴",".নাক ফুল, কানের ফুল, নাকের ফুল, নাকের ফুল, পাহাের ফুল, পাহাের ফুল, পাহাের ফুল, পাহাের ফুল, /n Filtering device, /n Filtering device"
𑄃𑄪𑄢𑄮𑄚𑄴-𑄛𑄨𑄚𑄮𑄚𑄴,উো পিনোন
"𑄛𑄨𑄚𑄮𑄚𑄴, 𑄈𑄘𑄨, 𑄝𑄬𑄣𑄃𑄪𑄌𑄴, 𑄈𑄧𑄝𑄧𑄋𑄴, 𑄉𑄘𑄮𑄚𑄨𑄇𑄚𑄨, 𑄎𑄪𑄟𑄴𑄟𑄮 𑄥𑄨𑄣𑄪𑄟𑄴, 𑄙𑄪𑄙𑄨, 𑄖𑄬𑄚𑄳𑄠𑄇𑄚𑄨, 𑄛𑄬𑄚𑄴𑄘𑄧𑄣𑄧𑄋𑄴, 𑄉𑄚𑄴𑄎𑄇𑄚𑄨, 𑄦𑄖𑄴𑄇𑄝𑄧𑄢𑄴, 𑄥𑄌𑄴𑄇𑄝𑄧𑄢𑄴, 𑄌𑄪𑄣𑄧𑄜𑄨𑄘𑄳𑄠, 𑄜𑄢𑄧𑄖𑄴𑄘𑄧𑄢𑄨, 𑄇𑄧𑄟𑄧𑄢𑄴𑄛𑄨𑄖𑄴","পিনন,খাওা,খাওা,পাহাি,খাওা,পাহাি,ফ্যান,হাত কাপ,পাহাের কাপ,হাতের কাপ,হাতের কাপ,হাতের কাপ,হাতের কাপ,হাতের কাপ,হাতের কাপ,হাতের কাপ,হাতের কাপ, কাপের কাপ,হাতের কাপ,হাতের কাপ,হাতের কাপ,হাতের কাপ"
𑄝𑄏𑄧𑄢𑄴 𑄝𑄪𑄚𑄧𑄇𑄘,বাঁশের বোনা
"𑄜𑄪𑄣𑄴 𑄝𑄢𑄬𑄁, 𑄝𑄢𑄬𑄁, 𑄇𑄣𑄴𑄣𑄮𑄁, 𑄓𑄨𑄋𑄨𑄢𑄬, 𑄜𑄣𑄨, 𑄇𑄌𑄴𑄌𑄬𑄁, 𑄇𑄪𑄢𑄪𑄟𑄴, 𑄛𑄮𑄇𑄴𑄳𑄠𑄬, 𑄣𑄬𑄃𑄨, 𑄃𑄳𑄦𑄢𑄨, 𑄝𑄬𑄢, 𑄈𑄎, 𑄏𑄉, 𑄥𑄟𑄴𑄟𑄱, 𑄖𑄮𑄣𑄮𑄃𑄨, 𑄥𑄝𑄢, 𑄑𑄨𑄝𑄨𑄖𑄴, 𑄟𑄬𑄎𑄁, 𑄣𑄪𑄃𑄨, 𑄛𑄇𑄴𑄇𑄮𑄚𑄴, 𑄇𑄪𑄣𑄧, 𑄥𑄣𑄮𑄚𑄴, 𑄇𑄣𑄨 𑄌𑄝𑄢, 𑄘𑄪𑄛𑄴, 𑄌𑄬𑄃𑄨, 𑄝𑄨𑄎𑄮𑄚𑄴, 𑄘𑄪𑄣𑄮𑄚𑄴, 𑄔𑄉𑄮𑄚𑄨, 𑄇𑄮𑄇𑄴𑄇𑄮𑄢𑄬𑄁, 𑄇𑄪𑄢𑄳𑄦𑄧 𑄝𑄳𑄦 , 𑄛𑄘𑄨, 𑄇𑄬𑄝, 𑄎𑄪𑄢𑄴𑄉𑄮, 𑄛𑄬𑄢𑄴𑄝𑄱, 𑄇𑄢𑄁, 𑄙𑄪𑄣𑄧, 𑄃𑄨𑄎𑄬𑄟𑄧𑄎𑄨,",".পুে বারেং, বারেং,পুে,পুে,শুে,পুে,শুে,পুে,শুে,শুে,শুে,পুে,শুে,শুে,শুে,শুে,পুে,শুে,শুে,পুে,পুে,পুে,পুে,শুে,পুে,পুে,শুে,পুে,ওা,ওা,পুে,শু"
"𑄌𑄧𑄢𑄴𑄉, 𑄌𑄧𑄢𑄴𑄉𑄨, 𑄚𑄘𑄬𑄃𑄨, 𑄣𑄋, 𑄜𑄣𑄴, 𑄢𑄧𑄘𑄧𑄁 𑄝𑄌𑄴, 𑄖𑄉𑄧𑄣𑄧𑄇𑄴, 𑄖𑄪𑄢𑄴𑄌𑄪𑄟𑄮, 𑄖𑄟𑄴𑄟𑄱 𑄝𑄌𑄴, 𑄖𑄢𑄟𑄴, 𑄝𑄧𑄉𑄧𑄣 𑄝𑄌𑄴, 𑄥𑄪𑄌𑄴𑄌𑄬𑄇𑄴 𑄝𑄌𑄴, 𑄏𑄧𑄘𑄧𑄚𑄨 𑄝𑄌𑄴, 𑄝𑄧𑄇𑄙𑄨, 𑄖𑄌𑄴𑄌𑄨𑄌𑄟𑄴, 𑄝𑄨𑄠𑄮𑄋𑄴, 𑄥𑄪𑄘𑄧𑄚𑄧𑄣𑄨, 𑄢𑄬𑄏𑄨, 𑄟𑄮𑄟𑄴, 𑄌𑄳𑄠𑄬𑄋𑄴, 𑄑𑄇𑄴𑄇𑄮, 𑄇𑄪𑄘𑄪𑄇𑄴𑄇𑄘, 𑄖𑄢𑄟𑄴, 𑄝𑄬𑄚𑄮𑄉𑄧𑄢𑄴, 𑄃𑄣𑄟𑄴,","১. চরকা, চরকা, তামাকের বাঁশ, তামাকের বাঁশ, তামাকের বাঁশ, তামাকের বাঁশ, তামাকের বাঁশ, তামাকের বাঁশ, তামাকের বাঁশ, তামাকের বাঁশ, তামাকের বাঁশ, তামাকের বাঁশ, তামাকের বাঁশ, তামাকের বাঁশ, বিে, তামাকের বাঁশ, বিে, বিে, বিে, বিে, বিে, বিে, বিে, বিে, বিে, বিে, বিে, তামাকের বাঁশ, তািাঙিে বািে,"
𑄝𑄪𑄚𑄧𑄇𑄘,বুনন
"𑄃𑄣𑄟𑄴, 𑄛𑄨𑄚𑄮𑄚𑄴, 𑄈𑄘𑄨, 𑄈𑄧𑄝𑄧𑄋𑄴, 𑄎𑄪𑄟𑄴𑄟𑄮 𑄥𑄨𑄣𑄪𑄟𑄴, 𑄖𑄬𑄚𑄳𑄠𑄇𑄚𑄨, 𑄉𑄚𑄴𑄎𑄇𑄚𑄨, 𑄦𑄖𑄴𑄇𑄝𑄧𑄢𑄴, 𑄇𑄧𑄌𑄴𑄎𑄣𑄴, 𑄝𑄮𑄢𑄴𑄉𑄨, 𑄟𑄝𑄣𑄢𑄴, 𑄃𑄨𑄠𑄧𑄇𑄴, 𑄛𑄎𑄢","আলম, পিনন, খাদি, খাগা, তাস, তাস, কাপ, কাপ, কাপ, কাপ, কাপ, কাপ, কাপ, কাপ, কাপ, কাপ, কাপ, কাপ, কাপ, কাপ, কাপ, কাপ, কাপ, কাপ, কাপ, কাপ, কাপ, কাপ, কাপ, কাপ, কাপ, কাপ, কাপ, কাপ, হাত কাপ, হাত কাপ"
"𑄃𑄬𑄇𑄴𑄝𑄬𑄠𑄬 𑄜𑄪𑄣𑄴, 𑄖𑄨𑄚𑄴𑄝𑄬𑄠𑄬 𑄜𑄪𑄣𑄴, 𑄛𑄌𑄴𑄝𑄬𑄠𑄬 𑄜𑄪𑄣𑄴, 𑄥𑄖𑄴𑄝𑄬𑄠𑄬 𑄜𑄪𑄣𑄴, 𑄘𑄧𑄌𑄴𑄝𑄬𑄠𑄬 𑄜𑄪𑄣𑄴, 𑄥𑄮𑄣𑄧𑄝𑄬𑄠𑄬𑄜𑄪𑄣𑄴, 𑄝𑄨𑄉𑄪𑄚𑄴𑄝𑄨𑄎𑄨𑄜𑄪𑄣𑄴, 𑄇𑄪𑄢𑄮𑄌𑄮𑄇𑄴, 𑄖𑄬𑄘𑄮𑄃𑄨 𑄝𑄨𑄎𑄨, 𑄛𑄬𑄎 𑄌𑄮𑄇𑄴, 𑄝𑄊𑄧𑄇𑄮𑄌𑄴, 𑄦𑄎𑄧 𑄒𑄬𑄋𑄴, 𑄝𑄨𑄣𑄬𑄠𑄮𑄇𑄪𑄌𑄴, 𑄥𑄝𑄧 𑄇𑄋𑄬𑄣𑄴, 𑄟𑄧𑄎𑄧𑄢 𑄜𑄪𑄣𑄴, 𑄥𑄟𑄴𑄟𑄱𑄣𑄬𑄌𑄴, 𑄦𑄢𑄴, 𑄓𑄨𑄇𑄴, 𑄝𑄬𑄋𑄇𑄧𑄋, 𑄣𑄢𑄬𑄣𑄛𑄴𑄛𑄭 𑄥𑄝𑄮𑄉𑄨, 𑄌𑄮𑄇𑄴, 𑄇𑄧𑄎𑄧 𑄜𑄪𑄣𑄴, 𑄝𑄘𑄨𑄡𑄪𑄇𑄴𑄳𑄠,","এক জাতী ফুল,তিন জনে ফুল,তিন জনে ফুল,এক জাতী ফুল,এক জাতী ফুল,বিগুে ফুল,বিগুে ফুল,এক জাতী ফুল,বিগুে ফুল,এক জাতী ফুল,বিগুে ফুল,এক জাতী ফুল,এক জাতী ফুল,বিগুে ফুল,এক জাতী ফুল,বিগুে ফুল,এক জাতী ফুল,বিগুে ফুল,বিগুে ফুল,বিগুে ফুল,এক জাতী ফুল,এক জাতী ফুল,এক জাতী ফুল,এক জাতী ফুল,"
𑄈𑄚-𑄘𑄚,খাওা-দাওা
"𑄖𑄝𑄘𑄳𑄠, 𑄥𑄨𑄇𑄴𑄳𑄠, 𑄇𑄬𑄝𑄋𑄴, 𑄃𑄪𑄌𑄴𑄳𑄠, 𑄉𑄪𑄘𑄬𑄠𑄳𑄠, 𑄛𑄪𑄌𑄴𑄎𑄳𑄠, 𑄈𑄧𑄣-𑄉𑄮𑄌𑄴𑄎𑄳𑄠, 𑄞𑄎, 𑄢𑄚𑄴𑄳𑄠, 𑄉𑄮𑄢𑄚𑄴, 𑄛𑄮𑄉𑄮𑄚𑄧𑄖𑄴-𑄘𑄳𑄠, 𑄛𑄪𑄉𑄮𑄣𑄧𑄇𑄧𑄖𑄴-𑄘𑄳𑄠, 𑄇𑄮𑄢𑄴𑄝𑄱, 𑄏𑄪𑄣𑄴, 𑄘𑄪𑄢𑄴𑄥𑄨𑄎𑄬𑄠𑄬, 𑄊𑄖𑄴𑄳𑄠, 𑄌𑄨𑄘𑄮𑄣𑄴𑄖𑄮𑄚𑄴, 𑄟𑄨𑄙𑄪𑄇𑄴𑄇𑄬𑄠𑄬, 𑄈𑄨𑄌𑄪𑄢𑄨, 𑄥𑄨𑄊𑄟,","তাবাা, সিকা, গুো, গুো, গুো, গুো, গুো, গুো, গুো, গুো, গুো, গুো, গুো, কুো, গুো, গুো, গুো, গুো, গুো, গুো, কুো, গুো, গুো, গুো, গুো, গুো, গুো, গুো,সুোা, ভাজা, সমুকো,"
𑄙𑄚𑄧 𑄚𑄋𑄴,ধানের না
"𑄉𑄪𑄢𑄨, 𑄃𑄟𑄬𑄃𑄨, 𑄌𑄨𑄉𑄮𑄚𑄴 𑄢𑄬𑄋𑄴𑄉𑄮𑄃𑄨, 𑄝𑄧𑄢𑄴 𑄢𑄬𑄋𑄴𑄉𑄮𑄃𑄨, 𑄟𑄬𑄣𑄳𑄦𑄬, 𑄛𑄖𑄴𑄨𑄉𑄨, 𑄗𑄪𑄘𑄧 𑄛𑄖𑄴𑄨𑄉𑄨, 𑄇𑄟𑄢𑄋𑄴, 𑄞𑄪𑄛𑄴𑄮𑄃𑄨, 𑄉𑄬𑄣𑄧𑄋𑄴, 𑄇𑄧𑄝𑄧𑄢𑄧𑄇𑄴, 𑄝𑄙𑄮𑄃𑄨, 𑄝𑄚𑄴𑄘𑄧𑄢𑄧𑄚𑄧𑄇𑄴 𑄝𑄨𑄚𑄨, 𑄦𑄧𑄢𑄨𑄋𑄴 𑄝𑄨𑄚𑄨, 𑄉𑄪𑄇𑄣 𑄝𑄨𑄚𑄨, 𑄣𑄧𑄋𑄴𑄇𑄛𑄧𑄢 𑄝𑄨𑄚𑄨, 𑄇𑄪𑄉𑄨 𑄝𑄨𑄚𑄨, 𑄝𑄋𑄣𑄴 𑄝𑄨𑄚𑄨, 𑄗𑄪𑄟𑄴𑄝𑄌𑄴 𑄝𑄨𑄚𑄨, 𑄥𑄨𑄘𑄨𑄢𑄬 𑄝𑄨𑄚𑄨, 𑄇𑄧𑄝 𑄝𑄨𑄚𑄨, 𑄗𑄨𑄝𑄨𑄢𑄬 𑄝𑄨𑄚𑄨, 𑄟𑄢𑄨𑄌𑄳𑄠𑄬 𑄝𑄨𑄚𑄨, 𑄝𑄧𑄢𑄴 𑄃𑄨𑄢𑄨, 𑄌𑄨𑄚𑄬 𑄃𑄨𑄢𑄨, 𑄛𑄭𑄎𑄟𑄴, 𑄇𑄣𑄳𑄠𑄎𑄨𑄢𑄬, 𑄛𑄚𑄴𑄎𑄙𑄨𑄢𑄨, 𑄌𑄨𑄚𑄬𑄣𑄴","গুঁি বিনি,মিষ্টি বিনি,মিষ্টি বিনি,মিষ্টি কুমি,মিষ্টি কুমি,মিষ্টি কুমি,মিষ্টি কুমি,মিষ্টি কুমি,মিষ্টি কুমি,মিষ্টি কুমা"
𑄝𑄩𑄥𑄴𑄝𑄨𑄎𑄨𑄘𑄨 𑄚𑄋𑄴,বিস্মসূচক শব্দ
"𑄥𑄪𑄘𑄧, 𑄉𑄮𑄌𑄴𑄳𑄠, 𑄇𑄣 𑄉𑄮𑄌𑄴𑄳𑄠, 𑄢𑄋 𑄉𑄮𑄌𑄴𑄳𑄠, 𑄚𑄉 𑄉𑄮𑄌𑄴𑄳𑄠, 𑄦𑄧𑄢𑄧𑄣𑄴, 𑄓𑄪𑄟𑄮𑄢𑄴𑄥𑄧𑄟𑄨, 𑄟𑄧𑄇𑄴𑄳𑄠, 𑄎𑄬𑄘𑄬𑄚, 𑄇𑄮𑄚𑄴, 𑄎𑄪𑄢𑄧𑄃𑄣𑄪, 𑄇𑄬𑄌𑄴𑄝𑄨𑄎𑄨, 𑄛𑄪𑄏𑄨, 𑄥𑄝𑄢𑄁, 𑄟𑄬𑄠𑄬𑄥𑄇𑄴, 𑄟𑄧𑄢𑄨𑄌𑄴, 𑄢𑄬𑄭𑄥𑄇𑄴, 𑄟𑄪𑄣𑄧𑄥𑄇𑄴, 𑄥𑄧𑄥𑄳𑄠𑄧, 𑄟𑄢𑄴𑄟, 𑄌𑄨𑄚𑄴𑄘𑄨𑄢𑄬, 𑄜𑄧𑄣𑄴, 𑄇𑄰𑄘𑄳𑄠, 𑄇𑄮𑄉𑄬𑄠, 𑄇𑄪𑄟𑄪𑄢𑄧, 𑄥𑄪𑄉𑄪𑄢𑄨𑄉𑄪𑄣𑄮, 𑄇𑄧𑄘𑄪𑄉𑄪𑄣𑄮, 𑄖𑄧𑄢𑄴𑄟𑄮𑄌𑄴, 𑄛𑄨𑄣𑄬𑄉𑄪𑄣𑄮, 𑄝𑄨𑄉𑄪𑄚𑄴, 𑄏𑄨𑄉𑄬, 𑄛𑄮𑄢𑄮𑄣𑄴, 𑄈𑄧𑄢𑄧𑄝𑄨𑄉𑄪𑄚𑄴, 𑄔𑄉𑄍𑄧𑄟𑄨, 𑄛𑄧𑄖𑄧𑄣𑄴, 𑄝𑄌𑄴,","এক জাতী গোা, কালো গোা, কালো গোা, শুকর, কুমা, কুমা, কুমা, কুমা, কুমা, কুমা, কুমা, কুমা, কুমা, কুমা, কুমা, কুমা, কুমা, কুমা, কুমা, কুমা, কুমা, কুমা, শিম, কুাাা,"
𑄃𑄣𑄪-𑄇𑄪𑄎𑄪,আলু কচু
"𑄟𑄪 𑄃𑄣𑄪, 𑄘𑄪𑄛𑄴 𑄛𑄨𑄣𑄬 𑄃𑄣𑄪, 𑄢𑄋 𑄛𑄨𑄣𑄬 𑄃𑄣𑄪, 𑄍𑄉𑄧𑄣𑄧𑄘𑄪𑄖𑄴 𑄃𑄣𑄪, 𑄥𑄨𑄟𑄬𑄭 𑄃𑄣𑄪, 𑄥𑄪𑄉𑄪𑄢𑄨 𑄃𑄣𑄪, 𑄦𑄬𑄘𑄧 𑄘𑄝𑄚 𑄃𑄣𑄪, 𑄢𑄬𑄋𑄴, 𑄇𑄮𑄋𑄬𑄁 𑄃𑄣𑄪, 𑄛𑄚𑄴 𑄃𑄣𑄪, 𑄢𑄟𑄴 𑄃𑄣𑄪, 𑄘𑄳𑄠𑄧 𑄃𑄣𑄪, 𑄦𑄧𑄢𑄨𑄋𑄴 𑄛𑄚𑄴 𑄃𑄣𑄪, 𑄖𑄖𑄴 𑄃𑄣𑄪, 𑄢𑄟𑄴𑄛𑄘𑄧 𑄃𑄣𑄪, 𑄃𑄪𑄣𑄴 𑄇𑄪𑄎𑄪, 𑄚𑄢𑄨𑄇𑄪𑄣𑄴 𑄇𑄪𑄎𑄪, 𑄥𑄟𑄴𑄟𑄱 𑄇𑄪𑄎𑄪, 𑄟𑄪-𑄢𑄋 𑄇𑄪𑄎𑄪, 𑄝𑄧𑄙 𑄇𑄪𑄎𑄪, 𑄍𑄧 𑄇𑄪𑄎𑄪, 𑄉𑄮𑄢𑄬𑄃𑄨 𑄇𑄪𑄎𑄪, 𑄦𑄬𑄢 𑄇𑄪𑄎𑄪, 𑄟𑄚𑄴 𑄇𑄪𑄎𑄪, 𑄝𑄨𑄣𑄴𑄧 𑄇𑄪𑄎𑄪, 𑄖𑄨𑄘𑄬 𑄇𑄪𑄎𑄪, 𑄣𑄮𑄋𑄴𑄖𑄬 𑄇𑄪𑄎𑄪, 𑄝𑄧𑄚𑄴𑄘𑄪𑄇𑄴 𑄇𑄪𑄎𑄪, 𑄝𑄨𑄌𑄴 𑄇𑄪𑄎𑄪, 𑄎𑄢𑄴𑄝𑄱 𑄃𑄪𑄣𑄴𑄇𑄪𑄎𑄪","এক জাতী আলু, সবুজ শিমের আলু, কালো শিমের আলু, রাম আলু, শিমের আলু, সবুজ আলু, গোরের আলু, বিালের আলু, বিালের আলু, বিালের আলু, বিালের আলু, বিালের আলু, বিালের আলু, বিালের আলু, বিালের আলু, বিালের আলু, বিালের আলু, বিালের আলু, বিালের আলু, রাম আলু, শুকরের আলু, রাম আলু,ব আলু, ব আলু, খেে কুা"
𑄢𑄧𑄋𑄧 𑄚𑄋𑄴,রঙের ন্যাকা
"𑄇𑄣, 𑄢𑄋, 𑄙𑄪𑄛𑄴, 𑄥𑄨𑄘𑄨𑄢𑄬, 𑄌𑄮𑄌𑄴, 𑄦𑄬𑄣𑄴, 𑄍𑄬𑄠𑄳𑄠𑄬, 𑄝𑄨𑄉𑄪𑄚𑄨𑄜𑄪𑄣𑄳𑄠, 𑄏𑄨𑄉𑄬𑄜𑄪𑄣𑄳𑄠, 𑄖𑄧𑄘𑄬𑄉𑄧𑄜𑄮𑄢𑄴, 𑄜𑄮𑄖𑄜𑄮𑄖𑄳𑄠, 𑄢𑄬𑄎𑄧𑄟𑄴, 𑄇𑄧𑄟𑄧𑄣, 𑄝𑄌𑄴𑄛𑄘, 𑄃𑄉𑄏𑄧, 𑄎𑄧𑄣𑄴, 𑄛𑄪𑄎𑄮𑄇𑄴𑄝𑄨𑄎𑄨, 𑄙𑄪𑄚𑄴𑄘𑄧𑄝𑄨𑄎𑄨, 𑄝𑄨𑄚𑄨, 𑄟𑄧𑄢𑄨𑄌𑄴 𑄛𑄉𑄚, 𑄦𑄮𑄣𑄮𑄘𑄳𑄠, 𑄟𑄘𑄨 𑄢𑄧𑄁, 𑄎𑄢𑄮𑄣𑄴𑄜𑄪𑄣𑄳𑄠, 𑄚𑄨𑄣𑄴, 𑄙𑄧𑄣𑄧𑄌𑄳𑄠𑄬, 𑄇𑄣𑄧𑄌𑄳𑄠𑄬, 𑄉𑄮𑄣𑄛𑄨, 𑄜𑄨𑄠𑄎𑄨, 𑄟𑄧𑄚, 𑄌𑄨𑄇𑄴𑄌𑄨𑄇𑄳𑄠, 𑄛𑄚𑄳𑄠",". কালো, লাল, সাদা, নীল, সবুজ, সাদা, কালো, হলুদ, কালো, কালো, সাদা, কালো, সাদা, কালো, কালো, সাদা, কালো, কালো, কালো, সাদা, কালো, সাদা, কালো"
"𑄛𑄪𑄇𑄴, 𑄛𑄧𑄎𑄨𑄟𑄴, 𑄃𑄪𑄖𑄴𑄧𑄢𑄴, 𑄘𑄮𑄊𑄨𑄚𑄴, 𑄃𑄨𑄌𑄚𑄴, 𑄝𑄠𑄪, 𑄃𑄧𑄇𑄴𑄚𑄨, 𑄚𑄰𑄢𑄧𑄖𑄴, 𑄃𑄇𑄌𑄴,𑄛𑄖𑄣𑄴।","পোকা,পজ্জোন,উত্তর,ডান,আকাশ,আকাশ,আঁকা,আকাশ, পাতাল"
𑄘𑄨𑄚𑄴,"দিন, দিবস"
"𑄢𑄧𑄝𑄨, 𑄥𑄧𑄟𑄴, 𑄟𑄧𑄋𑄴𑄉𑄧𑄣𑄴, 𑄝𑄪𑄖𑄴, 𑄝𑄨𑄥𑄪𑄛𑄴, 𑄥𑄪𑄇𑄴𑄧𑄢𑄴, 𑄥𑄧𑄚𑄨 ।","রবি, মঙ্গল,বুো,বিস্ম,সুস্ম,সুস্ম"
"𑄝𑄰𑄎𑄬𑄇𑄴, 𑄎𑄬𑄖𑄴, 𑄃𑄏𑄢𑄴, 𑄥𑄉𑄮𑄚𑄴, 𑄞𑄘𑄧, 𑄃𑄏𑄨𑄚𑄴, 𑄇𑄘𑄨, 𑄃𑄊𑄮𑄚𑄴, 𑄛𑄮𑄌𑄴, 𑄟𑄇𑄴, 𑄜𑄉𑄮𑄚𑄴, 𑄌𑄰𑄖𑄴 ।","বৈদ্য, বৈদ্য, বৈদ্য, বৈদ্য, বৈদ্য, আঁটি, পাহা, পাহা, পাহা, পাহা, পাহা, পাহা, পাহা, পাহা"
𑄝𑄰𑄎𑄬𑄇𑄴 - 𑄎𑄬𑄖𑄴 𑄘𑄨𑄟𑄌𑄴 𑄉𑄧𑄢𑄧𑄟𑄴 𑄢𑄨𑄖𑄴,বৈদ্য - জ্যোতিষী
𑄃𑄏𑄢𑄴 - 𑄥𑄉𑄮𑄚𑄴 𑄘𑄨𑄟𑄌𑄴 𑄝𑄢𑄨𑄎𑄳𑄠𑄬 𑄢𑄨𑄖𑄴,আছার-সাবান দিে বাতাস বছে
𑄞𑄘𑄧 - 𑄃𑄏𑄨𑄚𑄴 𑄘𑄨𑄟𑄌𑄴 𑄏𑄧𑄖𑄴 𑄢𑄨𑄖𑄴,ভাদ-আনি নদীর স্রোতে রিত
𑄇𑄘𑄨 - 𑄃𑄉𑄮𑄚𑄴 𑄘𑄨𑄟𑄌𑄴 𑄛𑄨𑄣𑄋𑄴 𑄢𑄨𑄖𑄴,কাপ দিে দিে হাঁটা
𑄛𑄮𑄌𑄴 - 𑄟𑄇𑄴 𑄘𑄨𑄟𑄌𑄴 𑄎𑄢𑄧 𑄢𑄨𑄖𑄴,পোা মাছ দিে শীতকালীন রিত
𑄜𑄉𑄮𑄚𑄴 - 𑄌𑄰𑄖𑄴 𑄘𑄨𑄟𑄌𑄴 𑄃𑄨𑄚𑄴𑄘𑄳𑄠𑄥𑄧𑄟𑄴 𑄢𑄨𑄖𑄴,ফানুস-চূা দিে দিে বাতাস বেছে
𑄣𑄪𑄇𑄴𑄇𑄪𑄘𑄪𑄟𑄴𑄧,"লুকিে থাকা, লুকিে থাকা"
"𑄛𑄨𑄎𑄪, 𑄃𑄖𑄳𑄠 (𑄃𑄎𑄪), 𑄝𑄧𑄢𑄧𑄋 𑄝𑄬𑄞𑄬𑄭), 𑄝𑄛𑄴, 𑄟, 𑄎𑄬𑄖𑄴𑄗 (𑄎𑄨𑄙𑄪), 𑄎𑄬𑄘𑄬𑄋 (𑄎𑄬𑄙𑄬𑄭), 𑄈𑄪𑄖𑄴𑄮 (𑄇𑄇𑄴𑄈), 𑄈𑄪𑄢𑄧𑄋 (𑄈𑄪𑄢𑄨), 𑄟𑄰𑄣𑄳𑄠 (𑄟𑄟𑄪), 𑄟𑄟𑄨, 𑄟𑄰𑄖𑄳𑄠𑄣 (𑄟𑄰𑄏𑄳𑄠), 𑄟𑄰𑄎𑄳𑄠𑄋 (𑄟𑄪𑄏𑄨), 𑄛𑄨𑄖𑄴𑄳𑄠𑄣 (𑄛𑄨𑄏𑄳𑄠), 𑄛𑄨𑄏𑄋 (𑄛𑄨𑄏𑄬𑄭), 𑄥𑄮𑄢𑄴, 𑄥𑄮𑄢𑄨, 𑄖𑄣𑄮𑄃𑄨, 𑄖𑄣𑄮𑄚𑄨, 𑄝𑄨𑄠𑄬𑄭, 𑄝𑄨𑄠𑄬𑄚𑄨, 𑄚𑄧𑄚𑄴𑄌𑄮𑄌𑄴, 𑄎𑄣𑄴, 𑄝𑄬𑄭𑄎𑄮𑄢𑄴, 𑄘𑄨𑄠𑄮𑄢𑄴, 𑄚𑄧𑄚𑄧𑄚𑄴, 𑄥𑄣, 𑄥𑄣𑄨, 𑄝𑄬𑄃𑄨, 𑄞𑄮𑄚𑄴, 𑄞𑄮𑄌𑄴, 𑄚𑄬𑄇𑄴, 𑄟𑄮𑄇𑄴, 𑄛𑄪𑄠𑄮, 𑄏𑄨, 𑄞𑄉𑄨𑄚𑄳𑄠, 𑄚𑄘𑄨𑄚𑄴, 𑄛𑄪𑄘𑄨𑄚𑄴 ।","পিসী, পিসী, পিসী, পিসী, পিসী, পিসী, পিসে, পিসে, পিসে, পিসে, পিসে, পিসে, পিসে, পিসে, বিে, বিে, বিে, বিে, বিে, বিে, বিে, বিে, বিে, বিে, বিে, বিে, বিে, পিসে, পিসে, পিসে, পিসে, পিসে, পিসে, পিসে, পিসেমশাই, পিসে, পিসে, পিসে"
𑄃𑄟 𑄘𑄬𑄏𑄧 𑄎𑄖𑄨𑄠𑄧 𑄌𑄨𑄚𑄴𑄛𑄮𑄎𑄳𑄠,আমাদের দেশের মানুষ চিনবে
𑄉𑄪𑄣𑄴𑄌𑄮𑄙𑄮𑄢𑄨 𑄃𑄟𑄳𑄦 𑄘𑄬𑄏𑄧𑄢𑄴 𑄎𑄖𑄩𑄠𑄧 𑄛𑄬𑄇𑄴 ।,এক জাতী পাখি
𑄥𑄛𑄴𑄣 𑄃𑄟𑄳𑄦 𑄘𑄬𑄏𑄧𑄢𑄴 𑄎𑄖𑄩𑄠𑄧 𑄜𑄪𑄣𑄴 ।,এক জাতী ফুল
𑄇𑄖𑄴𑄗𑄮𑄣𑄴 𑄃𑄟𑄳𑄦 𑄘𑄬𑄏𑄧𑄢𑄴𑄴 𑄎𑄖𑄩𑄠𑄧 𑄉𑄪𑄣𑄧।,কাঁঠালটা আমাদের দেশের জাতী জাতী
𑄃𑄨𑄣𑄨𑄌𑄴 𑄃𑄟𑄳𑄦 𑄘𑄬𑄏𑄧𑄢𑄴 𑄎𑄖𑄩𑄠𑄧 𑄟𑄌𑄴 ।,ইলিশ আমাদের দেশের জাতী মাছ
𑄝𑄇𑄴 𑄃𑄟𑄳𑄦 𑄘𑄬𑄏𑄧𑄢𑄴𑄴 𑄎𑄖𑄩𑄠𑄧 𑄦𑄬𑄟𑄚𑄴 ।,বািটা আমাদের গ্রামের মানুষ
𑄖𑄬𑄋𑄴 𑄖𑄬𑄋𑄧𑄢𑄨 𑄖𑄬𑄋𑄴 𑄖𑄬𑄋𑄧𑄢𑄨,এদিক সেদিক দৌাদৌি
𑄇𑄎𑄳𑄠 𑄌𑄢𑄣𑄧 𑄞𑄖𑄴 𑄘𑄨𑄝𑄳𑄠 𑄢𑄚𑄴 ।,কাঁচা চারাল ভাত দিে দিে রান্না করা
𑄞𑄪𑄎𑄨 𑄡𑄬𑄠𑄬 𑄌𑄮𑄣𑄴 𑄈𑄢,ভুনা দিে চাল খাওা
𑄘𑄘 𑄡𑄬𑄠𑄬 𑄟𑄮𑄌𑄴 𑄌𑄧𑄢,দাদা যে মাছ চা
𑄘𑄘 𑄟𑄮𑄇𑄴𑄱 𑄘𑄨𑄊𑄮𑄣𑄴 𑄌𑄪𑄣𑄴,দাদা মেেটা লম্বা চুল
𑄝𑄚𑄴𑄘𑄬 𑄝𑄚𑄴𑄘𑄬 𑄌𑄝 𑄛𑄮𑄣𑄴 ।,বাঁশের ফালি দিে চামা পোা
𑄌𑄝 𑄉𑄌𑄴𑄱𑄖𑄴 𑄖𑄧𑄣𑄬 𑄃𑄨𑄇𑄴𑄱 𑄦𑄧𑄢𑄨𑄋𑄴 𑄌𑄧𑄢𑄬,চাটা গাছের নিচে একটা হরিণ থাকে
"𑄦𑄧𑄢𑄨𑄋𑄴 𑄚𑄧𑄠𑄴 𑄌𑄧𑄋𑄧𑄢, 𑄌𑄮𑄉𑄮𑄛𑄘 𑄞𑄧𑄋𑄧𑄢 ।","হরিণ না চংরা, ছোট ব ব ব"
’’𑄍𑄧‘‘ 𑄢𑄨𑄘𑄧𑄢𑄴 𑄝𑄧𑄠𑄚𑄴,ছার বৃষ্টি
𑄃𑄟𑄴 𑄇𑄖𑄴𑄗𑄮𑄣𑄴 𑄛𑄉𑄚,আম কাঁঠাল বানানো
𑄛𑄠𑄴 𑄉𑄧𑄢𑄧𑄟𑄴 𑄢𑄨𑄖𑄴 𑄃𑄬𑄣𑄬 ।,পাে গরম রাত আসলে
𑄝𑄬𑄋𑄴 𑄓𑄧𑄉𑄧𑄢𑄧𑄚𑄴 𑄇𑄧𑄢𑄧𑄇𑄴 𑄇𑄧𑄢𑄧𑄇𑄴,ব ব শব্দ
𑄝𑄢𑄨𑄎𑄳𑄠 𑄝𑄘𑄧𑄣𑄬 ।,বৃষ্টি পরতেছে
𑄇𑄬𑄌𑄴𑄳𑄠 𑄜𑄪𑄣𑄴 𑄜𑄪𑄘𑄨 𑄡𑄚𑄴,.কাঁকা ফুল ফুটে যা
𑄏𑄧𑄖𑄴 𑄢𑄨𑄖𑄴 𑄃𑄬𑄣𑄬 ।,ঝগাতে আসলে
𑄙𑄚𑄧 𑄇𑄧𑄘𑄖𑄴 𑄥𑄧𑄚𑄢𑄧𑄋𑄴,ধান মাাই করার সম এক জাতী সবজি
𑄛𑄨𑄣𑄋𑄧 𑄢𑄨𑄘𑄧 𑄘𑄨𑄚𑄴 𑄦𑄧𑄣𑄬 ।,পিঁপা রাত হলে
𑄊𑄧𑄢𑄬 𑄊𑄧𑄢𑄬 𑄛𑄨𑄘𑄳𑄠 𑄟𑄬𑄣,ঘরে ঘরে কাপ পা
𑄡𑄧𑄘𑄨 𑄃𑄬𑄎𑄬 𑄎𑄢𑄧 𑄢𑄨𑄖𑄴,যদি বৃষ্টি আসে
𑄃𑄨𑄚𑄴𑄘𑄳𑄠𑄥𑄧𑄟𑄴 𑄃𑄬𑄣𑄬 𑄥𑄪𑄚𑄧𑄡𑄃𑄨,বাতাস আসলে শোনা যা
𑄚𑄚 𑄛𑄬𑄉𑄮 𑄉𑄨𑄖𑄴 ।,নানা ধরনের গিঁট
𑄦𑄨𑄣𑄴 𑄌𑄘𑄨𑄉𑄋𑄴 𑄌𑄉𑄣,এক জাতী বুনো শাক
"𑄢𑄋𑄟𑄑𑄳𑄠, 𑄝𑄚𑄴𑄘𑄧𑄢𑄴𑄝𑄧𑄚𑄴 𑄃𑄢𑄧 𑄈𑄉𑄢𑄍𑄧𑄢𑄨,","লালমাা, বানর আর খেলা"
𑄦𑄨𑄣𑄴 𑄌𑄘𑄨𑄉𑄋𑄴 𑄌𑄉𑄣 𑄃𑄊𑄬 𑄘𑄮𑄣𑄴 𑄉𑄧𑄢𑄨 ।,হিল টাইলসগুলো সুন্দর করে আছে
"𑄝𑄬𑄚𑄳𑄠 𑄦𑄧𑄣𑄬 𑄟𑄮𑄚𑄧 𑄟𑄙𑄚𑄴𑄘𑄨 𑄃𑄪𑄘𑄬 𑄢𑄋 𑄝𑄬𑄣𑄚𑄴,",বো হলে পাহাের মাথা লাল রং উঠে
𑄚𑄚 𑄢𑄧𑄋𑄧𑄢𑄴 𑄜𑄪𑄣𑄴 𑄜𑄪𑄘𑄧𑄚𑄴 𑄛𑄬𑄊𑄬 𑄉𑄨𑄖𑄴 𑄉𑄚𑄴 ।,নানা রঙের ফুল ফুটে গিে গান
"𑄃𑄧𑄎𑄧𑄣𑄴 𑄚𑄨𑄎𑄮 𑄟𑄮𑄚𑄴 𑄟𑄪𑄢𑄧𑄃𑄪𑄚𑄴 𑄃𑄊𑄧𑄚𑄴 𑄦𑄬𑄣𑄴 𑄉𑄧𑄢𑄨,",প্রচুর নিজের পাগুলো সবুজ করে আছে
𑄌𑄬𑄝𑄢𑄴 𑄌𑄬𑄣𑄬 𑄌𑄬𑄭 𑄚𑄧-𑄜𑄪𑄢𑄧𑄠𑄴 𑄎𑄧𑄚𑄧𑄟𑄚𑄴 𑄙𑄧𑄢𑄨 ।,দেখে দেখে জীবনটা শেষ হ না
"𑄟𑄖𑄟𑄪𑄢𑄨 𑄥𑄧𑄁𑄈𑄧𑄉𑄋𑄴 𑄃𑄢𑄧 𑄇𑄧𑄚𑄴𑄧𑄜𑄪𑄣𑄨,",.মাচাটা আর কনের ফুল
𑄟𑄮𑄚𑄴 𑄟𑄙𑄖𑄴𑄪𑄚𑄴 𑄃𑄬 𑄘𑄬𑄏𑄧𑄖𑄴 𑄃𑄬𑄌𑄳𑄠𑄧𑄚𑄴 𑄘𑄪𑄣𑄨 𑄘𑄪𑄣𑄨 ।,পাহাের মাথা আসা যাওা করে
"𑄃𑄬 𑄎𑄉𑄚𑄧𑄢𑄴 𑄟𑄮𑄚𑄴 𑄟𑄪𑄢𑄧𑄃𑄪𑄚𑄴 𑄍𑄧𑄝𑄨 𑄃𑄇𑄳𑄠𑄬 𑄛𑄢,",এই জাগা পাহাের পাহাের ছবি তুলতে পারা
𑄚𑄚 𑄎𑄘𑄧𑄢𑄴 𑄟𑄚𑄬𑄭 𑄃𑄊𑄧𑄚𑄴 𑄥𑄉𑄧𑄢𑄴 𑄃𑄏𑄠𑄴 𑄞𑄧𑄢 ।,নানা ধরনের মানুষ আছে সাগর ভরা
"𑄚𑄚 𑄞𑄥𑄧𑄢𑄴 𑄟𑄚𑄬𑄭 𑄃𑄨𑄘𑄪 𑄎𑄧𑄚𑄧𑄟𑄴 𑄎𑄧𑄚𑄧𑄟𑄴 𑄙𑄧𑄢𑄨,",নানা ভে এই জনম জনমে ধরে
𑄦𑄨𑄣𑄴 𑄌𑄘𑄨𑄉𑄋𑄴 𑄌𑄉𑄣 𑄃𑄊𑄧𑄚𑄴 𑄞𑄧𑄢𑄧𑄕𑄴 𑄉𑄧𑄢𑄨 ।,হিল কাঠগুলো শক্ত করে আছে
𑄌𑄉 𑄌𑄉 𑄝𑄬𑄋𑄴 𑄛𑄨𑄘𑄳𑄠,এক জাতী বো
𑄦𑄘𑄨 𑄚𑄧-𑄛𑄢𑄧𑄁 𑄒𑄬𑄋𑄴 𑄛𑄨𑄢𑄳𑄠,পাখানা করতে পারতেছি না
𑄒𑄬𑄋𑄴𑄛𑄨𑄢𑄳𑄠 𑄦𑄧𑄣𑄬 𑄣𑄳𑄦𑄧𑄘𑄨𑄇𑄴 𑄙𑄧𑄢𑄴,ঠেলাগাি হলে ডান দিক ধর
𑄇𑄪𑄖𑄴𑄘𑄪𑄢𑄴 𑄉𑄬𑄣𑄬 𑄟𑄮𑄚𑄮 𑄊𑄧𑄢𑄴,কোনদিকে গেলে পাহাি বাি
𑄟𑄮𑄚𑄮 𑄊𑄧𑄢𑄧𑄖𑄴 𑄎𑄨𑄢𑄬𑄝𑄧𑄁,পাহাের বািতে যাবো
𑄝𑄬𑄣𑄚𑄴 𑄉𑄬𑄣𑄬 𑄜𑄨𑄢𑄨𑄝𑄧𑄁 ।,দুপুর হলে ফিরে আসবো
𑄝𑄨𑄎𑄪𑄉𑄪𑄣𑄧 (𑄗𑄪𑄝𑄬𑄠𑄳𑄠),এক জাতী বুনো ফল
𑄝𑄨𑄎𑄪𑄉𑄪𑄣𑄧 𑄇𑄪𑄙𑄪 𑄙𑄧𑄢𑄧𑄚𑄴,বিজুগুল কোথা গিেছে
𑄉𑄏𑄧 𑄚𑄋𑄚𑄴 𑄇𑄨,গাছের নালা কি
𑄢𑄋-𑄇𑄣 𑄇𑄨𑄘𑄨𑄇𑄳𑄠,লাল-কালো রং
𑄖𑄪𑄟𑄨 𑄘𑄬𑄇𑄴𑄮𑄚𑄨 ?,তুমি দেখতেছো?
𑄃𑄎𑄪 𑄈𑄠𑄴 𑄝𑄬𑄞𑄬𑄭 𑄈𑄠𑄴,.আলু খেে সব খাওা
"𑄈𑄬𑄝𑄧 𑄃𑄟 𑄥𑄨𑄎𑄨,",খাওার জন্য আমাদের সিজি
𑄥𑄌𑄴 𑄃𑄊𑄬𑄚𑄨 𑄖 𑄇𑄬𑄠𑄖𑄴,. তার চুলগুলো সবুজ আছে।
𑄚 𑄇𑄨 𑄝𑄚 𑄝𑄨𑄎𑄨 ।,না কি শুধু বিচি
𑄖𑄨𑄘𑄳𑄠-𑄟𑄨𑄘𑄳𑄠 𑄥𑄮𑄠𑄖𑄴 𑄇𑄬𑄠𑄚𑄳𑄠,তেতো-মিষ্টি সোা কোন
"𑄞𑄋𑄨 𑄟𑄧𑄢𑄬 𑄇𑄳𑄦𑄧 ,",ভাংচি করে আমাকে বলে
𑄇𑄪𑄙𑄪 𑄉𑄬𑄣𑄬 𑄛𑄬𑄝𑄧 𑄖𑄢𑄬,কোথা গেলে পাবে তাকে
𑄟𑄧𑄢𑄬 𑄜𑄉𑄧𑄖𑄴 𑄣𑄧 ।,আমাকে সাথে নাও
𑄝𑄨𑄎𑄪𑄉𑄪𑄣𑄧 𑄚𑄧-𑄛𑄬𑄣𑄬,বিঝুর সম বিঝুর সম
𑄝𑄨𑄎𑄪 𑄈𑄬𑄝𑄧𑄁 𑄇𑄨𑄋𑄨𑄢𑄨,ব ব করে
𑄃𑄎𑄪 𑄇𑄧𑄠𑄴𑄘𑄳𑄠 𑄉𑄖𑄴𑄮𑄠𑄴 𑄃𑄉𑄬,এক জাতী গাছ আছে।
𑄍𑄧𑄢𑄖𑄴 𑄡𑄬𑄚𑄬𑄭 𑄓𑄪𑄟𑄪𑄢𑄨 ।,ছাতে যেন ডুমুর
𑄉𑄧𑄋𑄨𑄟𑄢𑄬 𑄜𑄪𑄣𑄴 𑄉𑄮𑄎𑄉𑄮𑄃𑄨,এক জাতী ফুল গোাচ্ছে
𑄟𑄇𑄴𑄮𑄃𑄨 𑄖𑄖𑄴𑄪𑄚𑄴 𑄝𑄧𑄢𑄴,.মাকা তার থেকে ব
𑄖𑄖𑄴𑄪𑄚𑄴 𑄛𑄬𑄝𑄬 𑄝𑄨𑄎𑄪𑄉𑄪𑄣𑄧,তার থেকে পে যাবে
𑄙𑄪𑄙𑄪𑄊𑄧 𑄖𑄣𑄴,ধুধুক তাল
𑄙𑄪𑄙𑄪𑄇𑄴 𑄚𑄖𑄪𑄇𑄴 𑄚𑄑𑄪𑄇𑄴 𑄑𑄪𑄇𑄴,ধুধুক নাাচাা গান
𑄝𑄙𑄮𑄃𑄨 𑄝𑄧𑄘 𑄥𑄨𑄘𑄨𑄢𑄳𑄠 𑄙𑄪𑄛𑄴 ।,বাঁশের বিচির সাদা
𑄣𑄉𑄧𑄖𑄴 𑄛𑄬𑄣𑄬 𑄟𑄧𑄚𑄧𑄢𑄴 𑄥𑄪𑄇𑄴,ভালো লাগলে মনের সুখ
𑄣𑄉𑄧𑄖𑄴 𑄚𑄧-𑄛𑄬𑄣𑄬 𑄟𑄧𑄚𑄧𑄖𑄴 𑄘𑄪𑄇𑄴 ।,ভালো না লাগলে মনে দুঃখ
"𑄉𑄪𑄢𑄪 𑄥𑄣𑄟𑄴 𑄘𑄳𑄠𑄋𑄴 𑄟𑄪𑄭 𑄥𑄨𑄌𑄴𑄥𑄧𑄢𑄧𑄕𑄴,",আমি সালাম দিেছি
𑄟𑄉𑄧𑄁 𑄉𑄮𑄎𑄬𑄚𑄧𑄖𑄴𑄪𑄚𑄴 𑄘𑄪𑄭 𑄥𑄧𑄢𑄧𑄕𑄴 ।,.মাকসা গোা থেকে দুই সরণ
𑄃𑄰𑄇𑄣𑄬 𑄃𑄬𑄭𑄇𑄣𑄬 𑄖𑄧𑄢𑄬𑄘𑄧 ।,"ওইভাবে, ওইভাবে"
𑄥𑄨𑄘𑄳𑄠 𑄟𑄧𑄚𑄬 𑄃𑄬𑄉𑄬𑄟𑄴 𑄖𑄮𑄇𑄴 ।,.সেটা মনে আসবে।
"𑄘𑄬𑄝𑄧𑄁𑄥𑄨 𑄉𑄮𑄎𑄬𑄚𑄧𑄖𑄴 𑄚𑄬𑄭 𑄘𑄪𑄏𑄨 ,",দেবংসি ঘরে দুঝি আছে
𑄃𑄧𑄝𑄪𑄌𑄴 𑄟𑄚𑄬𑄠𑄬 𑄚𑄧-𑄝𑄪𑄏𑄨 ।,অব্য মানুষ বোঝে না
"𑄟𑄧𑄚𑄨 𑄢𑄨𑄥𑄨 𑄘𑄬𑄛𑄴𑄇𑄪𑄣𑄬 ,",.মেে রিসিপুটি দেখতেছি
𑄃𑄢𑄙𑄧𑄚𑄴 𑄉𑄧𑄢𑄧𑄁 𑄦𑄖𑄴𑄎𑄪𑄢𑄬 ।,. হাত দিে ভিক্ষে করি
𑄥𑄪𑄚𑄧 𑄉𑄪𑄕𑄨 𑄛𑄧𑄢𑄴𑄝𑄱 𑄝𑄬𑄭,.সুগন্ধি ফুলগুলো বেেছে
𑄘𑄨𑄝𑄳𑄠 𑄃𑄧𑄇𑄴𑄧𑄢𑄬 𑄖𑄧𑄢𑄨 𑄡𑄬𑄭 ।,দক্ষিণ দিকে যাওা
𑄉𑄪𑄢𑄪 𑄥𑄬𑄝𑄨𑄚𑄬𑄭 𑄉𑄳𑄠𑄚𑄴𑄛𑄬𑄝𑄧,গুরু সেবিে bdmean
𑄃𑄧𑄚 𑄉𑄪𑄢𑄪𑄠𑄬 𑄛𑄢𑄴 𑄦𑄧𑄝𑄧 ।,অনাাগুরু পার হবে
"𑄘𑄚𑄨 𑄥𑄧𑄇𑄧𑄣𑄬 𑄘𑄚𑄴 𑄉𑄧𑄢𑄬 ,",দানি সবাই দান করে
𑄘𑄪𑄇𑄴𑄬 𑄟𑄚𑄬𑄠𑄬 𑄥𑄌𑄴 𑄇𑄧𑄢𑄬 ।,কষ্টে সৃষ্টে মানুষ পূণ্য করে
"𑄎𑄪𑄢𑄨 𑄚𑄧𑄛𑄣𑄳𑄠 𑄇𑄱𑄖𑄴 𑄛𑄬𑄝𑄧 ,",.জুা না পে কথা বলতে হবে
𑄝𑄪𑄎𑄨𑄣𑄬 𑄥𑄧𑄢𑄧𑄚𑄧𑄖𑄴 𑄇𑄪𑄣𑄴 𑄛𑄬𑄝𑄧 ।,.বুঝলে সরনে কুল পাবে
"𑄥𑄧𑄢𑄧𑄚𑄬 𑄥𑄣𑄟𑄬 𑄛𑄪𑄎𑄨𑄣𑄬 ,",সরতে সালাম দিলে
𑄙𑄧𑄢𑄴𑄟𑄧 𑄥𑄙𑄧𑄚𑄚𑄴 𑄛𑄭𑄝𑄨𑄣𑄬 ।,ধর্ম সাধনা পাওা
𑄚𑄪𑄠𑄧 𑄖𑄧𑄟𑄴𑄝𑄢𑄴 𑄃𑄪𑄘𑄨𑄎𑄬 𑄇𑄧𑄋𑄧𑄢𑄴,.স্বামী-স্ত্রী সমানে সমানে
"𑄥𑄨𑄊𑄮 𑄌𑄋𑄴𑄟 𑄣𑄬𑄊,",".সেটার চামা লেখা,"
𑄃𑄧𑄏𑄛𑄘𑄧𑄖𑄴 𑄛𑄮𑄣𑄨𑄟𑄴 𑄦𑄧𑄢𑄧𑄇𑄴,.আকাশে পোার শব্দ
𑄚𑄋𑄴 𑄌𑄪𑄌𑄳𑄠𑄋𑄳𑄠-𑄇 ।,নািভুি
𑄖𑄬𑄖𑄴𑄳𑄢𑄨𑄌𑄴𑄌𑄱 𑄦𑄧𑄢𑄧𑄊𑄧 𑄥𑄬𑄏𑄧𑄖𑄴,তেতুলটা হেছে সেখানে
𑄃𑄨𑄉𑄪𑄚𑄴𑄘𑄮𑄃𑄨 𑄗𑄪𑄟𑄴 𑄚𑄧-𑄃𑄧𑄠𑄴,এগুলো শেষ হ না
𑄃𑄬𑄉𑄢𑄧𑄝𑄱 𑄦𑄧𑄢𑄧𑄊𑄧𑄖𑄴,এগারটা পাখি
"𑄟𑄌𑄴𑄳𑄠 𑄣𑄢𑄴𑄌𑄢𑄴 𑄉𑄧𑄢 𑄃𑄳𑄦𑄧𑄠𑄴,",মাছটা লার্ভার করে
𑄟𑄌𑄴𑄳𑄠 𑄘𑄨𑄣𑄬,মাছ দিলে
𑄇-𑄟𑄌𑄴𑄎𑄳𑄠 𑄦𑄇𑄴 𑄃𑄳𑄦𑄧𑄠𑄴 ।,কাঁকার হাত
𑄥𑄧𑄖𑄴𑄧𑄢𑄧𑄠𑄚𑄴 𑄟𑄎𑄢𑄣𑄮𑄃𑄨,.সতান মারা গেছে
𑄟𑄎𑄢𑄛𑄖𑄴 𑄃𑄳𑄦𑄧𑄠𑄴,পাহাের পাশে তো
𑄎𑄚𑄨𑄝𑄮 𑄡𑄬-,জানা যাবে যে
𑄛𑄧𑄇𑄴𑄖𑄚𑄨 𑄌𑄋𑄴𑄟,এক জাতী চামা
𑄖𑄢𑄬 𑄇𑄧𑄠𑄴 ।,তাকে বলে
𑄃𑄊𑄬 𑄃𑄢𑄧 𑄚𑄘 𑄛𑄖𑄴,. আছে আর নাদা পাতা
𑄌𑄨𑄠𑄮𑄖𑄴 𑄛𑄠𑄴 𑄃𑄬𑄇𑄴 𑄘𑄪𑄠𑄪𑄚𑄴,মনে হ এক দৌা
𑄥𑄬 𑄣𑄧𑄉𑄬 𑄛𑄠𑄴 𑄃𑄢𑄧,সেসাথে পাওা
"𑄃𑄬𑄉𑄧𑄖𑄴𑄧𑄢𑄴, 𑄜𑄢𑄧𑄇𑄴, 𑄌𑄨𑄣𑄳𑄠, 𑄘𑄪𑄚𑄧𑄃𑄪𑄚𑄴 ।","এগজস্ট, চিল, চিল,দুন"
𑄟𑄬𑄊𑄧𑄣𑄧𑄇𑄴 𑄘𑄨𑄝𑄬 𑄌𑄮𑄇𑄴,মেঘে ঢাকা চোখ
𑄟𑄬𑄊𑄧𑄣𑄧𑄇𑄴 𑄖𑄧𑄢𑄴 𑄘𑄨𑄝𑄬 𑄌𑄮𑄇𑄴,মেঘের মতো তোমার চোখ
𑄇𑄨𑄌𑄴𑄍𑄪 𑄚𑄧-𑄘𑄬𑄉𑄧𑄌𑄴 ।,.কিছুই তো বলো না
’’𑄟‘‘ 𑄞𑄏𑄧𑄢𑄴 𑄢𑄖𑄴𑄇𑄣𑄴,বাবা-মা রাতকানা
𑄇𑄨𑄠𑄬 𑄚𑄧-𑄝𑄪𑄏𑄧𑄌𑄴 ।,কেন বুঝছ না
"𑄌𑄪𑄌𑄳𑄠𑄋𑄴𑄳𑄠 ’𑄇‘, 𑄉𑄪𑄎𑄧𑄋𑄴𑄳𑄠 ’𑄈‘",চোরা-কাা-খাওা
𑄇𑄨𑄠𑄬 𑄚𑄧-𑄛𑄧𑄢𑄨 ?,কেন পে না?
"𑄝𑄁𑄣𑄞𑄌𑄴, 𑄃𑄨𑄁𑄢𑄬𑄎𑄨 𑄞𑄌𑄴","বাঙালি,বাঙালি"
𑄃𑄉𑄬 𑄛𑄧𑄢 𑄙𑄧𑄢𑄨 !,আগে পা ধরে
𑄝𑄪𑄏𑄨𑄣𑄪𑄁 𑄝𑄁𑄣-𑄃𑄨𑄁𑄢𑄬𑄎𑄨,বাংলা-বাঙালি
𑄇𑄟𑄧𑄖𑄴 𑄣𑄉𑄨𑄝𑄱 ।,কাজে লাগতে হবে
𑄥𑄨𑄖𑄳𑄠𑄬 𑄇𑄨 𑄚𑄨𑄎𑄧 𑄞𑄌𑄴,সেখানে কি নিজের ভাত
𑄛𑄧𑄢 𑄚𑄧-𑄛𑄧𑄢𑄨𑄝𑄱 ?,পতে হবে নাকি?
"𑄛𑄋𑄴𑄇𑄱, 𑄈𑄪𑄟𑄨, 𑄣𑄪𑄥𑄭, 𑄟𑄮𑄢𑄮,","কাঁকা,খুমি,লুসি,মোরগ"
"𑄝𑄧𑄚𑄧𑄡𑄮𑄉𑄨, 𑄟𑄢𑄴𑄟,","বনযোগি, মারমা, মারমা"
"𑄖𑄧𑄋𑄴𑄌𑄧𑄋𑄴𑄳𑄠, 𑄝𑄮𑄟𑄴, 𑄈𑄳𑄠𑄋𑄴, 𑄌𑄇𑄴","তর্জনি,বই,খাওাঙ,চামা"
𑄖𑄨𑄝𑄨𑄢𑄬 𑄃𑄳𑄦 𑄌𑄋𑄴𑄟 ।,ত্রিপুরাদের এক জাতী চাকমা
𑄝𑄬𑄉𑄧𑄢𑄴 𑄃𑄊𑄬 ’’𑄟‘‘ 𑄞𑄌𑄴,ভ আছে-মা ভাই
"𑄦𑄨𑄣𑄴𑄣𑄮 𑄎𑄪𑄟𑄴𑄟𑄱𑄃𑄪𑄚𑄧𑄢𑄴,","পাহাের জুমে, পাহাের জুমে"
𑄟𑄬𑄊𑄧𑄣𑄧𑄇𑄴 𑄤𑄧𑄠𑄬 𑄘𑄨𑄝𑄬 𑄌𑄮𑄇𑄴,মেঘে ঢাকা চোখ
𑄘𑄬𑄊𑄨𑄚𑄬𑄠𑄮 𑄚𑄧-𑄘𑄬𑄊𑄧𑄢𑄴 ।,.দেখেও দেখে না
𑄦𑄬𑄣𑄴 𑄟𑄪𑄢𑄮 𑄢𑄋 𑄥𑄧𑄝𑄧𑄚𑄴,সবুজ পাহা লাল
𑄦𑄬𑄣𑄴 𑄃𑄳𑄦𑄬𑄣𑄴 𑄟𑄪𑄢𑄮 𑄟𑄪𑄢𑄨,সবুজ রঙের পাহাি
𑄦𑄨𑄣𑄧 𑄟𑄘𑄨𑄢𑄴 𑄟𑄮𑄚𑄮 𑄃𑄪𑄉𑄪𑄢𑄬,পাহাের উপর
𑄦𑄬𑄣𑄴 𑄌𑄪𑄇𑄴 𑄌𑄪𑄇𑄴 𑄎𑄪𑄟𑄧 𑄙𑄚𑄧𑄢𑄴 𑄃𑄬𑄣𑄮𑄚𑄨 𑄘𑄪𑄣𑄧𑄚𑄨,সবুজ রঙের জুম ধানগুলো দুলে দুলে
𑄌𑄘𑄬 𑄞𑄢𑄨 𑄉𑄧𑄟𑄴 𑄣𑄉𑄬 ।,চাঁদটা অনেক ভালো লাগে
𑄃𑄉𑄎𑄧𑄖𑄴 𑄙𑄪𑄛𑄴 𑄙𑄪𑄛𑄴 𑄟𑄬𑄊𑄧 𑄌𑄇𑄴,.আকাশে সাদা সাদা মেঘ
𑄃𑄬𑄇𑄴 𑄏𑄇𑄴 𑄛𑄬𑄉𑄮𑄢𑄴 𑄇𑄨𑄎𑄨𑄇𑄴 𑄇𑄎𑄇𑄴,এক ঝাঁক কুকুর কামাচ্ছে
𑄓𑄪𑄠𑄧 𑄟𑄬𑄣𑄨 𑄃𑄪𑄢𑄨 𑄃𑄪𑄢𑄨 𑄡𑄚,দু মেে উে যাওা
𑄌𑄘𑄬 𑄞𑄢𑄨 𑄥𑄪𑄇𑄴 𑄣𑄉𑄬 ।,চাঁদে অনেক সুখ লাগে
𑄘𑄬𑄏𑄧 𑄎𑄘𑄧𑄢𑄴 𑄞𑄣𑄬𑄘𑄨 𑄇𑄟𑄧𑄖𑄴,দেশের জঙ্গল ভালো করে কাজ করে
𑄎𑄘𑄧𑄢𑄴 𑄝𑄬𑄇𑄴 𑄞𑄬𑄭 𑄞𑄮𑄚𑄴,জাগা সব ভাই বোন
𑄃𑄬𑄉𑄧𑄖𑄴𑄧𑄢𑄴 𑄦𑄮𑄃𑄨 𑄡𑄬𑄭 𑄃𑄪𑄎𑄧𑄚𑄨,এত ব হওা যা
𑄞𑄝𑄧𑄘𑄬 𑄞𑄢𑄨 𑄟𑄧𑄚𑄧𑄖𑄴 𑄈𑄪𑄏𑄨 𑄣𑄉𑄬 ।,চিন্তা করতে অনেক মনে পে
𑄥𑄨𑄣𑄧𑄖𑄴𑄧𑄣𑄬 𑄖𑄪𑄙𑄨𑄁 𑄟𑄌𑄴,এক জাতী মাছ
𑄉𑄪𑄎𑄪𑄢𑄨 𑄛𑄧𑄣𑄧𑄉𑄨 𑄝𑄰𑄎𑄬𑄇𑄴 𑄟𑄌𑄴,এক জাতী মাছ
𑄝𑄰𑄎𑄬𑄇𑄴 𑄟𑄌𑄳𑄠 𑄙𑄚𑄴 𑄇𑄪𑄎,এক জাতী মাছ
𑄃𑄪𑄖𑄴𑄧𑄢𑄴 𑄘𑄉𑄧𑄖𑄴 𑄛𑄚𑄴 𑄇𑄧𑄘,উত্তর দিক থেকে পান করার শব্দ
𑄛𑄪𑄉𑄬𑄘𑄨 𑄃𑄪𑄖𑄴𑄬 𑄛𑄪𑄚𑄧𑄁 𑄌𑄚𑄴 ।,.পুে উঠার সম পাখানা করতে হ
𑄃𑄟 𑄃𑄘𑄟𑄚𑄴,আমাদের গ্রাম
𑄃𑄟 𑄃𑄘𑄟𑄚𑄴 𑄌𑄘𑄬 𑄘𑄮𑄣𑄴,আমাদের গ্রামটা সুন্দর
"𑄟𑄮𑄚𑄴 𑄟𑄪𑄢𑄧𑄠𑄴 𑄊𑄬𑄢,",পাহা পাহাে ঘেরা
𑄞𑄧𑄢𑄧𑄚𑄴 𑄝𑄨𑄢𑄧𑄚𑄴 𑄉𑄧𑄢𑄨 𑄃𑄊𑄬,ভর ভর করে আছে
𑄝𑄠𑄴 𑄝𑄉𑄨𑄎𑄠𑄴 𑄞𑄧𑄢 ।,বাি বাি ভরা
𑄝𑄬𑄚𑄳𑄠 𑄦𑄧𑄣𑄬 𑄟𑄮𑄚𑄧 𑄟𑄙𑄚𑄴𑄘𑄨,বো হলে পাহাের মাথা
"𑄃𑄪𑄘𑄬 𑄢𑄋 𑄝𑄬𑄣𑄚𑄴,",উে লাল বেলা
𑄚𑄚 𑄘𑄮𑄇𑄳𑄠 𑄜𑄪𑄣𑄴 𑄜𑄪𑄘𑄧𑄚𑄴,নানা ধরনের ফুল ফোটে
𑄛𑄬𑄉𑄬 𑄉𑄨𑄖𑄴 𑄉𑄚𑄴 ।,পেগে গিঁট গান
𑄃𑄘𑄟𑄚𑄧𑄢𑄴 𑄌𑄬𑄢𑄮 𑄇𑄨𑄖𑄳𑄠,গ্রামবাসীর চোর ঘর
"𑄉𑄍𑄧 𑄝𑄥𑄧 𑄖𑄢𑄪𑄟𑄴 𑄝𑄧𑄚𑄴,",গাছ বাস তারুম ব
𑄍𑄧𑄝𑄨 𑄃𑄇𑄳𑄠𑄬 𑄛𑄢 𑄣𑄉𑄬,ছবি তুলতে পারা লাগে
𑄘𑄬𑄣𑄬 𑄎𑄪𑄢𑄧𑄠𑄴 𑄟𑄧𑄚𑄴 ।,দোলে শান্ত হওা
𑄇𑄇𑄴𑄇 𑄎𑄨𑄘𑄪 𑄃𑄎𑄪 𑄛𑄨𑄎𑄪,কাপের জ্যাকেটের উপরের অংশ
"𑄚𑄚 𑄝𑄪𑄢𑄧 𑄝𑄪𑄢𑄨,","নানা বুো, বিভিন্ন বুো"
𑄣𑄪𑄇𑄴 𑄇𑄪𑄘𑄪𑄟𑄴𑄝𑄧 𑄟𑄨𑄣𑄨 𑄃𑄊𑄨,লুকিে লুকিে আছে
𑄎𑄧𑄚𑄧𑄟𑄚𑄴 𑄙𑄧𑄢𑄨।,জীবন ধরে
𑄖𑄧𑄢𑄬 𑄟𑄖𑄴𑄬 𑄇𑄧𑄘𑄧𑄇𑄴𑄈𑄧𑄚𑄴,তোমাকে আমি কত ভালোবাসি
𑄟𑄪𑄭 𑄡𑄬𑄟𑄴 𑄃𑄘𑄟𑄧𑄖𑄴,আমি যে গ্রামে যাবো
𑄃𑄪𑄘𑄮 𑄣𑄧‘,খোঁজ নেওা
"𑄃𑄨𑄇𑄴𑄮 𑄎𑄖𑄴 𑄖𑄨𑄉𑄨 𑄗𑄠𑄴 𑄖𑄢𑄴 𑄇𑄧𑄙, 𑄞𑄌𑄴, 𑄥𑄦𑄨𑄖𑄳𑄠, 𑄃𑄣𑄳𑄠𑄇𑄴, 𑄃𑄰𑄖𑄨𑄡𑄳𑄠 𑄣𑄮𑄚𑄬𑄭।","তার কথা, ভাত, সাা,আাক,এত ব হেছে"
𑄃 𑄃𑄨𑄇𑄴𑄮 𑄎𑄖𑄴 𑄖𑄧𑄣𑄖𑄴 𑄛𑄧𑄢𑄬𑄉𑄮𑄃𑄨 𑄎𑄘𑄧 𑄌𑄁𑄌𑄢 𑄣𑄪𑄉𑄬𑄣𑄬।,একটা জাতি নিচের দিকে পে যাচ্ছে
𑄎𑄘𑄧 𑄌𑄁𑄌𑄢 𑄣𑄪𑄉𑄨𑄉𑄬𑄣𑄬 𑄥𑄬𑄇𑄴𑄳𑄠 𑄖𑄢𑄬 𑄖𑄮𑄎𑄨𑄟𑄴𑄛𑄪𑄢𑄧 𑄎𑄖𑄴 𑄇𑄮𑄠 𑄚𑄧-𑄡𑄠𑄴।,জাগা চাংচারা লুকিে থাকলে এত ব কথা বলা যা না
𑄇𑄬𑄚𑄬𑄃𑄮 𑄇𑄧𑄝𑄇𑄴?,কিভাবে কথা বলে?
𑄖𑄢𑄴 𑄚𑄬𑄭 𑄇𑄧𑄚𑄧 𑄞𑄌𑄴 𑄃𑄳𑄦 𑄇𑄧𑄙।,তার কোনো কথা নেই
"𑄃𑄧𑄚𑄳𑄠𑄧 𑄎𑄘𑄧 𑄞𑄌𑄴 𑄃𑄳𑄦 𑄇𑄧𑄙𑄣𑄮𑄃𑄨 𑄇𑄧𑄙 𑄇𑄧𑄚𑄴, 𑄣𑄬𑄊 𑄣𑄬𑄊𑄧𑄚𑄴।",".অন্যের কথা কথা বলো, লিখো"
𑄃𑄟𑄳𑄦 𑄦𑄨𑄣𑄴𑄌𑄘𑄨𑄉𑄋𑄧𑄖𑄴𑄃𑄮 𑄥𑄬𑄘𑄮𑄇𑄴𑄳𑄠 𑄞𑄣𑄪𑄇𑄴𑄪𑄚𑄴 𑄎𑄖𑄴 𑄃𑄊𑄧𑄚𑄴।,আমাদের বাসাও অনেকগুলো জাগা আছে
𑄖𑄢𑄳𑄦𑄢𑄴 𑄇𑄧𑄚𑄧 𑄥𑄦𑄨𑄖𑄳𑄠 𑄃 𑄃𑄰𑄖𑄨𑄡𑄳𑄠 𑄚𑄬𑄭।,তাদের কোনো সাথী নেই
𑄦𑄢𑄬𑄠𑄮𑄚𑄴 𑄚𑄨𑄎𑄧 𑄇𑄧𑄙 𑄃 𑄞𑄌𑄴।,হারিেছে নিজের কথা
𑄟𑄪𑄢𑄮𑄖𑄴 𑄉𑄪𑄢𑄨 𑄌𑄨𑄘𑄳𑄠 𑄉𑄧𑄢𑄨 𑄌𑄬𑄣𑄬 𑄃𑄟𑄨 𑄇𑄮𑄃𑄨 𑄛𑄢𑄨 𑄖𑄢𑄖𑄴𑄪𑄚𑄴 𑄇𑄨 𑄚𑄨𑄎𑄧 𑄥𑄦𑄨𑄖𑄳𑄠 𑄃 𑄃𑄭𑄖𑄨𑄡𑄳𑄠 𑄚𑄧-𑄃𑄬𑄣𑄧?,পাহাে ছোট করে দেখলে আমরা বলতে পারতাম না তাদের থেকে কি নিজের পরিবার আসতেছে না?
𑄇𑄟𑄇𑄴𑄇𑄭 𑄃𑄬𑄣𑄧।,এক জাতী বুনো ফল
𑄚𑄧-𑄦𑄧𑄣𑄬 𑄖𑄢𑄳𑄦 𑄇𑄪𑄖𑄴𑄪𑄚𑄴 𑄃𑄬𑄘𑄇𑄴।,.না হলে তাদের কোথা থেকে আসা
"𑄃𑄬𑄌𑄴𑄬 𑄡𑄪𑄚𑄨 𑄖𑄢𑄳𑄦 𑄥𑄦𑄨𑄖𑄳𑄠 𑄣𑄢𑄴𑄌𑄢𑄴 𑄉𑄧𑄢𑄨𑄘𑄇𑄴, 𑄚𑄨𑄎𑄧 𑄌𑄁𑄌𑄢𑄚𑄨 𑄃𑄪𑄘𑄮𑄣𑄧𑄚𑄬𑄭 𑄣𑄢𑄴𑄌𑄢𑄴 𑄉𑄧𑄢𑄨𑄘𑄇𑄴 𑄥𑄣𑄬𑄚𑄴 𑄖𑄢𑄳𑄦𑄠𑄮 𑄝𑄪𑄇𑄴 𑄜𑄪𑄣𑄬𑄭 𑄇𑄮𑄃𑄨 𑄛𑄢𑄨𑄣𑄇𑄴𑄮𑄚𑄴 𑄃𑄟𑄢𑄴 𑄝𑄬𑄇𑄴 𑄃𑄊𑄬, 𑄃𑄟𑄨 𑄃𑄪𑄇𑄴𑄮 𑄖𑄧𑄎𑄨𑄟𑄴𑄛𑄪𑄢𑄧 𑄎𑄖𑄴।",".আজকে তারা সাা সাা করতেছে,নিজের চাংমাা উঠার সম তারা বুক ফুলে কথা বলে"
"𑄃𑄬𑄇𑄴𑄈𑄚𑄴 𑄇𑄧𑄙 𑄃𑄉𑄬 𑄎𑄨𑄘𑄨𑄣𑄧𑄚 𑄓𑄋𑄧𑄢𑄴 𑄇𑄧𑄙 𑄚𑄧𑄠𑄴, 𑄎𑄨𑄘𑄨𑄣𑄧𑄚𑄠𑄚𑄴 𑄗𑄨𑄖𑄧𑄝𑄴𑄧𑄢𑄴 𑄉𑄧𑄢𑄨 𑄢𑄉𑄚 𑄦𑄧𑄣𑄧𑄘𑄬 𑄓𑄋𑄧𑄢𑄴 𑄇𑄟𑄚𑄴।","একটা কথা আগে বলা সহজ একটা কথা না,আগে থেকে কথা বলা হলো"
𑄃𑄟𑄖𑄴𑄪𑄚𑄴 𑄇𑄨 𑄚𑄬𑄭।,আমাদের থেকে কি নেই
"𑄃𑄟𑄳𑄦 𑄥𑄦𑄨𑄖𑄳𑄠, 𑄃𑄭𑄖𑄨𑄡𑄳𑄠 𑄗𑄬𑄚𑄬𑄠𑄧 𑄡𑄪𑄚𑄨 𑄙𑄪𑄢𑄨 𑄢𑄉𑄬𑄭 𑄚𑄧-𑄛𑄢𑄨, 𑄟𑄪𑄎𑄪𑄋𑄬𑄘𑄨 𑄃𑄬𑄖𑄴𑄧𑄚𑄴𑄘𑄬 𑄥𑄨𑄉𑄪𑄚𑄧𑄢𑄬 𑄡𑄧𑄘𑄨 𑄘𑄬𑄉𑄬𑄭 𑄚𑄧-𑄛𑄢𑄨 𑄥𑄣𑄬𑄚𑄴 𑄃𑄟𑄳𑄦𑄢𑄧 𑄥𑄚𑄳𑄠𑄬 𑄘𑄧𑄎 𑄦𑄧𑄝𑄧।","আমাদের বন্ধু,আসা যাওা করে একসাথে থাকতে পারে না,সামনে আসতে পারলে আমাদের বন্ধু হবে"
𑄥𑄬𑄇𑄳𑄠𑄬 𑄌𑄋𑄴𑄟 𑄎𑄘𑄧𑄢𑄴 𑄇𑄧𑄚𑄧 𑄞𑄬𑄖𑄴 𑄚𑄧-𑄗𑄬𑄝𑄧।,এত চামার কোনো স্থান থাকবে না
"𑄎𑄖𑄴𑄪𑄢𑄬 𑄃𑄇𑄴𑄮𑄠𑄴 𑄚𑄬𑄡𑄬 𑄝𑄖𑄳𑄠𑄬, 𑄞𑄬𑄣𑄮𑄖𑄴 𑄖𑄪𑄣𑄨𑄝𑄖𑄳𑄠𑄬 𑄌𑄋𑄴𑄟 𑄣𑄬𑄊 𑄃 𑄚𑄨𑄎𑄧 𑄥𑄦𑄨𑄖𑄳𑄠𑄠𑄚𑄨 𑄣𑄢𑄴𑄌𑄢𑄴 𑄉𑄧𑄢 𑄛𑄧𑄢𑄨𑄝𑄱।","জাগা ক্যামেরা নিে বাঁশটা নিে আসতেছে,ভেে উঠার সম চামা দিে চামা করতে হবে"
"𑄌𑄨𑄉𑄮𑄚𑄴 𑄉𑄪𑄢𑄮𑄠𑄪𑄚𑄬 𑄥𑄨𑄊𑄨𑄝𑄖𑄳𑄠𑄬 𑄃𑄪𑄌𑄴𑄮𑄚𑄨 𑄖𑄪𑄣𑄨 𑄘𑄨𑄠𑄬 𑄛𑄧𑄢𑄨𑄝𑄱, 𑄃𑄪𑄘𑄮 𑄣𑄧-𑄛𑄧𑄢𑄨𑄝𑄱 𑄣𑄪𑄉𑄨 𑄡𑄬𑄠𑄬, 𑄦𑄎𑄨 𑄡𑄬𑄠𑄬 𑄥𑄦𑄨𑄖𑄳𑄠𑄠𑄚𑄨।","ছোট বাচ্চা গুলো সেখানে মাথা তুলে দিতে হবে, উো নিে যেতে হবে, হাসি দো হেছে"
"𑄛𑄨𑄖𑄴𑄗𑄨𑄟𑄨𑄖𑄴 𑄝𑄚 𑄇𑄧𑄠𑄬𑄇𑄴 𑄘𑄨𑄚𑄧𑄖𑄳𑄠𑄬 𑄃𑄬𑄌𑄴𑄳𑄠𑄋𑄴, 𑄦𑄬𑄠𑄖𑄴 𑄛𑄪𑄢𑄬𑄣𑄬 𑄡𑄬𑄟𑄴𑄝𑄮𑄃𑄨 𑄃𑄬 𑄃𑄏𑄣𑄮𑄃𑄨 𑄗𑄬𑄣𑄬 𑄎𑄘𑄧 𑄃𑄨𑄘𑄪 𑄇𑄧𑄚𑄧 𑄇𑄨𑄌𑄴𑄪 𑄘𑄬𑄉𑄬𑄭 𑄚𑄧-𑄛𑄢𑄨𑄝𑄧𑄁।","পৃথিবীতে শুধু কদিন আসা যা, এখানে থাকলে কোনো কিছু দেখতে পারবো না"
𑄛𑄧𑄢 𑄇𑄧𑄝𑄣𑄳𑄠 𑄘𑄬𑄏𑄧𑄖𑄴 𑄡𑄬𑄇𑄴𑄬 𑄗𑄨𑄖𑄧𑄝𑄴𑄧𑄢𑄴 𑄉𑄧𑄢𑄨 𑄃𑄊𑄨 𑄡𑄬𑄘𑄧𑄇𑄴 𑄘𑄨𑄚𑄴 𑄝𑄎𑄨 𑄗𑄬𑄝𑄧𑄁 𑄎𑄘𑄧𑄢𑄴 𑄌𑄁𑄌𑄢 𑄖𑄨𑄉𑄬 𑄢𑄉𑄬𑄝𑄖𑄳𑄠 𑄥𑄬𑄘𑄧𑄚𑄴 𑄌𑄬𑄢𑄬𑄖𑄴𑄗 𑄢𑄉𑄬𑄝𑄖𑄳𑄠𑄬 𑄟𑄪𑄭 𑄝𑄬𑄇𑄴𑄪𑄚𑄧𑄢𑄬 𑄇𑄮𑄎𑄮𑄣𑄨 𑄉𑄧𑄢𑄧𑄋𑄧𑄢𑄴।,পার সমে যতগুলো চাংমাহ্ আছে ততগুলো চাংমাহ্ রাগ করে আমি সবাইকে সম্বোধন করি
𑄃𑄟𑄳𑄦 𑄎𑄧𑄘𑄝𑄧𑄣𑄧 𑄇𑄟𑄚𑄨 𑄘𑄬𑄊𑄨𑄚𑄬𑄭 𑄃𑄧𑄚𑄳𑄠𑄧 𑄎𑄖𑄴𑄪𑄚𑄬 𑄝𑄦𑄨𑄚𑄨 𑄉𑄧𑄢𑄨𑄝𑄇𑄴 𑄃𑄳𑄦 𑄖𑄢𑄳𑄦𑄠𑄪 𑄚𑄨𑄎𑄧 𑄥𑄦𑄨𑄖𑄳𑄠 𑄣𑄢𑄴𑄌𑄢𑄴 𑄉𑄧𑄖𑄴𑄬 𑄃𑄪𑄌𑄴𑄧𑄚𑄨 𑄛𑄬𑄝𑄇𑄴 ।,আমাদের দলের কাজ দেখে তারা নিজেদের দল থেকে বের হে যাবে
"𑄟𑄠𑄴 𑄟𑄪𑄢𑄪𑄇𑄴𑄉𑄨𑄠𑄬 𑄇𑄧𑄠𑄮𑄚𑄴- 𑄏𑄪𑄣𑄴 𑄗𑄇𑄴𑄬 𑄊𑄘𑄧, 𑄥𑄧𑄟𑄧𑄠𑄴 𑄗𑄇𑄴𑄬 𑄦𑄘𑄧।",".মাকানো কেকটা-ঝুলি দিে ঘাি,মাঝখানে হাত"
"𑄥𑄬𑄚𑄧𑄖𑄳𑄠𑄬 𑄟𑄪𑄭 𑄝𑄬𑄇𑄴𑄪𑄚𑄧𑄢𑄬 𑄇𑄮𑄎𑄮𑄣𑄨 𑄉𑄧𑄢𑄧𑄋𑄧𑄢𑄴 𑄥𑄧𑄟𑄧𑄠𑄴 𑄗𑄉𑄧𑄘𑄬 𑄥𑄧𑄎𑄇𑄴 𑄃𑄳𑄦𑄧, 𑄎𑄉𑄨𑄃𑄪𑄘𑄧, 𑄃𑄪𑄘𑄧-𑄣𑄧 𑄃𑄟𑄳𑄦 𑄎𑄘𑄧 𑄦𑄧𑄢𑄧𑄇𑄴 𑄃 𑄟-𑄞𑄌𑄴, 𑄣𑄢𑄴𑄌𑄢𑄴 𑄉𑄧𑄢𑄧 𑄚𑄨𑄎𑄧 𑄥𑄦𑄨𑄖𑄳𑄠।","সে আর আমি সবার ছোট করে থাকি, জাগিও না,উঠলো আমাদের সাথে"
𑄥𑄨𑄃𑄪𑄣𑄨 𑄚𑄋𑄬 𑄃𑄬𑄇𑄴 𑄢𑄎 𑄏𑄨,সিউলিতে এক রাজার ঝি
𑄃𑄬𑄖𑄴𑄬 𑄃𑄬𑄇𑄴 𑄢𑄬𑄎𑄳𑄠𑄧𑄖𑄴 𑄃𑄬𑄇𑄴 𑄢𑄎 𑄏𑄨 𑄃𑄬𑄣𑄧 ।,সে এক রাতে এক রাজার ঝি আসলো।
𑄖 𑄚𑄋𑄴 𑄥𑄨𑄃𑄪𑄣𑄨 ।,তার নািভুি
𑄢𑄪𑄝𑄬𑄢𑄧𑄋𑄬 𑄞𑄢𑄨 𑄘𑄮𑄣𑄴 ।,"রগচটা, রগচটা"
𑄉𑄝𑄪𑄢𑄴 𑄥𑄪𑄚𑄴𑄘𑄧𑄢𑄴 𑄦𑄮𑄠𑄬 ।,.গাছটা সুন্দর হেছে
𑄢𑄎 𑄏𑄨 𑄝𑄨𑄣𑄨 𑄇𑄧𑄙 ।,রাজাঝি বিে কথা
𑄥𑄨𑄖𑄴𑄪𑄚𑄴 𑄃𑄢𑄧 𑄢𑄪𑄝𑄬𑄢𑄧𑄋𑄬 𑄖 𑄙𑄮𑄇𑄳𑄠𑄬 𑄘𑄮𑄣𑄴 𑄃𑄬 𑄛𑄨𑄖𑄴𑄗𑄨𑄟𑄨𑄖𑄴 𑄇𑄨𑄠𑄬𑄭 𑄚𑄬𑄭 ।,তার থেকে আর রুবে তার মতো সুন্দর পৃথিবীতে কিছুই নেই
𑄟𑄚𑄬𑄭 𑄛𑄪𑄢𑄨𑄖𑄴 𑄟𑄚𑄬𑄭𑄣𑄧𑄉𑄧𑄖𑄴𑄪𑄚𑄴 𑄖𑄢𑄬 𑄣𑄧𑄝𑄢𑄴 𑄟𑄚𑄬𑄭 𑄚𑄬𑄭 ।,. মানে সত্যি সত্যি তাকে নিে যাওার কোন মানে নেই
𑄢𑄎 𑄟𑄧𑄚𑄬 𑄟𑄧𑄚𑄬 𑄖 𑄏𑄨𑄝𑄱𑄖𑄳𑄠𑄬𑄠𑄴 𑄎𑄟𑄬𑄃𑄨 𑄗𑄮𑄉𑄭 ।,রাজা মনে মনে তার স্ত্রীর জন্য অপেক্ষা করতেছে
𑄃𑄬𑄇𑄴 𑄥𑄧𑄟𑄧𑄠𑄴 𑄞𑄘𑄧 𑄃𑄪𑄢𑄧-𑄃𑄪𑄢𑄨 𑄃𑄏𑄨𑄚𑄴 𑄉𑄧𑄢-𑄉𑄧𑄢𑄨 𑄘𑄨𑄚𑄮𑄖𑄴 𑄝𑄬𑄚𑄳𑄠 𑄌𑄨𑄇𑄴𑄌𑄨𑄇𑄳𑄠 𑄉𑄧𑄢𑄨 𑄝𑄬𑄣𑄧 𑄍𑄧𑄘𑄧𑄇𑄴 𑄢𑄎 𑄏𑄨 𑄥𑄨𑄃𑄪𑄣𑄨 𑄉𑄪𑄘𑄨𑄝𑄱𑄢𑄴 𑄜𑄪𑄉𑄪𑄘𑄨 𑄇𑄚𑄘𑄨 𑄥𑄮𑄟𑄴𑄬𑄉𑄨 ।,এক সম বাতাস আসা-আসা করার দিনে বোর শব্দ করে রাজার মেেটি কাঁদতেছে
𑄢𑄎 𑄏𑄨 𑄝𑄬𑄣𑄧 𑄍𑄧𑄘𑄧𑄉𑄧𑄢𑄬 𑄞𑄢𑄨 𑄘𑄮𑄣𑄴 𑄘𑄬𑄣𑄧 ।,রাজার মেে বোলটা খুব সুন্দর দিল
𑄥𑄨𑄃𑄪𑄣𑄨 𑄖 𑄝𑄝𑄧𑄢𑄬 𑄇𑄧𑄣𑄧- 𑄝 𑄖𑄪𑄭 𑄝𑄬𑄣𑄧 𑄍𑄧𑄘𑄧𑄉𑄧𑄢𑄬 𑄎𑄟𑄬𑄭 𑄒𑄨𑄇𑄴 𑄉𑄧𑄢𑄴 ।,সিউলি তার ছেলেকে কল দিে বলল-বা তুমি বিালের শব্দ করে ঠিক করো
𑄟𑄪𑄭 𑄎𑄟𑄬𑄭 𑄣𑄧𑄣𑄬 𑄖𑄢𑄬 𑄣𑄮𑄟𑄴𑄝𑄬 ।,পাহাে গেলে তাকে লোমবে
𑄢𑄎 𑄝𑄖𑄴𑄮 𑄛𑄬𑄇𑄴𑄱𑄘𑄨 𑄝𑄬𑄣𑄧 𑄍𑄧𑄘𑄧𑄉𑄧 𑄃𑄨𑄘𑄪 𑄖 𑄏𑄨𑄝𑄱 𑄥𑄨𑄃𑄪𑄣𑄨𑄢𑄬 𑄝𑄮 𑄘𑄨𑄝𑄢𑄴 𑄥𑄁𑄝𑄖𑄴 𑄛𑄘𑄬𑄣𑄧 ।,রাজার বাতের পেকটা বেলের শব্দ করে তার স্ত্রীকে ভাত দিে দিতে যাচ্ছে
𑄝𑄬𑄣𑄧 𑄍𑄧𑄘𑄧𑄉𑄬 𑄥𑄁𑄝𑄖𑄴 𑄜𑄨𑄢𑄬𑄭 𑄇𑄧𑄣𑄧 𑄟𑄪𑄭 𑄥𑄨𑄃𑄪𑄣𑄨𑄢𑄬 𑄚𑄧 𑄣𑄮𑄟𑄴 ।,সূর্য ডোবার সম বন্ধুদের সাথে কথা বলতে বলতে মুখে লোম উঠে না
"𑄟𑄪𑄭 𑄘𑄬𑄝𑄧 𑄛𑄪𑄠𑄧, 𑄘𑄬𑄝𑄧 𑄟𑄨𑄣𑄬 𑄣𑄮𑄟𑄴𑄝𑄬 ।","আমি দেবপু, দেব মেে লোমে"
𑄟𑄧𑄚𑄧 𑄘𑄪𑄉𑄬 𑄢𑄎 𑄏𑄨 𑄥𑄨𑄃𑄪𑄣𑄨 𑄟𑄧𑄢𑄨 𑄉𑄬𑄣𑄧 ।,মনের দুঃখে রাজার মেে মরে গেল
𑄢𑄎 𑄢𑄬𑄎𑄳𑄠𑄢𑄴 𑄝𑄬𑄇𑄴 𑄟𑄚𑄪𑄌𑄴𑄪𑄚𑄬 𑄢𑄎 𑄏𑄨 𑄟𑄧𑄢𑄚𑄭 𑄦𑄠𑄴 𑄦𑄠𑄴 𑄉𑄧𑄣𑄴𑄣𑄇𑄴 ।,রাজার রেজার সবাই রাজার মেে মারা যা
𑄥𑄨𑄘𑄳𑄠𑄖𑄴 𑄚𑄨𑄡𑄬𑄭 𑄘𑄦𑄧 𑄉𑄧𑄣𑄴𑄣𑄇𑄴𑄮𑄃𑄨 ।,সেখানে নিে দাহ করলাম
𑄢𑄎 𑄏𑄨𑄝𑄱 𑄥𑄨𑄘𑄳𑄠𑄚𑄧𑄖𑄴 𑄢𑄬𑄘𑄬 𑄢𑄬𑄘𑄬 𑄃𑄬𑄇𑄴𑄇𑄱 𑄘𑄮𑄣𑄴 𑄉𑄏𑄧 𑄌𑄢 𑄃𑄪𑄘𑄨𑄣𑄧 ।,রাজা মেে সেটাে রাতে একটা সুন্দর গাছের চারা উঠল
𑄉𑄌𑄴𑄍𑄱 𑄇𑄧𑄎𑄧𑄟 𑄝𑄧𑄠𑄧𑄌𑄳𑄠 𑄦𑄮𑄃𑄨 𑄞𑄘𑄧 𑄃𑄪𑄢𑄧 𑄃𑄪𑄢𑄨 𑄃𑄎𑄨𑄚𑄧 𑄉𑄧𑄢 𑄉𑄧𑄢𑄨 𑄃𑄧𑄇𑄴𑄖𑄧𑄖𑄴 𑄢𑄬𑄘𑄮𑄖𑄴 𑄜𑄪𑄣𑄴 𑄜𑄪𑄘𑄧 𑄙𑄧𑄣𑄴𑄣𑄇𑄴 ।,গাছটি কলা ব হে আকাশে ফুল ফোটালো
𑄜𑄪𑄣𑄪𑄚𑄴 𑄝𑄬𑄣𑄧 𑄍𑄧𑄘𑄧𑄇𑄴 𑄜𑄪𑄢𑄨𑄝𑄢𑄴 𑄃𑄉𑄬𑄘𑄨 𑄏𑄧𑄢𑄨 𑄛𑄧𑄢𑄧𑄚𑄴 ।,.ফুলগুলো বিালের মতো শেষ হে পতেছে
𑄥𑄨𑄃𑄪𑄣𑄨 𑄜𑄪𑄣𑄴 𑄉𑄌𑄴 𑄦𑄮𑄃𑄨 𑄟𑄚𑄬𑄭 𑄃𑄨𑄘𑄪 𑄖𑄬𑄚𑄬𑄭 𑄎𑄨𑄝𑄧𑄚𑄬 𑄎𑄨𑄝𑄧𑄚𑄬 𑄝𑄬𑄣𑄧 𑄍𑄧𑄘𑄧𑄉𑄧𑄢𑄴 𑄟𑄪𑄠𑄚𑄴 𑄚𑄧 𑄌𑄬𑄝𑄢𑄴 𑄃𑄬𑄉𑄬𑄟𑄴 𑄉𑄧𑄌𑄴𑄍𑄬 ।,সিউলি ফুল গাছ হওার জন্য এখানে জীবনে কখনো বিালের শব্দ শুনতে পারবো না
𑄢𑄕𑄨 𑄇𑄣𑄨𑄚𑄴𑄘𑄨,রাণি কালি
𑄌𑄋𑄴𑄟 𑄎𑄘𑄧𑄢𑄴 𑄃𑄨𑄖𑄨𑄦𑄥𑄧𑄖𑄴 𑄢𑄕𑄨 𑄇𑄣𑄨𑄚𑄴𑄘𑄨 𑄃𑄬𑄇𑄴𑄈𑄚𑄴 𑄟𑄧𑄚𑄧𑄖𑄴 𑄢𑄉𑄬𑄝𑄢𑄴 𑄚𑄋𑄴।,চামার ইতিহাসে রাণি কালি একটা মনে পতেছে
𑄇𑄪𑄢𑄳𑄦𑄧𑄇𑄪𑄑𑄳𑄠 𑄉𑄮𑄎𑄢𑄴 𑄉𑄪𑄎𑄋𑄳𑄠 𑄚𑄋𑄬 𑄎𑄪𑄟𑄴𑄧 𑄉𑄧𑄢𑄧𑄢𑄴 𑄟𑄨𑄣𑄬 𑄇𑄣𑄝𑄨।,কুাকুা গোজা দিে নাচ করতেছে
𑄌𑄋𑄴𑄟 𑄢𑄎 𑄙𑄧𑄢𑄧𑄟𑄴 𑄝𑄧𑄇𑄴𑄥𑄧 𑄈𑄀 𑄃𑄬𑄇𑄴𑄘𑄨𑄚𑄴 𑄥𑄨𑄇𑄢𑄧𑄖𑄴 𑄉𑄬𑄣𑄬 𑄉𑄪𑄎𑄋𑄳𑄠 𑄌𑄋𑄴𑄟 𑄎𑄪𑄟𑄴 𑄊𑄧𑄢𑄧𑄖𑄴 𑄛𑄚𑄨 𑄈𑄬𑄝𑄖𑄳𑄠𑄭 𑄃𑄪𑄑𑄳𑄠𑄬।,চাংমা রাজার মতো ব ব বক্স খাওা এক দিন সে জমিতে পানি খেে চলে গেল
𑄥𑄬𑄇𑄴𑄇𑄬 𑄇𑄣𑄝𑄨 𑄥𑄧𑄟𑄢𑄬 𑄢𑄎𑄢𑄴 𑄘𑄬𑄊 𑄦𑄧𑄠𑄴।,এখন কালোজাদু সাথে রাজার ছবি হ
𑄛𑄧𑄢𑄬 𑄢𑄎 𑄇𑄣𑄝𑄨𑄢𑄬 𑄣𑄰𑄱𑄚𑄬 𑄇𑄣𑄨𑄚𑄴𑄘𑄨 𑄚𑄋𑄴 𑄗𑄧𑄠𑄴।,পা রাজা কালাবিকে নিে কালোজাদু নাচে
𑄥𑄨𑄖𑄴𑄪𑄚𑄴 𑄙𑄧𑄢𑄨 𑄇𑄣𑄝𑄨 𑄢𑄕𑄨 𑄇𑄣𑄨𑄚𑄴𑄘𑄨 𑄚𑄋𑄬 𑄛𑄧𑄢𑄨𑄌𑄨𑄖𑄧 𑄦𑄧𑄠𑄬।,সে থেকে কালোজাদু সংস্কৃতির সাথে পরিচিত হেছে
𑄷𑄾𑄹𑄸 𑄈𑄳𑄢𑄨𑄌𑄴𑄑𑄛𑄴𑄘𑄧𑄖𑄴 𑄢𑄎 𑄙𑄧𑄢𑄧𑄟𑄴 𑄝𑄧𑄇𑄴𑄥𑄧 𑄈𑄀 𑄟𑄧𑄢𑄨 𑄡𑄠𑄴।,৮১০২ সালে রাজা ধর বক্স খাঁ মরে যা
𑄢𑄕𑄨𑄖𑄴𑄗𑄪𑄚𑄴 𑄛𑄪𑄠 𑄚𑄧 𑄗𑄚𑄠𑄴 𑄃 𑄢𑄎𑄢𑄴 𑄎𑄪𑄘 𑄉𑄧𑄧𑄢𑄧𑄢𑄴 𑄛𑄪𑄠 𑄚𑄝𑄣𑄧𑄇𑄴 𑄃𑄧𑄚𑄭 𑄢𑄬𑄎𑄳𑄠𑄧𑄖𑄴 𑄎𑄥𑄪𑄣𑄪𑄇𑄴 𑄘𑄬𑄊𑄘𑄬।,.রান্না থেকে বের না হওার সম সে রাতের বেলা বের হে গেল
𑄷𑄾𑄹𑄽 𑄈𑄳𑄢𑄨𑄌𑄴𑄑𑄛𑄴𑄘𑄧𑄖𑄴 𑄢𑄕𑄨 𑄝𑄧𑄎𑄧𑄢𑄬 𑄸𑄻𑄾𑄹 𑄎𑄧𑄟𑄠𑄴 𑄃𑄨𑄎𑄢 𑄣𑄰𑄱𑄚𑄬 𑄷𑄾𑄺𑄺 𑄈𑄳𑄢𑄨𑄌𑄴𑄑𑄛𑄴𑄘𑄧𑄖𑄴 𑄢𑄬𑄎𑄳𑄠𑄧 𑄥𑄥𑄧𑄚𑄴 𑄉𑄧𑄢𑄨𑄝𑄢𑄴 𑄃𑄧𑄙𑄨𑄇𑄢𑄴 𑄛𑄭।,৮১২৭. সালে বছর সূর্য ডোবার সমে ২৫০৩ জমা দিে সূর্য ডোবার সমে ভাত খাওার সম
"𑄢𑄕𑄨 𑄇𑄣𑄨𑄚𑄴𑄘𑄨𑄢𑄴 𑄥𑄥𑄧𑄚𑄴 𑄃𑄟𑄧𑄣𑄧𑄖𑄴 𑄃𑄬𑄣𑄇𑄢𑄴 𑄥𑄨𑄟𑄚 𑄃𑄬𑄣𑄧- 𑄛𑄪𑄉𑄬 𑄣𑄪𑄥𑄭 𑄛𑄦𑄢𑄴, 𑄛𑄧𑄌𑄴𑄨𑄟𑄬 𑄚𑄨𑄎𑄟𑄴𑄛𑄪𑄢𑄴 𑄢𑄌𑄴𑄖, 𑄃𑄪𑄖𑄴𑄧𑄢𑄬 𑄜𑄬𑄕𑄨𑄉𑄁 𑄃 𑄘𑄧𑄉𑄨𑄚𑄬 𑄥𑄧𑄁𑄈𑄧𑄉𑄁।","সূর্য ডোবার সম এলাকার আলো আঁধারি আসলো-পুে লুসা পাতা,উত্তরে নিমজ্জন রাত,উত্তরে বিঝুর আলো"
𑄢𑄕𑄨 𑄇𑄣𑄨𑄚𑄴𑄘𑄨 𑄃𑄬𑄣𑄧 𑄥𑄙𑄨𑄚𑄴 𑄛𑄳𑄢𑄧𑄇𑄨𑄖𑄨𑄢𑄴 𑄟𑄨𑄣𑄬।,সূর্য ডোবার সম দুইজনে মিলে
𑄖𑄢𑄴 𑄃𑄬𑄣𑄧 𑄢𑄌𑄴𑄚𑄰𑄖𑄨𑄇𑄴 𑄌𑄨𑄘-𑄞𑄝𑄧𑄚।,তার এলার্জির ভাব
𑄷𑄾𑄼𑄼 𑄈𑄳𑄢𑄨𑄌𑄴𑄑𑄛𑄴𑄘𑄧𑄖𑄴 𑄇𑄳𑄠𑄛𑄴𑄑𑄬𑄚𑄴 𑄣𑄪𑄃𑄨𑄚𑄴 𑄥𑄝𑄧 𑄥𑄧𑄟𑄢𑄬 𑄖𑄢𑄴 𑄘𑄨𑄟𑄧𑄖𑄴 𑄗𑄚𑄠𑄴 𑄚𑄚𑄙𑄧𑄇𑄳𑄠 𑄇𑄧𑄎𑄳𑄠-𑄇𑄬𑄣𑄬𑄁𑄇𑄢𑄴 𑄦𑄧𑄠𑄴।,৮১৫৫. শীতকালে কেকটা কুকুর তাাতাি দৌাদৌি করে
𑄡𑄨𑄠𑄚𑄧𑄖𑄳𑄠𑄭 𑄖 𑄢𑄬𑄎𑄳𑄠𑄧𑄃𑄚𑄴 𑄘𑄨-𑄞𑄇𑄴 𑄉𑄧𑄢 𑄦𑄧𑄠𑄴।,যেখানে সেখানে তার রেজটা দুই ভাগ করা হ
𑄟𑄖𑄴𑄖𑄧𑄢𑄴 𑄢𑄕𑄨 𑄝𑄳𑄢𑄨𑄑𑄨𑄌𑄴 𑄥𑄥𑄧𑄇𑄴𑄪𑄚𑄧 𑄇𑄠𑄴 𑄟𑄙 𑄚𑄧 𑄛𑄘𑄬।,এক জাতী বুনো শাকের মাথা চুল পে না
𑄢𑄕𑄨 𑄢𑄬𑄎𑄳𑄠𑄧𑄢𑄴 𑄝𑄬𑄇𑄴 𑄎𑄘𑄧𑄢𑄴𑄛𑄳𑄢𑄧𑄖𑄨 𑄥𑄧𑄁 𑄝𑄨𑄌𑄢𑄴 𑄉𑄧𑄢𑄴𑄖𑄧।,সূর্য ডোবার সম সব জাগা সমান গর্ত
𑄝𑄬𑄇𑄴 𑄟𑄚𑄴𑄎𑄳𑄠𑄧𑄢𑄴 𑄞𑄣𑄬𑄖𑄴 𑄌𑄬𑄘𑄧।,সব মলা ভালো করে দেখ
"𑄖 𑄃𑄟𑄧𑄣𑄧𑄖𑄴 𑄖𑄬 𑄟𑄧𑄌𑄴𑄎𑄨𑄖𑄴, 𑄝𑄪𑄖𑄴𑄙𑄧𑄟𑄧𑄚𑄴𑄘𑄨𑄢𑄴 𑄝𑄚𑄬𑄭 𑄘𑄨𑄠𑄬।","তার আমল সে মলা,বুদ্ধমন্দির তৈরি করে"
𑄛𑄚𑄨𑄢𑄴 𑄥𑄪𑄝𑄨𑄙𑄖𑄳𑄠𑄭 𑄘𑄨𑄊𑄨 𑄈𑄪𑄢𑄨 𑄘𑄨𑄠𑄬।,.পানির সুবিধা দিে দিে দিে
𑄖 𑄚𑄬𑄇𑄴𑄮𑄢𑄴 𑄥𑄳𑄢𑄨𑄖𑄨 𑄢𑄉𑄬𑄝𑄖𑄳𑄠𑄭 𑄝𑄎𑄢𑄚𑄴 𑄢𑄎𑄢𑄴𑄦𑄖𑄴 𑄚𑄋𑄴 𑄗𑄰𑄱𑄠𑄬।,তার স্বামীর সাথে রাগ করে বাজারটা রাজার হাত ধরে আছে
𑄝𑄪𑄖𑄴𑄙𑄧 𑄙𑄧𑄢𑄴𑄟𑄧 𑄗𑄨𑄘𑄧 𑄉𑄧𑄢𑄨𑄝𑄖𑄴𑄖𑄬𑄭 𑄷𑄾𑄻𑄼 𑄈𑄳𑄢𑄨𑄌𑄴𑄑𑄛𑄴𑄘𑄧𑄖𑄴 𑄃𑄢𑄇𑄚𑄧𑄖𑄴𑄗𑄪𑄚𑄴 𑄥𑄧𑄁𑄊𑄧𑄢𑄌𑄴 𑄥𑄢𑄧𑄠𑄬𑄙𑄧 𑄟𑄧𑄦𑄌𑄴𑄗𑄧𑄝𑄨𑄢𑄧𑄢𑄬 𑄢𑄎𑄚𑄧𑄉𑄧𑄢𑄧𑄖𑄴 𑄃𑄚𑄨𑄚𑄬𑄭 𑄷𑄸𑄽𑄹 𑄥𑄧𑄚𑄬 𑄾 𑄌𑄮𑄖𑄴𑄖𑄳𑄢𑄧 𑄝𑄪𑄖𑄴𑄙𑄧 𑄟𑄧𑄚𑄴𑄘𑄨𑄢𑄴 𑄝𑄚𑄬𑄭𑄠𑄬।,বুো ধর্ম ঠিক করার সমে আরাকান থেকে বৌদ্ধ সন্ন্যাসীদেরকে রাজানগরে নিে আসা হেছে
𑄟𑄧𑄚𑄴𑄘𑄨𑄢𑄧 𑄇𑄬𑄠𑄖𑄴 𑄢𑄕𑄨𑄢𑄴 𑄃𑄪𑄛𑄧𑄘𑄬𑄌𑄴 𑄣𑄬𑄊 𑄃𑄰𑄠𑄬।,মন্দির কোতে রোদ পেছে
𑄃𑄬 𑄝𑄪𑄖𑄴𑄙𑄧 𑄟𑄧𑄚𑄴𑄘𑄨𑄢𑄴𑄝𑄧 𑄢𑄎𑄚𑄧𑄉𑄧𑄢𑄧𑄖𑄴 𑄃𑄬𑅄𑄧 𑄃𑄊𑄬।,এই বুদ্ধ মন্দিরটা রাজানগরে আছে
𑄝𑄪𑄖𑄴𑄙𑄧 𑄙𑄧𑄢𑄴𑄟𑄧 𑄍𑄮𑄢𑄬𑄭𑄝𑄖𑄳𑄠𑄭 𑄝𑄢𑄴𑄟 𑄇𑄧𑄘𑄠𑄴 𑄣𑄬𑄊 𑄗𑄘𑄪𑄖𑄮𑄠𑄧 𑄝𑄰𑄝𑄧 𑄝𑄁𑄣 𑄞𑄥𑄖𑄴 𑄚𑄨𑄣𑄴𑄇𑄧𑄟𑄧𑄣𑄴 𑄘𑄥𑄧𑄢𑄬 𑄘𑄨 𑄃𑄧𑄚𑄪𑄝𑄖𑄴 𑄉𑄧𑄢𑄬𑄭𑄠𑄬।,বৌদ্ধ ধর্ম ছোার সমে চাকমারা নীল কমল দাসকে পূজা করে
𑄥𑄨𑄝 𑄚𑄋𑄴 𑄝𑄮𑄖𑄴𑄙𑄧𑄢𑄧𑄚𑄴𑄎𑄨𑄇𑄴।,সে নাাচাা করে
𑄌𑄋𑄴𑄟 𑄈𑄚,চামা খাওা
𑄝𑄝𑄧𑄘𑄧𑄢𑄴 𑄝𑄝𑄧𑄘𑄧𑄢𑄴 𑄝𑄃𑄨𑄚𑄨 𑄉𑄧𑄢𑄬-𑄛𑄢 𑄌𑄋𑄴𑄟 𑄈𑄚 𑄃𑄊𑄬।,দৌাদৌি করে চামা খাওা আছে
𑄚𑄚 𑄙𑄧𑄉𑄬 𑄝𑄚𑄬𑄃𑄨𑄠 𑄈𑄚𑄚𑄨 𑄘𑄬𑄣𑄬 𑄈𑄬𑄝𑄢𑄴 𑄟𑄧𑄚𑄬 𑄇𑄧𑄠𑄴’ 𑄈𑄬𑄣𑄬 𑄥𑄱𑄖𑄴 𑄣𑄉𑄬।,নানা ধরনের খাবার দিে খেতে মনে হ
𑄛𑄪𑄌𑄴𑄎𑄳𑄠 : 𑄃𑄥𑄪𑄚𑄧𑄖𑄴 𑄛𑄪𑄢𑄨 𑄌𑄋𑄴𑄟𑄭 𑄇𑄨𑄏𑄪 𑄇𑄨𑄏𑄪 𑄈𑄚 𑄈𑄚𑄴।,.পুা: আসা যাওা করার সম চাংমাহ্ কি কি খাওা খা
"𑄡𑄬𑄚𑄴: 𑄃𑄣𑄪, 𑄟𑄮𑄇𑄴𑄳𑄠, 𑄥𑄪𑄟𑄨-𑄝𑄨𑄎𑄨, 𑄇𑄖𑄴𑄗𑄮𑄣𑄴-𑄝𑄨𑄎𑄨, 𑄥𑄪𑄉𑄪𑄚𑄨, 𑄝𑄬𑄢𑄴𑄟, 𑄥𑄨𑄘𑄮𑄣𑄴 𑄃𑄢𑄧 𑄚𑄚 𑄇𑄨𑄏𑄪।","আলু, মোা, শিমের বিচি, শিমের বিচি, সিদোল, সিদোল, সিদোল প্রভৃতি"
"𑄥𑄨𑄇𑄴𑄳𑄠 : 𑄥𑄨𑄉𑄧𑄖𑄴 𑄉𑄙𑄬𑄃𑄨 𑄚𑄪𑄚𑄴, 𑄟𑄧𑄢𑄨𑄌𑄴, 𑄦𑄮𑄣𑄮𑄖𑄴𑄉𑄪𑄣𑄨 𑄃𑄉𑄪𑄚𑄧𑄖𑄴 𑄥𑄨𑄉𑄨 𑄌𑄋𑄴𑄟𑄭 𑄈𑄚𑄴, 𑄡𑄬𑄚𑄴 : 𑄟𑄌𑄴-𑄥𑄨𑄇𑄴𑄳𑄠, 𑄦𑄬𑄢-𑄥𑄨𑄇𑄴𑄳𑄠 𑄃𑄨𑄠𑄚𑄨 ।","সে: সেই গাছে লবণ, মরিচ, হলুদগুলো আগুনে সিদ্ধ করে খা, যেন: মাছ-মাংস এগুলো"
"𑄇𑄬𑄝𑄁 : 𑄡𑄮𑄉𑄢𑄴 𑄉𑄮𑄢𑄨 𑄚𑄪𑄚𑄴, 𑄟𑄧𑄢𑄨𑄌𑄴, 𑄦𑄮𑄣𑄮𑄖𑄴 𑄉𑄪𑄣𑄨 𑄇𑄧𑄣-𑄛𑄘𑄣𑄮𑄃𑄨 𑄟𑄧𑄎 𑄉𑄮𑄢𑄨 𑄃𑄤𑄢-𑄃𑄪𑄉𑄪𑄢𑄬 𑄛𑄨𑄣𑄖𑄴 𑄛𑄚𑄨𑄚𑄬𑄭 𑄉𑄧𑄢𑄨 𑄥𑄨𑄎𑄬𑄣𑄬 𑄇𑄬𑄝𑄁 𑄦𑄧𑄠𑄴, 𑄡𑄬𑄚𑄴 : 𑄥𑄪𑄉𑄪𑄚𑄨-𑄇𑄬𑄝𑄁, 𑄟𑄌𑄴-𑄇𑄬𑄝𑄁 𑄃𑄨𑄠𑄚𑄨 ।","কেবাং: যোগার করে লবণ, মরিচ,লোনা গোল কলা দিে রান্না করলে কেবাং হ,যেমন: শুকর কেবাং,মাছ কেবাং"
"𑄃𑄪𑄌𑄴𑄳𑄠 : 𑄝𑄚 𑄚𑄪𑄚𑄴 𑄘𑄨𑄚𑄬𑄭 𑄛𑄚𑄨𑄖𑄴 𑄃𑄪𑄎𑄨𑄠𑄧 𑄌𑄋𑄴𑄟𑄭 𑄈𑄚𑄴, 𑄡𑄬𑄚𑄴 : 𑄃𑄣𑄪, 𑄟𑄮𑄇𑄴𑄳𑄠, 𑄇𑄎𑄇𑄧𑄣, 𑄥𑄪𑄉𑄪𑄢𑄨-𑄃𑄣𑄪 𑄃𑄨𑄠𑄚𑄨 ।",".উচা: শুধু লবনাক্ত পানিতে চামা খা,যেমন: আলু,মা ইত্যাদি"
"𑄉𑄪𑄘𑄬𑄃𑄨𑄠 : 𑄟𑄧𑄢𑄨𑄌𑄴-𑄚𑄪𑄚𑄴 𑄘𑄨 𑄌𑄪𑄟𑄮𑄖𑄴, 𑄛𑄨𑄣𑄖𑄴 𑄢𑄚𑄨 𑄘𑄣𑄴𑄉𑄌𑄴𑄣𑄮𑄃𑄨 𑄉𑄪𑄘𑄬𑄃𑄨 𑄈𑄚𑄴 ।","গুঁো: মরিচগুলো দুইটা চুে খাওা, পিলের রানী পাতিলে গুঁো করে খা"
"𑄡𑄬𑄚𑄴 : 𑄟𑄌𑄴, 𑄃𑄨𑄎, 𑄥𑄪𑄟𑄨, 𑄥𑄨𑄠𑄮𑄚𑄴𑄥𑄇𑄴, 𑄇𑄪𑄎𑄪𑄛𑄧𑄋 𑄃𑄨𑄠𑄚𑄨 ।","মাছ,ইজা,সিম,সিোনাক,কুজুপাং ইানি"
"𑄖𑄝𑄘𑄳𑄠 : 𑄛𑄨𑄣𑄖𑄴 𑄎𑄧𑄉𑄢𑄴 𑄉𑄮𑄢𑄨 𑄛𑄚𑄨-𑄘𑄨 𑄃𑄨𑄎𑄉𑄪𑄢𑄨, 𑄥𑄨𑄘𑄮𑄣𑄴, 𑄝𑄬𑄢𑄴𑄟, 𑄚𑄪𑄚𑄴-𑄟𑄧𑄢𑄨𑄌𑄴 𑄘𑄨 𑄈𑄚𑄧𑄇𑄴𑄈𑄧𑄚𑄴 𑄛𑄚𑄨 𑄣𑄮𑄃𑄨 𑄥𑄨𑄎𑄚।",".তাবাি: পিলের সম ঘন করে পানি দিে আসা,সিদোল,বো,নুন-মলা দুই পাে পানি নিে আসা"
"𑄥𑄪𑄟𑄨, 𑄝𑄬𑄉𑄪𑄚𑄴, 𑄇𑄮𑄃𑄨𑄙𑄳𑄠 𑄖𑄝𑄃𑄚𑄧𑄖𑄴 𑄏𑄝𑄬𑄃𑄨𑄘𑄳𑄠 𑄛𑄧𑄢𑄬।","শিম, বেগুন,কোাল তরকারিতে ঝাি দিতে হ"
𑄌𑄋𑄴𑄟𑄭 𑄖𑄝𑄘𑄳𑄠 𑄝𑄬𑄌𑄴 𑄉𑄧𑄟𑄴 𑄛𑄚𑄴 ।,চাংমাের তাাতাি বেশি ভালো পান
"𑄈𑄧𑄣-𑄉𑄮𑄌𑄴𑄎𑄳𑄠 : 𑄎𑄧𑄉𑄢𑄴 𑄉𑄮𑄢𑄨 𑄚𑄪𑄚𑄴, 𑄟𑄧𑄢𑄨𑄌𑄴, 𑄦𑄮𑄣𑄮𑄖𑄴𑄉𑄪𑄣𑄨 𑄌𑄪𑄉𑄪𑄚𑄧 𑄉𑄮𑄢𑄨 𑄢𑄚𑄚-𑄃𑄚𑄴 𑄦𑄮𑄣𑄮𑄘𑄬 𑄈𑄧𑄣-𑄉𑄧𑄌𑄴𑄎𑄳𑄠।","খলা-গোজসে লবণ, মরিচ, হলুদ গুলো গুঁা করে বানানোটা হলো খাা-গোা"
"𑄡𑄬𑄚𑄴: 𑄟𑄌𑄴, 𑄃𑄨𑄎, 𑄝𑄬𑄋𑄴-𑄦𑄬𑄢, 𑄥𑄪𑄉𑄮𑄢𑄴-𑄦𑄬𑄢 𑄃𑄨𑄠𑄚𑄨 ।","মাছ,ইজা,বিাল-হেরা, শুকর- শুকর এগুলো"
"𑄞𑄎 : 𑄖𑄬𑄣𑄧𑄖𑄴 𑄞𑄎 𑄉𑄮𑄢𑄨 𑄃𑄣𑄪, 𑄝𑄧𑄘, 𑄦𑄬𑄢 𑄌𑄋𑄴𑄟𑄭 𑄈𑄚𑄴।","ভাজা: তেলে ভাজা আলু, ডিম, মাংস খাওা"
"𑄢𑄚𑄴𑄳𑄠 : 𑄌𑄋𑄴𑄟𑄭 𑄟𑄧𑄏𑄧𑄣𑄴𑄣, 𑄜𑄪𑄎𑄨, 𑄝𑄉𑄮𑄢𑄴, 𑄥𑄝𑄢𑄋𑄴 𑄘𑄨 𑄦𑄬𑄢, 𑄟𑄌𑄴 𑄢𑄚𑄨 𑄈𑄚𑄴।","চামা: চামা,বাগোা,পাহাের ছাা দিে মাংস খাওা"
"𑄛𑄮𑄉𑄮𑄚𑄧𑄖𑄴 𑄘𑄳𑄠 : 𑄛𑄮𑄉𑄮𑄚𑄧𑄖𑄴-𑄘𑄨 𑄝𑄨𑄚𑄨-𑄞𑄖𑄴, 𑄝𑄨𑄚𑄨-𑄛𑄨𑄙, 𑄥𑄚𑄴𑄳𑄠-𑄛𑄨𑄙, 𑄇𑄧𑄣-𑄛𑄨𑄙, 𑄃𑄣𑄪, 𑄥𑄪𑄉𑄪𑄢𑄨𑄉𑄪𑄣𑄧 𑄞𑄝𑄬 𑄥𑄨𑄖𑄴𑄘𑄧 𑄉𑄮𑄢𑄨 𑄌𑄋𑄴𑄟𑄭 𑄈𑄚𑄴 ।",".পজ্জোনে দো: পোগেনে দিে বিনি ভাত,নিে পিঠা, আলু,সুগন্ধি ভাবে সেখানে চাংমাম খা"
"𑄌𑄋𑄴𑄟 𑄟𑄧𑄏𑄧𑄣𑄴𑄣 : 𑄜𑄪𑄎𑄨, 𑄝𑄉𑄮𑄢𑄴, 𑄝𑄨𑄣𑄘𑄨-𑄝𑄉𑄮𑄢𑄴, 𑄥𑄝𑄢𑄋𑄴, 𑄟𑄌𑄴𑄌𑄱-𑄝𑄉𑄮𑄢𑄴/𑄟𑄖𑄴𑄖𑄳𑄠 𑄝𑄉𑄮𑄢𑄴, 𑄝𑄧𑄢𑄧𑄚-𑄛𑄘, 𑄇𑄎-𑄟𑄧𑄢𑄨𑄌𑄴/𑄛𑄉𑄚-𑄟𑄧𑄢𑄨𑄌𑄴, 𑄃𑄘, 𑄦𑄮𑄣𑄮𑄖𑄴, 𑄚𑄪𑄚𑄴, 𑄛𑄬𑄀𑄠𑄌𑄴 𑄃 𑄢𑄮𑄚𑄴।",".চামা মাটি: ফুজি,বাগোা-বুো,মাঝখানে বাি,আম,পেঁা,পেঁা,পেঁা-রুন,লবণ,পেঁা,পঁা-রুন,পেঁা-আি,লবনা-আম,লবনা-মা,লবনা-মেে,লবনা-মেে,আবোল-বোল,আবোল-বোল,আবোল-নেওাচামা-ওাা"
𑄞𑄮𑄙𑄬𑄭 ’𑄟‘,বোই-মা
𑄃𑄉𑄬𑄘𑄨 𑄃𑄟𑄳𑄦 𑄌𑄋𑄴𑄟 𑄥𑄧𑄟𑄧𑄎𑄧𑄖𑄴 𑄟𑄧𑄚𑄬 𑄉𑄧𑄖𑄴𑄖𑄇𑄴 𑄞𑄮𑄙𑄬𑄭 ’𑄟‘ 𑄚𑄋𑄬 𑄃𑄬𑄇𑄴𑄱 𑄘𑄬𑄝𑄬𑄘 𑄃𑄬𑄣𑄧 ।,আগে আমাদের চাকমা সমে মনে করতো এক দেবতা এসেছে
𑄖𑄢𑄳𑄦 𑄝𑄨𑄌𑄴𑄳𑄠𑄌𑄴 𑄉𑄧𑄢𑄨𑄘𑄇𑄴 𑄥𑄬 𑄘𑄬𑄝𑄬𑄘𑄝𑄱𑄢𑄬 𑄊𑄪𑄟𑄧𑄖𑄴 𑄛𑄧𑄖𑄴𑄬 𑄎𑄪 𑄎𑄪 (𑄥𑄣𑄟𑄴) 𑄉𑄧𑄢𑄨 𑄊𑄪𑄟𑄴 𑄉𑄬𑄣𑄬𑄉𑄮𑄃𑄨 𑄢𑄬𑄘𑄮𑄖𑄴 𑄟𑄪𑄘𑄨 𑄚𑄧-𑄛𑄠𑄴 ।,তারা বিশ্বাস করে সেই দেবতাকে ঘুম থেকে উঠার সম সুসু করে ঘুমাতে গেলে রাতে আর ঘুম হ না
"𑄥𑄬𑄣𑄧𑄇𑄴𑄬 𑄥𑄧𑄟𑄎𑄧𑄖𑄴 𑄝𑄪𑄢𑄳𑄦𑄧 𑄝𑄪𑄢𑄨𑄠𑄬 𑄛𑄱 𑄥𑄝𑄃𑄪𑄚𑄧𑄢𑄬 𑄊𑄪𑄟𑄧𑄖𑄴 𑄛𑄧𑄖𑄴𑄬 𑄢𑄬𑄘𑄮𑄖𑄴 𑄡𑄪𑄚𑄨 𑄟𑄪𑄘𑄨𑄣𑄬, 𑄎𑄪 𑄎𑄪 (𑄥𑄣𑄟𑄴) 𑄉𑄧𑄢𑄨 𑄊𑄪𑄟𑄧𑄖𑄴 𑄛𑄧𑄢 𑄝𑄎𑄬𑄭 𑄘𑄨𑄘𑄇𑄴 ।",সে সমে বুো বুো বাচ্চারা ঘুম থেকে উঠার সম সালাম করে ঘুমা
𑄥𑄨𑄝𑄬 𑄦𑄧𑄣𑄧𑄘𑄬 𑄤𑄧𑄣𑄮𑄚𑄴 𑄥𑄣𑄧𑄢𑄴 𑄛𑄌𑄴𑄌𑄱 𑄛-𑄘𑄮𑄣𑄖𑄴𑄪𑄚𑄴 𑄟𑄪𑄎𑄪𑄋𑄬𑄘𑄨 𑄖𑄨𑄚𑄴𑄚𑄱 𑄛-𑄘𑄮𑄣𑄖𑄴𑄪𑄚𑄴 𑄝𑄬𑄉𑄧 𑄥𑄧𑄁𑄟𑄧𑄙𑄳𑄠𑄬 𑄛-𑄘𑄮𑄣𑄝𑄱 ।,.সে হলুদ রঙের পাচা থেকে পাচাটা বের করে পালিে যাচ্ছে
𑄞𑄮𑄙𑄬𑄭𑄟𑄢𑄬 𑄎𑄪 𑄎𑄪 (𑄥𑄣𑄟𑄴) 𑄉𑄧𑄖𑄴𑄬 𑄇𑄨𑄌𑄴𑄪 𑄚𑄧-𑄣𑄉𑄬 𑄝𑄚 𑄃𑄬𑄇𑄴𑄇𑄱 𑄟𑄚𑄴𑄘𑄧𑄢𑄴 𑄇𑄧𑄣𑄬 𑄦𑄧𑄠𑄴 ।,ভে তাকে কিছু লাগেনা শুধু একটা মানুষ বললে হ
𑄥𑄨𑄝𑄬 𑄖𑄧𑄣𑄬𑄘𑄨 𑄣𑄬𑄊𑄨 𑄘𑄨𑄣𑄪𑄁---,সে নিচ পর্যন্ত দেখে নিল
’’ 𑄤𑄧 𑄞𑄮𑄙𑄬𑄭 𑄟 ‘‘,.ওই ভাই-ওই মা
"𑄦𑄖𑄴𑄎𑄪𑄢𑄴 𑄉𑄧𑄢𑄨, 𑄦𑄘𑄪𑄛𑄢𑄨 𑄎𑄪 𑄎𑄪 𑄉𑄧𑄢𑄧𑄋𑄧𑄢𑄴 ,","হাত দিে, হাত দিে জুে করিও"
𑄥𑄪𑄖𑄴𑄙𑄧𑄟𑄧𑄚𑄬 𑄖𑄧𑄢𑄬 𑄃𑄬𑄇𑄴𑄇𑄚𑄴 𑄇𑄮𑄎𑄮𑄣𑄨 𑄉𑄧𑄢𑄧𑄋𑄧𑄢𑄴 ।,সুাতে তোমাকে একটি কথা বলতেছি
"𑄇𑄮𑄎𑄮𑄣𑄨 𑄉𑄧𑄌𑄴𑄳𑄠 𑄃𑄬𑄇𑄴𑄇𑄚𑄴 𑄇𑄧𑄙 𑄖𑄧𑄖𑄴𑄪𑄚𑄴 𑄟𑄉𑄧𑄋𑄧𑄢𑄴 ,",কজোলি করার মতো একটা কথা তোমার সাথে বলতেছি
𑄟𑄧𑄢𑄴 𑄞𑄨𑄎𑄬 𑄇𑄝𑄧𑄢𑄚𑄴 𑄖𑄧𑄢𑄬 𑄘𑄨𑄚𑄬𑄭 -,আমার ভিজে কাপ তোমাকে দিে
𑄖𑄧𑄢𑄴 𑄥𑄪𑄉𑄪𑄚𑄮 𑄇𑄝𑄧𑄢𑄚𑄴 𑄟𑄊𑄧𑄋𑄧𑄢𑄴 ।,তোমার শুকরের কাপটা গরম হেছে
"𑄃𑄬𑄌𑄴𑄳𑄠𑄖𑄴𑄪𑄚𑄴 𑄙𑄧𑄢𑄨 𑄟𑄧 𑄞𑄨𑄎𑄬 𑄇𑄝𑄧𑄢𑄚𑄴 𑄖𑄧𑄢𑄴 ,",.এইটা ধরে আমার ভিজে কাপগুলো তোমার
𑄖𑄧 𑄥𑄪𑄉𑄪𑄚𑄮 𑄇𑄝𑄧𑄢𑄚𑄴 𑄟𑄧𑄢𑄴 ।,তোমার সুতার কাপগুলো আমার
𑄥𑄨𑄠𑄚𑄴 𑄇𑄮𑄃𑄨𑄚𑄬𑄭 𑄟𑄧𑄢𑄴 𑄇𑄮𑄎𑄮𑄣𑄨 𑄗𑄪𑄟𑄴 𑄉𑄧𑄢𑄨𑄣𑄪𑄁,সে কথাগুলো বলে আমার কথা শেষ করলাম
𑄗𑄪𑄟𑄴 𑄉𑄧𑄢𑄚𑄢𑄴 𑄣𑄧𑄉𑄬 𑄣𑄧𑄉𑄬 . . .,শেষ করার সাথে সাথে
𑄖𑄨𑄚𑄴𑄝𑄢𑄴 𑄖𑄧𑄢𑄬 𑄎𑄪 𑄉𑄮𑄎𑄬𑄣𑄪𑄁 ।,তিন বার তোমাকে জুে নিে গেলাম
𑄃𑄟𑄧𑄚𑄧 𑄇𑄧𑄙𑄖𑄴 𑄛𑄮𑄢𑄬𑄠 𑄞𑄌𑄴,আমার কথা পা ভাত
𑄜𑄁𑄉𑄧𑄢,"১. ফুটো, ফুটো ২. ছিদ্র, ফুটো"
𑄎𑄪 𑄎𑄪,জুে জুে
𑄈𑄳𑄦𑄧𑄣,এক জাতী বুনো ফল যা সবজি হিসেবে ব্যবহৃত হ
𑄖𑄬𑄟𑄟𑄁 𑄈𑄳𑄦𑄧𑄣,এক জাতী কচু
𑄚𑄧𑄇𑄴𑄝𑄌𑄳𑄠 𑄉𑄧𑄢𑄴𑄝,নাছোবান্দা
𑄃𑄇𑄴𑄟𑄮𑄣𑄨𑄟𑄴 𑄇𑄧𑄘𑄧𑄉𑄨,এক জাতী কচু
𑄚𑄧𑄇𑄴𑄝𑄌𑄳𑄠 𑄇𑄧𑄘𑄧𑄉𑄨,এক জাতী কচু
𑄟𑄳𑄦𑄧𑄣𑄙𑄢𑄴 𑄇𑄧𑄘𑄧𑄉𑄨,এক জাতী কচু
𑄗𑄪𑄝𑄬𑄠𑄳𑄠,"গুঁতানো, গুঁতানো"
𑄥𑄧𑄣𑄴𑄣𑄘𑄢𑄴,"সলাপরামর্শ, পরামর্শ"
𑄚𑄚𑄪,"নানি, ঠাকুরমা, ঠাকুরমা"
𑄦𑄬𑄎𑄣𑄳𑄠 𑄚𑄚𑄪,হেঁচা নানি
𑄦𑄬𑄎𑄣𑄳𑄠 𑄇𑄝𑄨𑄘𑄁,হেঁচা কাপ
𑄡𑄪𑄇𑄴𑄝𑄧𑄖𑄳𑄠 𑄇𑄝𑄨𑄘𑄁,তর্কাতর্কি
𑄝𑄖𑄮𑄠 𑄇𑄝𑄨𑄘𑄁,বাঁশের কঞ্চি
𑄘𑄧𑄌𑄴 𑄞𑄣𑄬𑄘𑄨 𑄇𑄝𑄨𑄘𑄁,দশ ভালো কাজ
𑄟𑄨𑄣𑄬 𑄇𑄝𑄨𑄘𑄁,মেে কাপ
𑄃𑄥𑄛𑄴,"১. আসা, আসা ২. আসা"
𑄃𑄌𑄴,"আঁচ, খামচি"
𑄃𑄘𑄟𑄳𑄠,"গ্রাম, গ্রাম"
𑄃𑄙𑄉𑄮𑄝,"আধাগোা, আধাগোা"
𑄉𑄪𑄚𑄴,"গুণ, বৈশিষ্ট্য, বৈশিষ্ট্য"
𑄌𑄁𑄌𑄢,চাকমা বর্ণমালার প্রথম পাঠ
𑄉𑄧𑄢𑄧𑄌𑄴,"গরল, অম্ল, অম্ল"
𑄟𑄉𑄚,১. গণনা করা ২. গণনা করা
𑄟𑄧𑄁𑄉,"এক জাতী বুনো ফল, যা সবজি হিসেবে ব্যবহৃত হ"
𑄘𑄧𑄌𑄴𑄳𑄠,দা
𑄃𑄚𑄴𑄎𑄟𑄬,অব্যসূচক শব্দ
𑄃𑄧𑄚𑄣𑄧𑄢𑄴,অব্য পদ
𑄃𑄳𑄦𑄧𑄢𑄴,অব্য পদ
𑄇𑄧𑄣𑄴,"কল, কল"
𑄖𑄧𑄌𑄴𑄳𑄠,তসা
𑄦𑄪𑄊𑄪𑄟𑄴,হুক্কার আওাজ
𑄦𑄧𑄢𑄚𑄴,"হৃষ্টপুষ্ট, মোটাসোটা"
𑄥𑄧𑄟𑄴,bdmean
𑄥𑄬𑄘𑄚,"ছেঁা, ছেে যাওা"
𑄌𑄢𑄢𑄴𑄝𑄱,চারা গাছ
𑄥𑄧𑄘𑄳𑄦𑄧𑄟𑄮𑄠𑄖𑄴,"সহোদর, সহোদর"
𑄣𑄣𑄨,লাল
𑄣𑄪𑄇𑄴,"লুক, লুক"
𑄣𑄬𑄋𑄪𑄢𑄴,লেংটি
𑄣𑄧𑄝𑄨𑄠𑄧𑄖𑄴,লবি
𑄣𑄬𑄟𑄴𑄝𑄭,লেংটি
𑄛𑄰𑄚𑄋𑄴,"এক জাতী বুনো ফল, যা সবজি হিসেবে ব্যবহৃত হ"
𑄝𑄮𑄣𑄴,"বোল, বোল"
𑄝𑄬𑄚𑄴𑄘𑄢𑄴,১. বেইন ২. বেইন
𑄝𑄪𑄢𑄪𑄌𑄴,"বুো, বৃদ্ধ"
𑄝𑄪𑄖𑄴𑄙𑄨𑄘𑄨𑄛𑄴,"বুো, বৃদ্ধ"
𑄝𑄚𑄳𑄦,"১. বাা ২. বাা, বাা ৩. বাা, বাা ৪. বাা"
𑄝𑄧𑄢𑄴𑄝𑄳𑄦𑄧,বরবটি
𑄝𑄢𑄧𑄚𑄴𑄘𑄨,এক জাতী বুনো ফল
𑄝𑄬𑄢𑄬𑄖𑄴𑄳𑄠,"বোই, বোই"
𑄝𑄬𑄚𑄨,বেইন
𑄝𑄝𑄝𑄛𑄴𑄳𑄠,বাবামা
𑄝𑄋𑄟𑄮𑄌𑄴𑄳𑄠,বাঁশের মোক
𑄝𑄧𑄢𑄴,"ব, বিরাট, বিশাল, বিশাল"
𑄝𑄧𑄇𑄧𑄣𑄧𑄟𑄴,"বস, বিশাল, বিশাল"
𑄝𑄳𑄦𑄧𑄡𑄚,"ব করা, ব করা"
𑄌𑄉𑄣,এক জাতী বুনো ফল
𑄝𑄟𑄴,"১. বাঁশ, বাঁশ ২. বাঁশ"
𑄝𑄝𑄧𑄚,১. বাাবাি ২. বাাবাি
𑄙𑄪𑄚𑄴𑄙𑄪𑄇𑄴,ধুধুক
𑄙𑄧𑄚𑄴,ধন
𑄘𑄧𑄢𑄧𑄥𑄧𑄚𑄴,"ভ, আতঙ্ক, আতঙ্ক"
𑄘𑄧𑄌𑄴,১. দশ ২. দশ
𑄘𑄧𑄢𑄴𑄝𑄢𑄴,"ভ, আতঙ্ক, আতঙ্ক"
𑄘𑄨𑄎𑄬𑄢𑄴,"দুই ভাগ, দুই ভাগ"
𑄘𑄨𑄎,এক জাতী বুনো ফল
𑄘𑄨𑄇𑄴𑄇𑄝𑄪𑄣𑄧,"দুই ভাগ, দুই ভাগ"
𑄘𑄢𑄴𑄞𑄋,দাঁিাবাি
𑄗𑄬𑄙,"পা, পা"
𑄘𑄧𑄟𑄴,"দম, দম, দম"
𑄗𑄬𑄇𑄴,"থাম, পিলার, পিলার"
𑄗𑄪𑄟𑄴,"শেষ, শেষ, শেষ"
𑄖𑄨𑄢𑄮𑄌𑄴,তীর্যক
𑄖𑄬𑄝𑄧𑄚𑄳𑄠,"তেতো, তেতো"
𑄖𑄬𑄚𑄬𑄠𑄳𑄠,"তেতো, তিতকুটে"
𑄗𑄚𑄴,"১. ঘর, ঘর ২. আবাসস্থল, আবাসস্থল"
𑄖𑄟𑄎,"তামাটে, তামাটে"
𑄖𑄧𑄣𑄚,"১. নামা, নামানো ২. তলানি হওা, তলানি হওা"
𑄖𑄣𑄌𑄴,তালা
𑄖𑄪𑄝𑄮𑄣𑄴,বজ্রপাতের শব্দ
𑄖𑄧𑄌𑄴,"১. তেজ, তেজ ২. তেজ"
𑄒𑄢𑄴,বজ্রপাতের শব্দ
𑄔𑄬𑄝𑄣𑄳𑄠,ঢেঁা
𑄔𑄧𑄇𑄴,১. ঢঙ ২. ঢঙ
𑄔𑄬𑄇𑄴,১. ঢেঁা ২. ঢেঁি
𑄓𑄧𑄉,১. ডগা ২. ডগা
𑄑𑄘𑄬𑄭,"তেতো, তেতো"
𑄏𑄎𑄨,ঝাু
𑄏𑄇𑄴𑄝𑄎,ঝাু
𑄎𑄢𑄴,"শীত, শীত"
𑄎𑄪𑄉𑄮𑄣𑄴,"জোা, জোট, জোটবদ্ধ"
𑄌𑄋𑄴𑄟 𑄘𑄊𑄧 𑄇𑄧𑄙 𑄃 𑄝𑄇𑄴𑄙𑄢,চামা মুখের কথা
𑄇𑄚𑄴 𑄖𑄚𑄨𑄣𑄬 𑄟𑄙 𑄃𑄬𑄎𑄬 ।,কান বন্ধ করলে মাথা আসে
𑄇𑄪𑄢𑄮 𑄟𑄪𑄠𑄧𑄖𑄴 𑄃𑄨𑄎𑄬 𑄛𑄧𑄎𑄳𑄠𑄬 𑄛𑄢 ।,মুরগির মুখে পোকা পা যা
"𑄈𑄚 𑄉𑄪𑄘𑄨𑄠𑄬 𑄟𑄧𑄢𑄬, 𑄇𑄟𑄧𑄉𑄪𑄘𑄨𑄠𑄬 𑄖𑄧𑄢𑄬।","খাওার সম আমাকে কাজ করতে হবে,তোমাকে কাজ করতে হবে"
"𑄉𑄌𑄴 𑄌𑄨𑄚𑄬 𑄝𑄉𑄧𑄣𑄬, 𑄟𑄚𑄪𑄥𑄴 𑄌𑄨𑄚𑄬 𑄃𑄥𑄧𑄣𑄬 ।","গাছ চিনতে পারলে, মানুষ চিনতে আসলে"
"𑄉𑄪𑄠𑄮 𑄇𑄧𑄝𑄣𑄴 𑄥𑄪𑄢𑄪𑄋𑄧𑄖𑄴, 𑄝𑄚𑄴𑄘𑄧𑄢𑄧 𑄇𑄧𑄝𑄣𑄴 𑄑𑄢𑄬𑄋𑄧𑄖𑄴।",".বাচ্চাটি দোলনা বসে, বানরটা দোলনা বসে"
"𑄊𑄧𑄢𑄧 𑄃𑄪𑄚𑄴𑄘𑄪𑄢𑄬 𑄝𑄬𑄢𑄴 𑄇𑄟𑄬𑄢𑄬𑄣𑄬, 𑄇𑄧𑄚𑄧 𑄝𑄬𑄢𑄬 𑄖𑄚𑄴 𑄚𑄧 𑄟𑄚𑄬।","বাির ইঁদুরগুলো বো বো করলে,কোনো বো সহ্য হ না"
𑄌𑄉𑄨 𑄌𑄘𑄬 𑄌𑄘𑄬 𑄏𑄪𑄣𑄴 𑄥𑄪𑄉𑄠𑄴 ।,চে চে ঝোল শুে যাওা
𑄍𑄪𑄌𑄴 𑄞𑄧𑄢𑄘𑄬 𑄞𑄧𑄢𑄘𑄬 𑄈𑄪𑄢𑄮𑄣𑄴 𑄞𑄧𑄢𑄠𑄴।,পাহাে পাহাি ভরা পাহাি
𑄎𑄘𑄬 𑄎𑄖𑄴 𑄖𑄮𑄉𑄭 𑄇𑄋𑄢𑄭 𑄊𑄖𑄴 𑄖𑄮𑄉𑄭 ।,যেখানে সেখানে কাঁকার গাে কাঁটা দেওা হ
"𑄎𑄟𑄬𑄭 𑄃𑄬𑄇𑄴 𑄦𑄢𑄟𑄴, 𑄝𑄨𑄣𑄬𑄭 𑄃𑄬𑄇𑄴 𑄦𑄢𑄟𑄴।",".জে এক হারাম,বিে আরেক হারাম"
"𑄏𑄪𑄣𑄴 𑄗𑄇𑄴𑄇𑄬 𑄊𑄘𑄧, 𑄥𑄧𑄟𑄧𑄠𑄴 𑄗𑄇𑄴𑄇𑄬 𑄃𑄳𑄦𑄙𑄧।",". ঝোলের উপরে ঘা, সমে গা"
"𑄘𑄬𑄉 𑄘𑄬𑄉𑄨 𑄇𑄧𑄢𑄴𑄟𑄧, 𑄥𑄪𑄚𑄧𑄥𑄪𑄚𑄨 𑄙𑄧𑄢𑄴𑄟𑄧 ।","দো দো কাজ,শুনানি ধর্ম"
𑄷𑄺।,bdmean
"𑄙𑄢𑄬𑄠𑄧 𑄇𑄝𑄬, 𑄞𑄧𑄢𑄬𑄠𑄧 𑄇𑄝𑄬।","ধার দিে কেটে, ভরে নেওা"
𑄷𑄻।,"১. ১. (দা, ছুরি প্রভৃতি) শান দেওা ২. (দা, ছুরি প্রভৃতি) শান দেওা"
"𑄚𑄧 𑄛𑄘𑄬 𑄦𑄬𑄖𑄴𑄠𑄧 𑄟𑄚𑄬, 𑄊𑄢𑄢𑄠𑄧 𑄟𑄚𑄬।","না পে মানুষ,গািে মানুষ"
𑄷𑄼।,"এক জাতী বুনো ফল, যা সবজি হিসেবে ব্যবহৃত হ"
𑄚𑄝𑄨𑄖𑄴 𑄘𑄬𑄣𑄬 𑄚𑄧𑄇𑄴𑄇𑄪𑄚𑄨 𑄝𑄢𑄬 ।,নাকটা দো হলে নাকটা বের হ
𑄷𑄽।,"এক জাতী বুনো ফল, যা সবজি হিসেবে ব্যবহৃত হ"
"𑄛𑄖𑄴 𑄞𑄣 𑄝𑄬𑄋 𑄡, 𑄞𑄖𑄴 𑄞𑄣 𑄥𑄪𑄘𑄮 𑄈।","পাহাে ভালো বো যাও, ভাত ভালো করে খাও"
𑄷𑄾।,"১. আঠা, আঠালো ২. আঠালো"
𑄛𑄘 𑄇𑄚𑄨𑄖𑄴 𑄥𑄮𑄚 𑄗𑄠𑄴।,পাতা কানি সোনা থাকে
𑄷𑄿।,bdmean
"𑄝𑄧𑄚𑄧 𑄝𑄊𑄬 𑄚𑄧 𑄈𑄘𑄬, 𑄟𑄧𑄚𑄧 𑄝𑄊𑄬 𑄈𑄠𑄴।","বন বাঘে খা না,মন বাঘে খা"
𑄝𑄏𑄨𑄣𑄬 𑄃𑅄𑄨𑄣𑄬 𑄚𑄧 𑄡𑄠𑄴।,বাশেঁর ফালি দিে আসা যা
𑄸𑄷।,১. এক জাতী বুনো ফল ২. এক জাতী সবজি
𑄞𑄋 𑄒𑄬𑄋𑄚𑄴 𑄉𑄘𑄧𑄖𑄴 𑄛𑄧𑄢𑄬 ।,ভাঙা পাটা মাটিতে পে
𑄸𑄸।,bdmean
𑄟𑄪𑄠𑄧 𑄉𑄪𑄘𑄨𑄠𑄬 𑄝𑄬𑄋𑄴 𑄟𑄧𑄢𑄬।,আমি ঘরের বো বোই করি
𑄸𑄹।,bdmean
𑄟𑄧𑄚𑄬 𑄇𑄪𑄣𑄬𑄣𑄬 𑄙𑄧𑄚𑄬 𑄇𑄪𑄣𑄠𑄴।,মনে কুললে ধনে কুলা
𑄸𑄺।,bdmean
"𑄡𑄢𑄴 𑄇𑄟𑄬 𑄡𑄢𑄬 𑄥𑄎𑄬, 𑄃𑄢𑄴 𑄇𑄟𑄬 𑄣𑄙𑄨 𑄟𑄢𑄬।","যার কাজ তাকে তাাতাি করতে হ, আর কাজে লাঠি মারে"
𑄸𑄻।,"১. ১. (দা, ছুরি প্রভৃতি) শান দেওা ২. (দা, ছুরি প্রভৃতি) শান দেওা"
"𑄡𑄬 𑄘𑄨𑄚𑄧𑄖𑄴 𑄡𑄬 𑄇𑄣𑄴, 𑄦𑄧𑄢𑄨𑄋𑄬 𑄌𑄪𑄟𑄨 𑄉𑄬𑄣𑄴 𑄝𑄊𑄧 𑄉𑄣𑄴।","যে দিনে যে কালো, হরিণে চুে গেল বাঘের গাল"
𑄸𑄼।,"১. (দরজা, জানালা প্রভৃতি) বন্ধ করা, বন্ধ করা ২. (দরজা) বন্ধ করা"
"𑄣𑄞𑄬 𑄣𑄱 𑄝𑄧𑄠𑄴, 𑄃𑄧𑄣𑄞𑄬 𑄖𑄪𑄣𑄧𑄠𑄧 𑄚𑄧 𑄝𑄧𑄠𑄴।","লাভে লোা ব,অ লাভে তোলা যা না"
𑄸𑄽।,"১. ২. (গবাদিপশু প্রভৃতির) স্তুপ, রাশি, রাশি"
𑄥𑄧𑄌𑄴 𑄇𑄝𑄧𑄢𑄬 𑄦𑄪𑄣𑄴 𑄘𑄋𑄧𑄢𑄴।,এক জাতী ফল যা সবজি হিসেবে ব্যবহৃত হ
𑄸𑄾।,"১. আঠা, আঠালো ২. আঠালো"
"𑄦𑄖𑄴𑄖𑄬 𑄦𑄖𑄴𑄖𑄬 𑄚𑄧𑄣, 𑄉𑄘𑄬 𑄉𑄘𑄬 𑄉𑄧𑄣।","হাতে হাতে হাত,হাতে হাতে হাত"
𑄸𑄿।,১. (গবাদিপশু প্রভৃতির) গোা ২. (কলা প্রভৃতির) গোা
𑄦𑄬𑄢𑄳𑄦 𑄛𑄪𑄖𑄴𑄖𑄬 𑄥𑄨𑄇𑄴𑄇𑄘𑄨 𑄛𑄪𑄢𑄬।,মাংস পঁচার সম
𑄛𑄰𑄘𑄳𑄠𑄚𑄧 𑄇𑄧𑄙,এক জাতী কথা
𑄞𑄌𑄴 𑄦𑄧𑄣𑄧𑄘𑄬- 𑄟𑄧𑄚𑄧 𑄖𑄨𑄢𑄮𑄌𑄴 𑄜𑄧𑄉𑄧𑄘𑄋𑄴 𑄉𑄧𑄢𑄚 𑄃 𑄃𑄣𑄟𑄴 𑄦𑄧𑄣𑄧𑄘𑄬 𑄜𑄪𑄣𑄧 𑄜𑄉𑄮𑄢𑄮𑄌𑄚𑄴 𑄞𑄬𑄣𑄴 𑄞𑄬𑄣𑄴 𑄉𑄧𑄢𑄨 𑄟𑄧𑄚𑄧 𑄇𑄧𑄙 𑄥𑄎𑄬𑄚𑄬𑄭 𑄇𑄨𑄖𑄬𑄝𑄧𑄖𑄴 𑄣𑄬𑄊𑄨 𑄢𑄉𑄚।,ভাত হলো-মনে হ মনের কথা বলা
"𑄛𑄨𑄖𑄴𑄗𑄨𑄟𑄨𑄖𑄴 𑄃𑄨𑄇𑄴𑄱 𑄎𑄖𑄴 𑄦𑄨𑄎𑄬𑄝𑄬 𑄌𑄨𑄚𑄴 𑄦𑄧𑄠𑄴 𑄖𑄢𑄴 𑄥𑄦𑄨𑄖𑄳𑄠, 𑄇𑄳𑄢𑄨𑄥𑄴𑄖𑄨, 𑄥𑄧𑄁𑄥𑄴𑄇𑄳𑄢𑄨𑄖𑄨 𑄢𑄨𑄖𑄨-𑄚𑄨𑄙𑄨 𑄃 𑄞𑄏𑄧𑄢𑄴 𑄇𑄧𑄙𑄣𑄮𑄃𑄨।","পৃথিবীতে একটা জাতের মানুষ আছে,ক্রিটি, সংস্ক্রিতি, রিতি-নিতি এসব কথা বলে"
𑄟𑄚𑄬𑄠𑄮𑄢𑄴 𑄛𑄰𑄣𑄳𑄠 𑄥𑄨𑄇𑄴𑄈𑄳𑄠𑄬𑄢𑄴 𑄟𑄙𑄳𑄠𑄟𑄴 𑄦𑄧𑄣𑄧𑄘𑄬 𑄟 𑄞𑄌𑄴 ।,. মানুষের পাহাের সম যে মাটিটা হ সেটা হলো মা মাছ
’’𑄞𑄌𑄴 𑄃𑄣𑄟𑄴 𑄇𑄧𑄎𑄧𑄟 𑄥𑄨𑄇𑄴𑄈𑄳𑄠 𑄝𑄧𑄃𑄨‘‘ 𑄃𑄨𑄠𑄮𑄖𑄴 𑄡𑄨𑄖𑄴𑄪𑄢𑄴 𑄛𑄢𑄬 𑄃𑄨𑄢𑄪𑄉𑄮𑄢𑄴 𑄌𑄋𑄴𑄟 𑄦𑄧𑄢𑄧𑄇𑄴 𑄥𑄨𑄇𑄴𑄈𑄳𑄠 𑄃𑄪𑄉𑄪𑄢𑄬 𑄃𑄟𑄧𑄣𑄴 𑄘𑄨𑄠 𑄦𑄮𑄠𑄬।,.ভাই-বোনেরা কেকটা বই এইটার উপর আমল দিেছে
"𑄛𑄧𑄢𑄴𑄝𑄱𑄣𑄧𑄇𑄴𑄪𑄚𑄧𑄢𑄬 𑄇𑄮𑄎𑄮𑄣𑄨 𑄉𑄧𑄢𑄧𑄋𑄴 𑄦𑄧𑄢𑄧𑄇𑄴 𑄃 𑄟𑄎𑄢𑄚𑄨 𑄥𑄨𑄉𑄬𑄚𑄢𑄴 𑄣𑄧𑄉𑄬 𑄣𑄧𑄉𑄬 𑄚𑄚𑄇𑄴𑄈𑄚𑄴 𑄞𑄌𑄴, 𑄇𑄧𑄙 𑄢𑄮𑄎𑄬𑄚𑄬𑄭 𑄦𑄧𑄢𑄧𑄇𑄴 𑄣𑄢𑄴𑄌𑄢𑄴 𑄉𑄧𑄢𑄨𑄝𑄖𑄳𑄠𑄬 𑄃𑄪𑄌𑄴𑄮𑄚𑄨 𑄖𑄪𑄣𑄧 𑄛𑄧𑄢𑄨𑄝𑄱।","পাহাের মানুষদের সাথে কথা বলতে বলা হ, কথা বলতে বলতে গলা বাঁকা করে তুলতে হবে"
"𑄌𑄋𑄴𑄟𑄉𑄪𑄚𑄧𑄢𑄴 𑄞𑄣𑄪𑄇𑄴𑄘𑄨𑄚𑄮𑄢𑄴 𑄃𑄠𑄮𑄌𑄴 𑄚𑄨𑄎𑄧 𑄟-𑄞𑄏𑄬, 𑄚𑄨𑄎𑄧 𑄦𑄧𑄢𑄧𑄉𑄬 𑄌𑄨𑄉𑄮𑄚𑄴𑄉𑄪𑄢𑄮𑄃𑄪𑄚𑄧𑄢𑄬 𑄥𑄨𑄇𑄴𑄈𑄬 𑄘𑄬𑄚।",চাকমাদের ভালুকগুলো নিজের মা-বোনের জন্য রেখে দো
"𑄥𑄧𑄢𑄴𑄇𑄌𑄴𑄬 𑄥𑄬 𑄃𑄠𑄮𑄌𑄴𑄌𑄚𑄴 𑄉𑄮𑄎𑄨𑄣𑄮𑄃𑄨 𑄦𑄨𑄣𑄴 𑄌𑄘𑄨𑄉𑄋𑄴 𑄌𑄉𑄣𑄖𑄴 𑄌𑄋𑄴𑄟, 𑄟𑄢𑄴𑄟 𑄃 𑄖𑄨𑄝𑄨𑄢𑄬 𑄞𑄏𑄧𑄢𑄴 𑄝𑄧𑄃𑄨 𑄡𑄭𑄡𑄮𑄉𑄮𑄣𑄴 𑄉𑄧𑄢𑄨 𑄘𑄨𑄚𑄬𑄭 𑄛𑄨𑄢𑄬𑄝𑄖𑄳𑄠𑄬 𑄦𑄪𑄊𑄪𑄟𑄴 𑄘𑄨𑄠𑄬।",.সকালে সে হাত দিে হিল জুতা দিে অসুস্থ হেছে
𑄃𑄨𑄇𑄴𑄬 𑄥𑄧𑄢𑄴𑄇𑄌𑄴𑄬𑄢𑄬 𑄌𑄬𑄭𑄚𑄧𑄖𑄬𑄭 𑄃𑄟𑄖𑄴𑄪𑄚𑄴 𑄎𑄧𑄘𑄝𑄧𑄣𑄬 𑄥𑄧𑄎𑄇𑄴 𑄦𑄮𑄚𑄬𑄭 𑄦𑄧𑄢𑄧𑄇𑄴 𑄃 𑄟-𑄞𑄌𑄴𑄌𑄚𑄴 𑄃𑄣𑄳𑄠𑄬𑄋𑄴 𑄃 𑄣𑄢𑄴𑄌𑄢𑄴 𑄉𑄧𑄢𑄨 𑄛𑄮𑄢𑄴𑄝𑄱𑄃𑄪𑄚𑄧𑄢𑄬 𑄃𑄪𑄌𑄴𑄪𑄚𑄨𑄖𑄪𑄣𑄨 𑄘𑄨𑄠 𑄛𑄧𑄢𑄨𑄝𑄱।,আজকে সাপগুলোকে শিকল দিে আমাদের থেকে আলাদা করে দিতে হবে
𑄞𑄌𑄴 𑄃𑄣𑄟𑄴 𑄇𑄧𑄎𑄧𑄟 𑄥𑄨𑄇𑄴𑄈𑄳𑄠 𑄝𑄧𑄃𑄨𑄝𑄱 𑄣𑄬𑄊𑄧𑄘𑄬 𑄥𑄧𑄣𑄖𑄴 𑄡𑄨𑄖𑄴𑄘𑄪𑄢𑄴 𑄥𑄧𑄟𑄴 𑄦𑄮𑄠𑄬 𑄃𑄉𑄮𑄘𑄨𑄚𑄮𑄖𑄴 𑄣𑄢𑄴𑄌𑄢𑄴 𑄉𑄧𑄢𑄨𑄡𑄬𑄠𑄬 𑄥𑄪𑄘𑄮𑄟𑄚𑄨 𑄣𑄬𑄇𑄴𑄦𑄘𑄬𑄚𑄬𑄭 𑄣𑄬𑄊𑄚 𑄌𑄬𑄢𑄬𑄖𑄴𑄖 𑄉𑄧𑄢 𑄦𑄮𑄠𑄬।,".ভাতের আালে যতগুলো সুতা দিে লেখা হ, ততগুলো সুতা দিে লেখা হ"
𑄌𑄋𑄴𑄟 𑄦𑄧𑄢𑄧𑄇𑄴𑄪𑄚𑄴 𑄝𑄬𑄇𑄴𑄪𑄚𑄴 𑄃𑄬𑄉𑄧𑄖𑄴𑄧𑄢𑄬 𑄣𑄬𑄊𑄨 𑄘𑄬𑄊 𑄦𑄮𑄠𑄬।,চামাগুলো একটু একটু করে লেখা হ
𑄢𑄧 𑄃 𑄞𑄌𑄴 𑄎𑄮𑄢𑄘𑄬 𑄎𑄮𑄘 𑄦𑄧𑄢𑄧𑄇𑄴 𑄏𑄢𑄨𑄜𑄬𑄣 𑄦𑄮𑄠𑄬।,রগচটা বাঘের মতো জো হেছে
𑄷𑄷 𑄝𑄱 𑄦𑄧𑄢𑄧𑄉𑄧𑄖𑄴 𑄟𑄌𑄴𑄳𑄠 𑄣𑄢𑄴𑄌𑄢𑄴 𑄉𑄧𑄢𑄨 𑄘𑄬𑄊 𑄦𑄮𑄠𑄬।,.১১ ব মাছটা পাতলা করে দেখানো হ
"𑄅, 𑄄 𑄃 𑄆 𑄛𑄎𑄢𑄘𑄨 𑄢𑄉𑄬𑄭, 𑄅 𑄝𑄧𑄌𑄴𑄨𑄃𑄪𑄝𑄪𑄢𑄬 𑄃𑄪, 𑄄 𑄔𑄬𑄣𑄴𑄞𑄋𑄃𑄨𑄝𑄱 𑄃𑄨 𑄃 𑄆 𑄣𑄬𑄌𑄴𑄃𑄪𑄝𑄧𑄃𑄬 𑄃𑄎𑄠𑄴 𑄃𑄬 𑄣𑄢𑄴𑄌𑄢 𑄉𑄧𑄢 𑄦𑄮𑄠𑄬।","সে তো এই ফার্নিচারটা রাগ করে,এই তক্তাটা দিে এই তক্তাটা বানানো হ"
𑅄 𑄝𑄱 𑄣𑄢𑄴𑄌𑄢𑄴 𑄉𑄧𑄢 𑄚𑄧 𑄦𑄧𑄠𑄴 ।,লাঠি দিে দৌাদৌি করিও না
𑄌𑄋𑄴𑄟 𑄚𑄘𑄉𑄪𑄚𑄴 𑄇𑄪𑄢𑄨 𑄥𑄧𑄁 𑄘𑄬𑄊 𑄦𑄧𑄣𑄧।,.চামাগুলো কুাশা কুিে দেখা যা
𑄡𑄢 𑄌𑄋𑄴𑄟 𑄦𑄧𑄢𑄧𑄇𑄴 𑄣𑄢𑄴𑄌𑄢𑄴 𑄉𑄧𑄢𑄨 𑄗𑄨𑄖𑄧𑄛𑄴𑄝𑄧𑄢𑄴 𑄢𑄉𑄬𑄠𑄮𑄚𑄴 𑄃 𑄝𑄧𑄃𑄨𑄝𑄱𑄖𑄴 𑄡𑄨𑄉𑄪𑄚𑄬 𑄜𑄧𑄉𑄧𑄘𑄋𑄨 𑄇𑄟𑄚𑄴 𑄃𑄪𑄎𑄬𑄭 𑄚𑄨𑄝𑄖𑄳𑄠𑄬 𑄚𑄨𑄃𑄣𑄴𑄥𑄨 𑄉𑄧𑄢𑄨 𑄃𑄬𑄎𑄣𑄴 𑄘𑄳𑄠𑄚𑄴 𑄖𑄢𑄳𑄦𑄢𑄬 𑄜𑄧𑄉𑄧𑄘𑄋𑄨 𑄖𑄧𑄛𑄴𑄬𑄖𑄴𑄪𑄚𑄴 𑄌𑄨𑄖𑄴 𑄘𑄨𑄊𑄮𑄣𑄴 𑄞𑄣𑄬𑄘𑄨 𑄃𑄳𑄦 𑄇𑄨𑄘𑄬𑄝𑄧𑄖𑄴 𑄖𑄢 𑄚𑄋𑄚𑄨 𑄗𑄨𑄘𑄮 𑄦𑄮𑄠𑄴 𑄗𑄮𑄇𑄴 𑄃𑄬 𑄝𑄧𑄢𑄚𑄴 𑄟𑄊𑄨𑄚𑄬𑄭 𑄜𑄖𑄴𑄪𑄢𑄪𑄖𑄪𑄢𑄪 𑄉𑄮𑄎𑄋𑄧𑄢𑄴।,. যারা চাকমাদের বদনাম করার জন্য এসেছে তারা তাদের নামগুলো ভুলে যাওার জন্য এসেছে।
𑄢𑄌𑄴𑄞𑄪𑄣𑄴 - 𑄇𑄌𑄴𑄞𑄪𑄣𑄴 𑄗𑄠𑄴।,রাজহাঁস-কাঁকা থাকে
𑄃𑄨𑄠𑄚𑄴 𑄥𑄧𑄖𑄳𑄠𑄧 𑄟𑄚𑄨।,এগুলো একদম মানতে হ
𑄛𑄧𑄢𑄴𑄝𑄱𑄣𑄧𑄉𑄧𑄃𑄨𑄘𑄪 𑄥𑄪𑄖𑄴𑄙𑄧 𑄉𑄧𑄢𑄨 𑄛𑄧𑄢𑄨𑄝𑄢𑄴 𑄇𑄮𑄎𑄮𑄣𑄨 𑄢𑄧𑄣𑄧।,.পশুটা ভালো করে ভাত খেে নিল
𑄝𑄨𑄏𑄪,"বিঝু, বিঝু"
𑄝𑄨𑄏𑄪 𑄥𑄧𑄛𑄴𑄘𑄧𑄝𑄱 𑄥𑄧𑄁𑄥𑄴𑄇𑄳𑄢𑄨𑄖𑄴 𑄝𑄨𑄥𑄪𑄝𑄧 𑄥𑄧𑄛𑄴𑄘𑄧𑄝𑄱𑄖𑄴𑄖𑄪𑄚𑄴 𑄞𑄥𑄴𑄝𑄧𑄘𑄧𑄣𑄴 𑄦𑄰𑄚𑄬𑄃𑄨 𑄃𑄟 𑄇𑄧𑄙𑄖𑄴 𑄥𑄮𑄟𑄴𑄬𑄉𑄨।,বিঝুর সম বিঝুর সম বিঝুর শব্দ করে আমাদের কথা এসেছে
𑄛𑄬𑄇𑄴𑄱 𑄓𑄧𑄉𑄧𑄢𑄬𑄢𑄴 𑄌𑄨𑄁 𑄌𑄨𑄁 𑄌𑄨𑄁,.পাখিটা চূা চা করছে
𑄘𑄢𑄪 𑄖𑄪𑄣𑄨 𑄦𑄧𑄢𑄨𑄋𑄴 𑄥𑄨𑄁,এক জাতী হরিণ
𑄝𑄧𑄎𑄧𑄢𑄧 𑄟𑄙𑄖𑄴 𑄃𑄬𑄇𑄴𑄱 𑄘𑄨𑄚𑄴।,বছর মাথা এক দিন
𑄃𑄬 𑄃𑄬𑄇𑄴𑄱 𑄘𑄨𑄚𑄴 𑄦𑄧𑄣𑄧𑄘𑄬 𑄃𑄟 𑄝𑄨𑄏𑄪 𑄘𑄨𑄚𑄴।,এই একটা দিন হলো আমাদের বিঝুর দিন
𑄝𑄨𑄏𑄪 𑄘𑄮𑄇𑄴𑄳𑄠 𑄓𑄋𑄧𑄢𑄴 𑄃𑄚𑄧𑄚𑄴𑄘𑄧 𑄃𑄢𑄴 𑄚𑄬𑄭।,বিঝুর মতো সুন্দর সুখ আর নেই
"𑄝𑄨𑄏𑄪 𑄃𑄧𑄇𑄴𑄖𑄧𑄖𑄴 𑄈𑄚 𑄃𑄊𑄬, 𑄝𑄬𑄢𑄚 𑄃𑄊𑄬, 𑄈𑄢 𑄦𑄧𑄚 𑄃𑄊𑄬।","বিঝুর সম খাওা আছে, বোনো আছে, খেলা আছে"
𑄝𑄨𑄏𑄪 𑄟𑄚𑄬 𑄟𑄬𑄣।,বিঝু মেে
𑄃𑄟 𑄝𑄨𑄏𑄪 𑄃𑄪𑄌𑄴𑄍𑄢𑄛𑄴𑄱 𑄈𑄪𑄛𑄴 𑄛𑄪𑄢𑄮𑄚𑄴।,আমাদের বিঝুর ফানুসটা পুরনো
𑄝𑄨𑄏𑄪 𑄃𑄪𑄌𑄴𑄍𑄮𑄛𑄴𑄱 𑄖𑄨𑄚𑄴𑄘𑄨𑄚𑄴 𑄥𑄧𑄁 𑄌𑄧𑄣𑄬- 𑄛𑄪𑄪𑄢𑄮𑄚𑄴 𑄝𑄧𑄎𑄧𑄢𑄧𑄢𑄴 𑄘𑄨 𑄘𑄨𑄚𑄴 𑄃 𑄚𑄱 𑄝𑄧𑄎𑄧𑄢𑄧𑄢𑄴 𑄛𑄮𑄣𑄳𑄠 𑄘𑄨𑄚𑄴।,বিঝুর উকুনটা তিন দিন চলে-পুো বছর দুই দিন আছে বিঝুর দিন
𑄃𑄬 𑄖𑄨𑄚𑄴 𑄘𑄨𑄚𑄧𑄢𑄴 𑄖𑄨𑄚𑄴 𑄚𑄋𑄴।,এই তিন দিন তিন নাগা
𑄜𑄪𑄣𑄴 𑄝𑄨𑄏𑄪’ 𑄟𑄫𑄣𑄴 𑄝𑄨𑄏𑄪 𑄃 𑄉𑄮𑄌𑄴𑄳𑄠𑄛𑄧𑄌𑄴𑄳𑄠 𑄘𑄨𑄚𑄴।,.ফুল বিঝুর মূল বিঝুর দিন
𑄜𑄪𑄣𑄴 𑄝𑄨𑄏𑄪 𑄘𑄨𑄚𑄳𑄠 𑄝𑄬𑄚𑄳𑄠 𑄛𑄧𑄖𑄳𑄠 𑄉𑄋𑄧𑄖𑄴 𑄜𑄪𑄣𑄴 𑄞𑄏 𑄦𑄧𑄠𑄴’ 𑄜𑄪𑄣𑄴 𑄘𑄨𑄚𑄬𑄭 𑄊𑄧𑄢𑄴 𑄥𑄏 𑄦𑄧𑄠𑄴।,.ফুল বিঝুর দিন বোর গাঙে ফুল ফোটে।
𑄥𑄬𑄚𑄧𑄖𑄴𑄳𑄠𑄠𑄴 𑄃𑄬 𑄘𑄨𑄚𑄴𑄮 𑄜𑄪𑄣𑄴 𑄝𑄨𑄏𑄪।,সেনতা এই দিনে ফুল বিঝু
𑄝𑄬𑄚𑄳𑄠 𑄛𑄮𑄖𑄳𑄠 𑄉𑄘𑄚 𑄜𑄪𑄣𑄴 𑄝𑄨𑄏𑄪 𑄘𑄨𑄚𑄮𑄢𑄴 𑄃𑄬𑄇𑄴𑄈𑄚𑄴 𑄚𑄨𑄠𑄧𑄟𑄴।,বো পাতার গাদা দিে সাজানো ফুল বিঝুর দিনে একটা নিে যাবো
𑄝𑄬𑄚𑄳𑄠 𑄛𑄮𑄖𑄳𑄠 𑄉𑄋𑄧𑄖𑄴 𑄝𑄪𑄢𑄴𑄟𑄢𑄨 𑄟𑄢𑄨 𑄉𑄪𑄪𑄢𑄮𑄃𑄪𑄚𑄬 𑄝𑄨𑄏𑄪𑄉𑄪𑄣𑄮 𑄗𑄧𑄉𑄚𑄴।,বেইন পাতা গাঙে বুোগুলো রাখে
𑄝𑄪𑄢𑄮𑄝𑄪𑄢𑄨𑄢𑄬 𑄉𑄘𑄚𑄴’ 𑄖𑄢𑄖𑄴𑄪𑄚𑄴 𑄃𑄥𑄨𑄛𑄴𑄝𑄖𑄴 𑄣𑄧𑄚𑄴’ 𑄃𑄨𑄠𑄚𑄨 𑄜𑄪𑄣𑄴 𑄝𑄨𑄏𑄪𑄖𑄴𑄪𑄚𑄴 𑄙𑄧𑄢𑄨 𑄥𑄪𑄢𑄪 𑄦𑄧𑄠𑄴।,বুোবুিকে গাদা করে তাদের থেকে নিে আসা ফুলগুলো বিঝুর থেকে ধরে নিে যা
𑄜𑄪𑄣𑄴 𑄝𑄨𑄏𑄪𑄘𑄨𑄚𑄬 𑄉𑄝𑄪𑄌𑄴𑄳𑄠-𑄌𑄨𑄟𑄧𑄌𑄴𑄳𑄠𑄃𑄪𑄚𑄬 𑄛𑄎𑄧𑄚𑄴 𑄢𑄚𑄨𑄝𑄖𑄴𑄬𑄠𑄴 𑄢𑄚𑄳𑄠𑄖𑄴 𑄖𑄮𑄚𑄴 𑄗𑄧𑄉 𑄡𑄚𑄴।,.ফুল বিঝুর সমে যুবক-যুবতীরা পাজন রান্না করার জন্য তরকারি রেখে যা
𑄟𑄚𑄴𑄎𑄬 𑄃𑄬𑄎𑄧 𑄃𑄪𑄞𑄧𑄉𑄨𑄖𑄴 𑄉𑄚𑄴-,.মাছের আভে গান
𑄌𑄧𑄖𑄴𑄨 𑄘𑄧𑄉𑄚𑄧 𑄝𑄧𑄘𑄧𑄣𑄴 𑄇𑄪𑄢𑄴,এক জাতী সবজি
𑄥𑄧𑄟𑄢𑄬 𑄡𑄬𑄝𑄧𑄁 𑄇𑄧𑄘𑄧𑄣𑄴 𑄛𑄪𑄢𑄴”,একসাথে যাবো কদল পুরে
𑄟𑄫𑄣𑄴 𑄝𑄨𑄏𑄪 𑄟𑄚𑄬 𑄝𑄨𑄏𑄪𑄢𑄴 𑄟𑄪𑄣𑄴-𑄟𑄚𑄬 𑄃𑅄𑄧𑄣𑄴 𑄝𑄨𑄏𑄪।,মূল বিঝু মানে বিঝুর আসল বিঝু
"𑄛𑄎𑄧𑄚𑄴 𑄖𑄮𑄚𑄴, 𑄛𑄨𑄙𑄬, 𑄉𑄩𑄖𑄴, 𑄢𑄬𑄁 𑄃𑄳𑄦𑄨𑄚𑄨 𑄝𑄬𑄇𑄴𑄈𑄚𑄨 𑄥𑄬𑄘𑄨𑄚𑄳𑄠 𑄉𑄧𑄢 𑄦𑄧𑄠𑄴।","পাজন তরকারি, পিঠা,গীত,রেং এগুলো সব সেইদিন করা হ"
𑄃𑄘𑄟𑄧 𑄉𑄪𑄢𑄮𑄃𑄪𑄚𑄬 𑄝𑄬𑄚𑄧𑄞𑄬𑄢 𑄝 𑄇𑄪𑄢𑄮𑄟𑄮𑄧𑄖𑄴 𑄙𑄚𑄴 𑄣𑄮𑄠𑄴𑄚𑄬𑄭 𑄝𑄬𑄚𑄳𑄠 𑄟𑄙𑄚𑄴 𑄊𑄧𑄢𑄬 𑄊𑄧𑄢𑄬 𑄇𑄪𑄢𑄮𑄢𑄬 𑄃𑄘𑄢𑄴 𑄘𑄳𑄠𑄧𑄚𑄴।,গ্রামের বাচ্চারা বোরা বা মুরগীর বাসা ধান নিে বোই করতেছে
𑄝𑄪𑄢𑄮𑄝𑄪𑄢𑄨𑄖𑄴𑄪𑄚𑄴 𑄥𑄬𑄛𑄴 𑄝𑄧𑄖𑄴𑄖 𑄝 𑄃𑄥𑄨𑄢𑄴𑄝𑄖𑄴 𑄣𑄧𑄚𑄴।,বুোবুিগুলো সবসম নিে আসো
𑄝𑄧𑄎𑄧𑄢𑄧𑄢𑄴 𑄛𑄮𑄣𑄳𑄠 𑄘𑄨𑄚𑄴𑄮 𑄉𑄧𑄌𑄴𑄳𑄠𑄛𑄧𑄌𑄳𑄠 𑄘𑄨𑄚𑄴।,বছর মাস সম অতিবাহিত হওা
"𑄃𑄬 𑄘𑄨𑄚𑄴𑄮𑄖𑄴 𑄊𑄧𑄢𑄴 𑄝𑄧𑄚𑄴 𑄉𑄧𑄢𑄧𑄚𑄴, 𑄟𑄙 𑄙𑄧𑄚𑄴, 𑄝𑄪𑄢𑄴 𑄛𑄢𑄧𑄚𑄴, 𑄝𑄪𑄢𑄮𑄝𑄪𑄢𑄨𑄢𑄬 𑄞𑄖𑄴 𑄈𑄝𑄚𑄴, 𑄚𑄱 𑄎𑄟𑄬𑄭-𑄝𑄮 𑄝𑄨𑄏𑄪 𑄝𑄬𑄢𑄚𑄖𑄴𑄪𑄚𑄴 𑄊𑄧𑄢𑄧𑄖𑄴 𑄜𑄨𑄢𑄧𑄚𑄴।","এই দিনে ঘর ব করে,মাথা ধন,বুো মানুষ,বুো মানুষদের ভাত খাওা বািতে ফিরে"
"𑄇𑄨𑄠𑄧𑄋𑄧𑄖𑄴 𑄝𑄖𑄴𑄨 𑄎𑄣𑄚, 𑄚𑄱 𑄝𑄧𑄎𑄧𑄢𑄴𑄝𑄱𑄖𑄴 𑄥𑄪𑄊𑄬 𑄗𑄬𑄝𑄖𑄳𑄠𑄠𑄴 𑄝𑄧𑄢𑄴 𑄟𑄉𑄚 𑄃𑄨𑄚𑄨 𑄝𑄨𑄏𑄪𑄢𑄴 𑄥𑄪𑄘𑄮𑄟𑄴।",".কিঙে বাতি জ্বালানো,নানা বসে বসে ব ব শব্দ করা"
𑄝𑄨𑄏𑄪 𑄇𑄧𑄙 𑄇𑄧𑄙𑄧 𑄉𑄬𑄣𑄬 𑄇𑄧𑄘𑄧𑄣𑄴𑄛𑄪𑄢𑄧 𑄟𑄬𑄣 𑄇𑄧𑄙 𑄇𑄱 𑄛𑄧𑄢𑄬।,বিঝুর কথা বলতে গেলে ব ব কথা বলতে হ
"𑄎𑄪𑄟𑄮 𑄙𑄚𑄴-𑄌𑄮𑄣𑄴, 𑄥𑄪𑄙𑄮-𑄉𑄧𑄌𑄴𑄳𑄠 𑄝𑄨𑄎𑄨 𑄉𑄝𑄪𑄌𑄴𑄳𑄠𑄣𑄧𑄉𑄬 𑄇𑄧𑄘𑄧𑄣𑄴𑄛𑄪𑄢𑄧𑄖𑄴 𑄡𑄬𑄝𑄢𑄴 𑄑𑄬𑄋 𑄗𑄪𑄞𑄬𑄠𑄴 𑄢𑄉𑄚𑄴।","জুমের ধান-চাল,সুগন্ধি ব্যাঙের সাথে কর্দমাক্ত মাঠে যেতে হ"
𑄟𑄧𑄢𑄨𑄌𑄴 𑄝𑄘𑄨 𑄃𑄬𑄇𑄴𑄱 𑄢𑄮𑄚𑄴,মরিচ দিে এক রোন
𑄥𑄧𑄟𑄢𑄬 𑄖𑄬𑄝𑄧𑄁𑄉𑄰𑄱𑄠𑄴 𑄃𑄨𑄇𑄴𑄱 𑄟𑄮𑄚𑄴।,সমে সে একটা পাখানা করে
𑄃𑄨𑄇𑄴𑄱 𑄟𑄮𑄚𑄮𑄖𑄴 𑄞𑄖𑄴 𑄛𑄬𑄝𑄧𑄁,একটা পাতিলে ভাত পেেছি
𑄥𑄧𑄚𑄢𑄴 𑄟𑄧𑄚𑄴𑄘𑄨𑄢𑄧𑄖𑄴 𑄛𑄇𑄴 𑄈𑄬𑄝𑄧𑄁”,সনার মন্দিরে পাক খাবো
𑄥𑄨 𑄟𑄎𑄧 𑄇𑄘,এক জাতী কাঁটাযুক্ত লতা
𑄣𑄪𑄃𑄨𑄃𑄚𑄴𑄘𑄮𑄃𑄨 𑄟𑄌𑄴 𑄗𑄧𑄉 𑄡𑄢𑄴 ।,এক জাতী মাছ রাখা যা
𑄣𑄪𑄃𑄨𑄃𑄚𑄧𑄖𑄴 𑄃𑄬𑄇𑄴𑄇𑄱 𑄥𑄨 𑄟𑄌𑄴 𑄃𑄪𑄖𑄴𑄖𑄳𑄠 ।,.লুইনে একটা মাছ উঠছে।
𑄘𑄬𑄋 𑄟𑄌𑄴𑄌𑄱 𑄘𑄬𑄉𑄨𑄚𑄬𑄃𑄨 𑄈𑄪𑄎𑄨𑄠𑄬 𑄙𑄧𑄢𑄬𑄢𑄴 ।,দো মাছটা দো মাা করে
𑄘𑄬𑄋 𑄥𑄨 𑄟𑄌𑄴𑄌𑄱𑄢𑄬 𑄘𑄪𑄣𑄧𑄝𑄱𑄖𑄴 𑄞𑄧𑄢𑄢𑄴 ।,দো সে কুকুরটাকে দোলাচ্ছে
𑄟𑄙𑄝𑄱 𑄝𑄨𑄎𑄨 𑄥𑄨 𑄟𑄌𑄴𑄌𑄱 𑄃𑄋𑄪𑄣𑄴𑄣𑄱𑄖𑄴 𑄘𑄨𑄣𑄧 𑄇𑄘 𑄟𑄢𑄨 ।,মাথা বিচি দিে সে কুকুরটা আঙুল দিে কাঁটা মারে
𑄘𑄬𑄋 𑄇𑄚𑄨 𑄇𑄚𑄨 𑄊𑄧𑄢𑄧𑄖𑄴 𑄜𑄨𑄢𑄨 𑄃𑄬𑄣𑄧 ।,দো কানি কান্না করে বািতে ফিরে আসলো
𑄘𑄬𑄋 𑄃𑄢𑄴 𑄟𑄌𑄴 𑄗𑄧𑄉 𑄚𑄧 𑄡𑄃𑄨 ।,দো আর মাছ রাখা যা না
𑄖𑄬 𑄝𑄚 𑄃𑄨𑄥𑄴𑄇𑄪𑄣𑄧𑄖𑄴 𑄡𑄃𑄨 ।,সে শুধু স্কুলে যা
𑄢𑄧𑄎𑄬𑄠𑄬 : 𑄥𑄝𑄨𑄚 𑄖𑄳𑄢𑄨𑄛𑄪𑄢 𑄃 𑄦𑄬𑄛𑄨 𑄖𑄳𑄢𑄨𑄛𑄪𑄢,রজেে: সাবিনা ত্রিপুরা আর হেপি ত্রিপুরা
𑄉𑄧𑄋𑄢𑄴 𑄛𑄚𑄨,নদীর পানি
𑄃𑄎𑄢𑄴 𑄟𑄥𑄴 𑄟𑄬𑄊𑄪𑄣𑄧 𑄘𑄬𑄝 ।,এক জাতী মাছ বৃষ্টি দিচ্ছে
𑄦𑄪𑄢𑄨𑄋𑄴 𑄃 𑄈𑄧𑄢𑄴𑄉𑄧𑄥𑄴𑄌𑄪𑄚𑄴 𑄞𑄨𑄎𑄨𑄚𑄬𑄃𑄨 𑄏𑄢𑄬 𑄉𑄨𑄢𑄴𑄉𑄨𑄢𑄬𑄘𑄧𑄚𑄴 ।,হুিটা একটা খরগস দেখে জঙ্গলে গিেছে
𑄝𑄚𑄧 𑄛𑄨𑄚𑄠𑄬 𑄉𑄌𑄴 𑄝𑄥𑄴 𑄝𑄎𑄨 𑄡𑄘𑄧𑄖𑄴 ।,বান পিনাা গাছ বেঁচে যাচ্ছে
𑄥𑄨𑄠𑄬𑄚𑄨 𑄘𑄬𑄉𑄨 𑄝𑄚𑄴𑄘𑄧𑄎𑄳𑄠 𑄉𑄎𑄧𑄖𑄴 𑄘𑄪𑄣𑄬𑄢𑄴 ।,. সেগুলো দোলের গাছ দুলেছে।
𑄝𑄬𑄋𑄪𑄚𑄴 𑄍𑄧𑄢 𑄛𑄢𑄧𑄖𑄴 𑄇𑄧𑄢𑄧𑄇𑄴-𑄇𑄢𑄇𑄴 𑄓𑄧𑄉𑄧𑄖𑄴𑄖𑄧𑄚𑄴 ।,বানরগুলো ছাদৌি করতেছে
𑄟𑄟𑄪 𑄥𑄨𑄠𑄬𑄣𑄴𑄣𑄳𑄠𑄢𑄴 𑄃𑄨𑄥𑄨𑄥𑄴𑄇𑄴𑄇𑄪𑄣𑄪𑄣𑄴,.মেে তাাতাি আসলাম
𑄃𑄬𑄇𑄴𑄇𑄚𑄴 𑄏𑄢𑄧𑄖𑄴 𑄃𑄬𑄇𑄴𑄇𑄚𑄴 𑄦𑄎𑄨𑄝𑄢𑄴 𑄃𑄨𑄥𑄴𑄇𑄪𑄣𑄴 𑄃𑄬𑄣𑄧 ।,একটি জঙ্গলের মধ্যে একটি হাসির স্কুল আসলো।
𑄃𑄨𑄥𑄴𑄇𑄪𑄣𑄧𑄖𑄴 𑄟𑄥𑄴𑄑𑄧𑄢𑄴 𑄦𑄧𑄣𑄧𑄘𑄬 𑄃𑄬𑄇𑄴𑄉𑄮 𑄥𑄨𑄠𑄬𑄣𑄴 𑄟𑄟𑄪 ।,স্কুলে শিক্ষক হলেন একজন সিেল মামা
𑄈𑄧𑄢𑄴𑄉𑄧𑄥𑄮 𑄝𑄨𑄣𑄬𑄭𑄝𑄮 𑄃 𑄝𑄚𑄴𑄘𑄧𑄢𑄴𑄝𑄮 𑄥𑄬 𑄃𑄨𑄥𑄴𑄇𑄪𑄣𑄧𑄖𑄴 𑄛𑄧𑄖𑄴𑄗𑄇𑄴 ।,খরগশের বিল দিে একটা বানর সেই স্কুলে পতেছে
𑄟𑄟𑄪 𑄥𑄨𑄠𑄬𑄣𑄴𑄣𑄳𑄠 𑄘𑄨𑄚𑄴𑄟𑄉𑄚𑄬 𑄥𑄃𑄨𑄇𑄬𑄣𑄧𑄖𑄴 𑄉𑄧𑄢𑄨 𑄃𑄨𑄥𑄴𑄇𑄪𑄣𑄧𑄖𑄴 𑄃𑄬𑄏𑄬 ।,মেে সে প্রতিদিন সাইকেল করে স্কুলে আসে
𑄈𑄧𑄢𑄴𑄉𑄧𑄥𑄴𑄌𑄱𑄢𑄬 𑄖 𑄝𑄝𑄬 𑄟𑄧𑄖𑄧𑄢𑄴 𑄥𑄃𑄨𑄇𑄬𑄣𑄬 𑄝𑄢𑄬𑄃𑄨 𑄘𑄨𑄘𑄧𑄉𑄨 ।,খরগসসে তার বাবা আমার সাইকেলে বোচ্ছে
𑄝𑄨𑄣𑄬𑄃𑄨𑄝𑄱 𑄎𑄨𑄛𑄴 𑄉𑄢𑄨𑄖𑄴 𑄉𑄧𑄢𑄨 𑄃𑄨𑄥𑄴𑄇𑄪𑄣𑄧𑄖𑄴 𑄃𑄬𑄘𑄧 ।,বিেটা জিপ গাড়ি করে স্কুলে আসছে
"𑄃 𑄝𑄚𑄴𑄘𑄧𑄢𑄴𑄝𑄮 𑄃𑄬𑄘𑄧 𑄚𑄧""𑄖𑄴 𑄉𑄧𑄢𑄨"" ।",এই বানরটা এত নাচা করে
𑄃𑄬𑄇𑄴𑄘𑄨𑄚𑄴𑄚𑄳𑄠 𑄝𑄇𑄴𑄇𑄮 𑄃𑄨𑄥𑄇𑄪𑄣𑄴 𑄌𑄬𑄝𑄖𑄳𑄠𑄬 𑄝𑄚𑄴𑄡𑄟𑄧𑄖𑄴 𑄌𑄢𑄨 𑄃𑄬𑄥𑄴𑄥𑄬 ।,এক দিন বিকালে বাকছলতা করে বানরটা বান্যে চে
𑄝𑄇𑄴𑄉𑄳𑄠 𑄟𑄟𑄪𑄢𑄬 𑄘𑄬𑄊𑄨 𑄝𑄬𑄇𑄴𑄇𑄪𑄚𑄬 𑄈𑄪𑄎𑄨 𑄦𑄧𑄠𑄮𑄚𑄴 ।,ব মানুষটাকে দেখে সবাই খুশি হ
𑄝𑄇𑄴𑄉𑄳𑄠 𑄥𑄨𑄠𑄬𑄣𑄴𑄣𑄳𑄠𑄢𑄬 𑄇𑄧𑄣𑄧- 𑄖𑄧𑄢𑄴 𑄛𑄧𑄢𑄨𑄠𑄬 𑄛𑄪𑄃𑄧𑄉𑄪𑄚𑄴 𑄃𑄢𑄧 𑄇𑄪𑄙𑄪 ।,বাঘটা সেটা তাকে কল দিে বলল-তোমার পিে পোকাগুলো আর কোথা
𑄥𑄨𑄠𑄬𑄣𑄴𑄣𑄳𑄠 𑄇𑄧𑄣𑄧-𑄎𑄦𑄎𑄧𑄖𑄴 𑄉𑄧𑄢𑄨 𑄝𑄬𑄢 𑄡𑄬𑄠𑄧𑄚𑄴 ।,সে কল-জাগা করে ঘুরে বো
𑄎𑄬𑄢𑄬𑄚𑄘𑄨 𑄟𑄮𑄖𑄧𑄢𑄴 𑄉𑄢𑄨𑄠𑄚𑄬 𑄝𑄉𑄴𑄇𑄇𑄮𑄢𑄬 𑄦𑄧𑄎 𑄃𑄬𑄣𑄧 ।,ঝেেটা মটর গািে ফেটে গেল
𑄇𑄧𑄝𑄨𑄘𑄳𑄠𑄝𑄧𑄃𑄨,"কবি, কবি"
𑄃𑄬𑄇𑄴 𑄇𑄬𑄣𑄥𑄴,এক কেজি
𑄟𑄬𑄊𑄪𑄣𑄮 𑄘𑄬𑄝 . . . . . . . . . . . . . . . . . . . . . . . . . . . . . . . . . . . . . . . . . . . . . 𑄺,.মেঘের চাঁদ
𑄝𑄨𑄏𑄪 . . . . . . . . . . . . . . . . . . . . . . . . . . . . . . . . . . . . . . . . . . . . . . . . . . . . 𑄻,"বিঝু, বিঝু"
𑄥𑄧𑄝𑄧𑄚𑄧𑄢𑄴 𑄎𑄪𑄟𑄴 . . . . . . . . . . . . . . . . . . . . . . . . . . . . . . . . . . . . . . . . . . . . 𑄼,.সবর জুম
𑄍𑄧-𑄢𑄨𑄘𑄴 . . . . . . . . . . . . . . . . . . . . . . . . . . . . . . . . . . . . . . . . . . . . . . . . . . 𑄽,ছিে যাওা
𑄥𑄖𑄴𑄝𑄢𑄴 . . . . . . . . . . . . . . . . . . . . . . . . . . . . . . . . . . . . . . . . . . . . . . . . . 𑄾,.সাতবার. . . . .
𑄙𑄪𑄙𑄪𑄇𑄴 . . . . . . . . . . . . . . . . . . . . . . . . . . . . . . . . . . . . . . . . . . . . . . . . . . 𑄿,ধুধুক
𑄟𑄳𑄦𑄧𑄚𑄨𑄜𑄪𑄣𑄴 . . . . . . . . . . . . . . . . . . . . . . . . . . . . . . . . . . . . . . . . . . . . . . . . 𑄷𑄶,".নিঃশব্দ, কোলাহল, হৈচৈ, হৈচৈ"
𑄌𑄨𑄎𑄨𑄥𑄧𑄚 . . . . . . . . . . . . . . . . . . . . . . . . . . . . . . . . . . . . . . . . . . . . . . . . 𑄷𑄷,".ঈর্ষা, ঈর্ষাপরাণ, ঈর্ষাকাতর"
𑄊𑄨𑄣𑄬 𑄛𑄢 . . . . . . . . . . . . . . . . . . . . . . . . . . . . . . . . . . . . . . . . . . . . . . 𑄷𑄸,ঘিলে পারা
𑄃𑄮𑄣𑄨 𑄃𑄮𑄣𑄨 . . . . . . . . . . . . . . . . . . . . . . . . . . . . . . . . . . . . . . . . . . . . . . 𑄷𑄹,. . . . . .
𑄑𑄬𑄣𑄨𑄜𑄮𑄚𑄴 . . . . . . . . . . . . . . . . . . . . . . . . . . . . . . . . . . . . . . . . . . . . . . 𑄷𑄺,টেলিফোন
𑄌𑄧𑄢𑄴𑄉𑄝𑄪𑄢𑄨 . . . . . . . . . . . . . . . . . . . . . . . . . . . . . . . . . . . . . . . . . . . . . 𑄷𑄻,"চূা, /n strengthening."
𑄟𑄬𑄊𑄪𑄣𑄮 𑄘𑄬𑄝,মেঘে ঢাকা আকাশ
𑄘𑄬𑄝𑄠𑄴 𑄉𑄧𑄣𑄳𑄠𑄧 𑄟𑄬𑄊𑄴 𑄟𑄬𑄊𑄪𑄣𑄮,আকাশটা গাগিে মেঘ মেঘ করলো
"𑄜𑄨𑄢𑄨 𑄝𑄎𑄬𑄣𑄧 𑄢𑄮𑄘𑄴,",.ফিরে আসলো রোদ
𑄟𑄟𑄳𑄦 𑄡𑄬𑄃𑄨𑄠𑄬 𑄛𑄚𑄨 𑄇𑄧𑄎,মামা যে পানি কলা
𑄌𑄨𑄣𑄧𑄍𑄧𑄢 𑄇𑄪𑄠𑄧𑄖𑄴।,চিলের কুা
𑄝𑄚𑄴𑄘𑄧𑄢𑄬 𑄞𑄨𑄣𑄬 𑄙𑄚𑄴 𑄥𑄪𑄉𑄘𑄧𑄚𑄴,বানরটা পাতিলে ধান শুেছে
"𑄏𑄧𑄝𑄪𑄢𑄴 𑄉𑄏𑄧𑄖𑄴𑄧𑄣𑄬,",এক জাতী গাছ
𑄉𑄏𑄬 𑄉𑄏𑄬 𑄝𑄚𑄴𑄘𑄧𑄢𑄪𑄚𑄬,এক জাতী বানর
𑄚𑄎𑄧𑄘𑄧𑄚𑄴 𑄘𑄧𑄣𑄬 𑄝𑄧𑄣𑄬।,নাচ নাচতেছে
𑄢𑄚𑄴𑄎𑄪𑄚𑄨𑄠𑄚𑄴 𑄛𑄧𑄎𑄨𑄟𑄬 𑄃𑄪𑄖𑄳𑄠𑄬,রংধনুটা পতেছে
"𑄍𑄧𑄝𑄨 𑄃𑄇𑄳𑄠𑄬 𑄛𑄢𑄳𑄦,",ছবি দেখতে পারা
𑄏𑄧𑄢𑄴 𑄘𑄨𑄘𑄧 𑄚𑄧𑄠𑄴 𑄘𑄬𑄝𑄠𑄴 𑄃𑄬𑄝𑄢𑄴,বৃষ্টি দিচ্ছে না এবার
𑄈𑄧𑄢𑄚𑄴 𑄘𑄨𑄝𑄧 𑄈𑄢𑄳𑄦।,খরার দিন
𑄝𑄨𑄏𑄪 𑄃𑄬𑄣𑄧 𑄝𑄨𑄏𑄪 𑄃𑄬𑄣𑄧,বিঝুর বিঝু
"𑄛𑄪𑄢𑄮𑄚𑄴 𑄝𑄧𑄏𑄧𑄢𑄴 𑄝𑄨𑄘𑄨 𑄡𑄬𑄝𑄧,",পুরনো বছর ফিরে যাবে
𑄚𑄪𑄠𑄧 𑄝𑄧𑄏𑄧𑄢𑄴 𑄥𑄮𑄟𑄬𑄝𑄧।,.নতুন বছর
"𑄛𑄧𑄣𑄳𑄠 𑄦𑄧𑄣𑄧 𑄜𑄪𑄣𑄴 𑄝𑄨𑄏𑄪,",পা হলো ফুল বিঝু
𑄝𑄨𑄏𑄪 𑄗𑄪𑄟𑄧𑄖𑄴 𑄟𑄪𑄢𑄴 𑄝𑄨𑄏𑄪।,বিঝুর সম বিঝু
"𑄝𑄨𑄏𑄪 𑄉𑄬𑄣𑄬 𑄉𑄧𑄌𑄳𑄠 𑄘𑄨𑄚𑄴,",বিঝু গেলে ভালো দিন
𑄝𑄬𑄇𑄴𑄈𑄪𑄚𑄬 𑄌𑄬𑄝𑄧𑄁 𑄞𑄣𑄬𑄖𑄴 𑄘𑄨𑄚𑄴।,সবার জন্য সুন্দর দিন
𑄥𑄧𑄝𑄧𑄚𑄧𑄢𑄴 𑄎𑄪𑄟𑄴,সপ্নের জুম
𑄃𑄟𑄳𑄦 𑄎𑄪𑄟𑄧𑄚𑄴 𑄙𑄚𑄬 𑄥𑄪𑄘𑄮𑄠𑄴,আমাদের জুমের ধানে সুতা
"𑄚𑄚𑄋𑄴 𑄖𑄮𑄚𑄴𑄛𑄖𑄴 𑄞𑄧𑄢,",নানারকম তরকারি ভরা
𑄃𑄟𑄳𑄦 𑄎𑄪𑄟𑄧𑄚𑄴 𑄥𑄧𑄝𑄧𑄚𑄬 𑄘𑄬𑄈𑄳𑄠,আমাদের জুম স্বপ্নে দেখা
𑄚𑄚𑄋𑄴 𑄃𑄏𑄠𑄴 𑄉𑄧𑄢।,নানা ধরনের কাজ করা
𑄙𑄚𑄴 𑄇𑄝 𑄗𑄪𑄟𑄴 𑄦𑄧𑄣𑄬,ধান কাটা শেষ হলে
"𑄊𑄧𑄌𑄳𑄠 𑄥𑄪𑄘𑄮 𑄖𑄪𑄣𑄨𑄝𑄧𑄋𑄴,",ঘিা সুতা তুলবো
𑄊𑄧𑄌𑄳𑄠 𑄥𑄪𑄘𑄮 𑄝𑄬𑄎𑄨𑄚𑄬𑄃𑄨,ঘা সুতা বেেছে
𑄢𑄪𑄝𑄮-𑄢𑄘𑄨 𑄝𑄚𑄬𑄝𑄧𑄋𑄴।,.রুা-রুা বানাবো
𑄍𑄧-𑄢𑄨𑄘𑄴,"ছিে দেওা, পাহাি"
𑄃𑄟𑄴 𑄇𑄖𑄴𑄗𑄮𑄣𑄴 𑄛𑄉 𑄙𑄧𑄢𑄧𑄚𑄴,আম কাঁঠাল পাকার মতো
"𑄉𑄧𑄢𑄧𑄟𑄴 𑄢𑄨𑄖𑄴 𑄃𑄬𑄣𑄬,",গরম রাত আসলে
𑄝𑄢𑄨𑄎𑄳𑄠 𑄝𑄘𑄧𑄣𑄬।,বৃষ্টি পা
𑄇𑄟𑄴 𑄇𑄧𑄢𑄧𑄎𑄴 𑄎𑄧𑄘𑄴 𑄝𑄧𑄘𑄬,কাজ কর্মে সাহায্য করা
"𑄞𑄘𑄧 𑄃 𑄃𑄏𑄨𑄚𑄧𑄖𑄴,",ভাই-বোনেরা
𑄝𑄮 𑄃𑄚𑄧𑄚𑄴 𑄝𑄮 𑄘𑄳𑄠𑄧𑄚𑄴,বই আনন করে দো
𑄛𑄨𑄣𑄋𑄧 𑄥𑄧𑄟𑄧𑄖𑄴।,পাহাের সম
𑄊𑄧𑄢𑄬 𑄊𑄧𑄢𑄬 𑄛𑄨𑄙𑄬 𑄘𑄪𑄉𑄧𑄚𑄴,ঘরে ঘরে পিঠা বানানো হ
"𑄎𑄢𑄧 𑄢𑄨𑄖𑄴 𑄥𑄮𑄟𑄬𑄣𑄬,",শীতকালের সম
𑄝𑄬𑄢𑄚𑄴 𑄌𑄬𑄢𑄚𑄴 𑄉𑄧𑄟𑄴 𑄦𑄧𑄠𑄴,বো চা ভালো হ
𑄥𑄖𑄴𑄝𑄢𑄴,এক জাতী বুনো ফল
𑄢𑄧𑄝𑄨 𑄦𑄧𑄣𑄧 𑄛𑄧𑄢𑄝𑄢𑄴,সূর্য অস্ত যাচ্ছে
"𑄥𑄧𑄟𑄴𑄝𑄢𑄴 𑄗𑄨𑄢𑄴,",বিদ্যুৎ চমকানি
𑄟𑄧𑄋𑄴𑄉𑄧𑄣𑄬 𑄥𑄨𑄏𑄨𑄇𑄟𑄴,মঙ্গলে সিঝিকা
𑄝𑄪𑄙𑄧𑄇𑄟𑄴 𑄙𑄨𑄢𑄴।,"এক জাতী বুনো ফল, যা সবজি হিসেবে ব্যবহৃত হ"
𑄝𑄨𑄥𑄪𑄘𑄬 𑄳𑄟𑄪𑄢𑄪 𑄃𑄳𑄦,বিস্মসূচক শব্দ
"𑄥𑄪𑄇𑄴𑄇𑄮𑄢𑄬 𑄟 𑄚𑄋𑄴 𑄙𑄧𑄢𑄨,",সুোকে মা নাম ধরে ধরে
𑄥𑄧𑄚𑄨𑄝𑄢𑄬 𑄃𑄃𑄨𑄣𑄮𑄟𑄴,শনিবারে আসা
𑄙𑄪𑄙𑄪𑄇𑄴,"ধুধুক, ধুধুক"
"𑄙𑄪𑄙𑄪𑄇𑄴 𑄚𑄖𑄪𑄇𑄴 𑄑𑄪𑄑𑄪𑄇𑄴 𑄑𑄪𑄇𑄴,","ধুধুুক নাটুক টুুক, টুকি টুকি"
"𑄝𑄘𑄮𑄃𑄨 𑄝𑄧𑄓 𑄌𑄨𑄘𑄨𑄢𑄬 𑄙𑄪𑄝𑄴,",বাঁশের বোটা বাচ্চাটাকে ধুেছে
𑄑𑄪𑄑𑄪𑄇𑄴 𑄑𑄪𑄑𑄪𑄇𑄴 𑄑𑄪𑄇𑄴।,"টুকরো টুকরো, টুকরো, টুকরো"
𑄣𑄉𑄧𑄖𑄴 𑄛𑄬𑄣𑄬 𑄟𑄧𑄚𑄧𑄖𑄴 𑄥𑄪𑄇𑄴,ভালো লাগলে মনে সুখ
"𑄣𑄉𑄧𑄖𑄴 𑄚𑄧-𑄛𑄬𑄣𑄬 𑄟𑄧𑄚𑄧𑄖𑄴 𑄘𑄪𑄇𑄴,",ভালো না লাগলে মনে দুঃখ
𑄙𑄪𑄙𑄪𑄇𑄴 𑄚𑄖𑄪𑄇𑄴 𑄑𑄪𑄑𑄪𑄇𑄴 𑄑𑄪𑄇𑄴।,ধুমপানের শব্দ
𑄟𑄳𑄦𑄧𑄚𑄨𑄜𑄪𑄣𑄴,এক জাতী ফুল
"𑄢𑄋-𑄙𑄪𑄝𑄴 𑄟𑄳𑄦𑄧𑄚𑄨𑄜𑄪𑄣𑄴,",লাল ধোঁার ফুল
𑄓𑄘𑄨 𑄞𑄬𑄋 𑄳𑄟𑄪𑄣𑄴 𑄳𑄟𑄪𑄣𑄴।,এক জাতী বুনো ফল যা সবজি হিসেবে ব্যবহৃত হ
"𑄛𑄉𑄚 𑄙𑄚𑄧 𑄌𑄬𑄢𑄬 𑄌𑄬𑄢𑄬,",পাকা ধান চেে চেে
"𑄎𑄪𑄟𑄮𑄊𑄧𑄢𑄴 𑄃𑄪𑄘𑄮𑄚𑄧𑄖𑄴,","জুমের বািতে, জুমের মাঠে"
"𑄡𑄨𑄖𑄴𑄪𑄚𑄴 𑄌𑄠𑄴 𑄥𑄨𑄖𑄴𑄪𑄚𑄴 𑄘𑄬𑄉𑄬,",যেখানে সেখান থেকে তাাতাি
𑄢𑄨𑄚𑄨 𑄌𑄬𑄣𑄬 𑄟𑄧𑄚𑄴 𑄞𑄧𑄢𑄬।,.নিচে দেখে মন ভরে যা
"𑄙𑄪𑄝𑄴 𑄢𑄋 𑄟𑄳𑄦𑄧𑄚𑄨𑄜𑄪𑄣𑄴,",এক জাতী ফুল
𑄡𑄬𑄚𑄴 𑄣𑄉𑄬 𑄇𑄚𑄧 𑄜𑄪𑄣𑄴।,কানের ফুল
"𑄇𑄚𑄧 𑄣𑄧𑄉𑄬 𑄏𑄪𑄟𑄴𑄣𑄨 𑄥𑄚𑄴,",কানের পাশে ঝুমকা
𑄘𑄪𑄣𑄮𑄘𑄧𑄚𑄴 𑄝𑄧𑄠𑄬𑄢𑄬।,পানি বেছে
𑄌𑄨𑄎𑄨𑄥𑄧𑄚,"সেলাই করা, সেলাই করা"
𑄌𑄨𑄎𑄨 𑄥𑄧𑄚 𑄊𑄪𑄟𑄧𑄚𑄴 𑄡𑄚𑄳𑄦,ছোট ছোট ঘুমাতে যাওা
𑄖𑄖𑄳𑄠𑄬𑄃𑄨 𑄃𑄚𑄳𑄠𑄧𑄋𑄴 𑄊𑄪𑄟𑄴 𑄛𑄉𑄚,তাাতাি ঘুম ভাঙা
"𑄦𑄋𑄧𑄢𑄴 𑄇𑄪𑄣𑄧𑄖𑄴 𑄡𑄬𑄃𑄨,",হাঙর কূলে যে
𑄊𑄪𑄟𑄮 𑄢𑄬𑄎𑄳𑄠𑄧𑄖𑄴 𑄝𑄬𑄢 𑄡𑄬𑄝𑄬,.ঘুমের মধ্যে ঘুরে বোনো যাবে
𑄥𑄨𑄙𑄪 𑄉𑄬𑄣𑄬 𑄥𑄧𑄟𑄢𑄴 𑄛𑄬𑄝𑄬,.সে গেলে সঙ্গী পাবে
𑄌𑄚𑄧 𑄝𑄪𑄢𑄨 𑄃𑄊𑄬 𑄖𑄧𑄢𑄬 𑄌𑄬𑄃𑄨।,চাঁদ বুো আছে তোমাকে দেখে
𑄌𑄨𑄎𑄨 𑄞𑄨𑄣𑄬 𑄉𑄧𑄢𑄴𑄝 𑄃𑄬𑄝𑄧,এক জাতী বুনো ফল যা সবজি হিসেবে ব্যবহৃত হবে
"𑄈𑄢 𑄦𑄧𑄝𑄧 𑄥𑄧𑄁 𑄥𑄧𑄟𑄎𑄳𑄠 𑄟𑄨𑄣𑄨,",খেলা হবে সমে মিলিে
𑄟𑄬𑄊𑄧 𑄝𑄪𑄢𑄨 𑄈𑄧𑄎 𑄃𑄬𑄝𑄧,মেঘ বুি আসবে
𑄌𑄨𑄎𑄨 𑄥𑄨𑄙𑄪 𑄊𑄪𑄟𑄧𑄚𑄴 𑄡𑄬𑄝𑄧,চিজি সিজো ঘুম যাবে
𑄥𑄧𑄚𑄢𑄴 𑄘𑄪𑄣𑄮𑄚𑄧𑄖𑄴 𑄘𑄪𑄣𑄨।,আগুনের তাপে পা
𑄊𑄨𑄣𑄬 𑄛𑄢,ঘিলে পাা
𑄌𑄨𑄎𑄨 𑄡𑄬𑄃𑄨𑄠𑄬 𑄊𑄨𑄣𑄬 𑄛𑄢,ছোট যে ঘিলে পারা
"𑄌𑄨𑄖𑄴𑄨 𑄡𑄬𑄃𑄨𑄠𑄬 𑄖𑄮𑄚𑄴 𑄖𑄧𑄉,","চিত্তি যে তরকারিটা খোঁজো,"
𑄌𑄨𑄎𑄨 𑄊𑄨𑄣𑄬 𑄛𑄢𑄬𑄢𑄴 𑄣𑄧𑄃𑄨,এক জাতী ঘিলে পাে
𑄃𑄪𑄘𑄨 𑄃𑄪𑄘𑄨 𑄉𑄌𑄴 𑄎𑄧𑄉।,উে উে গাছ যা
𑄌𑄨𑄖𑄴𑄨 𑄖𑄧𑄉𑄢𑄴 𑄖𑄮𑄚𑄴 𑄛𑄖𑄴,চিত্তি তরকারির তরকারি
"𑄇𑄖𑄴𑄗𑄮𑄣𑄴 𑄔𑄨𑄋𑄨 𑄥𑄨𑄉𑄮𑄚𑄴 𑄥𑄇𑄴,",কাঁঠালের ঢিঙি সিক
𑄌𑄨𑄎𑄨 𑄥𑄧𑄚 𑄊𑄧𑄢𑄧𑄖𑄴 𑄃𑄬𑄡𑄬𑄢𑄴,ছোট সোনার বািে এসেছে
𑄇𑄳𑄦𑄚𑄖𑄴 𑄉𑄧𑄢𑄨 𑄊𑄨𑄣𑄬𑄢𑄴 𑄖𑄇𑄴।,কাঁধে করে ঘিলের চাঁই
𑄌𑄨𑄖𑄴𑄨 𑄥𑄧𑄚 𑄊𑄧𑄢𑄧𑄖𑄴 𑄃𑄬𑄡𑄬𑄢𑄴,চিত্তি সুনা বািতে এসেছে
"𑄝𑄪𑄉𑄨𑄖𑄴 𑄞𑄮𑄢𑄬𑄃𑄨 𑄖𑄮𑄚𑄚𑄨,",বুো ভোরে তরকারি বানানো
𑄌𑄨𑄖𑄴𑄨 𑄌𑄨𑄎𑄨 𑄦𑄏𑄨-𑄈𑄪𑄏𑄨,চিত্তি ছিঁে আছে এমন
𑄢𑄧𑄋𑄴𑄌𑄧𑄋𑄳𑄠 𑄦𑄮𑄃𑄨𑄠𑄬 𑄟𑄧𑄚𑄚𑄨।,রংচঙে হওা মন
𑄃𑄮𑄣𑄨 𑄃𑄮𑄣𑄨 𑄃𑄮𑄣𑄨𑄢𑄬 𑄃𑄮𑄣𑄨 . . . . . .,.ওলি ওলিে ওলিে
𑄊𑄪𑄟𑄴 𑄡 𑄌𑄨𑄎𑄨 𑄇𑄬𑄢𑄬𑄋𑄴𑄎𑄪 𑄘𑄪𑄣𑄮𑄚𑄧𑄖𑄴 𑄘𑄪𑄣𑄨।,ঘুম যাওা শিশুটি দোলনা করে
"𑄚𑄇𑄴𑄥𑄧 𑄉𑄏𑄧 𑄢𑄨𑄝𑄬𑄋𑄴 𑄎𑄪,",.নাকশা গাছের রিবেংজু
𑄘𑄪𑄣𑄮𑄚𑄴 𑄝𑄪𑄚𑄨 𑄇𑄬𑄢𑄬𑄋𑄴 𑄎𑄪।,দুলিে বোনা বেতের ঝুি
"𑄇𑄬𑄢𑄬𑄋𑄴 𑄎𑄪 𑄘𑄪𑄣𑄮𑄚𑄧𑄖𑄴 𑄇𑄬𑄢𑄬𑄘𑄧 𑄌𑄇𑄴,",কেরাং জুমে কেরাং চামা
𑄃𑄮𑄠𑄁 𑄓𑄧𑄉𑄧𑄖𑄴𑄧𑄚𑄴 𑄌𑄨𑄎𑄨 𑄥𑄪𑄚𑄨 𑄗𑄇𑄴।,.ওা ডগটা চিবিে শুনো
"𑄥𑄧𑄚 𑄌𑄨𑄎𑄨 𑄊𑄪𑄟𑄴 𑄡𑄢𑄴,",.সোনার চিঝি ঘুম যা
𑄟𑄟𑄳𑄦 𑄖𑄢𑄬 𑄊𑄪𑄟𑄴 𑄚𑄬𑄡𑄢𑄴।,মামা তাকে ঘুম নিে যা
𑄉𑄧𑄘 𑄊𑄧𑄢𑄚𑄴 𑄎𑄪𑄢𑄮 𑄦𑄮𑄃𑄨𑄠𑄬,পুরো বািটা জুে গেছে
"𑄌𑄨𑄎𑄨 𑄊𑄪𑄟𑄴 𑄡𑄚𑄠𑄴,",ছোট ঘুমাই যাওা
𑄛𑄪𑄎𑄪𑄚𑄮 𑄥𑄬𑄢𑄳𑄦𑄬 𑄇𑄬𑄢𑄴 𑄇𑄬𑄢𑄠𑄴,.পজ্জোনের মধ্যে কেরা কেরা
𑄌𑄨𑄎𑄨 𑄌𑄮𑄇𑄴 𑄟𑄬𑄣𑄨 𑄌𑄠𑄴।,কচি চোখ মেে চা
𑄟𑄟𑄳𑄦 𑄖𑄢𑄬 𑄃𑄮𑄣𑄨 𑄓𑄉𑄨𑄘𑄬 𑄃𑄳𑄦𑄘𑄧 𑄌𑄨𑄎𑄨 𑄊𑄪𑄟𑄴 𑄚𑄧 𑄡𑄠𑄴।,.মা তাকে ওলিে দাঁিে একদম ঘুমাতে যা না
𑄑𑄬𑄣𑄨𑄜𑄮𑄚𑄴,টেলিফোন
𑄇𑄨𑄢𑄨 𑄢𑄨𑄁 𑄇𑄨𑄢𑄨 𑄢𑄨𑄁 𑄑𑄬𑄣𑄨𑄜𑄮𑄚𑄴,রিং রিং টেলিফোন
"𑄦𑄬𑄣𑄮 𑄇𑄧𑄚𑄴𑄚 𑄇𑄧𑄖𑄬𑄴 𑄇𑄧𑄚𑄳𑄦,",হেলো কে বলে
𑄟𑄪𑄃𑄨 𑄖𑄧𑄉𑄋𑄧𑄢𑄴 𑄟𑄧 𑄥𑄧𑄟𑄎𑄳𑄠,আমি খুঁজতে যাচ্ছি আমার সমাজ
𑄟𑄧𑄚-𑄍𑄧 𑄃𑄳𑄦 𑄥𑄧𑄚।,এক জাতী সবজি
𑄟𑄪𑄃𑄨 𑄦𑄧𑄣𑄪𑄋𑄴𑄉𑄬 𑄝𑄨𑄣𑄬𑄃𑄨 𑄍𑄧,পাহাের ঢালুতে চা
"𑄟𑄟𑄳𑄦 𑄡𑄬𑄃𑄨𑄠𑄬 𑄝𑄎𑄢𑄧𑄖𑄴,","মামা যে বাজারে,"
𑄛𑄧𑄣𑄴𑄣 𑄛𑄧𑄣𑄴𑄣𑄨 𑄈𑄢 𑄦𑄧𑄝𑄧𑄁,. লুকোচুরি খেলা হবে।
𑄃𑄠𑄴 𑄝𑄬𑄢𑄉𑄨 𑄟𑄧 𑄊𑄧𑄢𑄧𑄖𑄴।,আমার বািতে ঘুরে বো
"𑄇𑄬𑄚𑄬 𑄃𑄬𑄡𑄧𑄁 𑄌𑄬𑄃𑄨,",কেন এত তাাতাি
𑄟𑄟𑄳𑄦 𑄡𑄬𑄃𑄨𑄠𑄬 𑄖𑄮𑄚𑄴 𑄖𑄧𑄉,মামা যে তরকারি তাা
𑄟𑄧𑄢𑄬 𑄊𑄧𑄢𑄧𑄖𑄴 𑄢𑄉𑄬𑄃𑄨।,আমার বািতে রাগ করে
𑄌𑄧𑄢𑄴𑄉𑄝𑄪𑄢𑄨 𑄥𑄪𑄘𑄮 𑄇𑄘𑄬𑄢𑄴,এক জাতী বুনো শাক
"𑄌𑄧𑄢𑄴𑄉 𑄛𑄘𑄨 𑄝𑄮𑄃𑄨,",ঘাসের পাতা দিে তৈরি মাদুর
𑄌𑄨𑄎𑄨 𑄥𑄧𑄚 𑄥𑄨𑄙𑄪 𑄡𑄬𑄝𑄢𑄴,ছোট ছোট পাখি যাওা
𑄥𑄧𑄟𑄢𑄴 𑄖𑄧𑄉𑄢𑄴 𑄣𑄧𑄃𑄨।,সম খোঁজ নেওা
"𑄣𑄧𑄇𑄴𑄈𑄨, 𑄙𑄧𑄚𑄧, 𑄛𑄧𑄢𑄚𑄴 𑄳𑄟𑄪𑄣𑄧","লক্ষী,ধন,পরান্ন মূল"
"𑄝𑄬𑄊𑄬 𑄦𑄧𑄣𑄇𑄴 𑄃𑄪𑄝𑄮𑄣𑄴 𑄛𑄣𑄴,",.সবাই হলো উবোল পাল
𑄡𑄬𑄃𑄨 𑄞𑄨𑄣𑄬 𑄡𑄬𑄃𑄨 𑄌𑄚𑄧𑄖𑄴 𑄡𑄬𑄃𑄨,যে ভে যেদিকে যা
𑄝𑄬𑄇𑄴𑄈𑄪𑄚𑄴 𑄟𑄨𑄣𑄨 𑄃𑄬𑄇𑄴𑄖𑄣𑄴।,সবাই মিলেমিশে
𑄥𑄧𑄚𑄢𑄴 𑄥𑄋𑄪 𑄛𑄘𑄬𑄣𑄇𑄴,এক জাতী বুনো শাক
"𑄢𑄪𑄝𑄮𑄢𑄴 𑄛𑄨𑄎𑄪𑄟𑄴 𑄝𑄚𑄳𑄦𑄩,",.রুার পিপা বানানো
𑄌𑄨𑄎𑄨 𑄡𑄬𑄝𑄧 𑄥𑄎𑄨 𑄥𑄪𑄎𑄨,ছোট এক জাতী সবজি
𑄈𑄎𑄳𑄠 𑄘𑄪𑄙𑄨 𑄛𑄨𑄚𑄳𑄦𑄩।,.খাওা দুধ পে
𑄝𑄧𑄑𑄴𑄉𑄌𑄴 . . . . . . . . . . . . . . . . . . . . . . . . . . . . . . . . . . . . . . . . . . . . . . . . . . 𑄺,.বগাস
𑄌𑄨𑄉𑄮𑄚𑄴 𑄌𑄨𑄎𑄨 . . . . . . . . . . . . . . . . . . . . . . . . . . . . . . . . . . . . . . . . . . . . . . . . . 𑄺,ছোট ছোট . . . . .
𑄣𑄧𑄇𑄴𑄈𑄨 𑄊𑄧𑄢𑄴 . . . . . . . . . . . . . . . . . . . . . . . . . . . . . . . . . . . . . . . . . . . . . . . . . 𑄻,.লক্ষী বাি . .
𑄖𑄨𑄗𑄨𑄛𑄬𑄇𑄴 . . . . . . . . . . . . . . . . . . . . . . . . . . . . . . . . . . . . . . . . . . . . . . . . . . . 𑄻,".তীব্র, তীব্র, তীব্র"
𑄌𑄮𑄣𑄴𑄇𑄢 . . . . . . . . . . . . . . . . . . . . . . . . . . . . . . . . . . . . . . . . . . . . . . . . . . . . 𑄼,.লবনাক্ত
𑄛𑄳𑄦𑄧𑄢𑄴 𑄦𑄧𑄣𑄧 . . . . . . . . . . . . . . . . . . . . . . . . . . . . . . . . . . . . . . . . . . . . . . . . . . .. 𑄼,.পা হলো . . . . . . .
𑄝𑄬𑄣𑄴 𑄓𑄪𑄝𑄨𑄣𑄧 . . . . . . . . . . . . . . . . . . . . . . . . . . . . . . . . . . . . . . . . . . . . . . . . . 𑄽,.বিাল ডুবে গেল।
𑄌𑄨𑄖𑄴𑄨 𑄌𑄨𑄎𑄨 . . . . . . . . . . . . . . . . . . . . . . . . . . . . . . . . . . . . . . . . . . . . . . . . . . . .𑄽,চিত্তি ছিে যাওা
𑄈𑄬𑄝𑄢𑄴 𑄎𑄨𑄚𑄨𑄥𑄴 . . . . . . . . . . . . . . . . . . . . . . . . . . . . . . . . . . . . . . . . . . . . . . . 𑄾,.খাওার জিনিসপত্র
𑄥𑄧𑄚𑄢𑄴 𑄌𑄨𑄎𑄨 . . . . . . . . . . . . . . . . . . . . . . . . . . . . . . . . . . . . . . . . . . . . . . . . . ..𑄾,.সরঞ্জাম চিঝি
𑄛𑄪𑄏𑄪𑄚𑄮 𑄥𑄳𑄦𑄬𑄢𑄴 . . . . . . . . . . . . . . . . . . . . . . . . . . . . . . . . . . . . . . . . . . . . . . . . . 𑄿,. . . . . . .
𑄣𑄧𑄢𑄨 𑄚𑄧-𑄛𑄢𑄧𑄁. . . . . . . . . . . . . . . . . . . . . . . . . . . . . . . . . . . . . . . . . . . . . . . . . .𑄿,.লিে না পাওা
𑄛𑄧𑄖𑄳𑄠 𑄃𑄟𑄧𑄣𑄴 . . . . . . . . . . . . . . . . . . . . . . . . . . . . . . . . . . . . . . . . . . . . . . . . .𑄷𑄶,.পথের আমল
𑄌𑄨𑄖𑄴𑄨 𑄌𑄨𑄎𑄨 . . . . . . . . . . . . . . . . . . . . . . . . . . . . . . . . . . . . . . . . . . . . . . . . . . ..𑄷𑄶,চিত্তি চিঝি
𑄚𑄇𑄴𑄥 𑄜𑄪𑄣𑄴 . . . . . . . . . . . . . . . . . . . . . . . . . . . . . . . . . . . . . . . . . . . . . . . . . 𑄷𑄷,নাকশা ফুল
𑄝𑄘𑄮𑄣𑄴 . . . . . . . . . . . . . . . . . . . . . . . . . . . . . . . . . . . . . . . . . . . . . . . . . . . . . 𑄷𑄷,".কঠিন,কঠিন,কঠিন"
𑄝𑄌𑄴𑄛𑄘 𑄍𑄬𑄚𑄨 . . . . . . . . . . . . . . . . . . . . . . . . . . . . . . . . . . . . . . . . . . . . . . .𑄷𑄸,বাঁশপাতা ছেঁা
𑄈𑄬𑄝𑄢𑄴 𑄎𑄨𑄚𑄨𑄥𑄴 . . . . . . . . . . . . . . . . . . . . . . . . . . . . . . . . . . . . . . . . . . . . . . .𑄷𑄸,. খাওার জিনিস . . . .
𑄌𑄪𑄢𑄧 𑄟𑄧𑄚𑄬 𑄌𑄪𑄢𑄴 . . . . . . . . . . . . . . . . . . . . . . . . . . . . . . . . . . . . . . . . . . . . . ..𑄷𑄹,চুরি মনে চুরি
𑄎𑄪𑄟𑄴𑄌𑄝𑄴 . . . . . . . . . . . . . . . . . . . . . . . . . . . . . . . . . . . . . . . . . . . . . . . . . . . .𑄷𑄹,জুমের চাষ
𑄃𑄠𑄴𑄌𑄚𑄴 . . . . . . . . . . . . . . . . . . . . . . . . . . . . . . . . . . . . . . . . . . . . . . . . . . . .𑄷𑄺,.আন
𑄝𑄧𑄌𑄴𑄨 𑄝𑄬𑄝𑄧𑄁 . . . . . . . . . . . . . . . . . . . . . . . . . . . . . . . . . . . . . . . . . . . . . . . . . ..𑄷𑄺,ববং . . . . .
𑄝𑄬𑄋𑄴𑄙𑄧𑄢 . . . . . . . . . . . . . . . . . . . . . . . . . . . . . . . . . . . . . . . . . . . . . . . . . . .𑄷𑄻,"বেংরা, . . . . . . ."
𑄎𑄪𑄚𑄨 . . . . . . . . . . . . . . . . . . . . . . . . . . . . . . . . . . . . . . . . . . . . . . . . . . . . . . .𑄷𑄻,".ঈর্ষু, ঈর্ষা, ঈর্ষা, ঈর্ষা, ঈর্ষা, ঈর্ষা"
𑄝𑄧𑄑𑄴𑄉𑄌𑄴,বট গাছ
𑄃𑄰 𑄘𑄬𑄊 𑄡𑄠𑄴 𑄝𑄧𑄑𑄴𑄉𑄌𑄴,ওই দেখা যাওাটা যাওা যাক
"𑄥𑄨𑄠𑄧𑄖𑄴 𑄃𑄟𑄳𑄦 𑄃𑄘𑄟𑄚𑄴,",সেখানে আমাদের গ্রাম
𑄃𑄬 𑄃𑄘𑄟𑄧𑄖𑄴 𑄇𑄘𑄬𑄠𑄴 𑄡𑄬𑄠𑄧𑄚𑄴,এই গ্রামের মানুষরা যে গ্রামে থাকে
𑄃𑄎𑄪 𑄛𑄨𑄎𑄪 𑄎𑄧𑄚𑄧𑄟𑄚𑄴।,.অতিরিক্ত জনম
"𑄦𑄏𑄨 𑄈𑄧𑄣𑄧𑄇𑄴 𑄈𑄧𑄣𑄧𑄇𑄴 𑄳𑄟𑄪𑄢𑄧𑄝𑄮,",পাহাের জলাশ
"𑄳𑄟𑄪𑄢𑄧 𑄚𑄬𑄃𑄨 𑄊𑄧𑄢𑄧𑄖𑄴 𑄦𑄏𑄨 𑄚𑄬𑄃𑄨,",.মেে নেই বািতে পাহাি নেই
𑄝𑄪𑄢𑄮 𑄚𑄬𑄃𑄨 𑄊𑄧𑄢𑄧𑄖𑄴 𑄚𑄨𑄘𑄨 𑄚𑄬𑄃𑄨।,বুো বািতে নিে যাওা নেই
𑄣𑄧𑄇𑄴𑄈𑄨 𑄊𑄧𑄢𑄴,লক্ষী বাি
"𑄟𑄚𑄬𑄇𑄴 𑄝𑄬𑄉𑄬𑄚 𑄏𑄮𑄣𑄴𑄏𑄮𑄣𑄨,",.মানুষটা ভ পেছে
𑄣𑄧𑄇𑄴𑄈𑄨 𑄊𑄧𑄢𑄧𑄖𑄴 𑄇𑄮𑄣𑄴𑄇𑄮𑄣𑄨।,লক্ষী বািতে লক্ষী
"𑄥𑄋𑄪 𑄛𑄨𑄎𑄪𑄟𑄴 𑄛𑄨𑄌𑄴𑄌𑄮𑄣𑄴 𑄦𑄧𑄠𑄴,",.সাঙু পাতলা হেছে
𑄉𑄧𑄢𑄴𑄝 𑄉𑄧𑄢𑄴𑄝𑄨 𑄃𑄪𑄘𑄬 𑄝𑄧𑄠𑄴।,ব ব হেছে
𑄖𑄨𑄗𑄨𑄛𑄬𑄇𑄴,এক জাতী পাখি
"𑄣𑄟𑄴𑄝 𑄚𑄧𑄣 𑄖𑄨𑄗𑄨𑄛𑄬𑄇𑄴,",লম্বা লম্বা পাখানা
𑄞𑄪𑄠𑄧𑄖𑄴 𑄓𑄧𑄉𑄧𑄢𑄧𑄚𑄴 𑄚𑄨𑄎𑄨𑄢𑄬𑄖𑄴।,ভূমিধস হেছে
"𑄝𑄬𑄚𑄳𑄠 𑄦𑄧𑄣𑄬 𑄌𑄨𑄢𑄧 𑄛𑄚𑄨𑄢𑄴 𑄥𑄧𑄚𑄢𑄎𑄨 𑄏𑄧𑄢𑄬,",বো হলে চির পানির সনাগুলো ঝরে
𑄢𑄬𑄖𑄴𑄖𑄱 𑄃𑄬𑄣𑄬 𑄛𑄬𑄉𑄮𑄉𑄨𑄘𑄬 𑄟𑄬𑄠𑄬𑄠𑄴 𑄝𑄪𑄇𑄴 𑄞𑄧𑄢𑄬।,রাতের বেলা এলে পেট ভরে
𑄌𑄮𑄣𑄴𑄇𑄢,১. চাল ২. চাল
𑄘𑄘𑄳𑄦 𑄡𑄬𑄃𑄨𑄠𑄬 𑄟𑄮𑄎𑄴 𑄌𑄧𑄢,দাদা যে মোষ চা
"𑄝𑄪𑄎𑄨 𑄡𑄬𑄃𑄨𑄠𑄬 𑄌𑄮𑄣𑄴𑄇𑄢,",".বুঝি যে চালগুলো,"
𑄝𑄝𑄳𑄦 𑄡𑄬𑄃𑄨𑄠𑄬 𑄝𑄎𑄢𑄧𑄖𑄴,বাবা যে বাজারে যাচ্ছে
𑄏𑄘𑄨 𑄞𑄖𑄴 𑄛𑄠𑄴 𑄛𑄢।,ঝাু দিে ভাত পাওা
𑄛𑄳𑄦𑄧𑄢𑄴 𑄦𑄧𑄣𑄧,সকাল হলো
𑄛𑄳𑄦𑄧𑄢𑄴 𑄦𑄧𑄣𑄧 𑄛𑄳𑄦𑄧𑄢𑄴 𑄦𑄧𑄣𑄧,. ভোর হলো ভোর হলো
"𑄌𑄨𑄖𑄴𑄨 𑄌𑄨𑄎𑄨 𑄃𑄪𑄘𑄧𑄢𑄬,",চিত্তি চিঝির পেটে
𑄦𑄖𑄴-𑄟𑄪 𑄙𑄮𑄠𑄴 𑄛𑄪𑄏𑄨,হাত-পা ধোা পোকা
𑄣𑄬𑄊-𑄛𑄧𑄢 𑄉𑄧𑄢𑄧𑄢𑄬।,লেখাপা করে
𑄝𑄬𑄣𑄴 𑄓𑄪𑄝𑄨𑄣𑄧,সূর্য ডুবলো
𑄝𑄬𑄣𑄴 𑄓𑄪𑄝𑄨𑄣𑄧 𑄥𑄌𑄴 𑄊𑄧𑄚𑄬𑄣𑄧,সূর্য ডোবার সম
"𑄌𑄨𑄖𑄴𑄨 𑄌𑄨𑄎𑄨 𑄃𑄬𑄡𑄧 𑄏𑄘𑄨,",চিত্তি বিে এসেছে ঝাু
𑄈𑄢 𑄜𑄬𑄣𑄬𑄃𑄨 𑄝𑄖𑄴𑄨 𑄎𑄣𑄬𑄃𑄨,খেলা শেষ করে বাতি জ্বালাও
𑄝𑄧𑄃𑄨 𑄟𑄘𑄧𑄉𑄨 𑄏𑄘𑄨-𑄟𑄘𑄨।,বই মািে মািে
𑄌𑄨𑄖𑄴𑄨 𑄌𑄨𑄎𑄨,এক জাতী ছোট পাখি
𑄌𑄨𑄖𑄴𑄨 𑄌𑄨𑄎𑄨 𑄝𑄬𑄊𑄬 𑄃𑄬𑄡𑄧,চিত্তি ছিঁে আছে
"𑄇𑄧𑄋𑄧𑄢𑄴 𑄟𑄪𑄃𑄨 𑄟𑄧𑄚𑄴𑄘𑄨 𑄥𑄪𑄚𑄧,",কাঁকার মুখ থেকে গন্ধ বের হ
𑄉𑄧𑄟𑄴 𑄗𑄬𑄝𑄢𑄴 𑄚𑄨𑄘𑄨𑄠𑄚𑄨,ভালো থাকার নিশ্চতা
𑄜𑄬𑄣𑄬𑄃𑄨 𑄚𑄧-𑄘𑄳𑄠𑄧 𑄃𑄬𑄇𑄴𑄈𑄚𑄧।,ফেলে দিও না একটা
𑄈𑄬𑄝𑄢𑄴 𑄎𑄨𑄚𑄨𑄥𑄴,খাওার জিনিস
𑄗𑄧𑄝 𑄈𑄬𑄝𑄢𑄴 𑄔𑄉𑄧𑄚𑄨 𑄘𑄨𑄚𑄬𑄃𑄨,চাটা খাওার সম চাটা খাওার সম
𑄃𑄳𑄦 𑄚𑄧𑄣𑄬 𑄟𑄏𑄨 𑄒𑄬𑄋𑄧𑄢𑄴,.নাক থেকে পানি পতেছে
𑄚𑄚𑄋𑄴 𑄇𑄎𑄧𑄢𑄴 𑄛𑄧𑄢𑄨 𑄛𑄢𑄬।,নানা ধরনের মলা পতে পারে
𑄥𑄧𑄚𑄢𑄴 𑄌𑄨𑄎𑄨,এক জাতী ছোট পাখি
𑄥𑄧𑄚𑄢𑄴 𑄌𑄨𑄎𑄨 𑄊𑄪𑄟𑄴 𑄡𑄢𑄴,সাবানের চিপা ঘুম যা
"𑄟𑄟𑄳𑄦 𑄖𑄢𑄬 𑄊𑄪𑄟𑄴 𑄚𑄬𑄡𑄠𑄴,",মামা তাকে ঘুম নিে যা
𑄌𑄨𑄎𑄨 𑄊𑄪𑄟𑄴 𑄡𑄚𑄠𑄴।,ছোট ঘুমাই যাওা
𑄛𑄪𑄏𑄪𑄚𑄮 𑄥𑄳𑄦𑄬𑄢𑄴,পোকামাক
𑄛𑄪𑄏𑄪𑄚𑄮 𑄥𑄳𑄦𑄬𑄢𑄬 𑄇𑄬𑄢𑄴 𑄇𑄬𑄢𑄠𑄴,.পুিটা তাকে কেরা কেরা করে
"𑄌𑄨𑄎𑄨 𑄌𑄮𑄇𑄴 𑄟𑄬𑄣𑄨 𑄌𑄠𑄴,",ছোট চোখ মেে চা
𑄟𑄟𑄳𑄦 𑄖𑄢𑄬 𑄃𑄧𑄣𑄨 𑄓𑄉𑄨𑄘𑄬,.মা তাকে বিদা দে
𑄃𑄳𑄦𑄘𑄧 𑄌𑄨𑄎𑄨 𑄊𑄪𑄟𑄴 𑄡𑄠𑄴।,একটু একটু ঘুমাই যা
𑄣𑄧𑄢𑄨 𑄚𑄧-𑄛𑄢𑄧𑄁 𑄌𑄧𑄢𑄨 𑄚𑄧-𑄛𑄢𑄧𑄁,লরি নাচা করে না-পারা
"𑄗𑄧𑄢𑄨 𑄚𑄧-𑄛𑄢𑄧𑄁 𑄃𑄳𑄦,",সহ্য করতে পারছি না
𑄝𑄧𑄃𑄨 𑄈𑄘𑄠𑄴 𑄝𑄬𑄉𑄴 𑄞𑄧𑄢,বই খেলা বেগ ভরা
𑄝𑄪𑄉𑄨𑄠𑄬 𑄚𑄧-𑄎𑄨𑄚𑄳𑄠 𑄛𑄳𑄦।,বুো না-চিনি পাওা
𑄛𑄧𑄖𑄳𑄠 𑄃𑄟𑄧𑄣𑄴,"পথ মানা, /n stripe"
𑄛𑄧𑄖𑄳𑄠 𑄃𑄟𑄧𑄣𑄳𑄠 𑄢𑄘 𑄓𑄇𑄴,পথটা শামুকের ডাক
"𑄊𑄪𑄟𑄧𑄖𑄴𑄪𑄚𑄴 𑄎𑄉𑄨𑄣𑄬 𑄥𑄪𑄚𑄧𑄁,",ঘুম থেকে জেগে উঠলে ভালো
𑄝𑄬𑄚𑄳𑄠 𑄛𑄧𑄖𑄳𑄠𑄬 𑄃𑄨𑄇𑄴𑄇𑄪𑄣𑄴,বোর মতো এক জাতী ইলিশ
𑄟𑄟𑄳𑄦 𑄓𑄉𑄨𑄣𑄬 𑄃𑄪𑄘𑄧𑄁।,মা ডাকলে উো
𑄗𑄨𑄝𑄪𑄢𑄪𑄇𑄴 𑄗𑄨𑄝𑄪𑄢𑄪𑄇𑄴 𑄚𑄌𑄴,লাফিে লাফিে নাচ
𑄥𑄨𑄠𑄬𑄚𑄴 𑄘𑄬𑄚𑄬𑄃𑄨 𑄗𑄨𑄝𑄪𑄢𑄪𑄇𑄴 𑄗𑄨𑄝𑄪𑄢𑄪𑄇𑄴,তাাতাি লাফাচ্ছে
𑄚𑄎𑄬 𑄛𑄘𑄨 𑄦𑄥𑄴।,এক জাতী বুনো শাক
𑄚𑄇𑄴𑄥 𑄜𑄪𑄣𑄴,নাকশা ফুল
𑄚𑄇𑄴𑄥𑄧 𑄉𑄏𑄧 𑄢𑄨𑄝𑄬𑄁 𑄎𑄪,.নাকশা গাছের রিবেং জুে
"𑄘𑄪𑄣𑄮𑄚𑄴 𑄝𑄪𑄚𑄨 𑄇𑄬𑄢𑄬𑄁 𑄎𑄪,",দুলোবুনি কেরাংজু
𑄇𑄬𑄢𑄬𑄁 𑄎𑄪 𑄘𑄪𑄣𑄮𑄚𑄧𑄖𑄴 𑄇𑄬𑄢𑄬𑄘𑄧 𑄌𑄇𑄴,কেরাং জুমে কেরাং চামা
𑄃𑄮𑄠𑄋𑄴 𑄓𑄧𑄉𑄧𑄖𑄴𑄧𑄚𑄴 𑄌𑄨𑄎𑄨 𑄥𑄪𑄚𑄨 𑄗𑄇𑄴।,.ওটা ডগটা চিবিে শুনা থাক
𑄝𑄘𑄮𑄣𑄴,১. বাঁশের ফালি ২. বাঁশ
𑄦𑄉𑄧𑄖𑄴 𑄣𑄮𑄃𑄨𑄚𑄬 𑄝𑄘𑄮𑄣𑄚𑄴,হাত দিে তালি দেওা
𑄥𑄧𑄚 𑄌𑄨𑄎𑄨 𑄏𑄢𑄧𑄖𑄴 𑄡𑄠𑄴,সনা চিঝি জঙ্গল যাওা
𑄛𑄬𑄇𑄴 𑄟𑄢𑄨𑄝𑄧 𑄞𑄨𑄣𑄨।,এক জাতী পাখি
𑄝𑄌𑄴𑄛𑄘 𑄍𑄬𑄚𑄨,বাঁশপাতা ছেঁা
𑄝𑄌𑄴𑄛𑄘 𑄍𑄬𑄚𑄨𑄠𑄚𑄴,বাঁশপাতা ছেঁা
"𑄇𑄧𑄢𑄧𑄘𑄨 𑄛𑄘 𑄝𑄬𑄢𑄴,",এক জাতী বুনো লতা
𑄘𑄪𑄣𑄮𑄚𑄧𑄖𑄴 𑄛𑄧𑄢𑄨 𑄇𑄬𑄢𑄴 𑄇𑄬𑄢𑄠𑄴,দৌে পে কেরা কেরা
𑄥𑄧𑄚𑄢𑄴 𑄇𑄚𑄴𑄘𑄳𑄠 𑄥𑄳𑄦𑄬𑄢𑄴।,হরিণের কান্না
𑄈𑄬𑄝𑄢𑄴 𑄎𑄨𑄚𑄨𑄥𑄴 𑄛𑄬𑄑𑄴 𑄞𑄧𑄢𑄬𑄝𑄢𑄴,খাওার জিনিস পেট ভরার
𑄈𑄳𑄦 𑄛𑄧𑄢𑄨𑄝𑄧 𑄉𑄧𑄟𑄴 𑄉𑄧𑄟𑄴 𑄈𑄬𑄝𑄢𑄴,.খাওা ভালো ভালো খেতে হবে
𑄌𑄪𑄢𑄧 𑄟𑄧𑄚𑄬 𑄌𑄪𑄢𑄴,চুরি করে চুরি
𑄌𑄪𑄢𑄧 𑄟𑄧𑄚𑄬 𑄌𑄪𑄢𑄴 𑄗𑄃𑄨,চুরি করে চুরি করে
𑄃𑄪𑄉𑄪𑄢𑄬 𑄃𑄪𑄉𑄪𑄢𑄬 𑄌𑄨𑄚𑄨 𑄚𑄧-𑄛𑄢𑄬,উপরে উপরে চিনতে পারা যা না
𑄛𑄘𑄖𑄴 𑄖𑄧𑄣𑄧 𑄝𑄬𑄋𑄴।,পাহাের তল
𑄎𑄪𑄟𑄴𑄌𑄝𑄴,জুমের সবজি
𑄃𑄬𑄇𑄴 𑄌𑄝𑄧𑄖𑄴 𑄎𑄪𑄟𑄴 𑄈𑄬𑄣𑄬,এক কাপ জুম খেলে
"𑄃𑄬𑄇𑄴 𑄊𑄘𑄧𑄖𑄴 𑄛𑄚𑄨,",এক ঘাে পানি
𑄟𑄚𑄴𑄎𑄳𑄠𑄧 𑄟𑄧𑄚𑄧 𑄙𑄧𑄇𑄴𑄇𑄚𑄨।,পাহাের দাগ
𑄃𑄠𑄴 𑄌𑄚𑄴 𑄃𑄠𑄴,আাআি
𑄃𑄬𑄖𑄬𑄴 𑄡𑄘𑄬 𑄚𑄧-𑄇𑄚𑄴𑄘𑄬,.এতে যা না
𑄝𑄧𑄝𑄖𑄳𑄠𑄬 𑄛𑄨𑄢𑄬 𑄘𑄨𑄝𑄧𑄁,বস অসুখ হবে
𑄃𑄠𑄴 𑄃𑄨𑄙𑄪 𑄃𑄠𑄴।,এখানে এখানে
𑄝𑄧𑄌𑄴𑄨 𑄝𑄬𑄝𑄧𑄁,এক জাতী ব ব্যাঙ
𑄝𑄧𑄌𑄴𑄨 𑄝𑄬𑄝𑄧𑄁 𑄉𑄋𑄧𑄖𑄴 𑄡𑄬𑄃𑄨,ব ব গাঙে যা
"𑄥𑄧𑄁𑄥𑄧𑄟𑄎𑄳𑄠 𑄟𑄨𑄣𑄨𑄚𑄬,",সংগঠনে যোগ দেওা
𑄟𑄌𑄴 𑄖𑄮𑄚𑄴 𑄥𑄪𑄠𑄧𑄘𑄴 𑄦𑄧𑄠𑄴,মাছ তরকারি ভালো হ
𑄖𑄎 𑄌𑄪𑄋𑄮 𑄉𑄧𑄢𑄚𑄬।,তাজা শুটকি করা
𑄃𑄮𑄠𑄁 𑄃𑄮𑄠𑄁 𑄝𑄬𑄋𑄴 𑄓𑄧𑄉𑄧𑄢𑄧𑄚𑄴,.ওা আওাজ করতেছে
"𑄝𑄎𑄳𑄠 𑄓𑄪𑄝𑄮𑄖𑄴 𑄖𑄧𑄣𑄬,",বাঁশটা ডোবার তলা
𑄏𑄮𑄣𑄴 𑄏𑄮𑄣𑄳𑄠 𑄉𑄧𑄢𑄨 𑄘𑄬𑄉 𑄡𑄠𑄴,ঝোল ঝোল করে দো
𑄝𑄖𑄴𑄨 𑄟𑄢𑄨 𑄌𑄬𑄣𑄬।,বিদ্যুৎ চমকানি
𑄎𑄪𑄚𑄨,জোনাকি
𑄖𑄪𑄟𑄨 𑄇𑄨 𑄖𑄧𑄉𑄧𑄢𑄴.,তোমরা কি খুঁজো?
𑄝𑄖𑄴𑄨 𑄎𑄣𑄨 𑄝𑄬𑄢𑄧𑄢𑄴।,বাতি জ্বালানোর জাগা
𑄝𑄬𑄣𑄧𑄛𑄳𑄦𑄧𑄢𑄴,সূর্য ডোবার সম
𑄇𑄧𑄝𑄨𑄘𑄳𑄠 𑄝𑄧𑄃𑄨,কবি বই
𑄘𑄨-𑄇𑄬𑄣𑄥𑄴,এক জাতী বুনো ফল
𑄎𑄪𑄟𑄴𑄝𑄧𑄣𑄢𑄴 𑄝𑄢𑄧𑄟𑄌𑄴 . . . . . . . . . . . . . . . . . . . . . . . . . . . . . . . . . . . . . . . . . . . . 𑄺,.জুম্বুর বারমাশ . . .
𑄝𑄨𑄏𑄪 𑄜𑄪𑄣𑄴 . . . . . . . . . . . . . . . . . . . . . . . . . . . . . . . . . . . . . . . . . . . . . . . . . . . . . 𑄻,বিঝু ফুল
𑄇𑄧𑄚𑄴𑄧𑄜𑄪𑄣𑄨 . . . . . . . . . . . . . . . . . . . . . . . . . . . . . . . . . . . . . . . . . . . . . . . . . . . . . . 𑄼,কনন ফুল
𑄃𑄟𑄳𑄦 𑄃𑄘𑄟𑄚𑄴 . . . . . . . . . . . . . . . . . . . . . . . . . . . . . . . . . . . . . . . . . . . . . . . . . . 𑄽,"আমাদের গ্রাম, /n আমাদের গ্রাম"
𑄦𑄨𑄣𑄴 𑄌𑄘𑄨𑄉𑄋𑄴 . . . . . . . . . . . . . . . . . . . . . . . . . . . . . . . . . . . . . . . . . . . . . . . . . . 𑄾,.. . . . . . .
𑄟𑄧𑄚𑄧 𑄖𑄪𑄝𑄮𑄣𑄴 . . . . . . . . . . . . . . . . . . . . . . . . . . . . . . . . . . . . . . . . . . . . . . . . . . . .𑄿,. . . . . . . .
𑄃𑄨𑄘𑄮𑄖𑄴 . . . . . . . . . . . . . . . . . . . . . . . . . . . . . . . . . . . . . . . . . . . . . . . . . . . . . . . 𑄷𑄶,"এখানে, এখানে"
𑄡𑄬𑄃𑄨 𑄡𑄬𑄃𑄨 𑄡𑄬𑄃𑄨 . . . . . . . . . . . . . . . . . . . . . . . . . . . . . . . . . . . . . . . . . . . . . . 𑄷𑄷,. . . . . .
𑄎𑄨𑄁𑄇𑄚𑄨𑄖𑄴 . . . . . . . . . . . . . . . . . . . . . . . . . . . . . . . . . . . . . . . . . . . . . . . . . . . . . 𑄷𑄸,. জীবনে . . . . .
𑄡𑄢𑄴 𑄡𑄬 𑄇𑄟𑄴 . . . . . . . . . . . . . . . . . . . . . . . . . . . . . . . . . . . . . . . . . . . . . . . . . 𑄷𑄹,. যার যে কাজ . . . . .
𑄃𑄠𑄴 𑄃𑄠𑄴 𑄃𑄮 𑄌𑄚𑄚𑄴 . . . . . . . . . . . . . . . . . . . . . . . . . . . . . . . . . . . . . . . . . . . . 𑄷𑄺,আাআি চাঁদ
𑄜𑄉𑄮𑄚𑄴 . . . . . . . . . . . . . . . . . . . . . . . . . . . . . . . . . . . . . . . . . . . . . . . . . . . . . . 𑄷𑄻,. . . . . . . .
𑄎𑄪𑄟𑄴𑄝𑄧𑄣𑄢𑄴 𑄝𑄢𑄧𑄟𑄌𑄴,এক জাতী মাছ
"𑄝𑄰𑄎𑄬𑄇𑄴 𑄟𑄏𑄧𑄖𑄴 𑄙𑄚𑄴 𑄇𑄪𑄎𑄧 𑄃𑄢𑄴𑄉𑄚𑄨,",বৈদ্যর ঘাটে ধান কুানো হচ্ছে
𑄎𑄬𑄖𑄴 𑄟𑄌𑄴 𑄌𑄮𑄟𑄬𑄣𑄬 𑄥𑄪𑄘𑄮𑄛𑄧𑄢𑄬 𑄃𑄚𑄪𑄚𑄨।,এক জাতী মাছ ধরে নিে যাওা
"𑄝𑄨𑄌𑄴 𑄛𑄧𑄘𑄧𑄚 𑄇𑄝 𑄛𑄧𑄢𑄬 𑄥𑄮𑄟𑄬𑄣𑄬 𑄃𑄏𑄢𑄴,",বিষ পাতা পে বিপদ ঘটতেছে
𑄥𑄉𑄮𑄚𑄬 𑄙𑄚𑄧𑄥𑄨𑄡𑄳𑄠 𑄦𑄎𑄢𑄬 𑄦𑄎𑄢𑄴।,.সাবানে ধানবীজ হাজার হাজার
"𑄞𑄘𑄧 𑄟𑄌𑄴 𑄥𑄮𑄟𑄬𑄣𑄬 𑄙𑄚𑄴 𑄛𑄉 𑄙𑄧𑄢𑄬,",এক জাতী মাছ সেদ্ধ করলে ধান পা
𑄃𑄏𑄨𑄚𑄴 𑄟𑄌𑄴 𑄃𑄬𑄣𑄬 𑄢𑄚𑄨 𑄇𑄪𑄠𑄧 𑄛𑄧𑄢𑄬।,এক জাতী মাছ আসলে রানী করতে হ
"𑄇𑄘𑄨 𑄟𑄏𑄧𑄖𑄴 𑄃𑄬𑄇𑄴𑄇 𑄝𑄮 𑄇𑄪𑄠𑄧 𑄙𑄧𑄢𑄧𑄚𑄴,",কাপের মাঝখানে একটু বোরা করিও
𑄃𑄳𑄟𑄪𑄚𑄴 𑄟𑄌𑄴 𑄥𑄮𑄟𑄬𑄣𑄬 𑄟𑄬𑄣𑄥𑄚𑄨 𑄉𑄧𑄢𑄧𑄚𑄴।,এক জাতী মাছ মিষ্টি কথা বলে
"𑄛𑄪𑄎𑄴 𑄟𑄌𑄴 𑄥𑄧𑄟𑄘𑄬 𑄎𑄢𑄴 𑄃𑄬𑄚𑄬𑄃𑄨 𑄙𑄧𑄢𑄬,",এক জাতী মাছ একসাথে ধরে
𑄟𑄊𑄴 𑄟𑄌𑄴 𑄦𑄖𑄴-𑄒𑄬𑄋𑄴 𑄃𑄳𑄟𑄪𑄚𑄧𑄖𑄴 𑄥𑄬𑄉 𑄛𑄧𑄢𑄬।,মাঘ মাছ হাত ধোার জন্য এখানে আসতে হ
"𑄜𑄉𑄮𑄚𑄧𑄖𑄴 𑄇𑄟𑄴 𑄇𑄧𑄢𑄧𑄎𑄴 𑄛𑄪𑄢𑄮𑄛𑄪𑄢𑄨 𑄇𑄧𑄟𑄴,",ফাকি দো একদম কম
𑄌𑄮𑄘𑄮𑄖𑄴 𑄇𑄟𑄴 𑄇𑄧𑄎𑄴𑄎𑄢𑄴 𑄛𑄪𑄢𑄮 𑄃𑄨𑄚𑄴𑄓𑄬𑄥𑄧𑄟𑄴।,.চোখে কাজ করার সম শেষ হেছে
𑄝𑄨𑄏𑄪 𑄜𑄪𑄣𑄴,বিঝু ফুল
"𑄜𑄪𑄣𑄴 𑄝𑄨𑄏𑄪 𑄟𑄪𑄢𑄴 𑄝𑄨𑄏𑄪 𑄃𑄳𑄦 𑄉𑄧𑄎𑄳𑄠𑄘𑄨𑄚𑄴,",.ফুল বিঝুর বিঝুর শব্দ
𑄖𑄨𑄚𑄴 𑄘𑄨𑄚𑄴 𑄟𑄨𑄣𑄨 𑄦𑄧𑄠𑄴 𑄛𑄪𑄢𑄮 𑄝𑄨𑄏𑄪 𑄘𑄨𑄚𑄴।,তিন দিন মিলে হ পুরো বিঝু দিন
𑄜𑄪𑄣𑄴 𑄝𑄨𑄏𑄪𑄖𑄴 𑄜𑄪𑄣𑄴 𑄞𑄎𑄚,.ফুল বিঝুে ফুল ভাজা
𑄉𑄧𑄎𑄳𑄠𑄘𑄨𑄚𑄴 𑄥𑄮𑄟𑄬𑄣𑄬,গজ দাঁত দিলে
𑄞𑄣𑄬𑄖𑄴 𑄦𑄧𑄝𑄢𑄴 𑄝𑄧𑄢𑄴 𑄣𑄳𑄦𑄧𑄚।,ভালো হওা বা হওা
𑄛𑄧𑄖𑄴𑄨 𑄝𑄧𑄏𑄧𑄢𑄴 𑄃𑄬𑄡𑄬 𑄝𑄨𑄏𑄪,ব বছর এসেছে বিঝু
"𑄘𑄮𑄣𑄴 𑄟𑄧𑄚𑄬 𑄘𑄮𑄣𑄴 𑄢𑄧𑄋𑄬,",সুন্দর মনে সুন্দর রঙে
𑄝𑄨𑄏𑄪𑄘𑄨𑄚𑄴 𑄇𑄘 𑄦𑄧𑄠𑄴,বিঝুর দিন কাঁটা হ
𑄉𑄨𑄘𑄬𑄢𑄬𑄋𑄬 𑄦𑄏𑄨 𑄢𑄧𑄋𑄬।,কাঁপাকাঁপি
𑄇𑄧𑄚𑄴𑄧𑄜𑄪𑄣𑄨,এক জাতী ফুল
𑄇𑄧𑄚𑄴𑄧𑄜𑄪𑄣𑄨 𑄖𑄪𑄃𑄨 𑄞𑄢𑄨,এক জাতী ফুল
𑄥𑄎𑄨 𑄥𑄪𑄎𑄨 𑄘𑄮𑄣𑄴 𑄉𑄧𑄢𑄨,.ফুলের সুচি সুন্দর করে
"𑄇𑄪𑄖𑄴𑄪𑄚𑄴 𑄃𑄬𑄡𑄧𑄢𑄴 𑄇𑄪𑄙𑄪 𑄡𑄬𑄝𑄬 𑄇𑄧𑄚𑄳𑄦,",কোথা যাবো বলে বলা
𑄇𑄧𑄚𑄴𑄧𑄜𑄪𑄣𑄨 𑄇𑄚𑄧𑄜𑄪𑄣𑄴,এক জাতী ফুল
𑄇𑄨𑄋𑄨𑄢𑄨 𑄖𑄧𑄢𑄴 𑄇𑄪𑄙𑄪 𑄛𑄮𑄣𑄴,তোমার কোথা পা
𑄇𑄪𑄙𑄪 𑄖𑄪𑄃𑄨 𑄖𑄧𑄉 𑄡𑄬𑄝𑄬 𑄟𑄧𑄢𑄬𑄠𑄧 𑄚𑄬-𑄡𑄚𑄳𑄦।,কোথা যাবে তুমি আমাকে খুঁজতে যাও
𑄌𑄬𑄋𑄬𑄃𑄨 𑄇𑄪𑄣𑄴 𑄃 𑄟𑄬𑄠𑄧𑄚𑄨,চেঙে কুল এ মেে
𑄘𑄮𑄣𑄬𑄃𑄨 𑄝𑄬𑄢𑄬𑄃𑄨 𑄌𑄬𑄠𑄧𑄚𑄨,ভালো করে ঘুরে দেখ
"𑄌𑄘𑄬 𑄣𑄉𑄬 𑄇𑄧𑄘𑄧𑄇𑄴 𑄘𑄮𑄣𑄴,",চাঁদে লাগে কত সুন্দর
𑄇𑄎𑄧𑄣𑄧𑄁 𑄃 𑄥𑄧𑄣𑄧𑄇𑄴 𑄘𑄮𑄢𑄴,কাজলের এক সলত দরজা
𑄟𑄪𑄎𑄪𑄋𑄧 𑄟𑄪𑄎𑄪𑄋𑄨 𑄃𑄬𑄉𑄧𑄖𑄴𑄧𑄢𑄴,পাহাে পাহাে আসা
𑄃𑄬𑄘𑄧𑄇𑄴 𑄇𑄬𑄚𑄬 𑄦𑄮𑄣𑄴।,এত কেন হলো
𑄘𑄧𑄉𑄨𑄚𑄧𑄚𑄴𑄘𑄨 𑄢𑄬𑄁𑄇𑄧𑄋𑄚𑄴,দক্ষিণ পশ্চিম
"𑄖𑄧 𑄙𑄉𑄧𑄖𑄴 𑄃𑄝𑄪𑄎𑄨,",তোমার পাশে আাআি
𑄖𑄧- 𑄥𑄧𑄟𑄢𑄬 𑄛𑄧𑄘𑄴 𑄙𑄧𑄢𑄨,তোমার সাথে পদচিহ্ন ধরে
𑄥𑄧𑄟𑄢𑄴 𑄝𑄧𑄖𑄳𑄠𑄧𑄚𑄴 𑄖𑄧 𑄣𑄧𑄉𑄬 𑄦𑄰𑄚𑄬 𑄞𑄢𑄨 𑄟𑄧𑄚𑄴 𑄈𑄪𑄏𑄨।,সমের বস তোমার সাথে হে মনে পে
𑄇𑄛𑄴𑄖𑄬𑄃𑄨𑄠𑄧𑄢𑄴 𑄟𑄪𑄢𑄳𑄦𑄧 𑄥𑄬𑄢𑄬 𑄈𑄬𑄃𑄨 𑄉𑄬𑄣𑄬𑄉𑄧𑄃𑄨 𑄝𑄚𑄳𑄦।,কাপের মাঝখান দিে খেে যাওা
𑄃𑄟𑄳𑄦 𑄃𑄘𑄟𑄚𑄴 𑄌𑄘𑄬 𑄘𑄮𑄣𑄴,আমাদের গ্রামটা সুন্দর
"𑄟𑄮𑄚𑄴 𑄟𑄪𑄢𑄳𑄦𑄧𑄠𑄴 𑄊𑄬𑄢,",পাহা পাহাে ঘেরা
𑄞𑄧𑄢𑄧𑄚𑄴-𑄞𑄨𑄢𑄧𑄚𑄴 𑄉𑄧𑄢𑄨 𑄃𑄊𑄬,ভরা-ভর্তি করে আছে
𑄝𑄠𑄴 𑄝𑄉𑄨𑄎𑄠𑄴 𑄞𑄧𑄢।,বাঁশের বো দিে ভরা
𑄚𑄚 𑄙𑄮𑄇𑄳𑄠 𑄜𑄪𑄣𑄴 𑄜𑄪𑄘𑄧𑄚𑄴,নানা ধরনের ফুল ফোটে
𑄛𑄬𑄉𑄬 𑄉𑄨𑄖𑄴 𑄉𑄚𑄴।,পেগে গান
𑄃𑄘𑄟𑄚𑄧 𑄌𑄬𑄢𑄮𑄇𑄨𑄖𑄳𑄠𑄬,গ্রামের মানুষ
"𑄉𑄏𑄧 𑄝𑄏𑄧 𑄖𑄢𑄪𑄟𑄴𑄝𑄧𑄚𑄴,",গাছের বািটা ব
𑄘𑄬𑄣𑄬 𑄎𑄪𑄢𑄧𑄠𑄴 𑄟𑄧𑄚𑄴।,দোলে খুশি হওা
𑄢𑄋𑄟𑄑𑄳𑄠 𑄝𑄚𑄴𑄘𑄧𑄢𑄴𑄝𑄧𑄚𑄴,এক জাতী বানর
𑄃𑄊𑄬 𑄘𑄮𑄣𑄴 𑄉𑄧𑄢𑄨।,সুন্দর করে
𑄝𑄬𑄚𑄳𑄠 𑄦𑄧𑄣𑄬 𑄟𑄮𑄚𑄧 𑄥𑄬𑄢𑄬𑄘𑄨,বো হলে পাখানা করে
𑄃𑄧𑄎𑄧𑄣𑄴 𑄚𑄨𑄎𑄮 𑄟𑄮𑄚𑄴 𑄟𑄪𑄢𑄮𑄃𑄪𑄚𑄴,অনেক ব পাহাের পাহা
𑄌𑄬𑄝𑄢𑄴 𑄌𑄬𑄣𑄬 𑄌𑄬𑄃𑄨 𑄚𑄧-𑄛𑄪𑄢𑄧𑄠𑄴,দৌাদৌি করলে শেষ হ না
𑄟𑄙𑄟𑄪𑄢𑄨 𑄥𑄧𑄁𑄈𑄧 𑄈𑄣𑄴,মাছ ধরার সম খাল
"𑄃𑄳𑄦 𑄇𑄧𑄚𑄴𑄧 𑄜𑄪𑄣𑄨,",এক জাতী ফুল
𑄟𑄮𑄚𑄧 𑄟𑄙𑄖𑄴𑄪𑄚𑄴 𑄃𑄬 𑄘𑄬𑄏𑄧𑄖𑄴,পাহাের মাথা থেকে এই পৃথিবীতে
𑄃𑄬𑄌𑄳𑄠𑄧𑄚𑄴 𑄘𑄪𑄣𑄨 𑄘𑄪𑄣𑄨।,আসা যাওা
𑄃𑄬 𑄘𑄬𑄏𑄧𑄢𑄴 𑄟𑄮𑄚𑄴 𑄟𑄪𑄢𑄳𑄦𑄧𑄃𑄪𑄚𑄴,এই দেশের মানুষরা
"𑄍𑄧𑄝𑄨 𑄃𑄇𑄳𑄠𑄬 𑄛𑄢,",ছবি তুলতে পারা
𑄚𑄚𑄚𑄴 𑄎𑄘𑄧𑄢𑄴 𑄟𑄚𑄬𑄃𑄨 𑄃𑄨𑄙𑄪,বিভিন্ন ধরনের মানুষ এখানে আসে
𑄥𑄉𑄧𑄢𑄴 𑄃𑄏𑄠𑄴 𑄞𑄧𑄢।,সাগর ভরা
𑄚𑄚𑄚𑄴 𑄞𑄏𑄧𑄢𑄴 𑄟𑄚𑄬𑄃𑄨 𑄃𑄊𑄧𑄚𑄴,বিভিন্ন ধরনের মানুষ আছে
"𑄎𑄧𑄚𑄧𑄟𑄴 𑄎𑄧𑄚𑄧𑄟𑄴 𑄙𑄧𑄢𑄨,","জনে জনে ধরে, জনে জনে"
𑄟𑄧𑄚𑄧 𑄖𑄪𑄝𑄮𑄣𑄴,মনের ইচ্ছা
"𑄖𑄬𑄬𑄳𑄝𑄳𑄢 𑄚𑄖𑄪𑄇𑄴 𑄖𑄬𑄬𑄳𑄝𑄳𑄢 𑄑𑄪𑄇𑄴,",এক জাতী পাখি
𑄝𑄘𑄮𑄃𑄨 𑄝𑄧𑄓 𑄌𑄨𑄘𑄨𑄢𑄬 𑄙𑄪𑄝𑄴,বাঁশের বোটা বাচ্চাটাকে ধুেছে
𑄥𑄧𑄟𑄢𑄴 𑄚𑄧 𑄗𑄬𑄣𑄬 𑄟𑄧𑄚𑄧𑄖𑄴 𑄘𑄪𑄇𑄴।,একসাথে না থাকলে মনে দুঃখ
𑄔𑄨𑄟𑄴 𑄔𑄨𑄟𑄴 𑄔𑄨𑄟𑄴 𑄔𑄨𑄟𑄴 𑄔𑄨𑄟𑄴,"ঢিম ঢিম, ঢিম ঢিম"
𑄟𑄮𑄇𑄴𑄛𑄪𑄠𑄧 𑄇𑄧𑄚𑄴 𑄥𑄧𑄢𑄧𑄖𑄴 𑄟𑄮𑄇𑄴𑄛𑄪𑄠𑄧 𑄇𑄧𑄚𑄴 𑄥𑄧𑄢𑄧𑄖𑄴,পাহাের পাশে পাহািে পাহাি
𑄓𑄧𑄉𑄧𑄢𑄬 𑄛𑄬𑄇𑄴𑄇𑄱 𑄢𑄬𑄖𑄴 𑄞𑄧𑄢𑄨।,কেকটা পাখি রাত ভরছে
𑄛𑄪𑄀...... 𑄛𑄪𑄀 ...... 𑄛𑄪𑄀 ...... 𑄉𑄧𑄢𑄨,"পুঁি, পুঁতি, পুঁতি"
"𑄘𑄨𑄣𑄪𑄋𑄴 𑄥𑄨𑄋𑄖𑄴 𑄝𑄚𑄴𑄖𑄪𑄣𑄨,",দুই হাতের তালুতে বালা
𑄣𑄧𑄉𑄬 𑄥𑄧𑄟𑄎𑄳𑄠 𑄚𑄧-𑄛𑄋𑄧𑄢𑄴,.সাথে সংসার করতে পারতেছি না
𑄟𑄧𑄚𑄧 𑄇𑄧𑄙 𑄇𑄮𑄟𑄴 𑄞𑄨𑄣𑄨।,মনের কথা বলা
𑄇𑄪𑄙𑄪 𑄉𑄬𑄣 𑄥𑄧𑄟𑄢𑄪𑄚𑄴,কোথা গেল সম
"𑄉𑄠𑄴 𑄉𑄠𑄴 𑄃𑄊𑄧𑄋𑄴 𑄊𑄧𑄢𑄚𑄧𑄖𑄴,",গাে গাি আছে বািতে
𑄞𑄪𑄃𑄨 𑄌𑄝 𑄘𑄨𑄠𑄬 𑄎𑄪𑄚𑄮 𑄛𑄳𑄦𑄧𑄢𑄴,ভুই চাা দিে চাঁদের আলো
𑄖𑄪𑄝𑄮𑄣𑄴 𑄈𑄬𑄣𑄬𑄢𑄴 𑄟𑄧𑄚𑄚𑄧𑄖𑄴।,.মনে হ বজ্রপাত খেলছে
𑄝𑄬𑄚𑄴𑄎𑄪𑄢𑄧 𑄞𑄨𑄘𑄨𑄢𑄬 𑄥𑄧𑄚𑄖𑄴𑄖𑄣𑄨,বানরের পিঠে সনাটা
𑄛𑄨𑄀𑄐𑄧 𑄛𑄨𑄀𑄐𑄧 𑄌𑄨𑄇𑄴𑄇𑄢𑄬,পিনন পিনন শব্দ করে
𑄟𑄧𑄚𑄴 𑄛𑄧𑄝𑄧𑄚𑄬 𑄇𑄧𑄙 𑄇𑄧𑄠𑄴,মনের মতো কথা বলে
𑄇𑄠𑄴 𑄚𑄧 𑄛𑄋𑄧𑄢𑄴 𑄇𑄢𑄧𑄢𑄬।,কাউকে সহ্য করতে পারছি না
𑄃𑄨𑄘𑄮𑄖𑄴,"এখানে, এখানে"
"𑄇𑄪𑄙𑄪 𑄎𑄚𑄨 𑄘𑄬𑄇𑄴𑄈𑄧𑄁 𑄖𑄧𑄢𑄬 𑄌𑄨𑄚𑄧𑄁𑄚𑄨 𑄇𑄧𑄚𑄧 𑄢𑄨𑄚𑄨 𑄌𑄋𑄴,",কোথা যেন তোমাকে দেখতেছি কোন দিকে তাকা
𑄟𑄧𑄚𑄧𑄖𑄴 𑄉𑄧𑄢𑄨 𑄌𑄋𑄧𑄢𑄴 𑄘𑄮𑄣𑄬𑄃𑄨 𑄃𑄨𑄘𑄮𑄖𑄴 𑄃𑄪𑄘𑄬𑄢𑄴 𑄛𑄢𑄛𑄋𑄴।,মনের মতো চাচা করে এখানে উঠতে হ
𑄣𑄋𑄬𑄣𑄧 𑄛𑄨𑄘𑄨𑄖𑄴 𑄖𑄨𑄚𑄚𑄴 𑄊𑄧𑄢𑄴,লাঠি দিে তিনান বাি
"𑄇𑄪𑄝𑄧𑄁𑄖𑄪𑄣𑄨 𑄘𑄳𑄠𑄧 𑄟𑄪𑄢𑄮𑄖𑄴,",কুবং তুলি দিে পাহাে
𑄥𑄨𑄙𑄪 𑄃𑄬𑄇𑄴𑄝𑄢𑄴 𑄘𑄬𑄇𑄴𑄈𑄧𑄁 𑄖𑄧𑄢𑄬,সে একনাগাে দেখতেছি তোমাকে
𑄃𑄬𑄇𑄴𑄈𑄚𑄴 𑄊𑄧𑄢𑄧 𑄃𑄨𑄎𑄮𑄢𑄧𑄖𑄴।,একটা বািে
𑄦𑄘𑄧𑄖𑄴 𑄢𑄋 𑄝𑄋𑄧𑄢𑄨,হাতে লাল বাঙি
𑄟𑄪𑄃𑄨 𑄃𑄬𑄡𑄧𑄋𑄧𑄢𑄴 𑄛𑄧𑄘𑄴 𑄙𑄧𑄢𑄨।,আমি অনেক আগে থেকে পদচিহ্ন ধরে আছি
"𑄃𑄧𑄇𑄴𑄖𑄬 𑄃𑄧𑄇𑄴𑄖𑄬 𑄥𑄨𑄚𑄴𑄘𑄨 𑄟𑄪𑄃𑄨 𑄟𑄮𑄚𑄧 𑄃𑄳𑄟𑄪𑄪𑄢𑄬 𑄝𑄬𑄢 𑄡𑄋𑄴,",অনেক বেশি সে পাহাে পাহাে ঘুরে যা
𑄡𑄘𑄬 𑄡𑄘𑄬 𑄛𑄧𑄘𑄧𑄖𑄴𑄪𑄚𑄴 𑄖𑄧𑄢𑄬 𑄘𑄬𑄉𑄧𑄋𑄴𑄚𑄨 𑄢𑄨𑄚𑄨 𑄌𑄋𑄴।,যেতে যেতে পদচিহ্ন থেকে তোমাকে দেখতে ইচ্ছে করে
𑄟𑄧𑄚𑄬 𑄦𑄧𑄠𑄴𑄘𑄬 𑄘𑄬𑄟𑄴𑄝𑄬 𑄖𑄧𑄢𑄬,মনে হ তোমাকে দেখে
"𑄇𑄪𑄝𑄧𑄁𑄖𑄪𑄣𑄨 𑄣𑄪𑄟𑄨𑄚𑄬,",এক জাতী বুনো ফল যা সবজি হিসেবে ব্যবহৃত হ
𑄛𑄧𑄉𑄮𑄘𑄨 𑄇𑄚𑄘𑄨 𑄢𑄨𑄚𑄨 𑄌𑄧𑄢𑄴,পলিথিন ব্যাগ দিে চর
𑄟𑄧𑄢𑄬 𑄃𑄬𑄖𑄬𑄴 𑄘𑄬𑄉𑄨𑄚𑄬।,আমার জন্য অপেক্ষা করো
"𑄟𑄧𑄚𑄬 𑄦𑄧𑄠𑄴𑄘𑄬 𑄥𑄧𑄟𑄢𑄬 𑄃𑄬𑄣𑄧𑄁 𑄃𑄉𑄧 𑄎𑄧𑄚𑄧𑄟𑄚𑄴,","মনে হ আগের জনমের কথা,"
𑄥𑄬𑄚𑄬 𑄖𑄧𑄢𑄬 𑄘𑄬𑄉𑄨𑄟𑄴 𑄟𑄖𑄴𑄧𑄢𑄴 𑄳𑄟𑄪𑄎𑄪𑄢𑄨 𑄃𑄪𑄘𑄬 𑄛𑄧𑄢𑄚𑄚𑄴।,সেকারণে তোমাকে দেখার জন্য আমার ইচ্ছে করে।
𑄡𑄬𑄃𑄨 𑄡𑄬𑄃𑄨 𑄡𑄬𑄃𑄨,"যেরকম, যেমন"
"𑄟𑄪𑄎𑄪𑄋𑄧𑄘𑄨 𑄃𑄪𑄎𑄬𑄃𑄨 𑄡𑄬𑄃𑄨,",পাহাের উপর উঠে যাওা
𑄥𑄧𑄁 𑄥𑄧𑄟𑄎𑄳𑄠 𑄟𑄨𑄣𑄨𑄚𑄬𑄃𑄨,সঙ্গীরা মিলে
𑄥𑄧𑄁 𑄥𑄧𑄟𑄢𑄬 𑄃𑄪𑄎𑄬𑄃𑄨 𑄡𑄬𑄃𑄨।,একসাথে উঠে যাওা
𑄡𑄬𑄃𑄨 𑄡𑄬𑄃𑄨 𑄡𑄬𑄃𑄨।,"যেরকম, যেমন"
"𑄚𑄧-𑄖𑄮𑄇𑄴 𑄃𑄟𑄢𑄴 𑄦𑄖𑄳𑄠𑄢𑄴 𑄝𑄧𑄣𑄴,",না তো আমার হাতের বল
𑄝𑄳𑄟𑄪𑄪𑄖𑄴 𑄃𑄊𑄬 𑄦𑄧𑄉𑄧 𑄝𑄧𑄣𑄴।,বামে আছে শক্তি
"𑄇𑄨𑄌𑄴𑄪 𑄚𑄧-𑄘𑄮𑄢𑄬𑄃𑄨,","কিছু না করে,কিছু না করে"
𑄡𑄬𑄃𑄨𑄘𑄬 𑄡𑄬𑄃𑄨𑄘𑄬 𑄡𑄬𑄃𑄨,"যেভাবে হোক, যেভাবে হোক"
𑄃𑄟𑄳𑄦 𑄟𑄘𑄨 𑄃𑄟𑄳𑄦 𑄖𑄧𑄉𑄴,আমাদের মাটি আমাদের মাটি
𑄃𑄟𑄳𑄦 𑄘𑄬𑄌𑄴 𑄃𑄟𑄳𑄦 𑄦𑄧𑄇𑄴।,আমাদের দল আমাদের দল
𑄦𑄧𑄇𑄴 𑄝𑄘𑄬 𑄝𑄬𑄦𑄧𑄇𑄴 𑄚𑄧𑄠𑄴,হক বাদে সব ন
"𑄃𑄟𑄨 𑄎𑄪𑄟𑄴𑄟𑄮 𑄞𑄬𑄃𑄨,",আমরা জুমের ভাই
𑄛𑄧𑄢𑄚𑄴 𑄘𑄨𑄚𑄬𑄃𑄨 𑄒𑄨𑄉𑄬𑄃𑄨 𑄢𑄉𑄨,পা দিনেই ভ পা
"𑄃𑄟𑄳𑄦 𑄘𑄬𑄏𑄧 𑄟𑄚𑄴,",আমাদের দেশের মানুষ
𑄘𑄬𑄏𑄧𑄖𑄴 𑄥𑄚𑄴𑄘𑄨 𑄃𑄚𑄨𑄝𑄖𑄳𑄠𑄬,.দেহে স্যাঁতসেঁতে আনবে
𑄎𑄨𑄁𑄇𑄚𑄨𑄖𑄴,"জীবনে, জীবনে"
𑄥𑄏𑄧𑄚𑄳𑄠 𑄃𑄚𑄴𑄘𑄢𑄴 𑄦𑄮𑄃𑄨𑄠𑄬,কাঠগুলো শক্ত হেছে
"𑄃𑄳𑄟𑄪𑄪𑄘𑄮 𑄏𑄝𑄪𑄘𑄮 𑄝𑄧𑄠𑄬𑄢𑄴 𑄝𑄢𑄴,",.উদ্ধত জঙ্গল বছে
𑄉𑄧𑄟𑄴 𑄣𑄉𑄨𑄘𑄧 𑄟𑄧𑄚𑄚𑄧𑄖𑄴,ভালো লাগে মনে হ
𑄖𑄢𑄬 𑄎𑄧𑄚𑄨 𑄘𑄬𑄘𑄪𑄁 𑄃𑄬𑄇𑄴𑄝𑄢𑄴।,তাকে একনাগাে দো
𑄊𑄧𑄚𑄧 𑄊𑄧𑄚𑄧 𑄖𑄢 𑄎𑄧𑄣𑄧𑄘𑄧𑄚𑄴,ঘন ঘন তাদের জলাশ
"𑄦𑄬𑄃𑄨𑄣𑄴 𑄃𑄉𑄎𑄧 𑄝𑄪𑄉𑄧𑄖𑄴,",এক জাতী বুনো ফল
𑄚𑄚𑄉𑄚𑄴 𑄥𑄧𑄝𑄧𑄚𑄴 𑄎𑄉𑄬𑄢𑄴,.নানাগান বাজতেছে
𑄥𑄖𑄴 𑄛𑄌𑄴 𑄇𑄧𑄘𑄧𑄇𑄴 𑄇𑄧𑄙,সাত পাচক কথা
"𑄟𑄧𑄚𑄚𑄬 𑄇𑄮𑄃𑄨 𑄡𑄢𑄴,",মনের কথা বলে যা
𑄥𑄬 𑄇𑄧𑄙𑄢𑄴 𑄝𑄬𑄇𑄴𑄈𑄚𑄨,সেই কথা গুলো সব
"𑄎𑄨𑄁𑄇𑄚𑄨𑄖𑄴 𑄛𑄬,𑄴𑄚𑄨 𑄃𑄢𑄴।",জীবনে পেেছি আরও
𑄟𑄧𑄚𑄧𑄖𑄴 𑄃𑄬𑄃𑄨 𑄃𑄚𑄴𑄘𑄢𑄴 𑄒𑄬𑄣𑄨,মনের এই আাটা পেছে
"𑄜𑄪𑄘𑄨𑄝𑄮 𑄡𑄬𑄇𑄴𑄇𑄬 𑄃𑄣𑄮,",. ফোটাবে যে আলো
𑄃𑄬𑄃𑄨𑄘𑄧 𑄦𑄧𑄝𑄧 𑄟𑄧𑄢𑄴 𑄎𑄨𑄁𑄇𑄚𑄨,এখন হবে আমার জীবন
𑄖𑄬𑄟𑄴𑄝𑄬 𑄇𑄧𑄘𑄧𑄇𑄴 𑄞𑄣𑄮।,তেতুলে কেকটা ভালো
𑄃𑄨𑄠𑄚𑄴 𑄝𑄘𑄬 𑄃𑄧𑄚𑄳𑄠𑄧 𑄇𑄨𑄌𑄴𑄌𑄪,এগুলো বাদে অন্য কিছু
"𑄚𑄧-𑄌𑄋𑄴 𑄟𑄮𑄃𑄨𑄘𑄧 𑄃𑄢𑄴,",ন-চাং মাা আর
𑄖 𑄙𑄮𑄇𑄳𑄠 𑄇𑄮𑄌𑄴 𑄛𑄚 𑄟𑄪𑄃𑄨,তার চেহারা কেমন পাওা মুখ
𑄡𑄢𑄴 𑄡𑄬 𑄇𑄟𑄴,যার যে কাজ
𑄚𑄚𑄪 𑄝𑄬𑄝𑄬𑄃𑄨 𑄥𑄪𑄘𑄮 𑄘𑄧𑄣𑄬𑄢𑄴,নাতনিরা সবাই সুতার খেলা পারদর্শী
"𑄌𑄧𑄢𑄴𑄉𑄨 𑄛𑄘𑄧𑄖𑄴 𑄝𑄮𑄃𑄨,",পলিথিন ব্যাগ
𑄟𑄟𑄳𑄦 𑄝𑄮𑄌𑄴𑄌𑄬 𑄖𑄪𑄣𑄮 𑄙𑄪𑄚𑄮,মামা বসে তুলো ধুেছে
𑄙𑄪𑄟𑄮𑄖𑄴𑄪𑄚𑄴 𑄛𑄌𑄳𑄠 𑄙𑄧𑄚𑄪𑄣𑄣𑄧𑄃𑄨।,ধোঁা থেকে ধোঁা বের হচ্ছে
𑄓𑄋𑄧𑄢𑄴 𑄝𑄬𑄝𑄬𑄃𑄨 𑄃𑄣𑄟𑄴 𑄝𑄪𑄚𑄬𑄢𑄴,ডাঙিে বো বুনে
"𑄚𑄚𑄋𑄴 𑄜𑄪𑄣𑄧 𑄎𑄪 𑄖𑄪𑄣𑄨,",নানা ধরনের ফুল তুলি
𑄘𑄘𑄳𑄦 𑄡𑄬𑄃𑄨𑄠𑄬 𑄖𑄮𑄚𑄴𑄛𑄖𑄴 𑄖𑄧𑄉,দাদা যে তরকারিটা তাাতাি খুঁজে
𑄛𑄪𑄢𑄮𑄚𑄴 𑄢𑄚𑄳𑄠 𑄞𑄪𑄠𑄧𑄖𑄪𑄣𑄨।,পুরনো দিনের ভূমিধস
𑄟𑄪𑄃𑄨 𑄌𑄨𑄎𑄨 𑄈𑄢 𑄦𑄧𑄋𑄧𑄢𑄴,মুখ ছোট হেছে
"𑄊𑄧𑄢𑄧 𑄃𑄪𑄘𑄮𑄚𑄧𑄖𑄴 𑄣𑄟𑄨𑄚𑄬,",বাির উপরে লাফিে
𑄃𑄨𑄎𑄨 𑄝𑄨𑄎𑄨 𑄈𑄢 𑄦𑄮𑄢𑄴,ইচি বিচি খেলা হ
𑄥𑄧𑄁 𑄥𑄧𑄟𑄎𑄳𑄠 𑄟𑄨𑄣𑄨𑄚𑄬।,সংকুলান হওা
"𑄞𑄪𑄎𑄨 𑄡𑄬𑄃𑄨𑄠𑄬 𑄌𑄮𑄣𑄴 𑄇𑄢,",ভুঁি দিে চাল করা
𑄝𑄝𑄳𑄦 𑄃𑄬𑄣𑄬 𑄝𑄎𑄢𑄧𑄖𑄴𑄪𑄚𑄴,বাবা আসলে বাজার থেকে
𑄊𑄧𑄢𑄴𑄝𑄮𑄃𑄪𑄚𑄬 𑄝𑄬𑄉𑄬 𑄃𑄟𑄨,বািটা আমাদের বািতে আসে
"𑄡𑄢𑄴 𑄡𑄬 𑄇𑄟𑄧𑄖𑄴 𑄗𑄬𑄃𑄨,",যার যে কাজে থাকে
𑄇𑄢𑄧𑄢𑄬 𑄇𑄨𑄠𑄬𑄃𑄨 𑄇𑄪𑄠𑄧 𑄚𑄧-𑄛𑄧𑄢𑄬,কাউকে কিছুই করতে হ না
𑄇𑄧𑄚𑄧 𑄟𑄇𑄧𑄖𑄳𑄠𑄬𑄃𑄨।,কোন মাকসা
𑄃𑄠𑄴 𑄃𑄠𑄴 𑄃𑄮 𑄌𑄚𑄚𑄴,আাআি চাঁদ
𑄃𑄠𑄴 𑄃𑄠𑄴 𑄃𑄮 . . . . . 𑄌𑄚𑄚𑄴,"হ্যাঁ,হ্যাঁ,চামা"
"𑄌𑄨𑄎𑄨 𑄃𑄩𑄙𑄪 𑄃𑄠𑄴,",". ছোট এখানে আর, ছোট এখানে"
𑄝𑄚𑄳𑄦 𑄃𑄊𑄬 𑄉𑄠𑄴।,বাি আছেগা
𑄖𑄧-𑄥𑄧𑄟𑄢𑄬 𑄖𑄢𑄃𑄪𑄚𑄴,তোমার সমে তারা
𑄚𑄬𑄃𑄨𑄘𑄬 𑄥𑄧𑄟𑄢𑄴 𑄇𑄧𑄚𑄧𑄎𑄧𑄚𑄴।,নাছোবান্দা ব্যক্তি
𑄥𑄧𑄚𑄢𑄴 𑄥𑄋𑄪 𑄜𑄬𑄣𑄬𑄃𑄨𑄘𑄬,.সোনার শাঁস ফেলে দে
"𑄢𑄪𑄝𑄮𑄢𑄴 𑄛𑄨𑄎𑄪𑄟𑄴 𑄝𑄚𑄩,",.রুার পিসেবান
𑄌𑄨𑄎𑄨 𑄃𑄬𑄝𑄧 𑄖𑄧𑄟 𑄥𑄨𑄙𑄪,"ছোট আকারের, ছোট আকারের"
𑄈𑄎𑄳𑄠 𑄘𑄪𑄙𑄨 𑄛𑄨𑄚𑄨।,খাগা দুধ পরিধান করে
𑄎𑄟𑄬𑄃𑄨 𑄎𑄧𑄚𑄨 𑄟𑄧𑄚𑄧𑄖𑄴 𑄛𑄧𑄢𑄬,.মেেটি মনে পে
"𑄜𑄨𑄢𑄬𑄃𑄨 𑄛𑄉𑄬𑄃𑄨 𑄌𑄬𑄠𑄧,",ফিরে ফিরে তাকা
𑄟𑄧𑄚𑄧𑄖𑄴 𑄛𑄧𑄣𑄴𑄣𑄬 𑄇𑄢𑄧𑄖𑄴𑄪𑄚𑄴,মনে পলে কার থেকে
𑄈𑄪𑄏𑄨 𑄦𑄧𑄝𑄧 𑄖𑄬𑄠𑄧।,সে টোকাই হবে
"𑄥𑄟𑄣 𑄃𑄬𑄇𑄴𑄇𑄱 𑄓𑄳𑄟𑄝𑄧𑄁,",সামাল দেওা এক মুঠো
𑄣𑄪𑄇𑄴 𑄇𑄪𑄘𑄪𑄟𑄴𑄝𑄧 𑄓𑄉𑄨 𑄃𑄚𑄨,লুকিে লুকিে আনো
𑄟𑄬𑄣 𑄥𑄚𑄨 𑄈𑄝𑄬𑄝𑄧𑄁।,.ফুলের বিচি খাওাবো
𑄜𑄉𑄮𑄚𑄴,ফাকিঁ
𑄏𑄧𑄇𑄴𑄏𑄧𑄇𑄳𑄠𑄬 𑄜𑄉𑄮𑄚𑄧𑄖𑄴,ঝগাটে ফানুস
"𑄉𑄏𑄬 𑄉𑄏𑄬 𑄜𑄪𑄣𑄴,",গাছে গাছে ফুল
𑄔𑄬𑄣 𑄞𑄧𑄢𑄧𑄚𑄴 𑄃𑄟𑄧 𑄝𑄮𑄣𑄴,এক জাতী আম
𑄌𑄘𑄬 𑄣𑄉𑄬 𑄘𑄮𑄣𑄴।,চাঁদিটা সুন্দর
"𑄳𑄟𑄪𑄎𑄪𑄢𑄨 𑄳𑄟𑄪𑄎𑄪𑄢𑄨 𑄡𑄚𑄴,","লুকোচুরি খেলা যাওা, লুকোচুরি খেলা"
𑄏𑄪𑄐𑄪𑄖𑄴 𑄏𑄪𑄐𑄪𑄖𑄴 𑄏𑄧𑄣𑄴𑄉𑄠𑄴,ঝগাটে ঝগা করলো
𑄘𑄧𑄉𑄨𑄚𑄧 𑄝𑄧𑄠𑄬𑄢𑄚𑄴।,দক্ষিণ পশ্চিম
𑄏𑄨𑄣𑄨𑄇𑄴 𑄟𑄨𑄣𑄨𑄇𑄴 𑄉𑄋𑄧 𑄛𑄚𑄨,ঝগাবহুল নদীর পানি
"𑄝𑄬𑄣𑄧 𑄍𑄧𑄘𑄧𑄇𑄴 𑄛𑄧𑄢𑄨,",সূর্য ডোবার সম
𑄎𑄪𑄚𑄨𑄛𑄪𑄇𑄴 𑄢𑄬𑄘𑄮𑄖𑄴 𑄎𑄧𑄣𑄧𑄚𑄴,জোনাকির আলো
𑄌𑄚𑄧 𑄛𑄳𑄦𑄧𑄢𑄚𑄴 𑄙𑄧𑄢𑄨।,সূর্য ডোবার সম
𑄝𑄬𑄚𑄳𑄠 𑄦𑄧𑄣𑄬 𑄥𑄨𑄢𑄮 𑄛𑄚𑄨𑄠𑄬,বেইন হলে সিরো পানি
"𑄟𑄪𑄇𑄴𑄖𑄧 𑄟𑄣 𑄏𑄧𑄢𑄬,",মুক্ত মালা পে
𑄢𑄬𑄖𑄴𑄮 𑄃𑄬𑄣𑄬 𑄛𑄬𑄉𑄮 𑄉𑄨𑄘𑄬,রাত হলে কুকুর গিেছে
𑄟𑄬𑄠𑄬𑄠𑄴 𑄝𑄪𑄇𑄴 𑄞𑄧𑄢𑄬।,মেেটা বুক ভরা
𑄙𑄪𑄙𑄪𑄇𑄴 𑄝𑄎𑄃𑄨 𑄉𑄝𑄪𑄎𑄳𑄠,ধুধুক বাজানো যুবক
"𑄟𑄮𑄚𑄴 𑄊𑄧𑄢𑄧 𑄃𑄨𑄎𑄮𑄢𑄮𑄖𑄴,","পাহা বািতে, পাহাি বািতে"
𑄔𑄨𑄟𑄴 𑄔𑄨𑄟𑄴 𑄈𑄬𑄁𑄉𑄳𑄢𑄧𑄁,ঢিম ঢিম শব্দ
𑄝𑄎𑄃𑄨 𑄉𑄝𑄪𑄢𑄨 𑄛𑄨𑄎𑄮𑄢𑄧𑄖𑄴।,বাজাই গািে
𑄜𑄪𑄀 𑄜𑄪𑄀 𑄥𑄨𑄋𑄝𑄮𑄘𑄨,ফুঁ ফুঁ সিঙি
"𑄓𑄉𑄬 𑄉𑄝𑄪𑄎𑄳𑄠 𑄉𑄧𑄋𑄴𑄖𑄪𑄣𑄨,",এক জাতী বুনো ফল যা সবজি হিসেবে ব্যবহৃত হ
𑄉𑄝𑄪𑄢𑄨 𑄃𑄨𑄚𑄴𑄘𑄨 𑄇𑄧𑄠𑄴 𑄖𑄢𑄬,লাঠি দিে তাকে বলে
𑄈𑄬𑄁𑄉𑄳𑄢𑄧𑄁𑄋𑄧 𑄥𑄪𑄢𑄴 𑄖𑄪𑄣𑄨।,খেংগোং সুর তুলে
𑄛𑄬𑄚𑄴𑄎𑄪𑄢𑄧 𑄞𑄨𑄘𑄨𑄢𑄬 𑄥𑄧𑄚𑄖𑄴𑄖𑄣𑄨,পাহাের ভিতরে সনাটা
"𑄛𑄨𑄐𑄧 𑄛𑄨𑄐𑄧 𑄥𑄨𑄇𑄴𑄇𑄢𑄬,","একটু একটু করে, একটু একটু করে"
𑄇𑄮𑄃𑄨 𑄚𑄧-𑄛𑄢𑄬 𑄇𑄢𑄧𑄢𑄬।,কাউকে বলতে পারে না
𑄍𑄧𑄘𑄧𑄢𑄧𑄇𑄴,"ছানো ছিটানো, ছত্রভঙ্গ, বিশৃঙ্খল"
𑄦𑄧𑄢𑄧𑄇𑄴𑄈𑄪𑄚 . . . . . . . . . . . . . . . . . . . . . . . . . . . . . . . . . . . . . . . . . . . . . . . . . . 𑄺,".সত্যি,সত্যি,সত্যি"
𑄌𑄣𑄮𑄚𑄴 . . . . . . . . . . . . . . . . . . . . . . . . . . . . . . . . . . . . . . . . . . . . . . . . . . . . . . . 𑄻,".নিঃসঙ্গ, একাকী, একাকী"
𑄈𑄬𑄝𑄢𑄴 𑄃𑄉𑄬 . . . . . . . . . . . . . . . . . . . . . . . . . . . . . . . . . . . . . . . . . . . . . . . . . .𑄼,.খাওার আগে।
𑄌𑄧𑄇𑄴𑄧𑄢𑄴 𑄃𑄳𑄟𑄪𑄪𑄢𑄬 . . . . . . . . . . . . . . . . . . . . . . . . . . . . . . . . . . . . . . . . . . . . . . . . .𑄽,. . . . . . .
𑄞𑄌𑄴 . . . . . . . . . . . . . . . . . . . . . . . . . . . . . . . . . . . . . . . . . . . . . . . . . . . . . . . . .𑄾,".বিস্ম, ঈর্ষা, ঈর্ষা, ঈর্ষা, ঈর্ষা"
𑄟𑄮𑄚𑄧𑄊𑄧𑄢𑄴 . . . . . . . . . . . . . . . . . . . . . . . . . . . . . . . . . . . . . . . . . . . . . . . . . . . . . 𑄿,পাহাি . . . . .
𑄃𑄨𑄎𑄨𑄝𑄨𑄎𑄨 . . . . . . . . . . . . . . . . . . . . . . . . . . . . . . . . . . . . . . . . . . . . . . . . . . . . .𑄷𑄶,"ইচিজি, . . . ."
𑄚𑄧𑄚𑄬𑄠𑄬 𑄢𑄳𑄦𑄧 . . . . . . . . . . . . . . . . . . . . . . . . . . . . . . . . . . . . . . . . . . . . . . . . . . 𑄷𑄷,.নিে যাওা
𑄢𑄚𑄴𑄎𑄪𑄚𑄨 . . . . . . . . . . . . . . . . . . . . . . . . . . . . . . . . . . . . . . . . . . . . . . . . . . . . 𑄷𑄸,রাজপুি . . . . .
𑄇𑄧𑄝𑄡𑄋𑄴 . . . . . . . . . . . . . . . . . . . . . . . . . . . . . . . . . . . . . . . . . . . . . . . . . . . ..𑄷𑄹,কবাগাং . . . . . .
𑄃𑄟𑄴 𑄛𑄘 . . . . . . . . . . . . . . . . . . . . . . . . . . . . . . . . . . . . . . . . . . . . . . . . . . . 𑄷𑄺,.আম পাতা
𑄃𑄬𑄇𑄴 𑄃𑄢𑄨 𑄙𑄚𑄴 . . . . . . . . . . . . . . . . . . . . . . . . . . . . . . . . . . . . . . . . . . . . . . .𑄷𑄻,এক কেজি ধান
𑄦𑄧𑄢𑄧𑄇𑄴𑄈𑄪𑄚𑄴,হৃৎস্পন্দন
𑄣𑄬𑄊𑄢𑄴 𑄦𑄧𑄢𑄧𑄉𑄬 𑄇𑄧𑄘 𑄇𑄧𑄠𑄴,লেখাপা করে কথা বলে
"𑄞𑄏𑄬 𑄎𑄘𑄧𑄢𑄴 𑄛𑄪𑄏𑄮𑄢𑄴 𑄣𑄧𑄠𑄴,",ভে ভে নাও
𑄇𑄧𑄚𑄴 𑄎𑄘𑄧𑄢𑄴 𑄇𑄨 𑄞𑄌𑄴,কোন জাগা কি ভাত
𑄣𑄬𑄊𑄢𑄴 𑄦𑄧𑄢𑄧𑄉𑄬 𑄛𑄪𑄢𑄧𑄠𑄴 𑄃𑄌𑄴।,লেখাপা করে গুছানো
𑄌𑄣𑄮𑄚𑄴,"১. চাল, চাল ২. চাল"
𑄟𑄨𑄓𑄨𑄋 𑄝𑄏𑄧 𑄌𑄣𑄮𑄚𑄚𑄴,মিইনি নদীর বন্যা
"𑄖𑄪𑄌𑄴 𑄛𑄧𑄎𑄨𑄣𑄬 𑄛𑄧𑄢𑄬,",তুচ পতে হ
𑄖𑄧𑄘𑄖𑄴 𑄖𑄧𑄣𑄧 𑄛𑄧𑄢𑄚𑄚𑄴,তার নিচের প্রাণ
𑄘𑄳𑄟𑄪𑄪𑄖𑄴 𑄘𑄳𑄟𑄪𑄪𑄖𑄴 𑄉𑄧𑄢𑄬।,দৌাদৌি
𑄈𑄬𑄝𑄢𑄴 𑄃𑄉𑄬,খাওার আগে
𑄈𑄬𑄝𑄢𑄴 𑄃𑄉𑄬 𑄦𑄖𑄴 𑄙𑄮𑄠𑄴 𑄣𑄧𑄝𑄧𑄁,খাওার আগে হাত ধোা লাগবে
"𑄟𑄧𑄚𑄧𑄖𑄴 𑄝𑄚𑄩 𑄢𑄉𑄬𑄃𑄨,",মনের কামনা পূরণ হ
𑄇𑄎𑄧𑄢𑄴 𑄉𑄧𑄢𑄨 𑄈𑄬𑄘𑄧𑄁 𑄚𑄧𑄠𑄴,নোংরা করে খেেছি না
𑄡𑄬𑄇𑄬𑄴 𑄡𑄨𑄠𑄧𑄖𑄴 𑄈𑄬𑄠𑄴।,যে কোন সম খেে
𑄌𑄧𑄇𑄴𑄧𑄢𑄴 𑄃𑄳𑄟𑄪𑄪𑄢𑄬 𑄝𑄮𑄃𑄨 𑄗𑄃𑄨,চূা বসে থাকে
"𑄜𑄧𑄇𑄴𑄧𑄢𑄴 𑄉𑄧𑄢𑄨 𑄟𑄪-𑄘𑄬𑄉𑄠𑄴,",বেইমানি করে কথা বলে
𑄞𑄌𑄴,"১. ভাগ, অংশ ২. ভাত, ভাত"
𑄡 𑄞𑄌𑄴 𑄖 𑄃𑄌𑄴,"যেখানে সেখানে, যে কোন কিছু"
"𑄚𑄚𑄋𑄴 𑄎𑄘𑄧𑄢𑄴 𑄚𑄚𑄋𑄴 𑄞𑄌𑄴,",নানা ধরনের ভাত
𑄟𑄨𑄣𑄨 𑄦𑄮𑄠𑄬𑄃𑄨 𑄃𑄬𑄇𑄴 𑄥𑄧𑄟𑄎𑄴,মিলেমিশে এক সমাজ
𑄟𑄮𑄚𑄧𑄊𑄧𑄢𑄴,"পাহাি, কবরস্থান, কবরস্থান"
𑄘𑄧𑄉𑄨𑄚𑄴 𑄘𑄮𑄢𑄨 𑄟𑄮𑄚𑄴𑄊𑄧𑄢𑄴,দক্ষিণ দিকে পাহা
"𑄛𑄨𑄝𑄨𑄢𑄴 𑄛𑄨𑄝𑄨𑄢𑄴 𑄝𑄧𑄠𑄬𑄢𑄧𑄖𑄴,",জোরে জোরে বাতাস বেছে
𑄌𑄚𑄖𑄴 𑄑𑄋𑄬𑄃𑄨 𑄘𑄪𑄣𑄮𑄚𑄚𑄴,চাঁদটা তাাতাি পা
𑄌𑄨𑄎𑄨 𑄊𑄪𑄟𑄴 𑄡𑄢𑄴 𑄘𑄪𑄣𑄮𑄚𑄧𑄖𑄴।,এক জাতী ঘুমিে যাওার সম
𑄃𑄨𑄎𑄨𑄝𑄨𑄎𑄨 𑄇𑄧𑄢𑄴𑄟 𑄝𑄨𑄎𑄨,এক জাতী সবজি
"𑄃𑄬𑄃𑄨𑄖𑄴 𑄌𑄧𑄢𑄬 𑄟𑄮𑄌𑄴 𑄌𑄧𑄢𑄬,",এইখানে মলা চে
𑄢𑄎𑄢𑄴 𑄍𑄘𑄨 𑄙𑄧𑄢𑄧𑄢𑄬।,রাজার ছাদি ধর
𑄚𑄧𑄚𑄬𑄠𑄬 𑄢𑄳𑄦𑄧,নািভুি
𑄚𑄧𑄚𑄬𑄠𑄬 𑄚𑄧𑄚𑄬𑄠𑄬 𑄢𑄳𑄦𑄧 𑄉𑄧𑄢𑄨,নাাচাা করে
"𑄚𑄎𑄧𑄁 𑄚𑄎𑄧𑄁 𑄛𑄪𑄚𑄴 𑄉𑄧𑄢𑄨,",".ন্যাকামো করে,ন্যাকামো করে"
𑄌𑄨𑄉𑄮𑄚𑄴 𑄌𑄨𑄎𑄨 𑄓𑄉𑄬𑄢𑄴 𑄖𑄧𑄢𑄬,ছোট ছোট দাঁিে রাখো তোমাকে
𑄢𑄚𑄴𑄎𑄪𑄚𑄨 𑄢𑄚𑄴𑄎𑄪𑄚𑄨,"রংধনু, /n rainbow"
"𑄇𑄢𑄬 𑄖𑄪𑄃𑄨 𑄖𑄧𑄉𑄧𑄢𑄴,",কাকে তুমি খুঁজতেছো
𑄚𑄚𑄋𑄴 𑄝𑄝𑄧𑄘𑄧𑄢𑄴 𑄢𑄧𑄁 𑄙𑄧𑄢𑄨,বিভিন্ন ধরনের রং ধরে
"𑄟𑄮𑄚𑄧𑄊𑄧𑄢𑄧𑄖𑄴 𑄝𑄳𑄦 𑄡𑄋𑄴,",পাহাে বাি যাওা
𑄌𑄇𑄴 𑄚𑄧-𑄈𑄬𑄃𑄨 𑄊𑄨𑄣𑄪𑄇𑄴 𑄈𑄋𑄴,.চাক না খেে ঘিলু খা
𑄟𑄮𑄚𑄧 𑄊𑄧𑄢𑄚𑄴 𑄦𑄝𑄁𑄛𑄋𑄴।,পাহাের বািটা ফাঁকা
"𑄃𑄟𑄴 𑄛𑄘 𑄣𑄧𑄇𑄴𑄈𑄧𑄚𑄴,",আম পাতা লক্ষী
𑄖𑄧𑄢𑄬 𑄟𑄧𑄖𑄬𑄴 𑄇𑄧𑄘𑄧𑄇𑄴𑄈𑄧𑄚𑄴।,তোমার মতো কত ব
"𑄛𑄚𑄨 𑄈𑄬𑄟𑄴 𑄉𑄧𑄣𑄧𑄎𑄧𑄖𑄴,",পানি খেে গলাধঃক
𑄟𑄪𑄃𑄨 𑄗𑄬𑄟𑄴 𑄃𑄉𑄎𑄧𑄖𑄴।,আমি থামবো আগে
𑄃𑄬𑄇𑄴 𑄃𑄢𑄨 𑄙𑄚𑄴,এক কেজি ধান
"𑄃𑄬𑄇𑄴 𑄃𑄢𑄨 𑄙𑄚𑄧𑄖𑄴 𑄘𑄨 𑄃𑄢𑄨 𑄌𑄧𑄝𑄳𑄦,",এক কেজি ধানে এক কেজি চাল
𑄌𑄨𑄎𑄨 𑄚𑄎𑄬𑄢𑄴 𑄖𑄧𑄝𑄳𑄦 𑄖𑄧𑄝𑄳𑄦।,ছোট নািভুি
"𑄃𑄬𑄇𑄴 𑄃𑄢𑄨 𑄙𑄚𑄧𑄢𑄴 𑄘𑄨 𑄃𑄢𑄨 𑄈𑄰,",এক কেজি ধান দিে এক কেজি খ
𑄌𑄨𑄎𑄨 𑄚𑄎𑄬𑄢𑄴 𑄖𑄟𑄴𑄎 𑄌𑄰।,এক জাতী নাচ
𑄃𑄨𑄇𑄴𑄇𑄮 𑄝𑄚𑄴𑄘𑄧𑄢𑄴 𑄃 𑄃𑄨𑄇𑄴𑄇𑄮 𑄌𑄪𑄉𑄧𑄢𑄧𑄢𑄴 𑄈𑄪𑄝𑄴 𑄞𑄝𑄴 𑄃𑄬𑄣𑄧 ।,একটা বানর আর একটা চূার খুব ভাব আছে
𑄥𑄪𑄉𑄧𑄢𑄴𑄝𑄮 𑄃𑄬𑄇𑄴 𑄘𑄨𑄚𑄳𑄠 𑄛𑄨𑄢𑄬 𑄛𑄧𑄣𑄴𑄣𑄧 ।,সুোটা একদিন অসুস্থ হে পলো
𑄝𑄚𑄴𑄘𑄧𑄢𑄴𑄝𑄮 𑄥𑄪𑄉𑄧𑄢𑄴𑄝𑄮𑄢𑄬 𑄛𑄧𑄢𑄨 𑄖𑄘𑄬 𑄘𑄬𑄉𑄨𑄣𑄧 ।,বানরটা বাচ্চাটাকে পতে দেখলে
𑄝𑄚𑄴𑄘𑄧𑄢𑄴𑄝𑄮 𑄇𑄧𑄣𑄧-𑄝𑄧𑄚𑄴 𑄖𑄧𑄢𑄴 𑄇𑄨 𑄦𑄧𑄠𑄬 ।,বানরটা তোমার কি হেছে
𑄥𑄪𑄉𑄧𑄢𑄴𑄝𑄮 𑄇𑄧𑄣𑄧-𑄘𑄨 𑄘𑄨𑄚𑄴 𑄦𑄧𑄣𑄧 𑄛𑄬𑄖𑄴 𑄛𑄨𑄢𑄬 ।,সুোটা কল দিে দিন হলো পেট ব্যথা
𑄝𑄚𑄴𑄘𑄧𑄢𑄴𑄝𑄮 𑄖𑄢𑄬 𑄓𑄇𑄴𑄖𑄧𑄢𑄴 𑄥𑄨𑄠𑄬𑄣𑄴𑄳𑄠 𑄃𑄨𑄘𑄪 𑄚𑄨𑄣𑄧 ।,বানরটা তাকে ডাকতেছে সেটা নিে যাচ্ছে
𑄥𑄨𑄠𑄬𑄣𑄴𑄳𑄠 𑄇𑄧𑄣𑄧-𑄇𑄎𑄧𑄢𑄴 𑄚𑄧𑄦𑄧𑄚𑄬𑄃𑄨 𑄥𑄛𑄴-𑄥𑄛𑄴 𑄉𑄧𑄢𑄨 𑄖 𑄛𑄧𑄢𑄨𑄝𑄧 ।,.সে কল-কাজ না করলে সাপ-শাপ করতে হবে
𑄈𑄬𑄝𑄢𑄴 𑄃𑄉𑄬 𑄦𑄖𑄴 𑄙𑄪𑄠𑄧 𑄛𑄧𑄢𑄨𑄝𑄧 ।,খাওার আগে হাত ধুতে হবে
𑄝𑄚𑄴𑄘𑄧𑄢𑄴𑄝𑄮 𑄘𑄪𑄇𑄴𑄳𑄠 𑄚𑄧𑄇𑄴𑄇𑄪𑄚𑄴 𑄇𑄝 𑄛𑄧𑄢𑄨𑄝𑄧 ।,বানরটা দুঃখার্ত নাকা কাটতে হবে
𑄥𑄪𑄉𑄧𑄢𑄴𑄝𑄮 𑄓𑄇𑄴𑄖𑄧𑄢𑄴 𑄥𑄨𑄠𑄬𑄣𑄴𑄳𑄠 𑄇𑄧𑄙 𑄘𑄧𑄉𑄬 𑄝𑄬𑄇𑄴𑄇𑄚𑄨 𑄉𑄧𑄣𑄴𑄣𑄧 ।,সুোটা ডাক দিে সবগুলো করল
𑄣𑄢𑄬 𑄣𑄢𑄬 𑄉𑄧𑄢𑄨 𑄥𑄪𑄉𑄧𑄢𑄴𑄝𑄮 𑄉𑄧𑄟𑄴 𑄦𑄧𑄃𑄨 𑄃𑄪𑄘𑄨𑄣𑄧 ।,ধীরে ধীরে শুকরটা ভালো হে উঠল
"𑄢𑄧𑄎𑄬𑄠𑄧𑄚𑄴: 𑄃𑄨𑄚𑄴𑄎𑄬𑄛𑄴 𑄌𑄋𑄴𑄟, 𑄥𑄮𑄚𑄟𑄧𑄚𑄨 𑄌𑄋𑄴𑄟, 𑄖𑄪𑄦𑄨𑄚𑄴 𑄌𑄋𑄴𑄟","রেজন:ইনজেপ চাংমা, সোনামনি চাংমা,তুুম চাংমা"
𑄦𑄬𑄎𑄣 𑄘𑄪𑄃𑄧𑄚: 𑄥𑄬𑄞 𑄘𑄳𑄠 𑄌𑄨𑄣 𑄓𑄳𑄢𑄬𑄚 𑄃 𑄃𑄃𑄨𑄢𑄬𑄇 𑄥,হেজালা দুা: সে বাঁশের কুচি দিে ছোট ড্রেনে আছে
𑄖𑄢𑄪𑄟𑄴 𑄃 𑄢𑄚𑄴𑄎𑄪𑄚𑄨 𑄘𑄨 𑄞𑄬𑄃𑄨-𑄞𑄮𑄚𑄴।,তার মা দুই বেই-বোন
𑄖𑄢𑄳𑄦 𑄛𑄮𑄖𑄳𑄠 𑄢𑄘 𑄓𑄉𑄧𑄖𑄴 𑄊𑄪𑄟𑄧𑄖𑄴𑄖𑄪𑄚𑄴 𑄃𑄪𑄘𑄧𑄚𑄴।,.তারা পার সম ঘুম থেকে উঠে
𑄖𑄢𑄳𑄦 𑄊𑄧𑄢𑄧𑄖𑄴 𑄃𑄬𑄇𑄴𑄇𑄱 𑄝𑄪𑄘𑄴𑄙𑄧 𑄟𑄪𑄢𑄴𑄖𑄨 𑄃𑄊𑄬।,তাদের বািতে একটা বুদ্ধ আছে
𑄝𑄬𑄚𑄳𑄠 𑄖𑄢𑄳𑄦 𑄦𑄖𑄴-𑄟𑄪 𑄙𑄧𑄃𑄨 𑄜𑄪𑄣𑄬 𑄛𑄉𑄮𑄢𑄬 𑄃𑄳𑄦,বেইনটা তাদের হাত-পা ফুলিে পে
𑄝𑄬𑄣𑄳𑄠 𑄦𑄧𑄣𑄬 𑄝𑄖𑄴𑄖𑄨𑄣𑄮𑄃𑄨 𑄝𑄪𑄘𑄴𑄙𑄧𑄢𑄬 𑄛𑄪𑄎𑄧𑄚𑄴।,সূর্য ডোবার সম বুদ্ধকে পুজন করা
𑄥𑄬 𑄛𑄧𑄢𑄬𑄘𑄨 𑄖𑄢𑄳𑄦 𑄣𑄬𑄊-𑄛𑄧𑄢𑄳𑄦𑄖𑄴 𑄝𑄧𑄏𑄧𑄚𑄴।,সে পরে তারা লেখা-পা করতেছে
𑄖 𑄟 𑄇𑄟𑄧 𑄥𑄬𑄢𑄴 𑄛𑄬𑄣𑄬 𑄛𑄧𑄌𑄴𑄎𑄧𑄚𑄧 𑄝𑄧𑄃𑄨,তার মা কাজের সম পে পেছে
𑄖𑄢𑄳𑄦 𑄖-𑄟𑄢𑄬 𑄖𑄪𑄇𑄴𑄖𑄇𑄴 𑄇𑄟𑄴 𑄝𑄧𑄣𑄴 𑄘𑄳𑄠𑄧𑄚𑄴।,তারা তাকে অনেক কাজে সাহায্য করে
𑄃𑄧𑄇𑄴𑄖𑄧 𑄦𑄧𑄣𑄬 𑄖𑄢𑄳𑄦 𑄃𑄨𑄌𑄴𑄇𑄪𑄣𑄧𑄖𑄴 𑄡𑄚𑄴 ।,.অতিরিক্ত হলে তারা স্কুলে যা
𑄝𑄬𑄇𑄴𑄇𑄪𑄚𑄬 𑄖𑄢𑄳𑄦𑄢𑄬 𑄇𑄮𑄌𑄴 𑄛𑄳𑄦𑄚𑄴 ।,সবাই তাদেরকে পছন্দ করে
𑄖𑄨𑄚𑄴 𑄥𑄧𑄟𑄎𑄳𑄠𑄬𑄢𑄴 𑄇𑄨𑄖𑄳𑄠𑄬,তিন গ্রামের মানুষ
𑄝𑄬𑄣𑄚𑄴 𑄟𑄬𑄊𑄴𑄇𑄚𑄴 𑄃 𑄟𑄪𑄢𑄧𑄝𑄮𑄢𑄴 𑄈𑄧𑄱𑄎𑄴 𑄛-𑄛𑄨 𑄃𑄬𑄣𑄧 ।,সূর্য ডোবার সম একজন লোক মুখোশ পরে আছে।
𑄃𑄬𑄇𑄴𑄘𑄴𑄘𑄨𑄚𑄨𑄚𑄴𑄚𑄳𑄠 𑄟𑄪𑄢𑄧𑄝𑄧𑄝𑄮 𑄝𑄬𑄣𑄚𑄧𑄢𑄬 𑄃𑄬𑄇𑄴𑄖𑄣𑄴 𑄜𑄪𑄣𑄴 𑄘𑄨𑄠𑄬 ।,একদল লোক বাচ্চাটাকে একটি ফুল দিেছে।
𑄝𑄬𑄣𑄚𑄬 𑄟𑄬𑄊𑄴𑄇𑄚𑄧-𑄃𑄨𑄘𑄪 𑄐𑄬𑄚𑄳𑄠𑄬 𑄜𑄪𑄣𑄪𑄚𑄴 𑄘𑄬𑄉𑄬𑄣𑄧 ।,.বিচ্ছেদের মেঘ-এই ফুলগুলো দেখতেছি।
𑄟𑄬𑄇𑄴𑄇𑄚𑄬 𑄎𑄧𑄝𑄧𑄢𑄴 𑄝𑄬𑄎𑄢𑄴 𑄦𑄧𑄣𑄧 ।,মেেটা খুব খারাপ হেছে
𑄖𑄇𑄨𑄣𑄳𑄠𑄬 𑄟𑄬𑄇𑄴𑄇𑄚𑄬 𑄝𑄬𑄣𑄚𑄧𑄢𑄬 𑄔𑄊𑄨 𑄗𑄧𑄣𑄧 ।,তাকিাতাি আকাশটাকে দেখে রাখল
𑄝𑄬𑄣𑄚𑄬 𑄟𑄪𑄢𑄧𑄝𑄮 𑄇𑄃𑄨 𑄐𑄬𑄭-𑄚𑄧 𑄛𑄣𑄴𑄣𑄴 𑄝𑄬𑄣𑄚𑄴 𑄚𑄧𑄗𑄚𑄃𑄨 𑄟𑄪𑄢𑄮𑄝𑄨𑄖𑄴 𑄜𑄪𑄣𑄴 𑄚𑄧𑄜𑄪𑄘𑄨𑄣𑄇𑄴 ।,সূর্য ডোবার সম পাহাে ফুল ফোটালো
𑄖𑄇𑄨𑄣𑄳𑄠𑄬 𑄟𑄪𑄢𑄧𑄝𑄮 𑄟𑄬𑄇𑄴𑄇𑄚𑄧-𑄃𑄨𑄙𑄪 𑄉𑄬𑄣𑄧 ।,.তাকিে মেেটা এখানে গেল
𑄟𑄪𑄢𑄧𑄝𑄮 𑄟𑄬𑄊𑄴𑄇𑄚𑄧𑄢𑄬 𑄞𑄣𑄪𑄇𑄴𑄇𑄮 𑄜𑄪𑄣𑄴 𑄘𑄨𑄣𑄧 ।,.মেেটা মেঘকে ফুল দিে দিল
𑄟𑄬𑄊𑄴𑄇𑄚𑄬 𑄟𑄪𑄢𑄮𑄝𑄮𑄢𑄬 𑄃𑄢𑄴 𑄔𑄉𑄨 𑄚𑄧-𑄗𑄧-𑄣𑄧 𑄟𑄪𑄢𑄧𑄝𑄮𑄖𑄴 𑄃𑄢𑄧 𑄜𑄪𑄣𑄴 𑄜𑄪𑄖𑄴𑄖𑄮𑄚𑄴 ।,মেঘলা পাহাে পাহাে আর ফুল ফোটে
𑄟𑄪𑄢𑄮𑄝𑄮 𑄟𑄬𑄊𑄴𑄇𑄚𑄴 𑄃𑄢𑄧 𑄝𑄬𑄣𑄚𑄧𑄢𑄴 𑄇𑄮𑄌𑄴𑄛𑄛𑄨 𑄝𑄢𑄨𑄣𑄧 ।,পাহাের মেঘ আর বৃষ্টি আসতেছে
𑄟𑄧 𑄇𑄧𑄙 𑄞𑄌𑄴,আমার কথা ব্যবহৃত শব্দ
𑄃𑄉𑄴 𑄛𑄘,এক জাতী বুনো পাতা
𑄷𑄻,"১. ১. ৩. (দা, ছুরি প্রভৃতির) বাট, বাট ২. (দা, ছুরি প্রভৃতির) বাট"
𑄷𑄼,"১. ২. ১. (কলা প্রভৃতির) কাঁদি, গুচ্ছ"
𑄷𑄽,"১. ২. ৩. (কলা প্রভৃতির) কাঁদি, ৩. (কলা প্রভৃতির) কাঁদি"
𑄷𑄾,"১. ১. আঠারো ২. (দা, ছুরি প্রভৃতির) শাঁস"
𑄷𑄿,"১. ৩. ১. ১. (কলা প্রভৃতির) কাঁদি, ২. (গাছের) কাঁদি"
𑄸𑄸,bdmean
𑄸𑄺,bdmean
𑄸𑄽,১. ২. ২. 27
𑄹𑄶,"১. ৩. ৩. ৩. (কলা প্রভৃতির) স্তুপ, স্তুপ, স্তুপ"
𑄹𑄸,bdmean
𑄹𑄼,bdmean
𑄹𑄿,১. ৩. ৩. ৩. ৩. ৩. ৩. ৩. (কলা প্রভৃতির) কাঁদি
𑄺𑄷,১. ৪. ৪. ৪. ৪. (কলা প্রভৃতির) কাঁদি
𑄺𑄹,১. ৩. ৩. ৩. bdmean
𑄺𑄼,bdmean
𑄛𑄧𑄠𑄴𑄘𑄬 𑄛𑄘 𑄚𑄧𑄟𑄴𑄝𑄧𑄢𑄴,এক জাতী পাতা
𑄢𑄎𑄴𑄛𑄪𑄚𑄳𑄠𑄬𑄦𑄴,রাজপোা
𑄍𑄨𑄉𑄮𑄚𑄴 𑄍𑄧𑄢,ছিঁে ফেলা
𑄢𑄚𑄴𑄎𑄪𑄚𑄨 𑄛𑄢 𑄃𑄬𑄟𑄴 𑄃𑄬𑄣𑄴 𑄃𑄨 𑄛𑄳𑄢𑄃𑄨𑄟𑄢𑄨 𑄃𑄨𑄥𑄴𑄇𑄪𑄣𑄴,রাংচিনি পাা একটা প্রাইমারি স্কুল
𑄌𑄋𑄴𑄟𑄃𑄪𑄚𑄧𑄢𑄴 𑄛𑄪𑄎𑄧 𑄉𑄧𑄢𑄚,চামার পোকা মাানো
𑄏𑄢𑄧𑄖𑄴 𑄦𑄧𑄇𑄴 𑄝𑄨𑄌𑄢𑄴 𑄛𑄚,জঙ্গলে হক বিচার পাওা
𑄥𑄚𑄴𑄖𑄨 𑄌𑄪𑄇𑄴𑄖,এক জাতী শুঁটকি ভর্তা
𑄥𑄟𑄴𑄛𑄢𑄨 𑄝𑄚𑄴𑄙𑄧 𑄘𑄨𑄚𑄴,.সাপারিবাি দিন
𑄎𑄪𑄟𑄴𑄧 𑄜𑄪𑄣𑄴,এক জাতী ফুল
𑄚𑄑𑄧𑄇𑄴,নাটক
𑄃𑄪𑄥𑄴𑄱-𑄛𑄪𑄥𑄴𑄱𑄠𑄴 𑄝𑄬𑄢𑄚,উস্কুখুস্কু ঘুরে বোনো
𑄜𑄮𑄘𑄧 𑄌𑄬𑄃𑄨 𑄃 𑄇𑄧𑄠𑄴,ফোসকা পা আর কেক
𑄦𑄬𑄃𑄨𑄣𑄴 𑄟𑄪𑄢𑄧𑄉𑄪𑄚𑄴,এক জাতী বুনো ফল যা সবজি হিসেবে ব্যবহৃত হ
𑄃𑄟 𑄥𑄙𑄨𑄚𑄴 𑄝𑄋𑄴𑄣 𑄘𑄬𑄥𑄴,আমাদের দলটা বামে দে
𑄝𑄨𑄘𑄴𑄪𑄖𑄴 𑄎𑄮𑄖𑄨 𑄌𑄋𑄴𑄟,বিদাের সম এক জাতী চামা
𑄡𑄨𑄠𑄪𑄚𑄬 𑄇𑄧𑄙 𑄜𑄉𑄧𑄖𑄴 𑄥𑄧𑄟𑄬𑄝𑄇𑄴,.যেগুলো কথা বলে তারা একসাথে থাকে
𑄃𑄧𑄟𑄧𑄢𑄴 𑄙𑄧𑄚𑄴 -𑄃𑄘𑄟𑄳𑄠𑄬,.অমল ধন-আমাদ
𑄛𑄧𑄢𑄚𑄨 𑄝𑄝𑄴-𑄃𑄘𑄟𑄳𑄠𑄬,পিে পে
𑄃𑄧𑄣𑄨 𑄟-𑄃𑄘𑄟𑄧𑄃𑄨𑄘𑄪 𑄟𑄘𑄨 𑄝𑄧𑄣𑄨 𑄛𑄎𑄳𑄠,অলিমা-আবোল তাবোল মাটি বলে
𑄥𑄧𑄖𑄳𑄠𑄧 𑄎𑄨𑄖𑄴-𑄃𑄘𑄟𑄧𑄢𑄴 𑄣𑄧𑄢𑄨𑄠 𑄌𑄧𑄢𑄨𑄠,শতান-গরু-ছাগল চা
𑄇𑄢𑄴𑄝𑄢𑄨-𑄃𑄘𑄟𑄧 𑄓𑄋𑄧𑄢𑄴 𑄟𑄘,এক জাতী ব মাছ
𑄖𑄧𑄚𑄧𑄇𑄳𑄠-𑄇𑄢𑄴𑄝𑄎𑄳𑄠𑄬 𑄃𑄉𑄣𑄨,তনকা-কাঁকার আালি
𑄇𑄧𑄢𑄬𑄚𑄴-𑄢𑄎𑄢𑄴 𑄃𑄉𑄣𑄨,এক জাতী ফল যা সবজি হিসেবে ব্যবহৃত হ
𑄢𑄧𑄚𑄴𑄎𑄧𑄚𑄴-𑄦𑄬𑄓𑄴𑄟𑄬𑄚𑄴,"রংধনু, রংধনু"
𑄛𑄮𑄝𑄨𑄚𑄴𑄌𑄚𑄴 -𑄦𑄬𑄓𑄴𑄟𑄬𑄚𑄴,পিসে- ফুফা
𑄢𑄎-𑄥𑄢𑄴𑄇𑄬𑄣𑄴 𑄉𑄨𑄢𑄮𑄎𑄴,এক জাতী গিরা
𑄛𑄣 - 𑄷,পালা-১
𑄛𑄧𑄢𑄚𑄨 𑄝𑄝𑄬 𑄈𑄨𑄎𑄬𑄈𑄨𑄎𑄳𑄠𑄬 𑄉𑄧𑄢𑄨 𑄃𑄬𑄇𑄴 𑄎𑄧𑄚𑄧 𑄃𑄪𑄘𑄧𑄚𑄧𑄚𑄴𑄘𑄨 𑄦𑄘𑄨 𑄡𑄢𑄴 ।,পিে যাওার জন্য এক লোক রাস্তা দিে হেঁটে যাচ্ছে
𑄖𑄢𑄬 𑄘𑄬𑄊𑄨 𑄥𑄬 𑄊𑄧𑄢𑄧𑄉𑄨𑄢𑄨𑄝𑄱 𑄛𑄪𑄎𑄧𑄢𑄴,তাকে দেখে সেই বািটা পুিেছে
"𑄉𑄧𑄢𑄨𑄝𑄧 , 𑄏𑄬𑄢𑄬 𑄖 𑄃𑄪𑄘𑄧𑄚𑄧𑄖𑄴 𑄇𑄧𑄙 𑄇𑄧𑄝𑄇𑄴 ।","গরিব, গরীবকে তার সামনে কথা বলে"
𑄖𑄢 𑄇𑄧𑄙 𑄥𑄪𑄚𑄨 𑄃𑄳𑄦 𑄘𑄨𑄎𑄧𑄚𑄴 𑄃𑄘𑄟𑄳𑄠𑄬 𑄇𑄧𑄙 𑄇𑄧𑄚 𑄛𑄉𑄧𑄖𑄴 𑄥𑄧𑄟𑄬𑄝𑄉𑄴,তাদের কথা শুনে দুই গ্রামের লোক কথা বলতেছে
𑄃𑄧𑄟𑄧𑄟𑄧𑄢𑄧𑄢𑄴 𑄙𑄧𑄚𑄧𑄚𑄴:𑄴: 𑄛𑄧𑄢𑄚𑄨 𑄝𑄝𑄴 𑄞𑄬𑄭 𑄃𑄬𑄘𑄧𑄇𑄴 𑄈𑄨𑄎𑄬𑄈𑄨𑄎𑄳𑄠𑄬 𑄉𑄧𑄢𑄨 𑄇𑄪𑄘𑄪 𑄡𑄧𑄢𑄴 ?,অনেক ধন: পার বািটা বোই করে কোথা যাচ্ছে
𑄇𑄨 𑄃𑄬𑄘𑄧𑄇𑄴 𑄈𑄨𑄎𑄬𑄈𑄨𑄎𑄳𑄠𑄬 𑄤𑄧 ?,কী এত ঝগা করছে ও
𑄛𑄧𑄢𑄧𑄢𑄚𑄨 𑄝𑄛𑄴:𑄴: 𑄖𑄪𑄃𑄨 𑄊𑄧𑄢𑄧𑄖𑄴 𑄃𑄉𑄧𑄌𑄴𑄌𑄬𑄚𑄬 ?,পরকীা বাবা: তুমি বািতে আছো?
𑄖𑄪𑄃𑄨 𑄇𑄮𑄭 𑄚𑄧 𑄛𑄢𑄧𑄎𑄴 𑄃𑄬𑄎𑄬𑄖𑄴𑄬 𑄜𑄉𑄧𑄚𑄴 𑄟𑄎𑄧 𑄷𑄽 𑄖𑄢𑄨𑄈𑄴 𑄢𑄎𑄴,তুমি বলতে পারতেছো না বলে লাফ দিে ১৭ তারিখে চলে যাও
"𑄛𑄪𑄚𑄳𑄠𑄬𑄦, 𑄇𑄇𑄴𑄇 𑄇𑄢𑄴𑄝𑄎𑄳𑄠 𑄊𑄧𑄢𑄧𑄖𑄴 𑄡𑄋𑄧𑄢𑄴 ।",".পুেছে,কাকা কাটার বািতে যাচ্ছি"
𑄃𑄧𑄟𑄧𑄟𑄧𑄢𑄧𑄢𑄴 𑄙𑄧𑄚𑄧𑄚𑄴:𑄴: 𑄃𑄳𑄦 𑄥𑄬𑄖𑄴𑄳𑄠𑄬𑄭 ।,এত ব ধন: এত বেশি
𑄉𑄬𑄣𑄴𑄬 𑄛𑄧𑄢𑄴𑄥𑄪 𑄇𑄢𑄴𑄝𑄎𑄳𑄠 𑄚𑄚𑄪 𑄟𑄧𑄢𑄬 𑄇𑄪𑄠𑄬 ।,গত বছর পর্যাে পাহাের পর আমার মা আমাকে কুিেছে
"𑄢𑄎𑄴 𑄛𑄪𑄚𑄳𑄠𑄬𑄦𑄴 𑄃𑄬𑄎𑄬𑄢𑄴 , 𑄃𑄘𑄟𑄳𑄠𑄃𑄪𑄚𑄴","রাজপুা আসতেছে, গ্রামের মানুষ"
𑄟𑄨𑄣𑄨𑄚𑄬𑄭 𑄖𑄬𑄟𑄴𑄟𑄋𑄧𑄖𑄴 𑄝𑄧𑄎 𑄛𑄧𑄢𑄨𑄝𑄧।,মিলেমিশে থাকতে হবে
𑄛𑄧𑄢𑄧𑄢𑄚𑄨 𑄝𑄝𑄴:𑄴: 𑄉𑄧𑄟𑄴 𑄦𑄧𑄝𑄧𑄘𑄧 ।,পরকীার বাঁশ: ভালো হবে
𑄥𑄣𑄬 𑄃𑄧𑄣𑄨𑄟 𑄃𑄳𑄦 𑄥𑄧𑄖𑄳𑄠𑄧𑄎𑄨𑄘𑄧𑄢𑄬 𑄣𑄧𑄚𑄬𑄭 𑄇𑄢𑄴𑄝𑄎𑄳𑄠 𑄊𑄧𑄢𑄧𑄖𑄴 𑄡𑄋𑄴 ।,.এলিমা আর শতানের সাথে কার্বাজার বািতে যাওা
𑄤𑄧𑄦𑄴 𑄥𑄧𑄖𑄳𑄠𑄧 𑄎𑄨𑄘𑄴 𑄇𑄪𑄘𑄪 𑄉𑄬𑄣 ?,.ওই সম কোথা গেল?
𑄡𑄬𑄭 𑄇𑄢𑄴𑄝𑄎𑄳𑄠 𑄊𑄧𑄢𑄧𑄖𑄴 ।,যে কার্বাজা বািতে
(𑄚𑄎𑄧 𑄈𑄧𑄣𑄘𑄴 𑄃𑄬𑄇𑄴𑄎𑄧𑄚𑄴 𑄟𑄨𑄣 𑄃 𑄃𑄬𑄇𑄴𑄎𑄧𑄚𑄴 𑄟𑄧𑄢𑄧𑄘𑄧𑄢𑄴 𑄃𑄨𑄀 𑄃𑄨𑄀 𑄢𑄧 𑄥𑄪𑄚 𑄡𑄬𑄝𑄧 ।,.ন্যাকামো করার সম এক মহিলা আর একজন পুরুষের এই কথাটা শোনা যাবে।
𑄃𑄬𑄋𑄬𑄢𑄨 𑄖𑄢 𑄚𑄎𑄧 𑄈𑄧𑄣𑄖𑄴𑄪𑄚𑄴,এক জাতী নাচ করতেছে
𑄛𑄣-𑄸,পালা ২
(𑄇𑄢𑄴𑄝𑄎𑄳𑄠 𑄊𑄧𑄢𑄧𑄖𑄴 𑄝𑄪𑄎𑄧𑄚𑄨 𑄈𑄧𑄣 ।,বেতের বািে বুো খাতা
"𑄛𑄧𑄦𑄴𑄢𑄴 𑄌𑄚𑄴 𑄇𑄢𑄴𑄝𑄢𑄨 𑄌𑄬𑄠𑄢𑄧𑄖𑄴 𑄝𑄮𑄭 𑄛𑄪𑄢𑄧𑄚𑄴 𑄜𑄃𑄨𑄣𑄴 , 𑄇𑄉𑄧𑄎𑄴 𑄣𑄢𑄌𑄢","ভোরের আলো ফোটার সম বই পার জাগা বই পেছে, কাগজ নাাচা করছে"
𑄉𑄧𑄢𑄨𑄝𑄧 ।,গরিব
𑄑𑄧𑄚𑄧𑄇𑄳𑄠 𑄇𑄢𑄴𑄝𑄎𑄳𑄠𑄢𑄴 𑄃𑄘𑄣𑄨 ।,এক জাতী বুনো ফল যা সবজি হিসেবে ব্যবহৃত হ
𑄦𑄬𑄚𑄴 𑄃𑄧𑄇𑄴𑄖𑄧𑄘𑄴 𑄌𑄬𑄢𑄴 𑄎𑄧𑄚𑄴 𑄟𑄚𑄳𑄠𑄬 𑄝𑄪𑄎𑄧𑄚𑄨 𑄈𑄧𑄣𑄖𑄴 𑄃𑄬𑄝𑄇𑄴 ),সে কত ব জন মানুষ বুজিে আসবে
𑄃𑄧𑄣𑄧𑄣𑄨𑄟𑄨𑄟: 𑄇𑄢𑄴𑄝𑄎𑄳𑄠𑄬 𑄚𑄚𑄪 𑄎𑄫 𑄎𑄫 𑄇𑄬𑄎𑄚𑄴 𑄃𑄉𑄧𑄥𑄴 ?,অললিমিমা: কারবে নানু ব ব কে জানে?
"𑄢𑄎𑄴𑄛𑄪𑄚𑄳𑄠𑄬𑄦𑄴 𑄛𑄧𑄃𑄨𑄘𑄚𑄬 𑄚𑄇𑄨 𑄇𑄧𑄙 𑄌𑄣𑄌𑄣𑄨 𑄦𑄧𑄢𑄴, 𑄥𑄬𑄖𑄴𑄬","রাজপুে পতে নাকি কথা চালা, সেজন্য"
𑄇𑄢𑄴𑄝𑄴𑄝𑄎𑄳𑄠𑄬 : 𑄑𑄧𑄚𑄧𑄇𑄳𑄠 !,কার্পা: টনক
𑄛𑄘𑄨 𑄝𑄨𑄎𑄬𑄃𑄨 𑄘𑄬।,মাদুরটি বিছিে দেওা
𑄖𑄪𑄟𑄨 𑄃𑄬𑄚𑄬𑄭 𑄡𑄧𑄘𑄧𑄝𑄧𑄘𑄬 𑄉𑄧𑄟𑄴 𑄉𑄧𑄥𑄴𑄥𑄮 ।,তুমি আসলেই অনেক ভালো করো
𑄖𑄧𑄟𑄢𑄬,তোমাদেরকে
𑄃𑄬𑄘𑄧𑄇𑄴𑄈𑄧𑄚𑄴 𑄟𑄧𑄚𑄧𑄖𑄴 𑄖𑄪𑄣𑄧𑄋𑄧𑄖𑄴𑄖𑄬।,এত ব দুশ্চিন্তা করতেছি
𑄃𑄬𑄎𑄧 𑄛𑄘𑄨𑄝𑄧𑄖𑄴 𑄝𑄧𑄎𑄧𑄉𑄨 𑄙𑄧𑄚𑄴 ।,এত পাতের মধ্যে ব ধন
𑄃𑄧𑄣𑄧𑄣𑄨𑄟𑄨𑄟: 𑄃𑄟𑄢𑄴 𑄇𑄨 𑄇𑄧𑄚𑄧 𑄇𑄟𑄴 𑄃𑄊𑄬 𑄇𑄢𑄴𑄝𑄎𑄳𑄠 𑄚𑄚𑄪 ?,অললিমিমা: আমার কি কোনো কাজ আছে?
𑄇𑄨 𑄇𑄨 𑄇𑄟𑄴𑄉𑄧𑄢 𑄛𑄪𑄢𑄨𑄝𑄧 𑄈𑄪𑄣𑄨 𑄇𑄧𑄣𑄬 𑄉𑄧𑄟𑄴 𑄦𑄧𑄝𑄧 ?,কি কি কাজ শেষ করলে ভালো হবে?
𑄥𑄧𑄖𑄧𑄖𑄳𑄠𑄧 𑄎𑄨𑄖𑄨𑄖𑄴:𑄴: 𑄃𑄨𑄀 !,সত্য জিতে গেছে: তাই!
𑄃𑄨𑄀 !,"হ্যাঁ, জ্বি"
𑄡𑄧𑄘𑄧𑄝𑄧𑄘𑄬 𑄉𑄧𑄟𑄴 𑄦𑄧𑄝𑄧 ।,যখন তখন ভালো হবে
𑄃𑄧𑄟𑄧𑄟𑄧𑄢𑄧𑄢𑄴𑄙𑄴𑄙𑄧𑄚𑄧𑄚𑄴:𑄴: 𑄃𑄨𑄀!,এত ব ব জিনিস: এটা
𑄦𑄧𑄠𑄴𑄘𑄧 𑄉𑄧𑄟𑄴 𑄦𑄧𑄝𑄧 ।,হা ভালো হবে
𑄢𑄌𑄴𑄛𑄪𑄚𑄴𑄬𑄖𑄴 𑄇𑄨 𑄇𑄨 𑄉𑄧𑄢 𑄛𑄧𑄢𑄨𑄝𑄧 𑄃𑄬𑄇𑄴𑄈𑄚 𑄝𑄪𑄏𑄬𑄃𑄨 𑄇𑄧𑄣𑄬 𑄉𑄧𑄟𑄴 𑄦𑄧𑄝𑄧 ।,রাতে কি কি করতে হবে একটা বুঝে বললে ভালো হবে
𑄛𑄳𑄦𑄧𑄢𑄴 𑄌𑄚𑄴 𑄇𑄢𑄴𑄝𑄴𑄝𑄢𑄨:𑄨: 𑄦𑄧𑄠𑄴 !,ভোরের আলো হওার সম:হ্যাঁ
𑄦𑄧𑄠𑄴 !,"হ্যাঁ, জ্বি"
𑄦𑄬𑄓𑄴𑄟𑄬𑄚𑄳𑄠𑄬𑄘𑄉𑄨 𑄃𑄘𑄟𑄳𑄠𑄬𑄃𑄪𑄚𑄧𑄖𑄴𑄪𑄚𑄴 𑄞𑄪𑄃𑄨 𑄃 𑄟𑄪𑄢𑄧 𑄈𑄎𑄚 𑄖𑄪𑄣𑄨𑄝𑄇𑄴 ।,পাহাের পাশের গ্রামগুলো থেকে ভুিটা তুলে নিব
𑄃𑄬,bdmean
𑄇𑄟𑄧𑄖𑄴 𑄇𑄢𑄴𑄝𑄢𑄨𑄃𑄪𑄚𑄬 𑄃𑄬𑄎𑄣𑄴 𑄘𑄨𑄝𑄇𑄴 ।,কাজে কর্মে সাহায্য করলো সে
𑄛𑄪𑄢𑄴 𑄟𑄧𑄎𑄨𑄟𑄴 𑄦𑄬𑄓𑄴𑄟𑄬𑄚𑄪𑄚𑄬 𑄃𑄪𑄌𑄴𑄌𑄧-𑄛𑄪𑄥𑄴𑄥𑄱𑄠𑄴 𑄢𑄎𑄢𑄬 𑄈𑄎𑄚,.পুরাতন মেেরা আর নতুন ছেলেরা মিলে রাজাকে খাওানো
𑄉𑄧𑄎𑄬𑄃𑄨 𑄘𑄬𑄚 𑄃𑄧𑄚𑄪𑄥𑄴𑄖𑄚𑄴 𑄦𑄧𑄣𑄧𑄘𑄬 𑄢𑄎𑄴𑄛𑄪𑄚𑄳𑄠𑄬 ।,গজে দোর সম হলো রাজপুা
𑄃𑄬 𑄃𑄧𑄇𑄴𑄖𑄧𑄘𑄴 𑄢𑄎𑄢𑄬 𑄟𑄚𑄴𑄎𑄳𑄠𑄬 𑄚𑄚𑄝𑄝𑄧𑄖𑄳𑄠 𑄞𑄬𑄘𑄴 𑄘𑄨𑄝𑄇𑄴 ।,এই অধম রাজাকে মাচাে ভ দে
𑄃𑄧𑄣𑄧𑄣𑄨𑄟𑄨𑄟: 𑄃𑄨𑄇𑄴𑄈𑄨𑄚𑄬 𑄇𑄟𑄚𑄨 𑄞𑄉𑄴 𑄉𑄧𑄢𑄴𑄣𑄬 𑄇𑄬𑄎𑄚𑄴 𑄦𑄧𑄠𑄴 ?,অললিমিমা: এখন কাজ ভাগ করলে কেমন হ
𑄛𑄳𑄦𑄧𑄢𑄳𑄦𑄧𑄢𑄴 𑄌𑄚𑄴 𑄇𑄢𑄴𑄝𑄴𑄝𑄢𑄨 : 𑄢𑄎𑄴𑄛𑄪𑄚𑄳𑄠𑄬𑄦𑄴 𑄃𑄬𑄎𑄧𑄋𑄴 𑄃𑄬𑄎𑄧𑄋𑄴 !,রাতের আলো আঁধারি: রাজপোাগুলো আসতেছে
𑄃𑄬𑄎𑄬𑄖𑄳𑄠𑄬 𑄇𑄧𑄠𑄬𑄇𑄴 𑄘𑄨𑄚𑄧 𑄞𑄨𑄘𑄨𑄢𑄬 𑄦𑄬𑄓𑄴𑄟𑄬𑄚𑄪𑄚𑄬,এত ব কদিন বেঁচে থাকবে
𑄈𑄎𑄚 𑄖𑄪𑄣𑄨𑄝𑄇𑄴 ।,.খাওা তোলা
𑄃𑄨𑄠𑄚𑄴 𑄝𑄬𑄇𑄴𑄇𑄪𑄚𑄧𑄢𑄬 𑄥𑄟𑄎𑄢𑄴 𑄘𑄮𑄉𑄧𑄃𑄨 ।,এগুলো সবাইকে গোসল করতে দাও
𑄥𑄬 𑄘𑄨𑄚𑄳𑄠𑄬 𑄃𑄟𑄨 𑄔𑄪𑄣𑄴 𑄝𑄎𑄴𑄬 𑄝𑄎𑄴𑄬𑄃𑄨 𑄏𑄉𑄬 𑄏𑄉𑄴,সে দিনে আমরা ঢুলে ঢুলি
𑄢𑄎𑄴𑄛𑄪𑄚𑄳𑄠𑄬𑄖𑄴 𑄡𑄬𑄝𑄧𑄋𑄴 ।,রাজপুে যাবে
𑄃𑄨𑄌𑄴𑄍 𑄃𑄨𑄠𑄧𑄖𑄴 𑄗𑄪𑄟𑄴 𑄦𑄧𑄣𑄧 ।,ইচ্ছা এখানে শেষ হলো
𑄛𑄣-𑄹,পালা-৩
(𑄢𑄎𑄴𑄊𑄧𑄢𑄧 𑄈𑄧𑄣 ।,রাজবাির খুটি
𑄝𑄬𑄇𑄴 𑄥𑄎𑄧𑄋𑄴 𑄥𑄎𑄧𑄋𑄴 ।,সব গুছানো
𑄢𑄎 𑄥𑄨𑄋𑄴𑄦𑄥𑄧𑄚𑄧𑄖𑄴 𑄝𑄧𑄎𑄨𑄚𑄬𑄃𑄨 𑄃𑄉𑄬 ।,রাজা সেখানে বসে আছেন
𑄃𑄬𑄇𑄴𑄎𑄧𑄚𑄴 𑄃𑄬𑄇𑄴𑄎𑄧𑄚𑄴 𑄉𑄧𑄢𑄨 𑄸,একজন একজন করে
𑄎𑄧𑄚𑄴 𑄦𑄬𑄓𑄴𑄟𑄬𑄚𑄴 𑄢𑄧𑄋𑄴𑄉𑄧𑄈𑄧𑄣 𑄌𑄬𑄠𑄢𑄧𑄖𑄴 𑄝𑄧𑄏𑄨𑄝𑄇 ।,মানুষরা সবুজ মাঠে বসে আছে
𑄖 𑄏𑄬𑄢𑄬 𑄸 𑄎𑄧𑄚𑄴 𑄢𑄧𑄋𑄴𑄉𑄧𑄈𑄧𑄣𑄖𑄴 𑄃𑄬𑄝𑄇𑄴 ।,তার মেয়েকে ২ জন রঙ্গশালায় আনবে
𑄃𑄬𑄇𑄴 𑄎𑄧𑄚𑄬,এক জনে
𑄢𑄎𑄢𑄬 𑄜𑄪𑄣𑄴 𑄍𑄧𑄢 𑄛𑄨𑄚𑄬𑄭 𑄘𑄨𑄝𑄧)।,রাজারে ফুলের মালা পে দিবে
𑄢𑄎: 𑄇𑄧𑄃𑄨 𑄖𑄪𑄟𑄨 𑄇𑄪𑄘𑄪 𑄉𑄬𑄣 ?,রাজা: তোমরা কোথা গেল?
𑄃𑄧𑄚𑄪𑄥𑄴𑄖𑄚𑄴 𑄜𑄋𑄴 𑄣𑄧𑄝𑄢𑄴 𑄃𑄧𑄇𑄴𑄖𑄧 𑄃𑄪𑄠𑄴𑄠𑄬 ?,.আসার সম লাফিে লাফিে কেন যাচ্ছ?
(𑄃𑄬𑄇𑄴 𑄎𑄧𑄚𑄴 𑄢𑄎𑄴 𑄊𑄧𑄢𑄧 𑄇𑄟𑄴𑄟𑄮 𑄘𑄝 𑄃𑄬𑄚𑄬𑄃𑄨 𑄛𑄪𑄎𑄧𑄢𑄴 𑄉𑄧𑄢𑄨𑄝𑄧--------),এক জন রাজ বাির কাজ হুক্কা দিেপুে গরিব হেছে-
𑄇𑄧𑄬𑄧𑄢𑄬𑄚𑄴:𑄴: 𑄇𑄧𑄖𑄴𑄖 !,বেতের ঝুি
𑄟𑄧𑄢𑄬 𑄓𑄉𑄧𑄢𑄴 𑄚𑄦𑄨 ?,আমাকে ডাক্তার দাও?
𑄢𑄎: 𑄌𑄬𑄠𑄢𑄚𑄨 𑄞𑄬𑄃𑄨𑄣𑄴 𑄉𑄧𑄢𑄴 ।,রাজা: চোরগুলো ভো করো
𑄃𑄨𑄇𑄴𑄈𑄪𑄚𑄪 𑄉𑄧𑄢𑄴𑄝 𑄃𑄬𑄝𑄇𑄴 ।,এক জাতী অতিথি পাখি
(𑄦𑄬𑄚𑄴 𑄃𑄧𑄇𑄴𑄖𑄧𑄖𑄴 𑄘𑄨 𑄎𑄧𑄚𑄴 𑄦𑄬𑄓𑄴𑄟𑄬𑄚𑄴 𑄢𑄧𑄋𑄴𑄉𑄧𑄈𑄧𑄣𑄖𑄴 𑄃𑄬𑄚𑄬𑄃𑄨 𑄌𑄬𑄠𑄢𑄧𑄖𑄴 𑄝𑄧𑄝𑄇𑄴),.সে মাটিতে দুই জন মাথা রেখে চে আছে।
𑄢𑄧𑄚𑄧𑄚𑄴𑄎𑄴𑄎𑄧𑄚𑄧𑄚𑄴 𑄃: 𑄛𑄮𑄝𑄨𑄚𑄴 𑄌𑄚𑄴 : 𑄎𑄫 𑄎𑄪 𑄇𑄧𑄖𑄴𑄖 𑄝𑄝𑄪 ।,"রণাঙ্গনটা হচ্ছে পোবিে দেখার মতো,যেটা জুজু বাবু"
𑄎𑄫 𑄎𑄪 𑄇𑄧𑄖𑄴𑄖 𑄝𑄝𑄪 ।,এক জাতী বানর
(𑄛𑄧𑄖𑄴𑄗𑄧𑄟𑄴 𑄃 𑄘𑄨𑄖𑄨𑄠𑄧 𑄦𑄬𑄓𑄴𑄟𑄬𑄚𑄪𑄚𑄬 𑄖 𑄏𑄬𑄢𑄬𑄖𑄬 𑄦𑄘𑄪 𑄞𑄋𑄨 𑄝𑄧𑄏𑄨 𑄢𑄎𑄢𑄬 𑄈𑄎𑄚 𑄉𑄧𑄎𑄬𑄝𑄇𑄴 ।,.পজ্জোন তো পাহাে পাহাে রাজার খাগা বানাবে
𑄢𑄎,রাজা
𑄘𑄨𑄎𑄧𑄚𑄧𑄢𑄬 𑄌𑄬𑄠𑄢𑄧𑄖𑄴 𑄝𑄧𑄝𑄢𑄴𑄖𑄬 𑄇𑄧𑄝𑄧 ),দুইজনকে চূা বসাও
𑄢𑄎: 𑄃𑄨𑄥𑄴𑄳𑄠𑄬 𑄢𑄌𑄴𑄛𑄪𑄚𑄳𑄠𑄬𑄦𑄴 ।,রাজা: ইনি রাজপোা
𑄃𑄨𑄠𑄚𑄴 𑄝𑄚 𑄖𑄬𑄟𑄴𑄟𑄁 𑄚𑄧𑄠𑄴 ।,এগুলো শুধু তেমাং না
𑄃𑄨𑄠𑄚𑄴 𑄖𑄧𑄟𑄢𑄴 𑄟𑄧𑄢𑄴 𑄃 𑄝𑄬𑄇𑄴𑄈𑄨𑄚𑄧𑄢𑄴 𑄥𑄳𑄢𑄧𑄘𑄴𑄙,এগুলো তোমাদের সবার জন্য আশীর্বাদ
𑄘𑄬𑄊𑄚 𑄇𑄟𑄴 ।,এক জাতী কাজ
𑄖𑄢𑄬 𑄖𑄬 𑄇𑄮𑄌𑄴 𑄛𑄚𑄚𑄨 𑄘𑄬𑄚 𑄃 𑄣𑄧𑄚 ।,তাকে কাপ পাওা দাওা আছে
𑄃𑄬𑄇𑄴𑄎𑄧𑄚𑄴 𑄃 𑄃𑄬𑄇𑄴𑄎𑄧𑄚𑄧𑄢𑄬 𑄞𑄬𑄠𑄬𑄣𑄨 𑄞𑄝𑄴 ।,একজন অন্যজনকে বিাল বলে
𑄥𑄨𑄠𑄚𑄴,"সেটি, সেটি"
𑄃𑄟 𑄏𑄬𑄢𑄴𑄝𑄱 𑄛𑄱-𑄏𑄨𑄃𑄪𑄚𑄬 𑄝𑄪𑄏𑄨 𑄛𑄢𑄨𑄝𑄇𑄴 ।,আমাদের জাগা ছেলে-মেয়েরা বুঝতে পারবে
𑄃𑄬𑄇𑄴𑄎𑄧𑄚𑄬 𑄃𑄢𑄧 𑄃𑄬𑄇𑄴𑄎𑄧𑄚𑄧𑄢𑄬 𑄇𑄮𑄌𑄴 𑄛𑄛𑄨 𑄉𑄧𑄢𑄨𑄝𑄇𑄴 ।,একজন অন্যজনকে চাচাা করে
𑄘𑄨𑄚𑄪𑄚𑄴 𑄦𑄬𑄚𑄴 𑄉𑄧𑄢𑄨 𑄝𑄨𑄘𑄨 𑄡𑄬𑄝𑄇𑄴 ।,সারাদিন রাত করে কেটে যাবে
𑄖𑄧𑄟 𑄝𑄬𑄇𑄴𑄇𑄪𑄚𑄧𑄢𑄬 𑄛𑄖𑄴𑄗𑄪𑄢𑄪𑄖𑄪𑄢𑄪 𑄉𑄧𑄢𑄧𑄋𑄧𑄢𑄴 ।,তোমাদের সবাইকে দৌাদৌি করতেছি
𑄡𑄧 𑄖𑄪𑄟𑄨 𑄟𑄧𑄚𑄴-𑄛𑄧𑄢𑄚𑄴 𑄈𑄪𑄣𑄨,যখন তুমি মন পা বন্ধ করো
𑄡𑄬𑄃𑄨 𑄦𑄬𑄓𑄴𑄟𑄬𑄚𑄳𑄠 𑄘𑄊𑄨 ।,যে ডালটা দািে আছে
𑄃𑄬𑄇𑄴𑄇𑄚 𑄎𑄨𑄢𑄬𑄃𑄨),একটু একটু করে
𑄦𑄧𑄇𑄴 𑄃𑄪𑄖𑄪𑄖𑄴𑄖𑄴𑄖𑄧𑄢𑄧𑄢𑄧𑄢𑄧𑄢𑄴 𑄑𑄨𑄇𑄨𑄇𑄴 ( )𑄟𑄎𑄢 𑄘𑄨𑄃𑄨𑄃𑄨 ।,হক উতুত করে টোকা দিে
𑄷 ।,"১,১"
𑄢𑄎𑄴𑄛𑄪𑄚𑄳𑄠𑄬𑄦𑄴 𑄇𑄨 ?,রাজপুে কি?
𑄇 ।,১. কাঁটা ২. কাঁটা
𑄢𑄎𑄴𑄊𑄧𑄢𑄴 𑄈 ।,রাজঘর খাওা
𑄎𑄉𑄢𑄴 𑄚𑄋𑄴,"জাগা, ক্ষেত্র"
𑄉 ।,bdmean
𑄢𑄎 𑄃𑄨𑄘𑄪 𑄈𑄎𑄚 𑄘𑄨𑄝𑄢𑄴 𑄖𑄬𑄟𑄴𑄟𑄋𑄴 𑄊 ।,রাজা এখানে খাসি দো দিচ্ছে
𑄃𑄘𑄟𑄳𑄠 𑄛𑄢𑄣𑄳𑄠 𑄖𑄬𑄟𑄴𑄟𑄋𑄴,গ্রামের পাা তেমারা
𑄸 ।,"১, ২"
𑄢𑄎𑄴𑄛𑄪𑄚𑄳𑄠𑄬𑄦𑄴 𑄇𑄪𑄘𑄪 𑄦𑄧𑄠𑄬 ?,রাজপুিটা কোথা হ
𑄇।,bdmean
𑄢𑄎𑄴 𑄊𑄧𑄢𑄧𑄖𑄴 𑄈।,রাজবািতে খাওা
𑄇𑄢𑄴𑄝𑄢𑄨 𑄊𑄧𑄢𑄧𑄖𑄴,তরকারির বািতে
𑄉।,bdmean
𑄛𑄧𑄦𑄴𑄢𑄴 𑄌𑄚𑄴 𑄊।,ভোরের আলো
𑄃𑄧𑄣𑄨𑄟 𑄊𑄧𑄢𑄧𑄖𑄴,.অলিমা বািতে
𑄹 ।,"৩,৩"
𑄇𑄧𑄢𑄬𑄚𑄴,"১. কাজ, কাজ ২. কাজ"
𑄛𑄧𑄢𑄚𑄨 𑄝𑄝𑄴 𑄊 ।,পিে যাওার গর্ত
"𑄃𑄨𑄠𑄚𑄴 𑄝𑄚 𑄇𑄬𑄟𑄴𑄟𑄋𑄴 𑄚𑄧𑄠𑄴, 𑄃𑄨𑄠𑄚𑄴 𑄦𑄧𑄣𑄧𑄘𑄬 𑄥𑄳𑄢𑄘𑄴𑄙 𑄣𑄬𑄊𑄚 𑄇𑄟 𑄃𑄬 𑄇𑄧𑄙𑄚𑄴 𑄇𑄧𑄚𑄴𑄚 𑄇𑄧𑄠𑄧𑄠𑄬 ?","এইটা শুধু কেমার না,এইটা হলো পাথর কাটার কাজ কে জানে"
𑄢𑄎 𑄈।,"এক জাতী বুনো ফল, যা সবজি হিসেবে ব্যবহৃত হ"
𑄛𑄧𑄦𑄴𑄢𑄴 𑄌𑄚𑄴,ভোরের আলো
𑄇𑄧𑄢𑄬𑄚𑄴 𑄊।,১. এক জাতী ঘাস ২. এক জাতী ঘাস
𑄇𑄢𑄴𑄝𑄢𑄨,এক জাতী বুনো ফল যা সবজি হিসেবে ব্যবহৃত হ
𑄃𑄟𑄢𑄴 𑄇𑄨 𑄇𑄨 𑄇𑄟𑄴 𑄃𑄉𑄬 - 𑄃𑄬 𑄇𑄧𑄙𑄚𑄴 𑄇𑄧𑄚𑄴𑄚 𑄇𑄧𑄠𑄴𑄠𑄬 ?,আমার কি কি কাজ আছে-এই কাজটা কে করে?
𑄛𑄧𑄦𑄴𑄢𑄴𑄌𑄚𑄴 𑄈।,.পঁচা খাওা
𑄛𑄧𑄢𑄚𑄨𑄟,"পরান, প্রাণ"
𑄚𑄧𑄚𑄝𑄨,ন্যাকা
𑄛𑄪𑄎𑄪𑄎𑄧𑄢𑄧𑄢𑄚𑄨 𑄟𑄪𑄬𑄪𑄠𑄬 𑄟𑄪𑄬𑄪𑄠𑄬 𑄇𑄧𑄠𑄧𑄠𑄴 𑄃 𑄣𑄨𑄊𑄨𑄊𑄨 ?,পোকামাকরা আমার জন্য কী আছে?
𑄇)𑄢𑄎𑄴 𑄛𑄪𑄚𑄳𑄠𑄦𑄴 𑄇 𑄨 ?,.কাঁকার পাছাটা কে?
𑄈)𑄢𑄎𑄴𑄛𑄪𑄚𑄳𑄠𑄬 𑄇𑄪𑄘𑄪 𑄦𑄧𑄠𑄴 ?,খোলগুলো কোথা হ
𑄉)𑄛𑄧𑄢𑄚𑄨 𑄝𑄝𑄬 𑄈𑄨𑄎𑄬𑄈𑄨𑄎𑄳𑄠𑄬 𑄉𑄧𑄢𑄨 𑄇𑄪𑄘𑄪 𑄡𑄢𑄴 ?,গাছের পাতা গুলো আলাদা আলাদা করে কোথা যায়?
𑄊)𑄇𑄢𑄴𑄝𑄎𑄳𑄠𑄬 𑄇𑄨 𑄉𑄧𑄢𑄨 𑄇𑄟𑄚𑄨 𑄞𑄉𑄴 𑄉𑄧𑄢𑄨𑄣𑄧 ?,ঘা দিে কি করে কাটা ভাগ করলো
𑄋)𑄢𑄌𑄴𑄛𑄪𑄚𑄳𑄠𑄬𑄦𑄴 𑄘𑄨𑄚𑄧𑄖𑄴 𑄢𑄎 𑄇𑄨 𑄇𑄧𑄣 ?,নাচাকারী দিনে কি কলা খায়?
𑄃𑄢𑄴𑄡𑄧 𑄟𑄨𑄖𑄴𑄳𑄢𑄧 𑄌𑄋𑄴𑄟,এক জাতী চামা
𑄍𑄨𑄉𑄮𑄚𑄴 𑄍𑄧𑄢 𑄚𑄋𑄴 𑄖𑄢𑄴 𑄛𑄚𑄨𑄠𑄚𑄴 𑄦𑄧𑄣𑄧 𑄛𑄳𑄦𑄧𑄚𑄴,ছিঁার মতো তার পানিটা সুন্দর
𑄃𑄬𑄋𑄧𑄢𑄴 𑄝𑄬𑄋𑄧𑄢𑄴 𑄝𑄬𑄃𑄨 𑄡𑄠𑄴 𑄛𑄚𑄨 𑄚𑄧𑄠𑄴 𑄇𑄧𑄟𑄴 ।,এত ব ব করে যাওা পানি কম
"𑄗𑄧𑄢𑄬 𑄗𑄧𑄢𑄬 𑄃𑄢𑄌𑄇𑄴 𑄃𑄧𑄎𑄧𑄣𑄴 𑄖𑄢𑄴 𑄛𑄢𑄴,",.অতিরিক্ত আাআি তার পারে
𑄎𑄢𑄴 𑄇𑄣𑄳𑄠𑄬 𑄟𑄧𑄢 𑄟𑄧𑄢 𑄝𑄢𑄨𑄎𑄬𑄖𑄴 𑄝𑄧𑄏𑄬 𑄙𑄢𑄴 ।,শীতকালে মরা মরা নদী ভ লাগে
"𑄛𑄳𑄦𑄧𑄚𑄴 𑄛𑄚𑄨𑄖𑄴 𑄃𑄨𑄎𑄬 𑄟𑄌𑄴 𑄝𑄬𑄉𑄬𑄚 𑄃 𑄇𑄋𑄢,",.পঁচা পানিতে একটা মাছ বছে।
"𑄇𑄚𑄨𑄎𑄣𑄴 𑄌𑄉𑄨 𑄙𑄧𑄢𑄨 𑄟𑄌𑄴, 𑄝𑄪𑄢𑄴 𑄟𑄢𑄬 𑄟𑄢𑄋 ।","কানিজাল ধরে মাছ,বুো মারে মাছ"
"𑄛𑄢𑄬 𑄛𑄢𑄬 𑄖𑄢 𑄝𑄧𑄚𑄴, 𑄘𑄨𑄋𑄨 𑄥𑄇𑄴 𑄃 𑄃𑄊𑄬 𑄣𑄪𑄘𑄨 𑄏𑄪𑄛𑄴,","তারা বন্ধু,দুইটা শাক আছে লুকিে"
"𑄎𑄧𑄉𑄧𑄚 𑄉𑄪𑄣𑄧, 𑄥𑄧𑄢𑄴𑄝𑄬𑄇𑄴 𑄉𑄪𑄣𑄧 𑄉𑄎𑄧𑄖𑄴 𑄙𑄧𑄢𑄧𑄚𑄴 𑄗𑄪𑄛𑄴 𑄗𑄪𑄛𑄴 ।","এক জাতী গুল, সব গুলে গাছে ধরে"
"𑄍𑄨𑄉𑄮𑄚𑄴 𑄍𑄧𑄢 𑄛𑄧𑄦𑄴𑄚𑄴 𑄛𑄚𑄨 𑄘𑄮𑄣𑄴 𑄖 𑄚𑄋𑄴,",ছিঁার মতো সুন্দর তার নাচ
𑄎𑄧𑄚𑄧𑄟𑄴𑄞𑄧𑄢 𑄝𑄮𑄠𑄴 𑄡𑄬𑄃𑄨𑄌𑄴 𑄖𑄧𑄢𑄬 𑄟𑄪𑄃𑄨 𑄇𑄮𑄌𑄴 𑄛𑄋𑄴 ।,মানুষরা বইে যা তোমাকে আমার ভালো লাগে
𑄌𑄨𑄉𑄧𑄚𑄴 𑄍𑄧𑄢 𑄛𑄚𑄨𑄠𑄚𑄴 𑄇𑄨𑄇𑄴𑄈𑄳𑄠𑄚𑄴 ?,.ছোট নদীর পানি কতটুকু?
𑄢𑄋 𑄈।,লাল খাওা
𑄛𑄧𑄚𑄴,"১. পাা, পাা ২. আলো, আলো, আলো"
𑄜𑄬𑄚 𑄜𑄬𑄚 𑄊।,ফেনা ফেনা অবস্থা
𑄛𑄧𑄚𑄴 𑄛𑄚𑄨𑄠𑄚𑄧𑄖𑄴 𑄇𑄨 𑄇𑄨 𑄃𑄊𑄧𑄚𑄴 ?,.পঁচা পানিতে কি কি আছে?
"𑄃𑄨𑄎𑄬,𑄟𑄌𑄴,𑄝𑄬𑄉𑄬𑄚 𑄃 𑄇𑄋𑄢 𑄈।","মাছ,ভে যাওা আর কাঁকা খাওা"
𑄝𑄮𑄠𑄣𑄴 𑄟𑄌𑄴 𑄃 𑄇𑄖𑄣𑄴 𑄟𑄌𑄴,বাল মাছ এক জাতী মাছ
𑄛𑄪𑄖𑄨 𑄟𑄌𑄴 𑄃 𑄇𑄮𑄃𑄨 𑄟𑄌𑄴 𑄊।,এক জাতী মাছ
𑄇𑄪𑄌𑄳𑄠 𑄟𑄌𑄴 𑄃 𑄥𑄨𑄉𑄨 𑄟𑄌𑄴,এক জাতী মাছ
"𑄖𑄢 𑄝𑄧𑄚𑄴, 𑄘𑄨𑄋𑄨 𑄥𑄇𑄴 𑄃 𑄃𑄊𑄬 𑄣𑄪𑄘𑄨 𑄏𑄪𑄛𑄴 𑄃𑄊𑄬 ?","তারা ব,দুইটা শাক আছে লাজ আছে?"
𑄛𑄢𑄬 𑄛𑄢𑄬 𑄈।,.পাে পাে খাও
𑄙𑄉𑄬 𑄙𑄉𑄬,দৌে দৌে
𑄃𑄪𑄉𑄪𑄢𑄬 𑄃𑄪𑄉𑄪𑄢𑄬 𑄊।,উপর্যুপরি ঘা
𑄖𑄧𑄣𑄬 𑄖𑄧𑄣𑄬,"নিচের দিকে, নিম্নে"
𑄉𑄎𑄧𑄖𑄴 𑄙𑄧𑄢𑄧𑄚𑄴 𑄗𑄪𑄛𑄴 𑄗𑄪𑄛 ?,গাছে ধরে ফোটা ফোটা
𑄉𑄪𑄉𑄪𑄖𑄳𑄠 𑄈।,"গুঁতানো, গুঁতানো"
𑄎𑄧𑄉𑄧𑄚 𑄉𑄪𑄣𑄧 𑄃 𑄥𑄧𑄢𑄴𑄝𑄬𑄇𑄴 𑄉𑄪𑄣𑄧,এক জাতী বুনো ফল
𑄇𑄧𑄎𑄪𑄟𑄴 𑄉𑄪𑄣𑄧 𑄊।,এক জাতী বুনো লতা
𑄝𑄧𑄢 𑄉𑄪𑄣𑄧,"এক জাতী বুনো ফল, যা সবজি হিসেবে ব্যবহৃত হ"
-------𑄝𑄮𑄠𑄴 𑄡𑄬𑄃𑄨𑄌𑄴 𑄖𑄧𑄢𑄬 𑄟𑄪𑄃𑄨 𑄇𑄮𑄌𑄴 𑄛𑄋𑄴 ?,.আমি তোমাকে কত ভালোবাসি?
𑄇𑄇𑄴𑄈𑄧𑄚𑄴 𑄉𑄧𑄢𑄨 𑄈।,হুট করে খাও
𑄝𑄬𑄥𑄴𑄉𑄧𑄢𑄨,"বোই, বোই"
𑄛𑄧𑄦𑄧𑄖𑄳𑄠 𑄃𑄟𑄧𑄣𑄬 𑄊।,পথ্য কালে ক্ষত
𑄎𑄧𑄚𑄧𑄟𑄚𑄴,"জনম, জনম"
𑄥𑄢𑄊𑄧𑄢𑄧𑄢𑄴 𑄛𑄪𑄢𑄪𑄢𑄧𑄚𑄧𑄚𑄴 𑄉𑄧𑄢𑄧𑄢𑄨 ।,সারা বািটা পরিষ্কার করে
"𑄗𑄧𑄢𑄬 𑄗𑄧𑄢𑄬 ---------------------- 𑄖𑄢𑄴 𑄛𑄢𑄴,",তার পা
𑄎𑄢𑄴 𑄇𑄣𑄳𑄠𑄬 𑄟𑄧𑄢 𑄟𑄧𑄢 𑄝𑄢𑄨𑄎𑄬𑄖𑄴 --------------- ।,শীতে মরা মরা বারিে-
"𑄛𑄳𑄦𑄧𑄚𑄴 -----------------------𑄝𑄬𑄉𑄬𑄚 𑄃 𑄇𑄋𑄢,",.পজ্জোন-পজ্জো হওা এক কাঁকা
𑄇𑄚𑄨𑄎𑄣𑄴 𑄌𑄉𑄨 ------------------------- 𑄟𑄢𑄋 ।,কাঁকার চামা - মাছরাঙা
𑄜𑄮𑄘𑄧 𑄌𑄬𑄃𑄨 𑄃 𑄇𑄧𑄃𑄨,ফোসকা পার মতো অবস্থা
𑄷 𑄸,"১, ২"
𑄹 𑄺,১. ৩. ৩. ৩. ৩
𑄻 𑄼,১. ৫. ৩. ৫. ৫
𑄽 𑄾,১. ২. ৫. ৭
𑄝𑄨𑄎 𑄪,"১. বিঝু, বিঝু ২. বিঝু, বিঝু"
𑄃𑄚𑄧𑄚𑄴𑄘𑄧 𑄟𑄧𑄠𑄴 𑄌𑄋𑄴𑄟,আমার চামা
𑄃𑄬𑄎𑄧 𑄃𑄬𑄎𑄧 𑄞𑄬𑄭 𑄣𑄧𑄇𑄴,এত বেশি ভে ভে লক
𑄝𑄨𑄎𑄪𑄉𑄪𑄣𑄧 𑄈 𑄡𑄬𑄃𑄨 ।,বিঝুর খাওা যা
𑄃𑄬𑄎𑄧 𑄃𑄬𑄎𑄧 𑄝𑄮𑄚𑄴 𑄣𑄧𑄇𑄴,এত ব ব ছিদ্র
𑄝𑄨𑄎𑄪 𑄉𑄪𑄣𑄧 𑄈 𑄡𑄬𑄃𑄨 ।,বিঝুর গুল খাওা যা
𑄣𑄪𑄢𑄧 𑄇𑄪𑄢𑄧 𑄥𑄪𑄉𑄧𑄢𑄴 𑄃𑄨𑄢𑄨 𑄘𑄨,কোমরের সুতা দিে দিে দিে
𑄃𑄙𑄢𑄴 𑄘𑄨 𑄘𑄨 𑄝𑄬𑄢𑄬𑄝𑄧𑄋𑄴 ।,.খাওা দিে ঘুরে বো
𑄃𑄨𑄌𑄴𑄌𑄬 𑄘𑄨𑄚𑄧𑄖𑄴 𑄟𑄧𑄚𑄧𑄢𑄴 𑄘𑄪𑄉𑄴,আজকে দিনে মন খারাপ
𑄇𑄢𑄧𑄢𑄬 𑄚𑄧 𑄘𑄨𑄝𑄧𑄋𑄴 ।,কাউকে দিে দিব না
𑄏𑄇𑄴𑄉𑄧𑄢𑄨 𑄊𑄧𑄢𑄬 𑄊𑄧𑄢𑄬,ঝাঁকিে ঘরে
𑄛𑄎𑄧𑄚𑄴 𑄛𑄨𑄘𑄬 𑄈𑄬𑄝𑄧𑄋𑄴 ।,পাজন পিঠা খেতে হবে
𑄊𑄨𑄣𑄬-𑄚𑄘𑄬𑄋𑄴-𑄛𑄧𑄖𑄴𑄨-𑄉𑄪𑄘𑄪,ঘিলে-নাাচা-গুো
𑄚𑄚 𑄝𑄝𑄧𑄖𑄳𑄠𑄬 𑄈𑄢 𑄦𑄧𑄝𑄧𑄋𑄴 ।,নানা ধরনের খেলা হবে
𑄝𑄪𑄢𑄧-𑄝𑄪𑄢𑄨 𑄊𑄘𑄬𑄭𑄚𑄬,বুো বুো করে
𑄎𑄨𑄋𑄴𑄉𑄚𑄨 𑄉𑄧𑄟𑄴 𑄇𑄟𑄴𑄟𑄮𑄭,জীবনটা ভালো কাজ
𑄉𑄧𑄟𑄴 𑄚𑄋𑄴𑄠𑄧𑄭 𑄝𑄎𑄨𑄝𑄧𑄋𑄴 ।,ভালো নাাচাা চলবে
𑄇𑄢𑄬 𑄇𑄢𑄬 𑄃𑄙𑄢𑄴 𑄘𑄨𑄚𑄬𑄃𑄨 𑄝𑄬𑄢𑄬𑄝𑄧𑄋𑄴 ?,কাকে কাকে অন্ধকারে বোচ্ছে?
𑄈।,bdmean
𑄇𑄧𑄚𑄴 𑄘𑄨𑄚𑄧𑄖𑄴 𑄟𑄧𑄚𑄧 𑄘𑄪𑄉𑄴 𑄟𑄧𑄚𑄧𑄖𑄴 𑄚𑄧 𑄃𑄪𑄘𑄨𑄝𑄧 ?,কোন দিন মনের দুঃখ মনে উঠবে?
𑄝𑄨𑄎𑄪 𑄘𑄨𑄚𑄬 𑄇𑄨𑄇𑄨 𑄈𑄢 𑄦𑄧𑄝𑄧𑄋𑄴 ?,বিজুর দিনে কি খেলা হবে?
𑄊।,bdmean
𑄝𑄪𑄢𑄧𑄝𑄪𑄢𑄨𑄢𑄬 𑄉𑄘𑄬 𑄘𑄨𑄚𑄬𑄃𑄨 𑄃 𑄇𑄨 𑄉𑄧𑄢𑄨𑄝𑄧𑄋𑄴 ?,বুো বুিে কি কষ্ট পাচ্ছে?
𑄋।,bdmean
𑄎𑄨𑄋𑄴𑄇𑄚𑄨𑄖𑄴 𑄖𑄢 𑄇𑄨 𑄇𑄟𑄴 𑄉𑄧𑄢𑄨𑄝𑄇𑄴 ?,যেখানে সেখানে তারা কি কাজ করে
𑄛𑄧𑄬𑄧𑄢𑄬𑄚𑄴𑄘𑄴𑄘𑄨 𑄥𑄪𑄢𑄪𑄢𑄴𑄝𑄴𑄝𑄮 𑄟𑄨𑄬𑄨𑄣𑄬𑄚𑄬𑄃𑄨 𑄛𑄧𑄢𑄧𑄢𑄨 𑄃 𑄣𑄨𑄊𑄨𑄊𑄨 ।,পাহাের সুরুা দিে পে আছে
𑄃𑄨𑄌𑄴𑄌𑄬 𑄘𑄨𑄚𑄧𑄖𑄴 𑄟𑄧𑄚𑄧𑄖𑄴 𑄘𑄪𑄉𑄴,আজকে দিনে মনে দুঃখ
𑄝𑄨𑄎𑄪𑄉𑄪𑄣𑄧- 𑄝𑄨𑄎𑄪 𑄜𑄧𑄣𑄴 ।,এক জাতী ফল
𑄝𑄨𑄎𑄪 𑄃𑄧𑄇𑄴𑄖𑄧𑄘𑄴 𑄟𑄧𑄚𑄬 𑄟𑄧𑄚𑄬 𑄛𑄬𑄝𑄢𑄴 𑄃𑄠𑄮𑄎𑄧𑄢𑄴 𑄉𑄪𑄣𑄧 ।,বিঝুর সম মনে পার ইচ্ছা করছে
𑄈𑄢- 𑄈𑄨𑄠𑄬 𑄃 𑄟𑄧𑄚𑄧𑄢𑄬 𑄥𑄋𑄴 𑄥𑄋𑄳𑄠 𑄢𑄉𑄬𑄝𑄢𑄴 𑄎𑄨𑄚𑄨𑄥𑄴 ।,খেলা-খাওা মনের মতো রাগ করার জিনিস
𑄌𑄨𑄎𑄨𑄃𑄪𑄚𑄬 𑄊𑄨𑄣 𑄈𑄢 𑄦𑄧𑄘𑄧𑄚𑄴 ।,চিজগুলো ঘিলা হছে
𑄃𑄙𑄢𑄴-𑄃𑄬𑄟𑄚𑄧 𑄈𑄚 ।,খাওা-দাওা
𑄝𑄨𑄎𑄪 𑄣𑄧𑄇𑄴𑄈𑄬 𑄝𑄬𑄢𑄬 𑄝𑄬𑄢𑄬 𑄇𑄪𑄢𑄧𑄢𑄬 𑄃𑄙𑄢𑄴 𑄘𑄨𑄃𑄨 ।,বিঝুর সম ঘুরে বো খাবার দিে
𑄛𑄎𑄧𑄚-𑄝𑄣𑄧𑄇𑄴 𑄛𑄧𑄖𑄴 𑄟𑄨𑄎𑄨𑄠𑄬 𑄖𑄮𑄚𑄴 ।,.পাছা-বালির তরকারি
𑄝𑄨𑄎𑄪 𑄣𑄧𑄇𑄴𑄈𑄬 𑄊𑄧𑄢𑄬 𑄊𑄧𑄢𑄬 𑄛𑄎𑄧𑄚𑄴 𑄈𑄬𑄝𑄧𑄋𑄴 ।,বিালের সমে পাজন খাবে
𑄘𑄪𑄉𑄴- 𑄇𑄧𑄥𑄴𑄖𑄧 ।,দুঃখ কথা
𑄝𑄨𑄎𑄪 𑄣𑄧𑄇𑄴𑄈𑄬 𑄇𑄧𑄢𑄮𑄢𑄴 𑄟𑄧𑄚𑄧𑄖𑄴 𑄉𑄪𑄉𑄴 𑄚𑄧 𑄗𑄬𑄝𑄧 ।,বিঝুর সম কাকের মনে কোনো সুখ থাকবে না
𑄟𑄪𑄢𑄧-𑄃𑄧𑄎𑄧𑄣𑄴 𑄞𑄨𑄘𑄬 ।,মলা ভিে
𑄟𑄪𑄢𑄧 𑄃𑄪𑄉𑄪𑄢𑄬 𑄊𑄧𑄢𑄴 𑄃𑄉𑄬 ।,পাহাের উপরে ঘর আছে
𑄢𑄚𑄴𑄎𑄪𑄚𑄨 𑄛𑄢 𑄚𑄋𑄬 𑄃𑄬𑄇𑄴𑄈𑄚𑄴 𑄃𑄘𑄟𑄴 𑄃𑄉𑄬 ।,রংধনুর পাে একটা গ্রাম আছে
𑄥𑄬 𑄃𑄘𑄟𑄧𑄖𑄴 𑄖𑄋𑄣𑄬 𑄚𑄋𑄬 𑄃𑄬𑄇𑄴𑄇𑄮 𑄎𑄪𑄟𑄴𑄝𑄧𑄣 𑄗𑄬𑄘𑄧 ।,সে গ্রামের তাাতাি নাাচাি থাকে
𑄖𑄖𑄴𑄪𑄚𑄴,তার থেকে
𑄘𑄨:𑄝𑄬 𑄛𑄮 𑄃𑄳𑄦 𑄃𑄬𑄉𑄴𑄇𑄮 𑄏𑄨 𑄃𑄬𑄣𑄧 ।,দুটি ছেলে আর একটি ঝি এসেছে।
"𑄏𑄨𑄝𑄱 𑄚𑄋𑄴 𑄢𑄠𑄧𑄥𑄳𑄢𑄨,𑄖𑄬 𑄝𑄬𑄇𑄴𑄪𑄚𑄧𑄖𑄴𑄪𑄚𑄴 𑄌𑄨𑄉𑄮𑄚𑄴 𑄃𑄳𑄦 𑄞𑄢𑄨 𑄇𑄨𑄢𑄴𑄝𑄮 𑄉𑄧𑄢𑄨𑄝𑄢𑄴 ।","ঝিঁিটা নাক বাঁকা,সে সবার থেকে ছোট,সে সবার থেকে ছোট"
𑄝𑄠𑄧𑄥𑄴 𑄾 𑄝𑄎𑄧𑄢𑄴 ।,বাি ৮ বাজ
𑄖𑄬 𑄃𑄘𑄟𑄧𑄢𑄴 𑄃𑄬𑄟𑄴 𑄃𑄬𑄣𑄴 𑄃𑄨 𑄃𑄨𑄥𑄴𑄇𑄪𑄣𑄧𑄖𑄴 𑄖𑄨𑄚𑄴 𑄇𑄬𑄣𑄎𑄧𑄖𑄴 𑄛𑄧𑄢𑄬 ।,সে গ্রামের এই স্কুলে তিন ক্লাস পে
𑄢𑄠𑄧𑄥𑄳𑄢𑄨 𑄚𑄨𑄖𑄳𑄠𑄧 𑄃𑄨𑄥𑄴𑄇𑄪𑄣𑄧𑄖𑄴 𑄡𑄠𑄴 ।,রাতে নিে স্কুলে যাওা
𑄃𑄬𑄇𑄴 𑄘𑄨𑄚𑄳𑄠,এক দিন
𑄃𑄘𑄇𑄴𑄬 𑄉𑄧𑄢𑄨 𑄘𑄬𑄊𑄬 𑄚𑄨𑄎𑄬𑄚𑄨 𑄈𑄪𑄘𑄨𑄝𑄱 𑄣𑄳𑄦𑄬𑄝𑄬𑄢 𑄏𑄬𑄝𑄬𑄢 ।,. গ্রাম করে দেখতেছি নিজের মাথা গিে গিেছে
𑄥𑄨𑄠𑄚𑄴 𑄖𑄬 𑄖 𑄟𑄥𑄴𑄖𑄧𑄢𑄴 𑄚𑄚𑄪𑄢𑄬 𑄎𑄚𑄴𑄘 𑄘𑄨𑄣𑄧 ।,সে তার মাের নাতনিকে তািে দিল
"𑄇𑄨𑄣𑄳𑄠 𑄢𑄠𑄧𑄥𑄳𑄢𑄨 𑄃𑄨𑄥𑄴𑄇𑄪𑄣𑄧𑄖𑄴 𑄡𑄬𑄚𑄬𑄃𑄨 𑄌𑄠𑄴𑄘𑄬 𑄃𑄨𑄥𑄴𑄇𑄪𑄣𑄧 𑄚𑄋𑄚𑄴 𑄛𑄧𑄢𑄖𑄴 𑄛𑄧𑄢𑄖𑄴 𑄣𑄬𑄊 𑄃𑄪𑄃𑄨𑄠𑄬 ""𑄢𑄚𑄴𑄎𑄪𑄚𑄨 𑄛𑄢",কা রা যাওার সমে ইস্কুলের নামগুলো পে যা
𑄃𑄬𑄟𑄴 𑄃𑄬𑄣𑄴 𑄃𑄨 𑄃𑄨𑄥𑄴𑄇𑄪𑄣𑄴 ।,এত ব এই বাি
𑄃𑄨𑄥𑄴𑄇𑄪𑄣𑄚𑄴 𑄷𑄻 𑄜𑄪𑄑𑄴 𑄥𑄧𑄋𑄴 𑄃𑄧𑄎𑄧𑄣𑄴 𑄟𑄪𑄢𑄧 𑄃𑄪𑄉𑄪𑄢𑄬 𑄝𑄚 𑄦𑄪𑄠𑄬।,স্কুলটা ১৫ ফুট উঁচু পাথরের উপরে বানানো হছে
𑄃𑄨𑄥𑄴𑄇𑄪𑄣𑄚𑄴 𑄸𑄶 𑄜𑄪𑄑𑄴,স্কুলটা ২ ফুট
𑄘𑄨𑄉𑄮𑄣𑄴 𑄃𑄳𑄦 𑄛𑄘𑄎𑄳𑄠 𑄷𑄺 𑄜𑄪𑄑𑄴 ।,পাহাের এই পাতাটা ১৪ ফুট
𑄃𑄨𑄥𑄴𑄇𑄪𑄣𑄧 𑄇𑄠𑄴 𑄇𑄪𑄢𑄬 𑄓𑄋𑄧𑄢𑄴 𑄃𑄬𑄇𑄴𑄇𑄮 𑄝𑄧𑄑𑄴 𑄉𑄌𑄴 ।,স্কুল মাঠের পাশে একটা বট গাছ
"𑄛𑄨𑄌𑄴𑄬𑄘𑄨 𑄃𑄟𑄴,",এক জাতী আম
"𑄎𑄟𑄴𑄝𑄨𑄎𑄨,𑄇𑄖𑄴𑄖𑄧𑄣𑄴,𑄇𑄘𑄟𑄧𑄣 𑄃𑄳𑄦 𑄞𑄣𑄧𑄇𑄴 𑄝𑄝𑄧𑄖𑄳𑄠𑄬 𑄉𑄌𑄴 𑄃𑄉𑄧𑄚𑄴 ।","জাম,কাঠাল,কাঠাল ইত্যাদি অনেক ব গাছ আছে"
"𑄢𑄧𑄇𑄴𑄖𑄧 𑄎𑄧𑄝, 𑄥𑄬𑄜𑄣𑄨, 𑄥𑄧𑄘𑄧𑄢𑄧𑄇𑄴 𑄥𑄧𑄟𑄧𑄖𑄴 𑄚𑄚𑄚𑄴","রক্ত জবা, সেফালি,সার্ফের সম নানা ধরনের"
𑄝𑄝𑄧𑄖𑄳𑄠𑄬 𑄜𑄪𑄣𑄴 𑄃𑄳𑄦 𑄛𑄘 𑄝𑄦𑄴𑄢𑄴 𑄉𑄍𑄴 𑄤𑄧 𑄃𑄉𑄬 ।,.বািতে ফুল ও আছে।
𑄝𑄬𑄇𑄴𑄇𑄚𑄨 𑄟𑄨𑄣𑄨𑄚𑄬𑄭 𑄃𑄨𑄥𑄴𑄇𑄪𑄣𑄧 𑄌𑄬𑄢𑄧𑄇𑄨𑄖𑄳𑄠𑄬 𑄃𑄨𑄎𑄪 𑄌𑄬𑄃𑄨 𑄗𑄬𑄝𑄢𑄴,সব মিলিে ইস্কুলের চূা বসে থাকার
𑄢𑄠𑄧𑄥𑄴𑄳𑄢𑄨 𑄎𑄧𑄟𑄧𑄥𑄧𑄟𑄧 𑄦𑄟𑄧𑄇𑄴 𑄦𑄧𑄣𑄧-𑄡𑄬 𑄘𑄨𑄚𑄳𑄠𑄬 𑄖 𑄟𑄥𑄴𑄑𑄧𑄢𑄴𑄚𑄚𑄪𑄢𑄬 𑄣𑄬𑄝𑄬𑄢 𑄏𑄬𑄝𑄬𑄢 𑄚𑄨𑄎𑄚𑄨 𑄈𑄪𑄘𑄨𑄝𑄱 𑄘𑄬𑄊𑄬𑄣𑄧 𑄥𑄬,রাসী জমজম হলো-যেদিন তার পাের নিচটা গিে গিে বের হে গেল সে
𑄏𑄬𑄢𑄬 𑄛𑄧𑄢𑄖𑄴 𑄛𑄧𑄢𑄖𑄴 𑄉𑄧𑄢𑄨 𑄣𑄬𑄊 𑄦𑄧𑄣𑄧 ।,ঝগা করে লেখা হলো
𑄌𑄦𑄴𑄘𑄬 𑄇𑄨 𑄘𑄮𑄣𑄴 !,দেখতে কি সুন্দর
𑄟𑄧𑄚𑄬 𑄟𑄧𑄚𑄬 𑄞𑄝𑄬 𑄖 𑄇𑄧𑄙𑄃𑄚𑄴 𑄟𑄥𑄴𑄖𑄧𑄢𑄴𑄚𑄚𑄪,.মনে মনে বলে তার কথা
𑄚𑄚𑄪 𑄃𑄬𑄘𑄧𑄇𑄴 𑄇𑄚𑄧𑄖𑄴 𑄘𑄨𑄣𑄧 ।,নানু এত কানে দিল
𑄌𑄨𑄉𑄮𑄚𑄴 𑄎𑄧𑄚𑄧 𑄇𑄧𑄙 𑄤𑄧 𑄓𑄋𑄧𑄢𑄴𑄠𑄪𑄚𑄬 𑄇𑄚𑄧𑄖𑄴 𑄚𑄬𑄡𑄚𑄴 𑄃𑄨𑄠𑄚𑄧𑄭 𑄖𑄢𑄴 𑄞𑄝𑄚 ।,ছোট মানুষদের কথা ও ডাঙরগুলো কানে নিে যা এটাই তার ভাবনা
𑄙𑄧𑄢𑄨 𑄢𑄠𑄧𑄥𑄳𑄢𑄨 𑄟𑄧𑄚𑄴 𑄗𑄨𑄘𑄧 𑄉𑄧𑄢𑄴𑄣𑄧-𑄃𑄨𑄇𑄴𑄪𑄚𑄧𑄖𑄴𑄪𑄚𑄴 𑄙𑄧𑄢𑄨 𑄖𑄬 𑄟𑄥𑄴𑄖𑄧𑄢𑄴𑄚𑄚𑄪𑄃𑄪𑄚𑄧 𑄇𑄧𑄙 𑄙𑄧𑄢𑄨𑄝𑄧 𑄃𑄳𑄦 𑄟𑄚𑄨𑄝𑄧 ।,ধরে রাা মন স্থির করল- একজনের কাছ থেকে অন্যজনের কথা শুনব
𑄃𑄬 𑄇𑄧𑄙𑄚𑄴 𑄖𑄬,এই কথা সে বলে
𑄖 𑄇𑄬𑄣𑄎𑄧 𑄥𑄧𑄟𑄎𑄳𑄠𑄃𑄪𑄚𑄧𑄢𑄬 𑄞𑄋𑄨 𑄇𑄧𑄣𑄧 ।,তার দলের লোকজনদেরকে ভেঙে বলে
𑄖𑄬 𑄖𑄢𑄢𑄬 𑄇𑄮𑄎𑄧𑄣𑄨 𑄉𑄧𑄢𑄴𑄣𑄧 𑄡𑄬𑄚𑄬 𑄝𑄬𑄇𑄴𑄪𑄚𑄬 𑄟𑄥𑄴𑄑𑄧𑄢𑄴 𑄚𑄚𑄪 𑄇𑄥𑄳𑄠𑄬𑄇𑄴,সে তাদেরকে আদর করে যেন সবাই মাস্টারের নানুকে আদর করে
𑄟𑄚𑄨 𑄌𑄧𑄣𑄧𑄚𑄴 ।,মেনে চলা
𑄢𑄚𑄴𑄎𑄪𑄚𑄨 𑄛𑄢 𑄃𑄬𑄟 𑄃𑄬𑄣𑄴 𑄃𑄨 𑄛𑄳𑄢𑄃𑄨𑄟𑄢𑄨 𑄃𑄨𑄥𑄴𑄇𑄪𑄣𑄴,রংধনুর পাে আসা একটি প্রাইমারি স্কুল
𑄥𑄧𑄚𑄴𑄘𑄨𑄛𑄧𑄚𑄴 𑄌𑄋𑄴𑄟,এক জাতী বুনো ফল
𑄃𑄨𑄚𑄴𑄘𑄨 𑄟𑄥𑄴𑄑𑄧𑄢𑄴 𑄚𑄚𑄪 𑄦𑄧𑄣𑄧 𑄉𑄧𑄟𑄴 𑄣𑄬𑄊 𑄛𑄧𑄢 𑄎𑄚𑄳𑄠𑄬 𑄃𑄳𑄦 𑄞𑄧𑄘𑄳𑄢𑄧 ।,এই মেেটা হচ্ছে ভালো লেখা পে যা
𑄖𑄬 𑄃𑄨𑄥𑄴𑄇𑄪𑄣𑄧𑄖𑄴 𑄝𑄬𑄇𑄴 𑄥𑄳𑄢𑄨-𑄥𑄪𑄘𑄧𑄟𑄴 𑄟𑄚𑄨 𑄌𑄧𑄣𑄬,সে স্কুলে সব সম মেনে চলে
𑄖𑄬 𑄟𑄥𑄴𑄑𑄧𑄢𑄴 𑄚𑄚𑄪𑄃𑄪𑄚𑄧𑄢𑄬𑄤𑄧 𑄉𑄧𑄟𑄬𑄘𑄣𑄬 𑄥𑄨𑄊𑄠𑄴 ।,সে মেেটাকেও কামাতেছে
"𑄞𑄣𑄧𑄇𑄴 𑄝𑄝𑄧𑄖𑄳𑄠𑄬 𑄇𑄮𑄥𑄴𑄥𑄮𑄃𑄨 𑄚𑄌𑄴, 𑄉𑄩𑄖𑄴, 𑄖𑄟𑄎 𑄃𑄳𑄦 𑄎𑄧𑄙 𑄝𑄚𑄨","অনেক বে কেকটা গান,গীত, তামাশা প্রভৃতি বানিে"
𑄖𑄬 𑄥𑄨𑄊𑄠𑄴 ।,সে সে
𑄝𑄬𑄇𑄴 𑄍𑄖𑄳𑄢𑄧-𑄍𑄖𑄳𑄢𑄨𑄧𑄃𑄪𑄚𑄧𑄢𑄴 𑄟-𑄝𑄝𑄴𑄛𑄮𑄃𑄨 𑄖𑄬 𑄈𑄧𑄝𑄧𑄢𑄴 𑄢𑄊𑄠𑄴 ।,সব ছাত্র-ছাত্রের মা-বাবা সে খবর রাখে
𑄃𑄨𑄥𑄴𑄇𑄪𑄣𑄧 𑄇𑄧𑄟𑄨𑄑𑄨𑄣𑄮𑄭 𑄛𑄧𑄖𑄴𑄨 𑄟𑄎𑄬,ইস্কুলের বাইরে পাহাি মাা
𑄛𑄮 𑄌𑄝𑄃𑄪𑄚𑄴 𑄣𑄬𑄊 𑄛𑄧𑄢 𑄈𑄧𑄝𑄧𑄢𑄴 𑄣𑄧𑄃𑄨 ।,ছেলের চামা পার খবর নেওা লাগে
"𑄃𑄨𑄥𑄴𑄇𑄪𑄣𑄧 𑄞𑄣𑄬𑄘𑄧𑄖𑄳𑄠𑄬𑄭 𑄖𑄢 𑄟𑄍𑄴, 𑄉𑄧𑄢𑄪 𑄍𑄉𑄧𑄣𑄴","স্কুল ভালোে তারা মাছ,গরু,ছাগল"
𑄛𑄣𑄘𑄧𑄚𑄴 𑄃 𑄉𑄪𑄣𑄧𑄉𑄪𑄣𑄨 𑄝𑄉𑄚𑄴 𑄉𑄧𑄢𑄧𑄘𑄧𑄚𑄴 ।,.পাহাটা গুলতি বাগান করতেছে।
𑄢𑄠𑄧𑄥𑄳𑄢𑄨 𑄝𑄝𑄬 𑄃𑄬𑄇𑄴𑄘𑄨𑄚𑄳𑄠𑄬 𑄢𑄠𑄧𑄥𑄳𑄢𑄨𑄢𑄬 𑄇𑄧𑄣𑄧 𑄖𑄪𑄃𑄨 𑄡𑄧𑄘𑄨 𑄝𑄢𑄴𑄥𑄨𑄇𑄴 𑄛𑄧𑄢𑄨𑄇𑄴𑄈𑄖𑄴 𑄉𑄧𑄟𑄴 𑄉𑄧𑄢𑄧𑄥𑄴 𑄖𑄧𑄢𑄬 𑄃𑄬𑄇𑄴𑄈𑄚𑄴,সূর্য ডোবার সম তুমি যদি বিালের পরীক্ষা ভালো করে থাকো
𑄦𑄬𑄋𑄴𑄉𑄧𑄢𑄧𑄋𑄴 𑄝𑄚𑄬 𑄘𑄨𑄟𑄴 ।,হেঙরং বানাবো
𑄖𑄪𑄃𑄨 𑄣𑄬𑄊 𑄛𑄧𑄢 𑄥𑄧𑄟𑄢𑄬,তুমি লেখা পার সম
𑄚𑄌𑄴-𑄉𑄨𑄖𑄴𑄤𑄧 𑄥𑄨𑄊𑄨 𑄛𑄢𑄨𑄝𑄬 ।,নাচ-গােও নাচতে পারবে
𑄢𑄠𑄧𑄥𑄳𑄢𑄨 𑄃𑄪𑄥𑄴𑄱 𑄦𑄧𑄠𑄴 𑄟𑄧𑄚𑄴 𑄘𑄨𑄚𑄬𑄃𑄨 𑄣𑄬𑄊 𑄛𑄧𑄢 𑄥𑄨𑄊 𑄙𑄧𑄢𑄧𑄣𑄧 ।,রাসরি উো হে মনের মতো লেখা পে গেল
𑄖𑄬 𑄚𑄌𑄴-𑄉𑄨𑄖𑄴𑄤𑄧 𑄇𑄱𑄥𑄴,সে নাচ-গান করে
𑄝𑄢𑄴𑄥𑄨𑄇𑄴 𑄛𑄧𑄢𑄨𑄇𑄴𑄈𑄖𑄴 𑄛𑄧𑄖𑄴𑄗𑄧𑄟𑄴 𑄎𑄉 𑄖𑄬 𑄎𑄪𑄢𑄨 𑄣𑄧𑄣𑄧।,শীতকালের জাগাটা সে জুে নিল
𑄃𑄨𑄥𑄴𑄇𑄪𑄣𑄧 𑄇𑄧𑄟𑄨𑄑𑄨𑄠𑄬 𑄖𑄢𑄬 𑄝𑄢𑄴𑄥𑄨𑄇𑄴 𑄈𑄢 𑄎𑄨𑄘𑄬,স্কুল কমিটি তাকে বাস্কেটবল খেলা নিে গেছে
𑄎𑄨𑄖𑄳𑄠𑄬 𑄃𑄧𑄇𑄴𑄖𑄧𑄘𑄴 𑄎𑄧𑄟𑄧𑄥𑄧𑄟𑄧 𑄝𑄃𑄨𑄚𑄨 𑄉𑄧𑄢𑄴𑄣𑄇𑄴 ।,প্রতিযোগিতা সবাই প্রতিযোগিতা করে
𑄖𑄢𑄬 𑄥𑄖𑄴𑄨𑄜𑄨𑄇𑄬𑄑𑄴 𑄥𑄧𑄟𑄧𑄖𑄴 𑄃𑄬𑄇𑄴𑄇𑄮 𑄑𑄬𑄝𑄨𑄣𑄴 𑄊𑄧𑄢𑄨𑄤𑄧 𑄝𑄧𑄇𑄴𑄥𑄨𑄥𑄴 𑄘𑄨𑄣𑄇𑄴,তাকে ব্যাটারির সম একটা টেবিলও বক্সিে দিল
𑄢𑄠𑄧𑄥𑄳𑄢𑄨 𑄡𑄧𑄘𑄧𑄝𑄧𑄘𑄬 𑄈𑄪𑄎𑄨 𑄦𑄧𑄣𑄧।,সূর্য অস্ত যাচ্ছে
𑄃𑄨𑄥𑄴𑄇𑄪𑄣𑄧𑄖𑄴 𑄝𑄬𑄇𑄴𑄇𑄪𑄚𑄬 𑄖 𑄇𑄨𑄖𑄳𑄠𑄬 𑄌𑄮𑄉𑄴 𑄜𑄨𑄢𑄬 𑄢𑄨𑄚𑄨 𑄌 𑄙𑄧𑄢𑄴𑄣𑄉𑄴 ।,স্কুলে সবাই তার চোখ বন্ধ করে চা ধরছে
𑄖 𑄃𑄬 𑄃𑄪𑄥𑄴𑄱,তার এই উষর
𑄦𑄧𑄚𑄢𑄴 𑄟𑄪𑄣𑄴 𑄟𑄧𑄚𑄧𑄖𑄳𑄢𑄧𑄝𑄱 𑄦𑄧𑄣𑄧 𑄢𑄚𑄴 𑄎𑄪𑄚𑄨 𑄃𑄬𑄟𑄴 𑄃𑄬𑄣𑄴 𑄃𑄨 𑄛𑄳𑄢𑄃𑄨𑄟𑄢𑄨 𑄃𑄨𑄥𑄴𑄇𑄪𑄣𑄴 ।,. হওার মূল মনটি হলো রান জুে আসা এই স্কুল
𑄢𑄚𑄴𑄎𑄪𑄚𑄨 𑄛𑄢 𑄃𑄬𑄟𑄴 𑄃𑄬𑄣𑄴 𑄃𑄨,রংধনুর পাে আসলাম
𑄛𑄳𑄢𑄃𑄨𑄟𑄢𑄨 𑄃𑄨𑄥𑄴𑄇𑄪𑄣𑄴,প্রাইমারী স্কুল
𑄦𑄧𑄇𑄴 𑄃𑄪𑄖𑄪𑄖𑄴𑄖𑄴𑄖𑄧𑄢𑄧𑄢𑄧𑄢𑄧𑄢𑄴 𑄑𑄨𑄇𑄨𑄇𑄴 ( )𑄟𑄎𑄢 𑄘𑄨𑄃𑄨𑄃 ।,হক উতুত করে টোকা দেওা
𑄢𑄠𑄧𑄥𑄳𑄢𑄨 𑄇𑄧𑄠𑄴 𑄝𑄎𑄧𑄢𑄴 ?,সূর্য কদিন জ্বলতেছে
𑄻 𑄝𑄧𑄎𑄧𑄢𑄴 𑄈।,পাঁচ বছর খাওা
𑄼 𑄝𑄎𑄧𑄢𑄴,১. বাজপাখি ২. বাজপাখি
𑄽 𑄝𑄧𑄎𑄧𑄢𑄴 𑄊।,এক বছর গর্ত
𑄾 𑄝𑄧𑄎𑄧𑄢𑄴,"১ বছর, ২ বছর"
𑄢𑄠𑄧𑄥𑄳𑄢𑄨 𑄛𑄧𑄖𑄴𑄖𑄨 𑄘𑄨𑄚𑄴 𑄇𑄪𑄘𑄪 𑄡𑄠𑄴 ?,সূর্য ডোবার সম কোথা যা
𑄛𑄧𑄘𑄬 𑄛𑄧𑄘𑄬 𑄝𑄬𑄢𑄠𑄴 𑄈।,.পদে পদে ঘুরে বো
𑄃𑄨𑄥𑄴𑄇𑄪𑄣𑄧𑄖𑄴 𑄡𑄠𑄴,স্কুলে যাওা
𑄜𑄪𑄣𑄴 𑄝𑄉𑄚𑄧𑄖𑄴 𑄡𑄠𑄴 𑄊।,.ফুল বাগানে যা
𑄥𑄧𑄟𑄎𑄳𑄠 𑄊𑄧𑄢𑄧𑄖𑄴 𑄡𑄠𑄴,সামাজিক বািতে যাওা
𑄢𑄠𑄧𑄥𑄳𑄢𑄨 𑄚𑄨𑄎𑄬𑄚𑄨 𑄈𑄪𑄘𑄨𑄝𑄱 𑄇𑄨 𑄙𑄧𑄇𑄴𑄈𑄳𑄠𑄚𑄴 𑄘𑄨𑄇𑄴𑄈𑄬 ?,সূর্যটা নিজের চুলগুলো কি দেখতেছে?
𑄓𑄋𑄧𑄢𑄴 𑄓𑄋𑄧𑄢𑄴 𑄣𑄬𑄊 𑄊।,ব ব দাগ
𑄌𑄨𑄉𑄧𑄚𑄴 𑄌𑄨𑄉𑄧𑄚𑄴 𑄣𑄬𑄊,ছোট ছোট লেখা
𑄢𑄠𑄧𑄥𑄳𑄢𑄨 𑄇𑄨 𑄟𑄧𑄚𑄧𑄖𑄴 𑄢𑄊𑄬𑄠𑄬?,রাতে কি মনে থাকে?
𑄟𑄥𑄴𑄑𑄧𑄢𑄴 𑄚𑄚𑄪 𑄇𑄧𑄙 𑄥𑄪𑄚𑄚 𑄈।,মাস্টারের কথা শুনা খাওা
𑄉𑄚𑄴 𑄉𑄚,গান করা
𑄝𑄬𑄢𑄚 𑄊।,১. বোনো গর্ত ২. ঘুরে বোনো
𑄈𑄢 𑄈𑄬𑄣𑄚,খেলা খেলা
𑄝𑄢𑄴𑄥𑄨𑄇𑄴 𑄛𑄧𑄢𑄨𑄇𑄴𑄈𑄖𑄴 𑄢𑄠𑄧𑄥𑄳𑄢𑄨 𑄝𑄬𑄇𑄴𑄇𑄪𑄢𑄴,.বিালের পরীক্ষা সবাই রেছে
𑄛𑄧𑄖𑄴𑄗𑄧𑄟𑄴 𑄈।,পথটা খাওা
𑄘𑄨𑄖𑄨𑄠𑄧,"১. দিে, দিে"
𑄌𑄧𑄖𑄪𑄖𑄧𑄗𑄧,"চূা, চূা"
𑄥𑄢 𑄊𑄧𑄢𑄧𑄢𑄴 𑄛𑄪𑄢𑄪𑄢𑄧𑄚𑄧𑄚𑄴 𑄉𑄧𑄢𑄧𑄢𑄨 ।,পুরো বািটা পরিষ্কার করে
𑄃𑄨𑄥𑄴𑄇𑄪𑄣𑄚𑄴 ------------- 𑄥𑄧𑄋𑄴 𑄃𑄧𑄎𑄧𑄣𑄴 𑄟𑄪𑄢𑄧 𑄃𑄪𑄉𑄪𑄢𑄬 𑄝𑄚 𑄦𑄪𑄠𑄬 ।,স্কুলটা- সবসম পাহাড়ের উপরে হেছে
𑄃𑄨𑄥𑄴𑄇𑄪𑄣𑄚𑄴 ---------------𑄘𑄨𑄉𑄮𑄣𑄴 𑄃𑄳𑄦 𑄛𑄘𑄎𑄳𑄠 𑄷𑄺 𑄜𑄪𑄑𑄴।,স্কুল- দিে দিে মাটিটা ১৪ ফুট
𑄃𑄨𑄥𑄴𑄇𑄪𑄣𑄧 𑄇𑄠𑄴 𑄓𑄋𑄧𑄢𑄴 𑄃𑄬𑄇𑄴𑄇𑄮 -------------- ।,ইস্কুলের কাপ একটা
"𑄛𑄨𑄌𑄴𑄬𑄘𑄨 𑄃𑄟𑄴,------------------------ 𑄉𑄌𑄴 𑄃𑄉𑄧𑄚𑄴 ।",".পিঁপি আম,-গাছের আগা"
"𑄢𑄧𑄇𑄴𑄖𑄧 𑄎𑄧𑄝, 𑄥𑄬𑄜𑄣𑄨, -----------------------𑄃𑄳𑄦 𑄛𑄘 𑄝𑄦𑄴𑄢𑄴 𑄉𑄍𑄴 𑄤𑄧 𑄃𑄉𑄬 ।","রক্ত জবা, সেফালি, -এই পাতার গাছও আছে"
𑄢𑄠𑄧𑄥𑄳𑄢𑄨 𑄟𑄥𑄴𑄑𑄧𑄢𑄴 𑄚𑄚𑄪𑄢𑄬 𑄇𑄨 𑄘𑄬𑄊𑄬𑄣𑄧 ?,রসী মাছটাকে কি দেখল
𑄢𑄠𑄧𑄥𑄳𑄢𑄨 𑄇𑄨𑄖𑄳𑄠𑄬𑄭 𑄟𑄥𑄴𑄖𑄧𑄢𑄴𑄚𑄚𑄪𑄢𑄴 𑄞𑄧𑄇𑄴𑄖𑄨 𑄥𑄳𑄢𑄧𑄘𑄴𑄙 𑄃𑄬𑄌𑄴𑄌𑄬 ?,সূর্য অস্ত যাচ্ছে কেন?
𑄢𑄠𑄧𑄥𑄳𑄢𑄨 𑄝𑄝𑄬 𑄖𑄢𑄬 𑄇𑄨 𑄇𑄧𑄙 𑄘𑄨𑄠𑄬 ?,সূর্য ডোবার সম তাকে কি বলল?
𑄝𑄢𑄴𑄥𑄨𑄇𑄴 𑄎𑄨𑄘𑄬𑄎𑄖𑄳𑄠𑄬 𑄈𑄢 𑄇𑄧𑄚𑄴𑄚 𑄎𑄠𑄴𑄎𑄪𑄉𑄧𑄣𑄴 𑄉𑄧𑄎𑄳𑄠𑄬 ?,বেতের তৈরি খেলা কে খেলতে গেছে?
𑄢𑄠𑄧𑄥𑄳𑄢𑄨 𑄉𑄧𑄟𑄴𑄉𑄧𑄢𑄨 𑄝𑄖𑄳𑄠𑄬 𑄖 𑄇𑄟𑄴 𑄇𑄨 𑄃𑄬𑄣𑄧 ?,সূর্য ডোবার সম তার কাজ কি আসলো?
𑄎𑄪𑄟𑄴𑄝𑄧𑄣-𑄡𑄬 𑄎𑄪𑄟𑄧 𑄇𑄟𑄴 𑄉𑄧𑄢𑄬 ।,জোা- যে জুমের কাজ করে
𑄖𑄋𑄣𑄬 𑄦𑄧𑄣𑄧 𑄦𑄧𑄇𑄴 𑄎𑄪𑄟𑄴𑄝𑄧𑄣 ।,তাাতাি হে হ
𑄚𑄨𑄬𑄨𑄎𑄬𑄚𑄨 𑄈𑄪𑄘𑄪𑄘𑄧-𑄧-𑄡𑄨𑄠𑄚𑄧𑄖𑄴 𑄚𑄋𑄴 𑄣𑄬𑄊 𑄗𑄠𑄴 ।,.নিচে পরিষ্কার-যেে নাম লেখা থাকে।
𑄢𑄠𑄧𑄥𑄳𑄢𑄨𑄘𑄉𑄨 𑄃𑄨𑄥𑄇𑄪𑄣𑄧𑄖𑄴 𑄚𑄨𑄎𑄬𑄚𑄨 𑄈𑄪𑄘𑄧𑄝𑄱𑄘𑄴 𑄚𑄋𑄴 𑄣𑄬𑄊 𑄃𑄊𑄬,সূর্য ডোবার সম নিজের মাথা হাত দো আছে
𑄃𑄪𑄥𑄪𑄥𑄴𑄱-𑄱𑄴- 𑄟𑄧𑄚𑄴 𑄥𑄋𑄴 𑄥𑄋𑄳𑄠 𑄗𑄚 ।,উস্কুখুস্কু-মনে থাকা
𑄖𑄪𑄣𑄨𑄇 𑄝𑄧𑄃𑄨 𑄟𑄬𑄣𑄖𑄴 𑄡𑄘𑄬 𑄃𑄪𑄥𑄴𑄱 𑄦𑄧𑄣𑄧 ।,.তুলনা বই মেলা যেতে যেতে ক্লান্ত হে গেল
𑄇𑄱𑄥𑄱𑄥𑄴-𑄴-𑄇𑄠𑄴𑄘 ।,কোঁকানো-কোচা
𑄢𑄠𑄧𑄥𑄳𑄢𑄨 𑄉𑄚𑄧𑄢𑄴 𑄇𑄱𑄥𑄴 𑄖 𑄟𑄥𑄴𑄑𑄧𑄢𑄴𑄚𑄚𑄪𑄖𑄥𑄪𑄚𑄴 𑄥𑄨𑄊𑄬𑄢𑄴 ।,রসী গান করতেছে সে
𑄢𑄠𑄧𑄥𑄳𑄢𑄨𑄢𑄬 𑄡𑄧𑄘𑄧𑄝𑄧𑄘𑄬 𑄇𑄨𑄢𑄴𑄝𑄱 𑄉𑄧𑄢𑄬𑄛 ।,রাত হলে শরীরটা কেমন যেন করে
𑄖𑄬𑄚𑄴𑄟𑄴𑄟𑄋𑄴-𑄴-𑄟𑄨𑄑𑄨𑄠 ।,তেনমারা-মিষ্টি
𑄝𑄬𑄇𑄴 𑄃𑄘𑄟𑄳𑄠 𑄃𑄬𑄉𑄧𑄖𑄴𑄖𑄧𑄢𑄴 𑄦𑄧𑄚𑄬𑄃𑄨 𑄖𑄬𑄟𑄴𑄟𑄋𑄴 𑄉𑄧𑄢𑄧𑄢𑄴 ।,সব গ্রামবাসী এক হওা তেমাং করতেছে
𑄝𑄨𑄘𑄴𑄘𑄪𑄖𑄴 𑄎𑄮𑄖𑄨 𑄌𑄋𑄴𑄟,এক জাতী চামা
𑄟𑄪𑄢𑄧 𑄘𑄬𑄎𑄧 𑄟𑄪𑄢𑄧𑄣𑄳𑄠𑄬 𑄟𑄪𑄃𑄨,পাহাের চূা দিে হেঁটে যাওা
𑄟𑄮𑄚𑄬 𑄟𑄮𑄚𑄬 𑄗𑄋𑄴 ।,পাহাে পাহাে থাকা
𑄌𑄨𑄉𑄮𑄚𑄴 𑄍𑄧𑄢 𑄃𑄬𑄟𑄚𑄴 𑄛𑄬𑄉𑄴,ছোট এক জাতী পাখি
𑄖𑄢𑄢𑄬 𑄟𑄪𑄃𑄨 𑄉𑄧𑄟𑄴 𑄛𑄋𑄴।,তাদেরকে আমি ভালো পাই
𑄃𑄬𑄃𑄨𑄣𑄴 𑄘𑄬𑄎𑄧 𑄃𑄬𑄃𑄨𑄣𑄴 𑄏𑄢𑄴,এত ব জঙ্গল
𑄃𑄟 𑄘𑄬𑄎𑄧 𑄏𑄢𑄴 𑄛𑄚𑄨,আমাদের দোলের পানি
𑄝𑄎𑄬𑄃𑄨 𑄢𑄉𑄬𑄝𑄧𑄋𑄴 𑄃𑄟𑄨 ।,আমরা খুব রাগ করবো
𑄞𑄌𑄴 𑄞𑄋𑄚 ।,ভাপ ভাঙা
𑄟𑄪𑄢𑄪𑄢𑄧𑄬𑄧𑄣𑄳𑄠𑄬 - 𑄡𑄬 𑄟𑄪𑄢𑄧𑄖𑄴 𑄗𑄠𑄴 ।,লুকোচুরি খেলা যে লুকোচুরি খেলা
𑄟𑄪𑄃𑄨 𑄃𑄬𑄇𑄴𑄎𑄧𑄚𑄴 𑄟𑄪𑄢𑄧𑄣𑄳𑄠𑄬 ।,আমি একজন মলা
"𑄟𑄮𑄚𑄮𑄚𑄴 - 𑄃𑄧𑄎𑄧𑄣𑄴 𑄟𑄪𑄢𑄧 , 𑄝𑄧𑄢𑄧𑄚 𑄥𑄇𑄴 𑄟𑄮𑄚𑄧𑄖𑄴 𑄃𑄪𑄘𑄬 ।","পাহাে-অতুল মুর,বরনা শাক পাহাে উঠে"
𑄉𑄎𑄧 𑄛𑄘𑄚𑄨 𑄃𑄬𑄃𑄨𑄣𑄴 𑄢𑄧𑄋𑄴 ।,গাছের পাতা এইল রং
𑄌𑄬𑄢𑄴 𑄌𑄬𑄢𑄬 - 𑄎𑄘𑄨 𑄟𑄘𑄨 ।,"চেে চেে, জাগা মাটি"
𑄃𑄟 𑄘𑄬𑄎𑄧 𑄉𑄌𑄴 𑄝𑄌𑄴 𑄌𑄬𑄢𑄴 𑄌𑄬𑄢𑄬 𑄇𑄧𑄟𑄨 𑄡𑄘𑄧𑄚𑄴 ।,আমাদের দোল গাছ চে চে যাচ্ছে
𑄌𑄬𑄘𑄟𑄴-𑄴- 𑄝𑄧𑄣𑄬 𑄇𑄧𑄣𑄬 𑄢𑄢 ।,চোম-বললে রাত
𑄌𑄬𑄘𑄟𑄧 𑄝𑄧𑄣𑄬 𑄣𑄬𑄊 𑄛𑄧𑄢 𑄉𑄧𑄢𑄚 ।,চোম বলে পা
𑄥𑄢 𑄊𑄧𑄢𑄴 𑄛𑄪𑄢𑄧𑄚𑄧𑄚𑄴 𑄉𑄧𑄢𑄧𑄢𑄨 𑄃 𑄣𑄨𑄊𑄨𑄊𑄨 ।,পুরো বািটা ভরাট করে আছে
𑄇) 𑄃𑄬𑄃𑄨𑄣𑄴 𑄘𑄬𑄎𑄧 --------------------- 𑄏𑄢𑄴।,কাপের ঢাল-জঙ্গল
𑄈) -------------------𑄛𑄬𑄝𑄧𑄋𑄴 𑄃𑄟𑄨 ।,খাা-পেব আমরা
𑄉) 𑄌𑄬𑄢𑄴 𑄌𑄬𑄢𑄬 -------------------- ।,গাের চেে চেে
𑄊) 𑄟𑄪𑄢𑄧 𑄘𑄬𑄎𑄧 --------------------𑄟𑄪𑄃𑄨 ।,পাহাের নিচ থেকে পাহাের দোল
𑄃𑄪𑄉𑄪𑄘𑄧 𑄢𑄧𑄃𑄪𑄚𑄴 𑄘𑄉𑄴 𑄖𑄚𑄨𑄬𑄨𑄚𑄬𑄃𑄨 𑄟𑄨𑄬𑄨𑄣𑄬𑄃𑄨 ।,.উগুর রোদ তাাতাি নিভে যা
𑄛𑄨𑄎𑄧𑄢𑄚𑄨 𑄇𑄧𑄃𑄨 𑄃 𑄣𑄨𑄊𑄨𑄊𑄨 ।,পিঞ্জরটা কোথা আছে
𑄇)𑄟𑄪𑄢𑄧 𑄘𑄬𑄎𑄧 𑄟𑄚𑄪𑄌𑄴𑄪𑄚𑄴 𑄇𑄧𑄘𑄪 𑄗𑄚𑄴 ?,কেমুার দোলগুলো কোথা থাকে?
𑄈)𑄟𑄪𑄢𑄧𑄖𑄴 𑄘𑄬𑄎𑄧𑄖𑄴 𑄇𑄨 𑄇𑄨 𑄃𑄉𑄬 ?,খোলের মুখে কি কি আছে?
𑄉)𑄟𑄪𑄢𑄧𑄣𑄳𑄠𑄬 𑄇𑄨 𑄉𑄧𑄟𑄴 𑄛𑄠𑄴 ?,গাের মলা কি ভালো পা
𑄊)𑄃𑄟𑄨 𑄇𑄨 𑄝𑄎𑄬𑄃𑄨 𑄛𑄬𑄝𑄧𑄋𑄴 ?,.আমরা কি কষ্ট পাবো?
𑄝𑄎𑄚 𑄣𑄢𑄬 𑄣𑄢𑄬,১. বাজানো ধীরে ধীরে ২. বাজানো ধীরে
𑄇𑄧𑄟𑄴 𑄝𑄚𑄳𑄠𑄬,কম বানা
𑄢𑄧𑄎𑄬𑄠𑄬:𑄃𑄢𑄴𑄡𑄧 𑄟𑄨𑄖𑄳𑄢𑄧 𑄌𑄋𑄴𑄟,"রগচটা, রগচটা"
𑄌𑄋𑄴𑄟𑄃𑄪𑄚𑄬 𑄃𑄬𑄇𑄴𑄇𑄣𑄬 𑄚𑄚𑄚𑄴 𑄝𑄝𑄧𑄖𑄳𑄠𑄬 𑄞𑄪𑄖𑄴-𑄘𑄬𑄝𑄬𑄘 𑄛𑄪𑄎𑄧 𑄉𑄧𑄖𑄴𑄗𑄇𑄴 ।,চাকমারা একনাগাে নানান ধরনের ভূত-দেবতা পালন করতেছে
𑄃𑄨𑄇𑄴𑄇𑄨𑄚𑄬 𑄥𑄨𑄠𑄚𑄨 𑄃𑄟𑄃𑄨𑄘𑄪,আজকে সেগুলো আমাদের
"𑄃𑄬𑄧 𑄘𑄬𑄊 𑄡𑄠𑄴 𑄃𑄧𑄏, 𑄝𑄮𑄘𑄳𑄠𑄧 𑄃 𑄣𑄪𑄢𑄨𑄣𑄮𑄃𑄨 𑄌𑄋𑄴𑄟𑄃𑄪𑄚𑄬 𑄥𑄬 𑄇𑄟𑄚𑄨 𑄉𑄧𑄢𑄨 𑄗𑄚𑄴 ।","এই ছবি যাওা যা,বা আর লুকাে চাকমারা সেই কাজগুলো করে"
𑄖𑄧𑄣𑄬𑄚𑄴𑄘𑄨 𑄚𑄚𑄚𑄴,নিচে নানা ধরনের
𑄝𑄝𑄧𑄖𑄳𑄠𑄬 𑄛𑄪𑄎𑄧𑄢𑄴 𑄇𑄧𑄙 𑄎𑄚 𑄗𑄬𑄝𑄢𑄴𑄣𑄃𑄨 𑄌𑄨𑄉𑄮𑄚𑄴 𑄉𑄧𑄢𑄨 𑄣𑄬𑄊 𑄦𑄧𑄣𑄧:,বািতে পে যাওার জন্য পাহাে ছোট করে লেখা হলো
𑄞𑄖𑄴𑄬𑄴𑄘𑄳𑄠𑄬: 𑄟𑄪𑄎𑄳𑄠𑄬 𑄉𑄳𑄠𑄖𑄨-𑄇𑄪𑄣𑄧𑄖𑄳𑄠𑄬 𑄃𑄬 𑄛𑄪𑄎𑄧 𑄘𑄬 𑄦𑄧𑄠𑄴 ।,বোতে: মেে-মেে-কুলে এই পোকা দে
𑄝𑄝𑄧𑄇𑄪𑄣𑄬 𑄥𑄖𑄴 𑄛𑄪𑄢𑄪𑄥𑄴 𑄃: 𑄟 𑄇𑄪𑄣𑄬 𑄥𑄖𑄴 𑄛𑄪𑄢𑄪𑄥,বাবকুলে সাত পুরুস আর মা কুলে সাত পুরুস
𑄃𑄪𑄘𑄴𑄧𑄢𑄴 𑄦𑄧𑄝𑄖𑄳𑄠𑄬𑄭 ।,রওনা হে যাবে
𑄃𑄉𑄧𑄢𑄴 𑄖𑄢 𑄛𑄧𑄢𑄬 𑄥𑄪𑄚𑄚𑄴 ।,তারা আগের চাইতে শুনে
𑄃𑄉𑄧 𑄎𑄧𑄚𑄧𑄟𑄴,এক জাতী সবজি
𑄛𑄳𑄢𑄧𑄟𑄚𑄧𑄖𑄬𑄃𑄨 𑄛𑄪𑄎𑄧𑄝𑄮 𑄉𑄧𑄢 𑄦𑄧𑄠𑄴 ।,. পরীক্ষা উত্তীর্ণ হতে হ।
𑄗𑄚𑄴𑄟𑄴𑄟𑄚: 𑄜𑄉𑄮𑄚𑄴-𑄌𑄮𑄖𑄴 𑄟𑄥𑄳𑄠𑄬 𑄃𑄬 𑄛𑄪𑄎𑄧𑄝𑄮,.থাপ্প দেওা: পাহাের ভিতরে মািেছে এই বাচ্চাটা
"𑄃𑄘𑄟𑄳𑄠 𑄟𑄨𑄣𑄨 𑄑𑄬𑄋-𑄌𑄮𑄣𑄴 𑄖𑄪𑄣𑄨,",গ্রামের সবাই টাকা-চোল তুলে
𑄃𑄧𑄏-𑄝𑄮𑄘𑄳𑄠𑄧𑄣𑄮𑄭 𑄍𑄧𑄢 𑄛𑄢𑄧𑄖𑄴 𑄃𑄬 𑄛𑄪𑄎𑄧 𑄉𑄧𑄢,এই পোকা-মলা দিে পা যা
𑄦𑄧𑄠𑄴 ।,"হ্যাঁ, জ্বি"
𑄛𑄪𑄎𑄧𑄖𑄴 𑄥𑄪𑄉𑄧𑄢𑄴 𑄇𑄪𑄢𑄧 𑄔𑄣𑄨 𑄘𑄨𑄠 𑄦𑄧𑄠𑄴,.পঁচে শুকর ঢেলে দো হ
𑄧𑄢𑄧𑄖𑄳𑄠𑄬 𑄛𑄪𑄎𑄧 𑄘𑄨𑄣𑄬𑄠𑄴 𑄃𑄘𑄟𑄳𑄠𑄃𑄪𑄚𑄧𑄢𑄴,সূর্য অস্ত গেলে গ্রামের মানুষরা
𑄞𑄨𑄘𑄨𑄢𑄬 𑄧𑄘 𑄝𑄧𑄣𑄴 𑄃 𑄙𑄬𑄠𑄬𑄣𑄨-𑄟𑄬𑄠𑄬𑄣𑄨,পিছনে দাঁিে দাঁিে শক্তি আছে
𑄝𑄢𑄬 ।,"বাইরে, বাইরে"
𑄝𑄪𑄢𑄪𑄢𑄴 𑄛𑄢: 𑄃𑄘𑄟𑄧 𑄜𑄢 𑄘𑄧𑄏 𑄃 𑄃𑄛𑄧𑄘𑄴 𑄝𑄧𑄣 𑄇𑄘𑄬𑄝𑄖𑄳𑄠𑄬𑄃𑄨 𑄃𑄬 𑄛𑄪𑄎𑄧𑄝𑄮 𑄉𑄧𑄢 𑄦𑄧𑄠𑄴 ।,বুো পাা: গ্রামের ফাঁক দিে এই পোকাটা করা হ
𑄉𑄨𑄢𑄨 𑄟𑄚𑄪𑄥𑄴𑄪𑄚𑄧𑄢𑄬,গিরি মানুষদেরকে
𑄝𑄮𑄘𑄳𑄠𑄬𑄠𑄬 𑄍𑄧𑄢 𑄛𑄢𑄧𑄖𑄴 𑄚𑄨𑄚𑄬𑄭 𑄊𑄨𑄣-𑄇𑄧𑄎𑄧𑄃𑄨 𑄃 𑄇𑄎-𑄦𑄧𑄣𑄮𑄘𑄧 𑄛𑄚𑄨 𑄟𑄧𑄚𑄴𑄘𑄧𑄢𑄴 𑄘𑄨𑄚𑄬 𑄥𑄪𑄘𑄴𑄙𑄧 𑄥𑄋𑄴𑄉𑄧 𑄉𑄧𑄢𑄬 ।,বইে পাহাের পাে নিে গেলেই ঘিলা-মলা পানিতে ডুবে যা
𑄃𑄘𑄟𑄴 𑄝𑄧𑄚𑄧𑄚𑄴:𑄴: 𑄃𑄘𑄟𑄧 𑄞𑄣𑄬𑄘𑄧𑄖𑄳𑄠𑄬𑄃𑄨 𑄃𑄬,গ্রামের বন: গ্রাম ভালো
𑄛𑄪𑄎𑄧 𑄉𑄧𑄢 𑄦𑄧𑄠𑄴 ।,পোকামাক করা হ
𑄃𑄘𑄟𑄧 𑄛𑄧𑄗𑄴 𑄚𑄘𑄨 𑄘𑄨𑄠,গ্রামের পথ বন্ধ করে দো
"𑄦𑄧𑄠𑄴, 𑄝𑄢𑄬 𑄟𑄚𑄪𑄥𑄴 𑄃𑄘𑄟𑄧𑄖𑄴 𑄥𑄧𑄟𑄬 𑄚𑄧","হ,বারে মানুষ গ্রামে সহাবস্থান করে না"
𑄛𑄢𑄧𑄚𑄴 ।,"পা, পা, পা"
𑄦𑄬𑄘 𑄓𑄉𑄚: 𑄌𑄨𑄉𑄮𑄚𑄴 𑄉𑄪𑄢𑄧 𑄈𑄧𑄚𑄴𑄥𑄪𑄇𑄴 𑄥𑄪𑄇𑄴,হেদানো: ছোট ছোট সোনার সুক
𑄦𑄧𑄣𑄬 𑄃𑄬 𑄛𑄪𑄎𑄧𑄝𑄱 𑄉𑄧𑄢 𑄦𑄧𑄠𑄴 ।,এই পোকাটা করা হ
𑄃𑄬𑄇𑄴𑄈𑄚𑄴,একটা
𑄟𑄬𑄎𑄋𑄧𑄖𑄴 𑄛𑄘 𑄃𑄪𑄉𑄪𑄢𑄬 𑄚𑄚𑄝𑄝𑄧𑄖𑄳𑄠𑄬 𑄈𑄚,মেেদের পাতার উপর দিে খাওা
𑄃 𑄑𑄬𑄋 𑄘𑄨𑄚𑄬𑄃𑄨 𑄌𑄨𑄉𑄮𑄚𑄴 𑄌𑄨𑄎𑄨𑄢𑄬 𑄉𑄧𑄎,এক টাকার দিনে ছোট ছোট গজা
𑄌𑄨𑄉𑄮𑄚𑄴 𑄌𑄨𑄎𑄨𑄢𑄬 𑄟𑄧𑄚𑄧 𑄈𑄪𑄎𑄨𑄠𑄬,ছোট ছোট শিশুকে মনে পে
𑄡𑄨𑄠𑄚𑄴 𑄟𑄧𑄚𑄬 𑄦𑄧𑄠𑄴 𑄥𑄨𑄠𑄚𑄴 𑄣𑄧𑄠𑄴 𑄝 𑄈𑄠𑄴 ।,.যেটা মনে হ সেটা নাও বা খাও
𑄌𑄋𑄴𑄟 𑄥𑄧𑄟𑄎𑄧𑄢𑄴 𑄃𑄨𑄠𑄚𑄨 𑄝𑄘𑄬𑄠𑄧 𑄃 𑄚𑄚𑄝𑄝𑄧𑄖𑄳𑄠𑄬 𑄛𑄪𑄎𑄧 𑄃𑄉𑄧𑄚𑄴 ।,চাকমাদের এইগুলো বাদ দিে অনেক গুলো বাচ্চা আছে
"𑄡𑄬𑄚𑄴 𑄘𑄬𑄝𑄬𑄘 𑄛𑄪𑄎𑄧, 𑄘𑄧𑄛𑄧𑄣𑄴𑄣 𑄥𑄪𑄉𑄧𑄢𑄴 𑄘𑄬𑄚",".যেন দেবতা পুজ,দুধের শুকর দো"
", 𑄞𑄪𑄖𑄴 𑄛𑄪𑄎𑄧 , 𑄟 𑄣𑄧𑄇𑄴𑄈𑄨 𑄛𑄪𑄎𑄧 𑄙𑄧𑄢𑄴𑄟𑄧 𑄇𑄟𑄴 𑄃 𑄝𑄣𑄧𑄇𑄴 𑄝𑄝𑄧𑄖𑄳𑄠𑄬 𑄛𑄪𑄎𑄧 𑄃𑄉𑄬 ।",". ভূত পুজ, ভূতপুজ, মা লক্ষী পুজ ধর্ম কাজ করছে।"
𑄛𑄨𑄎𑄧𑄢𑄚𑄨 𑄃𑄪𑄖𑄪𑄖𑄴𑄖𑄴𑄖𑄧𑄢𑄧𑄢𑄴 𑄇𑄧𑄠𑄧𑄠𑄴 𑄃 𑄣𑄨𑄊𑄨𑄊𑄨 ।,পিঁপাটা উপরে তুলতেছি
𑄌𑄋𑄥𑄟𑄃𑄪𑄚𑄬 𑄃𑄬𑄇𑄴𑄇𑄣𑄬 𑄇𑄨 𑄇𑄨 𑄛𑄪𑄎𑄧 𑄉𑄧𑄢𑄴𑄗𑄇𑄴 ?,বুো মানুষরা এককালে কি কি পোকা করে
𑄞𑄖𑄴𑄘𑄬 𑄛𑄪𑄎𑄧 𑄇𑄨𑄖𑄴𑄬𑄃𑄨 𑄉𑄧𑄢𑄧𑄚𑄴 ?,ভাতে পোকা কি করে?
𑄗𑄟𑄚 𑄛𑄪𑄎𑄧 𑄉𑄧𑄢𑄴𑄣𑄬 𑄇𑄨 𑄦𑄧𑄠𑄴 ?,থামানো পুজ করলে কি হ
𑄃𑄘𑄟𑄧𑄖𑄴 𑄇𑄨 𑄛𑄪𑄎𑄧 𑄉𑄧𑄢𑄴𑄣𑄬 𑄝𑄢𑄬 𑄃𑄘𑄟𑄧 𑄟𑄚𑄪𑄥𑄴 𑄥𑄧𑄟𑄬 𑄚𑄧 𑄛𑄢𑄧𑄚𑄴 ?,গ্রামের মানুষ কি পোকামাক করলে গ্রামের মানুষ টিকতে পারে না
𑄦𑄬𑄘 𑄓𑄉𑄨𑄣𑄬 𑄇𑄨 𑄇𑄨 𑄉𑄧𑄢 𑄛𑄧𑄢𑄬 ?,পাখানা করলে কি কি করতে হ
𑄥𑄢 𑄊𑄧𑄢𑄧𑄢𑄴 𑄛𑄪𑄢𑄪𑄢𑄧𑄚𑄧𑄚𑄴 𑄉𑄧𑄢𑄧𑄢𑄨 𑄃 𑄣𑄨𑄊𑄨𑄊𑄨 ।,পুরো বািটা পরিষ্কার করে আছে
𑄇) 𑄛𑄪𑄎𑄧 𑄘𑄬𑄘𑄬 𑄣𑄪𑄢𑄨𑄃𑄪𑄚𑄬 ---------- 𑄛𑄧𑄢𑄬 𑄥𑄪𑄚𑄚 ।,কেকটা পোকা দো পরে শোনা
𑄈) -----------𑄛𑄪𑄎𑄧𑄖𑄴 𑄥𑄪𑄉𑄧𑄢𑄴 𑄇𑄪𑄢𑄧 𑄙𑄣𑄨 𑄘𑄨𑄠 𑄦𑄧𑄠𑄴।,খা -পুে শুকর ঢেলে দো
𑄉) 𑄃𑄘𑄟𑄧 𑄞𑄣𑄬𑄘𑄧𑄖𑄳𑄠𑄬𑄃𑄨 ----------- 𑄛𑄪𑄎𑄧 𑄉𑄧𑄢 𑄦𑄧𑄠𑄴।,গাের গ্রামটা ভালো করে পরিষ্কার হ
𑄊)𑄌𑄨𑄉𑄧𑄚𑄴 𑄌𑄨𑄎𑄨 𑄟𑄧𑄚𑄧 𑄈𑄪𑄎𑄨𑄠𑄬 𑄡𑄨𑄠𑄚𑄴 𑄟𑄧𑄚𑄬 𑄦𑄧𑄠𑄴 𑄥𑄨𑄠𑄚𑄴 ---------- ।,ঘাের চূা দিে যে মনটা মনে হ সেটা
𑄋)𑄌𑄋𑄴𑄟 𑄥𑄧𑄟𑄎𑄧𑄢𑄴 𑄃𑄨𑄠𑄚𑄨-------------------- 𑄛𑄪𑄎𑄧 𑄃𑄉𑄧𑄚𑄴 ।,নাচা সমাজের এইগুলো-পুজ আছে
𑄞𑄌𑄴 𑄏𑄢𑄬𑄃𑄨 𑄇𑄧𑄃𑄧𑄃𑄨 𑄃 𑄣𑄨𑄊𑄨𑄊𑄨 ।,বাঁশের জঙ্গলের মধ্যে কেকটা লেখা আছে
𑄛𑄪𑄎𑄧- 𑄉𑄉𑄪𑄣𑄨 𑄉𑄧𑄟𑄴 𑄗𑄬𑄝𑄢𑄴𑄖𑄬𑄭 𑄛𑄪𑄢𑄧𑄚𑄧 𑄃𑄟𑄧𑄣𑄧𑄖𑄴 𑄘𑄬𑄝𑄬𑄘𑄢𑄬 𑄛𑄪𑄎𑄧 𑄉𑄧𑄢𑄧𑄚𑄴 ।,.পজ্জো- গাি ভালো থাকার জন্য দেবতাকে পুজ করে
𑄥𑄖𑄴 𑄛𑄪𑄢𑄪𑄥𑄴- 𑄃𑄬 𑄎𑄉𑄚𑄧𑄖𑄴 𑄥𑄖𑄴 𑄛𑄪𑄢𑄪𑄥 𑄙𑄧𑄢𑄨 𑄃𑄟𑄨 𑄃𑄉𑄨 ।,সাত পুরুস- এই জাগা সাত পুরুস ধরে আমরা আছি
𑄃𑄧𑄏-𑄝𑄮𑄘𑄳𑄠𑄧- 𑄛𑄪𑄢𑄧𑄚𑄧 𑄃𑄟𑄧𑄣𑄧𑄖𑄴 𑄃𑄧𑄏 𑄝𑄮𑄘𑄳𑄠𑄧𑄣𑄮𑄭 𑄛𑄪𑄎𑄧 𑄉𑄧𑄢𑄧𑄚𑄴 ।,.আকাশ-ব- পাতালে অনেক বাতাস পে
𑄌𑄪𑄉𑄪𑄣𑄧𑄋𑄴- 𑄟𑄬𑄣 𑄣𑄧𑄇𑄴𑄈𑄬 𑄌𑄪𑄉𑄪𑄣𑄧𑄋𑄴𑄉𑄧𑄢𑄨𑄚𑄬𑄃𑄨 𑄈𑄚 𑄥𑄬𑄢𑄬 𑄘𑄮𑄚𑄴 ।,চূা-মেলার সম খেে দো
𑄈𑄧𑄚𑄴𑄥𑄪𑄇𑄴 𑄥𑄪𑄇𑄴- 𑄇𑄪𑄖𑄴𑄖𑄧𑄢𑄨 ।,এক জাতী কচু
𑄌𑄨𑄌𑄨𑄃𑄪𑄚𑄬 𑄙𑄧𑄉𑄬 𑄙𑄧𑄉𑄬 𑄚𑄧 𑄦𑄧𑄣𑄬 𑄈𑄧𑄚𑄴𑄥𑄪𑄇𑄴 𑄥𑄪𑄇𑄴 𑄦𑄧𑄚𑄴 ।,চিচিগুলো ভালোভাবে না হলে খসখস শব্দ হ
𑄃𑄬𑄇𑄴𑄈𑄚𑄴 𑄏𑄢𑄧𑄖𑄴 𑄃𑄬𑄇𑄴𑄇𑄱 𑄟 𑄥𑄪𑄉𑄧𑄢𑄴 𑄖 𑄛𑄮-𑄌𑄃𑄪𑄚𑄴𑄘𑄧𑄃𑄨 𑄗𑄬𑄘𑄧 ।,একটা জঙ্গলের মধ্যে একটা মা শুকর তার ছেলের সাথে থাকে
𑄟 𑄥𑄪𑄉𑄧𑄢𑄴𑄝𑄮 𑄘𑄨𑄚𑄴𑄝𑄠𑄚𑄬 𑄏𑄢𑄧𑄖𑄴 𑄡𑄬𑄚𑄬𑄃𑄨 𑄖,মা শুকরটা প্রতিদিন জঙ্গল যা
𑄍𑄧𑄉𑄪𑄚𑄧𑄖𑄬𑄃𑄨 𑄈𑄬𑄝𑄢𑄴 𑄎𑄨𑄚𑄨𑄥𑄴 𑄗𑄧𑄉𑄬 𑄃𑄚𑄨 𑄘𑄨𑄘𑄧𑄉𑄮𑄃𑄨 ।,ছগুে খাওার জিনিসপত্র সব গুো করে এনে দে
𑄃𑄬𑄇𑄴 𑄘𑄨𑄚𑄳𑄠𑄬 𑄈𑄬𑄝𑄢𑄴 𑄗𑄧𑄉𑄬 𑄃𑄚𑄨𑄝𑄖𑄳𑄠𑄬𑄃𑄨 𑄏𑄢𑄧𑄖𑄴 𑄡𑄨𑄚𑄬𑄃𑄨,এক দিন খাওার জন্য খোল রেখে জঙ্গলে যাওা
𑄘𑄬𑄣𑄧 𑄃𑄬𑄇𑄴𑄇𑄮 𑄝𑄊𑄧 𑄌𑄧 𑄉𑄠𑄴 𑄉𑄠𑄴 𑄟 𑄟 𑄉𑄧𑄢𑄨 𑄓𑄉𑄨𑄚𑄬𑄭 𑄉𑄪𑄎𑄪𑄢𑄨 𑄉𑄪𑄎𑄪𑄢𑄨 𑄇𑄚𑄬𑄢𑄴 ।,দিল এক বাঘের চূা দিে মা মা করে কাঁদতেছে
𑄟 𑄥𑄪𑄉𑄧𑄢𑄴𑄝𑄱 𑄌𑄬𑄢𑄧𑄇𑄨𑄖𑄳𑄠𑄬 𑄟𑄝𑄊𑄳𑄠𑄧𑄢𑄬,মা শুকরটা চূা দিে মাছ ধরছে
𑄗𑄧𑄊𑄬 𑄚𑄧𑄛𑄬𑄚𑄬𑄃𑄨 𑄟𑄧𑄚𑄬 𑄟𑄧𑄚𑄬 𑄞𑄝𑄨𑄣𑄧 𑄝𑄊𑄨𑄚𑄨𑄢𑄬 𑄇𑄟𑄇𑄴𑄈𑄠𑄴 𑄥𑄨𑄉𑄢𑄨𑄠𑄬 𑄟𑄢𑄬 𑄜𑄬𑄣𑄴𑄣𑄮𑄚𑄴 𑄌𑄧𑄝𑄱 𑄉𑄠𑄴,.থাকতে না পারলে মনে হ বাঘটাকে কামিে মেরে ফেললো সে
𑄉𑄠𑄴 𑄗𑄬𑄣𑄬 𑄟𑄧𑄢𑄨 𑄡𑄬𑄝𑄧 ।,গাছ থাকলে মরে যাবে
𑄟 𑄥𑄪𑄉𑄧𑄢𑄴𑄝𑄱𑄖𑄴𑄪𑄚𑄴 𑄟𑄨𑄠𑄬 𑄣𑄉𑄨𑄚𑄬𑄃𑄨 𑄝𑄊𑄧 𑄌𑄧𑄝𑄧𑄢𑄬 𑄖 𑄊𑄧𑄢𑄧𑄖𑄴 𑄃𑄚𑄨𑄣𑄧 ।,.মা শুকরটা আমার সাথে লাগিে বাঘের চূে তার বািতে আসলো
𑄝𑄊𑄧 𑄌𑄧𑄝𑄱 𑄥𑄪𑄉𑄧𑄢𑄴,বাঘের চওা শুকর
𑄌𑄧𑄉𑄪𑄚𑄧 𑄣𑄧𑄉𑄬 𑄟𑄨𑄣𑄬 𑄎𑄪𑄣𑄬 𑄗𑄉𑄧𑄘𑄬 𑄗𑄉𑄧𑄘𑄬 𑄔𑄋𑄧𑄢𑄴 𑄦𑄧𑄣𑄧 ।,চূার সাথে মেে গেলে ব হেছে
𑄃𑄬𑄋𑄬𑄢𑄨 𑄝𑄬𑄇𑄴𑄪𑄚𑄬 𑄥𑄪𑄈𑄬 𑄥𑄚𑄴𑄖𑄨𑄠𑄬 𑄗𑄇𑄴𑄘𑄬 𑄗𑄇𑄴𑄘𑄬,এক জাতী মানুষগুলো সুখে বেঁচে থাকে
𑄃𑄬𑄇𑄴𑄘𑄨𑄚𑄴𑄳𑄠 𑄟 𑄥𑄪𑄉𑄧𑄢𑄴𑄝𑄮 𑄟𑄧𑄢𑄨 𑄉𑄬𑄣𑄧𑄉𑄮𑄃𑄨 ।,এক দিন মা শুকর মারা গেল
𑄖𑄧𑄝𑄬 𑄥𑄬𑄇𑄴𑄈𑄬 𑄥𑄪𑄉𑄧𑄢𑄴 𑄌𑄧𑄉𑄪𑄚𑄴 𑄃 𑄝𑄊𑄧 𑄌𑄧𑄝𑄱 𑄓𑄋𑄧𑄢𑄴-𑄓𑄨𑄋𑄧𑄢𑄴 𑄦𑄧𑄠𑄧𑄚𑄴 ।,.কিন্তু এখন শুকরের চূাটা ব ব হেছে
𑄖𑄢,১. তারা ২. তারা
𑄟 𑄥𑄪𑄉𑄧𑄝𑄱 𑄝𑄘𑄬𑄤𑄧 𑄉𑄠𑄴 𑄉𑄠𑄴 𑄗𑄬 𑄛𑄢𑄧𑄚𑄴 ।,মা শুকরটা শুধু গাে গাে থাকতে পারে
𑄖𑄮 𑄖𑄢 𑄝𑄬𑄇𑄴𑄪𑄚𑄬 𑄃𑄬𑄇𑄴 𑄥𑄧𑄟𑄢𑄬 𑄗𑄚𑄴 ।,তো তারা সবাই এক সাথে থাকে
𑄃𑄬 𑄞𑄨𑄘𑄨𑄢𑄬𑄚𑄴𑄘𑄨 𑄝𑄊𑄴𑄇𑄮,এই বাটিতে বাঘ আছে
𑄥𑄪𑄉𑄧𑄢𑄪𑄚𑄧𑄢𑄴 𑄖𑄬𑄣𑄴 𑄖𑄬𑄣𑄳𑄠 𑄛𑄧𑄇𑄴𑄖 𑄇𑄬𑄠𑄬𑄚𑄨 𑄘𑄬𑄉𑄧𑄘𑄬 𑄘𑄬𑄉𑄧𑄘𑄬 𑄖𑄢𑄢𑄬 𑄈𑄬𑄝𑄢𑄴 𑄡𑄧𑄘𑄧𑄝𑄧𑄘𑄬 𑄣𑄪𑄝𑄴 𑄉𑄧𑄢𑄬𑄢𑄴 ।,শুকরের তেল তেল দিে তাদেরকে খাওার জন্য অনেক কষ্ট করতেছে
𑄃𑄬𑄇𑄴𑄘𑄨𑄚𑄳𑄠 𑄃𑄬𑄇𑄴𑄇𑄮 𑄥𑄪𑄉𑄧𑄢𑄧𑄢𑄬 𑄓𑄉𑄨𑄚𑄬𑄃𑄨 𑄝𑄊𑄴𑄳𑄠 𑄇𑄧𑄣𑄧 𑄞𑄬𑄃𑄨 𑄇𑄨𑄣𑄳𑄠 𑄢𑄬𑄘𑄧𑄖𑄴 𑄟𑄪𑄃𑄨 𑄥𑄧𑄝𑄧𑄚𑄬 𑄘𑄬𑄇𑄴𑄇𑄱𑄋𑄴 𑄟𑄪𑄃𑄨 𑄝𑄨𑄣𑄬 𑄖𑄧,একদিন একদিন একটা শুকরকে বাঘের কলকি দিে বাঘের কলকি দিে রাতে আমি স্বপ্নে দেখি
𑄦𑄬𑄢𑄠𑄚𑄴 𑄥𑄪𑄃𑄧𑄖𑄴 𑄥𑄪𑄃𑄖𑄴 𑄉𑄧𑄢𑄨 𑄈𑄠𑄧𑄋𑄴 ।,মাংসটা সুস্বাদু করে খা
𑄟𑄪𑄃𑄨 𑄥𑄧𑄝𑄚𑄬 𑄛𑄨𑄠 𑄦𑄪𑄉𑄪𑄟𑄴 𑄃𑄧𑄟𑄚𑄳𑄠 𑄉𑄧𑄢𑄨 𑄚𑄧 𑄛𑄢𑄨𑄟𑄴 ।,.আমি পাছাটা বাঁকা করতে পারবো না
𑄥𑄨𑄖𑄳𑄠𑄃𑄨 𑄟𑄪𑄃𑄨 𑄖𑄧𑄢𑄬,সেখানে আমি তোমাকে দেখি
𑄈𑄬𑄝𑄢𑄴 𑄌𑄋𑄴 ।,খাওার চাওা
"𑄥𑄪𑄉𑄧𑄢𑄴𑄝𑄱 𑄇𑄧𑄣𑄧 𑄥𑄧𑄝𑄧𑄚𑄴 𑄃𑄢𑄴 𑄎𑄬𑄇𑄴 𑄎𑄬𑄇𑄴 𑄃𑄬𑄇𑄴 𑄚𑄧𑄠𑄴 , 𑄥𑄧𑄝𑄧𑄚𑄬 𑄘𑄬𑄣𑄬 𑄡𑄬 𑄥𑄨𑄠𑄚𑄴 𑄉𑄧𑄢 𑄛𑄧𑄢𑄨𑄝𑄱","সুোটা কলস আর যত তত না, স্বপ্নে দেখলে যে সেটা করতে হবে"
𑄥𑄨𑄠𑄚𑄴 𑄇𑄧𑄚𑄧 𑄇𑄧𑄙 𑄚𑄠𑄴 ।,.সেটা কোনো কথা না
𑄃𑄨𑄚𑄴𑄘𑄨 𑄝𑄊𑄴𑄇𑄱 𑄥𑄪𑄉𑄧𑄢𑄴𑄝𑄱𑄢𑄬 𑄈𑄬𑄝𑄖𑄳𑄠𑄬 𑄦𑄟𑄇𑄴𑄇𑄠𑄴 𑄒𑄇𑄴 𑄉𑄧𑄢𑄨 𑄢𑄉𑄬𑄠𑄬 ।,এখানে বাঘটা বাচ্চাটাকে খেে চুপ করে আছে
𑄥𑄨𑄖𑄳𑄠𑄬 𑄖𑄬,সেখানে সে
𑄥𑄪𑄉𑄧𑄢𑄴𑄝𑄱𑄣𑄧𑄃𑄨 𑄚𑄚 𑄥𑄪𑄃𑄧𑄣𑄴 𑄛𑄖𑄴 𑄉𑄧𑄢 𑄙𑄧𑄌𑄴𑄳𑄠 ।,.সুোটা অনেকগুলো সুাল পাতা দিে পালিে আছে।
"𑄝𑄊𑄳𑄠 𑄡𑄧𑄘𑄧𑄝𑄧𑄘𑄬 𑄝𑄧𑄣𑄧 𑄝𑄚𑄴 , 𑄖𑄬 𑄥𑄪𑄉𑄧𑄢𑄴𑄝𑄱𑄢𑄬 𑄇𑄧𑄣𑄧- 𑄟𑄪𑄃𑄨 𑄖𑄢𑄬","বাঘটা যত বল বানা,সে শুকরটাকে কল দিে আমি তাকে বলি"
𑄦𑄟𑄇𑄴𑄈𑄠𑄴 𑄈𑄬𑄟𑄴 ।,হামাগুি দিে খাবো
𑄖𑄧𑄝𑄬 𑄟𑄢𑄨𑄝𑄢𑄴 𑄃𑄉𑄬𑄘𑄨 𑄟𑄪𑄃𑄨 𑄖𑄧𑄢𑄴 𑄥𑄬𑄎𑄴 𑄃𑄎 𑄛𑄪𑄢𑄧𑄚𑄴 𑄉𑄧𑄢𑄨𑄟𑄴 ।,.কিন্তু মারার আগে আমি তোমার সে জাগাটা শেষ করবো
𑄥𑄪𑄉𑄧𑄢𑄝𑄱𑄭 𑄝𑄪𑄏𑄨𑄣𑄧 𑄙𑄬𑄝𑄢𑄴 𑄇𑄧𑄚𑄧 𑄛𑄧𑄗𑄴 𑄚𑄬𑄭 ।,.সুঁচালো পানিতে পার কোনো পথ নেই
𑄖𑄬 𑄝𑄊𑄳𑄠𑄢𑄬 𑄇𑄧𑄣𑄧 𑄒𑄨𑄉𑄴 𑄃𑄉𑄬:𑄖𑄪𑄃𑄨 𑄟𑄧𑄢𑄬 𑄈𑄬𑄝𑄢𑄴 𑄃𑄉𑄬𑄘𑄨 𑄖𑄧𑄢𑄴,সে বাঘকে কল দিচ্ছে:তুমি আমাকে খাওার জন্য অপেক্ষা করছো
𑄛𑄧𑄇𑄴𑄈𑄬 𑄖𑄨𑄚𑄴𑄧 𑄥𑄇𑄴𑄈𑄨 𑄎𑄪𑄉𑄧𑄣𑄴 𑄉𑄧𑄢𑄴 𑄝𑄊𑄳𑄠𑄬 𑄃𑄬 𑄇𑄧𑄙𑄠𑄚𑄴𑄘𑄮𑄭 𑄢𑄎𑄨 𑄦𑄧𑄣𑄧।,.পজ্জোনের সম তিন জন লোক এই কথাটি বলতে রাজি হলো।
𑄝𑄊𑄴 𑄃𑄳𑄦 𑄥𑄪𑄉𑄧𑄢𑄴𑄝𑄱 𑄛𑄧𑄠𑄴𑄣𑄬 𑄃𑄬𑄇𑄴𑄇𑄮 𑄥𑄇𑄴𑄈𑄨 𑄦𑄨𑄥𑄬𑄝𑄬 𑄝𑄚𑄴𑄘𑄧𑄢𑄴𑄝𑄱 𑄃𑄨𑄘𑄪 𑄡𑄬𑄣𑄇𑄴 ।,বাঘ আর শুকরটা পলে বানরটা এখানে আসলো
𑄝𑄬𑄇𑄴𑄇𑄚𑄨 𑄥𑄪𑄚𑄨𑄚𑄬𑄃𑄨 𑄝𑄚𑄴𑄘𑄧𑄢𑄴𑄎𑄳𑄠,সব শুনে বান্দর
𑄇𑄧𑄣𑄧-𑄝𑄊𑄴𑄇𑄱𑄭 𑄥𑄧𑄝𑄧𑄚𑄬 𑄘𑄨𑄇𑄴𑄈𑄬 𑄡𑄬𑄇𑄴𑄈𑄬 𑄦𑄟𑄇𑄴𑄈𑄠𑄴 𑄥𑄪𑄉𑄧𑄢𑄴𑄃𑄪𑄚𑄧𑄢𑄬 𑄈𑄚 𑄘𑄧𑄢𑄴𑄇𑄢𑄴 ।,কল-বিালের স্বপ্ন দেখে আমার শুকরগুলোকে খেতে ইচ্ছে করে
𑄸 𑄣𑄧𑄟𑄴𑄝𑄧𑄢𑄴 𑄥𑄇𑄴𑄈𑄨 𑄈𑄪𑄢𑄧𑄝𑄱,দুই লার সাপটা
𑄃𑄬𑄇𑄴𑄈𑄚𑄴 𑄇𑄧𑄙 𑄇𑄧𑄣𑄧 ।,একটা কথা বলো
𑄹 𑄣𑄧𑄟𑄴𑄝𑄧𑄢𑄴 𑄥𑄇𑄴𑄈𑄨 𑄦𑄨𑄥𑄬𑄝𑄬 𑄝𑄘𑄧𑄣𑄮 𑄃𑄨𑄘𑄪 𑄡𑄬𑄚𑄬 𑄖𑄬 𑄇𑄧𑄣𑄧:𑄖𑄧 𑄟 𑄃𑄨𑄠𑄚𑄴𑄘𑄧 𑄈𑄪𑄝𑄴 𑄃𑄘𑄖𑄳𑄠𑄬 𑄇𑄧𑄙 𑄖𑄪𑄟𑄨 𑄢𑄎 𑄃𑄨𑄘𑄪,৩.লম্বা সাপ হিসেবে বাদ দিলো এইটা যেন তোমার মা এত ব কথা বলে
"𑄝𑄨𑄌𑄢𑄴 𑄘𑄮 𑄉𑄮𑄭, 𑄝𑄨𑄌𑄢𑄧 𑄘𑄨𑄚𑄧𑄖𑄴 𑄟𑄪𑄃𑄨𑄤𑄧 𑄦𑄎𑄨𑄣𑄴 𑄗𑄬𑄟𑄴 ।","বিচার দাও,বিচারের দিনে আমিও হাসিখুশি থাকবো"
𑄢𑄎 𑄖 𑄛𑄖𑄳𑄢𑄧 𑄟𑄨𑄖𑄳𑄢𑄧𑄣𑄮𑄭,রাজা তার পাত্র মেেকে দিলেন
"𑄝𑄬𑄇𑄴𑄇𑄚𑄨 𑄥𑄪𑄚𑄨𑄣𑄧 𑄛𑄧𑄢𑄬𑄘𑄨 𑄥𑄪𑄉𑄧𑄢𑄝𑄱 𑄇𑄧𑄣𑄧, 𑄟𑄧𑄦 𑄢𑄎𑄴 𑄃 𑄃𑄬𑄇𑄇𑄴𑄉𑄮 𑄥𑄇𑄴𑄈𑄨 𑄃𑄉𑄬 ।",".সবগুলো শুনে শুনে সুাটা বলে,মহা রাজ একটার সম আছে"
𑄖𑄬 𑄡𑄬𑄘𑄴𑄪𑄢𑄴 𑄛𑄢𑄬 𑄡𑄘𑄨,সে যতটা পারে যা
"𑄢𑄎𑄠𑄴 𑄇𑄧𑄣𑄧-𑄑𑄨𑄇𑄴 𑄃𑄉𑄬, 𑄖𑄧 𑄥𑄇𑄴𑄈𑄨𑄝𑄱𑄢𑄬 𑄝𑄌𑄴𑄌𑄬 𑄗𑄬𑄝𑄧𑄋𑄴 ।","রাজা কল টিক আছে, তোমার সাথীর সাথে বািতে থাকবো"
𑄈𑄚𑄧𑄇𑄧𑄚𑄴 𑄝𑄘𑄬 𑄝𑄪𑄘𑄪𑄟𑄴 𑄉𑄧𑄢𑄨𑄚𑄬𑄭 𑄢𑄎𑄴 𑄘𑄧𑄢𑄴𑄝𑄢𑄧𑄖𑄴 𑄇𑄨 𑄃𑄬𑄇𑄴𑄈𑄚𑄴 𑄛𑄧𑄣𑄴𑄣𑄧 ।,কিছুক্ষণ পর রাজদরবারে কি একটা পলো
𑄝𑄬𑄇𑄴𑄇𑄪𑄚𑄬 𑄦𑄟𑄧𑄇𑄴 𑄃𑄧𑄚𑄬𑄭 𑄌𑄬𑄣𑄉𑄴,সবাই হামাগুি দিেছে
𑄃𑄬𑄇𑄴𑄇𑄮 𑄝𑄘𑄧𑄣𑄴 𑄈𑄪𑄎𑄨𑄠𑄬 𑄃𑄬𑄉𑄧𑄎 𑄚𑄎𑄬𑄢𑄴।,একটা বাদল খোঁজা একনাগাে নাচ
𑄢𑄎𑄠𑄴 𑄢𑄉𑄴 𑄉𑄧𑄢𑄨𑄚𑄬𑄭 𑄝𑄘𑄧𑄣𑄮𑄢𑄬 𑄇𑄧𑄣𑄧:𑄃𑄬𑄃𑄨 𑄖𑄧𑄢𑄴 𑄇𑄨 𑄃𑄧𑄠𑄬?,রাজা রাগ করে বাদালকে বলল:এই তোমার কি আছে?
𑄝𑄘𑄧𑄣𑄮𑄭,এক জাতী বুনো ফল
"𑄚𑄎𑄧𑄘𑄬 𑄚𑄎𑄧𑄘𑄬 𑄇𑄧𑄣𑄧 𑄟𑄧𑄦𑄢𑄎𑄴 𑄟𑄧𑄢𑄬 𑄟𑄜𑄴 𑄉𑄧𑄢𑄨𑄌𑄴, 𑄟𑄪𑄃𑄨 𑄘𑄧𑄚𑄴𑄘𑄧𑄟 𑄃𑄪𑄉𑄪𑄢𑄬 𑄊𑄪𑄟𑄴 𑄡𑄘𑄬 𑄡𑄘𑄬 𑄥𑄧𑄝𑄧𑄚𑄬 𑄘𑄬𑄇𑄴𑄈𑄧𑄋𑄴","নাচ করতে করতে কল মহারাজ আমার জন্য অপেক্ষা করতেছে,আমি দৌাদৌি করতে করতে স্বপ্নে দেখি"
𑄟𑄧 𑄥𑄧𑄟𑄢𑄬 𑄢𑄎𑄴𑄇𑄧𑄚𑄳𑄠𑄢𑄴 𑄟𑄬𑄣 𑄦𑄧𑄢𑄴 𑄃𑄬 𑄥𑄧𑄝𑄧𑄚𑄚𑄴 𑄘𑄬𑄚𑄬𑄭 𑄟𑄪𑄃𑄨 𑄈𑄪𑄎𑄨𑄠𑄬 𑄗𑄬 𑄚𑄧 𑄛𑄢𑄧𑄋𑄧𑄢 𑄴।,আমার সাথে রাজকার মেলা হেছে এই জিনিসগুলো দিে আমি আর থাকতে পারি না
𑄝𑄘𑄧𑄣𑄮 𑄇𑄧𑄙 𑄥𑄪𑄚𑄨𑄚𑄬𑄭 𑄢𑄎𑄠𑄴 𑄡𑄧𑄘𑄧𑄝𑄧𑄘𑄬 𑄢𑄉𑄴 𑄥𑄧𑄝𑄧𑄚𑄴 𑄇𑄨 𑄇𑄧𑄚𑄧 𑄎𑄧𑄚𑄬 𑄝𑄨𑄥𑄴𑄥𑄥𑄴 𑄉𑄧𑄢𑄧𑄚𑄴?,বাদলের কথা শুনে রাজা এত রাগ করে কেন?
𑄥𑄧𑄝𑄧𑄚𑄴 𑄃 𑄎𑄬𑄇𑄴𑄎𑄬𑄇𑄴 𑄃𑄬𑄇𑄴,.সমান সমান এক
𑄚𑄧 𑄦𑄧𑄠𑄴 ।,. হ না
𑄝𑄘𑄧𑄣𑄮𑄭 𑄥𑄧𑄟𑄢𑄬 𑄥𑄧𑄟𑄢𑄬 𑄇𑄧𑄣𑄧 𑄟𑄧𑄦 𑄢𑄎𑄴 𑄥𑄣𑄬𑄚𑄴 𑄝𑄊𑄴𑄇𑄮𑄭 𑄇𑄬𑄚𑄬 𑄥𑄪𑄉𑄧𑄢𑄴𑄝𑄱𑄢𑄬 𑄈𑄬𑄘𑄧 𑄟𑄉𑄬?,বাদলো সমে দুইজনে কিভাবে শুকরটাকে খেেছে?
𑄃𑄨𑄠𑄚𑄴,ইান
𑄥𑄪𑄚𑄨𑄚𑄬𑄭 𑄢𑄎𑄠𑄴 𑄣𑄧𑄉𑄬 𑄣𑄧𑄉𑄬 𑄥𑄪𑄉𑄧𑄢𑄴𑄝𑄱 𑄇𑄨𑄖𑄳𑄠𑄬 𑄢𑄠𑄴 𑄘𑄨𑄣𑄧 ।,শুনে শুনে রাজা সাথে সাথে শুকরটাকে মেরে দিল
𑄖 𑄏𑄬𑄢𑄬 𑄥𑄪𑄉𑄧𑄢𑄝𑄱 𑄃𑄬𑄇𑄴𑄇𑄮 𑄘𑄝 𑄘𑄨 𑄝𑄣𑄧𑄘𑄴𑄘𑄪𑄢𑄧𑄖𑄴 𑄙𑄬𑄭 𑄉𑄬𑄣𑄧 𑄉𑄮𑄭 ।,তার ঝগাটা একটা হুক্কা দিে দিে গেল
𑄃𑄢𑄴 𑄇𑄧𑄚𑄧 𑄘𑄨𑄚𑄴 𑄝𑄊𑄴𑄇𑄮 𑄇𑄚𑄴𑄎𑄝 𑄇𑄪𑄢𑄬 𑄚𑄧,আরও কোনো দিন বাঘটা কানের কাছে আসে না
𑄃𑄬𑄣𑄧।,bdmean
𑄸𑄶,১. ২. বিশ
𑄦𑄇𑄧 𑄴 𑄃𑄪𑄖𑄴𑄖𑄧𑄢𑄧𑄢𑄴 𑄑𑄨𑄇𑄴 ( )𑄟𑄎𑄢 𑄘𑄨𑄃𑄨𑄃𑄨 ।,পাহাের টিকি/মাজা দিে
𑄏𑄢𑄧 𑄞𑄨𑄘𑄨𑄢𑄬 𑄇𑄨 𑄍𑄧 𑄉𑄠𑄴𑄉𑄠𑄴 𑄇𑄚𑄬𑄢𑄴 ?,জঙ্গলের ভিতরে কি ছানো আছে?
𑄥𑄪𑄉𑄧𑄢𑄴 𑄍𑄧 𑄈।,শুকরের ছাা খাওা
𑄛𑄬𑄉𑄧 𑄍𑄧,পেগ
𑄝𑄨𑄣𑄬𑄃𑄨 𑄍𑄧 𑄊।,বিেতে ছা
𑄉𑄧𑄢𑄪 𑄍𑄧,গরুর ছাা
𑄇𑄧𑄚𑄴𑄚 𑄥𑄧𑄝𑄧𑄚𑄬 𑄥𑄧𑄝𑄧𑄚𑄬 𑄥𑄪𑄉𑄧𑄢𑄴𑄝𑄱𑄢𑄬 𑄈𑄘𑄬 𑄘𑄬𑄈𑄴𑄇𑄬 ?,কে সপ্নে সপ্নে শুকরকে খেতে দেখে
𑄥𑄨𑄠𑄣𑄴 𑄈।,সেতাল খাওা
𑄝𑄊𑄴,বাঘ
𑄞𑄣𑄪𑄇𑄴 𑄊।,ভালুকের ঘা
𑄝𑄬𑄣𑄬𑄃𑄨,"বিাল, বিাল"
𑄝𑄊𑄴 𑄃 𑄥𑄪𑄉𑄧𑄢𑄴 𑄛𑄧𑄖𑄴𑄗𑄧𑄟𑄬 𑄇 𑄃𑄨𑄘𑄪 𑄡𑄨𑄠𑄧𑄚𑄴 ?,বাঘ এ শুকরের পথে কে আছে?
𑄝𑄚𑄴𑄘𑄧𑄢𑄴𑄝𑄱 𑄃𑄨𑄘𑄪 𑄈।,বানরটা এটা খাও
𑄢𑄎𑄃𑄨𑄘𑄪,"রাজা, রাজা"
𑄟𑄧𑄚𑄴𑄖𑄳𑄢𑄨𑄃𑄨𑄘𑄪 𑄊।,মন্ত্রীটার ঘা
𑄝𑄘𑄧𑄣𑄴𑄣𑄱𑄃𑄨𑄘𑄪,বস
"""𑄥𑄧𑄝𑄧𑄚𑄴 𑄃 𑄎𑄬𑄇𑄴𑄎𑄬𑄇𑄴 𑄃𑄬𑄇𑄴 𑄚𑄧𑄠𑄴"" 𑄃𑄬 𑄇𑄧𑄙𑄚𑄴 𑄇𑄧𑄚𑄴𑄚 𑄇𑄧𑄠𑄬 ?",".সবগুলো একবারে না, এই কথাটা কে বলে?"
𑄝𑄘𑄧𑄣𑄴 𑄈।,বাদল খাওা
𑄥𑄧𑄝𑄧𑄚𑄬 𑄥𑄧𑄝𑄧𑄚𑄬 𑄢𑄎 𑄏𑄨𑄝𑄱𑄣𑄮𑄃𑄨 𑄟𑄬𑄣 𑄦𑄪𑄠𑄬-𑄃𑄬 𑄥𑄧𑄝𑄧𑄚𑄚𑄴 𑄇𑄧𑄚𑄴𑄚 𑄘𑄨𑄇𑄴𑄈𑄬 ?,স্বপ্নে স্বপ্নে রাজার মেেটা মেলা হেছে-এই স্বপ্ন কে দেখে
𑄝𑄊𑄴 𑄈।,বাঘ খাওা
𑄝𑄘𑄧𑄣𑄴,"ব, বিরাট, বিশাল, বিশাল"
𑄥𑄪𑄉𑄧𑄢𑄴 𑄊।,শুকরের ঘা
𑄝𑄚𑄴𑄘𑄧𑄢𑄴,১. বানর ২. বানর
𑄸𑄷,"১. ২. ২. ২. ২. (দা, ছুরি প্রভৃতির) হাতল"
𑄃𑄪𑄉𑄪𑄘𑄧 𑄢𑄧 𑄟𑄨𑄬𑄨𑄣𑄬𑄃𑄨 ।,উপরে রোদ পোহা
𑄌𑄨𑄉𑄧𑄚𑄴 𑄉𑄧𑄢𑄨 𑄃𑄪𑄖𑄴𑄧𑄢𑄴 𑄘𑄨𑄃𑄨 𑄃 𑄣𑄨𑄊𑄨 ।,ছোট করে উত্তর দিে আসলাম
𑄝𑄊𑄳𑄠𑄬 𑄇𑄨 𑄥𑄧𑄝𑄧𑄚𑄴 𑄘𑄨𑄇𑄴𑄈𑄬 ?,বাঘটা কি স্বপ্ন দেখে
𑄥𑄪𑄉𑄧𑄢𑄴 𑄇𑄢𑄬 𑄇𑄢𑄬 𑄥𑄇𑄴𑄈𑄨 𑄢𑄉𑄬𑄠𑄬 ?,সুো কাকে পছন্দ করে?
𑄇𑄧𑄚𑄴𑄚𑄮 𑄍𑄧𑄉𑄪𑄚𑄧𑄖𑄬𑄭 𑄈𑄬𑄝𑄢𑄴 𑄗𑄧𑄉𑄬 𑄃𑄚𑄨 𑄘𑄬?,কোন ছানো গুোটা খেে নিে আসো?
𑄥𑄧𑄝𑄧𑄚𑄧 𑄣𑄧𑄉𑄬 𑄎𑄬𑄇𑄴 𑄎𑄬𑄇𑄴 𑄉𑄧𑄢𑄨 𑄟𑄨𑄣𑄴 𑄚𑄬𑄭 𑄃𑄬𑄭 𑄇𑄧𑄙𑄠𑄚𑄴 𑄇𑄧𑄚𑄴𑄚 𑄇𑄧𑄠𑄬?,সপ্নের সাথে বেশি বেশি মিল নেই এই কথাটা কে বলে?
𑄢𑄎 𑄇𑄨 𑄢𑄠𑄴 𑄘𑄨𑄠𑄬 ?,রাজা কি রাা দো
𑄝𑄊𑄴 𑄘𑄮𑄃𑄧,বাঘ দোা
𑄃𑄚𑄚 𑄒𑄨𑄇𑄴 𑄚𑄬𑄃𑄨,আনা ঠিক নেই
𑄇𑄚𑄚 𑄢𑄎,১. কাঁদানো রাজা ২. কান্না করা
𑄇𑄟𑄇𑄈𑄠𑄴 𑄦𑄎𑄚,"কামানো, কামানো"
𑄒𑄨𑄇𑄴 𑄊𑄖𑄴,ঠিক ঘাে
𑄛𑄧𑄖𑄴 𑄞𑄣𑄪𑄇𑄴,এক জাতী ভালুক
𑄥𑄧𑄝𑄚𑄴 𑄚𑄬𑄎𑄚,নিশ্বাস নেওা
𑄘𑄧𑄥𑄴 𑄞𑄎𑄧𑄢𑄴 𑄖𑄬𑄢𑄴𑄝𑄱 𑄌𑄨𑄉𑄮𑄚𑄴 𑄌𑄨𑄉𑄮𑄚𑄴 𑄎𑄖𑄨,দস ডোবার তেরাটা ছোট ছোট জাতি
𑄡𑄪𑄉𑄴 𑄡𑄪𑄉𑄴 𑄙𑄧𑄢𑄨 𑄌𑄘𑄨𑄉𑄋𑄴 𑄦𑄨𑄣𑄧𑄖𑄴 𑄃𑄉𑄨 ।,. যুগ যুগ ধরে চাটাইটা হিলে আছে
𑄃𑄧𑄇𑄴𑄇𑄧𑄢𑄴 𑄉𑄧𑄢𑄨 𑄝𑄎𑄨 𑄗𑄬𑄝𑄢𑄴 𑄃𑄎𑄠,অনেক করে বেঁচে থাকার ইচ্ছা
𑄛𑄬𑄃𑄨𑄉𑄧 𑄦𑄬𑄠𑄖𑄴 𑄝𑄱𑄠𑄢𑄴 𑄝𑄎𑄬 𑄃𑄪𑄢𑄨𑄝𑄣𑄴𑄭 ।,.পাখির ডানা দিে বাতাস বতেছে
𑄣𑄬𑄃𑄨𑄟𑄴𑄛𑄧𑄎𑄳𑄠𑄬 𑄎𑄘𑄧𑄢𑄴 𑄛𑄳𑄦𑄧𑄢𑄴 𑄜𑄪𑄘𑄬𑄝𑄢𑄴,শীতকালের আলো ফোটার
𑄝𑄚𑄬𑄣𑄧 𑄛𑄖𑄨 𑄥𑄚𑄴𑄖𑄨 𑄝𑄈𑄨𑄚𑄨 𑄚𑄋𑄴 𑄡𑄢𑄴 ।,বাঁশের পাতলা ফালি দিে সুতা বের করা যা
𑄷𑄿𑄽𑄹 𑄥𑄣𑄧𑄖𑄴 𑄥𑄙𑄪 𑄝𑄘𑄴 𑄎𑄚𑄬𑄣𑄇𑄴 𑄖𑄢𑄬,৮১৩৮. তাকে সাধু বানালো
𑄃𑄟 𑄚𑄬𑄖 𑄟𑄚𑄧𑄝𑄬𑄚𑄴𑄘𑄳𑄢𑄧 𑄚𑄢𑄠𑄧𑄚𑄴 𑄣𑄢𑄴𑄟𑄢𑄬 ।,আমাদের নেতা মানুষ নাাচাা করতেছে
𑄃𑄧𑄣𑄧𑄉𑄮𑄃𑄨 𑄝𑄧𑄚𑄧 𑄝𑄥𑄨 𑄏𑄢𑄧𑄖𑄴 𑄇𑄘𑄠𑄴 𑄘𑄨𑄚𑄴 𑄢𑄬𑄖𑄴,এক জাতী বন বাসিজঙ্গলে রাত কাটায়
𑄟𑄧𑄎 𑄜𑄪𑄉𑄨 𑄇𑄟𑄧𑄢𑄴 𑄈𑄬𑄃𑄨 𑄚𑄧 𑄉𑄧𑄢𑄬 𑄟𑄙 𑄇𑄬𑄃𑄨𑄖𑄴 ।,.মেে পা কাজ খেে মাথা ব্যাথা করে
𑄃𑄬𑄘𑄧𑄇𑄴 𑄖𑄬𑄉𑄧𑄢𑄴 𑄛𑄧𑄢𑄬𑄘𑄨 𑄤𑄧 𑄚𑄧 𑄛𑄢𑄨𑄣𑄧 𑄝𑄎𑄨,এত ঝগা পে ও টিকতে পারে না
𑄊𑄧𑄢𑄧 𑄇𑄧𑄎𑄳𑄠𑄖𑄴 𑄘𑄨𑄣𑄧 𑄛𑄧𑄢𑄚𑄚𑄴 𑄏𑄏𑄨 ।,বাির কা দিল প্রাণটা ঝাি
𑄸 𑄓𑄨𑄥𑄬𑄟𑄴𑄝𑄧𑄢𑄴 𑄷𑄿𑄿𑄽 𑄥𑄣𑄧𑄖𑄴 𑄦𑄧𑄣𑄧 𑄥𑄚𑄴𑄖𑄨 𑄌𑄪𑄇𑄴𑄖𑄨,২ ডিসেম্বর ১৯৯৫ সালে হলো শান্তিচুক্তি
𑄦𑄨𑄣𑄧 𑄟𑄚𑄪𑄥𑄴𑄧𑄚𑄧𑄢𑄴 𑄟𑄨𑄣𑄨𑄣𑄧 𑄟𑄪𑄇𑄴𑄖𑄨 ।,হিল মানুষরা মুক্তি পেল
𑄛𑄖𑄨-𑄘𑄧𑄣𑄴 ।,পাতি-দল
𑄟𑄚𑄧𑄝𑄬𑄚𑄴𑄘𑄳𑄢𑄧 𑄚𑄢𑄠𑄧𑄚𑄴 𑄣𑄢𑄴𑄟 𑄛𑄢𑄴𑄝𑄧𑄖𑄳𑄠𑄧 𑄟𑄚𑄧𑄎𑄧𑄢𑄴𑄣𑄭 𑄛𑄖𑄨 𑄝𑄚𑄬𑄠𑄬 ।,.মানুষটা শামুকের পা দিে শামুকের পাে পে
𑄣𑄬𑄃𑄨𑄟 𑄛𑄧𑄏𑄳𑄠𑄬-𑄛𑄨𑄌𑄴𑄌𑄬 𑄛𑄧𑄢 ।,লেলিে পা
𑄦𑄨𑄣𑄴 𑄌𑄘𑄨𑄉𑄋𑄧𑄢𑄴 𑄟𑄚𑄪𑄥𑄴𑄪𑄚𑄴 𑄣𑄬𑄃𑄨𑄟𑄴 𑄛𑄧𑄎𑄳𑄠𑄬 ।,হিল চাদিার মানুষরা লেই পেছে
𑄇𑄘𑄠𑄴-𑄥𑄧𑄟𑄧𑄠𑄴 𑄛𑄢𑄴 𑄉𑄧𑄢𑄧𑄚 ।,কাা-সম পার হওা
𑄚𑄨𑄎𑄧𑄢𑄬 𑄖𑄬𑄠𑄉𑄴 𑄉𑄧𑄢𑄨𑄚𑄬𑄃𑄨 𑄘𑄨𑄚𑄴 𑄢𑄬𑄃𑄨𑄘𑄴 𑄇𑄘𑄠𑄴 ।,একা একা দিন রাত কাটানো
𑄃𑄧𑄇𑄴𑄇𑄧𑄢𑄴-𑄈𑄧𑄠𑄴 𑄚𑄧 𑄡𑄠𑄴 ।,অক্কর-খ যা না
𑄉𑄧𑄟𑄴 𑄇𑄟𑄴 𑄉𑄧𑄢𑄨𑄚𑄬𑄃𑄨 𑄚𑄨𑄎𑄧𑄢𑄬 𑄃𑄧𑄇𑄴𑄇𑄧𑄢𑄴 𑄉𑄧𑄢𑄨 𑄢𑄉𑄬𑄝𑄧𑄋𑄴 ।,ভালো কাজ করলে নিজের উপর রাগ করবে
𑄏𑄏𑄨-𑄇𑄮𑄚𑄴 𑄎𑄨𑄚𑄨𑄥𑄴 𑄇𑄢𑄧𑄢𑄬 𑄉𑄧𑄎𑄬 𑄘𑄬𑄚 ।,ঝাু দিে কাউকে শাস্তি দেওা
𑄣𑄢𑄴𑄟 𑄚𑄨𑄎𑄧 𑄛𑄧𑄢𑄚𑄚𑄴 𑄏𑄏𑄨 𑄘𑄨𑄠𑄬 ।,পাহাে নিজের প্রাণটা ঝগা দিে
𑄟𑄪𑄇𑄴𑄖𑄨- 𑄇𑄮𑄚𑄧 𑄘𑄧𑄎𑄖𑄴𑄪𑄚𑄴 𑄥𑄧𑄢𑄚𑄴 𑄛𑄚 ।,মুক্তি-কোন বিপদ থেকে রেহাই পাওা
𑄷𑄿𑄿𑄽 𑄥𑄣𑄧𑄖𑄴 𑄥𑄚𑄴𑄖𑄨 𑄌𑄪𑄇𑄴𑄖𑄨 𑄦𑄧𑄚𑄬𑄠𑄴 𑄟𑄪𑄇𑄴𑄖𑄨 𑄦𑄧𑄣𑄴 ।,.১৯৯৭ সালে শান্তিচুক্তি হে মুক্তি হলো।
𑄥𑄪𑄢𑄴 𑄙𑄧𑄢𑄨 𑄇𑄧𑄃𑄨 𑄃 𑄣𑄨𑄊𑄨 ।,সুর ধরে কোথা আছে
𑄣𑄬𑄃𑄨𑄟𑄴 𑄛𑄧𑄎𑄳𑄠 𑄎𑄘𑄧𑄢𑄬 𑄛𑄳𑄦𑄧𑄢𑄴 𑄛𑄪𑄘𑄬𑄝𑄢𑄴,লাইম পা জাগা আলো পতেছে
𑄛𑄪𑄎𑄮𑄢𑄴 ।,পূজা
𑄝𑄋𑄣𑄴 𑄇𑄧𑄙 𑄝𑄘𑄬 𑄛𑄢𑄴𑄝𑄧𑄖𑄳𑄠𑄧 𑄌𑄧𑄖𑄴𑄖𑄧 𑄉𑄳𑄢𑄟𑄧𑄖𑄴 𑄃 𑄇𑄧𑄠𑄴𑄠𑄚𑄴 𑄇𑄧𑄙 𑄃𑄉𑄬 ?,বাঙালি কথা বাদ দিে চূা গ্রামে কটা কথা আছে?
𑄣𑄬𑄃𑄨𑄟𑄴 𑄛𑄧𑄎𑄳𑄠 𑄎𑄖𑄴 𑄇𑄧𑄚𑄴𑄚 ?,লাইম পা জাত কে?
𑄟𑄚𑄧𑄝𑄬𑄚𑄴𑄘𑄳𑄢𑄧 𑄚𑄢𑄠𑄧𑄚𑄴 𑄣𑄢𑄴𑄟 𑄇𑄧𑄇𑄴𑄈𑄬 𑄛𑄖𑄨 𑄝𑄚𑄬𑄣𑄧 ?,মানুষের নাাচাাটা কখন ফাটালো?
𑄟𑄚𑄧𑄝𑄬𑄚𑄴𑄘𑄳𑄢𑄧 𑄣𑄢𑄴𑄟 𑄇𑄧𑄇𑄴𑄈𑄬 𑄛𑄧𑄢𑄚𑄴 𑄏𑄏𑄨 𑄘𑄨𑄣𑄧 ?,মানুষের পাটা কখন ঝাকিে দিল
𑄥𑄚𑄴𑄖𑄨 𑄌𑄪𑄇𑄴𑄖𑄨 𑄇𑄇𑄴𑄈𑄬 𑄦𑄧𑄣𑄧 ?,.সানি চুক্তি কখন হলো?
𑄸𑄹,bdmean
𑄥𑄟𑄴𑄛𑄢𑄨 𑄝𑄧𑄚𑄴𑄙𑄧 𑄘𑄨𑄚𑄴,.সাপারি বন্ধ দিন
𑄝𑄨𑄚𑄮𑄘𑄧𑄚𑄴 𑄖𑄳𑄢𑄨𑄛𑄪𑄢,এক জাতী ত্রিপুরা
𑄥𑄟𑄴𑄛𑄢𑄨 𑄹 𑄇𑄬𑄣𑄎𑄧𑄖𑄴 𑄛𑄧𑄢𑄬।,.সাম্পারি ৩ তালা পে
𑄝𑄉𑄚𑄴 𑄉𑄧𑄢𑄚 𑄖𑄢𑄴 𑄡𑄧𑄘𑄧𑄝𑄧𑄘𑄬 𑄃𑄤𑄧𑄌𑄴 ।,বাগান করা তার খুব শখ
𑄖𑄢 𑄊𑄧𑄢𑄚𑄴 𑄟𑄪𑄢𑄧 𑄃𑄪𑄉𑄪𑄢𑄬 ।,তাদের বািটা পাহাড়ের উপরে
𑄊𑄧𑄢𑄧,"বাি, বাি, বাি"
𑄇𑄚𑄴𑄏𑄝𑄇𑄪𑄢𑄬 𑄖𑄢 𑄇𑄮𑄌𑄴 𑄛𑄬𑄠𑄬 𑄝𑄉𑄚𑄴 ।,কানশাবককে তারা কোচপেে বাগান করে
𑄃𑄨𑄥𑄴𑄇𑄪𑄣𑄴 𑄍𑄪𑄖𑄴𑄖𑄨 𑄛𑄬𑄣𑄬 𑄖𑄬 𑄖𑄢 𑄝𑄉𑄚𑄧𑄖𑄴 𑄡𑄠𑄴 ।,স্কুল পাশ পেলে সে তাদের বাগানে যা
𑄘𑄨𑄚𑄴𑄟𑄚𑄬,"দিন, রাত"
𑄝𑄨𑄣𑄳𑄠𑄬 𑄦𑄧𑄣𑄬 𑄖𑄬 𑄖 𑄜𑄪𑄣𑄧 𑄉𑄍𑄴𑄪𑄚𑄧𑄖𑄴 𑄛𑄚𑄨 𑄘𑄬 𑄘𑄬 𑄉𑄧𑄟𑄴 𑄛𑄠𑄴 ।,বিাল হলে সে তার ফুলের বাগানে পানি দো ভালো
𑄝𑄉𑄚𑄧𑄖𑄴 𑄚𑄚𑄝𑄝𑄧𑄖𑄳𑄠𑄬 𑄜𑄪𑄣𑄴 𑄃 𑄉𑄪𑄣𑄧-𑄉𑄪𑄣𑄨 𑄉𑄌𑄴,বাগানে অনেক ব ফুল আছে
𑄃𑄊𑄧𑄚𑄴।,অব্য পদ
𑄛𑄧𑄘𑄴𑄘𑄧 𑄜𑄪𑄣𑄴 𑄃𑄟 𑄘𑄬𑄎𑄧 𑄎𑄖𑄨𑄠𑄧 𑄜𑄪𑄣𑄴 𑄖 𑄛𑄧𑄢𑄬𑄤𑄧 𑄥𑄟𑄴𑄛𑄢𑄨 𑄖𑄬 𑄥𑄧𑄘𑄧𑄢𑄇𑄴 𑄜𑄪𑄣𑄴 𑄉𑄧𑄟𑄴 𑄣𑄉𑄬 ।,এক জাতী ফুল আমাদের দেশের জাতী ফুল
𑄛𑄠𑄴 𑄥𑄧𑄘𑄧𑄢𑄧𑄇𑄴 𑄜𑄪𑄣𑄴 𑄣𑄉𑄬𑄣𑄬 𑄛𑄪𑄇𑄴 𑄎𑄪𑄉𑄧𑄢𑄴 𑄖𑄪𑄥𑄳𑄠𑄬 𑄇𑄧𑄟𑄬 ।,পাের সুগন্ধি লাগালে শুকরের সুগন্ধি কমে
𑄥𑄧𑄘𑄧𑄢𑄧𑄇𑄴 𑄜𑄪𑄣𑄴 𑄎𑄪𑄟𑄧 𑄛𑄧𑄘𑄧 𑄘𑄨𑄙𑄇𑄳𑄠𑄬 𑄥𑄪𑄢𑄴 𑄉𑄧𑄢𑄨 𑄣𑄉𑄚𑄴,.সাবান ফুল জুমের পদচিহ্নগুলো সুর করে দে
𑄖 𑄝𑄉𑄚𑄧𑄖𑄴 𑄚𑄚𑄝𑄝𑄧𑄖𑄳𑄠𑄬 𑄥𑄧𑄘𑄧𑄢𑄧𑄇𑄴 𑄜𑄪𑄣𑄴 𑄃𑄉𑄧𑄚𑄴 ।,তার বাগানে অনেক ফুল আছে
"𑄥𑄧𑄘𑄧𑄢𑄧𑄇𑄴 𑄜𑄪𑄣𑄴 𑄝𑄘𑄬𑄤𑄧 𑄢𑄧𑄇𑄴𑄖𑄧 𑄎𑄧𑄝,𑄃𑄧𑄛𑄧𑄢𑄎𑄨𑄖𑄧 , 𑄉𑄮𑄣𑄇𑄴 ,","এক জাতী ফুল বাদেও লাল জবা,অপরজন,গোল"
𑄝𑄬𑄣𑄴 𑄜𑄪𑄣𑄴 𑄃 𑄓𑄣𑄨𑄠 𑄜𑄪𑄣𑄴 𑄃𑄉𑄧𑄚𑄴।,সূর্য ডোবার সম এক জাতী ফুল আছে
𑄸𑄻,"১. ২. ২. ২. ২. ১. ২. ২. ২. ১. ২. ৩. ১. (কলা প্রভৃতির) কাঁদি, ২. (কলা প্রভৃতির) কাঁদি"
𑄇𑄚𑄴𑄎𑄝𑄇𑄪𑄢𑄬 𑄖 𑄝𑄝𑄧𑄢𑄴 𑄃𑄬𑄇𑄴𑄇𑄚𑄴 𑄝𑄉𑄚𑄴 𑄃𑄉𑄬 ।,কানের কাছে তার ব একটা বাগান আছে
𑄖 𑄝𑄝𑄧𑄢𑄴 𑄚𑄟𑄴 𑄥𑄪𑄇𑄴𑄥𑄪𑄇𑄳𑄠 ।,তার বাির নাম সুঁচালো
𑄝𑄉𑄚𑄧𑄖𑄴 𑄚𑄚𑄝𑄝𑄧𑄖𑄳𑄠𑄬,বাগানে অনেক ব ব
𑄉𑄪𑄣𑄧𑄉𑄪𑄣𑄨 𑄉𑄎𑄴 𑄣𑄉𑄨𑄠𑄬 𑄖 𑄝𑄝𑄬 ।,গুলতিটা গাছ লাগে তার
"𑄉𑄪𑄣𑄧𑄉𑄪𑄣𑄨𑄧𑄃𑄪𑄚𑄴 𑄦𑄧𑄣𑄉𑄴-𑄇𑄧𑄣,𑄈𑄧𑄉𑄨𑄠𑄬 𑄉𑄪𑄣𑄧,","গুলতিগুলো হলো কলা,খাওা গুল"
"𑄃𑄟𑄴,𑄎𑄟𑄬𑄎𑄨,𑄇𑄖𑄴𑄖𑄧𑄣𑄴,𑄉𑄮𑄠𑄬𑄟𑄴,𑄝𑄧𑄢𑄧𑄃𑄨,𑄇𑄘𑄟𑄧𑄣,𑄎𑄧𑄣𑄴𑄛𑄃𑄨,𑄃𑄟𑄢 𑄃 𑄣𑄨𑄌𑄪 𑄉𑄎𑄴 𑄝𑄬𑄥𑄴 𑄘𑄬𑄊 𑄡𑄠𑄴 ।","আম,জামেজি,বোাল,বই,বই,বই,বই,বই,বই,বই,বিাল,আবোল তাবোল,আবোল তাবোল দেখা যা"
𑄉𑄪𑄣𑄧 𑄉𑄪𑄣𑄨,গুলতি
𑄞𑄨𑄘𑄨𑄢𑄬 𑄃𑄟𑄴 𑄡𑄧𑄘𑄧𑄝𑄧𑄘𑄬 𑄉𑄧𑄟𑄴 𑄣𑄉𑄬।,ভে আমার অনেক ভালো লাগে
"𑄃𑄟𑄴,𑄎𑄟𑄝𑄨𑄎𑄨,𑄣𑄨𑄎𑄪 𑄃 𑄇𑄖𑄴𑄖𑄧𑄣𑄴 𑄉𑄧𑄢𑄧𑄟𑄴 𑄇𑄣𑄧 𑄉𑄪𑄣𑄧𑄉𑄪𑄣𑄨 ।","আম,জামাবিজি,লিজু একটি গোল গোল"
𑄝𑄬𑄇𑄴 𑄢𑄨𑄘𑄧𑄖𑄴,"সব ব্যথা, সব ব্যথা"
𑄥𑄟𑄴𑄛𑄢𑄨 𑄖𑄢 𑄝𑄉𑄚𑄧𑄖𑄴 𑄉𑄪𑄣𑄧𑄉𑄪𑄣𑄨 𑄈𑄬𑄝𑄢𑄴𑄖𑄬 𑄌𑄠𑄴 ।,সাম্পারি তাদের বাগানে গুলতি খেেছে
𑄇𑄧𑄣 𑄃 𑄈𑄧𑄉𑄬𑄠 𑄉𑄮𑄘 𑄝𑄧𑄎𑄧𑄢𑄴 𑄛𑄠𑄴 ।,. কলা এ খগা গোা করতে হ
"𑄝𑄉𑄚𑄧𑄖𑄴 𑄟𑄧𑄚,𑄎𑄪𑄢𑄴𑄝𑄱 𑄛𑄬𑄃𑄨𑄉𑄴,𑄜𑄪𑄣𑄴𑄥𑄪𑄎𑄪𑄚𑄨 𑄃 𑄉𑄪𑄣𑄴𑄌𑄪𑄘𑄪𑄢𑄨 𑄃𑄬𑄎𑄧𑄚𑄴 ।","বাগানে মেে,জুোটা পেেছে,ফুলগুলো অনেক ব হেছে"
𑄛𑄬𑄉𑄴𑄇𑄪𑄚𑄬 𑄝𑄳𑄦 𑄝𑄚𑄬𑄃𑄧𑄚𑄴 ।,.পাখিগুলো বাি বানাতেছে।
𑄃𑄬 𑄝𑄉𑄚𑄚𑄴,এই বাগান
𑄖𑄢𑄣𑄴𑄃𑄨 𑄃𑄧𑄟𑄧𑄉𑄧𑄘𑄧 𑄚𑄨𑄢𑄛𑄧𑄘𑄴 𑄎𑄉।,.তারাল অনেক নিরাপদ জাগা
𑄥𑄟𑄴𑄛𑄢𑄨 𑄈𑄧𑄝𑄧𑄢𑄴 𑄛𑄠𑄴 𑄉𑄪𑄣𑄴𑄥𑄪𑄘𑄪𑄢𑄨 𑄘𑄬𑄎𑄧𑄢𑄴 𑄎𑄖𑄨𑄠𑄧 𑄛𑄬𑄉𑄴 ।,.সাপারি খবর পাে গোল গোল জাতি
𑄝𑄧𑄥𑄧𑄚𑄴𑄖𑄧 𑄇𑄣𑄧𑄖𑄴,বসন্তকাল
𑄥𑄟𑄴𑄛𑄢𑄨𑄘𑄉𑄨 𑄝𑄉𑄚𑄧𑄖𑄴 𑄉𑄧𑄢𑄴𑄝 𑄛𑄬𑄉𑄴 𑄇𑄮𑄇𑄨𑄣𑄴 𑄓𑄉𑄧𑄚𑄴 ।,.সাপারিবাি বাগান একটি কোকিল ডাকছে।
𑄘𑄨𑄚𑄴𑄟𑄚𑄬 𑄛𑄬𑄉𑄧 𑄢𑄧𑄣𑄮𑄃𑄨 𑄊𑄪𑄟𑄴 𑄞𑄋𑄬 ।,প্রতিদিন পেগ মারলে ঘুম ভেঙে যা
𑄥𑄧𑄟𑄎𑄳𑄠𑄣𑄃𑄨 𑄃𑄨𑄥𑄴𑄇𑄪𑄣𑄧𑄖𑄴 𑄉𑄪𑄣𑄧𑄉𑄪𑄣𑄨 𑄚𑄬𑄎𑄬𑄃𑄨 𑄘𑄬 ।,সমাজাই স্কুলে গুলতি নিে দাও
𑄥𑄨𑄠𑄚𑄧 𑄝𑄘𑄬𑄤𑄧 𑄃𑄨𑄥𑄴𑄇𑄪𑄣𑄧𑄖𑄴 𑄇𑄮𑄚𑄧 𑄃𑄧𑄚𑄪𑄥𑄴𑄑𑄚𑄴 𑄦𑄧𑄣𑄬,.সেটা বাদেও স্কুলে কোন সম হলে
𑄉𑄧𑄢𑄴𑄝𑄖𑄬𑄃𑄨 𑄖𑄢 𑄝𑄉𑄚𑄧𑄖𑄴𑄪𑄚𑄴 𑄉𑄪𑄣𑄧𑄉𑄪𑄣𑄨 𑄃𑄚𑄧𑄚𑄴 ।,গর্ব করার জন্য তারা বাগান থেকে গুলতি নিে আসে
𑄃𑄨𑄠𑄚𑄴𑄚𑄮𑄃𑄨 𑄖𑄢𑄴 𑄃𑄧𑄟𑄧𑄉𑄧𑄘𑄧 𑄚𑄇𑄴 𑄃𑄧𑄎𑄧𑄣𑄴 𑄦𑄧𑄠𑄴।,এখানে তার অনেক নাক মোটা হ
𑄎𑄪𑄚𑄴 𑄟𑄥𑄴 𑄃𑄬𑄣𑄧 ।,জুন মাস আসলো
𑄉𑄧𑄢𑄧𑄟𑄴𑄇𑄣𑄧𑄖𑄳𑄠𑄬 𑄥𑄟𑄴𑄛𑄢𑄨 𑄷𑄻 𑄘𑄨𑄚𑄴 𑄃𑄨𑄥𑄴𑄇𑄪𑄣𑄴 𑄝𑄧𑄚𑄴𑄙𑄧 𑄛𑄬𑄠𑄬 ।,গরমের সমে স্যাম্পারি ৫ দিন স্কুল বন্ধ করতেছে
𑄃𑄬𑄃𑄨 𑄥𑄧𑄟𑄧𑄠𑄧𑄖𑄴 𑄟𑄟𑄪,এই সম মা
𑄟𑄧𑄚𑄨𑄣𑄣𑄴 𑄝𑄬𑄢𑄬𑄝𑄖𑄳𑄠𑄬𑄃𑄨 𑄃𑄨𑄌𑄴𑄬 ।,মনিলাল বোতে এসেছে আজকে
𑄟𑄟𑄪 𑄷𑄶 𑄇𑄬𑄣𑄎𑄧𑄖𑄴 𑄛𑄧𑄢𑄬 ।,.মেেটা ১০ কেজিতে পে
𑄟𑄟𑄪𑄢𑄴𑄤𑄧 𑄃𑄬 𑄥𑄧𑄟𑄧𑄠𑄧𑄖𑄴 𑄝𑄧𑄚𑄴𑄙𑄧 ।,মামা এই সম বন্ধ
𑄟𑄟𑄪 𑄣𑄧𑄉𑄬,মামা সাথে
𑄥𑄟𑄴𑄛𑄢𑄨 𑄃𑄬𑄇𑄴𑄘𑄨𑄚𑄳𑄠𑄬 𑄏𑄢𑄴 𑄊𑄪𑄢𑄨𑄝𑄖𑄳𑄠𑄬𑄃𑄨 𑄉𑄬𑄣𑄧 ।,সাম্পারি একদিন জঙ্গল ঘুরতে গেল
𑄏𑄢𑄧 𑄞𑄨𑄘𑄨𑄢𑄬 𑄝𑄣𑄧𑄇𑄴 𑄝𑄝𑄧𑄖𑄳𑄠𑄬 𑄚𑄧 𑄌𑄨𑄚𑄴𑄚𑄬 𑄜𑄪𑄣𑄴 𑄃 𑄉𑄪𑄣𑄧,জঙ্গলের ভিতরে বালকটি চিনে না ফুল আছে
𑄉𑄪𑄣𑄨 𑄉𑄎𑄴𑄌𑄱 𑄌𑄨𑄚𑄨𑄣𑄧।,এক জাতী গাছ
𑄸𑄼,১. ২. ২. (গবাদিপশু প্রভৃতির) গোা
𑄟𑄟𑄪 𑄚𑄦𑄨 𑄃𑄨𑄙𑄧𑄇𑄳𑄠𑄚𑄴 𑄉𑄧𑄢𑄨 𑄚𑄚𑄪 𑄣𑄧𑄉𑄬 𑄏𑄢𑄴 𑄝𑄬𑄢𑄘𑄬 𑄝𑄬𑄢𑄘𑄬 𑄌𑄨𑄚𑄨𑄣𑄧𑄃𑄨𑄠𑄬 ।,.মা বাবা এরকম করে ঘুরে বো বোতে চিনে
𑄚𑄧 𑄌𑄨𑄚𑄴𑄚𑄳𑄠𑄬 𑄛𑄧𑄘𑄴 𑄝𑄬𑄢𑄘𑄬𑄤𑄧,.চিনে না চেনা পদগুলো বো
𑄖𑄢𑄴 𑄃𑄬𑄇𑄴𑄈𑄚𑄤𑄧 𑄝𑄧𑄣𑄴 𑄚𑄧 𑄛𑄧𑄢𑄬 ।,তার একটাও শক্তি নেই
𑄝𑄧𑄚𑄴𑄙𑄧𑄖𑄴 𑄘𑄨𑄚𑄴𑄟𑄚𑄬 𑄥𑄟𑄴𑄛𑄢𑄨 𑄃 𑄖 𑄟𑄟𑄪 𑄏𑄢𑄧𑄖𑄴 𑄝𑄬𑄢𑄬𑄝𑄖𑄳𑄠𑄬𑄃𑄨 𑄡𑄚𑄴 ।,বন্ধে দিনে স্যাম্পারি আর তার মা জঙ্গল বোতে বোতে যা
𑄘𑄨𑄚𑄴𑄟𑄚𑄴𑄬 𑄚𑄪𑄃𑄧 𑄚𑄪𑄃𑄧 𑄎𑄨𑄚𑄨𑄥𑄴 𑄥𑄨𑄇𑄴𑄈𑄧𑄚𑄴 ।,প্রতিদিন নতুন নতুন জিনিস পতেছে
𑄝𑄧𑄚𑄴𑄙𑄧 𑄥𑄬𑄎𑄴 𑄃𑄧𑄣𑄧 ।,বন্ধ করার সম
𑄃𑄨𑄥𑄴𑄇𑄪𑄣𑄧𑄖𑄴 𑄖 𑄥𑄧𑄟𑄎𑄳𑄠𑄃𑄪𑄚𑄴 𑄝𑄧𑄚𑄴𑄙𑄧𑄖𑄴 𑄇𑄨 𑄇𑄨,স্কুলে তার সমিতিগুলো বন্ধ করে কি কি
𑄉𑄪𑄌𑄴𑄎𑄧𑄚𑄴 𑄥𑄬 𑄇𑄧𑄙𑄚𑄨 𑄖 𑄥𑄧𑄟𑄎𑄳𑄠𑄢𑄬 𑄇𑄧𑄠𑄴 ।,বাচ্চারা সেই কথাগুলো তার সমাজকে বলে
"𑄥𑄟𑄴𑄛𑄢𑄨 𑄎𑄚𑄨𑄣𑄧𑄠𑄬 𑄝𑄧𑄢𑄉𑄪𑄣𑄧,𑄦𑄧𑄢𑄴𑄖𑄳𑄠𑄣𑄴 𑄃 𑄎𑄧𑄉𑄧𑄚 𑄉𑄪𑄣𑄧 𑄇𑄧𑄙 ।",".সাম্পারি জানে বাল,হরোলাল আর এক জাতী কথা"
𑄏𑄢𑄧,"জঙ্গল, বন"
"𑄞𑄨𑄘𑄨𑄢𑄬 𑄛𑄧𑄢𑄚𑄴𑄝𑄧𑄣 𑄥𑄧𑄉𑄧𑄘,𑄝𑄚𑄴𑄘𑄧𑄢𑄴, 𑄦𑄧𑄢𑄨𑄋𑄴 𑄃 𑄞𑄣𑄪𑄇𑄴 𑄃𑄬 𑄉𑄪𑄣𑄧𑄉𑄪𑄣𑄨𑄃𑄪𑄚𑄴 𑄈𑄬𑄚𑄬𑄃𑄨 𑄝𑄎𑄧𑄚𑄴।","ভেে পা মানুষ,বান্দর, হরিণ এই গুলগুলো খেে চলে"
𑄖 𑄝𑄘𑄬𑄤𑄧,"তার মতো, তার মতো"
𑄝𑄧𑄣𑄴𑄛𑄪𑄎𑄳𑄠𑄬 𑄛𑄧𑄘𑄧𑄚𑄴𑄘𑄨 𑄦𑄘𑄨 𑄡𑄉𑄮𑄠𑄬 𑄃𑄬𑄉𑄪𑄚𑄴 𑄈𑄬𑄚𑄬𑄃𑄨 𑄝𑄧𑄣𑄴 𑄞𑄧𑄢𑄚𑄴 ।,বলীে পালিে যাওার সম এগুলো খেে বল ভরা হ
𑄥𑄟𑄴𑄛𑄢𑄨 𑄤𑄧 𑄃𑄬𑄇𑄴 𑄘𑄨𑄚𑄳𑄠𑄬 𑄥𑄨𑄙𑄧𑄇𑄳𑄠 𑄦𑄧𑄠𑄬,.সাম্পারি ও একদিন সেরকম হেছে
𑄃 𑄛𑄬𑄖𑄴 𑄞𑄧𑄢𑄧𑄚𑄴 𑄉𑄪𑄣𑄧𑄉𑄪𑄣𑄨 𑄈𑄨𑄠𑄬।,পেট ভরে খাওা
𑄛𑄨𑄎𑄧𑄢𑄚𑄨 𑄃𑄪𑄖𑄴𑄧𑄢𑄴 𑄇𑄧𑄃𑄨 𑄃 𑄣𑄨𑄊𑄨𑄊𑄨 ।,পিসী উত্তর দিকে কি আছে
𑄥𑄟𑄴𑄛𑄢𑄨 𑄇𑄧𑄠𑄴 𑄇𑄬𑄣𑄎𑄧𑄖𑄴 𑄛𑄧𑄢𑄬 ?,.সাম্পারি কেক বার পরতে হ?
𑄥𑄟𑄴𑄛𑄢𑄨 𑄜𑄪𑄣𑄴 𑄝𑄉𑄚𑄧𑄖𑄴 𑄇𑄧𑄈𑄴𑄇𑄬 𑄛𑄚𑄨 𑄘𑄨𑄘𑄧 ?,.সাম্পারি ফুল বাগানে কত পানি দে?
𑄥𑄟𑄴𑄛𑄢𑄨 𑄘𑄉𑄨 𑄝𑄉𑄚𑄧𑄖𑄴 𑄇𑄨 𑄇𑄨 𑄉𑄪𑄣𑄧 𑄉𑄪𑄣𑄨 𑄃𑄉𑄧𑄚𑄴 ?,.সাম্পারি ডাকের বাগানে কি কি গোল গোল আছে?
𑄃𑄨𑄥𑄴𑄇𑄨𑄣𑄧𑄖𑄴 𑄉𑄧𑄢𑄴𑄝 𑄃𑄬𑄣𑄬 𑄇 𑄝𑄉𑄚𑄧𑄖𑄴𑄪𑄚𑄴 𑄉𑄪𑄣𑄧 𑄉𑄪𑄣𑄨 𑄃𑄚𑄨𑄚𑄬𑄃𑄨 𑄣𑄧𑄝𑄨𑄠𑄧𑄖𑄴 𑄉𑄧𑄢𑄴𑄖𑄇𑄴 ?,আজকে মেহমান আসলে কার বাগান থেকে গুল গুলি নিে আসবে?
𑄥𑄟𑄴𑄛𑄢𑄨 𑄝𑄧𑄚𑄴𑄙𑄧 𑄘𑄨𑄚𑄧𑄖𑄴 𑄇𑄨 𑄇𑄨 𑄉𑄎𑄳𑄠𑄬 ?,.সাম্পারি বন্ধ দিনে কি গিেছে?
𑄍𑄢 𑄊𑄧𑄢𑄴 𑄛𑄪𑄢𑄧𑄚𑄧𑄚𑄴 𑄉𑄧𑄢𑄧𑄢𑄨 ।,ছাা বাি পূরণ করে
𑄟𑄟𑄪------------------𑄇𑄬𑄣𑄎𑄧𑄖 𑄛𑄢𑄬 ।,মা-বাবা ঝামেলা করতে পারে
𑄥𑄟𑄴𑄛𑄢𑄨 𑄖 𑄥𑄧𑄟𑄎𑄳𑄠𑄬𑄉𑄪𑄚𑄧𑄢𑄬---------------- 𑄝𑄣𑄧𑄇𑄴 𑄝𑄝𑄖𑄳𑄠𑄬 𑄉𑄪𑄣𑄧 𑄉𑄪𑄣𑄨 𑄚𑄨𑄘𑄬 ।,সাম্পারি তার বন্ধুদের সাথে বালকদের গুল গুলি নিেছে
𑄥𑄟𑄴𑄛𑄢𑄨 𑄖𑄢 𑄝𑄉𑄚𑄧𑄢𑄴------------------𑄞𑄬𑄃𑄨 𑄛𑄢𑄬 ।,.সাম্পারি তাদের বািে-যেতে পারে
𑄦𑄧𑄇𑄴 𑄦𑄧𑄣𑄬 𑄖𑄨𑄇𑄴( ) 𑄟𑄎𑄢 𑄘𑄨𑄃𑄨𑄃𑄨 ।,হক হলে টেক্কা দিে দে
𑄇)𑄥𑄟𑄴𑄛𑄢𑄨 𑄇𑄨 𑄜𑄪𑄣𑄴 𑄉𑄧𑄟𑄴 𑄛𑄠𑄴 ?,কাপের কাপ কি ফুল ভালো লাগে?
"𑄷, 𑄉𑄮𑄣𑄛𑄴 𑄸,𑄝𑄬𑄣𑄧 𑄜𑄪𑄣 𑄹, 𑄥𑄧𑄘𑄧𑄢𑄧𑄇𑄴 𑄜𑄪𑄣𑄴 𑄺,𑄎𑄧𑄝",". গোলাপ ২,বেল ফুল ৩,সরাক ফুল ৪.জবা"
𑄈)𑄃𑄟 𑄎𑄖𑄨𑄠𑄧 𑄜𑄪𑄣𑄴 𑄇𑄨 ?,খাা জাতি ফুল কি?
"𑄷, 𑄥𑄧𑄘𑄧𑄢𑄧𑄇𑄴 𑄜𑄪𑄣𑄴 𑄸,𑄛𑄧𑄘𑄴𑄘𑄧 𑄜𑄪𑄣𑄴, 𑄹,𑄓𑄣𑄨𑄠, 𑄺,𑄃𑄧𑄛𑄧𑄢𑄎𑄨𑄖","১,সমান ফুল ২,তিন,ডালিা ৪,অপরাজিতা"
𑄉) 𑄥𑄟𑄴𑄛𑄢𑄨 𑄃𑄨𑄥𑄴𑄇𑄪𑄣𑄴 𑄝𑄧𑄚𑄴𑄙𑄧 𑄛𑄬𑄠𑄬 ?,গাে সাবান দিে কি বন্ধ হেছে
"𑄷𑄶 𑄘𑄨𑄚 𑄸,𑄷𑄻 𑄘𑄨𑄚𑄴 𑄹,𑄷𑄸 𑄘𑄨𑄚𑄴 𑄺,𑄸𑄶 𑄘𑄨𑄚𑄴 ।","দশ দিন ২,১০ দিন ৩,১০ দিন"
𑄊) 𑄃𑄨𑄥𑄴𑄇𑄪𑄣𑄧𑄖𑄴 𑄉𑄧𑄢𑄴𑄝𑄃𑄪𑄚𑄧𑄢𑄬 𑄣𑄧𑄝𑄨𑄠𑄧𑄖𑄴 𑄉𑄧𑄢𑄧𑄚𑄴 ---,ঘািে পা মানুষদের বিে করে
"𑄷, 𑄝𑄉𑄚𑄧 𑄝𑄧𑄢𑄧𑄃𑄨 𑄘𑄨𑄚𑄬𑄃𑄨 𑄸,𑄝𑄉𑄚𑄧𑄢𑄴 𑄣𑄘-𑄛𑄘𑄣𑄮𑄃𑄨 𑄹,𑄝𑄉𑄚𑄧𑄢𑄴 𑄉𑄪𑄣𑄧𑄉𑄪𑄣𑄨𑄣𑄮𑄃𑄨","বাগান বরই দিনে ২,বাগান বরই দিনে ৩,বাগান গুলতিলো"
"𑄺,𑄝𑄉𑄚𑄧𑄢𑄴 𑄇𑄧𑄣 𑄘𑄨𑄚𑄬𑄃𑄨 ।",বাগানের কলা দিনে
𑄃𑄚𑄧𑄚𑄴𑄘𑄧𑄟𑄧𑄠𑄴 𑄌𑄋𑄴𑄟,মিষ্টি চামা
𑄢𑄋𑄉𑄧𑄢𑄨 𑄦𑄎𑄨-𑄦𑄎𑄨 𑄖𑄪𑄟𑄨 𑄇𑄨 𑄉𑄧𑄢𑄧𑄢𑄴?,কালোজাদু করে তোমরা কি করছো?
"𑄎𑄪𑄟𑄴𑄧𑄜𑄪𑄣𑄴 𑄥𑄧𑄘𑄧𑄢𑄧𑄇𑄴 𑄖𑄪𑄃𑄨 𑄃𑄬𑄘𑄧𑄇𑄴 𑄘𑄮𑄣𑄴,",জুম্মফুলের সুগন্ধ তুমি অনেক সুন্দর
𑄢𑄋-𑄦𑄧𑄣𑄧𑄘𑄳𑄠 𑄝𑄨𑄚𑄨𑄢𑄧𑄋𑄬 𑄟𑄪𑄃𑄨𑄘𑄧 𑄦𑄧𑄠𑄧𑄋𑄴 𑄘𑄮𑄣𑄴।,লাল- হলুদ বিালের মুখটা সুন্দর
"𑄢𑄘𑄌𑄪𑄣𑄧-𑄢𑄬𑄝𑄬𑄇𑄴-𑄖𑄧𑄢𑄨𑄋𑄴-𑄍𑄪𑄟𑄧 𑄣𑄎𑄧𑄢𑄨,",রাদা চুল-রেবেক-তরিকলজ্জা
𑄎𑄪𑄟𑄴𑄧 𑄎𑄧𑄉 𑄜𑄪𑄘𑄨 𑄃𑄊𑄧𑄚𑄴 𑄌𑄘𑄬 𑄘𑄮𑄣𑄴 𑄉𑄧𑄢𑄨 ।,জুে জুে আছে সুন্দর করে
"𑄖𑄧𑄟𑄢𑄧𑄋𑄬 𑄛𑄉𑄧𑄣𑄴 𑄦𑄧𑄃𑄨 𑄞𑄮𑄋𑄧𑄢𑄉𑄪𑄚𑄴 𑄓𑄧𑄉𑄧𑄢𑄧𑄚𑄴,",তোমাদের জন্য পাগল হে ভ করে ভ পা
𑄟𑄧 𑄟𑄧𑄚𑄚𑄧𑄖𑄴 𑄞𑄎𑄨 𑄃𑄪𑄘𑄬 𑄚𑄚 𑄥𑄪𑄉𑄧𑄢𑄴 𑄥𑄧𑄝𑄧𑄚𑄴 ।,আমার মনে অনেক সুখ আছে
"𑄖𑄧𑄟 𑄢𑄧𑄋𑄴 𑄖𑄧𑄟 𑄖𑄪𑄟𑄴𑄝𑄥𑄴, 𑄃𑄨𑄠𑄚𑄨 𑄚𑄧𑄠𑄴 𑄞𑄪𑄣𑄴,","তোমার রং তোমার সুগন্ধ, এগুলো ভুল না"
𑄇𑄨 𑄃𑄬𑄘𑄧𑄇𑄴 𑄘𑄮𑄣𑄴 𑄖𑄪𑄟𑄨-𑄃𑄟 𑄎𑄪𑄟𑄴𑄟𑄧 𑄜𑄪𑄣𑄴।,কী এত সুন্দর তোমরা?
𑄸𑄾,"১. ২. আঠালো, আঠালো"
𑄌𑄧𑄢𑄴- 𑄜𑄪𑄣𑄴 𑄝𑄉𑄚𑄴 𑄘𑄮𑄣𑄬 𑄘𑄱𑄣𑄬 𑄌𑄧𑄢𑄴 ।,চর-ফুলের বাগান ভালো করে পরিষ্কার করে
𑄖𑄪𑄟𑄴𑄝𑄌𑄴 -𑄜𑄪𑄣𑄧𑄖𑄴𑄪𑄚 𑄖𑄪𑄟𑄴 𑄝𑄥𑄴 𑄚𑄨𑄋𑄨𑄣𑄬𑄢𑄴 ।,সুগন্ধ-ফুল থেকে সুগন্ধ বের হচ্ছে
𑄛𑄉𑄧𑄣𑄴-𑄞𑄮𑄟𑄧𑄢𑄃𑄪𑄚𑄬 𑄛𑄉𑄧𑄣𑄴 𑄦𑄧𑄚𑄬𑄃𑄨 𑄊𑄪𑄢𑄧𑄚𑄴 ।,পাগল-ছাগলগুলো পাগল হে ঘুরে
𑄎𑄪𑄟𑄴𑄧 𑄎𑄧𑄉- 𑄞𑄣𑄧𑄇𑄴 𑄝𑄝𑄖𑄳𑄠 𑄜𑄪𑄣𑄴 𑄜𑄪𑄘𑄨 𑄃𑄊𑄧𑄚𑄴 𑄎𑄪𑄟𑄴𑄧𑄎𑄧𑄉 ।,জুে জুে অনেক ফুল ফুটে আছে
𑄚𑄎𑄨 𑄚𑄎𑄨-𑄦𑄎𑄨 𑄦𑄎𑄨 𑄚𑄎𑄨 𑄚𑄎𑄨 𑄃𑄬𑄎𑄬𑄢𑄴 𑄃𑄟 𑄝𑄨𑄎𑄪 ।,নাচতে নাচতে আমাদের বিে এসেছে
𑄎𑄪𑄟𑄴-𑄎𑄪𑄟𑄴 𑄝𑄧𑄣 𑄇𑄟𑄴 𑄉𑄧𑄢𑄧𑄚𑄴 ।,জুম-জুম কাজ করে
𑄓𑄬𑄚𑄴 𑄃 𑄝𑄋𑄴 𑄘𑄉𑄴 𑄑𑄚𑄨 𑄟𑄨𑄬𑄨𑄣𑄬𑄃𑄨 ।,সারাদিন বাঁশের দাগ টানিে থাকে
𑄎𑄪𑄟𑄴𑄧𑄜𑄪𑄣𑄴 𑄎𑄪𑄟𑄴𑄧 𑄜𑄪𑄣𑄴 𑄖𑄪𑄃𑄨,এক জাতী ফুল তুমি
𑄢𑄘𑄌𑄪𑄣𑄧 𑄢𑄬𑄝𑄬𑄇𑄴,এক জাতী পাখি
𑄟𑄧 𑄟𑄧𑄚𑄚𑄴 𑄝𑄎𑄨 𑄃𑄪𑄘𑄬,আমার মনটা নেচে উঠে
𑄇𑄨 𑄃𑄬𑄘𑄧𑄇𑄴 𑄘𑄮𑄣𑄴,কি এত সুন্দর
𑄖𑄣𑄬 𑄖𑄣𑄬 𑄍𑄧𑄢𑄧𑄢𑄝𑄱 𑄛𑄧𑄢𑄧𑄢𑄚 𑄃 𑄝𑄪𑄏𑄪𑄏𑄨𑄬𑄨𑄚𑄬𑄃𑄨 𑄣𑄨𑄊𑄨𑄊𑄨 ।,তালে তালে দৌাদৌি করা আমার ভালো লাগে
𑄃𑄬𑄘𑄧𑄇𑄳𑄠 𑄉𑄧𑄢𑄨 𑄖𑄪𑄟𑄪𑄟𑄨 𑄃𑄬𑄇𑄮 𑄇𑄧𑄝𑄧𑄝𑄨𑄖𑄨𑄖𑄧 𑄣𑄨𑄊𑄨𑄊𑄧 ।,এত ব করে তুমি একটা কথা বলছো
𑄸𑄿,১. 29. 29
-𑄖𑄧𑄢𑄨𑄋𑄴 𑄌𑄪𑄟𑄱 𑄣𑄎𑄧𑄢𑄨,.তরকারির চুমুকের লাজ
-𑄖𑄪𑄟𑄨 𑄃𑄟 𑄎𑄪𑄟𑄴𑄧 𑄜𑄪𑄣𑄴,তুমি আমাদের যৌথ ফুল
-𑄖𑄪𑄟𑄨 𑄇𑄢𑄬 𑄌𑄧𑄢𑄴,তোমরা কার চর
-𑄖𑄪𑄟𑄨 𑄇𑄨 𑄉𑄧𑄢𑄧𑄢𑄴,তোমরা কি করছো
-𑄚𑄚 𑄥𑄪𑄉𑄧𑄢𑄴 𑄥𑄧𑄝𑄧𑄚𑄴,.নানা শাক
𑄟𑄮𑄚𑄴𑄖𑄧𑄣 𑄃𑄘𑄟𑄴 𑄚𑄋𑄬 𑄃𑄬𑄇𑄴𑄈𑄚𑄴 𑄓𑄋𑄧𑄢𑄴 𑄃𑄘𑄟𑄴 𑄃𑄉𑄬 ।,পাহাি গ্রামের পাশে একটা ব গ্রাম আছে
𑄘𑄨𑄚𑄬𑄚𑄴𑄘𑄳𑄢𑄧 𑄥𑄬 𑄃𑄘𑄟𑄧𑄢𑄴 𑄇𑄢𑄴𑄝𑄢𑄨 ।,সারাদিন সে গ্রামের কাজ করে
𑄃𑄘𑄟𑄧𑄖𑄴 𑄖𑄨𑄚𑄴𑄥𑄧,গ্রামের চামা
𑄉𑄨𑄢𑄨 𑄇𑄎𑄇𑄎𑄨 ।,গিরিখাদ
𑄟𑄚𑄪𑄥𑄴 𑄃𑄉𑄧𑄚𑄴 𑄃𑄬𑄇𑄴 𑄦𑄎𑄢𑄴 𑄘𑄨𑄥𑄧𑄎𑄧𑄚 𑄴।,মানুষরা এক হাজার দিে যাচ্ছে
𑄃𑄘𑄟𑄧𑄖𑄧 𑄥𑄧𑄖𑄴𑄟𑄪𑄣𑄧 𑄌𑄨𑄉𑄮𑄚𑄴 𑄉𑄪𑄢𑄧 𑄇𑄪𑄢𑄧𑄣𑄨 𑄣𑄮𑄃𑄨 𑄈𑄢 𑄦𑄧𑄘𑄬,গ্রামটি ছোট ছোট শিশুদের খেলা ব্যবহৃত হ
𑄘𑄬𑄊𑄬 ।,"দেখে, দেখে"
𑄃𑄘𑄟𑄳𑄠 𑄟𑄚𑄪𑄥𑄴𑄪𑄚𑄧𑄢𑄴 𑄝𑄬-𑄌𑄧𑄣𑄌𑄧𑄣𑄴 𑄘𑄬𑄣𑄬 𑄝𑄧𑄎𑄧𑄟𑄚𑄴 𑄟𑄧𑄚𑄧 𑄘𑄪𑄉𑄴 𑄜𑄪𑄘𑄬 ।,গ্রামের মানুষরা বোচা করলে সবার মনে দুঃখ ফুটে
𑄡𑄬 𑄇𑄮𑄚𑄧 𑄇𑄟𑄴 𑄃𑄘𑄟𑄳𑄠,যে কোন কাজে গ্রামের মানুষ
𑄟𑄚𑄪𑄥𑄴𑄪𑄚𑄧𑄢𑄬 𑄓𑄉𑄨𑄚𑄬𑄃𑄨 𑄥𑄧𑄣-𑄛𑄧𑄢𑄟𑄢𑄴𑄥𑄧 𑄉𑄧𑄢𑄨𑄚𑄬𑄃𑄨 𑄥𑄟𑄣𑄴 𑄘𑄬 ।,.মানুষকে দৌাদৌি করে সামাল দে
𑄃𑄬𑄇𑄴 𑄘𑄨𑄚𑄳𑄠𑄬 𑄝𑄨𑄚𑄳𑄠𑄬 𑄃𑄬𑄇𑄴𑄈𑄚𑄴 𑄃𑄨𑄥𑄴𑄇𑄪𑄣𑄴,এক দিন বিকালে একটা স্কুল
𑄝𑄚𑄬𑄝𑄢𑄴 𑄒𑄨𑄇𑄴 𑄉𑄧𑄢𑄴𑄣𑄉𑄴 ।,বানানোর ঠিক করলো
𑄇𑄧𑄙 𑄟𑄧𑄖𑄬 𑄃𑄨𑄥𑄴𑄇𑄪𑄣𑄴 𑄝𑄚𑄚 𑄒𑄨𑄇𑄴 𑄦𑄧𑄣𑄧 ।,কথা মতো স্কুল বানানো ঠিক হলো
"𑄃𑄘𑄟𑄧𑄖𑄴 𑄃𑄬𑄇𑄴 𑄎𑄧𑄚𑄴 𑄃𑄬𑄥𑄴,𑄃𑄬𑄥𑄴,𑄥𑄨 𑄛𑄥𑄴","গ্রাম থেকে এক জন এসেছে,সি পাা"
𑄟𑄥𑄴𑄑𑄧𑄢𑄴 𑄒𑄨𑄇𑄴 𑄉𑄧𑄢 𑄦𑄧𑄣𑄧 ।,মাটিটা ঠিক করা হলো
𑄃𑄨𑄥𑄴𑄇𑄪𑄣𑄧 𑄚𑄋𑄴 𑄦𑄧𑄣𑄧 𑄟𑄧𑄃𑄨𑄚𑄴 𑄃𑄘𑄟𑄴 𑄝𑄬-𑄥𑄧𑄢𑄴𑄇𑄢𑄨 𑄛𑄳𑄢𑄃𑄨𑄟𑄢𑄨 𑄃𑄨𑄥𑄴𑄇𑄪𑄣𑄴 ।,ইস্কুলের নাম হলো গ্রামের সবার ছোট স্কুল
𑄟𑄥𑄴𑄑𑄧𑄢𑄧 𑄝𑄬𑄖𑄧𑄚𑄴 𑄃 𑄈𑄚 𑄝𑄬𑄇𑄴𑄈𑄚𑄨 𑄇𑄚𑄖𑄴 𑄣𑄧𑄣𑄧 ।,মাস্টারের বেতন সবগুলো কানে নিে নিল
𑄘𑄨𑄚𑄬𑄚𑄴𑄘𑄳𑄢𑄧,"দিন, রাত"
𑄖𑄬 𑄚𑄨𑄖𑄳𑄠𑄧 𑄃𑄨𑄥𑄴𑄇𑄪𑄣𑄧𑄖𑄴 𑄇𑄨 𑄦𑄧𑄢𑄴 𑄚𑄧 𑄦𑄧𑄢𑄴 𑄌𑄬𑄝𑄢𑄴𑄣𑄳𑄠𑄃𑄨 𑄡𑄬𑄘𑄧।,সে সারাদিন স্কুলে কি হ না দেখে যা
𑄃𑄨𑄥𑄴𑄇𑄪𑄣𑄧𑄢𑄴 𑄇𑄧𑄠𑄬𑄇𑄴𑄇𑄮 𑄚𑄨𑄠𑄬 𑄟𑄚𑄪𑄎𑄧𑄢𑄴 𑄛𑄮 𑄃𑄉𑄧𑄚𑄴,ইস্কুলের কেকটা নিে লোক আছে
"𑄖𑄢 𑄃𑄨𑄥𑄴𑄇𑄪𑄣𑄧𑄢𑄴 𑄛𑄬𑄚𑄴 𑄥𑄨𑄣𑄪𑄟𑄴, 𑄝𑄧𑄃𑄨,𑄈𑄖, 𑄇𑄧𑄣𑄧𑄟𑄴 𑄃𑄚𑄨 𑄚𑄧 𑄛𑄢𑄧𑄚𑄴 ।","তাদের ইস্কুলের কলম শার্ট,বই,খাতা, কলম আনতে পারে না"
𑄥𑄬 𑄛𑄮 𑄌𑄝𑄃𑄪𑄚𑄧𑄣𑄃𑄨 𑄃𑄨𑄥𑄴𑄇𑄪𑄣𑄧𑄢𑄴 𑄛𑄬𑄚𑄴,সে ছেলে চামা দিে স্কুলে পে
"𑄥𑄨𑄣𑄪𑄟𑄴, 𑄝𑄧𑄃𑄨,𑄈𑄖, 𑄇𑄧𑄣𑄧𑄟𑄴 𑄇𑄨𑄚𑄨 𑄘𑄨𑄘𑄧 ।","শার্ট,বই,খাতা, কলম কিনে দাও"
𑄃𑄨𑄥𑄴𑄇𑄪𑄣𑄴 𑄞𑄣𑄬𑄘𑄧𑄢𑄴𑄣𑄃𑄨 𑄟𑄥𑄬 𑄃𑄬𑄇𑄴𑄝𑄢𑄴 𑄝𑄬𑄇𑄴𑄈𑄪𑄚𑄬 𑄟𑄨𑄣𑄨𑄚𑄬𑄃𑄨 𑄥𑄧𑄣 𑄛𑄧𑄢,স্কুল ভে বছরে একবার সবাই মিলে সলাপরামর্শ করা হ
𑄃𑄬𑄇𑄴 𑄥𑄧𑄟𑄧𑄠𑄴 𑄥𑄧𑄢𑄴𑄇𑄢𑄧𑄢𑄴 𑄦𑄬𑄏𑄣𑄧 𑄇𑄧𑄙 𑄃𑄚 𑄦𑄧𑄣𑄧 ।,এক সম সওদাগরের কথা আনা হলো
𑄇𑄢𑄴𑄝𑄎𑄳𑄠 𑄃 𑄘𑄨 𑄎𑄧𑄚𑄴 𑄥𑄧𑄟𑄎𑄳𑄠𑄬 𑄣𑄧𑄚𑄬𑄠𑄴,কার্বাজা আর দুই জন মানুষ নিে যাচ্ছে
𑄥𑄨𑄇𑄴𑄈 𑄇𑄧𑄢𑄴𑄖 𑄝𑄝𑄪𑄃𑄨𑄘𑄪 𑄘𑄬𑄊 𑄉𑄧𑄢𑄴𑄣𑄇𑄴 ।,.সে কর্তা বাবুটা ছবি তুললো।
𑄥𑄨𑄇𑄴𑄈 𑄃𑄧𑄜𑄨𑄎𑄧 𑄇𑄧𑄢𑄴𑄖 𑄝𑄝𑄪𑄘𑄉𑄨 𑄃𑄬𑄇𑄴 𑄥𑄧𑄟𑄧𑄠𑄴 𑄢𑄬𑄎𑄨𑄥𑄴𑄑𑄢𑄴 𑄉𑄧𑄢𑄴𑄣𑄉𑄴।,.সে বাবা-মা এক সম রেজিস্টার করল।
𑄻 𑄇𑄬𑄣𑄎𑄧 𑄥𑄬𑄎𑄬 𑄇𑄬𑄚𑄴𑄘𑄧𑄢𑄧 𑄃𑄨𑄘𑄪 𑄛𑄧𑄢𑄨𑄇𑄴𑄈 𑄘𑄨𑄠𑄬 𑄛𑄧𑄢𑄬।,.৫ কেলাজ করে এই পরীক্ষা দিতে হ
𑄃𑄨𑄥𑄴𑄇𑄪𑄣𑄧𑄢𑄴 𑄚𑄘 𑄟𑄚𑄴𑄎𑄧 𑄛𑄮𑄃𑄪𑄚𑄧𑄢𑄬 𑄇𑄛𑄧𑄢𑄴-𑄌𑄮𑄛𑄧𑄢𑄴 𑄣𑄮𑄃𑄨,ইস্কুলের নাামাা কুকুরগুলো কাপ কাপ পতেছে
𑄘𑄨 𑄚𑄧𑄛𑄢𑄧𑄚𑄴 𑄃 𑄈𑄚-𑄛𑄨𑄚 𑄘𑄨 𑄚𑄧 𑄛𑄢𑄧𑄚𑄴।,দুইটা নাচা করতে পারা যা না
𑄛𑄧𑄢𑄨𑄇𑄴𑄈 𑄇𑄬𑄚𑄴𑄘𑄧𑄢𑄧 𑄇𑄪𑄢𑄬 𑄇𑄢𑄴𑄝𑄎𑄳𑄠 𑄃𑄬𑄇𑄴 𑄇𑄪𑄘𑄪𑄟𑄴𑄝𑄧 𑄃𑄨𑄘𑄪 𑄈𑄚-𑄗𑄚 𑄉𑄧𑄢𑄨,পরিক্ষার্থীরা মাঠের পাশ দিে এক কুমা দিে খাওা-থাকা করে
𑄘𑄨𑄣𑄧।,bdmean
𑄃𑄬 𑄙𑄧𑄇𑄴𑄈𑄳𑄠𑄚𑄴 𑄃𑄬𑄎𑄣𑄴 𑄛𑄬𑄚𑄬𑄃𑄨 𑄃𑄨𑄥𑄴𑄇𑄪𑄣𑄧𑄢𑄴 𑄘𑄮𑄣𑄴𑄚𑄋𑄴 𑄌𑄬𑄢𑄧 𑄇𑄨𑄖𑄳𑄠𑄬𑄚𑄴𑄘𑄨 𑄍𑄧𑄢𑄬 𑄛𑄧𑄢𑄴𑄣𑄧।,এই দাগটা পেে স্কুলটা সুন্দর করে তুলতে হ
𑄃𑄨𑄥𑄴𑄇𑄪𑄣𑄚𑄴 𑄃𑄘𑄧𑄢𑄴𑄥𑄧 𑄃𑄨𑄥𑄴𑄇𑄪𑄣𑄴 𑄦𑄧𑄣𑄧।,স্কুলটা অনেক ব হলো
𑄖𑄬 𑄃𑄘𑄟𑄳𑄠𑄃𑄪𑄚𑄧𑄢𑄬 𑄘𑄚𑄴 𑄉𑄧𑄢𑄨𑄚𑄬𑄃𑄨 𑄝𑄣𑄧𑄇𑄴 𑄝𑄝𑄧𑄖𑄳𑄠𑄬 𑄎𑄧𑄚𑄴𑄎𑄣𑄧𑄖𑄴𑄪𑄚𑄴 𑄍𑄧𑄢𑄚𑄴 𑄘𑄨𑄘𑄧 ।,সে গ্রামের মানুষদের দান করে দিে গ্রাম থেকে বাঁশ বের করে দে
𑄟𑄚𑄴𑄎𑄬 𑄇𑄧𑄎𑄴𑄎𑄬 𑄝𑄎𑄬𑄣𑄬 𑄥𑄨𑄠𑄚𑄨,মলা কলা বাজালে সেগুলো
𑄥𑄟𑄎𑄧 𑄃𑄧𑄚𑄪𑄥𑄴𑄑𑄚𑄧𑄖𑄴 𑄖𑄬 𑄃𑄬𑄎𑄣𑄴 𑄘𑄨𑄘𑄧 ।,সামাজিক অনুষ্ঠানে সে এসেছে
𑄖𑄢𑄬 𑄝𑄬𑄇𑄴𑄈𑄪𑄚𑄬 𑄥𑄧𑄚𑄴𑄟𑄚𑄴 𑄃 𑄥𑄳𑄢𑄧𑄘𑄴𑄙 𑄉𑄧𑄢𑄴𑄖𑄇𑄴 ।,তাকে সবাই সম্মান করে
𑄞𑄌𑄴 𑄞𑄋𑄨 𑄃 𑄣𑄨𑄊𑄨 ।,ভাত ভেঙে আছে
𑄉𑄨𑄢𑄨 - 𑄊𑄧𑄢𑄧 𑄉𑄨𑄢𑄮𑄎𑄴 ।,গিরি-বাি গিরা
𑄖𑄋𑄣𑄬 𑄖 𑄊𑄧𑄢𑄧 𑄉𑄨𑄢𑄨 ।,তাাতাি তার বাি
𑄘𑄨𑄚𑄬𑄚𑄴𑄘𑄳𑄢𑄧 𑄇𑄧𑄙𑄣𑄮𑄃𑄨 𑄡𑄧𑄘𑄧𑄝𑄧𑄘𑄬 𑄃𑄨𑄥𑄴𑄇𑄪𑄣𑄴 𑄝𑄚𑄬𑄣𑄇𑄴 ।,সারাদিন কথা বলে যতগুলো স্কুল বানা
𑄥𑄧𑄣𑄧𑄣 - 𑄇𑄧𑄙 𑄝𑄖𑄴𑄖 ।,সললা - কথা বলতে বলা
𑄝𑄬𑄇𑄴𑄈𑄪𑄚𑄬 𑄥𑄧𑄣-𑄛𑄧𑄢 𑄟𑄧𑄢𑄴𑄥𑄧 𑄉𑄧𑄢𑄨 𑄃𑄘𑄟𑄧𑄘𑄴 𑄃𑄨𑄥𑄴𑄇𑄪𑄣𑄴 𑄝𑄚𑄘𑄬,সবাই সলাপরামর্শ করে গ্রামের স্কুলগুলো তৈরি করে
𑄛𑄧𑄢𑄧𑄢𑄟𑄧𑄌𑄧𑄌𑄴𑄌𑄴𑄌𑄧-𑄧- 𑄡𑄬 𑄇𑄟𑄴 𑄉𑄧𑄢𑄨𑄝𑄬 𑄥𑄬 𑄇𑄟𑄧𑄢𑄴 𑄇𑄪𑄥𑄧𑄣𑄴 𑄎𑄚 ।,পরগাছা- যে কাজ ভালো করে করতে পারে না
𑄃𑄬𑄎𑄣𑄴-𑄴- 𑄝𑄧𑄣𑄴 𑄘𑄬𑄚 ।,এসে বল দো
𑄇𑄢𑄴𑄝𑄎𑄳𑄠𑄬 𑄃𑄬𑄎𑄣𑄴 𑄘𑄨𑄣𑄬 𑄎𑄧𑄚𑄴𑄎𑄣𑄧𑄖𑄴𑄪𑄚𑄴 𑄍𑄢𑄚𑄴 𑄛𑄚𑄴 ।,কার্জ করলে মানুষরা তাাতাি ছার পায়
𑄇𑄧𑄢𑄧𑄢𑄴𑄖𑄴𑄖 𑄝𑄝𑄪-𑄪- 𑄓𑄋𑄧𑄢𑄴 𑄟𑄙 ।,কাঠঠোকরা-ডাঙর মাথা
𑄥𑄨𑄇𑄴𑄈 𑄃𑄧𑄜𑄨𑄎𑄧 𑄇𑄧𑄢𑄴𑄖 𑄝𑄝,.সে বাপে বাপে
𑄇𑄪𑄘𑄪𑄘𑄪𑄟𑄪𑄟𑄴𑄝𑄴𑄝𑄧-𑄧- 𑄃𑄣𑄪𑄣𑄧 𑄘𑄪𑄣𑄧𑄣𑄧 𑄟𑄚𑄪𑄥𑄴 /𑄇𑄠𑄴 𑄇𑄪𑄢𑄬 𑄟𑄚𑄪𑄥𑄴 ।,কত ব মানুষ/কাঁকা মানুষ
𑄛𑄪𑄎𑄮𑄢𑄚𑄨 𑄇𑄧𑄃𑄨 𑄃 𑄣𑄨𑄊𑄨 ।,পূজাগুলো কোথা আছে
𑄃𑄘𑄟𑄧 𑄇𑄢𑄴𑄝𑄢𑄨 𑄚𑄋𑄴 𑄇𑄨 ?,গ্রামের কার্বারির নাম কি?
𑄟𑄮𑄚𑄴𑄖𑄧𑄣 𑄃𑄘𑄟𑄧𑄖𑄴 𑄇𑄧𑄠𑄴 𑄉𑄨𑄢𑄨 𑄃𑄉𑄧𑄚𑄴 ?,পাহাের পাশে ক ঘর আছে?
𑄇𑄧𑄚𑄴𑄚 𑄟𑄥𑄴𑄑𑄧𑄢𑄧 𑄝𑄬𑄖𑄧𑄚𑄴 𑄌𑄣𑄠𑄴 ?,কে মাস্টারের বেতন চালা
𑄇𑄨𑄖𑄳𑄠𑄬 𑄃𑄨𑄥𑄴𑄇𑄪𑄣𑄴 𑄝𑄚 𑄦𑄧𑄣𑄧 ?,কেন স্কুল বানানো হলো?
𑄇𑄨 𑄙𑄧𑄇𑄴𑄈𑄳𑄠𑄚𑄴 𑄉𑄧𑄢𑄨 𑄃𑄨𑄥𑄴𑄇𑄪𑄣𑄧𑄢𑄴 𑄘𑄮𑄣𑄴 𑄚𑄋𑄴 𑄍𑄧𑄢𑄬 𑄛𑄪𑄎𑄴𑄬 ?,.কি চেহারা করে স্কুলটা সুন্দর নাচতেছে?
𑄹𑄷,১. ৩. ৩. ৩. এক জাতী সবজি
𑄝𑄨𑄎𑄪 𑄘𑄨𑄚𑄴,বিঝুর দিন
𑄢𑄧𑄎𑄬𑄠𑄬- 𑄃𑄧𑄣𑄨𑄚𑄴𑄘𑄳𑄢𑄧 𑄖𑄳𑄢𑄨𑄛𑄪𑄢,"রগচটা, অস্থির, অস্থির"
𑄹𑄹,bdmean
𑄛𑄣-𑄷,পালা-১
𑄚𑄧𑄚𑄝𑄨: 𑄦𑄎𑄨!,নানি: হাসি!
𑄦𑄎𑄨!,হাসি
𑄉𑄝𑄧𑄎𑄳𑄠𑄬𑄥𑄚𑄴 𑄃𑄃𑄨𑄠𑄬 𑄖𑄪𑄃𑄨 𑄝𑄏𑄨 𑄝𑄳𑄦𑄧𑄢𑄴 ?,জঙ্গল থেকে কেন তুমি বাঁশ কাটতেছো?
𑄚𑄉𑄧𑄢𑄴 𑄌𑄚𑄴 :𑄝𑄨𑄎𑄪 𑄃𑄬𑄣𑄬 𑄛𑄪𑄢𑄧𑄚𑄴 𑄘𑄨𑄚𑄧 𑄇𑄧𑄙 𑄃𑄨𑄘𑄮𑄖𑄴 𑄃𑄪𑄘𑄬 ।,নাগর চাঁদ:বিঝু আসলে পুরো দিন কথা উঠে
𑄥𑄬𑄖𑄳𑄠𑄬 𑄝𑄏𑄨 𑄝𑄋𑄧𑄢𑄴 !,সে বাঁশি বাজাচ্ছে
𑄚𑄧𑄚𑄝𑄨 𑄃 𑄟𑄧𑄚𑄝𑄨 :𑄃𑄬𑄎𑄬𑄖𑄳𑄠𑄬 𑄇𑄨𑄣𑄳𑄠𑄬 𑄝𑄨𑄎𑄪 ।,নানি এই মন দিে:অতিরিক্ত কিল
𑄃𑄬 𑄘𑄨𑄚𑄧𑄖𑄴 𑄇𑄨 𑄃𑄧𑄠𑄴 ?,এই দিনে কি আছে?
"𑄚𑄉𑄧𑄢𑄴 𑄌𑄚𑄴: 𑄝𑄨𑄏𑄪 𑄘𑄨𑄚𑄧𑄖𑄴 𑄌𑄋𑄴𑄟,𑄟𑄢𑄴𑄟 𑄃 𑄖𑄳𑄢𑄨𑄛𑄪𑄢𑄃𑄪𑄚𑄧𑄢𑄴 𑄃𑄪𑄥𑄴𑄥𑄮𑄢𑄴 𑄘𑄨𑄚𑄴 ।","নাগর চাঁদ: বিঝুর দিনে চাকমা, মারমাদের উস্কুখুস্কু দিন"
𑄘𑄨𑄚𑄪𑄚𑄴 𑄃𑄨𑄘𑄘𑄮𑄖𑄴 𑄖𑄪𑄣𑄨 𑄃𑄪𑄥𑄴𑄥𑄮 𑄉𑄧𑄢,সারাদিন এখানে উে আসা
𑄛𑄧𑄢𑄬 ।,"পা, পা"
𑄟𑄧𑄚𑄝𑄨:𑄃𑄬 𑄘𑄨𑄚𑄪𑄚𑄴 𑄇𑄬𑄚𑄬 𑄝𑄎𑄨 𑄢𑄉𑄬𑄝𑄧𑄋𑄴 ?,মনী:এই দিনগুলো কেমনে টিকবে?
𑄚𑄉𑄧𑄢𑄴𑄌𑄚𑄴:𑄉𑄧𑄢𑄬𑄠 𑄇𑄨𑄖𑄴𑄖𑄧𑄚𑄴 𑄘𑄧𑄣𑄴 𑄉𑄨𑄖𑄴 𑄉𑄬𑄃𑄨 𑄉𑄬𑄃𑄨 𑄃𑄘𑄟𑄬 𑄃𑄘𑄟𑄬 𑄝𑄬𑄢𑄬 𑄚𑄎𑄧𑄚𑄴।,নাক থেকে গন্ধ বের হে গ্রামে গ্রামে ঘুরে বো
𑄚𑄪𑄃𑄧 𑄚𑄪𑄃𑄧 𑄇𑄛𑄧𑄢𑄴,না না কাপ
𑄃𑄪𑄢𑄧𑄚𑄴 ।,"বাতাস, বাু, বাু"
𑄝𑄬𑄇𑄴𑄪𑄚𑄬 𑄟𑄨𑄣𑄨 𑄃𑄪𑄥𑄴𑄥𑄮 𑄉𑄧𑄢𑄧𑄚𑄴 ।,সবাই মিলে উঠাবসা করে
𑄚𑄧𑄚𑄝𑄨: 𑄃𑄳𑄦 𑄇𑄨 𑄦𑄧𑄠𑄴 ?,ননদ: কী হ?
"𑄚𑄉𑄧𑄢𑄴 𑄌𑄚𑄴:𑄛𑄨𑄙𑄬, 𑄛𑄎𑄧𑄚𑄴 𑄖𑄮𑄚𑄴 𑄊𑄧𑄢𑄬 𑄊𑄧𑄢𑄬 𑄝𑄚𑄚𑄴 ।","নাগর চামা পিঠা,পাজন তরকারি বািতে বানানো"
𑄖𑄪𑄟𑄨 𑄝𑄬𑄇𑄴𑄪𑄚𑄬 𑄊𑄧𑄢𑄬 𑄊𑄧𑄢𑄬 𑄝𑄬𑄢𑄬 𑄛𑄢𑄧 ।,তোমরা সবাই বািতে বোতে পারতে
𑄖𑄪𑄟𑄨 𑄖𑄧𑄟,"তোমরা, তোমরা"
𑄥𑄧𑄟𑄎𑄳𑄠𑄬 𑄊𑄧𑄢𑄧𑄖𑄴 𑄚𑄧 𑄡𑄬𑄝 ?,সামাজিক বািতে যাবে না?
𑄚𑄧𑄚𑄝𑄨 𑄃 𑄟𑄚𑄧𑄝𑄨:(𑄘𑄨 𑄎𑄧𑄚𑄬 𑄃𑄬𑄇𑄴 𑄥𑄧𑄟𑄢𑄬)𑄇𑄟𑄇𑄴𑄇𑄃𑄨 𑄡𑄬𑄝𑄧𑄋𑄴 ।,ননদী আর স্বামী একসাথে যাবে
𑄖𑄢𑄢𑄬 𑄤𑄧 𑄚𑄪𑄃𑄧 𑄝𑄧𑄎𑄧𑄢𑄧𑄖𑄴 𑄃𑄟 𑄃𑄨𑄘𑄪,তাদেরকে ও নতুন বছরে আমাদের এখানে আনবে
𑄃𑄬𑄝𑄖𑄴𑄖𑄬 𑄇𑄧𑄝𑄧𑄋𑄴 ।,এত ব ব
𑄚𑄪𑄃𑄧 𑄝𑄧𑄎𑄧𑄢𑄧𑄢𑄴 𑄘𑄨𑄚𑄴।,.নতুন বছর
𑄖𑄧𑄚𑄪 𑄢𑄟𑄴 𑄃𑄏𑄪 𑄛𑄪𑄎𑄧 𑄘𑄨𑄝𑄖𑄳𑄠𑄬 𑄃𑄬𑄥𑄳𑄠𑄬 ।,.তুলনা রাম শুধু পোকাে আসতেছে
"𑄉𑄪𑄏𑄴 𑄘𑄨𑄠 𑄃 𑄚𑄪𑄃𑄧 𑄥𑄨𑄣𑄪𑄟𑄴,𑄥𑄧𑄚𑄝𑄨 𑄚𑄱 𑄛𑄨𑄚𑄮𑄚𑄴,𑄈𑄘𑄨",".ঘর দিে আছে নতুন জামা,সনাবি নতুন পিনন,খাওা"
𑄛𑄨𑄚𑄨 𑄢𑄧𑄋𑄴𑄉𑄧 𑄈𑄧𑄣𑄖𑄴 𑄥𑄧𑄟𑄬𑄝𑄧 ।,পরিধান করে থাকা অবস্থা থাকতে হবে
𑄚𑄉𑄧𑄢𑄴 𑄌𑄚𑄴 : 𑄖𑄪𑄟𑄨 𑄃𑄬𑄌𑄴𑄌𑄧𑄘𑄬?,.নরক চাওা: তুমি কি আসতেছো?
𑄃 𑄟𑄧 𑄚𑄘𑄨𑄚𑄪𑄚𑄴 𑄇𑄪𑄘𑄪 𑄉𑄬𑄣𑄇𑄴 ?,আমার নাতনিরা কোথা গেল
𑄖𑄧𑄚𑄪𑄢𑄟𑄴; 𑄥𑄧𑄟𑄎𑄳𑄠𑄬𑄣𑄮𑄃𑄨 𑄝𑄬𑄢𑄘𑄧𑄚𑄴𑄘𑄧𑄃𑄨।,"নািভুি,সমাজে বোতেছে"
"𑄥𑄧𑄚𑄝𑄨:(𑄇𑄪𑄣𑄧𑄣𑄮𑄃𑄨 𑄝𑄎𑄧𑄚𑄧𑄖𑄴 𑄚𑄪𑄚𑄴, 𑄣𑄧𑄘𑄣𑄮𑄃𑄨 𑄛𑄚𑄨 𑄃𑄚𑄨 𑄘𑄨𑄝)।","সনাবি:কুলে লবন,লবনাক্ত পানি আনোা"
𑄖𑄪𑄚𑄪 𑄢𑄟𑄴: (𑄃𑄪𑄁 𑄥𑄮-𑄛𑄮---𑄉𑄧𑄢𑄨 𑄟𑄧𑄚𑄴𑄘𑄧𑄢𑄴 𑄚𑄪𑄚𑄴 𑄣𑄧𑄘 𑄛𑄚𑄨𑄃𑄚𑄴 𑄛𑄧𑄢𑄨 𑄘𑄨𑄝𑄧)𑄡𑄧 𑄚𑄬𑄡𑄧 ।,তুুু রাম:উং সোো-লবনার লবনাক্ত পানিটা পে যাবে
(𑄥𑄧𑄚𑄝𑄨 𑄚𑄱 𑄇𑄪𑄣𑄧𑄃𑄚𑄴 𑄚𑄨𑄝𑄧𑄉𑄮𑄃𑄨),.সনাবিটা কুলটা নিে যাচ্ছে
𑄹𑄺,bdmean
(𑄝𑄪𑄢𑄧 𑄘𑄨 𑄃𑄬𑄇𑄴𑄎𑄧𑄚𑄴 𑄃 𑄌𑄬𑄢𑄴𑄎𑄧𑄚𑄴 𑄉𑄪𑄢𑄧 𑄢𑄧𑄋𑄴𑄉𑄧 𑄈𑄧𑄣𑄖𑄴 𑄥𑄧𑄟𑄬𑄝𑄇𑄴 ।,বুো দুইজনে একটি বিশাল চূা বসে থাকবে
𑄝𑄬𑄇𑄴𑄪𑄚𑄬 𑄝𑄨𑄎𑄪 𑄈𑄬𑄝𑄇𑄴),সবাই বিঝু খেেছে
𑄖𑄧𑄚𑄪𑄢𑄟𑄴: 𑄟𑄪𑄃𑄨 𑄡𑄋𑄴 𑄥𑄣𑄬।,নািভুি: সামনে যাওা
𑄃𑄢𑄴 𑄘𑄨 𑄃𑄬𑄇𑄴𑄎𑄧𑄚𑄧 𑄊𑄧𑄢𑄧𑄖𑄴 𑄡 𑄛𑄧𑄢𑄨𑄝𑄧।,আরও দুইজনে বািতে যেতে হবে
(𑄌𑄨𑄉𑄮𑄚𑄴 𑄉𑄪𑄢𑄧𑄃𑄪𑄚𑄬 𑄚𑄉𑄧𑄢𑄴 𑄌𑄚𑄧𑄢𑄬 𑄒𑄬𑄋𑄧𑄖𑄴 𑄙𑄧𑄢𑄨 𑄎𑄪 𑄘𑄨𑄣𑄇𑄴),. ছোট বাচ্চারা নাগর দোলা দিে লাফ দিলো
𑄚𑄉𑄧𑄢𑄴 𑄌𑄚𑄴:𑄌𑄨𑄉𑄮𑄚𑄴 𑄉𑄪𑄢𑄧𑄃𑄪𑄚𑄧𑄢𑄬 𑄥𑄬𑄝𑄴 𑄝𑄖𑄴𑄖 𑄘𑄨𑄝𑄧)𑄥𑄙𑄪-𑄥𑄙𑄪-𑄥𑄙𑄪 𑄖𑄪𑄟𑄨 𑄣𑄬𑄊 𑄛𑄧𑄢 𑄥𑄨𑄊𑄨𑄚𑄬𑄃𑄨 𑄓𑄋𑄧𑄢𑄴,"নাগরচামা ছোটদের সেই বািটা দিবে,সাথে সাথে তুমি লেখা পে যাও"
𑄓𑄨𑄋𑄧𑄢𑄴 𑄦𑄧𑄘 𑄝𑄨𑄣𑄨𑄚𑄬𑄃𑄨 ।,পাহাের হেছে
𑄞𑄌𑄴 𑄞𑄋𑄨 𑄃 𑄣𑄨𑄊𑄨𑄊𑄨,ভাত ভেঙে আছে
𑄝𑄨𑄏𑄪- 𑄝𑄧𑄎𑄧𑄢𑄧𑄢𑄴 𑄥𑄬𑄎𑄴 𑄃𑄪𑄥𑄴𑄥𑄮-𑄛𑄥𑄴𑄥𑄮 𑄘𑄨𑄚𑄴 ।,বিঝু - বিঝুর সম দিন
𑄚𑄪𑄃𑄧 𑄝𑄧𑄎𑄧𑄢𑄴-𑄝𑄧𑄎𑄧𑄢𑄧𑄢𑄴 𑄛𑄧𑄖𑄴𑄗𑄧𑄟𑄴 𑄘𑄨𑄚𑄴 ।,.নতুন ব দিন
𑄃𑄪𑄥𑄴𑄥𑄮- 𑄟𑄧𑄚𑄧 𑄈𑄪𑄎𑄨 ।,উস্কুখুস্কু মন
𑄢𑄧𑄋𑄴𑄉𑄧- 𑄟𑄧𑄚𑄴 𑄥𑄋𑄴𑄥𑄋𑄳𑄠 ।,"রঙ্গ তামাশা, কৌতুক, কৌতুক"
𑄥𑄬𑄝𑄴 𑄝𑄖𑄴𑄖-𑄃𑄥𑄨𑄢𑄴𑄝𑄘𑄴 ।,সেই বাঁশটা-আসিা
𑄇𑄟𑄇𑄴𑄇𑄃𑄨-𑄒𑄨𑄇𑄴 𑄃𑄉𑄬 ।,কামানো-ঠিক আছে
𑄛𑄨𑄎𑄨𑄎𑄮𑄢𑄮𑄢𑄚𑄨 𑄇𑄧𑄃𑄧𑄃𑄨 𑄃 𑄣𑄨𑄊𑄨𑄊𑄨 ।,পিঁপাগুলো কেকটা আছে
𑄉𑄧𑄢𑄬𑄠 𑄇𑄢𑄬 𑄇𑄧𑄠𑄴 ?,.করা কাকে বলে?
𑄝𑄨𑄎𑄪 𑄚𑄨𑄚𑄬𑄃𑄨 𑄖𑄪𑄟𑄨 𑄡 𑄈𑄧𑄝𑄧𑄢𑄴 𑄛𑄧 𑄹 𑄥𑄪𑄢𑄴 𑄣𑄬𑄊𑄧 ?,বিজু নিে তোমরা যা খবর পাও তা ৩ সুর লিখো
𑄝𑄨𑄎𑄪 𑄃𑄬𑄣𑄬 𑄃𑄟 𑄟𑄧𑄚𑄚𑄨 𑄇𑄨 𑄉𑄧𑄢𑄬 ?,বিে আসলে আমাদের মন কি করে?
𑄝𑄨𑄎𑄪 𑄃 𑄚𑄪𑄃𑄧 𑄝𑄎𑄧𑄢𑄧 𑄘𑄨𑄚𑄧𑄖𑄴 𑄌𑄨𑄉𑄮𑄚𑄴 𑄉𑄪𑄢𑄧𑄃𑄪𑄚𑄬 𑄇𑄨 𑄇𑄨 𑄉𑄧𑄢𑄧𑄚𑄴 ?,বিঝুর দিনে ছোট বাচ্চারা কি কি করে?
𑄝𑄨𑄎𑄪-𑄝𑄨𑄎𑄪 𑄃𑄧𑄇𑄴𑄖𑄧𑄖𑄴 𑄢𑄧𑄋𑄴𑄓𑄧𑄋𑄴 𑄉𑄧𑄢𑄚 ।,বিঝুর সম রং করা
𑄜𑄪𑄣𑄴 𑄝𑄨𑄎𑄪-𑄜𑄪𑄣𑄴 𑄝𑄨𑄎𑄪 𑄘𑄨𑄚𑄬 𑄜𑄪𑄣𑄴 𑄖𑄪𑄣𑄨 ।,.ফুলের বিঝু-ফুলের বিঝু দিনে ফুল তুলে
𑄚𑄪𑄃𑄧 𑄝𑄧𑄎𑄧𑄢𑄴-𑄚𑄪𑄃𑄨 𑄝𑄧𑄎𑄧𑄢𑄴 𑄘𑄨𑄚𑄧𑄖𑄴 𑄝𑄪𑄢𑄧𑄝𑄪𑄢𑄨𑄢𑄬 𑄎𑄪 𑄘𑄨𑄃𑄨 ।,.নতুন বছর-নতুন বছরে বুোকে জুে দাও
𑄛𑄎𑄧𑄚𑄴-𑄝𑄨𑄏𑄪 𑄣𑄧𑄇𑄴𑄈𑄬 𑄊𑄧𑄢𑄬 𑄊𑄧𑄢𑄬 𑄛𑄎𑄧𑄚𑄴 𑄈𑄬𑄃𑄨 ।,পাজন-বিঝুর সমে পাজন খেে
𑄥𑄬𑄝𑄴𑄝𑄖𑄴𑄖-𑄓𑄋𑄧𑄢𑄴𑄎𑄧𑄚𑄧𑄖𑄴𑄪𑄚𑄴 𑄥𑄬𑄝𑄴𑄝𑄖𑄴𑄖 𑄣𑄮𑄃𑄨 ।,সেবেটা-ডাংগো থেকে সেবো
𑄹𑄻,bdmean
𑄥𑄪𑄇𑄳𑄢𑄧 𑄝𑄢𑄬 𑄍𑄖𑄳𑄢𑄧-𑄍𑄖𑄳𑄢𑄨𑄃𑄪𑄚𑄬 𑄝𑄬𑄇𑄴𑄪𑄚𑄬 𑄟𑄘𑄧𑄖𑄴 𑄣𑄪𑄋𑄨𑄣𑄇𑄴 ।,সুোর বারে ছাত্র-ছাত্রেরা সবাই মাটিতে নামল
𑄝𑄬𑄇𑄴𑄇𑄪𑄚𑄧 𑄥𑄧𑄟𑄢𑄬 𑄛𑄚𑄨 𑄝𑄧𑄘𑄧𑄣𑄴 𑄃𑄳𑄦 𑄖𑄪𑄇𑄴 𑄖𑄇𑄴,সবাই মিলে পানি বদলা
𑄈𑄬𑄝𑄢𑄴 𑄘𑄧𑄢𑄧𑄝𑄴 ।,খাওার ভ
𑄍𑄖𑄳𑄢𑄧-𑄍𑄖𑄳𑄢𑄨𑄃𑄪𑄚𑄬 𑄥𑄪𑄢𑄴 𑄉𑄧𑄢𑄨 𑄒𑄬𑄃𑄨𑄣𑄇𑄴 ।,ছাত্র-ছাত্রেরা সুর করে লাফিে নামল
𑄟𑄥𑄴𑄖𑄧𑄢𑄴 𑄚𑄚𑄪 𑄇𑄧𑄣𑄧 𑄝𑄧𑄃𑄨 𑄟𑄬𑄣𑄖𑄴 𑄥𑄧𑄥𑄉𑄧𑄢𑄴,পাহাের নাাচাা বই মেলা প্রচুর ব ব বই
𑄟𑄚𑄪𑄥𑄴।,মানুষ
𑄖𑄪𑄟𑄨 𑄡𑄬𑄇𑄴𑄇𑄬 𑄥𑄧𑄟𑄨𑄝𑄉𑄮𑄭 𑄃𑄬𑄇𑄴𑄎𑄧𑄚𑄴 𑄃𑄳𑄦 𑄃𑄬𑄇𑄴𑄎𑄧𑄚𑄧𑄢𑄬 𑄟𑄧𑄣𑄴 𑄉𑄧𑄥𑄴𑄎𑄮 ।,তোমরা এখন সমে একজন অন্যজনকে মলা করো
𑄖 𑄏𑄬𑄢𑄬 𑄝𑄬𑄇𑄴𑄪𑄚𑄬 𑄉𑄢𑄨𑄖𑄴,তার ঝগাতে সবাই গািে
𑄃𑄪𑄘𑄨𑄣𑄇𑄴।,"এক জাতী বুনোফল, যা সবজি হিসেবে ব্যবহৃত হ"
𑄝𑄧𑄃𑄨 𑄟𑄬𑄣𑄖𑄴 𑄡𑄬𑄝𑄢𑄴 𑄥𑄧𑄣𑄖𑄴 𑄞𑄣𑄧𑄇𑄴 𑄎𑄧𑄚𑄬 𑄌𑄋𑄴𑄟 𑄉𑄨𑄖𑄴 𑄃𑄳𑄦 𑄝𑄋𑄣 𑄉𑄨𑄖𑄴 𑄥𑄪𑄢𑄴 𑄙𑄧𑄢𑄨𑄣𑄇𑄴 ।,বই মেলা যাওার সমে অনেক লোক চাকমা গান ধরলো
𑄟𑄬𑄣𑄖𑄴 𑄥𑄧𑄟𑄬𑄝𑄢𑄴,মেলা যোগ দেওা
𑄇𑄘𑄣𑄳𑄠𑄬 𑄘𑄬𑄣𑄇𑄴 𑄓𑄋𑄧𑄢𑄴 𑄓𑄋𑄧𑄢𑄴 𑄉𑄧𑄢𑄨 𑄣𑄬𑄊 𑄃𑄊𑄬-𑄃𑄬𑄇𑄪𑄥𑄬 𑄝𑄧𑄃𑄨 𑄟𑄬𑄣 ।,কাঠালটা ব ব করে লেখা আছে-বই মেলা
𑄖𑄢 𑄟𑄬𑄣𑄖𑄴 𑄞𑄣𑄧𑄇𑄴𑄪𑄚𑄴,তারা মেলা অনেক দূর
𑄃𑄬𑄥𑄴𑄑𑄧𑄣𑄴 𑄊𑄪𑄢𑄨 𑄌𑄬𑄣𑄇𑄴 ।,এক জাতী পাখি
𑄖𑄢 𑄌𑄬𑄃𑄨 𑄌𑄬𑄃𑄨 𑄝𑄧𑄃𑄨 𑄇𑄨𑄚𑄨𑄣𑄇𑄴 ।,তারা চেে চেে বই কিনে নিল
𑄃𑄳𑄦 𑄘𑄬𑄣𑄇𑄴 𑄝𑄋𑄴𑄣𑄠𑄴 𑄣𑄨𑄇𑄴𑄈𑄬 𑄘𑄮𑄣𑄴 𑄘𑄮𑄣𑄴,.আবোল তাবোল কথা বলে সুন্দর
𑄝𑄳𑄠𑄚𑄢𑄴 ।,ব করা
𑄖 𑄏𑄬𑄢𑄬 𑄟𑄬𑄣 𑄝𑄢𑄬𑄘𑄨 𑄃𑄬𑄇𑄴 𑄃𑄨𑄥𑄴𑄇𑄪𑄣𑄧 𑄟𑄘𑄧𑄖𑄴 𑄈𑄢 𑄈𑄬𑄣𑄨𑄣𑄇𑄴 ।,তার ঝগা করার জন্য এক স্কুল মাঠে খেলা খেললো
𑄈𑄢 𑄥𑄋𑄴𑄉𑄧 𑄦𑄧𑄣𑄬 𑄟𑄥𑄴𑄖𑄧𑄢𑄴,খেলা শেষ হলে মাদুর
𑄚𑄚𑄪 𑄇𑄧𑄣𑄧 𑄖𑄪𑄟𑄨 𑄇𑄨 𑄇𑄨 𑄝𑄧𑄃𑄨 𑄇𑄨𑄚𑄨𑄣 ?,নাতনিরা কি কি বই কিনছে?
𑄃𑄧𑄚𑄨𑄇𑄴 𑄇𑄧𑄣𑄧 𑄟𑄪𑄃𑄨 𑄘𑄨𑄝 𑄇𑄢𑄴𑄑𑄪𑄚𑄧 𑄝𑄧𑄃𑄨 𑄇𑄨𑄚𑄴𑄚𑄧𑄋𑄴 ।,অনিক কল মেে দিে দিে কার্টুন বই কিনছে
𑄃𑄨𑄖𑄨𑄇𑄴 𑄇𑄧𑄣𑄧-𑄟𑄪𑄃𑄨 𑄞𑄪𑄘𑄧 𑄛𑄧𑄎𑄴𑄧𑄚𑄧 𑄝𑄧𑄃𑄨 𑄇𑄨𑄚𑄴𑄚𑄧𑄋 𑄴।,এক জাতী বস বই কিনছে
𑄖𑄪𑄣𑄨𑄇,এক জাতী বুনো ফল
𑄇𑄧𑄣𑄧-𑄟𑄪𑄃𑄨 𑄃𑄨𑄇𑄴𑄱 𑄓𑄨𑄇𑄴𑄥𑄧𑄚𑄢𑄨 𑄇𑄨𑄚𑄴𑄚𑄧𑄁 ।,কল-আমি একটা ডিঙি নিেছি
𑄖𑄪𑄋𑄴𑄉𑄧𑄝𑄨 𑄇𑄧𑄣𑄧-𑄟𑄪𑄃𑄨 𑄃𑄬𑄇𑄪𑄥𑄬 𑄜𑄬𑄝𑄳𑄢𑄧𑄪𑄠𑄢𑄨 𑄚𑄨𑄚𑄬𑄠𑄴 𑄣𑄨𑄇𑄴𑄈𑄬 𑄝𑄧𑄃𑄨 𑄇𑄨𑄚𑄴𑄚𑄧𑄁,তুংবি কল দিে কাপ দিে বই কিনি
𑄟𑄥𑄴𑄖𑄧𑄢𑄴 𑄚𑄚𑄪 𑄖𑄢𑄢𑄬 𑄥𑄙𑄪 𑄇𑄧𑄣𑄧 ।,পাহাের নানি তাদেরকে পবিত্র বলে
𑄃𑄳𑄦 𑄇𑄧𑄣𑄧 𑄖𑄪𑄟𑄨 𑄡𑄬𑄘𑄧𑄇𑄴 𑄝𑄧𑄃𑄨 𑄛𑄧𑄢𑄨𑄝 𑄥𑄬𑄘𑄧𑄇𑄴 𑄦𑄇𑄴𑄇𑄧𑄣𑄴-𑄉𑄨𑄠𑄚𑄴 𑄝𑄢𑄨𑄝𑄧 ।,. কল দিলে তুমি যত বই পবে তত হাত দিে দৌে যাবে
𑄃𑄨𑄇𑄴𑄇𑄨 𑄃𑄟𑄨 𑄃𑄬𑄇𑄴 𑄊𑄧𑄚𑄴𑄑 𑄗𑄬𑄃𑄨 𑄟𑄬𑄣 𑄞𑄨𑄘𑄨𑄢𑄬 𑄡𑄬𑄝𑄧𑄋𑄴 ।,এখন আমরা এক ঘন্টা দাঁিে মেলা যাবো
𑄖 𑄏𑄬𑄢𑄬 𑄊𑄧𑄢𑄧𑄖𑄴 𑄜𑄨𑄢𑄨 𑄡𑄬𑄝𑄧𑄋𑄴 ।,তার স্ত্রীকে বািতে ফিরতে হবে
𑄖 𑄏𑄬𑄢𑄬,তার
𑄝𑄬𑄇𑄴𑄇𑄪𑄚𑄬 𑄝𑄬𑄇𑄴𑄇𑄪𑄚𑄬 𑄃𑄢𑄧 𑄟𑄬𑄣𑄖𑄴 𑄝𑄧𑄃𑄨 𑄇𑄨𑄚𑄧𑄘𑄬 𑄉𑄬𑄣𑄉𑄴।,সবাই আবার বিেতে বই কিনে নিল
𑄝𑄧𑄃𑄨 𑄟𑄬𑄣 𑄘𑄬𑄊𑄚 𑄥𑄋𑄴𑄉𑄧 𑄦𑄧𑄣𑄬 𑄉𑄢𑄨𑄖𑄴,বই মেলা দেখা শেষ হলে গািে
𑄦𑄎𑄨-𑄈𑄪𑄎𑄨𑄠𑄬 𑄃𑄳𑄦 𑄃𑄪𑄥𑄴𑄱-𑄛𑄪𑄥𑄴𑄱 𑄘𑄨𑄚𑄴𑄚𑄧 𑄉𑄧𑄋𑄨 𑄉𑄬𑄣𑄧 ।,হাসিখুসিে দিনটা কেটে গেল
𑄹𑄽,bdmean
𑄝𑄧𑄃𑄨,"বই, বই"
𑄦𑄧𑄇𑄴 𑄦𑄧𑄣𑄬 ( )𑄟𑄎𑄢 𑄘𑄨𑄃𑄨 ।,হক হলে (মাজা করে)
𑄸𑄷 𑄥𑄬 𑄜𑄬𑄝𑄳𑄢𑄪𑄠𑄢𑄨 𑄣𑄧𑄇𑄴𑄈𑄬 𑄝𑄧𑄃𑄨 𑄟𑄬𑄣 𑄇𑄪𑄘𑄪 𑄦𑄧𑄠𑄬 ?,৮১১৫. সেই নববর্ষের দিনে বই মেলা কোথা হ?
𑄈𑄉𑄴𑄢𑄍𑄧𑄢𑄨 𑄑𑄃𑄪𑄚𑄴 𑄦𑄧𑄣𑄴 𑄈।,খাগা দিে খা
𑄝𑄎𑄢𑄧𑄖𑄴 𑄊।,বাজারে ঘা
𑄉𑄢𑄨 𑄃𑄬𑄥𑄴𑄑𑄬𑄥𑄧𑄚𑄧𑄖𑄴,গাি আছা
𑄷𑄿𑄻𑄸 𑄥𑄣𑄧𑄖𑄴 𑄸𑄷 𑄜𑄬𑄝𑄳𑄢𑄪𑄠𑄢𑄨𑄖𑄴 𑄟𑄚𑄪𑄥𑄴 𑄇𑄨𑄖𑄴𑄖𑄬𑄃𑄨 𑄛𑄧𑄢𑄚𑄴 𑄘𑄨𑄣𑄉𑄴 ?,পাহাে ২১শে ফেব্রুয়ারীতে মানুষ কেন প্রাণ দিল
𑄝𑄋𑄴𑄣𑄚𑄴𑄘𑄨 𑄇𑄧𑄙 𑄇𑄧𑄝𑄖𑄴𑄬𑄃𑄨 𑄈।,বাঁশের ফালি দিে খাও
𑄝𑄋𑄴𑄣𑄘𑄬𑄥𑄴𑄥𑄚𑄴 𑄥𑄙𑄨𑄚𑄴 𑄉𑄧𑄢𑄨𑄝𑄢𑄴,বাঁশিটা বাজতেছে
𑄝𑄋𑄴𑄣𑄚𑄴𑄘𑄨 𑄇𑄧𑄙 𑄚𑄧 𑄇𑄧𑄝𑄖𑄴𑄬𑄃𑄨 𑄊।,বাঁশের কঞ্চি দিে কথা বলে না
𑄛𑄇𑄨𑄥𑄴𑄖𑄚𑄴 𑄝𑄚𑄚,পাকিস্তান বানানো
𑄟𑄪𑄃𑄨 𑄃𑄬𑄇𑄴𑄇𑄱 𑄓𑄨𑄇𑄴𑄥𑄧𑄚𑄢𑄨 𑄇𑄨𑄚𑄴𑄚𑄧𑄋𑄴- 𑄃𑄬 𑄇𑄧𑄙𑄚𑄴 𑄇𑄧𑄚𑄴𑄚 𑄇𑄧𑄣𑄧 ?,আমি একটা ডিকনি নিচ্ছি-এই কথাটা কে বলবে?
𑄖𑄪𑄣𑄨𑄇 𑄈।,তুলিকা খাওা
𑄟𑄧𑄚𑄨𑄇,১. মেে ২. মেে
𑄃𑄧𑄚𑄨𑄇 𑄊।,এক জাতী কাঁটাযুক্ত শাক
𑄛𑄧𑄦𑄴𑄢𑄴 𑄝𑄨,ভোরের আলো
𑄖𑄪𑄟𑄨 𑄡𑄬𑄘𑄧𑄇𑄴 𑄝𑄬𑄥𑄴 𑄝𑄧𑄃𑄨 𑄛𑄧𑄢𑄨𑄝 𑄥𑄬𑄘𑄧𑄇𑄴 𑄝𑄬𑄥𑄴 𑄈𑄧𑄝𑄧𑄢𑄴 𑄛𑄬𑄝-𑄃𑄬 𑄇𑄧𑄙𑄠𑄚𑄴 𑄇𑄧𑄚𑄴𑄚 𑄇𑄧𑄠𑄴𑄬 ?,তোমরা যত বই পবে তত খবর পাবে এই কথাটা কে বলে?
𑄛𑄧𑄦𑄴𑄖𑄳𑄠 𑄢𑄏𑄨,এক জাতী পাখি
𑄃𑄧𑄚𑄨𑄇𑄴 𑄊।,এক জাতী কাঁটাযুক্ত লতা
𑄟𑄥𑄴𑄑𑄧𑄢𑄴 𑄚𑄚𑄪,এক জাতী ব ভাই
𑄇𑄧𑄚𑄴 𑄥𑄣𑄧𑄖𑄴 𑄝𑄋𑄴𑄣 𑄞𑄌𑄧𑄢𑄴𑄣𑄃𑄨 𑄟𑄚𑄪𑄥𑄴 𑄟𑄪𑄢𑄴𑄎𑄧𑄚𑄴 ?,কোন সালত বাঁশের ফালি দিে মানুষ মারা যা
𑄸𑄶𑄜𑄬𑄝𑄳𑄢𑄪𑄠𑄢𑄨 𑄷𑄿𑄽𑄻 𑄥𑄣 𑄈।,.২০ফেব্রুি ১৯৭৫ খাওা
𑄸𑄷𑄜𑄬𑄝𑄳𑄢𑄪𑄠𑄢𑄨 𑄷𑄿𑄻𑄸 𑄥𑄣𑄴,৮১২০. বৈশাখ মাস
𑄸𑄻𑄜𑄬𑄝𑄳𑄢𑄪𑄠𑄢𑄨 𑄷𑄿𑄽𑄷 𑄥𑄣 𑄊।,২ফেব্রুি ১৯৭১ সাল
𑄷𑄷 𑄜𑄬𑄝𑄳𑄢𑄪𑄠𑄢𑄨 𑄷𑄿𑄼𑄿 𑄥𑄣,.১১ ফেব্রি ১৯৬৯ সাল
𑄞𑄥𑄴 𑄞𑄋𑄨 𑄃 𑄣𑄨𑄊𑄨 ।,হাত ভেঙে আছে
𑄟𑄬𑄣-𑄃𑄪𑄥𑄴𑄱 𑄛𑄪𑄥𑄴𑄱 𑄃𑄧𑄚𑄪𑄥𑄴𑄑𑄚𑄴 ।,.মেলা-উো পার সম
𑄃𑄬𑄇𑄪𑄥𑄬 𑄝𑄧𑄃𑄨 𑄟𑄬𑄣 𑄥𑄪𑄢𑄪 𑄦𑄧𑄣𑄧 ।,এক লাফে বই মেলা শুরু হলো
𑄝𑄬𑄇𑄴𑄇𑄪𑄚𑄬 𑄝𑄧𑄃𑄨 𑄟𑄬𑄣𑄖𑄴 𑄣𑄪𑄋𑄨𑄣𑄇𑄴 ।,সবাই বই মেলায় যাচ্ছে
𑄉𑄧𑄋𑄨-𑄥𑄧𑄟𑄧𑄠𑄴 𑄇𑄘𑄨 𑄉𑄬𑄣𑄧 ।,গি-সম কেটে গেল
𑄘𑄮𑄣𑄬 𑄘𑄣𑄬 𑄝𑄬𑄇𑄴𑄇𑄪𑄚𑄧𑄢𑄴 𑄘𑄨𑄚𑄴 𑄉𑄧𑄋𑄨 𑄉𑄬𑄣𑄧 ।,ভালোভাবে সবার দিন কেটে গেল
𑄝𑄧𑄃𑄨 𑄟𑄬𑄣 𑄎𑄠𑄴𑄎𑄪𑄇𑄴𑄧𑄣𑄴 𑄉𑄧𑄢𑄨 𑄃𑄉𑄬 ।,বই মেলা জজ করে আছে
𑄝𑄋𑄴𑄣 𑄞𑄎𑄧𑄢𑄴 𑄓𑄋𑄧𑄢𑄴 𑄓𑄋𑄧𑄢𑄴 𑄟𑄚𑄴𑄎𑄬 𑄛𑄧𑄢𑄚 𑄘𑄨𑄣𑄇𑄴 ।,বাঁশটা ব ব পানিতে পে গেল
𑄓𑄨𑄇𑄴𑄥𑄧𑄚𑄢𑄨-𑄃𑄧𑄢𑄴𑄖𑄧 𑄝𑄪𑄏𑄨𑄝𑄢𑄴 𑄝𑄧𑄃𑄨 ।,ডিগবাজি খাওার বই
𑄖𑄪𑄣𑄨𑄇 𑄃𑄬𑄇𑄴𑄇𑄱 𑄝𑄧𑄃𑄨 𑄟𑄬𑄣𑄖𑄴𑄪𑄚𑄴 𑄃𑄬𑄇𑄴𑄇𑄮 𑄓𑄨𑄇𑄴𑄥𑄧𑄚𑄢𑄨 𑄇𑄨𑄚𑄨𑄣𑄧 ।,তুলিকা একটা বই মেলা থেকে একটা সিডি কিনে নিল
𑄝𑄋𑄴 𑄃 𑄓𑄬𑄚𑄴 𑄟𑄨𑄣𑄬𑄃𑄨 ।,বাঁশের এক প্রকার মেে
𑄖𑄢 𑄝𑄬𑄃𑄨 𑄝𑄬𑄃𑄨,তারা সবাই মিলে
𑄝𑄧𑄃𑄨 𑄟𑄬𑄣𑄖𑄴,বই মেলায়
𑄖𑄢 𑄟𑄬𑄣𑄖𑄴 𑄝𑄣𑄧𑄇𑄴𑄪𑄚𑄴,.তারা মেলা বালকরা
𑄃𑄟𑄨 𑄝𑄬𑄇𑄴𑄪𑄚𑄬 𑄃𑄪𑄥𑄴𑄥𑄱 𑄛𑄪𑄥𑄴𑄥𑄮,আমরা সবাই উস্কুখুস্কু
𑄹𑄾,bdmean
-𑄃𑄬𑄇𑄴𑄖𑄣𑄴 𑄉𑄧𑄢𑄨 𑄘𑄬𑄉𑄨𑄣𑄇𑄴,.একটু একটু করে দেখলাম
-𑄞𑄥𑄴 𑄝𑄋𑄴𑄣,এক জাতী ব্যাঙ
-𑄥𑄧 𑄥𑄉𑄧𑄢𑄴 𑄟𑄚𑄪𑄌𑄴,.এত ব মানুষ
-𑄝𑄧𑄃𑄨 𑄇𑄨𑄚𑄨𑄣𑄉𑄴,বই কিনছে
-𑄝𑄬𑄢𑄚𑄧𑄖𑄴 𑄡𑄬𑄣𑄇𑄴,বোতে যাওা
𑄛𑄳𑄦𑄧𑄢𑄴𑄝𑄨 𑄃 𑄖 𑄟 𑄇𑄧𑄟𑄴𑄛𑄨𑄃𑄪𑄑𑄢𑄴 𑄟𑄬𑄣𑄖𑄴 𑄝𑄬𑄢𑄬 𑄝𑄖𑄳𑄠𑄬𑄃𑄨,রাতের বেলা তার মা কম্পিউটার মেলা ঘুরতেছে
𑄡𑄨𑄠𑄧𑄚𑄴।,"যে, যে"
𑄛𑄳𑄦𑄧𑄢𑄝𑄨 𑄇𑄧𑄟𑄴𑄛𑄨𑄧𑄃𑄪𑄑𑄢𑄴𑄃𑄚𑄴 𑄘𑄬𑄃𑄨𑄚𑄬 𑄛𑄪𑄎𑄧𑄢𑄴 𑄉𑄧𑄢𑄴𑄣𑄴,পাবি কম্পিউটারটা দৌাদৌি করতেছে
𑄟 𑄥𑄨𑄠𑄚𑄴 𑄇𑄨 ?,মা সেটা কি?
𑄖 𑄟 𑄛𑄳𑄦𑄧𑄢𑄴𑄝𑄨𑄢𑄬 𑄇𑄧𑄣𑄧 𑄥𑄨𑄠𑄚𑄴 𑄦𑄧𑄣𑄧,তার মা পরীকে কলসে কল করলো
𑄇𑄧𑄟𑄴𑄛𑄨𑄃𑄪𑄑𑄢𑄴 ।,কম্পিউটার
𑄖 𑄏𑄬𑄢𑄬 𑄖 𑄟 𑄇𑄧𑄟𑄴𑄛𑄨𑄃𑄪𑄑𑄢𑄧𑄢𑄴 𑄇𑄠𑄴𑄇𑄪𑄢𑄬 𑄡𑄬𑄚𑄬𑄃𑄨,তার সাথে তার মাকম্পিউটার কাপের কাপ দিে
𑄇𑄧𑄣𑄧 𑄟𑄧𑄚𑄴 𑄘𑄨𑄚𑄬𑄭 𑄥𑄪𑄚𑄴 𑄃𑄳𑄦 𑄌,কলমন দিনে শুনো
𑄃𑄨𑄠𑄚𑄴 𑄃𑄬𑄇𑄴𑄇𑄱 𑄇𑄧𑄟𑄴𑄛𑄨𑄃𑄪𑄑𑄢𑄧𑄢𑄴 𑄟𑄧𑄚𑄨𑄑𑄧𑄢𑄴 ।,এইটা একটা কম্পিউটারের মনিটর
𑄇𑄟𑄴 𑄉𑄧𑄢𑄴𑄣𑄬,কাজ করলে
𑄟𑄧𑄚𑄨𑄑𑄧𑄢𑄧𑄖𑄴 𑄣𑄬𑄊 𑄡𑄠𑄴 ।,মনিটরে লেখা যা
𑄃𑄨𑄠𑄧𑄖𑄴 𑄣𑄬𑄊 𑄃𑄳𑄦 𑄜𑄮𑄘𑄧 𑄘𑄬𑄊,এখানে লেখা আর লেখা
𑄡𑄠𑄴 ।,"যাওা, যাওা"
𑄃𑄨𑄠𑄚𑄴 𑄃𑄬𑄇𑄴𑄇𑄱 𑄇𑄧𑄟𑄴𑄛𑄨𑄃𑄪𑄑𑄢𑄧𑄢𑄴 𑄥𑄨 𑄛𑄨 𑄃𑄨𑄃𑄪।,এগুলো একটা কম্পিউটারের সিপি
𑄇𑄧𑄟𑄴𑄛𑄨𑄃𑄪𑄑𑄢𑄧𑄢𑄴 𑄝𑄬𑄇𑄴 𑄇𑄟𑄚𑄨 𑄃𑄨𑄠𑄧𑄖𑄴 𑄎𑄧𑄟 𑄦𑄧𑄠𑄴।,কম্পিউটারের সব কাজ এখানে জমা হ
𑄃𑄨𑄠𑄚𑄴 𑄃𑄬𑄇𑄴𑄈𑄚𑄴 𑄇𑄩 𑄝𑄮𑄢𑄴𑄓𑄴।,এগুলো একটা কীবোর্ড
𑄇𑄧𑄟𑄴𑄛𑄪𑄑𑄢𑄧𑄢𑄴 𑄣𑄬𑄊-𑄣𑄬𑄊𑄨,কমপিউটারের লেখা-লেখা
𑄉𑄧𑄢𑄴𑄖𑄬 𑄃𑄨𑄠𑄚𑄴 𑄣𑄊𑄬 ।,গর্ত এটা লাগে
𑄃𑄨𑄠𑄚𑄴 𑄃𑄬𑄇𑄴𑄇𑄱 𑄟𑄃𑄪𑄥𑄴 ।,এইটা একটা মাউস
𑄟𑄃𑄪𑄥𑄴 𑄘𑄨𑄚𑄬𑄭 𑄇𑄧𑄟𑄴𑄛𑄨𑄃𑄪𑄑𑄢𑄧𑄢𑄴,মাউস দিেকম্পিউটার
"𑄞𑄣𑄧𑄎𑄇𑄴 𑄞𑄝𑄧𑄖𑄳𑄠𑄬 𑄇𑄟𑄴 𑄉𑄧𑄢 𑄡𑄠𑄴, 𑄜𑄮𑄘𑄧 𑄃𑄬𑄀𑄇 𑄛𑄢𑄬।","অনেক ভাবে কাজ করা যা, ফোঁা আসতে পারে"
𑄃𑄨𑄠𑄪𑄚𑄴 𑄘𑄨𑄝 𑄥𑄤𑄧𑄚𑄴 𑄝𑄇𑄴𑄥𑄪।,এগুলো দিে দিে ভাত খাওার বাক্স
𑄇𑄧𑄟𑄴𑄛𑄨𑄑𑄢𑄧𑄢𑄴 𑄞𑄨𑄘𑄨𑄢𑄬 𑄢𑄧 𑄃𑄳𑄦,টেলিফোনের বেজের শব্দ
𑄉𑄚𑄴 𑄥𑄪𑄚𑄧𑄘𑄬 𑄣𑄉𑄬 ।,গান শুনতে লাগে
𑄃𑄨𑄠𑄚𑄴 𑄃𑄬𑄇𑄴𑄈𑄚𑄴 𑄛𑄳𑄢𑄨𑄚𑄴𑄑𑄢𑄴।,এইটা একটা প্রিন্টার
𑄇𑄧𑄟𑄴𑄛𑄨𑄃𑄪𑄑𑄧𑄢𑄴 𑄣𑄬𑄊 𑄃𑄳𑄦 𑄜𑄪𑄘𑄧,টেলিফোনের টেপটা শেষ হওা
𑄍𑄝 𑄦𑄧𑄠𑄴।,১. ছাা হওা ২. ছাা
𑄃𑄨𑄠𑄚𑄴 𑄃𑄬𑄇𑄴𑄈𑄚𑄴 𑄃𑄨𑄃𑄪-𑄛𑄨-𑄃𑄬𑄥𑄴 ।,এইটা একটা ইউ-পি-এ
𑄇𑄢𑄬𑄚𑄴𑄑𑄴 𑄉𑄬𑄣𑄬𑄉𑄮𑄃𑄨,কারেন্ট চলে যাওা
𑄇𑄈𑄴𑄇𑄧𑄚𑄴 𑄇𑄧𑄟𑄴𑄛𑄨𑄃𑄪𑄑𑄢𑄴 𑄌𑄣𑄬 𑄛𑄢𑄬 ।,কেকটা কম্পিউটার চালাতে পারে
"𑄇𑄧𑄟𑄴𑄛𑄨𑄃𑄪𑄑𑄢𑄴𑄣𑄮 𑄃𑄟𑄨 𑄣𑄬𑄊,𑄛𑄧𑄢, 𑄉𑄧𑄚𑄧𑄚 𑄍𑄧𑄝𑄨 𑄃𑄊𑄚 ,","কম্পিউটারে আমরা লেখা,পরা, গণনা করা"
"𑄍𑄧𑄝𑄨 𑄌𑄚 , 𑄉𑄚𑄴 𑄥𑄪𑄚𑄚, 𑄚𑄎𑄴 𑄌𑄚 𑄃 𑄝𑄣𑄧𑄇𑄴𑄈𑄚𑄨 𑄇𑄟𑄴","ছবি চাওা, গান শোনা, নাচ করা এই বালকের কাজ"
𑄺𑄶,৪০
𑄃𑄨𑄠𑄚𑄴 𑄃𑄬𑄇𑄴𑄈𑄚𑄴,এগুলো একটা
𑄛𑄳𑄢𑄨𑄚𑄴𑄑𑄢𑄴।,প্রিন্টার
𑄃𑄟 𑄘𑄬𑄎𑄧𑄢𑄴 𑄦𑄬𑄃𑄨𑄣𑄴 𑄟𑄪𑄢𑄧𑄉𑄪𑄚𑄴,আমাদের দোলের সবুজ মলা
𑄘𑄬𑄣𑄬 𑄌𑄮𑄉𑄴 𑄎𑄪𑄢𑄠𑄴,দোলে চোখ জুা
𑄃𑄧𑄎𑄧𑄣𑄴 𑄚𑄨𑄎𑄧 𑄟𑄪𑄢𑄧𑄟𑄪𑄢𑄨,এক জাতী বুনো ফল যা সবজি হিসেবে ব্যবহৃত হ
𑄜𑄉𑄱𑄚𑄱 𑄇𑄣𑄬 𑄜𑄪𑄣𑄴 𑄜𑄪𑄘𑄧𑄚𑄴,ফাকিঁ দিে ফুল ফোটে
𑄟𑄪𑄢𑄧 𑄏𑄢𑄴 𑄎𑄧𑄉,"মলা, মলা"
𑄖𑄪𑄟𑄴𑄝𑄥𑄴 𑄥𑄨𑄘𑄬 𑄥𑄬 𑄜𑄪𑄣𑄧𑄖𑄴𑄪𑄚𑄴,সে ফুল থেকে সুগন্ধ বের হ
𑄉𑄧𑄘 𑄟𑄱𑄚𑄴𑄖𑄧𑄣 ।,পুরো পাহাে পাহাে
𑄦𑄬𑄃𑄨𑄣𑄴 𑄏𑄢𑄧𑄖𑄴𑄪𑄚𑄴 𑄇𑄮𑄉𑄨𑄣𑄴 𑄓𑄉𑄧𑄚𑄴,হেলাম জঙ্গল থেকে কোদাল নিে আসা
𑄉𑄚𑄬 𑄉𑄚𑄬 𑄝𑄨𑄎𑄪 𑄇𑄘𑄬𑄭,গানের তালে তালে কান্না করতেছে
𑄃𑄬𑄘𑄧𑄇𑄴 𑄘𑄮𑄣𑄴 𑄈𑄨𑄚𑄬।,এত সুন্দর খেে
𑄃𑄟 𑄃𑄨𑄘𑄪 𑄍𑄢 𑄇𑄮𑄚𑄧 𑄇𑄨𑄖𑄳𑄠𑄬,আমাদের এখানে কোন ঘর নেই
𑄌𑄨𑄖𑄴 𑄚𑄧 𑄎𑄪𑄢𑄭।,১. মন বসতেছে না ২. মন বসতেছে না
𑄟𑄪𑄢𑄧-𑄃𑄧𑄎𑄧𑄣𑄴 𑄟𑄪𑄢𑄧𑄖𑄴 𑄎𑄪𑄟𑄴 𑄊𑄧𑄢𑄴 ।,পাহাের উপর জুম বাি
𑄌𑄨𑄖𑄴-𑄌𑄬𑄢𑄧𑄇𑄨 𑄃𑄬𑄘𑄧𑄉𑄴 𑄘𑄮𑄣𑄴 𑄌𑄘𑄬 𑄌𑄨𑄖𑄴 𑄎𑄪𑄢𑄠𑄴 ।,প্রাণটা এত সুন্দর চাঁদিে প্রাণ জুেছে
𑄖𑄪𑄟𑄴𑄝𑄥𑄴- 𑄜𑄪𑄣𑄧𑄢𑄴 𑄖𑄪𑄟𑄴𑄝𑄥𑄴 𑄚𑄨𑄉𑄨𑄣𑄬𑄢𑄴 ।,.ফুলের সুগন্ধ নিে যাওা
𑄦𑄬𑄃𑄨𑄣𑄴 -𑄦𑄬𑄃𑄨𑄣𑄴 𑄟𑄮𑄚𑄴 𑄃𑄟 𑄌𑄬𑄢𑄧𑄇𑄨𑄖𑄳𑄠𑄬 𑄃𑄉𑄬 ।,হেল-হেইল পাা আমাদের সৈকতে আছে
𑄓𑄉𑄧𑄚𑄴-𑄝𑄨𑄎𑄪 𑄃𑄬𑄣𑄬 𑄇𑄮𑄇𑄨𑄣𑄴 𑄓𑄉𑄧𑄚𑄴,ডাগ-বিঝু এলে কোকিল ডাকে
𑄛𑄨𑄎𑄮𑄢𑄴,"পিসেমশাই, ফুফা"
𑄇𑄧𑄇𑄴𑄈𑄬 𑄇𑄮𑄇𑄨𑄣𑄴 𑄓𑄧𑄉𑄧𑄢𑄧𑄚𑄴 ?,কখন কোকিল ডাকতেছে
𑄃𑄟 𑄘𑄬𑄎𑄧 𑄦𑄬𑄃𑄨𑄣𑄴 𑄟𑄪𑄢𑄧𑄉𑄪𑄚𑄴 𑄌𑄘𑄬 𑄇𑄨 𑄎𑄪𑄢𑄠𑄴 ?,আমাদের দেশের হেলেদুলে কি জুে আছে?
𑄜𑄉𑄪𑄚𑄧 𑄇𑄣𑄬 𑄇𑄨 𑄜𑄪𑄘𑄧𑄚𑄴 ?,ফাল্গুনে কি ফোটা
𑄇𑄪𑄘𑄪 𑄉𑄬𑄣𑄬 𑄃𑄟 𑄟𑄧𑄚𑄴 𑄎𑄪𑄢𑄠?,কোথা গেলে আমাদের মন শান্ত হ
𑄍𑄧𑄢𑄝𑄱 𑄥𑄪𑄢𑄬 𑄥𑄪𑄢𑄬 𑄖𑄧𑄣𑄬𑄚𑄴𑄘𑄨 𑄇𑄧𑄃𑄨 𑄃 𑄣𑄨𑄊𑄨,ছাটা সুরে সুরে নিচের দিকে কি আছে
𑄺𑄸,১. ২. ২. (কলা প্রভৃতির) কাঁদি; ৩. (কলা প্রভৃতির) কাঁদি
𑄎𑄧𑄉𑄧𑄘𑄨𑄥𑄴 𑄢𑄮𑄠𑄎,এক জাতী বুনো ফল
𑄝𑄋𑄴𑄣 𑄘𑄬𑄥𑄴 𑄃𑄧𑄣𑄧𑄘𑄬 𑄃𑄬𑄇𑄴𑄈𑄚𑄴 𑄥𑄙𑄨𑄚𑄴 𑄘𑄬𑄥𑄴 ।,বাঁশের দোলটা আলগা করে একটা বেঁধে দাও
𑄣𑄢𑄬𑄃𑄨 𑄉𑄧𑄢𑄨𑄚𑄬𑄃𑄨 𑄃𑄬 𑄘𑄬𑄥𑄴𑄌𑄚𑄴 𑄥𑄙𑄨𑄚𑄴 𑄦𑄧𑄠𑄬 ।,.একটু একটু করে এই দেশটা ভালো হেছে
𑄥𑄬,"সে, সে"
𑄣𑄢𑄬 𑄦𑄧𑄣𑄧𑄘𑄬 𑄃𑄟 𑄎𑄨𑄘𑄨𑄝𑄢𑄴 𑄣𑄢𑄬 ।,আমাদের সাথে যাওা যা
𑄷𑄿𑄽𑄷 𑄥𑄣𑄧𑄖𑄴 𑄓𑄨𑄥𑄬𑄟𑄴𑄝𑄧𑄢𑄴 𑄟𑄎𑄧𑄢𑄴 𑄷𑄼 𑄖𑄢𑄨𑄈𑄴 𑄃𑄬 𑄣𑄢𑄬𑄖𑄴 𑄃𑄟𑄨,.১৯৭১ সালে ডিসেম্বর মাসের ১৬ তারিখে এই দৌা আমরা ছিলাম
𑄷𑄿𑄽𑄷 𑄥𑄣𑄧𑄢𑄴 𑄟𑄢𑄴𑄌𑄧 𑄟𑄎𑄧𑄢𑄴 𑄸𑄻 𑄖𑄢𑄨𑄈𑄴 𑄢𑄬𑄘𑄧 𑄃𑄚𑄴𑄙𑄢𑄧𑄖𑄴 𑄛𑄇𑄨𑄥𑄴𑄖𑄚𑄨𑄃𑄪𑄚𑄬 𑄃𑄬 𑄘𑄬𑄎𑄧 𑄟𑄚𑄪𑄥𑄴𑄥𑄪𑄚𑄧𑄢𑄬,৮১১৬. ১৯৭১ সালের মেে মাসের ২৫ তারিখে পাকিস্তানিরা এই লোকগুলোকে রাতের অন্ধকারে মেরে ফেলল
𑄘𑄪𑄥𑄴 𑄚𑄬𑄃𑄨 𑄉𑄧𑄢𑄨 𑄃𑄬𑄚𑄬 𑄟𑄢𑄬 𑄛𑄬𑄣𑄴𑄣𑄮𑄚𑄴।,দোষ নাই করে পাছাটা মারে
𑄖𑄢𑄢𑄴 𑄃𑄧𑄚𑄳𑄠𑄬𑄠𑄴 𑄃𑄧𑄝𑄨𑄌𑄢𑄴 𑄃 𑄟𑄢𑄚 𑄟𑄪𑄠𑄧𑄖𑄴 𑄃𑄬 𑄘𑄬𑄎𑄧 𑄟𑄚𑄪𑄥𑄴𑄪𑄚𑄴,তাদের সমে অবিচার করা আমি অনেক ঘৃণা করি
𑄢𑄬𑄎𑄴𑄳𑄠 𑄘𑄬𑄝𑄧𑄖𑄧𑄣 𑄦𑄧𑄣𑄧।,সূর্য ডোবার সম হলো
𑄥𑄪𑄢𑄪 𑄦𑄧𑄣𑄧 𑄎𑄨𑄘𑄨𑄝𑄢𑄴 𑄣𑄢𑄬𑄃𑄨।,.সুঁচালো হলো জুে বসার সম
"𑄃𑄬 𑄣𑄢𑄬𑄠𑄧𑄖𑄴 𑄍𑄖𑄴𑄧𑄢𑄧 𑄟𑄥𑄴𑄑𑄧𑄢𑄴, 𑄌𑄎𑄝𑄧𑄣,𑄘𑄪𑄈𑄴𑄇𑄟𑄴𑄝𑄧𑄣 𑄝𑄬𑄇𑄴 𑄝𑄝𑄧𑄖𑄳𑄠𑄬 𑄟𑄨𑄣𑄬 𑄟𑄧𑄢𑄧𑄖𑄴 𑄣𑄢𑄬𑄖𑄴 𑄡𑄮𑄉𑄴","এই পথে ছাামাা মাা,চাজামাা সব মেেরা একসাথে যোগ দে"
𑄖𑄢 𑄥𑄬𑄘𑄟𑄧𑄝𑄧𑄣𑄬 𑄣𑄢𑄬 𑄉𑄧𑄢𑄨𑄣𑄉𑄴।,তারা তাাতাি অগ্রসর হে গেল
𑄃𑄟 𑄣𑄢𑄬𑄣𑄧𑄇𑄴𑄪𑄚𑄧𑄢𑄴 𑄥𑄬𑄘𑄟𑄴 𑄇𑄧𑄟𑄴 𑄚𑄧𑄠𑄴।,আমাদের দলপতির সম বেশি না
𑄘𑄬𑄎𑄧𑄖𑄳𑄠𑄬𑄃𑄨 𑄖𑄢𑄢𑄴 𑄝𑄪𑄇𑄴 𑄞𑄧𑄢𑄧𑄚𑄴 𑄇𑄮𑄌𑄴𑄛𑄚 𑄃𑄬𑄣𑄧 ।,.আকাশে তাদের বুক ভরা হলো
𑄖𑄢 𑄘𑄬𑄎𑄧𑄖𑄳𑄠𑄬𑄃𑄨,তারা দোল
𑄛𑄧𑄢𑄚𑄴 𑄘𑄨𑄣𑄉𑄴।,পা দিল
𑄚𑄧 𑄟𑄥𑄴 𑄣𑄢𑄬𑄠𑄧𑄖𑄴 𑄛𑄇𑄨𑄥𑄴𑄖𑄚𑄨𑄃𑄪𑄚𑄴 𑄃𑄧𑄘𑄨𑄣𑄇𑄴 ।,না পাা পাে পাকিস্তানিরা নামল
𑄃𑄬 𑄓𑄋𑄧𑄢𑄴 𑄣𑄢𑄬𑄖𑄴 𑄃𑄟𑄨 𑄎𑄨𑄘𑄨𑄣𑄧𑄋𑄴 ।,এই দৌে আমরা গেলাম
𑄃𑄟𑄨,আমরা
𑄛𑄬𑄣𑄧𑄋𑄴 𑄢𑄋 𑄦𑄬𑄃𑄨𑄣𑄴 𑄢𑄧𑄋𑄧𑄢𑄴 𑄝𑄝𑄧𑄘𑄣𑄮𑄃𑄨 𑄥𑄙𑄨𑄚𑄴 𑄝𑄋𑄴𑄣 𑄘𑄬𑄥𑄴 ।,পেলং লাল রঙের বেলুন দিে ঢোল বাজাও
𑄃𑄟𑄨 𑄘𑄬𑄥𑄴𑄥𑄚𑄧𑄢𑄬 𑄌𑄨𑄘𑄴𑄘𑄨𑄉𑄮𑄣𑄴 𑄇𑄮𑄌𑄴 𑄛𑄬𑄃𑄨 ।,আমরা দোলটাকে পছন্দ করি
𑄷𑄿𑄽𑄷 𑄣𑄢𑄬𑄠𑄧𑄖𑄴 𑄛𑄢𑄴𑄝𑄧𑄖𑄳𑄠𑄧 𑄌𑄖𑄴𑄧𑄉𑄳𑄢𑄟𑄴 𑄷 𑄚𑄧𑄟𑄴𑄝𑄧𑄢𑄴 𑄥𑄬𑄇𑄴𑄖𑄧𑄢𑄧𑄖𑄴 𑄃𑄬𑄇𑄴𑄎𑄧𑄚𑄴 𑄟𑄧𑄚𑄴 𑄓𑄋𑄧𑄢𑄴 𑄇𑄧𑄟𑄚𑄴𑄓𑄢𑄴 𑄃𑄬𑄣𑄧,"৮১৩৬. হাঁটতে পারতেছি, চাটাগ্রামের ১ নম্বর সেন্ট্রিতে একজন মন দাওার লোক আসলো"
𑄦𑄬𑄟𑄧𑄘 𑄢𑄧𑄚𑄴𑄎𑄧𑄚𑄴 𑄖𑄳𑄢𑄨𑄛𑄪𑄢 ।,এক জাতী ত্রিপুরা
𑄖𑄢 𑄥𑄧𑄟𑄢𑄬 𑄃𑄢𑄧 𑄃𑄬𑄣𑄧 𑄟𑄪𑄇𑄴𑄖𑄨 𑄡𑄮𑄘𑄴𑄙 𑄃𑄧𑄥𑄮𑄇𑄴 𑄟𑄨𑄖𑄳𑄢𑄧 𑄌𑄋𑄴𑄟 ।,তাদের সাথে আবার এসেছে এক সেনা চাংমা
𑄛𑄢𑄴𑄝𑄧𑄖𑄳𑄠𑄧,"পাু, পাু"
𑄌𑄧𑄖𑄴𑄧𑄉𑄳𑄢𑄟𑄧𑄖𑄴 𑄝𑄣𑄧𑄇𑄴𑄇𑄚𑄨 𑄎𑄉𑄖𑄴 𑄖𑄢 𑄥𑄧𑄟𑄢𑄴 𑄣𑄧𑄚𑄬𑄃𑄨 𑄛𑄇𑄨𑄥𑄧𑄖𑄚𑄧𑄢𑄴 𑄥𑄮𑄚𑄳𑄠𑄧𑄣𑄮𑄃𑄨 𑄣𑄢𑄬𑄃𑄨 𑄉𑄧𑄎𑄴𑄥𑄮𑄚𑄴 ।,চত্তগ্রামের ছোট জাগা তারা একসাথে সাইকেল চালিয়ে যাচ্ছে
𑄟𑄧𑄋𑄴𑄛𑄳𑄠 𑄌𑄃𑄨𑄚𑄴 𑄌𑄮𑄙𑄪𑄢𑄨 𑄟𑄪𑄇𑄴𑄖𑄨 𑄝𑄦𑄨𑄚𑄨𑄃𑄪𑄚𑄧𑄢𑄬 𑄚𑄚𑄚𑄴 𑄇𑄟𑄧𑄖𑄴 𑄝𑄧𑄣𑄴 𑄘𑄨𑄠𑄬।,.মেেটা দুই চোখ বন্ধ করে মুক্তিবাহিনীকে নানান কাজে সাহায্য করে
𑄃𑄟𑄨 𑄝𑄬𑄇𑄴 𑄟𑄪𑄇𑄴𑄖𑄨 𑄣𑄢𑄬𑄉𑄧𑄢𑄨𑄠𑄃𑄪𑄚𑄧𑄢𑄴 𑄞𑄣𑄬𑄘𑄨 𑄇𑄟𑄚𑄨 𑄟𑄧𑄚𑄧𑄖𑄴 𑄢𑄉𑄬𑄝𑄧𑄋𑄴 ।,.আমরা সব মুক্তিকামীদের ভালো করে কামাতে পারবো।
𑄃𑄟𑄨 𑄖𑄢𑄢𑄬 𑄓𑄋𑄧𑄢𑄴 𑄟𑄧𑄚𑄬 𑄇𑄮𑄌𑄴,আমরা তাদেরকে ব মনে করি
𑄺𑄺,bdmean
𑄣𑄢𑄬𑄃𑄨 - 𑄃𑄟 𑄘𑄬𑄎𑄧𑄖𑄴 𑄷𑄿𑄽𑄷 𑄥𑄣𑄧𑄖𑄴 𑄝𑄏𑄨𑄝𑄢𑄴 𑄣𑄢𑄬𑄃𑄨 𑄦𑄧𑄠𑄬 ।,পাহাে-আমাদের দেশে ১৯৭১ সালে বাস করার জন্য পাহাে হেছে
𑄎𑄨𑄘𑄧𑄚𑄨 -𑄷𑄿𑄽𑄷 𑄥𑄣𑄧𑄖𑄴 𑄃𑄟𑄨 𑄎𑄨𑄘𑄧𑄚𑄨 𑄣𑄢𑄬𑄃𑄨 𑄉𑄧𑄎𑄴𑄬𑄃𑄨 ।,জেদি-১৯৭১ সালে আমরা জেদি করি
𑄓𑄋𑄧𑄢𑄴𑄟𑄧𑄚𑄬-𑄓𑄧𑄋𑄧𑄢𑄴 𑄟𑄧𑄚𑄬 𑄦𑄬𑄟𑄧𑄘 𑄢𑄧𑄚𑄴𑄎𑄧𑄚𑄬 𑄎𑄨𑄘𑄨𑄝𑄢𑄴 𑄣𑄢𑄬𑄠𑄧𑄖𑄴 𑄡𑄨𑄠𑄬 ।,ডাঙিে-ডাঙিে হামাগুি দিে যাচ্ছে
"𑄥𑄧𑄟𑄢𑄴-𑄦𑄬𑄟𑄧𑄘 𑄢𑄧𑄚𑄴𑄎𑄧𑄚𑄴, 𑄥𑄪𑄝𑄨𑄣𑄥𑄴 𑄃 𑄝𑄣𑄧𑄇𑄴𑄪𑄚 𑄃𑄬𑄉𑄴 𑄣𑄧𑄉𑄬 𑄎𑄨𑄘𑄨𑄝𑄢𑄴 𑄣𑄢𑄬𑄠𑄧𑄖𑄴 𑄡𑄨𑄠𑄧𑄚𑄴",সমের মেে-মেেটা একটু একটু করে ঘুরতেছে
𑄥𑄬𑄘𑄟𑄴𑄝𑄧𑄣-𑄎𑄴𑄨𑄘𑄨𑄝𑄢𑄴 𑄣𑄢𑄬𑄠𑄧𑄖𑄴 𑄥𑄬𑄘𑄟𑄴𑄝𑄧𑄣𑄃𑄪𑄚𑄬 𑄡𑄨𑄠𑄧𑄚𑄴 ।,সে দািে দািে যা
𑄣𑄢𑄬𑄃𑄨-𑄎𑄨𑄋𑄴𑄇𑄚𑄨 𑄜𑄣𑄬𑄬 𑄘𑄨𑄠𑄘𑄨 𑄟𑄢𑄟𑄢𑄨,লাঠি- লাঠি দিে মারামারি
𑄃𑄚𑄴𑄙𑄢𑄴-𑄚𑄧 𑄘𑄬𑄊𑄚,অন্ধকার দেখা
𑄘𑄬𑄝𑄧𑄖𑄧𑄣 -𑄃𑄇𑄎𑄧𑄖𑄴 𑄖𑄧𑄣𑄬 ।,দেবতলা-আকাশের নিচে
𑄥𑄙𑄨𑄚-𑄟𑄧𑄚𑄴𑄉𑄧𑄎 /𑄈𑄱𑄣 𑄟𑄬𑄣 ।,সাধনা-মলা/খোলা মেলা
𑄝𑄋𑄴𑄣 𑄘𑄬𑄥𑄴- 𑄃𑄟 𑄎𑄚𑄴𑄟𑄧 𑄎𑄉 ।,বাঁশ দো- আমাদের জাগা
𑄝𑄝𑄧𑄘-𑄛𑄬𑄣𑄬𑄉𑄴 ।,বো-পোল
𑄥𑄧𑄟𑄢𑄴-𑄃𑄬𑄉𑄴 𑄣𑄧𑄉𑄬 𑄇𑄟𑄴 𑄉𑄧𑄎𑄳𑄠𑄬 𑄟𑄚𑄪𑄎𑄴,সহোদরের সাথে কাজ করে এমন মানুষ
𑄖𑄧𑄣𑄬𑄘𑄨 𑄛𑄨𑄎𑄮𑄢𑄚𑄨 𑄃𑄪𑄖𑄴𑄧𑄢𑄴 𑄘𑄮𑄃𑄧:,নিচে পাতিলগুলো উত্তর দো
𑄝𑄋𑄴𑄣𑄘𑄬𑄎𑄴 𑄇𑄧𑄇𑄴𑄈𑄬 𑄥𑄙𑄨𑄚𑄴 𑄦𑄪𑄠𑄬 ?,বাঁশটা কখন শক্ত হেছে
𑄟𑄪𑄇𑄴𑄖𑄨𑄣𑄢𑄬𑄠𑄧𑄖𑄴 𑄇𑄧𑄚𑄴𑄚 𑄇𑄧𑄚𑄴𑄚 𑄡𑄬𑄠𑄧𑄚𑄴 ?,মুক্তিবাহিনীতে কে কে আছে?
𑄟𑄪𑄇𑄴𑄖𑄨 𑄣𑄢𑄬𑄣𑄧𑄇𑄴𑄪𑄚𑄧𑄢𑄴 𑄘𑄬𑄎𑄧𑄣𑄃𑄨 𑄇𑄨 𑄃𑄬𑄣𑄧 ?,মুক্তিবাহিনী কি আসলো?
𑄛𑄢𑄴𑄝𑄧𑄖𑄳𑄠𑄧 𑄌𑄧𑄑𑄳𑄠𑄧 𑄇𑄧𑄚𑄴𑄚 𑄟𑄪𑄇𑄴𑄖𑄨 𑄣𑄢𑄬𑄣𑄧𑄇𑄴 𑄇𑄧𑄚𑄴𑄚 𑄇𑄧𑄚𑄴𑄚 𑄃𑄬𑄣𑄧 ?,.পাহাের চূা দিে কে মুক্তি পেল?
𑄃𑄟𑄨 𑄇𑄨𑄖𑄴𑄖𑄬𑄃𑄨 𑄟𑄪𑄇𑄴𑄖𑄨 𑄣𑄢𑄬𑄣𑄧𑄇𑄴𑄪𑄚𑄧𑄢𑄬 𑄟𑄧𑄚𑄧𑄖𑄴 𑄢𑄈𑄬𑄝𑄧𑄋𑄴?,আমরা কেন মুক্তি কুকুরটিকে মনে রাখবো?
𑄺𑄻,bdmean
𑄃𑄟 𑄥𑄙𑄨𑄚𑄴 𑄝𑄋𑄴𑄣𑄴𑄣 𑄘𑄬𑄥 𑄴,আমাদের দলটা বামে দো
𑄝𑄨𑄘𑄳𑄠 𑄛𑄪𑄢𑄴𑄕𑄧 𑄌𑄋𑄴𑄟,বিদা পূর্ণ চামা
𑄝𑄋𑄴𑄣 𑄘𑄬𑄎𑄧𑄖𑄴 𑄃𑄪𑄠𑄧𑄋𑄴 𑄟𑄪𑄃𑄨 𑄃𑄪𑄠𑄬𑄃𑄨 𑄃𑄟𑄨 𑄃𑄬 𑄘𑄬𑄎𑄧𑄖𑄴,বাঁশের দোল দিে আমি এই দোলটাতে
𑄘𑄬𑄥𑄴𑄥𑄚𑄴 𑄣𑄧𑄚𑄬𑄃𑄨 𑄝𑄳𑄦𑄢𑄴 𑄉𑄧𑄢𑄨 𑄛𑄧𑄢𑄚𑄴 𑄝𑄎𑄨𑄖𑄃𑄨 𑄃𑄨𑄠𑄧𑄖𑄴 ।,দোলটা নিে ব করে পতেছে এখানে
𑄃𑄟 𑄘𑄬𑄎𑄧𑄖𑄴 𑄃𑄉𑄧𑄚𑄴 𑄝𑄣𑄧𑄉𑄴 𑄟𑄚𑄬 𑄎𑄘𑄴,আমাদের দেশে আগুন লেগে যা
𑄖𑄢𑄢𑄬 𑄟𑄪𑄃𑄨 𑄎𑄪 𑄘𑄮𑄋𑄴 𑄖𑄪𑄣𑄧𑄋𑄴 𑄘𑄨 𑄦𑄘𑄴 ।,তাদেরকে আমি জুা দো তুলবো
𑄝𑄣𑄧𑄉𑄴 𑄎𑄨𑄋𑄴𑄇𑄚𑄨 𑄝𑄧𑄘𑄧𑄣𑄬 𑄃𑄪𑄠𑄬 𑄃𑄟 𑄝𑄋𑄴𑄣 𑄘𑄬𑄎𑄴,.বালুর গিঁটগুলো বদলে উঠে আমাদের বািটা
𑄛𑄇𑄨𑄥𑄴𑄖𑄚𑄨 𑄢𑄎𑄇𑄢𑄴 𑄛𑄖𑄚𑄴𑄚𑄧𑄢𑄬 𑄉𑄪𑄌𑄴𑄌𑄧𑄚𑄴 𑄖𑄢 𑄥𑄬𑄎𑄴।,পাকিস্তানি রাজাকার পাতানো শিশুকে তাদের সেজ
𑄚𑄬𑄃𑄨 𑄃𑄣𑄴𑄥𑄨 𑄉𑄧𑄢𑄨 𑄘𑄬𑄎𑄴 𑄎𑄘𑄧𑄣𑄃𑄨 𑄉𑄪𑄎𑄴𑄧𑄚𑄴 𑄖𑄢 𑄇𑄟𑄴,নেই বেশি করে দাঁিে দো বাচ্চারা তাদের কাজ
𑄖𑄢 𑄟𑄪𑄠𑄧𑄖𑄴 𑄃𑄬𑄇𑄴𑄇𑄚𑄴 𑄇𑄙-𑄝𑄋𑄴𑄣 𑄘𑄬𑄥𑄴 𑄌𑄚𑄴 ।,তারা মুখে একটা কাপ দিে দে
𑄃𑄧𑄘𑄬 𑄟𑄧𑄘𑄬 𑄷𑄼 𑄓𑄨𑄥𑄬𑄟𑄴𑄝𑄧𑄢𑄴 𑄷𑄿𑄽𑄷 𑄥𑄣𑄧𑄖,অসুুস্থ হে ১৯৭১ সাল
𑄦𑄪𑄠𑄬 𑄥𑄙𑄨𑄚𑄴 𑄃𑄪𑄠𑄬 𑄘𑄬𑄥𑄴 𑄃𑄟 𑄥𑄧𑄚𑄢𑄴 𑄝𑄋𑄴𑄣 𑄘𑄬𑄥𑄴 ।,আমাদের দলের বািটা দাও তো আমাদের দলের বািটা
𑄛𑄇𑄨𑄥𑄴𑄖𑄚𑄧𑄖𑄴𑄪𑄚𑄴 𑄥𑄙𑄨𑄚𑄴 𑄉𑄧𑄎𑄳𑄠𑄬𑄃𑄨 𑄃𑄨𑄠𑄚𑄴 𑄡𑄧𑄘𑄧𑄝𑄧𑄘𑄬 𑄝𑄳𑄦𑄢𑄴 𑄉𑄧𑄢𑄬 𑄛 𑄇𑄧𑄙 ।,পাকিস্তান থেকে আশা আশা করে এগুলো অনেক ভ করে
𑄛𑄧𑄢𑄚𑄴-𑄎𑄨𑄋𑄴𑄇𑄚𑄨 ।,প্রাণ-জিনিস
𑄥𑄙𑄨𑄚𑄧𑄖 𑄡𑄪𑄘𑄴𑄙𑄧𑄖𑄴 𑄝𑄪𑄇𑄴 𑄃𑄪𑄎𑄬𑄚𑄬𑄃𑄨 𑄛𑄧𑄢𑄚𑄴 𑄘𑄨𑄣𑄇𑄴 ।,সাধিতা যুদ্ধ বুক উে পে দিল
𑄎𑄪 𑄘𑄮𑄋𑄴-𑄥𑄚𑄴𑄟𑄚𑄴 𑄘𑄬𑄚 ।,জুা দো
𑄟𑄪𑄇𑄴𑄖𑄨 𑄡𑄪𑄘𑄴𑄙𑄧𑄃𑄪𑄚𑄧𑄢𑄬 𑄃𑄟𑄨 𑄝𑄬𑄇𑄴𑄇𑄪𑄚𑄬 𑄎𑄪 𑄎𑄚𑄬𑄃𑄨 ।,মুক্তি যোদ্ধাদেরকে আমরা সবাই দেখতেছি
𑄢𑄎𑄇 𑄢𑄴-𑄟𑄪𑄇𑄴𑄖𑄨 𑄝𑄈𑄨𑄚𑄨 𑄝𑄨𑄢𑄧𑄙𑄨 ।,রাজা-মেে পাখির বাসা
𑄥𑄙𑄨𑄚𑄧𑄖 𑄡𑄪𑄘𑄴𑄙𑄧𑄖𑄴 𑄢𑄎𑄇𑄢𑄪𑄚𑄬 𑄘𑄪𑄥𑄴 𑄚𑄬𑄃𑄨 𑄟𑄚𑄪𑄌𑄴𑄪𑄚𑄧𑄢𑄬 𑄟𑄢𑄬 𑄜𑄬𑄣𑄴𑄣𑄧𑄚𑄴 ।,সাধিতা যুদ্ধ রাজাকারগুলো মানুষদের মেরে ফেলল
𑄚𑄬𑄃𑄨 𑄃𑄣𑄴𑄥𑄨-𑄎𑄨𑄢𑄚𑄴 𑄚𑄬𑄃𑄨 ।,. নেই আলসি-জিরা নেই
𑄟𑄪𑄇𑄴𑄖𑄨 𑄝𑄈𑄨𑄃𑄪𑄚𑄬 𑄚𑄬𑄃𑄨 𑄃𑄣𑄴𑄥𑄨 𑄉𑄧𑄢𑄨 𑄇𑄟𑄴 𑄉𑄧𑄢𑄨 𑄡𑄨𑄠𑄴𑄧 ।,মুক্তিকামীরা অলস করে কাজ করে
𑄛𑄨𑄎𑄨𑄚𑄨 𑄇𑄧𑄃𑄨 𑄃 𑄣𑄨𑄊𑄨 ।,পিঁপিটা কোথা আছে
𑄃𑄟𑄨 𑄇𑄮𑄚𑄴 𑄘𑄬𑄎𑄧𑄖𑄴 𑄦𑄪𑄠𑄬𑄠𑄴 ?,আমরা কোন দেশ হেছি
𑄘𑄬𑄎𑄴𑄥𑄚𑄴 𑄣𑄧𑄚𑄬𑄠𑄴 𑄇𑄧𑄚𑄴𑄚 𑄝𑄳𑄦𑄢𑄴 𑄉𑄧𑄢𑄬 ?,দেজগুলো নিে কে দৌা
𑄛𑄧𑄢𑄚𑄴 𑄇𑄧𑄚𑄴𑄚 𑄘𑄨𑄠𑄬 ?,পরানটা কে দিে
𑄚𑄬𑄃𑄨 𑄃𑄣𑄴𑄥𑄨𑄉𑄧𑄢𑄨 𑄇𑄧𑄚𑄴𑄚 𑄇𑄟𑄴𑄉𑄧𑄢𑄨 𑄡𑄨𑄠𑄬 ?,.নিচে একা কে কাজ করে?
𑄃𑄟 𑄘𑄬𑄎𑄴𑄥𑄚𑄴 𑄇𑄧𑄇𑄴𑄈𑄬 𑄥𑄙𑄨𑄚𑄴 𑄦𑄪𑄠𑄬 ?,আমাদের দেশ কখন আলাদা হেছে
𑄥𑄢 𑄊𑄧𑄢𑄴 𑄛𑄪𑄢𑄧𑄚𑄴 𑄉𑄧𑄢𑄨 𑄃 𑄣𑄨𑄊𑄨 ?,সারা বাি ভরে আছে কেন?
𑄝𑄋𑄴𑄣 𑄘𑄬𑄎𑄧𑄖𑄴 𑄃𑄪𑄠𑄬𑄠𑄴 ------------- 𑄃𑄟𑄨 𑄃𑄬 𑄘𑄬𑄎𑄧𑄖𑄴 ।,বাঁশটা আকাশে উেছে-আমরা এই আকাশে
𑄘𑄬𑄥𑄥𑄚𑄴 𑄣𑄧𑄚𑄬𑄃𑄨 𑄝𑄳𑄦𑄢𑄴----------------------------।,দোলটা নিে বের হ
𑄃𑄟 𑄘𑄬𑄎𑄧𑄖𑄴 𑄃𑄉𑄧𑄚𑄴 𑄞𑄣𑄧𑄇𑄴 𑄟𑄚𑄬𑄃𑄨 𑄎𑄖𑄴,আমাদের দেশে অনেক লোক আছে
𑄃𑄧𑄘𑄬 𑄟𑄧𑄘𑄬 ------------------------ 𑄷𑄿𑄽𑄷 𑄥𑄣𑄧𑄖𑄴।,মদে-আবোল-তাবোল
𑄺𑄽,bdmean
𑄃𑄬𑄇𑄴𑄇𑄚𑄴 𑄟𑄮𑄚𑄮 𑄊𑄧𑄢𑄧𑄖𑄴 𑄃𑄬𑄇𑄴𑄇𑄱 𑄎𑄪𑄟𑄴𑄝𑄧𑄣 𑄃𑄬𑄣𑄧 ।,একটি পাহাের বািে একটা জোা আসলো
𑄖 𑄎𑄪𑄟𑄴 𑄊𑄧𑄢𑄧𑄖𑄴 𑄃𑄬𑄇𑄴𑄇𑄱 𑄔𑄋𑄧𑄢𑄴 𑄇𑄣𑄴𑄣𑄱𑄋𑄴 𑄃𑄬𑄣𑄧 ।,তার জুমের বািতে একটা ঢেউ উঠলো
"𑄃𑄢𑄧 𑄃𑄬𑄣𑄧 𑄣𑄬𑄃𑄨, 𑄑𑄉𑄧𑄣𑄴, 𑄘𑄪𑄣𑄧 𑄃 𑄎𑄪𑄟𑄮𑄢𑄴 ।","আরও এল লেই, টাগল, দুল একটি জুে আছে"
𑄏𑄪𑄟𑄴𑄝𑄧𑄣𑄝𑄱 𑄃𑄬𑄇𑄴𑄘𑄨𑄚𑄴𑄚𑄳𑄠 𑄝𑄬𑄢 𑄣𑄟𑄴𑄟𑄳𑄠 ।,ঝুমকাটা একদিন ঘুরতে বের হেছি
𑄇𑄣𑄴𑄣𑄮𑄋𑄮 𑄇𑄧𑄖𑄴𑄖𑄬-𑄃𑄨𑄇𑄴𑄇𑄪 𑄟𑄪𑄃𑄨 𑄢𑄎 ।,কাঁঠালের কেকটি আমি রাজা
𑄥𑄨𑄠𑄬𑄚𑄴 𑄥𑄪𑄚𑄨𑄚𑄬𑄃𑄨 𑄣𑄪𑄃𑄨𑄠𑄚𑄬 𑄦𑄎𑄨𑄣𑄧 ।,.সেটা শুনে হিস্যু হলো।
𑄘𑄪𑄣𑄧𑄝𑄮𑄃𑄧 𑄃𑄎𑄨𑄣𑄴 ।,এক জাতী ফল যা সবজি হিসেবে ব্যবহৃত হ
𑄏𑄪𑄟𑄮𑄢𑄚𑄬𑄠𑄮 𑄦𑄎𑄨𑄣𑄧 ।,ঝুমকা দিে হেছে
𑄒𑄉𑄧𑄣𑄚𑄬𑄠𑄮 𑄦𑄎𑄨𑄣𑄧 ।,বজ্রপাতও থামলো
𑄈𑄇𑄴𑄈𑄧𑄚𑄴 𑄝𑄘𑄬 𑄎𑄪𑄟𑄴𑄝𑄧𑄣𑄝𑄱 𑄛𑄨𑄢𑄨𑄣𑄧 ।,কিছুক্ষণ পর জাগাটা ব্যাথা করল
𑄇𑄣𑄴𑄣𑄮𑄋𑄴𑄋𑄮 𑄝𑄘𑄬 𑄝𑄉𑄨𑄠𑄚𑄨 𑄣𑄮𑄚𑄬𑄃𑄨 𑄖𑄬 𑄟𑄌𑄴 𑄙𑄧𑄢 𑄉𑄬𑄣𑄧 ।,কাপের বাদে বাকিগুলো নিে সে মাছ ধরলো
𑄇𑄣𑄴𑄣𑄮𑄋𑄴𑄋𑄮 𑄉𑄃𑄨 𑄉𑄃𑄨 𑄢𑄎 𑄦𑄮𑄃𑄨 𑄊𑄧𑄢𑄧𑄖𑄴 𑄢𑄧𑄣𑄧 ।,কাঁকা একা একা রাজা হে বািতে থাকল
𑄃𑄪𑄚𑄨𑄥𑄴 𑄥𑄧 𑄚𑄧𑄝𑄴𑄝𑄧𑄃𑄨 ।,উনস নব্বই
𑄉𑄧𑄘 𑄝𑄁𑄣𑄘𑄬𑄥𑄴 𑄟𑄖𑄴𑄖𑄧𑄣𑄴।,এক জাতী মাছ
𑄃𑄪𑄣𑄧𑄟𑄧𑄖𑄴𑄖𑄧।,"উস্কুখুস্কু, এলোমেলো"
𑄃𑄬𑄢𑄴𑄥𑄘𑄴 𑄥𑄧𑄢𑄴𑄇𑄢𑄧 𑄉𑄧𑄘𑄨 𑄣𑄧𑄢𑄨𑄌𑄧𑄢𑄨 𑄃𑄪𑄙𑄬𑄢𑄴 𑄃 𑄛𑄧𑄢𑄬𑄢𑄴।,.আকাশের গিমসি উঠতেছে।
𑄟𑄖𑄴𑄖𑄧𑄣𑄴 𑄛𑄧𑄗𑄴𑄊𑄑𑄴 ।,মাটির রাস্তা
𑄟𑄖𑄴𑄖𑄧𑄣𑄴 𑄔𑄇।,এক জাতী বুনো ফল
𑄃𑄧𑄣𑄨 𑄉𑄪𑄣𑄨𑄖𑄴 𑄟𑄚𑄴𑄎𑄮𑄢𑄴 𑄇𑄪𑄠𑄝𑄪𑄣𑄧 𑄌𑄧𑄣𑄬𑄢𑄴 𑄇𑄧𑄟𑄧𑄣𑄬 𑄃𑄬𑄢𑄴𑄥𑄘𑄴 𑄉𑄧𑄘𑄨 𑄍𑄢𑄬𑄢𑄴।,.পাখির গুলিতে মলাটি মারা গেছে।
𑄢𑄌𑄴𑄛𑄧𑄖𑄴 𑄃𑄧𑄇𑄴𑄖𑄧 𑄃𑄧𑄇𑄴𑄖𑄧 𑄟𑄚𑄴𑄎𑄮𑄢𑄴 𑄎𑄧𑄉𑄢𑄬 𑄉𑄨𑄢𑄴𑄉𑄨𑄢𑄬𑄃𑄨 𑄃𑄪𑄙𑄬𑄢𑄴 ।,.রাতে অনেক অনেক মানুষ গিে উঠতেছে
"𑄛𑄪𑄣𑄨𑄥𑄴 𑄃 𑄟𑄚𑄴𑄎𑄮𑄢𑄴 𑄃𑄧𑄇𑄴𑄖𑄧 𑄃𑄧𑄇𑄴𑄖𑄧 𑄣𑄧𑄢𑄣𑄧𑄢𑄨, 𑄙𑄝 𑄘𑄬 𑄙𑄨 𑄌𑄧𑄣𑄬𑄢𑄴।","পুলিশটা এদিক সেদিক দৌাচ্ছে, দৌে দৌে যাচ্ছে"
𑄛𑄪𑄣𑄨𑄥𑄴 𑄃 𑄟𑄚𑄴𑄎𑄮𑄢𑄴 𑄢𑄬𑄚𑄢𑄬𑄚𑄨𑄠𑄬 𑄇𑄧𑄇𑄴𑄈𑄬 𑄇𑄨 𑄦𑄧𑄠𑄴 𑄥𑄨𑄠𑄚𑄴 𑄇𑄢𑄧𑄢𑄴 𑄟𑄳𑄦𑄬𑄖𑄴 𑄛𑄬𑄝𑄢𑄴 𑄎𑄪 𑄚𑄬𑄃𑄨।,পুলিশ এই গ্রামের রাতের বেলা কখন কি হ সেটা কারো জানা নেই
𑄊𑄧𑄢𑄧𑄖𑄴𑄖𑄪𑄚𑄴 𑄚𑄨𑄉𑄨𑄣𑄨𑄣𑄬 𑄖𑄬 𑄃𑄢𑄧 𑄎𑄬𑄘 𑄜𑄨𑄢𑄨𑄝𑄧 𑄥𑄨𑄠𑄚𑄴 𑄇𑄧𑄚𑄧 𑄝𑄨𑄌𑄴𑄥𑄬𑄌𑄴 𑄚𑄬𑄃𑄨।,বাি থেকে বের হে গেলে আবার ফিরে আসবে সেটার কোনো বিশ্বাস নেই
"𑄝𑄪𑄚𑄴𑄘𑄪𑄉𑄧 𑄉𑄪𑄣𑄨, 𑄛𑄪𑄣𑄨𑄎𑄧𑄢𑄴 𑄣𑄪𑄘𑄨 𑄇𑄧𑄚𑄧𑄇𑄴𑄈𑄚𑄬 𑄖𑄚𑄴 𑄚𑄧 𑄟𑄚𑄬𑄢𑄴।","বুো গুলি,পাহাের লুডু কিছুতেই সহ্য করে না"
𑄃𑄪𑄝𑄧𑄃𑄨 𑄖𑄮𑄉𑄬𑄃𑄨 𑄚𑄧 𑄛𑄬𑄃𑄨 𑄃𑄬𑄢𑄴𑄥𑄘𑄴 𑄉𑄧𑄘𑄨 𑄍𑄢𑄨 𑄣𑄟𑄨𑄣𑄧।,উপরে উঠতে না পেরে এদিক সেদিক দৌে গেল
𑄟𑄚𑄴𑄎𑄮𑄢𑄴 𑄎𑄧𑄠𑄴 𑄦𑄧𑄣𑄧।,মাটি জ হেছে
𑄉𑄧𑄘 𑄘𑄬𑄏𑄧 𑄟𑄚𑄪𑄌𑄴 𑄝𑄳𑄦𑄧 𑄚𑄨𑄏𑄬𑄌𑄴 𑄍𑄢𑄨 𑄟𑄪𑄎𑄪𑄋𑄬 𑄘𑄮𑄣𑄴 𑄎𑄨𑄁𑄇𑄚𑄨𑄢𑄴 𑄥𑄧𑄝𑄧𑄚𑄴 𑄘𑄬𑄣𑄇𑄴।,পুরো দেশের মানুষ বই পে সুন্দর সুন্দর স্বপ্ন দেখতেছে
𑄢𑄧𑄁𑄙𑄧𑄋𑄬 𑄘𑄨𑄚𑄴 𑄇𑄘𑄬𑄣𑄇𑄴।,রংচঙে দিন কাটানো
𑄟𑄪𑄎𑄪𑄋𑄬 𑄛𑄧𑄢𑄨 𑄢𑄧𑄣𑄧 𑄘𑄨𑄊𑄮𑄣𑄴 𑄛𑄧𑄗𑄴 ।,পাহাে পে রেছে দূরের পথ
𑄥𑄬𑄚 𑄥𑄥𑄧𑄚𑄴 𑄦𑄧𑄘𑄨 𑄉𑄬𑄣𑄧।,সেনা বাহিনী হে গেল
𑄎𑄧𑄠𑄴 𑄘𑄪𑄈𑄳𑄠 𑄟𑄚𑄴𑄎𑄮𑄢𑄴।,যত ব মাটি
𑄉𑄧𑄘 𑄝𑄁𑄣𑄘𑄬𑄥𑄴 𑄥𑄬𑄇𑄴𑄈𑄬 𑄚𑄱 𑄥𑄧𑄝𑄧𑄚𑄴 𑄘𑄬𑄊𑄬𑄢𑄴।,পুরো বাংলাটা এখন স্বপ্ন দেখতেছে
𑄟𑄪𑄎𑄪𑄋𑄬 𑄚𑄪𑄠 𑄥𑄧𑄝𑄧𑄚𑄴 𑄘𑄬𑄃𑄨 𑄘𑄬𑄃𑄨 𑄛𑄧𑄗𑄴 𑄘𑄨𑄊𑄮𑄣𑄨 𑄦𑄘𑄨 𑄦𑄘𑄨 𑄈𑄪𑄌𑄴 𑄝𑄢𑄘𑄧𑄚𑄴 𑄉𑄧𑄘 𑄘𑄬𑄏𑄧 𑄟𑄚𑄪𑄌𑄴।,পাহাে নাাচাা করে পথ দিে হেঁটে হেঁটে পাহাের পাশ দিে মানুষরা পাহাের পাশ দিে হেঁটে যাচ্ছে
𑄈𑄣𑄨𑄇𑄴 𑄃𑄬 𑄟𑄪𑄢𑄟𑄪𑄢𑄨𑄖𑄴 𑄥𑄬𑄇𑄴𑄈𑄬𑄠𑄮 𑄌𑄧𑄣𑄬𑄢𑄴 𑄥𑄬𑄚 𑄥𑄥𑄧𑄚𑄴।,খালি এই পাহািে এখনো সেনা সাা
𑄚 𑄚 𑄛𑄬𑄢𑄬𑄖𑄚𑄨।,না না তর্কাতর্কি
𑄚𑄚 𑄇𑄧𑄎𑄧𑄣।,নানা ধরনের
𑄛𑄧𑄢𑄴𑄝𑄱𑄣𑄧𑄉𑄬 𑄌𑄨𑄙 𑄉𑄧𑄢𑄴𑄣𑄇𑄴 - 𑄃𑄨𑄠𑄚𑄴 𑄘𑄧 𑄦𑄮𑄃𑄨 𑄚𑄧 𑄝𑄢𑄬!,.অপচে চিন্তা করো - এটা তো সহজে বের হ না
𑄃𑄨𑄟𑄨𑄠𑄮 𑄃𑄨𑄖𑄴𑄖𑄪𑄚𑄴 𑄥𑄧𑄢𑄚𑄴 𑄌𑄬𑄃𑄨!,.এটাও এখান থেকে সরাও
𑄃𑄟𑄨𑄠𑄮 𑄃𑄪𑄖𑄴𑄖𑄨 𑄟𑄪𑄖𑄴𑄖𑄨 𑄌𑄬𑄃𑄨 !,আমরা ও উপরে মুখ করে তাকা
𑄛𑄧𑄢𑄴𑄝𑄱𑄣𑄧𑄉𑄬 𑄞𑄝𑄨𑄣𑄇𑄴 𑄎𑄧𑄙 𑄚𑄧 𑄦𑄧𑄚 𑄝𑄘𑄬 𑄃𑄨𑄠𑄚𑄧𑄢𑄴 𑄇𑄧𑄚𑄧 𑄥𑄧𑄟𑄧𑄥𑄳𑄠𑄧 𑄚𑄧 𑄦𑄧𑄝𑄧।,.পর্যাে চিন্তা করা ছাড়া এইটার কোনো সম হবে না
𑄎𑄧𑄙 𑄦𑄧𑄃𑄨 𑄃𑄨𑄠𑄚𑄴 𑄥𑄮𑄣𑄴 𑄉𑄧𑄢 𑄛𑄧𑄢𑄨𑄝𑄧।,উপযুক্ত হওা এই কাজটা করতে হবে
𑄛𑄧𑄢𑄴𑄝𑄱𑄣𑄧𑄉𑄬 𑄎𑄧𑄙 𑄦𑄪𑄠 𑄙𑄧𑄢𑄴𑄣𑄇𑄴।,.পর্যাে সব পরিষ্কার হেছে
𑄟𑄪𑄎𑄪𑄋𑄬 𑄝𑄌𑄴𑄌𑄬𑄃𑄨 𑄢𑄧𑄣𑄧 𑄇𑄎 𑄚𑄧 𑄡𑄨𑄨𑄠𑄳𑄠𑄬 𑄛𑄬𑄎𑄬𑄢 𑄛𑄧𑄗𑄴 ।,পাহাের বািটা নরম হে যা না
𑄛𑄧𑄢𑄴𑄝𑄱𑄣𑄧𑄉𑄬 𑄎𑄧𑄙 𑄦𑄧𑄣𑄇𑄴।,.পর্যাে সবার সাথে দেখা হলো
𑄟𑄨𑄣𑄬 𑄟𑄧𑄢𑄧𑄖𑄴 𑄟𑄨𑄣𑄨𑄣𑄇𑄴।,মেে ছেলে মেে
"𑄃𑄘𑄟𑄬 𑄃𑄘𑄟𑄬, 𑄊𑄧𑄢𑄬 𑄊𑄧𑄢𑄬 𑄥𑄟𑄴𑄝𑄘𑄴 𑄉𑄬𑄣𑄧 𑄛𑄧𑄢𑄴𑄝𑄱𑄣𑄧𑄉𑄬 𑄎𑄧𑄙𑄧 𑄦𑄪𑄠𑄮𑄚𑄴।","একা একা,বািতে বািতে সমে যাওার সম সব ঠিক হেছে"
𑄢𑄌𑄴𑄛𑄧𑄗𑄴 𑄉𑄨𑄢𑄴𑄉𑄨𑄢𑄬𑄃𑄨 𑄃𑄪𑄙𑄨𑄝𑄧।,সূর্য ডোবার সম
𑄛𑄨𑄖𑄴𑄗𑄨𑄟𑄨 𑄟𑄚𑄴𑄎𑄳𑄠𑄬 𑄃𑄟 𑄘𑄪𑄊𑄧 𑄇𑄧𑄙 𑄎𑄚𑄨𑄝𑄇𑄴।,পৃথিবীর মানুষরা আমাদের কথা শুনবে
𑄘𑄪𑄈𑄳𑄠 𑄝𑄛𑄴𑄞𑄬𑄃𑄨 𑄃𑄬 𑄥𑄪𑄊𑄧 𑄚𑄨𑄏𑄬𑄌𑄴 𑄜𑄬𑄣𑄬𑄝𑄇𑄴।,শোকার্ত বাবা এই সুখ নিশ্বাস ফেলবে
𑄝𑄬𑄉𑄬 𑄞𑄝𑄨𑄣𑄇𑄴 - 𑄎𑄨𑄎𑄳𑄠𑄬𑄇𑄴𑄉𑄧𑄢𑄨 𑄃𑄬𑄝𑄢𑄴 𑄎𑄧𑄚𑄨 𑄟𑄪𑄇𑄴𑄖𑄨 𑄃𑄬𑄎𑄬।,দ্রুত চিন্তা করল-যেকোন ব্যক্তি এবার মুক্তি পেল
𑄥𑄬𑄢𑄬𑄉𑄪𑄚𑄬𑄘𑄨 𑄖𑄬𑄋 𑄛𑄧𑄠𑄴𑄎𑄬 𑄡 𑄣𑄉𑄬 𑄝𑄧𑄣𑄴 𑄘𑄨𑄣𑄇𑄴।,.মেেটা টাকা পে যা তা দিল
𑄛𑄧𑄢𑄴𑄝𑄱𑄣𑄧𑄉𑄧𑄢𑄴 𑄊𑄪𑄟𑄴 𑄚𑄬𑄃𑄨।,.অতিরিক্ত ঘুম
𑄗𑄨𑄘𑄧 𑄚𑄬𑄃𑄨।,স্থির নেই
𑄔𑄇 𑄢𑄌𑄴𑄛𑄧𑄗𑄴 𑄉𑄨𑄢𑄴𑄉𑄨𑄢𑄬𑄃𑄨 𑄍𑄢𑄨𑄝𑄧𑄁-𑄃𑄨𑄠𑄚𑄴 𑄛𑄧𑄢𑄴𑄝𑄱𑄣𑄧𑄉𑄧 𑄟𑄧𑄚𑄧𑄖𑄴 𑄖𑄝𑄮𑄣𑄴 𑄈𑄬𑄃𑄨 𑄈𑄬𑄃𑄨 𑄃𑄨𑄣𑄮𑄧𑄚𑄨 𑄜𑄬𑄣𑄮𑄚𑄨 𑄉𑄧𑄢𑄬𑄢𑄴।,.ঢাকার রাস্তা গিে লাফিে লাফিে লাফিে আসলাম
𑄎𑄪𑄚𑄪 𑄥𑄬𑄇𑄴𑄬 𑄔𑄇𑄖𑄴 𑄛𑄧𑄢𑄴𑄖𑄧।,জোনাকিরা এখন ঢাকা পে
𑄥𑄧𑄟𑄎𑄧𑄢𑄴 𑄇𑄟𑄧𑄖𑄴 𑄖𑄢𑄬 𑄃𑄇𑄴𑄟𑄪𑄣𑄨𑄟𑄴 𑄃𑄨𑄎𑄬𑄝𑄬 𑄘𑄬𑄊 𑄡𑄬𑄘𑄧।,সামাজিক কাজে তাকে আগে দেখা যা
𑄡𑄬 𑄇𑄧𑄚𑄧 𑄇𑄟𑄧𑄖𑄴 𑄖𑄬 𑄈𑄟𑄇𑄴𑄇𑄃𑄨 𑄃𑄇𑄴𑄇𑄮𑄃𑄨 𑄡𑄬𑄘𑄧।,যে কোন কাজে সে অবশ্যই আসবে
𑄉𑄧𑄙 𑄔𑄇 𑄥𑄳𑄦𑄧𑄢𑄧𑄖𑄴 𑄖𑄢𑄴 𑄌𑄨𑄚𑄴𑄛𑄧𑄎𑄳𑄠 𑄃𑄬𑄣𑄧।,.গর্তের পাশ দিে তার চেহারা দেখা গেল
𑄦𑄧𑄝𑄢𑄴 𑄎𑄪𑄠𑄮 𑄃𑄬𑄣𑄧 ।,. হওার সম আসলো
𑄖 𑄝𑄝𑄬 𑄃𑄬𑄣𑄧 𑄇𑄛𑄴𑄖𑄬𑄃𑄨 𑄉𑄧𑄙 𑄣𑄧𑄇𑄴𑄬 𑄇𑄧𑄣𑄬𑄎𑄧 𑄛𑄱।,তার বািটা কাপের মতো দেখতে এক জাতী কলেজ ছেলে
𑄇𑄛𑄴𑄖𑄬𑄃𑄨 𑄉𑄧𑄙 𑄝𑄚𑄚 𑄛𑄧𑄠𑄴𑄘𑄳𑄠𑄚𑄬 𑄥𑄮𑄣𑄴 𑄉𑄧𑄢𑄨𑄚𑄬 𑄛𑄇𑄨𑄥𑄴𑄖𑄚𑄴 𑄥𑄧𑄢𑄴𑄇𑄢𑄧 𑄌𑄮𑄊𑄮𑄖𑄴 𑄛𑄧𑄢𑄨 𑄣𑄬𑄊𑄛𑄧𑄢 𑄃𑄢𑄴 𑄖𑄢𑄴 𑄗𑄪𑄟𑄴 𑄚𑄧 𑄦𑄧𑄠𑄴।,কাপ দিে পাখানা করা আর শেষ হ না
𑄎𑄬𑄢𑄬 𑄦𑄣𑄴𑄌𑄌𑄴 𑄉𑄧𑄢𑄨 𑄃 𑄟𑄌𑄴𑄖𑄧𑄢𑄨 𑄉𑄧𑄢𑄨 𑄘𑄨𑄚𑄴 𑄉𑄧𑄋𑄬𑄠𑄬।,.অন্যরা জমি চাষ করে আর কৃষিকাজ করে
"𑄖𑄬𑄋 𑄛𑄧𑄠𑄴𑄎𑄬𑄠𑄴 𑄚𑄉𑄚𑄇𑄳𑄠 𑄉𑄧𑄢𑄨 𑄘𑄨𑄚𑄴 𑄉𑄧𑄋𑄬𑄣𑄬𑄠𑄮 𑄃𑄘𑄟𑄧𑄖𑄴, 𑄌𑄉𑄣𑄖𑄴 𑄖 𑄝𑄝𑄧𑄢𑄴 𑄟𑄚𑄴-𑄟𑄧𑄌𑄴𑄎𑄘 𑄃𑄬𑄣𑄧।","টাকা নষ্ট করে দিন কাটানো হলেও গ্রামে,চাউলে তার ব ভাই-বোনেরা আসলো"
𑄖 𑄟𑄠𑄮 𑄣𑄬𑄊𑄛𑄧𑄢 𑄛𑄧𑄎𑄳𑄠 𑄟𑄨𑄣𑄬।,তার মাের লেখা পা মেে
𑄃𑄘𑄟𑄧𑄖𑄴 𑄥𑄬𑄖𑄳𑄠 𑄝𑄬𑄉𑄬 𑄖𑄢𑄢𑄬 𑄟𑄚𑄴 𑄘𑄨𑄘𑄇𑄴।,গ্রামের সবাই তাদেরকে দেবতা মনে করে
𑄥𑄬𑄖𑄳𑄠 𑄃𑄘𑄟𑄧𑄖𑄴 𑄖𑄢 𑄉𑄨𑄢𑄨𑄖𑄴𑄖𑄨𑄝𑄮 𑄃𑄬𑄣𑄧 𑄝𑄎𑄳𑄦।,সেই গ্রাম থেকে তাদের গিরিখাদটা আসলো
𑄎𑄪𑄚𑄪 𑄃𑄖𑄳𑄠𑄝𑄱 𑄃𑄬𑄣𑄧 𑄝𑄨𑄘𑄨𑄥𑄴 𑄃𑄠𑄧𑄟𑄧𑄖𑄴 𑄛𑄮𑄃𑄨𑄚𑄋𑄨 𑄟𑄚𑄪𑄌𑄴।,জোনাকির আলো বসে থাকা মানুষ গুলো আমার মতো দেখতে
𑄥𑄬 𑄃𑄠𑄧𑄟𑄧𑄖𑄴 𑄌𑄮𑄇𑄴𑄟𑄪𑄛𑄪𑄖𑄳𑄠 𑄟𑄚𑄪𑄌𑄴।,সে আমার চোখের পলকের মানুষ
𑄖𑄢𑄴 𑄘𑄨𑄝𑄬 𑄛𑄱 𑄟𑄚𑄪𑄌𑄴 𑄉𑄧𑄢𑄨𑄝𑄖𑄳𑄠 𑄌𑄬𑄢𑄬𑄌𑄴𑄖𑄢𑄴 𑄇𑄧𑄚𑄧 𑄃𑄪𑄚𑄧 𑄚𑄧 𑄃𑄬𑄣𑄧 ।,তার দুই ছেলে গরিব হে চেেছে কোনো খবর নাই
𑄎𑄪𑄚𑄪 𑄝𑄛𑄴𑄱 𑄛𑄇𑄨𑄥𑄴𑄖𑄚𑄴 𑄥𑄧𑄢𑄴𑄇𑄢𑄧𑄢𑄴 𑄚𑄧𑄎𑄧𑄢𑄧𑄖𑄴 𑄛𑄧𑄢𑄨 𑄣𑄬𑄊𑄛𑄧𑄢 𑄈𑄬𑄟 𑄘𑄨𑄣𑄬𑄠𑄧 𑄖 𑄞𑄬𑄃𑄨𑄝𑄮 𑄣𑄬𑄊𑄛𑄧𑄢 𑄥𑄢𑄬 𑄛 𑄛𑄧𑄢𑄨 𑄥𑄧𑄢𑄴𑄇𑄢𑄨 𑄌𑄉𑄪𑄢𑄨 𑄙𑄧𑄎𑄳𑄠।,জুনু বাবা পাকিস্তান সরকারে পে লেখা খোল করলে তার ভাই লেখা শেষ করে
𑄈𑄣𑄨𑄇𑄴 𑄖𑄢 𑄉𑄧𑄢𑄴𑄝𑄮𑄝𑄮 𑄚 𑄚 𑄎𑄉𑄖𑄴 𑄗𑄘𑄬 𑄗𑄘𑄬 𑄎𑄪𑄚𑄪𑄘𑄊𑄨 𑄉𑄧𑄢𑄴𑄝𑄮𑄣𑄮𑄃𑄨 𑄃𑄟𑄨𑄎𑄬𑄃𑄨 𑄜𑄢𑄧𑄇𑄴 𑄗𑄬𑄘𑄇𑄴।,খালিক তার গর্বটা না না জাগা থাকে আর জাগাটা আমাদের থেকে দূরে থাকে
𑄉𑄣 𑄉𑄣 𑄖𑄢 𑄃𑄘𑄟𑄧𑄖𑄴 𑄝𑄬𑄢 𑄃𑄬𑄣𑄬 𑄃𑄮 𑄃𑄢𑄧 𑄡𑄬𑄘𑄇𑄴𑄇𑄮𑄃𑄨।,গাল ভরে খাওা তারা গ্রামে ফিরলেও আবার আসে
𑄥𑄬𑄖𑄳𑄠 𑄃𑄖𑄳𑄠 𑄚𑄚𑄪 𑄇𑄨𑄢𑄴𑄝𑄳𑄠 𑄡𑄬𑄘𑄧𑄉𑄬 𑄛𑄬𑄝𑄢𑄴 𑄥𑄨𑄠𑄚𑄴 𑄎𑄪𑄚𑄪𑄘𑄊𑄨𑄨 𑄛𑄨𑄃𑄨𑄠𑄮𑄚𑄴।,এত ব নানু কোথা গিেছে সেটা মনে পেছে
𑄎𑄪𑄚𑄪𑄘𑄊𑄨 𑄘𑄨 𑄞𑄬𑄃𑄨।,জোনাকির আলো ফোটার শব্দ
𑄎𑄪𑄚𑄪 𑄝𑄬𑄉𑄧 𑄍𑄨𑄉𑄮𑄚𑄴।,জু বেগের ছিঁা
𑄖 𑄝𑄧𑄢𑄴 𑄞𑄬𑄃𑄨 𑄃𑄧𑄚𑄪।,তার ব ভাই
𑄖𑄢𑄴 𑄣𑄬𑄊𑄛𑄧𑄢 𑄡𑄧𑄘𑄧𑄛𑄧𑄘𑄬 𑄟𑄧𑄚𑄴।,তার লেখা গুলো অনেক পছন্দ
𑄣𑄬𑄊𑄛𑄧𑄢 𑄝𑄘𑄬 𑄓𑄬𑄃𑄨𑄚𑄴 𑄝𑄋𑄴 𑄚𑄧 𑄝𑄪𑄏𑄬।,লেখাপা বাদে দোলটা বোঝে না
𑄝𑄧𑄏𑄧𑄢𑄴 𑄝𑄧𑄏𑄧𑄢𑄴 𑄉𑄧𑄟𑄴 𑄢𑄬𑄎𑄣𑄴 𑄉𑄧𑄢𑄨 𑄛𑄥𑄴 𑄉𑄧𑄢𑄬।,বছর বছর ভালো রেজাল্ট করে
𑄝𑄬𑄇𑄴𑄇𑄪𑄚𑄬 𑄖𑄢𑄬 𑄣𑄬𑄊𑄛𑄧𑄢𑄖𑄴 𑄝𑄳𑄦𑄚𑄨 𑄉𑄧𑄢𑄧𑄚𑄴।,সবাই তাকে লেখাপা নিন্দা করে
𑄎𑄪𑄚𑄪 𑄣𑄬𑄊𑄛𑄧𑄢𑄖𑄴 𑄖𑄳𑄠𑄬𑄚𑄴 𑄚𑄧𑄠𑄴।,জোনাকির আলো আঁধারিে আলো জ্বলে না
𑄊𑄨𑄣𑄬 𑄘𑄙𑄧।,১. ঘিলে ভাত ২. ঘিলে ভাত
𑄝𑄬𑄇𑄴𑄇𑄪𑄚𑄬 𑄇𑄧𑄚𑄴 𑄖 𑄝𑄝𑄧 𑄥𑄃𑄧𑄌𑄴𑄥𑄚𑄴 𑄎𑄪𑄚𑄪 𑄛𑄨𑄃𑄨𑄠𑄳𑄠𑄬।,সবাই তার বাির শাকগুলো শুকিেছে
𑄃𑄬𑄇𑄴𑄘𑄨𑄚𑄴 𑄚𑄋𑄴 𑄜𑄪𑄘𑄬𑄝𑄧।,এক দিন নাগাে নাচ করবে
𑄝𑄬𑄇𑄴𑄇𑄪𑄚𑄬 𑄥𑄬𑄖𑄳𑄠 𑄎𑄪𑄚𑄪𑄢𑄬 𑄇𑄮𑄌𑄴 𑄛𑄬𑄘𑄇𑄴।,সবাই এত ঝগা করতেছে
𑄉𑄨𑄢𑄨𑄖𑄴𑄖𑄨 𑄉𑄪𑄌𑄴𑄬𑄌𑄝𑄖𑄳𑄠 𑄎𑄪𑄚𑄪 𑄟𑄝𑄮 𑄘𑄨𑄚𑄴 𑄢𑄬𑄃𑄨𑄖𑄴 𑄚𑄬𑄃𑄨 𑄃𑄣𑄴𑄎𑄨𑄉𑄧𑄢𑄨 𑄌𑄬𑄢𑄬𑄌𑄴𑄖 𑄉𑄧𑄢𑄨 𑄡𑄬𑄘𑄧।,গিরিখাদের মধ্যে জুে থাকা জুিটা সারাদিন দৌাদৌি করে যাচ্ছে
𑄖 𑄝𑄝𑄬 𑄃𑄨𑄌𑄴𑄇𑄪𑄣𑄧𑄖𑄴𑄖𑄪𑄚𑄴 𑄃𑄧𑄚𑄪 𑄣𑄬𑄊 𑄟𑄙𑄬𑄘𑄇𑄴।,তার বািটা স্কুল থেকে একটু লেখাপা করে
𑄎𑄪𑄚𑄪 𑄃𑄧𑄚𑄪 𑄚𑄚𑄉𑄚𑄴 𑄖 𑄝𑄝𑄧𑄖𑄴𑄖𑄪𑄚𑄴 𑄛𑄪𑄏𑄢𑄴 𑄉𑄧𑄖𑄴𑄗𑄇𑄴।,জোনাকির মতো তার বাতিটা জ্বলতেছে
𑄖 𑄝𑄝𑄬 𑄖𑄢𑄢𑄴𑄣𑄮𑄃𑄨 𑄣𑄬𑄊𑄛𑄧𑄢 𑄇𑄧𑄙 𑄟𑄬𑄣𑄨 𑄙𑄧𑄢𑄴𑄖𑄧।,তার বািতে লেখা কথাগুলো মলা ধরছে
𑄖 𑄝𑄝𑄧𑄢𑄴 𑄃𑄬𑄣𑄧 𑄓𑄋𑄧𑄢𑄴 𑄝𑄧𑄃𑄨𑄠𑄮 𑄇𑄪𑄢𑄴 ।,তার ব ব বইও আছে
𑄃𑄣𑄴𑄟𑄢𑄨𑄖𑄴 𑄗𑄧𑄢𑄬 𑄗𑄧𑄢𑄬 𑄥𑄎𑄬𑄠𑄳𑄠।,আলমারি থরে থরে সাজানো
𑄝𑄧𑄃𑄨 𑄃 𑄝𑄧𑄃𑄨 ।,"বই, বই"
𑄝𑄧𑄃𑄨𑄠𑄮 𑄇𑄪𑄢𑄧𑄖𑄴𑄪𑄚𑄴 𑄍𑄬𑄢𑄬𑄉𑄪𑄚𑄬𑄘𑄨 𑄝𑄧𑄃𑄨 𑄑𑄚𑄨 𑄣𑄧𑄃𑄨 𑄖𑄢𑄢𑄬 𑄟𑄙𑄬𑄃𑄨 𑄥𑄪𑄚𑄬𑄘𑄧।,বইের তাক থেকে ছেঁা বই নিে তাদের কাছে শুনতে হ
𑄇𑄧𑄝𑄨𑄖 𑄝𑄧𑄃𑄨 𑄟𑄙𑄬𑄘𑄧 𑄃 𑄌𑄋𑄴𑄟𑄚𑄴𑄘𑄨 𑄞𑄋𑄨 𑄝𑄪𑄏𑄬𑄘𑄧।,কবিতা বইে শুধু পাহাি ভেঙে বুঝে
"𑄎𑄖𑄧𑄇𑄴, 𑄍𑄨𑄉𑄮𑄚𑄴𑄉𑄪𑄢𑄮 𑄝𑄧𑄃𑄨 𑄟𑄙𑄬 𑄞𑄋𑄨 𑄘𑄨𑄘𑄧।","জাতি,ছোটরা বই মাটিতে ভেঙে দে"
𑄃𑄧𑄚𑄪𑄣𑄮𑄃𑄨 𑄎𑄪𑄚𑄪 𑄟𑄧𑄚𑄴𑄘𑄨 𑄥𑄪𑄚𑄨𑄘𑄇𑄴।,অনুলোে জুনু মিষ্টি কথা বলে
𑄃𑄧𑄇𑄴𑄖𑄧 𑄃𑄧𑄇𑄴𑄖𑄧 𑄖𑄟𑄴𑄟𑄠𑄮 𑄜𑄉𑄧𑄖𑄴 𑄥𑄧𑄟𑄬𑄘𑄧।,অনেক অনেক তার মা যোগা করতেছে
𑄖 𑄝𑄝𑄬 𑄇𑄧𑄙𑄧 𑄛𑄪𑄖𑄴𑄣𑄧𑄇𑄴 𑄓𑄋𑄧𑄢𑄴 𑄦𑄧𑄣𑄬 𑄃𑄬 𑄝𑄧𑄃𑄨𑄠𑄪𑄚𑄴 𑄛𑄧𑄣𑄴𑄣𑄬 𑄃𑄢𑄧 𑄚𑄚𑄉𑄚𑄴 𑄛𑄧𑄃𑄨𑄘𑄳𑄠𑄚𑄬 𑄈𑄧𑄝𑄧𑄢𑄴 𑄛𑄬𑄝।,তার বাবা কত ব হলে এই বইটা পলে আর নানান গান পে যাবে
𑄉𑄧𑄟𑄬 𑄣𑄬𑄊 𑄛𑄧𑄢𑄨𑄣𑄬 𑄥𑄧𑄟𑄎𑄧𑄃𑄨𑄙𑄪 𑄛𑄳𑄦𑄧𑄢𑄴 𑄜𑄪𑄘𑄬𑄃𑄨 𑄛𑄢𑄨𑄝।,ভালোভাবে লেখা পলেসমাজে আলো ফুটবে
𑄘𑄨 𑄞𑄬𑄃𑄨𑄠𑄬 𑄟𑄧𑄚𑄴 𑄘𑄨𑄚𑄬 𑄖 𑄝𑄝𑄧 𑄇𑄧𑄙 𑄥𑄪𑄚𑄨𑄘𑄇𑄴 𑄃 𑄎𑄨𑄁𑄇𑄚𑄨𑄢𑄴 𑄇𑄧𑄙 𑄞𑄝𑄨 𑄞𑄝𑄨 𑄘𑄨𑄚𑄴 𑄉𑄧𑄋𑄬𑄘𑄇𑄴।,দুই ভাই মন দিে তার বাির কথাগুলো ভাবতেছে
𑄎𑄪𑄚𑄪 𑄃𑄖𑄳𑄠𑄝𑄮𑄠𑄮 𑄃𑄬𑄣𑄧 𑄥𑄢𑄬 𑄛 𑄣𑄬𑄊𑄛𑄧𑄢 𑄎𑄚𑄨𑄠𑄬 𑄟𑄚𑄪𑄌𑄴।,জোনাকির আলো আঁধারিে পালিে আছে এমন মানুষ
𑄖 𑄚𑄘𑄨𑄚𑄴𑄠𑄪𑄚𑄧𑄢𑄬 𑄚𑄚 𑄛𑄧𑄌𑄴𑄍𑄧𑄚𑄴 𑄥𑄪𑄚𑄬𑄘𑄧।,তার নাতনিকে নানা গল্প শুনা
𑄝𑄚𑄳𑄦 𑄘𑄨𑄘𑄧।,বাাবাি
𑄇𑄧𑄙𑄧 - 𑄉𑄧𑄟𑄬 𑄣𑄬𑄊 𑄚𑄧 𑄟𑄙𑄬𑄣𑄬 𑄃𑄬 𑄥𑄧𑄁𑄥𑄢𑄧𑄖𑄴 𑄒𑄨𑄉𑄨 𑄗𑄚 𑄃𑄉𑄖𑄳𑄠।,কেকটা ভালো করে না লিখলে এই সংসারে টিকে থাকা যা
𑄥𑄬𑄖𑄳𑄠 𑄚𑄘𑄨𑄚𑄴𑄣𑄧𑄇𑄴 𑄉𑄧𑄟𑄬 𑄣𑄬𑄊 𑄛𑄧𑄢𑄧।,তত ব করে লিখতে হ
𑄃𑄬𑄎𑄚𑄴𑄉𑄧𑄢𑄨 𑄎𑄪𑄚𑄪 𑄃 𑄃𑄧𑄚𑄪𑄢𑄴 𑄘𑄨𑄚𑄴 𑄉𑄧𑄋𑄨𑄨 𑄡𑄠𑄴 𑄃 𑄃𑄬𑄎𑄬 ।,এত ব জুনু অনেক দিন করে যা
𑄎𑄪𑄚𑄪 𑄡𑄬𑄇𑄴𑄇𑄬 𑄇𑄬𑄣𑄥𑄴 𑄥𑄬𑄞𑄬𑄚𑄧𑄖𑄴 𑄃𑄪𑄙𑄨𑄣𑄧 𑄝𑄨𑄏𑄪𑄢𑄴 𑄃𑄬𑄇𑄴𑄇 𑄎𑄬𑄢𑄬𑄘𑄨𑄉𑄧𑄢𑄨 𑄖 𑄃𑄎𑄪 𑄇𑄧𑄟𑄧𑄣𑄴 𑄌𑄚𑄴 𑄟𑄧𑄢𑄨 𑄉𑄬𑄣𑄧।,জুনিে যখন কেলা সেভেনে উে আসলো তার মুখটা মলিন হে গেল
𑄎𑄪𑄚𑄪 𑄖 𑄃𑄎𑄪𑄢𑄬 𑄦𑄢𑄬𑄃𑄨𑄚𑄬 𑄡𑄧𑄘𑄧𑄝𑄧𑄘𑄬 𑄣𑄋𑄴𑄣𑄋𑄳𑄠𑄬 𑄦𑄧𑄣𑄧।,জুনিে তাাতাি বেে উঠল
𑄃𑄧𑄚𑄪 𑄥𑄬𑄇𑄴𑄇𑄬 𑄇𑄧𑄣𑄬𑄎𑄧𑄖𑄴 𑄛𑄧𑄢𑄚𑄃𑄨 𑄖𑄬 𑄘𑄪𑄢𑄮𑄖𑄴 𑄃𑄬𑄣𑄧।,সে কিছুক্ষণ পর কলেজে পে গেল
𑄇𑄧𑄠𑄴 𑄘𑄨𑄚𑄴 𑄎𑄬𑄢𑄬 𑄖𑄬 𑄡𑄬𑄇𑄴𑄇𑄬 𑄊𑄧𑄢𑄧𑄖𑄴 𑄣𑄪𑄋𑄨𑄣𑄧 𑄖𑄬𑄃𑄨𑄠𑄮 𑄃𑄬𑄉𑄬𑄢𑄬 𑄃𑄬𑄉𑄬𑄢𑄬 𑄇𑄚𑄨𑄣𑄧।,কত দিন পর সে বািে পেছে আবার কাঁদতেছে
𑄘𑄨 𑄃𑄬𑄇𑄴 𑄘𑄧𑄚𑄴 𑄥𑄪𑄙𑄟𑄪 𑄉𑄧𑄢𑄨 𑄢𑄧𑄣𑄧।,দুই এক দশ টাকা করে রেছে
𑄎𑄬𑄢𑄬 𑄃𑄧𑄚𑄪 𑄇𑄧𑄣𑄬𑄎𑄧𑄖𑄴 𑄉𑄬𑄣𑄧।,.তার পরে অন্য কলেজে গেল
𑄖 𑄃𑄖𑄳𑄠𑄝𑄱 𑄡𑄬𑄇𑄴𑄇𑄬 𑄥𑄧𑄢𑄴𑄉𑄬 𑄦𑄪𑄃𑄨𑄠𑄬 𑄎𑄪𑄚𑄪 𑄘𑄬𑄣𑄧 𑄃𑄘𑄟𑄳𑄠 𑄛𑄢𑄣𑄳𑄠 𑄝𑄬𑄇𑄴𑄇𑄪𑄚𑄬 𑄟𑄨𑄣𑄨 𑄖 𑄝𑄝𑄧𑄢𑄬 𑄝𑄧𑄣𑄴 𑄘𑄨𑄠𑄮𑄚𑄴।,তার শরীরটা যখন ভালো হেছে সবাই মিলে তার ছেলেকে শক্তি দে
𑄎𑄪𑄚𑄪𑄘𑄊𑄨𑄢𑄴 𑄉𑄨𑄢𑄨𑄖𑄴𑄖𑄨 𑄥𑄬𑄘𑄧𑄇𑄴 𑄎𑄣𑄝𑄴𑄝𑄧𑄢𑄴 𑄚𑄧 𑄃𑄬𑄣𑄧।,জোনাকির আলোটা এত জ্বলতেছে না
𑄃𑄘𑄟𑄳𑄠 𑄛𑄢𑄣𑄳𑄠 𑄌𑄬𑄢𑄮 𑄇𑄬𑄃𑄨𑄖𑄴 𑄝𑄧𑄣𑄴 𑄘𑄨𑄚𑄬 𑄇𑄧𑄚𑄧 𑄝𑄝𑄧𑄘𑄬 𑄖 𑄃𑄎𑄪𑄢𑄴 𑄙𑄧𑄢𑄴𑄟𑄧𑄇𑄟𑄴 𑄥𑄨𑄢𑄬𑄃𑄨 𑄘𑄮𑄚𑄴।,গ্রামের পাা চূা দিে কোন রকমে তার ধর্ম পালন করে
𑄎𑄪𑄚𑄪 𑄝𑄪𑄏𑄨𑄣𑄧 𑄎𑄧𑄙 𑄦𑄧𑄣𑄬 𑄇𑄧𑄚𑄧 𑄇𑄟𑄴 𑄃𑄉𑄖𑄳𑄠 𑄚𑄧𑄠𑄴।,জুনিে বোঝা হলে কোনো কাজ করা যা না
𑄎𑄪𑄚𑄪 𑄃𑄖𑄳𑄠𑄝𑄱 𑄡𑄬𑄇𑄴𑄇𑄬 𑄟𑄧𑄎𑄳𑄠 𑄎𑄪𑄚𑄪 𑄝𑄛𑄴𑄱 𑄞𑄬𑄃𑄨𑄝𑄮𑄢𑄬 𑄥𑄟𑄴𑄝𑄘𑄴 𑄘𑄨𑄣𑄇𑄴।,জোনাকির আলো যে জোনাকির আলো পেছে
𑄖𑄢 𑄊𑄧𑄢𑄴𑄝𑄱𑄝𑄮 𑄃𑄬𑄣𑄇𑄴 𑄘𑄨𑄚𑄴 𑄘𑄪𑄠𑄬𑄇𑄴 𑄉𑄧𑄋𑄨 𑄡𑄚𑄢𑄴 𑄎𑄬𑄢𑄬।,তাদের বািটা অনেক দিন কষ্ট করতেছে
𑄙𑄧𑄢𑄴𑄟𑄧 𑄇𑄟𑄴 𑄥𑄨𑄢𑄬𑄃𑄨 𑄡𑄚𑄢𑄴 𑄘𑄨 𑄘𑄨𑄚𑄴 𑄎𑄬𑄢𑄬 𑄃𑄢𑄧 𑄉𑄬𑄣𑄇𑄴𑄇𑄮𑄃𑄨।,ধর্ম কাজ করতে দুই দিন লাগে আর গেল
𑄃𑄬𑄎𑄚 𑄡𑄚 𑄞𑄨𑄘𑄨𑄢𑄬 𑄖𑄢𑄢𑄴 𑄘𑄨𑄚𑄴 𑄗𑄪𑄟𑄴 𑄦𑄧𑄣𑄧।,আসা যাওা করতে করতে তাদের দিন শেষ হলো
𑄎𑄪𑄚𑄪 𑄟𑄧𑄚𑄬 𑄟𑄧𑄚𑄬 𑄞𑄝𑄨𑄣𑄧 𑄌𑄉𑄪𑄢𑄨 𑄥𑄣𑄬 𑄇𑄨 𑄃𑄬𑄎𑄚𑄴!,জুনু মনে মনে ভাবতেছে চামার জন্য কি আছে!
𑄖 𑄃𑄖𑄳𑄠𑄝𑄱 𑄟𑄧𑄢𑄨𑄚𑄬 𑄖 𑄝𑄝𑄬 𑄇𑄨 𑄡𑄬 𑄘𑄧𑄏𑄖𑄴 𑄃𑄬𑄣𑄧 𑄥𑄨𑄠𑄚𑄴 𑄖 𑄝𑄝𑄬 𑄞𑄋𑄨 𑄚𑄧 𑄇𑄧𑄣𑄬𑄠𑄮 𑄎𑄪𑄚𑄪 𑄟𑄳𑄦𑄬𑄖𑄴 𑄛𑄨𑄠𑄳𑄠𑄬।,তার বাবা মারা যাওার সম যে বিপদ এসেছে সেটা তার বািটা ভেঙে না বললেও জুে পাে
"𑄥𑄧𑄁𑄥𑄢𑄴, 𑄥𑄧𑄟𑄌𑄴 𑄚𑄨𑄚𑄬 𑄥𑄨𑄖𑄴𑄖𑄪𑄚𑄴 𑄙𑄧𑄢𑄨 𑄖𑄢𑄴 𑄟𑄧𑄚𑄧𑄖𑄴 𑄚𑄚𑄉𑄚𑄴 𑄛𑄪𑄏𑄢𑄴 𑄎𑄧𑄟𑄨 𑄉𑄬𑄣𑄧।","সংসার, সাথী নিে তার মনে অনেক দুঃখ পেছে"
"𑄡𑄬 𑄣𑄬𑄊𑄛𑄧𑄢 𑄚𑄨𑄎𑄧𑄢𑄴, 𑄥𑄧𑄟𑄎𑄧𑄢𑄴 𑄇𑄧𑄚𑄧 𑄉𑄧𑄢𑄧𑄎𑄧𑄖𑄴 𑄚𑄧 𑄃𑄬𑄎𑄬, 𑄚𑄧 𑄣𑄉𑄬 𑄥𑄣𑄬 𑄥𑄨𑄠𑄚𑄴 𑄇𑄨𑄘𑄧𑄇𑄳𑄠 𑄣𑄬𑄊𑄛𑄧𑄢।","যে লেখাগুলো নিজের,সমাজের কোনো কাজে আসে না,সেটার জন্য কত ব লেখা"
𑄎𑄪𑄚𑄪 𑄟𑄧𑄚𑄬 𑄟𑄧𑄚𑄬 𑄃𑄬𑄎𑄚𑄴𑄉𑄧𑄢𑄨 𑄞𑄝𑄬 𑄃 𑄎𑄮𑄛𑄴 𑄛𑄬𑄘𑄧 𑄌𑄠𑄴।,জুনু মনে মনে একেক করে জোপ পেেছে
𑄈𑄣𑄨𑄇𑄴 𑄇𑄧𑄚𑄧 𑄎𑄮𑄛𑄴 𑄚𑄧 𑄟𑄨𑄣𑄬।,খালি পেটে মেে
𑄎𑄪𑄚𑄪𑄘𑄊𑄨 𑄃𑄘𑄟𑄧𑄢𑄴 𑄛𑄪𑄉𑄬𑄘𑄨𑄉𑄧𑄢𑄨 𑄟𑄨𑄉𑄨𑄚𑄨𑄠𑄚𑄴 𑄝𑄮𑄃𑄨 𑄡𑄨𑄠𑄳𑄠𑄬।,জুনিেরা গ্রামের সব গুোগুলো বইে পে গেছে
𑄟𑄨𑄉𑄨𑄚𑄨 𑄛𑄢𑄧𑄖𑄴 𑄃𑄬𑄣𑄇𑄴 𑄓𑄋𑄧𑄢𑄴 𑄓𑄋𑄧𑄢𑄴 𑄌𑄧𑄢𑄴।,মিইনি নদীর তীরে ব ব চর
𑄥𑄨𑄖𑄴 𑄈𑄪𑄚𑄴𑄘𑄧 𑄛𑄧𑄢𑄬𑄘𑄨 𑄌𑄧𑄢𑄴𑄠𑄪𑄚𑄴 𑄈𑄣𑄳𑄠 𑄗𑄬𑄘𑄇𑄴।,.তার পাহাের পাশ দিে চরগুলো কেটে যাচ্ছে
𑄈𑄣𑄳𑄠 𑄟𑄙𑄧𑄖𑄴 𑄉𑄪𑄢𑄮𑄣𑄧𑄉𑄬 𑄚𑄚𑄉𑄚𑄴 𑄈𑄢 𑄦𑄧𑄘𑄇𑄴।,.খাওা মাটিতে লুকোচুরি খেলা হ
𑄃𑄏𑄢𑄴 𑄟𑄥𑄳𑄠 𑄏𑄧𑄢𑄴 𑄘𑄨𑄣𑄬 𑄟𑄨𑄉𑄨𑄚𑄨𑄠𑄚𑄴 𑄛𑄚𑄨𑄠𑄬 𑄞𑄧𑄢𑄨 𑄡𑄬𑄘𑄧।,.আকাশের পানি ঝ দিলে পানি ভরে যা
𑄃𑄀𑄪𑄋𑄪𑄘𑄧 𑄦𑄧𑄘𑄧।,অসুুস্থ হওা
𑄉𑄧𑄋𑄢𑄴 𑄦𑄧𑄘𑄧 𑄛𑄚𑄨𑄠𑄚𑄴।,নদীর পানি
𑄛𑄢𑄧𑄖𑄴 𑄝𑄮𑄃𑄨 𑄉𑄪𑄢𑄮𑄠𑄪𑄚𑄬 𑄛𑄚𑄨 𑄌𑄬𑄃𑄨 𑄗𑄬𑄘𑄇𑄴।,পাহাের ছোট বাচ্চারা পানি তািে থাকে
𑄇𑄧𑄚𑄧𑄎𑄧𑄚𑄬 𑄥𑄎𑄪𑄢𑄨 𑄃𑄬𑄇𑄪𑄣𑄴 𑄃𑄮𑄇𑄪𑄣𑄴 𑄃𑄪𑄎𑄮𑄣𑄴-𑄣𑄟𑄧𑄚𑄴 𑄉𑄧𑄢𑄴𑄗𑄇𑄴।,কেউ দুইজনে এক সাথে লাফাচ্ছে
𑄝𑄬𑄣𑄳𑄠 𑄟𑄙𑄚𑄴 𑄃𑄧𑄇𑄴𑄖𑄧 𑄃𑄧𑄇𑄴𑄖𑄧 𑄝𑄌𑄴𑄌𑄣𑄨 𑄣𑄟𑄨𑄘𑄧।,সূর্য অস্ত যাচ্ছে
𑄞𑄎𑄧𑄚𑄳𑄠 𑄚𑄧𑄃𑄧 𑄟𑄣𑄴𑄣𑄮𑄃𑄨 𑄃𑄪𑄎𑄬𑄘𑄧 𑄚𑄧𑄠𑄴 𑄣𑄟𑄨𑄘𑄧।,.ভাা না হলে পানিতে পা যা না
𑄝𑄌𑄴𑄌𑄣𑄨 𑄣𑄟𑄨𑄣𑄬 𑄃𑄧𑄇𑄴𑄖𑄧 𑄃𑄧𑄇𑄴𑄖𑄧 𑄉𑄪𑄢𑄮𑄠𑄪𑄚𑄬 𑄌𑄧𑄢𑄨 𑄌𑄧𑄢𑄨 𑄣𑄟𑄧𑄚𑄳𑄠 𑄡𑄬𑄘𑄇𑄴।,বাচ্চা নিে গেলে অনেক অনেক শিশু ঘুরে বো
𑄎𑄪𑄚𑄪 𑄇𑄧𑄚𑄧 𑄘𑄨𑄚𑄴 𑄚𑄧 𑄡𑄬𑄘𑄧।,বর্ষা কোনো দিন যা না
𑄝𑄬𑄣𑄳𑄠 𑄟𑄙𑄚𑄴 𑄖𑄬 𑄚𑄨𑄉𑄨𑄣𑄨𑄣𑄬𑄠𑄮 𑄏𑄘𑄨 𑄏𑄘𑄨 𑄊𑄧𑄢𑄧𑄖𑄴 𑄜𑄨𑄢𑄨 𑄃𑄬𑄘𑄧।,সূর্য ডোবার সম সে নিভু নিভু করে বািতে ফিরে
𑄟𑄨𑄉𑄨𑄚𑄨 𑄛𑄢𑄧𑄖𑄴 𑄃𑄬𑄣𑄧 𑄓𑄋𑄧𑄢𑄴 𑄓𑄋𑄧𑄢𑄴 𑄃𑄬𑄇𑄴 𑄖𑄬𑄘𑄮𑄃𑄨 𑄉𑄌𑄴।,মিইনি নদীর তীরে এক তেতো গাছ
𑄖𑄬𑄘𑄮𑄃𑄨 𑄉𑄌𑄴𑄱 𑄖𑄧𑄣𑄠𑄚𑄴 𑄃𑄬𑄇𑄴𑄇 𑄃𑄧𑄎𑄧𑄣𑄴 𑄎𑄉𑄖𑄴।,তেতুল গাছের তলা একটু সমতল জাগা
𑄇𑄃𑄨𑄇𑄪𑄢𑄬 𑄃𑄢𑄧 𑄃𑄟𑄧 𑄉𑄌𑄴।,এক জাতী গাছ
𑄈𑄧𑄢𑄚𑄳𑄠 𑄘𑄨𑄚𑄮𑄖𑄴 𑄒𑄚𑄴𑄘 𑄝𑄳𑄦𑄧 𑄈𑄬𑄣𑄨𑄘𑄧।,খরার দিনে তাস খেলা হ
𑄝𑄬𑄣𑄳𑄠 𑄟𑄙𑄚𑄴 𑄃𑄘𑄟𑄧 𑄛𑄱𑄉𑄪𑄚𑄬 𑄥𑄨𑄠𑄮𑄖𑄴 𑄟𑄨𑄣𑄨𑄘𑄇𑄴।,সূর্য ডোবার সম গ্রামের মানুষ সেখানে মিলিেছে
𑄝𑄧𑄚𑄴𑄘𑄧 𑄦𑄧𑄣𑄬 𑄝𑄨𑄚𑄳𑄠 𑄟𑄙𑄚𑄴𑄠𑄮 𑄥𑄨𑄠𑄮𑄖𑄴 𑄆𑄉𑄧𑄖𑄴𑄖𑄧𑄢𑄴 𑄦𑄧𑄘𑄇𑄴।,. বন্ধ হে গেলে বো জমিও সেখানে আসবে
𑄚𑄚𑄠𑄚𑄴 𑄇𑄧𑄙 𑄇𑄪𑄠𑄇𑄨 𑄦𑄧𑄘𑄧।,নানা ধরনের কথা বলতে হ
𑄃𑄧𑄇𑄴𑄖𑄧 𑄃𑄧𑄇𑄴𑄖𑄧 𑄖𑄪𑄟𑄴𑄝𑄪𑄇𑄴𑄇𑄮𑄃𑄨 𑄣𑄢𑄬𑄃𑄨 𑄌𑄧𑄣𑄨𑄘𑄧।,অনেক অনেক তুম্বুক দিে চলে
𑄖𑄪𑄟𑄴𑄝𑄪𑄇𑄴𑄇𑄮𑄃𑄨 𑄣𑄢𑄬𑄃𑄨𑄠𑄚𑄴 𑄝𑄇𑄴𑄇𑄪𑄚𑄧𑄢𑄴 𑄃𑄬𑄣𑄧 𑄞𑄢𑄨 𑄃𑄪𑄌𑄴𑄧𑄱𑄢𑄴।,তুম্বুক দিে লাফিে বাককুলি আসলো অনেক দূর
𑄇𑄨𑄃𑄨𑄠𑄳𑄠𑄖𑄴𑄖𑄪𑄚𑄴 𑄊𑄟𑄴 𑄏𑄧𑄢𑄴𑄖𑄧 𑄖𑄏।,.কেন জানি না শরীর ঘামছে
𑄎𑄬𑄢𑄬 𑄇𑄇𑄴𑄈𑄧𑄚𑄴 𑄎𑄨𑄢𑄬 𑄟𑄨𑄉𑄨𑄚𑄨𑄖𑄴 𑄏𑄟𑄴 𑄘𑄨𑄘𑄇𑄴।,.তার পরে কেকদিন ধরে জ্বর চলতেছে
𑄉𑄘𑄨𑄘𑄇𑄴।,"এক জাতী বুনোফল, যা সবজি হিসেবে ব্যবহৃত হ"
𑄃𑄧𑄇𑄴𑄖𑄧 𑄃𑄧𑄇𑄴𑄖𑄧 𑄝𑄢 𑄃𑄘𑄟𑄧𑄖𑄴𑄖𑄪𑄚𑄴𑄠𑄮 𑄛𑄱 𑄍 𑄃𑄬𑄘𑄇𑄴।,অনেক অনেক দূরের গ্রাম থেকে একটা ছেলে এসেছে
𑄎𑄪𑄚𑄪 𑄥𑄨𑄠𑄚𑄧𑄖𑄴 𑄇𑄟𑄴 𑄜𑄉𑄧𑄖𑄴 𑄥𑄧𑄟𑄬𑄘𑄧।,জুনু সেখানে কাজ করতেছে
𑄖𑄢 𑄇𑄣𑄢𑄟𑄴𑄝𑄮𑄃𑄨 𑄖𑄬𑄘𑄮𑄃𑄨 𑄉𑄌𑄴𑄱 𑄉𑄧𑄢𑄖𑄴 𑄝𑄧𑄃𑄨 𑄌𑄬𑄃𑄨 𑄗𑄬𑄘𑄇𑄴 𑄃 𑄣𑄬𑄊𑄛𑄧𑄢 𑄉𑄧𑄛𑄴 𑄟𑄙𑄨𑄘𑄇𑄴।,তারা কালোবোর্ডে তেতো গাছ থেকে বই পে বসে আছে
𑄇𑄣𑄢𑄟𑄴𑄝𑄮𑄃𑄨 𑄖𑄢𑄢𑄴 𑄞𑄢𑄨 𑄥𑄧𑄁 𑄛𑄧𑄢𑄛𑄧𑄢𑄨।,কালারামোা তাদের অনেক ঘনিষ্ট
𑄘𑄨𑄎𑄧𑄚𑄬 𑄃𑄬𑄢𑄃𑄬𑄢𑄨 𑄦𑄮𑄃𑄨 𑄚𑄧 𑄛𑄢𑄴𑄗𑄇𑄴।,দুইজন একসাথে থাকতে পারে না
𑄃𑄘𑄟𑄧 𑄘𑄧𑄊𑄨𑄚𑄴 𑄟𑄮𑄇𑄳𑄠 𑄉𑄧𑄢𑄨 𑄃𑄬𑄣𑄧 𑄃𑄬𑄇𑄴 𑄓𑄋𑄧𑄢𑄴 𑄝𑄨𑄣𑄴।,গ্রামের পাশ দিে এক ব বিল
𑄔𑄧𑄣𑄴 𑄃𑄬𑄎𑄣𑄠𑄴 𑄞𑄧𑄢।,পানি উপচে পা
𑄞𑄘𑄧 𑄃 𑄃𑄏𑄨𑄚𑄴 𑄟𑄥𑄴 𑄝𑄧𑄌𑄴𑄌𑄨 𑄣𑄮𑄃𑄨 𑄟𑄌𑄴 𑄛 𑄡𑄬𑄘𑄧।,ব্যাঙের মতো দেখতে এক জাতী মাছ পাওা যাচ্ছে
𑄝𑄨𑄣𑄧 𑄛𑄢𑄬 𑄛𑄢𑄬 𑄇𑄬𑄥𑄳𑄠 𑄝𑄧𑄚𑄴।,বিল পার হওা বা পারা যা না
𑄞𑄘𑄧 𑄃𑄏𑄨𑄚𑄴 𑄟𑄥𑄴 𑄇𑄬𑄥𑄳𑄠𑄜𑄪𑄣𑄴 𑄜𑄪𑄘𑄨 𑄙𑄪𑄝𑄴 𑄦𑄧𑄘𑄧 𑄝𑄨𑄣𑄧 𑄛𑄢𑄴।,বাঁশের আচের ফুল ফুটে নষ্ট হে যা
𑄌𑄘𑄬 𑄡𑄧𑄘𑄧𑄛𑄧𑄘𑄬 𑄉𑄧𑄟𑄴 𑄣𑄉𑄨𑄘𑄧।,চাঁদটা যখন তখন ভালো লাগে
𑄎𑄢𑄴𑄇𑄣𑄳𑄠 𑄇𑄬𑄌𑄳𑄠𑄝𑄧𑄚𑄧 𑄍𑄬𑄢𑄬 𑄍𑄬𑄢𑄬 𑄛𑄧𑄣𑄛𑄧𑄣𑄨 𑄈𑄢 𑄦𑄧𑄘𑄬 𑄞𑄢𑄨 𑄉𑄧𑄟𑄴 𑄣𑄉𑄨𑄘𑄧।,শীতকালে কেকটা কাপ পার জন্য অনেক ভালো লাগে
𑄎𑄪𑄚𑄪𑄣𑄮𑄃𑄨 𑄇𑄣𑄢𑄟𑄬 𑄥𑄳𑄠𑄬 𑄇𑄬𑄌𑄳𑄠𑄝𑄧𑄚𑄧 𑄍𑄬𑄢𑄬 𑄍𑄬𑄢𑄬 𑄝𑄬𑄢𑄬𑄘𑄇𑄴।,জোনাকির আলো আঁধারিে ঘুরে বোচ্ছে
𑄦𑄢𑄨𑄇𑄪𑄢𑄨𑄝𑄱 𑄓𑄉𑄨 𑄓𑄉𑄨 𑄃𑄪𑄢𑄨 𑄡𑄬𑄘𑄧।,.পাখিটা লাফিে লাফিে যাচ্ছে
𑄎𑄪𑄚𑄪𑄖𑄴𑄖𑄪𑄚𑄴 𑄞𑄢𑄨 𑄉𑄧𑄟𑄴 𑄣𑄉𑄨𑄘𑄧।,শীতকালটা খুব ভালো লাগে
𑄃𑄧𑄇𑄴𑄖𑄧 𑄃𑄧𑄇𑄴𑄖𑄧 𑄝𑄘𑄮𑄃𑄨 𑄙𑄝𑄙𑄝 𑄣𑄪𑄉𑄬 𑄡𑄬𑄘𑄇𑄴 𑄇𑄬𑄥𑄳𑄠 𑄝𑄧𑄚𑄧 𑄍𑄬𑄢𑄬 ।,.অতিরিক্ত বাঁশে দৌাদৌি করে অনেক বন কেটে গেছে।
𑄝𑄨𑄣𑄧𑄖𑄴 𑄝𑄧𑄉 𑄃 𑄓𑄮𑄇𑄴 𑄌𑄧𑄖𑄴𑄗𑄇𑄴।,বিলে বগা এক জাতী পাখি
𑄓𑄮𑄉𑄮𑄢𑄴 𑄃𑄬𑄎𑄬𑄣 𑄍𑄬𑄢𑄬 𑄍𑄬𑄢𑄬 𑄛𑄧𑄣𑄬𑄃𑄨 𑄡𑄚𑄠𑄚𑄴 𑄌𑄘𑄬 𑄎𑄪𑄚𑄪𑄢𑄴 𑄃 𑄇𑄣𑄢𑄟𑄧𑄢𑄴 𑄡𑄧𑄘𑄧𑄛𑄧𑄘𑄬 𑄉𑄧𑄟𑄴 𑄣𑄉𑄨𑄘𑄧।,ডোরাকাটা এদেশ থেকে চলে যাওার সম কালোজাদু করতে ভালো লাগে
𑄝𑄨𑄣𑄧 𑄛𑄢𑄧 𑄇𑄬𑄥𑄳𑄠 𑄝𑄧𑄚𑄧 𑄍𑄬𑄢𑄬 𑄍𑄬𑄢𑄬 𑄥𑄨𑄠𑄬𑄣𑄧 𑄊𑄪 𑄃 𑄇𑄪𑄢𑄧 𑄜𑄮𑄢𑄴।,বিল পাের জঙ্গল থেকে বের হে আসা একটি কুকুর ঘেউ ঘেউ করছে।
𑄉𑄧𑄟𑄬 𑄌𑄬𑄣𑄬 𑄟𑄳𑄦𑄬𑄖𑄴 𑄛 𑄡𑄬𑄘𑄧 - 𑄇𑄪𑄖𑄴𑄖𑄪𑄚𑄴 𑄇𑄪𑄖𑄴𑄖𑄪𑄚𑄴 𑄇𑄪𑄢𑄮 𑄙𑄧𑄢𑄨 𑄃𑄚𑄨 𑄥𑄨𑄠𑄬𑄣𑄴𑄠𑄪𑄚𑄬 𑄇𑄪𑄢𑄮 𑄈𑄬𑄘𑄇𑄴𑄇𑄨।,ভালোভাবে দেখলে মাংস পাওা যা - কোথা কোথা মুরগি ধরে এনে সেগুলো খাওা হ
"𑄍𑄉𑄧𑄣𑄴, 𑄥𑄪𑄉𑄮𑄢𑄴 𑄍𑄧-𑄠𑄮 𑄝𑄖𑄴 𑄚𑄧 𑄛𑄧𑄖𑄴𑄗𑄇𑄴।","ছাগল, শুকরের ছেও পথঘাট নাই"
𑄃𑄬𑄇𑄴𑄇 𑄥𑄌𑄴 𑄣𑄟𑄨𑄣𑄬 𑄥𑄨𑄠𑄬𑄣𑄴 𑄘𑄧𑄧𑄉𑄧𑄢𑄨𑄘𑄇𑄴 𑄇𑄬𑄥𑄳𑄠 𑄝𑄧𑄚𑄧 𑄍𑄬𑄢𑄬 𑄍𑄬𑄢𑄬 ।,একটু সাা দিলে জঙ্গলটা চলে যা
𑄘𑄨𑄚𑄴 𑄃𑄬𑄣𑄬 𑄇𑄪𑄙𑄪 𑄡𑄬 𑄥𑄨𑄠𑄣𑄴𑄠𑄪𑄚𑄴 𑄣𑄪𑄇𑄴 𑄘𑄮𑄚𑄴 𑄇𑄬𑄠𑄧𑄃𑄨 𑄈𑄧𑄝𑄧𑄢𑄴 𑄚𑄧 𑄛𑄚𑄴।,দিন আসলে কোথা যে সেগুলো লুকিে দে কে জানে
𑄃𑄘𑄟𑄧𑄢𑄴 𑄞𑄨𑄘𑄨𑄢𑄬 𑄉𑄧𑄢𑄨 𑄛𑄧𑄏𑄨𑄟𑄴 𑄟𑄧𑄇𑄳𑄠 𑄛𑄧𑄗𑄴 ।,গ্রামের মধ্যে দিে পবো আমার পথ
𑄇𑄧𑄖𑄴𑄘𑄪𑄢𑄴 𑄉𑄬𑄣𑄬 𑄇𑄪𑄟𑄴𑄛𑄧𑄚𑄨 𑄛𑄧𑄗𑄴 ।,কত দূর যাওা যা
𑄃𑄢𑄧 𑄇𑄧𑄖𑄴𑄘𑄪𑄢𑄴 𑄉𑄬𑄣𑄬 𑄏𑄢𑄴 𑄃 𑄍𑄢 𑄣𑄋𑄬𑄣𑄴।,আরও কিছুক্ষণ গেলে জঙ্গল থেকে বের হে আসা যা
𑄟𑄮𑄌𑄴 𑄉𑄧𑄢𑄪 𑄝𑄟𑄴।,এক জাতী গরু
"𑄍𑄨𑄉𑄮𑄚𑄴 𑄍𑄨𑄉𑄮𑄚𑄴 𑄉𑄌𑄴, 𑄣𑄪𑄘𑄨𑄠𑄬 𑄞𑄧𑄢।","ছিঁা ছিঁা গাছ, লুরিে ভরা"
𑄉𑄃𑄨 𑄉𑄃𑄨 𑄝𑄬𑄢𑄬𑄣𑄬 𑄇𑄨𑄃𑄨𑄠𑄳𑄠𑄖𑄴 𑄎𑄢𑄴𑄇𑄘 𑄃𑄪𑄙𑄬।,একা একা ঘুরে বো
"𑄞𑄘𑄨𑄉𑄌𑄴, 𑄎𑄟𑄴𑄉𑄌𑄴, 𑄇𑄟𑄬𑄢𑄬𑄁𑄉𑄌𑄴, 𑄃𑄪𑄘𑄮𑄣𑄴, 𑄇𑄧𑄢𑄧𑄃𑄨, 𑄉𑄟𑄢𑄨 𑄃 𑄚𑄚 𑄝𑄝𑄧𑄖𑄳𑄠 𑄉𑄌𑄴।","ভাদি গাছ, জামের গাছ,উাল,করই,গামারি প্রভৃতির এক জাতী গাছ"
𑄉𑄧𑄢𑄪 𑄌𑄧𑄢𑄬𑄠𑄬 𑄉𑄧𑄢𑄪 𑄌𑄧𑄢𑄬𑄘𑄇𑄴 𑄃 𑄉𑄏𑄧 𑄃𑄪𑄉𑄪𑄢𑄬 𑄝𑄮𑄃𑄨 𑄝𑄏𑄨 𑄝𑄬𑄘𑄇𑄴।,গরু চরিে গরু চরিে বোর শব্দ
𑄟𑄧𑄉𑄧 𑄛𑄨𑄖𑄴𑄖𑄪𑄁 𑄃 𑄛𑄬𑄢𑄬𑄎𑄁 𑄛𑄉𑄨𑄣𑄬 𑄛𑄬𑄃𑄨𑄇𑄴𑄇𑄪𑄚𑄧𑄢𑄴 𑄡𑄬𑄚𑄬 𑄟𑄬𑄣 𑄝𑄧𑄏𑄬।,.মের পেটটা ব্যাথা করলে সবাই যেন চলে
𑄎𑄪𑄚𑄪 𑄃 𑄇𑄣𑄢𑄟𑄬 𑄃𑄧𑄇𑄴𑄖𑄧 𑄃𑄧𑄇𑄴𑄖𑄧 𑄥𑄧𑄟𑄎𑄳𑄠 𑄟𑄨𑄣𑄨𑄚𑄬 𑄝𑄬𑄢 𑄡𑄬𑄘𑄇𑄴 ।,জুনু ও কালারা অনেক অনেক গ্রামে ঘুরে বো
𑄣𑄋𑄬𑄣𑄬 𑄣𑄋𑄬𑄣𑄬 𑄝𑄬𑄢𑄬𑄘𑄇𑄴 𑄃 𑄃𑄧𑄎𑄧𑄣𑄴 𑄉𑄏𑄧𑄖𑄴 𑄃𑄪𑄙𑄨 𑄌𑄬𑄢𑄮 𑄇𑄬𑄃𑄨𑄖𑄴 𑄢𑄨𑄚𑄨 𑄌𑄬𑄃𑄨 𑄌𑄬𑄃𑄨 𑄇𑄧𑄙𑄇𑄴 𑄃𑄟 𑄎𑄉𑄠𑄚𑄴 𑄃𑄬𑄘𑄧𑄇𑄴 𑄘𑄮𑄣𑄴।,পাহাে পাহাে ঘুরে ঘুরে কথা বলে আমাদের জাগাটা অনেক সুন্দর
𑄘𑄪𑄢𑄮𑄖𑄴 𑄉𑄧𑄢𑄪𑄠𑄪𑄚𑄧𑄢𑄴 𑄊𑄧𑄚𑄴𑄘𑄨 𑄢𑄧 𑄥𑄧𑄣 𑄥𑄧𑄣 𑄉𑄧𑄢𑄨 𑄥𑄪𑄚𑄧 𑄡𑄬𑄘𑄧।,.দূরে গরুর ঘিটা সলাপরামর্শ করে শোনা যা
𑄝𑄏𑄨 𑄢𑄧।,বাশেঁর গোা
𑄉𑄧𑄢𑄪 𑄍𑄧𑄢𑄴𑄟𑄠𑄪𑄚𑄧𑄢𑄴 𑄍𑄧𑄝𑄮𑄢𑄬 𑄓𑄉𑄨 𑄓𑄉𑄨 𑄥𑄳𑄦𑄢𑄴 𑄘𑄨𑄘𑄇𑄴।,গরুর চওা ছিে সা দিচ্ছে
𑄟𑄪𑄢𑄮 𑄛𑄢𑄧𑄖𑄴 𑄞𑄪𑄃𑄨𑄠𑄮 𑄣𑄬𑄎𑄖𑄴 𑄛𑄚𑄨 𑄇𑄪𑄠।,পাহাের পাের পানি কুা
𑄇𑄧𑄣 𑄛𑄘𑄣𑄮𑄃𑄨 𑄛𑄚𑄨 𑄈𑄘𑄬 𑄎𑄪𑄚𑄪𑄖𑄴𑄖𑄪𑄚𑄴 𑄡𑄧𑄘𑄧𑄛𑄧𑄘𑄬 𑄉𑄧𑄟𑄴 𑄣𑄉𑄨𑄘𑄧।,কলা পাতা দিে পানি খেতে খেতে অনেক ভালো লাগে
"𑄛𑄬𑄢𑄬𑄎𑄁 𑄃𑄧𑄇𑄴𑄖𑄧𑄖𑄴 𑄛𑄬𑄢𑄬𑄎𑄁, 𑄟𑄧𑄉𑄧 𑄛𑄨𑄖𑄴𑄖𑄪𑄁 𑄉𑄏𑄧𑄖𑄴 𑄍𑄧𑄚, 𑄟𑄧𑄚 𑄢𑄧 𑄇𑄚𑄧𑄖𑄴 𑄃𑄟𑄨𑄎𑄬𑄃𑄨 𑄊𑄪𑄢𑄴 𑄛𑄇𑄴 𑄈𑄬𑄘𑄧।","পাহাে পাহাে যাওা, মগের পাহাে চা"
𑄛𑄬𑄎𑄬𑄢 𑄍𑄬𑄢𑄬 𑄍𑄬𑄢𑄬 𑄙𑄧𑄛𑄴𑄙𑄧𑄛𑄳𑄠 𑄛𑄧𑄗𑄴 ।,পাহাের পাশ দিে ধপধপে পথ
𑄃𑄬𑄇𑄴 𑄟𑄪𑄢𑄮 𑄍𑄨𑄢𑄨 𑄃𑄢𑄧 𑄃𑄬𑄇𑄴 𑄟𑄪𑄢𑄮𑄖𑄴 𑄥𑄪𑄘𑄧𑄚𑄣𑄧 𑄥𑄚𑄴 𑄑𑄚।,এক পাের শিরা আর এক পাে সুঁচালো স্যাঁতসেঁতে করা
𑄘𑄪𑄢𑄴 𑄃𑄢𑄧 𑄘𑄪𑄢𑄴 𑄇𑄪𑄙𑄪?,দূর আর দূর কোথা?
𑄗𑄪𑄟𑄴 𑄦𑄪𑄠𑄳𑄠 𑄈𑄧𑄝𑄧𑄢𑄴 𑄚𑄬𑄃𑄨।,শেষ হেছে খবর নাই
𑄝𑄬𑄣𑄳𑄠 𑄟𑄙𑄚𑄴 𑄉𑄧𑄢𑄪 𑄌𑄧𑄢𑄬𑄠𑄳𑄠 𑄣𑄧𑄉𑄬 𑄜𑄨𑄢𑄨 𑄃𑄬𑄘𑄇𑄴।,সূর্য ডোবার সম গরু চে আসে
𑄟𑄪𑄎𑄪𑄋𑄬 𑄉𑄧𑄢𑄪𑄠𑄪𑄚𑄴 𑄊𑄧𑄚𑄴𑄘𑄨 𑄓𑄧𑄉𑄧𑄢𑄬𑄃𑄨 𑄊𑄌𑄴 𑄈𑄬𑄃𑄨 𑄈𑄬𑄃𑄨 𑄜𑄨𑄖𑄴𑄗𑄇𑄴 𑄃 𑄛𑄧𑄙𑄧𑄖𑄴 𑄊𑄌𑄴 𑄜𑄬𑄣𑄬 𑄈𑄬𑄃𑄨 𑄚𑄨𑄘𑄇𑄴।,পাহাের গরুগুলো ঘিে ঘিে ঘাই খেে চলে যা
𑄎𑄪𑄚𑄪𑄖𑄴𑄖𑄪𑄚𑄴 𑄥𑄨𑄠𑄚𑄴 𑄞𑄧𑄎𑄚𑄴 𑄉𑄧𑄟𑄴 𑄣𑄉𑄨𑄘𑄧।,শীতকালে সেটা ভালো লাগে
𑄇𑄣𑄢𑄟𑄬 𑄇𑄧𑄙𑄧 𑄃𑄬𑄌𑄳𑄠 𑄈𑄟𑄇𑄴𑄇𑄃𑄨 𑄟𑄖𑄴𑄖𑄪𑄚𑄴 𑄃𑄧𑄉𑄧𑄙 𑄈𑄬𑄃𑄨𑄟𑄴𑄝𑄮𑄃𑄨।,কালারামে কেকবার আমার কাছ থেকে মার খেেছে
𑄎𑄪𑄚𑄪𑄠𑄮 𑄇𑄧𑄙𑄧 - 𑄟𑄧𑄢𑄴𑄠𑄮 𑄟𑄧𑄇𑄴𑄉𑄧𑄣𑄴 𑄈𑄟𑄇𑄴𑄇𑄃𑄨!,জোনাকির কথা -আমারও তো মলা আছে
𑄎𑄬𑄢𑄬 𑄇𑄧𑄙𑄧 𑄃𑄢𑄧 𑄞𑄬𑄃𑄨 𑄇𑄧𑄟𑄧𑄣𑄬 𑄃𑄬𑄝𑄧𑄁 !,.তরকারি আর বোই কম হলে আর কী!
𑄇𑄣𑄢𑄟𑄬 𑄇𑄧𑄙𑄧 𑄃𑄨𑄌𑄴𑄇𑄪𑄣𑄴 𑄝𑄧𑄚𑄴𑄘𑄧 𑄦𑄮𑄇𑄴 𑄚𑄧𑄠𑄴 𑄛𑄧𑄢𑄨𑄇𑄴𑄈𑄬 𑄃𑄉𑄬 𑄡𑄮𑄇𑄴।,কালোরা কেকটা স্কুল বন্ধ হ না
𑄟𑄨𑄉𑄨𑄚𑄨𑄖𑄴 𑄃𑄬𑄣𑄇𑄴 𑄒𑄧𑄘 𑄥𑄧𑄁 𑄥𑄧𑄁 𑄟𑄮𑄢𑄴।,মিইনি নদীর উৎসস্থল
𑄝𑄬𑄚𑄳𑄠 𑄝𑄬𑄣𑄳𑄠 𑄟𑄌𑄴 𑄖𑄮𑄉𑄬𑄣𑄬 𑄛𑄬𑄘𑄧।,বিাল বিাল মাছ রান্না করতেছে
𑄉𑄪𑄖𑄳𑄠 𑄎𑄧𑄉 𑄉𑄪𑄣𑄴𑄌𑄧 𑄟𑄌𑄴।,এক জাতী মাছ
𑄟𑄚𑄴𑄎𑄳𑄠𑄬 𑄟𑄮𑄢𑄧𑄋𑄧𑄖𑄴 𑄓𑄪𑄝𑄨 𑄓𑄪𑄝𑄨 𑄟𑄌𑄴 𑄖𑄮𑄉𑄬𑄘𑄇𑄴।,মাছ ধরার চাঁই দিে মাছ ধরছে
𑄟𑄨𑄉𑄨𑄚𑄨 𑄛𑄪𑄉𑄧 𑄛𑄢𑄧𑄖𑄴 𑄃𑄬𑄣𑄧 𑄇𑄬𑄥𑄳𑄠 𑄝𑄧𑄚𑄴।,মিইনি নদীর পাে এসেছে কেসা
𑄥𑄧𑄝𑄥𑄣𑄴 𑄃 𑄛𑄱𑄇𑄧𑄝।,এক জাতী বুনো ফল
𑄓𑄧𑄢𑄬 𑄟𑄚𑄴𑄎𑄳𑄠𑄬 𑄇𑄧𑄟𑄴 𑄡𑄬𑄘𑄇𑄴 𑄥𑄬 𑄟𑄧𑄇𑄳𑄠।,বিপদ ঘটিে কত যে মলা
𑄈𑄉𑄢 𑄓𑄪𑄝𑄧 𑄥𑄬𑄢𑄬 𑄥𑄬𑄢𑄬 𑄛𑄬𑄉𑄮 𑄝𑄳𑄦।,"এক জাতী বুনোফল, যা পানিতে পে গেছে"
𑄛𑄢𑄧 𑄇𑄃𑄨𑄇𑄪𑄢𑄬𑄘𑄨 𑄉𑄧𑄢𑄨 𑄃𑄬𑄣𑄧 𑄖𑄢 𑄝𑄧𑄚𑄴।,তারা দুইজন মিলে আসলো
𑄖𑄢𑄝𑄧𑄚𑄧 𑄣𑄧𑄉𑄬 𑄇𑄪𑄟𑄴𑄝𑄮𑄇𑄴।,.তারাবন সাথে কুমা
𑄞𑄢𑄨 𑄉𑄧𑄞𑄨𑄚𑄴 𑄇𑄪𑄟𑄴𑄝𑄮𑄇𑄴।,ভারী কেকটা কুমা
𑄇𑄣 𑄖 𑄛𑄚𑄨।,কালো তার পানি
𑄉𑄪𑄢𑄮𑄠𑄪𑄚𑄬 𑄇𑄪𑄟𑄴𑄝𑄮𑄉𑄧 𑄛𑄚𑄨𑄖𑄴 𑄣𑄟𑄨𑄘𑄇𑄴 𑄓𑄧𑄢𑄚𑄴।,বাচ্চারা কুমার পানিতে সাঁতার কাটছে
𑄞𑄬𑄃𑄨𑄘𑄮 𑄇𑄧𑄚𑄴 𑄞𑄪𑄖𑄴 𑄃𑄊𑄧𑄚𑄴।,ভো কোন ভূত আছে
"𑄇𑄪𑄟𑄴𑄝𑄮𑄇𑄴𑄱 𑄃𑄪𑄖𑄴𑄖𑄬𑄢𑄬𑄘𑄨 𑄥𑄨𑄃𑄟 𑄉𑄌𑄴, 𑄎𑄢𑄪𑄣𑄴 𑄉𑄌𑄴, 𑄥𑄢𑄴𑄝𑄱 𑄉𑄌𑄴।","এক জাতী গাছ, জারুল গাছ, সোর গাছ"
𑄘𑄬𑄝𑄧𑄚𑄳𑄠 𑄛𑄚𑄨 𑄡𑄬𑄚𑄬 𑄚𑄧 𑄣𑄧𑄢𑄬।,দেবনা পানি সহজে নো যা না
𑄘𑄪𑄢𑄮𑄖𑄴𑄪𑄚𑄴 𑄉𑄏𑄧 𑄍𑄝 𑄛𑄚𑄨𑄖𑄴 𑄝𑄬𑄋𑄇𑄧𑄋 𑄦𑄮𑄃𑄨 𑄣𑄧𑄢𑄨 𑄡𑄘𑄬 𑄘𑄬𑄊 𑄡𑄬𑄘𑄧।,দূরের গাছের ছাা পানিতে ভেসে যা
𑄟𑄌𑄴 𑄞𑄏𑄨 𑄃𑄪𑄙𑄨𑄘𑄇𑄴 ।,মাছ ধরার চাঁই
𑄛𑄧𑄏𑄨𑄟𑄬𑄘𑄨 𑄉𑄧𑄢𑄨 𑄃𑄬𑄣𑄧 𑄃𑄬𑄇𑄴 𑄝𑄧𑄢𑄧𑄃𑄨 𑄉𑄌𑄴।,এক বরই গাছ
𑄝𑄧𑄢𑄧𑄃𑄨𑄠𑄮 𑄃𑄧𑄇𑄴𑄖𑄧𑄖𑄴 𑄇𑄣𑄢𑄟𑄴𑄝𑄮𑄃𑄨 𑄎𑄪𑄚𑄪 𑄥𑄳𑄠𑄬 𑄉𑄌𑄴𑄱𑄖𑄴𑄖𑄪𑄚𑄴 𑄝𑄧𑄢𑄧𑄃𑄨 𑄈 𑄡𑄬𑄘𑄇𑄴।,.বর্ষা মাসের সমে কালো রঙের বুনো গাছ গুলো বরই খা
𑄘𑄬𑄝𑄝𑄮𑄖𑄴 𑄛𑄚𑄨 𑄇𑄧𑄟𑄴 𑄦𑄧𑄘𑄧 𑄥𑄬𑄇𑄴𑄇𑄬।,বজ্রপাতে পানি কম হ এখন
𑄃𑄬𑄇𑄴𑄝𑄢𑄴 𑄎𑄪𑄚𑄪𑄣𑄮𑄃𑄨 𑄇𑄣𑄢𑄟𑄬 𑄝𑄧𑄢𑄧𑄃𑄨 𑄈 𑄉𑄬𑄣𑄇𑄴।,এক জাগা কালোরা বরই খাছে
𑄌𑄚𑄴𑄘𑄬 𑄘𑄬𑄝𑄝𑄮𑄖𑄴 𑄛𑄚𑄨 𑄇𑄧𑄟𑄴।,চাঁদিে পানি কম
𑄇𑄣 𑄛𑄚𑄨।,কালো পানি
𑄎𑄪𑄚𑄪 𑄇𑄣𑄢𑄟𑄧𑄢𑄬 𑄇𑄧𑄠𑄴𑄘𑄬 𑄃 𑄛𑄚𑄨𑄠𑄚𑄴𑄘𑄧 𑄗𑄧𑄇𑄴 𑄛𑄬𑄝𑄧।,জুনু কালোকে বলে এই পানিটা রাখতে হবে
𑄇𑄣!,কালো
𑄇𑄣𑄢𑄟𑄬 𑄇𑄧𑄠𑄴𑄘𑄬 𑄓𑄧𑄢𑄁।,এক জাতী ব সাপ
𑄇𑄨 𑄓𑄧𑄢𑄥𑄳𑄠!,কি আতঙ্ক!
𑄡𑄬𑄃𑄨 𑄣𑄟𑄨 𑄌𑄬𑄃𑄨 - 𑄎𑄪𑄚𑄪 𑄇𑄧𑄣𑄧।,যে পাখানা করে-জুম্ম কল
𑄇𑄣𑄢𑄟𑄬 𑄇𑄧𑄣𑄧 - 𑄖𑄪𑄃𑄨 𑄟𑄚𑄴𑄎𑄳𑄠𑄬 𑄚𑄧 𑄣𑄟𑄧𑄚𑄴𑄘𑄬 𑄈𑄧𑄝𑄧𑄢𑄴 𑄚𑄧 𑄛𑄌𑄴 𑄚𑄳𑄠𑄬!,কালারা কল - তোমরা গ্রাম থেকে খবর পাও না!
𑄎𑄪𑄚𑄪 𑄇𑄧𑄣𑄧 - 𑄘𑄪𑄢𑄴।,জোনাকির আলো আঁধারি
𑄇𑄣𑄢𑄟𑄬 𑄇𑄧𑄣𑄧 - 𑄖𑄪𑄃𑄨 𑄃𑄉𑄬 𑄣𑄟𑄴।,কালারামকে কল দাও তুমি আগে যাও
𑄖𑄪𑄃𑄨 𑄣𑄟𑄨𑄣𑄬 𑄟𑄪𑄃𑄨𑄠𑄮 𑄣𑄟𑄨𑄟𑄴।,তুমি বের হলে আমিও বের হবো
𑄎𑄪𑄚𑄪 𑄛𑄚𑄨𑄖𑄴 𑄣𑄟𑄨𑄣𑄧।,জুনু পানিতে পলো
𑄌𑄠𑄴𑄘𑄬 𑄝𑄬𑄌𑄴 𑄚𑄧 𑄦𑄧𑄠𑄴।,চামা বেশি হ না
𑄖𑄢𑄬 𑄘𑄬𑄃𑄨𑄚𑄬 𑄇𑄣𑄢𑄟𑄬𑄠𑄮 𑄣𑄟𑄨𑄣𑄧।,তাকে দেখে কালারামও নামল
𑄇𑄧𑄖𑄴𑄘𑄪𑄢𑄴 𑄡𑄬𑄃𑄨𑄚𑄬 𑄇𑄣𑄢𑄟𑄬 𑄈𑄧𑄘 𑄎𑄮𑄉𑄢𑄴 𑄛𑄢𑄨 𑄃𑄪𑄙𑄨𑄣𑄧 - 𑄃𑄨𑄝𑄬 𑄇𑄨!,কতদুর যে কালোজাদু পারে উঠতে পারে -এখন কী!
𑄃𑄨𑄝𑄬 𑄇𑄨 !,এই কি!
𑄇𑄪𑄙𑄪?,কোথা
𑄃𑄨𑄠𑄮 𑄛𑄚𑄨 𑄟𑄪𑄢𑄮𑄖𑄴।,এই পানির পাে
𑄘𑄬𑄃𑄨𑄚𑄴 𑄒𑄬𑄋𑄧 𑄇𑄪𑄢𑄬।,ডান হাতের কাছে
𑄇𑄣𑄢𑄟𑄧 𑄇𑄧𑄙 𑄥𑄪𑄚𑄨 𑄙𑄝𑄙𑄝 𑄃𑄬𑄃𑄨 𑄛𑄚𑄨𑄖𑄴 𑄝𑄨𑄎𑄨𑄢𑄬𑄃𑄨 𑄌𑄬𑄣𑄧।,কালারাম কথা শুনে এই পানিতে ডুবে গেল
𑄌𑄠𑄴 𑄘𑄬 𑄓𑄬𑄃𑄨𑄚𑄴 𑄒𑄬𑄋𑄧 𑄇𑄪𑄢𑄬 𑄇𑄨 𑄡𑄬𑄚𑄬 𑄣𑄧𑄢𑄨𑄌𑄧𑄢𑄨 𑄃𑄪𑄙𑄬𑄢𑄴।,চাা দোর পাশে কি যেন দৌাদৌি উঠছে
𑄟𑄌𑄴 𑄦𑄧𑄝𑄧 𑄇𑄨𑄠𑄬𑄌𑄴 𑄉𑄧𑄢𑄨 𑄇𑄧𑄟𑄧𑄢𑄧𑄖𑄴 𑄝𑄚𑄳𑄠 𑄇𑄝𑄧𑄢𑄴𑄠𑄚𑄴𑄘𑄮𑄃𑄨 𑄘𑄨𑄠𑄚𑄴 𑄦𑄖𑄳𑄠𑄬 𑄌𑄨𑄝𑄨 𑄙𑄧𑄢𑄨 𑄛𑄢𑄧𑄖𑄴 𑄃𑄚𑄨 𑄌𑄬𑄣𑄇𑄴𑄇𑄨 ।,মাছ হওার সম বাঁশের কাপ দিে দুই হাত দিে চিবিে ধরা যা
𑄌𑄚𑄴𑄘𑄬 𑄘𑄪𑄢𑄴 𑄍𑄧।,সূর্য ডোবার সম
𑄘𑄨𑄎𑄧𑄚𑄬 𑄇𑄇𑄴𑄈𑄧𑄚𑄴 𑄦𑄏𑄨𑄣𑄇𑄴।,দুইজনে খিলখিল করে হাসছে
𑄇𑄣𑄢𑄟𑄬 𑄇𑄧𑄣𑄧 - 𑄟𑄪𑄃𑄨 𑄘𑄧 𑄓𑄧𑄢𑄬 𑄃𑄙𑄟𑄧𑄢।,কালারামে কল-আমি তো ভীতু
𑄎𑄪𑄚𑄪 𑄇𑄧𑄣𑄧 - 𑄇𑄨𑄠!,জোনাকির কল কি!
𑄇𑄣𑄢𑄟𑄬 𑄚𑄧 𑄟𑄙𑄨 𑄢𑄧𑄣𑄧।,কালারামে পাহাের মাটি রেছে
𑄎𑄪𑄚𑄪 𑄇𑄧𑄣𑄧 - 𑄃𑄳𑄦𑄧!,জোনাকির কল -হ্যাঁ!
𑄞𑄪𑄑𑄴 𑄝𑄨𑄣𑄨 𑄓𑄧𑄢𑄬𑄠𑄧𑄥𑄳𑄠।,ভূমিকম্প হেছে
𑄇𑄣𑄢𑄟𑄬 𑄇𑄧𑄣𑄧 - 𑄃𑄳𑄦 𑄚𑄧 𑄓𑄧𑄢𑄬𑄟𑄴 𑄥𑄣𑄬।,কালারামে কল-ও সহ্য করতে পারবো না
𑄎𑄪𑄚𑄪 𑄇𑄧𑄣𑄧 - 𑄣𑄬𑄊𑄛𑄧𑄢 𑄛𑄧𑄢𑄧𑄢𑄴 𑄞𑄪𑄖𑄴 𑄝𑄨𑄌𑄴𑄥𑄬𑄌𑄴 𑄡𑄌𑄴𑄥𑄬 𑄃𑄃𑄨।,জুনু কল-লেখার পর ভূত দেখা দিতেছে
𑄇𑄣𑄢𑄟𑄬 𑄇𑄧𑄣𑄧 𑄟𑄚𑄴𑄎𑄳𑄠𑄬 𑄡𑄬 𑄇𑄧𑄚𑄴!,কালারা কলমাা যে বলে
𑄎𑄪𑄚𑄪 𑄇𑄧𑄣𑄧 - 𑄟𑄚𑄴𑄎𑄳𑄠𑄬 𑄇𑄧𑄚𑄴 𑄝𑄨𑄣𑄨 𑄖𑄪𑄃𑄨।,জুনিে কল দিে মেে তুমি
𑄘𑄨𑄎𑄧𑄚𑄬 𑄇𑄇𑄴𑄈𑄧𑄚𑄴 𑄇𑄧𑄙 𑄏𑄢𑄏𑄢𑄨 𑄉𑄧𑄢𑄴𑄣𑄇𑄴।,দুইজনে কথা বলতেছে
𑄎𑄬𑄢𑄬 𑄘𑄪𑄢𑄴 𑄍𑄧-𑄝𑄮𑄢𑄬 𑄛𑄚𑄨𑄖𑄴 𑄃𑄨𑄢𑄨 𑄘𑄨 𑄟𑄨𑄉𑄨𑄚𑄨𑄖𑄴 𑄣𑄟𑄨𑄣𑄇𑄴।,মেেটাকে পানিতে পে দুইজনে নামল
𑄌𑄚𑄴𑄘𑄬 𑄉𑄧𑄘 𑄛𑄬𑄇𑄴𑄜𑄪𑄖𑄴।,সূর্য ডোবার সম
𑄚𑄧 𑄉𑄘𑄨𑄣𑄬 𑄚𑄧 𑄦𑄧𑄝𑄧।,নাচা করলে হবে না
𑄇𑄝𑄧𑄢𑄴𑄌𑄪𑄝𑄧𑄢𑄴 𑄙𑄮𑄃𑄨 𑄇𑄇𑄴𑄈𑄧𑄚𑄴 𑄉𑄘𑄨𑄣𑄇𑄴।,কাপের ধোঁা দিে এক জাতী গাি
𑄇𑄝𑄧𑄢𑄴𑄠𑄚𑄨 𑄈𑄬𑄢𑄧𑄖𑄴 𑄢𑄮𑄘𑄮𑄖𑄴 𑄘𑄨𑄃𑄨 𑄇𑄖𑄴𑄖𑄧𑄣𑄴 𑄉𑄏𑄧 𑄖𑄧𑄣𑄬 𑄝𑄮𑄃𑄨 𑄗𑄬𑄣𑄇𑄴।,কাপগুলো খররোদে গাছের নিচে বসে থাকল
𑄇𑄝𑄧𑄢𑄴𑄠𑄚𑄨 𑄥𑄪𑄉𑄧𑄁 𑄥𑄪𑄉𑄧𑄁 𑄦𑄧𑄣𑄬 𑄊𑄧𑄢𑄧𑄖𑄴 𑄣𑄧𑄢𑄴 𑄘𑄨𑄣𑄇𑄴।,কাপগুলো সুন্দর করে হলে বািতে নিে গেল
𑄝𑄢𑄨𑄎𑄬 𑄉𑄬𑄣𑄬𑄉𑄮𑄃𑄨 𑄟𑄨𑄉𑄨𑄚𑄨𑄖𑄴 𑄛𑄚𑄨 𑄇𑄧𑄟𑄴 𑄦𑄧𑄘𑄧।,বর্ষাকালে পানি কম হ
𑄦𑄘𑄪 𑄥𑄧𑄁।,"পাহাের সংকুলান, /n fluent"
𑄉𑄘𑄨𑄣𑄬 𑄞𑄢𑄨 𑄉𑄧𑄟𑄴 𑄣𑄉𑄨𑄘𑄧।,গািটা খুব ভালো লাগে
𑄉𑄪𑄢𑄮𑄠𑄪𑄚𑄬 𑄎𑄧𑄙 𑄦𑄮𑄃𑄨 𑄟𑄨𑄉𑄨𑄚𑄨𑄖𑄴 𑄉𑄘𑄨𑄘𑄇𑄴।,বাচ্চারা সবসম মিলেমিশে থাকে
𑄃𑄧𑄇𑄴𑄖𑄧 𑄃𑄧𑄇𑄴𑄖𑄧 𑄌𑄧𑄢𑄧𑄖𑄴 𑄛𑄬𑄇𑄴 𑄟𑄬𑄣𑄟𑄬𑄣𑄨 𑄈𑄢 𑄦𑄧𑄘𑄇𑄴।,.অতিরিক্ত বালুচরে কবুতররা খেলা করে।
𑄎𑄪𑄚𑄪𑄢𑄴 𑄥𑄨𑄠𑄚𑄨 𑄉𑄧𑄟𑄴 𑄚𑄧 𑄣𑄉𑄨𑄘𑄧।,জোনাকির সেগুলো ভালো লাগে না
𑄖𑄢 𑄇𑄣𑄢𑄟𑄴𑄝𑄮𑄃𑄨 𑄘𑄨𑄎𑄧𑄚𑄬 𑄉𑄘𑄨𑄘𑄇𑄴।,তারা দুইজনে গািে আছে
𑄉𑄪𑄢𑄮𑄠𑄪𑄚𑄬 𑄎𑄮𑄣𑄴 𑄝𑄬𑄎𑄣𑄬 𑄥𑄨𑄢𑄬 𑄘𑄨𑄘𑄇𑄴।,বাচ্চারা রোদ পোহা
𑄎𑄢𑄴𑄇𑄣𑄳𑄠𑄬 𑄇𑄟𑄳𑄦 𑄛𑄢𑄬 𑄛𑄢𑄬 𑄝𑄣𑄪 𑄛𑄬𑄉𑄬 𑄈𑄪𑄣𑄪𑄁 𑄉𑄧𑄢𑄨 𑄝𑄳𑄦 𑄉𑄧𑄢𑄴𑄗𑄇𑄴।,শীতকালে কাজ করতে পারে না বলে বালু পেগিে কাজ করে
𑄉𑄪𑄢𑄮𑄠𑄪𑄚𑄬 𑄦𑄖𑄴 𑄞𑄧𑄢𑄬𑄃𑄨 𑄞𑄧𑄢𑄬𑄃𑄨 𑄍𑄧 𑄝𑄧𑄘 𑄖𑄮𑄉𑄬𑄘𑄇𑄴।,বাচ্চারা হাত ভর্তি করে ছিেছে
𑄈𑄪𑄣𑄪𑄋𑄧 𑄍𑄬𑄢𑄬 𑄍𑄬𑄢𑄬 𑄥𑄛𑄴 𑄥𑄧𑄟𑄬 𑄗𑄬𑄘𑄇𑄴।,পাহাের পাশে পাহািে থাকা
𑄎𑄪𑄚𑄪𑄣𑄮𑄃𑄨 𑄇𑄣𑄢𑄟𑄬 𑄥𑄬𑄎𑄚𑄴 𑄚𑄧 𑄉𑄧𑄢𑄨𑄝𑄖𑄳𑄠𑄬 𑄃𑄬𑄇𑄴𑄇𑄧𑄎𑄚𑄴 𑄟𑄚 𑄉𑄧𑄢𑄴𑄗𑄇𑄴।,জোনাকির কালোজাদু না লাগিে একটু মানা করে
𑄃𑄬𑄇𑄴𑄉𑄬𑄘 𑄈𑄪𑄣𑄪𑄋𑄧𑄖𑄴𑄪𑄚𑄴 𑄇𑄬𑄟𑄴𑄝𑄮𑄃𑄨 𑄝𑄨𑄚𑄴𑄘𑄬𑄚𑄬 𑄛𑄬𑄉𑄮 𑄍𑄧 𑄃𑄚𑄨𑄝𑄢𑄴 𑄡𑄬𑄃𑄨𑄚𑄬 𑄥𑄝𑄧 𑄓𑄧𑄢𑄬 𑄇𑄟𑄳𑄦𑄖𑄴𑄪𑄚𑄴 𑄛𑄧𑄢𑄨 𑄃𑄬𑄇𑄴𑄎𑄧𑄚𑄬 𑄞𑄧𑄎𑄚𑄴 𑄛𑄨𑄢 𑄛𑄬𑄃𑄨 𑄃𑄙𑄟𑄧𑄢 𑄦𑄧𑄣𑄬 𑄖𑄳𑄠𑄬 𑄇𑄟𑄳𑄦𑄖𑄴 𑄛𑄬𑄉𑄮 𑄍𑄧 𑄖𑄧𑄉𑄚 𑄈𑄬𑄟 𑄘𑄮𑄚𑄴।,.একঘেে কাজ থেকে বের হে আসার সমে দুইজনে একসাথে কাজ করার সম ক্ষমা করে দে
"𑄃𑄏𑄢𑄴 𑄥𑄊𑄮𑄚𑄴 𑄟𑄥𑄴 𑄣𑄪𑄘𑄨, 𑄉𑄌𑄴, 𑄈𑄬𑄢𑄴 𑄦𑄬𑄃𑄨𑄣𑄴 𑄦𑄮𑄃𑄨 𑄡𑄬𑄘𑄧।","এক জাতী শাক, গাছ, খোল হে যা"
"𑄟𑄪𑄢𑄮𑄖𑄴, 𑄣𑄋𑄬𑄣𑄧𑄖𑄴 𑄌𑄬𑄢𑄮 𑄇𑄬𑄃𑄨𑄖𑄴 𑄦𑄬𑄃𑄨𑄣𑄴 𑄃 𑄦𑄬𑄃𑄨𑄣𑄴।","পাহাে, পাহাে চওার সমে চওা শক্ত"
𑄎𑄪𑄚𑄪𑄢𑄴 𑄥𑄨𑄠𑄚𑄴 𑄌𑄘𑄬 𑄡𑄧𑄘𑄧𑄝𑄧𑄘𑄬 𑄉𑄧𑄟𑄴 𑄣𑄉𑄨𑄘𑄧।,.জুার তাাতাি চাঁদটা অনেক ভালো লাগে
"𑄃𑄪𑄘𑄮𑄣𑄴 𑄉𑄏𑄧𑄖𑄴 𑄞𑄧𑄉𑄧𑄘𑄁, 𑄇𑄧𑄢𑄧𑄃𑄨 𑄉𑄏𑄧𑄖𑄴 𑄇𑄬𑄇𑄴𑄱𑄟𑄧𑄢𑄨 𑄃𑄪𑄢𑄨 𑄃𑄪𑄢𑄨 𑄝𑄬𑄢𑄬𑄘𑄇𑄴।","উেল গাছে ভ পাচ্ছি,কেকটা গাছে উঠে ঘুরে বোচ্ছে"
𑄇𑄬𑄇𑄴𑄱𑄟𑄧𑄢𑄨 𑄢𑄋𑄚𑄴 𑄌𑄘𑄬 𑄇𑄨 𑄉𑄧𑄟𑄴 𑄣𑄉𑄨𑄘𑄧।,কেকটা আম লাল দেখে কি ভালো লাগে
𑄦𑄬𑄃𑄨𑄣𑄴 𑄛𑄘 𑄣𑄧𑄉𑄬 𑄟𑄨𑄏𑄨 𑄉𑄬𑄣𑄬 𑄌𑄨𑄚𑄴 𑄚𑄧 𑄛𑄠𑄴 𑄃𑄢𑄴।,ধানের পাতা সাথে মিশিে গেলে চেনা যা না
𑄇𑄧𑄢𑄧𑄃𑄨 𑄇𑄪𑄎𑄨 𑄛𑄘 𑄈𑄘𑄬 𑄖𑄢𑄢𑄬 𑄙𑄧𑄢𑄨 𑄛𑄢 𑄡𑄠𑄴।,কেকটা কচু পাতা দিে তাদেরকে ধরা যা
𑄞𑄧𑄉𑄧𑄘𑄁𑄠𑄪𑄚𑄴 𑄃𑄧𑄎𑄧𑄣𑄴 𑄃𑄧𑄎𑄧𑄣𑄴 𑄃𑄪𑄘𑄮𑄣𑄴 𑄉𑄏𑄧 𑄛𑄘 𑄖𑄧𑄣𑄬 𑄝𑄧𑄏𑄨 𑄝𑄧𑄏𑄨 𑄗𑄚𑄴।,ভে ভে গাছের পাতার নিচে বসে থাকে
𑄙𑄧𑄢𑄨 𑄛𑄚 𑄃𑄊𑄖𑄳𑄠।,ধরে নিয়ে যাওা আঘাত
𑄏𑄧𑄇𑄴 𑄛𑄬𑄣𑄬 𑄃𑄪𑄉𑄪𑄢𑄬𑄖𑄴𑄪𑄚𑄴 𑄃𑄪𑄉𑄪𑄢𑄬 𑄉𑄧𑄢𑄨 𑄃𑄪𑄢𑄨 𑄡𑄚𑄴।,ঝগা পেলে উপর থেকে পে যা
"𑄃𑄘𑄟𑄧𑄢𑄴 𑄉𑄪𑄢𑄮𑄠𑄪𑄚𑄬 𑄃𑄧𑄇𑄴𑄖𑄧 𑄃𑄧𑄇𑄴𑄖𑄧 𑄞𑄧𑄉𑄧𑄘𑄁, 𑄇𑄬𑄇𑄴𑄱𑄟𑄧𑄢𑄨 𑄙𑄧𑄢𑄨 𑄃𑄚𑄨𑄘𑄇𑄴।","গ্রামের বাচ্চারা অনেক বেশি ভ পা,কেরা আমটি ধরে আনে"
𑄥𑄪𑄘𑄮𑄣𑄮𑄃𑄨 𑄝𑄚𑄨 𑄃𑄪𑄢𑄬𑄘𑄇𑄴।,সুতা দিে বোনা সুতা
𑄞𑄢𑄨 𑄃𑄪𑄌𑄴𑄱 𑄦𑄧𑄘𑄧।,খুব উস্কুখুস্কু হচ্ছে
𑄎𑄪𑄚𑄪 𑄃 𑄇𑄣𑄢𑄟𑄬 𑄇𑄧𑄙𑄇𑄴 - 𑄚𑄧 𑄙𑄧𑄎𑄳𑄠𑄧 𑄃𑄢𑄴।,জোনাকির মতো কালোজিরা কথা - আর ধরে না
𑄃𑄨𑄢𑄨 𑄘𑄮𑄉𑄮𑄃𑄨।,ইি দো
𑄣𑄬𑄊𑄛𑄧𑄢 𑄚𑄧 𑄈𑄪𑄠𑄳𑄠𑄧!,লেখাপা করো না!
𑄃𑄘𑄟𑄧𑄖𑄴 𑄖𑄳𑄠𑄬𑄚𑄴 𑄣𑄬𑄊𑄛𑄧𑄢 𑄛𑄧𑄢𑄨𑄝𑄬𑄥𑄴 𑄚𑄧 𑄃𑄬𑄣𑄧।,.গ্রামের তাাতাি লিখতে হবে না
𑄘𑄨 𑄃𑄬𑄇𑄴𑄇 𑄊𑄧𑄢𑄧𑄖𑄴 𑄌𑄧𑄣𑄴 𑄃𑄬𑄣𑄧।,দুই একটু বািতে যাওা হলো
𑄖𑄖𑄴𑄪𑄚𑄴 𑄖𑄬 𑄘𑄬𑄊𑄘𑄬𑄊𑄨 𑄉𑄧𑄢𑄨 𑄣𑄢𑄬 𑄣𑄢𑄬 𑄛𑄧𑄢𑄨𑄠𑄳𑄠 𑄛𑄱 𑄝𑄢 𑄙𑄧𑄎𑄳𑄠𑄧𑄚𑄴।,তার থেকে সে একটু একটু করে পে পে যাচ্ছে
𑄃𑄘𑄟𑄧𑄖𑄴𑄪𑄚𑄴 𑄃𑄨𑄌𑄴𑄇𑄪𑄣𑄴 𑄃𑄬𑄣𑄧 𑄘𑄬𑄢𑄴 𑄟𑄬𑄃𑄨𑄣𑄧 𑄇𑄪𑄢𑄬 𑄇𑄪𑄢𑄬।,গ্রাম থেকে স্কুল আসতেছে
𑄃𑄪𑄖𑄴𑄖𑄧𑄢𑄴 𑄘𑄧𑄊𑄨𑄚𑄴 𑄉𑄧𑄢𑄨 𑄣𑄟𑄴𑄝 𑄛𑄧𑄗𑄴𑄗𑄚𑄴 𑄃𑄨𑄌𑄴𑄇𑄪𑄣𑄴 𑄜𑄬𑄣𑄬𑄃𑄨 𑄃𑄢𑄧 𑄞𑄣𑄧𑄇𑄴𑄘𑄪𑄢𑄴 𑄃𑄪𑄎𑄧𑄚𑄳𑄠 𑄦𑄘𑄨 𑄡𑄨𑄠𑄬।,উত্তর দিক করে লম্বা পথ ফেলে আরও অনেক দূরে যা
𑄇𑄪𑄟𑄴𑄛𑄧𑄚𑄨 𑄛𑄧𑄗𑄴 ।,কুমা পথ
𑄇𑄧𑄢𑄧𑄣𑄨 𑄟𑄘𑄨 𑄦𑄧𑄚𑄠𑄴 𑄝𑄢𑄨𑄬𑄎𑄖𑄴𑄠𑄮 𑄉𑄧𑄟𑄬 𑄦𑄘 𑄡𑄠𑄴।,. করলা মাটি হওা বৃষ্টিতেও ভিজে যা
𑄛𑄧𑄖𑄴𑄗𑄚𑄴 𑄘𑄧𑄊𑄨𑄚𑄴 𑄟𑄧𑄇𑄳𑄠 𑄡𑄘𑄬 𑄡𑄘𑄬 𑄃𑄢𑄧 𑄡𑄨𑄠𑄬 𑄞𑄣𑄧𑄇𑄴𑄘𑄪𑄢𑄴।,পথটা দুই ভাগ হে যা এবং যা
𑄃𑄟𑄨𑄎𑄬 𑄟𑄚𑄪𑄌𑄴 𑄃𑄬𑄎𑄧𑄚𑄴 𑄃 𑄡𑄚𑄴।,এক জাতী মানুষ আসতেছে
𑄚𑄧𑄣𑄮𑄃𑄨𑄠𑄮 𑄡 𑄡𑄠𑄴।,নালা দিে যাওা
𑄎𑄢𑄇𑄣𑄳𑄠 𑄛𑄚𑄨 𑄇𑄧𑄟𑄴 𑄗𑄬𑄣𑄬 - 𑄡𑄚 𑄃𑄉𑄖𑄳𑄠 𑄦𑄧𑄠𑄴।,শীতকালের পানি কম থাকলে -যাওা আগা
𑄎𑄪𑄚𑄪𑄣𑄮𑄃𑄨 𑄇𑄣𑄢𑄟𑄬 𑄃𑄟𑄨𑄎𑄬 𑄦𑄘𑄨 𑄦𑄘𑄨 𑄃𑄨𑄌𑄴𑄇𑄪𑄣𑄧𑄖𑄴 𑄡𑄬𑄘𑄇𑄴।,জোনাকির মতো কালো রঙের মানুষরা হেঁটে হেঁটে স্কুলে যাচ্ছে
𑄖𑄢 𑄣𑄧𑄉𑄬 𑄟𑄬𑄢𑄧𑄚𑄨𑄠𑄮 𑄃𑄨𑄌𑄴𑄇𑄪𑄣𑄧𑄖𑄴 𑄡𑄬𑄘𑄧।,তাদের সাথে মেেও এসেছে
𑄟𑄬𑄢𑄧𑄚𑄨𑄢𑄴 𑄣𑄬𑄊𑄛𑄧𑄢 𑄎𑄧𑄧𑄘𑄧𑄝𑄧𑄘𑄬 𑄙𑄛𑄴।,.মলা লেখা অনেক বেশি শক্ত
𑄃𑄨𑄌𑄴𑄇𑄪𑄣𑄧𑄖𑄴 𑄡𑄘𑄬 𑄡𑄘𑄬 𑄖𑄨𑄚𑄴 𑄎𑄧𑄚𑄬 𑄣𑄬𑄊𑄛𑄧𑄢 𑄇𑄧𑄙 𑄇𑄮𑄃𑄨 𑄇𑄮𑄃𑄨 𑄡𑄬𑄘𑄇𑄴।,স্কুলে যেতে যেতে তিনজন লোক কথা বলতেছে
𑄛𑄧𑄙𑄧 𑄛𑄎𑄢𑄖𑄴 𑄃𑄬𑄣𑄧 𑄝𑄧𑄑𑄴 𑄉𑄌𑄴।,পথের পাশে একটা বট গাছ
𑄃𑄨𑄌𑄴𑄇𑄪𑄣𑄧𑄖𑄴𑄴𑄖𑄪𑄚𑄴 𑄜𑄨𑄢𑄧𑄘𑄬 𑄥𑄧𑄣𑄖𑄴 𑄥𑄨𑄠𑄮𑄖𑄴 𑄎𑄨𑄢𑄬𑄘𑄇𑄴।,স্কুল থেকে ফিরার সম সেখানে গিেছে
𑄓𑄋𑄧𑄢𑄴 𑄝𑄧𑄖𑄴 𑄉𑄌𑄴।,এক জাতী গাছ
𑄥𑄨𑄋𑄮𑄢𑄴𑄠𑄮 𑄖𑄢𑄴 𑄞𑄬𑄘𑄬𑄢𑄴 𑄥𑄬𑄘𑄬𑄢𑄴।,সিঙোরটাও তার ভ করে
𑄝𑄮𑄃𑄨 𑄗𑄬𑄣𑄬 𑄇𑄨𑄠𑄳𑄠𑄬 𑄎𑄪𑄢𑄬𑄃𑄨 𑄡𑄬𑄘𑄧।,বই থাকলে শরীর জুে যা
𑄛𑄧𑄗𑄳𑄠𑄧 𑄟𑄚𑄴𑄎𑄳𑄠𑄬 𑄥𑄮𑄖𑄴 𑄎𑄨𑄢𑄚𑄴।,পথ দিে মানুষ বিশ্রাম করে
𑄉𑄧𑄢𑄪 𑄌𑄧𑄢𑄬𑄠𑄳𑄠 𑄥𑄨𑄠𑄮𑄖𑄴 𑄝𑄮𑄃𑄨 𑄉𑄧𑄢𑄪𑄠𑄪𑄚𑄴 𑄞𑄪𑄃𑄨𑄠𑄮𑄖𑄴 𑄃𑄨𑄢𑄨 𑄘𑄮𑄚𑄴।,গরু চা যে গরুগুলো ভুিে দিে দে
𑄇𑄪𑄟𑄴𑄛𑄧𑄚𑄨 𑄛𑄧𑄗𑄴𑄗𑄚𑄴 𑄇𑄧𑄢𑄧𑄣𑄨 𑄟𑄘𑄨 𑄦𑄧𑄚𑄠𑄴 𑄞𑄢𑄨 𑄉𑄧𑄟𑄴 𑄣𑄉𑄬।,কত ব মাটি হওা ভালো
𑄇𑄧𑄖𑄴𑄖 𑄇𑄧𑄖𑄴𑄖 𑄢𑄋 𑄟𑄘𑄨।,কত ব লাল মাটি
𑄎𑄢𑄴𑄇𑄣𑄳𑄠𑄬 𑄙𑄪𑄣𑄳𑄠𑄬 𑄃𑄪𑄢𑄨𑄘𑄧।,শীতকালে ধুলাবালু উে
𑄛𑄧𑄖𑄴𑄗𑄚𑄧𑄢𑄴 𑄇𑄧𑄖𑄴𑄖 𑄇𑄧𑄖𑄴𑄖𑄖𑄴 𑄟𑄪𑄢𑄮 𑄃 𑄥𑄧𑄁 𑄞𑄪𑄃𑄨 ।,রাস্তা কত ব পাহাে পাহা আছে
𑄥𑄧𑄁 𑄞𑄪𑄃𑄨𑄠𑄮 𑄞𑄨𑄘𑄨𑄢𑄬𑄘𑄨 𑄉𑄧𑄢𑄨 𑄛𑄧𑄗𑄴𑄗𑄚𑄴 𑄃𑄪𑄎𑄧𑄚𑄳𑄠 𑄡𑄨𑄠𑄬।,.সমান জমি ভেদ করে পথটা উঠে যা
𑄍𑄬𑄢𑄬 𑄍𑄬𑄢𑄬 𑄔𑄧𑄣𑄴 𑄞𑄪𑄃𑄨 𑄃 𑄜𑄨𑄖𑄴𑄖𑄨।,ছেে ছেে ঢলঢলে পানি
𑄜𑄨𑄖𑄴𑄖𑄨 𑄃𑄪𑄉𑄪𑄢𑄬 𑄉𑄏𑄧 𑄛𑄪𑄣𑄴।,এক জাতী গাছ
𑄜𑄨𑄖𑄴𑄖𑄨𑄠𑄪𑄚𑄧𑄖𑄴 𑄈𑄧𑄢𑄚𑄳𑄠 𑄟𑄮𑄌𑄴 𑄌𑄧𑄢𑄧𑄚𑄴 𑄃 𑄉𑄧𑄖𑄴𑄖𑄧𑄚𑄖𑄴 𑄛𑄚𑄨 𑄥𑄧𑄁 𑄉𑄧𑄢𑄨 𑄓𑄪𑄝𑄨 𑄗𑄚𑄴।,টিউবওেল থেকে খরার মতো পানি পে থাকে
𑄎𑄪𑄚𑄪𑄘𑄊𑄨 𑄃𑄨𑄌𑄴𑄇𑄪𑄪𑄣𑄴𑄠𑄚𑄴 𑄃𑄬𑄣𑄧 𑄃𑄚𑄴𑄘𑄥𑄳𑄠 𑄟𑄪𑄢𑄮 𑄃𑄪𑄉𑄪𑄢𑄬।,জোনাকির ডিমটা এসেছে পাহাের উপর
𑄃𑄨𑄌𑄴𑄇𑄪𑄣𑄧 𑄝𑄥𑄳𑄠𑄬𑄉𑄧𑄢𑄨 𑄛𑄪𑄉𑄬𑄘𑄨 𑄓𑄋𑄧𑄢𑄴 𑄃𑄬𑄇𑄴 𑄜𑄨𑄖𑄴𑄖𑄨।,স্কুল বন্ধ করার সম এক বালতি পানি নিে যাচ্ছে
𑄜𑄨𑄖𑄴𑄖𑄨𑄝𑄮𑄢𑄴 𑄃𑄪𑄖𑄴𑄖𑄬𑄢𑄬𑄚𑄴𑄘𑄨 𑄓𑄋𑄧𑄢𑄴 𑄓𑄋𑄧𑄢𑄴 𑄥𑄢𑄴𑄝𑄱 𑄉𑄌𑄴।,ফুটিে উঠার সম ব ব গাছ
𑄃𑄨𑄌𑄴𑄇𑄪𑄣𑄧 𑄛𑄱 𑄍𑄠𑄪𑄚𑄬 𑄥𑄮𑄖𑄴 𑄝𑄮𑄃𑄨 𑄝𑄮𑄃𑄨 𑄦𑄞 𑄈𑄚𑄴।,এক ছেলে ছাা দিে সবুজ মাঠে হামাগুি খা
𑄝𑄮𑄠𑄢𑄬 𑄜𑄨𑄖𑄴𑄖𑄨𑄝𑄱 𑄛𑄚𑄨𑄠𑄚𑄴 𑄘𑄧𑄊𑄨𑄚𑄬𑄖𑄴𑄪𑄚𑄴 𑄃𑄪𑄖𑄴𑄖𑄧𑄢𑄬 𑄚𑄏𑄨 𑄚𑄏𑄨 𑄡𑄬𑄘𑄧।,বইের পানিটা দক্ষিণ দিক থেকে বের হে যাচ্ছে
𑄌𑄘𑄬 𑄞𑄢𑄨 𑄉𑄧𑄟𑄴 𑄣𑄉𑄨𑄘𑄧।,চাঁদটা অনেক ভালো লাগে
"𑄎𑄪𑄚𑄪, 𑄇𑄣𑄢𑄟𑄴 𑄃 𑄟𑄬𑄢𑄧𑄚𑄨 𑄘𑄨𑄚𑄴 𑄛𑄧𑄖𑄴𑄖𑄨 𑄜𑄨𑄖𑄴𑄖𑄨 𑄛𑄢𑄧𑄖𑄴 𑄝𑄧𑄏𑄨𑄘𑄇𑄴।","জুনু,কালু,কালু,পাহাের এদিক সেদিক ঘুরে বো"
𑄚 𑄚 𑄇𑄧𑄙 𑄇𑄧𑄙𑄇𑄴।,না না কথা বলা
"𑄖𑄢𑄣𑄧𑄉𑄬 𑄃𑄢𑄧 𑄜𑄉𑄧𑄖𑄴 𑄥𑄧𑄟𑄬𑄘𑄇𑄴 𑄖𑄪𑄋𑄳𑄠, 𑄟𑄪𑄚𑄨, 𑄚𑄉𑄢।",".তারা দুইজনে মিলে তুংগো,মুনি,নাগাা"
𑄇𑄬𑄣𑄥𑄴 𑄚𑄧 𑄗𑄬𑄣𑄬 𑄥𑄨𑄠𑄮𑄖𑄴 𑄝𑄧𑄘𑄇𑄴 𑄃 𑄇𑄧𑄙 𑄏𑄢𑄏𑄢𑄨 𑄉𑄧𑄖𑄴𑄗𑄇𑄴।,ক্লাস ফাকি দো না থাকলে সেখানে কথা কাটাকাটি হ
𑄛𑄧𑄢𑄨𑄇𑄴𑄈𑄬 𑄦𑄧𑄣𑄬 𑄥𑄨𑄠𑄮𑄖𑄴 𑄃𑄮 𑄇𑄪𑄘𑄪𑄟𑄴 𑄦𑄧𑄘𑄇𑄴।,পরীক্ষা উত্তীর্ণ হলে সেখানে ও ভালো হবে
𑄛𑄧𑄢 𑄛𑄪𑄏𑄢𑄴 𑄉𑄧𑄢𑄉𑄧𑄢𑄨 𑄉𑄧𑄖𑄴𑄗𑄇𑄴।,.অপচ করার অভ্যাস
𑄇𑄬𑄣𑄥𑄴 𑄃𑄬𑄃𑄨𑄘𑄧 𑄛𑄧𑄢𑄨𑄇𑄴𑄈𑄬 𑄗𑄪𑄟𑄴 𑄦𑄧𑄁 𑄦𑄧𑄁।,ক্ল্যাসটা এখন শেষ হেছে
𑄥𑄮𑄖𑄴 𑄃𑄉𑄧𑄥𑄚𑄴 𑄝𑄬𑄉𑄬 𑄟𑄨𑄣𑄨 𑄝𑄮𑄃𑄨 𑄃𑄊𑄧𑄚𑄴।,. সবুজ আগুনটা জ্বলতেছে।
𑄟𑄪𑄚𑄨 𑄇𑄧𑄣𑄧 - 𑄃𑄬 𑄜𑄨𑄖𑄴𑄖𑄨𑄝𑄮 𑄎𑄨𑄁𑄇𑄚𑄨 𑄥𑄧𑄁 𑄃𑄩𑄙𑄮𑄖𑄴 𑄗𑄬𑄝𑄧।,মুনি কল - এই শিশিটা জীবন পর্যন্ত থাকবে
𑄟𑄬𑄢𑄧𑄚𑄨 𑄇𑄧𑄣𑄧 - 𑄟𑄧𑄢𑄴𑄠𑄮।,মেেটা কল -আমার
𑄖𑄪𑄋𑄳𑄠 𑄇𑄧𑄣𑄧 - 𑄥𑄨𑄠𑄚𑄴 𑄃 𑄇𑄪𑄠 𑄛𑄧𑄢𑄬𑄘𑄬 𑄚𑄬!,তুংা কল - সেটা কি করতে হ নাকি!
𑄃𑄬𑄎𑄚𑄴 𑄉𑄧𑄟𑄴 𑄎𑄉 𑄇𑄢𑄴 𑄚 𑄃𑄩𑄙𑄮𑄖𑄴 𑄗𑄬𑄝𑄧।,এত ভালো জাগা কার না এখানে থাকবে
𑄇𑄣𑄢𑄟𑄬 𑄇𑄧𑄣𑄧 - 𑄟𑄧𑄢𑄴 𑄃𑄢𑄧 𑄃𑄬𑄇𑄴𑄇𑄚𑄴 𑄎𑄉 𑄃𑄩𑄙𑄮𑄖𑄴 𑄗𑄬𑄝𑄧।,কালারাম আরেকটা জাগা থাকবে
𑄇𑄇𑄴𑄈𑄧𑄚𑄴 𑄃𑄧𑄣𑄧𑄢𑄴 𑄦𑄮𑄃𑄨 𑄟𑄬𑄢𑄧𑄚𑄨 𑄇𑄧𑄣𑄧 - 𑄇𑄨 𑄥𑄨𑄠𑄚𑄴 𑄇𑄣।,.কেকটা সম কালো
𑄃𑄩𑄙𑄯𑄖𑄴 𑄖𑄪𑄣𑄨 𑄌𑄚 - 𑄇𑄣𑄢𑄟𑄬 𑄎𑄮𑄛𑄴 𑄘𑄨𑄣𑄧।,.আকাশ তুলে দেখ-কালকে জোপ দিল
𑄝𑄬𑄇𑄴𑄇𑄪𑄚𑄬 𑄇𑄇𑄴𑄴𑄈𑄧𑄚𑄴 𑄃𑄧𑄣𑄧𑄢𑄴 𑄦𑄧𑄃𑄨 𑄝𑄮𑄃𑄨 𑄗𑄬𑄣𑄇𑄴।,সবাই কিছুক্ষণ চুপ করে থাকল
𑄇𑄣𑄢𑄟𑄬 𑄇𑄧𑄣𑄧 - 𑄇𑄧𑄃𑄨 𑄟𑄬𑄢𑄮 𑄇𑄧𑄃𑄨 𑄚𑄧 𑄛𑄢𑄴𑄣𑄬।,কালাই কল-কোন মেে কথা বলতে পারে না
𑄟𑄬𑄢𑄮 𑄇𑄧𑄣𑄧 - 𑄚!,মলা কল - না
𑄃𑄧𑄱𑄃𑄨 𑄝𑄧𑄖𑄴 𑄉𑄌𑄴𑄱- 𑄇𑄣𑄢𑄟𑄬 𑄇𑄧𑄣𑄧।,এক জাতী গাছ-কালিমা
𑄝𑄬𑄇𑄴𑄇𑄪𑄚𑄬 𑄦𑄏𑄨 𑄃𑄪𑄙𑄨𑄣𑄇𑄴।,সবাই পাখানা করতেছে
𑄖𑄪𑄋𑄳𑄠 𑄇𑄧𑄣𑄧 - 𑄦𑄧𑄠𑄴𑄘𑄬 𑄥𑄳𑄠।,তুংা কল- হেছে
𑄟𑄧𑄢𑄴𑄠𑄮 𑄥𑄨𑄝𑄬 𑄞𑄢𑄨 𑄟𑄧𑄚𑄧𑄖𑄴 𑄛𑄧𑄢𑄬।,আমার তাকে খুব মনে পে
𑄎𑄪𑄚𑄪 𑄃𑄬𑄘𑄧𑄇𑄴𑄈𑄧𑄚𑄴 𑄥𑄧𑄁 𑄟𑄪 𑄌𑄨𑄝𑄬𑄃𑄨 𑄬𑄃𑄣𑄧।,জুু এত ব মুখ চেপে আছে
𑄝𑄬𑄇𑄴𑄇𑄪𑄚𑄧𑄢𑄬 𑄌𑄬𑄃𑄨𑄚𑄬 𑄇𑄧𑄣𑄧 𑄃𑄬𑄎𑄬𑄖𑄳𑄠𑄬 𑄝𑄧𑄏𑄧𑄢𑄴 𑄘𑄧 𑄚𑄃𑄨𑄚𑄧𑄖𑄴 𑄃𑄪𑄙𑄨𑄢𑄴 𑄇𑄧𑄚𑄬 𑄇𑄨 𑄣𑄧𑄝𑄧?,সবাইকে চেইনে কল আসতেছে বছরে কে কি নিবে?
𑄖𑄪𑄋𑄳𑄠𑄬 𑄇𑄧𑄣𑄧 - 𑄟𑄪𑄃𑄨 𑄦𑄧𑄣𑄬 𑄃𑄪𑄎𑄪 𑄃𑄪𑄎𑄪 𑄡𑄬𑄟𑄴𑄝𑄬 ।,তুংসে কল-পাহা হলে ঠিক ঠিক যাবে
𑄟𑄬𑄢𑄮𑄚𑄨 𑄇𑄧𑄣𑄧 𑄟𑄪𑄃𑄨𑄠𑄮 𑄃𑄪𑄎𑄪 𑄃𑄪𑄎𑄪।,মেেটার কলও ঠিক ঠিক
𑄢𑄚𑄴𑄎𑄪𑄚𑄨 𑄇𑄧𑄣𑄧 𑄟𑄪𑄃𑄨 𑄦𑄧𑄣𑄬 𑄝𑄨𑄉𑄳𑄠𑄚𑄴।,রংধনুর কলকির মুখ হলে বিাল
𑄝𑄬𑄇𑄴𑄇𑄪𑄚𑄬 𑄛𑄖𑄴𑄖𑄪𑄢𑄪 𑄖𑄪𑄢𑄪 𑄉𑄧𑄣𑄴𑄣𑄇𑄴।,সবাই পাহাের দৌাদৌি করল
𑄎𑄪𑄚𑄪 𑄇𑄧𑄣𑄧 - 𑄖 𑄌𑄨𑄖𑄴𑄖𑄚𑄴 𑄘𑄧𑄢𑄧 𑄘𑄧।,জোনাকির ডাক - তার মনটা ভ পা
𑄈𑄣𑄨𑄇𑄴 𑄟𑄪𑄃𑄨 𑄃𑄮 𑄃𑄪𑄎𑄪 𑄃𑄪𑄎𑄪।,"খালি পা, খালি পা"
𑄟𑄪𑄚𑄨 𑄇𑄧𑄣𑄧 - 𑄃𑄃𑄨𑄠𑄳𑄠𑄬!,মুনি কল - আইে!
𑄖𑄧 𑄙𑄧𑄇𑄳𑄠 𑄛𑄱 𑄃𑄪𑄎𑄪 𑄃𑄪𑄎𑄪 𑄛𑄧𑄢𑄴𑄣𑄬 𑄇𑄬𑄚𑄬 𑄦𑄧𑄠𑄴।,তোমার মতো ছেলে সহজে পলে কেমনে হ
𑄎𑄪𑄚𑄪 𑄇𑄧𑄣𑄧 - 𑄃 𑄖𑄪𑄟𑄨 𑄇𑄨𑄖𑄳𑄠 𑄃𑄊𑄧 𑄘𑄬।,জুনিে কল - তুমি কী আছো?
𑄟𑄪𑄚𑄨 𑄎𑄮𑄛𑄴 𑄘𑄨𑄣𑄧 - 𑄟𑄧𑄢𑄬 𑄒𑄬𑄘𑄬𑄢 𑄃𑄪𑄢𑄧𑄖𑄴𑄖𑄬 𑄃𑄃𑄨 𑄃𑄧𑄠𑄴।,মুনি জোপ দিল -আমাকে ভে পতেছে
𑄎𑄪𑄚𑄪 𑄇𑄧𑄣𑄧 - 𑄚𑄧𑄠𑄴 𑄘𑄧 ।,জোনাকির কল- না তো
𑄖𑄧𑄢𑄬 𑄇𑄨𑄖𑄳𑄠 𑄥𑄬𑄎𑄚𑄴 𑄉𑄧𑄖𑄴𑄖𑄪𑄁।,তোমাকে কি খুঁজতে যাচ্ছি
𑄟𑄪𑄚𑄨 𑄇𑄧𑄚𑄧 𑄇𑄧𑄙 𑄚𑄧 𑄜𑄨𑄢𑄬𑄣𑄧 𑄃𑄢𑄴।,.মুত্রথলি আর ফিরল না
𑄚𑄃𑄨𑄚𑄧𑄖𑄴 𑄃𑄪𑄙𑄨𑄣𑄇𑄴।,.নাক উপরে তোলা
"𑄝𑄬𑄇𑄴𑄇𑄪𑄚𑄬 𑄡 𑄡 𑄃𑄠𑄮𑄎𑄬 𑄃𑄪𑄎𑄪 𑄃𑄪𑄎𑄪, 𑄝𑄨𑄉𑄳𑄠𑄚𑄴, 𑄇𑄧𑄟𑄢𑄴𑄥𑄴 𑄣𑄧𑄣𑄇𑄴।","সবাই যাওার সম ঠিকঠিক, বিাল, কমার্স নেওা"
𑄝𑄨𑄉𑄳𑄠𑄚𑄴 𑄝𑄬𑄉𑄬 𑄓𑄧𑄢𑄚𑄴।,বিালটা ভ পা
𑄥𑄬𑄖𑄳𑄠 𑄥𑄨𑄠𑄚𑄴 𑄥𑄨𑄚𑄴𑄘𑄨 𑄇𑄧𑄟𑄴।,তত বেশি তত কম
𑄎𑄪𑄚𑄪 𑄉𑄬𑄣𑄧 𑄃𑄪𑄎𑄪 𑄃𑄪𑄎𑄪।,জুনু গেল ঠিকঠিক
𑄖 𑄝𑄝𑄬 𑄖𑄏 𑄝𑄪𑄏𑄬𑄝𑄢𑄴 𑄌𑄬𑄣𑄧।,তার বাবা তাাতাি বুঝে নিল
𑄝𑄪𑄏𑄬 𑄚𑄧 𑄛𑄢𑄴𑄣𑄧।,. বুঝে না পেরে
𑄎𑄬𑄢𑄬 𑄇𑄧𑄣𑄧 - 𑄛𑄪𑄖𑄴 𑄡𑄨𑄠𑄚𑄴 𑄣𑄧𑄘𑄬 𑄥𑄖𑄴 𑄃𑄬𑄉𑄟𑄢𑄴 𑄉𑄧𑄢𑄨 𑄛𑄧𑄢𑄴𑄣𑄬 𑄜𑄧𑄣𑄴 𑄛𑄬𑄝𑄬।,ঝেে কল-পুিটা নিে সাত বার পলে ফল পাবে
𑄖 𑄝𑄝𑄬 𑄃𑄢𑄧 𑄇𑄧𑄣𑄧 - 𑄛𑄪𑄖𑄴 𑄎𑄨𑄁𑄇𑄚𑄨𑄠𑄚𑄴 𑄃𑄪𑄎𑄪 𑄃𑄪𑄎𑄪 𑄚𑄧𑄠𑄴!,তার বাবা আবার কল -পুত জীবনটা সোজা না!
𑄝𑄬𑄋!,"বো, বো"
𑄎𑄨𑄁𑄇𑄚𑄨 𑄃𑄬𑄇𑄴𑄇𑄚𑄴 𑄞𑄪𑄣𑄴𑄠𑄮 𑄟𑄚𑄴𑄎𑄮𑄢𑄴 𑄎𑄨𑄁𑄇𑄚𑄨𑄢𑄬 𑄖𑄧𑄣𑄬 𑄉𑄧𑄢𑄨 𑄘𑄬।,জীবনে একটু ভুলও মানুষের জীবনে এনে দে
𑄎𑄪𑄚𑄪 𑄖 𑄝𑄝𑄧 𑄇𑄧𑄙𑄚𑄨 𑄥𑄪𑄚𑄨 𑄇𑄇𑄴𑄈𑄧𑄚𑄴 𑄃𑄧𑄣𑄧𑄢𑄴 𑄦𑄧𑄃𑄨 𑄝𑄮𑄃𑄨 𑄢𑄧𑄣𑄧।,জুনু তার বাির কথা গুলো শুনে হতবাক হে থাকল
𑄟𑄧𑄚𑄬 𑄟𑄧𑄚𑄬 𑄖𑄧𑄣𑄬𑄃𑄨 𑄌𑄬𑄣𑄧 - 𑄖 𑄝𑄝𑄬 𑄃𑄬 𑄇𑄧𑄙𑄚𑄨 𑄖𑄢𑄴 𑄎𑄨𑄁𑄇𑄚𑄨 𑄝𑄬𑄢𑄝𑄬𑄥𑄳𑄠 𑄖𑄨𑄙𑄬 𑄟𑄨𑄃𑄘 𑄛𑄨𑄃𑄨𑄠𑄳𑄠𑄬𑄖𑄴𑄖𑄪𑄚𑄴𑄠𑄮𑄃𑄨 𑄇𑄪𑄃𑄨𑄠𑄳𑄠𑄬।,.মনে হ সে তার বাবাের কাছ থেকে এই কথাগুলো শুনে
𑄖 𑄝𑄝𑄧 𑄇𑄧𑄙𑄚𑄨 𑄇𑄚𑄧𑄖𑄴 𑄍𑄧𑄣 𑄍𑄧𑄣 𑄉𑄧𑄢𑄨 𑄥𑄧𑄟𑄨𑄣𑄧 𑄃 𑄚𑄨𑄉𑄨𑄣𑄨𑄣𑄧।,তার বাবা কথা গুলো কানে ছেঁা ছেঁা করে নিল
𑄇𑄬𑄣𑄥𑄴 𑄚𑄃𑄨𑄚𑄧𑄖𑄴 𑄎𑄪𑄚𑄪𑄣𑄮𑄃𑄨 𑄌𑄨𑄚𑄴𑄛𑄧𑄎𑄳𑄠 𑄦𑄧𑄣𑄧 𑄢𑄋𑄢𑄴।,কেলাস নাইনের জুে চিহ্নিত ব্যক্তি হলো লাল
𑄢𑄋 𑄡𑄧𑄟𑄧𑄥𑄧𑄟𑄧 𑄝𑄧𑄃𑄨 𑄛𑄧𑄖𑄴𑄖𑄧।,লাল যমের বই
𑄚 𑄚 𑄝𑄝𑄧𑄖𑄳𑄠𑄝𑄧𑄃𑄨 𑄃𑄟𑄨𑄎𑄬 𑄖 𑄦𑄘𑄧𑄖𑄴।,না না শুধু হাত দিে আসি
𑄎𑄪𑄚𑄪𑄣𑄮𑄃𑄨 𑄃𑄟𑄨𑄎𑄬𑄃𑄨 𑄚 𑄚 𑄇𑄧𑄙 𑄟𑄬𑄣𑄨 𑄙𑄧𑄢𑄨𑄘𑄧।,জোনাকির মতো আমরাও না না কথা বলি
𑄎𑄪𑄚𑄪𑄠𑄮 𑄇𑄧𑄟𑄴 𑄚𑄧𑄠𑄴।,জুনিেও কম না
𑄃𑄨𑄌𑄴𑄇𑄪𑄣𑄧 𑄝𑄧𑄃𑄨 𑄃𑄮 𑄣𑄧𑄉𑄬 𑄚𑄚 𑄝𑄝𑄧𑄖𑄳𑄠 𑄝𑄧𑄃𑄨 𑄛𑄧𑄢 𑄙𑄧𑄢𑄴𑄣𑄧।,স্কুল বই ও সাথে অনেক ব বই পেছে
𑄇𑄧𑄚𑄧𑄇𑄴𑄈𑄚𑄧𑄖𑄴 𑄝𑄏𑄨𑄣𑄬 𑄖 𑄝𑄝𑄧𑄖𑄴𑄪𑄚𑄴 𑄛𑄪𑄏𑄢𑄴 𑄉𑄧𑄢𑄴𑄖𑄧।,.কোনখানে বেজে গেলে তার মাথা ফোঁা থাকে।
𑄖 𑄝𑄝𑄬 𑄝𑄪𑄏𑄬𑄃𑄨 𑄘𑄨𑄘𑄧।,তার বািতে বুঝেই দো
𑄃 𑄇𑄧𑄙𑄧 - 𑄛𑄪𑄖𑄴 𑄃𑄨𑄌𑄴𑄇𑄪𑄣𑄧 𑄝𑄧𑄃𑄨𑄠𑄪𑄚𑄴 𑄛𑄧𑄢𑄨 𑄛𑄢𑄠𑄴 𑄝𑄢 𑄝𑄧𑄃𑄨 𑄛𑄧𑄢𑄨𑄌𑄴 ।,.এই কেকটা ছেলে-মেয়েরা বই পে পে
𑄚𑄃𑄨𑄚𑄧𑄖𑄴 𑄝𑄧𑄏𑄧𑄢𑄴 𑄗𑄪𑄟𑄴 𑄦𑄧𑄝𑄢𑄴 𑄇𑄎𑄬𑄠𑄳𑄠𑄬।,ন বছর শেষ হেছে
𑄥𑄬 𑄍𑄢𑄴𑄝𑄱 𑄉𑄏𑄧 𑄖𑄧𑄣𑄬 𑄎𑄧𑄙 𑄦𑄧𑄃𑄨 𑄝𑄮𑄃𑄨 𑄃𑄊𑄧𑄚𑄴 ।,সে ছারটা গাছের নিচে বসে আছে
𑄜𑄨𑄖𑄴𑄖𑄨 𑄛𑄚𑄨 𑄃𑄧𑄣𑄧𑄢𑄴 𑄦𑄧𑄃𑄨 𑄎𑄧𑄟𑄨 𑄃𑄊𑄬।,.ফসলের পানি ক্ষ হেছে
𑄘𑄪𑄢𑄮𑄖𑄴 𑄃𑄬𑄎𑄬𑄣 𑄍𑄬𑄢𑄬 𑄍𑄬𑄢𑄬 𑄦𑄌𑄴 𑄌𑄧𑄖𑄴𑄖𑄧𑄚𑄴।,দূরে এদেশ থেকে পাহাি পাহাি
𑄎𑄪𑄢𑄮 𑄝𑄳𑄦𑄧 𑄏𑄧𑄣𑄴𑄉 𑄏𑄧𑄣𑄴𑄉 𑄝𑄮𑄃𑄨 𑄡𑄢𑄴।,ঝগা ঝগা করে যা
"𑄢𑄋 𑄇𑄧𑄣𑄧 - 𑄟𑄚𑄴𑄎𑄮𑄢𑄴 𑄎𑄨𑄁𑄇𑄚𑄨, 𑄥𑄧𑄟𑄌𑄴 𑄃𑄬 𑄜𑄨𑄖𑄴𑄖𑄨𑄝𑄱 𑄛𑄚𑄨 𑄥𑄚𑄴 𑄚𑄧𑄠𑄴!","লাল কল - মাছের জীবন, সম এই বিলের পানি ভালো না"
𑄎𑄪𑄚𑄪 𑄇𑄧𑄣𑄧 - 𑄇𑄨𑄠?,জোনাকির কল কি?
"𑄃𑄨𑄠𑄚𑄨 𑄜𑄨𑄖𑄴𑄖𑄨 𑄛𑄚𑄨𑄥𑄚𑄴 𑄗𑄚 𑄟𑄚𑄬 𑄥𑄬 𑄥𑄧𑄟𑄌𑄴, 𑄎𑄖𑄴 𑄎𑄟𑄴𑄝𑄪𑄘𑄨 𑄗𑄚 𑄃𑄬𑄇𑄴।","এগুলো পানিতে থাকা মানে সেই সম, জাগা জুে থাকা এক"
𑄥𑄬𑄇𑄴𑄇𑄬 𑄖𑄢𑄴 𑄇𑄧𑄚𑄧 𑄞𑄣𑄬𑄖𑄴 𑄦𑄧𑄃𑄨 𑄚𑄧 𑄛𑄢𑄬।,এখন তার কোনো ভালো হতে পারে না
𑄎𑄪𑄚𑄪 𑄇𑄧𑄣𑄧 𑄖𑄳𑄠𑄬 𑄖𑄢𑄬 𑄇𑄨 𑄉𑄧𑄢 𑄛𑄧𑄢𑄬?,জুনিে কল দিলে তাকে কি করতে হ?
𑄣𑄢𑄌𑄢 𑄉𑄧𑄢 𑄛𑄧𑄢𑄬 ।,নাটক করতে হ
𑄟𑄚𑄬 𑄇𑄟𑄴 𑄉𑄧𑄢𑄨𑄚𑄬 𑄖𑄢𑄬 𑄃𑄇𑄴𑄇𑄮𑄃𑄨 𑄚𑄬𑄎 𑄛𑄧𑄢𑄬।,. মানুষের কাজ করতে হলে তাকে আগে থেকে নিে যেতে হ
𑄖𑄢 𑄎𑄮𑄛𑄴 𑄘𑄨𑄣𑄬 𑄎𑄪𑄚𑄪 𑄇𑄧𑄣𑄧 𑄃𑄟𑄨𑄠𑄮 𑄇𑄨 𑄛𑄢𑄨𑄝𑄧𑄁?,তারা জোপ দিলে আমরাও কি পারবো?
𑄃𑄬𑄇𑄴 𑄥𑄧𑄖𑄴 𑄉𑄬𑄘 𑄛𑄢𑄨𑄝𑄧𑄁।,এক সাথে গিে উঠতে হবে
𑄥𑄬𑄖𑄳𑄠 𑄈𑄣𑄨𑄇𑄴 𑄃𑄬𑄇𑄴 𑄎𑄧𑄙 𑄦𑄧𑄃𑄨 𑄇𑄟𑄴 𑄉𑄧𑄢 𑄛𑄧𑄢𑄨𑄝𑄧 - 𑄢𑄋 𑄎𑄮𑄛𑄴 𑄘𑄨𑄣𑄧।,.সে খালি হাতে কাজ করবে - লাল জোপ দিল
𑄎𑄪𑄚𑄪 𑄃𑄧𑄣𑄧𑄢𑄴 𑄦𑄮𑄃𑄨 𑄇𑄇𑄴𑄈𑄧𑄚𑄴 𑄟𑄧𑄚𑄬 𑄟𑄧𑄚𑄬 𑄢𑄨𑄚𑄨 𑄌𑄬𑄣𑄧।,সূর্য অস্ত যাচ্ছে মনে হ
𑄦𑄧𑄠𑄴 𑄘𑄧 𑄢𑄋 𑄇𑄧𑄙𑄠𑄚𑄴।,হ তো লাল কথা
𑄈𑄣𑄨𑄇𑄴 𑄡𑄳𑄠𑄬𑄚𑄴𑄖𑄳𑄠𑄬𑄚𑄴 𑄉𑄧𑄢𑄨 𑄇𑄟𑄴 𑄉𑄧𑄣𑄴𑄣𑄬 𑄘𑄧 𑄚𑄧 𑄦𑄧𑄝𑄧।,খালি পেটে কাজ করলে হবে না
𑄉𑄳𑄠𑄚𑄴 𑄝𑄪𑄘𑄴𑄙𑄨 𑄚𑄧 𑄗𑄬𑄣𑄬 𑄇𑄧𑄚𑄧 𑄇𑄟𑄴 𑄃𑄇𑄴𑄇𑄮𑄃𑄨 𑄚𑄬𑄎 𑄚𑄧 𑄡𑄬𑄠𑄴।,. বুদ্ধি না থাকলে কোনো কাজ সহজে করা যা না
𑄃𑄳𑄠𑄬𑄚𑄴 𑄞𑄝𑄧𑄘𑄬 𑄞𑄝𑄧𑄘𑄬 𑄃𑄬𑄇𑄴 𑄟𑄢𑄋 𑄘𑄪𑄝𑄴 𑄉𑄧𑄢𑄨 𑄛𑄚𑄨𑄖𑄴 𑄛𑄧𑄢𑄨 𑄟𑄌𑄴 𑄒𑄪𑄘𑄮𑄖𑄴 𑄉𑄧𑄢𑄨 𑄉𑄏𑄧𑄖𑄴 𑄃𑄪𑄙𑄨𑄣𑄧𑄉𑄮𑄃𑄨।,.অনেক চিন্তা করতে করতে একটা মাছ পানিতে পে গেল
𑄎𑄪𑄚𑄪 𑄟𑄙𑄖𑄴 𑄚 𑄚 𑄌𑄨𑄙 𑄃𑄬𑄎𑄬𑄢𑄴।,জোনাকির মাথা না নাচিে আসে
𑄈𑄣𑄨𑄇𑄴 𑄇𑄨 𑄉𑄧𑄢𑄨𑄝𑄧 𑄞𑄝𑄨 𑄚𑄧 𑄛𑄢𑄴 ।,খালিক কি গরিব ভাবতে পারে না
𑄖𑄬 𑄞𑄝𑄬𑄢𑄴 𑄟𑄢𑄋𑄝𑄮 𑄡𑄬𑄚𑄬 𑄟𑄳𑄦𑄬𑄖𑄴 𑄘𑄨𑄘𑄧 𑄌𑄢𑄴 𑄃𑄬𑄇𑄴 𑄟𑄮𑄇𑄳𑄠 𑄦𑄮𑄃𑄨 𑄇𑄟𑄴 𑄉𑄧𑄢𑄴𑄣𑄬 𑄙𑄪𑄎𑄨 𑄗𑄪𑄟𑄴 𑄉𑄧𑄢𑄨 𑄛𑄢𑄬।,সে মানুষরা যেন মাঠে দুই ভাগ করে কাজ করলে শেষ করতে পারে
𑄇𑄬𑄣𑄥𑄴 𑄑𑄬𑄚𑄧𑄖𑄴 𑄃𑄪𑄙𑄨𑄣𑄬 𑄝𑄬𑄉𑄧𑄢𑄴 𑄣𑄬𑄊𑄛𑄧𑄢 𑄙𑄪𑄝𑄧𑄙𑄪𑄝𑄨 𑄛𑄧𑄣𑄴𑄣𑄧।,কেলাসে উঠার সম বেগের লেখা পলো
𑄝𑄚 𑄙𑄪𑄝𑄧𑄙𑄪𑄝𑄨 𑄚𑄧𑄠𑄴 𑄘𑄨 𑄎𑄧𑄚𑄧𑄢𑄴।,শুধু ধোঁাধুি না দুই জন
𑄢𑄋𑄣𑄮𑄃𑄨 𑄎𑄪𑄚𑄪 𑄖𑄢 𑄌𑄨𑄙 𑄌𑄧𑄌𑄴𑄎 𑄃𑄢𑄬𑄇𑄴 𑄇𑄬𑄃𑄨𑄖𑄴।,লাল রঙের জুনিে তাদের চিটিংবাজ আরেক কেত
𑄘𑄨 𑄎𑄧𑄚𑄧𑄢𑄴 𑄟𑄪 𑄜𑄬𑄚𑄜𑄬𑄚𑄨 𑄦𑄧𑄢𑄴 𑄚𑄚𑄚𑄴 𑄝𑄝𑄧𑄖𑄳𑄠 𑄝𑄨𑄥𑄧𑄠𑄴 𑄚𑄨𑄚𑄬।,দুই জন মুখের ফেনা দিে নানা ধরনের বিাল নিে যাচ্ছে
𑄖𑄢 𑄣𑄧𑄉𑄬 𑄃𑄢𑄧 𑄝𑄢 𑄛𑄱 𑄍।,তাদের সাথে আর ব ছেলে ছাা
𑄇𑄧𑄚𑄧𑄇𑄴𑄈𑄚𑄴 𑄎𑄉𑄖𑄴 𑄉𑄪𑄣𑄜 𑄉𑄧𑄢𑄨 𑄝𑄧𑄘𑄇𑄴 𑄃 𑄚𑄚 𑄝𑄝𑄧𑄖𑄳𑄠 𑄝𑄨𑄥𑄧𑄠𑄴 𑄚𑄨𑄚𑄬 𑄟𑄪 𑄜𑄬𑄚𑄜𑄬𑄚𑄨 𑄦𑄧𑄘𑄧।,.কনানের জাগা অনেক ব ব বিচি আছে।
𑄉𑄣 𑄉𑄣 𑄥𑄧𑄟𑄎𑄳𑄠𑄠𑄪𑄚𑄬𑄠𑄮 𑄜𑄉𑄧𑄖𑄴 𑄥𑄧𑄟𑄨𑄘𑄇𑄴।,গালা গালা সমাজও যোগ দিচ্ছে
𑄘𑄨𑄚𑄴 𑄘𑄨𑄚𑄴 𑄖𑄢 𑄎𑄧𑄙 𑄝𑄖𑄴𑄖𑄧𑄚𑄴 𑄃 𑄝𑄖𑄴𑄖𑄧𑄚𑄴।,দিন দিন তারা জতা করতেছে
𑄎𑄪𑄚𑄪 𑄃 𑄢𑄋𑄢𑄬 𑄝𑄬𑄉𑄬 𑄚𑄬𑄖𑄎𑄨 𑄉𑄧𑄢𑄨 𑄓𑄉 𑄙𑄧𑄢𑄴𑄣𑄇𑄴।,.জুনু আ লালকে অনেক ব করে দাঁিে ধরলো।
𑄃𑄬𑄇𑄴 𑄎𑄧𑄚𑄧𑄢𑄬 𑄓𑄉𑄨𑄘𑄇𑄴 𑄓𑄋𑄧𑄢𑄴 𑄚𑄬𑄖𑄎𑄨 𑄃𑄢𑄧 𑄃𑄬𑄇𑄴 𑄎𑄧𑄚𑄧𑄢𑄬 𑄍𑄨𑄉𑄮𑄚𑄴 𑄚𑄬𑄖𑄎𑄨।,এক জনকে ডাগা ডাঙিে আর অন্যজনকে ছিঁে নেে আছে
𑄃𑄬𑄎𑄚𑄴 𑄉𑄧𑄢𑄨 𑄘𑄨𑄚𑄴 𑄉𑄧𑄋𑄨 𑄡 𑄙𑄧𑄢𑄴𑄣𑄧।,এত করে দিন করে যা
𑄜𑄉𑄮𑄚𑄴 𑄟𑄌𑄴 𑄝𑄨𑄘𑄨 𑄡𑄬𑄘𑄧𑄉𑄮𑄃𑄨 𑄇𑄎𑄬𑄃𑄨𑄠𑄳𑄠𑄬।,ফাকিঁ মাছ বিে যা
𑄥𑄧𑄚 𑄇𑄬𑄣𑄎𑄧𑄖𑄴 𑄥𑄟𑄴𑄝𑄘𑄴 𑄃𑄚𑄨𑄣𑄧 𑄃𑄬𑄎𑄬𑄖𑄳𑄠𑄬 𑄇𑄬𑄣𑄳𑄠 𑄃𑄉𑄢𑄬𑄘𑄨 𑄉𑄢𑄨𑄑𑄚 𑄃𑄊𑄬।,.সরঞ্জাম কাটার সম সামিক মালপত্র আনা হেছে।
𑄡𑄧𑄘𑄧𑄝𑄧𑄘𑄬 𑄃𑄪𑄌𑄴𑄱 𑄦𑄧𑄝𑄧।,যত ব হবে
𑄝𑄬𑄉𑄬 𑄜𑄣𑄴𑄣𑄬 𑄃𑄪𑄙𑄨𑄣𑄇𑄴 ।,দ্রুত লাফিে উঠল
𑄖𑄬𑄟𑄴𑄟𑄁 𑄥𑄪𑄣𑄴𑄣𑄪𑄇𑄴 𑄦𑄧𑄣𑄧 𑄎𑄧𑄙 𑄉𑄧𑄢𑄨 𑄃𑄇𑄴𑄇𑄮𑄃𑄨 𑄡𑄬𑄝𑄇𑄴 ।,তেমাং সুল্লুক হলো সবার ছোট করে আসবে
𑄇𑄪𑄙𑄪 𑄃𑄨𑄌𑄴𑄇𑄪𑄣𑄴 !,কোথা আসলাম
𑄥𑄨𑄚𑄳𑄠 𑄃𑄨𑄌𑄴𑄇𑄪𑄣𑄴 𑄇𑄧𑄣𑄬 𑄈𑄣𑄨।,সিঁা স্কুলে খালি
𑄎𑄧𑄙 𑄎𑄧𑄙 𑄉𑄧𑄢𑄨 𑄝𑄬𑄇𑄴 𑄉𑄢𑄨𑄑𑄚 𑄟𑄧𑄇𑄳𑄠 𑄣𑄧𑄢𑄴।,জোর করে সব গাি নিে যাওা
𑄓𑄋𑄧𑄢𑄴 𑄌𑄧𑄢𑄴 𑄞𑄪𑄪𑄃𑄨।,এক জাতী বুনো ফল
𑄟𑄚𑄴𑄎𑄮𑄢𑄴 𑄉𑄬𑄚𑄴𑄎𑄉𑄬𑄚𑄴𑄎𑄨।,মাছ ধরার চাঁই
𑄇𑄧𑄚𑄬 𑄇𑄨 𑄉𑄧𑄖𑄴𑄖𑄧𑄚𑄴 𑄃𑄪𑄘𑄨𑄌𑄴 𑄚𑄬𑄃𑄨 ।,.কে কি স্রোতের উজানে উঠছে
𑄝𑄬𑄣𑄚𑄴 𑄃𑄬𑄇𑄴𑄇 𑄦𑄣𑄬𑄣𑄬 𑄙𑄪𑄢𑄪𑄁 𑄙𑄪𑄢𑄪𑄁 𑄔𑄪𑄣𑄴 𑄝𑄏𑄬𑄢𑄴।,সূর্য একটু হেলে গেলে দাউ দাউ করে ঝিমিে থাকে
𑄟𑄚𑄴𑄎𑄮𑄢𑄴 𑄖𑄟𑄴𑄎।,মাছ ধরার চাঁই
"𑄚𑄏𑄧𑄘𑄧𑄚𑄴, 𑄦𑄏𑄧𑄘𑄧𑄚𑄴, 𑄉 𑄘𑄧𑄚𑄴 𑄞𑄬𑄘𑄬𑄢𑄴 𑄥𑄬𑄘𑄬𑄢𑄴।","নাকটা,হাওা,গাের দা ভেদ করে যাচ্ছে"
𑄦𑄎𑄢𑄴 𑄦𑄎𑄢𑄴 𑄟𑄚𑄴𑄎𑄮𑄢𑄴 𑄞𑄨𑄘𑄨𑄢𑄬 𑄇𑄧𑄚𑄬 𑄇𑄪𑄙𑄪 𑄈𑄧𑄝𑄧𑄢𑄴 𑄛𑄬𑄝𑄢𑄴 𑄎𑄪 𑄚𑄬𑄃𑄨 ।,হাজার হাজার মানুষের মধ্যে কে কোথা খবর পাবে কে জানে
𑄎𑄪𑄚𑄪𑄘𑄊𑄨 𑄘𑄧𑄥𑄴 𑄛𑄧𑄚𑄧𑄢𑄴 𑄎𑄧𑄚𑄴 𑄛𑄧𑄏𑄨𑄟𑄴 𑄇𑄮𑄚𑄖𑄴 𑄉𑄏𑄧 𑄍𑄝 𑄖𑄧𑄣𑄬 𑄝𑄮𑄃𑄨 𑄃𑄊𑄧𑄚𑄴 𑄃 𑄌𑄬𑄃𑄨 𑄃𑄊𑄧𑄚𑄴 ।,জুনিে দশ জন লোক গাছের নিচে বসে আছে
𑄘𑄁𑄘𑄋𑄳𑄠 𑄢𑄮𑄖𑄴 𑄛𑄚𑄨 𑄖𑄨𑄢𑄌𑄴 ।,ব ব রোদ বৃষ্টি
𑄖𑄮 𑄝𑄬𑄉𑄧𑄢𑄴 𑄌𑄮𑄇𑄴 𑄉𑄢𑄨𑄠𑄚𑄧 𑄟𑄧𑄇𑄳𑄠।,.তার বোর চোখ গুলো গািে পে
𑄢𑄧𑄋𑄴 𑄇𑄝𑄮𑄌𑄴𑄥𑄮𑄃𑄨 𑄥𑄎𑄬𑄠𑄳𑄠𑄬 𑄉𑄢𑄨𑄠𑄚𑄧𑄖𑄴 𑄣𑄟𑄴𑄝 𑄇𑄎𑄨 𑄎𑄧𑄢 𑄘𑄬𑄘𑄧𑄚𑄴।,রং কাটসে সজ্জিত গািে লম্বা খোঁপা বেঁধে দিচ্ছে
𑄃𑄪𑄖𑄴𑄖𑄧𑄢𑄴 𑄟𑄧𑄇𑄳𑄠 𑄉𑄧𑄢𑄨 𑄢𑄪𑄞𑄧 𑄇𑄪𑄢𑄴।,এক জাতী বুনো ফল
𑄖 𑄘𑄧𑄊𑄨𑄚𑄬 𑄟𑄧𑄢𑄝𑄮𑄢𑄬 𑄥𑄎𑄬𑄃𑄨𑄚𑄬 𑄗𑄪𑄠𑄮𑄚𑄴।,তার পাশে মরা মানুষটাকে শুেছে
𑄌𑄬𑄢𑄮 𑄇𑄬𑄃𑄨𑄖𑄴 𑄟𑄚𑄪𑄌𑄴 𑄃 𑄟𑄚𑄪𑄌𑄴।,এক জাতী মানুষ
𑄢𑄋 𑄇𑄧𑄠𑄴𑄘𑄬 𑄎𑄪𑄚𑄪 𑄞𑄬𑄃𑄨 - 𑄛𑄚𑄨 𑄖𑄨𑄢𑄏𑄬 𑄟𑄧𑄢𑄨 𑄉𑄬𑄣𑄪𑄁!,লাল কেকটা জুনু ভাই - পানির পিপাসা মিটে গেল
𑄎𑄪𑄚𑄪 - 𑄡𑄬𑄃𑄨 𑄡𑄬𑄃𑄨 𑄇𑄪𑄌𑄳𑄠𑄣𑄴 𑄈𑄬𑄃𑄨 𑄠𑄨।,জুনু-যেই ঝগা খেে
𑄇𑄃𑄨𑄇𑄪𑄢𑄬𑄖𑄴𑄖𑄪𑄚𑄴 𑄇𑄪𑄌𑄳𑄠𑄣𑄴 𑄇𑄨𑄚𑄨 𑄃𑄚𑄨 𑄝𑄬𑄉𑄬 𑄈 𑄙𑄧𑄢𑄴𑄣𑄇𑄴।,কাঁকার থেকে ঝগা কিনে এনে ভালো করে খা
𑄈𑄘𑄧𑄚𑄴 𑄃 𑄌𑄬𑄃𑄨 𑄃𑄊𑄧𑄚𑄴।,.খাওাটা দেখতেছি
𑄟𑄮𑄇𑄳𑄠 𑄚𑄬𑄃𑄨𑄟𑄮𑄇𑄳𑄠 𑄑𑄚𑄑𑄚𑄨 𑄌𑄧𑄣𑄨𑄣𑄧 𑄇𑄇𑄴𑄈𑄧𑄚𑄴।,.মাকা নাামাা চলতেছে
𑄚𑄬𑄃𑄨𑄟𑄮𑄇𑄳𑄠 𑄡𑄬𑄇𑄴𑄇𑄬 𑄥𑄬𑄎𑄬𑄢 𑄈𑄘𑄧𑄚𑄴 𑄘𑄧𑄢𑄨𑄚𑄨𑄖𑄴 𑄏𑄇𑄴 𑄏𑄇𑄴 𑄟𑄨𑄣𑄬𑄘𑄧𑄣 𑄙𑄧𑄢𑄨 𑄝𑄧𑄣𑄴 𑄘𑄨𑄣𑄇𑄴।,.ন্যাকামোটা কিছুক্ষণ পর ভে ভে মেেদের ধরে বল দিল
𑄟𑄮𑄇𑄳𑄠𑄚𑄴𑄘𑄨 𑄃𑄬𑄇𑄴𑄇𑄚𑄴 𑄘𑄧𑄢𑄨 𑄍𑄨𑄚𑄨 𑄉𑄬𑄣𑄬 𑄃𑄪𑄢𑄴𑄃𑄪𑄢𑄬𑄃𑄨 𑄉𑄢𑄨 𑄑𑄚𑄨 𑄃𑄚𑄨𑄣𑄇𑄴।,মেেটি একটি দড়ি নিে গেলে উপর থেকে গাি টেনে নিে আসলো
𑄟𑄮𑄇𑄳𑄠𑄠𑄪𑄚𑄬 𑄃𑄬𑄇𑄴𑄇 𑄌𑄪𑄙 𑄟𑄪 𑄦𑄧𑄣𑄇𑄴।,.মেেটা একটু চুপ হে আছে
𑄚𑄬𑄃𑄨𑄟𑄮𑄇𑄳𑄠 𑄜𑄣𑄴𑄣𑄬𑄃𑄨 𑄜𑄣𑄴𑄣𑄬𑄃𑄨 𑄃𑄪𑄌𑄴𑄌𑄮 𑄉𑄧𑄖𑄴𑄖𑄧𑄚𑄴 𑄃 𑄎𑄧𑄉𑄢𑄴 𑄛𑄖𑄴𑄖𑄧𑄚𑄴।,.ন্যাকামো করে লাফিে লাফিে উঁচু হেছে
𑄃𑄬𑄇𑄴𑄘𑄊𑄨 𑄟𑄨𑄣𑄬𑄃𑄨 𑄇𑄧𑄙𑄧𑄚𑄴 - 𑄥𑄬𑄘𑄟𑄴 𑄃𑄊𑄬𑄚𑄨!,একদল মেে-এক দল আছে!
𑄃𑄟𑄨 𑄚𑄧 𑄦𑄧𑄣𑄬 𑄎𑄨𑄚𑄨𑄘!,আমরা না হলে জাগা
𑄃𑄬𑄇𑄴𑄘𑄊𑄨𑄠𑄬 𑄦𑄮𑄃𑄨 𑄦𑄮𑄃𑄨 𑄉𑄧𑄢𑄨 𑄦𑄏𑄧𑄘𑄧𑄚𑄴।,একগুঁে হে হাঁটছে
𑄖 𑄎𑄬𑄢𑄬 𑄑𑄚𑄑𑄚𑄨 𑄦𑄧𑄣𑄧 - 𑄟𑄨𑄣𑄬 𑄟𑄧𑄢𑄧𑄘𑄴।,তার পরে টানাটানি হলো - মেে ছেলে
𑄇𑄪𑄙𑄪 𑄟𑄨𑄣𑄬!,কোথা মেে
𑄏𑄉𑄬 𑄏𑄉𑄬 𑄟𑄧𑄢𑄧𑄖𑄴 𑄡𑄬𑄃𑄨 𑄟𑄨𑄣𑄬𑄠𑄪𑄚𑄧𑄢𑄬 𑄝𑄧𑄣𑄴 𑄘𑄨𑄣𑄇𑄴।,লাফিে লাফিে ছেলেটা যে মেেটাকে শক্তি দিল
𑄟𑄧𑄢𑄧𑄖𑄴𑄪𑄚𑄴 𑄥𑄬𑄎𑄬𑄢 𑄈𑄬𑄣𑄇𑄴।,পুরুষ শুকরের খেলা
𑄟𑄨𑄣𑄬𑄠𑄪𑄚𑄬 𑄎𑄨𑄚𑄨𑄣𑄬 𑄜𑄣𑄴𑄣𑄬 𑄙𑄧𑄢𑄴𑄣𑄇𑄴 𑄇𑄇𑄴𑄈𑄧𑄚𑄴।,মেেরা মিলে গেলে লাফিে ধরা হ
𑄃𑄬𑄇𑄴𑄘𑄊𑄨𑄠𑄳𑄠𑄬 𑄇𑄧𑄙𑄧𑄚𑄴 - 𑄃𑄨𑄠𑄚𑄴 𑄚𑄧 𑄦𑄧𑄝𑄧।,এক কথার কথা - এটা হবে না
𑄟𑄨𑄣𑄬𑄠𑄪𑄚𑄧𑄢𑄬 𑄝𑄧𑄣𑄴 𑄘𑄮𑄚𑄴 𑄇𑄬𑄃𑄨!,মেেটাকে বল দাও তো!
𑄚𑄧 𑄦𑄧𑄣𑄬 𑄎𑄨𑄘𑄨𑄣𑄧𑄁𑄠𑄪𑄚𑄴!,.না হলে গেলাম না!
𑄃𑄬𑄎𑄚𑄴𑄉𑄧𑄢𑄨 𑄑𑄚𑄑𑄚𑄨 𑄌𑄧𑄣𑄬𑄢𑄴 𑄃 𑄙𑄪𑄣𑄴 𑄝𑄎𑄬𑄢𑄴 ।,এত ব টানাটানি চলতেছে আর ঢোল বাজছে
𑄟𑄚𑄴𑄎𑄮𑄢𑄴 𑄖𑄟𑄴𑄎 𑄃 𑄇𑄋𑄬𑄣𑄴𑄠𑄬𑄖𑄴𑄚 𑄢𑄧।,মাটিটা শক্ত হেছে
𑄃𑄘𑄬𑄇𑄳𑄠𑄉𑄧𑄢𑄨 𑄝𑄧𑄢𑄴 𑄝𑄧𑄢𑄴 𑄢𑄧 𑄉𑄧𑄢𑄨 𑄥𑄪𑄚 𑄡𑄢𑄴 𑄃𑄨𑄇𑄴𑄇𑄪𑄚𑄪 𑄖𑄧𑄣𑄧𑄇𑄪𑄣𑄳𑄠 𑄃 𑄃𑄉𑄬𑄢𑄬𑄇𑄪𑄣𑄳𑄠।,.আগে থেকে ব ব করে শোনা যা এমন আছে
𑄇𑄧𑄚 𑄦𑄧𑄘𑄬 𑄚𑄧 𑄦𑄧𑄘𑄬 𑄥𑄧𑄖𑄴 𑄥𑄧𑄖𑄴 𑄟𑄚𑄪𑄌𑄴 𑄉𑄢𑄨𑄢𑄴 𑄇𑄎𑄨𑄖𑄴 𑄡𑄬𑄃𑄨 𑄘𑄧𑄢𑄧 𑄉𑄧𑄢𑄨 𑄙𑄧𑄢 𑄙𑄧𑄎𑄳𑄠𑄧𑄚𑄴।,কেকটা হে না হে অনেক মানুষ গািে এত ভ করে ধরছে
𑄡 𑄡 𑄇𑄬𑄃𑄨𑄖𑄳𑄠 𑄑𑄚𑄨𑄝𑄢𑄴 𑄎𑄪𑄉𑄮𑄣𑄧𑄘𑄧𑄚𑄴।,.যাওা যা এমন কা বানাতে হ
𑄎𑄪𑄚𑄪𑄘𑄊𑄨 𑄃𑄘𑄬𑄇𑄳𑄠𑄉𑄧𑄢𑄨 𑄥𑄪𑄚𑄧𑄚𑄴 𑄙𑄬𑄙।,জোনাকির আলো ফোটার শব্দ
𑄃𑄪𑄉𑄪𑄢𑄬𑄚𑄴𑄘𑄨 𑄢𑄨𑄚𑄨 𑄌𑄬𑄃𑄨𑄚𑄬 𑄘𑄬𑄊 𑄉𑄬𑄣𑄧 𑄥𑄧𑄖𑄴 𑄥𑄧𑄖𑄴 𑄃𑄨𑄘𑄬 𑄘𑄧𑄣 𑄃𑄉𑄏𑄧𑄖𑄴 𑄃𑄪𑄢𑄨 𑄃𑄪𑄢𑄨 𑄟𑄘𑄨𑄖𑄴 𑄛𑄧𑄖𑄴𑄖𑄧𑄚𑄴।,উপরের দিকে রিলোডের শব্দ করে মাটিতে পে গেল
𑄟𑄚𑄪𑄌𑄴 𑄡𑄬 𑄡𑄨𑄚𑄴𑄘𑄨 𑄛𑄢𑄬 𑄙𑄬𑄃𑄨 𑄡𑄘𑄧𑄚𑄴।,মানুষ যে যেদিকে পারে হেঁটে যাচ্ছে
𑄟𑄳𑄦!,মা
𑄃 𑄃𑄨𑄠𑄚𑄴 𑄇𑄨 𑄦𑄧𑄣𑄧।,.এটা কি হলো
𑄉𑄢𑄨𑄑𑄚 𑄘𑄧 𑄚𑄧𑄠𑄴 𑄃𑄨𑄙𑄬 𑄟𑄬𑄣𑄟𑄬𑄣𑄨 ।,গািটা তো মেলামেলি
"𑄘𑄨 𑄃𑄬𑄇𑄴 𑄎𑄧𑄚𑄧𑄢𑄴 𑄃𑄨𑄘𑄬 𑄣𑄊𑄨 𑄇𑄧𑄝𑄣𑄴, 𑄥𑄨𑄢𑄬 𑄜𑄘𑄨𑄣𑄧।","দুই এক জন লোক একসাথে কথা বলছে, মাথা ফাটা"
𑄘𑄨 𑄃𑄬𑄇𑄴𑄎𑄧𑄚𑄴 𑄟𑄙 𑄜𑄘𑄨 𑄢𑄮𑄋𑄧𑄚𑄨 𑄦𑄧𑄃𑄨 𑄇𑄚𑄧𑄘𑄧𑄚𑄴।,দুইজন মাথা ফাটার শব্দ করতেছে
𑄇𑄨𑄖𑄳𑄠 𑄃𑄨𑄘𑄬 𑄟𑄬𑄣𑄟𑄬𑄣𑄨 𑄇𑄨𑄠𑄧𑄃𑄨 𑄉𑄧𑄟𑄬 𑄟𑄳𑄦𑄬𑄖𑄴 𑄚𑄧 𑄛𑄚𑄴।,কত ব মেলাও শান্তি পাওা যা না
𑄝𑄬𑄇𑄴 𑄟𑄚𑄪𑄌𑄴 𑄥𑄬𑄇𑄴𑄇𑄬 𑄊𑄧𑄢𑄴 𑄟𑄧𑄇𑄳𑄠 𑄣𑄧𑄢𑄴 𑄘𑄮𑄚𑄴।,সব মানুষ এখন বািে যা
𑄇𑄪𑄙𑄪 𑄃𑄢𑄴 𑄉𑄢𑄨𑄑𑄚 !,কোথা আর গাড়ি চালানো
𑄥𑄨𑄠𑄮𑄖𑄴 𑄗𑄪𑄟𑄴।,সেখানে শেষ
𑄢𑄋𑄣𑄮𑄃𑄨 𑄎𑄪𑄚𑄪 𑄖𑄮𑄉𑄬𑄃𑄨 𑄌𑄚𑄴𑄘𑄬 𑄖𑄢 𑄥𑄧𑄟𑄎𑄳𑄠𑄠𑄪𑄚𑄴 𑄇𑄧𑄚𑄬 𑄇𑄪𑄚𑄴𑄘𑄨 𑄟𑄪𑄢𑄴𑄉𑄪𑄥𑄳𑄠 𑄒𑄨𑄇𑄴 𑄚𑄬𑄃𑄨।,লাল রঙের জুনু তাাতাি তাদের গ্রামের মানুষরা ঠিক নেই
𑄡𑄢𑄢𑄬 𑄡𑄢𑄢𑄬 𑄛𑄬𑄣𑄇𑄴 𑄖𑄢𑄣𑄮𑄃𑄨 𑄊𑄧𑄢𑄴𑄟𑄧𑄇𑄳𑄠 𑄣𑄧𑄢𑄴 𑄘𑄨𑄣𑄇𑄴।,যাদের যাদের পেলাম তাদের বািটা বের করে দিল
𑄢𑄋 𑄃𑄬𑄖𑄴𑄖𑄬 𑄃𑄬𑄖𑄴𑄖𑄬 𑄇𑄧𑄣𑄧 - 𑄥𑄧𑄟𑄎𑄧𑄖𑄴 𑄚𑄬𑄖𑄴𑄖𑄳𑄢𑄨𑄖𑄧 𑄚𑄧 𑄗𑄬𑄣𑄬 𑄃𑄬 𑄦𑄣𑄴 𑄦𑄧𑄠𑄴।,লাল আাআি কল-সমাজে সভ্য না থাকলে এই হাল হ
"𑄇𑄧𑄚𑄧 𑄎𑄉𑄖𑄴 𑄚𑄨𑄖𑄨, 𑄥𑄪𑄘𑄮𑄟𑄴 𑄟𑄚𑄟𑄚𑄨 𑄚𑄧 𑄦𑄧𑄣𑄬 𑄃𑄬𑄎𑄚𑄴 𑄦𑄧𑄠𑄴।","কোন জাগা নিে যাওা,সুঁচালো না হলে আসা যা"
𑄎𑄪𑄚𑄪 𑄇𑄨 𑄇𑄧𑄙 𑄇𑄧𑄝𑄧 𑄖𑄮𑄉𑄬𑄃𑄨 𑄚𑄧 𑄛𑄢𑄴।,জুনিে কি কথা বলতে পারে না
"𑄛𑄬𑄖𑄴 𑄛𑄧𑄢𑄠𑄴, 𑄛𑄚𑄨 𑄖𑄏𑄬 𑄦𑄘𑄨 𑄚𑄧 𑄛𑄢𑄨𑄝𑄢𑄴 𑄘𑄧𑄏।","ক্ষুধা লেগেছে, পানি সহ্য করতে পারতেছি না"
𑄎𑄪𑄚𑄪 𑄟𑄧𑄚𑄬 𑄟𑄧𑄚𑄬 𑄢𑄨𑄚𑄨 𑄌𑄬𑄃𑄨 𑄟𑄳𑄦𑄬𑄖𑄴 𑄛𑄬𑄣𑄧।,জুনিে মনে পে মেে পেল
𑄃𑄟 𑄎𑄖𑄴𑄱 𑄝𑄬𑄥𑄪𑄘𑄧𑄟𑄬 𑄌𑄧𑄣𑄧𑄘𑄬 𑄡𑄧𑄘𑄧𑄝𑄧𑄘𑄬 𑄃𑄇𑄳𑄠𑄁।,আমাদের জাতিটা সবসম চলে
𑄃𑄟𑄢𑄴 𑄇𑄪𑄝𑄮𑄖𑄴 𑄥𑄪𑄘𑄮𑄟𑄴 𑄃𑄊𑄬!,আমার কাছে মিষ্টি আছে!
𑄃𑄟𑄢𑄴 𑄇𑄪𑄝𑄮𑄖𑄴 𑄥𑄪𑄘𑄮𑄟𑄴 𑄟𑄚 𑄦𑄧𑄠𑄴।,আমার কোথাও শান্তি নেই
𑄢𑄨𑄚𑄨 𑄌𑄬𑄣𑄬 𑄖𑄮𑄉𑄬 𑄛 𑄚𑄧 𑄡𑄠𑄴।,.নিচে দেখলে সহ্য করা যা না
"𑄚𑄨𑄖𑄨, 𑄥𑄪𑄘𑄮𑄟𑄴 𑄚𑄧 𑄗𑄬𑄣𑄬 𑄞𑄣𑄬𑄖𑄴 𑄇𑄪𑄖𑄴𑄖𑄪𑄚𑄴 𑄃𑄬𑄝𑄧।",নিে যাওা ভালো না থাকলে কোথা থেকে আসবে
𑄎𑄪𑄚𑄪 𑄟𑄧𑄚𑄬 𑄟𑄧𑄚𑄬 𑄢𑄨𑄚𑄨 𑄌𑄬𑄃𑄨 𑄣𑄟𑄴𑄝𑄉𑄧𑄢𑄨 𑄚𑄨𑄏𑄬𑄌𑄴 𑄜𑄬𑄣𑄬𑄣𑄧।,জুনু মনে মনে অনেক ব নিশ্বাস ফেললো
𑄊𑄧𑄢𑄧𑄖𑄴 𑄡𑄬𑄇𑄴𑄇𑄬 𑄣𑄪𑄋𑄨𑄣𑄧 𑄥𑄌𑄴 𑄦𑄧𑄋𑄴 𑄦𑄧𑄋𑄴।,বািতে কিছুক্ষণ পর বের হে গেল
𑄎𑄪𑄚𑄪 𑄝𑄝𑄬 𑄥𑄨𑄋𑄧𑄝𑄖𑄴 𑄌𑄬𑄠𑄢𑄧𑄖𑄴 𑄝𑄮𑄃𑄨 𑄘𑄝 𑄈𑄢𑄴।,জুনিে বািে হুক্কা খা
𑄃𑄬𑄖𑄴𑄖𑄬 𑄚𑄧 𑄃𑄬𑄖𑄴𑄖𑄬 𑄛𑄪𑄏𑄢𑄴 𑄉𑄧𑄢𑄴𑄣𑄧 - 𑄎𑄪𑄚𑄪 𑄃 𑄖𑄪𑄃𑄨 𑄃𑄬𑄘𑄧𑄇𑄴 𑄘𑄬𑄢𑄨 𑄇𑄨𑄠?,এত ব ব করে পোকামাক করলো -তুমি এত দেরি কেন?
𑄃𑄨𑄎𑄪 𑄇𑄬𑄣𑄥𑄴 𑄑𑄬𑄚𑄧 𑄛𑄱 𑄚𑄧 𑄛𑄧𑄢𑄴𑄣𑄬 𑄇𑄬𑄚𑄬 𑄛𑄥𑄴 𑄉𑄧𑄢𑄨𑄝𑄬!,.ইজু ক্লাস টেন ছেলে না পলে কেমনে পাস পাওা যা
𑄊𑄢𑄨𑄑𑄚 𑄌 𑄡𑄨𑄠𑄬𑄃𑄨 𑄘𑄳𑄠𑄬।,ঘািটা কেটে দো
𑄣𑄢𑄬 𑄉𑄧𑄢𑄨 𑄦𑄘𑄨 𑄃𑄬𑄖𑄴𑄖𑄬 𑄘𑄬𑄢𑄨 𑄦𑄧𑄣𑄧।,ধীর করে হাটতে হে আসলো
𑄎𑄪𑄚𑄪 𑄇𑄧𑄙 𑄗𑄪𑄟𑄴 𑄚𑄧 𑄦𑄧𑄘𑄬 𑄖 𑄝𑄝𑄬 𑄇𑄧𑄣𑄧 - 𑄃 𑄖𑄪𑄃𑄨 𑄥𑄣𑄬 𑄃𑄨𑄌𑄴𑄇𑄪𑄣𑄧𑄖𑄴 𑄚𑄧 𑄡𑄌𑄴!,জোনাকির কথা শেষ না হে তার বাবা বলে - তুমি তাহলে স্কুলে যাও না!
𑄎𑄪𑄚𑄪 𑄝𑄝𑄧 𑄇𑄧𑄙 𑄗𑄪𑄟𑄴 𑄦𑄧𑄘𑄬 𑄚𑄧 𑄦𑄧𑄘𑄬 𑄖𑄟𑄴𑄟 𑄃𑄬𑄃𑄨 𑄦𑄏𑄨𑄣𑄧 𑄦𑄧𑄣𑄧।,জোনাকির কথা শেষ হনা বলে তার মা এই কাজটা শেষ করলো
𑄃𑄬𑄘𑄧𑄇𑄴𑄈𑄧𑄚𑄴 𑄥𑄧𑄁 𑄖𑄬 𑄖𑄢 𑄇𑄧𑄙 𑄥𑄪𑄚𑄨 𑄥𑄪𑄚𑄨 𑄛𑄨𑄎𑄮𑄢𑄧𑄖𑄴 𑄇𑄟𑄴 𑄉𑄧𑄢𑄬𑄢𑄴।,এখন সে তাদের কথা শুনে রান্না ঘরে কাজ করে
𑄖 𑄝𑄝𑄬 𑄝𑄬𑄌𑄴 𑄎𑄮𑄣𑄴 𑄉𑄧𑄢𑄬𑄢𑄴 𑄥𑄪𑄚𑄨𑄚𑄬 𑄇𑄧𑄣𑄧 𑄖𑄪𑄃𑄨 𑄃𑄮 𑄖𑄧 𑄛𑄱𑄝𑄮𑄢𑄬 𑄇𑄨𑄖𑄳𑄠 𑄃𑄬𑄘𑄧𑄇𑄴 𑄎𑄮𑄣𑄴 𑄉𑄧𑄢𑄧𑄌𑄴 𑄇𑄨𑄎𑄬𑄚𑄨?,তার বাবা বেশি জোল করতেছে শুনে তুমি কেন তোমার ছেলেকে এত জোল করো
𑄎𑄪𑄚𑄪𑄢𑄬 𑄇𑄧𑄣𑄧 - 𑄡 𑄝𑄝 𑄉𑄖𑄴𑄖𑄮𑄃𑄨।,জোনাকির ডাক-যাওা বাবা-মা
𑄞𑄖𑄴 𑄈𑄬𑄘𑄧𑄁 𑄟𑄣𑄬।,ভাত খাওার সম
𑄎𑄪𑄚𑄪 𑄉𑄘 𑄉𑄬𑄣𑄬 𑄖 𑄝𑄝𑄬 𑄇𑄧𑄣𑄧 - 𑄖𑄧 𑄛𑄱𑄝𑄮𑄢𑄬 𑄝𑄬𑄌𑄴 𑄥𑄧𑄌𑄴 𑄃𑄨𑄢𑄨 𑄚𑄧 𑄘𑄨𑄌𑄴!,জুনু গাদা গেলে তার বাবা বলে - তোমার ছেলেকে বেশি কষ্ট দিও না!
𑄥𑄮।,bdmean
𑄖𑄟𑄴𑄟 𑄇𑄧𑄣𑄧 - 𑄃 𑄇𑄨 𑄥𑄧𑄌𑄴 𑄃𑄨𑄢𑄨 𑄚𑄬𑄘!,তার মা কল - এত কী মিষ্টি কথা বলে!
𑄍𑄬𑄢𑄬𑄉𑄪𑄚𑄬𑄘𑄨 𑄎𑄨𑄢𑄬𑄚𑄴 𑄃𑄮 𑄘𑄳𑄠𑄬 𑄛𑄧𑄢𑄬 𑄘𑄧।,ছেঁা বাঁশটা কেটে দিতে হ
𑄖 𑄝𑄝𑄬 𑄇𑄧𑄣𑄧 𑄃𑄨𑄠𑄮 𑄖𑄪𑄃𑄨 𑄃𑄬𑄇𑄴𑄇 𑄝𑄬𑄌𑄴 𑄚𑄧 𑄝𑄎𑄨𑄌𑄴 𑄥𑄳𑄠𑄬।,তার বািতে বললে তুমি একটুও চুপ করে থাকে না
𑄖𑄧 𑄛𑄱𑄝𑄮𑄢𑄬 𑄝𑄧𑄢𑄴𑄝𑄖𑄴 𑄘𑄨𑄝𑄬𑄘𑄬 𑄃𑄠𑄴 !,তোমার ছেলেকে বরবাদ দিবে তো!
𑄖𑄟𑄴𑄟 𑄇𑄧𑄣𑄧 𑄖𑄪𑄃𑄨 𑄌𑄬𑄃𑄨 𑄗𑄇𑄴।,.তার মা বললে তুমি তাাতাি থাকো
𑄟𑄧 𑄛𑄱 𑄇𑄧𑄚𑄧 𑄘𑄨𑄚𑄴 𑄝𑄧𑄢𑄴𑄝𑄖𑄴 𑄚𑄧 𑄦𑄧𑄝𑄧।,আমার ছেলে কোনো দিন বরবাদ হবে না
𑄖𑄧 𑄛𑄱𑄝𑄮𑄢𑄬 𑄝𑄬𑄇𑄴𑄇𑄪𑄚𑄬 𑄝𑄳𑄦𑄚𑄨 𑄉𑄧𑄢𑄧𑄚𑄴।,তোমার ছেলের জন্য সবাই অপেক্ষা করে
𑄝𑄬𑄉𑄧 𑄟𑄪𑄠𑄮 𑄥𑄘𑄬 𑄜𑄧𑄎𑄳𑄠 𑄦𑄧𑄝𑄧 𑄇𑄧𑄚𑄴।,.যত ব হবে আমি তত ব হবো
𑄖 𑄝𑄝𑄬 𑄇𑄇𑄴𑄈𑄧𑄚𑄴 𑄃𑄧𑄣𑄧𑄢𑄴 𑄦𑄧𑄃𑄨 𑄥𑄪𑄚𑄨𑄣𑄧।,তার বািটা একদম পরিষ্কার হেছে
"𑄎𑄬𑄢𑄬 𑄇𑄧𑄣𑄧 - 𑄌𑄘𑄬 𑄎𑄧𑄚𑄨 𑄝𑄨𑄉𑄳𑄠𑄚𑄴 𑄛𑄧𑄖𑄴𑄖𑄧 𑄓𑄇𑄴𑄖𑄧𑄢𑄴, 𑄃𑄨𑄚𑄴𑄎𑄨𑄚𑄨𑄠𑄢𑄴 𑄦𑄮𑄧𑄃𑄨 𑄛𑄣𑄴𑄣𑄪𑄚𑄴।","ঝেে কল - চাঁদে বিালের ডাক,ইনজিনিার হতে পারলাম"
𑄃𑄌𑄴𑄌 𑄃𑄧𑄚𑄪 𑄝𑄛𑄴 𑄖𑄪𑄃𑄨 𑄃𑄬𑄖𑄴𑄖𑄧𑄟𑄚𑄴 𑄞𑄪𑄣𑄴 𑄇𑄧𑄙 𑄇𑄨𑄖𑄳𑄠 𑄇𑄧𑄌𑄴!,এত ছোট তুমি কেন ভুল কথা বলতেছো
𑄝𑄚 𑄓𑄇𑄴𑄖𑄧𑄢𑄴 𑄃𑄨𑄚𑄴𑄎𑄨𑄚𑄨𑄠𑄢𑄴𑄠𑄪𑄚𑄬 𑄞𑄖𑄴 𑄈𑄚𑄴 𑄚𑄇𑄨!,শুধু বৈদ্যরা ভাত খা নাকি!
𑄉𑄧𑄟𑄬 𑄛𑄧𑄢𑄴𑄣𑄬 𑄡𑄮𑄖𑄴 𑄥𑄮𑄖𑄴 𑄘𑄟𑄴।,ভালোভাবে পলে শরীরে সুগন্ধি লাগে
𑄖 𑄝𑄝𑄬 𑄇𑄇𑄴𑄈𑄧𑄚𑄴 𑄃𑄧𑄣𑄧𑄢𑄴 𑄦𑄧𑄃𑄨 𑄎𑄬𑄢𑄬 𑄇𑄧𑄣𑄧 - 𑄖𑄧𑄟 𑄥𑄧𑄟𑄢𑄬 𑄚𑄧 𑄛𑄢𑄨𑄝𑄧 𑄘𑄬!,তার বাবা হঠাৎ করে চলে গেল - তোমাদের সাথে যেতে পারবে না
𑄎𑄪𑄚𑄪 𑄟 𑄇𑄧𑄙 𑄚𑄧 𑄝𑄢𑄬𑄚𑄬 𑄛𑄨𑄏𑄮𑄢𑄧𑄖𑄴 𑄉𑄬𑄣𑄧।,জোনাকির কথা না বলে জিজ্ঞাসা করতে গেল
"𑄗𑄣𑄴, 𑄇𑄧𑄘𑄧𑄢 𑄙𑄮𑄃𑄨 𑄞𑄘𑄧 𑄎𑄪𑄉𑄮𑄣𑄴 𑄉𑄧𑄢 𑄙𑄧𑄢𑄴𑄣𑄧।","থালা,কাপের ধোঁা দিে ভাত জো করা হ"
𑄎𑄪𑄚𑄪 𑄉𑄘𑄖𑄴𑄪𑄚𑄴 𑄣𑄪𑄋𑄨𑄣𑄬𑄉𑄨 𑄞𑄖𑄴 𑄈 𑄝𑄧𑄣𑄇𑄴।,জাগা থেকে বের হে ভাত খাওা যা
𑄞𑄖𑄴 𑄈𑄘𑄬 𑄈𑄘𑄬 𑄖 𑄝𑄝𑄬 𑄇𑄧𑄣𑄧 - 𑄛𑄧𑄢𑄨𑄇𑄴𑄈𑄬 𑄦𑄧𑄠𑄴 𑄥𑄧𑄁 𑄇𑄧𑄚𑄧 𑄇𑄬𑄃𑄨𑄖𑄴 𑄚𑄧 𑄡𑄬𑄃𑄨𑄌𑄴 𑄃𑄢𑄴!,.ভাত খেতে খেতে তার বাি বলে - পরীক্ষা আর বেশি দূরে যাওা যা না
𑄃𑄬 𑄞𑄨𑄘𑄨𑄢𑄬 𑄛𑄧𑄢 𑄗𑄪𑄟𑄴 𑄉𑄧𑄢𑄨 𑄚𑄧 𑄛𑄢𑄴𑄣𑄬 𑄑𑄬𑄥𑄴𑄖𑄧 𑄛𑄧𑄢𑄨𑄇𑄴𑄈𑄬 𑄎𑄮𑄣𑄧𑄖𑄴 𑄛𑄧𑄢𑄨𑄝𑄬 𑄥𑄳𑄠।,.এই ভিটেটা শেষ করতে না পারলে মেঝেতে পতে হবে
𑄎𑄪𑄚𑄪 𑄟𑄝𑄮 𑄇𑄧𑄣𑄧 - 𑄖𑄪𑄃𑄨 𑄃𑄬𑄇𑄴𑄇 𑄌𑄨𑄙𑄬 𑄚𑄧 𑄉𑄧𑄢𑄨𑄌𑄴 𑄘𑄬।,জোনাকির ডাক -তুমি একটুও চুপ করে থেকো না
𑄖𑄧 𑄛𑄱𑄝𑄮 𑄉𑄧𑄟𑄴 𑄢𑄬𑄎𑄣𑄴𑄑𑄴 𑄉𑄧𑄢𑄨 𑄛𑄥𑄴 𑄉𑄧𑄢𑄨𑄝𑄧।,তোমার ছেলে ভালো রেজাল্ট করে
𑄖𑄪𑄃𑄨 𑄌𑄬𑄃𑄨 𑄗𑄇𑄴।,তুমি দেখে থাক
𑄎𑄪𑄚𑄪 𑄞𑄖𑄴 𑄈𑄬𑄃𑄨 𑄈𑄬𑄃𑄨 𑄉𑄪𑄘𑄨𑄖𑄴 𑄉𑄬𑄣𑄧।,.জুনু ভাত খেে রুমে গেল
𑄇𑄇𑄴𑄈𑄧𑄚𑄴 𑄈𑄖 𑄃𑄪𑄣𑄴𑄣𑄬𑄣𑄧।,.কাঁকা খাতা উল্টালো
𑄝𑄧𑄃𑄨 𑄇𑄇𑄴𑄈𑄧𑄚𑄴 𑄟𑄙𑄬𑄃𑄨 𑄊𑄪𑄟𑄴 𑄉𑄬𑄣𑄧।,বই পার সমে ঘুম ভাঙলো
𑄝𑄨𑄏𑄪 𑄘𑄨𑄚𑄴 𑄘𑄨𑄚𑄴 𑄇𑄃𑄨 𑄊𑄧𑄚𑄬𑄃𑄨 𑄃𑄬𑄎𑄬𑄢𑄴 ।,বিঝুর দিন দিন কমে আসতেছে
𑄃𑄢𑄧 𑄛𑄧𑄚𑄧𑄢𑄧 𑄇𑄪𑄢𑄨 𑄘𑄨𑄚𑄴 𑄟𑄪𑄎𑄪𑄋𑄬 𑄃𑄊𑄬।,আর পনরের কুিগুলো সামনে আছে
𑄝𑄬𑄣𑄳𑄠 𑄟𑄙𑄚𑄴।,সূর্য ডোবার সম
𑄝𑄬𑄣𑄴 𑄚𑄧 𑄓𑄪𑄝𑄬।,সূর্য ডোবার সম
𑄎𑄪𑄚𑄪 𑄃𑄨𑄌𑄴𑄇𑄪𑄣𑄮𑄖𑄴𑄪𑄚𑄴 𑄃𑄬𑄃𑄨 𑄃𑄃𑄨 𑄝𑄬𑄢𑄢𑄴𑄣𑄮𑄃𑄨।,জোনাকির বাসা থেকে এই আগুনটা বের হ
𑄖 𑄝𑄝𑄬 𑄥𑄨𑄋𑄮𑄝𑄖𑄴 𑄇𑄨 𑄣𑄬𑄊𑄬𑄢𑄴।,তার বািতে কি লেখা
𑄖𑄟𑄴𑄟 𑄌𑄮𑄣𑄴𑄠𑄪𑄚𑄴 𑄛𑄨𑄎𑄮𑄢𑄧𑄖𑄴 𑄏𑄢𑄬𑄢𑄴।,তার মা চালগুলো রান্না ঘরে ঝগাতেছে
𑄃𑄘𑄬𑄇𑄳𑄠𑄉𑄧𑄢𑄨 𑄃𑄧𑄚𑄪 𑄣𑄪𑄋𑄨𑄣𑄧𑄉𑄨।,আদেগাি বের হেছে
𑄖 𑄝𑄝𑄬 𑄌𑄧𑄇𑄴𑄇𑄧𑄟𑄧𑄇𑄴𑄇𑄧 𑄦𑄧𑄣𑄧।,তার বািটা বাঁকা হলো
𑄖 𑄝𑄝𑄬 𑄛𑄪𑄏𑄢𑄴 𑄉𑄧𑄢𑄴𑄣𑄧 - 𑄇𑄨 𑄇𑄧𑄣𑄬𑄌𑄴 𑄝𑄧𑄚𑄴𑄘𑄧 𑄦𑄪𑄠𑄬 𑄘𑄳𑄠𑄬?,তার বািতে পলো - কি কলুষ হেছে?
𑄃𑄧𑄚𑄪 𑄇𑄧𑄣𑄧 - 𑄦𑄧𑄘𑄬।,অনুকুল পরিস্থিতি
𑄇𑄨𑄠𑄳𑄠 ?,কি?
𑄖 𑄝𑄝𑄬 𑄎𑄚𑄨𑄝𑄢𑄴 𑄌𑄬𑄣𑄧।,তার বাবা তাাতাি খোঁজ নিল
𑄛𑄮𑄠𑄧𑄃𑄨 𑄛𑄮𑄠𑄧𑄃𑄨 𑄟𑄢𑄟𑄢𑄨 𑄝𑄎𑄬𑄠𑄮𑄚𑄴 ।,.পোা পোা মারামারি শুরু হেছে
𑄥𑄬𑄖𑄴𑄖𑄬 𑄇𑄧𑄣𑄬𑄌𑄴 𑄝𑄧𑄚𑄴𑄘𑄧 𑄘𑄮𑄚𑄴 - 𑄃𑄧𑄚𑄪 𑄎𑄮𑄝𑄴 𑄜𑄨𑄨𑄢𑄬𑄣𑄧।,সে স্কুল বন্ধ করে দিচ্ছে - অনুজ্জ্বল টিফিন বাটি
𑄃𑄧𑄚𑄪 𑄇𑄧𑄙 𑄥𑄪𑄚𑄨 𑄖 𑄝𑄝𑄬 𑄇𑄇𑄴𑄈𑄧𑄚𑄴 𑄚𑄧 𑄟𑄙𑄨 𑄢𑄧𑄣𑄧।,.অন্যের কথা শুনে তার বািটা মুখ বন্ধ করল না
𑄎𑄬𑄢𑄬 𑄇𑄧𑄣𑄧 - 𑄃𑄬𑄎𑄚𑄴 𑄉𑄧𑄢𑄨 𑄃𑄬𑄇𑄴𑄇 𑄣𑄬𑄊𑄛𑄧𑄢 𑄦𑄧𑄠𑄴𑄚𑄨।,ঝেে ফোন করে একটু লেখা হ
𑄃𑄬 𑄛𑄧𑄣𑄨𑄑𑄨𑄇𑄴𑄥𑄬 𑄛𑄱 𑄍𑄠𑄪𑄚𑄧𑄢𑄬 𑄃𑄬𑄇𑄴𑄇𑄬𑄢𑄬 𑄈𑄬𑄝𑄧 !,এই পলিটিক্সের ছেলে বাচ্চাটাকে একটু খেে নিবে
𑄃𑄬𑄘𑄧𑄇𑄴𑄈𑄧𑄚𑄴 𑄥𑄧𑄁 𑄖𑄟𑄴𑄟 𑄛𑄨𑄎𑄮𑄢𑄧𑄖𑄴 𑄃𑄬𑄣𑄧।,এত ব তার মা রান্না ঘরে এসেছে
𑄇𑄧𑄙 𑄇𑄪𑄠𑄝𑄪𑄣𑄧 𑄥𑄪𑄚𑄨 𑄖𑄬𑄃𑄨 𑄃𑄮 𑄥𑄨𑄋𑄮𑄝𑄖𑄴 𑄃𑄬𑄣𑄧।,কথা কথা শুনে সেও সেখানে আসলো
𑄌𑄠𑄴 𑄘𑄬 𑄃𑄧𑄚𑄪।,চাা দো
𑄃 𑄃𑄧𑄚𑄪 𑄖𑄪𑄃𑄨 𑄃𑄬𑄘𑄧𑄇𑄴 𑄏𑄘𑄨 𑄃𑄬𑄣𑄬𑄉𑄮𑄃𑄨 𑄘𑄬?,.এই তুমি এত ঝগা করতেছো কেন?
𑄟 𑄇𑄧𑄣𑄬𑄌𑄴 𑄝𑄧𑄚𑄴𑄘𑄧 𑄦𑄪𑄠𑄬 𑄘𑄬।,.মা কলুষ বন্ধ হেছে
𑄇𑄨 𑄝𑄨𑄏𑄪 𑄝𑄧𑄚𑄴𑄘𑄧?,কি বিঝু বন্ধ?
𑄦𑄧𑄠𑄴 𑄖𑄧𑄢𑄴 𑄝𑄨𑄏𑄪 𑄝𑄧𑄚𑄴𑄘𑄧 𑄥𑄳𑄠𑄬!,হ তোমার বিঝু বন্ধ হেছে
𑄖 𑄝𑄝𑄬 𑄖𑄟𑄴𑄟 𑄇𑄬𑄃𑄨𑄖𑄴 𑄢𑄨𑄚𑄨 𑄌𑄬𑄃𑄨 𑄇𑄧𑄣𑄧।,তার বাবা তার মাকে খোল করে
𑄎𑄬𑄢𑄬 𑄇𑄧𑄣𑄧 𑄟𑄢𑄟𑄢𑄨 𑄦𑄪𑄠𑄬 𑄘𑄬।,ঝেে কল মারামারি হেছে
𑄃𑄬𑄘𑄧𑄇𑄴𑄈𑄧𑄚𑄴 𑄥𑄧𑄁 𑄖𑄟𑄴𑄟 𑄟𑄳𑄦𑄬𑄖𑄴 𑄚𑄧 𑄜𑄬𑄣𑄬𑄠𑄮 𑄃𑄬 𑄛𑄧𑄣𑄴𑄣 𑄟𑄳𑄦𑄬𑄖𑄴 𑄜𑄬𑄣𑄧।,এত ব ব করে তার মা মেেকে খেে দো
𑄃𑄧𑄚𑄪 𑄝𑄳𑄠𑄇𑄴𑄱 𑄣𑄮𑄃𑄨 𑄉𑄪𑄘𑄨𑄖𑄴 𑄗𑄧𑄃𑄨 𑄘𑄨𑄣𑄧𑄉𑄨।,অনু বেকটা বালুর ভিতরে রেখে দিল
𑄛𑄨𑄎𑄮𑄢𑄧𑄖𑄴 𑄡𑄬𑄃𑄨 𑄞𑄘𑄧 𑄎𑄪𑄉𑄮𑄣𑄴 𑄉𑄧𑄢 𑄙𑄧𑄢𑄴𑄣𑄧।,বাটিতে যে ভাত রান্না করা হ
𑄥𑄬𑄇𑄴𑄇𑄬 𑄢𑄬𑄃𑄨𑄖𑄴 𑄦𑄧𑄃𑄨 𑄃𑄘𑄟𑄧𑄢𑄴 𑄊𑄧𑄢𑄬 𑄊𑄧𑄢𑄬 𑄌𑄬𑄢𑄇𑄴 𑄎𑄧𑄣𑄧𑄘𑄧𑄚𑄴।,কিছুক্ষণ পর পর রাত হে যাওার জন্য বািতে আলো জ্বালানো হ
𑄎𑄪𑄚𑄪 𑄊𑄧𑄢𑄧𑄖𑄴 𑄣𑄪𑄋𑄨𑄣𑄧𑄉𑄨।,জোনাকির বািে পে গেল
𑄃𑄧𑄚𑄪𑄢𑄬 𑄘𑄬𑄃𑄨 𑄇𑄧𑄣𑄧 𑄃 𑄘𑄘 𑄇𑄧𑄇𑄴𑄈𑄬 𑄃𑄬𑄣𑄬?,.তাকে দাদা কখন আসবেন?
𑄎𑄪𑄚𑄪 𑄎𑄮𑄝𑄴 𑄚𑄧 𑄜𑄨𑄢𑄬𑄚𑄬 𑄃𑄧𑄚𑄪 𑄇𑄧𑄣𑄧 - 𑄃 𑄖𑄪𑄃𑄨 𑄃𑄬𑄘𑄧𑄇𑄴 𑄢𑄬𑄃𑄨𑄖𑄴 𑄥𑄧𑄁 𑄇𑄪𑄙𑄪 𑄝𑄬𑄢𑄬 𑄝𑄬𑄢𑄬 𑄗𑄌𑄴?,জোনাকির আলো ফোটার সম কোথা ঘুরে বেে থাকো
𑄎𑄪𑄚𑄪 𑄇𑄧𑄣𑄧 - 𑄃𑄬𑄇𑄴𑄇 𑄝𑄬𑄢𑄁𑄉𑄬 𑄃𑄠𑄴।,জুনু কল -একটু বোতে আসি
𑄛𑄧𑄢𑄨𑄠𑄳𑄠𑄬 𑄛𑄱𑄢𑄴 𑄇𑄨 𑄝𑄬𑄢𑄚।,পা বাচ্চার কি বোনো
𑄃𑄧𑄚𑄪 𑄇𑄧𑄣𑄬 𑄎𑄪𑄚𑄪 𑄇𑄧𑄚𑄧 𑄎𑄮𑄝𑄴 𑄚𑄧 𑄘𑄨 𑄊𑄧𑄢𑄧 𑄞𑄨𑄘𑄨𑄢𑄬 𑄡𑄬𑄃𑄨 𑄇𑄝𑄧𑄢𑄴 𑄝𑄧𑄘𑄧𑄣𑄨 𑄥𑄨𑄋𑄮𑄝𑄖𑄴 𑄃𑄬𑄣𑄧।,অনুকলে জুনিে কোনো সুযোগ না দিে বািতে যে কাপ পেছিল
𑄖 𑄝𑄝𑄬 𑄇𑄨 𑄡𑄬𑄚𑄬 𑄃𑄢𑄧 𑄣𑄬𑄊 𑄙𑄧𑄢𑄴𑄣𑄧।,তার বাবা কি যেন বলে আর লেখা ধরলো
𑄎𑄪𑄚𑄪 𑄃𑄧𑄚𑄪𑄢𑄬 𑄇𑄧𑄣𑄧 - 𑄘 𑄘 𑄚𑄧 𑄉𑄘𑄨𑄝𑄬𑄉𑄮𑄃𑄨 𑄚𑄬?,জুনিে শিশুকে কল - দা দা গাে দিবে নাকি?
𑄃𑄧𑄚𑄪 𑄇𑄧𑄣𑄧 - 𑄃𑄃𑄨𑄠𑄬 𑄚𑄧 𑄉𑄖𑄴𑄖𑄧।,অনুকুল পরিস্থিতি-অকুল অবস্থা
𑄥𑄨𑄠𑄚𑄴 𑄇𑄮𑄃𑄨𑄚𑄬 𑄛𑄨𑄎𑄮𑄢𑄧𑄖𑄴 𑄉𑄬𑄣𑄧।,তাাতাি রান্না ঘরে গেল
𑄛𑄨𑄢𑄬 𑄑𑄚𑄨 𑄖 𑄟 𑄇𑄪𑄢𑄬 𑄝𑄧𑄣𑄧।,অসুখটা তার মাের কাছে বল
𑄖 𑄟𑄢𑄬 𑄇𑄧𑄣𑄧 - 𑄃 𑄟 𑄎𑄪𑄚𑄪 𑄇𑄨 𑄝𑄚 𑄝𑄬𑄢𑄬𑄃𑄨 𑄝𑄬𑄢𑄬𑄃𑄨 𑄗𑄠𑄴 𑄚𑄇𑄨?,তার মা বলে - সে শুধু ঘুরে ঘুরে থাকে নাকি?
𑄖𑄟𑄴𑄟 𑄇𑄧𑄣𑄧 - 𑄚 𑄘𑄬।,তার মা কল -না দে
𑄢𑄬𑄃𑄨𑄖𑄴 𑄉𑄧𑄢𑄨 𑄃𑄬𑄣𑄧𑄉𑄮𑄃𑄨 𑄘𑄬।,রাত করে আসলো তো
𑄚 𑄘𑄬।,"না দো, না দো"
𑄛𑄧𑄢𑄬 𑄘𑄧।,"পা, পা"
𑄈𑄣𑄨𑄇𑄴,"১. খালি, শূণ্য ২. খালি"
𑄖𑄟𑄴𑄟 𑄇𑄧𑄙 𑄗𑄪𑄟𑄴 𑄚𑄧 𑄦𑄧𑄘𑄬 𑄃𑄧𑄚𑄪 𑄇𑄧𑄣𑄧 - 𑄇𑄨!,তার মা কথা শেষ হনা বলে কি!
𑄃 𑄇𑄨!,এ কি!
𑄖𑄧 𑄞𑄬𑄃𑄨𑄝𑄮𑄢𑄴 𑄥𑄧𑄁 𑄥𑄧𑄟𑄎𑄳𑄠 𑄝𑄬𑄌𑄴।,তোমার ভাইের সাথে সংসার বেশি
𑄚𑄨𑄖𑄳𑄠𑄧 𑄖𑄢𑄴 𑄝𑄬𑄣𑄳𑄠 𑄦𑄧𑄣𑄬 𑄘𑄧𑄢𑄴𑄉𑄢𑄴 𑄗𑄠𑄴।,.নিচে তার বিাল হলে ভ পা
𑄥𑄬𑄖𑄴𑄖𑄬 𑄃𑄬𑄇𑄴𑄇 𑄝𑄬𑄢𑄠𑄮𑄃𑄨 𑄘𑄬।,সেকারণে একটু ঘুরে দো
𑄟 𑄥𑄨𑄠𑄚𑄴 𑄘𑄧 𑄉𑄧𑄟𑄴 𑄚𑄧 𑄦𑄧𑄢𑄴।,মা সেটা ভালো হবে না
𑄖𑄳𑄠𑄬 𑄇𑄨 𑄉𑄧𑄟𑄴 𑄦𑄪𑄣𑄪𑄚𑄴।,সে কি ভালো হেছে
𑄖𑄧 𑄞𑄬𑄃𑄨𑄝𑄪 𑄇𑄧𑄚 𑄍𑄬𑄢𑄬 𑄗𑄬𑄣𑄬 𑄇𑄨 𑄉𑄧𑄟𑄴 𑄛𑄬𑄛𑄬।,তোমার ভাইটা কান্না করে দিলে কি ভালো হবে
𑄃𑄧𑄚𑄪𑄖𑄴𑄪𑄚𑄴 𑄖𑄟𑄴𑄟 𑄎𑄚𑄨𑄝𑄬𑄢𑄴 𑄌𑄬𑄣𑄧।,.নিচে থেকে তার মা চিনবে
𑄎𑄪𑄚𑄪 𑄇𑄇𑄴𑄈𑄧𑄚𑄴 𑄃𑄧𑄣𑄧𑄢𑄴 𑄦𑄧𑄃𑄨 𑄢𑄧𑄣𑄧।,জোনাকির আলো ফোটার শব্দ
𑄎𑄬𑄢𑄬 𑄃𑄢𑄧 𑄛𑄪𑄏𑄢𑄴 𑄉𑄧𑄢𑄴𑄣𑄧 - 𑄖𑄬 𑄃𑄢𑄧 𑄇𑄨 𑄉𑄧𑄢𑄬?,.সে আবার ঝামেলা করলো -সে আরও কি করে?
𑄥𑄧𑄟𑄎𑄳𑄠𑄠𑄪𑄚𑄧𑄢𑄴 𑄟𑄪𑄢𑄪𑄝𑄮 𑄖𑄬 ।,সমাজটার পাহাটা সে
𑄖 𑄇𑄧𑄙𑄠𑄴 𑄝𑄬𑄇𑄴 𑄃𑄪𑄙𑄧𑄚𑄴 𑄝𑄧𑄏𑄧𑄚𑄴।,তার কথা সব উঠে
𑄣𑄬𑄊𑄛𑄧𑄢 𑄡𑄬 𑄈𑄧𑄚𑄨 𑄉𑄧𑄢𑄧𑄚𑄴 𑄥𑄨𑄠𑄚𑄴𑄠𑄮 𑄚𑄧𑄠𑄴।,লেখা যে চুরি করে সেটা তো না
𑄖𑄢 𑄇𑄟𑄴 𑄦𑄧𑄣𑄧 𑄚 𑄚 𑄝𑄝𑄧𑄖𑄳𑄠 𑄝𑄧𑄃𑄨 𑄛𑄧𑄢𑄚 𑄃 𑄥𑄨𑄠𑄚𑄨 𑄝𑄨𑄎𑄨𑄢𑄬𑄃𑄨 𑄖𑄧𑄣𑄴𑄝𑄨𑄌𑄴 𑄉𑄧𑄢𑄚 𑄖𑄟𑄴𑄟 𑄃𑄨𑄠𑄚𑄨 𑄇𑄧𑄣𑄬 𑄃𑄧𑄚𑄪 𑄇𑄧𑄣𑄧 - 𑄝 𑄡𑄧𑄘𑄧𑄝𑄧𑄘𑄬 𑄘𑄧 𑄦𑄏𑄨𑄝𑄢𑄴!,তাদের কাজ হলো না না শুধু বই পা আর সেগুলো দেখে দেখে আসা
𑄃 𑄇𑄨 𑄦𑄏𑄨𑄝𑄢𑄴!,.এই কি হেঁটে যাওা!
𑄎𑄬𑄢𑄬 𑄃𑄢𑄧 𑄇𑄧𑄣𑄧 - 𑄥𑄨𑄠𑄚𑄨 𑄚𑄧 𑄉𑄧𑄢𑄨𑄚𑄬 𑄝𑄬𑄢𑄬 𑄝𑄬𑄢𑄬 𑄗𑄬𑄘𑄧 𑄉𑄧𑄟𑄴 𑄛𑄨𑄣𑄨𑄚𑄴𑄚𑄨।,.তরকারি না করে ঘুরে বেে থাকা ভালো
𑄃𑄧𑄚𑄪 𑄇𑄇𑄴𑄈𑄧𑄚𑄴 𑄚𑄧 𑄟𑄙𑄨 𑄢𑄧𑄣𑄧।,অনুকুল পরিস্থিতি হলোনা
𑄖𑄟𑄴𑄟 𑄇𑄧𑄣𑄧 𑄖𑄪𑄃𑄨 𑄌𑄉𑄮𑄃𑄨 𑄚 𑄖 𑄉𑄪𑄘𑄨𑄝𑄧।,তার মা ফোন করে নাকি তার বাচ্চা দিবে
𑄃𑄧𑄚𑄪 𑄛𑄨𑄎𑄮𑄢𑄧𑄖𑄴𑄖𑄪𑄚𑄴 𑄎𑄪𑄚𑄪 𑄉𑄪𑄘𑄨𑄖𑄴 𑄃𑄬𑄃𑄨𑄚𑄬 𑄌𑄠𑄴 𑄘𑄬 𑄦𑄧𑄠𑄴।,অনুর রান্নাঘর থেকে জুনিেকে এনে চাা দে
𑄑𑄬𑄝𑄨𑄣𑄧𑄖𑄴 𑄚 𑄚 𑄝𑄝𑄧𑄖𑄳𑄠 𑄝𑄧𑄃𑄨 𑄥𑄎𑄬𑄠𑄳𑄠 𑄉𑄪𑄎𑄬𑄠𑄳𑄠।,টেবিলে না না অনেক বই পেছে
𑄝𑄬𑄢𑄴 𑄌𑄉𑄖𑄴 𑄚 𑄚 𑄃𑄧𑄟 𑄟𑄚𑄴𑄎𑄮𑄢𑄴 𑄍𑄧𑄝𑄨।,বোতে না না এক জাতী প্রাণীর ছবি
𑄃𑄧𑄚𑄪 𑄟𑄧𑄚𑄬 𑄟𑄧𑄚𑄬 𑄃𑄬𑄇𑄴𑄇 𑄦𑄏𑄨𑄣𑄧।,অনু মনে মনে একটু হাসা
𑄝𑄧𑄃𑄨𑄠𑄪𑄚𑄴 𑄃𑄬𑄇𑄴𑄇 𑄣𑄢𑄨𑄌𑄢𑄨 𑄌𑄬𑄣𑄧।,বইটা একটু ঘুরলো
𑄖𑄟𑄴𑄟 𑄇𑄧𑄣𑄧 𑄡 𑄢𑄬𑄃𑄨𑄖𑄴 𑄦𑄧𑄣𑄴𑄣𑄨।,তার মা কল যা রাত হলো
𑄉𑄘𑄨 𑄃𑄠𑄮𑄃𑄨।,গাি আছে
𑄃𑄧𑄚𑄪 𑄇𑄪𑄠 𑄇𑄧𑄇𑄳𑄠 𑄉𑄘 𑄉𑄬𑄣𑄧।,.নিচে কেকটা গাদা গেল
𑄌𑄃𑄨𑄘𑄬 𑄎𑄪𑄚𑄪 𑄉𑄘𑄨𑄉𑄘𑄃𑄨 𑄜𑄨𑄢𑄬𑄢𑄴।,চামা দিে ফিরে যাচ্ছে
𑄘𑄪𑄢𑄧𑄖𑄴 𑄊𑄧𑄢𑄬 𑄊𑄧𑄢𑄬 𑄌𑄬𑄢𑄇𑄴 𑄎𑄧𑄣𑄧𑄘𑄧𑄚𑄴।,দূরে দূরে চাচা হচ্ছে
𑄛𑄬𑄃𑄨𑄇𑄴 𑄛𑄪𑄉𑄧 𑄢𑄧।,এক জাতী পাখি
𑄢𑄬𑄃𑄨𑄖𑄴 𑄚𑄨𑄏𑄨 𑄦𑄮𑄃𑄨 𑄃𑄬𑄎𑄬𑄢𑄴 ।,রাত হে আসতেছে
𑄎𑄪𑄚𑄪 𑄃𑄧𑄚𑄪𑄢𑄬 𑄘𑄬𑄃𑄨𑄚𑄬 𑄇𑄧𑄣𑄧 - 𑄘 𑄝𑄌𑄴𑄍𑄬 𑄗𑄬𑄃𑄨𑄟𑄴 𑄚𑄇𑄨।,জুনিে শিশুকে দেে কল- দািে থাকবো নাকি
𑄃𑄧𑄚𑄪 𑄇𑄧𑄣𑄧 - 𑄚 𑄝𑄌𑄴𑄍𑄬𑄃𑄨 𑄚𑄧 𑄗𑄬𑄃𑄨𑄌𑄴।,অনুকুল পরিস্থিতি-না থাকলে থাকে না
𑄡𑄉𑄮𑄃𑄨।,"১. যাওা, যাওা ২. যাওা"
𑄎𑄪𑄚𑄪 𑄉𑄋𑄧𑄖𑄴𑄪𑄚𑄴 𑄊𑄧𑄢𑄧𑄖𑄴 𑄃𑄬𑄣𑄧 ।,জুনু গাঙ থেকে বািে আসলো
𑄌𑄠𑄴 𑄘𑄬 𑄝𑄧𑄃𑄨𑄠𑄪𑄚𑄴 𑄃𑄬𑄇𑄴𑄇 𑄎𑄉 𑄣𑄧𑄎𑄳𑄠।,চাা দো বই গুলো একটু জাগা দাও
𑄃𑄢𑄧 𑄉𑄧𑄟𑄬 𑄞𑄌𑄴 𑄉𑄧𑄢𑄨 𑄉𑄢𑄠𑄴 𑄖𑄟𑄴𑄟 𑄇𑄃𑄨 𑄉𑄬𑄣𑄧।,আরও ভালোভাবে কেটে গেল তার মা
𑄖𑄟𑄉𑄴𑄟 𑄇𑄃𑄨 𑄡𑄬𑄃𑄨 𑄇𑄧𑄣𑄧 𑄟।,তামাটে রঙের যে মা
𑄘 𑄟𑄧𑄢𑄬 𑄇𑄨 𑄇𑄧𑄢𑄴 𑄥𑄳𑄠𑄬।,আমার দাদা আমাকে কি করে
𑄉𑄧𑄟𑄬 𑄛𑄧𑄢𑄧𑄌𑄴 𑄚𑄨 𑄚𑄧 𑄛𑄧𑄢𑄧𑄌𑄴 𑄛𑄪𑄏𑄢𑄴 𑄉𑄧𑄢𑄬𑄢𑄴 𑄃𑄃𑄨।,ভালোভাবে পে না পে পে আসো
𑄖𑄬 𑄖𑄪𑄃𑄨 𑄇𑄨 𑄇𑄪𑄃𑄨𑄠𑄮𑄌𑄴?,সে কি কুইচ্ছে?
𑄃 𑄇𑄨 𑄇𑄧𑄙𑄧 𑄖𑄟𑄴𑄟 𑄇𑄧𑄣𑄧।,এক জাতী কলুষ
𑄉𑄧𑄟𑄬 𑄛𑄥𑄴 𑄉𑄧𑄢𑄨𑄝𑄧 - 𑄇𑄪𑄃𑄨𑄠𑄮𑄁 𑄃𑄃𑄨।,ভালোভাবে পাহাে যাওা-কুে যাওা
𑄎𑄪𑄚𑄪 𑄛𑄪𑄏𑄢𑄴 𑄉𑄧𑄢𑄴𑄣𑄧 - 𑄚 𑄞𑄢𑄧𑄖𑄳𑄠𑄬।,এক জাতী পোকা-মাকা করলো - না ভারত
𑄃 𑄇𑄨 𑄞𑄢𑄬𑄘𑄧।,আাআি
𑄖𑄪𑄃𑄨 𑄝𑄪𑄏𑄧 𑄚𑄧 𑄛𑄧𑄢𑄧𑄌𑄴𑄥𑄬!,তুমি বুঝছ না!
𑄎𑄪𑄚𑄪 𑄃𑄢𑄴 𑄇𑄧𑄚𑄧 𑄇𑄧𑄙 𑄚𑄧 𑄇𑄮𑄃𑄨𑄚𑄬 𑄉𑄪𑄘𑄨𑄖𑄴 𑄥𑄧𑄟𑄬𑄃𑄨 ।,জোনাকি আরও কোনো কথা না বলে লুকিয়ে থাকে
𑄝𑄧𑄃𑄨 𑄟𑄙 𑄙𑄧𑄢𑄴𑄣𑄧।,বইের মাথা ধরা
𑄃𑄧𑄚𑄪 ।,"১. সম ২. সম, সম"
𑄃𑄬𑄣𑄧𑄉𑄮𑄃𑄨 𑄞𑄖𑄴 𑄈 𑄙𑄧𑄢𑄴𑄣𑄇𑄴।,এলোপাথাি ভাত খাওা
𑄞𑄖𑄴 𑄈𑄬𑄃𑄨𑄈𑄃𑄨 𑄛𑄨𑄎𑄮𑄢𑄧𑄖𑄴 𑄝𑄧𑄣𑄇𑄴।,ভাত খেে পেট ভরে খাওা
𑄖𑄟𑄴𑄟 𑄇𑄧𑄣𑄧 - 𑄃𑄧𑄚𑄪 𑄃 𑄖𑄪𑄃𑄨 𑄇𑄨 𑄝𑄨𑄏𑄪 𑄥𑄧𑄁 𑄗𑄬𑄝𑄬?,তার মা কল - তুমি কি বিঝুর সাথে থাকবে?
𑄃𑄧𑄚𑄪 𑄇𑄧𑄣𑄧 - 𑄝𑄧𑄚𑄴𑄘𑄧 𑄘𑄧 𑄞𑄣𑄧𑄇𑄴 𑄘𑄨𑄚𑄴।,অনুকুল-বাা দুই দিন
𑄗 𑄘𑄧 𑄛𑄧𑄢𑄨𑄝𑄧।,তাাতাি করতে হবে
𑄖𑄟𑄴𑄟 𑄇𑄧𑄣𑄧 - 𑄍𑄬𑄢𑄬𑄉𑄪𑄚𑄬𑄘𑄨 𑄎𑄪𑄚𑄪𑄢𑄬 𑄃𑄬𑄇𑄴𑄇 𑄌𑄬𑄃𑄨𑄌𑄴।,তার মা কল দিে জোনাকিকে একটু দেখে নে
𑄎𑄪𑄚𑄪 𑄇𑄨𑄖𑄳𑄠 𑄌𑄬𑄃𑄨 𑄃𑄧𑄚𑄪 𑄇𑄧𑄣𑄧 - 𑄑𑄬𑄉𑄖𑄴 𑄝𑄎𑄨𑄣𑄬 𑄛𑄪𑄏𑄢𑄴 𑄉𑄧𑄢𑄨𑄌𑄴 𑄚।,জোনাকির মতো দেখতে সুন্দর কল-কাঠে লাগলে পোকা বের হ না
𑄎𑄪𑄚𑄪 𑄚𑄧 𑄟𑄙𑄨 𑄢𑄧𑄣𑄧।,জোনাকির আলো আঁধারি
𑄖 𑄝𑄝𑄬 𑄇𑄧𑄣𑄧 - 𑄃𑄬𑄝𑄢𑄴 𑄉𑄧𑄟𑄬 𑄈𑄬𑄃𑄨 𑄛𑄬𑄃𑄨 𑄚𑄨 𑄚𑄧 𑄛𑄬𑄃𑄨 𑄇𑄨𑄎𑄬𑄚𑄨!,তার বাবা বলে - এবার ভালোভাবে খেে নাও কেন!
𑄖𑄟𑄴𑄟 𑄞𑄖𑄴 𑄈𑄘𑄬 𑄈𑄘𑄬 𑄇𑄧𑄣𑄧 - 𑄛𑄧𑄖𑄴𑄖𑄨 𑄝𑄧𑄏𑄧𑄢𑄴 𑄞𑄬𑄎𑄣𑄴।,.তার মা ভাত খেতে খেতে কল -বছরে ঝামেলা
𑄇𑄨 𑄘𑄨𑄚𑄴 𑄇𑄣𑄴 𑄛𑄧𑄣𑄴𑄣𑄧 𑄇𑄨𑄎𑄬𑄚𑄨!,কি দিনকাল পলো কীজানি
𑄖𑄳𑄠𑄬 𑄇𑄨 𑄦𑄪𑄃𑄨𑄠𑄬 𑄘𑄬 ।,সে কি হেছে তো
𑄃𑄟 𑄝𑄨𑄏𑄪 𑄃𑄟𑄨 𑄛𑄣𑄬𑄝𑄧𑄁 - 𑄎𑄪𑄚𑄪 𑄇𑄧𑄣𑄧।,আমাদের বিঝু আমরা পালব - জুনু কল
𑄦𑄧𑄠𑄴 𑄥𑄳𑄠 𑄦𑄧𑄠𑄴।,"হ্যাঁ, জ্বি"
𑄛𑄧𑄢𑄨𑄇𑄴𑄈𑄬 𑄚𑄧 𑄚𑄬𑄘 𑄥𑄧𑄁 𑄃𑄪𑄝𑄮𑄣𑄴𑄛𑄣𑄴 𑄚𑄧 𑄦𑄮𑄌𑄴 !,পরিক্ষার্থীরা পরীক্ষার সম উত্তীর্ণ হ না
𑄖𑄟𑄴𑄟 𑄞𑄖𑄴 𑄌𑄝𑄘𑄬 𑄌𑄝𑄘𑄬 𑄎𑄪𑄚𑄪𑄢𑄬 𑄢𑄨𑄚𑄨 𑄌𑄬𑄃𑄨 𑄃𑄬 𑄇𑄧𑄙 𑄇𑄧𑄣𑄧।,তার মা ভাত খেতে খেতে জুে জুে এই কথাটা বলে
𑄃𑄬𑄘𑄧𑄇𑄴𑄈𑄧𑄚𑄴 𑄥𑄧𑄁 𑄖 𑄝𑄝𑄬 𑄎𑄪𑄢𑄧 𑄉𑄧𑄢𑄨 𑄃𑄬𑄣𑄧।,এত ব ব করে আসলো
𑄖𑄟𑄴𑄟 𑄇𑄧𑄙 𑄥𑄧𑄟𑄢𑄬 𑄖𑄬 𑄃𑄮 𑄜𑄉𑄧𑄖𑄴 𑄥𑄧𑄟𑄬𑄃𑄨 𑄇𑄧𑄣𑄧 - 𑄃𑄬 𑄛𑄱𑄝𑄮 𑄦𑄧𑄣𑄬 𑄇𑄨 𑄦𑄧𑄢𑄴 𑄇𑄨𑄎𑄬𑄚𑄨 ।,তার মা কথা বলতে সাথে সাথে বলল - এই বাচ্চাটা হলে কি হবে
𑄓𑄧𑄢𑄴𑄠𑄮 𑄚𑄬𑄃𑄨 𑄣𑄌𑄴𑄠𑄮 𑄚𑄬𑄃𑄨।,ডাও নেই লালা নেই
𑄖𑄳𑄠𑄬 𑄇𑄨 𑄟𑄪𑄃𑄨 𑄇𑄨 𑄌𑄪𑄢𑄴 𑄉𑄧𑄢𑄧𑄋𑄧𑄢𑄴𑄣𑄮𑄃𑄨 𑄚𑄇𑄨।,আমি কি চুরি করলাম নাকি
𑄎𑄪𑄚𑄪 𑄇𑄧𑄣𑄬 𑄖 𑄝𑄝𑄬 𑄃𑄧𑄚𑄪 𑄇𑄬𑄃𑄨𑄖𑄴 𑄢𑄨𑄚𑄨 𑄌𑄬𑄃𑄨 𑄇𑄧𑄣𑄧 - 𑄘𑄬𑄊𑄧𑄌𑄴 𑄖𑄧 𑄞𑄬𑄃𑄨𑄝𑄮 𑄃𑄇𑄴𑄇𑄧𑄣𑄴𑄠𑄚𑄴।,জুনু বললে তার বাির নিচ থেকে চোখ বন্ধ করে বলে - তোমার বোইনটা দেখতেছি
𑄎𑄪𑄚𑄪 𑄃𑄢𑄴 𑄇𑄧𑄙 𑄚𑄧 𑄟𑄬𑄣𑄨𑄚𑄬 𑄉𑄧𑄢𑄌𑄴 𑄉𑄧𑄢𑄌𑄴 𑄈𑄬𑄃𑄨 𑄉𑄪𑄘𑄨𑄖𑄴 𑄥𑄧𑄟𑄬𑄃𑄨 𑄛𑄧𑄢 𑄟𑄙 𑄙𑄧𑄢𑄴𑄣𑄧।,জুনিে আবার কথা না বলে ভিতরে ঢুকে গেল
𑄎𑄪𑄚𑄪 𑄉𑄬𑄣𑄬𑄉𑄮𑄃𑄨 𑄖 𑄝𑄝𑄬 𑄈𑄘𑄬 𑄈𑄘𑄬 𑄇𑄧𑄣𑄧 - 𑄃𑄧𑄚𑄪।,জুনু গেলে তার বািতে বেে বেে বলে
𑄖𑄧𑄟 𑄛𑄧𑄢𑄨𑄇𑄴𑄈𑄬 𑄘𑄧 𑄃𑄢𑄧 𑄝𑄬𑄌𑄴 𑄘𑄪𑄢𑄮𑄖𑄴 𑄚𑄬𑄃𑄨।,তোমাদের পরীক্ষা তো আর বেশি দূরে নেই
𑄛𑄧𑄢𑄨𑄇𑄴𑄈𑄬 𑄗𑄪𑄟𑄴 𑄦𑄧𑄣𑄬 𑄔𑄇𑄖𑄴 𑄗𑄬𑄃𑄨𑄌𑄴𑄥𑄮𑄃𑄨।,পরিক্ষার্থীরা শেষ হলে ঢাকা থাকবো
𑄌𑄘𑄨𑄉𑄋𑄧𑄖𑄴𑄪𑄚𑄴 𑄔𑄇𑄖𑄴 𑄛𑄧𑄢𑄚𑄉𑄮𑄃𑄨 𑄉𑄧𑄟𑄴 𑄃𑄬𑄣𑄧𑄘𑄬।,চাটা দিে ঢাকাটা ভালো
𑄇𑄧𑄙 𑄗𑄪𑄟𑄴 𑄦𑄧𑄣𑄬 𑄖 𑄝𑄝𑄬 𑄃𑄢𑄧 𑄥𑄨𑄋𑄮𑄝𑄖𑄴 𑄡𑄬𑄃𑄨 𑄣𑄬𑄊 𑄙𑄧𑄢𑄴𑄣𑄧।,কথা শেষ হলে তার বাবা আর সেখানে যে লেখা ধরলো
𑄃𑄧𑄚𑄪 𑄇𑄧𑄣𑄧 - 𑄟 𑄃 𑄝 𑄇𑄨 𑄣𑄬𑄊𑄬?,অনু কল -মা কি লিখেছেন?
𑄃 𑄖𑄢𑄢𑄴 𑄃𑄧𑄚𑄴𑄎𑄪𑄢𑄴 𑄇𑄨 𑄇𑄟𑄴 𑄗𑄠𑄴 𑄇𑄮𑄝𑄢𑄬!,.এই তাদের সম কি কাজ থাকে!
𑄃 𑄖𑄪𑄃𑄨 𑄚𑄧 𑄥𑄪𑄚𑄧𑄌𑄴 𑄟।,আমি তোমার কথা শুনব না
𑄃 𑄃𑄬𑄇𑄴𑄇 𑄃𑄬𑄇𑄴𑄇 𑄟𑄳𑄦𑄬𑄖𑄴 𑄛𑄋𑄴𑄉𑄬 𑄃𑄃𑄨।,একটু একটু পানি পে আসি
𑄇𑄨?,কি?
𑄃 𑄖𑄢 𑄎𑄧𑄙 𑄦𑄧𑄃𑄨 𑄚𑄨𑄖𑄳𑄠𑄧 𑄖𑄬𑄟𑄴𑄟𑄁 𑄥𑄪𑄣𑄴𑄣𑄪𑄇𑄴 𑄉𑄧𑄢𑄧𑄚𑄴।,.তারা সবাই সমান হেছে
𑄥𑄧𑄟𑄎𑄧𑄢𑄴 𑄞𑄣𑄬𑄘𑄧𑄢𑄴 𑄌𑄬𑄢𑄬𑄌𑄴𑄖 𑄉𑄧𑄢𑄧𑄚𑄴।,সমাজ ভালো করার চেষ্টা করে
𑄖𑄟𑄴𑄟 𑄇𑄧𑄙 𑄗𑄪𑄟𑄴 𑄦𑄧𑄘𑄬 𑄚𑄧 𑄦𑄧𑄘𑄬 𑄃𑄧𑄚𑄪 𑄇𑄧𑄣𑄧 - 𑄃 𑄎𑄪𑄚𑄪𑄠𑄮 𑄇𑄨𑄠 𑄚𑄧 𑄦𑄧𑄘𑄧 𑄥𑄬𑄎𑄚𑄴।,.তার মা কথা শেষ হনা বলে অন্য কথা বলতেছে-এই জাগাটাও শেষ হ না
𑄖𑄟𑄴𑄟 𑄇𑄇𑄴𑄈𑄧𑄚𑄴 𑄎𑄨𑄢𑄬𑄃𑄨 𑄇𑄧𑄣𑄧 𑄃 𑄛𑄪𑄖𑄴 𑄝𑄝𑄧 𑄝𑄨𑄘𑄳𑄠 𑄛𑄱𑄃𑄨 𑄚𑄧 𑄛𑄬𑄝𑄧 𑄚𑄬!,তার মা হঠাৎ করে বাচ্চা প্রসব করতে পারবে না
𑄃𑄧𑄚𑄪 𑄃𑄢𑄴 𑄇𑄧𑄙 𑄚𑄧 𑄟𑄬𑄣𑄨𑄚𑄬 𑄉𑄪𑄘𑄨𑄖𑄴 𑄥𑄧𑄟𑄬𑄣𑄧।,.অন্যের সাথে কথা না বলে ঘরে চলে যাওা
𑄘𑄨 𑄖𑄨𑄚𑄴 𑄘𑄨𑄚𑄴 𑄎𑄬𑄢𑄬 𑄃𑄧𑄚𑄪 𑄟𑄨𑄉𑄨𑄚𑄨 𑄃𑄧𑄱𑄛𑄢𑄧 𑄃𑄘𑄟𑄧𑄖𑄴 𑄝𑄬𑄢 𑄉𑄬𑄣𑄧।,দুই তিন দিন পর সবমিে গ্রামে বোতে গেল
𑄝𑄉𑄚𑄧 𑄍𑄬𑄢𑄬 𑄃𑄬𑄇𑄴𑄇 𑄟𑄪𑄢𑄮𑄖𑄴 𑄚𑄧𑄚𑄘𑄊𑄨 𑄊𑄧𑄢𑄴।,বাগান থেকে একটু দূরে একটি পাহাি বাি
𑄟𑄪𑄎𑄪𑄋𑄬𑄘𑄨 𑄓𑄋𑄧𑄢𑄴 𑄓𑄋𑄧𑄢𑄴 𑄞𑄪𑄃𑄨𑄠𑄮 𑄟𑄖𑄴।,পাহাের চূা চা মাটি
𑄞𑄣𑄧𑄇𑄴 𑄘𑄨𑄚𑄴 𑄎𑄬𑄢𑄬 𑄃𑄧𑄚𑄪𑄢𑄴 𑄚𑄧𑄚𑄘𑄊𑄨 𑄊𑄧𑄢𑄧𑄖𑄴 𑄃𑄬𑄎𑄚।,অনেক দিন পর পর নতুন বািে আসা
𑄃𑄬𑄖𑄴𑄬 𑄟𑄧𑄚𑄬 𑄟𑄧𑄚𑄬 𑄞𑄝𑄨 𑄌𑄬𑄣𑄧 𑄌𑄬𑄃𑄨𑄢𑄴 𑄝𑄧𑄏𑄧𑄢𑄴 𑄦𑄧𑄢𑄴 𑄚𑄧 𑄃𑄬𑄎𑄬𑄖𑄳𑄠𑄬 ।,সে মনে মনে ভাবে সারা বছর হ না
𑄛𑄧𑄗𑄴𑄊𑄑𑄴 𑄝𑄬𑄇𑄴 𑄃𑄧𑄌𑄨𑄚𑄴 𑄣𑄉𑄬𑄢𑄴।,পথঘাট সব অচেনা লাগে
𑄞𑄪𑄃𑄨𑄠𑄮 𑄃𑄬𑄃𑄨𑄣𑄴 𑄛𑄧𑄖𑄴𑄗𑄚𑄴 𑄜𑄬𑄣𑄬 𑄃𑄬𑄃𑄨 𑄟𑄪𑄢𑄮 𑄛𑄧𑄖𑄴𑄗𑄚𑄴 𑄃𑄘𑄬𑄃𑄨 𑄚𑄧𑄚𑄘𑄊𑄨 𑄊𑄧𑄢𑄧𑄖𑄴 𑄥𑄧𑄟𑄬𑄣𑄧।,ভূতে আসা এই পথটা ফেলে এই পাহািটা একেবারে বািে এসেছে
𑄚𑄧𑄚𑄝𑄨 𑄚𑄬𑄃𑄨 ।,ন্যাকামো নেই
𑄖𑄟𑄴𑄟 𑄃𑄊𑄬।,তার মা আছে
𑄖𑄟𑄴𑄟𑄖𑄴𑄪𑄚𑄴 𑄥𑄬𑄝𑄴𑄝𑄖𑄴𑄖 𑄣𑄧𑄃𑄨 𑄥𑄨𑄋𑄮𑄝𑄖𑄴 𑄝𑄧𑄣𑄧।,তার মা থেকে তাবিজ নিে সেখানে বল
𑄃 𑄛𑄪𑄖𑄴 ।,এক জাতী পোকা
𑄇𑄧𑄟𑄧𑄣𑄬 𑄃𑄬𑄣𑄬।,কবে আসবে
𑄘𑄨𑄚𑄧𑄘𑄧𑄇𑄴 𑄦𑄧𑄣𑄧 ।,সারাদিন হলো
𑄃 𑄃𑄨𑄇𑄴𑄇𑄪 𑄇𑄪𑄙𑄪 𑄃𑄊𑄧𑄌𑄴𑄍𑄬?,.সে কোথা আছে?
𑄚𑄧𑄚𑄝𑄨 𑄟𑄝𑄮 𑄇𑄧𑄣𑄧 - 𑄃𑄧।,.নানি মাা কথা বলে
𑄎𑄬𑄢𑄬 𑄊𑄧𑄢𑄧 𑄝𑄢𑄬 𑄚𑄨𑄉𑄨𑄣𑄨𑄚𑄬 𑄖 𑄛𑄱𑄝𑄮𑄢𑄬 𑄓𑄉𑄨𑄣𑄧।,মেরে বািতে নিে যাওার সম তার বাচ্চাটাকে দো
𑄡 𑄘𑄬 𑄖𑄧 𑄝𑄬𑄃𑄨𑄢𑄬 𑄝𑄨𑄚𑄨𑄘𑄊𑄨 𑄊𑄧𑄢𑄧𑄖𑄴𑄪𑄚𑄴 𑄈𑄧𑄎 𑄡।,তোমার বোইনের ঘর থেকে বের হে যাও
𑄚𑄧𑄚𑄝𑄨 𑄉𑄪𑄢𑄧 𑄞𑄬𑄃𑄨𑄝𑄮 𑄘𑄬𑄝𑄧 𑄈𑄢 𑄦𑄧𑄘𑄬 𑄦𑄧𑄘𑄬 𑄚𑄧𑄚𑄝𑄨𑄢𑄬 𑄈𑄧𑄎 𑄉𑄬𑄣𑄧।,.ন্যাকামো করে নাচতে নাচতে নানিকে কুড়িয়ে নিল।
𑄇𑄇𑄴𑄈𑄧𑄚𑄴 𑄎𑄬𑄢𑄬 𑄚𑄧𑄚𑄝𑄨 𑄣𑄪𑄋𑄨𑄣𑄧𑄉𑄨।,হঠাৎ করে ন্যাকা পে গেল
𑄣𑄢𑄬 𑄣𑄢𑄬 𑄥𑄨𑄋𑄮𑄝𑄖𑄴 𑄃𑄬𑄣𑄧 ।,ধীরে ধীরে সেখানে আসলো
𑄃𑄧𑄚𑄪𑄢𑄬 𑄘𑄬𑄃𑄨𑄚𑄬 - 𑄝।,ইচ্ছে করে দো-বা
𑄃 𑄞𑄣𑄧𑄇𑄴 𑄘𑄨𑄚𑄴 𑄦𑄧𑄣𑄧 𑄘𑄧।,অনেক দিন হলো তো
𑄖𑄧𑄢𑄬 𑄚𑄧 𑄘𑄬𑄊𑄧𑄋𑄴𑄖𑄴𑄬।,তোমাকে দেখতেছি না
𑄖𑄢 𑄇𑄧𑄙 𑄇𑄧𑄙𑄬 𑄚𑄧𑄚𑄝𑄨 𑄟𑄝𑄮 𑄊𑄧𑄢𑄧 𑄞𑄨𑄘𑄨𑄢𑄬 𑄉𑄬𑄣𑄧।,তারা কথা বলতে বলতে নানি বািে গেল
𑄃 𑄚𑄧𑄚𑄝𑄨𑄢𑄬 𑄓𑄉𑄨𑄣𑄧।,এক নাগাে কাঁদানো
𑄚𑄧𑄚𑄝𑄨 𑄊𑄧𑄢𑄧 𑄞𑄨𑄘𑄨𑄢𑄬 𑄉𑄬𑄣𑄧।,বউ কথা কওার জন্য বািতে গেল
𑄃𑄬𑄇𑄴 𑄟𑄙𑄚𑄴 𑄎𑄬𑄢𑄬 𑄛𑄉𑄚 𑄇𑄧𑄣 𑄛𑄚𑄨 𑄃𑄚𑄨 𑄇𑄧𑄣𑄧 𑄈 𑄘𑄬।,এক মাস পর পাকা কলার পানি এনে কল দিে খাওা
𑄟𑄪𑄃𑄨 𑄃𑄨𑄎𑄪 𑄃𑄮𑄝𑄢𑄧𑄖𑄴 𑄖𑄧 𑄞𑄬𑄃𑄨𑄝𑄮𑄖𑄴𑄖𑄪𑄚𑄴 𑄖𑄧𑄢𑄬 𑄎𑄪𑄏𑄢𑄴 𑄉𑄧𑄢𑄨𑄝𑄢𑄴 𑄥𑄳𑄠𑄬।,আমি এই সমে তোমার ভাই থেকে তোমার জন্য অপেক্ষা করতেছি
𑄃 𑄟𑄧 𑄞𑄬𑄃𑄨𑄝𑄮𑄢𑄬 𑄇𑄪𑄙𑄪 𑄣𑄉𑄧𑄖𑄴 𑄛𑄬𑄣𑄬?,আমার ভাইকে কোথা লাগবে?
𑄚𑄧𑄚𑄝𑄨 𑄇𑄧𑄣𑄧 𑄇𑄪𑄙 𑄣𑄉𑄧𑄖𑄴 𑄛𑄬𑄣𑄬 𑄟𑄚𑄬।,.স্বামী-স্ত্রী কলুষ লাগলে মানে
𑄖𑄧 𑄞𑄬𑄃𑄨𑄝𑄮𑄢𑄬 𑄘𑄧 𑄃𑄟𑄨𑄎𑄬 𑄣𑄉𑄧𑄖𑄴 𑄛𑄋𑄴 ।,তোমার ভাইকে তো আমার ভালো লাগে
𑄖𑄬 𑄇𑄨 𑄃𑄨𑄚𑄴𑄘𑄨 𑄃𑄬𑄎𑄬𑄘𑄬 𑄃𑄧𑄚𑄪 𑄛𑄪𑄏𑄢𑄴 𑄉𑄧𑄢𑄴𑄣𑄧।,সে কেন এদিকে আসতেছে জানিনা
𑄃𑄨𑄚𑄴𑄘𑄨 𑄃𑄬𑄎𑄬𑄘𑄬 𑄟𑄚𑄬 - 𑄃𑄨𑄠𑄚𑄴 𑄘𑄧 𑄖𑄧 𑄞𑄬𑄃𑄨𑄝𑄮 𑄝𑄟𑄴𑄳𑄦।,এখানে আসতে মানে-এখানে তো তোমার ভাই আসবে
𑄚𑄧𑄚𑄝𑄨 𑄇𑄧𑄙 𑄥𑄪𑄚𑄨 𑄃𑄧𑄚𑄪 𑄃𑄬𑄇𑄴𑄇 𑄌𑄧𑄇𑄴𑄇𑄧𑄟𑄧𑄇𑄴𑄇𑄧 𑄦𑄧𑄋𑄴 𑄦𑄧𑄋𑄴 𑄦𑄧𑄣𑄧।,.অন্যের কথা শুনে মনটা একটু নরম হেছে
𑄃 𑄖𑄪𑄃𑄨 𑄇𑄮𑄃𑄨 𑄚𑄧 𑄛𑄢𑄧𑄌𑄴 𑄚𑄬!,সে কথা বলতে পারে না!
𑄖𑄧 𑄞𑄬𑄃𑄨𑄝𑄮 𑄎𑄪𑄚𑄪 𑄦𑄧𑄣𑄧 𑄃𑄨𑄙𑄪𑄉𑄧𑄢𑄴 𑄌𑄉𑄣𑄢𑄴 𑄛𑄱𑄍𑄠𑄪𑄚𑄧𑄢𑄴 𑄟𑄪𑄣𑄴 𑄈𑄟𑄴𑄟𑄮 ।,তোমার ভাই-বোনেরা এই এলাকার চাংমাের মূল কাজটা করবে
𑄇𑄬𑄚𑄬 𑄈𑄧𑄝𑄧𑄢𑄴 𑄛𑄥𑄴।,কেন খবর পাওা
𑄃𑄧𑄚𑄪 𑄛𑄪𑄏𑄢𑄴 𑄉𑄧𑄢𑄴𑄣𑄬 𑄚𑄧𑄚𑄝𑄨 𑄇𑄧𑄣𑄧 - 𑄥𑄪𑄚𑄧𑄋𑄴।,.অপচ করলে নাক থেকে দুর্গন্ধ বের হ
𑄥𑄪𑄚𑄧𑄋𑄴।,সুঁচালো
𑄘𑄬𑄊𑄧𑄌𑄴𑄍𑄬।,১. চেহারা ২. চেহারা
𑄃𑄃𑄨𑄠𑄬 𑄚𑄧 𑄘𑄬𑄘𑄧।,আইল না দো
𑄚𑄧𑄚𑄝𑄨 𑄇𑄧𑄣 𑄈𑄘𑄬 𑄈𑄘𑄬 𑄬𑄎𑄢𑄬 𑄃𑄢𑄧 𑄇𑄧𑄣𑄧 𑄃𑄮𑄝𑄢𑄧𑄖𑄴 𑄟𑄟𑄪𑄘𑄊𑄨𑄖𑄴𑄪𑄚𑄴 𑄝𑄬𑄢𑄝𑄢𑄠𑄴 𑄃𑄬𑄎𑄧𑄋𑄧𑄢𑄴𑄣𑄮𑄃𑄨 ।,নানি কলা খেতে খেতে যাচ্ছে এবং কল দিে মেেরা বোতে আসছে
𑄌𑄋𑄴𑄉𑄬 𑄃𑄬𑄇𑄴 𑄏𑄇𑄴 𑄃𑄎𑄪 𑄟𑄪𑄣𑄨𑄛𑄬𑄘 𑄝𑄉𑄚𑄧𑄖𑄴 𑄝𑄧𑄌𑄴𑄥𑄮𑄚𑄴 𑄃 𑄖𑄬𑄟𑄴𑄟𑄁 𑄉𑄧𑄖𑄴𑄖𑄧𑄚𑄴।,চাংমাে এক ঝাঁক এলুমিে বসে আছে
𑄖𑄧 𑄞𑄬𑄃𑄨𑄝𑄮 𑄦𑄘𑄧𑄖𑄴 𑄃𑄬𑄇𑄴 𑄇𑄧𑄖𑄴𑄖 𑄇𑄝𑄮𑄌𑄴 𑄟𑄙𑄬𑄃𑄨 𑄟𑄙𑄬𑄃𑄨 𑄝𑄪𑄏𑄬 𑄘𑄬𑄢𑄴।,তোমার ভাই হাতে একটা কাপ দিে তাাতাি বুঝে
𑄇𑄨 𑄝𑄪𑄏𑄬𑄃𑄨 𑄘𑄬𑄖𑄴𑄬।,কি বুঝে দো
𑄚𑄧𑄚𑄝𑄨 𑄇𑄧𑄣𑄧 𑄇𑄟𑄴 𑄦𑄧𑄝𑄧 𑄛𑄢𑄛𑄁।,.স্বামী-স্ত্রী একসাথে কাজ করবে।
𑄝𑄨𑄏𑄪𑄖𑄴 𑄃𑄬𑄎𑄚𑄴 𑄃𑄬𑄎𑄚𑄴 𑄉𑄧𑄢𑄨𑄝𑄧𑄋𑄴 𑄇𑄪𑄠𑄇𑄨 𑄉𑄧𑄖𑄴𑄖𑄧𑄚𑄴𑄘𑄬 𑄥𑄪𑄚𑄴𑄚𑄮𑄋𑄴।,বিঝুর সম যতগুলো ব হেছে
𑄃 𑄇𑄨 𑄝𑄪𑄌𑄴𑄥𑄮𑄌𑄴।,এক জাতী বুনো ফল
𑄃𑄧𑄚𑄪 𑄚𑄧𑄚𑄝𑄨𑄖𑄴𑄪𑄚𑄴 𑄎𑄚𑄨𑄝𑄢𑄴 𑄌𑄬𑄣𑄧।,অনুনন থেকে বের হে যাওা
𑄚𑄧𑄚𑄝𑄨 𑄇𑄧𑄣𑄧 - 𑄝𑄬𑄌𑄴 𑄌𑄧 𑄃𑄢𑄴 𑄟𑄳𑄦𑄬𑄖𑄴 𑄚𑄧 𑄛𑄬𑄣𑄪𑄋𑄴।,.নানি কল - বেশি চাা আর খেতে পারলাম না
𑄃𑄧𑄚𑄪 𑄃𑄧𑄣𑄧𑄢𑄴।,অব্য পদ
𑄇𑄧𑄣 𑄘𑄨𑄝𑄬 𑄈𑄬𑄃𑄨 𑄉𑄧𑄣𑄧𑄌𑄴𑄥𑄮𑄃𑄨 𑄃𑄬𑄇𑄴𑄈𑄬𑄚 𑄛𑄚𑄨 𑄈𑄬𑄣𑄧।,কলা খেে গলা এক ধরনের পানি খেল
𑄟𑄧𑄚𑄬 𑄟𑄧𑄚𑄬 𑄖 𑄞𑄬𑄃𑄨𑄝𑄮𑄢𑄬 𑄛𑄱-𑄍𑄠𑄪𑄚𑄬 𑄟𑄚𑄨 𑄌𑄧𑄣𑄧𑄚𑄴 𑄥𑄪𑄚𑄨 𑄃𑄪𑄌𑄴𑄌𑄮 𑄦𑄧𑄣𑄧।,মনে হ তার ভাই-বোনেরা মেনে চলে
𑄞𑄣𑄧𑄇𑄴 𑄘𑄨𑄚𑄴 𑄎𑄬𑄢𑄬 𑄚𑄧𑄚𑄝𑄨 𑄃𑄧𑄚𑄪𑄢𑄬 𑄛𑄬𑄃𑄨𑄚𑄬 𑄈𑄪𑄏𑄨।,অনেক দিন পর নাাচাা করার পর নাচা করার পর নাচা করতেছে
𑄝𑄬𑄉𑄬 𑄇𑄪𑄠𑄇𑄨 𑄉𑄧𑄢𑄧𑄚𑄴 𑄃𑄧𑄚𑄪𑄣𑄮𑄃𑄨 𑄚𑄧𑄚𑄝𑄨 𑄇𑄮𑄌𑄴 𑄛𑄛𑄨।,দ্রুত কুাকুা করার সমনা নানি কাপ পে
𑄈𑄣𑄨𑄇𑄴 𑄖𑄢 𑄘𑄮𑄎𑄧𑄚𑄬 𑄈𑄟𑄴 𑄚𑄧 𑄈𑄚𑄴।,তারা দুইজনে একসাথে খা না
𑄚𑄧𑄚𑄝𑄨 𑄃𑄨𑄌𑄴𑄇𑄪𑄣𑄴 𑄃𑄬𑄎𑄳𑄠𑄘𑄬 𑄃𑄬𑄇𑄴 𑄝𑄧𑄏𑄧𑄢𑄴 𑄦𑄧𑄢𑄴 ।,নানিরা এক বছর হেছে
𑄃𑄬 𑄝𑄟𑄧𑄖𑄴 𑄇𑄧𑄣𑄬𑄌𑄴 𑄚𑄧 𑄗𑄚𑄠𑄴 𑄖𑄢𑄴 𑄣𑄬𑄊𑄛𑄧𑄢 𑄃𑄢𑄴 𑄚𑄧 𑄃𑄪𑄎𑄬𑄣𑄧।,এই বামে কলুষ না থাকলে তার লেখা আর উঠে না
𑄖 𑄝𑄛𑄴-𑄟𑄠𑄪𑄚𑄬𑄠𑄮 𑄖𑄢𑄬 𑄣𑄬𑄊𑄛𑄧𑄢 𑄥𑄨𑄊𑄬𑄘𑄬 𑄃𑄢𑄴 𑄝𑄬𑄌𑄴 𑄙𑄢𑄎𑄨 𑄚𑄧𑄠𑄴।,তার বাবা-মাও তাকে লেখাপা দো আর বেশি সহজ
𑄚𑄧𑄚𑄝𑄨 𑄝𑄛𑄴𑄟 𑄇𑄧𑄙 𑄜𑄬𑄣𑄬𑄃𑄨 𑄚𑄧 𑄛𑄢𑄨 𑄊𑄧𑄢𑄧𑄖𑄴 𑄝𑄮𑄃𑄨 𑄢𑄧𑄣𑄧।,নাচাা বাবা কথা না বলে বািতে বসে রইলেন
𑄣𑄬𑄊𑄛𑄧𑄢 𑄡 𑄛𑄧𑄎𑄳𑄠 𑄥𑄨𑄠𑄚𑄴𑄠𑄮 𑄛𑄪𑄢𑄨 𑄜𑄬𑄣𑄬𑄝𑄢𑄴 𑄃𑄧𑄇𑄴𑄖𑄧।,লেখা যা পা যা সেগুলো ভুলে যাওা লাগবে
𑄃𑄧𑄚𑄪 𑄙𑄢𑄌𑄴 𑄉𑄧𑄢𑄬 𑄚𑄧𑄚𑄝𑄨 𑄃𑄢𑄧 𑄃𑄬𑄇𑄴𑄇 𑄃𑄇𑄴𑄇𑄮𑄇𑄴।,.অপচ করে নানি আর একটু আপ্যান করে
𑄈𑄣𑄨𑄇𑄴 𑄇𑄬𑄚𑄬?,খালি কেন?
𑄃𑄧𑄚𑄪 𑄟𑄧𑄚𑄬 𑄟𑄧𑄚𑄬 𑄞𑄝𑄨 𑄞𑄝𑄨 𑄃𑄪𑄘𑄧 𑄚𑄧 𑄛𑄠𑄴।,অনু মনে মনে চিন্তা করে উঠা যা না
𑄝𑄬𑄣𑄴 𑄦𑄣𑄬𑄚𑄬 𑄟𑄮𑄚𑄴 𑄖𑄧𑄣𑄖𑄴 𑄢𑄬 𑄢𑄬 𑄦𑄪𑄠𑄬।,সূর্য ডোবার সম পাহাের তলা আলো হেছে
𑄃𑄧𑄚𑄪 𑄚𑄧𑄚𑄝𑄨𑄢𑄬 𑄇𑄧𑄣𑄧 𑄣𑄧𑄢𑄴 𑄘𑄬 𑄛𑄧𑄢𑄨𑄝𑄧।,অনুনাকে কল দিতে হবে
𑄃𑄧𑄚𑄪 𑄇𑄧𑄣𑄧 - 𑄖𑄧𑄟𑄴𑄟𑄢𑄬 𑄇𑄧𑄉𑄮𑄃𑄨।,অনুকুল পরিস্থিতি - তোমার মাকে বলো
𑄚𑄧𑄚𑄝𑄨 𑄇𑄧𑄣𑄧 𑄃𑄬 𑄞𑄨𑄘𑄨𑄢𑄬 𑄚𑄧 𑄃𑄬𑄝𑄬 𑄃𑄢𑄴?,নাইলের কল এই ঘরে আসবে নাকি?
𑄇𑄮𑄃𑄨 𑄚𑄧 𑄛𑄢𑄧𑄋𑄧𑄢𑄴।,.কথা বলতে পারতেছি না
𑄃 𑄝𑄨𑄏𑄪 𑄣𑄧𑄇𑄳𑄠𑄬 𑄚𑄧 𑄃𑄬𑄝𑄬 ?,বিঝুর লক্ষী আসবে নাকি?
𑄃𑄬𑄃𑄨 𑄦𑄧𑄣𑄬 𑄚𑄧 𑄛𑄢𑄨𑄟𑄴।,এই হলে পারবো না
𑄃 𑄖𑄪𑄃𑄨 𑄃𑄬𑄃𑄨𑄌𑄴 𑄚!,তুমি কি আসতেছো?
𑄟𑄨𑄖𑄪𑄘𑄊𑄨 𑄊𑄧𑄢𑄧𑄖𑄴 𑄃𑄬𑄃𑄨𑄌𑄴 𑄝𑄬𑄚𑄳𑄠।,মেেদের বািতে এই বিেটা
𑄃𑄬𑄝𑄬 𑄝𑄪𑄏𑄧।,"এত বোঝা, এত বোঝা"
𑄦𑄧𑄘𑄬 - 𑄇𑄧𑄣𑄧 𑄃𑄧𑄚𑄪।,.হওা- কলুষ
𑄚𑄧𑄚𑄝𑄨 𑄟𑄝𑄮𑄖𑄴𑄪𑄚𑄴 𑄥𑄬𑄝𑄴𑄝𑄖𑄴𑄖 𑄣𑄧𑄃𑄨 𑄃𑄧𑄚𑄪𑄣𑄮𑄃𑄨 𑄚𑄧𑄚𑄝𑄨 𑄦𑄘 𑄙𑄧𑄢𑄴𑄣𑄇𑄴 𑄟𑄨𑄉𑄨𑄚𑄨 𑄛𑄢𑄧 𑄟𑄧𑄇𑄳𑄠𑄬।,.ন্যেস্বামীর কাছ থেকে তাবিজ নিে আসার সম নানিটা পাখানা করতে পারে।
𑄟𑄨𑄉𑄨𑄚𑄨 𑄛𑄢𑄧𑄇𑄪𑄢𑄬 𑄃𑄧𑄟 𑄍𑄢 𑄃𑄟𑄴 𑄝𑄉𑄚𑄴।,মিইনি নদীর মোহনা
"𑄇𑄖𑄴𑄖𑄧𑄣𑄴 𑄉𑄌𑄴, 𑄎𑄟𑄴 𑄉𑄌𑄴 𑄃𑄢𑄧 𑄚𑄚 𑄝𑄝𑄧𑄖𑄳𑄠 𑄉𑄌𑄴 𑄃𑄮 𑄃𑄊𑄧𑄚𑄴।","কাঠাল গাছ, জাম গাছ ও আছে"
𑄍𑄢 𑄝𑄉𑄚𑄧 𑄇𑄎𑄘𑄨 𑄉𑄧𑄢𑄨 𑄦𑄘𑄨𑄝𑄢𑄴 𑄛𑄧𑄗𑄴 ।,ছাা বাগানের মধ্যে দিে হেঁটে যাওার পথ
𑄛𑄧𑄗𑄴𑄗𑄚𑄴 𑄝𑄬𑄋𑄇𑄧𑄋𑄉𑄧𑄢𑄨 𑄌𑄧𑄢𑄴 𑄥𑄧𑄁 𑄡𑄬𑄚𑄬 𑄟𑄨𑄉𑄨𑄚𑄨𑄖𑄴 𑄗𑄪𑄟𑄴 𑄦𑄪𑄠𑄳𑄠।,.পথটা বেঙাকার চরের সাথে মিশে গেছে।
"𑄟𑄨𑄉𑄨𑄚𑄨𑄠𑄚𑄴 𑄛𑄢𑄴 𑄦𑄧𑄣𑄬 𑄈𑄬𑄖𑄴, 𑄞𑄪𑄃𑄨 𑄖𑄬 𑄃𑄘𑄟𑄴।","মিইনি নদী পার হলে খেত,ভুই সে গ্রাম"
𑄃𑄬𑄖𑄴𑄖𑄬 𑄃𑄬𑄖𑄴𑄖𑄬 𑄃𑄧𑄚𑄪 𑄚𑄧𑄚𑄢𑄬 𑄇𑄧𑄣𑄧 - 𑄟𑄪𑄃𑄨 𑄇𑄧𑄋𑄧𑄖𑄴𑄬 𑄖𑄪𑄃𑄨 𑄇𑄧𑄣𑄬𑄎𑄧𑄖𑄴 𑄞𑄧𑄖𑄴𑄖𑄨 𑄦𑄧!,এত ব করে অনুন ভাইকে কল - আমি বলতেছি তুমি কলেজে ভর্তি হও
𑄇𑄇𑄴𑄈𑄧𑄚𑄴 𑄎𑄬𑄢𑄬 𑄚𑄧𑄚𑄝𑄨 𑄃𑄧𑄚𑄪𑄢𑄬 𑄇𑄧𑄣𑄧 𑄝𑄘𑄊𑄨 𑄚𑄧 𑄌𑄚𑄴 𑄇𑄨 𑄉𑄧𑄢𑄨𑄟𑄴!,.কেকদিন পর পর নানিদের কলকলানি দেখে কি করবো!
𑄃𑄧𑄚𑄪 𑄇𑄧𑄣𑄧 𑄖𑄪𑄃𑄨 𑄞𑄧𑄖𑄴𑄖𑄨 𑄦𑄧𑄚।,অনুকুল পরিস্থিতি হলে তুমি ভ পাও
𑄎𑄬𑄢𑄬 𑄚𑄧𑄠𑄴 𑄛𑄧𑄢𑄨𑄇𑄴𑄈𑄬 𑄘𑄨𑄝𑄬𑄘𑄬 𑄃𑄠𑄴।,তাাতাি পরীক্ষা দিতে হবে না
𑄛𑄢𑄨𑄟𑄴 𑄝𑄪𑄏𑄧?,পারবো বুঝছো?
𑄃𑄃𑄨𑄠𑄬 𑄚𑄧 𑄛𑄖𑄴𑄬।,"১. বিশ্বাস করা, ২. বিশ্বাস করা"
𑄞𑄬𑄃𑄨𑄘𑄮 𑄥𑄬𑄚𑄬 𑄛𑄥𑄴 𑄉𑄧𑄖𑄴𑄖𑄧𑄚𑄴।,ভো সেনে পাতা হছে
𑄃𑄧𑄚𑄪 𑄇𑄧𑄙 𑄥𑄪𑄚𑄨𑄚𑄬 𑄚𑄧𑄚𑄝𑄨𑄢𑄴 𑄃𑄬𑄇𑄴𑄇 𑄘𑄨𑄣𑄴 𑄘𑄧𑄢𑄧 𑄦𑄧𑄣𑄧।,অনু কথা শুনে নর্তকী একটু ভ পেল
𑄟𑄧𑄚𑄬 𑄟𑄧𑄚𑄬 𑄇𑄇𑄴𑄈𑄧𑄚𑄴 𑄝𑄨𑄎𑄨𑄢𑄬𑄃𑄨 𑄌𑄬𑄃𑄨 𑄇𑄧𑄣𑄧 𑄟𑄪𑄃𑄨 𑄥𑄣𑄬 𑄖𑄬𑄋 𑄛𑄧𑄠𑄴𑄎𑄳𑄠 𑄇𑄝𑄮𑄌𑄴𑄌𑄚𑄨 𑄎𑄪𑄉𑄮𑄣𑄴𑄉𑄧𑄢𑄨 𑄖𑄧𑄢𑄬 𑄛𑄘𑄬𑄃𑄨 𑄘𑄨𑄟𑄴!,মনে হ কাউকে দেখে টাকা উপার্জন করবো আর আমি তোকে পে দিবো
𑄇𑄝𑄮𑄌𑄴𑄌𑄚𑄨 𑄛𑄘𑄬𑄃𑄨 𑄘𑄨𑄣𑄬 𑄦𑄧𑄝𑄧।,কাপগুলো পাত দিে দিলে হবে
𑄖𑄬𑄋𑄠𑄪𑄚𑄴 𑄚𑄧𑄠𑄴 𑄟𑄪𑄃𑄨 𑄘𑄨𑄣𑄧𑄁!,টাকাগুলো না দিে আমি দিলাম
𑄃𑄧𑄚𑄪 𑄇𑄧𑄙 𑄥𑄪𑄚𑄨 𑄚𑄧𑄚𑄝𑄨 𑄇𑄧𑄣𑄧 - 𑄃 𑄖𑄪𑄃𑄨 𑄖𑄬𑄋 𑄇𑄪𑄙𑄪 𑄛𑄬𑄝𑄬?,অনু কথা শুনে নাাচাা করো - তুমি কোথা পাবে?
𑄟𑄧𑄢𑄴 𑄇𑄨 𑄖𑄬𑄋 𑄢𑄳𑄦𑄖𑄴!,আমার কি টাকা আছে!
𑄉𑄧𑄟𑄴 𑄇𑄟𑄧𑄖𑄴 𑄖𑄬𑄋 𑄛𑄧𑄠𑄴𑄎𑄳𑄠 𑄛𑄘𑄬 𑄒𑄬𑄉 𑄚𑄧 𑄛𑄧𑄢𑄬!,ভালো কাজে টাকা খরচ করতে হ না
𑄃𑄧𑄚𑄪 𑄇𑄧𑄙 𑄥𑄪𑄚𑄨 𑄚𑄧𑄚𑄝𑄨 𑄃𑄢𑄧 𑄝𑄧𑄣𑄴 𑄝𑄢𑄨𑄣𑄧।,.অন্যের কথা শুনে নানি আর বল বালো
𑄇𑄬𑄣𑄌𑄴 𑄚𑄧 𑄉𑄧𑄣𑄴𑄣𑄬𑄠𑄮 𑄟𑄪𑄃𑄨 𑄛𑄥𑄴 𑄉𑄧𑄢𑄨𑄟𑄴।,ক্লাস ফাকি দিেও মুখ বাঁকা করবো
𑄟𑄧𑄚𑄬 𑄟𑄧𑄚𑄬 𑄢𑄨𑄚𑄨 𑄌𑄬𑄃𑄨 𑄝𑄪𑄏𑄨𑄣𑄧 - 𑄃𑄬𑄇𑄴 𑄟𑄏𑄧 𑄞𑄨𑄘𑄨𑄘𑄬 𑄇𑄟𑄴𑄠𑄚𑄴 𑄥𑄨𑄢𑄬𑄘𑄬 𑄖𑄬𑄊 𑄚𑄧 𑄦𑄧𑄝𑄧।,মনে হ এক মাছের কাজ মাথা হবে না
𑄃𑄟𑄴 𑄝𑄉𑄚𑄧𑄇𑄪𑄢𑄬 𑄃𑄬𑄃𑄨𑄚𑄬 𑄇𑄇𑄴𑄈𑄧𑄚𑄴 𑄍𑄝𑄖𑄴 𑄝𑄮𑄃𑄨 𑄢𑄧𑄣𑄇𑄴।,.আমের বাগানগুলো এখন রোদ পোহাচ্ছে
𑄝𑄬𑄣𑄴 𑄎𑄪𑄢𑄧 𑄛𑄧𑄢 𑄙𑄧𑄎𑄳𑄠।,সূর্য ডোবার সম
𑄛𑄧𑄙𑄧 𑄛𑄎𑄢 𑄈𑄬𑄢𑄚𑄨 𑄉𑄧𑄢𑄪𑄠𑄪𑄚𑄬 𑄊𑄧𑄚𑄴𑄘𑄨 𑄢𑄧 𑄝𑄎𑄬𑄃𑄨 𑄝𑄎𑄬𑄃𑄨 𑄈𑄬𑄃𑄨 𑄡𑄘𑄧𑄚𑄴 ।,পথ পাছারা গরুগুলো ঘিে ঘিে খেে যাচ্ছে
𑄘𑄪𑄢𑄮𑄖𑄴 𑄃𑄘𑄟𑄧𑄢𑄴 𑄇𑄪𑄢𑄧 𑄢𑄧 𑄥𑄪𑄚𑄧 𑄡𑄢𑄴।,দূরে দূরে গ্রামের কলরব শোনা যা
𑄚𑄧𑄚𑄝𑄨𑄣𑄮𑄃𑄨 𑄃𑄧𑄚𑄪 𑄟𑄪𑄎𑄪𑄋𑄧 𑄟𑄪𑄎𑄪𑄋𑄨 𑄉𑄧𑄢𑄨 𑄝𑄮𑄃𑄨 𑄇𑄧𑄙 𑄇𑄧𑄙𑄧𑄚𑄴।,.অন্যরা সবাই সমান সমান করে কথা বলে
𑄃𑄧𑄚𑄪 𑄇𑄧𑄣𑄧 - 𑄛𑄥𑄴 𑄉𑄧𑄣𑄴𑄣𑄬 𑄘𑄧 𑄔𑄇𑄖𑄴 𑄛𑄧𑄢𑄨𑄟𑄴𑄝𑄮𑄃𑄨।,অনুকুল-পাছা করলে তো ঢাকা পতে হবে
𑄚𑄧𑄚𑄝𑄨 𑄇𑄧𑄣𑄧 𑄃 𑄥𑄬𑄖𑄴𑄘𑄪𑄢𑄧𑄖𑄴!,নাক থেকে কল আসতেছে!
𑄟𑄚𑄴𑄎𑄬 𑄝𑄨𑄘𑄬𑄌𑄴 𑄡𑄘𑄧𑄚𑄴 𑄃𑄧𑄚𑄪 𑄇𑄧𑄣𑄧।,.মাছটা বিদা দিচ্ছে।
𑄚𑄧𑄚𑄝𑄨 𑄇𑄧𑄣𑄧 𑄃𑄟𑄨 𑄘𑄧 𑄇𑄧𑄣𑄬𑄎𑄧 𑄟𑄪𑄠𑄮 𑄚𑄧 𑄘𑄬𑄊𑄨𑄢𑄴।,আমি তো কলেজও দেখি না
𑄃𑄃𑄨𑄠𑄬 𑄚𑄧 𑄘𑄬𑄘।,আইে না দো
𑄞𑄬𑄃𑄨𑄘𑄮 𑄃𑄨𑄇𑄴𑄇𑄪𑄚𑄪 𑄇𑄧𑄣𑄬𑄎𑄧𑄖𑄴 𑄛𑄧𑄢𑄧𑄘𑄧𑄚𑄴𑄘𑄮𑄃𑄨।,ভাই-বোনেরা কলেজ পতেছে
𑄃𑄧𑄚𑄪 𑄇𑄧𑄙 𑄥𑄪𑄚𑄨 𑄚𑄧𑄚𑄝𑄨 𑄇𑄧𑄣𑄧 𑄃𑄨𑄌𑄴 !,.অন্যের কথা শুনে নাাচাা করিস কেন?
𑄃𑄟 𑄝𑄳𑄦𑄟𑄧𑄖𑄴𑄠𑄮 𑄎𑄧𑄚𑄨 𑄇𑄧𑄣𑄬𑄌𑄴 𑄗𑄬𑄘𑄧!,আমাদের বািতেও জন কলুষ থাকে
𑄚𑄧𑄚𑄝𑄨 𑄇𑄧𑄙 𑄥𑄪𑄚𑄨 𑄃𑄧𑄚𑄪 𑄝𑄪𑄇𑄴𑄱 𑄍𑄳𑄠𑄀𑄖𑄴 𑄉𑄧𑄢𑄨 𑄃𑄪𑄙𑄨𑄣𑄨 ।,.ন্যাকামি কথা শুনে বুকটা ছিে উঠল
𑄦𑄧𑄠𑄴𑄘𑄧 ।,"হ্যাঁ, জ্বি"
𑄃𑄨𑄙𑄪 𑄎𑄧𑄚𑄨 𑄇𑄧𑄣𑄬𑄌𑄴 𑄗𑄬𑄘𑄧 𑄞𑄬𑄃𑄨𑄘𑄮 𑄇𑄧𑄣𑄬𑄎𑄧𑄖𑄴 𑄛𑄧𑄢𑄨 𑄃𑄪𑄉𑄪𑄢𑄬 𑄇𑄬𑄣𑄎𑄧𑄖𑄴 𑄡𑄬𑄃𑄨 𑄛𑄢𑄴𑄣𑄇𑄴𑄇𑄪𑄚𑄴।,এখানে মানুষদের ক্লাস ফাকি দেওার জন্য ভো কলেজ পে যে পাখানা হ
𑄝𑄳𑄦𑄟𑄧𑄖𑄴 𑄇𑄧𑄣𑄬𑄎𑄧 𑄚𑄧 𑄗𑄚𑄠𑄴 𑄚𑄧𑄚𑄝𑄨𑄘𑄊𑄨 𑄘𑄧𑄇𑄳𑄠 𑄞𑄬𑄃𑄨𑄘𑄮𑄎𑄧𑄚𑄧𑄢𑄴 𑄃𑄠𑄮𑄌𑄴𑄌𑄚𑄨 𑄃𑄧𑄛𑄘𑄢𑄧𑄖𑄴 𑄇𑄪𑄙𑄪 𑄡𑄬𑄃𑄨𑄚𑄬 𑄏𑄧𑄢𑄨 𑄛𑄧𑄢𑄬𑄢𑄴 ।,বৈদ্যরা কলেজ না থাকা নাচা করে দুপা ফাঁক করে কোথা গিে পতেছে
𑄃𑄧𑄚𑄪 𑄝𑄪𑄇𑄴𑄱𑄢𑄬 𑄇𑄨 𑄡𑄬𑄚𑄬 𑄃𑄟𑄨𑄎𑄬𑄃𑄨 𑄝𑄢𑄨 𑄘𑄨 𑄘𑄨 𑄛𑄨𑄢𑄬 𑄜𑄪𑄘𑄬 𑄘𑄬𑄢𑄴।,.অপ বুকে কি যেন বারি দিে ব্যাথা করতেছে
𑄚𑄧𑄚𑄝𑄨 𑄃𑄘𑄬𑄇𑄳𑄠𑄉𑄧𑄢𑄨 𑄇𑄧𑄙 𑄟𑄬𑄣𑄨𑄣𑄬 𑄃𑄧𑄚𑄪 𑄒𑄚𑄴 𑄛𑄬𑄣𑄧।,নাছোবান্দা কথা বললে মনে ঠাঁই পেল
𑄚𑄧𑄚𑄝𑄨 𑄇𑄧𑄣𑄧 𑄃।,নাক থেকে রক্ত পার শব্দ
𑄇𑄨 𑄌𑄨𑄙𑄬 𑄉𑄧𑄢𑄧𑄢𑄴।,কি চিন্তা করো
𑄚𑄧𑄠𑄴।,"না, না সূচক শব্দ"
𑄝𑄳𑄦।,bdmean
𑄚𑄧 𑄇𑄧𑄖𑄴𑄬 𑄦𑄧𑄠𑄴।,নাচিে হ না
𑄖𑄧𑄢𑄴 𑄃𑄬𑄇𑄴 𑄌𑄨𑄙𑄬 𑄃𑄧𑄠𑄴 - 𑄃𑄧𑄚𑄪 𑄎𑄮𑄝𑄴 𑄘𑄨𑄣𑄧।,তোমার এক ফন্দি আছে-অতিরিক্ত কথা দিল
𑄚𑄧𑄚𑄝𑄨 𑄃𑄢𑄧 𑄙𑄬𑄢𑄬𑄇𑄧𑄢𑄬 𑄙𑄧𑄢𑄴𑄣𑄧 𑄚𑄳𑄦।,ননদ আর স্ত্রীকে ধরলো না
𑄇𑄧𑄚𑄴 𑄘𑄮𑄣𑄴𑄝𑄨𑄢𑄬 𑄃𑄩𑄙𑄮𑄖𑄴 𑄖𑄪𑄣𑄮𑄢𑄴।,কোন সুন্দরকে এখানে তুলো
𑄃𑄧𑄚𑄪 𑄇𑄧𑄣𑄧 𑄖𑄧𑄢𑄴 𑄝𑄚 𑄥𑄳𑄠 𑄥𑄨𑄠𑄮𑄁𑄱𑄥𑄟𑄚𑄨 𑄃𑄧𑄠𑄴।,অনুকুল অবস্থা তোমার শুধু সেটার আসা আসা
𑄚𑄧𑄚𑄝𑄨𑄢𑄬 𑄖𑄪𑄉𑄪𑄢𑄨 𑄌𑄨𑄝𑄨 𑄘𑄨𑄚𑄬 𑄇𑄧𑄣𑄧 𑄖𑄪𑄃𑄨 𑄝𑄘𑄬 𑄟𑄧𑄢𑄴 𑄃𑄢𑄴 𑄇𑄧𑄚𑄴𑄚 𑄗𑄬𑄃𑄨 𑄛𑄢𑄬!,ননদকে দৌাদৌি করতে বললে আমার আর কে থাকতে পারে
𑄚𑄧𑄚𑄝𑄨 𑄟𑄪𑄠𑄚𑄴 𑄃𑄬𑄇𑄴𑄇𑄬𑄚 𑄛𑄧𑄖𑄴𑄛𑄧𑄖𑄳𑄠 𑄦𑄮𑄃𑄨 𑄃𑄪𑄙𑄨𑄣𑄧 ।,.স্বামী-স্ত্রী একনাগাে উঠে গেল
𑄘𑄨 𑄎𑄧𑄚𑄬 𑄞𑄣𑄧𑄇𑄴𑄈𑄧𑄚𑄴 𑄢𑄨𑄚𑄨 𑄌 𑄌𑄨 𑄉𑄧𑄢𑄨𑄚𑄬 𑄜𑄢𑄧𑄇𑄴 𑄦𑄧𑄣𑄇𑄴।,দুইজনে কিছুক্ষণ পর পর চামা করে আলাদা হলো
𑄝𑄨𑄏𑄪 𑄃𑄬𑄣𑄧।,বিঝু এলো
"𑄃𑄘𑄟𑄧𑄖𑄴, 𑄌𑄉𑄣𑄖𑄴 𑄃𑄪𑄌𑄴𑄌𑄮𑄢𑄴 𑄖𑄝𑄮𑄣𑄴 𑄈𑄬𑄣𑄬𑄢𑄴।","গ্রাম,খাওা উচ্চ তাবোল খেলছে"
𑄊𑄧𑄢𑄬 𑄊𑄧𑄢𑄬 𑄚 𑄚 𑄎𑄠𑄴𑄎𑄪𑄇𑄴𑄇𑄮𑄣𑄴 𑄌𑄧𑄣𑄬𑄢𑄴।,বািতে বািতে নাাচাা চলতেছে
𑄛𑄏𑄮𑄚𑄴 𑄘𑄧 𑄃𑄊𑄬।,কাগজটা তো আছে
"𑄟𑄧𑄘𑄴, 𑄎𑄧𑄉𑄧𑄢, 𑄇𑄚𑄴𑄎𑄨, 𑄟𑄧𑄙𑄪, 𑄘𑄮𑄃𑄨, 𑄛𑄨𑄙𑄬 𑄃𑄢𑄧 𑄚𑄚 𑄝𑄝𑄧𑄖𑄳𑄠 𑄘𑄧𑄢𑄧𑄛𑄴।","মদ, জো, তামাক, মধু, দই, পিঠা আর নানা ধরনের পিঠা"
𑄃𑄉𑄧𑄥𑄚𑄴 𑄝𑄨𑄏𑄪 𑄚𑄧 𑄦𑄧𑄢𑄴।,আগুনটা দাউ দাউ করে জ্বলতেছে
"𑄊𑄧𑄢𑄴𑄝𑄱, 𑄏𑄢𑄴𑄝𑄱 𑄓𑄧𑄢𑄬 𑄟𑄚𑄴𑄎𑄮𑄢𑄴 𑄝𑄨𑄏𑄪 𑄃𑄪𑄌𑄴𑄌𑄮 𑄡𑄬𑄚𑄬 𑄙𑄨𑄃𑄨𑄠𑄬।","বািটা, জঙ্গলটা ভে বেছে"
𑄛𑄪𑄢𑄧𑄚𑄨 𑄥𑄪𑄘𑄮𑄟𑄴 𑄡 𑄛𑄢𑄧𑄚𑄴 𑄖𑄮 𑄝𑄨𑄏𑄪𑄢𑄴 𑄎𑄠𑄴𑄎𑄪𑄇𑄴𑄇𑄮𑄣𑄴 𑄉𑄧𑄢𑄧𑄚𑄴।,.পুরাতন সুতাগুলো যা পারা যা তো বিঝু করে
𑄃𑄉𑄬 𑄚 𑄚 𑄃𑄪𑄌𑄴𑄌𑄮 𑄦𑄧𑄘𑄧।,আগে নাকি বেশি হেছে
"𑄊𑄨𑄣 𑄈𑄢, 𑄚𑄙𑄬𑄁 𑄈𑄢, 𑄛𑄮𑄢𑄴 𑄈𑄢, 𑄖𑄌𑄴𑄈𑄢, 𑄛𑄎 𑄈𑄢 𑄃𑄢𑄧 𑄞𑄬𑄃𑄨𑄘𑄮 𑄈𑄢।","ঘিলা খেলা,নাাচাা করা, তাাতাি খেলা,পাহাের খেলা,পাহাের খেলা"
𑄥𑄨𑄠𑄚𑄨 𑄇𑄪𑄙𑄪 𑄡𑄬𑄚𑄬 𑄟𑄨𑄣𑄬𑄃𑄨 𑄡𑄨𑄃𑄨𑄠𑄬𑄉𑄮𑄃𑄨।,সেগুলো কোথা যেন মেেগুলো গেছে
"𑄊𑄧𑄢𑄴𑄝𑄮, 𑄏𑄢𑄴𑄝𑄮 𑄢𑄬𑄚𑄢𑄬𑄚𑄨 𑄟𑄚𑄴𑄎𑄮 𑄟𑄙𑄖𑄴 𑄛𑄧𑄢𑄬 𑄥𑄨𑄣𑄴।","বািটা, জঙ্গলটা রাতের বেলা মাথা পে"
"𑄃𑄧𑄚𑄪𑄢𑄴 𑄃𑄬𑄝𑄧 𑄃𑄨𑄙𑄮𑄖𑄴 𑄃𑄊𑄬 𑄉𑄧𑄢𑄪 𑄣𑄢𑄬𑄃𑄨, 𑄉𑄧𑄢𑄬𑄠𑄬 𑄚𑄌𑄴।","অনুর্বর এখন এখানে গরু দৌাচ্ছে, করে নাচ"
𑄍𑄨𑄉𑄧𑄚𑄧 𑄃𑄧𑄇𑄴𑄖𑄧𑄖𑄴 𑄥𑄧𑄟𑄎𑄳𑄠 𑄟𑄨𑄣𑄨𑄚𑄬 𑄌 𑄡𑄬𑄘𑄇𑄴।,ছিঁা মাটিতে মিশে যাওার সম দেখা দে
𑄇𑄨𑄠𑄧𑄋𑄧𑄖𑄴 𑄙𑄧𑄢𑄴𑄟𑄧 𑄇𑄟𑄴 𑄦𑄧𑄘𑄧।,ধর্ম কাজ হওা
𑄜𑄪𑄣𑄴 𑄝𑄨𑄏𑄪 𑄢𑄬𑄘𑄮𑄖𑄴 𑄉𑄪𑄘𑄪𑄈𑄢 𑄇𑄨 𑄚 𑄃𑄪𑄌𑄴𑄌𑄮𑄢𑄴 𑄃𑄨𑄇𑄴𑄇𑄪𑄚𑄪 𑄝𑄬𑄇𑄴𑄇𑄚𑄨 𑄡𑄬𑄚𑄬 𑄥𑄧𑄝𑄧𑄚𑄴।,.ফুল বিঝুর রাতে কুাকুিগুলো সব গুো করে
𑄛𑄪𑄢𑄧𑄚𑄨 𑄥𑄪𑄘𑄮𑄟𑄴 𑄃𑄬𑄝𑄧 𑄡𑄬𑄋𑄬𑄢𑄨 𑄛𑄢𑄧𑄚𑄴 𑄟𑄚𑄴𑄎𑄳𑄠 𑄛𑄣𑄚𑄴।,.পুরাতন পোশাকটি এখন যে কোন পাহাে পরিধান করা হ
"𑄘𑄨𑄚𑄴 𑄃𑄨𑄇𑄴𑄇𑄪 𑄟𑄚𑄴𑄎𑄮𑄢𑄴 𑄖𑄬𑄋𑄛𑄧𑄠𑄴𑄎𑄳𑄠 𑄢𑄳𑄦𑄖𑄴, 𑄃𑄠𑄮𑄌𑄴 𑄗𑄬𑄣𑄬𑄠𑄯 𑄉𑄧𑄟𑄬 𑄝𑄨𑄏𑄪 𑄉𑄧𑄢𑄨 𑄚𑄧 𑄛𑄢𑄧𑄚𑄴।","সারাদিন এক মহাজন টাকা উপার্জন করছে, তবুও ভালো করে বিঝু করতে পারে না"
𑄝𑄨𑄏𑄪 𑄃𑄬𑄣𑄬 𑄎𑄪𑄚𑄪 𑄥𑄧𑄟𑄎𑄳𑄠𑄣𑄮𑄃𑄨 𑄟𑄨𑄣𑄨𑄚𑄬 𑄝𑄨𑄏𑄪 𑄈𑄬𑄘𑄧।,বিঝু আসলে জুনিেরা মিলে বিঝু খাবে
𑄘𑄨 𑄃𑄬𑄇𑄴 𑄝𑄧𑄏𑄧𑄢𑄴 𑄦𑄧𑄢𑄴 𑄖𑄢 𑄥𑄧𑄟𑄎𑄳𑄠𑄠𑄪𑄚𑄬 𑄝𑄨𑄏𑄪𑄖𑄴 𑄚 𑄚 𑄇𑄟𑄴 𑄦𑄘𑄧𑄖𑄴 𑄣𑄧𑄘𑄧𑄚𑄴।,দুই এক বছর হেছে তাদের সমাজটা না না কাজ করতেছে
𑄃𑄬𑄝𑄢𑄧 𑄝𑄨𑄏𑄪𑄖𑄴𑄠𑄮 𑄎𑄪𑄚𑄪𑄘𑄊𑄨 𑄇𑄨 𑄇𑄟𑄴 𑄉𑄧𑄢𑄴𑄖𑄧𑄚𑄴 𑄇𑄬𑄠𑄧𑄃𑄨 𑄇𑄧𑄃𑄨 𑄚𑄧 𑄛𑄢𑄧𑄚𑄴।,এবার বিকালেও জোনাকিরা কি কাজ করতে পারে না
𑄝𑄨𑄏𑄪𑄢𑄴 𑄥𑄛𑄴𑄖 𑄘𑄨 𑄥𑄛𑄴𑄖 𑄃𑄉𑄬𑄖𑄴𑄪𑄚𑄴 𑄙𑄧𑄢𑄨 𑄎𑄪𑄚𑄪 𑄃𑄎𑄮𑄢𑄴 𑄚𑄬𑄃𑄨 ।,বিঝুর দুই সাপ আগে থেকে ধরে নিে গেছে
𑄇𑄨 𑄇𑄟𑄴 𑄉𑄧𑄢 𑄡𑄬 𑄛𑄢𑄬 𑄞𑄝𑄧𑄘𑄧𑄚𑄴।,কি কাজ করা যা মনে হ
𑄖𑄢 𑄥𑄧𑄟𑄎𑄳𑄠𑄠𑄪𑄚𑄧𑄢𑄴 𑄃𑄨𑄌𑄴𑄇𑄪𑄣𑄧𑄖𑄴𑄖𑄪𑄚𑄴 𑄃𑄬𑄣𑄬𑄉𑄮𑄃𑄨 𑄇𑄨 𑄘𑄪𑄝𑄧𑄘𑄪𑄝𑄨 𑄛𑄧𑄢𑄬।,তাদের সংসার থেকে বের হে আসতে হ
𑄛𑄪𑄏𑄢𑄴 𑄉𑄧𑄢𑄴𑄣𑄬𑄃𑄮 𑄚𑄧 𑄇𑄧𑄚𑄴।,পোকামাক দিলেও বলে না
𑄖𑄢𑄢𑄬 𑄎𑄧𑄙 𑄎𑄧𑄙 𑄉𑄧𑄢𑄨 𑄟𑄨𑄣𑄧𑄘𑄬 𑄘𑄬𑄣𑄬 𑄝𑄪𑄢𑄧𑄠𑄪𑄚𑄧𑄢𑄴𑄠𑄮 𑄃𑄪𑄌𑄴𑄌𑄮𑄛𑄪𑄇𑄴 𑄃𑄪𑄙𑄬।,তাদের সাথে কথা বলতে বললে বুোটাও উে উঠে
𑄜𑄪𑄣𑄴 𑄝𑄨𑄏𑄪 𑄘𑄨𑄚𑄴।,.ফুল বিঝুর দিন
𑄎𑄪𑄚𑄪 𑄛𑄳𑄦𑄧𑄢𑄴 𑄜𑄪𑄘𑄨𑄝𑄢𑄴 𑄃𑄉𑄬 𑄊𑄪𑄟𑄧𑄖𑄴𑄪𑄚𑄴 𑄃𑄪𑄙𑄨𑄣𑄧।,জোনাকির আলো ফোটার আগে ঘুম থেকে উঠে গেল
𑄎𑄪𑄉𑄮𑄣𑄴 𑄦𑄮𑄃𑄨 𑄇𑄪𑄙𑄪 𑄡𑄬𑄚𑄬 𑄉𑄬𑄣𑄧।,যুদ্ধ করতে করতে কোথা চলে গেল
𑄜𑄨𑄢𑄨 𑄃𑄬𑄣𑄧 𑄘𑄨 𑄖𑄨𑄚𑄴 𑄎𑄧𑄚𑄴 𑄥𑄧𑄟𑄎𑄳𑄠𑄣𑄮𑄃𑄨।,.ফিরে আসলো দুই তিন জন মানুষ
𑄥𑄧𑄟𑄎𑄳𑄠𑄠𑄪𑄚𑄴 𑄖𑄢𑄬 𑄊𑄧𑄢𑄧𑄖𑄴 𑄝𑄢𑄬𑄃𑄨 𑄇𑄇𑄴𑄈𑄧𑄚𑄴 𑄇𑄨 𑄡𑄬𑄚𑄬 𑄇𑄪𑄠𑄝𑄪𑄣𑄧𑄉𑄧𑄢𑄨 𑄡 𑄡 𑄊𑄧𑄢𑄧𑄖𑄴 𑄉𑄬𑄣𑄇𑄴।,সামাজিক লোকজন তাকে বািে বোই করে যার বািতে যা
𑄉𑄪𑄘𑄨𑄖𑄴 𑄝𑄧𑄃𑄨 𑄟𑄙𑄬𑄃𑄨 𑄇𑄇𑄴𑄈𑄧𑄚𑄴 𑄎𑄬𑄢𑄬 𑄞𑄖𑄴 𑄈𑄬𑄣𑄧।,.রুমে বই রেখে কিছুক্ষণ পরে ভাত খেলাম।
𑄞𑄖𑄴 𑄈𑄬𑄃𑄨 𑄎𑄨𑄢𑄬𑄃𑄨 𑄝𑄬𑄣𑄳𑄠 𑄟𑄙𑄚𑄴𑄉𑄧𑄢𑄨 𑄊𑄧𑄢𑄧𑄖𑄴𑄪𑄚𑄴 𑄚𑄨𑄉𑄨𑄣𑄨𑄣𑄧।,ভাত খেে দ্রুত বাি থেকে বের হে আসলো
𑄃𑄧𑄚𑄪 𑄖𑄢𑄬 𑄇𑄨 𑄉𑄧𑄢𑄬𑄢𑄴 𑄇𑄨 𑄚𑄧 𑄉𑄧𑄢𑄬𑄢𑄴 𑄌𑄮𑄇𑄴 𑄘𑄨𑄝𑄢𑄴 𑄌𑄬𑄣𑄧।,.অন্যেরা তাকে কি করে কি করেনা তা দেখার জন্য তাকালো।
𑄇𑄧𑄚𑄧𑄇𑄴𑄈𑄚𑄴 𑄟𑄳𑄦𑄬𑄖𑄴 𑄚𑄧 𑄛𑄬𑄣𑄧।,.কোনটা মাটি পেেছে?
𑄟𑄪𑄣𑄴 𑄝𑄨𑄏𑄪 𑄝𑄬𑄚𑄳𑄠 𑄏𑄘𑄨 𑄉𑄘𑄨𑄣𑄧।,.মূল বিঝুর বোটা ঝাকিে আছে
𑄘𑄨𑄝𑄬 𑄞𑄖𑄴 𑄈𑄬𑄃𑄨 𑄝𑄨𑄏𑄪 𑄈 𑄣𑄟𑄨𑄣𑄧।,দুই ভাত খেে বিঝু খাওা হলো
𑄃𑄧𑄚𑄪𑄣𑄮𑄃𑄨 𑄖𑄟𑄴𑄟 𑄝𑄨𑄏𑄪 𑄎𑄪𑄇𑄴𑄇𑄧𑄣𑄴 𑄉𑄧𑄢 𑄙𑄧𑄢𑄴𑄣𑄇𑄴𑄴।,অনুসরণ করে তার মা বিঝুর সাথে যোগ দিল
𑄖 𑄝𑄝𑄬 𑄇𑄨𑄠𑄧𑄋𑄧𑄖𑄴 𑄉𑄬𑄣𑄧।,তার বাপে কিে গেল
𑄖 𑄝𑄝𑄬 𑄇𑄨𑄠𑄧𑄋𑄧𑄖𑄴𑄪𑄚𑄴 𑄃𑄬𑄣𑄧𑄉𑄮𑄃𑄨 𑄃𑄧𑄚𑄪 𑄣𑄟𑄨𑄣𑄧।,তার বাবা কোথা থেকে আসতেছে
𑄇𑄧𑄙𑄧 𑄉𑄬𑄣𑄬 𑄝𑄨𑄏𑄪 𑄈𑄚 𑄚𑄧𑄠𑄴।,কত গেলে বিঝু খাওা যা না
𑄘𑄨𑄠𑄚𑄴 𑄃𑄬𑄇𑄴𑄇𑄚𑄴 𑄊𑄧𑄢𑄴 𑄝𑄬𑄢𑄚।,দুটি ঘর বোনো
𑄥𑄟𑄴𑄝𑄘𑄴 𑄣𑄧𑄚।,"সঙ্গী নেওা, সঙ্গ দেওা"
𑄟𑄨𑄖𑄪𑄘𑄊𑄨 𑄊𑄧𑄢𑄧𑄖𑄴 𑄡𑄬𑄇𑄴𑄬 𑄣𑄪𑄋𑄨𑄣𑄧 𑄝𑄪𑄏𑄨𑄣𑄧 𑄚𑄧𑄚𑄝𑄨 𑄖𑄢𑄬 𑄝𑄌𑄴𑄌𑄬𑄃𑄨 𑄃𑄊𑄬।,.মেেটা বািে যখন নামল মনে হ সে তাকে বোতে আছে
𑄟𑄨𑄖𑄪𑄣𑄮𑄃𑄨 𑄚𑄧𑄚𑄝𑄨 𑄇𑄨 𑄡𑄬𑄚𑄬 𑄇𑄪𑄠𑄝𑄪𑄣𑄧 𑄉𑄧𑄢𑄴𑄖𑄧𑄚𑄴 𑄇𑄚𑄬 𑄇𑄚𑄬 𑄃𑄬𑄇𑄴𑄇 𑄣𑄳𑄦𑄬 𑄉𑄧𑄢𑄴𑄣𑄧।,.মেেটা নািে কি যেন কুাকুিটা কানের কাছে একটু লিখলো
𑄟𑄨𑄖𑄪 𑄃𑄧𑄚𑄪𑄢𑄬 𑄘𑄬𑄃𑄨𑄚𑄬 𑄇𑄧𑄣𑄧 - 𑄃𑄬𑄃𑄨 𑄘𑄧 𑄚𑄬𑄖𑄎𑄨 𑄞𑄬𑄃𑄨𑄝𑄮 𑄣𑄪𑄋𑄨𑄣𑄧𑄉𑄨।,মেেকে দেে কল - এই তো সে চলে গেল
𑄃𑄧𑄚𑄪 𑄇𑄧𑄙𑄠𑄚𑄴 𑄚𑄪𑄠 𑄦𑄧𑄣𑄬𑄠𑄮 𑄦𑄟𑄧𑄇𑄴 𑄚𑄧 𑄦𑄧𑄠𑄴।,.অপচ কথা গুলো না হলে সহ্য হ না
𑄖𑄬 𑄟𑄨𑄖𑄪𑄢𑄬 𑄘𑄬𑄃𑄨𑄚𑄬 𑄇𑄧𑄣𑄧 - 𑄉𑄧𑄟𑄴 𑄃𑄉𑄧𑄁𑄚𑄨 𑄚𑄬𑄃𑄨 𑄘𑄧 𑄛𑄪𑄏𑄢𑄴 𑄚𑄧 𑄉𑄧𑄢𑄴𑄣𑄬!,সে তাকে দেে বলে - ভালো কাজ নাই তো!
𑄖𑄬 𑄉𑄧𑄟𑄴 𑄃𑄉𑄧𑄌𑄴 𑄚𑄨 𑄚𑄬𑄃𑄨 ?,সে ভালো আছে নাকি?
𑄃𑄧𑄚𑄪 𑄇𑄧𑄣𑄧 𑄟𑄪𑄃𑄨 𑄇𑄧𑄃𑄨𑄚𑄬 𑄃𑄃𑄨 𑄖𑄬 𑄃𑄧𑄠𑄴 !,অনুকুল মুখ করে কথা বলে সে
𑄟𑄨𑄖𑄪 𑄇𑄧𑄣𑄧 - 𑄖𑄧 𑄈𑄧𑄝𑄧𑄢𑄴 𑄚𑄧𑄚𑄖𑄴𑄪𑄚𑄴 𑄝𑄬𑄇𑄴 𑄝𑄬𑄇𑄴 𑄣𑄪𑄃𑄨𑄠𑄮𑄁।,মেে কথা - তোমার খবর সব গুো করেছি
𑄃𑄧𑄚𑄪 𑄇𑄧𑄣𑄧 - 𑄖𑄬 𑄟𑄧 𑄟𑄪𑄠𑄧𑄚𑄴𑄘𑄨 𑄚𑄧 𑄥𑄪𑄚𑄨𑄝𑄬 𑄚?,অনুকুল - সে আমার কথা শুনবে নাকি?
𑄟𑄨𑄖𑄪 𑄇𑄧𑄙𑄠𑄚𑄴 𑄊𑄪𑄢𑄬𑄚𑄬𑄃𑄨 𑄇𑄧𑄣𑄧 - 𑄚𑄬𑄖𑄎𑄨 𑄞𑄬𑄃𑄨 𑄘𑄧 𑄥𑄬𑄖𑄳𑄠 𑄇𑄧𑄙𑄚𑄨 𑄝𑄬𑄋 𑄝𑄬𑄋।,মিতু কথা গুলো ঘুরে বো-নেওা বলে-নেওা কথাগুলো বো বো
𑄚𑄧𑄚𑄝𑄨𑄣𑄮𑄃𑄨 𑄟𑄨𑄖𑄪 𑄌𑄪𑄝𑄬𑄌𑄝𑄬 𑄇𑄨 𑄇𑄪𑄠 𑄇𑄨 𑄉𑄧𑄢𑄨 𑄟𑄨𑄙𑄬 𑄟𑄨𑄙𑄬𑄉𑄧𑄢𑄨 𑄦𑄏𑄨𑄣𑄇𑄴।,ননদ-স্বামী মিলে কি কুাকুি করে হাসছে
𑄝𑄬𑄣𑄧 𑄥𑄧𑄘𑄧𑄇𑄴 𑄇𑄢𑄴𑄇𑄎𑄳𑄠 𑄦𑄧𑄚𑄠𑄴 𑄡𑄬𑄘𑄧𑄇𑄴 𑄦𑄧𑄠𑄴 𑄃𑄪𑄟𑄴𑄌𑄎𑄳𑄠 𑄣𑄉𑄬𑄢𑄴।,বিালের সম যত হ তত ভালো লাগে
𑄟𑄨𑄖𑄪 𑄃𑄧𑄚𑄪𑄢𑄬 𑄃𑄬𑄇𑄴𑄇𑄚𑄴 𑄝𑄨𑄎𑄮𑄚𑄴 𑄃𑄚𑄨 𑄘𑄨 𑄝𑄨𑄎𑄨 𑄘𑄨𑄣𑄧 𑄇𑄇𑄴𑄈𑄧𑄚𑄴।,মেেকে একটি বিচি দিে বিচি দিল
𑄃𑄧𑄚𑄪 𑄇𑄧𑄣𑄧 - 𑄘𑄬 𑄚𑄧 𑄛𑄧𑄢𑄨𑄝𑄧।,অনুকুল পরিস্থিতি - দিতে হবে না
"𑄟𑄨𑄖𑄪 𑄊𑄧𑄢𑄧 𑄞𑄨𑄘𑄨𑄢𑄬 𑄡𑄬𑄃𑄨 𑄘𑄧𑄃𑄨 𑄃 𑄥𑄚𑄳𑄠𑄛𑄨𑄙, 𑄛𑄏𑄧𑄚𑄴 𑄃𑄚𑄨 𑄘𑄨𑄣𑄧।","মেে বাির ভিতরে যে দই আছে,সেটা নিে আসলো"
𑄖𑄨𑄚𑄴 𑄎𑄧𑄚𑄬 𑄛𑄨𑄙𑄬 𑄈𑄬𑄃𑄨 𑄘𑄧𑄃𑄨 𑄈𑄬𑄣𑄇𑄴।,তিনজনে পিঠা খেে দই খেলো
𑄇𑄇𑄴𑄈𑄧𑄚𑄴 𑄎𑄬𑄢𑄬 𑄟𑄨𑄖𑄪 𑄛𑄨𑄏𑄧𑄢𑄧𑄖𑄴 𑄡𑄬𑄃𑄨 𑄉𑄧𑄢𑄧𑄟𑄴 𑄉𑄧𑄢𑄧𑄟𑄴 𑄛𑄥𑄴𑄥𑄚𑄴 𑄍𑄧𑄠𑄚𑄴 𑄝𑄧𑄢 𑄛𑄨𑄙𑄬 𑄃𑄚𑄨𑄣𑄧𑄉𑄮𑄃𑄨।,.কেকদিন পরে মেেরা পৃথিবীতে যে গরম গরম পাখানা করেছে।
𑄝𑄧𑄢 𑄛𑄨𑄙𑄬 𑄈𑄬𑄣𑄇𑄴।,এক জাতী পিঠা
𑄢𑄮𑄘𑄧 𑄥𑄧𑄘𑄧𑄇𑄴 𑄡𑄬𑄘𑄧𑄇𑄴 𑄦𑄧𑄠𑄴 𑄘𑄋𑄴𑄘𑄋𑄳𑄠 𑄉𑄧𑄢𑄨 𑄥𑄨𑄘𑄬𑄢𑄴।,রোদ অনেক গরম হেছে
𑄃𑄧𑄚𑄪 𑄇𑄧𑄣𑄧 - 𑄝𑄬𑄣𑄳𑄠 𑄚𑄧 𑄦𑄧𑄣𑄬 𑄈 𑄚𑄧 𑄡𑄬𑄝𑄧 𑄃𑄢𑄴।,অনু কল-বিাল না হলে খাওা যাবে না
𑄟𑄨𑄖𑄪 𑄇𑄧𑄣𑄧 𑄇𑄧𑄇𑄴𑄈𑄬 𑄢𑄚𑄪𑄘𑄊𑄨 𑄊𑄧𑄢𑄧𑄖𑄴 𑄡𑄬𑄝𑄧𑄁।,মেে কথা বলতে বলতে রানুর বািতে যাবো
𑄃𑄧𑄚𑄪 𑄇𑄧𑄣𑄧 𑄃𑄬 𑄢𑄮𑄘𑄧𑄟𑄠𑄴!,অনুকুল এই রোদ
𑄟𑄨𑄖𑄪 𑄇𑄧𑄣𑄧 𑄃 𑄇𑄨 𑄢𑄮𑄘𑄴।,মেে কল কি রোদ
𑄟𑄨𑄉𑄨𑄚𑄨 𑄛𑄢𑄧𑄖𑄴 𑄖𑄧 𑄞𑄬𑄃𑄨𑄠𑄧𑄢𑄴 𑄇𑄚𑄴𑄘𑄧 𑄇𑄧𑄢𑄧𑄟𑄴 𑄃𑄬𑄇𑄴𑄇 𑄚𑄧 𑄌𑄬𑄝𑄬𑄉𑄧𑄃𑄨?,মিছিনি পাে তোমার ভাইের কান্না করবে একটু দেখে?
𑄟𑄧 𑄞𑄬𑄃𑄨𑄠𑄧𑄢𑄴 𑄇𑄚𑄴𑄘𑄧 𑄇𑄧𑄢𑄧𑄟𑄴 !,আমার ভাইের কান্না করতে হবে
𑄃𑄧𑄚𑄪 𑄇𑄧𑄣𑄬 𑄚𑄧𑄚𑄝𑄨 𑄦𑄏𑄨 𑄃𑄪𑄙𑄨𑄣𑄧 ।,অনুকুল পরিস্থিতি নানি হাত উঠালো
𑄟𑄨𑄖𑄪 𑄚𑄧𑄚𑄝𑄨𑄢𑄬𑄌𑄬𑄃𑄨𑄚𑄬 𑄇𑄧𑄣𑄧 - 𑄡𑄳𑄠𑄬𑄚𑄴 𑄉𑄧𑄎𑄳𑄠𑄚𑄴 𑄝𑄧𑄎𑄧𑄁 𑄘𑄧 𑄚𑄧𑄠𑄴।,মেেদের ন্যাে কল - যে গজটা ব হছে তা তো না
𑄚𑄧𑄚𑄝𑄨 𑄇𑄧𑄣𑄧 - 𑄟𑄪𑄃𑄨𑄠𑄮 𑄘𑄧 𑄥𑄨𑄠𑄚𑄴 𑄇𑄧𑄋𑄧𑄖𑄴𑄬।,.নন্যে কল -আমি তো সেটা বলতেছি
𑄃𑄧𑄚𑄪 𑄇𑄧𑄣𑄧 𑄇𑄨 𑄦𑄪𑄠𑄬 𑄘𑄬 𑄞𑄋𑄨 𑄇𑄧 𑄚!,অনু কল কি হেছে তো ভেঙে বলে না
𑄟𑄨𑄖𑄪 𑄇𑄧𑄣𑄧 𑄝𑄬𑄣𑄳𑄠 𑄟𑄨𑄉𑄨𑄚𑄨 𑄛𑄢𑄧𑄖𑄴 𑄉𑄬𑄣𑄬 𑄝𑄪𑄏𑄨 𑄛𑄢𑄨𑄝𑄬।,মেে কলবেলের পাশ দিে গেলে বুঝা যা
𑄇𑄇𑄴𑄈𑄧𑄚𑄴 𑄎𑄨𑄢𑄬𑄃𑄨 𑄇𑄧𑄣𑄧 𑄡𑄨𑄠𑄚𑄴 𑄉𑄧𑄎𑄳𑄠𑄧𑄚𑄴 𑄈𑄟𑄇𑄴𑄇𑄠𑄴 𑄝𑄃𑄨𑄚𑄨 𑄉𑄧𑄢 𑄛𑄧𑄢𑄬।,.সকাল হেছে এমন কলগুলো ঠিক করতে হ
𑄃𑄧𑄚𑄪 𑄇𑄧𑄣𑄧 - 𑄖𑄧𑄟 𑄇𑄧𑄙 𑄟𑄪𑄃𑄨 𑄟𑄳𑄦𑄬𑄖𑄴 𑄚𑄧 𑄛𑄋𑄧𑄢𑄴।,অনুকুল পরিস্থিতি - তোমার কথা আমি সহ্য করতে পারছি না
𑄟𑄨𑄖𑄪 𑄇𑄧𑄣𑄧 𑄝𑄬𑄣𑄳𑄠 𑄉𑄬𑄣𑄬 𑄟𑄳𑄦𑄬𑄖𑄴 𑄛𑄬𑄝𑄬।,মেে কল বিাল করলে মাংস পেে যাবে
𑄃𑄧𑄚𑄪 𑄟𑄧𑄚𑄬 𑄟𑄧𑄚𑄬 𑄖𑄧𑄣𑄬𑄃𑄨 𑄌𑄬𑄃𑄨 𑄃𑄪𑄘𑄨𑄌𑄴 𑄉𑄧𑄢𑄨 𑄚𑄧 𑄛𑄢𑄴𑄣𑄧।,অনু মনে মনে নিচ পর্যন্ত দেখতে পারতেছি না
𑄃𑄘𑄬𑄇𑄳𑄠𑄉𑄧𑄢𑄨 𑄖𑄟𑄴𑄟 𑄇𑄧𑄙𑄠𑄚𑄴 𑄃𑄩𑄙𑄮𑄖𑄴 𑄃𑄪𑄙𑄨𑄣𑄧 𑄝𑄛𑄴 𑄍 𑄛𑄪𑄖𑄴 𑄍।,.অতিরিক্ত তার মা কথা গুলো এখানে তুলে দিল
𑄃𑄢𑄧 𑄃𑄩𑄙𑄮𑄖𑄴 𑄃𑄪𑄙𑄨𑄨𑄣𑄧 𑄝𑄝𑄧 𑄝𑄨𑄘𑄳𑄠 𑄛𑄪𑄠𑄠𑄴 𑄛𑄠𑄴।,আর এখানে উঠার সম বাঁশটা কেটে নিতে হ
𑄟𑄧𑄚𑄬 𑄟𑄧𑄚𑄬 𑄞𑄝𑄬𑄢𑄴 𑄥𑄨𑄠𑄚𑄴 𑄇𑄨 𑄥𑄣𑄬 𑄎𑄪𑄚𑄪 𑄛𑄬𑄘𑄧 𑄡𑄢𑄴।,মনে হ সেটা কি পরে যাবে
𑄃𑄧𑄚𑄪 𑄟𑄪𑄎𑄪𑄋𑄬𑄘𑄨𑄨 𑄖𑄟𑄴𑄟 𑄇𑄧𑄠𑄴𑄘𑄬 𑄇𑄧𑄙𑄚𑄨 𑄃𑄟𑄨𑄎𑄬𑄃𑄨 𑄊𑄪𑄢𑄴𑄛𑄇𑄴 𑄈𑄢𑄴।,.অপচে তার মা কথা গুলো আমার সাথে খা
𑄝𑄬𑄣𑄴𑄎𑄪𑄢𑄧 𑄛𑄧𑄢𑄴𑄣𑄧।,সূর্য ডোবার সম
"𑄃𑄧𑄚𑄪, 𑄟𑄨𑄖𑄪, 𑄚𑄧𑄚𑄝𑄨 𑄃𑄘𑄟𑄴 𑄝𑄬𑄢 𑄣𑄟𑄨𑄣𑄇𑄴।","অনু,মিে,স্বামী-স্ত্রী ঘুরে বোচ্ছে"
𑄃𑄬 𑄝𑄧𑄏𑄧𑄢𑄴 𑄝𑄨𑄏𑄪𑄖𑄴 𑄟𑄚𑄪𑄌𑄴 𑄚𑄬𑄃𑄨 𑄇𑄧𑄣𑄬 𑄥𑄎𑄬।,এ বছর বিঝুর মানুষ নেই বললে চলে
𑄝𑄚 𑄘𑄨𑄠𑄚𑄴 𑄃𑄬𑄇𑄴𑄇𑄚𑄴 𑄊𑄧𑄢𑄧𑄖𑄴 𑄟𑄚𑄪𑄌𑄴 𑄃𑄬𑄖𑄴𑄖𑄧𑄚𑄴 𑄡𑄘𑄧𑄚𑄴।,শুধু দুইটা বািতে মানুষ আসতেছে
𑄉𑄪𑄢𑄧𑄠𑄪𑄚𑄴 𑄎𑄧𑄙 𑄦𑄮𑄃𑄨 𑄝𑄨𑄏𑄪 𑄈𑄘𑄧𑄚𑄴।,গিমসি করে বিঝু খা
𑄣𑄊𑄣𑄊 𑄘𑄨 𑄃𑄬𑄇𑄴𑄎𑄧𑄚𑄴 𑄝𑄬𑄢𑄘𑄧𑄚𑄴।,দুইজনে ঘুরে বো
𑄢𑄬𑄃𑄨𑄖𑄴 𑄦𑄧𑄣𑄬 𑄝𑄨𑄏𑄪 𑄥𑄢𑄬 𑄛 𑄉𑄧𑄢𑄨 𑄦𑄮𑄃𑄨 𑄛𑄢𑄬।,রাত হলে বিঝুর পা করে হতে পারে
"𑄃𑄧𑄚𑄪, 𑄟𑄨𑄖𑄪, 𑄚𑄧𑄚𑄝𑄨 𑄥𑄧𑄟𑄎𑄳𑄠 𑄊𑄧𑄢𑄧𑄖𑄴 𑄝𑄨𑄏𑄪 𑄈𑄬𑄣𑄇𑄴।","অনু,মিঝু,নন্যেদের বািতে বিঝু খেলা"
𑄘𑄨𑄠𑄚𑄴 𑄖𑄨𑄚𑄚𑄴 𑄊𑄧𑄢𑄴 𑄝𑄬𑄢𑄘𑄬 𑄝𑄬𑄢𑄘𑄬 𑄝𑄬𑄣𑄴 𑄓𑄪𑄝𑄨𑄣𑄧।,দুই তিনটা বাি ঘুরে বোতে সূর্য ডুবলো
𑄚𑄧𑄚𑄝𑄨 𑄇𑄧𑄣𑄧 𑄢𑄬𑄃𑄨𑄖𑄴 𑄦𑄧𑄣𑄬 𑄘𑄬 𑄟𑄪𑄃𑄨 𑄡𑄬𑄃𑄨 𑄚𑄧 𑄛𑄢𑄨𑄟𑄴𑄝𑄬।,.নন্যে কল রাত হলে তো আমি যেতে পারবো না
𑄟𑄨𑄖𑄪 𑄇𑄧𑄣𑄧 𑄝𑄨𑄏𑄪 𑄘𑄨𑄚𑄧𑄖𑄴 𑄇𑄨।,মেে কল বিঝুর দিনে কি
𑄢𑄬𑄃𑄨𑄖𑄴 𑄥𑄧𑄁 𑄟𑄚𑄪𑄌𑄴 𑄝𑄬𑄢𑄚𑄴।,রাতের বেলা একদল লোক ঘুরে বোচ্ছে
𑄚𑄧𑄚𑄝𑄨 𑄇𑄧𑄣𑄧 𑄟𑄘𑄊𑄨 𑄌𑄨𑄙𑄬 𑄉𑄧𑄢𑄨𑄝𑄇𑄴 𑄘𑄧।,নানি কলমাক দিে চিবিেছে তো
𑄟𑄨𑄖𑄪 𑄇𑄧𑄙 𑄗𑄪𑄟𑄴 𑄚𑄧 𑄦𑄧𑄘𑄬 𑄃𑄧𑄚𑄪 𑄇𑄧𑄣𑄧 𑄃𑄢𑄧 𑄇𑄪𑄚𑄴𑄘𑄨 𑄡𑄬𑄝𑄢𑄴 𑄃𑄊𑄬 𑄚𑄬 𑄚?,মিতু কথা শেষ না হওা পর্যন্ত ফোন করে যাওার আছে নাকি?
𑄟𑄨𑄖𑄪 𑄇𑄧𑄣𑄧 𑄇𑄪𑄙𑄪 𑄃𑄢𑄴 𑄡𑄬𑄝𑄧𑄁।,মেেটা কোথা আর যাবে
𑄉𑄋𑄴𑄇𑄪𑄣𑄬 𑄃𑄬𑄇𑄴𑄇 𑄚𑄧 𑄝𑄬𑄢𑄬𑄝𑄧𑄁𑄉𑄧𑄃𑄨 𑄚𑄬!,গাঙে একটুও ঘুরতে পারবো না!
𑄦𑄧𑄠𑄴𑄠𑄯 𑄥𑄳𑄠𑄬।,হেছে
𑄉𑄋𑄴𑄇𑄪𑄣𑄬 𑄇𑄪𑄣𑄬 𑄝𑄬𑄢𑄘𑄬 𑄡𑄧𑄘𑄧𑄛𑄧𑄘𑄬 𑄉𑄧𑄟𑄴 𑄣𑄉𑄨𑄝𑄧।,গাঙে নৌকা বাইতে গেলে অনেক উপকার হবে
𑄃𑄧𑄚𑄪 𑄇𑄧𑄙 𑄥𑄬𑄢𑄴 𑄛𑄧𑄢𑄴𑄣𑄬 𑄖𑄨𑄚𑄴𑄎𑄧𑄚𑄬 𑄉𑄋𑄴𑄇𑄪𑄣𑄧 𑄟𑄧𑄇𑄳𑄠 𑄣𑄧𑄢𑄴 𑄘𑄨𑄣𑄇𑄴।,.অপচ কথা বললে তিন জনে জঙ্গলের মধ্য দিে রওনা দিল
𑄃𑄨𑄚𑄴𑄘𑄨 𑄃𑄧𑄚𑄪 𑄟𑄧𑄚𑄚𑄴 𑄚𑄨𑄖𑄳𑄠𑄧 𑄙𑄪𑄉𑄪𑄖𑄴 𑄙𑄪𑄉𑄪𑄖𑄴 𑄉𑄧𑄢𑄬𑄢𑄴।,এখান থেকে শুধু মনটা ছটফট করতেছে
𑄖 𑄞𑄬𑄃𑄨𑄝𑄮 𑄇𑄨 𑄡𑄬 𑄉𑄧𑄢𑄴𑄣𑄧।,তার স্ত্রী কি যে করতেছে
𑄌𑄮𑄉𑄬 𑄚𑄧 𑄘𑄬𑄣𑄬 𑄇𑄮𑄃𑄨 𑄛𑄢 𑄚𑄧 𑄡𑄠𑄴।,চোখ বন্ধ না করলে বলা যা না
𑄉𑄋𑄴𑄇𑄪𑄣𑄬 𑄇𑄪𑄣𑄬 𑄎𑄪𑄢𑄧 𑄦𑄞 𑄍𑄨𑄘𑄨 𑄡𑄢𑄴।,গাঙের কূলে জুের পাগুলো ছিঁে যা
𑄘𑄪𑄊𑄧 𑄇𑄨𑄃𑄨𑄠𑄳𑄠𑄬𑄖𑄴 𑄎𑄪𑄢𑄧 𑄜𑄪𑄘𑄬𑄢𑄴।,দুঃখকষ্ট দূর হেছে
𑄃𑄧𑄚𑄪𑄢𑄴 𑄞𑄢𑄨 𑄉𑄧𑄟𑄴 𑄣𑄉𑄬𑄢𑄴।,অনুর্বর খুব ভালো লাগে
𑄇𑄧𑄠𑄴𑄘𑄨𑄚𑄴 𑄦𑄧𑄣𑄧 𑄃𑄬𑄎𑄚𑄴 𑄘𑄨𑄚𑄪𑄚𑄴 𑄖𑄢𑄴𑄖𑄪𑄚𑄴 𑄦𑄢𑄨 𑄝𑄨𑄘𑄨 𑄡𑄨𑄃𑄨𑄠𑄮𑄚𑄴।,কদিন হেছে এই দিনগুলো হারিে গেছে
𑄥𑄧𑄃𑄧𑄢𑄧𑄖𑄴 𑄃𑄬𑄎𑄚𑄴 𑄎𑄪 𑄚𑄧 𑄦𑄧𑄠𑄴।,নদীর মোহনা আর যোগা হ না
"𑄉𑄢𑄨 𑄢𑄧, 𑄇𑄧𑄢𑄧𑄣𑄨, 𑄙𑄪𑄟𑄮. 𑄟𑄚𑄴𑄎𑄮𑄢𑄴 𑄎𑄨𑄢𑄬𑄚𑄴 𑄚𑄬𑄃𑄨 𑄇𑄟𑄴𑄇𑄧𑄢𑄧𑄌𑄴 𑄟𑄚𑄴𑄎𑄮𑄢𑄴 𑄎𑄨𑄁𑄇𑄚𑄨𑄢𑄬 𑄥𑄧𑄝𑄮𑄚𑄴-𑄟𑄳𑄦𑄧𑄣𑄴𑄣 𑄘𑄧𑄇𑄴 𑄖𑄚𑄨 𑄖𑄚𑄨 𑄡𑄬𑄚𑄧 𑄈𑄬𑄘𑄧 𑄌𑄠𑄴।","গাি র, করলা, ধোঁা, মানুষদের জীবনে কোনো শান্তি নেই"
"𑄥𑄧𑄥𑄉𑄧𑄢𑄴 𑄃𑄧𑄌𑄨𑄚𑄴 𑄟𑄚𑄴𑄎𑄮𑄢𑄴 𑄟𑄪 𑄟𑄚𑄬𑄃𑄨 𑄟𑄧𑄚𑄧𑄢𑄬 𑄃𑄟𑄨𑄎𑄬𑄃𑄨 𑄃𑄢𑄴𑄥𑄣𑄴𑄱𑄉𑄧𑄢𑄨 𑄟𑄬𑄠𑄳𑄠, 𑄇𑄨𑄢𑄴𑄝𑄳𑄠 𑄚𑄬𑄃𑄨 𑄉𑄧𑄢𑄬।",".সমান অচিন মাছরাঙার মুখের দিকে তাকালে মনটা কেমন যেন করে,কিছুই নেই"
𑄊𑄧𑄢𑄨 𑄇𑄘𑄝𑄱𑄥𑄚𑄴 𑄟𑄚𑄴𑄎𑄮 𑄎𑄨𑄁𑄇𑄚𑄨𑄠𑄮 𑄑𑄨𑄇𑄴 𑄑𑄨𑄇𑄴 𑄉𑄧𑄢𑄨 𑄦𑄘𑄨 𑄡𑄠𑄴।,বাির কাঁটাগুলো জঙ্গলের মধ্যে দিে হেঁটে যা
"𑄃𑄧𑄚𑄪, 𑄟𑄨𑄖𑄪, 𑄚𑄧𑄚𑄝𑄨 𑄌𑄬𑄢𑄴 𑄇𑄬𑄃𑄨𑄖𑄴 𑄢𑄨𑄚𑄨 𑄌𑄬𑄃𑄨 𑄌𑄬𑄃𑄨 𑄦𑄘𑄧𑄘𑄧𑄚𑄴।","অনু,মেে,মিে,নানি পাে নেচে নেচে হাঁটছে"
𑄘𑄨 𑄃𑄬𑄇𑄴𑄎𑄧𑄚𑄴 𑄉𑄋𑄧𑄖𑄴 𑄝𑄖𑄴𑄖𑄨 𑄘𑄨𑄝𑄢𑄴 𑄡𑄘𑄧𑄚𑄴।,দুইজনে গাঙে বাতি দিতে যাচ্ছে
𑄥𑄌𑄴 𑄦𑄧𑄚 𑄇𑄃𑄨 𑄊𑄧𑄚𑄢𑄴𑄣𑄨।,.সা হওার সম একনাগাে
𑄎𑄪𑄢𑄧 𑄝𑄧𑄃𑄧 𑄠𑄚𑄴 𑄃𑄢𑄧 𑄡𑄬𑄚𑄬 𑄝𑄧𑄣𑄨 𑄦𑄮𑄃𑄨 𑄡𑄢𑄴।,জুের ব ছেলে আরও যেন ব হে যায়
𑄃𑄢𑄧 𑄇𑄧𑄖𑄴𑄘𑄪𑄢𑄴 𑄃𑄬𑄃𑄨𑄚𑄬 𑄘𑄪𑄢𑄮𑄖𑄴 𑄘𑄬𑄊 𑄡𑄢𑄴 𑄉𑄋𑄴 𑄛𑄢𑄧𑄖𑄴 𑄇𑄬𑄃𑄨𑄟𑄴𑄝𑄮𑄃𑄨 𑄇𑄨 𑄡𑄬𑄚𑄬 𑄖𑄪𑄣𑄨 𑄖𑄧𑄣𑄬 𑄜𑄪𑄣𑄬 𑄛𑄘𑄠𑄴 𑄇𑄨 𑄡𑄬𑄚𑄬 𑄥𑄎𑄬𑄠𑄬।,"আরও কত দূরে দেখা যা, গাঙের পাে কী যেন আছে"
𑄃𑄧𑄚𑄪 𑄟𑄳𑄦𑄬𑄖𑄴 𑄛𑄬𑄣𑄧 𑄃𑄨𑄠𑄚𑄨 𑄎𑄪𑄚𑄪 𑄇𑄟𑄴।,.অপচে পেে এগুলো কচুর কাজ
𑄎𑄬𑄢𑄬 𑄃𑄬𑄇𑄴𑄇 𑄇𑄃𑄨 𑄃𑄬𑄃𑄨𑄚𑄬 𑄟𑄨𑄖𑄪 𑄇𑄧𑄣𑄧 - 𑄌 𑄖𑄧 𑄞𑄬𑄃𑄨 𑄃𑄮 𑄇𑄧𑄢𑄧𑄟𑄴 !,.অন্যের সাথে একটু মিশিে আসো - চা তোমার ভাইও করবে!
𑄃𑄧𑄚𑄪 𑄃𑄬𑄇𑄴𑄇 𑄇𑄃𑄨 𑄃𑄬𑄃𑄨𑄚𑄬 𑄢𑄨𑄚𑄨 𑄌𑄬𑄣𑄴।,অনু একটু একটু করে আসা যাওা করলো
𑄥𑄪𑄢𑄴 𑄥𑄪𑄢𑄴 𑄉𑄧𑄢𑄨 𑄛𑄘𑄣𑄮𑄃𑄨 𑄚 𑄚 𑄝𑄝𑄧𑄖𑄳𑄠 𑄜𑄪𑄣𑄴।,.সুগন্ধি ফুল
𑄃𑄬𑄇𑄴𑄇 𑄃𑄧𑄎𑄧𑄣𑄴 𑄉𑄧𑄢𑄨 𑄟𑄘𑄨𑄖𑄴 𑄖𑄪𑄣𑄨 𑄗𑄪𑄠𑄮𑄚𑄴 ।,একটু নরম করে মাটিতে তুলে রাখলেন
"𑄇𑄃𑄨𑄇𑄪𑄢𑄬 𑄇𑄬𑄃𑄨𑄟𑄴𑄝𑄮𑄃𑄨 𑄃𑄣𑄧𑄇𑄴 𑄊𑄧𑄢𑄴, 𑄎𑄪𑄟𑄧 𑄊𑄧𑄢𑄴, 𑄥𑄋𑄪 𑄝𑄚𑄬𑄠𑄮𑄚𑄴 ।","কেকটা কেকটা ঘর, জুম ঘর,সাঙু বানা"
𑄃𑄬𑄇𑄴𑄇𑄬𑄚𑄉𑄧𑄢𑄨 𑄉𑄧𑄟𑄬 𑄢𑄨𑄚𑄨 𑄌𑄬𑄣𑄬 𑄝𑄪𑄏𑄧 𑄡𑄠𑄴 𑄎𑄪𑄟𑄴𑄟𑄧 𑄥𑄧𑄁𑄌𑄴𑄇𑄨𑄢𑄨𑄖𑄨 𑄜𑄪𑄘𑄨 𑄖𑄪𑄣𑄨𑄝𑄢𑄴 𑄌𑄨𑄠𑄮𑄚𑄴।,একনাগাে ভালো করে দেখলে বুঝছ
"𑄇𑄃𑄨𑄇𑄪𑄢𑄬 𑄇𑄉𑄧𑄎𑄧𑄖𑄴 𑄃𑄢𑄧 𑄣𑄬𑄊 𑄃𑄊𑄬 - 𑄛𑄖𑄴𑄖𑄪𑄢𑄪 𑄝𑄨𑄏𑄪 , 𑄝𑄧𑄎𑄧𑄁𑄠𑄚𑄨 𑄞𑄏𑄨 𑄡𑄮𑄇𑄴, 𑄚𑄪𑄠 𑄞𑄣𑄬𑄘𑄧𑄢𑄴 𑄎𑄨𑄁𑄇𑄚𑄨 𑄃𑄟𑄢𑄬 𑄃𑄇𑄴𑄇𑄮𑄃𑄨 𑄚𑄬 𑄡𑄮𑄇𑄴, 𑄥𑄧𑄟𑄎𑄧𑄖𑄴𑄪𑄚𑄴 𑄃𑄚𑄴𑄘𑄢𑄴𑄠𑄚𑄴 𑄥𑄧𑄢𑄨 𑄡𑄮𑄇𑄴 -𑄃𑄬𑄋𑄬𑄢𑄨 𑄃𑄬𑄋𑄬𑄢𑄨 𑄃𑄢𑄧 𑄞𑄣𑄧𑄇𑄴 𑄝𑄝𑄧𑄖𑄳𑄠 𑄣𑄬𑄊।","কাঁকার কাগজ আর লেখা আছে -পাতুরু বিঝু,বজী বিঝুর মতো আমার ভালো লাগে না,সমাজ থেকে বের হে যাওা আর অনেক ব ব লেখা"
𑄃𑄧𑄚𑄪 𑄇𑄃𑄨 𑄃𑄬𑄃𑄨𑄚𑄬 𑄃𑄢𑄧 𑄃𑄬𑄇𑄴𑄇 𑄉𑄧𑄟𑄬 𑄌𑄬𑄣𑄧।,অনুকুল পরিস্থিতি আরও একটু ভালোভাবে দেখল
𑄉𑄧𑄟𑄴 𑄣𑄉𑄨𑄣𑄧।,ভালো লাগলে
𑄟𑄨𑄖𑄪 𑄃𑄧𑄚𑄪 𑄌𑄬𑄃𑄨𑄚𑄬 𑄇𑄧𑄣𑄧 - 𑄘𑄬𑄣𑄬 𑄘𑄧 𑄖𑄧 𑄞𑄬𑄃𑄨𑄝𑄮𑄢𑄴 𑄇𑄧𑄢𑄧𑄟𑄴 !,মেেকে চেইনে কল দিলে তো তোমার বোর কাজ হবে
𑄃𑄧𑄚𑄪 𑄇𑄧𑄣𑄧 𑄝𑄧𑄎𑄧𑄁 𑄘𑄧 𑄚𑄧𑄠𑄴।,অনুকুল পরিস্থিতি তো না
𑄟𑄨𑄖𑄪 𑄇𑄧𑄣𑄧 𑄟𑄪𑄃𑄨 𑄠𑄮 𑄘𑄧 𑄇𑄧𑄋𑄧𑄖𑄴𑄬 𑄥𑄨𑄠𑄚𑄴।,মেে কথা বলছে সেটা
𑄃𑄧𑄚𑄪 𑄇𑄧𑄣𑄧 𑄟𑄨𑄖𑄪!,এক কলমি
𑄎𑄚𑄧𑄌𑄴 𑄃𑄨𑄠𑄚𑄨 𑄉𑄧𑄢𑄨 𑄉𑄧𑄢𑄨 𑄖𑄢 𑄃𑄬𑄇𑄴 𑄘𑄨𑄚𑄴 𑄓𑄋𑄧𑄢𑄴 𑄓𑄋𑄧𑄢𑄴 𑄇𑄟𑄴𑄠𑄮 𑄗𑄪𑄟𑄴 𑄉𑄧𑄢𑄨 𑄚𑄧 𑄛𑄢𑄨𑄝𑄇𑄴 𑄇𑄬𑄚𑄬 𑄇𑄧𑄣𑄬!,জানো এরকম করে তারা একদিন ব ব কাজ ও শেষ করতে পারবে না
𑄟𑄨𑄖𑄪 𑄇𑄧𑄣𑄧 𑄍𑄨𑄉𑄧𑄚𑄧𑄖𑄴𑄪𑄚𑄴 𑄘𑄧 𑄓𑄋𑄧𑄢𑄧𑄢𑄴 𑄝𑄬𑄃𑄨 𑄃𑄪𑄙𑄧𑄚 ।,মেেকলের ছিঁা থেকে তো ডাঙর বেে উঠা
𑄃𑄧𑄚𑄪 𑄟𑄨𑄖𑄪𑄢𑄬 𑄌𑄬𑄃𑄨𑄚𑄬 𑄇𑄧𑄣𑄧 𑄃𑄟𑄨 𑄖𑄢 𑄃𑄧𑄇𑄴𑄖𑄧𑄖𑄴 𑄈𑄣𑄨𑄇𑄴 𑄃𑄨𑄠𑄚𑄨 𑄟𑄙𑄖𑄴 𑄚𑄧 𑄃𑄚𑄨।,অনু মিেকে শিকল দিে বললাম আমরা এগুলো মাথা আনিও না
𑄖𑄢𑄥𑄚𑄴 𑄎𑄧𑄙 𑄚𑄧 𑄦𑄮𑄃𑄨।,.তারা একসাথে হ না
𑄖𑄢𑄥𑄚𑄴 𑄃𑄬𑄎𑄚𑄴 𑄚𑄧 𑄉𑄧𑄢𑄨।,.তারা আসা যাওা করে না
𑄟𑄨𑄖𑄪 𑄇𑄧𑄣𑄧 𑄃𑄟𑄢𑄴 𑄖𑄢𑄢𑄬 𑄃𑄪𑄌𑄴𑄱𑄛𑄪𑄇𑄴 𑄖𑄪𑄣𑄨 𑄘𑄬𑄚 𑄘𑄧𑄢𑄴𑄉𑄢𑄴।,মেেটা আমাকে তাদের উপরে তুলে দে
𑄈𑄣𑄨𑄇𑄴 𑄣𑄬𑄊 𑄛𑄧𑄢𑄖𑄴 𑄡𑄬𑄚𑄬 𑄍𑄬𑄢𑄴 𑄚𑄧 𑄛𑄧𑄢𑄬।,খালি কাগজ পতে যেন ছো লাগে না
𑄃𑄧𑄚𑄪 𑄇𑄧𑄙 𑄗𑄪𑄟𑄴 𑄦𑄧𑄘𑄬 𑄚𑄧 𑄦𑄧𑄘𑄬 𑄚𑄧𑄚𑄝𑄨 𑄇𑄧𑄣𑄧 𑄥𑄌𑄴 𑄦𑄪𑄠𑄳𑄠।,.অন্যের কথা শেষ না হে অন্যর কথা শেষ হেছে
𑄟𑄧𑄢𑄬 𑄝𑄉𑄚𑄴𑄱 𑄥𑄧𑄁 𑄒𑄬𑄣𑄨 𑄘𑄨 𑄃𑄬𑄎𑄧𑄉𑄮𑄃𑄨 ।,আমাকে বাগানটার পাশে রেখে দিে আসো
𑄌𑄬𑄢𑄧 𑄇𑄬𑄃𑄨𑄖𑄴 𑄎𑄧𑄚𑄨 𑄎𑄧𑄣𑄧𑄘𑄧𑄚𑄴।,এক জাতী বুনো ফল যা সবজি হিসেবে ব্যবহৃত হচ্ছে
𑄉𑄋𑄧𑄖𑄴 𑄝𑄖𑄴𑄖𑄨 𑄎𑄧𑄣𑄧𑄘𑄧𑄚𑄴।,গাঙে বন্যা
𑄘𑄪𑄢𑄮𑄖𑄴 𑄢𑄬𑄃𑄨𑄋𑄧𑄌𑄇𑄴 𑄥𑄪𑄚𑄧 𑄡𑄢𑄴।,দূরে রাত হে যা
"𑄉𑄋𑄧𑄖𑄴 𑄘𑄨 𑄃𑄬𑄇𑄴𑄎𑄧𑄚𑄴 𑄉𑄘𑄧𑄘𑄧𑄚𑄴, 𑄝𑄪𑄢𑄮𑄘𑄧𑄚𑄴।","গাঙে দুই জন গাাচ্ছে,বুঝছে"
𑄃𑄧𑄚𑄪 𑄟𑄨𑄖𑄪𑄢𑄬 𑄇𑄧𑄣𑄧 𑄡𑄬𑄃𑄨 𑄘𑄬 𑄝𑄉𑄚𑄴 𑄥𑄧𑄁 𑄒𑄬𑄣𑄨 𑄘𑄨 𑄃𑄬𑄎𑄨𑄠𑄮𑄃𑄨 ।,অনু মেেকে কল দিে বাগানের পাশে দৌে এসেছে
𑄟𑄨𑄉𑄨𑄚𑄨𑄠𑄚𑄴 𑄛𑄢𑄴 𑄦𑄮𑄃𑄨 𑄝𑄉𑄚𑄧 𑄃𑄧𑄝𑄧𑄣 𑄥𑄧𑄁 𑄝𑄢𑄬𑄃𑄨 𑄘𑄨 𑄟𑄪𑄖𑄪𑄣𑄮𑄃𑄨 𑄃𑄧𑄚𑄪 𑄜𑄨𑄢𑄨 𑄃𑄬𑄣𑄇𑄴।,মিইনি নদী পার হওার সম দুটি পাের মধ্যে দিে ফিরে আসলো
𑄎𑄬𑄢𑄬 𑄟𑄨𑄖𑄪 𑄖 𑄦𑄣𑄬 𑄖𑄬 𑄉𑄬𑄣𑄧𑄉𑄮𑄃𑄨।,. তারপর সে তার সাথে চলে গেল
𑄃𑄧𑄚𑄪 𑄊𑄧𑄢𑄧𑄖𑄴 𑄃𑄬𑄖𑄴𑄖𑄬 𑄃𑄬𑄖𑄴𑄖𑄬 𑄥𑄌𑄴 𑄉𑄧𑄋𑄨 𑄡𑄨𑄃𑄨𑄠𑄳𑄠𑄬।,.অন্য বািতে আসতে আসতে স্যাঁত স্যাঁতে হেছে
𑄥𑄋𑄪 𑄘𑄮𑄢𑄮𑄖𑄴 𑄝𑄖𑄴𑄖𑄨 𑄎𑄧𑄣𑄨 𑄎𑄧𑄣𑄨 𑄝𑄨𑄏𑄪 𑄢𑄬𑄃𑄨𑄖𑄴 𑄖𑄧𑄢𑄬 𑄥𑄋𑄬𑄖𑄴 𑄘𑄨 𑄡𑄘𑄧𑄚𑄴,.সাঙু ঘরে বাতি জ্বলিে বিঝু রাতে তোমাকে সঙ্গ দিতে যা
𑄝𑄨𑄏𑄪 𑄘𑄨 𑄃𑄬𑄇𑄴 𑄘𑄨𑄚𑄴 𑄎𑄬𑄢𑄬 𑄃𑄧𑄚𑄪 𑄉𑄬𑄣𑄧𑄉𑄮𑄃𑄨।,বিঝু দুই দিন পর চলে গেল
𑄎𑄪𑄚𑄪𑄠𑄮 𑄡𑄬𑄚𑄬 𑄥𑄖𑄴 𑄇𑄟𑄧𑄖𑄴𑄪𑄚𑄴 𑄃𑄏𑄮𑄢𑄴 𑄦𑄧𑄣𑄧।,জুনিেটাও যেন সাত কাজ থেকে বঞ্চিত হেছে
𑄃𑄏𑄮𑄢𑄴 𑄦𑄧𑄣𑄬 𑄇𑄨 𑄦𑄧𑄝𑄧 𑄣𑄬𑄋𑄪𑄢𑄴 𑄃𑄬𑄝𑄧 𑄚𑄧 𑄡𑄠𑄴।,আসা যাওা করলে কি হবে লেজটা এখনো যা না
𑄎𑄬𑄖𑄴 𑄟𑄥𑄴 𑄝𑄨𑄘𑄨 𑄃𑄏𑄢𑄴 𑄟𑄥𑄴 𑄃𑄬𑄣𑄧।,এক জাতী মাছ আসতেছে
𑄟𑄬𑄊𑄬 𑄟𑄬𑄊𑄬 𑄝𑄢𑄨 𑄈𑄠𑄴 𑄃 𑄇𑄢 𑄌𑄪𑄇𑄳𑄠𑄠𑄴।,মেঘে মেঘে বারি খা আরকি
𑄉𑄣 𑄉𑄣 𑄢𑄮𑄘𑄴𑄠𑄮 𑄚𑄨𑄉𑄨𑄣𑄠𑄴।,গাে গাে রোদ উঠতেছে
𑄇𑄣 𑄟𑄬𑄊𑄬 𑄘𑄬𑄝 𑄔𑄉𑄨 𑄡𑄠𑄴।,কালো মেঘে আকাশটা ডুবে যা
𑄦𑄬𑄃𑄨𑄣𑄴 𑄞𑄪𑄃𑄨𑄠𑄚𑄨 𑄦𑄬𑄃𑄨𑄣𑄴 𑄢𑄧𑄁 𑄜𑄪𑄘𑄨 𑄘𑄮𑄣𑄴 𑄦𑄧𑄠𑄴।,হলুদ ভুিগুলো সুন্দর হ
𑄥𑄧𑄢 𑄚𑄣𑄧𑄖𑄴 𑄉𑄧𑄋𑄴 𑄜𑄪𑄘𑄬।,নদীর নালা গা ফোটে
𑄎𑄪𑄚𑄪 𑄃𑄨𑄌𑄴𑄇𑄪𑄣𑄧𑄖𑄴 𑄡𑄠𑄴 𑄃𑄬𑄎𑄬।,জুনিে স্কুলে যাওা
𑄃𑄬𑄇𑄴𑄘𑄨𑄚𑄴 𑄇𑄬𑄣𑄎𑄧 𑄥𑄧𑄟𑄎𑄳𑄠 𑄌𑄚𑄬 𑄈𑄧𑄝𑄧𑄢𑄴 𑄃𑄚𑄨𑄣𑄧 𑄘𑄧𑄊𑄨𑄚𑄬𑄘𑄨 𑄉𑄢𑄨𑄑𑄚 𑄦𑄧𑄢𑄴।,এক দিন ক্লাস ফাকি দো মানুষরা খবর নিে আসলো যে দক্ষিণ দিকে গাড়ি চালানো হ
𑄥𑄪𑄇𑄴𑄇𑄧𑄢𑄴𑄝𑄢𑄴 𑄝𑄧𑄚𑄴𑄘𑄧 𑄘𑄨𑄚𑄴।,সূর্য ডোবার দিন
𑄝𑄬𑄉𑄬 𑄇𑄧𑄣𑄇𑄴 𑄡𑄧𑄘𑄧𑄛𑄧𑄘𑄬 𑄈𑄢 𑄎𑄧𑄟𑄨𑄝𑄧।,দ্রুত কলাটা খেলার সম নষ্ট হবে
𑄃𑄨𑄌𑄴𑄇𑄪𑄣𑄧𑄖𑄴 𑄖𑄬𑄟𑄴𑄟𑄁 𑄦𑄧𑄣𑄧 𑄇𑄧𑄚𑄴𑄚 𑄇𑄧𑄚𑄴𑄚 𑄡𑄬𑄝𑄧।,স্কুলে তেমাং হলো কে কে যাবে
𑄖𑄬𑄟𑄴𑄟𑄁 𑄦𑄧𑄣𑄧 - 𑄘𑄧𑄥𑄴 𑄝𑄢𑄧𑄎𑄧𑄚𑄴 𑄎𑄪𑄇𑄴𑄝𑄪𑄘𑄨 𑄉𑄢𑄨𑄑𑄚 𑄡𑄬𑄝𑄇𑄴।,তেমাং হলো দশ জন মিলে গাি বানানো যা
𑄉𑄢𑄨𑄑𑄚 𑄘𑄨𑄚𑄴 𑄥𑄪𑄇𑄴𑄇𑄧𑄢𑄴𑄝𑄢𑄴।,গািটা দিন কাটতেছে
𑄘𑄬𑄝𑄝𑄱 𑄟𑄨𑄉𑄨𑄣𑄮 𑄉𑄧𑄎𑄳𑄠।,আকাশটা মেঘলা
𑄟𑄬𑄇𑄴 𑄗𑄬𑄣𑄬𑄠𑄮 𑄏𑄧𑄢𑄴 𑄚𑄬𑄃𑄨 ।,মেে থাকলেও বৃষ্টি নেই
𑄝𑄧𑄢𑄴 𑄇𑄨𑄠𑄧𑄋𑄧 𑄝𑄧𑄑𑄴 𑄉𑄏𑄧 𑄖𑄧𑄣𑄬 𑄃𑄬𑄉𑄧𑄖𑄴𑄖𑄧𑄢𑄴 𑄦𑄧𑄣𑄇𑄴।,ব ব গাছের নিচে আসলাম
𑄥𑄨𑄖𑄴𑄪𑄚𑄴 𑄃𑄢𑄧 𑄃𑄙 𑄟𑄬𑄃𑄨𑄣𑄴 𑄜𑄢𑄧𑄇𑄴।,সেখান থেকে আরও আধা মাইল দূরে
𑄡𑄘𑄬 𑄃𑄙 𑄊𑄧𑄚𑄴𑄑 𑄙𑄧𑄢𑄨 𑄛𑄢𑄬।,.যাওা আধা ঘন্টা ধরে রাখতে পারে।
𑄝𑄬𑄣𑄚𑄴 𑄦𑄣𑄬𑄠𑄳𑄠𑄬।,সূর্য অস্ত যাচ্ছে
𑄢𑄮𑄘𑄧𑄠𑄮 𑄟𑄧𑄢 𑄟𑄧𑄢।,রোদে মলা
𑄣𑄧𑄢𑄴 𑄘𑄨𑄣𑄇𑄴 𑄉𑄢𑄨𑄑𑄚 𑄟𑄧𑄇𑄳𑄠।,.লম্বা গাি টানা মাা
𑄙𑄪𑄣𑄴 𑄝𑄏𑄬𑄢𑄴 ।,ঢোল বাজা
𑄥𑄧𑄥𑄉𑄧𑄢𑄴 𑄟𑄚𑄴𑄎𑄳𑄠𑄧 𑄢𑄧 𑄥𑄪𑄚𑄧 𑄡𑄢𑄴।,সাগর মাা রে যা
𑄝𑄬𑄇𑄴𑄇𑄪𑄚𑄧𑄖𑄴𑄪𑄚𑄴 𑄟𑄧𑄚𑄬 𑄇𑄧𑄢𑄴 - - 𑄡𑄘𑄨 𑄣𑄪𑄋𑄨𑄝𑄢𑄴।,সবার কাছ থেকে মনে কর-যাওা
𑄉𑄧𑄎𑄁 𑄉𑄧𑄎𑄁 𑄦𑄘 𑄙𑄧𑄢𑄴𑄣𑄇𑄴।,.গর্তে গাে কাঁটা দেওা
𑄃𑄢𑄧 𑄇𑄇𑄴𑄈𑄧𑄚𑄴 𑄎𑄬𑄢𑄬 𑄉𑄢𑄨 𑄖𑄚𑄖𑄚𑄨 𑄌𑄧𑄣𑄨𑄝𑄧।,আরও কিছুক্ষণ পর গািটা চলবে
𑄟𑄚𑄪𑄌𑄴 𑄗𑄮 𑄗𑄯।,মানুষটা তোতলা
𑄎𑄪𑄚𑄪𑄘𑄊𑄨 𑄣𑄪𑄋𑄨 𑄝𑄌𑄴𑄌𑄬𑄃𑄨 𑄃𑄊𑄧𑄚𑄴 - 𑄇𑄧𑄇𑄴𑄬𑄈 𑄦𑄧𑄝𑄧।,জোনাকির আলো আঁধারিে আছে - কিছুক্ষণ পর পর হবে
𑄃𑄘𑄬𑄇𑄳𑄠𑄉𑄧𑄢𑄨 𑄟𑄚𑄴𑄎𑄳𑄠𑄧𑄢𑄴 𑄙 𑄙𑄨 𑄥𑄪𑄢𑄪।,এক জাতী মাছের দৌাদৌি
𑄇𑄨 𑄦𑄧𑄣𑄧𑄘𑄬।,কি হলদে
𑄟𑄚𑄴𑄎𑄳𑄠𑄧𑄣𑄧𑄉𑄬 𑄎𑄪𑄚𑄪𑄘𑄊𑄩 𑄏𑄢𑄧 𑄇𑄬𑄖𑄳𑄠𑄬 𑄡𑄬𑄃𑄨 𑄟𑄪𑄢𑄴 𑄉𑄪𑄏𑄨𑄣𑄇𑄴।,.জঙ্গলের মধ্যে এক জাতী মুর্খ
𑄘𑄪𑄢𑄮𑄖𑄴𑄪𑄚𑄴 𑄘𑄬𑄊𑄬 𑄚𑄧 𑄘𑄬𑄊𑄬 𑄉𑄧𑄢𑄨 𑄢𑄧𑄣𑄇𑄴।,দূরের থেকে দেখলেও দেখা যা না
𑄌𑄚𑄴𑄘𑄬 𑄡 𑄛𑄨𑄃𑄨𑄠𑄮𑄚𑄴 𑄟𑄚𑄪𑄌𑄴𑄌𑄪𑄚𑄴 𑄙𑄬𑄉𑄬 𑄙𑄬𑄉𑄬 𑄚𑄬𑄘𑄧𑄚𑄴𑄘𑄮𑄃𑄨।,চাঁদ যাপিা মানুষরা ধীরে ধীরে নিতেছে
𑄛𑄨𑄎𑄬 𑄛𑄨𑄎𑄬 𑄘𑄧𑄌𑄴 𑄝𑄢𑄧 𑄎𑄧𑄚𑄴 𑄦𑄖𑄳𑄠𑄬𑄢𑄴 𑄣𑄪𑄠𑄬 𑄉𑄧𑄢𑄨 𑄛𑄧𑄣𑄴𑄣𑄧𑄚𑄴।,পিসে পিসে দশ জন হাত দিে পলো
𑄘𑄪𑄢𑄧𑄖𑄴𑄪𑄚𑄴 𑄟𑄚𑄴𑄎𑄳𑄠𑄧 𑄛𑄮𑄣𑄬 𑄛𑄮𑄣𑄬 𑄌𑄬𑄃𑄨 𑄃𑄊𑄧𑄚𑄴 𑄃 𑄇𑄧𑄙𑄧𑄚𑄴 𑄇𑄨 𑄦𑄧𑄣𑄧𑄘𑄬।,দূরের মািে পে দেখে আছে এত কী হলদে
𑄘𑄨 𑄃𑄬𑄇𑄴𑄎𑄧𑄚𑄴 𑄥𑄬𑄎𑄠𑄮 𑄈𑄘𑄧𑄚𑄴।,দুইজন সেজাও খাওা
𑄇𑄧𑄚𑄧 𑄎𑄧𑄚𑄬 𑄓𑄧𑄢𑄬 𑄉𑄨𑄢𑄴𑄉𑄨𑄢 𑄙𑄧𑄎𑄳𑄠𑄧𑄚𑄴।,কোন জনে ভয়ে গিে গিেছে
𑄇𑄧𑄚𑄧 𑄇𑄧𑄚𑄧 𑄎𑄧𑄚𑄬 𑄊𑄧𑄢𑄴𑄟𑄮𑄇𑄳𑄠𑄬 𑄣𑄧𑄢𑄴 𑄘𑄮𑄚𑄴।,কোন কোন জনে বািে লা
"𑄎𑄪𑄚𑄪, 𑄌𑄚𑄴, 𑄥𑄧𑄚, 𑄢𑄋 𑄃𑄬𑄇𑄴𑄇𑄚𑄴 𑄊𑄧𑄢𑄧𑄖𑄴 𑄃𑄪𑄙𑄨 𑄛𑄚𑄨 𑄈𑄬𑄣𑄇𑄴।","শুকর,চামা,সনা, লাল একটি বািে পানি খেলো"
𑄛𑄚𑄨 𑄈 𑄡𑄬𑄃𑄨𑄚𑄬 𑄃𑄬𑄇𑄴 𑄏𑄇𑄴 𑄟𑄚𑄪𑄌𑄴 𑄝𑄮𑄃𑄨 𑄝𑄮𑄃𑄨 𑄇𑄧𑄙 𑄇𑄧𑄙𑄧𑄚𑄴𑄘𑄬 𑄣𑄇𑄴 𑄛𑄬𑄣𑄇𑄴।,পানি খাওার পর এক ঝাক লোক কথা বলতে বলতে জ্ঞান পেল
𑄟𑄚𑄪𑄌𑄴𑄌𑄪𑄚𑄬 𑄇𑄪𑄠𑄮𑄝𑄪𑄣𑄧 𑄉𑄧𑄢𑄴𑄖𑄧𑄚𑄴 - 𑄇𑄨 𑄘𑄨𑄚𑄴 𑄇𑄣𑄴 𑄛𑄧𑄢𑄴𑄣𑄧।,মানুষরা কোথা গর্ত করেছে -কি দিনকাল পলো
𑄘𑄪𑄌𑄴 𑄚𑄬𑄃𑄨 𑄘𑄌𑄴 𑄚𑄬𑄃𑄨 𑄉𑄧𑄢𑄨 𑄥𑄧𑄖𑄴 𑄥𑄧𑄖𑄴 𑄟𑄚𑄪𑄌𑄴 𑄃𑄬𑄎𑄚𑄴𑄉𑄧𑄢𑄨 𑄚𑄨𑄝𑄇𑄴 𑄚𑄨!,দোষ নাই দোষ নাই করে এতগুলো মানুষ একসাথে আসবে নাকি!
𑄎𑄪𑄚𑄪 𑄇𑄚𑄴 𑄛𑄘𑄨 𑄥𑄪𑄚𑄨 𑄃𑄊𑄬।,জুনু কান পাতা শুনা আছে
𑄃 𑄟𑄧𑄚𑄬 𑄟𑄧𑄚𑄬 𑄞𑄝𑄬𑄢𑄴।,মনে মনে ভাব
𑄃𑄬𑄇𑄴𑄎𑄧𑄚𑄴 𑄟𑄚𑄪𑄌𑄴 𑄎𑄪𑄚𑄪𑄘𑄊𑄨𑄢𑄬 𑄘𑄬𑄃𑄨𑄚𑄬 𑄇𑄧𑄣𑄧 𑄛𑄪𑄖𑄴𑄣𑄧𑄇𑄴 𑄖𑄪𑄟𑄨 𑄘𑄧 𑄥𑄬𑄘𑄟𑄴𑄍𑄢!,একজন লোক কুকুরকে মেরে কলসে কল করছে তুমি তো সে!
𑄓𑄧𑄢𑄬 𑄙𑄬𑄃𑄨 𑄃𑄬𑄣।,বিপদ ঘটিে আসলো
𑄦𑄖𑄳𑄠𑄬𑄢𑄴 𑄙𑄧𑄢𑄨 𑄚𑄧 𑄛𑄣𑄴𑄣!,হাত ধরিও না!
𑄇𑄧𑄙𑄠𑄚𑄴 𑄥𑄪𑄚𑄨𑄚𑄬 𑄎𑄪𑄚𑄪𑄢𑄴 𑄙𑄬𑄢𑄴𑄙𑄬𑄬𑄢𑄃𑄨 𑄌𑄮𑄊𑄧𑄛𑄚𑄨 𑄛𑄧𑄢𑄨𑄝𑄢𑄴 𑄦𑄣𑄴 𑄦𑄧𑄣𑄧।,কথা শুনে জুারীরা চোখের পানি ফেলল
𑄇𑄧𑄚𑄧 𑄝𑄝𑄧𑄘𑄬 𑄃𑄟𑄧𑄚𑄧𑄢𑄬 𑄢𑄳𑄦 𑄟𑄚𑄬𑄣𑄧।,কোন রকমে আমাকে রাা করলো
𑄛𑄚𑄨 𑄙𑄬𑄬𑄃𑄨 𑄈𑄃𑄨 𑄉𑄢𑄨𑄖𑄚 𑄟𑄧𑄇𑄳𑄠 𑄦𑄘 𑄘𑄨𑄣𑄇𑄴।,পানি খেে গািে পাখানা করল
𑄌𑄚𑄴𑄘𑄬 𑄥𑄧𑄖𑄴 𑄥𑄧𑄖𑄴 𑄟𑄚𑄪𑄌𑄴 𑄃𑄢𑄧 𑄉𑄢𑄨𑄑𑄚 𑄟𑄧𑄇𑄳𑄠 𑄃𑄬𑄎 𑄙𑄧𑄎𑄳𑄠𑄧𑄚𑄴।,সূর্য অস্ত যাচ্ছে এবং গািটা নেমে যাচ্ছে
𑄝𑄨𑄣𑄬 𑄇𑄨 𑄦𑄧𑄣𑄧 - 𑄇𑄨 𑄦𑄧𑄣𑄧!,বিেতে কি হলো কী হলো
𑄬𑄎𑄢𑄬 𑄟𑄳𑄦𑄬𑄖𑄴 𑄛𑄬𑄣𑄇𑄴 𑄞𑄪𑄣𑄴 𑄞𑄪𑄌𑄴 𑄛 𑄛𑄨 𑄦𑄪𑄠𑄬 ।,শীতে শরীর কাপ পে গেছে
𑄛𑄧𑄣𑄴𑄣𑄧𑄚𑄧 𑄇𑄧𑄟𑄚𑄴𑄘𑄎𑄳𑄠𑄢𑄬 𑄇𑄧𑄚𑄧𑄎𑄧𑄚𑄬 𑄇𑄚𑄴 𑄉𑄮𑄢𑄴 𑄉𑄧𑄢𑄨 𑄘𑄮𑄚𑄴𑄘𑄮𑄃𑄨।,পলোন কমাা কেউ কান ভারী করে দে
𑄥𑄬𑄇𑄴𑄬 𑄝𑄬𑄣𑄴 𑄓𑄪𑄝𑄧𑄁 𑄓𑄪𑄝𑄧𑄁।,এখন সূর্য অস্ত যাচ্ছে
𑄡 𑄃𑄧𑄇𑄴𑄖𑄧 𑄬𑄃𑄣𑄧 - 𑄥𑄨𑄠𑄚𑄧𑄖𑄴 𑄉𑄢𑄨𑄑𑄚 𑄑𑄚𑄨 𑄉𑄧𑄢𑄨𑄚𑄬 𑄃𑄠𑄮𑄌𑄴 𑄃𑄠𑄮𑄌𑄴 𑄛𑄪𑄢𑄬𑄃𑄨 𑄣𑄇𑄴 ।,যা গর্ত আছে সেখানে গািটা টানি করে আছে
𑄉𑄢𑄨𑄖𑄚𑄖𑄴𑄪𑄚𑄴 𑄜𑄨𑄢𑄨 𑄬𑄃𑄖𑄴𑄖𑄬 𑄥𑄌𑄴 𑄉𑄧𑄋𑄨 𑄉𑄬𑄣𑄧।,গািটা থেকে ফিরে আসতেছে
𑄎𑄪𑄚𑄪 𑄟𑄙𑄖𑄴 𑄬𑄃𑄇𑄴 𑄏𑄇𑄴 𑄌𑄨𑄙𑄬 𑄊𑄨𑄢𑄨 𑄙𑄧𑄢𑄴𑄣𑄧।,জোনাকির মাথা এক গুচ্ছ চিমটা ধরলো
𑄟𑄧𑄚𑄬 𑄟𑄧𑄚𑄬 𑄇𑄧𑄣𑄧 𑄇𑄨 𑄛𑄮𑄧𑄢 𑄇𑄧𑄝𑄣𑄳𑄠 𑄎𑄖𑄴 𑄃𑄟𑄨।,মনের মতো কথা বলি আমরা
𑄚𑄬𑄖𑄴𑄖𑄨𑄢𑄨𑄖𑄧 𑄚𑄧 𑄗𑄬𑄣𑄬 𑄎𑄘𑄧𑄢𑄴 𑄬𑄃 𑄘𑄧𑄏 𑄦𑄧𑄠𑄴 ।,নেওা না থাকলে বিপদ হ
𑄘𑄨 𑄖𑄨𑄚𑄴 𑄘𑄨𑄚𑄴 𑄉𑄧𑄋𑄨 𑄉𑄬𑄣𑄧।,দুই তিন দিন কেটে গেল
𑄃𑄨𑄌𑄴𑄇𑄪𑄣𑄧 𑄜𑄨𑄖𑄴𑄖𑄨 𑄛𑄢𑄧 𑄥𑄢𑄴𑄝𑄱 𑄉𑄏𑄧 𑄖𑄧𑄣𑄬 𑄝𑄮𑄌𑄴𑄥𑄮𑄚𑄴 𑄃 𑄇𑄧𑄙 𑄟𑄬𑄣𑄴𑄣𑄮𑄚𑄴।,.কলেজের ফাকিঁ গাছের নিচে বসে কথা বলছে।
"𑄎𑄪𑄚𑄪, 𑄢𑄋, 𑄥𑄧𑄚𑄥𑄧𑄟𑄧𑄖𑄴 𑄝𑄬𑄇𑄴 𑄥𑄧𑄟𑄎𑄳𑄠𑄠𑄪𑄚𑄴 𑄉𑄪𑄣𑄴𑄉𑄧𑄢𑄨 𑄝𑄮𑄌𑄴𑄌𑄮𑄚𑄴 ।","জুনু,রাঙা,লাল,সনাসে সব মানুষ গুলিেছে"
𑄉𑄢𑄨𑄑𑄚 𑄇𑄧𑄙 𑄇𑄪𑄠𑄝𑄪𑄣𑄧 𑄌𑄧𑄣𑄬𑄢𑄴।,গািটা কথা বলতেছে
𑄎𑄪𑄚𑄪 𑄇𑄧𑄣𑄧 𑄃𑄟 𑄎𑄘𑄧𑄢𑄴 𑄬𑄃 𑄇𑄨 𑄦𑄣𑄴?,জোনাকির কলকির কি হাল?
"𑄢𑄋 𑄇𑄧𑄣𑄧 - 𑄎𑄘𑄧𑄢𑄴 𑄟𑄪𑄢𑄮, 𑄚𑄬𑄖, 𑄌𑄬𑄣𑄠𑄪𑄚𑄴 𑄝𑄬𑄦𑄣𑄴 𑄦𑄧𑄣𑄬 𑄬𑄃 𑄘𑄧𑄏 𑄦𑄧𑄠𑄴 !","লাল কল-জাতী পাহাের পা, নেতা, চোলগুলো খারাপ হলে বিপদ হ"
"𑄬𑄃 𑄦𑄣𑄧𑄖𑄴𑄪𑄚𑄴 𑄇𑄬𑄚𑄬 𑄝𑄏𑄨𑄝𑄧𑄁 𑄎𑄪𑄚𑄪 𑄇𑄧𑄣𑄬, 𑄢𑄋 𑄇𑄧𑄣𑄧 𑄖𑄧𑄟𑄖𑄴𑄪𑄚𑄴, 𑄃𑄟𑄖𑄴𑄪𑄚𑄴 𑄇𑄟𑄴 𑄉𑄧𑄢𑄨𑄚𑄬𑄃𑄨 𑄎𑄘𑄧𑄢𑄬 𑄬𑄃 𑄦𑄣𑄧𑄖𑄴𑄪𑄚𑄴 𑄖𑄧𑄢 𑄘𑄳𑄠𑄬 𑄛𑄧𑄢𑄨𑄝𑄧।",".এই হালে কেন বাঁশি বাজাবো,রাঙা কলস আপনাদের থেকে,আমাদের থেকে কাজ করতে হবে"
𑄎𑄪𑄚𑄪 𑄇𑄧𑄣𑄧 𑄝𑄬𑄥𑄴 𑄉𑄧𑄟𑄴 𑄇𑄧𑄙।,জোনাকির মতো সুন্দর কথা
𑄖𑄬 𑄥𑄣𑄬 𑄝𑄬𑄉𑄬 𑄟𑄨𑄣𑄨 𑄇𑄟𑄴 𑄉𑄧𑄢𑄨𑄚!,সে অনেক ব কাজ করে
𑄇𑄟𑄴𑄠𑄚𑄴 𑄘𑄧 𑄬𑄃𑄘𑄧𑄇𑄴 𑄃𑄪𑄌𑄴𑄌𑄮 𑄚𑄧𑄠𑄴 ।,কাজটা তো বেশি দূরে না
𑄃𑄬 𑄃𑄧𑄇𑄴𑄖𑄧𑄖𑄴 𑄝𑄬𑄇𑄴𑄇𑄚𑄨 𑄃𑄪𑄌𑄴𑄌𑄮 𑄣𑄉𑄬।,এখানে সবগুলো উঁচু লাগে
𑄛𑄨𑄖𑄴𑄗𑄨𑄟𑄨𑄠𑄚𑄴 𑄊𑄨𑄣𑄬𑄛𑄢 𑄣𑄉𑄬।,পৃথিবীতে ঘিলু লাগে
𑄎𑄪𑄚𑄪 𑄇𑄧𑄣𑄧 𑄦𑄧𑄠𑄴 𑄘𑄧 𑄇𑄧𑄙𑄠𑄚𑄴।,জোনাকির ডাক হ তো
𑄈𑄣𑄨𑄇𑄴 𑄖𑄪𑄃𑄨 𑄃𑄨𑄠𑄚𑄨 𑄎𑄚𑄧𑄌𑄴 𑄇𑄬𑄚𑄬?,খালি তুমি এগুলো জানো কেন?
𑄢𑄋 𑄇𑄧𑄣𑄧 𑄃𑄊𑄬।,লাল কল আছে
"𑄃𑄟 𑄥𑄧𑄟𑄎𑄧𑄖𑄴 𑄞𑄬𑄃𑄨𑄘𑄮 𑄉𑄳𑄠𑄧𑄚𑄴, 𑄝𑄪𑄘𑄴𑄙𑄨𑄝𑄧𑄣 𑄟𑄚𑄪𑄧𑄌𑄴 𑄃𑄊𑄧𑄚𑄴।","আমাদের গ্রামে ভাই-বোনেরা,বুদ্ধিমান মানুষ আছে"
𑄖𑄢𑄣𑄮𑄃𑄨 𑄟𑄨𑄣𑄨𑄣𑄬 𑄝𑄬𑄇𑄴 𑄇𑄮𑄃𑄨 𑄛𑄢𑄨𑄝𑄬।,তারা সবাই মিলে কথা বলতে পারবে
𑄎𑄪𑄚𑄪 𑄇𑄇𑄴𑄈𑄧𑄚𑄴 𑄎𑄪𑄢𑄧 𑄦𑄮𑄃𑄨 𑄢𑄋 𑄇𑄧𑄙𑄚𑄨 𑄥𑄪𑄚𑄨𑄣𑄧।,জোনাকির আলো আঁধারিে লাল কথা গুলো শুনতেছি
𑄟𑄧𑄚𑄬 𑄟𑄧𑄚𑄬 𑄞𑄝𑄨𑄣𑄧 𑄦𑄧𑄠𑄴 𑄘𑄧!,মনে হ তো!
𑄟𑄪𑄃𑄨 𑄘𑄧 𑄞𑄣𑄧𑄇𑄴𑄇𑄚𑄨 𑄃𑄬𑄝𑄧 𑄟𑄳𑄦𑄬𑄖𑄴 𑄚𑄧 𑄛𑄁।,আমি তো অনেক কিছুই সহ্য করতে পারি না
𑄢𑄋 𑄇𑄧𑄙𑄚𑄨 𑄎𑄪𑄚𑄪 𑄟𑄧𑄚𑄧𑄖𑄴 𑄃𑄟𑄨𑄎𑄬𑄃𑄨 𑄝𑄢𑄨 𑄟𑄢 𑄙𑄧𑄢𑄴𑄣𑄧।,লাল কথা গুলো জুনিে মনে পে বারি মারলো
𑄃𑄬𑄇𑄴𑄘𑄨𑄚𑄴 𑄃𑄨𑄌𑄴𑄇𑄪𑄣𑄴 𑄝𑄧𑄚𑄴𑄘𑄧।,এক দিন স্কুল বন্ধ
𑄢𑄋 𑄎𑄪𑄚𑄪𑄢𑄬 𑄘𑄪𑄢𑄴 𑄃𑄬𑄇𑄴𑄇𑄚𑄴 𑄃𑄘𑄟𑄧 𑄇𑄨𑄠𑄧𑄋𑄧𑄖𑄴 𑄚𑄬𑄬𑄎𑄣𑄧।,লাল জুনিে একটি গ্রামে নিে যাচ্ছে
𑄃𑄘𑄟𑄧𑄖𑄴𑄪𑄚𑄴 𑄞𑄣𑄧𑄇𑄴 𑄘𑄪𑄢𑄴।,গ্রাম থেকে অনেক দূর
𑄉𑄌𑄴𑄝𑄏𑄧 𑄥𑄬𑄢𑄬।,গাছের মধ্যে
"𑄌𑄬𑄢𑄧 𑄇𑄬𑄃𑄨𑄖𑄴 𑄏𑄢𑄴𑄝𑄱 𑄉𑄌𑄴𑄝𑄌𑄴, 𑄣𑄪𑄘𑄨।","এক জাতী গাছ,লার্ভা"
𑄞𑄪𑄢𑄧 𑄃𑄬𑄇𑄴 𑄞𑄚𑄴𑄖𑄬।,ভুরভুরে
𑄖𑄢𑄢𑄬 𑄘𑄬𑄃𑄨𑄚𑄬 𑄞𑄚𑄴𑄖𑄬 𑄡𑄧𑄘𑄧𑄛𑄧𑄘𑄬 𑄈𑄪𑄏𑄨 𑄦𑄧𑄣𑄧।,তাদেরকে দেখে ভে ভে হলো
𑄖𑄢𑄢𑄬 𑄛𑄘𑄨𑄖𑄴 𑄖𑄬 𑄝𑄧𑄏 𑄝𑄎𑄬𑄃𑄨 𑄘𑄨 𑄇𑄧𑄙 𑄟𑄬𑄣𑄨𑄣𑄧।,.তারা মাদুরে বসে কথা বলছে
𑄎𑄪𑄚𑄪 𑄖 𑄇𑄧𑄙 𑄥𑄪𑄚𑄨 𑄝𑄪𑄏𑄨𑄣𑄧 𑄞𑄚𑄴𑄖𑄬𑄝𑄮𑄢𑄴 𑄉𑄳𑄠𑄚𑄴 𑄃𑄊𑄬।,জুনু তার কথা শুনে ভ পাে আছে
𑄖𑄖𑄴𑄪𑄚𑄴 𑄥𑄨𑄊𑄨𑄝𑄢𑄴 𑄃𑄊𑄬।,তার থেকে দেখার আছে
𑄖𑄧 𑄃𑄨𑄙𑄪 𑄃𑄢𑄧 𑄃𑄬𑄝𑄧𑄁 𑄞𑄚𑄴𑄖𑄬 𑄇𑄮𑄃𑄨𑄚𑄬 𑄖𑄖𑄴𑄪𑄚𑄴 𑄜𑄢𑄧𑄇𑄴 𑄦𑄧𑄣𑄇𑄴।,তোমার এখানে আর ভে ভে তার থেকে আলাদা হলো
𑄞𑄚𑄴𑄖𑄬 𑄖𑄢𑄢𑄬 𑄥𑄬𑄛𑄴𑄝𑄖𑄴𑄖 𑄘𑄨𑄣𑄧।,ভে তাদেরকে তািে দিল
𑄃𑄬𑄖𑄴𑄖𑄬 𑄎𑄪𑄚𑄪 𑄢𑄋𑄢𑄬 𑄇𑄧𑄣𑄧 𑄝𑄧𑄚𑄴𑄘𑄧 𑄦𑄧𑄣𑄬 𑄃𑄢𑄧 𑄃𑄬𑄝𑄧𑄁।,সে জুনু লালকে কল বন্ধ করলে আবার আসে
𑄢𑄋 𑄇𑄧𑄣𑄧 𑄃𑄟𑄖𑄴𑄪𑄚𑄴 𑄎𑄧𑄙 𑄦𑄮𑄃𑄨 𑄞𑄚𑄴𑄖𑄴𑄬𑄪𑄚𑄴 𑄝𑄪𑄘𑄴𑄙𑄨 𑄣𑄪𑄠 𑄛𑄧𑄢𑄨𑄝𑄧।,লাল কল আমাদের থেকে ভালো করে বুদ্ধি নিতে হবে
𑄎𑄪𑄚𑄪 𑄇𑄧𑄣𑄧 𑄟𑄪𑄎𑄪𑄋𑄬 𑄛𑄧𑄢𑄨𑄇𑄴𑄈𑄬𑄠𑄚𑄴 𑄃𑄉𑄬 𑄉𑄧𑄟𑄬 𑄘𑄨।,জোনাকির আলো আঁধারিটা আগে ভালো করে দেখে
𑄥𑄬𑄇𑄳𑄠𑄬 𑄃𑄟𑄢𑄴 𑄞𑄬𑄃𑄨𑄘𑄮 𑄎𑄨𑄢𑄬𑄚𑄴 𑄗𑄬𑄝𑄧।,তত ব আমার ভাই বেঁচে থাকবে
𑄥𑄳𑄠𑄬 𑄎𑄨𑄢𑄬𑄚𑄴𑄠𑄚𑄴 𑄇𑄟𑄧𑄖𑄴 𑄣𑄉𑄬𑄝𑄧𑄁।,.সে জিরাইনটা কাজে লাগবে
𑄢𑄋 𑄇𑄧𑄣𑄧 𑄎𑄪𑄚𑄪 𑄖𑄧𑄢𑄴 𑄃𑄬𑄘𑄧𑄇𑄴 𑄝𑄪𑄘𑄴𑄙𑄨!,লাল কলজু তোমার এত বুদ্ধি
𑄇𑄧𑄖𑄴𑄘𑄪𑄢𑄴 𑄃𑄬𑄃𑄨𑄚𑄬 𑄡 𑄡 𑄊𑄧𑄢𑄧𑄖𑄴 𑄖𑄬 𑄜𑄨𑄢𑄨𑄣𑄇𑄴।,সে দৌাদৌি করে বািতে ফিরল
𑄓𑄨𑄥𑄬𑄟𑄴𑄝𑄧𑄢𑄧 𑄛𑄧𑄣𑄳𑄠 𑄥𑄛𑄴𑄖।,এক জাতী সাপ
𑄑𑄬𑄥𑄴𑄖𑄴 𑄛𑄧𑄢𑄨𑄇𑄴𑄈𑄬 𑄦𑄮𑄃𑄨 𑄉𑄬𑄣𑄧।,তেতো হে গেল
𑄢𑄬𑄎𑄣𑄴𑄑𑄴 𑄦𑄧𑄘𑄬 𑄃𑄢𑄧 𑄘𑄨𑄚𑄴𑄘𑄧𑄇𑄴 𑄘𑄬𑄢𑄨।,রেজাল্ট হে আর দুই দফা দেরি
𑄝𑄬𑄇𑄴𑄇𑄪𑄚𑄬 𑄎𑄨𑄢𑄬𑄚𑄴 𑄛𑄨𑄠𑄮𑄚𑄴।,সবাই জ্বর পেছে
𑄃𑄬𑄇𑄴𑄘𑄨𑄚𑄴 𑄌𑄬𑄃𑄨𑄢𑄴 𑄛𑄌𑄴 𑄎𑄧𑄚𑄴 𑄎𑄧𑄙 𑄦𑄮𑄃𑄨 𑄞𑄚𑄴𑄖𑄬𑄃𑄨𑄙𑄪 𑄉𑄬𑄣𑄇𑄴।,এক দিনে পাঁচ জন লোক অসুস্থ হে মারা গেল
"𑄘𑄨𑄚𑄴𑄞𑄧𑄢𑄴 𑄥𑄧𑄟𑄌𑄴, 𑄥𑄧𑄋𑄧𑄌𑄴𑄇𑄨𑄢𑄨𑄖𑄨 𑄚𑄨𑄚𑄬𑄃𑄨 𑄇𑄧𑄙 𑄖𑄪𑄣𑄧𑄛𑄢 𑄦𑄧𑄣𑄧।","প্রতিদিন সম, সমের সম কথা বলতেছে"
𑄞𑄚𑄴𑄖𑄬𑄝𑄱 𑄇𑄧𑄙𑄚𑄨 𑄡𑄬𑄘𑄧𑄇𑄴 𑄥𑄪𑄚𑄧𑄘𑄧𑄚𑄴 𑄥𑄬𑄘𑄧𑄇𑄴 𑄉𑄧𑄟𑄴 𑄣𑄉𑄬𑄢𑄴।,ভান্তেটার কথাগুলো অনেক ভালো লাগে
"𑄞𑄚𑄴𑄖𑄬𑄝𑄮𑄢𑄴 𑄇𑄧𑄙, 𑄡𑄪𑄇𑄴𑄖𑄨 𑄜𑄨𑄢𑄬𑄃𑄨 𑄘𑄨𑄝𑄢𑄴 𑄚𑄧𑄠𑄴 ।","ভিক্ষুকটির কথা, যুক্তি ফিরে দে না"
𑄝𑄬𑄇𑄴𑄪𑄚𑄬 𑄃𑄧𑄣𑄧𑄢𑄴 𑄦𑄮𑄃𑄨 𑄥𑄪𑄚𑄨𑄣𑄇𑄴।,সবাই সকাল হেছে
𑄃𑄧𑄇𑄴𑄖𑄧 𑄃𑄧𑄇𑄴𑄖𑄧 𑄛𑄱𑄠𑄪𑄚𑄬 𑄛𑄪𑄏𑄢𑄴 𑄉𑄧𑄢𑄴𑄣𑄬 𑄥𑄨𑄠𑄚𑄧𑄢𑄴 𑄎𑄮𑄛𑄴𑄠𑄮 𑄖𑄬 𑄞𑄋𑄨 𑄝𑄪𑄏𑄬𑄃𑄨 𑄘𑄬 𑄙𑄧𑄢𑄴𑄣𑄧।,.অতিরিক্ত বাচ্চারা দুষ্টামি করলে সেটার জোও সে ভেঙে দে
𑄝𑄬𑄣𑄴 𑄘𑄨𑄝𑄮𑄢𑄴 𑄦𑄮𑄃𑄨𑄚𑄬 𑄃𑄬𑄇𑄴 𑄊𑄧𑄚𑄴𑄑 𑄟𑄧𑄇𑄳𑄠 𑄈𑄚 𑄎𑄨𑄢𑄬𑄚𑄴 𑄦𑄧𑄣𑄧।,সূর্য ডোবার সম এক ঘন্টা মাকা খাওা গেলো
"𑄇𑄇𑄴𑄈𑄧𑄚𑄴 𑄎𑄨𑄢𑄬𑄃𑄨 𑄙𑄧𑄢𑄴𑄟𑄧, 𑄢𑄌𑄴𑄚𑄨𑄖𑄨 𑄚𑄨𑄚𑄬 𑄇𑄧𑄙 𑄟𑄬𑄣𑄟𑄬𑄣𑄨 𑄦𑄧𑄣𑄧।","হঠাৎ করে ধর্ম,ধর্ম নিে কথা বলা হলো"
𑄊𑄧𑄚𑄴𑄑 𑄟𑄪𑄣𑄧 𑄎𑄬𑄢𑄬 𑄎𑄪𑄚𑄪𑄘𑄊𑄨 𑄚𑄚𑄠𑄚𑄴 𑄛𑄪𑄏𑄢𑄴 𑄉𑄧𑄢𑄨 𑄎𑄚𑄨𑄝𑄢𑄴 𑄌𑄬𑄣𑄇𑄴।,ঘন্টা শেষের পর জাগা সবাই গোসল করতে যাচ্ছে
𑄇𑄧𑄇𑄴𑄬𑄈 𑄡𑄬 𑄃𑄧𑄇𑄴𑄖𑄧 𑄈𑄧𑄧𑄢𑄬𑄃𑄨 𑄡 𑄙𑄧𑄢𑄴𑄣𑄧 𑄃𑄪𑄘𑄨𑄌𑄴 𑄚𑄧 𑄛𑄬𑄣𑄇𑄴 ।,কেকটা যে এত ঝগা করলো তা টের পেলাম না
𑄎𑄬𑄢𑄬 𑄊𑄧𑄢𑄧 𑄟𑄧𑄇𑄳𑄠𑄬 𑄣𑄧𑄢𑄴 𑄘𑄨𑄣𑄇𑄴।,সে বাির মেেকে লা দিল
𑄎𑄪𑄚𑄪 𑄃𑄬𑄖𑄴𑄬 𑄝𑄚 𑄞𑄚𑄴𑄖𑄬 𑄇𑄧𑄙𑄚𑄨 𑄃𑄩𑄙𑄮𑄖𑄴 𑄖𑄪𑄣𑄨 𑄖𑄪𑄣𑄨 𑄃𑄬𑄣𑄧 ।,জুনু শুধু ভে কথা গুলো এখানে তুলে নিয়ে আসলো
"𑄃𑄟 𑄞𑄚𑄴𑄖𑄬𑄠𑄪𑄚𑄬 𑄝𑄚 𑄚𑄨𑄢𑄴𑄝𑄚𑄧 𑄇𑄧𑄙, 𑄛𑄧𑄢𑄧𑄇𑄣𑄧 𑄇𑄧𑄙 𑄇𑄮𑄃𑄨 𑄇𑄮𑄃𑄨 𑄃𑄧𑄇𑄴𑄖𑄧𑄠𑄪𑄚𑄴 𑄜𑄬𑄣𑄚𑄴।","আমাদের ভান্তেটা শুধু মিথ্যা কথা বলে,পরের কথা বলে কথাগুলো ফেলে"
"𑄇𑄧𑄚𑄧𑄘𑄨𑄚𑄴 𑄥𑄧𑄟𑄌𑄴, 𑄢𑄌𑄴𑄚𑄨𑄖𑄨 𑄚𑄨𑄚𑄬 𑄛𑄧𑄗𑄴 𑄚𑄧 𑄘𑄬𑄊𑄚𑄴।","কোন দিন সম, রাত হলে পথ দেখা যা না"
𑄞𑄝𑄨 𑄌𑄬𑄣𑄬 𑄃𑄨𑄠𑄚𑄨 𑄟𑄚𑄴𑄎𑄳𑄠𑄧𑄢𑄴 𑄝𑄏𑄨 𑄗𑄬𑄝𑄖𑄴𑄬𑄃𑄨 𑄈𑄟𑄇𑄴𑄇𑄠𑄴 𑄉𑄧𑄢𑄧𑄌𑄴 𑄃𑄊𑄬 ।,ভাবি দেখলে এই গ্রামটার বাঁশগুলো ঠিক করে আছে
"𑄥𑄧𑄟𑄌𑄴 𑄝𑄏𑄩 𑄚𑄧 𑄗𑄬𑄣𑄬 𑄙𑄧𑄢𑄴𑄟𑄧, 𑄥𑄧𑄋𑄧𑄌𑄴𑄇𑄳𑄢𑄨𑄖𑄨 𑄇𑄬𑄚𑄬 𑄝𑄏𑄩 𑄗𑄬𑄝𑄧।","সঙ্গী না থাকলে ধর্ম, সাঙ্গপাঙ্গ কীভাবে থাকবে"
𑄟𑄖𑄴𑄖𑄧𑄢𑄴 𑄥𑄧𑄟𑄌𑄴 𑄝𑄏𑄨 𑄗𑄬𑄘𑄧 𑄌𑄬𑄣𑄬 𑄢𑄌𑄴𑄚𑄨𑄖𑄨 𑄈𑄟𑄇𑄴𑄇𑄠𑄴 𑄣𑄉𑄬।,.মাতে সম বসে থাকলে রোদ পোহাতে হ
𑄡𑄬 𑄎𑄖𑄴 𑄢𑄌𑄴𑄚𑄨𑄖𑄨𑄖𑄴𑄪𑄚𑄴 𑄟𑄪 𑄜𑄨𑄢𑄬𑄃𑄨 𑄌𑄧𑄣𑄧𑄚𑄴 𑄖𑄢𑄢𑄴 𑄞𑄣𑄬𑄖𑄴 𑄦𑄮𑄠𑄴 𑄚𑄧 𑄛𑄢𑄬।,যে জাতের ধান থেকে আমার ভালো হ না
𑄞𑄚𑄴𑄖𑄬 𑄇𑄧𑄙𑄚𑄨 𑄎𑄪𑄚𑄪 𑄟𑄙𑄖𑄴 𑄃𑄧𑄚𑄴𑄎𑄪𑄢𑄴 𑄝𑄢𑄨 𑄟𑄢 𑄙𑄧𑄢𑄴𑄣𑄧।,ভে কথা গুলো জুে মাথা বারি মারলো
𑄘𑄧𑄥𑄴-𑄝𑄢𑄧 𑄘𑄨𑄚𑄴 𑄎𑄬𑄢𑄬 𑄎𑄪𑄚𑄪𑄘𑄊𑄨𑄢𑄴 𑄑𑄬𑄥𑄴𑄑𑄧 𑄢𑄬𑄎𑄣𑄴𑄑𑄴 𑄚𑄨𑄉𑄨𑄣𑄨𑄣𑄧।,দস-বার দিন পরে জুার রেজাল্ট বের হলো
𑄝𑄬𑄇𑄴𑄪𑄚𑄬 𑄦𑄟𑄧𑄇𑄴 𑄢𑄋𑄣𑄮𑄃𑄨 𑄎𑄪𑄚𑄪 𑄉𑄧𑄟𑄬 𑄛𑄥𑄴 𑄉𑄧𑄢𑄨 𑄡𑄨𑄠𑄮𑄚𑄴।,সবাই হামাগুি দিে জুে যা
𑄛𑄧𑄢𑄨𑄇𑄴𑄈𑄬 𑄈𑄖𑄖𑄴 𑄡 𑄣𑄬𑄈𑄳𑄠𑄧𑄚𑄴 𑄟𑄌𑄴𑄖𑄧𑄢𑄴𑄠𑄪𑄚𑄬 𑄝𑄃𑄨𑄚𑄨 𑄉𑄧𑄢 𑄙𑄧𑄢𑄴𑄣𑄇𑄴।,পরিক্ষার্থীরা পরিক্ষার্থীরা যা লিখ তা কাটাকাটি করছে
𑄢𑄋 𑄎𑄪𑄚𑄪𑄢𑄬 𑄇𑄧𑄣𑄧 𑄘𑄬𑄣𑄬!,লাল জুনিে কল দিলে
𑄃𑄟𑄨 𑄝𑄮𑄓𑄧 𑄛𑄧𑄢𑄨𑄇𑄴𑄈𑄬𑄖𑄴𑄠𑄮 𑄉𑄧𑄟𑄴 𑄉𑄧𑄢𑄨𑄝𑄧𑄁।,আমরা বই পাও ভালো
𑄘𑄬𑄝𑄬!,দেব!
𑄎𑄪𑄚𑄪 𑄇𑄧𑄣𑄧 𑄈𑄣𑄨𑄇𑄴 𑄇𑄣𑄢𑄟𑄬 𑄘𑄧 𑄖𑄳𑄠𑄬𑄚𑄴 𑄉𑄧𑄟𑄴 𑄚𑄧 𑄉𑄧𑄣𑄴𑄣𑄧।,জুনিে কল কাটলে তো ভালো হলো না
𑄢𑄋 𑄇𑄧𑄣𑄧 𑄖𑄢𑄬 𑄃𑄬 𑄞𑄨𑄘𑄨𑄢𑄬 𑄡 𑄛𑄢𑄨 𑄃𑄪𑄎𑄬𑄃𑄨 𑄚𑄨𑄝𑄢𑄴 𑄌𑄬𑄝𑄧𑄁।,লাল কল তাকে এই পৃথিবীতে যে কোনভাবে নিে যা
𑄝𑄮𑄓𑄧 𑄛𑄧𑄢𑄨𑄇𑄴𑄈𑄬 𑄖𑄨𑄚𑄴 𑄟𑄥𑄴 𑄎𑄬𑄢𑄴 𑄃𑄊𑄬।,বইের পরিক্ষা তিন মাস গেছে
𑄃𑄬 𑄖𑄨𑄚𑄴 𑄟𑄥𑄴 𑄉𑄧𑄟𑄬 𑄛𑄧𑄢𑄚 𑄘𑄧𑄢𑄴𑄇𑄢𑄴।,এই তিন মাস ভালোভাবে পা কঠিন
𑄉𑄧𑄟𑄴 𑄛𑄥𑄴 𑄚𑄧 𑄉𑄧𑄣𑄳𑄠𑄬 𑄉𑄧𑄟𑄴 𑄇𑄧𑄣𑄬𑄎𑄧𑄖𑄴 𑄞𑄧𑄖𑄴𑄖𑄨 𑄃𑄊𑄖𑄳𑄠।,ভালো পাতা না পে ভালো কলেজে ভ পাা
𑄃𑄬𑄇𑄴 𑄘𑄨𑄚𑄴 𑄝𑄬𑄚𑄳𑄠 𑄟𑄙𑄚𑄴𑄉𑄧𑄢𑄨 𑄎𑄪𑄚𑄪𑄣𑄮𑄃𑄨 𑄢𑄋 𑄞𑄚𑄴𑄖𑄬-𑄘𑄪 𑄉𑄬𑄣𑄇𑄴।,এক দিন বো আবাদ করে লাল ভে চলে গেল
𑄞𑄚𑄴𑄖𑄬𑄣𑄮𑄃𑄨 𑄇𑄇𑄴𑄈𑄧𑄚𑄴 𑄇𑄧𑄙 𑄇𑄪𑄠𑄮𑄝𑄪𑄣𑄮 𑄉𑄧𑄢𑄴𑄣𑄇𑄴।,ভে ভে কথা বলতেছে
𑄞𑄚𑄴𑄖𑄬 𑄇𑄧𑄣𑄧 𑄖𑄧𑄟 𑄛𑄧𑄢𑄨𑄇𑄴𑄈𑄬 𑄇𑄎𑄬𑄠𑄬 ।,ভে বললে তোমার পরীক্ষা কাজে লাগে
𑄖𑄪𑄟𑄨 𑄟𑄧𑄚𑄴 𑄘𑄨 𑄛𑄧𑄢𑄧𑄉𑄮𑄃𑄨।,তুমি মন দিে পরো
"𑄖𑄬 𑄇𑄧𑄣𑄧 𑄖𑄧𑄟, 𑄃𑄬 𑄃𑄧𑄇𑄴𑄖𑄧𑄠𑄚𑄴 𑄡𑄧𑄘𑄧𑄛𑄧𑄘𑄬 𑄃𑄊𑄖𑄳𑄠।",সে তোমাদের এই কথাটা একদম বিশ্বাস করে না
𑄛𑄨𑄖𑄴𑄗𑄨𑄟𑄨𑄠𑄚𑄧𑄢𑄬𑄠𑄮 𑄍𑄨𑄉𑄮𑄚𑄴 𑄣𑄉𑄬।,পৃথিবীটাকেও ছিঁা লাগে
𑄈𑄣𑄨𑄇𑄴 𑄛𑄨𑄖𑄴𑄗𑄨𑄟𑄨𑄖𑄴 𑄝𑄬𑄇𑄴𑄇𑄚𑄨 𑄃𑄊𑄖𑄳𑄠।,খালি পৃথিবীতে সব ধাক্কা খাওা
𑄃𑄬 𑄃𑄊𑄖𑄳𑄠𑄠𑄚𑄴 𑄟𑄬𑄢𑄬𑄃𑄨 𑄚𑄬𑄎𑄬 𑄛𑄢𑄚𑄠𑄚𑄧𑄃𑄨 - 𑄥𑄬𑄘𑄟𑄴।,এই আঘাতটা মেরে নিয়ে যেতে পারাটাই- সে
𑄢𑄋𑄣𑄮𑄃𑄨 𑄎𑄪𑄚𑄪 𑄇𑄧𑄙𑄚𑄨 𑄥𑄪𑄚𑄨 𑄢𑄧𑄣𑄇𑄴।,রাঙালো জুনিে কথা শুনা শক্ত
𑄎𑄬𑄢𑄬 𑄟𑄚𑄪𑄌𑄴 𑄃𑄬𑄎𑄚𑄠𑄴 𑄢𑄋𑄣𑄮𑄃𑄨 𑄎𑄪𑄚𑄪 𑄊𑄧𑄢𑄧𑄖𑄴 𑄜𑄨𑄢𑄨 𑄃𑄬𑄣𑄇𑄴 ।,.মেে মানুষ আসা বািে ফিরে আসলো
𑄛𑄧𑄙𑄧𑄖𑄴 𑄃𑄬𑄖𑄴𑄖𑄬 𑄃𑄬𑄖𑄴𑄖𑄬 𑄎𑄪𑄚𑄪 𑄇𑄧𑄣𑄧- 𑄢𑄋 𑄞𑄬𑄃𑄨 ।,পথে আসতে আসতে জুনু কল- লাল ভো
𑄃𑄟𑄨 𑄇𑄨 𑄥𑄬𑄘𑄟𑄴𑄝𑄧𑄣 𑄦𑄮𑄃𑄨 𑄚𑄧 𑄛𑄢𑄨𑄝𑄧𑄁 ?,আমরা কি সেরকম হতে পারবো না?
𑄢𑄋 𑄇𑄧𑄣𑄧 𑄇𑄨𑄖𑄳𑄠𑄬𑄃𑄨 𑄚𑄧𑄠𑄴।,লাল কলকি ভালো না
𑄃𑄟𑄧𑄚𑄧𑄢𑄬 𑄥𑄬𑄎𑄚𑄴𑄉𑄧𑄢𑄨 𑄝𑄚𑄬𑄃𑄨 𑄣𑄪𑄠 𑄛𑄧𑄢𑄨𑄝𑄧।,আমার সেজানটা বেঁধে দিতে হবে
𑄇𑄇𑄴𑄈𑄧𑄚𑄴 𑄎𑄨𑄢𑄬𑄚𑄬 𑄎𑄪𑄚𑄪 𑄇𑄧𑄣𑄧 𑄃𑄟𑄨 𑄇𑄨 𑄟𑄬𑄢𑄬𑄃𑄨 𑄚𑄨 𑄛𑄢𑄨𑄝𑄧𑄁 𑄎𑄧𑄟𑄨 𑄡𑄨𑄃𑄨𑄠𑄳𑄠𑄬 𑄇𑄪𑄢𑄴 𑄇𑄪𑄢𑄴 𑄃𑄢𑄌𑄇𑄴!,.সকাল হে জুনিে যাওার সম আমি কি মেরে নিে যাবো!
𑄢𑄋 𑄇𑄧𑄣𑄧 𑄇𑄨𑄖𑄳𑄠𑄬𑄃𑄨 𑄚𑄧 𑄛𑄢𑄴𑄖𑄧𑄁।,লাল কলকি খেতে পারতেছি না
𑄎𑄪𑄚𑄪 𑄇𑄧𑄣𑄧 𑄝𑄳𑄦!,জোনাকির ডাক
𑄖𑄪𑄃𑄨 𑄘𑄧 𑄝𑄪𑄇𑄴𑄝𑄚𑄳𑄠 𑄟𑄚𑄪𑄌𑄴 ।,তুমি তো বুক ভরা মানুষ
𑄢𑄋 𑄇𑄧𑄣𑄧 𑄃𑄏 𑄚𑄋𑄴 𑄝𑄏𑄚।,লাল কলুষ নাক বানাা
𑄟𑄧𑄚𑄧𑄖𑄴 𑄃𑄏 𑄢𑄊𑄬𑄃𑄨 𑄃𑄪𑄎𑄬𑄃𑄨 𑄡 𑄛𑄧𑄢𑄨𑄝𑄧।,মনের ইচ্ছে পূরণ করে চলে যেতে হবে
𑄢𑄋 𑄇𑄧𑄙𑄚𑄨 𑄥𑄪𑄚𑄨𑄚𑄬 𑄎𑄪𑄚𑄪 𑄟𑄙𑄖𑄴 𑄃𑄪𑄌𑄴𑄱𑄛𑄪𑄇𑄴 𑄃𑄪𑄙𑄨𑄣𑄧।,লাল কথা শুনে জুনিে মাথা উো তুললো
𑄈𑄣𑄨𑄇𑄴 𑄚𑄨𑄎𑄬 𑄘𑄧 𑄥𑄬 𑄇𑄟𑄧𑄖𑄴 𑄦𑄖𑄴 𑄘𑄨𑄝𑄢𑄴 𑄃𑄬𑄝𑄧 𑄚𑄧 𑄎𑄮𑄃𑄨।,খালি হাতে তো সেই কাজে হাত দেওা যা না
𑄃𑄢𑄧 𑄞𑄝𑄨 𑄌𑄬𑄣𑄧 𑄛𑄨𑄖𑄴𑄗𑄨𑄟𑄨𑄖𑄴 𑄇𑄧𑄚𑄧 𑄇𑄟𑄴 𑄘𑄧 𑄃𑄪𑄌𑄴𑄱 𑄚𑄧𑄠𑄴।,আবার চিন্তা করলে পৃথিবীতে কোনো কাজ হবে না
𑄈𑄣𑄨𑄇𑄴 𑄖𑄢𑄬 𑄃𑄪𑄌𑄴𑄱 𑄉𑄧𑄢 𑄛𑄧𑄢𑄬।,তাকে শুে পা লাগে
𑄃𑄘𑄬𑄇𑄳𑄠𑄬𑄉𑄧𑄢𑄨 𑄢𑄋 𑄇𑄧𑄣𑄧 𑄟𑄧𑄢𑄴𑄠𑄮 𑄘𑄧 𑄥𑄬 𑄇𑄧𑄙 ।,.অতিরিক্ত লাল কল আমার সেই কথা
𑄃𑄬𑄘𑄧𑄇𑄴𑄈𑄧𑄚𑄴 𑄥𑄧𑄁 𑄚𑄧 𑄇𑄧𑄋𑄧𑄖𑄳𑄠।,এত ব কথা বলা যা না
𑄢𑄋 𑄇𑄧𑄣𑄧 𑄡𑄬𑄃𑄨 𑄟𑄪𑄎𑄪𑄋𑄬 𑄟𑄧 𑄟𑄧𑄬𑄎𑄋 𑄊𑄧𑄢𑄴 𑄃𑄊𑄬।,লাল কল যার সামনে আমার মেে আছে
𑄎𑄪𑄚𑄪 𑄇𑄧𑄣𑄧 𑄞𑄖𑄴 𑄗𑄬𑄣𑄬 𑄚।,জোনাকির আলো ফোটার পর আর ভাত থাকা যা না
𑄢𑄋 𑄇𑄧𑄣𑄧 𑄃𑄃𑄨𑄠𑄬 𑄚𑄧 𑄗𑄬𑄘𑄇𑄴।,লাল কলসে থাকা যা না
"𑄚𑄧 𑄗𑄬𑄣𑄬, 𑄎𑄪𑄚𑄪 𑄇𑄧𑄣𑄬 𑄢𑄋 𑄇𑄧𑄣𑄧 𑄢𑄚 𑄝𑄏𑄬 𑄘𑄨𑄝𑄧𑄁।","না থাকলে, জুনু বললে লাল কলনা বাজাব"
𑄛𑄬𑄖𑄴 𑄖𑄧 𑄇𑄧𑄚𑄧 𑄥𑄪𑄘𑄮𑄟𑄴 𑄚𑄧 𑄟𑄚𑄬।,.তোমার কোনো ক্ষুধা লাগে না
𑄎𑄪𑄚𑄪 𑄣𑄎𑄬𑄣𑄬𑄠𑄮 𑄚 𑄚𑄧 𑄇𑄧𑄣𑄧।,জোনাকির আলো জ্বলালেও কথা বলে না
𑄢𑄋𑄣𑄮𑄃𑄨 𑄎𑄪𑄚𑄪 𑄇𑄃𑄨𑄇𑄪𑄢𑄬 𑄃𑄬𑄇𑄴𑄇𑄚𑄴 𑄊𑄧𑄢𑄧𑄖𑄴 𑄉𑄬𑄣𑄇𑄴।,লাল রঙের জুনিে একটি বািতে গেল
𑄎𑄪𑄚𑄪 𑄌𑄠𑄴 𑄘𑄬 𑄊𑄧𑄢𑄚𑄴 𑄍𑄨𑄉𑄮𑄚𑄴 𑄦𑄧𑄣𑄬𑄠𑄮 𑄘𑄮𑄣𑄴 𑄃𑄊𑄬।,জুনু চাা দো বািটা ছোট হলেও সুন্দর আছে
𑄥𑄨𑄋𑄮𑄝 𑄝𑄬𑄢𑄧𑄖𑄴 𑄚𑄋𑄴𑄇𑄧𑄢 𑄟𑄚𑄴𑄎𑄳𑄠𑄧𑄢𑄴 𑄍𑄧𑄝𑄨 𑄖𑄋𑄬𑄠𑄳𑄠𑄬।,সিঙিটা বোতে এক জাতী মাছের ছবি আঁকিেছে
𑄎𑄪𑄚𑄪𑄘𑄊𑄨 𑄢𑄧 𑄥𑄪𑄚𑄨𑄚𑄬 𑄊𑄧𑄢𑄧 𑄞𑄨𑄘𑄨𑄢𑄬𑄖𑄴𑄪𑄚𑄴 𑄃𑄙𑄴 𑄝𑄧𑄠𑄧𑄥𑄳𑄠 𑄟𑄨𑄣𑄬 𑄃𑄬𑄇𑄴𑄎𑄧𑄚𑄴 𑄚𑄨𑄉𑄨𑄣𑄨 𑄃𑄬𑄣𑄧।,নাতনির কথা শুনে বাির বোই থেকে এক মহিলা বের হে আসলো
𑄢𑄨𑄚𑄨 𑄌𑄬𑄃𑄨 𑄇𑄧𑄣𑄧 𑄃𑄧।,এক জাতী কলুষ
𑄢𑄋 𑄚𑄬।,লাল নো
𑄢𑄋 𑄃𑄨𑄀 𑄇𑄧𑄣𑄬 ।,লাল আইল
𑄎𑄪𑄚𑄪𑄢𑄴 𑄌𑄨𑄚𑄴𑄛𑄧𑄎𑄳𑄠𑄧 𑄣𑄧𑄣𑄧।,এক জাতী বুনো ফল যা সবজি হিসেবে ব্যবহৃত হ
𑄢𑄋 𑄇𑄧𑄣𑄧 - 𑄛𑄧𑄣𑄧𑄚 𑄛𑄱।,লাল কল-পলানো ছেলে
𑄎𑄪𑄚𑄪 𑄝𑄛𑄴𑄱 𑄚𑄁 𑄙𑄧𑄢𑄨 𑄛𑄧𑄣𑄧𑄚 𑄛𑄱 𑄚𑄬 𑄇𑄮𑄃𑄨𑄚𑄬 𑄎𑄪𑄚𑄪𑄢𑄬 𑄉𑄧𑄟𑄬 𑄢𑄨𑄚𑄨 𑄌𑄬𑄃𑄨 𑄇𑄧𑄣𑄧 𑄖𑄪𑄟𑄨 𑄘𑄧 𑄞𑄖𑄴 𑄚𑄧 𑄈𑄧𑄘𑄬 𑄚𑄧𑄠𑄴।,জুনু বাবা নাং ধরে লুকিে থাকা ছেলের সাথে কথা বলে তুমি তো ভাত খেে নাও না
𑄢𑄋 𑄃𑄨𑄀 𑄇𑄧𑄣𑄧 ।,লাল আইল
𑄟𑄨𑄣𑄬𑄝𑄧 𑄇𑄧𑄣𑄧 𑄈𑄬𑄃𑄨 𑄛𑄢𑄨𑄝 𑄘𑄧।,মেেটা কল খেে পারবে তো
𑄢𑄋𑄢𑄬 𑄇𑄧𑄣𑄧 𑄃𑄬𑄎𑄧 𑄞𑄨𑄘𑄨𑄢𑄬।,লালকে কলসে কল করার সম
𑄢𑄋𑄢𑄬 𑄃 𑄎𑄪𑄚𑄪𑄢𑄬 𑄞𑄖𑄴 𑄝𑄢𑄨 𑄘𑄨 𑄘𑄃𑄨 𑄇𑄧𑄣𑄧 𑄖𑄢𑄢𑄬 𑄃𑄬𑄇𑄴𑄇 𑄞𑄖𑄴 𑄛𑄖𑄴 𑄘𑄨 𑄘𑄮𑄋𑄴।,লালকে আর জুনিে ভাত দিে তাদেরকে একটু ভাত দিে দাও
𑄇𑄧𑄇𑄴𑄇𑄬 𑄃𑄬𑄝𑄇𑄴 𑄇𑄨𑄎𑄬𑄚𑄨 ।,কখন আসবে
𑄢𑄋 𑄇𑄧𑄣𑄧 𑄃 𑄟𑄮𑄃𑄨𑄎𑄳𑄠 𑄇𑄪𑄙𑄪 𑄡𑄨𑄠𑄬 𑄘𑄬 ।,লাল কল দিে মেেটা কোথা গেছে
𑄃 𑄇𑄪𑄙𑄪 𑄡𑄬𑄝𑄧।,সে কোথা যাবে
𑄟𑄨𑄑𑄨𑄋𑄧𑄖𑄴 𑄃𑄃𑄨 ।,মাইলে যাওা
𑄎𑄬𑄢𑄬 𑄇𑄧𑄣𑄧 - 𑄃 𑄇𑄪𑄙𑄪 𑄡𑄨𑄠𑄮 𑄘𑄬?,মেেকে কল - কোথা গিেছো?
𑄢𑄋 𑄇𑄧𑄣𑄧 𑄇𑄨𑄠𑄮𑄋𑄧𑄖𑄴।,লাল কলকি
𑄞𑄚𑄴𑄖𑄬 𑄃𑄨𑄙𑄪 ।,"এখানে, এখানে"
𑄘𑄮 𑄎𑄧𑄚𑄧𑄢𑄬 𑄌𑄬𑄃𑄨𑄚𑄬 𑄇𑄧𑄣𑄧 𑄟𑄪𑄎𑄪𑄋𑄬 𑄛𑄧𑄢𑄨𑄇𑄴𑄈𑄬 𑄘𑄨𑄝𑄘𑄬 𑄚𑄧𑄠𑄴।,দুইজনে একসাথে কাজ করতে পারে না
𑄢𑄋 𑄇𑄧𑄣𑄧 𑄃𑄨𑄀 ।,লাল কলই
𑄢𑄋 𑄟𑄧𑄎𑄬𑄋𑄝𑄮 𑄇𑄧𑄣𑄧 𑄝𑄪𑄏𑄧𑄋𑄧𑄢𑄴 𑄘𑄧।,লাল মেেটা কল ধরছে তো
𑄉𑄧𑄟𑄬 𑄚𑄧 𑄛𑄧𑄢𑄨𑄚𑄬!,ভে পে না!
𑄢𑄋 𑄇𑄧𑄣𑄧 𑄃𑄟𑄨 𑄝𑄪𑄏𑄧 𑄚𑄧 𑄛𑄧𑄢𑄨𑄘𑄬।,লাল কল আমি বুঝতে পারিনা
𑄢𑄋 𑄟𑄧𑄎𑄬𑄋𑄝𑄮 𑄇𑄧𑄣𑄧 - 𑄣𑄬𑄊 𑄛𑄧𑄢 𑄃𑄉𑄬 𑄗𑄪𑄟𑄴 𑄉𑄧𑄢𑄧।,লাল মেেটার কল-লেখার পরে শেষ হ
"𑄖𑄬 𑄘𑄬𑄌𑄴, 𑄎𑄧𑄙 𑄇𑄟𑄴 𑄦𑄖𑄴 𑄘𑄮।","সে দো,যত কাজ হাত দে"
"𑄇𑄇𑄴𑄈𑄧𑄚𑄴 𑄎𑄨𑄢𑄬𑄃𑄨 𑄇𑄧𑄣𑄧 𑄃𑄟𑄧𑄚𑄬 𑄃𑄉𑄬 𑄗𑄨𑄘𑄧 𑄚𑄧 𑄦𑄪𑄠𑄳𑄠 𑄉𑄧𑄢𑄨 𑄘𑄬𑄌𑄴, 𑄎𑄧𑄙 𑄇𑄟𑄴 𑄉𑄧𑄢𑄴𑄣𑄬 𑄥𑄨𑄠𑄚𑄴 𑄃𑄬𑄇𑄴 𑄘𑄨𑄚𑄴 𑄛𑄧𑄢𑄚𑄧𑄖𑄴 𑄝𑄨𑄚𑄴𑄘𑄳𑄠𑄧 𑄝𑄨𑄚𑄴𑄘𑄳𑄠𑄧 𑄛𑄨𑄢𑄬 𑄜𑄪𑄘𑄬 𑄘𑄬।","আমি আগে ভালো হে নিে আসি, ভালো কাজ করলে সেটা একদিন আমার মনে পে"
𑄢𑄋 𑄟𑄧𑄎𑄬𑄋𑄝𑄮 𑄇𑄧𑄙𑄚𑄨 𑄎𑄪𑄚𑄪 𑄞𑄨𑄘𑄨𑄢𑄬 𑄌𑄳𑄠𑄀𑄖𑄴 𑄌𑄳𑄠𑄀𑄖𑄴 𑄉𑄧𑄢𑄨 𑄥𑄧𑄟𑄬𑄣𑄧।,লাল মেেটার কথাগুলো জুে জুে বলল
𑄟𑄧𑄚𑄬 𑄟𑄧𑄚𑄬 𑄞𑄝𑄨𑄣𑄧 - 𑄝 𑄝 𑄘𑄧 𑄃𑄬 𑄇𑄧𑄙𑄚𑄨 𑄃𑄧𑄚𑄴𑄎𑄪𑄢𑄴 𑄟𑄧𑄢𑄬 𑄥𑄪𑄚𑄮𑄠𑄴।,মনে হ সে এই কথাগুলো আমাকে শুনতেছে
𑄟𑄪𑄢𑄮𑄖𑄴 𑄛𑄧𑄢𑄨 𑄞𑄝𑄨 𑄌𑄬𑄝𑄢𑄴 𑄘𑄧𑄢𑄴𑄉𑄢𑄴 𑄃𑄊𑄬।,পাহাে পার ইচ্ছা আছে
𑄞𑄖𑄴 𑄈𑄬𑄃𑄨 𑄃𑄢𑄧 𑄞𑄣𑄧𑄇𑄴𑄈𑄧𑄚𑄴 𑄢𑄋 𑄟𑄧𑄎𑄬𑄋𑄝𑄮 𑄣𑄮𑄃𑄨 𑄇𑄧𑄙 𑄇𑄪𑄠𑄝𑄪𑄣𑄧 𑄦𑄧𑄣𑄧।,ভাত খেে আরও অনেক লাল মেে কথা বলতেছে
𑄎𑄪𑄚𑄪 𑄟𑄧𑄚𑄬 𑄟𑄧𑄚𑄬 𑄞𑄝𑄨𑄣𑄧 𑄝𑄬𑄇𑄴 𑄟𑄚𑄴𑄎𑄳𑄠𑄧𑄢𑄴 𑄎𑄩𑄁𑄇𑄚𑄨 𑄡𑄬𑄚𑄬 𑄃𑄬𑄇𑄴𑄇𑄮 𑄃𑄪𑄛𑄧𑄚𑄳𑄠𑄥𑄴 ।,জুনিে মনে হ সব মানুষের জীবনে একটা উপা আছে
𑄟𑄚𑄴𑄎𑄳𑄠𑄧𑄢𑄴 𑄎𑄨𑄁𑄇𑄚𑄨𑄖𑄴𑄪𑄚𑄴𑄠𑄮 𑄞𑄬𑄃𑄨𑄘𑄮 𑄥𑄨𑄊𑄨𑄝𑄢𑄴 𑄃𑄊𑄬।,মলার জীবন থেকেও ভাই-বোনেরা আসতেছে
𑄘𑄨𑄚𑄴 𑄡𑄬𑄘𑄧𑄇𑄴 𑄡𑄢𑄴 𑄝𑄮𑄓𑄧 𑄛𑄧𑄢𑄨𑄇𑄴𑄈𑄬 𑄊𑄧𑄚𑄬𑄃𑄨 𑄃𑄬𑄎𑄬𑄢𑄴 ।,সারাদিন তার বই পতেছে
𑄛𑄧𑄢𑄨𑄇𑄴𑄈𑄬 𑄌𑄝𑄬 𑄘𑄮 𑄎𑄧𑄚𑄴 𑄛𑄧𑄢𑄖𑄴 𑄎𑄨𑄢𑄬𑄚𑄴 𑄚𑄬𑄃𑄨 𑄉𑄧𑄢𑄨 𑄘𑄨𑄚𑄴 𑄇𑄘𑄘𑄧𑄚𑄴।,পরিক্ষার্থীরা পরিক্ষা দেখে দুই লোক পরলো না করে দিন কাটা
𑄃𑄬𑄇𑄴 𑄘𑄨𑄚𑄴 𑄥𑄏𑄧𑄚𑄳𑄠 𑄎𑄪𑄚𑄪 𑄊𑄧𑄢𑄧 𑄃𑄪𑄙𑄮𑄚𑄧𑄖𑄴 𑄝𑄬𑄢𑄬𑄃𑄨 𑄝𑄬𑄢𑄬𑄃𑄨 𑄃𑄊𑄬।,এক দিন সাপটা বাির উপরে বেে বেে আছে
"𑄃𑄘𑄬𑄇𑄳𑄠𑄉𑄧𑄢𑄨 𑄃𑄘𑄟𑄧 𑄛𑄧𑄏𑄨𑄟𑄧 𑄛𑄧𑄙𑄬𑄘𑄨 𑄛𑄬𑄝𑄮, 𑄃𑄬𑄇𑄴𑄇𑄮 𑄓𑄉𑄨 𑄓𑄉𑄨 𑄡𑄢𑄴।",".আগেকার গ্রামের রাস্তা পে যাবে,একটার পর একটা যা"
𑄎𑄪𑄚𑄪 𑄟𑄧𑄚𑄚𑄴 𑄥𑄬 𑄃𑄬𑄇𑄴𑄥𑄚𑄳𑄠 𑄦𑄮𑄃𑄨 𑄉𑄬𑄣𑄧।,জুনিে মনটা সেই আচান হে গেল
𑄛𑄬𑄝𑄯 𑄓𑄉𑄨𑄣𑄬 𑄃𑄘𑄟𑄴 𑄃𑄧𑄟𑄧𑄁𑄉𑄧𑄣𑄴 𑄦𑄧𑄠𑄴।,.পাখি ডাকলে গ্রামটা অসুন্দর হ
𑄃𑄧𑄇𑄴𑄖𑄧 𑄃𑄧𑄇𑄴𑄖𑄧 𑄢𑄬𑄘𑄮𑄖𑄴 𑄖𑄧𑄘𑄬𑄇𑄴 𑄏𑄇𑄴 𑄓𑄉𑄨 𑄓𑄉𑄨 𑄃𑄪𑄢𑄨 𑄡𑄚𑄴 ।,অনেক অনেক রাতে তার ঝাক দৌা দৌে যা
𑄝𑄬𑄇𑄴 𑄃𑄧𑄟𑄧𑄁𑄉𑄧𑄣𑄧 𑄌𑄨𑄚𑄴𑄚𑄧।,সব পোকামাক
𑄎𑄪𑄚𑄪 𑄟𑄧𑄚𑄴 𑄛𑄧𑄢𑄚𑄴 𑄙𑄪𑄉𑄪𑄖𑄴 𑄙𑄪𑄉𑄪𑄖𑄴𑄉𑄧𑄢𑄨 𑄃𑄪𑄙𑄨𑄣𑄧।,জুনু মনের প্রাণটা দুমিে উঠল
𑄢𑄬𑄎𑄳𑄠𑄧 𑄙𑄪𑄣𑄪𑄟𑄪𑄣𑄪 𑄦𑄧𑄝𑄧।,রাতের বেলা গোসল করতে হবে
𑄃𑄘𑄟𑄳𑄠𑄬 𑄟𑄚𑄴𑄎𑄳𑄠𑄧 𑄟𑄧𑄚𑄧𑄖𑄴 𑄃𑄬𑄇𑄴 𑄝𑄪𑄇𑄴 𑄌𑄨𑄙𑄬।,গ্রামের মানুষদের মনে এক বুক চেপে ধরে
𑄎𑄪𑄚𑄪 𑄈𑄣𑄨𑄇𑄴 𑄥𑄨𑄠𑄚𑄴 𑄝𑄨𑄌𑄴𑄥𑄬𑄌𑄴 𑄚𑄧 𑄉𑄧𑄢𑄬।,জোনাকির আলো আঁধারি তাাতাি দেখা যা না
𑄖 𑄝𑄝𑄬𑄠𑄮 𑄥𑄨𑄠𑄚𑄨 𑄚𑄧 𑄟𑄚𑄬।,তার বাপেও সেগুলো মানে না
𑄖 𑄝𑄝𑄬 𑄟𑄚𑄴𑄎𑄳𑄠𑄧 𑄇𑄧𑄣𑄬 𑄇𑄧𑄠𑄴 𑄌𑄋𑄴𑄟𑄢𑄴 𑄝𑄢𑄝𑄨𑄉𑄨𑄘𑄨!,তার বাবা-মা কলকি দিে বলে চামার বোই
𑄃𑄬𑄇𑄴 𑄘𑄨𑄚𑄴 𑄝𑄬𑄚𑄳𑄠 𑄎𑄪𑄚𑄪 𑄝𑄧𑄃𑄨 𑄟𑄙𑄢𑄴।,এক দিন বো জুনু বই সামনে
𑄃𑄘𑄬𑄇𑄳𑄠𑄉𑄧𑄢𑄨 𑄢𑄋 𑄃𑄬𑄣𑄧 ।,আদেগোা লাল হলো
𑄃𑄬𑄖𑄴𑄖𑄬 𑄚𑄧 𑄃𑄬𑄖𑄴𑄖𑄬 𑄇𑄧𑄣𑄧 𑄎𑄪𑄚𑄪 𑄘𑄬।,ডাকতে না ডাকতে ফোন করে দাও
𑄟𑄪𑄚𑄨 𑄝𑄨𑄣𑄬 𑄇𑄨 𑄛𑄨𑄢𑄬 𑄝𑄎𑄬𑄠𑄳𑄠 ।,.মুনি বিলে কি অসুখ হেছে
𑄎𑄪𑄚𑄪 𑄇𑄧𑄣𑄧 𑄦𑄧𑄠𑄴 𑄝𑄪𑄏𑄧!,মেেকে কল দাও বুঝছো!
𑄢𑄋 𑄇𑄧𑄣𑄧 𑄥𑄪𑄚𑄨𑄣𑄪𑄁 𑄘𑄧।,লাল কল শুনেছি তো
𑄡𑄬𑄃𑄨 𑄥𑄟𑄴𑄝𑄖𑄴 𑄣𑄮𑄃𑄨𑄠𑄮𑄃𑄨।,যে সম লাল হেছে
𑄎𑄪𑄚𑄪 𑄇𑄧𑄣𑄧 𑄡𑄬𑄃𑄨।,জোনাকির মতো দেখতে এক জাতী পোকা
𑄟𑄪𑄚𑄨 𑄊𑄧𑄢𑄧𑄖𑄴 𑄡𑄬𑄇𑄴𑄬 𑄣𑄪𑄋𑄨𑄣𑄇𑄴 𑄌𑄚𑄴𑄘𑄬 𑄟𑄪𑄚𑄨 𑄝𑄨𑄌𑄴𑄌𑄮𑄚𑄧𑄖𑄴 𑄃𑄪𑄙𑄨 𑄝𑄮𑄃𑄨 𑄃𑄊𑄬।,.মুনি বািে কিছুক্ষণ পর পর বের হে আসে।
"𑄇𑄃𑄨𑄇𑄪𑄢𑄬 𑄛𑄨𑄙𑄬, 𑄘𑄢𑄪।","এক জাতী পিঠা, ট্যাবলেট"
𑄟𑄪𑄚𑄨 𑄖𑄢𑄢𑄬 𑄘𑄬𑄃𑄨𑄚𑄬 𑄃𑄪𑄙𑄨 𑄖𑄢 𑄇𑄃𑄨 𑄃𑄬𑄃𑄨𑄚𑄬 𑄝𑄧𑄣𑄧।,মুনি তাদেরকে দেে উে আসতে বলে
𑄢𑄋 𑄇𑄧𑄣𑄧 𑄘𑄬𑄇𑄴𑄈𑄮𑄌𑄴 𑄡𑄚𑄬 𑄈𑄬𑄋𑄬𑄘 𑄦𑄪𑄠𑄳𑄠।,লাল কলুষ দেখতে দেখতে খোল হেছে
𑄎𑄪𑄚𑄪 𑄇𑄧𑄣𑄧 𑄦𑄧𑄠𑄴 𑄘𑄧।,জুনু কল হ তো
𑄡𑄬 𑄥𑄢𑄨𑄝𑄧।,"১. যে শুনবে, যে শুনবে ২. যে শুনবে"
𑄟𑄪𑄚𑄨 𑄇𑄧𑄣𑄧 𑄃 𑄈𑄬𑄃𑄨 𑄚𑄧 𑄛𑄢𑄧𑄁।,.স্বামী বা স্ত্রীকে সহজে হারাতে পারিনা।
𑄈𑄬𑄋𑄬𑄘 𑄇𑄳𑄠𑄬 𑄚𑄧 𑄦𑄧𑄙𑄪𑄁 ।,খোল কথা বলি না
𑄎𑄪𑄚𑄪 𑄇𑄧𑄣𑄧 𑄖𑄬 𑄇𑄧𑄠𑄴𑄘𑄨𑄚𑄴 𑄦𑄧𑄣𑄬?,সে কদিন হলে?
𑄟𑄪𑄚𑄨 𑄇𑄧𑄣𑄧 𑄛𑄌𑄴 𑄍𑄧 𑄘𑄨𑄚𑄴 𑄦𑄧𑄣𑄪𑄁।,মুনির কল পাঁচ দিন হলো হলো
𑄎𑄪𑄚𑄪 𑄇𑄧𑄣𑄧 𑄃 𑄇𑄬𑄠𑄧𑄃𑄨 𑄈𑄧𑄝𑄧𑄢𑄴 𑄚𑄧 𑄚𑄬𑄎𑄚𑄴 ?,জোনাকির কলকে কে খবর নে না?
𑄃 𑄇𑄧𑄚𑄴𑄚 𑄚𑄨𑄘𑄧 𑄇𑄮𑄃𑄨𑄚𑄬 𑄟𑄪𑄚𑄨 𑄃𑄧𑄣𑄧𑄢𑄴 𑄦𑄧𑄣𑄧।,.আবোল তাবোল কথা বলে মুনি অলস হে গেল
𑄎𑄬𑄢𑄬 𑄇𑄧𑄣𑄧 - 𑄝𑄬𑄇𑄴𑄇𑄪𑄚𑄴 𑄖𑄧𑄟 𑄙𑄧𑄇𑄳𑄠 𑄛𑄧𑄢𑄴𑄞𑄣𑄬𑄖𑄳𑄠𑄬 𑄚𑄬 𑄚।,ঝেে কল - সবাই তোমার চেহারা পে নাই
𑄎𑄪𑄚𑄪 𑄇𑄧𑄣𑄧 𑄃𑄎𑄧𑄣𑄴 𑄛𑄧𑄢𑄴𑄞𑄣𑄬𑄖𑄳𑄠𑄬𑄝𑄱 𑄢𑄋!,জোনাকির কলসে থাকা ভূতটা লাল
𑄟𑄪𑄃𑄨 𑄈𑄧𑄝𑄧𑄢𑄴 𑄚𑄧 𑄛𑄨𑄘𑄪𑄁।,আমি খবর নাই
𑄢𑄋 𑄟𑄧𑄢𑄬 𑄥𑄟𑄴𑄝𑄖𑄴 𑄘𑄬𑄉𑄮𑄃𑄨𑄘𑄬।,লাল আমাকে সালাম দে
𑄢𑄋 𑄇𑄬𑄃𑄨𑄖𑄴 𑄢𑄨𑄚𑄨 𑄌𑄬𑄃𑄨𑄚𑄬 𑄟𑄪𑄚𑄨 𑄇𑄧𑄣𑄧 𑄦𑄧𑄠𑄴 𑄚𑄨।,লাল কেত দিে মুনি কলক হছে
𑄢𑄋 𑄇𑄧𑄣𑄧 - 𑄚𑄧𑄠𑄴।,লাল কল - না
𑄖𑄬 𑄚𑄧 𑄃𑄬𑄘𑄧 𑄟𑄪𑄃𑄨 𑄠𑄮 𑄚𑄧 𑄃𑄬𑄣𑄪𑄋𑄴𑄠𑄪𑄚𑄴 ।,সে না আসে আমি-ও আসলাম না
𑄟𑄪𑄚𑄨 𑄘𑄮𑄚𑄧𑄎𑄧𑄚𑄧𑄢𑄬 𑄌𑄬𑄃𑄨𑄚𑄬 𑄇𑄧𑄣𑄧 - 𑄖𑄪𑄟𑄨 𑄘𑄮𑄚𑄧𑄎𑄧𑄚𑄴 𑄛𑄧𑄢𑄴𑄞𑄣𑄬𑄖𑄳𑄠𑄬।,মুনি দুইজনকে চেইন দিে কল - তোমরা দুইজন পেছো
𑄝𑄬𑄇𑄴𑄪𑄚𑄬 𑄖𑄧𑄟𑄢𑄬 𑄚𑄋𑄴 𑄉𑄨𑄚𑄧𑄚𑄴।,সবাই তোমাদের নািভুি পরিধান করে
𑄢𑄋𑄣𑄮𑄃𑄨 𑄎𑄪𑄚𑄪 𑄢𑄨𑄚𑄨 𑄌 𑄌𑄨 𑄉𑄧𑄢𑄨𑄚𑄬 𑄃𑄬𑄇𑄴𑄇 𑄦𑄏𑄨𑄣𑄇𑄴।,লাল রঙের জুনিে চাংমাা করে একটু হাসছে
𑄇𑄧𑄙 𑄇𑄪𑄠𑄝𑄪𑄣𑄧 𑄥𑄪𑄚𑄨𑄚𑄬 𑄟𑄪𑄚𑄨 𑄟𑄝𑄱 𑄛𑄨𑄎𑄮𑄢𑄧𑄖𑄴𑄪𑄚𑄴 𑄃𑄬𑄣𑄧 ।,কথা গুলো শুনে মুনির মা রান্নাঘর থেকে বের হে আসলো
𑄎𑄪𑄚𑄪 𑄃 𑄢𑄋𑄢𑄬 𑄘𑄬𑄃𑄨𑄚𑄬 𑄛𑄪𑄏𑄢𑄴 𑄉𑄧𑄢𑄴𑄣𑄧 - 𑄃 𑄖𑄢 𑄇𑄧𑄚𑄴𑄚?,জুনিেকে দেে পোকামাকা করল - কে?
𑄟𑄪𑄚𑄨 𑄇𑄧𑄣𑄧 - 𑄃 𑄃𑄬𑄇𑄴𑄇𑄧𑄎𑄚𑄴 𑄇𑄧𑄁𑄉𑄬 𑄎𑄪𑄚𑄪𑄣𑄮𑄃𑄨 𑄢𑄋 𑄃𑄃𑄨।,মুনি কল - একটি কেকজন কেকজনের মধ্যে লাল আছে
𑄖𑄧𑄟𑄢𑄬 𑄝𑄚 𑄟𑄪𑄚𑄨 𑄚𑄁 𑄉𑄨𑄚𑄬𑄘𑄬।,তোমাদের শুধু মুনি নাং গিেছে
𑄉𑄧𑄟𑄴 𑄦𑄪𑄠𑄳𑄠 𑄛𑄪𑄖𑄴𑄣𑄧𑄇𑄴 𑄃𑄬𑄌𑄴𑄌𑄮 𑄘𑄬 𑄟𑄪𑄚𑄨 𑄟𑄝𑄱 𑄇𑄧𑄣𑄬 - 𑄢𑄋𑄣𑄮𑄃𑄨 𑄎𑄪𑄚𑄪 𑄟𑄪𑄚𑄨 𑄟𑄝𑄱𑄖𑄴𑄪𑄚𑄴 𑄥𑄬𑄛𑄴𑄝𑄖𑄴𑄖 𑄣𑄧𑄣𑄇𑄴।,ভালো হেছে সন্তান জন্ম দো -রাঙালো পাহাি মেেটা তাা করল
𑄟𑄪𑄚𑄨 𑄟𑄝𑄱 𑄇𑄧𑄣𑄧 - 𑄛𑄪𑄖𑄴𑄣𑄧𑄇𑄴।,.মেেটি মাা কল -সন্তান
𑄈𑄬𑄃𑄨 𑄘𑄬𑄃𑄨 𑄡𑄨𑄠𑄮 𑄚।,খেে দো যা না
𑄎𑄪𑄚𑄪 𑄇𑄧𑄣𑄧 - 𑄚𑄧 𑄈𑄬𑄝𑄧𑄁 𑄟𑄪𑄏𑄨।,জুনিে কল না খেে যাবো
𑄟𑄪𑄚𑄨 𑄟𑄝𑄱 𑄇𑄧𑄣𑄧 - 𑄃𑄃𑄨𑄠𑄬 𑄚𑄧 𑄈𑄬𑄘।,মুনি মাা কল - আসে না খেে
𑄟𑄪𑄚𑄨𑄢𑄬 𑄃𑄬𑄇𑄴𑄇 𑄥𑄋𑄬𑄖𑄴 𑄘𑄮𑄚।,মুনিকে একটু সঙ্গ দেওা
𑄡𑄧𑄘𑄧𑄛𑄧𑄘𑄬 𑄟𑄧𑄚𑄴𑄟𑄧𑄢 𑄦𑄮𑄃𑄨 𑄃𑄊𑄬।,যখন তখন মন খারাপ হ
𑄃 𑄇𑄨 𑄟𑄧𑄚𑄴𑄟𑄧𑄢 𑄇𑄮𑄃𑄨𑄚𑄬 𑄎𑄪𑄚𑄪 𑄎𑄚𑄨𑄝𑄬𑄢𑄴 𑄌𑄬𑄣𑄧।,সে কি মনের মতো জুনিে যাবে
𑄟𑄪𑄚𑄨 𑄟𑄝𑄱 𑄇𑄧𑄣𑄧 - 𑄛𑄧𑄢𑄨𑄇𑄴𑄈𑄬 𑄞𑄨𑄣𑄬 𑄉𑄧𑄟𑄴 𑄉𑄧𑄢𑄨 𑄚𑄧 𑄛𑄢𑄨𑄝𑄧𑄘𑄬!,মুনি মেেটা কল - পরীক্ষা ভালো করতে পারবে না
𑄢𑄋 𑄇𑄧𑄣𑄧 - 𑄖𑄧 𑄙𑄧𑄇𑄳𑄠 𑄛𑄮𑄠𑄃𑄨 𑄝𑄪𑄏𑄧 𑄛𑄧𑄢𑄨𑄇𑄴𑄈𑄬𑄖𑄴 𑄜𑄬𑄃𑄨𑄣𑄴 𑄉𑄧𑄢𑄬𑄘𑄬 !,লাল কল - তোমার মতো ছেলেটা বুঝবা না
𑄢𑄋𑄢𑄬 𑄃 𑄎𑄪𑄚𑄪𑄢𑄬 𑄛𑄬𑄃𑄨𑄚𑄬 𑄟𑄪𑄚𑄨 𑄞𑄧𑄎𑄚𑄴 𑄝𑄪𑄇𑄴 𑄘𑄧𑄢𑄧 𑄦𑄧𑄣𑄧।,লালে আর জুনিে পোকা ভে বুক ভ হলো
𑄟𑄪𑄚𑄨 𑄇𑄧𑄣𑄧 - 𑄛𑄧𑄢𑄨𑄇𑄴𑄈𑄬 𑄞𑄨𑄘𑄨𑄢𑄬 𑄃𑄧𑄇𑄴𑄖𑄧 𑄃𑄧𑄇𑄴𑄖𑄧 𑄈𑄧𑄝𑄧𑄖𑄴 𑄙𑄧𑄎𑄳𑄠𑄧𑄉𑄨।,মুনি কল - পরিক্ষার্থীরা সবাই একনাগাে ধরছে
𑄎𑄬𑄢𑄬 𑄟𑄪𑄚𑄨𑄢𑄬 𑄞𑄣𑄧𑄇𑄴𑄈𑄧𑄚𑄴 𑄝𑄪𑄏𑄬𑄃𑄨 𑄊𑄧𑄢𑄴 𑄟𑄧𑄇𑄳𑄠𑄬 𑄣𑄧𑄢𑄴 𑄘𑄨𑄣𑄇𑄴।,মেেটাকে অনেক ব করে বািতে নিে গেল
𑄟𑄪𑄚𑄨 𑄖𑄢𑄢𑄬 𑄌𑄨𑄖𑄴𑄛𑄪𑄢𑄬 𑄛𑄢 𑄉𑄧𑄢𑄨 𑄇𑄇𑄴𑄈𑄧𑄚𑄴 𑄌𑄬𑄃𑄨 𑄢𑄧𑄣𑄧।,.বুদ্ধ তাদেরকে স্বপ্নে দেখার জন্য কিছুক্ষণ অপেক্ষা করল।
𑄘𑄨𑄚𑄴 𑄝𑄨𑄘𑄨 𑄉𑄬𑄣𑄬 𑄛𑄧𑄢𑄨𑄇𑄴𑄈𑄬 𑄃𑄢𑄴𑄉𑄚𑄨 𑄦𑄧𑄣𑄧।,প্রতিদিন রাত হলে পরীক্ষা উত্তীর্ণ হওা যা
𑄥𑄧𑄟𑄎𑄳𑄠𑄠𑄪𑄚𑄴𑄘𑄮𑄃𑄨 𑄣𑄇𑄴𑄛𑄛𑄨 𑄦𑄧𑄣𑄬𑄠𑄮 𑄟𑄙𑄟𑄙𑄨 𑄝𑄘𑄬 𑄖𑄳𑄠𑄬𑄚𑄴 𑄇𑄧𑄙 𑄚𑄧 𑄦𑄧𑄠𑄴।,সমাজ থেকে আলাদা হলেও মানুষদের সাথে কথা বলে না
𑄘𑄧𑄥𑄴 𑄛𑄧𑄚𑄧𑄢𑄴 𑄘𑄨𑄚𑄴 - 𑄎𑄬𑄢𑄬 𑄛𑄧𑄢𑄨𑄇𑄴𑄈𑄬 𑄗𑄪𑄟𑄴 𑄦𑄧𑄣𑄧।,দশ পার দিন - শেষে পরীক্ষা শেষ হলো
𑄢𑄬𑄎𑄣𑄴𑄒𑄴 𑄚𑄨𑄉𑄨𑄣𑄧𑄘𑄬 𑄃𑄢𑄧 𑄖𑄨𑄚𑄴 𑄟𑄥𑄴 𑄣𑄉𑄨𑄝𑄧।,রেজালটা নিে আরও তিন মাস লাগবে
𑄘𑄨 𑄖𑄨𑄚𑄴 𑄘𑄨𑄚𑄴 𑄎𑄨𑄢𑄬𑄃𑄨 𑄢𑄋𑄣𑄮𑄃𑄨 𑄎𑄪𑄚𑄪 𑄞𑄚𑄴𑄖𑄬𑄃𑄨𑄙𑄪 𑄉𑄬𑄣𑄇𑄴।,দুই তিন দিন কষ্ট করে জুনু ভান্তেে গেল
𑄞𑄚𑄴𑄖𑄬 𑄛𑄧𑄢𑄨𑄇𑄴𑄈𑄬 𑄥𑄟𑄴𑄝𑄖𑄴𑄣𑄮𑄃𑄨 𑄇𑄧𑄙 𑄟𑄬𑄣𑄨𑄣𑄧।,ভে ভে কথা বললো
𑄞𑄚𑄴𑄖𑄬 𑄇𑄧𑄣𑄧 - 𑄝𑄬𑄢𑄬𑄃𑄨 𑄝𑄬𑄢𑄬𑄃𑄨 𑄚𑄧 𑄗𑄇𑄴𑄱।,ভে ভে থাকে না
𑄝𑄧𑄃𑄨 𑄛𑄧𑄢𑄧।,বই পা
𑄘𑄮𑄎𑄧𑄚𑄧𑄢𑄬 𑄖𑄨𑄚𑄴𑄱 𑄉𑄧𑄢𑄨 𑄝𑄧𑄃𑄨 𑄘𑄨𑄣𑄧।,দুইজনকে তিন জন করে বই দিল
𑄎𑄬𑄢𑄬 𑄇𑄧𑄣𑄧 - 𑄃𑄬 𑄝𑄧𑄃𑄨𑄠𑄪𑄚𑄴 𑄛𑄧𑄢𑄨 𑄛𑄪𑄢𑄬𑄣𑄬 𑄃𑄢𑄧 𑄚𑄮 𑄉𑄨 ।,ঝেে কল - এই বইটি পলে আর গিে যা না
𑄈𑄣𑄨𑄇𑄴 𑄟𑄪𑄃𑄨 𑄖𑄧𑄟𑄢𑄬 𑄌𑄉𑄨 𑄌𑄬𑄃𑄨𑄟𑄴 ।,খালি মুখে তোমাদের দেখে রাখবো
𑄇𑄧𑄙𑄠𑄚𑄴 𑄥𑄪𑄚𑄨𑄚𑄬 𑄘𑄮 𑄎𑄧𑄚𑄧𑄢𑄴 𑄛𑄧𑄢𑄚𑄧𑄖𑄴 𑄙𑄧𑄢𑄨𑄣𑄧।,কথা শুনে দুইজনে প্রাণ ধরলো
𑄃𑄬𑄖𑄴𑄖𑄬 𑄃𑄬𑄖𑄴𑄖𑄬 𑄖𑄬𑄟𑄴𑄟𑄁 𑄉𑄧𑄢𑄴𑄣𑄇𑄴 - 𑄖𑄨𑄚𑄴 𑄘𑄨𑄚𑄴 𑄛𑄧𑄢𑄴 𑄛𑄧𑄢𑄴 𑄇𑄧𑄚𑄬 𑄇𑄨 𑄛𑄨𑄃𑄨𑄠𑄳𑄠𑄬 𑄎𑄚𑄎𑄚𑄨 𑄉𑄧𑄢𑄨𑄝𑄇𑄴।,এত ব করে তর্ক করতেছে-তিন দিন পর পর কে কি অসুখে পে যা
𑄃 𑄘𑄨 𑄎𑄧𑄚𑄬 𑄇𑄪𑄃𑄧𑄇𑄨 𑄉𑄧𑄢𑄴𑄣𑄇𑄴 𑄟𑄧 𑄝𑄧𑄃𑄨𑄠𑄪𑄚𑄴 𑄖𑄪𑄃𑄨. 𑄖𑄧 𑄝𑄧𑄃𑄨𑄠𑄪𑄚𑄴 𑄟𑄪𑄃𑄨 𑄛𑄧𑄢𑄨 𑄖𑄧𑄣𑄴𑄝𑄨𑄌𑄴 𑄉𑄧𑄢𑄨𑄝𑄧𑄁।,"দুইজনে কি করলো আমার বই থেকে তুমি,তোমার বই থেকে আমি পতেছি"
𑄃𑄬𑄇𑄴 𑄥𑄛𑄴𑄖 𑄎𑄬𑄢𑄬 𑄘𑄮𑄎𑄧𑄚𑄬 𑄞𑄚𑄴𑄖𑄬 𑄇𑄃𑄨 𑄉𑄬𑄣𑄇𑄴।,এক সাপে দুইজনে মারা গেল
𑄞𑄚𑄴𑄖𑄬 𑄖𑄢𑄢𑄬 𑄛𑄘𑄨 𑄖𑄚𑄨 𑄝𑄧𑄝𑄢𑄴 𑄇𑄧𑄣𑄧।,ভে তাদেরকে মাদুরে বসাতে বলে
𑄚𑄚𑄠𑄚𑄴 𑄇𑄪𑄠𑄝𑄪𑄣𑄧 𑄦𑄧𑄣𑄧।,বিভিন্ন প্রকার হেছে
𑄘𑄮𑄎𑄧𑄚𑄬 𑄞𑄚𑄴𑄖𑄬𑄢𑄬 𑄚𑄚𑄠𑄚𑄴 𑄛𑄪𑄏𑄢𑄴 𑄉𑄧𑄢𑄴𑄣𑄇𑄴।,দুইজনে ভে ভেছে
𑄎𑄬𑄢𑄬 𑄞𑄚𑄴𑄖𑄬 𑄖𑄢𑄢𑄬 𑄛𑄪𑄏𑄢𑄴 𑄉𑄧𑄢𑄴𑄣𑄧।,সে ভে তাদেরকে ভ করলো
𑄞𑄚𑄴𑄖𑄬 𑄟𑄪𑄠𑄚𑄴 𑄘𑄬𑄃𑄨 𑄝𑄪𑄏𑄨𑄣𑄇𑄴 - 𑄖𑄢𑄢𑄴 𑄎𑄮𑄛𑄴 𑄘𑄬𑄃𑄨𑄚𑄬 𑄃𑄧𑄟 𑄃𑄪𑄌𑄴𑄌𑄮 𑄦𑄪𑄠𑄬।,ভে আমি সব ভুলে গেলাম - তাদের জোপ দিে অনেক উঁচু হেছে
𑄃𑄬𑄝𑄢𑄴 𑄇𑄘𑄣𑄳𑄠𑄬 𑄞𑄚𑄴𑄖𑄬 𑄃𑄢𑄧 𑄖𑄨𑄚𑄴𑄱𑄖𑄴 𑄘𑄧𑄢𑄬 𑄝𑄧𑄃𑄨 𑄘𑄨𑄣𑄧।,এইবার কাটাল ভে আবার তিন জনে ভে দিল
𑄘𑄮𑄎𑄧𑄚𑄬 𑄃𑄪𑄌𑄴𑄌𑄮 𑄦𑄮𑄃𑄨 𑄊𑄧𑄢𑄧𑄖𑄴 𑄜𑄨𑄢𑄨 𑄃𑄬𑄣𑄇𑄴 ।,দুইজনে উঁচু হে বািতে ফিরে আসলো
𑄃𑄬𑄎𑄚𑄴 𑄉𑄧𑄢𑄨 𑄘𑄮𑄎𑄧𑄚𑄬 𑄞𑄚𑄴𑄖𑄬𑄃𑄨𑄙𑄪 𑄖𑄢 𑄃𑄬𑄎𑄧𑄚𑄴 𑄡𑄚𑄴।,তারা দুইজন একসাথে চলে যা
𑄘𑄨𑄚𑄴 𑄘𑄨𑄚𑄴 𑄖𑄢 𑄟𑄪𑄎𑄪𑄋𑄮𑄖𑄴𑄪𑄚𑄴 𑄡𑄬𑄚𑄬 𑄃𑄚𑄴𑄘𑄢𑄴𑄠𑄚𑄴 𑄥𑄧𑄢𑄨 𑄡 𑄙𑄧𑄢𑄴𑄣𑄧।,দিন দিন তারা পাহাের কাছ থেকে দূরে যা
𑄃𑄧𑄇𑄴𑄖𑄧 𑄃𑄧𑄇𑄴𑄖𑄧 𑄥𑄧𑄟𑄎𑄳𑄠 𑄟𑄨𑄣𑄨𑄚𑄬 𑄖𑄬𑄟𑄴𑄟𑄁 𑄉𑄧𑄢𑄧𑄚𑄴 - 𑄛𑄧𑄢 𑄇𑄧𑄝𑄣𑄳𑄠 𑄎𑄖𑄴𑄖𑄧𑄢𑄬 𑄇𑄬𑄚𑄬 𑄞𑄣𑄬𑄖𑄴 𑄉𑄧𑄢 𑄡𑄠𑄴।,অনেক অনেক মানুষ একসাথে মিশে যায় -পরা কথা বললে কেমনে ভালো করা যা
𑄇𑄬𑄚𑄬 𑄞𑄣𑄬𑄘𑄧 𑄇𑄟𑄴𑄠𑄚𑄴 𑄃𑄇𑄴𑄇𑄮𑄃𑄨 𑄚𑄬𑄎 𑄡𑄠𑄴 ।,কেন ভালো কাজগুলো আগে করে নো যা
𑄖𑄨𑄚𑄴 𑄟𑄏𑄧 𑄞𑄨𑄘𑄨𑄢𑄬 𑄖𑄢 𑄘𑄮𑄎𑄧𑄚𑄬 𑄥𑄢𑄬 𑄛 𑄃𑄇𑄴𑄇𑄮𑄃𑄨 𑄉𑄬𑄣𑄇𑄴।,তিন নদীর তীরে তারা দুইজনে একসাথে গেল
𑄃𑄨𑄇𑄴𑄇𑄪 𑄖𑄢 𑄘𑄮𑄎𑄧𑄚𑄬 𑄟𑄧𑄁𑄉 𑄟𑄧𑄁𑄉 𑄇𑄧𑄙 𑄇𑄧𑄚𑄴।,একজন মহিলা ও একজন পুরুষ কথা বলে।
𑄚𑄨𑄖𑄳𑄠𑄧 𑄖𑄢 𑄦𑄘𑄧𑄖𑄴 𑄝𑄧𑄃𑄨 𑄃 𑄝𑄧𑄃𑄨।,.নিচে তাদের হাতে বই আছে
𑄘𑄮𑄎𑄧𑄚𑄴 𑄦𑄧𑄣𑄇𑄴 𑄝𑄧𑄃𑄨 𑄛𑄧𑄢𑄚 𑄃𑄟𑄪𑄣𑄨।,দুইজন হলো বই পা আম
𑄝𑄮𑄓𑄧 𑄛𑄧𑄢𑄨𑄇𑄴𑄈𑄬 𑄢𑄬𑄎𑄣𑄴𑄑𑄴 𑄚𑄨𑄉𑄨𑄣𑄨𑄣𑄧।,ব পরীক্ষা রেজাল্ট নিে আসলো
𑄉𑄧𑄟𑄴 𑄢𑄬𑄎𑄣𑄴𑄑𑄴 𑄚𑄨𑄚𑄬 𑄛𑄥𑄴 𑄉𑄧𑄢𑄴𑄣𑄇𑄴।,ভালো রেজাল্ট নিে পা
𑄖𑄢 𑄛𑄥𑄴 𑄉𑄧𑄢𑄨𑄚𑄬 𑄝𑄬𑄇𑄴𑄪𑄚𑄬 𑄈𑄪𑄏𑄨।,.তারা পাখানা করে সবাই শুেছে
𑄢𑄋 𑄞𑄧𑄖𑄴𑄖𑄨 𑄦𑄧𑄣𑄧 𑄢𑄋𑄇𑄖𑄳𑄠𑄬 𑄃 𑄎𑄪𑄚𑄪 𑄞𑄧𑄖𑄴𑄖𑄨 𑄦𑄧𑄣𑄧 𑄌𑄘𑄨𑄉𑄁।,লাল ভল্লুক হলো হলুদ ভল্লুক হলো তরকারির জন্য
𑄘𑄨𑄎𑄧𑄚𑄬 𑄃𑄬𑄇𑄴𑄇 𑄜𑄢𑄧𑄇𑄴 𑄦𑄧𑄣𑄇𑄴 ।,দুইজনে একটু আলাদা হলো
𑄜𑄢𑄧𑄇𑄴 𑄦𑄧𑄣𑄬𑄠𑄯 𑄃𑄧𑄚𑄴𑄎𑄪𑄢𑄴 𑄖𑄢𑄢𑄴 𑄈𑄧𑄝𑄧𑄢𑄴 𑄘𑄬 𑄘𑄨।,আলাদা হলেও তাদের খবর দাও
𑄎𑄪𑄚𑄪 𑄌𑄘𑄨𑄉𑄋𑄧𑄖𑄴 𑄃𑄬𑄃𑄨𑄚𑄬 𑄝𑄟𑄴 𑄢𑄌𑄴𑄚𑄨𑄖𑄨 𑄥𑄧𑄟𑄢𑄬 𑄟𑄨𑄣𑄴𑄉𑄪𑄣𑄴 𑄦𑄧𑄣𑄧।,জুনিে চামা এসে রংধনুর সাথে মিশে গেল
𑄛𑄧𑄖𑄴𑄖𑄨 𑄥𑄛𑄴𑄖𑄠𑄴 𑄖𑄢𑄢𑄬 𑄇𑄬𑄣𑄌𑄴 𑄘𑄨𑄘𑄇𑄴।,পাহাের সাপটা তাদের কেলাশ দে
𑄟𑄚𑄴𑄎𑄳𑄠𑄧𑄢𑄴 𑄥𑄪𑄥𑄧𑄚𑄴 𑄥𑄧𑄢𑄚𑄴 𑄇𑄬𑄚𑄬 𑄦𑄧𑄠𑄴 𑄃𑄧𑄚𑄴𑄎𑄪𑄢𑄴 𑄖 𑄟𑄧𑄚𑄧𑄖𑄴 𑄝𑄢𑄨 𑄈𑄠𑄴।,নদীর পানি কেন এত ব হেছে তার মনে লাগে
"𑄥𑄟𑄧𑄚𑄴𑄖𑄧 𑄥𑄧𑄟𑄌𑄴, 𑄝𑄪𑄢𑄴𑄎𑄮𑄠 𑄥𑄧𑄟𑄌𑄴 - 𑄇𑄪𑄝𑄮𑄚𑄴 𑄇𑄬𑄎𑄚𑄴 𑄖𑄢𑄴 𑄉𑄪𑄖𑄳𑄠𑄖𑄴 𑄃𑄧𑄚𑄴𑄎𑄪𑄢𑄴 𑄜𑄪𑄘𑄨 𑄜𑄪𑄘𑄨 𑄘𑄨𑄉𑄯𑄣𑄴 𑄚𑄨𑄏𑄬𑄌𑄴 𑄃𑄚𑄨 𑄘𑄬।","সামন্ত বন্ধু,বুো বন্ধু -কুটির কেটে তার পেটে পানি নিে আসো"
𑄙𑄧𑄢𑄴𑄟𑄧𑄠𑄚𑄴 𑄇𑄨 𑄡𑄬 𑄝𑄨𑄌𑄴 𑄃𑄬𑄝𑄢𑄧𑄖𑄴 𑄉𑄧𑄟𑄬 𑄟𑄳𑄦𑄬𑄖𑄴 𑄛𑄬𑄣𑄧।,ধর্মটা কী যে দোষ পেল এবার
𑄃𑄧𑄇𑄴𑄖𑄧 𑄃𑄧𑄇𑄴𑄖𑄧 𑄞𑄝𑄬 - 𑄃𑄟 𑄃𑄬 𑄣𑄬𑄝 𑄥𑄧𑄟𑄌𑄴।,অনেক অনেক ভাবে -আমাদের এই লেলিেটা
𑄣𑄢𑄬𑄃𑄨 𑄡𑄢 𑄓𑄧𑄢𑄚𑄴 𑄖𑄢𑄢𑄴 𑄞𑄣𑄬𑄖𑄴 𑄇𑄬𑄚𑄬 𑄃𑄬𑄝𑄧 ।,সহজে যারা ভ পা তারা কিভাবে আসবে
"𑄃𑄧𑄏𑄢𑄴 𑄃𑄞𑄇𑄴 𑄞𑄪𑄃𑄨, 𑄃𑄬𑄚𑄬 𑄛𑄨𑄠𑄳𑄠𑄬 𑄛𑄳𑄢𑄧𑄇𑄴𑄇𑄳𑄢𑄨𑄖𑄨𑄢𑄴 𑄥𑄧𑄟𑄴𑄛𑄧𑄖𑄴 - 𑄟𑄚𑄴𑄎𑄳𑄠𑄧𑄢𑄬 𑄃𑄣𑄴𑄎𑄨 𑄉𑄧𑄢𑄨 𑄃𑄘𑄪𑄢𑄴 𑄝𑄚𑄬𑄠𑄬।","এত ব ভূমি, এত ব জমি - মাটিকে নরম করে আাআি করেছে"
"𑄟𑄮𑄚𑄧 𑄃𑄮𑄞𑄣𑄘𑄨 𑄇𑄨 𑄃𑄊𑄬 - 𑄥𑄨𑄠𑄚𑄴 𑄖𑄢 𑄇𑄧𑄚𑄧 𑄎𑄚𑄨𑄝𑄬𑄢𑄴 𑄚𑄧 𑄌𑄚𑄴, 𑄚𑄧 𑄎𑄚𑄧𑄚𑄴।",পাহাের পাশে কি আছে - সেটা তারা দেখতেছে না
𑄇𑄧𑄝𑄣𑄴𑄛𑄧𑄢 𑄎𑄖𑄴 𑄣𑄢𑄬𑄃𑄨 𑄉𑄧𑄢𑄨 𑄣𑄮𑄃𑄨 𑄚𑄧 𑄎𑄚𑄧𑄚𑄴।,কাঁকা জাতি সহজে যেতে পারে না
𑄛𑄨𑄠𑄳𑄠𑄬 𑄘𑄧𑄢𑄧𑄛𑄴𑄠𑄚𑄴 𑄉𑄧𑄟𑄬 𑄈𑄬𑄃𑄨 𑄚𑄧 𑄎𑄚𑄧𑄚𑄴।,পিারটা ভালোভাবে খেতে হ না
𑄎𑄪𑄚𑄪 𑄃𑄧𑄇𑄴𑄖𑄧 𑄃𑄧𑄇𑄴𑄖𑄧 𑄥𑄛𑄴𑄖𑄃𑄨𑄇𑄴 𑄇𑄬𑄣𑄎𑄧𑄖𑄴 𑄡𑄬𑄃𑄨𑄚𑄬 𑄥𑄨𑄚𑄨𑄠𑄧𑄢𑄴 𑄞𑄬𑄃𑄨𑄠𑄪𑄚𑄧𑄢𑄬 𑄚𑄚𑄠𑄚𑄴 𑄛𑄪𑄏𑄢𑄴 𑄉𑄧𑄢𑄬।,জুনিে অনেক গুলো সাপ তাাতাি বের হে আসে
𑄣𑄢𑄬𑄃𑄨 𑄍𑄢 𑄟𑄚𑄴𑄎𑄳𑄠𑄧𑄢𑄴 𑄥𑄧𑄢𑄚𑄴 𑄚𑄧 𑄦𑄧𑄠𑄴।,ধীরে ধীরে নদীর বন্যা হ না
𑄣𑄢𑄬𑄃𑄨 𑄉𑄧𑄖𑄴𑄖𑄧 𑄌𑄬𑄣𑄬 𑄎𑄧𑄙 𑄦𑄮𑄃𑄨 𑄛𑄧𑄢𑄬।,সহজে পাহাে যেতে হ
𑄎𑄪𑄚𑄪 𑄘𑄨𑄊𑄮𑄣𑄴 𑄚𑄨𑄏𑄬𑄌𑄴 𑄍𑄢𑄨 𑄍𑄢𑄨 𑄛𑄧𑄖𑄴𑄗𑄚𑄴 𑄖𑄮𑄉𑄠𑄴 ।,জোনাকির আলো ছািে পথটা পরিষ্কার করে
𑄟𑄧𑄚𑄬 𑄟𑄧𑄚𑄬 𑄞𑄝𑄬 𑄃𑄬 𑄛𑄮𑄢 𑄇𑄧𑄝𑄣𑄳𑄠𑄬 𑄎𑄘𑄧𑄢𑄴 𑄇𑄨 𑄥𑄧𑄢𑄚𑄴 𑄚𑄧 𑄦𑄧𑄝𑄧।,মনে হ এই পোা কথা কি রেহাই হবে না
𑄘𑄨𑄚𑄴 𑄡𑄠𑄴 𑄃 𑄃𑄬𑄎𑄬।,দিন যাওা যা
𑄎𑄪𑄚𑄪 𑄃𑄧𑄇𑄴𑄖𑄧 𑄃𑄧𑄇𑄴𑄖𑄧 𑄢𑄋𑄟𑄖𑄳𑄠𑄬 𑄃𑄬𑄃𑄨 𑄢𑄋𑄣𑄮𑄃𑄨 𑄖𑄬𑄟𑄴𑄟𑄁 𑄉𑄧𑄢𑄧𑄚𑄴।,জোনাকিরা অনেক বেশি লালমাাই করে
𑄎𑄧𑄙 𑄦𑄧𑄃𑄨 𑄇𑄬𑄚𑄬 𑄥𑄮𑄣𑄴 𑄉𑄧𑄢𑄬 𑄛𑄧𑄖𑄴𑄗𑄚𑄴 𑄖𑄮𑄉𑄬 𑄌𑄚𑄴।,জ হে কীভাবে পৃথিবীটাকে পরিষ্কার করে
𑄃𑄬 𑄞𑄨𑄘𑄨𑄢𑄬 𑄖𑄢 𑄥𑄧𑄟𑄢𑄬 𑄞𑄬𑄃𑄨𑄘𑄮 𑄜𑄉𑄧𑄖𑄴 𑄥𑄧𑄟𑄴𑄝𑄮𑄚𑄴।,এখানে তারা একসাথে বোই করতেছে
𑄃𑄧𑄚𑄴𑄎𑄪𑄢𑄴 𑄖𑄢𑄢𑄴 𑄥𑄪𑄣𑄴𑄣𑄪𑄇𑄴 𑄃 𑄖𑄬𑄟𑄴𑄟𑄁।,.অতিরিক্ত তাদের সুল্লুক আছে
𑄃𑄬𑄇𑄴𑄘𑄨𑄚𑄴 𑄡𑄠𑄴 𑄘𑄨 𑄘𑄨𑄚𑄴 𑄡𑄠𑄴।,এক দিন যাওা দুই দিন যাওা
𑄛𑄪𑄣𑄨𑄏𑄬 𑄃𑄬𑄇𑄴 𑄘𑄨𑄚𑄴 𑄢𑄋𑄢𑄬 𑄃𑄬𑄃𑄨 𑄝𑄚𑄨 𑄚𑄨𑄣𑄇𑄴।,পুলিশ এক দিন লালকে এই বেঁধে নিে গেল
𑄎𑄪𑄚𑄪𑄢𑄬 𑄖𑄮𑄉𑄬𑄃𑄨 𑄚𑄧 𑄛𑄬𑄣𑄇𑄴।,জোনাকির তাপে খুঁজেও পেলাম না
𑄇𑄧𑄣𑄬𑄎𑄧𑄖𑄴 𑄢𑄋𑄖𑄳𑄠𑄠𑄴 𑄥𑄮𑄣𑄴 𑄉𑄧𑄢𑄚 𑄥𑄧𑄞 𑄦𑄧𑄣𑄧।,.কলেজে লাল সোল করা সভা হলো।
𑄛𑄱𑄠𑄪𑄚𑄬 𑄎𑄮𑄉𑄢𑄴 𑄛𑄢𑄴𑄣𑄇𑄴।,বাচ্চারা জোা করতে পারে
𑄥𑄧𑄟𑄎𑄳𑄠𑄠𑄪𑄚𑄬 𑄘𑄨𑄚𑄧𑄘𑄧𑄇𑄴 𑄣𑄪𑄉𑄬 𑄣𑄪𑄉𑄬 𑄢𑄧𑄣𑄇𑄴।,সামাজিক মানুষরা সারাদিন লুকোচুরি খেলছে
𑄘𑄨 𑄃𑄬𑄇𑄴 𑄎𑄧𑄚𑄬 𑄟𑄧𑄚𑄴𑄟𑄧𑄢 𑄦𑄧𑄣𑄇𑄴।,দুইজনে পাগল হেছে
𑄃𑄬𑄇𑄴𑄘𑄊𑄨𑄢𑄴 𑄃𑄢𑄧 𑄘𑄨𑄣𑄴 𑄘𑄧𑄢𑄧 𑄦𑄧𑄣𑄧।,একদাি আর দিলের ভ হলো
𑄟𑄥𑄴 𑄈𑄚𑄬𑄇𑄴 𑄦𑄮𑄃𑄨𑄚𑄬 𑄢𑄋 𑄝𑄝𑄬 𑄃𑄢𑄴𑄉𑄘𑄖𑄴 𑄢𑄋𑄢𑄬 𑄈𑄧𑄝𑄧𑄢𑄴 𑄚𑄬𑄎 𑄃𑄬𑄣𑄧।,.মাছটা অনেক হে লাল বািতে খবর নেওা হলো
𑄢𑄋 𑄇𑄧𑄚𑄧 𑄟𑄧𑄚𑄧 𑄝𑄧𑄣𑄴 𑄦𑄢𑄠𑄴 𑄚𑄇𑄨 !,লাল কোন মনের শক্তি নেই নাকি!
𑄃𑄢𑄴𑄉𑄘𑄖𑄴 𑄢𑄋𑄢𑄬 𑄇𑄧𑄣𑄧 - 𑄛𑄪𑄖𑄴!,আরগাে লালকে কল -পুত
𑄌 𑄇𑄧𑄙 𑄇𑄧𑄣𑄬 𑄚𑄧 𑄥𑄪𑄚𑄧𑄌𑄴।,চা কথা বললে শুনো না
𑄃𑄨𑄇𑄴𑄇𑄪 𑄖𑄧𑄢𑄬 𑄇𑄧𑄚𑄴𑄚 𑄃𑄢𑄴 𑄌𑄢𑄴!,একজন তোমাকে কে আরও চার!
𑄢𑄋 𑄇𑄧𑄚𑄧 𑄎𑄮𑄛𑄴 𑄚𑄧 𑄘𑄨𑄣𑄧।,লাল কোন জোপ দিল না
"𑄝𑄚 𑄛𑄪𑄏𑄢𑄴 𑄣𑄧𑄣𑄧 - 𑄖𑄟𑄴𑄟, 𑄞𑄬𑄃𑄨 𑄃 𑄎𑄪𑄚𑄪𑄢𑄬।",শুধু পুি নিে গেল - তার মা
𑄖 𑄝𑄝𑄬 𑄇𑄧𑄣𑄧 - 𑄎𑄪𑄚𑄪 𑄇𑄨 𑄃𑄢𑄴 𑄖𑄧 𑄈𑄧𑄝𑄧𑄢𑄴 𑄣𑄧𑄢𑄴 𑄚?,তার বাবা-মা আরও কি তোমার খবর নাও?
𑄢𑄋 𑄇𑄧𑄣𑄧 - 𑄚𑄨𑄝𑄧।,লাল কল নিব
𑄃𑄧𑄇𑄴𑄖𑄧 𑄃𑄬𑄣𑄬 𑄎𑄨𑄎𑄳𑄠𑄬𑄇𑄴𑄉𑄧𑄢𑄨 𑄚𑄨𑄝𑄧।,.অতিরিক্ত আসা যাওা করবে
𑄢𑄋 𑄇𑄧𑄙 𑄥𑄪𑄚𑄨𑄚𑄬 𑄖 𑄝𑄝𑄧𑄖𑄴𑄪𑄚𑄴 𑄟𑄙𑄖𑄴 𑄙𑄧𑄢𑄨𑄣𑄧।,লাল কথা শুনে তার বাবা মাথা ধরলো
𑄢𑄉𑄬 𑄇𑄧𑄣𑄧 𑄡𑄬 𑄌𑄮𑄉𑄮𑄖𑄴 𑄃𑄪𑄖𑄴𑄖𑄮𑄌𑄴 𑄃𑄨𑄇𑄴𑄇𑄪 𑄘𑄧 𑄥𑄧𑄢𑄴𑄇𑄢𑄨 𑄌𑄉𑄪𑄢𑄨𑄠𑄮 𑄚𑄧 𑄛𑄬𑄝𑄬!,রাগে বলীে যে পেটে ভাত পতেছে সে তো তরকারির চামাও পাবে না
𑄢𑄋 𑄇𑄧𑄣𑄧 𑄟𑄧𑄢𑄴 𑄌𑄉𑄪𑄢𑄨𑄢𑄴 𑄉𑄧𑄢𑄧𑄌𑄴 𑄚𑄬𑄃𑄨 ।,লাল কল আমার চামা নেই
𑄖 𑄝𑄝𑄬 𑄇𑄧𑄣𑄧 𑄖𑄳𑄠𑄬 𑄇𑄨𑄖𑄳𑄠𑄃𑄨 𑄥𑄣𑄬 𑄣𑄬𑄊 𑄛𑄧𑄢𑄋𑄧𑄖𑄴𑄬!,তার বািতে কল দিতে পারতেছি না!
𑄢𑄋 𑄇𑄧𑄚𑄧 𑄇𑄧𑄙 𑄚𑄧 𑄇𑄧𑄣𑄧।,লাল কোন কথা বলে না
𑄖 𑄝𑄝𑄬 𑄟𑄧𑄚𑄬 𑄚𑄧 𑄇𑄪𑄠𑄬𑄉𑄧𑄢𑄨 𑄢𑄋𑄖𑄴𑄪𑄚𑄴 𑄜𑄢𑄧𑄇𑄴 𑄦𑄧𑄣𑄧।,তার বাবা মনে হ না কুালের লাল থেকে আলাদা হলো
𑄢𑄋 𑄖 𑄝𑄝𑄧𑄢𑄬 𑄌𑄬𑄃𑄨 𑄢𑄧𑄣𑄧।,লাল তার বাপকে দেখে র
𑄃𑄬𑄇𑄴 𑄟𑄌𑄴 𑄝𑄨𑄘𑄨 𑄉𑄬𑄣𑄬 𑄢𑄋 𑄥𑄧𑄢𑄚𑄴 𑄛𑄬𑄣𑄧 ।,এক মাছ বিে গেলে লাল স্রোত পেল
𑄢𑄋 𑄍𑄧𑄢𑄚𑄴 𑄛𑄚𑄢𑄴 𑄥𑄛𑄴𑄖 𑄖𑄨𑄚𑄬𑄇𑄴 𑄝𑄘𑄬 𑄎𑄪𑄚𑄪 𑄢𑄋𑄟𑄖𑄳𑄠𑄬 𑄃𑄬𑄃𑄨 𑄢𑄋𑄣𑄮𑄃𑄨 𑄘𑄬𑄊 𑄦𑄧𑄣𑄧।,লাল ছার সাপটা কিছুক্ষণ পর লাল হে দেখা দিল
𑄢𑄋 𑄃𑄬𑄇𑄴𑄇 𑄟𑄧𑄚𑄴 𑄟𑄧𑄢 𑄟𑄧𑄢𑄉𑄧𑄢𑄨 𑄎𑄪𑄚𑄪𑄣𑄮𑄃𑄨 𑄇𑄧𑄙 𑄇𑄧𑄣𑄧।,লাল একটি মরামরা মরা মহিলার সাথে কথা বলে
𑄎𑄪𑄚𑄪 𑄇𑄧𑄣𑄧 - 𑄃𑄬 𑄛𑄧𑄖𑄴𑄗𑄚𑄴 𑄘𑄧 𑄦𑄘𑄬𑄠𑄮𑄌𑄴 𑄖𑄪𑄃𑄨 ।,জোনাকির কল -এই পথটা তুমি হাত দিেছো
𑄖𑄪𑄃𑄨 𑄎𑄧𑄚𑄨 𑄥𑄬𑄎𑄚𑄴𑄉𑄧𑄢𑄨 𑄞𑄋𑄨 𑄛𑄧𑄢𑄧𑄌𑄴!,তোমরা সবাই সেজানগি ভেঙ্গে পা
𑄢𑄋 𑄛𑄧𑄣𑄳𑄠 𑄇𑄧𑄚𑄧 𑄎𑄮𑄛𑄴 𑄚𑄧 𑄘𑄨𑄣𑄧।,লাল পা কোনো জোপ দিল না
𑄖 𑄝𑄝𑄬 𑄡𑄬 𑄖𑄖𑄴𑄖𑄬𑄃𑄨 𑄘𑄪𑄇𑄴 𑄛𑄬𑄃𑄨 𑄛𑄬𑄃𑄨 𑄡𑄨𑄨𑄠𑄳𑄠𑄬𑄉𑄮𑄃𑄨 𑄖𑄢𑄴 𑄃𑄧𑄚𑄴𑄎𑄪𑄢𑄴 𑄥𑄨𑄠𑄚𑄴 𑄟𑄧𑄚𑄧𑄖𑄴 𑄃𑄪𑄙𑄧 𑄙𑄧𑄎𑄳𑄠 ।,তার বাবা যে তার জন্য দুঃখ পেেছে সে মনে পেছে
𑄎𑄪𑄚𑄪𑄢𑄬 𑄇𑄨 𑄇𑄧𑄝𑄧 𑄖𑄮𑄉𑄬𑄃𑄨 𑄚𑄧 𑄛𑄢𑄴।,শীতকালে কি কথা বলতে পারা যা না
𑄎𑄬𑄢𑄬 𑄎𑄪𑄚𑄪 𑄃𑄢𑄧 𑄇𑄧𑄣𑄧 - 𑄇𑄨 𑄦𑄪𑄠𑄳𑄠𑄬 𑄖𑄧𑄢𑄴 𑄇𑄧𑄚𑄧 𑄎𑄮𑄛𑄴 𑄚𑄧 𑄘𑄮𑄖𑄴𑄖𑄬।,ঝেে জুনু আর কল-কি হেছে তোমার কোনো যোগা নাই
𑄃𑄬𑄋𑄬𑄢𑄨 𑄎𑄧𑄚𑄨 𑄃𑄧𑄚𑄴𑄎𑄪𑄢𑄴 𑄝𑄚 𑄈𑄋𑄴।,একজন লোক শুধু খা
𑄣𑄬𑄊 𑄛𑄧𑄢𑄠𑄮 𑄚𑄧 𑄦𑄧𑄝𑄧 ।,লেখা পা যাবে না
𑄝𑄝𑄠𑄮 𑄖𑄬𑄋- 𑄛𑄧𑄠𑄴𑄎𑄳𑄠𑄬 𑄚𑄧 𑄘𑄨𑄝𑄧।,বাবাের টাকা-পয়সা দিবে না
𑄖𑄧𑄢𑄴 𑄝𑄚 𑄥𑄳𑄠𑄬 𑄌𑄨𑄙𑄬।,তোমার শুধু ছোট
𑄃𑄟𑄨 𑄃𑄨𑄘𑄪𑄇𑄴𑄪𑄚𑄴 𑄥𑄧𑄟𑄎𑄳𑄠 𑄇𑄨𑄖𑄳𑄠𑄬𑄃𑄨 𑄃𑄊𑄨 𑄘𑄬!,আমরা এখানে কেন থাকবো?
𑄢𑄋 𑄇𑄇𑄴𑄈𑄧𑄚𑄴 𑄚𑄧 𑄟𑄙𑄨 𑄢𑄧𑄣𑄧।,লাল কাঁকাটা মাা করল না
𑄎𑄬𑄢𑄬 𑄢𑄋 𑄇𑄧𑄣𑄧 - 𑄃𑄟𑄖𑄴𑄪𑄚𑄴 𑄃𑄢𑄧 𑄎𑄧𑄙 𑄦𑄮𑄃𑄨 𑄛𑄧𑄢𑄨𑄝𑄧।,ঝেে লাল কল- আমাদের থেকে আরো আলাদা হতে হবে
𑄃𑄬 𑄎𑄧𑄙𑄣𑄮𑄃𑄨 𑄇𑄧𑄚𑄧𑄇𑄴𑄈𑄚𑄴 𑄥𑄙𑄨 𑄚𑄧 𑄛𑄢𑄨𑄝𑄧𑄁।,এই সুযোগে কিছুই করতে পারবো না
𑄥𑄬𑄖𑄳𑄠𑄬 𑄘𑄧 𑄃𑄢𑄧 𑄇𑄟𑄴 𑄉𑄧𑄢 𑄛𑄧𑄢𑄨𑄝𑄧।,সে তো আরও কাজ করতে হবে
𑄢𑄋 𑄦𑄧𑄠𑄴 𑄘𑄧 𑄇𑄮𑄃𑄨𑄚𑄬 𑄘𑄨𑄎𑄧𑄚𑄬 𑄃𑄢𑄧 𑄞𑄣𑄧𑄇𑄴𑄈𑄧𑄚𑄴 𑄇𑄧𑄙 𑄇𑄧𑄣𑄇𑄴।,লাল হে দুইজনে আবার কথা বলতেছে
𑄥𑄧𑄟𑄎𑄳𑄠𑄠𑄪𑄚𑄴𑄘𑄮𑄃𑄨 𑄖𑄬𑄟𑄴𑄟𑄁 𑄉𑄧𑄢𑄴𑄣𑄇𑄴।,গ্রামবাসীই তেমাং করে
"𑄃𑄘𑄟𑄧𑄢𑄴 𑄟𑄪𑄢𑄧𑄟𑄪𑄢𑄨 , 𑄇𑄧𑄚 𑄥𑄬𑄢𑄬 𑄝𑄬𑄇𑄴 𑄟𑄚𑄪𑄌𑄴𑄥𑄪𑄚𑄧𑄢𑄬 𑄎𑄉𑄬𑄃𑄨 𑄖𑄪𑄣𑄧 𑄛𑄧𑄢𑄨𑄝𑄧 ।","গ্রামের লোকজন,কাঁকার মধ্যে সবাইকে জেগে তুলতে হবে"
𑄃𑄬 𑄇𑄟𑄴𑄠𑄚𑄴 𑄣𑄢𑄬 𑄣𑄢𑄬 𑄥𑄨𑄘𑄬𑄃𑄨𑄪 𑄘𑄳𑄠𑄬 𑄛𑄧𑄢𑄨𑄝𑄧।,এই কাজটা ধীরে ধীরে করতে হবে
𑄎𑄧𑄙 𑄝𑄘𑄬 𑄝𑄧𑄣𑄴 𑄚𑄧 𑄦𑄧𑄝𑄧।,জতা বাদে শক্তি হবে না
𑄎𑄧𑄙 𑄝𑄘𑄬 𑄛𑄧𑄗𑄴 𑄚𑄧 𑄟𑄨𑄣𑄨𑄝𑄧।,জোা বাদে পথ হবে না
𑄎𑄪𑄚𑄪𑄣𑄮𑄃𑄨 𑄜𑄢𑄧𑄇𑄴 𑄦𑄧𑄣𑄇𑄴।,জোনাকির আলো আঁধারি
𑄖𑄬𑄟𑄴𑄟𑄁 𑄦𑄧𑄣𑄧 - 𑄃𑄬𑄇𑄴 𑄟𑄏𑄧 𑄞𑄨𑄘𑄨𑄢𑄬 𑄃𑄬𑄇𑄴𑄇𑄚𑄴 𑄉𑄧𑄝𑄧𑄣 𑄍𑄢𑄨 𑄃𑄘𑄟𑄬 𑄃𑄘𑄟𑄬 𑄜𑄧𑄉𑄧𑄘𑄁 𑄉𑄧𑄢𑄨 𑄘𑄨𑄝𑄇𑄴।,তেমাং হলো - এক মাছের বেিতে একটা কথা বলে দো
𑄘𑄨𑄎𑄧𑄚𑄬 𑄦𑄖𑄴 𑄙𑄧𑄢𑄙𑄧𑄢𑄨𑄉𑄧𑄢𑄨 𑄜𑄢𑄧𑄇𑄴 𑄦𑄧𑄣𑄇𑄴।,দুইজনে হাত ধরে আলাদা হলো
"𑄃𑄬𑄇𑄴 𑄟𑄏𑄧 𑄞𑄨𑄘𑄨𑄢𑄬 𑄉𑄧𑄝𑄧𑄣 𑄚𑄨𑄉𑄨𑄣𑄨𑄣𑄧 - 𑄎𑄉𑄧 𑄞𑄬𑄃𑄨𑄣𑄧𑄇𑄴 𑄎𑄉𑄧, 𑄎𑄧𑄙 𑄦𑄧।",এক মাছের গর্তে গিে প্রবাদ নিে বললে- জাগা জাগা যাওা যা
𑄝𑄬𑄉𑄬 𑄟𑄨𑄣𑄨 𑄞𑄣𑄬𑄘𑄧 𑄇𑄟𑄴 𑄉𑄧𑄢𑄨।,দ্রুত মেে ভালো কাজ করে
"𑄎𑄧𑄙 𑄝𑄘𑄬 𑄞𑄣𑄬𑄖𑄴 𑄚𑄬𑄃𑄨 , 𑄝𑄚 𑄎𑄩𑄁𑄇𑄚𑄨 𑄞𑄧𑄌𑄴 𑄌𑄬𑄃𑄨 ....।","ভাগ্য বাদে ভালো নেই,শুধু জীবনটা ভালো দেখি"
𑄉𑄧𑄝𑄧𑄣𑄠𑄚𑄴 𑄛𑄬𑄃𑄨 𑄟𑄚𑄴𑄎𑄳𑄠𑄬 𑄟𑄙𑄬𑄣𑄇𑄴 ।,গালিটা পেে মেেকে দে
"𑄞𑄬𑄃𑄨𑄘𑄮 𑄝𑄃𑄨𑄚𑄨 𑄉𑄧𑄢𑄴𑄣𑄇𑄴 , 𑄞𑄬𑄃𑄨𑄘𑄮 𑄜𑄬𑄌𑄴 𑄉𑄧𑄢𑄴𑄣𑄇𑄴।","ভো খেলা, ভো খেলা"
𑄎𑄪𑄚𑄪𑄘𑄊𑄨 𑄃𑄬𑄋𑄬𑄢𑄨 𑄉𑄧𑄢𑄨 𑄃𑄧𑄚𑄴𑄎𑄪𑄢𑄴 𑄇𑄟𑄴 𑄃𑄢𑄚𑄴 𑄃 𑄉𑄧𑄢𑄨 𑄡𑄚𑄴।,জোনাকিরা একটু একটু করে কাজ করে যা
𑄟𑄚𑄴𑄎𑄳𑄠𑄬 𑄟𑄧𑄚𑄬 𑄟𑄧𑄚𑄬 𑄇𑄧𑄚𑄴 - 𑄛𑄱 𑄝𑄚𑄳𑄠𑄬 𑄟𑄚𑄪𑄌𑄴 𑄉𑄧𑄢𑄨𑄝𑄬𑄢𑄴 𑄟𑄧𑄚𑄬 𑄇𑄧𑄠𑄴 𑄉𑄧𑄖𑄴𑄖𑄧𑄚𑄴 𑄘𑄬 𑄃𑄃𑄨।,বাঙালিরা মনে মনে বলে-ছেলেরা গরিবদের মনে বলে
𑄇𑄧𑄟𑄧𑄬𑄣 𑄞𑄧𑄌𑄴 𑄡𑄚𑄴 𑄇𑄪𑄖𑄴𑄖𑄪𑄚𑄴 !,.কমলা ভে যাওা কোথা?
𑄎𑄪𑄚𑄪𑄘𑄊𑄨 𑄥𑄪𑄚𑄮𑄚𑄴 - 𑄟𑄧𑄚𑄬 𑄟𑄧𑄚𑄬 𑄢𑄇𑄴𑄠𑄮 𑄃𑄪𑄙𑄬 ।,জোনাকির আলো -মনে পে রে
𑄃𑄧𑄚𑄴𑄎𑄪𑄢𑄴 𑄥𑄧𑄟𑄎𑄳𑄠𑄠𑄪𑄚𑄬 𑄚 𑄚 𑄇𑄧𑄙 𑄖 𑄃𑄨𑄙𑄪 𑄖𑄪𑄣𑄧𑄛𑄢 𑄉𑄧𑄢𑄧𑄚𑄴।,অসুুস্থ মানুষরা না না বলে তার এখানে বকবক করে
𑄎𑄪𑄚𑄪 𑄇𑄧𑄠𑄴 𑄟𑄚𑄴𑄎𑄳𑄠 𑄘𑄧 𑄇𑄧𑄝𑄇𑄴।,জোনাকির কেকটা তো কেকটা
𑄥𑄨𑄠𑄚𑄴𑄘𑄮𑄃𑄨 𑄞𑄧𑄇𑄴𑄇𑄧𑄣𑄴 𑄚𑄧 𑄡𑄨𑄃𑄨𑄠𑄮।,.সেগুলো ভ পা না
𑄘𑄨𑄚𑄴 𑄡𑄠𑄴।,দিন যাওা
𑄖𑄢 𑄃𑄧𑄚𑄴𑄎𑄪𑄢𑄴 𑄃𑄪𑄙𑄮𑄖𑄴 𑄛𑄚𑄨 𑄚𑄬𑄃𑄨 𑄉𑄧𑄢𑄨 𑄇𑄟𑄴 𑄉𑄧𑄢𑄨 𑄡𑄚𑄴।,তারা সামনের দিকে পানি নাই করে কাজ করে
𑄃𑄘𑄟𑄬 𑄃𑄘𑄟𑄬 𑄖𑄢 𑄚𑄋𑄴 𑄍𑄨𑄘𑄨 𑄛𑄧𑄢𑄬।,গ্রামে গ্রামে তাদের নাচ করতে হ
𑄎𑄪𑄚𑄪𑄘𑄊𑄨 𑄌𑄮𑄊𑄮𑄖𑄴 𑄟𑄱𑄖𑄴 𑄚 𑄚 𑄥𑄧𑄝𑄧𑄚𑄴 𑄞𑄏𑄨 𑄃𑄪𑄙𑄬 ।,জোনাকির চোখ না না সব জ্বলা
𑄟𑄪𑄎𑄪𑄋𑄬 𑄛𑄧𑄗𑄴𑄗𑄚𑄴 𑄘𑄧𑄛𑄴𑄘𑄧𑄛𑄳𑄠 𑄣𑄉𑄬।,পাহাের পথটা শক্ত লাগে
"𑄢𑄮𑄉𑄧𑄚𑄨 𑄥𑄧𑄝𑄧𑄚𑄴𑄘𑄧𑄃𑄨 𑄖𑄢 𑄊𑄪𑄟𑄴 𑄡𑄚𑄴, 𑄊𑄪𑄟𑄧𑄖𑄴𑄪𑄚𑄴 𑄎𑄉𑄧𑄚𑄴।","অসুখের সম তারা ঘুমাতে যা,ঘুম থেকে উঠে"
𑄟𑄪𑄎𑄪𑄋𑄬 𑄝𑄌𑄴𑄌𑄬𑄃𑄨 𑄗𑄠𑄴 𑄘𑄨𑄊𑄮𑄣𑄴 𑄛𑄧𑄗𑄴 ।,পাহাে বোই থাকে দুই মাইল পথ
𑄎𑄪𑄚𑄪 𑄡𑄬𑄇𑄴𑄇𑄬 𑄃𑄃𑄨. 𑄃𑄬 . 𑄛𑄥𑄴 𑄉𑄧𑄢𑄴𑄣𑄧 𑄞𑄧𑄖𑄴𑄖𑄨 𑄦𑄧𑄣𑄧 𑄔𑄇𑄖𑄴।,জুনিেরা কিছুক্ষণ আগে পালিে গেল ঢাকা
𑄖 𑄘𑄬𑄊𑄘𑄬𑄊𑄨 𑄢𑄋𑄠𑄮 𑄦𑄧𑄣𑄧।,তার চেহারাটা লাল হলো
𑄞𑄧𑄖𑄴𑄖𑄨 𑄦𑄧𑄣𑄇𑄴 𑄃𑄢𑄧 𑄥𑄖𑄴 𑄃𑄖𑄴𑄖𑄳𑄠𑄧 𑄎𑄧𑄚𑄴।,ভ হলো আর সাত জন লোক
𑄝𑄬𑄇𑄴𑄪𑄚𑄬 𑄇𑄃𑄨𑄉𑄧𑄢𑄨 𑄃 𑄝𑄬𑄣𑄳𑄠 𑄦𑄧𑄣𑄬 𑄃𑄧𑄣𑄧𑄢𑄴 𑄎𑄉𑄖𑄴 𑄝𑄮𑄃𑄨𑄚𑄬 𑄖𑄬𑄟𑄴𑄟𑄁 𑄉𑄧𑄢𑄧𑄚𑄴।,সবাই কালো হলে অন্ধকার জাগা বসে আলোচনা করে
𑄘𑄨 𑄃𑄬𑄇𑄴𑄎𑄧𑄚𑄴 𑄖𑄢 𑄜𑄉𑄧𑄖𑄴 𑄚𑄧 𑄥𑄧𑄟𑄧𑄚𑄴।,দুইজনে একসাথে থাকতে পারেনা
"𑄖𑄢 𑄇𑄟𑄴 𑄦𑄧𑄣𑄧 - 𑄖𑄢𑄈𑄢 𑄦𑄧𑄚, 𑄙𑄪𑄇𑄴 𑄃𑄬𑄇𑄴𑄝𑄪𑄇𑄴 𑄑𑄚𑄚।","তাদের কাজ হলো - তারাখাা হওা, এক বুক টানা"
𑄃𑄬 𑄇𑄌𑄳𑄠𑄇𑄴𑄠𑄚𑄨𑄖𑄳𑄠 𑄎𑄪𑄚𑄪𑄘𑄊𑄨 𑄖𑄢𑄢𑄬 𑄛𑄎𑄢 𑄛𑄢𑄨 𑄌𑄧𑄣𑄧𑄚𑄴 ।,এই কাচটা দিে জোনাকিরা তাদের পূজা করে।
𑄃𑄬𑄢𑄴𑄥𑄘𑄧𑄢𑄴 𑄥𑄟𑄧𑄢𑄨𑄇𑄴 𑄥𑄥𑄧𑄚𑄧 𑄃𑄠𑄧𑄟𑄴 ।,এক জাতী সেনা ছাউনি আছে।
𑄉𑄧𑄕𑄧𑄖𑄧𑄚𑄴𑄖𑄧𑄢𑄧 𑄛𑄧𑄗𑄴𑄗𑄚𑄴 𑄃𑄪𑄎𑄪 𑄚𑄧 𑄃𑄬𑄣𑄧 ।,জনপথটা সোজা না হেছে
𑄎𑄪𑄚𑄪𑄘𑄊𑄨 𑄘𑄬𑄘𑄇𑄴 𑄖𑄢 𑄥𑄧𑄟𑄎𑄳𑄠𑄠𑄪𑄚𑄬 𑄇𑄨 𑄘𑄨𑄣𑄴𑄝𑄧𑄣।,জোনাকির মতো তাদের সমাজও কি দিল
"𑄛𑄪𑄣𑄨𑄥𑄴, 𑄃𑄢𑄴𑄟𑄨 𑄚𑄧 𑄓𑄧𑄢𑄬𑄃𑄨 𑄟𑄨𑄑𑄨𑄁 𑄉𑄧𑄢𑄧𑄚𑄴, 𑄥𑄧𑄞 𑄉𑄧𑄢𑄧𑄚𑄴।","পুলিশ, আর্মি না হুমকি দিে সভা করে"
"𑄃𑄧𑄇𑄴𑄖𑄧 𑄃𑄧𑄇𑄴𑄖𑄧 𑄛𑄪𑄣𑄨𑄏𑄧 𑄝𑄢𑄨 𑄈𑄬𑄃𑄨, 𑄈𑄪𑄣𑄴 𑄜𑄘 𑄈𑄬𑄃𑄨 𑄖𑄮 𑄚𑄧 𑄈𑄬𑄟𑄧𑄚𑄴।","অনেক অনেক পুলিে বারি খেে,খুলিে খেে তো খেে না"
𑄟𑄧𑄚𑄬 𑄟𑄧𑄚𑄬 𑄞𑄝𑄨𑄘𑄇𑄴 𑄃𑄟𑄖𑄴𑄪𑄚𑄴𑄠𑄮 𑄃𑄬𑄎𑄚𑄴 𑄘𑄨𑄣𑄴𑄝𑄧𑄣 𑄦𑄮𑄃𑄨 𑄛𑄧𑄢𑄨𑄝𑄧।,মনে হ আমাদের থেকে আলাদা হতে হবে
𑄎𑄧𑄙 𑄦𑄧𑄚 𑄝𑄘𑄬 𑄇𑄧𑄚𑄧 𑄛𑄧𑄗𑄴 𑄚𑄬𑄃𑄨 ।,জো হওা বাদে কোনো পথ নেই
𑄟𑄧𑄚𑄬 𑄟𑄧𑄚𑄬 𑄛𑄧𑄗𑄴 𑄖𑄮𑄉𑄬 𑄌𑄚𑄴।,মনে মনে পথ খুঁজতে চান
"𑄟𑄪𑄎𑄪𑄋𑄬 𑄢𑄨𑄚𑄨 𑄌𑄬𑄣𑄬 𑄝𑄚 𑄞𑄏𑄩 𑄃𑄪𑄙𑄬 𑄚 𑄚 𑄌𑄨𑄠𑄮𑄋𑄴𑄌𑄟, 𑄜𑄨𑄝𑄧𑄣 𑄇𑄧𑄙।","পাহাে তাকালে শুধু বাতাস উঠে না, উল্টো পাল্টা কথা"
"𑄃𑄧𑄇𑄴𑄖𑄧 𑄃𑄧𑄇𑄴𑄖𑄧 𑄥𑄟𑄴𑄝𑄖𑄴 𑄣𑄪𑄋𑄬 𑄃𑄟𑄪𑄇𑄴 𑄃𑄘𑄟𑄴 𑄝𑄨𑄣𑄬 𑄃𑄢𑄴𑄟𑄨𑄠𑄬 𑄛𑄪𑄢𑄨 𑄘𑄮𑄚𑄴, 𑄃𑄟𑄪𑄉𑄧𑄢𑄬 𑄝𑄨𑄣𑄬 𑄝𑄚𑄨 𑄚𑄮𑄚𑄴 𑄃𑄬𑄋𑄬𑄢𑄨 𑄃𑄬𑄋𑄬𑄢𑄨 𑄚 𑄚 𑄘𑄪 𑄥𑄧𑄟𑄴𑄝𑄖𑄴।","অনেক অনেক সমে লুকিে থাকা আমগুলো আর্মিরা পুে দে,আমগুলো বিে দিে এসেছে না না দুই সমে"
𑄎𑄪𑄚𑄪𑄢𑄴 𑄊𑄪𑄟𑄴 𑄚𑄧 𑄦𑄧𑄠𑄴।,জোনাকির আলো জ্বালানো হ না
𑄢𑄬𑄃𑄨𑄖𑄴𑄖𑄮𑄝𑄮 𑄌𑄨𑄙𑄬𑄃𑄨 𑄌𑄨𑄙𑄬𑄃𑄨 𑄉𑄧𑄋𑄨 𑄡𑄠𑄴 ।,রাতের বেলা তাাতাি করে যাও
𑄃𑄧𑄇𑄴𑄖𑄧 𑄃𑄧𑄇𑄴𑄖𑄧 𑄢𑄋𑄢𑄬 𑄇𑄧𑄠𑄴 - 𑄇𑄨 𑄞𑄬𑄃𑄨 𑄃𑄟 𑄟𑄧𑄚𑄧 𑄃𑄠𑄮𑄌𑄴𑄌𑄚𑄴 𑄇𑄨 𑄇𑄧𑄚𑄧 𑄘𑄨𑄚𑄴 𑄇𑄟𑄧𑄖𑄴 𑄣𑄉𑄬𑄃𑄨 𑄚 𑄛𑄢𑄨𑄝𑄧𑄁!,বেশি বেশি লালকে বলে - আমাদের মনটা কি কোনো দিন কাজে লাগবে না
𑄢𑄋 𑄇𑄧𑄠𑄴 - 𑄃𑄃𑄨𑄠𑄬 𑄚𑄧 𑄛𑄖𑄴𑄖𑄧𑄁।,লাল কেকটা আসতে পারি না
𑄎𑄪𑄚𑄪 𑄛𑄪𑄏𑄢𑄴 𑄉𑄧𑄢𑄬 - 𑄇𑄧𑄟𑄧𑄣𑄬?,. জুু পোকা করে - কবে?
𑄢𑄋 𑄇𑄧𑄙𑄧 - 𑄥𑄧𑄟𑄧𑄠𑄴 𑄃𑄬𑄎𑄮𑄇𑄴 ।,লাল কেক - সম এসেছে
𑄎𑄪𑄚𑄪 𑄝𑄪𑄉𑄮𑄖𑄴 𑄃𑄬𑄇𑄴 𑄝𑄳𑄦𑄧 𑄚𑄨𑄎𑄬𑄌𑄴 𑄎𑄧𑄟 𑄦𑄧𑄠𑄴।,জুু বুো এক ব মাছ জমা হ
𑄢𑄋𑄢𑄬 𑄛𑄪𑄏𑄢𑄴 𑄉𑄧𑄢𑄨 𑄎𑄚𑄴 𑄘𑄧 𑄌𑄠𑄴 - 𑄇𑄧𑄟𑄧𑄣𑄬 𑄃𑄬𑄝𑄧 𑄃𑄟 𑄥𑄬 𑄃𑄧𑄇𑄴𑄖𑄧।,লালকে সুন্দর করে যাওা যা - কবে আসবে আমাদের সেই কথা
𑄢𑄋 𑄇𑄧𑄙𑄧 𑄇𑄨𑄃𑄨𑄠𑄳𑄠𑄬 𑄜𑄮𑄢𑄝𑄱 𑄚𑄧 𑄛𑄉𑄨𑄣𑄬 𑄖𑄢𑄬 𑄘𑄧 𑄉𑄣𑄨 𑄚𑄧 𑄛𑄢𑄬।,লাল কেকটা ফোঁাটা না পেলে তাকে গালি দিতে পারে না
𑄜𑄮𑄢𑄝𑄱 𑄉𑄣𑄨𑄝𑄢𑄴 𑄥𑄧𑄟𑄧𑄠𑄴 𑄃𑄉𑄬 𑄃𑄬𑄎𑄮𑄇𑄴 ।,ফোঁাটা কাটার সম আছে
𑄎𑄪𑄚𑄪 𑄟𑄧𑄚𑄧𑄖𑄴 𑄖𑄱 𑄝𑄪𑄌𑄴 𑄚𑄧 𑄃𑄬𑄎𑄬 ।,জুনু মনে তো তোমার বুচি আসে না
𑄖𑄬 𑄚𑄚𑄠𑄚𑄴 𑄛𑄪𑄏𑄢𑄴 𑄢𑄋𑄢𑄬 𑄟𑄬𑄣 𑄘𑄨 𑄎𑄚𑄴𑄘𑄧 𑄌𑄠𑄴।,সে নাাচাা লালকে মেলা দিে যা
𑄢𑄋 𑄎𑄮𑄛𑄴 𑄎𑄪𑄚𑄪 𑄟𑄧𑄚𑄧 𑄖𑄨𑄢𑄌𑄴 𑄟𑄨𑄙𑄬 𑄘𑄨 𑄚𑄧 𑄛𑄢𑄬।,লাল জ্যাকেটের জুনিে মনে টিক টিক দিতে পারে না
𑄢𑄋 𑄃𑄧𑄇𑄴𑄖𑄧 𑄃𑄧𑄇𑄴𑄖𑄧 𑄉𑄧𑄋𑄴 𑄘𑄬𑄊𑄬𑄃𑄨 𑄇𑄧𑄙𑄧 - 𑄇𑄟𑄴 𑄉𑄧𑄢𑄴 𑄚 !,লাল অক্ত অক্ত করে কথা বলে - কাজ করো নাকি
𑄎𑄪𑄪𑄚𑄪 𑄚𑄧 𑄟𑄙𑄨 𑄗𑄬𑄘𑄧।,জুোটা চুপ করে থাকে
𑄟𑄧𑄚𑄬 𑄟𑄧𑄚𑄬 𑄇𑄧𑄙𑄧 - 𑄇𑄟𑄴 𑄃𑄬𑄘𑄧𑄇𑄴 𑄉𑄧𑄢𑄴𑄣𑄧𑄁 𑄇𑄧𑄚𑄧 𑄃𑄝𑄨𑄣𑄬𑄘𑄧𑄖𑄴 𑄚𑄧 𑄃𑄬𑄣𑄧𑄁 ।,মনে মনে বলল- কাজ এত করতেছি কোনো সমে আসলাম না
𑄎𑄬𑄢𑄬 𑄃𑄢𑄧 𑄇𑄧𑄙𑄧 - 𑄚 𑄇𑄟𑄴 𑄃𑄟𑄖𑄴𑄪𑄚𑄴 𑄉𑄧𑄢𑄨 𑄡 𑄛𑄧𑄢𑄨𑄝𑄧।,সে আরও বলে-না কাজ আমাদের থেকে করে যেতে হবে
𑄔𑄇𑄖𑄴 𑄃𑄬 𑄞𑄨𑄘𑄨𑄢𑄬 𑄖𑄢 𑄥𑄧𑄟𑄢𑄬 𑄟𑄨𑄣𑄨𑄣𑄧 𑄟𑄧𑄋𑄴 ।,ঢাকা এই মাঠে তারা একসাথে মিশে গেল
𑄖𑄬𑄃𑄨 𑄠𑄮 𑄃𑄬𑄇𑄴𑄇𑄧𑄎𑄚𑄴 𑄖𑄢 𑄥𑄧𑄟𑄢𑄬 𑄇𑄧𑄙 𑄟𑄬𑄣𑄚 𑄜𑄉𑄧𑄖𑄴 𑄥𑄧𑄟𑄨𑄘𑄧।,সে-ও একটা দলের সাথে কথা বলতেছে
𑄖 𑄘𑄨𑄣𑄴𑄠𑄚𑄴 𑄘𑄬𑄃𑄨𑄚𑄬 𑄃𑄧𑄇𑄴𑄖𑄧 𑄃𑄧𑄇𑄴𑄖𑄧 𑄎𑄪𑄚𑄪𑄢𑄴 𑄘𑄨𑄣𑄴 𑄝𑄢𑄨 𑄡𑄬𑄘𑄧।,তার দিলটা দিে অনেক অনেক ঝাু দো যা
𑄟𑄧𑄋𑄬 𑄃𑄧𑄇𑄴𑄖𑄧 𑄃𑄧𑄇𑄴𑄖𑄧 𑄇𑄧𑄙𑄧 - 𑄖𑄪𑄟𑄨 𑄎𑄧𑄚𑄩 𑄟𑄧𑄢 𑄟𑄧𑄢 𑄦𑄧 𑄥𑄣𑄬 𑄃𑄟𑄨 𑄇𑄨 𑄉𑄧𑄢𑄨𑄝𑄧𑄁।,আমার সাথে অনেক কথা বলে -তোমরা জন মরা মরা হেছে বলে আমরা কি গরিব
𑄟𑄧𑄋𑄧 𑄇𑄧𑄙𑄚𑄩 𑄥𑄪𑄚𑄩𑄚𑄬 𑄢𑄋 𑄎𑄪𑄚𑄪𑄢𑄬 𑄇𑄧𑄙𑄧 - 𑄘𑄬𑄊𑄧𑄌𑄴!,মলা কথা শুনে লাল জুনার কথা বলে।
𑄖𑄧𑄢𑄬 𑄟𑄧𑄢𑄬 𑄝𑄚 𑄖𑄬 𑄌𑄬𑄃𑄨 𑄚𑄧 𑄃𑄊𑄬 ।,তোমাকে আমাকে শুধু সে দেখে না
"𑄉𑄧𑄙 𑄥𑄧𑄟𑄌𑄴, 𑄉𑄧𑄙 𑄎𑄖𑄴 𑄡𑄬𑄚𑄬 𑄢𑄨𑄚𑄨 𑄌𑄬𑄃𑄩 𑄃𑄊𑄬।","ভাগ্য ভালো, ভাগ্য ভালো যেন তাাতাি আছে"
𑄢𑄋 𑄇𑄧𑄙 𑄥𑄪𑄚𑄨𑄚𑄬 𑄎𑄪𑄚𑄪 𑄇𑄧𑄙𑄧 - 𑄦𑄪𑄠𑄬 !,লাল কথা শুনে জুনু কথা বলে - হেছে
𑄃𑄟𑄨 𑄚𑄧 𑄉𑄧𑄢𑄴𑄣𑄬 𑄇𑄧𑄚𑄴𑄚 𑄃𑄢𑄴 𑄃𑄪𑄎𑄬𑄃𑄨 𑄃𑄬𑄝𑄧।,আমরা না করলে কে আর উঠে আসবে
𑄖𑄢 𑄇𑄧𑄙 𑄥𑄪𑄚𑄨 𑄟𑄧𑄋𑄬 𑄃𑄪𑄌𑄴𑄌𑄮 𑄦𑄧𑄘𑄧।,তাদের কথা শুনে মনটা ভালো হ
"𑄃𑄬𑄇𑄴 𑄘𑄨𑄚𑄴 𑄡𑄠𑄴, 𑄘𑄨 𑄘𑄨𑄚𑄴 𑄡𑄠𑄴।","এক দিন যা,দুই দিন যা"
"𑄢𑄋, 𑄎𑄪𑄚𑄪 𑄃 𑄟𑄧𑄋𑄧𑄢𑄴 𑄃𑄢𑄧 𑄇𑄟𑄴 𑄝𑄢𑄬।","লাল, জুনিে আর কাজ বাকি আছে"
𑄖𑄢 𑄇𑄟𑄴 𑄃𑄧𑄚𑄴𑄎𑄪𑄢𑄴 𑄡𑄬𑄚𑄬 𑄚𑄧 𑄜𑄪𑄢𑄧𑄠𑄴।,তাদের কাজ শেষ হ না
"𑄃𑄬𑄇𑄴 𑄝𑄧𑄏𑄧𑄢𑄴 𑄡𑄠𑄴, 𑄘𑄨 𑄝𑄧𑄏𑄧𑄢𑄴 𑄡𑄠𑄴 ।","এক বছর যাওা,দুই বছর যাওা"
"𑄃𑄧𑄇𑄴𑄖𑄧 𑄃𑄧𑄇𑄴𑄖𑄧 𑄖 𑄞𑄬𑄃𑄨𑄝𑄮𑄖𑄴𑄪𑄚𑄴 𑄥𑄟𑄴𑄝𑄘𑄴 𑄃𑄬𑄎𑄬 - 𑄖𑄪𑄃𑄨 𑄝𑄨𑄣𑄬 𑄇𑄨 𑄣𑄬𑄊𑄛𑄧𑄢𑄖𑄴 𑄦𑄨𑄝𑄨𑄎𑄨𑄝𑄨, 𑄈𑄪𑄠𑄮𑄚𑄨 𑄉𑄧𑄢𑄧𑄌𑄴 !",অনেক বেশি তার ভাই থেকে সাহায্য আসে - তুমি বিেতে কি লেখাপা করো!
𑄣𑄬𑄊𑄛𑄧𑄢𑄠𑄚𑄴 𑄉𑄧𑄟𑄬 𑄉𑄧𑄢𑄴।,লেখা গুলো ভালো করে লিখো
𑄘𑄮𑄣𑄬 𑄃𑄉𑄬 𑄟𑄚𑄪𑄌𑄴 𑄦𑄧।,ভালো করে মানুষ হওা
𑄖𑄬 𑄝𑄢 𑄇𑄟𑄴 ...... 𑄃𑄬𑄋𑄬𑄢𑄨 𑄃𑄬𑄋𑄬𑄢𑄨 𑄃𑄢𑄧 𑄞𑄣𑄧𑄇𑄴𑄇𑄚𑄨।,"সে শুধু কাজ করে,একটু একটু করে"
𑄎𑄪𑄚𑄪 𑄟𑄧𑄚𑄬 𑄟𑄧𑄚𑄬 𑄟𑄪𑄢𑄮𑄖𑄴𑄛𑄧𑄢𑄨 𑄌𑄠𑄴 𑄚!,জুনু মনে মনে পাহাের দিকে তাকিে আছে নাকি
𑄣𑄬𑄊 𑄛𑄧𑄢𑄠𑄚𑄴 𑄘𑄧 𑄡𑄬 𑄥𑄬𑄢𑄴 𑄚𑄧 𑄛𑄧𑄢𑄬𑄢𑄴।,লেখা পা তো আর পতেছে না
𑄃𑄧𑄇𑄴𑄖𑄧 𑄃𑄧𑄇𑄴𑄖𑄧 𑄎𑄪𑄚𑄪 𑄃𑄢𑄧 𑄞𑄝𑄬 - 𑄃𑄬𑄇𑄴 𑄝𑄝𑄧𑄢𑄴 𑄛𑄱।,অনেক অনেক জুনিে আবার ভাবে - এক ব ছেলে
𑄘𑄨𑄎𑄧𑄚𑄧𑄢𑄴 𑄘𑄨 𑄘𑄧𑄇𑄳𑄠 𑄌𑄨𑄙𑄬𑄌𑄧𑄌𑄴𑄎।,দুই জনের দুই জন ছানা
𑄟𑄪𑄃𑄨 𑄡𑄨𑄠𑄚𑄨 𑄞𑄝𑄧𑄁 - 𑄘 𑄘 𑄥𑄨𑄠𑄚𑄨 𑄚𑄧 𑄞𑄝𑄬।,আমি যেগুলো ভাবি-দাবা সেগুলো ভাবি না
"𑄘𑄨𑄎𑄧𑄚𑄧𑄢𑄴 𑄟𑄧𑄚𑄴, 𑄌𑄨𑄙𑄬 𑄜𑄢𑄧𑄇𑄴𑄇𑄚𑄴 𑄡𑄬𑄚𑄬 𑄞𑄣𑄧𑄇𑄴 𑄘𑄪𑄢𑄴।","দুই জনের মন,ছোটগুলো যেন অনেক দূর"
𑄎𑄪𑄚𑄪 𑄃𑄢𑄧 𑄞𑄝𑄨𑄘𑄧 - 𑄖 𑄘 𑄎𑄧𑄚𑄨 𑄌𑄉𑄪𑄢𑄨 𑄣𑄧𑄠𑄴।,জুনু আর ভাবি - তার ভাই চামা নিে নাও
𑄃𑄘𑄟𑄧𑄢𑄴 𑄊𑄧𑄢𑄴 𑄉𑄨𑄢𑄨𑄖𑄴𑄖𑄨 𑄇𑄧𑄚𑄴𑄚 𑄌𑄬𑄝𑄧।,গ্রামের বািটা কে দেখবেন
𑄎𑄬𑄢𑄬 𑄦𑄪𑄌𑄴 𑄦𑄧𑄘𑄧 𑄚 𑄥𑄨𑄠𑄬𑄚𑄴 𑄞𑄝𑄨𑄝𑄢𑄴 𑄃𑄬𑄝𑄧 𑄃𑄧𑄇𑄴𑄖𑄧 𑄃𑄊𑄬।,.অন্যের দোষ হনা সেটা মনে হ
𑄃𑄬𑄇𑄴 𑄘𑄨𑄚𑄴 𑄊𑄧𑄢𑄧𑄖𑄴𑄪𑄚𑄴 𑄥𑄟𑄴𑄝𑄖𑄴 𑄃𑄬𑄣𑄧 𑄃𑄧𑄚𑄪𑄣𑄮𑄃𑄨 𑄚𑄧𑄚𑄝𑄨𑄢𑄴 𑄟𑄬𑄣।,এক দিন বাি থেকে নাচতে নাচতে নর্তকীরা আসছে
𑄎𑄪𑄚𑄪 𑄡𑄬𑄚𑄬 𑄡𑄘𑄨𑄟𑄘𑄨 𑄊𑄧𑄢𑄧𑄖𑄴 𑄡𑄠𑄴।,জুনিে শুধু বািে যা
𑄥𑄟𑄴𑄝𑄖𑄴𑄖𑄚𑄴 𑄛𑄬𑄃𑄨𑄚𑄬 𑄎𑄪𑄚𑄪 𑄡𑄧𑄘𑄧𑄛𑄧𑄘𑄬 𑄘𑄨𑄎𑄬𑄖𑄴 𑄛𑄧𑄢𑄴𑄣𑄧।,.সাবানের ব্যাথা জুে জুে পলো
𑄇𑄨 𑄉𑄧𑄢 𑄡𑄠𑄴 𑄥𑄳𑄠𑄬!,কি করা যা!
𑄞𑄬𑄃𑄨𑄘𑄮 𑄞𑄝𑄨𑄚𑄬 𑄇𑄧𑄚𑄧 𑄢𑄳𑄦 𑄖𑄮𑄉𑄬 𑄚𑄧 𑄛𑄬𑄣𑄧।,ভোটা চিন্তা করে কোনো কূল হলো না
𑄎𑄬𑄢𑄬 𑄟𑄧𑄚𑄬 𑄉𑄧𑄢𑄴𑄣𑄧 - 𑄟𑄬𑄣𑄖𑄴 𑄚𑄧 𑄉𑄬𑄣𑄬 𑄇𑄧𑄙𑄖𑄴 𑄖𑄧𑄣𑄬 𑄉𑄧𑄢𑄨 𑄗 𑄛𑄧𑄢𑄨𑄝𑄧।,.অন্যরা মনে করে -মেলা না গেলে কথা নিচু করে থাকতে হবে
𑄟𑄧𑄚𑄴𑄎𑄪𑄇𑄴 𑄉𑄧𑄢𑄴𑄣𑄧 - 𑄟𑄬𑄣𑄖𑄴 𑄡𑄬𑄃𑄨𑄚𑄬 𑄏𑄘𑄨𑄟𑄘𑄨 𑄜𑄨𑄢𑄨 𑄃𑄬𑄝𑄧𑄉𑄮𑄃𑄨।,মনের মিল হওা -মেলা যখন তখন ফিরে আসবে
𑄥𑄧𑄟𑄎𑄳𑄠𑄠𑄪𑄚𑄧𑄢𑄬 𑄇𑄮𑄃𑄨 𑄌𑄬𑄣𑄧 𑄇𑄨𑄠𑄧𑄃𑄨 𑄥𑄋𑄬𑄖𑄴 𑄚𑄧 𑄦𑄧𑄚𑄴।,সামাজিক মানুষদের বললে কেউই সম্মত হ না
𑄡𑄬 𑄘𑄨𑄚𑄴 𑄇𑄣𑄴 𑄟𑄬𑄣 𑄦𑄪𑄌𑄴𑄱 𑄉𑄧𑄢𑄨𑄝𑄢𑄴 𑄇𑄧𑄚𑄧 𑄎𑄪 𑄚𑄬𑄃𑄨 ।,যে দিন কালো হেছে গরীবের কোনো জো নেই
𑄟𑄬𑄣 𑄘𑄨 𑄘𑄨𑄚𑄴 𑄃𑄉𑄬 𑄊𑄧𑄢𑄴 𑄟𑄧𑄇𑄳𑄠𑄬 𑄣𑄧𑄢𑄴 𑄘𑄨𑄣𑄧।,মেলা দুই দিন আগে বািটা মাা দিল
"𑄟𑄧𑄚𑄴𑄎𑄪𑄇𑄴 𑄉𑄧𑄢𑄴𑄣𑄧 - 𑄌𑄘𑄨𑄉𑄋𑄧𑄖𑄴 𑄃𑄬𑄃𑄨𑄚𑄬 𑄗𑄇𑄴, 𑄌𑄬𑄃𑄨 𑄊𑄧𑄢𑄴𑄟𑄧𑄇𑄳𑄠𑄬 𑄣𑄧𑄢𑄴 𑄘𑄨𑄝𑄧।","মনের মতো-চামা দিে থাক, দেখে বািটা নাও"
𑄘𑄨𑄚𑄴 𑄇𑄣𑄧𑄢𑄴 𑄃𑄝𑄬𑄣𑄬𑄖𑄴 𑄖𑄳𑄠𑄬𑄚𑄴 𑄉𑄧𑄟𑄴 𑄚𑄧𑄠𑄴 ।,দিন রাতের বেলা তাাতাি তাস খেলা ভালো না
𑄃𑄧𑄚𑄴𑄎𑄪𑄢𑄴 𑄉𑄪𑄚𑄪𑄉𑄚 𑄥𑄪𑄚 𑄡𑄠𑄴।,.অন্যের দোষ শোনা যা
𑄟𑄧𑄚𑄬 𑄚𑄧 𑄇𑄪𑄃𑄨𑄠𑄳𑄠𑄉𑄧𑄢𑄨 𑄌𑄘𑄨𑄉𑄋𑄧 𑄟𑄧𑄇𑄳𑄠𑄬 𑄣𑄧𑄢𑄴 𑄘𑄨 𑄝𑄬𑄣𑄳𑄠 𑄝𑄬𑄣𑄳𑄠 𑄣𑄪𑄋𑄨𑄣𑄧।,মনে হ না কুাগলির চামা দিে মানুষরা দৌাদৌি করছে
𑄌𑄘𑄨𑄉𑄋𑄧 𑄥𑄧𑄢𑄧𑄖𑄴 𑄛𑄌𑄴 𑄍𑄧 𑄎𑄧𑄚𑄴 𑄌𑄨𑄚𑄬 𑄥𑄧𑄟𑄎𑄳𑄠 𑄣𑄉𑄧𑄖𑄴 𑄛𑄬𑄃𑄨 𑄖𑄢 𑄥𑄧𑄟𑄢𑄬 𑄦𑄧𑄣𑄧𑄖𑄴 𑄉𑄬𑄣𑄧।,চাদিগাের পাশে পাঁচ জন চিনে সমে মিশে গেল
𑄎𑄪𑄚𑄪𑄢𑄬 𑄣𑄇𑄴 𑄛𑄬𑄃𑄨 𑄖𑄢 𑄡𑄧𑄘𑄧𑄛𑄧𑄘𑄬 𑄃𑄪𑄌𑄴𑄌𑄮 𑄦𑄧𑄣𑄇𑄴।,. জুে লাফিে তারা যখন উপরে উঠলো
𑄖𑄢 𑄇𑄧𑄣𑄇𑄴 𑄥𑄬 𑄟𑄧𑄇𑄳𑄠𑄬 𑄉𑄢𑄨𑄊𑄧𑄢 𑄚𑄧 𑄌𑄧𑄣𑄬𑄢𑄴।,.তারা কলা সে মেেরা চলে না
𑄝𑄧𑄚𑄴 𑄦𑄮𑄃𑄨 𑄃𑄊𑄬।,বন্ধ হে আছে
𑄘𑄨 𑄃𑄬𑄇𑄴 𑄘𑄨𑄚𑄴 𑄦𑄧𑄣𑄧 𑄥𑄨𑄠𑄚𑄴।,দুই এক দিন হলো সেটা
𑄇𑄧𑄟𑄧𑄣𑄬 𑄈𑄪𑄣𑄧 𑄦𑄧𑄠𑄴 𑄇𑄪𑄠 𑄚𑄧 𑄡𑄠𑄴।,কখন বন্ধ হ জানা যা না
𑄡𑄬 𑄘𑄨𑄚𑄴𑄇𑄣𑄴 𑄖𑄪𑄃𑄨 𑄚𑄧 𑄡𑄬𑄃𑄨𑄌𑄴 !,যে দিনকাল তুমি যাও না
𑄎𑄪𑄚𑄪 𑄟𑄧𑄚𑄴𑄠𑄮 𑄃𑄬𑄇𑄴𑄇 𑄟𑄧𑄢 𑄟𑄧𑄢 𑄦𑄧𑄣𑄧।,জোনাকির মনটাও একটু মরা মরা হলো
𑄘𑄨 𑄃𑄬𑄇𑄴𑄘𑄨𑄚𑄴 𑄗𑄬𑄃𑄨 𑄔𑄇𑄖𑄴 𑄜𑄨𑄢𑄨 𑄃𑄬𑄣𑄧 ।,দুই একদিন দািে ঢাকা ফিরে আসলো
𑄖 𑄥𑄧𑄟𑄎𑄳𑄠𑄠𑄪𑄚𑄬 𑄖𑄢𑄬 𑄡𑄘𑄨𑄡𑄘𑄨 𑄜𑄨𑄢𑄨 𑄃𑄬𑄖𑄴𑄖𑄬 𑄘𑄬𑄃𑄨𑄚𑄬 𑄃𑄬𑄇𑄴𑄇 𑄦𑄟𑄧𑄇𑄴 𑄦𑄧𑄣𑄇𑄴।,তার বন্ধুবান্ধবরা তাকে খুঁজতে খুঁজতে ক্লান্ত হেছে
𑄎𑄬𑄢𑄬 𑄝𑄬𑄇𑄴𑄇𑄚𑄨 𑄎𑄪𑄚𑄪𑄖𑄴𑄪𑄚𑄴 𑄥𑄪𑄚𑄨𑄚𑄬 𑄟𑄳𑄦𑄬𑄖𑄴 𑄜𑄬𑄣𑄇𑄴।,.তার ফলে সব পোকামাকগুলো মারা যা
𑄃𑄨𑄚𑄴𑄘𑄨 𑄟𑄬𑄣𑄖𑄴 𑄚𑄧 𑄡𑄬𑄃𑄨𑄚𑄬 𑄃𑄧𑄚𑄪 𑄎𑄪𑄚𑄪𑄢𑄬 𑄢𑄇𑄴 𑄦𑄮𑄃𑄨 𑄢𑄧𑄣𑄧।,"এখানে মেলা না যাওা যা না,শুধু জোনাকির আলো হলো"
𑄟𑄧𑄢 𑄜𑄬𑄘𑄬𑄢𑄉𑄧𑄢𑄨 𑄘𑄨 𑄞𑄬𑄃𑄨 𑄃𑄊𑄨।,.মরা পোকা দুইটা ভেসে আছে।
𑄖𑄬 𑄇𑄬𑄚𑄬 𑄚𑄧 𑄃𑄬𑄃𑄨 𑄛𑄢𑄴𑄣𑄧 𑄃𑄨𑄠𑄚𑄨 𑄞𑄝𑄨 𑄞𑄝𑄨 𑄃𑄧𑄚𑄪 𑄢𑄇𑄴𑄇𑄚𑄴 𑄃𑄢𑄧 𑄃𑄬𑄇𑄴𑄇 𑄝𑄧𑄣𑄨 𑄦𑄧𑄣𑄧।,সে কেন এই পার্ল এগুলো চিন্তা করে না আর একটু বলি হলো
𑄖 𑄟-𑄝𑄝𑄬 𑄃𑄧𑄚𑄪𑄢𑄬 𑄝𑄪𑄏𑄬𑄣𑄇𑄴।,তার মা-বাবা তাকে বুঝালো
𑄃𑄧𑄚𑄪 𑄚𑄧 𑄝𑄪𑄏𑄨𑄣𑄧।,অনুন বুঝল না
𑄃𑄧𑄚𑄪 𑄇𑄧𑄣𑄧 - 𑄃𑄇𑄴𑄇𑄧𑄣𑄴 𑄚𑄬𑄃𑄨 ।,অন কল - আক্কেল নাই
𑄃𑄨𑄚𑄴𑄎𑄬𑄝𑄴 𑄚𑄬𑄃𑄨।,অব্য পদ
𑄃𑄬𑄋𑄬𑄢𑄨 𑄃𑄬𑄋𑄬𑄢𑄨 𑄞𑄧𑄎𑄚𑄴 𑄞𑄧𑄎𑄚𑄴 𑄇𑄧𑄙 𑄇𑄧𑄃𑄨 𑄃𑄩𑄣𑄴 𑄟𑄢𑄬𑄣𑄧।,একটু একটু করে কথা বলে দিল
𑄎𑄪𑄚𑄪 𑄘𑄨𑄚𑄴𑄘𑄧𑄇𑄴 𑄉𑄬𑄣𑄬 𑄌𑄨𑄘𑄨 𑄣𑄨𑄊𑄨 𑄎𑄚𑄬𑄣𑄧।,জুনু দুপা ফাঁক করে লুকিে আছে
𑄖 𑄝𑄛𑄴 𑄟 𑄇𑄧𑄣𑄇𑄴 𑄦𑄧𑄠𑄴 𑄘𑄧।,তার বাবা মা কালো হেছে
"𑄖𑄢𑄴 𑄟𑄪𑄎𑄪𑄋𑄬 𑄛𑄧𑄢𑄨𑄇𑄴𑄈𑄬, 𑄃𑄨𑄚𑄴𑄘𑄨 𑄉𑄢𑄨𑄊𑄧𑄢 𑄝𑄧𑄚𑄴 𑄇𑄬𑄚𑄬 𑄃𑄬𑄝𑄧 ।","তার সামনে পে,এই গািটা কিভাবে আসবে"
𑄃𑄧𑄚𑄪 𑄇𑄧𑄣𑄧 - 𑄢𑄬𑄎𑄳𑄠𑄧 𑄥𑄧𑄁𑄥𑄢𑄧 𑄇𑄟𑄚𑄨 𑄉𑄧𑄖𑄴𑄬 𑄘𑄧 𑄥𑄧𑄟𑄧𑄠𑄴 𑄗𑄠𑄴।,অনুকল- রাত-দিন সংসার করতে তো সম থাকে
𑄞𑄬𑄃𑄨𑄠𑄮 𑄟𑄬𑄣 𑄈𑄘𑄬 𑄇𑄳𑄠 𑄚𑄧 𑄗𑄠𑄴!,ভাই-বোনের মধ্যে কেউ থাকে না
𑄃𑄧𑄚𑄪 𑄇𑄧𑄙 𑄥𑄪𑄚𑄩𑄚𑄬 𑄖 𑄝𑄛𑄴 𑄟 𑄇𑄧𑄙 𑄚𑄧 𑄇𑄧𑄃𑄨 𑄎𑄪𑄢𑄧 𑄉𑄧𑄢𑄨 𑄢𑄧𑄣𑄇𑄴।,.অন্যের কথা শুনে তার বাবা মা কথা বলে না
𑄚𑄧𑄚𑄝𑄨𑄠𑄮 𑄃𑄧𑄚𑄪𑄢𑄬 𑄞𑄪𑄣𑄴 𑄞𑄋𑄨 𑄘𑄨𑄝𑄢𑄴 𑄌𑄬𑄣𑄧।,.ন্যাকামো করে বাচ্চাদের ভুল ভেঙে দিতে চা
𑄃𑄧𑄚𑄪𑄢𑄴 𑄧 𑄞𑄋𑄨𑄣𑄧।,পাহা ভেঙে গেল
𑄚𑄧𑄚𑄝𑄨 𑄟𑄧𑄚𑄬 𑄟𑄧𑄚𑄬 𑄞𑄝𑄨𑄣𑄧 - 𑄘𑄨𑄚𑄴𑄘𑄧𑄇𑄴 𑄉𑄬𑄣𑄬 𑄖 𑄢𑄇𑄴 𑄡𑄬𑄇𑄳𑄠𑄬 𑄎𑄪𑄢𑄬𑄝𑄧 𑄥𑄬𑄇𑄳𑄠𑄬 𑄚𑄧 𑄦𑄧𑄣𑄬 𑄚𑄧 𑄦𑄧𑄝𑄧।,ননদী মনে করল-দুই ভাগ গেলে তার রাক যেভাবে বাঁচবে সেভাবে হবে না
𑄟𑄬𑄣 𑄘𑄨 𑄖𑄨𑄚𑄴 𑄟𑄥𑄴 𑄎𑄬𑄢𑄬 𑄃𑄧𑄚𑄪𑄣𑄮𑄃𑄨 𑄚𑄧𑄚𑄝𑄨 𑄃𑄧𑄚𑄪𑄢𑄴 𑄌𑄉𑄪𑄢𑄨 𑄎𑄉𑄖𑄴 𑄉𑄬𑄣𑄇𑄴𑄇𑄮𑄃𑄨।,.মেে দুই তিন মাস পরে নাচার জাগা গেল
𑄡𑄬𑄝𑄢𑄴 𑄇𑄘𑄣𑄳𑄠 𑄃𑄧𑄚𑄪 𑄟𑄝𑄱 𑄃𑄧𑄚𑄪𑄢𑄬 𑄇𑄧𑄣𑄧 - 𑄛𑄪𑄖𑄴!,.যাওার সম পাহাের কাছের মেেকে কল দাও -পু!
𑄃𑄟𑄢𑄴 𑄝𑄬𑄣𑄴 𑄦𑄣𑄬𑄠𑄳𑄠𑄬।,আমার সূর্য ডোবার সম
𑄇𑄧𑄟𑄧𑄣𑄬 𑄟𑄧𑄢𑄨 𑄗𑄨𑄘𑄧 𑄚𑄬𑄃𑄨 ।,কবে মরে যাবে কে জানে
𑄟𑄧𑄢 𑄜𑄬𑄘𑄬𑄢𑄉𑄧𑄢𑄨 𑄘𑄨 𑄞𑄬𑄃𑄨 𑄃𑄊𑄧।,. মরা আবর্জনা দুটি ভেসে আছে।
𑄃𑄧𑄚𑄪 𑄚𑄧 𑄟𑄙𑄨 𑄢𑄧𑄣𑄧।,একনাগাে ভাত খাওা
𑄃𑄧𑄚𑄪𑄘𑄊𑄨 𑄥𑄬𑄛𑄴𑄝𑄖𑄴𑄖 𑄣𑄮𑄃𑄨 𑄣𑄃𑄨 𑄡𑄬𑄇𑄳𑄠𑄬 𑄣𑄧𑄢𑄴 𑄘𑄨𑄣𑄇𑄴 𑄃𑄧𑄚𑄪 𑄟𑄝𑄱 𑄌𑄮𑄉𑄧 𑄛𑄚𑄨 𑄙𑄬𑄢𑄴𑄘𑄬𑄎𑄳𑄠𑄉𑄧𑄢𑄨 𑄌𑄬𑄃𑄨 𑄢𑄧𑄣𑄧।,.অপদেবতা সেপটা লুকিে লুকিে লুকিে আছে
"𑄎𑄪𑄚𑄪𑄢𑄴 𑄃𑄧𑄚𑄢𑄴𑄥𑄴 𑄛𑄧𑄢𑄨𑄇𑄴𑄈𑄬 𑄘𑄨𑄝𑄬 𑄎𑄬𑄢𑄴 𑄃𑄊𑄬, 𑄥𑄟𑄴𑄝𑄖𑄴 𑄛𑄬𑄣𑄧 𑄃𑄧𑄚𑄪 𑄇𑄃𑄨𑄇𑄪𑄢𑄬 𑄝𑄧𑄘𑄨𑄣𑄨 𑄦𑄪𑄠𑄳𑄠।",".জুনুরের অনার্স পরীক্ষা দিতে হবে,সাবাে পেে একেবারে ব হেছে"
𑄟𑄧𑄚𑄬 𑄟𑄧𑄚𑄬 𑄃𑄪𑄌𑄴𑄌𑄮 𑄦𑄧𑄣𑄧 ।,মনে মনে খুশি হলো
𑄎𑄪 𑄛𑄬𑄣𑄬 𑄝𑄬𑄢𑄬𑄃𑄨 𑄛𑄢𑄨𑄟𑄴𑄝𑄮𑄃𑄨 𑄃𑄨𑄠𑄚𑄴 𑄞𑄝𑄨 𑄞𑄝𑄨 𑄟𑄧𑄚𑄚𑄴 𑄃𑄪𑄌𑄴𑄌𑄮 𑄦𑄮𑄃𑄨 𑄃𑄪𑄙𑄨𑄣𑄧।,জুে পেলে ঘুরতে পারবো এই ভাবতে ভাবতে মনটা উে উঠলো
𑄥𑄧𑄟𑄎𑄳𑄠𑄠𑄪𑄚𑄬 𑄇𑄧𑄣𑄇𑄴 - 𑄇𑄧𑄟𑄧𑄣𑄬 𑄡𑄌𑄴 ।,সমাজ থেকে কলা -কমে যাও
𑄉𑄃𑄨 𑄉𑄃𑄨 𑄚𑄧 𑄡𑄬𑄃𑄨𑄌𑄴 ।,একা একা যা না
𑄎𑄪𑄚𑄪 𑄇𑄧𑄣𑄧 - 𑄘𑄨𑄚𑄴 𑄃𑄬𑄎𑄮𑄇𑄴 ।,জুনু কল- দিন আসতেছে
𑄎𑄪𑄚𑄪𑄘𑄊𑄨 𑄃𑄧𑄚𑄢𑄴𑄥𑄴 𑄛𑄧𑄢𑄨𑄇𑄴𑄈𑄬 𑄗𑄪𑄟𑄴 𑄦𑄮𑄃𑄨𑄠𑄃𑄨 𑄟𑄥𑄴 𑄖𑄨𑄚𑄬𑄇𑄴 𑄝𑄨𑄘𑄨 𑄉𑄬𑄣𑄧।,জোনাকিরা অনার্স পরীক্ষা শেষ হে মাস তিনেক বিশ্রাম নিে গেল
"𑄉𑄧𑄙 𑄘𑄬𑄥𑄴 𑄥𑄧𑄎𑄬𑄃𑄨 𑄃𑄪𑄙𑄨𑄣𑄧 -𑄟𑄨𑄑𑄨𑄁,𑄟𑄨𑄍𑄨𑄣𑄴, 𑄣𑄧𑄢𑄣𑄧𑄢𑄨, 𑄢𑄬𑄚𑄢𑄬𑄚𑄨𑄠𑄬 𑄉𑄧𑄘 𑄘𑄬𑄥𑄴 𑄙𑄪𑄣𑄮𑄟𑄪𑄣𑄮 𑄦𑄧𑄣𑄧।",".গর্তে দোর সমে উঠল-মিটিং,মিটিং, লার সমে পুরো দোলটা দুলে উঠলো"
𑄝𑄬𑄇𑄴 𑄟𑄚𑄴𑄎𑄳𑄠𑄧 𑄟𑄱𑄠𑄴 𑄟𑄱𑄠𑄴 𑄃𑄬𑄢𑄴𑄥𑄘𑄴 𑄖𑄪𑄃𑄨 𑄇𑄧𑄟𑄧𑄣𑄬 𑄡𑄬𑄝𑄬।,সব মেে মাা মাা করে তুমি কবে যাবে
𑄇𑄧𑄚𑄧𑄇𑄴𑄇𑄚𑄴 𑄖𑄚𑄴 𑄚𑄧 𑄟𑄚𑄬𑄢𑄴 𑄘𑄬𑄃𑄨 𑄛𑄳𑄢𑄬𑄥𑄨𑄓𑄬𑄚𑄴𑄑𑄴 𑄃𑄬𑄢𑄴𑄥𑄘𑄴 𑄃𑄬𑄇𑄴 𑄘𑄨𑄚𑄴 𑄉𑄧𑄘𑄨𑄖𑄴𑄖𑄪𑄚𑄴 𑄣𑄟𑄨𑄣𑄧।,কোন কিছু মানতে না পেরে রাষ্ট্রপতি এক দিন গদি থেকে নামলো
"𑄥𑄢 𑄘𑄬𑄥𑄴 𑄃𑄪𑄌𑄴𑄌𑄮, 𑄚𑄱 𑄥𑄧𑄝𑄧𑄚𑄬 𑄘𑄬𑄥𑄴 𑄞𑄧𑄢𑄨 𑄃𑄪𑄙𑄨𑄣𑄧 ।","সারা দো উচ্চ,নানা স্বপ্নে দো উঠল"
𑄉𑄧𑄘 𑄘𑄬𑄥𑄴 𑄎𑄪𑄢𑄧 𑄦𑄮𑄃𑄨 𑄛𑄧𑄢𑄴𑄣𑄧।,পুরো দোল জুে পে গেল
𑄛𑄌𑄴 𑄍𑄧 𑄟𑄥𑄴 𑄎𑄬𑄢𑄬 𑄉𑄘 𑄘𑄬𑄏𑄧𑄖𑄴 𑄚𑄨𑄢𑄴𑄝𑄥𑄧𑄚𑄴 𑄦𑄧𑄣𑄧।,. পাচ ছ মাস পরে গাদা দো দো হলো
𑄚𑄱 𑄥𑄧𑄢𑄴𑄇𑄢𑄴 𑄈𑄬𑄟𑄧𑄖 𑄉𑄧𑄎𑄨 𑄣𑄧𑄣𑄧।,নাচা করে নিল
𑄉𑄧𑄕𑄧𑄖𑄧𑄚𑄴𑄖𑄧𑄢𑄧 𑄛𑄧𑄙𑄧𑄖𑄴 𑄘𑄬𑄥𑄴 𑄦𑄙 𑄙𑄧𑄢𑄴𑄣𑄧।,রাস্তা দো হাত ধরা
𑄟𑄪𑄢𑄧 𑄝𑄳𑄦𑄟𑄧𑄢𑄴 𑄟𑄚𑄪𑄌𑄴𑄥𑄪𑄚𑄴 𑄞𑄝𑄨𑄣𑄇𑄴 𑄃𑄬𑄝𑄢𑄴 𑄎𑄧𑄚𑄨 𑄥𑄪𑄉𑄧 𑄘𑄨𑄚𑄪𑄚𑄴 𑄃𑄟𑄢𑄬 𑄝𑄬𑄢𑄬𑄃𑄨 𑄙𑄧𑄢𑄬।,আমার গ্রামের মানুষরা চিন্তা করলো এবার ভালো করে আমাকে বোই করবে
"𑄘𑄨𑄚𑄴 𑄡𑄠𑄴, 𑄟𑄥𑄴 𑄡𑄠𑄴 𑄈𑄣𑄨𑄇𑄴 𑄟𑄪𑄢𑄧 𑄟𑄚𑄴𑄎𑄮𑄢𑄴 𑄥𑄧𑄝𑄧𑄚𑄴 𑄥𑄧𑄝𑄧𑄚𑄧𑄥𑄚𑄴 𑄢𑄮𑄃𑄨 𑄉𑄬𑄣𑄧।","দিন যাওা, মাস যাওার পর আমার মাের সংসারটা রে গেল"
"𑄃𑄉𑄧 𑄘𑄨𑄚𑄧𑄥𑄚𑄴 𑄦𑄧𑄘𑄬 𑄦𑄧𑄘𑄬 - 𑄟𑄚𑄴𑄎𑄮𑄢𑄴 𑄎𑄉 𑄦𑄢𑄚, 𑄟𑄬𑄃𑄨𑄢𑄴 𑄈𑄚, 𑄛𑄧𑄢𑄚𑄴 𑄦𑄢𑄚, 𑄛𑄬𑄢𑄬𑄖𑄚𑄨, 𑄖𑄧𑄥𑄳𑄠 𑄗𑄨𑄘𑄨 𑄢𑄧𑄣𑄧।","আগের দিনের কথা বলতে বলতে - গ্রামের জাগা হারানো, পাখানা করা, পাখানা করা,তরকারি,তরকারি"
"𑄟𑄪𑄢𑄧 𑄟𑄚𑄴𑄎𑄳𑄠𑄬 𑄞𑄝𑄨𑄣𑄇𑄴 𑄃𑄧𑄣𑄧𑄢𑄴 𑄃 𑄚𑄧 𑄗𑄬𑄝𑄧𑄁, 𑄥𑄮𑄣𑄴 𑄉𑄧𑄢 𑄛𑄧𑄢𑄨𑄝𑄧।",".মেেদের গোষ্ঠীটা আর থাকতে পারবে না,সোল করতে হবে"
𑄃𑄟 𑄃𑄪𑄖𑄴𑄖𑄨𑄟𑄪𑄖𑄴𑄖𑄨 𑄇𑄢𑄨 𑄣𑄮𑄃𑄨 𑄛𑄧𑄢𑄨𑄝𑄧।,আমাদের সাহায্য করতে হবে
𑄔𑄇𑄖𑄴 𑄛𑄧𑄢𑄴𑄝𑄱𑄣𑄧𑄉𑄬 𑄖𑄬𑄟𑄴𑄟𑄋𑄧𑄖𑄴 𑄝𑄧𑄣𑄇𑄴।,. ঢাকা ঘুরতে ঘুরতে মেেটা ব হ
𑄉𑄧𑄘 𑄘𑄬𑄏𑄧 𑄟𑄚𑄴𑄎𑄮𑄢𑄬 𑄃𑄟 𑄘𑄪𑄊𑄧 𑄇𑄧𑄙 𑄇𑄬𑄚𑄬 𑄣𑄪𑄋𑄬 𑄘𑄳𑄠𑄬 𑄡𑄠𑄴 - 𑄌𑄨𑄙𑄬 𑄉𑄧𑄢 𑄙𑄧𑄢𑄴𑄣𑄇𑄴।,পুরো দোলের মানুষরা আমাদের কথা শুনে যা - চুপ করে থাকে
"𑄥𑄪𑄣𑄴𑄣𑄪𑄇𑄴 𑄦𑄧𑄣𑄧 𑄔𑄇 𑄢𑄌𑄴𑄛𑄧𑄖𑄴 𑄎𑄧𑄉 𑄥𑄮𑄣𑄴 𑄉𑄧𑄢𑄨 𑄉𑄧𑄢𑄨 𑄘𑄬𑄏𑄧 𑄟𑄚𑄴𑄎𑄮𑄢𑄬, 𑄛𑄨𑄖𑄴𑄗𑄨𑄟𑄨 𑄟𑄚𑄴𑄎𑄮𑄢𑄬 𑄎𑄚𑄬𑄃𑄨 𑄘𑄨𑄝𑄇𑄴।",".সুগন্ধি হলো ঢাকা অন্ধকারে জিে দো মানুষ,পৃথিবীর মানুষ জানে না"
𑄃𑄟 𑄘𑄪𑄊𑄧 𑄇𑄧𑄙 𑄟𑄚𑄴𑄎𑄮𑄢𑄬 𑄚𑄧 𑄎𑄚𑄬𑄣𑄬 𑄃𑄟𑄃𑄨𑄙𑄪 𑄃𑄟 𑄃𑄧𑄙𑄨𑄇𑄢𑄴 𑄚𑄧 𑄣𑄪𑄋𑄨𑄝𑄧𑄉𑄨।,আমাদের সমস্যার কথা মানুষরা না জানলে আমাদের সুবিধা হবে না
𑄝𑄪𑄘𑄴𑄙𑄨𑄝𑄧𑄣 𑄟𑄚𑄴𑄎𑄮𑄢𑄴 𑄝𑄧𑄣𑄴 𑄌 𑄦𑄧𑄣𑄧।,বুদ্ধিরহিত মানুষের বল চাা হলো
𑄞𑄬𑄃𑄨𑄘𑄮 𑄇𑄧𑄣𑄇𑄴 - 𑄡𑄧𑄘𑄧𑄛𑄧𑄘𑄬 𑄉𑄧𑄟𑄴 𑄦𑄧𑄝𑄧।,ভো কলা - যতক্ষনে ভালো হবে
𑄞𑄬𑄃𑄨𑄘𑄮 𑄇𑄧𑄣𑄇𑄴 𑄛𑄪𑄖𑄴𑄣𑄧𑄇𑄴।,এক জাতী বুনো ফল
"𑄉𑄧𑄟𑄬 𑄛𑄧𑄢𑄧𑄉𑄮𑄃𑄨, 𑄢𑄋𑄇𑄣𑄨 𑄘𑄇𑄴 𑄛𑄧𑄢𑄨𑄝𑄧।","ভালো করে পতে হবে, লাল কালি পরতে হবে"
𑄛𑄧𑄢𑄴𑄝𑄱𑄣𑄧𑄉𑄬 𑄚𑄧 𑄈𑄬𑄟𑄨𑄣𑄇𑄴।,.অপচে খেে নিও
𑄇𑄧𑄣𑄇𑄴 - 𑄃𑄟𑄖𑄴𑄪𑄚𑄴 𑄥𑄮𑄣𑄴 𑄉𑄧𑄢 𑄛𑄧𑄢𑄨𑄝𑄧।,কলা - আমাদের থেকে সোল করতে হবে
"𑄈𑄪𑄣𑄴 𑄜𑄘𑄮𑄇𑄴, 𑄥𑄨𑄢𑄬 𑄜𑄘𑄮𑄇𑄴 𑄃𑄟𑄨 𑄚𑄧 𑄈𑄬𑄟𑄨𑄝𑄧𑄁।",". খোলা ফাকিঁ,শির ফাকি দিে আমি খাবো না"
𑄎𑄪𑄚𑄴 𑄟𑄥𑄴।,এক জাতী মাছ
𑄥𑄬 𑄝𑄧𑄏𑄧𑄢𑄴 𑄇𑄪𑄠 𑄡𑄠𑄴 𑄉𑄧𑄢𑄧𑄟𑄴 𑄖𑄳𑄠𑄬𑄚𑄴 𑄚𑄧 𑄛𑄧𑄢𑄬।,সে বছর কুা যাওা যা না
𑄘𑄨𑄚𑄴 𑄖𑄢𑄨𑄇𑄴 𑄖𑄳𑄠 𑄦𑄧𑄣𑄧।,সারাদিন রাত হলো
𑄎𑄪𑄚𑄪𑄘𑄊𑄨𑄢𑄴 𑄇𑄟𑄴 - 𑄇𑄧𑄢𑄧𑄌𑄴 𑄝𑄢𑄨𑄣𑄧।,জোনাকির কাজ-লবনাক্ত
𑄃𑄪𑄙𑄮𑄖𑄴 𑄟𑄱𑄖𑄴 𑄛𑄚𑄨 𑄚𑄬𑄃𑄨 𑄉𑄧𑄢𑄨 𑄘𑄨𑄚𑄴 𑄉𑄧𑄋𑄨 𑄡 𑄙𑄧𑄢𑄴𑄣𑄧।,উপরে মুখে পানি নাই করে দিন করে যা
𑄝𑄬𑄇𑄴𑄇𑄪𑄚𑄧𑄢𑄴 𑄟𑄧𑄚𑄧𑄖𑄴 𑄝𑄧𑄣𑄴 𑄇𑄟𑄴𑄠𑄚𑄴 𑄉𑄧𑄟𑄬 𑄥𑄨𑄢𑄬 𑄛𑄢𑄨𑄝𑄧𑄁!,সবার মনে বল কাজ করতে হবে
𑄖𑄳𑄦𑄬 𑄦𑄪𑄠𑄳𑄠 𑄘𑄨𑄚𑄴 𑄃𑄬𑄣𑄧।,সে হেছে দিন এসেছে
𑄦𑄎𑄢𑄴 𑄦𑄎𑄢𑄴 𑄦𑄘𑄧𑄘𑄧𑄚𑄴 𑄟𑄚𑄪𑄌𑄴 𑄔𑄇 𑄢𑄌𑄴𑄛𑄧𑄗𑄴 𑄞𑄬𑄃𑄨 𑄥𑄮𑄣𑄴 𑄉𑄧𑄢𑄨 𑄉𑄧𑄢𑄨 𑄦𑄘𑄧𑄘𑄧𑄚𑄴 ।,হাজার হাজার লোক ঢাকা রাস্তা দিে দৌে যাচ্ছে
𑄖𑄬𑄛𑄴 𑄖𑄬𑄛𑄴 𑄊𑄟𑄴 𑄏𑄧𑄢𑄬𑄢𑄴।,তেপ তেপ ঘাম পরতেছে
"𑄝𑄬𑄇𑄴 𑄟𑄚𑄴𑄎𑄮 𑄌𑄮𑄉𑄮𑄖𑄴 - 𑄟𑄱𑄖𑄴 𑄡𑄬𑄚𑄬 𑄃𑄉𑄪𑄚𑄴 𑄎𑄧𑄣𑄨 𑄎𑄧𑄣𑄨 𑄞𑄣𑄧𑄇𑄴 𑄘𑄨𑄚𑄮𑄢𑄴 𑄢𑄇𑄴, 𑄘𑄪𑄇𑄴 𑄚𑄨𑄉𑄨𑄣𑄨 𑄞𑄧𑄚𑄴𑄞𑄧𑄚𑄬𑄃𑄨 𑄃𑄪𑄙𑄬𑄢𑄴 ।","সব মানুষদের চোখে- মুখে আগুন পে অনেক দিন থাকে, দুঃখ নিে ভে উঠে"
"𑄥𑄮𑄣𑄴 𑄉𑄧𑄢𑄨𑄠𑄳𑄠𑄬 𑄟𑄚𑄴𑄎𑄮𑄢𑄴 𑄖𑄝𑄪𑄣𑄬 𑄖𑄝𑄪𑄣𑄬 - 𑄟𑄪𑄢𑄴 𑄈𑄬𑄃𑄨 𑄛𑄧𑄖𑄴𑄖𑄧𑄚𑄴 𑄖𑄧𑄌𑄳𑄠𑄣𑄉𑄨𑄠𑄳𑄠𑄬, 𑄈𑄪𑄚𑄨𑄠𑄪𑄚𑄴 !",".সোল করে মাছ ধরার সম পালিে পালিে যাওার সম মুর্খ খেে পালিে যাওার জন্য পালিে যাওা হেছে, খুনিও!"
𑄥𑄮𑄣𑄴 𑄉𑄧𑄢𑄨𑄠𑄳𑄠𑄬 𑄟𑄚𑄴𑄎𑄮𑄢𑄴 𑄇𑄧𑄙𑄚𑄨 𑄝𑄪𑄣𑄬𑄖𑄴 𑄦𑄮𑄃𑄨 𑄥𑄨𑄉𑄪𑄚𑄧𑄢𑄴 𑄝𑄪𑄇𑄴 𑄜𑄪𑄢𑄨 𑄘𑄬𑄢𑄴𑄣𑄮𑄃𑄨 - 𑄡𑄢 𑄟𑄚𑄴𑄎𑄮𑄢𑄴 𑄃𑄧𑄙𑄨𑄇𑄢𑄴 𑄇𑄢𑄨 𑄣𑄮𑄃𑄨 𑄖𑄧𑄎𑄨𑄟𑄴𑄛𑄪𑄢𑄧 𑄉𑄨𑄢𑄨𑄖𑄴𑄖𑄨 𑄉𑄧𑄢𑄨 𑄥𑄪𑄉𑄬 𑄘𑄨𑄚𑄴 𑄇𑄘𑄘𑄧𑄚𑄴।,সু সু করে মানুষরা কথা বলতে বলতে ক্লান্ত হেছে - যারা মলা করার সম আছে
𑄎𑄪𑄚𑄪𑄢𑄴 𑄥𑄮𑄣𑄴 𑄉𑄧𑄢𑄨𑄠𑄳𑄠𑄬 𑄟𑄚𑄴𑄎𑄮𑄢𑄴 𑄏𑄇𑄴 𑄘𑄬𑄃𑄨𑄚𑄬 𑄡𑄧𑄘𑄧𑄛𑄧𑄘𑄬 𑄉𑄧𑄟𑄴 𑄣𑄉𑄬𑄢𑄴।,সূর্য ডোবার সম মাছের ঝাঁক দিে যখন ভালো লাগে
𑄦𑄖𑄴𑄖𑄬 𑄦𑄖𑄴𑄖𑄬 𑄝𑄬𑄉𑄧 𑄛𑄨𑄏𑄬𑄘𑄨 𑄎𑄪𑄚𑄪 𑄌𑄠𑄴 𑄘𑄬 𑄌𑄮𑄖𑄴𑄘𑄧- 𑄛𑄧𑄚𑄴𑄘𑄧𑄢𑄧 𑄝𑄧𑄠𑄧𑄌𑄳𑄠 𑄃𑄬𑄇𑄴 𑄟𑄨𑄣𑄬 𑄣𑄬𑄟𑄴 𑄛𑄧𑄢𑄨 𑄃𑄊𑄬।,হেঁটে হেঁটে বাতাস চাা এক মেে লেপ পে আছে
𑄖𑄢𑄬 𑄘𑄬𑄃𑄨𑄚𑄬 𑄎𑄪𑄚𑄪𑄢𑄴 𑄛𑄧𑄢𑄚𑄴𑄠𑄚𑄴 𑄇𑄟𑄬𑄢𑄬𑄃𑄨 𑄃𑄪𑄙𑄨𑄣𑄧 ।,তাকে দেখে জোনাকির মতো কাজ করতে হেছে
𑄟𑄨𑄣𑄬𑄝𑄱 𑄥𑄌𑄴-𑄛𑄧𑄏𑄇𑄴 𑄘𑄬𑄃𑄨𑄚𑄬 𑄎𑄪𑄚𑄪𑄢𑄴 𑄟𑄧𑄚𑄬 𑄦𑄧𑄣𑄧 - 𑄈𑄨𑄣𑄧 𑄞𑄨𑄘𑄨𑄢𑄬 𑄇𑄧𑄚𑄧 𑄃𑄘𑄟𑄧𑄢𑄴 𑄦𑄧𑄝𑄧।,মেেটা শাক-পাতা দিে সুন্দর হবে
𑄥𑄧𑄘𑄥𑄧𑄘𑄨 𑄟𑄚𑄴𑄎𑄮𑄠𑄴 𑄇𑄢𑄬 𑄇𑄧𑄚𑄴𑄚 𑄌𑄢𑄴।,সদালাপী মানুষদেরকে কে চে
𑄎𑄪𑄚𑄪 𑄌𑄠𑄴 𑄘𑄬 𑄟𑄨𑄣𑄬𑄝𑄱 𑄊𑄟𑄬 𑄝𑄪𑄢𑄨 𑄡𑄨𑄃𑄨𑄠𑄳𑄠𑄬।,জুনু চাা দিে মেেটা শুে গেছে
𑄦𑄘𑄨 𑄚𑄧 𑄛𑄢𑄬𑄢𑄴 𑄖𑄱 𑄥𑄮𑄣𑄴 𑄉𑄧𑄢𑄨 𑄉𑄧𑄢𑄨 𑄎𑄧𑄉𑄢𑄴 𑄛𑄢𑄬𑄢𑄴 - ...𑄟𑄚𑄨 𑄚 ।,পাহাি পারে না তোমার পাে দৌাদৌি করতে পারে -মানি না
𑄟𑄚𑄴𑄝𑄮 𑄚।,"১. বিশ্বাস করা, ২. বিশ্বাস করা"
𑄘𑄨𑄖𑄬 𑄦𑄧𑄝𑄬 ...𑄘𑄨𑄖𑄬 𑄦𑄧𑄝𑄬।,১. দিতে হবে ২. দিতে হবে
𑄦𑄖𑄴 𑄃𑄪𑄞𑄧𑄉𑄧𑄢𑄨 𑄛𑄨𑄎𑄬 𑄛𑄨𑄎𑄬 𑄦𑄙𑄨 𑄃𑄬𑄎𑄬𑄢𑄴 ।,হাত উপরের দিকে দিে দৌে আসা
𑄎𑄪𑄚𑄪𑄢𑄴 𑄡𑄧𑄘𑄧𑄛𑄧𑄘𑄬 𑄉𑄧𑄟𑄴 𑄣𑄉𑄨𑄣𑄧।,ঝগাটে ভালো লাগতেছে
𑄟𑄧𑄚𑄬 𑄟𑄧𑄚𑄬 𑄎𑄪𑄚𑄪 𑄞𑄝𑄨𑄣𑄧 - 𑄃𑄟 𑄟𑄧𑄚𑄧 𑄃𑄉𑄧𑄚𑄚𑄴 𑄃𑄬𑄘𑄧𑄇𑄴 𑄘𑄨𑄚𑄬 𑄖𑄳𑄦𑄬 𑄥𑄧𑄘𑄬𑄥𑄧𑄖𑄴 𑄟𑄚𑄴𑄎𑄮 𑄟𑄧𑄚𑄧𑄖𑄴 𑄛𑄢𑄴 𑄉𑄧𑄢𑄨 𑄘𑄨 𑄛𑄢𑄨𑄣𑄧𑄁।,মনে মনে জুনু চিন্তা করলো- আমাদের মনের ইচ্ছাটা এত দিনে পাখানা করে দিবো
𑄦𑄎𑄢𑄴 𑄦𑄎𑄢𑄴 𑄟𑄚𑄪𑄌𑄴 𑄃𑄨𑄇𑄳𑄠𑄬𑄉𑄧𑄢𑄨 𑄎𑄉𑄨𑄣𑄬 .....𑄖𑄪𑄟𑄨 𑄙𑄬𑄝𑄢𑄴 𑄛𑄧𑄖𑄴 𑄎 𑄖𑄮𑄉𑄬𑄃𑄨 𑄚𑄧 𑄛𑄬𑄝 ।,হাজার হাজার মানুষ একটার পর আরেকটা পথে যেতে পারবে না
𑄎𑄪𑄚𑄪 𑄟𑄨𑄣𑄬𑄝𑄱 𑄇𑄃𑄨 𑄇𑄧𑄣𑄧 - 𑄃𑄠𑄴 𑄃𑄠𑄴 𑄝𑄮𑄚𑄴।,জুু মেেটা কে কল -এই যে বোন
𑄖𑄧𑄢𑄬 𑄘𑄬𑄃𑄨𑄚𑄬 𑄎𑄧𑄝𑄧𑄢𑄴 𑄃𑄪𑄌𑄴𑄌𑄮 𑄦𑄧𑄣𑄪𑄁 ।,তোমাকে দেখে ভ পেলাম
𑄟𑄩𑄣𑄬𑄝𑄱 𑄃𑄢𑄧 𑄥𑄬 𑄎𑄧𑄉𑄢𑄴 𑄛𑄢𑄨 𑄛𑄢𑄨 𑄥𑄮𑄣𑄴 𑄉𑄧𑄢𑄨 𑄉𑄧𑄢𑄨 𑄎𑄪𑄚𑄪 𑄇𑄃𑄨 𑄃𑄬𑄣𑄧।,.মেেটা আবার সেই দুষ্টামি করতে করতে চলে আসলো
𑄎𑄪𑄚𑄪𑄢𑄴 𑄣𑄪𑄠𑄠𑄚𑄴 𑄃𑄢𑄧 𑄡𑄬𑄚𑄬 𑄉𑄧𑄢𑄧𑄟𑄴 𑄦𑄮𑄃𑄨 𑄃𑄪𑄙𑄨𑄣𑄧 ।,জুার লুাটা আবার গরম হে উঠল
𑄎𑄪𑄚𑄪 𑄛𑄪𑄏𑄢𑄴 𑄉𑄧𑄢𑄴𑄣𑄧 - 𑄝𑄮𑄚𑄴 ।,জোনাকির আলো পোহা - বোন
𑄖𑄧 𑄚𑄋𑄚𑄴 𑄇𑄨 ?,তোমার নাম কি?
𑄥𑄧𑄚𑄝𑄩।,এক জাতী বুনো ফল
𑄇𑄪𑄙𑄪 𑄖𑄧 𑄊𑄧𑄢𑄴?,কোথায় তোমার বাি
𑄝𑄚𑄴𑄘𑄧𑄢𑄴𑄇𑄝।,১. বানর ২. বানর
𑄇𑄪𑄙𑄪 𑄥𑄨𑄠𑄚𑄴?,কোথা সেটা?
- 𑄟𑄨𑄣𑄬𑄝𑄱 𑄎𑄮𑄛𑄴 𑄜𑄨𑄢𑄬𑄣𑄧।,মেেটা জোপ ফিরল
𑄝𑄳𑄦!,"১. বাহ্, বাহ্! ২. বাহ্!"
𑄃𑄬𑄖𑄴𑄘𑄪𑄢𑄧𑄖𑄴𑄖𑄪𑄚𑄴 𑄖𑄪𑄃𑄨 ।,এখান থেকে তুমি
𑄎𑄪𑄚𑄪 𑄡𑄬𑄇𑄳𑄠𑄬 𑄇𑄧𑄣𑄧 - 𑄥𑄧𑄚𑄝𑄨 𑄟𑄪 𑄝𑄬𑄉𑄬𑄘𑄬𑄃𑄨 𑄦𑄏𑄨 𑄃𑄪𑄙𑄨𑄣𑄧 ।,জুনিে যে কল দিে পালিে উঠল
𑄎𑄬𑄢𑄬 𑄥𑄧𑄚𑄝𑄨𑄣𑄮𑄃𑄨 𑄎𑄪𑄚𑄪𑄢𑄴 𑄞𑄣𑄧𑄇𑄴𑄇𑄚𑄨 𑄇𑄧𑄙 𑄇𑄪𑄠𑄝𑄪𑄣𑄧 𑄦𑄧𑄣𑄧।,সে সাবান দিে অনেক কথা বলতেছে
𑄎𑄪𑄚𑄪 𑄇𑄧𑄣𑄧 - 𑄇𑄧𑄚𑄧 𑄘𑄨𑄚𑄴 𑄎𑄧𑄚𑄨 𑄡𑄁 𑄖𑄧𑄟 𑄝𑄚𑄴𑄘𑄧𑄢𑄴𑄇𑄝 𑄍𑄧𑄢𑄠𑄚𑄴 𑄉𑄧𑄟𑄬 𑄝𑄬𑄢𑄬𑄃𑄨 𑄌𑄬𑄃𑄨 𑄃𑄬𑄃𑄨𑄟𑄴 ।,জুনু কল -কোন দিন যাওা যা তোমার বানরের খাঁচাটা ভালো করে ঘুরে দেখে আসবো
𑄟𑄪𑄇𑄴𑄖𑄧𑄟𑄧𑄚𑄴𑄌𑄧𑄖𑄴 𑄃𑄬𑄃𑄨 𑄥𑄮𑄣𑄴 𑄉𑄧𑄢𑄚 𑄥𑄧𑄞 𑄦𑄧𑄣𑄧।,মুক্তাঙ্গনে এই সোল করা সভা হলো
𑄟𑄃𑄨𑄇𑄴 𑄜𑄘𑄬 𑄜𑄘𑄬 𑄥𑄮𑄣𑄴 𑄉𑄧𑄢𑄚 𑄌𑄧𑄣𑄬𑄢𑄴।,.মিে লাফিে লাফিে সোল করা চলতেছে।
𑄦𑄎𑄢𑄴 𑄦𑄎𑄢𑄴 𑄟𑄚𑄴𑄎𑄳𑄠𑄬 𑄝𑄮𑄃𑄨 𑄝𑄮𑄃𑄨 𑄥𑄪𑄚𑄪𑄘𑄧𑄚𑄴।,হাজার হাজার মানুষ বই পতেছে
𑄎𑄪𑄚𑄪𑄖𑄴𑄪𑄚𑄴 𑄡𑄧𑄘𑄧𑄛𑄧𑄘𑄬 𑄉𑄧𑄟𑄴 𑄣𑄉𑄬𑄢𑄴।,জোনাকির আলো অনেক ভালো লাগে
"𑄇𑄮𑄚, 𑄊𑄮𑄚, 𑄢𑄪𑄈𑄳𑄠𑄋𑄧 𑄥𑄬𑄢𑄬 𑄟𑄚𑄴𑄎𑄮𑄢𑄴 𑄥𑄮𑄣𑄴 𑄉𑄧𑄢𑄚 𑄘𑄬𑄃𑄨 𑄎𑄪𑄚𑄪 𑄟𑄧𑄚𑄚𑄴 𑄃𑄪𑄌𑄴𑄌𑄮 𑄦𑄮𑄃𑄨 𑄃𑄪𑄙𑄨𑄣𑄧।",".আঁকা,ঘুর্ণিবাি,রুা,খাওা পাহাের মধ্য দিে জুনিে মনটা উে উঠলো"
𑄥𑄧𑄞 𑄡𑄬𑄇𑄳𑄠𑄬 𑄗𑄪𑄟𑄴 𑄦𑄧𑄣𑄧 𑄥𑄧𑄚𑄝𑄨𑄢𑄬 𑄎𑄪𑄚𑄪 𑄖𑄧𑄉𑄬𑄃𑄨 𑄥𑄪𑄇𑄴 𑄚𑄧 𑄛𑄬𑄣𑄧 ।,সভা যে শেষ হেছে সনাবিকে তাাতাি খুঁজে পেল না
𑄥𑄧𑄥𑄉𑄧𑄢𑄴 𑄟𑄚𑄴𑄎𑄳𑄠𑄧 𑄥𑄧𑄟𑄢𑄬 𑄇𑄪𑄙𑄪 𑄟𑄨𑄣𑄬𑄃𑄨 𑄉𑄬𑄣𑄧 𑄇𑄮𑄃𑄨 𑄚𑄧 𑄛𑄣𑄴𑄣𑄧 𑄎𑄪𑄚𑄪।,.সমান মাছের ঝাঁকের মধ্যে কোথা গিে গেল কেও জানে না
𑄖𑄧𑄉𑄬𑄃𑄨 𑄖𑄴 𑄚𑄧 𑄛𑄬𑄃𑄨 𑄎𑄪𑄚𑄪𑄢𑄴 𑄟𑄧𑄚𑄚𑄴 𑄃𑄬𑄇𑄴𑄇 𑄇𑄬𑄎𑄚𑄴 𑄇𑄬𑄎𑄚𑄴 𑄣𑄉𑄨𑄣𑄧।,.তরকারি না পেে মনটা একটু কান্না করতেছে
𑄝𑄬𑄇𑄴 𑄇𑄟𑄴 𑄥𑄨𑄢𑄴 𑄉𑄬𑄣𑄬 𑄎𑄪𑄚𑄪 𑄢𑄪𑄟𑄧𑄖𑄴 𑄜𑄨𑄢𑄨 𑄃𑄬𑄣𑄧।,সব কাজ শেষ হলে জুনিে বািতে ফিরে আসলো
𑄎𑄪𑄚𑄪 𑄟𑄧𑄚𑄧𑄖𑄴 𑄃𑄧𑄚𑄴𑄎𑄪𑄢𑄴 𑄘𑄨𑄠𑄚𑄴 𑄚𑄋𑄴 𑄝𑄢𑄨 𑄈𑄬𑄃𑄨 𑄈𑄬𑄃𑄨 𑄃𑄬𑄎 𑄙𑄧𑄎𑄳𑄠 - 𑄥𑄧𑄚𑄝𑄨 𑄃 𑄝𑄚𑄴𑄘𑄧𑄢𑄴𑄇𑄝।,জুনু মনে দুইটা নাটের বারি খেে এসেছে - সনাবি এ বানর
𑄎𑄪𑄚𑄪 𑄃𑄧𑄚𑄢𑄴𑄥𑄴 𑄛𑄥𑄴𑄉𑄧𑄢𑄨 𑄃𑄬𑄟𑄴. 𑄃𑄬. 𑄞𑄧𑄖𑄴𑄖𑄨 𑄦𑄧𑄣𑄧।,জুনিে অনার্স পাশ করে এখন ভর্তি হলো
"𑄟𑄧𑄚𑄬, 𑄟𑄧𑄚𑄬 𑄞𑄝𑄨𑄣𑄧 𑄃𑄧𑄚𑄪𑄘𑄊𑄨𑄃𑄨𑄙𑄪 𑄝𑄬𑄢 𑄡 𑄡𑄠𑄴 𑄇𑄨𑄚।","মনে হ, মনে হ মনে সম ঘুরতে যাওা"
𑄞𑄣𑄧𑄇𑄴𑄘𑄨𑄚𑄴 𑄥𑄧𑄁 𑄘𑄨 𑄞𑄬𑄃𑄨𑄠𑄧𑄢𑄴 𑄘𑄬𑄊𑄘𑄬𑄊𑄨 𑄚𑄬𑄃𑄨 ।,অনেক দিন থেকে দুইটা ভাই দেখতেছি
𑄦𑄧𑄣𑄬 𑄘𑄬𑄣𑄬 𑄃𑄧𑄚𑄪 𑄞𑄢𑄨 𑄈𑄪𑄏𑄨 𑄦𑄧𑄝𑄧।,এক জাতী কচু
𑄃𑄬𑄇𑄴 𑄘𑄨𑄚𑄴 𑄢𑄋𑄣𑄮𑄃𑄨 𑄛𑄪𑄢𑄴 𑄝𑄚𑄨 𑄉𑄬𑄣𑄇𑄴।,এক দিন লাল করে পুরে গেল
𑄚𑄧𑄚𑄝𑄨 𑄎𑄪𑄚𑄪𑄢𑄬 𑄘𑄬𑄃𑄨𑄚𑄬 𑄡𑄧𑄘𑄧𑄛𑄧𑄘𑄬 𑄈𑄪𑄏𑄨 𑄦𑄧𑄣𑄧।,.নন্যে জুে দো যতগুলো ছিদ্র হেছে
𑄇𑄨 𑄣𑄮𑄝𑄨𑄠𑄧𑄖𑄴 𑄉𑄧𑄢𑄨𑄝𑄧 𑄇𑄮𑄃𑄨 𑄚𑄧 𑄛𑄢𑄴𑄣𑄧।,কি মানিব্যাগে ভ পাওা যা না
𑄈𑄣𑄨𑄇𑄴 𑄎𑄬𑄢𑄬 𑄎𑄚𑄨𑄣𑄇𑄴 𑄃𑄧𑄚𑄪 𑄇𑄟𑄬 𑄘𑄪𑄢𑄮𑄖𑄴 𑄡𑄬𑄃𑄨 𑄛𑄨𑄠𑄬।,খালি পাে কাজ করতে করতে কোমর বাঁকা হেছে
𑄜𑄨𑄖𑄴𑄖𑄬 𑄘𑄨 𑄃𑄬𑄇𑄴𑄘𑄨𑄚𑄴 𑄎𑄬𑄢𑄴 𑄦𑄧𑄝𑄧 ।,.ফিরতে দুই দিন লাগবে।
𑄎𑄪𑄚𑄪 𑄖 𑄘 𑄚𑄧 𑄗𑄚𑄠𑄴 𑄟𑄧𑄚𑄬 𑄟𑄧𑄚𑄬 𑄞𑄝𑄨𑄣𑄧 - 𑄘𑄨 𑄞𑄬𑄃𑄨𑄠𑄳𑄠 𑄘𑄬𑄊 𑄘𑄬𑄊𑄨 𑄚𑄧 𑄦𑄧𑄣𑄧𑄁𑄉𑄬 𑄃𑄃𑄨 ।,জুনু তার দাঁত না থাকা মনে মনে বলল-দুই বো দেখিও না
𑄚𑄧𑄚𑄝𑄨 𑄎𑄪𑄚𑄪𑄢𑄬 𑄇𑄧𑄣𑄧 - 𑄖𑄧 𑄘 𑄘𑄧 𑄖𑄧𑄢𑄬 𑄞𑄧𑄎𑄚𑄴 𑄈𑄨𑄎𑄨 𑄃𑄊𑄬!,নানি জুনিে কল - তোমার দা তো তোমার সাথে লেগে আছে
𑄚𑄧𑄚𑄝𑄨 𑄎𑄮𑄛𑄴 𑄘𑄨𑄣𑄧 𑄖𑄪𑄃𑄨 𑄇𑄧𑄚𑄧 𑄥𑄟𑄴𑄝𑄖𑄴 𑄚𑄧 𑄣𑄧𑄌𑄴।,.স্বামী-স্ত্রী একসাথে নেওা যা না
𑄃𑄬𑄃𑄨 𑄇𑄟𑄴 𑄥𑄬𑄃𑄨 𑄉𑄧𑄢𑄨 𑄘𑄨𑄚𑄴 𑄜𑄬𑄣𑄌𑄴।,এই কাজটা সেই করে দিন ফেলা
𑄖𑄧 𑄘 𑄥𑄨𑄠𑄚𑄨𑄣𑄮𑄃𑄨 𑄃𑄬𑄇𑄴𑄇 𑄝𑄬𑄌𑄴 𑄚𑄧 𑄛𑄧𑄢𑄬।,তোমার দাঁতগুলো একটু বেশি পরতেছে না
𑄎𑄪𑄚𑄪 𑄇𑄧𑄣𑄧 𑄝𑄪𑄎𑄨।,জোনাকির আলো আঁধারি
𑄈𑄧𑄢𑄛𑄴 𑄘𑄧 𑄚𑄧 𑄉𑄧𑄢𑄧𑄋𑄧𑄢𑄴।,খরা তো করতেছে না
𑄖𑄪𑄃𑄨 𑄘 𑄢𑄬 𑄃𑄬𑄇𑄴𑄇 𑄝𑄪𑄏𑄬𑄌𑄴 ।,তুমি দাদুকে একটু বুঝছো
𑄟𑄪𑄃𑄨 𑄝𑄪𑄏𑄬𑄣𑄬 𑄇𑄨 𑄝𑄪𑄏𑄬𑄘𑄬 𑄚𑄬।,পাখানা করলে কি বুঝা যা না
𑄖𑄪𑄃𑄨 𑄡𑄘𑄨𑄟𑄘𑄨 𑄚𑄨𑄏𑄧𑄢𑄬 𑄗𑄨𑄘𑄧 𑄉𑄧𑄢𑄴 - 𑄚𑄧𑄚𑄝𑄨 𑄎𑄪𑄚𑄪𑄢𑄬 𑄇𑄧𑄣𑄧।,তোরা যাওার সম আকাশটাকে শান্ত করো-নানি জাগা কল
𑄎𑄪𑄚𑄪𑄢𑄬 𑄚𑄧 𑄟𑄙𑄨 𑄗𑄬𑄝𑄢𑄴 𑄘𑄬𑄃𑄨𑄚𑄬 𑄚𑄧𑄚𑄝𑄨 𑄇𑄧𑄣𑄧 𑄖𑄪𑄃𑄨 𑄉𑄧𑄟𑄬 𑄌𑄨𑄙𑄬 𑄉𑄧𑄢𑄨𑄌𑄴!,শীতকালে না মাটিতে থাকার জন্য নানিদের কল তুমি ভালো করে চিবিেছ
𑄚𑄧 𑄦𑄧𑄣𑄬 𑄃𑄬𑄇𑄴𑄘𑄨𑄚𑄴 𑄛𑄧𑄖𑄳𑄠𑄧𑄝𑄬।,.না হলে একদিন পথ হবে
𑄚𑄧𑄚𑄝𑄨 𑄇𑄧𑄙𑄠𑄚𑄴 𑄎𑄪𑄚𑄪 𑄇𑄚𑄧𑄖𑄴 𑄉𑄧𑄟𑄬 𑄝𑄢𑄨 𑄘𑄨𑄣𑄧।,.নানি কথা জুে কানে বারি দিল
𑄟𑄪𑄢𑄧𑄖𑄴 𑄛𑄧𑄢𑄨 𑄢𑄨𑄚𑄨 𑄌𑄬𑄃𑄨 𑄝𑄪𑄏𑄨𑄣𑄧 𑄃𑄨𑄠𑄚𑄴 𑄝𑄪𑄎𑄨 𑄇𑄧𑄙 𑄚𑄧𑄠𑄴।,.মেেটি পে দেখল এটা বুঝা যা না
𑄘 𑄇𑄧𑄙।,দািঁা কথা
𑄘𑄨 𑄃𑄬𑄇𑄴 𑄢𑄬𑄃𑄨𑄖𑄴 𑄗𑄬𑄃𑄨 𑄎𑄪𑄚𑄪𑄣𑄮𑄃𑄨 𑄢𑄋 𑄜𑄨𑄢𑄨 𑄃𑄬𑄣𑄇𑄴।,দুই এক রাত থেকে জোনাকিরা লাল ফিরে আসলো
𑄎𑄪𑄚𑄪 𑄃𑄬𑄖𑄴𑄖𑄬 𑄃𑄬𑄖𑄴𑄖𑄬 𑄟𑄧𑄚𑄴 𑄟𑄧𑄢 𑄦𑄮𑄃𑄨 𑄝𑄥𑄧𑄖𑄴 𑄚𑄚𑄠𑄚𑄴 𑄟𑄧𑄚𑄧𑄖𑄴 𑄖𑄪𑄣𑄨 𑄖𑄪𑄣𑄨 𑄃𑄬𑄣𑄧।,জুনিে এত ব করে মন মরা হে বাসে উঠল
𑄟𑄪𑄎𑄪𑄋𑄬 𑄃𑄬𑄟𑄴. 𑄃𑄬. 𑄛𑄧𑄢𑄨𑄇𑄴𑄈𑄬 𑄖 𑄎𑄬𑄢𑄬 𑄎𑄩𑄁𑄇𑄚𑄨𑄠𑄚𑄴 𑄇𑄨 𑄦𑄧𑄝𑄧 𑄢𑄨𑄚𑄨 𑄌𑄬𑄃𑄨 𑄇𑄪𑄣𑄴 𑄚𑄧 𑄜𑄬𑄣𑄧।,পাহাে আসা যাওার সম তার জীবনে কী হবে কে জানে
𑄎𑄪𑄚𑄪 𑄟𑄪𑄢𑄮𑄖𑄴 𑄛𑄧𑄢𑄨 𑄢𑄨𑄚𑄨 𑄌𑄬𑄃𑄨 𑄃𑄪𑄘𑄧 𑄌𑄬𑄃𑄨 𑄝𑄪𑄏𑄨𑄣𑄧 𑄎𑄨𑄁𑄇𑄚𑄨𑄢𑄴 𑄍𑄨𑄉𑄮𑄚𑄴 𑄞𑄪𑄣𑄚𑄴 𑄃𑄬𑄇𑄴𑄘𑄨𑄚𑄴 𑄞𑄧𑄎𑄚𑄴 𑄛𑄨𑄢𑄬 𑄜𑄪𑄘𑄬 𑄘𑄬।,জুনু পাহাে পিে দেখে মনে হ যে বাচ্চাটা ভুল করেছে একদিন ভে মারা যা
𑄞𑄝𑄨 𑄞𑄝𑄨 𑄝𑄪𑄇𑄴𑄱 𑄃𑄘𑄬𑄇𑄳𑄠𑄉𑄧𑄢𑄨 𑄣𑄧𑄢𑄨 𑄃𑄪𑄙𑄨𑄣𑄧 ।,ভাবি ব ব বুক দিে ভে উঠল
𑄎𑄬𑄢𑄬 𑄃𑄢𑄧 𑄟𑄪𑄢𑄧𑄖𑄴𑄛𑄧𑄢𑄨 𑄞𑄝𑄨 𑄌𑄬𑄃𑄨 𑄟𑄳𑄦𑄬𑄖𑄴 𑄛𑄬𑄣𑄧 𑄌𑄉𑄪𑄢𑄨 𑄝𑄚𑄳𑄠 𑄎𑄨𑄁𑄇𑄚𑄨!,. পরে আর মেেরা চিন্তা করে মেেতে পেল চামার জীবন
𑄖𑄖𑄳𑄠𑄬 𑄇𑄧𑄚𑄧 𑄘𑄨𑄚𑄴 𑄉𑄧𑄟𑄴 𑄚𑄧 𑄦𑄧𑄝𑄧।,তার কোনো দিন ভালো হবে না
"𑄥𑄣𑄬 𑄇𑄨 𑄉𑄧𑄢𑄚, 𑄢𑄳𑄦 𑄖𑄮𑄉𑄬 𑄥𑄪𑄇𑄴 𑄚𑄧 𑄛𑄬𑄣𑄧।",". তাহলে কি করা,রান্না করে সুখ পেল না"
𑄃𑄨𑄠𑄚𑄨 𑄞𑄝𑄧𑄘𑄬 𑄞𑄝𑄧𑄘𑄬 𑄇𑄧𑄇𑄳𑄠𑄬 𑄊𑄪𑄟𑄴 𑄉𑄬𑄣𑄧 𑄇𑄮𑄃𑄨 𑄚𑄧 𑄛𑄢𑄴𑄣𑄧।,এগুলো ভাবতে ভাবতে কদিন ঘুম গেল বলতে পারলাম না
𑄃𑄘𑄬𑄇𑄳𑄠𑄬𑄉𑄧𑄢𑄨 𑄢𑄋 𑄎𑄉𑄬𑄣𑄬 𑄢𑄨𑄚𑄨 𑄌𑄬𑄃𑄨 𑄗𑄚𑄴 𑄦𑄧𑄣𑄧 - 𑄝𑄥𑄴 𑄜𑄢𑄴𑄟𑄴 𑄉𑄬𑄃𑄨𑄑𑄴 𑄃𑄬𑄃𑄨 𑄣𑄪𑄋𑄳𑄠𑄬।,এক জাতী লাল জাগলো - বাঁশ ক্ষেতের গেট এই লুকটা হলো
𑄢𑄋 𑄇𑄧𑄣𑄧 - 𑄚𑄧 𑄣𑄟𑄨𑄝𑄧𑄁𑄚𑄬।,লাল কল - নীল কল
𑄎𑄪𑄚𑄪 𑄇𑄧𑄣𑄧 - 𑄥𑄳𑄦𑄝𑄇𑄴।,জোনাকির আলো
𑄟𑄪𑄎𑄪𑄋𑄬 𑄡𑄬𑄃𑄨 𑄥𑄣𑄬 - 𑄢𑄋 𑄇𑄧𑄣𑄬 𑄘𑄮𑄚𑄧𑄎𑄧𑄚𑄴 𑄟𑄪𑄎𑄪𑄋𑄬 𑄡𑄬𑄃𑄨 𑄝𑄧𑄣𑄇𑄴।,পাহাে যে বছর- লাল বলে দুই জন পাহাে যে বছর
𑄇𑄇𑄴𑄈𑄧𑄚𑄴 𑄎𑄬𑄢𑄬 𑄝𑄏𑄧𑄖𑄴𑄪𑄚𑄴 𑄣𑄟𑄨 𑄣𑄧𑄢𑄴 𑄘𑄨𑄣𑄇𑄴।,হঠাৎ করে জঙ্গল থেকে বের হে আসলো
𑄥𑄧𑄟𑄎𑄳𑄠𑄠𑄪𑄚𑄬 𑄘𑄬𑄃𑄨 𑄝𑄨𑄉𑄨𑄘𑄨 𑄉𑄧𑄢𑄨𑄣𑄇𑄴 - 𑄘𑄨 𑄌𑄬𑄣𑄠𑄴 𑄝𑄚 𑄞𑄧𑄋𑄧 𑄃𑄟𑄢𑄬𑄠𑄧 𑄚𑄨𑄠𑄧 𑄚।,সামাজিক মানুষরা দুই ভাগ করে - দুই ভাগ শুধু আমাকে ভ করে
𑄎𑄪𑄚𑄪 𑄇𑄧𑄣𑄧 - 𑄖𑄧𑄟𑄢𑄬 𑄚𑄬 𑄛𑄧𑄢𑄬𑄘𑄬 𑄚𑄬।,জোনাকির কল - আপনাদেরকে পতে হবে না
𑄃𑄬𑄇𑄴 𑄎𑄧𑄚𑄬 𑄇𑄧𑄣𑄧 - 𑄈𑄧𑄝𑄧𑄢𑄴 𑄚𑄧 𑄛𑄬𑄃𑄨 𑄇𑄳𑄠 ।,এক জনে কল - খবর না পেে বলে
𑄝𑄬𑄇𑄴𑄪𑄚𑄬 𑄦𑄏𑄨 𑄃𑄪𑄙𑄨𑄣𑄇𑄴 ।,সবাই হািে উঠল
𑄃𑄬𑄟𑄴. 𑄃𑄬. 𑄇𑄬𑄣𑄌𑄴 𑄥𑄪𑄢𑄪 𑄦𑄧𑄣𑄧।,এিে যাওার সম ক্লাস শুরু হলো
𑄎𑄪𑄚𑄪 𑄇𑄬𑄣𑄌𑄴 𑄉𑄧𑄢𑄬 𑄃 𑄘𑄨𑄚𑄪𑄚𑄴 𑄉𑄪𑄚𑄬।,বর্ষাকাল করে শুধু রোদ পোহা
𑄃𑄬𑄇𑄴 𑄝𑄧𑄏𑄧𑄢𑄴।,এক বছর
𑄘𑄬𑄊𑄧𑄘𑄬 𑄘𑄬𑄊𑄧𑄘𑄬 𑄡𑄬𑄝𑄧𑄉𑄮𑄃𑄨।,দেখে দেখে যাবে
𑄃𑄨𑄚𑄴𑄘𑄨 𑄃𑄬 𑄇𑄟𑄴 𑄥𑄬 𑄇𑄟𑄴।,এখানে এই কাজ এই কাজ
𑄇𑄧𑄇𑄳𑄠 𑄘𑄨𑄚𑄪𑄚𑄴 𑄡𑄘𑄧𑄚𑄴𑄘𑄮𑄃𑄨 𑄒𑄢𑄴 𑄛 𑄚𑄧 𑄡𑄢𑄴।,কদিন যাওা যা না
𑄝𑄬𑄣𑄳𑄠 𑄦𑄧𑄣𑄬 𑄢𑄋𑄣𑄮𑄃𑄨 𑄃𑄧𑄇𑄴𑄖𑄧 𑄃𑄧𑄇𑄴𑄖𑄧 𑄃𑄧𑄣𑄧𑄢𑄴 𑄎𑄉 𑄌𑄬𑄃𑄨 𑄝𑄮𑄃𑄨 𑄖𑄬𑄟𑄴𑄟𑄁 𑄉𑄧𑄢𑄧𑄚𑄴 - 𑄛𑄥𑄴 𑄉𑄧𑄢𑄴𑄣𑄬 𑄢𑄋 𑄇𑄟𑄴 𑄉𑄧𑄢𑄨𑄝𑄧 𑄢𑄋𑄟𑄖𑄳𑄠𑄬 𑄃 𑄎𑄪𑄚𑄪 𑄈𑄉𑄢𑄥𑄪𑄢𑄨।,বিাল হলে লাল রঙের জাগা দেখিে বিাল করে-পাছা করলে লাল কাজ ভালো করে
𑄘𑄨𑄚𑄴 𑄡𑄬𑄘𑄧𑄇𑄴 𑄊𑄧𑄚𑄬𑄃𑄨 𑄃𑄬𑄎𑄬𑄢𑄴 𑄘𑄮𑄚𑄧𑄎𑄧𑄚𑄧 𑄝𑄪𑄇𑄴 𑄉𑄮𑄢𑄴 𑄉𑄮𑄢𑄴 𑄦𑄮𑄃𑄨 𑄃𑄪𑄙𑄬𑄢𑄴।,দিন যত ঘন হে উঠতেছে দুই জনের বুক ব হে উঠছে
𑄥𑄧𑄟𑄎𑄳𑄠𑄠𑄪𑄚𑄬 𑄇𑄧𑄣𑄇𑄴 - 𑄃𑄟𑄨 𑄚𑄨𑄨𑄣𑄨𑄣𑄬 𑄃𑄟𑄨𑄠𑄮 𑄖𑄧𑄟 𑄣𑄧𑄉𑄬 𑄗𑄬𑄝𑄧𑄁।,সামাজিক মানুষরা কলা -আমরা নিে গেলে আমরাও তোমাদের সাথে থাকবো
𑄇𑄧𑄚𑄧 𑄎𑄧𑄚𑄬 𑄇𑄧𑄣𑄇𑄴 𑄃𑄪𑄖𑄴𑄖𑄨𑄟𑄪𑄖𑄴𑄖𑄨 𑄛𑄬𑄝𑄢𑄴 𑄣𑄢𑄬𑄃𑄨 𑄌𑄧𑄣𑄨𑄝𑄧।,কোন জনে কলা উত্তোলনের চেষ্টা করলে চলবে
𑄚𑄧 𑄗𑄟𑄨𑄝𑄧𑄁 𑄇𑄧𑄚𑄧 𑄇𑄬𑄃𑄨𑄖𑄴 ।,.কোন কাজে থামবো না।
𑄢𑄋𑄣𑄮𑄃𑄨 𑄎𑄪𑄚𑄪 𑄟𑄪𑄎𑄪𑄋𑄬 𑄘𑄨𑄚𑄪𑄚𑄴 𑄞𑄝𑄧𑄚𑄴 𑄃 𑄚 𑄚 𑄝𑄝𑄧𑄖𑄳𑄠 𑄌𑄨𑄙𑄬 𑄉𑄧𑄢𑄨 𑄘𑄨𑄚𑄴 𑄉𑄪𑄚𑄧𑄚𑄴।,লাল হলুদে জুনিে দিন গুলো মনে পে
𑄃𑄬𑄇𑄴𑄘𑄨𑄚𑄴 𑄎𑄪𑄚𑄪 𑄛𑄧𑄢𑄨𑄇𑄴𑄈𑄬 𑄘𑄨𑄃𑄨 𑄜𑄨𑄢𑄨 𑄃𑄬𑄣𑄧 𑄊𑄧𑄢𑄧𑄖𑄴।,এক দিন জোনাকির আলো পে ফিরে এলো বািতে
𑄝𑄪𑄉𑄮𑄖𑄴 𑄃𑄬𑄇𑄴 𑄝𑄪𑄇𑄴 𑄃𑄏 𑄃 𑄥𑄧𑄝𑄧𑄚𑄴 𑄚𑄨𑄚𑄬 𑄊𑄧𑄢𑄧 𑄥𑄋𑄪 𑄘𑄮𑄢𑄧𑄖𑄴 𑄈𑄪𑄌𑄴 𑄝𑄧𑄏𑄬𑄣𑄧।,বুোে এক বুক আছে এরকম বাির দরজা তালা লাগানো আছে
𑄖 𑄟𑄝𑄝𑄬 𑄡𑄧𑄘𑄧𑄛𑄧𑄘𑄬 𑄃𑄪𑄌𑄴𑄌𑄮 𑄦𑄧𑄣𑄇𑄴।,তার মাাতে অনেক ভালো হলো
"𑄣𑄬𑄊𑄛𑄧𑄢 𑄗𑄪𑄟𑄴𑄉𑄧𑄢𑄨 𑄛𑄱𑄝𑄱 𑄣𑄪𑄋𑄳𑄠𑄉𑄨 - 𑄃𑄨𑄠𑄚𑄴 𑄞𑄝𑄨 𑄎𑄪𑄚𑄪 𑄟𑄝𑄱𑄢𑄴, 𑄝𑄛𑄴𑄛𑄮𑄢𑄴 𑄟𑄧𑄚𑄧𑄥𑄪𑄊𑄮𑄢𑄴 𑄇𑄧𑄚𑄧 𑄗𑄪𑄟𑄴 𑄚𑄬𑄃𑄨।","কাগজটা শেষ হেছে-এইটা মেেটার,বািরটার কোনো শেষ নেই"
𑄃𑄘𑄟𑄳𑄠 𑄛𑄢𑄣𑄳𑄠𑄠𑄮 𑄡𑄧𑄘𑄧𑄛𑄧𑄘𑄬 𑄃𑄪𑄌𑄴𑄌𑄮 𑄦𑄧𑄣𑄇𑄴 ।,গ্রামের পাাও তত ব হলো
𑄎𑄪𑄚𑄪 𑄊𑄧𑄢𑄧𑄖𑄴 𑄣𑄪𑄋𑄳𑄠𑄉𑄨 𑄥𑄪𑄚𑄨𑄚𑄬 𑄃𑄨𑄌𑄴𑄇𑄪𑄣𑄧 𑄥𑄧𑄟𑄎𑄳𑄠𑄠𑄪𑄚𑄴 𑄣𑄪𑄋𑄨𑄣𑄇𑄴𑄇𑄨।,জুার বািে লুকিে থাকা যুবতিাগুলো লুলিে গেল
𑄥𑄛𑄴𑄛 𑄘𑄧𑄥𑄴 𑄘𑄨𑄚𑄴 𑄇𑄬𑄚𑄬 𑄉𑄧𑄋𑄨 𑄉𑄬𑄣𑄧 𑄎𑄪𑄚𑄪 𑄇𑄮𑄃𑄨 𑄚𑄧 𑄛𑄢𑄴𑄣𑄧।,.সম্বা দশ দিন কী করে গেল জানিনা
𑄍𑄬𑄢𑄴 𑄛𑄬𑄃𑄨𑄚𑄬 𑄎𑄪𑄚𑄪𑄢𑄬 𑄖 𑄝𑄝𑄬 𑄇𑄧𑄣𑄧 - 𑄛𑄪𑄖𑄴।,ছেঁা রোগে আক্রান্ত জুনিে তার ভাইকে কল দিল
𑄃𑄬𑄘𑄧𑄇𑄴 𑄘𑄨𑄚𑄬 𑄟𑄧 𑄟𑄧𑄚𑄧 𑄃𑄠𑄮𑄌𑄴 𑄜𑄪𑄢𑄬𑄣𑄧।,এত দিনে আমার মনের ইচ্ছা শেষ হলো
"𑄖𑄪𑄃𑄨 𑄥𑄧𑄟𑄎𑄧𑄢𑄬, 𑄎𑄘𑄧𑄢𑄬 𑄃𑄬𑄇𑄴𑄇𑄚𑄠𑄮 𑄎𑄧𑄚𑄨 𑄘𑄨 𑄡𑄬𑄃𑄨 𑄛𑄢𑄧𑄌𑄴 𑄖𑄧 𑄣𑄬𑄊𑄛𑄧𑄢𑄠𑄚𑄴 𑄖𑄬 𑄖𑄧𑄎𑄨𑄟𑄴𑄛𑄪𑄢𑄧 𑄦𑄧𑄝𑄧।","তুমি সমাজকে, যেখানে সেখানে একটু যাও তাহলে তোমার লেখাপাটা ভালো হবে"
𑄎𑄪𑄚𑄪 𑄚𑄪 𑄟𑄙𑄨 𑄢𑄧𑄣𑄬𑄠𑄮 𑄖 𑄝𑄝𑄧 𑄇𑄧𑄙𑄠𑄚𑄴 𑄃𑄬𑄉𑄬𑄟𑄬 𑄥𑄪𑄚𑄨𑄣𑄧।,জোনাকির আলো আঁধারিে তার বাির কথা গুলো পতেছে
𑄣𑄬𑄊𑄛𑄧𑄢 𑄛𑄧𑄎𑄳𑄠 𑄟𑄚𑄴𑄎𑄮𑄢𑄴 𑄇𑄟𑄴 𑄞𑄬𑄃𑄨𑄘𑄮 ।,লেখাপা গ্রামের কাজ ভাই
𑄝𑄚 𑄃𑄟𑄧𑄚𑄧𑄖𑄳𑄠𑄬 𑄇𑄟𑄧𑄖𑄴 𑄣𑄉𑄨𑄣𑄬 𑄥𑄬 𑄣𑄬𑄊𑄛𑄧𑄢 𑄝𑄬𑄘𑄧𑄇𑄳𑄠 𑄦𑄧𑄠𑄴।,শুধু আমার কাজে লাগলে সেই লেখা গুলো বো হ
"𑄥𑄧𑄟𑄎𑄧𑄢𑄴, 𑄎𑄘𑄧𑄖𑄴, 𑄟𑄚𑄴𑄎𑄮𑄢𑄴 𑄞𑄣𑄬𑄘𑄧𑄖𑄴𑄖𑄬 𑄣𑄬𑄊𑄛𑄧𑄢 𑄛𑄳𑄦𑄧𑄢𑄴𑄠𑄚𑄴 𑄍𑄨𑄘𑄬𑄃𑄨 𑄘𑄨 𑄛𑄢𑄴𑄣𑄬 𑄣𑄬𑄊𑄛𑄧𑄢 𑄖𑄧𑄎𑄨𑄟𑄴𑄛𑄪𑄢𑄧 𑄦𑄮𑄃𑄨 𑄃𑄪𑄙𑄬 ।","সমাজ, জাগা, দেশ, মািে ভালো করে লেখা পেছে"
𑄎𑄪𑄚𑄪𑄢𑄴 𑄖 𑄝𑄝𑄧 𑄇𑄧𑄙𑄠𑄚𑄴 𑄟𑄳𑄦𑄬𑄖𑄴 𑄛𑄘𑄬 𑄘𑄬𑄢𑄨 𑄚𑄧 𑄦𑄧𑄣𑄧।,ঝাু তার বাির কথা শেষ হেছে
𑄈𑄣𑄨𑄇𑄴 𑄃𑄬𑄖𑄴𑄘𑄪𑄢𑄴 𑄣𑄬𑄊𑄛𑄧𑄢 𑄥𑄨𑄊𑄨𑄚𑄬 𑄝𑄝𑄧 𑄊𑄧𑄢𑄧𑄖𑄴 𑄝𑄮𑄃𑄨 𑄝𑄮𑄃𑄨 𑄈𑄘𑄬 𑄟𑄧𑄚𑄧𑄖𑄴 𑄃𑄟𑄨𑄎𑄬 𑄜𑄪𑄎𑄪𑄇𑄴 𑄜𑄎𑄇𑄴 𑄉𑄧𑄢 𑄙𑄧𑄢𑄴𑄣𑄧।,.খাওা এত ব করে পে আছে মনে হ
𑄇𑄬𑄚𑄬 𑄚𑄨𑄎𑄧 𑄛𑄬𑄖𑄴 𑄚𑄨𑄎𑄬 𑄖𑄧𑄢 𑄡𑄠𑄴 𑄥𑄬 𑄌𑄨𑄙𑄬𑄠𑄚𑄴 𑄃𑄧𑄚𑄴𑄎𑄪𑄢𑄴 𑄖 𑄉𑄪𑄖𑄳𑄠𑄖𑄴 𑄃𑄝𑄧𑄢𑄴 𑄈𑄢𑄴 ।,".কেন নিজের পেট নিজে পূরণ করে যা, সে পেটটা শক্ত করে খা"
𑄟𑄧𑄚𑄬 𑄟𑄧𑄚𑄬 𑄖𑄧𑄣𑄬𑄃𑄨 𑄌𑄘𑄬 𑄌𑄘𑄬 𑄢𑄋 𑄇𑄧𑄙𑄧𑄠𑄚𑄴 𑄃𑄩𑄙𑄮𑄖𑄴 𑄛𑄧𑄣𑄴𑄣𑄧।,মনে হ মনের মতো লাল কা পলো
"𑄢𑄋 𑄇𑄧𑄙𑄧 - 𑄡𑄢 𑄘𑄬𑄥𑄴, 𑄎𑄘𑄧 𑄇𑄟𑄴 𑄉𑄧𑄢𑄧𑄚𑄴 𑄖𑄢𑄢𑄴 𑄇𑄧𑄚𑄧𑄇𑄴𑄇𑄚𑄴 𑄃𑄪𑄚𑄧 𑄚𑄧 𑄗𑄠𑄴 ।",লাল কথা - যারা কাজ করে তাদের কোনো নাম থাকে না
𑄢𑄋 𑄃𑄬 𑄇𑄧𑄙𑄠𑄚𑄴 𑄇𑄧𑄣𑄬𑄠𑄮 𑄛𑄧𑄖𑄴𑄖𑄧𑄟𑄬 𑄥𑄨𑄠𑄚𑄴 𑄡𑄧𑄘𑄧𑄛𑄧𑄘𑄬 𑄃𑄉𑄖𑄳𑄠।,লাল এই কথাটা বললেও পথেঘাটে সেটা চলে
𑄃𑄨𑄠𑄚𑄨 𑄌𑄨𑄙𑄬 𑄉𑄧𑄢𑄨 𑄉𑄧𑄢𑄨 𑄎𑄪𑄚𑄪 𑄉𑄨 𑄉𑄧𑄢𑄨𑄝𑄧 𑄃𑄧𑄙𑄧𑄇𑄴 𑄝𑄧𑄏𑄬 𑄚𑄧 𑄛𑄢𑄬𑄢𑄴।,এগুলো ছেঁা করে গরীবের উপকার করতে পারে না
𑄬𑄎𑄢𑄬 𑄟𑄧𑄚𑄴 𑄉𑄧𑄢𑄴𑄣𑄧 - 𑄃𑄬𑄚𑄴. 𑄎𑄨. 𑄃𑄮.-𑄖𑄴 𑄥𑄧𑄟𑄬𑄝𑄧।,শীত লাগতেছে-মনে হ যেন শীত লাগতেছে
𑄎𑄪𑄚𑄪 𑄃𑄬𑄇𑄴 𑄘𑄨𑄚𑄴 𑄘𑄨𑄎𑄬𑄟𑄇𑄳𑄠𑄬 𑄌𑄬𑄃𑄨 𑄃𑄬𑄚𑄴. 𑄎𑄨. 𑄃𑄮.-𑄖𑄴 𑄥𑄧𑄟𑄬𑄣𑄧।,"জুনিে এক দিন দিে আসে,যাওা ভালো"
𑄇𑄟𑄴 𑄣𑄬𑄟𑄴𑄛𑄧𑄎𑄳𑄠 𑄟𑄚𑄪𑄌𑄴𑄥𑄪𑄚𑄧𑄢𑄬 𑄃𑄪𑄎𑄬𑄃𑄨 𑄃𑄚𑄚।,কর্মঠ মানুষদের তুলে আনা
𑄖𑄬𑄋 𑄛𑄧𑄠𑄴𑄎𑄳𑄠 𑄝𑄧𑄣𑄴 𑄘𑄨𑄃𑄨 𑄃𑄝𑄬𑄣𑄬𑄘𑄧𑄖𑄴 𑄃𑄚𑄚।,টাকা টাকা দৌাদৌি করে আসা
𑄎𑄪𑄚𑄪𑄢𑄴 𑄇𑄟𑄴𑄠𑄚𑄴 𑄥𑄬 𑄇𑄟𑄚𑄨 𑄖𑄧𑄖𑄴𑄖𑄣𑄝𑄨 𑄉𑄧𑄢𑄚 𑄃 𑄉𑄧𑄢𑄖𑄴 𑄢𑄨𑄛𑄮𑄢𑄴𑄑𑄴 𑄘𑄬𑄚।,জোনাকির কাজ সেই কাজগুলো করে দো আর রিপোর্ট দেওা
𑄎𑄪𑄚𑄪 𑄃𑄬𑄎𑄧𑄚𑄴 𑄉𑄧𑄢𑄨 𑄡𑄬𑄇𑄴𑄇𑄬 𑄃𑄬𑄚𑄴. 𑄎𑄨. 𑄃𑄮 𑄌𑄉𑄪𑄢𑄨 𑄣𑄧𑄣𑄧 - 𑄚 𑄚 𑄎𑄧𑄚𑄬 𑄚𑄚𑄉𑄚𑄴 𑄜𑄪𑄘𑄪𑄜𑄘 𑄉𑄧𑄢 𑄙𑄧𑄢𑄴𑄣𑄇𑄴।,জুনিে আগে যে কুকুর নিে এসেছে - না না জনে নানারকম গান করতেছে
𑄥𑄧𑄟𑄎𑄳𑄠𑄠𑄪𑄚𑄬 𑄇𑄧𑄚𑄧 𑄇𑄧𑄚𑄧 𑄎𑄧𑄚𑄬 𑄟𑄪𑄎𑄪𑄋𑄬 𑄃𑄬𑄃𑄨 𑄇𑄧𑄣𑄇𑄴 𑄃𑄟𑄧𑄚𑄧 𑄃𑄣𑄪 𑄈𑄪𑄢𑄨𑄠𑄳𑄠 ।,সমাজের মানুষরা কোনো এক জনের সামনে এই কলা আলু খুিেছে
𑄥𑄨𑄠𑄚𑄨 𑄃𑄩𑄙𑄮𑄖𑄴 𑄖𑄪𑄣𑄨 𑄖𑄪𑄣𑄨 𑄃𑄧𑄇𑄴𑄖𑄧 𑄃𑄧𑄇𑄴𑄖𑄧 𑄟𑄧𑄚𑄴 𑄟𑄧𑄢 𑄦𑄮𑄃𑄨 𑄎𑄪𑄚𑄪 𑄟𑄪𑄢𑄮𑄖𑄴 𑄛𑄧𑄢𑄨 𑄞𑄝𑄬।,সেগুলো এখানে তুলে তুলে অনেক গুলো মনের মরা হে শুকিে আছে
𑄞𑄝𑄨 𑄌𑄠𑄴 𑄚𑄇𑄨 𑄞𑄪𑄣𑄴 𑄦𑄧𑄣𑄧।,চিন্তা করে দেখ নাকি ভুল হলো
𑄎𑄬𑄢𑄬 𑄃𑄢𑄧 𑄞𑄝𑄨 𑄞𑄝𑄨 𑄝𑄨𑄎𑄨𑄢𑄬𑄃𑄨 𑄌𑄠𑄴 𑄚!,. তারপর আবার চিন্তা করে বিেকে দেখ না!
𑄃𑄪𑄖𑄴𑄖𑄨𑄟𑄪𑄖𑄴𑄖𑄨 𑄦𑄢𑄬𑄠𑄬 𑄟𑄚𑄴𑄎𑄮𑄢𑄴 𑄣𑄢𑄬𑄃𑄨 𑄗𑄪𑄟𑄴 𑄚𑄧 𑄦𑄧𑄠𑄴।,উঁচুনিচু হে মাটিটা শেষ হ না
𑄇𑄚𑄳𑄦 𑄝𑄧𑄘𑄧𑄣𑄴 𑄥𑄚𑄴 𑄃𑄬𑄇𑄴𑄘𑄊𑄨𑄖𑄴𑄪𑄚𑄴 𑄃𑄢𑄧 𑄃𑄬𑄇𑄴𑄘𑄊𑄨 𑄃𑄨𑄙𑄪 𑄛𑄧𑄢𑄬𑄉𑄮𑄃𑄨 ।,কানের দুলটা একটু একটু করে এখানে পে
𑄝𑄝𑄘𑄊𑄨 𑄃𑄠𑄧𑄟𑄧𑄖𑄴 𑄖𑄢 𑄉𑄧𑄎𑄳𑄠𑄧𑄚𑄴।,বাবা-মা আছে তাদের সাথে
𑄃𑄟𑄨 𑄃𑄬𑄇𑄴𑄇𑄚 𑄉𑄧𑄢𑄴𑄣𑄧𑄁।,আমরা একটু করি
𑄃𑄢𑄧 𑄉𑄧𑄢𑄨𑄝𑄧𑄁।,এক জাতী বুনো ফল
𑄃𑄬𑄎𑄚𑄴 𑄉𑄧𑄢𑄨 𑄇𑄚𑄳𑄦 𑄝𑄧𑄘𑄧𑄣𑄨 𑄝𑄧𑄘𑄧𑄣𑄨 𑄇𑄪𑄝𑄮𑄖𑄴 𑄡𑄬𑄚𑄬 𑄗𑄪𑄟𑄴 𑄦𑄧𑄠𑄴 𑄥𑄨𑄠𑄚𑄴 𑄇𑄮𑄃𑄨 𑄛𑄢 𑄚𑄧 𑄡𑄠𑄴 ।,এত করে কান্না করতে করতে কোথা যে শেষ হ সেটা বলা যা না
𑄇𑄃𑄨𑄙𑄪 𑄃𑄝𑄧𑄢𑄴 𑄈𑄠𑄴 𑄇𑄮𑄃𑄨 𑄛𑄢𑄨𑄝𑄢𑄴 𑄇𑄧𑄚𑄧 𑄎𑄪 𑄚𑄬𑄃𑄨 ।,.কাউকে আম খাওার কোনো জাগা নেই
𑄃𑄬𑄇𑄴 𑄘𑄨𑄚𑄴 𑄢𑄋 𑄃𑄬𑄣𑄧।,এক দিন লাল আসলো
𑄘𑄨𑄎𑄧𑄚𑄬 𑄞𑄬𑄃𑄨𑄘𑄮 𑄇𑄪𑄃𑄧 𑄇𑄨 𑄉𑄧𑄢𑄴𑄣𑄇𑄴।,দুইজনে মিলে কী করলো
𑄇𑄧𑄙 𑄥𑄧𑄣𑄥𑄧𑄣𑄨 𑄦𑄧𑄣𑄧।,কথা গুলো সবসম হলো
𑄢𑄋 𑄇𑄧𑄣𑄧 - 𑄥𑄣𑄬 𑄇𑄨 𑄃𑄟 𑄥𑄧𑄝𑄧𑄚𑄴𑄠𑄚𑄨 𑄃𑄨𑄠𑄮𑄖𑄴 𑄘𑄧𑄃𑄨 𑄗𑄪𑄟𑄴 ।,লাল কল - তারপর কি আমাদের স্বপ্নগুলো এখানে শেষ হবে
𑄃𑄨𑄠𑄚𑄴 𑄇𑄇𑄴𑄈𑄧𑄚𑄴 𑄎𑄨𑄢𑄚।,এগুলো কিছুক্ষণ বিশ্রাম নেওা
𑄇𑄚𑄳𑄦𑄖𑄴𑄪𑄚𑄴 𑄞𑄢𑄴𑄝𑄱 𑄝𑄧𑄏𑄬𑄃𑄨 𑄗𑄧 𑄚 ।,কান থেকে ভটা বের হে থাক না
𑄖𑄬 𑄃𑄢𑄧 𑄇𑄧𑄟𑄧𑄣𑄬 𑄖𑄪𑄣𑄨𑄝𑄬?,সে আরও কবে উঠাবে?
𑄃𑄧𑄇𑄴𑄖𑄧 𑄃𑄬𑄣𑄬 𑄦𑄧𑄝𑄧।,.অতিরিক্ত আসলে হবে
𑄃𑄟𑄨 𑄚𑄧 𑄖𑄪𑄣𑄨𑄣𑄬𑄠𑄮 𑄃𑄢𑄧 𑄃𑄬𑄇𑄴𑄘𑄊𑄨 𑄖𑄪𑄣𑄨𑄝𑄇𑄴।,আমরা না তুললেও আর একটা তুলবো
𑄟𑄪𑄃𑄨 𑄚𑄧 𑄎𑄨𑄢𑄬𑄟𑄴।,আমি বেঁচে থাকবো না
𑄘𑄨𑄎𑄧𑄚𑄬 𑄇𑄧𑄙 𑄇𑄪𑄃𑄧 𑄇𑄨 𑄉𑄧𑄢𑄨𑄣𑄬𑄠𑄧 𑄝𑄪𑄌𑄴 𑄛𑄛𑄨 𑄚𑄧 𑄦𑄧𑄣𑄇𑄴।,দুইজনে কথা বললে বুদ্ধ পাপি হলো না
𑄘𑄨𑄎𑄧𑄚𑄬 𑄘𑄨𑄠𑄚𑄴 𑄛𑄧𑄗𑄴 𑄙𑄧𑄢𑄨 𑄦𑄘 𑄙𑄧𑄢𑄴𑄣𑄇𑄴।,দুইজনে দুইটা পথ ধরে হাঁটছে
𑄎𑄪𑄚𑄪 𑄇𑄧𑄣𑄧 𑄟𑄧 𑄛𑄧𑄖𑄴𑄗𑄚𑄴 𑄖𑄨𑄇𑄴।,জোনাকির আলো আমার জীবনটা তেতো
𑄢𑄋 𑄇𑄧𑄣𑄧 𑄖 𑄛𑄧𑄗𑄴𑄗𑄚𑄴!,লাল কল তার পথ
𑄃𑄬𑄎𑄚𑄴 𑄉𑄧𑄢𑄨 𑄎𑄪𑄚𑄪 𑄘𑄨𑄚𑄪𑄚𑄴 𑄉𑄧𑄋𑄨 𑄡 𑄙𑄧𑄢𑄴𑄣𑄇𑄴।,এত করে জুে যাওা যা
𑄃𑄧𑄇𑄴𑄖𑄧 𑄃𑄧𑄇𑄴𑄖𑄧 𑄥𑄟𑄴𑄝𑄖𑄴 𑄃𑄬𑄎𑄬 𑄢𑄋 𑄞𑄨𑄣𑄬 𑄛𑄪𑄣𑄨𑄥𑄴 𑄦𑄘𑄧𑄖𑄴 𑄖𑄏 𑄛𑄨𑄘𑄬 𑄈𑄬𑄃𑄨 𑄃𑄢𑄴𑄉𑄘𑄖𑄴।,অনেক অনেক সমে লাল হেলমেট পরা এক লোক হাত দিে লাঠি খেে আছে
𑄎𑄪𑄚𑄪 𑄃𑄢𑄧 𑄥𑄟𑄴𑄝𑄖𑄴 𑄛𑄃𑄨 𑄢𑄋 𑄞𑄬𑄣𑄬 𑄃𑄢𑄴𑄉𑄘𑄖𑄴𑄪𑄚𑄴 𑄥𑄧𑄢𑄚𑄴 𑄛𑄬𑄃𑄨 𑄢𑄌𑄴𑄛𑄧𑄖𑄴 𑄙𑄧𑄢𑄨 𑄎𑄧𑄉𑄢𑄴 𑄛𑄢𑄨 𑄛𑄢𑄨 𑄃𑄬𑄇𑄴 𑄏𑄇𑄴 𑄟𑄚𑄪𑄌𑄴 𑄃𑄪𑄎𑄬𑄃𑄨 𑄚𑄬𑄎𑄢𑄴 ।,জুনু আর সাম্বাে কালো করে এক দল উঠে যাচ্ছে।
𑄢𑄋 𑄇𑄧𑄙 𑄥𑄪𑄚𑄨 𑄃𑄧𑄇𑄴𑄖𑄧 𑄃𑄧𑄇𑄴𑄖𑄧 𑄎𑄪𑄚𑄪𑄢𑄴 𑄃𑄠𑄮𑄌𑄴 𑄦𑄧𑄠𑄴 𑄖𑄢 𑄥𑄧𑄟𑄢𑄬 𑄜𑄉𑄧𑄖𑄴 𑄥𑄧𑄟𑄬𑄝𑄢𑄴।,লাল কথা শুনা অনেক অনেক ঝাু আছে
𑄇𑄣𑄨𑄇𑄴 𑄚𑄧 𑄛𑄢𑄬।,কালোজাদু পারা
𑄟𑄪𑄎𑄪𑄋𑄬 𑄥𑄧𑄝𑄧𑄚𑄴 𑄘𑄬𑄊𑄬 𑄃𑄧𑄇𑄴𑄖𑄧 𑄃𑄬𑄣𑄬 𑄟𑄪𑄠𑄧𑄃𑄨 𑄜𑄉𑄧𑄖𑄴 𑄥𑄧𑄟𑄬𑄟𑄴।,পাহাে সব দেখতে পারতেছি
𑄈𑄣𑄨𑄇𑄴 𑄇𑄧𑄟𑄧𑄣𑄬 𑄦𑄧𑄝𑄧 𑄇𑄧𑄚𑄧 𑄎𑄮𑄛𑄴 𑄚𑄧 𑄛𑄠𑄴 ।,.কালকে কোনো সুযোগ পাওা যা না
𑄃𑄬𑄇𑄴 𑄘𑄨𑄚𑄴 𑄎𑄪𑄚𑄪 𑄇𑄟𑄬 𑄉𑄬𑄣𑄧 𑄣𑄧𑄇𑄴𑄈𑄨𑄥𑄧𑄢𑄨।,এক দিন জুে কাজে গেল লক্ষীটি
𑄥𑄨𑄖𑄴𑄖𑄴𑄪𑄚𑄴 𑄃𑄢𑄧 𑄞𑄨𑄘𑄨𑄢𑄬 𑄝𑄚𑄴𑄘𑄧𑄢𑄴𑄇𑄝 𑄍𑄧𑄢।,সেখান থেকে আবার দূরে বানরের ছা
𑄍𑄧𑄢𑄠𑄴 𑄍𑄧𑄧𑄢𑄠𑄴 𑄘𑄨 𑄖𑄨𑄚𑄴 𑄊𑄧𑄚𑄴𑄑 𑄦𑄘𑄨 𑄥𑄨𑄘𑄪 𑄣𑄪𑄋𑄨𑄣𑄇𑄴।,দৌাদৌিে দুই তিন ঘন্টা হেঁটে আসলাম
𑄞𑄬𑄃𑄨𑄘𑄮 𑄛𑄪𑄢𑄧𑄚𑄴 𑄃𑄘𑄟𑄴।,ভো গ্রামের গ্রাম
𑄥𑄧𑄢 𑄛𑄢𑄬 𑄛𑄢𑄬 𑄃𑄘𑄟𑄴𑄠𑄚𑄴।,নদীর পাে পাে গ্রাম
𑄘𑄋𑄧𑄢𑄴 𑄘𑄋𑄧𑄢𑄴 𑄝𑄧𑄖𑄴𑄉𑄌𑄴 𑄘𑄬𑄃𑄩𑄚𑄬 𑄝𑄪𑄏𑄧 𑄡𑄠𑄴 𑄞𑄬𑄃𑄨𑄘𑄮 𑄛𑄪𑄢𑄧𑄚𑄨 𑄃𑄘𑄟𑄴।,ব ব গাছ দেখে বুঝা যা ব জঙ্গল
"𑄈𑄣𑄨𑄇𑄴 𑄏𑄪𑄟𑄴𑄝𑄧𑄣, 𑄣𑄬𑄊𑄛𑄢 𑄛𑄧𑄎𑄳𑄠 𑄟𑄚𑄪𑄌𑄴 𑄚𑄬𑄃𑄨 ।",".খাওা নরম, পাতলা পাের মানুষ নেই"
𑄃𑄘𑄟𑄧𑄢𑄴 𑄃𑄮 𑄇𑄧𑄚𑄧 𑄝𑄣𑄬𑄖𑄴 𑄚𑄬𑄃𑄨 ।,গ্রামের ও কোনো বাস নেই
𑄎𑄪𑄚𑄪𑄢𑄴 𑄖𑄢 𑄦𑄣𑄴 𑄘𑄬𑄃𑄨𑄚𑄬 𑄛𑄧𑄢𑄚𑄴 𑄇𑄚𑄨 𑄃𑄪𑄙𑄨𑄣𑄧 ।,জোনাকিরা তাদের চাল দিে পরাণের কাপ পলো
𑄟𑄧𑄚𑄬 𑄟𑄧𑄚𑄬 𑄞𑄝𑄨𑄣𑄧 𑄖𑄢𑄢𑄴 𑄞𑄣𑄬𑄘𑄧𑄖𑄴𑄖𑄬 𑄇𑄧𑄚𑄧𑄇𑄴𑄇𑄚𑄴 𑄉𑄧𑄢𑄚 𑄉𑄧𑄢𑄧𑄌𑄴 𑄃𑄊𑄬।,মনে হ তারা দুইজনে কোন কিছু করার আছে
𑄞𑄖𑄴 𑄈𑄬𑄝𑄢𑄴 𑄃𑄉𑄬 𑄃𑄘𑄟𑄳𑄠 𑄛𑄢𑄣𑄳𑄠𑄣𑄮𑄃𑄨 𑄖𑄬𑄟𑄴𑄟𑄋𑄧𑄖𑄴 𑄝𑄧𑄣𑄇𑄴।,ভাত খাওার আগে গ্রামের পাা দিে বাজারে যাওা
"𑄖𑄢 𑄞𑄣𑄬𑄘𑄧 𑄛𑄮𑄃𑄨𑄘𑄚𑄬 𑄇𑄨 𑄇𑄨, 𑄇𑄬𑄎𑄚𑄴 𑄇𑄬𑄎𑄚𑄴 𑄉𑄧𑄢 𑄡𑄠𑄴 𑄥𑄨𑄠𑄚𑄨𑄣𑄮𑄃𑄨 𑄇𑄧𑄙 𑄇𑄪𑄃𑄧 𑄝𑄪𑄣𑄧 𑄦𑄧𑄣𑄧।","তারা ভালো করে পোা কি,কথা বলতে বলতে সেগুলো সব গুো হলো"
𑄃𑄘𑄟𑄳𑄠𑄠𑄪𑄚𑄬 𑄖𑄢 𑄇𑄧𑄙 𑄖𑄢 𑄇𑄧𑄣𑄇𑄴।,গ্রামের মানুষদের কথা তারা বলে
𑄎𑄪𑄚𑄪𑄘𑄊𑄨 𑄟𑄧𑄚𑄴 𑄘𑄨 𑄥𑄪𑄚𑄨𑄣𑄇𑄴।,জোনাকিরা মনের মত আলো জ্বালালো
𑄎𑄪𑄚𑄪 𑄇𑄧𑄣𑄧 𑄖𑄧𑄟 𑄘𑄪𑄊𑄧 𑄇𑄧𑄙 𑄃𑄟𑄨 𑄃𑄟 𑄦𑄧𑄖𑄴𑄖𑄇𑄧𑄖𑄴𑄖𑄠𑄪𑄚𑄧𑄘𑄪 𑄣𑄪𑄋𑄬𑄃𑄨 𑄘𑄨𑄝𑄧𑄁𑄉𑄮𑄃𑄨।,তোমাদের কথা আমরা আমাদের মাথা টোকা দিবো
𑄖𑄧𑄟 𑄞𑄣𑄬𑄘𑄧𑄖𑄴𑄖𑄬 𑄡 𑄡 𑄉𑄧𑄢𑄚 𑄘𑄧𑄢𑄴𑄉𑄢𑄴 𑄥𑄨𑄠𑄚𑄴 𑄃𑄟𑄨 𑄃𑄟 𑄘𑄧𑄞𑄇𑄘𑄨 𑄣𑄢𑄨𑄠𑄬𑄠𑄪𑄚𑄧𑄢𑄬 𑄝𑄪𑄏𑄬𑄃𑄨 𑄇𑄧𑄝𑄧𑄁 ।,তোমাদের ভে যা যা সেগুলো আমরা আমাদের ভে দেখাবো
𑄃𑄨𑄠𑄚𑄴 𑄥𑄨𑄠𑄚𑄴 𑄃𑄏 𑄘𑄨 𑄖𑄬𑄟𑄴𑄟𑄁 𑄗𑄪𑄟𑄴 𑄉𑄧𑄢𑄨𑄚𑄬 𑄞𑄖𑄴 𑄛𑄮𑄃𑄨𑄠𑄧𑄖𑄴 𑄝𑄧𑄣𑄇𑄴।,.এটা সেটা আর ওইটা শেষ করে ভাত খেতে বলা হ
𑄞𑄖𑄴 𑄈𑄘𑄬 𑄈𑄘𑄬 𑄎𑄪𑄚𑄪 𑄘𑄬𑄣𑄧 𑄖 𑄙𑄉𑄧𑄖𑄴 𑄃𑄨𑄇𑄴𑄇𑄮 𑄟𑄨𑄣𑄬 𑄃𑄬𑄃𑄨 𑄗𑄨𑄠𑄬𑄣𑄧।,.ভাত খেতে খেতে একটা মেে এই থিেল
𑄎𑄪𑄚𑄪𑄢𑄬 𑄇𑄧𑄣𑄧 𑄘 𑄟𑄧𑄢𑄬 𑄌𑄨𑄚𑄧𑄢𑄴 ?,জুনিে কি আমাকে চিনে?
𑄎𑄪𑄚𑄪 𑄖 𑄎𑄪𑄚𑄪 𑄇𑄬𑄃𑄨𑄖𑄴 𑄢𑄨𑄚𑄨 𑄌𑄬𑄃𑄨 𑄇𑄧𑄣𑄧 - 𑄃𑄧।,জুনু তার জুনিে কান্না করতে করতে কল করল
𑄌𑄨𑄚𑄧𑄋𑄧𑄢𑄴।,"চেনা, পরিচিত"
𑄥𑄧𑄚𑄝𑄨 𑄃𑄬𑄇𑄴𑄇 𑄦𑄏𑄨 𑄃𑄪𑄙𑄨𑄣𑄧।,সনাটা একটু উপরে তুললো
𑄎𑄪𑄚𑄪𑄢𑄴 𑄟𑄳𑄦𑄬𑄖𑄴 𑄛𑄘𑄬 𑄘𑄬𑄢𑄨 𑄚𑄧 𑄦𑄧𑄣𑄧।,জোনাকির আলো পতে দেরি হলো না
𑄥𑄬 𑄥𑄧𑄚𑄝𑄨 𑄡𑄢𑄬 𑄖𑄬 𑄔𑄇𑄖𑄴 𑄘𑄬𑄈𑄳𑄠 𑄖𑄢𑄴 𑄌𑄬𑄠𑄬𑄢 𑄃𑄬𑄝𑄧 𑄃𑄉𑄧 𑄥𑄚𑄴 ।,সে সাপটা যাকে সে ঢাকা দেখে তার চোরা আসবে
𑄈𑄣𑄨𑄇𑄴 𑄖 𑄌𑄬𑄠𑄬𑄢 𑄃𑄨𑄠𑄚𑄴𑄠𑄮 𑄎𑄚𑄬 𑄘𑄬𑄢𑄴 - 𑄇𑄧𑄚𑄧 𑄃𑄬𑄇𑄴𑄎𑄧𑄚𑄴𑄘𑄮𑄃𑄨 𑄉𑄨𑄢𑄨𑄖𑄴𑄖𑄨 𑄉𑄧𑄢𑄴𑄖𑄬 𑄉𑄧𑄢𑄴𑄖𑄬 𑄥𑄧𑄁𑄥𑄢𑄧 𑄇𑄟𑄴𑄝𑄮𑄃𑄨 𑄣𑄢𑄬𑄃𑄨 𑄉𑄧𑄢𑄨 𑄡𑄢𑄴 ।,.শুধু তার চোরটা পারে না -কোন এক জাগা সংসার কেটে যা
𑄞𑄖𑄴 𑄈𑄚 𑄗𑄪𑄟𑄴 𑄦𑄧𑄣𑄬 𑄎𑄪𑄚𑄪 𑄥𑄧𑄚𑄝𑄨𑄢𑄬 𑄃𑄬𑄇𑄴𑄇𑄪𑄢𑄬 𑄓𑄉𑄨𑄚𑄬 𑄚𑄚𑄠𑄚𑄴 𑄛𑄪𑄏𑄢𑄴 𑄣𑄧𑄣𑄧।,ভাত খাওা শেষ হলে জোনাকিরা একটি শিশুকে দৌাদৌি করে নিল
𑄥𑄧𑄚𑄝𑄨𑄠𑄮 𑄎𑄪𑄚𑄪 𑄡𑄬𑄘𑄧𑄇𑄴 𑄥𑄧𑄚𑄝𑄨𑄢𑄬 𑄛𑄪𑄏𑄢𑄴𑄠𑄚𑄨 𑄥𑄪𑄚𑄬𑄢𑄴 𑄥𑄬𑄘𑄧𑄇𑄴 𑄦𑄟𑄧𑄇𑄴 𑄦𑄧𑄢𑄴।,.সনাবিেও যে সনাবিগুলো শুনা হ
𑄢𑄋 𑄡𑄬 𑄛𑄪𑄏𑄢𑄴𑄠𑄚𑄨 𑄎𑄪𑄚𑄪𑄢𑄬 𑄉𑄧𑄢𑄨 𑄡𑄨𑄠𑄳𑄠 𑄃𑄬𑄇𑄴 𑄇𑄧𑄃𑄨 𑄛𑄪𑄏𑄢𑄴 𑄥𑄧𑄚𑄝𑄨 𑄉𑄧𑄢𑄨 𑄡𑄢𑄴।,লাল যে পোকাগুলো জুে গিে যা একটা কেকটা করে যা
𑄎𑄪𑄚𑄪 𑄡𑄳𑄠𑄬𑄚𑄴𑄉𑄧𑄢𑄨 𑄛𑄢𑄬 𑄥𑄧𑄚𑄝𑄩 𑄛𑄪𑄏𑄢𑄴𑄠𑄚𑄨 𑄎𑄮𑄛𑄴 𑄘𑄨 𑄡𑄢𑄴।,জোনাকিরা জোনাকির ডিম দিে যা
𑄎𑄬𑄢𑄬 𑄎𑄪𑄚𑄪 𑄥𑄧𑄚𑄝𑄨𑄖𑄴𑄪𑄚𑄴 𑄎𑄚𑄨𑄝𑄬𑄢𑄴 𑄌𑄬𑄣𑄧 - 𑄥𑄧𑄚 𑄖𑄪𑄃𑄨 𑄇𑄨 𑄝𑄚𑄴𑄘𑄧𑄢𑄴𑄇𑄝 𑄥𑄧𑄢 𑄛𑄚𑄨𑄖𑄴 𑄖𑄧 𑄃𑄚𑄴𑄘𑄧𑄣𑄧𑄚𑄴 𑄉𑄧𑄢𑄚 𑄞𑄏𑄬 𑄘𑄮𑄌𑄴?,মেেটা ঝর্ণার পানিতে সাঁতার কাটতেছে - তুমি কি বানরটা নদীর পানিতে সাঁতার কাটছে দেখেছো?
𑄥𑄣𑄬 𑄖𑄧𑄢𑄴 𑄇𑄳𑄠 𑄃𑄬 𑄦𑄣𑄴।,সে তোমার বলে এই হাল
𑄥𑄧𑄚𑄝𑄨 𑄇𑄧𑄣𑄧 - 𑄟𑄧𑄢𑄴 𑄥𑄬 𑄗𑄚𑄴 𑄛𑄚𑄠𑄚𑄴 𑄟𑄧𑄢𑄨 𑄚𑄧 𑄡𑄠𑄴 𑄘𑄧।,.সনাবি কল - আমার সেই জাগাটা মরে যা না তো
𑄟𑄧𑄖𑄴𑄪𑄚𑄴 𑄟𑄧 𑄛𑄱 𑄍𑄝𑄃𑄨𑄙𑄪 𑄃𑄝𑄪𑄎𑄨𑄝𑄧।,মলা থেকে আমার ছেলে ছাা আসবে
𑄎𑄪𑄚𑄪 𑄃𑄬𑄎𑄚𑄴𑄉𑄧𑄢𑄨 𑄡𑄬𑄘𑄧𑄇𑄴 𑄥𑄧𑄚𑄝𑄨 𑄇𑄧𑄙𑄠𑄚𑄨 𑄥𑄪𑄚𑄬𑄢𑄴 𑄥𑄬𑄘𑄧𑄇𑄴 𑄖𑄣𑄴𑄣𑄮𑄃𑄨 𑄡𑄬𑄚𑄬 𑄟𑄨𑄣𑄨 𑄡𑄢𑄴।,জোনাকির মতো যতগুলো জোনাকির কথা শুনা যা
𑄞𑄝𑄨 𑄞𑄝𑄨 𑄦𑄟𑄧𑄇𑄴 𑄦𑄮𑄃𑄨 𑄃𑄪𑄙𑄬𑄢𑄴।,চিন্তা করে হে উঠতেছে
𑄎𑄬𑄢𑄬 𑄥𑄧𑄚𑄝𑄨𑄢𑄬 𑄇𑄧𑄣𑄧 - 𑄥𑄧𑄚।,.স্বামী-স্ত্রী একসাথে কথা বলে
𑄟𑄪𑄃𑄨 𑄡𑄬 𑄇𑄟𑄴𑄠𑄚𑄴 𑄉𑄧𑄢𑄧𑄋𑄧𑄢𑄴 𑄃𑄨𑄠𑄚𑄴 𑄠𑄮 𑄃𑄚𑄴𑄘𑄧𑄣𑄧𑄚𑄧𑄢𑄴 𑄃𑄬𑄇𑄴𑄇𑄚𑄴 𑄇𑄧𑄖𑄴𑄖।,আমি যে কাজ করি সেটা-ও আালন করতেছি
𑄝𑄬𑄇𑄴𑄪𑄚𑄬 𑄃𑄬 𑄃𑄬𑄎𑄚𑄴𑄉𑄧𑄢𑄨 𑄇𑄧𑄖𑄴𑄖 𑄇𑄧𑄖𑄴𑄖𑄉𑄧𑄢𑄨 𑄇𑄟𑄴 𑄉𑄧𑄢𑄨𑄣𑄬 𑄖𑄬 𑄃𑄟 𑄎𑄖𑄴𑄱 𑄗𑄨𑄘𑄧𑄝𑄧𑄢𑄨 𑄦𑄧𑄝𑄧।,সবাই এই কাজটা করতে পারলে আমাদের জাতিটা স্থির হবে
𑄃𑄢𑄧 𑄃𑄬𑄣𑄬 𑄃𑄬𑄃𑄨𑄟𑄴 𑄇𑄮𑄃𑄨𑄚𑄬 𑄎𑄪𑄚𑄪 𑄥𑄧𑄚𑄝𑄨𑄖𑄴𑄪𑄚𑄴 𑄜𑄢𑄧𑄇𑄴 𑄦𑄧𑄣𑄧।,.আবার আসলে এই কথা শুনে জোনাকিরা আলাদা হলো
"𑄃𑄬𑄖𑄴𑄖𑄬 𑄃𑄬𑄖𑄴𑄖𑄬 𑄞𑄝𑄬𑄢𑄴 - 𑄟𑄪𑄃𑄨, 𑄥𑄧𑄚𑄝𑄨, 𑄢𑄋 𑄖𑄨𑄚𑄧𑄎𑄧𑄚𑄬 𑄖𑄨𑄚𑄴 𑄛𑄧𑄙𑄧𑄖𑄴 𑄦𑄘𑄨𑄢𑄴।","আমি,সনাবি,রাঙা তিনজন তিন পথে হাঁটছে"
𑄃𑄬𑄇𑄴 𑄘𑄨𑄚𑄴 𑄖𑄨𑄚𑄴𑄎𑄧𑄚𑄬 𑄥𑄧𑄟𑄧𑄢𑄥𑄧𑄟𑄢𑄨 𑄃𑄬𑄇𑄴 𑄛𑄧𑄙𑄧𑄖𑄴 𑄃𑄬𑄣𑄧𑄁 ।,এক দিন তিন জন সমে এক পথে ছিলাম
𑄃𑄨𑄇𑄴𑄇𑄪 𑄚𑄬𑄃𑄨 ।,একজন নেই
𑄇𑄧𑄚𑄧𑄘𑄨𑄚𑄴 𑄖𑄨𑄚𑄴𑄎𑄧𑄚𑄬 𑄎𑄧𑄚𑄨 𑄣𑄪𑄋𑄨 𑄃𑄬𑄇𑄴𑄇𑄚𑄴 𑄎𑄉𑄖𑄴 𑄎𑄨𑄢𑄬𑄃𑄨 𑄛𑄢𑄨 ।,কোন একদিন তিনজন মিলে একটি জাগা বসতে পারে।
𑄃𑄨𑄠𑄚𑄨 𑄞𑄝𑄧𑄘𑄬 𑄞𑄝𑄧𑄘𑄬 𑄃𑄘𑄬𑄇𑄳𑄠𑄉𑄧𑄢𑄨 𑄎𑄪𑄚𑄪𑄢𑄴 𑄦𑄪𑄌𑄴 𑄦𑄧𑄣𑄧 - 𑄝𑄬𑄣𑄚𑄴 𑄛𑄧𑄏𑄨𑄟𑄧 𑄟𑄮𑄚𑄧𑄖𑄴 𑄘𑄪𑄝𑄨𑄝𑄢𑄴 𑄎𑄠𑄴𑄎𑄪𑄇𑄴𑄇𑄧𑄣𑄴 𑄉𑄧𑄢𑄬𑄢𑄴।,এগুলো ভাবতে ভাবতে দুপুর হে গেল-বেলাটা ভোর হে যাচ্ছে
𑄣𑄟𑄴𑄝 𑄣𑄟𑄴𑄝 𑄈𑄪𑄌𑄴 𑄈𑄪𑄌𑄴 𑄚𑄧 𑄝𑄢𑄬𑄣𑄬 𑄣𑄪𑄋𑄨𑄝𑄢𑄴 𑄃𑄏 𑄚𑄬𑄃𑄨 ।,লম্বা লম্বা পদক্ষেপ না নিলে পিছনে যাওা যা না
𑄣𑄟𑄴𑄝 𑄣𑄟𑄴𑄝 𑄈𑄪𑄌𑄴 𑄝𑄢𑄬𑄃𑄨 𑄦𑄘 𑄙𑄧𑄢𑄴𑄣𑄧।,লম্বা লম্বা পাখানা করতে হ
𑄛𑄨𑄎𑄬 𑄛𑄧𑄢𑄨 𑄢𑄧𑄣𑄧 - 𑄝𑄚𑄴𑄌𑄧𑄢𑄴𑄇𑄝 𑄃𑄘𑄟𑄴।,পিসেমশাই- পিসেমশাই
𑄟𑄪𑄎𑄪𑄋𑄬 𑄛𑄧𑄢𑄨 𑄢𑄧𑄣𑄧 𑄎𑄘𑄧𑄢𑄴 𑄞𑄬𑄃𑄨𑄘𑄮 𑄇𑄟𑄴 ।,পাহাে পে রেছে বোর কাজ
𑄘𑄨𑄊𑄮𑄣𑄴 𑄛𑄧𑄗𑄴 ।,১. সরল পথ ২. সরল পথ
......................,"এক জাতী বুনো ফল, যা সবজি হিসেবে ব্যবহৃত হ"
𑄃𑄬𑄇𑄴𑄇𑄚𑄴 𑄏𑄢𑄧𑄖𑄴 𑄞𑄣𑄪𑄇𑄴𑄇𑄪𑄚𑄴 𑄉𑄎𑄴 𑄃𑄬𑄣𑄇𑄴 ।,একটি জঙ্গল অনেক গুলো গাছ আসতেছে
"𑄃𑄟𑄴𑄉𑄎𑄴,𑄈𑄎𑄪𑄢𑄴 𑄉𑄎𑄴 𑄃 𑄇𑄘𑄟𑄳𑄦𑄧𑄣 𑄉𑄎𑄴-𑄖𑄢𑄢𑄴 𑄎𑄧𑄘𑄧𑄝𑄧𑄘𑄬 𑄇𑄮𑄌𑄴𑄛𑄛𑄳𑄦𑄨 𑄃𑄬𑄣𑄧 ।","আম,খাওার গাে অনেক ব জঙ্গল-তারা সবাই একসাথে আসলো"
𑄃𑄬𑄇𑄴 𑄘𑄨𑄚𑄴 𑄘𑄬𑄝 𑄇𑄣 𑄉𑄧𑄎𑄴𑄎𑄳𑄠 ।,এক দিন আকাশ কালো হেছে
𑄏𑄪𑄖𑄴 𑄏𑄪𑄖𑄴 𑄉𑄪𑄢𑄨 𑄝𑄮𑄠𑄬𑄢𑄴 𑄝𑄢𑄴 ।,ধীরে ধীরে বাতাস বতেছে
𑄃𑄟𑄴 𑄉𑄎𑄴𑄌𑄪𑄃𑄧 𑄟𑄧𑄚𑄧 𑄘𑄪𑄉𑄬 𑄌𑄮𑄉𑄧 𑄛𑄚𑄨 𑄜𑄬𑄣𑄢𑄴 ।,আম গাছটি চোখের পানি ফেলতেছে
𑄈𑄎𑄮𑄢𑄴 𑄉𑄎𑄴-𑄃 -𑄇𑄘𑄟𑄳𑄦𑄧𑄣 𑄉𑄎𑄴𑄌𑄪𑄃𑄧 𑄖𑄢𑄬 𑄝𑄪𑄏𑄘𑄧𑄚𑄴 ।,কাঠঠোকরা গাছটি তাকে বুঝাচ্ছে
𑄃𑄟𑄴 𑄉𑄎𑄴𑄌𑄪𑄃𑄧 𑄃𑄪𑄥𑄴𑄥𑄮 𑄃𑄧𑄣𑄧 ।,আম গাছটি উে গেল
𑄈𑄎𑄮𑄢𑄴 𑄉𑄎𑄴𑄌𑄪𑄃𑄧𑄤𑄧 𑄃𑄪𑄥𑄴𑄥𑄮 𑄃𑄧𑄣𑄧 ।,.খাওার গাছটিও উস্ছে
𑄝𑄣𑄧𑄇𑄴 𑄘𑄨𑄚𑄴 𑄡𑄬𑄢𑄬 𑄃𑄟𑄴 𑄉𑄎𑄧𑄌𑄮𑄢𑄴 𑄚𑄪𑄃𑄧 𑄛𑄘 𑄃𑄪𑄘𑄨𑄣𑄧 ।,বালকের দিন যে আম্র গাছের পাতা পলো
𑄝𑄉𑄚𑄧𑄖𑄴 𑄝𑄬𑄇𑄴 𑄉𑄎𑄴𑄥𑄪𑄚𑄴 𑄃𑄪𑄥𑄴𑄥𑄮 𑄃𑄧𑄣𑄇𑄴 ।,বাগানে সব গাছ উঠতেছে
𑄈𑄘𑄟𑄧𑄣 𑄉𑄎𑄴𑄌𑄪𑄃𑄧𑄤𑄧 𑄃𑄪𑄥𑄴𑄥𑄮 𑄃𑄧𑄣𑄧 ।,কাঠাল গাছটাও উস্কুখুস্কু
𑄍𑄨𑄎𑄨 𑄑𑄧𑄘𑄬𑄇𑄴𑄇𑄮 𑄛𑄣𑄬𑄝 ।,ছিঁচকাঁদুনে পা
𑄍𑄨𑄎𑄨 𑄖𑄝𑄛𑄴𑄛𑄮𑄢𑄬 𑄖𑄚𑄨𑄚𑄬𑄭 𑄑𑄧𑄘𑄬𑄇𑄴𑄇𑄱𑄢𑄬 𑄃𑄨𑄢𑄨 𑄘𑄨𑄣𑄧 ।,ছিছি তাকে টোকাইটা টোকাই দিল
𑄒𑄧𑄘𑄬𑄇𑄴 𑄛𑄬𑄉𑄴,এক জাতী পাখি
𑄢𑄧𑄎𑄬𑄠𑄬 : 𑄉𑄮𑄛𑄨𑄚𑄗𑄴 𑄖𑄳𑄢𑄛𑄪𑄢,"রগচটা, গোঁার গোবিন্দ, গোঁার গোবিন্দ"
