Fourth Division,First Division
এগুলা কার জায়গা? কার ঘর? কার ছবি এইটি? কার কাছে যাচ্ছো তুমি? কার সাথে থাকো তোমরা?,𑄃𑄨𑄠𑄚𑄳𑄦𑄨 𑄇 𑄎𑄉? 𑄇 𑄊𑄧𑄢𑄴? 𑄇 𑄥𑄧𑄝𑄨 𑄃𑄨𑄞𑄬? 𑄇 𑄥𑄨𑄙𑄪 𑄎𑄧𑄖𑄴𑄗𑄬 𑄖𑄪𑄠𑄴? 𑄇 𑄣𑄧𑄊𑄬 𑄗𑄉𑄧𑄘𑄬 𑄖𑄪𑄟𑄳𑄦𑄨?
বেতের কুন্ডলী,𑄝𑄬𑄙𑄧 𑄇𑄇𑄴
তোমার কাকা কোথায় গেছে? কাকারা আমাদের এখানে বেড়াতে আসবে।,𑄖𑄧 𑄇𑄇𑄴𑄇 𑄇𑄪𑄙𑄪 𑄎𑄨𑄠𑄳𑄦𑄬? 𑄇𑄇𑄴𑄇𑄘𑄊𑄨 𑄃𑄟𑄳𑄦 𑄃𑄨𑄙𑄪 𑄝𑄬𑄢 𑄃𑄬𑄞𑄇𑄴𑅁
খিল খিল হাসি,𑄇𑄇𑄴 𑄇𑄇𑄴 𑄦𑄎𑄨
তারা যে খিল খিল হাসি দিচ্ছে তো!,𑄖𑄢𑄳𑄦 𑄎𑄬 𑄇𑄇𑄴 𑄇𑄇𑄴 𑄦𑄎𑄨 𑄘𑄬𑄙𑄧𑄚𑄴 𑄘𑄧!
সে খিলখিলিয়ে একটি হাসি দিলো।,𑄖𑄬 𑄇𑄇𑄴𑄇𑄉𑄬𑄠𑄴 𑄃𑄨𑄇𑄴𑄊𑄮 𑄦𑄎𑄨 𑄘𑄨𑄣𑄳𑄦𑄮𑅁
কাকিরা কোথায় গেলো?,𑄇𑄇𑄴𑄇𑄨 𑄘𑄊𑄨 𑄇𑄪𑄙𑄪 𑄎𑄬𑄣𑄳𑄦𑄇𑄴?
বাঁশের ভেলা,𑄝𑄏𑄧 𑄇𑄇𑄴𑄇𑄳𑄠𑄬
উপর থেকে ভেলায় করে মানুষ নামতেছে,𑄃𑄉𑄢𑄬𑄖𑄴𑄗𑄪𑄚𑄴 𑄇𑄇𑄴𑄇𑄳𑄠𑄬𑄖𑄴 𑄉𑄧𑄢𑄳𑄦𑄨 𑄟𑄚𑄳𑄦𑄪𑄌𑄴 𑄣𑄟𑄧𑄘𑄧𑄚𑄴
ভেলা শুধু ঝিরির নিম্নধারায় যেতে পারে।,𑄇𑄇𑄴𑄇𑄳𑄠𑄬 𑄝𑄚 𑄥𑄧𑄢 𑄣𑄟𑄧𑄚𑄨 𑄎𑄬 𑄛𑄢𑄬𑄘𑄬𑅁
লেবু বাগান,𑄇𑄉𑄧𑄎𑄨 𑄝𑄉𑄚𑄴
সাদা কাগজ,𑄥𑄘 𑄇𑄉𑄮𑄌𑄴
নিউজপ্রিন্ট কাগজ,𑄚𑄨𑄃𑄪𑄌𑄴𑄛𑄳𑄢𑄨𑄚𑄴𑄖𑄴 𑄇𑄉𑄮𑄌𑄴
ফাটা কাগজ,𑄜𑄘 𑄇𑄉𑄮𑄌𑄴
ভালো কাগজ,𑄉𑄧𑄟𑄴 𑄇𑄉𑄮𑄌𑄴𑅁
কাঁকড়ার গর্ত(বাসস্থান),𑄇𑄋𑄢𑄳𑄦 𑄘𑄢𑄴
কাঁকড়ার বুকের শাঁস,𑄇𑄋𑄢𑄳𑄦 𑄌𑄇𑄴
কাঁকড়ার মস্তিষ্ক,𑄇𑄋𑄢𑄳𑄦 𑄊𑄨𑄣𑄪𑄇𑄴
কুঞ্চিত হওয়া,𑄇𑄋𑄪𑄢𑄳𑄦𑄪𑄇𑄴 𑄝𑄧𑄘𑄚
কোকড়ানো চুলবিশিষ্ট,𑄇𑄋𑄪𑄢𑄳𑄦𑄪𑄇𑄴 𑄌𑄪𑄣𑄮
কোকড়ানো কোকড়ানো চুলগুলো তার,𑄇𑄋𑄪𑄢𑄳𑄦𑄪𑄇𑄴 𑄇𑄋𑄪𑄢𑄳𑄦𑄪𑄇𑄴 𑄌𑄪𑄣𑄚𑄳𑄦𑄨 𑄖𑄢𑄴
শাকের আগাটি রোগাক্রান্ত হয়ে কোকড়ানো হয়ে গেছে।,𑄥𑄉𑄧 𑄃𑄉𑄞𑄮 𑄛𑄨𑄢𑄬 𑄙𑄧𑄢𑄨𑄚𑄬𑄠𑄴 𑄉𑄧𑄘 𑄇𑄋𑄪𑄢𑄳𑄦𑄪𑄇𑄴 𑄝𑄧𑄭𑄖𑄴𑄗𑄬𑅁
মেরুদণ্ডের কাটা,𑄇𑄋𑄬𑄣𑄮 𑄇𑄘
মেরুদণ্ডের ব্যথা,𑄇𑄋𑄬𑄣𑄴 𑄛𑄨𑄢𑄬
মেরুদণ্ড লম্বা,𑄇𑄋𑄬𑄣𑄴 𑄣𑄟𑄴𑄝
মেরুদণ্ড ভাঙা কষ্ট,𑄇𑄋𑄬𑄣𑄴 𑄞𑄋 𑄘𑄪𑄇𑄴
<,𑄥𑄨𑄝𑄳𑄦𑄬 𑄇𑄨 𑄇𑄋𑄬𑄣𑄬𑄭𑄖𑄴𑄗𑄬 𑄉𑄧𑄢𑄳𑄦𑄨 𑄉𑄚𑄴 𑄝𑄏𑄬 𑄘𑄬𑄢𑄴 𑄇𑄨𑄎𑄬𑄚𑄨 𑄘𑄨𑄝𑄪𑄌𑄴𑄍𑄬 𑄢𑄮𑄘𑄮 𑄟𑄳𑄦𑄠𑄴
তার কণ্ঠটি একদম কর্কশ লাগছে।,𑄥𑄨𑄝𑄳𑄦𑄬 𑄇𑄨 𑄇𑄋𑄬𑄣𑄬𑄭𑄖𑄴𑄗𑄬 𑄉𑄧𑄢𑄳𑄦𑄨 𑄉𑄚𑄴 𑄝𑄏𑄬 𑄘𑄬𑄢𑄴 𑄇𑄨𑄎𑄬𑄚𑄨 𑄘𑄨𑄝𑄪𑄌𑄴𑄍𑄬 𑄢𑄮𑄘𑄮 𑄟𑄳𑄦𑄠𑄴
শুকিয়ে পুরোটা শক্ত হয়ে গেছে সেই শরীর,𑄌𑄮𑄉𑄬𑄚𑄳𑄦𑄬𑄠𑄴 𑄉𑄧𑄘 𑄇𑄌𑄴𑄗𑄧 𑄦𑄪𑄠𑄳𑄦𑄬 𑄥𑄬 𑄇𑄨𑄠𑄬𑅁
অতি চালাকে পথের পাশে পায়খানা করা,𑄃𑄙𑄨𑄇𑄴 𑄌𑄣𑄊𑄬 𑄛𑄧𑄙𑄧 𑄇𑄎𑄖𑄴 𑄦𑄉𑄚
"কাঁচা নোংরা আমগুলো কেন খাচ্ছো, কী জানি",𑄇𑄎 𑄇𑄧𑄎𑄧𑄢 𑄃𑄟𑄳𑄦𑄪𑄚𑄴 𑄇𑄨𑄖𑄴𑄗𑄬𑄠𑄴 𑄈𑄧𑄂𑄢𑄴 𑄇𑄨𑄎𑄬𑄚𑄨
কাঁচা কাঁচা বরই,𑄇𑄎 𑄇𑄎 𑄝𑄧𑄢𑄳𑄦𑄮𑄠
কাঁচা পাকা চুলগুলো তার,𑄇𑄎 𑄛𑄉𑄚𑄳𑄦 𑄌𑄪𑄣𑄚𑄳𑄦𑄨 𑄖𑄢𑄴
৩. সেটি তো একদম মিথ্যা কথা বললো গিয়ে,𑄹. 𑄥𑄨𑄠𑄳𑄦𑄬𑄚𑄴 𑄙𑄧 𑄇𑄎 𑄟𑄨𑄏𑄬 𑄇𑄧𑄙 𑄦𑄧𑄣𑄧𑄉𑄮𑄠𑄴
তাকে একদম আমার মামার মতো দেখতেছি।,𑄖𑄢𑄳𑄦𑄬 𑄇𑄎 𑄟𑄧 𑄟𑄭𑄪𑄣𑄴𑄣𑄬𑄞𑄮 𑄙𑄧𑄇𑄴𑄇𑄬 𑄘𑄬𑄊𑄧𑄋𑄧𑄖𑄴𑄖𑄬𑅁
ঘর পরিষ্কার করা,𑄊𑄧𑄢𑄴 𑄇𑄎𑄚
উঠান পরিষ্কার করা,𑄃𑄪𑄙𑄮𑄚𑄴 𑄇𑄎𑄚
আমি না আসার আগে ঘরটি পরিষ্কার করে রেখো,𑄟𑄪𑄠𑄴 𑄚𑄳𑄦𑄧 𑄃𑄬𑄖𑄴𑄗𑄬 𑄊𑄧𑄢𑄚𑄴 𑄇𑄎𑄬 𑄇𑄎𑄭 𑄗𑄮𑄌𑄴𑅁
১. সে সারারাত খুক খুক করে কাশি দিচ্ছিল,𑄷. 𑄥𑄨𑄝𑄬 𑄢𑄬𑄖𑄴𑄗𑄮𑄝𑄮 𑄇𑄪𑄇𑄴𑄇𑄪𑄇𑄴 𑄇𑄎𑄬𑄖𑄴𑄗𑄬
"২. পরীক্ষা কাছে আসতেছে, ভালোভাবে পড়তে হবে","𑄸. 𑄛𑄧𑄢𑄨𑄇𑄴𑄈𑄬 𑄇𑄏𑄣𑄴𑄣𑄨, 𑄉𑄧𑄟𑄬 𑄛𑄧𑄢𑄳𑄦 𑄛𑄧𑄢𑄨𑄝𑄮𑅁"
নোংরা হওয়া/করা: জামাটি নোংরা হয়েছে,𑄇𑄎𑄧𑄢𑄴 𑄦𑄧𑄚/𑄉𑄧𑄢𑄚𑄳𑄦: 𑄥𑄪𑄣𑄪𑄟𑄴𑄟𑄮 𑄇𑄎𑄧𑄢𑄴 𑄦𑄪𑄠𑄬
সে মুহূর্তেই ঘরটি অপরিষ্কার করে ফেলে,𑄥𑄨𑄝𑄬 𑄈𑄇𑄴𑄇𑄬 𑄊𑄧𑄢𑄚𑄴 𑄇𑄎𑄧𑄢𑄴 𑄉𑄧𑄢𑄳𑄦𑄬𑅁
চোখের কাজল,𑄌𑄮𑄊𑄮 𑄇𑄎𑄧𑄣𑄴
তার চোখের কাজলগুলো বড় বড় আছে।,𑄖 𑄌𑄮𑄊𑄮 𑄇𑄎𑄧𑄣𑄚𑄳𑄦𑄨 𑄘𑄋𑄳𑄦𑄧𑄢𑄴 𑄘𑄋𑄳𑄦𑄧𑄢𑄴 𑄃𑄊𑄬𑅁
কাঁচা হলুদ,𑄇𑄎𑄨 𑄦𑄧𑄣𑄮𑄖𑄴
তাকে দড়ি দিয়ে বাঁধো তাহলে।,𑄖𑄢𑄳𑄦𑄬 𑄇𑄏𑄨𑄃𑄚𑄴𑄚𑄮𑄠𑄴 𑄝𑄚𑄳𑄦𑄧 𑄥𑄣𑄳𑄦𑄬𑅁
হালকা-পাতলা শরীরবিশিষ্ট মানুষ,𑄇𑄏𑄨 𑄛𑄘𑄧𑄣𑄴 𑄟𑄚𑄳𑄦𑄪𑄌𑄴
ঝাঁঝালো মদ,𑄷. 𑄇𑄖𑄴𑄇𑄭𑄖𑄴𑄖𑄬 𑄟𑄧𑄖𑄴
২. তীব্র টক/ঝাল,𑄸. 𑄇𑄖𑄴𑄇𑄭𑄖𑄴𑄖𑄬 𑄈𑄧𑄢𑄧/𑄏𑄣𑄴
তীব্র মিষ্টি কথা,𑄇𑄖𑄴𑄇𑄭𑄖𑄴𑄖𑄬 𑄟𑄨𑄏𑄬 𑄇𑄧𑄙
বন থেকে বাঁশ-গাছ কাটতে যাওয়া,𑄇𑄖𑄴𑄖𑄧𑄚𑄧𑄖𑄴 𑄎𑄚
প্রায় মাস হলো তারা বন থেকে বাঁশ-গাছ কাটতে গেছে,𑄖𑄢𑄳𑄦 𑄇𑄖𑄴𑄖𑄧𑄚𑄧𑄖𑄴 𑄎𑄨𑄠𑄮𑄚𑄴𑄙𑄬 𑄟𑄳𑄦𑄌𑄴𑄟𑄪𑄣𑄮 𑄦𑄧𑄣𑄧
তারা কবে বন থেকে বাঁশ-গাছ কেটে ফিরবে/আসবে?,𑄖𑄢𑄳𑄦 𑄇𑄧𑄟𑄧𑄣𑄬 𑄇𑄖𑄴𑄖𑄧𑄚𑄧𑄖𑄴𑄗𑄪𑄚𑄴 𑄜𑄨𑄢𑄨𑄝𑄇𑄴𑄇𑄮𑄠𑄴 / 𑄃𑄬𑄝𑄇𑄴𑄈𑄮𑄠𑄴?
পাকনা কাঁঠাল,𑄇𑄖𑄴𑄗𑄮𑄣𑄴 𑄛𑄉𑄚𑄳𑄦
কাঁঠালের মুচি,𑄇𑄖𑄴𑄖𑄮𑄣𑄳𑄦𑄮 𑄟𑄪𑄏𑄨
কাঁটা ফোটানো,𑄇𑄘 𑄜𑄪𑄘𑄚
বরই কাঁটা,𑄝𑄮𑄢𑄳𑄦𑄮𑄠𑄴 𑄇𑄘
শিকলের কাঁটা,𑄥𑄨𑄋𑄮𑄣𑄮 𑄇𑄘
কাঁটার মত সুচালো।,𑄇𑄘 𑄙𑄧𑄇𑄴𑄇𑄬 𑄌𑄪𑄌𑄴𑄌𑄬𑄁𑅁
গাদাগাদা মানুষ,𑄟𑄚𑄳𑄦𑄪𑄌𑄴 𑄇𑄘𑄇𑄘
গাদাগাদা আর্মি এসেছে,𑄇𑄘𑄇𑄘 𑄃𑄢𑄴𑄟𑄳𑄦𑄨 𑄃𑄨𑄌𑄴𑄍𑄮𑄚𑄴𑄘𑄬𑅁
জামাটি/প্যান্টটি আঁট হয়েছে।,𑄥𑄪𑄣𑄪𑄟𑄴𑄟𑄮/𑄛𑄳𑄦𑄬𑄚𑄴𑄚𑄮 𑄇𑄘𑄇𑄭𑄖𑄴𑄖𑄬 𑄦𑄪𑄠𑄬𑅁
জীবন কাটানো,𑄎𑄨𑄁𑄇𑄚𑄨 𑄇𑄘𑄚
সময় কাটানো,𑄥𑄧𑄟𑄧𑄠𑄴 𑄇𑄘𑄚
কোন রকমে জীবন কাটানো,𑄎𑄨𑄁𑄇𑄚𑄨 𑄇𑄘𑄚 𑄃𑄳𑄦𑄠𑄴 𑄇𑄧𑄚𑄳𑄦𑄧 𑄝𑄝𑄧𑄘𑄬
কানায় কানায় বিপদটি কাটিয়ে উঠতে পারলাম,𑄝𑄧𑄣𑄬 𑄝𑄧𑄣𑄬 𑄝𑄨𑄛𑄧𑄖𑄴𑄗𑄚𑄴 𑄇𑄘𑄬 𑄛𑄣𑄴𑄣𑄪𑄁𑄉𑄬
এগুলো সহজে কাটানো যায় নাকি?,𑄥𑄨𑄠𑄬𑄚𑄳𑄦𑄨 𑄈𑄢𑄳𑄦 𑄇𑄨 𑄇𑄘 𑄎𑄭𑄘𑄬 𑄚𑄳𑄦𑄬?
কাদামারেচ শাক,𑄇𑄘𑄟𑄢𑄳𑄦𑄬𑄌𑄴 𑄥𑄇𑄴
আমলকি শরবত খেলে সুস্বাদু,𑄇𑄘𑄟𑄳𑄦𑄧𑄣 𑄥𑄧𑄢𑄴𑄝𑄧𑄖𑄴 𑄈𑄬𑄣𑄬 𑄥𑄪𑄃𑄮𑄖𑄴𑅁
কাতাল মাছের মাথা বড়,𑄇𑄘𑄣𑄴 𑄟𑄏𑄧 𑄥𑄨𑄢𑄬 𑄘𑄋𑄳𑄦𑄧𑄢𑄴𑅁
শেষ সময়ে,𑄥𑄬𑄌𑄴 𑄇𑄘𑄣𑄴𑄣𑄬
কার্তিক মাসের চাঁদের আলো,𑄇𑄘𑄨 𑄟𑄳𑄦𑄌𑄴𑄌𑄬 𑄎𑄪𑄚𑄴 𑄛𑄳𑄦𑄧𑄢𑄴
কানের ছিদ্র,𑄇𑄚𑄧 𑄇𑄚
বেড়ার ছিদ্র,𑄝𑄬𑄢𑄳𑄦𑄧 𑄇𑄚
সে যে গর্জে গর্জে কান্না করছে,𑄥𑄨𑄝𑄬 𑄎𑄬 𑄉𑄪𑄎𑄪𑄢𑄨 𑄉𑄪𑄎𑄪𑄢𑄨 𑄇𑄚𑄬𑄢𑄴
৩. তার কান্নাগুলো একদম শুনতে পারতেছি না আমি,𑄹. 𑄖 𑄇𑄚𑄚𑄃𑄳𑄦𑄚𑄴 𑄃𑄨𑄏𑄪 𑄥𑄪𑄚𑄨 𑄚𑄧 𑄛𑄢𑄧𑄋𑄧𑄖𑄴𑄗𑄬 𑄟𑄪𑄠𑄴
পাহাড় কান্না করছে,𑄟𑄮𑄚𑄴𑄚𑄳𑄦𑄮 𑄇𑄚𑄬𑄢𑄴𑅁
কানের পর্দা,𑄇𑄚𑄧 𑄛𑄘
কানের ছিদ্র,𑄇𑄚𑄧 𑄇𑄚/𑄞𑄬𑄘
কানের ময়লা,𑄇𑄚𑄧 𑄊𑄪
তীব্র রোদ,𑄇𑄚𑄴 𑄛𑄉𑄚𑄳𑄦 𑄢𑄮𑄖𑄴
কানের দুল,𑄇𑄚𑄴 𑄜𑄪𑄣𑄴
অন্ধ মানুষ,𑄸. 𑄇𑄚𑄴 𑄟𑄚𑄳𑄦𑄪𑄌𑄴
আসলেই শব্দ দূষিত হয়েছে তার গানটি শুনতে শুনতে,𑄎𑄧𑄘𑄧𑄝𑄧𑄘𑄬 𑄇𑄚𑄴𑄇𑄨𑄣𑄨𑄖𑄴𑄗𑄬 𑄦𑄪𑄠𑄳𑄦𑄬 𑄖 𑄉𑄚𑄴𑄚𑄳𑄦𑄮 𑄥𑄪𑄚𑄮𑄘𑄬 𑄥𑄪𑄚𑄮𑄘𑄬
কান ঝাঁপিয়ে এক থাপ্পর,𑄇𑄚𑄴𑄎𑄝 𑄌𑄳𑄦𑄬𑄠𑄴 𑄃𑄬𑄇𑄴 𑄌𑄪𑄉𑄮𑄢𑄴
১. কাপড় ফাটা,𑄷. 𑄇𑄚𑄨 𑄜𑄘
ফাটা কাপড়,𑄜𑄘 𑄇𑄚𑄨
গামছা কাপড়,𑄉𑄚𑄴𑄏 𑄇𑄚𑄨
২. কলা কানি,𑄸. 𑄇𑄧𑄣 𑄇𑄚𑄨
এক কানি কলা,𑄃𑄬𑄇𑄴 𑄇𑄚𑄨 𑄇𑄧𑄣
কানুনগোটি অনেক বেশি ঘুষ খায়।,𑄇𑄚𑄪𑄁𑄉𑄮𑄞𑄮 𑄃𑄧𑄟𑄧𑄉𑄧𑄘𑄧 𑄊𑄪𑄌𑄴 𑄈𑄭𑅁
১. কানায় কানায় সমান হতে হবে,𑄷. 𑄇𑄚𑄳𑄦𑄠𑄴 𑄇𑄚𑄳𑄦𑄠𑄴 𑄥𑄧𑄁 𑄟𑄨𑄣 𑄛𑄧𑄢𑄨𑄝𑄮
বস্তাটি কাঁধে নাও,𑄝𑄧𑄌𑄴𑄗𑄝𑄮 𑄇𑄚𑄳𑄦𑄖𑄴 𑄣𑄧
কাঁধে তোলা/নেওয়া/বসানো,𑄇𑄚𑄳𑄦𑄖𑄴 𑄖𑄪𑄣𑄚𑄳𑄦/𑄣𑄧𑄚/𑄝𑄧𑄎𑄚𑄳𑄦
১. চায়ের কাপ,𑄷. 𑄌𑄳𑄦 𑄇𑄛𑄴
প্লাস্টিকের কাপ,𑄛𑄬𑄣𑄌𑄴𑄖𑄨𑄊𑄮 𑄇𑄛𑄴
১. বিয়ে মেজবানে কাটাকাটি করলে পাপ হয়,𑄷. 𑄟𑄬𑄣 𑄟𑄬𑄖𑄴𑄝𑄚𑄧𑄖𑄴 𑄇𑄝𑄇𑄪𑄘𑄮 𑄉𑄧𑄣𑄴𑄣𑄳𑄦𑄬 𑄛𑄛𑄴 𑄦𑄧𑄠𑄴
২. অপারেশন মানে হলো কাটাকাটি,𑄸. 𑄃𑄧𑄛𑄢𑄬𑄥𑄧𑄚𑄴 𑄟𑄚𑄳𑄦𑄬 𑄦𑄧𑄣𑄧𑄘𑄬 𑄇𑄝𑄇𑄪𑄘𑄮
সেই ভাগ দিয়ে আমার কিছুই হবে না,𑄸. 𑄥𑄬 𑄞𑄪𑄇𑄴𑄇𑄮𑄠𑄴 𑄟𑄧𑄢𑄴 𑄈𑄎𑄨𑄠𑄳𑄦𑄮 𑄚𑄧 𑄦𑄧𑄠𑄴
গাছটিকে পরিস্কার করলে সুন্দর লাগবে,𑄉𑄌𑄴𑄍𑄮𑄢𑄬 𑄈𑄎𑄨 𑄘𑄨𑄣𑄳𑄦𑄬 𑄘𑄮𑄣𑄴 𑄦𑄧𑄝𑄧𑅁
খাতা কলম নাও,𑄈𑄖 𑄇𑄧𑄣𑄧𑄟𑄴 𑄣𑄧
খাাতায় কি লেখা আছে?,𑄈𑄖𑄝𑄮𑄖𑄴 𑄇𑄨 𑄣𑄨𑄇𑄴𑄈𑄬 𑄃𑄊𑄬?
বক্স খাট,𑄷. 𑄝𑄧𑄇𑄴𑄥𑄴 𑄈𑄖𑄴
তুমি খাটে শুবা আমি মাটিতে ঘুমাব,"𑄖𑄪𑄠𑄴 𑄈𑄘𑄧𑄖𑄴 𑄛𑄧𑄢𑄨𑄝𑄬, 𑄟𑄪𑄠𑄴 𑄟𑄘𑄨𑄖𑄴 𑄊𑄪𑄟𑄴 𑄎𑄬𑄟𑄴"
উঠানে একদিকে আকা-বাকা হয়েছে,𑄃𑄪𑄙𑄮𑄚𑄚𑄴 𑄃𑄬𑄇𑄴 𑄇𑄨𑄖𑄴𑄖𑄬𑄚𑄴𑄚𑄳𑄦𑄨 𑄈𑄖𑄴𑄙𑄮 𑄦𑄪𑄠𑄬
আকা-বাকা জায়গা,𑄈𑄖𑄴𑄘𑄮 𑄎𑄉𑅁
চোখ বন্ধ কর,𑄷. 𑄌𑄮𑄇𑄴𑄈𑄪𑄚𑄴 𑄈𑄖𑄴
চোখ বন্ধ করলে অন্ধকার,𑄌𑄮𑄇𑄴 𑄈𑄘𑄨𑄣𑄬 𑄃𑄚𑄴𑄙𑄢𑄴
ঘুম না আসলেও চোখ বন্ধ করে থাকি আমি,𑄊𑄪𑄟𑄴 𑄚𑄧 𑄃𑄬𑄣𑄳𑄦𑄬𑄠𑄮 𑄝𑄚 𑄌𑄮𑄇𑄴 𑄈𑄘𑄨 𑄃𑄊𑄧𑄁 𑄟𑄪𑄠𑄴
পরীক্ষার সময় কষ্ট না করলে কেমনে ভাল রেজাল্ট করবা বল?,𑄛𑄧𑄢𑄨𑄇𑄴𑄈𑄬 𑄃𑄧𑄇𑄴𑄗𑄧𑄖𑄴 𑄚𑄧 𑄈𑄘𑄨𑄣𑄬 𑄇𑄬𑄚𑄳𑄦𑄬 𑄉𑄧𑄟𑄴 𑄢𑄳𑄦𑄬𑄎𑄣𑄴 𑄉𑄧𑄖𑄴𑄗𑄧 𑄇𑄳𑄦𑄧𑄌𑄴?
পিনোন হাদি,𑄛𑄨𑄚𑄳𑄦𑄮𑄚𑄴-𑄈𑄘𑄨
ফুলের হাদি,𑄜𑄪𑄣𑄴 𑄈𑄘𑄨
লাল হাদি,𑄢𑄋 𑄈𑄘𑄨
হাদির গিরা,𑄈𑄘𑄨 𑄛𑄬𑄣𑄴
লাাল পিনোন লাল হাদি পরিধান করা যুবতি,𑄢𑄋 𑄛𑄨𑄚𑄳𑄦𑄮𑄚𑄴 𑄢𑄋 𑄈𑄘𑄨 𑄛𑄨𑄚𑄴𑄐𑄳𑄦𑄬 𑄉𑄝𑄪𑄢𑄳𑄦𑄨𑅁
ভাত-পানি খাওয়া,𑄷. 𑄞𑄖𑄴-𑄛𑄚𑄳𑄦𑄨 𑄈𑄚
পেট ভরে খাওয়া,𑄛𑄬𑄘 𑄖𑄨𑄁 𑄖𑄨𑄁 𑄈𑄚
খাওয়া দাওয়া চলতেছে,𑄈𑄚 𑄘𑄚 𑄌𑄧𑄣𑄬𑄖𑄴𑄖𑄬
খাাওয়ার তালে মারা যাওয়া,𑄈𑄚 𑄉𑄧𑄘𑄨𑄠𑄬 𑄟𑄧𑄢𑄬
দুধ/ ওষুধ খাওয়া,𑄘𑄪𑄖𑄴/𑄘𑄢𑄪 𑄈𑄚
কাটা খাওয়া,𑄦𑄝 𑄈𑄚
ঘুষ খাওয়া,𑄊𑄪𑄌𑄴 𑄈𑄚
গিলে খাওয়া,𑄉𑄨𑄣𑄨 𑄈𑄚
চাবিয়ে খাওয়া,𑄌𑄝𑄬 𑄈𑄚
পান করে খাওয়া,𑄛𑄨 𑄈𑄚
চুষে খাওয়া,𑄌𑄪𑄏𑄨 𑄈𑄚
জিহবা দিয়ে খাওয়া,𑄣𑄳𑄦𑄬 𑄈𑄚
কাামড়িয়ে খাওয়া,𑄇𑄟𑄴𑄢𑄬 𑄇𑄟𑄴𑄢𑄬 𑄈𑄚
চেটে পুটে খাওয়া,𑄃𑄏𑄨 𑄛𑄪𑄏𑄨 𑄈𑄚
ভাোজন বিলাসী,𑄈𑄚 𑄟𑄧𑄢/𑄎𑄧𑄝𑄧𑄢𑄴
গেম খাওয়া,𑄸. 𑄉𑄬𑄟𑄴 𑄈𑄚
মাইর খাওয়া,𑄟𑄬𑄢𑄴 𑄈𑄚
থাপ্পর খাওয়া,𑄌𑄪𑄉𑄮𑄢𑄴 𑄈𑄚
ধাক্কা খাওয়া,𑄙𑄪𑄌𑄴 𑄈𑄚
দরজাটা ভালমতো বন্ধ না,𑄘𑄮𑄢𑄳𑄦𑄚𑄴 𑄉𑄧𑄟𑄬 𑄃𑄞𑄧𑄢𑄴 𑄚𑄧 𑄈𑄭
বড় একটা ধাক্কা খেলাম দরজায়,𑄝𑄧𑄢𑄴 𑄃𑄨𑄇𑄴𑄊𑄮 𑄙𑄪𑄌𑄴 𑄈𑄨𑄠𑄮𑄁𑄉𑄬 𑄘𑄮𑄢𑄚𑄳𑄦𑄧𑄖𑄴
তাদের বাসায় বড় একটা খাওয়া আছে,𑄖𑄢𑄳𑄦 𑄊𑄧𑄢𑄧𑄖𑄴 𑄃𑄨𑄌𑄴𑄌𑄬 𑄃𑄨𑄇𑄴𑄊𑄮 𑄈𑄚 𑄃𑄊𑄬
এখানে ঘুরতে আসলে মুরগির পা খাওয়া লাগেই,𑄃𑄨𑄙𑄪 𑄝𑄬𑄢 𑄃𑄬𑄣𑄳𑄦𑄬 𑄇𑄪𑄢𑄳𑄦𑄮 𑄗𑄬𑄋𑄚𑄨 𑄈 𑄛𑄧𑄢𑄬𑄘𑄬 𑄠𑄬!
খাওয়া দাওয়া করেছো?,𑄈𑄚 𑄘𑄚 𑄉𑄪𑄌𑄴𑄍𑄮 𑄚𑄨?
চাকমারা হচ্ছে জুম্ম চাপড়ি,𑄌𑄁𑄟𑄳𑄦 𑄃𑄪𑄚𑄴 𑄦𑄧𑄣𑄇𑄴𑄇𑄬 𑄎𑄪𑄟𑄴𑄟𑄮 𑄈𑄛𑄴𑄛𑄮!
বাচ্চাটাকে দুধ খাওয়াও,𑄷. 𑄉𑄪𑄢𑄮𑄞𑄮𑄢𑄬 𑄘𑄪𑄖𑄴 𑄈𑄝
জুয়া খেলায় কত টাকা হারিয়েছে কিজানি সে,𑄎𑄪 𑄈𑄢𑄖𑄴 𑄇𑄧𑄠𑄴 𑄖𑄬𑄋 𑄈𑄝𑄬𑄠𑄳𑄦𑄬 𑄇𑄨𑄎𑄬𑄚𑄨 𑄖𑄬
পানি/ ওষুধ খাওয়ানো,𑄛𑄚𑄳𑄦𑄨/𑄘𑄢𑄪 𑄈𑄝𑄚
লজ্জা খাওয়ানো,𑄣𑄎𑄴 𑄈𑄝𑄚
বাতাস/ ধোঁয়া খাওয়ানো,𑄝𑄮𑄠𑄬𑄢𑄴/𑄙𑄪𑄟𑄮 𑄈𑄝𑄚
"দূর থেকে আসছে মেহমানরা, ভান্তে শ্রমণ, দায়কগন আপনাদের ভালমতো খাওয়াতে পারলাম না, ক্ষমা চাচ্ছি আমারা তোমার কাছ থেকে","𑄘𑄪𑄢𑄮𑄖𑄴𑄗𑄪𑄚𑄴 𑄃𑄨𑄌𑄴𑄍𑄬 𑄉𑄧𑄢𑄴𑄝𑄃𑄳𑄦𑄪𑄚𑄴, 𑄞𑄚𑄴𑄖𑄬 𑄥𑄳𑄢𑄧𑄟𑄧𑄚𑄴 𑄘𑄠𑄧𑄇𑄴𑄈𑄪𑄚𑄴, 𑄘𑄮𑄣𑄬 𑄈𑄝𑄬 𑄚𑄧 𑄛𑄢𑄨𑄣𑄮𑄁, 𑄈𑄬𑄟 𑄟𑄊𑄨 𑄃𑄟𑄳𑄦𑄨 𑄖𑄧𑄟𑄳𑄦𑄖𑄴𑄖𑄪𑄚𑄴"
খাওয়া দাওয়া শেষ হলে যাওয়াটা ঠিক করা লাগবে তো,𑄈𑄝𑄚 𑄘𑄝𑄚 𑄗𑄪𑄟𑄴 𑄦𑄧𑄣𑄬 𑄎𑄚𑄃𑄳𑄦𑄚𑄴 𑄗𑄨𑄇𑄴 𑄉𑄧𑄢𑄳𑄦 𑄛𑄧𑄢𑄨𑄝𑄮 𑄙𑄧
খাাওয়ালাম দাওয়ালাম আবার এসব কথাও শুনা লাগলো,"𑄈𑄝𑄬𑄣𑄪𑄁 𑄘𑄝𑄬𑄣𑄪𑄁, 𑄃𑄢𑄳𑄦𑄧 𑄚𑄬 𑄥𑄨𑄠𑄚𑄳𑄦𑄨𑄠𑄮 𑄥𑄪𑄚𑄨 𑄛𑄬𑄣𑄪𑄁𑄊𑄬"
খাওয়া দাওয়ার পর তাকে ঘুমানো লাগবে,𑄈𑄝𑄬 𑄘𑄝𑄬 𑄊𑄪𑄟𑄴 𑄚𑄬𑄎 𑄉𑄪𑄢𑄮𑄞𑄮𑄢𑄬
"স্ত্রীকে খাওয়ায় দাওয়ায় রাখতে পারলে ভালো, না পারলে বলবে কি জন্য নিয়েছ তাকে","𑄟𑄮𑄉𑄮𑄢𑄳𑄦𑄬 𑄈𑄝𑄬 𑄘𑄝𑄬 𑄛𑄣𑄴𑄣𑄬 𑄉𑄧𑄟𑄴, 𑄚𑄧 𑄛𑄣𑄴𑄣𑄬 𑄇𑄧𑄝𑄇𑄴𑄈𑄬- 𑄇𑄨𑄖𑄴𑄗𑄬𑄠𑄴 𑄣𑄪𑄠𑄮𑄌𑄴𑄍𑄬 𑄖𑄧𑄟𑄴𑄟𑄢𑄳𑄦𑄬?"
লোকটা অনেক খাবার বিলাসী,𑄟𑄚𑄳𑄦𑄪𑄌𑄴𑄌𑄮 𑄃𑄧𑄟𑄧𑄉𑄧𑄘𑄧 𑄈𑄝𑄪𑅁
আমরা অবশ্যই বুদ্ধের কথা শুনব,𑄃𑄟𑄳𑄦𑄨 𑄈𑄟𑄇𑄴𑄇𑄭 𑄝𑄪𑄘𑄴𑄙𑄮 𑄇𑄧𑄙 𑄙𑄧𑄢𑄨𑄝𑄮𑄁
অবশ্যই ঘুরতে আসিও আমাদের এখানে,𑄈𑄟𑄇𑄴𑄇𑄭 𑄝𑄬𑄢𑄬𑄠𑄮𑄉𑄮𑄠𑄴 𑄃𑄟𑄳𑄦 𑄃𑄨𑄙𑄪
সে তো সেটা অবশ্যই জানে,𑄖𑄬 𑄙𑄧 𑄥𑄨𑄠𑄳𑄦𑄬𑄚𑄴 𑄈𑄟𑄇𑄴𑄇𑄭 𑄈𑄧𑄝𑄧𑄢𑄴 𑄛𑄳𑄦𑄠𑄴
"মাংস তো না খাওয়া ভালো, অবশ্যই যদি  খাওয়া লাগলে বেশি না খাওয়া","𑄦𑄬𑄢 𑄘𑄧 𑄃𑄬𑄚𑄳𑄦𑄬 𑄚𑄧 𑄈𑄚 𑄉𑄧𑄟𑄴, 𑄈𑄟𑄇𑄴𑄇𑄭 𑄈𑄬𑄣𑄬𑄠𑄳𑄦𑄮 𑄝𑄬𑄌𑄴 𑄚𑄧 𑄈𑄚 𑄃𑄭𑅁"
ঘরের কাজ/ পাহাড়ের কাজ,𑄊𑄧𑄢𑄧 𑄈𑄟𑄴/ 𑄟𑄪𑄢𑄴 𑄈𑄟𑄴
কাজ করা,𑄈𑄟𑄴 𑄉𑄢𑄚
চোর চুরি করলে সহজে স্বীকার করে না,𑄷. 𑄌𑄪𑄢𑄬 𑄌𑄪𑄢𑄴 𑄉𑄧𑄣𑄴𑄣𑄳𑄦𑄬 𑄈𑄢𑄇𑄴𑄇𑄭 𑄈𑄟𑄴 𑄚𑄧 𑄈𑄚𑄴
কে গ্লাসটা ভেঙ্গে ফেলেছে জিজ্ঞাস করলে কেও স্বীকার করে না,𑄇𑄧𑄚𑄴𑄚𑄳𑄦 𑄉𑄧𑄣𑄳𑄦𑄧𑄌𑄴𑄌𑄮 𑄞𑄋𑄨 𑄜𑄨𑄣𑄴𑄣𑄬 𑄇𑄧𑄣𑄳𑄦𑄬 𑄇𑄧𑄚𑄳𑄦𑄧𑄎𑄚𑄬 𑄈𑄟𑄴 𑄚𑄧 𑄈𑄚𑄴
সে যাবে নাকি স্বীকার করেছে তো,𑄸. 𑄃𑄳𑄦 𑄖𑄬 𑄎𑄬𑄝𑄧 𑄞𑄨𑄣𑄨 𑄈𑄟𑄴 𑄈𑄨𑄠𑄬 𑄘𑄧
সে আমাদের সাথে যাবে নাকি স্বীকার করেছে তো,𑄖𑄬 𑄃𑄟𑄳𑄦 𑄣𑄧𑄊𑄬 𑄎𑄬𑄝𑄧 𑄞𑄨𑄣𑄨 𑄈𑄟𑄴 𑄈𑄨𑄠𑄳𑄦𑄬𑅁
খেলা খেলছে,𑄈𑄢 𑄦𑄧𑄚/𑄈𑄬𑄣𑄚
সহজ অঙ্ক সহজে মিলে না,𑄥𑄧𑄢𑄧𑄣𑄴 𑄃𑄧𑄁𑄇𑄧 𑄝𑄬𑄌𑄴 𑄈𑄢𑄇𑄴𑄇𑄭 𑄚𑄧 𑄟𑄨𑄣𑄬
"সহজে পারে না, বেশি করে কাজ করা লাগে","𑄈𑄢𑄇𑄴𑄇𑄭 𑄚𑄧 𑄛𑄢𑄬, 𑄎𑄧𑄘𑄧𑄝𑄧𑄘𑄬 𑄉𑄧𑄢𑄳𑄦𑄨 𑄇𑄟𑄴 𑄉𑄧𑄢𑄳𑄦 𑄛𑄧𑄢𑄬"
সহজে কি নির্বাণ লাভ হই নাকি? ডাকলে সহজে আসে না সে,𑄈𑄢𑄇𑄴𑄇𑄭 𑄇𑄨 𑄚𑄨𑄢𑄴𑄝𑄚𑄴 𑄛𑄭𑄙𑄬 𑄚𑄬? 𑄘𑄉𑄨𑄣𑄬 𑄈𑄢𑄇𑄴𑄇𑄭/𑄈𑄢𑄳𑄦 𑄚𑄧 𑄥𑄪𑄚𑄬𑄘𑄬 𑄥𑄨𑄝𑄬𑅁
সহজে কি খেলানো যায় নাকি তাকে? খেলায় ডাকলে আসে না সে,𑄈𑄢𑄳𑄦 𑄇𑄨 𑄈𑄬𑄣𑄬 𑄛𑄢𑄬𑄘𑄬 𑄚𑄳𑄦𑄬 𑄖𑄢𑄳𑄦𑄬? 𑄈𑄢𑄳𑄦𑄠𑄴 𑄘𑄉𑄨𑄣𑄬 𑄚𑄧 𑄃𑄬𑄎𑄬𑄙𑄬 𑄖𑄬
সহজে সহজে: চাকরি কি সহজে সহজে পাওয়া যায় নাকি,𑄈𑄢𑄳𑄦 𑄈𑄢𑄳𑄦: 𑄈𑄢𑄳𑄦 𑄈𑄢𑄳𑄦 𑄇𑄨 𑄌𑄉𑄧𑄢𑄨 𑄛𑄭𑄙𑄬 𑄚𑄬!
হাতের চুড়ি,𑄦𑄘𑄧 𑄈𑄢𑄪
পায়েল,𑄗𑄬𑄋𑄧𑄇𑄴𑄈𑄢𑄪
দুর্গ চুড়িটা রাজবন বিহারে আছে,𑄘𑄪𑄢𑄴𑄉𑄮 𑄈𑄢𑄪𑄃𑄚𑄴 𑄢𑄎𑄴 𑄝𑄧𑄚𑄧𑄝𑄨𑄦𑄢𑄧𑄖𑄴 𑄃𑄊𑄬𑅁
পেটটা খালি খালি পাচ্ছি,𑄛𑄬𑄖𑄴𑄗𑄮 𑄈𑄣𑄴𑄈𑄣𑄴𑄣𑄳𑄦𑄬 𑄛𑄋𑄳𑄦𑄧𑄖𑄴𑄖𑄬
কিন্তু আমি তো তোমাদের সাথে যেতে পারবো না,𑄈𑄣𑄳𑄦𑄨𑄇𑄴 𑄟𑄪𑄠𑄴 𑄙𑄧 𑄖𑄧𑄟𑄳𑄦 𑄥𑄧𑄟𑄢𑄬 𑄎𑄬 𑄚𑄧 𑄖𑄋𑄧𑄢𑄨𑄟𑄴𑅁
"কখনো একে খায় খায়, কখনো ওকে খায় খায় করে সে","𑄃𑄬𑄖𑄢𑄳𑄦𑄬 𑄦𑄧𑄣𑄬 𑄈𑄁 𑄇𑄳𑄦𑄁, 𑄃𑄮𑄖𑄢𑄳𑄦𑄬 𑄦𑄧𑄣𑄬 𑄈𑄁𑄇𑄳𑄦𑄁 𑄉𑄧𑄢𑄬𑄙𑄬 𑄖𑄬𑅁"
এক টোকা খেলে বুঝবা! কুঁজো হয়ে ধাক্কা খাইলে মাথায়,𑄷. 𑄃𑄬𑄇𑄴 𑄈𑄧𑄇𑄴 𑄈𑄬𑄣𑄬 𑄝𑄪𑄎𑄨𑄞𑄬! 𑄈𑄧𑄇𑄴 𑄉𑄧𑄢𑄳𑄦𑄨 𑄙𑄪𑄌𑄴 𑄈𑄬𑄣𑄧 𑄖𑄬 𑄥𑄨𑄢𑄬𑄝𑄮𑄖𑄴
কাঁকড়ার খোলস,𑄸. 𑄇𑄋𑄢𑄳𑄦 𑄈𑄧𑄇𑄴
কাঁকড়ার খোলসে ঘিলু থাকে,𑄇𑄋𑄢𑄳𑄦 𑄈𑄧𑄉𑄧𑄖𑄴 𑄊𑄨𑄣𑄪𑄇𑄴 𑄗𑄭
কুঁজো হইয়ো,𑄹. 𑄈𑄧𑄇𑄴 𑄦𑄧
বাঁকা করা,𑄈𑄧𑄇𑄴 𑄉𑄧𑄢𑄚𑄳𑄦
ভয়ে সে বাঁকা হয়েছে,𑄘𑄧𑄢𑄬 𑄖𑄬 𑄈𑄧𑄇𑄴 𑄦𑄪𑄠𑄬
ঠাণ্ডাই সে বাঁকা হয়েছে,𑄎𑄢𑄬 𑄈𑄧𑄇𑄴 𑄦𑄪𑄠𑄬 𑄖𑄬
কুঁজো কুঁজো বুড়োটি কুঁজো হয়ে বেড়াচ্ছে,𑄈𑄧𑄇𑄴 𑄈𑄧𑄇𑄴: 𑄝𑄪𑄢𑄳𑄦𑄮𑄝𑄮 𑄈𑄧𑄇𑄴 𑄈𑄧𑄇𑄴 𑄉𑄧𑄢𑄳𑄦𑄨 𑄝𑄬𑄢𑄢𑄴
"মেরুদণ্ড বাঁকা করিও না, সোজা করে বেড়াও","𑄇𑄋𑄬𑄣𑄴𑄣𑄮 𑄈𑄧𑄇𑄴 𑄚𑄧 𑄉𑄧𑄢𑄳𑄦𑄨𑄌𑄴, 𑄃𑄪𑄎𑄪 𑄉𑄧𑄢𑄳𑄦𑄨 𑄝𑄬𑄢"
মাদুরটা বাঁকা হয়েছে,𑄺. 𑄛𑄘𑄨𑄞𑄮 𑄈𑄧𑄇𑄴 𑄦𑄪𑄠𑄳𑄦𑄬
কাগজটা বাঁকা হয়েছে,𑄇𑄉𑄮𑄌𑄴𑄍𑄚𑄴 𑄈𑄧𑄇𑄴 𑄦𑄪𑄠𑄳𑄦𑄬
টোকা টুকী করিও না,𑄈𑄧𑄇𑄴𑄇 𑄈𑄧𑄇𑄴𑄇𑄨 𑄚𑄧 𑄉𑄧𑄌𑄴𑄍𑄮𑅁
মাথায় টোকা মারা ভালো না,𑄟𑄙𑄖𑄴 𑄈𑄧𑄇𑄴𑄇𑄚 𑄉𑄧𑄟𑄴 𑄚𑄳𑄦𑄧𑄠𑄴
এত জোরে কেন টোকা মারে সে,𑄥𑄬𑄟𑄴𑄝 𑄉𑄧𑄢𑄳𑄦𑄨 𑄇𑄨 𑄈𑄧𑄇𑄴𑄇𑄭 𑄖𑄬?
ককরক করে কে দরজাটা খুললো?,𑄈𑄧𑄇𑄴𑄇𑄧𑄢𑄧𑄇𑄴 𑄉𑄧𑄢𑄳𑄦𑄨 𑄥𑄨𑄝𑄳𑄦𑄬 𑄇𑄧𑄚𑄴𑄚𑄳𑄦 𑄘𑄮𑄢𑄳𑄦𑄚𑄴 𑄈𑄪𑄣𑄨𑄣𑄮?
গাদা বন্দুক দিয়ে শূকর মারা,𑄈𑄧𑄇𑄴𑄇𑄬𑄠𑄬 𑄝𑄧𑄚𑄴𑄘𑄪𑄇𑄴𑄇𑄮𑄠𑄴 𑄥𑄪𑄉𑄮𑄢𑄴 𑄟𑄢𑄚𑅁
তক্ষক কক্‌কক্‌  করে ডাকে,𑄈𑄧𑄇𑄴𑄇𑄬𑄁𑄋𑄮 𑄈𑄧𑄇𑄴𑄇𑄬𑄁 𑄈𑄧𑄇𑄴𑄇𑄬𑄁 𑄉𑄧𑄢𑄳𑄦𑄨 𑄘𑄧𑄉𑄧𑄢𑄬𑄘𑄬
তক্ষক কামড়ালে নাকি যতক্ষণ বজ্রপাত না হয় ছাড়ে না,𑄈𑄧𑄇𑄴𑄇𑄬𑄁𑄋𑄪𑄚𑄴 𑄇𑄟𑄬𑄢𑄬𑄣𑄬 𑄞𑄬𑄣𑄬 𑄘𑄬𑄝 𑄛𑄬𑄢𑄇𑄴 𑄚𑄧 𑄉𑄧𑄣𑄴𑄣𑄳𑄦𑄬 𑄃𑄨𑄢𑄨𑄖𑄴 𑄚𑄧𑄘𑄮𑄚𑄴𑅁
কাগজটা পুরোটা কোঁকড়ানো,𑄇𑄉𑄮𑄌𑄴𑄍𑄚𑄴 𑄉𑄧𑄘 𑄈𑄧𑄇𑄴𑄟𑄧𑄇𑄴𑅁
বিন্নি পিঠা,𑄝𑄨𑄚𑄨 𑄈𑄧𑄉𑄳𑄦
তার হাতের পাতা খসখোসা,𑄖 𑄦𑄘𑄧𑄘𑄛𑄃𑄳𑄦𑄚𑄴 𑄝𑄚 𑄈𑄧𑄌𑄴𑄈𑄧𑄌𑄴𑄌𑄬
কুনো ব্যাঙের চামড়া খসখোসা,𑄈𑄧𑄌𑄴𑄌𑄮 𑄝𑄬𑄋𑄳𑄦𑄧 𑄌𑄟𑄳𑄦𑄚𑄴 𑄈𑄧𑄌𑄴𑄈𑄧𑄌𑄴𑄌𑄬𑅁
ঐদিক আরেকটু যাও তাহলে,𑄥𑄨𑄚𑄴𑄙𑄨 𑄃𑄢𑄳𑄦𑄧𑄇𑄴𑄇 𑄈𑄧𑄌𑄴𑄌 𑄥𑄣𑄳𑄦𑄬𑅁
তুমি এত ছেঁচড়ার মতো থাকো কেন?,𑄸. 𑄖𑄪𑄠𑄴 𑄃𑄬𑄙𑄧𑄇𑄴𑄇𑄨 𑄈𑄧𑄌𑄴𑄌𑄧𑄢𑄴 𑄉𑄧𑄢𑄳𑄦𑄨 𑄗𑄌𑄴?
সে গড়াতে গড়াতে অনেক দূর পোঁছাল,𑄃𑄨𑄞𑄬 𑄈𑄧𑄌𑄴𑄌𑄬 𑄈𑄧𑄌𑄴𑄌𑄬 𑄇𑄪𑄖𑄴𑄙𑄪𑄢𑄴 𑄣𑄳𑄦𑄪𑄁𑄋𑄬𑄉𑄨
গড়াতে গড়াতে যাওয়া,𑄈𑄧𑄌𑄴𑄌𑄬 𑄈𑄧𑄌𑄴𑄌𑄬 𑄎𑄚𑅁
নিতে যাওয়া: তাকে কে নিতে যাবে এখন? নিতে আসা: আমি তোমাকে কালকে বিকেলে নিতে আসব,𑄈𑄧𑄎 𑄎𑄚: 𑄖𑄢𑄳𑄦𑄬 𑄇𑄧𑄚𑄴𑄚𑄳𑄦 𑄈𑄧𑄎 𑄎𑄬𑄝𑄧 𑄃𑄢𑄳𑄦𑄧? 𑄈𑄧𑄎 𑄃𑄬𑄎𑄚𑄳𑄦: 𑄟𑄪𑄠𑄴 𑄖𑄧𑄢𑄳𑄦𑄬 𑄇𑄨𑄣𑄴𑄣𑄬 𑄝𑄨𑄚𑄴𑄐𑄳𑄦𑄬 𑄈𑄧𑄎 𑄃𑄳𑄦𑄬𑄟𑄴
নিতে পাঠানো: আমি তো তাকে বাজারে ওষুধ নিতে পাঠাইছি,𑄈𑄧𑄎 𑄘𑄨 𑄛𑄘𑄚𑄳𑄦: 𑄟𑄪𑄠𑄴 𑄙𑄧 𑄃𑄢𑄳𑄦𑄧 𑄝𑄎𑄢𑄧𑄖𑄴𑄗𑄪𑄚𑄴 𑄈𑄧𑄎 𑄘𑄨 𑄛𑄙𑄬𑄠𑄮𑄁𑄉𑄬 𑄘𑄢𑄪𑄃𑄚𑄳𑄦𑄨𑅁
ত্রিপুরারা নিজেরা নিজেরা মন্ত্রতন্ত্র করে,𑄖𑄨𑄝𑄨𑄢𑄬𑄃𑄪𑄚𑄳𑄦𑄬 𑄖𑄢𑄳𑄦 𑄖𑄢𑄳𑄦 𑄈𑄧𑄎𑄈𑄧𑄎𑄨 𑄉𑄧𑄢𑄧𑄚𑄴𑄚𑄳𑄦𑄬
মন্ত্রতন্ত্র করা ভালো না,𑄈𑄧𑄎𑄈𑄧𑄎𑄨 𑄉𑄧𑄢𑄚𑄳𑄦 𑄉𑄧𑄟𑄴 𑄚𑄳𑄦𑄧𑄠𑄴𑅁
কবিরাজরা মন্ত্রতন্ত্র করতে পারদর্শী,𑄝𑄰𑄱𑄖𑄴𑄘𑄮𑄃𑄪𑄚𑄳𑄦𑄬 𑄈𑄧𑄎𑄚𑄖𑄴 𑄘𑄧𑄢𑄳𑄦𑄧𑅁
খসখস করা: কোনদিকে খসখস করলো,𑄷. 𑄈𑄧𑄎𑄧𑄇𑄴 𑄉𑄧𑄢𑄚𑄳𑄦: 𑄇𑄪𑄚𑄴𑄙𑄨 𑄈𑄧𑄎𑄧𑄇𑄴 𑄉𑄧𑄣𑄴𑄣𑄳𑄦𑄧 𑄇𑄨𑄎𑄬𑄚𑄨
খসখস পলিথিন,𑄈𑄧𑄎𑄧𑄇𑄴 𑄈𑄎𑄇𑄴 𑄈𑄧𑄭𑄣𑄴𑄣𑄬
কি খসখস করে এটি ?,𑄇𑄨 𑄈𑄧𑄎𑄧𑄇𑄴 𑄈𑄧𑄎𑄧𑄇𑄴 𑄉𑄧𑄢𑄳𑄦𑄬 𑄥𑄨𑄠𑄳𑄦𑄬𑄚𑄴?
সে খসখস পলিথিন দিয়ে বাজার করতেছে,𑄈𑄧𑄎𑄧𑄇𑄴 𑄈𑄧𑄣𑄴𑄣𑄬𑄣𑄮𑄠𑄴 𑄝𑄎𑄢𑄴 𑄉𑄧𑄢𑄬𑄖𑄴𑄗𑄬 𑄖𑄬
এই জিনিস গুলো খসখস পলিথিনের ভিতরে ঢুকানো লাগবে,𑄥𑄬 𑄛𑄧𑄏𑄃𑄚𑄨 𑄃𑄨𑄇𑄴𑄊𑄮 𑄈𑄧𑄎𑄧𑄇𑄴 𑄈𑄧𑄣𑄴𑄣𑄬𑄖𑄴 𑄞𑄧𑄢 𑄛𑄧𑄢𑄨𑄝𑄮𑅁
সেই ইচ্ছে করে মারমারি খুজে,𑄖𑄬 𑄚𑄳𑄦 𑄈𑄧𑄎𑄨 𑄈𑄧𑄎𑄨 𑄇𑄪𑄌𑄴𑄎𑄬 𑄖𑄧𑄉𑄭!
"ইচ্ছে করে কাজগুলো করবা, দোষ পড়বে আমার","𑄈𑄧𑄎𑄨 𑄙𑄧𑄢𑄨 𑄙𑄧𑄢𑄨 𑄇𑄟𑄚𑄳𑄦𑄨 𑄉𑄧𑄢𑄨𑄞𑄮, 𑄃𑄢𑄳𑄦𑄧 𑄘𑄪𑄌𑄴 𑄛𑄧𑄢𑄬𑄘𑄬 𑄟𑄧𑄢𑄴"
"সেই ইচ্ছে করে আমাকে নিয়ে আসছে, আমি তো আসতেছিলাম না নাহলে","𑄖𑄬 𑄚𑄳𑄦 𑄈𑄧𑄎𑄨 𑄙𑄧𑄢𑄨 𑄙𑄧𑄢𑄨 𑄟𑄧𑄢𑄳𑄦𑄬 𑄃𑄚𑄴𑄐𑄳𑄦𑄬, 𑄟𑄪𑄠𑄴 𑄙𑄧 𑄚𑄧 𑄃𑄬𑄏𑄧𑄁 𑄚𑄧 𑄦𑄧𑄣𑄬𑅁"
কচুরিপানার ঝাক,𑄈𑄧𑄎𑄮𑄖𑄴𑄖𑄬 𑄎𑄇𑄴
কচুরিপানার ফুল,𑄈𑄧𑄎𑄮𑄖𑄴𑄖𑄬 𑄜𑄪𑄣𑄴
ঝগড়াতে ছেলে- ঝগড়াতে মেয়ে,𑄈𑄧𑄖𑄴𑄖𑄣𑄴𑄣𑄬 – 𑄈𑄧𑄖𑄴𑄖𑄣𑄨 
মেয়েটা এত ঝগড়াতে ! ছেলেটা ঝগড়াতে হলেও মেয়েটা লক্ষি,𑄟𑄨𑄣𑄬𑄞𑄮 𑄎𑄬 𑄈𑄧𑄖𑄴𑄖𑄣𑄴! 𑄚𑄬𑄇𑄴𑄈𑄮 𑄈𑄧𑄖𑄴𑄖𑄣𑄴 𑄦𑄧𑄣𑄬𑄠𑄮 𑄟𑄮𑄇𑄴𑄈𑄮 𑄣𑄧𑄇𑄴𑄈𑄨 𑄃𑄊𑄬𑅁
ক্ষতি হয়া/করা লাভ হলো নাকি ক্ষতি হলো বলোতো?  সে এবারও অনেক টাকা লাভ করলো,𑄈𑄧𑄖𑄨 𑄦𑄧𑄚/𑄉𑄧𑄢𑄚𑄳𑄦: 𑄣𑄝𑄴 𑄦𑄧𑄣𑄧 𑄚 𑄈𑄧𑄖𑄨 𑄦𑄧𑄣𑄧 𑄇𑄧𑄙𑄬? 𑄖𑄬 𑄃𑄬𑄝𑄢𑄧𑄖𑄴 𑄝𑄧𑄦𑄪𑄖𑄴 𑄖𑄬𑄋 𑄣𑄝𑄴 𑄉𑄧𑄣𑄴𑄣𑄳𑄦𑄧𑅁
ধুর! কোথায় যে ধাক্কা খেলাম কিজানি,𑄷. 𑄈𑄧𑄘! 𑄇𑄪𑄞𑄮𑄖𑄴 𑄙𑄪𑄌𑄴 𑄈𑄬𑄣𑄪𑄁 𑄇𑄨𑄎𑄬𑄚𑄨
ধুর! কবে যে এই দুঃখ থেকে রেহাই পাবো? ধুর! তুমি আমার সাথে তালিমালি করিও না! তোমার মাথায় নাপ্পি পুড়ে খাবো তুমিও জানবে না! বুড়ো হলে উঠা বসা ওমাগো করা লাগে,"𑄃𑄂 𑄈𑄧𑄘, 𑄇𑄧𑄟𑄧𑄣𑄬 𑄘𑄪𑄊𑄮𑄖𑄴𑄖𑄪𑄚𑄴 𑄥𑄧𑄢𑄚𑄴 𑄛𑄳𑄦𑄬𑄟𑄴? 𑄃𑄮 𑄈𑄧𑄘, 𑄖𑄪𑄠𑄴 𑄚𑄳𑄦𑄬 𑄟𑄧𑄣𑄴𑄴𑄣𑄮𑄠𑄴 𑄖𑄣𑄳𑄦𑄨𑄟𑄣𑄳𑄦𑄨 𑄉𑄧𑄢𑄳𑄦𑄧𑄖𑄴𑄖𑄬! 𑄥𑄨𑄢𑄬𑄝𑄮𑄖𑄴 𑄥𑄬 𑄥𑄨𑄘𑄮𑄣𑄴 𑄛𑄪𑄢𑄨 𑄈𑄬𑄟𑄴𑄟𑄬, 𑄈𑄧𑄝𑄧𑄢𑄴 𑄚𑄧 𑄛𑄌𑄴𑄍𑄬! 𑄝𑄪𑄢𑄳𑄦𑄮 𑄦𑄧𑄣𑄬 𑄃𑄪𑄖𑄴𑄗𑄬 𑄝𑄧𑄌𑄴𑄗𑄬 𑄃𑄮𑄟𑄘𑄪 𑄈𑄧𑄘 𑄉𑄧𑄢𑄳𑄦 𑄛𑄧𑄢𑄬"
ধুর! আরও ভাতের প্লেটটা পরে গেলো,"𑄃𑄀 𑄈𑄧𑄘, 𑄃𑄢𑄳𑄦𑄧 𑄜𑄬𑄣𑄬𑄣𑄧 𑄞𑄖𑄴 𑄛𑄮𑄠𑄴𑄞𑄮"
ভগবান ভগবান! আমার সাথে এরকম এখনো হই নি,𑄈𑄧𑄘 𑄈𑄧𑄘 𑄟𑄧𑄢𑄴 𑄙𑄧 𑄥𑄬𑄠𑄭𑄚𑄴𑄐𑄳𑄦𑄬 𑄚𑄳𑄦𑄧 𑄦𑄧𑄠𑄴 𑄃𑄬𑄞𑄧
ভগবান! চিৎকার করা,𑄈𑄧𑄘 𑄇𑄨𑄎𑄬𑄇𑄴 𑄇𑄢𑄚𑄳𑄦
ভগবান! কেন চিৎকার করছো?,𑄈𑄧𑄘 𑄎𑄧𑄉𑄢𑄴 𑄛𑄢𑄚: 𑄃𑄠𑄳𑄦𑄬 𑄈𑄧𑄘 𑄎𑄧𑄉𑄢𑄴 𑄛𑄢𑄳𑄦𑄧𑄢𑄴?
কথা দেওয়া,𑄸. 𑄈𑄧𑄘 𑄘𑄬𑄚
উঠতে বসতে এসব নিয়ে কথা দিবে সে,𑄃𑄪𑄖𑄴𑄗𑄬 𑄝𑄧𑄌𑄴𑄗𑄬 𑄥𑄨𑄠𑄬𑄚𑄳𑄦𑄧𑄣𑄴𑄣𑄭 𑄈𑄧𑄘 𑄘𑄬𑄘𑄬 𑄖𑄬𑅁
"আমার ভগবানের অভিশাপ পড়ে নাই, তোমাকে নেওয়ার","𑄈𑄧𑄘𑄇𑄴 𑄖𑄣𑄳𑄦𑄇𑄴 𑄛𑄧𑄢𑄚: 𑄟𑄧𑄢𑄴 𑄇𑄨 𑄈𑄧𑄘𑄇𑄴 𑄖𑄣𑄳𑄦𑄇𑄴 𑄛𑄧𑄌𑄴𑄎𑄬𑄙𑄬, 𑄖𑄧𑄢𑄳𑄦𑄬 𑄣𑄧𑄙𑄪𑄁"
সে কেন ভগবানের অভিশাপ পড়েছে মতো আচরণ করতেছে,𑄥𑄨𑄝𑄬 𑄇𑄨 𑄈𑄧𑄘𑄇𑄴 𑄖𑄣𑄳𑄦𑄇𑄴 𑄛𑄧𑄌𑄴𑄏𑄬 𑄛𑄢𑄳𑄦 𑄉𑄧𑄢𑄬𑄖𑄴𑄗𑄬 𑄃𑄨𑄏𑄪𑅁
সে চিৎকার করতেছে,𑄈𑄧𑄘𑄧𑄎𑄧𑄉𑄢𑄴 𑄛𑄢𑄬𑄖𑄴𑄖𑄬 𑄖𑄬𑅁
নাড়া চাড়া করা: সে সারাদিন মোবাইল নিয়ে নাড়া চারা করতেছে,𑄈𑄧𑄘𑄧 𑄈𑄧𑄘𑄧 𑄉𑄧𑄢𑄚𑄳𑄦: 𑄖𑄬 𑄘𑄨𑄚𑄴𑄚𑄮𑄞𑄮 𑄥𑄬 𑄟𑄮𑄞𑄭𑄣𑄚𑄴 𑄈𑄧𑄘𑄧 𑄈𑄧𑄘𑄧 𑄉𑄧𑄢𑄬𑄙𑄬
"সারাদিন মেশিনটাকে নাড়া চাড়া করতেছে, তবুও মেশিনটা ভালো হচ্ছে না","𑄘𑄨𑄚𑄴𑄚𑄳𑄦𑄮𑄞𑄮 𑄟𑄬𑄥𑄨𑄚𑄳𑄦𑄚𑄴 𑄈𑄧𑄘𑄧 𑄈𑄧𑄘𑄧 𑄉𑄧𑄢𑄳𑄦𑄧𑄋𑄧𑄖𑄴𑄖𑄬, 𑄎𑄳𑄦𑄬 𑄟𑄬𑄥𑄨𑄚𑄳𑄦𑄚𑄴 𑄥𑄮𑄢𑄴 𑄚𑄧 𑄦𑄧𑄢𑄴𑅁"
লোকটা তোতলা,𑄟𑄚𑄳𑄦𑄪𑄌𑄴𑄌𑄮 𑄈𑄧𑄚𑄴𑄚𑄬 𑄘𑄬
"তার তোতলামি গান গেলে থাকে না, কথা বললে উঠে","𑄖 𑄈𑄧𑄚𑄚𑄴 𑄉𑄚𑄴 𑄉𑄬𑄣𑄳𑄦𑄬 𑄚𑄧 𑄗𑄭, 𑄇𑄧𑄙 𑄇𑄧𑄣𑄳𑄦𑄬 𑄃𑄪𑄘𑄬𑄙𑄬𑅁"
ছোট বাচ্ছাটা রাগী হয়েছে,𑄉𑄪𑄢𑄮𑄞𑄮 𑄈𑄧𑄚𑄴 𑄌𑄪𑄌𑄪𑄇𑄴𑄇𑄬 𑄦𑄪𑄠𑄬𑄘𑄬𑅁
পাপ খণ্ডন করা যায় না,𑄛𑄛𑄴 𑄈𑄧𑄚𑄴𑄘𑄬 𑄚𑄧 𑄛𑄢𑄬
একটা কাজ সাধন করতে পারে না সে,𑄃𑄬𑄇𑄴𑄊𑄚𑄴 𑄇𑄟𑄴 𑄈𑄧𑄚𑄴𑄘𑄬 𑄚𑄧 𑄛𑄢𑄬 𑄖𑄬𑅁
কথা বলতে বলতে রাজা তোতলানো শুরু করে,𑄇𑄧𑄙 𑄇𑄧𑄙𑄬 𑄇𑄧𑄙𑄬 𑄢𑄎𑄞𑄮 𑄈𑄧𑄚𑄧𑄖𑄴 𑄝𑄏𑄬𑅁
মানুষগুলো পাগড়ী মাথায় দিয়ে যাচ্ছে,𑄈𑄧𑄝𑄧𑄁 𑄟𑄙𑄖𑄴 𑄘𑄨𑄚𑄬𑄠𑄴 𑄎𑄘𑄧𑄚𑄴 𑄟𑄚𑄳𑄦𑄪𑄌𑄴𑄌𑄪𑄚𑄬
যে পাগড়ী মাথায় দেয় সে হচ্ছে  হবঙী,"𑄎𑄬 𑄈𑄧𑄝𑄧𑄁 𑄟𑄙𑄖𑄴 𑄘𑄬, 𑄖𑄢𑄳𑄦𑄬 𑄇𑄧𑄚𑄴𑄚𑄳𑄦𑄬 𑄈𑄧𑄝𑄧𑄋𑄨𑅁"
ক্ষমা চাওয়া,𑄈𑄧𑄟 𑄟𑄉𑄚𑄳𑄦
ক্ষমা করে দেওয়া,𑄈𑄧𑄟 𑄉𑄧𑄢𑄚𑄳𑄦/𑄘𑄬𑄚
ক্ষমা চাচ্ছি বুদ্ধ থেকে ধর্ম থেকে সংঘ থেকে,"𑄈𑄧𑄟 𑄟𑄉𑄧𑄋𑄳𑄦𑄧𑄢𑄴 𑄝𑄪𑄘𑄴𑄙𑄮𑄖𑄴𑄖𑄪𑄚𑄴, 𑄙𑄧𑄢𑄴𑄟𑄧𑄖𑄴𑄖𑄪𑄚𑄴, 𑄥𑄧𑄁𑄊𑄧𑄖𑄴𑄖𑄪𑄚𑄴𑅁"
"আত্মধিক্কার দেখানো: কাজ গুলো করার সময় সে শুধু আত্মধিক্কার দেখায়, কাজ একটুও ওর একার পক্ষে সম্ভব না","𑄈𑄧𑄟𑄴𑄝𑄨𑄇𑄴 𑄈𑄚: 𑄖𑄬 𑄇𑄨 𑄝𑄚 𑄈𑄧𑄟𑄴𑄝𑄨𑄇𑄴 𑄈𑄭𑄘𑄬 𑄇𑄟𑄚𑄳𑄦𑄨 𑄉𑄧𑄖𑄴𑄗𑄬 𑄥𑄧𑄣𑄖𑄴, 𑄇𑄟𑄴 𑄃𑄬𑄇𑄴𑄇𑄠𑄳𑄦𑄮 𑄉𑄭 𑄚𑄧 𑄥𑄧𑄦𑄭 𑄖𑄢𑄴𑅁"
ধানের তো উপজুক্ত সময় অতিত হয়েছে,𑄙𑄚𑄪𑄚𑄴 𑄉𑄧𑄘 𑄈𑄧𑄢𑄬𑄠𑄮𑄚𑄴𑄚𑄮𑄠𑄴
লেখা পড়ার উপযুক্ত সময় অনেক আগে অতিত হয়েছে তার,𑄣𑄬𑄊 𑄥𑄨𑄉𑄨𑄝𑄢𑄴 𑄃𑄧𑄇𑄴𑄗𑄧 𑄝𑄧𑄦𑄪𑄖𑄴 𑄃𑄉𑄬 𑄈𑄧𑄢𑄬 𑄎𑄨𑄠𑄬𑄊𑄮𑄠𑄴 𑄖𑄢𑄴𑅁
খরা আকাশটা এই বছর অবশ্যই্র খরা দিবে,𑄈𑄧𑄢𑄚𑄴 𑄘𑄬𑄚: 𑄘𑄬𑄝𑄞𑄮 𑄃𑄬 𑄝𑄧𑄏𑄧𑄢𑄴 𑄎𑄧𑄘𑄧𑄝𑄧𑄘𑄬 𑄈𑄧𑄢𑄚𑄴 𑄘𑄨𑄞𑄮𑅁
খরা সময়/রোদ/আকাশ,𑄈𑄧𑄢𑄚𑄴𑄐𑄬 𑄃𑄧𑄇𑄴𑄗𑄧/𑄢𑄮𑄘𑄴/𑄘𑄬𑄝
খরগশের কানগুলো লম্বা লম্বা,𑄈𑄧𑄢𑄴𑄉𑄮𑄎𑄮 𑄇𑄚𑄚𑄳𑄦𑄨 𑄣𑄟𑄴𑄝 𑄣𑄟𑄴𑄝𑅁
কলমি শাকের বন্দা/ ভাজি/ সিদ্দ / রান্না,𑄈𑄧𑄢𑄴𑄟𑄮𑄌𑄴 𑄥𑄉𑄧 𑄝𑄧𑄚/𑄞𑄎𑄨/𑄃𑄪𑄌𑄴𑄍𑄬/𑄢𑄚𑄴𑄐𑄳𑄦𑄬𑅁
তেতুল/লেবু টক,𑄖𑄬𑄙𑄮𑄠𑄴/𑄇𑄉𑄧𑄎𑄨 𑄈𑄧𑄢𑄧
টকপাতার টক,𑄃𑄟𑄨𑄣𑄬 𑄈𑄧𑄢𑄧
"দইটা যে অনেক টক, চিনি না দিলে খেতে পারবো না","𑄘𑄮𑄠𑄳𑄦𑄚𑄴 𑄎𑄬 𑄈𑄧𑄢𑄧, 𑄌𑄨𑄚𑄳𑄦𑄨 𑄚𑄧 𑄘𑄨𑄣𑄳𑄦𑄬 𑄈𑄬 𑄚𑄧 𑄛𑄢𑄨𑄝𑄮"
এই লোক তুমি এতো বিরাগভাজন কেন,𑄃𑄳𑄦 𑄟𑄚𑄳𑄦𑄪𑄌𑄴𑄌𑄮 𑄖𑄪𑄠𑄴 𑄃𑄬𑄙𑄧𑄇𑄴𑄇𑄨 𑄈𑄧𑄢𑄧?
আমার চাচি অনেক কাজে পটু আর লক্ষি,𑄟𑄧 𑄈𑄧𑄢𑄧𑄋𑄝𑄮 𑄎𑄧𑄘𑄧𑄝𑄧𑄘𑄬 𑄇𑄟𑄴𑄟𑄮 𑄃𑄳𑄦 𑄣𑄧𑄇𑄴𑄈𑄨𑅁
লালপিঁপড়ার বাসা,𑄈𑄧𑄢𑄧 𑄛𑄨𑄉𑄨𑄢𑄳𑄦𑄬 𑄝𑄳𑄦𑅁
টমেটোর ভর্তা,𑄈𑄧𑄢𑄧 𑄝𑄬𑄉𑄪𑄚𑄴 𑄉𑄪𑄘𑄬𑄠𑄬𑅁
"টকপাতার তরকারিটা যে বেশি বেশি ঝোল হয়েছে, হরে রামের ... মতো","𑄃𑄟𑄨𑄣𑄬 𑄖𑄮𑄚𑄳𑄦𑄚𑄴 𑄙𑄧 𑄎𑄬 𑄇𑄨𑄢𑄨𑄁 𑄇𑄨𑄢𑄨𑄁 𑄏𑄪𑄣𑄴 𑄦𑄪𑄠𑄬, 𑄈𑄧𑄢𑄬 𑄢𑄟𑄧 𑄙𑄬𑄝 𑄙𑄧𑄇𑄴𑄇𑄬𑅁"
সে অনেক সদালাপী ভাবে কথা বলে,𑄖𑄬 𑄎𑄧𑄘𑄧𑄝𑄧𑄘𑄬 𑄈𑄧𑄢𑄮𑄌𑄴𑄌𑄳𑄦𑄬 𑄉𑄧𑄢𑄳𑄦𑄨 𑄇𑄧𑄙 𑄇𑄳𑄦𑄧𑄠𑄴
"সে অনেক অন্তর্মুখী করে থাকে, কিন্তু তার ভাই সদালাপী আছে","𑄥𑄨𑄝𑄬 𑄃𑄬𑄇𑄴𑄇 𑄚𑄧𑄟𑄭𑄖𑄴𑄖𑄬 𑄉𑄧𑄢𑄳𑄦𑄨 𑄗𑄭, 𑄟𑄖𑄴𑄖𑄧𑄢𑄴 𑄖 𑄞𑄬𑄠𑄴𑄝𑄮 𑄈𑄧𑄢𑄮𑄌𑄴𑄌𑄳𑄦𑄬 𑄃𑄊𑄬𑅁"
কাঠঠোকরা গাছটা খনন করছে,𑄈𑄧𑄢𑄮𑄣𑄴𑄣𑄬𑄝𑄮 𑄉𑄌𑄴𑄍𑄮 𑄈𑄪𑄚𑄬𑄢𑄴 𑄖𑄧𑄖𑄴𑄖𑄧𑄢𑄳𑄦𑄧𑄇𑄴 𑄖𑄧𑄖𑄴𑄖𑄧𑄢𑄳𑄦𑄧𑄇𑄴 𑄉𑄧𑄢𑄳𑄦𑄨𑅁
ডিম ভুনা,𑄷. 𑄝𑄧𑄘 𑄈𑄧𑄣
মাছ ভুনা,𑄟𑄌𑄴 𑄈𑄧𑄣
সিমের বীজ/ কাঁঠালের বীজ / তেতুলের বীজ কালো,𑄥𑄧𑄟𑄨 𑄝𑄨𑄎𑄨/ 𑄇𑄖𑄴𑄗𑄮𑄣𑄴 𑄝𑄨𑄎𑄨/ 𑄖𑄬𑄙𑄮𑄠𑄴 𑄝𑄨𑄎𑄨 𑄈𑄧𑄣
ভুনা করা,𑄈𑄧𑄣 𑄉𑄧𑄢𑄚𑄳𑄦
"তোরে একবার পেলে ভুনা করে খাবো, কনো মাফ নাই","𑄖𑄧𑄢𑄳𑄦𑄬 𑄙𑄧𑄢𑄨 𑄛𑄬𑄣𑄳𑄦𑄬 𑄈𑄧𑄣 𑄉𑄧𑄢𑄳𑄦𑄨 𑄈𑄬𑄠𑄮𑄁, 𑄇𑄧𑄚𑄳𑄦𑄧 𑄟𑄛𑄴 𑄚𑄬𑄠𑄴"
উঠানের খোলা জায়গায় ধান শুকাই তারা,𑄃𑄪𑄘𑄮𑄚𑄳𑄦𑄮 𑄈𑄧𑄣𑄝𑄮𑄖𑄴 𑄙𑄚𑄴 𑄌𑄪𑄊𑄚𑄴 𑄖𑄢𑄳𑄦
এটা কেন সে নিজের দাবি করে জানিনা,𑄥𑄨𑄝𑄬 𑄇𑄨 𑄖𑄢𑄴 𑄈𑄧𑄣𑄭 𑄇𑄨𑄎𑄬𑄚𑄨
সে ধনী দাবী করে অন্যের ধন নিয়ে,𑄖𑄬 𑄟𑄳𑄦𑄎𑄧𑄚𑄴 𑄈𑄧𑄣𑄭𑄘𑄬 𑄛𑄧𑄢𑄨𑄠𑄮 𑄙𑄧𑄚𑄴𑄚𑄮𑄠𑄴
ভদ্র দাবী করিও না এখানে,𑄝𑄝𑄪 𑄚𑄧 𑄈𑄧𑄣𑄬𑄌𑄴 𑄃𑄨𑄙𑄪𑅁
বোতলটা ভালোমতো নাড়াও,𑄝𑄧𑄙𑄧𑄣𑄴𑄣𑄮 𑄉𑄧𑄟𑄬 𑄈𑄧𑄣𑄴𑄉
নেড়েচেড়ে ভালোমতো ধোয়া লাগবে,𑄈𑄧𑄣𑄴𑄉𑄬 𑄈𑄣𑄴𑄉𑄭 𑄙𑄮 𑄛𑄧𑄢𑄨𑄝𑄮 𑄉𑄧𑄟𑄬𑄘𑄣𑄳𑄦𑄬
নেড়েচেড়েও কেন ময়লাগুলো যাচ্ছেনা,𑄈𑄧𑄣𑄴𑄉𑄬𑄣𑄬𑄠𑄳𑄦𑄮 𑄇𑄨 𑄇𑄎𑄧𑄢𑄚𑄳𑄦𑄨 𑄚𑄧 𑄎𑄢𑄴 𑄇𑄨𑄎𑄬𑄚𑄨𑅁
পলিথিন ব্যাগ,𑄈𑄧𑄎𑄧𑄇𑄴 𑄈𑄧𑄣𑄴𑄣𑄬
বাজার করার পলিথিন একটা নেয়া লাগবে,𑄝𑄎𑄢𑄧 𑄈𑄧𑄣𑄴𑄣𑄬 𑄃𑄨𑄇𑄴𑄊𑄮 𑄣𑄮 𑄛𑄧𑄢𑄨𑄝𑄮
ছেঁড়া পলিথিন,𑄈𑄧𑄣𑄴𑄣𑄬 𑄜𑄘
এক পলিথিন বাজার নিয়ে যাচ্ছে সে,𑄃𑄬𑄇𑄴 𑄈𑄧𑄣𑄴𑄣𑄬 𑄝𑄎𑄢𑄴 𑄚𑄬𑄎𑄢𑄴 𑄖𑄬𑅁
বেশি পানি খেয়ে পেটটা কলক কলক করতেছে,𑄛𑄚𑄳𑄦𑄨 𑄈𑄬𑄚𑄬𑄠𑄴 𑄛𑄬𑄖𑄴𑄗𑄮 𑄃𑄬𑄇𑄴𑄈𑄬 𑄈𑄧𑄣𑄧𑄇𑄴 𑄈𑄧𑄣𑄧𑄇𑄴 𑄉𑄧𑄢𑄳𑄦𑄬𑄢𑄴
বিয়েবাড়িতে কলরব শুনা যায় এক দূর থেকে,𑄟𑄬𑄣𑄊𑄧𑄢𑄧 𑄈𑄧𑄣𑄧𑄢𑄧𑄝𑄧 𑄥𑄪𑄚 𑄎𑄢𑄴 𑄃𑄬𑄇𑄴 𑄘𑄪𑄢𑄮𑄖𑄴𑄗𑄪𑄚𑄴
"ভান্তে এখন বানী দিবে, তোমরা কলরব করিও না শান্ত হও","𑄞𑄚𑄴𑄖𑄬 𑄃𑄨𑄇𑄴𑄈𑄬 𑄘𑄬𑄥𑄧𑄚 𑄘𑄨𑄝𑄮, 𑄖𑄪𑄟𑄳𑄦𑄨 𑄈𑄧𑄣𑄧𑄢𑄧𑄝𑄧 𑄚𑄧 𑄉𑄧𑄌𑄴𑄍𑄮, 𑄎𑄪𑄢𑄮 𑄦𑄧𑅁"
ক্ষয় যাওয়া/ করা/ মাড়ানো: ঘষতে ঘষতে  লোহাও ক্ষয় হয়,𑄈𑄧𑄠𑄴 𑄎𑄚/𑄉𑄧𑄢𑄚𑄳𑄦/𑄟𑄢𑄚: 𑄊𑄧𑄎𑄧𑄘𑄬 𑄊𑄧𑄎𑄧𑄘𑄬 𑄣𑄪𑄦𑄮𑄠𑄮 𑄈𑄧𑄠𑄴 𑄎𑄭
তো এখন তো দুঃখ ক্ষয় করলা,𑄖𑄬 𑄃𑄬𑄞𑄧 𑄖𑄳𑄦𑄬 𑄘𑄪𑄇𑄴𑄇𑄚𑄳𑄦𑄨 𑄈𑄧𑄠𑄴 𑄉𑄧𑄣𑄴𑄣𑄧𑄙𑄬/𑄟𑄢𑄬𑄣𑄧𑄘𑄬𑅁
খরগরং করে টিনের ছাদে কি পড়লো কীজানি,𑄈𑄧𑄁𑄉𑄧𑄢𑄁𑄧 𑄉𑄧𑄢𑄳𑄦𑄨 𑄖𑄮𑄚𑄮 𑄌𑄣𑄧𑄖𑄴 𑄇𑄨 𑄛𑄧𑄣𑄴𑄣𑄳𑄦𑄧 𑄇𑄨𑄎𑄬𑄚𑄨
লোহার রডটা খরগরং করে ঝরে পড়লো মাটিতে,𑄣𑄪𑄦𑄮 𑄢𑄧𑄖𑄴𑄗𑄮 𑄈𑄧𑄁𑄉𑄧𑄢𑄧𑄁 𑄉𑄧𑄢𑄳𑄦𑄨 𑄏𑄧𑄢𑄨 𑄛𑄧𑄣𑄴𑄣𑄳𑄦𑄧 𑄟𑄘𑄨𑄖𑄴𑅁
ধনুকটা বেশি করে খিঁচো,𑄝𑄘𑄧𑄣𑄳𑄦𑄚𑄴 𑄎𑄮𑄢𑄬 𑄈𑄨𑄌𑄴
হাত খিঁচে খিঁচে ইট ছুড়া,𑄦𑄖𑄴𑄖𑄚𑄴 𑄈𑄨𑄎𑄨 𑄈𑄨𑄎𑄨 𑄃𑄨𑄘𑄬𑄣𑄴 𑄟𑄬𑄣𑄚𑄳𑄦
"রশি নিয়ে আসো, খিঁচে নিয়ে আসা লাগবে",𑄘𑄧𑄢𑄨𑄃𑄳𑄦𑄚𑄴 𑄈𑄨𑄎𑄨 𑄖𑄚 𑄛𑄧𑄢𑄨𑄝𑄮
তার খিচুনি আরও উঠেছে,𑄖 𑄈𑄨𑄎𑄪𑄚𑄨𑄃𑄚𑄴 𑄃𑄢𑄳𑄦𑄧 𑄃𑄭𑄪𑄖𑄴𑄗𑄬𑅁
কি এতো তাড়া তোমাদের? যাবা আরকি ধীরে করে,𑄇𑄨 𑄃𑄳𑄦𑄬𑄘𑄧𑄇𑄴 𑄈𑄨𑄎𑄬 𑄈𑄨𑄌𑄴𑄌𑄬 𑄖𑄧𑄟𑄳𑄦𑄢𑄴? 𑄎𑄬𑄝 𑄃𑄳𑄦𑄠𑄴 𑄣𑄢𑄳𑄦𑄬 𑄉𑄧𑄢𑄳𑄦𑄨
তাড়াতাড়ি করা: তাড়াতাড়ি করিও না,𑄈𑄨𑄎𑄬𑄈𑄨𑄌𑄴𑄌𑄬 𑄉𑄧𑄢𑄚𑄳𑄦: 𑄈𑄨𑄎𑄬 𑄈𑄨𑄌𑄴𑄌𑄬 𑄚𑄧 𑄉𑄧𑄌𑄴𑄍𑄮
সে তাড়াতাড়ি হাঁটছে,𑄈𑄨𑄎𑄬𑄈𑄨𑄌𑄴𑄌𑄬 𑄉𑄧𑄢𑄳𑄦𑄨 𑄦𑄘𑄬𑄢𑄴 𑄖𑄬
ভাত দুমুতো ঘপাঘপ তাড়াতাড়ি খেয়ে দৌড় দিলাম বাজারের উদ্দেশ্যে,𑄞𑄖𑄴 𑄘𑄨𑄞𑄬 𑄛𑄃𑄪𑄣𑄳𑄦𑄪𑄁 𑄛𑄃𑄪𑄣𑄳𑄦𑄪𑄁 𑄈𑄬 𑄈𑄭 𑄈𑄨𑄎𑄬 𑄈𑄨𑄌𑄴𑄌𑄬 𑄙𑄝 𑄘𑄨𑄣𑄳𑄦𑄪𑄁 𑄝𑄎𑄢𑄧 𑄟𑄪𑄇𑄴𑄈𑄬𑅁
আমের আঠা গালে লাগলে ঘা হয়,𑄃𑄟𑄧 𑄈𑄨𑄢𑄴 𑄉𑄣𑄴𑄌𑄝𑄖𑄴 𑄝𑄎𑄨𑄣𑄳𑄦𑄬 𑄃𑄬𑄢𑄬 𑄎𑄭𑅁
দূর হওয়া/করা: সে আমাদের থেকে একটু দূরে থাকে,𑄈𑄨𑄢𑄨𑄌𑄴 𑄦𑄧𑄚/𑄉𑄧𑄢𑄚𑄳𑄦: 𑄖𑄬 𑄃𑄟𑄳𑄦𑄖𑄴𑄖𑄪𑄚𑄴 𑄃𑄬𑄇𑄴𑄇 𑄈𑄨𑄢𑄨𑄌𑄴 𑄉𑄧𑄢𑄳𑄦𑄨 𑄗𑄭
আমি একপাশে গিয়ে তাদের থেকে দূর হয়ে থাকলাম,𑄟𑄪𑄠𑄴 𑄃𑄬𑄇𑄴𑄙𑄉𑄧𑄚𑄴𑄚𑄨 𑄎𑄬𑄚𑄬𑄠𑄴 𑄖𑄢𑄳𑄦𑄖𑄴𑄖𑄪𑄚𑄴 𑄈𑄨𑄢𑄨𑄌𑄴 𑄦𑄧𑄣𑄪𑄁𑄉𑄮𑄠𑄴
দূরে দূরে: জিনিসপত্র গুলো দূরে দূরে রাখো,𑄈𑄨𑄢𑄨𑄌𑄴 𑄈𑄨𑄢𑄨𑄌𑄴: 𑄛𑄧𑄏𑄞𑄨𑄢𑄬𑄃𑄚𑄳𑄦𑄨 𑄈𑄨𑄢𑄨𑄌𑄴 𑄈𑄨𑄢𑄨𑄌𑄴 𑄉𑄧𑄢𑄳𑄦𑄨 𑄗𑄧
এই হীরাটা সবথেকে বেশি বড়,𑄃𑄬 𑄈𑄨𑄢𑄬𑄝𑄮 𑄝𑄬𑄉𑄧𑄖𑄴𑄗𑄪𑄚𑄴 𑄝𑄬𑄌𑄴 𑄘𑄋𑄳𑄦𑄧𑄢𑄴
হীরা বসানো নাকের ফুল,𑄈𑄨𑄢𑄬 𑄝𑄧𑄎𑄬𑄠𑄳𑄦𑄬 𑄚𑄇𑄴𑄜𑄪𑄣𑄴𑅁
শসার বাগান,𑄈𑄨𑄢𑄳𑄦𑄬 𑄈𑄬𑄖𑄴
শসার ভর্তা রসুন দেয়া মরিচ দিয়ে খেলে স্বাদ,𑄈𑄨𑄢𑄳𑄦𑄬 𑄇𑄪𑄢𑄴𑄝𑄮 𑄢𑄳𑄦𑄮𑄚𑄴 𑄘𑄳𑄠𑄬 𑄟𑄧𑄢𑄨𑄌𑄴𑄝𑄖𑄴𑄖𑄬𑄣𑄮𑄠𑄴 𑄈𑄬𑄣𑄬 𑄥𑄳𑄠𑄮𑄖𑄴!
দরজার খিল,𑄷. 𑄘𑄮𑄢𑄮 𑄈𑄨𑄣𑄴
দরজার খিল ভালোমতো লাগানো যায় না,𑄘𑄮𑄢𑄚𑄳𑄦𑄧 𑄈𑄨𑄣𑄴𑄣𑄮 𑄟𑄢 𑄚𑄧 𑄎𑄭 𑄉𑄧𑄟𑄬
খিল মারা,𑄈𑄨𑄣𑄴 𑄟𑄢𑄚
পার্বত্য চট্টগ্রাম,𑄸. 𑄈𑄨𑄣𑄴 𑄌𑄘𑄨𑄉𑄁
পাহাড়ি মেয়ে,𑄈𑄨𑄣𑄴𑄣𑄳𑄦𑄮 𑄟𑄨𑄣𑄬
পাহাড়ের ভিতরের মানুষ,𑄈𑄨𑄣𑄳𑄦𑄮 𑄞𑄨𑄘𑄨𑄌𑄴𑄌𑄬 𑄟𑄚𑄳𑄦𑄪𑄌𑄴
পাহাড়ের মধ্যকার জায়গা,𑄈𑄨𑄣𑄳𑄦𑄮 𑄥𑄬𑄢𑄬 𑄎𑄉𑅁
"আমি না থাকলে পুরো ঘর তন্নতন্ন করে খুজে মনে হয়, কি আছে কি নেই","𑄃𑄟𑄧𑄚𑄬 𑄚𑄧 𑄗𑄬𑄣𑄬 𑄃𑄨𑄏𑄪 𑄉𑄧𑄘 𑄊𑄧𑄢𑄚𑄴 𑄈𑄨𑄣𑄴𑄈𑄨𑄣𑄭𑄘𑄬 𑄛𑄢𑄳𑄦𑄛𑄁, 𑄇𑄪𑄚𑄴𑄚𑄳𑄦𑄨 𑄇𑄨 𑄃𑄊𑄬 𑄇𑄨 𑄚𑄬𑄠𑄴𑅁"
মেয়েরা হিল জুতা পরিধান করে,𑄟𑄨𑄣𑄬𑄃𑄪𑄚𑄳𑄦𑄬 𑄈𑄨𑄣𑄴 𑄎𑄧𑄖 𑄛𑄨𑄚𑄮𑄚𑄴𑄙𑄬𑅁
পাহাড়ি মেয়ে জুমে গিয়েছ,𑄈𑄨𑄣𑄴𑄣𑄳𑄦𑄮 𑄟𑄨𑄣𑄬𑄞𑄮 𑄎𑄪𑄟𑄮𑄖𑄴 𑄎𑄭𑄘𑄳𑄠𑄬𑅁
পানের খিলিক,𑄛𑄚𑄴 𑄈𑄨𑄣𑄨𑄇𑄴
সুপারি এক খিলিক খাবা নাকি?,𑄥𑄪𑄝𑄮𑄢𑄨 𑄃𑄬𑄇𑄴 𑄈𑄨𑄣𑄨𑄇𑄴 𑄈𑄬𑄝𑄬 𑄚𑄇𑄨?
খীসা হলো চাকমাদের একটা খেতাব,𑄈𑄨𑄥 𑄦𑄧𑄣𑄧𑄘𑄬 𑄌𑄁𑄟𑄳𑄦 𑄃𑄪𑄚𑄮 𑄃𑄬𑄇𑄴𑄊𑄚𑄴 𑄖𑄭𑄗𑄬𑄣𑄴𑅁
বাচ্চাটা কাউকে গ্রাহ্য করে না,𑄉𑄪𑄢𑄮𑄞𑄮 𑄇𑄢𑄳𑄦𑄧𑄢𑄬 𑄈𑄨𑄠𑄬 𑄚𑄧 𑄉𑄧𑄢𑄳𑄦𑄬
"এই বাচ্চাটাকে কি যেতে বললেও যায় না, কাউকে গ্রাহ্য করে না","𑄃𑄬 𑄇𑄪𑄉𑄪𑄢𑄴𑄞𑄮 𑄇𑄨 𑄙𑄝𑄬 𑄘𑄨𑄣𑄳𑄦𑄬𑄠𑄮 𑄚𑄧 𑄎𑄭, 𑄈𑄨𑄠𑄬𑄠𑄳𑄦𑄮 𑄚𑄧 𑄉𑄧𑄢𑄳𑄦𑄬 𑄇𑄢𑄳𑄦𑄧𑄢𑄬𑅁"
কি কেমন পাচ্ছো এখন,"𑄈𑄨𑄂, 𑄇𑄬𑄚𑄴𑄏𑄚𑄴 𑄛𑄳𑄦𑄌𑄴 𑄃𑄨𑄇𑄴𑄈𑄪!"
এই মাছ তরকারিতে শুধু কাটা,𑄥𑄬 𑄟𑄌𑄴 𑄖𑄮𑄚𑄳𑄦𑄚𑄴 𑄝𑄚 𑄇𑄘𑅁
এই কাশির শব্দ সকাল থেকে,𑄖𑄬 𑄈𑄪𑄇𑄴𑄇𑄪𑄣𑄪𑄁 𑄈𑄪𑄇𑄴𑄇𑄪𑄣𑄳𑄦𑄪𑄁 𑄇𑄏𑄬𑄢𑄴 𑄝𑄨𑄚𑄴𑄐𑄳𑄦𑄬𑄖𑄴𑄖𑄪𑄚𑄴 𑄙𑄧𑄢𑄨𑅁
স্কুল/ ক্লাস ফাকি দিয়ে বন্ধুদের সাথে ঘুরা ভালো না,𑄃𑄨𑄌𑄴𑄇𑄪𑄣𑄴/ 𑄇𑄬𑄣𑄳𑄦𑄌𑄴 𑄈𑄪𑄉𑄬𑄚𑄬𑄠𑄴 𑄥𑄧𑄁𑄥𑄧𑄟𑄌𑄴𑄎𑄬𑄣𑄮𑄠𑄴 𑄝𑄬𑄢𑄚 𑄉𑄧𑄟𑄴 𑄚𑄳𑄦𑄧𑄠𑄴𑅁
ফাকি দেয়া: আজকে ক্লাস ফাকি দেয়া হলো,𑄈𑄪𑄉𑄮𑄚𑄨 𑄦𑄧𑄚/𑄉𑄧𑄢𑄚𑄳𑄦: 𑄃𑄨𑄌𑄴𑄌𑄬 𑄇𑄬𑄣𑄳𑄦𑄌𑄴𑄌𑄮 𑄈𑄪𑄉𑄮𑄚𑄨 𑄦𑄧𑄣𑄧
ক্লাস ফাকি দেয়া ভালো না,𑄇𑄬𑄣𑄳𑄦𑄌𑄴 𑄈𑄪𑄉𑄮𑄚𑄨 𑄉𑄧𑄢𑄚𑄳𑄦 𑄉𑄧𑄟𑄴 𑄚𑄳𑄦𑄧𑄠𑅁
কুয়াশা পড়া: শীত কালে সকাল বেলা কুয়াশা পড়ে,𑄈𑄪𑄉𑄮 𑄛𑄧𑄢𑄚: 𑄎𑄢𑄴 𑄇𑄭𑄣𑄴𑄣𑄬 𑄝𑄨𑄚𑄴𑄐𑄳𑄦𑄬 𑄛𑄰𑄱𑄖𑄴𑄗𑄬 𑄈𑄪𑄉𑄮 𑄛𑄧𑄢𑄬
"রাস্তা পুরাটা কুয়াশায় ভরা, কিছুই দেখা যাচ্ছে না","𑄛𑄧𑄖𑄴𑄗𑄚𑄴 𑄉𑄧𑄘 𑄈𑄪𑄉𑄮, 𑄇𑄨𑄌𑄴𑄍𑄪 𑄘𑄬𑄊 𑄚𑄧 𑄎𑄭"
কুয়াশার মাঝ দিয়ে যাওয়া,𑄈𑄪𑄉𑄮 𑄥𑄬𑄢𑄬 𑄥𑄬𑄢𑄬 𑄎𑄚
"চোখগুলো কি হয়েছে কীজানি, শুধু কুয়াশা কুয়াশা দেখি","𑄌𑄮𑄇𑄴𑄈𑄪𑄚𑄴 𑄇𑄨 𑄦𑄪𑄠𑄮𑄚𑄴 𑄇𑄨𑄎𑄬𑄚𑄨, 𑄝𑄚 𑄈𑄪𑄉𑄮 𑄈𑄪𑄉𑄮 𑄘𑄬𑄉𑄧𑄁𑄊𑄬𑅁"
হরিণের পদচিহ্ন,𑄦𑄧𑄢𑄨𑄋𑄮 𑄈𑄪𑄌𑄴
মানুষের পদচিহ্ন,𑄟𑄭𑄚𑄴𑄏𑄮 𑄈𑄪𑄌𑄴
জুতা/সেন্ডেলের পদচিহ্ন,𑄎𑄧𑄖/𑄌𑄬𑄚𑄴𑄘𑄬𑄣𑄳𑄦𑄧 𑄈𑄪𑄌𑄴
হাতির পদচিহ্ন,𑄦𑄬𑄘𑄮 𑄈𑄪𑄌𑄴
পদচিহ্ন অনুসরণ করে যাওয়া: সে হরিণের পদচিহ্ন অনুসরণ করে যাচ্ছে,𑄈𑄪𑄌𑄴 𑄦𑄘𑄬 𑄦𑄘𑄬 𑄎𑄚: 𑄖𑄬 𑄦𑄧𑄢𑄨𑄋𑄮 𑄈𑄪𑄌𑄴𑄌𑄪𑄚𑄴 𑄦𑄘𑄬 𑄦𑄘𑄬 𑄎𑄢𑄴
"পদক্ষেপ বড়ো করো, ধীরে ধীরে হাঁটলে মাঝ পথে রাত হয়ে আসবে","𑄸. 𑄈𑄪𑄌𑄴𑄌𑄪𑄚𑄴 𑄘𑄋𑄳𑄦𑄧𑄢𑄴 𑄉𑄧𑄢𑄳𑄦𑄧, 𑄣𑄢𑄳𑄦𑄬 𑄣𑄢𑄳𑄦𑄬 𑄦𑄘𑄨𑄣𑄬 𑄃𑄙 𑄛𑄧𑄙𑄧𑄖𑄴 𑄢𑄬𑄖𑄴 𑄦𑄧𑄝𑄧𑄉𑄮𑄠𑄴"
ধীরে ধীরে পদক্ষেপ নিলে আজকে আর কখন পোঁছাব,𑄣𑄢𑄳𑄦𑄬 𑄣𑄢𑄳𑄦𑄬 𑄈𑄪𑄌𑄴 𑄝𑄝𑄬𑄣𑄳𑄦𑄬 𑄃𑄨𑄌𑄴𑄌𑄬 𑄇𑄧𑄟𑄧𑄣𑄬 𑄣𑄳𑄦𑄪𑄋𑄨𑄘𑄬𑄉𑄮𑄠𑄴
পদক্ষেপ নেয়া: আমরা একপা দুপা পদক্ষেপ নিচ্ছি,𑄈𑄪𑄌𑄴 𑄝𑄝𑄚𑄳𑄦/𑄝𑄢𑄚𑄳𑄦: 𑄃𑄟𑄳𑄦𑄨 𑄃𑄬𑄇𑄴𑄊𑄚𑄴 𑄘𑄨𑄠𑄳𑄦𑄬𑄚𑄴 𑄈𑄪𑄌𑄴 𑄝𑄢𑄳𑄦𑄬𑄢𑄴𑅁
পাস করে সে কি খুশি ! তুমি খুশি হলে আমিও খুশি,𑄛𑄌𑄴 𑄉𑄧𑄢𑄨𑄚𑄳𑄦𑄬𑄠𑄴 𑄖𑄬 𑄇𑄨 𑄈𑄪𑄎𑄳𑄦𑄨! 𑄖𑄪𑄠𑄴 𑄈𑄪𑄎𑄳𑄦𑄨 𑄦𑄧𑄣𑄬 𑄟𑄪𑄠𑄳𑄦𑄮 𑄈𑄪𑄎𑄳𑄦𑄨
এই খুশিটা সারাজীবন থাকবে না,𑄃𑄬 𑄈𑄪𑄎𑄳𑄦𑄨 𑄇𑄧𑄚𑄳𑄦𑄧 𑄥𑄢 𑄎𑄧𑄚𑄧𑄟𑄴𑄟𑄳𑄦𑄮 𑄚𑄧 𑄗𑄬𑄝𑄧
আকাশের সব খুশি গুলো তোমাকে দিলাম,𑄃𑄉𑄏𑄧𑄢𑄴 𑄝𑄬𑄇𑄴 𑄈𑄪𑄎𑄳𑄦𑄨𑄃𑄚𑄳𑄦𑄨 𑄟𑄪𑄠𑄴 𑄖𑄧𑄢𑄳𑄦𑄬 𑄘𑄨𑄣𑄳𑄦𑄪𑄁𑅁
সে বার বার ঝগড়া খুজতে আসে,𑄖𑄬 𑄈𑄪𑄎𑄨𑄈𑄪𑄎𑄨 𑄇𑄪𑄌𑄴𑄎𑄬 𑄖𑄧𑄉𑄠𑄳𑄦𑄨𑅁
সে হাসিখুসি আমদের বিদায় দিলো,𑄖𑄬 𑄈𑄪𑄎𑄨𑄢𑄎𑄨 𑄉𑄧𑄢𑄳𑄦𑄨 𑄃𑄟𑄳𑄦𑄢𑄬 𑄝𑄨𑄘𑄬𑄠𑄴 𑄘𑄨𑄣𑄳𑄦𑄮𑅁
চাকচিক্যহীন করে থাকা/ চলা: মানুষটা অনেকবেশি চাকচিক্যহীন করে চলে/ থাকে,𑄈𑄪𑄎𑄪𑄢𑄮 𑄉𑄧𑄢𑄳𑄦𑄨 𑄗𑄚/𑄌𑄧𑄣𑄚: 𑄟𑄚𑄳𑄦𑄪𑄌𑄴𑄌𑄮 𑄃𑄧𑄟𑄧𑄉𑄧𑄘𑄧 𑄈𑄪𑄎𑄪𑄢𑄮 𑄉𑄧𑄢𑄳𑄦𑄨 𑄌𑄧𑄣𑄬/𑄗𑄭
ওইরকম চাকচিক্যহীন মানুষের সাথে আমি কথা বলি না,𑄥𑄬 𑄈𑄪𑄎𑄪𑄢𑄮 𑄟𑄚𑄪𑄌𑄴𑄍𑄮𑄠𑄴 𑄟𑄪𑄠𑄴 𑄇𑄧𑄙 𑄚𑄧 𑄇𑄳𑄦𑄧𑄁𑅁
মুরগি গুলো চালের খুদগুলো খাবার মনে করে খায়,𑄇𑄪𑄢𑄳𑄦𑄮𑄃𑄪𑄚𑄬 𑄈𑄪𑄖𑄴𑄖𑄪𑄚𑄴 𑄃𑄙𑄢𑄴 𑄞𑄨𑄣𑄨𑄚𑄬𑄠𑄴 𑄈𑄚𑄴𑄚𑄬
চালের খুদ মন্ত্র পড়ে দিলে কি রোগ ভালো হয় নাকি,𑄈𑄪𑄖𑄴 𑄛𑄧𑄢𑄳𑄦 𑄘𑄨𑄣𑄳𑄦𑄬 𑄇𑄨 𑄛𑄬𑄖𑄴 𑄛𑄨𑄢𑄬 𑄉𑄧𑄟𑄴 𑄦𑄧𑄠𑄴𑄘𑄬 𑄚𑄬?
এক জাতের পিঁপড়ার বাসা,𑄈𑄪𑄖𑄴 𑄛𑄨𑄉𑄨𑄢𑄳𑄦𑄬 𑄝𑄳𑄦
এক জাতের পিঁপড়া গুলো বেড়িয়ে পড়েছে তাকে,𑄈𑄪𑄖𑄴 𑄛𑄨𑄉𑄨𑄢𑄳𑄦𑄬𑄃𑄪𑄚𑄬 𑄝𑄬𑄢𑄳𑄦𑄬 𑄇𑄮𑄢𑄳𑄦𑄬 𑄙𑄧𑄌𑄴𑄌𑄮𑄚𑄴 𑄖𑄢𑄳𑄦𑄬
কাকা- ভাইপো,𑄈𑄪𑄖𑄴𑄖𑄮 – 𑄞𑄬𑄠𑄴𑄛𑄪𑄖𑄴
কাকা-চাচা,𑄈𑄪𑄖𑄴𑄖𑄮 – 𑄎𑄬𑄖𑄴𑄗
কাকাত বোন,𑄈𑄪𑄖𑄴𑄖𑄮 𑄏𑄨 𑄞𑄮𑄚𑄴
কাকাত ভাই,𑄈𑄪𑄖𑄴𑄖𑄮 𑄛𑄪𑄖𑄴 𑄞𑄬𑄠𑄴
সাপে কামড়ানো,𑄷. 𑄥𑄝𑄬 𑄈𑄪𑄘𑄚
পাখিটা বাদুরটাকে পাইলেই কামড়ায়,𑄸. 𑄛𑄬𑄇𑄴𑄈𑄮 𑄌𑄧𑄉𑄧𑄘𑄞𑄮𑄢𑄬 𑄃𑄬𑄣𑄳𑄦𑄬 𑄈𑄪𑄘𑄬
চুলকাই দেয়া পিটটা একটু চুলকাই দাও,𑄈𑄪𑄘𑄨 𑄘𑄬𑄚: 𑄛𑄨𑄖𑄴𑄗𑄚𑄴 𑄃𑄬𑄇𑄴𑄇 𑄈𑄪𑄘𑄨 𑄘𑄬 𑄙𑄬𑅁
১. তালি তালি,𑄷. 𑄖𑄣𑄨 𑄖𑄣𑄨
তালি দাও,𑄖𑄣𑄨 𑄘𑄬𑄚
তার পেন্টটা ছেঁড়া ছেঁড়া হয়েছে,𑄖 𑄛𑄳𑄦𑄬𑄚𑄴𑄚𑄮 𑄖𑄣𑄨 𑄖𑄣𑄨 𑄦𑄪𑄠𑄬
সে কী এখনো ছেঁড়া শার্ট পড়ে,𑄖𑄬 𑄇𑄨 𑄃𑄬𑄞𑄧 𑄖𑄣𑄨 𑄘𑄳𑄠𑄬 𑄥𑄪𑄣𑄪𑄟𑄴 𑄃𑄪𑄢𑄳𑄦𑄬 𑄇𑄨𑄎𑄬𑄚𑄨
বুদ্ধের সময়ে কাপড়ের উপড় কাপড় ‍দিয়ে চীবরগুলো সেলাই করতো,𑄖𑄣𑄨 𑄃𑄪𑄉𑄪𑄢𑄬 𑄖𑄣𑄨 𑄘𑄨𑄚𑄬𑄘𑄨 𑄝𑄪𑄖𑄴𑄙𑄮 𑄃𑄧𑄇𑄴𑄗𑄧𑄖𑄴 𑄌𑄨𑄝𑄧𑄢𑄚𑄳𑄦𑄨 𑄥𑄬𑄣𑄬𑄘𑄇𑄴
সে মিথ্যা কথাগুলো তাৎক্ষনিক বলে দিতো,𑄖𑄬 𑄟𑄨𑄏𑄬 𑄇𑄧𑄙𑄚𑄨 𑄜𑄪𑄎𑄪𑄖𑄴 𑄖𑄣𑄨 𑄘𑄬𑄘𑄬
২. হাত তালি,𑄸. 𑄦𑄘𑄧 𑄖𑄣𑄨
সে খুশিতে হাত তালি দিল,𑄖𑄬 𑄈𑄪𑄎𑄨𑄠𑄬 𑄦𑄘𑄧 𑄖𑄣𑄨 𑄘𑄨𑄣𑄳𑄦𑄮
হাত তালি দিতে দিতে হাতে ফোঁচকা উঠে গেল,𑄦𑄘𑄧 𑄖𑄣𑄨 𑄘𑄬𑄘𑄬 𑄘𑄬𑄘𑄬 𑄎𑄚𑄬 𑄦𑄘𑄧𑄖𑄴 𑄜𑄧𑄎 𑄃𑄪𑄘𑄳𑄦𑄨 𑄎𑄬𑄣𑄳𑄦𑄇𑄴𑅁
ঔষধের তালিকা,𑄘𑄢𑄪 𑄖𑄣𑄳𑄦𑄨𑄇𑄴
বৈদ্যটার ঔষধী তালিকাটি ভালো আছে,𑄝𑄰𑄱𑄖𑄴𑄘𑄮𑄞𑄮 𑄘𑄢𑄪 𑄖𑄣𑄳𑄦𑄨𑄇𑄴𑄇𑄮 𑄉𑄧𑄟𑄴 𑄃𑄊𑄬
তার ঔষধগুলো খেয়ে সে রোগটি তুমি থাকো আমি যাই এমন অবস্থা,𑄖 𑄘𑄢𑄪 𑄖𑄣𑄳𑄦𑄨𑄇𑄴𑄇𑄮 𑄈𑄬𑄚𑄬𑄠𑄴 𑄥𑄬 𑄛𑄨𑄢𑄬 𑄃𑄬𑄇𑄴𑄈𑄬 𑄖𑄪𑄠𑄴 𑄗𑄇𑄴 𑄟𑄪𑄠𑄴 𑄎𑄁
তালিকা দেখে বাজারগুলো আনবে বুঝছো? তালিকা অনুসারে সবগুলো যোগাড় করা কষ্টকর,"𑄖𑄣𑄳𑄦𑄨𑄇𑄴 𑄙𑄧𑄢𑄨 𑄙𑄧𑄢𑄨 𑄝𑄎𑄢𑄚𑄳𑄦𑄨 𑄃𑄚𑄨𑄞𑄬, 𑄝𑄪𑄌𑄴𑄍𑄮𑄌𑄴? 𑄖𑄣𑄨𑄊𑄮 𑄙𑄧𑄉𑄬 𑄙𑄧𑄉𑄬 𑄝𑄬𑄇𑄴𑄇𑄚𑄳𑄦𑄨 𑄎𑄪𑄇𑄴𑄇𑄮𑄣𑄚 𑄃𑄉𑄭𑄖𑄴𑄗𑄬"
"উন্দুচ্ছে বৈদ্য ঔষধী তালিকায় আছে- ভূতে লাগানো আদা, কেঁ পোকার কোমড়ের হাড়","𑄃𑄪𑄚𑄴𑄘𑄪𑄌𑄴𑄌𑄬 𑄝𑄰𑄱𑄖𑄴𑄘𑄮 𑄘𑄢𑄪 𑄖𑄣𑄨𑄊𑄮𑄖𑄴 𑄃𑄉𑄬𑄙𑄬 – 𑄞𑄪𑄘𑄬 𑄣𑄉𑄬𑄠𑄬 𑄃𑄘, 𑄇𑄬𑄀 𑄛𑄪𑄊𑄮 𑄙𑄉𑄧 𑄦𑄢𑄴𑅁"
বিদায় দাও,𑄖𑄳𑄦 𑄖𑄳𑄦 𑄘𑄬𑄚
তারা আসার সময় আমাদের বিদায় দিল,𑄖𑄢𑄳𑄦 𑄃𑄟𑄳𑄦𑄢𑄬 𑄖𑄳𑄦 𑄖𑄳𑄦 𑄘𑄨𑄣𑄳𑄦𑄇𑄴 𑄃𑄬𑄖𑄴𑄗𑄬 𑄥𑄧𑄣𑄖𑄴
বাচ্চাটা বিদায় দিতে দিতে যাচ্ছে,𑄉𑄪𑄢𑄮𑄞𑄮 𑄖𑄳𑄦 𑄖𑄳𑄦 𑄘𑄨𑄘𑄨 𑄎𑄣𑄴𑄣𑄮𑄠𑄴
আমরা আসার সময় বিদায় দিয়ে আসলাম,𑄃𑄟𑄳𑄦𑄨 𑄃𑄬𑄞𑄢𑄴 𑄇𑄘𑄣𑄴𑄣𑄬 𑄖𑄳𑄦 𑄖𑄳𑄦 𑄘𑄨𑄘𑄭 𑄃𑄨𑄌𑄴𑄍𑄬𑄠𑄴𑅁
তােমার গলায় কী ঝোলানো আছে? গাছে একট দোলনা ঝোলানো আছে।,𑄖𑄧 𑄉𑄧𑄖𑄴𑄖𑄧𑄚𑄞𑄮𑄖𑄴 𑄥𑄨𑄝𑄬 𑄇𑄨 𑄖𑄁𑄋𑄬 𑄉𑄧𑄢𑄳𑄦𑄨 𑄃𑄊𑄬? 𑄉𑄌𑄴𑄍𑄮𑄖𑄴 𑄃𑄬𑄇𑄴𑄊𑄚𑄴 𑄙𑄪𑄣𑄮𑄚𑄴 𑄖𑄁𑄋𑄬 𑄃𑄊𑄬𑅁
তাঙোনি কাপড়,𑄖𑄁𑄋𑄮𑄚𑄴 𑄇𑄚𑄨
তাঙোন বেঁধে দাও,𑄖𑄁𑄋𑄮𑄚𑄴 𑄖𑄋𑄬 𑄘𑄬𑄚
মানুষ মরলে তাঙোন বেঁধে দেয়,𑄟𑄚𑄳𑄦𑄪𑄌𑄴 𑄟𑄧𑄣𑄳𑄦𑄬 𑄖𑄁𑄋𑄮𑄚𑄴 𑄖𑄋𑄬 𑄘𑄮𑄚𑄴
ফুলের তাঙোন কে বুনতে পারে? তাঙোন বাঁধা অবস্থায় দেখলে আমার ভয় করে।,𑄜𑄪𑄣𑄮 𑄖𑄁𑄋𑄮𑄚𑄴 𑄇𑄧𑄚𑄴𑄚𑄳𑄦 𑄝𑄪𑄚𑄨 𑄎𑄚𑄳𑄦𑄬? 𑄖𑄁𑄋𑄮𑄚𑄴 𑄖𑄁𑄋𑄬 𑄘𑄨𑄉𑄨𑄣𑄳𑄦𑄬 𑄟𑄪𑄠𑄴 𑄘𑄧𑄢𑄬 𑄣𑄬𑄘 𑄦𑄧𑄁
সে নাকি তাঙোন বাঁশটা দেখলেও ভয় পায়,𑄖𑄬 𑄞𑄬𑄣𑄬 𑄖𑄁𑄋𑄮𑄚𑄴 𑄝𑄌𑄴𑄍𑄮 𑄘𑄨𑄉𑄨𑄣𑄳𑄦𑄬𑄠𑄮 𑄘𑄧𑄢𑄭𑅁
সে ছেলেটা পড়ালেখায় দক্ষ,𑄥𑄬 𑄛𑄮𑄞𑄮 𑄣𑄬𑄊𑄛𑄧𑄢𑄖𑄴 𑄖𑄁 𑄖𑄁
সে ছোটবেলা থেকে দক্ষ করে উঠেছিল,𑄖𑄬 𑄌𑄨𑄉𑄮𑄚𑄧𑄖𑄴𑄗𑄪𑄚𑄴 𑄙𑄧𑄢𑄨 𑄖𑄁𑄖𑄁 𑄉𑄧𑄢𑄳𑄦𑄨 𑄃𑄭𑄪𑄖𑄴𑄗𑄬
কথায় বেশ পটু,𑄖𑄁 𑄖𑄁 𑄇𑄧𑄙
বাচ্চাটা খুবই চঞ্চল,𑄉𑄪𑄢𑄮𑄞𑄮 𑄃𑄧𑄟𑄧𑄉𑄧𑄘𑄧 𑄖𑄁 𑄝𑄢𑄳𑄦
বেশি করতেছে সে,𑄖𑄁 𑄝𑄢𑄳𑄦 𑄉𑄧𑄢𑄬𑄖𑄴𑄗𑄬 𑄘𑄬 𑄥𑄨𑄝𑄳𑄦𑄬
কী চঞ্চল এই বাচ্চাটা! রোদে দেয়া সিমগুলো পা দিয়ে পিছে গেল,𑄇𑄨 𑄖𑄁𑄝𑄢𑄳𑄦 𑄉𑄪𑄢𑄮 𑄃𑄳𑄦𑄬𑄘𑄧𑄇𑄴 𑄥𑄨𑄝𑄳𑄦𑄬! 𑄢𑄮𑄘𑄮𑄖𑄴 𑄘𑄮𑄁𑄊𑄬 𑄥𑄪𑄟𑄨𑄃𑄳𑄦𑄪𑄚𑄴 𑄦𑄪𑄢𑄨 𑄘𑄨 𑄘𑄨 𑄎𑄬𑄣𑄧𑄙𑄬𑅁
"১. তোমার জায়গা, তোমার দেশ,তোমার মাটি","𑄷. 𑄖𑄧 𑄎𑄉, 𑄖𑄧 𑄘𑄬𑄌𑄴, 𑄖𑄧 𑄟𑄘𑄨"
"তোমার বাড়ি তোমার স্বামী, স্ত্রী তোমার ছেলে/মেয়ে","𑄖𑄧 𑄊𑄧𑄢𑄴 𑄖𑄧 𑄚𑄬𑄇𑄴, 𑄟𑄮𑄇𑄴 𑄖𑄧 𑄛𑄮/ 𑄏𑄨"
"তোমার আত্মীয়, তোমার বন্ধুবান্ধব","𑄖𑄧 𑄇𑄪𑄘𑄪𑄟𑄴, 𑄖𑄧 𑄥𑄧𑄟𑄌𑄴𑄎𑄬"
"সেগুলো কোনোকিছুই তোমার না, শুধু কর্মটা তোমার","𑄥𑄨𑄠𑄚𑄳𑄦𑄨 𑄇𑄨𑄌𑄴𑄍𑄪 𑄖𑄧𑄢𑄴 𑄚𑄳𑄦𑄧𑄠𑄴, 𑄝𑄚 𑄇𑄧𑄢𑄴𑄟𑄧𑄞𑄮 𑄦𑄧𑄣𑄧𑄘𑄬 𑄖𑄧𑄢𑄴"
দাবা রাখ,𑄸. 𑄘𑄝 𑄖𑄧
মাথায় দেয়া কয়লা,𑄇𑄪𑄣𑄴𑄣𑄨𑄖𑄴 𑄘𑄮𑄚𑄴𑄚𑄬 𑄖𑄧
কয়লা গরম হওয়া,𑄹. 𑄖𑄧 𑄜𑄪𑄘𑄚/ 𑄛𑄚𑄳𑄦
"সূর্যের তাপ বাড়তেছে, একটু একটু পিটে তাপ পড়তেছে","𑄝𑄬𑄣𑄳𑄦𑄚𑄴 𑄖𑄘𑄬𑄢𑄴, 𑄃𑄬𑄇𑄴𑄇 𑄃𑄬𑄇𑄴𑄇 𑄛𑄨𑄙𑄨𑄖𑄴 𑄖𑄧 𑄜𑄪𑄘𑄬𑄢𑄴"
পাছায় তাপ পড়া পর্যন্ত সে ঘুমায়,𑄛𑄪𑄚𑄮𑄖𑄴 𑄖𑄧 𑄜𑄪𑄘𑄬 𑄥𑄧𑄁 𑄊𑄪𑄟𑄴 𑄎𑄭𑄘𑄬 𑄖𑄬
অনেক দূর থেকে আগুনের তাপ পড়ে,𑄃𑄬𑄇𑄴 𑄘𑄪𑄢𑄮𑄖𑄴𑄗𑄪𑄚𑄴 𑄖𑄧 𑄜𑄪𑄘𑄬 𑄥𑄬 𑄃𑄊𑄪𑄚𑄴
আগুনের তাপে ভূট্টাগুলো সিদ্ধ হলো,𑄃𑄉𑄪𑄚𑄳𑄦𑄮 𑄖𑄧𑄠𑄴 𑄖𑄧𑄠𑄴 𑄥𑄨𑄎𑄨𑄣𑄳𑄦𑄇𑄴 𑄟𑄪𑄇𑄴𑄇𑄬𑄃𑄳𑄦𑄪𑄚𑄴
বেশি রোদের তাপ পেলে চারাটা মরে যাবে,𑄢𑄮𑄘𑄮 𑄖𑄧 𑄝𑄬𑄌𑄴 𑄛𑄬𑄣𑄳𑄦𑄬 𑄌𑄢𑄞𑄮 𑄟𑄧𑄢𑄨𑄝𑄮
আগুনের তাপে ভাতগুলো হলো,𑄃𑄉𑄪𑄚𑄳𑄦𑄮 𑄖𑄧𑄠𑄴 𑄖𑄧𑄠𑄴 𑄞𑄖𑄴𑄖𑄪𑄚𑄴 𑄜𑄪𑄘𑄨𑄣𑄇𑄴𑅁
মারবেলে পারদর্শী,𑄟𑄢𑄴𑄞𑄬𑄣𑄧 𑄖𑄧𑄇𑄴𑄇
গুলিতে পারদর্শী,𑄉𑄪𑄣𑄳𑄦𑄨 𑄖𑄧𑄇𑄴𑄇
"যে বেশী ভালো তাকে প্রধান বানানো ভালো , ভালো করে মারতে পারে","𑄎𑄨𑄞𑄬 𑄝𑄬𑄌𑄴 𑄛𑄨𑄁𑄉𑄪𑄣𑄴, 𑄥𑄨𑄝𑄬𑄢𑄳𑄦𑄬 𑄖𑄧𑄇𑄴𑄇 𑄝𑄚𑄬𑄣𑄬 𑄉𑄧𑄟𑄴, 𑄘𑄮𑄣𑄬 𑄖𑄇𑄴 𑄛𑄳𑄦𑄠𑄴𑅁"
বাড়াবাড়ি করা,𑄖𑄧𑄇𑄴𑄏𑄧𑄇𑄴 𑄉𑄧𑄢𑄚𑄳𑄦
তথ্য নেওয়া/করা,𑄖𑄧𑄇𑄴𑄖𑄧 𑄣𑄧𑄚/ 𑄉𑄧𑄢𑄚𑄳𑄦
সে ছেলেটা কোথায় থেকে? একটু তথ্য নিলে ভালো হয়,"𑄥𑄬 𑄛𑄮𑄞𑄮 𑄇𑄪𑄖𑄴𑄗𑄪𑄚𑄴, 𑄃𑄬𑄇𑄴𑄇 𑄖𑄧𑄇𑄴𑄖𑄧 𑄣𑄧𑄣𑄳𑄦𑄬 𑄘𑄮𑄣𑄴 𑄦𑄧𑄝𑄧"
কী কী হয়েছে একটু তথ্য নাও,"𑄇𑄨 𑄇𑄨 𑄦𑄧𑄣𑄧, 𑄃𑄬𑄇𑄴𑄇 𑄖𑄧𑄇𑄴𑄖𑄧 𑄣𑄧"
"তারা ফলাফল কী হলো, একটু তথ্য নেওয়ার জন্য এসেছে সে","𑄖 𑄢𑄳𑄦𑄬𑄎𑄣𑄚𑄴 𑄇𑄨 𑄦𑄧𑄣𑄧, 𑄃𑄬𑄇𑄴𑄇 𑄖𑄧𑄇𑄴𑄖𑄧 𑄉𑄧𑄢𑄳𑄦 𑄃𑄨𑄌𑄴𑄍𑄬𑄘𑄬 𑄖𑄬"
"কোন জিনিস কোথায় হারিয়ে যাচ্ছে, কেউ খোঁজ নেয়না/করেনা","𑄇𑄧𑄚𑄴 𑄛𑄧𑄏 𑄇𑄪𑄚𑄴𑄙𑄨 𑄦𑄎𑄨 𑄎𑄢𑄴, 𑄇𑄧𑄚𑄳𑄦𑄧𑄎𑄧𑄚𑄬 𑄖𑄧𑄇𑄴𑄖𑄧 𑄚𑄧 𑄣𑄧𑄚𑄴/ 𑄉𑄧𑄢𑄳𑄦𑄧𑄚𑄴"
পুলিশরা খোঁজ নিয়ে এক বস্তা ইয়াবা ট্যাবলেট পেল,𑄛𑄪𑄣𑄳𑄦𑄨𑄌𑄴𑄌𑄪𑄚𑄬 𑄖𑄧𑄇𑄴𑄖𑄧 𑄉𑄧𑄢𑄨𑄚𑄳𑄦𑄬𑄠𑄴 𑄛𑄬𑄣𑄇𑄴𑄈𑄬 𑄃𑄬𑄇𑄴 𑄝𑄧𑄌𑄴𑄗 𑄃𑄨𑄠𑄝𑄳𑄦 𑄝𑄧𑄢𑄨
"এর থেকে খোঁজ নিলে খবর পায়না, অন্য জনের থেকে খোঁজ নিলে খবর পায়না, কোথায় যাবো","𑄃𑄬𑄖𑄖𑄴𑄗𑄪𑄚𑄴 𑄖𑄧𑄇𑄴𑄖𑄧 𑄉𑄧𑄣𑄴𑄣𑄳𑄦𑄬 𑄈𑄧𑄝𑄧𑄢𑄴 𑄚𑄧 𑄛𑄳𑄦𑄁, 𑄃𑄮𑄖𑄖𑄴𑄗𑄪𑄚𑄴 𑄖𑄧𑄇𑄴𑄖𑄧 𑄉𑄧𑄣𑄴𑄣𑄳𑄦𑄬 𑄈𑄧𑄝𑄧𑄢𑄴 𑄚𑄧 𑄛𑄳𑄦𑄁, 𑄇𑄪𑄙𑄪 𑄎𑄬𑄟𑄴 𑄌𑄳𑄦𑄬!"
গাছের কাঠ,𑄉𑄏𑄧 𑄖𑄧𑄇𑄴𑄗
সেগুন গাছের কাঠ,𑄥𑄇𑄴𑄇𑄮𑄚𑄴 𑄉𑄏𑄧 𑄖𑄧𑄇𑄴𑄗
তাদের বাড়িটা কাঠ দিয়ে বানানো,𑄖𑄢𑄳𑄦 𑄊𑄧𑄢𑄚𑄴 𑄖𑄧𑄇𑄴𑄖𑄣𑄳𑄦𑄮𑄠𑄴 𑄝𑄚𑄬𑄠𑄬𑅁
খোঁজ নেওয়া,𑄖𑄧𑄉 𑄎𑄚
খোঁজাখুজি,𑄖𑄧𑄉𑄖𑄧𑄉𑄨
খুঁজে দেখ/দাও,𑄖𑄧𑄉𑄬 𑄌𑄚𑄳𑄦/ 𑄘𑄬𑄚
খুঁঁজতে সাহায্য কর,𑄖𑄧𑄉 𑄝𑄧𑄣𑄴 𑄘𑄬𑄚
খুঁজতে যাওয়া,𑄖𑄧𑄉 𑄣𑄟𑄚
কী খুঁজতেছ তুমি? কাকে খুঁজতে যাচ্ছ? তাকে এত খুঁজতেছ কেন? তার সময় হলে সে নিজে নিজে আসবে,𑄇𑄨 𑄖𑄧𑄉𑄧𑄖𑄴𑄗𑄬 𑄖𑄪𑄠𑄴? 𑄇𑄢𑄳𑄦𑄬 𑄖𑄧𑄉 𑄎𑄳𑄦𑄧𑄢𑄴? 𑄇𑄨 𑄃𑄳𑄦𑄬𑄘𑄧𑄇𑄴 𑄖𑄢𑄳𑄦𑄬 𑄖𑄧𑄉𑄖𑄧𑄉𑄨? 𑄖 𑄃𑄧𑄇𑄴𑄗𑄧 𑄦𑄧𑄣𑄬 𑄖𑄬 𑄉𑄭 𑄉𑄭 𑄣𑄳𑄦𑄪𑄋𑄨𑄝𑄮𑄉𑄨
"সোনার চেইনটা সে হারিয়েছিল, সবখানে খুঁজেও পেল না","𑄥𑄧𑄚 𑄌𑄬𑄚𑄳𑄦𑄚𑄴 𑄦𑄢𑄬𑄠𑄬𑄘𑄬 𑄖𑄬, 𑄉𑄧𑄘 𑄖𑄮𑄉𑄬𑄚𑄬𑄠𑄳𑄦𑄮 𑄚𑄧 𑄛𑄬𑄣𑄳𑄦𑄧"
গুগলে খুঁজলে কী পাওয়া যায়না?  তোমাকে খুঁজতে খুঁজতে দিন শেষ হলো,𑄉𑄪𑄉𑄧𑄣𑄧𑄖𑄴 𑄖𑄧𑄉𑄬𑄣𑄬 𑄇𑄨 𑄚𑄧 𑄛𑄳𑄦𑄠𑄴? 𑄖𑄢𑄳𑄦𑄬 𑄖𑄧𑄉𑄘𑄬 𑄖𑄧𑄉𑄘𑄬 𑄝𑄬𑄣𑄴 𑄎𑄬𑄣𑄳𑄦𑄧
আমাকে খুঁজতে খুঁজতে সে ঢাকায় পৌঁছে গেল,𑄖𑄬 𑄟𑄧𑄢𑄳𑄦𑄬 𑄖𑄮𑄉𑄬 𑄖𑄮𑄉𑄬 𑄣𑄳𑄦𑄪𑄋𑄨𑄣𑄮𑄉𑄮𑄠𑄴 𑄙𑄇𑄖𑄴
"আমাদের খুঁজতে সাহায্য করতে হবেনা, আমরা নিজেরাই খুঁজতে পারব","𑄃𑄟𑄳𑄦𑄢𑄬 𑄖𑄧𑄉 𑄝𑄧𑄣𑄴 𑄘𑄳𑄠𑄬 𑄚𑄧 𑄛𑄧𑄢𑄨𑄝𑄮, 𑄃𑄟𑄳𑄦𑄨 𑄃𑄟𑄳𑄦𑄨 𑄖𑄮𑄉𑄬 𑄛𑄢𑄨𑄝𑄮𑄁"
যে যেটা খুঁজে সে সেটা পায়,"𑄎𑄬 𑄎𑄨𑄠𑄳𑄦𑄬𑄚𑄴 𑄖𑄧𑄉𑄭, 𑄖𑄬 𑄥𑄨𑄠𑄳𑄦𑄬𑄚𑄴 𑄛𑄳𑄦𑄠𑄴"
"আমি তোমাকে খুঁজতে খুঁজতে ক্লান্ত, তুমি কোথায় গিয়েছিলে?","𑄟𑄪𑄠𑄴 𑄙𑄧 𑄖𑄢𑄳𑄦𑄬 𑄖𑄧𑄉𑄘𑄬 𑄖𑄧𑄉𑄘𑄬 𑄣𑄬𑄘, 𑄃𑄳𑄦 𑄇𑄪𑄙𑄪 𑄎𑄨𑄠𑄳𑄦𑄮𑄌𑄴?"
তাজা থাকা,𑄖𑄧𑄌𑄴 𑄗𑄚
দুর্বল হওয়া,𑄖𑄧𑄌𑄴 𑄟𑄧𑄢 𑄦𑄧𑄚
"মাটি উর্বর আছে এখানে, যেটা লাগানো হয় সেটা ভালো হয়","𑄟𑄘𑄨 𑄖𑄧𑄌𑄴 𑄃𑄊𑄬 𑄃𑄨𑄙𑄪, 𑄎𑄨𑄠𑄳𑄦𑄬𑄚𑄴 𑄣𑄉𑄬𑄘𑄧 𑄥𑄖𑄴, 𑄦𑄧𑄠𑄴"
"এখানকার মাটি উর্বর নয়, যেটা লাগানো হয় সেটা হয়না","𑄃𑄨𑄙𑄪 𑄟𑄘𑄨 𑄖𑄧𑄌𑄴 𑄟𑄧𑄢, 𑄎𑄨𑄠𑄳𑄦𑄬𑄚𑄴 𑄣𑄉𑄬𑄘𑄧 𑄥𑄖𑄴 𑄚𑄧 𑄦𑄧𑄠𑄴𑅁"
উর্বর সেগুলো,𑄖𑄧𑄌𑄴𑄎 𑄥𑄨𑄚𑄨
বৈঠক খানা,𑄖𑄧𑄌𑄴𑄎𑄣𑄮𑄠𑄴 𑄌𑄣𑄴 𑄥𑄬𑄣𑄬𑄠𑄬 𑄊𑄧𑄢𑄴𑅁
সে সাথে সাথে দুই হাজার টাকা গণনা করে দিল,𑄖𑄬 𑄖𑄧𑄌𑄴 𑄖𑄧𑄌𑄴 𑄘𑄨 𑄦𑄎𑄢𑄴 𑄖𑄬𑄋 𑄉𑄪𑄚𑄨 𑄘𑄨𑄣𑄮 𑄙𑄬𑅁
"একেক করে সবগুলো যোগাড় করলো সে, পুরোপুরি যোগাড় করা","𑄖𑄧𑄎𑄨𑄟𑄴 𑄦𑄘𑄬 𑄦𑄘𑄬 𑄝𑄬𑄇𑄴𑄇𑄚𑄳𑄦𑄨 𑄎𑄪𑄇𑄴𑄇𑄮𑄣𑄬𑄣𑄧 𑄖𑄬, 𑄖𑄧𑄎𑄨𑄟𑄴 𑄎𑄪𑄇𑄴𑄇𑄮𑄣𑄚𑅁"
"একেক করে সবগুলো এনেছি আমি, একটাও বাদ দিই নি।","𑄖𑄧𑄎𑄨 𑄖𑄧𑄎𑄨 𑄝𑄬𑄇𑄴𑄇𑄚𑄳𑄦𑄨 𑄃𑄚𑄴𑄐𑄳𑄦𑄮𑄁 𑄟𑄪𑄠𑄴, 𑄃𑄬𑄇𑄴𑄊𑄚𑄮 𑄝𑄖𑄴 𑄚𑄳𑄦𑄧 𑄘𑄮𑄁𑅁"
আমাদের দোকানে কী নাই? সব পুরোপুরি পাবে,𑄃𑄟𑄳𑄦 𑄘𑄮𑄉𑄚𑄚𑄳𑄦𑄧𑄖𑄴 𑄇𑄨 𑄚𑄬𑄠𑄴? 𑄝𑄳𑄦𑄬𑄇𑄴 𑄖𑄧𑄎𑄨𑄟𑄴 𑄛𑄪𑄢𑄮 𑄛𑄬𑄞𑄬
তাদের বাড়িতে ভাতে পানিতে সব পুরোপুরি,𑄖𑄢𑄳𑄦 𑄊𑄧𑄢𑄧𑄖𑄴 𑄞𑄘𑄬 𑄛𑄚𑄨𑄠𑄳𑄦𑄬 𑄝𑄳𑄦𑄬𑄇𑄴 𑄖𑄧𑄎𑄨𑄟𑄴𑄛𑄪𑄢𑄮
সব পুরোপুরি পাওয়ার পরেও মনটা বলে কী যেন নেই,"𑄝𑄬𑄇𑄴𑄇𑄚𑄳𑄦𑄨 𑄖𑄧𑄎𑄨𑄟𑄪𑄢𑄮 𑄉𑄧𑄢𑄳𑄦𑄨 𑄛𑄬𑄚𑄳𑄦𑄬𑄠𑄮 𑄘𑄧 𑄟𑄧𑄚𑄚𑄳𑄦𑄬 𑄇𑄧𑄠𑄴𑄙𑄬 – 𑄇𑄨 𑄚𑄬𑄠𑄴, 𑄇𑄨 𑄚𑄬𑄠𑄴!"
শক্ত/নরম তোষক,𑄘𑄧𑄢𑄳𑄦𑄧/ 𑄚𑄧𑄢𑄧𑄟𑄴 𑄖𑄧𑄏𑄧𑄇𑄴
তোষকটা রোদে দিয়ে পরিষ্কার করতে হবে,𑄖𑄧𑄏𑄧𑄇𑄴𑄇𑄚𑄴 𑄢𑄮𑄘𑄮𑄖𑄴 𑄘𑄨𑄚𑄬𑄠𑄴 𑄏𑄢 𑄛𑄧𑄢𑄨𑄝𑄮
গলা,𑄷. 𑄖𑄧𑄘 𑄞𑄬𑄘
শুধু গলাটা চুলকাচ্ছে,𑄖𑄧𑄘𑄞𑄮 𑄇𑄪𑄇𑄴𑄇𑄪𑄘𑄖𑄴𑄖𑄬 𑄝𑄚
গলাটায় কী বেঁধে গেছে মনে হয়,𑄖𑄧𑄘𑄞𑄮𑄖𑄴 𑄇𑄨 𑄝𑄌𑄴𑄍𑄬𑄉𑄮𑄠𑄴 𑄛𑄢𑄳𑄦𑄛𑄁
গলাটা চুলকাচ্ছে,𑄖𑄧𑄘𑄞𑄮 𑄈𑄌𑄴𑄌𑄮𑄖𑄴𑄖𑄬
গলা চেপে আনবে- শিপ চরন,𑄸. 𑄖𑄧𑄘 𑄥𑄙𑄨 𑄃𑄚𑄨𑄞𑄮 – 𑄥𑄨𑄛𑄴 𑄌𑄧𑄢𑄧𑄚𑄴𑅁
তার কাজ না থাকলেও এদিক সেদিক টুকিটাকি কাজ করে,𑄖𑄬 𑄇𑄟𑄴 𑄚𑄧 𑄗𑄬𑄣𑄬𑄠𑄮 𑄃𑄨𑄠𑄳𑄦𑄚𑄴 𑄃𑄳𑄦𑄪𑄝𑄮𑄚𑄴 𑄖𑄧𑄘𑄧𑄇𑄴 𑄖𑄘𑄇𑄴 𑄉𑄧𑄢𑄳𑄦𑄬
বেশি নড়া চড়া করলে আবার পুরনো ব্যাথ দেখা দিবে,𑄝𑄬𑄌𑄴 𑄖𑄧𑄘𑄧𑄇𑄴 𑄖𑄘𑄇𑄴 𑄉𑄧𑄣𑄴𑄣𑄳𑄦𑄬 𑄃𑄢𑄳𑄦𑄧 𑄛𑄪𑄢𑄮𑄚𑄨 𑄛𑄨𑄢𑄬 𑄃𑄭𑄪𑄣𑄴𑄣𑄬𑄝𑄧 𑄥𑄬
কাজ করা মানুষেরা নড়া চড়া না করলে থাকতে পারেনা,𑄖𑄧𑄘𑄧𑄇𑄴 𑄖𑄘𑄇𑄴 𑄚𑄧 𑄉𑄧𑄢𑄨𑄚𑄳𑄦𑄬𑄠𑄴 𑄗𑄬𑄠𑄴 𑄚𑄧 𑄛𑄢𑄧𑄚𑄴 𑄇𑄟𑄴𑄟𑄮 𑄟𑄚𑄳𑄦𑄪𑄌𑄴𑄌𑄪𑄚𑄬𑅁
টিয়াগুলো কথা বলতে পারে,𑄖𑄧𑄘𑄬𑄇𑄴𑄇𑄪𑄚𑄳𑄦𑄬 𑄇𑄧𑄙 𑄛𑄢𑄧𑄚𑄴𑅁
ফোঁড়াটি টনটন করে,𑄜𑄮𑄢𑄝𑄮 𑄖𑄧𑄚𑄴𑄖𑄧𑄚𑄢𑄴
চোখ ব্যথা করে এরকম করোনা,𑄌𑄮𑄇𑄴 𑄖𑄧𑄚𑄴𑄖𑄧𑄚𑄭 𑄛𑄳𑄦 𑄚𑄧 𑄉𑄧𑄢𑄳𑄦𑄨𑄌𑄴
একজনের বিচি ব্যথা করলে সবার বিচি ব্যথা করে,𑄃𑄬𑄇𑄴𑄎𑄧𑄚𑄧 𑄝𑄨𑄎𑄬 𑄖𑄧𑄚𑄴𑄖𑄧𑄚𑄬𑄣𑄬 𑄝𑄬𑄇𑄴𑄇𑄪𑄚𑄳𑄦𑄮 𑄝𑄨𑄎𑄬 𑄖𑄧𑄚𑄴𑄖𑄧𑄚𑄭𑅁
"সে একটু শক্তিশালী আছে,তার বেয়াই এর থেকে","𑄖𑄬 𑄃𑄬𑄇𑄴𑄇 𑄖𑄧𑄚𑄧𑄇𑄴 𑄃𑄊𑄬, 𑄖 𑄞𑄬𑄠𑄴𑄝𑄮 𑄙𑄢𑄚𑄬"
.বুড়ো হয়েও সে এখনো শক্তিশালী আছে,𑄝𑄪𑄢𑄳𑄦𑄮 𑄦𑄮𑄚𑄬𑄠𑄮 𑄃𑄬𑄞𑄧 𑄖𑄧𑄚𑄧𑄇𑄴 𑄃𑄊𑄬 𑄖𑄬
"বাচ্চাটা শক্তিশালী বলতেছিল,একটু একটু হাঁটতে পারে","𑄉𑄪𑄢𑄮𑄞𑄮 𑄖𑄧𑄚𑄧𑄇𑄴 𑄦𑄧𑄣𑄴𑄣𑄨, 𑄃𑄬𑄇𑄴𑄇 𑄃𑄬𑄇𑄴𑄇 𑄦𑄘𑄨 𑄛𑄢𑄬𑅁"
কানের দুল/নাকের দুল,"𑄇𑄚𑄧 𑄖𑄧𑄛𑄴, 𑄚𑄉𑄧 𑄖𑄧𑄛𑄴"
আলাদা আলাদা,𑄖𑄧𑄛𑄴𑄜𑄬 𑄖𑄧𑄛𑄴𑄜𑄬
আলাদা আলাদা খাওয়া,𑄖𑄧𑄛𑄴𑄜𑄬 𑄖𑄧𑄛𑄴𑄜𑄬 𑄈𑄚
"সে একটু,সে একটু করে তরকারিটা কুলালো না","𑄖𑄬 𑄃𑄬𑄇𑄴 𑄖𑄧𑄛𑄴𑄜𑄬, 𑄖𑄬 𑄃𑄬𑄇𑄴 𑄖𑄧𑄛𑄴𑄜𑄬 𑄉𑄧𑄢𑄳𑄦𑄨 𑄖𑄮𑄚𑄚𑄳𑄦𑄨 𑄚𑄧 𑄇𑄪𑄣𑄮𑄠𑄴𑅁"
আমার জন্য রাখিও,𑄟𑄭𑄖𑄴𑄖𑄬 𑄖𑄧𑄝
ছোট পাতিল,𑄖𑄧𑄝 𑄥𑄧
ছোট হাঁড়ি দিয়ে ভাত বসিয়ে দাও,𑄌𑄨𑄉𑄮𑄚𑄴 𑄖𑄧𑄝𑄝𑄮𑄣𑄳𑄦𑄮𑄠𑄴 𑄞𑄖𑄴 𑄛𑄳𑄦𑄖𑄴 𑄘𑄬𑄉𑄮𑄠𑄴
এই হাঁড়ি দিয়ে তরকারি রান্না করো,𑄃𑄬 𑄖𑄧𑄝𑄝𑄮𑄣𑄳𑄦𑄮𑄠𑄴 𑄖𑄮𑄚𑄳𑄦𑄚𑄴 𑄢𑄚𑄳𑄦𑄨𑄌𑄴𑅁
কামনা করা,𑄖𑄧𑄝𑄧𑄚 𑄉𑄧𑄢𑄚𑄳𑄦
আমি তোমার মাথায় তবলা বাজাব কিন্তু,𑄟𑄪𑄠𑄴 𑄈𑄇𑄴𑄇𑄬 𑄖𑄧 𑄈𑄪𑄣𑄴𑄣𑄮𑄖𑄴 𑄖𑄧𑄝𑄧𑄣 𑄝𑄌𑄴𑄌𑄬𑄟𑄴 𑄙𑄧!
"তোমার গ্রাম, তোমার বাড়ি, তোমার জায়গা, তোমার আত্মীয় স্বজন, এরা মরে গেলে কিছু থাকবে না","𑄖𑄧𑄟𑄳𑄦 𑄃𑄘𑄟𑄴, 𑄖𑄧𑄟𑄳𑄦 𑄊𑄧𑄢𑄴, 𑄖𑄧𑄟𑄳𑄦 𑄎𑄉, 𑄖𑄧𑄟𑄳𑄦 𑄇𑄪𑄘𑄪𑄟𑄴𑄟𑄮𑄃𑄳𑄦𑄪𑄚𑄴, 𑄃𑄨𑄠𑄚𑄳𑄦𑄨 𑄟𑄧𑄣𑄴𑄣𑄳𑄦𑄬 𑄇𑄨𑄌𑄴𑄍𑄪 𑄚𑄧 𑄗𑄬𑄝𑄧𑅁"
তোদের মা,𑄖𑄧𑄟𑄴𑄟𑄘𑄊𑄨
তোমার মা কোথায় গিয়েছে? তোমার মা আর বাবা কোথায় গিয়েছে,𑄖𑄧𑄟𑄴𑄟 𑄇𑄪𑄙𑄪 𑄎𑄨𑄠𑄳𑄦𑄬? 𑄖𑄧𑄟𑄴𑄟𑄣𑄮𑄠𑄴 𑄖𑄧𑄝𑄝𑄬 𑄇𑄪𑄙𑄪 𑄎𑄨𑄠𑄳𑄦𑄮𑄚𑄴?
তাকে আগের চাইতে একটু তরুণ দেখতেছি,𑄖𑄢𑄳𑄦𑄬 𑄃𑄉𑄧𑄖𑄴𑄗𑄪𑄚𑄴 𑄃𑄬𑄇𑄴𑄇 𑄖𑄧𑄢𑄪𑄚𑄮 𑄘𑄬𑄊𑄧𑄋𑄧𑄢𑄴𑅁
নিচে ছিদ্র,𑄖𑄧𑄣 𑄇𑄚
এই খুমে নিচ পর্যন্ত ছোয়া যায় না,𑄖𑄧𑄣 𑄣𑄊𑄧𑄖𑄴 𑄚𑄧 𑄛𑄳𑄦𑄠𑄴 𑄃𑄬 𑄟𑄧𑄢𑄳𑄦𑄧𑄁𑄋𑄮𑄖𑄴
কুপের নিচ পর্যন্ত দেখা যায় না,𑄇𑄪𑄃𑄮𑄞𑄮 𑄖𑄧𑄣𑄃𑄳𑄦𑄚𑄴 𑄘𑄬𑄊 𑄚𑄧 𑄎𑄭
পাতিলের তলানিটা কে ছেঁটেপুটে খাবে?হাঁটতে হাঁটতে জুতার তলানিটা ক্ষয় হলো,𑄛𑄨𑄣𑄬 𑄖𑄧𑄣𑄃𑄳𑄦𑄚𑄴 𑄇𑄧𑄚𑄴𑄚𑄳𑄦 𑄛𑄪𑄏𑄨 𑄈𑄬𑄝𑄧? 𑄦𑄘𑄧𑄘𑄬 𑄦𑄘𑄧𑄘𑄬 𑄎𑄧𑄖 𑄖𑄧𑄣𑄃𑄳𑄦𑄚𑄴 𑄈𑄧𑄠𑄴 𑄎𑄬𑄣𑄧𑄊𑄮𑄠𑄴
"তলা ছিদ্র করে,যতই বেতন পায় না কেন কুলায় না",𑄖𑄧𑄣 𑄇𑄚 𑄉𑄧𑄢𑄳𑄦𑄨 𑄎𑄬𑄙𑄧𑄇𑄴 𑄝𑄬𑄖𑄧𑄚𑄴 𑄛𑄬𑄙𑄧 𑄥𑄖𑄴 𑄚𑄧 𑄇𑄪𑄣𑄮𑄠𑄴𑅁
ভালোভাবে খুঁজে দেখার পর বের হবে কে কী করছে,"𑄉𑄧𑄟𑄬 𑄖𑄧𑄣𑄴𑄝𑄨𑄌𑄴 𑄉𑄧𑄢𑄨𑄣𑄳𑄦𑄬 𑄖𑄳𑄦𑄬 𑄚𑄳𑄦𑄨𑄉𑄨𑄣𑄨𑄝𑄮𑄘𑄬, 𑄇𑄧𑄚𑄬 𑄇𑄨 𑄉𑄮𑄌𑄴𑄍𑄬𑅁"
নিচে পরা,𑄖𑄧𑄣𑄬 𑄛𑄧𑄢𑄚
নিচে নামা,𑄖𑄧𑄣𑄬 𑄣𑄟𑄚
তাদের সংসার শুধু নিচের দিকে পড়তেছে কেন,𑄖𑄢𑄳𑄦 𑄉𑄨𑄢𑄨𑄖𑄴𑄗𑄨 𑄃𑄬𑄉𑄧𑄎 𑄇𑄨 𑄖𑄧𑄣𑄬 𑄛𑄧𑄢𑄬𑄢𑄴 𑄇𑄨𑄎𑄬𑄚𑄨
"তােমরা নিচে না পড়ে উপরের দিকে উঠতে থেকো, এটা আমার আশীর্বাদ থাকলো",
তারা ছাদের উপড় থেকে নিচে নামলো,𑄖𑄢𑄳𑄦 𑄥𑄘𑄧 𑄃𑄪𑄉𑄪𑄢𑄬𑄖𑄴𑄗𑄪𑄚𑄴 𑄖𑄧𑄣𑄬 𑄣𑄟𑄨𑄣𑄇𑄴𑄈𑄨𑅁
বাঁশকোরলের তং,𑄷. 𑄞𑄌𑄴𑄌𑄪𑄢𑄨 𑄖𑄧𑄁
জুমের বাড়িগুলো বেশিরভাগ হচ্ছে তংঘের বাড়ি ,𑄎𑄪𑄟𑄴 𑄊𑄧𑄢𑄚𑄨 𑄝𑄬𑄇𑄴𑄞𑄇𑄴 𑄦𑄧𑄣𑄧𑄘𑄬 𑄖𑄧𑄁 𑄊𑄧𑄢𑄴
চালের তং,𑄹. 𑄌𑄮𑄣𑄮 𑄖𑄧𑄁
"টেক্কা, সাপ্,বিবি,গোলাম","𑄷. 𑄖𑄨𑄇𑄴𑄇𑄬, 𑄥𑄳𑄦𑄛𑄴, 𑄝𑄨𑄝𑄨, 𑄉𑄮𑄣𑄟𑄴"
দূর্গা টেক্কা,𑄘𑄪𑄢𑄴𑄉𑄮 𑄖𑄨𑄇𑄴𑄇𑄬
"রতন,রুয়তন,চিরগে টেক্কা","𑄦𑄧𑄢𑄧𑄖𑄧𑄚𑄴, 𑄢𑄳𑄦𑄪𑄠𑄴𑄖𑄧𑄚𑄴, 𑄌𑄨𑄢𑄴𑄉𑄬 𑄖𑄨𑄇𑄴𑄇𑄬"
এক টাকার দুই হাজার টাকার জিনিসপত্র পাওয়া যায়না আর,"𑄸. 𑄃𑄬𑄇𑄴 𑄖𑄨𑄇𑄴𑄇𑄬, 𑄘𑄨 𑄖𑄨𑄇𑄴𑄇𑄬 𑄎𑄨𑄚𑄳𑄦𑄨𑄌𑄴 𑄚𑄧 𑄛𑄳𑄦𑄠𑄴 𑄃𑄢𑄴"
হাজার টাকার পোশাক,𑄦𑄎𑄢𑄴 𑄖𑄨𑄇𑄴𑄇𑄬 𑄥𑄪𑄣𑄪𑄟𑄴𑅁
শীতে কাঁপতেছে,𑄎𑄢𑄬 𑄖𑄨𑄇𑄴𑄖𑄨𑄉𑄢𑄴 𑄖𑄬
জ্বর হওয়ায় সে কিছুক্ষণ কেঁপে কেঁপে উঠল,𑄎𑄧𑄢𑄬 𑄎𑄧𑄘𑄧𑄝𑄧𑄘𑄬 𑄉𑄧𑄢𑄳𑄦𑄨 𑄖𑄨𑄇𑄴𑄖𑄨𑄉𑄬𑄣𑄧 𑄖𑄬 𑄈𑄇𑄴𑄇𑄧𑄚𑄴
ভয়ে সে রাজাবাবুর সামনে কেঁপে কেঁপে ছিল,𑄘𑄧𑄢𑄬 𑄖𑄨𑄇𑄴𑄖𑄨𑄉𑄬 𑄖𑄨𑄇𑄴𑄖𑄨𑄉𑄬 𑄃𑄬𑄣𑄳𑄦𑄧 𑄖𑄬 𑄢𑄎𑄝𑄝𑄪 𑄟𑄪𑄎𑄪𑄋𑄳𑄦𑄮𑄖𑄴𑅁
তারা কিছুক্ষনও একত্রে থাকতে পারেনা,𑄖𑄢𑄳𑄦 𑄈𑄇𑄴𑄇𑄧𑄚𑄴 𑄖𑄨𑄉𑄖𑄨𑄉𑄨 𑄚𑄧 𑄦𑄧𑄚𑄴
"এক সঙ্গে থাকতে না পারলে আলাদা করে থাকা ভালো, শুধু কষ্ট পেয়ে লাভ নেই","𑄖𑄨𑄉𑄖𑄨𑄉𑄨 𑄚𑄧 𑄦𑄧𑄣𑄬 𑄜𑄢𑄧𑄇𑄴 𑄉𑄧𑄢𑄳𑄦𑄨 𑄗𑄚 𑄉𑄧𑄟𑄴, 𑄌𑄪𑄙𑄮𑄟𑄬 𑄘𑄪𑄇𑄴 𑄛𑄳𑄦𑄬 𑄛𑄳𑄦𑄬 𑄣𑄛𑄴 𑄚𑄬𑄠𑄴𑅁"
১. পরীক্ষায় উত্তীর্ণ হওয়া,𑄷. 𑄛𑄧𑄢𑄨𑄇𑄴𑄈𑄬𑄖𑄴 𑄖𑄨𑄉𑄚
ভাইভাতে উত্তীর্ণ হওয়া,𑄞𑄭𑄝𑄖𑄴 𑄖𑄨𑄉𑄚
উনদুচ্চে বৈদ্যর কাছ থেকে একটা তাবিজ নিয়ে আসলে সব পরীক্ষায় টিকতে পারবে,𑄃𑄪𑄚𑄴𑄘𑄪𑄌𑄴𑄌𑄬 𑄝𑄰𑄱𑄖𑄴𑄘𑄮𑄖𑄴𑄗𑄪𑄚𑄴 𑄃𑄨𑄇𑄴𑄊𑄮 𑄖𑄝𑄨𑄖𑄴 𑄃𑄚𑄨𑄣𑄬𑄊𑄮𑄠𑄴 𑄝𑄬𑄇𑄴 𑄛𑄧𑄢𑄨𑄇𑄴𑄈𑄬𑄖𑄴 𑄖𑄨𑄉𑄨𑄝𑄬𑄉𑄮𑄠𑄴
পরীক্ষায় টিকতে পারলে কী দিবে? বি সি এসে টিকতে কঠিন,𑄛𑄧𑄢𑄨𑄇𑄴𑄈𑄬𑄖𑄴 𑄖𑄨𑄉𑄨𑄣𑄬 𑄇𑄨 𑄘𑄨𑄞𑄬? 𑄝𑄨𑄥𑄨𑄃𑄬𑄎𑄧𑄖𑄴 𑄖𑄨𑄉𑄧𑄘𑄬 𑄃𑄉𑄭𑄖𑄴𑄗𑄬
ইন্টারভিউটে টিকার পর সে চাকরিটা পেয়েছে,𑄃𑄳𑄦𑄨𑄚𑄴𑄖𑄢𑄴𑄞𑄨𑄃𑄪𑄖𑄴 𑄖𑄨𑄉𑄨𑄚𑄬𑄠𑄴 𑄖𑄳𑄦𑄬 𑄚 𑄖𑄬 𑄌𑄉𑄧𑄢𑄨𑄃𑄳𑄦𑄚𑄴 𑄛𑄬𑄣𑄧𑄙𑄬
নিবাচনী পরীক্ষায় উত্তীর্ণ হতে হলে তোমাকে ভালো করে পড়তে হবে,𑄃𑄬𑄣𑄃𑄳𑄦𑄮 𑄛𑄧𑄢𑄨𑄇𑄴𑄈𑄬𑄖𑄴 𑄖𑄨𑄉𑄨𑄝𑄢𑄴 𑄦𑄧𑄣𑄬 𑄖𑄧𑄖𑄴𑄗𑄪𑄚𑄴 𑄉𑄧𑄟𑄬 𑄛𑄧𑄢𑄳𑄦 𑄛𑄧𑄢𑄨𑄝𑄮
মোবাইলটি বেশিদিন টিকবে না মনে হয়,𑄸. 𑄟𑄮𑄞𑄭𑄣𑄚𑄴 𑄝𑄳𑄦𑄬𑄌𑄴 𑄚𑄧 𑄖𑄨𑄉𑄨𑄝𑄮 𑄛𑄢𑄳𑄦𑄛𑄁
লোহা জিনিস তার হতে টিকে না আবার সেই বেটের জিনিস,"𑄣𑄪𑄦𑄮 𑄎𑄨𑄚𑄳𑄦𑄨𑄌𑄴 𑄚𑄧 𑄖𑄨𑄉𑄬 𑄖 𑄦𑄘𑄧𑄖𑄴, 𑄇𑄳𑄦𑄧𑄚𑄴 𑄥𑄬 𑄝𑄬𑄙𑄧 𑄎𑄨𑄚𑄳𑄦𑄨𑄌𑄴"
তাাদের সংসার মাত্র দুই বছর টিকলো,𑄖𑄢𑄳𑄦 𑄥𑄧𑄁𑄥𑄢𑄳𑄦𑄚𑄴 𑄝𑄧𑄣𑄬 𑄝𑄧𑄣𑄬 𑄘𑄨 𑄝𑄧𑄏𑄧𑄢𑄴 𑄖𑄨𑄇𑄴𑄇𑄬𑄙𑄬
আমি তার সাথে একটুও টিকবো না,𑄹. 𑄟𑄪𑄠𑄴 𑄖𑄣𑄴𑄣𑄮𑄠𑄴 𑄈𑄇𑄴𑄇𑄧𑄚𑄴 𑄚𑄧 𑄖𑄨𑄉𑄨𑄟𑄴𑅁
চুল চূর্ণ বিচ্ছিন্ন করা,𑄖𑄨𑄉𑄨𑄚𑄨 𑄥𑄨𑄚𑄨 𑄘𑄬𑄘𑄨 𑄉𑄧𑄢𑄚𑄳𑄦
চুল টানাটানি করা,𑄖𑄨𑄉𑄨𑄚𑄨 𑄥𑄢𑄳𑄦 𑄥𑄢𑄳𑄦𑄨 𑄉𑄧𑄢𑄚𑄳𑄦
মেয়েগুলো চুল টানাটানি করতেছে,𑄟𑄨𑄣𑄬𑄃𑄪𑄚𑄳𑄦𑄬 𑄖𑄨𑄉𑄨𑄚𑄨 𑄥𑄢𑄳𑄦 𑄥𑄢𑄳𑄦𑄨 𑄉𑄧𑄖𑄴𑄗𑄧𑄚𑄴
তাকে আমি চুলে ধরে টেনে নিব,𑄖𑄢𑄳𑄦𑄬 𑄟𑄪𑄠𑄴 𑄖𑄨𑄉𑄨𑄚𑄨𑄖𑄴 𑄙𑄧𑄢𑄨 𑄥𑄬𑄎𑄬𑄢𑄬𑄟𑄴𑄟𑄬𑅁
মাথা নাড়ানো,𑄖𑄨𑄊𑄪𑄖𑄴 𑄖𑄨𑄊𑄪𑄖𑄴 𑄉𑄧𑄢𑄚𑄳𑄦
সে কিছু না বলে শুধু একটু করে মাথা নেড়ে সম্বোধন করেছিল,𑄇𑄨𑄌𑄴𑄍𑄪 𑄚𑄧 𑄇𑄮𑄚𑄳𑄦𑄬𑄠𑄴 𑄝𑄚 𑄃𑄬𑄇𑄴𑄇𑄬𑄚 𑄉𑄧𑄢𑄳𑄦𑄨 𑄖𑄨𑄊𑄪𑄖𑄴 𑄉𑄧𑄣𑄴𑄣𑄧𑄙𑄬 𑄖𑄬
সে কী শুধুমাত্র মাথাটা নাড়াতে পারে,𑄥𑄨𑄝𑄳𑄦𑄬 𑄇𑄨 𑄝𑄚 𑄥𑄨𑄢𑄬𑄝𑄳𑄦𑄮 𑄖𑄨𑄊𑄪𑄖𑄴 𑄖𑄨𑄊𑄪𑄖𑄴 𑄉𑄧𑄢𑄳𑄦𑄨 𑄛𑄢𑄬𑄘𑄬
সে টিক টিক ঝিমায়,𑄖𑄬 𑄖𑄨𑄊𑄪𑄖𑄴 𑄖𑄨𑄊𑄪𑄖𑄴 𑄏𑄪𑄢𑄬𑄢𑄴
শীতে কেঁপে কেঁপে উঠতেছি,𑄎𑄢𑄬 𑄖𑄨𑄘𑄨𑄇𑄴 𑄖𑄨𑄘𑄨𑄇𑄴 𑄉𑄧𑄢𑄳𑄦𑄧𑄋𑄧𑄢𑄴
সে ভয়ে কেঁপে কেঁপে উঠতেছে,𑄘𑄧𑄢𑄬 𑄖𑄨𑄘𑄨𑄇𑄴 𑄖𑄨𑄘𑄨𑄇𑄴 𑄉𑄧𑄢𑄳𑄦𑄬𑄢𑄴 𑄖𑄬
সে শীতে কেঁপে কেঁপে উঠতেছে,𑄎𑄢𑄬 𑄖𑄨𑄘𑄨𑄖𑄨𑄘𑄨𑄇𑄴 𑄉𑄧𑄢𑄳𑄦𑄬𑄢𑄴 𑄖𑄬𑅁
ছাগলটা হঠাৎ করে লাফিয়ে উঠল,𑄥𑄉𑄧𑄣𑄴𑄣𑄮 𑄖𑄨𑄘𑄨𑄢𑄨𑄇𑄴 𑄉𑄧𑄢𑄳𑄦𑄨 𑄜𑄭𑄣𑄴𑄣𑄬 𑄃𑄪𑄘𑄨𑄣𑄳𑄦𑄮
সে শুধু এদিক সেদিক ঘুরে বেড়ায়,𑄖𑄬 𑄝𑄚 𑄖𑄨𑄘𑄨𑄢𑄨𑄇𑄴 𑄖𑄨𑄘𑄨𑄢𑄨𑄇𑄴 𑄉𑄧𑄢𑄳𑄦𑄨 𑄝𑄬𑄢𑄭𑄘𑄬
এই বেশি এদিক সেদিক ঘোরাফেরা করো না,"𑄃𑄬𑄠𑄳𑄦𑄮, 𑄝𑄬𑄌𑄴 𑄖𑄨𑄘𑄨𑄢𑄨𑄇𑄴 𑄖𑄨𑄘𑄨𑄢𑄨𑄇𑄴 𑄚𑄧 𑄝𑄬𑄢𑄬𑄌𑄴𑅁"
এদিক সেদিক ঘুরে বেড়ানো,𑄖𑄨𑄘𑄨𑄢𑄨𑄇𑄴 𑄖𑄨𑄘𑄨𑄢𑄨𑄇𑄴 𑄝𑄬𑄢𑄚
তেতো-মিষ্টি,𑄘𑄨𑄘𑄬 – 𑄟𑄨𑄙𑄬
তেতো করলা,𑄘𑄨𑄘𑄬𑄉𑄪𑄣𑄮
তেতো বেগল,𑄖𑄨𑄘𑄬 𑄝𑄬𑄉𑄮𑄣𑄴
তেতো কচু,𑄖𑄨𑄘𑄬 𑄇𑄧𑄎𑄪
আমি শুধু জাম্বুরাটা তেতো পায়,𑄟𑄪𑄠𑄴 𑄝𑄚 𑄇𑄧𑄚𑄴𑄘𑄣𑄳𑄦𑄪𑄚𑄴 𑄖𑄨𑄘𑄬 𑄛𑄁𑄊𑄬
"ঔষধটি খুবই তেতো, খেলে বমি আসে","𑄘𑄢𑄪𑄝𑄧𑄢𑄨𑄃𑄳𑄦𑄪𑄚𑄴 𑄝𑄚 𑄖𑄨𑄘𑄬, 𑄈𑄬𑄣𑄬 𑄃𑄧𑄉𑄧𑄣 𑄃𑄬𑄏𑄬"
জীবনে তেতো মিষ্ট অনেক খেয়ে আসলাম,𑄎𑄨𑄁𑄇𑄚𑄨𑄖𑄴 𑄖𑄨𑄘𑄬 𑄟𑄨𑄙𑄬 𑄝𑄧𑄦𑄪𑄖𑄴 𑄈𑄬 𑄃𑄬𑄣𑄳𑄦𑄪𑄁
মুখটা তেতো হয়েছে,𑄟𑄪𑄈𑄮𑄞𑄬𑄘𑄝𑄮 𑄝𑄚 𑄖𑄨𑄘𑄬 𑄦𑄪𑄠𑄬𑄘𑄬𑅁
তেতো করলা শাক,𑄖𑄨𑄘𑄬𑄉𑄪𑄣𑄮 𑄥𑄇𑄴
তেতো করলারবাজা,𑄖𑄨𑄘𑄬𑄉𑄪𑄣𑄮 𑄈𑄧𑄣
তেতো করলার তরকারি,𑄖𑄨𑄘𑄬𑄉𑄪𑄣𑄮 𑄖𑄮𑄚𑄴𑅁
তেতো বেগলের তরকারি,𑄖𑄨𑄘𑄬 𑄝𑄬𑄉𑄮𑄣𑄴 𑄖𑄮𑄚𑄴
তেতো কচুু জুমের ধনিয়াপাতা দিয়ে রান্না করলে অনেক সুস্বাদু,𑄖𑄨𑄘𑄬 𑄇𑄧𑄎𑄪 𑄥𑄝𑄢𑄁 𑄘𑄨𑄚𑄬𑄠𑄴 𑄢𑄚𑄨𑄣𑄳𑄦𑄬 𑄎𑄬 𑄥𑄪𑄃𑄮𑄖𑄴𑅁
তরকারিটা শুধু তেতো লাগে,𑄖𑄮𑄚𑄳𑄦𑄚𑄴 𑄝𑄚 𑄖𑄨𑄘𑄮𑄢𑄨 𑄛𑄁𑄊𑄬
মদটা তেতো হয়েছে,𑄖𑄨𑄘𑄮𑄢𑄨 𑄟𑄪𑄇𑄴𑄈𑄬 𑄦𑄪𑄠𑄬 𑄟𑄧𑄖𑄴𑄗𑄚𑄴𑅁
চিৎপঠাং করে শুয়ে আছে সে,𑄖𑄨𑄚𑄴𑄌𑄨𑄘𑄮𑄢𑄴 𑄦𑄮𑄚𑄬𑄠𑄴 𑄛𑄧𑄢𑄨 𑄃𑄊𑄬 𑄖𑄬
আগের দিনের বুড়ো বয়সী লোকেরা তেন্নে কানি পরিধান করতো,𑄃𑄉𑄧 𑄘𑄨𑄚𑄮 𑄝𑄪𑄢𑄳𑄦𑄮𑄃𑄪𑄚𑄬 𑄖𑄨𑄚𑄴𑄐𑄬 𑄛𑄨𑄚𑄨𑄙𑄇𑄴
"তেন্নে কানি পরিধান করে শুধুমাত্র আমাদের বুড়োটা, অন্যরা সবাই পেন্ট পরিধান করে","𑄖𑄨𑄚𑄴𑄐𑄬 𑄇𑄚𑄨 𑄛𑄨𑄚𑄬𑄙𑄬 𑄝𑄚𑄳𑄦 𑄃𑄟𑄳𑄦 𑄝𑄪𑄌𑄴𑄏𑄬, 𑄃𑄳𑄦𑄪𑄝𑄪𑄚𑄴 𑄝𑄳𑄦𑄬𑄇𑄴 𑄛𑄳𑄦𑄬𑄚𑄴 𑄛𑄨𑄚𑄮𑄚𑄴𑄚𑄳𑄦𑄬𑅁"
লাফালাফি,𑄖𑄨𑄚𑄬𑄁 𑄜𑄣𑄁
বাচ্চাটা দুষ্টু হয়েছে একটুও চুপ করে থাকেনা,"𑄉𑄪𑄢𑄮𑄞𑄮 𑄃𑄧𑄟𑄧𑄉𑄧𑄘𑄧 𑄖𑄨𑄚𑄬𑄁 𑄦𑄪𑄠𑄬, 𑄈𑄇𑄴𑄇𑄧𑄚𑄴 𑄎𑄪𑄢𑄮 𑄉𑄧𑄢𑄳𑄦𑄨 𑄚𑄧 𑄗𑄭𑅁"
বেশি লাফালাফি করে ঘুরে বেড়াই সে,𑄃𑄧𑄟𑄧𑄉𑄧𑄘𑄧 𑄖𑄨𑄚𑄬𑄁 𑄜𑄣𑄁 𑄉𑄧𑄢𑄳𑄦𑄨 𑄝𑄬𑄢𑄭 𑄖𑄬
টর্চলাইট লাগে গ্রামে রাতের বেলায় বেড়াতে,"𑄖𑄨𑄛𑄴𑄝𑄖𑄴𑄖𑄨 𑄣𑄉𑄬, 𑄃𑄘𑄟𑄧𑄖𑄴 𑄢𑄬𑄘𑄬𑄝𑄨𑄣𑄨 𑄟𑄳𑄦𑄠𑄴 𑄝𑄬𑄢𑄘𑄬"
টর্চলাইট জ্বালিয়ে দেখল সে কী আছে কী নেই,𑄖𑄨𑄛𑄴𑄝𑄖𑄴𑄖𑄨 𑄟𑄢𑄨𑄚𑄬𑄠𑄴 𑄌𑄬𑄣𑄳𑄦𑄧 𑄖𑄬 𑄇𑄨 𑄃𑄊𑄬 𑄇𑄨 𑄚𑄬𑄠𑄴𑅁
ত্রিপুরা জাতি,𑄖𑄨𑄝𑄨𑄢𑄬 𑄎𑄖𑄴
ত্রিপুুরা ছেলে-মেয়ে,𑄖𑄨𑄝𑄨𑄢𑄬 𑄟𑄨𑄣𑄬 – 𑄟𑄧𑄢𑄧𑄖𑄴
ত্রিপুরা রাজ্য,𑄖𑄨𑄝𑄨𑄢𑄬 𑄢𑄬𑄌𑄴𑄎𑄮
ত্রিপুরার কথা কে পারে? তারা ত্রিপুরা পাড়ায় একটু ঘুরতে গেছে,𑄖𑄨𑄝𑄨𑄢𑄬 𑄇𑄧𑄙 𑄇𑄧𑄚𑄴𑄚𑄳𑄦 𑄎𑄚𑄳𑄦𑄬? 𑄖𑄨𑄝𑄨𑄢𑄬 𑄛𑄢𑄖𑄴 𑄃𑄬𑄇𑄴𑄇 𑄝𑄬𑄢 𑄎𑄬𑄣𑄳𑄦𑄇𑄴 𑄖𑄢𑄳𑄦𑅁
"মোটা হয়েছো তুমি, ","𑄛𑄧𑄇𑄴𑄗 𑄦𑄪𑄠𑄮𑄌𑄴𑄌𑄬 𑄖𑄪𑄠𑄴, 𑄖𑄨𑄝𑄨𑄢𑄬𑄁 𑄉𑄪𑄠𑄮 𑄙𑄮𑄇𑄴𑄇𑄬, 𑄃𑄬𑄇𑄴𑄇𑄠𑄳𑄦𑄮 𑄖𑄬𑄛𑄴 𑄛𑄪𑄌𑄴𑄎𑄬 𑄚𑄬𑄠𑄴𑅁"
ত্রিপুরাটা সে কথাটি তুলে,𑄖𑄨𑄝𑄪𑄌𑄴𑄍𑄬 𑄖𑄬 𑄥𑄬 𑄇𑄧𑄙 𑄖𑄪𑄣𑄬𑄙𑄬
তার কথাগুলো ত্রিপুরাটিকে মনে পড়ে,𑄖 𑄇𑄧𑄙𑄚𑄨 𑄟𑄧𑄢𑄴 𑄖𑄨𑄝𑄪𑄌𑄴𑄍𑄬 𑄦𑄨𑄘𑄮𑄖𑄴 𑄃𑄪𑄙𑄬
ত্রিপুরাটাকে ফোন করবো করবো করে ফোন করা হয়নি,𑄖𑄢𑄳𑄦𑄬 𑄖𑄨𑄝𑄪𑄌𑄴𑄍𑄬 𑄜𑄮𑄚𑄴 𑄉𑄧𑄢𑄳𑄦𑄨𑄟𑄴 𑄉𑄧𑄢𑄳𑄦𑄨𑄟𑄴 𑄉𑄧𑄢𑄳𑄦𑄨 𑄜𑄮𑄚𑄴 𑄉𑄧𑄢𑄚𑄳𑄦 𑄚𑄧 𑄦𑄧𑄠𑄴
ত্রিপুরাটি তার স্ত্রীকে কোনোকিছু কাজ করার জন্য বললে সে তার স্ত্রীর কাছ থেকে পারবো না কথাটি শুনে,"𑄃𑄬𑄇𑄴𑄊𑄚𑄴 𑄇𑄟𑄴 𑄦𑄮𑄎𑄬𑄣𑄬 𑄦𑄧𑄣𑄧, 𑄖𑄨𑄝𑄪𑄌𑄴𑄍𑄬 𑄖 𑄟𑄪𑄈𑄮𑄖𑄴𑄖𑄪𑄚𑄴 𑄥𑄪𑄚𑄨𑄝𑄬𑄘𑄬 – 𑄚𑄧 𑄛𑄢𑄨𑄟𑄳𑄦𑄚𑄴𑅁"
ত্রিপুরা ছেলে প্রিপুরা মেয়ে,𑄖𑄨𑄝𑄪𑄌𑄴𑄎𑄬 – 𑄖𑄨𑄝𑄪𑄢𑄪𑄚𑄨
তোমরা সকালের নাস্তা খেয়েছো নাকি খাওনি? টিফিন বাটি,𑄖𑄪𑄟𑄳𑄦𑄨 𑄖𑄨𑄞𑄨𑄚𑄴 𑄈𑄨𑄠𑄳𑄦𑄮 𑄚 𑄚𑄳𑄦𑄧 𑄈𑄧? 𑄖𑄨𑄞𑄨𑄁𑄉𑄨𑄢𑄨
টিফিন বাটি,𑄖𑄨𑄞𑄨𑄚𑄴 𑄛𑄖𑄴𑄖𑄨
সে দুপুরে খাওয়ার জন্য টিফিন বাটিতে করে ভাত নিয়ে যায়,𑄖𑄨𑄞𑄨𑄚𑄴𑄉𑄨𑄢𑄨𑄖𑄴 𑄉𑄧𑄢𑄳𑄦𑄨 𑄞𑄖𑄴 𑄚𑄬𑄎𑄭 𑄖𑄬 𑄘𑄨𑄝𑄪𑄌𑄴𑄍𑄬 𑄈𑄬𑄝𑄣𑄴𑄣𑄭𑅁
তিন টিফিন বাতির মধ্যে তরকারি আর এক টিফিন বাটির মধ্যে ভাত,"𑄖𑄨𑄚𑄴 𑄖𑄨𑄞𑄨𑄚𑄴 𑄛𑄖𑄴𑄖𑄨 𑄖𑄮𑄚𑄴, 𑄃𑄬𑄇𑄴 𑄖𑄨𑄞𑄨𑄚𑄴 𑄛𑄖𑄴𑄖𑄨 𑄞𑄖𑄴𑅁"
পিপাসা মিটানো,𑄖𑄨𑄢𑄳𑄦𑄮𑄌𑄴 𑄟𑄢𑄚
পানির পিপাসা কীভাবে যাবে? পানি খাওয়ার পর পানির পিপাসা চলে যাবে আরকি,𑄛𑄚𑄳𑄦𑄨 𑄖𑄨𑄢𑄳𑄦𑄮𑄌𑄴𑄌𑄚𑄴 𑄇𑄬𑄚𑄳𑄦𑄬 𑄎𑄬𑄝𑄧𑄉𑄮𑄠𑄴? 𑄛𑄚𑄳𑄦𑄨 𑄈𑄬𑄣𑄬 𑄖𑄳𑄦𑄬 𑄛𑄚𑄳𑄦𑄨 𑄖𑄨𑄢𑄳𑄦𑄮𑄌𑄴𑄌𑄚𑄴 𑄎𑄬𑄝𑄧𑄉𑄮𑄠𑄴𑄘𑄬 𑄃𑄳𑄦𑄠𑄴
অনেক হুক্কা খাওয়ার ইচ্ছে করছে তুমি কি জানো? তামাকের নেশাটা ছাড়তে পারছি না,"𑄇𑄧𑄟𑄴𑄞 𑄖𑄨𑄢𑄮𑄏𑄮𑄖𑄴 𑄃𑄊𑄧𑄁, 𑄈𑄧𑄝𑄧𑄢𑄴 𑄛𑄳𑄦𑄌𑄴 𑄚𑄨 𑄖𑄪𑄠𑄴? 𑄙𑄪𑄚𑄴𑄚𑄮 𑄖𑄨𑄢𑄳𑄦𑄮𑄌𑄴𑄌𑄚𑄴 𑄃𑄨𑄢𑄨 𑄚𑄧 𑄛𑄢𑄧𑄋𑄧𑄖𑄴𑄗𑄬 𑄃𑄨𑄏𑄪𑅁"
সুতা শুকানো,𑄥𑄪𑄘𑄮 𑄖𑄨𑄃𑄚𑄳𑄦
পেট ভরা,𑄛𑄬𑄘 𑄖𑄨𑄁 𑄖𑄨𑄁
"পেট ভরে খা, নাহলে বিকালে খিদা লাগবে","𑄛𑄬𑄘 𑄖𑄨𑄁 𑄖𑄨𑄁 𑄉𑄧𑄢𑄳𑄦𑄨 𑄈, 𑄝𑄨𑄣𑄴𑄣𑄬 𑄚𑄧 𑄦𑄧𑄣𑄬 𑄛𑄬𑄖𑄴 𑄛𑄪𑄢𑄨𑄝𑄮 𑄥𑄬"
সে বিয়েতে  পেট ভরে ভাত খেয়েছে,𑄟𑄬𑄣𑄖𑄴 𑄛𑄬𑄘 𑄖𑄨𑄁 𑄖𑄨𑄁 𑄉𑄧𑄢𑄳𑄦𑄨 𑄞𑄖𑄴 𑄈𑄬𑄣𑄧 𑄖𑄬𑅁
"রশিটা টানটান  করে বাটতে হবে,  (...) হলে হবে না","𑄘𑄧𑄢𑄨𑄃𑄳𑄦𑄚𑄴 𑄖𑄨𑄁𑄖𑄨𑄁𑄋𑄬 𑄉𑄧𑄢𑄳𑄦𑄨 𑄝𑄚𑄳𑄦 𑄛𑄧𑄢𑄨𑄝𑄮, 𑄙𑄬𑄣𑄴 𑄦𑄧𑄣𑄬 𑄚𑄧 𑄦𑄧𑄝𑄧"
কাপড়টা টানটান করে ধর,𑄇𑄝𑄧𑄢𑄳𑄦𑄚𑄴 𑄖𑄨𑄁𑄖𑄨𑄁𑄋𑄬 𑄉𑄧𑄢𑄳𑄦𑄨 𑄙𑄧𑄢𑄴
সে বেলুনটা টান টান করে ফুলিয়েছে,𑄜𑄧𑄉𑄧𑄚𑄝𑄮 𑄖𑄨𑄁𑄖𑄨𑄁𑄋𑄬 𑄉𑄧𑄢𑄳𑄦𑄨 𑄜𑄪𑄣𑄬𑄣𑄧 𑄖𑄬
বেশি ভাত খাওয়ায় পেট'টা  টানটান হয়েছে,𑄝𑄬𑄌𑄴 𑄞𑄖𑄴 𑄈𑄬𑄚𑄬𑄠𑄴 𑄛𑄬𑄖𑄴𑄗𑄮 𑄎𑄚𑄬 𑄖𑄨𑄁𑄖𑄨𑄁𑄋𑄬 𑄦𑄪𑄠𑄬𑅁
এক টুকরো জায়গায় আমাদের  বাড়ি,𑄷. 𑄃𑄬𑄇𑄴𑄇 𑄖𑄪𑄇𑄴 𑄉𑄧𑄢𑄳𑄦𑄨 𑄎𑄉𑄃𑄚𑄳𑄦𑄧𑄖𑄴 𑄃𑄟𑄳𑄦 𑄊𑄧𑄢𑄚𑄴
সেই চূড়া থেকে সব কিছু দেখা যায়,𑄥𑄬 𑄖𑄪𑄇𑄴𑄈𑄮𑄖𑄴𑄖𑄪𑄚𑄴 𑄝𑄬𑄇𑄴𑄇𑄚𑄳𑄦𑄨 𑄘𑄬𑄊 𑄎𑄭
২.  সোনার টুকরা,𑄸. 𑄥𑄮𑄚𑄢𑄴 𑄖𑄪𑄇𑄴
মার্বেল খেলায় চূড়া বসাতে পারে,𑄟𑄢𑄴𑄞𑄬𑄣𑄴 𑄈𑄢𑄖𑄴 𑄖𑄪𑄇𑄴 𑄝𑄮𑄏𑄬 𑄛𑄢𑄬
সোনার টুকরোটা  কে পেয়েছে,𑄥𑄮𑄚𑄢𑄴 𑄖𑄪𑄇𑄴𑄈𑄮 𑄇𑄧𑄚𑄴𑄚𑄳𑄦 𑄛𑄬𑄣𑄳𑄦𑄧?
টুপি দেয়া,𑄖𑄪𑄇𑄴𑄇𑄬 𑄘𑄬𑄚
কথা ভঙ্গ করা,𑄖𑄪𑄇𑄴𑄇𑄬 𑄃𑄪𑄣𑄴𑄣𑄚
সে কিছুক্ষণ পরপর কথা ভঙ্গ করে তাকে বিশ্বাস নাই,"𑄖𑄬 𑄈𑄇𑄴𑄇𑄬 𑄖𑄪𑄇𑄴𑄇𑄬 𑄃𑄪𑄣𑄴𑄣𑄭, 𑄖𑄢𑄳𑄦𑄬 𑄝𑄨𑄌𑄴𑄍𑄬𑄌𑄴 𑄚𑄬𑄠𑄴𑅁"
টুকিটাকি ব্যবসা করা,𑄖𑄪𑄇𑄴𑄖𑄇𑄴 𑄝𑄬𑄉𑄢𑄴 𑄉𑄧𑄢𑄚𑄳𑄦 𑄃𑄭𑅁
টিকটিকি ডিম,𑄖𑄪𑄇𑄴𑄖𑄪𑄉𑄨 𑄝𑄧𑄘
পাহাড়ের চূড়া,𑄟𑄪𑄢𑄳𑄦𑄮 𑄖𑄪𑄉𑄪𑄚𑄴
কোন পাহাড়ে উঠতে হবে জানি না,𑄇𑄧𑄚𑄴 𑄖𑄪𑄉𑄪𑄚𑄮𑄖𑄴 𑄃𑄪𑄙 𑄛𑄧𑄢𑄨𑄝𑄮𑄉𑄮𑄠𑄴 𑄇𑄨𑄎𑄬𑄚𑄨
 পাহাড়ের চূড়া,𑄟𑄮𑄚𑄮 𑄖𑄪𑄉𑄪𑄚𑄴
টুকুনের বাঁশ,𑄖𑄪𑄉𑄪𑄚𑄮 𑄝𑄌𑄴𑅁
সে অনেক চতুর,𑄥𑄨𑄝𑄳𑄦𑄬 𑄦𑄧𑄣𑄧𑄘𑄬 𑄖𑄪𑄉𑄪𑄚𑄮 𑄝𑄌𑄴
যেদিকে  বাতাস আছে সেদিকে হেলে পরে,"𑄎𑄨𑄚𑄴𑄙𑄨𑄖𑄴𑄖𑄪𑄚𑄴 𑄝𑄮𑄠𑄬𑄢𑄴 𑄝𑄳𑄦𑄠𑄴, 𑄥𑄨𑄚𑄴𑄙𑄨 𑄦𑄣𑄭/ 𑄣𑄧𑄋𑄨 𑄛𑄧𑄢𑄬𑅁"
"সে কিছুক্ষণ  একটা জায়গায় থাকে না,এখানে কিছুক্ষণ ওখানে কিছুক্ষণ  থাকে শুধু ","𑄈𑄇𑄴𑄇𑄧𑄚𑄴 𑄃𑄬𑄇𑄴𑄈𑄚𑄴 𑄎𑄉𑄖𑄴 𑄚𑄧 𑄗𑄭 𑄖𑄬, 𑄃𑄨𑄠𑄳𑄦𑄮𑄖𑄴 𑄖𑄪𑄉𑄪𑄢𑄳𑄦𑄪𑄇𑄴, 𑄃𑄳𑄦𑄪𑄝𑄮𑄖𑄴 𑄖𑄪𑄉𑄪𑄢𑄳𑄦𑄪𑄇𑄴 𑄉𑄧𑄢𑄬𑄙𑄬 𑄝𑄚"
তুগুরুককে,𑄖𑄪𑄉𑄪𑄢𑄪𑄇𑄴𑄈𑄬𑅁
"সে কি এত ঘনঘন আসতেছে কি জানি,   কিসের মিষ্টি হারি খুঁজে  পেয়েছে কে বলতে পারে ","𑄥𑄨𑄝𑄳𑄦𑄬 𑄇𑄨 𑄖𑄪𑄊𑄪𑄖𑄴 𑄖𑄪𑄊𑄪𑄖𑄴 𑄃𑄬𑄏 𑄙𑄧𑄌𑄴𑄌𑄬 𑄇𑄨𑄎𑄬𑄚𑄨, 𑄇𑄨 𑄟𑄨𑄙𑄬 𑄦𑄢𑄨 𑄥𑄪𑄛𑄴 𑄛𑄬𑄣𑄧𑄊𑄨 𑄚𑄇𑄨 𑄇𑄧𑄚𑄴𑄚𑄳𑄦 𑄇𑄳𑄦𑄮 𑄛𑄢𑄬"
বেশি ঘনঘন পানি খেলে হিসু আছে,𑄖𑄪𑄊𑄪𑄖𑄴 𑄖𑄪𑄊𑄪𑄖𑄴 𑄛𑄚𑄳𑄦𑄨 𑄈𑄬𑄣𑄬 𑄝𑄬𑄌𑄴 𑄟𑄪𑄘 𑄃𑄬𑄏𑄬
সে কি এদিকে ঘনঘন তাকিয়ে থাকে,𑄖𑄬 𑄇𑄨 𑄃𑄨𑄚𑄴𑄙𑄨 𑄖𑄪𑄊𑄪𑄖𑄴 𑄖𑄪𑄊𑄪𑄖𑄴 𑄢𑄨𑄚𑄨 𑄌𑄳𑄦𑄠𑄴
পেট খারাপ হলে ঘনঘন পাতলা পায়খানা হয়,𑄛𑄬𑄖𑄴 𑄜𑄮𑄣𑄬𑄣𑄬 𑄖𑄪𑄊𑄪𑄖𑄴 𑄖𑄪𑄊𑄪𑄖𑄴 𑄦𑄉 𑄃𑄬𑄏𑄬
ঘনঘন বাড়ি যাওয়া ভালো না,𑄖𑄪𑄊𑄪𑄖𑄴 𑄖𑄪𑄊𑄪𑄖𑄴 𑄊𑄧𑄢𑄧𑄖𑄴 𑄎𑄚 𑄉𑄧𑄟𑄴 𑄚𑄳𑄦𑄧𑄠𑄴
সে কিছুক্ষণ ঘনঘন বড় নিশ্বাস ফেললো,𑄖𑄬 𑄖𑄪𑄊𑄪𑄖𑄴 𑄖𑄪𑄊𑄪𑄖𑄴 𑄝𑄧𑄢𑄴 𑄚𑄨𑄏𑄬𑄌𑄴 𑄜𑄬𑄣𑄬𑄣𑄧 𑄈𑄇𑄴𑄇𑄧𑄚𑄴𑅁
মোটা বুচি,𑄝𑄪𑄢𑄳𑄦𑄮 𑄖𑄪𑄌𑄴
বুচির বারেং,𑄖𑄪𑄌𑄴 𑄝𑄢𑄬𑄁
বুচি দিয়ে ঘর মুছা,𑄖𑄪𑄌𑄴𑄌𑄮𑄠𑄴 𑄊𑄧𑄢𑄴 𑄣𑄨𑄝𑄮𑄚𑄴
বুচি আর পচা ভাত মিশিয়ে শুকরকে খাবার দেয়া,𑄖𑄪𑄌𑄴𑄌𑄮𑄠𑄴 𑄉𑄧𑄢 𑄟𑄨𑄎𑄬𑄚𑄳𑄦𑄬𑄠𑄴 𑄥𑄪𑄉𑄮𑄢𑄧𑄢𑄳𑄦𑄬 𑄃𑄙𑄢𑄴 𑄘𑄮𑄚𑄴
"খেলা দেখতেছিস তবুও কিছু জানো না, তোমার মাথায় কি মোটা বুচি আছে নাকি?","𑄈𑄢𑄳𑄦 𑄥𑄧𑄖𑄴𑄖𑄬 𑄇𑄨 𑄚𑄧 𑄝𑄪𑄏𑄮𑄌𑄴 𑄇𑄨𑄎𑄬𑄚𑄨, 𑄖𑄧 𑄥𑄨𑄢𑄬𑄝𑄮𑄖𑄴 𑄇𑄨 𑄝𑄚 𑄝𑄪𑄢𑄳𑄦𑄮 𑄖𑄪𑄌𑄴 𑄚𑄇𑄨?"
"কে টুকরো টুকরো করে কাগজ গুলো ছিরে ফেললো,  ভেড়াগুলো টুকরো টুকরো হয়েছে",𑄇𑄧𑄚𑄴𑄚𑄳𑄦 𑄖𑄪𑄌𑄴𑄌𑄮 𑄖𑄪𑄌𑄴𑄌𑄮 𑄉𑄧𑄢𑄳𑄦𑄨 𑄇𑄉𑄮𑄌𑄴𑄌𑄚𑄳𑄦𑄨 𑄇𑄭𑄪𑄖𑄴𑄗𑄬? 𑄝𑄬𑄢𑄴𑄞𑄮 𑄖𑄪𑄌𑄴𑄌𑄮 𑄖𑄪𑄌𑄴𑄌𑄮 𑄦𑄪𑄠𑄬
ঘড়িটা আছার দিয়ে টুকরে টুকরো করেছে,𑄊𑄧𑄢𑄨𑄝𑄮 𑄃𑄎𑄢𑄳𑄦𑄧𑄖𑄴 𑄖𑄪𑄌𑄴𑄌𑄮 𑄖𑄪𑄌𑄴𑄌𑄮 𑄝𑄚𑄬𑄠𑄳𑄦𑄮𑄚𑄴𑅁
তুচছে পোকা,𑄖𑄪𑄌𑄴𑄍𑄬 𑄛𑄪𑄇𑄴
কষ্ট দেয়া/ দেওয়ানো,𑄖𑄪𑄌𑄴𑄍𑄬 𑄣𑄉𑄚/ 𑄈𑄝𑄚
গরমের মধ্যে তুমি আরো কষ্ট দিচ্ছ,𑄉𑄧𑄢𑄧𑄟𑄧 𑄟𑄳𑄦𑄠𑄴 𑄖𑄪𑄠𑄴 𑄃𑄢𑄳𑄦𑄧 𑄃𑄬𑄇𑄴 𑄖𑄪𑄌𑄴𑄍𑄬 𑄉𑄧𑄢𑄳𑄦𑄧𑄌𑄴
সে মেয়েটা শুধু ছেলেটাকে কষ্ট দেয়,𑄥𑄬 𑄟𑄨𑄣𑄬𑄞𑄮 𑄝𑄚 𑄟𑄧𑄢𑄧𑄖𑄴𑄗𑄮𑄢𑄬 𑄖𑄪𑄌𑄴𑄍𑄬 𑄣𑄉𑄭𑄘𑄬
"একটু পরপর আসা যাওয়া করা,সেটা কী যে কষ্ট? জীবনে কত কষ্ট পেতে হবে তার কী হিসাব আছে?  তার কষ্ট 
পেতে পেতে জীবনটা ভালো লাগে না","𑄖𑄪𑄊𑄪𑄖𑄴 𑄖𑄪𑄊𑄪𑄖𑄴 𑄃𑄪𑄎𑄮𑄚𑄳𑄦𑄨 𑄣𑄟𑄮𑄚𑄨 𑄉𑄧𑄢𑄚𑄳𑄦, 𑄥𑄨𑄠𑄳𑄦𑄬𑄚𑄴 𑄇𑄨 𑄃𑄬𑄇𑄴𑄇 𑄖𑄪𑄌𑄴𑄍𑄬 𑄚𑄬? 𑄎𑄨𑄁𑄇𑄚𑄨𑄖𑄴 𑄇𑄧𑄙𑄧𑄖𑄴 𑄖𑄪𑄌𑄴𑄍𑄬 𑄈𑄬 𑄛𑄬𑄞𑄬
, 𑄦𑄨𑄎𑄬𑄛𑄴 𑄃𑄉𑄬𑄙𑄬? 𑄖 𑄖𑄪𑄌𑄴𑄍𑄬 𑄈𑄘𑄬 𑄈𑄘𑄬 𑄎𑄨𑄁𑄇𑄚𑄨𑄃𑄳𑄦𑄚𑄴 𑄃𑄉𑄬𑄣𑄳𑄦𑄪𑄁𑅁"
এ তুচছে পোকা গুলো শুধু কষ্ট দেয়,𑄃𑄬 𑄖𑄪𑄌𑄴𑄍𑄬 𑄛𑄪𑄇𑄴𑄈𑄪𑄚𑄴 𑄝𑄚 𑄖𑄪𑄌𑄴𑄍𑄬 𑄣𑄉𑄚𑄴𑄚𑄬𑅁
সে অনেক খারাপ কথা শুনাল তার দিনমজুরকে,𑄖𑄬 𑄖𑄪𑄌𑄴𑄍𑄮 𑄖𑄪𑄌𑄴𑄍𑄮 𑄉𑄧𑄢𑄳𑄦𑄨 𑄃𑄧𑄇𑄧𑄙 𑄇𑄧𑄣𑄳𑄦𑄧 𑄖 𑄉𑄞𑄪𑄢𑄴𑄝𑄮𑄢𑄬𑅁
বাচ্চা শুধু দৌড়াদৌড়ি করে পুরো বাড়িটায়,𑄉𑄪𑄢𑄮𑄞𑄮 𑄃𑄬𑄉𑄧𑄎 𑄖𑄪𑄖𑄴𑄖𑄪𑄢𑄭𑄘𑄬 𑄉𑄧𑄘 𑄊𑄧𑄢𑄚𑄴
"যতক্ষন শক্তি আছে , ততক্ষন দৌড়াদৌড়ি করবে সে ,  শক্তি শেষ হলে চুপ থাকবে সে","𑄎𑄬𑄘𑄧𑄇𑄴𑄈𑄧𑄚𑄴 𑄝𑄧𑄣𑄴 𑄃𑄊𑄬, 𑄥𑄬𑄘𑄧𑄇𑄴𑄇𑄧𑄚𑄴 𑄖𑄪𑄖𑄴𑄖𑄪𑄢𑄬𑄝𑄧 𑄚𑄳𑄦𑄨, 𑄝𑄧𑄣𑄴 𑄛𑄧𑄣𑄴𑄣𑄳𑄦𑄬 𑄖𑄳𑄦𑄬 𑄃𑄧𑄣𑄧𑄢𑄴 𑄦𑄧𑄝𑄧𑄘𑄬 𑄃𑄭"
"দৌড়াদৌড়ি করতে করতে ক্লান্ত হলাম , কিছুক্ষণ এদিকে যাওয়া , খানিক্ষন  ওইদিকে যাওয়","𑄖𑄪𑄖𑄴𑄖𑄪𑄢𑄬 𑄖𑄪𑄖𑄴𑄖𑄪𑄢𑄬 𑄦𑄧𑄢𑄚𑄴 𑄦𑄧𑄣𑄪𑄁, 𑄈𑄇𑄴𑄇𑄬 𑄃𑄨𑄚𑄴𑄙𑄨 𑄎𑄚, 𑄈𑄇𑄴𑄇𑄬 𑄃𑄳𑄦𑄪𑄚𑄴𑄘𑄨 𑄎𑄚𑅁"
মাথায় বারি খেলাম,𑄖𑄪𑄖𑄴𑄖𑄪𑄢𑄪𑄌𑄴 𑄉𑄧𑄢𑄳𑄦𑄨 𑄥𑄨𑄢𑄬𑄞𑄮𑄖𑄴 𑄙𑄪𑄌𑄴 𑄈𑄬𑄣𑄪𑄁
গাছে চড়বার সময় হুট করে গাছটি পরে গেল,𑄖𑄪𑄖𑄴𑄖𑄪𑄢𑄳𑄦𑄪𑄌𑄴 𑄌𑄧𑄖𑄴𑄖𑄬 𑄉𑄌𑄴𑄍𑄮 𑄃𑄭𑄪𑄣𑄴𑄣𑄬 𑄛𑄧𑄌𑄴𑄎𑄬𑄊𑄮𑄠𑄴
দাঁতে বারি খেলাম,𑄖𑄪𑄖𑄴𑄖𑄪𑄢𑄳𑄦𑄪𑄌𑄴 𑄉𑄧𑄢𑄳𑄦𑄨 𑄝𑄢𑄨 𑄈𑄬𑄣𑄪𑄁 𑄘𑄖𑄴𑄗𑄮𑄖𑄴𑅁
চুপ করে থাকা,𑄖𑄪𑄘𑄨 𑄛𑄧𑄢𑄨 𑄗𑄚
একবার শাস্তি খেয়ে এখন চুপ করে থাকে,𑄃𑄬𑄇𑄴 𑄙𑄧𑄎 𑄈𑄬𑄚𑄬𑄠𑄴 𑄃𑄬𑄞𑄧 𑄖𑄳𑄦𑄬 𑄥𑄬 𑄃𑄬𑄇𑄴𑄇 𑄖𑄪𑄘𑄨 𑄛𑄧𑄢𑄨 𑄗𑄭𑄘𑄬
সে চুপ করে থাকার মানুষ না,𑄥𑄨𑄝𑄬 𑄖𑄪𑄘𑄨 𑄛𑄧𑄢𑄨 𑄗𑄬𑄝𑄢𑄴 𑄟𑄚𑄳𑄦𑄪𑄌𑄴 𑄚𑄳𑄦𑄧𑄠𑄴
সে সারাজীবন চুপ করে থাকে নাই,𑄖𑄬 𑄥𑄢 𑄎𑄧𑄚𑄧𑄟𑄳𑄦𑄚𑄴 𑄃𑄬𑄇𑄴𑄈𑄬 𑄖𑄪𑄘𑄨 𑄛𑄧𑄢𑄨 𑄚𑄧 𑄗𑄬𑄣𑄧
কেন এত চুপ করে থাকব-সমান সমান পা থাকায়,𑄇𑄨𑄖𑄴𑄗𑄬𑄠𑄴 𑄃𑄳𑄦𑄬𑄘𑄧𑄇𑄴 𑄖𑄪𑄘𑄨 𑄛𑄧𑄌𑄴𑄎𑄬 𑄉𑄧𑄢𑄳𑄦𑄨 𑄗𑄚- 𑄥𑄧𑄁 𑄥𑄧𑄁 𑄦𑄖𑄴 𑄗𑄬𑄁 𑄗𑄬𑄚𑄬𑄠𑄴?
দৌড়াদৌড়ি করা,𑄖𑄪𑄘𑄪𑄢𑄴 𑄖𑄘𑄢𑄴 𑄉𑄧𑄢𑄚𑄳𑄦
এই টুকিটাকি কাজগুলো আমার করতে ইচ্ছা করেনা আর,𑄃𑄬 𑄖𑄪𑄘𑄪𑄢𑄴 𑄖𑄘𑄢𑄚𑄳𑄦𑄨 𑄟𑄧𑄢𑄴 𑄃𑄉𑄬𑄠𑄳𑄦𑄬 𑄦𑄪𑄠𑄬
দৌড়াদৌড়ি করতে করতে দিনটা কখন গেল টের পেলাম না,"𑄖𑄪𑄘𑄪𑄢𑄴 𑄖𑄘𑄢𑄴 𑄉𑄧𑄖𑄴𑄗𑄬 𑄉𑄧𑄖𑄴𑄗𑄬 𑄘𑄨𑄚𑄴𑄚𑄮𑄞𑄮 𑄇𑄧𑄇𑄴𑄈𑄬 𑄎𑄬𑄣𑄳𑄦𑄧, 𑄈𑄧𑄝𑄧𑄢𑄴 𑄚𑄧 𑄛𑄬𑄣𑄳𑄦𑄪𑄁"
"দৌড়াদৌড়ি করে দেখ,কতদূর কি করতে পার","𑄖𑄪𑄘𑄪𑄢𑄴 𑄖𑄘𑄢𑄴 𑄉𑄧𑄢𑄳𑄦𑄨 𑄌𑄳𑄦, 𑄇𑄪𑄖𑄴𑄙𑄪𑄢𑄴 𑄇𑄨 𑄉𑄧𑄢𑄳𑄦𑄨 𑄛𑄢𑄧𑄌𑄴"
"বাচ্চারা প্রচুর দৌড়াদৌড়ি করতেছে,একটু মানা করেন ","𑄉𑄪𑄢𑄮𑄃𑄪𑄚𑄳𑄦𑄬 𑄃𑄧𑄟𑄧𑄉𑄧𑄘𑄧 𑄖𑄪𑄘𑄪𑄢𑄴 𑄖𑄘𑄢𑄴 𑄉𑄧𑄖𑄴𑄖𑄧𑄚𑄴𑄚𑄳𑄦𑄬, 𑄃𑄬𑄇𑄴𑄇 𑄟𑄚𑄳𑄦 𑄉𑄧𑄢𑄴𑅁"
জাল টানা,𑄎𑄣𑄴 𑄜𑄘𑄨𑄣𑄬 𑄖𑄪𑄚 𑄛𑄧𑄢𑄬𑅁
মনে কী যেন একটা রেখে যাচ্ছি এরকম মনে নিয়ে যাচ্ছি,"𑄟𑄧𑄚𑄧 𑄖𑄪𑄚𑄪𑄁 𑄖𑄚𑄁 𑄉𑄧𑄢𑄳𑄦𑄨 𑄎𑄋𑄧𑄖𑄴𑄗𑄬, 𑄇𑄨 𑄜𑄬𑄣𑄬 𑄎𑄋𑄳𑄦𑄧𑄢𑄴 𑄚𑄇𑄨 𑄇𑄨𑄎𑄬𑄚𑄨𑅁"
ঢেউ উঠা,𑄖𑄪𑄝𑄮𑄣𑄴 𑄃𑄪𑄘𑄚𑄳𑄦
"তোমার আমার ভালোবাসায় যদি বাধা আসে,ভয় পেওনা,ও চিঝি,আমি আছি তোমার সাথে","𑄖𑄧𑄢𑄴 𑄟𑄧𑄢𑄴 𑄇𑄮𑄌𑄴𑄛𑄚𑄳𑄦𑄖𑄴 𑄎𑄧𑄘𑄨 𑄖𑄪𑄝𑄮𑄣𑄴 𑄃𑄬𑄏𑄬, 𑄚𑄧 𑄘𑄮𑄢𑄬𑄌𑄴, 𑄃𑄮 𑄌𑄨𑄏𑄨, 𑄟𑄪𑄠𑄴 𑄃𑄊𑄧𑄁 𑄖𑄧 𑄣𑄧𑄊𑄬"
বাতাস আসলে পানিতে বড় বড় দেউ উঠে,𑄝𑄮𑄠𑄬𑄢𑄴 𑄝𑄬𑄣𑄳𑄦𑄬 𑄛𑄚𑄳𑄦𑄨𑄖𑄴 𑄇𑄧𑄟𑄴𑄞 𑄇𑄧𑄟𑄴𑄞 𑄖𑄪𑄝𑄮𑄣𑄴 𑄃𑄪𑄙𑄮𑄚𑄴
"দেউ উঠলে কোথায় যাবে,এই বড় পানিতে?দেউ উঠল বড়গাঙে,পালিয়ে যাওয়ার কোনো রাস্তা নেই ","𑄖𑄪𑄝𑄮𑄣𑄴 𑄃𑄪𑄘𑄨𑄣𑄳𑄦𑄬 𑄇𑄪𑄚𑄴𑄙𑄨 𑄙𑄬𑄝𑄬 𑄥𑄬, 𑄃𑄬 𑄝𑄧𑄢𑄴 𑄛𑄚𑄳𑄦𑄨𑄖𑄴? 𑄖𑄪𑄝𑄮𑄣𑄴 𑄃𑄪𑄘𑄨𑄣𑄳𑄦𑄮 𑄝𑄧𑄢𑄴 𑄉𑄋𑄧𑄖𑄴, 𑄙𑄬𑄝𑄢𑄴 𑄇𑄧𑄚𑄳𑄦𑄧 𑄇𑄨𑄖𑄴𑄖𑄬 𑄚𑄬𑄠𑄴 𑄙𑄧
 𑄛𑄧𑄖𑄴𑅁"
সুতার তুম,𑄥𑄪𑄘𑄮𑄖𑄴𑄖𑄪𑄟𑄴
সুুতা তা বেঁধে রাখ,𑄥𑄪𑄘𑄮𑄃𑄚𑄴 𑄖𑄪𑄟𑄴 𑄉𑄧𑄢𑄳𑄦𑄨 𑄉𑄢𑄳𑄦𑄠𑄴 𑄗𑄧
সুতার তুুম দিয়ে বেইন বুনে,𑄥𑄪𑄘𑄮𑄖𑄴𑄖𑄪𑄟𑄴𑄟𑄮𑄠𑄴 𑄝𑄬𑄚𑄴 𑄝𑄪𑄚𑄮𑄚𑄴𑅁
সুগন্ধ-দুর্ঘন্ধ,𑄖𑄪𑄟𑄴𑄝𑄌𑄴 – 𑄞𑄚𑄴𑄐𑄬 𑄝𑄌𑄴
ফুলের সুগন্ধি,𑄜𑄪𑄣𑄮 𑄖𑄪𑄟𑄴𑄝𑄌𑄴
"দেখি চিঝি,নাকে একটু চুমু দাও তো","𑄌𑄳𑄦𑄁 𑄌𑄨𑄏𑄨, 𑄚𑄇𑄴𑄈𑄮𑄖𑄴 𑄃𑄬𑄇𑄴𑄇 𑄖𑄪𑄟𑄴𑄝𑄌𑄴 𑄘𑄬𑄊𑄨 𑄘𑄬"
তালের রস দিয়ে পিঠা বানালে সুগন্ধি বের হয়,𑄖𑄣𑄧 𑄢𑄧𑄌𑄴𑄌𑄮𑄠𑄴 𑄛𑄨𑄙𑄬 𑄝𑄚𑄬𑄣𑄬 𑄖𑄪𑄟𑄴𑄝𑄌𑄴 𑄚𑄳𑄦𑄨𑄉𑄨𑄣𑄬
"বাহ,সুগন্ধি তা কোথা থেকে যেন আসতেছে","𑄝𑄳𑄦, 𑄖𑄪𑄟𑄴𑄝𑄌𑄴𑄍𑄚𑄴 𑄇𑄪𑄚𑄴𑄙𑄨𑄖𑄴𑄖𑄪𑄚𑄴 𑄃𑄬𑄏𑄬𑄢𑄴 𑄇𑄨𑄎𑄬𑄚𑄨"
সে গন্ধটা পেলে আমার মাথা ঘুরে,𑄥𑄬𑄚𑄴𑄖𑄧 𑄖𑄪𑄟𑄴𑄝𑄌𑄴 𑄛𑄬𑄣𑄳𑄦𑄬 𑄟𑄧𑄢𑄴 𑄟𑄙 𑄊𑄪𑄢𑄭𑄘𑄬 𑄃𑄬𑄉𑄧𑄎
রেবেক ফুলের সুগন্ধে আমাদের মনটা সুন্দর হবে,𑄢𑄬𑄝𑄬𑄇𑄴 𑄜𑄪𑄣𑄮 𑄖𑄪𑄟𑄴𑄝𑄏𑄬 𑄃𑄟𑄳𑄦 𑄟𑄧𑄚𑄳𑄦𑄚𑄴 𑄘𑄮𑄣𑄴 𑄦𑄧𑄝𑄧
"আম,কাঁঠাল পাকলে সুগন্ধ বের হয়","𑄃𑄟𑄴, 𑄇𑄖𑄴𑄗𑄮𑄣𑄴 𑄛𑄉𑄨𑄣𑄳𑄦𑄬 𑄖𑄪𑄟𑄴𑄝𑄌𑄴 𑄚𑄳𑄦𑄨𑄉𑄨𑄣𑄬𑅁"
একটু খাইলে বুঝা যায়,𑄃𑄬𑄇𑄴𑄇 𑄈𑄬𑄣𑄬 𑄈𑄧𑄝𑄧𑄢𑄴 𑄛𑄳𑄦𑄠𑄴
"তুরুতুরু তুরু রু,বাঁশি বাজাচ্ছে,পাড়ে পাড়ে ঘুরবো,সবাই মিলে,আজকে বিঝু,বিঝু বিঝু","𑄖𑄪𑄢𑄪 𑄖𑄪𑄢𑄪 𑄖𑄪𑄢𑄪 𑄢𑄪, 𑄝𑄏𑄨 𑄝𑄎𑄬𑄖𑄴𑄖𑄬, 𑄛𑄢𑄭 𑄛𑄢𑄭 𑄝𑄬𑄢𑄬𑄝𑄧𑄁, 𑄝𑄬𑄇𑄴𑄇𑄪𑄚𑄳𑄦𑄬 𑄟𑄨𑄣𑄨, 𑄃𑄨𑄌𑄴𑄌𑄬 𑄝𑄨𑄏𑄪, 𑄝𑄨𑄏𑄪 𑄝𑄨𑄏𑄪𑅁"
এক.ফুল তোলা,𑄷. 𑄜𑄪𑄣𑄴 𑄖𑄪𑄣𑄚𑄳𑄦
টাকা তোলা,𑄖𑄬𑄋 𑄖𑄪𑄣𑄚𑄳𑄦
চাঁদা তোলা,𑄌𑄚𑄴𑄘 𑄖𑄪𑄣𑄚𑄳𑄦
বাড়ি তোলা,𑄸. 𑄊𑄧𑄢𑄴 𑄖𑄪𑄣𑄚𑄳𑄦
.বিল্ডিং তোলা,𑄝𑄨𑄣𑄴𑄙𑄨𑄁 𑄖𑄪𑄣𑄚𑄳𑄦
"বিহার,কুটির তোলা","𑄇𑄨𑄠𑄮𑄁, 𑄇𑄪𑄗𑄨𑄢𑄴 𑄖𑄪𑄣𑄚𑄳𑄦"
তিন.নাক উপরে তোলা,𑄹. 𑄚𑄇𑄴 𑄃𑄧𑄎𑄧𑄣𑄧𑄖𑄴 𑄖𑄪𑄣𑄚𑄳𑄦
নাকটা উপরে তুলে দিওনা বুঝছ,𑄚𑄇𑄴𑄈𑄮 𑄃𑄧𑄎𑄧𑄣𑄧𑄖𑄴 𑄖𑄪𑄣𑄳𑄦𑄨 𑄚𑄧 𑄘𑄨𑄌𑄴 𑄘𑄳𑄦𑄬
মাথাটা উপরে তুলো,𑄥𑄨𑄢𑄬𑄝𑄳𑄦𑄮 𑄃𑄧𑄎𑄧𑄣𑄧𑄖𑄴 𑄖𑄪𑄣𑄴
"পাছাটা একটু উপরে তুলো,রুমটা ঝাড়ু দিব","𑄛𑄪𑄚𑄴𑄚𑄳𑄦𑄮 𑄃𑄬𑄇𑄴𑄇 𑄃𑄣𑄧𑄇𑄴 𑄖𑄪𑄣𑄴, 𑄛𑄘𑄨𑄞𑄮 𑄥𑄮𑄢𑄴 𑄉𑄧𑄢𑄳𑄦𑄧𑄁"
তাকে দুইজনে ধরে উপরে তুললো,𑄖𑄢𑄳𑄦𑄬 𑄃𑄣𑄧𑄇𑄴 𑄖𑄪𑄣𑄳𑄦𑄮 𑄘𑄨𑄎𑄧𑄚𑄬 𑄙𑄧𑄢𑄨
পথে তোলা,𑄺. 𑄜𑄮𑄘𑄮𑄖𑄴 𑄖𑄪𑄣𑄚𑄳𑄦
পাছাটা আকাশে তোলা,𑄛𑄪𑄚𑄴 𑄃𑄉𑄏𑄧𑄖𑄴 𑄖𑄪𑄣𑄚𑄳𑄦
.মনে করা,𑄦𑄨𑄘𑄮𑄖𑄴 𑄖𑄪𑄣𑄚𑄳𑄦
বেইন এ ফুল তোলা,𑄝𑄬𑄚𑄮𑄖𑄴 𑄜𑄪𑄣𑄴 𑄖𑄪𑄣𑄚𑄳𑄦
প্রতিযোগিতা করা,𑄎𑄨𑄖𑄴 𑄖𑄪𑄣𑄚𑄳𑄦
রাগ করা,𑄘𑄬𑄟𑄴 𑄖𑄪𑄣𑄚𑄳𑄦
তারা ফুল বিঝুর দিনে ফুুল সংগ্রহ করতেছে,𑄖𑄢𑄳𑄦 𑄜𑄪𑄣𑄴𑄝𑄨𑄏𑄪 𑄘𑄨𑄚𑄴𑄐𑄬 𑄜𑄪𑄣𑄴 𑄖𑄪𑄣𑄮𑄘𑄧𑄚𑄴𑄚𑄳𑄦𑄮𑄠𑄴
টাকা  তুলে ছড়ায় বসে খাওয়া,𑄖𑄬𑄋 𑄖𑄪𑄣𑄨𑄚𑄳𑄦𑄬𑄠𑄴 𑄌𑄧𑄢𑄝𑄧𑄢 𑄈𑄚𑄉𑄮𑄠𑄴
বলীটা মানুষটাকে কাঁধে তুলে এক আছার দিল,𑄝𑄧𑄣𑄨𑄞𑄮 𑄟𑄚𑄳𑄦𑄪𑄌𑄴𑄌𑄮𑄢𑄬 𑄇𑄚𑄳𑄦𑄖𑄴 𑄖𑄪𑄣𑄨𑄚𑄳𑄦𑄬𑄠𑄴 𑄘𑄨𑄣𑄳𑄦𑄮 𑄃𑄬𑄇𑄴 𑄃𑄏𑄢𑄴
"পানি তুলতে তুলতে শেষ নেই, এই তুলে এই পানিটা শেষ করে","𑄛𑄚𑄳𑄦𑄨 𑄖𑄪𑄣𑄳𑄦𑄨 𑄖𑄪𑄣𑄳𑄦𑄨 𑄃𑄪𑄘𑄮 𑄚𑄬𑄠𑄴, 𑄃𑄬 𑄖𑄪𑄣𑄳𑄦𑄮𑄁, 𑄃𑄬 𑄜𑄬𑄣𑄌𑄬𑄣 𑄉𑄧𑄢𑄳𑄦𑄧𑄚𑄴𑅁"
পুরোপুরি ঘামা,𑄖𑄪𑄣𑄴𑄛𑄪𑄣𑄴 𑄦𑄧𑄚
সে বৃষ্টিতে পুরোপুরি ভিজে গেল,𑄏𑄧𑄢𑄧𑄖𑄴 𑄖𑄪𑄣𑄴𑄛𑄪𑄣𑄴 𑄦𑄪𑄠𑄬 𑄞𑄨𑄌𑄴𑄌𑄬𑄘𑄬 𑄖𑄬
এই গরমে সে পুরোপুরি ভিজে গেল,𑄃𑄳𑄦𑄬𑄟𑄴𑄝 𑄉𑄧𑄢𑄧𑄟𑄧𑄖𑄴 𑄖𑄪𑄣𑄴𑄛𑄪𑄣𑄴 𑄦𑄪𑄠𑄬 𑄊𑄟𑄴𑄟𑄬𑄘𑄬 𑄖𑄬𑅁
ঘরের তুলিটা সেলাই করার বাকি আছে,𑄊𑄧𑄢𑄧 𑄖𑄪𑄣𑄨𑄃𑄳𑄦𑄚𑄴 𑄥𑄬𑄣𑄬𑄝𑄢𑄴 𑄝𑄉𑄨 𑄃𑄉𑄬𑄙𑄬𑅁
তুলোর গাছ,𑄖𑄪𑄣𑄮 𑄉𑄌𑄴
সিমের তুলো,𑄥𑄨𑄟𑄬𑄖𑄴𑄖𑄪𑄣𑄮
জেত তুলো,𑄎𑄬𑄖𑄴 𑄖𑄪𑄣𑄮
তুলা থেকে সুতা বের করা,𑄖𑄪𑄣𑄮𑄖𑄴𑄗𑄪𑄚𑄴 𑄥𑄪𑄘𑄮 𑄇𑄝𑄚
তুলা দিয়ে তোষক/বালিশ বানানো,𑄖𑄪𑄣𑄮𑄣𑄮𑄠𑄴 𑄖𑄧𑄏𑄧𑄇𑄴/ 𑄝𑄣𑄳𑄦𑄮𑄌𑄴 𑄝𑄚𑄚𑄴
তুলার মতো নরম,𑄖𑄪𑄣𑄮 𑄙𑄮𑄇𑄴𑄇𑄬 𑄚𑄧𑄢𑄧𑄟𑄴𑅁
"এত করে বললাম, তবুও কথা শুনলোনা সে","𑄃𑄬𑄙𑄧𑄇𑄴 𑄉𑄧𑄢𑄳𑄦𑄨 𑄇𑄧𑄣𑄳𑄦𑄪𑄁, 𑄖𑄪𑄃𑄳𑄦𑄮 𑄇𑄧𑄙 𑄚𑄧 𑄥𑄪𑄚𑄨𑄣𑄮 𑄖𑄬"
এত মার খাও তবুও দুষ্টুমি করো কেন?এত করে ধর্ম করি আপনি তো আমাকে ফিরেও তাকাও না ভগবান,"𑄃𑄬𑄙𑄧𑄇𑄴 𑄟𑄬𑄢𑄴 𑄈𑄌𑄴, 𑄖𑄪𑄃𑄳𑄦𑄮 𑄇𑄨𑄖𑄴𑄗𑄬𑄠𑄴 𑄥𑄬 𑄥𑄧𑄘𑄚𑄚𑄳𑄦𑄨 𑄉𑄧𑄢𑄳𑄦𑄧𑄌𑄴? 𑄃𑄬𑄙𑄧𑄇𑄴 𑄉𑄧𑄢𑄳𑄦𑄨 𑄙𑄧𑄢𑄴𑄟𑄧 𑄉𑄧𑄢𑄳𑄦𑄧𑄁, 𑄖𑄪𑄃𑄳𑄦𑄮 𑄘𑄧 𑄖𑄪𑄠𑄴 𑄜𑄨𑄢𑄨 𑄚𑄧
 𑄌𑄬𑄣𑄳𑄦𑄬, 𑄞𑄧𑄉𑄧𑄝𑄚𑄴!"
"তুংগো , তুংগোবি",𑄖𑄁𑄪𑄋𑄳𑄦𑄮 – 𑄖𑄪𑄁𑄋𑄳𑄦𑄮𑄝𑄨
"তুংগোোকে ডাকতেছি, কোথায় গেল জানিনা","𑄖𑄪𑄁𑄋𑄳𑄦𑄮𑄢𑄬 𑄘𑄉𑄧𑄋𑄧𑄖𑄴𑄗𑄬, 𑄇𑄪𑄙𑄪 𑄎𑄬𑄣𑄳𑄦𑄧 𑄇𑄨𑄎𑄬𑄚𑄨𑅁"
সে কোথায় গেল? আমরা একসাথে তরকারি খুঁজতে গেছি,𑄖𑄬 𑄇𑄪𑄙𑄪 𑄎𑄬𑄣𑄳𑄦𑄧? 𑄃𑄟𑄳𑄦𑄨 𑄖𑄬 𑄥𑄪𑄟𑄪𑄖𑄴𑄖𑄮 𑄎𑄬𑄣𑄳𑄦𑄧𑄁 𑄖𑄮𑄚𑄴 𑄖𑄧𑄉
তিনিও তো যাবে আমাদের সাথে,𑄖𑄬𑄠𑄳𑄦𑄮 𑄘𑄧 𑄎𑄬𑄝𑄧 𑄃𑄟𑄳𑄦 𑄣𑄧𑄊𑄬
সে সময়ে বরাবর সেও এসেছে,𑄥𑄬 𑄃𑄧𑄇𑄴𑄗𑄧𑄖𑄴 𑄃𑄧𑄎𑄧𑄟𑄧𑄚𑄳𑄦𑄬 𑄖𑄬𑄠𑄳𑄦𑄮 𑄃𑄨𑄌𑄴𑄍𑄬𑅁
মোড়,𑄖𑄬𑄇𑄴 𑄖𑄬𑄇𑄴
রাস্তাটা শুধু মোড়,𑄛𑄧𑄖𑄴𑄗𑄚𑄴 𑄝𑄚𑄳𑄦 𑄖𑄬𑄇𑄴 𑄖𑄬𑄇𑄴
নদীর তীরে একটা কুয়া,𑄥𑄧𑄢 𑄖𑄬𑄉𑄧𑄖𑄴 𑄃𑄨𑄇𑄴𑄊𑄮 𑄟𑄮𑄢𑄳𑄦𑄮𑄁
"রাস্তায় একটা মোড় রয়েছে, শুধু ভূত ভয় লাগায়","𑄛𑄧𑄖𑄴𑄖𑄚𑄳𑄦𑄧𑄖𑄴 𑄃𑄨𑄇𑄴𑄊𑄮 𑄖𑄬𑄇𑄴 𑄃𑄉𑄬𑄙𑄬, 𑄝𑄚 𑄞𑄪𑄘𑄬 𑄘𑄧𑄣𑄴𑄣𑄉𑄚𑄴𑄚𑄬𑅁"
ট্রাক্টর দিয়ে মাটি কাটা,𑄖𑄬𑄇𑄴𑄖𑄢𑄴𑄣𑄳𑄦𑄮𑄠𑄴 𑄟𑄘𑄨 𑄇𑄝𑄧𑄚𑄴
"ট্রাক্টর দিয়েে পাহাড় কাটে, রাস্তা বানায়","𑄖𑄬𑄇𑄴𑄖𑄢𑄴𑄣𑄳𑄦𑄮𑄠𑄴 𑄟𑄪𑄢𑄳𑄦𑄮 𑄉𑄧𑄣𑄚𑄴, 𑄛𑄧𑄖𑄴 𑄝𑄚𑄚𑄴𑅁"
বাড়ির তেগেন,𑄊𑄧𑄢𑄧 𑄖𑄬𑄉𑄬𑄚𑄴
তেগেন গুলো পোকায় খেয়েছে,𑄖𑄬𑄉𑄬𑄚𑄳𑄦𑄪𑄚𑄴 𑄛𑄪𑄊𑄬 𑄈𑄘𑄧𑄚𑄴
বিল্ডিংয়েও তেগেন দিতে হয়,𑄝𑄨𑄣𑄴𑄘𑄨𑄋𑄳𑄦𑄮𑄖𑄴 𑄃𑄮 𑄖𑄬𑄉𑄬𑄚𑄴 𑄘𑄳𑄠𑄬 𑄛𑄧𑄢𑄬𑅁
টাকা উপার্জন করা,𑄖𑄬𑄋 𑄇𑄟𑄚
পাথরের নিচে টাকা,𑄛𑄖𑄴𑄖𑄧𑄢𑄳𑄦𑄧𑄖𑄴 𑄖𑄧𑄣𑄬 𑄖𑄬𑄋
টাকা ধার দাও/নাও,𑄖𑄬𑄋 𑄃𑄪𑄙𑄮𑄢𑄴 𑄘𑄬𑄚/ 𑄣𑄧𑄚𑅁
কান্না করতে করতে আর শব্দ বের হচ্ছেনা এরকম অবস্থা,𑄇𑄚𑄧𑄘𑄬 𑄇𑄚𑄧𑄘𑄬 𑄉𑄪𑄢𑄮𑄞𑄮 𑄖𑄬𑄋𑄬𑄢 𑄎𑄨𑄠𑄳𑄦𑄬𑅁
ভেড়া কাঠি,𑄖𑄬𑄋𑄬𑄢𑄳𑄦 𑄇𑄬𑄟𑄴
ভেড়া লাঠি,𑄖𑄬𑄋𑄬𑄢𑄳𑄦 𑄈𑄪𑄘𑄮
ভেড়া দেয়া/ ঘিরানো,𑄖𑄬𑄋𑄬𑄢𑄳𑄦 𑄘𑄬𑄚/ 𑄊𑄨𑄢𑄚
ভেড়া দিয়ে ঘেরাও করা আমাদের বাড়িটা,𑄖𑄬𑄋𑄬𑄢𑄳𑄦 𑄊𑄨𑄌𑄴𑄌𑄬 𑄉𑄧𑄢𑄳𑄦𑄨 𑄃𑄟𑄳𑄦 𑄊𑄧𑄢𑄚𑄴
সোজা পথ হলে মানুষরা ভেড়া ভেদ করে যায়,𑄃𑄪𑄎𑄪 𑄛𑄧𑄖𑄴 𑄦𑄧𑄣𑄬 𑄟𑄚𑄴𑄐𑄬 𑄖𑄬𑄋𑄬𑄢𑄳𑄦 𑄜𑄪𑄢𑄨𑄠𑄳𑄦𑄮 𑄎𑄚𑄴𑅁
পাথরের তেজ,𑄥𑄨𑄣𑄮 𑄖𑄬𑄌𑄴
তেজপাতা গাছ,𑄖𑄬𑄌𑄴 𑄛𑄘 𑄉𑄌𑄴
শুকনো তেজপাতা মনে কম হলেও দু্ই তিন হাজার টাকা বিক্রি করে,𑄖𑄬𑄌𑄴 𑄛𑄘𑄃𑄚𑄳𑄦𑄨 𑄌𑄪𑄉𑄬𑄚𑄳𑄦𑄬𑄠𑄴 𑄟𑄧𑄚𑄬 𑄘𑄨 𑄖𑄨𑄚𑄴 𑄦𑄎𑄢𑄴 𑄖𑄬𑄋𑄖𑄴 𑄘𑄧𑄢𑄬 𑄝𑄬𑄎𑄧𑄚𑄴𑄚𑄬𑅁
এই সেই করা,𑄖𑄬 𑄖 𑄉𑄧𑄢𑄚𑄳𑄦
তারা নিজেদের মধ্যে কি এই সেই করলো,"𑄖𑄢𑄳𑄦 𑄖𑄢𑄳𑄦 𑄇𑄨 𑄇𑄨 𑄖𑄬 𑄖 𑄉𑄧𑄣𑄴𑄣𑄳𑄦𑄇𑄴, 𑄃𑄟𑄳𑄦𑄢𑄬 𑄇𑄨𑄌𑄴𑄍𑄪 𑄚𑄧 𑄇𑄧𑄣𑄳𑄦𑄇𑄴"
"শুধু এই সেই করতে করতে দিন যাবে,কাজের কাজ কিচ্ছু হবেনা","𑄝𑄚 𑄖𑄬 𑄖 𑄉𑄧𑄖𑄴𑄗𑄬 𑄉𑄧𑄖𑄴𑄗𑄬 𑄘𑄨𑄚𑄴 𑄎𑄬𑄝𑄧𑄉𑄮𑄠𑄴, 𑄇𑄟𑄧𑄢𑄴 𑄇𑄟𑄴 𑄇𑄨𑄌𑄴𑄍𑄪 𑄚𑄧 𑄦𑄧𑄝𑄧"
এই সেই না করে যার কাজ সে কর,𑄖𑄬 𑄖 𑄚𑄧 𑄉𑄧𑄢𑄨𑄚𑄳𑄦𑄬𑄠𑄴 𑄎 𑄇𑄟𑄴 𑄖𑄬 𑄉𑄧𑄢𑄳𑄦𑄧
তোমার এই সেই টা এখন শেষ হয়ছে কি হয় নাই?,𑄖𑄧𑄟𑄳𑄦 𑄖𑄬𑄖𑄃𑄳𑄦𑄚𑄴 𑄜𑄪𑄢𑄬𑄠𑄳𑄦𑄬 𑄚 𑄚𑄳𑄦𑄧 𑄜𑄪𑄢𑄭 𑄃𑄬𑄞𑄧?
এটা সেটা  দেওয়া/খাওয়া,𑄖𑄬 𑄖𑄬 𑄘𑄬𑄚/ 𑄈𑄚
আমি তোমার টাকাগুলো একবারে না দিয়ে ভাগ ভাগ করে  দিবো,𑄟𑄪𑄠𑄴 𑄖𑄧 𑄖𑄬𑄋𑄃𑄳𑄦𑄪𑄚𑄴 𑄃𑄬𑄊𑄮 𑄟𑄮𑄙𑄬 𑄚𑄧 𑄘𑄨𑄚𑄬𑄠𑄴 𑄖𑄬 𑄖𑄬 𑄘𑄨𑄟𑄴𑄟𑄬
.বাচ্চাটি গুড়োটা একটু একটু করে খেতে খেতে সবটা খেয়ে ফেলল,𑄉𑄪𑄢𑄮𑄠𑄬 𑄟𑄨𑄙𑄬𑄃𑄚𑄴 𑄖𑄬 𑄖𑄬 𑄈𑄘𑄬 𑄈𑄘𑄬 𑄝𑄬𑄇𑄴𑄈𑄚𑄴 𑄈𑄬 𑄜𑄪𑄢𑄬𑄠𑄬𑄉𑄮𑄠𑄴𑅁
"এ বছর ও না,গত বছর ও না,ও বছরে আমরা পংরং বলেছিলাম","𑄃𑄬 𑄝𑄧𑄏𑄧𑄢𑄴 𑄚𑄳𑄦𑄧𑄠𑄴, 𑄉𑄬𑄣𑄴𑄣𑄬 𑄝𑄧𑄏𑄧𑄢𑄮 𑄚𑄳𑄦𑄧𑄠𑄴, 𑄖𑄬𑄘 𑄝𑄧𑄏𑄧𑄢𑄴 𑄖𑄳𑄦𑄬 𑄃𑄟𑄳𑄦𑄨 𑄛𑄧𑄢𑄧𑄁 𑄦𑄪𑄠𑄬𑄉𑄨𑄘𑄬"
গত বছরের তুলনায় ও বছর বেশি বৃষ্টি পড়েছিল,𑄉𑄬𑄣𑄴𑄣𑄬 𑄝𑄧𑄎𑄧𑄢𑄳𑄦𑄧 𑄙𑄢𑄚𑄬 𑄖𑄬𑄘 𑄝𑄧𑄏𑄧𑄢𑄴 𑄝𑄬𑄌𑄴 𑄏𑄧𑄢𑄴 𑄘𑄳𑄠𑄳𑄦𑄬
ঐ বছর আমরা তলু পাহাড়ে জুম করেছি,𑄖𑄬𑄘 𑄝𑄧𑄏𑄧𑄢𑄴 𑄃𑄟𑄳𑄦𑄨 𑄃𑄳𑄦𑄪 𑄟𑄪𑄢𑄳𑄦𑄮𑄝𑄮𑄖𑄴 𑄎𑄪𑄟𑄴 𑄈𑄨𑄠𑄬𑄠𑄴𑅁
মুষলধারে বৃষ্টি,𑄖𑄬𑄘𑄬𑄢𑄴 𑄖𑄬𑄘𑄬𑄢𑄴 𑄏𑄧𑄢𑄴
আকাশটা সকাল থেকে মুষলধারে বৃষ্টি শুরু করছে,𑄘𑄬𑄝𑄞𑄮 𑄖𑄬𑄘𑄬𑄢𑄴 𑄖𑄘𑄬𑄢𑄴 𑄏𑄧𑄢𑄴 𑄘𑄬𑄢𑄴 𑄝𑄨𑄚𑄴𑄐𑄳𑄦𑄬𑄖𑄴𑄖𑄪𑄚𑄴 𑄙𑄧𑄢𑄨𑅁
তেতুল গাছ,𑄖𑄬𑄙𑄮𑄠𑄴 𑄉𑄌𑄴
তেতুলের রস,𑄖𑄬𑄙𑄮𑄠𑄴 𑄈𑄧𑄢𑄧
পাকা তেতুল,𑄖𑄬𑄙𑄮𑄠𑄴 𑄛𑄉𑄚𑄳𑄦
.তেতুল ভর্তা,𑄖𑄬𑄙𑄮𑄠𑄴 𑄇𑄪𑄢𑄴𑄝𑄮/ 𑄃𑄌𑄢𑄴
"তেতুল বিচি ভাজা করে খেতে মজা,পুড়ে খেলেও মজা","𑄖𑄬𑄙𑄮𑄠𑄴 𑄝𑄨𑄎𑄨 𑄈𑄧𑄣 𑄉𑄧𑄢𑄳𑄦𑄨 𑄈𑄬𑄣𑄬 𑄥𑄪𑄃𑄮𑄖𑄴, 𑄛𑄪𑄢𑄨 𑄈𑄬𑄣𑄬𑄠𑄳𑄦𑄮 𑄥𑄪𑄃𑄮𑄖𑄴𑅁"
"খেজুর গাছটা কাটার পর এখন ফলতেসে,এক রাড হলে খেজুরের রস পরবে","𑄈𑄎𑄧𑄢𑄴 𑄝𑄨𑄎𑄨 𑄉𑄌𑄴𑄍𑄮 𑄇𑄝𑄨𑄚𑄬𑄠𑄴 𑄃𑄬𑄞𑄧 𑄖𑄳𑄦𑄬 𑄖𑄬𑄚𑄖𑄴𑄗𑄬, 𑄃𑄬𑄇𑄴 𑄢𑄬𑄖𑄴 𑄦𑄧𑄣𑄬 𑄢𑄧𑄌𑄴 𑄛𑄧𑄢𑄨𑄝𑄮𑄊𑄨"
"কুয়োটাতে একটু একটু করে পানি উঠতেছে,মনে হয় না আজকে ভরবে","𑄇𑄪𑄃𑄮𑄞𑄮 𑄝𑄚 𑄖𑄬𑄚𑄳𑄦𑄬 𑄖𑄬𑄚𑄳𑄦𑄬 𑄃𑄉𑄬𑄙𑄬, 𑄃𑄨𑄌𑄴𑄌𑄬 𑄇𑄧𑄟𑄧𑄣𑄬 𑄞𑄧𑄢𑄨𑄘𑄮𑅁"
পঁচা বেগুন/পেয়ারা,𑄖𑄬𑄚𑄛𑄧𑄉𑄧𑄢 𑄝𑄬𑄉𑄪𑄚𑄴/ 𑄉𑄪𑄠𑄬𑄟𑄴
সিমগুলো এ বছর বেশিরভাগে পঁচা হয়ছে,𑄥𑄧𑄟𑄨𑄃𑄳𑄦𑄪𑄚𑄴 𑄃𑄬 𑄝𑄧𑄏𑄧𑄢𑄴 𑄝𑄬𑄇𑄴𑄞𑄉𑄬 𑄖𑄬𑄚𑄛𑄧𑄉𑄧𑄢 𑄦𑄪𑄠𑄮𑄚𑄴𑅁
আঁকাবাঁকা কচু,𑄖𑄬𑄚𑄴𑄎𑄧𑄁 – 𑄃𑄪𑄎𑄪
পাতিলটা একবার আছাড় মেরে বিশ্রি বানিয়েছি,𑄛𑄨𑄣𑄬𑄞𑄮 𑄃𑄬𑄇𑄴 𑄃𑄎𑄢𑄳𑄦𑄧𑄖𑄴 𑄖𑄬𑄚𑄴𑄎𑄧𑄁 𑄝𑄚𑄬𑄠𑄳𑄦𑄮𑄁
বাড়িটা বাকা হয়ছে,𑄊𑄧𑄢𑄚𑄴 𑄖𑄬𑄚𑄴𑄎𑄧𑄁 𑄦𑄪𑄠𑄬
খাঁটটা আঁকাবাঁকা করে বসানো,𑄈𑄖𑄴𑄖𑄚𑄴 𑄖𑄬𑄚𑄴𑄎𑄧𑄁 𑄉𑄧𑄢𑄳𑄦𑄨 𑄝𑄧𑄏 𑄎𑄨𑄠𑄬𑄙𑄬
তার কথাগুলো সবগুলো তেরা তেরা কথা,𑄖 𑄇𑄧𑄙𑄚𑄨 𑄝𑄬𑄇𑄴𑄇𑄚𑄳𑄦𑄨 𑄖𑄬𑄚𑄴𑄎𑄧𑄁 𑄖𑄬𑄚𑄴𑄎𑄧𑄁 𑄇𑄧𑄙𑅁
.আঁকাবাঁকা পথ,𑄖𑄬𑄚𑄴𑄎𑄧𑄁 𑄟𑄳𑄦𑄬𑄚𑄴𑄎𑄧𑄁 𑄛𑄧𑄖𑄴
পাতিলটা বিশ্রি হয়ছে,𑄖𑄬𑄚𑄴𑄎𑄧𑄁 𑄟𑄳𑄦𑄬𑄚𑄴𑄎𑄧𑄁 𑄦𑄪𑄠𑄬 𑄛𑄨𑄣𑄬𑄞𑄮
মেয়েটা আঁকাবাঁকা করে পাছা দুলিয়ে দুলিয়ে যাচ্ছে,𑄟𑄨𑄣𑄬𑄞𑄮 𑄖𑄬𑄚𑄴𑄎𑄧𑄁 𑄟𑄳𑄦𑄬𑄚𑄴𑄎𑄧𑄁 𑄉𑄧𑄢𑄳𑄦𑄨 𑄛𑄪𑄚𑄴 𑄛𑄉𑄬 𑄛𑄉𑄬 𑄎𑄢𑄴𑅁
তেননে কাপড়,𑄖𑄬𑄚𑄴𑄐𑄬 𑄇𑄚𑄨
সে কি শুধু ভ্যানভ্যান করতেছে,𑄥𑄨𑄝𑄳𑄦𑄬 𑄇𑄨 𑄝𑄚 𑄖𑄬𑄚𑄴𑄖𑄬𑄚𑄭𑄘𑄳𑄠𑄬?
ভ্যানভ্যান করা,𑄖𑄬𑄚𑄬𑄚𑄴 𑄖𑄬𑄚𑄬𑄚𑄴 𑄉𑄧𑄢𑄚𑄳𑄦
"ভেজা মাটি,শুধু ভিজে উঠে","𑄖𑄬𑄚𑄬𑄠𑄳𑄦𑄬 𑄟𑄘𑄨, 𑄝𑄚 𑄛𑄪𑄁 𑄃𑄪𑄘𑄬𑄙𑄬"
.ভেজা মাটিতে কেঁচোরা বেশি বাসা বাঁধে,𑄖𑄬𑄚𑄬𑄠𑄳𑄦𑄬 𑄟𑄘𑄨𑄖𑄴 𑄇𑄬𑄌𑄴𑄍𑄧 𑄝𑄬𑄌𑄴 𑄌𑄢 𑄇𑄢𑄳𑄦𑄧𑄚𑄴
দিলে ঠিক জায়গায় পড়ে,"𑄷. 𑄘𑄨𑄣𑄳𑄦𑄬 𑄖𑄬𑄛𑄴, 𑄣𑄉𑄬𑄙𑄬"
"মারলে ঠিক,অপিততি","𑄟𑄢𑄨𑄣𑄬 𑄖𑄬𑄛𑄴, 𑄃𑄧𑄜𑄨𑄖𑄴𑄖𑄨"
বল ছুড়ে মারলে কুকুরটা সব ধরতো,𑄝𑄳𑄦𑄮𑄣𑄴 𑄟𑄬𑄣𑄳𑄦 𑄘𑄨𑄣𑄳𑄦𑄬 𑄇𑄪𑄉𑄪𑄢𑄴𑄞𑄮 𑄖𑄬𑄛𑄴 𑄖𑄬𑄛𑄴 𑄙𑄧𑄢𑄬𑄘𑄬
মারার সাথে সাথেই মাথায় লাগলো,"𑄟𑄌𑄴𑄍𑄮𑄁𑄋𑄮 𑄖𑄳𑄦𑄬𑄛𑄴, 𑄣𑄇𑄴𑄈𑄬𑄘𑄬 𑄈𑄪𑄣𑄴 𑄥𑄬𑄠𑄴"
বৈদ্যর মন্ত্রটা ঠিকভাবে ধরলো,𑄝𑄰𑄱𑄖𑄴𑄘𑄮𑄠𑄬 𑄟𑄧𑄚𑄴𑄘𑄧𑄢𑄴𑄞𑄮 𑄖𑄳𑄦𑄬𑄛𑄴 𑄙𑄧𑄣𑄴𑄣𑄧𑄘𑄬
ট্যাপ পড়া/ফেলা,𑄸. 𑄖𑄬𑄛𑄴 𑄛𑄧𑄢𑄚/ 𑄜𑄬𑄣𑄚
পাতিলটা ট্যাপ পড়েছে,𑄛𑄨𑄣𑄬𑄞𑄮 𑄖𑄬𑄛𑄴 𑄛𑄧𑄌𑄴𑄎𑄬
পুরো কলসিটে ট্যাপ পড়ে গেছে,𑄈𑄪𑄟𑄴𑄟𑄳𑄦𑄮 𑄉𑄧𑄘 𑄝𑄬𑄇𑄴𑄈𑄚𑄴 𑄖𑄬𑄛𑄴 𑄛𑄧𑄌𑄴𑄎𑄬 𑄦𑄪𑄠𑄬
.হোঁচট খেশে মাথাটা মনে হয় ট্যাপ পরে গেছে,𑄈𑄪𑄣𑄴𑄣𑄮 𑄙𑄪𑄌𑄴 𑄈𑄬𑄚𑄬𑄠𑄴 𑄃𑄬𑄇𑄴𑄈𑄬 𑄖𑄬𑄛𑄴 𑄛𑄧𑄌𑄴𑄏𑄬 𑄛𑄢𑄳𑄦𑄛𑄁
আঁকাবাঁকা মাথা,𑄖𑄬𑄛𑄴 𑄛𑄧𑄌𑄴𑄎𑄬 𑄈𑄪𑄣𑄮
গালটা চ্যাপ্টা করে সেটা কে?,𑄉𑄣𑄳𑄦𑄚𑄴 𑄖𑄬𑄛𑄴 𑄛𑄧𑄌𑄴𑄎𑄬 𑄉𑄧𑄢𑄳𑄦𑄨 𑄥𑄨𑄝𑄳𑄦𑄬 𑄇𑄧𑄚𑄴𑄚𑄳𑄦?
একটু একটু করে পানি পড়ে কলসিটা ভরে যায়,𑄖𑄬𑄛𑄴 𑄖𑄬𑄛𑄴 𑄉𑄧𑄢𑄳𑄦𑄨 𑄛𑄚𑄳𑄦𑄨 𑄛𑄧𑄢𑄨𑄚𑄬𑄠𑄴 𑄈𑄪𑄟𑄴 𑄞𑄧𑄢𑄬
"পরিপূর্ণ পানি দিয়ে ঘর ভরে যায়, বলে যে","𑄖𑄬𑄝 𑄛𑄚𑄨𑄠𑄳𑄦𑄬 𑄊𑄧𑄢 𑄞𑄧𑄢𑄬, 𑄇𑄧𑄚𑄴𑄚𑄳𑄦𑄬𑄝𑄮"
একটুু একটু করে রক্ত পড়তেছে ক্ষতটা থেকে,𑄖𑄬𑄛𑄴 𑄖𑄬𑄛𑄴 𑄉𑄧𑄢𑄳𑄦𑄨 𑄣𑄮 𑄛𑄧𑄢𑄬𑄢𑄴 𑄊𑄃𑄚𑄧𑄖𑄴𑄖𑄪𑄚𑄴
টেবিলের উপর তেপ তেপ লালা  ফেলাচ্ছে,𑄖𑄬𑄛𑄴 𑄖𑄬𑄛𑄴 𑄣𑄬𑄖𑄴𑄖𑄮 𑄜𑄬𑄣𑄢𑄴 𑄃𑄭 𑄖𑄬𑄞𑄨𑄣𑄴 𑄌𑄧𑄊𑅁
পানিটা কোনদিকে পড়ে,𑄛𑄚𑄳𑄦𑄨𑄃𑄚𑄴 𑄇𑄪𑄚𑄴𑄙𑄨 𑄖𑄬𑄝𑄭?
বড়/ ছোট টেবিল,𑄘𑄋𑄳𑄦𑄧𑄢𑄴 / 𑄌𑄨𑄉𑄮𑄚𑄴 𑄖𑄬𑄞𑄨𑄣𑄴
খাবার টেবিল,𑄈𑄚 𑄖𑄬𑄞𑄨𑄣𑄴
টেবিল-চেয়ার,𑄖𑄬𑄞𑄨𑄣𑄴 – 𑄌𑄬𑄊𑄢𑄴𑅁
আলোচনা-সভা,𑄖𑄬𑄟𑄴𑄟𑄁 – 𑄥𑄪𑄣𑄴𑄣𑄪𑄇𑄴
"কী আলোচনা করেছিল তাদের পরিবারের সদস্যরা, আলোচনায় যেটা সুবিধা হবে , সেটা হবে","𑄇𑄨 𑄖𑄬𑄟𑄴𑄟𑄁 𑄉𑄧𑄣𑄴𑄣𑄳𑄦𑄇𑄴 𑄖𑄢𑄳𑄦 𑄊𑄮𑄢𑄴𑄝𑄮𑄝𑄮? 𑄖𑄬𑄟𑄴𑄟𑄋𑄧𑄖𑄴 𑄎𑄨𑄠𑄳𑄦𑄬𑄚𑄴 𑄈𑄘𑄬, 𑄥𑄨𑄠𑄳𑄦𑄬𑄚𑄴 𑄦𑄧𑄝𑄧𑄘𑄬"
কাজটা করার আগে সবাই বসে আলোচনা করলে ঠিক হবে,𑄇𑄟𑄳𑄦𑄚𑄴 𑄉𑄧𑄢𑄨𑄞𑄢𑄴 𑄃𑄇𑄴𑄇𑄬 𑄝𑄬𑄇𑄴𑄇𑄪𑄚𑄳𑄦𑄬 𑄝𑄮𑄚𑄳𑄦𑄬𑄠𑄴 𑄖𑄬𑄟𑄴𑄟𑄁 𑄉𑄧𑄣𑄴𑄣𑄳𑄦𑄬 𑄘𑄮𑄣𑄴 𑄦𑄧𑄝𑄧
অনেক আলোচনা করে দেখেছি কিছু হলোনা,"𑄝𑄧𑄦𑄪𑄖𑄴 𑄖𑄬𑄟𑄴𑄟𑄁 𑄉𑄧𑄢𑄳𑄦𑄨 𑄌𑄬𑄣𑄳𑄦𑄧𑄁, 𑄇𑄨𑄌𑄴𑄍𑄪 𑄚𑄧 𑄈𑄘𑄨𑄣𑄮"
আলোচনায় যাবে তুমি? আগামীকাল একটা আলোচনা আছে,𑄎𑄬𑄟𑄴𑄟𑄋𑄧𑄖𑄴 𑄎𑄬𑄝𑄬 𑄖𑄪𑄠𑄴? 𑄇𑄨𑄣𑄴𑄣𑄬 𑄃𑄟𑄳𑄦𑄢𑄴 𑄃𑄬𑄇𑄴𑄊𑄚𑄴 𑄖𑄬𑄟𑄴𑄟𑄁 𑄃𑄊𑄬𑅁
পাল দেয়া,𑄖𑄬𑄢 𑄛𑄘𑄚
তার চোখগুলো খ্যারা,𑄖 𑄌𑄮𑄇𑄴𑄈𑄪𑄚𑄴 𑄖𑄬𑄢𑄳𑄦𑄧𑄌𑄴
খ্যারা কথা,𑄖𑄬𑄢𑄳𑄦𑄧𑄌𑄴 𑄇𑄧𑄙
খ্যারা করে না দেখে সোজা করে দেখ,𑄖𑄬𑄢𑄳𑄦𑄧𑄌𑄴 𑄉𑄧𑄢𑄳𑄦𑄨 𑄚𑄧 𑄌𑄬𑄚𑄳𑄦𑄬𑄠𑄴 𑄃𑄪𑄎𑄪 𑄉𑄧𑄢𑄳𑄦𑄨 𑄌𑄳𑄦
খাটটা একটু বাঁকা পাচ্ছি,𑄈𑄖𑄴𑄖𑄚𑄴 𑄃𑄬𑄇𑄴𑄇 𑄖𑄬𑄢𑄳𑄦𑄧𑄌𑄴 𑄟𑄪𑄇𑄴𑄈𑄬 𑄛𑄋𑄳𑄦𑄧𑄖𑄴𑄖𑄬
"তামাদের সারিটা বাঁকা হয়েছে, সোজা করো এখুনি","𑄖𑄧𑄟𑄳𑄦 𑄥𑄪𑄢𑄴𑄝𑄮 𑄃𑄬𑄇𑄴𑄇 𑄖𑄬𑄢𑄳𑄦𑄧𑄌𑄴 𑄦𑄪𑄠𑄬, 𑄃𑄪𑄎𑄪 𑄉𑄧𑄢𑄳𑄦𑄧 𑄃𑄬𑄞𑄧𑅁"
তেল দেওয়া,𑄖𑄬𑄣𑄴 𑄟𑄢𑄚/ 𑄘𑄬𑄚
তেলে ঝোলে,𑄖𑄬𑄣𑄬 𑄏𑄪𑄣𑄬
"সরিষার তেল, সয়াবিন তেল","𑄎𑄬𑄖𑄴 𑄖𑄬𑄣𑄴, 𑄥𑄧𑄝𑄨𑄚𑄴 𑄖𑄬𑄣𑄴"
"তেল, তেল তেল, হাতির তেল, মহিষের তেল, গরুর তেল, শুকরের তেল, চিঝির পেটে কেত করে গিলো","𑄖𑄬𑄣𑄴, 𑄖𑄬𑄣𑄴 𑄖𑄬𑄣𑄴, 𑄦𑄬𑄘𑄮 𑄖𑄬𑄣𑄴, 𑄟𑄮𑄏𑄮 𑄖𑄬𑄣𑄴, 𑄉𑄧𑄢𑄪 𑄖𑄬𑄣𑄴, 𑄥𑄪𑄉𑄮𑄢𑄮 𑄖𑄬𑄣𑄴, 𑄌𑄨𑄏𑄨 𑄛𑄬𑄘𑄧𑄖𑄴 𑄇𑄬𑄳𑄀𑄦𑄖𑄴 𑄉𑄧𑄢𑄳𑄦𑄨 𑄉𑄬𑄣𑄴"
তেল খেলে শরীরে তেল হয়,𑄖𑄬𑄣𑄴 𑄈𑄬𑄣𑄬 𑄖𑄳𑄦𑄬 𑄖𑄬𑄣𑄴 𑄦𑄧𑄠𑄴𑄘𑄬 𑄇𑄨𑄠𑄬𑄖𑄴
তেলে ঝোলে ভালোভাবে খাচ্ছে তারা,𑄖𑄬𑄣𑄬 𑄏𑄪𑄣𑄬 𑄈𑄘𑄧𑄚𑄴 𑄘𑄧 𑄖𑄢𑄳𑄦 𑄉𑄧𑄟𑄬 𑄘𑄣𑄳𑄦𑄬𑅁
তেল তেল করে খাওয়া,𑄖𑄬𑄣𑄴 𑄖𑄬𑄣𑄴 𑄉𑄧𑄢𑄳𑄦𑄨 𑄈𑄚
সব পরিষ্কার করে সুন্দর করল তারা,𑄝𑄬𑄇𑄴𑄇𑄚𑄳𑄦𑄨 𑄇𑄎𑄬 𑄇𑄎𑄭 𑄖𑄬𑄣𑄴𑄖𑄬𑄣𑄴𑄣𑄬 𑄉𑄧𑄣𑄴𑄣𑄳𑄦𑄇𑄴 𑄖𑄢𑄳𑄦
খাওয়ার পর তেল তেল করেছে,𑄈𑄬 𑄈𑄭 𑄖𑄬𑄣𑄴𑄖𑄬𑄣𑄴𑄣𑄬 𑄉𑄧𑄌𑄴𑄍𑄬
উঠানটা পরিষ্কার করে সুন্দর করলো সে,𑄃𑄪𑄙𑄮𑄚𑄚𑄴 𑄌𑄪𑄢𑄨𑄚𑄳𑄦𑄬𑄠𑄴 𑄖𑄬𑄣𑄴𑄖𑄬𑄣𑄴𑄣𑄬 𑄝𑄚𑄬𑄠𑄳𑄦𑄬 𑄖𑄬𑅁
ভাঙা পাতিলের মুখ,𑄖𑄬𑄣𑄮𑄚𑄴 𑄞𑄋 𑄟𑄪
তরকারিতা পাতিলে রান্না করেছি,𑄖𑄮𑄚𑄳𑄦𑄚𑄴 𑄖𑄬𑄣𑄮𑄚𑄴𑄚𑄳𑄦𑄮𑄖𑄴 𑄢𑄚𑄴𑄚𑄮𑄠𑄴
বড় পাতিলে চালগুলো রান্না করতে বসাও,𑄝𑄧𑄢𑄴 𑄖𑄬𑄣𑄮𑄚𑄴𑄚𑄮𑄠𑄴 𑄛𑄳𑄦𑄖𑄴 𑄘𑄬 𑄌𑄮𑄣𑄳𑄦𑄪𑄚𑄴
বাচ্চাটা ভাঙা পাতিলের মুখ করছে কেন?বাঁধো,𑄃𑄠𑄳𑄦𑄬 𑄖𑄬𑄣𑄮𑄚𑄴 𑄞𑄋 𑄟𑄪 𑄉𑄧𑄌𑄴𑄍𑄬 𑄉𑄪𑄢𑄮𑄠𑄬? 𑄝𑄚𑄴𑄙𑄮𑄠𑄴!
"সে?সে কি বলল?সে,আনি ঘুমায় পরছি",𑄷. 𑄖𑄳𑄦𑄬? 𑄖𑄳𑄦𑄬 𑄇𑄨 𑄦𑄧𑄣𑄧? 𑄖𑄳𑄦𑄬 𑄟𑄪𑄠𑄴 𑄊𑄪𑄟𑄮𑄖𑄴 𑄛𑄧𑄣𑄴𑄣𑄳𑄦𑄪𑄁
"সে তার কপালটা পুরতেছে,নদীতে ভেসে যাচ্ছে","𑄖𑄳𑄦𑄬 𑄚 𑄇𑄧𑄝𑄣𑄴 𑄛𑄪𑄢𑄬𑄖𑄴𑄖𑄬 𑄖𑄢𑄴, 𑄥𑄧𑄢𑄖𑄴 𑄞𑄎𑄨 𑄎𑄣𑄴𑄣𑄮𑄠𑄴𑄘𑄬"
"২,তো তোমরা কোথায় যাচ্ছো?সেখানে তাকে সে আর আমি ভালোভাবে দেখলাম",𑄸. 𑄖𑄳𑄦𑄬 𑄖𑄪𑄟𑄳𑄦𑄨 𑄇𑄪𑄙𑄪 𑄎𑄧𑄖𑄴𑄗𑄬? 𑄥𑄨𑄠𑄳𑄦𑄮𑄖𑄴 𑄖𑄳𑄦𑄬 𑄟𑄪𑄠𑄴 𑄖𑄢𑄳𑄦𑄬 𑄘𑄮𑄣𑄬 𑄘𑄨𑄉𑄨𑄣𑄪𑄁𑄊𑄬
এখন আমার শান্তি হলো,𑄃𑄬𑄞𑄧 𑄖𑄳𑄦𑄬 𑄦𑄨𑄣𑄴 𑄦𑄧𑄣𑄧𑄘𑄬 𑄟𑄧𑄢𑄴𑅁
কেরা-কেরি,𑄖𑄬𑄢𑄳𑄦 – 𑄖𑄬𑄢𑄳𑄦𑄨
কেরা চোখ,𑄖𑄳𑄦𑄬𑄢𑄴 𑄌𑄮𑄇𑄴
কেরা মানুষ,𑄖𑄳𑄦𑄬𑄢𑄴 𑄟𑄚𑄳𑄦𑄪𑄌𑄴
কেরা করে তাকানো,𑄖𑄳𑄦𑄬𑄢𑄴 𑄉𑄧𑄢𑄳𑄦𑄨 𑄌𑄚𑄳𑄦
".চোখগুলো কেরা হলে কেরা,আক্কেলটাও কেরা","𑄌𑄮𑄇𑄴𑄈𑄪𑄚𑄴 𑄖𑄳𑄦𑄬𑄢𑄴 𑄦𑄧𑄣𑄬 𑄖𑄳𑄦𑄬𑄢𑄴, 𑄃𑄇𑄴𑄇𑄧𑄣𑄳𑄦𑄚𑄮 𑄖𑄳𑄦𑄬𑄢𑄴"
".মানুষটা অনেক কেরা,এইখানে তাকালে ওইখানে তাকায় মনে হয়","𑄟𑄚𑄳𑄦𑄪𑄌𑄴𑄌𑄮 𑄃𑄧𑄟𑄧𑄉𑄧𑄘𑄧 𑄖𑄳𑄦𑄬𑄢𑄴, 𑄃𑄨𑄚𑄴𑄙𑄨 𑄌𑄬𑄣𑄳𑄦𑄬 𑄃𑄳𑄦𑄪𑄚𑄴𑄘𑄨 𑄌𑄳𑄦𑄠𑄴 𑄛𑄢𑄳𑄦𑄛𑄁"
কেরা শিক্ষকগুলো নকল করে হুট করে,𑄖𑄳𑄦𑄬𑄢𑄴 𑄟𑄌𑄴𑄖𑄧𑄢𑄳𑄦𑄪𑄚𑄴 𑄚𑄧𑄇𑄧𑄣𑄴 𑄙𑄧𑄢𑄧𑄚𑄴𑄚𑄬 𑄗𑄬𑄝𑄧𑄖𑄴 𑄉𑄧𑄢𑄳𑄦𑄨
কেন চোখগুলো কেরা করে আমাকে দেখে,𑄃𑄠𑄳𑄦𑄬 𑄌𑄮𑄇𑄴𑄈𑄪𑄚𑄴 𑄖𑄳𑄦𑄬𑄢𑄴 𑄉𑄧𑄢𑄳𑄦𑄨 𑄌𑄳𑄦𑄠𑄴 𑄃𑄢𑄳𑄦𑄧 𑄟𑄧𑄢𑄳𑄦𑄬
"চোখগুলো কেরা তো কেরা,আক্কেলটাও কেরা","𑄌𑄮𑄇𑄴𑄈𑄪𑄚𑄴 𑄖𑄳𑄦𑄬𑄢𑄴 𑄦𑄧𑄣𑄬 𑄖𑄳𑄦𑄬𑄢𑄴, 𑄃𑄇𑄴𑄇𑄧𑄣𑄳𑄦𑄚𑄴𑄃𑄮 𑄖𑄳𑄦𑄬𑄢𑄴!"
"সবাই হচ্ছে তেং তাং,একজনে একটা বলেনা","𑄝𑄬𑄇𑄴𑄇𑄪𑄚𑄳𑄦𑄬 𑄦𑄧𑄣𑄇𑄴𑄇𑄬 𑄖𑄳𑄦𑄬𑄁 𑄖𑄁, 𑄃𑄬𑄇𑄴𑄎𑄧𑄚𑄬 𑄃𑄬𑄇𑄴𑄊𑄚𑄴 𑄚𑄧 𑄇𑄳𑄦𑄧𑄠𑄴𑅁"
টিকটিকি ডিম,𑄖𑄮𑄇𑄴𑄖𑄮𑄉𑄨 𑄝𑄧𑄘
১.তরকারি,𑄷. 𑄖𑄮𑄚𑄴𑄛𑄖𑄴
"তোমাদের বাসায় কি তরকারি আছে?কি তরকারি দিয়ে ভাত খাইছো?তরকারি নাই আজকে,শুধু ভাত","𑄇𑄨 𑄖𑄮𑄚𑄴 𑄃𑄊𑄬 𑄖𑄧𑄟𑄳𑄦 𑄃𑄨𑄙𑄪? 𑄇𑄨 𑄖𑄮𑄚𑄴𑄚𑄮𑄠𑄴 𑄞𑄖𑄴 𑄈𑄨𑄠𑄮𑄌𑄴? 𑄖𑄮𑄚𑄴 𑄚𑄬𑄠𑄴 𑄃𑄨𑄌𑄴𑄌𑄬, 𑄝𑄚 𑄞𑄖𑄴"
সবজি তরকারি,𑄊𑄧𑄚𑄴𑄘𑄧 𑄖𑄮𑄚𑄴
মাছ তরকারি,𑄟𑄌𑄴 𑄖𑄮𑄚𑄴
".তরকারি শেষ হয়ছে,জোল শেষ হয়ছে,চড়ে বেজে গেছি","𑄖𑄮𑄚𑄴 𑄜𑄪𑄢𑄬𑄠𑄬, 𑄏𑄪𑄣𑄴 𑄌𑄪𑄉𑄬𑄠𑄳𑄦𑄬, 𑄌𑄧𑄢𑄧𑄖𑄴 𑄝𑄌𑄴𑄍𑄮𑄁𑄉𑄮𑄠𑄴"
.২.টিনের চাল,𑄸. 𑄖𑄮𑄚𑄮 𑄌𑄣𑄴
টিনের ছাউনি দেয়া বাড়ি,𑄖𑄮𑄚𑄮 𑄥𑄨𑄚𑄨 𑄘𑄳𑄠𑄬 𑄊𑄧𑄢𑄴
তরকারি এক গুচ্ছ কত?,𑄖𑄮𑄚𑄴 𑄃𑄬𑄇𑄴 𑄝𑄚𑄴 𑄇𑄧𑄙𑄧𑄇𑄴?
তরকারিগুলো ফ্রিজে রাখতে হয়,𑄖𑄮𑄚𑄴𑄛𑄖𑄴𑄖𑄚𑄳𑄦𑄨 𑄜𑄳𑄢𑄨𑄎𑄮𑄖𑄴 𑄗𑄮 𑄛𑄧𑄢𑄬
"বাজারে কি তরকারি উঠছে আজকে,তরকারিগুলো দামি",𑄝𑄎𑄢𑄧𑄖𑄴 𑄖𑄮𑄚𑄴𑄛𑄖𑄴 𑄇𑄨 𑄃𑄭𑄪𑄖𑄴𑄗𑄬 𑄃𑄨𑄌𑄴𑄌𑄬? 𑄖𑄮𑄚𑄴𑄛𑄖𑄴 𑄟𑄧𑄁𑄊
চড়ে গেলে একটা দুইটা হলেও তরকারি পাওয়া যায়,𑄌𑄧𑄢𑄧𑄖𑄴 𑄎𑄬𑄣𑄳𑄦𑄬 𑄘𑄨𑄠𑄳𑄦𑄬𑄚𑄴 𑄃𑄬𑄇𑄴𑄊𑄚𑄴 𑄦𑄧𑄣𑄬 𑄖𑄮𑄚𑄴𑄛𑄖𑄴 𑄛𑄳𑄦𑄠𑄴𑅁
হেঁটে যাওয়া,𑄖𑄮𑄢𑄴𑄝𑄮 𑄎𑄚
"তারা হেঁটে যাবে নাকি বোটে করে যাবে,হেঁটে গেলে অনেক দূরের পথ সেটা","𑄖𑄢𑄳𑄦 𑄖𑄮𑄢𑄴𑄝𑄮 𑄎𑄬𑄝𑄇𑄴, 𑄚 𑄝𑄮𑄘𑄮𑄙𑄨 𑄎𑄬𑄝𑄇𑄴? 𑄖𑄮𑄢𑄴𑄝𑄮 𑄎𑄬𑄣𑄳𑄦𑄬 𑄞𑄣𑄪𑄖𑄴𑄘𑄪𑄢𑄴 𑄛𑄧𑄖𑄴 𑄃𑄨𑄠𑄳𑄦𑄚𑄴𑅁"
তরমুজ ক্ষেত,𑄖𑄮𑄢𑄴𑄟𑄮𑄌𑄴 𑄈𑄬𑄖𑄴
.তরমুজ বাগান,𑄖𑄮𑄢𑄴𑄟𑄮𑄌𑄴 𑄇𑄧𑄙
তরমুজটা কত?তরমুজ খেলে শুধু হিস্যু আসে,𑄖𑄮𑄢𑄴𑄟𑄮𑄌𑄴𑄍𑄮 𑄇𑄧𑄙𑄧𑄇𑄴? 𑄖𑄮𑄢𑄴𑄟𑄮𑄌𑄴 𑄈𑄬𑄣𑄬 𑄝𑄚 𑄟𑄪𑄘𑄮 𑄃𑄬𑄎𑄬𑄙𑄬𑅁
"তোরিং ফুলের সাদা রং,রেবেক ফুলের সুগন্ধ","𑄖𑄮𑄢𑄨𑄁 𑄜𑄪𑄣𑄮 𑄙𑄪𑄛𑄴 𑄢𑄧𑄋𑄚𑄳𑄦𑄨, 𑄢𑄬𑄝𑄬𑄇𑄴 𑄜𑄪𑄣𑄮 𑄖𑄪𑄟𑄴𑄝𑄌𑄴𑄌𑄚𑄳𑄦𑄨𑅁"
নিচে তাকানো,𑄖𑄮𑄣𑄬 𑄌𑄚𑄳𑄦
".নিচে ভালোভাবে দেখলে জানা যায়,কোনটা ভালো কোনটা খারাপ","𑄘𑄮𑄣𑄬 𑄖𑄮𑄣𑄬 𑄌𑄬𑄣𑄳𑄦𑄬 𑄖𑄳𑄦𑄬 𑄈𑄧𑄝𑄧𑄢𑄴 𑄛𑄭 𑄙𑄬, 𑄇𑄪𑄞𑄮𑄚𑄴 𑄉𑄧𑄟𑄴, 𑄇𑄪𑄞𑄮𑄚𑄴 𑄞𑄚𑄴𑄐𑄬𑅁"
তোলোয় বিক্রি করা,𑄖𑄮𑄣𑄮𑄠𑄴 𑄝𑄬𑄎𑄚𑄳𑄦
ধান শুকানোর জায়গা,𑄙𑄚𑄴 𑄖𑄮𑄣𑄮𑄠𑄴
ধান শুকানোর জায়গাটা একটু দেখে রাখো তো তোমরা,𑄙𑄚𑄴 𑄖𑄮𑄣𑄮𑄠𑄴𑄞𑄮 𑄃𑄬𑄇𑄴𑄇 𑄌𑄳𑄦𑄬 𑄘𑄮 𑄘𑄬 𑄖𑄪𑄟𑄳𑄦𑄨𑅁
বইয়ের তাক,𑄷. 𑄝𑄮𑄠𑄳𑄦𑄮 𑄗𑄇𑄴
আলমরির তাক,𑄃𑄣𑄴𑄟𑄢𑄨 𑄗𑄇𑄴
.ঈগলটার মাথায় লেগে তাক কটে উঠছে,𑄸. 𑄃𑄨𑄘𑄬𑄣𑄴𑄣𑄳𑄦𑄮 𑄈𑄪𑄣𑄴𑄣𑄳𑄦𑄮𑄖𑄴 𑄣𑄉𑄨𑄚𑄳𑄦𑄬𑄠𑄴 𑄗𑄇𑄴 𑄉𑄧𑄢𑄳𑄦𑄨 𑄃𑄪𑄖𑄴𑄗𑄬𑅁
.বিহার তাক করা,𑄇𑄨𑄠𑄮𑄁 𑄗𑄉
সংসারে দুঃখ দেখলে ভিক্ষু হও,𑄥𑄧𑄁𑄥𑄢𑄳𑄦𑄚𑄴 𑄘𑄪𑄇𑄴 𑄘𑄨𑄉𑄨𑄣𑄳𑄦𑄬 𑄗𑄉𑄪𑄢𑄴 𑄦𑄧𑄚 𑄃𑄨𑄏𑄪
তোমাদের বিহারের ভিক্ষুটা আসে কি নাই?,𑄖𑄧𑄟𑄳𑄦 𑄇𑄨𑄠𑄧𑄋𑄧 𑄗𑄉𑄪𑄢𑄴𑄝𑄮 𑄃𑄊𑄬 𑄚 𑄚𑄬𑄠𑄴?
ধনী-গরিব,𑄗𑄉𑄪𑄠𑄬 – 𑄚𑄙
ধনী মানুষের কি ভাতের অভাব,𑄗𑄉𑄪𑄠𑄬 𑄟𑄚𑄴𑄏𑄮𑄢𑄴 𑄇𑄨 𑄞𑄘𑄧 𑄢𑄖𑄴!
তাস তাস,𑄗𑄌𑄴 𑄗𑄌𑄴
তাস করে সে গালে একটা তাপ্পর দিল,𑄗𑄌𑄴 𑄉𑄧𑄢𑄳𑄦𑄨 𑄉𑄣𑄧𑄖𑄴 𑄃𑄬𑄇𑄴 𑄌𑄪𑄉𑄮𑄢𑄴 𑄈𑄬𑄣𑄧 𑄖𑄬
ধানগুলো ভালোভাবে শুকাইছে..কামরালে তাস তাস করে,"𑄙𑄚𑄪𑄚𑄴 𑄘𑄮𑄣𑄬 𑄌𑄪𑄊𑄬𑄠𑄮𑄚𑄴, 𑄇𑄟𑄴𑄢𑄬𑄣𑄬 𑄗𑄌𑄴 𑄗𑄌𑄴 𑄉𑄧𑄢𑄳𑄦𑄧𑄚𑄴"
আমি কিন্তু তাস তাস দিই বুঝছো?মায়া লাগেনা আমার,"𑄟𑄪𑄠𑄴 𑄦𑄧𑄣𑄬 𑄗𑄌𑄴 𑄗𑄌𑄴 𑄘𑄨 𑄜𑄬𑄣𑄁 𑄝𑄧𑄏𑄧, 𑄥𑄬 𑄌𑄨𑄖𑄴 𑄚𑄧 𑄛𑄪𑄢𑄬 𑄟𑄧𑄢𑄴"
পানি তাস করা,𑄛𑄚𑄳𑄦𑄨 𑄗𑄌𑄴 𑄉𑄧𑄢𑄚𑄳𑄦𑅁
তাজামাজা,𑄗𑄎𑄳𑄦𑄟𑄎
তাজা মার খেলো সে,𑄗𑄎 𑄟𑄬𑄢𑄴 𑄈𑄬𑄣𑄧 𑄖𑄬
তাজামাজা বল পরে গেছে,𑄝𑄧𑄣𑄴 𑄛𑄧𑄌𑄴𑄏𑄬 𑄗𑄎𑄟𑄎
"তাজে খেয়ে নাও,রওনা দিবো","𑄗𑄎𑄬 𑄈𑄬 𑄣𑄧, 𑄎𑄬𑄘𑄧𑄁 𑄟𑄳𑄦𑄣𑄬𑄚𑄴"
তাজা পিটা খায়ছে সে তবুও আক্কেল হয় না,"𑄗𑄎 𑄛𑄨𑄘𑄬 𑄈𑄨𑄠𑄳𑄦𑄬 𑄖𑄬, 𑄖𑄪𑄃𑄳𑄦𑄮 𑄃𑄇𑄴𑄇𑄧𑄣𑄴 𑄚𑄧 𑄦𑄧𑄠𑄴𑅁"
হতভম্ব হওয়া,𑄗𑄘𑄧𑄢𑄧 𑄦𑄧𑄚
সে খবরটা শুনে জায়গায় হতভম্ব হলো,𑄎𑄉𑄖𑄴 𑄗𑄘𑄧𑄢𑄧 𑄦𑄪𑄠𑄬 𑄖𑄬 𑄈𑄧𑄝𑄧𑄢𑄳𑄦𑄚𑄴 𑄥𑄪𑄚𑄨𑄚𑄬𑄠𑄴
আমি তো তাকে দেখে হতভম্ব,𑄟𑄪𑄠𑄴 𑄙𑄧 𑄖𑄢𑄳𑄦𑄬 𑄘𑄨𑄉𑄨𑄚𑄳𑄦𑄬𑄠𑄴 𑄃𑄬𑄇𑄴𑄈𑄬 𑄗𑄘𑄧𑄢𑄧
হতভম্ব করে আছো কেন?যাও দেখে এসো,"𑄃𑄠𑄳𑄦𑄬 𑄗𑄘𑄧𑄢𑄧 𑄉𑄧𑄢𑄳𑄦𑄨 𑄃𑄊𑄧𑄌𑄴? 𑄎 𑄚𑄳𑄦, 𑄌𑄊𑄮𑄠𑄴"
ভয়ে হতভম্ব হলাম আমি,𑄘𑄧𑄢𑄬 𑄗𑄘𑄧𑄢𑄧 𑄦𑄧𑄣𑄪𑄁 𑄟𑄪𑄠𑄴𑅁
খবরটা শুনে জায়গায় ফিট হয়ে পরলো সে,𑄈𑄧𑄝𑄧𑄢𑄚𑄴 𑄥𑄪𑄚𑄨𑄚𑄬𑄠𑄴 𑄎𑄉𑄖𑄴 𑄗𑄘𑄬 𑄛𑄧𑄣𑄴𑄣𑄳𑄦𑄧 𑄖𑄬
.গরুগুলো ফিট হয়ে মারা গেল,𑄉𑄧𑄢𑄪𑄃𑄳𑄦𑄪𑄚𑄴 𑄎𑄉𑄖𑄴 𑄗𑄘𑄬 𑄛𑄧𑄢𑄨 𑄛𑄧𑄢𑄨 𑄟𑄪𑄌𑄴𑄏𑄮𑄚𑄴𑅁
"তুমি থাকো,আমি যাই","𑄖𑄪𑄠𑄴 𑄗𑄇𑄴, 𑄟𑄪𑄠𑄴 𑄎𑄁"
"কোথায় থাকো তুমি?সাবধানে থেকো,থাকতে থাকতে মায়া লেগে যাবে","𑄇𑄪𑄙𑄪 𑄗𑄌𑄴 𑄖𑄪𑄠𑄴? 𑄉𑄧𑄟𑄬 𑄗𑄬𑄝𑄬𑄘𑄬 𑄃𑄭, 𑄃𑄳𑄦𑄧? 𑄗𑄘𑄬 𑄗𑄘𑄬 𑄃𑄟𑄬𑄚𑄳𑄦𑄬 𑄌𑄨𑄛𑄴 𑄞𑄪𑄎𑄨𑄝𑄮"
.হঠাৎ করে তার কি রাগ উঠে?,𑄃𑄳𑄦 𑄗𑄇𑄴𑄇𑄬 𑄗𑄇𑄴𑄇𑄬 𑄖𑄢𑄴 𑄇𑄨 𑄇𑄪𑄖𑄴𑄖𑄨𑄢𑄨 𑄃𑄪𑄙𑄬?
আমি ভোরবেলা জাগি,𑄟𑄪𑄠𑄴 𑄝𑄨𑄚𑄴𑄐𑄳𑄦𑄬 𑄛𑄰𑄱𑄖𑄴𑄗𑄬 𑄗𑄚𑄴 𑄛𑄳𑄦𑄁
সে আগে উঠে আমাকে জাগালো,𑄖𑄬 𑄃𑄇𑄴𑄇𑄬 𑄗𑄚𑄴 𑄛𑄬𑄚𑄳𑄦𑄬𑄠𑄴 𑄟𑄧𑄢𑄳𑄦𑄬 𑄎𑄉𑄬𑄣𑄧
হে মানব তোমরা কবে জেগে উঠবে?যেভাবে ঘুমাচ্ছো,"𑄃𑄮 𑄟𑄚𑄬𑄣𑄧𑄇𑄴, 𑄖𑄪𑄟𑄳𑄦𑄨 𑄇𑄧𑄟𑄧𑄣𑄬 𑄗𑄚𑄴 𑄛𑄬𑄞? 𑄎𑄬 𑄛𑄪𑄢𑄪𑄁 𑄛𑄪𑄢𑄪𑄁 𑄊𑄪𑄟𑄴 𑄎 𑄙𑄧𑄌𑄴𑄍𑄮𑅁"
"কখন টাকা চুরি করলো,খেয়াল করলাম  না","𑄇𑄧𑄇𑄴𑄈𑄬 𑄇𑄧𑄇𑄴𑄈𑄬 𑄖𑄬𑄋 𑄌𑄪𑄢𑄴 𑄉𑄧𑄣𑄴𑄣𑄳𑄦𑄧, 𑄚𑄳𑄦𑄧 𑄗𑄢𑄳𑄦𑄁"
.সে মানুষটাকে খেয়াল করেছো?আমি আগে থেকে খেয়াল করেছি যাবে সেটা,"𑄥𑄬 𑄟𑄚𑄳𑄦𑄪𑄌𑄴𑄌𑄮𑄢𑄬 𑄗𑄢𑄬𑄠𑄮𑄌𑄴 𑄚𑄨? 𑄟𑄪𑄠𑄴 𑄃𑄇𑄴𑄇𑄬 𑄙𑄧𑄢𑄨 𑄗𑄢𑄬𑄠𑄮𑄁, 𑄖𑄬 𑄎𑄬𑄝𑄧𑄉𑄮𑄮𑄠𑄴𑄘𑄬 𑄥𑄨𑄠𑄳𑄦𑄬𑄚𑄴"
সে আমাকে খেয়াল করে করে দেখে,𑄖𑄬 𑄇𑄳𑄦𑄧𑄚𑄴 𑄗𑄢𑄳𑄦𑄬 𑄗𑄢𑄳𑄦𑄬 𑄌𑄭𑄙𑄬 𑄝𑄮 𑄟𑄧𑄢𑄳𑄦𑄬𑅁
.থালা বাসন,𑄗𑄣𑄴 𑄇𑄧𑄘𑄧𑄢
সে সোনার থালায় ভাত খায়,𑄖𑄬 𑄥𑄧𑄚𑄢𑄴 𑄗𑄣𑄧𑄖𑄴 𑄞𑄖𑄴 𑄈𑄭𑄘𑄬
খেয়ে থালাগুলো ধুচ্ছে তারা,𑄈𑄬 𑄈𑄭 𑄗𑄣𑄪𑄚𑄴 𑄙𑄧𑄘𑄧𑄚𑄴𑄚𑄮𑄠𑄴 𑄖𑄢𑄳𑄦
একটা বড় থালায় খাওয়ার জন্য অনেক রকমের খাবার দেয় তারা,𑄃𑄨𑄇𑄴𑄊𑄮 𑄝𑄧𑄢𑄴 𑄗𑄣𑄧𑄖𑄴 𑄚𑄚𑄚𑄴 𑄝𑄝𑄮𑄖𑄴𑄖𑄬 𑄉𑄪𑄣𑄮𑄉𑄣 𑄘𑄳𑄦𑄮𑄚𑄴𑄘𑄨 𑄈𑄬𑄝𑄣𑄴𑄣𑄭𑅁
তার পাওয়া/করা,𑄗𑄳𑄦𑄢𑄴 𑄛𑄚𑄳𑄦/ 𑄉𑄧𑄢𑄚𑄳𑄦
সে যখন সেটা বলছিল আমি খেয়াল করছিলাম,"𑄖𑄬 𑄎𑄬𑄇𑄴𑄈𑄬 𑄥𑄨𑄠𑄳𑄦𑄬𑄚𑄴 𑄇𑄳𑄦𑄧𑄢𑄴, 𑄟𑄪𑄠𑄴 𑄗𑄳𑄦𑄢𑄴 𑄛𑄬𑄠𑄳𑄦𑄮𑄁"
কখন ভোর হয়ছে খেয়াল ছিলোনা,"𑄇𑄧𑄇𑄴𑄈𑄬 𑄛𑄳𑄦𑄧𑄢𑄴 𑄦𑄪𑄠𑄬, 𑄗𑄳𑄦𑄢𑄴 𑄉𑄧𑄢𑄳𑄦𑄨 𑄚𑄳𑄦𑄧 𑄛𑄢𑄧𑄁"
তার হাতটা কাপে সেটা কি খেয়াল করছো তুমি?,𑄖𑄪𑄠𑄴 𑄖 𑄦𑄖𑄴𑄖𑄚𑄴 𑄉𑄨𑄢𑄴𑄉𑄨𑄢𑄭𑄘𑄬 𑄥𑄨𑄠𑄳𑄦𑄬𑄚𑄴 𑄗𑄳𑄦𑄢𑄴 𑄉𑄧𑄌𑄴𑄍𑄮𑄌𑄴 𑄚𑄨?
থাক দাও,𑄗𑄧𑄇𑄴 𑄘𑄬𑄚
থাক চাওয়া,𑄗𑄧𑄇𑄴 𑄌𑄚𑄳𑄦
থাক পাওয়া,𑄗𑄧𑄇𑄴 𑄛𑄚𑄳𑄦
বাঝা  থাক,𑄝𑄏𑄧 𑄗𑄧𑄇𑄴
বাড়িটা এক দিকে ভেঙ্গে পরছে থাক না দিলে হবে না,"𑄊𑄧𑄢𑄚𑄴 𑄃𑄬𑄇𑄴𑄇𑄨𑄖𑄴𑄖𑄬𑄙𑄨 𑄞𑄋𑄨 𑄛𑄧𑄢𑄬𑄣𑄴𑄣𑄮𑄠𑄴, 𑄗𑄧𑄇𑄴 𑄚𑄧 𑄘𑄨𑄣𑄳𑄦𑄬 𑄚𑄧 𑄦𑄧𑄝𑄧"
সেই কয়েক হাজার টাকা আমাদের জন্য অনেক উপকার হয়েছে,𑄥𑄬 𑄇𑄧𑄠𑄬𑄇𑄴 𑄦𑄎𑄢𑄴 𑄖𑄬𑄋 𑄃𑄟𑄳𑄦𑄣𑄴𑄣𑄭 𑄇𑄧𑄟𑄴𑄞 𑄗𑄧𑄇𑄴 𑄦𑄪𑄠𑄮𑄚𑄴𑅁
ভালোভাবে এসো নাহলে ডুবে যাবে,"𑄗𑄧𑄇𑄴 𑄌𑄳𑄦𑄬 𑄌𑄳𑄦𑄬 𑄃𑄭, 𑄚𑄧 𑄦𑄧𑄣𑄬 𑄘𑄪𑄝𑄨𑄝𑄬𑄉𑄮𑄠𑄴 𑄌𑄳𑄦𑄬"
পানি পর্যন্ত মুখে দে থাক চাইলে ও থাক পাবি না,𑄛𑄚𑄳𑄦𑄨 𑄥𑄧𑄁𑄟𑄰𑄱𑄖𑄴𑄙𑄬 𑄗𑄧𑄇𑄴 𑄌𑄬𑄣𑄳𑄦𑄬𑄠𑄮 𑄗𑄧𑄇𑄴 𑄚𑄧 𑄛𑄬𑄞𑄬
কাজে যাওয়ার আগে ভালো করে যাচাই করতে হয় ,"𑄃𑄣𑄰𑄱𑄖𑄴𑄖𑄬 𑄗𑄧𑄇𑄴 𑄌𑄳𑄦 𑄛𑄧𑄢𑄬 𑄙𑄧, 𑄖𑄳𑄦𑄬 𑄚 𑄇𑄟𑄧𑄖𑄴 𑄣𑄟𑄚𑅁"
"লম্বা গাছ দিয়েও  নিচ পর্যন্ত যায় না,এতবড় খুম এটা ","𑄣𑄟𑄴𑄝 𑄝𑄌𑄴𑄌𑄮𑄠𑄴 𑄗𑄧𑄇𑄴 𑄚𑄧 𑄛𑄳𑄦𑄠𑄴, 𑄥𑄬𑄟𑄴𑄞 𑄟𑄮𑄢𑄳𑄦𑄮𑄁 𑄃𑄨𑄠𑄳𑄦𑄚𑄴𑅁"
সে খুঁজাখুঁজি ভালো না,𑄥𑄬 𑄗𑄧𑄉𑄗𑄧𑄉𑄨 𑄉𑄧𑄟𑄴 𑄚𑄳𑄦𑄧𑄠𑄴𑅁
. ১.ধোকা খাওয়া,𑄷. 𑄗𑄧𑄉 𑄈𑄚
আমাকে অনেক বেশি ধোকা দিয়েছে,𑄇𑄧𑄟𑄴𑄞 𑄉𑄧𑄢𑄳𑄦𑄨 𑄗𑄧𑄉𑄬𑄣𑄧 𑄟𑄧𑄢𑄳𑄦𑄬
আমি অনেক বেশি ধোকা খেয়েছি,𑄇𑄧𑄟𑄴𑄞 𑄗𑄧𑄉 𑄈𑄬𑄣𑄪𑄁 𑄟𑄪𑄠𑄴
তুমি সেটা করলে ঠকে যাবে কোনো লাভ হবে না,"𑄥𑄨𑄠𑄳𑄦𑄬𑄚𑄴 𑄉𑄧𑄣𑄴𑄣𑄳𑄦𑄬 𑄗𑄧𑄉𑄨𑄝𑄬 𑄖𑄪𑄠𑄴, 𑄇𑄧𑄚𑄳𑄦𑄧 𑄣𑄛𑄴 𑄦𑄧𑄘𑄧 𑄚𑄳𑄦𑄧𑄠𑄴"
১. মানুষদের ঠকিয়ে ঠকিয়ে কতোদিন খাবে? দোকানদারি আমাকে ঠকিয়েছে মনে হয়,𑄸. 𑄟𑄚𑄳𑄦𑄪𑄌𑄴 𑄗𑄧𑄉𑄬 𑄗𑄧𑄉𑄬 𑄇𑄧𑄠𑄴𑄙𑄨𑄚𑄴 𑄈𑄬𑄝𑄬? 𑄘𑄮𑄉𑄚𑄴𑄘𑄌𑄴𑄎𑄬 𑄟𑄧𑄢𑄳𑄦𑄬 𑄗𑄧𑄉𑄬𑄠𑄬𑄙𑄬 𑄛𑄢𑄳𑄦𑄛𑄁𑅁
সে বাতিটা বন্ধ করল,𑄗𑄧𑄌𑄴 𑄉𑄧𑄢𑄳𑄦𑄨 𑄣𑄭𑄖𑄴𑄗𑄮 𑄟𑄢𑄬𑄣𑄧 𑄖𑄬
সে সুইচটা বেশি টিপাটিপি করিস না,𑄥𑄬 𑄥𑄭𑄪𑄌𑄴𑄌𑄮 𑄝𑄬𑄌𑄴 𑄗𑄧𑄌𑄴 𑄗𑄌𑄴 𑄚𑄧 𑄉𑄧𑄢𑄳𑄦𑄨𑄌𑄴𑅁
সে দরজায় বারি খেল,𑄗𑄧𑄖𑄴𑄖𑄧𑄢𑄧𑄇𑄴 𑄉𑄧𑄢𑄳𑄦𑄨 𑄙𑄪𑄌𑄴 𑄈𑄬𑄣𑄧 𑄘𑄮𑄢𑄚𑄳𑄦𑄧𑄖𑄴
"ঢাকনাটা কি শব্দ করলো, বিড়ালটা নাকি?","𑄥𑄧𑄢𑄧𑄝𑄳𑄦𑄮 𑄇𑄨 𑄗𑄧𑄖𑄴𑄖𑄧𑄢𑄧𑄇𑄴 𑄉𑄧𑄣𑄴𑄣𑄳𑄦𑄧, 𑄝𑄬𑄣𑄬𑄠𑄴𑄞𑄮 𑄚𑄇𑄨?"
কাঁপানো,𑄗𑄧𑄖𑄴𑄗𑄧𑄌𑄴𑄌𑄬
আমার শরীরটা কাঁপতেছে,𑄇𑄨𑄠𑄬 𑄗𑄧𑄖𑄴𑄗𑄧𑄢𑄢𑄴 𑄟𑄧𑄢𑄴
সকাল থেকে শরীরটা কাঁপতেছে,𑄝𑄨𑄚𑄴𑄐𑄳𑄦𑄬𑄖𑄴𑄖𑄪𑄚𑄴 𑄙𑄧𑄢𑄨 𑄇𑄨𑄠𑄬 𑄗𑄧𑄖𑄴𑄗𑄧𑄌𑄴𑄌𑄬 𑄛𑄋𑄳𑄦𑄧𑄢𑄴
ভয়ে এখনো আমার শরীরটা কাঁপতেছে,𑄘𑄧𑄢𑄬 𑄟𑄧 𑄇𑄨𑄠𑄬𑄃𑄳𑄦𑄚𑄴 𑄃𑄬𑄞𑄧 𑄗𑄧𑄖𑄴𑄗𑄧𑄢𑄣𑄴𑄣𑄮𑄠𑄴
সেই কথা গুলো মনে পড়লে এখনো শরীর কেঁপে উঠে,𑄥𑄬 𑄇𑄧𑄙𑄚𑄨 𑄦𑄨𑄘𑄮𑄖𑄴 𑄃𑄪𑄘𑄨𑄣𑄳𑄦𑄬 𑄃𑄬𑄞𑄧 𑄇𑄨𑄠𑄬 𑄗𑄧𑄖𑄴𑄗𑄧𑄢𑄬 𑄃𑄪𑄙𑄬
সেই কথা গুলো মনে পড়লে এখনো শরীর কেঁপে উঠে,𑄎𑄢𑄬 𑄗𑄧𑄖𑄴𑄗𑄧𑄢𑄢𑄴 𑄖𑄬
অল্প অল্প করে কাঁপতে কাঁপতে বাড়িতে পোঁছে গেলাম,𑄝𑄧𑄣𑄬 𑄝𑄧𑄣𑄬 𑄗𑄧𑄖𑄴𑄗𑄧𑄢𑄘𑄬 𑄗𑄧𑄖𑄴𑄗𑄧𑄢𑄘𑄬 𑄣𑄳𑄦𑄪𑄁𑄋𑄮𑄁𑄉𑄨𑄘𑄬 𑄊𑄧𑄢𑄧𑄖𑄴𑅁
.সে কথা বলতে বলতে ঠোঁটলায়,𑄇𑄧𑄙 𑄇𑄧𑄙𑄬 𑄇𑄧𑄙𑄬 𑄗𑄧𑄘𑄳𑄦𑄠𑄴 𑄖𑄬𑅁
সে হতবাক হয়েছে,𑄎𑄧𑄉𑄢𑄧𑄖𑄴 𑄗𑄧𑄘𑄧𑄝𑄧𑄘𑄧 𑄦𑄧𑄣𑄧 𑄖𑄬
আমি হতবাক হলাম,𑄎𑄉𑄖𑄴 𑄗𑄧𑄘𑄧𑄝𑄧𑄘𑄧 𑄦𑄪𑄣𑄪𑄁 𑄟𑄪𑄠𑄴
.সে হতবাক হওয়ার মানুষ না,𑄥𑄨𑄝𑄳𑄦𑄬 𑄗𑄧𑄘𑄧𑄝𑄧𑄘𑄧 𑄦𑄧𑄝𑄢𑄴 𑄟𑄚𑄳𑄦𑄪𑄌𑄴 𑄚𑄳𑄦𑄧𑄠𑄴𑅁
গামছাটা কোথায় রাখলে?  সে বইগুলো টেবিলে রেখে দিস,𑄇𑄪𑄙𑄪 𑄗𑄧𑄣𑄬 𑄉𑄚𑄴𑄏𑄇𑄚𑄨𑄃𑄳𑄦𑄚𑄴? 𑄃𑄬 𑄝𑄳𑄦𑄮𑄠𑄪𑄚𑄴 𑄖𑄬𑄝𑄨𑄣𑄳𑄦𑄮𑄖𑄴 𑄗𑄮𑄌𑄴𑄌𑄮𑄠𑄴
সে শুটকি গুলো বক্সে রাখল,𑄖𑄬 𑄌𑄪𑄉𑄪𑄚𑄳𑄦𑄨𑄃𑄪𑄚𑄴 𑄘𑄪𑄣𑄮𑄞𑄮𑄖𑄴 𑄗𑄧𑄣𑄧
ফেলে দেয়া বোতল গুলো একটা জায়গায় রাখতে রাখতে অনেক গুলো হয়েছে,𑄜𑄬𑄣 𑄎𑄨𑄠𑄬 𑄝𑄧𑄙𑄧𑄣𑄪𑄚𑄴 𑄃𑄬𑄇𑄴𑄈𑄚𑄴 𑄎𑄉𑄖𑄴 𑄗𑄧𑄘𑄬 𑄗𑄧𑄘𑄬 𑄃𑄬𑄇𑄴𑄇𑄪𑄢𑄴 𑄦𑄧𑄣𑄇𑄴
এখানে আর রাখার জায়গা নেই,𑄃𑄨𑄙𑄪 𑄎𑄚𑄬 𑄗𑄧𑄝𑄢𑄴 𑄎𑄉 𑄚𑄬𑄠𑄴 𑄃𑄳𑄦𑄢𑄴𑅁
তনদরং করে উঠল কুড়ালটা,𑄗𑄧𑄚𑄴𑄘𑄧𑄢𑄧𑄁 𑄉𑄧𑄢𑄳𑄦𑄨 𑄃𑄪𑄘𑄨𑄣𑄳𑄦𑄮 𑄈𑄧𑄚𑄴𑄘𑄃𑄚𑄴
সেখানে কিসের শব্দ হলো,𑄥𑄨𑄠𑄳𑄦𑄬𑄚𑄴 𑄇𑄨 𑄗𑄧𑄚𑄴𑄘𑄧𑄢𑄧𑄁 𑄉𑄧𑄣𑄴𑄣𑄳𑄦𑄧 𑄥𑄨𑄠𑄳𑄦𑄮𑄖𑄴?
সে এখনো শক্তমক্ত করে হাতে,𑄖𑄬 𑄃𑄬𑄞𑄧 𑄗𑄧𑄚𑄧𑄁 𑄗𑄧𑄚𑄧𑄁 𑄦𑄘𑄬𑅁
তবা তবা,𑄗𑄧𑄝 𑄗𑄧𑄝
ভয়ে চুপ করে আছে সে,𑄘𑄧𑄢𑄬 𑄗𑄧𑄝 𑄉𑄧𑄢𑄳𑄦𑄨 𑄃𑄊𑄬 𑄖𑄬
খাম্বা ফুতে রাখা,𑄗𑄧𑄟𑄴 𑄉𑄢𑄚
কারেন্টের খাম্বা,𑄇𑄢𑄬𑄚𑄴𑄗𑄧 𑄗𑄧𑄟𑄴
"কারেন্টের খাম্বায় উঠলে ভালো করে উঠতে হয়,না হলে অনেক কঠিন ","𑄇𑄢𑄬𑄚𑄴𑄗𑄧 𑄗𑄧𑄟𑄧𑄖𑄴 𑄃𑄪𑄘𑄮𑄙𑄬 𑄘𑄮𑄣𑄬 𑄃𑄪𑄙 𑄛𑄧𑄢𑄬, 𑄚𑄧𑄦𑄧𑄣𑄬 𑄃𑄉𑄭𑄖𑄴𑄗𑄬 𑄃𑄊𑄬𑅁"
১.সহ্য করে থাকা,𑄷. 𑄗𑄧𑄢𑄨 𑄗𑄚
সহ্য করতে পারা,𑄗𑄧𑄢𑄨 𑄛𑄢𑄚
"কিছুক্ষণ সহ্য করে থাক,একটু পর কাজটা হয়ে হয়ে যাবে ","𑄈𑄇𑄴𑄇𑄧𑄚𑄴 𑄗𑄧𑄢𑄳𑄦𑄨 𑄗𑄇𑄴, 𑄃𑄨𑄇𑄴𑄈𑄬 𑄦𑄧𑄝𑄧 𑄇𑄟𑄳𑄦𑄚𑄴"
পায়খানা আসতেছে সহ্য করতে পারছি না,"𑄦𑄉 𑄃𑄬𑄎𑄬𑄖𑄴𑄗𑄬, 𑄗𑄧𑄢𑄳𑄦𑄨 𑄚𑄧 𑄛𑄢𑄧𑄋𑄳𑄦𑄧𑄢𑄴"
.ব্যাথা  করলে সহ্য করা যায় না,𑄛𑄨𑄢𑄬 𑄜𑄪𑄘𑄨𑄣𑄬 𑄗𑄧𑄢𑄳𑄦𑄨 𑄗𑄬 𑄛𑄢𑄬 𑄚𑄳𑄦𑄬
নৌকায় তিনজন পারা যাবে? এত বড় মানুষ উঠলে নৌকা ঢুবে যাবে,𑄚𑄧𑄃𑄚𑄳𑄦𑄧𑄖𑄴 𑄖𑄨𑄚𑄴𑄎𑄧𑄚𑄴 𑄗𑄧𑄢𑄬𑄝𑄧 𑄚𑄨? 𑄃𑄳𑄦𑄬𑄟𑄴𑄝 𑄟𑄚𑄳𑄦𑄪𑄌𑄴 𑄃𑄪𑄘𑄨𑄣𑄳𑄦𑄬 𑄥𑄬 𑄚𑄧 𑄚𑄧𑄠𑄳𑄦𑄮 𑄗𑄧𑄢𑄬𑄝𑄧𑅁
তুমি কোথায় যাচ্ছ,"𑄗𑄧𑄢𑄴, 𑄇𑄪𑄙𑄪 𑄎𑄧𑄖𑄴𑄗𑄬 𑄖𑄪𑄠𑄴?"
১. সমতল জায়গা,𑄷. 𑄗𑄧𑄣𑄴 𑄎𑄉
সে চূড়াটা কেটে সব জায়গা সমতল হল,𑄥𑄬 𑄞𑄨𑄘𑄬𑄝𑄮 𑄇𑄝𑄨𑄚𑄬𑄠𑄴 𑄗𑄧𑄣𑄴 𑄦𑄧𑄣𑄧 𑄉𑄧𑄘 𑄝𑄬𑄇𑄴 𑄎𑄉𑄃𑄳𑄦𑄚𑄴
পাহাড়ের মধ্যে সুন্দর একটা  সমতল জায়গা,𑄟𑄪𑄢𑄳𑄦𑄮 𑄟𑄪𑄢𑄳𑄦𑄨 𑄥𑄬𑄢𑄬 𑄘𑄮𑄣𑄴 𑄃𑄬𑄇𑄴𑄊𑄚𑄴 𑄗𑄧𑄣𑄴 𑄎𑄉
পিঠ চাপড়িয়ে সমতল করে দিব,𑄌𑄝𑄧𑄢𑄧𑄖𑄴 𑄛𑄨𑄖𑄴𑄗𑄚𑄴 𑄗𑄧𑄣𑄴 𑄉𑄧𑄢𑄳𑄦𑄨 𑄘𑄨𑄟𑄴 𑄥𑄬
ঠিক হওয়া,𑄗𑄨𑄇𑄴 𑄦𑄧𑄚
.ঠিকঠাক করা,𑄗𑄨𑄇𑄴 𑄗𑄇𑄴 𑄉𑄧𑄢𑄚𑄳𑄦
.আবার ঠিক হয়েছে,"𑄗𑄨𑄇𑄴 𑄦𑄪𑄠𑄬, 𑄃𑄳𑄦𑄧?"
". দিনমজুরের কাজ না, নির্দিষ্ট কাজ ","𑄷. 𑄗𑄨𑄉𑄬 𑄇𑄟𑄴, 𑄘𑄬𑄣𑄳𑄦𑄨 𑄇𑄟𑄴 𑄚𑄳𑄦𑄧𑄠𑄴"
.২.সারা রাত গান বাজছে,𑄸. 𑄢𑄬𑄖𑄴 𑄗𑄨𑄉𑄬 𑄉𑄚𑄴 𑄌𑄧𑄣𑄬𑄖𑄴𑄖𑄬
ওরা সারাদিন সমাবেশ করলো,𑄘𑄨𑄚𑄴𑄗𑄨𑄉𑄬 𑄟𑄨𑄥𑄨𑄣𑄴 𑄉𑄧𑄣𑄴𑄣𑄳𑄦𑄇𑄴 𑄖𑄢𑄳𑄦
তারা সারা বছর কষ্ট করতেছে,𑄝𑄧𑄏𑄧𑄢𑄴 𑄗𑄨𑄉𑄬 𑄘𑄪𑄇𑄴 𑄉𑄧𑄖𑄴𑄖𑄧𑄚𑄴𑄚𑄳𑄦𑄬 𑄖𑄢𑄳𑄦
ঝাঁক ঝাঁক মানুষ,𑄏𑄇𑄴 𑄗𑄨𑄉𑄬 𑄟𑄚𑄳𑄦𑄪𑄌𑄴
সেনাবাহিনীরা গ্রামের মানুষদের ধরে নিয়ে আসল আসল,𑄃𑄘𑄟𑄴 𑄗𑄨𑄉𑄬 𑄙𑄧𑄢𑄨 𑄃𑄚𑄨𑄣𑄇𑄴𑄇𑄮𑄠𑄴𑄙𑄬 𑄃𑄢𑄴𑄟𑄳𑄦𑄨𑄃𑄪𑄚𑄴𑅁
".এই জীবনে কোনো শান্তি নেই, কিছুক্ষণ পর পর কি হয়ে যায় ","𑄃𑄬 𑄎𑄨𑄁𑄇𑄚𑄨𑄖𑄴 𑄇𑄧𑄚𑄳𑄦𑄧 𑄗𑄨𑄘𑄨 𑄚𑄬𑄠𑄴, 𑄇𑄧𑄇𑄴𑄈𑄬 𑄇𑄨 𑄦𑄧𑄠𑄴"
"পানি টার কোনো ঠিক নাই, কিছুক্ষণ পর পর কমে আর বাড়ে","𑄛𑄚𑄳𑄦𑄨𑄃𑄚𑄴 𑄗𑄨𑄘𑄨 𑄚𑄬𑄠𑄴, 𑄈𑄇𑄴𑄇𑄬 𑄝𑄢𑄳𑄦𑄬, 𑄈𑄇𑄴𑄇𑄬 𑄇𑄧𑄟𑄬"
"তার কোনো জায়গা ঠিক নেই, শুধু এখানে ওখানে ঘুরে বেড়ায় ","𑄖𑄢𑄴 𑄇𑄧𑄚𑄳𑄦𑄧 𑄃𑄬𑄇𑄴 𑄎𑄉𑄖𑄴 𑄗𑄨𑄘𑄨 𑄚𑄬𑄠𑄴, 𑄈𑄇𑄴𑄇𑄬 𑄃𑄨𑄠𑄳𑄦𑄮𑄖𑄴, 𑄈𑄇𑄴𑄇𑄬 𑄃𑄳𑄦𑄪𑄝𑄮𑄖𑄴, 𑄝𑄚 𑄝𑄬𑄢𑄭𑄘𑄬𑅁"
বাচ্চাটা ঠিকমতো হাটতে পারে না,𑄉𑄪𑄢𑄮𑄞𑄮 𑄗𑄨𑄘𑄨𑄢𑄴 𑄗𑄘𑄢𑄴 𑄉𑄧𑄢𑄳𑄦𑄨 𑄦𑄘𑄨 𑄛𑄢𑄬
স্থির হওয়া,𑄗𑄨𑄘𑄮 𑄦𑄧𑄚
এখন কোনো একটা জায়গায় স্থির হতে হবে,𑄇𑄧𑄚𑄳𑄦𑄧 𑄃𑄬𑄇𑄴𑄊𑄚𑄴 𑄎𑄉𑄖𑄴 𑄗𑄨𑄘𑄮 𑄦𑄮 𑄛𑄧𑄢𑄨𑄝𑄮 𑄃𑄬𑄛𑄧𑄣𑄴𑄣𑄖𑄴
একটা জায়গায় ভালো করে  স্থির করে থাকতে পারলে তারপর উপরে উঠতে পারে,𑄃𑄬𑄇𑄴𑄊𑄚𑄴 𑄎𑄉𑄖𑄴 𑄉𑄧𑄟𑄬 𑄗𑄨𑄘𑄮 𑄉𑄧𑄢𑄳𑄦𑄨 𑄗𑄬 𑄛𑄣𑄴𑄣𑄬 𑄖𑄳𑄦𑄬 𑄖𑄬 𑄃𑄪𑄎𑄬 𑄛𑄢𑄬𑄘𑄬
এখন তারা স্থির হতে পেরেছে,𑄃𑄬𑄞𑄧 𑄖𑄳𑄦𑄬 𑄖𑄢𑄳𑄦 𑄗𑄨𑄘𑄮 𑄦𑄮 𑄛𑄣𑄴𑄣𑄇𑄴𑄇𑄬
বনভান্তে ঘুরতে ঘুরতে রাঙামাটিতে এসে স্থির হয়েছে,𑄝𑄧𑄚𑄧𑄞𑄚𑄴𑄖𑄬 𑄊𑄪𑄖𑄴𑄖𑄬 𑄊𑄪𑄖𑄴𑄖𑄬 𑄢𑄋𑄟𑄭𑄖𑄴𑄖𑄬𑄖𑄴 𑄃𑄬𑄚𑄳𑄦𑄬𑄠𑄴 𑄗𑄨𑄘𑄮 𑄦𑄧𑄣𑄧𑄉𑄨𑅁
এখন তারা একটু স্থির হয়েছে,𑄃𑄬𑄞𑄧 𑄖𑄳𑄦𑄬 𑄃𑄬𑄇𑄴𑄇 𑄗𑄨𑄘𑄮𑄛𑄴𑄝𑄧𑄢𑄴 𑄦𑄧𑄣𑄇𑄴𑄇𑄬 𑄖𑄢𑄳𑄦
তারা এসে জায়গা জমি নিয়ে ভরপুর,𑄖𑄢𑄳𑄦 𑄃𑄳𑄦𑄬𑄚𑄬 𑄎𑄉 𑄎𑄧𑄝𑄨𑄚𑄬 𑄗𑄨𑄘𑄮𑄛𑄴𑄝𑄧𑄢𑄴𑅁
লাফিয়ে লাফিয়ে,𑄗𑄨𑄝𑄪𑄢𑄪𑄇𑄴 𑄗𑄨𑄝𑄪𑄢𑄪𑄇𑄴
লাফিয়ে উঠল সে,𑄗𑄨𑄝𑄪𑄢𑄪𑄇𑄴 𑄉𑄧𑄢𑄳𑄦𑄨 𑄜𑄭𑄣𑄴𑄣𑄬 𑄃𑄪𑄘𑄨𑄣𑄳𑄦𑄮 𑄖𑄬
লাফিয়ে উঠে উপড়ে উঠল সে,𑄗𑄨𑄝𑄪𑄢𑄪𑄇𑄴 𑄌𑄧𑄖𑄴𑄖𑄬 𑄃𑄪𑄉𑄪𑄢𑄳𑄦𑄨 𑄃𑄪𑄘𑄨𑄣𑄳𑄦𑄮 𑄖𑄬
বাচ্চাটা লাফিয়ে লাফিয়ে নাচতেছে,𑄉𑄪𑄢𑄮𑄞𑄮 𑄗𑄨𑄝𑄪𑄢𑄪𑄇𑄴 𑄗𑄨𑄝𑄪𑄢𑄪𑄇𑄴 𑄚𑄎𑄬𑄢𑄴
আমার চোখের পলক একটু একটু  লাফাচ্ছে,𑄟𑄧 𑄌𑄮𑄊𑄮 𑄛𑄘𑄃𑄳𑄦𑄚𑄴 𑄗𑄨𑄝𑄪𑄢𑄪𑄇𑄴 𑄗𑄨𑄝𑄪𑄢𑄪𑄇𑄴 𑄉𑄧𑄢𑄳𑄦𑄨 𑄚𑄎 𑄙𑄮𑄌𑄴𑄌𑄳𑄦𑄬𑅁
"মাছরাঙার ঠোঁটটি লম্বা করে,গাঢ় লাল","𑄟𑄳𑄦𑄢𑄋 𑄗𑄪𑄖𑄴𑄖𑄮 𑄣𑄟𑄴𑄝 𑄉𑄧𑄢𑄳𑄦𑄨, 𑄢𑄋 𑄌𑄨𑄇𑄴 𑄌𑄨𑄇𑄴"
"ঠোঁটটা সরু করে আছো কেন?বাহ্ মনের মতো হচ্ছে না?পাহাড়গুলো ঠোঁট দিয়ে ধাক্কাধাক্কি করতেছে
,তাই মাঝেমাঝে তাদের ঠোঁটগুলো কেটে দিতে হয়","𑄃𑄠𑄳𑄦𑄬 𑄗𑄪𑄖𑄴𑄖𑄮 𑄌𑄪𑄌𑄴𑄌𑄬𑄁 𑄉𑄧𑄢𑄳𑄦𑄨 𑄃𑄊𑄧𑄌𑄴? 𑄞𑄇𑄴 𑄟𑄧𑄚𑄧𑄖𑄴 𑄚𑄧 𑄛𑄧𑄢𑄬𑄖𑄴𑄖𑄬 𑄚𑄳𑄦𑄇𑄨? 𑄇𑄪𑄢𑄳𑄦𑄮𑄃𑄪𑄚𑄬 
𑄗𑄪𑄖𑄴𑄖𑄮𑄠𑄴 𑄈𑄪𑄘𑄮𑄈𑄪𑄘𑄨 𑄉𑄧𑄢𑄳𑄦𑄧𑄚𑄴, 𑄥𑄬𑄚𑄬𑄖𑄴𑄖𑄬𑄠𑄴 𑄖𑄢𑄳𑄦 𑄗𑄪𑄖𑄴𑄖𑄪𑄚𑄴 𑄥𑄬𑄢𑄬 𑄥𑄬𑄢𑄬 𑄇𑄝𑄨 𑄘𑄳𑄠𑄬 𑄛𑄧𑄢𑄬𑅁"
.ঠুততুরি কিছু বললো না,"𑄗𑄪𑄖𑄴𑄖𑄪𑄢𑄨, 𑄇𑄨𑄌𑄴𑄍𑄪 𑄚𑄧 𑄦𑄧𑄣𑄧𑅁"
লেজ কাটা বানর,𑄣𑄬𑄌𑄴 𑄗𑄪𑄘𑄮 𑄝𑄚𑄴𑄘𑄧𑄢𑄴
কুকুরটার লেজের মাথা কাটা,𑄇𑄪𑄉𑄪𑄢𑄴𑄞𑄮 𑄣𑄬𑄌𑄴𑄍𑄚𑄴 𑄗𑄪𑄘𑄮
তার হাত-পাগুলো বোটা বোটা,𑄖 𑄦𑄖𑄴 𑄗𑄬𑄋𑄚𑄨 𑄗𑄪𑄘𑄮 𑄗𑄪𑄘𑄮
বাচ্চাটার আঙুলগুলো বোটা বোটা পাচ্ছি,𑄉𑄪𑄢𑄮𑄞𑄮 𑄃𑄋𑄪𑄣𑄳𑄦𑄪𑄚𑄴 𑄗𑄪𑄘𑄮 𑄗𑄪𑄘𑄮 𑄛𑄋𑄳𑄦𑄧𑄖𑄴𑄖𑄬𑅁
এই গাছটি খাম্বা হবে,𑄃𑄬 𑄉𑄌𑄴𑄍𑄮 𑄗𑄪𑄚𑄨 𑄎𑄪𑄃𑄬𑄝𑄧
.বাড়ির খাম্বা সবগুলো পোকায় ধরছে,𑄊𑄧𑄢𑄧 𑄗𑄪𑄚𑄨𑄃𑄪𑄚𑄴 𑄝𑄬𑄇𑄴𑄈𑄪𑄚𑄴 𑄃𑄪𑄠𑄳𑄦𑄬 𑄙𑄧𑄌𑄴𑄌𑄮𑄚𑄴𑅁
এক থোকা আম,𑄃𑄬𑄇𑄴 𑄗𑄪𑄛𑄴 𑄃𑄟𑄴
থোকা থোকা আম,𑄗𑄪𑄛𑄴 𑄗𑄪𑄛𑄴 𑄃𑄟𑄴
এক থোকা ফুল,𑄃𑄬𑄇𑄴 𑄗𑄪𑄛𑄴 𑄜𑄪𑄣𑄴
থোকা থোকা আমের ফুল ধরছে,𑄗𑄪𑄛𑄴 𑄗𑄪𑄛𑄴 𑄃𑄟𑄧 𑄝𑄮𑄣𑄴 𑄛𑄧𑄌𑄴𑄎𑄮𑄚𑄴𑄙𑄬
এক লিচু থোকায় অনেকগুলো থাকে,𑄣𑄨𑄎𑄪 𑄃𑄬𑄇𑄴 𑄗𑄪𑄝𑄮𑄖𑄴 𑄞𑄣𑄪𑄇𑄴𑄇𑄮 𑄙𑄧𑄢𑄧𑄚𑄴𑅁
থুপি দেওয়া/খাওয়া/মারা,𑄗𑄪𑄛𑄴𑄛𑄨 𑄘𑄬𑄚/ 𑄈𑄚/ 𑄟𑄢𑄚
ছোটবেলা থেকে সে কারো কাছ থেকে এক থুপিও খায়নি,𑄌𑄨𑄉𑄮𑄚𑄧𑄖𑄴𑄗𑄪𑄚𑄴 𑄙𑄧𑄢𑄨 𑄃𑄬𑄇𑄴 𑄗𑄪𑄛𑄴𑄛𑄨 𑄈𑄬 𑄚𑄳𑄦𑄧 𑄛𑄭 𑄖𑄬 𑄇𑄢𑄳𑄦𑄧𑄖𑄴𑄖𑄪𑄚𑄴
আমার কানে কে থুপি দিচ্ছে?,𑄟𑄧𑄢𑄳𑄦𑄬 𑄇𑄧𑄚𑄴𑄚𑄳𑄦 𑄇𑄚𑄚𑄳𑄦𑄧𑄖𑄴 𑄗𑄪𑄛𑄴𑄛𑄨 𑄘𑄳𑄠𑄳𑄦𑄬? 𑄃𑄠𑄳𑄦𑄬 𑄗𑄪𑄛𑄴𑄛𑄨 𑄟𑄢𑄬𑄘𑄬 𑄖𑄬?
কি কি লাগবে সব জিনিসপত্র গুছিয়ে রেখো,"𑄇𑄨 𑄇𑄨 𑄣𑄉𑄨𑄝𑄮, 𑄝𑄬𑄇𑄴 𑄛𑄧𑄏𑄃𑄚𑄨 𑄗𑄪𑄝𑄬𑄠𑄮𑄁"
"আমরা চাল,তেল সব গুছিয়ে নিয়েছি,এখন শুধু রওনা দিলে হবে","𑄃𑄟𑄳𑄦𑄨 𑄌𑄮𑄣𑄴, 𑄖𑄬𑄣𑄴 𑄝𑄬𑄇𑄴𑄇𑄚𑄳𑄦𑄨 𑄗𑄪𑄝𑄬𑄣𑄧𑄁, 𑄃𑄨𑄇𑄴𑄈𑄪 𑄝𑄚 𑄣𑄧𑄖𑄴 𑄘𑄨𑄣𑄳𑄦𑄬 𑄦𑄧𑄝𑄧"
"জিনিসপত্র সব গুছাবো আমি,তোমরা চিন্তা করিও না","𑄎𑄭𑄎𑄪𑄇𑄴𑄇𑄮𑄣𑄚𑄳𑄦𑄨 𑄛𑄪𑄘𑄨 𑄛𑄪𑄘𑄨 𑄗𑄪𑄝𑄬𑄟𑄴 𑄟𑄪𑄠𑄴, 𑄖𑄪𑄟𑄳𑄦𑄨 𑄌𑄨𑄘𑄬 𑄚𑄳𑄦𑄧 𑄉𑄧𑄌𑄴𑄍𑄮"
"আগে থেকে কাঠ গুছাইতে হবে,বর্ষাকাল আসলে কাঠের অভাব হবে না","𑄃𑄇𑄴𑄇𑄬 𑄙𑄧𑄢𑄨 𑄘𑄢𑄴𑄞𑄮 𑄗𑄪𑄝𑄬 𑄗𑄮 𑄛𑄧𑄢𑄨𑄝𑄮, 𑄝𑄢𑄨𑄏𑄬 𑄃𑄬𑄣𑄳𑄦𑄬 𑄥𑄬𑄇𑄴𑄈𑄬 𑄘𑄢𑄴𑄞𑄮 𑄢𑄖𑄴 𑄚𑄧 𑄗𑄬𑄝𑄧"
".অচেতন না,সবগুলো গুছিয়ে তারপর কাজে যাওয়া","𑄃𑄝𑄘𑄌𑄴𑄍𑄬 𑄚𑄳𑄦𑄧𑄠𑄴, 𑄝𑄬𑄇𑄴𑄇𑄚𑄳𑄦𑄨 𑄗𑄪𑄝𑄬𑄗𑄝𑄭 𑄖𑄳𑄦𑄬 𑄇𑄟𑄧𑄖𑄴 𑄙𑄧𑄢𑄚𑅁"
সব জায়গায় আর্মিরা জড়ো হয়েছে,𑄝𑄬𑄇𑄴𑄈𑄚𑄴 𑄃𑄢𑄴𑄟𑄳𑄦𑄨 𑄗𑄪𑄝𑄮 𑄗𑄪𑄝𑄮 𑄦𑄪𑄠𑄮𑄚𑄴
মানুষগুলো জড়ো হয়েছে কিনা জানিনা,𑄟𑄚𑄳𑄦𑄪𑄌𑄴𑄌𑄪𑄚𑄴 𑄇𑄨 𑄗𑄪𑄝𑄮 𑄗𑄪𑄝𑄮 𑄦𑄧𑄣𑄇𑄴 𑄇𑄨𑄎𑄬𑄚𑄨𑅁
কাজটা শেষ হলো,𑄇𑄟𑄳𑄦𑄚𑄴 𑄗𑄪𑄟𑄴 𑄦𑄧𑄣𑄧
"শেষ,তুমি ঘুমাই যাও","𑄗𑄪𑄟𑄴, 𑄖𑄪𑄠𑄴 𑄎 𑄊𑄪𑄟𑄴"
আমাদের বাড়িটা একদম ঝর্ণার মাথায়,𑄃𑄟𑄳𑄦 𑄊𑄧𑄢𑄚𑄴 𑄃𑄬𑄇𑄴𑄈𑄬 𑄥𑄧𑄢 𑄗𑄪𑄟𑄮𑄖𑄴
এই কাজটা শেষ হলে শরীর একদম পাতলা হয়ে যাবে,𑄃𑄬 𑄇𑄟𑄳𑄦𑄚𑄴 𑄗𑄪𑄟𑄴 𑄦𑄧𑄣𑄬 𑄃𑄬𑄇𑄴𑄈𑄬 𑄇𑄨𑄠𑄬 𑄛𑄘𑄧𑄣𑄴 𑄦𑄧𑄝𑄧
ঝর্ণার মাথায় বড় কুঅং,𑄎𑄪𑄢𑄳𑄦𑄨 𑄗𑄪𑄟𑄮𑄖𑄴 𑄝𑄧𑄢𑄴 𑄈𑄪𑄃𑄁
এখানেই সে কথাটা শেষ কটে দিল,𑄥𑄨𑄖𑄴𑄘𑄪𑄢𑄮𑄖𑄴 𑄗𑄪𑄟𑄴 𑄉𑄧𑄢𑄳𑄦𑄨 𑄘𑄨𑄣𑄳𑄦𑄮 𑄖𑄬 𑄇𑄧𑄙𑄃𑄚𑄴
সেই শেষটা আমি দেখতে পেলাম না,𑄥𑄬 𑄗𑄪𑄟𑄚𑄴 𑄌𑄳𑄦𑄬 𑄚𑄧 𑄛𑄳𑄦𑄁𑄉𑄬 𑄥𑄬 𑄟𑄪𑄠𑄴
সিগারেটের শেষ,𑄌𑄨𑄉𑄬𑄢𑄬𑄙𑄧 𑄗𑄪𑄟𑄴
.মিইনির শেষ,𑄟𑄨𑄃𑄨𑄚𑄨 𑄗𑄪𑄟𑄴
তুম্বুক মারামারি,𑄗𑄪𑄟𑄴𑄝𑄪𑄇𑄴 𑄟𑄢𑄟𑄢𑄨𑅁
ফিল্ম এর শেষে কি হলো?তারা শেষে আরও এক হয়,𑄗𑄪𑄟𑄮𑄚𑄴𑄘𑄨 𑄇𑄨 𑄦𑄧𑄣𑄧 𑄜𑄨𑄣𑄨𑄟𑄴𑄟𑄮𑄖𑄴? 𑄖𑄢𑄳𑄦 𑄗𑄪𑄟𑄮𑄚𑄴𑄘𑄨 𑄃𑄢𑄳𑄦𑄧 𑄛𑄳𑄦𑄛𑄨 𑄦𑄧𑄚𑄴𑄘𑄮𑄠𑄴𑅁
কলাত্তুর,𑄇𑄧𑄣𑄖𑄴𑄗𑄪𑄢𑄴
কলাগাছে এখন তুর হচ্ছে,𑄇𑄧𑄣𑄉𑄌𑄴𑄍𑄮𑄖𑄴 𑄃𑄬𑄞𑄧 𑄖𑄳𑄦𑄬 𑄗𑄪𑄢𑄴 𑄚𑄳𑄦𑄨𑄉𑄨𑄣𑄬𑄖𑄴𑄖𑄬
কলাত্তুর রান্না,𑄇𑄧𑄣𑄖𑄴𑄗𑄪𑄢𑄴 𑄉𑄪𑄘𑄬𑄠𑄬
ধানে মাত্র তুর আসলো,𑄙𑄚𑄚𑄴 𑄃𑄬𑄞𑄧 𑄖𑄳𑄦𑄬 𑄗𑄪𑄢𑄴 𑄃𑄨𑄌𑄴𑄍𑄬𑄘𑄬
.১ প্রাণটাকে তুর বলে,𑄸. 𑄛𑄧𑄢𑄚𑄚𑄳𑄦𑄧𑄢𑄬 𑄗𑄪𑄢𑄴 𑄇𑄧𑄚𑄴𑄙𑄬
".৩,তুর এইটাও মনে পরতেছেনা","𑄹. 𑄗𑄪𑄢𑄴, 𑄥𑄨𑄠𑄬𑄚𑄳𑄦𑄮 𑄟𑄧𑄚𑄧𑄖𑄴 𑄚𑄧 𑄃𑄪𑄙𑄬𑄢𑄴"
"তুর,এইবারেও হলোনা","𑄗𑄪𑄢𑄴, 𑄚𑄧 𑄦𑄧𑄣𑄧 𑄃𑄬𑄛𑄧𑄣𑄴𑄣𑄖𑄴𑄃𑄳𑄦𑄮𑅁"
"বুনন করতে তুর বাঁশ লাগে,সুতার রিলটা ভরাতে","𑄝𑄬𑄚𑄴 𑄝𑄪𑄚𑄮𑄘𑄬 𑄗𑄪𑄢𑄴𑄌𑄪𑄟𑄮 𑄣𑄉𑄬, 𑄥𑄪𑄘𑄮𑄖𑄪𑄟𑄴𑄟𑄳𑄦𑄮 𑄞𑄧𑄢𑄬𑄝𑄣𑄴𑄣𑄭𑅁"
বৃষ্টি থামলো,𑄏𑄧𑄢𑄚𑄴 𑄗𑄬𑄇𑄴𑄇𑄬𑄠𑄳𑄦𑄬
"বৃষ্টি আগে থামুক, তারপর যাবো","𑄏𑄧𑄢𑄚𑄴 𑄗𑄬𑄇𑄴𑄇𑄮𑄇𑄴 𑄃𑄬𑄇𑄴𑄇, 𑄖𑄳𑄦𑄬 𑄎𑄬𑄝𑄧𑄁"
.গাড়িটা থেমে থেমে যাচ্ছে,𑄉𑄢𑄳𑄦𑄨𑄃𑄚𑄴 𑄇𑄨 𑄗𑄬𑄇𑄴𑄇𑄬 𑄗𑄬𑄇𑄴𑄇𑄬 𑄎𑄢𑄴
জ্যামে পড়ে সব গাড়িগুলো থেমে থেমে যাচ্ছে,𑄎𑄟𑄧𑄖𑄴 𑄛𑄧𑄢𑄨𑄚𑄬𑄠𑄴 𑄝𑄬𑄇𑄴 𑄉𑄢𑄳𑄦𑄨𑄃𑄚𑄨 𑄗𑄬𑄇𑄴𑄇𑄬 𑄗𑄬𑄇𑄴𑄇𑄬 𑄎𑄢𑄴
.বৃষ্টি মাত্র থামলো,𑄘𑄬𑄝𑄞𑄮 𑄃𑄬𑄞𑄧 𑄖𑄳𑄦𑄬 𑄗𑄬𑄇𑄴𑄇𑄬𑄣𑄧𑄘𑄬
থেমে থেমে বৃষ্টি পড়তেছে,𑄗𑄬𑄇𑄴𑄇𑄬 𑄗𑄬𑄇𑄴𑄇𑄬 𑄏𑄧𑄢𑄴 𑄘𑄬𑄢𑄴𑅁
জীবনে কত সুবিধা-অসুবিধা আসবে,𑄎𑄨𑄁𑄇𑄚𑄨𑄖𑄴 𑄇𑄧𑄙𑄧𑄇𑄴 𑄗𑄬𑄇𑄴 𑄝𑄬𑄗𑄬𑄇𑄴 𑄃𑄬𑄞𑄧
"টাকা জমা রাখলে ভালো,সুবিধা অসুবিধায় কাজে লাগে","𑄖𑄬𑄋 𑄗𑄪𑄝𑄬 𑄗𑄧𑄣𑄬 𑄉𑄧𑄟𑄴, 𑄗𑄬𑄇𑄴 𑄝𑄬𑄗𑄬𑄉𑄧𑄖𑄴 𑄇𑄟𑄧𑄖𑄴 𑄣𑄉𑄧𑄚𑄴𑅁"
তার সাথেআমার জীবনে মিলে না,𑄖𑄣𑄴𑄣𑄮𑄠𑄴 𑄟𑄧𑄢𑄴 𑄥𑄧𑄝𑄳𑄦𑄠𑄴 𑄗𑄬 𑄚𑄧 𑄈𑄭𑅁
সমস্যায় পড়া,𑄗𑄬𑄉𑄖𑄴 𑄛𑄧𑄢𑄚
সে সমস্যায় পড়লে ইঁদুররা লাঠি মেরে যায়,𑄦𑄬𑄘𑄬 𑄗𑄬𑄉𑄖𑄴 𑄛𑄧𑄣𑄴𑄣𑄳𑄦𑄬 𑄃𑄪𑄚𑄴𑄘𑄪𑄢𑄬𑄠𑄳𑄦𑄮 𑄣𑄙𑄨 𑄟𑄢𑄨 𑄎𑄚𑄴
সমস্যায় পড়লে সব করতে হয়,𑄗𑄬𑄉𑄖𑄴 𑄛𑄧𑄣𑄴𑄣𑄳𑄦𑄬 𑄝𑄳𑄦𑄬𑄇𑄴 𑄉𑄧𑄢𑄳𑄦 𑄛𑄧𑄢𑄬
"সবটা ভালোভাবে আসতে পারছি,শেষ পর্যায়ে এসে সমস্যায় পড়লাম","𑄝𑄬𑄇𑄴𑄈𑄚𑄴 𑄘𑄮𑄣𑄬 𑄃𑄨𑄌𑄴𑄍𑄮𑄁, 𑄗𑄪𑄟𑄮𑄚𑄴𑄙𑄨 𑄃𑄬𑄚𑄳𑄦𑄬𑄠𑄴 𑄗𑄬𑄉𑄖𑄴 𑄛𑄧𑄣𑄴𑄣𑄮𑄁𑄉𑄨𑄙𑄬𑅁"
তুমি একটু দাঁড়াও তো,𑄖𑄪𑄠𑄴 𑄃𑄬𑄇𑄴𑄇 𑄗𑄬𑄉 𑄘𑄬
পুরো পথে সে দাঁড়িয়ে দাঁড়িয়ে গেল,𑄉𑄧𑄘 𑄛𑄧𑄖𑄴𑄗𑄚𑄴 𑄖𑄳𑄦𑄬 𑄗𑄬𑄉𑄳𑄦𑄬 𑄗𑄬𑄉𑄳𑄦𑄬 𑄎𑄬𑄣𑄧𑄙𑄬
"কতক্ষণ দাঁড়িয়ে থাকবে,না বসে?যা বলার দাঁড়িয়ে বল","𑄇𑄧𑄇𑄴𑄈𑄧𑄚𑄴 𑄗𑄬𑄉𑄳𑄦𑄬 𑄗𑄬𑄝𑄬, 𑄚𑄧 𑄝𑄧𑄎𑄨𑄚𑄳𑄦𑄬𑄠𑄴? 𑄎𑄳𑄦 𑄇𑄧𑄞𑄣𑄴𑄣𑄇𑄴 𑄗𑄬𑄉𑄬𑄚𑄳𑄦𑄬𑄠𑄴 𑄇𑄳𑄦𑄧"
ওস্তাদে দাঁড়িয়ে দাঁড়িয়ে হিস্যু করলে শিষ্য নাকি ঘুরে ঘুরে হিস্যু করে,𑄉𑄪𑄢𑄪 𑄗𑄉𑄪𑄢𑄬 𑄗𑄬𑄉𑄳𑄦𑄬 𑄗𑄬𑄉𑄳𑄦𑄬 𑄟𑄪𑄘𑄨𑄣𑄬 𑄥𑄨𑄌𑄴𑄌𑄮𑄠𑄬 𑄞𑄬𑄣𑄬 𑄝𑄬𑄢𑄬 𑄝𑄬𑄢𑄬 𑄟𑄪𑄘𑄬𑅁
বেজে বেজে কথাগুলো বলতো সে,𑄗𑄬𑄘𑄬𑄣𑄳𑄦𑄁 𑄗𑄬𑄘𑄬𑄣𑄳𑄦𑄁 𑄉𑄧𑄢𑄳𑄦𑄨 𑄇𑄧𑄙𑄚𑄨 𑄇𑄧𑄠𑄴𑄙𑄳𑄠𑄬 𑄖𑄬𑅁
"নারিকেলটা এখনো শক্ত হয় নাই,নরম নরম আছে","𑄚𑄢𑄨𑄉𑄪𑄣𑄴𑄣𑄳𑄦𑄮 𑄥𑄌𑄴 𑄚𑄳𑄦𑄧 𑄦𑄧𑄠𑄴, 𑄃𑄬𑄞𑄧 𑄗𑄬𑄚𑄴𑄗𑄬𑄚𑄨"
হুট করে একটা পয়সা পড়লো,𑄗𑄬𑄚𑄬𑄁 𑄉𑄧𑄢𑄳𑄦𑄨 𑄃𑄨𑄇𑄴𑄊𑄮 𑄛𑄮𑄠𑄴𑄏𑄬 𑄛𑄧𑄣𑄴𑄣𑄳𑄦𑄧𑅁
এখানে তো আমাদের থাকার জায়গা নাই,𑄃𑄟𑄳𑄦𑄢𑄴 𑄙𑄧 𑄗𑄬𑄝𑄢𑄴 𑄎𑄉 𑄚𑄬𑄠𑄴 𑄃𑄨𑄙𑄪𑅁
তোমার বাড়িতে থাকার রুম কয়টা আছে?,𑄖𑄧𑄟𑄳𑄦 𑄊𑄧𑄢𑄧𑄖𑄴 𑄗𑄬𑄝𑄢𑄴 𑄉𑄪𑄘𑄨 𑄇𑄧𑄠𑄴𑄞𑄮 𑄃𑄊𑄧𑄚𑄴?
চোখ বন্ধ করতে না করতেই চুরি করে,"𑄌𑄮𑄇𑄴 𑄗𑄬𑄝𑄧𑄖𑄴 𑄉𑄧𑄢𑄳𑄦𑄨 𑄚𑄧 𑄖𑄋𑄧𑄢𑄬, 𑄌𑄪𑄢𑄴 𑄉𑄧𑄢𑄬𑄙𑄬𑅁"
কাজগুলে তো একটু আটকায়,𑄇𑄟𑄚𑄳𑄦𑄨 𑄙𑄧 𑄃𑄬𑄇𑄴𑄇 𑄃𑄪𑄇𑄴𑄇𑄮 𑄗𑄬𑄝𑄧𑄢𑄧𑄇𑄴 𑄈𑄬𑄝𑄧𑄠𑄮𑅁
ধুম করে তাকে বন্ধুক মারলো,𑄗𑄬𑄟𑄴 𑄉𑄧𑄢𑄳𑄦𑄨 𑄝𑄧𑄚𑄴𑄘𑄪𑄇𑄴 𑄟𑄣𑄴𑄣𑄇𑄴 𑄖𑄢𑄳𑄦𑄬𑅁
উপরের থেকে এক ঠেলা খেয়ে তারপরেই সে আমাকে ছেড়ে দিল,"𑄃𑄪𑄉𑄪𑄢𑄬𑄖𑄴𑄗𑄪𑄚𑄴 𑄃𑄬𑄇𑄴 𑄗𑄬𑄣 𑄈𑄬𑄚𑄬𑄠𑄴 𑄖𑄳𑄦𑄬 𑄃𑄨𑄢𑄨𑄖𑄴 𑄘𑄨𑄣𑄮𑄙𑄬 𑄖𑄬, 𑄟𑄧𑄢𑄳𑄦𑄬𑅁"
ঠেলাগাড়িতে করে চড়া,𑄗𑄬𑄣𑄉𑄢𑄳𑄦𑄨𑄖𑄴 𑄉𑄧𑄢𑄳𑄦𑄨 𑄌𑄧𑄢𑄚𑄳𑄦
ঠেলাগাড়ি করে যাওয়া,𑄗𑄬𑄣𑄉𑄢𑄳𑄦𑄨𑄖𑄴 𑄉𑄧𑄢𑄳𑄦𑄨 𑄎𑄚𑅁
বাচ্চাগুলো ঠেলাঠেলি করিও না,𑄉𑄪𑄢𑄮𑄃𑄳𑄦𑄪𑄚𑄴 𑄗𑄬𑄣𑄗𑄬𑄣𑄨 𑄚𑄧 𑄉𑄧𑄌𑄴𑄍𑄮
বেশি ঠেলাঠেলি করা আমার ভালো লাগে না,𑄟𑄧𑄖𑄴𑄗𑄪𑄚𑄴 𑄝𑄬𑄌𑄴 𑄗𑄬𑄣𑄗𑄬𑄣𑄨 𑄉𑄧𑄟𑄴 𑄚𑄧 𑄣𑄉𑄬𑅁
"পিছে থেকে একটু ঠেলে দাও তো,রিকসেটা","𑄛𑄨𑄌𑄴𑄍𑄬𑄖𑄴𑄖𑄪𑄚𑄴 𑄃𑄬𑄇𑄴𑄇 𑄗𑄬𑄣𑄴𑄴 𑄘𑄬, 𑄢𑄨𑄇𑄴𑄥𑄬𑄃𑄚𑄴"
পায়ের পাতা,𑄗𑄬𑄋𑄧 𑄛𑄘
পায়ের গোড়ালি,𑄗𑄬𑄋𑄧 𑄟𑄪𑄢𑄳𑄦𑄨
পায়ের চোখ,𑄗𑄬𑄋𑄧 𑄌𑄮𑄇𑄴
"এক পায়ে,দুই পায়ে,চার পায়ে","𑄃𑄬𑄇𑄴 𑄗𑄬𑄁𑄋𑄬, 𑄘𑄨 𑄗𑄬𑄁𑄋𑄬, 𑄌𑄬𑄢𑄴 𑄗𑄬𑄁𑄋𑄬"
পায়ের চাপ,𑄗𑄬𑄋𑄧 𑄈𑄪𑄌𑄴
পায়ের নুপুর,𑄗𑄬𑄋𑄧𑄇𑄴𑄈𑄢𑄪
মেয়েটা পায়ের নূপুর পড়ে নাচতেছে,𑄟𑄨𑄣𑄬𑄞𑄮 𑄗𑄬𑄋𑄧𑄇𑄴 𑄈𑄢𑄪 𑄛𑄨𑄚𑄨𑄚𑄳𑄦𑄬𑄠𑄴 𑄚𑄎𑄬𑄢𑄴
পায়ের নিচে মশারীটা আটকে দিতে হবে,𑄗𑄬𑄋𑄧 𑄛𑄨𑄘𑄨𑄚𑄳𑄦𑄬𑄚𑄴𑄘𑄨 𑄟𑄪𑄎𑄪𑄢𑄳𑄦𑄨𑄃𑄚𑄴 𑄉𑄧𑄢𑄴 𑄘𑄳𑄠𑄬 𑄛𑄧𑄢𑄨𑄝𑄮𑅁
কিছুক্ষণ একটু পা টানি,𑄃𑄬𑄇𑄴𑄇 𑄗𑄬𑄁 𑄖𑄚𑄧𑄁 𑄈𑄇𑄴𑄇𑄧𑄚𑄴𑅁
মানুষগুলো ওখানে হতভম্ব হয়েছে কেন?,𑄟𑄚𑄳𑄦𑄪𑄌𑄴𑄌𑄪𑄚𑄴 𑄇𑄨 𑄥𑄨𑄠𑄳𑄦𑄮𑄖𑄴 𑄗𑄮 𑄗𑄮 𑄦𑄪𑄠𑄳𑄦𑄮𑄚𑄴?
"সে নাকি আমার জন্য কি রাখছে,একটু দেখে আসি","𑄖𑄬 𑄞𑄬𑄣𑄬 𑄟𑄧𑄢𑄳𑄦𑄬 𑄇𑄨 𑄗𑄮𑄠𑄴 𑄘𑄬𑄙𑄬, 𑄃𑄬𑄇𑄴𑄇 𑄌𑄁𑄊𑄮𑄠𑄴"
"কাপে একটা ডিম রেখে দিছি,আসলে খেতে পারবে","𑄌𑄨𑄏𑄨𑄣𑄴𑄣𑄭 𑄃𑄨𑄇𑄴𑄊𑄮 𑄝𑄧𑄘 𑄗𑄮𑄘𑄬, 𑄃𑄬𑄣𑄳𑄦𑄬 𑄈𑄬 𑄛𑄢𑄨𑄝𑄮𑄊𑄨𑅁"
"এইখানে তো রাখতে গেছি,কেও নিয়ে গেছে নসকি এখান থেকে?","𑄃𑄙𑄧 𑄃𑄨𑄠𑄳𑄦𑄮𑄖𑄴 𑄗𑄮 𑄎𑄨𑄠𑄳𑄦𑄮𑄁, 𑄇𑄧𑄚𑄴𑄚𑄳𑄦 𑄚𑄬𑄎𑄬𑄣𑄳𑄦𑄧 𑄚𑄇𑄨 𑄃𑄨𑄠𑄳𑄦𑄮𑄖𑄴𑄖𑄪𑄚𑄴?"
তোরা মোরা,𑄗𑄮𑄢 𑄟𑄮𑄢
তোরা মোরা খেয়ে আবার অফিসে যাওয়া,𑄗𑄮𑄢 𑄟𑄮𑄢 𑄈𑄬𑄚𑄬𑄠𑄴 𑄃𑄢𑄳𑄦𑄧 𑄃𑄧𑄝𑄨𑄏𑄮𑄖𑄴 𑄎𑄚
সকালে তোরা করে ভাত খেয়ে সে কাজে নামলো,𑄝𑄨𑄚𑄴𑄐𑄳𑄦𑄬 𑄗𑄮𑄢 𑄉𑄧𑄢𑄳𑄦𑄨 𑄞𑄖𑄴 𑄈𑄬𑄚𑄬𑄠𑄴 𑄇𑄟𑄧𑄖𑄴 𑄣𑄟𑄨𑄣𑄮 𑄖𑄬𑅁
"এক বার রেখে এসেছি, আর একবার আনতে যাচ্ছি","𑄃𑄬𑄇𑄴 𑄃𑄪𑄎𑄮𑄣𑄴 𑄗𑄮 𑄃𑄨𑄌𑄴𑄍𑄮𑄁𑄉𑄮𑄠𑄴, 𑄃𑄢𑄳𑄦𑄧 𑄃𑄬𑄇𑄴 𑄃𑄪𑄎𑄮𑄣𑄴 𑄈𑄧𑄎 𑄎𑄋𑄳𑄦𑄧𑄢𑄴𑅁"
"ও ছোট দাদা, কোথায় গেলে? কী আনবে বাড়িতে এলে? পথের দিকে তাকিয়ে আছি, বাড়ির দরজায় বসে আছি
মনটা একা লাগে তোমাকে কাছে না পেলে","𑄃𑄮 𑄌𑄨𑄉𑄮𑄚𑄴 𑄘, 𑄇𑄪𑄙𑄪 𑄉𑄬𑄣𑄳𑄦𑄬? 𑄇𑄨 𑄃𑄚𑄨𑄞𑄬 𑄊𑄧𑄢𑄧𑄖𑄴 𑄃𑄬𑄣𑄳𑄦𑄬? 𑄛𑄧𑄙𑄧 𑄇𑄨𑄖𑄴𑄖𑄬 𑄌𑄳𑄦𑄬𑄠𑄴 𑄃𑄊𑄧𑄁, 
𑄊𑄧𑄢𑄧 𑄘𑄪𑄃𑄮𑄢𑄧𑄖𑄴 𑄝𑄳𑄦𑄮𑄠𑄴 𑄃𑄉𑄧𑄁, 𑄌𑄨𑄖𑄴 𑄚𑄧 𑄎𑄪𑄢𑄳𑄦𑄮𑄠𑄴 𑄖𑄧𑄢𑄬 𑄚𑄳𑄦𑄧 𑄘𑄬𑄣𑄳𑄦𑄬𑅁"
বড় পর্ব,র্
"এই পর্বটা যাক, আমরা শেষের পর্বে বসবো","𑄃𑄬 𑄘𑄇𑄴𑄈𑄮 𑄎𑄘𑄮𑄇𑄴, 𑄃𑄟𑄳𑄦𑄨 𑄎𑄬𑄢𑄬 𑄘𑄉𑄧 𑄥𑄧𑄟𑄢𑄬 𑄝𑄧𑄎𑄨𑄞𑄮𑄁"
কয় পর্ব খাওয়া শেষ করলে তোমরা? ২ দাগ টানো/দাও,𑄇𑄧𑄠𑄴 𑄘𑄇𑄴 𑄈𑄝𑄬𑄣 𑄖𑄪𑄟𑄳𑄦𑄨? 𑄸. 𑄘𑄇𑄴 𑄖𑄚𑄚/𑄘𑄬𑄚
সোজা করে দাগ টানো,𑄃𑄪𑄎𑄪 𑄉𑄧𑄢𑄳𑄦𑄨 𑄘𑄇𑄴 𑄖𑄚𑄴
দাগ টানা আছে এরকম খাতা,𑄘𑄇𑄴 𑄖𑄭𑄚𑄴𑄐𑄬 𑄈𑄖
ডাক গেওয়া,𑄹. 𑄘𑄇𑄴 𑄇𑄢𑄚𑄳𑄦
ভোরে ঘুম থেকে উঠলে বড় মোরগটা ডাক দেবে,𑄖𑄬 𑄛𑄰𑄱𑄖𑄴𑄗𑄬 𑄊𑄪𑄟𑄮𑄖𑄴𑄖𑄪𑄚𑄴 𑄃𑄪𑄘𑄨𑄣𑄳𑄦𑄬 𑄃𑄪𑄎𑄪𑄚𑄳𑄦𑄮 𑄇𑄪𑄢𑄳𑄦𑄮𑄝𑄮 𑄘𑄇𑄴 𑄇𑄢𑄨𑄞𑄮
লাল মোরগটা কুক্কুরু কু করে ডাক দিল,𑄢𑄘 𑄇𑄪𑄢𑄳𑄦𑄮𑄝𑄮 𑄇𑄬𑄇𑄴𑄇𑄬𑄢𑄳𑄦𑄬 𑄇𑄬𑄇𑄴 𑄉𑄧𑄢𑄳𑄦𑄨 𑄘𑄇𑄴 𑄇𑄢𑄳𑄦𑄨 𑄃𑄪𑄘𑄨𑄣𑄳𑄦𑄮
ভোরে মোরগ ডাক দেয়ার সময়ে তারা আসা শুরু করল,𑄛𑄰𑄱𑄖𑄴𑄗𑄬 𑄢𑄘 𑄘𑄉𑄧𑄖𑄴 𑄖𑄢𑄳𑄦 𑄣𑄧𑄖𑄴 𑄘𑄨𑄣𑄳𑄦𑄇𑄴
গোষ্ঠীর কথা,𑄺. 𑄘𑄊𑄧 𑄇𑄧𑄙𑅁
দাগ কাঠি দিয়ে দাগ টানে,𑄘𑄇𑄴 𑄇𑄬𑄟𑄴𑄟𑄮𑄠𑄴 𑄘𑄇𑄴 𑄖𑄚𑄧𑄚𑄴𑅁
চিৎকার করে ডাকা,𑄢𑄧 𑄥𑄢𑄳𑄦𑄨 𑄥𑄢𑄳𑄦𑄨 𑄘𑄉𑄚
ডাকতে আসা/যাওয়া,𑄘𑄉 𑄃𑄬𑄎𑄚𑄳𑄦/𑄎𑄚
ডেকে দাও/আনো/নিয়ে যাও,𑄘𑄉𑄨 𑄘𑄬𑄚/𑄃𑄚𑄚𑄳𑄦/𑄚𑄬𑄎𑄚
ডেকে উঠা,𑄘𑄉𑄨 𑄃𑄪𑄘𑄚𑄳𑄦
ডাকতে পাওয়,𑄘𑄉𑄨 𑄛𑄚𑄳𑄦
ডাকাডাকি,𑄘𑄉𑄘𑄉𑄨
"এত কী তাকে ডাকাডাকি তোমাদের? আমাকে ডাকতেছো তোমরা? ডাকতে ডাকতে শক্তি নেই আর, তবুও শুনে নাই 
এত কী কালা সে","𑄇𑄨 𑄃𑄳𑄦𑄬𑄘𑄧𑄇𑄴 𑄖𑄢𑄳𑄦𑄬 𑄘𑄉𑄘𑄉𑄨 𑄦𑄉𑄦𑄉𑄨 𑄖𑄧𑄟𑄳𑄦𑄢𑄴? 𑄟𑄧𑄢𑄳𑄦𑄬 𑄘𑄉𑄧𑄖𑄴𑄗𑄬 𑄖𑄪𑄟𑄳𑄦𑄨? 𑄘𑄉𑄧𑄘𑄬 𑄘𑄉𑄧𑄘𑄬
𑄝𑄧𑄣𑄴 𑄛𑄧𑄣𑄧𑄊𑄮𑄠𑄴, 𑄖𑄪𑄃𑄳𑄦𑄮 𑄚𑄧 𑄥𑄪𑄚𑄨𑄣𑄮 𑄖𑄬, 𑄥𑄬𑄟𑄴𑄞 𑄇𑄨 𑄇𑄣𑄴 𑄟𑄚𑄳𑄦𑄪𑄌𑄴"
তুমি তাকে কী ডাকো? দা ডাকি আর কি,𑄖𑄪𑄠𑄴 𑄖𑄢𑄳𑄦𑄬 𑄇𑄨 𑄘𑄉𑄧𑄌𑄴?- 𑄘 𑄘𑄉𑄧𑄁𑄉𑄬 𑄃𑄳𑄦𑄠𑄴
কোথায় গিয়েছ তুমি? ডেকে ডেকে পাচ্ছি না,𑄇𑄪𑄙𑄪 𑄎𑄨𑄠𑄳𑄦𑄮𑄌𑄴 𑄖𑄪𑄠𑄴? 𑄘𑄉𑄨 𑄘𑄉𑄨 𑄃𑄪𑄘𑄮 𑄚𑄬𑄠𑄴 𑄘𑄬
ডেকে এনে বেঁধে মারতেছ আমাদের,𑄘𑄉𑄨 𑄃𑄚𑄨𑄚𑄳𑄦𑄬𑄠𑄴 𑄝𑄚𑄳𑄦𑄨 𑄟𑄢𑄧𑄖𑄴𑄗𑄬 𑄃𑄟𑄳𑄦𑄢𑄬
কে একটু ডেকে দেবে তাকে,𑄇𑄧𑄚𑄴𑄚𑄳𑄦 𑄃𑄬𑄇𑄴𑄇 𑄘𑄉𑄨 𑄘𑄨𑄝𑄮𑄊𑄮𑄠𑄴 𑄖𑄢𑄳𑄦𑄬?
চুলগুলো এলোমেলোভাবে কেটেছে সে,𑄌𑄪𑄣𑄚𑄳𑄦𑄨 𑄘𑄉𑄞𑄧𑄉 𑄉𑄧𑄢𑄳𑄦𑄨 𑄇𑄛𑄴𑄜𑄬 𑄖𑄬𑅁
এই আলোচনাটা কে ডেকেছে?,𑄃𑄬 𑄖𑄬𑄟𑄴𑄟𑄁𑄃𑄳𑄦𑄚𑄴 𑄘𑄉𑄨𑄠𑄬𑄞𑄮 𑄇𑄧𑄚𑄴𑄚𑄳𑄦?
ডাকাতি করা/ হওয়া,𑄘𑄉𑄬𑄖𑄴 𑄉𑄧𑄢𑄚𑄳𑄦/𑄦𑄧𑄚
ডাকাতিগুলো তাদের সব কেড়ে নিয়েছে,𑄘𑄉𑄬𑄖𑄴𑄖𑄪𑄚𑄳𑄦𑄬 𑄖𑄢𑄳𑄦𑄢𑄬 𑄝𑄳𑄦𑄬𑄇𑄴 𑄇𑄢𑄳𑄦𑄨 𑄣𑄧𑄣𑄳𑄦𑄇𑄴
ডাকাতেরা ডাকাত করে,𑄘𑄉𑄬𑄖𑄴𑄖𑄪𑄚𑄳𑄦𑄬 𑄘𑄉𑄬𑄖𑄴 𑄉𑄧𑄢𑄳𑄦𑄧𑄚𑄴
ডাকাতেরাা ঘর ডাকাতি করে কিছু না পেলে মানুষ মেরে চলে যায়,𑄘𑄉𑄬𑄖𑄴𑄖𑄪𑄚𑄳𑄦𑄬 𑄊𑄧𑄢𑄴 𑄘𑄉𑄬𑄖𑄴 𑄉𑄧𑄢𑄨𑄚𑄳𑄦𑄬𑄠𑄴 𑄇𑄨𑄌𑄴𑄍𑄪 𑄚𑄧 𑄛𑄬𑄣𑄳𑄦𑄬 𑄟𑄚𑄳𑄦𑄪𑄌𑄴𑄌𑄪𑄚𑄮𑄢𑄳𑄦𑄬 𑄟𑄢𑄨 𑄎𑄚𑄴𑄘𑄬𑅁
ডেকে  দেওয়া,𑄘𑄉𑄮𑄚𑄨 𑄘𑄬𑄚
মন্ত্র,[𑄖𑄣𑄳𑄦𑄨𑄇𑄴]
গোষ্ঠীর কথা পেলে দেওয়া যায়না,𑄘𑄊𑄧 𑄇𑄧𑄙 𑄜𑄬𑄣 𑄚𑄧 𑄎𑄭
একটা গোষ্ঠী কথা আছে- তিনটা মাথা যার বুদ্ধি নাও তার থেকে,"𑄃𑄬𑄇𑄴𑄊𑄚𑄴 𑄘𑄊𑄧 𑄇𑄧𑄙 𑄃𑄉𑄬𑄙𑄬 – 𑄖𑄨𑄚𑄴 𑄥𑄨𑄢𑄬 𑄎𑄖𑄴𑄗𑄪𑄚𑄴, 𑄝𑄪𑄖𑄴𑄙𑄨 𑄣𑄧𑄞 𑄖𑄖𑄴𑄗𑄪𑄚𑄴"
গোষ্ঠীর কথাগুলো সব ভুলে যাচ্ছে,𑄘𑄊𑄧 𑄇𑄧𑄙𑄃𑄚𑄨 𑄟𑄚𑄴𑄏𑄳𑄠𑄬 𑄝𑄳𑄦𑄬𑄇𑄴 𑄛𑄧𑄢𑄳𑄦𑄨 𑄜𑄬𑄣𑄘𑄧𑄚𑄴𑄚𑄳𑄦𑄮𑄠𑄴𑅁
তিন দল একত্র হয়েছে আলোচনা করে,𑄖𑄨𑄚𑄴 𑄘𑄊𑄨 𑄃𑄬𑄉𑄧𑄖𑄴𑄖𑄧𑄢𑄴 𑄦𑄪𑄠𑄮𑄚𑄴 𑄖𑄬𑄟𑄴𑄟𑄁 𑄥𑄪𑄣𑄴𑄣𑄪𑄉𑄮𑄣𑄴𑄣𑄭
জেটিমারা কোথায় গেল? দাদুরা আমাদের এখানে বেড়াতে এসেছে,𑄎𑄬𑄙𑄬𑄠𑄴𑄘𑄊𑄨 𑄇𑄪𑄙𑄪 𑄎𑄬𑄣𑄳𑄦𑄇𑄴? 𑄃𑄎𑄪𑄘𑄊𑄨 𑄃𑄟𑄳𑄦 𑄃𑄨𑄙𑄪 𑄝𑄬𑄢𑄘𑄧𑄚𑄴𑄚𑄳𑄦𑄨
এক দল মেনে নিলে আরেক দল আসে,𑄃𑄬𑄇𑄴 𑄘𑄊𑄨 𑄝𑄪𑄌𑄴 𑄦𑄧𑄣𑄬 𑄃𑄢𑄳𑄦𑄧 𑄃𑄬𑄇𑄴 𑄘𑄊𑄨 𑄃𑄬𑄏𑄧𑄚𑄴𑅁
বড়-ছোট,𑄘𑄋𑄳𑄦𑄧𑄢𑄴 – 𑄌𑄨𑄉𑄮𑄚𑄴
বড়-বড়,𑄘𑄋𑄳𑄦𑄧𑄢𑄴 𑄘𑄋𑄳𑄦𑄧𑄢𑄴
বড় করা,𑄘𑄋𑄳𑄦𑄧𑄢𑄴 𑄘𑄨𑄋𑄳𑄦𑄮𑄢𑄴
বড় হওয়া,𑄘𑄋𑄳𑄦𑄧𑄢𑄴 𑄦𑄧𑄚
বাড়িটা/কক্ষটা/জায়গাটা বড় আছে,𑄊𑄧𑄢𑄚𑄴/𑄢𑄪𑄟𑄴𑄟𑄳𑄦𑄮/ 𑄎𑄉𑄃𑄳𑄦𑄚𑄴 𑄘𑄋𑄳𑄦𑄧𑄢𑄴 𑄃𑄊𑄬
দেহ ছোট শব্দ বড়,"𑄇𑄨𑄠𑄬 𑄌𑄨𑄉𑄮𑄚𑄴, 𑄢𑄧 𑄘𑄋𑄳𑄦𑄧𑄢𑄴"
ছোট সুখগুলো রেখে বড় সুখগুলো খুঁজো তোমরা,𑄌𑄨𑄉𑄮𑄚𑄴 𑄥𑄪𑄇𑄴𑄇𑄚𑄳𑄦𑄨 𑄜𑄬𑄣𑄬𑄚𑄬𑄠𑄴 𑄖𑄪𑄟𑄳𑄦𑄨 𑄘𑄋𑄳𑄦𑄧𑄢𑄴 𑄥𑄪𑄇𑄴𑄇𑄚𑄳𑄦𑄨 𑄖𑄧𑄉𑄧
আমার থেকে সে দুই বছর বড়ো,𑄟𑄧𑄖𑄴𑄗𑄪𑄚𑄴 𑄖𑄬 𑄘𑄨𑄝𑄧𑄎𑄧𑄢𑄳𑄦𑄧 𑄘𑄋𑄳𑄦𑄧𑄢𑄴
বাচ্চারা বড় হলে তারপর একটু বিশ্রাম নেওয়া যাবে,𑄉𑄪𑄢𑄮𑄃𑄳𑄦𑄪𑄚𑄴 𑄘𑄋𑄳𑄦𑄧𑄢𑄴 𑄦𑄧𑄣𑄬 𑄖𑄳𑄦𑄬 𑄃𑄬𑄇𑄴𑄇 𑄥𑄧𑄢𑄬 𑄦𑄧𑄝𑄧𑄘𑄬
তাকে খেয়ে দেয়ে বড় করে এখন আর পাত্তা পাওয়া যায়না,𑄖𑄢𑄳𑄦𑄬 𑄈𑄝𑄬 𑄘𑄝𑄬𑄠𑄴 𑄘𑄋𑄳𑄦𑄧𑄢𑄴 𑄘𑄨𑄋𑄳𑄦𑄮𑄢𑄴 𑄉𑄧𑄢𑄨𑄚𑄳𑄦𑄬𑄠𑄴 𑄃𑄨𑄇𑄴𑄈𑄪 𑄃𑄢𑄳𑄦𑄧 𑄛𑄖𑄴𑄖 𑄚𑄧 𑄛𑄳𑄦𑄠𑄴 𑄃𑄢𑄴𑅁
১. দাঁত ভাঙা/ সিরসিরানা/ উঠা,𑄷. 𑄘𑄖𑄴 𑄞𑄋𑄚/ 𑄥𑄨𑄢𑄴𑄥𑄨𑄢𑄚𑄳𑄦/ 𑄃𑄪𑄘𑄚𑄳𑄦
দাঁত ব্যথা,𑄘𑄖𑄴 𑄛𑄨𑄢𑄬
"বড় দাঁত বুড়ো দাঁত, আলাদা দাঁত","𑄎𑄟𑄳𑄦𑄨 𑄘𑄖𑄴, 𑄌𑄪𑄌𑄴𑄌𑄬𑄁 𑄘𑄖𑄴, 𑄃𑄣𑄴𑄉 𑄘𑄖𑄴"
দাঁত থাকতে কী মারি দিয়ে চিবানো,𑄘𑄖𑄴 𑄗𑄉𑄧𑄖𑄴𑄖𑄬 𑄇𑄨 𑄟𑄢𑄨𑄣𑄳𑄦𑄮𑄠𑄴 𑄌𑄝𑄚
দাঁতগুলোতে পানির ছোয়া লাগলে চিরচির করে,𑄘𑄖𑄴𑄖𑄪𑄚𑄳𑄦𑄮𑄖𑄴 𑄛𑄚𑄳𑄦𑄨 𑄝𑄎𑄨𑄣𑄳𑄦𑄬 𑄥𑄨𑄌𑄴𑄥𑄨𑄢𑄳𑄦𑄚𑄴
বাচ্চাটির দাঁতগুলো ভালোভাবে উঠেনােই এখনো,𑄉𑄪𑄢𑄮𑄞𑄮 𑄘𑄖𑄴𑄗𑄪𑄚𑄴 𑄉𑄧𑄟𑄬 𑄚𑄳𑄦𑄧 𑄃𑄪𑄙𑄮𑄚𑄴 𑄃𑄬𑄞𑄧
দা এর কাঠ,𑄸. 𑄖𑄉𑄧𑄣𑄧 𑄘𑄖𑄴
বন্দুকের কাঠ,𑄝𑄧𑄚𑄴𑄘𑄪𑄉𑄮 𑄘𑄖𑄴
তার কথাগুলো শক্ত,𑄇𑄣𑄴 𑄥𑄢𑄨𑄚𑄬𑄠𑄴 𑄖 𑄇𑄧𑄙𑄚𑄨 𑄃𑄬𑄇𑄴𑄈𑄬 𑄘𑄖𑄴 𑄘𑄖𑄴𑅁
"১.বড় হাতি , বড় শুকর","𑄷. 𑄘𑄘𑄣𑄴 𑄦𑄬𑄖𑄴, 𑄘𑄘𑄣𑄴 𑄥𑄪𑄉𑄮𑄢𑄴"
শক্ত- পাতলা,𑄘𑄘𑄧 – 𑄛𑄘𑄧𑄣𑄴
বইটি এত কী শক্ত? গন্ডারের চামড়া শক্ত,𑄝𑄳𑄦𑄮𑄠𑄴𑄝𑄮 𑄃𑄬𑄟𑄴𑄞 𑄇𑄨 𑄘𑄘𑄧? 𑄉𑄧𑄚𑄴𑄘𑄢𑄧 𑄌𑄟𑄴 𑄘𑄘𑄧
কাপড়টা খুব শক্ত,𑄇𑄝𑄧𑄢𑄳𑄦𑄚𑄴 𑄃𑄬𑄇𑄴𑄇 𑄘𑄘𑄧 𑄚𑄳𑄦𑄧𑄠𑄴
চামড়া শক্ত মানুষদের সহজে হারাতে পারা যায় না,"𑄌𑄟𑄴 𑄘𑄘𑄧 𑄟𑄚𑄳𑄦𑄪𑄌𑄴, 𑄇𑄧𑄙𑄚𑄴𑄘𑄨 𑄈𑄢𑄳𑄦 𑄦𑄨𑄣𑄬 𑄚𑄧 𑄛𑄢𑄬𑅁"
১. নলকূপের হ্যান্ডেল,𑄷. 𑄜𑄠𑄬𑄝𑄮 𑄘𑄘𑄨
বালতিটির হ্যান্ডেল কে ভেঙে পেলেছে? ২. শাকের হ্যান্ডেল,𑄝𑄣𑄴𑄗𑄨𑄝𑄮 𑄘𑄘𑄨𑄃𑄳𑄦𑄚𑄴 𑄇𑄧𑄚𑄴𑄚𑄳𑄦 𑄞𑄋𑄨 𑄜𑄨𑄣𑄴𑄣𑄬? 𑄸. 𑄥𑄉𑄧 𑄘𑄘𑄨
দাদোই উঠা,𑄘𑄙𑄮𑄠𑄴 𑄃𑄪𑄘𑄚𑄳𑄦
"মারিটাতে একটা দাদোই উঠেছে, আমাকে অনেক জ্বালা করতেছে","𑄟𑄢𑄳𑄦𑄨𑄃𑄚𑄧𑄖𑄴 𑄃𑄨𑄇𑄴𑄊𑄮 𑄘𑄙𑄮𑄠𑄴 𑄃𑄭𑄪𑄖𑄴𑄗𑄬𑄘𑄬, 𑄃𑄧𑄟𑄧𑄉𑄧𑄘𑄧 𑄎𑄣𑄢𑄴 𑄃𑄳𑄦𑄬𑄚𑄬 𑄟𑄧𑄢𑄳𑄦𑄬"
দাদোইয়ের ব্যথায় জ্বর হয়েছে,𑄘𑄙𑄮𑄠𑄴𑄝𑄮 𑄥𑄧𑄚𑄬 𑄎𑄧𑄢𑄴 𑄃𑄭𑄪𑄖𑄴𑄗𑄬 𑄎𑄚𑄬𑅁
ভাগ্য থাকা,𑄘𑄚 𑄗𑄚
"ভাগ্য থাকলে যেখানে সেখানে হয়, ভাগ্য না থাকলে নিজের জায়গায় গিয়েও হয়না","𑄘𑄚 𑄗𑄬𑄣𑄬 𑄎𑄨𑄠𑄳𑄦𑄮𑄖𑄴 𑄥𑄨𑄠𑄮𑄖𑄴 𑄟𑄨𑄣𑄬, 𑄘𑄚 𑄚𑄧 𑄗𑄬𑄣𑄬 𑄦𑄧𑄘𑄧 𑄎𑄉𑄖𑄴 𑄎𑄬𑄣𑄳𑄦𑄬𑄠𑄮 𑄚𑄧 𑄟𑄨𑄣𑄬"
"বরাবর তারা কাঁঠাল খাচ্ছিল আমি পৌঁছে গেছি, আমার ভাগ্য আছে মনে হয়","𑄎𑄧𑄊𑄢𑄴 𑄇𑄖𑄴𑄗𑄮𑄣𑄴 𑄈𑄘𑄧𑄚𑄴𑄚𑄬 𑄣𑄊𑄧𑄖𑄴 𑄛𑄨𑄣𑄳𑄦𑄪𑄁𑄉𑄨𑄘𑄬, 𑄘𑄚 𑄃𑄉𑄬𑄙𑄬 𑄛𑄢𑄳𑄦𑄛𑄁𑅁"
দান করা/দেওয়া/পাওয়া,𑄘𑄚𑄴 𑄉𑄧𑄢𑄚𑄳𑄦/𑄘𑄬𑄚/𑄛𑄚𑄳𑄦𑅁
মাটিতে কিছু গাছ নেই এরকম অবস্থা,𑄟𑄘𑄨 𑄘𑄚𑄴𑄘𑄢𑄁𑄋𑄳𑄦𑄬 𑄦𑄪𑄠𑄬
সূর্যটা যে খাড়াভাবে রোদ দিচ্ছে,𑄘𑄬𑄝𑄞𑄮 𑄎𑄬 𑄘𑄚𑄴𑄘𑄢𑄁𑄋𑄳𑄦𑄬 𑄢𑄮𑄖𑄴 𑄘𑄬𑄢𑄴 𑄙𑄧
যদি হয় কিছু নেই এরকম মাটিতেও ফলে,𑄦𑄧𑄝𑄢𑄴 𑄦𑄧𑄣𑄬 𑄘𑄚𑄴𑄘𑄢𑄁𑄋𑄳𑄦𑄬 𑄟𑄘𑄨𑄖𑄴 𑄝𑄨𑄎𑄨 𑄇𑄪𑄎𑄨𑄣𑄬𑄠𑄳𑄦𑄮 𑄦𑄧𑄠𑄴𑄘𑄬 𑄃𑄬𑄇𑄴𑄇
জঙ্গল কাটার ফলে পাহাড়টা খোলামেলা হয়েছে,𑄏𑄢𑄳𑄦𑄚𑄴 𑄇𑄝𑄨𑄚𑄬𑄠𑄴 𑄟𑄪𑄢𑄳𑄦𑄮𑄝𑄮 𑄉𑄧𑄘 𑄘𑄚𑄴𑄘𑄢𑄁𑄋𑄳𑄦𑄬 𑄦𑄪𑄠𑄳𑄦𑄬𑅁
"খেত ফসল এক রকম, পাহাড়ের চূড়া আরেক রকমের","𑄈𑄬𑄖𑄴 𑄈𑄨𑄖𑄴𑄖𑄨 𑄟𑄪𑄢𑄳𑄦𑄮 𑄘𑄝𑄧𑄖𑄴 𑄃𑄬𑄇𑄴 𑄙𑄮𑄇𑄴𑄇𑄬, 𑄟𑄪𑄢𑄳𑄦𑄮 𑄖𑄪𑄉𑄪𑄚𑄮𑄖𑄴 𑄃𑄬𑄇𑄴 𑄙𑄮𑄇𑄴𑄇𑄬"
পাহাড়ের পাশে হলুদ লাগালে ভালো হবে,𑄘𑄛𑄴𑄛𑄚𑄳𑄦𑄨𑄖𑄴 𑄦𑄧𑄣𑄮𑄖𑄴 𑄣𑄉𑄬𑄣𑄬 𑄘𑄮𑄣𑄴 𑄦𑄧𑄝𑄧
পাহাাড়ের পাশে তারা জুম করে,𑄟𑄪𑄢𑄳𑄦𑄮 𑄘𑄝𑄧𑄖𑄴 𑄖𑄢𑄳𑄦 𑄎𑄪𑄟𑄴𑄊𑄧𑄢𑄳𑄦𑄚𑄴
ছাগলগুলো পাহাড়ের পাড়ে পাড়ে বেড়াচ্ছে,𑄥𑄉𑄧𑄣𑄪𑄚𑄳𑄦𑄬 𑄟𑄪𑄢𑄳𑄦𑄮 𑄘𑄝𑄬 𑄘𑄝𑄬 𑄝𑄬𑄢𑄘𑄧𑄚𑄴
পাড়ে পাড়ে জুম্মবীরা ধান লাগাচ্ছে,𑄘𑄝𑄬 𑄘𑄝𑄬 𑄙𑄚𑄴 𑄇𑄪𑄎𑄧𑄘𑄧𑄚𑄴 𑄎𑄪𑄟𑄴𑄟𑄮𑄝𑄨 𑄘𑄊𑄨𑅁
হুুক্কা তৈরী করা,𑄘𑄝 𑄝𑄎𑄚𑄳𑄦
হুক্কা খাওয়া,𑄘𑄝 𑄈𑄚
"চিককো, হুক্কাটা তৈরী করো/ তেরী করে দাও",𑄌𑄨𑄇𑄴𑄈𑄮! 𑄘𑄝𑄞𑄮 𑄝𑄎𑄊𑄮𑄠𑄴/ 𑄝𑄏𑄬 𑄘𑄬𑄉𑄮𑄠𑄴
"বসো বসো কিছুক্ষণ বিশ্রাম নাও,হুক্কা খেয়ে তারপর যেও","𑄝𑄧𑄌𑄴𑄍𑄨, 𑄝𑄧𑄌𑄴𑄍𑄨, 𑄈𑄇𑄴𑄇𑄧𑄚𑄴 𑄎𑄨𑄢, 𑄘𑄝 𑄈𑄬𑄈𑄭 𑄖𑄳𑄦𑄬 𑄎𑄬𑄌𑄴"
হুক্কার পানি নাকি বদলাতে হবে,𑄘𑄝𑄛𑄚𑄳𑄦𑄨 𑄝𑄧𑄘𑄧𑄣 𑄛𑄧𑄢𑄨𑄝𑄮 𑄞𑄬𑄣𑄬
পঁচা গন্ধ,𑄝𑄧 𑄎𑄨𑄠𑄬 𑄘𑄝
দাবা খেলে কাঁশি বেশি হয় তার,𑄘𑄝 𑄈𑄬𑄣𑄬 𑄇𑄌𑄴𑄍𑄚𑄴 𑄃𑄪𑄣𑄴𑄣𑄭 𑄖𑄢𑄴
দাবা খাবে না বলে সে মানত করছে,𑄘𑄝 𑄙𑄪𑄚𑄴𑄚𑄮 𑄚𑄧 𑄈𑄬𑄝𑄧 𑄞𑄨𑄣𑄨 𑄟𑄚𑄴𑄐𑄳𑄦𑄬 𑄖𑄬𑅁
দাবা খেলা,𑄘𑄝 𑄈𑄢 𑄦𑄧𑄚
পাচা হাড়,𑄷. 𑄘𑄝𑄚 𑄦𑄢𑄴
পাচাটা কেন যন্ত্রণা করতেছে জানিনা,𑄘𑄝𑄚𑄃𑄳𑄦𑄚𑄴 𑄇𑄨 𑄥𑄪𑄣𑄢𑄴 𑄇𑄨𑄎𑄬𑄚𑄨
ফর্সা ফর্সা পাচা,𑄙𑄧𑄣𑄴 𑄙𑄧𑄣𑄴 𑄘𑄝𑄚
এক গুষিতে সে কতদূরে গিয়ে পড়লো,𑄃𑄬𑄊𑄮 𑄘𑄝𑄨𑄖𑄴 𑄇𑄪𑄖𑄴𑄙𑄪𑄢𑄴 𑄃𑄪𑄢𑄨 𑄛𑄧𑄣𑄴𑄣𑄧𑄊𑄮𑄠𑄴 𑄖𑄬
এক গুষি খেয়ে আমি দিন দুপুরে আমি অনেক ক্লান্ত হয়ে গেলাম,𑄃𑄬𑄇𑄴 𑄘𑄝𑄨 𑄈𑄬𑄚𑄬𑄠𑄴 𑄟𑄪𑄠𑄴 𑄘𑄨𑄚𑄴 𑄘𑄨𑄝𑄪𑄌𑄴𑄍𑄬 𑄟𑄳𑄦𑄠𑄴 𑄖𑄢 𑄖𑄢 𑄎𑄪𑄚𑄳𑄦𑄨 𑄘𑄨𑄉𑄨𑄣𑄳𑄦𑄪𑄁
গুষি কয়েকটা খেলে/দিলে তারপরে সে শান্ত হয়,𑄘𑄝𑄨 𑄇𑄧𑄠𑄬𑄇𑄴𑄊𑄮 𑄈𑄬𑄚𑄬𑄠𑄴/𑄘𑄨𑄚𑄬𑄠𑄴 𑄖𑄳𑄦𑄬 𑄃𑄧𑄣𑄧𑄢𑄴 𑄦𑄧𑄠𑄴 𑄖𑄬𑅁
হাত ধোঁয়ার জগ,𑄦𑄖𑄴 𑄙𑄧𑄝𑄢𑄴 𑄘𑄝𑄪𑄢𑄴
জগ হচ্ছে হাত ধোঁয়ার জন্য,𑄘𑄝𑄪𑄢𑄴 𑄦𑄧𑄣𑄧𑄘𑄬 𑄦𑄖𑄴 𑄙𑄧𑄝𑄣𑄴𑄣𑄭𑅁
"সাত বিশ টাকা যৌতুক দিবো,হাতে কানে সোনা দিবো,পায়ে রুপার হারু দিবো,তোমাকে বিয়ে করার জন্য","𑄥𑄖𑄴 𑄇𑄪𑄢𑄨 𑄖𑄬𑄋 𑄘𑄞 𑄘𑄨𑄟𑄴, 𑄦𑄘𑄧𑄖𑄴 𑄇𑄚𑄧𑄖𑄴 𑄥𑄮𑄚 𑄘𑄨𑄟𑄴, 𑄗𑄬𑄋𑄧𑄖𑄴 𑄢𑄪𑄝𑄮𑄢𑄴 𑄈𑄢𑄪 𑄘𑄨𑄟𑄴, 𑄖𑄧𑄢𑄳𑄦𑄬 𑄣𑄧𑄞𑄖𑄴𑄖𑄬𑄠𑄴𑅁"
পেটের চামড়া,𑄷. 𑄛𑄬𑄘𑄧 𑄘𑄟𑄴
চিমটি দিয়ে সে কোমড়ের চামড়া তুলে নিল,𑄌𑄨𑄚𑄴𑄘𑄬𑄚𑄬𑄠𑄴 𑄇𑄧𑄟𑄴𑄞 𑄘𑄟𑄴 𑄖𑄪𑄣𑄳𑄦𑄨 𑄘𑄳𑄠𑄳𑄦𑄬 𑄖𑄬
এলার্জি,𑄛𑄨𑄉𑄨𑄢𑄳𑄦𑄬 𑄘𑄟𑄴
"পুরো পিটে এলার্জি উঠেছে,চিমটি খেয়ে","𑄉𑄧𑄘 𑄛𑄨𑄖𑄴𑄗𑄚𑄴 𑄘𑄟𑄴 𑄘𑄟𑄴 𑄦𑄪𑄠𑄬, 𑄃𑄋𑄪𑄘 𑄈𑄬𑄚𑄬𑄠𑄴"
ফোলা ফোলা করে এগুলো কি ফোঁড়া উঠেছে তার,𑄘𑄟𑄴 𑄘𑄟𑄴 𑄉𑄧𑄢𑄳𑄦𑄨 𑄃𑄨𑄠𑄳𑄦𑄪𑄚𑄴 𑄇𑄨 𑄜𑄮𑄢 𑄃𑄭𑄪𑄖𑄴𑄗𑄮𑄚𑄴 𑄇𑄨𑄎𑄬𑄚𑄨 𑄖𑄢𑄴
২ এইটার দাম কত?,𑄸. 𑄃𑄨𑄠𑄚𑄳𑄦𑄧 𑄘𑄟𑄴 𑄇𑄧𑄙𑄧𑄇𑄴?
ডামরা গরুগুলো যুদ্ধ করতেছে,𑄘𑄟𑄴𑄢𑄳𑄦 𑄉𑄧𑄢𑄪𑄃𑄪𑄚𑄳𑄦𑄬 𑄣𑄢𑄳𑄦𑄬 𑄝𑄏𑄬𑄠𑄮𑄚𑄴
"ডামরা গরু বাচ্চাটার এখনো শিং উঠে নাই,লাফালাফি করে","𑄘𑄟𑄴𑄢𑄳𑄦 𑄥𑄧𑄝𑄮 𑄃𑄬𑄞𑄧 𑄥𑄨𑄁𑄃𑄳𑄦𑄮 𑄚𑄳𑄦𑄧 𑄃𑄪𑄙𑄮𑄚𑄴, 𑄝𑄬𑄎 𑄟𑄢𑄬𑄘𑄬𑅁"
কাঁকড়া হাত,𑄇𑄋𑄢𑄳𑄦 𑄘𑄢𑄴
কাঁকড়া হাতের কোলস খুলে খুলে খেতে মজা তো,𑄇𑄋𑄢𑄳𑄦 𑄘𑄢𑄧 𑄥𑄌𑄴 𑄈𑄮𑄉𑄬 𑄈𑄮𑄉𑄬 𑄈𑄬𑄣𑄬 𑄥𑄪𑄃𑄮𑄖𑄴 𑄘𑄧
কাঁকড়ার হাঁতে চিমটি খেয়ে আমার গায়ে অনেক ব্যাথা করছে,𑄇𑄋𑄢𑄳𑄦 𑄘𑄢𑄧𑄖𑄴𑄗𑄪𑄚𑄴 𑄌𑄨𑄝 𑄈𑄬𑄚𑄬𑄠𑄴 𑄎𑄚𑄬 𑄎𑄪𑄚𑄳𑄦𑄨 𑄘𑄨𑄉𑄨𑄣𑄳𑄦𑄪𑄁 𑄟𑄪𑄠𑄴
রোভোতটা দুইটা দাঁত দিয়ে জিনিসগুলো ধরে,𑄢𑄮𑄞𑄧𑄖𑄴𑄖𑄮 𑄛𑄧𑄏𑄃𑄚𑄨 𑄙𑄧𑄢𑄬𑄘𑄬 𑄘𑄨𑄠𑄳𑄦𑄚𑄴 𑄘𑄢𑄴𑄣𑄮𑄠𑄴𑅁
কাঠ বহন করা,𑄘𑄢𑄴𑄞𑄮 𑄝𑄧𑄚
"কাঠগুলো শুকনা না,জ্বলে না","𑄘𑄢𑄴𑄞𑄮𑄃𑄚𑄨 𑄝𑄚𑄬 𑄟𑄧𑄢, 𑄚𑄧𑄠𑄳𑄦𑄮 𑄦𑄋𑄬"
এইখানে কাঠের অনেক অভাব,𑄘𑄢𑄴𑄞𑄮 𑄘𑄢 𑄃𑄨𑄙𑄪 𑄃𑄧𑄟𑄧𑄉𑄧𑄘𑄧 𑄢𑄖𑄴
অ লক্ষী - লক্ষী,𑄘𑄢𑄨𑄖𑄴 – 𑄣𑄧𑄇𑄴𑄈𑄨
অলক্ষী বাচ্চা,𑄘𑄢𑄨𑄖𑄴𑄖𑄬 𑄉𑄪𑄢𑄮
"এ এত খারাপ হয়ছে?তার ছেলেগুলো খারাপ,বেয়াদব হয়ছে",𑄃𑄳𑄦 𑄥𑄨𑄝𑄳𑄦𑄬 𑄃𑄳𑄦𑄬𑄟𑄴𑄝 𑄇𑄨 𑄘𑄢𑄨𑄖𑄴 𑄦𑄪𑄠𑄬𑄘𑄬? 𑄖 𑄛𑄮𑄃𑄳𑄦𑄪𑄚𑄴 𑄃𑄨𑄏𑄪 𑄘𑄢𑄨𑄖𑄴 𑄃𑄳𑄦 𑄃𑄧𑄥𑄨𑄞𑄨𑄣𑄴 𑄦𑄪𑄠𑄮𑄚𑄴𑄚𑄬
"সেও খারাপ,তার বন্ধুরাও খারাপ","𑄖𑄬𑄠𑄳𑄦𑄮 𑄘𑄢𑄨𑄖𑄴, 𑄖 𑄥𑄧𑄟𑄌𑄴𑄎𑄬𑄃𑄳𑄦𑄪𑄚𑄮 𑄘𑄢𑄨𑄖𑄴𑅁"
দাড়ি দাড়ি পোশাক,𑄘𑄢𑄨 𑄘𑄢𑄨 𑄥𑄪𑄣𑄪𑄟𑄴
দাড়ি দাড়ি কাপড়টা,𑄘𑄢𑄨 𑄘𑄢𑄨 𑄉𑄧𑄢𑄳𑄦𑄨 𑄇𑄝𑄧𑄢𑄳𑄦𑄚𑄴𑅁
ঔষধি,𑄘𑄢𑄪𑄘𑄧𑄢𑄴𑄟𑄧
ঔষধ খাওয়া,𑄘𑄢𑄪 𑄈𑄚
"অ্যালোম্যাথিক ঔষুধ, বৈদ্য ঔষুধ, হোমিওপ্যাথিক ঔষুধ","𑄘𑄇𑄴𑄖𑄧𑄢𑄨 𑄘𑄢𑄪, 𑄝𑄧𑄚𑄎𑄨 𑄘𑄢𑄪, 𑄈𑄮𑄟𑄨𑄃𑄮 𑄘𑄢𑄪"
ঔষুধ খেতে খেতে পুরো শরীরটা ঔষুধ হলো,𑄘𑄢𑄪 𑄈𑄘𑄬 𑄈𑄘𑄬 𑄉𑄧𑄘 𑄇𑄨𑄠𑄬𑄃𑄳𑄦𑄚𑄴 𑄘𑄢𑄪 𑄦𑄧𑄣𑄧
ঔষুধ ঠিকমতো খাচ্ছে না সে,𑄘𑄢𑄪 𑄘𑄧𑄢𑄴𑄟𑄧𑄠𑄬 𑄗𑄬 𑄚𑄧 𑄈𑄢𑄴
সকাল বিকাল সময়মতো ঔষুধ খেও,𑄝𑄨𑄚𑄴𑄐𑄳𑄦𑄬 𑄝𑄨𑄣𑄴𑄣𑄬 𑄃𑄧𑄇𑄴𑄗𑄧 𑄟𑄧𑄎𑄨𑄟𑄴 𑄘𑄢𑄪 𑄈𑄬𑄝𑄬𑅁
ঔষধি দোকানে ঔষুধ নাই,𑄘𑄢𑄪 𑄘𑄮𑄉𑄚𑄧𑄖𑄴 𑄘𑄢𑄪 𑄚𑄬𑄠𑄴𑅁
ঔষধি ট্যাবলেট খাওয়া,𑄘𑄢𑄪 𑄝𑄧𑄢𑄨 𑄈𑄚
ঔষধি ট্যাবলেটতা তিতা,𑄘𑄢𑄪 𑄝𑄧𑄢𑄨𑄞𑄮 𑄝𑄚 𑄖𑄨𑄘𑄬
এক পাতা ট্যাবলেট,𑄃𑄬𑄇𑄴 𑄛𑄘 𑄘𑄢𑄪𑄝𑄧𑄢𑄨𑅁
বলি দেওয়া,𑄘𑄣𑄨 𑄘𑄬𑄚
"গঙ্গাকে একটা মুরগি,ভূতের জন্য একটা ছাগল বলি দিলে সে সুস্থ হবে","𑄉𑄧𑄋𑄢𑄳𑄦𑄬 𑄃𑄨𑄇𑄴𑄊𑄮 𑄇𑄪𑄢𑄳𑄦𑄮, 𑄞𑄪𑄘𑄮𑄢𑄳𑄦𑄬 𑄃𑄨𑄇𑄴𑄊𑄮 𑄥𑄉𑄧𑄣𑄴 𑄘𑄣𑄨 𑄘𑄳𑄠𑄬 𑄛𑄧𑄢𑄨𑄝𑄮, 𑄖𑄳𑄦𑄬 𑄉𑄧𑄟𑄴 𑄦𑄧𑄝𑄧𑄘𑄬"
"মুসলিমরা ঈদের সময় গরু,ছাগল বলি দেয়",𑄟𑄪𑄏𑄪𑄢𑄴𑄟𑄚𑄪𑄚𑄳𑄦𑄬 𑄉𑄧𑄢𑄪 𑄥𑄉𑄧𑄣𑄴 𑄘𑄣𑄨 𑄘𑄮𑄚𑄴 𑄃𑄨𑄙𑄮 𑄣𑄳𑄦𑄧𑄇𑄴𑄇𑄬𑅁
বলি দেয়া এখন আমাদের মধ্যে থেকে উঠে যাচ্ছে,𑄘𑄣𑄨 𑄝𑄏 𑄃𑄨𑄇𑄴𑄈𑄬 𑄃𑄪𑄙𑄨 𑄎𑄣𑄴𑄣𑄮𑄠𑄴 𑄃𑄟𑄳𑄦 𑄃𑄨𑄖𑄴𑄗𑄪𑄚𑄴𑅁
.ডাং খেলা,𑄘𑄁 𑄈𑄢
ডাং গাছ,𑄘𑄁 𑄉𑄌𑄴𑅁
"সে নিশ্চিত মরে যাবে,যাও তাকে ধরো","𑄥𑄨𑄝𑄳𑄦𑄬 𑄘𑄁𑄋 𑄟𑄧𑄢𑄨𑄝𑄮𑄘𑄬 𑄙𑄬, 𑄃𑄬𑄇𑄴𑄇 𑄙𑄧𑄖𑄴𑄖𑄉𑄮𑄠𑄴"
"নিশ্চিত থাপ্পর খাবে , আমার সাথে তর্ক করো না","𑄘𑄁𑄋 𑄌𑄪𑄉𑄮𑄢𑄴 𑄈𑄬𑄝𑄬 𑄠𑄮, 𑄟𑄧𑄣𑄴𑄣𑄮𑄠𑄴 𑄛𑄬𑄘𑄬 𑄛𑄬𑄘𑄬 𑄚𑄧 𑄉𑄧𑄢𑄳𑄦𑄨𑄌𑄴"
দেখতেছি আমাকে তো মেরে ফেলবে,𑄘𑄁𑄋 𑄟𑄢𑄬 𑄜𑄬𑄣𑄬𑄝𑄬𑄘𑄬 𑄌𑄋𑄳𑄦𑄧𑄖𑄴𑄖𑄬 𑄖𑄪𑄠𑄴
সে চোখ বড় বড় করে তাকিয়ে থাকে,𑄘𑄁𑄋 𑄌𑄮𑄇𑄴 𑄜𑄬𑄣𑄬 𑄜𑄬𑄣𑄬 𑄉𑄧𑄢𑄳𑄦𑄨 𑄌𑄳𑄦𑄬 𑄗𑄭𑄘𑄬 𑄖𑄬
দাঙা যাওয়া,𑄸. 𑄘𑄁𑄋 𑄎𑄚
আগুনটা না নিভালে দাঙা যাবে,𑄃𑄊𑄪𑄚𑄚𑄴 𑄚𑄧 𑄟𑄢𑄬𑄣𑄬 𑄘𑄁𑄋 𑄎𑄬𑄝𑄧𑄘𑄬 𑄥𑄳𑄠𑄬𑅁
জিনিসগুলো পথেঘাটে পড়ে আছে,𑄛𑄧𑄏𑄞𑄨𑄢𑄬 𑄘𑄁𑄋𑄛𑄘𑄢𑄳𑄦𑄬 𑄛𑄧𑄢𑄨 𑄃𑄊𑄬𑅁
গাছগুলো কেটে সবটা খোলামেলা হলো,𑄉𑄌𑄴𑄍𑄪𑄚𑄴 𑄇𑄝𑄨𑄚𑄬𑄠𑄴 𑄉𑄧𑄘 𑄝𑄬𑄇𑄴𑄈𑄚𑄴 𑄘𑄁𑄘𑄁𑄋𑄬 𑄦𑄧𑄣𑄧
বিড়িটা লবণ নেই এরকম পাচ্ছে। দক এর মতো নাই? টাকা পেয়ে সে দক আছে এরকম বিড়ি নিল,"𑄝𑄨𑄢𑄨𑄞𑄮 𑄛𑄚𑄴𑄏 𑄛𑄋𑄳𑄦𑄧𑄖𑄴𑄖𑄬, 𑄘𑄧𑄇𑄴𑄝𑄧𑄣 𑄚𑄬𑄠𑄴 𑄃𑄳𑄦𑄧? 𑄸. 𑄖𑄬𑄋 𑄛𑄬𑄚𑄳𑄦𑄬𑄠𑄴 𑄘𑄧𑄇𑄴 𑄦𑄪𑄠𑄬 𑄖𑄬"
তোমাদের একটু একটু গাপদারি পাচ্ছি,𑄃𑄳𑄦 𑄖𑄧𑄟𑄳𑄦𑄢𑄬 𑄇𑄨 𑄃𑄬𑄇𑄴𑄇 𑄘𑄧𑄇𑄴 𑄘𑄧𑄇𑄴 𑄛𑄁𑄊𑄬!
বাঁশের কুন্ডলী দিয়ে বেত শির করে,𑄝𑄏𑄧 𑄘𑄧𑄉𑄣𑄮𑄠𑄴 𑄝𑄬𑄖𑄴 𑄜𑄨𑄢𑄮𑄚𑄴
,"𑄛𑄢𑄴𑄝𑄮 𑄘𑄧𑄉, 𑄇𑄣𑄨𑄥𑄪𑄢𑄨 𑄘𑄧𑄉, 𑄟𑄨𑄘𑄨𑄋𑄬 𑄝𑄏𑄧 𑄘𑄧𑄉"
বাঁঁশকোড়ল থেকে কুন্ডলীর বাঁশ হয়,𑄞𑄌𑄴𑄌𑄪𑄢𑄨𑄖𑄴𑄖𑄪𑄚𑄴 𑄖𑄳𑄦𑄬 𑄘𑄧𑄉 𑄝𑄌𑄴 𑄦𑄧𑄚𑄴𑄘𑄬𑅁
মন্ত্র,[𑄖𑄣𑄳𑄦𑄨𑄇𑄴]
"কী ডাকতেছে সেটা? ব্যাঙ ডাকতেছে ঘ্যাঙর ঘ্যাঙ, বাচসি দুপের তলায়, পরান্নের জন্য বৌ এনে দিব 
জাকজমক করে! সে গরুটা এত কী একনাগারে ডাকতেছে","𑄇𑄨 𑄘𑄧𑄉𑄧𑄢𑄬𑄢𑄴 𑄥𑄨𑄝𑄳𑄦𑄬? 𑄝𑄬𑄁 𑄘𑄧𑄉𑄧𑄖𑄴𑄖𑄧𑄚𑄴 𑄇𑄧𑄢𑄧𑄇𑄴 𑄇𑄧𑄢𑄧𑄇𑄴, 𑄞𑄌𑄴𑄌𑄬 𑄘𑄪𑄝𑄮𑄖𑄴 𑄖𑄧𑄣𑄬, 𑄛𑄧𑄢𑄚𑄴𑄐𑄳𑄠𑄬𑄣𑄴𑄣𑄭 
𑄝𑄮 𑄃𑄚𑄳𑄦𑄨 𑄘𑄨𑄝𑄮𑄁 𑄙𑄪𑄣𑄬 𑄘𑄧𑄉𑄧𑄢𑄬! 𑄥𑄬 𑄉𑄧𑄢𑄪𑄞𑄮 𑄇𑄨 𑄃𑄧𑄚𑄴𑄏𑄪𑄢𑄴 𑄘𑄧𑄉𑄧𑄢𑄨 𑄘𑄧𑄉𑄧𑄢𑄨 𑄗𑄭"
ক্যাসেতটা শব্দ করতেছে মনে হয়,𑄇𑄬𑄏𑄬𑄖𑄴𑄖𑄚𑄴 𑄘𑄧𑄉𑄧𑄢𑄬𑄖𑄴𑄖𑄬 𑄛𑄢𑄳𑄦𑄛𑄁
তুমি বিড়ালের শব্দ করতে জানো?,𑄖𑄪𑄠𑄴 𑄝𑄬𑄣𑄬𑄠𑄴 𑄘𑄧𑄉𑄧𑄢𑄨 𑄎𑄚𑄳𑄦𑄧𑄌𑄴?
জিনিসগুলো এক বারে না এনে দুই বারে আনলে হালকা হবে,𑄛𑄧𑄏𑄃𑄚𑄨 𑄃𑄬𑄇𑄴 𑄃𑄮𑄎𑄮𑄣𑄬 𑄚𑄧 𑄃𑄚𑄨𑄚𑄳𑄦𑄬𑄠𑄴 𑄘𑄧 𑄉𑄧𑄣𑄴𑄣𑄳𑄦𑄬 𑄥𑄳𑄦𑄧𑄣𑄴𑄟𑄧𑄣𑄴 𑄦𑄧𑄝𑄧𑅁
দক্ষিণ দিকে  দরজার ঘর,𑄘𑄧𑄊𑄨𑄚𑄴 𑄘𑄮𑄢𑄨 𑄊𑄧𑄢𑄴
দক্ষিণ পশ্চিম থেকে বাতাস আসতেছে,𑄘𑄧𑄉𑄨𑄚𑄳𑄦𑄬 𑄛𑄧𑄎𑄨𑄟𑄳𑄦𑄬𑄖𑄴𑄖𑄪𑄚𑄴 𑄝𑄮𑄠𑄬𑄢𑄳𑄦𑄚𑄴 𑄃𑄬𑄎𑄬𑄖𑄴𑄗𑄬𑅁
গরুকে যেভাবে দমানো হয় সেভাবে থাকে দমাবে,𑄉𑄧𑄢𑄪 𑄘𑄧𑄋𑄭 𑄛𑄳𑄦 𑄘𑄧𑄋𑄬𑄝𑄬𑄘𑄬 𑄙𑄬 𑄖𑄢𑄳𑄦𑄬𑅁
পরিষ্কার- ময়লা,𑄘𑄧𑄋𑄬𑄠𑄬 – 𑄃𑄘𑄧𑄋𑄬𑄠𑄬
ময়লা ঘর,𑄃𑄘𑄧𑄋𑄬𑄠𑄬 𑄊𑄮𑄢𑅁
দুই চালওয়ালা ঘর,𑄘𑄧𑄌𑄣𑄴𑄣𑄬 𑄊𑄧𑄢𑄴
তাদের চালটা দুই চাল করে সেলাই করেছে,𑄖𑄢𑄳𑄦 𑄌𑄣𑄳𑄦𑄚𑄴 𑄘𑄧𑄌𑄣𑄴𑄣𑄬 𑄉𑄧𑄢𑄳𑄦𑄨 𑄥𑄬𑄣𑄬𑄠𑄳𑄦𑄮𑄚𑄴𑅁
১. দশ টাকা ২. দশজনকে খাওয়াতে হবে. তারপর গ্রামে থাকতে পারবে,"𑄷. 𑄘𑄧𑄌𑄴 𑄖𑄬𑄋 𑄸. 𑄘𑄧𑄏𑄧𑄢𑄬 𑄈𑄝 𑄛𑄧𑄢𑄨𑄝𑄮, 𑄖𑄳𑄦𑄬 𑄃𑄘𑄟𑄧𑄖𑄴 𑄗𑄬 𑄛𑄢𑄨𑄝𑄬𑄘𑄬"
দশজনের টাকা কেমনে খাব আমি? দশ জনের কথা মানতে হবে তো!,𑄘𑄧𑄏𑄧 𑄖𑄬𑄋 𑄇𑄬𑄚𑄳𑄦𑄬 𑄈𑄬𑄘𑄧 𑄃𑄟𑄧𑄚𑄬? 𑄘𑄧𑄏𑄧 𑄇𑄧𑄙 𑄟𑄚 𑄛𑄧𑄢𑄨𑄝𑄮 𑄙𑄧!
দশজে -সড়া,𑄘𑄧𑄌𑄴𑄎𑄬 – 𑄥𑄧𑄢
সাক্ষর দেয়া,𑄘𑄧𑄌𑄴𑄖𑄧𑄇𑄴 𑄘𑄬𑄚
"সে লেখাপড়া পারে না,শুধু সাক্ষর দিতে পারে","𑄖𑄬 𑄣𑄬𑄊 𑄚𑄧 𑄛𑄢𑄬, 𑄝𑄧𑄣𑄬 𑄝𑄧𑄣𑄬 𑄘𑄧𑄌𑄴𑄖𑄧𑄇𑄴𑄈𑄮 𑄎𑄚𑄬𑄙𑄬𑅁"
দ ‍চুনি মদ,𑄘𑄧𑄌𑄪𑄚𑄨 𑄟𑄧𑄖𑄴
বিপদ ঘটে যাওয়া,𑄘𑄧𑄏 𑄎𑄚
,
বিপদ যাওয়া/আসা,𑄘𑄧𑄏𑄬 𑄎𑄚/𑄃𑄬𑄎𑄚𑄳𑄦
"আজকে আরও কি বিপদ ঘটিয়েছো,বিপদ ঘটিয়ে আবার বড় মুখ করে হাসতেছে",𑄃𑄢𑄳𑄦𑄧 𑄇𑄨 𑄘𑄧𑄏𑄬𑄠𑄮𑄌𑄴 𑄃𑄨𑄌𑄴𑄌𑄬? 𑄘𑄧𑄏𑄬 𑄘𑄏𑄭 𑄃𑄢𑄳𑄦𑄧 𑄝𑄧𑄢𑄴 𑄟𑄪 𑄉𑄧𑄢𑄳𑄦𑄨 𑄦𑄎𑄬𑄘𑄬 𑄝𑄮
বলতে না বলতেই সে বিপদ ঘটালো,𑄥𑄨𑄝𑄳𑄦𑄬 𑄃𑄌𑄴𑄍𑄢𑄴 𑄇𑄧𑄙𑄬 𑄚𑄧 𑄇𑄧𑄙𑄬 𑄘𑄧𑄏𑄬 𑄖𑄋𑄧𑄌𑄴𑄍𑄬
"বিপদ ঘটিয়ে আবার অস্বীকার করে!সে এমনিতে বিপদ ঘটাতে অভ্যস্ত হয়সে,একবার শাস্তি দিলে তারপর চুপ হবে সে","𑄘𑄧𑄎𑄬𑄚𑄳𑄦𑄬𑄠𑄴 𑄃𑄢𑄳𑄦𑄧 𑄈𑄟𑄴 𑄚𑄧 𑄈𑄭𑄘𑄬 𑄇𑄨! 𑄥𑄨𑄝𑄳𑄦𑄬 𑄃𑄳𑄦𑄬𑄚𑄬 𑄘𑄧𑄏𑄬 𑄘𑄧𑄏𑄬 𑄃𑄇𑄴𑄇𑄬𑄁 𑄦𑄪𑄠𑄬𑄘𑄬, 𑄃𑄬𑄇𑄴 𑄥𑄬𑄎 𑄈𑄬𑄣𑄬 
𑄖𑄳𑄦𑄬 𑄎𑄪𑄢𑄮 𑄦𑄧𑄝𑄧𑄘𑄬 𑄥𑄳𑄠𑄬𑅁"
মানুষরা ঘেঁষাঘেঁষি করে ঢুকতেছে,𑄥𑄨𑄝𑄳𑄦𑄬𑄢𑄴 𑄃𑄨𑄌𑄴𑄌𑄬 𑄟𑄧𑄢𑄧𑄚𑄧 𑄘𑄧𑄏 𑄃𑄨𑄌𑄴𑄍𑄬𑄘𑄬
বিপদ  আসতে নাকি  কুকুরেও ঘেউ ঘেউ  করে না,𑄘𑄧𑄏 𑄃𑄬𑄣𑄳𑄦𑄬 𑄞𑄬𑄣𑄬 𑄇𑄪𑄉𑄪𑄢𑄬𑄠𑄳𑄦𑄮 𑄚𑄧 𑄞𑄪𑄉𑄬
"এই বিপদ গুলো কিভাবে চলে যাবে? একটা পর একটা বিপদ আসতেছে, মুখ তুলতে পারতেছে না তারা ","𑄃𑄬 𑄘𑄧𑄏𑄃𑄚𑄨 𑄇𑄬𑄚𑄳𑄦𑄬 𑄇𑄘 𑄎𑄬𑄝𑄧? 𑄃𑄬𑄇𑄴𑄉𑄚𑄳𑄦𑄧 𑄎𑄬𑄢𑄬 𑄃𑄬𑄇𑄴𑄊𑄚𑄴 𑄘𑄧𑄏 𑄃𑄬𑄎𑄬𑄖𑄴𑄗𑄬 𑄃𑄨𑄏𑄪, 𑄟𑄪 𑄖𑄪𑄣𑄳𑄦𑄨 𑄚𑄧 
𑄛𑄖𑄴𑄖𑄧𑄚𑄴 𑄎𑄚𑄬 𑄖𑄢𑄳𑄦"
বিপদ আসতে নাকি কুকুরেও ঘেউ ঘেউ করে না,𑄘𑄧𑄏 𑄃𑄬𑄣𑄳𑄦𑄬 𑄞𑄬𑄣𑄬 𑄇𑄪𑄉𑄪𑄢𑄬𑄠𑄳𑄦𑄮 𑄚𑄧 𑄞𑄪𑄉𑄬𑅁
সে বিপদের কাজ আমার সামনে চলবে না,𑄥𑄬 𑄘𑄧𑄏𑄘𑄧𑄏𑄨 𑄇𑄟𑄴 𑄟𑄧 𑄟𑄪𑄎𑄪𑄋𑄳𑄦𑄬 𑄚𑄧 𑄌𑄧𑄣𑄨𑄝𑄮𑅁
উপরে যেতে যেতে চুমোহনিতে পরবেন,𑄃𑄪𑄎𑄮𑄚𑄴𑄐𑄬 𑄎𑄘𑄬 𑄎𑄘𑄬 𑄘𑄧𑄎𑄧𑄢𑄳𑄦𑄧𑄖𑄴 𑄛𑄧𑄢𑄨𑄝𑄬𑄉𑄮𑄠𑄴𑅁
পাহাড়ের কোণা,𑄟𑄪𑄢𑄳𑄦𑄮 𑄘𑄧𑄚
কোণার জমি,𑄘𑄧𑄚 𑄞𑄪𑄠𑄴
কোণাকোণির মধ্যে আমাদের বাড়ি,𑄘𑄧𑄚𑄘𑄧𑄚𑄨 𑄥𑄬𑄢𑄬 𑄃𑄟𑄳𑄦 𑄊𑄧𑄢𑄚𑄴
.সেটা আগে গাছের কোণা ছিল এখন  ধানের খেত করার জন্য কেটেছে,"𑄥𑄨𑄠𑄳𑄦𑄬𑄚𑄴 𑄃𑄉𑄬𑄚𑄴𑄙𑄨 𑄝𑄬𑄇𑄴𑄈𑄚𑄴 𑄝𑄌𑄴 𑄘𑄧𑄚 𑄃𑄬𑄣𑄳𑄦𑄧, 𑄃𑄨𑄇𑄴𑄈𑄬 𑄞𑄪𑄠𑄴 𑄉𑄧𑄢𑄨𑄞𑄖𑄴𑄖𑄬𑄠𑄴 𑄇𑄛𑄴𑄛𑄮𑄚𑄴𑄙𑄬𑅁"
জুতা স্যান্ডেল দিয়ে টক টক করে  মানুষরা হেতে যাচ্ছে,𑄎𑄧𑄖 𑄌𑄬𑄚𑄴𑄘𑄬𑄣𑄴𑄣𑄳𑄦𑄮𑄠𑄴 𑄘𑄧𑄛𑄴 𑄘𑄧𑄛𑄴 𑄉𑄧𑄢𑄳𑄦𑄨 𑄦𑄘𑄨 𑄎𑄘𑄧𑄚𑄴 𑄟𑄚𑄳𑄦𑄪𑄌𑄴𑄌𑄪𑄚𑄬𑅁
সোজা রাস্তা,𑄘𑄧𑄛𑄴𑄘𑄧𑄛𑄴𑄛𑄬 𑄛𑄧𑄖𑄴
সবটাই পরিষ্কার,𑄝𑄬𑄇𑄴𑄈𑄚𑄴 𑄙𑄪𑄃𑄮𑅁
তুমি আমার জন্য দুই পথের মাঝে অপেক্ষা করো,𑄘𑄧𑄛𑄧𑄙𑄃𑄚𑄧𑄖𑄴 𑄟𑄧𑄢𑄳𑄦𑄬 𑄝𑄌𑄴𑄍𑄬𑄌𑄴 𑄖𑄪𑄠𑄴
দুই পলকের বাচ্চারা আগের চাইতে অনেক বুঝে,𑄘𑄧𑄛𑄧𑄣𑄴𑄣 𑄉𑄪𑄢𑄮𑄃𑄳𑄦𑄪𑄚𑄴 𑄃𑄉𑄧 𑄙𑄢𑄚𑄬 𑄞𑄣 𑄝𑄪𑄏𑄮𑄚𑄴
.দুই পলক চোখ,𑄘𑄧𑄛𑄧𑄣𑄴𑄣 𑄌𑄮𑄇𑄴
দুই পলক- এক পলক,𑄘𑄧𑄛𑄰𑄱𑄣𑄴𑄣𑄬 – 𑄃𑄬𑄇𑄴 𑄛𑄰𑄱𑄣𑄴𑄣𑄬
দুই পলকের চোখ,𑄘𑄧𑄛𑄰𑄱𑄣𑄴𑄣𑄬 𑄌𑄮𑄇𑄴
.দুই পলকের চোখের পাতা,𑄘𑄧𑄛𑄰𑄱𑄣𑄴𑄣𑄬 𑄌𑄮𑄊𑄮 𑄛𑄘𑅁
বেশি কথা বললে তোমার চুল ফাঁকা করে কেটে দিব,𑄝𑄬𑄌𑄴 𑄟𑄘𑄨𑄣𑄬 𑄖𑄧 𑄌𑄪𑄣𑄳𑄦𑄚𑄴 𑄘𑄧 𑄜𑄉𑄣𑄇𑄴 𑄉𑄧𑄢𑄳𑄦𑄨 𑄇𑄝𑄨 𑄘𑄨𑄞𑄮𑄁
গাছের ডালটা উপরে উঠে গিয়ে তো ফাঁকা হয়েছে ,𑄉𑄌𑄴𑄌𑄮 𑄙𑄬𑄣𑄝𑄮 𑄃𑄧𑄎𑄧𑄣𑄧𑄖𑄴 𑄎𑄬𑄚𑄬𑄠𑄴 𑄘𑄧 𑄜𑄉𑄣𑄇𑄴 𑄦𑄪𑄠𑄬𑅁
অমুক - সমুক,𑄜𑄧𑄣𑄧𑄚 – 𑄘𑄧𑄝𑄧𑄚𑄳𑄦
তুমি অমুককে দিয়ে সমুককে দেখে আন,𑄖𑄪𑄠𑄴 𑄜𑄧𑄣𑄧𑄚𑄢𑄬 𑄘𑄨𑄚𑄬𑄘𑄨 𑄘𑄧𑄝𑄧𑄚𑄳𑄦𑄢𑄬 𑄘𑄉𑄨 𑄃𑄚𑄴𑄘𑄮𑄠𑄴
অমুক সমুক বলল সেটা কি হবে? অমুক নানি সমুক নাতনি,"𑄜𑄧𑄣𑄧𑄚 𑄘𑄧𑄝𑄧𑄚𑄳𑄦 𑄇𑄧𑄣𑄳𑄦𑄧 𑄞𑄨𑄣𑄨 𑄥𑄨𑄠𑄳𑄦𑄚𑄴 𑄇𑄨 𑄦𑄧𑄝𑄧 𑄚𑄇𑄨? 𑄜𑄧𑄣𑄧𑄚 𑄞𑄬𑄠𑄴, 𑄘𑄧𑄝𑄧𑄚𑄳𑄦 𑄚𑄘𑄨𑄚𑄴𑅁"
.হুমকি খাওয়া,𑄘𑄧𑄟𑄳𑄦 𑄈𑄚
হুমকি দিয়ে যাওয়া / আসা,𑄘𑄧𑄟𑄳𑄦𑄨 𑄎𑄚/𑄃𑄬𑄎𑄚𑄳𑄦
সে নাকি আমাকে হুমকি দিচ্ছে,𑄖𑄬 𑄞𑄬𑄣𑄬 𑄘𑄧𑄟𑄬𑄖𑄴𑄗𑄬 𑄟𑄧𑄢𑄳𑄦𑄬
আমি থাকে হুমকি দিয়ে আসলাম,𑄟𑄪𑄠𑄴 𑄖𑄢𑄳𑄦𑄬 𑄘𑄧𑄟𑄳𑄦𑄨𑄘𑄟𑄳𑄦𑄠𑄴 𑄃𑄨𑄣𑄪𑄁𑄊𑄬
"তার জীবনে আমাকে হুমকি দিয়ে যায়!  তাকে একটু হুমকি দিলাম - আবার আসলে পা ভেঙ্গে দিবো, হুমকি খেয়ে আর সে এইদিকে আছে না","𑄖 𑄛𑄧𑄢𑄚𑄬 𑄟𑄧𑄢𑄳𑄦𑄬 𑄘𑄧𑄟𑄳𑄦𑄨𑄘𑄟𑄳𑄦𑄠𑄴 𑄎𑄭𑄘𑄬! 𑄖𑄢𑄳𑄦𑄬 𑄃𑄬𑄇𑄴𑄇𑄬𑄚 𑄘𑄧𑄟𑄨𑄣𑄳𑄦𑄪𑄁 – 𑄃𑄢𑄳𑄦𑄧 𑄃𑄬𑄣𑄳𑄦𑄬 𑄃𑄬𑄇𑄴𑄈𑄬 𑄗𑄬𑄁 𑄞𑄋𑄨 𑄘𑄨𑄟𑄴, 𑄘𑄧𑄟𑄳𑄦 𑄈𑄬𑄚𑄬𑄠𑄴 
𑄘𑄧𑄢𑄬 𑄃𑄳𑄦𑄢𑄴 𑄃𑄬 𑄟𑄪𑄇𑄴𑄈𑄬 𑄚𑄧 𑄃𑄬𑄏𑄬 𑄃𑄢𑄴 𑄖𑄬𑅁"
১. টুকরা টুকরা,𑄷. 𑄘𑄧𑄟𑄳𑄦 𑄘𑄧𑄟𑄳𑄦
মাংসের টুকরা,𑄦𑄬𑄢 𑄘𑄧𑄟𑄳𑄦
তরকারির টুকরা,𑄖𑄮𑄚𑄮 𑄘𑄧𑄟𑄳𑄦
লাউর টুকরো গুলো বড় বড় হয়েছে,𑄇𑄪𑄙𑄪𑄉𑄪𑄣𑄮 𑄘𑄧𑄟𑄳𑄦𑄃𑄪𑄚𑄴 𑄘𑄋𑄳𑄦𑄧𑄢𑄴 𑄘𑄋𑄳𑄦𑄧𑄢𑄴 𑄦𑄪𑄠𑄮𑄚𑄴
সে তরমুজের টুকরো গুলো বড় বড় করেছে,𑄖𑄧𑄢𑄴𑄟𑄮𑄌𑄴𑄍𑄮 𑄝𑄬𑄌𑄴 𑄝𑄧𑄢𑄴 𑄝𑄧𑄢𑄴 𑄘𑄧𑄟𑄳𑄦 𑄉𑄪𑄌𑄴𑄍𑄬𑄘𑄬 𑄖𑄬
টুকরা টুকরা করে না কেটে লম্বাচওড়া করে কাটতো সুন্দর হতো,𑄘𑄧𑄟𑄳𑄦 𑄘𑄧𑄟𑄳𑄦 𑄉𑄧𑄢𑄳𑄦𑄨 𑄚𑄧 𑄇𑄝𑄨𑄚𑄬𑄠𑄴 𑄥𑄨𑄢𑄴 𑄥𑄨𑄢𑄴 𑄉𑄧𑄢𑄳𑄦𑄨 𑄇𑄝𑄨𑄘𑄮 𑄘𑄮𑄣𑄴 𑄦𑄪𑄣𑄪𑄚𑄴
আলুর টুকরাগুলো ভালোভাবে সিদ্ধ হয়েছে,𑄃𑄣𑄪 𑄘𑄧𑄟𑄳𑄦𑄃𑄪𑄚𑄴 𑄘𑄮𑄣𑄬 𑄟𑄬𑄣𑄬𑄠𑄳𑄦𑄮𑄚𑄴
২.ফনা তুলা,𑄸. 𑄘𑄧𑄟𑄳𑄦 𑄜𑄪𑄣𑄚
"সাপটি ফনা তুলছে দেখেছিস?শ্ শ্ করতেছে, নাড়াচাড়া করলে আরো বেশি শ্ শ্ করবে","𑄥𑄛𑄴𑄛𑄮 𑄘𑄧𑄟𑄳𑄦 𑄜𑄪𑄣𑄬𑄠𑄬𑄘𑄬 𑄘𑄨𑄇𑄴𑄈𑄮𑄌𑄴 𑄚𑄨? 𑄌𑄧𑄳𑄀𑄦 𑄌𑄧𑄳𑄀𑄦 𑄉𑄧𑄢𑄳𑄦𑄬𑄢𑄴, 𑄣𑄢𑄨𑄣𑄬 𑄥𑄮𑄎𑄳𑄦𑄬 𑄃𑄪𑄙𑄬𑅁"
হুমকি দেয়া,𑄘𑄧𑄟𑄴𑄈𑄧𑄟𑄴 𑄣𑄉𑄚
তাকে একটু হুমকি দিলে কাজ হবে,𑄖𑄢𑄳𑄦𑄬 𑄃𑄬𑄇𑄴𑄇 𑄘𑄧𑄟𑄴𑄈𑄧𑄟𑄴 𑄣𑄉𑄬𑄣𑄬 𑄇𑄟𑄴 𑄦𑄧𑄝𑄧𑅁
ভয়ে মরে ,𑄘𑄧𑄢𑄬 𑄟𑄳𑄦𑄧𑄬𑄢
ভয়ে ভয়ে,𑄘𑄮𑄢𑄬 𑄘𑄮𑄢𑄬
তুমি কি ভয় পাও? ভূত ভয় পায়,𑄖𑄪𑄠𑄴 𑄇𑄨 𑄘𑄧𑄢𑄌𑄴? 𑄞𑄪𑄖𑄴 𑄘𑄧𑄢𑄁𑄉𑄬
পানি ভয় পায়,𑄛𑄚𑄳𑄦𑄨 𑄘𑄧𑄢𑄁𑄉𑄬
হঠাৎ করে আমি দেবতা দেখলে মাথা ঘুরে পড়ে যাবো,𑄃𑄝𑄙 𑄉𑄧𑄢𑄳𑄦𑄨 𑄘𑄬𑄝𑄬𑄘 𑄘𑄨𑄉𑄨𑄣𑄳𑄦𑄬 𑄘𑄧𑄢𑄬 𑄜𑄨𑄖𑄴 𑄦𑄮𑄟𑄴 𑄟𑄪𑄠𑄴
এতো ভয়ে ভয়ে কেন থাক,𑄃𑄳𑄦 𑄥𑄬𑄟𑄴𑄝 𑄘𑄮𑄢𑄬 𑄘𑄮𑄢𑄬 𑄇𑄨𑄖𑄴𑄗𑄬𑄠𑄴 𑄗𑄌𑄴?
১. ভয় লাগা/ দেখানো,𑄷. 𑄘𑄧𑄢𑄴 𑄉𑄧𑄢𑄚𑄳𑄦/ 𑄣𑄉𑄚
.জঙ্গলের ভিতরে একা একা ভয় লাগে,𑄏𑄢𑄧 𑄞𑄨𑄘𑄨𑄢𑄬 𑄉𑄭 𑄉𑄭 𑄘𑄧𑄢𑄴 𑄉𑄧𑄢𑄳𑄦𑄬
এই শরীরটার জন্য সব ভয় লাগে,𑄝𑄬𑄇𑄴 𑄘𑄧𑄢𑄚𑄳𑄦𑄨 𑄃𑄪𑄘𑄬𑄙𑄬 𑄃𑄬 𑄇𑄨𑄠𑄬𑄃𑄚𑄳𑄦𑄧𑄣𑄴𑄣𑄭
"তার চোখ গুলো ভূতের মতো, দেখলে ভয় লাগে ","𑄖 𑄌𑄮𑄇𑄴𑄈𑄪𑄚𑄴 𑄞𑄪𑄘𑄮 𑄙𑄮𑄇𑄴𑄇𑄬, 𑄘𑄧𑄢𑄴 𑄉𑄧𑄢𑄳𑄦𑄬 𑄛𑄳𑄦"
৩. দামাদামি,𑄹. 𑄘𑄧𑄢𑄴 𑄘𑄟𑄴
.চালের কেজির দাম কত?দামাদামি করার পর কিনে নেয়া,𑄌𑄮𑄣𑄮 𑄇𑄬𑄎𑄨 𑄇𑄨 𑄘𑄧𑄢𑄴? 𑄘𑄧𑄢𑄴 𑄘𑄟𑄴 𑄉𑄧𑄢𑄳𑄦𑄨 𑄉𑄢𑄳𑄦𑄠𑄴 𑄖𑄳𑄦𑄬 𑄇𑄨𑄚𑄚𑅁
১.ভয়ের পোকা উঠা/ উঠিয়ে দেয়া,𑄷. 𑄘𑄧𑄢𑄴 𑄛𑄪𑄇𑄴 𑄃𑄪𑄘𑄚𑄳𑄦/ 𑄖𑄪𑄣𑄳𑄦𑄨 𑄘𑄬𑄚
সে ভয় পেলে একা একা রুমে থাকতে পারে না,𑄘𑄧𑄢𑄴 𑄛𑄪𑄇𑄴𑄈𑄮 𑄃𑄪𑄘𑄨𑄣𑄳𑄦𑄬 𑄉𑄭 𑄉𑄭 𑄉𑄪𑄙𑄨𑄖𑄴 𑄗𑄬 𑄚𑄧 𑄛𑄢𑄬 𑄖𑄬𑅁
ঔষুধ ঔষধি,𑄘𑄢𑄪 𑄘𑄧𑄢𑄴𑄟𑄧
ঔষুধ ঔষধি কি লাগবে?,𑄘𑄢𑄪 𑄘𑄧𑄢𑄴𑄟𑄧 𑄇𑄨 𑄣𑄉𑄨𑄝𑄮 𑄚𑄳𑄦𑄇𑄨?
শক্ত - নরম/ নরম,𑄘𑄧𑄢𑄳𑄦𑄧 – 𑄟𑄳𑄦𑄬𑄘𑄬𑄢/ 𑄚𑄧𑄢𑄧𑄟𑄴
"নরম নরম পাইলে আবার চিবিয়ে খা, শক্ত শক্ত পাইলে পাশেও যায় না","𑄚𑄧𑄢𑄧𑄟𑄴 𑄚𑄧𑄢𑄧𑄟𑄴 𑄛𑄬𑄣𑄳𑄦𑄬 𑄦𑄢𑄴𑄃𑄮 𑄌𑄝𑄬 𑄈𑄁, 𑄘𑄧𑄢𑄳𑄦𑄧 𑄘𑄧𑄢𑄳𑄦𑄧 𑄛𑄬𑄣𑄳𑄦𑄬 𑄇𑄪𑄢𑄬𑄚𑄴𑄙𑄨𑄠𑄮 𑄚𑄧 𑄎𑄁"
.খেয়েদেয়ে কোমর শক্ত করে নামতে হবে,𑄈𑄬 𑄈𑄭 𑄇𑄧𑄟𑄧𑄢𑄴 𑄘𑄧𑄢𑄳𑄦𑄧 𑄉𑄧𑄢𑄳𑄦𑄨 𑄣𑄟 𑄛𑄧𑄢𑄨𑄝𑄮𑅁
.মানুষটি বৃদ্ধ  হলেও  এখনো শক্ত আছে,𑄟𑄚𑄳𑄦𑄪𑄌𑄴𑄌𑄮 𑄝𑄪𑄢𑄳𑄦𑄮 𑄦𑄮𑄚𑄬𑄠𑄳𑄦𑄮 𑄃𑄬𑄞𑄧 𑄘𑄧𑄢𑄳𑄦𑄧𑄟𑄧𑄢𑄳𑄦𑄧 𑄃𑄊𑄬
বাড়িটা শক্ত হয়েছে,𑄊𑄧𑄢𑄳𑄦𑄚𑄴 𑄘𑄧𑄢𑄳𑄦𑄧𑄟𑄧𑄢𑄳𑄦𑄧 𑄦𑄪𑄠𑄳𑄦𑄬𑅁
রশিটা ভালো করে বাঁধতে হবে,𑄘𑄧𑄢𑄨𑄃𑄳𑄦𑄚𑄴 𑄘𑄮𑄣𑄬 𑄝𑄚𑄳𑄦 𑄛𑄧𑄢𑄨𑄝𑄮
রশিটা বাঁধেছে,𑄘𑄧𑄢𑄨𑄣𑄮𑄠𑄴 𑄝𑄚𑄴𑄐𑄳𑄦𑄬𑅁
.১. ইটের টুকরা,𑄷. 𑄃𑄨𑄘𑄬 𑄘𑄧𑄣
মাটির টুকরা ,𑄟𑄘𑄨 𑄘𑄧𑄣
মানুষরা ঘেঁষাঘেঁষি করে ঢুকতেছে,𑄘𑄧𑄣𑄘𑄧𑄣𑄴𑄣𑄬 𑄉𑄧𑄢𑄳𑄦𑄨 𑄟𑄚𑄳𑄦𑄪𑄌𑄴𑄌𑄪𑄚𑄴 𑄥𑄧𑄟𑄧𑄘𑄧𑄚𑄴
জাম ঘন করে ধরছে,𑄎𑄟𑄴𑄝𑄨𑄎𑄨 𑄘𑄧𑄣 𑄦𑄪𑄠𑄮𑄚𑄴 𑄙𑄧𑄌𑄴𑄌𑄮𑄚𑄴𑄘𑄬𑅁
মানুষরা ঘেঁষাঘেঁষি করে সিনেমা দেখতে যাচ্ছে,𑄟𑄚𑄳𑄦𑄪𑄌𑄴𑄌𑄪𑄚𑄴 𑄘𑄧𑄣𑄘𑄧𑄣𑄴𑄣𑄬 𑄉𑄧𑄢𑄳𑄦𑄨 𑄥𑄨𑄚𑄬𑄟𑄳𑄦 𑄌𑄳𑄦 𑄎𑄘𑄧𑄚𑄴𑅁
১ ধলা যাওয়া/খাওয়া,𑄷. 𑄘𑄧𑄣 𑄎𑄚/𑄈𑄚
ধলে নিয়ে যাওয়া,𑄘𑄧𑄣𑄨 𑄚𑄬𑄎𑄚
ধলে দাও,𑄘𑄧𑄣𑄨 𑄘𑄬𑄚
দেহ মোছা,𑄇𑄨𑄠𑄬 𑄘𑄧𑄣𑄚
"শরীরটা মুছো,অপরিষ্কার হয়েছে","𑄇𑄨𑄠𑄬𑄃𑄳𑄦𑄚𑄴 𑄘𑄧𑄣𑄴, 𑄉𑄧𑄘 𑄛𑄬𑄢𑄴𑄉 𑄦𑄪𑄠𑄬"
ধলে ধলে সে তাকে গোসল করে দিচ্ছে,𑄘𑄧𑄣𑄨 𑄘𑄧𑄣𑄨 𑄉𑄙𑄬 𑄘𑄬𑄢𑄴 𑄖𑄬 𑄖𑄢𑄳𑄦𑄬
সে নাকি গাড়ির ধলা খায়ছে,𑄖𑄬 𑄞𑄬𑄣𑄬 𑄉𑄢𑄳𑄦𑄨𑄖𑄴 𑄘𑄧𑄣 𑄈𑄨𑄠𑄬𑄘𑄬
কি ধলতে গেছে জানিনা,𑄇𑄨 𑄘𑄧𑄣 𑄎𑄨𑄠𑄳𑄦𑄬 𑄇𑄨𑄎𑄬𑄚𑄨
ধান মাড়ানো,𑄸. 𑄙𑄚𑄴 𑄘𑄧𑄣𑄚
ধান মাড়াতে হবে আজকে,𑄙𑄚𑄴 𑄘𑄧𑄣 𑄛𑄧𑄢𑄨𑄝𑄮 𑄃𑄨𑄌𑄴𑄌𑄬
চাল গুড়ো করে পিঠা বানিয়ে খেলো,𑄌𑄮𑄣𑄴 𑄘𑄧𑄣𑄨𑄚𑄬𑄠𑄴 𑄛𑄨𑄙𑄬 𑄈𑄬𑄣𑄇𑄴 𑄝𑄪𑄌𑄴𑄏𑄬 𑄝𑄪𑄢𑄳𑄦𑄨 𑄘𑄨𑄎𑄧𑄚𑄬
পুরা এলোমেলো হয়ে গেছে কাগজটা/থলেটি,𑄉𑄧𑄘 𑄘𑄧𑄣𑄟𑄳𑄦𑄧𑄎 𑄦𑄪𑄠𑄬 𑄇𑄉𑄮𑄌𑄴𑄍𑄚𑄴/ 𑄈𑄰𑄱𑄣𑄴𑄣𑄬𑄝𑄮
সংবাদপত্রটাকে সব এলোমেলো করেছে সে,𑄛𑄬𑄞𑄢𑄚𑄧𑄢𑄬 𑄉𑄧𑄘 𑄘𑄧𑄣𑄟𑄳𑄦𑄧𑄎 𑄝𑄚𑄬𑄠𑄳𑄦𑄬 𑄖𑄬𑅁
দল টানা,𑄷. 𑄘𑄧𑄣𑄴 𑄖𑄚𑄚
সৈন্য দল,𑄸. 𑄥𑄰𑄱𑄚𑄴𑄐𑄮 𑄘𑄧𑄣𑄴
তাদের দলটা আমাদের দলের সাথে জিতবে না,𑄖𑄢𑄳𑄦 𑄘𑄧𑄣𑄴𑄣𑄳𑄦𑄮 𑄚𑄧 𑄎𑄨𑄚𑄨𑄝𑄇𑄴 𑄃𑄟𑄳𑄦 𑄥𑄧𑄟𑄢𑄬𑅁
দয়া মায়া,𑄘𑄧𑄠𑄬 𑄟𑄬𑄠𑄬
দয়া করা,𑄘𑄧𑄠𑄬 𑄉𑄧𑄢𑄚𑄳𑄦𑅁
আজকাল দিনে দয়ামায়া উঠে যাচ্ছে,𑄃𑄨𑄇𑄴𑄈𑄪 𑄘𑄨𑄚𑄮𑄖𑄴 𑄘𑄧𑄠𑄬𑄟𑄬𑄠𑄬 𑄃𑄪𑄙𑄨 𑄎𑄣𑄴𑄣𑄮𑄠𑄴𑅁
মাটি ধসে পড়া,𑄘𑄧𑄁𑄉 𑄦𑄧𑄎𑄧𑄢𑄚𑄳𑄦
ভূমিধস হয়া,𑄘𑄧𑄁𑄉 𑄞𑄋𑄚
ভূমিধসে অনেক মানুষ মারা গেছে,𑄘𑄧𑄁𑄉 𑄦𑄧𑄎𑄮𑄢𑄨𑄚𑄬𑄠𑄴 𑄝𑄪𑄦𑄪𑄖𑄴 𑄟𑄚𑄳𑄦𑄪𑄌𑄴 𑄟𑄧𑄣𑄴𑄣𑄳𑄦𑄇𑄴
এক নাগাড়ে,𑄙𑄢 𑄘𑄨𑄉𑄨𑄣𑄳𑄦𑄨
দেখলে নিতে হয়,𑄘𑄨𑄉𑄨𑄣𑄳𑄦𑄨 𑄣𑄮 𑄛𑄧𑄢𑄬𑄢𑄴
পানি অনেক হয়েছে,𑄛𑄚𑄳𑄦𑄨 𑄙𑄢 𑄘𑄨𑄉𑄮𑄣𑄳𑄦𑄨 𑄦𑄪𑄠𑄬
"দিগলি বামে মহিষ বেড়াচ্ছে,সাথে বেড়াচ্ছে ননদ বোদি","𑄘𑄨𑄉𑄮𑄣𑄳𑄦𑄨 𑄝𑄟𑄧𑄖𑄴 𑄌𑄧𑄖𑄴𑄖𑄧𑄚𑄴 𑄟𑄮𑄌𑄴, 𑄥𑄧𑄟𑄢𑄬 𑄝𑄬𑄢𑄘𑄧𑄚𑄴 𑄚𑄧𑄚𑄧𑄚𑄴 𑄞𑄮𑄌𑄴"
পুরা উঠানে গরু গোবর,𑄃𑄪𑄙𑄮𑄚𑄴 𑄘𑄨𑄉𑄨𑄣𑄳𑄦𑄨 𑄉𑄧𑄢𑄪 𑄊𑄪
তার পুরো পিঠে এলার্জি উঠছে,𑄖𑄢𑄴 𑄛𑄨𑄖𑄴 𑄘𑄨𑄉𑄨𑄣𑄳𑄦𑄨 𑄝𑄧𑄢𑄧𑄖𑄴 𑄃𑄭𑄪𑄖𑄴𑄗𑄮𑄚𑄴𑄚𑄬
পুরো পথ দিয়ে কারা হেঁটে হেঁটে গেছে,𑄛𑄧𑄖𑄴 𑄘𑄨𑄉𑄨𑄣𑄳𑄦𑄨 𑄇𑄧𑄚𑄴𑄚𑄳𑄦 𑄦𑄉𑄳𑄦𑄨 𑄦𑄉𑄳𑄦𑄨 𑄎𑄨𑄠𑄳𑄦𑄬𑅁
গভীর সালাম দিয় আপনাদেরকে,"𑄌𑄨𑄖𑄴 𑄘𑄨𑄊𑄮𑄣𑄴 𑄥𑄣𑄟𑄴 𑄘𑄳𑄠𑄮𑄁 𑄖𑄧𑄟𑄳𑄦𑄢𑄬, 𑄝𑄛𑄴 𑄞𑄬𑄠𑄴 𑄣𑄧𑄇𑄴, 𑄟 𑄞𑄮𑄚𑄴 𑄣𑄧𑄇𑄴"
অবিরাম ভালোবাসা,𑄌𑄨𑄖𑄴 𑄘𑄨𑄊𑄮𑄣𑄴 𑄇𑄮𑄌𑄴𑄛𑄚𑄳𑄦𑅁
আমার মরণের বিপদ হয়েছে সেটা করে,𑄟𑄧𑄢𑄴 𑄟𑄧𑄢𑄧𑄚𑄧 𑄘𑄨𑄏𑄬 𑄦𑄪𑄠𑄬𑄘𑄬 𑄃𑄨𑄏𑄪𑅁
ভালো জামাই পেলে কেন বিয়ে দিবোনা আমার মেয়েকে,𑄘𑄨𑄏𑄬 𑄟𑄇𑄴𑄈𑄬 𑄎𑄟𑄬𑄠𑄴 𑄛𑄬𑄣𑄳𑄦𑄬 𑄃𑄠𑄳𑄦𑄬 𑄝𑄮 𑄚𑄧 𑄘𑄨𑄙𑄮𑄁 𑄟𑄧 𑄏𑄨𑄝𑄮𑄢𑄳𑄦𑄬
"এত বাজার ঘুরলাম, একটা পছন্দ মতো শার্ট পেলাম না","𑄃𑄳𑄦𑄬𑄟𑄴𑄝 𑄝𑄎𑄢𑄴 𑄊𑄪𑄢𑄨𑄣𑄪𑄁, 𑄘𑄨𑄏𑄬 𑄟𑄇𑄴𑄈𑄬 𑄃𑄨𑄇𑄴𑄊𑄮 𑄥𑄪𑄣𑄪𑄟𑄴 𑄟𑄬𑄣𑄬 𑄚𑄧 𑄛𑄣𑄴𑄣𑄪𑄁𑅁"
দিন রাত,𑄘𑄨𑄚𑄴 – 𑄢𑄬𑄖𑄴
"এক দিন অমাবস্যা,এক দিন পূর্ণিমা","𑄃𑄬𑄇𑄴 𑄘𑄨𑄚𑄴 𑄃𑄋𑄪𑄌𑄴𑄍𑄬, 𑄃𑄬𑄇𑄴 𑄘𑄨𑄚𑄴 𑄛𑄪𑄚𑄴𑄚𑄨𑄟"
"এক দিন তুমি আমার ছিলে,এক দিন আমি তোমার ছিলামএখন তো তুমি নেই,সেই দিনগুলো হারিয়ে গেছে","𑄃𑄬𑄇𑄴 𑄘𑄨𑄚𑄴 𑄖𑄪𑄠𑄴 𑄃𑄬𑄣𑄳𑄦𑄬 𑄟𑄧𑄢𑄴, 𑄃𑄬𑄇𑄴 𑄘𑄨𑄚𑄴 𑄟𑄪𑄠𑄴 𑄃𑄬𑄣𑄳𑄦𑄪𑄁 𑄖𑄧𑄢𑄴, 𑄃𑄨𑄇𑄴𑄈𑄬 𑄘𑄧 𑄖𑄪𑄠𑄴 𑄚𑄬𑄠𑄴, 𑄃𑄨𑄇𑄴𑄈𑄬 𑄘𑄧
 𑄟𑄪𑄠𑄴 𑄚𑄬𑄠𑄴, 𑄥𑄬𑄠𑄴 𑄘𑄨𑄚𑄪𑄚𑄴 𑄦𑄎𑄨 𑄎𑄨𑄠𑄮𑄚𑄴𑄘𑄮𑄠𑄴𑅁"
সারাদিন না খেয়ে আছি,𑄘𑄨𑄚𑄴𑄚𑄮𑄞𑄮 𑄃𑄪𑄞𑄮𑄌𑄴 𑄥𑄝𑄌𑄴 𑄃𑄉𑄧𑄁𑄊𑄬
সারাদিন কাজ করে আমি ক্লান্ত,𑄘𑄨𑄚𑄴𑄗𑄨𑄉𑄬 𑄇𑄟𑄴 𑄉𑄧𑄢𑄨𑄚𑄳𑄦𑄬𑄠𑄴 𑄟𑄪𑄠𑄴 𑄣𑄬𑄘
"সারাদিন কাটিয়ে দিবো চোখে চোখ রেখে,কথা বলে","𑄘𑄨𑄚𑄴𑄚𑄮𑄞𑄮 𑄇𑄘𑄬𑄝𑄧𑄁 𑄌𑄮𑄊𑄬 𑄌𑄮𑄇𑄴 𑄢𑄨𑄚𑄨 𑄌𑄳𑄦𑄬𑄠𑄴, 𑄚𑄚𑄚𑄴 𑄇𑄧𑄙 𑄇𑄳𑄦𑄮𑄠𑄴𑅁"
".দিনেদুপুরে মানুষটাকে মেরে ফেললো,কেউ কিছু বললো না,কোন দেশে আছি আমরা","𑄘𑄨𑄚𑄴 𑄘𑄨𑄝𑄪𑄌𑄴𑄍𑄬 𑄟𑄚𑄳𑄦𑄪𑄌𑄴𑄌𑄮𑄢𑄬 𑄟𑄢𑄬 𑄜𑄬𑄣𑄬𑄣𑄇𑄴𑄇𑄬, 𑄇𑄧𑄚𑄳𑄦𑄧𑄎𑄧𑄚𑄬 𑄇𑄨𑄌𑄴𑄍𑄪 𑄚𑄧 𑄇𑄧𑄣𑄳𑄦𑄇𑄴, 𑄇𑄧𑄚𑄴 𑄘𑄬𑄏𑄧𑄖𑄴 𑄃𑄊𑄨 𑄃𑄟𑄳𑄦𑄨?"
প্রতিদিন বেগুন তরকারি খেতে খেতে রুচি কমছে,𑄘𑄨𑄚𑄴𑄝𑄉𑄚𑄬 𑄝𑄬𑄉𑄪𑄚𑄴 𑄖𑄮𑄚𑄴 𑄈𑄘𑄬 𑄈𑄘𑄬 𑄛𑄬𑄉𑄭𑄖𑄴𑄗𑄬 𑄦𑄪𑄠𑄬𑅁
"দিনকাল ভালো না,সাবধানে চলাচল করিও","𑄘𑄨𑄚𑄴 𑄟𑄙𑄚𑄴 𑄉𑄧𑄟𑄴 𑄚𑄳𑄦𑄧𑄠𑄴, 𑄉𑄧𑄟𑄬 𑄌𑄧𑄣𑄨𑄌𑄴 𑄥𑄮𑅁"
আমি তাহলে আমার ভাতিজাকে পাঠাচ্ছি,𑄟𑄪𑄠𑄴 𑄥𑄣𑄳𑄦𑄬 𑄟𑄧 𑄞𑄬𑄠𑄴𑄛𑄪𑄖𑄴𑄖𑄳𑄦𑄮𑄢𑄬 𑄘𑄨 𑄛𑄙𑄋𑄧𑄢𑄴𑅁
"দুপুর,সকাল,বিকাল,রাত",𑄘𑄨𑄝𑄪𑄌𑄴𑄍𑄬 – 𑄝𑄨𑄚𑄴𑄐𑄳𑄦𑄬 – 𑄝𑄨𑄣𑄴𑄣𑄬 – 𑄢𑄬𑄖𑄴
দুপুরের সময়,𑄘𑄨𑄝𑄪𑄌𑄴𑄍𑄬 𑄟𑄙𑄚𑄴/ 𑄃𑄧𑄇𑄴𑄗𑄧
আকাশটা দুপুরে কান ফাটা রোদ দেয়,𑄘𑄬𑄝𑄞𑄮 𑄘𑄨𑄝𑄪𑄌𑄴𑄍𑄬 𑄦𑄧𑄣𑄬 𑄇𑄚𑄴 𑄛𑄉𑄚𑄳𑄦 𑄢𑄮𑄖𑄴 𑄘𑄬𑄘𑄬
দুপুরে একা একা মনটা ভালো লাগে না,𑄘𑄨𑄝𑄪𑄌𑄴𑄍𑄬 𑄉𑄭 𑄉𑄭 𑄌𑄨𑄖𑄴 𑄚𑄧 𑄞𑄪𑄎𑄬
"মনটা দুপুরে শান্ত না হলে কি,সকালে কি,রাতে কি,কোনো সময়ে সুখ নাই","𑄟𑄧𑄚𑄳𑄦𑄚𑄴 𑄃𑄧𑄣𑄧𑄢𑄴 𑄚𑄧 𑄦𑄧𑄣𑄬 𑄇𑄳𑄦𑄨 𑄘𑄨𑄝𑄪𑄌𑄴𑄍𑄬, 𑄇𑄳𑄦𑄨 𑄝𑄨𑄚𑄴𑄐𑄳𑄦𑄬, 𑄇𑄳𑄦𑄨 𑄢𑄬𑄘𑄮𑄖𑄴, 𑄇𑄧𑄚𑄳𑄦𑄧 𑄝𑄳𑄠𑄬𑄣𑄧𑄖𑄴 𑄥𑄪𑄇𑄴 𑄚𑄬𑄠𑄴𑅁"
১ দুইটা চোখ,𑄷. 𑄘𑄨𑄞𑄬 𑄌𑄮𑄇𑄴
দুইটা মিষ্টি কুমড়া ২.দুইটা ঘড়ি,𑄘𑄨𑄞𑄬 𑄥𑄪𑄉𑄪𑄢𑄨𑄉𑄪𑄣𑄮 𑄸. 𑄘𑄨𑄞𑄬 𑄉𑄧𑄢𑄳𑄦𑄨
কয়েকটা ভাত খেয়ে কাজে যেতে হবে,𑄘𑄨𑄞𑄬 𑄞𑄖𑄴 𑄈𑄬𑄈𑄭 𑄎 𑄛𑄧𑄢𑄨𑄝𑄮 𑄇𑄟𑄧𑄖𑄴
"কয়েকটা চাকমা,তারাও আবারা লাফালাফি","𑄘𑄨𑄞𑄬 𑄉𑄧𑄢𑄳𑄦𑄨 𑄌𑄁𑄟𑄳𑄦 , 𑄖𑄢𑄳𑄦 𑄃𑄢𑄳𑄦𑄧 𑄇𑄧𑄙𑄧𑄇𑄴 𑄜𑄭𑄣𑄴𑄣𑄜𑄣𑄴𑄣𑄨"
.কয়েকটা করে চাউল আছে,𑄘𑄨𑄞𑄬 𑄉𑄧𑄢𑄳𑄦𑄨 𑄌𑄮𑄣𑄴 𑄃𑄉𑄧𑄚𑄴𑄙𑄬𑅁
পাচার মাঝখানে,𑄘𑄨𑄢𑄬𑄚𑄧 𑄥𑄬𑄢𑄬
.পাচা ফাঁক করা,𑄘𑄨𑄢𑄬𑄚𑄴 𑄌𑄬𑄉𑄚
সে হুট করে আমার পাচার মধ্যে করে গেল,𑄖𑄬 𑄟𑄧 𑄘𑄨𑄢𑄬𑄚𑄧 𑄥𑄬𑄢𑄬𑄚𑄴𑄘𑄨 𑄜𑄨𑄎𑄨𑄖𑄴 𑄚𑄳𑄦𑄨𑄉𑄨𑄣𑄨 𑄎𑄬𑄣𑄧𑄙𑄬
ভূতটা নাকি পাচা ফাঁক করে ঝর্ণায় দাড়িয়ে থাকে,𑄞𑄪𑄖𑄴𑄖𑄮 𑄞𑄬𑄣𑄬 𑄘𑄨𑄢𑄬𑄚𑄴 𑄌𑄬𑄉𑄬 𑄎𑄪𑄢𑄳𑄦𑄨𑄃𑄚𑄧𑄖𑄴 𑄗𑄬𑄉𑄬 𑄗𑄭𑄘𑄬𑅁
তার কি একটুও ভয় করেনা?,𑄖𑄢𑄴 𑄇𑄨 𑄃𑄬𑄇𑄴𑄇𑄠𑄳𑄦𑄮 𑄘𑄨𑄣𑄮𑄖𑄴 𑄘𑄧𑄢𑄴 𑄚𑄬𑄠𑄴?
ছোট বড় করা,𑄘𑄨𑄠𑄮𑄚𑄴 𑄥𑄨𑄠𑄮𑄚𑄴 𑄉𑄧𑄢𑄚𑄳𑄦
আত্মীয়,[𑄇𑄪𑄘𑄪𑄟𑄴]
দুঃখ সুখ,𑄘𑄪𑄇𑄴 – 𑄥𑄪𑄇𑄴
মনে দুঃখ,𑄟𑄧𑄚𑄧𑄖𑄴 𑄘𑄪𑄇𑄴
মনে দুঃখ পাওয়া/লাগানো/তাঙানো,𑄟𑄧𑄚𑄧𑄖𑄴 𑄘𑄪𑄇𑄴 𑄛𑄚𑄳𑄦/ 𑄣𑄉𑄚/ 𑄃𑄪𑄘𑄚𑄳𑄦
দুঃখ করা/পাওয়া/তাঙানো/লাগানো,𑄘𑄪𑄇𑄴 𑄉𑄧𑄢𑄚𑄳𑄦/ 𑄛𑄚𑄳𑄦/ 𑄖𑄋𑄚/ 𑄣𑄉𑄚
কবিতা]এত দুঃখ কটেও সব পানির তলায়,[𑄇𑄧𑄝𑄨𑄖] 𑄃𑄬𑄙𑄧𑄇𑄴 𑄘𑄪𑄇𑄴 𑄉𑄧𑄢𑄨𑄚𑄳𑄦𑄬𑄠𑄮 𑄝𑄳𑄦𑄬𑄇𑄴 𑄛𑄚𑄳𑄦𑄨𑄖𑄴 𑄖𑄧𑄣𑄬
কত দুঃখ পেলাম এই জীবনে,𑄎𑄬 𑄘𑄪𑄇𑄴 𑄛𑄬𑄣𑄳𑄦𑄪𑄁 𑄃𑄬 𑄎𑄨𑄁𑄇𑄚𑄨𑄖𑄴
সারাদিন কষ্ট করে বিকালে ভাত খেতে না পেলে সেটার থেকে দুঃখ আর কোথায় আছে?দুঃখে দুঃখে জীবনটা গেল,"𑄘𑄨𑄚𑄴𑄚𑄮𑄞𑄮 𑄘𑄪𑄇𑄴 𑄉𑄧𑄢𑄨𑄚𑄳𑄦𑄬𑄠𑄴 𑄝𑄨𑄣𑄴𑄣𑄬 𑄞𑄖𑄴𑄖𑄪𑄚𑄳𑄦𑄮 𑄉𑄧𑄟𑄬 𑄈𑄬 𑄚𑄧 𑄛𑄬𑄣𑄳𑄦𑄬 𑄥𑄨𑄖𑄴𑄖𑄪𑄚𑄴 𑄛𑄢𑄳𑄦 𑄘𑄪𑄇𑄴 𑄇𑄪𑄙𑄪 𑄃𑄊𑄬? 𑄘𑄪𑄊𑄬 𑄘𑄪𑄊𑄬 
𑄎𑄨𑄁𑄇𑄚𑄨 𑄎𑄬𑄣𑄳𑄦𑄧𑅁"
জালের মতো মাছ খেতে না পারা,𑄎𑄣𑄧 𑄘𑄪𑄇𑄴𑄈𑄬 𑄟𑄌𑄴 𑄈𑄬𑄠𑄴 𑄚𑄧 𑄛𑄚𑄳𑄦
পরানটা ছটফট করতেছে,𑄛𑄧𑄢𑄚𑄳𑄦𑄚𑄴 𑄘𑄪𑄊𑄪𑄖𑄴 𑄘𑄪𑄊𑄪𑄖𑄴 𑄉𑄧𑄢𑄳𑄦𑄬𑄢𑄴𑅁
"দোষ,গুণ",𑄘𑄪𑄌𑄴 – 𑄉𑄪𑄚𑄴
দোষ করা,𑄘𑄪𑄌𑄴 𑄉𑄧𑄢𑄚𑄳𑄦/ 𑄇𑄢𑄚𑄳𑄦
কি দোষ করলা আবার?নিজের দোষ নিজে দেখলে ভালো,𑄇𑄨 𑄘𑄪𑄌𑄴 𑄇𑄢𑄳𑄦𑄬𑄠𑄮𑄌𑄴𑄌𑄮𑄠𑄴 𑄃𑄢𑄳𑄦𑄧? 𑄃𑄟𑄧𑄚𑄧 𑄘𑄪𑄌𑄴𑄌𑄚𑄳𑄦𑄨 𑄃𑄟𑄧𑄚𑄬 𑄘𑄨𑄉𑄨𑄣𑄳𑄦𑄬 𑄖𑄳𑄦𑄬 𑄉𑄧𑄟𑄴𑄟𑄬
"নিজের দোষটা নিজে দেখিনা,পরের দোষ তাড়াতাড়ি দেখি","𑄃𑄟𑄧𑄚𑄧 𑄘𑄪𑄌𑄴𑄌𑄚𑄳𑄦𑄨 𑄃𑄟𑄧𑄚𑄬 𑄚𑄧 𑄘𑄬𑄊𑄬, 𑄛𑄧𑄢𑄨𑄠𑄮 𑄘𑄪𑄌𑄴𑄌𑄚𑄳𑄦𑄨 𑄈𑄇𑄴𑄇𑄬 𑄘𑄬𑄊𑄬𑅁"
"১,দুধু",𑄷. 𑄘𑄪𑄙𑄪
দুধ গরু দুধ খাওয়া ভালো না,𑄘𑄪𑄖𑄴 𑄉𑄧𑄢𑄪 𑄘𑄪𑄖𑄴 𑄈𑄚 𑄉𑄧𑄟𑄴 𑄚𑄳𑄦𑄧𑄠𑄴
"দুধ থেকে দই,দই থেকে ঘি","𑄘𑄪𑄙𑄮𑄖𑄴𑄖𑄪𑄚𑄴 𑄘𑄮𑄠𑄴 𑄦𑄧𑄠𑄴, 𑄘𑄮𑄠𑄮𑄖𑄴𑄗𑄪𑄚𑄴 𑄖𑄳𑄦𑄬 𑄊𑄨"
দুধটা গরম গরম খেলে ভালো হবে,𑄘𑄪𑄖𑄴𑄗𑄚𑄴 𑄉𑄧𑄢𑄧𑄟𑄴 𑄉𑄧𑄢𑄧𑄟𑄴 𑄈𑄬𑄣𑄬 𑄖𑄳𑄦𑄬 𑄉𑄧𑄟𑄴 𑄦𑄧𑄝𑄧𑄘𑄬
দুধ খাওয়া/দেয়া/খাওয়ানো,𑄸. 𑄘𑄪𑄖𑄴 𑄈𑄚/𑄘𑄬𑄚/𑄈𑄝𑄚
দুধ নেয়া,𑄘𑄪𑄖𑄴 𑄘𑄮𑄃𑄚𑄳𑄦
দুধের ভাত,𑄘𑄪𑄙𑄮 𑄝𑄖𑄴
দুধের মাথা,𑄘𑄪𑄙𑄮 𑄟𑄙
বাচ্চাটাকে তার মা দুধ দিচ্ছে,𑄉𑄪𑄢𑄮𑄞𑄮𑄢𑄬 𑄘𑄪𑄖𑄴 𑄘𑄬𑄢𑄴 𑄖𑄟𑄴𑄟
বিড়ালটা তার বাচ্চাদের দুধ খাওয়াচ্ছে,𑄝𑄬𑄣𑄬𑄠𑄴𑄞𑄮 𑄖 𑄥𑄧𑄃𑄪𑄚𑄮𑄢𑄬 𑄘𑄪𑄖𑄴 𑄈𑄝𑄢𑄴𑅁
দৌড়ে যাওয়া/আসা,𑄘𑄪𑄖𑄴𑄘𑄪𑄢𑄬 𑄎𑄚/𑄃𑄬𑄎𑄚𑄳𑄦
বাচ্চাটা পুরো বাড়িটিতে দৌড়াচ্ছে,𑄉𑄪𑄢𑄮𑄞𑄮 𑄃𑄨𑄏𑄪 𑄉𑄧𑄘 𑄊𑄧𑄢𑄚𑄴 𑄘𑄪𑄖𑄴𑄘𑄪𑄢𑄭𑄘𑄬
গাড়িটা মিস করার ভয়ে দৌড়ে আসলাম,𑄉𑄢𑄳𑄦𑄨𑄃𑄚𑄴 𑄣𑄊𑄧𑄖𑄴 𑄚𑄧𑄛𑄳𑄦𑄬𑄟𑄴𑄟𑄨 𑄞𑄨𑄣𑄨𑄚𑄬𑄠𑄴 𑄘𑄪𑄖𑄴𑄘𑄪𑄢𑄬 𑄃𑄬𑄣𑄪𑄁𑄊𑄬
সে যখন অসুস্থ ছিল কে দৌড়াদৌড়ি করছে?আমি দৌড়াদৌড়ি করছি,𑄖𑄬 𑄛𑄨𑄢𑄬 𑄛𑄧𑄌𑄴𑄎𑄬𑄙𑄬 𑄣𑄧𑄇𑄴𑄈𑄬 𑄇𑄧𑄚𑄴𑄚𑄳𑄦 𑄘𑄪𑄖𑄴𑄘𑄪𑄢𑄬𑄠𑄳𑄦𑄬? 𑄟𑄪𑄠𑄴 𑄘𑄪𑄖𑄴𑄘𑄪𑄢𑄬𑄠𑄮𑄁𑄊𑄬𑅁
আমি দৌড়ায় দৌড়ায় গেলাম,𑄟𑄪𑄠𑄴 𑄃𑄨𑄏𑄪 𑄘𑄪𑄘𑄪𑄢𑄴 𑄘𑄪𑄘𑄪𑄢𑄴 𑄎𑄨𑄣𑄪𑄁𑄊𑄬𑅁
আগুনটা দাউ দাউ করতেছে,𑄃𑄊𑄪𑄚𑄚𑄴 𑄘𑄪𑄚𑄴𑄘𑄪𑄟𑄢𑄴
প্রানটা ছটফট করতেছে,𑄛𑄧𑄢𑄚𑄳𑄦𑄚𑄴 𑄘𑄪𑄚𑄴𑄘𑄪𑄟𑄖𑄴𑄖𑄬 𑄃𑄨𑄏𑄪
আগুনটা দাউ দাউ করে জ্বলতেছে,𑄃𑄊𑄪𑄚𑄚𑄴 𑄘𑄪𑄚𑄴𑄘𑄪𑄟𑄬 𑄦𑄋𑄬𑄢𑄴𑅁
দুনিয়া,𑄘𑄪𑄚𑄨𑄠𑄬𑄘𑄢𑄨
দুনিয়ার কিছুই সে জানেনা,𑄘𑄪𑄚𑄨𑄠𑄬𑄘𑄢𑄨 𑄇𑄨𑄌𑄴𑄍𑄪 𑄃𑄪𑄘𑄮 𑄞𑄪𑄘𑄮 𑄚𑄧 𑄛𑄳𑄦𑄠𑄴 𑄖𑄬
সংসারে কোন দুনিয়ায় ঘুরতেছ,"𑄃𑄳𑄦 𑄇𑄪𑄙𑄪 𑄘𑄪𑄚𑄨𑄠𑄬 𑄥𑄧𑄁𑄥𑄢𑄴 𑄞𑄧𑄋𑄧𑄣𑄴𑄣𑄮𑄠𑄴? 𑄃𑄨𑄚𑄴𑄙𑄨 𑄟𑄪𑄠𑄴 𑄃𑄱𑄁 𑄃𑄱𑄁 𑄘𑄉𑄧𑄋𑄧𑄖𑄴𑄗𑄬, 𑄈𑄧𑄝𑄧𑄢𑄴 𑄚𑄬𑄠𑄴𑅁"
এদিকে আমি ডাকতেছি কোনো খবর নাই,𑄃𑄝𑄙 𑄉𑄧𑄢𑄳𑄦𑄨 𑄛𑄧𑄢𑄚𑄳𑄦𑄚𑄴 𑄇𑄨 𑄘𑄪𑄚𑄪𑄟𑄴 𑄉𑄧𑄢𑄳𑄦𑄨 𑄃𑄪𑄘𑄨𑄣𑄳𑄦𑄮
হঠাৎ করে প্রাণটা ছটফট করে উঠল,𑄛𑄧𑄢𑄚𑄳𑄦𑄚𑄴 𑄃𑄬𑄞𑄧 𑄥𑄧𑄁 𑄘𑄪𑄚𑄪𑄟𑄴 𑄘𑄪𑄚𑄪𑄟𑄴 𑄉𑄧𑄢𑄳𑄦𑄬𑄢𑄴
আগুনটা দাউ দাউ করে জ্বলতেছে,𑄃𑄊𑄪𑄚𑄚𑄴 𑄘𑄪𑄚𑄪𑄟𑄴 𑄘𑄪𑄚𑄪𑄚𑄴 𑄎𑄧𑄣𑄬𑄢𑄴𑅁
উনো দুনো,𑄃𑄪𑄚𑄮 – 𑄘𑄪𑄚𑄮
"উনো বাদে দুনোর বল, ভরা পেটে রজাততল","𑄃𑄪𑄚𑄮 𑄞𑄘𑄬 𑄘𑄪𑄚𑄮 𑄝𑄧𑄣𑄴, 𑄞𑄧𑄢𑄧𑄚𑄴 𑄛𑄬𑄘𑄧𑄖𑄴 𑄢𑄧𑄏𑄖𑄴𑄖𑄧𑄣𑄴"
ধূপ ফেলা,𑄘𑄪𑄛𑄴 𑄛𑄘𑄚
ধপধপে পথ,𑄘𑄪𑄛𑄴𑄘𑄪𑄛𑄴𑄛𑄬 𑄛𑄧𑄖𑄴
১ ডোবা ডোবা,𑄷. 𑄘𑄪𑄝𑄮𑄁 𑄘𑄪𑄝𑄮𑄁
ডুবে থাকা/যাওয়া,𑄘𑄪𑄝𑄨 𑄗𑄚/ 𑄎𑄚
ডোবা খাওয়া/যাওয়া,𑄘𑄪𑄝 𑄈𑄚/𑄎𑄚
"সূর্য ডোবার সন্ধ্যার আলোয়,তোমাকে মনে পড়ে","𑄝𑄬𑄣𑄴 𑄘𑄪𑄝𑄮𑄚𑄨 𑄥𑄎𑄧𑄚𑄳𑄦𑄨 𑄛𑄧𑄢𑄳𑄦𑄬, 𑄟𑄧𑄚𑄧𑄖𑄴 𑄃𑄪𑄙𑄬 𑄖𑄧𑄢𑄳𑄦𑄬"
সূর্য অস্ত যাচ্ছে,𑄝𑄬𑄣𑄳𑄦𑄚𑄴 𑄘𑄪𑄝𑄬𑄣𑄴𑄣𑄮𑄠𑄴
নৌকাটা পানিতে ডুবে গেল,𑄚𑄧𑄃𑄳𑄦𑄚𑄴 𑄘𑄪𑄛𑄴𑄛𑄬𑄊𑄮𑄠𑄴 𑄛𑄚𑄳𑄦𑄨𑄖𑄴
মাছটা একটু কটে ভেসে উঠে আবার ডুবে গেল,𑄟𑄌𑄴𑄍𑄮 𑄃𑄬𑄇𑄴𑄇 𑄉𑄧𑄢𑄳𑄦𑄨 𑄞𑄎 𑄘𑄨𑄚𑄬𑄠𑄴 𑄃𑄢𑄳𑄦𑄧 𑄘𑄪𑄝𑄨𑄣𑄮𑄉𑄮𑄠𑄴
এদিকে আমাদের কাজে তাড়া পরেছে,𑄃𑄨𑄚𑄴𑄙𑄨 𑄃𑄟𑄳𑄦𑄢𑄴 𑄇𑄟𑄧𑄖𑄴 𑄘𑄪𑄝𑄮𑄘𑄪𑄝𑄨 𑄛𑄧𑄌𑄴𑄏𑄬
গতবারে তারা পুরো ডোবা খায়ছে,𑄉𑄬𑄣𑄴𑄣𑄬 𑄝𑄚𑄴𑄚𑄳𑄦𑄮𑄖𑄴 𑄃𑄬𑄇𑄴𑄈𑄬 𑄘𑄪𑄝 𑄈𑄨𑄠𑄳𑄦𑄮𑄚𑄴 𑄖𑄢𑄳𑄦
১.পিঠা বানানো,𑄸. 𑄛𑄨𑄙𑄬 𑄘𑄪𑄝𑄚
তারা পিঠা বানাচ্ছে,𑄖𑄢𑄳𑄦 𑄛𑄨𑄙𑄬 𑄘𑄪𑄝𑄧𑄘𑄧𑄚𑄴
ডিঙিতে বানানো পিঠা,𑄙𑄨𑄋𑄨𑄖𑄴 𑄘𑄪𑄛𑄴𑄛𑄬 𑄛𑄨𑄙𑄬
তামাক বানানো,𑄙𑄪𑄚𑄴𑄚𑄮 𑄘𑄪𑄝𑄚
প্রতিদিন তানাক বানাতে হয়,𑄘𑄨𑄚𑄴𑄝𑄉𑄚𑄬 𑄙𑄪𑄚𑄴𑄚𑄮 𑄘𑄪𑄝 𑄛𑄧𑄢𑄬
ডিঙিতে বানানো পিঠা খেতে মজা,"𑄙𑄨𑄋𑄨𑄖𑄴 𑄘𑄪𑄛𑄴𑄛𑄬 𑄛𑄨𑄙𑄬, 𑄈𑄬𑄣𑄬 𑄥𑄪𑄃𑄮𑄖𑄴𑅁"
এত বড় পানিতে নামার জণ্য কে আছে?,𑄃𑄳𑄦𑄬𑄟𑄴𑄝 𑄛𑄚𑄳𑄦𑄨𑄖𑄴 𑄘𑄪𑄝𑄨𑄠𑄬 𑄇𑄧𑄚𑄴𑄚𑄳𑄦 𑄃𑄊𑄬?
ঘাস গুচ্ছ,𑄈𑄬𑄢𑄧 𑄘𑄪𑄝𑄮
শন গুচ্ছ,𑄥𑄧𑄚𑄧 𑄘𑄪𑄝𑄮
ধানগুচ্ছ গুলো বড়বড় হয়েছে,𑄙𑄚𑄧 𑄘𑄪𑄝𑄮𑄃𑄳𑄦𑄪𑄚𑄴 𑄘𑄋𑄳𑄦𑄧𑄢𑄴 𑄘𑄋𑄳𑄦𑄧𑄢𑄴 𑄦𑄪𑄠𑄮𑄚𑄴
এক গুচ্ছ সাবারাং,𑄃𑄬𑄇𑄴 𑄘𑄪𑄝𑄮 𑄥𑄝𑄢𑄳𑄦𑄁𑅁
কাজে তাড়াহুড়ো পড়ে গেছে এখন,𑄇𑄟𑄧 𑄘𑄪𑄝𑄮𑄘𑄪𑄝𑄨 𑄛𑄪𑄌𑄴𑄏𑄬 𑄃𑄨𑄇𑄴𑄈𑄪𑅁
হৃৎস্পন্দন,𑄛𑄧𑄢𑄚𑄴 𑄘𑄪𑄟𑄴𑄘𑄪𑄟𑄚
ঢাউ ঢাউ আগুন,𑄘𑄪𑄟𑄴𑄘𑄪𑄟𑄴𑄟𑄬 𑄃𑄊𑄪𑄚𑄴
দৌড়াদৌড়ি,𑄘𑄪𑄟𑄪𑄢𑄮 𑄘𑄪𑄟𑄪𑄢𑄨
বাচ্চারা দৌড়াদৌড়ি করতেছে,𑄉𑄪𑄢𑄮𑄃𑄪𑄚𑄳𑄦𑄬 𑄘𑄪𑄟𑄪𑄢𑄮 𑄘𑄪𑄟𑄪𑄢𑄨 𑄉𑄧𑄖𑄴𑄗𑄧𑄚𑄴
সে দৌড়ে গিয়ে তাকে কাছে পেল,𑄘𑄪𑄟𑄪𑄢𑄬 𑄎𑄬𑄚𑄬𑄠𑄴 𑄖𑄢𑄳𑄦𑄬 𑄣𑄊𑄧𑄖𑄴 𑄛𑄬𑄣𑄧𑄊𑄮𑄠𑄴 𑄖𑄬𑅁
মনে হয় এক দৌড়ানি দিলে শরীরটা ঠিক হবে,𑄃𑄬𑄇𑄴 𑄘𑄪𑄟𑄪𑄢𑄴 𑄘𑄨𑄣𑄳𑄦𑄬 𑄖𑄳𑄦𑄬 𑄇𑄨𑄠𑄬𑄃𑄳𑄦𑄚𑄴 𑄥𑄮𑄢𑄴 𑄦𑄧𑄝𑄧𑄘𑄬 𑄛𑄢𑄳𑄦 𑄛𑄁𑅁
ফাঁকা,blank
দুমুর ফলের গাছ,𑄘𑄪𑄟𑄪𑄢𑄴 𑄉𑄪𑄣𑄮 𑄉𑄌𑄴𑅁
দুমোর সীমের গাছ,𑄘𑄪𑄟𑄮𑄢𑄴 𑄥𑄪𑄟𑄨 𑄉𑄌𑄴
"দুমোর সিম সিদ্ধ করে খায়,রান্না করে খায় আর ভর্তা করে খায়","𑄘𑄪𑄟𑄮𑄢𑄴 𑄥𑄪𑄟𑄨 𑄃𑄪𑄌𑄴𑄍𑄬 𑄈𑄚𑄴, 𑄢𑄚𑄳𑄦𑄨 𑄈𑄚𑄴, 𑄇𑄪𑄢𑄴𑄝𑄮 𑄉𑄧𑄢𑄳𑄦𑄨 𑄈𑄚𑄴𑅁"
এক.তারিখ,𑄷. [𑄖𑄣𑄳𑄦𑄨𑄇𑄴]
সাগরের কচ্ছপগুলো বড় বড় আছে,𑄥𑄉𑄧𑄢𑄧 𑄘𑄪𑄢𑄳𑄦𑄪𑄚𑄴 𑄦𑄧𑄟 𑄦𑄧𑄟 𑄃𑄊𑄧𑄚𑄴
একজন কচ্ছপের পিঠে চড়ে নাকি সাগর টা পাড়ি দিছে,𑄘𑄪𑄢𑄮 𑄛𑄨𑄙𑄨𑄖𑄴 𑄌𑄧𑄢𑄨𑄚𑄳𑄦𑄬𑄠𑄴 𑄞𑄬𑄣𑄬 𑄇𑄧𑄚𑄴𑄚𑄳𑄦 𑄥𑄉𑄧𑄢𑄳𑄦𑄚𑄴 𑄛𑄢𑄴 𑄦𑄪𑄠𑄬
দুই.বহুদূর,𑄸. 𑄞𑄣𑄧𑄖𑄴𑄘𑄪𑄢𑄴
দূরের,𑄘𑄪𑄢𑄮𑄘𑄪𑄢𑄨
পথটা দূরে আছে,𑄛𑄧𑄖𑄴𑄗𑄚𑄴 𑄘𑄪𑄢𑄮𑄖𑄴 𑄃𑄊𑄬
"দূরের পথ,তাড়াতাড়ি রওনা দিলে ভালো হবে","𑄘𑄪𑄢𑄮𑄘𑄪𑄢𑄨 𑄛𑄧𑄖𑄴, 𑄏𑄘𑄨 𑄣𑄧𑄖𑄴 𑄘𑄨𑄣𑄳𑄦𑄬 𑄉𑄧𑄟𑄴 𑄦𑄧𑄝𑄧"
তাকে বহুদূর পথ যেতে হবে,𑄞𑄣𑄧𑄖𑄴𑄘𑄪𑄢𑄴 𑄛𑄧𑄖𑄴 𑄎 𑄛𑄧𑄢𑄨𑄝𑄮 𑄖𑄢𑄴
"দূরের কুটুম ফুলের বাস,কাছে কুটুম মন্দা বাস","𑄘𑄪𑄢𑄮 𑄇𑄪𑄘𑄪𑄟𑄴 𑄜𑄪𑄣𑄮 𑄝𑄌𑄴, 𑄇𑄳𑄦𑄠𑄴 𑄇𑄪𑄘𑄪𑄟𑄴 𑄊𑄪𑄃𑄮 𑄝𑄌𑄴𑅁"
.দূরে-কাছে,𑄘𑄪𑄢𑄮𑄖𑄴 – 𑄇𑄳𑄦𑄠𑄴
চারাগুলো দূরত্ব রেখে লাগিয়েছে,𑄌𑄢𑄃𑄳𑄦𑄪𑄚𑄴 𑄘𑄪𑄢𑄮𑄖𑄴 𑄘𑄪𑄢𑄮𑄖𑄴 𑄣𑄉𑄬𑄠𑄳𑄦𑄮𑄚𑄴
সে এখন আমার থেকে দূরে দূরে থাকে,𑄖𑄬 𑄃𑄨𑄋𑄨𑄣𑄴𑄣𑄳𑄦𑄬 𑄟𑄧𑄖𑄴𑄗𑄪𑄚𑄴 𑄘𑄪𑄢𑄮𑄖𑄴 𑄘𑄪𑄢𑄮𑄖𑄴 𑄉𑄧𑄢𑄳𑄦𑄨 𑄗𑄭𑄘𑄬𑅁
দূরের পথ,𑄘𑄪𑄢𑄮𑄘𑄪𑄢𑄨 𑄛𑄧𑄖𑄴
.যাত্রাপালা,𑄘𑄪𑄣𑄨 𑄚𑄎𑄚
তোমাদের দিকে সামনে সপ্তাহে নাকি যাত্রাপালা করবে,𑄃𑄬𑄎𑄬𑄖𑄴𑄗𑄬 𑄥𑄛𑄴𑄖𑄖𑄴 𑄞𑄬𑄣𑄬 𑄘𑄪𑄣𑄨 𑄚𑄎𑄨𑄝𑄇𑄴𑄈𑄨 𑄖𑄧𑄟𑄳𑄦 𑄃𑄨𑄙𑄪𑅁
যে খাঁচা ধরে থাকে,𑄘𑄪𑄣𑄮 𑄙𑄧𑄢𑄨𑄠𑄬
"এ মানুষগুলো খাঁচা ধরে,ফাঁদ পেতে থাকে","𑄥𑄬 𑄟𑄚𑄳𑄦𑄪𑄌𑄴𑄌𑄪𑄚𑄬 𑄣𑄘𑄉𑄧𑄖𑄴 𑄘𑄪𑄣𑄮 𑄙𑄧𑄌𑄴𑄌𑄬, 𑄖𑄬𑄢 𑄛𑄖𑄴𑄖𑄬 𑄉𑄧𑄢𑄳𑄦𑄨 𑄗𑄚𑄴𑅁"
"দুলুক বাঁশ,দুলুক বেত","𑄘𑄪𑄣𑄳𑄦𑄪 𑄝𑄌𑄴, 𑄘𑄪𑄣𑄳𑄦𑄪 𑄝𑄬𑄖𑄴"
ক্ষুরের মতো তীক্ষ্ণ চোখ,𑄘𑄪𑄣𑄪𑄇𑄴𑄈𑄮𑄠𑄴 𑄇𑄛𑄴𑄛𑄬 𑄌𑄮𑄇𑄴𑅁
এইবার পরীক্ষায় সে সুন্দর হইছে,𑄖𑄬 𑄛𑄧𑄢𑄨𑄇𑄴𑄈𑄬𑄖𑄴 𑄘𑄳𑄦𑄪𑄣𑄴 𑄦𑄪𑄠𑄳𑄦𑄬 𑄃𑄬𑄛𑄧𑄣𑄴𑄣𑄖𑄴𑅁
এক.ডান দা,𑄷. 𑄘𑄬 𑄖𑄉𑄧𑄣𑄴
দুই. তার কথা যে আমি বলিতেছি,𑄸. 𑄥𑄨𑄝𑄳𑄦𑄬 𑄇𑄧𑄙 𑄘𑄬 𑄇𑄧𑄋𑄳𑄦𑄧𑄖𑄴𑄖𑄬 𑄟𑄪𑄠𑄴
".সে যাবে,খাবে আর তুমি এখানে চুপ করে থাক বুঝছ?","𑄖𑄬 𑄎𑄬𑄝𑄧𑄘𑄬, 𑄈𑄬𑄝𑄧𑄘𑄬, 𑄖𑄪𑄠𑄴 𑄃𑄨𑄠𑄳𑄦𑄮𑄖𑄴 𑄎𑄪𑄢𑄮 𑄉𑄧𑄢𑄳𑄦𑄨 𑄗𑄬𑄌𑄴 𑄘𑄳𑄦𑄬?"
"গরু লাফ দিয়ে ধান খায়,বুড়ো গরু ধানগুলো খায়","𑄘𑄬𑄉 𑄉𑄧𑄢𑄪𑄠𑄬 𑄙𑄚𑄴 𑄈𑄭, 𑄝𑄪𑄢𑄳𑄦𑄮 𑄉𑄧𑄢𑄪𑄠𑄬 𑄝𑄚𑄳𑄦𑄚𑄴 𑄈𑄭𑅁"
লাফ দিয়ে যাও,𑄘𑄬𑄉𑄬 𑄎𑄚
লাফ দিতে পারা,𑄘𑄬𑄉𑄬 𑄛𑄢𑄚
ওই বেড়া এক লাফে পার হই আমি,𑄥𑄬 𑄖𑄬𑄋𑄬𑄢𑄳𑄦 𑄃𑄬𑄇𑄴 𑄜𑄣𑄧𑄖𑄴 𑄘𑄬𑄉𑄁𑄉𑄬 𑄟𑄪𑄠𑄴
"কর্দমাক্ত মাটিতে লাফ দিতে দিতে,পানিতে পরে গেলাম","𑄌𑄨𑄇𑄴𑄌𑄨𑄉𑄨𑄃𑄳𑄦𑄚𑄴 𑄘𑄬𑄉𑄬 𑄎𑄋𑄧𑄖𑄴𑄗𑄬 𑄞𑄬𑄣𑄬, 𑄥𑄬𑄌𑄴 𑄛𑄚𑄳𑄦𑄨𑄖𑄴 𑄛𑄪𑄌𑄴𑄎𑄮𑄁𑄊𑄬"
এরকম হলে তো বাচ্চাটা তার বাবকে লাফ দিয়ে যাবে,𑄃𑄬 𑄙𑄧𑄉𑄬 𑄘𑄧 𑄉𑄪𑄢𑄮𑄞𑄮 𑄖 𑄝𑄝𑄧𑄢𑄳𑄦𑄬 𑄘𑄬𑄉𑄬 𑄎𑄬𑄝𑄧𑄉𑄮𑄠𑄴𑅁
দেখিয়ে দাও,𑄘𑄬𑄊𑄬 𑄘𑄬𑄚
দেখতে পারা,𑄘𑄳𑄦𑄬 𑄛𑄢𑄚
দেখে থাকা,𑄘𑄬𑄊𑄬 𑄗𑄚
কি দেখাচ্ছো?কিছুই তো দেখতেছি না,𑄇𑄨 𑄘𑄬𑄊𑄧𑄢𑄴? 𑄇𑄨𑄌𑄴𑄍𑄪 𑄚𑄧 𑄘𑄬𑄊𑄧𑄁
"কে দেখেছে,চারদিকে সূর্যটা ঘুরতেছে?সে ভুলেও দেখিয়ে দেয় না,কোনটা তার স্ত্রী","𑄇𑄧𑄚𑄴𑄚𑄳𑄦 𑄘𑄨𑄇𑄴𑄈𑄬𑄉𑄮𑄠𑄴𑄘𑄬, 𑄝𑄬𑄣𑄚𑄳𑄦𑄬 𑄛𑄨𑄖𑄴𑄖𑄨𑄟𑄳𑄦𑄨 𑄌𑄬𑄢𑄳𑄦𑄮𑄇𑄨𑄖𑄴𑄖𑄬 𑄊𑄪𑄢𑄬𑄖𑄴𑄖𑄬? 𑄖𑄬 𑄞𑄪𑄣𑄬𑄠𑄮 𑄘𑄬𑄊𑄬 𑄚𑄧𑄘𑄬, 𑄇𑄪𑄞𑄮 𑄖 𑄟𑄮𑄇𑄴"
তারা একে অপরকে ঘৃণা করে,𑄖𑄢𑄳𑄦 𑄖𑄢𑄳𑄦 𑄘𑄳𑄦𑄬 𑄛𑄢𑄛𑄢𑄨 𑄚𑄬𑄠𑄴
টর্চটা একটু দেখিয়ে থাক,𑄝𑄖𑄴𑄖𑄨𑄞𑄮 𑄃𑄬𑄇𑄴𑄇 𑄘𑄬𑄊𑄬 𑄗𑄇𑄴𑅁
.বাবা লাফ দিলেন,𑄘𑄬𑄉𑄬𑄠𑄳𑄦𑄬 𑄝𑅁
"আমাদের দেশটা পাহাড়,নদী আর ঝর্ণায় ভরপুর ","𑄃𑄟𑄳𑄦 𑄘𑄬𑄌𑄴𑄍𑄚𑄴 𑄟𑄪𑄢𑄳𑄦𑄮𑄟𑄪𑄢𑄳𑄦𑄨, 𑄥𑄧𑄢𑄉𑄋𑄬 𑄞𑄧𑄢𑄧𑄚𑄴"
"দেশের জাতের কথা,আমরা চিন্তা না করলো কে চিন্তা করবে?","𑄘𑄬𑄌𑄴 𑄎𑄘𑄧 𑄇𑄧𑄙, 𑄃𑄟𑄳𑄦𑄨 𑄌𑄨𑄘𑄬 𑄚𑄧 𑄉𑄧𑄣𑄴𑄣𑄳𑄦𑄬 𑄇𑄧𑄚𑄴𑄚𑄳𑄦 𑄌𑄨𑄘𑄬 𑄉𑄧𑄖𑄴𑄗𑄧?"
ভাগ করা,𑄘𑄬𑄘𑄨 𑄉𑄧𑄢𑄚𑄳𑄦
তারা একই বাড়িতে তরকারি ভাগাভাগি করে,𑄖𑄢𑄳𑄦 𑄊𑄧𑄢𑄧𑄖𑄴 𑄊𑄧𑄢𑄧𑄖𑄴 𑄖𑄮𑄚𑄴 𑄘𑄬𑄘𑄨 𑄉𑄧𑄢𑄳𑄦𑄧𑄚𑄴𑅁
দাও,𑄘𑄳𑄠𑄬𑄘𑄨
"তুমি কাকে কি দিছ?আমি কাকে কি দিছি?দিয়ে দাও,না হলে আমি দিচ্ছি","𑄃𑄳𑄦 𑄖𑄪𑄠𑄴 𑄇𑄢𑄳𑄦𑄬 𑄇𑄨 𑄘𑄮𑄌𑄴? 𑄇𑄢𑄳𑄦𑄬 𑄇𑄨 𑄘𑄨𑄙𑄪𑄁 𑄟𑄪𑄠𑄴? 𑄘𑄨𑄣𑄳𑄦𑄬 𑄘𑄬, 𑄚𑄧𑄦𑄧𑄣𑄬 𑄟𑄪𑄠𑄴 𑄘𑄮𑄋𑄳𑄦𑄧𑄢𑄴"
"তাকে মোবাইল কিনে দিয়ে বড় ভূল হল,শুধু সেটা কানে দিয়ে আর গলা বাঁকা করে কথা বলতে থাকে","𑄖𑄢𑄳𑄦𑄬 𑄟𑄮𑄞𑄭𑄣𑄴 𑄣𑄮 𑄘𑄨𑄚𑄬𑄠𑄴 𑄃𑄬𑄇𑄴 𑄎𑄣 𑄦𑄧𑄣𑄧, 𑄝𑄚 𑄥𑄨𑄠𑄳𑄦𑄬𑄚𑄴 𑄇𑄚𑄧𑄖𑄴, 𑄉𑄧𑄖𑄴𑄖𑄧𑄚 𑄇𑄬𑄖𑄴 𑄉𑄧𑄢𑄳𑄦𑄨 𑄇𑄧𑄙 𑄇𑄳𑄦𑄮 𑄇𑄳𑄦𑄮 𑄗𑄭𑄘𑄬𑅁"
এক. ডান-বান,𑄷. 𑄘𑄬𑄚𑄴 – 𑄝𑄁
ডানদিকে কতদূর যাইলে আমাদের বাড়িটা,𑄘𑄬𑄚𑄳𑄦𑄬𑄚𑄴𑄘𑄨 𑄇𑄪𑄖𑄴𑄙𑄪𑄢𑄴 𑄎𑄬𑄣𑄳𑄦𑄬 𑄃𑄟𑄳𑄦 𑄊𑄧𑄢𑄳𑄦𑄚𑄴
পথে হাঁটার সময় ডানদিকে বামদিকে দেখা উচিত,𑄛𑄧𑄙𑄧𑄖𑄴 𑄦𑄘𑄧𑄘𑄬 𑄘𑄬𑄚𑄳𑄦𑄬 𑄝𑄋𑄳𑄦𑄬 𑄌𑄳𑄦 𑄛𑄧𑄢𑄬
ডান বাম চিনে না এমন মানুষ,𑄘𑄬𑄚𑄴 𑄝𑄁 𑄚𑄧 𑄌𑄨𑄚𑄴𑄐𑄳𑄦𑄬 𑄟𑄚𑄳𑄦𑄪𑄌𑄴
"ভূতে কামড়াইছে নাকি এইটা, কালো করে উঠেছে","𑄸. 𑄘𑄬𑄚𑄬 𑄇𑄟𑄌𑄴𑄏𑄬 𑄚𑄇𑄨 𑄃𑄨𑄠𑄳𑄦𑄚𑄴, 𑄃𑄬𑄇𑄴𑄈𑄬 𑄇𑄣 𑄉𑄧𑄢𑄳𑄦𑄨 𑄃𑄭𑄪𑄖𑄴𑄗𑄬"
ভূতে ভর করেছে তার উপর,𑄘𑄬𑄚𑄮 𑄃𑄏𑄧𑄢𑄴 𑄦𑄪𑄠𑄬𑄘𑄬 𑄖 𑄃𑄪𑄉𑄪𑄢𑄬𑅁
ডান বাম,𑄘𑄬𑄚𑄴𑄚𑄳𑄦𑄮 – 𑄝𑄁𑄋𑄳𑄦𑄮
"সে ডান হাতের ,আমি বাম হাতের","𑄖𑄬 𑄘𑄬𑄚𑄴𑄚𑄳𑄦𑄮, 𑄟𑄪𑄠𑄴 𑄝𑄁𑄋𑄳𑄦𑄮𑅁"
আকাশটা ঝড় দিচ্ছে \ রোদ দিচ্ছে,𑄘𑄬𑄝𑄞𑄮 𑄏𑄧𑄢𑄴 𑄘𑄬𑄢𑄴/ 𑄢𑄮𑄖𑄴 𑄘𑄬𑄢𑄴
আকাশটা কালো করছে,𑄘𑄬𑄝 𑄇𑄣 𑄉𑄧𑄌𑄴𑄍𑄬𑄉𑄮𑄠𑄴
আকাশটা গর্জ ন করছে শুনছো? আকাশটা একনাগাড়ে বৃষ্টি দিচ্ছে,𑄘𑄬𑄝𑄞𑄮 𑄉𑄪𑄎𑄪𑄢𑄬𑄖𑄴𑄖𑄬 𑄥𑄪𑄚𑄮𑄌𑄴? 𑄘𑄬𑄝𑄭 𑄙𑄧𑄢𑄴 𑄙𑄧𑄌𑄴𑄌𑄳𑄦𑄬
"বর্ষাকালের আকাশ, সবসময় কালো করে থাকে, কখন বৃষ্টি আনে ঠিক নাই","𑄝𑄢𑄨𑄏𑄬 𑄘𑄬𑄝, 𑄣𑄘𑄉𑄧𑄖𑄴 𑄟𑄪 𑄇𑄣 𑄉𑄧𑄢𑄳𑄦𑄨 𑄗𑄭, 𑄇𑄧𑄇𑄴𑄈𑄬 𑄃𑄚𑄳𑄦𑄬 𑄗𑄨𑄇𑄴 𑄚𑄬𑄠𑄴𑅁"
আকাশে বিদ্যুৎ চমকানো দেখলেও ভয় করে,𑄘𑄬𑄝 𑄏𑄨𑄟𑄨𑄣𑄚𑄨 𑄘𑄨𑄉𑄨𑄣𑄳𑄦𑄬𑄠𑄮 𑄘𑄧𑄢𑄴 𑄉𑄧𑄢𑄳𑄦𑄬𑅁
দেওয়ান দেওয়ানি,𑄘𑄬𑄝𑄚𑄴𑄐𑄬 – 𑄘𑄬𑄝𑄚𑄨
দেওয়ানরা আগে মানুষদেরকে প্রচুর কষ্ট দিছে,𑄘𑄬𑄝𑄚𑄪𑄚𑄳𑄦𑄬 𑄃𑄉𑄬𑄚𑄴𑄙𑄨 𑄃𑄉𑄭𑄖𑄴𑄗𑄬 𑄘𑄪𑄇𑄴 𑄣𑄉𑄬𑄠𑄳𑄦𑄮𑄚𑄴 𑄟𑄚𑄳𑄦𑄪𑄌𑄴𑄌𑄪𑄚𑄮𑄢𑄬𑅁
বজ্রপাত পড়া,𑄘𑄬𑄝 𑄛𑄬𑄢𑄇𑄴 𑄜𑄬𑄣𑄚
বজ্রপাত নাকি ঔষধ হিসেবে ব্যবহৃত হয়,𑄘𑄬𑄝 𑄛𑄬𑄢𑄇𑄴 𑄞𑄬𑄣𑄬 𑄘𑄢𑄪 𑄣𑄉𑄬𑄘𑄬
বজ্রপাতের সময় গাছটা মারা গেছে,𑄘𑄬𑄝 𑄛𑄬𑄢𑄉𑄧 𑄌𑄧𑄖𑄴𑄖𑄬 𑄃𑄬𑄇𑄴𑄈𑄬 𑄉𑄌𑄴𑄍𑄮 𑄟𑄪𑄌𑄴𑄏𑄬𑅁
"সে তো বামহাতি,সব কাজগুলো সে বামহাতে করে","𑄖𑄬 𑄘𑄬𑄝𑄧𑄢𑄴 𑄙𑄧, 𑄝𑄋𑄳𑄦𑄬𑄚𑄴𑄘𑄨 𑄉𑄧𑄢𑄬𑄙𑄬 𑄥𑄬, 𑄝𑄬𑄇𑄴 𑄇𑄟𑄚𑄳𑄦𑄨"
"বামহাতি মানুষগুলো নাকি লেখাপড়া পারে, আবার যতগুলো বামহাতি মেয়ে দেখেছি, বামহাতে দা ব্যবহার করে, সবাই পরিশ্রমী, তারা জামাই দেখা শুনা করে","𑄘𑄬𑄝𑄧𑄢𑄪𑄚𑄳𑄦𑄬 𑄞𑄬𑄣𑄬 𑄣𑄬𑄊 𑄛𑄢𑄧𑄚𑄴𑄘𑄬, 𑄃𑄳𑄦𑄧? 𑄎𑄨𑄘𑄪𑄇𑄴𑄈𑄪𑄚𑄴 𑄘𑄬𑄝𑄧𑄢𑄴 𑄟𑄨𑄣𑄬 𑄘𑄨𑄉𑄨𑄣𑄳𑄦𑄪𑄁, 𑄝𑄋𑄳𑄦𑄬𑄚𑄴𑄘𑄨 𑄖𑄉𑄧𑄣𑄴 𑄙𑄧𑄢𑄧𑄚𑄴𑄚𑄬, 
𑄝𑄬𑄇𑄴𑄈𑄪𑄚𑄴 𑄇𑄟𑄴𑄟𑄮, 𑄚𑄬𑄇𑄴 𑄛𑄣𑄚𑄴𑄘𑄬 𑄖𑄢𑄳𑄦𑅁"
ঘিলে ফুল হলো দেবংসি,𑄊𑄨𑄣𑄬 𑄜𑄪𑄣𑄴 𑄦𑄧𑄣𑄧𑄘𑄬 𑄘𑄬𑄝𑄧𑄁𑄥𑄨
দেবংসি হাতের কালো ছায়া,𑄘𑄬𑄝𑄧𑄁𑄥𑄨 𑄦𑄘𑄧 𑄇𑄣 𑄥𑄝𑅁
ভূত-দেবতা,𑄞𑄪𑄖𑄴 𑄘𑄬𑄝𑄬𑄘
মনে হয় সেটা দেবতার কাজ হবে,𑄃𑄨𑄠𑄳𑄦𑄚𑄴 𑄘𑄬𑄝𑄬𑄘 𑄇𑄧𑄢𑄧𑄟𑄴 𑄦𑄧𑄝𑄧𑄘𑄬 𑄛𑄢𑄳𑄦𑄛𑄁
"কেন দেবতা! সেটা করলে হয়না, ওইটা করলে হয়না।","𑄃𑄳𑄦 𑄇𑄨 𑄘𑄬𑄝𑄬𑄘! 𑄃𑄨𑄠𑄳𑄦𑄬𑄚𑄴 𑄉𑄧𑄣𑄴𑄣𑄳𑄦𑄬 𑄚𑄧 𑄦𑄧𑄠𑄴, 𑄃𑄳𑄦𑄪𑄝𑄮𑄚𑄴 𑄉𑄧𑄣𑄴𑄣𑄳𑄦𑄬 𑄚𑄧 𑄦𑄧𑄠𑄴𑅁"
তার মাথাটা শুধু বাঁকাবাঁকা,𑄖 𑄈𑄪𑄣𑄴𑄣𑄳𑄦𑄮 𑄝𑄚 𑄘𑄬𑄟𑄳𑄦𑄘𑄬𑄟𑄴𑄟𑄳𑄦𑄬
গাছটা বাঁকাবাঁকা,𑄉𑄌𑄴𑄍𑄮 𑄘𑄬𑄟𑄳𑄦𑄘𑄬𑄟𑄴𑄟𑄳𑄦𑄬
.উঠা,𑄃𑄪𑄘𑄚𑄳𑄦
কেন ডিম ভাজা করে দিই নি সেজন্য সে রাগ করেছে,"𑄇𑄨𑄖𑄴𑄗𑄬𑄠𑄴 𑄝𑄧𑄘 𑄈𑄧𑄣 𑄉𑄧𑄢𑄳𑄦𑄨 𑄚𑄳𑄦𑄧 𑄘𑄨 𑄖𑄢𑄳𑄦𑄬, 𑄥𑄨𑄠𑄬𑄚𑄴𑄙𑄮𑄠𑄴 𑄘𑄬𑄟𑄴 𑄖𑄪𑄣𑄨𑄣𑄮𑄙𑄬 𑄖𑄬"
রাগ উঠা,𑄸. 𑄘𑄬𑄟𑄴 𑄃𑄪𑄘𑄚𑄳𑄦
,"𑄛𑄨𑄖𑄴𑄗𑄚𑄴 𑄎𑄚𑄬 𑄘𑄬𑄟𑄴 𑄘𑄬𑄟𑄴 𑄉𑄧𑄢𑄳𑄦𑄨 𑄘𑄳𑄦𑄬, 𑄌𑄨𑄚𑄴𑄘𑄬𑄠𑄬𑄙𑄬"
এই রাগীটা! কিছুক্ষণে একটা কিছুক্ষণ পরে আরেকটা রাগ তুলো ভাত খেতে,𑄟𑄧𑄢𑄢𑄴 𑄘𑄬𑄟𑄴𑄟𑄳𑄦𑄬! 𑄈𑄇𑄴𑄇𑄬 𑄃𑄬𑄇𑄴𑄊𑄚𑄴 𑄚𑄳𑄦𑄧𑄠𑄴 𑄃𑄬𑄇𑄴𑄊𑄚𑄴 𑄘𑄬𑄟𑄴 𑄖𑄪𑄣𑄳𑄦𑄮𑄌𑄴 𑄞𑄖𑄴 𑄈𑄘𑄬!
ফোলা আঁকাবাঁকা,𑄜𑄭𑄪𑄣𑄴𑄣𑄬 𑄘𑄬𑄟𑄬𑄣𑄳𑄦𑄇𑄴
আকাবাকা মাথা,𑄘𑄬𑄟𑄬𑄣𑄳𑄦𑄇𑄴 𑄈𑄪𑄣𑄮
পথটা ফোলা আঁকাবাঁকা,𑄛𑄧𑄖𑄴𑄗𑄚𑄴 𑄝𑄚 𑄜𑄭𑄪𑄣𑄴𑄣𑄬 𑄘𑄬𑄟𑄬𑄣𑄳𑄦𑄇𑄴
উঠানটা আঁকাবাঁকা,𑄃𑄪𑄙𑄮𑄚𑄚𑄴 𑄜𑄭𑄪𑄣𑄴𑄣𑄬 𑄘𑄬𑄟𑄬𑄣𑄳𑄦𑄇𑄴𑅁
দেড় কেজি চাউল,𑄘𑄬𑄢𑄴 𑄇𑄬𑄎𑄨 𑄌𑄮𑄣𑄴
ময়লা ধরা,𑄘𑄬𑄢𑄳𑄦𑄖𑄴 𑄘𑄧𑄢𑄬
ময়লা ব্যাটারি,𑄘𑄬𑄢𑄴 𑄝𑄬𑄖𑄢𑄳𑄦𑄨𑅁
ময়লা করা,𑄘𑄬𑄢𑄴 𑄉𑄧𑄢𑄚𑄳𑄦
শূকরের ময়লা,𑄥𑄪𑄉𑄮𑄢𑄧 𑄘𑄬𑄣𑄴
শূকরটা ময়লা করতেছে,𑄥𑄪𑄉𑄮𑄢𑄴𑄞𑄮 𑄘𑄬𑄢𑄴 𑄉𑄧𑄢𑄳𑄦𑄬𑄢𑄴
"তোমাকে একূম শূকরের ময়লায় ফেলে দিবো,বেশি করতেছো","𑄖𑄧𑄢𑄳𑄦𑄬 𑄈𑄇𑄴𑄇𑄬 𑄟𑄪𑄠𑄴 𑄥𑄪𑄉𑄮𑄢𑄧 𑄘𑄬𑄢𑄮𑄖𑄴 𑄜𑄬𑄣𑄬 𑄘𑄨𑄟𑄴𑄟𑄮𑄠𑄴𑄘𑄬, 𑄝𑄬𑄌𑄴 𑄉𑄧𑄢𑄳𑄦𑄧𑄖𑄴𑄖𑄬"
মহিষটা ময়লায় শুয়ে আছে,𑄟𑄮𑄌𑄴𑄍𑄮 𑄘𑄬𑄢𑄮𑄖𑄴 𑄝𑄪𑄢𑄨 𑄃𑄊𑄬𑅁
বিদ্যালয়ের নির্দিষ্ট পোশাক,𑄃𑄨𑄌𑄴𑄇𑄪𑄣𑄮 𑄘𑄬𑄢𑄬𑄌𑄴
অফিসের পোশাক,𑄃𑄧𑄝𑄨𑄏𑄮 𑄘𑄬𑄢𑄬𑄌𑄴
সে কিছুক্ষণ পর পর ড্রেস   বদলায়,𑄈𑄇𑄴𑄇𑄬 𑄈𑄇𑄴𑄇𑄬 𑄘𑄬𑄢𑄬𑄌𑄴 𑄝𑄧𑄘𑄧𑄣𑄬 𑄖𑄬𑅁
সিম বিচি ডাল,𑄥𑄪𑄟𑄨𑄝𑄨𑄎𑄨 𑄘𑄬𑄣𑄴
ডালের ঝোল,𑄘𑄬𑄣𑄮 𑄏𑄪𑄣𑄴
ডাল হা করে খাওয়া,𑄘𑄬𑄣𑄴 𑄛𑄨 𑄈𑄚
সব চ্যাটচ্যাটে হয়েছে বাড়ির তলাটা,𑄉𑄧𑄘 𑄘𑄬𑄣𑄴𑄘𑄬𑄣𑄨 𑄦𑄪𑄠𑄬 𑄦𑄟𑄧𑄖𑄴𑄖𑄧𑄣𑄳𑄦𑄚𑄴𑅁
বাড়ির দেয়ালটা ভালো করে ধুতে হবে,𑄊𑄧𑄢𑄧 𑄘𑄬𑄣𑄴𑄣𑄳𑄦𑄬 𑄘𑄮𑄣𑄬 𑄘𑄳𑄠𑄬 𑄛𑄧𑄢𑄨𑄝𑄮
সে দেয়ালে বসে কিছুক্ষন বিশ্রাম নিবে,𑄖𑄬 𑄘𑄬𑄣𑄴𑄣𑄳𑄦𑄬𑄖𑄴 𑄝𑄮𑄚𑄳𑄦𑄬𑄠𑄴 𑄈𑄇𑄴𑄇𑄧𑄚𑄴 𑄎𑄨𑄢𑄬𑄣𑄧𑅁
কাটলে কেন যে লম্বা হয় জানিনা এই কাগজটা,𑄇𑄝𑄨𑄣𑄬 𑄇𑄨 𑄘𑄬𑄣𑄳𑄦𑄨 𑄣𑄟𑄴𑄝 𑄦𑄧𑄠𑄴 𑄇𑄨𑄎𑄬𑄚𑄨 𑄃𑄬 𑄇𑄉𑄮𑄌𑄴𑄌𑄚𑄳𑄦𑄨𑅁
বুঝছো?হ্যাঁ,𑄘𑄳𑄦𑄬? – 𑄦𑄧𑄘𑄬𑄠𑄴
সাবধানে যাবে বুঝছো?-হ্যাঁ,𑄉𑄧𑄟𑄬 𑄎𑄨𑄠𑄮 𑄘𑄳𑄦𑄬? – 𑄦𑄧𑄘𑄬𑄠𑄴𑅁
যেগুলো দেখতে পারিনা সেগুলো দেখতেছি,𑄎𑄨𑄠𑄬𑄚𑄳𑄦𑄨 𑄘𑄳𑄦𑄬 𑄚𑄧 𑄛𑄢𑄧𑄁 𑄥𑄨𑄠𑄬𑄚𑄳𑄦𑄨 𑄣𑄊𑄧𑄖𑄴 𑄛𑄋𑄳𑄦𑄧𑄖𑄴𑄖𑄬𑅁
দোকান দেয়া,𑄘𑄮𑄉𑄚𑄴 𑄘𑄬𑄚
দোকানে যাওয়া,𑄘𑄮𑄉𑄚𑄧𑄖𑄴 𑄎𑄚𑅁
দোকানদার-দোকানদারি,𑄘𑄮𑄉𑄚𑄴𑄘𑄌𑄴𑄎𑄬 – 𑄘𑄮𑄉𑄚𑄴𑄘𑄢𑄮𑄚𑄨
দোকানদার-দোকানদারি,𑄘𑄮𑄉𑄚𑄴𑄘𑄌𑄴𑄎𑄬 – 𑄘𑄮𑄉𑄚𑄴𑄘𑄢𑄮𑄚𑄨
দোকানে মেলে দাও কাপড়গুলো,𑄘𑄮𑄉𑄮𑄚𑄴𑄚𑄳𑄦𑄮𑄖𑄴 𑄟𑄨𑄣𑄳𑄦𑄨 𑄘𑄬𑄉𑄮𑄠𑄴 𑄇𑄝𑄧𑄢𑄚𑄳𑄦𑄨
গামছাটা দোকানে টাঙানো করে আছে,𑄉𑄚𑄴𑄏𑄇𑄚𑄨𑄃𑄳𑄦𑄚𑄴 𑄘𑄮𑄉𑄮𑄚𑄴𑄚𑄳𑄦𑄮𑄖𑄴 𑄖𑄋 𑄖𑄋 𑄉𑄧𑄢𑄳𑄦𑄨 𑄃𑄊𑄬 𑄥𑄳𑄠𑄬𑅁
ডাকাডাকি করে বলেছি তবুও ভূল করছে সে,"𑄘𑄮𑄉𑄮𑄢𑄳𑄦𑄬 𑄘𑄮𑄉𑄮𑄢𑄳𑄦𑄬 𑄇𑄪𑄠𑄳𑄦𑄮𑄁 𑄖𑄢𑄳𑄦𑄬, 𑄖𑄪𑄃𑄳𑄦𑄮 𑄞𑄪𑄣𑄴 𑄉𑄧𑄢𑄬𑄊𑄮𑄠𑄴 𑄖𑄬𑅁"
চর্মরোগ উঠা,𑄘𑄮𑄖𑄴 𑄃𑄪𑄘𑄚𑄳𑄦
চর্মরোগের ঔষধ দোত্তোলং পাতা,𑄘𑄮𑄘𑄮 𑄘𑄢𑄪 𑄦𑄧𑄣𑄧𑄘𑄬 𑄘𑄮𑄖𑄴𑄖𑄮𑄣𑄧𑄁 𑄛𑄘𑅁
মনে হয় সে তার ভাইকে সাহায্য করবে,𑄘𑄮𑄖𑄴𑄗𑄬 𑄘𑄧 𑄖 𑄞𑄬𑄠𑄴𑄝𑄮𑄢𑄳𑄦𑄬 𑄝𑄧𑄣𑄴 𑄘𑄨𑄞𑄢𑄴
মনে হয় আজকে ফেলবে,𑄘𑄮𑄖𑄴𑄗𑄬 𑄜𑄬𑄣𑄬𑄝𑄧𑄘𑄬 𑄥𑄳𑄠𑄬 𑄃𑄨𑄌𑄴𑄌𑄬𑅁
জ্বলজ্বল কয়লা,𑄘𑄮𑄘𑄮𑄇𑄴𑄇𑄬 𑄃𑄋𑄢𑄳𑄦
উজ্জল রং,𑄘𑄮𑄘𑄮𑄇𑄴𑄇𑄬 𑄢𑄧𑄁
তার ড্রেসটা গাঢ় লাল,𑄖 𑄥𑄪𑄣𑄪𑄟𑄴𑄟𑄮 𑄃𑄬𑄇𑄴𑄈𑄬 𑄘𑄮𑄘𑄮𑄇𑄴𑄇𑄬 𑄢𑄋
আগুনটা দাউ দাউ করে জ্বলতেছে,𑄃𑄊𑄪𑄚𑄚𑄴 𑄘𑄮𑄘𑄮𑄇𑄴𑄇𑄬 𑄉𑄧𑄢𑄳𑄦𑄨 𑄦𑄋𑄬𑄢𑄴𑅁
"১,দরজা খোলা/বন্ধ করা",𑄷. 𑄘𑄮𑄢𑄴 𑄈𑄪𑄣𑄚/𑄚𑄘𑄚
".দরজাটা বন্ধ কর,খোলো",𑄘𑄮𑄢𑄳𑄦𑄚𑄴 𑄝𑄚𑄴/𑄈𑄪𑄣𑄴
.দরজাটা আলগা করো,𑄘𑄮𑄢𑄳𑄦𑄚𑄴 𑄦𑄉𑄣𑄇𑄴 𑄉𑄧𑄢𑄴
দক্ষিণ দিকে ঘর,𑄘𑄧𑄊𑄨𑄚𑄴 𑄘𑄮𑄢𑄨 𑄊𑄧𑄢𑄴
"১,মিয়িনি ঘর",𑄸. 𑄟𑄨𑄃𑄨𑄚𑄨 𑄘𑄮𑄢𑄴
চেঙে পাড়ে তাদের বাড়ি,𑄌𑄬𑄋𑄬 𑄘𑄮𑄢𑄧𑄖𑄴 𑄖𑄢 𑄊𑄧𑄢𑄴𑅁
সুন্দর/অসুন্দর /খারাপ,𑄘𑄮𑄣𑄴 – 𑄃𑄘𑄮𑄣𑄴/ 𑄞𑄚𑄴𑄐𑄬
সুন্দরভাবে,𑄘𑄮𑄣𑄬𑄘𑄣𑄳𑄦𑄬
জায়গাটা সুন্দর আছে,𑄎𑄉𑄃𑄳𑄦𑄚𑄴 𑄘𑄮𑄣𑄴 𑄃𑄊𑄬
মেয়েটা/ছেলেটা সুন্দর আছে,𑄟𑄨𑄣𑄬𑄞𑄮/𑄟𑄧𑄢𑄧𑄖𑄴𑄗𑄮 𑄘𑄮𑄣𑄴 𑄃𑄊𑄬
আমার তোমাকে সুন্দর লাগে,𑄟𑄪𑄠𑄴 𑄖𑄧𑄢𑄳𑄦𑄬 𑄘𑄮𑄣𑄴 𑄘𑄬𑄊𑄧𑄁
অতি সুন্দরে অসুন্দর হয় মেয়েরা/ছেলেরা,𑄃𑄙𑄨𑄇𑄴 𑄘𑄮𑄣𑄬 𑄃𑄮𑄣𑄴 𑄦𑄧𑄚𑄴𑄘𑄬 𑄟𑄨𑄣𑄬 𑄟𑄧𑄢𑄧𑄖𑄴𑄗𑄪𑄚𑄴
ফর্সা সুন্দর মেয়েটা সুন্দর করে কথা বলে,𑄢𑄋 𑄌𑄋 𑄘𑄮𑄣𑄴 𑄟𑄨𑄣𑄬𑄞𑄮 𑄚𑄪𑄘𑄨 𑄚𑄪𑄘𑄨 𑄇𑄧𑄙 𑄇𑄳𑄦𑄧𑄠𑄴𑅁
ভালোভাবে কাজগুলো করিও,𑄘𑄮𑄣𑄬𑄘𑄣𑄳𑄦𑄬 𑄇𑄟𑄚𑄳𑄦𑄨 𑄉𑄧𑄢𑄳𑄦𑄨𑄌𑄴
সে আমাদের সাথে ভালোভাবে কথা বলছে তো,𑄖𑄬 𑄃𑄟𑄳𑄦 𑄥𑄧𑄟𑄢𑄬 𑄘𑄮𑄣𑄬𑄘𑄣𑄳𑄦𑄬 𑄇𑄧𑄙 𑄇𑄪𑄠𑄳𑄦𑄬 𑄙𑄧𑅁
দই পাতিল,𑄘𑄮𑄠𑄴 𑄛𑄨𑄣𑄬
দই বাঁশ,𑄘𑄮𑄠𑄴 𑄌𑄪𑄟𑄮𑅁
সে গরুটার থেকে দুধ নিতেছে,𑄖𑄬 𑄉𑄧𑄢𑄪𑄞𑄮𑄖𑄴𑄖𑄪𑄚𑄴 𑄘𑄪𑄖𑄴 𑄘𑄮𑄃𑄳𑄦𑄢𑄴
সব দুধ না নিয়েগরু বাচ্চাটার জন্য কিছু রেখে দিও,"𑄝𑄬𑄇𑄴 𑄘𑄪𑄖𑄴𑄗𑄚𑄴 𑄚𑄧 𑄘𑄮𑄃𑄳𑄦𑄬𑄌𑄴, 𑄉𑄧𑄢𑄪𑄥𑄧𑄝𑄮𑄢𑄳𑄦𑄬𑄠𑄮 𑄇𑄨𑄏𑄪 𑄗𑄮 𑄘𑄨𑄌𑄴"
দুধ নিতে গিয়ে গরুটার থেকে এক লাঠি খেলাম,𑄘𑄪𑄖𑄴 𑄘𑄮𑄃𑄬𑄞𑄖𑄴𑄖𑄬𑄠𑄴 𑄎𑄬𑄚𑄬𑄠𑄴 𑄃𑄬𑄇𑄴 𑄣𑄙𑄨 𑄈𑄬𑄣𑄪𑄁𑄉𑄬 𑄉𑄧𑄢𑄪𑄞𑄮𑄖𑄴𑄖𑄪𑄚𑄴𑅁
পাখিগুলো ডানা মেলে আকাশে উড়তেছে,𑄛𑄬𑄇𑄴𑄇𑄪𑄚𑄳𑄦𑄬 𑄘𑄳𑄦𑄮 𑄟𑄨𑄣𑄨𑄚𑄳𑄦𑄬𑄠𑄴 𑄃𑄉𑄏𑄧𑄖𑄴 𑄃𑄪𑄖𑄴𑄖𑄮𑄚𑄴
"ডানা মেলে আকাশে উড়বো,কোন স্বপ্নে ছিলাম আমরা","𑄘𑄳𑄦𑄮 𑄟𑄬𑄣𑄳𑄦𑄨𑄚𑄬𑄠𑄴 𑄃𑄪𑄖𑄴𑄖𑄮𑄁 𑄃𑄊𑄎𑄧𑄖𑄴, 𑄇𑄧𑄚𑄴 𑄥𑄧𑄝𑄧𑄚𑄧𑄖𑄴 𑄃𑄬𑄣𑄳𑄦𑄧𑄁 𑄃𑄟𑄳𑄦𑄨 𑄘𑄨𑄎𑄧𑄚𑄬"
পাখিটা ডানা মেলে রেখেছে,𑄛𑄬𑄇𑄴𑄈𑄮 𑄘𑄳𑄦𑄮𑄃𑄚𑄴 𑄝𑄧𑄘𑄨 𑄗𑄪𑄠𑄳𑄦𑄬
বেশি উড়লে উইপোকার মতো ডানা ভেঙে পড়ে,𑄝𑄬𑄌𑄴 𑄃𑄪𑄢𑄨𑄣𑄬 𑄘𑄳𑄦𑄮 𑄞𑄋𑄨 𑄛𑄧𑄢 𑄛𑄧𑄢𑄬 𑄃𑄭𑄪𑄛𑄪𑄊𑄮 𑄙𑄧𑄇𑄴𑄇𑄬 𑄉𑄧𑄢𑄳𑄦𑄨𑅁
আজকে ভয় করবে তার,𑄘𑄰𑄱𑄖𑄴𑄗𑄬 𑄘𑄧𑄢𑄬𑄝𑄧𑄘𑄬 𑄃𑄨𑄌𑄴𑄌𑄬 𑄖𑄬
মনে হচ্ছে সে আগুন বাজাবে,𑄥𑄨𑄝𑄳𑄦𑄬 𑄘𑄰𑄱𑄖𑄴𑄗𑄬 𑄃𑄊𑄪𑄚𑄴 𑄝𑄎𑄬𑄝𑄧𑄙𑄬 𑄙𑄧𑄇𑄴𑄇𑄚𑄴𑄘𑄮𑄠𑄴
সেগুলো মার খাওয়ার করো মনে হয় তুমি,𑄘𑄰𑄱𑄖𑄴𑄗𑄬 𑄟𑄬𑄢𑄴 𑄈𑄬𑄝𑄢𑄴 𑄉𑄧𑄢𑄧𑄌𑄴𑄍𑄬 𑄚𑄧𑄚𑄳𑄦𑄬 𑄥𑄨𑄠𑄚𑄳𑄦𑄨 𑄖𑄪𑄠𑄴
"তার আপন ভাই, এইদিকে দেখার কথা,ফিরেও তাকালো না সে ","𑄃𑄨𑄏𑄪 𑄖 𑄥𑄧𑄘𑄧𑄢𑄴 𑄞𑄬𑄠𑄴, 𑄘𑄰𑄱𑄖𑄴𑄗𑄬 𑄌𑄬𑄞𑄢𑄴, 𑄃𑄬𑄇𑄴𑄇 𑄜𑄨𑄢𑄨𑄠𑄳𑄦𑄮 𑄚𑄧 𑄌𑄭𑄙𑄬 𑄖𑄬𑅁"
একদিক করে থাকা,𑄷. 𑄙𑄇𑄴 𑄛𑄢𑄚
বাম দিক,𑄝𑄁 𑄙𑄇𑄴
.ডান দিক,𑄘𑄬𑄚𑄴 𑄙𑄇𑄴
সে ডান দিক করে ঘুমাচ্ছে,𑄖𑄬 𑄘𑄬𑄚𑄳𑄦𑄬𑄚𑄴𑄘𑄨 𑄙𑄇𑄴 𑄛𑄢𑄨𑄚𑄬𑄠𑄴 𑄊𑄪𑄟𑄴 𑄎𑄢𑄴
"বাচ্চাটা আনার শরীরে বেজে বসল,মনে হয়  যেন চিনে","𑄉𑄪𑄢𑄮𑄞𑄮 𑄃𑄬𑄇𑄴𑄈𑄬 𑄟𑄧 𑄙𑄉𑄧𑄖𑄴 𑄃𑄝𑄪𑄎𑄨𑄚𑄬𑄠𑄴 𑄝𑄧𑄣𑄳𑄦𑄧𑄉𑄨𑄘𑄬, 𑄌𑄨𑄚𑄬𑄙𑄬 𑄙𑄧𑄇𑄴"
তোমার পাশে ওইটা কে? শ্মশানের দিকে করে পথটা গেছে,𑄖𑄧 𑄙𑄉𑄧𑄖𑄴 𑄥𑄨𑄝𑄳𑄦𑄬 𑄇𑄧𑄚𑄴𑄚𑄳𑄦? 𑄌𑄧𑄝𑄥𑄣𑄧 𑄙𑄉𑄧𑄚𑄴𑄘𑄨 𑄉𑄧𑄢𑄳𑄦𑄨 𑄛𑄧𑄖𑄴𑄗𑄚𑄴 𑄎𑄨𑄠𑄳𑄦𑄬
কোমরের হাড়,𑄸. 𑄙𑄉𑄧 𑄦𑄢𑄴
কোমরটা ব্যাথা করতেছে,𑄙𑄇𑄴𑄇𑄚𑄴 𑄌𑄨𑄊𑄪𑄖𑄴 𑄌𑄨𑄊𑄪𑄖𑄴 𑄉𑄧𑄢𑄳𑄦𑄬𑄢𑄴
লাঠিটে কোমরের হাড় ভেঙে দিবো,𑄣𑄙𑄨𑄖𑄴 𑄙𑄉𑄧 𑄦𑄢𑄴 𑄞𑄋𑄨 𑄘𑄨𑄟𑄴𑄟𑄬 𑄥𑄳𑄠𑄬
কোমর বাঁকা হওয়ার মতো অবস্থা  করে পানি বহন করতে হয় পাহাড়ের উপর বাড়ি হলে,𑄙𑄇𑄴 𑄝𑄬𑄋 𑄦𑄧𑄠𑄴 𑄥𑄧𑄁 𑄛𑄚𑄳𑄦𑄨 𑄝𑄧𑄦𑄬 𑄛𑄳𑄦𑄠𑄴 𑄟𑄮𑄚𑄮 𑄃𑄪𑄉𑄪𑄢𑄬 𑄗𑄬𑄣𑄬𑅁
এইদিকে-ঐদিকে,𑄷. 𑄃𑄬𑄙𑄇𑄴𑄇𑄬 – 𑄃𑄪𑄙𑄇𑄴𑄇𑄬
.দিকে হওয়া,𑄙𑄇𑄴𑄇𑄬 𑄦𑄧𑄚
"শুধু এক দিকে দেখলে হবেনা,দুই দিকে দেখতে হবে","𑄝𑄚 𑄃𑄬𑄇𑄴 𑄙𑄇𑄴𑄇𑄬 𑄌𑄬𑄣𑄳𑄦𑄬 𑄦𑄧𑄘𑄧 𑄚𑄳𑄦𑄧𑄠𑄴, 𑄘𑄮𑄚𑄳𑄦𑄮 𑄙𑄇𑄴 𑄌𑄳𑄦 𑄛𑄧𑄢𑄨𑄝𑄮"
২ কাপড় ঢাকা করে ওইটা কে?সে লজ্জায় মুখ ঢেকে দাঁড়ালো,𑄸. 𑄇𑄝𑄧𑄢𑄴 𑄙𑄇𑄴𑄇𑄬 𑄉𑄧𑄢𑄳𑄦𑄨 𑄥𑄨𑄝𑄳𑄦𑄬 𑄇𑄧𑄚𑄴𑄚𑄳𑄦? 𑄖𑄬 𑄟𑄪 𑄙𑄇𑄴𑄇𑄬 𑄉𑄧𑄢𑄳𑄦𑄨 𑄗𑄬𑄣𑄧𑄘𑄬 𑄣𑄎𑄬𑅁
মার্বেল খেলতে বাঁকা করে মারে আরকি,𑄟𑄢𑄴𑄞𑄬𑄣𑄴 𑄈𑄢𑄖𑄴 𑄙𑄇𑄴𑄇𑄬𑄣𑄴𑄣𑄮𑄠𑄴 𑄟𑄢𑄧𑄚𑄴𑄘𑄬 𑄃𑄳𑄦𑄠𑄴𑅁
জ্যাকেটের সুতাগুলো খোলা,𑄎𑄟𑄴𑄝𑄢𑄳𑄦𑄧 𑄙𑄉𑄃𑄚𑄳𑄦𑄨 𑄈𑄪𑄣𑄚
তারা দুইজন পাশাপাশি করে বসে আছে,𑄙𑄉𑄙𑄇𑄴𑄇𑄬 𑄝𑄳𑄦𑄮𑄠𑄴 𑄃𑄊𑄧𑄚𑄴 𑄖𑄢𑄳𑄦 𑄘𑄨𑄎𑄧𑄚𑄬
চেয়ারগুলো পাশাপাশি করে রাখো,𑄌𑄬𑄊𑄢𑄚𑄨 𑄙𑄉𑄙𑄇𑄴𑄇𑄬 𑄉𑄧𑄢𑄳𑄦𑄨 𑄗𑄧𑅁
ঢাকা যাওয়া,𑄙𑄉 𑄎𑄚
ঢেকে থাকা/দাও,𑄙𑄉𑄨 𑄗𑄚/ 𑄘𑄬𑄚
কাপড়ের জন্য সব ডেকে গেছে,𑄇𑄝𑄧𑄢𑄚𑄴𑄙𑄮𑄠𑄴 𑄝𑄬𑄇𑄴𑄈𑄚𑄴 𑄙𑄉 𑄎𑄨𑄠𑄳𑄦𑄬
কাপড় ডেকে কাকে নিয়ে যাচ্ছে?তরকারি টা ঢাকনি দিয়ে ডেকে রাখলেন,𑄇𑄝𑄧𑄢𑄴 𑄙𑄉𑄨𑄚𑄬𑄠𑄴 𑄥𑄨𑄝𑄳𑄦𑄬 𑄇𑄢𑄳𑄦𑄬 𑄚𑄬𑄎𑄘𑄧𑄚𑄴? 𑄖𑄮𑄚𑄳𑄦𑄚𑄴 𑄖𑄬 𑄥𑄧𑄢𑄧𑄣𑄮𑄠𑄴 𑄙𑄉𑄨 𑄗𑄧𑄣𑄧𑅁
জানালাগুলোকেও ধাজ্জে বলে,𑄸. 𑄎𑄚𑄴𑄘𑄣𑄃𑄪𑄚𑄳𑄦𑄮𑄢𑄬𑄠𑄮 𑄙𑄌𑄴𑄌𑄬 𑄇𑄳𑄦𑄧𑄚𑄴𑅁
একটা বারি খেলাম,𑄙𑄖𑄴𑄙𑄢𑄌𑄴 𑄉𑄧𑄢𑄳𑄦𑄨 𑄃𑄨𑄇𑄴𑄊𑄮 𑄙𑄪𑄌𑄴 𑄈𑄬𑄣𑄪𑄁𑅁
কার ইচ্ছা? তার ইচ্ছা নাকি আমার ইচ্ছা,𑄇𑄢𑄴 𑄙𑄖𑄴𑄙𑄢𑄨? 𑄖𑄢𑄴 𑄙𑄖𑄴𑄙𑄢𑄨 𑄚 𑄃𑄟𑄧𑄚𑄧 𑄙𑄖𑄴𑄙𑄢𑄨?
পালিয়ে যাওয়া আর লুকোচুরি,𑄙𑄙𑄨 𑄛𑄧𑄣𑄴𑄣𑄛𑄧𑄣𑄴𑄣𑄨
দেখতে পাওয়া/যাওয়া/আসা,𑄙𑄬 𑄛𑄚𑄳𑄦/ 𑄎𑄚/ 𑄃𑄬𑄎𑄚𑄳𑄦
পালিয়ে যাওয়া - লুকোচুরি,𑄙𑄚 – 𑄛𑄧𑄣𑄴𑄣𑄚
বাঙালিরা আক্রমণ করতে আসলে আপনারা কোথায় যাবেন?পালিয়ে যাওয়া আর লুকোচুরির সময় কে কোথায় গেছে তার কোনো খবর নাই,𑄇𑄪𑄙𑄪 𑄙𑄬𑄝 𑄖𑄪𑄟𑄳𑄦𑄨 𑄝𑄋𑄣𑄬 𑄇𑄝𑄨𑄣𑄬𑄊𑄨? 𑄙𑄙𑄨 𑄛𑄧𑄣𑄴𑄣𑄛𑄧𑄣𑄴𑄣𑄨 𑄃𑄧𑄇𑄴𑄗𑄧𑄖𑄴 𑄇𑄧𑄚𑄬 𑄇𑄪𑄚𑄴𑄙𑄨 𑄙𑄬 𑄎𑄨𑄠𑄳𑄦𑄬 𑄖𑄢𑄴 𑄚𑄬𑄠𑄴 𑄇𑄧𑄚𑄳𑄦𑄧 𑄛𑄖𑄴𑄖
মরে যাওয়া থেকে কোনো রেহাই নেই,𑄟𑄧𑄢𑄧𑄚𑄧 𑄦𑄘𑄧𑄖𑄴𑄖𑄪𑄚𑄴 𑄇𑄧𑄚𑄳𑄦𑄧 𑄇𑄨𑄖𑄴𑄖𑄬 𑄙𑄬𑄠𑄴 𑄎𑄬 𑄛𑄖𑄴𑄖𑄬 𑄚𑄳𑄦𑄧𑄠𑄴
পালিয়ে গিয়ে তারা বিয়ে করলেন,𑄖𑄢𑄳𑄦 𑄙𑄬 𑄎𑄬𑄚𑄬𑄠𑄴 𑄣𑄳𑄦𑄮𑄣𑄳𑄦𑄨 𑄦𑄧𑄣𑄇𑄴𑄇𑄮𑄠𑄴
"তারা দুজনেই পালিয়ে গেছে,এটা কি সত্যি?কেন জানি না তারা পালিয়ে যাওয়ার জন্য এতো প্রস্তুত থাকে ","𑄖𑄢𑄳𑄦 𑄞𑄬𑄣𑄬 𑄘𑄨𑄎𑄧𑄚𑄬 𑄙𑄬 𑄎𑄨𑄠𑄮𑄚𑄴𑄚𑄮𑄠𑄴𑄙𑄬, 𑄃𑄧𑄚𑄳𑄦𑄨? 𑄖𑄢𑄳𑄦 𑄇𑄨 𑄃𑄳𑄦𑄬𑄘𑄧𑄇𑄴 𑄙𑄁 𑄙𑄁 𑄉𑄧𑄢𑄳𑄦𑄨 𑄃𑄊𑄧𑄚𑄴 𑄇𑄨𑄎𑄬𑄚𑄨𑅁"
ধানের ক্ষেত,𑄙𑄚𑄴 𑄞𑄪𑄠𑄴
.বিষ ধান,𑄝𑄨𑄌𑄴 𑄙𑄚𑄴
ধানের জালা,𑄙𑄚𑄧 𑄎𑄣
ধানের বোনা,𑄙𑄚𑄴 𑄖𑄢
ধান দোলাই করা,𑄙𑄚𑄴 𑄘𑄧𑄣𑄚
ধান মাড়াই করা,𑄙𑄚𑄴 𑄟𑄢𑄚
ধান বাতাস দেয়া,𑄙𑄚𑄴 𑄝𑄮𑄠𑄬𑄖𑄴 𑄘𑄬𑄚
ধান রোপন করা/ কাটা,𑄙𑄚𑄴 𑄣𑄉𑄚/ 𑄇𑄝𑄚
ধান খেত ভালো হয়েছে,𑄙𑄚𑄴 𑄞𑄪𑄠𑄳𑄦𑄚𑄴 𑄘𑄮𑄣𑄴 𑄦𑄪𑄠𑄬
এক কেজি ধানে এক কেজি জালা,𑄃𑄬𑄇𑄴 𑄃𑄢𑄳𑄦𑄨 𑄙𑄚𑄧𑄖𑄴 𑄘𑄨 𑄃𑄢𑄳𑄦𑄨 𑄎𑄣
মুরগিটা ধান খাচ্ছে,𑄇𑄪𑄢𑄳𑄦𑄮𑄝𑄮 𑄙𑄚𑄴 𑄈𑄖𑄴𑄖𑄬
ধান মাড়াই করার মেশিন,𑄙𑄚𑄴 𑄟𑄢𑄧𑄚𑄨 𑄟𑄬𑄥𑄨𑄚𑄴𑅁
শব্দ করে কি পরে গেল?শব্দ করে থালাবাসনগুলো মাটিতে পরে গেল,𑄙𑄚𑄴𑄙𑄢𑄁 𑄉𑄧𑄢𑄳𑄦𑄨 𑄥𑄨𑄝𑄳𑄦𑄬 𑄇𑄨 𑄛𑄧𑄣𑄴𑄣𑄳𑄦𑄧? 𑄙𑄚𑄴𑄙𑄢𑄁 𑄉𑄧𑄢𑄳𑄦𑄨 𑄝𑄏𑄮𑄚𑄪𑄚𑄴 𑄏𑄧𑄢𑄨 𑄛𑄧𑄣𑄴𑄣𑄳𑄦𑄇𑄴 𑄟𑄘𑄨𑄖𑄴𑅁
তার পড়াশোনা করার প্রচুর শখ আছে,𑄖𑄢𑄴 𑄣𑄬𑄊 𑄥𑄨𑄊𑄨𑄝𑄢𑄴 𑄃𑄧𑄟𑄧𑄉𑄧𑄘𑄧 𑄙𑄛𑄴
আমার শখ হলো ছবি আঁকা,𑄟𑄧𑄢𑄴 𑄙𑄛𑄴 𑄦𑄧𑄣𑄧𑄘𑄬 𑄥𑄧𑄝𑄨 𑄃𑄉𑄚
"তোমার কি কি শখ আছে?আমার বই পড়ার শখ,ঘুরতে যাওয়ার শখ,আরও কি কি আছে!","𑄖𑄧𑄢𑄴 𑄇𑄨 𑄇𑄨 𑄙𑄛𑄴 𑄃𑄊𑄬? 𑄟𑄧𑄢𑄴 𑄝𑄳𑄦𑄮𑄠𑄴 𑄟𑄘𑄬𑄝𑄢𑄴 𑄙𑄛𑄴, 𑄝𑄬𑄢𑄬𑄝𑄢𑄴 𑄙𑄛𑄴, 𑄃𑄢𑄳𑄦𑄧 𑄇𑄨 𑄇𑄨 𑄃𑄊𑄬!"
দৌড় দেওয়া,𑄙𑄝 𑄘𑄬𑄚
দৌড়াদৌড়ি,𑄙𑄝 𑄙𑄝
.দৌড়ে যাওয়া/আসা,𑄙𑄝 𑄎𑄚/ 𑄃𑄬𑄎𑄚𑄳𑄦
সে এক দৌড়ে পৌঁছে গেল,𑄃𑄬𑄇𑄴 𑄙𑄝𑄭 𑄇𑄪𑄖𑄴𑄙𑄪𑄢𑄴 𑄣𑄳𑄦𑄪𑄋𑄨𑄣𑄮𑄉𑄮𑄠𑄴 𑄖𑄬
সে দৌড়ে গিয়ে মাঠের ওপারে গেল,𑄙𑄝 𑄌𑄧𑄖𑄴𑄖𑄬 𑄟𑄖𑄴𑄗𑄮 𑄦𑄧𑄝𑄧𑄣 𑄛𑄢𑄴 𑄦𑄧𑄣𑄧𑄉𑄮𑄠𑄴 𑄖𑄬
তাড়াতাড়ি করে কাজগুলো করেছি,𑄙𑄝 𑄙𑄝 𑄇𑄟𑄚𑄳𑄦𑄨 𑄉𑄧𑄣𑄴𑄣𑄳𑄦𑄪𑄁 𑄟𑄪𑄠𑄴
দৌড়ে গিয়ে দৌড়ে আসবে,𑄙𑄝 𑄎𑄬𑄚𑄬𑄠𑄴 𑄙𑄝 𑄃𑄬𑄞𑄬𑅁
দৌড়াদৌড়ি চলতেছে,𑄙𑄝 𑄘𑄬𑄘𑄨 𑄌𑄧𑄣𑄬𑄖𑄴𑄖𑄬
তুমি কি আমার সাথে দৌড় প্রতিযোগিতা করবে?,𑄖𑄪𑄠𑄴 𑄙𑄝 𑄘𑄬𑄘𑄨 𑄌𑄬𑄞𑄬 𑄚𑄇𑄨 𑄟𑄧𑄣𑄴𑄣𑄮𑄠𑄴?
.সে দৌড়ে এসে আমাদের খবর নিল,𑄖𑄬 𑄙𑄝 𑄙𑄝𑄳𑄦 𑄃𑄟𑄳𑄦𑄢𑄬 𑄈𑄧𑄝𑄧𑄢𑄴 𑄙𑄧𑄢𑄨𑄣𑄮𑄉𑄳𑄦𑄨𑅁
বের করে দেয়া,𑄙𑄝𑄬 𑄘𑄬𑄚
তাড়িয়ে দেয়া,𑄙𑄝 𑄈𑄚
বের করে নিয়ে আসা,𑄙𑄝𑄬 𑄃𑄚𑄚𑄳𑄦
মুরগিগুলো তাড়িয়ে দাও,𑄇𑄪𑄢𑄳𑄦𑄮𑄃𑄪𑄚𑄴 𑄙𑄝𑄉𑄮𑄠𑄴
.এ কুকুরটা তাড়িয়ে দিলেও যায় না,𑄙𑄝𑄬 𑄘𑄨𑄣𑄳𑄦𑄬𑄠𑄮 𑄚𑄧𑄎𑄠𑄮𑄠𑄴 𑄃𑄬 𑄉𑄭𑄖𑄴𑄗𑄬 𑄇𑄪𑄉𑄪𑄢𑄴𑄞𑄮
"সে একদিকেও টিকে না,যেদিকে যায়,সেদিক থেকে তাড়িয়ে দেয়","𑄇𑄧𑄚𑄳𑄦𑄧 𑄇𑄨𑄖𑄴𑄖𑄬 𑄚𑄧 𑄃𑄘𑄬𑄉𑄮𑄠𑄴 𑄖𑄬, 𑄎𑄨𑄚𑄴𑄙𑄨 𑄎𑄭, 𑄥𑄨𑄚𑄴𑄙𑄨 𑄙𑄝 𑄈𑄠𑄮𑄠𑄴"
কুকুরটা তাড়া খেয়ে মনের কষ্টে কান্না করে দিচ্ছে,𑄇𑄪𑄉𑄪𑄢𑄴𑄞𑄮 𑄙𑄝 𑄈𑄬𑄚𑄬𑄠𑄴 𑄟𑄧𑄚𑄧𑄖𑄴 𑄘𑄪𑄊𑄬 𑄇𑄚𑄨 𑄇𑄚𑄨 𑄃𑄉𑄬𑄊𑄮𑄠𑄴𑅁
সে এখানে থাকলে সেটা একটা কিছু হবে,𑄖𑄬 𑄃𑄨𑄙𑄪 𑄗𑄬𑄣𑄬 𑄥𑄨𑄠𑄳𑄦𑄬𑄚𑄴 𑄃𑄬𑄇𑄴 𑄙𑄢 𑄦𑄧𑄝𑄧𑅁
সবটাতে পানিতে ভরপুর,𑄉𑄧𑄘 𑄙𑄢 𑄘𑄨𑄉𑄨𑄣𑄳𑄦𑄨 𑄛𑄚𑄳𑄦𑄨 𑄦𑄪𑄠𑄳𑄦𑄬
প্রচুর পানি ঢুকতেছে,𑄉𑄧𑄘 𑄙𑄢 𑄘𑄨𑄉𑄨𑄣𑄴𑄣𑄳𑄦𑄬 𑄉𑄧𑄢𑄳𑄦𑄨 𑄛𑄚𑄳𑄦𑄨 𑄥𑄧𑄟𑄬𑄣𑄴𑄣𑄳𑄦𑄨𑅁
.রক্তে ভরপুর,𑄙𑄢 𑄙𑄢𑄳𑄦 𑄣𑄮
.এত চোখের পানি ফেলা কি লাভ?তার প্রচুর লা লা পরতেছে,𑄙𑄢 𑄙𑄢 𑄌𑄮𑄊𑄮 𑄛𑄚𑄳𑄦𑄨 𑄜𑄬𑄣𑄬𑄚𑄬𑄠𑄴 𑄇𑄨 𑄣𑄛𑄴? 𑄖𑄢𑄴 𑄉𑄧𑄘 𑄣𑄬𑄖𑄴𑄖𑄮 𑄙𑄢 𑄙𑄢 𑄛𑄧𑄢𑄬𑄢𑄴𑅁
রামদা শান দেয়া,𑄖𑄉𑄧𑄣𑄴 𑄙𑄢𑄚
কবে বিয়ে খাওয়াবে?ধাতগুলো শান দিয়ে আছি,𑄇𑄧𑄟𑄧𑄣𑄬 𑄟𑄬𑄣 𑄈𑄝𑄬𑄝𑄬? 𑄘𑄖𑄴𑄗𑄪𑄚𑄴 𑄙𑄢𑄬 𑄙𑄢𑄬 𑄃𑄉𑄧𑄁𑄊𑄬 𑄠𑄬
"কাজে সাহায্য করলে সাহায্য পাওয়া যায়,","𑄝𑄣 𑄙𑄢𑄬𑄣𑄬 𑄝𑄣 𑄛𑄳𑄦𑄠𑄴, 𑄙𑄢𑄬𑄠𑄬 𑄝𑄣 𑄇𑄪𑄙𑄪 𑄎𑄭?"
এইটা থেকে ওইটা একটু ভালো হবে,𑄃𑄨𑄞𑄬 𑄙𑄢𑄚𑄬 𑄃𑄳𑄦𑄪𑄝𑄮 𑄃𑄬𑄇𑄴𑄇 𑄉𑄧𑄟𑄴 𑄦𑄧𑄝𑄧
এক ঢিক পানি খাওয়াতে পারবেনি বোন? ২. শান রামদা,"𑄷. 𑄃𑄬𑄇𑄴 𑄙𑄢𑄴 𑄛𑄚𑄳𑄦𑄨 𑄈𑄝𑄬 𑄛𑄢𑄨𑄝𑄬 𑄚𑄳𑄦𑄨, 𑄞𑄮𑄚𑄴? 𑄸. 𑄙𑄢𑄴 𑄖𑄉𑄧𑄣𑄴"
শান নেই,𑄙𑄢𑄴 𑄟𑄧𑄢𑄚
"রামদাটা খুবই শান, একটু লেগে গেলে কেটে যায়","𑄖𑄉𑄧𑄣𑄳𑄦𑄚𑄴 𑄎𑄬 𑄙𑄢𑄴, 𑄃𑄬𑄇𑄴𑄇 𑄝𑄎𑄨𑄣𑄳𑄦𑄬 𑄎𑄠𑄮𑄠𑄴"
রামদাটা শান নেই হয়েছে,𑄖𑄉𑄧𑄣𑄳𑄦𑄚𑄴 𑄉𑄧𑄘 𑄙𑄢𑄴 𑄟𑄧𑄌𑄴𑄎𑄬 𑄦𑄪𑄠𑄳𑄦𑄬𑅁
আগ্রহ করা,𑄙𑄢𑄳𑄦𑄮𑄌𑄴 𑄉𑄧𑄢𑄚𑄳𑄦
".কত আগ্রহ তার,গুড় মিশানো ভাত খাবে","𑄇𑄧𑄟𑄴𑄞 𑄙𑄢𑄳𑄦𑄮𑄌𑄴 𑄖𑄢𑄴, 𑄟𑄨𑄙𑄬 𑄉𑄭𑄪𑄣𑄴𑄣𑄬 𑄞𑄖𑄴 𑄈𑄬𑄝𑄧"
আমি তোমাকে অনেক দিন থেকে আগ্রহ করে আছি,𑄟𑄪𑄠𑄴 𑄙𑄧 𑄖𑄧𑄢𑄳𑄦𑄬 𑄝𑄧𑄦𑄪𑄖𑄴 𑄘𑄨𑄚𑄴 𑄙𑄧𑄢𑄨 𑄙𑄢𑄮𑄌𑄴 𑄉𑄧𑄢𑄳𑄦𑄨 𑄉𑄧𑄢𑄳𑄦𑄨 𑄃𑄊𑄧𑄁
"সে খারাপগুলো আগ্রহ করোনা, ভালোগুলো আগ্রহ করো","𑄥𑄬 𑄞𑄚𑄴𑄐𑄬𑄃𑄚𑄳𑄦𑄨 𑄙𑄢𑄳𑄦𑄮𑄌𑄴 𑄚𑄧 𑄉𑄧𑄢𑄳𑄦𑄨𑄌𑄴, 𑄉𑄧𑄟𑄚𑄳𑄦𑄨 𑄙𑄢𑄳𑄦𑄮𑄌𑄴 𑄉𑄧𑄢𑄨𑄝𑄬𑄙𑄬𑅁"
তারা সবাই মাটিতে থাকে,𑄟𑄘𑄨𑄖𑄴 𑄙𑄣 𑄗𑄚𑄴𑄚𑄬 𑄖𑄢𑄳𑄦𑅁
ঢেলে দেয়া,𑄙𑄣𑄨 𑄘𑄬𑄚
ঢেলে পড়া,𑄙𑄣𑄨 𑄛𑄧𑄢𑄚
সবাই একসঙ্গে যাওয়া,𑄙𑄣 𑄎𑄚
পানি ঢালবো,𑄛𑄚𑄳𑄦𑄨 𑄙𑄣𑄧
"কিছুক্ষণ পর আমি তাকে পানি ঢেলে দিব,ঘুম থেকে কেন উঠে না","𑄈𑄇𑄴𑄇𑄬 𑄖𑄢𑄳𑄦𑄬 𑄛𑄚𑄳𑄦𑄨 𑄙𑄣𑄨 𑄘𑄨𑄟𑄴𑄟𑄮𑄠𑄴 𑄙𑄧 𑄟𑄪𑄠𑄴, 𑄊𑄪𑄟𑄮𑄖𑄴𑄖𑄪𑄚𑄴 𑄚𑄧 𑄃𑄪𑄘𑄬𑄙𑄬"
তারা চালগুলো বস্তা থেকে ঢেলে নিল,𑄌𑄮𑄣𑄳𑄦𑄪𑄚𑄴 𑄝𑄧𑄌𑄴𑄗𑄝𑄮𑄖𑄴 𑄙𑄣𑄨𑄣𑄇𑄴 𑄖𑄢𑄳𑄦
তাকে পানি ঢেলে দেওয়ার কোনো শেষ নেই,𑄛𑄚𑄳𑄦𑄨 𑄙𑄣𑄨 𑄘𑄨𑄘𑄨 𑄃𑄪𑄘𑄮 𑄚𑄬𑄠𑄴 𑄖𑄢𑄳𑄦𑄬𑅁
বইয়ের ঢাল,𑄝𑄮𑄠𑄳𑄦𑄮 𑄙𑄣𑄴
বইয়ের ঢালটা সুন্দর হয়েছে,𑄝𑄳𑄦𑄮𑄠𑄴𑄝𑄮 𑄙𑄣𑄳𑄦𑄚𑄴 𑄘𑄮𑄣𑄴 𑄦𑄪𑄠𑄳𑄦𑄬𑅁
একদিকে,𑄃𑄬𑄇𑄴 𑄙𑄣𑄴𑄣𑄬
এক কেজি চাল,𑄃𑄬𑄇𑄴 𑄙𑄧 𑄌𑄮𑄣𑄴
বরাবর,𑄙𑄧𑄉𑄬 𑄙𑄧𑄉𑄬
এরকম,𑄃𑄬𑄙𑄧𑄉𑄬
চেহারা পাল্টানো,𑄙𑄧𑄇𑄴 𑄝𑄧𑄘𑄧𑄣𑄚
তার চেহারা টা দেখছেন?আপনার চেহারা টা একটু আয়নায় দেখবেন,𑄖 𑄙𑄧𑄇𑄴𑄇𑄚𑄴 𑄘𑄨𑄇𑄴𑄈𑄮𑄌𑄴 𑄚𑄨? 𑄃𑄚𑄖𑄴 𑄖𑄧 𑄙𑄧𑄇𑄴𑄇𑄚𑄴 𑄃𑄬𑄇𑄴𑄇 𑄌𑄬𑄌𑄴𑄍𑄮𑄠𑄴𑄘𑄬
নায়কের মতো,𑄚𑄠𑄧𑄉𑄧 𑄙𑄧𑄇𑄴
".যেভাবে বৃষ্টি পরতেছে,আজকে বড়সড় পানি হবে","𑄎𑄬 𑄙𑄧𑄉𑄬 𑄏𑄧𑄢𑄴 𑄘𑄬𑄢𑄴, 𑄃𑄨𑄌𑄴𑄌𑄬 𑄝𑄧𑄢𑄴 𑄝𑄚𑄴 𑄉𑄧𑄢𑄨𑄞𑄮"
তার চেহারাটা একদম দেখতে পারতেছি না,𑄖 𑄙𑄧𑄇𑄴𑄇𑄚𑄴 𑄃𑄨𑄏𑄪 𑄘𑄳𑄦𑄬 𑄚𑄧 𑄛𑄢𑄧𑄋𑄧𑄖𑄴𑄗𑄬
যে অবস্থা দেখতেছি বসে থাকা কঠিন হবে,"𑄎𑄬 𑄙𑄧𑄇𑄴 𑄘𑄬𑄊𑄧𑄋𑄧𑄢𑄴, 𑄝𑄎𑄨 𑄗𑄚 𑄃𑄉𑄭𑄖𑄴𑄗𑄬 𑄦𑄪𑄠𑄳𑄦𑄬"
অবস্থা দেখে কাজ করা,𑄙𑄧𑄇𑄴 𑄝𑄪𑄏𑄨 𑄇𑄟𑄴 𑄉𑄧𑄢𑄚𑄳𑄦
" নিজের মতো হলে আসবো, আর না হলে আসবো না","𑄙𑄧𑄉𑄬 𑄦𑄧𑄣𑄬 𑄃𑄬𑄣𑄳𑄦𑄧𑄁, 𑄙𑄧𑄉𑄬 𑄚𑄧𑄦𑄧𑄣𑄬𑄠𑄳𑄦𑄮 𑄚𑄬𑄠𑄴"
"তার মতো হলে চলে , তার মতো না হলে চলেনা","𑄖 𑄙𑄧𑄉𑄬 𑄙𑄧𑄉𑄬 𑄦𑄧𑄣𑄬 𑄌𑄧𑄣𑄬, 𑄖 𑄙𑄧𑄉𑄬 𑄙𑄧𑄉𑄬 𑄚𑄧 𑄦𑄧𑄣𑄬 𑄚𑄧 𑄌𑄧𑄣𑄬"
তাকে দেখতে অন্যের মতো দেখি,𑄖𑄢𑄳𑄦𑄬 𑄃𑄬𑄇𑄴𑄈𑄬 𑄜𑄧𑄣𑄧𑄚 𑄙𑄧𑄇𑄴 𑄙𑄧𑄇𑄴 𑄘𑄬𑄉𑄧𑄁𑄊𑄬𑅁
তার মতো মানুষ আমি পাছায় রাখি,𑄖 𑄙𑄧𑄇𑄴𑄇𑄬 𑄟𑄚𑄳𑄦𑄪𑄌𑄴 𑄟𑄪𑄠𑄴 𑄜𑄪𑄚𑄮𑄖𑄴 𑄃𑄪𑄢𑄬 𑄜𑄬𑄣𑄁𑄉𑄮𑄠𑄴
বাচ্চাটা অন্যরকম কথা বললে শুনে না,"𑄉𑄪𑄢𑄮𑄞𑄮 𑄃𑄨𑄞𑄬 𑄃𑄬𑄇𑄴 𑄙𑄧𑄇𑄴𑄇𑄬, 𑄇𑄧𑄙 𑄇𑄧𑄣𑄳𑄦𑄬 𑄚𑄧 𑄥𑄪𑄚𑄬, 𑄖 𑄃𑄨𑄠𑄳𑄦𑄬𑄚𑄴 𑄖𑄢𑄴"
তার মতো সুন্দর মেয়ে কোথায় আছে? তার মতো সহজ সরল মানুষ এই দুনিয়াতে নেই,𑄖 𑄙𑄧𑄇𑄴𑄇𑄬 𑄘𑄮𑄣𑄴 𑄟𑄨𑄣𑄬 𑄇𑄪𑄙𑄪 𑄃𑄉𑄧𑄚𑄴𑄙𑄬? 𑄖 𑄙𑄧𑄇𑄴𑄇𑄬 𑄃𑄪𑄎𑄪 𑄥𑄪𑄢𑄪𑄁 𑄟𑄚𑄳𑄦𑄪𑄌𑄴 𑄃𑄬 𑄘𑄪𑄚𑄨𑄠𑄬𑄖𑄴 𑄚𑄬𑄠𑄴𑅁
সে পাহাড়টা উঠে হাফাচ্ছে,𑄖𑄬 𑄟𑄪𑄢𑄳𑄦𑄮𑄝𑄮 𑄃𑄪𑄘𑄨𑄚𑄳𑄦𑄬𑄠𑄴 𑄃𑄨𑄏𑄪 𑄙𑄧𑄉𑄬𑄖𑄴𑄖𑄳𑄦𑄬𑅁
এটটুকু পর্যন্ত হবে,𑄃𑄨𑄖𑄴𑄙𑄪𑄢𑄴 𑄙𑄧𑄉𑄬 𑄦𑄧𑄝𑄧𑄘𑄬 𑄃𑄭
তোমাদের জায়গাটা কতদূর পর্যন্ত? এতদূর পর্যন্ত পারবো আজকে,𑄖𑄧𑄟𑄳𑄦 𑄎𑄉𑄃𑄳𑄦𑄚𑄴 𑄇𑄪𑄖𑄴𑄙𑄪𑄢𑄴 𑄙𑄧𑄉𑄬? 𑄃𑄨𑄖𑄴𑄙𑄪𑄢𑄴 𑄙𑄧𑄉𑄬 𑄛𑄧𑄢𑄨𑄟𑄴𑄟𑄳𑄦𑄬 𑄃𑄨𑄌𑄴𑄌𑄬
বইটি এই পর্যন্ত শেষ হবে,𑄝𑄳𑄦𑄮𑄠𑄴𑄝𑄮 𑄃𑄨𑄖𑄴𑄙𑄪𑄢𑄴 𑄙𑄧𑄉𑄬 𑄗𑄪𑄟𑄴 𑄦𑄧𑄝𑄧𑄘𑄬 𑄃𑄭𑅁
ভালোভাবে দেখলে এত সুন্দর নয়,𑄙𑄧𑄉𑄬𑄙𑄉𑄳𑄦𑄬 𑄌𑄬𑄣𑄳𑄦𑄬 𑄟𑄳𑄦𑄣𑄬 𑄃𑄬𑄙𑄧𑄇𑄴 𑄘𑄮𑄣𑄴 𑄚𑄳𑄦𑄧𑄠𑄴𑅁
তার ইচ্ছা মতো হল কথা বলে আর না হলে কথা বলে না,"𑄖 𑄙𑄧𑄉𑄬 𑄙𑄧𑄉𑄳𑄦𑄬 𑄦𑄧𑄣𑄬 𑄟𑄘𑄬, 𑄖 𑄙𑄧𑄉𑄬 𑄙𑄧𑄉𑄬 𑄚𑄧 𑄦𑄧𑄣𑄬 𑄚𑄧 𑄟𑄘𑄬𑅁"
সে এই কাজটা করতে তিনদিন সময় দিয়েছে,𑄖𑄬 𑄃𑄬 𑄇𑄟𑄳𑄦𑄚𑄴 𑄉𑄧𑄖𑄴𑄗𑄬 𑄖𑄨𑄚𑄴 𑄙𑄨𑄚𑄮 𑄙𑄧𑄌𑄴 𑄘𑄳𑄠𑄬𑄙𑄬𑅁
বিপদে পড়া,𑄙𑄧𑄎 𑄈𑄚
এখন বড় বড় কথা বলতেছো একবার বিপদে পড়লে তখন বুঝবে,"𑄃𑄨𑄇𑄴𑄈𑄬 𑄣𑄟𑄴𑄝 𑄣𑄟𑄴𑄝 𑄇𑄧𑄙 𑄇𑄧𑄖𑄴𑄗𑄬, 𑄃𑄬𑄇𑄴𑄛𑄧𑄣𑄴𑄣 𑄙𑄧𑄎 𑄈𑄬𑄣𑄬 𑄖𑄳𑄦𑄬 𑄝𑄪𑄎𑄨𑄞𑄮"
কত বড় বড় বিপদে পড়েও তার হুচ ফিরে না,𑄇𑄧𑄟𑄴𑄞 𑄇𑄧𑄟𑄴𑄞 𑄙𑄧𑄎 𑄈𑄬𑄚𑄬𑄠𑄴 𑄖𑄪𑄃𑄳𑄦𑄮 𑄖𑄢𑄴 𑄦𑄪𑄌𑄴 𑄚𑄧 𑄝𑄧𑄏𑄬𑅁
ধুয়ে দেয়া,𑄙𑄮 𑄘𑄬𑄚
ধুুুয়ে ফেলা,𑄙𑄮 𑄜𑄬𑄣𑄚
থালাগুলো ধুয়ে নাও,𑄝𑄏𑄮𑄚𑄪𑄚𑄴 𑄙𑄧
"কাপড়গুলো গতকাল ধুয়েছি, আবার ময়লা হয়েছে আজকে","𑄇𑄝𑄧𑄢𑄚𑄳𑄦𑄨 𑄇𑄨𑄣𑄴𑄣𑄬 𑄙𑄪𑄠𑄮𑄁𑄉𑄬, 𑄃𑄢𑄳𑄦𑄧 𑄇𑄎𑄧𑄢𑄴 𑄦𑄪𑄠𑄳𑄦𑄬 𑄃𑄨𑄌𑄴𑄌𑄬"
ধোয়ার সময় ভালো করে সাবান দিয়ে ধোবে,𑄙𑄧𑄘𑄬 𑄥𑄧𑄣𑄖𑄴 𑄘𑄮𑄣𑄬 𑄥𑄉𑄮𑄚𑄴𑄚𑄮𑄠𑄴 𑄙𑄧𑄝𑄬𑄘𑄬
একটু আমার জামাটাও ধুয়ে দাও,𑄃𑄬𑄇𑄴𑄇 𑄟𑄧 𑄎𑄟𑄴𑄟𑄳𑄦𑄮𑄠𑄮 𑄙𑄮 𑄘𑄬 𑄚𑄳𑄦𑅁
ধন-সম্পত্তি,𑄙𑄧𑄚𑄴 𑄥𑄧𑄟𑄴𑄛𑄧𑄖𑄴𑄖𑄨
ধনগুলো-ধনবি,𑄙𑄧𑄚𑄧𑄉𑄪𑄣𑄮 – 𑄙𑄧𑄚𑄧𑄝𑄨
ধন জন,𑄙𑄧𑄚𑄴 𑄎𑄧𑄚𑄴
" কুঞ্জধন, ধনপুদি","𑄇𑄪𑄚𑄴𑄎𑄧𑄙𑄧𑄚𑄴, 𑄙𑄧𑄚𑄴𑄛𑄪𑄘𑄨"
আদে ধন,𑄃𑄘𑄬 𑄙𑄧𑄚𑄴
যক্ষ ধন,𑄎𑄮𑄇𑄴𑄊𑄮 𑄙𑄧𑄚𑄴𑅁
ধনগুলো-ধনবি,𑄙𑄧𑄚𑄧𑄉𑄪𑄣𑄮 – 𑄙𑄧𑄚𑄧𑄝𑄨
ধনমুনি,𑄙𑄧𑄚𑄧𑄟𑄪𑄚𑄨𑅁
ধরার মতো অবস্থা,𑄷. 𑄙𑄧𑄢𑄧𑄁 𑄙𑄧𑄢𑄧𑄁
ধরতে পাওয়া,𑄙𑄧𑄢𑄨 𑄛𑄚𑄳𑄦
ধরা খাওয়া,𑄙𑄧𑄢 𑄈𑄚
ধরে নিয়ে আসা/ধরে নিয়ে যাওয়া,𑄙𑄧𑄢𑄨 𑄃𑄚𑄚𑄳𑄦/𑄚𑄬𑄎𑄚
আমাকে ধরিও না/আমাকে ধরবেন না।,𑄟𑄧𑄢𑄳𑄦𑄬 𑄚𑄧 𑄙𑄧𑄢𑄨𑄌𑄴
ধরে পাওয়া যায় না যায় এমন করে হাত এগিয়ে দিয়েছে সে,𑄙𑄧𑄢𑄨 𑄛𑄳𑄦𑄁 𑄚𑄧 𑄛𑄳𑄦𑄁 𑄉𑄧𑄢𑄳𑄦𑄨 𑄦𑄖𑄴𑄖𑄚𑄴 𑄝𑄝𑄬𑄣𑄧𑄙𑄬 𑄖𑄬
তারা ব্যাঙ ধরতে যাচ্ছে,𑄖𑄢𑄳𑄦 𑄝𑄬𑄁 𑄙𑄧𑄢 𑄎𑄘𑄧𑄚𑄴
সে নাকি কোন মেয়েকে ধরে নিয়ে আসছে? ১. এখনই কাজটা শুরু করছি,𑄖𑄬 𑄞𑄬𑄣𑄬 𑄇𑄧𑄚𑄴 𑄟𑄨𑄣𑄬𑄢𑄳𑄦𑄬 𑄙𑄧𑄢𑄨 𑄃𑄚𑄴𑄐𑄳𑄦𑄬𑄉𑄮𑄠𑄴𑄘𑄬? 𑄸. 𑄃𑄬𑄞𑄧 𑄖𑄳𑄦𑄬 𑄇𑄟𑄳𑄦𑄚𑄴 𑄙𑄧𑄌𑄴𑄌𑄮𑄁𑄉𑄳𑄦𑄬
কাজে হাত দাও তাড়াতাড়ি,𑄇𑄟𑄧𑄖𑄴 𑄙𑄧𑄢𑄧 𑄏𑄘𑄨𑄟𑄘𑄨
বিড়িটা ধরাও একটু,"𑄝𑄨𑄢𑄨𑄞𑄮 𑄙𑄧𑄢 𑄘𑄳𑄦𑄬, 𑄃𑄬𑄇𑄴𑄇"
চুলাটা যে সহজে ধরে না,𑄌𑄪𑄣𑄳𑄦𑄮𑄝𑄮 𑄈𑄢𑄳𑄦 𑄚𑄧 𑄙𑄧𑄢𑄬𑄘𑄬 𑄠𑄮
কাঠিটা ধরাও,𑄇𑄬𑄟𑄳𑄦𑄚𑄴 𑄙𑄧𑄢𑄉𑄮𑄠𑄴
"পায়ে কি ব্যাথা হয়েছে জানি না , সহজে নাড়াতেও পারি না ","𑄗𑄬𑄋𑄳𑄦𑄚𑄴 𑄇𑄨 𑄙𑄧𑄢 𑄦𑄪𑄠𑄬 𑄇𑄨𑄎𑄬𑄚𑄨, 𑄈𑄢𑄳𑄦 𑄣𑄢𑄬𑄠𑄳𑄦𑄮 𑄚𑄧 𑄛𑄢𑄧𑄁"
" এক হাত গাছটা, ফল ধরেছে পাঁচটা - হাত","𑄻. 𑄃𑄬𑄇𑄴 𑄦𑄖𑄴 𑄉𑄧𑄢𑄳𑄦𑄨 𑄉𑄌𑄴𑄍𑄮, 𑄉𑄪𑄣𑄮 𑄙𑄧𑄌𑄴𑄍𑄮𑄚𑄴 𑄛𑄌𑄴𑄍𑄮 – 𑄦𑄖𑄴𑄖𑄚𑄴"
ফলমূল কম ধরে এবার,𑄉𑄪𑄣𑄮𑄉𑄣 𑄇𑄧𑄟𑄴 𑄙𑄧𑄢𑄧𑄚𑄴 𑄃𑄬𑄝𑄢𑄧𑄖𑄴
তুমি ছুঁড়ে দাও আমি ধরবো,"𑄼. 𑄖𑄪𑄠𑄴 𑄣𑄪𑄋𑄳𑄦𑄨 𑄘𑄬, 𑄟𑄪𑄠𑄴 𑄙𑄧𑄢𑄨𑄟𑄴"
তার সাথে কুস্তি লড়বে?-লড়ব,𑄻. 𑄖𑄢𑄳𑄦𑄬 𑄝𑄧𑄘𑄝𑄧𑄘𑄨 𑄙𑄧𑄢𑄨𑄝𑄬? – 𑄙𑄧𑄢𑄨𑄟𑄴 𑄘𑄧
দুইজনে লড়াই করল একবার,𑄘𑄨𑄎𑄧𑄚𑄬 𑄙𑄧𑄢𑄙𑄧𑄢𑄨 𑄌𑄬𑄣𑄳𑄦𑄇𑄴 𑄃𑄬𑄇𑄴𑄥𑄧𑄣
সে আমাকে জিজ্ঞেস করল- আকাশের পানি পাতালে কোন দিকে যায়? পড়া জিজ্ঞেস করলে একজনও পারেনা ।,𑄽. 𑄖𑄬 𑄟𑄧𑄢𑄳𑄦𑄬 𑄙𑄧𑄢𑄨𑄣𑄮 𑄘𑄬 – 𑄃𑄉𑄏𑄧 𑄛𑄚𑄳𑄦𑄨 𑄛𑄘𑄣𑄧𑄖𑄴 𑄇𑄪𑄚𑄴𑄙𑄨 𑄎𑄭? 𑄛𑄧𑄢𑄳𑄦 𑄙𑄧𑄣𑄴𑄣𑄬 𑄃𑄬𑄇𑄴𑄎𑄧𑄚𑄬𑄠𑄳𑄦𑄮 𑄚𑄧 𑄛𑄢𑄧𑄚𑄴
সে আমাকে চোর হিসেবে সন্দেহ করে।,𑄾. 𑄖𑄬 𑄇𑄳𑄦𑄧𑄚𑄴 𑄟𑄧𑄢𑄳𑄦𑄬 𑄌𑄪𑄢𑄮𑄖𑄴 𑄙𑄧𑄢𑄬𑄘𑄬
আন্দাজে একেবারে বলবে না - পাপে,𑄃𑄚𑄴𑄘𑄎𑄬 𑄟𑄧𑄢𑄳𑄦𑄬 𑄚𑄧 𑄙𑄧𑄢𑄨𑄌𑄴 𑄃𑄮 – 𑄛𑄝𑄬 𑄉𑄨𑄢𑄳𑄦𑄬 𑄉𑄨𑄢𑄳𑄦𑄬 𑄦𑄧𑄝𑄬 𑄥𑄳𑄠𑄬!
বৌদ্ধ ধর্ম,𑄝𑄪𑄖𑄴𑄙𑄮 𑄙𑄧𑄢𑄴𑄟𑄧
ইসলাম ধর্ম,𑄟𑄪𑄏𑄪𑄢𑄴𑄟𑄚𑄴 𑄙𑄧𑄢𑄴𑄟𑄧
যার যার ধর্ম তার তার কাছে।,𑄎 𑄎 𑄙𑄧𑄢𑄴𑄟𑄧 𑄖 𑄖 𑄃𑄨𑄙𑄪𑅁
ফর্সা,𑄙𑄧𑄣𑄧𑄌𑄴𑄌𑄬
ফর্সা মানুষ,𑄙𑄧𑄣𑄴 𑄟𑄚𑄳𑄦𑄪𑄌𑄴
সাপগুলো হচ্ছে সাদা,𑄥𑄳𑄦𑄛𑄴𑄛𑄪𑄚𑄴 𑄦𑄧𑄣𑄇𑄴𑄇𑄬 𑄙𑄧𑄣𑄴 𑄎𑄖𑄴
রাতের অন্ধকারে সাদা করে ওইটা কাকে দেখলাম !,𑄢𑄬𑄘𑄮 𑄃𑄚𑄴𑄘𑄢𑄳𑄦𑄧𑄖𑄴 𑄙𑄧𑄣𑄴 𑄉𑄧𑄢𑄳𑄦𑄨 𑄥𑄨𑄝𑄳𑄦𑄬 𑄇𑄢𑄳𑄦𑄬 𑄘𑄨𑄉𑄨𑄣𑄳𑄦𑄪𑄁! 𑄙𑄧𑄣𑄴 𑄙𑄧𑄣𑄴 𑄘𑄝𑄚! 𑄙𑄧𑄣𑄴 𑄦𑄬𑄖𑄴𑅁
ভোরের আলো হওয়ার সময় জাগলাম,𑄙𑄧𑄣𑄴 𑄛𑄳𑄦𑄧𑄢𑄴 𑄦𑄧𑄣𑄴𑄣𑄨𑄘𑄬 𑄣𑄧𑄇𑄴𑄈𑄬 𑄎𑄉𑄨𑄣𑄪𑄁 𑄟𑄪𑄠𑄴𑅁
গরুর বাচ্চাটি একটু সাদা করে দেখতে সুন্দর,"𑄉𑄧𑄢𑄪 𑄥𑄧𑄝𑄮 𑄃𑄬𑄇𑄴𑄇 𑄙𑄧𑄣𑄧𑄌𑄴𑄌𑄬 𑄉𑄧𑄢𑄳𑄦𑄨, 𑄃𑄬𑄇𑄴𑄈𑄬 𑄘𑄮𑄣𑄴𑅁"
দং করা/ দেখানো,𑄙𑄧𑄁 𑄉𑄣𑄚/ 𑄘𑄬𑄉𑄚𑄳𑄦/ 𑄉𑄧𑄢𑄚𑄳𑄦
নাচ গান,𑄢𑄧𑄁 𑄙𑄧𑄁
বেশি দং করলে আমার সহ্য হয়না,𑄝𑄬𑄌𑄴 𑄙𑄧𑄁 𑄉𑄣𑄨𑄣𑄬 𑄟𑄪𑄠𑄴 𑄃𑄨𑄏𑄪 𑄘𑄳𑄦𑄬 𑄚𑄧 𑄛𑄢𑄧𑄁𑄉𑄬 𑄥𑄳𑄠𑄬
জীবনের মজা করা অল্পের জন্য,𑄎𑄨𑄁𑄇𑄚𑄨𑄢𑄴 𑄢𑄧𑄁𑄙𑄧𑄁𑄋𑄚𑄳𑄦𑄨 𑄈𑄇𑄴𑄇𑄧𑄚𑄴𑄐𑄳𑄦𑄬
যৌবনের বয়সে পূর্তি করা আর বুড়ো বয়সে শুধু দেখা,"𑄉𑄝𑄪𑄌𑄴𑄍𑄬 𑄇𑄭𑄣𑄴𑄣𑄬 𑄇𑄧𑄙𑄧𑄇𑄴 𑄢𑄧𑄁 𑄙𑄧𑄁, 𑄝𑄪𑄢𑄳𑄦𑄮 𑄇𑄭𑄣𑄴𑄣𑄬 𑄝𑄚 𑄌𑄳𑄦𑄬 𑄗𑄚"
তার ন্যাকামো দেখলো চোখগুলো ব্যথা করে,𑄖 𑄙𑄧𑄁𑄋𑄚𑄳𑄦𑄨 𑄘𑄨𑄉𑄨𑄣𑄳𑄦𑄬 𑄌𑄮𑄇𑄴 𑄖𑄧𑄚𑄴𑄖𑄧𑄚𑄭𑄘𑄬 𑄃𑄬𑄇𑄴𑄇 𑄚𑄳𑄦𑄧𑄠𑄴𑅁
মাটিটা নড়াচড়া করছে মনে হয় ভূমিকম্প হচ্ছে,"𑄟𑄘𑄨𑄃𑄳𑄦𑄚𑄴 𑄙𑄨𑄇𑄴𑄙𑄨𑄉𑄖𑄴𑄖𑄬, 𑄞𑄪𑄎𑄮𑄣𑄴 𑄎𑄖𑄴𑄖𑄬 𑄛𑄢𑄳𑄦𑄛𑄁"
বাতাসের ঝলকায় ঘরটা নড়াচড়া করল,𑄝𑄮𑄠𑄬𑄢𑄧 𑄏𑄧𑄣𑄴𑄉𑄖𑄴 𑄎𑄚𑄬 𑄊𑄧𑄢𑄳𑄦𑄚𑄴 𑄙𑄨𑄇𑄴𑄙𑄨𑄉𑄬 𑄃𑄪𑄙𑄬
এই সাঁকোটা একটু বাতাস করলে নড়াচড়া করে,𑄃𑄬 𑄢𑄬𑄉𑄞𑄮 𑄃𑄬𑄇𑄴𑄇 𑄝𑄮𑄠𑄬𑄢𑄴 𑄝𑄬𑄣𑄳𑄦𑄬 𑄙𑄨𑄇𑄴𑄙𑄨𑄉𑄭𑅁
নড়াচড়া করে,𑄙𑄨𑄘𑄨𑄇𑄴 𑄙𑄨𑄘𑄨𑄇𑄴 𑄉𑄧𑄢𑄚𑄳𑄦/𑄣𑄧𑄢𑄚
নড়াচড়া করেছে  মাটিটা,𑄙𑄨𑄘𑄨𑄇𑄴 𑄙𑄨𑄘𑄨𑄇𑄴 𑄣𑄧𑄢𑄬𑄢𑄴 𑄟𑄘𑄨𑄃𑄳𑄦𑄚𑄴
খাটটা শুধু নড়াচড়া করে,𑄈𑄖𑄴𑄖𑄚𑄴 𑄇𑄨 𑄙𑄨𑄘𑄨𑄇𑄴 𑄙𑄨𑄘𑄨𑄇𑄴 𑄣𑄧𑄢𑄬𑄘𑄬 𑄝𑄚𑄳𑄦𑅁
বোতলটা বন্ধ করে রাখো,𑄝𑄧𑄙𑄧𑄣𑄴𑄣𑄮 𑄙𑄨𑄝𑄬 𑄘𑄨 𑄗𑄧
"কানটা বন্ধ হয়ে গেছে মনে হয় , কিছু শুনতে পাচ্ছি না","𑄇𑄚𑄳𑄦𑄚𑄴 𑄙𑄨𑄝𑄬 𑄘𑄳𑄠𑄬 𑄎𑄨𑄠𑄳𑄦𑄬 𑄛𑄢𑄳𑄦𑄛𑄁, 𑄇𑄨𑄌𑄴𑄍𑄪 𑄚𑄧 𑄥𑄪𑄚𑄧𑄋𑄳𑄦𑄧𑄢𑄴𑅁"
আগুনটা একটু একটু করে জ্বলতেছে,𑄃𑄊𑄪𑄚𑄳𑄦𑄚𑄴 𑄙𑄨𑄟𑄬 𑄙𑄨𑄟𑄬 𑄉𑄧𑄢𑄳𑄦𑄨 𑄎𑄧𑄣𑄬𑄢𑄴𑅁
খুুব সচেতন সে,𑄇𑄨 𑄃𑄳𑄦𑄬𑄘𑄧𑄇𑄴 𑄙𑄨𑄣𑄬𑄌𑄬𑄘 𑄟𑄧𑄚𑄨𑄌𑄴𑄍𑄮𑄢𑄴
খুব ভয় বেশি তার,𑄃𑄧𑄟𑄧𑄉𑄧𑄘𑄧 𑄙𑄨𑄣𑄬 𑄌𑄬𑄘𑄧𑄚𑄴 𑄃𑄨𑄞𑄬𑅁
ঢিক গিলা,𑄙𑄪𑄇𑄴 𑄉𑄨𑄣𑄚
কোনো দুঃখ থাকেনা একবার খেয়ে দেখলে,𑄇𑄧𑄚𑄳𑄦𑄧 𑄘𑄪𑄇𑄴 𑄚𑄧 𑄗𑄭 𑄃𑄬𑄇𑄴 𑄙𑄪𑄇𑄴 𑄈𑄬𑄠𑄴 𑄌𑄬𑄣𑄳𑄦𑄬
সে কেন বার বার ঢিক গিলছে,𑄖𑄬 𑄇𑄨 𑄖𑄪𑄊𑄪𑄖𑄴 𑄖𑄪𑄊𑄪𑄖𑄴 𑄙𑄪𑄇𑄴 𑄉𑄨𑄣𑄬𑄢𑄴 𑄇𑄨𑄎𑄬𑄚𑄨𑅁
তুমি আমার প্রাণের হৃদপন্ড,"𑄖𑄪𑄠𑄴 𑄟𑄧𑄢𑄴 𑄛𑄧𑄢𑄚𑄧𑄢𑄴 𑄙𑄪𑄇𑄴𑄙𑄪𑄉𑄨, 𑄟𑄧𑄢𑄴 𑄛𑄧𑄢𑄚𑄧𑄢𑄴 𑄌𑄨𑄊𑄪𑄖𑄴𑄖𑄚𑄴"
তোমাকে মনে পড়লে আমার প্রাণটা টিকটিক করে,𑄖𑄢𑄳𑄦𑄬 𑄦𑄨𑄘𑄮𑄖𑄴 𑄃𑄪𑄘𑄨𑄣𑄳𑄦𑄬 𑄟𑄧 𑄙𑄪𑄇𑄴𑄙𑄪𑄉𑄨𑄃𑄚𑄴 𑄘𑄪𑄊𑄪𑄖𑄴 𑄘𑄪𑄊𑄪𑄖𑄴 𑄉𑄧𑄢𑄳𑄦𑄬𑅁
বিড়ালের লোম খেলে দুগুনিয়ে ধরে,𑄝𑄬𑄣𑄬𑄠𑄮 𑄇𑄬𑄌𑄴 𑄈 𑄎𑄬𑄣𑄳𑄦𑄬 𑄞𑄬𑄣𑄬 𑄙𑄪𑄉𑄪𑄚𑄨𑄠𑄬 𑄙𑄧𑄢𑄬𑄘𑄬𑅁
ধাক্কা দেওয়া/ খাওয়া/ মারা,𑄷. 𑄙𑄪𑄌𑄴 𑄘𑄬𑄚/𑄈𑄚/ 𑄟𑄢𑄚
ধাক্কা দেওয়া/ খাওয়া,𑄙𑄪𑄌𑄴 𑄘𑄬𑄘𑄨/𑄈𑄈𑄨
ধাক্কা খেয়ে পড়ে গেল সে,𑄙𑄪𑄎𑄮𑄖𑄴 𑄃𑄭𑄪𑄣𑄴𑄣𑄬 𑄛𑄧𑄌𑄴𑄎𑄬𑄊𑄮𑄠𑄴 𑄖𑄬
গরুটা এক ধাক্কা দেয়ায় তারা দেখলাম,"𑄉𑄧𑄢𑄪𑄞𑄮 𑄃𑄬𑄇𑄴 𑄙𑄪𑄌𑄴 𑄘𑄨𑄣𑄮𑄙𑄬, 𑄎𑄚𑄬 𑄎𑄪𑄚𑄳𑄦𑄨 𑄘𑄨𑄉𑄨𑄣𑄳𑄦𑄪𑄁"
এক ধাক্কায় গাড়িটা এলোপাটারি হলো,𑄃𑄬𑄇𑄴 𑄙𑄪𑄎𑄮𑄖𑄴 𑄉𑄢𑄳𑄦𑄨𑄃𑄚𑄴 𑄃𑄰𑄱𑄣𑄴𑄣𑄇𑄴 𑄜𑄰𑄱𑄣𑄴𑄣𑄇𑄴 𑄦𑄧𑄣𑄧
আসা যাওয়া করতে আমি এই বাড়িটাতে ধাক্কা খাই,𑄃𑄬𑄖𑄴𑄗𑄬 𑄎𑄘𑄬 𑄟𑄪𑄠𑄴 𑄃𑄬 𑄘𑄮𑄢𑄚𑄳𑄦𑄧𑄖𑄴 𑄙𑄪𑄌𑄴 𑄈𑄁
ধাক্কা খেয়ে মাথায় একটা আলু উঠেছে মনে হয়,𑄙𑄪𑄌𑄴 𑄈𑄬𑄚𑄬𑄠𑄴 𑄈𑄪𑄣𑄴𑄣𑄮𑄖𑄴 𑄃𑄨𑄇𑄴𑄊𑄮 𑄃𑄣𑄪 𑄃𑄭𑄪𑄖𑄴𑄗𑄬 𑄛𑄢𑄳𑄦𑄛𑄁
ধাক্কাধাক্কি হওয়ায় সেখানে বারো জন মারা পড়েছে,𑄙𑄪𑄌𑄴 𑄘𑄬𑄘𑄨 𑄦𑄮𑄚𑄬𑄠𑄴 𑄎𑄉𑄖𑄴 𑄝𑄢𑄳𑄦𑄧 𑄎𑄧𑄚𑄴 𑄟𑄪𑄌𑄴𑄏𑄮𑄚𑄴
দোষ ধরা/তোলা,𑄸. 𑄙𑄪𑄌𑄴 𑄙𑄧𑄢𑄚 / 𑄖𑄪𑄣𑄚𑄳𑄦
শেষ হওয়ার আগ মুহূর্ত,𑄙𑄪𑄎𑄮𑄁 𑄙𑄪𑄎𑄮𑄁
শেষ করতে পারা,𑄙𑄪𑄎𑄨 𑄛𑄢𑄚
শেষ করে দেয়া/ পারা,𑄙𑄪𑄎𑄬 𑄘𑄬𑄚/𑄛𑄢𑄚
খাটটা সেই কোণায় একেবারে রেখে দাও,𑄈𑄖𑄴𑄖𑄚𑄴 𑄥𑄨𑄚𑄴𑄙𑄨 𑄇𑄮𑄚𑄞𑄮𑄖𑄴 𑄙𑄪𑄎𑄬 𑄘𑄬𑄉𑄮𑄠𑄴 𑄃𑄬𑄇𑄴𑄈𑄮𑄝𑄢𑄬
সেখানে কতদূর পৌঁছেচে? নদীটা বাড়িটার কাছে পৌছেচে,𑄥𑄨𑄚𑄴𑄘𑄳𑄦𑄨 𑄇𑄪𑄖𑄴𑄙𑄪𑄢𑄴 𑄙𑄪𑄌𑄴𑄌𑄬𑄉𑄮𑄠𑄴? 𑄛𑄚𑄳𑄦𑄨𑄃𑄚𑄴 𑄃𑄟𑄳𑄦 𑄊𑄧𑄢𑄧𑄖𑄴 𑄙𑄪𑄎𑄮𑄁 𑄙𑄪𑄎𑄮𑄁 𑄦𑄪𑄠𑄬𑄉𑄨
বাঁশটা ততদূর পর্যন্ত যাবে না,𑄝𑄌𑄴𑄍𑄮 𑄥𑄨𑄖𑄴𑄘𑄪𑄢𑄮𑄖𑄴 𑄚𑄧 𑄙𑄪𑄎𑄨𑄝𑄮𑄉𑄮𑄠𑄴
সে যদি না থাকতো আমি কাজটা শেষ করতে পারতাম না,"𑄖𑄬 𑄚𑄧 𑄦𑄧𑄘𑄧, 𑄟𑄪𑄠𑄴 𑄃𑄳𑄦𑄨𑄖𑄴𑄘𑄪𑄢𑄮𑄖𑄴 𑄙𑄪𑄎𑄨 𑄚𑄧 𑄛𑄣𑄴𑄣𑄪𑄋𑄳𑄦𑄪𑄚𑄴𑄘𑄨"
আমি কথাটা এখানে শেষ করে দিলাম,𑄟𑄪𑄠𑄴 𑄇𑄧𑄙𑄃𑄚𑄴 𑄃𑄨𑄠𑄳𑄦𑄮𑄖𑄴 𑄙𑄪𑄎𑄬 𑄘𑄨𑄣𑄳𑄦𑄪𑄁
"তাদেরকে বাজার পর্যন্ত পৌছে দাও, সেখান থেকে তারা হেঁটে যাবে","𑄖𑄢𑄳𑄦𑄢𑄬 𑄝𑄎𑄢𑄴 𑄥𑄧𑄁 𑄙𑄪𑄎𑄬 𑄘𑄮𑄁𑄊𑄮𑄠𑄴, 𑄥𑄨𑄖𑄴𑄖𑄪𑄚𑄴 𑄖𑄢𑄳𑄦 𑄦𑄘𑄨 𑄎𑄬𑄝𑄇𑄴𑄇𑄮𑄠𑄴 𑄃𑄳𑄦𑄪𑄝𑄚𑄴𑅁"
ধুতি পড়া,𑄙𑄪𑄘𑄨 𑄛𑄨𑄚𑄚𑄳𑄦
ধুতি পড়া,𑄙𑄪𑄘𑄨 𑄛𑄨𑄚𑄚𑄳𑄦
মেয়েরা পিনোন পরিধান করে বলে ছেলেরাও কী ধুতি পরিধান করবে নাকি,"𑄟𑄨𑄣𑄬𑄃𑄪𑄚𑄳𑄦𑄬 𑄛𑄨𑄚𑄳𑄦𑄮𑄚𑄴 𑄛𑄨𑄚𑄳𑄦𑄮𑄚𑄴 𑄞𑄨𑄣𑄨𑄚𑄬𑄠𑄴, 𑄟𑄧𑄢𑄧𑄖𑄴𑄖𑄪𑄚𑄳𑄦𑄬 𑄇𑄨 𑄙𑄪𑄘𑄨 𑄛𑄨𑄚𑄨𑄞𑄇𑄴 𑄚𑄇𑄨?"
ধুধুুুক বাঝি সিঙা খেংগ্রং এইগুলো হলো চাকমাদের গানের সরন্জাম,"𑄷. 𑄙𑄙𑄪𑄇𑄴, 𑄝𑄏𑄨, 𑄥𑄨𑄋, 𑄈𑄬𑄁𑄉𑄧𑄢𑄳𑄦𑄧𑄁, 𑄉𑄧𑄎𑄧𑄚𑄨 𑄃𑄨𑄠𑄚𑄳𑄦𑄨 𑄦𑄧𑄣𑄧𑄘𑄬 𑄌𑄁𑄟𑄳𑄦 𑄃𑄪𑄚𑄮 𑄉𑄨𑄘𑄮 𑄥𑄧𑄢𑄧𑄚𑄴𑄎𑄟𑄴"
ধুধুুকের তালে তালে উবগীত গাচ্ছে তারা,𑄙𑄪𑄙𑄪𑄉𑄮 𑄖𑄣𑄬 𑄖𑄣𑄬 𑄃𑄪𑄞𑄮𑄉𑄨𑄖𑄴 𑄉𑄙𑄧𑄚𑄴 𑄖𑄢𑄳𑄦
কে ধুধুক বাজাতে জানে?,𑄇𑄧𑄚𑄴𑄚𑄳𑄦 𑄙𑄪𑄙𑄪𑄇𑄴 𑄝𑄎𑄬 𑄎𑄚𑄳𑄦𑄬? 𑄸. 𑄙𑄪𑄙𑄪𑄇𑄴𑄇𑄪𑄚𑄴 𑄃𑄧𑄟𑄧𑄉𑄧𑄘𑄧 𑄟𑄳𑄦𑄮𑄢𑄮𑄁
তুলো দিয়ে সুতা বানানো,𑄖𑄪𑄣𑄮 𑄙𑄪𑄚𑄨𑄚𑄬𑄠𑄴 𑄥𑄪𑄘𑄮 𑄝𑄚𑄚
"তােমাকে আমি তুলা শেষ করার মতো করে শেষ করবো, কথা বললে শুনো না","𑄖𑄧𑄢𑄳𑄦𑄬 𑄟𑄪𑄠𑄴 𑄖𑄪𑄣𑄮 𑄙𑄪𑄚𑄬 𑄛𑄢𑄳𑄦 𑄙𑄪𑄚𑄨𑄟𑄴𑄟𑄬, 𑄇𑄧𑄙 𑄇𑄧𑄣𑄳𑄦𑄬 𑄚𑄧 𑄥𑄪𑄚𑄮𑄌𑄴𑄌𑄬"
সে রাগে চেয়ারটা ভেঙ্গেছে,𑄖𑄬 𑄢𑄉𑄬 𑄃𑄨𑄏𑄪 𑄌𑄬𑄊𑄢𑄳𑄦𑄚𑄴 𑄙𑄪𑄚𑄴𑄐𑄬𑄘𑄳𑄦𑄬
"ছেলেরা একটু হলেই ,মেয়েদের বেইনগুলো শেষ করে দেয় আগেকার দিনে",𑄟𑄧𑄢𑄧𑄖𑄴𑄖𑄪𑄚𑄳𑄦𑄬 𑄃𑄬𑄇𑄴𑄇 𑄦𑄧𑄣𑄬 𑄖𑄢𑄳𑄦 𑄟𑄮𑄇𑄴𑄇𑄪𑄚𑄳𑄦𑄮 𑄝𑄬𑄚𑄚𑄳𑄦𑄨 𑄙𑄪𑄚𑄨 𑄘𑄮𑄚𑄴𑄚𑄬 𑄃𑄉𑄧 𑄘𑄨𑄚𑄮𑄖𑄴
"যে জঙ্গলটা ভয় দেখায়, সে জঙ্গলটা সে শেষ করে","𑄎𑄬 𑄏𑄢𑄳𑄦𑄚𑄴 𑄘𑄧𑄣𑄴𑄣𑄉𑄭, 𑄥𑄬 𑄏𑄢𑄳𑄦𑄚𑄴 𑄃𑄨𑄏𑄪 𑄙𑄪𑄚𑄬𑄉𑄮𑄠𑄴𑄘𑄬 𑄖𑄬𑅁"
বিলাপ করা,𑄙𑄪𑄚𑄴𑄘𑄪𑄇𑄴 𑄉𑄧𑄢𑄚𑄳𑄦
ধুুনধুরুং ধানধারাং,𑄙𑄪𑄚𑄴𑄙𑄪𑄢𑄪𑄁 𑄙𑄚𑄴𑄙𑄢𑄁
ধুনধুরুং করে কী পড়ল কী জানি,𑄙𑄪𑄚𑄴𑄙𑄪𑄢𑄪𑄁 𑄉𑄧𑄢𑄳𑄦𑄨 𑄇𑄨 𑄛𑄧𑄣𑄴𑄣𑄳𑄦𑄧 𑄇𑄨𑄎𑄬𑄚𑄨
শব্দ করে করে কি পরে গেল?,𑄙𑄪𑄚𑄴𑄙𑄪𑄢𑄪𑄁 𑄙𑄚𑄴𑄙𑄢𑄁 𑄉𑄧𑄢𑄳𑄦𑄨 𑄇𑄨 𑄉𑄧𑄌𑄴𑄌𑄬 𑄎𑄢𑄴?
তামাক পাতা,𑄙𑄪𑄚𑄴𑄚𑄮 𑄛𑄘
তামাক তৈরি করে দেয়া,𑄙𑄪𑄚𑄴𑄚𑄮 𑄝𑄎𑄚𑄳𑄦
তামাক ক্ষেত,𑄙𑄪𑄚𑄴𑄚𑄮 𑄈𑄬𑄖𑄴
তামাক খাওয়া,𑄙𑄪𑄚𑄴𑄚𑄮 𑄈𑄚
তামাক খাওয়ার অভ্যাস,𑄙𑄪𑄚𑄴𑄚𑄮 𑄛𑄣𑄧𑄁
তামাক মিষ্টি,𑄙𑄪𑄚𑄴𑄚𑄮 𑄟𑄨𑄙𑄬
তামাক তৈরি করা,𑄙𑄪𑄚𑄴𑄚𑄮 𑄘𑄪𑄝𑄚
তামাক তৈরি করার জায়গা,𑄙𑄪𑄚𑄴𑄚𑄮 𑄃𑄧𑄊𑄮𑄠𑄴
তামাকের বিচি/চারা,𑄙𑄪𑄚𑄴𑄚𑄮 𑄝𑄨𑄎𑄨/𑄌𑄢
তার সকালে আর বিকালে তামাক খেতে হয়,𑄖𑄬 𑄝𑄨𑄚𑄴𑄐𑄳𑄦𑄬 𑄝𑄨𑄣𑄴𑄣𑄬 𑄙𑄪𑄚𑄴𑄚𑄮 𑄈𑄬 𑄛𑄳𑄦𑄠𑄴
"একটু তামাক তৈরি করে দাওতো,ধনো","𑄃𑄬𑄇𑄴𑄇 𑄙𑄪𑄚𑄴𑄚𑄮 𑄝𑄎𑄊𑄮𑄠𑄴𑄘𑄬, 𑄙𑄧𑄚𑄧"
মেহমানের জন্য তামাক তৈরি করে নিয়ে আসো,𑄉𑄧𑄢𑄴𑄝𑄞𑄮𑄢𑄬 𑄙𑄪𑄚𑄴𑄚𑄮 𑄝𑄏𑄬 𑄘𑄬𑄉𑄮𑄠𑄴
"অতিথীদের চাকমারা আপ্যায়ন করে হুক্কা দিয়ে, আর পানি কুত্তি একটা দিয়ে সেখানে শেষ","𑄉𑄧𑄢𑄴𑄝𑄢𑄳𑄦𑄬 𑄌𑄁𑄟𑄳𑄦 𑄃𑄪𑄚𑄬 𑄣𑄧𑄝𑄨𑄠𑄧𑄖𑄴 𑄉𑄧𑄢𑄧𑄚𑄴𑄚𑄳𑄦𑄬 𑄘𑄝 𑄃𑄨𑄇𑄴𑄊𑄮 𑄝𑄏𑄬 𑄘𑄨𑄝𑄇𑄴, 𑄛𑄚𑄳𑄦𑄨 𑄇𑄪𑄖𑄴𑄖𑄨 𑄃𑄨𑄇𑄴𑄊𑄮 𑄃𑄚𑄳𑄦𑄨 𑄘𑄨𑄝𑄇𑄴, 𑄃𑄳𑄦𑄬 𑄥𑄨𑄖𑄴𑄘𑄪𑄢𑄮𑄖𑄴 𑄗𑄪𑄟!"
সাদা কাগজ,𑄙𑄪𑄛𑄴 𑄇𑄉𑄮𑄌𑄴
যে সাদা পোশাক পরে আছে তিনি হলেন আমার বাবা,𑄙𑄪𑄛𑄴 𑄥𑄪𑄣𑄪𑄟𑄴 𑄃𑄪𑄌𑄴𑄍𑄬 𑄉𑄧𑄢𑄳𑄦𑄨 𑄥𑄨𑄝𑄳𑄦𑄬 𑄦𑄧𑄣𑄧𑄘𑄬 𑄟𑄧 𑄝𑄞
রাতে যে ফুলগুলো ফুটে সেগুলো বেশিরভাগই সাদা,𑄢𑄬𑄘𑄮𑄖𑄴 𑄜𑄪𑄘𑄮𑄚𑄴𑄚𑄬 𑄜𑄪𑄣𑄪𑄚𑄴 𑄝𑄬𑄇𑄴 𑄞𑄇𑄴 𑄙𑄪𑄛𑄴
সাদা চুল,𑄙𑄪𑄛𑄴 𑄌𑄪𑄣𑄴
সাদা মাথা,𑄙𑄪𑄛𑄴 𑄈𑄪𑄣𑄴
সাদা দাঁত,𑄙𑄪𑄛𑄴 𑄘𑄖𑄴
সাদা সাদা কাপড়/ফুল,𑄙𑄪𑄛𑄴 𑄙𑄪𑄛𑄴 𑄇𑄝𑄧𑄢𑄴/𑄜𑄪𑄣𑄴𑅁
শুধু ধোঁয়া ছাড়তে থাকা,𑄙𑄪𑄟𑄬 𑄙𑄪𑄟𑄬 𑄗𑄚
আগুন থেকে শুধু ধোঁয়া বের হচ্ছে,𑄃𑄊𑄪𑄚𑄚𑄴 𑄝𑄚 𑄙𑄪𑄟𑄖𑄴𑄖𑄬
"আগুন থেকে শুধু ধোঁয়া বের হচ্ছে, জ্বলেও না,মরেও না","𑄃𑄊𑄪𑄚𑄚𑄴 𑄙𑄪𑄟𑄬 𑄙𑄪𑄟𑄬 𑄃𑄉𑄬𑄙𑄬, 𑄚𑄧𑄠𑄳𑄦𑄮 𑄎𑄧𑄣𑄬, 𑄚𑄧𑄠𑄳𑄦𑄮 𑄟𑄧𑄢𑄬"
"তেল থেকে ধোঁয়া বের হচ্ছে,বেশি রাখলে আগুন উঠবে ","𑄖𑄬𑄣𑄧 𑄖𑄝𑄞𑄮 𑄙𑄪𑄟𑄢𑄴, 𑄝𑄬𑄌𑄴 𑄗𑄧𑄣𑄬 𑄃𑄊𑄪𑄚𑄴 𑄃𑄪𑄘𑄨𑄞𑄮"
আগুন থেকে কিছুক্ষণ ধোঁয়া বের হওয়ার পর এখন আগুনটা জ্বলছে,𑄃𑄬𑄇𑄴𑄥𑄧𑄣 𑄙𑄪𑄟𑄬𑄚𑄬𑄠𑄴 𑄖𑄳𑄦𑄬 𑄎𑄧𑄣𑄨𑄣𑄮𑄘𑄬 𑄃𑄊𑄪𑄚𑄚𑄴𑅁
ধোঁয়ার পিছু নেয়া/দেওয়া,𑄙𑄪𑄟𑄮 𑄃𑄪𑄘𑄚𑄳𑄦/ 𑄘𑄬𑄚
পরিক্ষার্থীরা পরিক্ষা আসলে মুখ থেকে ধোঁয়া বের হওয়া পর্যন্ত লেখাপড়া করে,𑄛𑄧𑄢𑄨𑄇𑄴𑄈𑄬 𑄃𑄬𑄣𑄳𑄦𑄬 𑄟𑄪𑄈𑄮𑄚𑄴𑄘𑄨 𑄙𑄪𑄟𑄮 𑄚𑄳𑄦𑄨𑄉𑄨𑄣𑄬 𑄥𑄧𑄁 𑄣𑄬𑄊 𑄛𑄧𑄢𑄳𑄦𑄧𑄚𑄴 𑄛𑄧𑄢𑄨𑄇𑄴𑄈𑄬 𑄘𑄨𑄠𑄬𑄃𑄪𑄚𑄳𑄦𑄬
.প্রচুর ধোঁয়া উঠতেছে,𑄝𑄧𑄚 𑄝𑄧𑄚 𑄙𑄪𑄟𑄮 𑄃𑄪𑄙𑄬𑄢𑄴
এই এতো ধোঁয়ার জন্য কিছুক্ষণ পর তো মরেই যাব,𑄙𑄪𑄟𑄮 𑄈𑄘𑄬 𑄈𑄘𑄬 𑄈𑄇𑄴𑄇𑄬 𑄟𑄧𑄢𑄨𑄝𑄮𑄁
আগুনের ধোঁয়ার জন্য চোখগুলো জ্বালা করতেছে,𑄙𑄪𑄟𑄮 𑄈𑄬𑄚𑄬𑄠𑄴 𑄌𑄮𑄇𑄴𑄈𑄪𑄚𑄴 𑄛𑄮𑄢𑄘𑄧𑄚𑄴𑅁
ধোঁয়ার পাইপ থেকে ধোঁয়া বের হচ্ছে,𑄙𑄪𑄟𑄮 𑄚𑄧𑄣𑄴𑄣𑄳𑄦𑄮𑄚𑄴𑄘𑄨 𑄙𑄪𑄟𑄮 𑄚𑄳𑄦𑄨𑄉𑄨𑄣𑄬𑄢𑄴𑅁
গর্ত করা,𑄙𑄪𑄢𑄴 𑄉𑄧𑄢𑄚𑄳𑄦
জানি না এই গর্ত টা কতদূর পর্যন্ত গেছে,𑄃𑄬 𑄙𑄪𑄢𑄴𑄝𑄮 𑄇𑄪𑄖𑄴𑄙𑄪𑄢𑄴 𑄥𑄧𑄁 𑄙𑄪𑄌𑄴𑄌𑄬𑄉𑄮𑄠𑄴 𑄇𑄨𑄎𑄬𑄚𑄨
"যেদিকে যায়,সে একটু গর্ত খুঁড়ে নিয়ে যায়","𑄎𑄨𑄚𑄴𑄙𑄨 𑄎𑄬𑄘𑄧 𑄥𑄖𑄴, 𑄃𑄬𑄇𑄴𑄇𑄧𑄖𑄴𑄗 𑄙𑄪𑄢𑄴 𑄉𑄧𑄢𑄳𑄦𑄨 𑄚𑄬𑄎𑄭 𑄖𑄬"
কোথায় ফেলে এসেছি চম্পক নগর?পথের দূরে কোথায় গেছি?,𑄇𑄪𑄙𑄪 𑄜𑄬𑄣𑄬 𑄃𑄬𑄣𑄳𑄦𑄧𑄁 𑄌𑄧𑄟𑄴𑄛𑄧𑄇𑄴 𑄚𑄧𑄉𑄧𑄢𑄴? 𑄇𑄪𑄙𑄪 𑄎𑄬𑄣𑄳𑄦𑄧 𑄛𑄧𑄙𑄧 𑄙𑄪𑄢𑄴?
দোলনায় দোলা,𑄙𑄪𑄣 𑄎𑄚
মাথা ঘুরে দুলে পড়া,𑄙𑄪𑄣𑄨 𑄛𑄧𑄢𑄚
বানরটা গাছের উপর বসে দুলছে,𑄝𑄚𑄴𑄘𑄧𑄌𑄴𑄎𑄬 𑄇𑄨𑄢𑄨𑄁 𑄇𑄨𑄢𑄨𑄁 𑄙𑄪𑄣𑄬𑄢𑄴 𑄉𑄏𑄧 𑄟𑄙𑄖𑄴 𑄝𑄮𑄚𑄳𑄦𑄬𑄠𑄴
সে বারি খেয়ে দুলে পড়লো,𑄟𑄪𑄉𑄮𑄢𑄧𑄖𑄴 𑄙𑄪𑄣𑄨 𑄛𑄧𑄣𑄴𑄣𑄳𑄦𑄧 𑄖𑄬
নেশা ধরে দুলে দুলে পড়ছে সে,𑄟𑄖𑄴𑄖𑄧𑄣𑄬 𑄙𑄧𑄢𑄨𑄚𑄬𑄠𑄴 𑄙𑄪𑄣𑄨 𑄙𑄪𑄣𑄨 𑄛𑄧𑄢𑄬𑄢𑄴 𑄖𑄬
কাপড়ের এই কোণ'টা বেশি দুলে পড়ছে,𑄇𑄝𑄧𑄢𑄳𑄦𑄚𑄴 𑄃𑄨𑄚𑄴𑄙𑄨 𑄇𑄮𑄚𑄞𑄮 𑄝𑄬𑄌𑄴 𑄙𑄪𑄣𑄨 𑄛𑄧𑄌𑄴𑄏𑄬
সারা পৃথিবী দুলে উঠলো,𑄉𑄧𑄘 𑄛𑄨𑄖𑄴𑄗𑄨𑄟𑄨𑄃𑄚𑄴 𑄙𑄪𑄣𑄨 𑄃𑄪𑄘𑄨𑄣𑄳𑄦𑄮
দাদা আমাদেরকে একটু দোলান! রশিটা দুলে দুলে আছে,"𑄃𑄟𑄳𑄦𑄢𑄬 𑄃𑄬𑄇𑄴𑄇 𑄙𑄪𑄣 𑄙𑄬, 𑄘𑄙! 𑄘𑄧𑄢𑄨𑄃𑄳𑄦𑄚𑄴 𑄙𑄪𑄣𑄮 𑄙𑄪𑄣𑄮 𑄉𑄧𑄢𑄳𑄦𑄨 𑄃𑄉𑄬𑄙𑄬"
বসার জায়গা না পেয়ে সারাপথ দুলে দুলে আসলাম,𑄝𑄧𑄞𑄢𑄴 𑄎𑄉 𑄚𑄧 𑄛𑄬𑄚𑄳𑄦𑄬𑄠𑄴 𑄃𑄨𑄏𑄪 𑄙𑄪𑄣𑄮 𑄙𑄪𑄣𑄮 𑄉𑄧𑄢𑄳𑄦𑄨 𑄃𑄨𑄣𑄪𑄁𑄊𑄬 𑄉𑄧𑄘 𑄛𑄧𑄖𑄴𑄗𑄚𑄴𑅁
ঢোল বাজানো,𑄷. 𑄙𑄪𑄣𑄴 𑄝𑄚𑄳𑄦/ 𑄝𑄌𑄴𑄌𑄚/ 𑄘𑄬𑄚
ঢোল বাজিয়ে,𑄙𑄪𑄣𑄬 𑄘𑄧𑄉𑄧𑄢𑄬
তারা বাজারের মধ্যে দোল বাজালো -কে কে রাজার মেয়েকে বিয়ে করতে চায় তারা যা-ও,"𑄖𑄢𑄳𑄦 𑄝𑄎𑄢𑄧 𑄥𑄧𑄁𑄟𑄰𑄱𑄖𑄴𑄙𑄬 𑄙𑄪𑄣𑄴 𑄘𑄨𑄣𑄳𑄦𑄇𑄴- 𑄇𑄧𑄚𑄴𑄚𑄳𑄦 𑄇𑄧𑄚𑄴𑄚𑄳𑄦 𑄢𑄎 𑄏𑄨𑄝𑄮𑄢𑄬 𑄣𑄧𑄙𑄧 𑄌𑄳𑄦𑄠𑄴, 𑄎𑄬𑄘 𑄞𑄬𑄣𑄬"
মানুষ মরে গেলে ঢোল বাজায়,𑄟𑄚𑄳𑄦𑄪𑄌𑄴 𑄟𑄧𑄣𑄳𑄦𑄬 𑄙𑄪𑄣𑄴 𑄝𑄚𑄴𑄙𑄬
তারা ঢোল বাজিয়ে বৌ নিয়ে আসল,𑄖𑄢𑄳𑄦𑄬 𑄙𑄪𑄣𑄬 𑄘𑄧𑄉𑄧𑄢𑄬 𑄝𑄮 𑄃𑄚𑄨𑄣𑄳𑄦𑄇𑄴
মন্ত্রীটা ঢাক ঢোল বাজিয়ে আসল,𑄟𑄧𑄚𑄴𑄖𑄨𑄢𑄨𑄠𑄬 𑄙𑄪𑄣𑄬 𑄘𑄧𑄉𑄧𑄢𑄬 𑄣𑄳𑄦𑄪𑄋𑄨𑄣𑄮𑄉𑄨
বালু  উঠানো,𑄸. 𑄙𑄪𑄣𑄴 𑄖𑄪𑄣𑄚𑄳𑄦/ 𑄃𑄪𑄘𑄚𑄳𑄦
বালুচর,𑄙𑄪𑄣𑄴𑄣𑄬 𑄌𑄧𑄢𑄴
পথ গুলো থেকে শুধু বালু উঠে,𑄛𑄧𑄖𑄴𑄖𑄚𑄳𑄦𑄨𑄖𑄴𑄖𑄪𑄚𑄴 𑄝𑄚 𑄙𑄪𑄣𑄴 𑄃𑄪𑄘𑄬𑄙𑄬
গাড়ি গুলো ধুলাবালু  তুলে তুলে যাচ্ছে,𑄉𑄢𑄳𑄦𑄨𑄃𑄚𑄨 𑄙𑄪𑄣𑄴 𑄖𑄪𑄣𑄳𑄦𑄨 𑄖𑄪𑄣𑄳𑄦𑄨 𑄎𑄣𑄴𑄣𑄮𑄠𑄴
যেতে যেতে অনেক বড় বালুচরে উঠে গেছি,𑄝𑄨𑄢𑄬𑄖𑄴 𑄙𑄭𑄪𑄣𑄴𑄣𑄬 𑄌𑄧𑄢𑄧𑄖𑄴 𑄛𑄧𑄣𑄴𑄣𑄪𑄁𑄊𑄮𑄠𑄴 𑄎𑄘𑄬 𑄎𑄘𑄬𑅁
বালুচর,𑄙𑄪𑄣𑄴𑄣𑄳𑄦𑄬 𑄌𑄧𑄢𑄴
কেরেংজু দোলনা টাঙিয়েছে,𑄙𑄪𑄣𑄮𑄚𑄴 𑄖𑄋𑄬𑄣𑄇𑄴 𑄇𑄬𑄢𑄬𑄁 𑄎𑄪
বাচ্চারা দোলনায় দোলে,𑄉𑄪𑄢𑄮𑄃𑄪𑄚𑄳𑄦𑄬 𑄙𑄪𑄣𑄮𑄚𑄧𑄖𑄴 𑄙𑄪𑄣𑄮𑄘𑄧𑄚𑄴
এত বুড়ো মানুষ কী দোলনায় দোলা,𑄥𑄬𑄟𑄴𑄞 𑄝𑄪𑄢𑄳𑄦𑄮 𑄌𑄬𑄣 𑄛𑄧𑄢𑄚𑄬 𑄇𑄨 𑄃𑄢𑄳𑄦𑄧 𑄙𑄪𑄣𑄮𑄚𑄧𑄖𑄴 𑄙𑄪𑄣𑄚?
তার পায়জামাটা অনেক বড় হয়েছে,𑄖 𑄛𑄳𑄦𑄬𑄚𑄴𑄚𑄮 𑄃𑄧𑄟𑄧𑄉𑄧𑄘𑄧 𑄙𑄪𑄣𑄪𑄁 𑄙𑄣𑄁 𑄦𑄪𑄠𑄬
সে বড় বড় পোশাক পড়ে,𑄖𑄬 𑄙𑄪𑄣𑄪𑄁 𑄙𑄣𑄁 𑄥𑄪𑄣𑄪𑄟𑄴 𑄃𑄪𑄢𑄬𑄙𑄬
পরিষ্কার করা,𑄙𑄪𑄃𑄮 𑄉𑄧𑄢𑄚𑄳𑄦
"সবটা পরিষ্কার, খোলামেলা","𑄉𑄧𑄘 𑄝𑄬𑄇𑄴𑄈𑄚𑄴 𑄙𑄪𑄃𑄮, 𑄝𑄧𑄣𑄴𑄛𑄨𑄠𑄳𑄦𑄬"
"সব পরিষ্কার, আরামদায়ক ",𑄖𑄢𑄳𑄦 𑄉𑄧𑄘 𑄟𑄪𑄢𑄳𑄦𑄮𑄝𑄮 𑄙𑄪𑄃𑄮 𑄉𑄧𑄢𑄳𑄦𑄨 𑄇𑄎𑄬𑄣𑄇𑄴
তারা সব পাহাড়টি ভালো করে পরিষ্কার করেছে,𑄖𑄢𑄳𑄦 𑄊𑄧𑄢𑄧 𑄌𑄬𑄢𑄴𑄇𑄨𑄖𑄴𑄖𑄬 𑄝𑄬𑄇𑄴𑄈𑄚𑄴 𑄙𑄪𑄃𑄮
গাছ বাঁশ কেটে অনেক বড় জঙ্গল পরিষ্কার করেছে,𑄉𑄌𑄴 𑄝𑄌𑄴 𑄇𑄝𑄨 𑄇𑄝𑄨 𑄃𑄳𑄦𑄬𑄟𑄴𑄝 𑄝𑄧𑄢𑄴 𑄢𑄨𑄎𑄬𑄛𑄴 𑄉𑄧𑄘 𑄙𑄪𑄃𑄧𑄲 𑄝𑄚𑄬𑄣𑄇𑄴𑅁
পরিষ্কার করার কাজ,𑄙𑄪𑄃𑄮 𑄛𑄣𑄳𑄦 𑄇𑄟𑄴
"নিশ্বাস নেয়া,ফেলানো, উঠানো, আসা",𑄙𑄬𑄇𑄴 𑄖𑄚𑄚/ 𑄜𑄬𑄣𑄚/ 𑄃𑄪𑄘𑄚𑄳𑄦/ 𑄃𑄬𑄎𑄚𑄳𑄦
.বমিবমি ভাব,𑄃𑄧𑄉𑄧𑄣𑄚𑄨 𑄙𑄬𑄇𑄴
"বমিবমি ভাব আসতেছে, একটু  পর বমি করবো","𑄃𑄧𑄉𑄧𑄣𑄚𑄨 𑄙𑄬𑄇𑄴 𑄃𑄬𑄎𑄬𑄖𑄴𑄗𑄬 𑄃𑄨𑄏𑄪, 𑄈𑄇𑄴𑄇𑄬 𑄃𑄧𑄉𑄧𑄣𑄨𑄟𑄴"
বড় করে নিশ্বাসনে,𑄘𑄋𑄳𑄦𑄧𑄢𑄴 𑄉𑄧𑄢𑄳𑄦𑄨 𑄙𑄬𑄇𑄴 𑄖𑄚𑄴
আমি লম্বা একটা নিশ্বাস ফেললাম,𑄣𑄟𑄴𑄝 𑄃𑄨𑄇𑄴𑄊𑄮 𑄙𑄬𑄇𑄴 𑄜𑄬𑄣𑄬𑄣𑄪𑄁 𑄟𑄪𑄠𑄴
তার নাকি নিশ্বাস নিলে বুকটা ব্যাথা করে,𑄖𑄢𑄴 𑄞𑄬𑄣𑄬 𑄙𑄬𑄇𑄴 𑄖𑄚𑄨𑄣𑄬 𑄝𑄪𑄇𑄴𑄈𑄮 𑄌𑄨𑄊𑄪𑄖𑄴 𑄌𑄨𑄊𑄪𑄖𑄴 𑄉𑄧𑄢𑄳𑄦𑄬
বমির ভাবটা এখন আর আসে না,𑄃𑄧𑄉𑄧𑄣𑄚𑄨 𑄙𑄬𑄇𑄴𑄇𑄚𑄴 𑄃𑄬𑄞𑄧 𑄖𑄳𑄦𑄬 𑄟𑄧𑄌𑄴𑄎𑄬𑄙𑄬
মূলা শাকের ভাব,𑄟𑄪𑄣𑄮 𑄥𑄉𑄧 𑄙𑄬𑄇𑄴
কপি ভাব,𑄇𑄧𑄞𑄨 𑄙𑄬𑄇𑄴𑅁
ধারা ধারা চোখের জল,𑄙𑄬𑄙𑄬𑄢𑄴 𑄙𑄬𑄘𑄳𑄦𑄬𑄢𑄴 𑄌𑄮𑄊𑄮 𑄛𑄚𑄳𑄦𑄨
কোনোমতে কাজটা শেষ করতে পারলে শরীরটা একটু হালকা লাগবে,𑄙𑄬𑄛𑄴𑄛𑄬 𑄖𑄬𑄛𑄴𑄛𑄬 𑄇𑄟𑄳𑄦𑄚𑄴 𑄗𑄪𑄟𑄴 𑄉𑄧𑄢𑄳𑄦𑄨 𑄛𑄣𑄴𑄣𑄬 𑄇𑄨𑄠𑄬 𑄛𑄘𑄧𑄣𑄴 𑄦𑄧𑄝𑄧
কোনোমতে ম্যাট্রিক পাস  করেছি এটাই অনেক,𑄙𑄬𑄛𑄴𑄛𑄬 𑄖𑄬𑄛𑄴𑄛𑄬 𑄟𑄬𑄖𑄴𑄖𑄨𑄢𑄳𑄦𑄨𑄇𑄴 𑄛𑄌𑄴 𑄉𑄧𑄣𑄴𑄣𑄪𑄁𑄊𑄬𑄠𑄮 𑄥𑄉𑄧𑄢𑄴!
ধীরে ধীরে  - একেবারে,𑄙𑄬𑄛𑄴𑄛𑄬 𑄙𑄬𑄛𑄴𑄛𑄬 – 𑄃𑄬𑄊𑄮 𑄥𑄧𑄣𑄭
"এগুলো কোনো একেবারে করার কাজ না,ধীরে ধীরে  করতে হয় ","𑄃𑄨𑄠𑄚𑄳𑄦𑄨 𑄇𑄧𑄚𑄳𑄦𑄧 𑄃𑄬𑄊𑄮 𑄥𑄧𑄣𑄭 𑄉𑄧𑄢𑄬𑄙𑄬 𑄇𑄟𑄴 𑄚𑄳𑄦𑄧𑄠𑄴, 𑄙𑄬𑄛𑄴𑄛𑄬 𑄙𑄬𑄛𑄴𑄛𑄬 𑄉𑄧𑄢𑄳𑄦 𑄛𑄧𑄢𑄬"
"চাকমা শব্দ গুলো ধীরে ধীরে  লিখতেছি, আজকে একটু কালকে একটু করে","𑄌𑄁𑄟𑄳𑄦 𑄢𑄧𑄃𑄳𑄦𑄪𑄚𑄴 𑄙𑄬𑄛𑄴𑄛𑄬 𑄙𑄬𑄛𑄴𑄛𑄬 𑄣𑄬𑄊𑄧𑄋𑄧𑄖𑄴𑄖𑄬, 𑄃𑄨𑄌𑄴𑄌𑄬 𑄃𑄬𑄇𑄴𑄇, 𑄇𑄨𑄣𑄴𑄣𑄬 𑄃𑄬𑄇𑄴𑄇 𑄉𑄧𑄢𑄳𑄦𑄨"
টাকাগুলো একবারে না দিয়ে ধীরে ধীরে দিয়ে দেব,𑄖𑄬𑄋𑄃𑄳𑄦𑄪𑄚𑄴 𑄃𑄬𑄊𑄮 𑄟𑄮𑄙𑄬 𑄚𑄧 𑄘𑄨𑄚𑄬𑄠𑄴 𑄙𑄬𑄛𑄴𑄛𑄬 𑄙𑄬𑄛𑄴𑄛𑄬 𑄘𑄨𑄟𑄴𑄟𑄬 𑄃𑄳𑄦𑄠𑄴𑅁
সে নাকি নদী ভয় পায়,𑄖𑄬 𑄞𑄬𑄣𑄬 𑄙𑄬𑄝 𑄘𑄧𑄢𑄭
নদীর পানি,𑄙𑄬𑄝 𑄛𑄚𑄳𑄦𑄨
তোমাদের ওখানেও কি নদী  আসে?  নদীর পানি আবার নেমে যাচ্ছে,𑄖𑄧𑄟𑄳𑄦 𑄃𑄨𑄙𑄪𑄠𑄮 𑄙𑄬𑄝 𑄃𑄬𑄎𑄬𑄙𑄬 𑄚𑄬? 𑄙𑄬𑄝𑄝𑄮 𑄃𑄢𑄳𑄦𑄧 𑄣𑄟𑄨 𑄎𑄣𑄴𑄣𑄮𑄠𑄴
কাপ্তাই নদী,𑄇𑄛𑄴𑄖𑄬𑄠𑄴 𑄙𑄬𑄝
কর্ণফুলী নদী,𑄇𑄧𑄢𑄴𑄚𑄧𑄜𑄪𑄣𑄨 𑄙𑄬𑄝𑅁
হেলাম দেয়া,𑄙𑄬𑄣𑄚𑄴 𑄘𑄬𑄚
সে বালিশে হেলাম দিয়েছে,𑄖𑄬 𑄝𑄣𑄳𑄦𑄮𑄌𑄴𑄌𑄮 𑄙𑄬𑄣𑄚𑄴 𑄘𑄨𑄣𑄳𑄦𑄮𑅁
নরম- শক্ত,𑄙𑄬𑄣𑄴 – 𑄖𑄨𑄁𑄖𑄨𑄁𑄋𑄬
সে এতো কেন নরম,𑄥𑄨𑄝𑄳𑄦𑄬 𑄥𑄬𑄟𑄴𑄞 𑄇𑄨 𑄙𑄬𑄣𑄴
"সে অনেক কথা বলা নরম,সোজা কথা গুলো ও ভালো করে বলতে পারে না ","𑄖𑄬 𑄃𑄧𑄟𑄧𑄉𑄧𑄘𑄧 𑄟𑄪 𑄙𑄬𑄣𑄴, 𑄃𑄧𑄎𑄬 𑄃𑄧𑄌𑄴 𑄇𑄧𑄙𑄃𑄚𑄨𑄠𑄮 𑄥𑄬𑄢𑄬 𑄚𑄧 𑄛𑄢𑄬"
রশিটা বাধতে অনেক নরম হয়েছে শক্ত করতে হবে,"𑄘𑄧𑄢𑄨𑄃𑄳𑄦𑄚𑄴 𑄙𑄬𑄣𑄴 𑄦𑄪𑄠𑄬, 𑄖𑄨𑄁𑄖𑄨𑄁𑄋𑄬 𑄉𑄧𑄢𑄳𑄦 𑄛𑄧𑄢𑄨𑄝𑄮"
"মুখ নরম, কথা নরম","𑄟𑄪 𑄙𑄬𑄣𑄴, 𑄇𑄧𑄙 𑄙𑄬𑄣𑄴𑅁"
পানিতে ঢেউ উঠলো,𑄛𑄚𑄳𑄦𑄨𑄃𑄚𑄴 𑄙𑄬𑄣𑄴𑄉𑄢𑄴
গাছের ডাল,𑄉𑄏𑄧 𑄙𑄬𑄣𑄳𑄦
বানরটা এক ডাল থেকে এক ডালে   ঝাপ দিছে,𑄝𑄚𑄴𑄘𑄮𑄌𑄴𑄌𑄬 𑄃𑄬𑄇𑄴 𑄙𑄬𑄣𑄳𑄦𑄖𑄴𑄖𑄪𑄚𑄴 𑄃𑄢𑄳𑄦𑄧 𑄃𑄬𑄇𑄴 𑄙𑄬𑄣𑄳𑄦𑄖𑄴 𑄏𑄟𑄴 𑄘𑄨𑄣𑄳𑄦𑄮
আমাদের অফিসের শাখা রাঙ্গামাটিতে একটা আছে,𑄃𑄟𑄳𑄦 𑄃𑄧𑄝𑄨𑄏𑄮 𑄙𑄬𑄣 𑄃𑄧𑄞𑄨𑄌𑄴 𑄢𑄋𑄟𑄭𑄖𑄴𑄖𑄬𑄖𑄴 𑄃𑄬𑄇𑄴𑄊𑄚𑄴 𑄃𑄊𑄬𑅁
"দুষ্টামি করা,হওয়া",𑄙𑄬𑄁 𑄉𑄧𑄢𑄚𑄳𑄦/ 𑄦𑄧𑄚
"দুষ্টুমি করিছ না,লক্ষী করে থাক ","𑄙𑄬𑄁 𑄚𑄧 𑄉𑄧𑄢𑄳𑄦𑄨𑄌𑄴, 𑄣𑄧𑄇𑄴𑄈𑄨 𑄉𑄧𑄢𑄳𑄦𑄨 𑄗𑄇𑄴"
দুষ্টুমি না করলে মেয়েরা ভালোবাসে না!  বাচ্চাটা অনেক দুষ্টু! তার দুষ্টুমি গুলো আর............,𑄙𑄬𑄁 𑄚𑄧 𑄉𑄧𑄣𑄴𑄣𑄳𑄦𑄬 𑄟𑄨𑄣𑄬𑄃𑄪𑄚𑄳𑄦𑄬 𑄇𑄮𑄌𑄴 𑄚𑄧 𑄛𑄚𑄴𑄙𑄬! 𑄉𑄪𑄢𑄮𑄞𑄮 𑄥𑄬𑄟𑄴𑄞 𑄇𑄨 𑄙𑄬𑄁! 𑄖 𑄙𑄬𑄋𑄚𑄳𑄦𑄨 𑄃𑄢𑄳𑄦𑄧 𑄚𑄳𑄦𑄬𑄉𑄬𑄣𑄢𑄴 𑄃𑄨𑄙𑄪
তার দুষ্টুমি গুলো লুকিয়ে লুকিয়ে করে,𑄖 𑄙𑄬𑄋𑄚𑄳𑄦𑄨 𑄦𑄧𑄣𑄧𑄘𑄬 𑄟𑄪𑄢𑄬 𑄟𑄪𑄢𑄬
সে লুকিয়ে লুকিয়ে দুষ্টুমি করে,𑄖𑄬 𑄟𑄪𑄢𑄬 𑄟𑄪𑄢𑄬 𑄙𑄬𑄁 𑄉𑄧𑄢𑄬𑄙𑄬𑅁
ভিজে গেছি যখন একেবারে গোসল করবো,"𑄙𑄮𑄉𑄳𑄦𑄬 𑄞𑄨𑄌𑄴𑄌𑄳𑄦𑄮𑄁, 𑄃𑄬𑄇𑄴𑄈𑄱𑄢𑄬 𑄉𑄘𑄨𑄟𑄴𑄟𑄳𑄦𑄬𑅁"
আলাদা হওয়া/করা,𑄙𑄮𑄢𑄴 𑄦𑄧𑄚/ 𑄉𑄧𑄢𑄚𑄳𑄦
মাটি আলাদা হয়ে দেবদত্ত নরকে পড়ে গেছে,𑄟𑄘𑄨 𑄙𑄮𑄢𑄴 𑄦𑄮𑄚𑄬𑄠𑄴 𑄘𑄬𑄝𑄧𑄘𑄧𑄖𑄴𑄖𑄧 𑄚𑄧𑄢𑄧𑄉𑄧𑄖𑄴 𑄛𑄧𑄌𑄴𑄎𑄬𑄊𑄮𑄠𑄴
সব মাটি আলাদা হয়ে গেছে,𑄥𑄬 𑄟𑄘𑄨 𑄉𑄧𑄘 𑄙𑄮𑄢𑄴 𑄙𑄮𑄢𑄴 𑄦𑄪𑄠𑄬
আমটি কয়েক ভাগ কর,𑄃𑄟𑄴𑄟𑄳𑄦𑄮 𑄇𑄧𑄠𑄬𑄇𑄴 𑄙𑄮𑄢𑄴 𑄉𑄧𑄢𑄴
এক আছারে দুই ভাগ হবে বাতিটা,𑄃𑄬𑄇𑄴 𑄃𑄎𑄢𑄳𑄦𑄧𑄖𑄴 𑄘𑄨𑄙𑄮𑄢𑄴 𑄦𑄧𑄣𑄧 𑄝𑄖𑄴𑄖𑄨𑄞𑄮
"ঠোঁটটা ফেটে গেছে, ভাগ ভাগ হয়েছে ","𑄃𑄪𑄖𑄴𑄗𑄚𑄴 𑄜𑄭𑄖𑄴𑄖𑄬𑄘𑄬, 𑄙𑄮𑄢𑄴 𑄙𑄮𑄢𑄴 𑄦𑄪𑄠𑄳𑄦𑄬𑅁"
"ধোংঙো কোথায় গেলে?আমাদেরকে একটু নদীর ওই পাড়ে দিয়ে আছ, ধোং","𑄙𑄮𑄁𑄋𑄳𑄦𑄮, 𑄇𑄪𑄙𑄪 𑄉𑄬𑄣𑄳𑄦𑄬? 𑄃𑄟𑄳𑄦𑄢𑄬 𑄃𑄬𑄇𑄴𑄇 𑄥𑄧𑄢𑄃𑄳𑄦𑄚𑄴 𑄛𑄢𑄴 𑄉𑄧𑄢𑄳𑄦𑄬 𑄘𑄬𑄉𑄮𑄠𑄴, 𑄙𑄮𑄁"
"এই ধোং,তুমি আমাদের একটু সাহায্য করো","𑄃𑄬𑄠𑄳𑄦𑄮 𑄙𑄮𑄁, 𑄖𑄪𑄠𑄴 𑄃𑄟𑄳𑄦𑄢𑄬 𑄃𑄬𑄇𑄴𑄇 𑄝𑄧𑄣𑄴 𑄘𑄬𑄊𑄨𑅁"
ধোংগের নাচ,𑄙𑄮𑄁𑄋𑄬 𑄚𑄎𑄚
এক.নাক উপরে করা,𑄷. 𑄚𑄇𑄴 𑄃𑄧𑄎𑄧𑄣𑄴 𑄉𑄧𑄢𑄚𑄳𑄦
.নাক উপরে তোলা,𑄚𑄇𑄴 𑄃𑄧𑄎𑄧𑄣𑄧𑄖𑄴 𑄖𑄪𑄣𑄚𑄳𑄦
নাকের ফুল,𑄚𑄇𑄴 𑄜𑄪𑄣𑄴
নাকের ময়লা,𑄚𑄉𑄧𑄛𑄬𑄘
সে একটু প্রশংসা শুনলে নাকটা উপরে তুলে,𑄃𑄬𑄇𑄴𑄇𑄬𑄚 𑄝𑄃𑄨𑄚𑄳𑄦𑄨 𑄥𑄪𑄚𑄨𑄣𑄬 𑄚𑄇𑄴𑄈𑄮 𑄃𑄧𑄎𑄧𑄣𑄧𑄖𑄴 𑄖𑄪𑄣𑄳𑄦𑄬 𑄖𑄬
একটু নাকটা দাও তো চিঝি,"𑄌𑄨𑄏𑄨, 𑄃𑄬𑄇𑄴𑄇 𑄚𑄇𑄴𑄈𑄮 𑄘𑄬 𑄙𑄬"
আলুর মুখ,𑄸. 𑄃𑄣𑄪 𑄚𑄇𑄴
সে হোঁচট খেয়ে পরে গেল,𑄖𑄬 𑄃𑄪𑄏𑄮𑄖𑄴 𑄈𑄬𑄚𑄬𑄠𑄴 𑄚𑄇𑄴 𑄇𑄪𑄝𑄨 𑄛𑄧𑄣𑄴𑄣𑄳𑄦𑄧𑅁
আপনি কাকে বলতেছেন?-অমুক রে! তমুক রে বলতেছিলাম!,𑄇𑄢𑄳𑄦𑄬 𑄇𑄧𑄖𑄴𑄗𑄬 𑄖𑄪𑄠𑄴? – 𑄚𑄇𑄴𑄈𑄮𑄢𑄬! 𑄚𑄇𑄴𑄛𑄪𑄘𑄨𑄟𑄢𑄳𑄦𑄬 𑄇𑄧𑄋𑄳𑄦𑄧𑄖𑄴𑄖𑄬!
নাক জ্বালা করা,𑄚𑄇𑄴𑄖𑄣𑄴𑄣𑄮 𑄛𑄮𑄢𑄚
একটু নাকটা দাও তো চিঝি,"𑄌𑄨𑄏𑄨, 𑄃𑄬𑄇𑄴𑄇 𑄚𑄇𑄴𑄈𑄮 𑄘𑄬 𑄙𑄬𑅁"
নাকশা ফুল,𑄚𑄇𑄴𑄥 𑄜𑄪𑄣𑄴
.নাকশা ফুলের গাছ,𑄚𑄇𑄴𑄥 𑄉𑄌𑄴
"নাকশা ফুলের সুগন্ধির সাথে মিশে যেতে মনে হয়,নানা রঙের প্রজাপতির সাথে মিশে যেতে ইচ্ছে করে","𑄚𑄇𑄴𑄥 𑄜𑄪𑄣𑄮 𑄖𑄪𑄟𑄴𑄝𑄏𑄧 𑄣𑄧𑄊𑄬 𑄦𑄎𑄨 𑄎𑄬𑄝𑄢𑄴 𑄟𑄧𑄚𑄬 𑄇𑄳𑄦𑄧𑄠𑄴, 𑄛𑄧𑄖𑄴𑄖 𑄛𑄧𑄖𑄴𑄖𑄨𑄢𑄴 𑄚𑄚𑄚𑄴 𑄢𑄧𑄋𑄬 𑄟𑄨𑄏𑄨 𑄎𑄬𑄝𑄢𑄴 𑄟𑄧𑄚𑄬 𑄇𑄳𑄦𑄧𑄠𑄴𑅁"
তাদের কোনোমতে সংসার চলে,𑄖𑄢𑄳𑄦 𑄃𑄬𑄇𑄴𑄇 𑄚𑄉𑄚𑄇𑄴𑄇𑄬 𑄉𑄧𑄢𑄳𑄦𑄨 𑄌𑄧𑄣𑄧𑄘𑄧𑄚𑄴
.টাকা একটু কম হইছে,𑄖𑄬𑄋 𑄃𑄬𑄇𑄴𑄇 𑄚𑄉𑄚𑄇𑄴𑄇𑄬 𑄦𑄪𑄠𑄮𑄚𑄴
জীবনটা কোনোমতেই চলে গেল,𑄎𑄨𑄁𑄇𑄚𑄨𑄃𑄳𑄦𑄚𑄴 𑄚𑄉𑄚𑄇𑄴𑄇𑄬 𑄝𑄘𑄬 𑄎𑄬𑄣𑄧𑄊𑄮𑄠𑄴
টাকার সমস্যার মধ্যে তিনি আবার অসুস্থ হয়ে পরলেন,𑄖𑄬𑄋 𑄚𑄉𑄚𑄇𑄴𑄇𑄬 𑄟𑄳𑄦𑄠𑄴 𑄖𑄬 𑄃𑄢𑄳𑄦𑄧 𑄛𑄧𑄣𑄴𑄣𑄧𑄙𑄬 𑄛𑄨𑄢𑄬!
মিষ্টি ছেলের-মিষ্টি মেয়ে,𑄚𑄉𑄧𑄌𑄴𑄎𑄬 – 𑄚𑄉𑄧𑄢𑄨
মিষ্টি কথা বলা,𑄚𑄉𑄧𑄢𑄴 𑄟𑄘𑄚
.বাচ্চাটা অনেক মিষ্টি হইছে,𑄉𑄪𑄢𑄮𑄞𑄮 𑄃𑄧𑄟𑄧𑄉𑄧𑄘𑄧 𑄚𑄉𑄧𑄢𑄴 𑄦𑄪𑄠𑄬
সে তো প্রচুর মিষ্টি কথা বলতেছে,𑄖𑄬 𑄎𑄬 𑄚𑄉𑄧𑄢𑄴 𑄟𑄘𑄬𑄢𑄴 𑄙𑄧
"তার মিষ্টি কথা শুনতে শুনতে জীবনটা শেষ হয়ে যাচ্ছে,কোথায় ভাত খাওয়া!সে মিষ্টি মিষ্টি করে কথা বলতে পারে","𑄖 𑄚𑄉𑄧𑄢𑄚𑄳𑄦𑄨 𑄥𑄪𑄚𑄧𑄘𑄬 𑄎𑄨𑄁𑄇𑄚𑄨 𑄗𑄪𑄟𑄴 𑄦𑄧𑄢𑄴, 𑄇𑄪𑄙𑄪 𑄞𑄖𑄴 𑄈𑄚! 𑄖𑄬 𑄚𑄨𑄊𑄪𑄌𑄴 𑄚𑄨𑄊𑄪𑄌𑄴 𑄉𑄧𑄢𑄳𑄦𑄨 𑄚𑄉𑄧𑄢𑄴 𑄟𑄘𑄨 𑄛𑄢𑄬𑅁"
.মিষ্টি মেয়ে-মিষ্টি ছেলে,𑄚𑄉𑄧𑄢𑄨 – 𑄚𑄉𑄧𑄌𑄴𑄎𑄬
মিষ্টি মেয়েটি কোথায় গেছে?,𑄚𑄉𑄧𑄢𑄨 𑄟 𑄇𑄪𑄙𑄪 𑄎𑄨𑄠𑄳𑄦𑄬?
"লাঙল টা নাও,লাঙলচষায় যেতে হবে","𑄚𑄋𑄧𑄣𑄳𑄦𑄚𑄴 𑄣𑄧, 𑄦𑄣𑄧𑄖𑄴 𑄎𑄬𑄘𑄧𑄁 𑄟𑄳𑄦𑄣𑄬𑄚𑄴"
"এখন এই যুগের মানুষরা লাঙল চিনবেও না,তারা চিনবে ট্রাক্টর,","𑄃𑄨𑄇𑄴𑄈𑄬 𑄎𑄪𑄉𑄮 𑄟𑄚𑄳𑄦𑄪𑄌𑄴𑄌𑄪𑄚𑄴 𑄚𑄋𑄧𑄣𑄴 𑄖𑄋𑄧𑄣𑄴 𑄚𑄧 𑄌𑄨𑄚𑄨𑄞𑄇𑄴 𑄃𑄢𑄴, 𑄖𑄢𑄳𑄦 𑄌𑄨𑄚𑄨𑄝𑄇𑄴𑄈𑄬 𑄖𑄬𑄇𑄴𑄗𑄢𑄴, 𑄛𑄦𑄮𑄢𑄴 𑄖𑄨𑄣𑄳𑄦𑄢𑄴𑅁"
".নামে মাত্রই বৈদ্য,কিন্তু বৈদ্যর কাজ কিছুই পারে না","𑄚𑄋𑄬𑄌𑄋𑄬 𑄝𑄰𑄱𑄖𑄴𑄘𑄮, 𑄌𑄬𑄣𑄳𑄦𑄬 𑄝𑄰𑄱𑄖𑄴𑄘𑄮𑄃𑄣𑄨 𑄇𑄨𑄌𑄴𑄍𑄪 𑄚𑄧 𑄛𑄢𑄬𑅁"
নাচ দেখানো,𑄚𑄌𑄴 𑄘𑄬𑄉𑄚𑄳𑄦
তিনি হোঁচট খাওয়ার সময় আমাদেরকে একটু নাচ দেখালেন,𑄖𑄬 𑄃𑄏𑄢𑄴 𑄈𑄘𑄬 𑄃𑄬𑄇𑄴𑄇 𑄚𑄌𑄴 𑄘𑄬𑄉𑄬𑄣𑄳𑄦𑄧 𑄃𑄟𑄳𑄦𑄢𑄬
ত্রিপুরাদের শেখানো নাচ নাচে,𑄖𑄨𑄝𑄨𑄢𑄬𑄃𑄪𑄚𑄳𑄦𑄬 𑄉𑄧𑄢𑄨𑄠𑄳𑄦𑄬 𑄚𑄌𑄴 𑄚𑄎𑄧𑄚𑄴𑄚𑄬
.কে নাচতে পারে?,𑄇𑄧𑄚𑄴𑄚𑄳𑄦 𑄚𑄌𑄴 𑄎𑄚𑄳𑄦𑄬?
নর্তকীরা নাচ করতেছে,𑄚𑄌𑄴𑄖𑄮𑄃𑄣𑄨𑄃𑄪𑄚𑄳𑄦𑄬 𑄚𑄎𑄧𑄘𑄧𑄚𑄴𑅁
নাচানাচি,𑄚𑄎𑄚𑄎𑄨
নাচ দেয়া,𑄚𑄎𑄨 𑄘𑄬𑄚
নাচিয়ে,𑄚𑄎𑄨𑄠𑄬
বাচ্চাটা ছোট তাই নাচতে নাচতে চলে গেল,𑄉𑄪𑄢𑄮𑄞𑄮 𑄈𑄪𑄎𑄨 𑄦𑄮𑄚𑄬𑄠𑄴 𑄚𑄎𑄨 𑄚𑄎𑄨 𑄎𑄬𑄣𑄧𑄊𑄮𑄠𑄴
একটু নাচ তো,"𑄘𑄬, 𑄃𑄬𑄇𑄴𑄇 𑄚𑄌𑄴"
.বাচচাটা লাফিয়ে লাফিয়ে নাচ করে,𑄉𑄪𑄢𑄮𑄞𑄮 𑄜𑄣𑄪𑄇𑄴 𑄜𑄣𑄪𑄇𑄴 𑄚𑄎𑄬𑄢𑄴
"পাছাটা হেলেদুলে নেচে নেচে কোথায় যাচ্ছেন? সেভাবে হাঁটলে,আমাদের প্রচুর লজ্জা করে","𑄇𑄪𑄙𑄪 𑄎𑄧𑄢𑄴 𑄚𑄎𑄨 𑄚𑄎𑄨 𑄛𑄪𑄚𑄳𑄦𑄚𑄴 𑄛𑄉𑄬 𑄛𑄉𑄬? 𑄥𑄨𑄋𑄨𑄢𑄳𑄦𑄨 𑄦𑄘𑄨𑄣𑄬, 𑄃𑄟𑄳𑄦𑄨 𑄘𑄧 𑄝𑄬𑄇𑄴𑄇𑄪𑄚𑄳𑄦𑄬 𑄃𑄧𑄟𑄧𑄃𑄧𑄭𑄖𑄴𑄖𑄮 𑄣𑄎𑄬𑄠𑄴"
মৌমাছিরা এক ফুল  থেকে আরেকটা ফুলের মধু খায়,𑄞𑄧𑄋𑄧𑄢𑄃𑄪𑄚𑄴 𑄚𑄎𑄨 𑄚𑄎𑄨 𑄃𑄬𑄇𑄴 𑄜𑄪𑄣𑄮𑄖𑄴𑄖𑄪𑄚𑄴 𑄃𑄢𑄳𑄦𑄧 𑄃𑄬𑄇𑄴 𑄜𑄪𑄣𑄮 𑄟𑄧𑄙𑄪 𑄈𑄚𑄴𑄘𑄮𑄠𑄴
সে অন্যের কথায় নাচে,𑄛𑄧𑄢𑄨𑄠𑄮 𑄇𑄧𑄘𑄣𑄳𑄦𑄮𑄠𑄴 𑄚𑄎𑄬𑄘𑄬 𑄖𑄬
.সে পা নাড়াচাড়া করে নেচে নেচে আছে,𑄗𑄬𑄋𑄳𑄦𑄚𑄴 𑄖𑄨𑄘𑄨𑄇𑄴 𑄖𑄨𑄘𑄨𑄇𑄴 𑄉𑄧𑄢𑄳𑄦𑄨 𑄚𑄎𑄬 𑄚𑄎𑄬 𑄃𑄊𑄬 𑄖𑄬
আপনি কি সব মানুষদের আপনার কথায় নাচাতে পারবেন?,𑄖𑄪𑄠𑄴 𑄇𑄨 𑄝𑄬𑄇𑄴 𑄟𑄚𑄳𑄦𑄪𑄌𑄴𑄌𑄪𑄚𑄮𑄢𑄬 𑄖𑄧 𑄇𑄧𑄙𑄭 𑄇𑄧𑄙𑄭 𑄚𑄎𑄬 𑄛𑄢𑄨𑄝𑄬 𑄚𑄳𑄦𑄇𑄨?
পানি যাওয়ার জন্য একটা নালা লাগে,𑄛𑄚𑄳𑄦𑄨 𑄎𑄬𑄝𑄣𑄴𑄣𑄮𑄖𑄴𑄖𑄬𑄠𑄴 𑄃𑄨𑄇𑄴𑄊𑄮 𑄚𑄏𑄨 𑄣𑄉𑄬
সে আছার খেয়ে নালায় এক নালা হয়েছে,𑄖𑄬 𑄃𑄏𑄢𑄴 𑄈𑄬𑄚𑄬𑄠𑄴 𑄚𑄏𑄨𑄝𑄮𑄖𑄴 𑄛𑄧𑄢𑄨𑄚𑄬𑄠𑄴 𑄃𑄬𑄇𑄴 𑄚𑄏𑄨 𑄦𑄪𑄠𑄬𑄉𑄮𑄠𑄴
তাদের নালার পানি ফেলে দিচ্ছে,𑄖𑄢𑄳𑄦 𑄚𑄏𑄨𑄝𑄮 𑄦𑄨𑄎𑄧𑄘𑄧𑄚𑄴
"সেটা কোনো নদীর স্রোত নয়, নদী নয়, ছোট একটা নালা","𑄥𑄨𑄝𑄳𑄦𑄬 𑄇𑄧𑄚𑄳𑄦𑄧 𑄉𑄁 𑄚𑄳𑄦𑄧𑄠𑄴, 𑄥𑄧𑄢 𑄚𑄳𑄦𑄧𑄠𑄴, 𑄌𑄨𑄉𑄮𑄚𑄴 𑄃𑄨𑄇𑄴𑄊𑄮 𑄚𑄏𑄨𑅁"
নাটঘরে কী নাটক চলতেছে নাকি,𑄚𑄖𑄴𑄊𑄧𑄢𑄧𑄖𑄴 𑄇𑄨 𑄚𑄖𑄧𑄇𑄴 𑄌𑄧𑄣𑄬𑄢𑄴 𑄇𑄨𑄎𑄬𑄚𑄨𑅁
নাটক দেখানো,𑄚𑄖𑄧𑄇𑄴 𑄞𑄋𑄚
মঞ্চে দেখলে চাকমা নাটকগুলো সুন্দর লাগে,𑄌𑄁𑄟𑄳𑄦 𑄚𑄖𑄧𑄇𑄴𑄈𑄪𑄚𑄴 𑄘𑄮𑄣𑄴 𑄘𑄮𑄣𑄴 𑄣𑄉𑄬𑄉𑄮𑄠𑄴 𑄟𑄧𑄚𑄴𑄍𑄧𑄖𑄴 𑄌𑄬𑄣𑄳𑄦𑄬𑅁
.ফাঁস খেয়ে মরা,𑄚𑄖𑄴 𑄘𑄨 𑄟𑄧𑄢𑄚
"সে নাকি ফাঁস খেয়ে মরবে,পাহাড় থেকে লাফ দিবে","𑄖𑄬 𑄞𑄬𑄣𑄬 𑄚𑄖𑄴 𑄘𑄨𑄝𑄮𑄊𑄮𑄠𑄴, 𑄃𑄳𑄦 𑄇𑄟𑄳𑄦 𑄟𑄙𑄖𑄴𑄖𑄪𑄚𑄴 𑄏𑄟𑄴 𑄘𑄨𑄞𑄢𑄴 𑄃𑄮 𑄘𑄧𑄢𑄭𑅁"
বন্ধ হয়ে যাওয়া,𑄚𑄘 𑄎𑄚
বন্ধ করে দেয়া/পারা,𑄚𑄘𑄨 𑄘𑄬𑄚/ 𑄛𑄢𑄚
জানালাটা বন্ধ কর,𑄎𑄚𑄣𑄞𑄮 𑄚𑄖𑄴
বইটা বন্ধ করে রাখ,𑄝𑄳𑄦𑄮𑄠𑄴𑄝𑄮 𑄚𑄘𑄨 𑄗𑄧
নাতনি - পুতিন,𑄚𑄘𑄨𑄚𑄴 𑄛𑄪𑄘𑄨𑄚𑄴
নাতি - দাদিমা,𑄚𑄘𑄨𑄚𑄴 𑄝𑄧𑄢𑄧𑄋
নাতনি আর দাদু,𑄃𑄭𑄖𑄴𑄖𑄬 𑄚𑄘𑄨𑄚𑄴
আমার নাতনিরা আমাকে প্রচুর আপ্যায়ন করে,𑄟𑄧 𑄚𑄘𑄨𑄚𑄳𑄦𑄪𑄚𑄴 𑄟𑄧𑄢𑄳𑄦𑄬 𑄃𑄧𑄟𑄧𑄉𑄧𑄘𑄧 𑄦𑄉𑄪𑄘𑄮𑄚𑄴
তারা নাতনি দাদিমা প্রচুর মেলামেশা করে,𑄖𑄢𑄳𑄦 𑄚𑄘𑄨𑄚𑄴 𑄝𑄧𑄢𑄧𑄋𑄭 𑄎𑄧𑄘𑄧𑄝𑄧𑄘𑄬 𑄥𑄧𑄁 𑄛𑄧𑄢𑄧𑄚𑄴
দাদু আর নাতি মিলে কোথায় যাচ্ছেন?,𑄃𑄭𑄖𑄴𑄖𑄬 𑄚𑄘𑄨𑄚𑄬 𑄟𑄨𑄣𑄨 𑄇𑄪𑄙𑄪 𑄎𑄘𑄧𑄚𑄴?
বড়লোক - গরীব,𑄗𑄉𑄪𑄠𑄬 – 𑄚𑄙
"ভাত খাইছেন?-না, এখনো খাইনি","𑄞𑄖𑄴 𑄈𑄬𑄠𑄮𑄌𑄴𑄌𑄬? – 𑄚𑄙𑄬𑄠𑄴, 𑄃𑄬𑄞𑄧 𑄚𑄳𑄦𑄧 𑄈𑄁"
তাহলে আপনি আমাদের ঘৃণা করেন?- না না,𑄖𑄪𑄠𑄴 𑄥𑄣𑄳𑄦𑄬 𑄃𑄟𑄳𑄦𑄢𑄬 𑄘𑄳𑄦𑄬 𑄚𑄧 𑄛𑄢𑄧𑄌𑄴? – 𑄚𑄙𑄬𑄠𑄴 𑄚𑄙𑄬𑄠𑄴
"না বললাম কেন বিশ্বাস করে না,কে বলতে পারে?","𑄚𑄙𑄬𑄠𑄴 𑄇𑄧𑄣𑄳𑄦𑄬 𑄇𑄨 𑄝𑄨𑄌𑄴𑄍𑄬𑄌𑄴 𑄚𑄧 𑄎𑄭, 𑄇𑄧𑄚𑄴𑄚𑄳𑄦 𑄇𑄳𑄦𑄮 𑄛𑄢𑄬?"
নানা ধরনের,𑄚𑄚𑄚𑄴 𑄝𑄝𑄮𑄖𑄴𑄖𑄬
বিভিন্ন ধরনের,𑄚𑄚𑄚𑄴 𑄝𑄝𑄧𑄘𑄧𑄢𑄴
বিভিন্ন ধরনের মানুষ,𑄚𑄚𑄚𑄴 𑄎𑄘𑄧 𑄜𑄪𑄣𑄴
দেখছেন কতগুলো লোক এখানে যৌথ হয়েছে?,𑄇𑄪𑄇𑄴𑄊𑄮 𑄚𑄧𑄢𑄧𑄣𑄮𑄇𑄴 𑄃𑄨𑄠𑄳𑄦𑄮𑄖𑄴 𑄃𑄬𑄉𑄧𑄖𑄴𑄖𑄧𑄢𑄴 𑄦𑄪𑄠𑄳𑄦𑄮𑄚𑄴𑄚𑄨 𑄘𑄨𑄇𑄴𑄈𑄮𑄌𑄴 𑄚𑄨?
রুচিহীন চেহারা,𑄚𑄧𑄢𑄪𑄌𑄴𑄌𑄬 𑄟𑄪
চেহারাটা ফ্যাকাসে করে রাখছেন কেন?,𑄃𑄠𑄳𑄦𑄬 𑄚𑄧𑄢𑄪𑄌𑄴𑄌𑄬 𑄟𑄪 𑄉𑄧𑄢𑄳𑄦𑄨 𑄃𑄊𑄧𑄌𑄴?
নালির হাড়,𑄚𑄧𑄢𑄮𑄣𑄨 𑄦𑄢𑄴
বেজীটা মুরগির নালি চেপে ধরলো,𑄝𑄨𑄎𑄨𑄞𑄮 𑄇𑄪𑄢𑄳𑄦𑄮𑄝𑄮𑄢𑄴 𑄚𑄧𑄢𑄮𑄣𑄨 𑄌𑄨𑄝𑄨 𑄙𑄧𑄣𑄴𑄣𑄧
বাঘটা এক কামড়ে হরিণের নালিটা ছিঁড়ে পেলে দিল,𑄝𑄇𑄴𑄊𑄬 𑄇𑄟𑄧𑄢𑄧𑄖𑄴 𑄌𑄧𑄖𑄴𑄖𑄬 𑄦𑄪𑄢𑄨𑄁𑄋𑄳𑄦𑄮 𑄚𑄧𑄢𑄮𑄣𑄨𑄞𑄮 𑄥𑄨𑄚𑄨 𑄘𑄨𑄣𑄳𑄦𑄮𑅁
হাঁটুর হার,𑄚𑄧𑄣 𑄦𑄢𑄴
.হাঁটুর কেশ,𑄚𑄧𑄣 𑄇𑄬𑄌𑄴
হাঁটুর পেট,𑄚𑄧𑄣 𑄛𑄬𑄖𑄴
পানির নল,𑄛𑄚𑄳𑄦𑄨 𑄚𑄧𑄣𑄴𑅁
যাই না,𑄚𑄳𑄦𑄧 𑄎𑄁
ভাত খাইনি,𑄞𑄖𑄴 𑄚𑄳𑄦𑄧 𑄈𑄁
"আমি না,সেটা সে করছে","𑄟𑄪𑄠𑄴 𑄚𑄳𑄦𑄧𑄠𑄴, 𑄖𑄬 𑄥𑄳𑄠𑄬 𑄉𑄧𑄌𑄴𑄍𑄬𑄘𑄬 𑄥𑄨𑄠𑄳𑄦𑄚𑄴"
"আমি না,আমি না","𑄟𑄪𑄠𑄴 𑄚𑄳𑄦𑄧𑄠𑄴, 𑄟𑄪𑄠𑄴 𑄚𑄳𑄦𑄧𑄠𑄴𑅁"
সব ফেলে দেয়া,𑄚𑄨𑄉𑄨𑄢𑄬 𑄜𑄬𑄣𑄚𑄳𑄦
বোতলের পানিটা সব ফেলে দাও,𑄝𑄧𑄙𑄧𑄣𑄴𑄣𑄮 𑄛𑄚𑄳𑄦𑄨𑄃𑄚𑄴 𑄃𑄬𑄇𑄴𑄇 𑄚𑄨𑄉𑄨𑄢 𑄙𑄬
প্লেট তা ভালো করে ঝাকিয়ে নিতে হবে,𑄛𑄬𑄣𑄬𑄖𑄴𑄗𑄮 𑄗𑄎𑄟𑄎 𑄉𑄧𑄢𑄳𑄦𑄨 𑄚𑄨𑄉𑄨𑄢 𑄛𑄧𑄢𑄨𑄝𑄮
থার্মোমিটারটা ঝাকিয়ে নিতে নিতে কাঁধ ব্যাথা হল,𑄗𑄢𑄴𑄟𑄮𑄟𑄨𑄗𑄢𑄴𑄝𑄮 𑄝𑄢𑄳𑄦 𑄚𑄨𑄉𑄨𑄢𑄘𑄬 𑄚𑄨𑄉𑄨𑄢𑄘𑄬 𑄝𑄢𑄳𑄦 𑄛𑄨𑄢𑄬 𑄦𑄧𑄣𑄧
ঝাকিয়ে নিতে নিতে সব ঝোল শুকিয়ে গেল,𑄚𑄨𑄉𑄨𑄢𑄘𑄬 𑄚𑄨𑄉𑄨𑄢𑄘𑄬 𑄉𑄧𑄘 𑄏𑄪𑄣𑄴 𑄌𑄪𑄉𑄬𑄣𑄧𑄊𑄮𑄠𑄴𑅁
তাদের ভাইদের মধ্যে তিনি হলেন সবার ছোট,𑄚𑄨𑄉𑄨𑄢𑄬 𑄙𑄧𑄚𑄴
সবার ছোট হইলে সব আদর-যত্ন সে পায়,𑄚𑄨𑄉𑄨𑄢𑄬 𑄦𑄧𑄣𑄬 𑄝𑄬𑄇𑄴 𑄚𑄧𑄚𑄬𑄠𑄳𑄦𑄬𑄃𑄚𑄨 𑄈𑄬 𑄛𑄳𑄦𑄠𑄴
সে সবার ছোট করে কি বুঝবে?,𑄥𑄬 𑄚𑄨𑄉𑄨𑄢𑄬 𑄉𑄧𑄢𑄳𑄦𑄨 𑄖𑄬 𑄇𑄨 𑄝𑄪𑄎𑄨𑄞𑄮?
.নিচু নিচু,𑄚𑄨𑄉𑄪𑄘𑄨 𑄚𑄨𑄉𑄪𑄘𑄨
ভালোভাবে নিচু হয়ে দেখ,𑄘𑄮𑄣𑄬 𑄚𑄨𑄉𑄪𑄘𑄨 𑄌𑄳𑄦
সে নিচু হয়ে সবখানে খুঁজেছিল,𑄖𑄬 𑄚𑄨𑄉𑄪𑄘𑄨 𑄚𑄨𑄉𑄪𑄘𑄨 𑄉𑄧𑄘 𑄝𑄬𑄇𑄴𑄈𑄚𑄴 𑄖𑄧𑄉𑄬𑄠𑄳𑄦𑄬
সে কাজ ভালোভাবে করে,𑄇𑄟𑄴 𑄃𑄬𑄚𑄳𑄦𑄬 𑄖𑄬 𑄚𑄨𑄉𑄪𑄘𑄨 𑄚𑄨𑄉𑄪𑄘𑄨 𑄉𑄧𑄢𑄳𑄦𑄬𑅁
গুড়ো হওয়া/করা,𑄚𑄨𑄊𑄪𑄌𑄴 𑄦𑄧𑄚/ 𑄉𑄧𑄢𑄚𑄳𑄦
গুড়ো করা,𑄚𑄨𑄊𑄪𑄌𑄴 𑄚𑄨𑄊𑄪𑄌𑄴
চালগুলো বেশি গুঁড়া হইছে,𑄌𑄮𑄣𑄳𑄦𑄪𑄚𑄴 𑄝𑄬𑄌𑄴 𑄚𑄨𑄊𑄪𑄌𑄴 𑄦𑄪𑄠𑄮𑄚𑄴
কিছুক্ষণ পর তো পায়ের নিচে করে সব গুড়ো বানাবে,𑄈𑄇𑄴𑄇𑄬 𑄙𑄧 𑄦𑄪𑄢𑄨𑄦𑄢𑄭 𑄝𑄳𑄦𑄬𑄇𑄴 𑄚𑄨𑄊𑄪𑄌𑄴 𑄝𑄚𑄬𑄝𑄬
মাছের কাটাগুলো ভালোভাবে চিবিয়ে  গুঁড়া করে খেতে হয়,𑄟𑄏𑄧 𑄇𑄘𑄃𑄳𑄦𑄪𑄚𑄴 𑄚𑄨𑄊𑄪𑄌𑄴 𑄉𑄧𑄢𑄳𑄦𑄨 𑄌𑄝𑄬 𑄈 𑄛𑄧𑄢𑄬
"মাছের পিসগুলো সব গুড়ো হয়েছে,সব মিশে গেছে","𑄟𑄏𑄧 𑄘𑄧𑄟𑄳𑄦𑄃𑄪𑄚𑄴 𑄉𑄧𑄘 𑄚𑄨𑄊𑄪𑄌𑄴 𑄦𑄪𑄠𑄮𑄚𑄴, 𑄝𑄬𑄌𑄴 𑄊𑄘 𑄎𑄨𑄠𑄮𑄚𑄴𑄙𑄬𑅁"
নিচু হয়ে থাকা/যাওয়া/আসা,𑄚𑄨𑄊𑄪𑄢𑄨 𑄗𑄚/ 𑄎𑄚/ 𑄃𑄬𑄎𑄚𑄳𑄦
একটু নিচু হয়ে যাও তো,𑄃𑄬𑄇𑄴𑄇 𑄚𑄨𑄊𑄪𑄢𑄴 𑄘𑄬
"ভাগ্য ভালো নিচু হয়েছি,না হলে তো বারি খেতাম ","𑄞𑄣𑄝𑄇𑄴𑄇𑄬 𑄚𑄨𑄊𑄪𑄌𑄴𑄌𑄮𑄁, 𑄚𑄧 𑄦𑄧𑄣𑄬 𑄉𑄪𑄘𑄮 𑄈𑄨𑄣𑄪𑄋𑄪𑄚𑄴"
"নিচু হবো কেন?আমি কোনদিন কারো সামনে মাথা নিচু করিনি,জান তুমি?সে শুধু মাথা নিচু করে আছে কেন,লজ্জা পাচ্ছে নাকি?","𑄇𑄨𑄖𑄴𑄗𑄬𑄠𑄴 𑄚𑄨𑄊𑄪𑄢𑄨𑄘𑄪𑄁? 𑄟𑄪𑄠𑄴 𑄇𑄧𑄚𑄳𑄦𑄧𑄘𑄨𑄚𑄴 𑄇𑄢𑄳𑄦𑄧 𑄟𑄪𑄎𑄪𑄋𑄳𑄦𑄬 𑄟𑄙 𑄚𑄧 𑄚𑄨𑄊𑄪𑄢𑄮𑄁, 𑄈𑄧𑄝𑄧𑄢𑄴 𑄛𑄳𑄦𑄌𑄴 𑄚𑄨? 𑄖𑄬 𑄇𑄨 𑄝𑄚 𑄟𑄙 𑄚𑄨𑄊𑄪𑄢𑄨 𑄃𑄉𑄬𑄙𑄬
, 𑄣𑄎𑄢𑄴 𑄚𑄳𑄦𑄇𑄨?"
এক.নিজের আলু নিজে কুড়া,𑄷. 𑄚𑄨𑄎𑄮 𑄃𑄣𑄪 𑄚𑄨𑄎𑄬 𑄇𑄪𑄢𑄚𑄳𑄦
শুধু নিজের আছে নাকি,𑄎𑄳𑄦𑄬 𑄚𑄨𑄎𑄮𑄖𑄴𑄗𑄪𑄚𑄴 𑄣𑄉𑄬𑄘𑄬 𑄝𑄧𑄏𑄧
তারপরও তিনি তার নিজেরটা ছাড়েন নি,𑄖𑄬 𑄎𑄳𑄦𑄬 𑄖 𑄚𑄨𑄌𑄴𑄍𑄚𑄴 𑄖𑄬 𑄚𑄧 𑄥𑄢𑄬
দুই.নিচে বসা,𑄸. 𑄚𑄨𑄌𑄴 𑄝𑄧𑄎𑄚𑄳𑄦
"আজকে করে,কালকে করে এভাবেই এখন একটু নিচে বসেছে ","𑄃𑄨𑄌𑄴𑄌𑄬 𑄉𑄧𑄖𑄴𑄗𑄬, 𑄇𑄨𑄣𑄴𑄣𑄬 𑄉𑄧𑄖𑄴𑄗𑄬 𑄃𑄬𑄞𑄧 𑄖𑄳𑄦𑄬 𑄃𑄬𑄇𑄴𑄇 𑄚𑄨𑄌𑄴 𑄝𑄧𑄌𑄴𑄍𑄬𑄘𑄬𑅁"
মাটিটা নিচে বসেছে,𑄟𑄘𑄨𑄃𑄳𑄦𑄚𑄴 𑄚𑄨𑄌𑄴 𑄝𑄧𑄌𑄴𑄍𑄬𑅁
নিচে - উপরে,𑄚𑄨𑄎𑄮 – 𑄃𑄧𑄎𑄧𑄣𑄴
উপর নিচুর পাহাড়ের দেশ,𑄃𑄧𑄎𑄧𑄣𑄴 𑄚𑄨𑄎𑄮 𑄟𑄮𑄚𑄴 𑄟𑄪𑄢𑄳𑄦𑄮 𑄘𑄬𑄌𑄴
খারাপ কাজ করলে মাথা নিচু করে থাকতে হয়,𑄞𑄚𑄴𑄐𑄬 𑄇𑄟𑄴 𑄉𑄧𑄣𑄴𑄣𑄳𑄦𑄬 𑄟𑄙 𑄚𑄨𑄎𑄮 𑄉𑄧𑄢𑄳𑄦𑄨 𑄗 𑄛𑄧𑄢𑄬𑅁
নিশ্বাস ফেলা/টানা/নেয়া,𑄚𑄨𑄏𑄬𑄌𑄴 𑄜𑄬𑄣𑄚𑄳𑄦/ 𑄖𑄚𑄚/ 𑄣𑄧𑄚
বড় নিশ্বাস,𑄝𑄧𑄢𑄴 𑄚𑄨𑄏𑄬𑄌𑄴
নিশ্বাস ধরে থাকা,𑄚𑄨𑄏𑄬𑄌𑄴 𑄙𑄧𑄢𑄨 𑄗𑄚
সে কত বড় একটা বড় নিশ্বাস ফেললো,𑄖𑄬 𑄇𑄧𑄟𑄴𑄞 𑄃𑄨𑄇𑄴𑄊𑄮 𑄝𑄧𑄢𑄴 𑄚𑄨𑄏𑄬𑄌𑄴 𑄜𑄬𑄣𑄬𑄣𑄳𑄦𑄧
নিশ্বাসটা কিছুক্ষণ পর পর আসতে আর তাড়াতাড়ি হয়,"𑄚𑄨𑄏𑄬𑄌𑄴𑄌𑄚𑄴 𑄈𑄇𑄴𑄇𑄬 𑄣𑄢𑄳𑄦𑄬, 𑄈𑄇𑄴𑄇𑄬 𑄏𑄘𑄨 𑄦𑄧𑄠𑄴"
পাহাড়ে উঠার সময় সে পাঁচটা পাঁচটা করে নিশ্বাস ফেললো,𑄟𑄪𑄢𑄳𑄦𑄮𑄝𑄮 𑄃𑄪𑄘𑄨𑄚𑄳𑄦𑄬𑄠𑄴 𑄖𑄬 𑄜𑄧𑄀𑄌𑄴𑄌𑄧 𑄜𑄧𑄀𑄌𑄴𑄌𑄧 𑄉𑄧𑄢𑄳𑄦𑄨 𑄚𑄨𑄏𑄬𑄌𑄴 𑄜𑄬𑄣𑄬𑄣𑄳𑄦𑄧
নিশ্বাস ধরে রেখে সাতবার ডুব দাও,𑄚𑄨𑄏𑄬𑄌𑄴 𑄙𑄧𑄢𑄨 𑄥𑄖𑄴 𑄛𑄧𑄣𑄴𑄣 𑄝𑄪𑄢𑄴 𑄛𑄢𑄴
তাকে তাবিজ টা নিশ্বাস ধরে পরতে হবে,𑄃𑄬 𑄖𑄝𑄨𑄖𑄴𑄗𑄮 𑄚𑄨𑄏𑄬𑄌𑄴 𑄙𑄧𑄢𑄨𑄚𑄬𑄠𑄴 𑄛𑄨𑄚𑄳𑄦𑄨 𑄛𑄬𑄝𑄬𑄙𑄬𑅁
সে প্রতিদিন আমাদের বাড়িতে আসে,𑄖𑄬 𑄚𑄨𑄖𑄴𑄖𑄮 𑄃𑄬𑄎𑄬𑄙𑄬 𑄃𑄟𑄳𑄦 𑄃𑄨𑄙𑄪
প্রত্যেকদিন কতো বকা খেতে হবে,𑄚𑄨𑄖𑄴𑄖𑄮 𑄇𑄧𑄙𑄧𑄇𑄴 𑄉𑄧𑄝 𑄈𑄬 𑄛𑄢𑄬
তার প্রত্যেকদিন এটা আর ওইটা,"𑄖𑄢𑄴 𑄚𑄨𑄖𑄴𑄖𑄮 𑄈𑄇𑄴𑄇𑄬 𑄃𑄨𑄠𑄳𑄦𑄚𑄴, 𑄈𑄇𑄴𑄇𑄬 𑄃𑄳𑄦𑄪𑄝𑄚𑄴𑅁"
সে একটু নীতি মেনে থাকে,𑄖𑄬 𑄃𑄬𑄇𑄴𑄇 𑄚𑄨𑄖𑄨𑄙𑄮𑄌𑄴𑄎𑄮 𑄉𑄧𑄢𑄳𑄦𑄨 𑄗𑄭 𑄥𑄳𑄠𑄬𑅁
মাটিটা শক্ত হয়েছে,𑄟𑄘𑄨𑄃𑄳𑄦𑄚𑄴 𑄚𑄨𑄘𑄬𑄚𑄴 𑄦𑄪𑄠𑄬
তার শরীরটা শক্ত আছে,𑄖 𑄇𑄨𑄠𑄬𑄃𑄳𑄦𑄚𑄴 𑄚𑄨𑄘𑄬𑄚𑄴 𑄃𑄊𑄬
.গহীন জঙ্গল,𑄚𑄨𑄝𑄨𑄣𑄨 𑄏𑄢𑄴
নাকটা গহীন হয়েছে,𑄚𑄇𑄴𑄈𑄮 𑄚𑄨𑄝𑄨𑄣𑄨 𑄦𑄪𑄠𑄳𑄦𑄬
হুক্কাটা গহীন হয়েছে,𑄘𑄝𑄞𑄮 𑄚𑄨𑄝𑄨𑄣𑄨 𑄦𑄪𑄠𑄳𑄦𑄬𑅁
"নিম গাছ,নিম পাতা ","𑄚𑄨𑄟𑄴 𑄉𑄌𑄴, 𑄚𑄨𑄟𑄴 𑄛𑄘𑅁"
.নিঃশব্দ - হৈচৈ,𑄚𑄨𑄢𑄨𑄝𑄨𑄣𑄨 – 𑄇𑄧𑄣𑄳𑄦𑄧𑄇𑄣𑄳𑄦
.নিঃশব্দ জায়গা।,𑄚𑄨𑄢𑄨𑄝𑄨𑄣𑄨 𑄎𑄉𑅁
.কম - প্রচুর,𑄚𑄨𑄢𑄬𑄖𑄨𑄖𑄴𑄖𑄬 – 𑄃𑄭𑄥𑄭
একটু কম খরচে চললেও তাদের মনে সুখ আছে,𑄃𑄬𑄇𑄴𑄇 𑄚𑄨𑄢𑄬𑄖𑄨𑄖𑄴𑄖𑄬 𑄉𑄧𑄢𑄳𑄦𑄨 𑄌𑄧𑄣𑄨𑄣𑄬𑄠𑄳𑄦𑄮 𑄟𑄧𑄚𑄧 𑄥𑄪𑄇𑄴𑄈𑄚𑄴 𑄃𑄊𑄬 𑄖𑄢𑄳𑄦𑄢𑄴
".আগে বেশি কম খরচে জীবন চালিয়েছে,এখন আগের তুলনায় একটু ভালোভাবে চলতেছে","𑄃𑄉𑄬𑄚𑄴𑄙𑄨 𑄝𑄬𑄌𑄴 𑄚𑄨𑄢𑄬𑄖𑄨𑄖𑄴𑄖𑄬 𑄉𑄧𑄢𑄳𑄦𑄨 𑄈𑄬𑄘𑄇𑄴, 𑄃𑄨𑄇𑄴𑄈𑄬 𑄃𑄬𑄇𑄴𑄇 𑄥𑄢𑄬 𑄛𑄢𑄳𑄦 𑄉𑄧𑄢𑄳𑄦𑄨 𑄈𑄘𑄧𑄚𑄴"
এত কম টাকা দিয়ে চলতে পারে নাকি।,𑄥𑄬𑄙𑄧𑄇𑄴 𑄖𑄬𑄋 𑄛𑄧𑄠𑄴𑄏𑄬 𑄚𑄨𑄢𑄬𑄖𑄨𑄖𑄴𑄖𑄬 𑄉𑄧𑄢𑄳𑄦𑄨 𑄌𑄧𑄣𑄨 𑄛𑄢𑄬 𑄚𑄳𑄦𑄬!
সে প্রচুর কম খরচে জীবন চালিয়ে নেয়,𑄃𑄧𑄟𑄧𑄉𑄧𑄘𑄧 𑄚𑄨𑄢𑄳𑄦𑄮𑄌𑄴 𑄉𑄧𑄢𑄳𑄦𑄨 𑄌𑄧𑄣𑄬 𑄖𑄬
মাটি কম হইলে গছে ফলমূলও কম ধরে,𑄟𑄘𑄨 𑄚𑄨𑄢𑄳𑄦𑄮𑄌𑄴 𑄦𑄧𑄣𑄬 𑄉𑄪𑄣𑄮𑄉𑄣𑄠𑄳𑄦𑄮 𑄇𑄧𑄟𑄴 𑄣𑄉𑄧𑄚𑄴
আজকে লুচ্চামি করে ভাত খেতে হয়েছে।,𑄃𑄨𑄌𑄴𑄌𑄬 𑄞𑄖𑄴 𑄥𑄌𑄴𑄌𑄳𑄦𑄮 𑄎𑄧𑄘𑄧𑄝𑄧𑄘𑄬 𑄚𑄨𑄢𑄳𑄦𑄮𑄌𑄴 𑄉𑄧𑄢𑄳𑄦𑄨 𑄈 𑄛𑄧𑄣𑄴𑄣𑄳𑄦𑄧𑅁
সাদা পোশাক হইলে নীল দিতে হয়,𑄙𑄪𑄛𑄴 𑄥𑄪𑄣𑄪𑄟𑄴 𑄦𑄧𑄣𑄬 𑄚𑄨𑄣𑄮𑄖𑄴 𑄝𑄪𑄢 𑄛𑄧𑄢𑄬
সাদা শার্টে নীল দিতে হবে।,𑄚𑄨𑄣𑄴 𑄘𑄳𑄠𑄬 𑄛𑄧𑄢𑄨𑄝𑄮 𑄙𑄪𑄛𑄴 𑄥𑄦𑄖𑄴𑄖𑄮𑄖𑄴𑅁
.নীল বাঁশের গর্তে ভূত থাকে।,𑄚𑄨𑄣𑄴𑄌𑄪𑄟𑄮 𑄉𑄙𑄧𑄖𑄴 𑄞𑄪𑄖𑄴 𑄗𑄚𑄴𑄚𑄬𑅁
এই কুকুরটা এখনো যাইনি!,𑄚𑄨𑄦𑄬𑄠𑄴 𑄇𑄪𑄉𑄪𑄢𑄴𑄞𑄮! 𑄃𑄬𑄞𑄧 𑄚𑄳𑄦𑄧 𑄎𑄭!
সে আমাদের বাড়িতে বেড়াতে আসবে।,𑄖𑄬 𑄚𑄳𑄦𑄨 𑄃𑄟𑄳𑄦 𑄃𑄨𑄙𑄪 𑄝𑄬𑄢𑄬𑄝𑄧𑄉𑄨𑄙𑄬𑅁
বের হয়ে আসা/যাওয়া,𑄚𑄳𑄦𑄨𑄉𑄨𑄣𑄳𑄦𑄨 𑄃𑄬𑄎𑄚𑄳𑄦/ 𑄎𑄚
তাড়াতাড়ি গর্ত থেকে বের হয়ে আসো,𑄘𑄬𑄊𑄧𑄁 𑄛𑄢𑄳𑄦 𑄚𑄳𑄦𑄨𑄉𑄨𑄣𑄴 𑄉𑄖𑄴𑄗𑄮𑄖𑄴𑄖𑄪𑄚𑄴
সে রুম থেকে বের হয় না,𑄖𑄬 𑄢𑄪𑄟𑄴𑄟𑄳𑄦𑄮𑄖𑄴𑄖𑄪𑄚𑄴 𑄚𑄧 𑄚𑄳𑄦𑄨𑄉𑄨𑄣𑄳𑄦𑄬
কুকুরটা জিহ্বা বের করে আছে,𑄇𑄪𑄉𑄪𑄢𑄴𑄞𑄮 𑄎𑄨𑄣𑄳𑄦𑄚𑄴 𑄚𑄳𑄦𑄨𑄉𑄨𑄣𑄴𑄣𑄳𑄦𑄬 𑄉𑄧𑄢𑄳𑄦𑄨 𑄃𑄊𑄬
"দরজাটা বন্ধ করতেছি,বের হইলে তাড়াতাড়ি বের হয়ে যাও","𑄘𑄮𑄢𑄳𑄦𑄚𑄴 𑄝𑄚𑄳𑄦𑄧𑄋𑄧𑄢𑄴 𑄃𑄮, 𑄚𑄳𑄦𑄨𑄉𑄨𑄣𑄨𑄣𑄳𑄦𑄬 𑄚𑄳𑄦𑄨𑄉𑄨𑄣𑄴 𑄏𑄘𑄨𑄟𑄘𑄨"
"সে কিছুক্ষণ পর পর বের হয়,আবার ঢুকে যায়,কি হইছে তার?সে শান্তিবাহিনী থেকে বের হয়ে এসেছে","𑄖𑄬 𑄇𑄨 𑄈𑄇𑄴𑄇𑄬 𑄚𑄳𑄦𑄨𑄉𑄨𑄣𑄳𑄦𑄬, 𑄈𑄇𑄴𑄇𑄬 𑄥𑄧𑄟𑄬, 𑄇𑄨 𑄦𑄪𑄠𑄳𑄦𑄬 𑄖𑄢𑄴? 𑄖𑄬 𑄥𑄚𑄴𑄘𑄨𑄝𑄦𑄨𑄚𑄨𑄖𑄴𑄖𑄪𑄚𑄴 𑄚𑄳𑄦𑄨𑄉𑄨𑄣𑄳𑄦𑄨 𑄃𑄨𑄌𑄴𑄍𑄬"
আমি অবস্থা বুঝি আগে থেকে বের হয়ে গেছি,𑄟𑄪𑄠𑄴 𑄙𑄧𑄇𑄴 𑄝𑄪𑄎𑄨𑄚𑄳𑄦𑄬𑄠𑄴 𑄃𑄉𑄬𑄞𑄉𑄬 𑄚𑄳𑄦𑄨𑄉𑄨𑄣𑄳𑄦𑄨 𑄎𑄨𑄠𑄮𑄁𑄊𑄮𑄠𑄴
.সে দাঁত বের করে মারা গেছে,𑄖𑄬 𑄘𑄖𑄴 𑄚𑄳𑄦𑄨𑄉𑄨𑄣𑄴𑄣𑄳𑄦𑄬 𑄉𑄧𑄢𑄳𑄦𑄨 𑄟𑄪𑄌𑄴𑄎𑄬𑄙𑄬
সে নাকি একটি বই বের করবে।,𑄖𑄬 𑄞𑄬𑄣𑄬 𑄃𑄨𑄇𑄴𑄊𑄮 𑄝𑄳𑄦𑄮𑄠𑄴 𑄚𑄳𑄦𑄬𑄉𑄬𑄣𑄬𑄝𑄳𑄦𑄧𑅁
ন্যাকামো করা,𑄚𑄪𑄘𑄨 𑄉𑄣𑄚
ন্যাকামো করা/হওয়া,𑄚𑄪𑄘𑄨 𑄉𑄧𑄢𑄚𑄳𑄦/ 𑄦𑄧𑄚
ন্যাকামো তামাশা,𑄚𑄪𑄘𑄨 𑄇𑄨𑄢𑄳𑄦𑄨𑄇𑄴 𑄇𑄢𑄳𑄦𑄇𑄴
ন্যাকামো তামাশা,𑄚𑄪𑄘𑄨 𑄖𑄨𑄚𑄴 𑄖𑄟𑄣𑄳𑄦𑄇𑄴
"ন্যাকামো ছেলে,ন্যাকামো মেয়ে","𑄚𑄪𑄘𑄨 𑄟𑄧𑄢𑄧𑄖𑄴, 𑄚𑄪𑄘𑄨 𑄟𑄨𑄣𑄬"
"ন্যাকামো,ন্যাকামি","𑄚𑄪𑄘𑄨𑄝𑄚, 𑄚𑄪𑄘𑄨𑄝𑄚𑄨"
.ন্যাকামো করে দেয়া,𑄚𑄪𑄘𑄨 𑄛𑄊𑄬𑄠𑄴 𑄘𑄬𑄚
সে প্রচুর ন্যাকামো হয়েছে,𑄃𑄨𑄞𑄬 𑄃𑄧𑄟𑄧𑄉𑄧𑄘𑄧 𑄚𑄪𑄘𑄨 𑄦𑄪𑄠𑄳𑄦𑄬 𑄘𑄳𑄦𑄬
".সে বেশি ন্যাকামো করতেছে,ন্যাকামো করে আবার আমার পাশে বসেছে,লজ্জা করে না?দেখ ন্যাকামো মেয়ের চেহারা","𑄥𑄨𑄝𑄬𑄢𑄴 𑄝𑄬𑄌𑄴 𑄚𑄪𑄘𑄨 𑄇𑄨𑄢𑄳𑄦𑄨𑄇𑄴 𑄇𑄢𑄳𑄦𑄇𑄴 𑄉𑄧𑄢𑄬𑄖𑄴𑄗𑄬, 𑄚𑄪𑄘𑄨 𑄉𑄧𑄢𑄳𑄦𑄨 𑄃𑄢𑄳𑄦𑄧 𑄟𑄧 𑄇𑄪𑄢𑄬 𑄝𑄧𑄌𑄴𑄍𑄮𑄌𑄴𑄌𑄨𑄘𑄬, 𑄚𑄧 𑄣𑄎𑄌𑄴? 𑄌𑄚𑄳𑄦 𑄝𑄮 𑄚𑄪𑄘𑄨 𑄟𑄨𑄣𑄬 𑄙𑄧𑄇𑄴𑄇𑄳𑄦𑄚𑄴"
"ন্যাকামো ছেলেকে কিছুক্ষণ পর দেবো,কিছুক্ষণ পর পর,আয়না দেখতে হবে","𑄚𑄪𑄘𑄨𑄝𑄚𑄢𑄳𑄦𑄬 𑄈𑄇𑄴𑄇𑄳𑄦𑄬 𑄘𑄨𑄟𑄴, 𑄈𑄇𑄴𑄇𑄧𑄚𑄴 𑄚𑄧 𑄎𑄭, 𑄃𑄚 𑄌𑄳𑄦 𑄛𑄧𑄢𑄬𑄘𑄬"
.তোমাকে কিছুক্ষণ পর ন্যাকামো করে দিব,𑄈𑄇𑄴𑄇𑄳𑄦𑄬 𑄚𑄪𑄘𑄨 𑄛𑄊𑄬 𑄘𑄨𑄟𑄴 𑄖𑄧𑄢𑄳𑄦𑄬
সে ন্যাকামোয় হেলে পরেছে।,𑄚𑄪𑄘𑄨𑄠𑄬 𑄃𑄭𑄪𑄣𑄴𑄣𑄬 𑄛𑄧𑄢𑄬𑄣𑄴𑄣𑄮𑄠𑄴 𑄖𑄬𑅁
.তারা ন্যাকামোর বাড়িতে গেছে,𑄖𑄢𑄳𑄦 𑄚𑄪𑄘𑄨 𑄊𑄧𑄢𑄧𑄖𑄴 𑄎𑄨𑄠𑄳𑄦𑄮𑄚𑄴𑅁
.লবণের বয়াম,𑄚𑄪𑄚𑄮 𑄝𑄮𑄠𑄬𑄟𑄴
".লবণ বেশি দিলাম,কোন লবনাক্ত হবে নাকি?একটুও লবণ না দিলেও বলে লবনাক্ত হয়েছে","𑄚𑄪𑄚𑄴 𑄃𑄬𑄇𑄴𑄖𑄣𑄴 𑄘𑄮𑄁𑄊𑄬, 𑄇𑄧𑄚𑄳𑄦𑄧 𑄚𑄪𑄚𑄴𑄏𑄮 𑄦𑄧𑄝𑄧 𑄚𑄳𑄦𑄇𑄨? 𑄥𑄧𑄝𑄭 𑄚𑄪𑄚𑄴 𑄚𑄧 𑄘𑄨𑄣𑄳𑄦𑄬𑄠𑄮 𑄇𑄧𑄠𑄴𑄙𑄬 𑄚𑄪𑄚𑄴𑄏𑄮 𑄦𑄪𑄠𑄳𑄦𑄬"
".তরকারিতে লবণ মরিচ কিচ্ছু নাই,সিদ্ধ করে খাই।","𑄖𑄮𑄚𑄚𑄳𑄦𑄧𑄖𑄴 𑄚𑄪𑄚𑄴 𑄟𑄧𑄢𑄨𑄌𑄴 𑄇𑄨𑄌𑄴𑄍𑄪 𑄚𑄬𑄠𑄴, 𑄘𑄁𑄉 𑄃𑄪𑄎𑄪𑄚𑄮 𑄈𑄁𑄉𑄬𑅁"
.লবনাক্ত - পানশে,𑄚𑄪𑄚𑄴𑄏𑄮 – 𑄛𑄚𑄴𑄏
তরকারিতা লবনাক্ত হয়েছে,𑄖𑄮𑄚𑄳𑄦𑄚𑄴 𑄚𑄪𑄚𑄴𑄏𑄮 𑄦𑄪𑄠𑄳𑄦𑄬
.সে নাকি আবার লবনাক্ত পানশে চিনবে,𑄖 𑄛𑄧𑄢𑄚𑄬 𑄇𑄨 𑄚𑄪𑄚𑄴𑄏𑄮 𑄛𑄚𑄴𑄏 𑄌𑄨𑄚𑄨𑄞𑄮
".চেক করে দেখ তো,লবনাক্ত নাকি পানশে হয়েছে","𑄌𑄊𑄨 𑄌𑄙𑄬, 𑄚𑄪𑄚𑄴𑄏𑄮 𑄚𑄬 𑄛𑄚𑄴𑄏𑅁"
.নন্যে পাথরের পানি অনেক ভালো,𑄚𑄪𑄚𑄴𑄐𑄬 𑄥𑄨𑄣𑄮 𑄛𑄚𑄳𑄦𑄨 𑄞𑄢𑄨 𑄉𑄧𑄟𑄴
.বালুর পাথরকে নন্যে পাথর বলে,𑄇𑄧𑄢𑄮𑄣𑄴𑄣𑄳𑄦𑄬 𑄛𑄖𑄴𑄗𑄧𑄢𑄧𑄢𑄬 𑄇𑄧𑄚𑄴𑄚𑄳𑄦𑄬 𑄚𑄪𑄚𑄴𑄐𑄬 𑄥𑄨𑄣𑄴
.নন্যে পাথরের কুয়ো,𑄚𑄪𑄚𑄴𑄐𑄬 𑄥𑄨𑄣𑄮 𑄇𑄪𑄃𑄮
.নন্যে পাথরের পানি খুব মিষ্টি।,𑄚𑄪𑄚𑄴𑄐𑄬 𑄥𑄨𑄣𑄮 𑄛𑄚𑄳𑄦𑄨 𑄈𑄬𑄣𑄬 𑄥𑄪𑄃𑄮𑄖𑄴𑅁
.লবণ মাছের তরকারি,𑄚𑄪𑄚𑄨𑄠𑄬 𑄟𑄌𑄴 𑄖𑄮𑄚𑄴
ইলিশ মাছ শুকনোকে লবণ মাছ বলে,𑄃𑄨𑄣𑄳𑄦𑄨𑄌𑄴 𑄟𑄌𑄴 𑄌𑄪𑄉𑄪𑄚𑄳𑄦𑄮 𑄦𑄧𑄣𑄬 𑄚𑄪𑄚𑄨𑄠𑄬 𑄟𑄌𑄴 𑄇𑄧𑄚𑄴𑄙𑄬𑅁
.নতুন - পুরনো,𑄚𑄪𑄃𑄮 – 𑄛𑄪𑄢𑄮𑄚𑄴
.নতুন বছর,𑄚𑄪𑄃𑄮 𑄝𑄧𑄏𑄧𑄢𑄴
.নতুন পোশাক,𑄚𑄪𑄃𑄮 𑄥𑄪𑄣𑄪𑄟𑄴
.নতুন জীবন,𑄚𑄪𑄃𑄮 𑄎𑄨𑄁𑄇𑄚𑄨
.তারা নতুন বাড়িতে চলে যাচ্ছে,𑄚𑄪𑄃𑄮 𑄊𑄧𑄢𑄧𑄖𑄴 𑄛𑄧𑄢𑄧𑄁 𑄦𑄧𑄘𑄧𑄚𑄴𑄚𑄮𑄠𑄴 𑄖𑄢𑄳𑄦
নতুন বছরে সবাই নতুন পোশাক পরে ঘুরতেছে।,𑄚𑄪𑄃𑄮 𑄝𑄧𑄎𑄧𑄢𑄳𑄦𑄧𑄖𑄴 𑄝𑄬𑄇𑄴𑄇𑄪𑄚𑄳𑄦𑄬 𑄚𑄪𑄃𑄮 𑄥𑄪𑄣𑄪𑄟𑄴 𑄃𑄪𑄢𑄨𑄚𑄳𑄦𑄬𑄠𑄴 𑄝𑄬𑄢𑄘𑄧𑄚𑄴𑅁
.মাকড়সার জাল,𑄃𑄭 𑄚𑄳𑄦𑄪
.স্বামী - স্ত্রী,𑄚𑄬𑄇𑄴 – 𑄟𑄮𑄇𑄴
.আমার স্বামী গাছ কাটতে গেছে,𑄟𑄧 𑄚𑄬𑄇𑄴𑄈𑄮 𑄇𑄖𑄴𑄖𑄧𑄚𑄧𑄖𑄴 𑄎𑄨𑄠𑄳𑄦𑄬
.স্বামী-স্ত্রী সমানে সমানে থাকে,𑄚𑄬𑄉𑄬 𑄟𑄮𑄉𑄬 𑄇𑄧𑄙 𑄙𑄧𑄢𑄙𑄧𑄌𑄴𑄌𑄬 𑄉𑄧𑄢𑄳𑄦𑄨 𑄗𑄉𑄧 𑄘𑄳𑄦𑄬
"বাড়িতে কেউ নেই,স্বামী - স্ত্রী বাদে","𑄊𑄧𑄢𑄧𑄖𑄴 𑄇𑄧𑄚𑄳𑄦𑄧 𑄎𑄧𑄚𑄴 𑄚𑄬𑄠𑄴, 𑄚𑄬𑄇𑄴𑄈𑄮 𑄟𑄮𑄇𑄴𑄈𑄮 𑄝𑄘𑄬"
সে মেয়েটা নাকি অনেকবার বিয়ে করেছে,𑄇𑄧𑄠𑄴𑄞𑄬 𑄚𑄬𑄇𑄴 𑄣𑄪𑄠𑄳𑄦𑄬 𑄥𑄬 𑄟𑄨𑄣𑄬𑄞𑄮
.স্বামী খুজতে যাচ্ছ নাকি?,𑄃𑄳𑄦 𑄇𑄨 𑄚𑄬𑄇𑄴 𑄖𑄧𑄉 𑄣𑄟𑄳𑄦𑄧𑄢𑄴 𑄚𑄇𑄨?
"এগুলো নিয়ে যাও,বাড়িতে পৌঁছে খেয়ে নিও","𑄃𑄨𑄠𑄳𑄦𑄪𑄚𑄴 𑄚𑄬𑄎, 𑄊𑄧𑄢𑄧𑄖𑄴 𑄣𑄳𑄦𑄪𑄋𑄨𑄣𑄳𑄦𑄬 𑄈𑄬𑄌𑄴𑄌𑄮𑄠𑄴"
.তাকে আমি কিছুক্ষণ পর আমার সাথে নিয়ে যাব,𑄖𑄢𑄳𑄦𑄬 𑄟𑄪𑄠𑄴 𑄈𑄇𑄴𑄇𑄳𑄦𑄬 𑄚𑄬𑄎𑄬𑄟𑄴𑄟𑄮𑄠𑄴 𑄟𑄧 𑄣𑄧𑄊𑄬
.তান্যেবিকে কেরেত মাথা মনতলায় ধরে নিয়ে গেল।,𑄖𑄚𑄴𑄐𑄬𑄝𑄨𑄢𑄳𑄦𑄬 𑄙𑄧𑄢𑄨 𑄚𑄬𑄎𑄬𑄣𑄳𑄦𑄇𑄴 𑄇𑄬𑄢𑄬𑄖𑄴 𑄇𑄝 𑄟𑄮𑄚𑄴𑄖𑄧𑄣𑅁
"দাও,একটু নেচে দেখাও।","𑄘𑄬, 𑄃𑄬𑄇𑄴𑄇 𑄚𑄬𑄚𑄳𑄦𑄬 𑄚𑄬𑄚𑄳𑄦𑄬 𑄘𑄬𑅁"
নাই - আছে,𑄚𑄬𑄠𑄴 – 𑄃𑄊𑄬
.আছে নাকি নাই?এক করে দেয়ার হুকুম আছে নাকি নাই?- আছে আছে,𑄃𑄊𑄬 𑄚 𑄚𑄬𑄠𑄴? 𑄎𑄧𑄢 𑄝𑄚𑄳𑄦𑄨 𑄘𑄨𑄝𑄢𑄴 𑄦𑄪𑄉𑄪𑄟𑄴 𑄃𑄊𑄬 𑄚 𑄚𑄬𑄠𑄴? – 𑄃𑄊𑄬 𑄃𑄊𑄬
"আছে নাই বুঝি না,আমাদেরকে জোড়া বেঁধে দিতে হবে","𑄃𑄊𑄬 𑄚𑄬𑄠𑄴 𑄚𑄳𑄦𑄧 𑄝𑄪𑄏𑄮𑄁, 𑄎𑄧𑄢 𑄝𑄚𑄳𑄦𑄨 𑄘𑄳𑄠𑄬 𑄛𑄧𑄢𑄨𑄝𑄮𑄘𑄬 𑄃𑄟𑄳𑄦𑄢𑄬!"
নেয়ে মা -নেয়ে বি-নেয়ে বাপ,𑄚𑄬𑄠𑄳𑄦𑄬 𑄟 – 𑄚𑄬𑄠𑄳𑄦𑄬 𑄝𑄨 – 𑄚𑄬𑄠𑄳𑄦𑄬 𑄝𑄛𑄴
হয় তাহলে? তুই তাহলে বড় সোনা,"𑄦𑄧𑄠𑄴𑄘𑄬 𑄚𑄳𑄦𑄬? 𑄖𑄪𑄠𑄴 𑄚𑄳𑄦𑄬, 𑄝𑄧𑄢𑄴 𑄥𑄮𑄚𑅁"
তার নাভিতে এক হাড়ি ধান ঢুকবে,𑄖 𑄚𑄳𑄦𑄬𑄠𑄴𑄝𑄮𑄖𑄴 𑄘𑄧 𑄃𑄬𑄇𑄴 𑄃𑄢𑄳𑄦𑄨 𑄙𑄚𑄴 𑄃𑄘𑄨𑄝𑄇𑄴𑅁
এক.ঘোর খাওয়া,𑄷. 𑄛𑄇𑄴 𑄈𑄚
.এক থাপ্পরে দশ ঘোর খাওয়াবো,𑄃𑄬𑄇𑄴 𑄌𑄪𑄉𑄮𑄢𑄧𑄖𑄴 𑄘𑄧𑄌𑄴 𑄛𑄇𑄴 𑄈𑄝𑄬𑄟𑄴
.কুকুরগুলো আড়াই ঘোর খেয়ে বসে থাকে,𑄇𑄪𑄉𑄪𑄢𑄪𑄚𑄳𑄦𑄬 𑄃𑄢𑄳𑄦𑄨 𑄛𑄇𑄴 𑄈𑄬𑄚𑄬𑄠𑄴 𑄝𑄪𑄇𑄴 𑄉𑄧𑄢𑄳𑄦𑄧𑄚𑄴
.আমি গ্রাম থেকে একটু এক ঘোর দিয়ে আসি,𑄟𑄪𑄠𑄴 𑄃𑄘𑄟𑄧𑄖𑄴 𑄃𑄬𑄇𑄴 𑄛𑄇𑄴 𑄘𑄨 𑄃𑄬𑄎𑄧𑄁𑄊𑄮𑄠𑄴
.দুই.ঘোর থাকলো,𑄸. 𑄛𑄇𑄴 𑄖𑄬𑄣𑄴
.রান্নাঘর,𑄛𑄇𑄴 𑄊𑄧𑄢𑄴
তিন.ফাঁদে পরা/ফেলানো,𑄹. 𑄛𑄉𑄧𑄖𑄴 𑄛𑄧𑄢𑄚/ 𑄜𑄬𑄣𑄚
পাকা বাড়ি,𑄛𑄇𑄴𑄇 𑄊𑄧𑄢𑄴
. পাকা পথ,𑄛𑄇𑄴𑄇 𑄛𑄧𑄖𑄴
.নিচতলা পাকা,𑄖𑄧𑄣 𑄛𑄇𑄴𑄇
পাকিস্তান আমল,𑄛𑄈𑄨𑄌𑄴𑄗𑄚𑄴 𑄃𑄟𑄧𑄣𑄴
পাকিস্তানি।,𑄛𑄈𑄨𑄌𑄴𑄖𑄚𑄨𑅁
ধরে ঘুরানো,𑄷. 𑄘𑄧𑄢𑄨 𑄛𑄉𑄚
সুতা ঘুরানো,𑄥𑄪𑄘𑄮 𑄛𑄉𑄚
মেয়ে/ছেলে পঠানো,𑄸. 𑄟𑄨𑄣𑄬/𑄟𑄧𑄢𑄧𑄖𑄴 𑄛𑄉𑄚
সে মেয়ে পটানোর ওস্তাদ,𑄖𑄬 𑄦𑄧𑄣𑄧𑄘𑄬 𑄟𑄨𑄣𑄬 𑄛𑄉𑄚 𑄃𑄮𑄌𑄴𑄖𑄖𑄴
".তিন.নেচে নেচে কোথায় যাচ্ছেন,পাছা ঘুরে ঘুরে?","𑄹. 𑄇𑄪𑄙𑄪 𑄎𑄧𑄢𑄴 𑄚𑄎𑄨 𑄚𑄎𑄨, 𑄛𑄪𑄚𑄳𑄦𑄚𑄴 𑄛𑄉𑄬 𑄛𑄉𑄬?"
.এক.পাকা আম,𑄷. 𑄛𑄉𑄚𑄳𑄦 𑄃𑄟𑄴
প্রচুর রৌদ্রময়,𑄇𑄚𑄴 𑄛𑄉𑄚𑄳𑄦 𑄢𑄮𑄖𑄴
দুই.যৌবন হওয়া,𑄸. 𑄉𑄞𑄪𑄢𑄴 𑄛𑄉𑄚𑄳𑄦
পেকে যাওয়া,𑄛𑄊𑄨 𑄎𑄚
.আমটা পেকেছে,𑄃𑄟𑄴𑄟𑄳𑄦𑄮 𑄛𑄇𑄴𑄈𑄳𑄠𑄬
97,𑄛𑄇𑄴𑄇𑄮𑄃𑄳𑄦𑄚𑄴 𑄝𑄚 𑄛𑄊𑄨 𑄛𑄊𑄨 𑄗𑄭𑄘𑄳𑄠𑄬
".তার চুলগুলো সাদা হয়েছে,পেকেছে","𑄌𑄪𑄣𑄚𑄳𑄦𑄨 𑄖𑄢𑄴 𑄙𑄪𑄛𑄴 𑄦𑄪𑄠𑄳𑄦𑄬, 𑄛𑄇𑄴𑄈𑄳𑄠𑄬𑄘𑄬"
"কলা খাওয়ার মানুষ নাই,পেকে নষ্ট হয়ে যাচ্ছে","𑄇𑄧𑄣𑄃𑄳𑄦𑄪𑄚𑄴 𑄈𑄬𑄠𑄳𑄠𑄬 𑄚𑄬𑄠𑄴𑄘𑄳𑄠𑄬, 𑄛𑄉𑄨𑄚𑄳𑄦𑄬𑄠𑄴 𑄛𑄊𑄨 𑄟𑄧𑄎𑄨 𑄎𑄘𑄧𑄚𑄴𑄚𑄮𑄠𑄴"
.ধানগুলো এই কয়েকদিনে পেকে যাবে,𑄙𑄚𑄚𑄳𑄦𑄨 𑄃𑄨𑄋𑄨𑄣𑄴𑄣𑄳𑄦𑄬 𑄛𑄉𑄨𑄞𑄮𑄉𑄨
".গানে পাকা হতে হবে তারপর বুঝবে সেগুলো,সেই কিছু গান দিয়ে বুঝতে পারবে না","𑄉𑄳𑄠𑄚𑄴 𑄛𑄉𑄚𑄳𑄦 𑄦𑄮 𑄛𑄧𑄢𑄨𑄝𑄮, 𑄖𑄳𑄦𑄬 𑄝𑄪𑄎𑄨𑄝𑄬𑄙𑄬 𑄃𑄨𑄠𑄚𑄳𑄦𑄨, 𑄥𑄬 𑄃𑄬𑄇𑄴𑄇𑄃𑄪𑄇𑄴𑄇𑄮 𑄉𑄳𑄠𑄚𑄴𑄚𑄮𑄠𑄴 𑄝𑄪𑄏𑄨 𑄛𑄖𑄴𑄖𑄬 𑄚𑄳𑄦𑄧𑄠𑄴"
কলাগুলো বস্তায় ভরিয়ে পাকাতে হবে,𑄇𑄧𑄣𑄃𑄳𑄦𑄪𑄚𑄴 𑄝𑄧𑄌𑄴𑄗𑄖𑄴 𑄞𑄧𑄢𑄬𑄚𑄬𑄠𑄴 𑄛𑄊 𑄛𑄧𑄢𑄨𑄝𑄮𑄘𑄬
.তারা কাঁঠাল টাকে নুন ভরিয়ে পাকিয়েছে,𑄖𑄢𑄳𑄦 𑄇𑄖𑄴𑄗𑄮𑄣𑄴𑄣𑄮𑄢𑄬 𑄚𑄪𑄚𑄴 𑄞𑄮𑄢𑄬 𑄘𑄨𑄚𑄬𑄠𑄴 𑄛𑄉𑄬𑄣𑄇𑄴𑄈𑄬
.ফলগুলো এখন ঔষুধ দিয়ে পাকায়,𑄉𑄪𑄣𑄮𑄉𑄣𑄃𑄳𑄦𑄪𑄚𑄴 𑄃𑄨𑄇𑄴𑄈𑄬 𑄇𑄳𑄦𑄧𑄚𑄴 𑄘𑄢𑄪 𑄘𑄨𑄚𑄬𑄘𑄨 𑄛𑄉𑄚𑄴𑄙𑄬𑅁
.পাগল হয়া/করা/বানানো,𑄛𑄉𑄧𑄣𑄴 𑄦𑄧𑄚/𑄉𑄧𑄢𑄚𑄳𑄦/𑄝𑄚𑄚/𑄌𑄧𑄣𑄚
পাগল কুকুর,𑄛𑄉𑄧𑄣𑄴 𑄇𑄪𑄉𑄪𑄢𑄴
বানর পাগল,𑄝𑄚𑄴𑄘𑄧𑄢𑄴 𑄛𑄉𑄧𑄣𑄴
পাগলে ধরা,𑄛𑄉𑄧𑄣𑄬 𑄙𑄧𑄢𑄚
.পরপাগল,𑄛𑄧𑄢𑄴 𑄛𑄉𑄧𑄣𑄴
রাস্তায় একটা পাগল আমাদেরকে তাড়া করেছিলো,𑄛𑄧𑄙𑄧𑄖𑄴 𑄃𑄨𑄇𑄴𑄊𑄮 𑄛𑄉𑄧𑄣𑄬 𑄃𑄟𑄳𑄦𑄢𑄬 𑄣𑄮𑄢𑄬 𑄃𑄚𑄴𑄐𑄳𑄦𑄬𑄘𑄬
সে পাগল কুকুর থেকে কামড় খেয়ে পাগল হয়ে মারা গেছে,𑄖𑄬 𑄛𑄉𑄧𑄣𑄴 𑄇𑄪𑄉𑄪𑄢𑄮 𑄇𑄟𑄧𑄢𑄴 𑄈𑄬𑄚𑄬𑄠𑄴 𑄛𑄉𑄧𑄣𑄬 𑄙𑄧𑄢𑄨𑄙𑄢𑄭 𑄃𑄬𑄇𑄴𑄈𑄬 𑄟𑄧𑄌𑄴𑄏𑄬
.তার পাগলটা উঠলে সে নিজে নিজে কথা বলে,𑄖 𑄛𑄉𑄧𑄣𑄳𑄦𑄚𑄴 𑄃𑄪𑄘𑄨𑄣𑄳𑄦𑄬 𑄃𑄬𑄇𑄴𑄈𑄬 𑄉𑄭 𑄉𑄭 𑄇𑄧𑄙 𑄇𑄳𑄦𑄧𑄠𑄴 𑄖𑄬
.এটাএ দাম নাকি দশ টাকা! পাগলামি  করতছো নাকি তুমি! কমে তো হাজার টাকা,𑄃𑄨𑄞𑄬 𑄘𑄟𑄴 𑄞𑄬𑄣𑄬 𑄘𑄧𑄌𑄴 𑄖𑄬𑄋! 𑄛𑄉𑄧𑄣𑄴 𑄌𑄧𑄣𑄳𑄦𑄧𑄢𑄴 𑄚𑄇𑄨 𑄇𑄨𑄎𑄬𑄚𑄨 𑄖𑄪𑄠𑄴! 𑄇𑄧𑄟𑄳𑄦𑄧𑄖𑄴 𑄘𑄧 𑄦𑄎𑄢𑄴 𑄖𑄬𑄋 𑄠𑄳𑄦𑄬
.তার থেকে কি পাগল উঠে জঙ্গলে যেতে চাই,"𑄖𑄖𑄴𑄗𑄪𑄚𑄴 𑄈𑄇𑄴𑄇𑄳𑄦𑄬 𑄇𑄨 𑄛𑄉𑄧𑄣𑄴𑄴 𑄃𑄪𑄙𑄬, 𑄏𑄢𑄧𑄖𑄴 𑄎𑄬𑄘𑄧 𑄛𑄧𑄢𑄚𑄬 𑄇𑄳𑄦𑄧𑄠𑄴"
.সিম শাকের আগাটা পাগলে ধরছে,𑄥𑄪𑄟𑄨 𑄥𑄊𑄧 𑄃𑄉𑄞𑄮 𑄛𑄉𑄧𑄣𑄬 𑄙𑄪𑄌𑄴𑄌𑄳𑄦𑄬
সে নাকি তার জন্য পাগল.,𑄖𑄬 𑄞𑄬𑄣𑄬 𑄖𑄣𑄴𑄣𑄮𑄠𑄴 𑄛𑄉𑄧𑄣𑄴
"তুমি নাকি সেই মেয়েটার জন্য পাগল হয়েছো,সত্যি নাকি?নারী পুরুষ পাগল হলে কষ্ট পায়,পাপ করে.","𑄖𑄪𑄠𑄴 𑄞𑄬𑄣𑄬 𑄥𑄬 𑄟𑄨𑄣𑄬𑄝𑄮𑄣𑄳𑄦𑄮𑄠𑄴 𑄛𑄉𑄧𑄣𑄴 𑄦𑄪𑄠𑄮𑄌𑄴𑄌𑄳𑄦𑄬, 𑄦𑄧𑄠𑄴 𑄝𑄧𑄏𑄧? 𑄟𑄨𑄣𑄬 𑄟𑄧𑄢𑄧𑄘𑄬 𑄛𑄉𑄧𑄣𑄴 𑄦𑄧𑄣𑄬 𑄘𑄪𑄇𑄴 𑄛𑄳𑄦𑄚𑄴, 𑄛𑄛𑄴 𑄉𑄧𑄢𑄳𑄦𑄧𑄚𑄴"
"তোমরা নারী পুরুষ পাগল হয়োনা,এলোমেলো হয়োনা.","𑄖𑄪𑄟𑄳𑄦𑄨 𑄟𑄨𑄣𑄬 𑄟𑄧𑄢𑄧𑄘𑄬 𑄛𑄉𑄧𑄣𑄴 𑄚𑄧 𑄦𑄪𑄠𑄮, 𑄃𑄮𑄣𑄴 𑄚𑄧 𑄦𑄪𑄠𑄮𑅁"
সে একটু পাগলাটে হয়ছে.,𑄖𑄬 𑄃𑄬𑄇𑄴𑄇 𑄛𑄉𑄧𑄣𑄧𑄁 𑄚𑄳𑄦𑄘𑄧𑄢𑄧𑄁 𑄦𑄪𑄠𑄳𑄦𑄬
সে পাগলের মতো করে ঘুরে.,𑄖𑄬 𑄛𑄉𑄧𑄣𑄧𑄁 𑄚𑄳𑄦𑄘𑄧𑄢𑄧𑄁 𑄉𑄧𑄢𑄳𑄦𑄨 𑄝𑄬𑄢𑄭𑄘𑄳𑄠𑄬𑅁
সে তাড়াহুড়ো করে ভাত খেয়ে আবার ঘুরতে বের হলো.,𑄖𑄬 𑄛𑄉𑄪𑄣𑄳𑄦𑄪𑄁 𑄛𑄉𑄪𑄣𑄳𑄦𑄪𑄁 𑄞𑄖𑄴 𑄈𑄬𑄚𑄬𑄠𑄴 𑄃𑄢𑄳𑄦𑄧 𑄝𑄬𑄢 𑄣𑄟𑄨𑄣𑄮
কথা না বলে তাড়াতাড়ি ভাত খাও তো .,𑄇𑄧𑄙 𑄚𑄧 𑄇𑄮𑄚𑄳𑄦𑄬𑄠𑄴 𑄃𑄬𑄇𑄴𑄇 𑄛𑄉𑄪𑄣𑄳𑄦𑄪𑄁 𑄛𑄉𑄪𑄣𑄳𑄦𑄪𑄁 𑄈 𑄘𑄳𑄦𑄬 𑄞𑄖𑄴𑄖𑄪𑄚𑄴𑅁
সে হুট করে কলাটা নিয়ে নিল.,𑄖𑄬 𑄛𑄊𑄧𑄖𑄴 𑄉𑄧𑄢𑄳𑄦𑄨 𑄇𑄢𑄳𑄦𑄨 𑄚𑄬𑄎𑄬𑄣𑄧𑄉𑄮𑄠𑄴 𑄇𑄧𑄣𑄞𑄮
সুযোগ পেয়ে তাকে আমি হুট করে ধরলাম,𑄎𑄪 𑄛𑄬𑄚𑄳𑄦𑄬𑄠𑄴 𑄛𑄊𑄧𑄖𑄴 𑄉𑄧𑄢𑄳𑄦𑄨 𑄙𑄧𑄢𑄨𑄣𑄪𑄁 𑄟𑄪𑄠𑄴 𑄖𑄢𑄳𑄦𑄬
কুকুরটা হুট করে কামড় দিলো,𑄇𑄪𑄉𑄪𑄢𑄴𑄞𑄮 𑄛𑄊𑄧𑄖𑄴 𑄉𑄧𑄢𑄳𑄦𑄨 𑄇𑄟𑄬𑄢𑄬 𑄖𑄋𑄧𑄌𑄴𑄏𑄬𑅁
আগে নাকি তুমি মুখটা মাছের মতো করতে?মুখটা কি লাফালাফি করে?,𑄃𑄠𑄳𑄦𑄬 𑄟𑄏𑄧 𑄙𑄮𑄇𑄴𑄇𑄬 𑄣𑄘𑄉𑄧𑄖𑄴 𑄟𑄪𑄃𑄳𑄦𑄚𑄴 𑄛𑄊𑄧𑄖𑄴 𑄛𑄊𑄧𑄖𑄴 𑄉𑄧𑄢𑄳𑄦𑄨 𑄗𑄌𑄴? 𑄖𑄬 𑄟𑄪𑄃𑄳𑄦𑄚𑄴 𑄇𑄨 𑄛𑄊𑄧𑄖𑄴 𑄛𑄊𑄧𑄖𑄴 𑄉𑄧𑄢𑄬𑄙𑄬?
ফলমূল,𑄜𑄪𑄣𑄮 𑄛𑄊𑄮𑄢𑄴
ফুলের পাপড়ি,𑄜𑄧𑄣𑄴 𑄛𑄊𑄮𑄢𑄴
কলার বাকল,𑄇𑄧𑄣 𑄛𑄊𑄮𑄢𑄴𑅁
বৈঠা চালানো,𑄛𑄋𑄨 𑄝𑄚𑄳𑄦
বৈঠা দিয়ে নৌকা চালায়,𑄛𑄋𑄨𑄣𑄮𑄠𑄴 𑄚𑄧 𑄝𑄚𑄴𑄚𑄳𑄦𑄬𑅁
"সে বদমাশি করতেছে,কখন আমার থেকে মার খায়","𑄥𑄨𑄝𑄳𑄦𑄬 𑄝𑄬𑄌𑄴 𑄛𑄎𑄬𑄖𑄴𑄖𑄬, 𑄇𑄧𑄇𑄴𑄈𑄬 𑄈𑄭 𑄘𑄳𑄦𑄧 𑄟𑄧𑄖𑄴𑄗𑄪𑄚𑄴"
এই বাচ্চাটি বেশি করিও না,"𑄃𑄬𑄠𑄳𑄦𑄮, 𑄉𑄪𑄢𑄮𑄠𑄬, 𑄝𑄬𑄌𑄴 𑄚𑄧 𑄛𑄎𑄨𑄌𑄴"
বেশি পাজলামি করতে করতে কখন গ্লাসটা ভেঙে ফেলছে তুমি কি দেখছো?,𑄝𑄬𑄌𑄴 𑄛𑄎𑄧𑄘𑄬 𑄛𑄎𑄧𑄘𑄬 𑄇𑄧𑄇𑄴𑄈𑄬 𑄉𑄧𑄣𑄳𑄦𑄧𑄌𑄴𑄌𑄮 𑄞𑄋𑄨 𑄜𑄨𑄣𑄴𑄣𑄳𑄦𑄬 𑄘𑄨𑄇𑄴𑄈𑄮𑄌𑄴 𑄚𑄨 𑄖𑄪𑄠𑄴?
পাশ কেটে যাওয়া,𑄛𑄎𑄢 𑄜𑄢𑄨 𑄎𑄚
"গুলিটা পাশ কেটে গেলো,একটুর জন্য লাগে নাই","𑄉𑄪𑄣𑄳𑄦𑄨𑄝𑄮 𑄃𑄨𑄏𑄪 𑄛𑄎𑄢𑄚𑄴𑄙𑄨 𑄉𑄧𑄢𑄳𑄦𑄨 𑄎𑄨𑄠𑄬𑄉𑄮𑄠𑄴𑄙𑄬, 𑄃𑄬𑄇𑄴𑄇𑄖𑄴𑄗𑄬𑄠𑄴 𑄚𑄳𑄦𑄧 𑄣𑄉𑄬𑄙𑄬"
বাড়ির পাশে বড় একটা কাঠাল গাছ,𑄊𑄧𑄢𑄧 𑄛𑄎𑄢𑄖𑄴 𑄝𑄨𑄢𑄬𑄖𑄴 𑄃𑄨𑄇𑄴𑄊𑄮 𑄇𑄖𑄴𑄗𑄮𑄣𑄴 𑄉𑄌𑄴
"আমি পাশের দিকে থাকতে পারবো না,ভয় করে,মাঝখানে থাকবো","𑄟𑄪𑄠𑄴 𑄛𑄎𑄢𑄚𑄴𑄙𑄨 𑄚𑄧 𑄗𑄬𑄟𑄴, 𑄘𑄧𑄢𑄁, 𑄥𑄧𑄁 𑄟𑄭𑄪𑄖𑄴𑄙𑄬 𑄗𑄬𑄟𑄴𑄟𑄬"
"বোতামটা পাশের দিকে পড়ে,কাঠ কটতে সোজা করে বসাতে হয়","𑄇𑄪𑄛𑄴𑄜𑄮 𑄇𑄨 𑄛𑄎𑄢𑄖𑄴 𑄛𑄧𑄢𑄬 𑄇𑄨𑄎𑄬𑄚𑄨, 𑄘𑄢𑄴𑄞𑄮 𑄜𑄖𑄴𑄖𑄬 𑄃𑄪𑄎𑄪 𑄃𑄪𑄎𑄪 𑄇𑄪𑄛𑄴 𑄘𑄳𑄠𑄬 𑄛𑄧𑄢𑄬 𑄃𑄨𑄏𑄪"
গাড়িটা পাশ কেটে গেলো,𑄛𑄎𑄢 𑄜𑄢𑄨 𑄎𑄬𑄣𑄧𑄊𑄮𑄠𑄴 𑄉𑄢𑄳𑄦𑄨𑄃𑄚𑄬𑅁
মেয়েগুলো কাপড় পরে,𑄟𑄨𑄣𑄬𑄃𑄪𑄚𑄳𑄦𑄬 𑄛𑄎𑄢𑄳𑄦 𑄛𑄨𑄚𑄮𑄚𑄴𑄙𑄬𑅁
প্রাকৃতিক ঔষুধ দিয়ে পাক তেল বানায়,𑄛𑄎𑄢𑄳𑄦𑄨 𑄘𑄢𑄪𑄣𑄮𑄠𑄴 𑄛𑄇𑄴 𑄖𑄬𑄣𑄴 𑄝𑄚𑄚𑄴𑅁
তার পাজনটা কেন এরকম?তেমার পাজনটা ঠিক করো,𑄖 𑄛𑄎𑄧𑄚𑄳𑄦𑄚𑄴 𑄃𑄠𑄳𑄦𑄬 𑄥𑄨𑄇𑄴𑄈𑄬? 𑄖𑄧 𑄛𑄎𑄧𑄚𑄳𑄦𑄚𑄴 𑄃𑄬𑄇𑄴𑄇 𑄘𑄮𑄣𑄴 𑄉𑄧𑄢𑄴 𑄙𑄬
তোমার পাজনটা এখানে বের করিও না,𑄖𑄧 𑄛𑄎𑄧𑄚𑄳𑄦𑄚𑄴 𑄃𑄨𑄠𑄳𑄦𑄮𑄖𑄴 𑄚𑄧 𑄚𑄳𑄦𑄬𑄉𑄬𑄣𑄬𑄌𑄴 𑄃𑄮
তার পাজনটা দেখতে পারিনা,𑄖 𑄛𑄎𑄧𑄚𑄳𑄦𑄚𑄴 𑄃𑄬𑄇𑄴𑄈𑄬 𑄘𑄳𑄦𑄬 𑄚𑄧 𑄛𑄢𑄧𑄋𑄳𑄦𑄧𑄢𑄴 𑄟𑄪𑄠𑄴𑅁
বিঝুর সময় পাজন তরকারি রান্না করে,𑄝𑄨𑄏𑄪 𑄃𑄧𑄇𑄴𑄗𑄧𑄖𑄴 𑄛𑄎𑄧𑄚𑄴 𑄖𑄮𑄚𑄴 𑄢𑄚𑄳𑄦𑄧𑄚𑄴
"বিঝুর সময় মদতিরা বলে,পাজন তাজন বাদ দাও আদ বোতল মদ দাও","𑄝𑄨𑄏𑄪 𑄃𑄧𑄇𑄴𑄗𑄧𑄖𑄴 𑄟𑄧𑄖𑄴 𑄈𑄨𑄠𑄬𑄃𑄪𑄚𑄳𑄦𑄬 𑄇𑄧𑄚𑄴𑄚𑄳𑄦𑄬 – 𑄛𑄎𑄧𑄚𑄴 𑄖𑄎𑄧𑄚𑄴 𑄝𑄖𑄴 𑄘𑄮, 𑄃𑄙 𑄝𑄧𑄙𑄧𑄣𑄴 𑄟𑄧𑄖𑄴 𑄘𑄮!"
জ্বর সেরে ওঠা,𑄎𑄧𑄢𑄴 𑄛𑄏 𑄘𑄬𑄚
জ্বরটা মাত্র সেরে উঠলো,𑄎𑄧𑄢𑄳𑄦𑄚𑄴 𑄃𑄬𑄞𑄧 𑄖𑄳𑄦𑄬 𑄛𑄏 𑄘𑄳𑄠𑄬 𑄙𑄬
দুইটা প্যারাসিটামল খেয়ে তারপর জ্বরটা সারলো,𑄘𑄨𑄞𑄬 𑄛𑄬𑄢𑄥𑄨𑄖𑄬𑄟𑄧𑄣𑄴 𑄈𑄬𑄚𑄬𑄠𑄴 𑄖𑄳𑄦𑄬 𑄎𑄧𑄢𑄳𑄦𑄚𑄴 𑄛𑄏 𑄘𑄨𑄣𑄮 𑄙𑄬
"ভাই,ডেকে এনে কেন এরকম করতেছো","𑄞𑄬𑄠𑄴, 𑄘𑄉𑄨 𑄃𑄚𑄨𑄚𑄳𑄦𑄬𑄠𑄴 𑄇𑄨𑄖𑄴𑄗𑄬𑄠𑄴 𑄛𑄏 𑄟𑄢𑄳𑄦𑄧𑄢𑄴, 𑄇𑄨𑄎𑄬𑄚𑄨𑅁"
"খাঁদে একটা আসন বসাতে হবে,চলাচল করতে সুবিধা হবে","𑄷. 𑄈𑄖𑄴𑄘𑄮𑄃𑄚𑄳𑄦𑄧𑄖𑄴 𑄃𑄬𑄇𑄴𑄊𑄚𑄴 𑄛𑄖𑄴 𑄝𑄬𑄏𑄬 𑄘𑄳𑄠𑄬 𑄛𑄧𑄢𑄨𑄝𑄮, 𑄛𑄢𑄴 𑄦𑄧𑄘𑄬 𑄎𑄪𑄖𑄴 𑄦𑄧𑄝𑄧"
তিনটা আসন একত্র করলে তারপর একটা বড় আসন হবে,𑄖𑄨𑄚𑄳𑄦𑄚𑄴 𑄛𑄖𑄴 𑄎𑄧𑄢 𑄘𑄨𑄚𑄬𑄠𑄴 𑄖𑄳𑄦𑄬 𑄃𑄬𑄇𑄴𑄊𑄚𑄴 𑄘𑄋𑄳𑄦𑄧𑄢𑄴 𑄛𑄖𑄴 𑄦𑄧𑄣𑄧𑄘𑄬
বড় বড় লোহার কাঠ লাগবে এই সেতুটা বানাতে,𑄝𑄧𑄢𑄴 𑄝𑄧𑄢𑄴 𑄣𑄪𑄦𑄮 𑄛𑄖𑄴 𑄣𑄉𑄨𑄝𑄮 𑄃𑄬 𑄝𑄨𑄢𑄨𑄌𑄴𑄍𑄮 𑄝𑄚𑄘𑄬
২.কাঠ দেয়া,𑄸. 𑄛𑄖𑄴 𑄘𑄬𑄚
পাতের গন্ধ,𑄛𑄘𑄧𑄝𑄌𑄴
কে পাত দিছে?পাতের গন্ধ পাচ্ছি,𑄇𑄧𑄚𑄴𑄚𑄳𑄦 𑄛𑄖𑄴𑄗𑄳𑄠𑄬? 𑄝𑄚 𑄛𑄘𑄧𑄝𑄌𑄴 𑄛𑄋𑄳𑄦𑄧𑄖𑄴𑄖𑄬
তার পাতটা যে গন্ধ!রুমে ঢুকলে পাতের গন্ধ,𑄖 𑄛𑄖𑄴𑄗𑄮 𑄎𑄬 𑄝𑄌𑄴! 𑄉𑄪𑄙𑄨𑄝𑄮𑄖𑄴 𑄥𑄧𑄟𑄬𑄣𑄬 𑄛𑄘𑄧𑄝𑄌𑄴
পাতের গন্ধ খাওয়াতে খাওয়াতে তো আজকে পেট খারাপ করে দিবে.,𑄛𑄘𑄧𑄝𑄌𑄴 𑄈𑄝𑄘𑄬 𑄈𑄝𑄘𑄬 𑄘𑄧 𑄃𑄨𑄌𑄴𑄌𑄬 𑄛𑄬𑄖𑄴 𑄜𑄮𑄣𑄬 𑄘𑄨𑄞𑄬𑅁
টিফিন বাক্স,𑄖𑄨𑄞𑄨𑄚𑄴 𑄛𑄖𑄴𑄖𑄨
"টিফিনবাক্সটাতে বাটি কয়টা?উপরের বাটিতে তরকারি, নিচের বাটিতে ভাত","𑄖𑄨𑄞𑄨𑄁𑄉𑄨𑄢𑄨𑄞𑄮 𑄇𑄧𑄠𑄴 𑄛𑄖𑄴𑄖𑄨? 𑄃𑄪𑄉𑄪𑄢𑄬 𑄛𑄖𑄴𑄖𑄨𑄞𑄮𑄖𑄴 𑄖𑄮𑄚𑄴, 𑄖𑄧𑄣𑄬 𑄛𑄖𑄴𑄖𑄨𑄞𑄮𑄖𑄴 𑄞𑄖𑄴"
আলমারিটা নিচপর দিক থেকে তালা দেয়া,𑄃𑄣𑄴𑄟𑄢𑄨𑄞𑄮 𑄖𑄧𑄣𑄬 𑄛𑄖𑄴𑄖𑄨𑄃𑄪𑄚𑄴 𑄖𑄣 𑄟𑄌𑄴𑄎𑄳𑄠𑄬𑅁
শুভেচ্ছা! এতক্ষণ মাছ ধরতে চেষ্টা করার পর একটা মাছ পেলাম,𑄛𑄖𑄴𑄖𑄪𑄢𑄳𑄦𑄪𑄖𑄪𑄢𑄳𑄦𑄪! 𑄃𑄳𑄦𑄬𑄘𑄧𑄇𑄴𑄇𑄧𑄚𑄴 𑄥𑄧𑄢 𑄦𑄨𑄎𑄨𑄚𑄬𑄠𑄴 𑄃𑄬𑄞𑄧 𑄖𑄳𑄦𑄬 𑄃𑄨𑄇𑄴𑄊𑄮 𑄟𑄌𑄴 𑄛𑄬𑄣𑄧𑄁𑄊𑄬
"এখন জিতলে তুমি,শুভেচ্ছা","𑄃𑄬𑄞𑄧 𑄖𑄳𑄦𑄬 𑄎𑄨𑄚𑄨𑄣𑄬𑄘𑄬 𑄖𑄪𑄠𑄴, 𑄛𑄖𑄴𑄖𑄪𑄢𑄳𑄦𑄪 𑄖𑄪𑄢𑄳𑄦𑄪"
"শুভেচ্ছা, আজকে তোমাকে হাসিখুশি দেখতেছি.।","𑄛𑄖𑄴𑄖𑄪𑄢𑄳𑄦𑄪𑄖𑄪𑄢𑄳𑄦𑄪, 𑄃𑄨𑄌𑄴𑄌𑄬 𑄖𑄳𑄦𑄬 𑄖𑄧𑄢𑄳𑄦𑄬 𑄦𑄎𑄨𑄢𑄪𑄏𑄨 𑄘𑄬𑄊𑄧𑄋𑄧𑄖𑄴𑄖𑄬!"
পথিক।,𑄛𑄖𑄴𑄖𑄮𑄢𑄳𑄦𑄨 𑄙𑄧𑄢𑄚
"আমাদের একটা পথিক লাগবে, যে আমাদের পথ দেখিয়ে দিবে।","𑄃𑄟𑄳𑄦𑄖𑄴𑄖𑄪𑄚𑄴 𑄃𑄨𑄇𑄴𑄊𑄮 𑄛𑄖𑄴𑄖𑄮𑄧𑄢𑄳𑄦𑄨 𑄣𑄉𑄨𑄝𑄮 𑄙𑄧, 𑄎𑄬 𑄃𑄟𑄳𑄦𑄢𑄬 𑄛𑄧𑄖𑄴 𑄘𑄬𑄊𑄬 𑄘𑄨𑄝𑄮𑅁"
"সে নাকি ভাত খায়,হাগু করে পাথর!ভাত কি পাথরের মতো শক্ত। ","𑄖𑄬 𑄞𑄬𑄣𑄬 𑄈𑄭𑄘𑄳𑄠𑄬 𑄞𑄖𑄴, 𑄦𑄉𑄬𑄘𑄳𑄦𑄬 𑄛𑄖𑄴𑄗𑄧𑄢𑄴! 𑄞𑄖𑄴𑄖𑄪𑄚𑄴 𑄇𑄨 𑄛𑄖𑄴𑄖𑄧𑄢𑄳𑄦𑄧 𑄙𑄮𑄇𑄴𑄇𑄳𑄠𑄬 𑄘𑄧𑄢𑄳𑄦𑄧𑅁"
সংগঠন করা,𑄛𑄗𑄨 𑄉𑄧𑄢𑄚𑄳𑄦
সংগঠনে ঢুকা,𑄛𑄗𑄨𑄖𑄴 𑄥𑄧𑄟𑄚
সংগঠন থেকে বের হয়া,𑄛𑄗𑄨𑄖𑄴𑄖𑄪𑄚𑄴 𑄚𑄳𑄦𑄨𑄉𑄨𑄣𑄚𑄳𑄦
তুমি কোন সংগঠন করো?সে নাকি জেএসএস করে,𑄖𑄪𑄠𑄴 𑄇𑄧𑄚𑄴 𑄛𑄗𑄨 𑄉𑄧𑄢𑄳𑄦𑄧𑄌𑄴? 𑄖𑄬 𑄞𑄬𑄣𑄬 𑄎𑄬 𑄃𑄬𑄌𑄴 𑄃𑄬𑄌𑄴 𑄉𑄧𑄢𑄬𑄙𑄬
সে এখন সংগঠন থেকে বের হয়ে আসছে,𑄖𑄬 𑄃𑄨𑄇𑄴𑄈𑄬 𑄛𑄗𑄨𑄖𑄴𑄖𑄪𑄚𑄴 𑄚𑄳𑄦𑄨𑄉𑄨𑄣𑄳𑄦𑄨 𑄃𑄨𑄌𑄴𑄍𑄬
"সে নাকি সংগঠনের কাজ করে,সত্যি? তুমি আমাদের সংগঠনে যোগ দিবে নাকি?","𑄖𑄬 𑄞𑄬𑄣𑄬 𑄛𑄗𑄨 𑄇𑄟𑄴 𑄉𑄧𑄢𑄬𑄙𑄬, 𑄃𑄳𑄦𑄧? 𑄖𑄪𑄠𑄴 𑄇𑄨 𑄃𑄟𑄳𑄦 𑄛𑄗𑄨𑄖𑄴 𑄥𑄧𑄟𑄬𑄝𑄬 𑄚𑄇𑄨?"
১.চোখের পাতা,𑄷. 𑄌𑄮𑄊𑄮 𑄛𑄘
গাছের পাতা,𑄉𑄏𑄧 𑄛𑄘
বইয়ের পাতা,𑄝𑄮𑄠𑄳𑄦𑄮 𑄛𑄘
জঙ্গলী পাতা,𑄣𑄬𑄣𑄳𑄦𑄧𑄟𑄴 𑄛𑄘
কচু পাতার পানি,𑄇𑄧𑄎𑄪 𑄛𑄘 𑄛𑄚𑄳𑄦𑄨
"জীবনটা হচ্ছে কচু পাতার পানি, আজকে আছে,কালকে নাই","𑄎𑄨𑄁𑄇𑄚𑄨𑄃𑄳𑄦𑄚𑄴 𑄦𑄧𑄣𑄧𑄘𑄬 𑄇𑄧𑄎𑄪 𑄛𑄘 𑄛𑄚𑄳𑄦𑄨, 𑄃𑄨𑄌𑄴𑄌𑄬 𑄃𑄊𑄬, 𑄇𑄨𑄣𑄴𑄣𑄬 𑄚𑄬𑄠𑄴"
একটা ভূত পাতার নিচে লুকিয়ে আছে,𑄛𑄘𑄖𑄴 𑄖𑄧𑄣𑄬 𑄛𑄰𑄱𑄣𑄴𑄣𑄬 𑄃𑄬𑄣𑄧𑄉𑄮𑄠𑄴𑄙𑄬 𑄃𑄨𑄇𑄴𑄊𑄮 𑄛𑄨𑄘𑄨𑄣𑄨 𑄞𑄪𑄖𑄴
পাতার আড়ালে কিছু দেখা যায় না,𑄛𑄘 𑄃𑄚𑄴𑄘𑄧𑄣𑄬 𑄇𑄨𑄌𑄴𑄍𑄪 𑄘𑄬𑄊 𑄚𑄧 𑄎𑄭
বাঁশ পাতা দিয়ে টিন বানানো,𑄝𑄌𑄴 𑄛𑄘𑄣𑄮𑄠𑄴 𑄌𑄣𑄴 𑄥𑄬𑄣𑄚𑄴
চোখের পাতাটা নাচতেছে,𑄌𑄮𑄊𑄮 𑄛𑄘𑄃𑄳𑄦𑄚𑄴 𑄗𑄨𑄝𑄪𑄢𑄪𑄇𑄴 𑄗𑄨𑄝𑄪𑄢𑄪𑄇𑄴 𑄚𑄎𑄬𑄢𑄴
তামাকের পাতাগুলো স্বাদ আছে,𑄈𑄌𑄴𑄌𑄳𑄦𑄮 𑄛𑄘𑄃𑄚𑄳𑄦𑄨 𑄘𑄧𑄇𑄴 𑄃𑄊𑄬
২.পাতায় মরিচ বাটে,𑄸. 𑄛𑄘𑄖𑄴 𑄟𑄧𑄢𑄨𑄌𑄴 𑄝𑄘𑄧𑄚𑄴
"পাথরের পাতা ও আছে, সিমেন্টের পাতাও আছে","𑄛𑄖𑄴𑄖𑄧𑄢𑄳𑄦𑄧 𑄛𑄘𑄠𑄳𑄦𑄮 𑄃𑄊𑄧𑄚𑄴, 𑄥𑄨𑄟𑄬𑄚𑄴𑄙𑄧 𑄛𑄘𑄠𑄳𑄦𑄮 𑄃𑄊𑄧𑄚𑄴𑅁"
আমরা আঁকাবাঁকা ভাবে থাকবো,𑄃𑄟𑄳𑄦𑄨 𑄛𑄘𑄌𑄴𑄏𑄬 𑄞𑄧𑄠𑄴 𑄗𑄬𑄝𑄧𑄁𑄉𑄬
লম্বা দিকে থসকলে খাটে থাকতে পারবোনা,𑄣𑄟𑄴𑄝 𑄞𑄧𑄠𑄴 𑄗𑄬𑄣𑄬 𑄈𑄖𑄴𑄖𑄚𑄳𑄦𑄧𑄖𑄴 𑄚𑄧 𑄃𑄘𑄨𑄝𑄮𑄁𑅁
.বরশি দেয়া,𑄷. 𑄝𑄧𑄌𑄴𑄍𑄬 𑄛𑄘𑄚
ফাঁদ দেয়া,𑄇𑄬𑄢𑄛𑄴 𑄛𑄘𑄚
জাল দেয়া,𑄎𑄣𑄴 𑄛𑄘𑄚
হা কর আমি পানি ধেলে দিচ্ছি,"𑄦 𑄛𑄖𑄴, 𑄟𑄪𑄠𑄴 𑄛𑄚𑄳𑄦𑄨 𑄙𑄣𑄨 𑄘𑄮𑄋𑄳𑄦𑄧𑄢𑄴"
হাতটা দাও এক বারি খাওয়া জন্য,"𑄦𑄖𑄴𑄖𑄧𑄚𑄴 𑄛𑄖𑄴, 𑄃𑄬𑄇𑄴 𑄝𑄢𑄨 𑄈𑄬𑄘𑄬 𑄟𑄳𑄦𑄣𑄬𑄚𑄴"
পাতিলটা রাখ সেটার সমান সমান,𑄛𑄨𑄣𑄬𑄮𑄞 𑄛𑄘𑄨 𑄗𑄧 𑄥𑄬 𑄃𑄪𑄎𑄪 𑄃𑄪𑄎𑄪
"সে ঘুমের মধ্যে পাদ দেয়, কাপড় উল্টালে পাদে' র গন্ধ ","𑄥𑄨𑄝𑄳𑄦𑄬 𑄊𑄪𑄟𑄬 𑄊𑄪𑄟𑄬 𑄛𑄘𑄬𑄘𑄬, 𑄇𑄝𑄧𑄢𑄳𑄦𑄚𑄴 𑄃𑄭𑄪𑄣𑄴𑄣𑄬𑄣𑄬 𑄛𑄘𑄧𑄝𑄌𑄴 𑄎𑄚𑄬"
আই পাদে' র প্রতিযোগিতা দেখি! সে পাদ দিতে দিতে পায়খানা করে দিল,"𑄃𑄭, 𑄛𑄘𑄛𑄘𑄨 𑄌𑄳𑄦𑄬𑄠𑄴! 𑄛𑄖𑄴𑄖𑄬 𑄛𑄖𑄴𑄖𑄬 𑄎𑄚𑄬 𑄥𑄬𑄢𑄬𑄠𑄳𑄦𑄬 𑄖𑄬"
ভাত খেতে খেতে পাদ দিলে আমি ভালোবাসি না,𑄞𑄖𑄴 𑄈𑄘𑄬 𑄈𑄘𑄬 𑄛𑄘𑄨𑄣𑄬 𑄟𑄪𑄠𑄴 𑄃𑄬𑄇𑄴𑄈𑄬 𑄇𑄮𑄌𑄴 𑄚𑄧 𑄛𑄁𑄊𑄬 𑄥𑄳𑄠𑄬
মা! দাদা শুধু পাদ দিয়ে দেয়,𑄟! 𑄘𑄙 𑄝𑄚𑄳𑄦 𑄛𑄘𑄨 𑄘𑄬𑄘𑄬 𑄠𑄳𑄦𑄬
"সে পাদ দিতে দিতে অভ্যাস হয়েছে,  কিছুক্ষণ পর পাছা সেলাই করে দিবো কিন্তু ","𑄥𑄨𑄝𑄳𑄦𑄬 𑄛𑄘𑄨 𑄘𑄨𑄘𑄨 𑄃𑄇𑄴𑄇𑄳𑄠𑄬𑄁 𑄦𑄪𑄠𑄬𑄙𑄬, 𑄈𑄇𑄴𑄇𑄳𑄦𑄬 𑄛𑄪𑄚𑄴𑄚𑄳𑄦𑄮 𑄥𑄬𑄣𑄬 𑄘𑄨𑄟𑄴𑄟𑄮𑄠𑄴 𑄙𑄧"
সে আমাকে মুখের মধ্যে পাদ দিয়ে চলে গেল,𑄖𑄬 𑄟𑄧𑄢𑄳𑄦𑄬 𑄟𑄪 𑄌𑄳𑄦𑄬𑄠𑄴 𑄛𑄘𑄨 𑄘𑄨𑄘𑄭 𑄎𑄬𑄣𑄧𑄙𑄬
আমি তোকে কিছুক্ষণ পর ঘুসি মেরে পাতিয়ে  ফেলব,𑄖𑄧𑄢𑄳𑄦𑄬 𑄟𑄪𑄠𑄴 𑄞𑄪𑄉𑄮𑄖𑄴 𑄛𑄘𑄬𑄟𑄴 𑄈𑄇𑄴𑄇𑄳𑄦𑄬
সে আমাকে চেপে ধরে পেতে ফেলল,𑄖𑄬 𑄟𑄧𑄢𑄳𑄦𑄬 𑄌𑄨𑄝𑄬𑄚𑄧𑄖𑄴 𑄛𑄘𑄬𑄠𑄳𑄦𑄬!
পাঠিয়ে দেয়া,𑄛𑄙𑄬𑄠𑄴 𑄘𑄬𑄚
তাকে একটু আমার কাছে পাঠিয়ে দাও তো,𑄖𑄢𑄳𑄦𑄬 𑄃𑄬𑄇𑄴𑄇 𑄟𑄧 𑄃𑄨𑄙𑄪 𑄘𑄨 𑄛𑄙 𑄘𑄬
"তাকে কয়েক টাকা পাঠানোর আছে, পাঠাবো পাঠাবো করে পাঠানো হয় না ","𑄖𑄧𑄢𑄳𑄦𑄬 𑄇𑄧𑄠𑄬𑄇𑄴 𑄖𑄬𑄋 𑄛𑄘𑄬𑄞𑄢𑄴 𑄃𑄊𑄬, 𑄛𑄙𑄬𑄟𑄴 𑄛𑄙𑄬𑄟𑄴 𑄉𑄧𑄢𑄳𑄦𑄨 𑄛𑄘𑄚𑄳𑄦 𑄚𑄧 𑄦𑄧𑄖𑄴𑄖𑄬𑅁"
".সে এতো কেন ভীরু? সে অনেক ভীরু, একটু শব্দ করতে পারেনা ভয়ে মানুষের মধ্যে ধুঁকে থাকে ","𑄃𑄳𑄦 𑄥𑄬𑄟𑄴𑄞 𑄇𑄨 𑄛𑄘𑄢 𑄖𑄬? 𑄥𑄨𑄝𑄳𑄦𑄬 𑄃𑄬𑄇𑄴𑄇 𑄛𑄘𑄢 𑄚𑄳𑄦𑄧𑄠𑄴, 𑄃𑄬𑄇𑄴𑄇 𑄈𑄧𑄎𑄧𑄇𑄴 𑄉𑄧𑄢𑄳𑄦𑄨 𑄚𑄧 𑄖𑄋𑄧𑄢𑄬, 𑄘𑄧𑄢𑄬 𑄟𑄚𑄴𑄏𑄮 𑄏𑄇𑄴 𑄌𑄨𑄢𑄨 𑄌𑄨𑄢𑄨 𑄥𑄮𑄟𑄬 𑄗𑄠𑄮𑄠𑄴𑄘𑄳𑄠𑄬𑅁"
বাঁকা করা,𑄛𑄘𑄢𑄳𑄦𑄨 𑄉𑄧𑄢𑄚𑄳𑄦
.সে কেন চোখ বাঁকা করে তাকিয়ে থাকে? সে ঘাড় বাঁকা করে তাকিয়ে থাকে,𑄃𑄠𑄳𑄦𑄬 𑄌𑄮𑄇𑄴𑄈𑄪𑄚𑄴 𑄛𑄘𑄢𑄳𑄦𑄨 𑄉𑄧𑄢𑄳𑄦𑄨 𑄌𑄳𑄦𑄬 𑄗𑄭𑄘𑄳𑄠𑄬 𑄖𑄬? 𑄇𑄚𑄴𑄎𑄝 𑄛𑄘𑄢𑄳𑄦𑄨 𑄉𑄧𑄢𑄳𑄦𑄨 𑄌𑄳𑄦𑄬 𑄗𑄭𑄘𑄬 𑄃𑄢𑄳𑄦𑄧 𑄖𑄬
মাথাটা একটু বাঁকা করো,𑄥𑄨𑄢𑄬𑄞𑄮 𑄛𑄘𑄢𑄳𑄦𑄨 𑄉𑄧𑄢𑄴 𑄃𑄬𑄇𑄴𑄇
দাঁতটা সোজা সোজা করে না উঠে  বাঁকা করে উঠতেছে,𑄘𑄖𑄴𑄗𑄮 𑄃𑄪𑄎𑄪 𑄃𑄪𑄎𑄪 𑄚𑄧 𑄃𑄪𑄘𑄨𑄚𑄳𑄦𑄬𑄠𑄴 𑄛𑄘𑄢𑄳𑄦𑄨 𑄉𑄧𑄢𑄳𑄦𑄨 𑄃𑄪𑄘𑄬𑄖𑄴𑄗𑄬𑅁
.আকাশ - পাতাল,𑄃𑄊𑄌𑄴 – 𑄛𑄘𑄣𑄴
আকাশ পাতাল বন্ধ করা,𑄃𑄉𑄏𑄬 𑄛𑄘𑄣𑄬 𑄝𑄧𑄚𑄴 𑄉𑄧𑄢𑄚𑄳𑄦𑅁
পাদ গন্ধের লতা থেকে শুধু পাদে'র গন্ধ বাইর হয়,𑄛𑄘𑄧 𑄝𑄌𑄴 𑄣𑄪𑄘𑄨𑄖𑄴𑄗𑄪𑄚𑄴 𑄝𑄚 𑄛𑄘𑄧 𑄝𑄌𑄴 𑄚𑄳𑄦𑄨𑄉𑄨𑄣𑄬𑄘𑄬𑅁
পাতলা - শক্ত,𑄛𑄘𑄧𑄣𑄴 – 𑄘𑄘𑄧
পাতলা হওয়া / পাওয়া,𑄛𑄘𑄧𑄣𑄴 𑄦𑄧𑄚/𑄛𑄚𑄳𑄦
পাতলা চামড়া মানুষ একটুও কষ্ট সহ্য হয় না,"𑄌𑄟𑄴 𑄛𑄘𑄧𑄣𑄴 𑄟𑄚𑄳𑄦𑄪𑄌𑄴, 𑄃𑄬𑄇𑄴𑄇𑄠𑄳𑄦𑄮 𑄉𑄭 𑄥𑄧𑄦𑄬 𑄚𑄧 𑄛𑄢𑄬 𑄘𑄪𑄇𑄴"
.শসাটা পাতলা পাতলা করে কাটতে হবে,𑄈𑄨𑄢𑄳𑄦𑄬𑄝𑄮 𑄛𑄘𑄧𑄣𑄴 𑄛𑄘𑄧𑄣𑄴 𑄉𑄧𑄢𑄳𑄦𑄨 𑄇𑄪𑄘 𑄛𑄧𑄢𑄨𑄝𑄮
জ্বরটা একটু হালকা হয়েছে,𑄎𑄧𑄢𑄳𑄦𑄚𑄴 𑄃𑄬𑄇𑄴𑄇 𑄛𑄘𑄧𑄣𑄴 𑄦𑄪𑄠𑄳𑄦𑄬
সে আগের চাইতে একটু ভালো আছে,𑄃𑄉𑄧𑄖𑄴𑄗𑄪𑄚𑄴 𑄃𑄬𑄇𑄴𑄇 𑄛𑄘𑄧𑄣𑄴 𑄛𑄨𑄠𑄳𑄦𑄬 𑄖𑄬
শরীর পাতলা মানুষ এক লফে অনেক দূর যায়,"𑄇𑄏𑄨 𑄛𑄘𑄧𑄣𑄴 𑄟𑄚𑄳𑄦𑄪𑄌𑄴, 𑄃𑄬𑄇𑄴 𑄜𑄣𑄧𑄖𑄴 𑄞𑄣𑄪𑄖𑄴𑄘𑄪𑄢𑄴 𑄣𑄳𑄦𑄪𑄋𑄬𑄉𑄮𑄠𑄴𑅁"
মাদুর,𑄛𑄘𑄨 𑄝𑄬𑄎𑄬𑄚𑄳𑄦𑄬𑄠𑄴 𑄝𑄧𑄏𑄧
"ভালো মানুষের সাথে গেলে একটা মাদুর পায়,আর খারাপ মানুষের সাথে গেলে লাথি পায়","𑄉𑄧𑄟𑄴 𑄟𑄚𑄴𑄏𑄮 𑄣𑄧𑄊𑄬 𑄎𑄬𑄣𑄳𑄦𑄬 𑄛𑄘𑄨 𑄃𑄨𑄇𑄴𑄊𑄮 𑄝𑄘 𑄛𑄳𑄦𑄠𑄴, 𑄞𑄚𑄴𑄐𑄬 𑄟𑄚𑄴𑄏𑄮 𑄣𑄧𑄊𑄬 𑄎𑄬𑄣𑄳𑄦𑄬 𑄣𑄙𑄨 𑄃𑄨𑄇𑄴𑄊𑄮 𑄝𑄘 𑄛𑄳𑄦𑄠𑄴𑅁"
পাওয়া - দেওয়া,𑄛𑄚 𑄘𑄬𑄚
পানে দেয়া,𑄛𑄚𑄧𑄖𑄴 𑄘𑄬𑄚
গরু পাওয়া আর দেওয়া,𑄉𑄧𑄢𑄪 𑄛𑄚 𑄘𑄬𑄚
কি পেয়েছ? সে নাকি একটা বৃত্তি পেয়েছে,𑄇𑄨 𑄛𑄨𑄠𑄳𑄦𑄮𑄌𑄴𑄌𑄬? 𑄖𑄬 𑄞𑄬𑄣𑄬 𑄃𑄨𑄇𑄴𑄊𑄮 𑄝𑄨𑄖𑄴𑄖𑄨 𑄛𑄨𑄠𑄳𑄦𑄬𑄘𑄬𑅁
পান  সুপারি,𑄛𑄚𑄴 𑄥𑄪𑄝𑄮𑄢𑄨
পানের খিলিক,𑄛𑄚𑄧 𑄈𑄨𑄣𑄨𑄇𑄴
পানের বোয়াম,𑄛𑄚𑄧 𑄉𑄪𑄣𑄳𑄦𑄪𑄇𑄴
"পানে আশীর্বাদ করলে শুধু দিয়ে থাকে, সেজন্য তার নাম হয়েছে পান আশীর্বাদ ","𑄛𑄚𑄬 𑄝𑄧𑄢𑄴 𑄘𑄨𑄣𑄳𑄦𑄬 𑄃𑄨𑄏𑄪 𑄘𑄬𑄘𑄬, 𑄥𑄬𑄚𑄬𑄖𑄴𑄖𑄬𑄠𑄴 𑄖 𑄚𑄁 𑄦𑄪𑄠𑄬𑄘𑄳𑄦𑄬 𑄛𑄚𑄴 𑄝𑄧𑄢𑄴!"
পানশে- লবনাক্ত,𑄛𑄚𑄴𑄏 – 𑄚𑄪𑄚𑄴𑄏𑄮
তরকারিটা পানশে হয়েছে,𑄖𑄮𑄚𑄳𑄦𑄚𑄴 𑄛𑄚𑄴𑄏 𑄦𑄪𑄠𑄳𑄦𑄬
"লবনে পানশে, মরিচে পানশে,কিভাবে খাবো এরকম করে,স্বাদ না মিললে","𑄚𑄪𑄚𑄬 𑄛𑄚𑄴𑄏, 𑄟𑄧𑄢𑄨𑄎𑄬 𑄛𑄚𑄴𑄏, 𑄇𑄬𑄚𑄳𑄦𑄬 𑄈𑄬𑄘𑄧 𑄃𑄳𑄦𑄬𑄚𑄴𑄘𑄮𑄇𑄴𑄇𑄬 𑄉𑄧𑄢𑄳𑄦𑄨, 𑄦𑄨𑄣𑄴 𑄚𑄧 𑄦𑄧𑄠𑄴 𑄉𑄧𑄢𑄳𑄦𑄨"
পানশে হলে লবন দিতে পারে তরকারিতে  কিন্তু লবন বেশি হলে সেটার আশা করোনা,"𑄛𑄚𑄴𑄏 𑄦𑄧𑄣𑄬 𑄚𑄪𑄚𑄴 𑄘𑄨 𑄛𑄢𑄬 𑄖𑄮𑄚𑄮𑄖𑄴, 𑄚𑄪𑄚𑄴𑄏𑄮 𑄦𑄧𑄣𑄬 𑄥𑄬 𑄃𑄏 𑄚𑄧 𑄉𑄧𑄢𑄳𑄦𑄨𑄌𑄴"
পানশে তরকারি খেতে খেতে এখন লবণ বেশি হলে খেতে পারি না,𑄛𑄚𑄴𑄏 𑄖𑄮𑄚𑄴 𑄈𑄘𑄬 𑄈𑄘𑄬 𑄃𑄨𑄇𑄴𑄈𑄬 𑄚𑄪𑄚𑄴𑄏𑄮 𑄈𑄬 𑄚𑄧 𑄛𑄢𑄧𑄁 𑄃𑄳𑄦𑄢𑄴𑅁
সে চোখগুলো ভেজা ভেজা করছে,𑄌𑄮𑄇𑄴𑄈𑄪𑄚𑄴 𑄛𑄚𑄴𑄐𑄳𑄦𑄬 𑄛𑄚𑄴𑄐𑄳𑄦𑄬 𑄉𑄧𑄣𑄴𑄣𑄳𑄦𑄧 𑄖𑄬𑅁
পান্যে ফলের গাছ,𑄛𑄚𑄴𑄐𑄳𑄦𑄬 𑄟𑄣 𑄉𑄌𑄴
পান আলু লতা,𑄛𑄚𑄴 𑄃𑄣𑄪 𑄣𑄪𑄘𑄨
পানি খাওয়া / দেওয়া / ফেলে দেয়া/ নিয়ে আসা/ তুলে আনা,𑄛𑄚𑄳𑄦𑄨 𑄈𑄚/ 𑄘𑄬𑄚/ 𑄦𑄨𑄎𑄚/ 𑄝𑄧𑄃𑄚𑄳𑄦/ 𑄖𑄪𑄣𑄚𑄳𑄦
পানিতে ডুবে যাওয়া,𑄛𑄚𑄨𑄠𑄳𑄦𑄬 𑄞𑄪𑄇𑄴 𑄣𑄧𑄚
খাওয়ার পানি -অতিরিক্ত পানি,"𑄈𑄬𑄝𑄢𑄴 𑄛𑄚𑄳𑄦𑄨, 𑄜𑄬𑄣𑄌𑄬𑄣 𑄛𑄚𑄳𑄦𑄨"
পানির স্রোতে ভেসে যাবে দেখিছ,"𑄛𑄚𑄳𑄦𑄨 𑄚𑄣𑄧𑄖𑄴 𑄞𑄎𑄨 𑄎𑄬𑄝𑄬𑄉𑄮𑄠𑄴, 𑄌𑄳𑄦𑄬𑄌𑄴"
.পানি আনতে আনতে কোমর বাঁকা হল,𑄛𑄚𑄳𑄦𑄨 𑄝𑄧𑄃𑄙𑄬 𑄝𑄧𑄃𑄙𑄬 𑄙𑄇𑄴 𑄝𑄬𑄋 𑄦𑄧𑄣𑄧
পানিতে ডুবে বাচ্চাটা মরে গেছে,𑄛𑄚𑄳𑄦𑄨𑄖𑄴 𑄘𑄪𑄝𑄨𑄚𑄬𑄠𑄴 𑄉𑄪𑄢𑄮𑄞𑄮 𑄃𑄬𑄇𑄴𑄈𑄬 𑄟𑄪𑄌𑄴𑄏𑄬
"পৃথিবীটা তিন ভাগ করে পানি, এক ভাগ মাটি ","𑄛𑄨𑄖𑄴𑄗𑄨𑄟𑄨𑄃𑄚𑄴 𑄖𑄨𑄚𑄴 𑄞𑄇𑄴 𑄉𑄧𑄢𑄳𑄦𑄨 𑄛𑄚𑄳𑄦𑄨, 𑄃𑄬𑄇𑄴 𑄞𑄇𑄴 𑄟𑄘𑄨𑅁"
প্রচুর পানি,𑄛𑄚𑄳𑄦𑄨𑄇𑄎𑄨 𑄃𑄭𑄥𑄭
পানির পিপাসা  পাওয়া,𑄛𑄚𑄳𑄦𑄨 𑄗𑄌𑄴 𑄉𑄧𑄢𑄚𑄳𑄦
আমার পানির পিপাসা পেয়েছে,𑄛𑄚𑄳𑄦𑄨 𑄗𑄌𑄴 𑄉𑄧𑄢𑄳𑄦𑄬𑄢𑄴 𑄟𑄧𑄖𑄴𑄗𑄪𑄚𑄴𑅁
১. পাপ- পূণ্য,𑄷. 𑄛𑄛𑄴 – 𑄛𑄪𑄚𑄴𑄐𑄮
পাপ করা,𑄛𑄛𑄴 𑄉𑄧𑄢𑄚𑄳𑄦
মিথ্যা কথা বললে অনেক পাপ হয়,𑄟𑄨𑄏𑄬 𑄇𑄧𑄙 𑄇𑄧𑄣𑄳𑄦𑄬 𑄃𑄧𑄟𑄧𑄉𑄧𑄘𑄧 𑄛𑄛𑄴 𑄦𑄧𑄠𑄴
"পাপকে লজ্জা পাবে, পাপকে ভয় পাবে","𑄛𑄝𑄧𑄢𑄳𑄦𑄬 𑄣𑄎𑄬𑄝, 𑄛𑄝𑄧𑄢𑄳𑄦𑄬 𑄘𑄧𑄢𑄬𑄝"
পাপ নাকি বাপকেও সারে না,𑄛𑄝𑄬 𑄞𑄬𑄣𑄬 𑄝𑄝𑄧𑄢𑄳𑄦𑄬 𑄚𑄧 𑄥𑄢𑄬
"এক পোয়া তেল,তিন পোয়া চাল","𑄃𑄬𑄇𑄴 𑄛𑄝 𑄖𑄬𑄣𑄴, 𑄖𑄨𑄚𑄴 𑄛𑄝 𑄌𑄮𑄣𑄴𑅁"
"মারমা পাড়া, বাঙাল পাড়া ","𑄟𑄧𑄇𑄴 𑄛𑄢, 𑄝𑄋𑄣𑄴 𑄛𑄢"
বাজারে যেতে একটা বাঙালী পাড়া দিয়ে যেতে হয়,𑄝𑄎𑄢𑄧𑄖𑄴 𑄎𑄘𑄬 𑄝𑄋𑄣𑄴 𑄛𑄢 𑄃𑄬𑄇𑄴𑄊𑄚𑄴 𑄜𑄢𑄨 𑄎 𑄛𑄧𑄢𑄬𑅁
১.পেয়ারাটা পেরে না-ও,𑄷. 𑄉𑄪𑄠𑄬𑄟𑄴𑄟𑄳𑄦𑄮 𑄛𑄢𑄴 𑄘𑄳𑄦𑄬
পেরে দাও,𑄛𑄢𑄨 𑄘𑄬𑄚
"বইটা একটু পেরে দাও, আমি নাগাল পাচ্ছি না","𑄝𑄳𑄦𑄮𑄠𑄴𑄝𑄮 𑄃𑄬𑄇𑄴𑄇 𑄛𑄢𑄨 𑄘𑄬 𑄚𑄳𑄦, 𑄣𑄊𑄧𑄖𑄴 𑄚𑄧 𑄛𑄋𑄳𑄦𑄧𑄖𑄴𑄖𑄬"
.চালতা গুলো কে পেরে দিবে? কাঁঠালটা পাড়তে গিয়ে বোলতার কাছ থেকে দৌড়ানি  খাইছি ,𑄃𑄪𑄣𑄪𑄃𑄳𑄦𑄪𑄚𑄴 𑄇𑄧𑄚𑄴𑄚𑄳𑄦 𑄛𑄢𑄨𑄝𑄮𑄉𑄮𑄠𑄴 𑄥𑄬? 𑄇𑄖𑄴𑄗𑄮𑄣𑄴𑄣𑄮 𑄛𑄢𑄨𑄝𑄖𑄴𑄖𑄬𑄠𑄴 𑄎𑄬𑄚𑄬𑄠𑄴 𑄈𑄬𑄣𑄪𑄁𑄉𑄬 𑄣𑄧𑄢 𑄝𑄧𑄣𑄳𑄦 𑄛𑄪𑄊𑄮𑄖𑄴𑄖𑄪𑄚𑄴
৩. ডিম পারা,𑄹. 𑄝𑄧𑄘 𑄛𑄢𑄚
কচ্ছপরা বালুচরে ডিম পারে,𑄘𑄪𑄢𑄴𑄃𑄪𑄚𑄳𑄦𑄬 𑄇𑄧𑄢𑄮𑄣𑄴𑄣𑄳𑄦𑄬 𑄌𑄧𑄢𑄧𑄖𑄴 𑄝𑄧𑄘 𑄛𑄢𑄧𑄚𑄴𑄚𑄬
মুরগীটি বাসায় ডিম পারে,𑄇𑄪𑄢𑄳𑄦𑄮𑄝𑄮 𑄃𑄧𑄙𑄧𑄇𑄴𑄇𑄮𑄖𑄴 𑄝𑄧𑄘 𑄛𑄢𑄬𑄘𑄬
তুমি কাজটা করতে পারবে নাকি পারবে না?  তার জন্য পারবেনা শুধু বিরক্ত করে,"𑄖𑄪𑄠𑄴 𑄇𑄟𑄳𑄦𑄚𑄴 𑄉𑄧𑄢𑄳𑄦𑄨 𑄛𑄢𑄨𑄝𑄬 𑄚𑄳𑄦𑄬 𑄚𑄧 𑄛𑄢𑄨𑄝𑄬? 𑄥𑄬 𑄃𑄨𑄝𑄬𑄣𑄳𑄦𑄮𑄠𑄴 𑄚𑄧 𑄛𑄢𑄨𑄝𑄮𑄘𑄬, 𑄝𑄚 𑄖𑄪𑄌𑄴𑄍𑄬 𑄣𑄉𑄭𑄘𑄳𑄠𑄬"
পড়া গুলো কে কে পারবে হাত উঠাও,"𑄻. 𑄛𑄧𑄢𑄳𑄦𑄃𑄚𑄨 𑄇𑄧𑄚𑄴𑄚𑄳𑄦 𑄇𑄧𑄚𑄴𑄚𑄳𑄦 𑄛𑄢𑄬, 𑄦𑄖𑄴 𑄖𑄪𑄣𑄳𑄦𑄮𑅁"
উবোগীতের একতা,𑄞𑄨𑄟𑄴 𑄛𑄢𑄣𑄴𑄣𑄬
এক এলাকার মানুষ,𑄃𑄘𑄟𑄴𑄟𑄬 𑄛𑄢𑄣𑄴𑄣𑄬
উবোগীতটা দেখলে  আমার বুক জ্বলে আর মন জ্বলে,"𑄞𑄨𑄟𑄴 𑄛𑄢𑄣𑄴𑄣𑄬 𑄝𑄮 𑄌𑄬𑄣𑄳𑄦𑄬, 𑄝𑄪𑄇𑄴 𑄎𑄧𑄣𑄬, 𑄟𑄧𑄢𑄴 𑄟𑄧𑄚𑄴 𑄎𑄧𑄣𑄬"
গ্রামের অঞ্চলের বুদ্ধি গাছের মাথায় থাকে,𑄃𑄘𑄟𑄴𑄟𑄬 𑄛𑄢𑄣𑄴𑄣𑄬 𑄝𑄪𑄖𑄴𑄙𑄨 𑄉𑄏𑄧 𑄟𑄙𑄖𑄴 𑄖𑄁
তুমি সে ধরনের কাজ করেছ শুনলে এলাকার মানুষ গুলো কি বলবে?,𑄖𑄪𑄠𑄴 𑄥𑄬𑄠𑄚𑄴𑄐𑄳𑄦𑄬 𑄇𑄟𑄴 𑄉𑄪𑄌𑄴𑄍𑄮𑄌𑄴 𑄥𑄪𑄚𑄨𑄣𑄬 𑄃𑄘𑄟𑄴𑄟𑄬 𑄛𑄢𑄣𑄴𑄣𑄬𑄃𑄪𑄚𑄳𑄦𑄬 𑄇𑄨 𑄇𑄧𑄞𑄇𑄴?
পাড় হওয়া,𑄛𑄢𑄴 𑄦𑄧𑄚
পাড়ে পৌঁছানো,𑄛𑄢𑄧𑄖𑄴 𑄙𑄪𑄎𑄚
"সিগারেট খেতে খেতে অভ্যাস হয়ে যায়, পরে  ছাড়তে চাইলে ও ছাড়তে পারা যায় না","𑄌𑄨𑄉𑄬𑄢𑄳𑄦𑄬𑄖𑄴𑄖𑄮 𑄈𑄘𑄬 𑄈𑄘𑄬 𑄛𑄢𑄴 𑄝𑄎𑄬𑄙𑄬, 𑄎𑄬𑄢𑄬𑄚𑄴𑄙𑄨 𑄃𑄨𑄢𑄨𑄝𑄢𑄴 𑄌𑄬𑄣𑄳𑄦𑄬𑄠𑄮 𑄃𑄨𑄢𑄨 𑄚𑄧 𑄛𑄢𑄬 𑄃𑄳𑄦𑄢𑄴𑅁"
বাচ্চাটা তার মতো হবে মনে হয়,"𑄖 𑄛𑄢𑄳𑄦 𑄦𑄧𑄝𑄧𑄘𑄬 𑄃𑄭, 𑄉𑄪𑄢𑄮𑄞𑄮"
".সে অনেক মোটা, আমার মতো দশটা হবে","𑄖𑄬 𑄎𑄬 𑄛𑄧𑄇𑄴𑄗, 𑄃𑄟𑄧𑄚𑄧 𑄛𑄢𑄳𑄦 𑄛𑄢𑄳𑄦 𑄘𑄧𑄌𑄴𑄍𑄮 𑄦𑄧𑄝𑄧"
আমি আগে কার মতো হবো?,𑄟𑄪𑄠𑄴 𑄥𑄬𑄇𑄴𑄇𑄳𑄦𑄬 𑄇 𑄛𑄢𑄳𑄦 𑄦𑄮𑄟𑄴 𑄥𑄬?
. আমি মনে করছি তোমরা ভাত খেয়ে এসেছ,𑄟𑄪𑄠𑄴 𑄙𑄧 𑄛𑄢𑄳𑄦 𑄛𑄨𑄠𑄳𑄦𑄮𑄁 𑄖𑄪𑄟𑄳𑄦𑄨 𑄞𑄖𑄴 𑄈𑄬𑄈𑄭 𑄃𑄨𑄌𑄴𑄍𑄮𑄘𑄬
"তুমি কি মনে করেছ?সে মনে করছে তাকে  ভুতে ভয় দেখিয়েছে, কিন্তু না","𑄖𑄪𑄠𑄴 𑄇𑄨 𑄛𑄢𑄳𑄦 𑄛𑄨𑄠𑄳𑄦𑄮𑄌𑄴? 𑄖𑄬 𑄛𑄢𑄳𑄦 𑄛𑄨𑄠𑄳𑄦𑄬 𑄖𑄢𑄳𑄦𑄬 𑄞𑄪𑄘𑄬 𑄘𑄧𑄣𑄴 𑄣𑄉𑄬𑄠𑄳𑄦𑄮𑄚𑄴, 𑄚𑄧𑄠𑄳𑄦𑄮𑅁"
.আমরা এক বছর পর্যন্ত হাতি পালন করে নিশ্চ হয়ে গেছি,𑄷. 𑄃𑄟𑄳𑄦𑄨 𑄃𑄬𑄇𑄴 𑄝𑄧𑄏𑄧𑄢𑄴 𑄥𑄧𑄁 𑄦𑄬𑄖𑄴 𑄛𑄣𑄬𑄚𑄬𑄠𑄴 𑄜𑄪𑄖𑄴𑄖𑄮 𑄦𑄪𑄠𑄬𑄠𑄴
"মুরগী, শুকর পালানো পাপ",𑄇𑄪𑄢𑄳𑄦𑄮 𑄥𑄪𑄉𑄮𑄢𑄴 𑄛𑄣𑄚 𑄛𑄛𑄴
.সে একটা ময়না পালন করে,𑄖𑄬 𑄃𑄨𑄇𑄴𑄊𑄮 𑄟𑄧𑄚 𑄛𑄣𑄖𑄴𑄖𑄬
.মা বাবা বৃদ্ধ হলে লালন পালন করতে হয়,𑄟 𑄝𑄝𑄧𑄢𑄳𑄦𑄬 𑄝𑄪𑄢𑄮 𑄦𑄧𑄣𑄬 𑄛𑄣 𑄛𑄧𑄢𑄬
২. শীল না পালালে নিচে পাড়ে যাবে,𑄸. 𑄥𑄨𑄣𑄴 𑄚𑄧 𑄛𑄣𑄬𑄣𑄬 𑄃𑄬𑄇𑄴𑄈𑄬 𑄖𑄧𑄣𑄬𑄙𑄨 𑄛𑄧𑄢𑄨𑄝𑄉𑄮𑄠𑄴
.শীল পালানোর পর সে তারাতাড়ি স্বাবলম্বী হয়েছে,𑄥𑄨𑄣𑄴 𑄛𑄣𑄬𑄚𑄬𑄠𑄴 𑄚𑄧𑄚𑄳𑄦𑄬 𑄖𑄬 𑄏𑄪𑄢𑄪𑄖𑄴 𑄏𑄪𑄢𑄪𑄖𑄴 𑄞𑄣𑄬𑄖𑄴 𑄦𑄧𑄣𑄧𑄘𑄬𑅁
আজকে আমাদের দায়িত্ব,𑄃𑄨𑄌𑄴𑄌𑄬 𑄃𑄟𑄳𑄦 𑄛𑄣𑄳𑄦
.এখন কার দায়িত্ব,𑄃𑄨𑄇𑄴𑄈𑄪 𑄇 𑄛𑄣𑄳𑄦?
"তোমরা আলাদা আলাদা করে রাতে পাহারা দিও,সে কিছুক্ষণ সে কিছুক্ষণ করে","𑄖𑄪𑄟𑄳𑄦𑄨 𑄛𑄣𑄳𑄦𑄛𑄭𑄣𑄴𑄣𑄳𑄦𑄬 𑄉𑄧𑄢𑄳𑄦𑄨 𑄢𑄬𑄘𑄮𑄖𑄴 𑄌𑄪𑄝𑄨 𑄗𑄬𑄝𑄘𑄬 𑄃𑄭, 𑄖𑄬 𑄈𑄇𑄴𑄇𑄧𑄚𑄴, 𑄖𑄬 𑄈𑄇𑄴𑄇𑄧𑄚𑄴 𑄉𑄧𑄢𑄳𑄦𑄨𑅁"
এক ঝাঁক বানর/ শুকর,𑄃𑄬𑄇𑄴 𑄛𑄣𑄴 𑄝𑄚𑄴𑄘𑄧𑄢𑄴/ 𑄥𑄪𑄉𑄮𑄢𑄴𑅁
.তাকে পালকিতে করে নিয়ে যাচ্ছে,𑄖𑄢𑄳𑄦𑄬 𑄛𑄣𑄴𑄉𑄨𑄖𑄴 𑄉𑄧𑄢𑄳𑄦𑄨 𑄚𑄬𑄎𑄘𑄧𑄚𑄴
সবাইকে এক পাল্লাই মাপা যায়না মানুষদের,𑄝𑄬𑄇𑄴𑄇𑄪𑄚𑄳𑄦𑄮𑄢𑄬 𑄃𑄬𑄇𑄴 𑄛𑄣𑄴𑄣𑄖𑄴 𑄟𑄝𑄨 𑄚𑄧 𑄛𑄢𑄬 𑄟𑄚𑄳𑄦𑄪𑄌𑄴𑄌𑄪𑄚𑄴𑅁
.তারা একটা পালিত ছেলে লালনপালন করছে,𑄖𑄢𑄳𑄦 𑄃𑄨𑄇𑄴𑄊𑄮 𑄛𑄣𑄧𑄇𑄴 𑄛𑄮 𑄛𑄣𑄘𑄧𑄚𑄴
পালিত ছেলে,𑄛𑄣𑄧𑄇𑄴 𑄛𑄮
পালিত নিয়ে আসা,𑄛𑄣𑄧𑄇𑄴 𑄃𑄚𑄚𑄳𑄦
.তারা তাকে ছোট বেলায় পালক নিয়ে আছে,𑄖𑄢𑄳𑄦 𑄖𑄢𑄳𑄦𑄬 𑄌𑄨𑄉𑄮𑄚𑄮 𑄃𑄧𑄇𑄴𑄗𑄧𑄖𑄴 𑄛𑄣𑄧𑄇𑄴 𑄃𑄚𑄴𑄐𑄳𑄦𑄮𑄚𑄴𑄘𑄬𑅁
.মন্ত্র,[𑄖𑄣𑄳𑄦𑄨𑄇𑄴]
আসক্ত  হওয়া,𑄛𑄣𑄧𑄁 𑄝𑄎𑄚𑄳𑄦
অভ্যাসে পরিনত হওয়া,𑄛𑄣𑄧𑄋𑄬 𑄙𑄧𑄢𑄚
ধুমপানের আসক্ত,𑄙𑄪𑄚𑄴𑄚𑄮 𑄛𑄣𑄧𑄁
. আমি কি আসক্ত হয়ে পরলাম নাকি? তাকে মদের আসক্ত যেভাবে ধরেছে সে আর ছাড়তে পারবেনা,"𑄟𑄧𑄢𑄳𑄦𑄬 𑄇𑄨 𑄛𑄣𑄧𑄋𑄬 𑄙𑄧𑄣𑄴𑄣𑄧 𑄚𑄇𑄨? 𑄖𑄢𑄳𑄦𑄬 𑄟𑄧𑄘𑄧 𑄛𑄣𑄧𑄋𑄬 𑄎𑄬𑄠𑄚𑄴𑄐𑄳𑄦𑄬 𑄉𑄧𑄢𑄳𑄦𑄨 𑄙𑄧𑄌𑄴𑄌𑄳𑄦𑄬 𑄘𑄧, 𑄃𑄨𑄢𑄨 𑄚𑄧 𑄛𑄢𑄨𑄝𑄮 𑄃𑄳𑄦𑄢𑄴𑅁"
পাম্পে ফুলানো,𑄛𑄃𑄮𑄟𑄳𑄦𑄮𑄖𑄴 𑄜𑄪𑄣𑄚
".চাকায় পাম্প নাই, পাম্প দিতে হবে","𑄌𑄇𑄴𑄇𑄞𑄮 𑄛𑄦𑄮𑄟𑄴 𑄚𑄬𑄠𑄴, 𑄛𑄦𑄮𑄟𑄴 𑄘𑄳𑄠𑄬 𑄛𑄧𑄢𑄨𑄝𑄮"
.বলে পাম্প না থাকলে ব্যাথা করে,𑄝𑄳𑄦𑄮𑄣𑄴𑄣𑄮 𑄛𑄦𑄮𑄟𑄴 𑄚𑄧 𑄗𑄬𑄣𑄬 𑄛𑄨𑄢𑄬 𑄉𑄧𑄢𑄳𑄦𑄬
. সেটা পাম্পে তারাতাড়ি ফুলে উঠে,𑄥𑄨𑄝𑄳𑄦𑄬 𑄈𑄇𑄴𑄈𑄬 𑄛𑄦𑄮𑄟𑄮𑄖𑄴 𑄜𑄪𑄣𑄬𑄘𑄬 𑄥𑄮
সে তাকে কি পাম্প দিয়ে আসল নাকি,𑄖𑄬 𑄥𑄨𑄝𑄬𑄢𑄳𑄦𑄬 𑄇𑄨 𑄛𑄦𑄮𑄟𑄴 𑄘𑄨 𑄘𑄭 𑄃𑄨𑄌𑄴𑄍𑄬𑄉𑄮𑄠𑄴 𑄇𑄨𑄎𑄬𑄚𑄨𑅁
. আমি আগে তার মতো ছিলাম,𑄷. 𑄟𑄪𑄠𑄴 𑄥𑄬𑄇𑄴𑄇𑄳𑄦𑄬 𑄖 𑄛𑄳𑄦 𑄦𑄮𑄟𑄴𑄟𑄬 𑄃𑄭
সে কার মতো হবে? ২.বসার জায়গা দাও,𑄇 𑄛𑄳𑄦 𑄦𑄧𑄝𑄧 𑄥𑄬 𑄖𑄬? 𑄸. 𑄛𑄳𑄦𑄖𑄴 𑄘𑄬𑄚
.ভাত বসিয়ে দিচ্ছ নাকি? আমি আগে তরকারিটা বসিয়ে দিয়ে আছি,𑄞𑄖𑄴 𑄛𑄳𑄦𑄖𑄴 𑄘𑄮𑄖𑄴𑄗𑄬 𑄚𑄇𑄨? 𑄟𑄪𑄠𑄴 𑄃𑄇𑄴𑄇𑄬 𑄖𑄮𑄚𑄳𑄦𑄚𑄴 𑄛𑄳𑄦𑄖𑄴 𑄘𑄨 𑄣𑄧𑄁
চুলা একটাও খালি নেই,𑄛𑄳𑄦 𑄃𑄨𑄇𑄴𑄊𑄮𑄠𑄮 𑄃𑄎𑄬𑄢𑄴 𑄚𑄬𑄠𑄴
.প্রথম হওয়া / থাকা / রয়েছে,𑄛𑄳𑄦𑄌𑄴 𑄦𑄧𑄚/ 𑄗𑄚/ 𑄢𑄧𑄚𑄳𑄦
". কে প্রথম হয়েছে? থাকছে? প্রথম,দ্বিতীয়, তৃতীয় হওয়া কঠিন এতজনের মধ্যে","𑄇𑄧𑄚𑄴𑄚𑄳𑄦 𑄛𑄳𑄦𑄌𑄴 𑄦𑄪𑄠𑄬? 𑄗𑄨𑄠𑄳𑄦𑄬? 𑄛𑄳𑄦𑄌𑄴, 𑄥𑄬𑄇𑄬𑄚𑄴, 𑄖𑄳𑄦𑄖𑄴 𑄦𑄧𑄚 𑄃𑄉𑄭𑄖𑄴𑄗𑄬 𑄃𑄳𑄦𑄬𑄘𑄧𑄇𑄴𑄎𑄧𑄚𑄧 𑄞𑄨𑄘𑄨𑄢𑄬"
.যেখানে সেখানে,𑄎𑄨𑄙𑄪 𑄛𑄳𑄦𑄠𑄴
যখন তখন,𑄎𑄬𑄇𑄴𑄈𑄬 𑄛𑄳𑄦𑄠𑄴
.যেথা পায় সেটা,𑄎𑄨𑄠𑄳𑄦𑄬𑄚𑄴 𑄛𑄳𑄦𑄠𑄴 𑄥𑄨𑄠𑄳𑄦𑄬𑄚𑄴𑅁
স্টাইল করা,𑄛𑄳𑄦𑄁 𑄟𑄢𑄚
. ফ্যানটা ঘুরতেছে,𑄷. 𑄛𑄁𑄈𑄃𑄚𑄴 𑄊𑄪𑄢𑄬𑄢𑄴
.কয়টা ফ্যান আছে?  কোথায় পড়ে যায় জানি না,𑄇𑄧𑄠𑄳𑄦𑄚𑄴 𑄛𑄁𑄈 𑄃𑄊𑄬? 𑄛𑄁𑄈 𑄝𑄢𑄨 𑄈𑄬𑄚𑄬𑄠𑄴 𑄇𑄪𑄙𑄪 𑄛𑄧𑄣𑄴𑄣𑄧𑄊𑄮𑄠𑄴 𑄇𑄨𑄎𑄬𑄚𑄨
.ফ্যানটা আর চলে না,𑄛𑄁𑄈𑄃𑄚𑄴 𑄚𑄧 𑄌𑄧𑄣𑄬 𑄃𑄳𑄦𑄢𑄴
২. সে তো কাজ কর্মে দক্ষ,𑄸. 𑄖𑄬 𑄙𑄧 𑄇𑄟𑄬 𑄇𑄧𑄌𑄴𑄎𑄬 𑄛𑄁𑄈
.মেয়েটা বুনা কাঁটায় দক্ষ,𑄟𑄨𑄣𑄬𑄞𑄮 𑄝𑄪𑄚𑄮 𑄇𑄘 𑄛𑄁𑄈
তার চুলের স্টাইলটা সুন্দর আছে,𑄖𑄧 𑄌𑄪𑄣𑄮 𑄛𑄳𑄦𑄁𑄃𑄚𑄴 𑄘𑄧 𑄘𑄮𑄣𑄴 𑄃𑄊𑄬
মোটা - চিকন,𑄛𑄧𑄇𑄴𑄗 – 𑄈𑄬𑄋𑄬𑄘
মোটু - মুটকি,𑄛𑄧𑄇𑄴𑄖𑄠𑄳𑄦𑄬 – 𑄛𑄧𑄇𑄴𑄗𑄨
.মোটা হওয়া,𑄛𑄧𑄇𑄴𑄗 𑄦𑄧𑄚
.ওই মোটু কোথায় যাচ্ছ? সে এত মোটা তাকে রিকশাওয়ালারা দেখলেও ভয় পাই,"𑄃𑄮𑄠𑄴 𑄛𑄧𑄇𑄴𑄖𑄠𑄳𑄦𑄬! 𑄇𑄪𑄙𑄪 𑄎𑄳𑄦𑄧𑄢𑄴? 𑄖𑄬 𑄎𑄬 𑄛𑄧𑄇𑄴𑄗 𑄘𑄧, 𑄖𑄢𑄳𑄦𑄬 𑄘𑄬𑄣𑄳𑄦𑄬 𑄢𑄨𑄇𑄴𑄥𑄬𑄃𑄱𑄣𑄃𑄪𑄚𑄳𑄦𑄬 𑄘𑄧𑄢𑄚𑄴 𑄎𑄚𑄬"
".সে কি খেয়ে মোটা হয়েছে? মোটা মোটা হাত,পা,গোল গোল গাল","𑄇𑄨 𑄈𑄬𑄚𑄬𑄠𑄴 𑄛𑄧𑄇𑄴𑄗 𑄦𑄧𑄣𑄧 𑄖𑄬? 𑄛𑄧𑄇𑄴𑄗 𑄛𑄧𑄇𑄴𑄗 𑄦𑄖𑄴 𑄗𑄬𑄁, 𑄟𑄧𑄎 𑄟𑄧𑄎 𑄉𑄣𑄴"
পঁচা হওয়া,𑄛𑄧𑄉𑄧𑄢 𑄦𑄧𑄚
সব আম পঁচা,𑄃𑄟𑄳𑄦𑄪𑄚𑄴 𑄝𑄬𑄇𑄴𑄈𑄪𑄚𑄴 𑄛𑄧𑄉𑄧𑄢
তাবিজ,[𑄖𑄣𑄳𑄦𑄨𑄇𑄴]
".পজ্জোন বলা,শুনানো,শুনা,বানানো","𑄛𑄧𑄌𑄴𑄍𑄧𑄚𑄴 𑄇𑄧𑄚𑄳𑄦, 𑄥𑄪𑄚𑄚, 𑄥𑄪𑄚𑄮𑄚, 𑄎𑄧𑄢𑄚"
".পজ্জোন শুনা লোকজন,হ্যা বলবেন,বুঝছেন?","𑄛𑄧𑄌𑄴𑄍𑄧𑄚𑄴 𑄥𑄪𑄚𑄨𑄠𑄬𑄣𑄧𑄇𑄴, 𑄃𑄨𑄀 𑄛𑄪𑄢𑄬𑄝, 𑄝𑄪𑄎𑄨𑄣𑄳𑄦?"
.পঁচার গন্ধ,𑄛𑄧𑄎 𑄝𑄌𑄴
.আবর্জনা,𑄛𑄧𑄎𑄣𑄧𑄎
মুখের গন্ধ,𑄟𑄪 𑄛𑄧𑄎𑄝𑄌𑄴
আমগুলো সব পঁচা,𑄃𑄟𑄳𑄦𑄪𑄚𑄴 𑄉𑄧𑄘 𑄛𑄧𑄎
.তার মুখ থেকে শুধু গন্ধ বের হয়,𑄖𑄖𑄴𑄗𑄪𑄚𑄴 𑄝𑄚 𑄟𑄪 𑄛𑄧𑄎𑄝𑄌𑄴 𑄚𑄳𑄦𑄨𑄉𑄨𑄣𑄬𑄘𑄬
.কোথায় থেকে গন্ধ আসতেছে?,𑄇𑄪𑄚𑄴𑄙𑄨𑄖𑄴𑄖𑄪𑄚𑄴 𑄛𑄧𑄎 𑄝𑄌𑄴 𑄃𑄬𑄏𑄬𑄢𑄴?
.এক.পঁচে যাওয়া,𑄷. 𑄛𑄧𑄎𑄨 𑄎𑄚
পঁচে ফেলা,𑄛𑄧𑄎𑄬 𑄜𑄬𑄣𑄚𑄳𑄦
.তার কানটি পঁচে যাচ্ছে মনে হয়,𑄖 𑄇𑄚𑄳𑄦𑄚𑄴 𑄛𑄧𑄎𑄬𑄖𑄴𑄖𑄬 𑄛𑄢𑄳𑄦𑄛𑄳𑄦𑄁
.কুকুরের মাথাটা পঁচে যাচ্ছে,𑄇𑄪𑄉𑄪𑄢𑄴𑄞𑄮 𑄥𑄨𑄢𑄬𑄞𑄮 𑄛𑄧𑄎𑄨 𑄎𑄣𑄴𑄣𑄮𑄠𑄴
.আলু গুলো পঁচে যেতে যেতে একটাও আর ভালো থাকবে না,𑄃𑄣𑄪𑄃𑄳𑄦𑄪𑄚𑄴 𑄛𑄧𑄎𑄨 𑄎𑄘𑄬 𑄎𑄘𑄬 𑄉𑄧𑄟𑄴 𑄚𑄧 𑄗𑄬𑄝𑄇𑄴 𑄃𑄳𑄦𑄢𑄴 𑄃𑄨𑄇𑄴𑄊𑄮𑄠𑄮
"তুমি তো নরকে গিয়ে পঁচে যাবে!সে মরাটা তো পঁচা পঁচা হয়েছে,পঁচার গন্ধ বের হচ্ছে","𑄚𑄧𑄢𑄧𑄉𑄧𑄖𑄴 𑄎𑄬𑄚𑄬𑄠𑄴 𑄛𑄧𑄎𑄨𑄝𑄬𑄉𑄮𑄠𑄴 𑄙𑄧 𑄖𑄪𑄠𑄴! 𑄥𑄬 𑄟𑄧𑄢𑄞𑄮 𑄉𑄧𑄘 𑄛𑄧𑄎𑄧𑄁 𑄛𑄧𑄎𑄧𑄁 𑄦𑄪𑄠𑄳𑄦𑄬, 𑄉𑄧𑄘 𑄛𑄧𑄎𑄝𑄌𑄴 𑄚𑄳𑄦𑄨𑄉𑄨𑄣𑄬𑄢𑄴"
.আমগুলো না খেলে তো সব পঁচে ফেলবে,𑄃𑄟𑄳𑄦𑄪𑄚𑄴 𑄚𑄧 𑄈𑄬𑄚𑄬𑄠𑄴 𑄘𑄧 𑄉𑄧𑄘 𑄛𑄧𑄎𑄬 𑄜𑄬𑄣𑄬𑄝𑄬 𑄌𑄋𑄳𑄦𑄧𑄖𑄴𑄖𑄬
সে আবর্জনাগুলো খাও কেন?,𑄥𑄬 𑄛𑄧𑄎𑄣𑄧𑄎𑄃𑄚𑄳𑄦𑄨 𑄈𑄌𑄴𑄌𑄮𑄠𑄴 𑄇𑄨𑄖𑄴𑄗𑄬𑄠𑄴?
কাপড়চোপড়,𑄛𑄧𑄏𑄞𑄨𑄢𑄬
.আমার কাপড়চোপড় সব ছড়িয়ে ছিটিয়ে আছে,𑄟𑄧 𑄛𑄧𑄏𑄃𑄚𑄨 𑄝𑄳𑄦𑄬𑄇𑄴 𑄦𑄨𑄣𑄬𑄝𑄘𑄢𑄳𑄦𑄬
"আমার সাথে অনেকগুলো কাপড়চোপড় আছে-কাপড়চোপড়,বই,আলমারি,রেক,তোশক একটা দুইটা না।","𑄞𑄣𑄧𑄇𑄴𑄇𑄚𑄳𑄦𑄨 𑄛𑄧𑄏 𑄃𑄊𑄬 𑄟𑄧 𑄣𑄧𑄊𑄬 – 𑄇𑄝𑄧𑄢𑄴 𑄌𑄪𑄝𑄮𑄢𑄴, 𑄝𑄳𑄦𑄮𑄠𑄴, 𑄃𑄣𑄴𑄟𑄢𑄨, 𑄗𑄇𑄴, 𑄖𑄧𑄏𑄧𑄇𑄴, 𑄃𑄬𑄇𑄴𑄊𑄚𑄴 𑄘𑄨𑄠𑄳𑄦𑄬𑄚𑄴 𑄚𑄳𑄦𑄧𑄠𑄴𑅁"
তার কেন এতগুলো কাপড়চোপড়?এতগুলো কাপড়চোপড় কোথায় রাখবে?,𑄃𑄳𑄦𑄬𑄇𑄴𑄇𑄚𑄨 𑄇𑄨 𑄛𑄧𑄏𑄞𑄨𑄢𑄬 𑄖𑄢𑄴? 𑄃𑄬 𑄛𑄧𑄏𑄞𑄨𑄢𑄬 𑄇𑄪𑄙𑄪 𑄥𑄪𑄟𑄪𑄢𑄨𑄝𑄮?
পশ্চিম দিকে,𑄛𑄧𑄏𑄨𑄟 𑄇𑄨𑄖𑄴𑄖𑄬
.তাকে আমি আধা পথে দেখছি,𑄖𑄢𑄳𑄦𑄬 𑄟𑄪𑄠𑄴 𑄃𑄙 𑄛𑄧𑄙𑄧𑄖𑄴 𑄣𑄊𑄧𑄖𑄴 𑄛𑄨𑄠𑄳𑄦𑄮𑄁𑄉𑄬
"সে কেন পাগলের মতো পথে পথে ঘুরতেছে?লম্বা পথ,যেতে যেতে শেষ নাই","𑄥𑄨𑄝𑄬 𑄇𑄨 𑄛𑄉𑄧𑄣𑄧 𑄙𑄮𑄇𑄴𑄇𑄬 𑄛𑄧𑄙𑄬 𑄛𑄧𑄙𑄬 𑄊𑄪𑄢𑄬𑄢𑄴? 𑄣𑄟𑄴𑄝 𑄌𑄪𑄉𑄪𑄢𑄮 𑄛𑄧𑄖𑄴, 𑄎𑄘𑄬 𑄎𑄘𑄬 𑄗𑄪𑄟𑄴 𑄚𑄬𑄠𑄴"
"বাঁকা পথ,সোজা পথ","𑄝𑄬𑄋 𑄛𑄧𑄖𑄴, 𑄃𑄪𑄎𑄪 𑄛𑄧𑄖𑄴"
"আঁকাবাকা পথ,ঝিরিঝিরি পথ","𑄝𑄬𑄋𑄇𑄧𑄋 𑄛𑄧𑄖𑄴, 𑄥𑄧𑄢𑄥𑄧𑄢𑄨 𑄛𑄧𑄖𑄴"
চাকমারা অতি চালাকে পথের পাশে পায়খানা করে,𑄃𑄙𑄨𑄇𑄴 𑄌𑄣𑄊𑄬 𑄛𑄧𑄙𑄧 𑄛𑄎𑄢𑄖𑄴 𑄦𑄉𑄨 𑄘𑄮𑄚𑄴𑄚𑄬 𑄌𑄁𑄟𑄳𑄦 𑄃𑄪𑄚𑄬
"পথ ভালো,বাঁকা যাও","𑄛𑄧𑄖𑄴 𑄞𑄣, 𑄝𑄬𑄋 𑄎"
পথ দেখানোর জন্য তো একজন লাগে,𑄛𑄧𑄖𑄴 𑄘𑄬𑄊𑄬𑄠𑄴 𑄘𑄨𑄠𑄬 𑄃𑄬𑄇𑄴𑄎𑄧𑄚𑄴 𑄣𑄉𑄬 𑄙𑄧
"দুই,অনেক ধরনের তরকারি",𑄸. 𑄞𑄣𑄧𑄇𑄴 𑄛𑄧𑄖𑄴 𑄖𑄮𑄚𑄴
কত তরকারি আছে  আজকে? শুধু এক তরকারি দিয়ে কীভাভে খাবে?,𑄇𑄧𑄠𑄴 𑄛𑄧𑄖𑄴 𑄃𑄊𑄬 𑄃𑄨𑄌𑄴𑄌𑄬? 𑄝𑄚 𑄃𑄬𑄇𑄴𑄛𑄧𑄖𑄴𑄖𑄳𑄠𑄬 𑄖𑄮𑄚𑄴𑄚𑄮𑄠𑄴 𑄇𑄬𑄚𑄳𑄦𑄬 𑄞𑄖𑄴 𑄈𑄬𑄘𑄧?
পথঘাট চিনে না তারপরও সে আন্দাজে বের হয়,𑄛𑄧𑄖𑄴𑄊𑄖𑄴 𑄥𑄪𑄛𑄴 𑄚𑄧 𑄛𑄨𑄠𑄳𑄦𑄬 𑄉𑄧𑄢𑄳𑄦𑄨 𑄃𑄚𑄴𑄘𑄎𑄬 𑄣𑄟𑄬𑄘𑄬 𑄖𑄬
আপনি কি পথঘাট চিনেন?,𑄖𑄪𑄠𑄴 𑄛𑄧𑄖𑄴𑄊𑄖𑄴𑄖𑄚𑄳𑄦𑄨 𑄥𑄪𑄛𑄴 𑄛𑄳𑄦𑄌𑄴 𑄝𑄧𑄏𑄧?
এখন সে মর্মাহত হয়েছে,𑄃𑄬𑄞𑄧 𑄖𑄳𑄦𑄬 𑄛𑄧𑄖𑄴𑄖𑄖𑄴𑄖𑄬 𑄖𑄬
সময় চলে যাওয়ার পর সে বিপর্যস্ত হয়েছে।,𑄥𑄧𑄟𑄧𑄠𑄴 𑄃𑄣𑄬 𑄎𑄬𑄣𑄬𑄊𑄮𑄠𑄴 𑄖𑄳𑄦𑄬 𑄛𑄧𑄖𑄴𑄖𑄬𑄝𑄧𑄘𑄬 𑄖𑄬𑅁
এক.প্রজাপতি টা উড়িতেছে,𑄷. 𑄛𑄧𑄖𑄴𑄖𑄛𑄧𑄖𑄴𑄖𑄨𑄞𑄮 𑄃𑄪𑄢𑄬𑄢𑄴
.দুই.দিন যাওয়ার পরেই সে বিপর্যস্ত হয়েছে,𑄸. 𑄘𑄨𑄚𑄴 𑄎𑄬 𑄎𑄭 𑄖𑄳𑄦𑄬 𑄖𑄢𑄴 𑄛𑄧𑄖𑄴𑄖𑄛𑄧𑄖𑄴𑄖𑄨
অমুকের ছেলে পরীক্ষায় প্রথম হয়েছে,𑄛𑄧𑄖𑄴𑄗𑄧𑄟𑄴 𑄦𑄪𑄠𑄬𑄘𑄳𑄦𑄬 𑄛𑄧𑄢𑄨𑄇𑄴𑄈𑄬𑄖𑄴 𑄜𑄧𑄣𑄧𑄚 𑄛𑄮𑄞𑄮
"স্বপ্নে না,বাস্তবে","𑄥𑄧𑄝𑄧𑄚𑄬 𑄚𑄳𑄦𑄧𑄠𑄴, 𑄛𑄧𑄖𑄴𑄖𑄧𑄟𑄳𑄦𑄬𑅁"
পদ্মফুল,𑄛𑄧𑄖𑄴𑄘𑄧𑄜𑄪𑄣𑄨
.পদুমা বাঁশকোড়ল,𑄛𑄧𑄘𑄧𑄚 𑄞𑄌𑄴𑄌𑄪𑄢𑄳𑄦𑄨
"পথ ছোট,লম্বা",𑄛𑄧𑄘𑄧𑄢𑄴 𑄝𑄙𑄨/ 𑄣𑄟𑄴𑄝
কুয়ার পানি এখনো ময়লা আছে কিছুক্ষণ থাকো একটু পরিষ্কার হোক,"𑄇𑄮𑄞𑄮 𑄛𑄚𑄳𑄦𑄨𑄃𑄚𑄴 𑄃𑄬𑄞𑄧 𑄇𑄪𑄣𑄪𑄇𑄴 𑄃𑄊𑄬, 𑄈𑄇𑄴𑄇𑄧𑄚𑄴 𑄗𑄇𑄴, 𑄃𑄬𑄇𑄴𑄇 𑄛𑄮𑄚𑄳𑄦𑄮𑄇𑄴"
পানিটা পরিষ্কার হয়েছে,𑄛𑄚𑄳𑄦𑄨𑄃𑄚𑄴 𑄛𑄮𑄚𑄳𑄦𑄬𑄠𑄬
তারা একরাত্রি শুধু কথা বলতেছে,𑄖𑄢𑄳𑄦 𑄢𑄬𑄖𑄴𑄗𑄮𑄝𑄮 𑄛𑄧𑄝𑄧𑄁 𑄛𑄧𑄝𑄧𑄁 𑄇𑄧𑄙 𑄇𑄧𑄘𑄧𑄚𑄴𑄚𑄳𑄦𑄬
দুজনে এত কিসের কথা বলতেছেন?এত কিসের কথা আপনাদের?একটু চুপ করে থাকেন না!,𑄇𑄨 𑄛𑄧𑄝𑄧𑄁 𑄛𑄧𑄝𑄧𑄁 𑄉𑄧𑄛𑄴 𑄟𑄢𑄳𑄦𑄧𑄢𑄴 𑄘𑄨𑄎𑄧𑄚𑄬? 𑄃𑄬𑄙𑄧𑄇𑄴 𑄇𑄨 𑄛𑄧𑄝𑄧𑄁 𑄛𑄧𑄝𑄧𑄁 𑄇𑄧𑄙 𑄖𑄧𑄟𑄳𑄦𑄢𑄴? 𑄎𑄪𑄢𑄮 𑄉𑄧𑄢𑄳𑄦𑄨 𑄗𑄉𑄧 𑄚𑄳𑄦!
"ঠকা খাওয়া, দেওয়া, পাওয়া","𑄛𑄧𑄢 𑄈𑄚, 𑄘𑄬𑄚, 𑄛𑄚𑄳𑄦"
কত ঠকা খেলাম আমি,𑄇𑄧𑄟𑄴𑄞 𑄛𑄧𑄢 𑄈𑄬𑄣𑄪𑄁 𑄟𑄪𑄠𑄴
স্পষ্ট স্পষ্ট - ঝাপসা ঝাপসা,𑄛𑄧𑄢𑄇𑄴 𑄛𑄧𑄢𑄇𑄴 – 𑄊𑄪𑄢𑄴 𑄊𑄪𑄢𑄴
"চশমা দেওয়ার পরেই অক্ষরগুলো স্পষ্ট করে দেখতে পারি,না হলে শুধু ঝাপসা দেখতে পাই।","𑄌𑄮𑄇𑄴𑄥𑄟 𑄘𑄨𑄣𑄳𑄦𑄬 𑄖𑄳𑄦𑄬 𑄛𑄧𑄢𑄇𑄴 𑄛𑄧𑄢𑄇𑄴 𑄉𑄧𑄢𑄳𑄦𑄨 𑄘𑄬𑄉𑄧𑄁𑄊𑄬 𑄃𑄮𑄇𑄴𑄈𑄮𑄢𑄪𑄚𑄴, 𑄚𑄧 𑄦𑄧𑄣𑄬 𑄝𑄚 𑄣𑄬𑄝𑄬𑄢𑄳𑄦 𑄏𑄬𑄝𑄬𑄢 𑄛𑄁𑄊𑄬𑅁"
এক.ঘুমিয়ে পড়া,𑄷. 𑄊𑄪𑄟𑄮𑄖𑄴 𑄛𑄧𑄢𑄚
.শুয়ে থাকা,𑄛𑄧𑄢𑄨 𑄗𑄚
শুয়ার ইচ্ছা,𑄛𑄧𑄢 𑄃𑄬𑄎𑄚𑄳𑄦
"ঘুম আসতেছে,কিছুক্ষণ একটু শুয়ে পড়ি","𑄊𑄪𑄟𑄴 𑄃𑄬𑄎𑄬𑄖𑄴𑄗𑄬, 𑄈𑄇𑄴𑄇𑄧𑄚𑄴 𑄃𑄬𑄇𑄴𑄇 𑄛𑄧𑄢𑄧𑄁"
শুয়ে শুয়ে পড়াশোনা কর,𑄛𑄪𑄌𑄴𑄎𑄬 𑄛𑄪𑄌𑄴𑄎𑄬 𑄣𑄬𑄊 𑄚𑄧 𑄛𑄧𑄢𑄳𑄦𑄨𑄌𑄴
আমার দুপুরে ভাত খাওয়ার পর শুয়ে থাকতে ইচ্ছে করে,𑄘𑄨𑄝𑄪𑄌𑄴𑄍𑄬 𑄞𑄖𑄴 𑄈𑄬𑄈𑄭 𑄃𑄬𑄇𑄴𑄇 𑄛𑄧𑄢 𑄃𑄬𑄏𑄬 𑄟𑄧𑄖𑄴𑄗𑄪𑄚𑄴
বাচ্চাটাকে শুয়ে দিন,𑄉𑄪𑄢𑄮𑄞𑄮𑄢𑄬 𑄛𑄧𑄢𑄉𑄮𑄠𑄴
বাচ্চটা তার পুতুলটাকে ভালো করে কাপড় দিয়ে শুয়ে দিল,𑄉𑄪𑄢𑄮𑄠𑄬 𑄖 𑄛𑄪𑄖𑄪𑄣𑄴𑄣𑄳𑄦𑄮𑄢𑄬 𑄘𑄮𑄣𑄬 𑄇𑄝𑄧𑄢𑄴 𑄃𑄮𑄢𑄳𑄦𑄬 𑄘𑄨𑄚𑄬𑄠𑄴 𑄛𑄮𑄢𑄬 𑄗𑄧𑄣𑄧
সে নাকি ৩ তলা থেকে ঝরে পড়লো,𑄖𑄬 𑄞𑄬𑄣𑄬 𑄖𑄨𑄚𑄴𑄖𑄣𑄖𑄴𑄗𑄪𑄚𑄴 𑄏𑄪𑄢𑄨 𑄛𑄧𑄣𑄴𑄣𑄧𑄙𑄬
বাড়িটা খালি করে আছে,𑄹. 𑄊𑄧𑄢𑄳𑄦𑄚𑄴 𑄃𑄬𑄚𑄳𑄦𑄝𑄘𑄬 𑄛𑄧𑄢𑄨 𑄃𑄉𑄬𑄙𑄬
গাড়িটা অনেক দিন হলো সেখানে আছে,𑄉𑄢𑄳𑄦𑄨𑄃𑄚𑄴 𑄞𑄣𑄧𑄇𑄴𑄘𑄨𑄚𑄴 𑄦𑄧𑄣𑄧 𑄛𑄧𑄢𑄨 𑄃𑄉𑄬𑄙𑄬
সে কাজটি এখনো তো পড়ে আছে,𑄺. 𑄥𑄬 𑄇𑄟𑄳𑄦𑄚𑄴 𑄙𑄧 𑄃𑄬𑄞𑄧 𑄥𑄬𑄚𑄳𑄦𑄝𑄘𑄬 𑄛𑄧𑄢𑄨 𑄃𑄊𑄬
আবার পিছনে পড়েছে সে,𑄃𑄢𑄳𑄦𑄧 𑄛𑄨𑄌𑄴𑄍𑄬 𑄛𑄪𑄌𑄴𑄏𑄬 𑄖𑄬
আজকে খুব গরম পড়েছে,𑄃𑄨𑄌𑄴𑄌𑄬 𑄃𑄧𑄟𑄧𑄉𑄧𑄘𑄧 𑄉𑄧𑄢𑄧𑄟𑄴 𑄛𑄪𑄌𑄴𑄏𑄬
আমার তাকে পছন্দ হয়েছে,𑄟𑄧𑄖𑄴𑄗𑄪𑄚𑄴 𑄙𑄧 𑄖𑄢𑄳𑄦𑄬 𑄟𑄧𑄚𑄧𑄖𑄴 𑄛𑄪𑄌𑄴𑄏𑄬 𑄥𑄮
পছন্দ হওয়ার মতো একটা কথা বলল সে,𑄟𑄧𑄚𑄧𑄖𑄴 𑄛𑄧𑄢𑄬 𑄛𑄳𑄦 𑄇𑄧𑄙 𑄇𑄧𑄣𑄳𑄦𑄧 𑄃𑄬𑄇𑄴𑄊𑄚𑄴 𑄖𑄬
আমার কাজটা করতে হবে,𑄻. 𑄟𑄧𑄖𑄴𑄗𑄪𑄚𑄴 𑄇𑄟𑄳𑄦𑄚𑄴 𑄉𑄧𑄢𑄳𑄦 𑄛𑄧𑄢𑄨𑄝𑄮
তোমাদের শীল পালন করতে হবে,𑄖𑄧𑄟𑄳𑄦𑄢𑄴 𑄥𑄨𑄣𑄴 𑄛𑄣 𑄛𑄧𑄢𑄨𑄝𑄮𑅁
পরান্নে পরানি,𑄛𑄧𑄢𑄚𑄴𑄐𑄬 – 𑄛𑄧𑄢𑄚𑄨
প্রাণর পরাণ,𑄛𑄧𑄢𑄚𑄬 𑄛𑄧𑄢𑄚𑄴
"গাছেরও নাকি প্রাণ আছে, তুমি কী জানো? আমার প্রাণটা আগে থেকে খবর দেয় এরকম হবে বলে","𑄉𑄏𑄧𑄖𑄴𑄖𑄪𑄚𑄮 𑄞𑄬𑄣𑄬 𑄛𑄧𑄢𑄚𑄴 𑄃𑄊𑄬, 𑄈𑄧𑄝𑄧𑄢𑄴 𑄛𑄳𑄦𑄌𑄴 𑄖𑄪𑄠? 𑄟𑄧 𑄛𑄧𑄢𑄚𑄬 𑄎𑄚𑄴𑄘 𑄘𑄳𑄠𑄳𑄦𑄬 𑄃𑄇𑄴𑄇𑄬 𑄙𑄧𑄢𑄨, 𑄃𑄳𑄦𑄬𑄠𑄚𑄴𑄐𑄬 𑄦𑄧𑄝𑄧𑄘𑄬 𑄞𑄨𑄣𑄨𑄚𑄬𑄠𑄴"
তারা দুইজনে প্রাণের প্রাণ বন্ধু,𑄖𑄢𑄳𑄦 𑄘𑄨𑄎𑄧𑄚𑄬 𑄛𑄧𑄢𑄚𑄬 𑄛𑄧𑄢𑄚𑄴 𑄥𑄧𑄟𑄌𑄴𑄎𑄬
আমি ক্ষুধার্ত প্রাণটা যাবে নাকি থাকবে হয়েছে আমার,"𑄛𑄬𑄖𑄴 𑄛𑄪𑄢𑄬𑄖𑄴𑄖𑄬, 𑄛𑄧𑄢𑄚𑄳𑄦𑄚𑄴 𑄎𑄬𑄝𑄧 𑄚𑄳𑄦 𑄗𑄬𑄝𑄧 𑄦𑄪𑄠𑄳𑄦𑄬 𑄟𑄧𑄢𑄴"
যাকে দ্বারা হবেনা তাকে ঘষে খাওয়ালেও হবেনা,"𑄎𑄨𑄞𑄬𑄢𑄳𑄦𑄬 𑄚𑄧 𑄦𑄧𑄝𑄧, 𑄥𑄨𑄝𑄬𑄢𑄳𑄦𑄬 𑄛𑄧𑄢𑄚𑄳𑄦𑄚𑄴 𑄊𑄧𑄎𑄨 𑄈𑄝𑄬𑄣𑄬𑄠𑄳𑄦𑄮 𑄚𑄧 𑄦𑄧𑄝𑄧"
"প্রাণটা করে টিক টিক, মন বসতেছে না","𑄛𑄧𑄢𑄚𑄴 𑄉𑄧𑄢𑄳𑄦𑄬𑄢𑄴 𑄞𑄨𑄢𑄪𑄁 𑄞𑄨𑄢𑄪𑄁, 𑄌𑄨𑄖𑄴 𑄚𑄧 𑄎𑄪𑄢𑄮𑄠𑄴 𑄛𑄧𑄢𑄚𑄧𑄖𑄴"
"আজকে কেন আমার মনটা টুপুর টুপুর করতেছে,বলতে তো পারি না,এখন তো আমি ছোট না বড় হয়েছি বুঝতে পারি","𑄃𑄨𑄌𑄴𑄌𑄬 𑄇𑄨𑄠 𑄟𑄧 𑄛𑄧𑄢𑄚𑄳𑄦𑄚𑄴 𑄞𑄨𑄢𑄪𑄁 𑄞𑄨𑄢𑄪𑄁 𑄉𑄧𑄢𑄳𑄦𑄬𑄢𑄴, 𑄇𑄮𑄠𑄴 𑄙𑄧 𑄚𑄧 𑄛𑄢𑄧𑄁, 𑄃𑄨𑄇𑄴𑄈𑄬 𑄘𑄧 𑄟𑄪𑄠𑄴 𑄌𑄨𑄉𑄮𑄚𑄴 𑄚𑄳𑄦𑄧𑄠𑄴, 𑄘𑄋𑄳𑄦𑄧𑄢𑄴 𑄦𑄪𑄠𑄮𑄁, 𑄝𑄪𑄏𑄨 𑄛𑄢𑄧𑄁𑅁"
পৃথিবীর সব প্রাণী সুখী হোক,𑄛𑄨𑄖𑄴𑄗𑄨𑄟𑄨𑄢𑄴 𑄝𑄬𑄇𑄴 𑄛𑄧𑄢𑄚𑄴𑄝𑄧𑄣𑄃𑄪𑄚𑄳𑄦𑄬 𑄥𑄪𑄊𑄨 𑄦𑄮𑄘𑄮𑄇𑄴
তার জীবনে কি আবার মোবাইল?  দৌড় দেয়া মানুষের জীবনে কিসের মরিচ ভাতা?,𑄖 𑄛𑄧𑄢𑄚𑄬 𑄇𑄨 𑄃𑄢𑄳𑄦𑄧 𑄟𑄮𑄞𑄭𑄣𑄴? 𑄙𑄝 𑄟𑄚𑄴𑄏𑄮 𑄛𑄧𑄢𑄚𑄬 𑄇𑄨 𑄟𑄧𑄢𑄨𑄌𑄴𑄝𑄖𑄴𑄖𑄳𑄠𑄬?
"পাখি উড়ে মেঘে মেঘে, মেঘলা আকাশের নিচে, আমার মন চলে যায় তাদের সাথে সাথে ","𑄃𑄪𑄖𑄴𑄖𑄮𑄚𑄴 𑄛𑄬𑄊𑄬 𑄟𑄬𑄊𑄬 𑄟𑄬𑄊𑄬, 𑄟𑄬𑄉𑄪𑄣𑄳𑄦𑄮 𑄘𑄬𑄝𑄖𑄴 𑄖𑄧𑄣𑄬, 𑄟𑄧 𑄛𑄧𑄢𑄚𑄳𑄦𑄚𑄴 𑄎𑄬𑄘𑄧 𑄟𑄊𑄬 𑄖𑄢𑄳𑄦 𑄣𑄧𑄊𑄬 𑄣𑄧𑄊𑄬"
ইচ্ছা করতেছে তোমার হাতির দই,𑄛𑄧𑄢𑄚𑄬 𑄟𑄉𑄬𑄖𑄴𑄗𑄬 𑄖𑄧𑄢𑄴 𑄦𑄬𑄘𑄮 𑄘𑄮𑄠𑄴𑅁
পড়ুয়া,𑄛𑄧𑄢𑄨𑄠𑄳𑄦𑄬
কী পড়তেছো তুমি? সে নাকি সংবাদপত্র পড়তেছে,𑄇𑄨 𑄛𑄧𑄢𑄳𑄦𑄧𑄖𑄴𑄖𑄬 𑄖𑄪𑄠𑄴? 𑄖𑄬 𑄞𑄬𑄣𑄬 𑄛𑄬𑄞𑄢𑄴 𑄛𑄧𑄢𑄬𑄖𑄴𑄗𑄬
"পড়ুার সময়ে পড়া, খেলার সময় খেলা ","𑄛𑄧𑄢𑄨𑄞𑄢𑄴 𑄃𑄧𑄇𑄴𑄗𑄧𑄖𑄴 𑄛𑄧𑄢𑄚𑄳𑄦, 𑄈𑄢 𑄦𑄧𑄝𑄢𑄴 𑄃𑄧𑄇𑄴𑄗𑄧𑄖𑄴 𑄈𑄢 𑄦𑄧𑄚"
পড়তে পড়তে কখন ঘুুমিয়েছি জানিনা,𑄛𑄧𑄖𑄴𑄗𑄬 𑄛𑄧𑄖𑄴𑄗𑄬 𑄇𑄧𑄇𑄴𑄈𑄬 𑄊𑄪𑄟𑄴 𑄎𑄨𑄠𑄳𑄦𑄮𑄁 𑄇𑄨𑄎𑄬𑄚𑄨
এখানে কী পড়ুয়া ছেলে নেই নাকি? সে প্রাইভেট পড়িয়ে চলে,𑄃𑄨𑄙𑄪 𑄇𑄨 𑄛𑄧𑄢𑄨𑄠𑄳𑄦𑄬 𑄛𑄮 𑄚𑄬𑄠𑄴 𑄚𑄳𑄦𑄇𑄨? 𑄖𑄬 𑄛𑄳𑄢𑄠𑄴𑄞𑄬𑄖𑄴 𑄛𑄮𑄢𑄳𑄦𑄬 𑄛𑄮𑄢𑄳𑄦𑄬 𑄌𑄧𑄣𑄬𑄘𑄬𑅁
পড়া ধরলে পারেনা সে,𑄛𑄧𑄢𑄳𑄦 𑄙𑄧𑄣𑄴𑄣𑄬 𑄚𑄧 𑄛𑄢𑄬 𑄖𑄬
কী পড়া আছে আগামীকাল? সে তো পড়া পারে,𑄇𑄨 𑄛𑄧𑄢𑄳𑄦 𑄃𑄊𑄬 𑄇𑄨𑄣𑄴𑄣𑄬? 𑄖𑄬 𑄃𑄳𑄦𑄬𑄚𑄬 𑄛𑄧𑄢𑄳𑄦 𑄛𑄢𑄬𑄉𑄮𑄠𑄴 𑄥𑄮
পড়া ধরলে চুপচাপ থাকে সবাই,𑄛𑄧𑄢𑄳𑄦 𑄙𑄧𑄣𑄴𑄣𑄬 𑄎𑄪𑄢𑄮 𑄗𑄚𑄴𑄚𑄬 𑄝𑄬𑄇𑄴𑄇𑄪𑄚𑄳𑄦𑄬𑅁
"সে তো আমাদের নয়, সে তো অন্যের","𑄖𑄬 𑄙𑄧 𑄃𑄟𑄳𑄦𑄢𑄴 𑄚𑄳𑄦𑄧𑄠𑄴, 𑄖𑄬 𑄛𑄧𑄢𑄨𑄠𑄮𑄢𑄴"
অন্যের কথা না বলে নিজের কথা বলা,𑄛𑄧𑄢𑄨𑄠𑄮 𑄇𑄧𑄙 𑄚𑄧 𑄇𑄮𑄚𑄳𑄦𑄬𑄠𑄴 𑄚𑄨𑄎𑄮 𑄇𑄧𑄙 𑄇𑄧𑄚𑄳𑄦
সে শুধু অন্যেকে ভালো করাচ্ছে আর কি,𑄥𑄨𑄝𑄳𑄦𑄬 𑄃𑄳𑄦𑄬 𑄛𑄧𑄢𑄨𑄠𑄮𑄢𑄳𑄦𑄬 𑄞𑄣𑄬𑄖𑄴 𑄉𑄧𑄢𑄬𑄖𑄴𑄗𑄬 𑄃𑄭
নিজের মাংস না দিলে অন্যের মাংস পাওয়া যায় না,𑄚𑄨𑄎𑄮 𑄦𑄬𑄢 𑄚𑄧 𑄘𑄨𑄣𑄳𑄦𑄬 𑄛𑄧𑄢𑄧 𑄦𑄬𑄢 𑄚𑄧 𑄛𑄳𑄦𑄠𑄴𑅂
ব্যভিচার,𑄛𑄧𑄢𑄴 𑄛𑄉𑄧𑄣𑄴𑄣𑄳𑄠𑄬
ব্যভিচার করা,𑄛𑄧𑄢𑄴 𑄛𑄉𑄧𑄣𑄴 𑄦𑄧𑄚
ব্যভিচার করলে সংসার পথে নেমে যায়,𑄛𑄧𑄢𑄴 𑄛𑄉𑄧𑄣𑄴 𑄦𑄧𑄣𑄬 𑄥𑄧𑄁𑄥𑄢𑄴 𑄃𑄬𑄇𑄴𑄈𑄬 𑄛𑄧𑄘𑄧𑄖𑄴 𑄎𑄠𑄮𑄠𑄴𑅁
যুবক আর বিবাহিত পুরুষদের মধ্যে বল খেলা  চলবে,𑄉𑄝𑄪𑄌𑄴𑄌𑄬𑄣𑄳𑄦𑄮𑄠𑄴 𑄛𑄧𑄢𑄴𑄝𑄛𑄴𑄛𑄪𑄚𑄳𑄦𑄮𑄢𑄴 𑄝𑄳𑄦𑄮𑄣𑄴 𑄈𑄢 𑄌𑄧𑄣𑄨𑄝𑄮𑅁
"পড়ুয়া পন্ডিত যে দেশে, জন্ম নিব সে দেশে","𑄛𑄧𑄢𑄴𑄞𑄱 𑄛𑄧𑄚𑄴𑄘𑄨𑄖𑄴 𑄎𑄬 𑄘𑄬𑄏𑄧𑄖𑄴, 𑄎𑄧𑄚𑄧𑄟𑄴 𑄣𑄪𑄘𑄪𑄁𑄊𑄮𑄠𑄴 𑄥𑄬 𑄘𑄬𑄏𑄧𑄖𑄴𑅁"
শরনার্থী,𑄝𑄧𑄢𑄴 𑄛𑄧𑄢𑄧𑄁
"একেবারে যাওয়া , করা","𑄛𑄧𑄢𑄧𑄁 𑄦𑄧𑄚, 𑄉𑄧𑄢𑄚𑄳𑄦"
কবে তোমরা নতুন বাড়িতে একেবারে যাবে? একেবারে যেতে যেতে লাগবে সপ্তাহখানিক,𑄇𑄧𑄟𑄧𑄣𑄬 𑄛𑄧𑄢𑄧𑄁 𑄦𑄧𑄝𑄉𑄮𑄠𑄴 𑄖𑄪𑄟𑄳𑄦𑄨 𑄚𑄪𑄃𑄮 𑄊𑄧𑄢𑄧𑄖𑄴? 𑄛𑄧𑄢𑄧𑄁 𑄦𑄧𑄘𑄬 𑄦𑄧𑄘𑄬 𑄣𑄉𑄨𑄝𑄮 𑄥𑄛𑄴𑄖𑄟𑄪𑄣𑄮
সে ব্যাগসহ আমাদের এখানে একেবারে এসেছে,𑄖𑄬 𑄞𑄪𑄘𑄨𑄝𑄧𑄇𑄴𑄌 𑄥𑄪𑄟𑄪𑄖𑄴𑄖𑄮 𑄃𑄟𑄳𑄦 𑄃𑄨𑄙𑄪 𑄛𑄧𑄢𑄧𑄁 𑄦𑄪𑄠𑄳𑄦𑄬𑄉𑄨
বিড়ালটি তার বাচ্চাগুলোকে কিছুক্ষণ এখানে আর কিছুক্ষণ এখানে নিয়ে যায়,𑄝𑄬𑄣𑄬𑄠𑄴𑄞𑄮 𑄖 𑄥𑄧𑄃𑄳𑄦𑄪𑄚𑄴 𑄈𑄇𑄴𑄇𑄬 𑄃𑄨𑄠𑄳𑄦𑄮𑄖𑄴 𑄈𑄇𑄴𑄇𑄳𑄦𑄬 𑄃𑄳𑄦𑄪𑄝𑄮𑄖𑄴 𑄛𑄧𑄢𑄧𑄁 𑄉𑄧𑄢𑄠𑄳𑄦𑄮𑄠𑄴
পরী মেয়ে,𑄛𑄧𑄢𑄨 𑄟𑄨𑄣𑄬
পরী চুগ,𑄛𑄧𑄢𑄨 𑄌𑄪𑄇𑄴
পরীর মতো সুন্দর মেয়ে,𑄛𑄧𑄢𑄨 𑄙𑄮𑄇𑄴𑄇𑄳𑄠𑄬 𑄘𑄮𑄣𑄴 𑄟𑄨𑄣𑄬
"পরীর মতো সুুন্দর চেহারা তোমার, ফুলের মতো তোমার হাসি","𑄛𑄧𑄢𑄨 𑄙𑄮𑄇𑄴𑄇𑄬 𑄌𑄬𑄉𑄢𑄳𑄦𑄚𑄴 𑄖𑄧𑄢𑄴, 𑄜𑄪𑄣𑄮 𑄥𑄚𑄴 𑄖𑄧𑄢𑄴 𑄦𑄎𑄨𑅁"
"পড়ার জন্য একটা কক্ষ লাগে তো, ",𑄛𑄧𑄢𑄨𑄞𑄢𑄴 𑄉𑄪𑄙𑄨 𑄃𑄨𑄇𑄴𑄊𑄮 𑄣𑄉𑄬 𑄙𑄧𑅁
কয় বার আসা যাওয়া করলে তুমি? হাজার বার নানারকমভাবে বললেও শুনবেনা সে,𑄷. 𑄇𑄧𑄠𑄴 𑄛𑄧𑄣𑄴𑄣 𑄃𑄪𑄎𑄮𑄚𑄳𑄦𑄨 𑄣𑄟𑄧𑄚𑄨 𑄉𑄧𑄣𑄴𑄣𑄳𑄦𑄬 𑄖𑄪𑄠𑄴? 𑄦𑄎𑄢𑄴 𑄝𑄝𑄧𑄘𑄬 𑄦𑄎𑄢𑄴 𑄛𑄧𑄣𑄴𑄣 𑄇𑄧𑄣𑄳𑄦𑄬𑄠𑄮 𑄚𑄧 𑄥𑄪𑄚𑄨𑄝𑄮 𑄖𑄬
"আমি প্রথমবারে খাইনি, শেষে খাবো আর কী","𑄃𑄟𑄳𑄦𑄨 𑄛𑄭𑄪𑄣𑄴𑄣𑄳𑄦𑄬 𑄛𑄧𑄣𑄴𑄣𑄖𑄴 𑄚𑄳𑄦𑄧 𑄈𑄬𑄠𑄴, 𑄎𑄬𑄢𑄬 𑄛𑄧𑄣𑄴𑄣𑄖𑄴 𑄈𑄬𑄝𑄧𑄁𑄉𑄬 𑄃𑄭"
বড় জন,𑄸. 𑄝𑄧𑄢𑄴 𑄛𑄧𑄣𑄴𑄣
"বাচ্চার মতো, ছোট জন","𑄉𑄪𑄢𑄮 𑄛𑄧𑄣𑄴𑄣, 𑄌𑄨𑄉𑄮𑄚𑄴 𑄛𑄧𑄣𑄴𑄣"
"তারা বয়সে  ছোট হলেও বড় জনে পড়েছে, তাই তাদেরকে আমাদের দাদু নানু ডাকতে হয়","𑄖𑄢𑄳𑄦 𑄝𑄧𑄠𑄧𑄏𑄬 𑄌𑄨𑄉𑄮𑄚𑄴 𑄦𑄧𑄣𑄬𑄠𑄳𑄦𑄮 𑄝𑄧𑄢𑄴 𑄛𑄧𑄣𑄴𑄣𑄖𑄴 𑄛𑄪𑄌𑄴𑄏𑄮𑄚𑄴, 𑄥𑄬𑄚𑄬𑄖𑄴𑄖𑄭 𑄖𑄢𑄳𑄦𑄢𑄬 𑄃𑄟𑄳𑄦𑄢𑄴 𑄃𑄎𑄪 𑄚𑄚𑄪 𑄘𑄉 𑄛𑄧𑄢𑄬"
প্রজন্ম থেকে প্রজন্মে জ্ঞানী গুনী মানুষ না থাকলে সে জাতি ঠিকে থাকেনা,𑄛𑄧𑄣𑄴𑄣𑄖𑄴 𑄛𑄧𑄣𑄴𑄣𑄖𑄴 𑄉𑄳𑄠𑄚𑄨 𑄉𑄪𑄚𑄨 𑄟𑄚𑄬𑄠𑄴 𑄚𑄧 𑄦𑄧𑄣𑄬 𑄥𑄬 𑄎𑄖𑄴 𑄖𑄨𑄉𑄨 𑄚𑄧 𑄗𑄭𑅁
"প্রথম দাঁতটা উঠতেছে, একেবারে ব্যথা হয়েছে","𑄛𑄧𑄣𑄴𑄣 𑄘𑄖𑄴𑄗𑄮 𑄃𑄪𑄘𑄬𑄖𑄴𑄗𑄬, 𑄃𑄬𑄇𑄴𑄈𑄬 𑄛𑄨𑄢𑄬 𑄦𑄪𑄠𑄳𑄦𑄬𑅁"
লুকিয়ে থাকা,𑄛𑄮𑄣𑄴𑄣𑄬 𑄗𑄚
তাদেরএখন লুকিয়ে লুকিয়ে  থাকতে হয়,𑄖𑄢𑄳𑄦 𑄃𑄨𑄇𑄴𑄈𑄬 𑄛𑄮𑄣𑄴𑄣𑄬 𑄛𑄮𑄣𑄴𑄣𑄬 𑄗𑄬 𑄛𑄳𑄦𑄚𑄴
কোন কোন ফাঁকা স্থানে লুকিয়ে আছে কে জানে,𑄇𑄧𑄚𑄴 𑄇𑄮𑄚 𑄥𑄬𑄢𑄬 𑄛𑄰𑄱𑄣𑄴𑄣𑄬 𑄃𑄊𑄬 𑄇𑄨𑄎𑄬𑄚𑄨
আর্মির ভয়ে তারা জঙ্গলের ভিতরে লুকিয়ে থাকল,𑄃𑄢𑄴𑄟𑄳𑄦𑄨 𑄘𑄧𑄢𑄬 𑄖𑄢𑄳𑄦 𑄏𑄢𑄧 𑄥𑄬𑄢𑄬 𑄛𑄮𑄣𑄴𑄣𑄬 𑄗𑄬𑄣𑄇𑄴𑅁
লুুকিলুকি খেলা,𑄛𑄧𑄣𑄴𑄣𑄛𑄧𑄣𑄴𑄣𑄨 𑄈𑄢
লুকিয়ে থাকা মেঘের মধ্যে একটা সুন্দর গ্রাম,𑄛𑄧𑄣𑄴𑄣𑄛𑄧𑄣𑄴𑄣𑄨 𑄟𑄬𑄊𑄧 𑄥𑄬𑄢𑄬 𑄃𑄬𑄇𑄴𑄊𑄚𑄴 𑄘𑄮𑄣𑄴 𑄃𑄘𑄟𑄴𑅁
মুই এক শ্রেণির শিকারী,𑄟𑄪𑄠𑄴 𑄃𑄬𑄇𑄴 𑄥𑄨𑄚𑄬𑄣𑄨𑄢𑄴 𑄛𑄧𑄣𑄴𑄣𑄳𑄦𑄚𑄴
শিকারী,𑄛𑄧𑄣𑄴𑄣𑄳𑄦𑄚𑄴𑄉𑄨𑄢𑄨
"শিকারী হরিণ মারে, ঘুদুম করে শেষ","𑄛𑄧𑄣𑄴𑄣𑄚𑄳𑄦𑄬 𑄦𑄪𑄢𑄨𑄁 𑄟𑄢𑄬𑄘𑄬, 𑄊𑄪𑄘𑄪𑄟𑄴 𑄌𑄧𑄖𑄴𑄖𑄬 𑄥𑄬𑄌𑄴𑅁"
দুধের পাত,𑄘𑄪𑄙𑄮 𑄛𑄳𑄦𑄧𑄖𑄴
চাল এক পত হলো ২৫০ গ্রামের সমান,𑄌𑄮𑄣𑄴 𑄃𑄬𑄇𑄴 𑄛𑄳𑄦𑄧𑄖𑄴 𑄦𑄧𑄣𑄧𑄘𑄬 𑄃𑄬𑄇𑄴 𑄛𑄝 𑄥𑄧𑄁 𑄥𑄧𑄁
চার পত চাল দিয়ে চার জন মানুষ খেতে পারে,𑄖𑄨𑄚𑄴 𑄛𑄳𑄦𑄧𑄖𑄴 𑄌𑄮𑄣𑄬 𑄌𑄬𑄢𑄴 𑄎𑄧𑄚𑄴 𑄟𑄚𑄴𑄏𑄳𑄠𑄬 𑄈𑄬 𑄛𑄢𑄧𑄚𑄴𑅁
পরিষ্কার চোখ,𑄛𑄳𑄦𑄧𑄚𑄴 𑄌𑄮𑄊𑄨
"তোমার পরিষ্কার চোখগুলো! পানিটা একেবারে পরিষ্কার, দশ হাত পানির তলায়ও ভালোভাবে দেখা যায়","𑄖𑄧𑄢𑄴 𑄛𑄳𑄦𑄧𑄚𑄴 𑄛𑄳𑄦𑄧𑄚𑄴 𑄌𑄮𑄇𑄴𑄈𑄪𑄚𑄴! 𑄛𑄚𑄳𑄦𑄨𑄃𑄚𑄴 𑄃𑄬𑄇𑄴𑄈𑄬 𑄛𑄳𑄦𑄧𑄚𑄴, 𑄘𑄧𑄌𑄴 𑄦𑄖𑄴 𑄛𑄚𑄳𑄦𑄨 𑄟𑄪𑄢𑄮𑄖𑄴 𑄃𑄳𑄦𑄮 𑄛𑄧𑄢𑄇𑄴 𑄛𑄧𑄢𑄇𑄴 𑄉𑄧𑄢𑄳𑄦𑄨 𑄌𑄨𑄚𑄴 𑄛𑄳𑄦𑄠𑄴"
বকা খেয়ে সে পরিষ্কার চোখের পানি ফেলল সে,𑄃𑄧𑄇𑄧𑄙 𑄈𑄬𑄚𑄬𑄠𑄴 𑄖𑄬 𑄛𑄳𑄦𑄧𑄚𑄴 𑄌𑄮𑄊𑄮 𑄛𑄚𑄳𑄦𑄨 𑄜𑄬𑄣𑄬𑄣𑄧𑄘𑄳𑄦𑄬
সাদা দেহের রং তার,𑄛𑄳𑄦𑄧𑄚𑄴 𑄇𑄨𑄠𑄬 𑄢𑄧𑄁 𑄖𑄢𑄴𑅁
দিন- রাত,𑄛𑄳𑄦𑄧𑄢𑄴 – 𑄃𑄚𑄴𑄙𑄢𑄴
"আলো হওয়া , ফুটানো, থাকা, করা","𑄛𑄳𑄦𑄧𑄢𑄴 𑄦𑄧𑄚, 𑄜𑄪𑄘𑄮𑄚, 𑄗𑄚, 𑄉𑄧𑄢𑄚𑄳𑄦"
সকালে আলো হয়েছে,𑄝𑄨𑄚𑄴𑄐𑄳𑄦𑄬 𑄛𑄳𑄦𑄧𑄢𑄴 𑄦𑄪𑄠𑄳𑄦𑄬
আলো করে সেটা কী জ্বলতেছে? চেরাগের ঘরটা দেখলে মাছগুলো শুধু আসে,𑄛𑄳𑄦𑄧𑄢𑄴 𑄉𑄧𑄢𑄳𑄦𑄨 𑄥𑄨𑄝𑄳𑄦𑄬 𑄇𑄨 𑄎𑄧𑄣𑄬𑄢𑄴? 𑄌𑄬𑄢𑄉𑄧 𑄛𑄳𑄦𑄧𑄢𑄚𑄴 𑄘𑄨𑄉𑄨𑄣𑄳𑄦𑄬 𑄟𑄌𑄴𑄌𑄪𑄚𑄳𑄦𑄬 𑄃𑄬𑄉𑄧𑄎 𑄃𑄬𑄎𑄧𑄚𑄴𑄚𑄳𑄦𑄬
বাতিটা দিয়ে গোটা ‍দুনিয়াটা আলো করে দেখা যায়,𑄝𑄖𑄴𑄖𑄨𑄝𑄮𑄣𑄳𑄦𑄮𑄠𑄴 𑄘𑄪𑄚𑄨𑄠𑄬𑄃𑄳𑄦𑄚𑄴 𑄛𑄳𑄦𑄧𑄢𑄴 𑄉𑄧𑄢𑄳𑄦𑄨 𑄘𑄬𑄊𑄬
"তাড়াতাড়ি যাও ,দিন থাকতে যাতে পৌঁছে যাও","𑄏𑄘𑄨 𑄎, 𑄛𑄳𑄦𑄧𑄢𑄳𑄦𑄬 𑄛𑄳𑄦𑄧𑄢𑄳𑄦𑄬 𑄣𑄳𑄦𑄪𑄋𑄮𑄌𑄴𑄌𑄮𑄠𑄴 𑄛𑄢𑄳𑄦"
দিন থাকতে কাজগুলো সেরে নাও,𑄛𑄳𑄦𑄧𑄢𑄴 𑄗𑄉𑄧𑄖𑄴𑄖𑄬 𑄇𑄟𑄚𑄳𑄦𑄨 𑄥𑄢𑄨 𑄣𑄧
পাহাড়ে পাহাড়ে ছড়িয়ে যাক তোমার গানের গুনগান,𑄟𑄮𑄚𑄬 𑄟𑄮𑄚𑄬 𑄥𑄨𑄘𑄨 𑄎𑄮𑄇𑄴 𑄖𑄧𑄢𑄴 𑄉𑄳𑄠𑄚𑄧 𑄛𑄳𑄦𑄧𑄢𑄴𑅁
পানি পান করছে সে,𑄛𑄚𑄳𑄦𑄨 𑄛𑄨 𑄈𑄢𑄴 𑄖𑄬
ঝোলটা কে খাবে,𑄏𑄪𑄣𑄳𑄦𑄚𑄴 𑄇𑄧𑄚𑄴𑄚𑄳𑄦 𑄛𑄨 𑄈𑄬𑄝𑄧?
তাবিজ,[𑄖𑄣𑄳𑄦𑄨𑄇𑄴]
পিঁপড়ার বাসা,𑄛𑄨𑄉𑄨𑄢𑄳𑄦𑄬 𑄝𑄳𑄦
পিঁপড়ার মতো কর্মঠ,𑄛𑄨𑄉𑄨𑄢𑄳𑄦𑄬 𑄙𑄮𑄇𑄴𑄇𑄳𑄠𑄬 𑄇𑄟𑄴𑄟𑄮
পিঁপড়ার কামড় খেয়ে একেবারে জ্বর উঠেছে আমার,𑄛𑄨𑄉𑄨𑄢𑄳𑄦𑄬 𑄇𑄟𑄧𑄢𑄴 𑄈𑄬𑄚𑄬𑄠𑄴 𑄎𑄚𑄬 𑄎𑄧𑄢𑄴 𑄃𑄭𑄪𑄖𑄴𑄗𑄬 𑄟𑄧𑄢𑄴𑅁
এল আর জি গুুলো শুধু চুলকায়,𑄛𑄨𑄉𑄨𑄢𑄳𑄦𑄬 𑄘𑄟𑄳𑄦𑄪𑄚𑄴 𑄝𑄚 𑄈𑄌𑄴𑄌𑄮𑄚𑄴𑄘𑄬
আমার কথা শুনে সে মুখে ভ্যাংসি দিল,𑄟𑄧 𑄇𑄧𑄙𑄃𑄚𑄴 𑄥𑄪𑄚𑄨𑄚𑄬𑄠𑄴 𑄖𑄬 𑄌𑄬𑄢𑄳𑄦𑄬𑄖𑄴 𑄟𑄪 𑄛𑄨𑄌𑄴𑄌𑄬𑄣𑄧𑄘𑄬𑅁
কাজটা অনেকদূর পিছনে থাকবে মনে হয়,𑄇𑄟𑄳𑄦𑄚𑄴 𑄞𑄣𑄪𑄖𑄴𑄘𑄪𑄢𑄴 𑄛𑄨𑄌𑄴𑄌𑄬𑄞𑄧 𑄛𑄢𑄳𑄦𑄛𑄁
"আমরা আর পিছনে থাকবো না, শুধু সামনে এগিয়ে যাবো","𑄃𑄟𑄳𑄦𑄨 𑄃𑄢𑄴 𑄚𑄧 𑄛𑄨𑄌𑄴𑄌𑄬𑄞𑄧𑄁 𑄃𑄢𑄴, 𑄃𑄬𑄉𑄧𑄎 𑄃𑄪𑄎𑄬𑄝𑄧𑄁𑄉𑄬 𑄃𑄨𑄇𑄴𑄈𑄪𑅁"
হঠাৎ করে পানি উড়ে আসল তার মুখে,𑄛𑄨𑄌𑄴𑄍𑄨𑄖𑄴 𑄉𑄧𑄢𑄳𑄦𑄨 𑄛𑄚𑄳𑄦𑄨 𑄃𑄪𑄢𑄨 𑄛𑄧𑄣𑄴𑄣𑄳𑄦𑄧𑄉𑄨 𑄖 𑄟𑄪𑄃𑄳𑄦𑄮𑄖𑄴
কুনোব্যাঙটা হঠাৎ করে মুতে দিল,𑄈𑄧𑄌𑄴𑄌𑄮 𑄝𑄬𑄁𑄋𑄳𑄦𑄮 𑄛𑄨𑄌𑄴𑄍𑄨𑄖𑄴 𑄉𑄧𑄧𑄢𑄳𑄦𑄨 𑄟𑄪𑄘𑄨 𑄘𑄨𑄣𑄳𑄦𑄮
সে হঠাৎ করে থু থু দিল,𑄖𑄬 𑄛𑄨𑄌𑄴𑄍𑄨𑄖𑄴 𑄉𑄧𑄢𑄳𑄦𑄨 𑄥𑄬𑄛𑄴 𑄜𑄬𑄣𑄬𑄣𑄳𑄦𑄧𑅁
পেছনে -সামনে,𑄛𑄨𑄌𑄴𑄍𑄬 – 𑄟𑄪𑄎𑄪𑄋𑄳𑄦𑄬
তোমার পেছনে সেটা কে? ব্যাগটা পেছনের পিটে দাও,𑄖𑄧 𑄛𑄨𑄌𑄴𑄍𑄬𑄘𑄨 𑄥𑄨𑄝𑄳𑄦𑄬 𑄇𑄧𑄚𑄴𑄚𑄳𑄦? 𑄝𑄬𑄇𑄴𑄈𑄮 𑄛𑄨𑄌𑄴𑄌𑄬𑄚𑄴𑄘𑄨 𑄝𑄪𑄉𑄨 𑄣𑄧
সে সবসময় আমার পেছনে পেছনে থাকে,𑄖𑄬 𑄣𑄘𑄉𑄧𑄖𑄴 𑄟𑄧 𑄛𑄨𑄌𑄴𑄍𑄬 𑄛𑄨𑄌𑄴𑄍𑄬 𑄗𑄭
আসার সময় পেছনে সামনে ভালোভাবে দেখে এসো,𑄃𑄬𑄖𑄴𑄗𑄬 𑄥𑄧𑄣𑄖𑄴 𑄛𑄨𑄌𑄴𑄍𑄬 𑄟𑄪𑄎𑄪𑄋𑄳𑄦𑄬 𑄘𑄮𑄣𑄬 𑄌𑄳𑄦𑄬 𑄌𑄳𑄦𑄬 𑄃𑄳𑄦𑄬𑄌𑄴
তারা অনেক পিছনে পড়ে রয়েছে,𑄖𑄢𑄳𑄦 𑄝𑄪𑄦𑄪𑄖𑄴 𑄛𑄨𑄌𑄴𑄍𑄬 𑄛𑄧𑄌𑄴𑄎𑄬 𑄃𑄊𑄧𑄚𑄴𑅁
"পেছনেরটা সামনে হোক, সামনেরটা পেছনে হোক","𑄃𑄇𑄴𑄇𑄧𑄣𑄴𑄣𑄳𑄦𑄮 𑄛𑄨𑄌𑄴𑄍𑄮𑄢𑄴 𑄦𑄮𑄇𑄴, 𑄛𑄨𑄌𑄴𑄍𑄮𑄢𑄴𑄝𑄮 𑄃𑄇𑄴𑄇𑄧𑄣𑄴 𑄦𑄮𑄇𑄴"
"আমি ভয় পাই, পেছনে হতে পারবো না, পেছনেরটা সামনে হোক","𑄟𑄪𑄠𑄴 𑄘𑄧𑄢𑄁, 𑄛𑄨𑄌𑄴𑄍𑄮𑄢𑄴 𑄦𑄮 𑄚𑄧 𑄛𑄢𑄨𑄟𑄴, 𑄟𑄭𑄪𑄖𑄴𑄙𑄬 𑄗𑄬𑄟𑄴𑄟𑄬𑅁"
সব পরিষ্কার করে খাও থালার ভাতগুলো,𑄛𑄨𑄌𑄴𑄍𑄮𑄣𑄴 𑄉𑄧𑄢𑄳𑄦𑄨 𑄈 𑄛𑄮𑄠𑄮 𑄞𑄖𑄴𑄖𑄪𑄚𑄴
খাওয়া দাওয়ার পর পরিষ্কার করল সে,𑄈𑄬 𑄈𑄭 𑄛𑄨𑄌𑄴𑄍𑄮𑄣𑄴 𑄉𑄧𑄢𑄳𑄦𑄨 𑄇𑄎𑄬𑄣𑄧 𑄖𑄬
জঙ্গলটা পরিষ্কার করল তারা,𑄏𑄢𑄳𑄦𑄚𑄴 𑄥𑄪𑄣𑄨𑄚𑄬𑄠𑄴 𑄃𑄬𑄇𑄴𑄈𑄬 𑄛𑄨𑄌𑄴𑄍𑄮𑄣𑄴 𑄉𑄧𑄣𑄴𑄣𑄳𑄦𑄇𑄴 𑄖𑄢𑄳𑄦𑅁
শক্ত করে বাঁধা,𑄛𑄨𑄎𑄨 𑄛𑄨𑄎𑄨 𑄝𑄚𑄚𑄳𑄦
দাদু- দাদুর বাপ,𑄃𑄎𑄪 – 𑄛𑄨𑄎𑄪
দাদুু পিতামহদের আমলে মুরগি ছাগল পালন করতো,𑄃𑄎𑄪 𑄛𑄨𑄎𑄪 𑄃𑄟𑄧𑄣𑄧𑄖𑄴 𑄇𑄪𑄢𑄳𑄦𑄮 𑄥𑄉𑄧𑄣𑄴 𑄛𑄣𑄬𑄘𑄇𑄴𑅁
সে খুব কৃপণ,𑄖𑄬 𑄃𑄧𑄟𑄧𑄉𑄧𑄘𑄧 𑄛𑄨𑄎𑄪𑄟𑄴𑄟𑄳𑄦𑄬
কৃপণের ভালো হয়না,𑄛𑄨𑄎𑄪𑄟𑄴𑄟𑄳𑄦𑄬𑄢𑄴 𑄞𑄣𑄬𑄖𑄴 𑄚𑄬𑄠𑄴
কৃৃপণের মতো কথা,𑄛𑄨𑄎𑄪𑄟𑄴𑄟𑄳𑄦𑄬 𑄇𑄧𑄙
ফুফু- ফুফা,𑄛𑄨𑄎𑄬𑄋𑄳𑄦 – 𑄛𑄨𑄖𑄴𑄖𑄬𑄣𑄳𑄦
ফুুফাতো ভাই,𑄛𑄨𑄎𑄬𑄋𑄳𑄦 𑄛𑄪𑄖𑄴 𑄞𑄬𑄠𑄴
ফুফুাতো বোন,𑄛𑄨𑄎𑄬𑄋𑄳𑄦 𑄏𑄨 𑄞𑄮𑄚𑄴
তোমার মা রান্না ঘরে ভাত রান্না করতেছে,𑄖𑄧𑄟𑄴𑄟 𑄛𑄨𑄎𑄮𑄢𑄧𑄖𑄴 𑄞𑄢𑄚𑄳𑄦𑄬𑄢𑄴
তাদের রান্না ঘরটা বড়,𑄖𑄢𑄳𑄦 𑄛𑄨𑄎𑄮𑄢𑄳𑄦𑄚𑄴 𑄈𑄬𑄣𑄁 𑄈𑄬𑄣𑄳𑄦𑄁
মেয়ে হলে একটু হলেও রান্না ঘরে ঢুকতে হয়,𑄟𑄨𑄣𑄬 𑄦𑄧𑄣𑄬 𑄃𑄬𑄇𑄴𑄇 𑄦𑄧𑄣𑄬 𑄛𑄨𑄎𑄮𑄢𑄧𑄖𑄴 𑄥𑄧𑄟 𑄛𑄧𑄢𑄬𑅁
পিসে- পিসি,𑄛𑄨𑄏 – 𑄛𑄬𑄏𑄬𑄠𑄴
"কৃপণ উঠা, তুলা, করা","𑄛𑄨𑄏𑄪𑄟𑄴 𑄃𑄪𑄘𑄚𑄳𑄦, 𑄖𑄪𑄣𑄚𑄳𑄦, 𑄉𑄧𑄢𑄚𑄳𑄦"
জিজ্ঞাসা করা,𑄛𑄨𑄏𑄮𑄢𑄴 𑄉𑄧𑄢𑄚𑄳𑄦
সে কি জিজ্ঞাসা করেছে তোমাকে?জিজ্ঞাসা করলে সাথে সাথে উত্তর দিবে! জিজ্ঞাসা করতে করতে তারপর খুঁজে পেয়েছি তাদের বাড়িটা,𑄖𑄬 𑄇𑄨 𑄛𑄨𑄏𑄮𑄢𑄴 𑄉𑄪𑄌𑄴𑄬𑄘𑄬 𑄖𑄧𑄢𑄳𑄦𑄬? 𑄛𑄨𑄏𑄮𑄢𑄴 𑄉𑄧𑄣𑄴𑄣𑄳𑄦𑄬 𑄣𑄧𑄉𑄬 𑄣𑄧𑄉𑄬 𑄃𑄪𑄖𑄴𑄖𑄮𑄢𑄴 𑄘𑄨𑄞𑄬 𑄙𑄧! 𑄛𑄨𑄏𑄮𑄢𑄴 𑄉𑄧𑄖𑄴𑄗𑄬 𑄉𑄧𑄖𑄴𑄗𑄬 𑄖𑄳𑄦𑄬 𑄥𑄪𑄛𑄴 𑄛𑄨𑄠𑄳𑄦𑄮𑄁𑄉𑄮𑄠𑄴𑄘𑄬 𑄖𑄢𑄳𑄦 𑄊𑄧𑄢𑄳𑄦𑄚𑄴𑅁
জিজ্ঞাসা করা,𑄛𑄨𑄏𑄮𑄢𑄴 𑄘𑄢𑄴 𑄉𑄧𑄢𑄚𑄳𑄦
আমরা খবর না পেলে অন্যের থেকে জিজ্ঞাসা করতে হবে তো,𑄃𑄟𑄧𑄚𑄬 𑄈𑄧𑄝𑄧𑄢𑄴 𑄚𑄧 𑄛𑄬𑄣𑄳𑄦𑄬 𑄟𑄚𑄴𑄏𑄮𑄖𑄴𑄖𑄪𑄚𑄴 𑄛𑄨𑄏𑄮𑄢𑄴𑄙𑄢𑄴 𑄉𑄧𑄢𑄳𑄦 𑄛𑄧𑄢𑄬 𑄙𑄧
পিঠ- বুক,𑄛𑄨𑄖𑄴 – 𑄝𑄪𑄇𑄴
তোমাকে আমি পিঠের চামড়া তুলে দিব,𑄖𑄧𑄢𑄳𑄦𑄬 𑄟𑄪𑄠𑄴 𑄛𑄨𑄙𑄨 𑄌𑄟𑄴 𑄖𑄪𑄣𑄳𑄦𑄨 𑄘𑄨𑄟𑄴 𑄙𑄧
তার পিঠে বরত,𑄖𑄢𑄴 𑄛𑄨𑄖𑄴 𑄌𑄧𑄊 𑄝𑄧𑄢𑄧𑄖𑄴
সে হাতির পিঠে চড়তে পেরে খুব খুশি,𑄖𑄬 𑄦𑄬𑄘𑄮 𑄛𑄨𑄙𑄨𑄖𑄴 𑄌𑄧𑄢𑄨𑄚𑄳𑄦𑄬𑄠𑄴 𑄇𑄨 𑄈𑄪𑄎𑄨!
পিসে- শশুর,𑄛𑄨𑄖𑄴𑄖𑄬𑄣𑄳𑄦 𑄥𑄮𑄦𑄮𑄢𑄴𑅁
"পৃথিবীর সবুজ বুকে রয়েছে এই জায়গা, দেখতে সুন্দর লাগে দেশ, হিল চাদিগাং! এই পৃথিবী  এইটা কারোর না, যেতে হবে সবার সময় আসলে, পৃথিবীতে কাউকে ধরে রাখতে পারেনা","𑄛𑄨𑄖𑄴𑄗𑄨𑄟𑄨𑄢𑄴 𑄦𑄬𑄣𑄴 𑄝𑄪𑄉𑄮𑄖𑄴 𑄢𑄪𑄠𑄳𑄦𑄬 𑄛𑄧𑄢𑄨 𑄃𑄬 𑄎𑄉𑄚𑄴, 𑄌𑄙𑄬 𑄣𑄉𑄬 𑄘𑄮𑄣𑄴 𑄘𑄬𑄌𑄴, 𑄦𑄨𑄣𑄴 𑄌𑄘𑄨𑄉𑄁! 𑄃𑄬𑄠𑄴 𑄛𑄨𑄖𑄴𑄖𑄨𑄟𑄳𑄦𑄨, 𑄇𑄨𑄠𑄳𑄦𑄮𑄠𑄴 𑄇𑄢𑄳𑄦𑄧𑄢𑄴 𑄚𑄧𑄠𑄴, 𑄎 𑄛𑄧𑄢𑄨𑄝𑄮 
𑄝𑄬𑄇𑄴𑄇𑄪𑄚𑄳𑄦𑄮𑄖𑄴𑄖𑄪𑄚𑄴 𑄃𑄬𑄣𑄳𑄦𑄬 𑄥𑄧𑄟𑄧𑄠𑄴, 𑄛𑄨𑄖𑄴𑄖𑄨𑄟𑄳𑄦𑄨𑄖𑄴 𑄇𑄢𑄧𑄢𑄳𑄦𑄬 𑄙𑄧𑄢𑄨 𑄢𑄊𑄬𑄠𑄴 𑄚𑄧 𑄛𑄢𑄬"
"তুমি কী পৃথিবীটাকে ঘিলের মতো দেখো নাকি? পৃথিবীতে যত সুখ, যত ভালোবাসা, সব আমি তোমাকে দিতে চাই, একটাই আশা, তুমি আমাকে ভুলে যেওনা, আমি ভালোবাসি তোমাকে","𑄖𑄪𑄠𑄴 𑄇𑄨 𑄛𑄨𑄖𑄴𑄗𑄨𑄟𑄨𑄃𑄚𑄴 𑄊𑄨𑄣𑄬 𑄛𑄢𑄳𑄦 𑄘𑄬𑄊𑄧𑄢𑄴 𑄚𑄇𑄨? 𑄛𑄨𑄖𑄴𑄗𑄨𑄟𑄨𑄢𑄴 𑄎𑄬𑄙𑄧𑄇𑄴 𑄥𑄪𑄇𑄴, 𑄎𑄬𑄙𑄧𑄇𑄴 𑄇𑄮𑄌𑄴𑄛𑄚𑄳𑄦, 𑄝𑄳𑄦𑄬𑄇𑄴 𑄟𑄪𑄠𑄴 𑄖𑄧𑄢𑄳𑄦𑄬 𑄘𑄨𑄝𑄢𑄴 𑄌𑄳𑄦𑄁, 𑄃𑄬𑄇𑄴𑄊𑄚𑄮𑄠𑄴
 𑄃𑄏, 𑄖𑄪𑄠𑄴 𑄛𑄧𑄢𑄳𑄦𑄨 𑄚𑄧 𑄜𑄬𑄣𑄬𑄌𑄴 𑄟𑄧𑄢𑄳𑄦𑄬, 𑄟𑄪𑄠𑄴 𑄇𑄮𑄌𑄴 𑄛𑄁𑄊𑄬 𑄖𑄧𑄢𑄳𑄦𑄬𑅁"
শিক্ষকটি পেছন ফিরতেই তারা নকল করা শুরু করল,𑄟𑄧𑄖𑄴𑄖𑄮𑄌𑄴𑄌𑄬 𑄛𑄨𑄖𑄴 𑄘𑄨 𑄟𑄪𑄖𑄴𑄖𑄪𑄚𑄨 𑄖𑄢𑄳𑄦 𑄚𑄧𑄇𑄧𑄣𑄴 𑄉𑄧𑄢𑄳𑄦 𑄙𑄧𑄣𑄴𑄣𑄇𑄴
"আমি একটুও পেছন দিতে পারিনা, তার ঝগড়া শুরু করে","𑄃𑄟𑄧𑄚𑄬 𑄃𑄬𑄇𑄴𑄇 𑄛𑄨𑄖𑄴 𑄘𑄨 𑄚𑄧 𑄖𑄋𑄧𑄢𑄬, 𑄖𑄢𑄳𑄦 𑄇𑄪𑄌𑄴𑄎𑄬 𑄝𑄎𑄚𑄴𑄙𑄬"
পাপ মনে গেলে নাকি তোমাদের বুদ্ধটা পেছন ফিরে থাকে তাই কী?,"𑄛𑄝𑄧 𑄟𑄧𑄚𑄬 𑄎𑄬𑄣𑄳𑄦𑄬 𑄞𑄬𑄣𑄬 𑄖𑄧𑄟𑄳𑄦 𑄝𑄪𑄖𑄴𑄙𑄮𑄝𑄮 𑄛𑄨𑄖𑄴 𑄘𑄨 𑄗𑄭𑄘𑄳𑄠𑄬, 𑄃𑄧𑄚𑄳𑄦𑄨?"
পিটিয়ে যাওয়া/ আসা/ দেওয়া,𑄛𑄨𑄘𑄨 𑄎𑄚/ 𑄃𑄬𑄎𑄚𑄳𑄦/ 𑄘𑄬𑄚
তোমাকে নাকি তোমার বাবা মেরেছে? মারপিট করা ভালো নয়,𑄖𑄧𑄢𑄳𑄦𑄬 𑄞𑄬𑄣𑄬 𑄖𑄧𑄝𑄝𑄬 𑄛𑄨𑄖𑄴𑄖𑄬𑄙𑄬? 𑄛𑄨𑄘𑄛𑄨𑄘𑄨 𑄉𑄧𑄢𑄚𑄳𑄦 𑄉𑄧𑄟𑄴 𑄚𑄳𑄦𑄧𑄠𑄴
তোদেরকেও প্রতিদিন কত মারবো ? কত বড় সাহস তার! আমাদের গ্রামে এসে আমাদের ভাইকে মেরে চলে যায় এবং বড় বড় কথা বলে!,"𑄖𑄧𑄟𑄳𑄦𑄢𑄬𑄠𑄮 𑄘𑄨𑄚𑄴𑄝𑄉𑄚𑄬 𑄇𑄧𑄙𑄧𑄇𑄴 𑄛𑄨𑄘𑄨 𑄛𑄢𑄬 𑄃𑄳𑄦𑄠𑄴! 𑄇𑄧𑄟𑄴𑄞 𑄊𑄨𑄣𑄬 𑄎𑄧𑄝𑄧𑄢𑄴 𑄖𑄢𑄴! 𑄃𑄟𑄳𑄦 𑄃𑄘𑄟𑄧𑄖𑄴 𑄃𑄬𑄚𑄳𑄦𑄬𑄠𑄴 𑄃𑄟𑄳𑄦 𑄞𑄬𑄠𑄮𑄢𑄳𑄦𑄬 𑄛𑄨𑄘𑄨𑄛𑄘𑄭 𑄎𑄠𑄮𑄠𑄴 
𑄃𑄳𑄦 𑄝𑄧𑄢𑄴 𑄝𑄧𑄢𑄴 𑄇𑄧𑄙 𑄇𑄳𑄦𑄧𑄠𑄴!"
গর্ভবতী হওয়া/ করা,"𑄛𑄨𑄘𑄨𑄣𑄨 𑄦𑄧𑄚, 𑄉𑄧𑄢𑄚𑄳𑄦"
গর্ভবতীমহিলা,𑄛𑄨𑄘𑄨𑄣𑄨 𑄟𑄨𑄣𑄬
তার স্ত্রী গর্ভবতী হয়েছে,𑄖 𑄟𑄮𑄇𑄴𑄈𑄮 𑄛𑄨𑄘𑄨𑄣𑄨 𑄦𑄪𑄠𑄳𑄦𑄬𑅁
পিঠা খাওয়া/ দেয়া,𑄛𑄨𑄘𑄬 𑄈𑄚/ 𑄘𑄬𑄚
একবার মার খেলে তারপর বুঝবে,𑄃𑄬𑄇𑄴 𑄛𑄨𑄘𑄬 𑄈𑄬𑄣𑄬 𑄖𑄳𑄦𑄬 𑄝𑄪𑄎𑄨𑄞𑄬
সারাদিন কয়বার মার খেল কে জানে,𑄘𑄨𑄚𑄴𑄚𑄮𑄞𑄮 𑄇𑄧𑄠𑄴 𑄛𑄨𑄘𑄬 𑄈𑄬𑄣𑄧 𑄇𑄨𑄎𑄬𑄚𑄨
"তাহলে দিয়েছো একবার মার, কথা বললে শুনোনা! মার খেয়ে চলে এলে","𑄘𑄳𑄠𑄮𑄁 𑄥𑄣𑄳𑄦𑄬 𑄃𑄬𑄇𑄴 𑄛𑄨𑄘𑄬, 𑄇𑄧𑄙 𑄚𑄧 𑄥𑄪𑄚𑄮𑄌𑄴𑄌𑄬! 𑄇𑄖𑄴𑄗𑄪𑄚𑄴 𑄛𑄨𑄘𑄬 𑄈𑄬𑄈𑄭 𑄃𑄬𑄣𑄬𑄊𑄮𑄠𑄴?"
পিতলের হুক্কা,𑄛𑄨𑄘𑄮𑄣𑄮 𑄘𑄝
আগের দিনে ধনীরা পিতলের হুক্কায় তামাক খেতো,𑄃𑄉𑄧 𑄘𑄨𑄚𑄮𑄖𑄴 𑄟𑄳𑄦𑄎𑄧𑄚𑄪𑄚𑄬 𑄛𑄨𑄘𑄮𑄣𑄮 𑄘𑄝𑄖𑄴 𑄙𑄪𑄚𑄴𑄚𑄮 𑄈𑄬𑄘𑄇𑄴
পড়ে দেখা,𑄛𑄨𑄚𑄳𑄦𑄨 𑄌𑄚𑄳𑄦
পড়িয়ে দেয়া,𑄛𑄨𑄚𑄳𑄦𑄬𑄠𑄴 𑄘𑄬𑄚
পরিধান করতে পারা,𑄛𑄨𑄚𑄳𑄦𑄨 𑄛𑄚𑄳𑄦
পরিধান করা খোলা,𑄛𑄨𑄚𑄳𑄦 𑄛𑄧𑄢𑄚
"এত বড় হয়েছে,  সে এখনো ল্যাংটা হয়ে থাকে, প্যান্ট পড়ো এখন আমার চোখের সামনে","𑄃𑄳𑄦𑄬𑄟𑄴𑄝 𑄌𑄬𑄣 𑄦𑄪𑄠𑄬, 𑄖 𑄛𑄧𑄢𑄚𑄬 𑄃𑄬𑄞𑄧 𑄣𑄁𑄙 𑄝𑄁𑄙 𑄉𑄧𑄢𑄳𑄦𑄨 𑄗𑄭𑄘𑄳𑄠𑄬, 𑄛𑄳𑄦𑄬𑄚𑄴 𑄛𑄨𑄚𑄴 𑄃𑄬𑄞𑄧, 𑄘𑄬𑄊𑄧𑄁 𑄛𑄢𑄳𑄦"
কখন পরিধান করবো,𑄈𑄇𑄴𑄇𑄬 𑄛𑄨𑄚𑄳𑄦𑄨𑄟𑄴
কখন পরিধান করবে? তোমার বাপের নাক দেখে দেখে আছো! এখুনি পরিধান করো!  প্যান্ট পরিধান করা খুব কষ্ট পাই,𑄇𑄨 𑄈𑄇𑄴𑄇𑄳𑄦𑄬 𑄛𑄨𑄚𑄨𑄙𑄬? 𑄖𑄧𑄛𑄴𑄝𑄝𑄧 𑄚𑄇𑄴𑄘𑄢𑄞𑄮 𑄘𑄬𑄊𑄬 𑄘𑄬𑄊𑄬 𑄃𑄉𑄧𑄌𑄴𑄍𑄬! 𑄃𑄨𑄇𑄴𑄈𑄪 𑄛𑄨𑄚𑄴𑄘𑄮𑄠𑄴! 𑄛𑄳𑄦𑄬𑄚𑄴 𑄛𑄨𑄚𑄚𑄳𑄦 𑄃𑄧𑄟𑄧𑄉𑄧𑄘𑄧 𑄎𑄉𑄪𑄣𑄪𑄇𑄴 𑄛𑄁𑄊𑄬 𑄠𑄮
"এখানে আসলে প্যান্ট পরিধান করতে হয়, শার্ট পরিধান করতে হয়, জানো নাকি জানোনা? না জানলে এদিকে এসো, পরিধান করে দিই","𑄃𑄨𑄙𑄪 𑄃𑄬𑄣𑄳𑄦𑄬 𑄛𑄳𑄦𑄬𑄚𑄴 𑄛𑄨𑄚𑄳𑄦 𑄛𑄧𑄢𑄬, 𑄥𑄪𑄣𑄪𑄟𑄴 𑄃𑄪𑄢𑄳𑄦 𑄛𑄧𑄢𑄬, 𑄈𑄧𑄝𑄧𑄢𑄴 𑄛𑄳𑄦𑄌𑄴 𑄚𑄬 𑄚𑄧 𑄛𑄳𑄦𑄌𑄴? 𑄚𑄧 𑄎𑄚𑄨𑄣𑄳𑄦𑄬 𑄃𑄨𑄚𑄴𑄙𑄨 𑄃𑄭, 𑄛𑄨𑄚𑄳𑄦𑄬𑄠𑄴 𑄘𑄮𑄁!"
সুচ দিয়ে শামুকের সাচ খুলতে সহজ,𑄛𑄨𑄚𑄴𑄥𑄪𑄌𑄴𑄌𑄮𑄠𑄴 𑄥𑄟𑄪𑄉𑄮 𑄥𑄌𑄴 𑄈𑄮𑄉𑄘𑄬 𑄎𑄪𑄖𑄴𑅁
পিনন- খাদি,𑄷. 𑄛𑄨𑄚𑄳𑄦𑄮𑄚𑄴 – 𑄈𑄘𑄨
" সে খুব তার স্ত্রীকে ভয় পায়, তার স্ত্রীর পিননটা ঝাড়ু দিলেই ভয় পায় সে","𑄖𑄬 𑄃𑄧𑄟𑄧𑄉𑄧𑄘𑄧 𑄖 𑄟𑄮𑄇𑄴𑄈𑄮𑄢𑄬 𑄘𑄧𑄢𑄭, 𑄖 𑄟𑄮𑄇𑄴𑄈𑄮 𑄛𑄨𑄚𑄳𑄦𑄮𑄚𑄚𑄴 𑄏𑄉𑄢𑄬𑄣𑄬 𑄃𑄪𑄉𑄪𑄢𑄳𑄦𑄨 𑄃𑄪𑄙𑄬 𑄖𑄬"
"পিননটা তার খুব সুন্দর, তার থেকে সুন্দর খাদিটা, তার থেকে আরো বেশি সুন্দর মুখের হাসিটা","𑄛𑄨𑄚𑄳𑄦𑄮𑄚𑄚𑄴 𑄖𑄢𑄴 𑄞𑄢𑄨 𑄘𑄮𑄣𑄴, 𑄥𑄨𑄖𑄴𑄖𑄪𑄚𑄴 𑄘𑄮𑄣𑄴 𑄈𑄘𑄨𑄃𑄚𑄴, 𑄥𑄨𑄖𑄴𑄖𑄪𑄚𑄴 𑄃𑄢𑄳𑄦𑄧 𑄘𑄮𑄣𑄴 𑄖 𑄟𑄪𑄈𑄮 𑄦𑄎𑄨𑄃𑄚𑄴"
"লাল পিনন লাল খাদি পরিধান করা যুবতী,কাঁকড়ার পিননটা ফেলে দিতে হয়, সেটা খাওয়া যায় না","𑄢𑄋 𑄛𑄨𑄚𑄳𑄦𑄮𑄚𑄴 𑄢𑄋 𑄈𑄘𑄨 𑄛𑄨𑄚𑄴𑄐𑄳𑄦𑄬 𑄉𑄝𑄪𑄢𑄳𑄦𑄨 𑄸. 𑄇𑄋𑄢𑄳𑄦 𑄛𑄨𑄚𑄳𑄦𑄮𑄚𑄚𑄴 𑄜𑄬𑄣𑄬 𑄘𑄳𑄠𑄬 𑄛𑄧𑄢𑄬, 𑄥𑄨𑄠𑄳𑄦𑄬𑄚𑄴 𑄇𑄧𑄚𑄳𑄦𑄧 𑄚𑄧 𑄈𑄚𑄴𑅁"
জোরে জোরে বাতাস বয়ছে,𑄛𑄨𑄝𑄨𑄢𑄴 𑄛𑄨𑄝𑄨𑄢𑄴 𑄝𑄪𑄠𑄬𑄢𑄴 𑄝𑄳𑄦𑄢𑄴
পাহাড়ের চূড়ায় খুব বেশি বাতাস বয়ছে,𑄟𑄪𑄢𑄳𑄦𑄮 𑄃𑄪𑄉𑄪𑄢𑄬 𑄃𑄨𑄏𑄪 𑄛𑄨𑄝𑄨𑄢𑄴 𑄛𑄨𑄝𑄨𑄢𑄴 𑄝𑄪𑄠𑄬𑄢𑄴
"সেই রাতে, দুইজনে থেকেছি, দুচোখের সুন্দর স্বপ্নে জোরে জোরে আসা বাতাসটা আমাদের  সাথে কথা বলতো","𑄥𑄬𑄠𑄴 𑄢𑄬𑄖𑄴𑄖𑄪𑄚𑄳𑄦𑄮𑄖𑄴, 𑄇𑄘𑄬 𑄘𑄳𑄠𑄳𑄦𑄬𑄠𑄴 𑄘𑄨𑄎𑄧𑄚𑄬, 𑄘𑄨𑄞𑄬 𑄌𑄮𑄊𑄮𑄢𑄴 𑄘𑄮𑄣𑄴 𑄥𑄧𑄝𑄧𑄚𑄧𑄚𑄴𑄙𑄨, 𑄛𑄨𑄝𑄨𑄢𑄴 𑄛𑄨𑄝𑄨𑄢𑄴 𑄝𑄪𑄠𑄬𑄢𑄳𑄦𑄚𑄴 𑄃𑄟𑄣𑄴𑄣𑄳𑄦𑄮𑄠𑄴 𑄇𑄧𑄙 𑄇𑄧𑄙𑄧𑄉𑄨𑅁"
"স্বামী পাগলা, স্ত্রী পাগলা","𑄚𑄬𑄇𑄴 𑄛𑄨𑄢𑄨𑄖𑄴𑄖𑄬, 𑄟𑄮𑄇𑄴 𑄛𑄨𑄢𑄨𑄖𑄴𑄖𑄬𑄴𑅁"
শরীর ব্যথা,𑄇𑄨𑄠𑄬 𑄛𑄨𑄢𑄬
অসুস্থ হওয়া,𑄛𑄨𑄢𑄬 𑄛𑄧𑄢𑄚
অসুুস্থ হয়ে পড়[,𑄛𑄨𑄢𑄬 𑄙𑄧𑄢𑄚
অসুখ ভালো হওয়া,𑄛𑄨𑄢𑄬 𑄛𑄘𑄧𑄣𑄴 𑄦𑄧𑄚
অসুখ থেকে সেরে উঠা,𑄛𑄨𑄢𑄬𑄖𑄴𑄗𑄪𑄚𑄴 𑄃𑄪𑄘𑄚𑄳𑄦
অসুুস্থ মুরগি,𑄛𑄨𑄢𑄬 𑄙𑄪𑄌𑄴𑄎𑄬 𑄇𑄪𑄢𑄳𑄦𑄮
তাকে মরণের রোগ ধরছে নাকি,𑄖𑄢𑄳𑄦𑄬 𑄇𑄨 𑄟𑄧𑄢𑄧𑄚𑄧 𑄛𑄨𑄢𑄬 𑄙𑄪𑄌𑄴𑄎𑄬 𑄇𑄨𑄎𑄬𑄚𑄨
বুড়ো হলে সব রোগগুলো চলে আসে,𑄝𑄪𑄢𑄳𑄦𑄮 𑄦𑄧𑄣𑄬 𑄝𑄬𑄇𑄴 𑄚𑄬𑄠𑄴𑄘𑄬 𑄛𑄨𑄢𑄬𑄃𑄚𑄳𑄦𑄨 𑄃𑄝𑄪𑄎𑄬𑄉𑄨𑄙𑄬
এবার একটু অসুখ ভালো হচ্ছে,𑄃𑄬𑄝𑄢𑄧𑄖𑄴 𑄃𑄬𑄇𑄴𑄇 𑄛𑄨𑄢𑄬 𑄛𑄘𑄧𑄣𑄴 𑄦𑄧𑄣𑄴𑄣𑄨
অসুখের ঔষধ সে না খেলে কিছুতেই ভালো হবে না,𑄛𑄨𑄢𑄬 𑄘𑄢𑄪𑄠𑄬 𑄗𑄬 𑄚𑄧 𑄈𑄬𑄣𑄬 𑄇𑄨𑄌𑄴𑄌𑄪𑄠𑄳𑄦𑄬 𑄉𑄧𑄟𑄴 𑄦𑄧𑄘𑄧 𑄚𑄳𑄦𑄧𑄠𑄴
কত বড় অসুখে পড়েছে সে,𑄇𑄧𑄟𑄴𑄞 𑄝𑄧𑄢𑄴 𑄛𑄨𑄢𑄬 𑄛𑄪𑄌𑄴𑄏𑄬 𑄖𑄬𑅁
তোমাদের রোগীটা কেমন আছে? রোগীকে চিকিৎসা করা যে কেউ পারেনা!,𑄖𑄧𑄟𑄳𑄦 𑄛𑄨𑄢𑄬𑄣𑄴𑄣𑄬𑄞𑄮 𑄇𑄬𑄏𑄚𑄴 𑄃𑄊𑄬? 𑄛𑄨𑄢𑄬𑄣𑄴𑄣𑄬𑄢𑄳𑄦𑄬 𑄌𑄬𑄢𑄬𑄖𑄴𑄗 𑄉𑄧𑄢𑄚𑄳𑄦 𑄎𑄬 𑄖𑄬 𑄚𑄧 𑄛𑄢𑄧𑄚𑄴𑅁
হাঁড়ি -পাতিল,𑄛𑄨𑄣𑄬 𑄦𑄢𑄨
এক পাতিল ভাত খেয়েছো?নরকে নাকি মানুষদেরকে  বড় পাতিলে সিদ্ধ করে,𑄃𑄬𑄇𑄴 𑄛𑄨𑄣𑄬 𑄞𑄖𑄴 𑄈𑄬𑄠𑄮𑄌𑄴 𑄚𑄳𑄦𑄨? 𑄚𑄧𑄢𑄧𑄉𑄧𑄖𑄴 𑄞𑄬𑄣𑄬 𑄝𑄧𑄢𑄴 𑄛𑄨𑄣𑄬𑄖𑄴 𑄥𑄬𑄎𑄚𑄴𑄙𑄬 𑄟𑄚𑄳𑄦𑄪𑄌𑄴𑄌𑄪𑄚𑄮𑄢𑄬𑅁
তার যাওয়ার পরে অসস্তি পাচ্ছি,𑄖𑄬 𑄎𑄬𑄚𑄬𑄠𑄮𑄠𑄴 𑄃𑄨𑄏𑄪 𑄛𑄨𑄠𑄮𑄇𑄴 𑄛𑄨𑄠𑄮𑄇𑄴 𑄛𑄋𑄳𑄦𑄧𑄖𑄴𑄖𑄬𑅁
.হুট করে দূরে ফেলে দিল সে,𑄛𑄳𑄦𑄨𑄀𑄖𑄴 𑄉𑄧𑄢𑄳𑄦𑄨 𑄃𑄬𑄇𑄴 𑄣𑄪𑄋𑄳𑄦𑄨 𑄘𑄨𑄣𑄳𑄦𑄮 𑄖𑄬
.হুট কটে সে কোথায় গিয়ে পড়েছে কে জানে,𑄛𑄨𑄳𑄀𑄦𑄖𑄴 𑄌𑄧𑄖𑄴𑄖𑄬 𑄇𑄪𑄖𑄴𑄙𑄪𑄢𑄴 𑄣𑄳𑄦𑄪𑄁𑄋𑄬𑄉𑄮𑄠𑄮 𑄇𑄪𑄖𑄴𑄗𑄪𑄚𑄴𑄚𑄬𑄠𑄴 𑄖𑄬
.গাড়িগুলো তাড়াতাড়ি করে যাচ্ছে,𑄉𑄢𑄳𑄦𑄨𑄃𑄚𑄨 𑄛𑄨𑄳𑄀𑄦𑄖𑄴 𑄛𑄨𑄳𑄀𑄦𑄖𑄴 𑄎𑄣𑄴𑄣𑄮𑄠𑄴𑅁
যার গুলিটা বেশি গোল তাকে আমি প্রধান বানাবো,"𑄎𑄬 𑄉𑄪𑄣𑄳𑄦𑄨𑄝𑄮 𑄝𑄬𑄌𑄴 𑄛𑄨𑄁𑄉𑄪𑄣𑄴, 𑄥𑄨𑄝𑄬𑄢𑄳𑄦𑄬 𑄖𑄳𑄦𑄬 𑄟𑄪𑄠𑄴 𑄙𑄇𑄴𑄇𑄬𑄣𑄴 𑄝𑄚𑄬𑄟𑄴𑄟𑄬"
তার টুপিটা গোল,𑄖 𑄖𑄧𑄇𑄴𑄇𑄞𑄮 𑄃𑄬𑄇𑄴𑄈𑄬 𑄛𑄨𑄁𑄉𑄪𑄣𑄴
".পৃথিবীটা গোল না,উত্তরে দক্ষিণে চ্যাপ্টা","𑄛𑄨𑄖𑄴𑄗𑄨𑄟𑄨𑄃𑄚𑄴 𑄛𑄨𑄁𑄉𑄪𑄣𑄴 𑄚𑄳𑄦𑄧𑄠𑄴, 𑄃𑄪𑄖𑄴𑄖𑄮𑄢𑄬 𑄘𑄧𑄉𑄨𑄚𑄳𑄦𑄬 𑄃𑄬𑄇𑄴𑄇 𑄌𑄬𑄝𑄬𑄙𑄇𑄴"
তার আঙুলগুলো গোল গোল,𑄖 𑄃𑄋𑄪𑄣𑄳𑄦𑄪𑄚𑄴 𑄃𑄬𑄇𑄴𑄈𑄬 𑄛𑄨𑄁𑄉𑄪𑄣𑄴 𑄛𑄨𑄁𑄉𑄪𑄣𑄴𑅁
পানি পোকা,𑄷. 𑄛𑄚𑄴𑄐𑄳𑄦𑄬 𑄛𑄪𑄇𑄴
.চোখে একটা পোকা ঢুকে গেছে,𑄌𑄮𑄇𑄴𑄈𑄮𑄖𑄴 𑄃𑄨𑄇𑄴𑄊𑄮 𑄛𑄪𑄇𑄴 𑄥𑄪𑄟𑄴𑄟𑄬𑄉𑄮𑄠𑄴𑄙𑄬
একটা পোকা উড়ে এসে আমার পিঠে পড়লো,𑄃𑄨𑄇𑄴𑄊𑄮 𑄛𑄪𑄇𑄴 𑄃𑄪𑄢𑄨 𑄃𑄬𑄚𑄳𑄦𑄬𑄠𑄴 𑄞𑄪𑄇𑄴 𑄉𑄧𑄢𑄳𑄦𑄨 𑄟𑄧 𑄛𑄨𑄖𑄴𑄖𑄚𑄳𑄦𑄧𑄖𑄴 𑄛𑄧𑄣𑄴𑄣𑄳𑄦𑄧𑄉𑄨
.ম্যালেরিয়া পোকায় ধরলে নাকি সে মানুষটা আর বাঁচেনা,𑄟𑄬𑄣𑄳𑄦𑄬𑄢𑄨𑄠 𑄛𑄪𑄇𑄴𑄈𑄪𑄚𑄴 𑄟𑄙𑄖𑄴 𑄃𑄪𑄘𑄨𑄣𑄳𑄦𑄬 𑄥𑄬 𑄟𑄚𑄳𑄦𑄪𑄌𑄴𑄌𑄮 𑄞𑄬𑄣𑄬 𑄃𑄳𑄦𑄢𑄴 𑄚𑄧 𑄝𑄎𑄬 𑄃𑄳𑄦𑄢𑄴
পোকা কেনো?,𑄸. 𑄛𑄪𑄇𑄴 𑄇𑄨𑄖𑄴𑄖𑄬
"পূর্ব দিকে যখন জোনাকির আলো পড়বে,রিপ রিপ জোনাকির আলো দেখবো তোমার হাসিটা","𑄛𑄪𑄉𑄮 𑄇𑄨𑄖𑄴𑄖𑄬 𑄎𑄪𑄚𑄳𑄦𑄮 𑄛𑄳𑄦𑄧𑄢𑄚𑄴 𑄎𑄬𑄇𑄴𑄈𑄬 𑄃𑄪𑄘𑄨𑄞𑄮, 𑄢𑄨𑄛𑄴 𑄢𑄨𑄛𑄴 𑄎𑄪𑄚𑄳𑄦𑄮 𑄛𑄧𑄢𑄳𑄦𑄧𑄖𑄴 𑄘𑄳𑄦𑄬𑄟𑄴 𑄖𑄧 𑄦𑄎𑄨𑄝𑄮"
পূর্ব পশ্চিম না চিনে আন্দাজে কোন দিকে যাবো কে জানে,𑄛𑄪𑄇𑄴 𑄛𑄧𑄏𑄨𑄟𑄴 𑄃𑄪𑄙𑄨𑄌𑄴 𑄚𑄧 𑄛𑄨𑄠𑄳𑄦𑄬 𑄉𑄧𑄢𑄳𑄦𑄨 𑄃𑄚𑄴𑄘𑄎𑄬 𑄇𑄪𑄚𑄴𑄙𑄨 𑄎𑄬𑄝𑄧𑄠𑄳𑄦𑄮 𑄇𑄪𑄖𑄴𑄗𑄪𑄚𑄴𑄚𑄬𑄠𑄴𑅁
এই পৃথিবীতে পোকামাকড়গুলো সবচেয়ে বেশি আছে,𑄛𑄪𑄇𑄴𑄎𑄪𑄇𑄴𑄈𑄪𑄚𑄴 𑄦𑄧𑄣𑄇𑄴𑄇𑄬 𑄝𑄬𑄉𑄧𑄖𑄴𑄗𑄪𑄚𑄴 𑄝𑄬𑄌𑄴 𑄃𑄉𑄧𑄚𑄴𑄙𑄬 𑄃𑄬 𑄛𑄨𑄖𑄴𑄗𑄨𑄟𑄨𑄖𑄴
সংসারে এই পোকামাকড়গুলো কি খেয়ে বেঁচে থাকে?,𑄥𑄧𑄁𑄥𑄢𑄧 𑄃𑄬 𑄛𑄪𑄇𑄴𑄎𑄪𑄇𑄴𑄈𑄪𑄚𑄴 𑄇𑄨 𑄈𑄬𑄚𑄬𑄠𑄴 𑄝𑄎𑄧𑄚𑄴?
.রাত হলে শুধু পোকা কামরায়,𑄝𑄚 𑄛𑄪𑄉𑄨𑄠𑄬 𑄇𑄟𑄢𑄚𑄴𑄘𑄬 𑄢𑄬𑄖𑄴 𑄦𑄧𑄣𑄬
পোকা-মশা গুলে অনেক ঝামেলা করে,𑄛𑄪𑄉𑄨 𑄟𑄧𑄏𑄃𑄪𑄚𑄬 𑄃𑄧𑄟𑄧𑄉𑄧𑄘𑄧 𑄖𑄪𑄌𑄴𑄍𑄬 𑄣𑄉𑄚𑄴𑅁
ফোঁড়াটা থেকে পানি পড়তেছে,𑄷. 𑄜𑄮𑄢𑄝𑄮𑄖𑄴𑄖𑄪𑄚𑄴 𑄛𑄪𑄌𑄴 𑄚𑄳𑄦𑄨𑄉𑄨𑄣𑄬𑄢𑄴
পৌষ মাস,𑄸. 𑄛𑄪𑄌𑄴 𑄟𑄳𑄦𑄌𑄴
পৌষ মাঘ মাসে জঙ্গলেে বাঘ ডাকে,𑄛𑄪𑄏𑄬 𑄟𑄊𑄬 𑄝𑄇𑄴 𑄉𑄪𑄎𑄪𑄢𑄮𑄚𑄴 𑄎𑄢𑄬𑅁
শান্তনা দেয়া,𑄛𑄪𑄌𑄴𑄍𑄬 𑄘𑄬𑄚
"তাকে একটু শান্তনা দাও,অনেক কষ্ট পাইছে মনে হয়","𑄖𑄢𑄳𑄦𑄬 𑄃𑄬𑄇𑄴𑄇 𑄛𑄪𑄌𑄴𑄌𑄊𑄮𑄠𑄴, 𑄝𑄬𑄌𑄴 𑄟𑄧𑄚𑄧𑄖𑄴 𑄘𑄪𑄇𑄴 𑄛𑄨𑄠𑄳𑄦𑄬 𑄛𑄢𑄳𑄦𑄛𑄁"
তাকে আমি এতদিন শান্তনা দিয়ে রাখছি,𑄖𑄢𑄳𑄦𑄬 𑄟𑄪𑄠𑄴 𑄛𑄪𑄌𑄴𑄍𑄬 𑄛𑄪𑄌𑄴𑄍𑄬 𑄢𑄊𑄬𑄠𑄮𑄁𑄉𑄬 𑄃𑄳𑄦𑄬𑄘𑄧𑄇𑄴𑄘𑄨𑄚𑄴
"বিড়ালটাকে আদর করলে চুপ হয়,চোখ বন্ধ করে থাকে","𑄝𑄬𑄣𑄬𑄠𑄴𑄞𑄮𑄢𑄬 𑄛𑄪𑄌𑄴𑄌𑄬𑄣𑄳𑄦𑄬 𑄃𑄬𑄇𑄴𑄈𑄬 𑄃𑄧𑄣𑄧𑄢𑄴 𑄦𑄧𑄠𑄴, 𑄌𑄮𑄇𑄴𑄈𑄪𑄚𑄴 𑄈𑄘𑄨 𑄗𑄭𑄘𑄬"
.সে আমাকে মাথায় হাত বুলিয়ে দিলো,𑄖𑄬 𑄟𑄧𑄢𑄳𑄦𑄬 𑄃𑄬𑄇𑄴𑄇 𑄥𑄨𑄢𑄬𑄞𑄮 𑄛𑄪𑄌𑄴𑄍𑄬 𑄘𑄨𑄣𑄳𑄦𑄮𑅁
.রান্না গিরি,𑄛𑄪𑄌𑄴𑄌𑄪𑄚𑄳𑄦𑄨𑄉𑄨𑄢𑄨
.আজকে আমি রাধুনি হয়েছি,𑄃𑄨𑄌𑄴𑄌𑄬 𑄟𑄪𑄠𑄴 𑄛𑄪𑄌𑄴𑄌𑄪𑄚𑄳𑄦𑄨 𑄦𑄪𑄣𑄪𑄁𑄉𑄬 𑄃𑄭
একবার ঔষুধ খেয়ে সেই রোগটা তুমি থাকো আমি যায় এই অবস্থা,"𑄃𑄬𑄇𑄴 𑄛𑄪𑄌𑄴𑄍𑄬𑄣𑄴 𑄘𑄢𑄪 𑄈𑄝𑄬𑄚𑄬𑄠𑄴 𑄥𑄬 𑄛𑄨𑄢𑄬, 𑄖𑄪𑄠𑄴 𑄗𑄇𑄴 𑄟𑄪𑄠𑄴 𑄎𑄁𑅁"
.তার পরশুটা এখনো আসেনাই,𑄖 𑄛𑄪𑄌𑄴𑄏𑄪𑄝𑄮 𑄃𑄬𑄞𑄧 𑄚𑄳𑄦𑄧 𑄃𑄬𑄏𑄬
কালকে বাদে পরশু,𑄇𑄨𑄣𑄴𑄣𑄬 𑄝𑄘𑄬 𑄛𑄪𑄌𑄴𑄏𑄪𑅁
আমরা বুদ্ধকে ফুলে পাপড়িতে পূজা করি,𑄃𑄟𑄳𑄦𑄨 𑄝𑄪𑄖𑄴𑄙𑄮𑄢𑄬 𑄜𑄪𑄣𑄬 𑄛𑄉𑄮𑄢𑄳𑄦𑄬 𑄛𑄪𑄎𑄨𑄢𑄴
বুড়ো মানুষদের পূজা করলে পূণ্য হয়,𑄝𑄪𑄢𑄳𑄦𑄮 𑄟𑄚𑄴𑄏𑄮𑄢𑄬 𑄛𑄪𑄎𑄨𑄣𑄬 𑄛𑄪𑄚𑄴𑄐𑄮 𑄦𑄧𑄠𑄴
.আমরা কয়দিন ধরে ভূত প্রেতকে পূজা করে আসতেছি,𑄃𑄟𑄳𑄦𑄨 𑄇𑄧𑄙𑄧𑄇𑄴 𑄘𑄨𑄚𑄴 𑄙𑄧𑄢𑄨 𑄞𑄪𑄖𑄴 𑄘𑄬𑄝𑄬𑄘𑄢𑄳𑄦𑄬 𑄛𑄪𑄎𑄨 𑄛𑄪𑄎𑄨 𑄃𑄨𑄏𑄨𑄢𑄴
"পূজা করলে বুদ্ধকে পূজা করিও,ধর্মকে পূজা করবে,সংঘকে পূজা করবে","𑄛𑄪𑄎𑄨𑄣𑄬 𑄝𑄪𑄖𑄴𑄙𑄮𑄢𑄬 𑄛𑄪𑄎𑄨𑄝𑄘𑄬, 𑄙𑄧𑄢𑄴𑄟𑄧𑄢𑄳𑄦𑄬 𑄛𑄪𑄎𑄨𑄝𑄘𑄬, 𑄥𑄧𑄁𑄊𑄧𑄢𑄬 𑄛𑄪𑄎𑄨𑄝𑄘𑄬"
"বুদ্ধকে পূজা করবো,ধর্মকে পূজা করবো,সংঘকে পূজা করবো নতুন করে","𑄝𑄪𑄖𑄴𑄙𑄮𑄢𑄬 𑄛𑄪𑄎𑄧𑄋𑄳𑄦𑄧𑄢𑄴, 𑄙𑄧𑄢𑄴𑄟𑄧𑄢𑄳𑄦𑄬 𑄛𑄪𑄎𑄧𑄋𑄳𑄦𑄧𑄢𑄴, 𑄥𑄧𑄁𑄊𑄧𑄢𑄳𑄦𑄬 𑄛𑄪𑄎𑄧𑄋𑄳𑄦𑄧𑄢𑄴 𑄚𑄪𑄃𑄮 𑄉𑄧𑄢𑄳𑄦𑄨𑅁"
টেবিলটা মুছতে হবে,𑄷. 𑄖𑄬𑄞𑄨𑄣𑄚𑄴 𑄛𑄪𑄏 𑄛𑄧𑄢𑄨𑄝𑄮
.সে হাত দিয়ে মোবাইলটা একটু মুছলো,𑄖𑄬 𑄦𑄖𑄴𑄖𑄚𑄴𑄘𑄮𑄠𑄴 𑄇𑄧𑄝𑄣𑄳𑄦𑄚𑄴 𑄃𑄬𑄇𑄴𑄇 𑄛𑄪𑄎𑄨𑄣𑄳𑄦𑄮
বাড়িটা একটু মুছতে হবে,𑄊𑄧𑄢𑄳𑄦𑄚𑄴 𑄃𑄬𑄇𑄴𑄇 𑄛𑄪𑄏 𑄛𑄧𑄢𑄨𑄝𑄮
"সে কুকুর পালন করে,বিড়াল পালন করে","𑄸. 𑄖𑄬 𑄇𑄪𑄉𑄪𑄢𑄴 𑄛𑄪𑄏𑄬, 𑄝𑄬𑄣𑄬𑄠𑄴 𑄛𑄪𑄏𑄬"
".মুরগি,ছাগল পালানো ভালো না",𑄇𑄪𑄢𑄳𑄦𑄮 𑄥𑄉𑄧𑄣𑄴 𑄛𑄪𑄎𑄚𑄳𑄦 𑄉𑄧𑄟𑄴 𑄚𑄳𑄦𑄧𑄠𑄴
".সে ক্ষতটাতে হাত দেয়,ঔষুধ না খেয়ে","𑄖𑄬 𑄇𑄳𑄦𑄧𑄚𑄴 𑄛𑄨𑄢𑄬𑄃𑄳𑄦𑄚𑄴 𑄛𑄪𑄏𑄨 𑄛𑄪𑄏𑄨 𑄗𑄭𑄘𑄳𑄠𑄬, 𑄘𑄢𑄪 𑄚𑄧 𑄈𑄬𑄚𑄬𑄠𑄴𑅁"
তারা দুইজনে চুপিচুপি কি কথা বলে,𑄖𑄢𑄳𑄦 𑄇𑄨 𑄛𑄪𑄎𑄪 𑄛𑄪𑄎𑄪 𑄉𑄧𑄢𑄳𑄦𑄧𑄚𑄴 𑄇𑄨𑄎𑄬𑄚𑄨 𑄘𑄨𑄎𑄧𑄚𑄬𑅁
.রাতের বেলায় হাগুতে পা দিছে,𑄢𑄬𑄘𑄬𑄝𑄨𑄣𑄨 𑄟𑄳𑄦𑄠𑄴 𑄇𑄧𑄟𑄴𑄞 𑄃𑄨𑄇𑄴𑄊𑄮 𑄊𑄪𑄃𑄮 𑄛𑄪𑄎𑄮 𑄦𑄪𑄌𑄴𑄌𑄮𑄁𑄉𑄮𑄠𑄴𑄘𑄬𑅁
".সে হুট করে কোথায় লুকালো,হুট করে কথাটা বলে দিলো",𑄖𑄬 𑄛𑄪𑄏𑄪𑄖𑄴 𑄉𑄧𑄢𑄳𑄦𑄨 𑄇𑄪𑄚𑄴𑄙𑄨 𑄣𑄪𑄇𑄴 𑄘𑄨𑄣𑄳𑄦𑄮? 𑄛𑄪𑄏𑄪𑄖𑄴 𑄉𑄧𑄢𑄳𑄦𑄨 𑄇𑄧𑄙𑄃𑄚𑄴 𑄇𑄳𑄦𑄮𑄠𑄴 𑄖𑄋𑄧𑄌𑄴𑄎𑄮𑄁𑄊𑄬𑅁
কাকাতো ভাই,𑄈𑄪𑄖𑄴𑄖𑄮𑄛𑄪𑄖𑄴 𑄞𑄬𑄠𑄴
জেঠাতো ভাই,𑄎𑄬𑄖𑄴𑄗𑄛𑄪𑄖𑄴 𑄞𑄬𑄠𑄴…
"তন্ন তন্ন,উপরে উপরে",𑄛𑄪𑄘𑄨 𑄛𑄪𑄘𑄨 – 𑄃𑄪𑄉𑄪𑄢𑄬 𑄃𑄪𑄉𑄪𑄢𑄬
.সে সবগুলো তন্ন তন্ন করে দেখে নিল,𑄖𑄬 𑄝𑄬𑄇𑄴𑄇𑄚𑄳𑄦𑄨 𑄛𑄪𑄘𑄨 𑄛𑄪𑄘𑄨 𑄌𑄬𑄣𑄳𑄦𑄧
"পুরো বাড়িটি তন্ন তন্ন করে খুঁজলাম, কোথাও সেই আংটিটা দেখলাম না","𑄉𑄧𑄘 𑄊𑄧𑄢𑄳𑄦𑄚𑄴 𑄛𑄪𑄘𑄨 𑄛𑄪𑄘𑄨 𑄖𑄧𑄉𑄬𑄣𑄪𑄁, 𑄇𑄧𑄚𑄳𑄦𑄧 𑄇𑄨𑄖𑄴𑄖𑄬 𑄚𑄧 𑄛𑄬𑄣𑄳𑄦𑄪𑄁 𑄥𑄬 𑄃𑄚𑄴𑄙𑄨𑄇𑄴𑄇𑄮"
".তন্ন তন্ন করে সব জিনিসপত্র গুছালাম আমি,এখন শুধু কাজে নামা বাকি আছে","𑄛𑄪𑄘𑄨 𑄛𑄪𑄘𑄨 𑄝𑄬𑄇𑄴 𑄎𑄭𑄎𑄪𑄇𑄴𑄇𑄮𑄣𑄚𑄳𑄦𑄨 𑄗𑄪𑄝𑄬𑄠𑄳𑄦𑄮𑄁 𑄟𑄪𑄠𑄴, 𑄃𑄨𑄇𑄴𑄈𑄬 𑄝𑄚 𑄇𑄟𑄧𑄖𑄴 𑄙𑄧𑄢𑄚 𑄝𑄉𑄨 𑄃𑄉𑄬𑄙𑄬𑅁"
এইটা ওইটা করা,𑄛𑄪𑄘𑄪𑄛𑄘 𑄉𑄧𑄢𑄚𑄳𑄦
তারা কি এইটা ওইটা করে আলাদা হলো কে বলবে,𑄖𑄢𑄳𑄦 𑄘𑄨𑄎𑄧𑄚𑄬 𑄇𑄨 𑄛𑄪𑄘𑄪𑄛𑄘 𑄉𑄧𑄢𑄨𑄚𑄳𑄦𑄬𑄠𑄴 𑄜𑄢𑄧𑄇𑄴 𑄦𑄧𑄣𑄇𑄴 𑄇𑄧𑄚𑄬 𑄇𑄧𑄞𑄧
".অন্যরা এইটা ওইটা বলতে শুনেছি,পলক নাকি মারা গেছে",𑄟𑄚𑄴𑄏𑄳𑄠𑄬 𑄛𑄪𑄘𑄪𑄛𑄘 𑄉𑄧𑄖𑄴𑄗𑄬 𑄥𑄪𑄚𑄴𑄐𑄮𑄁𑄊𑄬 – 𑄜𑄧𑄣𑄧𑄚 𑄞𑄬𑄣𑄬 𑄟𑄪𑄌𑄴𑄎𑄬𑄙𑄬𑅁
তারাহুরো করে ঘুম থেকে উঠার সময় কখন খাট থেকে পড়ে গেলাম তের পেলাম না,"𑄊𑄪𑄟𑄮 𑄛𑄪𑄘𑄪𑄁 𑄛𑄘𑄁 𑄉𑄧𑄢𑄳𑄦𑄨 𑄃𑄪𑄘𑄮𑄙𑄬 𑄥𑄧𑄣𑄖𑄴 𑄇𑄧𑄇𑄴𑄈𑄬 𑄈𑄖𑄴𑄖𑄚𑄧𑄖𑄴𑄖𑄪𑄚𑄴 𑄏𑄧𑄢𑄨 𑄛𑄪𑄌𑄴𑄎𑄮𑄁𑄊𑄮𑄠𑄴, 𑄈𑄧𑄝𑄧𑄢𑄴 𑄚𑄧 𑄛𑄳𑄦𑄁"
.ঘুমের মধ্যে কি সপ্ন দেখছি জানিনা,𑄊𑄪𑄟𑄮 𑄛𑄪𑄘𑄪𑄁 𑄛𑄘𑄋𑄧𑄖𑄴 𑄇𑄨 𑄘𑄬𑄝𑄬𑄘 𑄥𑄧𑄝𑄧𑄚𑄬 𑄘𑄨𑄇𑄴𑄈𑄮𑄁 𑄇𑄨𑄎𑄬𑄚𑄨𑅁
সে আমাদের পুত্রবধু হয়,𑄖𑄬 𑄃𑄟𑄳𑄦 𑄛𑄪𑄘𑄮 𑄝𑄮 𑄦𑄧𑄠𑄴𑄘𑄬 𑄃𑄭
আমাদের পুত্রবধূর থেকে লক্ষী মেয়ে আর কোথায় আছে,𑄃𑄟𑄳𑄦 𑄛𑄪𑄘𑄮𑄝𑄮𑄞𑄮 𑄙𑄮𑄇𑄴𑄇𑄬 𑄣𑄪𑄇𑄴𑄈𑄨 𑄟𑄨𑄣𑄬 𑄇𑄪𑄙𑄪 𑄃𑄊𑄬 𑄃𑄢𑄴𑅁
হাগু করা,𑄛𑄪𑄚𑄴 𑄉𑄣𑄚
.পাছা পাকা,𑄛𑄪𑄚𑄴 𑄛𑄉𑄚
পাছা নেচে নেচে যাওয়া,𑄛𑄪𑄚𑄴 𑄝𑄨𑄎𑄨 𑄝𑄨𑄎𑄨 𑄎𑄚
পাছায় হাগু থেকে মাথায় পানি ঢালা,𑄛𑄪𑄚𑄮𑄖𑄴 𑄊𑄪 𑄗𑄬𑄚𑄬𑄠𑄴 𑄟𑄙𑄖𑄴 𑄛𑄚𑄳𑄦𑄨 𑄙𑄣𑄚
মেয়েটি পাছা নাচিয়ে নাচিয়ে যাচ্ছে,𑄟𑄨𑄣𑄬𑄞𑄮 𑄛𑄪𑄚𑄴 𑄝𑄨𑄎𑄨 𑄝𑄨𑄎𑄨 𑄎𑄖𑄴𑄖𑄬
.সে যেভাবে পাছা দুলিয়ে দুলিয়ে নাচে,𑄥𑄨𑄝𑄳𑄦𑄬 𑄘𑄧 𑄎𑄬 𑄛𑄪𑄚𑄴 𑄛𑄉𑄬 𑄛𑄉𑄬 𑄚𑄎𑄬𑄢𑄴
পাছা লাল বুলবুলি পাখি,"𑄛𑄪𑄚𑄴𑄘𑄪𑄢𑄨 𑄢𑄋 𑄎𑄪𑄢𑄴𑄞𑄮 𑄛𑄬𑄇𑄴, 𑄖𑄧𑄟𑄴𑄟 𑄟𑄧𑄣𑄳𑄦𑄬 𑄟𑄧 𑄃𑄨𑄙𑄪 𑄃𑄳𑄦𑄬𑄌𑄴"
".ছোট চেয়ার,আমার পাছাটাও হয় না","𑄇𑄘𑄇𑄭𑄖𑄴𑄖𑄬 𑄌𑄬𑄊𑄢𑄴, 𑄟𑄧 𑄛𑄪𑄚𑄴𑄚𑄳𑄦𑄮𑄠𑄮 𑄚𑄧 𑄃𑄘𑄬"
",পিছে পিছে",𑄸. 𑄛𑄪𑄚𑄬 𑄛𑄪𑄚𑄬
সে এখনো তার মায়ের পিছে পিছে থাকে,𑄖𑄬 𑄇𑄨 𑄃𑄬𑄞𑄧 𑄖𑄟𑄴𑄟 𑄛𑄪𑄚𑄬 𑄛𑄪𑄚𑄬 𑄗𑄭
সে সারাদিন মন্ত্রীর পিছন পিছন রয়েছে।,𑄥𑄨𑄞𑄬 𑄘𑄨𑄚𑄴𑄚𑄮𑄞𑄮 𑄟𑄧𑄚𑄴𑄖𑄳𑄢𑄨 𑄛𑄪𑄚𑄬 𑄛𑄪𑄚𑄬 𑄃𑄉𑄬𑄙𑄬
.পাছা ভারী মানুষ,𑄛𑄪𑄚𑄴 𑄉𑄳𑄦𑄮𑄢𑄴 𑄟𑄚𑄳𑄦𑄪𑄌𑄴
. ইনি খুব পাছা ভারী মানুষ  একটা জায়গায় বসলে আর উঠাউঠি নেই,"𑄃𑄨𑄞𑄬 𑄃𑄧𑄟𑄧𑄉𑄧𑄘𑄧 𑄛𑄪𑄚𑄴 𑄉𑄳𑄦𑄮𑄢𑄴 𑄟𑄚𑄳𑄦𑄪𑄌𑄴, 𑄃𑄬𑄇𑄴𑄊𑄚𑄴 𑄎𑄉𑄖𑄴 𑄝𑄧𑄣𑄳𑄦𑄬 𑄃𑄳𑄦𑄢𑄴 𑄃𑄪𑄙𑄮𑄃𑄪𑄙𑄨 𑄚𑄬𑄠𑄴"
.সে  কি পাছা উপরের দিলে তুলে আছে,𑄖𑄬 𑄇𑄨 𑄛𑄪𑄚𑄴𑄘𑄪𑄢𑄨 𑄃𑄪𑄞𑄮𑄖𑄴 𑄉𑄧𑄢𑄳𑄦𑄨 𑄃𑄊𑄬?
.বুদ্ধ পূর্ণিমা,𑄝𑄪𑄖𑄴𑄙𑄮 𑄛𑄪𑄚𑄴𑄚𑄨𑄟
.পূর্ণিমা হলে পৃথিবীটা সুন্দর হয়,𑄛𑄪𑄚𑄴𑄚𑄨𑄟 𑄦𑄧𑄣𑄬 𑄛𑄨𑄖𑄴𑄗𑄨𑄟𑄨𑄃𑄚𑄴 𑄘𑄮𑄣𑄴 𑄦𑄧𑄠𑄴𑅁
.তারা স্বামী-স্ত্রী একসাথে আসতেছে,𑄖𑄢𑄳𑄦 𑄘𑄨𑄚𑄬𑄇𑄴𑄟𑄮𑄉𑄬 𑄛𑄪𑄚𑄮𑄛𑄪𑄚𑄴𑄐𑄬 𑄉𑄧𑄢𑄳𑄦𑄨 𑄃𑄬𑄖𑄴𑄗𑄧𑄚𑄴
".একসাথে গেলাম স্বর্গে, সে বলে সে আগে ঢুকবে আমি বলি আমি আগে ঢুকবো","𑄛𑄪𑄚𑄮𑄛𑄪𑄚𑄴𑄐𑄬 𑄉𑄧𑄢𑄳𑄦𑄨 𑄎𑄬𑄣𑄳𑄦𑄧𑄁 𑄘𑄨𑄎𑄧𑄚𑄬 𑄥𑄧𑄢𑄴𑄉𑄧𑄖𑄴, 𑄖𑄬 𑄇𑄧𑄠𑄴𑄙𑄬 𑄟𑄪𑄠𑄴 𑄃𑄉𑄬 𑄥𑄮𑄟𑄬𑄟𑄴, 𑄟𑄪𑄠𑄴 𑄇𑄧𑄁𑄊𑄬 𑄟𑄪𑄠𑄴 𑄃𑄉𑄬 𑄥𑄮𑄟𑄬𑄟𑄴𑅁"
".আকাশে যখন উঠে চাঁদ,মনে পড়ে তোমার আমার ভালোবাসা, মনটা খুব তোমাকে পেতে চায়, যেখানে যাই, যেখানে থাকি মনে শুধু থাকে, কোথায় গেলে কোথায় গেলে চিত্তিবী? কোথায় গেলে আমার ভালোবাসা?","𑄃𑄉𑄏𑄧𑄖𑄴 𑄎𑄬𑄇𑄴𑄈𑄬 𑄃𑄪𑄙𑄬 𑄛𑄪𑄚𑄮𑄁 𑄌𑄚𑄴, 𑄦𑄨𑄘𑄮𑄖𑄴 𑄃𑄪𑄙𑄬 𑄖𑄧𑄢𑄴 𑄟𑄧𑄢𑄴 𑄇𑄮𑄌𑄴𑄛𑄚𑄳𑄦𑄃𑄚𑄴, 𑄃𑄮𑄣𑄴 𑄎𑄮𑄣𑄴 𑄃𑄬 𑄟𑄧𑄚𑄳𑄦𑄚𑄴 𑄖𑄧𑄢𑄳𑄦𑄬 𑄛𑄬𑄙𑄧 𑄌𑄳𑄦𑄠𑄴, 𑄎𑄨𑄙𑄪 𑄎𑄁, 
𑄎𑄨𑄙𑄪 𑄗𑄁 𑄚𑄨𑄖𑄴𑄖𑄮 𑄟𑄧𑄚𑄧𑄖𑄴 𑄗𑄭, 𑄇𑄪𑄙𑄪 𑄉𑄬𑄣𑄳𑄦𑄬 𑄇𑄪𑄙𑄪 𑄉𑄬𑄣𑄳𑄦𑄬 𑄌𑄨𑄖𑄴𑄖𑄨 𑄝𑄨? 𑄇𑄪𑄙𑄪 𑄉𑄬𑄣𑄳𑄦𑄬 𑄃𑄮 𑄟𑄧𑄢𑄴 𑄇𑄮𑄌𑄴𑄛𑄚𑄝𑄨?"
.যত পাক তবুও মনের ইচ্ছা পূরণ হয়না তার,"𑄷. 𑄎𑄬𑄙𑄧𑄇𑄴 𑄛𑄬𑄙𑄧 𑄥𑄖𑄴, 𑄟𑄧𑄚𑄴 𑄚𑄧 𑄛𑄪𑄢𑄭 𑄖𑄢𑄴"
. তার মনের ইচ্ছা পূরণ করতে পারবে না,𑄛𑄪𑄢𑄬 𑄘𑄨 𑄚𑄧 𑄛𑄢𑄨𑄝𑄬 𑄖 𑄟𑄧𑄚𑄳𑄦𑄚𑄴
.পুড়ে ফেলা/ দেওয়া / যাওয়া,"𑄸. 𑄛𑄪𑄢𑄨 𑄜𑄬𑄣𑄚𑄳𑄦, 𑄎𑄚, 𑄘𑄬𑄚"
".কি পোড়াচ্ছ? হাঙর মাছ, সিদোল পোড়াচ্ছি","𑄇𑄨 𑄛𑄪𑄢𑄮𑄖𑄴𑄗𑄬? 𑄦𑄋𑄧𑄢𑄴 𑄟𑄌𑄴, 𑄟𑄨𑄏𑄬𑄣𑄴, 𑄥𑄨𑄘𑄳𑄦𑄮𑄣𑄴 𑄛𑄪𑄢𑄧𑄋𑄧𑄖𑄴𑄗𑄬"
.গোটা বাড়িটা আগুনে পুড়ে গেল,𑄉𑄧𑄘 𑄊𑄧𑄢𑄳𑄦𑄚𑄴 𑄃𑄉𑄪𑄚𑄳𑄦𑄮𑄖𑄴 𑄛𑄪𑄢𑄨 𑄎𑄬𑄣𑄧𑄊𑄮𑄠𑄴
.পুড়তে পড়তে কিছুই বাকি থাকল না আর,𑄛𑄪𑄢𑄨 𑄎𑄘𑄬 𑄎𑄘𑄬 𑄇𑄨𑄌𑄴𑄍𑄪 𑄚𑄧 𑄗𑄬𑄣𑄧 𑄃𑄳𑄦𑄢𑄴𑅁
.তিন বারে,𑄖𑄨𑄚𑄴 𑄛𑄪𑄢𑄬
.সময় বানানো/ দেয়া / করা,"𑄛𑄪𑄢𑄴 𑄝𑄚𑄚𑄳𑄦, 𑄘𑄬𑄚, 𑄉𑄧𑄢𑄚𑄳𑄦"
.আজকে ডাক্তারকে দেখানোর সময় আছে,𑄃𑄨𑄌𑄴𑄌𑄬 𑄘𑄇𑄴𑄖𑄧𑄌𑄴𑄌𑄬𑄢𑄳𑄦𑄬 𑄘𑄬𑄉𑄬𑄞𑄢𑄴 𑄛𑄪𑄢𑄴 𑄃𑄊𑄬
. তারা কালকে বৌ নিতে যাবে বলে সময় দিয়েছে,𑄖𑄢𑄳𑄦 𑄇𑄨𑄣𑄴𑄣𑄬 𑄝𑄮 𑄈𑄧𑄎 𑄎𑄬𑄝𑄇𑄴 𑄞𑄨𑄣𑄨 𑄛𑄪𑄢𑄴 𑄝𑄚𑄴𑄐𑄳𑄦𑄮𑄚𑄴
.চেয়ারম্যান সময় দিলো কালকে যেতে,𑄌𑄬𑄊𑄢𑄴𑄟𑄬𑄚𑄴𑄐𑄳𑄦𑄬 𑄛𑄪𑄢𑄴 𑄘𑄨𑄣𑄧𑄙𑄬 𑄇𑄨𑄣𑄴𑄣𑄬 𑄎𑄬𑄝𑄖𑄴𑄖𑄬𑄠𑄴
আমরা সবাই এত তারিখে যাবো বলে সময় ঠিক করেছি,𑄃𑄟𑄳𑄦𑄨 𑄘𑄧 𑄝𑄬𑄇𑄴𑄇𑄪𑄚𑄳𑄦𑄬 𑄃𑄧𑄟𑄪𑄇𑄴 𑄖𑄢𑄨𑄊𑄮𑄖𑄴 𑄎𑄬𑄝𑄧𑄁 𑄞𑄨𑄣𑄨 𑄛𑄪𑄢𑄴 𑄉𑄧𑄌𑄴𑄍𑄬𑄠𑄴𑅁
". মানুষ পরী, দেবতা পরী","𑄟𑄚𑄬𑄠𑄬 𑄛𑄪𑄢𑄨, 𑄘𑄬𑄝𑄬𑄘 𑄛𑄪𑄢𑄨𑅁"
.পুরাতন- নতুন,𑄛𑄪𑄢𑄮𑄚𑄴 – 𑄚𑄮
.পুরাতন ঘু এর চারা তুলে লাভ আছে নাকি,𑄛𑄪𑄢𑄮𑄚𑄨 𑄊𑄪𑄃𑄮 𑄌𑄢 𑄃𑄭𑄪𑄣𑄴𑄣𑄬𑄚𑄬𑄠𑄴 𑄣𑄛𑄴 𑄃𑄉𑄬𑄙𑄬?
. ভুলে যাওয়ার চাইলেও তো ভুলতে পারিনা,𑄛𑄪𑄢𑄳𑄦𑄨 𑄜𑄬𑄣𑄬𑄝𑄢𑄴 𑄌𑄬𑄣𑄳𑄦𑄬𑄠𑄮 𑄙𑄧 𑄛𑄪𑄢𑄳𑄦𑄨 𑄜𑄬𑄣𑄬𑄠𑄴 𑄚𑄧 𑄛𑄢𑄧𑄁
.পড়লে কিছুক্ষণ পর ভুলে যাই আমি,𑄛𑄧𑄣𑄴𑄣𑄳𑄦𑄬 𑄈𑄇𑄴𑄇𑄬 𑄛𑄪𑄢𑄳𑄦𑄨 𑄜𑄬𑄣𑄁𑄉𑄮𑄠𑄴 𑄟𑄪𑄠𑄴
".অন্যের নামগুলো কিছুক্ষণ পরই ভুলে যাই, কাজেই আমার নামটাও ভুলে যাবো","𑄟𑄚𑄴𑄏𑄮 𑄚𑄋𑄚𑄳𑄦𑄨 𑄈𑄇𑄴𑄇𑄳𑄦𑄬 𑄛𑄪𑄢𑄳𑄦𑄨 𑄜𑄬𑄣𑄁𑄉𑄮𑄠𑄴 𑄟𑄪𑄠𑄴, 𑄇𑄎𑄬𑄇𑄨𑄌𑄴𑄍𑄬 𑄟𑄧 𑄚𑄋𑄳𑄦𑄚𑄴𑄃𑄮 𑄛𑄪𑄢𑄳𑄦𑄨 𑄜𑄬𑄣𑄬𑄘𑄪𑄁𑄉𑄮𑄠𑄴"
".এই অপমান ভুলে যাবোনা, একদিন প্রতিশোধ নেবোই নেবো","𑄃𑄬 𑄃𑄧𑄉𑄧𑄟𑄚𑄴 𑄛𑄪𑄢𑄳𑄦𑄨 𑄚𑄧 𑄜𑄬𑄣𑄬𑄟𑄴 𑄟𑄪𑄠𑄴, 𑄃𑄬𑄇𑄴𑄘𑄨𑄚𑄴 𑄥𑄪𑄎𑄨𑄟𑄴 𑄥𑄪𑄎𑄳𑄦𑄨𑄟𑄴𑅁"
".সে শুধু পুরুং পুরুং ঘুম যায়,",𑄥𑄨𑄝𑄳𑄦𑄬 𑄇𑄨 𑄝𑄚 𑄛𑄪𑄢𑄪𑄁 𑄛𑄪𑄢𑄪𑄁 𑄊𑄪𑄟𑄴 𑄎𑄭𑄘𑄳𑄠𑄬? 𑄖𑄬 𑄛𑄧𑄢𑄨 𑄟𑄧𑄖𑄴𑄖𑄧𑄚𑄨 𑄛𑄪𑄢𑄪𑄁 𑄛𑄪𑄢𑄪𑄁 𑄊𑄪𑄟𑄴 𑄎 𑄙𑄪𑄌𑄴𑄌𑄬
. এত বড় বড় নাকের শব্দ করে ঘুমালে কেমনে হবে,𑄥𑄬𑄟𑄴𑄞 𑄛𑄪𑄢𑄪𑄁 𑄛𑄪𑄢𑄪𑄁 𑄚𑄇𑄴 𑄘𑄮𑄉𑄮𑄢𑄬 𑄘𑄮𑄉𑄮𑄢𑄬 𑄊𑄪𑄟𑄴 𑄎𑄬𑄣𑄳𑄦𑄬 𑄇𑄬𑄚𑄳𑄦𑄬 𑄦𑄧𑄝𑄧?
এই কূলে রাত হলে ভয় লাগায়,𑄃𑄬 𑄛𑄪𑄣𑄴𑄣𑄳𑄦𑄮𑄖𑄴 𑄢𑄬𑄘𑄮𑄖𑄴 𑄦𑄧𑄣𑄬 𑄘𑄧𑄣𑄴 𑄣𑄉𑄚𑄴𑄘𑄬 𑄠𑄳𑄦𑄮
.বরগাঙের উপরে কত বড় পুল বেধেছে চাও তো,"𑄝𑄧𑄢𑄴𑄉𑄋𑄧 𑄃𑄪𑄉𑄪𑄢𑄬 𑄇𑄧𑄟𑄴𑄞 𑄃𑄨𑄇𑄴𑄊𑄮 𑄛𑄪𑄣𑄴 𑄝𑄚𑄴𑄐𑄳𑄦𑄮𑄚𑄴, 𑄌𑄊𑄨 𑄚!"
পেটটা শুধু পুং পুং করতেছে,𑄛𑄬𑄖𑄴𑄗𑄮 𑄇𑄨 𑄝𑄚 𑄛𑄪𑄁 𑄛𑄪𑄁 𑄉𑄧𑄢𑄬𑄖𑄴𑄗𑄬
.সে দরজাটা পুং পুং করে বাজাচ্ছে,𑄖𑄬 𑄘𑄮𑄢𑄳𑄦𑄚𑄴 𑄛𑄪𑄁 𑄛𑄪𑄁 𑄝𑄌𑄴𑄌𑄬 𑄘𑄬𑄣𑄴𑄣𑄮𑄠𑄴𑅁
". সব কাঁদা হয়ে গেছি, আছার খেয়েছি","𑄉𑄧𑄘 𑄛𑄬𑄇𑄴𑄛𑄨𑄘𑄨 𑄦𑄪𑄠𑄳𑄦𑄮𑄁, 𑄃𑄏𑄢𑄴 𑄈𑄨𑄠𑄮𑄁𑄉𑄬"
.পথটা কাঁদা হয়ে গেছে,𑄛𑄧𑄖𑄴𑄗𑄚𑄴 𑄃𑄧𑄟𑄧𑄉𑄧𑄘𑄧 𑄛𑄬𑄇𑄴𑄜𑄪𑄖𑄴 𑄦𑄪𑄠𑄬𑄘𑄳𑄦𑄬
.তাবিজ,𑄸. [𑄖𑄣𑄳𑄦𑄨𑄇𑄴]
.পাখির ডিম,𑄛𑄬𑄊𑄮 𑄝𑄧𑄘
.পাখির বাসা,𑄛𑄬𑄊𑄮 𑄝𑄳𑄦
.পাখির ছানা,𑄛𑄬𑄊𑄮 𑄥𑄧
.পাখির ভাজা,𑄛𑄬𑄇𑄴 𑄝𑄏
.পাখি খেলা,𑄛𑄬𑄇𑄴 𑄈𑄢𑅁
বার বার বেগুন তরকারি খেতে খেতে আর খেতে ইচ্ছে করে না,𑄊𑄧𑄎𑄨 𑄊𑄧𑄎𑄨 𑄝𑄬𑄉𑄪𑄚𑄴 𑄖𑄮𑄚𑄴 𑄈𑄘𑄬 𑄈𑄘𑄬 𑄛𑄬𑄉𑄖𑄴𑄗𑄳𑄠𑄬 𑄦𑄪𑄠𑄳𑄦𑄬𑅁
সে খুব প্যাচ জানে,𑄖𑄬 𑄃𑄧𑄟𑄧𑄉𑄧𑄘𑄧 𑄛𑄬𑄌𑄴 𑄎𑄚𑄳𑄦𑄬
ধোকাবাজ মানুষ,𑄛𑄬𑄌𑄴𑄝𑄧𑄣 𑄟𑄧𑄚𑄨𑄌𑄴𑄍𑄮𑄢𑄴𑅁
মানুষদের কেন জিজ্ঞাসা করে সে,𑄟𑄪𑄃𑄳𑄦𑄚𑄴 𑄇𑄨𑄖𑄴𑄗𑄬𑄠𑄴 𑄛𑄬𑄌𑄴𑄌𑄭𑄘𑄬 𑄖𑄬?
"ভাতগুলো এখনো ভালোভাবে ফুটে নাই, এখনো চাল আছে","𑄞𑄖𑄴𑄖𑄪𑄚𑄴 𑄉𑄧𑄟𑄬 𑄚𑄳𑄦𑄧 𑄜𑄪𑄘𑄮𑄚𑄴, 𑄃𑄬𑄞𑄧 𑄛𑄬𑄌𑄴𑄌𑄣𑄴 𑄃𑄊𑄧𑄚𑄴"
ভেজাল তুলা,𑄛𑄬𑄎𑄣𑄴 𑄖𑄪𑄣𑄚𑄳𑄦
কিছুক্ষণ পরপর ভেজাল তুলে সে,𑄈𑄇𑄴𑄇𑄳𑄦𑄬 𑄛𑄬𑄎𑄣𑄴 𑄖𑄪𑄣𑄳𑄦𑄬 𑄖𑄬𑅁
মুখে মুখে তর্ক করছে তারা,𑄟𑄪 𑄛𑄬𑄎𑄬𑄣𑄁 𑄝𑄏𑄬𑄠𑄮𑄚𑄴 𑄖𑄢𑄳𑄦𑅁
পেট ভরা,𑄛𑄬𑄖𑄴𑄖 𑄞𑄧𑄢𑄧𑄚𑄴
পেট কেটে দেয়া,𑄛𑄬𑄖𑄴 𑄉𑄣𑄨 𑄘𑄬𑄚
পেটের,𑄛𑄬𑄘𑄧 𑄃𑄘𑄪𑄢𑄨
পেট বড় করা,𑄛𑄬𑄖𑄴 𑄜𑄮𑄣𑄚
পেট ব্যথা,𑄛𑄬𑄖𑄴 𑄛𑄨𑄢𑄬
তার পেটটা ঢুকেছে/ বের হয়েছে,𑄖 𑄛𑄬𑄖𑄴𑄗𑄮 𑄥𑄮𑄟𑄴𑄟𑄬/ 𑄚𑄳𑄦𑄨𑄉𑄨𑄣𑄴𑄣𑄬/ 𑄃𑄱𑄣𑄴𑄣𑄳𑄦𑄬
তার নাকি হঠাৎ করে পেট ব্যাথা করতেছে,𑄖𑄢𑄴 𑄞𑄬𑄣𑄬 𑄃𑄝𑄙 𑄉𑄧𑄢𑄳𑄦𑄨 𑄛𑄬𑄖𑄴 𑄛𑄨𑄢𑄬 𑄉𑄧𑄢𑄳𑄦𑄬𑄢𑄴𑅁
ছোটবেলা থেকে পেটটা মরা করে বড় হয়েছে,𑄌𑄨𑄉𑄮𑄚𑄧𑄖𑄴𑄗𑄪𑄚𑄴 𑄙𑄧𑄢𑄨 𑄛𑄬𑄖𑄴𑄖𑄮 𑄟𑄧𑄢 𑄉𑄧𑄢𑄳𑄦𑄨 𑄘𑄋𑄳𑄦𑄧𑄢𑄴 𑄦𑄪𑄠𑄳𑄦𑄬 𑄖𑄬𑅁
আমার ক্ষুধা লেগেছে,𑄛𑄬𑄖𑄴 𑄛𑄪𑄢𑄬𑄣𑄴𑄣𑄮𑄠𑄴 𑄟𑄧𑄖𑄴𑄗𑄪𑄚𑄴
"ক্ষুধা লাগতেছে, মাংস খেতে চাইতেছে সে, কিছুক্ষণও অপেক্ষা করতে পারেনা সে","𑄛𑄬𑄖𑄴 𑄛𑄪𑄢𑄬𑄢𑄴 𑄥𑄧𑄖𑄴𑄖𑄬 𑄛𑄪𑄢𑄬𑄢𑄴 𑄖𑄢𑄴, 𑄈𑄇𑄴𑄇𑄧𑄚𑄴 𑄝𑄌𑄴𑄍𑄬 𑄚𑄧 𑄛𑄢𑄬𑄘𑄬"
" কিছুক্ষন আগে ভাত খেয়েছি, আবার ক্ষুধা লাগতেছে","𑄃𑄨𑄏𑄪 𑄃𑄪𑄟𑄭𑄪𑄣𑄴𑄣𑄬 𑄞𑄖𑄴 𑄈𑄨𑄠𑄮𑄁𑄉𑄬, 𑄃𑄢𑄳𑄦𑄧 𑄛𑄬𑄖𑄴 𑄛𑄪𑄢𑄬𑄢𑄴𑅁"
মাছের কুন্ডলী,𑄷. 𑄟𑄏𑄧 𑄛𑄬𑄘
পেট ভরণ,𑄛𑄬𑄘 𑄖𑄨𑄁 𑄖𑄨𑄁
নাকের কচি/ নাকের গন্ধলা/ নাকের খোট/ নাকের ময়লা,𑄸. 𑄚𑄉𑄧 𑄛𑄬𑄘
৮১০২. পেট পুরে ভাত খাওয়া,𑄛𑄬𑄘 𑄖𑄨𑄁𑄖𑄨𑄁 𑄉𑄧𑄢𑄳𑄦𑄨 𑄞𑄖𑄴 𑄈𑄚
৮১০৩. তুলে আনা/নিয়ে আসা //কুড়িয়ে আনা/ কুড়িয়ে নিয়ে আসা,"𑄷. 𑄛𑄬𑄘𑄬 𑄃𑄚𑄚𑄳𑄦, 𑄚𑄬𑄎𑄚"
৮১০৪.  তুলতে আসা/ যাওয়া // কুড়িয়ে নিতে আসা/ কুড়িয়ে নিতে যাওয়া,"𑄛𑄬𑄘 𑄃𑄬𑄎𑄚𑄳𑄦, 𑄎𑄚"
৮১০৫. তুলেছে,𑄛𑄬𑄘𑄬𑄠𑄬
"৮১০৬. আমি গাছে উঠে গাছটা ঝাঁকিয়ে দিব, তুমি আমগুলো কুড়িয়ে নিও","𑄟𑄪𑄠𑄴 𑄉𑄌𑄴𑄍𑄮𑄖𑄴 𑄃𑄪𑄘𑄨𑄚𑄳𑄦𑄬𑄠𑄴 𑄏𑄉𑄢𑄬 𑄘𑄨𑄟𑄴, 𑄖𑄪𑄠𑄴 𑄃𑄟𑄳𑄦𑄪𑄚𑄴 𑄛𑄬𑄘𑄬𑄌𑄴"
"৮১০৭. তারা যেটাই পায়, সেটাই কুড়িয়ে নিয়ে যায়","𑄖𑄢𑄳𑄦 𑄎𑄨𑄠𑄳𑄦𑄬𑄚𑄴 𑄛𑄳𑄦𑄚𑄴, 𑄥𑄨𑄠𑄳𑄦𑄬𑄚𑄴 𑄛𑄬𑄘𑄬 𑄚𑄬𑄎𑄚𑄴𑄘𑄮𑄠𑄴"
"৮১০৮. তোমাকে তো তোমার মা জন্ম দেয়নি, জঙ্গল থেকে কুড়িয়ে নিয়ে এসেছে -","𑄖𑄧𑄢𑄳𑄦𑄬 𑄙𑄧 𑄖𑄧𑄟𑄴𑄟 𑄚𑄳𑄦𑄧 𑄜𑄪𑄘𑄭, 𑄏𑄢𑄧𑄖𑄴𑄖𑄪𑄚𑄴 𑄝𑄮 𑄛𑄬𑄘𑄬 𑄃𑄚𑄴𑄐𑄳𑄦𑄬𑄘𑄬 – 𑄃𑄱𑄀! 𑄘𑄢𑄴𑄞𑄮 𑄛𑄬𑄘 𑄃𑄨𑄌𑄴𑄍𑄮𑄚𑄴𑄘𑄬 𑄖𑄢𑄳𑄦"
৮১০৯. এটা কেন হয়নি,"𑄸. 𑄃𑄨𑄠𑄳𑄦𑄬𑄚𑄴 𑄇𑄨𑄖𑄴𑄗𑄬𑄠𑄴 𑄚𑄳𑄦𑄧 𑄦𑄧𑄠𑄴, 𑄃𑄳𑄦𑄪𑄝𑄚𑄴 𑄇𑄨𑄖𑄴𑄗𑄬𑄠𑄴 𑄚𑄳𑄦𑄧 𑄦𑄧𑄠𑄴, 𑄝𑄚 𑄛𑄬𑄘𑄭𑄘𑄬 𑄖𑄬"
"৮১১০. সে সোজাসুজি চলে, এত বাকছলতা করে না","𑄖𑄬 𑄃𑄪𑄎𑄪 𑄃𑄪𑄎𑄪 𑄌𑄧𑄣𑄬𑄘𑄬, 𑄃𑄬𑄙𑄧𑄇𑄴 𑄚𑄧 𑄛𑄬𑄘𑄭"
৮১১১. এত বাকছলতা করলে সংসার তিন দিনও টিকবে না,𑄃𑄬𑄙𑄧𑄇𑄴 𑄛𑄬𑄘𑄛𑄬𑄘𑄨 𑄉𑄧𑄣𑄴𑄣𑄳𑄦𑄬 𑄖𑄧𑄟𑄳𑄦 𑄥𑄧𑄁𑄥𑄢𑄴 𑄖𑄨𑄚𑄴 𑄙𑄨𑄚𑄮 𑄚𑄧 𑄖𑄨𑄉𑄨𑄝𑄮
8113,blank
"৮১১৪. বেশি তর্ক করো না, মার খাবে","𑄝𑄬𑄌𑄴 𑄛𑄬𑄘𑄬 𑄛𑄬𑄘𑄬 𑄚𑄧 𑄉𑄧𑄢𑄳𑄦𑄨𑄌𑄴 𑄃𑄮, 𑄘𑄨𑄟𑄴𑄟𑄬 𑄠𑄳𑄦𑄬"
৮১১৫. সে একটু বেশিই তর্ক করে,𑄥𑄨𑄝𑄳𑄦𑄬 𑄃𑄬𑄚𑄳𑄦𑄬 𑄝𑄬𑄌𑄴 𑄛𑄬𑄘𑄬𑄛𑄬𑄘𑄬 𑄉𑄧𑄢𑄬𑄙𑄬
৮১১৬. কবে যে আমার কাছ থেকে একদিন মার খায়,𑄇𑄧𑄟𑄧𑄣𑄬 𑄈𑄭 𑄘𑄧 𑄟𑄧𑄖𑄴𑄗𑄪𑄚𑄴𑅁
৮১১৭. পেটে ভাতে থাকা,𑄛𑄬𑄘𑄬𑄞𑄘𑄬 𑄗𑄚 𑄃𑄳𑄦𑄠𑄴𑅁
৮১১৮. বেশি পিছল কথা বলে তারা আমাকে,𑄎𑄧𑄘𑄧𑄝𑄧𑄘𑄬 𑄛𑄬𑄘𑄬𑄣𑄚𑄴 𑄃𑄳𑄦𑄬𑄚𑄬 𑄖𑄢𑄳𑄦 𑄟𑄧𑄢𑄳𑄦𑄬𑅁
8119,"𑄷. 𑄛𑄬𑄘𑄬𑄠𑄬𑄃𑄪𑄚𑄳𑄦𑄬 𑄇𑄨 𑄛𑄬𑄘𑄚𑄴? 𑄸. 𑄥𑄨𑄝𑄳𑄦𑄬 𑄃𑄬𑄇𑄴𑄇 𑄛𑄬𑄘𑄬𑄠𑄬 𑄚𑄳𑄦𑄧𑄠𑄴 𑄥𑄬, 𑄖𑄧𑄢𑄳𑄦𑄬 𑄃𑄬𑄇𑄴𑄈𑄚 𑄚𑄳𑄦𑄧𑄠𑄴 𑄃𑄬𑄇𑄴𑄈𑄚𑄴 𑄇𑄧𑄞𑄧𑄘𑄬 𑄇𑄧𑄞𑄧"
৮১২০. আমগুলো পুরোপুরি শিথিল হয়ে গেছে,𑄹. 𑄃𑄟𑄳𑄦𑄪𑄚𑄴 𑄉𑄧𑄘 𑄛𑄬𑄘𑄬𑄠𑄬
৮১২১. কাঁঠাল টা শিথিল হয়ে গেছে,𑄇𑄖𑄴𑄗𑄮𑄣𑄴𑄣𑄮 𑄛𑄬𑄘𑄬𑄠𑄬𑅁
"৮১২২. প্যান্ট পরে স্কুলে যেতে হয়, লাঙ্গোট পড়ে নয়।","𑄛𑄬𑄚𑄴𑄘𑄧𑄣𑄧𑄁 𑄛𑄨𑄚𑄳𑄦𑄨 𑄃𑄨𑄇𑄴𑄇𑄪𑄣𑄮𑄖𑄴 𑄎 𑄛𑄧𑄢𑄬, 𑄖𑄨𑄚𑄴𑄐𑄬 𑄇𑄚𑄨 𑄛𑄨𑄚𑄳𑄦𑄨 𑄚𑄳𑄦𑄧𑄠𑄴"
"৮১২৩. লম্বা প্যান্ট, খাটো প্যান্ট আছে তো","𑄣𑄟𑄴𑄝 𑄛𑄬𑄚𑄴𑄘𑄧𑄣𑄧𑄁, 𑄝𑄙𑄨 𑄛𑄬𑄚𑄴𑄘𑄧𑄣𑄧𑄁 𑄃𑄊𑄧𑄚𑄴 𑄘𑄧𑅁"
8124,𑄛𑄬𑄢 𑄝𑄳𑄦𑄃𑄪𑄚𑄴 𑄣𑄟𑄴𑄝 𑄣𑄟𑄴𑄝 𑄉𑄧𑄢𑄳𑄦𑄨𑅁
৮১২৫. বজ্র গর্জন,𑄘𑄬𑄝 𑄛𑄬𑄢𑄇𑄴
তেল নিংড়ে নেওয়া,𑄖𑄬𑄣𑄴 𑄛𑄬𑄢𑄬 𑄣𑄧𑄚𑄳𑄦𑅁
৮১২৭. ময়লা ঘষা,𑄛𑄬𑄢𑄴𑄉 𑄘𑄧𑄣𑄚
"৮১২৮. শরীরের ময়লা দূর হয় গোসল করলে, আর মনের ময়লা দূর হয় দান, শীল, ভাবনা করলে","𑄇𑄨𑄠𑄬 𑄛𑄬𑄢𑄴𑄉 𑄎𑄭𑄘𑄬 𑄉𑄘𑄨𑄣𑄳𑄦𑄬, 𑄟𑄧𑄚𑄧 𑄛𑄬𑄢𑄴𑄉 𑄎𑄭𑄘𑄬 𑄘𑄚𑄴, 𑄥𑄨𑄣𑄴 𑄞𑄝𑄧𑄚 𑄉𑄧𑄣𑄴𑄣𑄳𑄦𑄬"
৮১২৯. শরীর ঘষাঘষি করলে শুধু ময়লা বের হয়,𑄇𑄨𑄠𑄬𑄃𑄳𑄦𑄚𑄴 𑄘𑄧𑄣𑄨𑄣𑄬 𑄎𑄬 𑄛𑄬𑄢𑄴𑄉 𑄚𑄳𑄦𑄨𑄉𑄨𑄣𑄬 𑄘𑄧
৮১৩৫. অশান্তি /দুশ্চিন্তা/ ঝামেলা /বিরক্তি দেওয়া,"𑄛𑄬𑄢𑄬𑄥𑄚𑄨 𑄘𑄬𑄚, 𑄈𑄝𑄚"
৮১৩৬. সে তার মা'কে বেশিই বিরক্তি করে,𑄖𑄬 𑄃𑄧𑄟𑄧𑄉𑄧𑄘𑄧 𑄖𑄟𑄴𑄟𑄢𑄳𑄦𑄬 𑄛𑄬𑄢𑄬𑄥𑄚𑄨 𑄈𑄝𑄭𑅁
৮১৩৭. সম্পূর্ণ পানি উপচে পড়ছে,𑄉𑄧𑄘 𑄛𑄬𑄣𑄁 𑄝𑄳𑄦𑄬 𑄛𑄧𑄢𑄬𑄣𑄴𑄣𑄮𑄠𑄴 𑄛𑄚𑄳𑄦𑄨𑄃𑄚𑄴
"৮১৩৮. পাতলা থেকে পানি উপচে পড়ছে, তবুও সে ঢালতেছে","𑄛𑄨𑄣𑄬𑄞𑄮 𑄞𑄧𑄢𑄨 𑄞𑄢𑄭 𑄛𑄬𑄣𑄁 𑄝𑄳𑄦𑄬 𑄛𑄧𑄢𑄬𑄣𑄴𑄣𑄮𑄠𑄴, 𑄖𑄬 𑄖𑄪𑄃𑄳𑄦𑄮 𑄙𑄣𑄬𑄖𑄴𑄖𑄬 𑄙𑄣𑄬𑄢𑄴𑅁"
৮১৩৯. উপচে পড়া,𑄛𑄬𑄣𑄁 𑄝𑄳𑄦𑄬 𑄛𑄧𑄢𑄚
৮১৪০. পানিটা সম্পূর্ণ উপচে পড়ছে,𑄛𑄚𑄳𑄦𑄨𑄃𑄚𑄴 𑄉𑄧𑄘 𑄛𑄬𑄣𑄁 𑄝𑄳𑄦𑄬 𑄛𑄧𑄢𑄬𑄣𑄴𑄣𑄮𑄠𑄴𑅁
"৮১৪৯. পানি সম্পূর্ণ ঢলঢলে হয়েছে, ভরছে ,","𑄛𑄚𑄳𑄦𑄨 𑄉𑄧𑄘 𑄛𑄬𑄣𑄬𑄛𑄬𑄣𑄬 𑄦𑄪𑄠𑄳𑄦𑄬, 𑄞𑄧𑄌𑄴𑄎𑄬𑄘𑄳𑄦𑄬, 𑄈𑄇𑄴𑄇𑄬 𑄛𑄬𑄣𑄁 𑄝𑄳𑄦𑄬 𑄛𑄧𑄢𑄨𑄝𑄮𑄉𑄮𑄠𑄴"
৮১৫০. কলসিতে এতো ঢলঢলে করে পানি নিয়েছো কেন?,𑄈𑄪𑄟𑄴𑄟𑄳𑄦𑄮 𑄇𑄨 𑄥𑄬𑄘𑄧𑄇𑄴 𑄛𑄬𑄣𑄬𑄛𑄬𑄣𑄬 𑄉𑄧𑄢𑄳𑄦𑄨 𑄞𑄧𑄌𑄴𑄍𑄮𑄌𑄴?
৮১৫১. প্যান্ট জামা,𑄛𑄳𑄦𑄬𑄚𑄴 – 𑄥𑄪𑄣𑄪𑄟𑄴
"৮১৫২. তার প্যান্টটা খুলে যাচ্ছে, ভালো করে পর","𑄖𑄧 𑄛𑄳𑄦𑄬𑄚𑄴𑄚𑄮 𑄈𑄮𑄉𑄬 𑄎𑄣𑄴𑄣𑄮𑄠𑄴, 𑄉𑄧𑄟𑄬 𑄛𑄨𑄚𑄴"
৮১৫৩. অর্ধ পায়জামা/ লম্বা প্যান্ট,"𑄈𑄛𑄴 𑄛𑄳𑄦𑄬𑄚𑄴, 𑄜𑄪𑄣𑄴 𑄛𑄳𑄦𑄬𑄚𑄴"
প্যান্ট টা আঁটসাঁট/ ঢিলেঢালা,𑄛𑄳𑄦𑄬𑄚𑄴𑄚𑄮 𑄌𑄨𑄝𑄬𑄌𑄨𑄛𑄴𑄛𑄬/ 𑄙𑄪𑄣𑄪𑄁𑄙𑄣𑄁 𑄦𑄪𑄠𑄳𑄦𑄬
৮১৫৫. প্যান্ট আর জামায় এক পোশাক ,𑄛𑄬𑄚𑄳𑄦𑄬 𑄥𑄪𑄣𑄪𑄟𑄬 𑄃𑄬𑄇𑄴 𑄘𑄬𑄢𑄬𑄌𑄴𑅁
"কাল হলে সে গাঙে যেতো,হেঁসে হেঁসে কলসিটা কোমরে নিতো","𑄝𑄨𑄚𑄴𑄐𑄳𑄦𑄬 𑄛𑄰𑄱𑄖𑄴𑄗𑄬 𑄦𑄧𑄣𑄬 𑄉𑄋𑄧𑄖𑄴 𑄎𑄬𑄘𑄧 𑄖𑄬, 𑄦𑄎𑄨 𑄦𑄎𑄨 𑄈𑄪𑄟𑄴𑄟𑄮 𑄇𑄧𑄢𑄳𑄦𑄧𑄖𑄴 𑄣𑄧𑄙𑄧 𑄖𑄬"
"সকাল হয়ে এসেছে,সবাই শব্দ করতেছে","𑄛𑄰𑄱𑄖𑄴𑄗𑄬 𑄃𑄟𑄧𑄣𑄴 𑄛𑄪𑄌𑄴𑄏𑄬𑄉𑄨, 𑄛𑄬𑄇𑄴𑄇𑄪𑄚𑄳𑄦𑄬 𑄇𑄧𑄣𑄳𑄦𑄧𑄇𑄣𑄳𑄦 𑄉𑄧𑄖𑄴𑄗𑄧𑄚𑄴𑅁"
প্রথম প্রথম আমরা একটু লজ্জাবোধ করতাম,"𑄛𑄰𑄱𑄣𑄴𑄣𑄳𑄦𑄬 𑄛𑄰𑄱𑄣𑄴𑄣𑄳𑄦𑄬 𑄃𑄟𑄳𑄦𑄨 𑄃𑄬𑄇𑄴𑄇 𑄣𑄎𑄬𑄘𑄧𑄁, 𑄃𑄨𑄇𑄴𑄈𑄪 𑄦𑄧𑄣𑄬 𑄚𑄧 𑄣𑄎𑄬𑄠𑄴 𑄃𑄳𑄦𑄢𑄴 𑄇𑄧𑄙 𑄇𑄧𑄙𑄬𑅁"
ফাঁকে নেয়া/ঢুকানো/ঢুকা,𑄜𑄉𑄧𑄖𑄴 𑄣𑄧𑄚/𑄞𑄧𑄢𑄚/𑄥𑄧𑄟𑄚
"তাকে আমরা সাথে নিবোনা,সে শুধু ঝগড়া করে","𑄖𑄢𑄳𑄦𑄬 𑄃𑄟𑄳𑄦𑄨 𑄜𑄉𑄧𑄖𑄴 𑄚𑄧 𑄣𑄧𑄞𑄧𑄁, 𑄖𑄬 𑄝𑄚 𑄇𑄪𑄌𑄴𑄎𑄬 𑄝𑄎𑄭𑄙𑄳𑄠𑄬"
"তারা আমাকেও সাথে নিতে চেয়েছে,কিন্তু আমি তাদের সাথে যায়নি","𑄖𑄢𑄳𑄦 𑄟𑄧𑄢𑄳𑄦𑄬𑄠𑄮 𑄜𑄉𑄧𑄖𑄴 𑄞𑄧𑄢𑄬𑄝𑄢𑄴 𑄌𑄳𑄦𑄨𑄠𑄮𑄚𑄴, 𑄈𑄣𑄨𑄇𑄴 𑄟𑄪𑄠𑄴 𑄖𑄢𑄳𑄦 𑄜𑄉𑄧𑄖𑄴 𑄚𑄳𑄦𑄧 𑄥𑄧𑄟𑄧𑄁"
"তাদের সংঘদানে আমরাও ঢুকলাম,সবাই মিলে পূণ্য কাজ করলাম","𑄖𑄢𑄳𑄦 𑄌𑄧𑄁𑄉𑄧𑄘𑄚𑄧𑄖𑄴 𑄃𑄟𑄳𑄦𑄨𑄠𑄮 𑄥𑄮𑄟𑄬𑄣𑄧𑄁, 𑄝𑄬𑄊𑄬 𑄟𑄨𑄣𑄨𑄚𑄬𑄠𑄴 𑄛𑄪𑄚𑄴𑄐𑄮 𑄇𑄟𑄴 𑄉𑄧𑄣𑄴𑄣𑄳𑄦𑄧𑄁"
"সবাই একই দলে,তুমি কেন আলাদা হয়েছো?","𑄝𑄬𑄇𑄴𑄈𑄪𑄚𑄴 𑄃𑄬𑄇𑄴 𑄜𑄉𑄧𑄖𑄴, 𑄖𑄪𑄠𑄴 𑄇𑄨𑄖𑄴𑄗𑄬𑄠𑄴 𑄎𑄧𑄉𑄧𑄘𑄁 𑄦𑄪𑄠𑄳𑄦𑄮𑄌𑄴?"
পাকাপাকিভাবে/মন দিয়ে,𑄜𑄇𑄴𑄜𑄇𑄴𑄇𑄬 – 𑄚𑄨𑄟𑄴𑄟𑄳𑄦𑄮
"পাকাপাকিভাবে মাছ মারে,খালি করে আসে,মন দিয়ে মাছ মারে,জায়গা ভর্তি আনে।","𑄜𑄇𑄴𑄜𑄇𑄴𑄇𑄬 𑄟𑄌𑄴 𑄟𑄢𑄬, 𑄌𑄪𑄙𑄮 𑄦𑄭𑄖𑄴𑄖𑄬 𑄃𑄬𑄏𑄬, 𑄚𑄨𑄟𑄴𑄟𑄳𑄦𑄮 𑄟𑄌𑄴 𑄟𑄢𑄬, 𑄘𑄪𑄣𑄮 𑄞𑄧𑄢𑄬 𑄃𑄚𑄳𑄦𑄬"
"সে বকবক করা মানুষ তো,হুট করে বলতে পারে","𑄥𑄨𑄝𑄳𑄦𑄬 𑄃𑄧𑄟𑄧𑄉𑄧𑄘𑄧 𑄜𑄇𑄴𑄜𑄇𑄴𑄇𑄬 𑄟𑄪 𑄙𑄧, 𑄈𑄇𑄴𑄇𑄳𑄦𑄬 𑄇𑄳𑄦𑄮 𑄖𑄋𑄧𑄢𑄬"
"তার মুখটা বকবকে,যেটা দেখে সেটা বলতে হয়","𑄖 𑄟𑄪𑄃𑄳𑄦𑄚𑄴 𑄃𑄧𑄟𑄧𑄉𑄧𑄘𑄧 𑄜𑄇𑄴𑄜𑄇𑄴𑄇𑄬, 𑄎𑄨𑄠𑄳𑄦𑄬𑄚𑄴 𑄘𑄬𑄊𑄬, 𑄥𑄨𑄠𑄳𑄦𑄬𑄚𑄴 𑄇𑄳𑄦𑄮 𑄛𑄳𑄦𑄠𑄴𑅁"
গাছের ফাঁকা,𑄉𑄏𑄧 𑄜𑄉
সে কোন গাছের ফাঁকায় বসে আছে,𑄖𑄬 𑄇𑄧𑄚𑄴 𑄉𑄏𑄧 𑄜𑄉𑄖𑄴 𑄝𑄏𑄨 𑄃𑄉𑄬𑄊𑄮𑄠𑄴
ফাঁকি দেয়া,𑄜𑄉𑄢 𑄉𑄧𑄢𑄚𑄳𑄦
ফাঁকি টাংকি,𑄜𑄉𑄢 𑄚𑄉𑄢𑄳𑄦
চিটিংবাজ হওয়া,𑄜𑄉𑄢 𑄦𑄧𑄚
ফাঁকি দেয়া আমি একদম দেখতে পারিনা,𑄜𑄉𑄢 𑄉𑄧𑄢𑄚𑄳𑄦 𑄟𑄪𑄠𑄴 𑄃𑄬𑄇𑄴𑄈𑄬 𑄘𑄳𑄦𑄬 𑄚𑄧 𑄛𑄢𑄧𑄁𑄉𑄬
চিটিংবাজ করে অন্যর টাকা মেরে কয়দিন আর থাকা যায়,𑄜𑄉𑄢 𑄚𑄉𑄢𑄳𑄦 𑄉𑄧𑄢𑄳𑄦𑄨 𑄟𑄚𑄴𑄏𑄮 𑄖𑄬𑄋 𑄟𑄢𑄨 𑄈𑄬 𑄘𑄨 𑄘𑄨 𑄇𑄧𑄠𑄴𑄙𑄨𑄚𑄴 𑄈𑄬𑄝𑄧 𑄃𑄭
ধার নিয়ে সময়মতো টাকা সৌধ করতে না পারলে তো চিটিংবাজ বলতে হবে,𑄃𑄪𑄙𑄮𑄢𑄴 𑄣𑄮𑄚𑄬𑄠𑄴 𑄃𑄧𑄇𑄴𑄗𑄧 𑄟𑄪𑄎𑄨𑄟𑄴 𑄖𑄬𑄋𑄃𑄳𑄦𑄪𑄚𑄴 𑄥𑄪𑄎𑄳𑄦𑄨 𑄚𑄧 𑄛𑄣𑄴𑄣𑄬 𑄙𑄧 𑄜𑄉𑄢 𑄦𑄮 𑄛𑄧𑄢𑄨𑄝𑄮
শুধু শুধু চিটিংবাজ হলাম তার সাথে,𑄌𑄪𑄙𑄮 𑄌𑄪𑄙𑄮 𑄜𑄉𑄢 𑄦𑄪𑄣𑄪𑄁𑄉𑄬 𑄖𑄣𑄴𑄣𑄮𑄠𑄴𑅁
কোদাল দিয়ে মাটি খোদায় করা যায়,𑄜𑄉𑄢𑄣𑄮𑄠𑄴 𑄟𑄘𑄨 𑄇𑄮𑄘𑄮𑄣𑄬 𑄛𑄢𑄬
বড়/ছোট কোদাল,𑄘𑄋𑄳𑄦𑄧𑄢𑄴/ 𑄌𑄨𑄉𑄮𑄚𑄴 𑄜𑄉𑄢𑄳𑄦
কোদালের মুখ,𑄜𑄉𑄢𑄳𑄦 𑄟𑄪𑅁
ফাঁকি দেয়া/করে দেয়া,"𑄷. 𑄜𑄉𑄨 𑄉𑄧𑄢𑄚𑄳𑄦, 𑄉𑄧𑄢𑄳𑄦𑄨 𑄘𑄬𑄚"
"তোমাকে কবে আমি মাংস ভক্ষণ করে দিই,ঘুরিও না বললেও ঘুরো।","𑄖𑄧𑄢𑄳𑄦𑄬 𑄟𑄪𑄠𑄴 𑄇𑄧𑄟𑄧𑄣𑄬 𑄦𑄬𑄢 𑄜𑄉𑄨 𑄉𑄧𑄢𑄳𑄦𑄨 𑄘𑄮𑄁 𑄙𑄧, 𑄚𑄧 𑄝𑄬𑄢𑄬𑄌𑄴 𑄇𑄧𑄣𑄳𑄦𑄬 𑄖𑄳𑄦𑄮 𑄝𑄬𑄢𑄌𑄴𑄌𑄬"
ফাঁকি দেয়া /মারা,𑄸. 𑄜𑄉𑄨 𑄘𑄬𑄚/𑄟𑄢𑄚
সে স্কুল ফাঁকি দিতে দিতে অভ্যস্ত হয়ে গেছে,𑄥𑄨𑄝𑄳𑄦𑄬 𑄃𑄨𑄇𑄴𑄇𑄪𑄣𑄴 𑄜𑄉𑄨 𑄘𑄨𑄘𑄨 𑄃𑄇𑄴𑄇𑄳𑄠𑄬𑄁 𑄦𑄪𑄠𑄬𑄘𑄳𑄦𑄬𑅁
এই গুড়োটা পানিতে মিশিয়ে খেয়ে নিও,𑄃𑄬 𑄜𑄉𑄪𑄃𑄳𑄦𑄚𑄴 𑄛𑄚𑄳𑄦𑄨𑄖𑄴 𑄉𑄪𑄣𑄨𑄚𑄬𑄠𑄴 𑄈𑄬𑄝𑄬𑄘𑄬
বেঁটে চালগুলো একদম গুড়ো হয়েছে,𑄝𑄘𑄨 𑄝𑄘𑄭 𑄘𑄪𑄝𑄨𑄘𑄝𑄭 𑄌𑄮𑄣𑄮 𑄉𑄪𑄢𑄨𑄃𑄚𑄳𑄦𑄨 𑄃𑄬𑄇𑄴𑄈𑄬 𑄜𑄉𑄪 𑄦𑄪𑄠𑄳𑄦𑄬𑅁
ফাল্গুন মাস,𑄜𑄉𑄮𑄚𑄴 𑄟𑄳𑄦𑄌𑄴
জমিতে সার দিলে তারপর নাকি ধান ফলে,𑄞𑄪𑄠𑄮𑄖𑄴 𑄜𑄌𑄴 𑄘𑄨𑄣𑄳𑄦𑄬 𑄖𑄳𑄦𑄬 𑄞𑄬𑄣𑄬 𑄙𑄚𑄚𑄳𑄦𑄨 𑄝𑄧𑄣𑄬𑄘𑄬
তার অভ্যাসটা এখনো ফেলতে পারেনাই,𑄖 𑄜𑄎𑄃𑄳𑄦𑄚𑄴 𑄃𑄬𑄞𑄧 𑄜𑄬𑄣𑄳𑄦𑄬 𑄚𑄳𑄦𑄧 𑄛𑄢𑄬𑄉𑄮𑄠𑄴
তোমার ব্যবহারটা একটু সুন্দর করিও তো,𑄖𑄧 𑄜𑄎𑄃𑄳𑄦𑄚𑄴 𑄘𑄮𑄣𑄴 𑄉𑄧𑄢𑄳𑄦𑄨𑄌𑄴 𑄘𑄬 𑄃𑄬𑄇𑄴𑄇
আরও সেখানে তার ব্যবহারটা বের করতেছে,𑄃𑄢𑄳𑄦𑄧 𑄖 𑄜𑄎𑄃𑄳𑄦𑄚𑄴 𑄚𑄳𑄦𑄬𑄉𑄬𑄣𑄢𑄴 𑄃𑄨𑄠𑄳𑄦𑄮𑄖𑄴
আমি তার ব্যবহারটা আর দেখতে পারতেছিনা,𑄟𑄪𑄠𑄴 𑄖 𑄜𑄎𑄃𑄳𑄦𑄚𑄴 𑄃𑄨𑄏𑄪 𑄘𑄳𑄦𑄬 𑄚𑄧 𑄛𑄢𑄧𑄋𑄧𑄖𑄴𑄗𑄬𑅁
সে কি শুধু ঘুরে বেড়ায়,𑄥𑄨𑄝𑄳𑄦𑄬 𑄇𑄨 𑄝𑄚 𑄜𑄖𑄴𑄖𑄮 𑄝𑄬𑄢𑄭𑄘𑄬
ঘুরে বেড়ানো কুকুর,𑄜𑄖𑄴𑄖𑄮 𑄇𑄪𑄉𑄪𑄢𑄴
তুমি এত ঘুরাফেরা করো কেনো কে জানে,𑄖𑄪𑄠𑄴 𑄃𑄳𑄦𑄬𑄟𑄴𑄝 𑄇𑄨 𑄜𑄖𑄴𑄖𑄮 𑄦𑄧𑄣𑄬 𑄇𑄧𑄚𑄴𑄚𑄳𑄦 𑄇𑄳𑄦𑄮 𑄛𑄢𑄬𑅁
মিথ্যা কথা,𑄜𑄘 𑄉𑄧𑄛𑄴
ফাটা দাগ,𑄜𑄘 𑄘𑄇𑄴
ফাটা/ছেঁড়া,𑄜𑄘 𑄌𑄬𑄢
ছেঁড়া  ছেঁড়া,𑄜𑄘 𑄜𑄘
ছেঁড়া ছেঁড়া জামাকাপড়,𑄜𑄘 𑄜𑄘 𑄛𑄳𑄦𑄬𑄚𑄴 𑄥𑄪𑄣𑄪𑄟𑄴
সে ছেঁড়া জামাকাপড় পরে আসছে,𑄜𑄘 𑄜𑄘 𑄇𑄝𑄧𑄢𑄴 𑄌𑄪𑄝𑄮𑄢𑄴 𑄃𑄪𑄢𑄳𑄦𑄨 𑄃𑄨𑄌𑄴𑄍𑄬 𑄖𑄬
সেই ছেড়া টাকাগুলো নিবে ও না,𑄥𑄬 𑄜𑄘 𑄌𑄬𑄢 𑄖𑄬𑄋𑄃𑄳𑄦𑄪𑄚𑄴 𑄃𑄬𑄇𑄴𑄇 𑄚𑄧𑄠𑄳𑄦𑄮 𑄌𑄧𑄣𑄨𑄝𑄇𑄴𑄇𑄬
বিল্ডিংয়ে কত বড় ফাটা দাগ পরছে,𑄝𑄨𑄣𑄴𑄙𑄨𑄋𑄚𑄧𑄖𑄴 𑄇𑄧𑄟𑄴𑄞 𑄜𑄘 𑄘𑄇𑄴 𑄣𑄪𑄠𑄳𑄦𑄬
মিথ্যা কথা বলতেছো মনে হয় তুমি!সে কত বড় গলার স্বর বের করলো শুনেছো?,𑄜𑄘 𑄉𑄧𑄛𑄴 𑄟𑄢𑄧𑄖𑄴𑄗𑄬 𑄚𑄧 𑄚𑄳𑄦𑄬 𑄖𑄪𑄠𑄴! 𑄥𑄨𑄝𑄳𑄦𑄬 𑄇𑄧𑄟𑄴𑄞 𑄜𑄘 𑄌𑄬𑄢 𑄢𑄧 𑄚𑄳𑄦𑄬𑄉𑄬𑄣𑄬𑄠𑄳𑄦𑄬 𑄥𑄪𑄚𑄴𑄐𑄮𑄌𑄴 𑄚𑄨?
ছিঁড়ে যাওয়া/দেয়া/ফেলা,𑄜𑄘𑄨 𑄎𑄚/𑄘𑄬𑄚/ 𑄜𑄬𑄣𑄚𑄳𑄦
বলটা এক লাঠিতে ফেটে গেলো,𑄝𑄳𑄦𑄮𑄣𑄴𑄣𑄮 𑄃𑄬𑄊𑄪 𑄣𑄙𑄨𑄖𑄴 𑄜𑄖𑄴𑄖𑄳𑄠𑄳𑄦𑄬
এই কাগজগুলো কে ছিঁড়ে ফেলছে?যে খাইছে তার পেট ফেটে গিয়ে মরবে তো,"𑄃𑄬 𑄇𑄉𑄮𑄌𑄴𑄌𑄚𑄳𑄦𑄨 𑄇𑄧𑄚𑄴𑄚𑄳𑄦 𑄜𑄘𑄨 𑄜𑄬𑄣𑄬𑄣𑄳𑄦𑄧? 𑄎𑄬 𑄈𑄨𑄠𑄳𑄦𑄬 𑄖𑄬, 𑄈𑄇𑄴𑄇𑄬 𑄛𑄬𑄖𑄴𑄗𑄮 𑄜𑄘𑄨𑄚𑄬𑄠𑄴 𑄟𑄧𑄢𑄨𑄝𑄮 𑄙𑄧"
সেটা তো ফেটে যাবার মতো হয়ছে,𑄃𑄨𑄞𑄬 𑄙𑄧 𑄜𑄘𑄨 𑄎𑄬𑄝𑄢𑄴 𑄃𑄧𑄇𑄴𑄗𑄧 𑄦𑄪𑄠𑄳𑄦𑄬
"বকবক করিও না,মারলে ফেটে ফেলবো","𑄛𑄬𑄘𑄬 𑄛𑄬𑄘𑄬 𑄚𑄧 𑄉𑄧𑄢𑄳𑄦𑄨𑄌𑄴, 𑄟𑄃𑄬𑄢𑄧𑄖𑄴 𑄜𑄘𑄬 𑄜𑄬𑄣𑄳𑄦𑄬𑄟𑄴𑅁"
ফানুস,𑄜𑄚𑄌𑄴 𑄝𑄖𑄴𑄖𑄨
ফানুস উড়ানো/বানানো,"𑄜𑄚𑄌𑄴 𑄃𑄪𑄢𑄚, 𑄝𑄚𑄚"
স্বর্গে বুদ্ধের চুলগুলো পূজা করার জন্য ফানুস উড়ানো হয়,𑄥𑄧𑄢𑄴𑄉𑄧𑄖𑄴 𑄝𑄪𑄖𑄴𑄙𑄮 𑄌𑄪𑄣𑄚𑄳𑄦𑄨𑄢𑄬 𑄛𑄪𑄎𑄨𑄝𑄖𑄴𑄖𑄭 𑄜𑄚𑄌𑄴 𑄃𑄪𑄢𑄚𑄴𑄚𑄬
ফানুসটা উঠতেছে,𑄜𑄚𑄌𑄴𑄌𑄮 𑄃𑄪𑄘𑄬𑄣𑄴𑄣𑄳𑄦𑄮𑄠𑄴
ফানুসে আগুন লাগছে,𑄜𑄚𑄌𑄴𑄌𑄳𑄦𑄮𑄖𑄴 𑄃𑄊𑄪𑄚𑄴 𑄙𑄪𑄌𑄴𑄌𑄳𑄦𑄬𑅁
"পরানটা কেমন করতেছে,কি খাবো?পরান এমন করলে কেমনে কাটবে কে জানে","𑄛𑄧𑄢𑄚𑄴 𑄜𑄛𑄳𑄦 𑄉𑄧𑄢𑄳𑄦𑄬𑄢𑄴, 𑄇𑄨 𑄈𑄬𑄟𑄴? 𑄛𑄧𑄢𑄚𑄴 𑄜𑄛𑄳𑄦 𑄉𑄧𑄣𑄴𑄣𑄳𑄦𑄬 𑄇𑄬𑄚𑄳𑄦𑄬 𑄇𑄘𑄬𑄝𑄧 𑄇𑄨𑄎𑄬𑄚𑄨𑅁"
"১,ছিঁড়া /উঁচা",𑄷. 𑄜𑄢 𑄃𑄪𑄙𑄮
তার জানাটা কতটুকু ছিঁড়া!সাপের জিব্হা   ছিঁড়া,𑄖 𑄥𑄪𑄣𑄪𑄟𑄴𑄟𑄳𑄦𑄮 𑄇𑄪𑄖𑄴𑄙𑄪𑄢𑄴 𑄜𑄢! 𑄥𑄝𑄧 𑄎𑄨𑄣𑄚𑄳𑄦𑄨 𑄜𑄢
কতটুকু ছিঁড়া গেলো,𑄸. 𑄇𑄧𑄟𑄴𑄞 𑄃𑄬𑄇𑄴𑄊𑄚𑄴 𑄜𑄢 𑄎𑄬𑄣𑄧𑄊𑄮𑄠𑄴
এই দোষটা কেমনে কাটাবে,𑄃𑄬 𑄜𑄢 𑄘𑄧𑄏 𑄇𑄬𑄚𑄳𑄦𑄬 𑄇𑄘𑄬𑄘𑄧?
সে বাঁশটা কেটে আগুনে দিল,𑄖𑄬 𑄝𑄌𑄴𑄍𑄮 𑄜𑄢𑄨𑄚𑄬𑄠𑄴 𑄃𑄉𑄪𑄚𑄳𑄦𑄮𑄖𑄴 𑄘𑄨𑄣𑄳𑄦𑄮
কাঠগুলো কেটে কেটে রোদে দাও,𑄘𑄢𑄴𑄞𑄮𑄃𑄚𑄨 𑄜𑄢𑄨 𑄜𑄢𑄳𑄦𑄨 𑄢𑄮𑄘𑄮𑄖𑄴 𑄘𑄬𑄉𑄮𑄠𑄴
সেই কাটা কাঠটা একপাশে রাখতে হবে,𑄥𑄬 𑄜𑄌𑄴𑄎𑄬 𑄘𑄢𑄴𑄞𑄮𑄃𑄚𑄨 𑄃𑄬𑄇𑄴𑄇𑄪𑄢𑄬𑄚𑄴𑄚𑄳𑄦𑄨 𑄗𑄮 𑄛𑄧𑄢𑄨𑄝𑄮𑅁
কোমরের সুতা,𑄜𑄢𑄧𑄖𑄴 𑄘𑄧𑄢𑄨
কোমরটা একদম ছোট হয়েছে তার,𑄜𑄢𑄴𑄝𑄳𑄦𑄮 𑄃𑄧𑄟𑄧𑄉𑄧𑄘𑄧 𑄌𑄨𑄖𑄴𑄖𑄮 𑄦𑄧𑄣𑄴𑄣𑄮𑄠𑄴 𑄖𑄢𑄴
কোমর পর্যন্ত ডুবে যায়া জমিতে,𑄜𑄢𑄴 𑄥𑄧𑄁 𑄉𑄢 𑄎𑄭 𑄥𑄬 𑄘𑄧𑄚𑄴𑄘𑄧𑄟 𑄞𑄪𑄠𑄴
গাঙে কোমর পর্যন্ত পানি,𑄥𑄧𑄢𑄃𑄳𑄦𑄚𑄴 𑄜𑄢𑄴 𑄥𑄧𑄁 𑄛𑄚𑄳𑄦𑄨𑅁
আলাদা/একত্রে,𑄜𑄢𑄧𑄇𑄴 – 𑄃𑄬𑄉𑄧𑄖𑄴𑄖𑄧𑄢𑄴
আলাদা করা,𑄜𑄢𑄧𑄇𑄴 𑄉𑄧𑄢𑄚𑄳𑄦
তারা একটা কেদারা আলাদা করে বসছে,𑄖𑄢𑄳𑄦 𑄃𑄬𑄇𑄴𑄊𑄚𑄴 𑄝𑄬𑄁𑄥𑄨 𑄜𑄢𑄧𑄇𑄴 𑄉𑄧𑄢𑄳𑄦𑄨 𑄝𑄪𑄌𑄴𑄍𑄮𑄚𑄴
লেখাগুলো দূরত্ব করে লিখো,𑄣𑄬𑄊𑄃𑄚𑄨 𑄜𑄢𑄧𑄇𑄴 𑄜𑄢𑄧𑄇𑄴 𑄉𑄧𑄢𑄳𑄦𑄨 𑄣𑄬𑄇𑄴
চারাগুলো দূরত্ব করে রোপন করত ভালো হতো,𑄌𑄢𑄃𑄳𑄦𑄪𑄚𑄴 𑄜𑄢𑄧𑄇𑄴 𑄜𑄢𑄧𑄇𑄴 𑄉𑄧𑄢𑄳𑄦𑄨 𑄣𑄉𑄬𑄘𑄇𑄴 𑄘𑄮𑄣𑄴 𑄦𑄪𑄣𑄪𑄚𑄴
তারা দুই ভাই চার বছরের আলাদা,𑄖𑄢𑄳𑄦 𑄘𑄨𑄞𑄬𑄠𑄬 𑄌𑄬𑄢𑄴 𑄝𑄧𑄎𑄧𑄢𑄳𑄦𑄧 𑄜𑄢𑄧𑄇𑄴
তাকে নাকি আলাদা করার ঔষুধ খাওয়াইছে,𑄖𑄢𑄳𑄦𑄬 𑄞𑄬𑄣𑄬 𑄜𑄢𑄧𑄇𑄴 𑄉𑄧𑄢𑄧𑄚𑄳𑄦𑄨 𑄘𑄢𑄪 𑄈𑄝𑄬𑄠𑄮𑄚𑄴𑄘𑄳𑄦𑄬𑅁
চ্যাপ্টা কোমরের সুতা,𑄌𑄉 𑄜𑄢𑄧𑄖𑄴 𑄘𑄧𑄢𑄨
শুন্য কোমরের সুতা,𑄥𑄪𑄘𑄮 𑄜𑄢𑄧𑄖𑄴 𑄘𑄧𑄢𑄨
কোমরের সুতা পরলে তারপর তার প্যান্টটা লেগে থাকে,𑄜𑄢𑄧𑄖𑄴 𑄘𑄧𑄢𑄨 𑄝𑄬𑄢𑄬𑄣𑄳𑄦𑄬 𑄖𑄳𑄦𑄬 𑄛𑄳𑄦𑄬𑄚𑄴𑄚𑄮 𑄝𑄏𑄨 𑄗𑄭𑄘𑄬 𑄖𑄢𑄴𑅁
কোমরের সুতা,𑄜𑄢𑄬𑄉𑄧 𑄥𑄪𑄘𑄮
"১,মালা বানানো",𑄷. 𑄜𑄣𑄴 𑄛𑄘𑄚
ফাঁদে  পড়া/ফেলা,𑄜𑄣𑄧𑄖𑄴 𑄝𑄎𑄚𑄳𑄦/ 𑄛𑄧𑄢𑄚/ 𑄜𑄬𑄣𑄚𑄳𑄦
কে পথে ফাঁদ ফেলে রেখেছে জানিনা,𑄇𑄧𑄚𑄴𑄚𑄳𑄦 𑄛𑄧𑄙𑄧𑄖𑄴 𑄜𑄣𑄴 𑄛𑄘𑄨 𑄗𑄪𑄠𑄳𑄦𑄬 𑄇𑄨𑄎𑄬𑄚𑄨
বিড়ালটা ফাঁদে পড়ছে,𑄝𑄬𑄣𑄬𑄠𑄴𑄞𑄮 𑄜𑄣𑄧𑄖𑄴 𑄝𑄌𑄴𑄍𑄬
দড়ি দিয়ে ফাঁদ বেধে সে গরুটাকে বাঁধলো ,𑄘𑄧𑄢𑄨𑄣𑄮𑄠𑄴 𑄃𑄨𑄇𑄴𑄊𑄮 𑄜𑄣𑄴 𑄝𑄚𑄬𑄚𑄬𑄠𑄴 𑄉𑄧𑄢𑄪𑄞𑄮𑄢𑄬 𑄝𑄚𑄳𑄦𑄨 𑄗𑄧𑄣𑄧 𑄖𑄬
ফাঁদ দেয়া,𑄸. 𑄜𑄣𑄴 𑄘𑄬𑄚
ব্যঙটা কত বড় লাফ দিলো দেখেছো কি? তিনি কত বড় লাফ দিয়ে দিয়ে যাচ্ছে।,𑄝𑄬𑄁𑄋𑄳𑄦𑄮 𑄇𑄧𑄟𑄴𑄞 𑄜𑄣𑄴 𑄘𑄨𑄣𑄳𑄦𑄮 𑄘𑄨𑄇𑄴𑄈𑄮𑄌𑄴 𑄚𑄨? 𑄥𑄨𑄝𑄳𑄦𑄬 𑄇𑄧𑄟𑄴𑄞 𑄇𑄧𑄟𑄴𑄞 𑄜𑄣𑄴 𑄘𑄨 𑄘𑄨 𑄎𑄢𑄴
. ছোট নদী এক লাফে পার হওয়া যায়।,𑄌𑄨𑄉𑄮𑄚𑄴 𑄥𑄧𑄢 𑄃𑄬𑄇𑄴 𑄜𑄣𑄧𑄖𑄴 𑄛𑄢𑄴 𑄦𑄮 𑄛𑄢𑄬𑅁
. তিনি কি এত লাফাচ্ছে? খুশিতে সে লাফাচ্ছে।,𑄃𑄳𑄦 𑄇𑄨 𑄃𑄳𑄦𑄬𑄘𑄧𑄇𑄴 𑄜𑄣𑄴𑄣𑄢𑄴 𑄖𑄬? 𑄈𑄪𑄎𑄨𑄠𑄬 𑄘𑄳𑄦𑄬 𑄜𑄣𑄴𑄣𑄖𑄴𑄖𑄬
. মেয়েটি লাফিয়ে লাফিয়ে ফুল বাগানে বেড়াচ্ছে।,𑄟𑄨𑄣𑄬𑄞𑄮 𑄜𑄣𑄴𑄣𑄬 𑄜𑄣𑄴𑄣𑄬 𑄜𑄪𑄣𑄴 𑄝𑄉𑄚𑄧𑄖𑄴 𑄝𑄬𑄢𑄢𑄴
. এত লাফাচ্ছ কেন? সে কত বড় লাফ দিল।,𑄃𑄬𑄙𑄧𑄇𑄴 𑄇𑄨 𑄜𑄣𑄴𑄣𑄜𑄣𑄴𑄣𑄨 𑄉𑄧𑄢𑄳𑄦𑄧𑄢𑄴? 𑄇𑄧𑄟𑄴𑄞 𑄉𑄧𑄢𑄳𑄦𑄨 𑄜𑄣𑄴𑄣𑄬 𑄃𑄪𑄘𑄨𑄣𑄳𑄦𑄮 𑄖𑄬
. বাচ্চাটি নাচার মতো করে লাফাচ্ছে।,𑄉𑄪𑄢𑄮𑄞𑄮 𑄖𑄨𑄝𑄪𑄢𑄪𑄇𑄴 𑄖𑄨𑄝𑄪𑄢𑄪𑄇𑄴 𑄜𑄣𑄴𑄣𑄢𑄴𑅁
. তুমি কি তার লাফানি দেখেছো?,𑄖𑄪𑄠𑄴 𑄖 𑄜𑄣𑄴𑄣𑄚𑄨𑄃𑄚𑄳𑄦𑄨 𑄘𑄨𑄇𑄴𑄈𑄮𑄌𑄴 𑄚𑄨?
. লাফিয়ে লাফিয়ে লাফানো।,𑄜𑄣𑄪𑄇𑄴 𑄜𑄣𑄪𑄇𑄴 𑄜𑄣𑄴𑄣𑄚
. টিউবওয়েল বসানো,𑄜𑄃𑄬𑄛𑄴 𑄉𑄢𑄚
. টিউবওয়েলের হাতল,𑄜𑄃𑄬𑄝𑄮 𑄘𑄘𑄨
. টিউবওয়েলের পানি খাওয়া ভাল।,𑄜𑄃𑄬𑄝𑄮 𑄛𑄚𑄳𑄦𑄨 𑄈𑄚 𑄉𑄧𑄟𑄴
. টিউবওয়েল কতটুকু কুরেছো?,𑄜𑄃𑄬𑄛𑄴𑄛𑄮 𑄇𑄪𑄖𑄴𑄙𑄪𑄢𑄴 𑄇𑄢𑄬𑄠𑄳𑄦𑄮?
. পুলিশরা শব্দ করে গুলি করল।,𑄷. 𑄜𑄁 𑄉𑄧𑄢𑄳𑄦𑄨 𑄉𑄪𑄣𑄨 𑄟𑄣𑄴𑄣𑄇𑄴 𑄛𑄪𑄣𑄳𑄦𑄨𑄌𑄴𑄌𑄪𑄚𑄬
. এক গুলিতে হরিণটি মারা গেল।,"𑄜𑄁 𑄌𑄧𑄖𑄴𑄖𑄬 𑄃𑄝𑄎𑄧𑄖𑄴 𑄎𑄪𑄢𑄮, 𑄥𑄬 𑄦𑄪𑄢𑄨𑄁"
. শব্দ করে বেলুনটি ফেটে গেল।,"𑄜𑄁 𑄉𑄧𑄢𑄳𑄦𑄨 𑄃𑄭𑄪𑄖𑄴𑄗𑄬, 𑄜𑄧𑄉𑄧𑄚𑄝𑄮 𑄜𑄭𑄖𑄴𑄖𑄬𑄘𑄳𑄦𑄬"
". নিমন্ত্রন কর,লওয়া, পাওয়া","𑄸. 𑄜𑄁 𑄉𑄧𑄢𑄚𑄳𑄦, 𑄣𑄧𑄚𑄳𑄦, 𑄛𑄚𑄳𑄦"
. আমরা ভান্তেতেদেরকে ) করবে।,"𑄃𑄟𑄳𑄦𑄨 𑄞𑄚𑄴𑄖𑄬𑄘𑄊𑄨𑄢𑄬 𑄜𑄁 𑄉𑄧𑄢𑄳𑄦𑄨 𑄃𑄚𑄴𑄐𑄳𑄦𑄬𑄠𑄴, 𑄥𑄪𑄖𑄴𑄖𑄳𑄢𑄧 𑄥𑄪𑄚𑄴𑄐𑄳𑄦𑄬𑄠𑄴"
. মুখের কথা নাকি  বড় জগন্য কথা।,𑄟𑄪𑄈𑄮 𑄜𑄁 𑄞𑄬𑄣𑄬 𑄝𑄧𑄢𑄴 𑄜𑄁𑅁
. তাকে পটাশ পটাশ চর মারলো।,𑄖𑄢𑄳𑄦𑄬 𑄃𑄨𑄏𑄪 𑄜𑄁 𑄛𑄳𑄦𑄁 𑄌𑄪𑄉𑄪𑄢𑄬𑄣𑄧𑄘𑄬 𑄖𑄬
. শিশুটি তাস তাস ২-৩ বার খাবার পর নিরব হয়েছে।,𑄜𑄁 𑄛𑄳𑄦𑄁 𑄘𑄨 𑄖𑄨𑄚𑄴 𑄌𑄝𑄧𑄢𑄴 𑄈𑄬𑄚𑄬𑄠𑄴 𑄖𑄳𑄦𑄬 𑄎𑄪𑄢𑄮 𑄦𑄧𑄠𑄴 𑄉𑄪𑄢𑄮𑄞𑄮𑅁
. শিশু জন্ম হওয়া,𑄜𑄧 𑄦𑄧𑄚
. কানের ছিদ্র,𑄇𑄚𑄳𑄦𑄧 𑄜𑄧𑄇𑄴
. লুকোচুরি খেলা।,𑄇𑄮𑄣𑄮𑄇𑄴 𑄇𑄮𑄣𑄮𑄇𑄴 – 𑄜𑄧𑄇𑄴𑄇𑄭!
বেইমান -বেইমানি,𑄜𑄧𑄇𑄴𑄇𑄧𑄌𑄴𑄎𑄬 – 𑄜𑄧𑄇𑄴𑄇𑄧𑄢𑄨
. এই বেইমানি শুধু সেই বেইমানি করতে পারে।,"𑄃𑄬 𑄜𑄧𑄇𑄴𑄇𑄧𑄌𑄴𑄎𑄬, 𑄝𑄚𑄳𑄦 𑄥𑄬 𑄜𑄧𑄇𑄴𑄇𑄧𑄢𑄚𑄳𑄦𑄨 𑄉𑄧𑄢𑄳𑄦𑄨 𑄛𑄢𑄬 𑄘𑄬"
. তার মত বেইমানি আর কোথায় আছে? এখানে বেইমানি করিস না।,𑄖 𑄙𑄪𑄇𑄴𑄇𑄬 𑄜𑄧𑄇𑄴𑄇𑄧𑄢𑄴 𑄇𑄪𑄙𑄪 𑄃𑄊𑄧𑄚𑄴 𑄃𑄢𑄴? 𑄥𑄬 𑄃𑄨𑄙𑄪 𑄜𑄧𑄇𑄴𑄇𑄧𑄢𑄴 𑄚𑄧 𑄉𑄣𑄨𑄌𑄴𑄍𑄨𑅁
. পাতা দিয়ে মোড়ানো একপ্রকার পিঠা।,𑄝𑄨𑄚𑄨 𑄜𑄧𑄉𑄳𑄦
. প্রকাশ করা - নোটিশ দেওয়া,𑄜𑄧𑄉𑄧𑄘𑄋𑄨 – 𑄎𑄚𑄧𑄚𑄨
. একটি বিজ্ঞপ্তি আছে।,𑄃𑄬𑄇𑄴𑄊𑄚𑄴 𑄜𑄧𑄉𑄧𑄘𑄋𑄨 𑄃𑄊𑄬
. ভাই-বোনেরা বিজ্ঞপ্তিটি মন দিয়ে শোনো,"𑄞𑄬𑄠𑄴𑄣𑄧𑄇𑄴, 𑄞𑄮𑄚𑄴𑄣𑄧𑄇𑄴, 𑄜𑄧𑄉𑄧𑄘𑄋𑄨𑄃𑄳𑄦𑄚𑄴 𑄟𑄧𑄚𑄴 𑄘𑄨𑄚𑄬𑄠𑄴 𑄥𑄪𑄚𑄮𑅁"
". বিজ্ঞপ্তি দেওয়া, বলা","𑄜𑄧𑄉𑄧𑄘𑄁 𑄉𑄧𑄢𑄚𑄳𑄦, 𑄦𑄧𑄚"
. তিনি বিয়ে করেছেন সেটা গ্রামের সবাই জেনে গেছে।,𑄖𑄬 𑄟𑄮𑄇𑄴 𑄣𑄪𑄠𑄬𑄙𑄬 𑄥𑄨𑄠𑄳𑄦𑄬𑄚𑄴 𑄃𑄘𑄟𑄴𑄟𑄬𑄃𑄪𑄚𑄳𑄦𑄮 𑄃𑄨𑄙𑄪 𑄝𑄳𑄦𑄬𑄇𑄴 𑄜𑄧𑄉𑄧𑄘𑄁 𑄦𑄪𑄠𑄳𑄦𑄬
". সেই কথাগুলো না বলার জন্য বলেছিলাম, কথাগুলি সব করে দিয়েছে।","𑄥𑄬 𑄇𑄧𑄙𑄃𑄚𑄨 𑄚𑄧 𑄇𑄧𑄞𑄖𑄴𑄖𑄬𑄠𑄴 𑄇𑄪𑄠𑄳𑄦𑄮𑄁, 𑄖𑄬 𑄚𑄳𑄦𑄧𑄠𑄴 𑄛𑄢𑄳𑄦 𑄝𑄬𑄇𑄴𑄇𑄚𑄳𑄦𑄨 𑄜𑄧𑄉𑄧𑄘𑄁 𑄉𑄧𑄢𑄳𑄦𑄨 𑄘𑄨𑄘𑄭 𑄥𑄢𑄳𑄦"
. তাঁর সব অন্তরের কথাগুলি তুমি প্রকাশ করে দিয়েছে,𑄖 𑄝𑄨𑄎𑄨𑄢𑄳𑄦𑄬𑄃𑄚𑄨 𑄘𑄧 𑄝𑄬𑄇𑄴𑄇𑄚𑄳𑄦𑄨 𑄜𑄧𑄉𑄧𑄘𑄁 𑄉𑄧𑄢𑄳𑄦𑄨 𑄘𑄨𑄣𑄳𑄦𑄬 𑄖𑄪𑄠𑄴
". বইটি প্রকাশ হয়েছে ১০০০ সালে,  রচনা করেছেন একজনে আর প্রকাশ করেছেন নাম না জানা  একজনে।","𑄝𑄳𑄦𑄮𑄠𑄴𑄝𑄮 𑄜𑄧𑄘𑄧𑄁 𑄦𑄪𑄠𑄬𑄘𑄳𑄦𑄬 𑄸𑄶𑄶𑄶 𑄥𑄣𑄧𑄖𑄴, 𑄎𑄮𑄢𑄬𑄠𑄬𑄘𑄳𑄦𑄬 𑄜𑄧𑄣𑄧𑄚, 𑄜𑄧𑄉𑄧𑄘𑄁 𑄉𑄪𑄌𑄴𑄍𑄬𑄘𑄬 𑄘𑄧𑄝𑄧𑄚𑄳𑄦𑅁"
. মূত্রথলী,𑄟𑄪𑄘𑄮 𑄜𑄧𑄉𑄧𑄚𑄳𑄦
. ফোসকা পড়া,𑄜𑄧𑄎𑄳𑄦 𑄃𑄪𑄘𑄚𑄳𑄦
. কাজ করতে করতে ফোসকা পড়ে গেছে।,𑄇𑄟𑄴 𑄉𑄧𑄖𑄴𑄗𑄬 𑄉𑄧𑄖𑄴𑄗𑄬 𑄦𑄘𑄧𑄖𑄴 𑄎𑄚𑄬 𑄜𑄧𑄎𑄳𑄦 𑄃𑄪𑄙𑄨 𑄎𑄬𑄣𑄇𑄴𑄈𑄮𑄠𑄴𑅁
. ফোটা ফোটা শার্টটি সুন্দর আছে।,𑄜𑄧𑄘𑄜𑄪𑄖𑄴𑄖𑄬 𑄥𑄪𑄣𑄪𑄟𑄴𑄟𑄮 𑄘𑄮𑄣𑄴 𑄃𑄉𑄬𑄙𑄬
. তিনি ফোটা ফোটা শার্টটি পড়ে হাওয়া খাচ্ছে।,𑄖𑄬 𑄃𑄨𑄇𑄴𑄊𑄮 𑄜𑄧𑄘𑄜𑄪𑄖𑄴𑄖𑄬 𑄥𑄪𑄣𑄪𑄟𑄴 𑄃𑄪𑄢𑄨𑄚𑄳𑄦𑄬𑄠𑄴 𑄦𑄝 𑄈𑄣𑄴𑄣𑄮𑄠𑄴𑅁
. ভোর- ভোর অন্ধকার,𑄜𑄧𑄘𑄁𑄖𑄁 – 𑄊𑄪𑄢𑄴𑄊𑄪𑄢𑄴/ 𑄃𑄚𑄴𑄙𑄢𑄴
. খুব সকাল,𑄜𑄧𑄘𑄁𑄖𑄁 𑄛𑄳𑄦𑄧𑄢𑄴
. লাইটটা জ্বালানোর পরে পুরোটা পরিষ্কার হয়েছে।,𑄝𑄖𑄴𑄖𑄨𑄞𑄮 𑄎𑄣𑄬𑄚𑄬𑄠𑄴 𑄃𑄬𑄞𑄧 𑄖𑄳𑄦𑄬 𑄜𑄧𑄘𑄁𑄖𑄁 𑄦𑄧𑄣𑄧𑄘𑄬 𑄝𑄬𑄇𑄴𑄈𑄚𑄴𑅁
. ফটিকের গ্লাস,𑄜𑄧𑄘𑄨𑄉𑄮 𑄉𑄧𑄣𑄳𑄦𑄧𑄌𑄴
. আয়নার মতো পরিষ্কার পানি,𑄜𑄧𑄘𑄨𑄉𑄮 𑄙𑄪𑄇𑄴𑄇𑄬 𑄛𑄳𑄦𑄧𑄚𑄴 𑄛𑄚𑄳𑄦𑄨
. ল্যাম্পটির মাঝখানটা ফটিকের।,𑄣𑄬𑄟𑄴𑄜𑄧𑄝𑄮 𑄌𑄨𑄚𑄴𑄗𑄨𑄝𑄮 𑄜𑄧𑄘𑄨𑄉𑄮𑄢𑄴𑅁
ফোড়া উঠা,𑄜𑄧𑄢 𑄃𑄪𑄘𑄚𑄳𑄦
. ফোঁড়াটি চুলকালছে,𑄜𑄧𑄢𑄝𑄳𑄦𑄮 𑄖𑄧𑄚𑄴𑄖𑄧𑄚𑄢𑄴
. বড় ধরণের ফোঁড়া,𑄇𑄬𑄌𑄴 𑄜𑄧𑄢
. এক প্রকার বড় ফোঁড়া,𑄝𑄨𑄌𑄴 𑄜𑄧𑄢
. ঝোঁক হচ্ছে ফোঁড়া ওষুধ,𑄜𑄧𑄢 𑄘𑄢𑄪 𑄦𑄧𑄣𑄧𑄘𑄬 𑄎𑄪𑄇𑄴𑄈𑄪𑄚𑄴
. ময়লা পানিতে খেলা খেললে ফোঁড়া উঠে।,𑄇𑄎𑄧𑄢𑄴 𑄛𑄚𑄳𑄦𑄨 𑄌𑄬𑄇𑄴𑄌𑄬𑄉𑄬𑄣𑄬𑄉𑄮𑄠𑄴 𑄜𑄧𑄢 𑄃𑄪𑄙𑄮𑄚𑄴𑅁
. শিশুটির অত্যন্ত ফোঁড়া উঠেছে।,𑄉𑄪𑄢𑄮𑄞𑄮 𑄃𑄧𑄟𑄧𑄉𑄧𑄘𑄧 𑄜𑄧𑄢 𑄛𑄬𑄎𑄬𑄢 𑄦𑄪𑄠𑄳𑄦𑄬
. তার পরে এমনি দিয়ে দেবো।,𑄖 𑄜𑄧𑄢𑄬 𑄎𑄬 𑄘𑄨𑄟𑄴𑄟𑄬 𑄃𑄳𑄦𑄠𑄴
. তিনি আমার পরে কাজ করবে।,𑄖𑄬 𑄟𑄧 𑄜𑄧𑄢𑄬 𑄇𑄟𑄴 𑄉𑄧𑄢𑄨𑄝𑄮𑄙𑄬𑅁
. ফল জাতীয়,𑄷. 𑄜𑄧𑄣𑄴 𑄛𑄊𑄮𑄢𑄴
". ফলগুলো কেটে নাও, খেতে পারবো","𑄸. 𑄜𑄧𑄣𑄳𑄦𑄪𑄚𑄴 𑄇𑄛𑄴𑄛𑄮𑄠𑄴, 𑄈𑄬𑄘𑄧𑄁 𑄟𑄳𑄦𑄣𑄬𑄚𑄴"
.  ফলের সালাদ দিয়ে ভাত খাবো।,𑄜𑄧𑄣𑄴 𑄇𑄪𑄢𑄴𑄝𑄮𑄣𑄮𑄠𑄴 𑄞𑄖𑄴 𑄈𑄬𑄝𑄧𑄁𑄉𑄬
. ফল তরকারি চিংড়ি দিয়ে রান্না করলে মিষ্টি লাগে।,𑄜𑄧𑄣𑄴 𑄖𑄮𑄚𑄴 𑄃𑄨𑄎𑄬𑄉𑄪𑄢𑄨 𑄘𑄨𑄚𑄬𑄘𑄨 𑄟𑄨𑄙𑄬 𑄉𑄧𑄢𑄳𑄦𑄨 𑄢𑄚𑄨𑄣𑄳𑄦𑄬 𑄥𑄪𑄃𑄮𑄖𑄴 𑄘𑄧
. জুমে অনেক শশা ধরেছে।,𑄎𑄪𑄟𑄮𑄖𑄴 𑄘𑄧𑄣 𑄉𑄧𑄢𑄳𑄦𑄨 𑄜𑄧𑄣𑄴 𑄟𑄳𑄦𑄟𑄴𑄟𑄢𑄳𑄦 𑄙𑄪𑄌𑄴𑄌𑄳𑄦𑄮𑄚𑄴
. তুমি এই কর্মের ফল পাবে তো একদিন না একদিন।,𑄹. 𑄃𑄬 𑄇𑄟𑄧 𑄜𑄧𑄣𑄴 𑄛𑄬𑄞𑄬 𑄙𑄧 𑄖𑄪𑄠𑄴 𑄃𑄬𑄇𑄴𑄘𑄨𑄚𑄴 𑄚𑄳𑄦𑄧𑄠𑄴 𑄃𑄬𑄇𑄴𑄘𑄨𑄚𑄴
". যে যেমন কর্ম করে, সে তেমন ফল পায়।","𑄎𑄬 𑄎𑄬 𑄇𑄟𑄴 𑄉𑄧𑄢𑄳𑄦𑄬, 𑄖𑄬 𑄥𑄬 𑄇𑄟𑄧 𑄜𑄧𑄣𑄴 𑄛𑄳𑄦𑄠𑄴𑅁"
. ফলে পাগরে বুদ্ধকে পূজা করবো।,𑄜𑄧𑄣𑄬 𑄛𑄉𑄮𑄢𑄳𑄦𑄬 𑄝𑄪𑄖𑄴𑄙𑄮𑄢𑄬 𑄛𑄪𑄎𑄨𑄝𑄮𑄁
". তিনি ভাত খায় না, শুধুমাত্র ফল খেয়ে খেয়ে বেঁচে আছে।","𑄖𑄬 𑄞𑄖𑄴 𑄚𑄧 𑄈𑄭, 𑄝𑄚 𑄜𑄧𑄣𑄴 𑄛𑄊𑄮𑄢𑄴 𑄈𑄬 𑄈𑄬 𑄝𑄎𑄬𑄘𑄬𑅁"
. পলনা- পলনি( কেউ একজন অন্যজনকে ইঙ্গিত করতে),𑄜𑄧𑄣𑄧𑄚 – 𑄜𑄧𑄣𑄧𑄚𑄨
". কেউ একজন নাকি বলতেছে, সত্যি কি? কারো ভাই, কার নাতি, কে কি পরিচয় দেয় কি জানি।","𑄜𑄧𑄣𑄧𑄚 𑄞𑄬𑄣𑄬 𑄟𑄧𑄢𑄳𑄦𑄬 𑄃𑄨𑄠𑄳𑄦𑄚𑄴 𑄃𑄳𑄦𑄪𑄝𑄮𑄚𑄴 𑄇𑄧𑄖𑄴𑄗𑄬, 𑄦𑄧𑄠𑄴 𑄚𑄨? 𑄜𑄧𑄣𑄧𑄚 𑄞𑄬𑄠𑄴, 𑄘𑄧𑄝𑄧𑄚𑄳𑄦 𑄚𑄘𑄨𑄚𑄴 𑄇𑄧𑄚𑄬 𑄇𑄨 𑄛𑄧𑄢𑄨𑄌𑄧𑄠𑄴 𑄘𑄮𑄚𑄴𑄚𑄨𑄙𑄬𑄠𑄮 𑄇𑄪𑄖𑄴𑄗𑄪𑄚𑄴𑄚𑄬𑄠𑄴𑅁"
.বেশি আজেবাজে বললে আমার ভালো লাগেনা।,𑄝𑄬𑄌𑄴 𑄜𑄧𑄣𑄧𑄚𑄳𑄦𑄚𑄴 𑄘𑄧𑄉𑄧𑄚𑄳𑄦𑄚𑄴 𑄉𑄧𑄣𑄴𑄣𑄳𑄦𑄬 𑄟𑄧𑄖𑄴𑄗𑄪𑄚𑄴 𑄇𑄪𑄖𑄴𑄖𑄬𑄢𑄨 𑄃𑄪𑄙𑄬𑅁
তিনি শব্দ করে করে বড় নিশ্বাস ফেলতেছে।,𑄖𑄬 𑄜𑄧𑄀𑄌𑄴𑄍𑄧 𑄜𑄧𑄀𑄌𑄴𑄍𑄧 𑄉𑄧𑄢𑄳𑄦𑄨 𑄝𑄧𑄢𑄴 𑄚𑄨𑄏𑄬𑄌𑄴 𑄜𑄬𑄣𑄳𑄦𑄢𑄴𑅁
". কলঙ্কিত হওয়া,  কাটিয়ে ওঠা।","𑄜𑄨 𑄝𑄎𑄚𑄳𑄦, 𑄇𑄘𑄚"
". খালি কলসি দেখার পর থেকে, একটার পর আরেকটা ঘটতেছে।","𑄌𑄪𑄙𑄮 𑄈𑄪𑄟𑄴 𑄘𑄨𑄇𑄴𑄈𑄮𑄁𑄉𑄬 𑄥𑄨𑄖𑄴𑄖𑄪𑄚𑄴 𑄙𑄪𑄢𑄨 𑄜𑄨 𑄝𑄌𑄴𑄍𑄬𑄘𑄬, 𑄈𑄇𑄴𑄇𑄬 𑄃𑄨𑄠𑄳𑄦𑄚𑄴 𑄦𑄧𑄢𑄴, 𑄈𑄇𑄴𑄇𑄳𑄦𑄬 𑄃𑄳𑄦𑄪𑄝𑄚𑄴 𑄦𑄧𑄢𑄴"
". তার কলঙ্ক কাটানোর জন্য, বৈদ্যরা বলেছে মাথা ধুতে হবে।","𑄃𑄬 𑄜𑄨 𑄇𑄘𑄬𑄝𑄖𑄴𑄖𑄬𑄠𑄴 𑄞𑄬𑄣𑄬 𑄟𑄙 𑄙𑄮 𑄛𑄧𑄢𑄨𑄝𑄮, 𑄝𑄰𑄱𑄖𑄴𑄘𑄮𑄃𑄪𑄚𑄳𑄦𑄬 𑄇𑄧𑄣𑄇𑄴𑄈𑄬"
.  অশুভ হওয়া,𑄃𑄛𑄧𑄖𑄴 𑄝𑄧𑄣
. অশুভ সব কাটা যাক।,𑄜𑄨 𑄝𑄧𑄣 𑄝𑄳𑄦𑄬𑄇𑄴 𑄇𑄘 𑄎𑄮𑄇𑄴𑅁
. মাথা গুরিয়া পরা।,𑄜𑄨𑄖𑄴 𑄦𑄧𑄚
. সে ভয়ে মাথা গুরিয়া পরেছে।,𑄖𑄬 𑄘𑄧𑄢𑄬 𑄎𑄉𑄖𑄴 𑄜𑄨𑄖𑄴 𑄦𑄪𑄠𑄳𑄦𑄬
. বানরের পাগল থাকলে একটু পর পর মাথা গুরিয়া পরে।,𑄝𑄚𑄴𑄘𑄧𑄢𑄴 𑄛𑄉𑄧𑄣𑄴 𑄗𑄬𑄣𑄬 𑄈𑄇𑄴𑄇𑄳𑄦𑄬 𑄈𑄇𑄴𑄇𑄳𑄦𑄬 𑄜𑄨𑄖𑄴 𑄦𑄧𑄚𑄴
. গ্রামের পাশে একটি বিল আছে।,𑄃𑄘𑄟𑄧 𑄇𑄪𑄢𑄳𑄦𑄬 𑄃𑄨𑄇𑄴𑄴𑄊𑄮 𑄜𑄨𑄖𑄴𑄖𑄨 𑄃𑄊𑄬
. এই বিলের পানি একদম স্বচ্ছ।,𑄃𑄬 𑄜𑄨𑄖𑄴𑄖𑄨𑄝𑄳𑄦𑄮 𑄛𑄚𑄳𑄦𑄨𑄃𑄚𑄴 𑄎𑄧𑄘𑄧𑄝𑄧𑄘𑄬 𑄛𑄳𑄦𑄧𑄚𑄴𑅁
. বিস্কুটের বোয়াম,𑄜𑄨𑄖𑄬 𑄉𑄪𑄣𑄳𑄦𑄪𑄇𑄴
. জায়গাটি ফিতা দিয়ে মাপতে হবে।,𑄜𑄨𑄖𑄬𑄣𑄮𑄠𑄴 𑄟𑄝 𑄛𑄧𑄢𑄨𑄝𑄮 𑄎𑄉𑄃𑄳𑄦𑄚𑄴𑅁
. তারা পথে কীভাবে আলাদা হলো কে জানে।,𑄖𑄢𑄳𑄦 𑄛𑄧𑄙𑄧𑄖𑄴 𑄇𑄪𑄞𑄮𑄖𑄴 𑄜𑄨𑄝𑄧𑄣𑄧𑄇𑄴 𑄦𑄧𑄣𑄇𑄴 𑄇𑄨𑄎𑄬𑄚𑄨
". তুমি বেড়িয়ে পরতে আর দেখা পেতাম না, একটু হলে ফারাক হতাম।","𑄖𑄪𑄠𑄴 𑄣𑄟𑄨 𑄖𑄋𑄧𑄖𑄴𑄖𑄬 𑄙𑄧 𑄣𑄊𑄧𑄖𑄴 𑄚𑄧 𑄛𑄬𑄣𑄳𑄦𑄪𑄋𑄪𑄚𑄴 𑄃𑄢𑄴, 𑄃𑄬𑄇𑄴𑄈𑄬 𑄜𑄨𑄝𑄧𑄣𑄧𑄇𑄴 𑄦𑄧𑄣𑄧𑄋𑄪𑄚𑄴 𑄘𑄬𑅁"
সামনে ফেরা,𑄷. 𑄟𑄪𑄏𑄪𑄁 𑄜𑄨𑄢𑄚
পিছনে ফেরা,𑄛𑄨𑄌𑄴𑄍𑄬 𑄜𑄨𑄢𑄚
সে এখনো বাজার থেকে ফিরেনাই?কিছুক্ষণ পর আসবে।,𑄖𑄬 𑄃𑄬𑄞𑄧 𑄝𑄎𑄢𑄧𑄖𑄴𑄗𑄪𑄚𑄴 𑄚𑄳𑄦𑄧 𑄜𑄨𑄢𑄬𑄉𑄮𑄠𑄴? 𑄈𑄇𑄴𑄇𑄳𑄦𑄬 𑄜𑄨𑄢𑄨𑄝𑄮𑄉𑄮𑄠𑄴
সামনে ফিরো তো,𑄟𑄪𑄏𑄪𑄁 𑄜𑄨𑄢𑄴 𑄘𑄳𑄦𑄬
সে পিছন ফিরে দেখে দেখে যাচ্ছে,𑄖𑄬 𑄛𑄨𑄌𑄴𑄍𑄬 𑄜𑄨𑄢𑄨 𑄜𑄨𑄢𑄨 𑄢𑄨𑄚𑄨 𑄌𑄳𑄦𑄬𑄠𑄴 𑄌𑄳𑄦𑄬𑄠𑄴 𑄎𑄢𑄴
সে বারবার বলে গেলো সবাইকে বিয়েতে যাওয়ার জন্য,𑄖𑄬 𑄜𑄨𑄢𑄨 𑄜𑄨𑄢𑄨 𑄇𑄳𑄦𑄮 𑄎𑄨𑄠𑄳𑄦𑄬 𑄝𑄬𑄇𑄴𑄇𑄪𑄚𑄳𑄦𑄮𑄢𑄬 𑄟𑄬𑄣𑄖𑄴 𑄎𑄬𑄝𑄖𑄴𑄖𑄬𑄠𑄴
সন্ধ্যা হলে সবাই বাড়িতে ফিরে,𑄥𑄌𑄴 𑄦𑄧𑄣𑄬 𑄛𑄬𑄇𑄴𑄇𑄪𑄚𑄳𑄦𑄬 𑄊𑄧𑄢𑄧𑄖𑄴 𑄜𑄨𑄢𑄮𑄚𑄴
ফেলে আসা দিনে ফিরে গেলে মনটা কেমন যেন করে,𑄜𑄬𑄣𑄳𑄦𑄬 𑄃𑄨𑄌𑄴𑄌𑄳𑄦𑄬 𑄘𑄨𑄚𑄳𑄦𑄪𑄚𑄴 𑄜𑄨𑄢𑄨 𑄌𑄬𑄣𑄳𑄦𑄬 𑄛𑄧𑄢𑄚𑄳𑄦𑄚𑄴 𑄇𑄬𑄠𑄚𑄴𑄐𑄳𑄦𑄬 𑄉𑄧𑄢𑄳𑄦𑄬 𑄎𑄚𑄬
২.দিন ফেরা,𑄸. 𑄦𑄝 𑄜𑄨𑄢𑄚
কার্তিক অগ্রহায়ণ মাসের আবহাওয়ায় ঘোরাফেরা করতে আরামদায়ক হবে,𑄇𑄘𑄨 𑄃𑄊𑄮𑄚𑄴 𑄟𑄳𑄦𑄌𑄴𑄌𑄬 𑄦𑄝 𑄜𑄨𑄢𑄨𑄣𑄬 𑄖𑄳𑄦𑄬 𑄃𑄬𑄇𑄴𑄇 𑄝𑄬𑄢𑄘𑄬 𑄌𑄬𑄢𑄘𑄬 𑄥𑄪𑄇𑄴 𑄦𑄧𑄝𑄧𑄘𑄬
বেত যোগাড় করতে হবে সেগুলো বানাতে,𑄝𑄬𑄖𑄴 𑄜𑄨𑄢 𑄛𑄧𑄢𑄨𑄝𑄮 𑄃𑄨𑄠𑄚𑄳𑄦𑄨 𑄝𑄚𑄧𑄙𑄬
ধানের জমিগুলো এখন ফিরতেছে,𑄺. 𑄙𑄚𑄴 𑄞𑄪𑄠𑄚𑄳𑄦𑄨 𑄃𑄬𑄞𑄧 𑄖𑄳𑄦𑄬 𑄜𑄨𑄢𑄬𑄖𑄴𑄖𑄬𑅁
"ঘাসফড়িং, হাসফড়িং","𑄊𑄌𑄴 𑄜𑄨𑄢𑄨𑄁, 𑄦𑄌𑄴 𑄜𑄨𑄢𑄨𑄁"
চলচ্চিত্র  দেখা/বানানো,"𑄜𑄨𑄣𑄳𑄦𑄨𑄟𑄴 𑄌𑄚𑄳𑄦, 𑄝𑄚𑄚"
বাংলা চলচ্চিত্র,𑄝𑄁𑄣 𑄜𑄨𑄣𑄨𑄟𑄴
হিন্দি চলচ্চিত্র,𑄦𑄨𑄚𑄴𑄘𑄨 𑄜𑄨𑄣𑄨𑄟𑄴
ইংলিশ চলচ্চিত্র,𑄃𑄨𑄁𑄣𑄳𑄦𑄨𑄌𑄴 𑄜𑄨𑄣𑄳𑄦𑄨𑄟𑄴
কি কি চলচ্চিত্র ভালো লাগে তোমার,𑄇𑄨 𑄇𑄨 𑄜𑄨𑄣𑄳𑄦𑄨𑄟𑄴 𑄘𑄮𑄣𑄴 𑄘𑄬𑄊𑄧𑄌𑄴 𑄖𑄪𑄠𑄴?
কালোজাদু পারা,𑄜𑄪 𑄛𑄢𑄚
বাঘের কালোজাদু,𑄝𑄇𑄴 𑄜𑄪
"কালোজাদু পারা মানুষরা নাকি মরলেও আবার জ্যান্ত হয়ে উঠে,এজন্য তাদেরকে ধাঁ এর মাথা পুড়িয়ে কপালে লাগাতে হয়","𑄜𑄪 𑄛𑄢𑄨𑄠𑄬 𑄟𑄚𑄳𑄦𑄪𑄌𑄴𑄌𑄪𑄚𑄴 𑄟𑄧𑄣𑄴𑄣𑄳𑄦𑄬 𑄃𑄢𑄳𑄦𑄧 𑄎𑄬 𑄃𑄪𑄘𑄮𑄚𑄴𑄚𑄳𑄦𑄬 𑄞𑄬𑄣𑄬, 𑄖𑄢𑄳𑄦𑄢𑄬 𑄥𑄬𑄚𑄬𑄖𑄴𑄖𑄬𑄠𑄴 𑄖𑄉𑄧𑄣𑄧 𑄣𑄨𑄎𑄪 𑄛𑄪𑄢𑄨𑄚𑄬𑄠𑄴 𑄖𑄣𑄴𑄣𑄮 𑄌𑄳𑄦𑄬𑄠𑄴 𑄜𑄪𑄢𑄨 𑄘𑄳𑄠𑄬 𑄛𑄧𑄢𑄬𑄘𑄬𑅁"
"হুট করে পরে,চুপ করে থাকে কি বলোতো?হাগু","𑄜𑄪𑄇𑄴 𑄉𑄧𑄢𑄳𑄦𑄨 𑄛𑄧𑄢𑄬, 𑄌𑄪𑄛𑄴 𑄉𑄧𑄢𑄳𑄦𑄨 𑄗𑄭, 𑄇𑄨 𑄥𑄬? – 𑄊𑄪𑄃𑄮 𑄣𑄘𑄨𑄞𑄮"
গাছ থেকে একটা আম পড়লো,𑄜𑄪𑄇𑄴 𑄉𑄧𑄢𑄳𑄦𑄨 𑄉𑄌𑄴𑄍𑄮𑄖𑄴𑄖𑄪𑄚𑄴 𑄃𑄨𑄇𑄴𑄊𑄮 𑄃𑄟𑄴 𑄏𑄪𑄢𑄨 𑄛𑄧𑄣𑄴𑄣𑄳𑄦𑄧𑅁
পানিতে সেটা কি ঝাপ দিছে?সে পানিতে পড়ে গেল,𑄜𑄪𑄇𑄴𑄇𑄪𑄣𑄁𑄪 𑄉𑄧𑄢𑄳𑄦𑄨 𑄥𑄨𑄝𑄳𑄦𑄬 𑄇𑄨 𑄏𑄟𑄴 𑄘𑄨𑄣𑄳𑄦𑄮 𑄛𑄚𑄳𑄦𑄨𑄖𑄴? 𑄖𑄬 𑄜𑄪𑄇𑄴𑄇𑄪𑄣𑄪𑄁 𑄉𑄧𑄢𑄳𑄦𑄨 𑄛𑄚𑄳𑄦𑄨𑄖𑄴 𑄛𑄧𑄣𑄴𑄣𑄧𑄊𑄮𑄠𑄴𑅁
বেড়ার ছিদ্রটি করে বাতাস আসতেছে,𑄜𑄪𑄉𑄪𑄘𑄨 𑄇𑄚𑄞𑄮𑄚𑄴𑄘𑄨 𑄝𑄪𑄠𑄬𑄢𑄴 𑄃𑄬𑄏𑄬𑄢𑄴
সে বেড়ার ছিদ্রর দিকে কি তাকায় আছে,𑄖𑄬 𑄜𑄪𑄉𑄪𑄘𑄨 𑄇𑄚 𑄥𑄬𑄢𑄬𑄚𑄴𑄘𑄳𑄦𑄨 𑄇𑄨 𑄌𑄬 𑄃𑄊𑄬?
"আমার শরীরটা কেমন পাচ্ছি,গোসল করতে হবে","𑄟𑄧 𑄇𑄨𑄠𑄬𑄃𑄳𑄦𑄚𑄴 𑄃𑄨𑄏𑄪 𑄜𑄪𑄎𑄪𑄇𑄴 𑄜𑄎𑄇𑄴 𑄛𑄋𑄳𑄦𑄧𑄖𑄴𑄖𑄬, 𑄉𑄙 𑄛𑄧𑄢𑄨𑄝𑄮𑄉𑄮𑄠𑄴"
"তার চুলগুলো সবসময় অগোছালো করে রাখে,না বলে আঁচড়ায়","𑄖 𑄌𑄪𑄣𑄚𑄳𑄦𑄨 𑄃𑄧𑄟𑄧𑄉𑄧𑄘𑄧 𑄜𑄪𑄎𑄪𑄇𑄴 𑄜𑄎𑄇𑄴 𑄉𑄧𑄢𑄳𑄦𑄨 𑄗𑄧𑄠𑄴, 𑄚 𑄦𑄧𑄣𑄬 𑄃𑄬𑄇𑄴𑄇 𑄃𑄎𑄪𑄢𑄮𑄁"
মনটা কুটকুট করতেছে,𑄟𑄧𑄚𑄳𑄦𑄚𑄴 𑄜𑄪𑄎𑄪𑄇𑄴 𑄜𑄎𑄳𑄦𑄇𑄴 𑄛𑄋𑄳𑄦𑄧𑄢𑄴𑅁
তার কাজগুলো মাঝখান থেকে শেষ হয়ে যায়,𑄇𑄟𑄚𑄳𑄦𑄨 𑄖𑄢𑄴 𑄈𑄇𑄴𑄇𑄳𑄦𑄬 𑄃𑄙 𑄛𑄧𑄙𑄧𑄖𑄴 𑄜𑄪𑄎𑄪𑄖𑄴𑄖𑄪𑄟𑄴 𑄦𑄧𑄠𑄴𑅁
বাসকোড়ল তরকারিটে ধনিয়া পাতা দিলে স্বাদ উঠে,𑄞𑄌𑄴𑄌𑄪𑄢𑄳𑄦𑄨 𑄖𑄮𑄚𑄮𑄖𑄴 𑄜𑄪𑄎𑄳𑄦𑄨 𑄘𑄨𑄣𑄳𑄦𑄬 𑄥𑄪𑄃𑄮𑄖𑄴 𑄦𑄧𑄠𑄴𑅁
"১,ফোটা উঠা",𑄷. 𑄜𑄪𑄖𑄴 𑄃𑄪𑄘𑄚𑄳𑄦
কাঁদার ফোটা,𑄛𑄬𑄇𑄴 𑄜𑄪𑄖𑄴
পথটা পুরোটা ফোটা,𑄛𑄧𑄖𑄴𑄗𑄚𑄴 𑄉𑄧𑄘 𑄜𑄪𑄖𑄴
সে কাঁদার ফোটায় কিভাবে যাবে,𑄥𑄬 𑄛𑄬𑄇𑄴 𑄜𑄪𑄘𑄮 𑄟𑄳𑄦𑄠𑄴 𑄇𑄬𑄚𑄳𑄦𑄬 𑄎𑄬𑄘𑄧
তোমার প্যান্টের পিছনে ফোটা ফোটা হয়ছে,𑄉𑄧𑄘 𑄜𑄪𑄖𑄴 𑄃𑄭𑄪𑄖𑄴𑄗𑄬 𑄖𑄧 𑄛𑄳𑄦𑄬𑄚𑄴𑄚𑄮 𑄛𑄨𑄌𑄴𑄍𑄬𑄚𑄴𑄘𑄨
"২,তিন ফুটে এক গজ",𑄸. 𑄖𑄨𑄚𑄴 𑄜𑄪𑄘𑄬 𑄃𑄬𑄇𑄴 𑄉𑄧𑄌𑄴
সে নাকি ৫ ফুট ৯ ইঞ্চি লম্বা,𑄖𑄬 𑄞𑄬𑄣𑄬 𑄻 𑄜𑄪𑄖𑄴 𑄽 𑄃𑄨𑄁𑄥𑄨 𑄣𑄟𑄴𑄝𑅁
ফোটা তোলা,𑄜𑄪𑄖𑄴 𑄖𑄪𑄣𑄚𑄳𑄦
আমি একদিন এইটার ফোট তুলবো তো,𑄟𑄪𑄠𑄴 𑄃𑄬𑄇𑄴𑄘𑄨𑄚𑄴 𑄃𑄨𑄠𑄚𑄳𑄦𑄧 𑄜𑄪𑄖𑄴 𑄖𑄪𑄣𑄳𑄦𑄨𑄟𑄴 𑄘𑄧𑅁
নিঃস্ব হয়া/করা,𑄜𑄪𑄖𑄴𑄖𑄳𑄦𑄮 𑄦𑄧𑄚/ 𑄉𑄧𑄢𑄚𑄳𑄦
সে রোগপর চিকিৎসা করতে করতে নিঃস্ব হলো,𑄖𑄬 𑄛𑄨𑄢𑄬 𑄌𑄬𑄢𑄬𑄖𑄴𑄗 𑄉𑄧𑄖𑄴𑄗𑄬 𑄉𑄧𑄖𑄴𑄗𑄬 𑄉𑄧𑄘 𑄜𑄪𑄖𑄴𑄖𑄳𑄦𑄮 𑄦𑄧𑄣𑄧
সে আমাদের নিঃস্ব করলো,𑄖𑄬 𑄃𑄟𑄳𑄦𑄢𑄬 𑄎𑄚𑄬 𑄜𑄪𑄖𑄴𑄖𑄳𑄦𑄮 𑄝𑄚𑄬𑄣𑄧𑅁
"১,কাঁটা /কাঁটা ফোটানো","𑄷. 𑄇𑄘, 𑄥𑄣𑄴 𑄜𑄪𑄘𑄚"
কখন পায়ে কাঁটা ফুটলো জানিনা,𑄇𑄧𑄇𑄴𑄈𑄬 𑄇𑄧𑄇𑄴𑄈𑄬 𑄇𑄘 𑄜𑄪𑄘𑄬𑄣𑄪𑄁 𑄇𑄨𑄎𑄬𑄚𑄨 𑄗𑄬𑄋𑄚𑄳𑄦𑄧𑄖𑄴
"খালি পায়ে বেড়ালাম,বড়ই কাঁটা ফোটালাম","𑄃𑄬𑄣𑄬 𑄃𑄬𑄣𑄬 𑄝𑄬𑄢𑄬𑄣𑄪𑄁, 𑄝𑄮𑄢𑄳𑄦𑄮𑄠𑄴 𑄇𑄘 𑄜𑄪𑄘𑄬𑄣𑄪𑄁"
"কাঁটা একটা ফুটছে,শুধু যন্ত্রণা করে","𑄥𑄣𑄴 𑄃𑄨𑄇𑄴𑄊𑄮 𑄜𑄭𑄪𑄖𑄴𑄖𑄬𑄘𑄳𑄦𑄬, 𑄝𑄚 𑄜𑄪𑄘𑄬𑄘𑄬"
"এই কাঁটাটা কখন ফোটালো?মাছের কাঁটা ফুটিয়ে দুঃখে আছি, দোপ গিললে ব্যাথা করে","𑄃𑄬 𑄇𑄘𑄞𑄮 𑄇𑄧𑄇𑄴𑄈𑄬 𑄜𑄪𑄘𑄬𑄣𑄪𑄁𑄉𑄬 𑄃𑄢𑄳𑄦𑄧? 𑄟𑄏𑄧 𑄇𑄘 𑄜𑄪𑄘𑄬𑄚𑄬𑄠𑄴 𑄘𑄪𑄊𑄮𑄖𑄴 𑄃𑄊𑄧𑄁, 𑄙𑄪𑄇𑄴 𑄉𑄨𑄣𑄨𑄣𑄬 𑄜𑄪𑄘𑄬"
"চোখটা শুধু জ্বালা করে,কিছু ঢুকেছে মনে হয়","𑄌𑄮𑄇𑄴𑄈𑄮 𑄇𑄨 𑄝𑄚 𑄜𑄪𑄘𑄬𑄘𑄬, 𑄜𑄬𑄎𑄳𑄦 𑄥𑄪𑄟𑄴𑄟𑄬𑄉𑄮𑄠𑄴𑄙𑄬 𑄛𑄢𑄳𑄦𑄛𑄁"
ব্যাথা লাগে মতন মারিও না,𑄛𑄨𑄢𑄬 𑄜𑄪𑄘𑄬 𑄛𑄢𑄳𑄦 𑄉𑄧𑄢𑄳𑄦𑄨 𑄞𑄪𑄇𑄴 𑄚𑄧 𑄘𑄨𑄌𑄴
"৩,এই ফুলগুলো কখন ফোটে,পাহাড়ে পাহাড়ে কত ফুল ফুটে যায়,কেউ জানিনা","𑄹. 𑄃𑄬 𑄜𑄪𑄣𑄳𑄦𑄪𑄚𑄴 𑄇𑄧𑄇𑄴𑄈𑄬 𑄜𑄪𑄘𑄮𑄚𑄴? 𑄣𑄋𑄬𑄣𑄳𑄦𑄬 𑄣𑄋𑄬𑄣𑄳𑄦𑄬 𑄏𑄢𑄴 𑄖𑄢𑄪𑄟𑄬 𑄇𑄧𑄙𑄧𑄇𑄴 𑄜𑄪𑄣𑄴 𑄜𑄪𑄘𑄨 𑄎𑄚𑄴, 𑄇𑄨𑄠𑄳𑄦𑄮𑄠𑄴 𑄈𑄧𑄝𑄧𑄢𑄴 𑄚𑄧 𑄛𑄳𑄦𑄚𑄴"
ফুলটা  ফুটে নষ্ট হয়ে জড়ে পড়ে আছে,𑄜𑄪𑄣𑄴𑄣𑄳𑄦𑄮 𑄜𑄪𑄘𑄨 𑄜𑄘𑄭 𑄌𑄨𑄙𑄬 𑄦𑄮𑄚𑄬𑄠𑄴 𑄏𑄪𑄢𑄨 𑄛𑄧𑄢𑄧𑄁 𑄛𑄧𑄢𑄧𑄁 𑄦𑄪𑄠𑄳𑄦𑄬
ফুলগুলো টকটকে লাল করে ফুটেছে,𑄜𑄪𑄣𑄳𑄦𑄪𑄚𑄴 𑄘𑄮𑄘𑄮𑄇𑄴𑄇𑄬 𑄢𑄋 𑄉𑄧𑄢𑄳𑄦𑄨 𑄜𑄭𑄪𑄖𑄴𑄖𑄳𑄦𑄮𑄚𑄴
"আমি পাথরে ফুল ফোটাবো,তোমার ভালোবাসা পেলে,  ৪,কুয়াশা পড়া","𑄟𑄪𑄠𑄴 𑄛𑄖𑄴𑄖𑄧𑄢𑄳𑄦𑄧𑄖𑄴 𑄜𑄪𑄣𑄴 𑄜𑄪𑄘𑄬𑄟𑄴, 𑄖𑄧 𑄇𑄮𑄌𑄴𑄛𑄚𑄳𑄦 𑄛𑄬𑄣𑄳𑄦𑄬! 𑄺. 𑄛𑄮 𑄜𑄪𑄘𑄚"
বাচ্চা দেয়া,𑄥𑄧 𑄜𑄪𑄘𑄚
অমুকের স্ত্রী নাকি জমজ সন্তান জন্ম দিছে,𑄜𑄧𑄣𑄧𑄚 𑄟𑄮𑄇𑄴𑄈𑄮 𑄞𑄬𑄣𑄬 𑄎𑄟 𑄛𑄮 𑄜𑄪𑄘𑄬𑄠𑄬𑄘𑄳𑄦𑄬
মুরগী টা অনেকগুলো বাচ্চা দিছে,𑄇𑄪𑄢𑄳𑄦𑄮𑄝𑄮 𑄞𑄣𑄪𑄇𑄴𑄇𑄮 𑄥𑄧 𑄜𑄪𑄘𑄬𑄠𑄳𑄦𑄬
"বারোটা বাচ্চা নিছো আরও কয়টা নিতে মন চায়?৫,বম ফুটলো একটা","𑄝𑄢𑄳𑄦𑄧𑄝𑄮 𑄛𑄮 𑄜𑄪𑄘𑄬𑄠𑄳𑄦𑄮𑄌𑄴, 𑄃𑄢𑄳𑄦𑄧 𑄇𑄧𑄠𑄴𑄞𑄬 𑄜𑄪𑄘𑄬𑄝𑄢𑄴 𑄛𑄧𑄢𑄚𑄬 𑄟𑄊𑄬𑄢𑄴? 𑄻. 𑄝𑄮𑄟𑄴 𑄜𑄪𑄘𑄨𑄣𑄮𑄘𑄬 𑄃𑄨𑄇𑄴𑄊𑄮"
আমাদের টিভিটা নষ্ট হয়ে গেছে,𑄃𑄟𑄳𑄦 𑄖𑄨𑄝𑄨𑄃𑄳𑄦𑄚𑄴 𑄜𑄪𑄁 𑄉𑄧𑄢𑄳𑄦𑄨 𑄜𑄪𑄘𑄨 𑄎𑄨𑄠𑄬𑄊𑄮𑄠𑄴
বিঝুর সময় বাজি ফোটানো হয়,𑄝𑄨𑄏𑄪 𑄃𑄧𑄇𑄴𑄗𑄧𑄖𑄴 𑄉𑄮𑄣𑄇𑄴 𑄜𑄪𑄘𑄚𑄴 𑄜𑄪𑄁 𑄜𑄪𑄁 𑄉𑄧𑄢𑄳𑄦𑄨
"৬,চোখ ফোটা",𑄼. 𑄌𑄮𑄇𑄴 𑄜𑄪𑄘𑄚
আলো ফোটা,𑄛𑄳𑄦𑄧𑄢𑄴 𑄜𑄪𑄘𑄚
নাম করা,𑄚𑄁 𑄜𑄪𑄘𑄚
ভাত রান্না করা,𑄞𑄖𑄴 𑄜𑄪𑄘𑄚
বিড়ালটার চোখগুলো এখনো ফুটে নাই,𑄝𑄬𑄣𑄬𑄠𑄴 𑄥𑄧𑄃𑄪𑄚𑄮 𑄌𑄮𑄇𑄴𑄈𑄪𑄚𑄴 𑄃𑄬𑄞𑄧 𑄚𑄳𑄦𑄧 𑄜𑄪𑄘𑄮𑄚𑄴
বাইরে কি আলো ফুটতেছে,𑄝𑄢𑄳𑄦𑄬𑄚𑄴𑄘𑄨 𑄇𑄨 𑄛𑄳𑄦𑄧𑄢𑄴 𑄜𑄭𑄪𑄖𑄴𑄖𑄬 𑄇𑄨𑄎𑄬𑄚𑄨
গুণ থাকলে এমনিই মানুষের নাম ফুটে উঠে,𑄉𑄪𑄚𑄴 𑄗𑄬𑄣𑄬 𑄉𑄭 𑄉𑄭 𑄟𑄚𑄴𑄏𑄮 𑄚𑄁 𑄜𑄪𑄘𑄨 𑄃𑄪𑄙𑄬
ভাতগুলো এখনো হয় নাই,𑄞𑄖𑄴𑄖𑄳𑄦𑄪𑄚𑄴 𑄃𑄬𑄞𑄧 𑄚𑄧𑄠𑄳𑄦𑄮 𑄜𑄪𑄘𑄮𑄚𑄴
মানুষদের এখন চোখ খুলতেছে,𑄟𑄚𑄳𑄦𑄪𑄌𑄴𑄌𑄪𑄚𑄮𑄢𑄴 𑄃𑄬𑄞𑄧 𑄖𑄳𑄦𑄬 𑄌𑄮𑄇𑄴 𑄜𑄪𑄘𑄬𑄖𑄴𑄖𑄬𑅁
ফোটা ফোটা,𑄜𑄪𑄘𑄮 𑄜𑄪𑄘𑄮
ফোটা কয়লা,𑄜𑄪𑄘𑄮 𑄃𑄋𑄢𑄳𑄦
কপালের টিপ,𑄖𑄨𑄣𑄧𑄇𑄴𑄇𑄧 𑄜𑄪𑄘𑄮
এক ফোটা চোখের পানি,𑄃𑄬𑄇𑄴 𑄜𑄪𑄘𑄮 𑄌𑄮𑄊𑄮 𑄛𑄚𑄳𑄦𑄨
ফোটা ফোটা ঝড় পড়তেছে,𑄜𑄪𑄘𑄮 𑄜𑄪𑄘𑄮 𑄏𑄧𑄢𑄴 𑄛𑄧𑄢𑄬𑄢𑄴
দুই এক ফোটা চোখের পানি পড়লো আমার,𑄘𑄨 𑄃𑄬𑄇𑄴 𑄜𑄪𑄘𑄮 𑄌𑄮𑄊𑄮 𑄛𑄚𑄳𑄦𑄨 𑄛𑄧𑄢𑄨𑄣𑄮 𑄟𑄧𑄢𑄴
ফোটা কয়লা গায়ে লাগতেছে,𑄜𑄪𑄘𑄮 𑄃𑄋𑄢𑄳𑄦 𑄃𑄪𑄢𑄨 𑄛𑄧𑄖𑄴𑄖𑄧𑄚𑄴𑄚𑄳𑄦𑄨
মেয়েটা কত বড় কপালের টিপ পড়ছে,𑄟𑄨𑄣𑄬𑄞𑄮 𑄇𑄧𑄟𑄴𑄞 𑄃𑄨𑄇𑄴𑄊𑄮 𑄖𑄨𑄣𑄧𑄇𑄴𑄇𑄧𑄜𑄪𑄘𑄮 𑄘𑄳𑄦𑄳𑄠𑄬 𑄝𑄮
ঝড়ের ফোটাগুলো বড় বড় করে পড়তেছে,𑄏𑄧𑄢𑄧 𑄜𑄪𑄘𑄮𑄃𑄪𑄚𑄴 𑄘𑄋𑄳𑄦𑄧𑄢𑄴 𑄘𑄋𑄳𑄦𑄧𑄢𑄴 𑄉𑄧𑄢𑄳𑄦𑄨 𑄛𑄧𑄖𑄴𑄖𑄧𑄚𑄴𑄙𑄨𑅁
এক ফুঁ দিলে কোথায় গিয়ে পড়ো জানা নেই,𑄃𑄬𑄇𑄴 𑄜𑄪𑄚𑄮𑄖𑄴 𑄇𑄪𑄖𑄴𑄙𑄪𑄢𑄴 𑄃𑄪𑄢𑄨 𑄛𑄧𑄢𑄧𑄌𑄴𑄌𑄮𑄠𑄴 𑄇𑄪𑄖𑄴𑄗𑄪𑄚𑄴𑄚𑄬𑄠𑄴
ফুঁ দেয়া,𑄜𑄪𑄚𑄴 𑄘𑄬𑄚
ফুঁ দেয়ায় এক মাইল দূরে পড়ে গেছে সে,𑄜𑄪𑄚𑄮𑄖𑄴 𑄌𑄧𑄖𑄴𑄖𑄬 𑄃𑄬𑄇𑄴 𑄟𑄬𑄣𑄴 𑄃𑄪𑄢𑄨 𑄛𑄧𑄣𑄴𑄣𑄧𑄊𑄮𑄠𑄴 𑄖𑄬
উন্দুস্যে বৈদ্য এক ফুঁ তে বাংলাদেশের সব ইঁদুরগুলো নাকি ভারতে স্থানান্তর করতে পারে।,𑄃𑄪𑄚𑄴𑄘𑄪𑄌𑄴𑄌𑄬 𑄝𑄰𑄱𑄖𑄴𑄘𑄮 𑄃𑄬𑄇𑄴 𑄜𑄪𑄚𑄮𑄖𑄴 𑄝𑄁𑄣𑄘𑄬𑄏𑄧 𑄝𑄬𑄇𑄴 𑄃𑄪𑄚𑄴𑄘𑄪𑄢𑄳𑄦𑄪𑄚𑄴 𑄞𑄢𑄧𑄘𑄧𑄖𑄴 𑄙𑄝𑄬 𑄘𑄨 𑄛𑄢𑄬𑄘𑄬 𑄞𑄬𑄣𑄬
"আগুনটা এত মরা মরা কেন,ফুঁ ূিতে দিতে মাথা ঘোরাচ্ছে একদম","𑄃𑄊𑄪𑄚𑄚𑄴 𑄃𑄳𑄦𑄬𑄟𑄴𑄝 𑄇𑄨 𑄝𑄚𑄬 𑄟𑄧𑄢 𑄇𑄨𑄎𑄬𑄚𑄨, 𑄜𑄪𑄚𑄴 𑄘𑄬 𑄘𑄬 𑄘𑄬𑄘𑄬 𑄟𑄙 𑄊𑄪𑄢𑄣𑄴𑄣𑄮𑄠𑄴 𑄎𑄚𑄬𑅁"
চিরুনি দিয়ে চুলটা আঁচড়ে নাও,𑄜𑄪𑄚𑄨𑄣𑄮𑄠𑄴 𑄌𑄪𑄣𑄳𑄦𑄚𑄴 𑄃𑄎𑄪𑄢𑄨 𑄣𑄧𑅁
পুড়েিয়ে দেয়া,𑄜𑄪𑄢𑄨 𑄘𑄬𑄚
ক্ষুধা লাগা,𑄛𑄧𑄖𑄴 𑄜𑄪𑄢𑄚
পুড়ে যাওয়া,𑄜𑄪𑄢 𑄎𑄚
জঙ্গলের মধ্যে দিয়ে যেতে হয়,𑄏𑄢𑄴 𑄜𑄪𑄢𑄨 𑄜𑄪𑄢𑄨 𑄎 𑄛𑄧𑄢𑄬𑄘𑄬
কোনদিকে গিয়ে কোনদিকে বের হলো তারা,𑄇𑄪𑄚𑄴𑄙𑄨 𑄜𑄪𑄢𑄨 𑄇𑄪𑄚𑄴𑄙𑄨 𑄚𑄳𑄦𑄨𑄉𑄨𑄣𑄨𑄣𑄇𑄴𑄇𑄮𑄠𑄴 𑄖𑄢𑄳𑄦
পাহাড় পাশ কেটে যেতে হয় বলে তার নাম হয়েছে ফুরোমোন,𑄟𑄮𑄚𑄴 𑄜𑄪𑄢𑄨 𑄎𑄬 𑄛𑄳𑄦𑄠𑄴 𑄇𑄬𑄚𑄳𑄦𑄬𑄖𑄴𑄖𑄬𑄠𑄴 𑄖 𑄚𑄋𑄳𑄦𑄚𑄴 𑄦𑄪𑄠𑄬𑄘𑄳𑄦𑄬 𑄜𑄪𑄢𑄮𑄟𑄮𑄚𑄴
কেরোচিন তেল শেষ হয়েছে,𑄇𑄬𑄢𑄚𑄴𑄐𑄬 𑄖𑄬𑄣𑄴 𑄜𑄪𑄢𑄳𑄦𑄬𑄠𑄬
কিছুদিনে এইটা  আরেকদিনে এইটা শেষ হয়,"𑄈𑄇𑄴𑄇𑄳𑄦𑄬 𑄃𑄨𑄠𑄳𑄦𑄚𑄴, 𑄈𑄇𑄴𑄇𑄳𑄦𑄬 𑄃𑄳𑄦𑄪𑄝𑄚𑄴 𑄜𑄪𑄢𑄳𑄦𑄠𑄴"
"যত দিন যাচ্ছে , তত আয়ু কমে যাচ্ছে","𑄎𑄬𑄙𑄧𑄇𑄴 𑄘𑄨𑄚𑄴 𑄎𑄢𑄴, 𑄥𑄬𑄙𑄧𑄇𑄴 𑄃𑄠𑄪 𑄜𑄪𑄢𑄳𑄦𑄬𑄠𑄴 𑄎𑄢𑄴"
"তোমার পৃথিবীতে থাকার দিন শেষ হচ্ছে, আগে থেকে কাঁধ প্রস্তুতি নাও","𑄖𑄧𑄢𑄴 𑄛𑄨𑄖𑄴𑄗𑄨𑄟𑄨𑄖𑄴 𑄗𑄬𑄝𑄢𑄴 𑄘𑄨𑄚𑄴 𑄜𑄪𑄢𑄳𑄦𑄮𑄢𑄴, 𑄃𑄭 𑄗𑄉𑄧𑄖𑄴𑄖𑄬 𑄞𑄢 𑄎𑄪𑄇𑄴𑄇𑄮𑄣𑄬 𑄣𑄧𑅁"
এপিট ওপিট,𑄃𑄬𑄜𑄪𑄢𑄴 𑄃𑄪𑄜𑄪𑄢𑄴
.মারমারা পুরুং পারাং করে কি বলে জানিনা,𑄟𑄧𑄇𑄴𑄇𑄪𑄚𑄳𑄦𑄬 𑄜𑄪𑄢𑄪𑄁 𑄜𑄢𑄳𑄦𑄁 𑄉𑄧𑄢𑄳𑄦𑄨 𑄇𑄨 𑄇𑄳𑄦𑄧𑄚𑄴 𑄇𑄨𑄎𑄬𑄚𑄨
.তার দাড়ি গোপ উঠেছে,𑄖𑄢𑄴 𑄘𑄢𑄳𑄦𑄨 𑄜𑄪𑄢𑄪𑄁 𑄜𑄢𑄳𑄦𑄁
.ফুলে উঠা,𑄜𑄪𑄣𑄨 𑄃𑄪𑄘𑄚𑄳𑄦
.সে রাগে মুখটা ফুলিয়ে রেখেছে,𑄖𑄬 𑄢𑄉𑄬 𑄟𑄪𑄃𑄳𑄦𑄚𑄴 𑄜𑄪𑄣𑄬𑄠𑄬 𑄉𑄧𑄢𑄳𑄦𑄨 𑄃𑄊𑄬
.ব্যাঙটাকে মারলে ফুলিয়ে উঠে,𑄝𑄬𑄁𑄋𑄳𑄦𑄮 𑄟𑄪𑄉𑄮𑄢𑄬𑄣𑄬 𑄥𑄬𑄈𑄬𑄛𑄴 𑄝𑄬𑄌𑄴 𑄜𑄪𑄣𑄬𑄘𑄬 𑄃𑄨𑄏𑄪
".সে দিন দিন ফুলতেছে, মোটা হচ্ছে","𑄥𑄨𑄝𑄳𑄦𑄬 𑄘𑄨𑄚𑄴 𑄘𑄨𑄚𑄴 𑄃𑄨𑄏𑄪 𑄜𑄪𑄣𑄬𑄖𑄴𑄖, 𑄛𑄧𑄇𑄴𑄗 𑄦𑄧𑄖𑄴𑄖𑄬𑅁"
.তাবিজ,[𑄖𑄣𑄳𑄦𑄨𑄇𑄴]
.ফুল তুলা,𑄜𑄪𑄣𑄴 𑄖𑄪𑄣𑄚𑄳𑄦
.ফুলের কুঁড়ি,𑄜𑄪𑄣𑄮 𑄇𑄪𑄢𑄳𑄦𑄨
.ফুল বারেঙ,𑄜𑄪𑄣𑄴 𑄝𑄢𑄬𑄁
.ফুলের সুগন্ধ,𑄜𑄪𑄣𑄮 𑄖𑄪𑄟𑄴𑄝𑄌𑄴
.ফুলের বাগানে সুন্দর  সুন্দর ফুল ফোটে,𑄜𑄪𑄣𑄴 𑄝𑄉𑄚𑄧𑄖𑄴 𑄘𑄮𑄣𑄴 𑄘𑄮𑄣𑄴 𑄜𑄪𑄚𑄴 𑄜𑄪𑄘𑄮𑄚𑄴
".যাবো, ফুল তুলবো","𑄎𑄬𑄠𑄴, 𑄜𑄪𑄣𑄴 𑄖𑄪𑄣𑄨𑄠𑄳𑄦𑄮𑄠𑄴"
.রেবেক ফুলের সুগন্ধে আমাদের মনটা সুন্দর হবে,𑄢𑄬𑄝𑄬𑄇𑄴 𑄜𑄪𑄣𑄮 𑄖𑄪𑄟𑄴𑄝𑄏𑄬 𑄃𑄟𑄳𑄦 𑄟𑄧𑄚𑄳𑄦𑄚𑄴 𑄘𑄮𑄣𑄴 𑄦𑄧𑄝𑄧𑅁
.বাঁধাকপির তরকারি,𑄜𑄪𑄣𑄴 𑄇𑄧𑄞𑄨 𑄖𑄮𑄚𑄴𑅁
.ফুল ফুল শার্ট,𑄜𑄪𑄣𑄴 𑄛𑄳𑄦𑄪𑄣𑄴 𑄥𑄪𑄣𑄪𑄟𑄴
.ফুল ফুল খাদি,𑄜𑄪𑄣𑄴 𑄛𑄳𑄦𑄪𑄣𑄴 𑄈𑄘𑄨
.ফুল বিঝুর সময়ে পুরো বাড়িটা ফুল দিয়ে সাজানো হয়,𑄜𑄪𑄣𑄴 𑄝𑄨𑄏𑄪 𑄃𑄧𑄇𑄴𑄗𑄧𑄖𑄴 𑄜𑄪𑄣𑄴𑄣𑄮𑄠𑄴 𑄉𑄧𑄘 𑄊𑄧𑄢𑄳𑄦𑄚𑄴 𑄥𑄎𑄳𑄦𑄚𑄴𑅁
.তারা মন্ত্রীকে ফুলের মালা পড়িয়ে দিল,𑄖𑄢𑄳𑄦 𑄟𑄧𑄚𑄴𑄖𑄳𑄢𑄨𑄢𑄳𑄦𑄬 𑄜𑄪𑄣𑄴 𑄥𑄧𑄢 𑄛𑄬𑄚𑄳𑄦𑄬 𑄘𑄨𑄣𑄳𑄦𑄇𑄴𑅁
সে আবোল তাবোল বলতেছে,𑄖𑄬 𑄇𑄨 𑄜𑄪𑄣𑄪𑄜𑄣𑄳𑄦 𑄞𑄌𑄴 𑄟𑄘𑄬 𑄇𑄨𑄎𑄬𑄚𑄨
.একা একা আবোল তাবোল কথা বলতেছে সে,𑄉𑄭 𑄉𑄭 𑄜𑄪𑄣𑄪𑄜𑄣𑄳𑄦 𑄉𑄧𑄢𑄳𑄦𑄨 𑄇𑄧𑄙 𑄇𑄧𑄠𑄴𑄙𑄬 𑄖𑄬
.কী আবোল তাবোল স্বপ্ন দেখেছি,𑄇𑄨 𑄜𑄪𑄣𑄪𑄜𑄣𑄳𑄦 𑄥𑄧𑄝𑄧𑄚𑄬 𑄘𑄨𑄇𑄴𑄈𑄮𑄁 𑄇𑄨𑄎𑄬𑄚𑄨
.আবোল তাবোল কথা বলে কি লাভ? সোজা কথা বলো,"𑄜𑄪𑄣𑄪𑄜𑄣𑄳𑄦 𑄇𑄧𑄙 𑄇𑄮𑄚𑄳𑄦𑄬𑄠𑄴 𑄇𑄨 𑄣𑄛𑄴, 𑄃𑄪𑄎𑄪 𑄇𑄧𑄙 𑄇𑄳𑄦𑄧"
.আবোল তাবোল চিন্তা করে শুধু মনের দুঃখ বাড়ানো ছাড়া কিছুনা,𑄜𑄪𑄣𑄪𑄜𑄣 𑄌𑄨𑄘𑄬 𑄉𑄧𑄢𑄨𑄚𑄳𑄦𑄬𑄠𑄴 𑄌𑄪𑄙𑄮 𑄟𑄳𑄦𑄬 𑄟𑄧𑄚𑄧𑄖𑄴 𑄘𑄪𑄇𑄴 𑄝𑄢𑄚𑄳𑄦 𑄦𑄧𑄠𑄴𑄘𑄬𑅁
.উং সোয়া পো,𑄃𑄳𑄦𑄪𑄁 𑄥𑄱 𑄜𑄪𑄃𑄮
.পুং পাং ভুং ভাং কি শুনতেছি? পুং করে কি শব্দ করলো,𑄜𑄪𑄁 𑄛𑄳𑄦𑄁 𑄞𑄪𑄁 𑄞𑄁 𑄥𑄨𑄠𑄳𑄦𑄚𑄴 𑄇𑄨 𑄥𑄪𑄚𑄧𑄋𑄳𑄦𑄧𑄢𑄴? 𑄜𑄪𑄁 𑄉𑄧𑄢𑄳𑄦𑄨 𑄇𑄨 𑄜𑄪𑄘𑄨𑄣𑄮 𑄇𑄨𑄎𑄬𑄚𑄨𑅁
.কোনদিকে  ফুং পাং করতেছে? ফুং পাং দুই একটা দিলে তারপরে ঠিক হবে,𑄷. 𑄇𑄪𑄚𑄴𑄙𑄨 𑄜𑄪𑄁 𑄛𑄳𑄦𑄁 𑄉𑄧𑄢𑄳𑄦𑄬𑄢𑄴? 𑄜𑄪𑄁 𑄛𑄳𑄦𑄁 𑄘𑄨𑄞𑄬 𑄃𑄨𑄇𑄴𑄊𑄮 𑄘𑄨𑄣𑄳𑄦𑄬 𑄖𑄳𑄦𑄬 𑄦𑄧𑄝𑄧𑄘𑄬 𑄥𑄳𑄠𑄬
.সে শুধু এদিক সেদিক টাকা খরচ করে,𑄸. 𑄖𑄬 𑄝𑄚 𑄜𑄪𑄁 𑄛𑄳𑄦𑄁 𑄖𑄬𑄋 𑄞𑄋𑄬𑄘𑄬𑅁
.সে কলাটা কাদা করে ফেলে দিলো,𑄖𑄬 𑄇𑄧𑄣𑄞𑄮 𑄌𑄨𑄇𑄴𑄌𑄨𑄉𑄨𑄖𑄴 𑄜𑄬𑄇𑄴 𑄉𑄧𑄢𑄳𑄦𑄨 𑄜𑄬𑄣𑄬 𑄘𑄨𑄣𑄳𑄦𑄮
".কাদা করে মাটিতে বসলো সে, ক্লান্ত হয়ে","𑄜𑄬𑄇𑄴 𑄉𑄧𑄢𑄳𑄦𑄨 𑄟𑄘𑄨𑄖𑄴 𑄝𑄧𑄎𑄨𑄣𑄳𑄦𑄮 𑄖𑄬, 𑄝𑄧𑄣𑄴 𑄛𑄧𑄢𑄨𑄚𑄬𑄠𑄴𑅁"
. পানিতে হঠাৎ মোবাইলটা পড়ে গেল,𑄜𑄬𑄇𑄴𑄇𑄬𑄣𑄬𑄇𑄴 𑄉𑄧𑄢𑄳𑄦𑄨 𑄟𑄮𑄞𑄭𑄣𑄚𑄴 𑄛𑄚𑄳𑄦𑄨𑄖𑄴 𑄛𑄧𑄣𑄴𑄣𑄧𑄊𑄮𑄠𑄴
.হঠাৎ করে পানির গভীরে টর্সলাইটটি পড়ে গেল,𑄜𑄬𑄇𑄴𑄇𑄬𑄣𑄬𑄇𑄴 𑄌𑄧𑄖𑄴𑄖𑄬 𑄃𑄬𑄇𑄴𑄈𑄬 𑄛𑄚𑄳𑄦𑄨 𑄟𑄪𑄢𑄮𑄖𑄴 𑄥𑄬 𑄝𑄖𑄴𑄖𑄨
.সে টপাস করে আছাড় খেলো,𑄖𑄬 𑄜𑄬𑄇𑄴𑄇𑄬𑄣𑄳𑄦𑄬𑄇𑄴 𑄉𑄧𑄢𑄳𑄦𑄨 𑄃𑄏𑄢𑄴 𑄈𑄬𑄣𑄧𑅁
. খাড়া চুল,𑄜𑄬𑄎𑄇𑄴𑄌𑄇𑄴 𑄌𑄪𑄣𑄴
.লম্বা এলোমেলো চুল নিয়ে তাকে দেখতে ভয়ংকর লাগে,𑄜𑄬𑄎𑄇𑄴𑄌𑄇𑄴 𑄉𑄧𑄢𑄳𑄦𑄨 𑄌𑄪𑄣𑄚𑄨𑄣𑄳𑄦𑄮𑄠𑄴 𑄖𑄢𑄳𑄦𑄬 𑄃𑄬𑄇𑄴𑄞𑄧𑄠𑄴 𑄃𑄨𑄏𑄪 𑄘𑄧𑄢𑄴 𑄉𑄧𑄢𑄳𑄦𑄬 𑄛𑄳𑄦 𑄘𑄬𑄉𑄬𑄙𑄬𑅁
মাথায় আবর্জনা হয়েছে তার,𑄥𑄨𑄢𑄬𑄝𑄮𑄖𑄴 𑄝𑄬𑄇𑄴𑄈𑄚𑄴 𑄜𑄬𑄎𑄳𑄦 𑄝𑄌𑄴𑄍𑄬𑄘𑄬 𑄖𑄢𑄴
.আবর্জনাগুলো পরিষ্কার করে মনোরম হয়েছে জায়গাটা,𑄜𑄬𑄎𑄃𑄚𑄨 𑄇𑄎𑄬𑄚𑄬𑄠𑄴 𑄃𑄬𑄇𑄴𑄈𑄬 𑄝𑄧𑄣𑄴𑄛𑄨𑄠𑄳𑄦𑄬 𑄦𑄪𑄠𑄳𑄦𑄬 𑄎𑄉𑄃𑄳𑄦𑄚𑄴
.একটা আবর্জনাও সে পরিষ্কার করেনি এত কেন অলস সে,"𑄃𑄬𑄇𑄴𑄊𑄚𑄴 𑄜𑄬𑄎𑄳𑄦𑄠𑄮 𑄚𑄧 𑄇𑄎𑄭 𑄖𑄬, 𑄥𑄬𑄠𑄚𑄴𑄐𑄳𑄦𑄬 𑄇𑄨 𑄃𑄣𑄴𑄥𑄨!"
.পথটা জঙ্গল হয়েছে,𑄛𑄧𑄖𑄴𑄗𑄚𑄴 𑄜𑄬𑄎𑄬𑄢 𑄦𑄪𑄠𑄳𑄦𑄬
.কেন জঙ্গল করে আছো? বাড়ির আঙ্গিনা জঙ্গল করে রাখা ঠিক নয়,𑄃𑄠𑄳𑄦𑄬 𑄜𑄬𑄎𑄬𑄢 𑄉𑄧𑄢𑄳𑄦𑄨 𑄃𑄊𑄧𑄌𑄴? 𑄊𑄧𑄢𑄧 𑄌𑄬𑄢𑄴𑄇𑄨𑄖𑄴𑄖𑄬 𑄜𑄬𑄎𑄬𑄢 𑄉𑄧𑄢𑄳𑄦𑄨 𑄗𑄧𑄚 𑄉𑄧𑄟𑄴 𑄚𑄳𑄦𑄧𑄠𑄴
.সে আমাকে কি করবে? সে কিছুই করতে পারবে না,𑄖𑄬 𑄟𑄧𑄢𑄴 𑄇𑄨 𑄜𑄬𑄘𑄳𑄦 𑄉𑄧𑄢𑄨𑄝𑄮𑄘𑄳𑄦𑄬? 𑄇𑄨𑄌𑄴𑄍𑄪 𑄜𑄬𑄘𑄳𑄦 𑄉𑄧𑄢𑄳𑄦𑄨 𑄚𑄧 𑄛𑄢𑄨𑄝𑄮 𑄖𑄬𑅁
.মাংসটা পিস  করো  ভুড়িগুলো ফেলে দিও,"𑄦𑄬𑄢𑄃𑄚𑄳𑄦𑄨 𑄉𑄧𑄟𑄴 𑄉𑄧𑄣𑄴𑄣𑄮𑄠𑄴, 𑄜𑄬𑄘𑄬𑄢𑄳𑄦𑄃𑄚𑄨 𑄜𑄬𑄣𑄬 𑄘𑄨𑄌𑄴"
.ছাগলের মাংসটা নরম,𑄥𑄉𑄧𑄣𑄴 𑄦𑄬𑄢𑄃𑄚𑄴 𑄝𑄚𑄳𑄦 𑄜𑄬𑄘𑄬𑄢𑄳𑄦
".সে নাকি তরকারি দিয়ে দেয়, শুধু নরম দিয়ে দেয়","𑄥𑄨𑄝𑄳𑄦𑄬 𑄞𑄬𑄣𑄬 𑄖𑄮𑄚𑄴 𑄘𑄨 𑄘𑄳𑄠𑄬𑄙𑄬, 𑄝𑄚 𑄜𑄬𑄘𑄬𑄢𑄳𑄦 𑄘𑄧𑄣𑅁"
.সাবানের ফেনা,𑄥𑄉𑄮𑄚𑄮 𑄜𑄬𑄚
".ফেনা উঠা,  তুলা","𑄜𑄬𑄚 𑄃𑄪𑄘𑄚𑄳𑄦, 𑄖𑄪𑄣𑄚𑄳𑄦"
.সাবানটা কিছুতেই ফেনা উঠেনা মনে হয়,𑄥𑄉𑄮𑄚𑄳𑄦𑄚𑄴 𑄇𑄨 𑄈𑄢𑄳𑄦 𑄜𑄬𑄚 𑄚𑄧 𑄃𑄪𑄘𑄬𑄙𑄬 𑄛𑄢𑄳𑄦𑄛𑄁
.মাছটা ফেনা তুলতেছে,𑄟𑄌𑄴𑄍𑄮 𑄜𑄬𑄚 𑄖𑄪𑄣𑄳𑄦𑄬𑄢𑄴
.সে মুখে ফেনা বমি করে,𑄖𑄬 𑄃𑄨𑄏𑄪 𑄟𑄪𑄈𑄮𑄚𑄴𑄘𑄨 𑄜𑄬𑄚 𑄃𑄧𑄉𑄧𑄣𑄬𑄖𑄴𑄖𑄬
. সে মুখে ফেনা উঠা পর্যন্ত কথা বলে,𑄖𑄬 𑄎𑄚𑄬 𑄟𑄪𑄈𑄮𑄖𑄴 𑄜𑄬𑄚 𑄃𑄪𑄙𑄬 𑄥𑄧𑄁 𑄇𑄧𑄙 𑄇𑄳𑄦𑄧𑄠𑄴𑅁
.ফেনির ওপাড়ে,𑄜𑄬𑄚𑄨 𑄇𑄪𑄣𑄴
.মশাটা কানের কাছে এসে শব্দ করে,𑄟𑄧𑄏𑄝𑄮 𑄇𑄨 𑄇𑄚𑄧 𑄇𑄪𑄢𑄬 𑄜𑄬𑄚𑄬𑄖𑄴 𑄜𑄬𑄚𑄬𑄖𑄴 𑄉𑄧𑄢𑄳𑄦𑄬𑄉𑄨 𑄇𑄨𑄎𑄬𑄚𑄨
.সে কথা বললে শুধু বকবক করে,𑄖𑄬 𑄇𑄧𑄙 𑄇𑄧𑄣𑄳𑄦𑄬 𑄃𑄨𑄏𑄪 𑄜𑄬𑄚𑄬𑄖𑄴 𑄜𑄬𑄚𑄬𑄖𑄴 𑄉𑄧𑄢𑄬𑄙𑄬𑅁
.বের চির করা,𑄝𑄬𑄖𑄴 𑄜𑄬𑄢𑄚
".ফেরত দেয়া,পাঠানো, নেওয়া, যাওয়া, আসা","𑄜𑄬𑄢𑄧𑄖𑄴 𑄘𑄬𑄚, 𑄛𑄘𑄚𑄳𑄦, 𑄣𑄧𑄚, 𑄎𑄚, 𑄃𑄬𑄎𑄚𑄳𑄦𑅁"
অপচয় করা,𑄜𑄬𑄣𑄌𑄬𑄣 𑄉𑄧𑄢𑄚𑄳𑄦
.পানি বেশি অপচয় করোনা,𑄛𑄚𑄳𑄦𑄨 𑄝𑄬𑄌𑄴 𑄜𑄬𑄣𑄌𑄬𑄣 𑄚𑄧 𑄉𑄧𑄢𑄳𑄦𑄨𑄌𑄴
.অপচয় পানি,𑄜𑄬𑄣𑄌𑄬𑄣 𑄛𑄚𑄳𑄦𑄨
. ভাত অপচয় করলে নাকি দুঃখ পেতে হয়,𑄞𑄖𑄴 𑄜𑄬𑄣𑄌𑄬𑄣 𑄉𑄧𑄣𑄴𑄣𑄳𑄦𑄬 𑄞𑄬𑄣𑄬 𑄘𑄪𑄊𑄮𑄖𑄴 𑄛𑄧𑄢𑄨 𑄛𑄳𑄦𑄠𑄴𑅁
".রেখে আসা,যাওয়া, দেয়া, খাওয়া","𑄜𑄬𑄣𑄬 𑄃𑄬𑄎𑄚𑄳𑄦, 𑄎𑄚, 𑄘𑄬𑄚, 𑄈𑄚"
.তার হাত থেকে হঠাৎ করে থালাটি পড়ে গেল,𑄖𑄬 𑄦𑄖𑄴𑄖𑄚𑄧𑄖𑄴𑄖𑄪𑄚𑄴 𑄜𑄪𑄇𑄴 𑄏𑄧𑄢𑄬 𑄜𑄬𑄣𑄬𑄣𑄧𑄘𑄬 𑄝𑄏𑄮𑄚𑄴𑄚𑄮
কুকুরটা লালা ফেলতে ফেলতে যাচ্ছে,𑄇𑄪𑄉𑄪𑄢𑄴𑄞𑄮 𑄣𑄬𑄖𑄴𑄖𑄮 𑄜𑄬𑄣𑄬 𑄜𑄬𑄣𑄬 𑄎𑄢𑄴
যেখানে সেখানে থুথু ফেলিও না,𑄎𑄨𑄠𑄳𑄦𑄮𑄖𑄴 𑄥𑄨𑄠𑄳𑄦𑄮𑄖𑄴 𑄥𑄬𑄛𑄴 𑄚𑄧 𑄜𑄬𑄣𑄬𑄌𑄴
ফেলে আসা দিনগুলো মনে পড়ে,𑄜𑄬𑄣𑄬 𑄃𑄨𑄌𑄴𑄌𑄳𑄦𑄬 𑄘𑄨𑄚𑄪𑄚𑄴 𑄦𑄨𑄘𑄮𑄖𑄴 𑄃𑄪𑄙𑄮𑄚𑄴
কত ভিক্ষুক চীবর ত্যাগ করে যাচ্ছে,𑄇𑄧𑄙𑄧𑄇𑄴 𑄞𑄚𑄴𑄖𑄬𑄠𑄬 𑄇𑄝𑄧𑄢𑄴 𑄜𑄬𑄣𑄬 𑄜𑄬𑄣𑄬 𑄎𑄘𑄧𑄚𑄴𑄚𑄮𑄠𑄴
আমার এই খারাপ অভ্যাসগুলো ফেলতে পারতেছি না,𑄟𑄧𑄢𑄴 𑄃𑄬 𑄞𑄚𑄴𑄐𑄬 𑄃𑄇𑄴𑄇𑄬𑄁𑄋𑄚𑄳𑄦𑄨 𑄃𑄬𑄇𑄴𑄈𑄬 𑄜𑄬𑄣𑄳𑄦𑄬 𑄚𑄧 𑄛𑄢𑄧𑄋𑄳𑄦𑄧𑄢𑄴
একটু বিচিটা ফেলে দিই তাহলে,𑄃𑄬𑄇𑄴𑄇 𑄝𑄨𑄎𑄬𑄞𑄮 𑄜𑄬𑄣𑄬 𑄘𑄮𑄁 𑄥𑄣𑄬
একটা জিনিস ও একা খায় না সে,𑄃𑄳𑄦𑄬𑄚𑄬 𑄃𑄬𑄇𑄴𑄊𑄚𑄴 𑄎𑄨𑄚𑄳𑄦𑄨𑄌𑄴𑄃𑄮 𑄜𑄬𑄣𑄬 𑄚𑄧 𑄈𑄭 𑄥𑄳𑄠𑄬 𑄖𑄬𑅁
একা একা-একসাথে,𑄜𑄬𑄣𑄜𑄬𑄣𑄴𑄣𑄬 – 𑄥𑄧𑄟𑄢𑄬
"একা একা খেও না,ভাগ করে খেও","𑄜𑄬𑄣𑄜𑄬𑄣𑄴𑄣𑄬 𑄉𑄧𑄢𑄳𑄦𑄨 𑄚𑄧 𑄈𑄨𑄠𑄮, 𑄞𑄉𑄬𑄎𑄪𑄉𑄬 𑄈𑄧"
তারা একজন একজন করে পৌছালো,𑄖𑄢𑄳𑄦 𑄜𑄬𑄣𑄜𑄬𑄣𑄴𑄣𑄬 𑄉𑄧𑄢𑄳𑄦𑄨 𑄣𑄳𑄦𑄪𑄋𑄨𑄣𑄇𑄴𑄇𑄨𑅁
পেলাআবে খাবে এই ভাতগুলো,𑄜𑄬𑄣𑄳𑄦𑄃𑄝𑄬 𑄈𑄬𑄝𑄧𑄉𑄮𑄠𑄴𑄘𑄬 𑄃𑄭 𑄃𑄬 𑄞𑄖𑄴𑄖𑄳𑄦𑄪𑄚𑄴𑅁
পেলম শাক,𑄜𑄬𑄣𑄧𑄟𑄴 𑄥𑄇𑄴
চে শুধু চোখ বন্ধ না করে তাকিয়ে থাকে,𑄖𑄬 𑄝𑄚𑄳𑄦 𑄌𑄮𑄇𑄴 𑄜𑄬𑄣𑄬𑄜𑄬𑄣𑄬 𑄉𑄧𑄢𑄳𑄦𑄨 𑄌𑄳𑄦𑄬 𑄗𑄬𑄣𑄧𑄘𑄬𑅁
সে শব্দ করে কাঁদতে আছে,𑄖𑄬 𑄜𑄬𑄀𑄌𑄪 𑄜𑄬𑄀𑄌𑄪 𑄉𑄧𑄢𑄳𑄦𑄨 𑄇𑄚𑄬𑄢𑄴
ছবি তোলা/উঠা,𑄜𑄮𑄖𑄮𑄖𑄴 𑄖𑄪𑄣𑄚𑄳𑄦/ 𑄃𑄪𑄘𑄚𑄳𑄦
তার ছবিটা সুন্দর হয়ছে,𑄖 𑄜𑄮𑄖𑄮𑄝𑄮 𑄘𑄮𑄣𑄴 𑄦𑄪𑄠𑄳𑄦𑄬𑅁
টেলিফোন,𑄖𑄬𑄣𑄳𑄦𑄨𑄜𑄮𑄚𑄴
মোবাইল ফোন,𑄟𑄮𑄞𑄭𑄣𑄴 𑄜𑄮𑄚𑄴
ফোন করা/আসা/ধরা/দেয়া,"𑄜𑄮𑄚𑄴 𑄉𑄧𑄢𑄚𑄳𑄦, 𑄃𑄬𑄎𑄚𑄳𑄦, 𑄙𑄧𑄢𑄚, 𑄘𑄬𑄚"
তোমাকে রাতের বেলা কে ফোন করে কে জানে,𑄇𑄧𑄚𑄴𑄚𑄳𑄦 𑄖𑄧𑄢𑄳𑄦𑄬 𑄢𑄬𑄘𑄬𑄝𑄨𑄣𑄨 𑄟𑄳𑄦𑄠𑄴 𑄜𑄮𑄚𑄴 𑄉𑄧𑄢𑄳𑄦𑄬 𑄇𑄨𑄎𑄬𑄚𑄨
তোমাকে কল দিলেও পাওয়া যায় না,𑄖𑄧𑄢𑄳𑄦𑄬 𑄘𑄧 𑄜𑄮𑄚𑄴 𑄉𑄧𑄣𑄴𑄣𑄳𑄦𑄬𑄠𑄮 𑄚𑄧 𑄛𑄳𑄦𑄠𑄴
মাঝে মাঝে ফোন করবে আরকি,𑄥𑄬𑄢𑄬 𑄥𑄬𑄢𑄬 𑄜𑄮𑄚𑄴 𑄉𑄧𑄢𑄨𑄝𑄙𑄬 𑄃𑄭𑅁
গোসল করা,𑄜𑄮𑄛𑄴𑄛𑄮 𑄘𑄬𑄚
চলো গোসল করতে যাই,𑄎𑄬𑄠𑄴 𑄜𑄮𑄛𑄴𑄛𑄮 𑄘𑄨𑄠𑄮𑄠𑄴
পো পো! পানি অনেক ঠান্ডা,𑄜𑄮𑄛𑄴𑄛𑄮! 𑄛𑄚𑄳𑄦𑄨𑄃𑄚𑄴 𑄎𑄬 𑄦𑄨𑄚𑄴!
পাহাড়টা উঠে থামতেছে,𑄟𑄪𑄢𑄳𑄦𑄮𑄝𑄮 𑄃𑄪𑄘𑄨𑄚𑄳𑄦𑄬𑄠𑄴 𑄎𑄚𑄬 𑄜𑄮𑄝𑄳𑄦𑄢𑄴 𑄖𑄬
সে কেন থেমে থেমে কাঁদতেছে,𑄖𑄬 𑄇𑄨 𑄜𑄮𑄝𑄬 𑄜𑄮𑄝𑄬 𑄇𑄚𑄬𑄢𑄴
পাহাড়টা থেমে থেমে উঠতে হয়,𑄟𑄪𑄢𑄳𑄦𑄮𑄝𑄮 𑄜𑄮𑄝𑄬 𑄜𑄮𑄝𑄬 𑄃𑄪𑄙 𑄛𑄧𑄢𑄬𑄉𑄮𑄠𑄴
দৌড়ে দৌড়ে আসছে তো!বেচারা হিমচিম খাচ্ছে সে,"𑄙𑄝 𑄘𑄨 𑄘𑄨 𑄃𑄨𑄌𑄴𑄍𑄬 𑄘𑄧, 𑄝𑄚𑄴𑄙𑄮𑄠𑄴, 𑄎𑄚𑄬 𑄜𑄮𑄝𑄢𑄴 𑄝𑄮"
গরম ভাতগুলো থেমে থেমে খেতে পারে সে,𑄉𑄧𑄢𑄧𑄟𑄴 𑄞𑄖𑄴𑄖𑄪𑄚𑄴 𑄜𑄮𑄝𑄬 𑄜𑄮𑄝𑄬 𑄈𑄬 𑄛𑄢𑄬 𑄖𑄬𑅂
পাখির পালক,𑄛𑄬𑄊𑄮 𑄜𑄮𑄢𑄴
মুরগির পালক,𑄇𑄪𑄢𑄳𑄦𑄮 𑄜𑄮𑄢𑄴
মুরগির পালক দিয়ে কান পরিষ্কার করবে তুমি!,𑄇𑄪𑄢𑄳𑄦𑄮 𑄜𑄮𑄢𑄴𑄣𑄮𑄠𑄴 𑄇𑄚𑄴 𑄈𑄌𑄴𑄌𑄮𑄘𑄬 𑄥𑄪𑄇𑄴!
রোদ পোহানো,𑄢𑄮𑄖𑄴 𑄜𑄮𑄃𑄚𑄳𑄦
আগুন পোহানো,𑄃𑄊𑄪𑄚𑄴 𑄜𑄮𑄃𑄚𑄳𑄦
চলো বাইরে রোদ পোহায়,"𑄎𑄬𑄠𑄴, 𑄝𑄢𑄳𑄦𑄬 𑄢𑄮𑄖𑄴 𑄜𑄮𑄃𑄬𑄠𑄳𑄦𑄮𑄠𑄴"
শীতকালে রোদ পোহাতে সুখ,𑄎𑄢𑄴𑄇𑄭𑄣𑄴𑄣𑄬 𑄢𑄮𑄖𑄴 𑄜𑄮𑄃𑄘𑄬 𑄥𑄪𑄚𑄴𑄎𑄪𑄇𑄴
আগুন পোহাতে পোহাতে রুপকথা শুনতে ভালো লাগে,𑄃𑄊𑄪𑄚𑄴 𑄜𑄮𑄃𑄘𑄬 𑄜𑄮𑄃𑄘𑄬 𑄛𑄧𑄌𑄴𑄍𑄧𑄚𑄴 𑄥𑄪𑄚𑄮𑄘𑄬 𑄉𑄧𑄟𑄴 𑄣𑄉𑄬𑅁
বাবা-মা,𑄝 – 𑄟
"বাবা,আপনি কবে আসবেন?","𑄝, 𑄖𑄪𑄠𑄴 𑄇𑄧𑄟𑄧𑄣𑄬 𑄃𑄬𑄞𑄬?"
"১,বাঘ-বাঘিনী",𑄷. 𑄝𑄇𑄴𑄊𑄬 – 𑄝𑄉𑄮𑄚𑄳𑄦𑄨
বাঘ ভল্লুক,𑄝𑄇𑄴 𑄞𑄣𑄪𑄇𑄴
মাংস খাওয়া বাঘের ভয়ে কলিজা খাওয়া বাঘের সাথে দেখা হয়,𑄦𑄬𑄢 𑄈𑄨𑄠𑄬 𑄝𑄊𑄧 𑄘𑄧𑄢𑄬 𑄌𑄨𑄖𑄴 𑄈𑄨𑄠𑄬 𑄝𑄇𑄴 𑄣𑄊𑄧𑄖𑄴 𑄛𑄳𑄦𑄠𑄴
কিসের এত তাড়া?তোমাকে কি বাঘে তাড়া করছে?বাঘের থেকে শিয়ালটা তিন দিনের বড়,𑄇𑄨 𑄃𑄳𑄦𑄬𑄘𑄧𑄇𑄴 𑄈𑄨𑄎𑄬𑄈𑄨𑄌𑄴𑄌𑄬? 𑄖𑄧𑄢𑄳𑄦𑄬 𑄇𑄨 𑄝𑄊𑄬 𑄣𑄧𑄢𑄢𑄴 𑄚𑄳𑄦𑄇𑄨? 𑄝𑄇𑄴𑄊𑄬𑄖𑄴𑄖𑄪𑄚𑄴 𑄥𑄨𑄃𑄬𑄣𑄴𑄣𑄬 𑄖𑄨𑄚𑄴 𑄙𑄨𑄚𑄮 𑄎𑄬𑄖𑄴
"বাঘের উপরে তাগ আছে, জানো?টাকা দিলে বাঘের চোখ ও পাওয়া যায় ","𑄝𑄊𑄧 𑄃𑄪𑄉𑄪𑄢𑄬 𑄖𑄇𑄴 𑄃𑄉𑄧𑄚𑄴𑄙𑄬, 𑄈𑄧𑄝𑄧𑄢𑄴 𑄛𑄳𑄦𑄌𑄴 𑄚𑄨? 𑄖𑄬𑄋 𑄘𑄨𑄣𑄳𑄦𑄬 𑄝𑄊𑄧 𑄌𑄮𑄇𑄴𑄃𑄳𑄦𑄮 𑄛𑄳𑄦𑄠𑄴"
"২,কাজ শেষ করা",𑄸. 𑄝𑄇𑄴 𑄗𑄪𑄟𑄴 𑄉𑄧𑄢𑄚𑄳𑄦
এই দিক টা আগে শেষ করি,𑄃𑄬 𑄝𑄇𑄴𑄈𑄧𑄲 𑄃𑄣𑄰𑄱𑄖𑄴𑄖𑄬 𑄗𑄪𑄟𑄴 𑄉𑄧𑄢𑄳𑄦𑄧𑄁
বেইনটা আরও একটু করে আছে শেষ হয়ার,𑄝𑄬𑄚𑄳𑄦𑄚𑄴 𑄃𑄢𑄳𑄦𑄧 𑄃𑄬𑄇𑄴 𑄝𑄇𑄴 𑄃𑄉𑄬𑄙𑄬 𑄇𑄝𑄨𑄝𑄢𑄴
বাগানের কাজ,𑄹. 𑄝𑄉𑄧 𑄇𑄟𑄴
বাগানে যাওয়া,𑄝𑄉𑄧𑄖𑄴 𑄎𑄚
বাগান থেকে ফিরা,𑄝𑄉𑄧𑄖𑄴𑄗𑄪𑄚𑄴 𑄃𑄬𑄎𑄚𑄳𑄦
সূর্য ডোবার আগে কাজটা করতে হবে,𑄝𑄬𑄣𑄴 𑄗𑄉𑄧𑄖𑄴𑄖𑄬 𑄝𑄉𑄧 𑄇𑄟𑄧𑄖𑄴 𑄙𑄧𑄢 𑄛𑄧𑄢𑄨𑄝𑄮
তারা বাগান থেকে ফিরতেছে,𑄖𑄢𑄳𑄦 𑄝𑄉𑄧𑄖𑄴𑄗𑄪𑄚𑄴 𑄜𑄨𑄖𑄴𑄖𑄮𑄚𑄴𑄚𑄮𑄠𑄴𑅁
বাইট্টা /বাইট্টনি,𑄝𑄇𑄴𑄇𑄮𑄚𑄴𑄐𑄬 – 𑄝𑄇𑄴𑄇𑄮𑄚𑄨
"খাটো বলে বাচ্চা লাগে,মেয়ে বড় করার মতো হয়ছে","𑄝𑄇𑄴𑄇𑄮𑄚𑄴 𑄇𑄬𑄚𑄳𑄦𑄬𑄖𑄴𑄖𑄬𑄠𑄴 𑄉𑄪𑄢𑄮 𑄣𑄉𑄬𑄘𑄬, 𑄇𑄏𑄨𑄠𑄬 𑄛𑄮 𑄏𑄨 𑄉𑄞𑄪𑄢𑄴 𑄉𑄧𑄖𑄴𑄗𑄧𑅁"
ভাগ দেয়া,𑄝𑄉 𑄘𑄬𑄚
ভাগ রাখা,𑄝𑄉 𑄢𑄉𑄚𑄳𑄦
তাদের জমিগুলো ভাগাভাগি করে খাই,"𑄘𑄬𑄢𑄳𑄦𑄖𑄴 𑄘𑄧𑄢𑄬, 𑄘𑄪𑄚𑄮𑄖𑄴 𑄘𑄧𑄢𑄬, 𑄈𑄧𑄣 𑄝𑄉, 𑄥𑄧𑄁 𑄘𑄧𑄉𑄝𑄊𑄨 – 𑄚𑄚𑄚𑄴 𑄝𑄝𑄮𑄖𑄴𑄖𑄬 𑄉𑄧𑄢𑄳𑄦𑄨 𑄝𑄉 𑄘𑄮𑄚𑄴 𑄖𑄢𑄳𑄦 𑄞𑄪𑄠𑄚𑄳𑄦𑄨"
পাকা ফুল,𑄜𑄪𑄣𑄴 𑄝𑄉𑄚𑄴
পাকা আম,𑄃𑄟𑄴 𑄝𑄉𑄚𑄴
মেয়েটা ফুল বাগানে পানি দিচ্ছে,𑄜𑄪𑄣𑄴 𑄝𑄉𑄚𑄧𑄖𑄴 𑄛𑄚𑄳𑄦𑄨 𑄘𑄬𑄢𑄴 𑄟𑄨𑄣𑄬𑄞𑄮𑅁
প্রতিবারে,𑄈𑄬𑄛𑄴 𑄝𑄉𑄚𑄬
বারবার,𑄝𑄢𑄴 𑄝𑄉𑄚𑄬
প্রতি দিন রাত,𑄘𑄨𑄚𑄴/𑄢𑄬𑄖𑄴 𑄝𑄉𑄚𑄬
"প্রতি সপ্তাহ, মাস,বছরে",𑄥𑄛𑄴𑄖/𑄟𑄳𑄦𑄌𑄴/𑄝𑄧𑄏𑄧𑄢𑄴 𑄝𑄉𑄚𑄬
প্রতি বছর এ জমি পানিতে ডুবে যায়,𑄝𑄧𑄏𑄧𑄢𑄴 𑄝𑄉𑄚𑄬 𑄃𑄬 𑄞𑄪𑄠𑄳𑄦𑄚𑄴 𑄛𑄚𑄨𑄠𑄳𑄦𑄬 𑄝𑄪𑄢𑄮𑄠𑄴
যখনি আসি তোমাকে পড়তে দেখি,𑄃𑄬𑄏𑄧𑄁 𑄝𑄉𑄚𑄬 𑄖𑄧𑄢𑄳𑄦𑄬 𑄣𑄬𑄊 𑄟𑄘𑄘𑄬 𑄘𑄬𑄊𑄧𑄁
এই কাজটা প্রতিদিন করতে হবে,𑄘𑄨𑄚𑄴𑄝𑄉𑄚𑄬 𑄉𑄧𑄢𑄳𑄦 𑄛𑄧𑄢𑄨𑄝𑄮 𑄃𑄬 𑄇𑄟𑄳𑄦𑄚𑄴𑅁
কামমেরেং গাছের বাকল,𑄈𑄟𑄴𑄟𑄬𑄢𑄬𑄁 𑄉𑄏𑄧 𑄝𑄉𑄧𑄣𑄴
সে কলা গাছের বাকলগুলো কেটে আনছে,𑄖𑄬 𑄇𑄧𑄣 𑄉𑄏𑄧 𑄝𑄉𑄧𑄣𑄚𑄳𑄦𑄨 𑄇𑄝𑄨 𑄃𑄚𑄬𑄣𑄴𑄣𑄳𑄦𑄮𑄠𑄴𑅁
সে আরও কি মেরে যায়,𑄖𑄬 𑄇𑄨 𑄃𑄢𑄳𑄦𑄧 𑄝𑄃𑄧𑄣𑄨 𑄟𑄢𑄨 𑄎𑄭 𑄇𑄨𑄎𑄬𑄚𑄨𑅁
"বাকিটা পেকেছে,মিষ্টি কথা বলি","𑄷. 𑄝𑄉𑄨𑄞𑄮 𑄛𑄇𑄴𑄈𑄳𑄠𑄬, 𑄟𑄨𑄙𑄬 𑄝𑄌𑄴 𑄚𑄳𑄦𑄨𑄉𑄨𑄣𑄬𑄢𑄴"
বাকি নেয়া,𑄝𑄉𑄨 𑄣𑄧𑄚
বাকি থাকা,𑄝𑄉𑄨 𑄗𑄚
"বাকি বোঝা নেয়া
",𑄝𑄉𑄨 𑄝𑄪𑄇𑄴𑄇𑄬
"বাকি খেতে খেতে অনেকগুলো হলো,সেগুলো সৌধ করতে এক মরা","𑄝𑄉𑄨 𑄈𑄘𑄬 𑄈𑄘𑄬 𑄃𑄬𑄇𑄴𑄖𑄣𑄴 𑄦𑄧𑄣𑄇𑄴𑄇𑄮𑄠𑄴, 𑄥𑄨𑄠𑄳𑄦𑄪𑄚𑄴 𑄥𑄪𑄎𑄮𑄘𑄬 𑄃𑄬𑄇𑄴 𑄟𑄧𑄢"
"আমি বাকি কম নিই,টাকা হইলে খায় না হলে নাই","𑄟𑄪𑄠𑄴 𑄃𑄬𑄇𑄴𑄇 𑄝𑄉𑄨 𑄝𑄪𑄇𑄴𑄇𑄬 𑄇𑄧𑄟𑄴 𑄉𑄧𑄢𑄳𑄦𑄧𑄁, 𑄖𑄬𑄋𑄭 𑄇𑄪𑄣𑄬𑄣𑄬 𑄇𑄨𑄚𑄨 𑄈𑄬𑄣𑄪𑄁, 𑄚𑄧 𑄇𑄪𑄣𑄬𑄣𑄬 𑄚𑄬𑄠𑄴𑅁"
প্রশংসা করা,𑄝𑄉𑄨𑄚𑄳𑄦𑄨 𑄉𑄧𑄢𑄚𑄳𑄦
ভালো কাজ করলে সবাই স্মরণ করে,𑄉𑄧𑄟𑄴 𑄇𑄟𑄴 𑄉𑄧𑄣𑄴𑄣𑄳𑄦𑄬 𑄟𑄚𑄴𑄐𑄳𑄦𑄬 𑄝𑄉𑄨𑄚𑄳𑄦𑄨 𑄉𑄧𑄢𑄳𑄦𑄧𑄚𑄴
তার সুনাম করা শুনলে মরার অবস্থা,𑄖 𑄝𑄉𑄨𑄚𑄳𑄦𑄨𑄃𑄚𑄨 𑄥𑄪𑄚𑄨𑄣𑄬 𑄟𑄪𑄌𑄴𑄏𑄮 𑄎𑄬 𑄛𑄳𑄦𑄠𑄴
"মাঝে মাঝে মানুষ সামনে সুনাম করে,আবার পিছন ফিরলে বদনাম করে","𑄥𑄬𑄢𑄬 𑄥𑄬𑄢𑄬 𑄟𑄚𑄴𑄐𑄳𑄦𑄬 𑄟𑄪𑄏𑄪𑄋𑄮𑄖𑄴 𑄝𑄉𑄨𑄚𑄳𑄦𑄨 𑄉𑄧𑄢𑄳𑄦𑄧𑄚𑄴, 𑄟𑄖𑄴𑄖𑄧𑄢𑄴 𑄛𑄨𑄖𑄴 𑄘𑄨𑄣𑄳𑄦𑄬 𑄌𑄧𑄌𑄴𑄎 𑄙𑄧𑄢𑄧𑄚𑄴𑅁"
তাকে কোথায়বাঘে মেরেছে কে জানে,𑄖𑄢𑄳𑄦𑄬 𑄇𑄪𑄙𑄪 𑄝𑄊𑄬 𑄟𑄢𑄬𑄣𑄴𑄣𑄮𑄠𑄴 𑄇𑄨𑄎𑄬𑄚𑄨
ধনিয়া পাতা দেয়া তরকারি আমি খায় না,𑄝𑄊𑄮𑄢𑄴 𑄘𑄳𑄠𑄬 𑄖𑄮𑄚𑄴 𑄟𑄪𑄠𑄴 𑄚𑄧 𑄈𑄁𑅁
বাঙালি মেয়ে/ছেলে,𑄝𑄋𑄣𑄴 𑄟𑄨𑄣𑄬 / 𑄟𑄧𑄢𑄧𑄖𑄴
বাংলা/বাঙালি,𑄝𑄋𑄭𑄣𑄴𑄣𑄬 – 𑄝𑄋𑄮𑄘𑄨
বাঙালি চাকমাও মাঝে মাঝে কাটাকাটি করে,𑄝𑄋𑄣𑄬 𑄌𑄁𑄟𑄳𑄦 𑄠𑄴 𑄈𑄇𑄴𑄇𑄳𑄦𑄬 𑄇𑄝𑄇𑄝𑄨 𑄝𑄏𑄚𑄴
যে বাঙালিটা ভালো হয় আরকি,𑄎𑄳𑄦𑄬 𑄝𑄋𑄭𑄣𑄴𑄣𑄬 𑄞𑄣𑄬𑄖𑄴 𑄦𑄮𑄇𑄴 𑄃𑄭𑅁
তুমি কি বাঙালি ছাগল হইছো নাকি?বাঙালি ছাগলগুলো শুধু বাড়ির পাশে ঘুরে ঘুরে থাকে,𑄖𑄪𑄠𑄴 𑄇𑄨 𑄝𑄋𑄣𑄴 𑄥𑄉𑄧𑄣𑄴 𑄦𑄪𑄠𑄮𑄌𑄴 𑄚𑄳𑄦𑄇𑄨? 𑄝𑄋𑄣𑄴 𑄥𑄉𑄧𑄣𑄪𑄚𑄳𑄦𑄬 𑄝𑄚𑄳𑄦 𑄊𑄧𑄢𑄧 𑄇𑄪𑄢𑄬 𑄇𑄪𑄢𑄬 𑄌𑄧𑄢𑄨 𑄌𑄧𑄢𑄨 𑄗𑄚𑄴𑄚𑄬𑅁
বাঙাল/বাঙালি,𑄝𑄋𑄣𑄴𑄣𑄬 – 𑄝𑄋𑄧𑄘𑄨
হাতে চুরি পরা,𑄦𑄘𑄧𑄖𑄴 𑄛𑄨𑄚𑄴𑄐𑄳𑄦𑄬 𑄝𑄋𑄧𑄢𑄳𑄦𑄨𑅁
সে থলেটা এপাশ ওপাশ করে নিল,𑄏𑄮𑄣𑄝𑄮 𑄝𑄋𑄳𑄦𑄧𑄟𑄪𑄌𑄴𑄌𑄬 𑄉𑄧𑄢𑄳𑄦𑄨 𑄣𑄧𑄣𑄳𑄦𑄧 𑄖𑄬
মেয়েটা খাদিটা এপাশ-ওপাশ করে পরেছে,𑄟𑄨𑄣𑄬𑄞𑄮 𑄈𑄘𑄨𑄃𑄚𑄴 𑄝𑄋𑄳𑄦𑄧𑄟𑄪𑄌𑄴𑄌𑄬 𑄉𑄧𑄢𑄳𑄦𑄨 𑄝𑄬𑄢𑄳𑄦𑄬𑄠𑄬𑅁
১.মন্ত্র,𑄷. [𑄖𑄣𑄳𑄦𑄨𑄇𑄴]
কিসের গন্ধ পাও?ফুলগুলো শুঁকলে সুগন্ধ,𑄇𑄨 𑄝𑄌𑄴 𑄛𑄳𑄦𑄌𑄴? 𑄜𑄪𑄣𑄳𑄦𑄪𑄚𑄴 𑄌𑄪𑄟𑄨𑄣𑄳𑄦𑄬 𑄖𑄪𑄟𑄴 𑄝𑄌𑄴
রেবেক ফুলের সুগন্ধে আমাদের মন ভালো হবে,"𑄢𑄬𑄝𑄬𑄇𑄴 𑄜𑄪𑄣𑄮 𑄖𑄪𑄟𑄴 𑄝𑄏𑄬, 𑄃𑄟𑄳𑄦 𑄟𑄧𑄚𑄳𑄦𑄚𑄴 𑄘𑄮𑄣𑄴 𑄦𑄧𑄝𑄧"
"কুকুরটা পাত দিছে,পাতের গন্ধ বেড়োচ্ছে","𑄇𑄪𑄉𑄪𑄢𑄴𑄞𑄮 𑄛𑄭𑄖𑄴𑄖𑄬𑄙𑄬, 𑄛𑄘𑄧 𑄝𑄏𑄬 𑄚𑄧 𑄛𑄢𑄬 𑄎𑄚𑄬"
তার শরীর থেকে শুধু ঘামের গন্ধ,𑄖 𑄇𑄨𑄠𑄬𑄖𑄴𑄗𑄪𑄚𑄴 𑄝𑄚 𑄊𑄟𑄧 𑄝𑄌𑄴
তোমার হাত থেকে দুর্গন্ধ পাচ্ছি,𑄝𑄚 𑄞𑄧𑄘𑄧𑄢 𑄝𑄌𑄴 𑄛𑄋𑄳𑄦𑄧𑄖𑄴𑄖𑄬 𑄖𑄧 𑄦𑄖𑄴𑄖𑄚𑄧𑄖𑄴𑄖𑄪𑄚𑄴
তরকারিটা বাঁচি হয়ছে,𑄖𑄮𑄚𑄳𑄦𑄚𑄴 𑄝𑄌𑄴 𑄦𑄪𑄠𑄳𑄦𑄬
"২,মন্ত্র",𑄸. [𑄖𑄣𑄳𑄦𑄨𑄇𑄴]
বাঁশের ফাঁকা,𑄝𑄌𑄴 𑄛𑄘
বাঁশের সুচি,𑄝𑄏𑄧 𑄥𑄪𑄏𑄨
বাঁশের সুচি দিয়ে তুম্বুক বানানো,𑄝𑄏𑄧 𑄥𑄪𑄏𑄨𑄣𑄮𑄠𑄴 𑄗𑄪𑄟𑄴𑄝𑄪𑄇𑄴 𑄝𑄚𑄚𑄴
বাজসে বাঁশের বাসকোড়ল,𑄞𑄌𑄴𑄌𑄬 𑄝𑄏𑄧 𑄞𑄌𑄴𑄌𑄪𑄢𑄳𑄦𑄨𑅁
তালি দেয়া,𑄝𑄌𑄴𑄌𑄬 𑄘𑄬𑄚
"কটু করে হাত দিছি,তার জন্য কাঁদতেছে","𑄃𑄬𑄇𑄴𑄇 𑄉𑄧𑄢𑄳𑄦𑄨 𑄝𑄌𑄴𑄌𑄬𑄠𑄮𑄁𑄊𑄬, 𑄥𑄨𑄠𑄬𑄚𑄴𑄘𑄳𑄦𑄮𑄠𑄴 𑄇𑄚𑄬𑄖𑄴𑄖𑄬"
মানুষ মারা গেলে ঢোল বাজানো হয়,𑄟𑄚𑄳𑄦𑄪𑄌𑄴 𑄟𑄧𑄣𑄳𑄦𑄬 𑄙𑄪𑄣𑄴 𑄝𑄌𑄴𑄌𑄚𑄴
সে কেন টিভিতে হাত দেয় কে জানে,𑄖𑄬 𑄃𑄳𑄦𑄠𑄬 𑄖𑄬𑄞𑄨𑄣𑄚𑄴 𑄝𑄌𑄴𑄌𑄭 𑄇𑄨𑄎𑄬𑄚𑄨
টনটন শব্দ করে কি টিন বাজাচ্ছে তারা,"𑄖𑄪𑄚𑄴𑄘𑄪𑄢𑄪𑄁 𑄖𑄪𑄁 𑄉𑄧𑄢𑄳𑄦𑄨 𑄖𑄮𑄚𑄴 𑄝𑄌𑄴𑄌𑄬 𑄝𑄌𑄴𑄌𑄬 𑄇𑄨 𑄉𑄧𑄖𑄴𑄗𑄧𑄚𑄴 𑄖𑄢𑄳𑄦? 𑄖𑄧𑄢𑄳𑄦𑄬 𑄈𑄇𑄴𑄇𑄳𑄦𑄬 𑄟𑄪𑄠𑄴 𑄦𑄖𑄴𑄖𑄚𑄳𑄦𑄨 𑄝𑄌𑄴𑄌𑄬 𑄘𑄨𑄟𑄴𑄟𑄬, 𑄇𑄨 𑄃𑄨𑄠𑄳𑄦𑄚𑄴 𑄦𑄧𑄣𑄬 𑄙𑄧𑄢𑄬, 𑄃𑄳𑄦𑄪𑄝𑄚𑄴 𑄦𑄧𑄣𑄬 𑄙𑄧𑄢𑄬 𑄝𑄧𑄏𑄧𑅁"
অপেক্ষা করা,𑄝𑄌𑄴𑄍𑄬 𑄗𑄚
"আমার জন্য একটু অপেক্ষা করো,আগে প্রস্তুত হয়ে নিই","𑄟𑄧𑄢𑄳𑄦𑄬 𑄈𑄇𑄴𑄇𑄳𑄦𑄧𑄚𑄴 𑄝𑄌𑄴𑄍𑄇𑄴, 𑄃𑄬𑄇𑄴𑄇 𑄎𑄪𑄉𑄪𑄣𑄬 𑄣𑄧𑄁"
অপেক্ষা করতে করতে চলে আসলো,𑄝𑄌𑄴𑄍𑄬 𑄗𑄉𑄧𑄖𑄴𑄖𑄬 𑄗𑄉𑄧𑄖𑄴𑄖𑄬 𑄦𑄮 𑄃𑄬𑄣𑄳𑄦𑄧
এত করে অপেক্ষা করার জন্য বললাম তারপরও ফেলে চলে গেলো,"𑄃𑄬𑄙𑄧𑄇𑄴 𑄉𑄧𑄢𑄳𑄦𑄨 𑄝𑄌𑄴𑄌𑄬𑄞𑄖𑄴𑄖𑄬𑄠𑄴 𑄇𑄪𑄣𑄳𑄦𑄪𑄁, 𑄖𑄪𑄃𑄳𑄦𑄮 𑄜𑄬𑄣𑄬 𑄎𑄬𑄣𑄧𑄉𑄮𑄠𑄴𑄙𑄬"
তার জন্য আমি নদীর পাড়ে অপেক্ষা করতেছি,𑄖𑄢𑄳𑄦𑄬 𑄝𑄌𑄴𑄍𑄬 𑄃𑄊𑄧𑄁 𑄟𑄪𑄠𑄴 𑄉𑄋𑄧 𑄛𑄢𑄧𑄖𑄴𑅁
বাজা চালানো,𑄝𑄎 𑄝𑄚𑄳𑄦
কে বাজা চালাতে পারে,𑄇𑄧𑄚𑄴𑄚𑄳𑄦 𑄝𑄎 𑄝𑄳𑄦𑄬 𑄎𑄚𑄳𑄦𑄬?
"১,ভেসে যাওয়া",𑄷. 𑄝𑄎𑄨 𑄎𑄚
বেঁচে থাকা,𑄝𑄎𑄨 𑄗𑄚
গাছটা ভাসে না,𑄉𑄌𑄴𑄍𑄮 𑄚𑄳𑄦𑄧 𑄝𑄎𑄬
তাদের রোগীটা মরতে মরতে ও অনেকদিন বেঁচে ছিলো,𑄖𑄢𑄳𑄦 𑄛𑄨𑄢𑄬𑄣𑄴𑄣𑄬𑄞𑄮 𑄟𑄧𑄢𑄧𑄁 𑄟𑄧𑄢𑄧𑄁 𑄉𑄪𑄢𑄳𑄦𑄨𑄠𑄮 𑄞𑄣𑄧𑄇𑄴𑄞𑄨𑄣𑄮𑄚𑄴 𑄝𑄌𑄴𑄍𑄳𑄠𑄬
"বাঁচার কোনো আশা ছিলনা,কিভাবে বাঁচলো কে জানে","𑄝𑄎𑄨𑄝𑄢𑄴 𑄇𑄧𑄚𑄳𑄦𑄧 𑄃𑄏 𑄚𑄳𑄦𑄧 𑄃𑄬𑄣𑄳𑄦𑄧, 𑄃𑄳𑄦 𑄇𑄬𑄚𑄳𑄦𑄬 𑄇𑄬𑄚𑄳𑄦𑄬 𑄝𑄎𑄨𑄣𑄮 𑄇𑄧𑄚𑄴𑄚𑄳𑄦 𑄈𑄧𑄝𑄧𑄢𑄴 𑄛𑄳𑄦𑄠𑄴"
আমার দাদা এখনো বেঁচে আছে,𑄟𑄧 𑄃𑄎𑄪 𑄃𑄬𑄞𑄧 𑄥𑄧𑄁 𑄝𑄎𑄨 𑄃𑄊𑄬
যুবক করে সারাজীবন বেঁচে থেকো,𑄝𑄎𑄨 𑄗𑄬𑄌𑄴 𑄥𑄢 𑄎𑄧𑄚𑄧𑄟𑄳𑄦𑄚𑄴 𑄉𑄝𑄪𑄌𑄴𑄍𑄬 𑄉𑄧𑄢𑄳𑄦𑄨
"আমাকে একটু বাঁচাও,ভাই, না হলে মরে যাবো","𑄟𑄧𑄢𑄳𑄦𑄬 𑄃𑄬𑄇𑄴𑄇 𑄝𑄎 𑄚𑄳𑄦, 𑄞𑄬𑄠𑄴, 𑄈𑄇𑄴𑄇𑄬 𑄙𑄧 𑄟𑄧𑄢𑄨𑄟𑄴"
ডাক্তাররা সব চেষ্টা করেও বাঁচাতে পারলো না,𑄘𑄇𑄴𑄖𑄧𑄢𑄪𑄚𑄳𑄦𑄬 𑄝𑄪𑄦𑄪𑄖𑄴 𑄌𑄬𑄚𑄳𑄦𑄬𑄠𑄮 𑄖𑄢𑄳𑄦𑄬 𑄝𑄎𑄬𑄠𑄴 𑄚𑄧 𑄛𑄣𑄴𑄣𑄇𑄴
ভাগ করার পর যে টাকাগুলো থাকবে সেগুলো আমার,𑄸. 𑄞𑄇𑄴 𑄉𑄧𑄢𑄳𑄦𑄨 𑄘𑄨 𑄘𑄭 𑄎𑄬 𑄖𑄬𑄋𑄃𑄳𑄦𑄪𑄚𑄴 𑄝𑄎𑄨𑄝𑄇𑄴 𑄥𑄨𑄠𑄳𑄦𑄪𑄚𑄴 𑄟𑄧𑄢𑄴
"সব টাকা শেষ করিও না,যেগুলো বাঁচবে সেগুলো ফেরত আনিও","𑄝𑄬𑄇𑄴 𑄖𑄬𑄋𑄃𑄳𑄦𑄪𑄚𑄴 𑄚𑄧 𑄞𑄋𑄨𑄌𑄴, 𑄎𑄨𑄠𑄳𑄦𑄪𑄚𑄴 𑄝𑄎𑄧𑄚𑄴, 𑄥𑄨𑄠𑄳𑄦𑄪𑄚𑄴 𑄜𑄬𑄢𑄧𑄖𑄴 𑄃𑄚𑄳𑄦𑄨𑄌𑄴𑅁"
রোদ পড়া,𑄷. 𑄢𑄮𑄖𑄴 𑄝𑄎𑄚𑄳𑄦
এখানে থাকলে বাতাস আসে,𑄃𑄨𑄠𑄳𑄦𑄮𑄖𑄴 𑄗𑄬𑄣𑄬 𑄛𑄨𑄝𑄨𑄢𑄴 𑄛𑄨𑄝𑄨𑄢𑄴 𑄝𑄪𑄠𑄬𑄢𑄴 𑄝𑄏𑄬
ভিক্ষুকরা মেয়েদের শরীরে লাগতে পারে না,𑄞𑄚𑄴𑄖𑄬𑄃𑄪𑄚𑄳𑄦𑄬 𑄟𑄨𑄣𑄬 𑄇𑄨𑄠𑄬𑄖𑄴 𑄝𑄏𑄨 𑄚𑄧 𑄛𑄢𑄧𑄚𑄴
আমাকে কেঁচোটা বেজে দেয় আরও,𑄇𑄬𑄌𑄴𑄍𑄧𑄝𑄮 𑄃𑄢𑄳𑄦𑄧 𑄟𑄧𑄢𑄳𑄦𑄬 𑄝𑄏𑄬 𑄘𑄬𑄘𑄬 𑄞𑄮
"২,সে লাগাতার তার ছেলের পক্ষ নেই",𑄸. 𑄖𑄬 𑄣𑄘𑄉𑄧𑄖𑄴 𑄖 𑄛𑄮𑄞𑄮 𑄃𑄨𑄚𑄴𑄙𑄨 𑄝𑄎𑄬𑄙𑄬
দেয়ালে বাজার মতো তার ছেলেটার পক্ষে থাকে,𑄝𑄬𑄢𑄳𑄦𑄧𑄖𑄴 𑄝𑄏𑄬 𑄛𑄳𑄦 𑄝𑄎𑄬𑄙𑄬 𑄃𑄨𑄏𑄪 𑄖 𑄛𑄮𑄞𑄮 𑄃𑄨𑄚𑄴𑄙𑄨
"৩,বেঁচে থাকা",𑄹. 𑄝𑄏𑄨 𑄗𑄚
কাপড়টা আবার কোথায় বেজে গেল,𑄇𑄝𑄧𑄢𑄳𑄦𑄚𑄴 𑄇𑄪𑄞𑄮𑄖𑄴 𑄝𑄎𑄨𑄣𑄳𑄦𑄮 𑄃𑄢𑄳𑄦𑄧? 𑄎𑄣𑄳𑄦𑄚𑄴 𑄊𑄭𑄪𑄖𑄴𑄖𑄬𑄝𑄮𑄖𑄴 𑄝𑄌𑄴𑄍𑄬𑄉𑄮𑄠𑄴
তার গলায় একটা মাছের কাটা আটকে গেছে,𑄖𑄬 𑄃𑄨𑄇𑄴𑄊𑄮 𑄟𑄏𑄧 𑄇𑄘 𑄖𑄧𑄘𑄖𑄴 𑄝𑄏𑄬𑄠𑄬𑄉𑄮𑄠𑄴
যেতে যেতে তারা মাঝপথে রয়ে গেলো,𑄎𑄘𑄬 𑄎𑄘𑄬 𑄖𑄢𑄳𑄦 𑄃𑄙 𑄛𑄧𑄙𑄧𑄖𑄴 𑄝𑄏𑄨 𑄗𑄬𑄣𑄇𑄴
আমরা পিছন ফিরলে তারা ঝগড়া করে,𑄺. 𑄖𑄢𑄳𑄦 𑄃𑄟𑄧𑄚𑄬 𑄛𑄨𑄖𑄴 𑄘𑄨𑄣𑄳𑄦𑄬 𑄇𑄪𑄌𑄴𑄎𑄬 𑄝𑄏𑄚𑄴
বাঙালি চাকমাও তাড়াতাড়ি বাজালো,𑄝𑄋𑄣𑄬 𑄌𑄁𑄟𑄳𑄦 𑄠𑄴 𑄣𑄧𑄢𑄣𑄧𑄢𑄨 𑄝𑄎𑄬𑄣𑄳𑄦𑄇𑄴
মেয়েটা নতুন একটা বেইন বানাচ্ছে,𑄟𑄨𑄣𑄬𑄞𑄮 𑄚𑄪𑄃𑄮 𑄃𑄬𑄇𑄴𑄊𑄚𑄴 𑄝𑄬𑄚𑄴 𑄝𑄏𑄢𑄴
টিভিটা কে ছেড়ে দিছে?একটা গান দিয়ে দাও,𑄻. 𑄖𑄨𑄝𑄨𑄃𑄳𑄦𑄚𑄴 𑄇𑄧𑄚𑄴𑄚𑄳𑄦 𑄝𑄏𑄬 𑄘𑄳𑄠𑄳𑄦𑄬? 𑄃𑄨𑄇𑄴𑄊𑄮 𑄉𑄚𑄴 𑄝𑄏𑄬 𑄘𑄨𑄣𑄳𑄦𑄮 𑄖𑄬
সে আবার কুকুরটা বেজে দেয়,𑄼. 𑄖𑄬 𑄇𑄳𑄦𑄧𑄚𑄴 𑄇𑄪𑄉𑄪𑄢𑄳𑄦𑄪𑄚𑄴 𑄝𑄏𑄬 𑄘𑄬𑄘𑄬 𑄞𑄮 𑄃𑄢𑄳𑄦𑄧
সে শুধু তার সন্তানদের কাজ দেয়,𑄖𑄬 𑄝𑄚 𑄖 𑄛𑄮𑄃𑄪𑄚𑄳𑄦𑄮𑄢𑄬 𑄇𑄟𑄴 𑄝𑄏𑄬 𑄘𑄬𑄘𑄬
বাজারে যাওয়া,𑄝𑄎𑄢𑄧𑄖𑄴 𑄎𑄚
বাজার করা,𑄝𑄎𑄢𑄴 𑄉𑄧𑄢𑄚𑄳𑄦
বাজারের দিন,𑄝𑄎𑄢𑄴 𑄘𑄨𑄚𑄴
বাজারের দিনে বাজারে বেশি মানুষ হয়,𑄝𑄎𑄢𑄴 𑄘𑄨𑄚𑄴𑄐𑄬 𑄟𑄚𑄳𑄦𑄪𑄌𑄴 𑄝𑄬𑄌𑄴 𑄦𑄧𑄚𑄴 𑄝𑄎𑄢𑄧𑄖𑄴
বাজার শেষ হওয়া,𑄝𑄎𑄢𑄴 𑄛𑄪𑄢𑄚
"রোগীটা মরামরা হয়ছে,বাজার পাশ কাটতে হবে","𑄛𑄨𑄢𑄬𑄣𑄴𑄣𑄬𑄞𑄮 𑄟𑄧𑄢𑄧𑄁 𑄟𑄧𑄢𑄧𑄁 𑄦𑄪𑄠𑄬, 𑄝𑄎𑄢𑄴 𑄛𑄪𑄢𑄬𑄢𑄴 𑄖𑄢𑄴𑅁"
পানি পরতেছে ক্ষতটা থেকে,𑄝𑄎𑄧𑄚𑄴𑄐𑄬 𑄛𑄚𑄳𑄦𑄨 𑄏𑄧𑄢𑄬𑄢𑄴 𑄊𑄃𑄚𑄧𑄖𑄴𑄖𑄪𑄚𑄴𑅁
"সে আর এক,কি দেখায়ইছে সে",𑄖𑄬 𑄃𑄬𑄇𑄴 𑄝𑄎𑄨 𑄃𑄢𑄳𑄦𑄧! 𑄇𑄨 𑄝𑄎𑄨 𑄘𑄬𑄉𑄬𑄣𑄳𑄦𑄧 𑄖𑄬!
ছোট একটা বাড়ি তৈরি করে তারা থাকে,𑄌𑄨𑄉𑄮𑄚𑄴 𑄃𑄬𑄇𑄴𑄊𑄚𑄴 𑄝𑄎𑄬𑄠𑄴 𑄖𑄪𑄣𑄨𑄚𑄳𑄦𑄬𑄠𑄴 𑄗𑄚𑄴𑄚𑄬 𑄖𑄢𑄳𑄦𑅁
মানা থাকা,𑄝𑄏 𑄗𑄚
তার এগুলো খেতে মানা আছে,𑄖𑄢𑄴 𑄃𑄨𑄠𑄬𑄚𑄳𑄦𑄨 𑄈𑄚 𑄝𑄏 𑄃𑄊𑄬𑅁
তারা লাগা লাগি করে আছে,𑄖𑄢𑄳𑄦 𑄝𑄏𑄝𑄌𑄴𑄍𑄬 𑄉𑄧𑄢𑄳𑄦𑄨 𑄃𑄊𑄧𑄚𑄴
আমাদের ঘরগুলো কাছাকাছি,𑄃𑄟𑄳𑄦 𑄊𑄧𑄢𑄚𑄳𑄦𑄨 𑄝𑄏𑄝𑄌𑄴𑄍𑄬
দুইটা তার লাগালাগি হলে আগুন উঠে,𑄘𑄨𑄠𑄳𑄦𑄬𑄚𑄴 𑄖𑄢𑄴 𑄝𑄏𑄝𑄌𑄴𑄍𑄬 𑄦𑄧𑄣𑄬 𑄃𑄊𑄪𑄚𑄴 𑄃𑄪𑄙𑄬𑅁
"আমার কিন্তু এতগুলো মানা নেই,যেটা সামনে পাই তা খায়","𑄟𑄧𑄢𑄴 𑄦𑄧𑄣𑄬 𑄥𑄬𑄇𑄴𑄇𑄚𑄳𑄦𑄨 𑄝𑄏𑄃𑄨𑄏𑄬 𑄚𑄬𑄠𑄴, 𑄎𑄨𑄠𑄳𑄦𑄬𑄚𑄴 𑄟𑄪𑄎𑄪𑄋𑄳𑄦𑄮𑄖𑄴 𑄛𑄳𑄦𑄁, 𑄈𑄁𑄉𑄬"
খেতে মেনে খাইতে হয়,𑄈𑄘𑄬 𑄝𑄏𑄃𑄨𑄏𑄬 𑄉𑄧𑄢𑄳𑄦𑄨 𑄈 𑄛𑄧𑄢𑄬
"মেনে চলে খেও,চিনি,মিষ্টি, কোক,টাইগার সেভেন আপের মতো পানীয় জুস,তুস,নুন এগুলো না খেলে তোমার এখানে লম্বা হবে","𑄝𑄏𑄃𑄨𑄏𑄬 𑄉𑄧𑄢𑄳𑄦𑄨 𑄈𑄬𑄝𑄬𑄘𑄬 – 𑄟𑄧𑄠𑄴𑄘, 𑄌𑄨𑄚𑄳𑄦𑄨, 𑄟𑄨𑄌𑄴𑄖𑄨, 𑄇𑄮𑄇𑄴, 𑄖𑄭𑄊𑄢𑄴, 𑄥𑄬𑄝𑄬𑄚𑄴 𑄃𑄛𑄴 𑄝𑄝𑄮𑄖𑄴𑄖𑄬 𑄛𑄚𑄨𑄠𑄧, 𑄎𑄪𑄌𑄴 𑄖𑄪𑄌𑄴, 𑄚𑄪𑄚𑄴- 𑄃𑄨𑄠𑄚𑄳𑄦𑄨 𑄚𑄧 𑄈𑄬𑄣𑄬 𑄖𑄧𑄢𑄴 𑄦𑄨𑄠𑄮𑄖𑄴 𑄣𑄟𑄴𑄝 𑄦𑄧𑄝𑄧𑅁"
বাঁশি বাজানো,𑄝𑄏𑄨 𑄝𑄚𑄳𑄦
বাঁশি বাজানো,𑄝𑄏𑄨 𑄝𑄎𑄚
"তুরু তুরু বাজির শব্দ,ঝিড়ির ভিতরে শুনেছি শব্দ একা একা আসি বাড়িতে,মন মানেনা পরানেতে","𑄖𑄪𑄢𑄪 𑄖𑄪𑄢𑄪 𑄝𑄏𑄨 𑄢𑄧, 𑄥𑄧𑄢 𑄈𑄪𑄣𑄪𑄋𑄮𑄖𑄴 𑄥𑄪𑄚𑄮𑄁 𑄢𑄧, 𑄉𑄭 𑄉𑄭 𑄃𑄊𑄧𑄁 𑄊𑄧𑄢𑄚𑄧𑄖𑄴, 𑄌𑄨𑄖𑄴 𑄚𑄧 𑄎𑄪𑄢𑄮𑄢𑄴 𑄛𑄧𑄢𑄚𑄧𑄖𑄴"
"তুরু তুরু তুরু রু,বাঁশি বাজতেছে,পাড়ে পাড়ে ঘুরবো সবাই মিলে,আজকে বিঝু,বিঝু বিঝু,আজকে বিঝু,কালকে বিঝু","𑄖𑄪𑄢𑄪 𑄖𑄪𑄢𑄪 𑄖𑄪𑄢𑄪 𑄢𑄪, 𑄝𑄏𑄨 𑄝𑄎𑄬𑄖𑄴𑄖𑄬, 𑄛𑄢𑄭 𑄛𑄢𑄭 𑄝𑄬𑄢𑄬𑄞𑄧𑄁 𑄝𑄬𑄇𑄴𑄇𑄪𑄚𑄳𑄦𑄬 𑄟𑄨𑄣𑄨, 𑄃𑄨𑄌𑄴𑄌𑄬 𑄝𑄨𑄏𑄪, 𑄝𑄨𑄏𑄪 𑄝𑄨𑄏𑄪, 𑄃𑄨𑄌𑄴𑄌𑄬 𑄝𑄨𑄏𑄪, 𑄇𑄨𑄣𑄴𑄣𑄬 𑄝𑄨𑄏𑄪𑅁"
শরীরটা কীরকম পাচ্ছি,𑄇𑄨𑄠𑄬𑄃𑄳𑄦𑄚𑄴 𑄃𑄨𑄏𑄪 𑄝𑄏𑄪𑄇𑄴 𑄝𑄏𑄇𑄴 𑄛𑄋𑄳𑄦𑄧𑄖𑄴𑄖𑄬
সে নাকি গুন্ডা ধরিয়ে দিছে,𑄖𑄬 𑄇𑄨 𑄉𑄪𑄚𑄴𑄘𑄮 𑄝𑄏𑄬𑄠𑄴 𑄘𑄳𑄠𑄬𑄙𑄬 𑄞𑄬𑄣𑄬
বাচ্চাদের কাজ করতে দেয়া ভালো না,𑄉𑄪𑄢𑄮𑄞𑄮𑄢𑄬 𑄇𑄟𑄴 𑄝𑄏𑄬𑄠𑄴 𑄘𑄬𑄚 𑄉𑄧𑄟𑄴 𑄚𑄳𑄦𑄧𑄠𑄴
"সে কেন আমাকে দেখিয়ে দেয় কে জানে,করিনা বলি তবুও","𑄖𑄬 𑄇𑄨 𑄟𑄧𑄢𑄳𑄦𑄬 𑄝𑄏𑄬 𑄘𑄬 𑄇𑄨𑄎𑄬𑄚𑄨, 𑄟𑄪𑄠𑄴 𑄚𑄳𑄦𑄧 𑄉𑄧𑄢𑄳𑄦𑄧𑄁 𑄇𑄧𑄣𑄳𑄦𑄬 𑄝𑄬𑄌𑄴𑅁"
"১,বাত ব্যাথা",𑄷. 𑄝𑄖𑄴 𑄛𑄨𑄢𑄬
"২,বাদ দেয়া",𑄸. 𑄝𑄖𑄴 𑄘𑄬𑄚
তাকে আমি তালিকা থেকে বাদ দিবো,𑄖𑄢𑄳𑄦𑄬 𑄣𑄨𑄌𑄴𑄗𑄨𑄖𑄴𑄖𑄪𑄚𑄴 𑄝𑄖𑄴 𑄘𑄨𑄟𑄴 𑄟𑄪𑄠𑄴𑅁
আমরা সবাইকে দাওয়াত দিছি,𑄃𑄟𑄳𑄦𑄨 𑄝𑄬𑄇𑄴𑄇𑄪𑄚𑄳𑄦𑄮𑄢𑄬 𑄝𑄖𑄴𑄖𑄬𑄠𑄳𑄦𑄬𑄠𑄴𑅁
"ছিপা খাওয়া, ছিপা যাওয়া, ছিপা দেওয়া","𑄝𑄘 𑄈𑄚, 𑄝𑄘 𑄎𑄚, 𑄝𑄘𑄨 𑄘𑄬𑄚"
" শুকরের মাংস ভাগ করতেছে, আমি গিয়ে কিছু ভাগ পেয়েছি","𑄥𑄪𑄉𑄮𑄢𑄴 𑄦𑄬𑄢 𑄞𑄇𑄴 𑄉𑄧𑄖𑄴𑄖𑄧𑄚𑄴𑄙𑄬, 𑄟𑄪𑄠𑄴 𑄎𑄬𑄚𑄬𑄠𑄴 𑄟𑄪𑄠𑄳𑄦𑄮 𑄇𑄨𑄏𑄪 𑄝𑄘 𑄛𑄨𑄣𑄪𑄁𑄊𑄮𑄠𑄴"
সে মারামারির ম্ধ্যে পড়ে আমিও মাথায় একটা মার খেয়েছি,𑄥𑄬 𑄟𑄪𑄉𑄪𑄢𑄮𑄟𑄪𑄉𑄪𑄢𑄨 𑄥𑄬𑄢𑄬 𑄛𑄧𑄢𑄨𑄚𑄬𑄠𑄴 𑄟𑄪𑄠𑄳𑄦𑄮 𑄈𑄪𑄣𑄴 𑄌𑄳𑄦𑄬𑄠𑄴 𑄃𑄨𑄇𑄴𑄊𑄮 𑄝𑄘 𑄛𑄨𑄠𑄮𑄁𑄊𑄮𑄠𑄴
মুভিটা শুধু শেষটা দেখতে পেয়েছি,𑄜𑄨𑄣𑄨𑄟𑄴𑄟𑄮 𑄝𑄚 𑄗𑄪𑄟𑄳𑄦𑄚𑄴 𑄝𑄘 𑄛𑄨𑄣𑄪𑄁𑄊𑄬𑅁
বাদাম ভাজা,𑄝𑄘𑄟𑄴 𑄈𑄧𑄣
বাাদাম খেত,𑄝𑄘𑄟𑄴 𑄈𑄬𑄖𑄴
বাদাম,𑄝𑄘𑄟𑄴𑄟𑄬𑅁
আমি তো ভাগে পেলাম না,𑄃𑄳𑄦 𑄟𑄪𑄠𑄴 𑄙𑄧 𑄉𑄧𑄘 𑄝𑄘𑄣𑄴𑄣𑄬 𑄎𑄨𑄣𑄳𑄦𑄪𑄁 𑄛𑄢𑄳𑄦𑄛𑄁
দেরি করে আসলে ভাগ পাবে না,𑄘𑄬𑄢𑄨 𑄉𑄧𑄢𑄳𑄦𑄨 𑄃𑄬𑄣𑄳𑄦𑄬 𑄝𑄘𑄣𑄴𑄣𑄬 𑄎𑄬𑄝𑄬
"তারা তারা খেলো , আমি ভাগ পেলাম না","𑄖𑄢𑄳𑄦 𑄖𑄢𑄳𑄦 𑄈𑄬𑄣𑄇𑄴, 𑄟𑄪𑄠𑄴 𑄝𑄘𑄣𑄴𑄣𑄬 𑄎𑄨𑄣𑄳𑄦𑄪𑄁𑅁"
তীর-ধনুক,𑄷. 𑄥𑄬𑄣𑄴 – 𑄝𑄘𑄧𑄣𑄴
বদল মারা,𑄝𑄘𑄧𑄣𑄴 𑄟𑄢𑄚
বাদলের গুলিতে একটা জায়গায় পড়ে গেল,𑄝𑄘𑄧𑄣𑄧 𑄉𑄪𑄣𑄳𑄦𑄨𑄖𑄴 𑄛𑄬𑄇𑄴𑄈𑄮 𑄎𑄉𑄖𑄴 𑄃𑄪𑄢𑄨 𑄛𑄧𑄣𑄴𑄣𑄧𑄊𑄮𑄠𑄴
বাদলে মেরে মেরে বানরগুলো বের করে দেয় সে,𑄝𑄘𑄧𑄣𑄴 𑄟𑄢𑄨 𑄟𑄢𑄨 𑄝𑄚𑄴𑄘𑄧𑄢𑄳𑄦𑄪𑄚𑄴 𑄙𑄝𑄭𑄘𑄬 𑄖𑄬
লাল বাদলগুলো নাকি গরম,𑄢𑄋 𑄝𑄘𑄧𑄣𑄳𑄦𑄪𑄚𑄴 𑄞𑄬𑄣𑄬 𑄉𑄧𑄢𑄧𑄟𑄴𑄟𑄬𑅁
পরিপক্ক- কাঁচা,𑄝𑄘𑄨 – 𑄇𑄎
পরিপক্ক পেঁয়ারা,𑄝𑄘𑄨 𑄉𑄪𑄠𑄬𑄟𑄴
কাঁঠালটি পরিপক্ক হয়েছে,𑄇𑄖𑄴𑄗𑄮𑄣𑄴𑄣𑄮 𑄝𑄘𑄨 𑄦𑄪𑄠𑄳𑄦𑄬
সেটা তো একেবারে পরিপক্ক কলার মতো মোটা,𑄥𑄨𑄝𑄳𑄦𑄬 𑄘𑄧 𑄃𑄬𑄇𑄴𑄈𑄬 𑄝𑄘𑄨 𑄇𑄧𑄣 𑄙𑄪𑄇𑄴𑄇𑄬 𑄛𑄧𑄇𑄴𑄗𑅁
সেভাবেই আছে ধান খেতটা,𑄥𑄬𑄝𑄘𑄬 𑄃𑄉𑄬𑄙𑄬 𑄙𑄚𑄴 𑄞𑄪𑄠𑄳𑄦𑄚𑄴
"তার পাশাপাশি আমি কয়েকবার আসলাম গেলাম, তাকে তবুও সেখানে দেখতে পাই","𑄥𑄬 𑄝𑄘𑄬 𑄝𑄘𑄬 𑄟𑄪𑄠𑄴 𑄇𑄧𑄠𑄴𑄛𑄧𑄣𑄴𑄣 𑄃𑄬𑄣𑄳𑄦𑄪𑄁 𑄎𑄬𑄣𑄳𑄦𑄪𑄁, 𑄖𑄢𑄳𑄦𑄬 𑄎𑄳𑄦𑄬 𑄥𑄨𑄠𑄳𑄦𑄮𑄖𑄴 𑄣𑄊𑄧𑄖𑄴 𑄛𑄁𑄊𑄬𑅁"
খাটো- লম্বা,𑄝𑄙𑄨 – 𑄣𑄟𑄴𑄝
বাতথে- বাদোনি,𑄝𑄖𑄴𑄗𑄳𑄠𑄬 – 𑄝𑄘𑄮𑄚𑄳𑄦𑄨
সামনে খাটো,𑄃𑄇𑄴𑄇𑄧𑄣𑄴 𑄝𑄙𑄨
চোখ খাটো,𑄌𑄮𑄇𑄴 𑄝𑄙𑄨
খাটো করা,𑄝𑄙𑄨 𑄉𑄧𑄢𑄚𑄳𑄦
"কথা বেশি বাড়াবাড়ি হচ্ছে, একটু চুপ কর","𑄇𑄧𑄙 𑄝𑄬𑄌𑄴 𑄣𑄟𑄴𑄝𑄌𑄪𑄉𑄪𑄢𑄮 𑄦𑄧𑄣𑄴𑄣𑄮𑄠𑄴, 𑄃𑄬𑄇𑄴𑄇 𑄝𑄙𑄨 𑄉𑄧𑄢𑄳𑄦𑄧"
খাটো নাকি শয়তানের লাঠি,𑄝𑄙𑄨 𑄞𑄬𑄣𑄬 𑄥𑄧𑄘𑄚𑄧 𑄣𑄙𑄨
"লাঠি দিয়ে খাটো বানাবো, আমার সাথে বাড়াবাড়ি করো","𑄣𑄙𑄨𑄖𑄴 𑄝𑄙𑄨 𑄝𑄚𑄬𑄟𑄴 𑄚𑄳𑄦𑄨, 𑄟𑄧𑄣𑄴𑄣𑄮𑄠𑄴 𑄛𑄬𑄘𑄬 𑄛𑄬𑄘𑄬 𑄉𑄧𑄢𑄧𑄌𑄴𑄍𑄬"
"নেতা হতে হলে দূরদর্শিতা হতে হয়, দূরদর্শিতা না থাকলে হয়না","𑄚𑄬𑄖 𑄦𑄧𑄘𑄧 𑄌𑄬𑄣𑄳𑄦𑄬 𑄌𑄮𑄇𑄴 𑄣𑄟𑄴𑄝 𑄦𑄮 𑄛𑄧𑄢𑄬, 𑄌𑄮𑄇𑄴 𑄝𑄙𑄨 𑄦𑄧𑄣𑄬 𑄚𑄧 𑄦𑄧𑄠𑄴𑅁"
শুধু শুধু,𑄝𑄚 𑄝𑄚
শুুধু ভাত,𑄝𑄚 𑄞𑄖𑄴
অথিতিরা তরকারি ছাড়া ভাত খেয়ে চলে যেতে হলো,𑄉𑄧𑄢𑄴𑄝𑄃𑄪𑄚𑄳𑄦𑄬 𑄝𑄚 𑄞𑄖𑄴 𑄈𑄬𑄚𑄬𑄠𑄴 𑄎𑄬 𑄛𑄬𑄣𑄇𑄴𑄈𑄮𑄠𑄴
আজকে শুধু আলু তরকারি দিয়ে ভাত খেয়েছি,𑄃𑄨𑄌𑄴𑄌𑄬 𑄝𑄚 𑄃𑄣𑄪 𑄖𑄮𑄚𑄴𑄚𑄮𑄠𑄴 𑄞𑄖𑄴 𑄈𑄨𑄠𑄮𑄁𑄉𑄬
সে শুধু আমাকে বলতে পারে,𑄖𑄬 𑄝𑄚 𑄃𑄟𑄧𑄚𑄧𑄢𑄳𑄦𑄬 𑄇𑄳𑄦𑄮 𑄛𑄢𑄬𑄘𑄬
সে শুধুু শুধু তরকারি খেতে খেতে অভ্যস্থ হয়েছে,𑄥𑄨𑄝𑄳𑄦𑄬 𑄖𑄮𑄚𑄴 𑄝𑄚 𑄝𑄚 𑄈𑄬 𑄈𑄬 𑄃𑄇𑄴𑄇𑄬𑄁 𑄦𑄪𑄠𑄬𑄘𑄳𑄦𑄬
ন্যাকামো,𑄚𑄪𑄘𑄨 𑄝𑄚
ঝগড়াতে,𑄇𑄪𑄖𑄴𑄖𑄬𑄢𑄨 𑄝𑄚
"বানাতে জানা, বানাতে পারা","𑄝𑄚𑄬 𑄎𑄚𑄚𑄳𑄦, 𑄝𑄚𑄬 𑄛𑄢𑄚"
লাঠি মেরে কিছুক্ষণ পরে মেরে ফেলব,𑄟𑄪𑄉𑄮𑄢𑄧𑄖𑄴 𑄈𑄇𑄴𑄇𑄳𑄦𑄬 𑄌𑄪𑄚𑄴𑄙𑄪𑄣𑄴 𑄝𑄚𑄬𑄟𑄴
কিছুক্ষণ পরে মেরে ফেলব তোমাকে! মুরগিটা তার বাচ্চাগুলোকে পুটতে পুটতে ক্লান্ত করেছে,𑄈𑄇𑄴𑄇𑄬 𑄟𑄧𑄉𑄧𑄘 𑄝𑄚𑄬𑄟𑄴 𑄖𑄧𑄢𑄳𑄦𑄬! 𑄇𑄪𑄢𑄳𑄦𑄮𑄝𑄮 𑄖 𑄥𑄧𑄉𑄪𑄚𑄮𑄢𑄬 𑄈𑄪𑄘𑄮𑄘𑄬 𑄈𑄪𑄘𑄮𑄘𑄬 𑄣𑄬𑄘 𑄝𑄚𑄬𑄣𑄧
অনেক টাকা যোগাড় করেছে সে,𑄝𑄧𑄦𑄪𑄖𑄴 𑄖𑄬𑄋 𑄝𑄚𑄬𑄠𑄳𑄦𑄬 𑄖𑄬𑅁
তাকে বেঁধে রাখো তাহলে,𑄖𑄢𑄳𑄦𑄬 𑄝𑄚𑄳𑄦𑄧 𑄥𑄣𑄳𑄦𑄬
"বেঁধে নেওয়া, বেঁধৈ রাখা, আনা","𑄝𑄚𑄳𑄦𑄨 𑄚𑄬𑄎𑄚, 𑄝𑄚𑄳𑄦𑄨 𑄗𑄧𑄚, 𑄃𑄚𑄚𑄳𑄦"
"তাদেরকে ধরে আনো বললে একেবারে আনে, বেঁধে আনো বললে মেরে ফেলে আনে","𑄖𑄢𑄳𑄦𑄢𑄬 𑄙𑄧𑄢𑄨 𑄃𑄚𑄧𑄊𑄮𑄠𑄴 𑄇𑄧𑄣𑄳𑄦𑄬 𑄃𑄬𑄇𑄴𑄈𑄬 𑄝𑄚𑄳𑄦𑄨 𑄃𑄚𑄧𑄚𑄴𑄙𑄮𑄠𑄴, 𑄝𑄚𑄳𑄦𑄨 𑄃𑄚𑄧𑄊𑄮𑄠𑄴 𑄇𑄧𑄣𑄳𑄦𑄬 𑄟𑄢𑄬 𑄜𑄬𑄣𑄬𑄜𑄣𑄭 𑄃𑄚𑄧𑄚𑄴𑄙𑄮𑄠𑄴"
সে সকাল থেকে দরজা বন্ধ করে রয়েছে,𑄖𑄬 𑄝𑄨𑄚𑄴𑄐𑄳𑄦𑄬𑄖𑄴𑄖𑄪𑄚𑄴 𑄙𑄪𑄢𑄨 𑄘𑄮𑄢𑄴 𑄝𑄚𑄳𑄦𑄨 𑄃𑄉𑄬𑄙𑄬
ধান মারা,𑄸. 𑄙𑄚𑄴 𑄝𑄚𑄚𑄳𑄦
আমি তোমাকে একটা ধাঁধা ধরি তাহলে,𑄟𑄪𑄠𑄴 𑄖𑄧𑄢𑄳𑄦𑄬 𑄃𑄬𑄇𑄴𑄊𑄚𑄴 𑄝𑄚𑄳𑄦 𑄙𑄧𑄢𑄧𑄁 𑄥𑄣𑄳𑄦𑄬
বেছে নেওয়া,𑄸. 𑄝𑄳𑄦𑄬 𑄣𑄧𑄚
কিছু খায়না,𑄟𑄪 𑄝𑄚𑄳𑄦
"বেছে বেছে নাও, দেখে দেখে নাও","𑄝𑄳𑄦𑄬 𑄝𑄳𑄦𑄬 𑄣𑄧, 𑄌𑄳𑄦𑄬 𑄌𑄳𑄦𑄠𑄴 𑄣𑄧"
চাল বেছে নিয়েছো? কিছুক্ষণ পরে বেছে নিব,𑄌𑄮𑄣𑄴 𑄝𑄬𑄠𑄳𑄦𑄮𑄌𑄴𑄌𑄬? – 𑄈𑄇𑄴𑄇𑄬 𑄖𑄳𑄦𑄬 𑄝𑄬𑄟𑄴𑄟𑄳𑄦𑄬
"তরকারি বাছাই করতে হয় আজকের দিনে, আন্দাজে খেলে উল্টা অসুখে পড়তে হয়","𑄟𑄪 𑄝𑄳𑄦 𑄛𑄧𑄢𑄬 𑄃𑄨𑄇𑄴𑄈𑄪 𑄘𑄨𑄚𑄮𑄖𑄴, 𑄦𑄝𑄎𑄝 𑄈𑄬𑄣𑄬 𑄃𑄪𑄣𑄴𑄣𑄳𑄦𑄮 𑄛𑄨𑄢𑄬 𑄛𑄧𑄢𑄨 𑄛𑄭𑄙𑄬"
ভাজা শুধু,𑄹. 𑄝𑄎 𑄝𑄚𑄳𑄦
বাশি বাজানো,𑄝𑄏𑄨 𑄝𑄚𑄳𑄦
"মিঠা বাতাসের চূড়ায় বসে, কে জানি বাশি বাজায়, সে বাতাসটা মনে পড়ে, তার কাছে যেতে চায়","𑄟𑄨𑄙𑄬 𑄝𑄪𑄠𑄬𑄢𑄧 𑄣𑄋𑄬𑄣𑄳𑄦𑄧𑄖𑄴 𑄝𑄳𑄦𑄮𑄠𑄴, 𑄇𑄧𑄚𑄴𑄚𑄳𑄦 𑄎𑄚𑄨 𑄝𑄏𑄨 𑄝𑄳𑄦𑄠𑄴, 𑄥𑄬𑄠𑄴 𑄝𑄪𑄠𑄬𑄢𑄳𑄦𑄚𑄴 𑄟𑄧𑄚𑄳𑄦𑄧𑄖𑄴 𑄜𑄪𑄘𑄨, 𑄖 𑄇𑄳𑄦𑄠𑄴 𑄎𑄬𑄝𑄢𑄴 𑄌𑄳𑄦𑄠𑄴"
নৌকা বাইতে পারে কে? সাপটা গাছটি বেয়ে উঠতেছে,𑄺. 𑄚𑄧 𑄝𑄳𑄦𑄬 𑄎𑄚𑄳𑄦𑄬 𑄇𑄧𑄚𑄴𑄚𑄳𑄦? 𑄥𑄛𑄴𑄛𑄮 𑄉𑄌𑄴𑄍𑄮 𑄝𑄳𑄦𑄬 𑄃𑄪𑄘𑄬𑄣𑄴𑄣𑄳𑄦𑄮𑄠𑄴
"ছোট নদীর পানিগুলো কোন পাহাড় বেয়ে পড়েছে, তুমি কী জানো?  এই ডালটা বেয়ে উঠো গাছে","𑄌𑄨𑄉𑄮𑄚𑄴 𑄥𑄧𑄢 𑄛𑄚𑄳𑄦𑄨𑄃𑄚𑄨 𑄇𑄧𑄚𑄴 𑄟𑄪𑄢𑄳𑄦𑄮 𑄌𑄘𑄢 𑄝𑄳𑄦𑄬 𑄛𑄧𑄢𑄬𑄊𑄨, 𑄈𑄧𑄝𑄧𑄢𑄴 𑄛𑄳𑄦𑄌𑄴 𑄚𑄨? 𑄃𑄬 𑄙𑄬𑄣𑄝𑄳𑄦𑄮 𑄝𑄳𑄦𑄬 𑄃𑄪𑄖𑄴𑄖𑄮𑄠𑄴 𑄉𑄌𑄴𑄍𑄮𑄖𑄴"
সে দড়িটা বেয়ে নামল,𑄖𑄬 𑄘𑄧𑄢𑄨𑄃𑄳𑄦𑄚𑄴 𑄝𑄳𑄦𑄬 𑄣𑄟𑄨𑄣𑄮𑄊𑄨
বাতাস প্রবাহিত হওয়া,𑄻. 𑄝𑄪𑄠𑄬𑄢𑄴 𑄝𑄚𑄳𑄦
কত বড় করে বাতাস বয়েছে এখানে,𑄇𑄧𑄟𑄴𑄞 𑄉𑄧𑄢𑄳𑄦𑄨 𑄝𑄪𑄠𑄬𑄢𑄴 𑄝𑄳𑄦𑄨𑄠𑄬 𑄃𑄨𑄙𑄪
ভূমিকম্প হওয়া,𑄼. 𑄞𑄪𑄎𑄮𑄣𑄴 𑄝𑄚𑄳𑄦
ভূূমিকম্প হলে পৃথিবীটা এদিক সেদিক হয়,𑄞𑄪𑄎𑄮𑄣𑄴 𑄝𑄬𑄣𑄳𑄦𑄬 𑄃𑄨𑄏𑄪 𑄘𑄪𑄚𑄨𑄠𑄬𑄃𑄳𑄦𑄚𑄴 𑄦𑄨𑄣𑄮𑄚𑄨 𑄝𑄨𑄣𑄮𑄚𑄨 𑄉𑄧𑄢𑄬𑄙𑄬𑅁
তারা মা আর ছেলে যেদিকে যাক না কেন একসাথে যায়,"𑄖𑄢𑄳𑄦 𑄘𑄨𑄟𑄭𑄛𑄪𑄘𑄬 𑄎𑄨𑄚𑄴𑄙𑄨 𑄎𑄬𑄘𑄇𑄴 𑄥𑄖𑄴, 𑄝𑄚𑄳𑄦𑄝𑄚𑄴𑄐𑄳𑄦𑄬 𑄖𑄚𑄖𑄚𑄴𑄐𑄬𑅁"
বাঁধা দেওয়া,𑄷. 𑄝𑄚𑄴 𑄘𑄬𑄚
বাঁধা মুক্ত করা,𑄝𑄚𑄴 𑄥𑄧𑄢𑄚
"তাকে এক বাঁধা দিয়ে হবেনা, দুই বাঁধা দিয়ে শক্ত করে বাঁধতে হবে","𑄥𑄨𑄝𑄬𑄢𑄳𑄦𑄬 𑄃𑄬𑄇𑄴 𑄝𑄚𑄴 𑄘𑄨𑄚𑄬𑄘𑄨 𑄚𑄧 𑄦𑄧𑄝𑄧, 𑄘𑄨 𑄝𑄚𑄴 𑄘𑄨𑄚𑄬𑄠𑄴 𑄞𑄨𑄢𑄨 𑄞𑄨𑄢𑄨 𑄝𑄚𑄳 𑄦𑄛𑄧𑄢𑄨𑄝𑄮"
সে বাঁধাগুলো কীভাবে সারালো ? এক বান টিন,𑄥𑄬 𑄝𑄚𑄚𑄳𑄦𑄨 𑄇𑄬𑄚𑄳𑄦𑄬 𑄥𑄧𑄢𑄬𑄣𑄧 𑄖𑄬? 𑄸. 𑄃𑄬𑄇𑄴 𑄝𑄚𑄴 𑄖𑄮𑄚𑄴
ছাল সেলাই করতে কয় বান টিন লাগবে? ৩ বান উঠা,𑄌𑄣𑄴 𑄥𑄨𑄣𑄘𑄬 𑄇𑄧𑄠𑄴 𑄝𑄚𑄴 𑄖𑄮𑄚𑄴 𑄣𑄉𑄨𑄝𑄮? 𑄹. 𑄝𑄚𑄴 𑄃𑄪𑄘𑄚𑄳𑄦
মন্ত্র দিলে আরো বান উঠে তার,𑄟𑄧𑄚𑄴𑄘𑄧𑄢𑄴 𑄘𑄨𑄣𑄳𑄦𑄬 𑄃𑄨𑄏𑄪 𑄝𑄚𑄴 𑄃𑄪𑄘𑄬𑄙𑄬 𑄖𑄢𑄴
বন্যা হওয়া,𑄺. 𑄝𑄚𑄴 𑄦𑄧𑄚
নদীর বন্যা,𑄛𑄚𑄳𑄦𑄨 𑄝𑄚𑄴
এইবারে বেশি বড় বন্যা হয়েছে,𑄃𑄬𑄛𑄧𑄣𑄴𑄣𑄖𑄴 𑄝𑄬𑄌𑄴 𑄇𑄧𑄟𑄴𑄞 𑄛𑄚𑄳𑄦𑄨 𑄝𑄚𑄴 𑄦𑄪𑄠𑄳𑄦𑄬
পানির বন্যায় কে কোথায় ভেসে গেল কী জানি,𑄛𑄚𑄳𑄦𑄨 𑄝𑄚𑄧𑄖𑄴 𑄇𑄧𑄚𑄬 𑄇𑄪𑄙𑄪 𑄞𑄎𑄨 𑄎𑄬𑄣𑄳𑄦𑄧 𑄇𑄨𑄎𑄬𑄚𑄨
এখানে প্রতিবছর বন্যা হয়,𑄃𑄨𑄙𑄪 𑄝𑄧𑄏𑄧𑄢𑄴 𑄝𑄉𑄚𑄬 𑄝𑄚𑄴 𑄉𑄧𑄢𑄳𑄦𑄬𑅁
বান্যেটা সোনা বন্ধক রাখে,𑄝𑄚𑄴𑄐𑄬𑄞𑄮 𑄥𑄮𑄚 𑄝𑄧𑄚𑄴𑄙𑄧𑄇𑄴 𑄢𑄉𑄭𑄙𑄬𑅁
বাঁধা গরুর মতো থাকতে হয় চাকরী করলে,𑄝𑄚𑄴𑄐𑄳𑄦𑄬 𑄉𑄧𑄢𑄪 𑄙𑄪𑄇𑄴𑄇𑄬 𑄉𑄧𑄢𑄳𑄦𑄨 𑄗 𑄛𑄧𑄢𑄬 𑄌𑄉𑄪𑄢𑄨 𑄉𑄧𑄣𑄴𑄣𑄳𑄦𑄬
তাবিজ,[𑄖𑄣𑄳𑄦𑄨𑄇𑄴]
প্রধান বানর,𑄃𑄧𑄏 𑄝𑄚𑄴𑄘𑄧𑄢𑄴
তাদের বাড়ি বর্ডারের কাছে,𑄖𑄢𑄳𑄦 𑄊𑄧𑄢𑄴 𑄝𑄧𑄘𑄢𑄳𑄦𑄧 𑄇𑄪𑄢𑄬
বর্ডার পার হলে ভারত,𑄝𑄧𑄙𑄢𑄴 𑄛𑄢𑄴 𑄦𑄧𑄣𑄬 𑄞𑄢𑄧𑄖𑄴𑅁
তার পকেটে অনেক টাকার বান্ডিল,𑄖 𑄎𑄬𑄛𑄴𑄜𑄮𑄖𑄴 𑄃𑄬𑄠𑄴 𑄖𑄬𑄋 𑄝𑄧𑄚
অনেক অনেক ধোঁয়া উঠতেছে,𑄝𑄧𑄚 𑄝𑄧𑄚 𑄙𑄪𑄟𑄮 𑄃𑄪𑄙𑄬𑄢𑄴
অনেক অনেক কালো মেঘ উঠেছে আকাশে,𑄝𑄧𑄚 𑄝𑄧𑄚 𑄇𑄣 𑄟𑄬𑄇𑄴 𑄃𑄭𑄪𑄖𑄴𑄗𑄬 𑄃𑄉𑄏𑄧𑄖𑄴
সে কাপরগুলো মুরিয়ে ফেলে দিলো,𑄖𑄬 𑄇𑄝𑄧𑄢𑄚𑄳𑄦𑄨 𑄝𑄧𑄚 𑄝𑄚𑄨𑄚𑄳𑄦𑄬𑄠𑄴 𑄟𑄬𑄣𑄳𑄦 𑄘𑄨𑄣𑄳𑄦𑄮𑅁
বন্ধু বানানো,𑄝𑄧𑄚𑄴 𑄎𑄪𑄢𑄚
"ওই বন্ধু ,চলো ঘুরে আসি","𑄃𑄮 𑄝𑄧𑄚𑄴, 𑄎𑄬𑄠𑄴 𑄝𑄬𑄢𑄬𑄣𑄬𑄉𑄮𑄠𑄴"
রংরাংটা কচ্ছপকে বন্ধু বানালো,𑄢𑄳𑄦𑄧𑄁𑄢𑄁𑄋𑄮 𑄘𑄪𑄢𑄴𑄞𑄮𑄢𑄬 𑄝𑄧𑄚𑄴 𑄎𑄪𑄢𑄨𑄣𑄮
"দিক,বন",𑄘𑄨𑄇𑄴 𑄝𑄧𑄚𑄴
তাবিজ করা,𑄛𑄢 𑄝𑄧𑄚𑄴
আগুনটা দাউ দাউ করে জ্বলতেছে,𑄃𑄊𑄪𑄚𑄚𑄴 𑄝𑄧𑄚𑄴𑄝𑄧𑄚𑄬 𑄦𑄋𑄬𑄢𑄴𑅁
কবিরাজি  ঔষধ,𑄝𑄧𑄚𑄧𑄎 𑄘𑄢𑄪
ডাক্তারের ঔষুধ শেষ করে কবিরাজি  ঔষুধ খাচ্ছি,𑄘𑄇𑄴𑄖𑄧𑄢𑄨 𑄘𑄢𑄪 𑄗𑄪𑄟𑄴 𑄉𑄧𑄢𑄨𑄚𑄳𑄦𑄬𑄠𑄴 𑄝𑄧𑄚𑄧𑄎 𑄘𑄢𑄪 𑄈𑄋𑄧𑄖𑄴𑄖𑄳𑄦𑄬
"ডাক্তারের ঔষুধ কবিরাজি ঔষুধ সব শেষ করলাম,তবুও কিছু হলোনা","𑄘𑄇𑄴𑄖𑄧𑄢𑄨, 𑄝𑄧𑄚𑄧𑄎 𑄝𑄳𑄦𑄬𑄇𑄴 𑄗𑄪𑄟𑄴 𑄉𑄧𑄣𑄴𑄣𑄳𑄦𑄪𑄁, 𑄇𑄨𑄌𑄴𑄌𑄪𑄠𑄳𑄦𑄬 𑄚𑄧 𑄙𑄧𑄢𑄬𑅁"
বড় নিঃস্বাস ফেলা,𑄝𑄧 𑄚𑄨𑄏𑄬𑄌𑄴 𑄜𑄬𑄣𑄚𑄳𑄦
"বুড়োর মাথাটা খায়,বুড়ির মাথাটা খায়","𑄝𑄧𑄝𑄧𑄇𑄴 𑄝𑄧𑄝𑄧𑄇𑄴 𑄝𑄪𑄌𑄴𑄏𑄬 𑄟𑄙 𑄈𑄁, 𑄝𑄧𑄝𑄧𑄇𑄴 𑄝𑄧𑄝𑄧𑄇𑄴 𑄝𑄪𑄢𑄳𑄦𑄨 𑄟𑄙 𑄈𑄁𑅁"
গরুদের ব ব ত ত করে হালচাষ করতে হয়,𑄉𑄧𑄢𑄪𑄢𑄳𑄦𑄬 𑄝𑄧 𑄝𑄧 𑄖𑄨 𑄖𑄨 𑄉𑄧𑄢𑄳𑄦𑄨 𑄉𑄧𑄢𑄳𑄦𑄨 𑄦𑄣𑄴 𑄌𑄧𑄊 𑄛𑄧𑄢𑄬
আলুটিলা গুহায় আগুন ধরিয়ে ভিতরে ঢুকতে হয়,𑄃𑄣𑄪𑄖𑄨𑄣𑄳𑄦𑄬 𑄉𑄖𑄴𑄗𑄮𑄖𑄴 𑄝𑄧𑄟𑄴𑄝 𑄙𑄮𑄢𑄬𑄚𑄬𑄠𑄴 𑄥𑄧𑄟 𑄛𑄧𑄢𑄬𑅁
বমভোলা/বমভোলী,𑄝𑄧𑄟𑄴𑄞𑄪𑄣𑄮 – 𑄝𑄧𑄟𑄴𑄞𑄪𑄣𑄨𑅁
আমের ভরা,𑄷. 𑄃𑄟𑄧 𑄝𑄧𑄢
"আমটা কুচি,এখনো ভরা হয়নাই","𑄃𑄟𑄴𑄟𑄳𑄦𑄮 𑄇𑄧𑄏𑄨, 𑄃𑄬𑄞𑄧 𑄝𑄧𑄢 𑄚𑄳𑄦𑄧 𑄝𑄚𑄳𑄦𑄧𑄚𑄴"
কানের বোরা,𑄸. 𑄇𑄚𑄧 𑄝𑄧𑄢
তোমাকে আমি কবে কানের বোরা খুলে দিই,𑄖𑄧𑄢𑄳𑄦𑄬 𑄇𑄧𑄟𑄧𑄣𑄬 𑄟𑄪𑄠𑄴 𑄇𑄚𑄧 𑄝𑄧𑄢 𑄈𑄮𑄉𑄳𑄦𑄬 𑄘𑄮𑄁 𑄇𑄨𑄎𑄬𑄚𑄨
ভরা পিঠা,𑄹. 𑄝𑄧𑄢 𑄛𑄨𑄙𑄬
পেয়াজু,𑄘𑄬𑄣𑄮 𑄝𑄧𑄢𑅁
বোরা হয়া,𑄝𑄧𑄢𑄳𑄦 𑄦𑄧𑄚
কানটা বোরা হয়ছে নাকি তোমার?ডাকলেও শুনোনা?এক তাপ্পটে কান বোরা বানাই দিবো,𑄇𑄚𑄳𑄦𑄚𑄴 𑄝𑄧𑄢𑄳𑄦 𑄦𑄪𑄠𑄳𑄦𑄬 𑄚𑄇𑄨 𑄖𑄧𑄢𑄴? 𑄘𑄉𑄨𑄣𑄬𑄠𑄳𑄦𑄮 𑄚𑄧 𑄥𑄪𑄚𑄮𑄌𑄴? 𑄃𑄬𑄇𑄴 𑄌𑄪𑄉𑄮𑄢𑄧𑄖𑄴 𑄇𑄚𑄳𑄦𑄚𑄴 𑄝𑄧𑄢𑄳𑄦 𑄝𑄚𑄬 𑄘𑄨𑄟𑄴𑅁
"১,বরগাঙ",𑄝𑄧𑄢𑄳𑄦𑄉𑄪𑄣𑄮 𑄉𑄌𑄴
"বড় নদী দেখার মতো,লাল খাদি ধোয়ার মতো",𑄷. 𑄝𑄧𑄢𑄴 𑄉𑄁
বড় মানুষ,𑄝𑄧𑄢𑄴 𑄈𑄪𑄣𑄮
তারা হলো বড় মানুষ,𑄝𑄧𑄢𑄴 𑄟𑄚𑄳𑄦𑄪𑄌𑄴
গুরুজন,𑄖𑄢𑄳𑄦 𑄦𑄧𑄣𑄇𑄴𑄇𑄬 𑄝𑄧𑄢𑄴 𑄟𑄚𑄳𑄦𑄪𑄌𑄴
বড় দাগ,𑄝𑄧𑄢𑄴𑄎𑄧𑄚𑄴
বড় ভাগ,𑄝𑄧𑄢𑄴 𑄘𑄇𑄴
গুরুজন,𑄝𑄧𑄢𑄴 𑄞𑄇𑄴
বড় মুখ,𑄝𑄧𑄢𑄴 𑄛𑄧𑄣𑄴𑄣
বড় ভাই/বোন,𑄝𑄧𑄢𑄴 𑄟𑄪
সে আগে বড় ভাগটা খোঁজে,𑄝𑄧𑄢𑄴 𑄞𑄬𑄠𑄴/𑄞𑄮𑄚𑄴
"তারা হলো গুরুজন,বয়সে ছোট হলেও আত্মীয়ে বড়",𑄖𑄬 𑄣𑄘𑄉𑄧𑄖𑄴 𑄝𑄧𑄢𑄴𑄞𑄇𑄴𑄇𑄮 𑄖𑄧𑄉𑄭𑄘𑄳𑄠𑄬
পান বর,"𑄖𑄢𑄳𑄦 𑄦𑄧𑄣𑄇𑄴𑄇𑄬 𑄝𑄧𑄢𑄴 𑄛𑄧𑄣𑄴𑄣, 𑄝𑄧𑄠𑄧𑄏𑄬 𑄌𑄨𑄉𑄮𑄚𑄴 𑄦𑄧𑄣𑄬𑄠𑄳𑄦𑄮 𑄇𑄪𑄘𑄪𑄟𑄬 𑄘𑄋𑄳𑄦𑄧𑄢𑄴"
আশীর্বাদ ,𑄥𑄬𑄛𑄴 𑄝𑄧𑄢𑄴
প্রার্থনা করা,𑄝𑄧𑄢𑄴 𑄟𑄉𑄚𑄳𑄦
আশীর্বাদ করা,𑄝𑄧𑄢𑄴 𑄘𑄬𑄚
"যে প্রার্থনা করে সে বোঝে,ভগবান আশীর্বাদ করলে শেষ হয় না","𑄎𑄬 𑄝𑄧𑄢𑄴 𑄟𑄊𑄬 𑄥𑄬 𑄝𑄧𑄢𑄴 𑄛𑄳𑄦𑄠𑄴, 𑄉𑄮𑄎𑄬𑄚𑄳𑄦𑄬 𑄝𑄧𑄢𑄴 𑄘𑄨𑄣𑄳𑄦𑄬 𑄚𑄧 𑄜𑄪𑄢𑄭"
পূণ্য কাজ করে সাথে সাথে আশীর্বাদ নেয়া ভালো,𑄛𑄪𑄚𑄴𑄐𑄮 𑄇𑄟𑄴 𑄉𑄧𑄢𑄳𑄦𑄨𑄉𑄢𑄳𑄦𑄠𑄴 𑄣𑄧𑄉𑄧𑄖𑄴 𑄖𑄧𑄉𑄧𑄖𑄴 𑄝𑄧𑄢𑄴 𑄟𑄉𑄚𑄳𑄦 𑄉𑄧𑄟𑄴
"চুল পাকা বুড়োটা আশীর্বাদ করলো-আমার মাথায় যতগুলো চুল আছেতোমার ততগুলো বাচ্চা হোক,এই আশীর্বাদটা শুনে মেয়েটা ভয়ে ফিট হলো","𑄌𑄪𑄣𑄴 𑄛𑄉𑄚𑄳𑄦 𑄝𑄪𑄢𑄳𑄦𑄮𑄝𑄮 𑄝𑄧𑄢𑄴 𑄘𑄨𑄣𑄮𑄙𑄬 – 𑄟𑄧 𑄟𑄙𑄖𑄴 𑄎𑄬𑄇𑄴𑄇𑄚𑄳𑄦𑄨 𑄌𑄪𑄣𑄴 𑄃𑄊𑄬, 𑄖𑄧𑄢𑄴 𑄥𑄨𑄇𑄴𑄊𑄪𑄚𑄴 𑄛𑄮 𑄦𑄮𑄘𑄮𑄇𑄴! 𑄥𑄬 𑄝𑄧𑄢𑄴 𑄥𑄪𑄚𑄨𑄚𑄬𑄠𑄴 𑄟𑄨𑄣𑄬𑄞𑄮 𑄘𑄧𑄢𑄬 𑄜𑄨𑄖𑄴 𑄦𑄧𑄣𑄧, 𑄃𑄳𑄦𑄨𑄘𑄪𑄇𑄴𑄇𑄮 𑄛𑄮 𑄜𑄪𑄘𑄘𑄬 𑄜𑄪𑄘𑄘𑄬 𑄖𑄧 𑄖𑄢𑄴 𑄎𑄨𑄁𑄇𑄚𑄨 𑄗𑄪𑄟𑄴 𑄦𑄧𑄝𑄧!"
পানিতে ডুবে সব কৃষেত নষ্ট হলো,𑄛𑄚𑄳𑄦𑄨𑄖𑄴 𑄝𑄪𑄢 𑄈𑄬𑄚𑄬𑄠𑄴 𑄝𑄬𑄇𑄴 𑄈𑄬𑄖𑄴𑄖𑄚𑄳𑄦𑄨 𑄝𑄧𑄢𑄴𑄝𑄖𑄴
"কতগুলো টাকা নষ্ট হয়েছে,দেখেছো?","𑄇𑄪𑄇𑄴𑄊𑄮 𑄖𑄬𑄋 𑄝𑄧𑄢𑄴𑄝𑄖𑄴 𑄎𑄬𑄣𑄳𑄦𑄇𑄴, 𑄘𑄨𑄇𑄴𑄈𑄮𑄌𑄴 𑄚𑄨? 𑄛𑄮𑄞𑄮 𑄃𑄬𑄇𑄴𑄈𑄬 𑄝𑄧𑄢𑄴𑄝𑄖𑄴 𑄎𑄬𑄣𑄧𑄙𑄬𑅁"
দাদু-দিদা,𑄃𑄭𑄖𑄴𑄖𑄬 – 𑄝𑄧𑄢𑄧𑄋
নাতনি-দিদা,𑄚𑄘𑄨𑄚𑄴 – 𑄝𑄧𑄢𑄧𑄋
তার দাদি তাকে অনেক ভালোবাসে,𑄖 𑄝𑄧𑄢𑄧𑄋𑄞𑄮 𑄖𑄢𑄳𑄦𑄬 𑄎𑄬 𑄇𑄮𑄌𑄴 𑄛𑄳𑄦𑄠𑄴!
তার মুখে ব্রণ উঠছে,𑄟𑄪𑄈𑄮𑄖𑄴 𑄝𑄧𑄢𑄧𑄖𑄴 𑄃𑄭𑄪𑄖𑄴𑄗𑄮𑄚𑄴 𑄖𑄢𑄴
তার মুখটা ব্রণ,𑄖 𑄟𑄪𑄃𑄳𑄦𑄚𑄴 𑄉𑄧𑄘 𑄝𑄧𑄢𑄧𑄖𑄴 𑄝𑄧𑄢𑄧𑄖𑄴
ব্রণের দাগগুলো কালো কালো করে আছে,𑄝𑄧𑄢𑄧𑄘𑄧 𑄘𑄇𑄴𑄇𑄚𑄳𑄦𑄨 𑄇𑄣 𑄇𑄣 𑄉𑄧𑄢𑄳𑄦𑄨 𑄃𑄊𑄬𑅁
নোংরা মুখ,𑄝𑄧𑄢𑄧𑄣𑄳𑄦 𑄟𑄪
ঔষুধি ট্যাবলেট,𑄘𑄢𑄪 𑄝𑄧𑄢𑄨
এই ট্যাবলেটগুলো সকালে একটা বিকালে একটা খেতে হয়,𑄃𑄬 𑄘𑄢𑄪𑄝𑄧𑄢𑄨𑄃𑄳𑄦𑄪𑄚𑄴 𑄝𑄨𑄚𑄴𑄐𑄳𑄦𑄬 𑄃𑄨𑄇𑄴𑄊𑄮 𑄝𑄨𑄣𑄴𑄣𑄬 𑄃𑄨𑄇𑄴𑄊𑄮 𑄈𑄚
ট্যাবলেট দেখলপ নাকি তার বমি আছে,𑄘𑄢𑄪 𑄝𑄧𑄢𑄨 𑄘𑄨𑄉𑄨𑄣𑄳𑄦𑄬 𑄃𑄧𑄉𑄧𑄣 𑄃𑄬𑄏𑄬 𑄞𑄬𑄣𑄬 𑄖𑄖𑄴𑄗𑄪𑄚𑄴𑅁
পানি থেকে বরফ হয়,𑄛𑄚𑄳𑄦𑄨𑄖𑄴𑄖𑄪𑄚𑄴 𑄝𑄧𑄢𑄳𑄦𑄧𑄛𑄴 𑄦𑄧𑄠𑄴
শুধু বরফ পরতেছে,𑄝𑄧𑄢𑄳𑄦𑄧𑄛𑄴 𑄛𑄧𑄢𑄬𑄖𑄴𑄖𑄬 𑄃𑄬𑄉𑄧𑄎𑅁
"১,প্রাণি",𑄷. 𑄛𑄧𑄢𑄚𑄴𑄝𑄧𑄣
শিং আছে এমন মাছ,𑄏𑄪𑄖𑄴𑄖𑄬𑄣𑄴 𑄝𑄧𑄣
"২,আপদ কাটানো",𑄥𑄨𑄁𑄝𑄧𑄣 𑄟𑄌𑄴
আপদ বিপদ,𑄸. 𑄝𑄧𑄣 𑄇𑄘𑄚
"কি আপদ হয়ছে,মাথা ধুলে তারপর নাকি কেটে যাবে","𑄇𑄨 𑄝𑄧𑄣 𑄝𑄎𑄨𑄣𑄳𑄦𑄮, 𑄟𑄙 𑄙𑄧𑄣𑄬 𑄖𑄳𑄦𑄬 𑄞𑄬𑄣𑄬 𑄇𑄘 𑄎𑄬𑄝𑄧𑄘𑄬"
"৩,ফলন মাটি",𑄹. 𑄝𑄧𑄣 𑄟𑄘𑄨
ফলনকৃত জমিতে সার দিতে হয় না,"𑄝𑄧𑄣 𑄎𑄉𑄖𑄴 𑄥𑄢𑄴 𑄘𑄳𑄠𑄬 𑄚𑄧 𑄛𑄧𑄢𑄬, 𑄉𑄭 𑄉𑄭 𑄝𑄧𑄣𑄬𑅁"
জোর করে কাজ করা,𑄝𑄧𑄣𑄎𑄮𑄢𑄬 𑄇𑄟𑄴 𑄉𑄧𑄢𑄚𑄳𑄦
"বিয়েতে কাকে কাকে দাওয়াত দিলে,গ্রামের সবাইকে দাওয়াত দিছি",𑄷. 𑄟𑄬𑄣𑄖𑄴 𑄇𑄢𑄳𑄦𑄬 𑄇𑄢𑄳𑄦𑄬 𑄝𑄮𑄣𑄬𑄣𑄇𑄴? 𑄃𑄘𑄟𑄴𑄟𑄬 𑄛𑄢𑄣𑄴𑄣𑄬 𑄝𑄬𑄇𑄴𑄇𑄪𑄚𑄳𑄦𑄮𑄢𑄬 𑄝𑄮𑄣𑄬𑄠𑄳𑄦𑄮𑄁
কাবাডি কেলায় কে আগে আসবে?গাছটা তাড়াতাড়ি বড় হচ্ছে,𑄉𑄪𑄘𑄪 𑄈𑄢𑄖𑄴 𑄇𑄧𑄚𑄴𑄚𑄳𑄦 𑄃𑄇𑄴𑄇𑄬 𑄝𑄮𑄣𑄬𑄝𑄧? 𑄸. 𑄉𑄌𑄴𑄍𑄮 𑄃𑄨𑄏𑄪 𑄊𑄪𑄢𑄴𑄊𑄪𑄢𑄳𑄦𑄬 𑄝𑄧𑄣𑄬𑄖𑄴𑄖𑄬
"৩,আমার বামে বলে",𑄹. 𑄟𑄧𑄢𑄴 𑄝𑄋𑄳𑄦𑄬𑄚𑄴𑄘𑄨 𑄝𑄧𑄣𑄬𑄘𑄬
তার ডান বাম দুইটাই পা বলে,𑄖𑄢𑄴 𑄘𑄬𑄚𑄴 𑄝𑄁 𑄘𑄮𑄃𑄳𑄦𑄚𑄴 𑄗𑄬𑄁 𑄝𑄧𑄣𑄬
হাতটা কিরকম পাচ্ছি,𑄦𑄖𑄴𑄖𑄚𑄴 𑄃𑄨𑄏𑄪 𑄚𑄧𑄝𑄰𑄱𑄣𑄴𑄣𑄬 𑄛𑄋𑄳𑄦𑄧𑄖𑄴𑄖𑄬𑅁
উড়ন্ত সাপ,𑄃𑄪𑄢𑄴𑄝𑄮 𑄝𑄧𑄣𑄳𑄦 𑄥𑄛𑄴
বোলতা,𑄝𑄧𑄣𑄳𑄦 𑄛𑄪𑄇𑄴
পাতা বোলতা,𑄛𑄘 𑄝𑄧𑄣𑄳𑄦
বোলতার কামড় খেয়ে একটা বাচ্চা মারা গেছে,𑄝𑄧𑄣𑄳𑄦 𑄛𑄪𑄊𑄮 𑄇𑄟𑄧𑄢𑄴 𑄈𑄬𑄚𑄬𑄠𑄴 𑄃𑄨𑄇𑄴𑄊𑄮 𑄉𑄪𑄢𑄮 𑄃𑄬𑄇𑄴𑄈𑄬 𑄟𑄪𑄌𑄴𑄏𑄬𑅁
"শক্তি তোলা,দেয়া,ফেলা,নেয়া,পরা","𑄷. 𑄝𑄧𑄣𑄴 𑄈𑄨𑄎𑄚, 𑄘𑄬𑄚, 𑄜𑄬𑄣𑄚𑄳𑄦, 𑄞𑄧𑄢𑄚, 𑄛𑄧𑄢𑄚"
যার শক্তি আছে তাকে বলা হয় শক্তিশালী,"𑄝𑄧𑄣𑄴 𑄃𑄊𑄬 𑄎𑄖𑄴𑄗𑄪𑄚𑄴, 𑄖𑄢𑄳𑄦𑄬 𑄇𑄧𑄠𑄴𑄙𑄳𑄠𑄬 𑄝𑄧𑄣𑄨"
যে শক্তি  আছে যে শক্তি নেই বলে দৌড় দিল সে,𑄎𑄬 𑄝𑄧𑄣𑄴 𑄃𑄊𑄬 𑄎𑄬 𑄝𑄧𑄣𑄴 𑄚𑄬𑄠𑄴 𑄉𑄧𑄢𑄳𑄦𑄨 𑄙𑄝 𑄘𑄨𑄣𑄧𑄙𑄬 𑄖𑄬
পাহাড়টা উঠে সব শক্তি শেষ হয়ে গেল আমার,𑄟𑄪𑄢𑄳𑄦𑄮𑄝𑄮 𑄃𑄪𑄘𑄨𑄚𑄳𑄦𑄬𑄠𑄴 𑄉𑄧𑄘 𑄝𑄧𑄣𑄳𑄦𑄚𑄴 𑄜𑄪𑄢𑄬𑄣𑄧 𑄟𑄧𑄢𑄴
তারা দুইজন মিলে কাজগুলো করে,𑄖𑄢𑄳 𑄦𑄘𑄨𑄎𑄧𑄚𑄬 𑄝𑄧𑄣𑄝𑄧𑄣𑄴𑄣𑄬 𑄉𑄧𑄢𑄳𑄦𑄨 𑄇𑄟𑄚𑄳𑄦𑄨 𑄉𑄧𑄢𑄳𑄦𑄧𑄚𑄴
"শুধু শুধু কেন শক্তি ক্ষয় করতেছো,হবেনা তো","𑄌𑄪𑄙𑄮 𑄟𑄬 𑄇𑄨𑄖𑄴𑄗𑄬𑄠𑄴 𑄝𑄧𑄣𑄴 𑄜𑄬𑄣𑄧𑄢𑄴 𑄇𑄨𑄎𑄬𑄚𑄨, 𑄚𑄧 𑄦𑄧𑄝𑄧 𑄚𑄧𑄟𑄬𑄣𑄴"
শক্তি হলেআবার হাঁটবো,𑄝𑄧𑄣𑄴 𑄞𑄧𑄢𑄬𑄚𑄬𑄠𑄴 𑄖𑄳𑄦𑄬 𑄃𑄢𑄳𑄦𑄧 𑄦𑄘 𑄙𑄧𑄢𑄨𑄟𑄴
সাহায্য করা,𑄸. 𑄝𑄧𑄣𑄴 𑄘𑄬𑄚
একটু সাহায্য করোকাজটা একা একা করতে পারতেছিনা,"𑄃𑄬𑄇𑄴𑄇 𑄝𑄧𑄣𑄴 𑄘𑄬𑄊𑄨 𑄚, 𑄉𑄭 𑄉𑄭 𑄝𑄮𑄢𑄬 𑄚𑄧 𑄃𑄬𑄏𑄧𑄋𑄧𑄖𑄴𑄖𑄬 𑄇𑄟𑄳𑄦𑄚𑄴𑅁"
গোসল করে শরীরে স্বস্তি পাচ্ছি,𑄷. 𑄉𑄘𑄨𑄚𑄳𑄦𑄬𑄠𑄴 𑄇𑄨𑄠𑄬𑄃𑄳𑄦𑄚𑄴 𑄃𑄬𑄇𑄟𑄇 𑄝𑄧𑄣𑄴𑄛𑄨𑄠𑄳𑄦𑄬 𑄛𑄋𑄳𑄦𑄧𑄢𑄴
জায়গাটা শান্তিপূর্ণ তো,𑄎𑄉𑄃𑄳𑄦𑄚𑄴 𑄎𑄬 𑄝𑄧𑄣𑄴𑄛𑄨𑄠𑄳𑄦𑄬 𑄘𑄧
সে চিন্তামুক্ত করে ঘুরে,𑄸. 𑄖𑄬 𑄃𑄨𑄏𑄪 𑄝𑄧𑄣𑄴𑄛𑄨𑄠𑄳𑄦𑄬 𑄝𑄬𑄢𑄭𑄘𑄳𑄠𑄬
"আমি আসি সেজন্য সে ইচ্ছা হলে আসে,আমি না থাকতাম ধারেকাছে ও আসতে পারতো না",𑄝𑄧𑄣𑄴𑄛𑄨𑄠𑄳𑄦𑄬 𑄇𑄧𑄙 𑄇𑄳𑄦𑄮 𑄛𑄢𑄬𑄘𑄬 𑄖𑄬𑅁
বলে বলে,𑄝𑄧𑄣𑄬 𑄝𑄧𑄣𑄬
বলে হলে,𑄝𑄧𑄣𑄬 𑄦𑄧𑄣𑄬
জোর করে,𑄝𑄧𑄣𑄬 𑄎𑄮𑄢𑄬
কিভাবে আসলাম এতদূর পথ,𑄝𑄧𑄣𑄬 𑄃𑄨𑄣𑄪𑄁𑄊𑄬 𑄃𑄳𑄦𑄨𑄖𑄴𑄘𑄪𑄢𑄴 𑄛𑄧𑄖𑄴
"যায় না,জোর করে পাঠিয়ে দিছি","𑄃𑄨𑄏𑄪 𑄚𑄧 𑄎𑄭, 𑄝𑄧𑄣𑄬 𑄝𑄧𑄣𑄬 𑄛𑄙𑄬 𑄘𑄨𑄣𑄪𑄁𑄊𑄬"
"শিক্ষকটা বলতেছে,জোর করে কাজটা করোমন ন চাইলেও মরতে হয়","𑄟𑄖𑄴𑄖𑄮𑄌𑄴𑄌𑄬 𑄇𑄳𑄦𑄧𑄢𑄴 𑄃𑄨𑄏𑄪, 𑄝𑄧𑄣𑄬 𑄦𑄧𑄣𑄬 𑄉𑄧𑄢𑄳𑄦 𑄛𑄧𑄢𑄬𑄢𑄴 𑄇𑄟𑄳𑄦𑄚𑄴"
"পারো বলে জোর করে করা যায় না,শক্তিতে করার কাজ ও আছে,বললে করার কাজও আছে",𑄛𑄢𑄧𑄌𑄴 𑄞𑄨𑄣𑄨 𑄝𑄧𑄣𑄬 𑄎𑄮𑄢𑄬 𑄇𑄟𑄚𑄳𑄦𑄨 𑄝𑄏𑄬 𑄘𑄬𑄚 𑄉𑄧𑄟𑄴 𑄚𑄳𑄦𑄧𑄠𑄴
অনেক টাকা আয় করছে ও,𑄝𑄧𑄦𑄪𑄖𑄴 𑄖𑄬𑄋 𑄇𑄟𑄬𑄠𑄳𑄦𑄬 𑄖𑄬
অনেক দিন ধরে তোমার কথা ভাবতেছি,𑄝𑄧𑄦𑄪𑄖𑄴 𑄘𑄨𑄚𑄴 𑄙𑄧𑄢𑄨 𑄖𑄧𑄢𑄳𑄦𑄬 𑄙𑄢𑄮𑄌𑄴 𑄉𑄧𑄢𑄳𑄦𑄧𑄋𑄧𑄢𑄴
এই পৃথিবীতে অনেক ধরনের মানুষ আছে,𑄝𑄧𑄦𑄪𑄖𑄴 𑄝𑄝𑄮𑄖𑄴𑄖𑄬 𑄟𑄚𑄳𑄦𑄪𑄌𑄴 𑄃𑄊𑄧𑄚𑄴 𑄃𑄬 𑄛𑄨𑄖𑄴𑄗𑄨𑄟𑄨𑄖𑄴
ওর থেকে সে অনেক বড়,𑄖𑄣𑄴𑄣𑄮𑄠𑄴 𑄖𑄬 𑄝𑄧𑄦𑄪𑄖𑄴 𑄦𑄬𑄖𑄴 𑄎𑄝𑄧𑄢𑄴𑅁
শুধু বাতাস,𑄝𑄧𑄠𑄬𑄢𑄴 𑄝𑄚𑄳𑄦
জিনিসগুলো অনেক দিন বহন করলাম,𑄛𑄧𑄏𑄃𑄚𑄨 𑄞𑄣𑄧𑄇𑄴 𑄃𑄪𑄎𑄮𑄣𑄴 𑄝𑄧𑄃𑄬𑄣𑄳𑄦𑄪𑄁
পানি বহন করে কূল নাই,𑄛𑄚𑄳𑄦𑄨 𑄝𑄧𑄦𑄬 𑄝𑄧𑄦𑄬 𑄃𑄪𑄘𑄮 𑄚𑄬𑄠𑄴𑄴
কাঠগুলো মিলেমিশে বহন করতে হবে,𑄘𑄢𑄴𑄞𑄮𑄃𑄚𑄨 𑄦𑄘𑄦𑄭𑄖𑄴𑄖𑄬 𑄝𑄧𑄦 𑄛𑄧𑄢𑄨𑄝𑄮𑅁
বাহ্ গরুটি বাহ্,"𑄝𑄳𑄦𑄧, 𑄉𑄧𑄢𑄪𑄞𑄮, 𑄝𑄳𑄦𑄧𑅁"
বহ্ বললে গরুটি থামে,𑄝𑄳𑄦𑄧 𑄇𑄧𑄣𑄳𑄦𑄬 𑄉𑄧𑄢𑄪𑄃𑄪𑄚𑄳𑄦𑄬 𑄟𑄳𑄦𑄧 𑄦𑄧𑄚𑄴
"এ গরুটি এমন কেন,বহ্ বললেও থামে না","𑄃𑄬 𑄉𑄧𑄢𑄪𑄞𑄮 𑄃𑄳𑄦𑄬𑄟𑄴𑄝 𑄇𑄨 𑄃𑄘𑄮𑄋𑄬𑄠𑄬, 𑄝𑄳𑄦𑄧 𑄇𑄧𑄣𑄳𑄦𑄬𑄠𑄮 𑄟𑄳𑄦𑄧 𑄚𑄧 𑄦𑄧𑄠𑄴"
বহ্ বহ্ টি টি করে কয়দিন কাটাবা,𑄝𑄳𑄦𑄧 𑄝𑄳𑄦𑄧 𑄖𑄨 𑄖𑄨 𑄉𑄧𑄢𑄳𑄦𑄨 𑄉𑄧𑄢𑄳𑄦𑄨 𑄇𑄧𑄠𑄴𑄙𑄨𑄚𑄴 𑄇𑄘𑄬𑄝𑄬?
বেশি বড় না,𑄝𑄳𑄦𑄧𑄢𑄴 𑄘𑄋𑄳𑄦𑄧𑄢𑄴 𑄚𑄳𑄦𑄧𑄠𑄴
সেখান থেকে আমাদের বাড়িটা বেশি দূরে না,𑄥𑄨𑄖𑄴𑄖𑄪𑄚𑄴 𑄃𑄟𑄳𑄦 𑄊𑄧𑄢𑄳𑄦𑄚𑄴 𑄝𑄳𑄦𑄧𑄢𑄴 𑄘𑄪𑄢𑄮𑄖𑄴 𑄚𑄳𑄦𑄧𑄠𑄴
"আমরা সাবধানে যেতে পারতাম তো,শুধু একটু ঝামেলা করেছে তাই","𑄃𑄟𑄳𑄦𑄨 𑄘𑄮𑄣𑄬 𑄎𑄬 𑄛𑄣𑄴𑄣𑄧𑄋𑄳𑄦𑄪𑄚𑄴 𑄘𑄧, 𑄝𑄳𑄦𑄧𑄢𑄴 𑄖𑄢𑄳𑄦 𑄃𑄬𑄇𑄴𑄇 𑄎𑄉𑄪𑄣𑄪𑄇𑄴 𑄉𑄪𑄌𑄴𑄍𑄮𑄚𑄴 𑄇𑄬𑄚𑄳𑄦𑄬𑄖𑄴𑄖𑄬𑄠𑄴"
"বেশি হলে আমাদের টাকা দিতে হবে না তার,আমরা তাকে সৌধ করতাম","𑄝𑄳𑄦𑄧𑄢𑄴 𑄦𑄧𑄣𑄬 𑄖𑄬 𑄃𑄟𑄳𑄦𑄢𑄬 𑄖𑄬𑄋 𑄘𑄨 𑄛𑄬𑄝𑄧𑄙𑄬 𑄥𑄳𑄠𑄬, 𑄇𑄳𑄦𑄧𑄚𑄴 𑄃𑄟𑄳𑄦𑄨 𑄖𑄢𑄳𑄦𑄬 𑄥𑄪𑄎𑄨 𑄛𑄬𑄙𑄧𑄁!"
পাজলামি,𑄝𑄢𑄳𑄦 𑄝𑄨𑄉𑄨𑄙𑄨
মজা করা,𑄝𑄨𑄉𑄨𑄙𑄨 𑄉𑄧𑄢𑄚𑄳𑄦
"একটু করে মজা করেছি,সেটার জন্য ও কান্না করতেছে","𑄃𑄬𑄇𑄴𑄇 𑄉𑄧𑄢𑄳𑄦𑄨 𑄝𑄨𑄉𑄨𑄙𑄨 𑄉𑄪𑄌𑄴𑄍𑄮𑄁𑄉𑄬, 𑄥𑄨𑄠𑄬𑄚𑄴𑄙𑄮𑄠𑄴 𑄖𑄬 𑄇𑄚𑄚 𑄚𑄳𑄦𑄬𑄉𑄬𑄣𑄬𑄣𑄧𑄘𑄬𑅁"
"১,বীজ চুল",𑄷. 𑄝𑄨𑄌𑄴 𑄌𑄪𑄣𑄴
বিষ পাথর,𑄝𑄨𑄌𑄴 𑄛𑄖𑄴𑄗𑄧𑄢𑄴
সাপের বিষ,𑄝𑄨𑄌𑄴 𑄘𑄬𑄉𑄚𑄳𑄦
বিষধর সাপ,𑄥𑄝𑄧 𑄝𑄨𑄌𑄴
বিষ খাওয়া,𑄝𑄨𑄌𑄴𑄝𑄧𑄣 𑄥𑄛𑄴
"তোমরা চিনি খাচ্ছোনা,বিষ খাচ্ছো যে",𑄝𑄨𑄌𑄴 𑄈𑄚
কে নাকি বিষ খেয়ে মারা গেছে,"𑄖𑄪𑄟𑄳𑄦𑄨 𑄌𑄨𑄚𑄳𑄦𑄨 𑄚𑄧 𑄈𑄳𑄦𑄧𑄢𑄴, 𑄝𑄨𑄌𑄴 𑄈𑄧𑄖𑄴𑄖𑄬 𑄥𑄳𑄠𑄬"
বাচ্চটার বীজচুলগুলো আজকে কেটে দিবে,𑄃𑄳𑄦 𑄇𑄧𑄚𑄴𑄚𑄳𑄦 𑄞𑄬𑄣𑄬 𑄝𑄨𑄌𑄴 𑄈𑄬𑄚𑄬𑄠𑄴 𑄟𑄪𑄌𑄴𑄎𑄬𑄙𑄬
আমি তাকে অনেক ঘৃণা করি,𑄉𑄪𑄢𑄮𑄞𑄮 𑄝𑄨𑄌𑄴 𑄌𑄪𑄣𑄚𑄳𑄦𑄨 𑄃𑄨𑄌𑄴𑄌𑄬 𑄖𑄳𑄦𑄬 𑄟𑄪𑄢𑄬 𑄘𑄨𑄝𑄇𑄴𑄈𑄬
"আমি যেটা পছন্দ করিনা,সে ওইটা বেশি করে",𑄟𑄪𑄠𑄴 𑄃𑄧𑄟𑄧𑄉𑄧𑄘𑄧 𑄝𑄨𑄌𑄴 𑄘𑄬𑄉𑄧𑄁𑄊𑄬 𑄥𑄳𑄠𑄬 𑄖𑄢𑄳𑄦𑄬
বীজ ধান,"𑄟𑄪𑄠𑄴 𑄎𑄨𑄠𑄳𑄦𑄬𑄚𑄴 𑄝𑄬𑄌𑄴 𑄝𑄨𑄌𑄴 𑄘𑄬𑄊𑄧𑄁, 𑄖𑄬 𑄈𑄬𑄌𑄴 𑄉𑄧𑄢𑄳𑄦𑄨 𑄥𑄨𑄠𑄳𑄦𑄬𑄚𑄴 𑄝𑄬𑄌𑄴 𑄉𑄧𑄢𑄬𑄙𑄬"
বীজ,𑄸. 𑄝𑄨𑄌𑄴 𑄙𑄚𑄴
বীজ বপন করার সময় এসেছে,𑄝𑄨𑄌𑄴𑄝𑄨𑄎𑄨𑄘𑄨
চিকন -বড়,"𑄝𑄨𑄌𑄴 𑄙𑄚𑄴 𑄎𑄣 𑄇𑄧𑄙𑄖𑄴 𑄎𑄣 𑄦𑄧𑄚𑄴, 𑄖𑄳𑄦𑄬 𑄎𑄣𑄖𑄴𑄗𑄪𑄚𑄴 𑄙𑄚𑄴 𑄌𑄢 𑄦𑄧𑄚𑄴𑄚𑄬 𑄃𑄭𑅂"
বিচ্চিঙে/বিচ্চিঙি,𑄝𑄨𑄌𑄴𑄌𑄨𑄁 – 𑄘𑄋𑄳𑄦𑄧𑄢𑄴
"চিকন করে বাচ্চাটা,ওর পরানে কি এত বড় বড় কথা",𑄝𑄨𑄌𑄴𑄌𑄨𑄁𑄋𑄬 – 𑄝𑄨𑄌𑄴𑄌𑄨𑄋𑄨
ছোট ছোট মাছের ঝাঁক,"𑄝𑄨𑄌𑄴𑄌𑄨𑄁 𑄉𑄧𑄢𑄳𑄦𑄨 𑄉𑄪𑄢𑄮, 𑄖 𑄛𑄧𑄢𑄚𑄬 𑄇𑄨 𑄥𑄬𑄟𑄴𑄞 𑄥𑄬𑄟𑄴𑄞 𑄇𑄧𑄙"
বিশ্বাস করা/আসা,𑄝𑄨𑄌𑄴𑄌𑄨𑄁 𑄝𑄨𑄌𑄴𑄌𑄨𑄁 𑄟𑄏𑄧 𑄏𑄇𑄴𑅁
আমি তার কথাগুলো বিশ্বাস করি,𑄝𑄨𑄌𑄴𑄍𑄬𑄌𑄴 𑄎𑄚/ 𑄃𑄬𑄎𑄚𑄳𑄦
বিশ্বাস করলে ফল পাবে,𑄟𑄪𑄠𑄴 𑄎𑄧𑄘𑄧𑄝𑄧𑄘𑄬 𑄖 𑄇𑄧𑄙𑄚𑄨 𑄝𑄨𑄌𑄴𑄍𑄬𑄌𑄴 𑄎𑄁
বিছানা করা,𑄝𑄨𑄌𑄴𑄍𑄬𑄌𑄴 𑄉𑄧𑄢𑄨𑄣𑄳𑄦𑄬 𑄜𑄧𑄣𑄴 𑄛𑄬𑄞𑄬𑅁
"বিছানা করো,ঘুমিয়ে পড়বো",𑄝𑄨𑄌𑄴𑄍𑄮𑄚𑄴 𑄉𑄧𑄢𑄚𑄳𑄦
তার বিচারটা ভালোভাবে মিটে গেছে,𑄖𑄢𑄳𑄦 𑄝𑄨𑄌𑄬𑄢𑄳𑄦𑄚𑄴 𑄘𑄮𑄣𑄬 𑄥𑄨𑄢𑄴 𑄎𑄨𑄠𑄳𑄦𑄬
বিচার দেয়া,𑄝𑄨𑄌𑄬𑄢𑄴 𑄘𑄬𑄚
বিচার করা,𑄝𑄨𑄌𑄬𑄢𑄴 𑄉𑄧𑄢𑄚𑄳𑄦𑅁
পাখা ঘুরাও একটু,𑄝𑄨𑄎𑄮𑄚𑄴 𑄝𑄨𑄌𑄴 𑄃𑄬𑄇𑄴𑄇
সে পাছা নেচে নেচে কোথায় যাচ্ছে?সে হাত নাড়িয়ে নারিয়ে কথা বলে,𑄥𑄨𑄝𑄳𑄦𑄬 𑄛𑄪𑄚𑄴 𑄝𑄨𑄎𑄨 𑄝𑄨𑄎𑄨 𑄇𑄪𑄙𑄪 𑄎𑄢𑄴? 𑄖𑄬 𑄦𑄖𑄴 𑄝𑄨𑄎𑄨 𑄝𑄨𑄎𑄨 𑄇𑄧𑄙 𑄇𑄧𑄠𑄴𑄙𑄳𑄠𑄬
কুকুরটা আমাকে দেকলে লেজ নেড়ে নেড়ে আসে,𑄇𑄪𑄉𑄪𑄢𑄴𑄞𑄮 𑄟𑄧𑄢𑄳𑄦𑄬 𑄘𑄨𑄉𑄨𑄣𑄳𑄦𑄬 𑄣𑄬𑄌𑄴 𑄝𑄨𑄎𑄨 𑄝𑄨𑄎𑄨 𑄃𑄬𑄏𑄬𑅁
মাদুরটা বিছাও,𑄛𑄘𑄨𑄞𑄮 𑄝𑄨𑄏
"আবার কেন মাদুরটা বিছাবো,এমনিতেই বসবো","𑄇𑄧𑄟𑄧𑄣𑄬 𑄃𑄢𑄳𑄦𑄧 𑄛𑄘𑄨 𑄝𑄨𑄎𑄚𑄳𑄦, 𑄃𑄳𑄦𑄬𑄚𑄝𑄘𑄬 𑄝𑄧𑄝𑄧𑄁𑄊𑄬"
কার্পেট বিছানো বাড়ি,𑄇𑄢𑄴𑄜𑄬𑄖𑄴 𑄝𑄬𑄎𑄬𑄠𑄳𑄦𑄬 𑄊𑄧𑄢𑄴
তাদের বাড়ির মাঝখানে একটা মাদুর বিছানো আছে,𑄖𑄢𑄳𑄦 𑄊𑄧𑄢𑄧 𑄥𑄧𑄁𑄟𑄭𑄪𑄖𑄴𑄗𑄬 𑄃𑄨𑄇𑄴𑄊𑄮 𑄛𑄘𑄨 𑄝𑄬𑄎𑄬𑄠𑄳𑄦𑄬 𑄃𑄊𑄬𑅁
ইতিহাসের কথা,𑄝𑄨𑄎𑄧𑄉𑄧 𑄇𑄧𑄙
"দেশের জাতির সাক্ষী তুমি,আমি তোমাকে মনে রাখবো,জুম্মদের ইতিহাসে জনম জনমে তুমি বেঁচে থাকবে","𑄘𑄬𑄏𑄧𑄢𑄴 𑄎𑄘𑄧𑄢𑄴 𑄥𑄇𑄴𑄈𑄨 𑄖𑄪𑄠𑄴, 𑄟𑄧𑄚𑄧𑄖𑄴 𑄢𑄊𑄬𑄟𑄴 𑄟𑄪𑄠𑄴 𑄖𑄧𑄢𑄬, 𑄎𑄪𑄟𑄴𑄟𑄮𑄃𑄪𑄚𑄳𑄦𑄮 𑄝𑄨𑄎𑄧𑄉𑄧𑄖𑄴 𑄎𑄧𑄚𑄧𑄟𑄴 𑄎𑄧𑄚𑄧𑄟𑄴 𑄝𑄎𑄨 𑄗𑄬𑄝𑄬𑅁"
"১,ইচি,বিচি",𑄷. 𑄃𑄨𑄎𑄨 𑄝𑄨𑄎𑄨
শস্য বিচি,𑄥𑄧𑄌𑄴𑄎𑄳𑄦𑄮 𑄝𑄨𑄎𑄨
শেষ বরই বিচিটা গিললাম,𑄝𑄮𑄢𑄳𑄦𑄮𑄠𑄴 𑄝𑄨𑄎𑄨𑄞𑄮 𑄥𑄬𑄌𑄴 𑄉𑄨𑄣𑄴𑄣𑄮𑄁𑄉𑄮𑄠𑄴𑄙𑄬
জাম বিচি,𑄎𑄟𑄴𑄝𑄨𑄎𑄨
সিম বিচির ডাল,𑄥𑄪𑄟𑄨𑄝𑄨𑄎𑄨 𑄘𑄬𑄣𑄴
২ গামবিচি,𑄸. 𑄊𑄟𑄴𑄝𑄨𑄎𑄨
বিচি বিচি,𑄝𑄨𑄎𑄨 𑄝𑄨𑄎𑄨
বিচি বিচি করে সেগুলো কি ধরে পাই,𑄝𑄨𑄎𑄨 𑄝𑄨𑄎𑄨 𑄉𑄧𑄢𑄨𑄳 𑄦 𑄥𑄨𑄠𑄳𑄦𑄬𑄚𑄴 𑄇𑄨 𑄙𑄪𑄢𑄨 𑄛𑄳𑄦𑄁 𑄇𑄨𑄎𑄬𑄚𑄨
সাপগুলো বিজির সাথে যুদ্ধ করে জিতে না,𑄹. 𑄥𑄛𑄴𑄛𑄪𑄚𑄳𑄦𑄬 𑄝𑄨𑄎𑄨𑄣𑄮𑄠𑄴 𑄎𑄪𑄖𑄴𑄙𑄮 𑄝𑄎𑄬𑄣𑄳𑄦𑄬 𑄚𑄧 𑄎𑄨𑄚𑄮𑄚𑄴𑅁
হোঁচট খেয়ে পরা,𑄝𑄨𑄎𑄨𑄘𑄨 𑄎𑄚
পা হোঁচট খেলাম,𑄗𑄬𑄋𑄳𑄦𑄚𑄴 𑄝𑄨𑄎𑄨𑄖𑄴𑄗𑄬
পা টা হুট করে ব্যাথা হলো,𑄘𑄧𑄢𑄧𑄖𑄴 𑄉𑄧𑄢𑄳𑄦𑄨 𑄛𑄧𑄢𑄨𑄚𑄬𑄠𑄴 𑄦𑄖𑄴𑄖𑄚𑄴 𑄃𑄬𑄇𑄴𑄈𑄬 𑄝𑄨𑄎𑄨𑄖𑄴𑄗𑄬
বাঁশটা এমন হাত থেকে পড়ে যায়,"𑄝𑄌𑄴𑄍𑄮 𑄎𑄬 𑄝𑄨𑄎𑄮𑄣𑄴, 𑄦𑄘𑄧𑄖𑄴𑄖𑄪𑄚𑄴 𑄈𑄇𑄴𑄇𑄳𑄦𑄬 𑄝𑄨𑄎𑄨𑄘𑄨 𑄎𑄭𑅁"
বিচি করে পিটে কি ফোঁড়া উঠছে সেগুলো?,𑄝𑄨𑄎𑄨𑄝𑄨𑄎𑄨 𑄉𑄧𑄢𑄳𑄦𑄨 𑄇𑄨 𑄜𑄧𑄢 𑄃𑄪𑄘𑄨𑄣𑄳𑄦𑄇𑄴 𑄥𑄨𑄠𑄳𑄦𑄪𑄚𑄴 𑄛𑄨𑄖𑄴𑄖𑄚𑄳𑄦𑄧𑄖𑄴?
সে রাত হলে কি খুঁজতে যায়?আমরা অন্ধকারে খুঁজতে গেলাম,𑄖𑄬 𑄢𑄬𑄖𑄴 𑄦𑄧𑄣𑄬 𑄇𑄨 𑄝𑄨𑄎𑄨𑄢𑄠𑄮𑄠𑄴? 𑄃𑄟𑄳𑄦𑄨 𑄃𑄚𑄴𑄘𑄢𑄳𑄦𑄬 𑄝𑄚𑄴𑄘𑄢𑄳𑄦𑄬 𑄝𑄨𑄎𑄨𑄢𑄬 𑄝𑄨𑄎𑄨𑄢𑄬 𑄎𑄬𑄣𑄳𑄦𑄧𑄁
সে কি করে না করে একটু খোঁজ নিও,"𑄖𑄬 𑄇𑄨 𑄉𑄧𑄢𑄳𑄦𑄬, 𑄇𑄨 𑄚𑄧 𑄉𑄧𑄢𑄳𑄦𑄬 𑄃𑄬𑄇𑄴𑄇 𑄝𑄨𑄎𑄨𑄢𑄬 𑄌𑄳𑄦𑄬𑄌𑄴𑄌𑄮𑄠𑄴𑅁"
চোরা জিনিস/মাল,𑄝𑄨𑄎𑄨𑄢𑄳𑄦𑄬 𑄎𑄨𑄚𑄳𑄦𑄨𑄌𑄴/ 𑄟𑄣𑄴
সব চোরা কথা বলে দিলে তুমি,𑄝𑄬𑄇𑄴 𑄝𑄨𑄎𑄨𑄢𑄳𑄦𑄬𑄃𑄚𑄨 𑄜𑄧𑄉𑄧𑄘𑄁 𑄉𑄧𑄢𑄳𑄦𑄨 𑄘𑄨𑄣𑄳𑄦𑄬 𑄖𑄪𑄠𑄴𑅁
ইচিং বিচিং মুখ,𑄝𑄨𑄎𑄨𑄁 𑄝𑄎𑄁 𑄟𑄪
"এখনকার বাচ্চারা শয়তান হয়েছে, একটুও চুপ করে থাকেনা","𑄃𑄨𑄇𑄴𑄈𑄬 𑄉𑄪𑄢𑄮𑄃𑄳𑄦𑄪𑄚𑄴 𑄇𑄨 𑄝𑄚 𑄝𑄨𑄎𑄨𑄁 𑄝𑄎𑄁 𑄦𑄪𑄠𑄮𑄚𑄴𑄘𑄬, 𑄈𑄇𑄴𑄇𑄳𑄦𑄧𑄚𑄴 𑄃𑄧𑄣𑄧𑄢𑄴 𑄉𑄧𑄢𑄳𑄦𑄨 𑄚𑄧 𑄗𑄚𑄴𑅁"
পাখা হাওয়া দেয়া,𑄝𑄨𑄎𑄮𑄚𑄴 𑄝𑄨𑄎𑄚
আলাদা করে রাখা,𑄝𑄨𑄎𑄮𑄢𑄴 𑄗𑄧𑄚/ 𑄢𑄉𑄚𑄳𑄦
গুণ থাকা,𑄝𑄨𑄎𑄮𑄢𑄴 𑄎𑄪𑄃𑄮𑄚
"এগুলো এখন ব্যবহার করবো না,সামনে শীতকালের জন্য রাখবো","𑄃𑄨𑄠𑄬𑄚𑄳𑄦𑄨 𑄃𑄨𑄇𑄴𑄈𑄪 𑄚𑄧 𑄣𑄢𑄨𑄟𑄴, 𑄃𑄬𑄎𑄬𑄖𑄴𑄗𑄬 𑄎𑄢𑄴𑄇𑄣𑄴𑄣𑄳𑄦𑄮𑄖𑄴𑄖𑄭 𑄝𑄨𑄎𑄮𑄢𑄴 𑄗𑄧𑄁"
"সব মুরগিগুলো কাটলে,একটা দুইটা রাখতে হবে তো",𑄝𑄬𑄇𑄴 𑄇𑄪𑄢𑄳𑄦𑄮𑄃𑄪𑄚𑄴 𑄇𑄝𑄨𑄣𑄬 𑄘𑄨𑄞𑄬 𑄃𑄨𑄇𑄴𑄊𑄮 𑄝𑄨𑄎𑄮𑄢𑄴 𑄗𑄮 𑄛𑄧𑄢𑄨𑄝𑄮 𑄘𑄧
বীজ সংরক্ষণ করে  রাখতে হবে,𑄝𑄨𑄌𑄴𑄝𑄨𑄎𑄨𑄘𑄨 𑄝𑄨𑄎𑄮𑄢𑄴 𑄢𑄊 𑄛𑄧𑄢𑄨𑄝𑄮𑅁
বাঁশটা পানি পানি,𑄝𑄌𑄴𑄍𑄮 𑄎𑄬 𑄝𑄨𑄎𑄮𑄣𑄴
পানি পানি করে কি ধরা যায় কে জানে,𑄝𑄨𑄎𑄮𑄣𑄴 𑄝𑄨𑄎𑄮𑄣𑄴 𑄉𑄧𑄢𑄳𑄦𑄨 𑄇𑄨 𑄙𑄧𑄢𑄨 𑄛𑄳𑄦𑄁 𑄇𑄨𑄎𑄬𑄚𑄨
টক এগুলো খাওয়া বন্ধ করতে হবে ঔষুধ খেতে হলে,𑄈𑄧𑄢𑄧 𑄝𑄨𑄎𑄮𑄣𑄴 𑄟𑄪 𑄝𑄳𑄦 𑄛𑄧𑄢𑄨𑄝𑄮 𑄘𑄢𑄪 𑄈𑄬𑄝𑄢𑄴 𑄦𑄧𑄣𑄬
পথটা একদম শ্যাওলা হয়ে গেছে,𑄛𑄧𑄖𑄴𑄗𑄚𑄴 𑄃𑄧𑄟𑄧𑄉𑄧𑄘𑄧 𑄝𑄨𑄎𑄮𑄣𑄴 𑄦𑄪𑄠𑄳𑄦𑄬𑅁
শ্যাওলা সাপ,𑄝𑄨𑄎𑄮𑄣𑄴𑄣𑄳𑄦𑄮 𑄥𑄛𑄴𑅁
"ফুল বিঝু,মুর বিঝু,গোজসে পোজসে বিঝু","𑄜𑄪𑄣𑄴 𑄝𑄨𑄏𑄪, 𑄟𑄪𑄢𑄴 𑄝𑄨𑄏𑄪, 𑄉𑄮𑄌𑄴𑄌𑄬 𑄛𑄪𑄌𑄴𑄎𑄬 𑄙𑄨𑄚𑄴"
বিঝুফল,𑄝𑄨𑄏𑄪𑄉𑄪𑄣𑄮
"কাঁঠাল পাকুক,বিঝু আসুক","𑄇𑄖𑄴𑄗𑄮𑄣𑄴 𑄛𑄊𑄮𑄇𑄴, 𑄝𑄨𑄏𑄪 𑄃𑄬𑄏𑄮𑄇𑄴"
বিনি ধান,𑄷. 𑄝𑄨𑄚𑄨 𑄙𑄚𑄴
বিনি চাউল,𑄝𑄨𑄚𑄨 𑄌𑄮𑄣𑄴
বিনি ভাত,𑄝𑄨𑄚𑄨 𑄞𑄖𑄴
বিনি পিঠা,𑄝𑄨𑄚𑄨 𑄜𑄧𑄉𑄳𑄦
বিনি চালের পায়েস কে খাবে?কবা বিনি,𑄝𑄨𑄚𑄨 𑄞𑄖𑄴 𑄊𑄭𑄖𑄴𑄗𑄬 𑄇𑄧𑄚𑄴𑄚𑄳𑄦 𑄈𑄬𑄝𑄧? 𑄇𑄧𑄝 𑄝𑄨𑄚𑄨
"১,সন্তান প্রসবকারী মা",𑄸. 𑄝𑄨𑄚𑄨 𑄟𑄨𑄣𑄬
কোচি বাচ্চার মাকে সন্তান প্রসবকারী মা বলে,𑄇𑄧𑄏𑄨 𑄛𑄧𑄢𑄴𑄟 𑄟𑄨𑄣𑄬𑄢𑄳𑄦𑄬 𑄇𑄧𑄚𑄴𑄚𑄳𑄦𑄬 𑄝𑄨𑄚𑄨 𑄟𑄨𑄣𑄬𑅁
বেয়াই-বেয়াইন,𑄝𑄨𑄠𑄳𑄦𑄬𑄠𑄴 – 𑄝𑄨𑄚𑄳𑄦𑄨
বেয়াইনকে ডাকি,𑄝𑄨𑄚𑄳𑄦𑄨𑄝𑄮𑄢𑄬 𑄘𑄉𑄧𑄁𑄉𑄮𑄠𑄴𑅁
বিপদ-আপদ,𑄝𑄨𑄛𑄧𑄖𑄴 – 𑄃𑄛𑄧𑄖𑄴
বিপদে পড়লে সে কি করবে না করবে অবস্থা হয়,𑄝𑄨𑄛𑄧𑄘𑄧𑄖𑄴 𑄛𑄧𑄣𑄴𑄣𑄳𑄦𑄬 𑄖𑄳𑄦𑄬 𑄖𑄢𑄴 𑄇𑄨 𑄉𑄧𑄢𑄨𑄞𑄮 𑄇𑄨 𑄚𑄧 𑄉𑄧𑄢𑄨𑄞𑄮 𑄦𑄧𑄠𑄴𑄘𑄬𑅁
খসখসে,𑄝𑄨𑄢𑄴𑄝𑄨𑄌𑄴𑄌𑄬 – 𑄈𑄧𑄌𑄴𑄈𑄧𑄌𑄴𑄌𑄬
টাইলস লাগালে ফ্লোরটা খসখসে হয়,𑄖𑄭𑄣𑄴𑄥𑄴 𑄣𑄉𑄬𑄣𑄬 𑄜𑄴𑄣𑄮𑄢𑄳𑄦𑄚𑄴 𑄝𑄨𑄢𑄴𑄝𑄨𑄌𑄴𑄌𑄬 𑄦𑄧𑄠𑄴
ধরতে ধরতে বাঁশটা খসখসে হইসে,𑄙𑄧𑄖𑄴𑄖𑄬 𑄙𑄧𑄖𑄴𑄖𑄬 𑄝𑄌𑄴𑄍𑄮 𑄝𑄨𑄢𑄴𑄝𑄨𑄌𑄴𑄌𑄬 𑄦𑄪𑄠𑄳𑄦𑄬
"যে পরিষ্কার পথ,একটুও নড়াচড়া করা যায় না","𑄎𑄬 𑄝𑄨𑄢𑄴𑄝𑄨𑄌𑄴𑄌𑄬 𑄛𑄧𑄖𑄴, 𑄃𑄬𑄇𑄴𑄇𑄠𑄳𑄦𑄮 𑄏𑄉𑄢 𑄚𑄧 𑄎𑄭𑅁"
আমার পিঠে কি দৌড়াচ্ছে,𑄟𑄧 𑄛𑄨𑄖𑄴𑄖𑄚𑄳𑄦𑄧𑄖𑄴 𑄇𑄨 𑄝𑄨𑄢𑄴𑄝𑄨𑄢𑄢𑄴 𑄇𑄨𑄎𑄬𑄚𑄨
পোকাগুলো পুরো শরীরে ওঠানামা করে,𑄃𑄪𑄢𑄳𑄦𑄮𑄌𑄴𑄌𑄪𑄚𑄴 𑄉𑄧𑄘 𑄇𑄨𑄠𑄬 𑄌𑄧𑄊 𑄝𑄨𑄢𑄴𑄝𑄨𑄢𑄘𑄧𑄚𑄴𑄚𑄬𑅁
বৃহস্পতিবারে আমাদের এখানে এসো,𑄝𑄨𑄢𑄴𑄥𑄪𑄛𑄴𑄝𑄢𑄬 𑄃𑄟𑄳𑄦 𑄃𑄨𑄙𑄪 𑄝𑄬𑄢 𑄃𑄳𑄦𑄬𑄌𑄴𑅁
ব্রিজ গরু,𑄝𑄨𑄢𑄳𑄦𑄨𑄌𑄴 𑄉𑄧𑄢𑄪
বিল শুকালে বক মরে-ল্যাম্প,𑄝𑄨𑄣𑄴 𑄌𑄪𑄉𑄬𑄣𑄳𑄦𑄬 𑄝𑄧𑄉 𑄟𑄧𑄢𑄬 – 𑄌𑄬𑄢𑄇𑄴𑄈𑄮
আমাদের গ্রামের উত্তরে একটা খাল আছে,𑄃𑄟𑄳𑄦 𑄃𑄘𑄟𑄧 𑄃𑄪𑄖𑄴𑄖𑄮𑄢𑄬𑄚𑄴𑄙𑄨 𑄃𑄨𑄇𑄴𑄉𑄮 𑄝𑄧𑄢𑄴 𑄝𑄨𑄣𑄴 𑄃𑄊𑄬
"খালটা কচু জঙ্গলের ভিতরে,কে সে,দুইটা চোখ ছোট,লম্বা দুইটা পা,কত বড় ব্যাঙ","𑄝𑄨𑄣𑄴𑄣𑄮 𑄇𑄧𑄎𑄪 𑄏𑄢𑄧 𑄥𑄬𑄢𑄬, 𑄇𑄧𑄚𑄴𑄚𑄳𑄦 𑄥𑄨𑄝𑄳𑄦𑄬, 𑄘𑄨 𑄌𑄮𑄇𑄴 𑄌𑄨𑄝𑄬, 𑄣𑄟𑄴𑄝 𑄘𑄨𑄠𑄳𑄦𑄬𑄚𑄴 𑄗𑄬𑄁, 𑄇𑄧𑄟𑄴𑄞 𑄞𑄱 𑄝𑄬𑄁𑅁"
বিকাল বেলা,𑄝𑄨𑄣𑄴𑄣𑄬 𑄟𑄙𑄚𑄴
দুপুর,𑄝𑄨𑄣𑄴𑄣𑄬 𑄘𑄨𑄞𑄮𑄢𑄴
সকাল-বিকাল,𑄝𑄨𑄚𑄴𑄐𑄳𑄦𑄬 – 𑄝𑄨𑄣𑄴𑄣𑄬
"সকালে খেলে বিকালে নাই,টাকা রাখার জায়গা নাই","𑄝𑄨𑄚𑄴𑄐𑄳𑄦𑄬 𑄈𑄬𑄣𑄬 𑄝𑄨𑄣𑄴𑄣𑄬 𑄚𑄬𑄠𑄴, 𑄖𑄬𑄋 𑄗𑄧𑄝𑄢𑄴 𑄎𑄉 𑄚𑄬𑄠𑄴𑅁"
বিদেশি কুকুর,𑄝𑄨𑄣𑄬𑄖𑄨 𑄇𑄪𑄉𑄪𑄢𑄴
বিদেশি আলু,𑄝𑄨𑄣𑄬𑄖𑄨 𑄃𑄣𑄪
বিদেশি সিম,𑄝𑄨𑄣𑄬𑄖𑄨 𑄥𑄪𑄟𑄨
বৌদ্ধ বিহার,𑄝𑄪𑄖𑄴𑄙𑄮 𑄝𑄨𑄦𑄢𑄴
বেয়াই-বেয়াইন,𑄝𑄨𑄠𑄳𑄦𑄬𑄠𑄴 – 𑄝𑄨𑄚𑄳𑄦𑄨
আমরা বেয়াই বেয়াইন এর বাসায় বেড়াতে যাচ্ছি,𑄝𑄨𑄠𑄳𑄦𑄬𑄠𑄴 𑄝𑄨𑄚𑄳𑄦𑄨 𑄊𑄧𑄢𑄧𑄖𑄴 𑄝𑄬𑄢 𑄎𑄬𑄢𑄴 𑄃𑄟𑄳𑄦𑄨
"বেয়াই,আজকে আমাদের বাড়িতে থাকেন","𑄝𑄨𑄠𑄳𑄦𑄬𑄠𑄴, 𑄃𑄨𑄌𑄴𑄌𑄬 𑄃𑄟𑄳𑄦 𑄃𑄨𑄙𑄪 𑄗𑄇𑄴𑅁"
রৌদ্রময় দিনে একটি শিশু বর্ম পরে হাওয়ায় ভাসছে,𑄢𑄮𑄘𑄮 𑄘𑄨𑄚𑄮𑄖𑄴 𑄃𑄬𑄇𑄴𑄇𑄪 𑄉𑄪𑄢𑄮 𑄝𑄢𑄴𑄟𑄧 𑄛𑄨𑄚𑄨𑄚𑄬 𑄝𑄧𑄠𑄬𑄢𑄧𑄖𑄴 𑄞𑄎𑄬𑄢𑄴
সোনালী জার্সি পরিহিত ফুটবল খেলোয়াড় প্রতিপক্ষ দলের থেকে বলটি আটকাচ্ছেন,𑄥𑄮𑄚𑄣𑄨 𑄎𑄢𑄴𑄥𑄨 𑄛𑄨𑄚𑄴𑄚𑄬 𑄜𑄪𑄖𑄴𑄝𑄧𑄣𑄴 𑄦𑄬𑄣𑄬𑄠𑄬 𑄥𑄧𑄖𑄴𑄖𑄪𑄢𑄪 𑄏𑄇𑄧𑄖𑄴𑄖𑄪𑄚𑄴 𑄝𑄧𑄣𑄴𑄣𑄪 𑄝𑄏𑄢𑄴
দুটি ছোট বাচ্চা নীল দোলনায় বসে হাসছে।,𑄘𑄨𑄞𑄬 𑄣𑄨𑄖𑄴𑄖𑄨𑄋𑄴 𑄌𑄨𑄏𑄨 𑄚𑄨𑄣𑄴 𑄙𑄪𑄣𑄮𑄚𑄧𑄖𑄴 𑄙𑄪𑄣𑄧𑄙𑄧𑄚𑄴
মেয়েরা বেঞ্চে বসা,𑄟𑄨𑄣𑄬𑄉𑄪𑄚𑄴 𑄝𑄬𑄚𑄴𑄥𑄧𑄖𑄴 𑄝𑄪𑄏𑄴𑄥𑄨
একজন বাচ্চা মেয়ে একটি খাবারের বাক্স নিয়ে হেঁটে যাচ্ছে,𑄃𑄬𑄇𑄴𑄇𑄧 𑄌𑄨𑄉𑄮𑄚𑄴 𑄟𑄨𑄣𑄬 𑄃𑄬𑄇𑄴𑄇𑄪 𑄦𑄚𑄢𑄴 𑄛𑄖𑄴𑄖𑄮𑄃𑄨 𑄦𑄘𑄨 𑄡𑄢𑄴
ঘাসের উপর চারটি কুকুর দৌড়াচ্ছে,𑄇𑄬𑄢𑄧 𑄃𑄪𑄉𑄪𑄢𑄬 𑄌𑄬𑄢𑄴𑄞𑄪 𑄇𑄮𑄉𑄮𑄢𑄴 𑄘𑄮𑄟𑄪𑄢𑄘𑄧𑄚𑄴
একটি ছোট ছেলে কাদাইয় বসে কাদা দিয়ে ঢাকা পড়ে যায়।,𑄃𑄬𑄇𑄴𑄇𑄪 𑄌𑄨𑄉𑄮𑄚𑄴 𑄟𑄧𑄢𑄧𑄖𑄴 𑄛𑄬𑄣𑄮𑄖𑄴 𑄝𑄪𑄏𑄨𑄚𑄬 𑄌𑄬𑄉𑄴𑄌𑄬𑄉𑄨𑄣𑄮𑄃𑄨 𑄔𑄉 𑄛𑄪𑄢𑄨 𑄡𑄠𑄴
দুজন লোক হর্সশু খেলছে,𑄘𑄨𑄞𑄬 𑄟𑄚𑄪𑄌𑄴 𑄇𑄧𑄢𑄴𑄌𑄴𑄥𑄪 𑄈𑄬𑄣𑄧𑄘𑄧𑄚𑄴
এক লোক নিরাপত্তা পোশাক পরিধান করে স্কেটিং করছে,𑄃𑄬𑄇𑄴𑄇𑄪 𑄟𑄚𑄪𑄌𑄴 𑄚𑄨𑄢𑄛𑄖𑄴𑄖 𑄇𑄝𑄧𑄢𑄴 𑄛𑄨𑄚𑄨𑄚𑄬 𑄃𑄬𑄌𑄴𑄇𑄬𑄑𑄨𑄋𑄴 𑄉𑄧𑄢𑄬𑄢𑄴
"সাদা টুপি, ভারী জামা পরা একজন লোক একটি লাল ঘোমটা দেওয়া মহিলার পিছনে",𑄙𑄪𑄛𑄴 𑄑𑄪𑄇𑄴𑄇𑄬 𑄉𑄮𑄢𑄴 𑄥𑄪𑄣𑄪𑄟𑄴 𑄛𑄨𑄚𑄴𑄚𑄬 𑄃𑄬𑄇𑄴𑄇𑄪 𑄟𑄚𑄪𑄌𑄴 𑄃𑄬𑄇𑄴𑄇𑄚𑄴 𑄢𑄋 𑄊𑄮𑄟𑄴𑄑 𑄘𑄨 𑄟𑄨𑄣𑄬 𑄛𑄨𑄌𑄴𑄍𑄬
দুটি কুকুর বরফ ঢাকা মাঠে কুস্তি করছে।,𑄘𑄨𑄝𑄬 𑄇𑄪𑄉𑄪𑄢𑄴 𑄝𑄧𑄢𑄧𑄛𑄴 𑄔𑄇𑄴𑄇𑄨 𑄇𑄧𑄣𑄖𑄴 𑄝𑄣𑄨 𑄈𑄢 𑄈𑄬𑄣𑄘𑄧𑄚𑄴
একটি বালক ঝর্ণায় একটি সোডা ধাতুপাত্র ধরে আছে,𑄃𑄬𑄇𑄴𑄇𑄪 𑄉𑄪𑄢𑄮 𑄏𑄧𑄌𑄴𑄏𑄧𑄢𑄨𑄖𑄴 𑄃𑄬𑄇𑄴𑄇𑄪 𑄥𑄮𑄓 𑄙𑄖𑄪𑄉𑄨𑄣𑄬 𑄙𑄧𑄢𑄨 𑄃𑄉𑄬
একটি বিশাল কুকুর এর নাক চাটছে,𑄃𑄬𑄉𑄧𑄉𑄪 𑄝𑄨𑄢𑄬𑄖𑄴 𑄇𑄪𑄉𑄪𑄢𑄴 𑄖 𑄚𑄇𑄧𑄇𑄪 𑄣𑄬𑄦𑄢𑄴
একজন লোক বাইসাইকেলে চড়ে শূন্যে লাফ দিয়ে কসরত প্রদর্শন করছে,𑄃𑄬𑄇𑄴𑄇𑄪 𑄟𑄚𑄪𑄌𑄴 𑄝𑄃𑄨𑄥𑄃𑄨𑄇𑄬𑄣𑄧𑄖𑄴 𑄌𑄪𑄢𑄨𑄚𑄬 𑄃𑄪𑄎𑄧𑄚𑄴𑄚𑄬 𑄏𑄥𑄴 𑄘𑄨𑄚𑄬 𑄈𑄢 𑄘𑄬𑄉𑄢𑄴
সুন্দর পোশাক পরিহিত একজন মহিলা তার ক্যামেরা নিয়ে হাসিখুশিভাবে দাঁড়িয়ে আছে,𑄘𑄮𑄣𑄴 𑄇𑄝𑄧𑄢𑄴 𑄛𑄨𑄚𑄨𑄚𑄬 𑄃𑄬𑄇𑄴𑄇𑄪 𑄟𑄨𑄣𑄬 𑄖 𑄇𑄬𑄟𑄬𑄢 𑄃𑄚𑄴𑄚𑄮𑄃𑄨 𑄃𑄎𑄨 𑄃𑄎𑄨 𑄘𑄢𑄬 𑄃𑄉𑄬
মাথা নেড়ে একটি ব্রাউন কুকুর।,𑄟𑄙 𑄣𑄢𑄬 𑄃𑄬𑄇𑄴𑄇𑄪 𑄝𑄘𑄟𑄨 𑄇𑄪𑄉𑄪𑄢𑄴
বরফে ঢাকা বনের মধ্যে একদল লোক ভ্রমণ করছে,"𑄝𑄧𑄢𑄧𑄜𑄬 𑄓𑄇𑄴𑄇𑄨  𑄏𑄢𑄳𑄦𑄖𑄧 𑄃𑄬𑄇𑄧𑄎𑄇𑄧 𑄟𑄚𑄨𑄎𑄧 𑄝𑄬𑄢𑄘𑄳𑄦𑄚𑄧..,........."
এক লোক ছাতার ছায়ায় বেঞ্চে বসে আছে,𑄃𑄬𑄇𑄴𑄇𑄪 𑄟𑄚𑄪𑄌𑄴 𑄍𑄘𑄨 𑄍𑄝𑄖𑄴 𑄝𑄬𑄚𑄴𑄐𑄧𑄖𑄴 𑄝𑄪𑄏𑄨 𑄃𑄉𑄬
বল ধরার জন্য দুই লোক লাফাচ্ছে,𑄝𑄧𑄣𑄴𑄣𑄪 𑄙𑄧𑄢𑄨𑄝𑄖𑄴𑄖𑄬 𑄘𑄨𑄝𑄬 𑄟𑄚𑄪𑄌𑄴 𑄜𑄣𑄴𑄣𑄘𑄧𑄚𑄴
সোনালী চুলের ছেলেটি ছোট প্লেইন ধরে আছে,𑄥𑄮𑄚𑄣𑄨 𑄌𑄪𑄣𑄮 𑄟𑄧𑄢𑄧𑄖𑄴𑄖𑄪 𑄌𑄨𑄉𑄮𑄚𑄴 𑄝𑄨𑄟𑄚𑄴 𑄙𑄧𑄢𑄨 𑄃𑄉𑄬
একদল লোক সৈকতে দাঁড়িয়ে আছে,𑄃𑄬𑄇𑄴𑄏𑄇𑄴 𑄟𑄚𑄪𑄌𑄴 𑄥𑄮𑄃𑄨𑄇𑄧𑄖𑄧𑄖𑄴 𑄘𑄢𑄬 𑄃𑄉𑄧𑄚𑄴
"মেয়েটি এক চাকার গাড়ি চালাচ্ছে,তার পাশে আরেকজন মোটরসাইকেল চালাচ্ছে",𑄟𑄨𑄣𑄬𑄝𑄪  𑄃𑄬𑄇𑄴 𑄌𑄇𑄴𑄇𑄢𑄴 𑄉𑄢𑄨 𑄌𑄣𑄢𑄴 𑄖 𑄇𑄪𑄢𑄬 𑄃𑄢𑄬𑄇𑄴𑄎𑄚𑄬 𑄟𑄮𑄑𑄧𑄢𑄴𑄥𑄃𑄨𑄇𑄬𑄣𑄴 𑄌𑄣𑄢𑄴
গানের সিডির দোকানে এক মহিলা সিডি কিনছেন,𑄉𑄨𑄖𑄧 𑄥𑄨𑄓𑄨 𑄘𑄮𑄉𑄚𑄧𑄖𑄴 𑄃𑄬𑄇𑄴𑄇𑄪 𑄟𑄨𑄣𑄬 𑄥𑄨𑄓𑄨 𑄇𑄨𑄚𑄬𑄢𑄴
ধূসর জামা পরা এক লোক পাথর আরোহণ করছে,𑄥𑄬𑄃𑄨𑄃𑄮 𑄢𑄧𑄋𑄳𑄦𑄢𑄧 𑄥𑄨𑄣𑄪𑄟𑄧 𑄛𑄨𑄚𑄧𑄚𑄬 𑄃𑄨𑄉𑄧𑄉𑄪 𑄟𑄚𑄮𑄎𑄧 𑄛𑄖𑄧𑄗𑄧𑄢𑄧 𑄃𑄪𑄘𑄬𑄣𑄧𑄣𑄮𑄃𑄨.........
একলোক নীল নৌকার মধ্যে তীব্র স্রোত পার হচ্ছে,𑄃𑄬𑄇𑄴𑄇𑄪 𑄟𑄚𑄪𑄌𑄴 𑄚𑄨𑄣𑄴 𑄚𑄧𑄖𑄴 𑄉𑄪𑄢𑄨 𑄃𑄧𑄊𑄪𑄢𑄴 𑄉𑄧𑄋𑄢𑄴 𑄛𑄢𑄴 𑄃𑄧𑄢𑄴
একটি কুকুর মাঝপথে লাফিয়ে একটি পুলে।,𑄃𑄬𑄇𑄴𑄇𑄪 𑄇𑄪𑄉𑄪𑄢𑄴 𑅁𑅁𑅁𑅁𑅁
লাল এবং হলুদ রঙের পোশাক পরে আসা একটি ক্লাউন তার মুখে কিছু ধরে আছে,𑄢𑄋 𑄃𑄢𑄴 𑄦𑄧𑄣𑄮𑄖𑄴𑄘𑄨 𑄇𑄝𑄧𑄢𑄴 𑄛𑄨𑄚𑄨 𑄃𑄬𑄌𑄴𑄌𑄨 𑄃𑄬𑄇𑄴𑄇𑄪 𑄇𑄬𑄣𑄃𑄪𑄚𑄴 𑄖 𑄟𑄪𑄃𑄮𑄖𑄴 𑄇𑄨𑄌𑄴𑄌𑄪 𑄙𑄧𑄢𑄨 𑄃𑄉𑄬
একটি সাদা এবং বাদামী কুকুর খেলনা নিয়ে ময়লায় খেলছে।,𑄃𑄬𑄇𑄴𑄇𑄪 𑄥𑄘 𑄃𑄢𑄴 𑄝𑄘𑄟𑄨 𑄇𑄪𑄉𑄪𑄢𑄴 𑄈𑄬𑄣𑄴𑄚 𑄚𑄨𑄚𑄬 𑄇𑄎𑄧𑄢𑄧𑄖𑄴 𑄈𑄬𑄣𑄧𑄘𑄧𑄚𑄴
গোলাপি রঙের ফুলতোলা সবুজ জামা পরিহিত একজন স্বর্ণকেশী বালিকা,𑄉𑄮𑄣𑄛𑄨 𑄢𑄧𑄋𑄧𑄢𑄴 𑄜𑄪𑄣𑄴𑄖𑄪𑄣𑄴𑄣𑄨 𑄦𑄬𑄣𑄴 𑄥𑄪𑄣𑄪𑄟𑄴 𑄛𑄨𑄇𑄴𑄇𑄬 𑄃𑄬𑄇𑄴𑄇𑄪 𑄥𑄮𑄚𑄣𑄨 𑄢𑄧𑄋𑄧𑄢𑄴 𑄌𑄪𑄣𑄴𑄝𑄧𑄣 𑄟𑄨𑄣𑄬
এক লোক সাইকেল চালাচ্ছেন,𑄃𑄨𑄇𑄴𑄇𑄪 𑄟𑄚𑄪𑄌𑄴 𑄥𑄃𑄨𑄇𑄬𑄣𑄴 𑄥𑄣𑄢𑄴
একজন তরুণ প্রগতিপন্থী নারী রাস্তায় এবং তার পেছনে জাপানি পোশাক পড়া একজন মহিলা হেটে যায়,𑄃𑄬𑄇𑄴𑄇𑄪 𑄞𑄣𑄬𑄖𑄴𑄟𑄧𑄚 𑄟𑄨𑄣𑄬 𑄛𑄗𑄧𑄖𑄴 𑄃𑄢𑄴 𑄖 𑄎𑄬𑄢𑄬𑄚𑄴𑄘𑄨 𑄎𑄛𑄚𑄨 𑄇𑄝𑄧𑄢𑄴 𑄛𑄨𑄇𑄴𑄇𑄬 𑄃𑄬𑄇𑄴𑄇𑄪 𑄟𑄨𑄣𑄬 𑄃𑄘𑄨 𑄡𑄢𑄴
ইটের দেয়ালের সামনে এক ছেলে দাঁড়িয়ে আছে,𑄃𑄨𑄑𑄮 𑄝𑄬𑄢𑄧 𑄟𑄪𑄎𑄪𑄋𑄮𑄖𑄴 𑄃𑄬𑄇𑄴𑄇𑄪 𑄟𑄧𑄢𑄧𑄖𑄴 𑄘𑄢𑄬 𑄃𑄉𑄬
লাল হেলমেট পড়ে একটি শিশু বেগুনি রঙের ছোট সাইকেল চালায়,𑄢𑄋 𑄇𑄬𑄣𑄴𑄟𑄬𑄖𑄴 𑄛𑄨𑄚𑄨𑄚𑄬 𑄃𑄬𑄇𑄴𑄇𑄪 𑄌𑄨𑄉𑄮𑄚𑄴 𑄉𑄪𑄢𑄮 𑄝𑄬𑄉𑄪𑄚𑄨 𑄢𑄧𑄋𑄧𑄢𑄴 𑄌𑄨𑄉𑄮𑄚𑄴 𑄥𑄃𑄨𑄇𑄬𑄣𑄴 𑄌𑄣𑄠𑄴
একটি ছোট ছেলে রাস্তা দিয়ে দৌড়াচ্ছে।,𑄃𑄬𑄇𑄴𑄇𑄪 𑄌𑄨𑄉𑄮𑄚𑄴 𑄟𑄧𑄢𑄧𑄖𑄴 𑄛𑄗𑄴𑄚𑄴𑄘𑄨 𑄘𑄪𑄟𑄪𑄢𑄢𑄴
দুটি কুকুর একসাথে একটি লাল বস্তু ধরে আছে।,𑄘𑄨𑄝𑄬 𑄇𑄪𑄉𑄪𑄢𑄴 𑄥𑄧𑄟𑄢𑄬 𑄃𑄬𑄇𑄴𑄇𑄪 𑄢𑄋 𑄛𑄧𑄏 𑄙𑄧𑄢𑄨 𑄃𑄉𑄧𑄚𑄴
খেলার মাঠে একটি ছোট মেয়ে একটি পাথুরে দেওয়াল বেয়ে উঠছে,𑄈𑄢 𑄟𑄒𑄧𑄖𑄴 𑄃𑄬𑄇𑄴𑄇𑄪 𑄌𑄨𑄉𑄮𑄚𑄴 𑄟𑄨𑄣𑄬 𑄃𑄬𑄇𑄴𑄇𑄚𑄴 𑄥𑄨𑄣𑄮 𑄝𑄬𑄢𑄴 𑄝𑄬 𑄃𑄪𑄙𑄬𑄢𑄴
একটি কালো কুকুর একটি সবুজ ঘাসে ঢাকা মাঠে দৌড়াচ্ছে,𑄃𑄬𑄇𑄴𑄇𑄪 𑄇𑄣 𑄇𑄪𑄉𑄪𑄢𑄴 𑄦𑄬𑄣𑄴 𑄇𑄬𑄢𑄬 𑄓𑄇𑄴𑄇𑄨 𑄟𑄗𑄧𑄖𑄴 𑄘𑄪𑄟𑄪𑄢𑄘𑄧𑄚𑄴
দুটি শিশু আপেল খেতে খেতে একটি দেওয়ালে চড়ে,𑄘𑄨𑄝𑄬 𑄌𑄨𑄉𑄮𑄚𑄴 𑄉𑄪𑄢𑄮 𑄃𑄛𑄬𑄣𑄴 𑄇𑄬 𑄇𑄬 𑄃𑄬𑄇𑄴𑄇𑄚𑄴 𑄝𑄬𑄢𑄧𑄖𑄴 𑄃𑄪𑄙𑄧𑄘𑄧𑄚𑄴
একটি মেয়ে রশি বেয়ে উঠছে,𑄃𑄬𑄇𑄴𑄇𑄪 𑄟𑄨𑄣𑄬 𑄘𑄢𑄨 𑄝𑄬𑄚𑄬 𑄃𑄪𑄙𑄬𑄢𑄴
পুরুষ ও মহিলার মাঝখানে একটা কুকুর বসে আছে,𑄟𑄧𑄢𑄧𑄖𑄴 𑄃𑄢𑄴𑄝𑄪 𑄥𑄬𑄢𑄬 𑄃𑄬𑄇𑄴𑄇𑄪 𑄇𑄪𑄉𑄪𑄢𑄴 𑄝𑄪𑄏𑄨 𑄃𑄉𑄬
ছোট্ট বাচ্চাটি নীল গগলস পড়ে আছে।,𑄌𑄨𑄉𑄮𑄚𑄴 𑄉𑄪𑄢𑄮𑄝𑄪 𑄚𑄨𑄣𑄴 𑄉𑄧𑄉𑄧𑄣𑄴𑄥𑄴 𑄉𑄨𑄚𑄨 𑄃𑄉𑄬
পানির পাশের পথে দুটি কুকুর নিজেকে শুকিয়ে নিচ্ছে,𑄛𑄚𑄨 𑄇𑄪𑄢𑄬 𑄘𑄨𑄞𑄬 𑄇𑄪𑄉𑄪𑄢𑄴 𑄚𑄨𑄎𑄧𑄢𑄬 𑄌𑄪𑄉𑄬 𑄣𑄧𑄘𑄧𑄚𑄴
বালকটি বাইরে দাঁড়িয়ে হাত নাড়াচ্ছে,𑄟𑄧𑄢𑄧𑄖𑄴 𑄥𑄧𑄝𑄪 𑄝𑄢𑄬𑄂 𑄘𑄢𑄬𑄚𑄬 𑄦𑄖𑄴 𑄣𑄢𑄢𑄴
একটি অন্ধকার ঘরে কালো পোশাক পরা পাঁচ জন যুবকের একটি দল,𑄃𑄬𑄇𑄴𑄇𑄚𑄴 𑄃𑄚𑄴𑄙𑄢𑄴 𑄊𑄧𑄢𑄧𑄖𑄴 𑄇𑄣 𑄇𑄝𑄧𑄢𑄴 𑄛𑄨𑄚𑄴𑄚𑄬 𑄛𑄌𑄴𑄌𑄪 𑄉𑄞𑄪𑄢𑄴 𑄟𑄚𑄪𑄌𑄮𑄢𑄴 𑄃𑄬𑄇𑄴𑄇𑄪 𑄏𑄇𑄴
দুটি শিশু কাদামাটির মধ্যে খেলছে,𑄘𑄨𑄝𑄬 𑄉𑄪𑄢𑄮 𑄌𑄬𑄇𑄴𑄌𑄬𑄉𑄨 𑄥𑄬𑄢𑄬 𑄈𑄬𑄣𑄧𑄘𑄧𑄚𑄴
কৃষকরা চারা রোপণ করছেন,𑄌𑄏𑄝𑄧𑄣𑄃𑄪𑄚𑄬 𑄎𑄣 𑄣𑄉𑄘𑄧𑄚𑄴
ছোট্ট দুটি সাদা কুকুর বাইরে বরফে খেলছে।,𑄌𑄨𑄉𑄮𑄚𑄴 𑄘𑄨𑄝𑄬 𑄙𑄪𑄛𑄴 𑄇𑄪𑄉𑄪𑄢𑄴 𑄝𑄢𑄬𑄂 𑄝𑄧𑄢𑄧𑄜𑄧𑄖𑄴 𑄈𑄬𑄣𑄘𑄧𑄚𑄴
একটি সাদা ও তামাটে কুকুর লম্বা সবুজ ঘাসের মধ্য দিয়ে দৌড়ায়,𑄃𑄬𑄇𑄴𑄇𑄪 𑄙𑄪𑄛𑄴 𑄃𑄢𑄴 𑄖𑄟𑄑𑄬 𑄇𑄪𑄉𑄪𑄢𑄴 𑄃𑄧𑄎𑄧𑄣𑄴 𑄇𑄬𑄢𑄧 𑄥𑄬𑄢𑄬 𑄘𑄪𑄟𑄪𑄢𑄚𑄴
দুটি কুকুর লাল বল দিয়ে খেলছে,𑄘𑄨𑄝𑄬 𑄇𑄪𑄉𑄪𑄢𑄴 𑄢𑄋 𑄝𑄣𑄴𑄣𑄮𑄃𑄨 𑄈𑄬𑄣𑄧𑄘𑄧𑄚𑄴
এক লোক তার সার্ফবোর্ড থেকে পরে যাচ্ছে,𑄃𑄬𑄇𑄴𑄇𑄪 𑄟𑄚𑄪𑄌𑄴 𑄖 𑄥𑄢𑄴𑄜𑄴𑄝𑄮𑄢𑄴𑄔𑄚𑄧𑄖𑄴𑄖𑄪𑄚𑄴 𑄏𑄪𑄢𑄨 𑄛𑄧𑄢𑄬𑄢𑄴
ছোটো খরগোশটি ঘাসের উপর বিশ্রাম করছে,𑄌𑄨𑄉𑄮𑄚𑄴 𑄈𑄢𑄴𑄉𑄮𑄌𑄴𑄌𑄪 𑄇𑄬𑄢𑄧 𑄃𑄪𑄉𑄪𑄢𑄬 𑄎𑄨𑄢𑄢𑄴
কমলা রঙের জামা ও চশমা পড়ে এক মহিলা লাফাচ্ছে,𑄇𑄧𑄟𑄧𑄣 𑄢𑄧𑄋𑄧𑄢𑄴 𑄥𑄪𑄣𑄪𑄟𑄴 𑄃𑄢𑄴 𑄌𑄌𑄴𑄟 𑄛𑄨𑄚𑄨𑄚𑄬 𑄃𑄬𑄇𑄴𑄇𑄪 𑄟𑄨𑄣𑄬 𑄜𑄣𑄴𑄣𑄢𑄴
একটি কালো কুকুরের মুখে একটি ডাম্বেল রয়েছে।,𑄃𑄬𑄇𑄴𑄇𑄪 𑄇𑄣 𑄇𑄪𑄉𑄪𑄢𑄮 𑄟𑄪𑄃𑄮𑄖𑄴 𑄃𑄬𑄇𑄴𑄇𑄪 𑄓𑄟𑄴𑄝𑄬𑄣𑄴 𑄃𑄉𑄬
রঙে আকা একজন নগ্ন মহিলা,𑄢𑄧𑄋𑄴𑄤𑄴 𑄃𑄉𑄨𑄠𑄬 𑄃𑄬𑄇𑄴𑄇𑄪 𑄣𑄁𑄙 𑄟𑄨𑄣𑄬
একজন ফুটবল খেলোয়াড় বল নিয়ে দৌড়াচ্ছে,𑄃𑄬𑄇𑄴𑄇𑄪 𑄜𑄪𑄖𑄴𑄝𑄧𑄣𑄴 𑄈𑄬𑄣𑄬𑄠𑄬 𑄝𑄧𑄣𑄴 𑄣𑄧𑄚𑄬 𑄘𑄪𑄟𑄪𑄢𑄢𑄴
লোকজন একটি পুরুষের জিন্স প্যান্টের চেইন খোলার পোস্টারের পাশ দিয়ে হেঁটে যাচ্ছে,𑄟𑄚𑄴𑄏𑄬 𑄃𑄬𑄇𑄴𑄇𑄪 𑄟𑄧𑄢𑄧𑄖𑄧𑄢𑄴 𑄎𑄨𑄚𑄴𑄥𑄧 𑄛𑄬𑄁𑄚𑄧𑄢𑄴 𑄌𑄬𑄚𑄴 𑄈𑄪𑄣𑄮𑄢𑄴 𑄛𑄮𑄌𑄴𑄑𑄢𑄧 𑄇𑄪𑄢𑄬 𑄦𑄘𑄨 𑄡𑄘𑄧𑄚𑄴
একলোক সার্ফবোর্ড এ করে ঢেউ এর উপর আছে,𑄃𑄬𑄇𑄴𑄇𑄪 𑄟𑄚𑄪𑄌𑄴 𑄥𑄢𑄴𑄜𑄝𑄮𑄢𑄴𑄓𑄮𑄖𑄴 𑄖𑄪𑄝𑄮𑄣𑄮 𑄃𑄪𑄉𑄪𑄢𑄬 𑄃𑄉𑄬
লোকজন আসবাবপত্র দ্বিতীয় তলায় তুলছে রশি ব্যবহার করে,𑄟𑄚𑄴𑄏𑄬 𑄛𑄧𑄏𑄙𑄨𑄢𑄬 𑄘𑄨𑄖𑄣𑄖𑄴 𑄖𑄪𑄣𑄧𑄘𑄧𑄚𑄴 𑄘𑄢𑄨𑄣𑄴𑄣𑄮𑄃𑄨
তিনজন সাইকেল চালক একটি বক্ররেখায় বাক নেয়,𑄖𑄨𑄚𑄴𑄎𑄧𑄚𑄴 𑄥𑄃𑄨𑄇𑄬𑄣𑄴 𑄌𑄣𑄨𑄠𑄬 𑄃𑄬𑄇𑄴𑄇𑄚𑄴 𑄝𑄬𑄋𑄘𑄉𑄧𑄖𑄴 𑄝𑄇𑄴 𑄣𑄧𑄚𑄴
লাল শার্ট পরিহিত একজন মহিলা তার হাত উপর করে রেখছে এবং সাদাকালো কুকুর তা দেখে লাফাচ্ছে,𑄢𑄋 𑄥𑄪𑄣𑄪𑄟𑄴 𑄛𑄨𑄇𑄴𑄇𑄬 𑄃𑄬𑄇𑄴𑄇𑄪 𑄟𑄨𑄣𑄬 𑄖 𑄦𑄖𑄴𑄖𑄚𑄴 𑄃𑄪𑄉𑄪𑄢𑄬 𑄢𑄊𑄬𑄠𑄨 𑄃 𑄢𑄋𑄇𑄣 𑄇𑄪𑄉𑄪𑄢𑄴𑄝𑄪 𑄥𑄨𑄠𑄁𑄚𑄴 𑄌𑄬𑄁𑄌𑄃𑄨 𑄜𑄣𑄴𑄣𑄢𑄘
একটি কনসার্টে একদল লোক গাচ্ছে আর নাচছে,𑄃𑄬𑄇𑄴𑄇𑄚𑄴 𑄇𑄧𑄚𑄴𑄥𑄢𑄴𑄑𑄧𑄖𑄴 𑄃𑄬𑄇𑄴𑄘𑄊𑄨 𑄟𑄚𑄪𑄌𑄴 𑄉𑄨𑄖𑄴 𑄉𑄘𑄧𑄚𑄴 𑄃 𑄚𑄎𑄧𑄘𑄧𑄚𑄴
শহরের সরু রাস্তায় বাচ্চারা ফুটবল খেলছে,𑄥𑄦𑄧𑄢𑄧 𑄌𑄨𑄉𑄮𑄚𑄴 𑄛𑄧𑄖𑄴𑄦𑄧𑄖𑄴𑅁𑅁𑅁𑅁𑅁𑅁𑅁
একটি বিশাল বাদামী কুকুর বালু খুড়ছে,𑄃𑄬𑄇𑄴𑄇𑄪 𑄝𑄨𑄢𑄬𑄖𑄴 𑄝𑄘𑄟𑄨 𑄇𑄪𑄉𑄪𑄢𑄴 𑄇𑄢𑄮𑄣𑄨 𑄈𑄪𑄢𑄬𑄢𑄴
হাতে একটি বস্তু নিয়ে ছেলেটি পেছন ফিরে তাকিয়ে আছে,𑄦𑄖𑄧𑄖𑄴 𑄃𑄬𑄇𑄴𑄇𑄚𑄴 𑄛𑄧𑄏 𑄣𑄮𑄚𑄬 𑄛𑄨𑄌𑄴𑄍𑄬 𑄜𑄨𑄢𑄬 𑄌𑄬 𑄃𑄉𑄬
একজন লোক রেস্তোঁরায় টেবিলে একটি শিশুকে ধরে আছে ।,𑄃𑄬𑄇𑄴𑄇𑄪 𑄟𑄚𑄪𑄌𑄴 𑄢𑄬𑄥𑄴𑄖𑄮𑄢𑄢𑄴 𑄑𑄬𑄝𑄨𑄣𑄧𑄖𑄴 𑄃𑄬𑄇𑄴𑄇𑄪 𑄌𑄨𑄉𑄮𑄚𑄴 𑄉𑄪𑄢𑄮 𑄙𑄧𑄢𑄨 𑄃𑄉𑄬
শহরের রাস্তায় বাইক চালিয়ে যাচ্ছে শীতের কোট পরিহিতা এক মহিলা।,𑄥𑄧𑄦𑄧𑄢𑄧 𑄛𑄖𑄧𑄦𑄧𑄖𑄴 𑄝𑄃𑄨𑄇𑄴 𑄌𑄣𑄬 𑄡𑄢𑄴 𑄎𑄢𑄴𑄇𑄣𑄴𑄣𑄬 𑄇𑄮𑄖𑄴 𑄉𑄨𑄚𑄴𑄚𑄬 𑄃𑄬𑄇𑄴𑄇𑄪 𑄟𑄨𑄣𑄬
ছোট গলির মধ্যে দিয়ে হেটে যাওয়া একলোক বামে তাকাচ্ছেন,𑄌𑄨𑄉𑄮𑄚𑄴 𑄙𑄪𑄢𑄮 𑄥𑄬𑄢𑄬 𑄦𑄘𑄨 𑄡𑄖𑄴𑄖𑄬 𑄃𑄬𑄇𑄴𑄇𑄪 𑄟𑄚𑄪𑄌𑄴 𑄝𑄋𑄬𑄚𑄴𑄘𑄨 𑄌𑄢𑄴
দুজন যুবক কুস্তি প্রতিযগিতা করছে,𑄘𑄨𑄝𑄬 𑄉𑄙𑄪𑄢𑄴 𑄟𑄧𑄢𑄧𑄖𑄴 𑄝𑄣𑄨 𑄈𑄢 𑄈𑄬𑄣𑄧𑄘𑄧𑄚𑄴
এক দম্পতি একটি স্থাপনার সামনে দাঁড়িয়ে,𑄘𑄨𑄚𑄬𑄇𑄴𑄟𑄮𑄉𑄬 𑄃𑄬𑄇𑄴𑄇𑄚𑄴 𑄃𑄬𑄌𑄴𑄗𑄛𑄧𑄚 𑄟𑄪𑄎𑄪𑄋𑄮𑄖𑄴 𑄘𑄢𑄬 𑄃𑄉𑄧𑄚𑄴
কিছুলোক সকার খেলছে,𑄉𑄪𑄣𑄮𑄘𑄧𑄇𑄴 𑄟𑄚𑄪𑄌𑄴 𑄥𑄧𑄇𑄢𑄴 𑄈𑄬𑄣𑄧𑄘𑄧𑄚𑄴
একটি লাল ব্যবসায়ের স্যুট পরে থাকা এক মহিলা চামড়ার জ্যাকেটের একটি পুরুষের সাথে খাবার ভাগ করে নেওয়ার জন্য বসে আছেন,𑄃𑄬𑄇𑄴𑄇𑄪 𑄢𑄋 𑄝𑄬𑄠𑄢𑄧 𑄥𑄪𑄣𑄪𑄟𑄴 𑄛𑄨𑄚𑄴𑄚𑄬 𑄃𑄬𑄇𑄴𑄇𑄪 𑄟𑄨𑄣𑄬 𑄌𑄟𑄧 𑄎𑄳𑄠𑄇𑄬𑄖𑄴 𑄛𑄨𑄚𑄴𑄚𑄬 𑄃𑄬𑄇𑄴𑄇𑄪 𑄟𑄧𑄢𑄧𑄖𑄴𑄤𑄴 𑄈𑄚 𑄝𑄇𑄴 𑄉𑄧𑄢𑄨𑄝𑄖𑄴𑄖𑄬 𑄝𑄮𑄃𑄨 𑄃𑄉𑄬
একটি সাদা কুকুর বেড়ার ফাঁক দিয়ে একটি ভেড়া কে শুকছে,𑄃𑄬𑄇𑄴𑄇𑄪 𑄙𑄪𑄛𑄴 𑄇𑄪𑄉𑄪𑄢𑄴 𑄊𑄨𑄢𑄬 𑄥𑄬𑄢𑄬𑄚𑄴𑄘𑄨 𑄃𑄬𑄇𑄴𑄇𑄪 𑄞𑄬𑄢 𑄍𑄉𑄧𑄣𑄧𑄢𑄬 𑄌𑄪𑄟𑄬𑄢𑄴
একটি বড় মেয়ে এবং একটি ছোট মেয়ে খড়সুতে খালি পায়ে খেলছে,𑄃𑄬𑄇𑄴𑄇𑄪 𑄘𑄋𑄧𑄢𑄴 𑄟𑄨𑄣𑄬 𑄃𑄢𑄴 𑄃𑄬𑄇𑄴𑄇𑄪 𑄌𑄨𑄉𑄮𑄚𑄴 𑄟𑄨𑄣𑄬 𑄝𑄨𑄣𑄧𑄖𑄴 𑄈𑄣𑄳𑄠।।।।
কিছু লোক একটি সভায় বসে আছেন,𑄉𑄪𑄣𑄮𑄘𑄧𑄇𑄴 𑄟𑄚𑄪𑄌𑄴 𑄃𑄬𑄇𑄴𑄇𑄚𑄴 𑄖𑄬𑄟𑄴𑄟𑄁𑄃𑄧𑄖𑄴 𑄝𑄪𑄏𑄨 𑄃𑄉𑄧𑄚𑄴
বেগুনি রঙের স্কার্ট পড়ে ছোট্ট মেয়েটি ঘাসের উপর ঘূর্ণি দিচ্ছে,𑄝𑄬𑄉𑄪𑄚𑄨 𑄢𑄧𑄋𑄧𑄢𑄴 𑄃𑄬𑄌𑄴𑄇𑄢𑄴𑄖𑄴 𑄛𑄨𑄚𑄨𑄚𑄬 𑄌𑄨𑄉𑄮𑄚𑄴 𑄟𑄨𑄣𑄬𑄝𑄪 𑄇𑄬𑄢𑄧 𑄃𑄪𑄉𑄪𑄢𑄬 𑄊𑄪𑄢𑄬𑄢𑄴
ছদ্মবেশে এক লোক,𑄞𑄬𑄌𑄴 𑄘𑄪𑄌𑄴𑄍𑄨 𑄃𑄬𑄇𑄴𑄇𑄪 𑄟𑄚𑄪𑄌𑄴
"একটি ছোট্ট দুটি ছোটো কুকুর ,একটি ধুসর সাদা লেজের বড় কুকুরের সাথে একটি মাঠে খেলছে",𑄘𑄨𑄝𑄬 𑄌𑄨𑄉𑄮𑄚𑄴 𑄇𑄪𑄉𑄪𑄢𑄴 𑄃𑄬𑄇𑄴𑄇𑄪 𑄙𑄪𑄥𑄧𑄢𑄴 𑄙𑄪𑄛𑄴 𑄣𑄬𑄌𑄴𑄝𑄧𑄣 𑄘𑄋𑄧𑄢𑄴 𑄇𑄪𑄉𑄪𑄢𑄴𑄃𑄮 𑄣𑄧𑄉𑄬 𑄃𑄬𑄇𑄴𑄇𑄪 𑄇𑄣𑄖𑄴 𑄈𑄬𑄣𑄧𑄘𑄧𑄚𑄴
একটি কুকুর মুখে একটি লাঠি নিয়ে জলের মধ্য দিয়ে হাঁটছে,𑄃𑄬𑄇𑄴𑄇𑄪 𑄇𑄪𑄉𑄪𑄢𑄴 𑄟𑄪𑄃𑄮𑄖𑄴 𑄃𑄬𑄇𑄴𑄇𑄪 𑄝𑄢𑄨 𑄣𑄮𑄚𑄬 𑄛𑄚𑄨 𑄥𑄬𑄢𑄬 𑄦𑄘𑄬𑄢𑄴
একটি ব্যক্তি একটি দড়ি ব্যবহার করে একটি পাথুরে তীরে একটি পাহাড়ের দেয়ালে আরোহণ করছে।,𑄃𑄬𑄇𑄴𑄇𑄪 𑄟𑄚𑄪𑄌𑄴 𑄃𑄬𑄇𑄴𑄇𑄚𑄴 𑄇𑄏𑄨 𑄣𑄮𑄚𑄬 𑄃𑄬𑄇𑄴𑄇𑄚𑄴 𑄥𑄨𑄣𑄮 𑄝𑄬𑄢𑄴 𑄃𑄪𑄙𑄬𑄢𑄴
কয়েকটি গ্রেহাউন্ড কুকুর নির্দিষ্ট রাস্তায় দৌড় প্রতিযগিতা করছে,𑄉𑄪𑄣𑄮𑄘𑄧𑄇𑄴 𑄉𑄳𑄢𑄬𑄇𑄃𑄪𑄚𑄴𑄖𑄴 𑄇𑄪𑄉𑄪𑄢𑄬 𑄙𑄝 𑄘𑄬𑄘𑄨 𑄉𑄧𑄢𑄧𑄘𑄧𑄚𑄴
একটি সোনালী চুলের শিশু একটি জাল বেয়ে উঠছে,𑄃𑄬𑄇𑄴𑄇𑄪 𑄥𑄮𑄚𑄣𑄨 𑄌𑄪𑄣𑄮𑄢𑄴 𑄉𑄪𑄢𑄮 𑄃𑄬𑄇𑄴𑄇𑄚𑄴 𑄎𑄣𑄴 𑄝𑄬𑄚𑄬 𑄃𑄪𑄙𑄬𑄢𑄴
অন্ধকারে এক লোক স্কেটবোর্ড চালাচ্ছে,𑄃𑄚𑄴𑄙𑄢𑄧𑄖𑄴 𑄃𑄬𑄇𑄴𑄇𑄪 𑄟𑄚𑄪𑄌𑄴 𑄃𑄬𑄌𑄴𑄇𑄬𑄖𑄴𑄝𑄮𑄢𑄴𑄖𑄴 𑄌𑄣𑄢𑄴
এক ব্যক্তি কুকুরটিকে পুলের মধ্যদিয়ে জিগজ্যাগ করা শিখাচ্ছে।,𑄃𑄬𑄇𑄴𑄇𑄪 𑄟𑄚𑄪𑄌𑄴 𑄇𑄪𑄉𑄪𑄢𑄴𑄝𑄪𑄢𑄬 𑄛𑄪𑄣𑄮 𑄥𑄬𑄢𑄬𑄚𑄴𑄘𑄨 𑄎𑄨𑄇𑄴𑄎𑄳𑄠𑄇𑄴 𑄉𑄧𑄢𑄚 𑄥𑄬𑄉𑄢𑄴
একটি মেয়ে একটি বেড়ার অথবা মইয়ের উপর দিয়ে লাফ দিচ্ছে,𑄃𑄬𑄇𑄴𑄇𑄪 𑄟𑄨𑄣𑄬 𑄃𑄬𑄇𑄴𑄇𑄚𑄴 𑄊𑄨𑄢𑄬 𑄚𑄳𑄦𑄧𑄣𑄬 𑄥𑄋𑄮 𑄃𑄪𑄉𑄪𑄢𑄬𑄖𑄴𑄖𑄪𑄚𑄴 𑄜𑄣𑄴 𑄘𑄬𑄢𑄴
একজন লোক বেঞ্চে বসে তার কুকুরটিকে ধরে পানির দিকে তাকিয়ে আছে।,𑄃𑄬𑄇𑄴𑄇𑄪 𑄟𑄚𑄪𑄌𑄴 𑄝𑄬𑄚𑄴𑄌𑄧𑄖𑄴 𑄝𑄏𑄨𑄚𑄬 𑄖 𑄇𑄪𑄉𑄪𑄢𑄴𑄝𑄪𑄢𑄬 𑄙𑄧𑄢𑄨𑄚𑄬 𑄛𑄚𑄨𑄚𑄴𑄘𑄨 𑄢𑄨𑄚𑄨 𑄌𑄬 𑄃𑄉𑄬
স্কেটবোর্ডার একটি স্কেটার পার্কে পাইপের প্রাচীরটি বেয়ে চলে,𑄃𑄬𑄌𑄴𑄇𑄬𑄖𑄴𑄝𑄮𑄢𑄴𑄓𑄢𑄴𑄝𑄪 𑄃𑄬𑄇𑄴𑄇𑄚𑄴 𑄃𑄬𑄌𑄴𑄇𑄬𑄖𑄢𑄴 𑄛𑄢𑄴𑄇𑄧𑄖𑄴 𑄛𑄃𑄨𑄛𑄮 𑄝𑄬𑄢𑄴 𑄝𑄢𑄴
এক লোক পাথর বেয়ে উঠা এক মেয়ের ছবি তুলছে,𑄃𑄬𑄇𑄴𑄇𑄪 𑄟𑄚𑄪𑄌𑄴 𑄥𑄨𑄣𑄴 𑄝𑄬 𑄃𑄪𑄙𑄬𑄖𑄴𑄖𑄬 𑄃𑄬𑄇𑄴𑄇𑄪 𑄟𑄨𑄣𑄬𑄢𑄴 𑄃𑄢𑄪𑄇𑄴 𑄖𑄪𑄣𑄬𑄢𑄴
একজন পিতা রাস্তায় তার শিশুকে খাইয়ে দিচ্ছেন,𑄃𑄬𑄇𑄴𑄇𑄪 𑄝𑄛𑄴 𑄖 𑄉𑄪𑄢𑄮𑄝𑄪𑄢𑄬 𑄛𑄧𑄘𑄧𑄖𑄴 𑄈𑄝𑄬 𑄘𑄬𑄢𑄴
লোকটি ব্যান্ডে গিটার বাজায়।,𑄟𑄚𑄪𑄌𑄴𑄌𑄪 𑄝𑄳𑄠𑄚𑄴𑄓𑄧𑄖𑄴 𑄉𑄨𑄑𑄢𑄴 𑄝𑄎𑄠𑄴
একটি কুকুর হাড় চিবুচ্ছে,𑄃𑄬𑄇𑄴𑄇𑄪 𑄇𑄪𑄉𑄪𑄢𑄴 𑄦𑄢𑄴 𑄌𑄝𑄢𑄴
একটি কুকুর হলুদ বলের পরে তাড়া করে।,𑄃𑄬𑄇𑄴𑄇𑄪 𑄇𑄪𑄉𑄪𑄢𑄴 𑄦𑄧𑄣𑄮𑄖𑄴 𑄝𑄧𑄣𑄴 𑄣𑄧𑄢𑄢𑄴
একটি ছোট ছেলে সাগরের পাশে কংক্রিটের দেয়ালে বসে আছে।,𑄃𑄬𑄇𑄴𑄇𑄪 𑄌𑄨𑄉𑄮𑄚𑄴 𑄟𑄢𑄧𑄖𑄴 𑄇𑄧𑄁𑄇𑄳𑄢𑄨𑄑𑄮 𑄝𑄬𑄢𑄧𑄖𑄴 𑄝𑄧𑄏𑄨 𑄦𑄣𑄬
এক সার্ফার উঁচু একটি ঢেউ পাথুরে সৌকত ছাড়িয়ে নিয়ে যায়,𑄃𑄬𑄇𑄴𑄇𑄪 𑄥𑄢𑄴𑄜𑄢𑄴 𑄃𑄨𑄎𑄧𑄣𑄴 𑄃𑄬𑄇𑄴𑄇𑄚𑄴 𑄖𑄪𑄝𑄮𑄣𑄴 𑄃𑄌𑄴𑄌𑄨𑄢𑄳𑄦𑄨 𑄘𑄧𑄎𑄳𑄠 𑄛𑄢𑄴 𑄃𑄨𑄢𑄨 𑄚𑄬𑄎𑄢𑄴
গাছপালার আড়ালে থাকা কুকুর ক্যামেরায় তাকানোর চেষ্টা করছে।,𑄉𑄌𑄧 𑄃𑄚𑄴𑄘𑄧𑄣𑄬 𑄗𑄚 𑄇𑄪𑄉𑄪𑄢𑄴𑄝𑄪 𑄇𑄳𑄠𑄟𑄬𑄝𑄖𑄴 𑄢𑄨𑄚𑄨 𑄌𑄬𑄝𑄢𑄴 𑄎𑄧𑄊 𑄌𑄢𑄴
একটি লোক একটি বড় পাথরের উপরে একটি স্কেটবোর্ড  নিয়ে উঠছে,𑄃𑄬𑄇𑄴𑄇𑄪 𑄟𑄚𑄪𑄌𑄴 𑄃𑄬𑄇𑄴𑄇𑄪 𑄘𑄋𑄧𑄢𑄴 𑄥𑄨𑄣𑄮 𑄃𑄪𑄉𑄪𑄢𑄬 𑄃𑄬𑄇𑄴𑄇𑄚𑄴 𑄃𑄬𑄌𑄴𑄇𑄬𑄖𑄴𑄝𑄮𑄢𑄴𑄤𑄴 𑄃𑄪𑄙𑄬𑄢𑄴
একটি স্লেজ নিয়ে দুটি শিশু বরফে খেলছে,𑄃𑄬𑄇𑄴𑄇𑄚𑄴 𑄥𑄬𑄣𑄬𑄌𑄴𑄤𑄴 𑄘𑄨𑄝𑄬 𑄉𑄪𑄢𑄮 𑄝𑄧𑄢𑄧𑄛𑄧𑄖𑄴 𑄈𑄬𑄣𑄧𑄘𑄧𑄚𑄴
মাথায় টুপি পরে দুই লোক একসাথে পোজ দিচ্ছে,𑄥𑄨𑄢𑄬𑄖𑄴 𑄑𑄪𑄇𑄴𑄇𑄨 𑄛𑄨𑄚𑄨𑄚𑄬 𑄘𑄨𑄝𑄬 𑄟𑄚𑄪𑄌𑄴 𑄥𑄧𑄟𑄢𑄬 𑄛𑄮𑄌𑄴 𑄘𑄬𑄘𑄧𑄚𑄴
একজন দু:খী অশ্রুসজল মহিলার মেকআপ তার মুখ থেকে স্রোতের মতো বেয়ে পড়ছে,𑄃𑄬𑄇𑄴𑄇𑄪 𑄝𑄬𑄎𑄢𑄴 𑄛𑄚𑄳𑄠 𑄛𑄚𑄳𑄠 𑄟𑄨𑄣𑄬𑄢𑄴 b
টুপি পরা বাইরে বরফে এক যুবতী।,𑄑𑄪𑄇𑄴𑄇𑄨 𑄛𑄨𑄚𑄴𑄚𑄬 𑄝𑄢𑄬𑄂 𑄃𑄬𑄇𑄴𑄇𑄪 𑄛𑄝𑄪𑄢𑄨
কয়েকটি বাদামী কুকুর মাঠে একটি টেনিস বল নিয়ে খেলছে,𑄉𑄪𑄣𑄮𑄘𑄧𑄇𑄴 𑄝𑄘𑄟𑄨 𑄇𑄪𑄉𑄪𑄢𑄴 𑄇𑄧𑄣𑄖𑄴 𑄃𑄬𑄇𑄴𑄇𑄪 𑄑𑄬𑄚𑄨𑄌𑄴 𑄝𑄣𑄴𑄤𑄴 𑄈𑄬𑄣𑄧𑄘𑄧𑄚𑄴
সজ্জিত দেয়ালের কাছে দাঁড়িয়ে এক মহিলা লিখেছেন,𑄥𑄏𑄬𑄠𑄬 𑄝𑄬𑄢𑄧 𑄇𑄪𑄢𑄬 𑄘𑄢𑄬𑄚𑄬 𑄃𑄬𑄇𑄴𑄇𑄪 𑄟𑄨𑄣𑄬 𑄣𑄬𑄊𑄬𑄢𑄴
হুইলচেয়ারে বসে থাকা একজন নারী পার্কের মধ্যে একটি ছোট বালকের পেছন পেছন যাচ্ছে,𑄇𑄪𑄃𑄨𑄣𑄴𑄌𑄬𑄠𑄢𑄧𑄖𑄴 𑄝𑄏𑄨 𑄗𑄨𑄠𑄬 𑄃𑄬𑄇𑄴𑄇𑄪 𑄟𑄨𑄣𑄬 𑄃𑄬𑄇𑄴𑄇𑄪 𑄌𑄨𑄉𑄮𑄚𑄴 𑄟𑄧𑄢𑄧𑄖𑄧 𑄛𑄨𑄌𑄴𑄍𑄬 𑄛𑄨𑄌𑄴𑄍𑄬 𑄎𑄢𑄴
"একজন এশিয়ান পুরু, মহিলা, শিশু ফুটপাতেে দাড়িয়ে আছে","𑄃𑄬𑄇𑄴𑄇𑄪 𑄃𑄬𑄥𑄨𑄠𑄚𑄴 𑄟𑄧𑄢𑄧𑄖𑄴,𑄟𑄨𑄣𑄬,𑄉𑄪𑄢𑄮 𑄜𑄪𑄖𑄴𑄛𑄖𑄧𑄖𑄴 𑄘𑄢𑄬 𑄦𑄉𑄧𑄚𑄴"
রঙ্গীন চুলের দুই যুবতী কালো টিশার্ট পরা দুই বালকের সাথে কথা বলছে,𑄢𑄋𑄇𑄣 𑄌𑄪𑄣𑄴𑄝𑄧𑄣 𑄘𑄨𑄞𑄬 𑄉𑄙𑄪𑄢𑄴 𑄟𑄨𑄣𑄬 𑄇𑄣 𑄑𑄨𑄥𑄢𑄴𑄖𑄴 𑄛𑄨𑄚𑄴𑄚𑄬 𑄘𑄨𑄝𑄬 𑄟𑄧𑄢𑄧𑄖𑄴 𑄥𑄧𑄣𑄮𑄃𑄨 𑄇𑄧𑄙 𑄇𑄢𑄴
এক ছেলে বুদবুদ উড়াচ্ছে,𑄃𑄬𑄇𑄴𑄇𑄪 𑄟𑄧𑄢𑄧𑄖𑄴 𑄜𑄬𑄚 𑄃𑄪𑄢𑄢𑄴
একটি ছোট ছেলে নীল শার্ট পরে হাঁটছে,𑄃𑄬𑄇𑄴𑄇𑄪 𑄌𑄨𑄉𑄮𑄚𑄴 𑄟𑄧𑄢𑄧𑄖𑄴 𑄚𑄨𑄣𑄴 𑄥𑄢𑄴𑄖𑄴 𑄛𑄨𑄚𑄨𑄚𑄬 𑄦𑄘𑄬𑄢𑄴
একটি কালো কুকুর ঝরনা ঝরনা ঘেরা কাঁচা ঝর্ণা বেয়ে চলছে।,𑄃𑄬𑄇𑄴𑄇𑄪 𑄇𑄣 𑄇𑄪𑄉𑄪𑄢𑄴 𑅁𑅁
এক যুবক একটি স্কেটবোর্ডের উপর বাতাসে লাফিয়ে উঠল।,𑄃𑄬𑄇𑄴𑄇𑄪 𑄉𑄙𑄪𑄢𑄴 𑄟𑄧𑄢𑄧𑄖𑄴 𑄃𑄬𑄇𑄴𑄇𑄚𑄴 𑄃𑄬𑄌𑄴𑄇𑄬𑄖𑄴𑄝𑄮𑄢𑄴𑄖𑄴𑄃𑄮 𑄃𑄪𑄉𑄪𑄢𑄬𑄖𑄴𑄖𑄪𑄚𑄴 𑄦𑄝𑄖𑄴 𑄜𑄣𑄴 𑄘𑄨 𑄃𑄪𑄙𑄨𑄣𑄪
একটি জুটি ছবি তুলতে পোজ দিয়েছে,𑄃𑄬𑄇𑄴𑄇𑄪 𑄎𑄮𑄢 𑄍𑄧𑄝𑄨 𑄃𑄪𑄙𑄨𑄝𑄖𑄴𑄖𑄬 𑄛𑄮𑄌𑄴 𑄘𑄪𑄚𑄴
একটি স্নোবোর্ডার বিশাল লাফ দিয়ে উড়ে যায়।,𑄃𑄬𑄇𑄴𑄇𑄪 𑄥𑄮𑄚𑄮𑄝𑄮𑄢𑄴𑄓𑄢𑄴 𑄝𑄨𑄢𑄬𑄖𑄴 𑄜𑄣𑄴 𑄘𑄨𑄚𑄬 𑄃𑄪𑄢𑄨 𑄡𑄢𑄴
কমলা ইউ মিয়ামির গেঞ্জি পরে একজন টেনিস খেলছে,𑄇𑄧𑄟𑄧𑄣 𑄃𑄨𑄃𑄪 𑄟𑄨𑄠𑄟𑄨𑄢𑄴 𑄥𑄪𑄣𑄪𑄟𑄴 𑄛𑄨𑄚𑄨𑄚𑄬 𑄃𑄬𑄇𑄴𑄇𑄪 𑄟𑄚𑄪𑄌𑄴 𑄑𑄬𑄚𑄨𑄌𑄴 𑄈𑄬𑄣𑄬𑄢𑄴
একজন লোক কালো জামা পরে একটি থলে নিয়ে হেঁটে যাচ্ছে,𑄃𑄬𑄇𑄴𑄇𑄪 𑄟𑄚𑄪𑄌𑄴 𑄇𑄣 𑄥𑄪𑄣𑄪𑄟𑄴 𑄛𑄨𑄚𑄨𑄚𑄬 𑄦𑄘𑄨 𑄡𑄢𑄴
জামা পরিহিত দুজন লোক দুটি নীল দরজার সামনে সাঁতার কাটার ভান করছেন,𑄥𑄪𑄣𑄪𑄟𑄴 𑄛𑄨𑄚𑄴𑄚𑄬 𑄘𑄨𑄞𑄬 𑄟𑄚𑄪𑄌𑄴 𑄘𑄨𑄠𑄣𑄴 𑄚𑄨𑄣𑄴 𑄘𑄮𑄢𑄮 𑄟𑄪𑄎𑄪𑄋𑄮𑄖𑄴 𑄥𑄎𑄪𑄢𑄚𑄢𑄴 𑄞𑄚𑄴 𑄉𑄧𑄢𑄬𑄢𑄴
একজন লোক একটি বিশাল পাথুরে স্থাপনার সামনে দুই হাত প্রসারিত করে দাঁড়িয়ে আছে,𑄃𑄬𑄇𑄴𑄇𑄪 𑄟𑄚𑄪𑄌𑄴 𑄃𑄬𑄇𑄴𑄇𑄚𑄴 𑄝𑄨𑄢𑄬𑄖𑄴 𑄃𑄌𑄴𑄌𑄨𑄢𑄳𑄦𑄨 𑄃𑄬𑄌𑄴𑄗𑄛𑄧𑄚 𑄟𑄪𑄎𑄪𑄋𑄮𑄖𑄴 𑄘𑄨𑄠𑄚𑄴 𑄦𑄖𑄴 𑄝𑄝𑄬𑄚𑄬 𑄘𑄢𑄬 𑄃𑄉𑄬
কালো ও সাদা ডোরাকাটা শার্ট পড়া ব্যক্তি লাল স্কেটবোর্ড নিয়ে তারকা সম্বলিত ফুটপাতে হাটছে।,𑄇𑄣 𑄃𑄢𑄴 𑄙𑄪𑄛𑄴 𑄘𑄢𑄨𑄘𑄢𑄨 𑄥𑄢𑄴𑄖𑄴 𑄛𑄨𑄚𑄴𑄚𑄬 𑄟𑄚𑄪𑄌𑄴
এক মহিলা ঘাসের উপর বসে দুটি বাচ্চা ধরে আছেন।,𑄃𑄬𑄇𑄴𑄇𑄪 𑄟𑄨𑄣𑄬 𑄇𑄬𑄢𑄧 𑄃𑄪𑄉𑄪𑄢𑄬 𑄝𑄧𑄏𑄨𑄚𑄬 𑄘𑄨𑄞𑄬 𑄉𑄪𑄢𑄮 𑄙𑄧𑄢𑄨 𑄃𑄉𑄬
বিশাল একদল ফুটবল খেলোয়াড় লাল জার্সিতে আছে,𑄖𑄋𑄧𑄢𑄴 𑄃𑄬𑄇𑄴𑄏𑄇𑄴 𑄜𑄪𑄖𑄴𑄝𑄧𑄣𑄴 𑄈𑄬𑄣𑄬𑄠𑄬 𑄢𑄋 𑄎𑄢𑄴𑄥𑄨 𑄛𑄨𑄚𑄨𑄚𑄬 𑄃𑄉𑄧𑄚𑄴
একদল লোক গিটার বাজছে এবং গান করছে।,𑄃𑄬𑄇𑄴𑄏𑄇𑄴 𑄟𑄚𑄪𑄌𑄴 𑄉𑄨𑄑𑄢𑄴 𑄝𑄎𑄘𑄧𑄚𑄴 𑄃𑄢𑄴 𑄉𑄨𑄖𑄴 𑄉𑄘𑄧𑄚𑄴
একটি কুকুর শরীরের পানি ঝাড়ছে,𑄃𑄬𑄇𑄴𑄇𑄪 𑄇𑄪𑄉𑄪𑄢𑄴 𑄇𑄨𑄠𑄬 𑄛𑄚𑄨 𑄏𑄢𑄬𑄢𑄴
একটি টেবিলের উপর বসে থাকা একটি হাসিখুশি যুবতীর মাথায় একটি ঝর্ণা বাটি,𑄃𑄬𑄇𑄴𑄇𑄚𑄴 𑄑𑄬𑄝𑄨𑄣𑄮 𑄃𑄪𑄉𑄪𑄢𑄬 𑄝𑄪𑄏𑄨 𑄃𑄉𑄬𑄘𑄬 𑄃𑄬𑄇𑄴𑄇𑄪 𑄦𑄎𑄨𑄢𑄪𑄎𑄨 𑄉𑄙𑄪𑄢𑄴 𑄟𑄨𑄣𑄬𑄢𑄴 𑄘𑄨𑄢𑄬𑄖𑄴 𑄃𑄬𑄇𑄴𑄇𑄪
দুই বাচ্চা পানিতে সাঁতার কাটছে,𑄘𑄨𑄝𑄬 𑄉𑄪𑄢𑄮 𑄛𑄚𑄨𑄖𑄴 𑄥𑄏𑄪𑄢𑄧𑄘𑄧𑄚𑄴
পতাকাযুক্ত কালো রঙের দুটি মহিলা একটি পুরানো ধরণের গাড়ির সামনে দাঁড়িয়ে আছেন।,𑄝𑄉𑄧𑄘𑄝𑄧𑄣 𑄇𑄣 𑄢𑄧𑄋𑄧𑄢𑄴 𑄘𑄨𑄞𑄬 𑄟𑄨𑄣𑄬 𑄃𑄬𑄇𑄴𑄇𑄚𑄴 𑄛𑄪𑄢𑄮𑄚𑄨 𑄙𑄧𑄇𑄴𑄇𑄨 𑄉𑄢𑄨 𑄟𑄪𑄎𑄪𑄋𑄮𑄖𑄴 𑄘𑄢𑄬 𑄃𑄉𑄧𑄚𑄴
মুখে ফ্রিসবি ধরার জন্য সাদা ও কালো ছোপযুক্ত কুকুরটি মাঠের চারপাশে দৌড়াচ্ছে,𑄟𑄪𑄠𑄮𑄖𑄴 𑄜𑄳𑄢𑄨𑄌𑄴𑄝𑄨 𑄙𑄧𑄢𑄨𑄝𑄖𑄴𑄖𑄬 𑄙𑄪𑄛𑄴 𑄃𑄢𑄴 𑄇𑄣 𑄜𑄧𑄘𑄜𑄧𑄖𑄳𑄠 𑄇𑄪𑄉𑄪𑄢𑄴𑄝𑄪 𑄟𑄘𑄧 𑄌𑄬𑄢𑄮𑄇𑄨𑄖𑄳𑄠 𑄘𑄪𑄟𑄪𑄢𑄢𑄴
একটি লাল পোষাক এবং মিটেনস পরিহিত একটি মেয়ে হাসছে।,𑄃𑄬𑄇𑄴𑄇𑄪 𑄢𑄋 𑄥𑄪𑄣𑄪𑄟𑄴 𑄃𑄢𑄴 𑄟𑄨𑄖𑄴𑄚𑄬𑄌𑄴 𑄛𑄨𑄚𑄴𑄚𑄬 𑄃𑄬𑄇𑄴𑄇𑄪 𑄟𑄨𑄣𑄬 𑄦𑄎𑄬𑄢𑄴
কয়েকটি শিশু একটি অসমান জায়গার কুস্তি খেলছে,𑄇𑄠𑄬𑄇𑄴𑄇𑄪 𑄌𑄨𑄉𑄮𑄚𑄴 𑄉𑄪𑄢𑄮 𑄃𑄬𑄇𑄴𑄇𑄚𑄴 𑄜𑄪𑄣𑄳𑄠 𑄖𑄬𑄟𑄬𑄣𑄇𑄴 𑄎𑄉𑄖𑄴 𑄝𑄧𑄚𑄨 𑄈𑄢 𑄈𑄬𑄣𑄧𑄘𑄧𑄚𑄴
একটি বিড়াল এবং একটি কুকুর একসাথে খেলছে,𑄃𑄬𑄇𑄴𑄇𑄪 𑄝𑄬𑄣𑄬𑄃𑄨 𑄃𑄢𑄴 𑄃𑄬𑄇𑄴𑄇𑄪 𑄇𑄪𑄉𑄪𑄢𑄴 𑄥𑄧𑄟𑄢𑄬 𑄈𑄬𑄣𑄧𑄘𑄧𑄚𑄴
একটি তামাটে রঙের কুকুর ঝরা পাতার মধ্যে দিয়ে দৌড়ে যাচ্ছে,𑄃𑄬𑄇𑄴𑄇𑄪 𑄖𑄟𑄖𑄬 𑄢𑄧𑄋𑄧𑄢𑄴 𑄇𑄪𑄉𑄪𑄢𑄴 𑄏𑄧𑄢𑄨 𑄛𑄪𑄌𑄴𑄌𑄨 𑄛𑄘 𑄥𑄬𑄢𑄬 𑄘𑄪𑄟𑄪𑄢𑄢𑄴
পানীয়ের জন্য একটি টেবিলের চারপাশে তিন জন জড়ো হন।,𑄛𑄚𑄩𑄠𑄧𑄖𑄴𑄖𑄬 𑄃𑄬𑄇𑄴𑄇𑄚𑄴 𑄑𑄬𑄝𑄨𑄣𑄮 𑄌𑄬𑄢𑄮𑄇𑄨𑄖𑄳𑄠 𑄖𑄨𑄚𑄴 𑄎𑄚𑄴 𑄗𑄪𑄝𑄮 𑄗𑄪𑄝𑄮 𑄤𑄪𑄚𑄴
একটি শিশু সৈকতে দৌড়াচ্ছে,𑄃𑄬𑄇𑄴𑄇𑄪 𑄉𑄪𑄢𑄮 𑄥𑄮𑄃𑄨𑄇𑄧𑄖𑄧𑄖𑄴 𑄘𑄪𑄟𑄪𑄢𑄢𑄴
একলোক হ্রদে নৌকা চালাচ্ছে,𑄃𑄬𑄇𑄴𑄇𑄪 𑄟𑄚𑄪𑄌𑄴 𑄙𑄬𑄝𑄖𑄴 𑄚𑄧 𑄌𑄣𑄢𑄴
দুটি ধূসর কুকুর মারামারি করছে।,𑄘𑄨𑄞𑄬 𑄙𑄫𑄥𑄧𑄢𑄴 𑄇𑄪𑄉𑄪𑄢𑄴 𑄟𑄢𑄟𑄢𑄨 𑄉𑄧𑄢𑄧𑄘𑄧𑄚𑄴
রাতের বেলা পোতাশ্রয়ে একটি জাহাজ অবস্থান করছে এবং দূরে শহর আর আকাশ দেখা যাচ্ছে,𑄢𑄬𑄘𑄮𑄖𑄴 𑄛𑄮𑄖𑄥𑄳𑄢𑄠𑄧𑄖𑄴 𑄃𑄬𑄇𑄴𑄇𑄚𑄴 𑄎𑄦𑄌𑄴 𑄃𑄉𑄬 𑄃𑄢𑄴 𑄘𑄪𑄢𑄮𑄖𑄴 𑄥𑄦𑄧𑄢𑄧𑄖𑄴 𑄃𑄊𑄌𑄴𑄌𑄚𑄴 𑄘𑄬𑄊 𑄡𑄢𑄴
একটা অল্পবয়সী ছেলে জাম্পিংঘর থেকে লাফ দিচ্ছে,𑄃𑄬𑄇𑄴𑄇𑄪 𑄇𑄟𑄴 𑄝𑄧𑄠𑄧𑄌𑄴𑄌𑄨 𑄟𑄧𑄢𑄧𑄖𑄴 𑄎𑄟𑄴𑄛𑄨𑄁𑄊𑄧𑄢𑄧𑄖𑄴𑄖𑄪𑄚𑄴 𑄜𑄣𑄴 𑄘𑄬𑄢𑄴
তামাটে রঙের কোঁকড়ানো লোম বিশিষ্ট একটি কুকুর মুখের মধ্যে একটি লাঠি নিয়ে তুষারের উপর লাফাচ্ছে,𑄖𑄟𑄑𑄬 𑄢𑄧𑄋𑄧𑄢𑄴 𑄇𑄋𑄪𑄢𑄪𑄇𑄴 𑄇𑄬𑄌𑄴𑄝𑄧𑄣 𑄃𑄬𑄇𑄴𑄇𑄪 𑄇𑄪𑄉𑄪𑄢𑄴 𑄟𑄪𑄠𑄮𑄖𑄴 𑄃𑄬𑄇𑄴𑄇𑄪 𑄝𑄢𑄨𑄣𑄴𑄣𑄮𑄃𑄨 𑄝𑄧𑄢𑄧𑄛𑄧 𑄃𑄪𑄉𑄪𑄢𑄬 𑄜𑄣𑄴𑄣𑄢𑄴
বাচ্চারা একটি পার্ক জঙ্গলে জিম খেলছে।,𑄉𑄪𑄢𑄮𑄃𑄪𑄚𑄨 𑄃𑄬𑄇𑄴𑄇𑄚𑄴 𑄛𑄢𑄴𑄇𑄧𑄖𑄴 𑄎𑄋𑄴𑄉𑄧𑄣𑄴 𑄎𑄨𑄟𑄴 𑄈𑄬𑄕𑄧𑄘𑄧𑄣𑄴
ডোরাকাটা শার্ট পড়া লোকটি পর্বত আরোহণ করছে,𑄘𑄢𑄨𑄘𑄢𑄨 𑄥𑄪𑄣𑄪𑄟𑄴 𑄛𑄨𑄚𑄴𑄚𑄬 𑄃𑄬𑄇𑄴𑄇𑄪 𑄟𑄚𑄪𑄌𑄴 𑄟𑄪𑄢𑄮 𑄃𑄪𑄙𑄬𑄢𑄴
একপাল কুকুর একটি পুকুরের ধারে মাঠে দৌড়াচ্ছে,𑄃𑄬𑄇𑄴𑄏𑄇𑄴 𑄇𑄪𑄉𑄪𑄢𑄴 𑄃𑄬𑄇𑄴𑄇𑄪 𑄛𑄮𑄂𑄢𑄮 𑄛𑄢𑄧𑄖𑄴 𑄘𑄪𑄟𑄪𑄢𑄢𑄴
একজন স্নোবোর্ডার একটি  চালার উপর দিয়ে লাফ দেয়,𑄃𑄬𑄇𑄴𑄇𑄪 𑄥𑄮𑄚𑄮𑄝𑄮𑄢𑄴𑄔𑄢𑄴 𑄃𑄬𑄇𑄴𑄇𑄚𑄴 𑄌𑄣 𑄃𑄪𑄉𑄪𑄢𑄬𑄖𑄴𑄖𑄪𑄚𑄴 𑄜𑄣𑄴𑄣𑄃𑄨
একটি কুকুর ময়লার  ট্র্যাকে দৌড়াচ্ছে,𑄃𑄬𑄇𑄴𑄇𑄪 𑄇𑄪𑄉𑄪𑄢𑄴 𑄇𑄎𑄧𑄢𑄴 𑄑𑄳𑄢𑄳𑄠𑄇𑄧𑄖𑄴 𑄘𑄪𑄟𑄪𑄢𑄢𑄴
একজন মহিলা কমলা রঙের লেপ দিয়ে মোড়ানো একটি শিশুকে ধরে আছে,𑄃𑄬𑄇𑄴𑄇𑄪 𑄟𑄨𑄣𑄬 𑄇𑄧𑄟𑄧𑄣 𑄢𑄧𑄋𑄧𑄢𑄴 𑄢𑄮𑄎𑄬𑄃𑄨𑄣𑄮𑄃𑄨 𑄓𑄇𑄴𑄇𑄨 𑄃𑄬𑄇𑄴𑄇𑄪 𑄉𑄪𑄢𑄮𑄢𑄬 𑄙𑄧𑄢𑄨 𑄃𑄉𑄬
একজন মহিলা ক্যামেরা নিয়ে তার ডান দিকে তাকিয়ে আছে,𑄃𑄬𑄇𑄴𑄇𑄪 𑄟𑄨𑄣𑄬 𑄇𑄳𑄠𑄟𑄬𑄢 𑄣𑄮𑄚𑄬 𑄖 𑄓𑄬𑄚𑄴 𑄇𑄨𑄖𑄳𑄠 𑄢𑄨𑄚𑄨 𑄌𑄬 𑄃𑄉𑄬
একজন মা বাচ্চাকে খাওয়ানোর চেষ্টা করতেছে,𑄃𑄬𑄇𑄴𑄇𑄪 𑄟 𑄖 𑄉𑄪𑄢𑄮𑄝𑄪𑄢𑄬 𑄈𑄝𑄬𑄝𑄢𑄴 𑄎𑄊 𑄌𑄢𑄴
লাল রঙের শিকল পরিহিত দুইটি বাদামি কুকুর লড়াই করছে,𑄢𑄋 𑄢𑄧𑄋𑄧𑄢𑄴 𑄥𑄨𑄋𑄮𑄣𑄴 𑄛𑄨𑄚𑄴𑄚𑄬 𑄘𑄨𑄞𑄬 𑄝𑄘𑄟𑄨 𑄇𑄪𑄉𑄪𑄢𑄴 𑄣𑄢𑄳𑄦𑄬𑄠𑄴 𑄉𑄧𑄢𑄧𑄘𑄧𑄚𑄴
টেবিলে ভয়ঙ্কর মুখোশ পরা এক ব্যাক্তি বসে আছে।,𑄑𑄬𑄝𑄨𑄣𑄮𑄖𑄴 𑄘𑄧𑄢𑄴 𑄉𑄧𑄢𑄬 𑄛 𑄟𑄪𑄈𑄮𑄌𑄴 𑄛𑄨𑄚𑄴𑄚𑄬 𑄃𑄬𑄇𑄴𑄇𑄪 𑄟𑄚𑄪𑄌𑄴 𑄝𑄧𑄏𑄨 𑄃𑄉𑄬
লাল দাড়িওয়ালা ব্যক্তি লাল শানাই বাজাচ্ছে ।,𑄢𑄋 𑄘𑄢𑄨𑄝𑄧𑄣 𑄃𑄬𑄇𑄴𑄇𑄪 𑄟𑄚𑄪𑄌𑄴 𑄢𑄋 𑄥𑄚𑄃𑄨 𑄝𑄎𑄢𑄴
ছেলেটি একটি গাছের আড়ালে লুকিয়ে আছে,𑄟𑄧𑄢𑄧𑄖𑄴𑄖𑄪 𑄃𑄬𑄇𑄴𑄇𑄪 𑄉𑄌𑄧 𑄃𑄚𑄴𑄘𑄧𑄣𑄬 𑄣𑄪𑄉𑄬 𑄃𑄉𑄬
নীল জ্যাকেট পরা শিশুটি হাসছে,𑄥𑄮𑄌𑄴 𑄎𑄳𑄠𑄇𑄬𑄖𑄴 𑄛𑄨𑄚𑄴𑄚𑄬 𑄉𑄪𑄢𑄮𑄝𑄪 𑄦𑄎𑄬𑄢𑄴
একটি তুষারগোল্ক ধরতে কুকুরটি লাফ দেয়।,𑄃𑄬𑄇𑄴𑄇𑄪 𑄝𑄧𑄢𑄧𑄛𑄧 𑄝𑄧𑄣𑄴 𑄙𑄧𑄢𑄨𑄝𑄖𑄴𑄖𑄬 𑄇𑄪𑄉𑄪𑄢𑄴𑄝𑄪 𑄜𑄣𑄴 𑄟𑄢𑄬
একটি টেবিলে চারপাশে বসে তিন জন লোকের সামনে একজন লোক দাঁড়িয়ে আছে,𑄃𑄬𑄇𑄴𑄇𑄚𑄴 𑄑𑄬𑄝𑄨𑄣𑄮 𑄌𑄬𑄢𑄮𑄇𑄨𑄖𑄳𑄠 𑄝𑄧𑄏𑄨 𑄗𑄨𑄠𑄬.....
লোকেরা দেখছেন যে নীল গাড়িটি ব্রিজের উপরে ঝুলছে যেটি নদীতে পড়ছে,𑄟𑄚𑄪𑄌𑄴𑄃𑄪𑄚𑄨 𑄘𑄬𑄊𑄧𑄘𑄧𑄚𑄴 𑄡𑄬 𑄥𑄮𑄌𑄴 𑄉𑄢𑄨𑄠𑄚𑄴 𑄝𑄳𑄢𑄨𑄎𑄮 𑄃𑄪𑄉𑄪𑄢𑄬 𑄙𑄪𑄚𑄬𑄢𑄴 𑄥𑄨𑄠𑄁𑄚𑄴 𑄍𑄢𑄖𑄴 𑄛𑄧𑄢𑄬𑄢𑄴
ঘোড়সওয়াররা তাদের ঘোড়াগুলিকে সবুজ মাঠে দৌড় প্রতিযোগিতা করাচ্ছে,𑄊𑄮𑄢𑄴𑄥𑄧𑄃𑄨𑄠𑄢𑄪𑄚𑄨 𑄖𑄢 𑄊𑄮𑄢𑄃𑄪𑄚𑄮𑄢𑄬 𑄦𑄬𑄣𑄴 𑄟𑄘𑄧𑄖𑄴 𑄙𑄝 𑄘𑄬𑄘𑄨 𑄉𑄢𑄘𑄧𑄚𑄴
লোকটি ক্যামেরা দিয়ে ছবি তুলছে,𑄟𑄚𑄪𑄌𑄴𑄌𑄪 𑄎𑄳𑄠𑄟𑄬𑄢𑄣𑄮𑄃𑄨 𑄍𑄧𑄝𑄨 𑄖𑄪𑄣𑄬𑄢𑄴
দুইজন মানুষ ধূসর পাথরের উপর শুয়ে আছে,𑄘𑄨𑄙𑄬 𑄟𑄚𑄪𑄌𑄴 𑄙𑄫𑄥𑄧𑄢𑄴 𑄥𑄨𑄣𑄮 𑄃𑄪𑄉𑄪𑄢𑄬 𑄛𑄧𑄢𑄨 𑄃𑄉𑄧𑄚𑄴
একটি দলের মেয়ে বাঁশি বাজাচ্ছে,𑄃𑄬𑄇𑄴𑄇𑄪 𑄘𑄧𑄣𑄧 𑄟𑄨𑄣𑄬 𑄝𑄥𑄨 𑄝𑄎𑄢𑄴
ছদ্মবেশ নেওয়া একজন পুরুষ ও মহিলা,𑄞𑄬𑄌𑄴 𑄣𑄧𑄠𑄨 𑄃𑄬𑄇𑄴𑄇𑄪 𑄟𑄧𑄢𑄧𑄖𑄴 𑄃𑄢𑄴 𑄟𑄨𑄣𑄬
কালো ও বাদামী কুকুরটি ঘাসের মাঠে দৌড়াচ্ছে,𑄇𑄣 𑄃𑄢𑄴 𑄝𑄘𑄟𑄨 𑄢𑄧𑄋𑄧𑄢𑄴 𑄇𑄪𑄉𑄪𑄢𑄴𑄝𑄪 𑄇𑄬𑄢𑄧 𑄃𑄪𑄉𑄪𑄢𑄬 𑄘𑄙 𑄘𑄬𑄢𑄴
"একটি কুকুরসহ লোকটি একটি প্ল্যাকার্ড হাতে দাঁড়িয়ে আছে, ইটের উপর।",𑄃𑄬𑄇𑄴𑄇𑄪 𑄇𑄪𑄉𑄪𑄢𑄴𑄥𑄪𑄖𑄴𑄖𑄪 𑄟𑄚𑄪𑄌𑄴𑄌𑄪 𑄃𑄬𑄇𑄴𑄇𑄚𑄴.....
"দুই স্নোবোর্ডার ,সাদা ড্রেস পড়া জন একটি কৌশল করছে ।",𑄘𑄨𑄙𑄬 𑄥𑄮𑄚𑄮𑄝𑄮𑄢𑄴𑄓𑄢𑄴𑄃𑄖𑄴𑄖𑄪𑄚𑄴 𑄡𑄨𑄙𑄬 𑄙𑄪𑄛𑄴 𑄇𑄝𑄧𑄢𑄴 𑄛𑄨𑄚𑄴𑄚𑄬 𑄥𑄨𑄙𑄬 𑄇𑄝𑄨𑄣𑄴𑄉𑄨𑄢𑄨 𑄘𑄬𑄊𑄢𑄴
একজন স্কিয়ার মোটা জ্যাকেট পরে নীল আকাশ পিছনে রেখে হাওয়ায় লাফ দিলো,𑄃𑄬𑄇𑄴𑄇𑄪 𑄃𑄨𑄌𑄴𑄇𑄨𑄠𑄢𑄴 𑄛𑄧𑄇𑄴𑄗 𑄎𑄳𑄠𑄇𑄬𑄖𑄴 𑄛𑄨𑄚𑄴𑄚𑄬 𑄚𑄨𑄣𑄴 𑄃𑄊𑄌𑄴𑄌𑄚𑄴 𑄛𑄨𑄌𑄴𑄌𑄬 𑄜𑄬𑄣𑄬 𑄦𑄝𑄖𑄴 𑄜𑄣𑄴 𑄘𑄨
কালো এবং সাদা রঙের কুকুরটি সমুদ্রের মধ্যে দৌড়চ্ছে,𑄇𑄣 𑄃𑄢𑄴 𑄙𑄪𑄛𑄴 𑄢𑄧𑄋𑄧𑄢𑄴 𑄇𑄪𑄉𑄪𑄢𑄴𑄝𑄪 𑄥𑄧𑄟𑄪𑄘𑄳𑄢𑄧 𑄥𑄬𑄢𑄬 𑄘𑄪𑄟𑄪𑄢𑄢𑄴
স্তনবৃন্ত ছিদ্রযুক্ত দুটি ছেলে হাসছে,𑄘𑄪𑄖𑄮𑄟𑄙 𑄇𑄚𑄝𑄧𑄣 𑄘𑄨𑄙𑄬 𑄟𑄧𑄢𑄧𑄖𑄴 𑄦𑄎𑄧𑄘𑄧𑄚𑄴
বেশ কয়েকজন লোক রাস্তায় নেমে আসা একটি ট্রাকে ভিড় করে,𑄥𑄢𑄬 𑄛𑄢 𑄟𑄚𑄪𑄌𑄴 𑄛𑄧𑄙𑄧𑄖𑄴 𑄣𑄟𑄨 𑄃𑄬𑄎𑄬𑄖𑄴𑄖𑄬 𑄑𑄳𑄢𑄇𑄴𑄇𑄚𑄧𑄖𑄴 𑄙𑄨𑄢𑄴 𑄉𑄖𑄴𑄖𑄧𑄚𑄴
এক ছোট্ট বালক একটি মিনি বাস্কেটবল ছুড়তে শুরু করেছে।,𑄃𑄬𑄇𑄴𑄇𑄪 𑄟𑄧𑄢𑄧𑄖𑄴 𑄥𑄧 𑄃𑄬𑄇𑄴𑄇𑄪 𑄌𑄨𑄉𑄮𑄚𑄴 𑄝𑄌𑄴𑄇𑄬𑄖𑄴𑄝𑄧𑄣𑄴 𑄟𑄬𑄣 𑄘𑄬𑄚 𑄥𑄪𑄢𑄪 𑄉𑄧𑄌𑄴𑄍𑄨
বাইরে একটি লোক তক্তা ধরে ঝুলছে,𑄝𑄢𑄬𑄁 𑄃𑄬𑄇𑄴𑄇𑄪 𑄟𑄚𑄪𑄌𑄴 𑄖𑄧𑄇𑄴𑄖 𑄙𑄧𑄢𑄨 𑄙𑄪𑄣𑄬𑄢𑄴
একজন পুরুষ এবং মহিলা বসে বসে খাচ্ছেন।,𑄃𑄬𑄇𑄴𑄇𑄪 𑄟𑄧𑄢𑄧𑄖𑄴 𑄃𑄢𑄴 𑄃𑄬𑄇𑄴𑄇𑄪 𑄟𑄨𑄣𑄬 𑄝𑄧𑄏𑄨 𑄝𑄧𑄏𑄨 𑄈𑄘𑄧𑄚𑄴
কালো কোট পরে সাদা কুকুরটি বরফের উপর দাড়িয়ে আছে,𑄇𑄣 𑄇𑄮𑄖𑄴 𑄛𑄨𑄚𑄨𑄚𑄬 𑄙𑄪𑄛𑄴 𑄇𑄪𑄉𑄪𑄢𑄴𑄝𑄪 𑄝𑄧𑄢𑄧𑄛𑄧 𑄃𑄪𑄉𑄪𑄢𑄬 𑄘𑄢𑄬 𑄃𑄉𑄬
একটি প্রতিযোগিতায় কুকুরটি একটি ফ্রিসবি ধরলো,𑄃𑄬𑄇𑄴𑄇𑄚𑄴 𑄎𑄨𑄖𑄴𑄝𑄖𑄧𑄖𑄴 𑄇𑄪𑄉𑄪𑄢𑄴𑄝𑄪 𑄃𑄬𑄇𑄴𑄇𑄪 𑄜𑄳𑄢𑄨𑄌𑄴𑄝𑄨 𑄙𑄧𑄢𑄨𑄣𑄪
জার্মান শেফার্ড কুকুরটি একটি বল তাড়া করছে।,𑄎𑄢𑄴𑄟𑄚𑄴 𑄥𑄬𑄜𑄢𑄴𑄖𑄴 𑄇𑄪𑄉𑄪𑄢𑄴𑄝𑄪 𑄃𑄬𑄇𑄴𑄇𑄪 𑄝𑄧𑄣𑄴 𑄣𑄮𑄢𑄢𑄴
একজন মহিলা একটি ছোট বালিকাকে নিয়ে কাঠের তৈরি একটি ভাল্লুকের সামনে বসে আছে,𑄃𑄬𑄇𑄴𑄇𑄪 𑄟𑄨𑄣𑄬 𑄃𑄬𑄇𑄴𑄇𑄪 𑄌𑄨𑄉𑄮𑄚𑄴 𑄟𑄨𑄣𑄬 𑄥𑄧 𑄣𑄮𑄃𑄨 𑄉𑄌𑄴𑄍𑄮𑄃𑄨 𑄝𑄚𑄨𑄠𑄬 𑄃𑄬𑄇𑄴𑄇𑄪 𑄞𑄣𑄪𑄇𑄮 𑄥𑄟𑄴𑄚𑄬 𑄝𑄮𑄃𑄨 𑄃𑄉𑄬
তিন যুবক একটি বহিরঙ্গন পার্টিতে বিয়ার পান করেন।,𑄖𑄨𑄚𑄴𑄚𑄪 𑄉𑄙𑄪𑄌𑄴𑄌𑄬 𑄛𑄮.......
দুইটি কুকুরের একটি ঝাপসা ছবি,𑄘𑄨𑄙𑄬 𑄇𑄪𑄉𑄪𑄢𑄮𑄢𑄴 𑄃𑄬𑄇𑄴𑄇𑄪 𑄊𑄪𑄢𑄴 𑄍𑄧𑄝𑄨
গ্রে হাউড গুলো ট্র্যাকের উপর দৌড়াচ্ছে এবং আট নম্বর গ্রে হাউন্ড টি প্রথম হওয়ার জন্য দৌড়াচ্ছে,𑄉𑄳𑄢𑄬 𑄇𑄃𑄪𑄖𑄴𑄖𑄪𑄚𑄬 𑄑𑄳𑄢𑄇𑄮𑄢𑄴 𑄃𑄪𑄉𑄪𑄢𑄬 𑄘𑄪𑄟𑄪𑄢𑄘𑄧𑄚𑄴 𑄃𑄢𑄴 𑄃𑄃𑄨𑄖𑄴𑄖𑄮 𑄚𑄧𑄟𑄴𑄝𑄧𑄢𑄴 𑄉𑄳𑄢𑄬 𑄇𑄃𑄪𑄖𑄴𑄖𑄪 𑄜𑄌𑄴 𑄃𑄮𑄝𑄖𑄴𑄖𑄬 𑄘𑄪𑄟𑄪𑄢𑄢𑄴
কমলা নিরাপত্তা জামা পরা লোকগুলো পরিখা থেকে গাড়িটি টেনে বের করছে,𑄇𑄧𑄟𑄧𑄣 𑄚𑄨𑄢𑄛𑄧𑄖𑄴𑄖 𑄥𑄪𑄣𑄪𑄟𑄴 𑄛𑄨𑄚𑄴𑄚𑄬 𑄟𑄚𑄪𑄌𑄴𑄌𑄪𑄚𑄴 𑄇𑄪𑄣𑄪𑄋𑄮𑄖𑄴𑄖𑄪𑄚𑄴 𑄉𑄢𑄨 𑄑𑄚𑄨𑄚𑄬 𑄚𑄬𑄁𑄉𑄬𑄣𑄘𑄧𑄚𑄴
একজন লোক লেদারের পোশাক পরে বড় ড্রাম বাজাচ্ছে পাশে একজন ছোট বালক ছোট ড্রাম বাজাচ্ছে,𑄃𑄬𑄇𑄴𑄇𑄪 𑄟𑄚𑄪𑄌𑄴 𑄣𑄬𑄘𑄢𑄧 𑄥𑄪𑄣𑄪𑄟𑄴 𑄛𑄨𑄚𑄨𑄚𑄬 𑄖𑄋𑄧𑄢𑄴 𑄓𑄳𑄢𑄟𑄴 𑄝𑄎𑄢𑄴 𑄇𑄪𑄢𑄬 𑄃𑄬𑄇𑄴𑄇𑄪 𑄌𑄨𑄉𑄮𑄚𑄴 𑄟𑄧𑄢𑄧𑄖𑄴 𑄌𑄨𑄉𑄮𑄚𑄴 𑄓𑄳𑄢𑄟𑄴 𑄝𑄎𑄢𑄴
দুটি বাচ্চা দেওয়াল বাইছে,𑄘𑄨𑄙𑄬 𑄌𑄨𑄉𑄮𑄚𑄴 𑄉𑄪𑄢𑄮 𑄝𑄬𑄢𑄴 𑄝𑄬 𑄃𑄪𑄙𑄧𑄘𑄧𑄚𑄴
বাদামি টুপিযুক্ত প্লেড কিল্ট পরিহিত একটি ছেলে একটি দীর্ঘ দন্ড ধরে রাখে,𑄝𑄘𑄟𑄨 𑄑𑄪𑄇𑄴𑄇𑄨𑄝𑄧𑄣 𑄛𑄬𑄣𑄬𑄖𑄴 𑄇𑄨𑄣𑄴𑄖𑄴 𑄛𑄨𑄚𑄴𑄚𑄬 𑄃𑄬𑄇𑄴𑄇𑄪 𑄟𑄧𑄢𑄧𑄖𑄴 𑄃𑄬𑄇𑄴𑄇𑄪 𑄣𑄟𑄴𑄝 𑄣𑄪𑄙𑄨 𑄙𑄧𑄢𑄨 𑄃𑄉𑄬
(monotosh da sheets 10001-last,
,𑄗𑄬𑄋𑄚𑄳𑄦𑄨 𑄞𑄨𑄋𑄪𑄢𑄴 𑄦𑄧𑄣𑄬 𑄃𑄢𑄴𑄟𑄳𑄦𑄨𑄖𑄴 𑄎𑄬 𑄚𑄧 𑄛𑄢𑄬
ভিমরুল পোকা,𑄸. 𑄞𑄨𑄋𑄪𑄢𑄴 𑄛𑄪𑄇𑄴
ভিমরুলের বাসা,𑄞𑄨𑄋𑄪𑄢𑄴 𑄝𑄳𑄦
ভিমরুল পোকার থেকে দৌড়ানি খেলাম অনেক্ষণ,𑄞𑄨𑄋𑄪𑄢𑄴 𑄛𑄪𑄊𑄮𑄖𑄴𑄖𑄪𑄚𑄴 𑄣𑄧𑄢 𑄈𑄬𑄣𑄪𑄁𑄉𑄬 𑄃𑄬𑄇𑄴 𑄟𑄙𑄚𑄴𑅁
বানরটি কি মুখ ভেংচায় কিজানি,𑄝𑄚𑄴𑄘𑄮𑄌𑄴𑄌𑄬 𑄇𑄨 𑄟𑄪 𑄞𑄨𑄌𑄴𑄌𑄭 𑄇𑄨𑄎𑄬𑄚𑄨
ভেংচাক,𑄞𑄬𑄌𑄴𑄌𑄧𑄇𑄴!
সে কেন বৃষ্টিতে ভিজছে কিজানি,𑄖𑄬 𑄇𑄨 𑄏𑄧𑄢𑄧𑄖𑄴 𑄞𑄨𑄎𑄬𑄢𑄴 𑄇𑄨𑄎𑄬𑄚𑄨